tree
version=v4
num_class=1
num_tree_per_iteration=1
label_index=0
max_feature_idx=104
objective=regression
feature_names=North_Carolina_lag_1 Ohio_lag_1 Pennsylvania_lag_1 Michigan_lag_1 North_Carolina_lag_2 Ohio_lag_2 Pennsylvania_lag_2 Michigan_lag_2 North_Carolina_lag_3 Ohio_lag_3 Pennsylvania_lag_3 Michigan_lag_3 North_Carolina_lag_4 Ohio_lag_4 Pennsylvania_lag_4 Michigan_lag_4 North_Carolina_lag_5 Ohio_lag_5 Pennsylvania_lag_5 Michigan_lag_5 North_Carolina_lag_6 Ohio_lag_6 Pennsylvania_lag_6 Michigan_lag_6 North_Carolina_lag_7 Ohio_lag_7 Pennsylvania_lag_7 Michigan_lag_7 North_Carolina_lag_8 Ohio_lag_8 Pennsylvania_lag_8 Michigan_lag_8 North_Carolina_lag_9 Ohio_lag_9 Pennsylvania_lag_9 Michigan_lag_9 North_Carolina_lag_10 Ohio_lag_10 Pennsylvania_lag_10 Michigan_lag_10 North_Carolina_lag_11 Ohio_lag_11 Pennsylvania_lag_11 Michigan_lag_11 North_Carolina_lag_12 Ohio_lag_12 Pennsylvania_lag_12 Michigan_lag_12 North_Carolina_lag_52 Ohio_lag_52 Pennsylvania_lag_52 Michigan_lag_52 North_Carolina_roll_mean_2 North_Carolina_roll_std_2 North_Carolina_roll_min_2 North_Carolina_roll_max_2 North_Carolina_roll_mean_4 North_Carolina_roll_std_4 North_Carolina_roll_min_4 North_Carolina_roll_max_4 North_Carolina_roll_mean_8 North_Carolina_roll_std_8 North_Carolina_roll_min_8 North_Carolina_roll_max_8 North_Carolina_roll_mean_12 North_Carolina_roll_std_12 North_Carolina_roll_min_12 North_Carolina_roll_max_12 North_Carolina_ewm_alpha_0.1 North_Carolina_ewm_alpha_0.3 North_Carolina_ewm_alpha_0.5 North_Carolina_diff_1 North_Carolina_pct_change_1 North_Carolina_diff_2 North_Carolina_pct_change_2 North_Carolina_diff_4 North_Carolina_pct_change_4 North_Carolina_diff_8 North_Carolina_pct_change_8 North_Carolina_diff_52 North_Carolina_pct_change_52 North_Carolina_momentum_4 North_Carolina_momentum_8 North_Carolina_momentum_12 week_sin week_cos quarter_sin quarter_cos month_sin month_cos is_flu_season is_peak_flu North_Carolina_cumulative_mean North_Carolina_trend_8w North_Carolina_trend_12w Ohio_current Pennsylvania_current Michigan_current Maryland_current North_Dakota_current US_current Tennessee_current New_Mexico_current Virginia_current South_Dakota_current
feature_infos=[0:7.8087293067443992] [0:8.2177084068453059] [0:8.427706024914702] [0:7.4960973451759561] [0:7.8087293067443992] [0:8.2177084068453059] [0:8.427706024914702] [0:7.4960973451759561] [0:7.7323692222843876] [0:8.2177084068453059] [0:8.427706024914702] [0:7.4960973451759561] [0:7.7323692222843876] [0:8.2177084068453059] [0:8.427706024914702] [0:7.4960973451759561] [0:7.7323692222843876] [0:8.2177084068453059] [0:8.427706024914702] [0:7.4960973451759561] [0:7.7323692222843876] [0:8.2177084068453059] [0:8.427706024914702] [0:7.4960973451759561] [0:7.7323692222843876] [0:8.2177084068453059] [0:8.427706024914702] [0:7.4960973451759561] [0:7.7323692222843876] [0:8.2177084068453059] [0:8.427706024914702] [0:7.4960973451759561] [0:7.7323692222843876] [0:8.2177084068453059] [0:8.427706024914702] [0:7.4960973451759561] [0:7.7323692222843876] [0:8.2177084068453059] [0:8.427706024914702] [0:7.4960973451759561] [0:7.7323692222843876] [0:8.2177084068453059] [0:8.427706024914702] [0:7.4960973451759561] [0:7.7323692222843876] [0:8.2177084068453059] [0:8.427706024914702] [0:7.4960973451759561] [0:7.461640392208575] [0:7.1884127364969537] [0:7.8823149189802679] [0:7.3752557780097545] [0.69314718055994529:7.7909027922630383] [0:6.7934151719710574] [0.69314718055994529:7.7727527164687418] [0.69314718055994529:7.8087293067443992] [0.69314718055994529:7.5551202668869548] [0:6.8783894595682558] [0.69314718055994529:7.3670770598810122] [0.69314718055994529:7.8087293067443992] [0.69314718055994529:7.2882444010201244] [0:6.9005099969846642] [0.69314718055994529:6.7262334023587469] [0.69314718055994529:7.8087293067443992] [0.69314718055994529:7.1124632681406617] [0:6.8097070985140133] [0.69314718055994529:6.4167322825123261] [0.69314718055994529:7.8087293067443992] [0.69314718055994529:6.8272999939430754] [0.69314718055994529:7.3997469846327952] [0.69314718055994529:7.6008588645786084] [0:7.13966033596492] [0:5.0434251169192468] [0:7.5688956634069955] [0:5.1298987149230735] [0:7.7419678998206853] [0:5.2311086168545868] [0:7.7977020355166902] [0:6.0473721790462776] [0:7.643003635560718] [0:5.9480349891806457] [0:5.2311086068545869] [0:6.0473721690462776] [0:7.1708884685125058] [0:0.69313995585920651] [0:0.6931425567534768] [0:0.69312377246641454] [0:0.6931425567534768] [0:0.69314457966968368] [0:0.69310556604517093] [0:0.69314718055994529] [0:0.69314718055994529] [0.69314718055994529:5.4902675601234447] none none [0.69314718055994529:8.2177084068453059] [0.69314718055994529:8.427706024914702] [0.69314718055994529:7.4960973451759561] [0.69314718055994529:6.9911768871212097] [0:5.0751738152338266] [0.69314718055994529:11.031658643445782] [0.69314718055994529:6.9735430195201404] [0:6.3456363608285962] [0.69314718055994529:7.4764723811639051] [0:5.3375380797013179]
tree_sizes=1555 1698 1613 1707 1626 1621 1544 1554 1550 1546 1229 1388 1311 1556 1150 1302 1632 1388 1558 1480 1641 1314 1391 1234 1395 892 1142 896 1404 1395 985 1401 1478 1067 1147 898 1071 1074 1150 1076 731 1325 988 736 1403 987 1070 821 1157 656 1240 982 987 656 827 904 1080 1078 737 1161 662 915 659 988 831 661 1247 991 909 657 1334 1163 659 827 1335 908 908 908 1263 1252 743 1336 1160 1001 912 994 1169 910 830 664 824 1422 742 1256 1170 1170 662 742 666 829 1169 660 909 840 744 1173 914 664 746 1424 1265 911 1509 747 919 667 824 1342 1088 922 831 663 1007 918 749 833 1005 836 1183 752 999 664 1084 832 1002 667 1005 1340 922 915 1002 746 667 668 919 913 1522 834 1002 1011 833 1355 840 1431 1265 753 751 1174 755 1009 1005 1007 1009 1265 1349 1265 756 1091 922 916 1272 1003 1099 1011 1256 843 1095 933 837 1178 924 925 920 1093 1260 1188 755 843 1272 1442 1104 843 836 838 1271 925 758 1010 666 841 837 669 1098 672 845 838 936 754 756 935 1196 678 929 838 845 930 1106 839 922 1187 1186 1183 758 759 1193 670 835 1028 1105 1104 671 1005 849 754 1369 843 1014 1535 1100 1013 840 1281 930 929 924 1461 1015 1361 1018 1191 846 1100 1280 925 1015 1278 938 935 1101 927 1283 1013 1186 1545 764 1367 1105 853 757 931 757 755 758 1017 843 1111 841 1192 1022 840 1194 1367 759 933 848 759 755 1027 932 849 760 1285 1109 676 1283 928 1104 850 1283 934 1021 926 1198 671 767 846 1287 1199 760 676 1196 755 759 676 1014 843 935 760 934 1018 1026 842 1111 763 1018 1377 935 676 1199 933 1026 935 677 936 934 759 1380 1189 1289 1282 677 762 933 1286 762 1284 932 767 1029 677 1114 1195 1117 764 1286 760 933 1021 933 768 1031 1203 855 762 1023 1022 1118 1022 855 1030 1370 1200 1112 679 1027 1298 771 929 1029 939 1299 1024 770 1117 941 1032 854 678 942 1028 936 1300 1200 1023 678 1030 855 1300 1118 852 1115 766 1384 942 945 764 850 1205 1470 861 770 678 942 942 770 766 849 1115 1383 859 853 1121 1208 766 854 677 1295 856 1116 859 1298 1205 1034 1204 1214 1030 938 1121 1304 1030 1126 1210 1031 1302 1210 1119 1122 1033 678 762 946 766 1031 1120 770 1035 685 943 1301 852 682 944 942 1035 767 862 952 1304 1214 1122 944 1029 944 942 769 1215 1127 1124 944 1036 950 774 1305 1300 683 768 766 947 684 679 854 946 767 947 1031 1033 1045 1119 769 768 1041 1397 855 1037 682 1126 1218 1127 1214 944 947 1041 768 859 1124 683 857 774 1124 1211 1036 951 685 1135 767 1034 856 1129 1304 1489 960 1214 871 688 779 954 1042 689 1041 943 1036 944 685 772 1311 771 859 1040 1129 950 771 860 1673 1124 685 1124 1039 946 941 1045 1219 952 859 948 858 687 775 948 776 771 688 685 1128 772 777 1313 953 954 1403 1215 862 1223 687 863 1042 865 1130 862 1130 1043 1317 1042 1315 779 863 685 1233 775 1144 1126 1318 955 1140 864 684 776 1046 860 864 774 865 1216 1046 957 1309 866 777 867 1134 950 1048 1040 1230 1138 955 865 772 687 1143 865 773 685 685 690 955 866 1046 1043 687 953 780 1223 866 687 864 1041 775 1143 686 1040 1138 1313 860 949 1140 949 1045 949 1042 1495 953 1233 1224 1232 863 951 859 1041 1316 948 776 1319 1225 870 682 860 1222 688 867 951 1133 863 773 865 1040 950 1046 1317 951 1046 1132 862 1131 686 1231 771 1043 865 1047 776 863 773 1047 684 1045 686 863 1132 867 862 778 952 1039 863 861 682 775 950 776 1323 961 867 688 780 685 686 685 956 772 948 1313 1595 1227 866 1047 1045 684 862 1221 1230 1132 1225 1133 1231 1131 952 955 1315 779 1412 776 775 773 863 862 860 955 1320 862 1134 1048 1041 774 1318 1042 1231 866 778 960 772 1228 772 779 862 772 864 953 1141 685 861 952 1047 861 863 951 686 1138 866 954 686 1500 862 778 1227 1130 1037 773 860 864 1233 775 1036 1411 1324 862 949 1045 780 1318 866 857 861 865 772 954 1043 1046 948 1048 684 1409 1042 952 1042 864 865 1132 686 1134 860 864 959 1131 1047 1139 862 772 690 1136 1051 860 1043 950 774 1049 774 866 1043 952 866 774 956 1046 686 777 687 865 1316 955 863 1043 1216 1048 1134 954 775 862 1229 862 1144 1045 680 1048 864 1145 1326 777 1134 957 685 680 774 1137 858 952 683 772 863 860 1228 1044 1054 781 687 774 686 779 683 864 871 1230 955 860 688 1141 867 1134 684 1042 952 954 960 1142 864 865 863 1779 771 954 691 952 952 861 864 1133 1133 865 1045 776 1401 952 860 864 1225 1045 688 777 684 778 772 866 1130 685 686 1135 866 1228 865 955 1046 957 773 863 1141 772 861 1128 1228 773 953 776 773 1143 685 861 949 1045 774 951 778 775 1047 1044 868 690 686 1040 863 686 683 1314 690 1220 1046 1045 682 866 1229 867 1411 1043 1047 1135 1136 1043 865 775 1230 1137 1221

Tree=0
num_leaves=18
num_cat=0
split_feature=90 55 77 45 33 54 24 100 87 101 6 73 65 64 48 19 78
split_gain=934.687 158.632 143.112 58.5874 42.558 36.4589 29.8685 26.5163 24.4433 23.1513 17.651 9.96285 8.79077 10.113 4.04742 3.52408 2.01231
threshold=1.0000000180025095e-35 3.4960482137079443 3.4006415172358104 5.4160905255636633 3.1132683346437333 1.5890269151739729 6.0614542021347031 8.3917224624947249 0.17855064670070073 3.3497501700808394 4.465842055365858 4.8827732257114533 4.7323826911234539 6.3277810409384818 5.3032925319746216 4.135134555718313 2.5955141049919024
decision_type=2 2 2 2 2 2 2 2 2 2 2 2 2 2 2 2 2
left_child=1 4 9 10 8 15 -5 -4 -1 -2 -3 14 -11 -14 -9 -6 -13
right_child=2 3 7 6 5 -7 -8 11 -10 12 -12 16 13 -15 -16 -17 -18
leaf_value=3.9058806287274939 4.0735173260490924 4.0496234002859577 4.2032233739608209 3.9002704343736774 3.7701243469977066 3.9394446475767775 4.0549736131319092 4.2586890499754437 4.0264606900271565 4.2239057754786327 4.1571277549294603 4.3218689470530158 4.0994370186699207 4.194272660084672 4.3026954713924415 3.8237713558935806 4.3612127361009358
leaf_weight=40 35 24 30 26 25 28 24 33 29 23 42 26 22 23 57 24 26
leaf_count=40 35 24 30 26 25 28 24 33 29 23 42 26 22 23 57 24 26
internal_value=4.10405 3.96888 4.23282 4.05618 3.89953 3.84842 3.97453 4.28865 3.95656 4.1396 4.11804 4.30669 4.17361 4.14791 4.28656 3.7964 4.34154
internal_weight=0 262 275 116 146 77 50 172 69 103 66 142 68 45 90 49 52
internal_count=537 262 275 116 146 77 50 172 69 103 66 142 68 45 90 49 52
is_linear=0
shrinkage=1


Tree=1
num_leaves=19
num_cat=0
split_feature=90 55 77 45 30 100 2 102 68 101 48 97 48 73 46 11 20 66
split_gain=757.096 128.492 115.921 47.4558 36.8078 33.2624 26.83 22.07 19.3731 18.7525 17.9915 15.7239 10.0524 8.57529 8.07141 7.19715 3.77636 2.47929
threshold=1.0000000180025095e-35 3.4960482137079443 3.4006415172358104 5.4160905255636633 5.0688844241303981 6.3420656231066301 5.6524337755370313 2.6735537653587347 4.2299094871536145 3.3497501700808394 1.9356005054539456 4.3372693810700085 3.2180751841847144 3.5259278114779473 3.0433873634561537 5.9788825602762081 4.0856584373598661 4.1742689126930488
decision_type=2 2 2 2 2 2 2 2 2 2 2 2 2 2 2 2 2 2
left_child=1 4 9 11 5 12 -5 14 -7 -2 -6 -3 -1 17 -4 -11 -15 -9
right_child=2 3 7 6 10 8 -8 13 -10 15 -12 -13 -14 16 -16 -17 -18 -19
leaf_value=-0.25537886267358606 -0.027476996023740086 -0.039274293857236069 0.14847104461104782 -0.1928114999085665 -0.18743985939025878 -0.021183542648087379 -0.046188282794677293 0.13320896107217539 -0.14961726889014246 0.089828735599294315 -0.30320057581210963 0.058525335916451052 -0.16082796584004944 0.24588242010636763 0.068768490757793191 0.023725037848842997 0.19616523528099061 0.17828138929146986
leaf_weight=22 35 31 27 24 25 23 26 23 24 40 29 35 23 22 24 28 50 26
leaf_count=22 35 31 27 24 25 23 26 23 24 40 29 35 23 22 24 28 50 26
internal_value=0 -0.121648 0.115897 -0.0430818 -0.18407 -0.145602 -0.116567 0.166139 -0.0867667 0.0319976 -0.249608 0.0125891 -0.207053 0.189395 0.110964 0.0626096 0.211357 0.157125
internal_weight=0 262 275 116 146 92 50 172 47 103 54 66 45 121 51 68 72 49
internal_count=537 262 275 116 146 92 50 172 47 103 54 66 45 121 51 68 72 49
is_linear=0
shrinkage=0.1


Tree=2
num_leaves=18
num_cat=0
split_feature=85 55 77 45 33 20 3 48 23 100 104 103 87 34 46 51 92
split_gain=614.14 111.5 69.2164 46.0559 39.4064 26.3095 24.775 23.415 21.5243 18.1937 17.7576 14.8092 7.17415 6.95938 5.76207 4.65492 3.21697
threshold=0.12384260260940112 2.9430520157250784 3.4006415172358104 5.4160905255636633 3.1132683346437333 6.0426074438783575 4.4187680230537838 2.3937458713910238 2.191013317336941 8.3776724232667217 1.4978661367769956 3.8393944990995772 0.022289016848914333 4.5053345884235583 5.2203412156610947 1.0397207708399181 5.2820689426643703
decision_type=2 2 2 2 2 2 2 2 2 2 2 2 2 2 2 2 2
left_child=1 4 11 6 10 7 8 -5 -3 -4 -1 -2 -13 16 -15 -6 -11
right_child=2 3 9 5 15 -7 -8 -9 -10 13 -12 12 -14 14 -16 -17 -18
leaf_value=-0.16151732966303825 -0.025389705866575241 0.012277738427122434 0.074934309996940479 -0.082878140716449084 -0.20278761425743932 -0.023234011038489964 0.056646226169541486 -0.22556965169699295 -0.1107943016483828 0.1635146791736285 -0.051244507037589086 0.093334198788412523 0.021223607591607355 0.20262313923745789 0.15034034405435837 -0.2617667604237795 0.11439518978198369
leaf_weight=40 25 30 27 23 23 23 40 23 27 24 23 37 22 53 35 32 30
leaf_count=40 25 30 27 23 23 23 40 23 27 24 23 37 22 53 35 32 30
internal_value=0 -0.100936 0.113304 -0.0481081 -0.175254 -0.110561 -0.00368314 -0.154224 -0.0460195 0.15018 -0.121259 0.0391136 0.0664455 0.164487 0.181829 -0.237103 0.136226
internal_weight=0 284 253 166 118 69 97 46 57 169 63 84 59 142 88 55 54
internal_count=537 284 253 166 118 69 97 46 57 169 63 84 59 142 88 55 54
is_linear=0
shrinkage=0.1


Tree=3
num_leaves=19
num_cat=0
split_feature=90 54 77 21 45 57 2 102 41 48 10 61 87 73 46 100 57 20
split_gain=500.154 86.6882 75.216 30.8099 28.3604 25.2031 19.657 15.3574 15.3477 11.5351 10.6126 9.95023 7.21905 6.57574 6.18977 4.74602 3.84792 3.13329
threshold=1.0000000180025095e-35 3.0433873634561537 3.4006415172358104 3.4960482137079443 5.4160905255636633 2.1372900663279659 5.6524337755370313 2.6735537653587347 5.9053284366375065 1.0397207708399181 4.4885732424042368 0.89643595048923086 0.022289016848914333 3.6885668564169776 3.0433873634561537 8.6312358437723962 4.1665451249951682 4.0856584373598661
decision_type=2 2 2 2 2 2 2 2 2 2 2 2 2 2 2 2 2 2
left_child=1 3 8 5 10 11 -6 14 12 -5 -3 -1 15 16 -4 -2 -9 -15
right_child=2 4 7 9 6 -7 -8 13 -10 -11 -12 -13 -14 17 -16 -17 -18 -19
leaf_value=-0.096177140916032466 0.041267997623336591 -0.037040711160410536 0.12149009715627741 -0.16046685561537744 -0.15029765668635567 -0.029860417602153928 -0.02359626203775406 0.15829518708315762 -0.047451538389379329 -0.25473387307590911 0.051117522843802971 -0.17090538703665442 0.014179140067583806 0.20521893961863086 0.051693377705911793 0.10695333199744875 0.10283417352314653 0.15964493056138357
leaf_weight=28 22 22 27 25 24 26 25 22 22 27 36 49 37 22 24 22 29 48
leaf_count=28 22 22 27 25 24 26 25 22 22 27 36 49 37 22 24 22 29 48
internal_value=0 -0.0988736 0.0941996 -0.146666 -0.0296422 -0.114987 -0.0856541 0.134671 0.0266171 -0.209413 0.0176782 -0.143731 0.0467345 0.15407 0.0886446 0.0741107 0.126759 0.173968
internal_weight=0 262 275 155 107 103 49 172 103 52 58 77 81 121 51 44 51 70
internal_count=537 262 275 155 107 103 49 172 103 52 58 77 81 121 51 44 51 70
is_linear=0
shrinkage=0.1


Tree=4
num_leaves=18
num_cat=0
split_feature=90 97 77 80 33 45 34 100 41 4 87 34 78 75 100 5 104
split_gain=405.125 71.975 60.9249 45.7781 39.5167 35.7486 15.4198 12.7398 12.4317 8.2213 5.86024 5.30491 4.71104 4.38097 3.61445 3.22367 1.89471
threshold=1.0000000180025095e-35 4.6727851606181448 3.4006415172358104 1.5900421439491639 6.1246618437622455 3.5549397315361362 4.234001473612734 8.3917224624947249 5.9053284366375065 1.5890269151739729 0.036928771232934005 4.2625806805327082 2.0747097716638705 1.0000000180025095e-35 8.6312358437723962 4.7621374077860157 2.524928003624769
decision_type=2 2 2 2 2 2 2 2 2 2 2 2 2 2 2 2 2
left_child=1 3 8 5 16 6 -1 -4 10 -7 14 15 -13 -5 -2 -9 -3
right_child=2 4 7 13 -6 9 -8 11 -10 -11 -12 12 -14 -15 -16 -17 -18
leaf_value=-0.14384203001856805 0.03714119805531068 0.030408926437107416 0.061992749373118085 -0.069021004232867014 -0.1131633666936647 -0.22665908852728403 -0.04245235790808996 0.13113605106870335 -0.042706385000862858 -0.16164240160503904 0.011988529221465191 0.13501359175991368 0.18772039819847455 -0.011897767022252084 0.093837143205430198 0.078140759197148413 0.070283274742012666
leaf_weight=30 22 26 30 29 22 41 30 24 22 37 36 74 22 25 23 22 22
leaf_count=30 22 26 30 29 22 41 30 24 22 37 36 74 22 25 23 22 22
internal_value=0 -0.0889863 0.0847797 -0.120634 -0.00218186 -0.151178 -0.0931472 0.121203 0.0239554 -0.195818 0.0420611 0.133713 0.147092 -0.0425751 0.0661191 0.10579 0.0486847
internal_weight=0 262 275 192 70 138 60 172 103 78 81 142 96 54 45 46 48
internal_count=537 262 275 192 70 138 60 172 103 78 81 142 96 54 45 46 48
is_linear=0
shrinkage=0.1


Tree=5
num_leaves=18
num_cat=0
split_feature=90 54 77 21 45 57 101 98 3 17 48 73 65 68 39 92 20
split_gain=328.151 59.3332 49.3492 21.883 20.4666 17.8452 11.025 10.9594 9.12893 8.31987 8.0315 6.3476 6.1601 7.76006 3.83971 3.75291 1.44167
threshold=1.0000000180025095e-35 3.0433873634561537 3.4006415172358104 3.4960482137079443 5.8141260764699529 2.1372900663279659 3.3497501700808394 3.2769667020129059 4.1107394736335969 1.8688348091416844 1.0397207708399181 4.8827732257114533 4.7323826911234539 5.9617781147996167 3.0201273556387074 5.3365462583451659 4.465842055365858
decision_type=2 2 2 2 2 2 2 2 2 2 2 2 2 2 2 2 2
left_child=1 3 6 5 8 9 -2 -4 -3 -1 -5 14 -8 -14 -9 -10 -13
right_child=2 4 7 10 -6 -7 12 11 15 -11 -12 16 13 -15 -16 -17 -18
leaf_value=-0.14956296919248044 -0.024042907037905285 -0.037971859710523859 0.064673607388422608 -0.13166596262156965 -0.096274112697158548 -0.02129802125004622 0.087131866229617078 0.074199928543888613 0.058937545520408696 -0.083815444770612216 -0.21032491525014244 0.1702361216599291 -0.017099698098457378 0.065974017194556922 0.12111781250755743 0.0024096021874119408 0.13628864719949921
leaf_weight=39 35 32 42 25 28 26 23 26 24 38 27 22 23 22 53 23 29
leaf_count=39 35 32 42 25 28 26 23 26 24 38 27 22 23 22 53 23 29
internal_value=0 -0.0800877 0.0763017 -0.119627 -0.0228117 -0.092929 0.0215599 0.109083 0.0032256 -0.117116 -0.172508 0.123431 0.0450319 0.0235141 0.105676 0.0312749 0.150933
internal_weight=0 262 275 155 107 103 103 172 79 77 52 130 68 45 79 47 51
internal_count=537 262 275 155 107 103 103 172 79 77 52 130 68 45 79 47 51
is_linear=0
shrinkage=0.1


Tree=6
num_leaves=17
num_cat=0
split_feature=85 97 100 55 33 19 75 48 45 50 102 15 34 42 98 104
split_gain=266.909 50.6953 41.549 37.0299 27.3735 25.9304 20.8067 16.0389 12.2208 9.54343 6.27704 6.94895 2.44606 2.14756 2.02341 1.76901
threshold=0.12384260260940112 4.6727851606181448 7.1008243828001545 1.9356005054539456 5.6903366269220443 1.9356005054539456 2.0715673631957667 4.2625806805327082 3.5549397315361362 5.497134631044525 3.5549397315361362 2.9430520157250784 4.5053345884235583 5.6801667848034825 5.0937313815282925 2.524928003624769
decision_type=2 2 2 2 2 2 2 2 2 2 2 2 2 2 2 2
left_child=1 3 -2 8 15 -5 9 -7 -1 -4 11 -8 -12 -10 -11 -3
right_child=2 4 6 5 -6 7 10 -9 13 14 12 -13 -14 -15 -16 -17
leaf_value=-0.093311203203418042 -0.04768672269152012 0.029172810940788343 0.0092420122896631554 0.00065252050150965538 -0.069735873643966287 -0.06987453441311052 0.13429777401245455 -0.16793003082275393 -0.20561969487563425 0.057011992500528047 0.10239219341589056 0.065720631803075469 0.14112590668456895 -0.16191743252460253 0.098958223053942557 0.067245414456271607
leaf_weight=22 25 26 36 43 34 69 22 22 23 23 23 45 56 22 23 23
leaf_count=22 25 26 36 43 34 69 22 22 23 23 23 45 56 22 23 23
internal_value=0 -0.0665419 0.0746953 -0.0936917 -0.00079376 -0.0633414 0.0881144 -0.0935803 -0.154392 0.0478052 0.110754 0.0882385 0.129849 -0.184254 0.0779851 0.0470436
internal_weight=0 284 253 201 83 134 228 91 67 82 146 67 79 45 46 49
internal_count=537 284 253 201 83 134 228 91 67 82 146 67 79 45 46 49
is_linear=0
shrinkage=0.1


Tree=7
num_leaves=17
num_cat=0
split_feature=90 97 77 80 33 45 23 41 101 12 26 34 104 59 46 54
split_gain=216.363 41.2827 32.4527 28.9672 24.0347 21.0236 11.3729 8.96949 8.58556 5.37109 5.01663 4.14654 6.06349 3.34845 3.22365 2.25377
threshold=1.0000000180025095e-35 4.6727851606181448 3.4006415172358104 1.5900421439491639 6.1246618437622455 3.5549397315361362 1.9356005054539456 5.9053284366375065 3.7609296261008152 1.5890269151739729 4.6101453514146771 4.1430087342023825 3.2573563454362655 3.6235402922928786 5.2203412156610947 4.317399216745252
decision_type=2 2 2 2 2 2 2 2 2 2 2 2 2 2 2 2
left_child=1 3 7 5 15 6 -1 10 -4 -7 -2 12 -10 -5 -13 -3
right_child=2 4 8 13 -6 9 -8 -9 11 -11 -12 14 -14 -15 -16 -17
leaf_value=-0.025256564070781074 0.059417078608499943 0.06393622315742753 0.030201877789063886 -0.049178056592742603 -0.085842582687142899 -0.17984016239643097 -0.11233078228930633 -0.039058739590373912 0.10923187922347675 -0.12621745035210824 0.0095490312680255544 0.12063734946043597 0.035798687406856086 0.00093517818022519354 0.08372319137884511 0.020447438494123234
leaf_weight=30 38 22 22 30 22 31 30 22 22 47 43 69 23 24 36 26
leaf_count=30 38 22 22 30 22 31 30 22 22 47 43 69 23 24 36 26
internal_value=0 -0.0650309 0.0619567 -0.0889989 0.000709907 -0.113296 -0.0687937 0.0175647 0.0885403 -0.147529 0.0329439 0.0970966 0.0716994 -0.0269055 0.107981 0.0403798
internal_weight=0 262 275 192 70 138 60 103 172 78 81 150 45 54 105 48
internal_count=537 262 275 192 70 138 60 103 172 78 81 150 45 54 105 48
is_linear=0
shrinkage=0.1


Tree=8
num_leaves=17
num_cat=0
split_feature=85 55 100 44 10 75 39 55 47 52 50 102 15 89 65 83
split_gain=176.268 35.0341 30.9476 19.382 15.8364 14.3097 14.215 10.1774 10.9782 8.70485 7.32174 4.48032 5.6812 3.67701 1.88925 1.49456
threshold=0.12384260260940112 2.9430520157250784 7.1008243828001545 6.0614542021347031 5.8636150338086175 2.0715673631957667 2.9430520157250784 4.7790881836238563 4.7621374077860157 1.7005986908310777 5.497134631044525 3.5549397315361362 2.9430520157250784 1.0000000180025095e-35 5.1392665615766093 0.47957652970258963
decision_type=2 2 2 2 2 2 2 2 2 2 2 2 2 2 2 2
left_child=1 6 -2 7 -5 10 -1 8 -3 13 -4 12 -7 -8 -13 -12
right_child=2 3 5 4 -6 11 9 -9 -10 -11 15 14 -14 -15 -16 -17
leaf_value=-0.049895201484824341 -0.044919714678078898 0.012999936487329633 0.0050765949715342795 -0.13199930374696853 -0.023392722267529059 0.11368199793452567 -0.11887221696476143 0.038931959172676708 -0.065839808067363323 -0.075244933194839048 0.047263620858607087 0.122851361372532 0.05167514559295442 -0.17367084217071535 0.091920212544500834 0.083313846199408834
leaf_weight=43 25 38 36 25 29 22 24 41 33 26 23 39 45 25 40 23
leaf_count=43 25 38 36 25 29 22 24 41 33 26 23 39 45 25 40 23
internal_value=0 -0.0540755 0.0607014 -0.0244631 -0.0736735 0.0722826 -0.0957336 -0.000736659 -0.0236439 -0.122014 0.0388541 0.0910575 0.0720356 -0.146831 0.10719 0.0652887
internal_weight=0 284 253 166 54 228 118 112 71 75 82 146 67 49 79 46
internal_count=537 284 253 166 54 228 118 112 71 75 82 146 67 49 79 46
is_linear=0
shrinkage=0.1


Tree=9
num_leaves=17
num_cat=0
split_feature=85 97 100 52 29 84 75 6 45 50 85 12 48 0 36 98
split_gain=142.777 28.3815 25.0675 20.4892 18.1914 17.768 11.5908 10.0855 6.85654 5.93061 4.02466 4.12935 3.59061 3.12971 3.02751 1.38816
threshold=0.12384260260940112 4.6727851606181448 7.1008243828001545 1.8688348091416842 6.1246618437622455 0.11818009815304052 2.0715673631957667 3.6105525490912482 3.5549397315361362 5.497134631044525 0.44590462798539082 3.8064155152036787 4.2625806805327082 4.6001450180613412 4.7273486598447958 5.0937313815282925
decision_type=2 2 2 2 2 2 2 2 2 2 2 2 2 2 2 2
left_child=1 3 -2 8 13 7 9 -5 -1 -4 -8 -12 -7 -3 -10 -11
right_child=2 4 6 5 -6 12 10 -9 14 15 11 -13 -14 -15 -16 -17
leaf_value=-0.068076437587539354 -0.040427741929888732 0.05703350243946681 0.0045689350511464808 -0.065067754994178648 -0.070781217485666278 -0.068232487654313445 0.047867794547762188 0.0080447409853891105 -0.15664077286536879 0.041388197502364284 0.1270613508919875 0.080587091637735683 -0.12416267882693897 0.01032410427578725 -0.10623676364140755 0.07613152333575747
leaf_weight=24 25 26 36 29 25 24 28 54 26 23 24 94 22 32 22 23
leaf_count=24 25 26 36 29 25 24 28 54 26 23 24 94 22 32 22 23
internal_value=0 -0.048668 0.0546312 -0.0689821 0.00052665 -0.0451295 0.0650544 -0.0175006 -0.111718 0.0349687 0.0819518 0.0900395 -0.0949817 0.0312628 -0.133539 0.0587599
internal_weight=0 284 253 201 83 129 228 83 72 82 146 118 46 58 48 46
internal_count=537 284 253 201 83 129 228 83 72 82 146 118 46 58 48 46
is_linear=0
shrinkage=0.1


Tree=10
num_leaves=13
num_cat=0
split_feature=90 101 101 73 41 35 75 58 65 54 53 16
split_gain=115.671 25.3875 20.2778 19.4389 15.5224 11.207 8.42036 7.84073 4.29693 8.14576 3.7143 4.16069
threshold=1.0000000180025095e-35 4.5325416796595226 3.4334666422309414 2.0715673631957667 1.5890269151739731 1.0397207708399181 3.3842466058243152 2.9174053685313028 4.7323826911234539 5.799074288650317 2.7621254806540354 3.8064155152036787
decision_type=2 2 2 2 2 2 2 2 2 2 2 2
left_child=1 3 4 5 -2 -1 8 -7 -4 -10 -8 -12
right_child=2 -3 6 -5 -6 7 10 -9 9 -11 11 -13
leaf_value=-0.0084792855506141979 0.040862430259585386 0.039016020596027379 0.069227248217378343 0.0028236512721161403 -0.067547243624925618 -0.096677592029612125 0.041058944851160052 -0.050287388209943419 -0.014028919383417816 0.055312699038121443 0.11858288055429092 0.072160639620075628
leaf_weight=24 28 30 28 42 25 112 25 54 32 36 26 75
leaf_count=24 28 30 28 42 25 112 25 54 32 36 26 75
internal_value=0 -0.047549 0.0453012 -0.0587428 -0.0102742 -0.0723522 0.0585692 -0.0815868 0.0362572 0.0226813 0.0755689 0.0841109
internal_weight=0 262 275 232 53 190 222 166 96 68 126 101
internal_count=537 262 275 232 53 190 222 166 96 68 126 101
is_linear=0
shrinkage=0.1


Tree=11
num_leaves=15
num_cat=0
split_feature=85 101 100 68 59 38 75 87 61 46 48 102 19 38
split_gain=94.207 19.7892 17.4145 17.3016 28.1254 7.98625 7.86868 6.77048 6.09337 4.64793 3.10698 3.06798 3.95297 1.91991
threshold=0.12384260260940112 4.5325416796595226 7.1008243828001545 5.3477240196696707 3.4334666422309414 6.5220754968327581 2.0715673631957667 0.49722776334922386 0.89643595048923086 4.2625806805327082 5.1873702005911486 3.5549397315361362 3.1132683346437333 4.4885732424042368
decision_type=2 2 2 2 2 2 2 2 2 2 2 2 2 2
left_child=1 3 -2 4 8 -5 9 -6 -1 -4 -11 12 -8 -13
right_child=2 -3 6 5 7 -7 11 -9 -10 10 -12 13 -14 -15
leaf_value=-0.031660001305863265 -0.034854107046499848 0.02975082163595491 -0.0057044976304664666 -0.13757671246837294 -0.011418581329253984 -0.057063695206306879 0.083758402926226466 0.0499927922581824 -0.083111648594892437 0.017944109191497169 0.065869302807315705 0.056736784381791951 0.03309908293534157 0.090634218725291163
leaf_weight=32 25 36 27 28 58 22 24 26 82 24 31 24 43 55
leaf_count=32 25 36 27 28 58 22 24 26 82 24 31 24 43 55
internal_value=0 -0.0395326 0.0443765 -0.0495899 -0.0363169 -0.102151 0.0530641 0.0075897 -0.0686691 0.0282754 0.0449565 0.0669865 0.0512457 0.0803363
internal_weight=0 284 253 248 198 50 228 84 114 82 55 146 67 79
internal_count=537 284 253 248 198 50 228 84 114 82 55 146 67 79
is_linear=0
shrinkage=0.1


Tree=12
num_leaves=14
num_cat=0
split_feature=85 56 73 92 100 23 75 46 6 48 102 15 34
split_gain=76.3076 17.6978 16.9647 14.5214 14.1058 11.4839 6.37363 3.76483 3.71043 2.51665 2.50631 3.36333 1.50704
threshold=0.12384260260940112 5.6001883823941609 1.8688348091416842 5.4138198479028974 7.1008243828001545 1.9356005054539456 2.0715673631957667 4.2625806805327082 3.8499212036984933 5.1873702005911486 3.4811217321331038 2.9430520157250784 4.5053345884235583
decision_type=2 2 2 2 2 2 2 2 2 2 2 2 2
left_child=1 2 3 5 -2 -1 7 -6 -4 -9 11 -8 -12
right_child=4 -3 8 -5 6 -7 10 9 -10 -11 12 -13 -14
leaf_value=-0.00049142629246820113 -0.031368696063756939 0.050567597811194992 -0.028965958547980893 -0.11353740641796911 -0.0051340485013228049 -0.060282921682291928 0.077463571591810748 0.016149697825312614 0.021676163136576998 0.059282372267015521 0.050364223545741132 0.029391137225388247 0.080614305326137059
leaf_weight=44 25 22 23 37 27 119 22 24 39 31 23 43 58
leaf_count=44 25 22 23 37 27 119 22 24 39 31 23 43 58
internal_value=0 -0.0355793 -0.0428131 -0.0569809 0.0399389 -0.0441429 0.0477577 0.0254479 0.00288957 0.0404608 0.0602878 0.0456618 0.0720248
internal_weight=0 284 262 200 253 163 228 82 62 55 146 65 81
internal_count=537 284 262 200 253 163 228 82 62 55 146 65 81
is_linear=0
shrinkage=0.1


Tree=13
num_leaves=17
num_cat=0
split_feature=85 97 80 33 101 41 18 10 71 16 51 16 103 64 54 50
split_gain=61.8634 16.5163 15.7904 13.5481 11.4953 10.592 10.136 13.6605 5.33152 3.82361 3.41616 3.41495 3.29944 2.97585 2.9463 2.83327
threshold=1.0000000180025095e-35 4.7094896185437563 1.5900421439491639 6.1246618437622455 3.4334666422309414 1.5890269151739731 4.7790881836238563 3.6105525490912482 2.7706317725792133 3.8064155152036787 3.6242520361853052 5.6715665445765078 4.7094896185437563 5.7257560647115495 4.465842055365858 4.465842055365858
decision_type=2 2 2 2 2 2 2 2 2 2 2 2 2 2 2 2
left_child=1 2 6 14 5 -2 7 -1 12 -10 -8 -11 -6 -14 -3 -4
right_child=4 3 15 -5 8 -7 10 -9 9 11 -12 -13 13 -15 -16 -17
leaf_value=-0.083729887446936435 0.035049282187329875 0.064619924898513342 -0.032569428829645572 -0.057225760072469711 0.0008166735210726339 -0.052733659654579781 -0.080148359776838971 -0.0062034875222640798 0.092292745287219688 0.03216130587054377 -0.13526723804798993 0.077327985717700082 0.063749337292486621 0.025592735530808569 0.013955783937126398 0.013760032329821226
leaf_weight=51 28 22 22 22 31 27 23 41 27 47 22 26 31 60 24 33
leaf_count=51 28 22 22 22 31 27 23 41 27 47 22 26 31 60 24 33
internal_value=0 -0.0350334 -0.0500328 0.0073178 0.0328834 -0.00804416 -0.0682033 -0.0491801 0.0430231 0.0601401 -0.107095 0.0482481 0.0289927 0.0385911 0.0381865 -0.00477175
internal_weight=0 260 192 68 277 55 137 92 222 100 45 73 122 91 46 55
internal_count=537 260 192 68 277 55 137 92 222 100 45 73 122 91 46 55
is_linear=0
shrinkage=0.1


Tree=14
num_leaves=12
num_cat=0
split_feature=77 0 33 100 104 101 45 87 48 7 100
split_gain=51.6599 19.1094 13.6924 11.2489 8.3981 8.23487 6.74067 4.21174 2.59431 2.9142 3.30971
threshold=2.2975599250672958 5.5797227059640084 1.5890269151739731 7.1514412406855525 1.0000000180025095e-35 2.5619819897016298 6.3629745929482899 1.0000000180025095e-35 3.9701138825728512 4.0428973506407848 8.9914040699624831
decision_type=2 2 2 2 2 2 2 2 2 2 2
left_child=1 2 5 -2 7 -1 -6 -4 -5 -10 -11
right_child=3 -3 4 8 6 -7 -8 -9 9 10 -12
leaf_value=-0.022139001757993052 -0.030605599013241853 0.03971302375579492 -0.11592640660025857 0.022708191970984143 -0.027402537596457596 0.054462831402602413 -0.08027734346687794 -0.055933715447783472 0.083575034983780078 0.020533625953472578 0.055185346982313047
leaf_weight=36 22 39 22 42 143 23 29 25 23 39 94
leaf_count=36 22 39 22 42 143 23 29 25 23 39 94
internal_value=0 -0.0258387 -0.0350349 0.0372313 -0.046554 0.00772273 -0.0363175 -0.0840154 0.0447687 0.0507081 0.0450243
internal_weight=0 317 278 220 219 59 172 47 198 156 133
internal_count=537 317 278 220 219 59 172 47 198 156 133
is_linear=0
shrinkage=0.1


Tree=15
num_leaves=14
num_cat=0
split_feature=77 0 47 100 58 50 92 100 33 48 92 35 76
split_gain=41.8445 15.4786 11.842 9.11165 8.4752 7.77184 7.4698 6.5516 8.38245 2.15831 2.42622 3.05316 2.43664
threshold=2.2975599250672958 5.5797227059640084 3.891612008168019 7.1514412406855525 2.9174053685313028 3.0433873634561537 5.2855323981612052 6.3664173042972605 2.6735537653587347 3.4334666422309414 5.3172185614640251 4.7790881836238563 1.1014776260226025
decision_type=2 2 2 2 2 2 2 2 2 2 2 2 2
left_child=1 2 7 -2 6 -6 -4 -1 -9 -5 12 -12 -11
right_child=3 -3 4 9 5 -7 -8 8 -10 10 11 -13 -14
leaf_value=-0.037867118135997746 -0.027545038610696793 0.035741721165294831 -0.11277641469240191 0.016512301599141212 0.024341239720815797 -0.042357418022182736 -0.049962522846479451 0.046837549203553715 -0.031109447066079488 0.042253278393764054 0.010189684214336532 0.049570002697615162 0.076373245492060149
leaf_weight=33 22 39 25 32 25 58 78 37 22 50 35 45 36
leaf_count=33 22 39 25 32 25 58 78 37 22 50 35 45 36
internal_value=0 -0.0232549 -0.0315314 0.0335081 -0.0460467 -0.0222675 -0.0652086 -0.00218515 0.0177726 0.0402918 0.0448758 0.0323411 0.0565361
internal_weight=0 317 278 220 186 83 103 92 59 198 166 80 86
internal_count=537 317 278 220 186 83 103 92 59 198 166 80 86
is_linear=0
shrinkage=0.1


Tree=16
num_leaves=18
num_cat=0
split_feature=100 47 100 87 10 48 6 30 54 7 44 49 50 1 86 92 38
split_gain=34.1606 18.4399 11.1881 8.56901 8.25216 6.98954 12.8175 5.97847 4.72405 4.33614 4.15269 3.94729 2.30709 4.11963 2.99218 1.47084 0.824783
threshold=8.6235285545285887 3.891612008168019 6.7331722472720719 0.16788122690092908 4.791641144189394 1.0397207708399181 3.1345481418531311 5.0688844241303981 3.4960482137079443 3.6876278890048773 6.102536072598296 3.0433873634561537 5.9737804751890868 5.5293975924403922 0.52229563671786405 5.3262937226227001 4.8597823571876004
decision_type=2 2 2 2 2 2 2 2 2 2 2 2 2 2 2 2 2
left_child=1 2 3 -1 11 6 -3 -7 -9 -8 12 -4 13 15 16 -2 -14
right_child=10 5 4 -5 -6 7 9 8 -10 -11 -12 -13 14 -15 -16 -17 -18
leaf_value=-0.063688459952390988 0.0571109365257952 -0.08389713974161582 0.019243080966407436 0.014448707044124605 -0.018755551853350233 -0.020261952014906066 -0.025494524370878936 -0.093399956648020033 -0.039597181037068371 0.031122446542365418 -0.0094996016784782769 0.068357548076245528 0.053188038295642892 -0.00608744542917301 0.077824311144649994 0.02604650840429323 0.029953200759366156
leaf_weight=32 27 22 30 25 28 28 24 47 25 31 22 36 22 29 24 35 50
leaf_count=32 27 22 30 25 28 28 24 47 25 31 22 36 22 29 24 35 50
internal_value=0 -0.0201332 0.00553772 -0.0294178 0.0267341 -0.0420332 -0.0193871 -0.0594706 -0.0747184 0.00641686 0.0315965 0.0460328 0.0364314 0.0250229 0.0472456 0.0395746 0.0370527
internal_weight=0 328 151 57 94 177 77 100 72 55 209 66 187 91 96 62 72
internal_count=537 328 151 57 94 177 77 100 72 55 209 66 187 91 96 62 72
is_linear=0
shrinkage=0.1


Tree=17
num_leaves=15
num_cat=0
split_feature=100 47 100 87 10 73 98 62 44 49 39 85 51 18
split_gain=27.6701 14.9363 9.06233 6.9409 6.68425 5.88362 5.37796 6.79846 3.36368 3.1973 1.99645 2.25884 1.4134 1.01868
threshold=8.6235285545285887 3.891612008168019 6.7331722472720719 0.16788122690092908 4.791641144189394 1.8688348091416842 3.4334666422309414 2.9174053685313028 6.102536072598296 3.0433873634561537 2.191013317336941 0.60309785075499089 6.0426300126567138 6.5496415321801162
decision_type=2 2 2 2 2 2 2 2 2 2 2 2 2 2
left_child=1 2 3 -1 9 6 7 -3 10 -4 -2 13 -13 -12
right_child=8 5 4 -5 -6 -7 -8 -9 -10 -11 11 12 -14 -15
leaf_value=-0.057319614118023311 0.010869556123062092 -0.051887854520770674 0.017318772450089455 0.013003836244344711 -0.016879996484411613 -0.0029599247592207241 -0.081929222494363796 0.005022860119311974 -0.0085496424951336594 0.061521793839832153 0.019273514412985793 0.061185774849930208 0.030824854662236962 0.043094413197384433
leaf_weight=32 34 76 30 25 28 38 34 29 22 36 58 46 23 26
leaf_count=32 34 76 30 25 28 38 34 29 22 36 58 46 23 26
internal_value=0 -0.0181198 0.00498395 -0.026476 0.0240607 -0.0378299 -0.0473626 -0.0361697 0.0284369 0.0414295 0.0327882 0.0376591 0.0510655 0.0266466
internal_weight=0 328 151 57 94 177 139 105 209 66 187 153 69 84
internal_count=537 328 151 57 94 177 139 105 209 66 187 153 69 84
is_linear=0
shrinkage=0.1


Tree=18
num_leaves=17
num_cat=0
split_feature=100 47 100 87 19 48 6 92 65 7 88 50 67 86 97 104
split_gain=22.4128 12.0984 7.34049 5.7252 5.48371 5.14021 9.99379 5.03019 4.80409 3.20319 2.96135 2.93689 6.02875 2.66866 1.64514 0.769516
threshold=8.6235285545285887 3.891612008168019 6.7331722472720719 0.053353963967756303 3.1132683346437333 1.0397207708399181 3.1345481418531311 5.2855323981612052 4.3063817466423169 3.6876278890048773 0.34363806881130859 5.9480043110926326 6.4329349232042832 0.22062383030817825 5.6383483370536824 3.3667009459186801
decision_type=2 2 2 2 2 2 2 2 2 2 2 2 2 2 2 2
left_child=1 2 3 -1 10 6 -3 -7 -9 -8 -4 12 14 15 -2 -13
right_child=11 5 4 -5 -6 7 9 8 -10 -11 -12 13 -14 -15 -16 -17
leaf_value=-0.056081985550866069 0.044500907737056949 -0.071589057757095856 0.055037654624320566 0.0073130014384615019 -0.012777388961084428 -0.090037409102787153 -0.019268872843046361 -0.004607563613560693 -0.056157894063896187 0.029392729838934518 0.010005649280450914 0.012644989204047056 -0.022358160477597269 0.057412677040187321 0.0146803802886122 0.034972933950749317
leaf_weight=28 37 22 40 29 31 23 24 29 48 31 23 29 32 41 37 33
leaf_count=28 37 22 40 29 31 23 24 29 48 31 23 29 32 41 37 33
internal_value=0 -0.0163079 0.00448555 -0.0238284 0.0216546 -0.0340469 -0.0146265 -0.0490006 -0.0367428 0.00815858 0.0385974 0.0255932 0.013908 0.0376188 0.0295906 0.0245292
internal_weight=0 328 151 57 94 177 77 100 77 55 63 209 106 103 74 62
internal_count=537 328 151 57 94 177 77 100 77 55 63 209 106 103 74 62
is_linear=0
shrinkage=0.1


Tree=19
num_leaves=16
num_cat=0
split_feature=100 47 100 41 103 3 45 80 98 50 13 79 86 22 104
split_gain=18.1544 9.79973 5.98099 6.66116 4.48553 9.27006 7.20973 4.63691 3.11996 2.37888 4.94157 2.93699 2.16161 0.952993 0.623308
threshold=8.6235285545285887 3.891612008168019 6.3664173042972605 2.9174053685313028 4.1107394736335969 4.7621374077860157 5.6903366269220443 0.86604533730811351 1.8688348091416844 5.9480043110926326 5.0688844241303981 4.8902360508197917 0.22062383030817825 4.6491756246494491 3.3667009459186801
decision_type=2 2 2 2 2 2 2 2 2 2 2 2 2 2 2
left_child=1 2 -1 8 5 7 -6 -3 -4 10 13 -12 14 -2 -11
right_child=9 4 3 -5 6 -7 -8 -9 -10 12 11 -13 -14 -15 -16
leaf_value=-0.031533960221956175 0.02214033153653145 -0.04653352683183188 0.0079688261198096501 -0.031691936341424781 -0.017839934372089125 0.037815638267519797 -0.098798545212908234 -0.0018166383855383506 0.045057419707639684 0.011380490260841005 -0.026171442389707356 0.020097027864793074 0.051671408968636902 0.050037957541644577 0.031475640393116254
leaf_weight=36 25 78 43 24 22 22 22 33 48 29 34 23 41 24 33
leaf_count=36 25 78 43 24 22 22 22 33 48 29 34 23 41 24 33
internal_value=0 -0.0146771 0.004037 0.0151723 -0.0306422 -0.0214859 -0.0583192 -0.0332393 0.027532 0.0230339 0.0125172 -0.00750171 0.0338569 0.0358045 0.0220763
internal_weight=0 328 151 115 177 133 44 111 91 209 106 57 103 49 62
internal_count=537 328 151 115 177 133 44 111 91 209 106 57 103 49 62
is_linear=0
shrinkage=0.1


Tree=20
num_leaves=18
num_cat=0
split_feature=100 27 101 97 70 102 17 28 95 16 62 6 85 51 34 101 0
split_gain=14.705 8.53902 7.55797 9.15689 3.82593 6.19549 5.16105 6.60795 3.4757 2.14622 3.06117 1.86546 1.56228 1.53672 1.17467 1.00439 0.678479
threshold=8.6235285545285887 2.524928003624769 2.8314802400679731 2.191013317336941 4.5496779640029787 2.1383330595080281 4.7621374077860157 1.5890269151739729 2.6735537653587347 6.0844968186443777 5.7804385912517011 2.9430520157250784 0.60309785075499089 6.0980717572261449 4.5746578350692051 4.1430087342023825 5.3706272113530096
decision_type=2 2 2 2 2 2 2 2 2 2 2 2 2 2 2 2 2
left_child=1 2 3 11 6 -6 7 -3 -4 12 -11 -1 15 14 -14 -2 -17
right_child=9 4 8 -5 5 -7 -8 -9 -10 10 -12 -13 13 -15 -16 16 -18
leaf_value=-0.060914619947257255 0.034302005374973472 -0.068348774072472696 0.061864269465208059 0.037663372182710604 -0.040728055572380191 0.029317393549717963 -0.071079588104039429 -0.012220691954915194 0.012432258587443469 -0.020992007485340136 0.02378207059275057 -0.020638842532492204 0.029679476939465689 0.015729197064090684 0.059717526199917007 -0.0044256437244422899 0.019435476065364828
leaf_weight=23 22 27 25 22 23 28 30 94 33 26 37 23 23 23 30 22 26
leaf_count=23 22 27 25 22 23 28 30 94 33 26 37 23 23 23 30 22 26
internal_value=0 -0.0132094 0.00722013 -0.0153991 -0.0259525 -0.00227173 -0.0339507 -0.0247451 0.0337392 0.0207305 0.00530388 -0.0407767 0.0273872 0.0373148 0.0466821 0.0166086 0.00849913
internal_weight=0 328 126 68 202 51 151 121 58 209 63 46 146 76 53 70 48
internal_count=537 328 126 68 202 51 151 121 58 209 63 46 146 76 53 70 48
is_linear=0
shrinkage=0.1


Tree=21
num_leaves=14
num_cat=0
split_feature=52 68 42 57 61 100 23 101 100 30 18 57 87
split_gain=11.9413 8.87642 9.43121 8.98951 3.75354 5.25866 3.39013 4.46304 4.06481 2.4293 1.48024 1.14765 1.47693
threshold=5.4424083402947536 5.3477240196696707 6.5352317916717775 1.6215993675507316 0.89643595048923086 6.6346324944835127 2.524928003624769 3.7609296261008152 8.3388985747531006 4.3303869599468818 5.7137273593905471 4.1884290869456482 0.31370216019643088
decision_type=2 2 2 2 2 2 2 2 2 2 2 2 2
left_child=1 3 -3 4 -1 -6 7 -5 -8 -2 -11 -12 -13
right_child=9 2 -4 6 5 -7 8 -9 -10 10 11 12 -14
leaf_value=-0.00063853601459413773 -0.0037436665684383898 -0.071016934704641974 0.0020381196821593526 0.0097096543673139361 -0.06638939241702492 -0.0054990661532982538 -0.015013089067651891 0.058731849856961227 0.02340450333181902 0.046661758028409064 0.03992770979249919 0.026484950019253623 -0.0038296735063195228
leaf_weight=32 28 43 30 65 37 23 80 26 42 34 27 45 25
leaf_count=32 28 43 30 65 37 23 80 26 42 34 27 45 25
internal_value=0 -0.00967144 -0.0409943 -0.0021745 -0.0282969 -0.0430481 0.00910844 0.023716 -0.00178736 0.0229925 0.0287071 0.0224137 0.0156583
internal_weight=0 378 73 305 92 60 213 91 122 159 131 97 70
internal_count=537 378 73 305 92 60 213 91 122 159 131 97 70
is_linear=0
shrinkage=0.1


Tree=22
num_leaves=15
num_cat=0
split_feature=48 92 55 23 1 51 65 104 54 87 19 100 86 54
split_gain=10.0038 7.33305 8.3432 7.27247 7.05149 6.70504 5.71669 2.53864 4.2712 1.68937 2.65473 1.64028 1.06469 0.665102
threshold=5.4116061905722832 5.4138198479028974 4.7790881836238563 1.9356005054539456 1.8688348091416844 1.5890269151739729 3.6347204342973694 2.740319461670996 5.4637958945145888 0.10096399824287748 4.7621374077860157 8.6235285545285887 0.22062383030817825 6.0844968186443777
decision_type=2 2 2 2 2 2 2 2 2 2 2 2 2 2
left_child=1 2 3 6 -5 -3 -1 -2 -9 11 -11 -4 13 -10
right_child=7 5 9 4 -6 -7 -8 8 12 10 -12 -13 -14 -15
leaf_value=-0.0072177267492801516 0.047898067558004014 0.001833170432258736 0.052149842161199327 -0.061448924110404084 -0.012967001207150698 -0.06861871029649462 0.051608926189752914 -0.019104208624749274 0.028036424703896046 -0.019875822310198354 0.025545087366575198 0.01796218602038506 0.039918377481933151 0.0051571856049122296
leaf_weight=53 31 22 23 42 105 35 24 27 27 22 31 36 35 24
leaf_count=53 31 22 23 42 105 35 24 27 27 22 31 36 35 24
internal_value=0 -0.0082619 -0.00263572 -0.0137782 -0.026819 -0.0414268 0.0111179 0.0225481 0.0155937 0.0196492 0.00669112 0.0312896 0.0264872 0.0172697
internal_weight=0 393 336 224 147 57 77 144 113 112 53 59 86 51
internal_count=537 393 336 224 147 57 77 144 113 112 53 59 86 51
is_linear=0
shrinkage=0.1


Tree=23
num_leaves=13
num_cat=0
split_feature=104 41 85 61 6 103 49 61 96 17 6 38
split_gain=8.28746 7.7028 5.16833 4.28426 3.62793 4.47755 2.10441 1.99772 3.56095 2.53091 2.61217 1.4303
threshold=2.249904835165133 6.4068582012380899 0.36680149589692257 4.2232050024106167 2.9430520157250784 2.3502401828962087 1.5890269151739729 4.5938609514954303 5.6801667848034825 2.6735537653587347 4.4187680230537838 4.5746578350692051
decision_type=2 2 2 2 2 2 2 2 2 2 2 2
left_child=2 7 3 4 6 -6 -1 9 -9 -2 -11 -10
right_child=1 -3 -4 -5 5 -7 -8 8 11 10 -12 -13
leaf_value=-0.060433156517418957 -0.00053544167259877377 -0.044615893649018329 0.024025536520827201 -0.058575151283293964 0.027573059162785931 -0.015977493611592421 -0.019103730070803848 -0.027225021943449973 -0.0058461361027394351 0.058744593308522157 0.022523097702685527 0.021032115166266283
leaf_weight=22 33 23 31 25 31 99 28 25 26 26 85 83
leaf_count=22 33 23 31 25 31 99 28 25 26 26 85 83
internal_value=0 0.0110001 -0.0140298 -0.0197845 -0.0143969 -0.00559236 -0.0372887 0.0156014 0.00681373 0.0237788 0.0310074 0.0146208
internal_weight=0 301 236 205 180 130 50 278 134 144 111 109
internal_count=537 301 236 205 180 130 50 278 134 144 111 109
is_linear=0
shrinkage=0.1


Tree=24
num_leaves=15
num_cat=0
split_feature=52 68 42 57 7 45 66 14 18 30 51 22 53 104
split_gain=7.05606 5.58771 7.13203 5.36104 3.09899 2.65773 2.51846 4.29197 3.82402 1.63569 1.0874 0.974205 0.664677 0.661759
threshold=5.4424083402947536 5.3477240196696707 6.5352317916717775 1.6215993675507316 2.9430520157250784 3.5549397315361362 1.9356005054539456 4.3693677306817369 4.9869730080923453 4.3303869599468818 5.950628989035704 6.3715986978150339 3.6859904192471644 3.5114340430413216
decision_type=2 2 2 2 2 2 2 2 2 2 2 2 2 2
left_child=1 3 -3 4 5 -1 8 -8 -5 -2 11 12 -11 -12
right_child=9 2 -4 6 -6 -7 7 -9 -10 10 13 -13 -14 -15
leaf_value=-0.015827007622768483 -0.0042642953123764272 -0.058394188277943196 0.0051349890232086186 0.026316309118967342 0.0060884695100997185 -0.056905561392860751 -0.03198562661548042 0.011298062096512507 -0.020093250270424922 0.026961531807951956 -0.00086769985197030983 0.014346541774769626 0.050751004981187488 0.02073264704211741
leaf_weight=36 28 43 30 92 28 28 36 63 22 23 23 24 24 37
leaf_count=36 28 43 30 92 28 28 36 63 22 23 23 24 24 37
internal_value=0 -0.00743441 -0.0322863 -0.00148625 -0.0216592 -0.0337989 0.00722697 -0.00444146 0.0173601 0.0176743 0.0223634 0.0307388 0.0391093 0.0124525
internal_weight=0 378 73 305 92 64 213 99 114 159 131 71 47 60
internal_count=537 378 73 305 92 64 213 99 114 159 131 71 47 60
is_linear=0
shrinkage=0.1


Tree=25
num_leaves=9
num_cat=0
split_feature=104 45 54 43 44 18 6 1
split_gain=6.11728 4.92935 4.73951 3.46822 5.81754 3.24664 2.49659 1.0995
threshold=1.0986122886681102 6.3629745929482899 2.8314802400679731 6.102556092217525 6.0614542021347031 4.744894319750431 1.5890269151739729 1.8688348091416844
decision_type=2 2 2 2 2 2 2 2
left_child=2 3 5 4 6 7 -2 -1
right_child=1 -3 -4 -5 -6 -7 -8 -9
leaf_value=-0.031237126858188559 -0.018182168940880469 -0.031189887225627901 0.0075126550138689754 0.047641641037030655 -0.037896475544268338 -0.057724218499479875 0.013031706621366192 -0.0012217082447655823
leaf_weight=26 28 33 43 22 27 33 302 23
leaf_count=26 28 33 43 22 27 33 302 23
internal_value=0 0.00587893 -0.019377 0.00910656 0.00673185 -0.0334776 0.0103833 -0.0171483
internal_weight=0 412 125 379 357 82 330 49
internal_count=537 412 125 379 357 82 330 49
is_linear=0
shrinkage=0.1


Tree=26
num_leaves=12
num_cat=0
split_feature=101 46 6 30 96 8 86 87 49 44 67
split_gain=5.07026 4.89869 4.49205 3.50422 5.02589 3.55491 2.37786 1.72646 1.62718 1.57349 0.857528
threshold=4.5950688323293329 2.3937458713910238 1.5890269151739729 5.9480043110926326 5.7004379805808041 2.191013317336941 0.22062383030817825 0.38777898560050911 3.7609296261008152 4.5325416796595226 6.3421152195158905
decision_type=2 2 2 2 2 2 2 2 2 2 2
left_child=1 8 -3 5 -5 -4 7 10 -1 -8 -2
right_child=6 2 3 4 -6 -7 9 -9 -10 -11 -12
leaf_value=0.0025048576295375827 0.028485996796990987 -0.047669816239466589 -0.021564744077012189 -0.04661138594047063 0.011709775360809131 0.007066828726829651 0.011403350016447687 -0.010976911228702426 0.03798905573785305 0.04158668339443513 0.0049104821622475156
leaf_weight=24 27 31 61 45 22 150 31 43 28 39 36
leaf_count=24 27 31 61 45 22 150 31 43 28 39 36
internal_value=0 -0.0067847 -0.0115634 -0.00753713 -0.0274612 -0.00121055 0.0139163 0.00447068 0.0216117 0.0282198 0.0150143
internal_weight=0 361 309 278 67 211 176 106 52 70 63
internal_count=537 361 309 278 67 211 176 106 52 70 63
is_linear=0
shrinkage=0.1


Tree=27
num_leaves=9
num_cat=0
split_feature=104 54 45 43 44 18 15 76
split_gain=4.28559 3.55504 3.47839 2.66979 4.14822 2.63514 3.34736 2.21351
threshold=1.0986122886681102 2.8314802400679731 6.3629745929482899 6.102556092217525 6.0614542021347031 4.5053345884235583 3.0201273556387074 2.1039905409583182
decision_type=2 2 2 2 2 2 2 2
left_child=1 5 3 4 7 -1 -7 -2
right_child=2 -3 -4 -5 -6 6 -8 -9
leaf_value=-0.0086610536820985167 0.0058107835540974172 0.0070698842059734261 -0.026218217941509053 0.04144169959154996 -0.032136821412239912 -0.072572595050389127 -0.018011590407189467 0.032408983459962265
leaf_weight=37 295 43 33 22 27 22 23 35
leaf_count=37 295 43 33 22 27 22 23 35
internal_value=0 -0.0162185 0.00492067 0.00763198 0.00554846 -0.0284308 -0.0446859 0.0086318
internal_weight=0 125 412 379 357 82 45 330
internal_count=537 125 412 379 357 82 45 330
is_linear=0
shrinkage=0.1


Tree=28
num_leaves=15
num_cat=0
split_feature=101 84 96 50 53 17 46 85 32 92 35 4 92 54
split_gain=3.81269 3.06863 4.13366 4.21541 4.38697 3.29318 5.83462 5.71714 4.02369 2.4909 1.71646 1.63693 0.835958 0.702945
threshold=5.2203412156610947 1.0000000180025095e-35 5.7004379805808041 1.0397207708399181 2.2110048745200181 2.6735537653587347 5.2626767655455557 0.36680149589692257 3.4334666422309414 5.3101785053548252 6.0112551596500436 6.0844968186443777 5.3262937226227001 5.6903366269220443
decision_type=2 2 2 2 2 2 2 2 2 2 2 2 2 2
left_child=1 5 3 -3 -5 6 7 -1 9 -7 -4 13 -13 -2
right_child=11 2 10 4 -6 8 -8 -9 -10 -11 -12 12 -14 -15
leaf_value=-0.028118264915214648 0.040828193910419946 0.014545628022063863 -0.0084073355110983062 -0.016321845050371285 -0.059369666678830979 0.058672218905253849 0.039541460040279412 0.027747184613152693 -0.0086895559982555683 0.017461316535693848 0.026697217866491815 0.020178793563062083 -0.0036403689215459474 0.018123727450147269
leaf_weight=90 25 22 30 58 40 22 22 23 41 44 26 23 41 30
leaf_count=90 25 22 30 58 40 22 22 23 41 44 26 23 41 30
internal_value=0 -0.00449587 -0.0145429 -0.0250121 -0.0338924 0.00281103 -0.00757442 -0.0167474 0.0159142 0.0311983 0.00789121 0.0157922 0.00491964 0.0284439
internal_weight=0 418 176 120 98 242 135 113 107 66 56 119 64 55
internal_count=537 418 176 120 98 242 135 113 107 66 56 119 64 55
is_linear=0
shrinkage=0.1


Tree=29
num_leaves=15
num_cat=0
split_feature=48 92 51 55 23 51 92 104 54 39 7 46 50 61
split_gain=3.40135 3.58858 3.6583 3.01363 3.81911 4.97996 4.96441 1.71549 2.29636 1.42835 0.998865 0.832827 0.40497 0.275307
threshold=5.4116061905722832 5.4138198479028974 1.5890269151739729 4.7790881836238563 1.9356005054539456 2.8314802400679731 5.2954243113055766 2.740319461670996 5.4637958945145888 3.0201273556387074 5.1059271080903725 5.1761337726651186 4.9199542854466296 5.3561139980824235
decision_type=2 2 2 2 2 2 2 2 2 2 2 2 2 2
left_child=1 3 -3 4 5 -1 -6 -2 -9 12 -11 -10 -5 -13
right_child=7 2 -4 9 6 -7 -8 8 11 10 -12 13 -14 -15
leaf_value=0.034921980742365126 0.033986550930046266 0.0039359412240711133 -0.048103363354291238 0.0080663393844257712 -0.041145486550198666 -0.015979153506860539 -0.0030253687273881207 -0.018010805788691398 0.02549086802949508 0.038548512562461529 0.012930963271194036 -0.0021060568111186677 -0.011121025459777396 0.01371415474833074
leaf_weight=40 31 22 35 22 54 37 93 27 42 23 45 22 22 22
leaf_count=40 31 22 35 22 54 37 93 27 42 23 45 22 22 22
internal_value=0 -0.00481752 -0.028018 -0.000881723 -0.00757842 0.010463 -0.0170287 0.0131478 0.007431 0.0125117 0.0215957 0.0154185 -0.00152734 0.00580405
internal_weight=0 393 57 336 224 77 147 144 113 112 68 86 44 44
internal_count=537 393 57 336 224 77 147 144 113 112 68 86 44 44
is_linear=0
shrinkage=0.1


Tree=30
num_leaves=10
num_cat=0
split_feature=104 50 11 46 45 39 92 14 46
split_gain=2.85721 2.40863 3.59843 3.37132 2.17773 2.08793 2.96225 3.75177 2.70044
threshold=1.0986122886681102 4.5325416796595226 3.0201273556387074 5.003923783930186 6.3629745929482899 6.1246809968142868 5.3204520880589259 4.1742689126930488 1.0397207708399181
decision_type=2 2 2 2 2 2 2 2 2
left_child=1 2 3 -1 5 6 7 -2 -8
right_child=4 -3 -4 -5 -6 -7 8 -9 -10
leaf_value=-0.017597751563880593 -0.0078210769933490572 0.0077610626371001426 0.0035989551720294085 -0.068450009382583873 -0.020620764430725216 0.034709245385602119 0.023709422388950505 0.022734650628205153 -0.010772525657691271
leaf_weight=32 59 38 33 22 33 24 27 126 143
leaf_count=32 59 38 33 22 33 24 27 126 143
internal_value=0 -0.0132427 -0.0224168 -0.0383153 0.00401782 0.00616313 0.00423326 0.0129899 -0.00529598
internal_weight=0 125 87 54 412 379 355 185 170
internal_count=537 125 87 54 412 379 355 185 170
is_linear=0
shrinkage=0.1


Tree=31
num_leaves=15
num_cat=0
split_feature=48 92 50 13 23 60 23 103 103 68 86 104 23 12
split_gain=2.50776 2.81191 3.86592 2.60929 3.44932 4.56166 2.93244 2.70993 2.04289 1.66752 1.42163 0.903155 1.54072 0.663641
threshold=5.4116061905722832 5.3586671684727376 4.6150714996361826 2.3502401828962087 1.9356005054539456 3.2723155056817492 6.5805920052681364 3.3667009459186801 1.9356005054539456 4.2123641637674618 0.52229563671786405 2.740319461670996 5.3229980813168991 6.1779096781959764
decision_type=2 2 2 2 2 2 2 2 2 2 2 2 2 2
left_child=1 3 8 4 5 -1 9 -6 -3 -5 11 -2 -13 -14
right_child=10 2 -4 6 7 -7 -8 -9 -10 -11 -12 12 13 -15
leaf_value=-0.019610989370173026 0.022310209229516872 -0.027084837724333222 -0.044293505230264089 0.037907234224257992 -0.008600680679082871 0.03607263693951869 -0.024597954993014752 -0.050766319091673257 0.01049214672201719 0.0091471735078061649 0.029877969238441437 -0.012981714108368245 0.025693998635625062 0.0014000825541601941
leaf_weight=31 26 23 37 24 35 28 23 27 39 126 32 41 23 22
leaf_count=31 26 23 37 24 35 28 23 27 39 126 32 41 23 22
internal_value=0 -0.00413658 -0.0187133 0.000771916 -0.0104927 0.00681514 0.00865066 -0.0269631 -0.0034477 0.0137488 0.0112894 0.00597838 0.00104085 0.013817
internal_weight=0 393 99 294 121 59 173 62 62 150 144 112 86 45
internal_count=537 393 99 294 121 59 173 62 62 150 144 112 86 45
is_linear=0
shrinkage=0.1


Tree=32
num_leaves=16
num_cat=0
split_feature=50 68 96 17 6 98 98 33 80 50 51 7 97 60 14
split_gain=2.14247 2.60753 3.17514 3.12079 3.56482 4.08213 3.54996 3.00796 2.90532 2.15783 1.88718 2.21732 1.25547 0.986487 0.273095
threshold=5.7004379805808041 5.3477240196696707 5.0906732680195743 2.6735537653587347 4.2625806805327082 2.0126758453675753 2.191013317336941 2.9174053685313028 1.5900421439491639 2.9430520157250784 5.631205358429944 4.9415403713792339 5.6383483370536824 6.2966063733117084 6.8053391632106601
decision_type=2 2 2 2 2 2 2 2 2 2 2 2 2 2 2
left_child=1 3 -3 4 6 -6 -1 -5 -4 -9 12 -12 -2 -13 -15
right_child=10 2 8 7 5 -7 -8 9 -10 -11 11 13 -14 14 -16
leaf_value=-0.010909440134794026 0.043252208853221459 -0.047645213454961782 -0.025865351706743242 0.033639596735260319 -0.019925893383721513 0.029712654690484744 -0.057976499741727666 0.022011932089705678 0.017351628081606969 -0.0091620117421371116 -0.017350860116248198 0.027423136257233902 0.010557084056199529 -0.0040744127948646961 0.011174404877237976
leaf_weight=59 23 27 35 42 30 37 22 34 28 64 37 28 24 23 24
leaf_count=59 23 27 35 42 30 37 22 34 28 64 37 28 24 23 24
internal_value=0 -0.00409659 -0.018954 0.000546359 -0.00957803 0.00748644 -0.0236931 0.0112493 -0.00665781 0.00165344 0.00973906 0.00268161 0.0265568 0.0125643 0.00371222
internal_weight=0 378 90 288 148 67 81 140 63 98 159 112 47 75 47
internal_count=537 378 90 288 148 67 81 140 63 98 159 112 47 75 47
is_linear=0
shrinkage=0.1


Tree=33
num_leaves=11
num_cat=0
split_feature=104 30 14 32 76 14 44 100 102 48
split_gain=1.96667 1.87898 4.24808 1.96109 1.72595 2.13456 4.52439 2.76754 2.28101 1.06856
threshold=1.0986122886681102 5.0172579074712669 4.6346818562128229 2.524928003624769 2.1039905409583182 3.4960482137079443 2.8314802400679731 6.8051648535121192 2.1383330595080281 1.5890269151739729
decision_type=2 2 2 2 2 2 2 2 2 2
left_child=1 2 3 -1 5 6 -2 -7 -9 -3
right_child=4 9 -4 -5 -6 7 -8 8 -10 -11
leaf_value=-0.03356245302049251 0.0078908356928056294 -0.0087738104037601832 0.036089895119551907 0.0060310134156183765 0.024575694219342303 0.032846938854744358 -0.050646398617359617 -0.018505278268518548 0.0053420217589429421 -0.037789270435459911
leaf_weight=29 31 22 22 22 35 31 23 48 244 30
leaf_count=29 31 22 22 22 35 31 23 48 244 30
internal_value=0 -0.0109868 -0.000639057 -0.0164829 0.00333338 0.00136128 -0.0170417 0.00443794 0.00142192 -0.0255135
internal_weight=0 125 73 51 412 377 54 323 292 52
internal_count=537 125 73 51 412 377 54 323 292 52
is_linear=0
shrinkage=0.1


Tree=34
num_leaves=12
num_cat=0
split_feature=104 50 87 32 28 31 15 19 26 41 92
split_gain=1.593 1.70251 3.06987 2.62655 1.55516 3.54245 1.92391 1.86451 1.76761 1.56502 1.28716
threshold=1.0986122886681102 4.5325416796595226 0.32239255231084707 1.5890269151739729 3.9701138825728512 3.3842466058243152 4.6346818562128229 6.6240431818084256 4.4885732424042368 3.1345481418531311 5.2966682404243492
decision_type=2 2 2 2 2 2 2 2 2 2 2
left_child=1 2 3 -1 8 -6 -7 -8 9 10 -2
right_child=4 -3 -4 -5 5 6 7 -9 -10 -11 -12
leaf_value=-0.057705798745155336 0.0033935037683695555 0.0077705227491127226 0.0070255921542411674 -0.013402601475536359 -0.033341367701969798 -0.0167545813534941 0.010773333343074107 -0.018026680327378787 0.030504110796997948 -0.0128649693023523 0.030488844781562136
leaf_weight=23 50 38 32 32 31 42 166 26 36 34 27
leaf_count=23 50 38 32 32 31 42 166 26 36 34 27
internal_value=0 -0.00988814 -0.0176011 -0.0319294 0.00300004 -0.00157583 0.00263242 0.00687333 0.0112491 0.00500419 0.0128945
internal_weight=0 125 87 55 412 265 234 192 147 111 77
internal_count=537 125 87 55 412 265 234 192 147 111 77
is_linear=0
shrinkage=0.1


Tree=35
num_leaves=9
num_cat=0
split_feature=6 1 18 63 33 31 45 65
split_gain=1.42241 2.54789 1.84427 1.4912 3.61241 1.76567 1.52955 1.09523
threshold=1.5890269151739729 2.6735537653587347 2.3937458713910238 6.1483861063884087 5.7837825769642768 5.4595764601916565 5.8141260764699529 5.1392665615766093
decision_type=2 2 2 2 2 2 2 2
left_child=1 -1 -2 4 5 -4 7 -5
right_child=2 -3 3 6 -6 -7 -8 -9
leaf_value=-0.041396004232493316 0.022735920521479689 0.0057182687645157184 -0.0033083154655779243 0.020628720476966483 -0.033740892530315453 0.019358422970399261 0.032788105537606908 -0.0019816879126266008
leaf_weight=22 38 24 244 29 36 40 22 82
leaf_count=22 38 24 244 29 36 40 22 82
internal_value=0 -0.0168146 0.0015753 -0.00019976 -0.00389864 -0.000115817 0.0086998 0.00392554
internal_weight=0 46 491 453 320 284 133 111
internal_count=537 46 491 453 320 284 133 111
is_linear=0
shrinkage=0.1


Tree=36
num_leaves=11
num_cat=0
split_feature=101 97 70 55 30 14 1 42 45 62
split_gain=1.30025 2.12643 3.36542 3.31872 2.0866 3.29531 1.96024 2.21828 2.87006 1.11486
threshold=3.4334666422309414 5.1179758838799021 3.6448797923089091 4.7790881836238563 5.0172579074712669 4.1742689126930488 2.6735537653587347 6.7320053855989617 5.9053284366375065 2.3937458713910238
decision_type=2 2 2 2 2 2 2 2 2 2
left_child=1 2 4 -4 5 -1 -2 8 9 -8
right_child=6 -3 3 -5 -6 -7 7 -9 -10 -11
leaf_value=-0.004829305899329484 0.027520644503238146 0.019196735849154406 -0.060089365635877072 -0.0079419262707233432 -0.022228114581289326 0.037024212181568143 -0.013203344835783355 0.031230649927064133 -0.034903289296704797 0.005062296667957468
leaf_weight=76 32 29 23 26 37 25 40 23 23 203
leaf_count=76 32 29 23 26 37 25 40 23 23 203
internal_value=0 -0.00599862 -0.00990592 -0.0324193 -0.00191204 0.00553048 0.00403646 0.00143613 -0.00114009 0.00205561
internal_weight=0 216 187 49 138 101 321 289 266 243
internal_count=537 216 187 49 138 101 321 289 266 243
is_linear=0
shrinkage=0.1


Tree=37
num_leaves=11
num_cat=0
split_feature=48 92 51 61 63 0 49 92 31 104
split_gain=1.15155 1.79321 2.39703 2.11938 3.43876 1.32109 1.10819 0.810168 1.51503 0.506583
threshold=5.4116061905722832 5.4138198479028974 1.5890269151739729 0.89643595048923086 2.8314802400679731 1.5890269151739729 4.9052473428434826 5.2479650064310581 4.135134555718313 3.3667009459186801
decision_type=2 2 2 2 2 2 2 2 2 2
left_child=1 3 -3 -1 -5 -6 -2 -8 -9 -10
right_child=6 2 -4 4 5 -7 7 8 9 -11
leaf_value=0.026846918574085943 0.027771415480453039 0.0066621603698215695 -0.035461783866797179 -0.038721422544525319 -0.018451166743761859 0.0031140635436098922 0.018738179474270769 -0.023593507952649487 -0.0034343986073508861 0.013665830976579611
leaf_weight=27 23 22 35 24 32 253 28 22 30 41
leaf_count=27 23 22 35 24 32 253 28 22 30 41
internal_value=0 -0.00280311 -0.0192034 -2.09125e-05 -0.00236859 0.000692704 0.00765015 0.00382545 -0.000664409 0.00644038
internal_weight=0 393 57 336 309 285 144 121 93 71
internal_count=537 393 57 336 309 285 144 121 93 71
is_linear=0
shrinkage=0.1


Tree=38
num_leaves=12
num_cat=0
split_feature=49 6 23 48 23 57 92 6 39 22 84
split_gain=1.11313 2.40252 2.90235 2.57851 1.86276 1.47666 1.40069 1.16055 1.62402 1.27226 0.903708
threshold=2.191013317336941 1.5890269151739729 2.6735537653587347 1.0397207708399181 4.9628201785886317 3.0584016086193384 5.4507641217888496 2.191013317336941 2.191013317336941 3.2180751841847144 0.59010215335078087
decision_type=2 2 2 2 2 2 2 2 2 2 2
left_child=1 -1 -3 4 -4 -5 7 -2 9 -9 -10
right_child=6 2 3 5 -6 -7 -8 8 10 -11 -12
leaf_value=-0.034488334435109909 0.025574750660990294 0.024191035475472317 -0.018643364188787731 -0.010072435570820687 0.016474314139817248 -0.042737491406500343 -0.016024185462361753 0.0099902041101207345 0.012071942676814249 -0.017844564528562701 -0.0020661889677285219
leaf_weight=26 26 34 23 31 44 25 34 24 154 52 64
leaf_count=26 26 34 23 31 44 25 34 24 154 52 64
internal_value=0 -0.00633231 -0.00166952 -0.00881797 0.00441899 -0.024655 0.00327348 0.00532386 0.00353296 -0.00905464 0.0079213
internal_weight=0 183 157 123 67 56 354 320 294 76 218
internal_count=537 183 157 123 67 56 354 320 294 76 218
is_linear=0
shrinkage=0.1


Tree=39
num_leaves=11
num_cat=0
split_feature=49 6 23 48 23 57 74 104 68 15
split_gain=0.901635 1.94604 2.3509 2.08859 1.50884 1.19609 1.17481 0.982071 0.827937 1.17788
threshold=2.191013317336941 1.5890269151739729 2.6735537653587347 1.0397207708399181 4.9628201785886317 3.0584016086193384 0.93398728249224383 1.0000000180025095e-35 3.9419310872675344 4.6346818562128229
decision_type=2 2 2 2 2 2 2 2 2 2
left_child=1 -1 -3 4 -4 -5 7 -2 -9 -10
right_child=6 2 3 5 -6 -7 -8 8 9 -11
leaf_value=-0.031039500351135549 -0.019563040171157231 0.021771932075567105 -0.016779027360936869 -0.009065191676059077 0.014826882610313161 -0.038463742138817911 0.01843888921768751 0.019747765416279438 -0.009422662238939665 0.0051117616703698372
leaf_weight=26 22 34 23 31 44 25 43 25 80 184
leaf_count=26 22 34 23 31 44 25 43 25 80 184
internal_value=0 -0.00569907 -0.00150257 -0.00793617 0.00397709 -0.0221895 0.00294613 0.000804046 0.00235448 0.000707391
internal_weight=0 183 157 123 67 56 354 311 289 264
internal_count=537 183 157 123 67 56 354 311 289 264
is_linear=0
shrinkage=0.1


Tree=40
num_leaves=7
num_cat=0
split_feature=45 42 44 64 87 96
split_gain=0.839143 1.87874 3.1983 1.1846 3.35348 1.77092
threshold=6.3629745929482899 6.5352317916717775 6.0426074438783575 2.6567398071438575 0.16788122690092908 3.2180751841847144
decision_type=2 2 2 2 2 2
left_child=1 2 3 4 -1 -5
right_child=-2 -3 -4 5 -6 -7
leaf_value=-0.02870164486784034 -0.014125801353022839 0.029676281051202253 -0.031270908636431539 0.023854492990890656 0.014125082890192667 0.001818278066103548
leaf_weight=41 39 22 31 41 33 330
leaf_count=41 39 22 31 41 33 330
internal_value=0 0.00110624 -0.000214227 0.00194927 -0.00960324 0.00425355
internal_weight=0 498 476 445 74 371
internal_count=537 498 476 445 74 371
is_linear=0
shrinkage=0.1


Tree=41
num_leaves=14
num_cat=0
split_feature=101 73 103 68 7 22 88 87 102 92 13 12 3
split_gain=0.749491 1.80631 1.72448 1.41687 3.42263 2.22794 1.95486 1.0364 2.18336 1.42468 1.28113 1.06425 0.738087
threshold=3.4334666422309414 3.7373860911989358 3.6105525490912482 5.3762759564931395 3.0201273556387074 4.5053345884235583 0.22478797469785308 0.053353963967756303 3.2951505240983434 5.3451042022952544 6.1632062049841245 5.7268424424629787 4.9904094477362264
decision_type=2 2 2 2 2 2 2 2 2 2 2 2 2
left_child=1 3 -2 4 5 -1 -6 9 -9 12 -10 -11 -4
right_child=2 -3 7 -5 6 -7 -8 8 10 11 -12 -13 -14
leaf_value=-0.00015469451874410838 0.021701089418384917 -0.03104440518047499 0.022914323318665001 -0.024133964997599833 0.041032302286475898 -0.032949376506385984 0.0025601598881185056 -0.028551613064271144 0.0076331907958799121 -0.02380902842110531 -0.019387911719399121 0.0044180101621724829 0.0049834850404295141
leaf_weight=89 43 23 44 24 28 27 25 33 74 22 23 34 48
leaf_count=89 43 23 44 24 28 27 25 33 74 22 23 34 48
internal_value=0 -0.0045543 0.00306458 -0.00139745 0.00183141 -0.00778794 0.0228851 0.00018195 -0.00633284 0.0059044 0.00122613 -0.00667118 0.0135591
internal_weight=0 216 321 193 169 116 53 278 130 148 97 56 92
internal_count=537 216 321 193 169 116 53 278 130 148 97 56 92
is_linear=0
shrinkage=0.1


Tree=42
num_leaves=10
num_cat=0
split_feature=49 6 23 31 30 92 43 6 92
split_gain=0.721624 1.72865 2.42384 1.65249 1.55516 0.962984 0.997006 1.0904 1.13339
threshold=2.191013317336941 2.7058230259275202 2.6735537653587347 3.4175922930736511 5.8435402162155627 5.4507641217888496 6.2045393967584817 2.191013317336941 5.307209606351063
decision_type=2 2 2 2 2 2 2 2 2
left_child=1 -1 -3 -4 -5 6 7 -2 -9
right_child=5 2 3 4 -6 -7 -8 8 -10
leaf_value=-0.025819825148915478 0.022266465196242702 0.025425840226997589 -0.030257024207427704 0.010348921683099536 -0.015139485246956694 -0.013365189774948008 0.023509863480925562 0.00789264164083236 -0.0051371482802133961
leaf_weight=33 26 29 24 54 43 34 25 123 146
leaf_count=33 26 29 24 54 43 34 25 123 146
internal_value=0 -0.00509852 -0.000539835 -0.00676301 -0.000950063 0.00263568 0.00433577 0.00271085 0.000820711
internal_weight=0 183 150 121 97 354 320 295 269
internal_count=537 183 150 121 97 354 320 295 269
is_linear=0
shrinkage=0.1


Tree=43
num_leaves=7
num_cat=0
split_feature=45 42 44 17 40 68
split_gain=0.70003 1.5808 2.21094 1.10116 1.98154 1.84819
threshold=6.3629745929482899 6.5352317916717775 6.0426074438783575 2.6735537653587347 4.7621374077860157 4.0605208781975284
decision_type=2 2 2 2 2 2
left_child=1 2 3 4 -1 -5
right_child=-2 -3 -4 5 -6 -7
leaf_value=-0.0095751430547843103 -0.01290189309929235 0.027217266911810097 -0.026022515998732662 0.031350185245275497 0.021005479156970978 0.0028638482848236894
leaf_weight=139 39 22 31 25 25 256
leaf_count=139 39 22 31 25 25 256
internal_value=0 0.00101039 -0.000200853 0.00159796 -0.00491346 0.00539822
internal_weight=0 498 476 445 164 281
internal_count=537 498 476 445 164 281
is_linear=0
shrinkage=0.1


Tree=44
num_leaves=15
num_cat=0
split_feature=7 18 74 3 44 16 27 15 53 50 48 8 5 45
split_gain=0.648486 3.02353 2.75549 1.66487 1.58022 1.51782 1.78537 1.58209 1.4004 1.20166 1.78499 1.08979 1.07602 0.856053
threshold=2.9430520157250784 4.8121513051691478 0.93398728249224383 1.9356005054539456 4.2045812236012674 3.8064155152036787 2.8029010331479989 4.6346818562128229 3.573502794434515 5.7004379805808041 3.3667009459186801 2.9700856263602158 2.9174053685313028 5.6903366269220443
decision_type=2 2 2 2 2 2 2 2 2 2 2 2 2 2
left_child=1 2 3 4 -1 6 -2 8 -7 10 -9 -5 -8 -11
right_child=5 -3 -4 11 -6 7 12 9 -10 13 -12 -13 -14 -15
leaf_value=-0.0071177966454775924 0.033712513347466791 -0.035152256176141754 0.030932432726025583 -0.035606846278128421 0.025048451102338734 -0.00055946674197912224 -0.010316152607889048 0.0056408872132674912 -0.03403060797229409 0.0054312343329555642 -0.018882673464338275 -0.0054449346885085109 0.017935310737588084 0.027389466965740378
leaf_weight=42 30 28 25 23 24 25 28 71 25 92 51 25 26 22
leaf_count=42 30 28 25 23 24 25 28 71 25 92 51 25 26 22
internal_value=0 -0.00517256 0.000866513 -0.00572689 0.00457902 0.00233464 0.0141529 -0.00113645 -0.017295 0.00228699 -0.00461077 -0.0198975 0.0032864 0.00966879
internal_weight=0 167 139 114 66 370 84 286 50 236 122 48 54 114
internal_count=537 167 139 114 66 370 84 286 50 236 122 48 54 114
is_linear=0
shrinkage=0.1


Tree=45
num_leaves=10
num_cat=0
split_feature=6 13 18 34 27 51 16 46 35
split_gain=0.639125 1.42062 0.880223 0.896263 1.89519 3.67884 2.17033 0.999089 0.914936
threshold=1.5890269151739729 2.8029010331479989 2.3937458713910238 4.0247135285553481 2.524928003624769 3.2180751841847144 1.9356005054539456 3.2951505240983434 1.9356005054539456
decision_type=2 2 2 2 2 2 2 2 2
left_child=1 -1 -2 7 5 -5 -6 -4 -9
right_child=2 -3 3 4 6 -7 -8 8 -10
leaf_value=-0.02884472347593502 0.015674788981490755 0.0063024590520755113 0.0017926818715560057 0.050403652797368442 -0.029568502508724732 -0.0074271618811921642 0.0016984817418946281 -0.034139936124715449 -0.0059069154434837406
leaf_weight=23 38 23 43 22 24 22 296 22 24
leaf_count=23 38 23 43 22 24 22 296 22 24
internal_value=0 -0.0112711 0.00105595 -0.000170353 0.00202909 0.0214882 -0.000646542 -0.00916583 -0.0194097
internal_weight=0 46 491 453 364 44 320 89 46
internal_count=537 46 491 453 364 44 320 89 46
is_linear=0
shrinkage=0.1


Tree=46
num_leaves=11
num_cat=0
split_feature=37 31 32 65 61 101 95 103 36 57
split_gain=0.651896 0.917645 2.3483 1.12184 1.32983 0.920703 1.60376 1.27512 0.682692 0.625163
threshold=6.6957064688540546 5.4595764601916565 5.7651468795656617 4.8403994749930588 5.4007287739783374 1.0397207708399181 2.6735537653587347 2.3502401828962087 5.2443855436100657 3.9814731691561582
decision_type=2 2 2 2 2 2 2 2 2 2
left_child=1 2 5 8 9 6 -1 -7 -3 -5
right_child=-2 3 -4 4 -6 7 -8 -9 -10 -11
leaf_value=-0.022682067402070617 -0.016470984790636144 0.0084214917638085109 -0.033533821690996939 0.0059233662913794876 0.020339367583532025 0.022098444127477707 0.0094530170634388941 0.00031185170661853737 0.03333392423492941 -0.013673076270539994
leaf_weight=41 23 22 22 27 27 30 25 257 22 41
leaf_count=41 23 22 22 27 27 30 25 257 22 41
internal_value=0 0.000737028 -0.00183542 0.0076771 0.00156313 0.000140113 -0.0105097 0.0025892 0.0208777 -0.00589214
internal_weight=0 514 375 139 95 353 66 287 44 68
internal_count=537 514 375 139 95 353 66 287 44 68
is_linear=0
shrinkage=0.1


Tree=47
num_leaves=8
num_cat=0
split_feature=60 61 63 6 26 87 43
split_gain=0.584509 1.70641 1.46016 1.52528 1.9598 1.03963 0.922202
threshold=0.91126556394740443 1.6163017059649156 3.6361991962850237 4.0247135285553481 4.3693677306817369 0.036928771232934005 2.9430520157250784
decision_type=2 2 2 2 2 2 2
left_child=-1 -2 6 4 -4 -5 -3
right_child=1 2 3 5 -6 -7 -8
leaf_value=0.01462622992694378 -0.022055051509024842 0.030481119640292792 -0.0013074985123239459 0.0064168683879199584 -0.03819888552340369 -0.0044278259844488053 0.0054424326474729334
leaf_weight=26 35 24 36 183 24 171 38
leaf_count=26 35 24 36 183 24 171 38
internal_value=0 -0.000744192 0.000822783 -0.00132057 -0.0160641 0.00117833 0.0151348
internal_weight=0 511 476 414 60 354 62
internal_count=537 511 476 414 60 354 62
is_linear=0
shrinkage=0.1


Tree=48
num_leaves=12
num_cat=0
split_feature=18 6 14 23 76 24 46 75 103 102 70
split_gain=0.534327 3.05106 1.65144 2.71321 1.48225 0.935451 0.908313 1.2388 0.895572 1.38987 1.22974
threshold=4.8121513051691478 4.4187680230537838 4.1742689126930488 2.524928003624769 2.1039905409583182 2.6735537653587347 2.3937458713910238 1.0000000180025095e-35 3.6105525490912482 2.0126758453675748 4.2901310959100893
decision_type=2 2 2 2 2 2 2 2 2 2 2
left_child=2 -2 4 -4 6 -5 -1 -8 -3 -10 -11
right_child=1 8 3 5 -6 -7 7 -9 9 10 -12
leaf_value=0.0061361524906741191 -0.038652611347127032 0.014083862130363018 0.039960345486178994 -0.012448786146938801 0.020732380432838746 0.012209745944419412 -0.0051501301178311712 -0.031218182910771039 -0.026209569095887921 -0.022243471672250468 0.00269716353852672
leaf_weight=35 22 39 28 25 22 40 61 26 22 22 195
leaf_count=35 22 39 28 25 22 40 61 26 22 22 195
internal_value=0 -0.00280369 0.00354897 0.0139361 -0.0031594 0.0027257 -0.00746775 -0.0129406 3.32756e-05 -0.0022595 0.00016862
internal_weight=0 300 237 93 144 65 122 87 278 239 217
internal_count=537 300 237 93 144 65 122 87 278 239 217
is_linear=0
shrinkage=0.1


Tree=49
num_leaves=6
num_cat=0
split_feature=7 61 32 24 32
split_gain=0.533289 0.979354 1.33882 0.918741 1.80679
threshold=6.4831026754353713 5.4007287739783374 6.2841271995609906 5.948031580597152 5.8550678171289681
decision_type=2 2 2 2 2
left_child=1 2 3 4 -1
right_child=-2 -3 -4 -5 -6
leaf_value=0.0011516773338790458 -0.012121003696366268 0.015251443603314286 -0.023033590003848078 0.017649237199608859 -0.027707653099913961
leaf_weight=382 34 43 25 30 23
leaf_count=382 34 43 25 30 23
internal_value=0 0.000819312 -0.000529778 0.000763544 -0.000487248
internal_weight=0 503 460 435 405
internal_count=537 503 460 435 405
is_linear=0
shrinkage=0.1


Tree=50
num_leaves=13
num_cat=0
split_feature=7 18 65 97 12 34 30 12 17 15 92 5
split_gain=0.503109 2.04316 1.94709 1.94145 1.22538 1.66435 1.51886 1.14127 1.49872 1.04226 0.713923 0.712691
threshold=2.9430520157250784 4.8121513051691478 1.6085863662850206 1.0397207708399181 4.2045812236012674 4.5746578350692051 5.0434043048315838 4.7957563937576522 4.4425820475484112 4.6346818562128229 5.4332646083043148 2.8029010331479989
decision_type=2 2 2 2 2 2 2 2 2 2 2 2
left_child=1 2 -1 -4 5 -2 -7 8 -6 -9 -11 -5
right_child=4 -3 3 11 7 6 -8 9 -10 10 -12 -13
leaf_value=-0.025499379293372232 -0.0044213793953886346 -0.029200605292992676 0.023953122805612972 0.0034905999284237628 0.0031231108084321026 0.039987988250840531 0.0084494059905409809 -0.01663465881375251 -0.030562855143632207 0.0075816321348277293 -0.0076375457744758861 -0.016921405748535807
leaf_weight=24 41 28 39 50 25 26 37 27 28 147 39 26
leaf_count=24 41 28 39 50 25 26 37 27 28 147 39 26
internal_value=0 -0.00455603 0.000408346 0.00581518 0.00205637 0.01126 0.0214653 -0.00154204 -0.0146732 0.00172535 0.00439051 -0.00349245
internal_weight=0 167 139 115 370 104 63 266 53 213 186 76
internal_count=537 167 139 115 370 104 63 266 53 213 186 76
is_linear=0
shrinkage=0.1


Tree=51
num_leaves=10
num_cat=0
split_feature=11 61 44 92 57 5 31 14 28
split_gain=0.476476 0.714773 1.32214 1.09854 1.27273 1.2904 0.993886 1.66565 0.748801
threshold=6.4831026754353713 5.4007287739783374 4.5325416796595226 5.3754770850277627 2.32956639713667 4.9904094477362264 5.4424083402947536 5.5740515676620417 5.1873702005911486
decision_type=2 2 2 2 2 2 2 2 2
left_child=1 3 -3 6 -5 -6 7 -1 -8
right_child=-2 2 -4 4 5 -7 8 -9 -10
leaf_value=0.0028852863969567287 -0.011641036967436473 -0.003586613623580585 0.030352459902430629 0.0070661145558178033 -0.028277475265786053 -0.0038407204048509927 0.0026598435730255886 -0.021070033721061369 0.025015068078233352
leaf_weight=241 33 24 22 37 40 47 29 33 31
leaf_count=241 33 24 22 37 40 47 29 33 31
internal_value=0 0.000762211 0.0126451 -0.000431269 -0.00846909 -0.015076 0.00255283 1.56602e-07 0.01421
internal_weight=0 504 46 458 124 87 334 274 60
internal_count=537 504 46 458 124 87 334 274 60
is_linear=0
shrinkage=0.1


Tree=52
num_leaves=10
num_cat=0
split_feature=6 1 18 34 27 11 12 46 102
split_gain=0.49523 1.19248 0.62027 0.694017 1.22972 2.28375 1.56908 0.778382 0.710076
threshold=1.5890269151739729 2.6735537653587347 2.3937458713910238 4.0247135285553481 2.8029010331479989 2.3937458713910238 1.9356005054539456 3.2951505240983434 1.4978661367769956
decision_type=2 2 2 2 2 2 2 2 2
left_child=1 -1 -2 7 5 -5 -6 -4 -9
right_child=2 -3 3 4 6 -7 -8 8 -10
leaf_value=-0.026738209836184981 0.013201273453581198 0.005493780493270606 0.0016570136725339434 -0.0033292970952710937 -0.026284681429917162 0.038708628776172802 0.0014158979515496899 -0.0051620838465169074 -0.03003428580070084
leaf_weight=22 38 24 43 28 22 24 290 24 22
leaf_count=22 38 24 43 28 22 24 290 24 22
internal_value=0 -0.00992152 0.000929511 -9.99084e-05 0.00183553 0.0160728 -0.000537348 -0.00801565 -0.0170575
internal_weight=0 46 491 453 364 52 312 89 46
internal_count=537 46 491 453 364 52 312 89 46
is_linear=0
shrinkage=0.1


Tree=53
num_leaves=6
num_cat=0
split_feature=45 42 44 45 101
split_gain=0.444428 1.1202 1.08044 0.708572 0.644171
threshold=6.3629745929482899 6.5352317916717775 6.0426074438783575 5.5052984857290932 1.0397207708399181
decision_type=2 2 2 2 2
left_child=1 2 3 4 -1
right_child=-2 -3 -4 -5 -6
leaf_value=-0.0087061999760487171 -0.01028006551309656 0.022866020182316954 -0.018265335057531636 0.018540198377079584 0.0018557595984472913
leaf_weight=69 39 22 31 22 354
leaf_count=69 39 22 31 22 354
internal_value=0 0.000805065 -0.000214559 0.00104291 0.000132887
internal_weight=0 498 476 445 423
internal_count=537 498 476 445 423
is_linear=0
shrinkage=0.1


Tree=54
num_leaves=8
num_cat=0
split_feature=60 65 63 87 10 54 61
split_gain=0.477262 1.25014 0.925862 1.19538 1.64321 1.24677 0.957824
threshold=0.91126556394740443 1.6540874884647356 3.6361991962850237 0.036928771232934005 3.9316333620047872 2.9174053685313028 1.8956470380598416
decision_type=2 2 2 2 2 2 2
left_child=-1 -2 6 5 -5 -4 -3
right_child=1 2 3 4 -6 -7 -8
leaf_value=0.013216459435912278 -0.020135430990804681 -0.001216200186360267 -0.011852629964308041 -0.031385551574445954 -0.0034332494295428182 0.0074797511469525957 0.022921731635662065
leaf_weight=26 31 31 41 24 170 179 35
leaf_count=26 31 31 41 24 170 179 35
internal_value=0 -0.000672462 0.000584522 -0.00116905 -0.00689127 0.0038769 0.0115842
internal_weight=0 511 480 414 194 220 66
internal_count=537 511 480 414 194 220 66
is_linear=0
shrinkage=0.1


Tree=55
num_leaves=9
num_cat=0
split_feature=104 63 33 98 86 4 104 3
split_gain=0.446441 0.602105 1.579 0.965371 0.761136 0.676313 0.297133 0.225447
threshold=4.2694773415988765 6.1483861063884087 5.7837825769642768 4.8751681865209777 0.67986905584219193 5.9215748258438401 3.637239779386936 6.0112551596500436
decision_type=2 2 2 2 2 2 2 2
left_child=1 2 3 4 -1 -3 7 -7
right_child=-2 5 -4 -5 -6 6 -8 -9
leaf_value=0.0035821766387998536 -0.013330547364118199 0.018169679235969041 -0.021167749365688202 -0.017057914945429988 -0.014896387024782598 0.0043777674182572147 0.010040444425410695 -0.009376742712293681
leaf_weight=313 24 37 36 28 24 22 27 26
leaf_count=313 24 37 36 28 24 22 27 26
internal_value=0 0.000623651 -0.00118691 0.000783798 0.0022662 0.00710612 0.0016481 -0.00307259
internal_weight=0 513 401 365 337 112 75 48
internal_count=537 513 401 365 337 112 75 48
is_linear=0
shrinkage=0.1


Tree=56
num_leaves=11
num_cat=0
split_feature=64 87 63 87 10 51 101 23 104 5
split_gain=0.406118 2.08622 0.947188 1.16425 1.37004 0.949607 0.864697 0.850011 0.997079 0.969143
threshold=2.6567398071438575 0.16788122690092908 3.6361991962850237 0.036928771232934005 3.9316333620047872 2.7058230259275202 3.0433873634561537 2.9430520157250784 1.4978661367769956 3.1132683346437333
decision_type=2 2 2 2 2 2 2 2 2 2
left_child=1 -1 5 7 -5 -2 -6 9 -9 -4
right_child=2 -3 3 4 6 -7 -8 8 -10 -11
leaf_value=-0.021942424675358868 0.029568709602410145 0.011836581282091863 0.03046277112880489 -0.029083191899015856 0.011732412572018803 0.0024032037825353686 -0.0065125035504182893 -0.016382005699253771 0.0045591054044456947 0.0014054313937032765
leaf_weight=41 22 33 24 23 32 31 138 27 144 22
leaf_count=41 22 33 24 23 32 31 138 27 144 22
internal_value=0 -0.00687881 0.00109942 -0.000526777 -0.00617721 0.0136795 -0.00307817 0.00449872 0.00125261 0.0165658
internal_weight=0 74 463 410 193 53 170 217 171 46
internal_count=537 74 463 410 193 53 170 217 171 46
is_linear=0
shrinkage=0.1


Tree=57
num_leaves=11
num_cat=0
split_feature=31 24 17 63 10 101 65 103 104 33
split_gain=0.39107 2.08255 0.753879 0.954743 0.888257 0.642716 1.14662 0.90377 0.642489 0.485657
threshold=5.3981524641123215 5.7137273593905471 5.4847883247493394 6.1483861063884087 5.4337124689388192 1.0397207708399181 3.98031281462606 2.3502401828962087 0.34657359027997264 5.9634967309428317
decision_type=2 2 2 2 2 2 2 2 2 2
left_child=1 5 4 -4 -2 6 -1 -7 -9 -5
right_child=2 -3 3 9 -6 7 -8 8 -10 -11
leaf_value=-0.018452076498029192 -6.8930837397391981e-05 -0.030304082257983585 -0.020512730810283264 -0.0045468644115745143 0.020771642202554747 0.018689009056737024 0.0084794303178787247 -0.013408422917127611 0.0022047416146826924 0.012909539037694534
leaf_weight=43 39 24 22 34 43 30 25 30 217 30
leaf_count=43 39 24 22 34 43 30 25 30 217 30
internal_value=0 -0.00182088 0.00399943 -0.00254171 0.0108597 0.000160559 -0.00855079 0.00229908 0.000308406 0.00363582
internal_weight=0 369 168 86 82 345 68 277 247 64
internal_count=537 369 168 86 82 345 68 277 247 64
is_linear=0
shrinkage=0.1


Tree=58
num_leaves=7
num_cat=0
split_feature=60 61 63 60 15 43
split_gain=0.437258 1.06314 0.858142 0.867554 1.05052 0.829739
threshold=0.91126556394740443 1.6600138229157391 3.6361991962850237 3.3254830349863638 2.8029010331479989 2.9430520157250784
decision_type=2 2 2 2 2 2
left_child=-1 -2 5 -4 -5 -3
right_child=1 2 3 4 -6 -7
leaf_value=0.012650431878864766 -0.016736174171398343 0.02676866623552759 -0.01983315225528634 0.01165374833102705 -0.0021843637512714712 0.002453260828042403
leaf_weight=26 38 23 23 66 325 36
leaf_count=26 38 23 23 66 325 36
internal_value=0 -0.000643662 0.000649183 -0.000958776 0.000151481 0.0119321
internal_weight=0 511 473 414 391 59
internal_count=537 511 473 414 391 59
is_linear=0
shrinkage=0.1


Tree=59
num_leaves=12
num_cat=0
split_feature=7 22 14 12 29 44 86 16 31 102 40
split_gain=0.392896 1.34015 2.40608 1.16098 1.10756 1.19544 1.02026 0.960961 0.711125 0.655832 0.837671
threshold=3.0201273556387074 4.5271940351011493 4.1742689126930488 3.6235402922928786 2.8029010331479989 2.8314802400679731 0.18819425919838886 2.3937458713910238 2.9430520157250784 2.0126758453675748 6.4536138387458246
decision_type=2 2 2 2 2 2 2 2 2 2 2
left_child=1 2 4 6 5 -1 -2 -3 -5 -10 -11
right_child=3 7 -4 8 -6 -7 -8 -9 9 10 -12
leaf_value=-0.0020178619499613601 0.024206794302862808 -0.03190451854219039 0.030323133089890084 -0.012917399082173845 0.0094788096512534795 -0.029762184105813508 -0.0023487747930314232 -0.005058281105011702 -0.013465321502061907 0.00079541330814213303 0.01955504037991718
leaf_weight=41 39 24 24 41 35 25 23 30 27 201 27
leaf_count=41 39 24 24 41 35 25 23 30 27 201 27
internal_value=0 -0.00382531 0.00186181 0.00191265 -0.00490127 -0.0125271 0.0143555 -0.0169899 -0.000693625 0.00127177 0.00301695
internal_weight=0 179 125 358 101 66 62 54 296 255 228
internal_count=537 179 125 358 101 66 62 54 296 255 228
is_linear=0
shrinkage=0.1


Tree=60
num_leaves=6
num_cat=0
split_feature=100 99 87 65 87
split_gain=0.38226 0.727787 0.58522 0.647731 0.629078
threshold=10.120320211525121 3.7132745361986528 0.68825814654134765 1.4613748085009057 0.036928771232934005
decision_type=2 2 2 2 2
left_child=1 2 3 -1 -5
right_child=-2 -3 -4 4 -6
leaf_value=-0.01589990180845444 0.01159566282812092 -0.017996609141118825 0.015777119475862255 0.0037878257019595672 -0.0038268451317862578
leaf_weight=26 27 23 23 240 198
leaf_count=26 27 23 23 240 198
internal_value=0 -0.000613888 0.000207062 -0.00056473 0.000345577
internal_weight=0 510 487 464 438
internal_count=537 510 487 464 438
is_linear=0
shrinkage=0.1


Tree=61
num_leaves=9
num_cat=0
split_feature=60 65 63 6 22 43 87 51
split_gain=0.401074 0.783712 0.476554 0.735233 1.10537 0.624531 0.522082 0.318992
threshold=0.91126556394740443 1.6440354852129457 3.6361991962850237 4.0247135285553481 4.3693677306817369 3.1132683346437333 0.036928771232934005 2.5619819897016298
decision_type=2 2 2 2 2 2 2 2
left_child=-1 -2 5 4 -4 -3 -5 -7
right_child=1 2 3 6 -6 7 -8 -9
leaf_value=0.012115706732639901 -0.016881763988307544 0.021475064906332157 -0.00049068505397519555 0.0044913340296311296 -0.028407363123867824 0.0099910396024246104 -0.0031937295594797279 -0.0066795834844621529
leaf_weight=26 28 23 37 183 23 22 171 24
leaf_count=26 28 23 37 183 23 22 171 24
internal_value=0 -0.000616455 0.000326462 -0.00095589 -0.0111921 0.00802057 0.000779058 0.00129332
internal_weight=0 511 483 414 60 69 354 46
internal_count=537 511 483 414 60 69 354 46
is_linear=0
shrinkage=0.1


Tree=62
num_leaves=6
num_cat=0
split_feature=104 104 19 23 32
split_gain=0.354162 0.458496 0.53102 0.660592 0.995172
threshold=4.2694773415988765 3.8499212036984933 6.4630099861839687 6.1484317689059056 6.2125880232083288
decision_type=2 2 2 2 2
left_child=1 2 3 4 -1
right_child=-2 -3 -4 -5 -6
leaf_value=0.00082648308341358348 -0.011873171323289473 0.013494053010184033 -0.015316500413146887 0.0174963462208821 -0.020990692269565028
leaf_weight=421 24 26 22 22 22
leaf_count=421 24 26 22 22 22
internal_value=0 0.00055547 -0.000135296 0.000582954 -0.000256988
internal_weight=0 513 487 465 443
internal_count=537 513 487 465 443
is_linear=0
shrinkage=0.1


Tree=63
num_leaves=10
num_cat=0
split_feature=76 78 14 2 28 13 95 11 103
split_gain=0.336986 1.10856 0.686653 1.68985 0.877004 0.84848 0.814762 0.717566 1.12084
threshold=1.5437237412202287 3.8782852702047772 4.1742689126930488 4.3303869599468818 4.317399216745252 2.9174053685313028 2.5619819897016298 2.9430520157250784 4.1107394736335969
decision_type=2 2 2 2 2 2 2 2 2
left_child=2 -2 4 -4 5 6 -1 -5 -9
right_child=1 -3 3 7 -6 -7 -8 8 -10
leaf_value=-0.0011897546927566115 0.016667587500883315 -0.010761694764748784 0.02180385179558976 -0.014348433901452358 -0.024176161527633667 0.013110577696352266 -0.024587806974622338 0.013174723079754858 -0.0025101132387303571
leaf_weight=46 41 23 36 36 25 24 22 57 227
leaf_count=46 41 23 36 36 25 24 22 57 227
internal_value=0 0.00681019 -0.000921463 0.0012628 -0.00756761 -0.00305442 -0.00875971 -0.00104806 0.0006379
internal_weight=0 64 473 356 117 92 68 320 284
internal_count=537 64 473 356 117 92 68 320 284
is_linear=0
shrinkage=0.1


Tree=64
num_leaves=8
num_cat=0
split_feature=100 85 45 47 97 97 61
split_gain=0.328985 0.571792 0.462208 1.28014 0.979928 1.31497 0.514005
threshold=10.120320211525121 0.67727089201096902 3.5549397315361362 4.3036997296511936 1.0397207708399181 2.6735537653587347 5.4148603007111271
decision_type=2 2 2 2 2 2 2
left_child=1 2 4 -4 -1 -6 -5
right_child=-2 -3 3 6 5 -7 -8
leaf_value=0.018640600399089022 0.010757322092023161 -0.013097969091990415 -0.020231893061261094 -0.0012343933035523814 -0.014188568147999998 0.0059336562911348964 0.014817320555448533
leaf_weight=37 27 34 35 214 44 124 22
leaf_count=37 27 34 35 214 44 124 22
internal_value=0 -0.000569505 0.000325385 -0.00238485 0.00390819 0.00066355 0.000261953
internal_weight=0 510 476 271 205 168 236
internal_count=537 510 476 271 205 168 236
is_linear=0
shrinkage=0.1


Tree=65
num_leaves=6
num_cat=0
split_feature=44 40 42 42 18
split_gain=0.335766 0.821413 0.623108 0.75475 0.474343
threshold=6.5984756171974519 6.1779096781959764 6.2633964485293765 6.1047832673922153 4.7790881836238563
decision_type=2 2 2 2 2
left_child=1 2 3 4 -1
right_child=-2 -3 -4 -5 -6
leaf_value=0.0028546363949444888 -0.010465594599473067 0.016648455653339625 -0.012695708628713252 0.018286261494959828 -0.0039029242954340439
leaf_weight=221 29 30 38 23 196
leaf_count=221 29 30 38 23 196
internal_value=0 0.000597445 -0.00040994 0.000651103 -0.000321579
internal_weight=0 508 478 440 417
internal_count=537 508 478 440 417
is_linear=0
shrinkage=0.1


Tree=66
num_leaves=13
num_cat=0
split_feature=7 54 65 51 46 70 46 92 24 103 23 37
split_gain=0.331928 1.31638 1.56152 1.53421 1.94829 0.811506 0.733643 0.665368 1.20389 1.09269 0.604768 1.06379
threshold=2.9430520157250784 3.8499212036984933 1.6085863662850206 2.8314802400679731 4.7790881836238563 2.4346885049461799 4.8597823571876004 5.3704795783610537 6.1333956902824402 4.9052473428434826 6.5805920052681364 5.3131938456227115
decision_type=2 2 2 2 2 2 2 2 2 2 2 2
left_child=1 2 -1 4 -4 -2 -5 10 9 -9 11 -7
right_child=5 -3 3 6 -6 7 -8 8 -10 -11 -12 -13
leaf_value=-0.022766071155667308 0.017729463116747553 -0.025372418427529436 -0.0025385402441315819 0.0024205592740327124 0.032091342742470184 0.0020923390092664504 -0.021318078397408777 -0.025824683045761455 0.0093924867359044817 -0.001512702951501859 -0.012082448143021042 0.022431847173720598
leaf_weight=25 29 24 32 30 33 180 23 36 34 38 23 30
leaf_count=25 29 24 32 30 33 180 23 36 34 38 23 30
internal_value=0 -0.00370065 -6.3425e-05 0.00474646 0.0150428 0.00167029 -0.00788111 0.000304555 -0.00618358 -0.0133402 0.00331193 0.00499798
internal_weight=0 167 143 118 65 370 53 341 108 74 233 210
internal_count=537 167 143 118 65 370 53 341 108 74 233 210
is_linear=0
shrinkage=0.1


Tree=67
num_leaves=10
num_cat=0
split_feature=6 97 18 34 38 27 34 3 39
split_gain=0.323948 0.993032 0.551673 0.443109 1.59894 1.57971 1.19397 0.781244 0.677815
threshold=1.5890269151739729 2.8617925509761908 2.3937458713910238 4.5746578350692051 5.0172579074712669 2.9430520157250784 5.1298812082267613 1.0397207708399181 3.5408542930527882
decision_type=2 2 2 2 2 2 2 2 2
left_child=1 -1 -2 7 5 -5 -6 -4 -9
right_child=2 -3 3 4 6 -7 -8 8 -10
leaf_value=-0.022091623411203423 0.012325083807196567 0.0073216678077270368 0.011454091281242048 0.036199503391981129 -0.022988640237599611 0.0038961397347653786 0.00047024801565103433 -0.013213498867684748 0.003946852360968478
leaf_weight=24 38 22 24 24 24 41 226 82 32
leaf_count=24 38 22 24 24 24 41 226 82 32
internal_value=0 -0.0080244 0.000751776 -0.000219053 0.00185104 0.0158235 -0.00178181 -0.00494427 -0.00839656
internal_weight=0 46 491 453 315 65 250 138 114
internal_count=537 46 491 453 315 65 250 138 114
is_linear=0
shrinkage=0.1


Tree=68
num_leaves=9
num_cat=0
split_feature=95 68 19 61 61 56 102 68
split_gain=0.301628 1.62665 1.49872 0.945029 0.708245 0.486402 0.739281 0.456614
threshold=1.0397207708399181 4.6267185876580514 3.891612008168019 0.89643595048923086 1.6163017059649156 3.1883634739493139 2.5619819897016298 4.1161053560792729
decision_type=2 2 2 2 2 2 2 2
left_child=1 -1 -3 -2 -5 7 -7 -6
right_child=3 2 -4 4 5 6 -8 -9
leaf_value=-0.026125029961650188 0.021187498056414455 0.024244544659317895 -0.010633705741825648 -0.016396453991532327 0.020308034077011559 -0.0085722978554920049 0.0020851166903041304 0.0032168003471775191
leaf_weight=26 22 22 28 25 22 88 250 54
leaf_count=26 22 22 28 25 22 88 250 54
internal_value=0 -0.00583703 0.00471272 0.000962287 -5.12766e-05 0.000935751 -0.000689595 0.00816426
internal_weight=0 76 50 461 439 414 338 76
internal_count=537 76 50 461 439 414 338 76
is_linear=0
shrinkage=0.1


Tree=69
num_leaves=6
num_cat=0
split_feature=7 61 32 24 32
split_gain=0.302169 0.434544 0.869986 0.539763 0.957662
threshold=6.4831026754353713 5.4148603007111271 6.2841271995609906 5.948031580597152 5.8550678171289681
decision_type=2 2 2 2 2
left_child=1 2 3 4 -1
right_child=-2 -3 -4 -5 -6
leaf_value=0.0010291759749888455 -0.0091239381006316244 0.010616572565631942 -0.018018514089859449 0.013528852825683932 -0.019979847303551179
leaf_weight=383 34 40 26 31 23
leaf_count=383 34 40 26 31 23
internal_value=0 0.000616727 -0.00024719 0.000810143 -0.00016099
internal_weight=0 503 463 437 406
internal_count=537 503 463 437 406
is_linear=0
shrinkage=0.1


Tree=70
num_leaves=14
num_cat=0
split_feature=13 12 14 8 92 41 45 12 57 1 100 16 101
split_gain=0.286449 1.29904 0.915811 1.12978 1.0876 1.04356 0.872419 0.654255 0.838522 0.649582 1.02218 0.619455 0.581257
threshold=3.1132683346437333 3.8064155152036787 5.0688844241303981 3.9701138825728512 5.2291783978631114 1.8688348091416844 3.3667009459186801 4.7957563937576522 4.0817656294488804 3.891612008168019 8.6312358437723962 5.5797227059640084 4.2903656061101136
decision_type=2 2 2 2 2 2 2 2 2 2 2 2 2
left_child=2 6 3 4 -1 -6 -2 9 11 -3 -11 -9 -10
right_child=1 7 -4 -5 5 -7 -8 8 12 10 -12 -13 -14
leaf_value=-0.022864391446113588 0.029336595041677356 0.0037134476471692326 -0.019769578804594599 0.017729303073579575 0.012984226334118854 -0.0067656047206807448 0.0050198100216221064 0.0010070043562778405 -0.017049965634942054 -0.032068630671975289 -0.0019181230631859407 0.019690102162874409 9.904273278412543e-05
leaf_weight=25 25 24 28 29 41 77 36 35 24 22 23 36 112
leaf_count=25 25 24 28 29 41 77 36 35 24 22 23 36 112
internal_value=0 0.00177925 -0.00299803 -0.000267781 -0.00391754 9.66247e-05 0.0149857 -0.00113957 0.00167141 -0.00957252 -0.0166584 0.0104801 -0.00292725
internal_weight=0 337 200 172 143 118 61 276 207 69 45 71 136
internal_count=537 337 200 172 143 118 61 276 207 69 45 71 136
is_linear=0
shrinkage=0.1


Tree=71
num_leaves=12
num_cat=0
split_feature=10 101 51 101 16 2 28 103 45 12 29
split_gain=0.285897 0.842993 1.87933 0.830239 1.03309 0.710488 0.649003 0.722449 1.00764 0.521808 0.448999
threshold=3.4334666422309414 2.7058230259275202 3.2180751841847144 2.8314802400679731 2.3937458713910238 1.5890269151739729 2.3937458713910238 3.6105525490912482 6.3629745929482899 3.2951505240983434 2.191013317336941
decision_type=2 2 2 2 2 2 2 2 2 2 2
left_child=3 2 -2 4 5 -1 10 9 -9 -8 -3
right_child=1 6 -4 -5 -6 -7 7 8 -10 -11 -12
leaf_value=-0.013581387135379304 0.026561181690241843 -0.021795870205792395 -0.0068178901028248572 0.0099019076176253829 -0.027368900346724942 0.010278644707674783 0.0020728431709082515 0.00043609202918919404 -0.021482878496222522 0.020633114535095438 -0.0018131833862174642
leaf_weight=26 37 23 31 28 24 24 33 238 23 28 22
leaf_count=26 37 23 31 28 24 24 33 238 23 28 22
internal_value=0 0.00111731 0.0113443 -0.00476499 -0.0103146 -0.00212857 -0.000777603 0.000794456 -0.00149546 0.0105923 -0.0120266
internal_weight=0 435 68 102 74 50 367 322 261 61 45
internal_count=537 435 68 102 74 50 367 322 261 61 45
is_linear=0
shrinkage=0.1


Tree=72
num_leaves=6
num_cat=0
split_feature=38 37 41 40 36
split_gain=0.301331 0.6442 0.691287 0.531823 0.61087
threshold=6.7320053855989617 5.9053284366375065 5.6185859816918615 5.8888741216379641 5.0172579074712669
decision_type=2 2 2 2 2
left_child=1 2 3 4 -1
right_child=-2 -3 -4 -5 -6
leaf_value=-0.0016876855528840059 0.0084648065185413159 -0.014163881664474806 0.017197687640462235 -0.014459295613834492 0.0077347594500658499
leaf_weight=329 39 33 23 26 87
leaf_count=329 39 33 23 26 87
internal_value=0 -0.000662907 0.000295227 -0.000584313 0.000282874
internal_weight=0 498 465 442 416
internal_count=537 498 465 442 416
is_linear=0
shrinkage=0.1


Tree=73
num_leaves=8
num_cat=0
split_feature=97 97 73 49 71 3 7
split_gain=0.275885 0.503732 0.503196 0.570839 0.476426 0.901628 0.576479
threshold=6.6240431818084256 6.1861747525776369 4.5217294998350539 4.5107991236896536 2.2975599250672958 1.9356005054539456 2.191013317336941
decision_type=2 2 2 2 2 2 2
left_child=1 2 4 -4 6 -6 -1
right_child=-2 -3 3 -5 5 -7 -8
leaf_value=-0.0077175638580883159 -0.0094865898593682156 0.013111147992312909 -0.019930060605446883 -0.00059527092317521982 0.024895216135138815 0.0020050169662808224 0.0017900237477281027
leaf_weight=89 29 30 26 37 22 79 225
leaf_count=89 29 30 26 37 22 79 225
internal_value=0 0.000541557 -0.000247329 -0.00857471 0.00101683 0.006991 -0.000904802
internal_weight=0 508 478 63 415 101 314
internal_count=537 508 478 63 415 101 314
is_linear=0
shrinkage=0.1


Tree=74
num_leaves=14
num_cat=0
split_feature=18 6 14 41 28 19 41 103 102 86 13 12 7
split_gain=0.280347 1.41215 0.754241 1.8082 0.701787 1.05771 0.611043 0.576559 0.794767 0.772822 0.569322 0.417015 0.383927
threshold=4.7790881836238563 4.4187680230537838 4.2625806805327082 1.8688348091416844 3.4960482137079443 1.5890269151739729 2.6735537653587347 3.6105525490912482 2.0126758453675748 0.29216371308724054 3.3667009459186801 4.317399216745252 1.9356005054539456
decision_type=2 2 2 2 2 2 2 2 2 2 2 2 2
left_child=2 -2 4 -4 5 6 -1 9 -9 -3 -5 -10 -7
right_child=1 7 3 10 -6 12 -8 8 11 -11 -12 -13 -14
leaf_value=0.00067314705308023338 -0.026383999760516665 -0.0028153526967137376 0.031572041860609142 -0.010795313177200463 -0.013830506790961539 0.021853384521344436 -0.020371882700022648 -0.019278374671315157 0.012949409834320911 0.02369059773839333 0.010803329766444538 -0.0015705335610878787 0.0053134015528485184
leaf_weight=37 22 22 27 26 35 23 22 24 22 22 23 196 36
leaf_count=37 22 22 27 26 35 23 22 24 22 22 23 196 36
internal_value=0 -0.00197017 0.00264983 0.0107927 -0.00139498 0.00229352 -0.00717415 -9.21789e-05 -0.00200669 0.0104376 -0.000657175 -0.000105218 0.0117612
internal_weight=0 308 229 76 153 118 59 286 242 44 49 218 59
internal_count=537 308 229 76 153 118 59 286 242 44 49 218 59
is_linear=0
shrinkage=0.1


Tree=75
num_leaves=9
num_cat=0
split_feature=60 65 70 10 104 10 43 35
split_gain=0.296387 0.45655 0.353781 0.670509 1.92687 0.722264 0.481724 0.605381
threshold=0.91126556394740443 1.6540874884647356 3.6448797923089091 4.2625806805327082 2.249904835165133 4.791641144189394 2.9430520157250784 4.2045812236012674
decision_type=2 2 2 2 2 2 2 2
left_child=-1 -2 6 4 -4 -5 -3 -8
right_child=1 2 3 5 -6 -7 7 -9
leaf_value=0.010415167640894653 -0.012291721891491645 0.015541924090094625 -0.034253781424327327 0.013832939852561269 0.0056148266639663947 -0.0014549469584105256 -0.008074697898700833 0.007690799137150559
leaf_weight=26 31 31 22 35 27 264 41 60
leaf_count=26 31 31 22 35 27 264 41 60
internal_value=0 -0.00052993 0.000229685 -0.00144234 -0.0122854 0.000334605 0.00463777 0.00129094
internal_weight=0 511 480 348 49 299 132 101
internal_count=537 511 480 348 49 299 132 101
is_linear=0
shrinkage=0.1


Tree=76
num_leaves=9
num_cat=0
split_feature=100 95 103 98 98 16 57 9
split_gain=0.255435 0.452952 1.28649 0.887416 1.18696 0.573656 0.510732 0.113256
threshold=10.120320211525121 5.298267364047871 5.3082186801961271 4.770540966944206 4.3693677306817369 5.948031580597152 4.1040637448417021 6.1632062049841245
decision_type=2 2 2 2 2 2 2 2
left_child=1 3 -3 4 5 -1 -4 -8
right_child=-2 2 6 -5 -6 -7 7 -9
leaf_value=-0.00045976515683855169 0.0094788642841632728 -0.02724043828961642 0.012150868020303872 -0.018040092512155357 0.022810758779255244 0.01497158028292828 -0.0086880762649295656 0.00020269322532998481
leaf_weight=328 27 23 23 23 26 26 38 23
leaf_count=328 27 23 23 23 26 26 38 23
internal_value=0 -0.000501822 -0.00628547 0.00103379 0.00218826 0.00067361 -0.000547797 -0.00533582
internal_weight=0 510 107 403 380 354 84 61
internal_count=537 510 107 403 380 354 84 61
is_linear=0
shrinkage=0.1


Tree=77
num_leaves=9
num_cat=0
split_feature=95 68 19 61 61 56 102 10
split_gain=0.249174 1.09543 1.0583 0.738242 0.421318 0.383222 0.49189 0.275796
threshold=1.0397207708399181 4.6102843803351883 3.8176519431297078 0.89643595048923086 1.6163017059649156 3.1883634739493139 2.5619819897016298 3.7609296261008152
decision_type=2 2 2 2 2 2 2 2
left_child=1 -1 -3 -2 -5 7 -7 -6
right_child=3 2 -4 4 5 6 -8 -9
leaf_value=-0.022977146009604137 0.018750600000335415 0.01951011766425588 -0.0093657328685124719 -0.012627961283549666 0.0014413478679489345 -0.0071325292130826378 0.0015606994847941679 0.013506126247294662
leaf_weight=24 22 22 30 25 40 88 250 36
leaf_count=24 22 22 30 25 40 88 250 36
internal_value=0 -0.00530528 0.00285097 0.000874622 -2.12125e-05 0.000740065 -0.000702626 0.00715624
internal_weight=0 76 52 461 439 414 338 76
internal_count=537 76 52 461 439 414 338 76
is_linear=0
shrinkage=0.1


Tree=78
num_leaves=13
num_cat=0
split_feature=49 51 100 10 101 3 89 92 31 86 45 45
split_gain=0.239923 0.779293 1.19385 0.825086 0.795086 0.434219 0.460232 0.459206 0.592924 0.39971 0.365089 0.544997
threshold=2.191013317336941 3.2180751841847144 6.232291670340838 3.4960482137079443 2.7058230259275202 6.6240431818084256 0.25411493024883131 5.3704795783610537 5.3981524641123215 0.37342243727572116 5.5293975924403922 2.8029010331479989
decision_type=2 2 2 2 2 2 2 2 2 2 2 2
left_child=1 2 -1 -4 -5 6 7 9 -9 -2 11 -8
right_child=5 -3 3 4 -6 -7 10 8 -10 -11 -12 -13
leaf_value=0.017203049835699213 -0.00099158016505979866 -0.019736314844340089 -0.020965328730642798 0.015672446981720305 -0.0054243552254047249 -0.011766510246240576 0.013222496724790998 -0.018152282817353465 0.00072862142010424766 0.011130806758301333 0.018663460067050022 -0.00084414563545937536
leaf_weight=31 85 24 25 23 80 23 45 29 39 40 22 71
leaf_count=31 85 24 25 23 80 23 45 29 39 40 22 71
internal_value=0 -0.00293985 -0.000404533 -0.00466887 -0.000713419 0.00151975 0.00244297 -0.000710114 -0.00732353 0.00288758 0.00685271 0.00461274
internal_weight=0 183 159 128 103 354 331 193 68 125 138 116
internal_count=537 183 159 128 103 354 331 193 68 125 138 116
is_linear=0
shrinkage=0.1


Tree=79
num_leaves=13
num_cat=0
split_feature=18 9 18 97 10 40 75 3 5 15 50 49
split_gain=0.238088 1.24862 0.62261 0.507623 0.888002 0.665568 0.686364 0.476757 0.519334 0.503859 0.66548 0.389479
threshold=4.7790881836238563 2.3502401828962087 4.6346818562128229 1.0397207708399181 3.0433873634561537 2.191013317336941 1.0000000180025095e-35 4.3502571242716384 3.4960482137079443 4.8903208612686422 5.7004379805808041 4.1266138227908868
decision_type=2 2 2 2 2 2 2 2 2 2 2 2
left_child=2 -2 3 4 -1 11 -7 8 -3 -9 -11 -5
right_child=1 7 -4 5 -6 6 -8 9 -10 10 -12 -13
leaf_value=-0.0031357912047059035 -0.019890496959252393 0.00012928758787893459 0.017681146413087847 -0.00059177042779213346 0.02330075127344268 0.00067712641507387166 -0.016346328128646646 -0.013088895185148542 0.019365341685712339 -0.0059512953930111094 0.0060879565748715933 0.01594796153670662
leaf_weight=27 34 32 24 35 24 50 45 33 25 88 96 24
leaf_count=27 34 32 24 35 24 50 45 33 25 88 96 24
internal_value=0 -0.00181562 0.00244196 0.000657865 0.00930493 -0.00220577 -0.00738662 0.000427252 0.00856615 -0.00171062 0.000330053 0.00613626
internal_weight=0 308 229 205 51 154 95 274 57 217 184 59
internal_count=537 308 229 205 51 154 95 274 57 217 184 59
is_linear=0
shrinkage=0.1


Tree=80
num_leaves=7
num_cat=0
split_feature=37 38 36 53 37 18
split_gain=0.229476 0.401708 0.442252 1.02279 0.701656 0.283373
threshold=6.6957064688540546 6.7320053855989617 5.9635760393734838 3.2480083730269782 5.3889778947782228 4.744894319750431
decision_type=2 2 2 2 2 2
left_child=1 2 4 -4 5 -1
right_child=-2 -3 3 -5 -6 -7
leaf_value=0.0023674076319049504 -0.0097723509063539302 0.013657692855816674 0.00558942433160085 -0.021954454943936851 0.016831463496558941 -0.0028866925827088319
leaf_weight=218 23 22 26 28 26 194
leaf_count=218 23 22 26 28 26 194
internal_value=0 0.000437284 -0.000153872 -0.00869259 0.000898846 -0.00010661
internal_weight=0 514 492 54 438 412
internal_count=537 514 492 54 438 412
is_linear=0
shrinkage=0.1


Tree=81
num_leaves=14
num_cat=0
split_feature=7 18 41 23 28 23 3 41 104 92 34 13 47
split_gain=0.227726 0.783689 0.597399 1.0785 0.553692 0.788646 0.777244 0.753023 0.617057 0.481693 0.431002 0.405983 0.219683
threshold=3.0201273556387074 4.7229433450037179 1.0397207708399181 1.5890269151739729 3.9701138825728512 4.7621374077860157 4.8903208612686422 6.3314765202922478 1.4978661367769956 5.328495079488845 4.7229433450037179 2.6735537653587347 1.9356005054539456
decision_type=2 2 2 2 2 2 2 2 2 2 2 2 2
left_child=1 2 -1 -4 10 9 8 -8 -7 -6 12 -5 -2
right_child=4 -3 3 11 5 6 7 -9 -10 -11 -12 -13 -14
leaf_value=0.012201516106420861 0.0079127424531371185 -0.015051563776938654 -0.016488284512275929 -0.0018663912295148926 -0.0034976305140714558 0.00015661630819997064 0.0011102925718882585 -0.018423673229130067 0.022089777559298893 -0.023270957679911095 0.017472154247843718 0.014085475010452448 -0.0043079803620154657
leaf_weight=34 38 41 38 39 28 23 139 23 29 22 32 27 24
leaf_count=34 38 41 38 39 28 23 139 23 29 22 32 27 24
internal_value=0 -0.00291228 0.000694314 -0.00306766 0.00145614 -0.000890541 0.00175136 -0.00166305 0.0123886 -0.0121979 0.00804683 0.00465937 0.00318214
internal_weight=0 179 138 104 358 264 214 162 52 50 94 66 62
internal_count=537 179 138 104 358 264 214 162 52 50 94 66 62
is_linear=0
shrinkage=0.1


Tree=82
num_leaves=12
num_cat=0
split_feature=50 95 2 87 14 36 86 92 86 83 47
split_gain=0.2257 0.833651 0.63526 1.39214 0.960112 0.685418 0.599696 0.555147 0.26856 0.290944 0.265515
threshold=5.9295749965170605 5.2417330174952186 5.0434043048315838 0.43903029175761082 5.0434043048315838 5.0995688973185436 0.39416298724084603 5.3172185614640251 0.45154517707384256 2.6063797340162727 4.8903208612686422
decision_type=2 2 2 2 2 2 2 2 2 2 2
left_child=1 2 4 6 5 -1 -4 -3 9 10 -2
right_child=8 7 3 -5 -6 -7 -8 -9 -10 -11 -12
leaf_value=-0.0016793064683485602 -0.0092511463164907676 -0.0032167886048555376 0.006703382444490368 0.028695154256369593 -0.017411182602194864 0.01696041631512344 -0.011020236775844492 -0.02474414015128075 0.011123470943421126 0.01063655715678697 0.0030788560397922993
leaf_weight=191 31 25 60 23 36 22 28 23 35 23 40
leaf_count=191 31 25 60 23 36 22 28 23 35 23 40
internal_value=0 -0.00115277 0.000497789 0.00678941 -0.00230691 0.000245923 0.00106405 -0.013532 0.00364598 0.000861803 -0.00230467
internal_weight=0 408 360 111 249 213 88 48 129 94 71
internal_count=537 408 360 111 249 213 88 48 129 94 71
is_linear=0
shrinkage=0.1


Tree=83
num_leaves=10
num_cat=0
split_feature=60 49 46 13 19 50 76 36 23
split_gain=0.213585 0.322613 0.557296 0.666652 0.647929 0.574811 0.384022 0.289085 0.463353
threshold=0.91126556394740443 2.191013317336941 5.0906732680195743 2.3502401828962087 3.8176519431297078 2.9430520157250784 1.5437237412202287 1.9356005054539456 4.7621374077860157
decision_type=2 2 2 2 2 2 2 2 2
left_child=-1 2 3 -2 -4 -6 7 -3 -9
right_child=1 6 4 -5 5 -7 -8 8 -10
leaf_value=0.0088414226300441295 -0.020689254168953217 0.009214370042055605 0.011964822100531874 0.00022438472240335412 0.0059728692768008587 -0.01261442218475589 0.010365810889250987 -0.0056719493981795153 0.0026129397205435314
leaf_weight=26 35 31 33 27 28 41 41 119 156
leaf_count=26 35 31 33 27 28 41 41 119 156
internal_value=0 -0.000449857 -0.00410474 -0.0115817 0.00044008 -0.00507175 0.00127752 5.98107e-05 -0.000972158
internal_weight=0 511 164 62 102 69 347 306 275
internal_count=537 511 164 62 102 69 347 306 275
is_linear=0
shrinkage=0.1


Tree=84
num_leaves=9
num_cat=0
split_feature=78 76 10 48 30 34 23 14
split_gain=0.210771 0.649314 0.460863 0.644385 0.630051 1.61961 0.855218 0.457718
threshold=3.8782852702047772 2.1039905409583182 3.4334666422309414 1.5890269151739729 5.0172579074712669 4.6586997221347959 4.7621374077860157 2.3937458713910238
decision_type=2 2 2 2 2 2 2 2
left_child=1 2 3 -1 5 -4 -6 -5
right_child=-2 -3 4 7 6 -7 -8 -9
leaf_value=-0.01819639576424379 -0.0072828624019953053 0.015925607909090245 -0.00054939270915423078 0.0099548874034856762 -0.01231396744911701 0.023553451067127754 0.0013868791799905014 -0.0090251199288845629
leaf_weight=32 37 26 92 24 59 40 200 27
leaf_count=32 37 26 92 24 59 40 200 27
internal_value=0 0.000538932 -0.000305063 -0.00707284 0.00113157 0.0067545 -0.00173416 -9.33518e-05
internal_weight=0 500 474 83 391 132 259 51
internal_count=537 500 474 83 391 132 259 51
is_linear=0
shrinkage=0.1


Tree=85
num_leaves=10
num_cat=0
split_feature=18 16 32 36 28 18 51 50 66
split_gain=0.208934 0.598022 0.512559 0.70576 0.576654 0.504795 0.472615 0.359636 0.308552
threshold=6.1903070075025832 5.7268424424629787 5.8550678171289681 5.0995688973185436 4.317399216745252 6.3062686269857116 2.191013317336941 5.6167644860526105 5.5331941655433008
decision_type=2 2 2 2 2 2 2 2 2
left_child=1 2 3 4 -1 -2 -5 -7 -9
right_child=5 -3 -4 6 -6 7 -8 8 -10
leaf_value=0.0014028141680135719 -0.017468575654890052 0.014592202479640643 -0.01453882380510154 0.022203484517724619 -0.0085133990037025188 -0.0096568514093503064 0.003529932208810792 0.012777949128455172 -0.0023248994114598441
leaf_weight=246 22 30 23 23 77 28 33 24 31
leaf_count=246 22 30 23 23 77 28 33 24 31
internal_value=0 0.000972457 -4.39415e-05 0.000835695 -0.000961113 -0.00400097 0.0111994 -0.00043124 0.00426543
internal_weight=0 432 402 379 323 105 56 83 55
internal_count=537 432 402 379 323 105 56 83 55
is_linear=0
shrinkage=0.1


Tree=86
num_leaves=12
num_cat=0
split_feature=104 2 103 18 27 10 22 46 13 26 42
split_gain=0.198278 0.260449 1.34847 0.984107 1.19978 0.631873 0.702271 0.596312 0.540068 0.513699 0.367577
threshold=4.2694773415988765 5.0434043048315838 4.0773937863842606 4.6913057964583187 3.3842466058243152 4.234001473612734 4.5538214868689204 6.5889255315107418 3.4334666422309414 5.7137273593905471 6.4085274340177412
decision_type=2 2 2 2 2 2 2 2 2 2 2
left_child=1 3 -3 5 -5 8 -7 10 -1 -6 -4
right_child=-2 2 7 4 9 6 -8 -9 -10 -11 -12
leaf_value=-0.0043975543915629727 -0.0088838854183753337 0.021241232916808635 2.1992879306995559e-05 -0.02983703901603197 0.0054062021040027185 0.024144013109616936 -0.00030895685169683853 -0.015789308297363195 0.010928412324524132 -0.014574015204032715 0.013754300197417087
leaf_weight=111 24 34 171 24 31 24 23 22 29 22 22
leaf_count=111 24 34 171 24 31 24 23 22 29 22 22
internal_value=0 0.00041562 0.00273571 -0.00177265 -0.0112873 0.00214516 0.0121777 -0.000190741 -0.00122289 -0.00288747 0.00158733
internal_weight=0 513 249 264 77 187 47 215 140 53 193
internal_count=537 513 249 264 77 187 47 215 140 53 193
is_linear=0
shrinkage=0.1


Tree=87
num_leaves=9
num_cat=0
split_feature=78 76 10 96 7 84 48 16
split_gain=0.183071 0.540681 0.366367 0.573631 0.567285 0.546088 0.534985 0.362968
threshold=3.8782852702047772 2.1039905409583182 3.4334666422309414 4.0247135285553481 2.524928003624769 0.28226470313004975 1.5890269151739729 1.9356005054539456
decision_type=2 2 2 2 2 2 2 2
left_child=1 2 6 5 -5 -4 -1 -8
right_child=-2 -3 3 4 -6 -7 7 -9
leaf_value=-0.016437498024606614 -0.0067874599114450557 0.01454295569475597 0.021482627592980863 -0.011941407167499788 0.0010156439348566729 0.00013163318331150907 0.0097432387421246287 -0.0072904589955277493
leaf_weight=32 37 26 25 38 305 23 22 29
leaf_count=32 37 26 25 38 305 23 22 29
internal_value=0 0.000502272 -0.000267892 0.00101302 -0.000419831 0.0112519 -0.00630207 5.74106e-05
internal_weight=0 500 474 391 343 48 83 51
internal_count=537 500 474 391 343 48 83 51
is_linear=0
shrinkage=0.1


Tree=88
num_leaves=8
num_cat=0
split_feature=60 57 70 100 64 8 4
split_gain=0.189284 0.267121 0.27708 0.509864 0.408196 0.281124 0.213833
threshold=0.91126556394740443 1.0374361727265249 3.6448797923089091 7.3287612361611201 4.1649407132205116 3.4334666422309414 2.9700856263602158
decision_type=2 2 2 2 2 2 2
left_child=-1 -2 5 -4 -5 6 -3
right_child=1 2 3 4 -6 -7 -8
leaf_value=0.0083232649100514564 -0.0084899346405444189 0.0048970800986432514 -0.013466155679235536 0.009551611797621427 -0.0013730764061148889 0.013516823927728603 -0.0052156704540054014
leaf_weight=26 38 69 31 39 278 26 30
leaf_count=26 38 69 31 39 278 26 30
internal_value=0 -0.000423493 0.000224551 -0.00122601 -2.90296e-05 0.00426293 0.00183261
internal_weight=0 511 473 348 317 125 99
internal_count=537 511 473 348 317 125 99
is_linear=0
shrinkage=0.1


Tree=89
num_leaves=6
num_cat=0
split_feature=46 42 42 42 42
split_gain=0.182788 0.903575 0.476867 0.364451 0.226321
threshold=7.0021555404279701 6.5352317916717775 6.2633964485293765 6.1158701961393769 5.3032925319746216
decision_type=2 2 2 2 2
left_child=1 2 3 4 -1
right_child=-2 -3 -4 -5 -6
leaf_value=0.0010436432268943463 -0.0077218132699711315 0.019380264004576021 -0.011251881564232081 0.012404667961042531 -0.0043656873565030797
leaf_weight=320 29 24 38 24 102
leaf_count=320 29 24 38 24 102
internal_value=0 0.000440812 -0.000498334 0.000417887 -0.000263825
internal_weight=0 508 484 446 422
internal_count=537 508 484 446 422
is_linear=0
shrinkage=0.1


Tree=90
num_leaves=8
num_cat=0
split_feature=16 64 16 31 31 20 31
split_gain=0.175395 0.718298 0.538665 0.473292 0.381509 0.550908 0.313274
threshold=6.102536072598296 6.3412391968293269 5.948031580597152 6.1484317689059056 5.3981524641123215 5.2443855436100657 5.8749149497672386
decision_type=2 2 2 2 2 2 2
left_child=2 -2 3 4 5 -1 -6
right_child=1 -3 -4 -5 6 -7 -8
leaf_value=0.00049919448536876688 -0.01695426845856543 0.0042747056350816749 0.014385374093911163 -0.013528619029559194 0.011541409865386931 -0.013278176513267681 -0.0021237258389592171
leaf_weight=312 28 37 27 25 51 32 25
leaf_count=312 28 37 27 25 51 32 25
internal_value=0 -0.00487008 0.000670668 -0.00016146 0.000634204 -0.000782421 0.0070463
internal_weight=0 65 472 445 420 344 76
internal_count=537 65 472 445 420 344 76
is_linear=0
shrinkage=0.1


Tree=91
num_leaves=15
num_cat=0
split_feature=92 73 103 19 19 50 3 88 96 65 100 17 85 85
split_gain=0.170906 0.459688 0.402923 1.05299 0.718134 0.3377 0.565717 0.429177 0.8791 0.811651 0.626689 0.584953 0.274204 0.344189
threshold=5.3754770850277627 2.9944807084449319 1.9356005054539456 5.1298812082267613 6.0112551596500436 4.5325416796595226 1.9356005054539456 0.381909351472076 4.7094896185437563 3.98031281462606 8.1767812389201762 1.8688348091416844 0.68697962123719292 0.53143950458480316
decision_type=2 2 2 2 2 2 2 2 2 2 2 2 2 2
left_child=5 2 -2 -4 -5 7 -7 8 11 -9 -10 -1 13 -8
right_child=1 -3 3 4 -6 6 12 9 10 -11 -12 -13 -14 -15
leaf_value=0.0012857444941931006 -0.011265951932873578 -0.013961102492175997 0.018747779168188573 -0.016155572787725499 0.0057737055059988059 0.018227351398430378 -0.00061168239335529506 -0.017673648522050386 -0.021373993941762655 0.0056994944294274322 0.0017676228694617749 0.020151690777856859 -0.0085644433782859283 0.0085347412126591526
leaf_weight=42 25 30 29 28 32 24 96 39 22 24 25 27 22 72
leaf_count=42 25 30 29 28 32 24 96 39 22 24 25 27 22 72
internal_value=0 -0.00294718 -4.87778e-05 0.00310211 -0.00445996 0.00107988 0.00376083 -0.00212528 0.00148327 -0.00876959 -0.00906462 0.00866807 0.00193348 0.00330821
internal_weight=0 144 114 89 60 393 214 179 116 63 47 69 190 168
internal_count=537 144 114 89 60 393 214 179 116 63 47 69 190 168
is_linear=0
shrinkage=0.1


Tree=92
num_leaves=7
num_cat=0
split_feature=40 32 25 37 30 52
split_gain=0.176564 0.516341 0.303972 0.583598 0.289909 0.20311
threshold=6.5984756171974519 6.2841271995609906 5.8141260764699529 5.3518469026947413 5.883318508925429 4.317399216745252
decision_type=2 2 2 2 2 2
left_child=1 2 3 4 -1 -5
right_child=-2 -3 -4 5 -6 -7
leaf_value=0.00058485157643170407 0.0075892077558192203 -0.013159173571815095 -0.0092103607216549501 0.0048554216714008997 -0.0093385781161487106 0.018005991027651668
leaf_weight=368 29 30 31 23 32 24
leaf_count=368 29 30 31 23 32 24
internal_value=0 -0.000433242 0.000365456 0.00102955 -0.000209023 0.0115706
internal_weight=0 508 478 447 400 47
internal_count=537 508 478 447 400 47
is_linear=0
shrinkage=0.1


Tree=93
num_leaves=13
num_cat=0
split_feature=7 54 64 32 43 33 70 92 24 92 35 38
split_gain=0.178636 0.629685 0.617234 0.63403 0.53137 0.597701 0.425192 0.317121 0.531064 0.516348 0.274777 0.336264
threshold=3.0201273556387074 3.8499212036984933 2.7272746062895599 1.0397207708399181 2.9430520157250784 3.8499212036984933 2.4346885049461799 5.3704795783610537 6.1333956902824402 5.4221145653944296 2.3937458713910238 5.081385075233106
decision_type=2 2 2 2 2 2 2 2 2 2 2 2
left_child=1 2 3 -1 -4 -6 -2 10 9 -9 -8 -12
right_child=6 -3 4 -5 5 -7 7 8 -10 -11 11 -13
leaf_value=-0.019767022300332501 0.014442214191607808 -0.017652211997968455 0.016551219272826399 0.00039306708524982709 -0.0092506078551664508 0.010427440948591665 -0.0046881155305823624 -0.0026792736753122881 0.0062712735469069554 -0.020176919614179778 0.0095839299658365875 0.00080218528710569433
leaf_weight=26 23 24 28 39 33 29 43 48 34 26 71 113
leaf_count=26 23 24 28 39 33 29 43 48 34 26 71 113
internal_value=0 -0.00257936 -0.000245504 -0.00767097 0.00511733 -4.63592e-05 0.00128968 0.000386672 -0.00407391 -0.0088271 0.00250889 0.00419079
internal_weight=0 179 155 65 90 62 358 335 108 74 227 184
internal_count=537 179 155 65 90 62 358 335 108 74 227 184
is_linear=0
shrinkage=0.1


Tree=94
num_leaves=12
num_cat=0
split_feature=30 30 27 53 22 46 32 45 18 60 6
split_gain=0.170422 0.797125 1.13244 0.706186 0.599581 0.735715 0.683138 0.427167 0.250345 0.621596 0.369325
threshold=4.5746578350692051 5.0172579074712669 2.9430520157250784 1.0000000180025095e-35 4.5746578350692051 4.8121513051691478 3.4334666422309414 2.8029010331479989 6.212604087723423 5.71164874292145 6.1312170375979624
decision_type=2 2 2 2 2 2 2 2 2 2 2
left_child=4 2 -2 -3 5 6 7 -1 9 -5 -10
right_child=1 3 -4 8 -6 -7 -8 -9 10 -11 -12
leaf_value=0.0050686370985062387 0.029802395367402246 -0.016332239564508199 0.0017957173764616961 -0.00012568582691680302 -0.013796498524528501 0.01609102912247181 -0.017161367978685751 -0.007888550189397249 -0.013694375121966005 0.015646906042820773 0.00041325480378873181
leaf_weight=77 22 27 42 114 37 25 26 38 25 32 72
leaf_count=77 22 27 42 114 37 25 26 38 25 32 72
internal_value=0 0.00138883 0.011423 -0.00098964 -0.00228507 0.000280725 -0.00252252 0.000787132 0.000715094 0.00333132 -0.00322273
internal_weight=0 334 64 270 203 166 141 115 243 146 97
internal_count=537 334 64 270 203 166 141 115 243 146 97
is_linear=0
shrinkage=0.1


Tree=95
num_leaves=12
num_cat=0
split_feature=60 31 50 5 60 92 22 15 42 14 44
split_gain=0.15983 0.261972 0.749759 0.675211 0.679874 0.606542 0.248498 0.477417 0.341638 0.326486 0.445776
threshold=0.91126556394740443 3.2951505240983434 2.3937458713910238 2.8029010331479989 3.1107297866856469 5.3039124946345186 5.1416464569318583 4.6346818562128229 6.5352317916717775 4.3303869599468818 4.5746578350692051
decision_type=2 2 2 2 2 2 2 2 2 2 2
left_child=-1 2 -2 4 -4 -5 9 -8 -9 -3 -11
right_child=1 6 3 5 -6 -7 7 8 -10 10 -12
leaf_value=0.00764830734115094 -0.016829034666914277 -0.0014581572582445495 -0.00096718056706666217 0.0017288895301698221 0.019704362088724829 -0.015707603197446778 -0.011284432859392839 -0.00090150020747729149 0.0090407427214086056 0.003561158409636272 0.02144788315689022
leaf_weight=26 34 41 41 42 26 38 35 149 45 38 22
leaf_count=26 34 41 41 42 26 38 35 149 45 38 22
internal_value=0 -0.000389151 -0.00344643 -0.000351133 0.00705461 -0.00655344 0.00128772 -0.000534695 0.00140469 0.00541973 0.0101196
internal_weight=0 511 181 147 67 80 330 229 194 101 60
internal_count=537 511 181 147 67 80 330 229 194 101 60
is_linear=0
shrinkage=0.1


Tree=96
num_leaves=6
num_cat=0
split_feature=46 42 42 42 49
split_gain=0.151611 0.59248 0.289605 0.32795 0.175024
threshold=7.0021555404279701 6.5352317916717775 6.2633964485293765 6.1158701961393769 2.9430520157250784
decision_type=2 2 2 2 2
left_child=1 2 3 4 -1
right_child=-2 -3 -4 -5 -6
leaf_value=-0.0027230110000879184 -0.0070325299551517798 0.01573781545739621 -0.0087392497525893547 0.011725696380744922 0.0014141714019182648
leaf_weight=174 29 24 38 24 248
leaf_count=174 29 24 38 24 248
internal_value=0 0.000401463 -0.000359017 0.000354994 -0.000291681
internal_weight=0 508 484 446 422
internal_count=537 508 484 446 422
is_linear=0
shrinkage=0.1


Tree=97
num_leaves=7
num_cat=0
split_feature=3 61 32 44 24 32
split_gain=0.152181 0.230022 0.491838 0.488011 0.302321 0.319054
threshold=6.6950642080078762 5.4148603007111271 6.2841271995609906 4.5325416796595226 5.948031580597152 5.8550678171289681
decision_type=2 2 2 2 2 2
left_child=1 2 4 -3 5 -1
right_child=-2 3 -4 -5 -6 -7
leaf_value=0.00046316146931036164 -0.0077829812342921903 -0.0031889368397811351 -0.013665961352391884 0.017411008967167657 0.0100094755991332 -0.011419800939620472
leaf_weight=386 24 23 26 23 31 24
leaf_count=386 24 23 26 23 31 24
internal_value=0 0.000364116 -0.000300463 0.00711104 0.000487526 -0.000232427
internal_weight=0 513 467 46 441 410
internal_count=537 513 467 46 441 410
is_linear=0
shrinkage=0.1


Tree=98
num_leaves=6
num_cat=0
split_feature=101 96 79 71 81
split_gain=0.149332 0.622953 0.234463 0.251431 0.246146
threshold=6.1922600203877645 6.8053391632106601 5.1357811357128673 4.6345404334993923 1.7486019683232727
decision_type=2 2 2 2 2
left_child=1 2 3 4 -1
right_child=-2 -3 -4 -5 -6
leaf_value=-0.00030928666968628107 0.0075466429740190513 -0.016830372292844748 0.0086461732367752123 -0.0095688316746856336 0.0086781553028038496
leaf_weight=398 25 22 32 27 33
leaf_count=398 25 22 32 27 33
internal_value=0 -0.000368488 0.000370617 -0.000207588 0.000378847
internal_weight=0 512 490 458 431
internal_count=537 512 490 458 431
is_linear=0
shrinkage=0.1


Tree=99
num_leaves=8
num_cat=0
split_feature=78 76 14 96 56 2 34
split_gain=0.154219 0.331958 0.357373 0.570649 0.520277 0.471692 0.289881
threshold=3.8782852702047772 2.1039905409583182 3.8499212036984933 4.1742689126930488 3.4175922930736511 1.5890269151739729 4.6101453514146771
decision_type=2 2 2 2 2 2 2
left_child=1 2 4 -4 5 -1 -5
right_child=-2 -3 3 6 -6 -7 -8
leaf_value=-0.012482869293954639 -0.006229675684526966 0.011462670158093366 0.012288064939812535 -0.0064398248316877979 -0.018976739815182306 0.0036560008674860001 0.0013002424222800396
leaf_weight=27 37 26 42 59 22 55 269
leaf_count=27 37 26 42 59 22 55 269
internal_value=0 0.000460996 -0.000142471 0.00131328 -0.00532159 -0.00165802 -9.20258e-05
internal_weight=0 500 474 370 104 82 328
internal_count=537 500 474 370 104 82 328
is_linear=0
shrinkage=0.1


Tree=100
num_leaves=12
num_cat=0
split_feature=60 31 50 5 60 15 22 15 3 11 61
split_gain=0.15396 0.206856 0.581955 0.478464 0.521264 0.502082 0.228496 0.372274 0.321077 0.239125 0.400645
threshold=0.91126556394740443 3.2951505240983434 2.3937458713910238 2.8029010331479989 3.1107297866856469 2.3937458713910238 5.1416464569318583 4.6346818562128229 4.8903208612686422 3.1132683346437333 3.9547770633026422
decision_type=2 2 2 2 2 2 2 2 2 2 2
left_child=-1 2 -2 4 -4 -5 9 -8 -9 -3 -11
right_child=1 6 3 5 -6 -7 7 8 -10 10 -12
leaf_value=0.007506565672632021 -0.014888929586638422 -0.0019143678925254129 -0.0011615581719613658 -0.017009693957292116 0.016938812404763526 -9.5606573288225464e-05 -0.010131904259324073 0.0089319781633093957 -0.0010327972486682043 0.018853126454632732 0.002791024757210504
leaf_weight=26 34 33 41 26 26 54 35 41 153 24 44
leaf_count=26 34 33 41 26 26 54 35 41 153 24 44
internal_value=0 -0.000381939 -0.00309864 -0.00037163 0.00586247 -0.00559268 0.00110813 -0.000639404 0.00107316 0.00507036 0.00846
internal_weight=0 511 181 147 67 80 330 229 194 101 68
internal_count=537 511 181 147 67 80 330 229 194 101 68
is_linear=0
shrinkage=0.1


Tree=101
num_leaves=6
num_cat=0
split_feature=41 38 36 37 32
split_gain=0.153623 0.331336 0.333134 0.421424 0.199561
threshold=6.4068582012380899 6.5352317916717775 5.9635760393734838 5.3889778947782228 5.0995688973185436
decision_type=2 2 2 2 2
left_child=1 2 3 4 -1
right_child=-2 -3 -4 -5 -6
leaf_value=-0.0010918802769809917 -0.0063096885218530798 0.012453131885691124 -0.0084952644657257 0.013611735360003272 0.0044986165757880461
leaf_weight=333 36 22 43 24 79
leaf_count=333 36 22 43 24 79
internal_value=0 0.000453391 -9.77456e-05 0.00073045 -1.99161e-05
internal_weight=0 501 479 436 412
internal_count=537 501 479 436 412
is_linear=0
shrinkage=0.1


Tree=102
num_leaves=9
num_cat=0
split_feature=10 16 92 51 28 36 45 44
split_gain=0.143264 0.59507 0.42018 0.455508 0.293968 0.325199 0.271728 0.193482
threshold=6.2393002351051399 5.948031580597152 5.3255516484233114 5.8636150338086175 5.948031580597152 5.3229980813168991 3.5549397315361362 6.0614542021347031
decision_type=2 2 2 2 2 2 2 2
left_child=1 4 -2 -4 5 6 -1 -7
right_child=2 -3 3 -5 -6 7 -8 -9
leaf_value=0.0016901513774761222 0.0059467564220540229 0.01608155310774843 -0.019006344093941155 -0.0017364491714120267 -0.01062573409313336 0.014915109069451041 -0.0041115128947421904 0.0020799971049806727
leaf_weight=213 32 24 24 42 25 23 130 24
leaf_count=213 32 24 24 42 25 23 130 24
internal_value=0 0.000771724 -0.00345701 -0.00801641 -0.000113663 0.000560187 -0.00050873 0.00836101
internal_weight=0 439 98 66 415 390 343 47
internal_count=537 439 98 66 415 390 343 47
is_linear=0
shrinkage=0.1


Tree=103
num_leaves=8
num_cat=0
split_feature=60 65 63 87 88 96 102
split_gain=0.134238 0.185159 0.181066 0.325965 0.46369 0.342298 0.177174
threshold=0.91126556394740443 1.6440354852129457 3.6361991962850237 0.036928771232934005 0.47876113075053695 3.6105525490912482 0.8958797346140277
decision_type=2 2 2 2 2 2 2
left_child=-1 -2 6 5 -5 -4 -3
right_child=1 2 3 4 -6 -7 -8
leaf_value=0.0070092913891690286 -0.0082626327805753273 -0.00015004841078604972 -0.0088284969401474182 -0.006752158446604279 0.0040952451154589653 0.0033902382409708946 0.009985591263017235
leaf_weight=26 28 35 26 139 55 194 34
leaf_count=26 28 35 26 139 55 194 34
internal_value=0 -0.000356637 0.000101681 -0.000688759 -0.00367686 0.00194621 0.00484432
internal_weight=0 511 483 414 194 220 69
internal_count=537 511 483 414 194 220 69
is_linear=0
shrinkage=0.1


Tree=104
num_leaves=7
num_cat=0
split_feature=68 69 22 6 21 7
split_gain=0.133549 0.538231 0.380954 0.281019 0.252287 0.216574
threshold=3.3316408682288223 1.5138613836196224 2.5619819897016298 2.191013317336941 2.8029010331479989 1.0397207708399181
decision_type=2 2 2 2 2 2
left_child=-1 -2 4 -4 -3 -5
right_child=1 2 3 5 -6 -7
leaf_value=0.0072909848764538768 -0.015643341415985067 0.016098573058843612 -0.011570131867616015 0.0069288101322699074 0.0012730624696070498 -0.00071921872310063079
leaf_weight=24 22 24 22 41 22 382
leaf_count=24 22 24 22 41 22 382
internal_value=0 -0.000341099 0.000344542 -0.000551019 0.00900811 2.20796e-05
internal_weight=0 513 491 445 46 423
internal_count=537 513 491 445 46 423
is_linear=0
shrinkage=0.1


Tree=105
num_leaves=12
num_cat=0
split_feature=7 54 51 97 103 54 92 24 44 100 89
split_gain=0.141984 0.507224 0.492339 0.602595 0.52804 0.321873 0.236083 0.812287 0.292364 0.277078 0.213536
threshold=3.0201273556387074 3.8499212036984933 2.8314802400679731 1.0397207708399181 2.6735537653587347 2.191013317336941 5.4138198479028974 6.1333956902824402 6.0185902545239411 10.120320211525121 0.19942679443578884
decision_type=2 2 2 2 2 2 2 2 2 2 2
left_child=1 2 3 -1 -4 -2 8 -8 9 -7 -5
right_child=5 -3 4 10 -6 6 7 -9 -10 -11 -12
leaf_value=0.013710091365210248 0.0098510834382307764 -0.015827574949556344 -0.019475714062255893 0.0044542896115909456 -0.00035133628352057366 -0.0011420514373460592 -0.017132639877963814 0.0063377926061893332 0.0096429434246257766 0.010444742412832768 -0.0085497245408727648
leaf_weight=40 38 24 22 23 42 201 30 29 37 23 28
leaf_count=40 38 24 22 23 42 201 30 29 37 23 28
internal_value=0 -0.00229957 -0.000204915 0.00452154 -0.00692534 0.00114979 0.000116508 -0.00559633 0.00140791 4.7664e-05 -0.00268517
internal_weight=0 179 155 91 64 358 320 59 261 224 51
internal_count=537 179 155 91 64 358 320 59 261 224 51
is_linear=0
shrinkage=0.1


Tree=106
num_leaves=9
num_cat=0
split_feature=95 68 19 61 57 18 66 18
split_gain=0.143204 0.617377 0.515051 0.451245 0.185147 0.182482 0.35006 0.340141
threshold=1.0397207708399181 4.6102843803351883 3.8176519431297078 0.89643595048923086 1.0374361727265249 6.1903070075025832 4.5538214868689204 6.3062686269857116
decision_type=2 2 2 2 2 2 2 2
left_child=1 -1 -3 -2 -5 6 -6 -7
right_child=3 2 -4 4 5 7 -8 -9
leaf_value=-0.017288673917452493 0.014638845106078822 0.013722970441846305 -0.0064214464758212374 -0.0085770726591969538 0.00070347644672997731 -0.014201623369643297 0.01327719217321525 -0.00021626264283276469
leaf_weight=24 22 22 30 24 286 22 24 83
leaf_count=24 22 22 30 24 286 22 24 83
internal_value=0 -0.00402192 0.00210119 0.00066305 -3.73312e-05 0.000456533 0.00167693 -0.00314653
internal_weight=0 76 52 461 439 415 310 105
internal_count=537 76 52 461 439 415 310 105
is_linear=0
shrinkage=0.1


Tree=107
num_leaves=6
num_cat=0
split_feature=41 38 36 37 92
split_gain=0.1281 0.270671 0.231653 0.313784 0.146647
threshold=6.4068582012380899 6.5352317916717775 5.9635760393734838 5.3889778947782228 5.3216197271519601
decision_type=2 2 2 2 2
left_child=1 2 3 4 -1
right_child=-2 -3 -4 -5 -6
leaf_value=0.0015010166436298055 -0.0057617601388806686 0.011259733106602323 -0.0070867358620256881 0.011721661423022549 -0.0023492854518311411
leaf_weight=247 36 22 43 24 165
leaf_count=247 36 22 43 24 165
internal_value=0 0.000414019 -8.41143e-05 0.000606511 -4.09733e-05
internal_weight=0 501 479 436 412
internal_count=537 501 479 436 412
is_linear=0
shrinkage=0.1


Tree=108
num_leaves=7
num_cat=0
split_feature=40 32 25 37 43 51
split_gain=0.132189 0.352355 0.216556 0.337816 0.227615 0.143866
threshold=6.5984756171974519 6.2841271995609906 5.8141260764699529 5.3518469026947413 5.476454798506734 3.891612008168019
decision_type=2 2 2 2 2 2
left_child=1 2 3 4 -1 -5
right_child=-2 -3 -4 5 -6 -7
leaf_value=0.00076301474581961918 0.0065666417338371532 -0.010887504455943903 -0.0077975515177146713 0.014763117454607379 -0.0067143664655779272 0.0036752673238515856
leaf_weight=354 29 30 31 22 46 25
leaf_count=354 29 30 31 22 46 25
internal_value=0 -0.000374867 0.000284922 0.000845451 -9.68841e-05 0.00886532
internal_weight=0 508 478 447 400 47
internal_count=537 508 478 447 400 47
is_linear=0
shrinkage=0.1


Tree=109
num_leaves=15
num_cat=0
split_feature=3 54 51 9 60 60 12 27 23 92 59 28 3 0
split_gain=0.133194 0.537464 0.592388 0.674706 0.602544 0.425831 0.385464 0.262167 0.227263 0.644718 0.503635 0.441697 0.316183 0.340755
threshold=3.1132683346437333 3.8064155152036787 2.9430520157250784 1.0397207708399181 2.7607929550251993 4.117000512118655 1.9356005054539456 2.9430520157250784 5.3229980813168991 5.3056515074026853 5.6346875519391793 3.9701138825728512 4.8903208612686422 5.1474268681323965
decision_type=2 2 2 2 2 2 2 2 2 2 2 2 2 2
left_child=1 2 3 -1 -4 7 -5 -2 9 11 -11 -7 -10 -14
right_child=5 -3 4 6 -6 8 -8 -9 12 10 -12 -13 13 -15
leaf_value=0.017351710877070825 0.01619294286981501 -0.015820908463560046 -0.018839044013509044 -0.0088302789481296655 0.0010436128418327177 0.011340052468585783 0.0066987515314284596 0.0026103151528513993 0.012389660760760307 -0.0038741847754863558 -0.023528972259637987 -0.0042546944806374429 -0.0079257075086628138 0.0030844649985536108
leaf_weight=30 27 25 27 31 35 32 33 30 25 32 22 42 38 108
leaf_count=30 27 25 27 31 35 32 33 30 25 32 22 42 38 108
internal_value=0 -0.00220872 -2.72837e-05 0.00497736 -0.00761496 0.00112297 -0.000823123 0.00904419 -0.00038709 -0.00357365 -0.0118817 0.00248898 0.00199817 0.000218804
internal_weight=0 181 156 94 62 356 64 57 299 128 54 74 171 146
internal_count=537 181 156 94 62 356 64 57 299 128 54 74 171 146
is_linear=0
shrinkage=0.1


Tree=110
num_leaves=13
num_cat=0
split_feature=13 14 14 22 16 42 87 102 86 57 42 36
split_gain=0.126798 0.473459 0.663257 0.574861 0.397422 0.390731 0.213701 0.303481 0.247936 0.24341 0.184911 0.18918
threshold=3.0201273556387074 5.0688844241303981 4.5538214868689204 4.5053345884235583 3.1567740231385479 4.0247135285553481 0.036928771232934005 3.4334666422309414 0.12761873784740524 4.0817656294488804 6.5624281337850094 4.0856584373598661
decision_type=2 2 2 2 2 2 2 2 2 2 2 2
left_child=1 2 3 5 -2 -1 10 9 -9 -8 11 -6
right_child=4 -3 -4 -5 6 -7 7 8 -10 -11 -12 -13
leaf_value=-0.0051594294333720918 0.0103995701956858 -0.014594397848122755 0.010629826117047044 -0.018437431515617806 0.0074247034374446451 0.0076102003341893092 -0.0024804729128456013 -0.0036420714611780239 0.0069451298161938395 -0.016056054197251795 0.010553843270463404 -0.0012438835953626321
leaf_weight=68 41 26 43 22 34 37 28 55 37 25 24 97
leaf_count=68 41 26 43 22 34 37 28 55 37 25 24 97
internal_value=0 -0.00202683 -0.000104734 -0.00373927 0.00116498 -0.000659655 -9.70776e-05 -0.00285654 0.000615825 -0.00888405 0.00248436 0.00100598
internal_weight=0 196 170 127 341 105 300 145 92 53 155 131
internal_count=537 196 170 127 341 105 300 145 92 53 155 131
is_linear=0
shrinkage=0.1


Tree=111
num_leaves=9
num_cat=0
split_feature=45 42 92 6 9 103 19 61
split_gain=0.135374 0.231172 0.167385 0.376099 0.585344 0.474939 0.341189 0.56835
threshold=6.3629745929482899 6.5352317916717775 5.3216197271519601 4.465842055365858 1.0397207708399181 2.602003343538398 1.0397207708399181 3.1250652857737937
decision_type=2 2 2 2 2 2 2 2
left_child=1 2 3 4 -1 -5 -4 -8
right_child=-2 -3 6 5 -6 -7 7 -9
leaf_value=-0.014390874940727372 -0.0056736624751908661 0.010466104800897567 -0.013578108082646909 0.017181294180452826 0.002563348153073873 0.0022571446234561053 0.012484472308174841 -0.0029108266386413994
leaf_weight=32 39 22 23 25 56 145 28 167
leaf_count=32 39 22 23 25 56 145 28 167
internal_value=0 0.000444323 -1.88687e-05 0.00170488 -0.00360182 0.00445187 -0.0020589 -0.00070022
internal_weight=0 498 476 258 88 170 218 195
internal_count=537 498 476 258 88 170 218 195
is_linear=0
shrinkage=0.1


Tree=112
num_leaves=16
num_cat=0
split_feature=7 14 3 102 36 89 104 101 87 87 102 3 2 2 40
split_gain=0.127602 0.395195 0.425421 0.48101 0.479511 0.353872 0.24897 0.244071 0.385386 0.271997 0.4218 0.25789 0.246788 0.243255 0.220302
threshold=3.0201273556387074 4.9415403713792339 1.9356005054539456 2.1383330595080281 3.2951505240983434 0.27764569800250255 1.0986122886681102 2.9430520157250784 0.27455205197417148 0.13879458329149547 3.4334666422309414 4.3502571242716384 5.1179758838799021 5.1561734468561555 4.5325416796595226
decision_type=2 2 2 2 2 2 2 2 2 2 2 2 2 2 2
left_child=1 2 4 6 5 -1 -4 8 -2 11 13 -9 -13 -11 -12
right_child=7 -3 3 -5 -6 -7 -8 9 -10 10 14 12 -14 -15 -16
leaf_value=-0.007402489339480834 -0.0013460160178296707 -0.014417079026790578 -0.0078495553772275645 -0.018373491174795413 0.014834132207083871 0.0088742074810645791 0.0064096597358584409 0.011148206495422999 0.013402101987614171 -0.004095261319625107 -0.0050682549913472034 -0.008433929288003128 0.0028471405476912064 -0.018966079739303414 0.0049334959207786898
leaf_weight=34 34 23 24 22 29 22 25 29 37 22 40 24 101 22 49
leaf_count=34 34 23 24 22 29 22 25 29 37 22 40 24 101 22 49
internal_value=0 -0.00218 -0.000375813 -0.00608964 0.00439691 -0.00100807 -0.000574446 0.00109 0.00633962 -0.000208688 -0.00352134 0.00265224 0.000681175 -0.0115307 0.000438327
internal_weight=0 179 156 71 85 56 49 358 71 287 133 154 125 44 89
internal_count=537 179 156 71 85 56 49 358 71 287 133 154 125 44 89
is_linear=0
shrinkage=0.1


Tree=113
num_leaves=7
num_cat=0
split_feature=41 38 36 32 18 100
split_gain=0.11914 0.218814 0.175247 0.283412 0.450493 0.297326
threshold=6.4068582012380899 6.5352317916717775 5.9635760393734838 5.0995688973185436 5.7137273593905471 4.9542375470235838
decision_type=2 2 2 2 2 2
left_child=1 2 3 5 -5 -1
right_child=-2 -3 -4 4 -6 -7
leaf_value=-0.010855653692312816 -0.0055565923397403426 0.010150868341125633 -0.0061393032359435811 0.014403386034869722 8.3223766138208877e-05 7.8673693573191051e-05
leaf_weight=27 36 22 43 35 59 315
leaf_count=27 36 22 43 35 59 315
internal_value=0 0.000399276 -4.86049e-05 0.000552083 0.0054152 -0.000784563
internal_weight=0 501 479 436 94 342
internal_count=537 501 479 436 94 342
is_linear=0
shrinkage=0.1


Tree=114
num_leaves=9
num_cat=0
split_feature=60 100 27 9 15 39 89 60
split_gain=0.114282 0.174024 0.195317 0.463692 0.405648 0.188592 0.188449 0.0754467
threshold=0.91126556394740443 4.9542375470235838 1.5890269151739729 2.3502401828962087 2.8029010331479989 1.0397207708399181 0.2914098791825106 3.3484142325889246
decision_type=2 2 2 2 2 2 2 2
left_child=-1 -2 6 4 -4 -5 7 -3
right_child=1 2 3 5 -6 -7 -8 -9
leaf_value=0.0064673454473869732 -0.0082994283105318374 -0.0035874632250686941 -0.0020138594505720235 -0.0078729097071724638 -0.018223987347804584 0.0013200556853059065 0.010725033394391499 0.0043694145189454919
leaf_weight=26 26 22 38 24 26 318 31 26
leaf_count=26 26 22 38 24 26 318 31 26
internal_value=0 -0.000329063 9.82148e-05 -0.000787001 -0.00859922 0.000674935 0.00464755 0.000722512
internal_weight=0 511 485 406 64 342 79 48
internal_count=537 511 485 406 64 342 79 48
is_linear=0
shrinkage=0.1


Tree=115
num_leaves=6
num_cat=0
split_feature=46 42 42 42 88
split_gain=0.109239 0.313512 0.192108 0.181951 0.137161
threshold=7.0021555404279701 6.5352317916717775 6.2633964485293765 6.1158701961393769 0.34363806881130859
decision_type=2 2 2 2 2
left_child=1 2 3 4 -1
right_child=-2 -3 -4 -5 -6
leaf_value=0.0012470860651791179 -0.0059694426712290994 0.011496877660101747 -0.0070377854091164321 0.0088386759763428319 -0.0025030702029908793
leaf_weight=269 29 24 38 24 153
leaf_count=269 29 24 38 24 153
internal_value=0 0.000340775 -0.00021242 0.000369114 -0.000112568
internal_weight=0 508 484 446 422
internal_count=537 508 484 446 422
is_linear=0
shrinkage=0.1


Tree=116
num_leaves=8
num_cat=0
split_feature=97 97 95 58 98 98 54
split_gain=0.105592 0.203238 0.21789 0.500393 0.342039 0.661945 0.103866
threshold=6.6240431818084256 6.1861747525776369 5.298267364047871 5.4762446703254524 4.770540966944206 4.3693677306817369 6.1113468732732059
decision_type=2 2 2 2 2 2 2
left_child=1 2 4 -4 5 -1 -5
right_child=-2 -3 3 6 -6 -7 -8
leaf_value=0.00034062311419622585 -0.0058689715148046101 0.008319095141875248 -0.017793180178639227 0.003876736086432732 -0.011086678630469936 0.016872201974575337 -0.005107534846121615
leaf_weight=354 29 30 22 31 23 26 22
leaf_count=354 29 30 22 31 23 26 22
internal_value=0 0.00033504 -0.000166052 -0.00511516 0.000754998 0.00147173 0.000147416
internal_weight=0 508 478 75 403 380 53
internal_count=537 508 478 75 403 380 53
is_linear=0
shrinkage=0.1


Tree=117
num_leaves=14
num_cat=0
split_feature=26 18 26 88 9 41 92 34 78 22 23 102 28
split_gain=0.108598 0.51249 0.40147 0.397048 0.321178 0.333748 0.38863 0.271989 0.55758 0.504501 0.367585 0.155294 0.0949788
threshold=4.4885732424042368 4.5538214868689204 4.791641144189394 0.18117684839793091 1.0397207708399181 2.8029010331479989 5.3586671684727376 5.1561734468561555 0.11062096555692405 5.1416464569318583 5.2417330174952186 1.2424533248940004 3.9701138825728512
decision_type=2 2 2 2 2 2 2 2 2 2 2 2 2
left_child=1 4 3 -2 -1 11 -7 8 -4 -9 -11 -6 -10
right_child=2 -3 7 -5 5 6 -8 9 12 10 -12 -13 -14
leaf_value=0.0087753574418670995 0.016067687781469431 -0.014984288596763061 -0.019049852096941322 -0.0013837905441918836 -0.00309470105998879 0.0012452435679733754 -0.016298012232540973 0.013831889124620439 0.005011138527400115 -0.0075555127920341443 0.0020747195592739202 0.0063349523393844732 -0.0039164858601557521
leaf_weight=34 32 26 22 22 31 23 28 28 22 54 149 40 26
leaf_count=34 32 26 22 22 31 23 28 28 22 54 149 40 26
internal_value=0 -0.0019861 0.00101823 0.00895783 0.000180261 -0.00221509 -0.00838635 -0.000406153 -0.00586686 0.00124861 -0.000487017 0.00221778 0.000175342
internal_weight=0 182 355 54 156 122 51 301 70 231 203 71 48
internal_count=537 182 355 54 156 122 51 301 70 231 203 71 48
is_linear=0
shrinkage=0.1


Tree=118
num_leaves=11
num_cat=0
split_feature=2 103 18 64 14 46 22 88 31 80
split_gain=0.108331 0.731908 0.476957 0.59418 0.467518 0.346034 0.279412 0.364986 0.186826 0.186381
threshold=4.9089648320872419 4.0773937863842606 4.744894319750431 4.5494715767594647 4.5538214868689204 6.5624281337850094 4.5538214868689204 0.089250971907882948 1.9356005054539456 1.2696771523024648
decision_type=2 2 2 2 2 2 2 2 2 2
left_child=2 -2 4 -4 6 8 7 -1 -3 -10
right_child=1 5 3 -5 -6 -7 -8 -9 9 -11
leaf_value=-0.0041232869829400448 0.014061556331431255 -0.007755893657061582 -0.018298883103610327 0.00053759941502529033 0.013540350876820201 -0.011833218589425088 -0.0113861363211816 0.0062556110712648667 6.6958166770168454e-05 0.0077813612010616531
leaf_weight=72 39 24 33 34 26 25 22 64 159 39
leaf_count=72 39 24 33 34 26 25 22 64 159 39
internal_value=0 0.00133059 -0.00151613 -0.00874007 0.00111433 -0.000679565 -0.000930459 0.0007609 0.000576477 0.00158646
internal_weight=0 286 251 67 184 247 158 136 222 198
internal_count=537 286 251 67 184 247 158 136 222 198
is_linear=0
shrinkage=0.1


Tree=119
num_leaves=9
num_cat=0
split_feature=60 57 36 31 92 17 36 100
split_gain=0.104583 0.132869 0.110278 0.351887 0.297917 0.264084 0.190529 0.168782
threshold=0.91126556394740443 0.94220600764219486 3.1132683346437333 3.4811217321331038 5.307209606351063 2.9174053685313028 2.602003343538398 6.6346324944835127
decision_type=2 2 2 2 2 2 2 2
left_child=-1 -2 6 4 -4 -5 7 -3
right_child=1 2 3 5 -6 -7 -8 -9
leaf_value=0.0061868215445429094 -0.0065534807697986254 -0.0063619189171327493 -0.0025022229161829907 0.010231483976643247 -0.017055769874290985 -0.00035390089051650156 0.0093805761166637948 0.002753732505818068
leaf_weight=26 32 27 39 26 22 252 31 82
leaf_count=26 32 27 39 26 22 252 31 82
internal_value=0 -0.000314789 0.000101992 -0.000873092 -0.00775104 0.000636099 0.00246309 0.000495727
internal_weight=0 511 479 339 61 278 140 109
internal_count=537 511 479 339 61 278 140 109
is_linear=0
shrinkage=0.1


Tree=120
num_leaves=8
num_cat=0
split_feature=41 38 36 53 32 18 47
split_gain=0.100146 0.163616 0.159115 0.260005 0.22361 0.32647 0.206774
threshold=6.4068582012380899 6.5352317916717775 5.9322416695047417 3.2480083730269782 5.0995688973185436 5.7137273593905471 3.8393944990995772
decision_type=2 2 2 2 2 2 2
left_child=1 2 4 -4 6 -6 -1
right_child=-2 -3 3 -5 5 -7 -8
leaf_value=0.0014473769498460859 -0.0050944475043151116 0.0087984615185467355 0.0014309086693594089 -0.013165253562771756 0.013147057915921323 0.0004853082326008007 -0.0035705417975864929
leaf_weight=205 36 22 26 23 32 56 137
leaf_count=205 36 22 26 23 32 56 137
internal_value=0 0.000366068 -2.12235e-05 -0.00542035 0.000594026 0.00508958 -0.000562725
internal_weight=0 501 479 49 430 88 342
internal_count=537 501 479 49 430 88 342
is_linear=0
shrinkage=0.1


Tree=121
num_leaves=6
num_cat=0
split_feature=40 32 25 30 32
split_gain=0.105663 0.308371 0.155035 0.250329 0.209859
threshold=6.5984756171974519 6.2841271995609906 5.8141260764699529 6.2005071168401162 5.7268424424629787
decision_type=2 2 2 2 2
left_child=1 2 3 4 -1
right_child=-2 -3 -4 -5 -6
leaf_value=0.0006943783693933996 0.0058709473742557501 -0.010169792283947271 -0.0065566234831367773 0.010089860239963014 -0.0091305585497099429
leaf_weight=397 29 30 31 27 23
leaf_count=397 29 30 31 27 23
internal_value=0 -0.000335153 0.000282084 0.000756357 0.000156346
internal_weight=0 508 478 447 420
internal_count=537 508 478 447 420
is_linear=0
shrinkage=0.1


Tree=122
num_leaves=10
num_cat=0
split_feature=13 43 26 18 41 16 104 3 45
split_gain=0.106703 0.369495 0.672675 0.571144 0.511277 0.30981 0.166352 0.207212 0.237656
threshold=3.1132683346437333 5.2203412156610947 5.081385075233106 4.744894319750431 3.3667009459186801 3.1567740231385479 1.4978661367769956 4.3502571242716384 6.3629745929482899
decision_type=2 2 2 2 2 2 2 2 2
left_child=1 2 3 4 -1 -2 -7 -8 -9
right_child=5 -3 -4 -5 -6 6 7 8 -10
leaf_value=0.0029666303069478721 0.0095909726707951032 -0.013753519668851211 0.016082911938222175 -0.016445216141641138 -0.013467398322308841 -0.0074815158122132908 0.0074945184915589215 0.00065020765718602324 -0.01027173013849692
leaf_weight=107 38 23 22 25 23 27 39 211 22
leaf_count=107 38 23 22 25 23 27 39 211 22
internal_value=0 -0.00182979 -0.000280379 -0.00260291 5.90714e-05 0.00108593 5.02022e-06 0.000748169 -0.000381048
internal_weight=0 200 177 155 130 337 299 272 233
internal_count=537 200 177 155 130 337 299 272 233
is_linear=0
shrinkage=0.1


Tree=123
num_leaves=9
num_cat=0
split_feature=78 76 10 101 14 98 101 10
split_gain=0.120201 0.223299 0.208806 0.4331 0.663897 0.337453 0.268463 0.251423
threshold=3.8782852702047772 1.5437237412202287 3.4334666422309414 2.7058230259275202 4.9089648320872419 1.700598690831078 3.2180751841847144 1.9356005054539456
decision_type=2 2 2 2 2 2 2 2
left_child=1 2 5 4 -4 7 -5 -1
right_child=-2 -3 3 6 -6 -7 -8 -9
leaf_value=0.0057427434995770453 -0.0054998557539530906 0.0074778515709246086 0.019799285602493912 -0.0082775081019485133 -0.0011360118504274974 -0.014226885279640555 0.00039258926932129253 -0.0079892306802018236
leaf_weight=30 37 41 28 41 33 26 277 24
leaf_count=30 37 41 28 41 33 26 277 24
internal_value=0 0.000406989 -0.000224613 0.000755306 0.00847363 -0.00486698 -0.000725253 -0.000360356
internal_weight=0 500 459 379 61 80 318 54
internal_count=537 500 459 379 61 80 318 54
is_linear=0
shrinkage=0.1


Tree=124
num_leaves=7
num_cat=0
split_feature=40 37 37 92 98 6
split_gain=0.107006 0.257317 0.208625 0.12296 0.329819 0.286643
threshold=6.5984756171974519 5.9053284366375065 5.6021120126471873 5.3216197271519601 2.191013317336941 4.465842055365858
decision_type=2 2 2 2 2 2
left_child=1 2 3 5 -5 -1
right_child=-2 -3 -4 4 -6 -7
leaf_value=-0.0032691230968666381 0.0059081349172629416 -0.0078339921997948783 0.0096243905207223229 0.0043787383117887659 -0.0047596241287112158 0.0037796527176396921
leaf_weight=89 29 42 23 56 134 164
leaf_count=89 29 42 23 56 134 164
internal_value=0 -0.000337275 0.000338394 -0.000143723 -0.00206621 0.00130004
internal_weight=0 508 466 443 190 253
internal_count=537 508 466 443 190 253
is_linear=0
shrinkage=0.1


Tree=125
num_leaves=8
num_cat=0
split_feature=95 92 61 57 52 101 102
split_gain=0.107759 0.377455 0.275797 0.141274 0.126484 0.16192 0.147866
threshold=1.0397207708399181 5.2625879854713267 0.89643595048923086 1.0374361727265249 2.9830733695618465 2.8314802400679731 2.3502401828962087
decision_type=2 2 2 2 2 2 2
left_child=1 -1 -2 -4 5 -5 -6
right_child=2 -3 3 4 6 -7 -8
leaf_value=-0.010917407294942274 0.011501260165294465 0.0031968455677269959 -0.0074320068582892423 -0.00071688681059787357 -0.0037101741765014906 0.0092758877832880803 0.00094312367963528525
leaf_weight=36 22 40 24 31 93 34 257
leaf_count=36 22 40 24 31 93 34 257
internal_value=0 -0.00348885 0.000575169 2.76199e-05 0.00045902 0.0045101 -0.000293324
internal_weight=0 76 461 439 415 65 350
internal_count=537 76 461 439 415 65 350
is_linear=0
shrinkage=0.1


Tree=126
num_leaves=10
num_cat=0
split_feature=2 61 40 15 19 78 17 16 87
split_gain=0.0991025 0.430979 0.348808 0.153734 0.624491 0.17974 0.145794 0.233417 0.166532
threshold=1.5890269151739729 0.91626049465961434 4.5325416796595226 4.6346818562128229 4.465842055365858 3.8782852702047772 5.6559673591485771 5.948031580597152 0.10096399824287748
decision_type=2 2 2 2 2 2 2 2 2
left_child=2 -2 -1 4 5 -3 7 -5 -8
right_child=1 3 -4 6 -6 -7 8 -9 -10
leaf_value=-0.013493924731896681 0.013480459118727596 0.00076158755954658592 0.0041187046480405587 0.0015536898615310848 -0.017809349662907745 -0.0088541796062517365 0.0018274830784648659 0.012021567434072495 -0.0070220990534368396
leaf_weight=22 24 167 23 144 23 22 50 25 37
leaf_count=22 24 167 23 144 23 22 50 25 37
internal_value=0 0.000410846 -0.00449191 -0.000259391 -0.00225105 -0.000357708 0.00138995 0.00310219 -0.00193613
internal_weight=0 492 45 468 212 189 256 169 87
internal_count=537 492 45 468 212 189 256 169 87
is_linear=0
shrinkage=0.1


Tree=127
num_leaves=8
num_cat=0
split_feature=39 37 79 37 104 14 58
split_gain=0.096789 0.22574 0.290036 0.185198 0.106489 0.405996 0.185332
threshold=6.6240431818084256 5.9053284366375065 2.9174053685313028 5.6021120126471873 2.249904835165133 5.1761337726651186 2.9700856263602158
decision_type=2 2 2 2 2 2 2
left_child=1 3 -3 4 5 -1 -6
right_child=-2 2 -4 -5 6 -7 -8
leaf_value=-0.0001720691165646313 0.0059518184127787567 0.00096871253865009007 -0.015269169613549655 0.0088980163835609954 0.0075301690495689398 -0.014009427007598184 6.4195110137588561e-05
leaf_weight=182 26 22 22 24 40 24 197
leaf_count=182 26 22 22 24 40 24 197
internal_value=0 -0.000302832 -0.00715023 0.000342319 -0.000121196 -0.00178419 0.00132428
internal_weight=0 511 44 467 443 206 237
internal_count=537 511 44 467 443 206 237
is_linear=0
shrinkage=0.1


Tree=128
num_leaves=12
num_cat=0
split_feature=2 103 18 27 14 76 88 100 3 26 3
split_gain=0.101387 0.588559 0.318805 0.573052 0.254505 0.232772 0.330253 0.227969 0.255494 0.226968 0.210492
threshold=5.0434043048315838 4.0773937863842606 4.6913057964583187 3.3842466058243152 4.5538214868689204 2.1039905409583182 0.089250971907882948 8.4217626499261424 4.8121513051691478 5.7137273593905471 5.5490685147005907
decision_type=2 2 2 2 2 2 2 2 2 2 2
left_child=2 -2 4 -4 5 6 -1 -3 -9 -5 -10
right_child=1 7 3 9 -6 -7 -8 8 10 -11 -12
leaf_value=-0.0067932968134537322 0.013661644830854663 -0.0090542219333454143 -0.019632618280593307 0.0045053186435853277 0.010223692260682584 0.0087019958474506311 0.0029677665457270592 0.0094227664513866702 -0.0073048141060050855 -0.0087755973239175295 0.0010563569215672284
leaf_weight=73 34 27 24 31 25 23 66 29 38 22 145
leaf_count=73 34 27 24 31 25 23 66 29 38 22 145
internal_value=0 0.00135121 -0.00139728 -0.00681274 0.000832621 -0.000616618 -0.00215855 -0.000400063 0.000702118 -0.00100751 -0.000679843
internal_weight=0 273 264 77 187 162 139 239 212 53 183
internal_count=537 273 264 77 187 162 139 239 212 53 183
is_linear=0
shrinkage=0.1


Tree=129
num_leaves=7
num_cat=0
split_feature=78 76 76 68 102 10
split_gain=0.0840909 0.158576 0.140771 0.218912 0.144868 0.161026
threshold=3.8782852702047772 1.5437237412202287 0.84979560079559846 4.8973345486666284 4.6539149966267201 3.6105525490912482
decision_type=2 2 2 2 2 2
left_child=1 2 4 -4 5 -1
right_child=-2 -3 3 -5 -6 -7
leaf_value=-0.0029431771148708376 -0.0046001442601098811 0.0062990675901812392 -0.012635175496424464 0.0013177653119150227 -0.0064302832891779214 0.0019875235996289578
leaf_weight=85 37 41 22 23 29 300
leaf_count=85 37 41 22 23 29 300
internal_value=0 0.000340411 -0.000191844 -0.00550367 0.000385529 0.000898927
internal_weight=0 500 459 45 414 385
internal_count=537 500 459 45 414 385
is_linear=0
shrinkage=0.1


Tree=130
num_leaves=10
num_cat=0
split_feature=100 71 71 73 92 92 100 7 2
split_gain=0.084955 0.165945 0.111402 0.346864 0.283341 0.203242 0.151735 0.432723 0.258164
threshold=10.120320211525121 4.6345404334993923 2.2975599250672958 2.9944807084449319 5.3377351952522352 5.3138984912825675 6.1158701961393769 1.9356005054539456 2.191013317336941
decision_type=2 2 2 2 2 2 2 2 2
left_child=1 2 6 5 -5 -4 8 -8 -1
right_child=-2 -3 3 4 -6 -7 7 -9 -10
leaf_value=-0.0026135355777417621 0.0054665157295487547 -0.0063107715437321788 0.0026714015428138818 0.0028691269083325061 -0.010676239977550248 0.015696877196431161 -0.010397379061601975 0.00013389894456814627 0.012212570724279984
leaf_weight=24 27 42 23 47 23 25 46 257 23
leaf_count=24 27 42 23 47 23 25 46 257 23
internal_value=0 -0.000289404 0.000250975 0.00290813 -0.00158149 0.0094555 -0.000644866 -0.00146491 0.00464179
internal_weight=0 510 468 118 70 48 350 303 47
internal_count=537 510 468 118 70 48 350 303 47
is_linear=0
shrinkage=0.1


Tree=131
num_leaves=6
num_cat=0
split_feature=46 42 42 42 42
split_gain=0.0843338 0.226137 0.125313 0.131532 0.136229
threshold=7.0021555404279701 6.5352317916717775 6.2633964485293765 6.1158701961393769 5.36580129675328
decision_type=2 2 2 2 2
left_child=1 2 3 4 -1
right_child=-2 -3 -4 -5 -6
leaf_value=0.00087130244319380914 -0.0052450116017255296 0.0097742393399433553 -0.0056829364774258519 0.0075003661273512993 -0.003399040093093381
leaf_weight=325 29 24 38 24 97
leaf_count=325 29 24 38 24 97
internal_value=0 0.00029942 -0.000170406 0.000299272 -0.000110269
internal_weight=0 508 484 446 422
internal_count=537 508 484 446 422
is_linear=0
shrinkage=0.1


Tree=132
num_leaves=11
num_cat=0
split_feature=92 24 51 61 8 104 32 31 52 69
split_gain=0.08115 0.292018 0.452927 0.212127 0.189828 0.313516 0.212744 0.417611 0.211777 0.164128
threshold=5.4138198479028974 6.1333956902824402 2.5619819897016298 0.89643595048923086 2.9174053685313028 2.1383330595080281 3.0433873634561537 3.2180751841847144 5.0271592211193568 3.0541436847122734
decision_type=2 2 2 2 2 2 2 2 2 2
left_child=3 2 -2 -1 5 9 8 -8 -6 -5
right_child=1 -3 -4 4 6 -7 7 -9 -10 -11
leaf_value=0.009134218255402865 0.004008642794645351 0.0053975414484739304 -0.014056023928735936 -0.0036815074203466929 0.011747526136220106 0.0062677099796322484 -0.0083107849920634174 0.0018869230296010811 0.00041316832212032754 -0.013481780246831478
leaf_weight=27 23 29 35 54 34 24 50 204 32 25
leaf_count=27 23 29 35 54 34 24 50 204 32 25
internal_value=0 -0.00279579 -0.00689245 0.000540519 -8.01547e-06 -0.00374195 0.00119384 -0.0001205 0.00625208 -0.00678286
internal_weight=0 87 58 450 423 103 320 254 66 79
internal_count=537 87 58 450 423 103 320 254 66 79
is_linear=0
shrinkage=0.1


Tree=133
num_leaves=8
num_cat=0
split_feature=68 69 22 96 7 9 102
split_gain=0.079515 0.382627 0.181845 0.180681 0.152757 0.418184 0.220594
threshold=3.3316408682288223 1.5138613836196224 2.5619819897016298 4.3303869599468818 1.0397207708399181 2.3502401828962087 1.2424533248940004
decision_type=2 2 2 2 2 2 2
left_child=-1 -2 3 -3 6 -6 -4
right_child=1 2 4 -5 5 -7 -8
leaf_value=0.0056258814681010945 -0.013165246974676848 0.012300979136004269 -0.0012113873703548542 -0.00024539624891159212 -0.0092166378637248605 0.00032585271360720833 0.012394273800203916
leaf_weight=24 22 24 26 22 53 344 22
leaf_count=24 22 24 26 22 53 344 22
internal_value=0 -0.000263199 0.000314897 0.00630054 -0.000303844 -0.000948082 0.00502454
internal_weight=0 513 491 46 445 397 48
internal_count=537 513 491 46 445 397 48
is_linear=0
shrinkage=0.1


Tree=134
num_leaves=10
num_cat=0
split_feature=18 6 16 100 7 20 98 96 88
split_gain=0.0801413 0.234205 0.224519 0.175138 0.173598 0.255866 0.254841 0.170614 0.069193
threshold=6.212604087723423 6.1312170375979624 5.8550678171289681 9.2062319388903884 5.8170934442298607 5.1873702005911486 4.9628201785886317 5.4071617168636603 0.21474950555743294
decision_type=2 2 2 2 2 2 2 2 2
left_child=2 -2 4 -3 5 6 -1 -7 -5
right_child=1 3 -4 8 -6 7 -8 -9 -10
leaf_value=0.0011522389622908892 -0.010934220636729152 0.0077445464801381945 0.0104319870704785 0.00036129470759381851 0.0069106646354638928 -0.013649720735038104 -0.0097550172459982022 -0.0013317745845680211 -0.0068425085434379689
leaf_weight=312 25 22 22 30 34 23 23 22 24
leaf_count=312 25 22 22 30 34 23 23 22 24
internal_value=0 -0.00253819 0.000587974 0.000223667 6.48627e-05 -0.000547656 0.000403383 -0.00762761 -0.0028404
internal_weight=0 101 436 76 414 380 335 45 54
internal_count=537 101 436 76 414 380 335 45 54
is_linear=0
shrinkage=0.1


Tree=135
num_leaves=6
num_cat=0
split_feature=101 96 61 26 2
split_gain=0.0809683 0.299123 0.113698 0.196173 0.154391
threshold=6.1922600203877645 6.8053391632106601 5.4148603007111271 6.5352317916717775 5.1179758838799021
decision_type=2 2 2 2 2
left_child=1 2 3 4 -1
right_child=-2 -3 -4 -5 -6
leaf_value=-0.0010608705220617016 0.0055569346956908707 -0.011678464338183404 0.0063141957118079588 -0.0084117490901715226 0.002853759666157992
leaf_weight=275 25 22 29 27 159
leaf_count=275 25 22 29 27 159
internal_value=0 -0.000271335 0.000240822 -0.000141234 0.000373291
internal_weight=0 512 490 461 434
internal_count=537 512 490 461 434
is_linear=0
shrinkage=0.1


Tree=136
num_leaves=10
num_cat=0
split_feature=10 16 103 20 36 36 87 92 80
split_gain=0.0740596 0.292564 0.192183 0.160512 0.189248 0.237121 0.186776 0.152877 0.0486462
threshold=6.2393002351051399 5.948031580597152 5.3423228052093945 5.6454406545496605 5.0172579074712669 4.7094896185437563 0.47453418461076097 5.3262937226227001 0.213076863983896
decision_type=2 2 2 2 2 2 2 2 2
left_child=1 3 -2 4 5 -1 -6 -4 -9
right_child=2 -3 7 -5 6 -7 -8 8 -10
leaf_value=0.0002128989988601201 -0.010482251909358996 0.011289732945927729 0.0061647712432134618 -0.0072409912397892314 0.0018172453586502296 -0.0095999171062700322 0.012664648213169791 0.00016860866241834381 -0.0061661370529758714
leaf_weight=280 23 24 26 29 57 27 22 22 27
leaf_count=280 23 24 26 29 57 27 22 22 27
internal_value=0 0.000554861 -0.00248555 -6.59507e-05 0.000473107 -0.000650117 0.00483804 -3.32301e-05 -0.00332197
internal_weight=0 439 98 415 386 307 79 75 49
internal_count=537 439 98 415 386 307 79 75 49
is_linear=0
shrinkage=0.1


Tree=137
num_leaves=14
num_cat=0
split_feature=49 51 100 49 9 99 44 44 49 53 7 19 51
split_gain=0.0727184 0.269984 0.448654 0.452146 0.299815 0.200127 0.129284 0.204746 0.125766 0.216834 0.111676 0.172309 0.119937
threshold=2.9430520157250784 2.9430520157250784 6.937297114209442 1.0397207708399181 2.191013317336941 2.1383330595080281 2.8314802400679731 3.4334666422309414 3.7609296261008152 3.7870910720223336 5.3229980813168991 2.8029010331479989 4.5325416796595226
decision_type=2 2 2 2 2 2 2 2 2 2 2 2 2
left_child=1 2 3 -1 -4 -6 10 -8 -9 -10 11 12 -2
right_child=6 -3 4 -5 5 -7 7 8 9 -11 -12 -13 -14
leaf_value=0.014021033018424707 -0.0017410395856670762 -0.0086146161132048642 -0.01332247696745281 -0.0015091808476044161 0.0029615719967599338 -0.0080721814148128034 -0.0071357225719210068 0.0081038753527371398 -0.0029460195550751506 0.0043257523102719067 -0.0021283749702640554 0.013377908092330804 0.0082057308990360154
leaf_weight=37 27 42 26 38 48 25 37 22 99 70 22 22 22
leaf_count=37 27 42 26 38 48 25 37 22 99 70 22 22 22
internal_value=0 -0.0014186 0.000318367 0.00615239 -0.00410135 -0.000817111 0.000954573 -0.000327148 0.00099179 6.5957e-05 0.00409686 0.0060258 0.00272486
internal_weight=0 216 174 75 99 73 321 228 191 169 93 71 49
internal_count=537 216 174 75 99 73 321 228 191 169 93 71 49
is_linear=0
shrinkage=0.1


Tree=138
num_leaves=9
num_cat=0
split_feature=40 32 47 47 47 49 5 24
split_gain=0.0711793 0.218767 0.10289 0.294614 0.210284 0.371637 0.255591 0.195932
threshold=6.5984756171974519 6.2841271995609906 4.9904094477362264 5.351757047361585 3.8393944990995772 1.5890269151739729 1.0397207708399181 5.948031580597152
decision_type=2 2 2 2 2 2 2 2
left_child=1 2 4 -4 6 -6 -1 -5
right_child=-2 -3 3 7 5 -7 -8 -9
leaf_value=0.0097938150899218659 0.0048186199386315099 -0.0085585459989185146 0.0098492702027448489 -0.0020223417238762176 -0.015233682615682484 -0.0010028900177069548 -0.00045431423775059356 0.0075383520874850174
leaf_weight=28 29 30 39 104 25 69 186 27
leaf_count=28 29 30 39 104 25 69 186 27
internal_value=0 -0.000275079 0.000244804 0.00221961 -0.000845185 -0.00478768 0.000886562 -5.1817e-05
internal_weight=0 508 478 170 308 94 214 131
internal_count=537 508 478 170 308 94 214 131
is_linear=0
shrinkage=0.1


Tree=139
num_leaves=9
num_cat=0
split_feature=95 98 98 98 69 89 60 22
split_gain=0.0695216 0.367271 0.176658 0.371098 0.211849 0.147662 0.0915246 0.0922492
threshold=5.298267364047871 4.770540966944206 4.770540966944206 4.3693677306817369 1.6278160031286226 0.67727089201096924 5.9791961156073734 6.4296986659514745
decision_type=2 2 2 2 2 2 2 2
left_child=2 -2 3 4 -1 -6 -3 -8
right_child=1 6 -4 -5 5 -7 7 -9
leaf_value=-0.008022929402068257 -0.012159470455454929 0.0048149534179376336 -0.007854149737597807 0.01270221345162449 0.00041468283122715854 0.0082705748679402936 -0.0047210707274069523 0.0025661773135652768
leaf_weight=28 28 36 23 26 300 26 38 32
leaf_count=28 28 36 23 26 300 26 38 32
internal_value=0 -0.00197321 0.000656104 0.0011712 0.000324287 0.00104123 0.000717503 -0.00138976
internal_weight=0 134 403 380 354 326 106 70
internal_count=537 134 403 380 354 326 106 70
is_linear=0
shrinkage=0.1


Tree=140
num_leaves=10
num_cat=0
split_feature=95 68 19 61 20 34 58 96 26
split_gain=0.0718349 0.329357 0.243879 0.23004 0.100345 0.215681 0.112484 0.0999521 0.0956861
threshold=1.0397207708399181 4.6102843803351883 3.8176519431297078 0.89643595048923086 1.9356005054539456 2.191013317336941 2.191013317336941 3.6105525490912482 4.0247135285553481
decision_type=2 2 2 2 2 2 2 2 2
left_child=1 -1 -3 -2 5 -5 8 -8 -6
right_child=3 2 -4 4 6 -7 7 -9 -10
leaf_value=-0.012538525669515367 0.010448262076335431 0.009620893010022967 -0.0042408323163787521 0.003269766815735594 -0.00045996769966388296 -0.0095110458862637318 -0.0065270651379883615 0.00030841821918014466 0.008003875279716929
leaf_weight=24 22 22 30 23 22 31 23 306 34
leaf_count=24 22 22 30 23 22 31 23 306 34
internal_value=0 -0.00284855 0.00162374 0.000469609 -3.04598e-05 -0.00406737 0.000535756 -0.000169442 0.00467879
internal_weight=0 76 52 461 439 54 385 329 56
internal_count=537 76 52 461 439 54 385 329 56
is_linear=0
shrinkage=0.1


Tree=141
num_leaves=7
num_cat=0
split_feature=68 69 70 27 10 88
split_gain=0.072042 0.278391 0.135522 0.0925385 0.22917 0.221
threshold=3.3316408682288223 1.5138613836196224 1.4737027678898655 1.5890269151739729 3.4334666422309414 0.29140599236096953
decision_type=2 2 2 2 2 2
left_child=-1 -2 -3 5 -5 -4
right_child=1 2 3 4 -6 -7
leaf_value=0.0053549903910607103 -0.011255742419003087 0.0075711080300000805 0.0078060692442314967 -0.0083334172972374509 3.3578711692140621e-05 -0.0036633512013525306
leaf_weight=24 22 24 42 36 361 28
leaf_count=24 22 24 42 36 361 28
internal_value=0 -0.000250526 0.00024258 -0.000134047 -0.000725141 0.0032183
internal_weight=0 513 491 467 397 70
internal_count=537 513 491 467 397 70
is_linear=0
shrinkage=0.1


Tree=142
num_leaves=6
num_cat=0
split_feature=101 96 61 32 24
split_gain=0.0670134 0.226087 0.0957875 0.155569 0.140361
threshold=6.1922600203877645 6.8053391632106601 5.4148603007111271 6.2841271995609906 5.948031580597152
decision_type=2 2 2 2 2
left_child=1 2 3 4 -1
right_child=-2 -3 -4 -5 -6
leaf_value=-0.00015983865197710971 0.0050554368402808908 -0.010164049225436017 0.0057729388924379803 -0.0072423770967549803 0.0070431671651272941
leaf_weight=403 25 22 29 29 29
leaf_count=403 25 22 29 29 29
internal_value=0 -0.000246847 0.000198415 -0.00015226 0.000323696
internal_weight=0 512 490 461 432
internal_count=537 512 490 461 432
is_linear=0
shrinkage=0.1


Tree=143
num_leaves=6
num_cat=0
split_feature=78 76 68 65 100
split_gain=0.0633796 0.106267 0.112599 0.203544 0.254207
threshold=3.8782852702047772 1.5437237412202287 3.3316408682288223 1.5772247814066718 6.1158701961393769
decision_type=2 2 2 2 2
left_child=1 2 -1 -4 -5
right_child=-2 -3 3 4 -6
leaf_value=0.0068403889933093031 -0.0039936671230149127 0.005173381594032413 -0.0096480076889628955 0.0087269629411880056 -0.00068789346065486513
leaf_weight=22 37 41 23 31 383
leaf_count=22 37 41 23 31 383
internal_value=0 0.000295531 -0.000140181 -0.000491605 1.70837e-05
internal_weight=0 500 459 437 414
internal_count=537 500 459 437 414
is_linear=0
shrinkage=0.1


Tree=144
num_leaves=9
num_cat=0
split_feature=95 68 61 2 57 52 101 20
split_gain=0.0753713 0.265653 0.211325 0.195633 0.0872202 0.111399 0.122774 0.0989965
threshold=1.0397207708399181 4.6102843803351883 0.89643595048923086 4.5053345884235583 1.0374361727265249 2.9830733695618465 2.8314802400679731 2.191013317336941
decision_type=2 2 2 2 2 2 2 2
left_child=1 -1 -2 -3 -4 6 -6 -7
right_child=2 3 4 -5 5 7 -8 -9
leaf_value=-0.011620376414308946 0.010045177627100865 0.0070008439736233821 -0.0058595777479543663 -0.0052755412980914117 -0.00040896834294882516 -0.0054107744988816974 0.0082924567221198241 0.00019524545752487723
leaf_weight=24 22 27 24 25 31 35 34 315
leaf_count=24 22 27 24 25 31 35 34 315
internal_value=0 -0.00291783 0.00048103 0.00109874 1.73316e-06 0.000340701 0.00414255 -0.000365357
internal_weight=0 76 461 52 439 415 65 350
internal_count=537 76 461 52 439 415 65 350
is_linear=0
shrinkage=0.1


Tree=145
num_leaves=9
num_cat=0
split_feature=2 60 40 1 6 101 101 52
split_gain=0.0713531 0.325972 0.227214 0.100733 0.218183 0.0999435 0.200327 0.162504
threshold=1.5890269151739729 1.7269739735238423 4.5325416796595226 1.0397207708399181 4.4885732424042368 3.0433873634561537 3.3497501700808394 4.0208673557437704
decision_type=2 2 2 2 2 2 2 2
left_child=2 -2 -1 4 -3 7 -7 -5
right_child=1 3 -4 5 -6 6 -8 -9
leaf_value=-0.011076968463815073 0.01171506031920823 -0.011421203632683804 0.0031380847177427751 0.00068351241424069063 0.0011919597411178984 -0.0094810853904599077 0.00019706713335090472 0.010547275177162627
leaf_weight=22 24 24 23 61 32 23 305 23
leaf_count=22 24 24 23 61 32 23 305 23
internal_value=0 0.000348613 -0.0038115 -0.000234282 -0.00421368 0.000306607 -0.000481584 0.0033843
internal_weight=0 492 45 468 56 412 328 84
internal_count=537 492 45 468 56 412 328 84
is_linear=0
shrinkage=0.1


Tree=146
num_leaves=16
num_cat=0
split_feature=49 51 100 14 9 99 89 103 101 53 101 101 97 86 59
split_gain=0.0638209 0.242634 0.377721 0.284969 0.200458 0.204908 0.105549 0.173922 0.225899 0.106219 0.213219 0.199456 0.183051 0.102727 0.0750931
threshold=2.191013317336941 2.9430520157250784 6.5147115934776361 4.3693677306817369 2.191013317336941 2.1383330595080281 0.2444714479475863 3.4175922930736511 3.4811217321331038 3.3015149975004081 5.1298812082267613 3.9701138825728512 2.602003343538398 0.51287647720581153 2.9430520157250784
decision_type=2 2 2 2 2 2 2 2 2 2 2 2 2 2 2
left_child=1 2 3 -1 -4 -6 7 14 -9 11 -11 12 -8 -10 -2
right_child=6 -3 4 -5 5 -7 9 8 13 10 -12 -13 -14 -15 -16
leaf_value=-0.0004838382359594107 0.00072758993059820077 -0.009279411100909454 -0.0098828429236046747 0.015272702618191639 0.0031949934324788337 -0.0083513545576186683 -0.0015221626390013155 -0.010398158464314682 -0.002094652312055155 0.012201269489616671 0.0009973103373606758 -0.0061496794785731862 0.010480662155896426 0.0044229082326637586 0.008989942983713594
leaf_weight=22 22 33 31 24 51 22 27 28 99 29 41 30 24 32 22
leaf_count=22 22 33 31 24 51 22 27 28 99 29 41 30 24 32 22
internal_value=0 -0.00151625 0.000191648 0.00773697 -0.0031457 -0.000284728 0.000783823 -0.00070542 -0.00224519 0.00278592 0.00563895 0.000320335 0.00412623 -0.000502576 0.00485877
internal_weight=0 183 150 46 104 73 354 203 159 151 70 81 51 131 44
internal_count=537 183 150 46 104 73 354 203 159 151 70 81 51 131 44
is_linear=0
shrinkage=0.1


Tree=147
num_leaves=8
num_cat=0
split_feature=2 57 40 0 56 88 101
split_gain=0.0588819 0.234183 0.18483 0.113967 0.118103 0.128035 0.102993
threshold=1.5890269151739729 0.69314718054716495 4.6727851606181448 1.5890269151739729 3.1883634739493139 0.41772296771466128 2.8314802400679731
decision_type=2 2 2 2 2 2 2
left_child=2 -2 -1 -3 6 -6 -5
right_child=1 3 -4 4 5 -7 -8
leaf_value=-0.0097304069153640593 0.0097460833787918096 -0.0059478178154677153 0.0030904717341234738 0.00018896192777901889 -0.0018333607008954901 0.002184241730522491 0.0076010615028526685
leaf_weight=23 25 32 22 38 242 118 37
leaf_count=23 25 32 22 38 242 118 37
internal_value=0 0.000316685 -0.00346242 -0.000188101 0.000235602 -0.00051648 0.0038456
internal_weight=0 492 45 467 435 360 75
internal_count=537 492 45 467 435 360 75
is_linear=0
shrinkage=0.1


Tree=148
num_leaves=10
num_cat=0
split_feature=44 87 8 53 35 79 44 22 18
split_gain=0.0611152 0.343102 0.346255 0.3167 0.234048 0.33721 0.132876 0.100905 0.136535
threshold=2.191013317336941 0.27455205197417148 2.602003343538398 3.1914737186377642 1.9356005054539456 2.7706317725792133 2.9174053685313028 2.8314802400679731 5.2203412156610947
decision_type=2 2 2 2 2 2 2 2 2
left_child=1 2 -1 -3 5 -2 -6 -8 -9
right_child=4 3 -4 -5 6 -7 7 8 -10
leaf_value=-0.012121814799805482 -0.012838484800201567 0.017014079057085126 0.0028714189435853515 0.00041916890312796053 0.0067525996787783996 0.0028392846554355779 0.0063551069216125399 -0.0036367007593954325 0.00080133303530395637
leaf_weight=24 34 23 43 23 30 23 22 103 212
leaf_count=24 34 23 43 23 30 23 22 103 212
internal_value=0 0.00206648 -0.00249929 0.00871662 -0.000550736 -0.00651237 0.000375185 -0.000192538 -0.000649834
internal_weight=0 113 67 46 424 57 367 337 315
internal_count=537 113 67 46 424 57 367 337 315
is_linear=0
shrinkage=0.1


Tree=149
num_leaves=10
num_cat=0
split_feature=41 41 72 66 4 88 61 32 99
split_gain=0.0597264 0.107644 0.0625128 0.179068 0.217434 0.199536 0.108855 0.304961 0.14966
threshold=6.4068582012380899 6.0209762173327137 0.37504708671941628 1.9356005054539456 4.6346818562128229 0.30484392240904995 4.3410331482868711 5.0995688973185436 1.9356005054539456
decision_type=2 2 2 2 2 2 2 2 2
left_child=1 2 6 5 -5 -4 7 -1 -8
right_child=-2 -3 3 4 -6 -7 8 -9 -10
leaf_value=0.00039205166491835072 -0.0039342651699876621 0.006817473039457885 0.0068053702037104815 -0.014062805863266643 -0.00029941077033678693 -0.0047539472239025472 -0.0084458113450986833 0.010667163066511207 -7.0974073825724927e-05
leaf_weight=192 36 24 32 22 24 28 26 34 119
leaf_count=192 36 24 32 22 24 28 26 34 119
internal_value=0 0.000282702 -4.60918e-05 -0.00218779 -0.0068819 0.00141102 0.000565823 0.00193786 -0.00157267
internal_weight=0 501 477 106 46 60 371 226 145
internal_count=537 501 477 106 46 60 371 226 145
is_linear=0
shrinkage=0.1


Tree=150
num_leaves=8
num_cat=0
split_feature=92 24 51 61 57 44 46
split_gain=0.0601886 0.196752 0.352101 0.127266 0.13557 0.110087 0.140693
threshold=5.4138198479028974 6.1333956902824402 2.5619819897016298 0.89643595048923086 0.94220600764219486 6.2841271995609906 6.1779355053092848
decision_type=2 2 2 2 2 2 2
left_child=3 2 -2 -1 -5 6 -6
right_child=1 -3 -4 4 5 -7 -8
leaf_value=0.0071218778180924276 0.0038410195311450444 0.0043175647308214991 -0.012086561304916229 -0.0072588479508946578 0.00064191955106487658 0.0065259850650493589 -0.006107529299162493
leaf_weight=27 23 29 35 24 337 28 34
leaf_count=27 23 29 35 24 337 28 34
internal_value=0 -0.00240778 -0.00577045 0.000465504 4.06291e-05 0.000479695 2.33717e-05
internal_weight=0 87 58 450 423 399 371
internal_count=537 87 58 450 423 399 371
is_linear=0
shrinkage=0.1


Tree=151
num_leaves=14
num_cat=0
split_feature=49 51 100 98 46 30 26 55 89 87 36 14 87
split_gain=0.0599746 0.177221 0.260066 0.312105 0.214592 0.209455 0.200042 0.119108 0.0945244 0.14005 0.134824 0.146571 0.113331
threshold=2.9430520157250784 2.9430520157250784 6.937297114209442 2.0126758453675753 4.7790881836238563 5.8636150338086175 4.5271940351011493 2.3937458713910238 0.2444714479475863 0.56846945541947547 3.0433873634561537 6.2766364227531826 0.41529708897122036
decision_type=2 2 2 2 2 2 2 2 2 2 2 2 2
left_child=1 2 3 6 -4 -6 -1 -2 9 12 -10 -12 -9
right_child=7 -3 4 -5 5 -7 -8 8 10 -11 11 -13 -14
leaf_value=0.0058371488431779054 0.0076431702162760009 -0.0071184723469265195 -0.0089003776328172544 0.013683650128543376 0.0077827644107552876 -0.0043464227446487974 -0.0068539513639457846 -0.0015054517436732095 0.0079973158864778075 -0.0083018898304241407 -0.0025076563772745432 0.0056351933442056181 0.0053072820590328307
leaf_weight=27 24 42 40 25 24 35 23 115 32 24 60 35 31
leaf_count=27 24 42 40 25 24 35 23 115 32 24 60 35 31
internal_value=0 -0.00128831 0.000118965 0.00456071 -0.003246 0.000587484 -7.57252e-07 0.000866903 0.000319326 -0.00122263 0.00238336 0.000492341 -5.89124e-05
internal_weight=0 216 174 75 99 59 50 321 297 170 127 95 146
internal_count=537 216 174 75 99 59 50 321 297 170 127 95 146
is_linear=0
shrinkage=0.1


Tree=152
num_leaves=8
num_cat=0
split_feature=2 60 40 1 52 101 104
split_gain=0.060605 0.192014 0.154562 0.0721754 0.179417 0.0911535 0.0941227
threshold=1.5890269151739729 1.7269739735238423 4.6727851606181448 1.0397207708399181 4.0342014792848504 1.9356005054539456 1.0000000180025095e-35
decision_type=2 2 2 2 2 2 2
left_child=2 -2 -1 4 -3 -5 -7
right_child=1 3 -4 5 -6 6 -8
leaf_value=-0.009244530392891687 0.0090450008555004995 0.0023716769741710139 0.0024796300588852981 0.0060629505807390585 -0.0089561216637556416 -0.0055331214341126263 0.00039077973212063295
leaf_weight=23 24 27 22 26 29 29 357
leaf_count=23 24 27 22 26 29 29 357
internal_value=0 0.000321285 -0.00351272 -0.000126085 -0.0034945 0.000331759 -5.42802e-05
internal_weight=0 492 45 468 56 412 386
internal_count=537 492 45 468 56 412 386
is_linear=0
shrinkage=0.1


Tree=153
num_leaves=15
num_cat=0
split_feature=92 73 57 51 17 50 104 88 65 46 54 47 84 57
split_gain=0.0585188 0.163218 0.162305 0.228582 0.219728 0.10354 0.204944 0.187846 0.350059 0.33688 0.280636 0.164307 0.181096 0.178429
threshold=5.3872575775666087 2.9944807084449319 4.0817656294488804 4.465842055365858 5.7837825769642768 4.5325416796595226 1.0986122886681102 0.381909351472076 3.98031281462606 5.609465086342035 2.602003343538398 4.9199542854466296 0.58142138372689944 2.8925406933776747
decision_type=2 2 2 2 2 2 2 2 2 2 2 2 2 2
left_child=5 2 3 -2 -4 7 -7 9 -9 10 -1 13 -13 -8
right_child=1 -3 4 -5 -6 6 11 8 -10 -11 -12 12 -14 -15
leaf_value=0.011151254204938793 -0.0018273332790057694 -0.0089285977829534277 -0.01178764715706083 0.010619654957205057 0.0021912620585087853 0.0098813692376756215 -0.0091715592044320973 -0.011436846861854578 0.0039129645486051835 -0.0069152529021569839 -0.00054726945198363744 0.011141116464360883 -0.00069669545143066607 0.00062501983872304369
leaf_weight=37 36 26 22 25 23 29 22 39 24 36 46 28 24 120
leaf_count=37 36 26 22 25 23 29 22 39 24 36 46 28 24 120
internal_value=0 -0.00182853 -8.69984e-05 0.00327389 -0.00464287 0.000595964 0.00204044 -0.00117392 -0.0055893 0.00116364 0.00466774 0.000868344 0.00567751 -0.00089276
internal_weight=0 132 106 61 45 405 223 182 63 119 83 194 52 142
internal_count=537 132 106 61 45 405 223 182 63 119 83 194 52 142
is_linear=0
shrinkage=0.1


Tree=154
num_leaves=13
num_cat=0
split_feature=95 98 2 104 98 65 40 104 49 98 92 96
split_gain=0.0589574 0.272563 0.133257 0.276183 0.217565 0.222647 0.163342 0.142026 0.151258 0.109647 0.0739486 0.118249
threshold=5.298267364047871 4.8121513051691478 5.0434043048315838 1.8688348091416842 3.2769667020129059 3.8663032619136333 6.1779096781959764 2.524928003624769 1.0397207708399181 3.7609296261008152 5.3056515074026853 6.9527121927165378
decision_type=2 2 2 2 2 2 2 2 2 2 2 2
left_child=2 -2 4 -4 7 -6 9 8 -1 -5 -3 -12
right_child=1 10 3 6 5 -7 -8 -9 -10 -11 11 -13
leaf_value=0.0041708882825332695 -0.010214364687756945 0.0041193859945786631 0.011780537703427775 -0.0057897812139023758 -0.014230083394795657 -0.00043654351681470877 0.007291606150101871 0.0059934734849957753 -0.0024186562708263678 0.0016011597702697833 0.001781528836692728 -0.0070176328983507126
leaf_weight=48 30 38 29 34 22 25 29 40 127 49 42 24
leaf_count=48 30 38 29 34 22 25 29 40 127 49 42 24
internal_value=0 -0.00181711 0.000604202 0.00308295 -0.000729783 -0.00689309 0.0008309 0.000617545 -0.000611238 -0.00142645 0.00060517 -0.00141817
internal_weight=0 134 403 141 262 47 112 215 175 83 104 66
internal_count=537 134 403 141 262 47 112 215 175 83 104 66
is_linear=0
shrinkage=0.1


Tree=155
num_leaves=7
num_cat=0
split_feature=41 41 103 45 103 96
split_gain=0.0624371 0.0908045 0.0629625 0.24316 0.0925103 0.103046
threshold=6.4068582012380899 6.0209762173327137 1.0397207708399181 3.891612008168019 2.3502401828962087 3.2180751841847144
decision_type=2 2 2 2 2 2
left_child=1 2 3 -1 -4 -6
right_child=-2 -3 4 -5 5 -7
leaf_value=0.0051065700890665713 -0.0040225547014011284 0.0062909400165760123 0.0063095909729599959 -0.0083098850399255762 0.0055715383819094112 -0.00043441375059006572
leaf_weight=22 36 24 25 35 31 364
leaf_count=22 36 24 25 35 31 364
internal_value=0 0.000289046 -1.29362e-05 -0.0031316 0.000410312 3.69395e-05
internal_weight=0 501 477 57 420 395
internal_count=537 501 477 57 420 395
is_linear=0
shrinkage=0.1


Tree=156
num_leaves=7
num_cat=0
split_feature=88 89 6 100 18 97
split_gain=0.0588183 0.143744 0.103837 0.140413 0.100146 0.175724
threshold=0.643176865477746 1.0000000180025095e-35 1.5890269151739729 6.1158701961393769 3.1345481418531311 2.3937458713910238
decision_type=2 2 2 2 2 2
left_child=2 -2 -1 -4 -5 -6
right_child=1 -3 3 4 5 -7
leaf_value=-0.0054349939042463366 0.00682291538000871 -0.0018191228767758924 0.006390688972896897 0.004240262386956602 -0.0065301164649426945 -0.00012681323033757508
leaf_weight=38 39 38 32 40 50 300
leaf_count=38 39 38 32 40 50 300
internal_value=0 0.00255801 -0.000428189 2.26605e-05 -0.000499844 -0.00104157
internal_weight=0 77 460 422 390 350
internal_count=537 77 460 422 390 350
is_linear=0
shrinkage=0.1


Tree=157
num_leaves=12
num_cat=0
split_feature=100 95 2 2 17 18 0 22 40 102 78
split_gain=0.0570837 0.117407 0.181745 0.109888 0.259524 0.203354 0.343878 0.166617 0.156312 0.104736 0.0773851
threshold=10.120320211525121 5.298267364047871 6.0234446615874218 5.0434043048315838 3.1132683346437333 4.744894319750431 2.191013317336941 4.744894319750431 6.1779096781959764 4.6539149966267201 0.57503302374035148
decision_type=2 2 2 2 2 2 2 2 2 2 2
left_child=1 3 -3 5 -5 7 -7 -1 -6 10 -4
right_child=-2 2 9 4 8 6 -8 -9 -10 -11 -12
leaf_value=0.0022008904932458379 0.0044809700921177864 -0.011282772532748906 0.0037386264287842773 0.012773462016114288 -0.0013413496049778427 -0.015611101574772461 -0.00060831837065052248 -0.0065595319056883459 0.0066813558771494121 -0.0070252245499763041 -0.0034784470209463813
leaf_weight=165 27 22 39 22 85 22 50 25 34 22 24
leaf_count=165 27 22 39 22 85 22 50 25 34 22 24
internal_value=0 -0.000237228 -0.0031818 0.000544581 0.00279551 -0.0006668 -0.0051925 0.0010482 0.000950852 -0.00108507 0.000989265
internal_weight=0 510 107 403 141 262 72 190 119 85 63
internal_count=537 510 107 403 141 262 72 190 119 85 63
is_linear=0
shrinkage=0.1


Tree=158
num_leaves=7
num_cat=0
split_feature=46 42 42 34 38 36
split_gain=0.0628527 0.0968844 0.0717964 0.0899857 0.267591 0.161329
threshold=7.0021555404279701 6.5352317916717775 6.2633964485293765 5.1298812082267613 5.081385075233106 4.2625806805327082
decision_type=2 2 2 2 2 2
left_child=1 2 3 4 -1 -5
right_child=-2 -3 -4 5 -6 -7
leaf_value=0.00023636828563913692 -0.0045280137926275877 0.006460209264575194 -0.0042216098462966719 0.0088291295121113462 -0.010219309654052336 0.00067564991124427042
leaf_weight=262 29 24 38 30 27 127
leaf_count=262 29 24 38 30 27 127
internal_value=0 0.000258489 -4.90343e-05 0.000306477 -0.00074046 0.00223364
internal_weight=0 508 484 446 289 157
internal_count=537 508 484 446 289 157
is_linear=0
shrinkage=0.1


Tree=159
num_leaves=10
num_cat=0
split_feature=41 13 12 21 2 18 41 86 12
split_gain=0.0544716 0.0755668 0.145889 0.152516 0.136673 0.275463 0.204536 0.118464 0.120566
threshold=6.4068582012380899 3.1132683346437333 3.8064155152036787 3.4334666422309414 4.9089648320872419 4.8121513051691478 3.3667009459186801 0.66150965699663089 4.6001450180613412
decision_type=2 2 2 2 2 2 2 2 2
left_child=1 4 3 -3 5 6 -1 8 -4
right_child=-2 2 7 -5 -6 -7 -8 -9 -10
leaf_value=0.0013970384257845582 -0.0037572118039760323 0.012369228353385222 -0.005299491623719765 0.0016201540129259229 0.004616161775916363 -0.011469523578749172 -0.0081939561483782859 0.006356948839467285 0.00060066861052097487
leaf_weight=108 36 22 43 33 33 28 28 28 178
leaf_count=108 36 22 43 33 33 28 28 28 178
internal_value=0 0.000269979 0.00125863 0.00591978 -0.00125565 -0.00243718 -0.000577578 0.000229058 -0.000547326
internal_weight=0 501 304 55 197 164 136 249 221
internal_count=537 501 304 55 197 164 136 249 221
is_linear=0
shrinkage=0.1


Tree=160
num_leaves=10
num_cat=0
split_feature=8 14 60 20 17 36 86 65 7
split_gain=0.0595653 0.171379 0.163717 0.118043 0.136913 0.136434 0.110938 0.0942408 0.0831846
threshold=5.7651468795656617 6.1779355053092848 5.6128862096129035 5.2443855436100657 5.0271592211193568 5.7137273593905471 0.67986905584219193 5.9861618428854415 6.086764396227073
decision_type=2 2 2 2 2 2 2 2 2
left_child=2 -2 3 5 -5 6 -1 8 -3
right_child=1 7 -4 4 -6 -7 -8 -9 -10
leaf_value=0.00056692681580505062 -0.0088222494294833663 0.0010426562272407341 0.0072035525178601838 -0.010487433399116113 0.00043412203476691504 0.0078767808852717291 -0.0067934049134650695 0.004709178280706207 -0.006694764865096659
leaf_weight=296 28 33 34 22 24 24 22 30 24
leaf_count=296 28 33 34 22 24 24 22 30 24
internal_value=0 -0.00201752 0.000549797 -3.3264e-05 -0.00478923 0.000606427 5.77215e-05 0.000172513 -0.00221521
internal_weight=0 115 422 388 46 342 318 87 57
internal_count=537 115 422 388 46 342 318 87 57
is_linear=0
shrinkage=0.1


Tree=161
num_leaves=10
num_cat=0
split_feature=10 16 28 14 47 45 35 92 84
split_gain=0.058509 0.183211 0.144064 0.142661 0.120333 0.164937 0.141545 0.0980411 0.0727945
threshold=6.2393002351051399 5.948031580597152 5.948031580597152 6.3473876761041979 4.9904094477362264 2.8029010331479989 4.9199542854466296 5.3288388228492778 0.60636990177227157
decision_type=2 2 2 2 2 2 2 2 2
left_child=1 2 4 -2 5 -1 -6 -5 -9
right_child=3 -3 -4 7 6 -7 -8 8 -10
leaf_value=0.0014030085101601286 -0.008558445047282686 0.0089881564160653703 -0.0073570576854399411 0.0053021122856686514 0.0093259699376566068 -0.0036138634706344621 0.0012159840259525767 -0.0067593125795776202 0.0010564621045397451
leaf_weight=156 26 24 25 24 28 113 93 22 26
leaf_count=156 26 24 25 24 28 113 93 22 26
internal_value=0 0.000493179 1.90358e-06 -0.00220924 0.000473632 -0.000704451 0.00309267 8.35255e-05 -0.00252577
internal_weight=0 439 415 98 390 269 121 72 48
internal_count=537 439 415 98 390 269 121 72 48
is_linear=0
shrinkage=0.1


Tree=162
num_leaves=10
num_cat=0
split_feature=18 6 24 22 95 68 2 61 104
split_gain=0.0568472 0.142819 0.119757 0.0913983 0.0758029 0.176947 0.183402 0.120158 0.106535
threshold=6.212604087723423 6.1158701961393769 5.9322416695047417 6.5352317916717775 1.0397207708399181 4.6102843803351883 4.5053345884235583 0.89643595048923086 0.34657359027997264
decision_type=2 2 2 2 2 2 2 2 2
left_child=2 -2 4 -3 5 -1 -7 -6 -9
right_child=1 3 -4 -5 7 6 -8 8 -10
leaf_value=-0.0098536564215464754 -0.0088732527491326135 -0.0037150785598593452 0.0075181441543542829 0.0031900408646523409 0.0078836041460321714 0.0061821129405871039 -0.0059697105873214168 -0.0040987342536633756 0.0010154866470200559
leaf_weight=24 24 36 23 41 22 27 23 48 269
leaf_count=24 24 36 23 41 22 27 23 48 269
internal_value=0 -0.00213772 0.000495205 -3.83267e-05 0.000104097 -0.0027956 0.000592274 0.000737068 0.000241094
internal_weight=0 101 436 77 413 74 50 339 317
internal_count=537 101 436 77 413 74 50 339 317
is_linear=0
shrinkage=0.1


Tree=163
num_leaves=13
num_cat=0
split_feature=92 73 30 103 19 92 47 92 98 53 30 72
split_gain=0.050443 0.12095 0.122813 0.201077 0.134228 0.0777769 0.222186 0.141002 0.137795 0.128274 0.195442 0.107381
threshold=5.3872575775666087 2.9944807084449319 6.5087680264540815 1.9356005054539456 4.9628201785886317 5.3348534287833536 4.9628201785886317 5.3262937226227001 3.0201273556387074 2.5650725096321265 5.081385075233106 0.69524269482164158
decision_type=2 2 2 2 2 2 2 2 2 2 2 2
left_child=5 2 3 -2 -5 7 8 9 -7 10 -1 -11
right_child=1 -3 -4 4 -6 6 -8 -9 -10 11 -12 -13
leaf_value=0.00097545731890325753 -0.0062881666559564042 -0.0078096624042910462 -0.0064902433000194534 0.01092042665166611 0.0010568307196671095 0.0049327508910842572 0.0089719519484788186 -0.0071100531784058715 -0.0052147602415061559 0.0038787124742172725 -0.0069806142738633899 -0.002740728349289707
leaf_weight=90 23 26 24 22 37 23 38 27 32 117 47 31
leaf_count=90 23 26 24 22 37 23 38 27 32 117 47 31
internal_value=0 -0.00169767 -0.000198505 0.00164298 0.00473478 0.000553315 0.00309156 -0.000203277 -0.000971256 0.000451049 -0.001754 0.00249221
internal_weight=0 132 106 82 59 405 93 312 55 285 137 148
internal_count=537 132 106 82 59 405 93 312 55 285 137 148
is_linear=0
shrinkage=0.1


Tree=164
num_leaves=14
num_cat=0
split_feature=35 104 28 95 19 101 45 42 49 101 51 42 27
split_gain=0.054314 0.190501 0.301443 0.179255 0.143312 0.124365 0.194884 0.231603 0.134792 0.178934 0.109182 0.108037 0.0954195
threshold=2.524928003624769 1.0986122886681102 3.9701138825728512 1.8688348091416844 1.5890269151739729 2.7058230259275202 4.3437210834879627 5.9026184029028368 4.9904094477362264 3.1132683346437333 5.7235637421898984 6.5624281337850094 5.351757047361585
decision_type=2 2 2 2 2 2 2 2 2 2 2 2 2
left_child=1 -1 3 -3 -5 6 -2 -8 9 -7 -10 -11 -12
right_child=5 2 -4 4 -6 8 7 -9 10 11 12 -13 -14
leaf_value=-0.0082009212716537376 0.011232958057035621 0.01067675150849897 -0.0093537035631015893 -0.0051657758929111348 0.0043627045239861073 -0.010015163333931317 -0.0056744796190676952 0.0071875060671508055 0.0078151831869035966 -0.00177168955990306 -0.0036099137992344123 0.0057488598987798798 0.0031690388763049022
leaf_weight=34 26 23 25 27 38 24 28 28 28 145 33 22 56
leaf_count=34 26 23 25 27 38 24 28 28 28 145 33 22 56
internal_value=0 -0.00163811 0.000336544 0.00308946 0.00040472 0.000617441 0.00407831 0.000756513 -0.000303961 -0.00194128 0.00236892 -0.000780958 0.000655495
internal_weight=0 147 113 88 65 390 82 56 308 191 117 167 89
internal_count=537 147 113 88 65 390 82 56 308 191 117 167 89
is_linear=0
shrinkage=0.1


Tree=165
num_leaves=13
num_cat=0
split_feature=34 38 49 88 65 68 27 51 11 88 25 22
split_gain=0.0601942 0.0636994 0.108037 0.106158 0.351233 0.281109 0.252213 0.224701 0.148625 0.0992665 0.11759 0.0323838
threshold=7.1966391559419423 3.9701138825728512 2.191013317336941 0.32237371114682284 3.98031281462606 4.5557118317322134 2.8029010331479989 1.5890269151739729 4.5325416796595226 0.10960282139613471 2.191013317336941 3.2951505240983434
decision_type=2 2 2 2 2 2 2 2 2 2 2 2
left_child=1 2 -1 5 -5 6 -3 -6 -7 10 -4 -11
right_child=-2 3 9 4 7 8 -8 -9 -10 11 -12 -13
leaf_value=-0.006597711472546286 -0.005005044449606668 0.015393030903888522 -0.0073257332603479247 -0.0091890042278100752 0.010563159895979841 -0.0039379167341394355 0.0015938488932218976 -0.00065217849260079674 0.0022848197536210943 0.006069935775240478 0.0015332080423831941 0.00081891634229881076
leaf_weight=33 23 27 29 40 23 56 26 80 122 23 31 24
leaf_count=33 23 27 29 40 23 56 26 80 122 23 31 24
internal_value=0 0.000223961 -0.00159556 0.000905066 -0.00123624 0.00223063 0.00862362 0.00185222 0.000327105 -5.28439e-05 -0.00274861 0.00338856
internal_weight=0 514 140 374 143 231 53 103 178 107 60 47
internal_count=537 514 140 374 143 231 53 103 178 107 60 47
is_linear=0
shrinkage=0.1


Tree=166
num_leaves=7
num_cat=0
split_feature=46 42 31 37 29 65
split_gain=0.0511151 0.0707541 0.0556856 0.0966783 0.117621 0.0899901
threshold=7.0021555404279701 6.5352317916717775 6.1246809968142868 5.3131938456227115 4.5107991236896536 5.0864100031781154
decision_type=2 2 2 2 2 2
left_child=1 2 3 4 -1 -5
right_child=-2 -3 -4 5 -6 -7
leaf_value=0.00068785377469519904 -0.0040833834526610782 0.0055329251025492947 -0.0039950299874004546 0.0090318200137952092 -0.0033937383891188204 8.5832514080472975e-05
leaf_weight=315 29 24 33 23 91 22
leaf_count=315 29 24 33 23 91 22
internal_value=0 0.000233107 -2.96944e-05 0.000260452 -0.000226986 0.00465823
internal_weight=0 508 484 451 406 45
internal_count=537 508 484 451 406 45
is_linear=0
shrinkage=0.1


Tree=167
num_leaves=11
num_cat=0
split_feature=35 104 28 95 45 100 7 38 41 76
split_gain=0.0504106 0.150549 0.250687 0.142586 0.124841 0.123292 0.205038 0.187468 0.0971211 0.07908
threshold=2.524928003624769 1.0986122886681102 3.9701138825728512 1.8688348091416844 2.191013317336941 6.4891310167150369 1.9356005054539456 4.7790881836238563 6.4068582012380899 1.125867473012369
decision_type=2 2 2 2 2 2 2 2 2 2
left_child=1 -1 3 -3 -5 7 -7 -2 9 -8
right_child=5 2 -4 4 -6 6 8 -9 -10 -11
leaf_value=-0.0074123198193881447 0.012139233320274136 0.0094546426006633308 -0.0086595865953713654 0.0034280213153769462 -0.0058336652603677734 -0.0086210602464584212 0.00067002770870539874 -0.00019629457217108993 -0.0046941452058813261 0.0064572904312696598
leaf_weight=34 22 23 25 43 22 26 257 28 31 26
leaf_count=34 22 23 25 43 22 26 257 28 31 26
internal_value=0 -0.00157815 0.000177269 0.00268774 0.000293297 0.00059484 -8.69982e-05 0.00523134 0.000619644 0.00120172
internal_weight=0 147 113 88 65 390 340 50 314 283
internal_count=537 147 113 88 65 390 340 50 314 283
is_linear=0
shrinkage=0.1


Tree=168
num_leaves=9
num_cat=0
split_feature=88 65 4 6 100 87 98 7
split_gain=0.0471467 0.109175 0.151515 0.0852937 0.0999348 0.0704112 0.165666 0.0886263
threshold=0.643176865477746 3.6940450311570552 5.1984817689835037 1.5890269151739729 6.1158701961393769 0.59975713893032234 3.2769667020129059 1.9356005054539456
decision_type=2 2 2 2 2 2 2 2
left_child=3 -2 -3 -1 -5 7 -7 -6
right_child=1 2 -4 4 5 6 -8 -9
leaf_value=-0.0049211449149113747 -0.0036635022134181455 0.010016623322196582 -0.00048239202005788688 0.0053975476708728824 -0.0040174911329306151 -0.010243251198983712 0.00015112412182371256 0.00086090778135284186
leaf_weight=38 22 27 28 32 43 23 46 278
leaf_count=38 22 27 28 32 43 23 46 278
internal_value=0 0.00229019 0.00467167 -0.000383358 2.52576e-05 -0.000415546 -0.00331367 0.000207415
internal_weight=0 77 55 460 422 390 69 321
internal_count=537 77 55 460 422 390 69 321
is_linear=0
shrinkage=0.1


Tree=169
num_leaves=9
num_cat=0
split_feature=10 16 28 96 33 29 14 102
split_gain=0.0443165 0.14284 0.123305 0.119362 0.110063 0.138589 0.11533 0.055608
threshold=6.2393002351051399 5.948031580597152 5.948031580597152 6.1505459369606674 4.3943729409690677 4.5107991236896536 4.9089648320872419 4.465842055365858
decision_type=2 2 2 2 2 2 2 2
left_child=1 2 4 -2 6 -6 -1 -5
right_child=3 -3 -4 7 5 -7 -8 -9
leaf_value=0.00051330488189343579 -0.0082248351911244823 0.0079300695040728907 -0.0068127190377563242 0.0030000672038808904 0.0086404595955173139 0.0008537685865303503 -0.0042489722044443462 -0.0024696868343176549
leaf_weight=211 23 24 25 34 32 80 67 41
leaf_count=211 23 24 25 34 32 80 67 41
internal_value=0 0.000429217 -4.56769e-06 -0.00192272 0.000431852 0.00307854 -0.000634438 9.935e-06
internal_weight=0 439 415 98 390 112 278 75
internal_count=537 439 415 98 390 112 278 75
is_linear=0
shrinkage=0.1


Tree=170
num_leaves=13
num_cat=0
split_feature=49 95 2 87 104 48 87 97 45 46 88 87
split_gain=0.0434526 0.134508 0.0931241 0.264781 0.142923 0.16523 0.126955 0.0813974 0.070221 0.0638943 0.0876769 0.0308488
threshold=4.9904094477362264 5.298267364047871 4.9089648320872419 0.4526960735680135 2.524928003624769 4.7621374077860157 0.053353963967756303 6.6240431818084256 5.3706272113530096 4.7790881836238563 0.21474950555743294 0.036928771232934005
decision_type=2 2 2 2 2 2 2 2 2 2 2 2
left_child=1 2 4 6 5 -1 -4 8 9 10 -2 -11
right_child=7 -3 3 -5 -6 -7 -8 -9 -10 11 -12 -13
leaf_value=-0.0010619892977697556 2.2024027670600584e-05 -0.0058348424011857667 0.0019578031341855725 0.011505664758384229 0.0047671655811635516 -0.0099422892924242966 -0.0067220128053370647 -0.0041838995689018211 0.0071557008177042013 0.0012802278752832746 0.008354706762601501 -0.0035457833971897211
leaf_weight=165 28 43 72 25 35 24 22 22 25 26 23 27
leaf_count=165 28 43 72 25 35 24 22 22 25 26 23 27
internal_value=0 -0.00056262 9.83288e-05 0.00235898 -0.00110264 -0.00218965 -7.36431e-05 0.00143822 0.00239703 0.00125312 0.0037799 -0.00117831
internal_weight=0 386 343 119 224 189 94 151 129 104 51 53
internal_count=537 386 343 119 224 189 94 151 129 104 51 53
is_linear=0
shrinkage=0.1


Tree=171
num_leaves=10
num_cat=0
split_feature=80 50 80 4 2 103 42 104 4
split_gain=0.0456664 0.148223 0.122514 0.116943 0.104223 0.163429 0.134204 0.0811564 0.0625123
threshold=1.5427436621996165 5.0434043048315838 0.97575882019212934 4.7273486598447958 1.5890269151739729 2.602003343538398 5.36580129675328 0.34657359027997264 2.9174053685313028
decision_type=2 2 2 2 2 2 2 2 2
left_child=2 3 4 8 -1 6 -6 -7 -2
right_child=1 -3 -4 -5 5 7 -8 -9 -10
leaf_value=-0.0047945657304897006 -0.0013911931225183336 0.0079517991057243848 -0.0069658642600255996 -0.0060378807494416839 0.01176238689063625 -0.0049549567329725541 0.00071684774858030414 0.00027688505055864461 0.0059886077530488064
leaf_weight=41 22 29 27 25 22 33 22 292 24
leaf_count=41 22 29 27 25 22 33 22 292 24
internal_value=0 0.00192775 -0.000441134 -0.00053277 -1.14565e-05 0.00052 0.00623962 -0.000254348 0.00245914
internal_weight=0 100 437 71 410 369 44 325 46
internal_count=537 100 437 71 410 369 44 325 46
is_linear=0
shrinkage=0.1


Tree=172
num_leaves=11
num_cat=0
split_feature=34 35 104 28 87 101 14 99 51 86
split_gain=0.0434426 0.0558471 0.125078 0.199559 0.131252 0.0796176 0.171431 0.112607 0.123176 0.0931506
threshold=7.1966391559419423 2.524928003624769 1.0986122886681102 3.9701138825728512 0.16788122690092908 2.7058230259275202 4.3303869599468818 0.89587973461402759 1.5890269151739729 0.65913922143987869
decision_type=2 2 2 2 2 2 2 2 2 2
left_child=1 2 -1 4 -4 6 -3 8 -7 -9
right_child=-2 5 3 -5 -6 7 -8 9 -10 -11
leaf_value=-0.0067745312226607513 -0.0042519535221483403 -0.0011765182055042765 -0.0010622586790063628 -0.0077410796117037542 0.006712091869364183 -0.0092737250030040744 0.0081468884216297829 0.00037163169409793156 -0.00025341301509065596 0.006539696408435703
leaf_weight=34 23 38 49 25 39 24 41 195 41 28
leaf_count=34 23 38 49 25 39 24 41 195 41 28
internal_value=0 0.000190263 -0.00145674 0.000143309 0.00238319 0.000849959 0.00366221 7.85429e-05 -0.00358399 0.0011461
internal_weight=0 514 147 113 88 367 79 288 65 223
internal_count=537 514 147 113 88 367 79 288 65 223
is_linear=0
shrinkage=0.1


Tree=173
num_leaves=10
num_cat=0
split_feature=18 14 16 7 20 98 3 96 87
split_gain=0.0428858 0.131735 0.0858292 0.0897037 0.141372 0.118555 0.0584908 0.0584761 0.0574097
threshold=6.212604087723423 6.2897000812552255 5.8550678171289681 5.8170934442298607 5.1873702005911486 4.9628201785886317 6.0112551596500436 5.4071617168636603 0.022289016848914333
decision_type=2 2 2 2 2 2 2 2 2
left_child=2 -2 3 4 5 -1 -3 -6 -8
right_child=1 6 -4 -5 7 -7 8 -9 -10
leaf_value=0.00088407562548243929 -0.0083256202355793604 0.0036092706135726379 0.0065165558660572227 0.0050277278217596604 -0.0091218760439559163 -0.0065553899773437051 0.0012361400108784439 -0.0019104665896685965 -0.0057680869305675687
leaf_weight=312 24 30 22 34 23 23 25 22 22
leaf_count=312 24 30 22 34 23 23 25 22 22
internal_value=0 -0.00185674 0.000430117 0.000106683 -0.00033362 0.000373306 0.000159529 -0.0055963 -0.00204243
internal_weight=0 101 436 414 380 335 77 45 47
internal_count=537 101 436 414 380 335 77 45 47
is_linear=0
shrinkage=0.1


Tree=174
num_leaves=13
num_cat=0
split_feature=80 50 30 26 21 6 98 49 7 45 41 22
split_gain=0.0435955 0.08788 0.0832373 0.23678 0.122916 0.213129 0.394816 0.199918 0.127822 0.127665 0.0936787 0.0754963
threshold=2.004936434568616 4.8903208612686422 6.4876828601347034 7.0021555404279701 2.3502401828962087 4.465842055365858 2.191013317336941 1.0397207708399181 4.5485858369352732 3.5549397315361362 5.3131938456227115 4.6586997221347959
decision_type=2 2 2 2 2 2 2 2 2 2 2 2
left_child=2 11 4 -4 5 6 -1 -7 9 -6 -10 -2
right_child=1 -3 3 -5 8 7 -8 -9 10 -11 -12 -13
leaf_value=-0.0012906994835216682 0.0046464000214737925 0.0075409688013182447 -0.011385492887347937 0.0023886787060361644 0.0082102599188273919 0.0095175874581479511 -0.0170239016530104 -0.0036673259475956798 -0.0015713223776713547 0.0011193692428810944 0.0040272153001033551 -0.0028716660323826709
leaf_weight=58 22 22 24 26 43 23 22 23 140 62 38 34
leaf_count=58 22 22 24 26 43 23 22 23 140 62 38 34
internal_value=0 0.00218571 -0.000371428 -0.00422292 9.9415e-05 -0.00249865 -0.00561733 0.00292513 0.00125615 0.00402326 -0.000376129 8.18599e-05
internal_weight=0 78 459 50 409 126 80 46 283 105 178 56
internal_count=537 78 459 50 409 126 80 46 283 105 178 56
is_linear=0
shrinkage=0.1


Tree=175
num_leaves=8
num_cat=0
split_feature=35 30 34 65 34 34 74
split_gain=0.0391082 0.170397 0.0557479 0.182284 0.159978 0.165866 0.0995491
threshold=6.6950642080078762 6.6883353279854534 5.1298812082267613 3.3906709696505053 4.8751681865209777 4.7229433450037179 0.28508127946563688
decision_type=2 2 2 2 2 2 2
left_child=1 2 4 -4 5 -1 -5
right_child=-2 -3 3 6 -6 -7 -8
leaf_value=-0.00060943490699391027 0.0041289434302598238 -0.0082293467782437804 0.010106215435503559 0.0015857165053101451 -0.0066996995286133735 0.0078246550491222963 -0.0044996635154044874
leaf_weight=226 22 25 22 145 38 26 33
leaf_count=226 22 25 22 145 38 26 33
internal_value=0 -0.000176382 0.000234483 0.00151888 -0.00065131 0.000260749 0.000457528
internal_weight=0 515 490 200 290 252 178
internal_count=537 515 490 200 290 252 178
is_linear=0
shrinkage=0.1


Tree=176
num_leaves=11
num_cat=0
split_feature=49 41 73 2 2 48 97 45 83 92
split_gain=0.0417209 0.110613 0.0964871 0.0827012 0.22957 0.121905 0.0607785 0.0597401 0.0600191 0.0733036
threshold=4.9904094477362264 6.4068582012380899 4.5949157476723217 5.1179758838799021 5.36580129675328 4.7273486598447958 6.6240431818084256 5.3706272113530096 0.36148513246901398 5.3704795783610537
decision_type=2 2 2 2 2 2 2 2 2 2
left_child=1 2 3 5 -5 -1 7 8 -2 -10
right_child=6 -3 -4 4 -6 -7 -8 -9 9 -11
leaf_value=0.00038509391589932278 -0.003455225069245154 -0.0068503401134736271 -0.0050851072181415345 0.011868921356191012 0.00025171149615198376 -0.0060294347708778721 -0.0034488692646846178 0.006626985860057175 0.0048806794282353046 -0.0012162973344057911
leaf_weight=193 22 26 35 22 75 35 22 25 49 33
leaf_count=193 22 26 35 22 75 35 22 25 49 33
internal_value=0 -0.000551295 -9.63645e-05 0.000440885 0.00288654 -0.000599593 0.00140927 0.00223779 0.0011827 0.00242702
internal_weight=0 386 360 325 97 228 151 129 104 82
internal_count=537 386 360 325 97 228 151 129 104 82
is_linear=0
shrinkage=0.1


Tree=177
num_leaves=9
num_cat=0
split_feature=100 95 102 12 20 36 102 103
split_gain=0.0430112 0.0643271 0.127308 0.0841434 0.114139 0.0765874 0.0740536 0.0433516
threshold=10.120320211525121 5.2417330174952186 3.7494348669884658 5.8550678171289681 5.6454406545496605 5.7137273593905471 4.6539149966267201 5.6418819206652282
decision_type=2 2 2 2 2 2 2 2
left_child=1 3 -3 4 5 -1 7 -4
right_child=-2 2 6 -5 -6 -7 -8 -9
leaf_value=3.3829338499344885e-05 0.0038896172712729487 -0.0091468223878605811 0.0046610054109528986 0.0056724946896013415 -0.0059260371436054516 0.0052469050181248502 -0.0051416125524645813 -0.00078751630368060436
leaf_weight=310 27 22 23 28 30 31 26 40
leaf_count=310 27 22 23 28 30 31 26 40
internal_value=0 -0.000205921 -0.00233522 0.000386441 -1.25066e-05 0.000507745 -0.000651455 0.00120163
internal_weight=0 510 111 399 371 341 89 63
internal_count=537 510 111 399 371 341 89 63
is_linear=0
shrinkage=0.1


Tree=178
num_leaves=8
num_cat=0
split_feature=95 92 61 100 6 13 69
split_gain=0.0397985 0.199103 0.089529 0.0781363 0.107088 0.133412 0.0665866
threshold=1.0397207708399181 5.2625879854713267 0.89643595048923086 6.2085718078050585 3.7609296261008152 2.5619819897016298 3.6087971637891241
decision_type=2 2 2 2 2 2 2
left_child=1 -1 -2 -4 6 -6 -5
right_child=2 -3 3 4 5 -7 -8
leaf_value=-0.0075155040970356721 0.0065747294955971567 0.0027354506973642856 -0.005279617244825484 0.0072076753987108961 -0.0059561888681019881 0.00038727842689912219 0.00024097008458541142
leaf_weight=36 22 40 26 34 37 319 23
leaf_count=36 22 40 26 34 37 319 23
internal_value=0 -0.00212026 0.000349545 3.75764e-05 0.000372315 -0.000272015 0.00439655
internal_weight=0 76 461 439 413 356 57
internal_count=537 76 461 439 413 356 57
is_linear=0
shrinkage=0.1


Tree=179
num_leaves=12
num_cat=0
split_feature=88 2 67 14 6 56 102 40 40 68 22
split_gain=0.0383237 0.0757211 0.0808994 0.0664771 0.135511 0.265018 0.175337 0.118951 0.116153 0.136075 0.103035
threshold=0.643176865477746 4.465842055365858 5.8259609485129049 3.4334666422309414 4.9415403713792339 2.3746352649809244 2.0126758453675748 6.4536138387458246 2.191013317336941 4.6102843803351883 4.6586997221347959
decision_type=2 2 2 2 2 2 2 2 2 2 2
left_child=3 -2 -3 8 5 -5 -6 -8 -1 -10 -7
right_child=1 2 -4 4 6 10 7 -9 9 -11 -12
leaf_value=0.0012904155474060622 0.0070231119128452112 -0.0044423016978923802 0.0033329617319395768 0.01186208396661991 -0.0083262500663598381 0.003378362433148264 -0.00096925706094483236 0.0068043842911720276 -0.011207421015016735 -0.00077381519973278052 -0.0028974694754690567
leaf_weight=39 22 23 32 26 30 59 187 22 25 25 47
leaf_count=39 22 23 32 26 30 59 187 22 25 25 47
internal_value=0 0.00206481 8.14879e-05 -0.000345631 0.000243165 0.00281482 -0.00117716 -0.000150979 -0.00280005 -0.00599062 0.000595682
internal_weight=0 77 55 460 371 132 239 209 89 50 106
internal_count=537 77 55 460 371 132 239 209 89 50 106
is_linear=0
shrinkage=0.1


Tree=180
num_leaves=9
num_cat=0
split_feature=65 3 104 102 5 87 26 3
split_gain=0.0441709 0.0766388 0.213635 0.1502 0.0757801 0.0796533 0.0937976 0.0495492
threshold=1.5610587468250474 1.9356005054539456 0.8958797346140277 1.2424533248940004 1.8688348091416844 0.036928771232934005 6.5220754968327581 4.8903208612686422
decision_type=2 2 2 2 2 2 2 2
left_child=-1 2 -2 -4 -3 7 -7 -6
right_child=1 4 3 -5 5 6 -8 -9
leaf_value=-0.0036641665794436007 0.011169471725841741 -0.004452863291314826 -0.003690064076854046 0.0054412919457160662 0.0032676613624315967 -0.00047670098151807123 -0.0068858758046257285 4.3952655021066428e-05
leaf_weight=31 23 41 43 31 86 148 27 107
leaf_count=31 23 41 43 31 86 148 27 107
internal_value=0 0.000224485 0.0027516 0.000135234 -0.000374856 7.94876e-05 -0.00146555 0.00148042
internal_weight=0 506 97 74 409 368 175 193
internal_count=537 506 97 74 409 368 175 193
is_linear=0
shrinkage=0.1


Tree=181
num_leaves=9
num_cat=0
split_feature=26 26 49 51 4 45 45 29
split_gain=0.0375441 0.167104 0.0499559 0.13429 0.207756 0.0428504 0.165877 0.0787622
threshold=7.0021555404279701 6.5352317916717775 1.5890269151739729 2.9430520157250784 3.8499212036984933 3.891612008168019 3.0201273556387074 4.5746578350692051
decision_type=2 2 2 2 2 2 2 2
left_child=1 2 3 4 -1 6 -4 -7
right_child=-2 -3 5 -5 -6 7 -8 -9
leaf_value=0.0040839949645282278 0.0034995866554050612 -0.0085283232164447727 0.0015293253331755052 -0.008020633563399316 -0.0041704074925898267 0.005412614844473345 -0.0054379668676604832 0.00053453146224366683
leaf_weight=62 29 23 142 25 60 49 45 102
leaf_count=62 29 23 142 25 60 49 45 102
internal_value=0 -0.00019978 0.000195182 -0.00134376 2.44528e-05 0.000864485 -0.000147296 0.00211749
internal_weight=0 508 485 147 122 338 187 151
internal_count=537 508 485 147 122 338 187 151
is_linear=0
shrinkage=0.1


Tree=182
num_leaves=9
num_cat=0
split_feature=65 3 24 86 8 72 66 46
split_gain=0.0390417 0.0640547 0.15203 0.0874958 0.0723481 0.0498046 0.10188 0.0678707
threshold=1.6085863662850206 1.9356005054539456 1.0397207708399181 0.30635400173417754 2.191013317336941 0.38629200560399007 1.9356005054539456 7.0021555404279701
decision_type=2 2 2 2 2 2 2 2
left_child=-1 2 -2 -4 -3 7 -7 -6
right_child=1 4 3 -5 5 6 -8 -9
leaf_value=-0.0031344484721901955 0.0094524606992005544 -0.0048006172771706728 -0.0030149395736914718 0.0040820767910190623 0.0010781041608398966 0.0022159558056888207 -0.005862932536448982 -0.0040847294864111714
leaf_weight=37 24 33 38 32 281 27 37 28
leaf_count=37 24 33 38 32 281 27 37 28
internal_value=0 0.000231949 0.00258423 0.000229411 -0.000312668 8.43891e-05 -0.00245465 0.000610275
internal_weight=0 500 94 70 406 373 64 309
internal_count=537 500 94 70 406 373 64 309
is_linear=0
shrinkage=0.1


Tree=183
num_leaves=11
num_cat=0
split_feature=10 101 88 30 101 4 20 47 63 45
split_gain=0.0368278 0.125392 0.242971 0.471208 0.10951 0.125684 0.0995819 0.0880304 0.141533 0.0802857
threshold=3.4334666422309414 2.7058230259275202 0.3681464551373767 5.1761337726651186 2.8314802400679731 1.5890269151739729 2.191013317336941 5.5606520443413574 6.1483861063884087 3.891612008168019
decision_type=2 2 2 2 2 2 2 2 2 2
left_child=4 2 3 -2 5 -1 -3 9 -9 -8
right_child=1 6 -4 -5 -6 -7 7 8 -10 -11
leaf_value=0.00017841385665516823 0.018600252813295179 -0.0054849443385404928 -0.0042982147244567219 -0.0016419268643443029 0.0036165695292376247 -0.0080760501987034716 -0.00010993695181791115 -0.0053967616652759419 0.0017311266702913252 0.0038355531639464925
leaf_weight=39 23 34 22 23 28 35 139 60 52 82
leaf_count=39 23 34 22 23 28 35 139 60 52 82
internal_value=0 0.000401011 0.00434531 0.00847916 -0.00171019 -0.00372572 -0.000329812 0.000196538 -0.00208738 0.001354
internal_weight=0 435 68 46 102 74 367 333 112 221
internal_count=537 435 68 46 102 74 367 333 112 221
is_linear=0
shrinkage=0.1


Tree=184
num_leaves=13
num_cat=0
split_feature=31 29 33 48 7 36 26 23 22 65 35 35
split_gain=0.0384201 0.204157 0.249514 0.123048 0.108242 0.10589 0.12155 0.102434 0.0963326 0.0769973 0.058113 0.135647
threshold=5.3981524641123215 4.5107991236896536 3.8064155152036787 4.3943729409690677 2.6735537653587347 4.6727851606181448 4.4885732424042368 5.9188794015264019 6.3473876761041979 5.4645826519477785 5.6454406545496605 5.8943990397312573
decision_type=2 2 2 2 2 2 2 2 2 2 2 2
left_child=1 2 5 -3 -4 6 -1 10 -9 -10 -2 -12
right_child=7 3 4 -5 -6 -7 -8 8 9 -11 11 -13
leaf_value=-0.0022280161005470492 0.0078409899397520362 -0.011388357983863291 0.011697880263723759 -0.0022877745730324815 0.0029155844227514334 -0.0070690775513648982 0.0025012190105094066 -0.0054776460668108486 -0.0030412702573179877 0.0044959433263901507 -0.0040560828468931675 0.0060811366095687401
leaf_weight=127 25 24 23 39 36 25 95 32 23 33 22 33
leaf_count=127 25 24 23 39 36 25 95 32 23 33 22 33
internal_value=0 -0.000570734 0.000496546 -0.00575466 0.00633919 -0.000899065 -0.000204244 0.00125358 -0.00110077 0.0014003 0.00384336 0.00202625
internal_weight=0 369 306 63 59 247 222 168 88 56 80 55
internal_count=537 369 306 63 59 247 222 168 88 56 80 55
is_linear=0
shrinkage=0.1


Tree=185
num_leaves=12
num_cat=0
split_feature=92 73 57 51 19 100 97 104 13 61 43
split_gain=0.0371386 0.0712861 0.104684 0.106937 0.103268 0.0501197 0.0624176 0.0915597 0.0873402 0.183702 0.108216
threshold=5.3895524099708947 2.9944807084449319 4.0817656294488804 4.465842055365858 6.063774391912955 10.120320211525121 5.7268424424629787 3.3140206880897671 3.2951505240983434 3.4927504583956579 5.2203412156610947
decision_type=2 2 2 2 2 2 2 2 2 2 2
left_child=5 2 3 -2 -4 6 8 -8 10 -10 -1
right_child=1 -3 4 -5 -6 -7 7 -9 9 -11 -12
leaf_value=0.00039555597042784709 -0.0011775148625071908 -0.0062735976744443178 -0.008875863850963386 0.0073856748603284353 0.00081328380381984807 0.0051101642957126561 -0.0072219451871485671 0.00047935057235391515 0.010916780506301186 0.001014329900355355 -0.0064168094086064099
leaf_weight=171 35 25 22 25 22 22 26 38 23 101 27
leaf_count=171 35 25 22 25 22 22 26 38 23 101 27
internal_value=0 -0.00147898 -0.000326422 0.00239048 -0.00403129 0.000467617 0.000203016 -0.0026493 0.000769936 0.00285107 -0.000533403
internal_weight=0 129 104 60 44 408 386 64 322 124 198
internal_count=537 129 104 60 44 408 386 64 322 124 198
is_linear=0
shrinkage=0.1


Tree=186
num_leaves=7
num_cat=0
split_feature=69 70 55 8 14 12
split_gain=0.0366411 0.0554003 0.0451035 0.0442584 0.103227 0.0949748
threshold=1.5138613836196224 1.4737027678898655 1.9356005054539456 5.7651468795656617 6.1779355053092848 5.6715665445765078
decision_type=2 2 2 2 2 2
left_child=-1 -2 -3 5 -5 -4
right_child=1 2 3 4 -6 -7
leaf_value=-0.0035900501913770488 0.0048801783957363419 -0.0042682587149708217 0.00029051177680512042 -0.006803296009976683 0.00017752665091351469 0.0068107275151608818
leaf_weight=27 24 24 323 28 87 24
leaf_count=27 24 24 323 28 87 24
internal_value=0 0.000190062 -4.15492e-05 0.00017802 -0.00152215 0.000741478
internal_weight=0 510 486 462 115 347
internal_count=537 510 486 462 115 347
is_linear=0
shrinkage=0.1


Tree=187
num_leaves=8
num_cat=0
split_feature=16 12 84 84 86 50 87
split_gain=0.0336821 0.11697 0.0729392 0.0609537 0.0789989 0.0830554 0.0538566
threshold=6.0844968186443777 6.2785196641509211 0.67644775793055045 0.59568755307578192 0.67986905584219193 4.465842055365858 0.21306574329176012
decision_type=2 2 2 2 2 2 2
left_child=2 -2 3 4 5 -1 -3
right_child=1 6 -4 -5 -6 -7 -8
leaf_value=-0.00079297743469878754 -0.0078812128702259576 0.0042686564179704239 0.0056714913497368496 -0.0038182837447445642 -0.0048570821631949875 0.0021658325278945388 -0.0026520509061149578
leaf_weight=183 23 23 24 38 27 197 22
leaf_count=183 23 23 24 38 27 197 22
internal_value=0 -0.00207991 0.000301565 1.19509e-05 0.000369565 0.000740932 0.0008852
internal_weight=0 68 469 445 407 380 45
internal_count=537 68 469 445 407 380 45
is_linear=0
shrinkage=0.1


Tree=188
num_leaves=13
num_cat=0
split_feature=31 29 33 48 7 31 78 36 26 86 44 39
split_gain=0.0349379 0.159053 0.196916 0.0950582 0.0869835 0.0857692 0.0858594 0.0817562 0.0962288 0.0637439 0.0679563 0.052307
threshold=5.3981524641123215 4.5107991236896536 3.8064155152036787 4.3943729409690677 2.6735537653587347 5.8550678171289681 0.69718741676872453 4.6727851606181448 4.4885732424042368 0.54205585727546068 5.7268424424629787 6.1484317689059056
decision_type=2 2 2 2 2 2 2 2 2 2 2 2
left_child=1 2 7 -3 -4 6 -2 8 -1 10 -7 -12
right_child=5 3 4 -5 -6 9 -8 -9 -10 -11 11 -13
leaf_value=-0.0020321862125864589 0.0066393478681484978 -0.01007151803933084 0.010391934927674415 -0.0020726758456872537 0.002519135505685376 -0.0028779094205087716 -0.0010414250914684753 -0.0062635209523141389 0.002175714041498539 -0.0051129662286257373 -0.00046001247035085482 0.0061652422452775331
leaf_weight=127 43 24 23 39 36 31 22 25 95 24 22 26
leaf_count=127 43 24 23 39 36 31 22 25 95 24 22 26
internal_value=0 -0.000544255 0.00039778 -0.00511985 0.00558819 0.00119542 0.0040397 -0.000842036 -0.000231508 -0.000599518 0.000771656 0.00312867
internal_weight=0 369 306 63 59 168 65 247 222 103 79 48
internal_count=537 369 306 63 59 168 65 247 222 103 79 48
is_linear=0
shrinkage=0.1


Tree=189
num_leaves=15
num_cat=0
split_feature=92 20 50 87 47 42 47 26 5 17 98 56 70 69
split_gain=0.0325256 0.0655037 0.108693 0.0509694 0.0423585 0.116793 0.0973608 0.126608 0.113647 0.114704 0.0929509 0.0587278 0.09288 0.0873143
threshold=5.3895524099708947 6.102536072598296 5.0172579074712669 0.21306574329176012 4.9199542854466296 5.2469686674288658 3.8393944990995772 5.8435402162155627 1.0397207708399181 1.8688348091416844 3.2769667020129059 4.5176957847558219 4.9997602064197588 4.0237240499636036
decision_type=2 2 2 2 2 2 2 2 2 2 2 2 2 2
left_child=4 2 3 -2 6 -6 8 10 -1 -10 -8 13 -13 -7
right_child=1 -3 -4 -5 5 11 7 -9 9 -11 -12 12 -14 -15
leaf_value=0.0068069683703860006 -0.0027179531856866869 0.0023826163741486038 -0.0067853908266466206 0.0033312963706871065 0.0070630403616550293 -0.0012297540935206003 -0.0010019441578112058 0.0031250029950487344 -0.0042725533897185978 0.0015287711086491454 -0.0093362457846524194 -0.0067229075357317924 0.0022725451483645224 0.0069243456702679403
leaf_weight=28 30 34 39 26 33 29 23 22 47 124 32 24 22 24
leaf_count=28 30 34 39 26 33 29 23 22 47 124 32 24 22 24
internal_value=0 -0.00138408 -0.00273216 9.0627e-05 0.000437613 0.00191097 -0.000267035 -0.00328642 0.00090127 -6.5745e-05 -0.00585099 0.000193613 -0.00242073 0.00246267
internal_weight=0 129 95 56 408 132 276 77 199 171 55 99 46 53
internal_count=537 129 95 56 408 132 276 77 199 171 55 99 46 53
is_linear=0
shrinkage=0.1


Tree=190
num_leaves=11
num_cat=0
split_feature=34 34 69 65 25 25 31 26 48 34
split_gain=0.0309081 0.0405156 0.130485 0.103481 0.0647056 0.100458 0.0902272 0.0617004 0.0707154 0.0615051
threshold=7.1966391559419423 5.1298812082267613 1.6278160031286226 3.3906709696505053 4.8751681865209777 4.4187680230537838 5.8550678171289681 1.9356005054539456 3.9701138825728512 4.9869730080923453
decision_type=2 2 2 2 2 2 2 2 2 2
left_child=1 2 -1 -3 5 -5 -6 8 -4 -9
right_child=-2 3 7 4 6 -7 -8 9 -10 -11
leaf_value=-0.007681616079450275 -0.0035864628823575281 0.0076835136797109797 -0.00026763245203675559 0.00084127233452857173 0.004780090101912879 -0.0069054359977599239 -0.00054540410635834432 -0.00013455790832843061 0.0074357189417986027 -0.0057108360434623062
leaf_weight=24 23 22 26 47 57 26 72 196 22 22
leaf_count=24 23 22 26 47 57 26 72 196 22 22
internal_value=0 0.000160484 -0.000619804 0.00117068 0.000461359 -0.00191783 0.00180772 1.7352e-05 0.00326307 -0.000697302
internal_weight=0 514 290 224 202 73 129 266 48 218
internal_count=537 514 290 224 202 73 129 266 48 218
is_linear=0
shrinkage=0.1


Tree=191
num_leaves=8
num_cat=0
split_feature=78 81 14 11 96 103 15
split_gain=0.0318709 0.0588548 0.0498133 0.124451 0.114078 0.087554 0.0634606
threshold=3.6857097057852584 1.7486019683232727 3.8499212036984933 2.6735537653587347 4.1742689126930488 3.0201273556387074 4.5746578350692051
decision_type=2 2 2 2 2 2 2
left_child=1 2 3 5 -4 -1 -6
right_child=-2 -3 4 -5 6 -7 -8
leaf_value=-0.003175983463168248 -0.0027155536925420167 0.0042990682688965045 0.0053732097459336129 -0.0074372023832984281 -0.002244570125632062 0.0039001566262039191 0.00078111235635740716
leaf_weight=36 40 33 42 30 101 34 221
leaf_count=36 40 33 42 30 101 34 221
internal_value=0 0.000218556 -7.16532e-05 -0.00204846 0.000471426 0.000260999 -0.000167937
internal_weight=0 497 464 100 364 70 322
internal_count=537 497 464 100 364 70 322
is_linear=0
shrinkage=0.1


Tree=192
num_leaves=8
num_cat=0
split_feature=16 53 20 28 18 30 1
split_gain=0.0332195 0.100079 0.0649618 0.0630827 0.0570034 0.107802 0.0642416
threshold=6.0844968186443777 3.8186402060227405 6.013712167051259 5.948031580597152 5.272986409146923 5.2203412156610947 4.4885732424042368
decision_type=2 2 2 2 2 2 2
left_child=2 -2 3 4 5 -1 -6
right_child=1 -3 -4 -5 6 -7 -8
leaf_value=0.00039731703232114663 -0.0067930199814899995 0.0010476177632127231 0.0056044831713238227 -0.0045570751789325318 0.005272084410832825 -0.0050474146680374241 0.00027589470029793558
leaf_weight=271 27 41 22 28 44 42 62
leaf_count=271 27 41 22 28 44 42 62
internal_value=0 -0.00206558 0.000299487 3.83906e-05 0.000345486 -0.000333286 0.00234978
internal_weight=0 68 469 447 419 313 106
internal_count=537 68 469 447 419 313 106
is_linear=0
shrinkage=0.1


Tree=193
num_leaves=8
num_cat=0
split_feature=39 37 34 37 42 42 46
split_gain=0.0315689 0.0667292 0.091387 0.0484939 0.0342068 0.127368 0.0837663
threshold=6.6240431818084256 5.9053284366375065 6.5087680264540815 5.6021120126471873 5.36580129675328 5.609465086342035 5.2310943182715759
decision_type=2 2 2 2 2 2 2
left_child=1 3 -3 4 6 -6 -1
right_child=-2 2 -4 -5 5 -7 -8
leaf_value=9.7934791276031397e-06 0.0033991206831370407 0.0006615533435251564 -0.0084532219345088717 0.0045558725381852133 -0.0075474755025761973 0.00025437838145686933 0.0060361928259953859
leaf_weight=298 26 22 22 24 27 93 25
leaf_count=298 26 22 22 24 27 93 25
internal_value=0 -0.000172949 -0.00389583 0.000177815 -5.9371e-05 -0.00150104 0.000476233
internal_weight=0 511 44 467 443 120 323
internal_count=537 511 44 467 443 120 323
is_linear=0
shrinkage=0.1


Tree=194
num_leaves=13
num_cat=0
split_feature=31 24 23 15 44 26 18 47 34 5 35 35
split_gain=0.0277544 0.126924 0.0672941 0.0721217 0.0651866 0.0493253 0.142217 0.115635 0.102406 0.0931269 0.0365468 0.0891242
threshold=5.3981524641123215 5.7137273593905471 5.9188794015264019 5.9427959306635048 6.0426074438783575 4.4885732424042368 4.5538214868689204 2.8029010331479989 5.1298812082267613 2.8029010331479989 5.6454406545496605 5.8943990397312573
decision_type=2 2 2 2 2 2 2 2 2 2 2 2
left_child=1 5 10 -4 -5 6 9 -7 -9 -1 -2 -12
right_child=2 -3 3 4 -6 7 -8 8 -10 -11 11 -13
leaf_value=0.0021212810611888375 0.0063347792318090793 -0.0075168303602064657 -0.0053873598373029383 -0.0013956912403866627 0.0053518618880347771 0.0058488179520681145 -0.0084955862510706411 -0.0030325865297793197 0.0026482426580191863 -0.0028308748137479758 -0.0032066409560767093 0.0050103107608403218
leaf_weight=86 25 24 25 41 22 41 23 65 62 68 22 33
leaf_count=86 25 24 25 41 22 41 23 65 62 68 22 33
internal_value=0 -0.000485087 0.00106546 -0.0008428 0.000960597 4.07727e-06 -0.00116084 0.0012314 -0.000259268 -6.53852e-05 0.00316455 0.00172353
internal_weight=0 369 168 88 63 345 177 168 127 154 80 55
internal_count=537 369 168 88 63 345 177 168 127 154 80 55
is_linear=0
shrinkage=0.1


Tree=195
num_leaves=9
num_cat=0
split_feature=88 65 4 6 100 87 98 7
split_gain=0.0275094 0.0662535 0.090949 0.0445038 0.0641203 0.046956 0.108593 0.0670512
threshold=0.643176865477746 3.6940450311570552 5.1984817689835037 1.0397207708399181 6.1158701961393769 0.59975713893032234 3.2769667020129059 1.9356005054539456
decision_type=2 2 2 2 2 2 2 2
left_child=3 -2 -3 -1 -5 7 -7 -6
right_child=1 2 -4 4 5 6 -8 -9
leaf_value=-0.0036684355614448176 -0.0028885930840095338 0.0077456747949192373 -0.00038861194958112074 0.0042267567351121802 -0.0035319245025464117 -0.0083411863600106346 7.4357721630645843e-05 0.00071031270839948225
leaf_weight=36 22 27 28 33 43 23 46 279
leaf_count=36 22 27 28 33 43 23 46 279
internal_value=0 0.00174939 0.00360458 -0.000292833 -6.22492e-06 -0.000363484 -0.00273082 0.000143803
internal_weight=0 77 55 460 424 391 69 322
internal_count=537 77 55 460 424 391 69 322
is_linear=0
shrinkage=0.1


Tree=196
num_leaves=7
num_cat=0
split_feature=46 45 31 33 29 14
split_gain=0.0275202 0.0446796 0.0401191 0.0404081 0.0792102 0.0756403
threshold=7.0021555404279701 6.1632062049841245 6.1246809968142868 4.3943729409690677 4.4187680230537838 4.9089648320872419
decision_type=2 2 2 2 2 2
left_child=1 2 3 5 -5 -1
right_child=-2 -3 -4 4 -6 -7
leaf_value=0.0005832312642485791 -0.0029962047507006932 0.004382570424422738 -0.0036440750158488241 0.0061289478031297528 0.00038876345954558331 -0.0028297972921752668
leaf_weight=210 29 24 29 30 121 94
leaf_count=210 29 24 29 30 121 94
internal_value=0 0.000171043 -3.77929e-05 0.000192058 0.0015292 -0.000472113
internal_weight=0 508 484 455 151 304
internal_count=537 508 484 455 151 304
is_linear=0
shrinkage=0.1


Tree=197
num_leaves=10
num_cat=0
split_feature=100 100 46 49 8 65 46 0 87
split_gain=0.0266661 0.0462322 0.113922 0.0542158 0.12235 0.122891 0.111211 0.0683321 0.060322
threshold=4.9542375470235838 6.4891310167150369 3.7609296261008152 1.5890269151739729 3.9701138825728512 4.6242228110723449 4.8121513051691478 2.524928003624769 0.036928771232934005
decision_type=2 2 2 2 2 2 2 2 2
left_child=-1 2 -2 4 6 -6 -3 -5 -9
right_child=1 3 -4 7 5 -7 -8 8 -10
leaf_value=-0.0026687674623514929 -0.0021921182731882887 -0.011172586878422987 0.006601195712573827 0.0046271981349855201 0.0061475668605417014 -0.003147375522618831 -0.0012275846108146336 0.0012975895920999394 -0.0015236070041687022
leaf_weight=35 26 22 34 35 25 33 23 160 144
leaf_count=35 26 22 34 35 25 33 23 160 144
internal_value=0 0.000186069 0.00279076 -0.000167508 -0.00217675 0.000859065 -0.00608959 0.00044297 -3.87667e-05
internal_weight=0 502 60 442 103 58 45 339 304
internal_count=537 502 60 442 103 58 45 339 304
is_linear=0
shrinkage=0.1


Tree=198
num_leaves=6
num_cat=0
split_feature=41 38 36 34 30
split_gain=0.0263 0.042909 0.0473045 0.0741038 0.034191
threshold=6.4068582012380899 6.5352317916717775 5.9635760393734838 6.1158701961393769 5.9026184029028368
decision_type=2 2 2 2 2
left_child=1 2 3 4 -1
right_child=-2 -3 -4 -5 -6
leaf_value=0.00025023292789429235 -0.0026107073651574966 0.0045058853670277383 -0.0031751466809425417 0.0059567775767804549 -0.0033103959789451474
leaf_weight=385 36 22 43 22 29
leaf_count=385 36 22 43 22 29
internal_value=0 0.000187596 -1.07391e-05 0.000301347 8.16893e-07
internal_weight=0 501 479 436 414
internal_count=537 501 479 436 414
is_linear=0
shrinkage=0.1


Tree=199
num_leaves=8
num_cat=0
split_feature=40 32 2 101 98 25 31
split_gain=0.0263262 0.08617 0.0403111 0.14319 0.116268 0.101261 0.0449213
threshold=6.5984756171974519 6.2841271995609906 4.9089648320872419 2.8314802400679731 3.2769667020129059 3.1984648276080736 1.9356005054539456
decision_type=2 2 2 2 2 2 2
left_child=1 2 4 -4 5 -1 -5
right_child=-2 -3 3 6 -6 -7 -8
leaf_value=-0.0011428181308373395 0.0029304869926598826 -0.0053660474624484776 0.0079461151423553637 -0.0036834721963924285 -0.0054598488769125805 0.0038368478950456179 0.00076166541638490824
leaf_weight=144 29 30 27 26 43 57 181
leaf_count=144 29 30 27 26 43 57 181
internal_value=0 -0.000167292 0.00015899 0.00109674 -0.000740324 0.000269326 0.000203339
internal_weight=0 508 478 234 244 201 207
internal_count=537 508 478 234 244 201 207
is_linear=0
shrinkage=0.1


Tree=200
num_leaves=8
num_cat=0
split_feature=92 24 51 61 57 44 46
split_gain=0.0279071 0.0711387 0.1429 0.0585633 0.0527046 0.0339651 0.0637294
threshold=5.4138198479028974 6.1333956902824402 2.5619819897016298 0.89643595048923086 0.94220600764219486 6.2841271995609906 6.1779355053092848
decision_type=2 2 2 2 2 2 2
left_child=3 2 -2 -1 -5 6 -6
right_child=1 -3 -4 4 5 -7 -8
leaf_value=0.0048323596301661047 0.0024616052538318483 0.0024044522164582182 -0.0076852667467236253 -0.0045225355618943777 0.00046535380674233852 0.003660961413489921 -0.0040772264741142008
leaf_weight=27 23 29 35 24 337 28 34
leaf_count=27 23 29 35 24 337 28 34
internal_value=0 -0.00163952 -0.00366151 0.000316974 2.87579e-05 0.00030252 4.90526e-05
internal_weight=0 87 58 450 423 399 371
internal_count=537 87 58 450 423 399 371
is_linear=0
shrinkage=0.1


Tree=201
num_leaves=6
num_cat=0
split_feature=46 42 42 45 47
split_gain=0.0252581 0.0384567 0.0344061 0.0423809 0.0356462
threshold=7.0021555404279701 6.5352317916717775 6.2633964485293765 5.5293975924403922 5.5606520443413574
decision_type=2 2 2 2 2
left_child=1 2 3 4 -1
right_child=-2 -3 -4 -5 -6
leaf_value=0.00030486982860191564 -0.0028704232965788713 0.004071111519200107 -0.0029183734269616637 0.0042164818160235883 -0.002617012148604114
leaf_weight=374 29 24 38 25 47
leaf_count=374 29 24 38 25 47
internal_value=0 0.000163863 -2.98851e-05 0.000216219 -2.1326e-05
internal_weight=0 508 484 446 421
internal_count=537 508 484 446 421
is_linear=0
shrinkage=0.1


Tree=202
num_leaves=11
num_cat=0
split_feature=41 72 100 15 7 100 45 5 13 85
split_gain=0.0243585 0.0377731 0.110842 0.100736 0.0449542 0.165478 0.152829 0.0674869 0.0556931 0.0380414
threshold=6.4068582012380899 0.37504708671941628 6.7730149157208501 3.9701138825728512 1.9356005054539456 6.9603027191720876 3.5549397315361362 1.5890269151739731 2.5619819897016298 0.33945280884239376
decision_type=2 2 2 2 2 2 2 2 2 2
left_child=1 4 -3 -4 5 6 -1 -6 -9 -5
right_child=-2 2 3 9 7 -7 -8 8 -10 -11
leaf_value=0.0062757436216117875 -0.0025124998349282477 -0.0073162853131070738 0.0043437879479357178 -0.0056510068435707828 0.0062682817224413157 -0.0080439835356978275 -0.0043533975401563417 -0.003255198416750758 0.0012298702748679345 0.00010046742694533389
leaf_weight=31 36 25 35 23 24 26 24 31 259 23
leaf_count=31 36 25 35 23 24 26 24 31 259 23
internal_value=0 0.000180539 -0.00149563 0.000300866 0.000630347 -0.00147009 0.00163757 0.00117218 0.000750432 -0.00277527
internal_weight=0 501 106 81 395 81 55 314 290 46
internal_count=537 501 106 81 395 81 55 314 290 46
is_linear=0
shrinkage=0.1


Tree=203
num_leaves=6
num_cat=0
split_feature=35 30 38 86 24
split_gain=0.0239917 0.0960808 0.0340505 0.0326086 0.0750842
threshold=6.6950642080078762 6.6883353279854534 6.4876828601347034 0.67986905584219193 1.5890269151739729
decision_type=2 2 2 2 2
left_child=1 2 3 4 -1
right_child=-2 -3 -4 -5 -6
leaf_value=0.0029119054345043763 0.0032339691110378644 -0.0061851888392120604 0.0037655470948666338 -0.0030527913385550633 -0.00043439055874982597
leaf_weight=83 22 25 25 33 349
leaf_count=83 22 25 25 33 349
internal_value=0 -0.00013815 0.000170372 -2.29167e-05 0.000208532
internal_weight=0 515 490 465 432
internal_count=537 515 490 465 432
is_linear=0
shrinkage=0.1


Tree=204
num_leaves=8
num_cat=0
split_feature=26 26 2 103 69 100 42
split_gain=0.0266632 0.0914905 0.0332913 0.172327 0.07751 0.0639483 0.0596689
threshold=7.0021555404279701 6.5352317916717775 5.0688844241303981 4.1107394736335969 1.7458435516502095 8.4217626499261424 3.1345481418531311
decision_type=2 2 2 2 2 2 2
left_child=1 2 4 -4 -1 -5 -6
right_child=-2 -3 3 5 6 -7 -8
leaf_value=-0.005331724500584026 0.0029491827767021187 -0.00633094715885818 0.0088481801878660931 -0.0049217629347644426 0.0029764684916769443 0.00069072909901831086 -0.00086689228211267151
leaf_weight=31 29 23 25 23 52 173 181
leaf_count=31 29 23 25 23 52 173 181
internal_value=0 -0.000168359 0.000123888 0.00102941 -0.000634146 3.21203e-05 -9.14653e-06
internal_weight=0 508 485 221 264 196 233
internal_count=537 508 485 221 264 196 233
is_linear=0
shrinkage=0.1


Tree=205
num_leaves=8
num_cat=0
split_feature=78 81 10 98 96 47 34
split_gain=0.0272436 0.0472058 0.0478887 0.107533 0.100904 0.0914213 0.0639613
threshold=3.6857097057852584 2.1664091395297538 3.6105525490912482 2.191013317336941 4.0247135285553481 1.0397207708399181 3.4334666422309414
decision_type=2 2 2 2 2 2 2
left_child=1 2 3 6 -4 -6 -1
right_child=-2 -3 4 -5 5 -7 -8
leaf_value=0.0021404319608377088 -0.0025106934556242779 0.0045286448594803611 0.005233754577348009 -0.0081566114031540408 -0.0049953600227394535 0.00047145350310618924 -0.00401610981810976
leaf_weight=45 40 24 40 22 34 305 27
leaf_count=45 40 24 40 22 34 305 27
internal_value=0 0.000202068 -1.74624e-05 -0.00203788 0.000483644 -7.68405e-05 -0.000168271
internal_weight=0 497 473 94 379 339 72
internal_count=537 497 473 94 379 339 72
is_linear=0
shrinkage=0.1


Tree=206
num_leaves=9
num_cat=0
split_feature=41 13 17 43 26 103 19 101
split_gain=0.0239407 0.0328097 0.0986167 0.0871092 0.158477 0.15946 0.0771753 0.0704077
threshold=6.4068582012380899 3.3667009459186801 3.5549397315361362 5.2203412156610947 5.0906732680195743 1.0397207708399181 4.2045812236012674 3.2769667020129059
decision_type=2 2 2 2 2 2 2 2
left_child=1 3 -3 4 5 -1 -4 -8
right_child=-2 2 6 -5 -6 -7 7 -9
leaf_value=-0.0080975840902990769 -0.0024908562119485902 0.0062167516391303758 -0.0042683604201584156 -0.0062908698935061694 0.0079739764099940654 0.00026345596506995261 0.0052531759400153534 0.00017096078823353471
leaf_weight=27 36 31 33 25 22 147 32 184
leaf_count=27 36 31 33 25 22 147 32 184
internal_value=0 0.000178984 0.000897935 -0.000731905 -2.28534e-05 -0.00103395 0.000235753 0.000923882
internal_weight=0 501 280 221 196 174 249 216
internal_count=537 501 280 221 196 174 249 216
is_linear=0
shrinkage=0.1


Tree=207
num_leaves=7
num_cat=0
split_feature=78 78 24 45 30 39
split_gain=0.0245778 0.0426808 0.0432378 0.220728 0.0668858 0.0413669
threshold=3.6857097057852584 2.8464811208691994 1.5890269151739729 3.5549397315361362 3.2951505240983434 1.0397207708399181
decision_type=2 2 2 2 2 2
left_child=1 2 3 -1 -4 -6
right_child=-2 -3 4 -5 5 -7
leaf_value=0.0074439140554103589 -0.0023846956373017748 0.0043059155665105212 -0.0041142407977616154 -0.00493685814853464 -0.0041527649430050098 0.00031845612140658753
leaf_weight=36 40 24 43 24 22 348
leaf_count=36 40 24 43 24 22 348
internal_value=0 0.000191927 -1.68164e-05 0.00249161 -0.000381236 5.25997e-05
internal_weight=0 497 473 60 413 370
internal_count=537 497 473 60 413 370
is_linear=0
shrinkage=0.1


Tree=208
num_leaves=7
num_cat=0
split_feature=46 42 42 33 29 42
split_gain=0.021907 0.0304427 0.0287727 0.0372162 0.067764 0.0625897
threshold=7.0021555404279701 6.5352317916717775 6.2633964485293765 4.3943729409690677 4.5107991236896536 5.36580129675328
decision_type=2 2 2 2 2 2
left_child=1 2 3 5 -5 -1
right_child=-2 -3 -4 4 -6 -7
leaf_value=9.8536854056874301e-05 -0.0026732376840864791 0.0036289831021955859 -0.0026612303553663784 0.0055120416768741883 0.00033986277406949255 -0.0043969651151980673
leaf_weight=269 29 24 38 33 109 35
leaf_count=269 29 24 38 33 109 35
internal_value=0 0.000152606 -1.97762e-05 0.00020528 0.00154185 -0.000419037
internal_weight=0 508 484 446 142 304
internal_count=537 508 484 446 142 304
is_linear=0
shrinkage=0.1


Tree=209
num_leaves=9
num_cat=0
split_feature=35 41 72 100 15 51 36 51
split_gain=0.0218825 0.0913789 0.0311629 0.0846638 0.0786787 0.0454208 0.0791962 0.0654977
threshold=6.6950642080078762 6.3314765202922478 0.37504708671941628 6.7730149157208501 3.9701138825728512 5.081385075233106 1.0397207708399181 5.4889035743175976
decision_type=2 2 2 2 2 2 2 2
left_child=1 2 5 -4 -5 6 -1 -7
right_child=-2 -3 3 4 -6 7 -8 -9
leaf_value=-0.0040933364912317223 0.0030885441218164158 -0.0064376128752800556 -0.0064567665783688433 0.0037733787223364098 -0.0025181770511983857 0.0058273232637421806 0.00058440789347799841 0.00077738252507212257
leaf_weight=44 22 22 25 35 46 34 204 105
leaf_count=44 22 22 25 35 46 34 204 105
internal_value=0 -0.000131938 0.000149451 -0.00136969 0.000200396 0.000565547 -0.000245514 0.00201262
internal_weight=0 515 493 106 81 387 248 139
internal_count=537 515 493 106 81 387 248 139
is_linear=0
shrinkage=0.1


Tree=210
num_leaves=12
num_cat=0
split_feature=22 46 15 87 95 47 45 3 86 104 18
split_gain=0.0212694 0.121829 0.098011 0.0887074 0.0756245 0.0762318 0.139952 0.0439258 0.0540799 0.0531289 0.0231558
threshold=5.0172579074712669 5.272986409146923 4.6346818562128229 0.13879458329149547 1.0397207708399181 4.3693677306817369 2.8029010331479989 4.8903208612686422 0.66524566241861083 3.5549397315361362 5.8888741216379641
decision_type=2 2 2 2 2 2 2 2 2 2 2
left_child=1 4 3 -2 -1 6 -6 10 9 -9 -4
right_child=2 -3 7 -5 5 -7 -8 8 -10 -11 -12
leaf_value=-0.0050326082381773104 6.1521752892682954e-05 0.0057228790456429132 0.00090728883657324006 -0.0076673617981600044 0.0016399806333114006 0.0059850552688162266 -0.0044902421573944458 -0.0024512456699372514 0.0041568909402248328 0.0015759473743382842 0.0054953923491253102
leaf_weight=29 27 40 22 33 120 22 54 95 23 50 22
leaf_count=29 27 40 22 33 120 22 54 95 23 50 22
internal_value=0 0.000637605 -0.000621196 -0.00418936 -0.000266444 0.000438754 -0.000262502 0.000388663 -0.000347991 -0.00106256 0.00320134
internal_weight=0 265 272 60 225 196 174 212 168 145 44
internal_count=537 265 272 60 225 196 174 212 168 145 44
is_linear=0
shrinkage=0.1


Tree=211
num_leaves=6
num_cat=0
split_feature=60 100 103 72 99
split_gain=0.0231326 0.0451105 0.0739877 0.0540801 0.0822806
threshold=0.91126556394740443 4.9542375470235838 2.1383330595080281 0.90764498331912458 0.89587973461402759
decision_type=2 2 2 2 2
left_child=-1 -2 -3 4 -4
right_child=1 2 3 -5 -6
leaf_value=0.0029097022282747694 -0.0042060546863537567 0.0044982447049447469 -0.0030554249317910854 0.0038268566597253087 0.00021962010009516451
leaf_weight=26 26 35 101 30 319
leaf_count=26 26 35 101 30 319
internal_value=0 -0.000148047 6.94952e-05 -0.000274963 -0.00056795
internal_weight=0 511 485 450 420
internal_count=537 511 485 450 420
is_linear=0
shrinkage=0.1


Tree=212
num_leaves=9
num_cat=0
split_feature=10 16 27 28 34 34 86 41
split_gain=0.0216814 0.0787534 0.0641944 0.0490122 0.0463122 0.0943446 0.0938615 0.0256184
threshold=6.2393002351051399 5.948031580597152 5.4595764601916565 5.948031580597152 5.2203412156610947 4.8751681865209777 0.51287647720581153 5.4160905255636633
decision_type=2 2 2 2 2 2 2 2
left_child=1 3 -2 4 5 -1 -6 -4
right_child=2 -3 7 -5 6 -7 -8 -9
leaf_value=0.00035213153364278284 -0.0056039288720617503 0.0058697769767604773 0.0017873553656196845 -0.0043141815452836458 0.00053131023199636147 -0.0047391743751156127 0.0078340784456072884 -0.0020387524995264055
leaf_weight=237 26 24 42 25 88 43 22 30
leaf_count=237 26 24 42 25 88 43 22 30
internal_value=0 0.000300218 -0.00134486 -2.18767e-05 0.000253271 -0.000429748 0.00199186 0.000193144
internal_weight=0 439 98 415 390 280 110 72
internal_count=537 439 98 415 390 280 110 72
is_linear=0
shrinkage=0.1


Tree=213
num_leaves=8
num_cat=0
split_feature=92 61 68 96 9 100 27
split_gain=0.019957 0.050396 0.0526478 0.0480421 0.0618242 0.0300558 0.037654
threshold=5.4138198479028974 0.89643595048923086 3.6407074317259216 5.9375327241700111 4.1742689126930488 10.120320211525121 1.5890269151739729
decision_type=2 2 2 2 2 2 2
left_child=1 -1 -3 4 -2 6 -4
right_child=3 2 5 -5 -6 -7 -8
leaf_value=0.0044567549290756387 -0.0035434856001908578 -0.0041895595113081597 0.0022879026117152536 -0.0046255866686503088 0.0031269507412093156 0.0038058246465642815 -0.00037780059834380177
leaf_weight=27 24 28 64 30 33 23 308
leaf_count=27 24 28 64 30 33 23 308
internal_value=0 0.000268049 6.84358e-07 -0.00138646 0.000318346 0.000297714 8.0815e-05
internal_weight=0 450 423 87 57 395 372
internal_count=537 450 423 87 57 395 372
is_linear=0
shrinkage=0.1


Tree=214
num_leaves=8
num_cat=0
split_feature=78 76 76 15 38 34 34
split_gain=0.0206381 0.0366697 0.0333328 0.0483286 0.0385332 0.116466 0.106779
threshold=3.6857097057852584 1.5437237412202287 0.82451083394289826 4.7621374077860157 5.081385075233106 4.5746578350692051 5.1416464569318583
decision_type=2 2 2 2 2 2 2
left_child=1 2 4 -4 5 -1 -6
right_child=-2 -3 3 -5 6 -7 -8
leaf_value=-0.00029692053937994435 -0.0021852235405822283 0.0030792498224764134 -0.0058763204709343288 0.00053845478687435393 -0.007086594798096011 0.0054749808825400419 8.0617213326924557e-05
leaf_weight=122 40 40 23 24 23 49 216
leaf_count=122 40 40 23 24 23 49 216
internal_value=0 0.000175873 -7.82518e-05 -0.00260069 0.000210906 0.00135702 -0.000609114
internal_weight=0 497 457 47 410 171 239
internal_count=537 497 457 47 410 171 239
is_linear=0
shrinkage=0.1


Tree=215
num_leaves=9
num_cat=0
split_feature=26 26 87 65 8 44 24 10
split_gain=0.0194816 0.0744067 0.0290855 0.103778 0.151722 0.102661 0.0931182 0.0817926
threshold=7.0021555404279701 6.5352317916717775 0.27455205197417148 3.679765920572216 1.5890269151739729 1.5890269151739729 3.8064155152036787 3.2180751841847144
decision_type=2 2 2 2 2 2 2 2
left_child=1 2 3 4 -1 -4 -5 -7
right_child=-2 -3 5 6 -6 7 -8 -9
leaf_value=-0.010370522211103336 0.0025209126557456333 -0.0057014316138204032 0.0055817935534287245 0.0042814238861427403 -0.00090097316897299609 -0.005749410337937827 -0.00056130204733926799 0.00083654894961827366
leaf_weight=23 29 23 40 54 64 22 150 132
leaf_count=23 29 23 40 54 64 22 150 132
internal_value=0 -0.00014391 0.000119642 -0.000512655 -0.00340442 0.00106809 0.000720596 -0.000104302
internal_weight=0 508 485 291 87 194 204 154
internal_count=537 508 485 291 87 194 204 154
is_linear=0
shrinkage=0.1


Tree=216
num_leaves=11
num_cat=0
split_feature=57 89 45 102 57 89 15 49 6 103
split_gain=0.0224184 0.0873939 0.137558 0.0842672 0.0577676 0.0543393 0.0952804 0.099754 0.074589 0.0616954
threshold=1.9087366464215105 1.0000000180025095e-35 3.7609296261008152 1.2424533248940004 2.2486488655317154 0.22974486851048764 2.9430520157250784 4.1742689126930488 3.9316333620047872 3.3667009459186801
decision_type=2 2 2 2 2 2 2 2 2 2
left_child=1 2 -1 -3 -2 8 -7 -8 -6 -10
right_child=4 3 -4 -5 5 6 7 -9 9 -11
leaf_value=0.0083651174012629777 -0.0052165363801380052 0.0014569613942191663 -0.00098155881005955199 -0.0064858169818762697 -0.005992369544347404 0.0060405980329960585 -0.0033566513961619314 0.0023027539066796977 0.0044792370060863706 -0.0010209094605589701
leaf_weight=32 23 34 31 22 27 34 51 80 23 180
leaf_count=32 23 34 31 22 27 34 51 80 23 180
internal_value=0 0.00121096 0.00376596 -0.00166342 -0.000344747 -6.10729e-05 0.00132371 9.9474e-05 -0.0010545 -0.00039774
internal_weight=0 119 63 56 418 395 165 131 230 203
internal_count=537 119 63 56 418 395 165 131 230 203
is_linear=0
shrinkage=0.1


Tree=217
num_leaves=8
num_cat=0
split_feature=78 24 45 14 32 82 2
split_gain=0.0217236 0.0303395 0.121411 0.0340372 0.0333953 0.0285115 0.0322445
threshold=3.6857097057852584 1.5890269151739729 3.5549397315361362 3.1345481418531311 2.9700856263602158 2.035151539211149 6.9205891523564267
decision_type=2 2 2 2 2 2 2
left_child=1 2 -1 4 -3 6 -5
right_child=-2 3 -4 5 -6 -7 -8
leaf_value=0.0055718796674116729 -0.0022419572665239684 -0.00012113536261798193 -0.003064075513328943 0.00021160856652564024 -0.0055150609907948164 0.0036731162690557539 -0.0036579306773922363
leaf_weight=41 40 24 27 338 22 22 23
leaf_count=41 40 24 27 338 22 22 23
internal_value=0 0.000180439 0.0021429 -0.000130626 -0.00270084 0.000178067 -3.49272e-05
internal_weight=0 497 68 429 46 383 361
internal_count=537 497 68 429 46 383 361
is_linear=0
shrinkage=0.1


Tree=218
num_leaves=9
num_cat=0
split_feature=47 18 34 45 20 35 45 40
split_gain=0.0208564 0.0739125 0.0698394 0.030238 0.104311 0.0544804 0.0408609 0.110008
threshold=1.0397207708399181 4.8121513051691478 3.4334666422309414 1.5890269151739731 3.8064155152036787 1.5890269151739729 2.5619819897016298 2.9174053685313028
decision_type=2 2 2 2 2 2 2 2
left_child=1 2 -1 4 -2 -5 -7 -8
right_child=3 -3 -4 5 -6 6 7 -9
leaf_value=-0.001985549181699753 0.007489838696489207 -0.0057651697778729376 0.0050290794926695533 -0.0047287964864391029 -0.0019343413718161174 -0.0028723189657604373 0.0058544835767760459 9.4309041169701059e-06
leaf_weight=40 23 27 22 23 24 37 36 305
leaf_count=40 23 27 22 23 24 37 36 305
internal_value=0 -0.00139822 0.000503513 0.000277772 0.00267749 -3.49199e-06 0.000284027 0.000626504
internal_weight=0 89 62 448 47 401 378 341
internal_count=537 89 62 448 47 401 378 341
is_linear=0
shrinkage=0.1


Tree=219
num_leaves=12
num_cat=0
split_feature=72 65 7 102 100 43 7 31 27 3 15
split_gain=0.0205123 0.0597563 0.0938414 0.0432817 0.0397458 0.0953682 0.0798949 0.0860499 0.0479739 0.0830753 0.0397009
threshold=0.37504708671941628 3.5040440625318761 2.524928003624769 3.2180751841847144 6.1158701961393769 4.0773937863842606 1.9356005054539456 2.191013317336941 2.8029010331479989 4.135134555718313 4.6346818562128229
decision_type=2 2 2 2 2 2 2 2 2 2 2
left_child=4 -2 -3 -4 5 -1 7 -6 9 -8 -10
right_child=1 2 3 -5 6 -7 8 -9 10 -11 -12
leaf_value=-0.0012719265650957823 -0.0047779100149813476 0.0058187661607834425 -0.004974760692100972 0.00074978389602620155 0.00048273027253647647 0.0078432235374665728 0.0079845512624491348 -0.0079002351749222731 -0.0021219472479336249 -0.00022710291793503402 0.00067741374342078606
leaf_weight=24 33 22 25 28 24 22 22 25 66 28 218
leaf_count=24 33 22 25 28 24 22 22 25 66 28 218
internal_value=0 -0.00123179 0.000328504 -0.00195047 0.000310101 0.00308749 -2.34763e-05 -0.00379429 0.000529727 0.00338602 2.6858e-05
internal_weight=0 108 75 53 429 46 383 49 334 50 284
internal_count=537 108 75 53 429 46 383 49 334 50 284
is_linear=0
shrinkage=0.1


Tree=220
num_leaves=12
num_cat=0
split_feature=56 51 46 96 49 69 76 15 15 71 7
split_gain=0.0206602 0.0781647 0.121711 0.173906 0.0827134 0.0608339 0.0752099 0.0448652 0.0721553 0.105037 0.0263738
threshold=3.1675271257490301 2.9430520157250784 3.7609296261008152 4.5271940351011493 3.4960482137079443 3.9796248765477054 0.15659092715231351 2.8029010331479989 4.6346818562128229 1.2424533248940004 5.1503930356556173
decision_type=2 2 2 2 2 2 2 2 2 2 2
left_child=1 2 -1 -4 -3 6 -2 -7 9 -9 -10
right_child=5 4 3 -5 -6 7 -8 8 10 -11 -12
leaf_value=-0.0030361980646072578 0.00023910001618787646 -0.0052393304995348444 0.010453041459550151 -0.00023868229784119619 0.0018441282308605666 0.00327520306119158 -0.0076776491691513613 -0.0082167166150891435 0.0023044306440819389 0.00061006535459975052 -0.00016641069703153953
leaf_weight=24 24 32 32 29 34 39 24 26 56 28 189
leaf_count=24 24 32 32 29 34 39 24 26 56 28 189
internal_value=0 0.000991712 0.00299655 0.00537009 -0.00159028 -0.00038795 -0.00371927 8.51379e-05 -0.000330958 -0.00363987 0.000398353
internal_weight=0 151 85 61 66 386 48 338 299 54 245
internal_count=537 151 85 61 66 386 48 338 299 54 245
is_linear=0
shrinkage=0.1


Tree=221
num_leaves=12
num_cat=0
split_feature=34 88 37 49 34 46 31 45 9 40 40
split_gain=0.0188833 0.0286002 0.091404 0.175971 0.0768572 0.0722995 0.122719 0.0876644 0.0643296 0.0551366 0.0429356
threshold=7.1966391559419423 0.32237371114682284 2.191013317336941 1.9356005054539456 6.3007841113004242 4.1742689126930488 2.3937458713910238 2.8029010331479989 1.0397207708399181 5.0172579074712669 2.3937458713910238
decision_type=2 2 2 2 2 2 2 2 2 2 2
left_child=1 5 3 -3 9 7 -7 10 -8 -4 -1
right_child=-2 2 4 -5 -6 6 8 -9 -10 -11 -12
leaf_value=0.003551393236765372 -0.0028033000498038276 -0.010954844113439322 9.1278711115592168e-05 0.00067124592411952721 -0.004774076180056791 0.007618524866799513 -0.004097497909970116 -0.0056022005647953068 0.0014233695498800704 0.0048037925663973313 -0.0018934195473169287
leaf_weight=28 23 23 80 30 23 30 24 35 175 36 30
leaf_count=28 23 23 80 30 23 30 24 35 175 36 30
internal_value=0 0.00012544 -0.000840567 -0.00437404 0.000506727 0.000701444 0.00165636 -0.0016499 0.000757536 0.00155378 0.000735111
internal_weight=0 514 192 53 139 322 229 93 199 116 58
internal_count=537 514 192 53 139 322 229 93 199 116 58
is_linear=0
shrinkage=0.1


Tree=222
num_leaves=7
num_cat=0
split_feature=39 37 34 30 32 41
split_gain=0.0199751 0.0520028 0.048087 0.0321493 0.0397721 0.0581137
threshold=6.6240431818084256 5.9053284366375065 6.5087680264540815 6.2460767183074912 5.7268424424629787 4.9904094477362264
decision_type=2 2 2 2 2 2
left_child=1 3 -3 4 5 -1
right_child=-2 2 -4 -5 -6 -7
leaf_value=-0.00027653378880599381 0.0027038417290896179 -0.00011819903262552214 -0.0067299649627371276 0.0028465605704340994 -0.0037282224012804887 0.0034339122753105282
leaf_weight=350 26 22 22 41 28 48
leaf_count=350 26 22 22 41 28 48
internal_value=0 -0.000137573 -0.00342408 0.000172076 -8.53269e-05 0.000170957
internal_weight=0 511 44 467 426 398
internal_count=537 511 44 467 426 398
is_linear=0
shrinkage=0.1


Tree=223
num_leaves=7
num_cat=0
split_feature=26 26 41 101 2 58
split_gain=0.0190825 0.0584592 0.0245768 0.0257166 0.0870854 0.0460394
threshold=7.0021555404279701 6.5352317916717775 6.2343799673713169 4.5325416796595226 5.0688844241303981 5.5568206079685734
decision_type=2 2 2 2 2 2
left_child=1 2 3 4 -1 -5
right_child=-2 -3 -4 5 -6 -7
leaf_value=-0.00046886178794103847 0.0024949563161373654 -0.0050685099852473842 0.0032816070334418961 -0.0028518064343672875 0.0035042051806360381 0.0006062692717283166
leaf_weight=236 29 23 23 77 72 77
leaf_count=236 29 23 23 77 72 77
internal_value=0 -0.000142429 9.11794e-05 -6.76515e-05 0.000459907 -0.00112277
internal_weight=0 508 485 462 308 154
internal_count=537 508 485 462 308 154
is_linear=0
shrinkage=0.1


Tree=224
num_leaves=12
num_cat=0
split_feature=19 23 29 29 33 7 15 23 86 102 51
split_gain=0.0179498 0.106098 0.0654848 0.0581142 0.0901557 0.0681526 0.0612106 0.0430791 0.0367438 0.0246483 0.0261929
threshold=5.379886735236628 5.476454798506734 5.2417330174952186 4.5107991236896536 3.8064155152036787 2.6735537653587347 4.9904094477362264 4.7621374077860157 0.54205585727546068 4.6539149966267201 5.8020773006804234
decision_type=2 2 2 2 2 2 2 2 2 2 2
left_child=2 -2 3 4 6 -6 -1 -5 9 10 -3
right_child=1 8 -4 7 5 -7 -8 -9 -10 -11 -12
leaf_value=-0.00079356664094027297 -0.0071644636154498745 0.00063141742915225529 0.0056844751994834623 -0.0060300972908735283 0.0083817004266640415 0.0012905901287343692 0.0045322883146582177 -0.00015955244936048985 -0.0023260736545591162 -0.0018315134519732304 0.0043573496054360198
leaf_weight=214 23 54 22 25 23 33 24 25 43 22 29
leaf_count=214 23 54 22 25 23 33 24 25 43 22 29
internal_value=0 -0.000845833 0.000395184 5.69157e-05 0.000592926 0.00420301 -0.000256506 -0.00309482 0.000136116 0.00114444 0.00193325
internal_weight=0 171 366 344 294 56 238 50 148 105 83
internal_count=537 171 366 344 294 56 238 50 148 105 83
is_linear=0
shrinkage=0.1


Tree=225
num_leaves=6
num_cat=0
split_feature=46 34 30 30 42
split_gain=0.0180864 0.0231207 0.0232324 0.0221936 0.0369852
threshold=7.0021555404279701 6.7320053855989617 6.4876828601347034 6.2897000812552255 6.2633964485293765
decision_type=2 2 2 2 2
left_child=1 2 3 4 -1
right_child=-2 -3 -4 -5 -6
leaf_value=0.00020329300534756983 -0.0024289677256782508 0.0032366193284321092 -0.003183334156214683 0.0030405620606616143 -0.0037577158012427393
leaf_weight=413 29 23 22 25 25
leaf_count=413 29 23 22 25 25
internal_value=0 0.000138662 -8.25193e-06 0.000142616 -2.2792e-05
internal_weight=0 508 485 463 438
internal_count=537 508 485 463 438
is_linear=0
shrinkage=0.1


Tree=226
num_leaves=8
num_cat=0
split_feature=92 96 47 60 55 2 33
split_gain=0.0176421 0.0423395 0.0461875 0.0365417 0.027978 0.0248563 0.0375359
threshold=5.4138198479028974 5.9375327241700111 5.9188794015264019 1.0551066001732952 1.9356005054539456 2.191013317336941 2.3502401828962087
decision_type=2 2 2 2 2 2 2
left_child=3 2 -2 -1 -5 -6 -7
right_child=1 -3 -4 4 5 6 -8
leaf_value=0.0038910415963842892 -0.0030410620946592342 -0.0043443853594362742 0.0027244398620854503 -0.0027672515586759389 0.0035302279940383 -0.0015506281377295557 0.00069779108168055741
leaf_weight=26 24 30 33 33 22 103 266
leaf_count=26 24 30 33 33 22 103 266
internal_value=0 -0.00130357 0.00029686 0.000252023 2.8876e-05 0.000264866 7.01835e-05
internal_weight=0 87 57 450 424 391 369
internal_count=537 87 57 450 424 391 369
is_linear=0
shrinkage=0.1


Tree=227
num_leaves=10
num_cat=0
split_feature=30 46 53 44 44 44 14 102 40
split_gain=0.0166024 0.112265 0.0930081 0.0710181 0.0794672 0.0653288 0.0317997 0.0417138 0.0560116
threshold=5.0172579074712669 5.272986409146923 1.0000000180025095e-35 4.6001450180613412 3.4334666422309414 2.9174053685313028 4.6586997221347959 1.8688348091416842 6.4536138387458246
decision_type=2 2 2 2 2 2 2 2 2
left_child=1 3 -2 4 5 -1 -4 -8 -9
right_child=2 -3 6 -5 -6 -7 7 8 -10
leaf_value=0.00050813599793602608 -0.006120938536090156 0.0065499746149206275 0.0034437886984960645 -0.0050765901062942041 0.0047424633781904257 -0.0044247479333231849 -0.0036566360940923914 -0.0004629940260933865 0.004463240462872717
leaf_weight=144 27 28 25 26 36 33 32 159 27
leaf_count=144 27 28 25 26 36 33 32 159 27
internal_value=0 0.000559144 -0.000552932 -0.00014271 0.000459547 -0.000411554 6.57358e-05 -0.000321656 0.000252105
internal_weight=0 267 270 239 213 177 243 218 186
internal_count=537 267 270 239 213 177 243 218 186
is_linear=0
shrinkage=0.1


Tree=228
num_leaves=11
num_cat=0
split_feature=46 34 38 59 12 4 17 67 50 12
split_gain=0.0203997 0.0205987 0.0855422 0.0784169 0.0480351 0.0386938 0.0342015 0.108772 0.0937599 0.0257245
threshold=7.0021555404279701 5.1298812082267613 5.081385075233106 2.740319461670996 4.7621374077860157 4.7273486598447958 1.8688348091416844 3.2180751841847144 4.2045812236012674 4.3693677306817369
decision_type=2 2 2 2 2 2 2 2 2 2
left_child=1 2 6 -3 9 -6 8 -8 -1 -5
right_child=-2 3 -4 4 5 -7 7 -9 -10 -11
leaf_value=-0.0040779705280093127 -0.0025796305275811206 0.006272557797880534 -0.0057663834429587486 -0.00042508390111227836 0.0049285660958443972 0.00044805589283644339 0.0073764738100378412 -1.552815260397069e-05 0.0024568190483527409 -0.0048702407187944203
leaf_weight=54 29 24 27 30 23 119 23 148 37 23
leaf_count=54 29 24 27 30 23 119 23 148 37 23
internal_value=0 0.000147262 -0.000407058 0.000878763 0.000214911 0.00117377 0.000145239 0.000978718 -0.00142097 -0.00235411
internal_weight=0 508 289 219 195 142 262 171 91 53
internal_count=537 508 289 219 195 142 262 171 91 53
is_linear=0
shrinkage=0.1


Tree=229
num_leaves=11
num_cat=0
split_feature=84 28 60 87 44 8 45 87 87 83
split_gain=0.0176781 0.0182935 0.0773729 0.0762062 0.108855 0.104223 0.0642873 0.0386298 0.0514557 0.0452207
threshold=0.68497705806044296 3.1132683346437333 3.2087744712094417 0.15710234772634982 1.9356005054539456 1.5890269151739729 2.9174053685313028 0.036928771232934005 0.40047294585684995 1.8765654719199167
decision_type=2 2 2 2 2 2 2 2 2 2
left_child=1 3 -3 5 -5 -1 -7 9 -9 -4
right_child=-2 2 7 4 -6 6 -8 8 -10 -11
leaf_value=-0.0076658841289047683 -0.0023587052042906486 0.005599811741350485 0.00043222061300184582 0.0059956936800683088 -0.0018549450372933951 0.0016213380895351293 -0.0048086041868056944 -0.0036675522450868993 0.0003683906817157944 0.0050260205361992126
leaf_weight=28 30 28 150 33 38 48 23 51 83 25
leaf_count=28 30 28 150 33 38 48 23 51 83 25
internal_value=0 0.000139568 0.000566201 -0.000706167 0.00179394 -0.00249918 -0.000461601 0.00011008 -0.00116768 0.00108848
internal_weight=0 507 337 170 71 99 71 309 134 175
internal_count=537 507 337 170 71 99 71 309 134 175
is_linear=0
shrinkage=0.1


Tree=230
num_leaves=6
num_cat=0
split_feature=34 38 34 39 47
split_gain=0.0165806 0.0230142 0.0221996 0.0357573 0.0394433
threshold=7.0473947110756514 6.5352317916717775 6.3007841113004242 5.8550678171289681 5.5606520443413574
decision_type=2 2 2 2 2
left_child=1 2 3 4 -1
right_child=-2 -3 -4 -5 -6
leaf_value=0.00026252552297492649 -0.0024149914030675537 0.003026189101645007 -0.0024535543750971557 0.0032790117664262654 -0.0027586221236412471
leaf_weight=366 27 26 35 34 49
leaf_count=366 27 26 35 34 49
internal_value=0 0.000127852 -2.78433e-05 0.000161243 -9.41883e-05
internal_weight=0 510 484 449 415
internal_count=537 510 484 449 415
is_linear=0
shrinkage=0.1


Tree=231
num_leaves=10
num_cat=0
split_feature=80 50 19 6 103 28 46 44 80
split_gain=0.0166988 0.0419467 0.0380204 0.0878739 0.0631536 0.114264 0.0396307 0.0648842 0.0280008
threshold=2.004936434568616 4.8903208612686422 1.0397207708399181 4.465842055365858 2.602003343538398 4.6727851606181448 7.0021555404279701 6.102536072598296 2.637353750454452
decision_type=2 2 2 2 2 2 2 2 2
left_child=2 8 3 -1 5 -4 7 -6 -2
right_child=1 -3 4 -5 6 -7 -8 -9 -10
leaf_value=-0.0053611515712691481 0.00230118370292565 0.0050525899997658358 0.007260006361625969 0.0022927760136857009 -0.00048450835136070575 -0.0021632376301568002 -0.0044668007853694942 0.004921703122090549 -0.0021824691980145872
leaf_weight=40 26 22 31 24 296 22 22 24 30
leaf_count=40 26 22 31 24 296 22 22 24 30
internal_value=0 0.00135274 -0.000229877 -0.00249093 0.00013647 0.00334847 -0.000361296 -7.90425e-05 -0.000100773
internal_weight=0 78 459 64 395 53 342 320 56
internal_count=537 78 459 64 395 53 342 320 56
is_linear=0
shrinkage=0.1


Tree=232
num_leaves=8
num_cat=0
split_feature=35 30 34 34 65 34 25
split_gain=0.0156386 0.0664994 0.0187735 0.0748585 0.0644277 0.0641584 0.0418386
threshold=6.6950642080078762 6.6883353279854534 5.1298812082267613 4.8751681865209777 3.3906709696505053 4.7229433450037179 4.8751681865209777
decision_type=2 2 2 2 2 2 2
left_child=1 2 3 5 -4 -1 -6
right_child=-2 -3 4 -5 6 -7 -8
leaf_value=-0.00028620264528342939 0.0026109790387140079 -0.0051422935498412698 0.0059957655093801979 -0.0045063211340579746 -0.0016007319707164751 0.0049592887046926012 0.0015230392646220215
leaf_weight=226 22 25 22 38 72 26 106
leaf_count=226 22 25 22 38 72 26 106
internal_value=0 -0.000111537 0.000145134 -0.000368898 0.000890482 0.000254999 0.000259491
internal_weight=0 515 490 290 200 252 178
internal_count=537 515 490 290 200 252 178
is_linear=0
shrinkage=0.1


Tree=233
num_leaves=7
num_cat=0
split_feature=26 44 40 26 98 36
split_gain=0.0163839 0.0526027 0.0233874 0.0320262 0.0522886 0.0423393
threshold=7.0021555404279701 6.5452010056581358 6.1333956902824402 6.0330833463930107 4.6442059536981697 5.0172579074712669
decision_type=2 2 2 2 2 2
left_child=1 2 3 5 -5 -1
right_child=-2 -3 -4 4 -6 -7
leaf_value=-0.00022244107664434111 0.00231182040518214 -0.004804795937936591 0.0032752853257327595 -0.0055905096767953815 0.00044697211851598697 0.002451864782617324
leaf_weight=333 29 23 22 26 32 72
leaf_count=333 29 23 22 26 32 72
internal_value=0 -0.000131974 8.96238e-05 -6.17468e-05 -0.00225949 0.000252991
internal_weight=0 508 485 463 58 405
internal_count=537 508 485 463 58 405
is_linear=0
shrinkage=0.1


Tree=234
num_leaves=14
num_cat=0
split_feature=30 61 52 49 22 53 29 53 49 87 89 89 33
split_gain=0.0149901 0.0960327 0.0887624 0.0418375 0.13101 0.0438213 0.0488703 0.0293346 0.0697211 0.0579497 0.0431954 0.040658 0.0377118
threshold=5.0172579074712669 0.89643595048923086 1.2424533248940004 1.5890269151739729 4.5053345884235583 1.0098148431804506 2.8029010331479989 3.7870910720223336 3.9316333620047872 0.13879458329149547 0.27764569800250255 0.047229846454033005 5.170419424753308
decision_type=2 2 2 2 2 2 2 2 2 2 2 2 2
left_child=1 -1 -2 4 -3 -5 -7 8 11 -10 12 -4 -9
right_child=2 3 7 5 -6 6 -8 10 9 -11 -12 -13 -14
leaf_value=0.0063052884589594148 -0.0060798470611469107 0.00099176506822307923 0.0032778067221047621 0.0045804455354809762 -0.0085341310763562273 -0.0018027801553029824 0.0017861853613034837 0.0028080537174405024 -0.00053417807600150506 -0.0060512648980048577 0.0043296861352727697 -0.0012091305621045954 -0.0027245972987397444
leaf_weight=26 26 42 46 25 22 73 79 22 45 33 34 36 28
leaf_count=26 26 42 46 25 22 73 79 22 45 33 34 36 28
internal_value=0 0.000531302 -0.000525398 -9.16179e-05 -0.00228276 0.00070066 6.25374e-05 6.6469e-05 -0.000727996 -0.00286833 0.00157974 0.00130793 -0.000290231
internal_weight=0 267 270 241 64 177 152 244 160 78 84 82 50
internal_count=537 267 270 241 64 177 152 244 160 78 84 82 50
is_linear=0
shrinkage=0.1


Tree=235
num_leaves=8
num_cat=0
split_feature=3 5 95 104 12 72 20
split_gain=0.0157535 0.0372582 0.0254255 0.0627771 0.0446472 0.0394024 0.0369102
threshold=6.6950642080078762 6.3117199868476508 5.2417330174952186 3.1345481418531311 5.8550678171289681 0.17557132259950312 5.7137273593905471
decision_type=2 2 2 2 2 2 2
left_child=1 2 4 -4 6 -5 -1
right_child=-2 -3 3 5 -6 -7 -8
leaf_value=0.00026770691265509553 -0.0025041163821394249 0.0040507163690484084 -0.0057276394312234169 0.0018015252061145889 0.0041289920037213181 -0.0033816465388306163 -0.0035724149266671808
leaf_weight=343 24 23 26 44 28 22 27
leaf_count=343 24 23 26 44 28 22 27
internal_value=0 0.000117152 -6.74851e-05 -0.00156574 0.000278844 7.38013e-05 -1.25182e-05
internal_weight=0 513 490 92 398 66 370
internal_count=537 513 490 92 398 66 370
is_linear=0
shrinkage=0.1


Tree=236
num_leaves=10
num_cat=0
split_feature=18 22 51 24 66 32 41 38 104
split_gain=0.0142589 0.0690502 0.0445767 0.0398641 0.0251981 0.0230819 0.0343586 0.0523533 0.0402871
threshold=6.212604087723423 6.4952609922484532 5.4510292435120062 5.9322416695047417 5.648949440878984 5.7651468795656617 5.0688844241303981 5.609465086342035 1.0986122886681102
decision_type=2 2 2 2 2 2 2 2 2
left_child=3 2 -2 5 -3 6 7 -1 -8
right_child=1 4 -4 -5 -6 -7 8 -9 -10
leaf_value=0.00017324759686370949 -0.00086369158710691743 0.0029559356449788219 -0.0072295622101095931 0.0042999131125448604 -0.0013297229134680137 -0.002861868812201115 -0.00044917148964790008 -0.0048740243528630931 0.0050896337279921463
leaf_weight=312 22 34 22 23 23 26 24 22 29
leaf_count=312 22 34 22 23 23 26 24 22 29
internal_value=0 -0.00107063 -0.00404663 0.000248012 0.00122663 2.23617e-05 0.000216134 -0.000159207 0.0025815
internal_weight=0 101 44 436 57 413 387 334 53
internal_count=537 101 44 436 57 413 387 334 53
is_linear=0
shrinkage=0.1


Tree=237
num_leaves=16
num_cat=0
split_feature=98 98 15 6 6 88 100 101 78 68 18 18 5 17 70
split_gain=0.0146697 0.0873951 0.1677 0.0381916 0.0716558 0.0645502 0.0829199 0.0494895 0.036873 0.0533689 0.0504981 0.0663673 0.0513487 0.0312352 0.0307248
threshold=3.7609296261008152 3.0201273556387074 4.7273486598447958 5.1179758838799021 4.5746578350692051 0.52321968561337051 8.7930028333186527 5.3612811448469326 0.45429816077046048 3.9601326657782745 4.744894319750431 4.2045812236012674 2.9174053685313028 4.9052473428434826 4.6142006819907815
decision_type=2 2 2 2 2 2 2 2 2 2 2 2 2 2 2
left_child=1 8 -3 4 -2 6 -5 -7 10 -10 11 -1 -12 -8 -11
right_child=3 2 -4 5 -6 7 13 -9 9 14 12 -13 -14 -15 -16
leaf_value=0.0008123677269912061 -0.00078225405833853238 -0.010080414371564985 0.0013904022840926281 -0.0067618046971884647 0.007288783602416516 0.0063356500701047484 -0.002502339987081036 -2.1744113764725627e-05 -0.0053411958394572146 0.002691937990200061 -0.0049345244926845902 0.0061325924153744849 0.00087377277122060266 0.0010515660256783985 -0.0023256117169101189
leaf_weight=81 22 25 26 22 22 24 36 25 25 26 23 33 45 79 23
leaf_count=81 22 25 26 22 22 24 36 25 25 26 23 33 45 79 23
internal_value=0 -0.000452396 -0.00423255 0.00060385 0.00325326 -2.28937e-05 -0.00113701 0.00309208 0.000300682 -0.00158147 0.00106595 0.00235243 -0.0010908 -6.09611e-05 0.000336762
internal_weight=0 307 51 230 44 186 137 49 256 74 182 114 68 115 49
internal_count=537 307 51 230 44 186 137 49 256 74 182 114 68 115 49
is_linear=0
shrinkage=0.1


Tree=238
num_leaves=11
num_cat=0
split_feature=41 26 42 5 64 1 44 34 96 9
split_gain=0.0141843 0.0185111 0.0595329 0.0592039 0.153583 0.0634665 0.0487481 0.0683384 0.0542806 0.0910259
threshold=6.4068582012380899 4.465842055365858 4.9869730080923453 2.8029010331479989 3.0620680976290582 3.5549397315361362 2.9174053685313028 4.7229433450037179 4.234001473612734 2.3502401828962087
decision_type=2 2 2 2 2 2 2 2 2 2
left_child=1 2 3 4 -1 -5 7 -3 -8 -10
right_child=-2 6 -4 5 -6 -7 8 -9 9 -11
leaf_value=-0.0011107271588407456 -0.0019172773993988005 8.3872516573007622e-05 -0.0055542253264734016 -0.006181299857174357 0.0086211585333027582 -3.4944334064286002e-05 0.0037692539704342687 0.0066481875712458439 -0.0058041360935774345 0.00019272940068123406
leaf_weight=50 36 35 22 24 24 56 33 29 29 199
leaf_count=50 36 35 22 24 24 56 33 29 29 199
internal_value=0 0.000137768 -0.000688236 6.90498e-06 0.00204556 -0.00187885 0.000585082 0.00305833 -2.13847e-05 -0.00057003
internal_weight=0 501 176 154 74 80 325 64 261 228
internal_count=537 501 176 154 74 80 325 64 261 228
is_linear=0
shrinkage=0.1


Tree=239
num_leaves=10
num_cat=0
split_feature=3 50 102 100 3 68 31 20 76
split_gain=0.0153162 0.0773966 0.064543 0.0749447 0.049442 0.0244836 0.070628 0.0581251 0.0470941
threshold=1.9356005054539456 4.5746578350692051 1.2424533248940004 4.9542375470235838 2.6735537653587347 4.192336497417215 2.3937458713910238 2.3937458713910238 1.2024366359108256
decision_type=2 2 2 2 2 2 2 2 2
left_child=1 2 3 -1 -2 6 -6 -7 -9
right_child=4 -3 -4 -5 5 7 -8 8 -10
leaf_value=-0.0070099243259226732 -0.0038734011458499092 0.0057037867640179624 0.0032681303704157473 0.00057202713287551887 0.0062784022566947069 -0.0052065475367602306 -0.0017345408967230471 -0.0002792130432671757 0.0038794435630552476
leaf_weight=22 35 27 30 32 22 22 22 295 30
leaf_count=22 35 27 30 32 22 22 22 295 30
internal_value=0 0.00104624 -0.000450828 -0.00251692 -0.000272612 4.97094e-05 0.00227193 -0.000232071 0.000104663
internal_weight=0 111 84 54 426 391 44 347 325
internal_count=537 111 84 54 426 391 44 347 325
is_linear=0
shrinkage=0.1


Tree=240
num_leaves=8
num_cat=0
split_feature=97 97 19 23 22 64 17
split_gain=0.0130536 0.0385627 0.0262847 0.0741256 0.050907 0.0377314 0.0221407
threshold=6.6240431818084256 6.2803888252062245 5.379886735236628 5.5947044697546167 6.0112551596500436 5.2505263206635213 5.6559673591485771
decision_type=2 2 2 2 2 2 2
left_child=1 2 4 -4 5 -1 -5
right_child=-2 -3 3 6 -6 -7 -8
leaf_value=0.00037039401345932027 -0.0020635308046496057 0.004212844475511123 -0.0059450635108751829 0.0013142957627265291 0.0050399879480458121 -0.0037462128093466163 -0.001593234515443328
leaf_weight=308 29 22 27 55 22 24 50
leaf_count=308 29 22 27 55 22 24 50
internal_value=0 0.0001178 -6.75724e-05 -0.00127191 0.000381503 7.2808e-05 -7.02425e-05
internal_weight=0 508 486 132 354 332 105
internal_count=537 508 486 132 354 332 105
is_linear=0
shrinkage=0.1


Tree=241
num_leaves=13
num_cat=0
split_feature=87 87 85 87 80 30 65 51 86 34 46 33
split_gain=0.0131733 0.0509488 0.0552757 0.0310727 0.112218 0.0501413 0.0365564 0.118751 0.0684608 0.0514449 0.0823283 0.0484957
threshold=0.61999328884387495 0.65067597158102009 0.028591544580251347 0.4273144917421744 0.39469813929544045 4.6346818562128229 3.2138647534109137 3.0433873634561537 0.45881770436757091 5.0688844241303981 4.8121513051691478 4.234001473612734
decision_type=2 2 2 2 2 2 2 2 2 2 2 2
left_child=3 -2 -3 6 5 -5 7 8 -1 10 -8 -11
right_child=1 2 -4 4 -6 -7 9 -9 -10 11 -12 -13
leaf_value=-0.0031369178742170338 -0.0051652906348665616 0.0026083657907026753 -0.0031555920124187002 0.00097212063926483761 -0.0031540355611858629 0.0071737887654307999 0.00067549706440819216 -0.0081188490573802716 0.0042636674717068676 -0.0050514443762316973 0.0074511439677073868 -0.00011567573237698526
leaf_weight=25 23 41 28 22 28 32 97 23 25 23 22 148
leaf_count=25 23 41 28 22 28 32 97 23 25 23 22 148
internal_value=0 -0.0010893 0.000269368 0.000225203 0.00198335 0.00464718 -0.000171955 -0.00217212 0.000563375 0.000331535 0.00192814 -0.000779551
internal_weight=0 92 69 445 82 54 363 73 50 290 119 171
internal_count=537 92 69 445 82 54 363 73 50 290 119 171
is_linear=0
shrinkage=0.1


Tree=242
num_leaves=9
num_cat=0
split_feature=80 22 18 46 44 72 100 22
split_gain=0.0128112 0.0276782 0.0417065 0.0242757 0.0323039 0.0256223 0.0892535 0.033147
threshold=2.004936434568616 4.6346818562128229 5.9026184029028368 7.0021555404279701 6.102536072598296 0.37504708671941628 7.2722816737008991 5.0906732680195743
decision_type=2 2 2 2 2 2 2 2
left_child=3 -2 -3 4 5 7 -7 -1
right_child=1 2 -4 -5 -6 6 -8 -9
leaf_value=0.0011267076684585351 0.0037738148192012753 -0.0028818953989280596 0.0028473794731932386 -0.0033677003974014008 0.003076904747755297 -0.0072986504909667103 7.0275587853617402e-05 -0.00091666821876405346
leaf_weight=165 27 27 24 23 31 22 65 153
leaf_count=165 27 27 24 23 31 22 65 153
internal_value=0 0.00118486 -0.000185766 -0.000201348 -3.43161e-05 -0.000272459 -0.00179313 0.000143574
internal_weight=0 78 51 459 436 405 87 318
internal_count=537 78 51 459 436 405 87 318
is_linear=0
shrinkage=0.1


Tree=243
num_leaves=9
num_cat=0
split_feature=92 20 51 86 60 50 85 40
split_gain=0.0129324 0.0367859 0.0735077 0.0229509 0.0460246 0.0306493 0.0369763 0.0337783
threshold=5.4154146917747248 6.102536072598296 2.9430520157250784 0.68476950597767339 1.0551066001732952 4.4187680230537838 0.10864525163407342 4.4885732424042368
decision_type=2 2 2 2 2 2 2 2
left_child=3 2 -2 4 -1 6 -6 -7
right_child=1 -3 -4 -5 5 7 -8 -9
leaf_value=0.0045468214266002182 0.001513213773622461 0.0015966406016941033 -0.0060009361978154638 -0.0027337961039738731 -0.002135646477285208 -0.00022710268311400682 0.0011576520891069847 0.0021050022807242853
leaf_weight=25 23 31 30 25 99 141 52 111
leaf_count=25 23 31 30 25 99 141 52 111
internal_value=0 -0.00113962 -0.00274008 0.000211321 0.000383349 0.000125069 -0.00100153 0.000800134
internal_weight=0 84 53 453 428 403 151 252
internal_count=537 84 53 453 428 403 151 252
is_linear=0
shrinkage=0.1


Tree=244
num_leaves=9
num_cat=0
split_feature=69 27 40 33 27 29 15 9
split_gain=0.0126854 0.033365 0.0419218 0.0374021 0.0619844 0.0368145 0.0299318 0.0254436
threshold=1.5138613836196224 1.5890269151739729 2.9700856263602158 2.191013317336941 3.2951505240983434 1.0397207708399181 2.8029010331479989 2.6735537653587347
decision_type=2 2 2 2 2 2 2 2
left_child=-1 2 5 4 -3 -2 -5 -8
right_child=1 3 -4 6 -6 -7 7 -9
leaf_value=-0.0021123631546894712 -0.0021104929848544062 -0.0050962000597595571 0.0046955921843288128 0.0026283935237664821 0.0016065812585028738 0.0029919660560643446 -0.0032741400515660644 4.8942239862014569e-05
leaf_weight=27 31 37 33 42 22 26 25 294
leaf_count=27 31 37 33 42 22 26 25 294
internal_value=0 0.000111831 0.00185912 -0.000262587 -0.00259686 0.000216944 0.000118914 -0.000211487
internal_weight=0 510 90 420 59 57 361 319
internal_count=537 510 90 420 59 57 361 319
is_linear=0
shrinkage=0.1


Tree=245
num_leaves=15
num_cat=0
split_feature=103 2 22 47 14 103 85 38 22 102 87 101 77 53
split_gain=0.0128614 0.0817646 0.0872103 0.0937519 0.0651563 0.0425599 0.0377686 0.0390863 0.0755075 0.0642848 0.0230934 0.032386 0.025142 0.0293756
threshold=3.6105525490912482 4.9089648320872419 4.5746578350692051 4.5325416796595226 4.1430087342023825 2.9174053685313028 0.3773854192802773 4.5053345884235583 5.1416464569318583 2.5619819897016298 0.4079280669968775 5.7557221843442159 2.8888261616113287 3.4467324192388098
decision_type=2 2 2 2 2 2 2 2 2 2 2 2 2 2
left_child=1 2 4 -4 5 -1 7 -2 -9 -10 12 -12 -8 -14
right_child=6 -3 3 -5 -6 -7 10 8 9 -11 11 -13 13 -15
leaf_value=-0.0015294356702475389 -0.0041420737466251007 0.0059924432430416355 -0.0078779795910231768 0.00024054543482083266 0.0061506323846212277 0.0032685764661813479 0.0038563089178604705 0.0040401587961241608 -0.0066107561303810642 -0.00054583319408052109 -0.0037844035541638732 0.0014667877522499665 -0.0019543387345038357 0.0017775331814350052
leaf_weight=51 40 25 25 33 24 29 31 28 22 85 24 23 31 66
leaf_count=51 40 25 25 33 24 29 31 28 22 85 24 23 31 66
internal_value=0 0.000669531 -0.000151906 -0.00325882 0.00158079 0.000209844 -0.000357721 -0.00139652 -0.000583022 -0.00179283 0.000681078 -0.00121467 0.00137717 0.000584873
internal_weight=0 187 162 58 104 80 350 175 135 107 175 47 128 97
internal_count=537 187 162 58 104 80 350 175 135 107 175 47 128 97
is_linear=0
shrinkage=0.1


Tree=246
num_leaves=10
num_cat=0
split_feature=18 6 100 68 26 34 86 42 30
split_gain=0.0129438 0.0620205 0.0463466 0.0343979 0.0247288 0.0333959 0.0750856 0.0487254 0.0196725
threshold=6.212604087723423 6.1312170375979624 9.2062319388903884 5.8729564318206142 6.054428325406878 5.2203412156610947 0.52229563671786405 5.3032925319746216 6.2005071168401162
decision_type=2 2 2 2 2 2 2 2 2
left_child=3 -2 -3 4 5 7 -7 -1 -4
right_child=1 2 8 -5 -6 6 -8 -9 -10
leaf_value=3.5041028325190987e-05 -0.0053406586037017404 0.0042700886938043621 -0.0033909332948615367 0.003916450015579661 -0.0030931145842866201 0.0001889274035302269 0.0064042684013167249 -0.0048639969307590625 0.00046902219595898302
leaf_weight=263 25 22 23 24 24 77 26 22 31
leaf_count=263 25 22 23 24 24 77 26 22 31
internal_value=0 -0.00102006 0.000401186 0.000236299 2.19211e-05 0.000214604 0.00175785 -0.00034313 -0.00117503
internal_weight=0 101 76 436 412 388 103 285 54
internal_count=537 101 76 436 412 388 103 285 54
is_linear=0
shrinkage=0.1


Tree=247
num_leaves=14
num_cat=0
split_feature=16 36 49 48 26 92 43 26 40 15 88 0 3
split_gain=0.0134446 0.0592881 0.0743415 0.0790028 0.0416649 0.03924 0.0260364 0.0247635 0.0324451 0.0312466 0.0538839 0.0243287 0.0222314
threshold=3.1567740231385479 4.0856584373598661 1.9356005054539456 2.191013317336941 4.0247135285553481 5.2761776560110656 2.9430520157250784 4.6913057964583187 4.2625806805327082 4.6346818562128229 0.15709987798973188 2.602003343538398 4.8903208612686422
decision_type=2 2 2 2 2 2 2 2 2 2 2 2 2
left_child=1 2 3 -1 5 -2 11 8 -6 10 -9 -4 -11
right_child=4 -3 6 -5 7 -7 -8 9 -10 12 -12 -13 -14
leaf_value=0.00016513018812419793 -0.00045906941209418272 0.0046884754026729255 0.0053186361705884339 -0.007469612821612669 0.0047602727630874147 -0.0061974226105534899 -0.0006476211609939735 -0.0053889422223839011 -0.00055635891516100271 0.00220521018617665 0.0008189300566704737 0.001094770800943176 -0.00027438067147761761
leaf_weight=33 26 31 25 23 24 22 30 29 22 46 27 30 169
leaf_count=33 26 31 25 23 24 22 30 29 22 46 27 30 169
internal_value=0 0.000728903 -0.000141641 -0.00297057 -0.000343483 -0.00308915 0.00172212 7.22643e-05 0.00221754 -0.000291878 -0.00239586 0.00301471 0.000256136
internal_weight=0 172 141 56 365 48 85 317 46 271 56 55 215
internal_count=537 172 141 56 365 48 85 317 46 271 56 55 215
is_linear=0
shrinkage=0.1


Tree=248
num_leaves=10
num_cat=0
split_feature=84 26 42 27 31 11 64 22 44
split_gain=0.0116383 0.0147341 0.0503753 0.0483245 0.0560438 0.0480702 0.0577986 0.0506662 0.0298783
threshold=0.68497705806044296 4.4885732424042368 4.9869730080923453 2.8029010331479989 3.0201273556387074 1.5890269151739729 2.3902615367329769 3.0433873634561537 2.9174053685313028
decision_type=2 2 2 2 2 2 2 2 2
left_child=1 2 5 -3 -5 6 -1 -7 -6
right_child=-2 3 -4 4 8 7 -8 -9 -10
leaf_value=-0.0013129263471525451 -0.0019138175311187904 0.0037228955608997042 -0.0050979684001173486 -0.004471089475322515 0.0037723730821162464 0.0014224075431672808 0.0049504467029371025 -0.0032388020979224486 0.00013753822910796996
leaf_weight=26 30 41 22 25 25 39 34 58 237
leaf_count=26 30 41 22 25 25 39 34 58 237
internal_value=0 0.000113244 -0.000616496 0.000511486 5.27131e-05 1.14807e-05 0.00223632 -0.00136471 0.000484374
internal_weight=0 507 179 328 287 157 60 97 262
internal_count=537 507 179 328 287 157 60 97 262
is_linear=0
shrinkage=0.1


Tree=249
num_leaves=12
num_cat=0
split_feature=88 34 18 14 102 14 56 31 8 57 57
split_gain=0.0111639 0.0375219 0.0322104 0.0213355 0.0544161 0.0327296 0.0632568 0.0572797 0.0458035 0.0361587 0.0319116
threshold=0.643176865477746 3.6632328069201612 5.2469686674288658 3.3667009459186801 2.1383330595080281 4.9415403713792339 2.4952162933893685 3.1132683346437333 4.4885732424042368 3.3546478167171538 1.6215993675507316
decision_type=2 2 2 2 2 2 2 2 2 2 2
left_child=3 -2 -3 4 10 6 -5 -7 -8 -9 -1
right_child=1 2 -4 5 -6 7 8 9 -10 -11 -12
leaf_value=-0.0022899890079861505 0.0046047683720561589 -0.0031361856178947442 0.0017699594147416065 0.0058088967554235406 -0.005536781154572964 -0.0053142626858417594 -0.0009637714363634587 -0.0021973533722459628 0.0035208131612307625 0.00072452365009226857 0.002322426432122787
leaf_weight=30 22 23 32 26 25 23 79 58 32 157 30
leaf_count=30 22 23 32 26 25 23 79 58 32 157 30
internal_value=0 0.00111443 -0.000281701 -0.000186546 -0.00161702 0.000137694 0.00136905 -0.000571111 0.000329082 -6.37036e-05 1.62187e-05
internal_weight=0 77 55 460 85 375 137 238 111 215 60
internal_count=537 77 55 460 85 375 137 238 111 215 60
is_linear=0
shrinkage=0.1


Tree=250
num_leaves=8
num_cat=0
split_feature=35 41 2 24 69 42 17
split_gain=0.0116957 0.0498955 0.0148985 0.0669602 0.0356617 0.0323874 0.0315998
threshold=6.6950642080078762 6.3314765202922478 5.0688844241303981 3.2180751841847144 1.6278160031286226 3.1345481418531311 4.9052473428434826
decision_type=2 2 2 2 2 2 2
left_child=1 2 4 -4 -1 -6 -5
right_child=-2 -3 3 6 5 -7 -8
leaf_value=-0.0037800898110227927 0.0022579741918227893 -0.004755958025767045 0.0056948030425701297 -0.0013528121373044912 0.002169299564095882 -0.00064498340876352868 0.001145885261431113
leaf_weight=28 22 22 24 86 53 179 123
leaf_count=28 22 22 24 86 53 179 123
internal_value=0 -9.64571e-05 0.000111472 0.000692177 -0.000408929 -2.06532e-06 0.000117713
internal_weight=0 515 493 233 260 232 209
internal_count=537 515 493 233 260 232 209
is_linear=0
shrinkage=0.1


Tree=251
num_leaves=11
num_cat=0
split_feature=18 14 16 34 20 20 2 53 101 89
split_gain=0.0122262 0.0517922 0.0396412 0.0350128 0.025967 0.0369737 0.0281804 0.0245439 0.0361212 0.0235289
threshold=6.0799096305063562 6.1779355053092848 5.5797227059640084 5.9635760393734838 5.0995688973185436 4.8282817362782584 5.1179758838799021 3.1315473181876547 5.3612811448469326 0.065471168630690413
decision_type=2 2 2 2 2 2 2 2 2 2
left_child=2 -2 4 -3 5 6 -1 -5 -9 -6
right_child=1 3 -4 7 9 -7 -8 8 -10 -11
leaf_value=-0.00054883113219706 -0.0050435529866566268 -0.0027061379572842271 0.0037599263941713919 -0.0013521026015620341 -0.0046128613093804399 0.004065258839788536 0.0016308902181490456 0.0056357508525252346 2.6009798360367617e-05 1.2061123693869873e-05
leaf_weight=238 24 30 30 22 22 24 79 22 24 22
leaf_count=238 24 30 30 22 22 24 79 22 24 22
internal_value=0 -0.00088004 0.000258711 0.000139595 -1.41114e-05 0.000280894 -5.61982e-06 0.00139507 0.00270893 -0.0023004
internal_weight=0 122 415 98 385 341 317 68 46 44
internal_count=537 122 415 98 385 341 317 68 46 44
is_linear=0
shrinkage=0.1


Tree=252
num_leaves=13
num_cat=0
split_feature=103 2 22 27 46 42 49 46 44 85 5 101
split_gain=0.0127266 0.0570941 0.0710508 0.0842371 0.0700924 0.0694617 0.0423499 0.0318276 0.0416169 0.0363039 0.032161 0.0187782
threshold=3.6105525490912482 4.9089648320872419 4.5053345884235583 3.0201273556387074 3.7609296261008152 4.9869730080923453 3.4960482137079443 6.5220754968327581 6.0185902545239411 0.38776643541680028 2.3502401828962087 4.7621374077860157
decision_type=2 2 2 2 2 2 2 2 2 2 2 2
left_child=1 2 4 -4 6 -6 -1 8 9 10 -2 -11
right_child=7 -3 3 -5 5 -7 -8 -9 -10 11 -12 -13
leaf_value=-0.0042234723625535313 0.0010338502915762928 0.0051139862919226294 -0.00761162690548438 -3.7595406337099712e-06 0.0085454177084929219 0.00091065981049233901 0.001687119935673696 -0.0032630234929349497 0.0038722805473953487 0.0020293107748505447 -0.002717305951679511 -0.00018726783557589254
leaf_weight=22 31 25 22 43 22 26 27 34 25 57 87 116
leaf_count=22 31 25 22 43 22 26 27 34 25 57 87 116
internal_value=0 0.000666013 -2.04028e-05 -0.00257873 0.00169394 0.00440992 -0.000966615 -0.000355841 -4.3043e-05 -0.000379411 -0.00173183 0.00054305
internal_weight=0 187 162 65 97 48 49 350 316 291 118 173
internal_count=537 187 162 65 97 48 49 350 316 291 118 173
is_linear=0
shrinkage=0.1


Tree=253
num_leaves=9
num_cat=0
split_feature=80 29 6 22 42 27 88 50
split_gain=0.0122281 0.0209672 0.0795923 0.0442803 0.0341903 0.0489942 0.027508 0.0205051
threshold=2.004936434568616 1.0397207708399181 4.465842055365858 2.3937458713910238 3.6105525490912482 2.524928003624769 0.10960282139613471 4.5325416796595226
decision_type=2 2 2 2 2 2 2 2
left_child=1 2 -1 -3 6 -6 -5 -2
right_child=7 3 -4 4 5 -7 -8 -9
leaf_value=-0.004822052981799994 -0.00042274091698345733 0.0032900776666326403 0.0018508133297666174 -0.0049433658239789883 0.0040397885094942713 -0.00028484619360690341 -0.00013882145603102717 0.0028210754101899893
leaf_weight=39 40 39 33 26 29 271 22 38
leaf_count=39 40 39 33 26 29 271 22 38
internal_value=0 -0.000196713 -0.00176366 9.48114e-05 -0.000263279 0.000133202 -0.00274128 0.00115758
internal_weight=0 459 72 387 348 300 48 78
internal_count=537 459 72 387 348 300 48 78
is_linear=0
shrinkage=0.1


Tree=254
num_leaves=10
num_cat=0
split_feature=8 59 12 104 0 83 98 22 98
split_gain=0.0110013 0.0575295 0.0372272 0.0307383 0.0230627 0.0166452 0.0232413 0.0654211 0.0566191
threshold=5.7651468795656617 6.0258543048053959 5.6903366269220443 3.2573563454362655 6.3025585929177081 4.543238182376899 3.7609296261008152 5.0172579074712669 3.2769667020129059
decision_type=2 2 2 2 2 2 2 2 2
left_child=2 -2 5 -3 -5 6 8 -8 -1
right_child=1 3 -4 4 -6 -7 7 -9 -10
leaf_value=0.00025156392194124541 -0.0054656547451899812 0.0033924387081914692 0.0041482564709756685 -0.0029172334618245564 0.00075062973395688458 -0.0020721553991149581 0.0046981851230017274 -0.00065619360761378297 -0.0043562748655676846
leaf_weight=240 22 23 23 30 40 35 39 55 30
leaf_count=240 22 23 23 30 40 35 39 55 30
internal_value=0 -0.000867045 0.00023628 0.000220799 -0.000821312 1.07775e-05 0.00021106 0.0015653 -0.000260418
internal_weight=0 115 422 93 70 399 364 94 270
internal_count=537 115 422 93 70 399 364 94 270
is_linear=0
shrinkage=0.1


Tree=255
num_leaves=13
num_cat=0
split_feature=80 21 15 87 22 6 51 13 41 36 35 18
split_gain=0.0104705 0.0213471 0.0444414 0.0373097 0.0711711 0.0615118 0.0612189 0.0325732 0.0226811 0.0250834 0.0183443 0.0233382
threshold=2.004936434568616 2.3502401828962087 3.4175922930736511 0.19599824747654745 4.4885732424042368 4.4187680230537838 2.8314802400679731 3.1132683346437333 6.4068582012380899 4.8282817362782584 2.9430520157250784 5.9026184029028368
decision_type=2 2 2 2 2 2 2 2 2 2 2 2
left_child=1 3 7 4 6 -5 -1 -3 9 -4 -2 -12
right_child=10 2 8 5 -6 -7 -8 -9 -10 -11 11 -13
leaf_value=0.0026189260012297721 0.0034426506183555593 0.00091520038990278705 -0.0011346849967305611 -0.0021411015794822767 -0.007218440437767034 0.0047728277277201414 -0.0044874391666698188 0.0057741680055518052 -0.0029430880114949985 0.00090538521634289941 -0.0017330452786653392 0.002420590964902658
leaf_weight=27 23 37 107 31 24 22 22 22 29 138 31 24
leaf_count=27 23 37 107 31 24 22 22 22 29 138 31 24
internal_value=0 -0.000182028 0.000237467 -0.00129069 -0.00275692 0.000728831 -0.000571687 0.00272702 -0.000298605 1.44158e-05 0.00107116 7.94505e-05
internal_weight=0 459 333 126 73 53 49 59 274 245 78 55
internal_count=537 459 333 126 73 53 49 59 274 245 78 55
is_linear=0
shrinkage=0.1


Tree=256
num_leaves=9
num_cat=0
split_feature=26 26 26 44 73 26 11 96
split_gain=0.0112428 0.0393634 0.0154479 0.0399569 0.0561298 0.0373182 0.0438038 0.036228
threshold=7.0021555404279701 6.4952609922484532 4.4885732424042368 2.9174053685313028 1.0000000180025095e-35 4.2045812236012674 1.5890269151739729 4.234001473612734
decision_type=2 2 2 2 2 2 2 2
left_child=1 2 5 4 -4 6 -1 -5
right_child=-2 -3 3 7 -6 -7 -8 -9
leaf_value=0.0022056373187556997 0.0019150591872889419 -0.0036868546414991904 0.0061255817417986691 0.0029749380198636037 7.9497396398116576e-05 -0.0041257048598848855 -0.0012875667510998028 -0.00055460553685497422
leaf_weight=56 29 29 28 34 34 26 100 201
leaf_count=56 29 29 28 34 34 26 100 201
internal_value=0 -0.000109324 0.000107269 0.000551823 0.00280999 -0.000618183 -3.35961e-05 -4.39482e-05
internal_weight=0 508 479 297 62 182 156 235
internal_count=537 508 479 297 62 182 156 235
is_linear=0
shrinkage=0.1


Tree=257
num_leaves=9
num_cat=0
split_feature=92 39 17 86 61 50 40 27
split_gain=0.0106284 0.0245587 0.0294894 0.0206553 0.0374688 0.0236773 0.0249217 0.0243304
threshold=5.4138198479028974 6.0378680719010864 5.2417330174952186 0.68476950597767339 0.89643595048923086 4.4187680230537838 4.4885732424042368 2.191013317336941
decision_type=2 2 2 2 2 2 2 2
left_child=3 2 -2 4 -1 7 -7 -6
right_child=1 -3 -4 -5 5 6 -8 -9
leaf_value=0.0040349436601480613 -0.00029211103392299268 0.0010858947212588699 -0.0050514463514960174 -0.0026587473150963587 0.0011820791355733361 -0.00017534824758025724 0.0018424562777561899 -0.0016471989943370733
leaf_weight=26 30 34 23 24 42 138 110 110
leaf_count=26 30 34 23 24 42 138 110 110
internal_value=0 -0.0010118 -0.00235748 0.000195614 0.000356423 0.000117319 0.000719646 -0.000865425
internal_weight=0 87 53 450 426 400 248 152
internal_count=537 87 53 450 426 400 248 152
is_linear=0
shrinkage=0.1


Tree=258
num_leaves=11
num_cat=0
split_feature=34 88 64 22 22 98 17 53 31 97
split_gain=0.0106506 0.0147286 0.0502797 0.0384273 0.0753701 0.04207 0.0401639 0.0350548 0.0263364 0.0241257
threshold=7.0473947110756514 0.32237371114682284 2.4203406930554818 4.1742689126930488 4.7229433450037179 2.191013317336941 4.9052473428434826 1.42719842658769 5.7651468795656617 1.5890269151739729
decision_type=2 2 2 2 2 2 2 2 2 2
left_child=1 3 -3 5 -5 9 -6 -4 -9 -1
right_child=-2 2 7 4 6 -7 -8 8 -10 -11
leaf_value=-0.0017248108209709505 -0.0019355458517869312 -0.0050889164537445391 0.0029733565108472251 0.0050065025427313741 -0.0012297279916375001 -0.003848944804243123 0.0017775750503705074 -1.578090226923285e-05 -0.003501242889022386 0.002239042499979191
leaf_weight=28 27 22 32 43 85 36 93 110 27 34
leaf_count=28 27 22 32 43 85 36 93 110 27 34
internal_value=0 0.00010247 -0.000592033 0.000518301 0.00124917 -0.00112989 0.000341503 -6.63934e-06 -0.000702697 0.000448915
internal_weight=0 510 191 319 221 98 178 169 137 62
internal_count=537 510 191 319 221 98 178 169 137 62
is_linear=0
shrinkage=0.1


Tree=259
num_leaves=9
num_cat=0
split_feature=39 32 29 13 29 33 103 22
split_gain=0.010673 0.0280636 0.0194947 0.0384801 0.029947 0.0525533 0.036099 0.0160299
threshold=6.6240431818084256 6.2841271995609906 5.2417330174952186 5.0937313815282925 4.5107991236896536 3.8064155152036787 5.2310943182715759 6.4296986659514745
decision_type=2 2 2 2 2 2 2 2
left_child=1 2 4 -4 5 -1 -6 -5
right_child=-2 -3 3 7 6 -7 -8 -9
leaf_value=-0.00039177997561055234 0.0019764229619445707 -0.0027530257093776773 0.0047916417222004385 -0.0020328910354609517 -0.0035962969017196071 0.0027435929097705146 0.00060860099474666649 0.0016682285200804474
leaf_weight=250 26 37 25 22 49 68 35 25
leaf_count=250 26 37 25 22 49 68 35 25
internal_value=0 -0.000100562 0.000106487 0.00162185 -0.000164921 0.000278677 -0.00184426 -6.42104e-05
internal_weight=0 511 474 72 402 318 84 47
internal_count=537 511 474 72 402 318 84 47
is_linear=0
shrinkage=0.1


Tree=260
num_leaves=13
num_cat=0
split_feature=87 89 87 80 42 97 1 22 36 87 26 85
split_gain=0.00962261 0.0312693 0.020209 0.0655944 0.0356752 0.0232652 0.0641365 0.0883628 0.0374144 0.0460063 0.0379793 0.015644
threshold=0.61999328884387495 0.48190581166818841 0.4273144917421744 0.39469813929544045 4.7790881836238563 3.4498615536424366 2.8029010331479989 4.5053345884235583 3.9701138825728512 0.087299755977354856 4.0247135285553481 0.028591544580251347
decision_type=2 2 2 2 2 2 2 2 2 2 2 2
left_child=2 -2 5 4 -4 6 7 -1 10 -10 -7 -3
right_child=1 11 3 -5 -6 8 -8 -9 9 -11 -12 -13
leaf_value=0.0028143026739020239 -0.0031286984375727025 0.002026822766492842 0.00077326851751422518 -0.0023174017102324538 0.0059459259708334392 -0.00015810061330822384 -0.0047166822578858687 -0.0032770605480653193 0.00055080501384509263 -0.003525145804936377 0.0044248820711800365 -0.0014372243143787439
leaf_weight=55 38 32 24 28 30 33 37 42 120 36 40 22
leaf_count=55 38 32 24 28 30 33 37 42 120 36 40 22
internal_value=0 -0.000930991 0.000192474 0.00161035 0.00364697 -0.000127818 -0.00117438 0.000176805 0.000484582 -0.000389799 0.00235312 0.000615544
internal_weight=0 92 445 82 54 363 134 97 229 156 73 54
internal_count=537 92 445 82 54 363 134 97 229 156 73 54
is_linear=0
shrinkage=0.1


Tree=261
num_leaves=10
num_cat=0
split_feature=88 22 16 88 14 40 42 60 71
split_gain=0.0098557 0.0264634 0.0271998 0.0191124 0.0198854 0.0383412 0.0555926 0.0364755 0.0168799
threshold=0.643176865477746 4.2625806805327082 5.1873702005911486 0.60178126964073586 3.3667009459186801 2.191013317336941 4.1742689126930488 2.5003976869071418 4.0942056540395164
decision_type=2 2 2 2 2 2 2 2 2
left_child=3 -2 -3 4 5 -1 -7 -6 -9
right_child=1 2 -4 -5 7 6 -8 8 -10
leaf_value=0.00095744414819008044 0.0038020288106054068 -0.0025978834042325615 0.0019401951659736888 -0.0029226384898114097 0.004244258496592837 -0.0069817931560630158 4.957136508259598e-05 0.00036431713476353748 -0.0015265046339073595
leaf_weight=37 24 25 28 24 22 22 23 275 57
leaf_count=37 24 25 28 24 22 22 23 275 57
internal_value=0 0.0010471 -0.000200408 -0.000175276 -2.40453e-05 -0.00142724 -0.00338798 0.000300989 3.96881e-05
internal_weight=0 77 53 460 436 82 45 354 332
internal_count=537 77 53 460 436 82 45 354 332
is_linear=0
shrinkage=0.1


Tree=262
num_leaves=12
num_cat=0
split_feature=47 14 5 44 34 49 68 17 68 20 88
split_gain=0.00984719 0.0339795 0.0347778 0.0230562 0.0552274 0.0921157 0.0407952 0.0705037 0.0539377 0.0255815 0.0219722
threshold=1.0397207708399181 5.1179758838799021 2.5619819897016298 2.9174053685313028 4.7229433450037179 2.9430520157250784 4.6102843803351883 2.191013317336941 4.8074719518177291 2.602003343538398 0.52321968561337051
decision_type=2 2 2 2 2 2 2 2 2 2 2
left_child=1 2 -1 4 5 -2 7 -5 -8 -7 -10
right_child=3 -3 -4 6 -6 9 8 -9 10 -11 -12
leaf_value=0.0031119396016001701 -0.0049160330372008815 -0.004370638808574189 -0.0015988503527339726 -0.006613693373277784 0.0057110830656408023 0.0048787117470055824 0.004772561732679606 6.4459138246642989e-05 -0.0006656966218252893 0.00043943069737266616 0.0014143439531159986
leaf_weight=25 24 22 42 25 24 25 25 43 185 27 70
leaf_count=25 24 22 42 25 24 25 25 43 185 27 70
internal_value=0 -0.000960756 0.000158907 0.000190864 0.00152914 0.000208521 -0.000193696 -0.00239074 0.000339872 0.0025737 -9.47051e-05
internal_weight=0 89 67 448 100 76 348 68 280 52 255
internal_count=537 89 67 448 100 76 348 68 280 52 255
is_linear=0
shrinkage=0.1


Tree=263
num_leaves=16
num_cat=0
split_feature=92 63 50 33 47 35 98 65 89 47 89 89 49 44 99
split_gain=0.0104054 0.0264572 0.0596137 0.0246526 0.0153869 0.046741 0.0498959 0.0426931 0.0299612 0.0241072 0.0503756 0.0392195 0.0705977 0.0265454 0.0150096
threshold=5.3895524099708947 6.1483861063884087 5.0172579074712669 5.9053284366375065 4.9199542854466296 4.9199542854466296 3.7609296261008152 4.8243246844371486 0.047229846454033005 2.8029010331479989 0.60571776751115258 0.56689715819657438 1.5890269151739729 2.6735537653587347 1.7005986908310777
decision_type=2 2 2 2 2 2 2 2 2 2 2 2 2 2 2
left_child=4 2 14 -3 9 -6 8 -8 -7 11 13 12 -1 -11 -2
right_child=1 3 -4 -5 5 6 7 -9 -10 10 -12 -13 -14 -15 -16
leaf_value=-0.0050323184824568072 0.0017667599035820995 -0.0011332477913432134 -0.0057153417075622003 0.003448285178645798 0.004935034103912655 0.00058243100263228242 0.0056977867523370232 -0.00027209117263555529 -0.0039659161244829499 0.0022563113085925578 -0.0054245551238241404 0.003613693143207846 0.0010717691241168522 -0.001270114617482004 -0.001542115950924826
leaf_weight=24 26 24 27 23 26 28 23 25 30 30 23 35 90 74 29
leaf_count=24 26 24 27 23 26 28 23 25 30 30 23 35 90 74 29
internal_value=0 -0.000782847 -0.00186707 0.00110878 0.000247518 0.00113552 0.00020356 0.00258848 -0.00177016 -0.000177178 -0.00118948 0.000685657 -0.000213302 -0.000252876 2.20799e-05
internal_weight=0 129 82 47 408 132 106 48 58 276 127 149 114 104 55
internal_count=537 129 82 47 408 132 106 48 58 276 127 149 114 104 55
is_linear=0
shrinkage=0.1


Tree=264
num_leaves=7
num_cat=0
split_feature=69 56 89 49 49 60
split_gain=0.00988146 0.0185976 0.0135867 0.0144808 0.0442254 0.0228343
threshold=1.5138613836196224 0.80471895621705036 0.68312215049854697 4.9904094477362264 4.3437210834879627 6.4721530577835207
decision_type=2 2 2 2 2 2
left_child=-1 -2 3 4 -3 -5
right_child=1 2 -4 5 -6 -7
leaf_value=-0.0018643460635320045 0.0028774186401911406 4.4934058882972751e-05 0.0021476311617772336 0.0013630866611228241 -0.0029317567425389446 -0.0016719705454306677
leaf_weight=27 23 256 27 110 62 32
leaf_count=27 23 256 27 110 62 32
internal_value=0 9.87007e-05 -3.25324e-05 -0.000160499 -0.000535427 0.00067913
internal_weight=0 510 487 460 318 142
internal_count=537 510 487 460 318 142
is_linear=0
shrinkage=0.1


Tree=265
num_leaves=14
num_cat=0
split_feature=31 29 33 31 30 49 30 85 23 15 21 14 44
split_gain=0.010067 0.0420935 0.0501228 0.0299618 0.0277532 0.0680913 0.0545108 0.0248738 0.0244685 0.0367791 0.0185627 0.0175178 0.0172669
threshold=5.3981524641123215 4.5107991236896536 3.8064155152036787 4.1742689126930488 4.5746578350692051 1.5890269151739729 5.081385075233106 0.38776643541680028 5.9188794015264019 5.9427959306635048 4.6150714996361826 5.9026184029028368 5.9814014572911871
decision_type=2 2 2 2 2 2 2 2 2 2 2 2 2
left_child=1 2 4 -4 5 -1 -6 -3 10 -10 -2 -12 -11
right_child=8 7 3 -5 6 -7 -8 -9 9 12 11 -13 -14
leaf_value=-0.0047416013256623979 -0.00049057338882171875 -0.0044232695163892851 0.0055324990855297081 0.00094505834226895659 0.002934952460187064 4.8305865620141447e-06 -0.0020703374987028332 -0.00042448341680158464 -0.0037543250024318696 -0.00051986638050621899 0.0046591549729263146 0.0011524465545366624 0.0028892359599315873
leaf_weight=41 23 35 24 35 55 115 36 28 25 39 28 29 24
leaf_count=41 23 35 24 35 55 115 36 28 25 39 28 29 24
internal_value=0 -0.000292149 0.000192474 0.00281114 -0.000433036 -0.00124263 0.000954838 -0.00264603 0.000641684 -0.000508991 0.00190743 0.00287504 0.000778839
internal_weight=0 369 306 59 247 156 91 63 168 88 80 57 63
internal_count=537 369 306 59 247 156 91 63 168 88 80 57 63
is_linear=0
shrinkage=0.1


Tree=266
num_leaves=11
num_cat=0
split_feature=84 34 65 38 25 31 25 92 32 47
split_gain=0.00999825 0.0145666 0.0415513 0.0409683 0.018859 0.0323935 0.0254169 0.0175876 0.0325573 0.0264415
threshold=0.68497705806044296 5.1298812082267613 3.3906709696505053 5.081385075233106 4.8751681865209777 5.8550678171289681 4.234001473612734 5.3754770850277627 2.602003343538398 4.7094896185437563
decision_type=2 2 2 2 2 2 2 2 2 2
left_child=1 3 -3 7 6 -6 -4 9 -9 -1
right_child=-2 2 4 -5 5 -7 -8 8 -10 -11
leaf_value=3.7985060617858026e-05 -0.0017738549369581355 0.0048358341440854768 0.00069000958106838753 -0.0040755311141428717 0.0029737940113991499 -0.0002787668432758921 -0.0030808285559143053 0.00061154794879257678 -0.0043299089503610359 0.0036387195810675625
leaf_weight=180 30 22 39 27 50 79 33 30 24 23
leaf_count=180 30 22 39 27 50 79 33 30 24 23
internal_value=0 0.000104962 0.000709859 -0.00037001 0.000258259 0.000981916 -0.00103829 1.92859e-05 -0.00158466 0.00044595
internal_weight=0 507 223 284 201 129 72 257 54 203
internal_count=537 507 223 284 201 129 72 257 54 203
is_linear=0
shrinkage=0.1


Tree=267
num_leaves=8
num_cat=0
split_feature=45 30 34 69 25 23 16
split_gain=0.00956982 0.0330689 0.0129446 0.0401584 0.034044 0.0300117 0.0184185
threshold=6.6957064688540546 6.9205891523564267 5.1298812082267613 1.6278160031286226 3.0201273556387074 4.7621374077860157 3.1567740231385479
decision_type=2 2 2 2 2 2 2
left_child=1 2 3 -1 -4 -6 -5
right_child=-2 -3 4 6 5 -7 -8
leaf_value=-0.0042608044226653879 0.0019956410660044006 -0.0037952977767576079 0.0041541392579674723 0.00093515513229042993 -0.0023204688843327099 0.00088427318695584217 -0.00073838202007289917
leaf_weight=24 23 23 25 119 37 139 147
leaf_count=24 23 23 25 119 37 139 147
internal_value=0 -8.92991e-05 8.43016e-05 -0.000343166 0.000701045 0.000210549 1.03057e-05
internal_weight=0 514 491 290 201 176 266
internal_count=537 514 491 290 201 176 266
is_linear=0
shrinkage=0.1


Tree=268
num_leaves=7
num_cat=0
split_feature=26 44 40 26 34 104
split_gain=0.0105947 0.0314206 0.0120615 0.0138042 0.0269066 0.0265506
threshold=7.0021555404279701 6.5452010056581358 6.1333956902824402 6.0330833463930107 5.609465086342035 3.5114340430413216
decision_type=2 2 2 2 2 2
left_child=1 2 3 4 -1 -5
right_child=-2 -3 -4 5 -6 -7
leaf_value=-0.00017016802817976533 0.0018590459190630194 -0.0037175830210680553 0.0023528887784447184 -0.0031590103196827441 0.0021567337198889459 0.0012504841015801172
leaf_weight=347 29 23 22 36 58 22
leaf_count=347 29 23 22 36 58 22
internal_value=0 -0.000106127 6.51383e-05 -4.35669e-05 0.000163067 -0.00148644
internal_weight=0 508 485 463 405 58
internal_count=537 508 485 463 405 58
is_linear=0
shrinkage=0.1


Tree=269
num_leaves=9
num_cat=0
split_feature=87 87 80 61 57 67 60 46
split_gain=0.00899951 0.026191 0.0314852 0.0143495 0.0174224 0.0267256 0.027343 0.0130676
threshold=0.61999328884387495 0.65067597158102009 0.65632766107589224 0.89643595048923086 0.75388101988667378 3.2951505240983434 3.54441302693722 4.7578820629520608
decision_type=2 2 2 2 2 2 2 2
left_child=3 -2 7 -1 -5 -6 -7 -3
right_child=1 2 -4 4 5 6 -8 -9
leaf_value=0.0025136588842142376 -0.0038227620210660542 0.00032372410324486823 0.0030947475937073646 -0.0026918281197801913 0.0032365992798952868 -0.0021249094153732448 0.00032843523356333558 -0.0030503845424391333
leaf_weight=25 23 22 23 22 27 53 318 24
leaf_count=25 23 22 23 22 27 53 318 24
internal_value=0 -0.000900344 7.37956e-05 0.000186139 4.75956e-05 0.000199021 -2.20426e-05 -0.00143668
internal_weight=0 92 69 445 420 398 371 46
internal_count=537 92 69 445 420 398 371 46
is_linear=0
shrinkage=0.1


Tree=270
num_leaves=7
num_cat=0
split_feature=96 10 10 12 99 23
split_gain=0.00915382 0.020415 0.0291081 0.0351456 0.0254432 0.0168802
threshold=7.0473947110756514 6.7320053855989617 6.2393002351051399 5.8550678171289681 3.1984648276080736 5.9188794015264019
decision_type=2 2 2 2 2 2
left_child=1 2 3 5 -4 -1
right_child=-2 -3 4 -5 -6 -7
leaf_value=0.00017507891829674399 -0.0016680477630166759 0.0030814713682048023 -0.0045706984922289848 0.0039521051076008007 -0.00010269014103239616 -0.0025583911881161235
leaf_weight=385 31 22 25 24 26 24
leaf_count=385 31 22 25 24 26 24
internal_value=0 0.000102193 -3.32291e-05 0.00023292 -0.00229289 1.46797e-05
internal_weight=0 506 484 433 51 409
internal_count=537 506 484 433 51 409
is_linear=0
shrinkage=0.1


Tree=271
num_leaves=7
num_cat=0
split_feature=35 30 30 32 32 57
split_gain=0.0091111 0.0301773 0.0115749 0.0172867 0.016182 0.0144947
threshold=6.6950642080078762 6.6883353279854534 6.2265054227050509 5.8550678171289681 5.0995688973185436 4.289762954876104
decision_type=2 2 2 2 2 2
left_child=1 2 3 4 -1 -4
right_child=-2 -3 5 -5 -6 -7
leaf_value=-0.00020350202688596388 0.0019929228138855916 -0.0034740824010223155 -4.1889845575766502e-05 -0.0026298508271574974 0.0014640587773049319 0.0033743105929992766
leaf_weight=345 22 25 27 25 70 23
leaf_count=345 22 25 27 25 70 23
internal_value=0 -8.51346e-05 8.77709e-05 -7.6069e-05 7.77733e-05 0.00152956
internal_weight=0 515 490 440 415 50
internal_count=537 515 490 440 415 50
is_linear=0
shrinkage=0.1


Tree=272
num_leaves=7
num_cat=0
split_feature=26 26 84 88 38 88
split_gain=0.0095369 0.0251016 0.0134593 0.0110654 0.0307385 0.0248651
threshold=7.0021555404279701 6.4952609922484532 0.67644775793055045 0.643176865477746 4.465842055365858 0.56926050640888715
decision_type=2 2 2 2 2 2
left_child=1 2 3 5 -5 -1
right_child=-2 -3 -4 4 -6 -7
leaf_value=-8.9168118768092767e-06 0.0017637998451767809 -0.0029575423180960634 0.0022848869333616816 0.0039035059716552496 -0.00056639665010152387 -0.0028401107424596214
leaf_weight=354 29 29 26 25 40 34
leaf_count=354 29 29 26 25 40 34
internal_value=0 -0.000100689 7.22725e-05 -5.47208e-05 0.0011528 -0.000257011
internal_weight=0 508 479 453 65 388
internal_count=537 508 479 453 65 388
is_linear=0
shrinkage=0.1


Tree=273
num_leaves=10
num_cat=0
split_feature=19 27 5 53 21 32 31 42 9
split_gain=0.00822495 0.0457088 0.0424447 0.0554174 0.0418587 0.0346885 0.0333409 0.0239264 0.0174394
threshold=2.3937458713910238 2.524928003624769 2.8029010331479989 2.8477523405893534 2.3502401828962087 2.3937458713910238 2.8029010331479989 2.3937458713910238 1.0397207708399181
decision_type=2 2 2 2 2 2 2 2 2
left_child=2 -2 3 5 -4 -1 -3 -8 -9
right_child=1 6 4 -5 -6 -7 7 8 -10
leaf_value=-0.0033486049370064089 0.0039839166868478066 -0.0037618208243815308 -0.0060120822536797883 0.0048628631440173513 -0.00016532155219465495 0.0012555809242055856 0.003361314508682964 -0.0027648617545227437 0.00015138015363038525
leaf_weight=30 30 23 24 23 25 36 22 22 302
leaf_count=30 30 23 24 23 25 36 22 22 302
internal_value=0 0.000230161 -0.000665467 0.000635827 -0.00302904 -0.000837231 -7.5022e-05 0.000170054 -4.66363e-05
internal_weight=0 399 138 89 49 66 369 346 324
internal_count=537 399 138 89 49 66 369 346 324
is_linear=0
shrinkage=0.1


Tree=274
num_leaves=8
num_cat=0
split_feature=22 18 24 68 66 86 24
split_gain=0.00765684 0.0355061 0.0266203 0.020687 0.0160069 0.013422 0.0244379
threshold=6.5087680264540815 6.212604087723423 5.9635760393734838 5.8729564318206142 5.648949440878984 0.67986905584219193 1.5890269151739729
decision_type=2 2 2 2 2 2 2
left_child=1 3 -3 5 -2 6 -1
right_child=4 2 -4 -5 -6 -7 -8
leaf_value=0.0016609204312399346 0.0024666410830190325 -0.00046770655220219242 -0.0052835067559830022 0.0030692415129717279 -0.00099511601835150618 -0.0021260997680656148 -0.00027717372203946573
leaf_weight=83 34 24 22 23 22 28 301
leaf_count=83 34 24 22 23 22 28 301
internal_value=0 -0.000128842 -0.00277092 0.000150549 0.00110667 -1.23876e-05 0.000141737
internal_weight=0 481 46 435 56 412 384
internal_count=537 481 46 435 56 412 384
is_linear=0
shrinkage=0.1


Tree=275
num_leaves=11
num_cat=0
split_feature=87 87 85 87 80 42 53 98 60 89
split_gain=0.00759536 0.0223061 0.0275795 0.0141673 0.0429216 0.0273762 0.0197854 0.0170026 0.0837915 0.0462574
threshold=0.61999328884387495 0.65067597158102009 0.028591544580251347 0.4273144917421744 0.39469813929544045 4.7790881836238563 4.5907729545642093 2.191013317336941 3.5706885372919874 0.55970362904636928
decision_type=2 2 2 2 2 2 2 2 2 2
left_child=3 -2 -3 6 5 -5 7 9 -9 -1
right_child=1 2 -4 4 -6 -7 -8 8 -10 -11
leaf_value=0.0015066553545817372 -0.003524113790658505 0.0017240388443829809 -0.00234738684957847 0.00048825800186023119 -0.0018190698174294084 0.0050195034608865778 0.0020942568791577141 -0.0062210537349948521 -0.00012544869759842508 -0.0031434379017877359
leaf_weight=103 23 41 28 24 28 30 37 26 170 27
leaf_count=103 23 41 28 24 28 30 37 26 170 27
internal_value=0 -0.000827129 7.18661e-05 0.000171002 0.00135816 0.00300562 -9.71722e-05 -0.000345893 -0.000934049 0.000540867
internal_weight=0 92 69 445 82 54 363 326 196 130
internal_count=537 92 69 445 82 54 363 326 196 130
is_linear=0
shrinkage=0.1


Tree=276
num_leaves=8
num_cat=0
split_feature=10 27 16 28 22 22 89
split_gain=0.00766805 0.0284986 0.0265315 0.0154418 0.0259366 0.0213576 0.0106286
threshold=6.2393002351051399 5.4595764601916565 5.948031580597152 5.948031580597152 5.7429826416937235 5.1416464569318583 0.2914098791825106
decision_type=2 2 2 2 2 2 2
left_child=2 -2 3 4 5 -1 -3
right_child=1 6 -4 -5 -6 -7 -8
leaf_value=0.00024957608865837469 -0.0036375658785870583 -0.0007728171242444322 0.0034112547344799776 -0.0024176898784935476 0.0025925320186592545 -0.001746766963818421 0.0017044369679281553
leaf_weight=285 26 43 24 25 39 66 29
leaf_count=285 26 43 24 25 39 66 29
internal_value=0 -0.000799788 0.00017854 -8.41189e-06 0.000146029 -0.000125805 0.000224966
internal_weight=0 98 439 415 390 351 72
internal_count=537 98 439 415 390 351 72
is_linear=0
shrinkage=0.1


Tree=277
num_leaves=12
num_cat=0
split_feature=34 88 64 46 31 45 7 24 67 48 28
split_gain=0.00760633 0.0112611 0.0329285 0.0282255 0.0506093 0.0398183 0.025965 0.0243811 0.0227018 0.0221853 0.0134187
threshold=7.0996144550911771 0.32237371114682284 2.4203406930554818 4.1742689126930488 2.3937458713910238 2.191013317336941 1.9356005054539456 3.9701138825728512 5.799074288650317 4.6150714996361826 2.602003343538398
decision_type=2 2 2 2 2 2 2 2 2 2 2
left_child=1 3 -3 5 -5 10 -6 9 -9 -4 -1
right_child=-2 2 7 4 6 -7 -8 8 -10 -11 -12
leaf_value=0.0024719659187562339 -0.0017031990848481657 -0.0041626820150254809 0.00014945571635698165 0.0048738371472184863 -0.0023556005060007528 -0.003252122497462213 0.00093219455703714114 -0.0031182590351604366 2.410298858565921e-05 0.0040537610411940312 -0.00080707886105907769
leaf_weight=26 25 22 43 30 28 43 169 34 71 22 24
leaf_count=26 25 22 43 30 28 43 169 34 71 22 24
internal_value=0 8.3164e-05 -0.000522287 0.000446435 0.00104757 -0.00102086 0.000464894 -5.11774e-05 -0.000993424 0.00147091 0.000898024
internal_weight=0 512 192 320 227 93 197 170 105 65 50
internal_count=537 512 192 320 227 93 197 170 105 65 50
is_linear=0
shrinkage=0.1


Tree=278
num_leaves=10
num_cat=0
split_feature=37 61 89 60 20 39 47 37 36
split_gain=0.00696018 0.0428584 0.0432237 0.0402464 0.0287002 0.0217569 0.0145981 0.0267321 0.0194086
threshold=1.8688348091416844 1.6600138229157391 0.30486309676337192 1.1386336425048782 2.191013317336941 1.0397207708399181 2.8029010331479989 3.4334666422309414 3.8499212036984933
decision_type=2 2 2 2 2 2 2 2 2
left_child=1 -1 5 -2 -5 -3 8 -8 -6
right_child=3 2 -4 4 6 -7 7 -9 -10
leaf_value=-0.0046599831736371432 0.0040905902828089896 -0.0031231952276464334 0.0028434598463205384 -0.0031329310465870162 0.0029925599957718271 0.00042861708207055928 -0.0023746142339157155 0.00029996484831386745 -0.00063985380402300509
leaf_weight=22 25 34 39 28 38 35 44 248 24
leaf_count=22 25 34 39 28 38 35 44 248 24
internal_value=0 -0.000637013 0.000182481 0.000203469 -5.09241e-05 -0.00132155 0.00019285 -0.000103054 0.00158646
internal_weight=0 130 108 407 382 69 354 292 62
internal_count=537 130 108 407 382 69 354 292 62
is_linear=0
shrinkage=0.1


Tree=279
num_leaves=8
num_cat=0
split_feature=88 22 16 88 68 64 27
split_gain=0.00730653 0.01861 0.0160482 0.0129619 0.0133184 0.0223993 0.0198252
threshold=0.643176865477746 4.2625806805327082 5.1873702005911486 0.60178126964073586 3.46163845539213 2.3902615367329769 1.5890269151739729
decision_type=2 2 2 2 2 2 2
left_child=3 -2 -3 4 -1 -6 -7
right_child=1 2 -4 -5 5 6 -8
leaf_value=0.0022635745224154863 0.0032118281252526992 -0.0019861311642453074 0.0014996673728871559 -0.0024134414699801712 -0.003124455280097512 0.001801359047682059 -0.00026380517549637127
leaf_weight=24 24 25 28 24 24 54 334
leaf_count=24 24 25 28 24 24 54 334
internal_value=0 0.000901575 -0.000144577 -0.000150916 -2.63731e-05 -0.000159768 2.36146e-05
internal_weight=0 77 53 460 436 412 388
internal_count=537 77 53 460 436 412 388
is_linear=0
shrinkage=0.1


Tree=280
num_leaves=12
num_cat=0
split_feature=21 34 57 32 67 17 83 9 17 26 13
split_gain=0.00748712 0.0311013 0.0557005 0.0318877 0.0247473 0.0244654 0.0229844 0.0158096 0.0205264 0.019659 0.0193186
threshold=2.3502401828962087 5.1179758838799021 1.0374361727265249 2.6735537653587347 5.0562255201382529 2.191013317336941 1.0877422901886167 2.6735537653587347 3.5549397315361362 4.0247135285553481 3.1132683346437333
decision_type=2 2 2 2 2 2 2 2 2 2 2
left_child=1 2 -1 6 -5 -2 -4 -7 10 -10 -9
right_child=5 -3 3 4 -6 7 -8 8 9 -11 -12
leaf_value=-0.0056604719417088709 0.0033230473731236999 0.0028638656483963134 0.0031901062661481485 -0.0046128986413929273 7.842139280198709e-05 -0.0021333018798501261 -0.00080077048753284745 -7.3284239245011767e-05 -0.0026205676907141294 0.00017085207693276507 0.0038380990353679024
leaf_weight=23 24 22 31 22 23 31 27 23 28 255 28
leaf_count=23 24 22 31 22 23 31 27 23 28 255 28
internal_value=0 -0.000605361 -0.0012111 -0.000217549 -0.00221511 0.000230317 0.00133228 2.69596e-05 0.000227463 -0.000105331 0.00207414
internal_weight=0 148 126 103 45 389 58 365 334 283 51
internal_count=537 148 126 103 45 389 58 365 334 283 51
is_linear=0
shrinkage=0.1


Tree=281
num_leaves=14
num_cat=0
split_feature=98 89 6 98 6 96 33 57 50 24 16 35 103
split_gain=0.00753437 0.0372002 0.029626 0.0215802 0.0559716 0.0392944 0.0433315 0.0243884 0.0207095 0.0197764 0.0263452 0.0139075 0.00848098
threshold=2.191013317336941 1.0000000180025095e-35 3.9316333620047872 3.6105525490912482 4.9089648320872419 5.2469686674288658 3.1132683346437333 3.3546478167171538 1.9356005054539456 1.0397207708399181 2.602003343538398 3.0201273556387074 3.4175922930736511
decision_type=2 2 2 2 2 2 2 2 2 2 2 2 2
left_child=1 9 -2 5 -5 6 -4 -6 -3 -1 -11 -10 -12
right_child=2 8 3 4 7 -7 -8 -9 11 10 12 -13 -14
leaf_value=0.0043229221119545401 -0.0032286770536654424 -0.0027774236669453486 -0.0031824714002700958 0.0053094122199002997 -0.0020554623131950698 -0.0049909210933203052 0.0021750000069813624 0.00057434302196638699 0.0017324703227308011 -0.0016394293498403084 0.0038054946010284453 -0.0012878172875692448 0.0010898433775013395
leaf_weight=25 31 36 26 22 45 22 36 163 31 24 23 30 23
leaf_count=25 31 36 26 22 45 22 36 163 31 24 23 30 23
internal_value=0 0.000502106 -0.000279433 1.17346e-05 0.000512736 -0.00136005 -7.16816e-05 5.39475e-06 -0.000875414 0.00190863 0.00104638 0.000247083 0.00244767
internal_weight=0 192 345 314 230 84 62 208 97 95 70 61 46
internal_count=537 192 345 314 230 84 62 208 97 95 70 61 46
is_linear=0
shrinkage=0.1


Tree=282
num_leaves=7
num_cat=0
split_feature=96 9 10 16 84 84
split_gain=0.00749562 0.0139701 0.0265457 0.0267481 0.0216883 0.0202833
threshold=7.0473947110756514 6.2343799673713169 6.2393002351051399 6.1779096781959764 0.64270603399980974 0.59568755307578192
decision_type=2 2 2 2 2 2
left_child=1 2 4 -4 5 -1
right_child=-2 -3 3 -5 -6 -7
leaf_value=0.00017501750670846614 -0.0015094230130700689 0.0022234783975551998 -0.0045315204093349165 0.00019382240716367961 0.0025980557062264004 -0.0029498692847978836
leaf_weight=372 31 29 25 23 35 22
leaf_count=372 31 29 25 23 35 22
internal_value=0 9.24745e-05 -3.70833e-05 -0.00226729 0.000212451 5.31442e-07
internal_weight=0 506 477 48 429 394
internal_count=537 506 477 48 429 394
is_linear=0
shrinkage=0.1


Tree=283
num_leaves=9
num_cat=0
split_feature=84 37 89 61 61 28 20 31
split_gain=0.00773785 0.00892429 0.0356194 0.0475011 0.0292766 0.0175423 0.0171752 0.0109962
threshold=0.68497705806044296 1.5890269151739731 0.55227231719656278 3.6966363369110202 0.85184371294609129 3.7132745361986528 2.191013317336941 6.1246809968142868
decision_type=2 2 2 2 2 2 2 2
left_child=1 2 3 -1 -3 -5 -6 -8
right_child=-2 4 -4 5 6 -7 7 -9
leaf_value=-0.0046064012457945327 -0.0015605093763830763 0.00385759312405505 0.0024409642934592234 0.0021906961235799828 -0.0018014844340671387 -0.0016327264359764133 0.00059049603814533285 -0.00099209571221413524
leaf_weight=34 30 22 27 24 42 24 282 52
leaf_count=34 30 22 27 24 42 24 282 52
internal_value=0 9.23378e-05 -0.000709361 -0.00174666 0.000311899 0.000278985 0.000104438 0.000344105
internal_weight=0 507 109 82 398 48 376 334
internal_count=537 507 109 82 398 48 376 334
is_linear=0
shrinkage=0.1


Tree=284
num_leaves=8
num_cat=0
split_feature=45 41 1 5 95 51 34
split_gain=0.00743151 0.0235406 0.00847412 0.032213 0.0251126 0.0285794 0.0180328
threshold=6.6957064688540546 6.3117199868476508 4.1266138227908868 4.1266138227908868 4.007167868649713 3.0433873634561537 6.1779355053092848
decision_type=2 2 2 2 2 2 2
left_child=1 2 4 -4 5 -1 -5
right_child=-2 -3 3 6 -6 -7 -8
leaf_value=0.00082800616494994742 0.0017586081369739513 -0.0032790487991984593 0.0038214455376594115 -0.00045473056050397719 -0.0029500489712518175 -0.0015444159379081899 0.0017147890465732383
leaf_weight=153 23 22 26 154 32 76 51
leaf_count=153 23 22 26 154 32 76 51
internal_value=0 -7.86926e-05 6.44128e-05 0.000505555 -0.000326024 4.06521e-05 8.50036e-05
internal_weight=0 514 492 231 261 229 205
internal_count=537 514 492 231 261 229 205
is_linear=0
shrinkage=0.1


Tree=285
num_leaves=7
num_cat=0
split_feature=26 44 99 19 5 27
split_gain=0.00712258 0.0233391 0.00920476 0.0115037 0.0365606 0.0348597
threshold=7.0021555404279701 6.5452010056581358 4.007167868649713 2.3937458713910238 2.8029010331479989 2.8029010331479989
decision_type=2 2 2 2 2 2
left_child=1 2 3 4 -1 -5
right_child=-2 -3 -4 5 -6 -7
leaf_value=0.00058634047006685922 0.0015242792128039332 -0.0031995685973569103 -0.0019379582970445468 0.003460395463833785 -0.0028377977798906312 0.00012005915486702258
leaf_weight=89 29 23 22 35 48 291
leaf_count=89 29 23 22 35 48 291
internal_value=0 -8.70159e-05 6.05897e-05 0.000155553 -0.000613358 0.000478684
internal_weight=0 508 485 463 137 326
internal_count=537 508 485 463 137 326
is_linear=0
shrinkage=0.1


Tree=286
num_leaves=7
num_cat=0
split_feature=40 32 30 36 40 32
split_gain=0.00691616 0.0272989 0.0102252 0.0230439 0.0162791 0.0132888
threshold=6.5984756171974519 6.2841271995609906 6.2265054227050509 5.8888741216379641 5.948031580597152 5.0995688973185436
decision_type=2 2 2 2 2 2
left_child=1 2 4 -4 5 -1
right_child=-2 -3 3 -5 -6 -7
leaf_value=-0.00015318731737984901 0.0015020283757998 -0.0030118803540244701 -0.00073802085297012881 0.0038389890354169026 -0.0026383319302745491 0.0013955688580277971
leaf_weight=345 29 30 22 22 23 66
leaf_count=345 29 30 22 22 23 66
internal_value=0 -8.57457e-05 9.79029e-05 0.00155048 -4.93634e-05 9.55181e-05
internal_weight=0 508 478 44 434 411
internal_count=537 508 478 44 434 411
is_linear=0
shrinkage=0.1


Tree=287
num_leaves=10
num_cat=0
split_feature=30 20 46 44 44 44 36 32 10
split_gain=0.00716475 0.0534343 0.0477761 0.0375792 0.0270577 0.0274315 0.0135279 0.0130215 0.0138427
threshold=5.0172579074712669 2.9700856263602158 5.272986409146923 4.6001450180613412 3.4334666422309414 2.9174053685313028 4.2045812236012674 4.6727851606181448 6.2393002351051399
decision_type=2 2 2 2 2 2 2 2 2
left_child=2 -2 3 4 5 -1 -3 -8 -9
right_child=1 6 -4 -5 -6 -7 7 8 -10
leaf_value=0.00043521280584981372 -0.0048671499399157861 0.0022332855536100959 0.004275451570616237 -0.0036795800506996997 0.0028466979804862708 -0.0027612733781676403 -0.002486787443790077 0.00073762741731861459 -0.00098168896970731259
leaf_weight=144 24 26 28 26 36 33 22 122 76
leaf_count=144 24 26 28 26 36 33 22 122 76
internal_value=0 -0.000363234 0.000367316 -9.05411e-05 0.000347558 -0.000160742 7.61719e-05 -0.00017876 7.76878e-05
internal_weight=0 270 267 239 213 177 246 220 198
internal_count=537 270 267 239 213 177 246 220 198
is_linear=0
shrinkage=0.1


Tree=288
num_leaves=9
num_cat=0
split_feature=80 41 53 80 2 103 42 41
split_gain=0.00691987 0.0210338 0.0332014 0.0201223 0.0160228 0.0295807 0.0239012 0.0165826
threshold=1.5427436621996165 5.3518469026947413 2.6684565809064806 0.97575882019212934 1.5890269151739729 2.602003343538398 5.36580129675328 4.9904094477362264
decision_type=2 2 2 2 2 2 2 2
left_child=3 2 -2 4 -1 6 -6 -7
right_child=1 -3 -4 -5 5 7 -8 -9
leaf_value=-0.0018730038159779591 -0.00062585897244779132 -0.0016963234368281869 0.0036166963282411391 -0.0028160046216928296 0.0049748402300544767 -0.00060865345635997641 0.00031346916551807562 0.00092262696633462415
leaf_weight=41 35 26 39 27 22 221 22 104
leaf_count=41 35 26 39 27 22 221 22 104
internal_value=0 0.000750417 0.00161008 -0.00017172 2.41571e-06 0.000210796 0.00264415 -0.000118644
internal_weight=0 100 74 437 410 369 44 325
internal_count=537 100 74 437 410 369 44 325
is_linear=0
shrinkage=0.1


Tree=289
num_leaves=8
num_cat=0
split_feature=95 92 61 104 53 20 26
split_gain=0.00715076 0.0471624 0.029244 0.0121012 0.0182937 0.0130512 0.0065876
threshold=1.0397207708399181 5.2625879854713267 0.89643595048923086 1.0000000180025095e-35 0.70808679187955681 2.191013317336941 4.6913057964583187
decision_type=2 2 2 2 2 2 2
left_child=1 -1 -2 6 -5 -6 -4
right_child=2 -3 3 4 5 -7 -8
leaf_value=-0.0035245867718509145 0.0037060226504267617 0.0014645278366515414 -0.0028207963597114117 0.0027108393842354417 -0.001715651357677061 0.00017705521972815523 -0.00040035386083890563
leaf_weight=36 22 40 22 26 41 327 23
leaf_count=36 22 40 22 26 41 327 23
internal_value=0 -0.000898737 0.000148165 -3.01332e-05 0.000147302 -3.3817e-05 -0.00158368
internal_weight=0 76 461 439 394 368 45
internal_count=537 76 461 439 394 368 45
is_linear=0
shrinkage=0.1


Tree=290
num_leaves=7
num_cat=0
split_feature=84 95 92 61 100 0
split_gain=0.00714093 0.00720243 0.0382015 0.0221134 0.0136881 0.0165927
threshold=0.68497705806044296 1.0397207708399181 5.2625879854713267 0.89643595048923086 6.2085718078050585 2.524928003624769
decision_type=2 2 2 2 2 2
left_child=1 2 -1 -3 -5 -6
right_child=-2 3 -4 4 5 -7
leaf_value=-0.0031721281754370362 -0.0014991106168599801 0.0033354203767058527 0.0013180750532046659 -0.0022361949016461344 0.0019857960713202472 -1.9514949096753554e-05
leaf_weight=36 30 22 40 24 47 338
leaf_count=36 30 22 40 24 47 338
internal_value=0 8.87048e-05 -0.000808863 0.000246977 8.08501e-05 0.000225289
internal_weight=0 507 76 431 409 385
internal_count=537 507 76 431 409 385
is_linear=0
shrinkage=0.1


Tree=291
num_leaves=13
num_cat=0
split_feature=45 34 57 42 4 57 64 9 96 80 100 103
split_gain=0.00699756 0.0211539 0.0347652 0.0272135 0.0269852 0.0504673 0.026286 0.0190923 0.0233713 0.0328847 0.0318886 0.022579
threshold=4.6539149966267201 5.2203412156610947 3.7116250996774953 4.9869730080923453 3.2951505240983434 3.2096105065413094 2.948805819150818 2.9174053685313028 5.9375327241700111 0.72459172483441214 8.6312358437723962 4.1107394736335969
decision_type=2 2 2 2 2 2 2 2 2 2 2 2
left_child=1 3 -3 4 6 -6 -1 -2 10 -10 11 -9
right_child=7 2 -4 -5 5 -7 -8 8 9 -11 -12 -13
leaf_value=0.00047058810987063264 -0.0028936993746486095 0.0051299108406634665 0.00024244907856269112 -0.0027141765021120329 -0.0050355214546222923 0.00018849084376989627 0.0039866662628386014 0.0012647087524013702 0.00016388924947629375 -0.0047434729947285221 0.0041885092404713347 -0.0019932124045832704
leaf_weight=73 28 22 43 35 22 116 30 52 36 22 22 36
leaf_count=73 28 22 43 35 22 116 30 52 36 22 22 36
internal_value=0 0.000273676 0.00189667 -0.00010855 0.000269861 -0.000644323 0.00149469 -0.000476141 -7.32142e-05 -0.00169752 0.00078324 -6.80772e-05
internal_weight=0 341 65 276 241 138 103 196 168 58 110 88
internal_count=537 341 65 276 241 138 103 196 168 58 110 88
is_linear=0
shrinkage=0.1


Tree=292
num_leaves=11
num_cat=0
split_feature=92 89 99 95 53 68 8 20 96 20
split_gain=0.00679874 0.0199766 0.0247271 0.00988216 0.0430203 0.0578636 0.0394424 0.0174607 0.0274223 0.0124559
threshold=5.4138198479028974 0.25411493024883131 2.1383330595080281 1.0397207708399181 0.70808679187955681 4.3498171883182222 4.2045812236012674 5.5052984857290932 6.6025133242002241 5.2443855436100657
decision_type=2 2 2 2 2 2 2 2 2 2
left_child=3 2 -2 6 5 -5 -1 9 -9 -6
right_child=1 -3 -4 4 7 -7 -8 8 -10 -11
leaf_value=-0.0030517159983924689 7.6814424783851093e-05 0.00099434542676640888 -0.0043278754809871322 0.0067739684686429144 -0.00019458190635001908 -0.00024513991083949808 0.0017270686180000346 0.0026367458998791727 -0.0012582019636673588 -0.0023965620483946187
leaf_weight=39 26 36 25 23 225 24 31 51 28 29
leaf_count=39 26 36 25 23 225 24 31 51 28 29
internal_value=0 -0.000809233 -0.00208235 0.000156452 0.000357582 0.00318974 -0.000935397 -4.21527e-05 0.00125626 -0.000445989
internal_weight=0 87 51 450 380 47 70 333 79 254
internal_count=537 87 51 450 380 47 70 333 79 254
is_linear=0
shrinkage=0.1


Tree=293
num_leaves=6
num_cat=0
split_feature=69 56 55 55 89
split_gain=0.00745883 0.0116868 0.00978832 0.0134329 0.00967536
threshold=1.5138613836196224 0.80471895621705036 1.9356005054539456 2.602003343538398 0.68312215049854697
decision_type=2 2 2 2 2
left_child=-1 -2 -3 -4 -5
right_child=1 2 3 4 -6
leaf_value=-0.0016197632894747788 0.0022884885304728926 -0.0019455394801916556 0.0023895472171716393 -0.00015827931029598053 0.0018307233103104618
leaf_weight=27 23 25 24 412 26
leaf_count=27 23 25 24 412 26
internal_value=0 8.57522e-05 -1.82785e-05 8.60105e-05 -4.02107e-05
internal_weight=0 510 487 462 438
internal_count=537 510 487 462 438
is_linear=0
shrinkage=0.1


Tree=294
num_leaves=13
num_cat=0
split_feature=87 53 48 87 103 31 65 51 102 34 46 33
split_gain=0.00655311 0.0211994 0.0324108 0.0109673 0.0288811 0.0371365 0.0147025 0.0523329 0.0378377 0.0227949 0.0306514 0.027728
threshold=0.61999328884387495 3.7870910720223336 4.2625806805327082 0.4273144917421744 3.6105525490912482 5.3981524641123215 3.2138647534109137 3.0433873634561537 0.8958797346140277 5.0688844241303981 4.7790881836238563 4.234001473612734
decision_type=2 2 2 2 2 2 2 2 2 2 2 2
left_child=3 2 -2 6 -5 -6 7 8 -1 10 -8 -11
right_child=1 -3 -4 4 5 -7 9 -9 -10 11 -12 -13
leaf_value=0.0030093511691558416 -5.0196567933787325e-05 0.0011249782336461877 -0.0049761273776477372 0.0040371410846710204 -0.0020632092201516832 0.0031799430789595305 0.00045638330579955651 -0.0052933084991072183 -0.0025101694531495804 -0.0037276009360895212 0.0043403027351954599 4.5819469173816417e-06
leaf_weight=27 34 36 22 25 35 22 93 23 23 23 26 148
leaf_count=27 34 36 22 25 35 22 93 23 23 23 26 148
internal_value=0 -0.000768286 -0.00198538 0.000158837 0.00120335 -3.95364e-05 -7.71148e-05 -0.00134558 0.000470372 0.000242189 0.00130497 -0.000497408
internal_weight=0 92 56 445 82 57 363 73 50 290 119 171
internal_count=537 92 56 445 82 57 363 73 50 290 119 171
is_linear=0
shrinkage=0.1


Tree=295
num_leaves=9
num_cat=0
split_feature=69 27 14 20 21 102 17 5
split_gain=0.00611574 0.0116771 0.0240313 0.0300351 0.0191581 0.027901 0.0152074 0.0138498
threshold=1.5138613836196224 1.5890269151739729 4.465842055365858 1.5890269151739729 2.3502401828962087 2.1383330595080281 2.8029010331479989 2.5619819897016298
decision_type=2 2 2 2 2 2 2 2
left_child=-1 2 3 -2 5 -3 -6 -8
right_child=1 4 -4 -5 6 -7 7 -9
leaf_value=-0.0014666979528825594 0.0051772670481692665 -2.3028588023137405e-05 -0.0013202301916732852 0.00057715044938959185 0.0022174844757500978 -0.0043475220896070825 -0.0023286400754004718 0.00012085714344201343
leaf_weight=27 22 37 28 40 32 25 25 301
leaf_count=27 22 37 28 40 32 25 25 301
internal_value=0 7.76487e-05 0.00111133 0.00220945 -0.000143854 -0.00176678 0.000137211 -6.69877e-05
internal_weight=0 510 90 62 420 62 358 326
internal_count=537 510 90 62 420 62 358 326
is_linear=0
shrinkage=0.1


Tree=296
num_leaves=11
num_cat=0
split_feature=92 15 17 88 32 88 41 67 45 45
split_gain=0.00612199 0.0207875 0.0188403 0.00964506 0.0130428 0.012784 0.0347075 0.0326161 0.0233779 0.0180403
threshold=5.4138198479028974 4.9415403713792339 5.6559673591485771 0.643176865477746 4.6727851606181448 0.34363806881130859 2.191013317336941 2.9430520157250784 1.0397207708399181 4.4425820475484112
decision_type=2 2 2 2 2 2 2 2 2 2
left_child=3 -2 -3 5 -5 7 -7 -1 -9 -8
right_child=1 2 -4 4 -6 6 9 8 -10 -11
leaf_value=0.0040060481458733029 -0.0029539336325954003 0.0023245995326970632 -0.0012994684402656276 0.00020484254811890422 0.0031934043797461884 -0.0036662378202009047 0.0017408530339659929 0.0018955367491938749 -0.0004727943009597117 -0.0014817268733168022
leaf_weight=22 29 26 32 40 23 33 38 52 210 32
leaf_count=22 29 26 32 40 23 33 38 52 210 32
internal_value=0 -0.000767902 0.000325114 0.000148461 0.0012959 -3.83321e-05 -0.000992706 0.000307796 -2.74386e-06 0.000267674
internal_weight=0 87 58 450 63 387 103 284 262 70
internal_count=537 87 58 450 63 387 103 284 262 70
is_linear=0
shrinkage=0.1


Tree=297
num_leaves=8
num_cat=0
split_feature=35 41 2 10 17 69 86
split_gain=0.00613787 0.0223286 0.00837726 0.0360401 0.0218921 0.0208791 0.0206967
threshold=6.6950642080078762 6.3314765202922478 5.1179758838799021 5.0688844241303981 4.9052473428434826 1.7458435516502095 0.65913922143987869
decision_type=2 2 2 2 2 2 2
left_child=1 2 5 -4 -5 -1 -7
right_child=-2 -3 3 4 -6 6 -8
leaf_value=-0.0027452135807834567 0.0016357392390173944 -0.0031868957152420825 0.0040237898611499429 -0.0013095267990935748 0.00087984621087776229 0.00035462486683962135 -0.0024937146975546436
leaf_weight=31 22 22 26 73 122 212 29
leaf_count=31 22 22 26 73 122 212 29
internal_value=0 -6.98762e-05 6.922e-05 0.000526535 6.02348e-05 -0.000302349 1.18786e-05
internal_weight=0 515 493 221 195 272 241
internal_count=537 515 493 221 195 272 241
is_linear=0
shrinkage=0.1


Tree=298
num_leaves=13
num_cat=0
split_feature=87 1 97 23 31 15 88 24 23 95 103 102
split_gain=0.0058541 0.0170929 0.0349557 0.0102411 0.0225431 0.0215264 0.0162873 0.0284265 0.0269186 0.0108162 0.0104069 0.00994533
threshold=0.61999328884387495 5.2310943182715759 3.1132683346437333 5.9188794015264019 5.3981524641123215 5.9427959306635048 0.089250971907882948 1.0397207708399181 2.191013317336941 5.2310943182715759 3.9316333620047872 3.8064155152036787
decision_type=2 2 2 2 2 2 2 2 2 2 2 2
left_child=3 2 -2 4 6 -5 8 -8 -1 -7 -6 -12
right_child=1 -3 -4 5 10 9 7 -9 -10 -11 11 -13
leaf_value=-0.0023870147800199308 0.0007231560897909933 0.00093570713935470272 -0.0043197356147824653 -0.0033057242063805462 0.00030235690646804872 0.00188866113818696 0.0033005513579529877 -4.2389139664442382e-05 0.00031141643316868334 -0.00091917766532038946 0.0044068919526497746 0.0014633406399904439
leaf_weight=59 27 37 28 25 24 23 34 101 99 34 22 24
leaf_count=59 27 37 28 25 24 23 34 101 99 34 22 24
internal_value=0 -0.000726155 -0.00184413 0.000150126 0.000378133 -0.000859219 -7.05188e-06 0.000799537 -0.000696226 0.00021381 0.00199041 0.00287113
internal_weight=0 92 55 445 363 82 293 135 158 57 70 46
internal_count=537 92 55 445 363 82 293 135 158 57 70 46
is_linear=0
shrinkage=0.1


Tree=299
num_leaves=9
num_cat=0
split_feature=62 23 68 87 85 34 22 22
split_gain=0.00612546 0.0381704 0.0172773 0.0114301 0.017093 0.00901198 0.0178596 0.0188241
threshold=4.744894319750431 5.3229980813168991 5.7980537142896091 0.33941329381316571 0.3773854192802773 6.2633964485293765 5.7429826416937235 5.1416464569318583
decision_type=2 2 2 2 2 2 2 2
left_child=2 -2 5 4 -3 6 7 -1
right_child=1 3 -4 -5 -6 -7 -8 -9
leaf_value=0.00029961668219568384 -0.0037954123000261083 -0.0027382314543832435 0.0028530877103786108 0.0017500385726129429 0.00068881851891705462 -0.0018043616972863675 0.0027373151965439323 -0.0017245535814965315
leaf_weight=279 29 22 23 36 43 25 25 55
leaf_count=279 29 22 23 36 43 25 25 55
internal_value=0 -0.000597596 0.000190878 0.000320589 -0.000471106 3.1423e-05 0.000159263 -3.37048e-05
internal_weight=0 130 407 101 65 384 359 334
internal_count=537 130 407 101 65 384 359 334
is_linear=0
shrinkage=0.1


Tree=300
num_leaves=10
num_cat=0
split_feature=84 28 41 45 68 104 28 18 4
split_gain=0.00628295 0.00655048 0.0284996 0.0264626 0.0583872 0.0433248 0.0250664 0.0231486 0.0220047
threshold=0.68497705806044296 3.1132683346437333 4.0428973506407848 2.5619819897016298 4.2993404239928275 1.0986122886681102 3.4960482137079443 4.2045812236012674 3.7132745361986528
decision_type=2 2 2 2 2 2 2 2 2
left_child=1 2 3 5 -5 -1 -3 -8 -9
right_child=-2 6 -4 4 -6 -7 7 8 -10
leaf_value=-0.0035711878783747258 -0.0014061702663699788 0.0028323089828417225 -0.0032778730272748991 0.0058411682807755745 -0.0014443861214782706 0.0008295354689307129 -0.0023390720165075945 0.0023259837239822177 -5.9647565112003863e-05
leaf_weight=35 30 36 29 22 22 62 36 47 218
leaf_count=35 30 36 29 22 22 62 36 47 218
internal_value=0 8.32053e-05 -0.000422879 0.000164318 0.00219839 -0.000758354 0.0003385 4.02375e-05 0.000363464
internal_weight=0 507 170 141 44 97 337 301 265
internal_count=537 507 170 141 44 97 337 301 265
is_linear=0
shrinkage=0.1


Tree=301
num_leaves=9
num_cat=0
split_feature=3 30 18 11 3 11 100 87
split_gain=0.00574596 0.041079 0.0370022 0.0242642 0.018162 0.0101474 0.0160763 0.0132586
threshold=1.9356005054539456 5.0434043048315838 4.1742689126930488 1.5890269151739729 2.524928003624769 2.191013317336941 6.5595510325509787 0.56846945541947547
decision_type=2 2 2 2 2 2 2 2
left_child=1 2 3 -1 -2 -6 -7 -8
right_child=4 -3 -4 -5 5 6 7 -9
leaf_value=0.0020324700059265728 -0.0026286999719949172 -0.0026713152224796693 0.0050686827637643241 -0.0021256187677626379 -0.0020812491362448781 0.0027512937085703015 0.00029335857066325847 -0.0011764840308364623
leaf_weight=36 28 28 24 23 22 22 275 79
leaf_count=36 28 28 24 23 22 22 275 79
internal_value=0 0.000640822 0.00175817 0.00041152 -0.000166975 6.21193e-06 0.000128351 -3.46572e-05
internal_weight=0 111 83 59 426 398 376 354
internal_count=537 111 83 59 426 398 376 354
is_linear=0
shrinkage=0.1


Tree=302
num_leaves=12
num_cat=0
split_feature=49 41 75 89 50 88 75 101 53 101 97
split_gain=0.00610909 0.0204516 0.0140826 0.0201642 0.0346839 0.0204634 0.0183927 0.0133781 0.0304942 0.0176714 0.00885095
threshold=4.9415403713792339 6.4068582012380899 3.8284050457401895 1.0000000180025095e-35 1.9356005054539456 0.1266628784936242 4.7535530315805046 5.1298812082267613 3.4467324192388098 5.7557221843442159 4.4187680230537838
decision_type=2 2 2 2 2 2 2 2 2 2 2
left_child=1 2 3 5 -5 -1 -4 8 10 -9 -2
right_child=7 -3 6 4 -6 -7 -8 9 -10 -11 -12
leaf_value=8.0933950729432361e-05 0.0015031575733287768 -0.0029223637780747738 -0.0027016028590151112 -0.0030229087853513195 0.00049851452881690631 0.0024972250942237369 0.00031240106086110383 -0.0020193380355421043 0.0041726611054467939 0.00099996574710877156 -0.0011771802519173695
leaf_weight=79 22 26 40 40 93 63 41 36 27 42 28
leaf_count=79 22 26 40 40 93 63 41 36 27 42 28
internal_value=0 -0.00021485 -1.71101e-05 0.000324234 -0.00056056 0.00115295 -0.001176 0.000529501 0.00146455 -0.000393559 2.16839e-06
internal_weight=0 382 356 275 133 142 81 155 77 78 50
internal_count=537 382 356 275 133 142 81 155 77 78 50
is_linear=0
shrinkage=0.1


Tree=303
num_leaves=6
num_cat=0
split_feature=45 30 38 40 41
split_gain=0.0054711 0.0177436 0.00783501 0.00924746 0.0133155
threshold=6.6957064688540546 6.9205891523564267 6.5087680264540815 6.0185902545239411 5.2310943182715759
decision_type=2 2 2 2 2
left_child=1 2 3 4 -1
right_child=-2 -3 -4 -5 -6
leaf_value=-9.9215685254803101e-05 0.0015089255838614444 -0.0027821880937351482 0.0019040397336621854 -0.0017254949547350408 0.0016989734626132185
leaf_weight=393 23 23 22 30 46
leaf_count=393 23 23 22 30 46
internal_value=0 -6.752e-05 5.96437e-05 -2.68738e-05 8.9205e-05
internal_weight=0 514 491 469 439
internal_count=537 514 491 469 439
is_linear=0
shrinkage=0.1


Tree=304
num_leaves=7
num_cat=0
split_feature=26 44 99 8 102 101
split_gain=0.00610446 0.0174227 0.00677065 0.00850502 0.0294442 0.0155898
threshold=7.0021555404279701 6.5452010056581358 4.007167868649713 3.7609296261008152 3.0433873634561537 4.5325416796595226
decision_type=2 2 2 2 2 2
left_child=1 2 3 4 -1 -5
right_child=-2 -3 -4 5 -6 -7
leaf_value=7.3259559817634589e-05 0.0014111373477197929 -0.0027698171689458516 -0.0016670745294752787 0.0013926433593001778 -0.0037183604223410723 -0.00018633925638693785
leaf_weight=187 29 23 22 113 23 140
leaf_count=187 29 23 22 113 23 140
internal_value=0 -8.05571e-05 4.69749e-05 0.00012842 -0.000342013 0.000518898
internal_weight=0 508 485 463 210 253
internal_count=537 508 485 463 210 253
is_linear=0
shrinkage=0.1


Tree=305
num_leaves=8
num_cat=0
split_feature=35 33 17 29 29 33 103
split_gain=0.00527375 0.0208587 0.0156055 0.00792339 0.0134544 0.0203104 0.0178861
threshold=6.1861747525776369 5.6021120126471873 5.6559673591485771 5.2417330174952186 4.5107991236896536 3.8064155152036787 5.272986409146923
decision_type=2 2 2 2 2 2 2
left_child=1 3 -2 4 5 -1 -6
right_child=2 -3 -4 -5 6 -7 -8
leaf_value=-0.00017501804984203773 0.0029180173073773802 -0.002355365630079943 -0.00047520292979298223 0.0013758199439698096 -0.0024068559253854413 0.0017741451286864879 0.00060483399341165116
leaf_weight=250 23 38 33 43 49 68 33
leaf_count=250 23 38 33 43 49 68 33
internal_value=0 -0.000106929 0.000918441 8.59395e-05 -5.27227e-05 0.000241784 -0.00119483
internal_weight=0 481 56 443 400 318 82
internal_count=537 481 56 443 400 318 82
is_linear=0
shrinkage=0.1


Tree=306
num_leaves=13
num_cat=0
split_feature=47 47 86 15 22 3 15 44 49 45 36 89
split_gain=0.00537693 0.0203953 0.019307 0.0170676 0.0198745 0.0174578 0.0150878 0.0167124 0.0113677 0.0145763 0.0267751 0.0262534
threshold=5.4424083402947536 4.9199542854466296 0.45154517707384256 4.7273486598447958 4.8282817362782584 4.8121513051691478 5.9788825602762081 5.9814014572911871 6.2687446334474073 2.8029010331479989 1.0397207708399181 0.60571776751115258
decision_type=2 2 2 2 2 2 2 2 2 2 2 2
left_child=1 8 -3 4 -2 -5 -7 -8 9 10 -1 -11
right_child=3 2 -4 5 -6 6 7 -9 -10 11 -12 -13
leaf_value=-0.0014494595833292063 -3.6417197605425662e-05 0.0034163677186838217 -0.00010664381885102818 0.0023793969277499452 -0.0042870281388538633 -0.0019152720026405796 -0.00090218272603427368 0.0027265028287233278 0.0020152322905074549 -0.00038192679524643 0.0012741816842823201 -0.0040014182562008501
leaf_weight=55 22 35 28 27 22 42 30 22 23 101 105 25
leaf_count=55 22 35 28 27 22 42 30 22 23 101 105 25
internal_value=0 0.000210742 0.00185058 -0.000475127 -0.00216172 0.000138181 -0.000505573 0.00063303 -0.000123595 -0.000295599 0.00033793 -0.00110008
internal_weight=0 372 63 165 44 121 94 52 309 286 160 126
internal_count=537 372 63 165 44 121 94 52 309 286 160 126
is_linear=0
shrinkage=0.1


Tree=307
num_leaves=12
num_cat=0
split_feature=34 88 10 101 45 40 64 33 24 48 34
split_gain=0.00626255 0.00784061 0.019603 0.0424066 0.0518709 0.0196528 0.0189428 0.0177494 0.0162285 0.0122663 0.0115023
threshold=7.1966391559419423 0.32237371114682284 3.2180751841847144 2.7058230259275202 3.891612008168019 2.191013317336941 2.4203406930554818 6.0209762173327137 3.9701138825728512 4.6150714996361826 6.3007841113004242
decision_type=2 2 2 2 2 2 2 2 2 2 2
left_child=1 2 5 4 -4 -1 -3 -5 9 -8 -10
right_child=-2 6 3 7 -6 -7 8 -9 10 -11 -12
leaf_value=0.00082903324192474528 -0.0016143807797166316 -0.0031946700436740437 0.0069822706303305244 -0.0001632124538572774 0.00038469309354415883 -0.0031345405627909149 0.00018297062989129404 0.0028286065758121284 -0.00030611158069503689 0.0030861078594832426 -0.0028779097864488987
leaf_weight=22 23 22 22 201 26 29 43 22 83 22 22
leaf_count=22 23 22 22 201 26 29 43 22 83 22 22
internal_value=0 7.22388e-05 0.000373828 0.000712309 0.00340858 -0.00142476 -0.000433552 0.000131945 -7.62304e-05 0.00116557 -0.000844965
internal_weight=0 514 322 271 48 51 192 223 170 65 105
internal_count=537 514 322 271 48 51 192 223 170 65 105
is_linear=0
shrinkage=0.1


Tree=308
num_leaves=7
num_cat=0
split_feature=34 46 40 34 26 100
split_gain=0.00507266 0.00673448 0.00671465 0.0115333 0.0200945 0.0125756
threshold=7.1966391559419423 6.7320053855989617 6.0185902545239411 5.6524337755370313 5.7137273593905471 4.9542375470235838
decision_type=2 2 2 2 2 2
left_child=1 2 3 5 -5 -1
right_child=-2 -3 -4 4 -6 -7
leaf_value=-0.0020892924846961135 -0.0014529427796926189 0.0017005613325939825 -0.0012567167426459492 0.0036493468662703653 0.00024832288126303801 1.8692467164678069e-05
leaf_weight=31 23 24 40 23 71 325
leaf_count=31 23 24 40 23 71 325
internal_value=0 6.5015e-05 -1.50934e-05 9.52731e-05 0.00108049 -0.000164868
internal_weight=0 514 490 450 94 356
internal_count=537 514 490 450 94 356
is_linear=0
shrinkage=0.1


Tree=309
num_leaves=6
num_cat=0
split_feature=26 47 38 25 26
split_gain=0.00562538 0.0155433 0.0103494 0.010005 0.00923602
threshold=7.0021555404279701 6.2897000812552255 6.4952609922484532 5.5052984857290932 4.4885732424042368
decision_type=2 2 2 2 2
left_child=1 2 3 4 -1
right_child=-2 -3 -4 -5 -6
leaf_value=-0.00041654232569352992 0.0013546335498866595 -0.0020802333116686595 0.0021443626721915992 -0.0015000072582292238 0.00054318011261465587
leaf_weight=179 29 36 23 42 228
leaf_count=179 29 36 23 42 228
internal_value=0 -7.73314e-05 7.54323e-05 -3.05486e-05 0.000121091
internal_weight=0 508 472 449 407
internal_count=537 508 472 449 407
is_linear=0
shrinkage=0.1


Tree=310
num_leaves=12
num_cat=0
split_feature=42 19 47 30 30 27 52 18 11 30 17
split_gain=0.00524055 0.0188743 0.0144592 0.010992 0.0290998 0.0467766 0.0304154 0.0247627 0.0188764 0.0203548 0.0112385
threshold=2.3937458713910238 1.5890269151739729 1.0397207708399181 4.5746578350692051 5.0172579074712669 2.9430520157250784 1.2424533248940004 4.5746578350692051 1.5890269151739729 3.6105525490912482 2.8029010331479989
decision_type=2 2 2 2 2 2 2 2 2 2 2
left_child=1 -1 -3 7 5 -5 -6 8 -2 -10 -8
right_child=3 2 -4 4 6 -7 10 -9 9 -11 -12
leaf_value=-0.0013398221753757552 0.0014182023404891667 0.00015561785852617543 0.0036298558153212072 0.0058356535398739985 -0.0035229916326128524 0.00011979817911817852 0.0022315952839562672 -0.0035367723334015218 -0.0033674189639795156 0.00031028966494726348 -0.00013939011816762508
leaf_weight=27 43 23 25 22 26 41 22 28 27 34 219
leaf_count=27 43 23 25 22 26 41 22 28 27 34 219
internal_value=0 0.000775339 0.00196512 -0.000125867 0.000182627 0.00211581 -0.000273517 -0.000897101 -0.000186421 -0.00131755 7.70484e-05
internal_weight=0 75 48 462 330 63 267 132 104 61 241
internal_count=537 75 48 462 330 63 267 132 104 61 241
is_linear=0
shrinkage=0.1


Tree=311
num_leaves=7
num_cat=0
split_feature=78 78 96 12 8 3
split_gain=0.00516929 0.0123361 0.00934157 0.0118968 0.0290365 0.0118054
threshold=3.6857097057852584 2.8464811208691994 6.8053391632106601 6.102536072598296 5.7651468795656617 5.9788825602762081
decision_type=2 2 2 2 2 2
left_child=1 2 3 4 -1 -5
right_child=-2 -3 -4 5 -6 -7
leaf_value=0.00017672971287350191 -0.0010936458523428884 0.0022997677122475581 -0.001830400313526668 0.0032842490333926189 -0.0028377896806757365 8.2532981071959842e-06
leaf_weight=367 40 24 27 22 35 22
leaf_count=367 40 24 27 22 35 22
internal_value=0 8.80198e-05 -2.42042e-05 8.51395e-05 -8.57284e-05 0.00164625
internal_weight=0 497 473 446 402 44
internal_count=537 497 473 446 402 44
is_linear=0
shrinkage=0.1


Tree=312
num_leaves=7
num_cat=0
split_feature=40 32 30 36 42 34
split_gain=0.00503294 0.0168406 0.00774671 0.0144456 0.0107574 0.0165259
threshold=6.5984756171974519 6.2841271995609906 6.2265054227050509 5.8888741216379641 6.2633964485293765 5.9026184029028368
decision_type=2 2 2 2 2 2
left_child=1 2 4 -4 5 -1
right_child=-2 -3 3 -5 -6 -7
leaf_value=-9.7443749892348015e-05 0.0012813165645388053 -0.0023714107042178516 -0.00047649763715030126 0.0031473669257882815 -0.0020292896660976112 0.0025080793321159527
leaf_weight=382 29 30 22 22 26 26
leaf_count=382 29 30 22 22 26 26
internal_value=0 -7.3146e-05 7.10965e-05 0.00133543 -5.70852e-05 6.85945e-05
internal_weight=0 508 478 44 434 408
internal_count=537 508 478 44 434 408
is_linear=0
shrinkage=0.1


Tree=313
num_leaves=6
num_cat=0
split_feature=26 26 41 25 17
split_gain=0.0050207 0.0140882 0.00829676 0.00688148 0.00732995
threshold=7.0021555404279701 6.5352317916717775 6.2343799673713169 5.5052984857290932 4.8751681865209777
decision_type=2 2 2 2 2
left_child=1 2 3 4 -1
right_child=-2 -3 -4 -5 -6
leaf_value=-0.00013676849021778808 0.0012797585953476616 -0.0024913157903305866 0.0018953270855886135 -0.0013586784530481375 0.00092563712518312969
leaf_weight=345 29 23 23 37 80
leaf_count=345 29 23 23 37 80
internal_value=0 -7.30571e-05 4.16232e-05 -5.06607e-05 6.32137e-05
internal_weight=0 508 485 462 425
internal_count=537 508 485 462 425
is_linear=0
shrinkage=0.1


Tree=314
num_leaves=10
num_cat=0
split_feature=3 30 24 3 9 11 87 61 3
split_gain=0.00486099 0.0347293 0.0337315 0.0159769 0.0119249 0.00769516 0.0109847 0.0230065 0.0129623
threshold=1.9356005054539456 5.0434043048315838 1.0397207708399181 2.6735537653587347 1.8688348091416844 2.524928003624769 0.5556069708080712 4.6193409562630938 4.3502571242716384
decision_type=2 2 2 2 2 2 2 2 2
left_child=1 2 -1 -2 -4 -5 8 -8 -7
right_child=3 -3 4 5 -6 6 7 -9 -10
leaf_value=0.0046873788833618167 -0.0022004753658049075 -0.0024560054859778446 -0.00086911970716235885 -0.0016325414153890543 0.0020620672725667451 0.001685225155035203 0.00054247979654596667 -0.0026816804491988336 7.6757711856491665e-05
leaf_weight=25 35 28 35 26 23 66 53 38 208
leaf_count=25 35 28 35 26 23 66 53 38 208
internal_value=0 0.000589411 0.00161678 -0.000153579 0.000293248 2.9647e-05 0.000148049 -0.000803873 0.000464199
internal_weight=0 111 83 426 58 391 365 91 274
internal_count=537 111 83 426 58 391 365 91 274
is_linear=0
shrinkage=0.1


Tree=315
num_leaves=8
num_cat=0
split_feature=20 32 44 88 88 68 88
split_gain=0.00522341 0.0216115 0.0147364 0.00647174 0.0165519 0.0129184 0.0128134
threshold=6.102536072598296 6.1333956902824402 6.0185902545239411 0.643176865477746 0.56926050640888715 3.46163845539213 0.67558376684622667
decision_type=2 2 2 2 2 2 2
left_child=1 3 -2 4 5 -1 -5
right_child=2 -3 -4 6 -6 -7 -8
leaf_value=0.002437250530982221 -0.00023656730096094136 -0.0030392524204216897 0.0029454849491065199 0.0027387191257439557 -0.0022195955180316506 -6.5678055774127521e-05 -0.00017629939217218444
leaf_weight=22 43 24 22 25 34 329 38
leaf_count=22 43 24 22 25 34 329 38
internal_value=0 -0.000115738 0.000840435 4.0879e-05 -0.00011287 9.12007e-05 0.000980454
internal_weight=0 472 65 448 385 351 63
internal_count=537 472 65 448 385 351 63
is_linear=0
shrinkage=0.1


Tree=316
num_leaves=9
num_cat=0
split_feature=27 44 23 53 101 86 65 27
split_gain=0.00474545 0.0185071 0.0120944 0.0187276 0.0200582 0.00686922 0.00943015 0.0184698
threshold=5.8550678171289681 6.1779096781959764 5.9427959306635048 3.1914737186377642 5.4929852296371777 0.68476950597767339 1.6085863662850206 1.5890269151739729
decision_type=2 2 2 2 2 2 2 2
left_child=1 5 -2 -4 -5 6 -1 -8
right_child=2 -3 3 4 -6 -7 7 -9
leaf_value=-0.0014389139506319126 0.0025762006116565317 -0.0029707520512271338 -0.001853010638296837 0.0033057274437548281 -0.00082689346745610246 -0.0017131186481988568 0.0015859483734037682 -0.00013357928018371365
leaf_weight=36 24 22 32 24 23 22 81 273
leaf_count=36 24 22 32 24 23 22 81 273
internal_value=0 -0.000144819 0.000610208 1.29439e-05 0.00128338 6.08049e-06 0.000103061 0.000259872
internal_weight=0 434 103 79 47 412 390 354
internal_count=537 434 103 79 47 412 390 354
is_linear=0
shrinkage=0.1


Tree=317
num_leaves=7
num_cat=0
split_feature=44 34 40 41 92 41
split_gain=0.00494471 0.00652694 0.0054728 0.0106587 0.0100905 0.00898657
threshold=6.7392518892502453 6.7320053855989617 6.0185902545239411 5.2310943182715759 5.4154146917747248 5.4380415003103764
decision_type=2 2 2 2 2 2
left_child=1 2 3 4 -1 -5
right_child=-2 -3 -4 5 -6 -7
leaf_value=3.5732379060255091e-05 -0.0014345018638540869 0.0016080091649200768 -0.0012046857861504477 0.0028851600991481024 -0.0019019013108155722 0.00031020194821229034
leaf_weight=367 23 26 36 23 29 33
leaf_count=367 23 26 36 23 29 33
internal_value=0 6.41898e-05 -1.80629e-05 7.64469e-05 -0.000106165 0.00136777
internal_weight=0 514 488 452 396 56
internal_count=537 514 488 452 396 56
is_linear=0
shrinkage=0.1


Tree=318
num_leaves=9
num_cat=0
split_feature=34 18 30 46 46 25 33 88
split_gain=0.00482795 0.00614654 0.020765 0.0269229 0.0187867 0.0139633 0.013229 0.0116675
threshold=7.1966391559419423 5.2626767655455557 5.2203412156610947 5.2469686674288658 5.003923783930186 4.1266138227908868 4.3943729409690677 0.06544680800334933
decision_type=2 2 2 2 2 2 2 2
left_child=1 2 3 4 -1 -3 -7 -8
right_child=-2 5 -4 -5 -6 6 7 -9
leaf_value=2.2322838038501398e-05 -0.0014174633963114542 0.0024830801252877185 -0.0022838934897869141 0.0025735182456341332 -0.0028311119343225775 -0.0018873745947429498 0.0013568077861773184 -0.00043529528621173301
leaf_weight=205 23 30 42 38 26 27 78 68
leaf_count=205 23 30 42 38 26 27 78 68
internal_value=0 6.34273e-05 -0.000215957 0.000106918 -0.000298843 0.000491449 0.00014608 0.00052213
internal_weight=0 514 311 269 231 203 173 146
internal_count=537 514 311 269 231 203 173 146
is_linear=0
shrinkage=0.1


Tree=319
num_leaves=10
num_cat=0
split_feature=37 8 32 60 35 76 20 86 86
split_gain=0.00475312 0.02445 0.0301197 0.0218027 0.0163963 0.0113032 0.0112938 0.00912211 0.0133814
threshold=1.8688348091416844 1.5890269151739729 3.0433873634561537 1.1386336425048782 1.9356005054539456 0.82451083394289826 2.191013317336941 0.67986905584219193 0.60956789662742317
decision_type=2 2 2 2 2 2 2 2 2
left_child=1 -1 5 -2 -4 -3 -5 8 -8
right_child=3 2 4 6 -6 -7 7 -9 -10
leaf_value=-0.0029263863456435502 0.0030291569549590353 0.0031830457681468849 -0.0036152988529383119 -0.0019524479590472767 0.00024549806575206197 0.00028150976262986664 0.00021626535312877374 0.0020161606293792526 -0.0018517888350678342
leaf_weight=32 25 29 22 28 22 25 295 24 35
leaf_count=32 25 29 22 28 22 25 295 24 35
internal_value=0 -0.000526415 0.00025725 0.000168142 -0.0016849 0.00183974 -1.90969e-05 0.000133824 -3.07373e-06
internal_weight=0 130 98 407 44 54 382 354 330
internal_count=537 130 98 407 44 54 382 354 330
is_linear=0
shrinkage=0.1


Tree=320
num_leaves=10
num_cat=0
split_feature=31 31 31 35 33 27 102 72 23
split_gain=0.00438934 0.0243281 0.0110732 0.01142 0.0152841 0.0104586 0.0129218 0.00956026 0.00853889
threshold=5.3981524641123215 5.1059271080903725 4.8903208612686422 4.7790881836238563 3.8064155152036787 5.5606520443413574 2.3502401828962087 0.073246539993128967 6.4876828601347034
decision_type=2 2 2 2 2 2 2 2 2
left_child=1 2 3 4 -1 -2 -7 8 -8
right_child=5 -3 -4 -5 -6 6 7 -9 -10
leaf_value=-0.00025768419894935601 0.0021879919053130188 -0.0025548331218604478 0.0021095218723639845 -0.002274267474951392 0.0016399170720922903 -0.0021541304759342562 0.0015455363882156507 -0.0012956776054731259 -0.00056088483672485584
leaf_weight=231 28 39 25 22 52 22 67 24 27
leaf_count=231 28 39 25 22 52 22 67 24 27
internal_value=0 -0.00019291 8.62267e-05 -7.96172e-05 9.09917e-05 0.000423712 7.08565e-05 0.000485685 0.000940501
internal_weight=0 369 330 305 283 168 140 118 94
internal_count=537 369 330 305 283 168 140 118 94
is_linear=0
shrinkage=0.1


Tree=321
num_leaves=8
num_cat=0
split_feature=35 33 17 2 29 0 58
split_gain=0.00444215 0.0147216 0.0125828 0.00718569 0.0155823 0.0111165 0.0110731
threshold=6.1861747525776369 5.6021120126471873 5.6559673591485771 6.4876828601347034 5.2417330174952186 6.6707012585667238 5.5568206079685734
decision_type=2 2 2 2 2 2 2
left_child=1 3 -2 4 6 -5 -1
right_child=2 -3 -4 5 -6 -7 -8
leaf_value=-0.00013458502697004087 0.0026384335416166681 -0.0019870621633201252 -0.00040849326037322028 -0.002547853831900284 0.0024341713556827143 0.00053428262154656375 0.001901571301679159
leaf_weight=338 23 38 33 25 29 22 29
leaf_count=338 23 38 33 25 29 22 29
internal_value=0 -9.81366e-05 0.000842923 6.38932e-05 0.000202643 -0.00110515 2.63102e-05
internal_weight=0 481 56 443 396 47 367
internal_count=537 481 56 443 396 47 367
is_linear=0
shrinkage=0.1


Tree=322
num_leaves=11
num_cat=0
split_feature=98 6 101 98 79 72 36 51 66 65
split_gain=0.0045321 0.0412008 0.0275976 0.0220077 0.0132411 0.0221073 0.0200326 0.0287959 0.0180914 0.0122907
threshold=3.0201273556387074 4.4187680230537838 2.9430520157250784 3.7609296261008152 3.1771850203986758 0.14682844607418605 1.0397207708399181 1.5890269151739729 1.9356005054539456 4.8184990057089658
decision_type=2 2 2 2 2 2 2 2 2 2
left_child=4 -2 -3 -4 5 6 -1 -8 -7 -5
right_child=1 2 3 9 -6 8 7 -9 -10 -11
leaf_value=-0.0016263997473288329 -0.0039171133319281844 0.0033517112014427165 -0.0025603001005947592 0.0011386222220787687 0.0023164971350368058 -0.00010790335803815143 0.0035528757275498815 0.00026998031877964321 -0.0034054369852778371 -0.0004724364293220437
leaf_weight=30 28 24 34 81 29 41 38 90 28 114
leaf_count=30 28 24 34 81 29 41 38 90 28 114
internal_value=0 -0.000277287 0.00012554 -0.000212574 0.000304366 4.73094e-05 0.000699465 0.00124459 -0.00144603 0.000196773
internal_weight=0 281 253 229 256 227 158 128 69 195
internal_count=537 281 253 229 256 227 158 128 69 195
is_linear=0
shrinkage=0.1


Tree=323
num_leaves=7
num_cat=0
split_feature=26 26 45 47 47 101
split_gain=0.00501606 0.0114334 0.00618273 0.00677865 0.0114339 0.00769118
threshold=7.0021555404279701 6.5352317916717775 6.1632062049841245 5.5606520443413574 4.9199542854466296 3.2769667020129059
decision_type=2 2 2 2 2 2
left_child=1 2 3 4 -1 -5
right_child=-2 -3 -4 5 -6 -7
leaf_value=-0.00015855655915169361 0.0012791659193241904 -0.0022515462245792151 0.001420766938244924 0.00028064642683602872 0.0012179253171971619 -0.0016443359071226773
leaf_weight=293 29 23 30 35 76 51
leaf_count=293 29 23 30 35 76 51
internal_value=0 -7.30232e-05 3.02882e-05 -6.13918e-05 0.000124946 -0.000860913
internal_weight=0 508 485 455 369 86
internal_count=537 508 485 455 369 86
is_linear=0
shrinkage=0.1


Tree=324
num_leaves=10
num_cat=0
split_feature=42 19 7 40 18 11 88 30 87
split_gain=0.00478571 0.0146944 0.0113497 0.009261 0.0642804 0.0128089 0.0266656 0.0239173 0.00897287
threshold=2.3937458713910238 1.5890269151739729 5.2806591939842535 1.9356005054539456 4.744894319750431 1.5890269151739729 0.089250971907882948 3.6105525490912482 0.036928771232934005
decision_type=2 2 2 2 2 2 2 2 2
left_child=1 -1 -3 4 -2 6 -5 -7 -9
right_child=3 2 -4 5 -6 7 -8 8 -10
leaf_value=-0.001125380685509838 0.0017009164718509622 0.0033284238578441244 0.00025303085337024335 -0.0003502811764038223 -0.005467346892692149 -0.002991260908311233 0.0040584097515143783 0.00057574140557069145 -0.00047354770868867176
leaf_weight=27 29 24 24 34 22 28 23 164 162
leaf_count=27 29 24 24 34 22 28 23 164 162
internal_value=0 0.000740928 0.00179073 -0.000120281 -0.00139128 3.74341e-05 0.00142866 -0.000186578 5.43155e-05
internal_weight=0 75 48 462 51 411 57 354 326
internal_count=537 75 48 462 51 411 57 354 326
is_linear=0
shrinkage=0.1


Tree=325
num_leaves=14
num_cat=0
split_feature=97 68 102 37 50 89 44 66 21 71 70 79 11
split_gain=0.00471723 0.0168671 0.0158789 0.0163949 0.0298243 0.0440455 0.0234657 0.0141044 0.0164204 0.0125619 0.0124076 0.0125534 0.0111027
threshold=5.1179758838799021 4.5792792410854934 3.2951505240983434 1.8688348091416844 2.191013317336941 0.21468655699188241 2.3937458713910238 4.4880679366512748 4.8038866541935423 2.2975599250672958 6.2276462212733366 1.0000000180025095e-35 5.3706272113530096
decision_type=2 2 2 2 2 2 2 2 2 2 2 2 2
left_child=2 -2 3 4 -1 -6 -5 8 12 -8 11 -9 -3
right_child=1 7 -4 6 5 -7 9 10 -10 -11 -12 -13 -14
leaf_value=-0.0041364849748788401 0.0026547458251245971 -0.00095306851698326008 -0.0022831609842422253 0.0033727893698960545 -0.0022974905764720842 0.0028282032165831577 -0.00029191520618041976 0.00016713205477572048 -0.0023657497989188416 0.0019258707731721865 -0.00058942387854172423 0.0032355248802923599 0.0019118308514104382
leaf_weight=24 28 31 34 25 38 30 145 24 40 31 33 30 24
leaf_count=24 28 31 34 25 38 30 145 24 40 31 33 30 24
internal_value=0 0.000369846 -0.000237516 -1.3707e-07 -0.00110581 -3.61551e-05 0.00050594 1.83228e-05 -0.000824118 9.87176e-05 0.000938229 0.00187179 0.000297069
internal_weight=0 210 327 293 92 68 201 182 95 176 87 54 55
internal_count=537 210 327 293 92 68 201 182 95 176 87 54 55
is_linear=0
shrinkage=0.1


Tree=326
num_leaves=9
num_cat=0
split_feature=22 18 68 24 24 41 67 26
split_gain=0.0045902 0.0162574 0.0167067 0.0116819 0.009343 0.00696946 0.0246087 0.0199126
threshold=6.5087680264540815 6.212604087723423 5.9284436354391401 5.9322416695047417 6.3951487094329673 3.9316333620047872 4.5208425029730224 5.0688844241303981
decision_type=2 2 2 2 2 2 2 2
left_child=1 3 -3 5 -2 7 -7 -1
right_child=4 2 -4 -5 -6 6 -8 -9
leaf_value=-7.9909360853357703e-05 0.0024040393460460982 1.8192547292489073e-05 -0.0037933078311059784 0.0022825876238209237 -0.00022148641080341555 -0.0036532097207699816 -5.5499422394080154e-05 0.0024059367647982742
leaf_weight=212 23 23 23 23 33 22 140 38
leaf_count=212 23 23 23 23 33 22 140 38
internal_value=0 -9.97585e-05 -0.00188756 8.92961e-05 0.000856855 -3.3145e-05 -0.000544077 0.000297939
internal_weight=0 481 46 435 56 412 162 250
internal_count=537 481 46 435 56 412 162 250
is_linear=0
shrinkage=0.1


Tree=327
num_leaves=6
num_cat=0
split_feature=101 96 57 44 73
split_gain=0.00456933 0.00969667 0.0089024 0.0110888 0.00852117
threshold=6.1922600203877645 6.7320053855989617 4.9296746229591006 6.5984756171974519 4.6249247525354482
decision_type=2 2 2 2 2
left_child=1 2 3 4 -1
right_child=-2 -3 -4 -5 -6
leaf_value=0.00019075152859624196 0.0013200923507101835 -0.0020710857109288157 0.0017948973734207728 -0.0020794438878790691 -0.0013076222243918372
leaf_weight=394 25 23 27 26 42
leaf_count=394 25 23 27 26 42
internal_value=0 -6.44576e-05 2.99236e-05 -7.32242e-05 4.64128e-05
internal_weight=0 512 489 462 436
internal_count=537 512 489 462 436
is_linear=0
shrinkage=0.1


Tree=328
num_leaves=12
num_cat=0
split_feature=14 16 2 56 49 104 18 50 53 13 48
split_gain=0.00445329 0.0201833 0.018641 0.00977599 0.00533911 0.0169494 0.0308548 0.0284066 0.0123132 0.00958131 0.00415177
threshold=6.2557481997290569 5.9322416695047417 6.1505459369606674 6.5960715696059351 1.9356005054539456 0.34657359027997264 4.7790881836238563 2.191013317336941 0.70808679187955681 3.1132683346437333 5.4337124689388192
decision_type=2 2 2 2 2 2 2 2 2 2 2
left_child=1 4 -2 10 5 6 -1 -7 -6 -10 -4
right_child=2 -3 3 -5 8 7 -8 -9 9 -11 -12
leaf_value=0.0036444715909359129 0.0030993679416892322 -0.0030853844649920414 -9.6551369875669485e-05 0.0015188057319787535 0.0020707458449418055 0.00038960054017511073 -0.0015402259416243231 -0.0028457681810501599 -0.00084440364691859646 0.00050370679191172601 -0.0019582233249979173
leaf_weight=24 23 22 25 23 34 58 22 51 81 151 23
leaf_count=24 23 22 25 23 34 58 22 51 81 151 23
internal_value=0 -0.000132653 0.00062516 -0.000176344 2.1647e-05 -0.000444871 0.00116483 -0.0011242 0.00029349 3.30303e-05 -0.000988603
internal_weight=0 443 94 71 421 155 46 109 266 232 48
internal_count=537 443 94 71 421 155 46 109 266 232 48
is_linear=0
shrinkage=0.1


Tree=329
num_leaves=9
num_cat=0
split_feature=20 44 44 88 88 14 20 96
split_gain=0.00411012 0.0141759 0.00980218 0.00474437 0.00945145 0.00748145 0.0203865 0.0128772
threshold=6.102536072598296 6.5452010056581358 6.0185902545239411 0.643176865477746 0.67558376684622667 3.1345481418531311 2.6735537653587347 3.2180751841847144
decision_type=2 2 2 2 2 2 2 2
left_child=1 3 -2 5 -5 6 -1 -7
right_child=2 -3 -4 4 -6 7 -8 -9
leaf_value=7.982156305345444e-05 -0.00013286733301356434 -0.0025240518253944492 0.0024623420290564271 0.0023360696819145232 -0.00016748811681999973 0.0023329132890921758 -0.0034853118249093709 -7.8673127025505861e-05
leaf_weight=53 43 23 22 25 38 24 23 286
leaf_count=53 43 23 22 25 38 24 23 286
internal_value=0 -0.000102666 0.000745511 2.13696e-05 0.000825987 -0.000109954 -0.0009991 0.00010803
internal_weight=0 472 65 449 63 386 76 310
internal_count=537 472 65 449 63 386 76 310
is_linear=0
shrinkage=0.1


Tree=330
num_leaves=10
num_cat=0
split_feature=84 34 42 17 25 23 24 40 17
split_gain=0.00427979 0.00510572 0.0201071 0.0199053 0.0110104 0.0116356 0.0109746 0.0108239 0.0182358
threshold=0.68497705806044296 5.2203412156610947 5.2469686674288658 2.3502401828962087 4.8751681865209777 5.9188794015264019 4.465842055365858 4.6727851606181448 1.8688348091416844
decision_type=2 2 2 2 2 2 2 2 2
left_child=1 2 7 -3 6 -6 -5 8 -1
right_child=-2 3 -4 4 5 -7 -8 -9 -10
leaf_value=-0.0013583385577519602 -0.0011605594260618091 0.0032921098061540928 -0.0030381035600009418 0.00044290222134441134 0.0016030096422201174 -0.00026588466889734266 -0.0024161480961303258 0.0020237845873925836 0.00045166916058709226
leaf_weight=84 30 22 23 25 62 72 29 25 165
leaf_count=84 30 22 23 25 62 72 29 25 165
internal_value=0 6.86722e-05 -0.000198171 0.000446065 0.000113017 0.000598828 -0.00109251 4.02175e-05 -0.000158936
internal_weight=0 507 297 210 188 134 54 274 249
internal_count=537 507 297 210 188 134 54 274 249
is_linear=0
shrinkage=0.1


Tree=331
num_leaves=9
num_cat=0
split_feature=78 78 15 88 102 96 23 86
split_gain=0.00398325 0.0106644 0.00557422 0.0289054 0.0264912 0.0264761 0.0208173 0.00973141
threshold=3.6857097057852584 2.8464811208691994 1.9356005054539456 0.089250971907882948 1.2424533248940004 3.4960482137079443 1.9356005054539456 0.67726707507441974
decision_type=2 2 2 2 2 2 2 2
left_child=1 2 3 5 -5 -1 -4 -8
right_child=-2 -3 6 4 -6 -7 7 -9
leaf_value=-0.00022521865321323276 -0.00096001933983643536 0.0021337000430018331 0.0030623031591581508 -0.00121214540861547 0.0034904452955031406 -0.0048829502446334008 -0.00019972829252956105 0.0017123414412269307
leaf_weight=26 40 24 23 25 23 23 324 29
leaf_count=26 40 24 23 25 23 23 324 29
internal_value=0 7.72651e-05 -2.70783e-05 -0.000702958 0.00104118 -0.0024115 0.000147284 -4.26461e-05
internal_weight=0 497 473 97 48 49 376 353
internal_count=537 497 473 97 48 49 376 353
is_linear=0
shrinkage=0.1


Tree=332
num_leaves=6
num_cat=0
split_feature=29 32 84 46 39
split_gain=0.00396736 0.0163519 0.00553023 0.00604952 0.00989488
threshold=6.3314765202922478 6.2841271995609906 0.67644775793055045 6.5220754968327581 5.8550678171289681
decision_type=2 2 2 2 2
left_child=1 2 3 4 -1
right_child=-2 -3 -4 -5 -6
leaf_value=-7.8653978554809795e-05 0.00093312842686178298 -0.0026828578460718626 0.0014653895637960748 -0.001579288514039945 0.0018354534597039736
leaf_weight=393 42 23 26 24 29
leaf_count=393 42 23 26 24 29
internal_value=0 -7.91745e-05 4.76999e-05 -3.49457e-05 5.28842e-05
internal_weight=0 495 472 446 422
internal_count=537 495 472 446 422
is_linear=0
shrinkage=0.1


Tree=333
num_leaves=9
num_cat=0
split_feature=34 97 54 63 20 66 102 18
split_gain=0.00391599 0.00542987 0.00895173 0.0163018 0.0113353 0.00991101 0.00578341 0.00540446
threshold=7.1966391559419423 6.1861747525776369 5.5797227059640084 5.9558239461055011 5.5568206079685734 3.8064155152036787 4.6539149966267201 6.4496799081455176
decision_type=2 2 2 2 2 2 2 2
left_child=1 2 3 5 -4 -1 -3 -6
right_child=-2 6 4 -5 7 -7 -8 -9
leaf_value=7.7836919741082724e-05 -0.0012765900434359261 0.0021193784605711701 -0.0025192948963282812 0.002230270334910208 0.0010855329159477896 -0.0020697719316281702 5.9968546653787299e-05 -0.0011310290905054321
leaf_weight=327 23 25 31 34 22 23 30 22
leaf_count=327 23 25 31 34 22 23 30 22
internal_value=0 5.71237e-05 -5.53855e-05 0.000139784 -0.00105465 -6.32917e-05 0.000996064 -2.27481e-05
internal_weight=0 514 459 384 75 350 55 44
internal_count=537 514 459 384 75 350 55 44
is_linear=0
shrinkage=0.1


Tree=334
num_leaves=9
num_cat=0
split_feature=80 96 46 23 87 104 22 10
split_gain=0.00387238 0.00982017 0.00879277 0.00996611 0.0221273 0.0186506 0.0134222 0.0146539
threshold=2.4931713007636058 4.791641144189394 7.0021555404279701 1.5890269151739729 0.15710234772634982 1.4978661367769956 3.0433873634561537 3.6105525490912482
decision_type=2 2 2 2 2 2 2 2
left_child=2 -2 3 4 5 -1 -5 -8
right_child=1 -3 -4 6 -6 -7 7 -9
leaf_value=-0.0044569913839475946 -0.00072367703179831251 0.0019706753270340065 -0.0019987256104207559 0.0020860322149850881 0.00089310532119790372 -0.00042984002755711909 -0.0020074265076800656 0.00023991304482116253
leaf_weight=23 24 31 23 35 35 23 32 311
leaf_count=23 24 31 23 35 35 23 32 311
internal_value=0 0.000794958 -9.0711e-05 4.8976e-06 -0.00100171 -0.00244342 0.000220599 3.02487e-05
internal_weight=0 55 482 459 81 46 378 343
internal_count=537 55 482 459 81 46 378 343
is_linear=0
shrinkage=0.1


Tree=335
num_leaves=7
num_cat=0
split_feature=40 44 80 23 44 27
split_gain=0.00426676 0.0126986 0.00699453 0.00704546 0.0180514 0.0130111
threshold=6.5984756171974519 6.1779096781959764 2.4931713007636058 1.5890269151739729 2.191013317336941 2.524928003624769
decision_type=2 2 2 2 2 2
left_child=1 2 3 4 -1 -5
right_child=-2 -3 -4 5 -6 -7
leaf_value=0.00068648132697777143 0.0011797635390519584 -0.0020285571504744791 0.0012766612260494122 0.0015307271179543544 -0.0023049040903272327 -0.0001310452107774303
leaf_weight=38 29 31 43 56 43 297
leaf_count=38 29 31 43 56 43 297
internal_value=0 -6.73487e-05 6.01093e-05 -6.04246e-05 -0.000901538 0.000132579
internal_weight=0 508 477 434 81 353
internal_count=537 508 477 434 81 353
is_linear=0
shrinkage=0.1


Tree=336
num_leaves=14
num_cat=0
split_feature=103 50 7 32 89 89 89 0 7 4 101 53 7
split_gain=0.00413183 0.0169079 0.0173175 0.0243781 0.024336 0.0133659 0.0338422 0.0161331 0.0262673 0.010662 0.0127494 0.0121546 0.00869144
threshold=3.3667009459186801 4.8282817362782584 3.4811217321331038 1.0397207708399181 0.19942679443578884 0.22974486851048764 1.0000000180025095e-35 2.8314802400679731 2.8029010331479989 4.5325416796595226 4.1430087342023825 3.7870910720223336 2.9430520157250784
decision_type=2 2 2 2 2 2 2 2 2 2 2 2 2
left_child=1 2 3 -1 -5 6 7 -2 -9 12 -11 -12 -7
right_child=5 -3 -4 4 -6 9 -8 8 -10 10 11 -13 -14
leaf_value=-0.0034977077664807444 0.0020703295644265243 0.0022999406471294732 0.0018678969921893441 0.0018776165382823331 -0.0019550475005720119 0.00086707864684285605 -0.0042279547252595277 -0.0037468939933561437 -0.00011268638616852854 0.003248690174553882 -0.00083862725490083307 0.0016146488156980766 -0.0017497524555074051
leaf_weight=25 26 37 32 37 30 22 24 23 147 22 36 46 30
leaf_count=25 26 37 32 37 30 22 24 23 147 22 36 46 30
internal_value=0 0.000423902 -0.000135884 -0.000832851 0.000161498 -0.000181511 -0.000683572 -0.000249566 -0.000604373 0.000526523 0.0011111 0.000537601 -0.000642632
internal_weight=0 161 124 92 67 376 220 196 170 156 104 82 52
internal_count=537 161 124 92 67 376 220 196 170 156 104 82 52
is_linear=0
shrinkage=0.1


Tree=337
num_leaves=12
num_cat=0
split_feature=3 30 18 11 97 87 98 2 96 5 47
split_gain=0.00433488 0.0234919 0.0259006 0.0134458 0.00953249 0.00873237 0.0194876 0.0104226 0.0175796 0.0158944 0.00906738
threshold=1.9356005054539456 5.0434043048315838 4.1742689126930488 1.5890269151739729 2.3937458713910238 0.6063576095677633 3.7132745361986528 4.4885732424042368 3.6632328069201612 2.5619819897016298 4.9199542854466296
decision_type=2 2 2 2 2 2 2 2 2 2 2
left_child=1 2 3 -1 -2 7 -7 8 -6 -9 -8
right_child=4 -3 -4 -5 5 6 10 9 -10 -11 -12
leaf_value=0.001481545134770891 -0.0016351513428768767 -0.0019481110968627036 0.0041712863234958297 -0.0016137651800501929 -0.00044295032225225288 -0.0034694994270632212 -0.0013332146386939871 -0.002528757091773593 0.0033523963173278251 0.00022115460081697732 0.0013925493533651417
leaf_weight=36 39 28 24 23 23 22 23 23 26 244 26
leaf_count=36 39 28 24 23 23 22 23 23 26 244 26
internal_value=0 0.000556602 0.00140157 0.000274899 -0.00014503 5.13725e-06 -0.000996995 0.0002303 0.00157091 -1.57292e-05 0.000113109
internal_weight=0 111 83 59 426 387 71 316 49 267 49
internal_count=537 111 83 59 426 387 71 316 49 267 49
is_linear=0
shrinkage=0.1


Tree=338
num_leaves=13
num_cat=0
split_feature=19 19 38 29 34 49 22 104 15 12 13 66
split_gain=0.00473679 0.0290152 0.0114082 0.00991671 0.0147074 0.0152004 0.00846436 0.00683873 0.0064783 0.013325 0.00798452 0.00605604
threshold=5.379886735236628 5.5606520443413574 6.2633964485293765 4.4885732424042368 5.2203412156610947 1.5890269151739729 5.1416464569318583 3.5549397315361362 5.9788825602762081 5.1984817689835037 5.9634967309428317 5.3515772882368742
decision_type=2 2 2 2 2 2 2 2 2 2 2 2
left_child=2 -2 3 4 5 -1 -5 8 9 -3 -10 -9
right_child=1 7 -4 6 -6 -7 -8 11 10 -11 -12 -13
leaf_value=-0.0012267057988027189 -0.0038244804568504072 0.00060808115922554866 0.0022649416141211987 9.2743788487636125e-07 0.0020308687270721194 0.00048823605679514256 -0.002603364663082175 0.0020819897602240628 0.0017333907713085257 -0.002553206084606548 -0.00087398567500159789 -0.00017233712715096773
leaf_weight=73 22 24 25 26 41 177 24 26 24 30 23 22
leaf_count=73 22 24 25 26 41 177 24 26 24 30 23 22
internal_value=0 -0.000434507 0.000203008 5.18394e-05 0.000275374 -1.2527e-05 -0.00124913 6.60254e-05 -0.000401015 -0.00114819 0.000457441 0.00104876
internal_weight=0 171 366 341 291 250 50 149 101 54 47 48
internal_count=537 171 366 341 291 250 50 149 101 54 47 48
is_linear=0
shrinkage=0.1


Tree=339
num_leaves=13
num_cat=0
split_feature=16 30 34 48 43 26 29 26 15 52 38 3
split_gain=0.00432518 0.0196562 0.0368141 0.0153738 0.017387 0.0118757 0.0117784 0.0116582 0.0125832 0.0168435 0.0085145 0.00623724
threshold=3.1567740231385479 5.0906732680195743 4.744894319750431 4.5325416796595226 2.191013317336941 4.0247135285553481 1.8688348091416844 4.6913057964583187 4.6346818562128229 4.4367340276668159 4.3303869599468818 4.8903208612686422
decision_type=2 2 2 2 2 2 2 2 2 2 2 2
left_child=1 2 3 4 -1 6 -2 10 9 -9 -7 -10
right_child=5 -3 -4 -5 -6 7 -8 8 11 -11 -12 -13
leaf_value=0.00085538837505737318 -2.7518318561108214e-05 -0.0021198080140703286 0.0039870225537257898 0.0019222186325350778 -0.0020252969019400719 0.002801669416476216 -0.0031631817228917497 0.00017641212034504863 0.0011574395588072747 -0.0032921754904756588 7.8081462362950511e-05 -0.00015594896470532706
leaf_weight=40 23 26 30 32 44 24 25 28 46 28 22 169
leaf_count=40 23 26 30 32 44 24 25 28 46 28 22 169
internal_value=0 0.000413425 0.000864549 5.70127e-05 -0.000653542 -0.00019482 -0.00166068 2.71398e-05 -0.00022271 -0.00155788 0.00149908 0.000125055
internal_weight=0 172 146 116 84 365 48 317 271 56 46 215
internal_count=537 172 146 116 84 365 48 317 271 56 46 215
is_linear=0
shrinkage=0.1


Tree=340
num_leaves=6
num_cat=0
split_feature=60 100 103 68 96
split_gain=0.00400011 0.00699444 0.0147941 0.0075284 0.00660091
threshold=0.91126556394740443 4.9542375470235838 2.1383330595080281 3.6407074317259216 4.0247135285553481
decision_type=2 2 2 2 2
left_child=-1 -2 -3 -4 -5
right_child=1 2 3 4 -6
leaf_value=0.0012099638205164901 -0.001659465450435304 0.0020044647336804442 -0.001934010392076082 0.00094492762967139101 -0.00019423232185611752
leaf_weight=26 26 35 22 59 369
leaf_count=26 26 35 22 59 369
internal_value=0 -6.15637e-05 2.4097e-05 -0.000129932 -3.71986e-05
internal_weight=0 511 485 450 428
internal_count=537 511 485 450 428
is_linear=0
shrinkage=0.1


Tree=341
num_leaves=7
num_cat=0
split_feature=78 78 44 87 28 26
split_gain=0.00371366 0.00914647 0.00547373 0.0265423 0.0127602 0.0090026
threshold=3.6857097057852584 2.8464811208691994 2.191013317336941 0.13879458329149547 2.3937458713910238 4.791641144189394
decision_type=2 2 2 2 2 2
left_child=1 2 3 -1 -4 -6
right_child=-2 -3 4 -5 5 -7
leaf_value=-0.0010362113733572186 -0.00092696222425729495 0.0019790721087095636 -0.0021547490157020851 0.00267985663659921 0.00076722612169039667 -0.00032618837836288062
leaf_weight=40 40 24 30 37 106 260
leaf_count=40 40 24 30 37 106 260
internal_value=0 7.46046e-05 -2.2028e-05 0.000749432 -0.000172034 -9.51642e-06
internal_weight=0 497 473 77 396 366
internal_count=537 497 473 77 396 366
is_linear=0
shrinkage=0.1


Tree=342
num_leaves=9
num_cat=0
split_feature=45 41 26 26 12 99 27 31
split_gain=0.0035118 0.0127743 0.00460129 0.0145324 0.0332528 0.0128885 0.0119649 0.0166814
threshold=6.6957064688540546 6.3117199868476508 4.465842055365858 3.7132745361986528 3.3497501700808394 2.1383330595080281 2.8029010331479989 3.1132683346437333
decision_type=2 2 2 2 2 2 2 2
left_child=1 2 3 5 -5 -1 -4 -8
right_child=-2 -3 6 4 -6 -7 7 -9
leaf_value=0.0007678962163219094 0.0012089136498220996 -0.0024116299504054373 0.0018300028199392242 -0.0044987002116007114 0.00049525872649004059 -0.0017784920502454044 -0.0022769288991444877 0.00029960056756621903
leaf_weight=97 23 22 43 24 30 25 28 245
leaf_count=97 23 22 43 24 30 25 28 245
internal_value=0 -5.40954e-05 5.13228e-05 -0.000358451 -0.00172428 0.000246095 0.000279551 3.53411e-05
internal_weight=0 514 492 176 54 122 316 273
internal_count=537 514 492 176 54 122 316 273
is_linear=0
shrinkage=0.1


Tree=343
num_leaves=13
num_cat=0
split_feature=16 30 34 13 8 26 92 26 15 79 40 34
split_gain=0.00346231 0.0166098 0.030267 0.0146356 0.0230569 0.00999389 0.0104177 0.00909651 0.010699 0.0158344 0.00799364 0.00659114
threshold=3.1567740231385479 5.0906732680195743 4.744894319750431 2.8029010331479989 1.5890269151739729 4.0247135285553481 5.2761776560110656 4.6913057964583187 4.6346818562128229 2.7706317725792133 4.2625806805327082 6.6883353279854534
decision_type=2 2 2 2 2 2 2 2 2 2 2 2
left_child=1 2 3 4 -1 6 -2 10 9 -9 -7 -10
right_child=5 -3 -4 -5 -6 7 -8 8 11 -11 -12 -13
leaf_value=-0.0029225323246872248 -0.00016386238421546296 -0.0019587775293845111 0.0036158278012104954 0.001872245757476776 0.00056212445414117118 0.0025916349188870908 -0.0031205704544184053 -6.9913122570142153e-05 -0.00013135600350903007 -0.0035129686447114431 -4.7333727971735331e-05 0.0013054922799197719
leaf_weight=29 26 26 30 32 55 24 22 34 176 22 22 39
leaf_count=29 26 26 30 32 55 24 22 34 176 22 22 39
internal_value=0 0.000369895 0.00078459 5.2373e-05 -0.000640912 -0.000174307 -0.00151902 2.93094e-05 -0.00019139 -0.00142254 0.00132952 0.000129282
internal_weight=0 172 146 116 84 365 48 317 271 56 46 215
internal_count=537 172 146 116 84 365 48 317 271 56 46 215
is_linear=0
shrinkage=0.1


Tree=344
num_leaves=7
num_cat=0
split_feature=34 0 69 63 8 57
split_gain=0.00378957 0.00448465 0.00792051 0.00515873 0.00793458 0.00779075
threshold=7.1966391559419423 6.4536138387458246 6.1789998885796011 5.9558239461055011 5.0562255201382529 4.0159810566756651
decision_type=2 2 2 2 2 2
left_child=1 2 3 4 -1 -5
right_child=-2 -3 -4 5 -6 -7
leaf_value=7.1269803579114788e-05 -0.0012558151815977433 0.0011489328331247505 -0.0016556431412547163 0.0022963265092888225 -0.0014392572722266405 0.00019657767261378468
leaf_weight=321 23 35 28 24 39 67
leaf_count=321 23 35 28 24 39 67
internal_value=0 5.61941e-05 -2.36511e-05 7.76699e-05 -9.23706e-05 0.000750358
internal_weight=0 514 479 451 360 91
internal_count=537 514 479 451 360 91
is_linear=0
shrinkage=0.1


Tree=345
num_leaves=13
num_cat=0
split_feature=19 19 18 30 34 18 18 25 71 53 100 38
split_gain=0.00347332 0.0236808 0.0109138 0.0121898 0.0193465 0.0212031 0.0090427 0.0150097 0.00669674 0.00823213 0.0124717 0.010652
threshold=5.379886735236628 5.5606520443413574 5.2626767655455557 5.2203412156610947 5.1298812082267613 4.7790881836238563 5.609465086342035 4.8751681865209777 3.637239779386936 3.1914737186377642 9.0821589971566841 6.1158701961393769
decision_type=2 2 2 2 2 2 2 2 2 2 2 2
left_child=2 -2 3 4 5 -1 -4 -8 9 11 -11 -3
right_child=1 8 6 -5 -6 -7 7 -9 -10 10 -12 -13
leaf_value=0.00032166960831432335 -0.0034346166151491084 0.0011207547001540663 0.0029800162333148451 -0.0016679437819957024 0.0028729187038455469 -0.0022358738309823166 -0.0011528689730912448 0.0024285417727448726 -0.0012551007848621036 0.0030656626610004387 0.00011531959355220591 -0.0016157913356878316
leaf_weight=192 22 25 22 42 24 39 25 22 30 23 38 33
leaf_count=192 22 25 22 42 24 39 25 22 30 23 38 33
internal_value=0 -0.000372073 0.000173837 -8.93674e-05 0.000170633 -0.000110123 0.00130676 0.000523536 8.01149e-05 0.000416724 0.00122774 -0.000436246
internal_weight=0 171 366 297 255 231 69 47 149 119 61 58
internal_count=537 171 366 297 255 231 69 47 149 119 61 58
is_linear=0
shrinkage=0.1


Tree=346
num_leaves=9
num_cat=0
split_feature=35 33 101 34 2 69 5 22
split_gain=0.00352758 0.0125911 0.00931967 0.00551758 0.0118088 0.00701029 0.00812108 0.00620884
threshold=6.1861747525776369 5.6021120126471873 4.5950688323293329 5.6524337755370313 5.344720891341141 1.5138613836196224 1.0397207708399181 6.212604087723423
decision_type=2 2 2 2 2 2 2 2
left_child=1 3 -2 5 -5 -1 -7 -6
right_child=2 -3 -4 4 7 6 -8 -9
leaf_value=-0.0016930014132342946 -0.00028655939536025363 -0.0018343603465166922 0.0023548977068540726 0.0021963689479577754 -0.0012309809629287986 0.0011217526050115174 -0.0002093640008983626 0.00095605127001181258
leaf_weight=26 34 38 22 35 27 55 275 25
leaf_count=26 34 38 22 35 27 55 275 25
internal_value=0 -8.74527e-05 0.000751156 6.2395e-05 0.000776296 -0.00011207 1.24888e-05 -0.000179523
internal_weight=0 481 56 443 87 356 330 52
internal_count=537 481 56 443 87 356 330 52
is_linear=0
shrinkage=0.1


Tree=347
num_leaves=7
num_cat=0
split_feature=60 100 103 49 49 101
split_gain=0.0037769 0.00653977 0.0102238 0.0060577 0.0152988 0.00626269
threshold=0.91126556394740443 4.9542375470235838 2.1383330595080281 4.9415403713792339 4.6150714996361826 5.1298812082267613
decision_type=2 2 2 2 2 2
left_child=-1 -2 -3 4 -4 -5
right_child=1 2 3 5 -6 -7
leaf_value=0.0011757207058298474 -0.0016049153280059379 0.0016693023154844664 -0.00014191529767045304 0.0010496714640267832 -0.0026388999178177785 -0.00022584669844572769
leaf_weight=26 26 35 269 76 27 78
leaf_count=26 26 35 269 76 27 78
internal_value=0 -5.98214e-05 2.30084e-05 -0.000105037 -0.000369681 0.00040363
internal_weight=0 511 485 450 296 154
internal_count=537 511 485 450 296 154
is_linear=0
shrinkage=0.1


Tree=348
num_leaves=10
num_cat=0
split_feature=43 31 41 38 60 27 3 80 0
split_gain=0.00352193 0.0154673 0.0140727 0.00930621 0.0182619 0.00696241 0.00606227 0.00902399 0.00699629
threshold=5.2806591939842535 5.3981524641123215 4.8751681865209777 5.609465086342035 0.91126556394740443 1.5890269151739729 4.8903208612686422 0.80391483896428828 5.1474268681323965
decision_type=2 2 2 2 2 2 2 2 2
left_child=2 -2 3 4 -1 -6 -3 8 -8
right_child=1 6 -4 -5 5 -7 7 -9 -10
leaf_value=0.0029204515965168621 -0.0020673662504300523 0.0011815555411158131 0.0023345045163296165 -0.0019407952785157883 0.00068645969635861763 -0.00039554932056232411 -0.0012630602455994285 -0.0020132070589486675 0.00084696002812548123
leaf_weight=22 41 40 28 23 85 198 22 23 55
leaf_count=22 41 40 28 23 85 198 22 23 55
internal_value=0 -0.000359161 0.000182607 -1.09161e-06 0.000145181 -7.05643e-05 0.0001411 -0.000275083 0.000244097
internal_weight=0 181 356 328 305 283 140 100 77
internal_count=537 181 356 328 305 283 140 100 77
is_linear=0
shrinkage=0.1


Tree=349
num_leaves=6
num_cat=0
split_feature=101 102 102 38 84
split_gain=0.00353205 0.00929127 0.00978306 0.00537427 0.0109932
threshold=6.1922600203877645 4.6539149966267201 4.4425820475484112 6.9527121927165378 0.68497705806044296
decision_type=2 2 2 2 2
left_child=1 2 3 4 -1
right_child=-2 -3 -4 -5 -6
leaf_value=-2.3247775252300936e-05 0.0011606227003503591 -0.0017346794416587198 0.001938092298447513 0.0013397026686176945 -0.0023182423388458449
leaf_weight=407 25 31 26 26 22
leaf_count=407 25 31 26 26 22
internal_value=0 -5.6671e-05 5.1475e-05 -5.63317e-05 -0.00014094
internal_weight=0 512 481 455 429
internal_count=537 512 481 455 429
is_linear=0
shrinkage=0.1


Tree=350
num_leaves=11
num_cat=0
split_feature=34 2 24 98 26 49 14 43 86 86
split_gain=0.0036628 0.00476 0.0196514 0.0121147 0.0232617 0.0148257 0.0211536 0.0111918 0.00736873 0.00716255
threshold=7.1966391559419423 5.1179758838799021 3.2180751841847144 3.2769667020129059 5.0434043048315838 1.0397207708399181 4.2625806805327082 1.0397207708399181 0.65913922143987869 0.54205585727546068
decision_type=2 2 2 2 2 2 2 2 2 2
left_child=1 3 -3 5 -5 6 -1 -7 9 -4
right_child=-2 2 8 4 -6 7 -8 -9 -10 -11
leaf_value=-0.00012959835657966323 -0.0012346299603687722 0.0032315397688018328 0.00012749805952485952 -0.0031865175083272759 0.00093118742756221609 0.0012870669569537948 0.0038462951030258253 -0.00077034083980177641 0.0016708586230659143 -0.0016325235558690987
leaf_weight=32 23 22 161 34 23 33 23 133 26 27
leaf_count=32 23 22 161 34 23 33 23 133 26 27
internal_value=0 5.52461e-05 0.000385531 -0.000225139 -0.00152499 0.000110115 0.00153305 -0.000361338 9.29504e-05 -0.000125271
internal_weight=0 514 236 278 57 221 55 166 214 188
internal_count=537 514 236 278 57 221 55 166 214 188
is_linear=0
shrinkage=0.1


Tree=351
num_leaves=12
num_cat=0
split_feature=92 20 51 103 29 22 8 2 26 27 34
split_gain=0.00335147 0.0107231 0.0186502 0.00696633 0.00612067 0.0231029 0.0174979 0.0168282 0.00971512 0.0156864 0.00501365
threshold=5.3895524099708947 6.102536072598296 5.2931911783158618 1.9356005054539456 1.0397207708399181 2.3937458713910238 3.8064155152036787 4.2045812236012674 4.0247135285553481 2.8029010331479989 3.4960482137079443
decision_type=2 2 2 2 2 2 2 2 2 2 2
left_child=4 2 3 -2 6 -6 7 -1 10 -10 -7
right_child=1 -3 -4 -5 5 8 -8 -9 9 -11 -12
leaf_value=-0.0039284641843881805 -0.0013778885570860915 0.0010797195702359793 -0.002955685730194091 0.00080624117574188867 0.003251288706436753 -0.002142539469059557 0.0010476551429532907 -1.7156234455548905e-05 0.0025747684904282716 6.5513122342609331e-05 -0.00015916121448390189
leaf_weight=22 23 34 32 40 25 26 34 22 28 226 25
leaf_count=22 23 34 32 40 25 26 34 22 28 226 25
internal_value=0 -0.000444289 -0.000989724 8.86048e-06 0.000140474 0.000328778 -0.000656197 -0.00197281 8.92276e-05 0.000342124 -0.0011703
internal_weight=0 129 95 63 408 330 78 44 305 254 51
internal_count=537 129 95 63 408 330 78 44 305 254 51
is_linear=0
shrinkage=0.1


Tree=352
num_leaves=11
num_cat=0
split_feature=102 102 73 98 102 9 35 104 66 15
split_gain=0.00315073 0.0179192 0.00887431 0.00807491 0.00895479 0.00680629 0.00656944 0.00981791 0.0108818 0.00475042
threshold=3.6632328069201612 3.2951505240983434 4.6249247525354482 4.4064217167585982 2.5619819897016298 4.744894319750431 3.5408542930527882 3.5972184255501678 5.3515772882368742 5.8170934442298607
decision_type=2 2 2 2 2 2 2 2 2 2
left_child=1 2 3 4 -1 -2 -7 9 -9 -8
right_child=5 -3 -4 -5 -6 6 7 8 -10 -11
leaf_value=-0.00023048705910788046 0.0019727936692778831 -0.0021545894909650088 -0.001775135054291847 0.0019827614931273276 0.0010487609286630888 -0.0014678291616622699 0.0005965822354832758 0.0030676218954360356 -4.3249565748159182e-05 -0.001210792675776633
leaf_weight=228 23 40 24 24 72 22 26 23 22 33
leaf_count=228 23 40 24 24 72 22 26 23 22 33
internal_value=0 -0.000150105 8.02953e-05 0.000217735 7.65325e-05 0.000390878 0.000102115 0.000434219 0.00154675 -0.000414322
internal_weight=0 388 348 324 300 149 126 104 45 59
internal_count=537 388 348 324 300 149 126 104 45 59
is_linear=0
shrinkage=0.1


Tree=353
num_leaves=7
num_cat=0
split_feature=45 46 44 47 47 24
split_gain=0.00315951 0.0100788 0.00505451 0.00458376 0.00706011 0.00688733
threshold=6.6957064688540546 6.5220754968327581 6.0185902545239411 5.5606520443413574 4.9415403713792339 4.6727851606181448
decision_type=2 2 2 2 2 2
left_child=1 2 3 4 -1 -5
right_child=-2 -3 -4 5 -6 -7
leaf_value=-9.2543318202371744e-05 0.0011466750848542332 -0.0017151234168148435 0.0012418384698000464 0.00064050309036089038 0.0010203622936803317 -0.0014788690120558781
leaf_weight=307 23 34 34 23 70 46
leaf_count=307 23 34 34 23 70 46
internal_value=0 -5.13104e-05 6.65431e-05 -2.30535e-05 0.000114097 -0.000772412
internal_weight=0 514 480 446 377 69
internal_count=537 514 480 446 377 69
is_linear=0
shrinkage=0.1


Tree=354
num_leaves=13
num_cat=0
split_feature=97 3 46 88 100 103 68 66 21 74 103 44
split_gain=0.0033189 0.0145138 0.0102081 0.0181396 0.0126304 0.0129133 0.00847799 0.00893577 0.0112114 0.00852987 0.00721447 0.0105129
threshold=5.1179758838799021 4.9199542854466296 3.7132745361986528 0.47240076575646123 8.4217626499261424 4.0163424379838117 4.5792792410854934 4.4880679366512748 4.8038866541935423 0.31073430264444873 5.6418819206652282 5.609465086342035
decision_type=2 2 2 2 2 2 2 2 2 2 2 2
left_child=1 2 3 -1 5 -4 -2 8 9 -8 -9 -12
right_child=6 -3 4 -5 -6 -7 7 10 -10 -11 11 -13
leaf_value=-0.0022812515670476959 0.0019301428268330971 -0.0022220217113499531 0.00053515536925214627 0.001249152235686779 0.0026114969768307426 -0.0013087436035275459 0.0014960722034347469 0.0018517965998349562 -0.0018833955475565747 -0.00099833237831122609 0.0014598860419355335 -0.0014401759279426187
leaf_weight=43 28 32 158 22 22 50 29 37 40 26 25 25
leaf_count=43 28 32 158 22 22 50 29 37 40 26 25 25
internal_value=0 -0.000199226 2.0196e-05 -0.00108635 0.000332914 9.19104e-05 0.000310223 6.10047e-05 -0.000609541 0.000316899 0.00079321 9.85506e-06
internal_weight=0 327 295 65 230 208 210 182 95 55 87 50
internal_count=537 327 295 65 230 208 210 182 95 55 87 50
is_linear=0
shrinkage=0.1


Tree=355
num_leaves=7
num_cat=0
split_feature=34 38 40 41 92 12
split_gain=0.00308558 0.0051863 0.00351844 0.00640155 0.00683535 0.00522852
threshold=6.9527121927165378 6.5352317916717775 6.0185902545239411 5.2310943182715759 5.4154146917747248 4.6001450180613412
decision_type=2 2 2 2 2 2
left_child=1 2 3 4 -1 -5
right_child=-2 -3 -4 5 -6 -7
leaf_value=4.8502380398373219e-05 -0.00096844632625429623 0.0015609687982677397 -0.00096005564523188194 0.00016755442570515531 -0.00154610163750978 0.0021961095696800231
leaf_weight=368 31 22 36 27 29 24
leaf_count=368 31 22 36 27 29 24
internal_value=0 5.93317e-05 -8.92454e-06 6.75056e-05 -6.798e-05 0.00112217
internal_weight=0 506 484 448 397 51
internal_count=537 506 484 448 397 51
is_linear=0
shrinkage=0.1


Tree=356
num_leaves=9
num_cat=0
split_feature=35 41 2 14 15 18 31 41
split_gain=0.003063 0.0110483 0.0040121 0.0168245 0.0116887 0.0108123 0.0341648 0.0158747
threshold=6.6950642080078762 6.3314765202922478 5.1179758838799021 4.8559213341406453 4.1742689126930488 4.5746578350692051 3.2180751841847144 3.3667009459186801
decision_type=2 2 2 2 2 2 2 2
left_child=1 2 5 -4 -5 7 -7 -1
right_child=-2 -3 3 4 -6 6 -8 -9
leaf_value=0.00088001086217601133 0.0011555236861485437 -0.0022419419144915245 0.0029249856445897858 -0.0021055948412553832 0.0003392360948507448 -0.0042404430608730765 5.0363441631715327e-05 -0.0012040838896959592
leaf_weight=123 22 22 23 22 176 25 72 52
leaf_count=123 22 22 23 22 176 25 72 52
internal_value=0 -4.93622e-05 4.84811e-05 0.000364964 6.75882e-05 -0.000208662 -0.00105551 0.000260737
internal_weight=0 515 493 221 198 272 97 175
internal_count=537 515 493 221 198 272 97 175
is_linear=0
shrinkage=0.1


Tree=357
num_leaves=10
num_cat=0
split_feature=16 30 30 64 49 6 57 56 46
split_gain=0.00297471 0.0138409 0.0338441 0.01778 0.0335307 0.0081198 0.00616116 0.00918136 0.0073578
threshold=3.1567740231385479 5.0434043048315838 4.6101453514146771 3.2802402297776605 2.191013317336941 3.9316333620047872 2.4262783956315253 3.8968964838426361 6.5220754968327581
decision_type=2 2 2 2 2 2 2 2 2
left_child=1 2 3 4 -1 -2 -7 -8 -9
right_child=5 -3 -4 -5 -6 6 7 8 -10
leaf_value=-0.0038383317943662407 -0.0015658749475118681 -0.0015334625900322862 0.003813597278926393 0.0020566458321021252 0.00056620297878648017 -0.0015814210166749749 0.0019520308752544225 0.00014567087460261749 -0.0014043440869344133
leaf_weight=25 37 32 29 30 56 23 25 245 35
leaf_count=25 37 32 29 30 56 23 25 245 35
internal_value=0 0.00034286 0.000771734 -2.2987e-05 -0.000793221 -0.000161567 -3.15424e-06 0.000115863 -4.8081e-05
internal_weight=0 172 140 111 81 365 328 305 280
internal_count=537 172 140 111 81 365 328 305 280
is_linear=0
shrinkage=0.1


Tree=358
num_leaves=9
num_cat=0
split_feature=43 37 31 0 101 58 45 79
split_gain=0.0032754 0.0123857 0.00502991 0.00398911 0.00573611 0.0125908 0.00630955 0.003394
threshold=6.2045393967584817 5.9053284366375065 6.3297193168114436 6.3025585929177081 4.7621374077860157 4.6150714996361826 1.5890269151739731 6.2383227176872378
decision_type=2 2 2 2 2 2 2 2
left_child=1 3 -2 4 5 -1 -6 -5
right_child=2 -3 -4 7 6 -7 -8 -9
leaf_value=-6.5315923495133806e-05 0.0017773105222731831 -0.002296403257059865 -0.00017419192863599164 0.0018160872351886195 0.00070345287879362058 0.0020557052834192292 -0.0011959166278781956 7.8738547618622368e-05
leaf_weight=288 25 24 28 22 23 31 73 23
leaf_count=288 25 24 28 22 23 31 73 23
internal_value=0 -8.1726e-05 0.000746328 3.38224e-05 -6.31485e-05 0.000140802 -0.000740859 0.000928109
internal_weight=0 484 53 460 415 319 96 45
internal_count=537 484 53 460 415 319 96 45
is_linear=0
shrinkage=0.1


Tree=359
num_leaves=7
num_cat=0
split_feature=29 32 84 51 100 4
split_gain=0.00339173 0.0124192 0.00538609 0.00450552 0.0184994 0.0179145
threshold=6.3314765202922478 6.2841271995609906 0.67644775793055045 2.9430520157250784 6.7331722472720719 3.8499212036984933
decision_type=2 2 2 2 2 2
left_child=1 2 3 5 -5 -1
right_child=-2 -3 -4 4 -6 -7
leaf_value=0.0010679768533895905 0.00086278271074185066 -0.0023422972046081791 0.0014364568230051261 -0.0024171171173091154 2.5132395567847459e-05 -0.00097633718237986281
leaf_weight=119 42 23 26 36 224 67
leaf_count=119 42 23 26 36 224 67
internal_value=0 -7.32058e-05 3.73643e-05 -4.41971e-05 -0.000313025 0.000331584
internal_weight=0 495 472 446 260 186
internal_count=537 495 472 446 260 186
is_linear=0
shrinkage=0.1


Tree=360
num_leaves=10
num_cat=0
split_feature=35 37 17 72 66 4 102 72 100
split_gain=0.00322902 0.00880859 0.00797731 0.00347758 0.0134719 0.0132758 0.0105013 0.00722435 0.00951986
threshold=6.1861747525776369 5.8719233458001243 5.6559673591485771 0.37504708671941628 1.9356005054539456 4.6346818562128229 2.0126758453675748 0.27210885391215056 6.1158701961393769
decision_type=2 2 2 2 2 2 2 2 2
left_child=1 3 -2 7 6 -6 -5 8 -1
right_child=2 -3 -4 4 5 -7 -8 -9 -10
leaf_value=0.0013748250965080742 0.0021483070192397976 -0.0020383500843308869 -0.00027775196455574286 -0.00072053839509008516 -0.0035646106846715236 -9.0572963976724588e-05 0.0019387051658769552 0.0016714989273921299 -0.00019179847474343366
leaf_weight=45 23 22 33 33 22 22 27 29 281
leaf_count=45 23 22 33 33 22 22 27 29 281
internal_value=0 -8.36699e-05 0.000718665 1.00184e-05 -0.000498527 -0.00182759 0.000476121 0.000159001 2.44532e-05
internal_weight=0 481 56 459 104 44 60 355 326
internal_count=537 481 56 459 104 44 60 355 326
is_linear=0
shrinkage=0.1


Tree=361
num_leaves=12
num_cat=0
split_feature=92 8 30 34 34 89 18 23 27 71 34
split_gain=0.00324076 0.00898631 0.00616893 0.0277957 0.0225342 0.0119278 0.0112221 0.00570488 0.0142875 0.00745824 0.00557743
threshold=5.2291783978631114 3.7609296261008152 5.0172579074712669 4.6586997221347959 5.1298812082267613 0.58938893810103898 3.1345481418531311 5.1984817689835037 4.9415403713792339 3.637239779386936 4.9869730080923453
decision_type=2 2 2 2 2 2 2 2 2 2 2
left_child=1 -1 3 5 -4 6 -2 8 -6 -9 -3
right_child=2 10 4 -5 7 -7 -8 9 -10 -11 -12
leaf_value=-0.0019948916065161406 0.0014620798174291849 0.0011340680748930779 -0.0029618135062736222 0.0028740870859473946 0.00040617704011000145 -0.001762027002758149 -0.0003797823917373162 0.0007305736096472978 -0.002752789581956511 -0.0012241318581484098 -0.00088296330963762908
leaf_weight=29 55 29 27 40 41 33 83 129 22 23 26
leaf_count=29 55 29 27 40 41 33 83 129 22 23 26
internal_value=0 -0.000570487 0.000105786 0.000500991 -0.000238794 -5.41195e-05 0.000354293 0.000103167 -0.000696954 0.000434796 0.000180562
internal_weight=0 84 453 211 242 171 138 215 63 152 55
internal_count=537 84 453 211 242 171 138 215 63 152 55
is_linear=0
shrinkage=0.1


Tree=362
num_leaves=8
num_cat=0
split_feature=40 26 68 68 95 89 28
split_gain=0.00277988 0.00882498 0.00344498 0.0151288 0.0146819 0.0160302 0.00726759
threshold=6.5984756171974519 6.8053391632106601 4.6102843803351883 4.8074719518177291 1.0397207708399181 0.65914310820012523 2.9700856263602158
decision_type=2 2 2 2 2 2 2
left_child=1 2 4 -4 -1 -6 -5
right_child=-2 -3 3 6 5 -7 -8
leaf_value=-0.0026013886876171456 0.00095226644731030382 -0.0019683180950106241 0.0021762719315625472 -0.0017525129803371701 0.00041122956310002835 -0.00236851209095524 0.00015143620779282474
leaf_weight=24 29 23 36 22 153 24 226
leaf_count=24 29 23 36 22 153 24 226
internal_value=0 -5.43617e-05 3.64033e-05 0.000260617 -0.000280396 3.43154e-05 -1.74625e-05
internal_weight=0 508 485 284 201 177 248
internal_count=537 508 485 284 201 177 248
is_linear=0
shrinkage=0.1


Tree=363
num_leaves=7
num_cat=0
split_feature=20 34 38 30 34 66
split_gain=0.00304827 0.0105715 0.00575604 0.00554852 0.00843299 0.00491466
threshold=6.102536072598296 6.4952609922484532 6.2633964485293765 5.8888741216379641 5.6524337755370313 5.5331941655433008
decision_type=2 2 2 2 2 2
left_child=1 2 3 4 -1 -2
right_child=5 -3 -4 -5 -6 -7
leaf_value=-9.3386688930094847e-05 0.0014470662505898094 -0.0019049703320585349 0.0013722115949106714 -0.0012484920723687134 0.0016038029709307012 -0.00029718404286541047
leaf_weight=344 35 30 30 36 32 30
leaf_count=344 35 30 30 36 32 30
internal_value=0 -8.84148e-05 3.48808e-05 -6.24977e-05 5.1055e-05 0.000642028
internal_weight=0 472 442 412 376 65
internal_count=537 472 442 412 376 65
is_linear=0
shrinkage=0.1


Tree=364
num_leaves=10
num_cat=0
split_feature=6 6 12 60 100 87 99 2 54
split_gain=0.00287845 0.0233781 0.009862 0.00849037 0.00797262 0.00648406 0.00671164 0.00626097 0.00371626
threshold=6.1158701961393769 5.8888741216379641 5.4337124689388192 5.1379413298430929 9.2194769245923212 0.56373159625432556 3.6505739029280164 5.1179758838799021 6.0844968186443777
decision_type=2 2 2 2 2 2 2 2 2
left_child=1 2 3 7 -2 6 8 -1 -6
right_child=4 -3 -4 -5 5 -7 -8 -9 -10
leaf_value=-0.00012881412334727908 0.0018758646072016966 -0.0026779388645522748 0.0019026218339734313 -0.0018234904538840056 0.00063736915868834007 -0.001522972754636695 0.0017972617701161654 0.00095930627871756297 -0.0012006775923179124
leaf_weight=266 29 33 28 25 22 22 24 66 22
leaf_count=266 29 33 28 25 22 22 24 66 22
internal_value=0 -0.000123532 9.54177e-05 -4.63238e-05 0.000433917 -3.071e-05 0.000452081 8.7499e-05 -0.000281654
internal_weight=0 418 385 357 119 90 68 332 44
internal_count=537 418 385 357 119 90 68 332 44
is_linear=0
shrinkage=0.1


Tree=365
num_leaves=10
num_cat=0
split_feature=3 30 20 23 15 27 11 61 9
split_gain=0.00275481 0.0163893 0.0196057 0.00806354 0.0128256 0.00944907 0.00910797 0.00994223 0.00729129
threshold=1.9356005054539456 5.0434043048315838 1.5890269151739729 1.5890269151739729 1.9356005054539456 2.524928003624769 3.0201273556387074 3.4927504583956579 1.8688348091416844
decision_type=2 2 2 2 2 2 2 2 2
left_child=1 2 -1 4 -2 -5 -7 -8 -4
right_child=3 -3 8 5 -6 6 7 -9 -10
leaf_value=0.0032467246681837179 -0.0029647730931174014 -0.0016483684153562146 -0.00094030354789538257 0.0015772107846310571 0.00037795112531801515 -0.0016077343705841783 0.0014443861625543586 -0.00017969161911392603 0.0014245968998610888
leaf_weight=29 24 28 32 36 22 37 44 263 22
leaf_count=29 24 28 32 36 22 37 44 263 22
internal_value=0 0.000443713 0.00114948 -0.000115615 -0.00136608 3.57566e-05 -0.000125558 5.30752e-05 2.31744e-05
internal_weight=0 111 83 426 46 380 344 307 54
internal_count=537 111 83 426 46 380 344 307 54
is_linear=0
shrinkage=0.1


Tree=366
num_leaves=11
num_cat=0
split_feature=104 10 57 18 22 26 42 3 64 22
split_gain=0.00289658 0.0128317 0.0107701 0.00802056 0.00902233 0.0165648 0.00935585 0.00767169 0.00496062 0.00386287
threshold=3.1345481418531311 6.0799096305063562 4.0723967577711875 5.8888741216379641 5.1416464569318583 5.0906732680195743 5.9480043110926326 5.7203064016793022 5.8932536726466136 6.4551936188910082
decision_type=2 2 2 2 2 2 2 2 2 2
left_child=1 3 -2 4 5 -1 -6 -4 -9 -10
right_child=2 -3 7 -5 6 -7 -8 8 9 -11
leaf_value=-0.00012694520442344792 0.0017315142329261152 -0.0022878634595634557 -0.0016928904345259071 0.0014740608560660966 -0.0022018621047640119 0.0024937523822127668 -2.3794286350560623e-05 0.0015163464656022068 -0.00096802009463620685 0.00073408185999142013
leaf_weight=226 42 26 25 34 38 27 41 24 30 24
leaf_count=226 42 26 25 34 38 27 41 24 30 24
internal_value=0 -0.000141253 0.000381869 1.12389e-05 -0.000138568 0.000152734 -0.00107147 -0.000168472 0.000320124 -0.00021153
internal_weight=0 392 145 366 332 253 79 103 78 54
internal_count=537 392 145 366 332 253 79 103 78 54
is_linear=0
shrinkage=0.1


Tree=367
num_leaves=10
num_cat=0
split_feature=80 50 37 95 61 33 44 40 100
split_gain=0.0026909 0.00594375 0.00574686 0.0135533 0.0111977 0.00990142 0.00724231 0.0172745 0.00552437
threshold=2.4931713007636058 4.5325416796595226 1.5890269151739731 1.0397207708399181 0.85184371294609129 1.5890269151739731 1.0397207708399181 2.602003343538398 8.2900414926984425
decision_type=2 2 2 2 2 2 2 2 2
left_child=2 -2 3 -1 -4 8 -6 -8 -5
right_child=1 -3 4 5 6 -7 7 -9 -10
leaf_value=-0.0025726189130339128 -0.00032164050579263736 0.0017605764153323926 0.0022902589196085255 0.0019219777587315312 -0.001358974860301493 -0.0017584204815317538 0.0028231558940288695 -7.92626793409963e-05 -0.00022549708839505911
leaf_weight=29 29 26 22 23 37 22 22 302 25
leaf_count=29 29 26 22 23 37 22 22 302 25
internal_value=0 0.00066268 -7.5617e-05 -0.000754779 9.99366e-05 -1.67413e-06 -3.35456e-05 0.000117815 0.000803501
internal_weight=0 55 482 99 383 70 361 324 48
internal_count=537 55 482 99 383 70 361 324 48
is_linear=0
shrinkage=0.1


Tree=368
num_leaves=8
num_cat=0
split_feature=26 44 68 68 95 41 103
split_gain=0.00269119 0.007041 0.00300439 0.011723 0.0103744 0.0149462 0.00570679
threshold=7.0021555404279701 6.5452010056581358 4.6102843803351883 4.8074719518177291 1.0397207708399181 3.8499212036984933 1.0397207708399181
decision_type=2 2 2 2 2 2 2
left_child=1 2 4 -4 -1 -6 -5
right_child=-2 -3 3 6 5 -7 -8
leaf_value=-0.0022192910371813925 0.00093695354559619368 -0.0017630781310246043 0.0019232702338033252 -0.0013802256323052226 0.00051683189230258375 -0.0016258882376267902 0.00015985616544689311
leaf_weight=24 29 23 36 27 134 43 221
leaf_count=24 29 23 36 27 134 43 221
internal_value=0 -5.34875e-05 2.75859e-05 0.000236971 -0.000268262 -3.71594e-06 -7.81403e-06
internal_weight=0 508 485 284 201 177 248
internal_count=537 508 485 284 201 177 248
is_linear=0
shrinkage=0.1


Tree=369
num_leaves=10
num_cat=0
split_feature=41 34 26 25 69 103 68 35 49
split_gain=0.00265074 0.00353673 0.00988456 0.00902049 0.00667306 0.00635819 0.0127041 0.00630409 0.00385557
threshold=6.4068582012380899 5.6524337755370313 5.6801667848034825 4.8751681865209777 1.5138613836196224 2.1383330595080281 4.8074719518177291 5.6454406545496605 1.9356005054539456
decision_type=2 2 2 2 2 2 2 2 2
left_child=1 4 -3 -4 -1 6 -6 -5 -7
right_child=-2 2 3 7 5 8 -8 -9 -10
leaf_value=-0.001651795883439123 -0.0008288275256442527 0.0023782193215320939 -0.0017149070394225419 0.0018608189977665183 0.0023765250953147188 -0.00091448538270860649 -0.00071023240482948795 4.7472380089720279e-05 8.3732456087917945e-06
leaf_weight=26 36 23 22 26 30 57 24 73 220
leaf_count=26 36 23 22 26 30 57 24 73 220
internal_value=0 5.95565e-05 0.000477902 0.000116684 -0.000109188 1.19838e-05 0.00100463 0.000523705 -0.000181529
internal_weight=0 501 144 121 357 331 54 99 277
internal_count=537 501 144 121 357 331 54 99 277
is_linear=0
shrinkage=0.1


Tree=370
num_leaves=14
num_cat=0
split_feature=89 89 98 88 102 79 79 1 50 13 57 24 57
split_gain=0.00250115 0.0171497 0.0140323 0.0163086 0.0215368 0.0130493 0.0121606 0.0108987 0.00886069 0.022387 0.0187561 0.00746082 0.0142508
threshold=0.22974486851048764 1.0000000180025095e-35 2.191013317336941 0.15709987798973188 2.3502401828962087 3.8709839499103427 4.8039874504845796 4.5325416796595226 1.9356005054539456 2.191013317336941 2.4262783956315253 1.0397207708399181 1.5702341610064703
decision_type=2 2 2 2 2 2 2 2 2 2 2 2 2
left_child=1 2 11 4 -4 8 -7 -5 -2 -10 -11 -1 -13
right_child=5 -3 3 7 -6 6 -8 -9 9 10 -12 12 -14
leaf_value=0.0025460940534248952 -0.0015193868388087141 -0.0022698296067704049 -0.0035900236472712257 0.0021282033280779918 -0.00034916577618007851 0.003361510460010984 0.0004709020097601921 -0.00028274296212475752 0.0025693007432467615 -0.002792620547848788 0.0003360411783708542 -0.0015739635246890514 0.0014995560406532605
leaf_weight=25 40 35 29 30 70 22 43 50 30 27 66 22 48
leaf_count=25 40 35 29 30 70 22 43 50 30 27 66 22 48
internal_value=0 -0.000185384 8.08778e-05 -0.000440466 -0.00129851 0.000251244 0.00144926 0.000621362 -0.000226494 0.000193959 -0.00057228 0.0010632 0.000533593
internal_weight=0 309 274 179 99 228 65 80 163 123 93 95 70
internal_count=537 309 274 179 99 228 65 80 163 123 93 95 70
is_linear=0
shrinkage=0.1


Tree=371
num_leaves=12
num_cat=0
split_feature=74 74 2 44 36 46 53 33 34 34 15
split_gain=0.00283614 0.00851447 0.00921645 0.00419346 0.0169169 0.0322253 0.020065 0.0106276 0.0135138 0.00925634 0.00743427
threshold=0.88252434624072318 1.1110642940671689 4.3303869599468818 2.9174053685313028 1.0397207708399181 3.7609296261008152 2.2856912252778776 3.1132683346437333 4.0247135285553481 4.3303869599468818 4.6346818562128229
decision_type=2 2 2 2 2 2 2 2 2 2 2
left_child=3 -2 -3 4 6 -6 -1 8 -5 -9 -11
right_child=1 2 -4 7 5 -7 -8 9 -10 10 -12
leaf_value=-0.0024423461176532636 -0.0021721372077160555 0.001628742465729137 -0.0010728751406921739 -0.0032665453941180286 -7.8328329516061314e-05 0.0045209136577323084 0.0012464615986040185 0.0020082493601366875 -0.00016691974806002318 -0.00094057781789160801 0.00030556927079726992
leaf_weight=30 23 23 28 22 39 25 29 25 39 64 190
leaf_count=30 23 23 28 22 39 25 29 25 39 64 190
internal_value=0 -0.000574846 0.000145501 9.1876e-05 0.000592236 0.00171825 -0.000629203 -8.91366e-05 -0.00128482 0.000172285 -8.42055e-06
internal_weight=0 74 51 463 123 64 59 340 61 279 254
internal_count=537 74 51 463 123 64 59 340 61 279 254
is_linear=0
shrinkage=0.1


Tree=372
num_leaves=11
num_cat=0
split_feature=3 50 104 65 23 15 27 16 31 53
split_gain=0.00234743 0.0128762 0.0157289 0.0132133 0.00592803 0.0101618 0.00796449 0.0131012 0.00985469 0.00465049
threshold=1.9356005054539456 4.5746578350692051 1.0986122886681102 3.6940450311570552 1.5890269151739729 1.9356005054539456 2.8029010331479989 3.2951505240983434 3.1132683346437333 4.3207214078003107
decision_type=2 2 2 2 2 2 2 2 2 2
left_child=1 2 -1 -4 5 -2 7 -6 -8 -10
right_child=4 -3 3 -5 6 -7 8 -9 9 -11
leaf_value=-0.0017811117127874039 -0.0026019199114064879 0.0023093181189593722 0.0025754254033672624 -0.00074575761758276953 0.0030231030171059751 0.00037349871021102779 -0.0017639629990940998 -0.00029261406117047256 -0.00016533217907437132 0.00081979711178670797
leaf_weight=36 24 27 25 23 22 22 34 26 238 60
leaf_count=36 24 27 25 23 22 22 34 26 238 60
internal_value=0 0.000409593 -0.000201033 0.000984025 -0.000106725 -0.00117889 2.3064e-05 0.00122709 -0.000151012 3.3016e-05
internal_weight=0 111 84 48 426 46 380 48 332 298
internal_count=537 111 84 48 426 46 380 48 332 298
is_linear=0
shrinkage=0.1


Tree=373
num_leaves=6
num_cat=0
split_feature=40 26 86 60 61
split_gain=0.00231557 0.00848727 0.00309683 0.00548995 0.00795694
threshold=6.5984756171974519 6.8053391632106601 0.68476950597767339 0.91126556394740443 1.6600138229157391
decision_type=2 2 2 2 2
left_child=1 2 3 -1 -5
right_child=-2 -3 -4 4 -6
leaf_value=0.0015393581141954656 0.00086910936194632595 -0.0019265916383238105 -0.0010445219078101219 -0.0014083612794315236 0.00014395372931891843
leaf_weight=25 29 23 25 36 399
leaf_count=25 29 23 25 36 399
internal_value=0 -4.96145e-05 3.93968e-05 9.83054e-05 1.54863e-05
internal_weight=0 508 485 460 435
internal_count=537 508 485 460 435
is_linear=0
shrinkage=0.1


Tree=374
num_leaves=10
num_cat=0
split_feature=41 34 26 25 35 69 5 43 49
split_gain=0.00231067 0.00311117 0.00911257 0.00705755 0.00481031 0.00438003 0.00596096 0.0126979 0.00596833
threshold=6.4068582012380899 5.6524337755370313 5.6801667848034825 4.8751681865209777 5.6454406545496605 1.5138613836196224 1.0397207708399181 4.7273486598447958 1.9356005054539456
decision_type=2 2 2 2 2 2 2 2 2
left_child=1 5 -3 -4 -5 -1 7 -7 -8
right_child=-2 2 3 4 -6 6 8 -9 -10
leaf_value=-0.0013524365883523179 -0.00077383732746562199 0.0022725762409643957 -0.0015189448329196737 0.0016291736446034451 4.5170356066616841e-05 0.0021867689733026606 -0.0011825783436652275 -0.000914777259723368 2.4795199773249642e-05
leaf_weight=26 36 23 22 26 73 33 50 22 226
leaf_count=26 36 23 22 26 73 33 50 22 226
internal_value=0 5.56051e-05 0.000447975 0.00010115 0.000461171 -0.000102662 -4.49222e-06 0.00094615 -0.000193932
internal_weight=0 501 144 121 99 357 331 55 276
internal_count=537 501 144 121 99 357 331 55 276
is_linear=0
shrinkage=0.1


Tree=375
num_leaves=13
num_cat=0
split_feature=98 67 89 89 37 17 4 21 13 92 27 29
split_gain=0.00245928 0.00975846 0.00945669 0.0086063 0.00970846 0.00940911 0.0135164 0.0075008 0.0124712 0.00711477 0.00712863 0.00604512
threshold=2.191013317336941 4.5208425029730224 1.0000000180025095e-35 0.22974486851048764 6.0209762173327137 3.1984648276080736 4.5325416796595226 3.4960482137079443 2.191013317336941 5.316232622791726 2.6735537653587347 2.8029010331479989
decision_type=2 2 2 2 2 2 2 2 2 2 2 2
left_child=2 -2 7 4 11 -5 -7 8 -1 10 -4 -3
right_child=1 3 9 5 -6 6 -8 -9 -10 -11 -12 -13
leaf_value=0.00059247256900562216 -0.0021974908213781997 -0.0012706134241456406 -1.3200594272849891e-06 0.0021457212938306232 -0.0023408797482261435 -0.002006110951871328 0.00072990997744325019 -0.00022193176546627939 0.0035566789468496362 0.00063675003102383557 -0.0022185929213923497 0.00015819874722619421
leaf_weight=40 22 39 29 30 24 23 84 33 22 39 29 123
leaf_count=40 22 39 29 30 24 23 84 33 22 39 29 123
internal_value=0 -0.000159646 0.000286864 -2.08454e-05 -0.000463853 0.00058061 0.000141793 0.000996022 0.00164429 -0.000407672 -0.00110996 -0.000185775
internal_weight=0 345 192 323 186 137 107 95 62 97 58 162
internal_count=537 345 192 323 186 137 107 95 62 97 58 162
is_linear=0
shrinkage=0.1


Tree=376
num_leaves=7
num_cat=0
split_feature=29 32 84 51 100 100
split_gain=0.00303611 0.00899195 0.0033926 0.00422309 0.0131358 0.0123902
threshold=6.3314765202922478 6.2841271995609906 0.67644775793055045 2.9430520157250784 6.7331722472720719 7.0850628910679374
decision_type=2 2 2 2 2 2
left_child=1 2 3 5 -5 -1
right_child=-2 -3 -4 4 -6 -7
leaf_value=0.0010807933385949583 0.00081630018609021567 -0.0020000360941554865 0.0011352136930397067 -0.0020731972604860656 -1.5224844638136608e-05 -0.00055619998859393214
leaf_weight=100 42 23 26 36 224 86
leaf_count=100 42 23 26 36 224 86
internal_value=0 -6.92618e-05 2.48225e-05 -3.99088e-05 -0.000300175 0.000323904
internal_weight=0 495 472 446 260 186
internal_count=537 495 472 446 260 186
is_linear=0
shrinkage=0.1


Tree=377
num_leaves=9
num_cat=0
split_feature=33 33 50 68 41 9 92 60
split_gain=0.0027841 0.0118563 0.0100473 0.00810328 0.0036964 0.00946242 0.00444275 0.00794982
threshold=5.9053284366375065 5.6021120126471873 5.0688844241303981 6.1330572796556622 5.2310943182715759 4.5538214868689204 5.4154146917747248 1.0551066001732952
decision_type=2 2 2 2 2 2 2 2
left_child=1 4 -2 -4 6 -6 7 -1
right_child=2 -3 3 -5 5 -7 -8 -9
leaf_value=0.001737368303118274 -0.0010078732348047198 -0.0022061945126042701 0.0028596610365308485 0.00014551002320579507 -0.0002901580752222799 0.0024039284654215655 -0.001312922118705939 -0.0001108271469554364
leaf_weight=25 25 25 22 22 32 22 27 337
leaf_count=25 25 25 22 22 32 22 27 337
internal_value=0 -8.74293e-05 0.000592999 0.00150259 3.21398e-05 0.000807433 -7.54844e-05 1.68107e-05
internal_weight=0 468 69 44 443 54 389 362
internal_count=537 468 69 44 443 54 389 362
is_linear=0
shrinkage=0.1


Tree=378
num_leaves=10
num_cat=0
split_feature=27 26 23 53 101 58 15 73 21
split_gain=0.00255427 0.00822964 0.00526637 0.00748951 0.00784171 0.00313729 0.00844886 0.00537178 0.00413743
threshold=5.8550678171289681 6.2005071168401162 5.9188794015264019 3.1914737186377642 5.4929852296371777 5.5568206079685734 5.4510292435120062 3.6885668564169776 4.8038866541935423
decision_type=2 2 2 2 2 2 2 2 2
left_child=1 5 -2 -4 -5 6 7 -1 -7
right_child=2 -3 3 4 -6 8 -8 -9 -10
leaf_value=0.00025657098010299027 0.0018197299700907687 -0.0019470302479179657 -0.0011148599662192283 0.0021432374759266775 -0.0003873869935050607 0.0017246007394177193 -0.0018085537646752696 -0.0006835328823217424 -8.552017617538306e-05
leaf_weight=253 22 23 32 24 25 23 27 80 28
leaf_count=253 22 23 32 24 25 23 27 80 28
internal_value=0 -0.000106248 0.000447685 7.50309e-05 0.000852103 -3.2357e-06 -0.000107225 3.07202e-05 0.000730809
internal_weight=0 434 103 81 49 411 360 333 51
internal_count=537 434 103 81 49 411 360 333 51
is_linear=0
shrinkage=0.1


Tree=379
num_leaves=9
num_cat=0
split_feature=26 44 47 35 45 41 17 98
split_gain=0.0023487 0.00583928 0.00320183 0.0063581 0.0062264 0.0137836 0.0107561 0.0061296
threshold=7.0021555404279701 6.5452010056581358 4.9199542854466296 4.9199542854466296 2.8029010331479989 2.8029010331479989 2.6735537653587347 3.7132745361986528
decision_type=2 2 2 2 2 2 2 2
left_child=1 2 4 -4 5 -1 -6 -5
right_child=-2 -3 3 7 6 -7 -8 -9
leaf_value=-0.00015484975240522342 0.00087530534264856376 -0.0016068472602890562 0.0015858321426682833 -0.00057885583185796703 -0.002197683059494011 0.002388891872484237 -0.00014697496491288277 0.00069164445389432311
leaf_weight=144 29 23 34 74 35 25 95 78
leaf_count=144 29 23 34 74 35 25 95 78
internal_value=0 -4.99682e-05 2.38632e-05 0.00034963 -0.000178788 0.000221443 -0.000699089 7.31114e-05
internal_weight=0 508 485 186 299 169 130 152
internal_count=537 508 485 186 299 169 130 152
is_linear=0
shrinkage=0.1


Tree=380
num_leaves=13
num_cat=0
split_feature=51 104 99 60 68 53 16 77 52 4 60 103
split_gain=0.0025827 0.00985303 0.0140589 0.00965979 0.00725004 0.00685494 0.0135351 0.00897278 0.00611879 0.00798627 0.0111399 0.00790081
threshold=2.9430520157250784 1.4978661367769956 0.89587973461402759 1.0551066001732952 4.1772346342812865 3.7870910720223336 6.0844968186443777 5.6472105679022233 1.7005986908310777 3.8499212036984933 4.5512383630501203 2.4414009612931857
decision_type=2 2 2 2 2 2 2 2 2 2 2 2
left_child=3 2 -2 -1 -3 6 -6 -7 -5 11 -11 -10
right_child=1 4 -4 8 5 7 -8 -9 9 10 -12 -13
leaf_value=0.0022085568264668363 -0.0032778811124760821 0.0018188967189582237 -9.5205387666023205e-05 -0.0014193860250525177 -9.0671361860178635e-05 0.0013396143123585111 -0.0026995898816191285 -0.00048429394064813247 0.0026080425881611358 -0.0023380559361116451 0.00027572376499255559 0.00035371393995482547
leaf_weight=23 23 22 35 25 116 60 24 49 22 22 63 53
leaf_count=23 23 22 35 25 116 60 24 49 22 22 63 53
internal_value=0 -0.000174375 -0.0013573 0.000275814 7.87976e-05 -7.49461e-05 -0.000537915 0.000519692 3.5527e-05 0.000262857 -0.000400784 0.00101498
internal_weight=0 329 58 208 271 249 140 109 185 160 85 75
internal_count=537 329 58 208 271 249 140 109 185 160 85 75
is_linear=0
shrinkage=0.1


Tree=381
num_leaves=10
num_cat=0
split_feature=80 43 15 40 10 40 23 86 42
split_gain=0.00245213 0.00483807 0.00446334 0.0085591 0.0190154 0.0124124 0.00555312 0.00552489 0.00568765
threshold=2.4931713007636058 4.5325416796595226 1.9356005054539456 2.6735537653587347 2.191013317336941 3.9219243190762363 1.9356005054539456 0.67071494108184804 6.9527121927165378
decision_type=2 2 2 2 2 2 2 2 2
left_child=2 -2 3 4 -1 -5 -4 8 -8
right_child=1 -3 6 5 -6 -7 7 -9 -10
leaf_value=0.00028452892205677927 0.0016231252879011803 -0.00025546378573976811 0.0014341119593674584 0.0019269863153686343 -0.0036996538158627634 -0.0013583440727139217 -4.1022272328079047e-05 0.0011658523028849491 -0.0016723479306244332
leaf_weight=25 26 29 28 23 23 23 302 35 23
leaf_count=25 26 29 28 23 23 23 302 35 23
internal_value=0 0.000632597 -7.21842e-05 -0.000690426 -0.00162456 0.000284321 7.7596e-05 -2.79108e-05 -0.00015647
internal_weight=0 55 482 94 48 46 388 360 325
internal_count=537 55 482 94 48 46 388 360 325
is_linear=0
shrinkage=0.1


Tree=382
num_leaves=7
num_cat=0
split_feature=45 46 44 88 104 42
split_gain=0.00271183 0.00596259 0.0047204 0.00392664 0.0119202 0.00839602
threshold=6.6957064688540546 6.5220754968327581 6.0185902545239411 0.32237371114682284 1.0000000180025095e-35 2.191013317336941
decision_type=2 2 2 2 2 2
left_child=1 2 3 4 -1 -5
right_child=-2 -3 -4 5 -6 -7
leaf_value=0.0018609376792556834 0.001062334616258538 -0.0013272626236464609 0.0011788980586810369 0.001102068308488621 -6.8996539231358324e-05 -0.00073911171291936783
leaf_weight=37 23 34 34 30 237 142
leaf_count=37 23 34 34 30 237 142
internal_value=0 -4.75364e-05 4.31109e-05 -4.34738e-05 0.000191615 -0.000417976
internal_weight=0 514 480 446 274 172
internal_count=537 514 480 446 274 172
is_linear=0
shrinkage=0.1


Tree=383
num_leaves=11
num_cat=0
split_feature=31 24 34 2 14 98 3 99 58 36
split_gain=0.00261719 0.0118771 0.00752994 0.00496771 0.0130835 0.0125769 0.0039645 0.00660215 0.00396348 0.00292771
threshold=5.3981524641123215 5.7651468795656617 5.609465086342035 5.1179758838799021 4.8751681865209777 3.2769667020129059 4.8903208612686422 2.3502401828962087 5.8081379809465954 5.7268424424629787
decision_type=2 2 2 2 2 2 2 2 2 2
left_child=1 2 3 5 -5 -1 -2 -8 -9 -10
right_child=6 -3 -4 4 -6 -7 7 8 9 -11
leaf_value=-7.8211626749266757e-05 0.0011554292278285788 -0.0024021411433667794 0.0013847232475278101 0.0024671749105133738 -0.00028267799406744273 -0.0020942947411960043 -0.00099797983357126298 0.0013830018843531008 0.00066184710989806007 -0.00087970605818554759
leaf_weight=189 43 22 35 24 62 37 41 34 28 22
leaf_count=189 43 22 35 24 62 37 41 34 28 22
internal_value=0 -0.000148961 -6.10786e-06 -0.000162131 0.000484723 -0.000408278 0.000327182 4.22646e-05 0.000550003 -1.64363e-05
internal_weight=0 369 347 312 86 226 168 125 84 50
internal_count=537 369 347 312 86 226 168 125 84 50
is_linear=0
shrinkage=0.1


Tree=384
num_leaves=9
num_cat=0
split_feature=78 78 14 20 89 29 87 89
split_gain=0.00271434 0.00589241 0.00428173 0.00958499 0.00718393 0.0240902 0.00675562 0.00665386
threshold=3.6857097057852584 2.8464811208691994 3.1345481418531311 2.602003343538398 0.53678502150563723 2.9174053685313028 0.61999328884387495 0.028591544580249383
decision_type=2 2 2 2 2 2 2 2
left_child=1 2 3 7 6 -6 -4 -1
right_child=-2 -3 4 -5 5 -7 -8 -9
leaf_value=0.0010816511390398123 -0.00079248896887293093 0.00159237999381124 4.6896090379748275e-05 -0.0024075520326099966 0.0034658229515816159 -4.8994123454366886e-05 -0.0013812636993335266 -0.0012423238728925673
leaf_weight=28 40 24 258 23 26 78 38 22
leaf_count=28 40 24 258 23 26 78 38 22
internal_value=0 6.37818e-05 -1.37792e-05 -0.000718063 0.000114753 0.00082971 -0.000136449 5.91021e-05
internal_weight=0 497 473 73 400 104 296 50
internal_count=537 497 473 73 400 104 296 50
is_linear=0
shrinkage=0.1


Tree=385
num_leaves=10
num_cat=0
split_feature=27 43 23 53 101 41 17 19 34
split_gain=0.00232662 0.00638789 0.00427449 0.00539976 0.00665009 0.0041748 0.00431143 0.00874619 0.00721674
threshold=5.8550678171289681 6.0378680719010864 5.9188794015264019 3.1914737186377642 5.4929852296371777 5.2310943182715759 3.8499212036984933 4.5746578350692051 5.2203412156610947
decision_type=2 2 2 2 2 2 2 2 2
left_child=1 5 -2 -4 -5 6 8 -8 -1
right_child=2 -3 3 4 -6 -7 7 -9 -10
leaf_value=-7.041630935906038e-05 0.0016633729244032028 -0.0015909326206720261 -0.00091880275413132046 0.001940347069952016 -0.00039008305314928299 0.0010582164710606723 -0.0019154501303897374 -6.6243840877800003e-05 0.0015005286995266728
leaf_weight=209 22 27 32 24 25 34 35 95 34
leaf_count=209 22 27 32 24 25 34 35 95 34
internal_value=0 -0.000101403 0.00042727 9.15378e-05 0.000751352 -2.58868e-06 -9.92841e-05 -0.000564107 0.000149387
internal_weight=0 434 103 81 49 407 373 130 243
internal_count=537 434 103 81 49 407 373 130 243
is_linear=0
shrinkage=0.1


Tree=386
num_leaves=8
num_cat=0
split_feature=34 44 79 79 101 102 100
split_gain=0.00222011 0.00324778 0.00314241 0.0046155 0.0038522 0.00594689 0.00550729
threshold=7.1966391559419423 6.4232258802757327 5.2781016436508681 6.0748278607123192 4.7621374077860157 3.7132745361986528 8.5421754714216824
decision_type=2 2 2 2 2 2 2
left_child=1 2 4 -4 6 -6 -1
right_child=-2 -3 3 -5 5 -7 -8
leaf_value=-0.0001371505863711978 -0.00096120807030946839 0.0011788180476287381 0.001569558636702854 -0.00023042658826203218 -0.001704758804906825 -4.8731309933620589e-05 0.00091143128964057583
leaf_weight=280 23 24 29 28 35 57 61
leaf_count=280 23 24 29 28 35 57 61
internal_value=0 4.30113e-05 -1.26201e-05 0.000685355 -0.000104501 -0.000678742 5.04256e-05
internal_weight=0 514 490 57 433 92 341
internal_count=537 514 490 57 433 92 341
is_linear=0
shrinkage=0.1


Tree=387
num_leaves=6
num_cat=0
split_feature=26 26 45 26 36
split_gain=0.00228276 0.00534933 0.00396944 0.00269383 0.0030419
threshold=7.0021555404279701 6.4952609922484532 6.1632062049841245 6.2005071168401162 5.0172579074712669
decision_type=2 2 2 2 2
left_child=1 2 3 4 -1
right_child=-2 -3 -4 -5 -6
leaf_value=-0.00011410432734120344 0.00086293108560594502 -0.0013680856177133733 0.0011645600645289083 -0.00092677979846484966 0.00054759795635949229
leaf_weight=330 29 29 29 32 88
leaf_count=330 29 29 29 32 88
internal_value=0 -4.92618e-05 3.05835e-05 -4.2495e-05 2.52014e-05
internal_weight=0 508 479 450 418
internal_count=537 508 479 450 418
is_linear=0
shrinkage=0.1


Tree=388
num_leaves=9
num_cat=0
split_feature=35 37 37 72 100 6 72 100
split_gain=0.00209743 0.00638187 0.00563144 0.00217194 0.00712985 0.00929642 0.00448708 0.00611225
threshold=6.1861747525776369 5.8719233458001243 6.6957064688540546 0.37504708671941628 7.3287612361611201 4.744894319750431 0.27210885391215056 6.1158701961393769
decision_type=2 2 2 2 2 2 2 2
left_child=1 3 -2 6 -5 -6 7 -1
right_child=2 -3 -4 4 5 -7 -8 -9
leaf_value=0.0011060421073084904 0.0014163966472331209 -0.0017312166672623294 -0.00062197245981382291 -0.0016040806436318567 0.0015929234413696186 -0.00074846672955467257 0.0013220536827655703 -0.00014926525741381391
leaf_weight=45 33 22 23 33 28 43 29 281
leaf_count=45 33 22 23 33 28 43 29 281
internal_value=0 -6.74339e-05 0.000579209 1.23116e-05 -0.000389585 0.000174898 0.00013005 2.40134e-05
internal_weight=0 481 56 459 104 71 355 326
internal_count=537 481 56 459 104 71 355 326
is_linear=0
shrinkage=0.1


Tree=389
num_leaves=10
num_cat=0
split_feature=80 80 14 96 84 83 44 87 39
split_gain=0.00202434 0.0066998 0.0066067 0.0084977 0.0053701 0.00414647 0.00325591 0.0128789 0.0104064
threshold=1.5427436621996165 0.97575882019212934 4.4885732424042368 4.8559213341406453 0.67644775793055045 0.23908057422989837 2.191013317336941 0.036928771232934005 1.0397207708399181
decision_type=2 2 2 2 2 2 2 2 2
left_child=1 4 -2 -4 6 -5 7 -1 -8
right_child=2 -3 3 5 -6 -7 8 -9 -10
leaf_value=-0.00069648790486812062 0.0018930936568801332 -0.0016186876446698554 -0.0014679348476218164 0.0016814589881202363 0.001211123488182613 -0.00014131168046822916 -0.0021405456113387593 0.0016111159231513739 -7.4830062710264295e-05
leaf_weight=51 23 27 27 24 34 26 27 46 252
leaf_count=51 23 27 27 24 34 26 27 46 252
internal_value=0 -9.28783e-05 0.000405878 -3.83549e-05 7.60181e-06 0.000733618 -0.000101227 0.00039784 -0.000274738
internal_weight=0 437 100 77 410 50 376 97 279
internal_count=537 437 100 77 410 50 376 97 279
is_linear=0
shrinkage=0.1


Tree=390
num_leaves=9
num_cat=0
split_feature=83 7 83 51 36 83 80 68
split_gain=0.00199895 0.00614033 0.00392638 0.00890382 0.00794477 0.00718808 0.00454631 0.0050446
threshold=4.0219559641194129 5.4116061905722832 1.6834935115739136 4.1742689126930488 3.8499212036984933 1.0184707708828478 2.8617925509761908 4.2299094871536145
decision_type=2 2 2 2 2 2 2 2
left_child=2 -2 5 -4 -5 6 7 -1
right_child=1 -3 3 4 -6 -7 -8 -9
leaf_value=0.0007010158345158408 0.00027686499867259583 -0.0018672048463486135 -0.00073236881379181384 0.0029554707696661355 0.00032458163865764316 -0.0012771126437867277 0.001269151519809384 -0.00022515204159180241
leaf_weight=76 34 22 26 22 24 43 30 260
leaf_count=76 34 22 26 22 24 43 30 260
internal_value=0 -0.000565448 6.58318e-05 0.000746788 0.00158283 -5.40431e-05 8.96509e-05 -1.56617e-05
internal_weight=0 56 481 72 46 409 366 336
internal_count=537 56 481 72 46 409 366 336
is_linear=0
shrinkage=0.1


Tree=391
num_leaves=13
num_cat=0
split_feature=28 41 41 18 54 60 87 7 52 88 57 83
split_gain=0.00225049 0.00857586 0.0100328 0.0129663 0.0126988 0.00803321 0.00682569 0.0094454 0.00932203 0.00723983 0.00662697 0.00566851
threshold=3.0433873634561537 4.0428973506407848 2.8029010331479989 4.6101453514146771 1.5890269151739729 3.2087744712094417 0.036928771232934005 4.7621374077860157 4.4367340276668159 0.5016519545637167 2.6521211196992733 1.6834935115739136
decision_type=2 2 2 2 2 2 2 2 2 2 2 2
left_child=1 2 3 4 -1 -2 10 8 -8 -9 -7 -12
right_child=5 -3 -4 -5 -6 6 7 9 -10 -11 11 -13
leaf_value=0.002282188517380167 0.0016792057943905915 -0.0018354398996355788 0.0016834843935894556 -0.0022653449243599817 -0.00052648361791095039 -0.0010107129085722758 -0.00037189093252111761 -0.00045588756736833605 -0.0030889390613478814 0.0013442257903666507 0.00038735982658685884 0.0019465268549413003
leaf_weight=22 31 30 29 28 60 27 28 80 23 31 119 29
leaf_count=22 31 30 29 28 60 27 28 80 23 31 119 29
internal_value=0 -0.000302087 2.88527e-05 -0.000407368 0.000227063 0.00013873 -2.97537e-06 -0.000470732 -0.00159723 4.68468e-05 0.000430033 0.000692872
internal_weight=0 169 139 110 82 368 337 162 51 111 175 148
internal_count=537 169 139 110 82 368 337 162 51 111 175 148
is_linear=0
shrinkage=0.1


Tree=392
num_leaves=12
num_cat=0
split_feature=26 101 22 101 26 12 46 61 5 44 26
split_gain=0.00233422 0.00754823 0.0176205 0.00789617 0.00488325 0.014541 0.0062352 0.0112947 0.00708635 0.00321578 0.00416438
threshold=4.465842055365858 2.7058230259275202 5.0906732680195743 3.1132683346437333 3.7132745361986528 3.3497501700808394 3.6632328069201612 1.6600138229157391 3.9316333620047872 6.4232258802757327 4.791641144189394
decision_type=2 2 2 2 2 2 2 2 2 2 2
left_child=4 2 -2 -3 6 -6 7 -1 -9 10 -5
right_child=1 3 -4 9 5 -7 -8 8 -10 -11 -12
leaf_value=-0.0023284733315686815 0.0034206989993849262 -0.0016540411078105018 -0.00017150250269979653 0.00091609557509910681 -0.002860796863213182 0.00040468669224840901 0.0010601717322814936 0.0011863602007672724 -0.0010732176501060959 0.0011451575969759788 -0.00018746963624720401
leaf_weight=23 22 28 36 41 25 30 41 35 23 27 206
leaf_count=23 22 28 36 41 25 30 41 35 23 27 206
internal_value=0 0.00014619 0.00119106 -5.44792e-05 -0.000297337 -0.00107962 5.53341e-05 -0.000453287 0.000290321 0.00010898 -4.28675e-06
internal_weight=0 360 58 302 177 55 122 81 58 274 247
internal_count=537 360 58 302 177 55 122 81 58 274 247
is_linear=0
shrinkage=0.1


Tree=393
num_leaves=10
num_cat=0
split_feature=34 26 47 43 36 26 12 68 49
split_gain=0.00193067 0.00255621 0.00548711 0.0137712 0.0133041 0.0106166 0.00447997 0.00915586 0.0124677
threshold=7.1966391559419423 4.465842055365858 2.8029010331479989 3.0201273556387074 3.9701138825728512 4.791641144189394 4.6346818562128229 4.6102843803351883 3.0433873634561537
decision_type=2 2 2 2 2 2 2 2 2
left_child=1 6 4 -4 -3 -5 7 8 -1
right_child=-2 2 3 5 -6 -7 -8 -9 -10
leaf_value=-0.0019023644121040067 -0.0008963631250915806 0.0023924048429101031 -0.0023803947765786274 0.0021023692776604248 -0.00074064056793956656 7.207535727188927e-06 -0.0014800221238356944 0.0012839497283781195 0.00028224605921423063
leaf_weight=41 23 33 22 27 23 232 26 38 72
leaf_count=41 23 33 22 27 23 232 26 38 72
internal_value=0 4.01096e-05 0.000201727 2.15923e-05 0.00110562 0.000225622 -0.000267603 -5.8842e-05 -0.0005104
internal_weight=0 514 337 281 56 259 177 151 113
internal_count=537 514 337 281 56 259 177 151 113
is_linear=0
shrinkage=0.1


Tree=394
num_leaves=6
num_cat=0
split_feature=29 32 84 46 39
split_gain=0.0019703 0.00664993 0.00281774 0.00289617 0.00412033
threshold=6.3314765202922478 6.2841271995609906 0.67644775793055045 6.5220754968327581 5.8550678171289681
decision_type=2 2 2 2 2
left_child=1 2 3 4 -1
right_child=-2 -3 -4 -5 -6
leaf_value=-5.7989897566298612e-05 0.00065759346831501236 -0.0017161971681755107 0.0010370663320197939 -0.0011024308193251879 0.0011771812481034933
leaf_weight=393 42 23 26 24 29
leaf_count=393 42 23 26 24 29
internal_value=0 -5.57958e-05 2.51136e-05 -3.38792e-05 2.68915e-05
internal_weight=0 495 472 446 422
internal_count=537 495 472 446 422
is_linear=0
shrinkage=0.1


Tree=395
num_leaves=10
num_cat=0
split_feature=84 66 87 89 7 11 53 87 26
split_gain=0.00205461 0.00280716 0.0054853 0.00598166 0.00472716 0.00790908 0.00613076 0.00789205 0.0036292
threshold=0.68497705806044296 4.4880679366512748 0.33941329381316571 0.2914098791825106 5.081385075233106 4.7790881836238563 3.1315473181876547 0.10096399824287748 5.5606520443413574
decision_type=2 2 2 2 2 2 2 2 2
left_child=1 4 3 -3 5 8 -6 -8 -1
right_child=-2 2 -4 -5 6 -7 7 -9 -10
leaf_value=-0.00013756577031150613 -0.00080412037990754473 -0.00072212744807505886 0.0018502960381738378 0.0012463140449164292 -0.001604231847159099 0.0017496791073686577 0.0010908513412824974 -0.00095491925137387379 0.0010639634147602401
leaf_weight=246 30 38 24 26 40 28 33 44 28
leaf_count=246 30 38 24 26 40 28 33 44 28
internal_value=0 4.75811e-05 0.000561028 7.75519e-05 -6.02549e-05 0.000148811 -0.000599894 -7.81604e-05 -1.47818e-05
internal_weight=0 507 88 64 419 302 117 77 274
internal_count=537 507 88 64 419 302 117 77 274
is_linear=0
shrinkage=0.1


Tree=396
num_leaves=8
num_cat=0
split_feature=20 24 100 97 97 100 4
split_gain=0.00191121 0.00758634 0.00337879 0.00300722 0.00418389 0.00449829 0.00245603
threshold=6.102536072598296 6.013712167051259 9.1116773178920063 6.1964420537984912 5.7268424424629787 8.5421754714216824 5.8550678171289681
decision_type=2 2 2 2 2 2 2
left_child=1 3 -2 4 5 -1 -6
right_child=2 -3 -4 -5 6 -7 -8
leaf_value=-0.00010876805478377113 0.0015163399765945294 -0.0018413586420533451 -7.3331817009941088e-06 0.00093958793233579144 -0.0016511776052842227 0.00078148774018960219 -0.00018839849720031702
leaf_weight=300 22 23 43 33 24 70 22
leaf_count=300 22 23 43 33 24 70 22
internal_value=0 -7.00088e-05 0.000508372 2.07285e-05 -5.21618e-05 5.96587e-05 -0.000951588
internal_weight=0 472 65 449 416 370 46
internal_count=537 472 65 449 416 370 46
is_linear=0
shrinkage=0.1


Tree=397
num_leaves=13
num_cat=0
split_feature=51 4 89 36 42 100 48 7 57 87 87 86
split_gain=0.00183524 0.00825809 0.0073471 0.00800346 0.0125013 0.00722732 0.0107747 0.00740195 0.00715104 0.00651923 0.00757143 0.00601917
threshold=2.9430520157250784 1.0397207708399181 0.22974486851048764 3.1132683346437333 4.9415403713792339 7.0850628910679374 3.3667009459186801 2.9430520157250784 3.7116250996774953 0.56846945541947547 0.32239255231084707 0.24203844355923979
decision_type=2 2 2 2 2 2 2 2 2 2 2 2
left_child=5 -2 9 -4 -5 6 11 -7 -9 10 -3 -1
right_child=1 2 3 4 -6 7 -8 8 -10 -11 -12 -13
leaf_value=0.0012035039320055928 -0.0017896459512745163 -0.00062917094649681123 0.0019810910347939259 -0.0015596010904603949 0.00090235785376562765 -0.0015827683343862494 0.002642976715695113 0.0012040020457494099 -0.00074908972723948726 -0.0019465284218313174 0.0009312985381587747 -0.00059220055358309763
leaf_weight=35 28 106 31 30 66 33 25 37 38 24 44 40
leaf_count=35 28 106 31 30 66 33 25 37 38 24 44 40
internal_value=0 -0.000146992 5.81309e-06 0.000584106 0.000132996 0.000232502 0.00084509 -0.00033471 0.000214436 -0.000416274 -0.000171433 0.000245795
internal_weight=0 329 301 127 96 208 100 108 75 174 150 75
internal_count=537 329 301 127 96 208 100 108 75 174 150 75
is_linear=0
shrinkage=0.1


Tree=398
num_leaves=11
num_cat=0
split_feature=34 2 24 48 50 98 48 17 20 2
split_gain=0.00192341 0.00249292 0.00915081 0.00527946 0.00913169 0.00916836 0.00795412 0.00465854 0.00527388 0.00516473
threshold=7.0996144550911771 5.1179758838799021 3.2180751841847144 4.7273486598447958 4.8282817362782584 2.9174053685313028 5.5052984857290932 4.9052473428434826 5.0995688973185436 6.054428325406878
decision_type=2 2 2 2 2 2 2 2 2 2
left_child=1 3 -3 4 5 -1 -5 8 -4 -9
right_child=-2 2 7 6 -6 -7 -8 9 -10 -11
leaf_value=0.00013553774684172236 -0.00085647339140996342 0.0022230503699657593 8.6418355259901058e-05 -0.0019317735192695791 0.0015999249923466284 -0.0016630332143644671 0.00041848080084794974 0.0013628413942309895 -0.0015966696953722114 1.9876360133316164e-05
leaf_weight=149 25 22 52 36 33 35 24 42 29 90
leaf_count=149 25 22 52 36 33 35 24 42 29 90
internal_value=0 4.182e-05 0.000281386 -0.000161422 6.81405e-05 -0.000206582 -0.000991672 8.08382e-05 -0.000516169 0.000447183
internal_weight=0 512 235 277 217 184 60 213 81 132
internal_count=537 512 235 277 217 184 60 213 81 132
is_linear=0
shrinkage=0.1


Tree=399
num_leaves=8
num_cat=0
split_feature=84 2 32 44 42 41 42
split_gain=0.00197415 0.00933737 0.00479323 0.00295772 0.00367405 0.00480514 0.00448924
threshold=0.66033519827623854 5.9480043110926326 6.3951487094329673 6.1779096781959764 5.9375327241700111 5.3889778947782228 5.36580129675328
decision_type=2 2 2 2 2 2 2
left_child=2 -2 3 4 6 -6 -1
right_child=1 -3 -4 -5 5 -7 -8
leaf_value=0.00010763373987246601 -0.0019671717300437964 0.00055028407848166188 0.0015096162387635559 -0.0010821563209901797 0.0019264133748314951 -2.4308324334145124e-05 -0.00080514612679298114
leaf_weight=315 26 34 22 24 23 28 65
leaf_count=315 26 34 22 24 23 28 65
internal_value=0 -0.000540613 6.80017e-05 -1.70274e-06 5.84617e-05 0.000855429 -4.84997e-05
internal_weight=0 60 477 455 431 51 380
internal_count=537 60 477 455 431 51 380
is_linear=0
shrinkage=0.1


Tree=400
num_leaves=11
num_cat=0
split_feature=8 14 8 50 67 46 103 11 30 47
split_gain=0.00171881 0.0124607 0.00576808 0.00481106 0.00697304 0.0033834 0.00827426 0.0105318 0.00509705 0.00511714
threshold=5.799074288650317 6.1779355053092848 5.5568206079685734 6.212604087723423 6.8980170587316989 3.7132745361986528 3.0201273556387074 2.6735537653587347 3.3667009459186801 3.8393944990995772
decision_type=2 2 2 2 2 2 2 2 2 2
left_child=2 -2 5 4 -3 6 -1 -8 -7 -10
right_child=1 3 -4 -5 -6 8 7 -9 9 -11
leaf_value=-0.0019315318216505493 -0.0022200046646132792 -0.00028667905770072888 0.0014531922596908208 -0.00053340468055954797 0.0022310841722752561 0.0016311774728819729 0.0013279893743206881 -0.0010337505170865348 0.00065803650925242969 -0.00026381141744852277
leaf_weight=29 27 22 29 41 22 22 35 41 91 178
leaf_count=29 27 22 29 41 22 22 35 41 91 178
internal_value=0 -0.000348507 9.18419e-05 0.000245968 0.000972203 -7.85296e-06 -0.000494463 5.38929e-05 0.000167728 4.80405e-05
internal_weight=0 112 425 85 44 396 105 76 291 269
internal_count=537 112 425 85 44 396 105 76 291 269
is_linear=0
shrinkage=0.1


Tree=401
num_leaves=7
num_cat=0
split_feature=34 97 10 18 14 62
split_gain=0.00195941 0.00221471 0.00351795 0.00271007 0.00665952 0.00497837
threshold=7.1966391559419423 6.1861747525776369 6.4876828601347034 6.4296986659514745 6.1505459369606674 4.7621374077860157
decision_type=2 2 2 2 2 2
left_child=1 3 -3 4 5 -1
right_child=-2 2 -4 -5 -6 -7
leaf_value=2.3368770445891246e-05 -0.00090301181898330869 0.0014254180115780661 -0.00017438053166390295 -0.00095031277975067508 0.0015238383360805787 -0.0013826729486161775
leaf_weight=374 23 28 27 30 28 27
leaf_count=374 23 28 27 30 28 27
internal_value=0 4.04071e-05 0.000640062 -3.1447e-05 3.28094e-05 -7.13024e-05
internal_weight=0 514 55 459 429 401
internal_count=537 514 55 459 429 401
is_linear=0
shrinkage=0.1


Tree=402
num_leaves=14
num_cat=0
split_feature=51 4 36 45 23 57 104 50 48 16 103 84 24
split_gain=0.00179825 0.00824641 0.0108076 0.0208584 0.00830533 0.00738856 0.00663051 0.0122046 0.0144718 0.0135044 0.00788922 0.00562008 0.00312611
threshold=1.9356005054539456 3.8499212036984933 1.0397207708399181 3.3667009459186801 4.9415403713792339 3.7649039047069892 2.0126758453675748 4.5325416796595226 4.7957563937576522 2.6735537653587347 3.4175922930736511 0.68497705806044296 3.4334666422309414
decision_type=2 2 2 2 2 2 2 2 2 2 2 2 2
left_child=1 2 -1 -4 -3 -6 7 9 -9 -2 -8 12 -12
right_child=6 4 3 -5 5 -7 10 8 -10 -11 11 -13 -14
leaf_value=-0.00072063511513449532 -0.0033132773984608983 -0.0020723005149351514 0.0039720744767691944 0.00016616253124084325 0.001548329944236447 -0.00085171053370717794 0.0017845177867760261 0.0014127411473637973 -0.0016330369130278435 -0.00017469729198357807 -0.00068007058856126511 -0.0015424689775417474 0.00032428980573621675
leaf_weight=27 29 23 24 36 23 29 27 39 26 26 38 22 168
leaf_count=27 29 23 24 36 23 29 27 39 26 26 38 22 168
internal_value=0 0.000278417 0.000940856 0.00168853 -0.000490012 0.000209846 -0.000120276 -0.000733244 0.00019443 -0.00182958 0.000168179 -2.32294e-05 0.000139019
internal_weight=0 162 87 60 75 52 375 120 65 55 255 228 206
internal_count=537 162 87 60 75 52 375 120 65 55 255 228 206
is_linear=0
shrinkage=0.1


Tree=403
num_leaves=9
num_cat=0
split_feature=18 6 100 21 101 101 2 30
split_gain=0.00178644 0.00912705 0.00575125 0.00550463 0.00285695 0.0041102 0.00342215 0.00251214
threshold=6.212604087723423 6.1312170375979624 9.2194769245923212 5.3889778947782228 5.7317205299356608 5.0072460552895199 5.1179758838799021 6.2005071168401162
decision_type=2 2 2 2 2 2 2 2
left_child=3 -2 -3 4 5 6 -1 -4
right_child=1 2 7 -5 -6 -7 -8 -9
leaf_value=-0.00013111510210861028 -0.0020364096267148856 0.0014467307735079281 -0.0012363812542224135 0.0014987823083244551 0.00089053084340059399 -0.0010250230259460783 0.00064665419950971331 0.00017048202261018256
leaf_weight=264 25 24 22 26 33 41 72 30
leaf_count=264 25 24 22 26 33 41 72 30
internal_value=0 -0.000378957 0.000166258 8.77858e-05 -1.69198e-06 -7.97911e-05 3.55497e-05 -0.000424729
internal_weight=0 101 76 436 410 377 336 52
internal_count=537 101 76 436 410 377 336 52
is_linear=0
shrinkage=0.1


Tree=404
num_leaves=9
num_cat=0
split_feature=44 68 95 89 53 104 83 36
split_gain=0.00185843 0.00193763 0.00752312 0.0108575 0.0207572 0.0067462 0.00339829 0.00441351
threshold=6.5984756171974519 4.6102843803351883 1.0397207708399181 0.65914310820012523 0.70808679187955681 0.34657359027997264 4.0219559641194129 4.2625806805327082
decision_type=2 2 2 2 2 2 2 2
left_child=1 2 -1 4 -4 -3 7 -7
right_child=-2 5 3 -5 -6 6 -8 -9
leaf_value=-0.001858346793111802 -0.00077860779530400858 0.0016269006402580999 0.002799577005498577 -0.0019491507885201526 -0.00021270810011774302 0.0010236565911624466 -0.00092096087455502136 -3.7426118871401428e-05
leaf_weight=24 29 30 28 24 125 49 32 196
leaf_count=24 29 30 28 24 125 49 32 196
internal_value=0 4.44481e-05 -0.000196917 2.83617e-05 0.00033856 0.000202475 4.82054e-05 0.00017479
internal_weight=0 508 201 177 153 307 277 245
internal_count=537 508 201 177 153 307 277 245
is_linear=0
shrinkage=0.1


Tree=405
num_leaves=7
num_cat=0
split_feature=34 38 40 41 41 86
split_gain=0.00164897 0.00288277 0.00231666 0.00319209 0.00339328 0.00288057
threshold=6.9527121927165378 6.5352317916717775 6.0185902545239411 5.2310943182715759 5.4380415003103764 0.68476950597767339
decision_type=2 2 2 2 2 2
left_child=1 2 3 5 -5 -1
right_child=-2 -3 -4 4 -6 -7
leaf_value=2.4074786307755859e-05 -0.00070796853021508268 0.001162916860564358 -0.00077929997351020583 0.0017357600455976685 8.8794482871890073e-05 -0.0011532794260843233
leaf_weight=375 31 22 36 22 29 22
leaf_count=375 31 22 36 22 29 22
internal_value=0 4.33736e-05 -7.51475e-06 5.45037e-05 0.00079925 -4.1169e-05
internal_weight=0 506 484 448 51 397
internal_count=537 506 484 448 51 397
is_linear=0
shrinkage=0.1


Tree=406
num_leaves=8
num_cat=0
split_feature=26 44 88 88 34 18 100
split_gain=0.00172819 0.00443038 0.00179325 0.0056973 0.00439389 0.0048525 0.00435535
threshold=7.0021555404279701 6.5452010056581358 0.643176865477746 0.56926050640888715 3.6632328069201612 5.2469686674288658 6.1158701961393769
decision_type=2 2 2 2 2 2 2
left_child=1 2 3 6 -4 -6 -1
right_child=-2 -3 4 -5 5 -7 -8
leaf_value=0.0010068715151012226 0.00075083014852335233 -0.0013989737642038128 0.0016598086129471831 -0.0012250899655842468 -0.0010994017741683384 0.00089462233870737972 -6.2550942609894194e-05
leaf_weight=43 29 23 22 38 23 26 333
leaf_count=43 29 23 22 38 23 26 333
internal_value=0 -4.28624e-05 2.14481e-05 -5.81821e-05 0.000485771 -4.13482e-05 5.975e-05
internal_weight=0 508 485 414 71 49 376
internal_count=537 508 485 414 71 49 376
is_linear=0
shrinkage=0.1


Tree=407
num_leaves=12
num_cat=0
split_feature=10 96 84 58 79 22 44 73 98 98 89
split_gain=0.00159162 0.00922392 0.00512431 0.00375036 0.0021052 0.00499743 0.00845944 0.00637479 0.00436748 0.00654477 0.00190217
threshold=6.2393002351051399 6.1505459369606674 0.67644775793055045 5.9080238609549438 2.7706317725792133 4.6586997221347959 4.6001450180613412 4.330646767694998 4.3693677306817369 3.2769667020129059 0.028591544580249383
decision_type=2 2 2 2 2 2 2 2 2 2 2
left_child=2 -2 4 -3 8 7 -7 -6 9 -1 -5
right_child=1 3 -4 10 5 6 -8 -9 -10 -11 -12
leaf_value=-7.147919245933788e-05 -0.0021162867212020185 0.0011729220382403584 0.0015687907537953419 -0.00089642468956299128 0.0022532570980256426 -0.001419675327844978 0.00073704736952839248 -8.0740928850983368e-05 0.00080273898444526521 -0.0014383948240546966 0.000341129993878143
leaf_weight=211 23 25 22 27 25 31 44 22 42 42 23
leaf_count=211 23 25 22 27 25 31 44 22 42 42 23
internal_value=0 -0.000364378 8.13417e-05 0.000172874 2.8672e-06 0.000352256 -0.000154398 0.00116075 -0.000141626 -0.000298398 -0.00032715
internal_weight=0 98 439 75 417 122 75 47 295 253 50
internal_count=537 98 439 75 417 122 75 47 295 253 50
is_linear=0
shrinkage=0.1


Tree=408
num_leaves=15
num_cat=0
split_feature=87 61 61 57 87 42 85 41 23 92 3 1 19 25
split_gain=0.00161401 0.00778139 0.0136743 0.00457517 0.00437237 0.0154656 0.00324162 0.0060358 0.0156659 0.0145424 0.00304609 0.00513437 0.00358221 0.00224964
threshold=0.5556069708080712 1.7681961091660321 4.6193409562630938 3.0395248226881164 0.4273144917421744 4.8282817362782584 0.38776643541680028 1.8688348091416844 2.191013317336941 5.2329477611840769 5.5947044697546167 4.8751681865209777 5.703760251940138 4.0428973506407848
decision_type=2 2 2 2 2 2 2 2 2 2 2 2 2 2
left_child=4 -2 3 -3 6 -6 7 9 -9 -1 11 -8 -12 -5
right_child=1 2 -4 13 5 -7 10 8 -10 -11 12 -13 -14 -15
leaf_value=-0.0011939801042899489 -0.0020215534083862707 0.0020491835676417079 -0.0014685164083187519 0.0010238166850864549 -0.00077175453285841899 0.0028570416135430014 0.00043769599400430675 -0.0028043513083293174 -0.00013728221779779739 0.0022695804463216552 0.0018743999950263813 -0.0013117199738347986 0.00027673332935794156 -0.00040626214944164863
leaf_weight=22 22 23 38 22 24 23 62 26 144 27 23 23 36 22
leaf_count=22 22 23 38 22 24 23 62 26 144 27 23 23 36 22
internal_value=0 -0.000311499 4.67981e-05 0.00090623 9.64887e-05 0.00100404 -2.10178e-05 -0.000263336 -0.000545187 0.000714512 0.000347508 -3.56754e-05 0.000899553 0.000308777
internal_weight=0 127 105 67 410 47 363 219 170 49 144 85 59 44
internal_count=537 127 105 67 410 47 363 219 170 49 144 85 59 44
is_linear=0
shrinkage=0.1


Tree=409
num_leaves=8
num_cat=0
split_feature=46 34 98 98 78 24 62
split_gain=0.00163293 0.00217922 0.00150187 0.00893277 0.00429179 0.00380859 0.00448415
threshold=7.0021555404279701 6.7320053855989617 3.8064155152036787 3.2769667020129059 0.45429816077046048 3.1567740231385479 3.4334666422309414
decision_type=2 2 2 2 2 2 2
left_child=1 2 3 4 -1 -4 -7
right_child=-2 -3 5 -5 -6 6 -8
leaf_value=0.00032873349921638421 -0.00072984290469823221 0.00099276322668985181 0.0012653962668866432 -0.0017255926024517976 -0.00056165222160899835 -0.0012116661854088308 0.00023631336670085738
leaf_weight=172 29 23 29 32 79 25 148
leaf_count=172 29 23 29 32 79 25 148
internal_value=0 4.16643e-05 -3.43941e-06 -0.000152111 4.84926e-05 0.000204848 2.70678e-05
internal_weight=0 508 485 283 251 202 173
internal_count=537 508 485 283 251 202 173
is_linear=0
shrinkage=0.1


Tree=410
num_leaves=7
num_cat=0
split_feature=34 44 39 34 22 42
split_gain=0.00149775 0.00188295 0.00203161 0.00172688 0.00765852 0.00575134
threshold=7.1966391559419423 6.4232258802757327 6.1861747525776369 5.2203412156610947 5.1416464569318583 5.335105210377197
decision_type=2 2 2 2 2 2
left_child=1 2 3 5 -5 -1
right_child=-2 -3 -4 4 -6 -7
leaf_value=2.1177425768658903e-05 -0.0007894963947246257 0.00090015629054202386 -0.00088520061792951316 0.0018411816175406177 -3.7538499735226785e-06 -0.0016577867896888745
leaf_weight=281 23 24 25 27 135 22
leaf_count=281 23 24 25 27 135 22
internal_value=0 3.53277e-05 -7.03129e-06 4.01821e-05 0.000303735 -0.000100728
internal_weight=0 514 490 465 162 303
internal_count=537 514 490 465 162 303
is_linear=0
shrinkage=0.1


Tree=411
num_leaves=6
num_cat=0
split_feature=35 41 26 25 29
split_gain=0.00156405 0.00559195 0.00211321 0.00297472 0.00339051
threshold=6.6950642080078762 6.3314765202922478 6.5087680264540815 5.5052984857290932 5.2417330174952186
decision_type=2 2 2 2 2
left_child=1 2 3 4 -1
right_child=-2 -3 -4 -5 -6
leaf_value=-2.4440607409404241e-05 0.00082571544493971905 -0.0015951500757099978 0.00086248274731995735 -0.00087757886362236899 0.0010307753014124255
leaf_weight=394 22 22 29 37 33
leaf_count=394 22 22 29 37 33
internal_value=0 -3.52733e-05 3.43358e-05 -1.74233e-05 5.711e-05
internal_weight=0 515 493 464 427
internal_count=537 515 493 464 427
is_linear=0
shrinkage=0.1


Tree=412
num_leaves=9
num_cat=0
split_feature=35 37 17 17 34 13 19 59
split_gain=0.00160186 0.00498064 0.00377174 0.00141027 0.0062399 0.00710044 0.00598611 0.00308526
threshold=6.1861747525776369 5.8719233458001243 5.6559673591485771 3.891612008168019 5.609465086342035 2.8029010331479989 4.3036997296511936 4.7957563937576522
decision_type=2 2 2 2 2 2 2 2
left_child=1 3 -2 4 5 -1 -5 -8
right_child=2 -3 -4 6 -6 -7 7 -9
leaf_value=-0.00037908846555525654 0.0014892159110825995 -0.0015287542509296063 -0.0001789686395072336 -0.0016339416797272863 0.0017781473029489547 0.00078704080937129657 0.0010030367032245354 -0.00015699144964616466
leaf_weight=154 23 22 33 25 22 79 27 152
leaf_count=154 23 22 33 25 22 79 27 152
internal_value=0 -5.89314e-05 0.000506179 1.15176e-05 0.000168297 1.62944e-05 -0.000184457 1.79849e-05
internal_weight=0 481 56 459 255 233 204 179
internal_count=537 481 56 459 255 233 204 179
is_linear=0
shrinkage=0.1


Tree=413
num_leaves=9
num_cat=0
split_feature=40 26 2 10 18 68 14 95
split_gain=0.00149597 0.00463642 0.00192493 0.00721263 0.00523285 0.0142037 0.00599585 0.00409303
threshold=6.6707012585667238 6.8053391632106601 5.1179758838799021 5.0688844241303981 4.744894319750431 4.5557118317322134 4.5538214868689204 3.4334666422309414
decision_type=2 2 2 2 2 2 2 2
left_child=1 2 4 -4 6 -6 -1 -5
right_child=-2 -3 3 7 5 -7 -8 -9
leaf_value=-0.00010638996062264916 0.00073994255015769842 -0.0014251288740247813 0.0017807404835130675 -0.0012490790817537346 -0.0029932584370147776 5.5121605068312163e-06 0.001429073715892931 0.00020351901431440195
leaf_weight=167 26 23 27 22 22 56 30 164
leaf_count=167 26 23 27 22 22 56 30 164
internal_value=0 -3.76487e-05 2.77448e-05 0.000253415 -0.000147047 -0.000840295 0.000127437 3.17063e-05
internal_weight=0 511 488 213 275 78 197 186
internal_count=537 511 488 213 275 78 197 186
is_linear=0
shrinkage=0.1


Tree=414
num_leaves=7
num_cat=0
split_feature=26 47 39 51 60 100
split_gain=0.00165911 0.00335759 0.00189926 0.00212953 0.0084579 0.00766149
threshold=7.0021555404279701 6.4167269426572506 6.1484317689059056 2.9430520157250784 1.0551066001732952 7.480145263738696
decision_type=2 2 2 2 2 2
left_child=1 2 3 4 -1 -5
right_child=-2 -3 -4 5 -6 -7
leaf_value=0.0020783907744440842 0.00073567060332199372 -0.0011064422078821477 0.00092769313169727965 -0.0012934591786828466 -9.7241451684811454e-06 5.6212398631032565e-05
leaf_weight=22 29 28 22 52 164 220
leaf_count=22 29 28 22 52 164 220
internal_value=0 -4.19969e-05 2.00957e-05 -2.35007e-05 0.000237257 -0.000201813
internal_weight=0 508 480 458 186 272
internal_count=537 508 480 458 186 272
is_linear=0
shrinkage=0.1


Tree=415
num_leaves=7
num_cat=0
split_feature=34 46 0 41 53 41
split_gain=0.00152706 0.00177191 0.00172884 0.00273997 0.00474582 0.00449747
threshold=7.1966391559419423 6.7320053855989617 6.4536138387458246 5.3518469026947413 2.9266115240341928 5.0688844241303981
decision_type=2 2 2 2 2 2
left_child=1 2 3 5 -5 -1
right_child=-2 -3 -4 4 -6 -7
leaf_value=-4.9856342353389803e-05 -0.00079718446156576926 0.00087461420722926653 0.00067183413542807105 0.0002697490846678134 -0.0014076191740035006 0.0012660148924104372
leaf_weight=359 23 24 35 31 37 28
leaf_count=359 23 24 35 31 37 28
internal_value=0 3.56717e-05 -5.41939e-06 -5.75158e-05 -0.000642937 4.53488e-05
internal_weight=0 514 490 455 68 387
internal_count=537 514 490 455 68 387
is_linear=0
shrinkage=0.1


Tree=416
num_leaves=8
num_cat=0
split_feature=22 18 68 68 66 7 15
split_gain=0.00153076 0.00631881 0.00654719 0.00440222 0.00256582 0.0022634 0.00409818
threshold=6.5087680264540815 6.212604087723423 5.9284436354391401 5.8729564318206142 5.648949440878984 5.8170934442298607 5.4510292435120062
decision_type=2 2 2 2 2 2 2
left_child=1 3 -3 5 -2 6 -1
right_child=4 2 -4 -5 -6 -7 -8
leaf_value=1.1472607445086041e-05 0.0010393083692179061 2.0835269242525101e-05 -0.0023652094962966184 0.0014066602751288725 -0.00034666967244861141 0.00076660904040395776 -0.0012066500474854063
leaf_weight=348 34 23 23 23 22 34 30
leaf_count=348 34 23 23 23 22 34 30
internal_value=0 -5.76086e-05 -0.00117219 6.02548e-05 0.000494817 -1.49086e-05 -8.52038e-05
internal_weight=0 481 46 435 56 412 378
internal_count=537 481 46 435 56 412 378
is_linear=0
shrinkage=0.1


Tree=417
num_leaves=11
num_cat=0
split_feature=27 33 65 23 53 101 33 30 46 50
split_gain=0.00146181 0.00471788 0.00926342 0.00333975 0.00345734 0.00314375 0.00276099 0.00320625 0.00602167 0.00240182
threshold=5.8550678171289681 5.2417330174952186 5.0196679415620968 5.9188794015264019 3.1914737186377642 5.4929852296371777 4.7094896185437563 5.5606520443413574 5.2469686674288658 5.4204958404047412
decision_type=2 2 2 2 2 2 2 2 2 2
left_child=1 6 -3 -2 -5 -6 7 8 -1 -8
right_child=3 2 -4 4 5 -7 9 -9 -10 -11
leaf_value=-0.00015940535383143992 0.001431297968057069 -0.0025230369980404664 0.00029050426697358492 -0.00076653241194435395 0.0013873854503799522 -0.0002149238083511591 0.0014517308860376944 -0.0011330324941529679 0.0010793805768116727 3.6981628484985168e-05
leaf_weight=267 22 22 25 32 24 25 24 26 46 24
leaf_count=267 22 22 25 32 24 25 24 26 46 24
internal_value=0 -8.03771e-05 -0.00102647 0.000338676 4.1915e-05 0.000569881 3.45233e-05 -6.5984e-05 2.26526e-05 0.000744356
internal_weight=0 434 47 103 81 49 387 339 313 48
internal_count=537 434 47 103 81 49 387 339 313 48
is_linear=0
shrinkage=0.1


Tree=418
num_leaves=14
num_cat=0
split_feature=87 61 61 57 87 34 38 33 87 46 2 1 41
split_gain=0.00142122 0.00582374 0.0106694 0.00388351 0.00335969 0.0118772 0.00292868 0.00873334 0.00634356 0.00548706 0.0115803 0.00878618 0.00168485
threshold=0.5556069708080712 4.6193409562630938 1.7681961091660321 3.0395248226881164 0.4273144917421744 5.1761337726651186 5.081385075233106 3.1132683346437333 0.12008433422675381 4.465842055365858 4.4885732424042368 3.5549397315361362 3.9316333620047872
decision_type=2 2 2 2 2 2 2 2 2 2 2 2 2
left_child=4 2 -2 -4 6 -6 9 -8 -9 11 -11 -1 -5
right_child=1 -3 3 12 5 -7 7 8 -10 10 -12 -13 -14
leaf_value=-0.0010663352157346459 -0.0017605542734434659 -0.0013286438497935274 0.0018306060524596629 0.00084594622021541002 -0.00060516436770558359 0.0025806813178033653 -0.0020763661722109344 0.00029669192381112316 -0.00130394785364549 0.0027497325757091557 -3.8724948310465116e-06 0.00065712835346403158 -0.00039166471291206435
leaf_weight=55 22 38 23 22 25 22 24 123 31 24 42 64 22
leaf_count=55 22 38 23 22 25 22 24 123 31 24 42 64 22
internal_value=0 -0.000292303 0.000150179 0.000777584 9.05428e-05 0.000886083 -1.2461e-05 -0.000302034 -2.55148e-05 0.000266155 0.000997438 -0.00013943 0.000227141
internal_weight=0 127 89 67 410 47 363 178 154 185 66 119 44
internal_count=537 127 89 67 410 47 363 178 154 185 66 119 44
is_linear=0
shrinkage=0.1


Tree=419
num_leaves=8
num_cat=0
split_feature=44 84 43 41 14 43 31
split_gain=0.00147158 0.00154208 0.00172095 0.00467432 0.00436794 0.00363038 0.003231
threshold=6.7392518892502453 0.68714146933880327 5.2806591939842535 4.8751681865209777 4.8751681865209777 5.5412558557490508 6.1246809968142868
decision_type=2 2 2 2 2 2 2
left_child=1 2 3 4 -1 -4 -7
right_child=-2 -3 5 -5 -6 6 -8
leaf_value=0.00027853232068932433 -0.00078256935205148627 0.00083531063115198942 -0.0013162197647034191 0.0014344433580990882 -0.0004968349476456007 0.00029441910956836781 -0.0008794547785355739
leaf_weight=214 23 23 28 25 110 81 33
leaf_count=214 23 23 28 25 110 81 33
internal_value=0 3.50177e-05 -2.47058e-06 0.000116949 1.52903e-05 -0.000295973 -4.53865e-05
internal_weight=0 514 491 349 324 142 114
internal_count=537 514 491 349 324 142 114
is_linear=0
shrinkage=0.1


Tree=420
num_leaves=8
num_cat=0
split_feature=35 33 101 29 29 12 33
split_gain=0.0015233 0.00392959 0.00325316 0.00196726 0.0035884 0.00420794 0.00412362
threshold=6.1861747525776369 5.6021120126471873 4.5950688323293329 5.2417330174952186 4.5107991236896536 5.2932921986212866 3.8064155152036787
decision_type=2 2 2 2 2 2 2
left_child=1 3 -2 4 6 -6 -1
right_child=2 -3 -4 -5 5 -7 -8
leaf_value=-7.8560255566844725e-05 -0.00011948946151225007 -0.0010333809603348767 0.0014411269496618347 0.00066896863769046796 -0.0013317686081531326 0.00010136669792700561 0.00079971098240254356
leaf_weight=250 34 38 22 43 42 40 68
leaf_count=250 34 38 22 43 42 40 68
internal_value=0 -5.74681e-05 0.00049361 2.62445e-05 -4.28483e-05 -0.000632678 0.000109246
internal_weight=0 481 56 443 400 82 318
internal_count=537 481 56 443 400 82 318
is_linear=0
shrinkage=0.1


Tree=421
num_leaves=11
num_cat=0
split_feature=31 31 3 0 62 104 86 46 92 95
split_gain=0.00140294 0.00764414 0.00305344 0.00413569 0.00330713 0.00343249 0.00258289 0.00457607 0.00932815 0.00801402
threshold=5.3981524641123215 5.1059271080903725 4.8121513051691478 4.6346818562128229 4.8751681865209777 3.5972184255501678 0.67986905584219193 5.2469686674288658 5.2734559978368418 1.0397207708399181
decision_type=2 2 2 2 2 2 2 2 2 2
left_child=1 6 -2 -4 -5 -6 7 9 -9 -1
right_child=2 -3 3 4 5 -7 -8 8 -10 -11
leaf_value=-0.0017735174450790509 0.00098987290374480375 -0.001433024386344 -0.0011848679268344616 0.0013295643833850551 -0.00056587863667421814 0.00077119032341670395 -0.00090922825127983319 0.0025446928796802903 4.9741491676150935e-05 0.00012048035460230451
leaf_weight=25 41 39 24 23 48 32 26 22 47 210
leaf_count=25 41 39 24 23 48 32 26 22 47 210
internal_value=0 -0.000109062 0.000239547 -2.68452e-06 0.000272776 -3.10511e-05 4.74064e-05 0.000129224 0.000845233 -8.10088e-05
internal_weight=0 369 168 127 103 80 330 304 69 235
internal_count=537 369 168 127 103 80 330 304 69 235
is_linear=0
shrinkage=0.1


Tree=422
num_leaves=12
num_cat=0
split_feature=34 2 24 18 31 41 19 4 97 11 98
split_gain=0.00136885 0.00143706 0.00595067 0.0042571 0.0156334 0.00913902 0.013155 0.0112872 0.00416003 0.00325074 0.0029495
threshold=7.1966391559419423 5.1179758838799021 3.2180751841847144 4.5746578350692051 3.2180751841847144 3.3667009459186801 2.3937458713910238 1.5890269151739729 2.9430520157250784 4.5325416796595226 4.2121001622835372
decision_type=2 2 2 2 2 2 2 2 2 2 2
left_child=1 3 -3 5 -5 7 -7 -1 -6 -4 -11
right_child=-2 2 9 4 8 6 -8 -9 -10 10 -12
leaf_value=0.0027047039655206558 -0.00075475842712204098 0.0017813611860963811 -0.00091098528694904732 -0.0028080207398161294 0.0011019256664440036 -0.0027227337202614011 0.00041262559154802152 0.00020508139649530563 -0.00046300233546074258 0.00078719691022949225 -6.687939547836938e-05
leaf_weight=22 23 22 30 25 26 23 32 101 49 60 124
leaf_count=22 23 22 30 25 26 23 32 101 49 60 124
internal_value=0 3.37732e-05 0.000215251 -0.000120287 -0.000642376 0.000173022 -0.000898525 0.000652168 7.9506e-05 5.42486e-05 0.000211624
internal_weight=0 514 236 278 100 178 55 123 75 214 184
internal_count=537 514 236 278 100 178 55 123 75 214 184
is_linear=0
shrinkage=0.1


Tree=423
num_leaves=7
num_cat=0
split_feature=29 32 31 29 98 29
split_gain=0.0013628 0.00428845 0.00173766 0.00546429 0.00275805 0.00236775
threshold=6.3314765202922478 6.2841271995609906 5.8550678171289681 5.2417330174952186 3.6105525490912482 4.5107991236896536
decision_type=2 2 2 2 2 2
left_child=1 2 3 5 -4 -1
right_child=-2 -3 4 -5 -6 -7
leaf_value=0.00011112795649945689 0.00054689820563431739 -0.0013797850793470508 -0.0013763138651318679 0.0014603301524874514 0.00013204894752966034 -0.00050370111270100235
leaf_weight=318 42 23 22 27 27 78
leaf_count=318 42 23 22 27 27 78
internal_value=0 -4.64035e-05 1.85706e-05 8.38745e-05 -0.000545175 -9.97474e-06
internal_weight=0 495 472 423 49 396
internal_count=537 495 472 423 49 396
is_linear=0
shrinkage=0.1


Tree=424
num_leaves=8
num_cat=0
split_feature=20 12 58 1 100 22 79
split_gain=0.00130322 0.00609293 0.00231774 0.0041605 0.00499523 0.00366388 0.00217389
threshold=6.102536072598296 6.0614542021347031 5.5568206079685734 4.9052473428434826 8.5421754714216824 5.1298812082267613 5.0496710618063343
decision_type=2 2 2 2 2 2 2
left_child=1 2 3 4 -1 -5 -2
right_child=6 -3 -4 5 -6 -7 -8
leaf_value=-7.0101102813320424e-05 0.00087698993040248759 -0.0015770483015221546 0.00076366336113259869 -1.9738601570549823e-05 0.0010003959402263933 -0.0016234647984423771 -0.00031171857076697052
leaf_weight=300 40 25 39 28 51 29 25
leaf_count=300 40 25 39 28 51 29 25
internal_value=0 -5.78107e-05 2.71579e-05 -4.32434e-05 8.54412e-05 -0.000835669 0.000419794
internal_weight=0 472 447 408 351 57 65
internal_count=537 472 447 408 351 57 65
is_linear=0
shrinkage=0.1


Tree=425
num_leaves=6
num_cat=0
split_feature=101 102 7 10 12
split_gain=0.00128214 0.0036225 0.00307231 0.00535323 0.00415578
threshold=6.1922600203877645 4.6539149966267201 6.3152778797370503 6.2633964485293765 5.8550678171289681
decision_type=2 2 2 2 2
left_child=1 2 3 4 -1
right_child=-2 -3 -4 -5 -6
leaf_value=4.0686416292034307e-06 0.00069927161606028678 -0.0010819017192378881 0.0010906368164936655 -0.0011169911081130367 0.0013872349538281055
leaf_weight=391 25 31 26 41 23
leaf_count=391 25 31 26 41 23
internal_value=0 -3.41441e-05 3.33829e-05 -2.70316e-05 8.09112e-05
internal_weight=0 512 481 455 414
internal_count=537 512 481 455 414
is_linear=0
shrinkage=0.1


Tree=426
num_leaves=13
num_cat=0
split_feature=51 49 51 35 46 74 50 104 104 35 65 21
split_gain=0.00127896 0.00708372 0.00301203 0.00257603 0.00289233 0.00432799 0.00215751 0.0121721 0.00638775 0.015449 0.0104207 0.00451662
threshold=5.2931911783158618 4.9415403713792339 5.081385075233106 2.6735537653587347 4.7094896185437563 0.10864103659213366 4.5325416796595226 0.8958797346140277 1.0986122886681102 2.6735537653587347 3.1923843191495282 2.8029010331479989
decision_type=2 2 2 2 2 2 2 2 2 2 2 2
left_child=2 -2 6 -3 -5 -6 8 -8 9 -1 -10 -9
right_child=1 3 -4 4 5 -7 7 11 10 -11 -12 -13
leaf_value=-0.0031293905594132164 -0.001517839450731545 -0.00077242443846814619 0.0010642028582515195 0.0012872444805301106 0.000605512371211993 -0.00089273782261091504 0.0024856738154829311 -0.001164355132214982 0.0018673529912297045 -4.4909454769484941e-05 -0.00021926089309133768 0.00032293760286056965
leaf_weight=22 34 27 30 24 51 31 22 29 31 62 105 69
leaf_count=22 34 27 30 24 51 31 22 29 31 62 105 69
internal_value=0 -0.000229712 0.000103681 9.9584e-05 0.000321699 3.91007e-05 1.89288e-05 0.00036001 -0.000167116 -0.00085275 0.000256364 -0.00011718
internal_weight=0 167 370 133 106 82 340 120 220 84 136 98
internal_count=537 167 370 133 106 82 340 120 220 84 136 98
is_linear=0
shrinkage=0.1


Tree=427
num_leaves=8
num_cat=0
split_feature=34 46 16 30 34 16 6
split_gain=0.00134812 0.00202823 0.00158874 0.00582117 0.0127816 0.00510915 0.00259178
threshold=7.0473947110756514 6.7320053855989617 3.1567740231385479 5.0906732680195743 4.744894319750431 3.4334666422309414 4.0247135285553481
decision_type=2 2 2 2 2 2 2
left_child=1 2 3 4 -1 -4 -7
right_child=-2 -3 5 -5 -6 6 -8
leaf_value=-8.7276064356235025e-07 -0.00068862007788589438 0.000975685674612495 -0.0015403030385793197 -0.0012366708371859127 0.0023148095526266846 -0.00090401496631481383 7.6663243594768306e-05
leaf_weight=116 27 22 24 23 30 30 265
leaf_count=116 27 22 24 23 30 30 265
internal_value=0 3.64564e-05 -5.88595e-06 0.00024201 0.000474952 -0.000137216 -2.30667e-05
internal_weight=0 510 488 169 146 319 295
internal_count=537 510 488 169 146 319 295
is_linear=0
shrinkage=0.1


Tree=428
num_leaves=11
num_cat=0
split_feature=11 41 13 40 14 101 101 103 0 44
split_gain=0.0014003 0.00573833 0.0105052 0.0067215 0.00364863 0.00345247 0.00751524 0.0056202 0.00517217 0.0025952
threshold=1.5890269151739729 4.1266138227908868 1.5890269151739731 2.3937458713910238 1.5890269151739729 3.0433873634561537 3.3497501700808394 3.8393944990995772 2.8314802400679731 6.4232258802757327
decision_type=2 2 2 2 2 2 2 2 2 2
left_child=1 2 3 -1 -2 7 -7 8 -6 -8
right_child=4 -3 -4 -5 5 6 9 -9 -10 -11
leaf_value=-0.0013694486786500256 -0.0012490746943512932 -0.0010761987608434126 0.0024857439274758994 0.00094852066992236108 -0.00081447899341583255 -0.0017578775002793584 -0.00010713259797834761 0.0016854909073023513 0.0009748833129803341 0.00093928520979646318
leaf_weight=22 25 22 24 29 35 27 268 29 30 26
leaf_count=22 25 22 24 29 35 27 268 29 30 26
internal_value=0 0.000343925 0.000760494 -5.13877e-05 -7.58198e-05 -5.14179e-06 -0.000161224 0.000527861 1.13805e-05 -1.45922e-05
internal_weight=0 97 75 51 440 415 321 94 65 294
internal_count=537 97 75 51 440 415 321 94 65 294
is_linear=0
shrinkage=0.1


Tree=429
num_leaves=8
num_cat=0
split_feature=46 34 16 36 49 16 6
split_gain=0.00155238 0.00152841 0.00143013 0.00510345 0.00754208 0.00426876 0.00227085
threshold=7.0021555404279701 6.6883353279854534 3.1567740231385479 3.4334666422309414 3.0433873634561537 3.4334666422309414 4.0247135285553481
decision_type=2 2 2 2 2 2 2
left_child=1 2 3 4 -1 -4 -7
right_child=-2 -3 5 -5 -6 6 -8
leaf_value=-0.00073111322046614776 -0.00071161346477938115 0.00080303776275832204 -0.0014071630973679326 0.0013304637784398545 0.00076231150887906551 -0.00084286497745779355 7.6172144236248733e-05
leaf_weight=73 29 25 24 34 63 30 259
leaf_count=73 29 25 24 34 63 30 259
internal_value=0 4.06236e-05 1.16118e-06 0.000234648 -3.93062e-05 -0.000125653 -1.92296e-05
internal_weight=0 508 483 170 136 313 289
internal_count=537 508 483 170 136 313 289
is_linear=0
shrinkage=0.1


Tree=430
num_leaves=13
num_cat=0
split_feature=12 8 12 59 98 87 44 47 85 92 51 96
split_gain=0.00143501 0.00540935 0.00367872 0.0034634 0.00481993 0.00345895 0.00864112 0.00797808 0.00948383 0.00692993 0.0055244 0.00273569
threshold=4.4885732424042368 4.5746578350692051 4.7621374077860157 4.8282817362782584 3.1345481418531311 0.053353963967756303 2.191013317336941 4.3693677306817369 0.38776643541680028 5.2783335966630736 1.9356005054539456 5.9295749965170605
decision_type=2 2 2 2 2 2 2 2 2 2 2 2
left_child=1 5 -2 -4 -5 7 -7 8 -1 -8 -9 -6
right_child=2 -3 3 4 11 6 9 10 -10 -11 -12 -13
leaf_value=-0.0018212139194567535 -0.0010625231433107566 0.0015330850438868557 0.0011812276185744189 -0.0011720686280986647 0.000889899829395718 0.001698432462378858 -0.0016782643458678982 0.0018418296081521971 0.00041368541292726037 0.00039657416734068348 -0.00031127572516337614 -0.0001152400206052348
leaf_weight=49 39 26 22 37 34 36 22 22 31 60 26 133
leaf_count=49 39 26 22 37 34 36 22 22 31 60 26 133
internal_value=0 0.000161354 -0.000165616 -1.08401e-05 -0.000139396 1.63742e-05 0.000406917 -0.000343657 -0.00095519 -0.00016009 0.000675564 8.93992e-05
internal_weight=0 272 265 226 204 246 118 128 80 82 48 167
internal_count=537 272 265 226 204 246 118 128 80 82 48 167
is_linear=0
shrinkage=0.1


Tree=431
num_leaves=12
num_cat=0
split_feature=32 6 26 8 20 40 28 31 43 23 27
split_gain=0.0014568 0.00561975 0.0109765 0.00879495 0.00626211 0.00444778 0.00327677 0.00444512 0.00517211 0.00431702 0.00275289
threshold=3.0433873634561537 4.9415403713792339 4.744894319750431 1.5890269151739729 2.6735537653587347 2.6735537653587347 3.9219243190762363 5.379886735236628 5.3981524641123215 3.8176519431297078 5.5606520443413574
decision_type=2 2 2 2 2 2 2 2 2 2 2
left_child=1 2 3 -1 -5 -2 9 8 -8 -7 -9
right_child=5 -3 -4 4 -6 6 7 10 -10 -11 -12
leaf_value=-0.0010472039783142064 -0.0013474674046005089 -0.00095198163062377723 0.0025667713838629425 0.0014398788896089953 -0.00048014387765970938 -4.788401896472682e-05 -0.00030373716002303784 0.0011285673271721373 -0.0020020212374881586 0.0017368165087131987 7.4727666614955735e-06
leaf_weight=41 27 32 22 49 26 33 97 26 22 23 139
leaf_count=41 27 32 22 49 26 33 97 26 22 23 139
internal_value=0 0.000242003 0.000518869 0.000130474 0.000774271 -0.0001121 -1.39968e-05 -0.00015185 -0.000617706 0.000685118 0.00018413
internal_weight=0 170 138 116 75 367 340 284 119 56 165
internal_count=537 170 138 116 75 367 340 284 119 56 165
is_linear=0
shrinkage=0.1


Tree=432
num_leaves=10
num_cat=0
split_feature=27 40 49 21 30 88 25 34 15
split_gain=0.00138511 0.00506657 0.00573034 0.00417714 0.00968111 0.00706848 0.00469267 0.00293954 0.00374927
threshold=1.5890269151739729 2.6735537653587347 2.5619819897016298 2.3502401828962087 4.5746578350692051 0.15709987798973188 2.6735537653587347 3.9316333620047872 4.6346818562128229
decision_type=2 2 2 2 2 2 2 2 2
left_child=1 2 -1 4 5 -2 -5 -8 -9
right_child=3 -3 -4 6 -6 -7 7 8 -10
leaf_value=-0.0013643844285979867 -0.0029016694109684424 0.0012083297007120565 0.00059551705024205156 0.0013835471974671238 0.00069239833558510462 -0.0003944400126453151 0.00083141947476958336 -0.00068196850620194475 9.0343314792828142e-05
leaf_weight=26 23 40 35 25 28 22 35 89 214
leaf_count=26 23 40 35 25 28 22 35 89 214
internal_value=0 0.000333686 -0.000239851 -7.72988e-05 -0.000767519 -0.00167591 6.15059e-05 -3.62782e-05 -0.000136507
internal_weight=0 101 61 436 73 45 363 338 303
internal_count=537 101 61 436 73 45 363 338 303
is_linear=0
shrinkage=0.1


Tree=433
num_leaves=12
num_cat=0
split_feature=5 50 38 46 37 17 68 29 78 18 4
split_gain=0.00128605 0.0050097 0.00785041 0.0101045 0.008814 0.00463605 0.00437484 0.00317008 0.00507163 0.0037433 0.00326246
threshold=2.3502401828962087 4.8282817362782584 4.6586997221347959 3.7609296261008152 3.1132683346437333 2.6735537653587347 4.254000012847218 2.9174053685313028 1.1710403623421142 4.3303869599468818 4.0856584373598661
decision_type=2 2 2 2 2 2 2 2 2 2 2
left_child=1 2 3 -1 -4 6 -2 8 -7 -9 -11
right_child=5 -3 4 -5 -6 7 -8 9 -10 10 -12
leaf_value=-0.00046628916786764475 -0.0018558183538348037 0.0013591215538326651 -0.0023196079803165051 0.002098985208847028 0.00033580135554075243 0.0018664312832381413 -1.9994569942355157e-05 -0.0011425513600018652 -0.0001721175513151908 0.00083306320810279009 -0.00011966008170439807
leaf_weight=34 27 32 25 28 25 23 25 30 26 43 219
leaf_count=34 27 32 25 28 25 23 25 30 26 43 219
internal_value=0 0.000255656 -5.96197e-05 0.000692222 -0.000991903 -9.36755e-05 -0.000973211 4.04472e-05 0.000784752 -8.44534e-05 3.67029e-05
internal_weight=0 144 112 62 50 393 52 341 49 292 262
internal_count=537 144 112 62 50 393 52 341 49 292 262
is_linear=0
shrinkage=0.1


Tree=434
num_leaves=12
num_cat=0
split_feature=45 41 18 14 11 23 41 17 104 100 83
split_gain=0.00137395 0.00490013 0.00735725 0.00632919 0.00572314 0.00451635 0.00659516 0.00317472 0.00430252 0.00551461 0.00415845
threshold=2.8029010331479989 2.8029010331479989 4.7790881836238563 4.5053345884235583 2.8029010331479989 2.8029010331479989 3.3667009459186801 2.8029010331479989 3.1345481418531311 8.9914040699624831 1.6722123103789051
decision_type=2 2 2 2 2 2 2 2 2 2 2
left_child=1 2 3 4 -1 6 -2 -7 9 -9 -10
right_child=5 -3 -4 -5 -6 7 -8 8 10 -11 -12
leaf_value=0.00051315882048554354 0.00027920872865555189 0.001415535100085404 -0.0012079673692106123 0.0017362510839356454 -0.0012586839222142143 0.0009951930558834705 -0.001944835583984362 -0.00016670051528039245 4.9052977970583202e-05 -0.0018681682021865114 0.0014673434784136978
leaf_weight=61 24 29 38 27 26 31 30 142 79 22 28
leaf_count=61 24 29 38 27 26 31 30 142 79 22 28
internal_value=0 0.000224328 -2.94128e-06 0.000398734 -1.63574e-05 -0.000114055 -0.000956371 3.65583e-05 -7.3101e-05 -0.000394946 0.000420194
internal_weight=0 181 152 114 87 356 54 302 271 164 107
internal_count=537 181 152 114 87 356 54 302 271 164 107
is_linear=0
shrinkage=0.1


Tree=435
num_leaves=10
num_cat=0
split_feature=11 14 32 24 14 22 26 46 36
split_gain=0.0013154 0.00452324 0.00882995 0.00749792 0.00274712 0.00262544 0.00430577 0.00569226 0.00398097
threshold=1.5890269151739729 1.5890269151739729 2.3937458713910238 3.2951505240983434 1.5890269151739729 3.0433873634561537 4.0247135285553481 4.6491756246494491 2.9700856263602158
decision_type=2 2 2 2 2 2 2 2 2
left_child=1 -1 -3 -4 -2 -6 8 -8 -7
right_child=4 2 3 -5 5 6 7 -9 -10
leaf_value=0.0015582085060684579 -0.0010915287432726472 -0.0014474803395777211 0.0020815828764487224 -0.00047183243593241532 0.00094132093363441527 -7.4852374382317066e-05 0.0007712863523210683 -0.00018472408365213734 -0.0019159365799682943
leaf_weight=23 25 28 23 23 27 24 82 259 23
leaf_count=23 25 28 23 23 27 24 82 259 23
internal_value=0 0.000333336 -4.73674e-05 0.000804875 -7.34855e-05 -1.21576e-05 -7.85079e-05 4.5167e-05 -0.000975808
internal_weight=0 97 74 46 440 415 388 341 47
internal_count=537 97 74 46 440 415 388 341 47
is_linear=0
shrinkage=0.1


Tree=436
num_leaves=9
num_cat=0
split_feature=33 89 15 12 37 60 20 19
split_gain=0.00124558 0.00449539 0.00674805 0.00530153 0.00397326 0.00545326 0.00743447 0.00317578
threshold=1.5890269151739731 0.56689715819657438 1.0397207708399181 3.8499212036984933 1.8688348091416844 1.1386336425048782 2.191013317336941 2.191013317336941
decision_type=2 2 2 2 2 2 2 2
left_child=1 2 -1 -4 -2 -6 -7 -8
right_child=4 -3 3 -5 5 6 7 -9
leaf_value=-0.00099973145615643816 -0.0009882255631964655 0.0015438121596715697 0.0018161944506573493 -0.00033293411318233916 0.0015183795607932237 -0.0017334778350777923 0.001115461412476949 -3.4860096376667994e-05
leaf_weight=39 43 23 24 22 23 25 26 312
leaf_count=39 43 23 24 22 23 25 26 312
internal_value=0 0.00030354 -3.20637e-05 0.00078835 -7.64155e-05 2.51591e-05 -6.94526e-05 5.36262e-05
internal_weight=0 108 85 46 429 386 363 338
internal_count=537 108 85 46 429 386 363 338
is_linear=0
shrinkage=0.1


Tree=437
num_leaves=11
num_cat=0
split_feature=27 40 49 21 30 49 15 89 92 53
split_gain=0.00119564 0.00371784 0.00418761 0.00366596 0.00801768 0.00600768 0.00363511 0.0033079 0.00346045 0.00345654
threshold=1.5890269151739729 2.6735537653587347 2.5619819897016298 2.3502401828962087 4.5746578350692051 3.0433873634561537 2.8029010331479989 0.27764569800250255 5.4199358534198803 3.7870910720223336
decision_type=2 2 2 2 2 2 2 2 2 2
left_child=1 2 -1 4 5 -2 -5 8 -8 -9
right_child=3 -3 -4 6 -6 -7 7 9 -10 -11
leaf_value=-0.0011425935620746504 -0.0027265120866517959 0.0010592622781950922 0.00053283968308408345 0.0010269599480982705 0.00061015961442275777 -0.00041506219675521488 -8.7547048569831527e-05 -2.5482702101244176e-05 -0.0011172516133761169 0.001070888371958228
leaf_weight=26 22 40 35 35 28 23 160 83 41 44
leaf_count=26 22 40 35 35 28 23 160 83 41 44
internal_value=0 0.000310024 -0.000181279 -7.18175e-05 -0.000718428 -0.0015451 5.8217e-05 -4.51549e-05 -0.000297586 0.000354362
internal_weight=0 101 61 436 73 45 363 328 201 127
internal_count=537 101 61 436 73 45 363 328 201 127
is_linear=0
shrinkage=0.1


Tree=438
num_leaves=13
num_cat=0
split_feature=51 60 104 96 52 4 25 103 68 53 16 77
split_gain=0.00120272 0.00491965 0.00463689 0.00539531 0.00373632 0.00410654 0.00419597 0.00411246 0.00343288 0.00320436 0.00624684 0.00516076
threshold=2.9430520157250784 1.0551066001732952 1.4978661367769956 4.791641144189394 1.7005986908310777 3.8499212036984933 1.8688348091416844 2.4414009612931857 4.2123641637674618 3.7870910720223336 6.0844968186443777 5.6472105679022233
decision_type=2 2 2 2 2 2 2 2 2 2 2 2
left_child=1 -1 3 -2 -3 7 -7 -6 -4 10 -10 -11
right_child=2 4 8 -5 5 6 -8 -9 9 11 -12 -13
leaf_value=0.0015675143234978391 -0.0016844610294760463 -0.0011201727915322408 0.0012233928741846719 0.00030327934602444824 0.0018830479964063588 -0.0014704573145453734 0.00013368980375133335 0.00025663047082796867 -6.5580157539004403e-05 0.00098551790095802584 -0.0018379714510653384 -0.00040297760760021981
leaf_weight=23 36 25 23 22 22 22 63 53 116 59 24 49
leaf_count=23 36 25 23 22 22 22 63 53 116 59 24 49
internal_value=0 0.000188218 -0.000118995 -0.000930491 1.67381e-05 0.00019438 -0.000281501 0.000733713 5.46829e-05 -5.37055e-05 -0.000369419 0.000355552
internal_weight=0 208 329 58 185 160 85 75 271 248 140 108
internal_count=537 208 329 58 185 160 85 75 271 248 140 108
is_linear=0
shrinkage=0.1


Tree=439
num_leaves=10
num_cat=0
split_feature=20 84 48 104 50 3 50 85 79
split_gain=0.00127495 0.0044946 0.00172466 0.00422944 0.00281789 0.00795355 0.00435977 0.001751 0.00164961
threshold=6.102536072598296 0.66631294220837367 5.0562255201382529 2.249904835165133 4.5325416796595226 2.3937458713910238 4.1430087342023825 0.5411648976289426 5.0496710618063343
decision_type=2 2 2 2 2 2 2 2 2
left_child=1 2 4 -4 6 -6 -1 -5 -2
right_child=8 -3 3 7 5 -7 -8 -9 -10
leaf_value=0.00014896425006676967 0.00081348164851078773 -0.0012859968601592951 -0.0013989573195835369 -0.00072615764522925019 0.002050337545154401 5.5672492463044924e-05 -0.001048229348600364 0.0002326300427012029 -0.00022201064042747022
leaf_weight=171 40 28 27 25 27 77 37 80 25
leaf_count=171 40 28 27 25 27 77 37 80 25
internal_value=0 -5.71801e-05 2.03129e-05 -0.000282692 0.000148507 0.000573518 -6.39981e-05 4.34726e-06 0.000415215
internal_weight=0 472 444 132 312 104 208 105 65
internal_count=537 472 444 132 312 104 208 105 65
is_linear=0
shrinkage=0.1


Tree=440
num_leaves=11
num_cat=0
split_feature=57 101 104 2 15 80 87 100 104 3
split_gain=0.00118668 0.00444012 0.00429818 0.0043451 0.00386543 0.00332829 0.0035233 0.00266905 0.00510138 0.00328904
threshold=4.0817656294488804 3.8064155152036787 3.1345481418531311 6.1685504539682894 5.6663728065440679 2.8617925509761908 0.053353963967756303 8.4654531157571746 2.9944807084449319 5.609465086342035
decision_type=2 2 2 2 2 2 2 2 2 2
left_child=2 -2 4 -4 5 6 -1 -3 -9 -10
right_child=1 7 3 -5 -6 -7 -8 8 9 -11
leaf_value=-0.00036923560996497559 -0.0013415785161136041 -0.0010137173487402668 0.0020257816358935088 3.8298028150827377e-05 -0.0012715572107876855 0.0010914855628627641 0.00037604737064388598 0.0014625931447371841 -0.0012137098198185083 0.00015649556369807702
leaf_weight=143 29 22 22 22 23 29 114 25 22 86
leaf_count=143 29 22 22 22 23 29 114 25 22 86
internal_value=0 -0.000205901 0.000107325 0.00103204 -2.43496e-05 7.59503e-05 -3.86432e-05 6.58096e-06 0.000175352 -0.00012262
internal_weight=0 184 353 44 309 286 257 155 133 108
internal_count=537 184 353 44 309 286 257 155 133 108
is_linear=0
shrinkage=0.1


Tree=441
num_leaves=12
num_cat=0
split_feature=87 10 61 57 87 42 42 42 38 18 11
split_gain=0.00121638 0.0043309 0.00551565 0.00342814 0.00253329 0.00803378 0.00246169 0.00544563 0.0048075 0.00336523 0.00147497
threshold=0.5556069708080712 6.3062686269857116 1.7681961091660321 3.7649039047069892 0.4273144917421744 4.8282817362782584 3.2180751841847144 3.7132745361986528 1.9356005054539456 4.5271940351011493 4.7621374077860157
decision_type=2 2 2 2 2 2 2 2 2 2 2
left_child=4 2 -2 -4 6 -6 8 -8 -1 -9 -5
right_child=1 -3 3 10 5 -7 7 9 -10 -11 -12
leaf_value=-0.00010607592767195368 -0.0014108853299562314 -0.0015461827911415393 0.00110435268266479 0.00037981380010023715 -0.00050531178615832078 0.0021100951252383707 -0.0016054498641650478 0.00064471447856762575 0.0016759700195204158 -0.00019240673754608562 -0.00074083763756789274
leaf_weight=41 22 22 36 23 24 23 23 62 24 213 24
leaf_count=41 22 22 36 23 24 23 23 62 24 213 24
internal_value=0 -0.000270419 -3.11587e-06 0.000370028 8.37639e-05 0.000774568 -5.67911e-06 -0.000127301 0.00055191 -3.67395e-06 -0.000192434
internal_weight=0 127 105 83 410 47 363 298 65 275 47
internal_count=537 127 105 83 410 47 363 298 65 275 47
is_linear=0
shrinkage=0.1


Tree=442
num_leaves=10
num_cat=0
split_feature=44 44 87 75 8 73 104 23 36
split_gain=0.00118031 0.00568186 0.00413227 0.0126539 0.0100394 0.00413326 0.00389565 0.00554847 0.00386783
threshold=2.9174053685313028 3.4334666422309414 0.036928771232934005 2.0715673631957667 2.191013317336941 3.3315663479954023 0.8958797346140277 1.5890269151739729 4.2045812236012674
decision_type=2 2 2 2 2 2 2 2 2
left_child=2 -2 4 -4 -1 -6 -3 -8 -9
right_child=1 6 3 -5 5 -7 7 8 -10
leaf_value=-0.0019959575632431856 -0.0011937313310183874 0.00095334818399306841 0.0020607419693988052 -0.00044379986603987988 0.0012237490033223896 -0.00046863077182529702 -0.0016147004382219166 0.00095790622566337103 -0.00011908913752805624
leaf_weight=24 42 41 38 43 31 27 22 39 230
leaf_count=24 42 41 38 43 31 27 22 39 230
internal_value=0 -9.78744e-05 0.000224571 0.00073117 -0.000275851 0.000435917 4.07582e-05 -8.78198e-05 3.70552e-05
internal_weight=0 374 163 81 82 58 332 291 269
internal_count=537 374 163 81 82 58 332 291 269
is_linear=0
shrinkage=0.1


Tree=443
num_leaves=13
num_cat=0
split_feature=23 19 2 86 52 103 104 100 49 102 30 92
split_gain=0.0011663 0.00968542 0.00250585 0.00479407 0.00444187 0.00399954 0.00290318 0.00191732 0.00403076 0.00321157 0.0039035 0.00297477
threshold=5.3981524641123215 5.3229980813168991 5.7004379805808041 0.56848091292795699 4.5053345884235583 5.6057750326932236 3.5972184255501678 8.4217626499261424 4.4885732424042368 2.9430520157250784 5.2203412156610947 5.2820689426643703
decision_type=2 2 2 2 2 2 2 2 2 2 2 2
left_child=1 7 4 5 -2 -4 -7 9 -9 10 -1 -10
right_child=2 -3 3 -5 -6 6 -8 8 11 -11 -12 -13
leaf_value=0.00022319010354663449 -4.5512041081032104e-05 -0.0021341346976855263 0.0011053570700381456 -0.0012094110364732505 0.0017936350698922372 -0.0010606140989693814 0.00045097752224171057 0.0013988662587382412 0.00056682119750555348 -0.0011599638714240147 -0.00077265178901143373 -0.00089637237215356436
leaf_weight=185 29 22 37 27 24 24 27 29 33 26 50 24
leaf_count=185 29 22 37 27 24 24 27 29 33 26 50 24
internal_value=0 -9.94395e-05 0.000218412 -4.37759e-05 0.000787309 0.000313862 -0.00026036 2.95614e-05 0.000439061 -0.00010537 1.13088e-05 -4.92603e-05
internal_weight=0 369 168 115 53 88 51 347 86 261 235 57
internal_count=537 369 168 115 53 88 51 347 86 261 235 57
is_linear=0
shrinkage=0.1


Tree=444
num_leaves=12
num_cat=0
split_feature=102 102 48 89 48 57 48 54 53 0 87
split_gain=0.00115794 0.00535757 0.00230241 0.00466577 0.00406448 0.00518683 0.00370493 0.0018704 0.00316941 0.00237861 0.00196443
threshold=3.6632328069201612 3.2951505240983434 5.1873702005911486 0.2444714479475863 3.7132745361986528 1.8441521598528967 2.5619819897016298 6.0844968186443777 2.6684565809064806 6.5452010056581358 0.087299755977354856
decision_type=2 2 2 2 2 2 2 2 2 2 2
left_child=1 2 4 -4 6 -6 -1 8 -2 -9 -10
right_child=7 -3 3 -5 5 -7 -8 9 10 -11 -12
leaf_value=0.00013609080880219189 -0.0005253382331416519 -0.0011870412138159736 -0.0013107200435650372 0.00038556102531841927 0.0017878113816299571 0.00021867929389337442 -0.00090709539616237516 -0.00094258865853771563 0.0015392435826540281 0.00035056025248415997 0.0004381564880320586
leaf_weight=131 22 40 34 31 29 77 46 25 26 33 43
leaf_count=131 22 40 34 31 29 77 46 25 26 33 43
internal_value=0 -9.09984e-05 3.49835e-05 -0.000501724 0.000158256 0.00064797 -0.00013502 0.000236962 0.00051982 -0.000206832 0.000853059
internal_weight=0 388 348 65 283 106 177 149 91 58 69
internal_count=537 388 348 65 283 106 177 149 91 58 69
is_linear=0
shrinkage=0.1


Tree=445
num_leaves=11
num_cat=0
split_feature=87 29 98 54 61 2 61 45 61 61
split_gain=0.00113687 0.00355308 0.0066099 0.00483689 0.00236019 0.00461367 0.00399195 0.00438279 0.00241168 0.00345981
threshold=0.5556069708080712 1.8688348091416844 3.7132745361986528 5.799074288650317 1.7188860970628002 2.3937458713910238 3.2066764741015676 4.0428973506407848 3.4927504583956579 3.8136383004711893
decision_type=2 2 2 2 2 2 2 2 2 2
left_child=4 -2 -3 -4 5 -1 7 -6 -8 -10
right_child=1 2 3 -5 6 -7 8 -9 9 -11
leaf_value=-0.00036189103316839623 0.00080696076876483858 -0.0015255129711295012 0.00092484368942677983 -0.00085000091135693117 -0.0017764788664062507 0.0015206156593436998 0.001130829441403462 0.00011541832633762776 -0.0009356040420243517 0.00016775542372190504
leaf_weight=23 25 40 34 28 25 30 22 24 32 254
leaf_count=23 25 40 34 28 25 30 22 24 32 254
internal_value=0 -0.000261432 -0.000523293 0.000123301 8.09801e-05 0.000703679 -1.14654e-05 -0.000849835 0.000121912 4.43026e-05
internal_weight=0 127 102 62 410 53 357 49 308 286
internal_count=537 127 102 62 410 53 357 49 308 286
is_linear=0
shrinkage=0.1


Tree=446
num_leaves=11
num_cat=0
split_feature=34 2 55 0 101 48 99 22 99 100
split_gain=0.0011834 0.00126163 0.00415221 0.00431219 0.00357644 0.00273336 0.00457196 0.00449133 0.00565072 0.00425996
threshold=7.1966391559419423 5.1179758838799021 4.317399216745252 4.6346818562128229 4.8441560854355483 4.7273486598447958 1.2424533248940006 4.5053345884235583 1.2424533248940006 6.459903229849254
decision_type=2 2 2 2 2 2 2 2 2 2
left_child=1 5 -3 -4 -5 7 -7 8 -1 -9
right_child=-2 2 3 4 -6 6 -8 9 -10 -11
leaf_value=0.00095623839061554001 -0.00070177143282742929 0.0015096575101117859 -0.0012266319967317901 0.0008699713419739087 -6.6574405332864972e-05 -0.0018578867957165296 -4.6448575908710301e-05 -0.0016194623506938417 -0.00044768401007685396 -7.5586765825781714e-05
leaf_weight=79 23 22 23 59 132 22 38 24 45 70
leaf_count=79 23 22 23 59 132 22 38 24 45 70
internal_value=0 3.14022e-05 0.000201442 6.6953e-05 0.000222725 -0.000112948 -0.000710643 5.15545e-05 0.00044675 -0.000469768
internal_weight=0 514 236 214 191 278 60 218 124 94
internal_count=537 514 236 214 191 278 60 218 124 94
is_linear=0
shrinkage=0.1


Tree=447
num_leaves=10
num_cat=0
split_feature=43 47 31 2 8 18 31 14 41
split_gain=0.00104572 0.00539381 0.00178499 0.00134665 0.00456932 0.00324125 0.00724869 0.00584524 0.00197369
threshold=6.2897000812552255 6.086764396227073 6.3297193168114436 5.1179758838799021 4.3693677306817369 4.5746578350692051 3.2180751841847144 4.5053345884235583 5.5606520443413574
decision_type=2 2 2 2 2 2 2 2 2
left_child=1 3 -2 5 -5 7 -7 -1 -6
right_child=2 -3 -4 4 8 6 -8 -9 -10
leaf_value=-0.00010859319632013591 0.0011075204038537446 -0.0015734643654220484 -0.00012753270333632828 0.0015136620536698806 -7.6162497897519539e-05 -0.0020631533795967701 -2.6182788183334572e-05 0.0016049872061399664 0.00087730132079741449
leaf_weight=148 22 22 25 24 165 25 58 23 25
leaf_count=148 22 22 25 24 165 25 58 23 25
internal_value=0 -4.32186e-05 0.000450577 2.8716e-05 0.000213522 -0.000126986 -0.000639728 0.000121888 4.92933e-05
internal_weight=0 490 47 468 214 254 83 171 190
internal_count=537 490 47 468 214 254 83 171 190
is_linear=0
shrinkage=0.1


Tree=448
num_leaves=6
num_cat=0
split_feature=35 41 26 25 20
split_gain=0.00107149 0.0037871 0.00106599 0.00230616 0.00221652
threshold=6.6950642080078762 6.3314765202922478 6.5087680264540815 5.5052984857290932 5.5052984857290932
decision_type=2 2 2 2 2
left_child=1 2 3 4 -1
right_child=-2 -3 -4 -5 -6
leaf_value=-3.3375048611575273e-05 0.00068343888110989205 -0.0013128913552711973 0.0006162737993973083 -0.00076602545654954951 0.00063162663229440091
leaf_weight=369 22 22 29 37 58
leaf_count=369 22 22 29 37 58
internal_value=0 -2.91955e-05 2.80891e-05 -8.67239e-06 5.6953e-05
internal_weight=0 515 493 464 427
internal_count=537 515 493 464 427
is_linear=0
shrinkage=0.1


Tree=449
num_leaves=7
num_cat=0
split_feature=100 2 61 6 22 18
split_gain=0.00101306 0.00545764 0.00178322 0.00261298 0.00255093 0.0022474
threshold=6.1158701961393769 2.3937458713910238 1.485470976066027 1.9356005054539456 1.9356005054539456 3.4960482137079443
decision_type=2 2 2 2 2 2
left_child=1 -1 -2 -4 -5 -6
right_child=2 -3 3 4 5 -7
leaf_value=-0.00055001722177057042 -0.00079341273832445351 0.0014256577832620007 0.0010411297649388081 -0.0010129656597900275 0.00077472478818630666 -6.3934938951042719e-05
leaf_weight=29 30 27 23 26 35 367
leaf_count=29 30 27 23 26 35 367
internal_value=0 0.00040254 -4.68654e-05 2.79406e-06 -5.30044e-05 9.0827e-06
internal_weight=0 56 481 451 428 402
internal_count=537 56 481 451 428 402
is_linear=0
shrinkage=0.1


Tree=450
num_leaves=9
num_cat=0
split_feature=50 88 88 96 52 103 8 55
split_gain=0.00101271 0.00434867 0.00492585 0.00409294 0.00279816 0.00536282 0.00286465 0.00332793
threshold=3.2180751841847144 0.5016519545637167 0.1266628784936242 4.5746578350692051 1.7005986908310777 2.1383330595080281 2.3937458713910238 5.6346875519391793
decision_type=2 2 2 2 2 2 2 2
left_child=1 2 3 -1 -2 -6 -7 -8
right_child=4 -3 -4 -5 5 6 7 -9
leaf_value=0.00081422945652043503 -0.001009518969221972 -0.00067713290244635006 0.0017335894875469859 -0.00069485022686421871 0.0015087850317782299 0.0010030921575062994 -0.00045612054046891308 0.0001895488511666933
leaf_weight=41 30 38 27 32 22 22 184 141
leaf_count=41 30 38 27 32 22 22 184 141
internal_value=0 0.000233508 0.000579551 0.000152715 -8.07621e-05 -5.25337e-06 -0.000101244 -0.000175999
internal_weight=0 138 100 73 399 369 347 325
internal_count=537 138 100 73 399 369 347 325
is_linear=0
shrinkage=0.1


Tree=451
num_leaves=7
num_cat=0
split_feature=40 26 88 86 88 50
split_gain=0.00103674 0.00338072 0.00105946 0.00293539 0.00238491 0.0023718
threshold=6.6707012585667238 6.8053391632106601 0.643176865477746 0.35192429014739618 0.60178126964073586 3.1345481418531311
decision_type=2 2 2 2 2 2
left_child=1 2 4 -4 5 -1
right_child=-2 -3 3 -5 -6 -7
leaf_value=0.00041381447760966143 0.00061598678674692152 -0.0012161276870123719 0.0010351676552506565 -0.00024234147188237972 -0.0010044689525178306 -0.000132153402251445
leaf_weight=111 26 23 35 37 24 281
leaf_count=111 26 23 35 37 24 281
internal_value=0 -3.13418e-05 2.44985e-05 0.00037867 -3.68004e-05 2.24446e-05
internal_weight=0 511 488 72 416 392
internal_count=537 511 488 72 416 392
is_linear=0
shrinkage=0.1


Tree=452
num_leaves=10
num_cat=0
split_feature=27 33 23 23 23 86 39 53 35
split_gain=0.00101169 0.0031141 0.00238006 0.00213808 0.00183869 0.00143627 0.00200732 0.00384088 0.00336034
threshold=5.8550678171289681 5.6021120126471873 5.9188794015264019 6.1484317689059056 6.6950642080078762 0.68476950597767339 1.9356005054539456 1.42719842658769 2.524928003624769
decision_type=2 2 2 2 2 2 2 2 2
left_child=1 5 -2 -4 -5 6 7 -1 -8
right_child=2 -3 3 4 -6 -7 8 -9 -10
leaf_value=0.0014097732712148824 0.0012041231014088473 -0.0012260672075419942 -0.00078463923785855756 0.00079491147399595417 -0.00036548199555413291 -0.00077282497051941318 -0.00097946420581521186 6.321289295754824e-05 3.3791116170042663e-05
leaf_weight=28 22 22 23 36 22 23 38 87 236
leaf_count=28 22 22 23 36 22 23 38 87 236
internal_value=0 -6.68669e-05 0.00028175 3.12285e-05 0.000354762 -4.96781e-06 4.04325e-05 0.000391071 -0.000106733
internal_weight=0 434 103 81 58 412 389 115 274
internal_count=537 434 103 81 58 412 389 115 274
is_linear=0
shrinkage=0.1


Tree=453
num_leaves=11
num_cat=0
split_feature=31 35 42 43 30 31 21 79 1 48
split_gain=0.000987563 0.00652214 0.00235481 0.00446859 0.00318857 0.00206207 0.00346495 0.00254742 0.00187604 0.00170728
threshold=5.5412558557490508 5.4424083402947536 5.9375327241700111 5.2203412156610947 5.5093801410486734 5.8550678171289681 5.6021120126471873 4.6149244191821142 5.2417330174952186 4.1430087342023825
decision_type=2 2 2 2 2 2 2 2 2 2
left_child=1 2 3 4 -1 8 -7 9 -2 -8
right_child=5 -3 -4 -5 -6 6 7 -9 -10 -11
leaf_value=0.00013130284280078941 0.0014054264326620362 -0.0017573544600798579 0.00088026250295084095 -0.0014041378693629826 -0.0010923945756234311 -0.00083219761420170665 0.00018555395995049781 -0.00049766863759776413 0.00017640194510696111 0.0014177604801142996
leaf_weight=287 23 22 29 23 23 36 22 22 27 23
leaf_count=287 23 22 29 23 23 36 22 22 27 23
internal_value=0 -8.56003e-05 1.5998e-05 -5.92683e-05 4.05124e-05 0.00021484 -4.09432e-05 0.000384208 0.000741753 0.000815348
internal_weight=0 384 362 333 310 153 103 67 50 45
internal_count=537 384 362 333 310 153 103 67 50 45
is_linear=0
shrinkage=0.1


Tree=454
num_leaves=7
num_cat=0
split_feature=34 79 79 77 104 88
split_gain=0.00103805 0.00115688 0.00187156 0.00156323 0.00161247 0.00164521
threshold=7.1966391559419423 5.2781016436508681 6.0748278607123192 5.402667236488937 3.3667009459186801 0.32237371114682284
decision_type=2 2 2 2 2 2
left_child=1 3 -3 4 5 -1
right_child=-2 2 -4 -5 -6 -7
leaf_value=0.00012940329984647317 -0.00065726214695883836 0.0010172568101050525 -0.00012894650488825781 -0.0006560469536149565 0.00064300737695959518 -0.00029882290482419194
leaf_weight=238 23 29 28 36 39 144
leaf_count=238 23 29 28 36 39 144
internal_value=0 2.94106e-05 0.00045421 -2.35731e-05 3.05102e-05 -3.20223e-05
internal_weight=0 514 57 457 421 382
internal_count=537 514 57 457 421 382
is_linear=0
shrinkage=0.1


Tree=455
num_leaves=10
num_cat=0
split_feature=43 47 31 2 8 48 50 86 56
split_gain=0.00098483 0.00385976 0.00170744 0.00110751 0.00361501 0.00299009 0.00494644 0.00422991 0.00183931
threshold=6.2897000812552255 6.086764396227073 6.3297193168114436 5.1179758838799021 4.3693677306817369 4.7273486598447958 4.8282817362782584 0.25729665131136703 5.0286405128577725
decision_type=2 2 2 2 2 2 2 2 2
left_child=1 3 -2 5 -5 6 -1 -7 -6
right_child=2 -3 -4 4 8 7 -8 -9 -10
leaf_value=-0.00013732127962949952 0.0010797774379501458 -0.0013364157739984379 -0.00012815015634987502 0.0013429345499995785 -0.00070796290612114331 -3.7869986807627067e-05 0.0013408978234600421 -0.0018509263230953366 0.00016978124875566681
leaf_weight=175 22 22 25 24 28 31 26 22 162
leaf_count=175 22 22 25 24 28 31 26 22 162
internal_value=0 -4.19415e-05 0.000437263 1.89098e-05 0.000186505 -0.000122292 5.38911e-05 -0.000790459 4.04295e-05
internal_weight=0 490 47 468 214 254 201 53 190
internal_count=537 490 47 468 214 254 201 53 190
is_linear=0
shrinkage=0.1


Tree=456
num_leaves=6
num_cat=0
split_feature=26 26 45 26 34
split_gain=0.000940738 0.00250238 0.00135704 0.00113695 0.00133713
threshold=7.0021555404279701 6.4952609922484532 6.1632062049841245 6.2005071168401162 5.2203412156610947
decision_type=2 2 2 2 2
left_child=1 2 3 4 -1
right_child=-2 -3 -4 -5 -6
leaf_value=-8.6609922297027538e-05 0.00055396206644845424 -0.00093363897557819969 0.00068602103846356413 -0.00059422446756798311 0.00031282240976499205
leaf_weight=302 29 29 29 32 116
leaf_count=302 29 29 29 32 116
internal_value=0 -3.16238e-05 2.29867e-05 -1.97422e-05 2.42373e-05
internal_weight=0 508 479 450 418
internal_count=537 508 479 450 418
is_linear=0
shrinkage=0.1


Tree=457
num_leaves=9
num_cat=0
split_feature=46 19 11 31 102 27 31 42
split_gain=0.00100995 0.00102113 0.00379658 0.00369006 0.00567333 0.00366324 0.00345102 0.00194448
threshold=7.0021555404279701 2.3937458713910238 2.6735537653587347 2.6735537653587347 1.2424533248940004 2.8029010331479989 3.0201273556387074 2.3937458713910238
decision_type=2 2 2 2 2 2 2 2
left_child=1 2 3 4 -1 -3 -7 -8
right_child=-2 5 -4 -5 -6 6 7 -9
leaf_value=-0.00037460710953774991 -0.00057397750527437392 0.00099866640895405513 -0.0014037949149496853 -0.0010470265125622975 0.0012162258717580698 -0.00096306190843637471 0.0010196468501817435 4.2363544462987927e-05
leaf_weight=51 29 42 22 25 40 33 22 273
leaf_count=51 29 42 22 25 40 33 22 273
internal_value=0 3.27664e-05 -0.000199385 2.9038e-05 0.00032466 0.000119352 6.75742e-06 0.000115246
internal_weight=0 508 138 116 91 370 328 295
internal_count=537 508 138 116 91 370 328 295
is_linear=0
shrinkage=0.1


Tree=458
num_leaves=13
num_cat=0
split_feature=51 60 104 98 52 4 103 25 68 15 92 77
split_gain=0.000941695 0.00345843 0.00329077 0.00445505 0.00256259 0.00290183 0.0036424 0.00328776 0.00228077 0.00257818 0.00682493 0.00162403
threshold=2.9430520157250784 1.0551066001732952 1.4978661367769956 2.0126758453675753 1.7005986908310777 3.8499212036984933 2.4414009612931857 1.8688348091416844 4.1772346342812865 4.6346818562128229 5.3262937226227001 2.4414009612931857
decision_type=2 2 2 2 2 2 2 2 2 2 2 2
left_child=1 -1 3 -2 -3 6 -6 -7 -4 10 -10 -11
right_child=2 4 8 -5 5 7 -8 -9 9 11 -12 -13
leaf_value=0.001323003359341427 0.00025422482237142199 -0.00091877966187894346 0.0010170065348078922 -0.0015252646497067284 0.0017049169570038268 -0.0012825921320737425 0.00017426932968620987 0.0001373741381867726 0.00013096962612759485 0.00050268704965544331 -0.0019712843314704043 -0.00010569659598153451
leaf_weight=23 24 25 22 34 22 22 53 63 47 77 23 102
leaf_count=23 24 25 22 34 22 22 53 63 47 77 23 102
internal_value=0 0.000166546 -0.000105294 -0.000788924 2.27703e-05 0.000169887 0.000623259 -0.000230147 4.10185e-05 -4.52133e-05 -0.000559771 0.00015601
internal_weight=0 208 329 58 185 160 75 85 271 249 70 179
internal_count=537 208 329 58 185 160 75 85 271 249 70 179
is_linear=0
shrinkage=0.1


Tree=459
num_leaves=8
num_cat=0
split_feature=8 14 8 50 101 4 77
split_gain=0.000909257 0.00692884 0.00311274 0.002417 0.00194879 0.00234795 0.00216679
threshold=5.799074288650317 6.1903070075025832 5.5568206079685734 6.212604087723423 5.0687261712409617 5.0562255201382529 3.9888125493922968
decision_type=2 2 2 2 2 2 2
left_child=2 -2 4 -3 5 6 -1
right_child=1 3 -4 -5 -6 -7 -8
leaf_value=7.7791747479041677e-05 -0.0015841206863867763 0.00074461506724002823 0.0010668574788222282 -0.00033473063021807411 -0.00073029015928862946 0.00081634692811545593 -0.0006769021520581605
leaf_weight=281 29 42 29 41 34 37 44
leaf_count=281 29 42 29 41 34 37 44
internal_value=0 -0.000253479 6.67991e-05 0.000211444 -6.43748e-06 6.15487e-05 -2.43822e-05
internal_weight=0 112 425 83 396 362 325
internal_count=537 112 425 83 396 362 325
is_linear=0
shrinkage=0.1


Tree=460
num_leaves=6
num_cat=0
split_feature=101 102 7 10 34
split_gain=0.00101796 0.00209184 0.00201773 0.00332112 0.00219273
threshold=6.1922600203877645 4.6539149966267201 6.3152778797370503 6.2633964485293765 6.5889255315107418
decision_type=2 2 2 2 2
left_child=1 2 3 4 -1
right_child=-2 -3 -4 -5 -6
leaf_value=-1.3908495343235503e-06 0.00062307932740077383 -0.00082662136541799668 0.00087768779619811811 -0.00088657841921170675 0.00096476615127176046
leaf_weight=389 25 31 26 41 25
leaf_count=389 25 31 26 41 25
internal_value=0 -3.04238e-05 2.08904e-05 -2.80695e-05 5.6952e-05
internal_weight=0 512 481 455 414
internal_count=537 512 481 455 414
is_linear=0
shrinkage=0.1


Tree=461
num_leaves=9
num_cat=0
split_feature=34 43 98 98 10 51 26 0
split_gain=0.0010497 0.00103311 0.00117147 0.00556694 0.00293396 0.00206439 0.00474481 0.00224502
threshold=6.9527121927165378 6.1861747525776369 3.8064155152036787 3.2769667020129059 5.1298812082267613 2.8314802400679731 5.0906732680195743 4.6727851606181448
decision_type=2 2 2 2 2 2 2 2
left_child=1 2 3 4 -1 6 -4 -7
right_child=-2 -3 5 -5 -6 7 -8 -9
leaf_value=0.00017533012694948596 -0.00056485743482499534 0.0005587779299405936 -0.00029513556880622426 -0.0014020729940497287 -0.0007944105669299167 -0.00086500083422288293 0.0017380225584323246 0.0001678614604124481
leaf_weight=199 31 35 22 31 37 25 24 133
leaf_count=199 31 35 22 31 37 25 24 133
internal_value=0 3.46059e-05 -4.34532e-06 -0.000142198 2.32945e-05 0.000176079 0.000765643 4.43388e-06
internal_weight=0 506 471 267 236 204 46 158
internal_count=537 506 471 267 236 204 46 158
is_linear=0
shrinkage=0.1


Tree=462
num_leaves=9
num_cat=0
split_feature=41 19 65 45 5 27 64 63
split_gain=0.000996612 0.000957848 0.00381251 0.00489435 0.00348011 0.0031873 0.00317389 0.00256408
threshold=6.4068582012380899 2.3937458713910238 1.6085863662850206 2.8029010331479989 2.3502401828962087 2.8029010331479989 2.995593365371406 4.4995626957636246
decision_type=2 2 2 2 2 2 2 2
left_child=1 2 -1 4 -4 -3 -7 -8
right_child=-2 5 3 -5 -6 6 7 -9
leaf_value=-0.0013946722325106915 -0.00050821035110857336 0.00094096519252551451 0.0011496770107641636 -0.00080517729443801186 -0.00024184708936445532 -0.0010230244141658422 0.0011004100713762454 2.1831905070468093e-05
leaf_weight=22 36 42 41 43 32 27 24 270
leaf_count=22 36 42 41 43 32 27 24 270
internal_value=0 3.65181e-05 -0.000187737 4.1164e-05 0.000539694 0.000121772 1.45882e-05 0.000109879
internal_weight=0 501 138 116 73 363 321 294
internal_count=537 501 138 116 73 363 321 294
is_linear=0
shrinkage=0.1


Tree=463
num_leaves=10
num_cat=0
split_feature=87 10 61 57 56 52 61 61 19
split_gain=0.000979268 0.00338296 0.00418351 0.00222928 0.00183013 0.00264829 0.00249944 0.00303871 0.000896997
threshold=0.5556069708080712 6.3062686269857116 1.7681961091660321 3.7649039047069892 0.80471895621705036 1.7005986908310777 1.7188860970628002 3.2319797818331266 4.465842055365858
decision_type=2 2 2 2 2 2 2 2 2
left_child=4 2 -2 -4 -1 -6 -7 -8 -5
right_child=1 -3 3 8 5 6 7 -9 -10
leaf_value=0.0008409532080585106 -0.0012324262770231475 -0.0013701696054671298 0.00091074642453653129 0.00033071131064471874 -0.0010481464782391083 0.0011148430375297639 -0.00075020023828579324 0.00013259827988299736 -0.0005448026764206589
leaf_weight=29 22 22 36 22 22 22 45 292 25
leaf_count=29 22 22 36 22 22 22 45 292 25
internal_value=0 -0.000242635 -6.38976e-06 0.000318584 7.51577e-05 1.68688e-05 8.21344e-05 1.47172e-05 -0.000134988
internal_weight=0 127 105 83 410 381 359 337 47
internal_count=537 127 105 83 410 381 359 337 47
is_linear=0
shrinkage=0.1


Tree=464
num_leaves=7
num_cat=0
split_feature=35 30 35 33 34 34
split_gain=0.000852885 0.00291136 0.00118249 0.000952604 0.00218735 0.00181861
threshold=6.6950642080078762 6.6883353279854534 6.1861747525776369 5.2417330174952186 6.1158701961393769 5.609465086342035
decision_type=2 2 2 2 2 2
left_child=1 2 3 5 -5 -1
right_child=-2 -3 -4 4 -6 -7
leaf_value=-3.610570312716031e-05 0.00060974787881026393 -0.001078668812289834 0.00074415106686170809 -0.0010273678557756025 0.00015110279022741857 0.00056896757230098392
leaf_weight=346 22 25 22 28 36 58
leaf_count=346 22 25 22 28 36 58
internal_value=0 -2.60475e-05 2.76577e-05 -6.02362e-06 -0.000364478 5.07613e-05
internal_weight=0 515 490 468 64 404
internal_count=537 515 490 468 64 404
is_linear=0
shrinkage=0.1


Tree=465
num_leaves=8
num_cat=0
split_feature=26 44 97 97 65 30 45
split_gain=0.000887006 0.00274913 0.000979135 0.00357066 0.00292658 0.00391734 0.00176608
threshold=7.0021555404279701 6.5452010056581358 3.4811217321331038 4.1107394736335969 1.5610587468250474 5.1561734468561555 5.6559673591485771
decision_type=2 2 2 2 2 2 2
left_child=1 2 4 -4 -1 -6 -5
right_child=-2 -3 3 6 5 -7 -8
leaf_value=-0.0011624596416950227 0.00053790936433180273 -0.001098957725916396 0.0013329772880989249 -4.7933139791022464e-05 0.00027294626458125663 -0.00081974509005455993 0.00085176408368473262
leaf_weight=25 29 23 23 240 129 44 24
leaf_count=25 29 23 23 240 129 44 24
internal_value=0 -3.07074e-05 1.99519e-05 0.000137968 -0.000151112 -4.96368e-06 3.38575e-05
internal_weight=0 508 485 287 198 173 264
internal_count=537 508 485 287 198 173 264
is_linear=0
shrinkage=0.1


Tree=466
num_leaves=9
num_cat=0
split_feature=65 67 89 89 86 88 30 72
split_gain=0.000928729 0.00331338 0.00246348 0.00438039 0.00358171 0.00339098 0.00542879 0.00211596
threshold=1.6283470507525168 3.4334666422309414 0.22974486851048764 0.028591544580249383 0.66150965699663089 0.1266628784936242 4.4885732424042368 0.23484344716379393
decision_type=2 2 2 2 2 2 2 2
left_child=-1 -2 3 4 -3 6 -4 -7
right_child=1 2 5 -5 -6 7 -8 -9
leaf_value=0.00046355964732356373 -0.00097539797483477738 0.00012076213581064433 0.0019142767811125075 -0.0013451065459808629 -0.0010466504089223841 0.00015962251488836336 0.00026633857716141005 -0.0009276918089017272
leaf_weight=40 35 212 27 28 30 63 77 25
leaf_count=40 35 212 27 28 30 63 77 25
internal_value=0 -3.73086e-05 3.37588e-05 -0.000160966 -2.39584e-05 0.000307591 0.000694169 -0.000149274
internal_weight=0 497 462 270 242 192 104 88
internal_count=537 497 462 270 242 192 104 88
is_linear=0
shrinkage=0.1


Tree=467
num_leaves=13
num_cat=0
split_feature=100 51 89 49 46 50 104 11 104 35 65 72
split_gain=0.00088127 0.00177522 0.00347093 0.0056281 0.00245954 0.00138264 0.00514702 0.00308531 0.00287336 0.0101628 0.00586308 0.00128897
threshold=10.151271422546131 5.2931911783158618 0.22974486851048764 4.9415403713792339 5.4722353641838017 4.5325416796595226 0.8958797346140277 3.3842466058243152 1.0986122886681102 2.524928003624769 3.1923843191495282 0.078356715454763651
decision_type=2 2 2 2 2 2 2 2 2 2 2 2
left_child=1 5 3 -3 -4 8 -7 -8 9 -1 -10 -5
right_child=-2 2 4 11 -6 6 7 -9 10 -11 -12 -13
leaf_value=-0.0023730981417677622 0.00057973857875913382 -0.0019934381642378869 -0.0002499276582966559 0.00014572529961649132 0.0010739199556511543 0.0016693529638966238 -0.0008125309550086968 0.00036705170436214437 0.0014048037395696157 0.00011836952662633849 -0.0001331230919491976 -0.00080275837852083066
leaf_weight=22 25 25 36 38 23 24 30 85 32 64 110 23
leaf_count=22 25 25 36 38 23 24 30 85 32 64 110 23
internal_value=0 -2.83075e-05 -0.000324545 -0.000729789 0.000266149 8.87346e-05 0.000337323 5.93345e-05 -6.28172e-05 -0.000518983 0.000213452 -0.0002119
internal_weight=0 512 145 86 59 367 139 115 228 86 142 61
internal_count=537 512 145 86 59 367 139 115 228 86 142 61
is_linear=0
shrinkage=0.1


Tree=468
num_leaves=12
num_cat=0
split_feature=87 10 61 87 64 4 57 10 22 57 14
split_gain=0.000926628 0.00277681 0.00309203 0.0018003 0.00548929 0.00444773 0.00251822 0.0033926 0.00207851 0.00171401 0.000798753
threshold=0.5556069708080712 6.3062686269857116 1.7681961091660321 0.29892500444997194 3.3876830454681959 5.0172579074712669 0.94220600764219486 2.8314802400679731 3.7132745361986528 3.7649039047069892 5.1561734468561555
decision_type=2 2 2 2 2 2 2 2 2 2 2
left_child=3 2 -2 6 -5 -6 -1 -8 -9 -4 -11
right_child=1 -3 9 4 5 -7 7 8 -10 10 -12
leaf_value=-0.00083335977862589075 -0.0010760216382385062 -0.0012575620809167794 0.00077663189560755411 0.0018026316103161031 -0.0010671490221284331 0.00070033489992575994 0.0011545410290217171 -0.00076042276092006694 6.628729793505797e-05 -0.00057977384421974425 0.00024640456051565704
leaf_weight=35 22 22 36 23 24 35 26 35 232 22 25
leaf_count=35 22 22 36 23 24 35 26 35 232 22 25
internal_value=0 -0.000236024 -2.1987e-05 7.31098e-05 0.000492203 -1.86416e-05 -3.16636e-05 6.41021e-05 -4.20829e-05 0.000257396 -0.000140317
internal_weight=0 127 105 410 82 59 328 293 267 83 47
internal_count=537 127 105 410 82 59 328 293 267 83 47
is_linear=0
shrinkage=0.1


Tree=469
num_leaves=11
num_cat=0
split_feature=100 2 88 14 41 87 35 39 8 1
split_gain=0.000926451 0.00441632 0.00156454 0.00321043 0.00391998 0.00389201 0.00272567 0.00403906 0.0023664 0.00158882
threshold=6.1158701961393769 2.3937458713910238 0.52321968561337051 3.2180751841847144 6.1246618437622455 0.16788122690092908 5.9788825602762081 4.4187680230537838 2.3937458713910238 3.8064155152036787
decision_type=2 2 2 2 2 2 2 2 2 2
left_child=1 -1 3 5 8 -2 7 9 -5 -4
right_child=2 -3 6 4 -6 -7 -8 -9 -10 -11
leaf_value=-0.0004719296865695124 -0.0018910138465633446 0.0013052991338082832 5.1803718328561189e-05 0.00087561906624186508 -0.00097666660175234907 -1.0005491838621146e-05 0.0012444376398849748 -0.00069460811766560273 -1.5555022192488064e-05 0.0011078827147339952
leaf_weight=29 22 27 28 34 39 22 23 43 241 29
leaf_count=29 22 27 28 34 39 22 23 43 241 29
internal_value=0 0.000384948 -4.48173e-05 -0.000150531 -3.84322e-05 -0.00095051 0.00026287 3.71095e-05 9.46265e-05 0.000589107
internal_weight=0 56 481 358 314 44 123 100 275 57
internal_count=537 56 481 358 314 44 123 100 275 57
is_linear=0
shrinkage=0.1


Tree=470
num_leaves=9
num_cat=0
split_feature=53 45 7 57 54 101 101 101
split_gain=0.000853593 0.0061793 0.00351874 0.0024191 0.00155145 0.00165194 0.00586372 0.00465114
threshold=0.70808679187955681 3.5549397315361362 1.5890269151739729 1.5420386805928581 1.9356005054539456 3.7609296261008152 3.0433873634561537 3.9701138825728512
decision_type=2 2 2 2 2 2 2 2
left_child=1 -1 -3 -2 -5 6 -6 -7
right_child=3 2 -4 4 5 7 -8 -9
leaf_value=0.0012898372830629039 -0.00095555094054101833 -0.0013749977661063895 0.00030213785683936927 0.00068524402806595451 0.00012928932131816087 0.0014172820296759407 -0.0013475382351134614 -4.1421597375769384e-05
leaf_weight=36 28 22 29 31 82 24 40 245
leaf_count=36 28 22 29 31 82 24 40 245
internal_value=0 0.000286738 -0.000421332 -5.5436e-05 4.28729e-06 -4.97016e-05 -0.000354916 8.8723e-05
internal_weight=0 87 51 450 422 391 122 269
internal_count=537 87 51 450 422 391 122 269
is_linear=0
shrinkage=0.1


Tree=471
num_leaves=10
num_cat=0
split_feature=6 8 103 86 12 20 65 20 0
split_gain=0.000829098 0.00449552 0.00235482 0.00184919 0.00140059 0.0020209 0.00338035 0.0022663 0.000969032
threshold=6.212604087723423 5.799074288650317 5.5012498806127832 0.52229563671786405 5.5797227059640084 5.0995688973185436 4.7561553279518831 4.8282817362782584 6.5452010056581358
decision_type=2 2 2 2 2 2 2 2 2
left_child=1 4 -2 8 5 7 -7 -1 -4
right_child=2 -3 3 -5 -6 6 -8 -9 -10
leaf_value=-1.2021302039444547e-06 0.0010777195897669746 -0.0012863426110340829 -0.0007277548303105066 0.00075564175098076123 0.00079974581815556384 -0.0015418027617587623 9.0160138837139435e-05 0.0010278413219012969 0.00010474110194654376
leaf_weight=308 26 28 29 22 22 22 30 23 27
leaf_count=308 26 28 29 22 22 22 30 23 27
internal_value=0 -6.0896e-05 0.000253538 -2.11893e-05 2.38263e-05 -2.07435e-05 -0.000600286 7.03024e-05 -0.000326373
internal_weight=0 433 104 78 405 383 52 331 56
internal_count=537 433 104 78 405 383 52 331 56
is_linear=0
shrinkage=0.1


Tree=472
num_leaves=9
num_cat=0
split_feature=87 29 98 54 56 52 61 60
split_gain=0.000825946 0.00248818 0.00436844 0.00285381 0.00171304 0.00194116 0.00224418 0.00221187
threshold=0.5556069708080712 1.8688348091416844 3.7132745361986528 5.799074288650317 0.80471895621705036 1.7005986908310777 1.7188860970628002 3.6441222005100626
decision_type=2 2 2 2 2 2 2 2
left_child=4 -2 -3 -4 -1 -6 -7 -8
right_child=1 2 3 -5 5 6 7 -9
leaf_value=0.00080991575227456244 0.00067123276251368231 -0.00125672460111673 0.00069936547455761366 -0.0006639289713348262 -0.00089917888610877787 0.0010470614697128027 -0.00059514577488663733 0.00011405738628119461
leaf_weight=29 25 40 34 28 22 22 52 285
leaf_count=29 25 40 34 28 22 22 52 285
internal_value=0 -0.000222833 -0.000441966 8.36841e-05 6.90238e-05 1.26304e-05 6.85073e-05 4.62544e-06
internal_weight=0 127 102 62 410 381 359 337
internal_count=537 127 102 62 410 381 359 337
is_linear=0
shrinkage=0.1


Tree=473
num_leaves=9
num_cat=0
split_feature=18 6 68 30 7 16 22 103
split_gain=0.000797794 0.00353123 0.00286348 0.00255643 0.00131882 0.00228484 0.00167381 0.0010616
threshold=6.212604087723423 6.1158701961393769 5.8729564318206142 6.2005071168401162 5.8170934442298607 5.2932921986212866 5.7429826416937235 5.6057750326932236
decision_type=2 2 2 2 2 2 2 2
left_child=2 -2 4 -3 5 6 -1 -5
right_child=1 3 -4 7 -6 -7 -8 -9
leaf_value=-4.1304958482830549e-05 -0.0013123569757832836 -0.00064433945342898377 0.0011204738838083963 0.0010226940677966923 0.00059336638674080053 -0.00083887462148114159 0.00080839693592861311 7.1960427643110358e-05
leaf_weight=319 24 30 24 23 34 34 25 24
leaf_count=319 24 30 24 23 34 34 25 24
internal_value=0 -0.000253245 5.86645e-05 7.68679e-05 -3.18844e-06 -5.68468e-05 2.04466e-05 0.000537213
internal_weight=0 101 436 77 412 378 344 47
internal_count=537 101 436 77 412 378 344 47
is_linear=0
shrinkage=0.1


Tree=474
num_leaves=7
num_cat=0
split_feature=34 79 79 6 6 101
split_gain=0.00087273 0.000938646 0.0014431 0.00108795 0.0019956 0.00115002
threshold=7.1966391559419423 5.2781016436508681 6.0748278607123192 6.4296986659514745 6.212604087723423 3.9701138825728512
decision_type=2 2 2 2 2 2
left_child=1 3 -3 4 5 -1
right_child=-2 2 -4 -5 -6 -7
leaf_value=9.0464280225158257e-05 -0.00060265723048992786 0.00090402160208684324 -0.00010246550539574987 -0.00057381702706951537 0.00094966083680364229 -0.00026900710002617667
leaf_weight=269 23 29 28 33 22 133
leaf_count=269 23 29 28 33 22 133
internal_value=0 2.69672e-05 0.000409607 -2.07582e-05 2.22865e-05 -2.84653e-05
internal_weight=0 514 57 457 424 402
internal_count=537 514 57 457 424 402
is_linear=0
shrinkage=0.1


Tree=475
num_leaves=12
num_cat=0
split_feature=87 10 61 37 8 56 96 7 76 57 14
split_gain=0.000744958 0.00234227 0.00244016 0.00153255 0.00425958 0.00406539 0.00378643 0.00141212 0.00184181 0.00135442 0.000669276
threshold=0.5556069708080712 6.3062686269857116 1.7681961091660321 1.5890269151739731 3.9701138825728512 0.80471895621705036 3.3667009459186801 1.9356005054539456 0.91566525161516787 3.7649039047069892 5.1561734468561555
decision_type=2 2 2 2 2 2 2 2 2 2 2
left_child=3 2 -2 4 6 -5 -1 -7 -9 -4 -11
right_child=1 -3 9 5 -6 7 -8 8 -10 10 -12
leaf_value=1.3360022769674012e-05 -0.00095140716928819374 -0.0011498358513397928 0.00069471072379706641 0.001390183040406555 0.00050018689897213438 -0.00053412181790918106 -0.0017480570075209612 2.6975049407049376e-05 0.00074911907958310282 -0.00052266362631185484 0.00023359485995024442
leaf_weight=23 22 22 36 25 37 35 26 222 42 22 25
leaf_count=23 22 22 36 25 37 35 26 222 42 22 25
internal_value=0 -0.000211626 -1.50486e-05 6.55524e-05 -0.000309713 0.00016516 -0.000921269 6.27331e-05 0.000141862 0.000233143 -0.000120398
internal_weight=0 127 105 410 86 324 49 299 264 83 47
internal_count=537 127 105 410 86 324 49 299 264 83 47
is_linear=0
shrinkage=0.1


Tree=476
num_leaves=11
num_cat=0
split_feature=100 95 104 88 14 41 19 35 33 27
split_gain=0.000721523 0.00472931 0.00850313 0.00217795 0.00418742 0.00262459 0.00225039 0.00290662 0.00191438 0.00167677
threshold=6.5792357796731817 2.191013317336941 1.0986122886681102 0.51761774541541439 3.2180751841847144 6.1246618437622455 2.8029010331479989 5.9788825602762081 3.1132683346437333 5.1059271080903725
decision_type=2 2 2 2 2 2 2 2 2 2
left_child=1 2 -1 4 -2 8 -5 9 -6 -8
right_child=3 -3 -4 6 5 -7 7 -9 -10 -11
leaf_value=-0.0011637813656125218 -0.0012234404270670244 0.0015023239700974007 0.00087345601128791233 0.0011561684082262219 -0.00038197321182576149 -0.00088810310699045665 0.00027810252868221141 0.0010796839866088705 0.00022713702477300437 -0.00072342965818409418
leaf_weight=40 35 23 42 25 73 34 32 22 176 35
leaf_count=40 35 23 42 25 73 34 32 22 176 35
internal_value=0 0.000235118 -0.000120318 -5.71466e-05 -0.000191584 -6.39697e-05 0.000317864 8.23853e-05 4.85625e-05 -0.000245086
internal_weight=0 105 82 432 318 283 114 89 249 67
internal_count=537 105 82 432 318 283 114 89 249 67
is_linear=0
shrinkage=0.1


Tree=477
num_leaves=11
num_cat=0
split_feature=44 44 104 33 36 26 8 73 59 101
split_gain=0.000871513 0.0034032 0.00319471 0.00370674 0.00380232 0.00309348 0.00676202 0.00330064 0.00280198 0.00146119
threshold=2.9174053685313028 3.4334666422309414 0.8958797346140277 3.1132683346437333 4.2045812236012674 4.7790881836238563 1.5890269151739729 1.2424533248940004 4.8121513051691478 3.3497501700808394
decision_type=2 2 2 2 2 2 2 2 2 2
left_child=5 -2 -3 8 -5 6 -1 -8 -4 -9
right_child=1 2 3 4 -6 -7 7 9 -10 -11
leaf_value=-0.0011990993739649034 -0.00093221314451684954 0.00084960955101428788 -0.0016994634564743258 0.0011348427524228162 -8.4324524309753045e-05 0.001011211053911312 0.0011817762119296408 0.00057887831882742996 -0.00012089350864037195 -0.0004670368971025763
leaf_weight=36 42 41 23 29 217 36 35 22 22 34
leaf_count=36 42 41 23 29 217 36 35 22 22 34
internal_value=0 -8.41023e-05 2.31888e-05 -9.32484e-05 5.93984e-05 0.000192971 -3.89712e-05 0.000419981 -0.000927718 -5.61416e-05
internal_weight=0 374 332 291 246 163 127 91 45 56
internal_count=537 374 332 291 246 163 127 91 45 56
is_linear=0
shrinkage=0.1


Tree=478
num_leaves=9
num_cat=0
split_feature=81 37 44 58 61 86 77 20
split_gain=0.000762648 0.00115239 0.00343365 0.00363045 0.00336372 0.00311539 0.00219839 0.00186533
threshold=2.1664091395297538 1.5890269151739731 4.2045812236012674 1.9356005054539456 0.85184371294609129 0.6813317870098613 3.8709839499103427 1.9356005054539456
decision_type=2 2 2 2 2 2 2 2
left_child=1 2 3 -1 -3 7 -5 -6
right_child=-2 4 -4 6 5 -7 -8 -9
leaf_value=-0.0017382774886715671 0.0004200713988393545 0.0012412260286509991 0.0006750347923722682 0.00052079763045185243 -0.0009572092579522482 0.0010489618601277472 -0.00087744758651672825 -4.4483709955343301e-05
leaf_weight=23 40 22 24 22 24 25 23 334
leaf_count=23 40 22 24 22 24 25 23 334
internal_value=0 -3.38086e-05 -0.000353297 -0.000716237 3.87665e-05 -3.03043e-05 -0.000193861 -0.000105672
internal_weight=0 497 92 68 405 383 45 358
internal_count=537 497 92 68 405 383 45 358
is_linear=0
shrinkage=0.1


Tree=479
num_leaves=10
num_cat=0
split_feature=44 44 104 23 83 26 8 73 37
split_gain=0.00087288 0.00274294 0.00256156 0.00343895 0.00253877 0.00247568 0.00539535 0.00266179 0.00133027
threshold=2.9174053685313028 3.4334666422309414 0.8958797346140277 1.5890269151739729 1.6722123103789051 4.7790881836238563 1.5890269151739729 1.2424533248940004 2.191013317336941
decision_type=2 2 2 2 2 2 2 2 2
left_child=5 -2 -3 -4 -5 6 -1 -8 -9
right_child=1 2 3 4 -6 -7 7 8 -10
leaf_value=-0.0010506515837429712 -0.00084557475883922885 0.00075216435787563282 -0.0012941818674583128 -9.8511828464060774e-05 0.00090749398347855141 0.00092511041180437644 0.0010796977024126267 0.00036007268136017956 -0.00063788582020523872
leaf_weight=36 42 41 22 241 28 36 35 34 22
leaf_count=36 42 41 22 241 28 36 35 34 22
internal_value=0 -8.41682e-05 1.21543e-05 -9.21083e-05 6.20253e-06 0.000193122 -1.43705e-05 0.000395587 -3.19824e-05
internal_weight=0 374 332 291 269 163 127 91 56
internal_count=537 374 332 291 269 163 127 91 56
is_linear=0
shrinkage=0.1


Tree=480
num_leaves=9
num_cat=0
split_feature=36 45 96 32 27 53 72 77
split_gain=0.000927499 0.00539092 0.00362437 0.00200378 0.00228023 0.00199122 0.00205719 0.00196875
threshold=1.9356005054539456 2.5619819897016298 4.3303869599468818 2.191013317336941 1.5890269151739729 4.2824042442592738 0.37504708671941628 6.2362470266328147
decision_type=2 2 2 2 2 2 2 2
left_child=1 2 -1 -2 -5 6 -6 -7
right_child=3 -3 -4 4 5 7 -8 -9
leaf_value=0.00065747355157509452 -0.00095148272885126062 0.0012339161281046031 -0.00088495009441454065 0.00072653562350943077 -0.00011218712533895685 0.00069905002094822492 -0.00094998790485657412 -0.00037430093483999376
leaf_weight=25 24 37 39 38 262 54 33 25
leaf_count=25 24 37 39 38 262 54 33 25
internal_value=0 0.000273056 -0.000282441 -6.32539e-05 -1.15124e-05 -8.65012e-05 -0.000205907 0.000359382
internal_weight=0 101 64 436 412 374 295 79
internal_count=537 101 64 436 412 374 295 79
is_linear=0
shrinkage=0.1


Tree=481
num_leaves=7
num_cat=0
split_feature=65 67 26 89 89 79
split_gain=0.000831507 0.00233168 0.00188539 0.00179431 0.00288939 0.00285223
threshold=1.6283470507525168 3.4334666422309414 1.9356005054539456 0.22974486851048764 0.047229846454033005 2.249904835165133
decision_type=2 2 2 2 2 2
left_child=-1 -2 -3 4 -4 -5
right_child=1 2 3 5 -6 -7
leaf_value=0.00043862576014362274 -0.00082224461958893308 0.00068046839471207936 -0.00010488915730612852 -0.00019211201356943657 -0.0013058673368174245 0.00061306914464495654
leaf_weight=40 35 40 224 89 22 87
leaf_count=40 35 40 224 89 22 87
internal_value=0 -3.53019e-05 2.4315e-05 -3.78796e-05 -0.000212294 0.000205904
internal_weight=0 497 462 422 246 176
internal_count=537 497 462 422 246 176
is_linear=0
shrinkage=0.1


Tree=482
num_leaves=13
num_cat=0
split_feature=14 21 14 27 78 88 15 11 3 3 25 2
split_gain=0.000780657 0.00471707 0.00349579 0.00575869 0.00322348 0.00298807 0.00567573 0.00456118 0.00181755 0.00647616 0.00248231 0.00176085
threshold=4.8751681865209777 2.9174053685313028 4.5538214868689204 3.0201273556387074 3.0702953316038939 1.0000000180025095e-35 1.9356005054539456 1.0397207708399181 4.8121513051691478 5.1503930356556173 4.8751681865209777 5.7004379805808041
decision_type=2 2 2 2 2 2 2 2 2 2 2 2
left_child=2 -2 4 -4 5 6 -1 -7 10 -10 -3 -11
right_child=1 8 3 -5 -6 7 -8 -9 9 11 -12 -13
leaf_value=-0.0015773255789689436 -0.0013701995614812607 -0.00013232433548717595 0.0020404182597184958 -3.4037767909467222e-05 0.00098915422498248523 0.0012902056964636498 9.4575601558770158e-05 -0.00029551068738025305 -0.0016746605226217071 0.00082058872934862015 0.0010851753181089986 -5.943918768025469e-05
leaf_weight=37 27 34 23 32 25 26 45 60 24 27 33 144
leaf_count=37 27 34 23 32 25 26 45 60 24 27 33 144
internal_value=0 -0.000111691 0.000130157 0.000833462 -7.02673e-05 -0.000227919 -0.000659819 0.000183892 1.80021e-05 -0.000136386 0.00046734 7.95126e-05
internal_weight=0 289 248 55 193 168 82 86 262 195 67 171
internal_count=537 289 248 55 193 168 82 86 262 195 67 171
is_linear=0
shrinkage=0.1


Tree=483
num_leaves=13
num_cat=0
split_feature=17 15 0 98 98 49 4 31 34 11 21 18
split_gain=0.00080051 0.00412286 0.00318138 0.00198477 0.0030016 0.00272994 0.00458254 0.00338517 0.00144784 0.00158169 0.00247587 0.00167886
threshold=3.891612008168019 4.7094896185437563 4.1430087342023825 4.317399216745252 3.0201273556387074 1.0397207708399181 3.7132745361986528 1.9356005054539456 6.6883353279854534 5.8170934442298607 4.8038866541935423 6.2393002351051399
decision_type=2 2 2 2 2 2 2 2 2 2 2 2
left_child=3 2 -2 4 5 6 -1 -7 9 10 -3 -11
right_child=1 8 -4 -5 -6 7 -8 -9 -10 11 -12 -13
leaf_value=0.0017911313186535457 -0.00020006550941616296 0.00018647732850946884 -0.0018488935017640787 0.0007464636856321853 -0.00083123850959560116 0.00060299029368883462 -0.00018416532117913924 -0.00043839099407493856 0.00061135880875950446 0.00076105891385924306 -0.00081962772677013406 -0.00011014363643797962
leaf_weight=24 25 47 22 43 36 49 23 86 39 37 51 55
leaf_count=24 25 47 22 43 36 49 23 86 39 37 51 55
internal_value=0 -0.00011873 -0.000971857 0.000125554 3.08102e-06 0.000168111 0.000824497 -6.04082e-05 5.63655e-05 -5.75542e-05 -0.000337108 0.000240231
internal_weight=0 276 47 261 218 182 47 135 229 190 98 92
internal_count=537 276 47 261 218 182 47 135 229 190 98 92
is_linear=0
shrinkage=0.1


Tree=484
num_leaves=6
num_cat=0
split_feature=34 69 60 96 53
split_gain=0.000883363 0.00067311 0.00142976 0.000855924 0.00140279
threshold=7.1966391559419423 1.5138613836196224 1.9088561629784524 1.5890269151739729 0.70808679187955681
decision_type=2 2 2 2 2
left_child=1 -1 -3 -4 -5
right_child=-2 2 3 4 -6
leaf_value=-0.00045887764814930664 -0.00060631765012183916 0.00082367168759684198 -0.00053048062836751346 0.00063025138468767155 -5.6040664609022122e-06
leaf_weight=27 23 23 27 38 399
leaf_count=27 23 23 27 38 399
internal_value=0 2.71309e-05 5.4076e-05 1.59279e-05 4.96877e-05
internal_weight=0 514 487 464 437
internal_count=537 514 487 464 437
is_linear=0
shrinkage=0.1


Tree=485
num_leaves=7
num_cat=0
split_feature=34 0 70 12 20 69
split_gain=0.000715524 0.000660022 0.0010105 0.00094418 0.00161716 0.00150038
threshold=7.1966391559419423 6.4536138387458246 6.2276462212733366 5.6903366269220443 5.0995688973185436 5.868319901010925
decision_type=2 2 2 2 2 2
left_child=1 2 3 4 -1 -5
right_child=-2 -3 -4 5 -6 -7
leaf_value=5.8228589999871643e-05 -0.00054568584866659801 0.0004436275864385867 -0.00066819638013839724 0.00094861939756406678 -0.00048761714787150804 -3.7519023074613263e-05
leaf_weight=329 23 35 22 27 65 36
leaf_count=329 23 35 22 27 65 36
internal_value=0 2.44179e-05 -6.21334e-06 2.56546e-05 -3.18221e-05 0.000385112
internal_weight=0 514 479 457 394 63
internal_count=537 514 479 457 394 63
is_linear=0
shrinkage=0.1


Tree=486
num_leaves=7
num_cat=0
split_feature=40 26 58 58 54 7
split_gain=0.000736078 0.00247869 0.000802705 0.00165592 0.00185868 0.00118774
threshold=6.6707012585667238 6.8053391632106601 6.2265054227050509 5.5568206079685734 5.5797227059640084 5.8550678171289681
decision_type=2 2 2 2 2 2
left_child=1 2 3 4 -1 -5
right_child=-2 -3 -4 5 -6 -7
leaf_value=2.7516749418607065e-05 0.00051903719275007748 -0.001040896124449437 -0.00055526929133085782 0.0011212227178144863 -0.00091780808367978098 0.00020644578815335994
leaf_weight=381 26 23 23 22 22 40
leaf_count=381 26 23 23 22 22 40
internal_value=0 -2.64089e-05 2.1405e-05 4.99287e-05 -2.40891e-05 0.000531044
internal_weight=0 511 488 465 403 62
internal_count=537 511 488 465 403 62
is_linear=0
shrinkage=0.1


Tree=487
num_leaves=9
num_cat=0
split_feature=26 47 41 40 30 17 34 21
split_gain=0.000676994 0.00173947 0.000800719 0.00186966 0.00231965 0.00153593 0.00224972 0.00204119
threshold=7.0021555404279701 6.4167269426572506 5.2310943182715759 5.7651468795656617 6.2265054227050509 3.8064155152036787 5.2203412156610947 3.8499212036984933
decision_type=2 2 2 2 2 2 2 2
left_child=1 2 5 -4 -5 6 -1 -7
right_child=-2 -3 3 4 -6 7 -8 -9
leaf_value=-8.6035987613447426e-06 0.00046993533896025406 -0.0007929854375626227 0.0010224163327366114 -0.00072174401631435521 0.00051781923595828837 -0.001077237162799402 0.0008703197742921903 -0.00012108547161351312
leaf_weight=203 29 28 25 26 36 27 34 129
leaf_count=203 29 28 25 26 36 27 34 129
internal_value=0 -2.6827e-05 1.78656e-05 0.000292374 -1.99761e-06 -4.29035e-05 0.000117487 -0.000286573
internal_weight=0 508 480 87 62 393 237 156
internal_count=537 508 480 87 62 393 237 156
is_linear=0
shrinkage=0.1


Tree=488
num_leaves=6
num_cat=0
split_feature=34 95 6 98 15
split_gain=0.000659153 0.000611016 0.000798536 0.000944618 0.00107445
threshold=7.1966391559419423 6.6783349946321184 6.7031512267886386 5.5214289168382038 5.6663728065440679
decision_type=2 2 2 2 2
left_child=1 2 3 4 -1
right_child=-2 -3 -4 -5 -6
leaf_value=6.1625434015068236e-05 -0.00052374948180564074 0.00050563851417973643 -0.00057642012075318589 0.00065201995378668916 -0.00036784683820703808
leaf_weight=374 23 25 23 23 69
leaf_count=374 23 25 23 23 69
internal_value=0 2.34363e-05 -1.2162e-06 2.71737e-05 -5.26754e-06
internal_weight=0 514 489 466 443
internal_count=537 514 489 466 443
is_linear=0
shrinkage=0.1


Tree=489
num_leaves=6
num_cat=0
split_feature=40 26 31 35 20
split_gain=0.000694673 0.00204164 0.000765023 0.00148841 0.000900855
threshold=6.6707012585667238 6.8053391632106601 6.1246809968142868 5.9188794015264019 5.5052984857290932
decision_type=2 2 2 2 2
left_child=1 2 3 4 -1
right_child=-2 -3 -4 -5 -6
leaf_value=-6.0198986436209587e-05 0.00050422773839762581 -0.000946370854406901 -0.00048038191091799142 0.000730172770175462 0.00034143534590618928
leaf_weight=363 26 23 29 30 66
leaf_count=363 26 23 29 30 66
internal_value=0 -2.56554e-05 1.7739e-05 4.92106e-05 1.59091e-06
internal_weight=0 511 488 459 429
internal_count=537 511 488 459 429
is_linear=0
shrinkage=0.1


Tree=490
num_leaves=8
num_cat=0
split_feature=26 8 69 12 77 16 68
split_gain=0.000707223 0.00166767 0.00439549 0.00280799 0.00189345 0.00116195 0.00147506
threshold=7.0021555404279701 5.799074288650317 5.9667636586480342 5.6903366269220443 5.5090932111090885 5.3706272113530096 5.5180839184447201
decision_type=2 2 2 2 2 2 2
left_child=1 3 -3 5 -4 6 -1
right_child=-2 2 4 -5 -6 -7 -8
leaf_value=-6.8754215706491757e-06 0.00048031235446928649 -0.0015442571924068034 0.00063692193237199855 0.0011572672312137333 -0.00044091479309524105 -0.00062448510673545699 0.00083773102378472688
leaf_weight=344 29 25 28 22 39 28 22
leaf_count=344 29 25 28 22 39 28 22
internal_value=0 -2.74194e-05 -0.000412699 5.77866e-05 9.52444e-06 -3.6057e-06 4.38933e-05
internal_weight=0 508 92 416 67 394 366
internal_count=537 508 92 416 67 394 366
is_linear=0
shrinkage=0.1


Tree=491
num_leaves=9
num_cat=0
split_feature=34 69 27 41 53 21 59 25
split_gain=0.000647695 0.000566706 0.00126059 0.00272443 0.00215543 0.00173985 0.0025651 0.00163537
threshold=7.1966391559419423 1.5138613836196224 1.5890269151739729 1.5890269151739731 2.8477523405893534 2.3502401828962087 4.3693677306817369 4.0428973506407848
decision_type=2 2 2 2 2 2 2 2
left_child=1 -1 3 4 -3 6 -4 -7
right_child=-2 2 5 -5 -6 7 -8 -9
leaf_value=-0.00042271180233607696 -0.00051917737279006326 -0.00080263115126978266 -0.0012240539841254108 0.0011265841845670367 0.00045374162123658205 0.0003953489544573149 6.8444070091251946e-05 -8.4774202293448565e-05
leaf_weight=27 23 22 28 32 36 102 34 233
leaf_count=27 23 22 28 32 36 102 34 233
internal_value=0 2.32317e-05 4.79554e-05 0.000385861 -2.28136e-05 -2.86479e-05 -0.000515265 6.14125e-05
internal_weight=0 514 487 90 58 397 62 335
internal_count=537 514 487 90 58 397 62 335
is_linear=0
shrinkage=0.1


Tree=492
num_leaves=7
num_cat=0
split_feature=26 44 88 88 88 68
split_gain=0.000657806 0.00155033 0.000696802 0.0020833 0.00138426 0.00237495
threshold=7.0021555404279701 6.5452010056581358 0.643176865477746 0.67558376684622667 0.56926050640888715 3.46163845539213
decision_type=2 2 2 2 2 2
left_child=1 2 4 -4 5 -1
right_child=-2 -3 3 -5 -6 -7
leaf_value=0.0010282385517629419 0.0004632276888326581 -0.00082865199023533776 0.0009723129509698734 -0.00013607429952339033 -0.00061322843248490244 -4.2561411713915098e-05
leaf_weight=22 29 23 28 43 38 354
leaf_count=22 29 23 28 43 38 354
internal_value=0 -2.64441e-05 1.15988e-05 0.000301036 -3.80391e-05 2.00918e-05
internal_weight=0 508 485 71 414 376
internal_count=537 508 485 71 414 376
is_linear=0
shrinkage=0.1


Tree=493
num_leaves=9
num_cat=0
split_feature=35 37 17 10 89 48 96 37
split_gain=0.000641702 0.00233377 0.00151834 0.000682467 0.00285398 0.00367269 0.00245638 0.00127919
threshold=6.1861747525776369 5.8719233458001243 5.6559673591485771 3.2180751841847144 0.54720635870335943 3.2951505240983434 3.1345481418531311 1.8688348091416844
decision_type=2 2 2 2 2 2 2 2
left_child=1 3 -2 4 5 -1 -5 -8
right_child=2 -3 -4 6 -6 -7 7 -9
leaf_value=-0.00060228582868362805 0.00094408501830437917 -0.0010434226746755568 -0.00011433265665828279 0.00098876621792711654 -0.0011694129778334172 0.00091575093839007127 -0.00037990703949361261 9.6564598549106213e-05
leaf_weight=34 23 22 33 27 24 30 71 273
leaf_count=34 23 22 33 27 24 30 71 273
internal_value=0 -3.72993e-05 0.000320375 1.09244e-05 -0.000239444 0.000109294 7.03111e-05 -1.77693e-06
internal_weight=0 481 56 459 88 64 371 344
internal_count=537 481 56 459 88 64 371 344
is_linear=0
shrinkage=0.1


Tree=494
num_leaves=10
num_cat=0
split_feature=21 26 2 13 69 52 17 15 13
split_gain=0.000602653 0.00387056 0.00290851 0.00150639 0.00139251 0.00159439 0.00132017 0.0019147 0.0016605
threshold=5.6021120126471873 6.212604087723423 5.8318781773364075 5.2310943182715759 5.9975343324846859 6.1590864490255308 3.891612008168019 4.3036997296511936 3.3667009459186801
decision_type=2 2 2 2 2 2 2 2 2
left_child=1 3 -2 6 -4 -6 8 -8 -1
right_child=2 -3 4 -5 5 -7 7 -9 -10
leaf_value=-3.0283819260447346e-05 0.0012072974529987932 -0.0012838546577161956 -0.00066924513040038836 0.00060559253448445828 0.0008586249171375212 -0.00033214669725250293 -0.0010925129661336541 -0.00010893362774942561 0.00063223783009047825
leaf_weight=213 23 24 26 40 22 23 25 95 46
leaf_count=213 23 24 26 40 22 23 25 95 46
internal_value=0 -4.87987e-05 0.000229977 2.19443e-05 -8.66197e-05 0.000250008 -3.96544e-05 -0.000313846 8.73841e-05
internal_weight=0 443 94 419 71 45 379 120 259
internal_count=537 443 94 419 71 45 379 120 259
is_linear=0
shrinkage=0.1


Tree=495
num_leaves=10
num_cat=0
split_feature=34 34 36 42 40 17 87 71 79
split_gain=0.000652532 0.00065803 0.00275865 0.00229853 0.0017455 0.00231294 0.00142666 0.0018108 0.0013278
threshold=7.1966391559419423 5.2203412156610947 4.2625806805327082 5.335105210377197 4.6727851606181448 1.8688348091416844 0.4273144917421744 3.5831329870668194 4.0405828888627173
decision_type=2 2 2 2 2 2 2 2 2
left_child=1 3 -3 4 5 -1 7 -4 -8
right_child=-2 2 6 -5 -6 -7 8 -9 -10
leaf_value=-0.0005032335128635168 -0.00052111250874788866 0.0011926717142594736 4.2951158724867535e-05 -0.0010554416200400077 0.00074066147230794372 0.00013755530186560741 5.0432905047801481e-05 -0.00087265383421995303 0.0010662405979184604
leaf_weight=85 23 23 108 22 29 167 31 27 22
leaf_count=85 23 23 108 22 29 167 31 27 22
internal_value=0 2.33183e-05 0.000158906 -7.11011e-05 5.96466e-06 -7.85838e-05 3.2435e-05 -0.00014017 0.000472089
internal_weight=0 514 211 303 281 252 188 135 53
internal_count=537 514 211 303 281 252 188 135 53
is_linear=0
shrinkage=0.1


Tree=496
num_leaves=10
num_cat=0
split_feature=65 67 103 46 61 42 89 88 101
split_gain=0.000664604 0.00170993 0.00151313 0.00224441 0.00372962 0.00337776 0.00214785 0.00281416 0.00142425
threshold=1.6283470507525168 3.4334666422309414 3.5408542930527882 5.5293030953222733 3.6678169556089428 5.9375327241700111 0.22974486851048764 0.089250971907882948 3.9701138825728512
decision_type=2 2 2 2 2 2 2 2 2
left_child=-1 -2 3 4 -3 -5 7 -4 -8
right_child=1 2 6 5 -6 -7 8 -9 -10
leaf_value=0.00039214124350110072 -0.00070546469634531869 0.0017015406775753945 -0.00064699465578104255 -0.00090476068809813891 -4.3697910344538588e-05 0.00055808027912127348 0.00069961629986729735 0.00010082454036149246 9.6494931103034804e-06
leaf_weight=40 35 25 107 27 24 38 42 95 104
leaf_count=40 35 25 107 27 24 38 42 95 104
internal_value=0 -3.15607e-05 1.94927e-05 0.000335687 0.00084673 -4.95614e-05 -8.40881e-05 -0.000295298 0.000208133
internal_weight=0 497 462 114 49 65 348 202 146
internal_count=537 497 462 114 49 65 348 202 146
is_linear=0
shrinkage=0.1


Tree=497
num_leaves=11
num_cat=0
split_feature=87 61 2 96 87 42 44 57 10 96
split_gain=0.000646196 0.00185179 0.0027434 0.00223692 0.0014077 0.00468186 0.00377499 0.00247454 0.00233638 0.00119856
threshold=0.5556069708080712 4.6193409562630938 4.9869730080923453 4.3303869599468818 0.29892500444997194 4.5271940351011493 5.0172579074712669 0.94220600764219486 2.8314802400679731 4.7790881836238563
decision_type=2 2 2 2 2 2 2 2 2 2
left_child=4 2 3 -2 7 -6 -7 -1 -9 -10
right_child=1 -3 -4 -5 5 6 -8 8 9 -11
leaf_value=-0.00082630699086751387 0.00017065817345141886 -0.00078148247542374433 0.00079340223692270229 -0.0010981608953443357 -0.00053754279224742805 0.0020085360118008047 0.0002714036546390632 0.00096824927582369691 -0.00032441520388499742 0.000125034539128086
leaf_weight=35 33 38 32 24 31 22 29 26 89 178
leaf_count=35 33 38 32 24 31 22 29 26 89 178
internal_value=0 -0.000197099 5.24127e-05 -0.000363581 6.10527e-05 0.000431642 0.00102075 -3.15947e-05 6.33368e-05 -2.4782e-05
internal_weight=0 127 89 57 410 82 51 328 293 267
internal_count=537 127 89 57 410 82 51 328 293 267
is_linear=0
shrinkage=0.1


Tree=498
num_leaves=7
num_cat=0
split_feature=65 64 24 85 6 88
split_gain=0.000601926 0.00143479 0.00109255 0.00275167 0.00183953 0.00152078
threshold=1.6283470507525168 2.4203406930554818 1.0397207708399181 0.25570780162268814 2.7058230259275202 0.41772296771466128
decision_type=2 2 2 2 2 2
left_child=-1 -2 3 -3 -4 -6
right_child=1 2 4 -5 5 -7
leaf_value=0.0003731922805309296 -0.00078432905235482995 0.001244712163410757 -0.0008405372010370397 -0.00030214232924070375 -0.00011918040649669077 0.00030148974726907913
leaf_weight=40 24 23 27 23 275 125
leaf_count=40 24 23 27 23 275 125
internal_value=0 -3.00356e-05 8.23723e-06 0.000471285 -4.16461e-05 1.2279e-05
internal_weight=0 497 473 46 427 400
internal_count=537 497 473 46 427 400
is_linear=0
shrinkage=0.1


Tree=499
num_leaves=7
num_cat=0
split_feature=40 47 43 35 85 34
split_gain=0.000586933 0.00194179 0.000684538 0.00109666 0.00195315 0.0018831
threshold=6.6707012585667238 6.2897000812552255 5.9788825602762081 5.6663728065440679 0.39794663995881546 5.609465086342035
decision_type=2 2 2 2 2 2
left_child=1 2 3 5 -5 -1
right_child=-2 -3 -4 4 -6 -7
leaf_value=-3.841820606979618e-05 0.00046347978641279045 -0.00081830320163260638 0.00045012068685277239 -0.0010111998342576304 0.00019244627462914932 0.00059740475784632579
leaf_weight=339 26 29 35 28 26 54
leaf_count=339 26 29 35 28 26 54
internal_value=0 -2.35821e-05 2.4233e-05 -9.11389e-06 -0.000431667 4.89468e-05
internal_weight=0 511 482 447 54 393
internal_count=537 511 482 447 54 393
is_linear=0
shrinkage=0.1


Tree=500
num_leaves=10
num_cat=0
split_feature=6 6 20 102 48 86 16 7 0
split_gain=0.000616127 0.00442535 0.00246962 0.00178223 0.00243512 0.00295878 0.00122406 0.00225649 0.00276818
threshold=4.9089648320872419 4.7790881836238563 2.9700856263602158 3.2180751841847144 4.7621374077860157 0.64997246013161536 4.2625806805327082 4.7621374077860157 4.6346818562128229
decision_type=2 2 2 2 2 2 2 2 2
left_child=1 3 -2 4 5 -1 -4 -8 -9
right_child=2 -3 6 -5 -6 -7 7 8 -10
leaf_value=5.4181368288444034e-05 -0.0011185140809340571 0.0013494074787908737 0.00051759961753378853 -0.00088335263069232249 -0.00067001599493784635 0.0012540701774317617 -0.00088089030241462758 -0.00089429512518108829 0.00018059645787495786
leaf_weight=143 22 26 37 22 37 24 32 28 166
leaf_count=143 22 26 37 22 37 24 32 28 166
internal_value=0 0.000113912 -0.000100722 -2.82245e-05 6.39952e-05 0.00022662 -1.55839e-05 -0.000102875 2.54575e-05
internal_weight=0 252 285 226 204 167 263 226 194
internal_count=537 252 285 226 204 167 263 226 194
is_linear=0
shrinkage=0.1


Tree=501
num_leaves=14
num_cat=0
split_feature=33 53 55 20 3 32 20 56 101 101 53 92 103
split_gain=0.000608516 0.00300548 0.00288007 0.00211066 0.00327559 0.00162426 0.00209562 0.00136992 0.00277592 0.00500324 0.00155275 0.00135635 0.00118657
threshold=1.8688348091416844 1.0000000180025095e-35 3.2951505240983434 1.9356005054539456 2.191013317336941 3.3497501700808394 2.8314802400679731 3.8204220333175156 3.8064155152036787 2.7058230259275202 3.3015149975004081 5.316232622791726 3.2180751841847144
decision_type=2 2 2 2 2 2 2 2 2 2 2 2 2
left_child=1 -1 -3 4 -2 6 -4 11 9 -9 -10 -5 -13
right_child=3 2 5 7 -6 -7 -8 8 10 -11 -12 12 -14
leaf_value=0.0011989178106887267 0.00024465728373880585 -0.0010303456813309587 0.0013318006266755137 -6.6124867696156048e-05 -0.0013859124244670999 -0.00027982505986333958 -6.4094480694620867e-06 0.00018123144646569228 -0.00027989382146986872 -0.0018435270720384206 0.00027104490952350557 0.00026020121402797047 0.0012376299491101553
leaf_weight=24 22 23 22 41 28 35 25 26 82 23 136 27 23
leaf_count=24 22 23 22 41 28 35 25 26 82 23 136 27 23
internal_value=0 0.000189315 -4.14519e-05 -5.98568e-05 -0.000668462 0.000235921 0.000619987 2.51439e-05 -8.90573e-05 -0.000769165 6.38111e-05 0.000360218 0.000709818
internal_weight=0 129 105 408 50 82 47 358 267 49 218 91 50
internal_count=537 129 105 408 50 82 47 358 267 49 218 91 50
is_linear=0
shrinkage=0.1


Tree=502
num_leaves=8
num_cat=0
split_feature=26 8 70 12 77 15 13
split_gain=0.000591111 0.00140116 0.00307858 0.0020504 0.00130031 0.000882285 0.00138404
threshold=7.0021555404279701 5.799074288650317 5.9018652606584734 5.6903366269220443 5.5090932111090885 5.6663728065440679 4.7621374077860157
decision_type=2 2 2 2 2 2 2
left_child=1 3 -3 5 -4 6 -1
right_child=-2 2 4 -5 -6 -7 -8
leaf_value=-2.2058882767926271e-05 0.00043911699723484443 -0.0014100776202130047 0.00044374701217748231 0.00099256152646954774 -0.00042717904798337262 -0.00052067766470524179 0.00062322426993223663
leaf_weight=327 29 22 30 22 40 30 37
leaf_count=327 29 22 30 22 40 30 37
internal_value=0 -2.50677e-05 -0.000378222 5.30338e-05 -5.3925e-05 5.72877e-07 4.35331e-05
internal_weight=0 508 92 416 70 394 364
internal_count=537 508 92 416 70 394 364
is_linear=0
shrinkage=0.1


Tree=503
num_leaves=10
num_cat=0
split_feature=34 30 88 21 19 39 11 13 51
split_gain=0.000633059 0.000621168 0.00145899 0.00117376 0.00142073 0.00172858 0.00140179 0.00179259 0.000841416
threshold=7.1966391559419423 6.2265054227050509 0.34363806881130859 4.8038866541935423 5.5721468034537072 5.609465086342035 5.3706272113530096 4.4425820475484112 5.081385075233106
decision_type=2 2 2 2 2 2 2 2 2
left_child=1 3 8 6 -5 -6 7 -1 -3
right_child=-2 2 -4 4 5 -7 -8 -9 -10
leaf_value=7.5994733168150504e-05 -0.00051327788615194352 0.00016180621995590629 -0.00039162605045765472 -0.00082989577592040105 0.0004391335184636498 -0.00069018727492379107 0.00063510986905097714 -0.00069353816524038425 0.00096691608562617126
leaf_weight=276 23 25 22 36 33 23 38 34 27
leaf_count=276 23 25 22 36 33 23 38 34 27
internal_value=0 2.29677e-05 0.000291029 -2.21153e-05 -0.000339773 -2.46947e-05 6.18633e-05 -8.40565e-06 0.000579844
internal_weight=0 514 74 440 92 56 348 310 52
internal_count=537 514 74 440 92 56 348 310 52
is_linear=0
shrinkage=0.1


Tree=504
num_leaves=6
num_cat=0
split_feature=40 26 26 29 29
split_gain=0.00058246 0.00174265 0.000613766 0.000893348 0.00103563
threshold=6.6707012585667238 6.8053391632106601 6.4551936188910082 5.7381722323536151 5.2417330174952186
decision_type=2 2 2 2 2
left_child=1 2 3 4 -1
right_child=-2 -3 -4 -5 -6
leaf_value=-2.628369155768925e-05 0.00046171056349591643 -0.00087412255613700208 0.00052085854062486607 -0.00063031982122497133 0.00050130923507201331
leaf_weight=402 26 23 23 22 41
leaf_count=402 26 23 23 22 41
internal_value=0 -2.34921e-05 1.65991e-05 -8.3428e-06 2.25455e-05
internal_weight=0 511 488 465 443
internal_count=537 511 488 465 443
is_linear=0
shrinkage=0.1


Tree=505
num_leaves=11
num_cat=0
split_feature=98 98 79 72 48 4 29 55 54 84
split_gain=0.000565571 0.00518166 0.00217256 0.00358137 0.00233169 0.00293884 0.00240197 0.00115607 0.0026346 0.00134786
threshold=3.0201273556387074 3.4334666422309414 2.8617925509761908 0.38629200560399007 3.4960482137079443 2.9700856263602158 2.191013317336941 4.317399216745252 4.234001473612734 0.67644775793055045
decision_type=2 2 2 2 2 2 2 2 2 2
left_child=2 -2 3 4 6 -6 -1 -3 -9 -10
right_child=1 7 -4 -5 5 -7 -8 8 9 -11
leaf_value=0.00060314142557961698 -0.0014720952850384493 0.00059847729389730377 0.00076509901059796997 -0.00084939782640763698 0.0014765365748014749 0.00010399429384284676 -0.00042275263974285763 -0.0010832769272383304 -3.2364302007148839e-05 0.00072673346806334819
leaf_weight=33 25 32 42 42 26 39 74 22 175 27
leaf_count=33 25 32 42 42 26 39 74 22 175 27
internal_value=0 -9.79543e-05 0.00010752 -2.15374e-05 0.000180615 0.000653011 -0.000106355 3.62392e-05 -4.40805e-05 6.90993e-05
internal_weight=0 281 256 214 172 65 107 256 224 202
internal_count=537 281 256 214 172 65 107 256 224 202
is_linear=0
shrinkage=0.1


Tree=506
num_leaves=12
num_cat=0
split_feature=34 34 40 17 52 67 32 104 25 2 23
split_gain=0.000586255 0.00053992 0.00253251 0.00171659 0.00850016 0.00492618 0.00229425 0.00192858 0.00129508 0.00171625 0.00142516
threshold=7.1966391559419423 5.2203412156610947 4.3693677306817369 1.8688348091416844 1.7005986908310777 3.2180751841847144 3.0433873634561537 1.8688348091416842 4.8751681865209777 5.1179758838799021 5.7333360402263844
decision_type=2 2 2 2 2 2 2 2 2 2 2
left_child=1 3 -3 4 -1 -5 -6 -7 9 -4 -10
right_child=-2 2 8 5 6 7 -8 -9 10 -11 -12
leaf_value=-0.0021382117011605507 -0.00049393938236829381 0.0010898968680994586 5.1152993627409966e-05 0.0013912776393296485 0.00042368167967396676 -0.00063981331021869148 -0.00074183926172490075 0.00011512089016605387 0.00066467052160459027 -0.0010699415591344324 -4.1797398178673843e-05
leaf_weight=22 23 25 36 26 57 46 24 128 43 22 85
leaf_count=22 23 25 36 26 57 46 24 128 43 22 85
internal_value=0 2.21023e-05 0.000144921 -6.34246e-05 -0.000395097 0.000107386 7.83421e-05 -8.44594e-05 1.79078e-05 -0.00037409 0.000195532
internal_weight=0 514 211 303 103 200 81 174 186 58 128
internal_count=537 514 211 303 103 200 81 174 186 58 128
is_linear=0
shrinkage=0.1


Tree=507
num_leaves=11
num_cat=0
split_feature=51 36 20 57 100 68 74 76 31 56
split_gain=0.00063485 0.0023573 0.00632228 0.00189104 0.00246341 0.00217868 0.00165295 0.00163468 0.00152413 0.00215763
threshold=1.9356005054539456 1.0397207708399181 1.5890269151739729 1.5420386805928581 6.7730149157208501 3.8955655153651789 0.88252434624072318 1.1014776260226025 3.4175922930736511 4.5176957847558219
decision_type=2 2 2 2 2 2 2 2 2 2
left_child=1 -1 -3 4 -2 -5 7 -7 -4 -10
right_child=3 2 8 5 -6 6 -8 -9 9 -11
leaf_value=-0.00054822027337245855 -0.0014031969446121999 0.001868341918832258 -0.0006633159738460866 0.00095019977053870336 7.6930386818606752e-05 -5.1895732453445935e-05 -0.00070572905891042731 0.00081241451650081826 0.00091451950022019462 -0.00016230119355747534
leaf_weight=36 23 23 24 23 22 248 35 24 30 49
leaf_count=36 23 23 24 23 22 248 35 24 30 49
internal_value=0 0.000165427 0.000369326 -7.14645e-05 -0.000679579 1.14603e-05 -5.88688e-05 2.43669e-05 3.45946e-05 0.000246618
internal_weight=0 162 126 375 45 330 307 272 103 79
internal_count=537 162 126 375 45 330 307 272 103 79
is_linear=0
shrinkage=0.1


Tree=508
num_leaves=12
num_cat=0
split_feature=27 19 97 23 23 14 21 14 23 23 95
split_gain=0.000615764 0.002126 0.0045923 0.00128733 0.00112519 0.00142479 0.00438443 0.00362589 0.000916692 0.000972422 0.000647785
threshold=5.8550678171289681 5.3229980813168991 5.8259957565466136 5.9188794015264019 5.1298812082267613 4.8751681865209777 2.9174053685313028 4.5538214868689204 6.1484317689059056 6.6950642080078762 5.8943990397312573
decision_type=2 2 2 2 2 2 2 2 2 2 2
left_child=1 4 -3 -2 5 7 -7 -1 -5 -10 -4
right_child=3 2 10 8 -6 6 -8 -9 9 -11 -12
leaf_value=-6.5738243322725819e-05 0.00089816438190940646 -0.001421026082772931 -0.0002389976359984797 -0.00049865417405153107 0.00065991269303984678 -0.0014613664260832594 6.2831294478685301e-05 0.00092119048944020528 0.00056750128965682553 -0.00027637507724152371 0.00052001043408050798
leaf_weight=179 22 33 23 23 28 25 77 47 36 22 22
leaf_count=179 22 33 23 23 28 25 77 47 36 22 22
internal_value=0 -5.21667e-05 -0.000525007 0.000219809 5.14332e-05 -5.10194e-07 -0.000310747 0.000139508 3.55648e-05 0.00024741 0.000132073
internal_weight=0 434 78 103 356 328 102 226 81 58 45
internal_count=537 434 78 103 356 328 102 226 81 58 45
is_linear=0
shrinkage=0.1


Tree=509
num_leaves=9
num_cat=0
split_feature=33 37 65 64 89 15 12 34
split_gain=0.00062033 0.00206879 0.00252148 0.00261471 0.00192393 0.00338789 0.00245852 0.00141769
threshold=1.5890269151739731 1.8688348091416844 1.7979990963685306 3.0620680976290582 0.56689715819657438 1.0397207708399181 3.8499212036984933 3.9316333620047872
decision_type=2 2 2 2 2 2 2 2
left_child=4 -2 -3 -4 5 -1 -7 -5
right_child=1 2 3 7 -6 6 -8 -9
leaf_value=-0.00069099053224094982 -0.00071187146606335294 0.00095133234065508969 -0.0010165532835974143 0.00068042067228816453 0.0010255984801915475 0.001275914780853782 -0.00018760658620687373 -4.0239209264844181e-05
leaf_weight=39 43 27 26 30 23 24 22 303
leaf_count=39 43 27 26 30 23 24 22 303
internal_value=0 -5.39271e-05 1.93672e-05 -5.07249e-05 0.000214211 -5.34142e-06 0.00057597 2.46851e-05
internal_weight=0 429 386 359 108 85 46 333
internal_count=537 429 386 359 108 85 46 333
is_linear=0
shrinkage=0.1


Tree=510
num_leaves=9
num_cat=0
split_feature=26 18 19 21 45 41 89 34
split_gain=0.000547411 0.00136293 0.00333079 0.0020167 0.000775726 0.0025314 0.00221332 0.000570288
threshold=7.0021555404279701 6.212604087723423 5.9635760393734838 5.3889778947782228 2.8029010331479989 2.8029010331479989 0.60571776751115258 6.212604087723423
decision_type=2 2 2 2 2 2 2 2
left_child=1 3 -3 4 5 -1 -6 -4
right_child=-2 2 7 -5 6 -7 -8 -9
leaf_value=-6.9869762002530607e-06 0.00042257371422802582 -0.0013891357233660529 -0.00031394767182696935 0.00091493952646851541 1.9925308209703639e-05 0.0010825723300222309 -0.00075811905838135219 0.00036964054765681233
leaf_weight=145 29 24 23 25 195 25 45 26
leaf_count=145 29 24 23 25 195 25 45 26
internal_value=0 -2.41233e-05 -0.000423964 4.29765e-05 -1.0192e-05 0.000153242 -0.000125958 4.87726e-05
internal_weight=0 508 73 435 410 170 240 49
internal_count=537 508 73 435 410 170 240 49
is_linear=0
shrinkage=0.1


Tree=511
num_leaves=10
num_cat=0
split_feature=41 34 22 69 42 42 101 71 60
split_gain=0.000540962 0.000569665 0.00235441 0.00163517 0.00141552 0.00294432 0.00236704 0.00131449 0.00131504
threshold=6.4068582012380899 5.2203412156610947 5.1416464569318583 1.6278160031286226 3.1345481418531311 3.6105525490912482 2.3937458713910238 3.637239779386936 4.5578156307467479
decision_type=2 2 2 2 2 2 2 2 2
left_child=1 3 -3 -1 6 -6 -5 8 -4
right_child=-2 2 7 4 5 -7 -8 -9 -10
leaf_value=-0.0008175463674258655 -0.00037442401840558483 0.00099125509393694494 -0.00052151082230314689 0.0012446279365328585 -0.0011746073046197125 9.4781661530197161e-06 3.9785079489875998e-05 -0.00056108918870450002 0.00029354120892641526
leaf_weight=26 36 29 24 22 24 168 63 32 113
leaf_count=26 36 29 24 22 24 168 63 32 113
internal_value=0 2.69047e-05 0.000158815 -5.92943e-05 1.18774e-05 -0.000138533 0.000351627 1.59707e-05 0.000150758
internal_weight=0 501 198 303 277 192 85 169 137
internal_count=537 501 198 303 277 192 85 169 137
is_linear=0
shrinkage=0.1


Tree=512
num_leaves=7
num_cat=0
split_feature=35 30 35 33 34 92
split_gain=0.000530363 0.00175559 0.000782957 0.000730521 0.00121476 0.0010742
threshold=6.6950642080078762 6.6883353279854534 6.1861747525776369 5.2417330174952186 5.609465086342035 5.3397304312038152
decision_type=2 2 2 2 2 2
left_child=1 2 3 4 -1 -5
right_child=-2 -3 -4 5 -6 -7
leaf_value=-2.751121439344735e-05 0.00048083025090322329 -0.000837943603284657 0.00060418272676708356 -0.00088620975253764884 0.0004670079498439385 -2.3634820172446781e-05
leaf_weight=346 22 25 22 22 58 42
leaf_count=346 22 25 22 22 58 42
internal_value=0 -2.05403e-05 2.11639e-05 -6.24294e-06 4.34841e-05 -0.000320145
internal_weight=0 515 490 468 404 64
internal_count=537 515 490 468 404 64
is_linear=0
shrinkage=0.1


Tree=513
num_leaves=8
num_cat=0
split_feature=100 2 61 56 101 53 101
split_gain=0.00051041 0.00270414 0.00111378 0.00120145 0.000999908 0.00331418 0.00282038
threshold=6.1158701961393769 2.3937458713910238 1.485470976066027 2.6208735075298217 3.7609296261008152 3.3015149975004081 3.9701138825728512
decision_type=2 2 2 2 2 2 2
left_child=1 -1 -2 -4 5 -5 -6
right_child=2 -3 3 4 6 -7 -8
leaf_value=-0.00038478084356154737 -0.00062326871324330574 0.0010059015370508725 0.00053647523216055469 9.7732606938936642e-05 0.0010176984489329956 -0.0009243268754549459 -4.1733232626901725e-05
leaf_weight=29 30 27 39 90 28 49 245
leaf_count=29 30 27 39 90 28 49 245
internal_value=0 0.000285727 -3.32655e-05 5.98086e-06 -4.42358e-05 -0.000262562 6.69264e-05
internal_weight=0 56 481 451 412 139 273
internal_count=537 56 481 451 412 139 273
is_linear=0
shrinkage=0.1


Tree=514
num_leaves=11
num_cat=0
split_feature=50 37 31 57 32 52 103 8 53 41
split_gain=0.00054396 0.00269991 0.00469433 0.00294724 0.00246402 0.00125002 0.00229611 0.0016944 0.00188431 0.000997779
threshold=3.2180751841847144 1.8688348091416844 3.5408542930527882 3.3546478167171538 4.3693677306817369 1.7005986908310777 2.1383330595080281 2.3937458713910238 3.7870910720223336 5.3518469026947413
decision_type=2 2 2 2 2 2 2 2 2 2
left_child=1 3 -3 -1 -4 -2 -7 -8 -9 -6
right_child=5 2 4 -5 9 6 7 8 -10 -11
leaf_value=-0.0012922093975992705 -0.00067995080912320802 0.0016834766572477141 -0.00075846769347360057 0.00032675933021971066 0.0009567481464688647 0.00098196609601886443 0.00077779136615638647 -0.00031203421711731251 0.00018778187318161101 1.4753895017995754e-05
leaf_weight=22 30 24 24 23 23 22 22 206 119 22
leaf_count=22 30 24 24 23 23 22 22 206 119 22
internal_value=0 0.000171137 0.000478817 -0.000464736 5.98053e-05 -5.91901e-05 -8.72179e-06 -7.1532e-05 -0.000129025 0.000496218
internal_weight=0 138 93 45 69 399 369 347 325 45
internal_count=537 138 93 45 69 399 369 347 325 45
is_linear=0
shrinkage=0.1


Tree=515
num_leaves=6
num_cat=0
split_feature=26 26 41 25 20
split_gain=0.000527341 0.00117122 0.000673106 0.00084632 0.000937192
threshold=7.0021555404279701 6.4952609922484532 6.2343799673713169 5.5052984857290932 5.5052984857290932
decision_type=2 2 2 2 2
left_child=1 2 3 4 -1
right_child=-2 -3 -4 -5 -6
leaf_value=-3.3427011683660689e-05 0.00041475486781062754 -0.00064077675662451057 0.00055396614850244746 -0.00050826468136619949 0.00040233315238238947
leaf_weight=368 29 29 22 32 57
leaf_count=368 29 29 22 32 57
internal_value=0 -2.3677e-05 1.3684e-05 -1.23252e-05 2.50161e-05
internal_weight=0 508 479 457 425
internal_count=537 508 479 457 425
is_linear=0
shrinkage=0.1


Tree=516
num_leaves=8
num_cat=0
split_feature=41 30 33 2 34 46 69
split_gain=0.000508565 0.000543517 0.000940292 0.000881774 0.000780482 0.00146395 0.00108009
threshold=6.4068582012380899 6.2265054227050509 5.3131938456227115 6.1047832673922153 5.609465086342035 5.9026184029028368 1.5138613836196224
decision_type=2 2 2 2 2 2 2
left_child=1 2 4 -3 6 -6 -1
right_child=-2 3 -4 -5 5 -7 -8
leaf_value=-0.00064843176475663387 -0.0003630393618045168 0.00070621338833508828 -0.00052732598013597351 -3.473022588877939e-05 0.0010099815141240305 -3.1029927610818829e-05 2.1771726810584369e-05
leaf_weight=26 36 29 33 36 22 35 320
leaf_count=26 36 29 33 36 22 35 320
internal_value=0 2.60867e-05 -1.41296e-05 0.000295845 2.7894e-05 0.000370764 -2.85904e-05
internal_weight=0 501 436 65 403 57 346
internal_count=537 501 436 65 403 57 346
is_linear=0
shrinkage=0.1


Tree=517
num_leaves=7
num_cat=0
split_feature=64 64 60 89 79 80
split_gain=0.000607792 0.00123338 0.001325 0.000704105 0.0020433 0.00200486
threshold=1.2482071283197402 2.3902615367329769 2.4531001379796868 0.27764569800250255 3.8709839499103427 0.97575882019212934
decision_type=2 2 2 2 2 2
left_child=-1 -2 -3 5 -5 -4
right_child=1 2 3 4 -6 -7
leaf_value=0.00050293062706022401 -0.00066787131030910784 0.00075550336775410433 3.1016387261325163e-05 -0.00010679828621715756 0.00060301541778274258 -0.00058957113592507512
leaf_weight=23 28 23 212 121 61 69
leaf_count=23 28 23 212 121 61 69
internal_value=0 -2.25047e-05 1.46769e-05 -2.21244e-05 0.000131106 -0.00012137
internal_weight=0 514 486 463 182 281
internal_count=537 514 486 463 182 281
is_linear=0
shrinkage=0.1


Tree=518
num_leaves=11
num_cat=0
split_feature=62 6 100 7 15 18 30 53 6 46
split_gain=0.000521856 0.00355992 0.00169964 0.00110437 0.00114124 0.00122425 0.00237704 0.00185752 0.000957743 0.000453546
threshold=4.744894319750431 5.9635760393734838 9.4077931478335817 5.8749149497672386 5.6663728065440679 5.2310943182715759 5.1561734468561555 3.3523017328376814 6.9205891523564267 5.4337124689388192
decision_type=2 2 2 2 2 2 2 2 2 2
left_child=3 -2 -3 4 5 6 -1 -7 9 -4
right_child=1 2 8 -5 -6 7 -8 -9 -10 -11
leaf_value=8.708547582587234e-05 -0.0013338685072746806 0.0006470070853324347 0.00034038769976737408 0.00072878702084499701 -0.00066758882628915753 0.00082536168391181329 -0.00072549580623412378 -0.00028359470559972461 -0.00069595672584210448 -0.00027653853625948121
leaf_weight=252 22 34 26 23 23 44 42 23 26 22
leaf_count=252 22 34 26 23 23 44 42 23 26 22
internal_value=0 -0.000174427 6.17555e-05 5.57138e-05 1.53995e-05 5.8914e-05 -2.89976e-05 0.000444675 -0.000207144 5.76298e-05
internal_weight=0 130 108 407 384 361 294 67 74 48
internal_count=537 130 108 407 384 361 294 67 74 48
is_linear=0
shrinkage=0.1


Tree=519
num_leaves=12
num_cat=0
split_feature=2 2 2 2 98 98 75 49 53 58 18
split_gain=0.000522325 0.00291603 0.00188209 0.00111727 0.00106174 0.00180866 0.00293122 0.00138273 0.000882699 0.00179735 0.000703316
threshold=5.6801667848034825 5.9480043110926326 5.4722353641838017 6.1047832673922153 4.317399216745252 3.2769667020129059 1.7005986908310777 1.0397207708399181 3.7870910720223336 5.7461572555330536 6.4296986659514745
decision_type=2 2 2 2 2 2 2 2 2 2 2
left_child=2 -2 4 -3 5 7 -7 -1 10 -10 -5
right_child=1 3 -4 8 -6 6 -8 -9 9 -11 -12
leaf_value=0.00046085404916966309 -0.0009042130911928745 0.00072651410538872535 0.0009456294426775498 -1.4540688134729864e-05 0.0005992932658078384 -0.001277653807067379 0.00021209466882282868 -7.2673870106869558e-05 0.00085889021027833225 -0.00018310239419759233 -0.00078077586797956869
leaf_weight=66 39 22 23 25 28 28 25 184 25 49 23
leaf_count=66 39 22 23 25 28 28 25 184 25 49 23
internal_value=0 -0.00013717 7.091e-05 7.05707e-05 1.01288e-05 -4.43154e-05 -0.000574942 6.81775e-05 -4.77141e-05 0.000168922 -0.000381695
internal_weight=0 183 354 144 331 303 53 250 122 74 48
internal_count=537 183 354 144 331 303 53 250 122 74 48
is_linear=0
shrinkage=0.1


Tree=520
num_leaves=10
num_cat=0
split_feature=27 26 27 31 20 13 29 30 7
split_gain=0.000530762 0.00176437 0.00110531 0.000914497 0.00061187 0.00143476 0.00235789 0.00149667 0.000571377
threshold=5.8550678171289681 6.2005071168401162 6.086764396227073 6.4630099861839687 5.5052984857290932 4.4425820475484112 4.007167868649713 5.5740515676620417 5.8550678171289681
decision_type=2 2 2 2 2 2 2 2 2
left_child=1 4 -2 -4 5 7 -7 -1 -6
right_child=2 -3 3 -5 8 6 -8 -9 -10
leaf_value=0.00013241700141023054 0.00066068391948647341 -0.00090076029098228266 -0.00038703468840269907 0.00034672638725940933 0.00071157620894320487 -0.0010831163265692112 8.193332132099099e-05 -0.00058203707237473943 -1.2640573043862117e-06
leaf_weight=263 35 23 35 33 22 32 38 33 23
leaf_count=263 35 23 35 33 22 32 38 33 23
internal_value=0 -4.84325e-05 0.000204075 -3.09448e-05 -7.35292e-07 -4.35186e-05 -0.000450661 5.2765e-05 0.000347236
internal_weight=0 434 103 68 411 366 70 296 45
internal_count=537 434 103 68 411 366 70 296 45
is_linear=0
shrinkage=0.1


Tree=521
num_leaves=9
num_cat=0
split_feature=29 40 29 45 29 32 26 40
split_gain=0.000493361 0.00240065 0.00142969 0.00138792 0.000840554 0.000751826 0.00198403 0.00138069
threshold=5.6021120126471873 6.0185902545239411 5.8719233458001243 5.5293975924403922 6.3314765202922478 3.0433873634561537 4.7790881836238563 2.8314802400679731
decision_type=2 2 2 2 2 2 2 2
left_child=1 3 -2 5 -4 6 -1 -7
right_child=2 -3 4 -5 -6 7 -8 -9
leaf_value=-4.3021357721752597e-05 0.00091360661053014073 -0.0009960289925584221 -0.00041177426154414816 0.00073524842923507097 0.00028127434738312978 -0.0008380230126651721 0.00082195621913397745 -6.3156773183838788e-05
leaf_weight=135 22 25 30 25 42 26 33 199
leaf_count=135 22 25 30 25 42 26 33 199
internal_value=0 -4.41527e-05 0.000208081 1.27777e-05 -7.49591e-06 -3.3181e-05 0.000126885 -0.000152697
internal_weight=0 443 94 418 72 393 168 225
internal_count=537 443 94 418 72 393 168 225
is_linear=0
shrinkage=0.1


Tree=522
num_leaves=6
num_cat=0
split_feature=40 41 26 25 24
split_gain=0.000474233 0.00144003 0.000563032 0.00087353 0.000798873
threshold=6.6707012585667238 6.3314765202922478 6.5352317916717775 5.5052984857290932 5.8259609485129049
decision_type=2 2 2 2 2
left_child=1 2 3 4 -1
right_child=-2 -3 -4 -5 -6
leaf_value=-8.0213233312681941e-06 0.00041661270303078573 -0.00081263905899091207 0.00044980426526828004 -0.00049985916446209614 0.00056397577505916939
leaf_weight=401 26 22 28 34 26
leaf_count=401 26 22 28 34 26
internal_value=0 -2.11975e-05 1.44093e-05 -1.20356e-05 2.68075e-05
internal_weight=0 511 489 461 427
internal_count=537 511 489 461 427
is_linear=0
shrinkage=0.1


Tree=523
num_leaves=11
num_cat=0
split_feature=34 97 65 36 86 55 88 61 69 49
split_gain=0.000501871 0.000511076 0.00180548 0.00225045 0.00211701 0.00152358 0.00247606 0.00137677 0.000738455 0.000715696
threshold=7.1966391559419423 3.4811217321331038 1.6085863662850206 1.9356005054539456 0.60956789662742317 4.317399216745252 0.1266628784936242 4.0026635662090859 4.5992429740601199 4.4187680230537838
decision_type=2 2 2 2 2 2 2 2 2 2
left_child=1 2 -1 -4 -5 6 -3 8 -7 -9
right_child=-2 5 3 4 -6 7 -8 9 -10 -11
leaf_value=-0.00080620859544949558 -0.00045701088687485973 -1.2493525601683125e-05 0.00084278213991118326 5.9465827448671133e-05 -0.00090007836264829107 -0.00010162731063742699 0.001340436479949858 0.00033974872333601528 -0.00092096988968974494 -3.7195229336194809e-05
leaf_weight=31 23 31 28 111 29 22 24 80 22 136
leaf_count=31 23 31 28 111 29 22 24 80 22 136
internal_value=0 2.04499e-05 -0.000105006 2.43829e-05 -0.000139297 9.9706e-05 0.000577876 -1.44535e-06 -0.000511299 0.000102414
internal_weight=0 514 199 168 140 315 55 260 44 216
internal_count=537 514 199 168 140 315 55 260 44 216
is_linear=0
shrinkage=0.1


Tree=524
num_leaves=7
num_cat=0
split_feature=65 64 42 31 42 65
split_gain=0.00049841 0.00103207 0.000834342 0.00165544 0.00153417 0.00098362
threshold=1.6283470507525168 2.4203406930554818 2.3937458713910238 1.5890269151739729 3.6105525490912482 3.7619494789819643
decision_type=2 2 2 2 2 2
left_child=-1 -2 3 -3 -4 -6
right_child=1 2 4 -5 5 -7
leaf_value=0.00033958975895075132 -0.00066706787353420323 -0.00025225023564416914 -0.0007084226665028837 0.0008539954517712636 0.0003426583416836515 -6.4978754809023051e-05
leaf_weight=40 24 24 32 31 73 313
leaf_count=40 24 24 32 31 73 313
internal_value=0 -2.73312e-05 5.12904e-06 0.00037127 -4.30474e-05 1.21132e-05
internal_weight=0 497 473 55 418 386
internal_count=537 497 473 55 418 386
is_linear=0
shrinkage=0.1


Tree=525
num_leaves=10
num_cat=0
split_feature=31 25 31 21 44 20 13 76 2
split_gain=0.000471632 0.00279661 0.00167207 0.0012873 0.00102056 0.00060807 0.00152372 0.00247262 0.00120012
threshold=5.6869696108313716 5.2417330174952186 5.8550678171289681 5.6021120126471873 5.9814014572911871 5.5052984857290932 4.4425820475484112 0.79076816748141088 5.1179758838799021
decision_type=2 2 2 2 2 2 2 2 2
left_child=1 5 -2 -4 -5 6 8 -8 -1
right_child=2 -3 3 4 -6 -7 7 -9 -10
leaf_value=-2.0763377882570335e-05 0.00092007555116045605 -0.001035811310996198 -0.00048905386211623 -0.00013212924600606237 0.00064852930584245109 0.00041449849926201364 -0.00097770691791083659 0.00028787520669329051 0.0005107639235155568
leaf_weight=232 24 27 36 34 33 35 38 26 52
leaf_count=232 24 27 36 34 33 35 38 26 52
internal_value=0 -5.21584e-05 0.000168385 -6.76569e-06 0.000252374 1.71853e-05 -2.27744e-05 -0.000463564 7.65585e-05
internal_weight=0 410 127 103 67 383 348 64 284
internal_count=537 410 127 103 67 383 348 64 284
is_linear=0
shrinkage=0.1


Tree=526
num_leaves=8
num_cat=0
split_feature=53 45 20 57 54 14 2
split_gain=0.000473384 0.00405366 0.00230587 0.00137055 0.000751962 0.00100842 0.00118242
threshold=0.70808679187955681 3.5549397315361362 2.191013317336941 1.5420386805928581 1.9356005054539456 2.191013317336941 3.6105525490912482
decision_type=2 2 2 2 2 2 2
left_child=1 -1 -3 -2 -5 -6 -7
right_child=3 2 -4 4 5 6 -8
leaf_value=0.0010259855460996428 -0.00071879828101373278 -0.0011319670527220958 0.00022569739918128172 0.00047774770627579386 -0.00066191647832359495 0.00058791724586626515 -4.8324224352206755e-05
leaf_weight=36 28 22 29 31 24 32 335
leaf_count=36 28 22 29 31 24 32 335
internal_value=0 0.000213534 -0.000359962 -4.12832e-05 3.67043e-06 -3.39163e-05 7.15187e-06
internal_weight=0 87 51 450 422 391 367
internal_count=537 87 51 450 422 391 367
is_linear=0
shrinkage=0.1


Tree=527
num_leaves=11
num_cat=0
split_feature=34 78 68 101 41 95 48 21 29 20
split_gain=0.000468154 0.000490941 0.00153254 0.00132972 0.00118745 0.0042997 0.00295347 0.00411914 0.00218256 0.00105379
threshold=7.1966391559419423 0.45429816077046048 3.9601326657782745 3.3497501700808394 1.8688348091416844 1.0397207708399181 4.5325416796595226 2.5619819897016298 4.3437210834879627 3.1567740231385479
decision_type=2 2 2 2 2 2 2 2 2 2
left_child=1 4 -3 -4 5 -1 7 -6 -8 -5
right_child=-2 2 3 9 6 -7 8 -9 -10 -11
leaf_value=-0.00058502816498967939 -0.0004413923378983189 -0.00076123857366231591 0.00057349071670186654 -0.00072694611056552583 -0.0012504368987830469 0.0011472927476126259 0.0013015068394610276 2.5719515292621511e-06 0.00017248352193760118 2.1042308074819424e-06
leaf_weight=23 23 30 34 24 33 38 23 128 67 114
leaf_count=23 23 30 34 24 33 38 23 128 67 114
internal_value=0 1.9751e-05 -0.000101709 1.33248e-05 9.83889e-05 0.000494123 2.21452e-06 -0.000254256 0.000461012 -0.000124687
internal_weight=0 514 202 172 312 61 251 161 90 138
internal_count=537 514 202 172 312 61 251 161 90 138
is_linear=0
shrinkage=0.1


Tree=528
num_leaves=13
num_cat=0
split_feature=100 30 30 44 86 65 59 48 88 48 52 57
split_gain=0.000504358 0.0026524 0.00401013 0.00324911 0.0017288 0.00127551 0.000710479 0.00156914 0.00326591 0.00155044 0.00124399 0.00110754
threshold=6.6694175608141011 5.0906732680195743 4.5746578350692051 2.3937458713910238 0.35192429014739618 3.2138647534109137 4.7094896185437563 4.465842055365858 0.55228130017666432 2.3937458713910238 5.003923783930186 2.4262783956315253
decision_type=2 2 2 2 2 2 2 2 2 2 2 2
left_child=1 2 3 -1 -5 -2 9 8 -8 -7 -9 -11
right_child=5 -3 -4 4 -6 6 7 10 -10 11 -12 -13
leaf_value=-0.00095390136755833582 -0.00056652430635145982 -0.00079971130656882787 0.0016002250216181645 0.0011138085581478662 -8.6468890852605307e-05 0.00088755996052727664 -0.00069536584105662775 0.00066664803289864783 0.00055947931666326309 -0.00059055304225859642 -1.19212089195217e-05 0.00028896803411132679
leaf_weight=22 43 22 22 24 24 27 80 33 28 22 149 41
leaf_count=22 43 22 22 24 24 27 80 33 28 22 149 41
internal_value=0 0.000186681 0.000422557 5.24332e-05 0.00051367 -5.03112e-05 8.10242e-06 -6.80715e-05 -0.000370036 0.000253552 0.000111116 -1.81663e-05
internal_weight=0 114 92 70 48 423 380 290 108 90 182 63
internal_count=537 114 92 70 48 423 380 290 108 90 182 63
is_linear=0
shrinkage=0.1


Tree=529
num_leaves=15
num_cat=0
split_feature=51 36 20 104 50 104 84 103 48 50 53 18 48 12
split_gain=0.000519605 0.00221194 0.00512165 0.00136685 0.00258034 0.00248006 0.00212459 0.00182673 0.00203108 0.00289105 0.0013013 0.00188888 0.00118012 0.0010336
threshold=1.9356005054539456 1.0397207708399181 1.5890269151739729 2.0126758453675748 4.2045812236012674 0.8958797346140277 1.0000000180025095e-35 3.4175922930736511 4.465842055365858 4.1742689126930488 2.9996962267531564 4.4885732424042368 4.912546742554059 4.7273486598447958
decision_type=2 2 2 2 2 2 2 2 2 2 2 2 2 2
left_child=1 -1 -3 4 -2 -6 -7 -5 9 -9 11 -4 -10 -12
right_child=3 2 10 7 5 6 -8 8 12 -11 13 -13 -14 -15
leaf_value=-0.00054163412142871597 -0.00098664051890032505 0.0016963679839492492 -0.00029067109976692692 0.0008440882009583422 0.0007910612285531197 -0.001071384758455679 0.00019692777974082026 0.00018771163013298064 0.00078289398419049885 -0.0013488505170680583 0.00013460960704833269 0.00091385210747830571 2.9333059683854266e-05 -0.00077471888065338136
leaf_weight=36 41 23 23 27 26 25 28 24 24 25 25 30 155 25
leaf_count=36 41 23 23 27 26 25 28 24 24 25 25 30 155 25
internal_value=0 0.000149661 0.000347173 -6.46534e-05 -0.000342961 -8.89936e-06 -0.000401333 6.63148e-05 -2.57899e-05 -0.000596249 4.5897e-05 0.000391134 0.000130369 -0.000320055
internal_weight=0 162 126 375 120 79 53 255 228 49 103 53 179 50
internal_count=537 162 126 375 120 79 53 255 228 49 103 53 179 50
is_linear=0
shrinkage=0.1


Tree=530
num_leaves=9
num_cat=0
split_feature=65 65 89 89 86 36 44 88
split_gain=0.000467028 0.00112148 0.000901859 0.00214034 0.00168099 0.00144576 0.00181439 0.00100936
threshold=1.6283470507525168 2.0437968629351944 0.22974486851048764 1.0000000180025095e-35 0.66150965699663089 3.1132683346437333 4.5746578350692051 0.028606709871834928
decision_type=2 2 2 2 2 2 2 2
left_child=-1 -2 3 4 -3 7 -7 -4
right_child=1 2 5 -5 -6 6 -8 -9
leaf_value=0.00032872480893274768 -0.00060886699605860843 9.3332098379808796e-05 0.0011552662794160411 -0.00090259113504240923 -0.00070690359066550939 -0.00049778227922101707 0.00025646783733813771 0.00021751900688589865
leaf_weight=40 31 210 22 30 30 46 104 24
leaf_count=40 31 210 22 30 30 46 104 24
internal_value=0 -2.64567e-05 1.22873e-05 -0.000106241 -6.69736e-06 0.000175566 2.51645e-05 0.000666007
internal_weight=0 497 466 270 240 196 150 46
internal_count=537 497 466 270 240 196 150 46
is_linear=0
shrinkage=0.1


Tree=531
num_leaves=12
num_cat=0
split_feature=87 8 61 87 42 44 57 10 6 57 32
split_gain=0.000452708 0.00148733 0.00162748 0.000970487 0.0029461 0.00256694 0.00147035 0.00154104 0.00115889 0.000944324 0.000623569
threshold=0.5556069708080712 5.799074288650317 1.7681961091660321 0.29892500444997194 4.5271940351011493 5.0172579074712669 0.94220600764219486 2.8314802400679731 4.0247135285553481 3.0395248226881164 4.7957563937576522
decision_type=2 2 2 2 2 2 2 2 2 2 2
left_child=3 2 -2 6 -5 -6 -1 -8 -9 -4 -11
right_child=1 -3 9 4 5 -7 7 8 -10 10 -12
leaf_value=-0.00063842001396031793 -0.00075201763469191394 -0.00083946220200652112 0.0007599743614659731 -0.00041000819201731395 0.0016406598781362515 0.0002081987295492456 0.00078227571480406026 -0.00046364912509024904 7.4558876043104432e-05 -0.000279664188521124 0.0003986255917445068
leaf_weight=35 22 26 23 31 22 29 26 49 218 33 23
leaf_count=35 22 26 23 31 22 29 26 49 218 33 23
internal_value=0 -0.000164973 8.65834e-06 5.11013e-05 0.000358805 0.000826123 -2.58247e-05 4.73522e-05 -2.42134e-05 0.000220492 -1.08089e-06
internal_weight=0 127 101 410 82 51 328 293 267 79 56
internal_count=537 127 101 410 82 51 328 293 267 79 56
is_linear=0
shrinkage=0.1


Tree=532
num_leaves=8
num_cat=0
split_feature=65 67 89 89 36 22 86
split_gain=0.000455197 0.000824824 0.000859691 0.00169258 0.00144123 0.00148241 0.00131251
threshold=1.6283470507525168 3.4334666422309414 0.22974486851048764 1.0000000180025095e-35 3.1132683346437333 5.8435402162155627 0.66150965699663089
decision_type=2 2 2 2 2 2 2
left_child=-1 -2 3 6 -4 -6 -3
right_child=1 2 4 -5 5 -7 -8
leaf_value=0.00032453428095323032 -0.00049416643733690897 7.1216608599310613e-05 0.00068887255062387949 -0.00081386404529136297 -0.00026015028348277757 0.00037134341591541566 -0.00063589292927645157
leaf_weight=40 35 210 42 30 82 68 30
leaf_count=40 35 210 42 30 82 68 30
internal_value=0 -2.61195e-05 9.33865e-06 -0.000105693 0.000171102 2.61269e-05 -1.71721e-05
internal_weight=0 497 462 270 192 150 240
internal_count=537 497 462 270 192 150 240
is_linear=0
shrinkage=0.1


Tree=533
num_leaves=6
num_cat=0
split_feature=101 96 38 46 48
split_gain=0.000425434 0.00106308 0.000944068 0.00202695 0.000795275
threshold=6.1922600203877645 6.8053391632106601 6.8053391632106601 6.5220754968327581 2.3937458713910238
decision_type=2 2 2 2 2
left_child=1 2 3 4 -1
right_child=-2 -3 -4 -5 -6
leaf_value=0.00022010036319178853 0.00040280425501987337 -0.00069970918358938606 0.00052740532555617392 -0.00088389856010997819 -6.9426441500425055e-05
leaf_weight=141 25 22 33 26 290
leaf_count=141 25 22 33 26 290
internal_value=0 -1.96682e-05 1.08643e-05 -2.64352e-05 2.52911e-05
internal_weight=0 512 490 457 431
internal_count=537 512 490 457 431
is_linear=0
shrinkage=0.1


Tree=534
num_leaves=7
num_cat=0
split_feature=34 10 8 102 73 102
split_gain=0.000450469 0.000517595 0.000572656 0.000625129 0.00114973 0.00107183
threshold=7.1966391559419423 6.7320053855989617 6.2125880232083288 3.6632328069201612 1.0000000180025095e-35 3.2180751841847144
decision_type=2 2 2 2 2 2
left_child=1 2 3 5 -5 -1
right_child=-2 -3 -4 4 -6 -7
leaf_value=2.5624581411210349e-05 -0.00043297504358317542 0.00040883377109821598 -0.00048263909532882582 0.00073619061349745614 -1.5207523548659602e-05 -0.00049021212313243238
leaf_weight=324 23 32 24 32 56 46
leaf_count=324 23 32 24 32 56 46
internal_value=0 1.93744e-05 -6.48185e-06 1.84696e-05 0.000258028 -3.85065e-05
internal_weight=0 514 482 458 88 370
internal_count=537 514 482 458 88 370
is_linear=0
shrinkage=0.1


Tree=535
num_leaves=9
num_cat=0
split_feature=27 33 23 53 101 18 68 41
split_gain=0.000427232 0.0013849 0.00116158 0.000853319 0.000861824 0.000525635 0.00166637 0.000858394
threshold=5.8550678171289681 5.6021120126471873 5.9188794015264019 3.1914737186377642 5.4929852296371777 6.0234446615874218 5.617552417379275 3.9316333620047872
decision_type=2 2 2 2 2 2 2 2
left_child=1 5 -2 -4 -5 6 7 -1
right_child=2 -3 3 4 -6 -7 -8 -9
leaf_value=8.8108802525660378e-05 0.00082746469713377083 -0.00081649304589849307 -0.00039356113473161259 0.00069840448607768246 -0.00014053690899163486 -0.00035652818713922322 0.00083991028247207093 -0.00024531346810323634
leaf_weight=235 22 22 32 24 25 38 24 115
leaf_count=235 22 22 32 24 25 38 24 115
internal_value=0 -4.34529e-05 0.000183093 8.07813e-06 0.000270373 -2.17404e-06 3.38299e-05 -2.14442e-05
internal_weight=0 434 103 81 49 412 374 350
internal_count=537 434 103 81 49 412 374 350
is_linear=0
shrinkage=0.1


Tree=536
num_leaves=10
num_cat=0
split_feature=31 12 13 17 3 0 37 62 9
split_gain=0.000403872 0.00201005 0.000892689 0.00183943 0.000886438 0.00103526 0.00087069 0.000861537 0.000965091
threshold=5.3981524641123215 6.0614542021347031 4.8282817362782584 4.5053345884235583 4.8121513051691478 4.6346818562128229 1.5890269151739731 4.8751681865209777 5.5606520443413574
decision_type=2 2 2 2 2 2 2 2 2
left_child=1 2 3 6 -2 -6 -1 -7 -9
right_child=4 -3 -4 -5 5 7 -8 8 -10
leaf_value=-0.00022160903229660387 0.00053280397778286074 -0.00096375862191527394 0.0004523188130965887 -0.00087769499630667262 -0.0005934629072726239 0.00067521713069214936 0.00014653117252406259 -0.00054979347672391059 0.00020813707135727911
leaf_weight=99 41 23 39 25 24 23 183 24 56
leaf_count=99 41 23 39 25 24 23 183 24 56
internal_value=0 -5.85162e-05 1.65887e-06 -5.55911e-05 0.000128527 -1.98806e-06 1.72905e-05 0.000135831 -1.92421e-05
internal_weight=0 369 346 307 168 127 282 103 80
internal_count=537 369 346 307 168 127 282 103 80
is_linear=0
shrinkage=0.1


Tree=537
num_leaves=6
num_cat=0
split_feature=34 10 10 97 101
split_gain=0.000411319 0.000502489 0.00047254 0.000591923 0.000481951
threshold=7.1966391559419423 6.7320053855989617 6.4723451000674386 6.1964420537984912 4.5325416796595226
decision_type=2 2 2 2 2
left_child=1 2 3 4 -1
right_child=-2 -3 -4 -5 -6
leaf_value=4.7478507105751164e-05 -0.00041373259205695076 0.00040224730182671922 -0.00044928439133598108 0.00048835406266152862 -0.00019858861170914249
leaf_weight=329 23 32 23 25 105
leaf_count=329 23 32 23 25 105
internal_value=0 1.85133e-05 -6.96279e-06 1.52015e-05 -1.20539e-05
internal_weight=0 514 482 459 434
internal_count=537 514 482 459 434
is_linear=0
shrinkage=0.1


Tree=538
num_leaves=10
num_cat=0
split_feature=35 26 75 71 48 95 44 49 4
split_gain=0.000387466 0.00128133 0.000568031 0.00178807 0.00152424 0.00210775 0.00138122 0.00136655 0.00113997
threshold=6.6950642080078762 6.8053391632106601 2.0715673631957667 2.4414009612931862 1.5890269151739729 1.0397207708399181 4.6346818562128229 4.4425820475484112 4.1430087342023825
decision_type=2 2 2 2 2 2 2 2 2
left_child=1 2 4 8 6 -6 -1 -5 -4
right_child=-2 -3 3 7 5 -7 -8 -9 -10
leaf_value=-0.00065222161134616252 0.00041098123474512252 -0.00074708931269529082 -0.0011069329444911671 0.00046216001954841587 -0.00057531367548598121 0.00039108878731974731 0.00012566303966741544 -0.00019037981873607616 -0.00024821674403658391
leaf_weight=42 22 23 22 60 26 171 50 69 52
leaf_count=42 22 23 22 60 26 171 50 69 52
internal_value=0 -1.75565e-05 1.65477e-05 -0.000111657 0.000106602 0.000263543 -0.000229458 0.000113127 -0.000503511
internal_weight=0 515 492 203 289 197 92 129 74
internal_count=537 515 492 203 289 197 92 129 74
is_linear=0
shrinkage=0.1


Tree=539
num_leaves=9
num_cat=0
split_feature=53 45 12 57 46 47 86 1
split_gain=0.000390495 0.00294598 0.00169091 0.00120103 0.000632277 0.000683225 0.00187035 0.0011734
threshold=0.70808679187955681 3.5549397315361362 1.0397207708399181 1.5420386805928581 7.0021555404279701 1.0397207708399181 0.6813317870098613 3.5549397315361362
decision_type=2 2 2 2 2 2 2 2
left_child=1 -1 -3 -2 5 7 -7 -5
right_child=3 2 -4 4 -6 6 -8 -9
leaf_value=0.00088655088507544463 -0.00067172586443900537 -0.00083783594681234629 0.0003157711900712457 -0.00069496869572276414 -0.00048319199914112688 3.4572425981939495e-05 0.00099026376430463815 9.010873240805132e-05
leaf_weight=36 28 27 24 32 25 296 22 47
leaf_count=36 28 27 24 32 25 296 22 47
internal_value=0 0.00019394 -0.000294962 -3.7495e-05 4.58662e-06 3.53032e-05 0.000100689 -0.000227897
internal_weight=0 87 51 450 422 397 318 79
internal_count=537 87 51 450 422 397 318 79
is_linear=0
shrinkage=0.1


Tree=540
num_leaves=10
num_cat=0
split_feature=27 35 21 21 30 49 25 34 35
split_gain=0.000433766 0.00207655 0.00194804 0.00126072 0.00327482 0.00238532 0.00134081 0.000934761 0.001308
threshold=1.5890269151739729 1.0397207708399181 1.0397207708399181 2.3502401828962087 4.5746578350692051 3.0433873634561537 2.6735537653587347 3.9316333620047872 3.4811217321331038
decision_type=2 2 2 2 2 2 2 2 2
left_child=1 2 -1 4 5 -2 -5 -8 -9
right_child=3 -3 -4 6 -6 -7 7 8 -10
leaf_value=0.00028561162180267273 -0.001695199945342293 0.00077056755445052043 -0.00085098772938363258 0.00073967242008075125 0.00042665341859122108 -0.00023872094056771504 0.00047003462827498361 -0.0006507225508851532 -7.0583351269088962e-07
leaf_weight=38 22 38 25 25 28 23 35 35 268
leaf_count=38 22 38 25 25 28 23 35 35 268
internal_value=0 0.000186734 -0.00016542 -4.32571e-05 -0.000422448 -0.000950777 3.29988e-05 -1.92699e-05 -7.57903e-05
internal_weight=0 101 63 436 73 45 363 338 303
internal_count=537 101 63 436 73 45 363 338 303
is_linear=0
shrinkage=0.1


Tree=541
num_leaves=9
num_cat=0
split_feature=100 37 16 100 8 68 32 15
split_gain=0.000417828 0.00161916 0.000794173 0.00242401 0.00163724 0.00103735 0.00171226 0.00120138
threshold=6.1158701961393769 1.8688348091416844 1.0397207708399181 7.6902834072304618 2.3937458713910238 4.254000012847218 2.602003343538398 3.0201273556387074
decision_type=2 2 2 2 2 2 2 2
left_child=1 -1 3 -2 -4 6 -6 -7
right_child=2 -3 4 -5 5 7 -8 -9
leaf_value=-0.00026032193102231571 -0.00094539960601568152 0.00081578986029382102 0.00071787646917190651 0.00033222811805360298 6.6174967408490684e-05 0.00055465565949960264 -0.0011222993036922575 -4.183559878895935e-05
leaf_weight=29 33 27 31 27 27 38 22 303
leaf_count=29 33 27 31 27 27 38 22 303
internal_value=0 0.000258518 -3.00977e-05 -0.000370467 1.8411e-05 -3.71875e-05 -0.000467426 2.46356e-05
internal_weight=0 56 481 60 421 390 49 341
internal_count=537 56 481 60 421 390 49 341
is_linear=0
shrinkage=0.1


Tree=542
num_leaves=6
num_cat=0
split_feature=22 28 46 40 42
split_gain=0.000400964 0.00133298 0.000719408 0.000668058 0.000602226
threshold=6.7320053855989617 6.1779096781959764 6.640841196316484 6.0185902545239411 5.9375327241700111
decision_type=2 2 2 2 2
left_child=1 2 3 4 -1
right_child=-2 -3 -4 -5 -6
leaf_value=-2.8096499217428304e-05 0.00030877917515448273 -0.00069447837636939117 0.00051689078100025654 -0.00055199125490617011 0.00035900107014135254
leaf_weight=376 39 28 27 22 45
leaf_count=376 39 28 27 22 45
internal_value=0 -2.41815e-05 1.57511e-05 -1.47924e-05 1.32797e-05
internal_weight=0 498 470 443 421
internal_count=537 498 470 443 421
is_linear=0
shrinkage=0.1


Tree=543
num_leaves=7
num_cat=0
split_feature=65 65 61 60 6 60
split_gain=0.000406807 0.000699434 0.000802215 0.000720175 0.00129447 0.00094723
threshold=1.6283470507525168 2.0437968629351944 2.0894005346197129 3.6441222005100626 3.7132745361986528 3.9843003985050522
decision_type=2 2 2 2 2 2
left_child=-1 -2 -3 4 -4 -5
right_child=1 2 3 5 -6 -7
leaf_value=0.00030680005031172189 -0.0004846385238887442 0.00054565453857111817 0.00011680934026919525 0.00055835932247235527 -0.00074954633168610081 -1.9063994627418544e-05
leaf_weight=40 31 26 34 31 35 340
leaf_count=40 31 26 34 31 35 340
internal_value=0 -2.46922e-05 5.90514e-06 -2.59891e-05 -0.000322646 2.91843e-05
internal_weight=0 497 466 440 69 371
internal_count=537 497 466 440 69 371
is_linear=0
shrinkage=0.1


Tree=544
num_leaves=13
num_cat=0
split_feature=87 92 36 97 61 46 8 4 61 79 88 46
split_gain=0.000396801 0.00128427 0.000894569 0.00125174 0.000876694 0.00178179 0.00141422 0.00203883 0.00148693 0.00140656 0.00219108 0.000864592
threshold=0.5556069708080712 5.4003467495495432 4.912546742554059 3.1132683346437333 1.7188860970628002 3.7609296261008152 4.0856584373598661 4.0856584373598661 3.8574032779494627 2.8617925509761908 0.41040294975001845 4.3693677306817369
decision_type=2 2 2 2 2 2 2 2 2 2 2 2
left_child=4 2 3 -2 5 -1 9 -8 -9 10 -6 -5
right_child=1 -3 -4 11 6 -7 7 8 -10 -11 -12 -13
leaf_value=-0.00023484021164578103 0.00033889891618552308 -0.00079677730030380193 0.00052271784399636088 -3.0677553679032084e-05 -0.00081137140726833242 0.00093504037455810853 0.00099062027645413758 -0.00074263128282671626 0.00012699653185287339 0.00029220814394648187 0.00022696959754587927 -0.0008902316028834321
leaf_weight=23 30 25 25 22 63 30 25 22 185 32 30 25
leaf_count=23 30 25 25 22 63 30 25 22 185 32 30 25
internal_value=0 -0.000154451 2.98252e-06 -0.000165763 4.7842e-05 0.000427356 -8.50048e-06 0.000137595 3.45723e-05 -0.000279653 -0.000476423 -0.000487887
internal_weight=0 127 102 77 410 53 357 232 207 125 93 47
internal_count=537 127 102 77 410 53 357 232 207 125 93 47
is_linear=0
shrinkage=0.1


Tree=545
num_leaves=7
num_cat=0
split_feature=20 12 23 68 87 68
split_gain=0.000390361 0.00182067 0.00068558 0.00178133 0.000609031 0.000606139
threshold=6.102536072598296 6.0614542021347031 5.9188794015264019 5.617552417379275 0.33941329381316571 5.3762759564931395
decision_type=2 2 2 2 2 2
left_child=1 2 3 5 -2 -1
right_child=4 -3 -4 -5 -6 -7
leaf_value=2.4552512196511517e-05 -1.2240693758940323e-05 -0.00086211850657127791 -0.0003974476018983468 0.00070418017628406623 0.00061694158473983411 -0.00043069029288744787
leaf_weight=340 40 25 37 38 25 32
leaf_count=340 40 25 37 38 25 32
internal_value=0 -3.16396e-05 1.48077e-05 5.20112e-05 0.000229752 -1.46082e-05
internal_weight=0 472 447 410 65 372
internal_count=537 472 447 410 65 372
is_linear=0
shrinkage=0.1


Tree=546
num_leaves=8
num_cat=0
split_feature=41 74 92 72 34 42 12
split_gain=0.000382492 0.000424942 0.00123543 0.000869139 0.001272 0.00147271 0.000808609
threshold=6.4068582012380899 0.88252434624072318 5.3039124946345186 0.54182703947447031 1.5890269151739729 3.1345481418531311 3.7609296261008152
decision_type=2 2 2 2 2 2 2
left_child=1 3 6 4 -1 -6 -3
right_child=-2 2 -4 -5 5 -7 -8
leaf_value=-0.00054693803014945136 -0.00031484117547127732 -0.00029792394572203715 -0.00082678598763860373 0.00055393458980798832 0.00068323867583078236 8.8339210908359871e-06 0.00049309406434379832
leaf_weight=36 36 28 22 33 36 322 24
leaf_count=36 36 28 22 33 36 322 24
internal_value=0 2.26233e-05 -0.000198607 6.0963e-05 1.96735e-05 7.66512e-05 6.71613e-05
internal_weight=0 501 74 427 394 358 52
internal_count=537 501 74 427 394 358 52
is_linear=0
shrinkage=0.1


Tree=547
num_leaves=10
num_cat=0
split_feature=60 69 58 63 101 101 13 99 95
split_gain=0.000356592 0.0028234 0.000917603 0.000826277 0.000777486 0.00199997 0.000777911 0.000713245 0.00124561
threshold=5.895726080410733 5.6661646934566479 5.8081379809465954 5.9558239461055011 3.9701138825728512 3.7609296261008152 3.0201273556387074 3.7609296261008152 5.9268940249463684
decision_type=2 2 2 2 2 2 2 2 2
left_child=1 3 -2 4 5 -1 -6 8 -4
right_child=2 -3 7 -5 6 -7 -8 -9 -10
leaf_value=-1.5387506633345421e-05 0.00060194843187645988 -0.0009931863148408568 0.00019880354125884233 0.00047218147551814728 -0.00076746685005238532 0.00094149434359375541 -0.00010267839069517021 0.00043964414508081975 -0.00080670650826174424
leaf_weight=243 33 29 28 38 23 24 75 22 22
leaf_count=243 33 29 28 38 23 24 75 22 22
internal_value=0 -4.01746e-05 0.00016529 2.84044e-05 -1.7797e-05 7.06243e-05 -0.0002587 -3.48455e-05 -0.000243621
internal_weight=0 432 105 403 365 267 98 72 50
internal_count=537 432 105 403 365 267 98 72 50
is_linear=0
shrinkage=0.1


Tree=548
num_leaves=11
num_cat=0
split_feature=55 55 54 17 18 89 70 6 6 44
split_gain=0.000369082 0.00317136 0.00124942 0.000660464 0.000892351 0.000658924 0.000638675 0.000874536 0.00264679 0.0016343
threshold=5.6346875519391793 5.3706272113530096 5.5797227059640084 4.9052473428434826 6.1779355053092848 0.50021760159197926 5.0254693599897049 4.9089648320872419 4.744894319750431 4.5746578350692051
decision_type=2 2 2 2 2 2 2 2 2 2
left_child=1 6 -2 -4 -5 -6 7 8 -1 -9
right_child=2 -3 3 4 5 -7 -8 9 -10 -11
leaf_value=-3.0946884740149556e-05 0.00076326523356748605 -0.0011650637160831442 -0.00034644507602359613 0.00067216368697700093 -0.00028129571348871671 0.00039710227654061537 0.0005204208969492659 -0.00089414772786579409 0.0010040988085425592 -3.228845807697467e-06
leaf_weight=210 26 24 38 24 41 22 24 29 28 71
leaf_count=210 26 24 38 24 41 22 24 29 28 71
internal_value=0 -5.18524e-05 0.00013255 1.36113e-06 0.000153276 -4.43948e-05 2.19516e-05 -1.34426e-05 9.08232e-05 -0.000261595
internal_weight=0 386 151 125 87 63 362 338 238 100
internal_count=537 386 151 125 87 63 362 338 238 100
is_linear=0
shrinkage=0.1


Tree=549
num_leaves=9
num_cat=0
split_feature=27 35 44 21 48 37 38 30
split_gain=0.000392303 0.00181563 0.00154322 0.00102505 0.00265137 0.0010175 0.000698873 0.000853832
threshold=1.5890269151739729 1.0397207708399181 1.0397207708399181 2.3502401828962087 1.9356005054539456 2.3502401828962087 3.8499212036984933 4.7790881836238563
decision_type=2 2 2 2 2 2 2 2
left_child=1 2 -1 4 -2 -5 -7 -8
right_child=3 -3 -4 5 -6 6 7 -9
leaf_value=0.00033543391262327307 0.00031842852401877601 0.00072350800156097031 -0.00065455164008345766 0.00058541753135311111 -0.00090081762866161402 -0.00049167465727679939 0.00040914889320902152 -5.0453677732775763e-05
leaf_weight=32 31 38 31 30 42 29 48 256
leaf_count=32 31 38 31 30 42 29 48 256
internal_value=0 0.000177585 -0.000151702 -4.11378e-05 -0.000383056 2.76225e-05 -2.26293e-05 2.21151e-05
internal_weight=0 101 63 436 73 363 333 304
internal_count=537 101 63 436 73 363 333 304
is_linear=0
shrinkage=0.1


Tree=550
num_leaves=7
num_cat=0
split_feature=41 92 41 96 2 8
split_gain=0.000366595 0.000368176 0.000872073 0.000484312 0.0019724 0.00110654
threshold=6.4068582012380899 5.4571203047628005 5.9053284366375065 3.1345481418531311 2.3937458713910238 3.7609296261008152
decision_type=2 2 2 2 2 2
left_child=1 2 3 4 -1 -5
right_child=-2 -3 -4 5 -6 -7
leaf_value=-0.00013876364947111366 -0.0003082290136565765 -0.00035191292688250544 0.00060490334715443449 -0.00028027507259976119 0.00092568460008974566 8.4365053245789338e-05
leaf_weight=49 36 25 26 125 27 249
leaf_count=49 36 25 26 125 27 249
internal_value=0 2.21482e-05 4.17943e-05 9.25907e-06 0.000239396 -3.75066e-05
internal_weight=0 501 476 450 76 374
internal_count=537 501 476 450 76 374
is_linear=0
shrinkage=0.1


Tree=551
num_leaves=8
num_cat=0
split_feature=53 33 68 57 46 54 8
split_gain=0.000337036 0.00282913 0.00254546 0.000982809 0.000601206 0.000560065 0.000859588
threshold=0.70808679187955681 2.5619819897016298 4.7421489880725423 1.5420386805928581 7.0021555404279701 1.9356005054539456 3.7609296261008152
decision_type=2 2 2 2 2 2 2
left_child=1 -1 -3 -2 5 -5 -7
right_child=3 2 -4 4 -6 6 -8
leaf_value=0.00096621389559004467 -0.00060856151768738144 -0.0010171320399725422 0.00033636658116654766 0.00045629105538707871 -0.00047240942809730773 -0.00028117948400211475 8.296214460565801e-05
leaf_weight=30 28 24 33 29 25 84 284
leaf_count=30 28 24 33 29 25 84 284
internal_value=0 0.000180176 -0.000233528 -3.48341e-05 3.23312e-06 3.31854e-05 -1.5714e-07
internal_weight=0 87 57 450 422 397 368
internal_count=537 87 57 450 422 397 368
is_linear=0
shrinkage=0.1


Tree=552
num_leaves=17
num_cat=0
split_feature=57 48 42 51 36 45 50 101 42 78 39 98 15 53 41 77
split_gain=0.000348131 0.00163169 0.00243168 0.00132961 0.0024587 0.00322454 0.00167583 0.00151242 0.00170029 0.00191227 0.000719948 0.000673787 0.00166045 0.000870575 0.000722154 0.000621873
threshold=3.7649039047069892 4.317399216745252 5.36580129675328 1.9356005054539456 1.0397207708399181 3.3667009459186801 3.2180751841847144 1.9356005054539456 3.1345481418531311 0.45429816077046048 3.0201273556387074 4.2625806805327082 5.3229980813168991 4.3207214078003107 3.1984648276080736 5.1056515399537696
decision_type=2 2 2 2 2 2 2 2 2 2 2 2 2 2 2 2
left_child=3 2 10 4 -1 -6 -7 -5 -9 -10 -2 12 -3 15 -15 -13
right_child=1 11 -4 7 5 6 -8 8 9 -11 -12 13 -14 14 -16 -17
leaf_value=-0.00048497229490749308 -0.00038125067884619868 -0.00017237245340546561 -0.0011311448598462449 -0.00084583564530476001 0.0016644969587849283 0.00071848448405944512 -0.00037423286132980143 0.00077912139054387819 9.2789004338555972e-05 -0.00078090812788683586 0.00036348210740834479 -0.00075073320191301686 0.0008887846510818539 -0.0002569039159094576 0.00046657975542837302 -7.0603084829847589e-06
leaf_weight=26 27 29 32 23 22 32 25 25 104 33 25 23 30 22 37 22
leaf_count=26 27 29 32 23 22 32 25 25 104 33 25 23 30 22 37 22
internal_value=0 -8.72439e-05 -0.000445278 7.43077e-05 0.000358527 0.000636134 0.000239222 -8.70059e-05 2.07292e-05 -0.000117664 -2.32061e-05 9.72645e-05 0.000367199 -5.58714e-05 0.000196806 -0.00038716
internal_weight=0 247 84 290 105 79 57 185 162 137 52 163 59 104 59 45
internal_count=537 247 84 290 105 79 57 185 162 137 52 163 59 104 59 45
is_linear=0
shrinkage=0.1


Tree=553
num_leaves=11
num_cat=0
split_feature=18 6 34 21 103 30 25 46 68 46
split_gain=0.000351891 0.00177088 0.00124136 0.00113301 0.000731867 0.000396761 0.00135115 0.00131591 0.00201511 0.00185271
threshold=6.212604087723423 6.1312170375979624 5.8435402162155627 5.3889778947782228 5.5012498806127832 5.609465086342035 4.9904094477362264 5.2469686674288658 4.8074719518177291 5.081385075233106
decision_type=2 2 2 2 2 2 2 2 2 2
left_child=3 -2 -3 5 -4 7 -7 9 -9 -1
right_child=1 2 4 -5 -6 6 -8 8 -10 -11
leaf_value=2.6864650624292525e-05 -0.00089826954298769131 -0.00054153310357714487 0.00076260387507753207 0.00067910625187393573 1.2831684240760905e-05 -0.00058260761798010206 0.00028777074063151713 0.0011538795325905086 -8.3034369979302296e-06 -0.00092988605637484316
leaf_weight=253 25 23 23 26 30 42 31 25 37 22
leaf_count=253 25 23 23 26 30 42 31 25 37 22
internal_value=0 -0.00016819 7.19681e-05 3.89614e-05 0.000338205 -1.63318e-06 -0.000212995 4.41514e-05 0.000460319 -4.96754e-05
internal_weight=0 101 76 436 53 410 73 337 62 275
internal_count=537 101 76 436 53 410 73 337 62 275
is_linear=0
shrinkage=0.1


Tree=554
num_leaves=6
num_cat=0
split_feature=84 26 31 29 33
split_gain=0.000378377 0.000460179 0.00101284 0.00058217 0.000524737
threshold=0.68497705806044296 6.6883353279854534 6.1861747525776369 5.3889778947782228 5.2417330174952186
decision_type=2 2 2 2 2
left_child=1 2 3 4 -1
right_child=-2 -3 -4 -5 -6
leaf_value=2.4435182783129783e-05 -0.00034507888839774146 0.00038747412363591142 -0.00062383518100250519 0.00039934777271880125 -0.00043973209400204592
leaf_weight=385 30 32 25 39 26
leaf_count=385 30 32 25 39 26
internal_value=0 2.04189e-05 -4.30906e-06 3.01091e-05 -4.9282e-06
internal_weight=0 507 475 450 411
internal_count=537 507 475 450 411
is_linear=0
shrinkage=0.1


Tree=555
num_leaves=11
num_cat=0
split_feature=79 2 80 103 99 12 42 42 38 18
split_gain=0.00032744 0.00176204 0.00107637 0.000868064 0.00102355 0.000632749 0.000917169 0.00180641 0.00178408 0.00037074
threshold=4.4307459321434584 5.9295749965170605 2.8617925509761908 5.5012498806127832 3.5549397315361362 5.8550678171289681 3.1345481418531311 3.6105525490912482 2.3937458713910238 6.3952602045833897
decision_type=2 2 2 2 2 2 2 2 2 2
left_child=2 -2 5 -3 -5 6 8 -8 -1 -7
right_child=1 3 -4 4 -6 9 7 -9 -10 -11
leaf_value=-4.7798528864334987e-05 -0.00070933404893271232 0.00061928599534439861 0.00072319467171010651 -0.00063603640248237011 0.00021701513488108339 0.00065194091029380534 -0.00099418384620962152 -4.9314155099665867e-05 0.001026461921388876 7.1392224212600428e-05
leaf_weight=52 38 24 22 22 39 22 22 252 22 22
leaf_count=52 38 24 22 22 39 22 22 252 22 22
internal_value=0 -0.00014326 4.25629e-05 0.000109808 -9.06428e-05 4.36417e-06 -4.0812e-05 -0.00012518 0.000271576 0.000361667
internal_weight=0 123 414 85 61 392 348 274 74 44
internal_count=537 123 414 85 61 392 348 274 74 44
is_linear=0
shrinkage=0.1


Tree=556
num_leaves=10
num_cat=0
split_feature=18 6 100 68 44 34 86 34 0
split_gain=0.000360661 0.00144033 0.00119419 0.000978121 0.000440689 0.000490424 0.00195602 0.00155936 0.00042289
threshold=6.212604087723423 6.212604087723423 9.3312514514269651 5.8729564318206142 6.1779096781959764 5.2203412156610947 0.52229563671786405 4.8751681865209777 6.5452010056581358
decision_type=2 2 2 2 2 2 2 2 2
left_child=3 -2 -3 4 5 7 -7 -1 -4
right_child=1 2 8 -5 -6 6 -8 -9 -10
leaf_value=6.0561308100470828e-05 -0.00071235751463311981 0.00067896902606741577 -0.00050661659017508934 0.00066002143757941671 -0.00042203872745512464 -3.607062244554982e-05 0.00096547270816070259 -0.00058682144226622772 0.00010664350517221136
leaf_weight=241 33 23 23 24 23 78 26 44 22
leaf_count=241 33 23 23 24 23 78 26 44 22
internal_value=0 -0.000170273 9.2798e-05 3.94439e-05 3.29374e-06 2.84419e-05 0.000214315 -3.93855e-05 -0.000206801
internal_weight=0 101 68 436 412 389 104 285 45
internal_count=537 101 68 436 412 389 104 285 45
is_linear=0
shrinkage=0.1


Tree=557
num_leaves=9
num_cat=0
split_feature=44 37 8 32 61 44 38 8
split_gain=0.000373022 0.0003581 0.00176904 0.00257014 0.00148021 0.000889277 0.00166924 0.000956659
threshold=6.7392518892502453 1.5890269151739731 1.9356005054539456 3.0433873634561537 0.85184371294609129 2.3937458713910238 3.7132745361986528 4.5325416796595226
decision_type=2 2 2 2 2 2 2 2
left_child=1 2 -1 -4 -3 7 -7 -6
right_child=-2 4 3 -5 5 6 -8 -9
leaf_value=-0.00079700721893459557 -0.00039400134017974461 0.00085859928393884643 0.00069746440115666612 -0.0004441209287572902 -0.00078202255837688287 0.00075089930879502478 1.2104365670299378e-06 6.7838738099313707e-05
leaf_weight=30 23 22 38 41 27 33 297 26
leaf_count=30 23 22 38 41 27 33 297 26
internal_value=0 1.76304e-05 -0.000143262 0.000104996 6.09322e-05 1.51133e-05 7.61793e-05 -0.000365109
internal_weight=0 514 109 79 405 383 330 53
internal_count=537 514 109 79 405 383 330 53
is_linear=0
shrinkage=0.1


Tree=558
num_leaves=9
num_cat=0
split_feature=10 69 34 58 28 34 27 100
split_gain=0.000345694 0.00224064 0.000935227 0.000496741 0.000442425 0.00076185 0.00121933 0.000943544
threshold=6.2557481997290569 5.9013056101615069 6.640841196316484 6.013712167051259 5.948031580597152 5.609465086342035 5.081385075233106 4.9542375470235838
decision_type=2 2 2 2 2 2 2 2
left_child=2 -2 4 -3 5 7 -7 -1
right_child=1 3 -4 -5 -6 6 -8 -9
leaf_value=-0.00055942906309933138 -0.0010577201835324311 0.0004058478170190938 0.00065805244806182127 -0.0001243424327735421 -0.00038087511306262711 0.00082567688178046257 -1.7398641198053069e-05 2.110326796877775e-05
leaf_weight=31 22 30 23 43 28 29 42 289
leaf_count=31 22 30 23 43 28 29 42 289
internal_value=0 -0.000173065 3.71971e-05 9.3544e-05 3.11677e-06 3.06149e-05 0.000326956 -3.51358e-05
internal_weight=0 95 442 73 419 391 71 320
internal_count=537 95 442 73 419 391 71 320
is_linear=0
shrinkage=0.1


Tree=559
num_leaves=10
num_cat=0
split_feature=34 88 104 65 2 100 65 41 27
split_gain=0.000359298 0.000419081 0.00185764 0.00137699 0.0013289 0.00207523 0.00103084 0.000950449 0.000907304
threshold=7.1966391559419423 0.32237371114682284 1.0000000180025095e-35 1.6283470507525168 4.8121513051691478 7.5742795968135601 3.0329353243577488 4.3437210834879627 1.5890269151739729
decision_type=2 2 2 2 2 2 2 2 2
left_child=1 3 -3 -1 5 -4 -5 -6 -8
right_child=-2 2 4 6 7 -7 8 -9 -10
leaf_value=0.00081571467526373462 -0.00038668544983248349 -0.00086856792913749816 -6.2063524996660449e-05 -0.00044401150953490289 -0.0004863461467566766 0.0011475417800323592 0.00054595708870925968 0.00011540836382594604 2.2438727927231551e-05
leaf_weight=24 23 27 37 40 53 23 39 52 219
leaf_count=24 23 27 37 40 53 23 39 52 219
internal_value=0 1.7303e-05 -9.9632e-05 8.70283e-05 2.61939e-05 0.000401619 2.83421e-05 -0.000188334 0.000101575
internal_weight=0 514 192 322 165 60 298 105 258
internal_count=537 514 192 322 165 60 298 105 258
is_linear=0
shrinkage=0.1


Tree=560
num_leaves=12
num_cat=0
split_feature=87 10 61 87 64 15 57 60 60 7 2
split_gain=0.000338488 0.00106217 0.00130551 0.00071014 0.00216602 0.00224073 0.000886186 0.00111824 0.00135096 0.000539082 0.000648267
threshold=0.5556069708080712 6.3062686269857116 1.7681961091660321 0.29892500444997194 3.3876830454681959 5.1298812082267613 0.94220600764219486 2.6869153004291113 3.6441222005100626 3.2951505240983434 5.4722353641838017
decision_type=2 2 2 2 2 2 2 2 2 2 2
left_child=3 2 -2 6 -5 -6 -1 -8 -9 -4 -11
right_child=1 -3 9 4 5 -7 7 8 -10 10 -12
leaf_value=-0.0004971985577555772 -0.00069516856429717422 -0.00077444906029003596 0.00057084859545284414 0.0011305655796921043 -0.00064029522919585797 0.00059241608823261535 0.00070454184726417152 -0.00062128050591457986 6.1643417770343147e-05 -0.0003915730235045582 0.00028320855910091532
leaf_weight=35 22 22 24 23 29 30 23 33 237 24 35
leaf_count=35 22 22 24 23 29 30 23 33 237 24 35
internal_value=0 -0.000142651 -1.02742e-05 4.4187e-05 0.000307402 -1.34929e-05 -2.16166e-05 3.51935e-05 -2.18251e-05 0.000171264 8.72114e-06
internal_weight=0 127 105 410 82 59 328 293 270 83 59
internal_count=537 127 105 410 82 59 328 293 270 83 59
is_linear=0
shrinkage=0.1


Tree=561
num_leaves=9
num_cat=0
split_feature=53 45 7 57 104 31 31 11
split_gain=0.000342167 0.00211422 0.00133037 0.000953838 0.000503107 0.000726994 0.00185052 0.00109692
threshold=0.70808679187955681 3.5549397315361362 1.5890269151739729 1.5420386805928581 0.8958797346140277 5.379886735236628 5.1059271080903725 5.2417330174952186
decision_type=2 2 2 2 2 2 2 2
left_child=1 -1 -3 -2 -5 6 -6 -7
right_child=3 2 -4 4 5 7 -8 -9
leaf_value=0.00076828705051512874 -0.00060030614321086818 -0.00081902354544250886 0.00021222049334279167 0.00034457309584701228 -3.8433702247157976e-05 0.00073142565916686395 -0.00090438309364669438 1.5503137886802251e-05
leaf_weight=36 28 22 29 39 208 26 28 121
leaf_count=36 28 22 29 39 208 26 28 121
internal_value=0 0.000181543 -0.00023263 -3.50982e-05 2.4037e-06 -3.24386e-05 -0.000141173 0.000142129
internal_weight=0 87 51 450 422 383 236 147
internal_count=537 87 51 450 422 383 236 147
is_linear=0
shrinkage=0.1


Tree=562
num_leaves=8
num_cat=0
split_feature=11 44 37 8 32 60 20
split_gain=0.000319061 0.000878108 0.000349371 0.0023436 0.00204546 0.00204199 0.00111724
threshold=6.6950642080078762 6.5984756171974519 1.8688348091416844 1.5890269151739729 3.0433873634561537 1.1386336425048782 2.191013317336941
decision_type=2 2 2 2 2 2 2
left_child=1 2 3 -1 -5 -4 -7
right_child=-2 -3 5 4 -6 6 -8
leaf_value=-0.00087135063840833033 0.00037294283498671244 -0.00061986482686062004 0.0009348006368672941 0.00052669908273620183 -0.00039181456641844393 -0.00060675394176671824 5.2920883368807365e-05
leaf_weight=32 22 23 25 54 44 28 309
leaf_count=32 22 23 25 54 44 28 309
internal_value=0 -1.59315e-05 1.23011e-05 -0.000128318 0.000114305 6.27996e-05 -1.88889e-06
internal_weight=0 515 492 130 98 362 337
internal_count=537 515 492 130 98 362 337
is_linear=0
shrinkage=0.1


Tree=563
num_leaves=9
num_cat=0
split_feature=40 47 26 12 72 41 74 41
split_gain=0.000292227 0.0011899 0.000389453 0.00113868 0.00142761 0.0011101 0.00195045 0.00175235
threshold=6.6707012585667238 6.2897000812552255 4.465842055365858 4.5746578350692051 0.5157396682341221 1.8688348091416844 0.12197640987424575 2.8029010331479989
decision_type=2 2 2 2 2 2 2 2
left_child=1 2 3 4 -1 6 -4 -7
right_child=-2 -3 5 -5 -6 7 -8 -9
leaf_value=-0.00016719338068086871 0.00032703697417253773 -0.0006387518849304139 0.0012237638875376433 -0.00065926628187298777 0.00055340615563673548 -0.00077289177850336556 -4.4681421692345161e-05 9.2666413990350773e-05
leaf_weight=107 26 29 22 30 37 26 27 233
leaf_count=107 26 29 22 30 37 26 27 233
internal_value=0 -1.66398e-05 2.07901e-05 -9.88026e-05 1.79607e-05 8.83523e-05 0.000524825 5.7764e-06
internal_weight=0 511 482 174 144 308 49 259
internal_count=537 511 482 174 144 308 49 259
is_linear=0
shrinkage=0.1


Tree=564
num_leaves=8
num_cat=0
split_feature=34 92 41 51 30 46 41
split_gain=0.000325206 0.000338866 0.000551521 0.0013491 0.000672841 0.0013121 0.00066586
threshold=7.1966391559419423 5.4571203047628005 4.9904094477362264 5.2203412156610947 5.6524337755370313 5.2469686674288658 5.3518469026947413
decision_type=2 2 2 2 2 2 2
left_child=1 2 4 6 5 -1 -4
right_child=-2 -3 3 -5 -6 -7 -8
leaf_value=-5.3940301550915696e-05 -0.00036788284981056403 -0.0003353056211311084 0.0004511119408125524 0.00079047226388337876 -0.0004008690089297791 0.00053250897763064138 -0.00016468164658517247
leaf_weight=287 23 26 25 31 42 44 59
leaf_count=287 23 26 25 31 42 44 59
internal_value=0 1.64617e-05 3.52034e-05 0.000226663 -2.38257e-05 2.40167e-05 1.85903e-05
internal_weight=0 514 488 115 373 331 84
internal_count=537 514 488 115 373 331 84
is_linear=0
shrinkage=0.1


Tree=565
num_leaves=6
num_cat=0
split_feature=35 26 31 29 68
split_gain=0.000328693 0.00108282 0.000390252 0.000661799 0.000387839
threshold=6.6950642080078762 6.8053391632106601 6.1861747525776369 5.6021120126471873 4.6102843803351883
decision_type=2 2 2 2 2
left_child=1 2 3 4 -1
right_child=-2 -3 -4 -5 -6
leaf_value=-9.9403043132593712e-05 0.00037853029471906748 -0.00068681532031168117 -0.00039646844591268083 0.00050591124080321087 8.8965895702131103e-05
leaf_weight=198 22 23 22 28 244
leaf_count=198 22 23 22 28 244
internal_value=0 -1.61702e-05 1.51811e-05 3.44498e-05 4.58343e-06
internal_weight=0 515 492 470 442
internal_count=537 515 492 470 442
is_linear=0
shrinkage=0.1


Tree=566
num_leaves=7
num_cat=0
split_feature=26 26 45 47 41 104
split_gain=0.000329225 0.000772395 0.000401511 0.000535255 0.000682378 0.000632213
threshold=7.0021555404279701 6.4952609922484532 6.1632062049841245 5.7333360402263844 5.1416464569318583 2.249904835165133
decision_type=2 2 2 2 2 2
left_child=1 2 3 4 -1 -5
right_child=-2 -3 -4 5 -6 -7
leaf_value=-4.5028139222940558e-06 0.00032771200037978845 -0.00051984530793310242 0.00037228428690437359 -0.00061421374373215568 0.00052573141001630572 4.0570501239707143e-05
leaf_weight=365 29 29 29 30 26 29
leaf_count=365 29 29 29 30 26 29
internal_value=0 -1.8708e-05 1.16323e-05 -1.16097e-05 3.07557e-05 -0.000292371
internal_weight=0 508 479 450 391 59
internal_count=537 508 479 450 391 59
is_linear=0
shrinkage=0.1


Tree=567
num_leaves=9
num_cat=0
split_feature=53 33 68 57 46 47 86 1
split_gain=0.000296364 0.00179598 0.00222286 0.000780147 0.000541259 0.000429662 0.00104963 0.00082182
threshold=0.70808679187955681 2.5619819897016298 4.7421489880725423 1.5420386805928581 7.0021555404279701 1.0397207708399181 0.6813317870098613 3.5549397315361362
decision_type=2 2 2 2 2 2 2 2
left_child=1 -1 -3 -2 5 7 -7 -5
right_child=3 2 -4 4 -6 6 -8 -9
leaf_value=0.0007952354033477605 -0.00054382744211969641 -0.00089293291021022016 0.00037189264284362173 -0.00056993575235537725 -0.00045005534309893851 3.1993134374764899e-05 0.00074793094271709303 8.7083356753437521e-05
leaf_weight=30 28 24 33 32 25 296 22 47
leaf_count=30 28 24 33 32 25 296 22 47
internal_value=0 0.000168956 -0.000160665 -3.26647e-05 1.25128e-06 2.96711e-05 8.15234e-05 -0.000179051
internal_weight=0 87 57 450 422 397 318 79
internal_count=537 87 57 450 422 397 318 79
is_linear=0
shrinkage=0.1


Tree=568
num_leaves=7
num_cat=0
split_feature=66 33 9 9 64 12
split_gain=0.000294548 0.000948766 0.000657156 0.000686035 0.000747509 0.000527172
threshold=5.2496211935437129 5.8141260764699529 6.2343799673713169 5.5052984857290932 5.7052756133425131 4.4885732424042368
decision_type=2 2 2 2 2 2
left_child=2 -2 3 4 5 -1
right_child=1 -3 -4 -5 -6 -7
leaf_value=7.1058888238945256e-05 -0.00049187986750905295 0.00029978025025532897 0.00048039573865632219 -0.00046494636403319111 0.00053899847571975206 -0.00018460862000052738
leaf_weight=270 41 24 30 30 27 115
leaf_count=270 41 24 30 30 27 115
internal_value=0 -0.000199575 2.74838e-05 -3.25684e-06 3.03613e-05 -5.30933e-06
internal_weight=0 65 472 442 412 385
internal_count=537 65 472 442 412 385
is_linear=0
shrinkage=0.1


Tree=569
num_leaves=7
num_cat=0
split_feature=34 46 40 41 52 45
split_gain=0.000309269 0.000361757 0.000351379 0.0005551 0.000723735 0.000561831
threshold=6.9527121927165378 6.640841196316484 6.0185902545239411 5.2310943182715759 4.4248287033199567 4.6539149966267201
decision_type=2 2 2 2 2 2
left_child=1 2 3 5 -5 -1
right_child=-2 -3 -4 4 -6 -7
leaf_value=3.5175797947292437e-05 -0.0003066023225866018 0.00039770716205869878 -0.00030060873513219932 -5.1872382216431484e-06 0.00076748386835044429 -0.00029695361906002896
leaf_weight=337 31 24 36 27 22 60
leaf_count=337 31 24 36 27 22 60
internal_value=0 1.87839e-05 -8.36059e-08 2.4174e-05 0.000341726 -1.50201e-05
internal_weight=0 506 482 446 49 397
internal_count=537 506 482 446 49 397
is_linear=0
shrinkage=0.1


Tree=570
num_leaves=6
num_cat=0
split_feature=35 26 31 29 37
split_gain=0.000276432 0.000939523 0.000370182 0.000522384 0.000374695
threshold=6.6950642080078762 6.8053391632106601 6.1861747525776369 5.6021120126471873 1.5890269151739731
decision_type=2 2 2 2 2
left_child=1 2 3 4 -1
right_child=-2 -3 -4 -5 -6
leaf_value=-0.00015530951149466329 0.00034713543930344967 -0.00063952497388843619 -0.00038655017931225964 0.00045200979532507648 5.8962133712129858e-05
leaf_weight=108 22 23 22 28 334
leaf_count=108 22 23 22 28 334
internal_value=0 -1.48291e-05 1.43742e-05 3.31409e-05 6.60617e-06
internal_weight=0 515 492 470 442
internal_count=537 515 492 470 442
is_linear=0
shrinkage=0.1


Tree=571
num_leaves=6
num_cat=0
split_feature=26 44 70 97 13
split_gain=0.000316102 0.000805632 0.000345775 0.000695743 0.000444647
threshold=7.0021555404279701 6.5452010056581358 6.6552157165826413 6.2803888252062245 5.9268940249463684
decision_type=2 2 2 2 2
left_child=1 2 3 4 -1
right_child=-2 -3 -4 -5 -6
leaf_value=2.4933956059590772e-05 0.00032111423347016866 -0.00059661845222328111 -0.00035309581342153254 0.00057752248831093316 -0.00042677307197743142
leaf_weight=415 29 23 25 22 23
leaf_count=415 29 23 25 22 23
internal_value=0 -1.83313e-05 9.0926e-06 2.87768e-05 1.21418e-06
internal_weight=0 508 485 460 438
internal_count=537 508 485 460 438
is_linear=0
shrinkage=0.1


Tree=572
num_leaves=11
num_cat=0
split_feature=87 79 61 87 37 35 8 96 46 26
split_gain=0.000282556 0.000875948 0.00115973 0.000920039 0.000596435 0.00163465 0.00147936 0.00146835 0.000951173 0.00216176
threshold=0.5556069708080712 4.6149244191821142 1.7681961091660321 0.65503441193156575 1.5890269151739731 1.5890269151739729 3.9701138825728512 3.2951505240983434 3.2180751841847144 3.7132745361986528
decision_type=2 2 2 2 2 2 2 2 2 2
left_child=4 2 -2 -4 6 -6 7 -1 -7 -10
right_child=1 -3 3 -5 5 8 -8 -9 9 -11
leaf_value=5.2301093687261033e-05 -0.00064331655607516454 -0.00066081115795532241 0.0005156352270569187 -0.00016261232774922974 0.00091507746281264263 -0.00051465044438633162 0.00028355739533865107 -0.0010482754247883956 0.001003744847366761 9.9882375015073049e-06
leaf_weight=22 22 25 40 40 23 28 37 27 24 249
leaf_count=22 22 25 40 40 23 28 37 27 24 249
internal_value=0 -0.000130333 -3.14199e-07 0.000176511 4.03715e-05 0.000102511 -0.000193735 -0.000554139 4.0421e-05 9.73515e-05
internal_weight=0 127 102 80 410 324 86 49 301 273
internal_count=537 127 102 80 410 324 86 49 301 273
is_linear=0
shrinkage=0.1


Tree=573
num_leaves=7
num_cat=0
split_feature=22 22 24 32 30 34
split_gain=0.000294621 0.00117415 0.000680281 0.000344555 0.000544937 0.000774193
threshold=6.5087680264540815 6.3062686269857116 6.4232258802757327 5.9635760393734838 5.9480043110926326 5.6524337755370313
decision_type=2 2 2 2 2 2
left_child=1 3 -2 4 5 -1
right_child=2 -3 -4 -5 -6 -7
leaf_value=-2.887953298403741e-05 0.00059147169947839132 -0.00066594573506369712 -0.00010738938697613776 0.00030967909846771769 -0.0004233581056663146 0.00043565812477936567
leaf_weight=348 26 27 30 36 30 40
leaf_count=348 26 27 30 36 30 40
internal_value=0 -2.52736e-05 0.000217082 1.28281e-05 -1.2738e-05 1.90109e-05
internal_weight=0 481 56 454 418 388
internal_count=537 481 56 454 418 388
is_linear=0
shrinkage=0.1


Tree=574
num_leaves=7
num_cat=0
split_feature=26 34 88 88 88 100
split_gain=0.000263518 0.000676133 0.000400411 0.000960109 0.000825945 0.00103699
threshold=7.0021555404279701 6.4952609922484532 0.643176865477746 0.67558376684622667 0.56926050640888715 6.5792357796731817
decision_type=2 2 2 2 2 2
left_child=1 2 4 -4 5 -1
right_child=-2 -3 3 -5 -6 -7
leaf_value=0.00034678541018034928 0.00029319099808946766 -0.00044084945575117936 0.00068899112697441266 -6.6980809961456723e-05 -0.00048790907803257662 -6.5900426719607148e-05
leaf_weight=77 29 35 28 42 35 291
leaf_count=77 29 35 28 42 35 291
internal_value=0 -1.67373e-05 1.46452e-05 0.000235408 -2.37007e-05 2.04496e-05
internal_weight=0 508 473 70 403 368
internal_count=537 508 473 70 403 368
is_linear=0
shrinkage=0.1


Tree=575
num_leaves=13
num_cat=0
split_feature=102 102 72 80 48 6 25 34 2 21 11 96
split_gain=0.000273636 0.001593 0.000771029 0.001847 0.00111194 0.00165648 0.00133833 0.00111161 0.00068777 0.000771012 0.000716292 0.000300717
threshold=3.6632328069201612 3.2951505240983434 0.22580253811627232 0.50591065724896778 1.5890269151739729 4.9089648320872419 3.1984648276080736 4.0247135285553481 6.0330833463930107 4.5746578350692051 5.9188794015264019 6.8606438933584526
decision_type=2 2 2 2 2 2 2 2 2 2 2 2
left_child=1 2 4 7 6 -6 -1 -4 -2 -10 -11 -12
right_child=8 -3 3 -5 5 -7 -8 -9 9 10 11 -13
leaf_value=-0.00065125450475274457 0.00048898962352698601 -0.00064189263831394795 -0.00092714830789191187 0.00043428665240137509 0.00054374496001091373 -8.8765787202990749e-05 0.00017732544525973608 -0.00012720512198651898 0.00050782736532552089 -0.00059558494901284587 0.00019251666762145413 -0.00026386971267956225
leaf_weight=35 37 40 32 31 94 74 44 38 23 25 42 22
leaf_count=35 37 40 32 31 94 74 44 38 23 25 42 22
internal_value=0 -4.42361e-05 2.44601e-05 -0.000208313 0.000119643 0.000265139 -0.000189767 -0.000492893 0.000115192 -8.29489e-06 -0.000141675 3.56338e-05
internal_weight=0 388 348 101 247 168 79 70 149 112 89 64
internal_count=537 388 348 101 247 168 79 70 149 112 89 64
is_linear=0
shrinkage=0.1


Tree=576
num_leaves=9
num_cat=0
split_feature=27 33 23 7 100 34 30 46
split_gain=0.000312341 0.00109349 0.000485695 0.000496739 0.000459397 0.000330701 0.00106005 0.000740899
threshold=5.8550678171289681 5.6021120126471873 5.9188794015264019 5.8749149497672386 9.2194769245923212 6.0112551596500436 5.6524337755370313 5.2469686674288658
decision_type=2 2 2 2 2 2 2 2
left_child=1 5 -2 -4 -5 6 7 -1
right_child=2 -3 3 4 -6 -7 -8 -9
leaf_value=-4.2600961832713883e-05 0.00057322210027037227 -0.00072406251565553252 -0.00027112352395159827 0.00056679033821084254 -4.1391116273761904e-05 0.00031361362066931062 -0.00056769894788775488 0.00033871968166016405
leaf_weight=286 22 22 31 23 27 31 33 62
leaf_count=286 22 22 31 23 27 31 33 62
internal_value=0 -3.71536e-05 0.00015655 4.33801e-05 0.000238372 -4.74024e-07 -2.60297e-05 2.53355e-05
internal_weight=0 434 103 81 50 412 381 348
internal_count=537 434 103 81 50 412 381 348
is_linear=0
shrinkage=0.1


Tree=577
num_leaves=9
num_cat=0
split_feature=35 37 101 18 30 46 2 53
split_gain=0.000285753 0.000981593 0.000542404 0.000285681 0.00149503 0.00171667 0.000825647 0.000531493
threshold=6.1861747525776369 5.8719233458001243 4.5950688323293329 5.2310943182715759 5.1561734468561555 5.2469686674288658 5.1561734468561555 4.2425600231327421
decision_type=2 2 2 2 2 2 2 2
left_child=1 3 -2 4 5 -1 -5 -8
right_child=2 -3 -4 6 -6 -7 7 -9
leaf_value=-7.1990349481530663e-05 -3.6555354017764334e-05 -0.00067740181058814587 0.00060068689728557897 0.00064083973760716614 -0.00066628832037427595 0.00068130780643384378 -0.00011563678194761452 0.00030086476155298042
leaf_weight=223 34 22 22 25 35 35 96 45
leaf_count=223 34 22 22 25 35 35 96 45
internal_value=0 -2.48903e-05 0.00021379 6.38477e-06 -5.29972e-05 3.02013e-05 0.000111197 1.72892e-05
internal_weight=0 481 56 459 293 258 166 141
internal_count=537 481 56 459 293 258 166 141
is_linear=0
shrinkage=0.1


Tree=578
num_leaves=14
num_cat=0
split_feature=87 92 97 11 23 2 44 11 50 7 74 26 24
split_gain=0.000290966 0.000878404 0.000589597 0.00170681 0.00159878 0.00150306 0.00163748 0.00131528 0.00121655 0.000812258 0.000544311 0.000785478 0.00102891
threshold=0.5556069708080712 5.4003467495495432 2.740319461670996 2.3937458713910238 2.191013317336941 4.6586997221347959 4.3693677306817369 3.1132683346437333 4.3303869599468818 4.5485858369352732 0.5754510336284816 4.6586997221347959 4.8751681865209777
decision_type=2 2 2 2 2 2 2 2 2 2 2 2 2
left_child=2 10 3 4 8 6 -4 -7 -1 -9 11 -2 -13
right_child=1 -3 5 -5 -6 7 -8 9 -10 -11 -12 12 -14
leaf_value=-0.00057584999277341092 0.00050473172259444252 -0.00066347999301797245 0.00096427359917709659 -0.00074572645597286553 0.00082605610911162916 -0.00074248982828893618 -2.4030445880877476e-05 0.00053397913197841265 0.00033878360325336246 -1.4456910576814022e-05 -0.00043018491503418136 -0.00063636314227385983 0.00030131893896032124
leaf_weight=33 32 25 38 34 22 22 30 32 26 173 23 22 25
leaf_count=33 32 25 38 34 22 22 30 32 26 173 23 22 25
internal_value=0 -0.000132259 4.09679e-05 -0.000151097 9.85007e-05 0.000115841 0.000528257 -7.7026e-06 -0.000172791 7.11526e-05 -2.05739e-06 0.000122587 -0.000137596
internal_weight=0 127 410 115 81 295 68 227 59 205 102 79 47
internal_count=537 127 410 115 81 295 68 227 59 205 102 79 47
is_linear=0
shrinkage=0.1


Tree=579
num_leaves=12
num_cat=0
split_feature=26 41 74 68 26 101 11 89 104 78 80
split_gain=0.000300954 0.00101667 0.0014631 0.00112504 0.000996873 0.0020591 0.00105592 0.00158714 0.00212007 0.0007425 0.000758246
threshold=4.465842055365858 1.8688348091416844 0.12438854946059132 4.3280404603424865 3.7132745361986528 3.891612008168019 4.4187680230537838 0.56689715819657438 1.0986122886681102 1.5593961831556094 0.97575882019212934
decision_type=2 2 2 2 2 2 2 2 2 2 2
left_child=4 2 -2 -3 6 -6 7 8 -1 10 -5
right_child=1 3 -4 9 5 -7 -8 -9 -10 -11 -12
leaf_value=-0.00019089502998997042 0.0010568435360809141 -0.0006439213761880707 -3.8081906901565025e-05 0.00010013535838592553 -0.0011064214770717977 0.00011913742908228447 -0.00045147372988022622 -0.0005153161484155466 0.00093208087229868408 0.00058800421007301502 -0.0002809415965910173
leaf_weight=29 23 26 26 190 26 29 31 22 40 23 72
leaf_count=29 23 26 26 190 26 29 31 22 40 23 72
internal_value=0 5.24926e-05 0.000475863 -1.4212e-05 -0.000106765 -0.000460218 5.2579e-05 0.000224289 0.000460105 4.32352e-05 -4.58808e-06
internal_weight=0 360 49 311 177 55 122 91 69 285 262
internal_count=537 360 49 311 177 55 122 91 69 285 262
is_linear=0
shrinkage=0.1


Tree=580
num_leaves=8
num_cat=0
split_feature=43 46 34 45 69 60 44
split_gain=0.000264118 0.000939993 0.000395692 0.00091548 0.00077959 0.000765658 0.00051655
threshold=6.4876828601347034 6.5220754968327581 5.6524337755370313 4.5538214868689204 1.5138613836196224 1.9088561629784524 6.0185902545239411
decision_type=2 2 2 2 2 2 2
left_child=1 2 4 -4 -1 -6 -5
right_child=-2 -3 3 6 5 -7 -8
leaf_value=-0.00056435354557694297 0.00027860110785695726 -0.00057039410106693238 0.00072517437026059885 -0.0001227831600937696 0.00057432254331863742 -3.6387056700433285e-05 0.00037208447986725543
leaf_weight=26 32 29 24 66 22 307 31
leaf_count=26 32 29 24 66 22 307 31
internal_value=0 -1.76539e-05 1.60214e-05 0.000172191 -3.72082e-05 4.45067e-06 3.53704e-05
internal_weight=0 505 476 121 355 329 97
internal_count=537 505 476 121 355 329 97
is_linear=0
shrinkage=0.1


Tree=581
num_leaves=12
num_cat=0
split_feature=48 29 18 2 30 48 89 41 31 11 103
split_gain=0.000291362 0.00103248 0.00287658 0.0015594 0.00128215 0.000961945 0.000980019 0.000934526 0.000557238 0.00173378 0.00119407
threshold=2.5619819897016298 1.0397207708399181 2.3937458713910238 4.5538214868689204 3.6105525490912482 1.5890269151739729 0.58938893810103898 6.4068582012380899 4.5325416796595226 2.6735537653587347 4.1510089048756029
decision_type=2 2 2 2 2 2 2 2 2 2 2
left_child=5 3 -3 -2 -4 6 8 -6 9 -1 -10
right_child=1 2 4 -5 7 -7 -8 -9 10 -11 -12
leaf_value=0.00014776752009142743 -0.0010741432666849426 0.0010662677935518636 -0.00059853546859812935 0.00010348866652004125 7.2402067722732874e-05 0.00059326956697711446 0.00055522554554045202 -0.00055942084873095155 0.00045546049972044252 -0.0010481518751475961 -0.00044479152890674483
leaf_weight=27 23 24 40 22 235 33 25 26 34 22 26
leaf_count=27 23 24 40 22 235 33 25 26 34 22 26
internal_value=0 -4.94865e-05 1.26725e-05 -0.000498412 -7.13351e-05 0.000109641 -9.46196e-06 9.46185e-06 -0.000138977 -0.000389176 6.53513e-05
internal_weight=0 370 325 45 301 167 134 261 109 49 60
internal_count=537 370 325 45 301 167 134 261 109 49 60
is_linear=0
shrinkage=0.1


Tree=582
num_leaves=6
num_cat=0
split_feature=38 40 21 80 89
split_gain=0.000263252 0.00119017 0.000364168 0.000285311 0.000549223
threshold=6.8053391632106601 6.2125880232083288 6.3314765202922478 3.1132683346437333 0.68437450589092885
decision_type=2 2 2 2 2
left_child=1 2 3 4 -1
right_child=-2 -3 -4 -5 -6
leaf_value=6.0226544403621141e-06 0.00025738466435074303 -0.00067779852867645859 0.00041438864956779237 0.00034899701819416474 -0.00050691812807186082
leaf_weight=408 37 26 22 22 22
leaf_count=408 37 26 22 22 22
internal_value=0 -1.90465e-05 1.70876e-05 -2.25005e-06 -2.02208e-05
internal_weight=0 500 474 452 430
internal_count=537 500 474 452 430
is_linear=0
shrinkage=0.1


Tree=583
num_leaves=8
num_cat=0
split_feature=40 47 26 52 83 65 44
split_gain=0.000260401 0.000879985 0.00036846 0.00100477 0.00120015 0.000974497 0.000662007
threshold=6.6707012585667238 6.2897000812552255 4.465842055365858 1.7005986908310777 0.94785570212760606 1.7979990963685306 2.9174053685313028
decision_type=2 2 2 2 2 2 2
left_child=1 2 3 -1 -5 -4 -7
right_child=-2 -3 5 4 -6 6 -8
leaf_value=-0.00060604988238992523 0.00030871526771359363 -0.00055070505648096701 0.00070833986037937202 0.00029291490598650952 -0.00028904305500498809 0.00036614363322899282 -3.7780446112619604e-05
leaf_weight=32 26 29 23 74 68 49 236
leaf_count=32 26 29 23 74 68 49 236
internal_value=0 -1.57076e-05 1.6481e-05 -9.98438e-05 1.42308e-05 8.2197e-05 3.16661e-05
internal_weight=0 511 482 174 142 308 285
internal_count=537 511 482 174 142 308 285
is_linear=0
shrinkage=0.1


Tree=584
num_leaves=10
num_cat=0
split_feature=34 17 65 65 104 42 104 16 89
split_gain=0.000275377 0.000308309 0.00254529 0.00230434 0.00137292 0.0015745 0.000633433 0.000785493 0.000522544
threshold=7.1966391559419423 1.8688348091416844 1.6085863662850206 1.7979990963685306 2.1383330595080281 5.272986409146923 1.4978661367769956 3.1567740231385479 0.60571776751115258
decision_type=2 2 2 2 2 2 2 2 2
left_child=1 2 -1 -3 5 -4 7 -5 -8
right_child=-2 3 4 6 -6 -7 8 -9 -10
leaf_value=-0.0010717526399631702 -0.00033852783456930649 0.0010531274617691948 0.00072164107168223282 5.1162360297241365e-05 -0.00039347078410493261 -0.00031847661957726817 0.0001312064552313147 -0.00059660362951237606 -0.00020857749207477485
leaf_weight=23 23 22 43 39 37 22 236 36 56
leaf_count=23 23 22 43 39 37 22 236 36 56
internal_value=0 1.51481e-05 -0.000121477 5.90509e-05 9.28006e-05 0.000369601 -5.3955e-07 -0.000259765 6.60424e-05
internal_weight=0 514 125 389 102 65 367 75 292
internal_count=537 514 125 389 102 65 367 75 292
is_linear=0
shrinkage=0.1


Tree=585
num_leaves=8
num_cat=0
split_feature=43 37 32 98 29 29 31
split_gain=0.000301648 0.00143601 0.000500147 0.000499085 0.000397305 0.000903363 0.000815081
threshold=6.1861747525776369 5.9053284366375065 5.9635760393734838 3.4960482137079443 4.5107991236896536 4.1266138227908868 5.5606520443413574
decision_type=2 2 2 2 2 2 2
left_child=1 2 4 -2 5 -1 -6
right_child=3 -3 -4 -5 6 -7 -8
leaf_value=-2.2626317275223431e-05 0.00045979580574888085 -0.00081479963370260195 0.0003597040294583789 -0.00015147062658797951 -0.00044859377742665989 0.00051623052726167118 0.00010689375546644443
leaf_weight=280 34 22 38 22 56 35 50
leaf_count=280 34 22 38 22 56 35 50
internal_value=0 -2.55732e-05 1.22547e-05 0.000219655 -1.91066e-05 3.72467e-05 -0.000186571
internal_weight=0 481 459 56 421 315 106
internal_count=537 481 459 56 421 315 106
is_linear=0
shrinkage=0.1


Tree=586
num_leaves=11
num_cat=0
split_feature=33 24 50 11 32 41 41 46 37 25
split_gain=0.000290652 0.00126023 0.000765517 0.000940453 0.000336451 0.000809117 0.00143433 0.00111597 0.000581565 0.000579317
threshold=5.8141260764699529 6.102536072598296 5.0688844241303981 5.8435402162155627 5.0995688973185436 3.9316333620047872 5.0271592211193568 5.2469686674288658 4.5107991236896536 4.8751681865209777
decision_type=2 2 2 2 2 2 2 2 2 2
left_child=1 4 -2 -4 5 7 -7 -1 -6 -10
right_child=2 -3 3 -5 8 6 -8 -9 9 -11
leaf_value=-9.0592777620226948e-06 -0.00024338112152354034 -0.00070597554821198673 0.00084676978658535526 -3.9273961801486824e-05 0.00059079292230308062 -0.00056835244244897779 0.00028589119369983035 0.00073673132785849948 -0.00036977764466428198 0.00023407730630308233
leaf_weight=228 27 26 25 23 25 61 29 22 24 47
leaf_count=228 27 26 25 23 25 61 29 22 24 47
internal_value=0 -2.96421e-05 0.000182595 0.000422207 1.06897e-05 -3.59885e-05 -0.000293096 5.65703e-05 0.000176008 2.99573e-05
internal_weight=0 462 75 48 436 340 90 250 96 71
internal_count=537 462 75 48 436 340 90 250 96 71
is_linear=0
shrinkage=0.1


Tree=587
num_leaves=8
num_cat=0
split_feature=96 10 10 97 65 98 32
split_gain=0.000244342 0.00069658 0.000870612 0.00132211 0.00075599 0.000610213 0.000605493
threshold=7.0473947110756514 6.7320053855989617 6.2393002351051399 5.9584213545440532 4.7561553279518831 4.2121001622835372 5.3229980813168991
decision_type=2 2 2 2 2 2 2
left_child=1 2 4 -4 6 -6 -1
right_child=-2 -3 3 -5 5 -7 -8
leaf_value=3.4641686472971333e-06 -0.00027252504256583993 0.00056702409095702355 -0.00098368386309382271 4.4354043285270092e-05 0.00046355246822713528 -7.1272097557084635e-05 -0.00052808161759141672
leaf_weight=314 31 22 22 29 64 32 23
leaf_count=314 31 22 22 29 64 32 23
internal_value=0 1.66962e-05 -8.31871e-06 -0.000399113 3.77102e-05 0.000285278 -3.28134e-05
internal_weight=0 506 484 51 433 96 337
internal_count=537 506 484 51 433 96 337
is_linear=0
shrinkage=0.1


Tree=588
num_leaves=11
num_cat=0
split_feature=34 2 10 17 26 8 23 29 95 51
split_gain=0.00025114 0.000288265 0.00124327 0.000732243 0.000809541 0.00064991 0.00194306 0.00109553 0.00182047 0.00131621
threshold=7.1966391559419423 5.1179758838799021 5.0688844241303981 4.2625806805327082 5.081385075233106 4.3693677306817369 4.7273486598447958 1.0397207708399181 1.8688348091416844 1.0397207708399181
decision_type=2 2 2 2 2 2 2 2 2 2
left_child=1 5 -3 -4 -5 7 -7 8 -1 -9
right_child=-2 2 3 4 -6 6 -8 9 -10 -11
leaf_value=-0.0011734517676813994 -0.00032328698156482502 0.00073433023100261824 -0.00037754383027696842 0.00066889891789452874 1.8766828840877702e-05 0.00098365503614662557 -0.00020921902769638714 0.00051103363525486969 -4.9688079646633321e-06 -0.00015918961300940282
leaf_weight=24 23 27 39 22 148 22 36 38 30 128
leaf_count=24 23 27 39 22 148 22 36 38 30 128
internal_value=0 1.44661e-05 9.57457e-05 1.32491e-05 0.000102902 -5.45337e-05 0.00024325 -0.00013304 -0.000524295 -5.76501e-06
internal_weight=0 514 236 209 170 278 58 220 54 166
internal_count=537 514 236 209 170 278 58 220 54 166
is_linear=0
shrinkage=0.1


Tree=589
num_leaves=10
num_cat=0
split_feature=33 33 50 32 34 2 25 100 41
split_gain=0.000239484 0.00111065 0.000632967 0.000790012 0.000324544 0.000968198 0.000788569 0.000697224 0.000565202
threshold=5.8141260764699529 5.5606520443413574 5.0688844241303981 6.5984756171974519 5.6524337755370313 5.0434043048315838 4.8751681865209777 4.9542375470235838 1.8688348091416844
decision_type=2 2 2 2 2 2 2 2 2
left_child=1 4 -2 -4 7 -6 -7 -1 -9
right_child=2 -3 3 -5 5 6 -8 8 -10
leaf_value=-0.00048708405811339619 -0.00022160051335554776 -0.00072030360596396677 0.00077275301655754455 -3.9335636234761261e-05 0.00073746450108718939 -0.000470327032962814 0.00026567368583306923 0.00018867743879366714 -8.7666335388503845e-05
leaf_weight=31 27 22 25 23 23 24 37 114 211
leaf_count=31 27 22 25 23 23 24 37 114 211
internal_value=0 -2.69067e-05 0.000165745 0.000383627 7.76315e-06 0.000184569 -2.39004e-05 -3.3955e-05 9.26656e-06
internal_weight=0 462 75 48 440 84 61 356 325
internal_count=537 462 75 48 440 84 61 356 325
is_linear=0
shrinkage=0.1


Tree=590
num_leaves=13
num_cat=0
split_feature=89 89 67 67 98 36 78 88 27 100 2 44
split_gain=0.000225082 0.00146089 0.000884507 0.000804355 0.000803393 0.00168681 0.00176455 0.00128642 0.00177315 0.00111913 0.000756051 0.000597038
threshold=0.22974486851048764 1.0000000180025095e-35 3.4334666422309414 4.7790881836238563 2.191013317336941 3.8064155152036787 2.8464811208691994 0.29140599236096953 2.9430520157250784 8.0396923799118536 4.1742689126930488 6.102536072598296
decision_type=2 2 2 2 2 2 2 2 2 2 2 2
left_child=1 4 -2 -4 7 6 -6 8 -1 -7 -5 -12
right_child=2 -3 3 10 5 9 -8 -9 -10 -11 11 -13
leaf_value=0.0012663678950048053 -0.00037949577662806815 -0.00066398718978494546 0.00071547735259746724 -0.00043474049380165525 -0.0010436736825340631 0.00060921741564925471 0.00011972362130605193 -0.00017435351772292053 0.00010736165541774508 -7.6396362928007693e-05 8.3093878379631724e-05 0.0006385388842318207
leaf_weight=22 36 35 23 24 32 32 22 40 33 93 122 23
leaf_count=22 36 35 23 24 32 32 22 40 33 93 122 23
internal_value=0 -5.56123e-05 7.53693e-05 0.000160657 2.20998e-05 -0.000102645 -0.000569697 0.000257146 0.000570964 9.91208e-05 8.51484e-05 0.000171199
internal_weight=0 309 228 192 274 179 54 95 55 125 169 145
internal_count=537 309 228 192 274 179 54 95 55 125 169 145
is_linear=0
shrinkage=0.1


Tree=591
num_leaves=10
num_cat=0
split_feature=41 37 55 64 5 88 101 65 42
split_gain=0.000253444 0.000270182 0.00158307 0.00119803 0.00111105 0.00102556 0.000888425 0.000855362 0.000436336
threshold=6.4068582012380899 1.8688348091416844 1.9356005054539456 2.4203406930554818 2.8029010331479989 0.1266628784936242 4.5485858369352732 2.1347476817907398 2.3937458713910238
decision_type=2 2 2 2 2 2 2 2 2
left_child=1 2 -1 -3 5 -4 -6 -5 -9
right_child=-2 3 4 7 6 -7 -8 8 -10
leaf_value=-0.00085831522098843655 -0.00025628423124241331 0.0007164770583935583 0.00076366536164035412 -0.00057660040708825636 -0.00070481108882813719 -0.00010355940647423267 0.00012248344487657219 0.00048450179323977365 2.3113660015951608e-05
leaf_weight=23 36 26 30 23 25 25 27 22 300
leaf_count=23 36 26 30 23 25 25 27 22 300
internal_value=0 1.84156e-05 -0.000105642 6.18861e-05 5.61472e-05 0.000369472 -0.000275254 1.25546e-05 5.46371e-05
internal_weight=0 501 130 371 107 55 52 345 322
internal_count=537 501 130 371 107 55 52 345 322
is_linear=0
shrinkage=0.1


Tree=592
num_leaves=13
num_cat=0
split_feature=88 104 70 89 103 23 47 41 51 86 43 46
split_gain=0.000242695 0.00123574 0.00193203 0.00108697 0.00174137 0.000957233 0.002467 0.00118563 0.000880502 0.000875769 0.000538523 0.000424896
threshold=0.089250971907882948 0.8958797346140277 2.4564120700874601 0.065471168630690413 3.7012257604091228 2.191013317336941 2.191013317336941 2.191013317336941 5.1059271080903725 0.068497689240783338 4.7094896185437563 5.883318508925429
decision_type=2 2 2 2 2 2 2 2 2 2 2 2
left_child=1 -1 -3 4 -4 6 -2 -7 -5 11 -11 -9
right_child=5 2 3 8 -6 7 -8 9 -10 10 -12 -13
leaf_value=0.00045135403401218353 -8.9722671712349567e-05 -0.0010205410833409787 0.00044678142671559563 -5.1070004081368819e-05 -0.00046546616856264138 -0.00058036103463647039 0.0012616550782695414 -0.00049006727518468738 0.00055730005439657432 0.00054147941099915613 7.5349320136678329e-05 5.8097584070100522e-05
leaf_weight=40 35 23 27 61 93 33 22 31 39 39 68 26
leaf_count=40 35 23 27 61 93 33 22 31 39 39 68 26
internal_value=0 -6.36894e-05 -0.00014847 -5.72992e-05 -0.00026021 7.0961e-05 0.000431862 -3.3462e-05 0.000186194 7.65848e-05 0.000245247 -0.000240027
internal_weight=0 283 243 220 120 254 57 197 100 164 107 57
internal_count=537 283 243 220 120 254 57 197 100 164 107 57
is_linear=0
shrinkage=0.1


Tree=593
num_leaves=7
num_cat=0
split_feature=64 64 60 88 37 41
split_gain=0.000236516 0.000757083 0.000504421 0.000379724 0.000720946 0.000714153
threshold=1.2482071283197402 2.3902615367329769 2.4531001379796868 0.41040294975001845 6.0209762173327137 5.7381722323536151
decision_type=2 2 2 2 2 2
left_child=-1 -2 -3 4 -4 -5
right_child=1 2 3 5 -6 -7
leaf_value=0.00031373356519590902 -0.00051966441761968393 0.00047218549905506818 -1.423631350756777e-05 1.9040577634586953e-05 -0.00047923938239507964 0.00057777736380687983
leaf_weight=23 28 23 272 125 38 28
leaf_count=23 28 23 272 125 38 28
internal_value=0 -1.40387e-05 1.5092e-05 -7.61455e-06 -7.12367e-05 0.000121293
internal_weight=0 514 486 463 310 153
internal_count=537 514 486 463 310 153
is_linear=0
shrinkage=0.1


Tree=594
num_leaves=8
num_cat=0
split_feature=27 16 23 20 13 29 57
split_gain=0.000240655 0.000789671 0.000395086 0.000960889 0.000634793 0.000365361 0.000461261
threshold=5.8550678171289681 6.102536072598296 5.631205358429944 5.5052984857290932 4.4425820475484112 5.7381722323536151 3.9359909980323318
decision_type=2 2 2 2 2 2 2
left_child=1 2 3 4 -1 -2 -7
right_child=5 -3 -4 -5 -6 6 -8
leaf_value=3.8535474172653158e-05 0.00040571993214304236 -0.00060282299159750792 -0.00038595810494734904 0.0005581690028080747 -0.00031594442815298493 0.0003088626025318859 -0.00021494173255632632
leaf_weight=294 34 23 25 31 61 29 40
leaf_count=294 34 23 25 31 61 29 40
internal_value=0 -3.26125e-05 -7.02906e-07 2.42489e-05 -2.23752e-05 0.000137416 5.20792e-06
internal_weight=0 434 411 386 355 103 69
internal_count=537 434 411 386 355 103 69
is_linear=0
shrinkage=0.1


Tree=595
num_leaves=6
num_cat=0
split_feature=47 34 31 11 51
split_gain=0.000244579 0.00036248 0.000286471 0.000278339 0.000334942
threshold=6.4876828601347034 6.5889255315107418 6.1246809968142868 6.1716809841410116 5.631205358429944
decision_type=2 2 2 2 2
left_child=1 2 3 4 -1
right_child=-2 -3 -4 -5 -6
leaf_value=3.5099022795715027e-05 -0.00026809794308064739 0.00036667304728845405 -0.00034784438270751551 0.00029824604082477895 -0.00019329275575406037
leaf_weight=343 32 28 23 32 79
leaf_count=343 32 28 23 32 79
internal_value=0 1.69884e-05 -3.53818e-06 1.39046e-05 -7.65678e-06
internal_weight=0 505 477 454 422
internal_count=537 505 477 454 422
is_linear=0
shrinkage=0.1


Tree=596
num_leaves=12
num_cat=0
split_feature=98 86 10 18 42 47 53 89 48 36 43
split_gain=0.000225925 0.00112137 0.00107596 0.00158987 0.000854489 0.00128334 0.00111271 0.00055458 0.000639226 0.000536137 0.000500487
threshold=4.3693677306817369 0.51287647720581153 6.0799096305063562 5.9480043110926326 4.8282817362782584 4.8121513051691478 0.70808679187955681 0.27764569800250255 5.4337124689388192 3.9219243190762363 5.1059271080903725
decision_type=2 2 2 2 2 2 2 2 2 2 2
left_child=2 7 3 4 6 -6 -1 9 -9 -2 -11
right_child=1 -3 -4 -5 5 -7 -8 8 -10 10 -12
leaf_value=0.00057505709781843198 -0.00059153975045774139 0.00056601296319291959 -0.00061802337043142565 0.00074292065366063516 -0.00077816939104677135 -6.6981990297790617e-05 -4.2019518764227673e-05 0.00062042387011884291 -9.9890053024864766e-05 0.00028653719161341612 -0.00031289934762753548
leaf_weight=37 25 39 30 27 34 100 139 22 28 26 30
leaf_count=37 25 39 30 27 34 100 139 22 28 26 30
internal_value=0 9.53024e-05 -4.41455e-05 6.94154e-06 -5.71599e-05 -0.000247433 8.77068e-05 -4.48329e-05 0.000217048 -0.000206488 -3.45895e-05
internal_weight=0 170 367 337 310 134 176 131 50 81 56
internal_count=537 170 367 337 310 134 176 131 50 81 56
is_linear=0
shrinkage=0.1


Tree=597
num_leaves=7
num_cat=0
split_feature=20 12 87 58 101 99
split_gain=0.000235044 0.00116503 0.000442204 0.000327441 0.000550992 0.000582758
threshold=6.102536072598296 6.0614542021347031 0.33941329381316571 5.5568206079685734 5.0072460552895199 2.3502401828962087
decision_type=2 2 2 2 2 2
left_child=1 3 -2 4 5 -1
right_child=2 -3 -4 -5 -6 -7
leaf_value=-2.6049750843226346e-05 -2.7922930748900398e-05 -0.00068887658099993138 0.00050820424978155639 0.00028943190640674381 -0.00038184202498381934 0.00034412359382258729
leaf_weight=322 40 25 25 39 37 49
leaf_count=322 40 25 25 39 37 49
internal_value=0 -2.45512e-05 0.00017828 1.26034e-05 -1.38581e-05 2.28411e-05
internal_weight=0 472 65 447 408 371
internal_count=537 472 65 447 408 371
is_linear=0
shrinkage=0.1


Tree=598
num_leaves=11
num_cat=0
split_feature=34 100 102 68 53 102 15 72 101 76
split_gain=0.000225923 0.000286296 0.00104754 0.000708346 0.000657615 0.00119676 0.000923822 0.000603755 0.000743233 0.000523477
threshold=7.1966391559419423 8.5421754714216824 3.2180751841847144 4.5634842319139279 3.3523017328376814 2.5619819897016298 4.8597823571876004 0.068305488455467106 4.8441560854355483 0.88545046410972761
decision_type=2 2 2 2 2 2 2 2 2 2
left_child=1 2 4 -3 5 -1 -6 8 -5 -9
right_child=-2 3 -4 7 6 -7 -8 9 -10 -11
leaf_value=-1.8367233137218541e-05 -0.00030662743374705316 0.00061562317526598536 -0.0006965005853841001 0.00058297099303948044 -9.2927761983850769e-06 0.00059922839557801028 -0.00079999681223522534 -0.00041498081118334089 1.4626222438987738e-05 0.00012677654601922709
leaf_weight=180 23 24 23 33 45 38 22 42 76 31
leaf_count=180 23 24 23 33 45 38 22 42 76 31
internal_value=0 1.37207e-05 -4.73151e-05 0.000104978 5.07534e-06 8.92871e-05 -0.000268927 3.76402e-05 0.000186694 -0.000184919
internal_weight=0 514 308 206 285 218 67 182 109 73
internal_count=537 514 308 206 285 218 67 182 109 73
is_linear=0
shrinkage=0.1


Tree=599
num_leaves=11
num_cat=0
split_feature=87 61 2 96 15 31 88 23 29 35
split_gain=0.000214641 0.000650907 0.000977643 0.000811994 0.000509358 0.00126409 0.00162851 0.000920944 0.000770716 0.00115556
threshold=0.5556069708080712 4.6193409562630938 4.9869730080923453 4.3303869599468818 1.9356005054539456 1.0397207708399181 0.20457674531703426 2.3937458713910238 2.8029010331479989 4.3693677306817369
decision_type=2 2 2 2 2 2 2 2 2 2
left_child=4 2 3 -2 5 -1 -7 -6 -9 -10
right_child=1 -3 -4 -5 7 6 -8 8 9 -11
leaf_value=0.00026666352572838627 0.00010787763286233794 -0.00046006128173566572 0.00047667565504525559 -0.00065657634265032063 0.00057871922002440061 -0.00099335862062710891 0.00012023836037163467 -0.0003549280278601272 0.00056798838605490426 1.1689698061820707e-06
leaf_weight=38 33 38 32 24 35 29 24 43 44 197
leaf_count=38 33 38 32 24 35 29 24 43 44 197
internal_value=0 -0.000113595 3.43343e-05 -0.000213998 3.51868e-05 -0.0001735 -0.000489088 9.4718e-05 3.507e-05 0.000104655
internal_weight=0 127 89 57 410 91 53 319 284 241
internal_count=537 127 89 57 410 91 53 319 284 241
is_linear=0
shrinkage=0.1


Tree=600
num_leaves=13
num_cat=0
split_feature=31 17 35 98 86 98 57 86 42 44 80 25
split_gain=0.000210628 0.00127096 0.000469472 0.00043801 0.00125727 0.000871061 0.00174868 0.000842023 0.000460046 0.000428813 0.000399788 0.000496342
threshold=5.379886735236628 5.3518469026947413 5.5412558557490508 4.317399216745252 0.27223668366368498 3.0201273556387074 3.6651294636540777 0.23137332729331636 4.7790881836238563 6.4232258802757327 0.97575882019212934 5.0271592211193568
decision_type=2 2 2 2 2 2 2 2 2 2 2 2
left_child=1 3 -2 5 8 7 -7 -1 -5 10 11 -4
right_child=2 -3 9 4 -6 6 -8 -9 -10 -11 -12 -13
leaf_value=0.00023288718148251064 0.00047427878690305754 -0.00076243851688005909 -0.00036139110306976363 -0.00034642492946996184 0.00081584397312326482 -0.00098430219567725787 0.0001538177128976612 -0.00016958947223126114 0.00022255336128485702 0.00032440872280858462 -0.00043832513771728076 0.00017542994548242204
leaf_weight=106 27 23 24 27 24 27 27 102 30 35 24 61
leaf_count=106 27 23 24 27 24 27 27 102 30 35 24 61
internal_value=0 -4.28084e-05 9.1625e-05 5.4467e-06 0.000208684 -5.73861e-05 -0.000415242 3.55188e-05 -4.69627e-05 1.98774e-05 -7.79079e-05 2.38569e-05
internal_weight=0 366 171 343 81 262 54 208 57 144 109 85
internal_count=537 366 171 343 81 262 54 208 57 144 109 85
is_linear=0
shrinkage=0.1


Tree=601
num_leaves=9
num_cat=0
split_feature=46 14 14 14 78 96 21 88
split_gain=0.000219348 0.000255296 0.00156636 0.00131997 0.000938581 0.000853153 0.00146125 0.000799531
threshold=7.0021555404279701 4.5538214868689204 4.6913057964583187 4.4187680230537838 3.0702953316038939 4.4187680230537838 2.3502401828962087 1.0000000180025095e-35
decision_type=2 2 2 2 2 2 2 2
left_child=1 3 -3 4 7 -4 -7 -1
right_child=-2 2 5 -5 -6 6 -8 -9
leaf_value=-0.00031596902811933047 -0.0002674930488112672 0.000864640393284271 0.00057966353391141943 -0.00080507369103460498 0.00062759246780346584 -0.00078741764712807107 2.9612964819359362e-05 0.00015547918376034581
leaf_weight=70 29 23 24 22 22 24 249 74
leaf_count=70 29 23 24 22 22 24 249 74
internal_value=0 1.52703e-05 6.96071e-05 -7.72179e-05 1.9245e-05 8.03882e-06 -4.22139e-05 -7.3697e-05
internal_weight=0 508 320 188 166 297 273 144
internal_count=537 508 320 188 166 297 273 144
is_linear=0
shrinkage=0.1


Tree=602
num_leaves=11
num_cat=0
split_feature=92 88 21 68 21 100 103 104 53 71
split_gain=0.000226428 0.000628783 0.00167352 0.00116257 0.000925534 0.000429841 0.000849376 0.00071774 0.000867066 0.000407187
threshold=5.3500682607514358 0.35192429014739562 3.6632328069201612 4.8303420056700013 5.4380415003103764 4.9542375470235838 2.4414009612931857 0.34657359027997264 0.70808679187955681 2.0126758453675748
decision_type=2 2 2 2 2 2 2 2 2 2
left_child=5 2 -2 -3 9 -1 -7 -8 -9 -4
right_child=1 3 4 -5 -6 6 7 8 -10 -11
leaf_value=-0.00038207624023595024 -0.00099404812132453785 0.00072922258860553093 -8.3726695447694523e-06 -0.00015904471546513733 -0.00048752410943815182 0.00057286390143534884 -0.00043260123676455188 0.0006627163619550234 2.1102958424307873e-05 0.00052724057816455822
leaf_weight=22 23 23 40 41 31 31 31 23 250 22
leaf_count=22 23 23 40 41 31 31 31 23 250 22
internal_value=0 -9.14482e-05 -0.000230276 0.000160176 -4.13856e-05 4.61084e-05 7.42279e-05 2.33802e-05 7.51583e-05 0.000181684
internal_weight=0 180 116 64 93 357 335 304 273 62
internal_count=537 180 116 64 93 357 335 304 273 62
is_linear=0
shrinkage=0.1


Tree=603
num_leaves=8
num_cat=0
split_feature=20 24 53 14 33 89 46
split_gain=0.000244007 0.0011244 0.000421686 0.000401431 0.000342832 0.000845154 0.000771379
threshold=6.102536072598296 6.013712167051259 3.7870910720223336 6.3952602045833897 1.5890269151739731 0.56689715819657438 3.7132745361986528
decision_type=2 2 2 2 2 2 2
left_child=1 3 -2 4 5 -1 -6
right_child=2 -3 -4 -5 6 -7 -8
leaf_value=-4.7794468195033485e-06 -6.9169497830003053e-05 -0.00070695813122691349 0.00044030128774465995 0.00040781476582196774 -0.00037192303530621127 0.00067937849545041508 1.4293278358445784e-05
leaf_weight=84 33 23 32 24 65 23 253
leaf_count=84 33 23 32 24 65 23 253
internal_value=0 -2.50149e-05 0.000181647 9.91757e-06 -1.25519e-05 0.000142283 -6.46503e-05
internal_weight=0 472 65 449 425 107 318
internal_count=537 472 65 449 425 107 318
is_linear=0
shrinkage=0.1


Tree=604
num_leaves=6
num_cat=0
split_feature=84 45 37 30 64
split_gain=0.000209156 0.000328066 0.000371312 0.0003255 0.000270578
threshold=0.68497705806044296 6.5507496134458441 6.086764396227073 6.3835009281312063 6.1525314570900793
decision_type=2 2 2 2 2
left_child=1 2 3 4 -1
right_child=-2 -3 -4 -5 -6
leaf_value=1.5901300814234439e-05 -0.00025656153894184779 0.00036838895548135044 -0.00037071003999489434 0.0003614095072127664 -0.00033664755047420445
leaf_weight=407 30 25 26 26 23
leaf_count=407 30 25 26 26 23
internal_value=0 1.51812e-05 -3.13875e-06 1.78193e-05 -2.95596e-06
internal_weight=0 507 482 456 430
internal_count=537 507 482 456 430
is_linear=0
shrinkage=0.1


Tree=605
num_leaves=7
num_cat=0
split_feature=20 12 87 23 68 41
split_gain=0.000214198 0.000903651 0.000399121 0.000308058 0.000759268 0.000340337
threshold=6.102536072598296 6.0614542021347031 0.33941329381316571 5.9188794015264019 5.617552417379275 3.9316333620047872
decision_type=2 2 2 2 2 2
left_child=1 3 -2 4 5 -1
right_child=2 -3 -4 -5 -6 -7
leaf_value=6.3340183553570143e-05 -2.5710349582368508e-05 -0.00060851438983809203 0.00048363104470990949 -0.00026706116780563183 0.00046000392754697375 -0.00013526963943791891
leaf_weight=236 40 25 25 37 38 136
leaf_count=236 40 25 25 37 38 136
internal_value=0 -2.34372e-05 0.00017019 9.28523e-06 3.42238e-05 -9.26986e-06
internal_weight=0 472 65 447 410 372
internal_count=537 472 65 447 410 372
is_linear=0
shrinkage=0.1


Tree=606
num_leaves=10
num_cat=0
split_feature=27 44 23 53 101 42 30 41 102
split_gain=0.000208408 0.000824721 0.000358212 0.000411546 0.000440139 0.000266719 0.000719443 0.000538734 0.000265341
threshold=5.8550678171289681 6.1779096781959764 5.9188794015264019 3.1914737186377642 5.4929852296371777 5.9375327241700111 5.6524337755370313 3.9316333620047872 2.1383330595080281
decision_type=2 2 2 2 2 2 2 2 2
left_child=1 5 -2 -4 -5 6 7 -1 -7
right_child=2 -3 3 4 -6 8 -8 -9 -10
leaf_value=8.7640919783942608e-05 0.00048571272107603201 -0.00062689757912514992 -0.00024823810799716738 0.00051873153618847332 -8.0807197140529759e-05 0.00046877075523219029 -0.00051384469843469567 -0.00020097965329762379 -1.70021651270376e-05
leaf_weight=252 22 22 32 24 25 23 28 87 22
leaf_count=252 22 22 32 24 25 23 28 87 22
internal_value=0 -3.03489e-05 0.000127878 3.06884e-05 0.000212844 1.50561e-06 -2.66686e-05 1.35702e-05 0.000231282
internal_weight=0 434 103 81 49 412 367 339 45
internal_count=537 434 103 81 49 412 367 339 45
is_linear=0
shrinkage=0.1


Tree=607
num_leaves=8
num_cat=0
split_feature=14 16 99 92 21 18 14
split_gain=0.000216994 0.00127952 0.000571099 0.000611761 0.000337354 0.000242761 0.00055395
threshold=6.2557481997290569 5.9322416695047417 2.8314802400679731 5.335544688068329 5.3889778947782228 5.9026184029028368 5.7004379805808041
decision_type=2 2 2 2 2 2 2
left_child=1 4 -2 -4 5 6 -1
right_child=2 -3 3 -5 -6 -7 -8
leaf_value=1.8810088508311267e-06 0.00057106738702556044 -0.0007727310595906933 0.00030392130159752388 -0.00028367600115834156 0.00038194228166147422 0.00030340436034906738 -0.0004765855459621749
leaf_weight=349 23 22 34 37 23 23 26
leaf_count=349 23 22 34 37 23 23 26
internal_value=0 -2.92819e-05 0.000137999 -2.29138e-06 9.56822e-06 -1.19509e-05 -3.12927e-05
internal_weight=0 443 94 71 421 398 375
internal_count=537 443 94 71 421 398 375
is_linear=0
shrinkage=0.1


Tree=608
num_leaves=8
num_cat=0
split_feature=46 34 97 41 34 65 69
split_gain=0.000213866 0.000242003 0.000210724 0.000324418 0.000562042 0.000487539 0.000220404
threshold=7.0021555404279701 6.7320053855989617 6.2803888252062245 5.3518469026947413 5.609465086342035 4.7729671538175884 6.4577480043557882
decision_type=2 2 2 2 2 2 2
left_child=1 2 3 4 -1 -5 -4
right_child=-2 -3 6 5 -6 -7 -8
leaf_value=-3.8372008436908803e-05 -0.00026412935574249974 0.00033202408382709586 0.00043253914918750525 -0.00057397768611554061 0.00029752258385195679 -2.3281582429803707e-06 -1.5085060361095451e-05
leaf_weight=320 29 23 22 25 59 37 22
leaf_count=320 29 23 22 25 59 37 22
internal_value=0 1.50782e-05 4.78262e-08 -2.07728e-05 1.39177e-05 -0.000232832 0.000208727
internal_weight=0 508 485 441 379 62 44
internal_count=537 508 485 441 379 62 44
is_linear=0
shrinkage=0.1


Tree=609
num_leaves=7
num_cat=0
split_feature=34 0 69 79 42 89
split_gain=0.00020412 0.000234519 0.000250312 0.000275371 0.000521944 0.000344282
threshold=7.1966391559419423 6.4536138387458246 6.1789998885796011 4.0405828888627173 4.6913057964583187 0.67886022154788883
decision_type=2 2 2 2 2 2
left_child=1 2 3 5 -5 -1
right_child=-2 -3 -4 4 -6 -7
leaf_value=3.0535683064696038e-06 -0.00029145647751410372 0.00026292755800698484 -0.00029534023651649481 -0.00015211401764498724 0.00036269212629391675 -0.00036183515497084174
leaf_weight=338 23 35 28 31 54 28
leaf_count=338 23 35 28 31 54 28
internal_value=0 1.30418e-05 -5.21705e-06 1.2795e-05 0.000174939 -2.48614e-05
internal_weight=0 514 479 451 85 366
internal_count=537 514 479 451 85 366
is_linear=0
shrinkage=0.1


Tree=610
num_leaves=8
num_cat=0
split_feature=53 45 46 53 57 61 104
split_gain=0.000196405 0.00138932 0.000907373 0.000735714 0.000484507 0.000665749 0.000483425
threshold=0.70808679187955681 3.5549397315361362 5.7776091885802403 1.0098148431804506 1.7972813549905873 3.2319797818331266 0.8958797346140277
decision_type=2 2 2 2 2 2 2
left_child=1 -1 -3 -2 -5 -6 -7
right_child=3 2 -4 4 5 6 -8
leaf_value=0.00061317813734705043 -0.00055378817499149595 -0.00066359692339218511 0.00018408898156069753 0.00039185040698309117 -0.00041724276976683774 0.00041680358013504053 -1.6082364603922855e-05
leaf_weight=36 25 23 28 30 39 28 328
leaf_count=36 25 23 28 30 39 28 328
internal_value=0 0.000137542 -0.000198201 -2.65915e-05 4.42007e-06 -2.5005e-05 1.79648e-05
internal_weight=0 87 51 450 425 395 356
internal_count=537 87 51 450 425 395 356
is_linear=0
shrinkage=0.1


Tree=611
num_leaves=12
num_cat=0
split_feature=87 10 61 37 35 48 98 1 60 19 28
split_gain=0.000210522 0.000602296 0.00068076 0.000439806 0.00105383 0.000820584 0.00108081 0.000659165 0.00147549 0.00043318 0.000408686
threshold=0.5556069708080712 6.3062686269857116 1.7681961091660321 1.5890269151739731 1.5890269151739729 4.317399216745252 1.0397207708399181 1.0397207708399181 2.4531001379796868 3.891612008168019 4.7957563937576522
decision_type=2 2 2 2 2 2 2 2 2 2 2
left_child=3 2 -2 5 -5 6 -1 -6 -9 -4 -11
right_child=1 -3 9 4 7 -7 -8 8 -10 10 -12
leaf_value=-0.00038606180428557666 -0.00050738979011839553 -0.0005882581637706608 0.00041415446321479976 0.00074063456103549865 -0.00040641808882355693 -0.00051335198360519783 0.00056380286204512232 0.00087259431073272772 1.823327551552854e-05 -0.00030778115809692376 0.00025667968856514961
leaf_weight=23 22 22 31 23 30 38 25 22 249 29 23
leaf_count=23 22 22 31 23 30 38 25 22 249 29 23
internal_value=0 -0.0001125 -1.28172e-05 3.48475e-05 8.82074e-05 -0.000166183 0.000108659 3.83542e-05 8.7591e-05 0.000118274 -5.81158e-05
internal_weight=0 127 105 410 324 86 48 301 271 83 52
internal_count=537 127 105 410 324 86 48 301 271 83 52
is_linear=0
shrinkage=0.1


Tree=612
num_leaves=10
num_cat=0
split_feature=55 55 54 70 70 2 17 83 101
split_gain=0.000201544 0.00133081 0.000806556 0.000482751 0.000603107 0.00044092 0.000364342 0.000453937 0.000510468
threshold=5.6346875519391793 5.3706272113530096 5.5797227059640084 5.0254693599897049 4.8536436507203797 4.9089648320872419 4.9052473428434826 1.6722123103789051 5.5872416446462791
decision_type=2 2 2 2 2 2 2 2 2
left_child=1 3 -2 4 5 -1 -4 8 -8
right_child=2 -3 6 -5 -6 -7 7 -9 -10
leaf_value=-5.4217420385861876e-05 0.00060470337949272322 -0.00075944752849560861 -0.00026578087172789594 0.00044286389062714689 -0.0005044471346385156 0.00021662969937793087 0.00023426197228893159 0.00044588843172985236 -0.00034942521125575979
leaf_weight=233 26 24 38 24 24 81 31 27 29
leaf_count=233 26 24 38 24 24 81 31 27 29
internal_value=0 -3.83171e-05 9.79496e-05 9.49268e-06 -2.12792e-05 1.56508e-05 -7.45516e-06 0.000105377 -4.78535e-05
internal_weight=0 386 151 362 338 314 125 87 60
internal_count=537 386 151 362 338 314 125 87 60
is_linear=0
shrinkage=0.1


Tree=613
num_leaves=9
num_cat=0
split_feature=34 68 89 95 53 68 103 103
split_gain=0.000183364 0.000200015 0.0010223 0.0012485 0.00189996 0.000897509 0.000442076 0.000376736
threshold=6.9527121927165378 4.6102843803351883 0.65914310820012523 1.0397207708399181 0.70808679187955681 4.8074719518177291 1.0397207708399181 4.1510089048756029
decision_type=2 2 2 2 2 2 2 2
left_child=1 2 3 -1 -5 -3 -7 -8
right_child=-2 5 -4 4 -6 6 7 -9
leaf_value=-0.00068043944629607727 -0.00023608273646283536 0.00053441797372215665 -0.00064807475844540587 0.00086979255387892155 -4.155487077077851e-05 -0.00034612811105034781 0.00029681316928519886 -1.4513025985735944e-05
leaf_weight=22 31 36 26 28 125 32 49 188
leaf_count=22 31 36 26 28 125 32 49 188
internal_value=0 1.44636e-05 -6.2984e-05 2.39438e-05 0.000125228 6.55028e-05 2.74832e-06 4.9854e-05
internal_weight=0 506 201 175 153 305 269 237
internal_count=537 506 201 175 153 305 269 237
is_linear=0
shrinkage=0.1


Tree=614
num_leaves=13
num_cat=0
split_feature=27 35 21 21 30 49 25 23 87 3 14 87
split_gain=0.000196907 0.00105301 0.000918578 0.00065522 0.00134278 0.00152914 0.000634459 0.00096098 0.00113827 0.000649339 0.000572217 0.000667174
threshold=1.5890269151739729 1.0397207708399181 1.0397207708399181 2.3502401828962087 4.5746578350692051 3.0433873634561537 4.0428973506407848 5.2806591939842535 0.12008433422675381 4.8121513051691478 4.0247135285553481 0.54204409296411105
decision_type=2 2 2 2 2 2 2 2 2 2 2 2
left_child=1 2 -1 4 5 -2 10 8 -8 -9 -5 -12
right_child=3 -3 -4 6 -6 -7 7 9 -10 -11 11 -13
leaf_value=0.0001847597653977573 -0.0012368508148938419 0.00054156476785704544 -0.000595728599379072 0.00067226250640764517 0.0002412011238837814 -7.0699904640407677e-05 3.545379405273352e-05 0.00050627121371658651 -0.00070525040088493076 -1.2383914003698415e-05 -8.4651626106310772e-05 0.00051879635265558374
leaf_weight=38 22 38 25 23 28 23 41 29 42 144 57 27
leaf_count=38 22 38 25 23 28 23 41 29 42 144 57 27
internal_value=0 0.000125813 -0.000124958 -2.91448e-05 -0.000302509 -0.000640818 2.58294e-05 -5.96419e-05 -0.00033936 7.45583e-05 0.000230321 0.000109314
internal_weight=0 101 63 436 73 45 363 256 83 173 107 84
internal_count=537 101 63 436 73 45 363 256 83 173 107 84
is_linear=0
shrinkage=0.1


Tree=615
num_leaves=8
num_cat=0
split_feature=100 28 100 68 88 14 25
split_gain=0.000209905 0.000822119 0.000670675 0.000886222 0.000508775 0.00100965 0.000610285
threshold=6.1158701961393769 2.602003343538398 6.380116791391317 3.7999052716092487 0.52321968561337051 3.2180751841847144 3.0201273556387074
decision_type=2 2 2 2 2 2 2
left_child=1 -1 -2 -4 5 -5 -6
right_child=2 -3 3 4 6 -7 -8
leaf_value=0.00058032396094252661 -0.00050553815967128285 -0.00018647294611959109 0.00059885096464616563 -0.00061226461125029762 0.00056459773352669025 -2.8509921026727234e-05 2.1265157648727677e-05
leaf_weight=27 27 29 24 33 28 290 79
leaf_count=27 27 29 24 33 28 290 79
internal_value=0 0.000183233 -2.13327e-05 7.46365e-06 -2.5544e-05 -8.81505e-05 0.000163446
internal_weight=0 56 481 454 430 323 107
internal_count=537 56 481 454 430 323 107
is_linear=0
shrinkage=0.1


Tree=616
num_leaves=7
num_cat=0
split_feature=47 34 31 34 40 38
split_gain=0.000189948 0.000232194 0.000240133 0.000226952 0.00116636 0.000761506
threshold=6.4876828601347034 6.5889255315107418 6.1246809968142868 5.2203412156610947 4.6727851606181448 5.1416464569318583
decision_type=2 2 2 2 2 2
left_child=1 2 3 5 -5 -1
right_child=-2 -3 -4 4 -6 -7
leaf_value=1.604026868549494e-05 -0.00023626551846973599 0.00029484335412105012 -0.00031668927075098391 0.00059399949225878929 -4.5031737991730155e-05 -0.0005230188777580946
leaf_weight=272 32 28 23 38 115 29
leaf_count=272 32 28 23 38 115 29
internal_value=0 1.49713e-05 -1.45727e-06 1.45126e-05 0.000113682 -3.58957e-05
internal_weight=0 505 477 454 153 301
internal_count=537 505 477 454 153 301
is_linear=0
shrinkage=0.1


Tree=617
num_leaves=8
num_cat=0
split_feature=100 104 100 68 88 14 33
split_gain=0.000169784 0.000844612 0.000527797 0.000714482 0.000407035 0.000822307 0.00051212
threshold=6.1158701961393769 1.0986122886681102 6.380116791391317 3.7999052716092487 0.52321968561337051 3.2180751841847144 3.3667009459186801
decision_type=2 2 2 2 2 2 2
left_child=1 -1 -2 -4 5 -5 -6
right_child=2 -3 3 4 6 -7 -8
leaf_value=-0.00017153661719930826 -0.00044872942035672841 0.00061323281988734379 0.0005373618418767971 -0.00055227205492414989 0.00048068966814298621 -2.5451934952798186e-05 2.860843553207815e-06
leaf_weight=32 27 24 24 33 32 290 75
leaf_count=32 27 24 24 33 32 290 75
internal_value=0 0.000164793 -1.91859e-05 6.35964e-06 -2.32777e-05 -7.92757e-05 0.000145763
internal_weight=0 56 481 454 430 323 107
internal_count=537 56 481 454 430 323 107
is_linear=0
shrinkage=0.1


Tree=618
num_leaves=11
num_cat=0
split_feature=31 17 35 87 104 24 3 17 16 34
split_gain=0.000178277 0.00100358 0.000364307 0.000371854 0.000558632 0.000554296 0.000517764 0.000308954 0.000684834 0.000719132
threshold=5.379886735236628 5.3518469026947413 5.5412558557490508 0.40047294585684995 2.9174053685313028 6.0426074438783575 4.9199542854466296 4.9052473428434826 5.2932921986212866 5.609465086342035
decision_type=2 2 2 2 2 2 2 2 2 2
left_child=1 7 -2 4 6 -6 -4 8 9 -1
right_child=2 -3 3 -5 5 -7 -8 -9 -10 -11
leaf_value=-2.5066883092768633e-05 0.0004213769504632283 -0.00067885041008475646 8.1820944615174089e-07 0.00031013526193633239 0.00047374908192848253 -0.0001970085976857015 -0.00058800868594387017 0.00034950664867210439 -0.00053622825447140101 0.00056925616035269659
leaf_weight=273 27 23 32 34 28 22 28 24 24 22
leaf_count=273 27 23 32 34 28 22 28 24 24 22
internal_value=0 -3.93839e-05 8.42953e-05 2.10925e-05 -6.8248e-05 0.000178616 -0.000273968 3.4958e-06 -2.25364e-05 1.92555e-05
internal_weight=0 366 171 144 110 50 60 343 319 295
internal_count=537 366 171 144 110 50 60 343 319 295
is_linear=0
shrinkage=0.1


Tree=619
num_leaves=9
num_cat=0
split_feature=60 60 58 63 92 53 72 35
split_gain=0.000181768 0.00137218 0.000584398 0.000412359 0.000391872 0.000340415 0.000633642 0.000336532
threshold=5.895726080410733 5.71164874292145 5.8081379809465954 5.9558239461055011 5.335544688068329 3.7208390992280616 0.65846021024042301 2.524928003624769
decision_type=2 2 2 2 2 2 2 2
left_child=1 3 -2 5 -4 6 -1 -7
right_child=2 -3 4 -5 -6 7 -8 -9
leaf_value=-2.1169558057232254e-05 0.00046648306438741701 -0.00070566343396356911 0.00024237373516935523 0.00032730944419596107 -0.00023329577166424672 -0.00048423677186032623 0.00044321831698074352 -2.1991279941681164e-05
leaf_weight=268 33 28 29 39 43 28 33 36
leaf_count=268 33 28 29 39 43 28 33 36
internal_value=0 -2.8683e-05 0.00011801 1.82364e-05 -4.17067e-05 -1.47878e-05 2.97434e-05 -0.000224224
internal_weight=0 432 105 404 72 365 301 64
internal_count=537 432 105 404 72 365 301 64
is_linear=0
shrinkage=0.1


Tree=620
num_leaves=10
num_cat=0
split_feature=15 43 48 44 23 86 48 86 49
split_gain=0.000177728 0.00119345 0.00116028 0.0014062 0.00069345 0.000616036 0.000549418 0.000776258 0.000567754
threshold=1.9356005054539456 4.0773937863842606 4.317399216745252 2.602003343538398 1.9356005054539456 0.67560729503369699 4.5325416796595226 0.54205585727546068 4.4187680230537838
decision_type=2 2 2 2 2 2 2 2 2
left_child=1 2 3 -1 -2 6 7 -6 -8
right_child=4 -3 -4 -5 5 -7 8 -9 -10
leaf_value=-0.00041505525948903394 0.00048516768982799187 0.00049966614542063328 -0.00078865374234737828 0.00058594625360970187 -7.2114825732820344e-05 0.00039422830619774429 0.00045956944786667013 -0.00061627983614016564 -4.9569194350231166e-06
leaf_weight=36 31 25 30 23 145 35 32 32 148
leaf_count=36 31 25 30 23 145 35 32 32 148
internal_value=0 -0.000110817 -0.000282302 -2.48343e-05 2.98657e-05 -6.14035e-06 -4.53922e-05 -0.000170495 7.76255e-05
internal_weight=0 114 89 59 423 392 357 177 180
internal_count=537 114 89 59 423 392 357 177 180
is_linear=0
shrinkage=0.1


Tree=621
num_leaves=10
num_cat=0
split_feature=35 33 0 49 64 41 48 64 20
split_gain=0.000179852 0.000627143 0.000425421 0.000244852 0.000759406 0.000719463 0.000717546 0.00211857 0.00100612
threshold=6.1861747525776369 5.6021120126471873 4.7621374077860157 3.0433873634561537 2.5323512576832665 5.2310943182715759 2.191013317336941 2.92225506707566 1.0397207708399181
decision_type=2 2 2 2 2 2 2 2 2
left_child=1 3 -2 6 -5 -6 8 -8 -1
right_child=2 -3 -4 4 5 -7 7 -9 -10
leaf_value=0.00059717249633053904 -0.00011603950039932021 -0.00040961753425347667 0.00043555808109070723 0.00063971276606687093 -4.2448821698404635e-05 0.00049035979639578222 -0.0010638176705688239 5.2945624992269515e-05 -8.5990867239074548e-05
leaf_weight=29 27 38 29 22 201 29 25 53 84
leaf_count=29 27 38 29 22 201 29 25 53 84
internal_value=0 -1.97466e-05 0.000169609 1.3696e-05 7.84202e-05 2.47314e-05 -7.16992e-05 -0.000304991 8.93342e-05
internal_weight=0 481 56 443 252 230 191 78 113
internal_count=537 481 56 443 252 230 191 78 113
is_linear=0
shrinkage=0.1


Tree=622
num_leaves=12
num_cat=0
split_feature=34 88 104 104 34 15 45 68 2 1 6
split_gain=0.000177727 0.000270754 0.000862547 0.000849034 0.000911651 0.000831816 0.00197533 0.000912689 0.000632613 0.000833995 0.000418165
threshold=7.1966391559419423 0.32237371114682284 1.0000000180025095e-35 0.34657359027997264 4.7790881836238563 1.9356005054539456 1.8688348091416844 4.1161053560792729 4.8121513051691478 3.1132683346437333 5.1761337726651186
decision_type=2 2 2 2 2 2 2 2 2 2 2
left_child=1 3 -3 4 -1 6 -5 -7 9 -4 -10
right_child=-2 2 8 5 -6 7 -8 -9 10 -11 -12
leaf_value=9.8836555315012284e-07 -0.00027196160213940819 -0.0006057840675465641 -4.1464805104220035e-05 0.00026073995499505793 0.0008921904448167576 0.0007013764531372793 -0.00091680904011370553 2.2268344133029823e-05 -0.00051071731935129112 0.0007195628473558221 -3.5469009212029945e-05
leaf_weight=22 23 27 36 28 24 22 29 197 24 24 81
leaf_count=22 23 27 36 28 24 22 29 197 24 24 81
internal_value=0 1.21695e-05 -8.18208e-05 6.82134e-05 0.000465963 1.92175e-06 -0.000338364 9.04893e-05 3.91861e-06 0.000262946 -0.000144097
internal_weight=0 514 192 322 46 276 57 219 165 60 105
internal_count=537 514 192 322 46 276 57 219 165 60 105
is_linear=0
shrinkage=0.1


Tree=623
num_leaves=11
num_cat=0
split_feature=31 35 29 29 20 13 31 21 23 89
split_gain=0.000185989 0.00144397 0.000393154 0.000999518 0.000610004 0.00051584 0.000316669 0.000630112 0.000472548 0.000399986
threshold=5.5412558557490508 5.4424083402947536 4.5107991236896536 4.1266138227908868 5.4337124689388192 4.4425820475484112 5.8550678171289681 5.6021120126471873 6.5805920052681364 0.028591544580249383
decision_type=2 2 2 2 2 2 2 2 2 2
left_child=1 2 3 5 -4 -1 9 -8 -9 -2
right_child=6 -3 4 -5 -6 -7 7 8 -10 -11
leaf_value=5.7342552873760107e-05 0.00056076820038907947 -0.00082375183278186762 -0.00057470119381495925 0.00063582979718274958 9.147157231512081e-05 -0.00031561049310601611 -0.00034442587558361189 0.00039932690355598408 -0.00013912737901721682 -6.7264858997710377e-06
leaf_weight=236 27 22 27 27 28 44 36 39 28 23
leaf_count=236 27 22 27 27 28 44 36 39 28 23
internal_value=0 -3.71481e-05 1.06565e-05 5.47667e-05 -0.000235559 -1.26435e-06 9.32345e-05 -7.00145e-06 0.000174301 0.000299721
internal_weight=0 384 362 307 55 280 153 103 67 50
internal_count=537 384 362 307 55 280 153 103 67 50
is_linear=0
shrinkage=0.1


Tree=624
num_leaves=9
num_cat=0
split_feature=45 26 2 10 18 31 18 0
split_gain=0.000178664 0.000595797 0.000216035 0.000807346 0.000627523 0.00174601 0.00103401 0.000471651
threshold=6.6957064688540546 6.8053391632106601 5.1179758838799021 5.0688844241303981 4.5746578350692051 3.2180751841847144 4.3693677306817369 4.6346818562128229
decision_type=2 2 2 2 2 2 2 2
left_child=1 2 4 -4 6 -6 -1 -5
right_child=-2 -3 3 7 5 -7 -8 -9
leaf_value=-3.3954593360347083e-05 0.00027267753764096162 -0.00046074704899053489 0.00061110089714370248 -0.00038786667294334623 -0.00096951592058758251 4.8793121499733795e-07 0.00064948872856733107 7.8605355908615714e-05
leaf_weight=149 23 28 26 25 25 72 26 163
leaf_count=149 23 28 26 25 25 72 26 163
internal_value=0 -1.22015e-05 1.36406e-05 8.88067e-05 -4.54974e-05 -0.000249513 6.75856e-05 1.65745e-05
internal_weight=0 514 486 214 272 97 175 188
internal_count=537 514 486 214 272 97 175 188
is_linear=0
shrinkage=0.1


Tree=625
num_leaves=8
num_cat=0
split_feature=100 2 61 56 101 50 101
split_gain=0.000180155 0.000810964 0.000462039 0.000377725 0.00039749 0.00119256 0.000915309
threshold=6.1158701961393769 2.3937458713910238 1.485470976066027 2.6208735075298217 3.7609296261008152 5.335105210377197 3.9701138825728512
decision_type=2 2 2 2 2 2 2
left_child=1 -1 -2 -4 5 -5 -6
right_child=2 -3 3 4 6 -7 -8
leaf_value=-0.000197437100961969 -0.00039977288370816194 0.00056414003936677349 0.00030296578878709953 -3.3282180357541352e-05 0.00058908011643714949 -0.0008357785975518213 -1.4455852874097942e-05
leaf_weight=29 30 27 39 117 28 22 245
leaf_count=29 30 27 39 117 28 22 245
internal_value=0 0.000169752 -1.97632e-05 5.51459e-06 -2.26422e-05 -0.000160296 4.74453e-05
internal_weight=0 56 481 451 412 139 273
internal_count=537 56 481 451 412 139 273
is_linear=0
shrinkage=0.1


Tree=626
num_leaves=7
num_cat=0
split_feature=26 47 43 30 46 34
split_gain=0.000190036 0.000449154 0.000295084 0.000272032 0.000700063 0.00063309
threshold=7.0021555404279701 6.2897000812552255 5.9788825602762081 5.6524337755370313 5.2469686674288658 5.9026184029028368
decision_type=2 2 2 2 2 2
left_child=1 2 3 4 -1 -5
right_child=-2 -3 -4 5 -6 -7
leaf_value=-3.1170901689945266e-05 0.0002489795233925869 -0.00035468850110191856 0.00030494763082060676 -0.00053954542313780019 0.00035492274690633558 1.8594870787291302e-05
leaf_weight=291 29 36 32 30 56 63
leaf_count=291 29 36 32 30 56 63
internal_value=0 -1.42134e-05 1.1755e-05 -9.56806e-06 3.11382e-05 -0.00016145
internal_weight=0 508 472 440 347 93
internal_count=537 508 472 440 347 93
is_linear=0
shrinkage=0.1


Tree=627
num_leaves=6
num_cat=0
split_feature=65 65 65 67 104
split_gain=0.000185394 0.000483112 0.000487128 0.000435104 0.000369087
threshold=1.6283470507525168 2.1347476817907398 2.6956991166248234 4.5746578350692051 0.8958797346140277
decision_type=2 2 2 2 2
left_child=-1 -2 -3 -4 -5
right_child=1 2 3 4 -6
leaf_value=0.00020711358105472756 -0.00038049751058090756 0.0004586835033083132 -0.00044686120904357678 0.00027994623410955275 -2.3227836322742382e-05
leaf_weight=40 34 23 22 45 373
leaf_count=40 34 23 22 45 373
internal_value=0 -1.66691e-05 1.00483e-05 -1.34031e-05 9.41052e-06
internal_weight=0 497 463 440 418
internal_count=537 497 463 440 418
is_linear=0
shrinkage=0.1


Tree=628
num_leaves=11
num_cat=0
split_feature=104 10 57 10 45 36 104 101 97 2
split_gain=0.000181335 0.0010205 0.00094415 0.000542311 0.000422232 0.00120029 0.000885295 0.000329974 0.000306064 0.000255427
threshold=3.1345481418531311 6.1158701961393769 4.0723967577711875 5.8888741216379641 2.9174053685313028 1.0397207708399181 0.34657359027997264 6.1922600203877645 5.9584213545440532 6.5352317916717775
decision_type=2 2 2 2 2 2 2 2 2 2
left_child=1 3 -2 4 5 -1 -6 8 -4 -10
right_child=2 -3 7 -5 6 -7 -8 -9 9 -11
leaf_value=-0.00030607553853542415 0.00049515064830692223 -0.00068160977085505656 -0.00040459598972120148 0.00048640453195813202 0.00024722654949679661 0.00028921502231934852 -0.00024867179461378125 0.00025733542521872246 0.00021504757530055939 -0.00025215022952496921
leaf_weight=50 42 23 32 22 48 105 144 24 25 22
leaf_count=50 42 23 32 22 48 105 144 24 25 22
internal_value=0 -3.53423e-05 9.55461e-05 4.93994e-06 -2.55852e-05 9.71858e-05 -0.000124697 -6.73994e-05 -0.000166053 -3.64076e-06
internal_weight=0 392 145 369 347 155 192 103 79 47
internal_count=537 392 145 369 347 155 192 103 79 47
is_linear=0
shrinkage=0.1


Tree=629
num_leaves=8
num_cat=0
split_feature=40 47 17 65 67 89 21
split_gain=0.000190718 0.00057865 0.000219639 0.00134717 0.00126851 0.000828342 0.000481471
threshold=6.6707012585667238 6.2897000812552255 1.8688348091416844 1.6085863662850206 3.2180751841847144 0.35192794872177058 2.9174053685313028
decision_type=2 2 2 2 2 2 2
left_child=1 2 3 -1 -4 -5 -6
right_child=-2 -3 4 5 6 -7 -8
leaf_value=-0.00079275294822013097 0.00026419955393066632 -0.00044727518688887359 0.00072503576760097471 -0.00013977625443974671 -0.00027658906788620132 0.00047577749646734448 5.2197431682788028e-05
leaf_weight=23 26 29 26 69 53 32 279
leaf_count=23 26 29 26 69 53 32 279
internal_value=0 -1.34426e-05 1.26593e-05 -0.00010204 5.23877e-05 5.52507e-05 -2.8957e-07
internal_weight=0 511 482 124 358 101 332
internal_count=537 511 482 124 358 101 332
is_linear=0
shrinkage=0.1


Tree=630
num_leaves=7
num_cat=0
split_feature=47 46 44 88 65 38
split_gain=0.00018494 0.000479724 0.000248715 0.000296654 0.00083399 0.000640719
threshold=6.6950642080078762 6.5220754968327581 6.0185902545239411 0.32237371114682284 1.6283470507525168 4.3303869599468818
decision_type=2 2 2 2 2 2
left_child=1 2 3 4 -1 -5
right_child=-2 -3 -4 5 -6 -7
leaf_value=0.00062130387498958353 0.00028393599654505538 -0.00037514483967029 0.0002742618609130766 0.00015104541900476105 4.2765377925043797e-06 -0.00025238778042556669
leaf_weight=24 22 34 34 61 251 111
leaf_count=24 22 34 34 61 251 111
internal_value=0 -1.21293e-05 1.35308e-05 -6.30105e-06 5.81262e-05 -0.00010931
internal_weight=0 515 481 447 275 172
internal_count=537 515 481 447 275 172
is_linear=0
shrinkage=0.1


Tree=631
num_leaves=6
num_cat=0
split_feature=11 26 30 26 45
split_gain=0.000177386 0.000366555 0.000265747 0.000172992 0.000211845
threshold=6.6950642080078762 6.8053391632106601 6.4952609922484532 6.3007841113004242 4.0428973506407848
decision_type=2 2 2 2 2
left_child=1 2 3 4 -1
right_child=-2 -3 -4 -5 -6
leaf_value=-5.1156732024883455e-05 0.00027807704741876065 -0.00037775480573495424 0.0003320639974845108 -0.00025980264651409996 9.0587975136135026e-05
leaf_weight=263 22 26 24 26 176
leaf_count=263 22 26 24 26 176
internal_value=0 -1.1879e-05 7.5745e-06 -9.17335e-06 5.6703e-06
internal_weight=0 515 489 465 439
internal_count=537 515 489 465 439
is_linear=0
shrinkage=0.1


Tree=632
num_leaves=6
num_cat=0
split_feature=35 26 42 40 41
split_gain=0.000177527 0.000477878 0.000174902 0.000196039 0.000311773
threshold=6.6950642080078762 6.8053391632106601 6.5889255315107418 6.0185902545239411 5.2310943182715759
decision_type=2 2 2 2 2
left_child=1 2 3 4 -1
right_child=-2 -3 -4 -5 -6
leaf_value=-1.5270488151435318e-05 0.00027818709019232881 -0.0004574100932349329 0.00027223220534627521 -0.00023579323139582653 0.0002627540552445377
leaf_weight=389 22 23 24 34 45
leaf_count=389 22 23 24 34 45
internal_value=0 -1.18837e-05 8.94373e-06 -4.55824e-06 1.35569e-05
internal_weight=0 515 492 468 434
internal_count=537 515 492 468 434
is_linear=0
shrinkage=0.1


Tree=633
num_leaves=6
num_cat=0
split_feature=26 47 57 52 18
split_gain=0.000192972 0.000386969 0.000169776 0.000567548 0.000303118
threshold=7.0021555404279701 6.4167269426572506 1.0000000180025095e-35 1.7005986908310777 3.1345481418531311
decision_type=2 2 2 2 2
left_child=1 2 -1 -4 -5
right_child=-2 -3 3 4 -6
leaf_value=0.00020674500263293083 0.00025089546989906454 -0.00037568903499050069 -0.00045515140604779678 0.00022793283470352854 -1.684135407833284e-05
leaf_weight=39 29 28 27 59 355
leaf_count=39 29 28 27 59 355
internal_value=0 -1.43228e-05 6.75692e-06 -1.09291e-05 1.80419e-05
internal_weight=0 508 480 441 414
internal_count=537 508 480 441 414
is_linear=0
shrinkage=0.1


Tree=634
num_leaves=9
num_cat=0
split_feature=27 33 23 86 18 86 60 61
split_gain=0.00017168 0.000550111 0.00023848 0.000324037 0.000301404 0.000211608 0.000409792 0.000711468
threshold=5.8550678171289681 5.6021120126471873 5.9188794015264019 0.54205585727546068 6.640841196316484 0.68476950597767339 0.91126556394740443 1.6600138229157391
decision_type=2 2 2 2 2 2 2 2
left_child=1 5 -2 4 -4 6 -1 -8
right_child=2 -3 3 -5 -6 -7 7 -9
leaf_value=0.00040753777907229959 0.00040803464097817515 -0.00051475674607156022 -4.4044151229994192e-05 -0.0002714746773619936 0.00041763908846825456 -0.00029626141793256543 -0.00043300135865946592 3.5315998421515917e-05
leaf_weight=25 22 22 31 24 26 23 36 328
leaf_count=25 22 22 31 24 26 23 36 328
internal_value=0 -2.75452e-05 0.000116064 3.67636e-05 0.000166548 -1.52905e-06 1.58973e-05 -1.10011e-05
internal_weight=0 434 103 81 57 412 389 364
internal_count=537 434 103 81 57 412 389 364
is_linear=0
shrinkage=0.1


Tree=635
num_leaves=8
num_cat=0
split_feature=47 46 23 31 89 27 86
split_gain=0.000166889 0.000405178 0.000198933 0.00126581 0.000777021 0.000518013 0.000418564
threshold=6.6950642080078762 6.5220754968327581 1.5890269151739729 1.9356005054539456 0.55227231719656278 1.5890269151739729 0.67560729503369699
decision_type=2 2 2 2 2 2 2
left_child=1 2 3 4 -1 -4 -7
right_child=-2 -3 5 -5 -6 6 -8
leaf_value=-0.00011993095749692823 0.00026972398997961796 -0.00034514226853763619 0.00048501743977112709 -0.00076444477877964318 0.00058325323797444901 -1.878563529305875e-05 0.00037154839529345436
leaf_weight=55 22 34 25 23 22 326 30
leaf_count=55 22 34 25 23 22 326 30
internal_value=0 -1.15222e-05 1.20601e-05 -0.000113469 8.09788e-05 4.50073e-05 1.41077e-05
internal_weight=0 515 481 100 77 381 356
internal_count=537 515 481 100 77 381 356
is_linear=0
shrinkage=0.1


Tree=636
num_leaves=10
num_cat=0
split_feature=31 25 31 21 19 20 13 76 2
split_gain=0.000161318 0.000958625 0.000522384 0.000451562 0.000400553 0.000288668 0.000482419 0.000683048 0.000523055
threshold=5.6869696108313716 5.2417330174952186 5.8550678171289681 5.6021120126471873 6.1484317689059056 5.5052984857290932 4.4425820475484112 0.79076816748141088 5.1179758838799021
decision_type=2 2 2 2 2 2 2 2 2
left_child=1 5 -2 -4 -5 6 8 -8 -1
right_child=2 -3 3 4 -6 -7 7 -9 -10
leaf_value=-2.5795391063403603e-05 0.00051863088992831763 -0.00060640841364619077 -0.00028506494773965744 0.00048134151244691269 -2.8608144202735278e-05 0.00028384558324302947 -0.00053568898212305572 0.00012948787804746713 0.00032510786264678109
leaf_weight=232 24 27 36 24 43 35 38 26 52
leaf_count=232 24 27 36 24 43 35 38 26 52
internal_value=0 -3.05045e-05 9.84791e-05 5.79689e-07 0.00015406 1.00945e-05 -1.7438e-05 -0.000265461 3.84545e-05
internal_weight=0 410 127 103 67 383 348 64 284
internal_count=537 410 127 103 67 383 348 64 284
is_linear=0
shrinkage=0.1


Tree=637
num_leaves=10
num_cat=0
split_feature=34 2 55 0 101 2 10 96 48
split_gain=0.000172567 0.000197401 0.000651311 0.000612404 0.000520191 0.000457614 0.0009113 0.000864 0.000646432
threshold=7.1966391559419423 5.1179758838799021 4.317399216745252 4.6346818562128229 4.8441560854355483 4.6586997221347959 4.791641144189394 4.6913057964583187 4.7621374077860157
decision_type=2 2 2 2 2 2 2 2 2
left_child=1 5 -3 -4 -5 7 -7 8 -1
right_child=-2 2 3 4 -6 6 -8 -9 -10
leaf_value=3.9026073633018271e-05 -0.00026798468214743161 0.00059737573706529067 -0.00046150208293946218 0.00033153552033319888 -2.5642960628663953e-05 -0.00063791172553251006 7.9254198804060383e-05 0.00055753735807094799 -0.00045664282390589506
leaf_weight=148 23 22 23 59 132 34 37 27 32
leaf_count=148 23 22 23 59 132 34 37 27 32
internal_value=0 1.19915e-05 7.92519e-05 2.59868e-05 8.46897e-05 -4.51072e-05 -0.000264177 3.00328e-05 -4.90928e-05
internal_weight=0 514 236 214 191 278 71 207 180
internal_count=537 514 236 214 191 278 71 207 180
is_linear=0
shrinkage=0.1


Tree=638
num_leaves=6
num_cat=0
split_feature=40 41 26 25 24
split_gain=0.000161217 0.000536362 0.000213808 0.000285324 0.000283964
threshold=6.6707012585667238 6.3314765202922478 6.5352317916717775 5.5052984857290932 5.8259609485129049
decision_type=2 2 2 2 2
left_child=1 2 3 4 -1
right_child=-2 -3 -4 -5 -6
leaf_value=-5.4902229027886781e-06 0.00024290845971196317 -0.00049537555632096807 0.00027767668065540159 -0.00028572484700228364 0.00033553539145102083
leaf_weight=401 26 22 28 34 26
leaf_count=401 26 22 28 34 26
internal_value=0 -1.23593e-05 9.37146e-06 -6.92474e-06 1.52748e-05
internal_weight=0 511 489 461 427
internal_count=537 511 489 461 427
is_linear=0
shrinkage=0.1


Tree=639
num_leaves=9
num_cat=0
split_feature=30 42 100 95 104 100 104 11
split_gain=0.000157683 0.000208132 0.000183778 0.00102516 0.0019439 0.000494657 0.0010336 0.000305626
threshold=7.0021555404279701 6.6883353279854534 6.6694175608141011 2.191013317336941 1.0986122886681102 7.3287612361611201 1.0986122886681102 4.2045812236012674
decision_type=2 2 2 2 2 2 2 2
left_child=1 2 3 4 -1 6 -4 -7
right_child=-2 -3 5 -5 -6 7 -8 -9
leaf_value=-0.00052217942016838164 -0.00022679759291851701 0.00030039210675264862 7.2296163167006206e-05 0.00067504381854087111 0.00044634735328145329 0.00018436101315195247 -0.00074284716205771223 -4.1260527672389366e-05
leaf_weight=43 29 24 35 25 40 81 28 232
leaf_count=43 29 24 35 25 40 81 28 232
internal_value=0 1.29471e-05 -1.30636e-06 0.000113669 -5.54195e-05 -3.43313e-05 -0.00028999 1.71272e-05
internal_weight=0 508 484 108 83 376 63 313
internal_count=537 508 484 108 83 376 63 313
is_linear=0
shrinkage=0.1


Tree=640
num_leaves=7
num_cat=0
split_feature=11 26 30 38 100 42
split_gain=0.000161062 0.000326177 0.00022124 0.000162395 0.000716665 0.000540434
threshold=6.6950642080078762 6.8053391632106601 6.4952609922484532 5.081385075233106 6.1158701961393769 5.1179758838799021
decision_type=2 2 2 2 2 2
left_child=1 2 3 4 -1 -5
right_child=-2 -3 -4 5 -6 -7
leaf_value=0.00044372426816966925 0.00026497317766453228 -0.00035645545000219359 0.00030310390357044529 -0.00053425489003648577 -2.3669570649265857e-05 -1.6640382461734656e-05
leaf_weight=38 22 26 24 23 240 164
leaf_count=38 22 26 24 23 240 164
internal_value=0 -1.13192e-05 7.03156e-06 -8.24959e-06 4.02188e-05 -8.03042e-05
internal_weight=0 515 489 465 278 187
internal_count=537 515 489 465 278 187
is_linear=0
shrinkage=0.1


Tree=641
num_leaves=12
num_cat=0
split_feature=87 87 2 48 87 64 15 69 42 44 86
split_gain=0.000157051 0.000492885 0.000566239 0.000734323 0.000431276 0.00109533 0.00100661 0.000488388 0.000473306 0.0011267 0.000637834
threshold=0.5556069708080712 0.62972296850805487 4.9415403713792339 5.4337124689388192 0.29892500444997194 3.3876830454681959 5.1298812082267613 1.9861700465439536 3.2180751841847144 1.5890269151739729 0.59222352234340792
decision_type=2 2 2 2 2 2 2 2 2 2 2
left_child=4 -2 -3 -4 7 -6 -7 -1 9 -9 -10
right_child=1 2 3 -5 5 6 -8 8 10 -11 -12
leaf_value=-0.00042860701679374967 -0.00038248523269430735 -0.00026354634933846275 0.00067180308663449505 -9.7119820754785373e-05 0.0008205869235098362 -0.00041308380274005744 0.00041313786035364802 -0.0001418072167628755 5.1676531036215982e-05 0.00081064447143074612 -0.00031597943115417685
leaf_weight=27 41 36 23 27 23 29 30 27 188 23 63
leaf_count=27 41 36 23 27 23 29 30 27 188 23 63
internal_value=0 -9.71679e-05 3.88554e-05 0.000256585 3.00984e-05 0.000235222 7.02891e-06 -2.11826e-05 1.53638e-05 0.000296321 -4.06037e-05
internal_weight=0 127 86 50 410 82 59 328 301 50 251
internal_count=537 127 86 50 410 82 59 328 301 50 251
is_linear=0
shrinkage=0.1


Tree=642
num_leaves=8
num_cat=0
split_feature=26 24 47 43 46 42 104
split_gain=0.000147973 0.00032998 0.000196899 0.00052181 0.00046455 0.000713839 0.000458684
threshold=7.0021555404279701 6.102536072598296 4.8121513051691478 4.9628201785886317 5.5702492679694311 5.1179758838799021 2.9174053685313028
decision_type=2 2 2 2 2 2 2
left_child=1 2 4 -4 5 -1 -5
right_child=-2 -3 3 6 -6 -7 -8
leaf_value=-5.8100689676499208e-05 0.00021970335169342058 -0.00028822188694903165 0.00049683447922924887 -9.698897015874132e-05 -0.00048339722032489428 0.00051467291171623699 0.00025995937184133153
leaf_weight=233 29 40 27 108 22 24 54
leaf_count=233 29 40 27 108 22 24 54
internal_value=0 -1.25421e-05 1.10203e-05 8.98282e-05 -4.23658e-05 -4.6121e-06 2.19938e-05
internal_weight=0 508 468 189 279 257 162
internal_count=537 508 468 189 279 257 162
is_linear=0
shrinkage=0.1


Tree=643
num_leaves=6
num_cat=0
split_feature=34 26 26 32 30
split_gain=0.000148084 0.000172045 0.000204725 0.000223938 0.000242569
threshold=7.1966391559419423 6.4551936188910082 6.2005071168401162 5.9322416695047417 5.9480043110926326
decision_type=2 2 2 2 2
left_child=1 2 3 4 -1
right_child=-2 -3 -4 -5 -6
leaf_value=1.5533775244770657e-05 -0.00024824728430046338 0.00020505671952075015 -0.00023196736237386594 0.00032393049147107049 -0.00031204218563895365
leaf_weight=389 23 42 37 22 24
leaf_count=389 23 42 37 22 24
internal_value=0 1.11083e-05 -6.14978e-06 1.30577e-05 -3.50212e-06
internal_weight=0 514 472 435 413
internal_count=537 514 472 435 413
is_linear=0
shrinkage=0.1


Tree=644
num_leaves=8
num_cat=0
split_feature=43 37 44 32 32 32 11
split_gain=0.000153401 0.00082989 0.000294443 0.000206584 0.000224985 0.000424045 0.000110796
threshold=6.1861747525776369 5.9053284366375065 6.5452010056581358 5.9635760393734838 5.5052984857290932 5.0995688973185436 5.8318781773364075
decision_type=2 2 2 2 2 2 2
left_child=1 3 -2 4 5 -1 -6
right_child=2 -3 -4 -5 6 -7 -8
leaf_value=-2.1497334933856245e-05 -3.4790500561057614e-05 -0.00061821132178672337 0.00043130368146154546 0.00023382139042951169 -0.00038138502184830781 0.00031921337186515038 -6.7484018939506748e-05
leaf_weight=335 33 22 23 38 22 41 23
leaf_count=335 33 22 23 38 22 41 23
internal_value=0 -1.82368e-05 0.000156641 1.05202e-05 -9.6353e-06 1.56546e-05 -0.000220947
internal_weight=0 481 56 459 421 376 45
internal_count=537 481 56 459 421 376 45
is_linear=0
shrinkage=0.1


Tree=645
num_leaves=10
num_cat=0
split_feature=33 33 50 28 37 8 32 60 20
split_gain=0.000150675 0.000697111 0.000391234 0.000468588 0.000161436 0.000907077 0.000872409 0.000788689 0.000569012
threshold=5.8141260764699529 5.5606520443413574 5.0688844241303981 6.5452010056581358 1.8688348091416844 1.5890269151739729 3.0433873634561537 1.1386336425048782 2.191013317336941
decision_type=2 2 2 2 2 2 2 2 2
left_child=1 4 -2 -4 5 -1 -7 -6 -9
right_child=2 -3 3 -5 7 6 -8 8 -10
leaf_value=-0.0005496743479625366 -0.00017305836617769846 -0.00057068728175098924 0.00062851337551483475 3.0783282127231363e-06 0.00058389805210754279 0.00033285554915588972 -0.00026700437172786972 -0.00042997210766770877 4.4748136756265836e-05
leaf_weight=32 27 22 23 25 25 54 44 28 257
leaf_count=32 27 22 23 25 25 54 44 28 257
internal_value=0 -2.13424e-05 0.000131469 0.000302766 6.12484e-06 -8.74121e-05 6.35307e-05 4.535e-05 -1.89105e-06
internal_weight=0 462 75 48 440 130 98 310 285
internal_count=537 462 75 48 440 130 98 310 285
is_linear=0
shrinkage=0.1


Tree=646
num_leaves=7
num_cat=0
split_feature=66 31 9 9 64 46
split_gain=0.000143538 0.000405252 0.00030221 0.000323937 0.000382208 0.000253844
threshold=5.2496211935437129 5.7651468795656617 6.2343799673713169 5.5052984857290932 5.7052756133425131 3.7132745361986528
decision_type=2 2 2 2 2 2
left_child=2 -2 3 4 5 -1
right_child=1 -3 -4 -5 -6 -7
leaf_value=-0.00013083889113789024 -0.00048840208831031553 3.9281612153836463e-05 0.00032632421636662911 -0.00031891466991510245 0.00038514602067017998 4.7943091872501087e-05
leaf_weight=112 22 43 30 30 27 273
leaf_count=112 22 43 30 30 27 273
internal_value=0 -0.000139319 1.91859e-05 -1.66061e-06 2.14404e-05 -4.06621e-06
internal_weight=0 65 472 442 412 385
internal_count=537 65 472 442 412 385
is_linear=0
shrinkage=0.1


Tree=647
num_leaves=11
num_cat=0
split_feature=34 88 104 65 15 86 2 92 30 41
split_gain=0.000146517 0.000150815 0.000679025 0.000618083 0.000534281 0.00102105 0.000437075 0.000671391 0.000366741 0.000348055
threshold=7.1966391559419423 0.32237371114682284 1.0000000180025095e-35 1.6283470507525168 4.1742689126930488 0.65913922143987869 4.8121513051691478 5.3172185614640251 4.2625806805327082 4.3437210834879627
decision_type=2 2 2 2 2 2 2 2 2 2
left_child=1 3 -3 -1 5 -5 7 -4 -6 -8
right_child=-2 2 6 4 8 -7 9 -9 -10 -11
leaf_value=0.00054107741840804622 -0.00024692996344326631 -0.0005239913959047516 -2.2246139001493394e-05 -1.2197548034687691e-05 0.00047725004417141183 -0.00075904808175189173 -0.0002863977512565468 0.00067191509283888581 6.8515102995326017e-05 7.7751134225624046e-05
leaf_weight=24 23 27 38 109 26 22 53 22 141 52
leaf_count=24 23 27 38 109 26 22 53 22 141 52
internal_value=0 1.10494e-05 -5.9099e-05 5.2877e-05 1.35589e-05 -0.000137623 1.69743e-05 0.00023228 0.00013215 -0.000106057
internal_weight=0 514 192 322 298 131 165 60 167 105
internal_count=537 514 192 322 298 131 165 60 167 105
is_linear=0
shrinkage=0.1


Tree=648
num_leaves=6
num_cat=0
split_feature=69 60 57 57 57
split_gain=0.000142572 0.000397114 0.000238605 0.000786659 0.000467349
threshold=1.5138613836196224 1.9088561629784524 1.5702341610064703 1.8441521598528967 2.1372900663279659
decision_type=2 2 2 2 2
left_child=-1 -2 -3 -4 -5
right_child=1 2 3 4 -6
leaf_value=-0.00022394042154903423 0.0004178995299456722 -0.00023516128719728885 0.00059718788933506327 -0.00045448422695145655 9.0662044194687054e-06
leaf_weight=27 23 42 22 23 400
leaf_count=27 23 42 22 23 400
internal_value=0 1.18557e-05 -7.32094e-06 1.41831e-05 -1.61387e-05
internal_weight=0 510 487 445 423
internal_count=537 510 487 445 423
is_linear=0
shrinkage=0.1


Tree=649
num_leaves=10
num_cat=0
split_feature=79 7 7 79 89 12 7 97 53
split_gain=0.000135033 0.000797738 0.000446358 0.000363893 0.00031081 0.000302154 0.000502134 0.000671287 0.000366151
threshold=4.4307459321434584 4.7621374077860157 5.7333360402263844 3.8709839499103427 0.2914098791825106 5.9322416695047417 5.081385075233106 3.4811217321331038 2.5650725096321265
decision_type=2 2 2 2 2 2 2 2 2
left_child=3 -2 -3 5 -4 6 7 -1 -8
right_child=1 2 4 -5 -6 -7 8 -9 -10
leaf_value=-6.9401528427180087e-05 -0.00049581563869391431 0.0003982938925868699 -0.00026468790067057756 0.00039715397404506804 0.0002034334195069159 0.00028834827385520946 -0.00054915879333678342 0.00026385737799720807 -9.7543244743880284e-05
leaf_weight=180 35 28 37 25 23 34 26 91 58
leaf_count=180 35 28 37 25 23 34 26 91 58
internal_value=0 -9.19984e-05 6.86107e-05 2.73329e-05 -8.52414e-05 3.56543e-06 -2.37096e-05 4.25046e-05 -0.000237329
internal_weight=0 123 88 414 60 389 355 271 84
internal_count=537 123 88 414 60 389 355 271 84
is_linear=0
shrinkage=0.1


Tree=650
num_leaves=11
num_cat=0
split_feature=10 11 34 34 6 41 29 17 26 42
split_gain=0.000148413 0.000865059 0.000406518 0.000272843 0.000293948 0.000193251 0.000910662 0.000719302 0.000603537 0.000953762
threshold=6.2557481997290569 5.9188794015264019 6.5889255315107418 6.3007841113004242 6.7320053855989617 3.9316333620047872 3.3667009459186801 3.1984648276080736 5.0906732680195743 4.8282817362782584
decision_type=2 2 2 2 2 2 2 2 2 2
left_child=2 -2 5 4 -3 8 -7 -8 9 -1
right_child=1 3 -4 -5 -6 6 7 -9 -10 -11
leaf_value=9.0825618347232452e-05 -0.00064730024238562455 0.00043373139380128121 0.00041604818170890213 -0.00020975607575383039 -6.7459198808964252e-05 -0.00068103683350438432 0.00053612507439207879 -8.2514690661069883e-05 0.0004558995282533226 -0.00048074626877808312
leaf_weight=176 23 25 25 25 22 22 22 129 33 35
leaf_count=176 23 25 25 25 22 22 22 129 33 35
internal_value=0 -0.000113396 2.43725e-05 5.71567e-05 0.000199132 8.90696e-07 -7.99564e-05 7.61826e-06 5.82126e-05 -3.98488e-06
internal_weight=0 95 442 72 47 417 173 151 244 211
internal_count=537 95 442 72 47 417 173 151 244 211
is_linear=0
shrinkage=0.1


Tree=651
num_leaves=13
num_cat=0
split_feature=95 65 95 57 0 68 4 12 92 39 101 26
split_gain=0.000145267 0.000956514 0.000614835 0.00116109 0.000619166 0.000877779 0.000527606 0.000685321 0.000217246 0.000739677 0.00025651 0.00039579
threshold=2.9174053685313028 3.0919283991858992 2.191013317336941 1.8441521598528967 1.5890269151739729 4.4155143804432706 3.7132745361986528 2.3937458713910238 5.4221145653944296 6.0378680719010864 3.2769667020129059 4.0247135285553481
decision_type=2 2 2 2 2 2 2 2 2 2 2 2
left_child=2 -2 4 -4 5 -1 7 -6 10 -10 -3 -12
right_child=1 8 3 -5 6 -7 -8 -9 9 -11 11 -13
leaf_value=-0.00077161663983766314 -0.00066088441273440485 0.00031911887600169091 0.00085148056759499005 -0.00013302817406719955 -0.00014622999905523931 0.00011191821223209527 -0.00021755366117670954 0.0005622024370596692 -0.0005395049379980525 0.00017514850761169025 -0.00027005731216853574 6.7328791482224815e-05
leaf_weight=23 23 30 25 23 22 22 31 36 28 30 42 202
leaf_count=23 23 30 25 23 22 22 31 36 28 30 42 202
internal_value=0 -3.72407e-05 7.26398e-05 0.000379737 -3.73651e-05 -0.000339666 0.000115484 0.000293487 5.96353e-06 -0.000169857 4.31809e-05 9.25413e-06
internal_weight=0 355 182 48 134 45 89 58 332 58 274 244
internal_count=537 355 182 48 134 45 89 58 332 58 274 244
is_linear=0
shrinkage=0.1


Tree=652
num_leaves=8
num_cat=0
split_feature=36 45 8 32 44 28 104
split_gain=0.000158557 0.001419 0.000803921 0.00049255 0.000518886 0.000431366 0.00046475
threshold=1.9356005054539456 2.5619819897016298 1.9356005054539456 2.191013317336941 2.191013317336941 2.602003343538398 0.8958797346140277
decision_type=2 2 2 2 2 2 2
left_child=1 2 -1 -2 -5 -6 -7
right_child=3 -3 -4 4 5 6 -8
leaf_value=-0.00056145973945164991 -0.00046653029397324038 0.0006058672331336483 0.00015051364266712754 0.00041509854106282419 -0.00040163227019767312 0.00031184006483748648 -4.2423996833654626e-05
leaf_weight=29 24 37 35 28 29 42 313
leaf_count=29 24 37 35 28 29 42 313
internal_value=0 0.000112898 -0.000172099 -2.61531e-05 -5.00012e-07 -3.08041e-05 -5.11066e-07
internal_weight=0 101 64 436 412 384 355
internal_count=537 101 64 436 412 384 355
is_linear=0
shrinkage=0.1


Tree=653
num_leaves=9
num_cat=0
split_feature=33 37 40 65 36 89 49 10
split_gain=0.000156662 0.000523899 0.000528401 0.000925192 0.000509307 0.000438936 0.000872305 0.000399328
threshold=1.5890269151739731 1.8688348091416844 2.3937458713910238 2.1347476817907398 4.2045812236012674 0.56689715819657438 2.191013317336941 4.234001473612734
decision_type=2 2 2 2 2 2 2 2
left_child=5 -2 -3 -4 -5 6 -1 -8
right_child=1 2 3 4 -6 -7 7 -9
leaf_value=-0.00033700118408887649 -0.00035819714187731061 0.00035877938071047165 -0.00060318350890436426 0.00026700752303720669 -4.6440470862307853e-05 0.00049520492472726369 0.00059615425922421989 2.2316111625286794e-07
leaf_weight=40 43 39 26 65 256 23 23 22
leaf_count=40 43 39 26 65 256 23 23 22
internal_value=0 -2.71005e-05 9.7833e-06 -2.9441e-05 1.70303e-05 0.000107649 2.7813e-06 0.00030481
internal_weight=0 429 386 347 321 108 85 45
internal_count=537 429 386 347 321 108 85 45
is_linear=0
shrinkage=0.1


Tree=654
num_leaves=11
num_cat=0
split_feature=95 65 14 14 92 11 18 101 101 26
split_gain=0.000150914 0.000795464 0.000516168 0.00152914 0.000777402 0.000844817 0.000367743 0.000211843 0.000626716 0.00029767
threshold=2.9174053685313028 3.0919283991858992 5.0434043048315838 4.6491756246494491 5.2612445182382812 1.5890269151739729 2.3937458713910238 3.0433873634561537 3.5408542930527882 4.0247135285553481
decision_type=2 2 2 2 2 2 2 2 2 2
left_child=2 -2 3 4 6 -6 -1 -3 -9 -10
right_child=1 7 -4 -5 5 -7 -8 8 9 -11
leaf_value=-2.0230284214697103e-07 -0.00060668101530451251 0.00021425243493711872 -0.00024843648376797017 0.00090891897055806348 0.0006944330690894277 -2.2456494207290234e-05 -0.00056078530522063377 -0.00052948928483680872 -0.00025309270012662135 5.5965338554925824e-05
leaf_weight=22 23 41 39 23 25 48 25 23 36 232
leaf_count=22 23 41 39 23 25 48 25 23 36 232
internal_value=0 -3.79576e-05 7.40382e-05 0.000161986 1.88236e-05 0.000223054 -0.000298385 1.44192e-06 -2.85417e-05 1.44501e-05
internal_weight=0 355 182 143 120 73 47 332 291 268
internal_count=537 355 182 143 120 73 47 332 291 268
is_linear=0
shrinkage=0.1


Tree=655
num_leaves=9
num_cat=0
split_feature=33 29 21 33 15 89 49 10
split_gain=0.000151901 0.00050868 0.000440228 0.000844981 0.000406699 0.00033931 0.000716243 0.000333103
threshold=1.5890269151739731 1.5890269151739731 1.8688348091416844 2.5619819897016298 3.0201273556387074 0.56689715819657438 2.191013317336941 4.234001473612734
decision_type=2 2 2 2 2 2 2 2
left_child=5 -2 -3 -4 -5 6 -1 -8
right_child=1 2 3 4 -6 -7 7 -9
leaf_value=-0.00029409208909783049 -0.00045539143734808584 0.0003202771279178799 -0.00058258246997586237 0.00030022435059349632 -3.2300717467060663e-05 0.00044674800465936254 0.00055357074661119645 9.2933995884695015e-06
leaf_weight=40 26 39 26 42 296 23 23 22
leaf_count=40 26 39 26 42 296 23 23 22
internal_value=0 -2.66856e-05 9.72889e-07 -3.32383e-05 9.01897e-06 0.000106001 1.37988e-05 0.00028748
internal_weight=0 429 403 364 338 108 85 45
internal_count=537 429 403 364 338 108 85 45
is_linear=0
shrinkage=0.1


Tree=656
num_leaves=10
num_cat=0
split_feature=41 64 4 56 27 74 40 86 98
split_gain=0.000148458 0.00118514 0.00111061 0.000644198 0.000571844 0.000528402 0.000579685 0.000414871 0.000355902
threshold=1.8688348091416844 2.3902615367329769 1.5890269151739729 3.8711467544920168 1.5890269151739729 0.88252434624072318 3.1132683346437333 0.30635400173417754 4.2625806805327082
decision_type=2 2 2 2 2 2 2 2 2
left_child=2 -2 -1 -4 -3 6 -6 8 -5
right_child=1 4 3 7 5 -7 -8 -9 -10
leaf_value=0.00065101484225514085 -0.00066998484803156727 0.00051054919326402751 -0.0004155154761118705 0.00055345221244351706 0.00036710696281044792 -0.0004400843832020958 -3.0571414453738218e-05 -0.00024209749009804164 2.9680335264065831e-06
leaf_weight=28 27 22 34 24 42 27 288 22 23
leaf_count=28 27 22 34 24 42 27 288 22 23
internal_value=0 -2.98667e-05 9.25638e-05 -5.92481e-05 1.57354e-05 -1.47573e-05 2.00422e-05 0.000116304 0.000284066
internal_weight=0 406 131 103 379 357 330 69 47
internal_count=537 406 131 103 379 357 330 69 47
is_linear=0
shrinkage=0.1


Tree=657
num_leaves=9
num_cat=0
split_feature=64 64 11 68 103 26 20 30
split_gain=0.000147769 0.000310036 0.000261364 0.00095515 0.000500407 0.00034165 0.000491898 0.000455559
threshold=1.2482071283197402 2.3902615367329769 1.5890269151739729 4.7916405205335666 3.8064155152036787 4.0247135285553481 3.4334666422309414 4.4885732424042368
decision_type=2 2 2 2 2 2 2 2
left_child=-1 -2 3 4 -3 6 -4 -7
right_child=1 2 5 -5 -6 7 -8 -9
leaf_value=0.00024798301013146084 -0.00033466288316828601 0.00080339719848283994 -1.5789123775903136e-05 -0.00031809639591908004 0.0001289232562571256 0.00035820334524032664 -0.0005279859529885774 -1.8132682386737318e-05
leaf_weight=23 28 22 50 24 22 36 30 302
leaf_count=23 28 22 50 24 22 36 30 302
internal_value=0 -1.10965e-05 7.54517e-06 0.000189364 0.00046616 -2.2033e-05 -0.000207863 2.19504e-05
internal_weight=0 514 486 68 44 418 80 338
internal_count=537 514 486 68 44 418 80 338
is_linear=0
shrinkage=0.1


Tree=658
num_leaves=10
num_cat=0
split_feature=31 35 42 29 29 3 97 103 98
split_gain=0.000144856 0.000967075 0.000312772 0.000454144 0.000453025 0.000260494 0.000350879 0.00026284 0.000261249
threshold=5.5412558557490508 5.379886735236628 5.9375327241700111 4.5107991236896536 4.0428973506407848 4.8121513051691478 5.1561734468561555 5.6057750326932236 5.5214289168382038
decision_type=2 2 2 2 2 2 2 2 2
left_child=1 2 3 4 -1 -2 -7 -8 -9
right_child=5 -3 -4 -5 -6 6 7 8 -10
leaf_value=-1.1458826536325879e-05 0.00031331816288592245 -0.000598645828930395 0.00033253113667472336 -0.00034072686087854799 0.00043385598668828606 -0.00034113727182873686 0.000284407128261902 -0.00030588480161816776 0.00014541601438019104
leaf_weight=265 37 28 28 38 25 23 41 23 29
leaf_count=265 37 28 28 38 25 23 41 23 29
internal_value=0 -3.27839e-05 1.17221e-05 -1.56641e-05 2.69304e-05 8.22812e-05 8.58835e-06 9.50796e-05 -5.41978e-05
internal_weight=0 384 356 328 290 153 116 93 52
internal_count=537 384 356 328 290 153 116 93 52
is_linear=0
shrinkage=0.1


Tree=659
num_leaves=15
num_cat=0
split_feature=50 88 10 42 88 54 10 22 77 53 98 103 75 49
split_gain=0.000143686 0.000616334 0.000806946 0.00129496 0.000421576 0.000599454 0.00158168 0.000689298 0.000464196 0.000349394 0.000353433 0.000478228 0.000341087 0.00023757
threshold=3.2180751841847144 0.53679414469006392 4.7229433450037179 4.3693677306817369 0.41772296771466128 5.3889778947782228 6.0282756170432892 4.2625806805327082 5.5090932111090885 1.42719842658769 3.5694334999727624 5.5373032659954937 5.7805100746271725 5.4160905255636633
decision_type=2 2 2 2 2 2 2 2 2 2 2 2 2 2
left_child=1 2 3 -1 5 6 7 -2 13 -6 -11 -12 -10 -7
right_child=4 -3 -4 -5 9 8 -8 -9 12 10 11 -13 -14 -15
leaf_value=-0.00010496286281354347 -0.00035166518627813769 -0.000281655414009412 -0.00015081774185184772 0.00080079274316391868 0.00042440525019252348 0.00055991303128063335 -0.0010029148215173998 7.7678653969601532e-05 -0.00041036537573249508 -0.0002202265909545531 0.00041898309016167852 -0.00013548274773711455 0.00014039594983763021 0.00011722239109480546
leaf_weight=27 63 34 39 38 29 22 22 92 22 36 35 28 23 27
leaf_count=27 63 34 39 38 29 22 22 92 22 36 35 28 23 27
internal_value=0 8.79562e-05 0.000208791 0.000424556 -3.04209e-05 -0.000101064 -0.00020945 -9.68288e-05 0.000103023 0.000119144 2.97246e-05 0.000172554 -0.000128865 0.000315981
internal_weight=0 138 104 65 399 271 177 155 94 128 99 63 45 49
internal_count=537 138 104 65 399 271 177 155 94 128 99 63 45 49
is_linear=0
shrinkage=0.1


Tree=660
num_leaves=9
num_cat=0
split_feature=27 33 23 51 9 53 86 66
split_gain=0.000158978 0.000506009 0.000195502 0.000192418 0.000290912 0.000249988 0.000190926 0.000259394
threshold=5.8550678171289681 5.6021120126471873 5.9188794015264019 5.950628989035704 5.6903366269220443 3.573502794434515 0.54205585727546068 5.3515772882368742
decision_type=2 2 2 2 2 2 2 2
left_child=1 3 -2 4 5 -1 7 -4
right_child=2 -3 6 -5 -6 -7 -8 -9
leaf_value=4.9268547657046059e-05 0.00037604339175397237 -0.00049378062804779886 0.00033487668258584886 -0.00020175031484456646 0.00037440507386980412 -0.00014509713536620879 -0.00019671600257424872 -9.3425481225914648e-05
leaf_weight=258 22 22 31 43 22 89 24 26
leaf_count=258 22 22 31 43 22 89 24 26
internal_value=0 -2.65066e-05 0.000111688 -1.55513e-06 2.17739e-05 -5.83169e-07 3.9888e-05 0.000139511
internal_weight=0 434 103 412 369 347 81 57
internal_count=537 434 103 412 369 347 81 57
is_linear=0
shrinkage=0.1


Tree=661
num_leaves=12
num_cat=0
split_feature=31 24 34 45 35 53 35 87 104 24 49
split_gain=0.000136946 0.000748126 0.000309387 0.000299033 0.000912476 0.000620785 0.000242139 0.000250311 0.000268506 0.000381361 0.000270953
threshold=5.379886735236628 5.7651468795656617 5.609465086342035 2.9174053685313028 3.4811217321331038 0.70808679187955681 5.5412558557490508 0.40047294585684995 2.9174053685313028 6.0426074438783575 3.7609296261008152
decision_type=2 2 2 2 2 2 2 2 2 2 2
left_child=1 2 3 5 -5 -1 -2 8 10 -10 -8
right_child=6 -3 -4 4 -6 -7 7 -9 9 -11 -12
leaf_value=0.00049577463028577359 0.00034869122927948075 -0.00059986462735072245 0.00028799867355059288 -0.00051573111929676752 4.4164172343931402e-05 -2.4316175663413854e-05 1.8936792330350726e-05 0.00025949961307239445 0.00036500385015512753 -0.00019136467136294497 -0.00040607540835480905
leaf_weight=27 27 22 34 44 86 153 30 34 28 22 30
leaf_count=27 27 22 34 44 86 153 30 34 28 22 30
internal_value=0 -3.4518e-05 1.63792e-06 -2.97694e-05 -0.000145339 5.36974e-05 7.38806e-05 2.23536e-05 -5.09461e-05 0.000120202 -0.000193569
internal_weight=0 366 344 310 130 180 171 144 110 50 60
internal_count=537 366 344 310 130 180 171 144 110 50 60
is_linear=0
shrinkage=0.1


Tree=662
num_leaves=12
num_cat=0
split_feature=87 46 98 35 98 87 42 44 57 61 60
split_gain=0.000136067 0.000427509 0.000610452 0.00039783 0.000339924 0.000268212 0.000820621 0.000657824 0.000385499 0.000333216 0.000572599
threshold=0.5556069708080712 4.5538214868689204 3.6105525490912482 1.9356005054539456 4.8751681865209777 0.29892500444997194 4.5538214868689204 5.2626767655455557 0.94220600764219486 2.0894005346197129 3.6441222005100626
decision_type=2 2 2 2 2 2 2 2 2 2 2
left_child=5 3 -3 -2 -4 8 -7 -8 -1 -10 -11
right_child=1 2 4 -5 -6 6 7 -9 9 10 -12
leaf_value=-0.0003260960433232997 -0.00013588730095458838 -0.00057836758186890472 0.00022639490543278277 0.00044611941785146684 -0.0003031413029847582 -0.00020565640584209178 0.00082038541962295626 9.4366962394605466e-05 0.00038206986985945456 -0.00040386224827670958 4.6801187066957636e-05
leaf_weight=35 24 31 27 23 22 32 24 26 24 32 237
leaf_count=35 24 31 27 23 22 32 24 26 24 32 237
internal_value=0 -9.0444e-05 -0.000231073 0.000148924 -1.1356e-05 2.80156e-05 0.000189778 0.000442856 -1.2425e-05 2.50443e-05 -6.80933e-06
internal_weight=0 127 80 47 49 410 82 50 328 293 269
internal_count=537 127 80 47 49 410 82 50 328 293 269
is_linear=0
shrinkage=0.1


Tree=663
num_leaves=12
num_cat=0
split_feature=98 98 79 72 15 48 21 25 61 61 84
split_gain=0.000133553 0.00154762 0.000458242 0.000785625 0.000560105 0.000499755 0.000947962 0.000775873 0.000246852 0.000512304 0.000255798
threshold=3.0201273556387074 3.4334666422309414 3.1771850203986758 0.16670589523405346 1.9356005054539456 1.5890269151739729 1.8688348091416844 3.1984648276080736 3.4927504583956579 3.9006384669848835 0.67644775793055045
decision_type=2 2 2 2 2 2 2 2 2 2 2
left_child=2 -2 3 5 -5 7 -7 -1 -3 -10 -11
right_child=1 8 -4 4 -6 6 -8 -9 9 10 -12
leaf_value=-0.00044142362497723298 -0.00079858022578991955 0.00030594979772493908 0.00042656702441083076 -0.00065919723780825739 -5.8653419067168888e-05 0.00079807679413352163 8.2045820136685715e-05 0.00024964316066182095 -0.00046736328061921416 -2.0388469137186703e-06 0.00033351279514765622
leaf_weight=32 25 28 29 25 41 25 71 33 22 180 26
leaf_count=32 25 28 29 25 41 25 71 33 22 180 26
internal_value=0 -4.75999e-05 5.22483e-05 4.42784e-06 -0.000286132 0.000123539 0.000268512 -9.05743e-05 2.57381e-05 -8.67391e-06 4.03123e-05
internal_weight=0 281 256 227 66 161 96 65 256 228 206
internal_count=537 281 256 227 66 161 96 65 256 228 206
is_linear=0
shrinkage=0.1


Tree=664
num_leaves=8
num_cat=0
split_feature=66 31 30 88 88 88 100
split_gain=0.000144436 0.00034402 0.000284463 0.000153757 0.000344015 0.000333142 0.000437526
threshold=5.2496211935437129 5.7651468795656617 6.640841196316484 0.643176865477746 0.67558376684622667 0.56926050640888715 6.1158701961393769
decision_type=2 2 2 2 2 2 2
left_child=2 -2 3 5 -5 6 -1
right_child=1 -3 -4 4 -6 -7 -8
leaf_value=0.00030558679941879196 -0.00046138495851085864 2.4801363686619457e-05 0.00036225129252947548 0.0004170329456866495 -4.7318313049916661e-05 -0.00031670064731900184 -3.5140835269751245e-05
leaf_weight=43 22 43 23 27 39 35 305
leaf_count=43 22 43 23 27 39 35 305
internal_value=0 -0.000139754 1.92458e-05 1.67535e-06 0.000142644 -2.26168e-05 6.96057e-06
internal_weight=0 65 472 449 66 383 348
internal_count=537 65 472 449 66 383 348
is_linear=0
shrinkage=0.1


Tree=665
num_leaves=9
num_cat=0
split_feature=34 26 41 64 88 22 49 27
split_gain=0.000157729 0.000142185 0.0001608 0.000866387 0.00078045 0.0012195 0.000682522 0.000475153
threshold=7.1966391559419423 6.4551936188910082 1.8688348091416844 2.3902615367329769 0.14064083802960775 4.3303869599468818 2.191013317336941 1.5890269151739729
decision_type=2 2 2 2 2 2 2 2
left_child=1 2 4 -4 5 -1 -6 -5
right_child=-2 -3 3 7 6 -7 -8 -9
leaf_value=-5.7745891826925809e-05 -0.00025620401492747273 0.00018778037057407866 -0.00058385665675073312 0.00045460006638842806 -0.00060571794127336825 0.00077048619391462125 9.5534255628341015e-05 -2.7266431816346206e-05
leaf_weight=40 23 42 27 22 23 32 35 293
leaf_count=40 23 42 27 22 23 32 35 293
internal_value=0 1.14644e-05 -4.22475e-06 -4.02105e-05 9.04455e-05 0.000310357 -0.000182549 6.38774e-06
internal_weight=0 514 472 342 130 72 58 315
internal_count=537 514 472 342 130 72 58 315
is_linear=0
shrinkage=0.1


Tree=666
num_leaves=8
num_cat=0
split_feature=64 61 69 40 60 5 60
split_gain=0.000153993 0.000229484 0.000290307 0.000351767 0.000323666 0.000561743 0.00039797
threshold=1.2482071283197402 1.6600138229157391 3.0541436847122734 3.3497501700808394 3.6441222005100626 2.3502401828962087 3.9843003985050522
decision_type=2 2 2 2 2 2 2
left_child=-1 -2 3 -3 5 -4 -6
right_child=1 2 4 -5 6 -7 -8
leaf_value=0.00025315187243825718 -0.00023827958091094 0.00045518403513900317 7.1135503336942441e-05 -5.2716174745000901e-05 0.00035424882183677608 -0.00062045383513221813 -2.0026983759046692e-05
leaf_weight=23 41 30 24 25 31 23 340
leaf_count=23 41 30 24 25 31 23 340
internal_value=0 -1.13278e-05 8.34454e-06 0.00022432 -2.00733e-05 -0.000267302 1.12467e-05
internal_weight=0 514 473 55 418 47 371
internal_count=537 514 473 55 418 47 371
is_linear=0
shrinkage=0.1


Tree=667
num_leaves=10
num_cat=0
split_feature=30 7 30 46 49 21 83 6 6
split_gain=0.000129633 0.000139765 0.000568299 0.00134316 0.000815502 0.000305087 0.000709342 0.000519503 0.000498408
threshold=7.0021555404279701 1.9356005054539456 5.0434043048315838 4.8597823571876004 2.9430520157250784 1.8688348091416844 0.16557653745939022 4.0247135285553481 4.5271940351011493
decision_type=2 2 2 2 2 2 2 2 2
left_child=1 2 3 4 -1 6 -3 -7 -9
right_child=-2 5 -4 -5 -6 7 -8 8 -10
leaf_value=-0.0005798755820918208 -0.00020563833180670466 0.00065222972305491568 -0.00051822544761913987 0.00070742652887102774 0.00012607212225298605 -0.00033939160381030376 -6.3701055666071286e-05 0.00049587736822381291 1.1493861126032341e-05
leaf_weight=30 29 25 24 22 36 39 31 23 278
leaf_count=30 29 25 24 22 36 39 31 23 278
internal_value=0 1.17392e-05 -8.68902e-05 3.07467e-05 -0.000194813 3.96344e-05 0.000255911 4.01235e-06 4.85066e-05
internal_weight=0 508 112 88 66 396 56 340 301
internal_count=537 508 112 88 66 396 56 340 301
is_linear=0
shrinkage=0.1


Tree=668
num_leaves=13
num_cat=0
split_feature=51 101 50 50 51 46 53 47 45 43 30 92
split_gain=0.000126571 0.000507468 0.000381013 0.000361198 0.000278043 0.000314035 0.00115838 0.000602545 0.00136623 0.000742275 0.000260374 0.000238663
threshold=5.2931911783158618 3.5408542930527882 5.609465086342035 6.0660838648411017 4.9415403713792339 3.7609296261008152 2.8477523405893534 2.9430520157250784 1.8688348091416844 3.891612008168019 5.5093801410486734 5.335544688068329
decision_type=2 2 2 2 2 2 2 2 2 2 2 2
left_child=4 -2 -3 -4 5 6 -1 8 -7 -9 -6 -5
right_child=1 2 3 11 10 7 -8 9 -10 -11 -12 -13
leaf_value=-0.00056022695017944851 -0.00044478103421473255 -0.00036196847466508984 0.00044821691805881612 0.00020753660749452297 0.00051183690459517741 -7.5372343135607096e-05 0.00025637078458657926 -0.00043815084063680843 0.00095503318463505084 6.2483711844616189e-05 2.5315042876172811e-05 -0.0001261453924661478
leaf_weight=38 30 23 22 34 22 31 32 36 22 167 22 58
leaf_count=38 30 23 22 34 22 31 32 36 22 167 22 58
internal_value=0 -7.22642e-05 9.30883e-06 8.42156e-05 3.26165e-05 7.69258e-07 -0.000186925 5.20919e-05 0.000352343 -2.62988e-05 0.000268576 -2.82813e-06
internal_weight=0 167 137 114 370 326 70 256 53 203 44 92
internal_count=537 167 137 114 370 326 70 256 53 203 44 92
is_linear=0
shrinkage=0.1


Tree=669
num_leaves=9
num_cat=0
split_feature=65 86 60 27 14 20 96 30
split_gain=0.000144169 0.000237945 0.00121641 0.000306542 0.000611553 0.000481163 0.000455284 0.00023243
threshold=1.6283470507525168 0.65913922143987869 4.342179404160496 1.5890269151739729 4.465842055365858 2.191013317336941 3.9316333620047872 7.0473947110756514
decision_type=2 2 2 2 2 2 2 2
left_child=-1 3 -3 4 6 -5 -2 -7
right_child=1 2 -4 5 -6 7 -8 -9
leaf_value=0.00018264070196892136 0.00012698908456383964 -0.00077367391735922711 0.00014772878390718498 -0.0004031941951853374 -0.00022859202113265737 -1.4067278925280846e-05 0.00073489411151967949 0.00031544522599965012
leaf_weight=40 28 23 38 31 23 309 22 23
leaf_count=40 28 23 38 31 23 309 22 23
internal_value=0 -1.46995e-05 -0.000199685 1.11816e-05 0.000198161 -2.64203e-05 0.000394467 8.76039e-06
internal_weight=0 497 61 436 73 363 50 332
internal_count=537 497 61 436 73 363 50 332
is_linear=0
shrinkage=0.1


Tree=670
num_leaves=7
num_cat=0
split_feature=30 36 31 34 40 34
split_gain=0.000150648 0.000124558 0.000139741 0.000141612 0.000711001 0.000334599
threshold=7.0021555404279701 6.4232258802757327 6.1246809968142868 5.2203412156610947 4.3693677306817369 4.8751681865209777
decision_type=2 2 2 2 2 2
left_child=1 2 3 5 -5 -1
right_child=-2 -3 -4 4 -6 -7
leaf_value=2.2881810641010925e-05 -0.00022168053928280958 0.00024538975779829676 -0.00021474933746503668 0.00059350246329662089 1.4506190889052876e-06 -0.00025798361417472213
leaf_weight=252 29 22 28 24 131 51
leaf_count=252 29 22 28 24 131 51
internal_value=0 1.2655e-05 2.11967e-06 1.5378e-05 9.31232e-05 -2.43926e-05
internal_weight=0 508 486 458 155 303
internal_count=537 508 486 458 155 303
is_linear=0
shrinkage=0.1


Tree=671
num_leaves=13
num_cat=0
split_feature=6 6 15 98 72 75 96 20 15 19 86 89
split_gain=0.000125505 0.000910179 0.000605709 0.00070288 0.0003359 0.000780615 0.000721053 0.000518592 0.000232286 0.000373672 0.000341331 0.000285996
threshold=4.9089648320872419 4.744894319750431 4.5746578350692051 4.5485858369352732 0.5157396682341221 2.0715673631957667 4.5746578350692051 2.6735537653587347 5.4510292435120062 5.6454406545496605 0.043118620480076558 0.2914098791825106
decision_type=2 2 2 2 2 2 2 2 2 2 2 2
left_child=1 4 3 -2 5 6 -1 -6 10 -10 -4 -11
right_child=2 -3 8 -5 7 -7 -8 -9 9 11 -12 -13
leaf_value=0.00013470667859523516 -0.00057515482541930401 0.00056839834937515361 0.00038563186252232352 7.1445974954885655e-05 0.0005319827022030949 -0.00050679562868546262 -0.0004508513424438066 -0.00010590093510332877 -0.00035125722070947164 -7.6348324000719003e-05 -0.00010931689731395718 0.00022977070241490856
leaf_weight=110 40 30 38 29 25 35 26 26 29 76 22 51
leaf_count=110 40 30 38 29 25 35 26 26 29 76 22 51
internal_value=0 5.14121e-05 -4.54591e-05 -0.000303395 -1.84509e-05 -8.56272e-05 2.27618e-05 0.000206787 3.69371e-05 -2.73758e-05 0.000204151 4.65814e-05
internal_weight=0 252 285 69 222 171 136 51 216 156 60 127
internal_count=537 252 285 69 222 171 136 51 216 156 60 127
is_linear=0
shrinkage=0.1


Tree=672
num_leaves=12
num_cat=0
split_feature=30 72 86 40 28 23 57 16 53 50 14
split_gain=0.000133143 0.000110645 0.00054461 0.00114119 0.000728908 0.000543807 0.000504563 0.000546688 0.000502768 0.000540398 0.000270131
threshold=7.0021555404279701 0.068305488455467106 0.58066786489464151 3.7132745361986528 1.5890269151739729 2.191013317336941 3.3970482584133932 2.8314802400679731 3.612422182126934 5.1983596539505363 4.6491756246494491
decision_type=2 2 2 2 2 2 2 2 2 2 2
left_child=1 2 4 -4 -1 -6 7 -3 9 -8 -10
right_child=-2 6 3 -5 5 -7 8 -9 10 -11 -12
leaf_value=-0.00041231325605902108 -0.00020840368394193978 4.2976370702187225e-05 0.00089297965486449273 -1.6497693994441197e-05 0.00041826683479095146 -1.332510077480203e-05 0.00069128924687075516 -0.00053502617651651643 0.00016742250319415084 5.1397470087977131e-06 -0.00020329960135042491
leaf_weight=39 29 30 22 37 35 176 22 36 30 24 57
leaf_count=39 29 30 22 37 35 176 22 36 30 24 57
internal_value=0 1.18971e-05 4.93497e-05 0.000322629 -1.51444e-05 5.8266e-05 -4.6258e-05 -0.000272298 6.59121e-05 0.000333298 -7.54644e-05
internal_weight=0 508 309 59 250 211 199 66 133 46 87
internal_count=537 508 309 59 250 211 199 66 133 46 87
is_linear=0
shrinkage=0.1


Tree=673
num_leaves=8
num_cat=0
split_feature=64 64 103 64 46 103 89
split_gain=0.000135158 0.000201386 0.000180204 0.000362689 0.000302264 0.000285208 0.000325832
threshold=1.2482071283197402 2.3902615367329769 3.5408542930527882 3.7582846555381662 6.5220754968327581 3.2769667020129059 0.065471168630690413
decision_type=2 2 2 2 2 2 2
left_child=-1 -2 5 -4 -5 6 -3
right_child=1 2 3 4 -6 -7 -8
leaf_value=0.00023716566426193586 -0.00027139152147615924 0.00019568498931720013 -0.00032143438086980802 3.8292005035600597e-05 -0.00027004995402724795 0.000430957340921106 -0.00013867387868231164
leaf_weight=23 28 62 39 272 36 22 55
leaf_count=23 28 62 39 272 36 22 55
internal_value=0 -1.06125e-05 4.41184e-06 -3.41277e-05 2.25204e-06 0.000100622 3.85077e-05
internal_weight=0 514 486 347 308 139 117
internal_count=537 514 486 347 308 139 117
is_linear=0
shrinkage=0.1


Tree=674
num_leaves=6
num_cat=0
split_feature=35 41 26 14 6
split_gain=0.00012023 0.00036253 0.000134012 0.000169253 0.000216024
threshold=6.6950642080078762 6.3314765202922478 6.5352317916717775 6.5482149976889135 6.5220754968327581
decision_type=2 2 2 2 2
left_child=1 2 3 4 -1
right_child=-2 -3 -4 -5 -6
leaf_value=-6.9595713010437334e-06 0.00022893478956327522 -0.00040695340453980453 0.0002289070438844367 -0.00026886527877017537 0.0003077698733566491
leaf_weight=421 22 22 26 23 23
leaf_count=421 22 22 26 23 23
internal_value=0 -9.77974e-06 7.94404e-06 -4.35797e-06 9.34398e-06
internal_weight=0 515 493 467 444
internal_count=537 515 493 467 444
is_linear=0
shrinkage=0.1


Tree=675
num_leaves=8
num_cat=0
split_feature=61 61 69 53 60 5 60
split_gain=0.000120327 0.000231813 0.000239979 0.000289572 0.00023038 0.000422828 0.000305802
threshold=0.85184371294609129 1.6600138229157391 3.0541436847122734 0.70808679187955681 3.6441222005100626 2.3502401828962087 3.9843003985050522
decision_type=2 2 2 2 2 2 2
left_child=-1 -2 3 -3 5 -4 -6
right_child=1 2 4 -5 6 -7 -8
leaf_value=0.0001945973708643578 -0.000263721262501135 0.00046375734164030293 6.5820692255632215e-05 1.0856756313343443e-06 0.00030787203652453762 -0.00053419289470184599 -2.0213300896664485e-05
leaf_weight=30 34 24 24 31 31 23 340
leaf_count=30 34 24 24 31 31 23 340
internal_value=0 -1.15146e-05 6.61438e-06 0.000202979 -1.9223e-05 -0.000227803 7.20084e-06
internal_weight=0 507 473 55 418 47 371
internal_count=537 507 473 55 418 47 371
is_linear=0
shrinkage=0.1


Tree=676
num_leaves=12
num_cat=0
split_feature=79 7 7 92 21 18 42 42 89 11 88
split_gain=0.000115926 0.000591942 0.000281352 0.000353537 0.000250306 0.000315647 0.000239948 0.00055951 0.000508098 0.000661002 0.000387357
threshold=4.4307459321434584 4.7621374077860157 5.8435402162155627 5.335544688068329 5.6021120126471873 6.3473876761041979 3.1345481418531311 3.6105525490912482 0.50021760159197926 2.6735537653587347 0.5016519545637167
decision_type=2 2 2 2 2 2 2 2 2 2 2
left_child=4 -2 -3 -4 6 -6 8 -8 9 -1 -9
right_child=1 2 3 -5 5 -7 7 10 -10 -11 -12
leaf_value=0.00067706577311683858 -0.00043309317864311328 0.0002955689808708661 0.00013363189443198005 -0.00037078842421275719 0.00051738465236584577 2.8378873155981473e-05 -0.00049945254030171781 6.7535049885236739e-05 -0.00018847276306977229 -6.1358737664043229e-05 -0.00021489746592683685
leaf_weight=27 35 31 33 24 22 33 25 192 28 22 65
leaf_count=27 35 31 33 24 22 33 25 192 28 22 65
internal_value=0 -8.52414e-05 5.31087e-05 -7.87556e-05 2.53253e-05 0.000223981 -5.1094e-06 -4.78295e-05 0.000151346 0.000345528 -3.8973e-06
internal_weight=0 123 88 57 414 55 359 282 77 49 257
internal_count=537 123 88 57 414 55 359 282 77 49 257
is_linear=0
shrinkage=0.1


Tree=677
num_leaves=6
num_cat=0
split_feature=30 42 32 32 14
split_gain=0.000115939 0.000119221 0.000116145 0.000173305 0.000139033
threshold=7.0021555404279701 6.6883353279854534 6.1333956902824402 5.9635760393734838 4.9415403713792339
decision_type=2 2 2 2 2
left_child=1 2 3 4 -1
right_child=-2 -3 -4 -5 -6
leaf_value=4.6377344876393285e-05 -0.00019447392491013583 0.00022865356434825421 -0.00021414823791019444 0.00028537869571168399 -6.7526359829483908e-05
leaf_weight=251 29 24 24 22 187
leaf_count=251 29 24 24 22 187
internal_value=0 1.11019e-05 3.14169e-07 1.15035e-05 -2.25278e-06
internal_weight=0 508 484 460 438
internal_count=537 508 484 460 438
is_linear=0
shrinkage=0.1


Tree=678
num_leaves=8
num_cat=0
split_feature=26 44 47 35 6 44 6
split_gain=0.000121953 0.000306484 0.000131198 0.000403715 0.000437107 0.000283336 0.000496728
threshold=7.0021555404279701 6.5452010056581358 4.9199542854466296 4.9199542854466296 4.3303869599468818 5.1474268681323965 1.9356005054539456
decision_type=2 2 2 2 2 2 2
left_child=1 2 5 -4 -5 6 -1
right_child=-2 -3 3 4 -6 -7 -8
leaf_value=0.00035271619306192462 0.00019945378901019438 -0.0003680662414156003 0.00038297581007046733 -0.00038983246310332712 7.5223300684967859e-05 -0.00034446398861257845 -5.5900168932689177e-05
leaf_weight=34 29 23 34 24 128 27 238
leaf_count=34 29 23 34 24 128 27 238
internal_value=0 -1.13861e-05 5.52858e-06 7.14719e-05 1.79344e-06 -3.5493e-05 -4.82312e-06
internal_weight=0 508 485 186 152 299 272
internal_count=537 508 485 186 152 299 272
is_linear=0
shrinkage=0.1


Tree=679
num_leaves=9
num_cat=0
split_feature=11 10 55 14 46 103 65 6
split_gain=0.000116301 0.000257425 0.00094879 0.000289707 0.000150738 0.000747981 0.000533546 0.000147611
threshold=6.6950642080078762 6.2557481997290569 5.9635760393734838 6.2005071168401162 3.7609296261008152 3.0201273556387074 1.7979990963685306 6.5778139631183867
decision_type=2 2 2 2 2 2 2 2
left_child=1 3 -3 4 5 -1 -6 -4
right_child=-2 2 7 -5 6 -7 -8 -9
leaf_value=-0.00052646193924980867 0.00022516322853996168 -0.00073249281313523672 0.00023364260068774458 0.00037285174909232989 0.0004622284840378497 5.1746178616502396e-05 -3.616034746466374e-06 -0.00010720280651757666
leaf_weight=30 22 22 24 22 27 88 275 27
leaf_count=30 22 22 24 22 27 88 275 27
internal_value=0 -9.61862e-06 -0.000183588 1.91138e-05 5.84679e-07 -9.52559e-05 3.80323e-05 5.3195e-05
internal_weight=0 515 73 442 420 118 302 51
internal_count=537 515 73 442 420 118 302 51
is_linear=0
shrinkage=0.1


Tree=680
num_leaves=11
num_cat=0
split_feature=66 32 66 7 53 47 97 50 65 45
split_gain=0.000110585 0.000330687 0.000290219 0.000219295 0.000393808 0.000384845 0.000372957 0.000941529 0.00053215 0.000299194
threshold=5.2496211935437129 6.2633964485293765 4.4880679366512748 5.081385075233106 3.1315473181876547 2.6735537653587347 3.4811217321331038 3.0433873634561537 1.6085863662850206 4.2625806805327082
decision_type=2 2 2 2 2 2 2 2 2 2
left_child=2 -2 3 6 9 -6 8 -8 -1 -5
right_child=1 -3 -4 4 5 -7 7 -9 -10 -11
leaf_value=-0.00042550790690696775 4.4627442098100714e-05 -0.0004270840132528026 0.00026451764989720097 -0.00060851524014908693 0.00026784076540292624 -0.0001801040789525194 0.00073852499560113458 3.015805277755135e-05 2.6059212373872996e-05 -9.2684212524380373e-05
leaf_weight=31 42 23 43 23 34 44 24 86 165 22
leaf_count=31 42 23 43 23 34 44 24 86 165 22
internal_value=0 -0.000122286 1.68402e-05 -7.98527e-06 -0.000120755 1.51539e-05 3.73438e-05 0.000184711 -4.53621e-05 -0.000356331
internal_weight=0 65 472 429 123 78 306 110 196 45
internal_count=537 65 472 429 123 78 306 110 196 45
is_linear=0
shrinkage=0.1


Tree=681
num_leaves=8
num_cat=0
split_feature=22 22 66 21 21 11 19
split_gain=0.00011397 0.000441823 0.000272698 0.000138592 0.000159794 0.000264986 0.000218414
threshold=6.5087680264540815 6.3062686269857116 5.648949440878984 5.4160905255636633 4.8038866541935423 5.3706272113530096 5.5721468034537072
decision_type=2 2 2 2 2 2 2
left_child=1 3 -2 4 5 -1 -6
right_child=2 -3 -4 -5 6 -7 -8
leaf_value=-1.1139478989890989e-05 0.00031252471106948661 -0.00040872393464842056 -0.00013931470040750522 0.00020184323434745347 -0.00031245000422672631 0.00026845346927936926 4.7392742271767932e-05
leaf_weight=314 34 27 22 34 37 38 31
leaf_count=314 34 27 22 34 37 38 31
internal_value=0 -1.57192e-05 0.000135016 7.65337e-06 -8.06676e-06 1.90439e-05 -0.000148404
internal_weight=0 481 56 454 420 352 68
internal_count=537 481 56 454 420 352 68
is_linear=0
shrinkage=0.1


Tree=682
num_leaves=7
num_cat=0
split_feature=43 37 44 32 33 34
split_gain=0.000107961 0.000602784 0.000166233 0.000122156 0.000167171 0.000171238
threshold=6.1861747525776369 5.9053284366375065 6.5452010056581358 5.9635760393734838 5.3131938456227115 5.609465086342035
decision_type=2 2 2 2 2 2
left_child=1 3 -2 4 5 -1
right_child=2 -3 -4 -5 -6 -7
leaf_value=-1.8510975254984423e-05 -1.2428530537749106e-05 -0.0005266313979187875 0.00033778365000414299 0.00018092115650161807 -0.00027464742630730721 0.0001673532809067622
leaf_weight=341 33 22 23 38 22 58
leaf_count=341 33 22 23 38 22 58
internal_value=0 -1.52991e-05 0.000131409 9.20917e-06 -6.28978e-06 8.50689e-06
internal_weight=0 481 56 459 421 399
internal_count=537 481 56 459 421 399
is_linear=0
shrinkage=0.1


Tree=683
num_leaves=8
num_cat=0
split_feature=41 41 96 2 27 86 20
split_gain=0.000105131 0.000187125 0.000141855 0.000629355 0.000426329 0.000338589 0.000178692
threshold=6.4068582012380899 5.9053284366375065 3.1345481418531311 2.3937458713910238 1.9356005054539456 0.67986905584219193 1.0397207708399181
decision_type=2 2 2 2 2 2 2
left_child=1 2 3 4 -1 6 -4
right_child=-2 -3 5 -5 -6 -7 -8
leaf_value=0.00016741844662776983 -0.00016506165063927053 0.00024201181295211427 0.0001750905658160004 0.00048883262578125019 -0.00041363268173881811 -0.00035206895990995695 -3.0459064043842445e-05
leaf_weight=28 36 33 49 29 23 30 309
leaf_count=28 36 33 49 29 23 30 309
internal_value=0 1.18607e-05 -4.36789e-06 0.000116879 -9.46242e-05 -2.93672e-05 -2.32518e-06
internal_weight=0 501 468 80 51 388 358
internal_count=537 501 468 80 51 388 358
is_linear=0
shrinkage=0.1


Tree=684
num_leaves=10
num_cat=0
split_feature=27 26 27 31 20 17 21 1 7
split_gain=0.000106151 0.000381895 0.000164683 0.000198478 0.000155082 0.000266817 0.000300065 0.000288257 0.000121133
threshold=5.8550678171289681 6.2005071168401162 6.086764396227073 6.3766748835470421 5.5052984857290932 4.007167868649713 3.891612008168019 3.5549397315361362 5.8550678171289681
decision_type=2 2 2 2 2 2 2 2 2
left_child=1 4 -2 -4 5 7 -7 -1 -6
right_child=2 -3 3 -5 8 6 -8 -9 -10
leaf_value=-3.0354368197430347e-05 0.00026751287304640369 -0.00041819668245886499 -0.00019173129253128234 0.00015234738292699485 0.00034347087811593984 -0.00048693069521422414 -6.816749480460747e-05 0.00020699539465429394 1.5252491278300548e-05
leaf_weight=198 35 23 30 38 22 22 77 69 23
leaf_count=198 35 23 30 38 22 22 77 69 23
internal_value=0 -2.16595e-05 9.12642e-05 5.47967e-07 5.31172e-07 -2.10078e-05 -0.000161226 3.09832e-05 0.000175715
internal_weight=0 434 103 68 411 366 99 267 45
internal_count=537 434 103 68 411 366 99 267 45
is_linear=0
shrinkage=0.1


Tree=685
num_leaves=9
num_cat=0
split_feature=6 66 103 100 79 22 14 98
split_gain=0.000101632 0.000588975 0.0003117 0.000196119 0.000170345 0.00016597 0.000218051 0.000188374
threshold=6.212604087723423 4.8751681865209777 5.5012498806127832 10.151271422546131 5.1357811357128673 6.0330833463930107 5.7004379805808041 4.317399216745252
decision_type=2 2 2 2 2 2 2 2
left_child=1 5 -2 4 -4 6 7 -1
right_child=2 -3 3 -5 -6 -7 -8 -9
leaf_value=-2.233555771005603e-05 0.00038862325723480008 -0.00049247666951850991 4.6053395354031252e-05 0.00024180118026296524 -0.00030478578450856734 0.00022617612921749242 -0.00028484651443755462 0.00017640838714055065
leaf_weight=292 26 25 31 22 25 32 27 57
leaf_count=292 26 25 31 22 25 32 27 57
internal_value=0 -2.13206e-05 8.87677e-05 -1.11841e-05 -0.000110571 7.5492e-06 -1.10573e-05 1.01241e-05
internal_weight=0 433 104 78 56 408 376 349
internal_count=537 433 104 78 56 408 376 349
is_linear=0
shrinkage=0.1


Tree=686
num_leaves=10
num_cat=0
split_feature=34 35 35 14 31 89 33 28 96
split_gain=0.00010762 0.000128757 0.000553326 0.000471102 0.000398571 0.000353228 0.000332208 0.000498436 0.000300817
threshold=7.1966391559419423 2.524928003624769 1.5890269151739729 4.8559213341406453 2.6735537653587347 0.27764569800250255 1.8688348091416844 2.6735537653587347 4.0247135285553481
decision_type=2 2 2 2 2 2 2 2 2
left_child=1 2 3 5 -3 -1 -6 -8 -4
right_child=-2 4 8 -5 6 -7 7 -9 -10
leaf_value=4.2207748119835743e-06 -0.00021162981157312575 0.00044417343941977771 -0.00010498138991269198 -0.0003531711166116028 0.00034433303673202839 0.00043386050458667019 -0.00035992865891170669 3.0682909964134427e-05 -0.00062792540834793326
leaf_weight=50 23 23 22 22 28 31 37 279 22
leaf_count=50 23 23 22 22 28 31 37 279 22
internal_value=0 9.46982e-06 -6.96122e-05 5.71937e-05 4.11457e-05 0.000168651 1.41991e-05 -1.50533e-05 -0.000366453
internal_weight=0 514 147 103 367 81 344 316 44
internal_count=537 514 147 103 367 81 344 316 44
is_linear=0
shrinkage=0.1


Tree=687
num_leaves=13
num_cat=0
split_feature=17 65 65 3 89 8 88 15 58 25 41 48
split_gain=0.000113153 0.000702972 0.000678292 0.000454195 0.000692666 0.000419986 0.000291471 0.000537443 0.000573461 0.000378012 0.000492087 0.000298241
threshold=1.8688348091416844 1.6085863662850206 1.7979990963685306 1.9356005054539456 0.26832255140569977 3.8499212036984933 0.41772296771466128 4.6346818562128229 3.9219243190762363 3.1132683346437333 5.7381722323536151 4.4885732424042368
decision_type=2 2 2 2 2 2 2 2 2 2 2 2
left_child=1 -1 -2 4 -3 -5 7 8 -4 -8 -11 -9
right_child=2 3 6 5 -6 -7 9 11 -10 10 -12 -13
leaf_value=-0.00058273916511097923 0.00056551688652358605 -6.541562176029071e-05 -0.0001161797970755836 -0.00049163507671134239 0.00065897837784260373 0.00010635912337380908 0.00047782672821388892 -0.00013001501889477139 -0.00068879424994204032 -0.00010588018372851673 0.0003829893286255638 0.0001442345971817958
leaf_weight=23 22 33 73 24 22 23 24 63 23 71 29 107
leaf_count=23 22 33 73 24 22 23 24 63 23 71 29 107
internal_value=0 -8.33374e-05 2.52844e-05 2.92728e-05 0.000224342 -0.000199 -5.19025e-06 -6.42152e-05 -0.000253369 0.000121428 3.5892e-05 4.26009e-05
internal_weight=0 125 412 102 55 47 390 266 96 124 100 170
internal_count=537 125 412 102 55 47 390 266 96 124 100 170
is_linear=0
shrinkage=0.1


Tree=688
num_leaves=9
num_cat=0
split_feature=37 61 65 4 4 86 86 27
split_gain=9.7541e-05 0.000440232 0.000357963 0.000341751 0.000424645 0.000266488 0.000370174 0.000355359
threshold=1.5890269151739731 0.85184371294609129 3.3671652800845067 3.8499212036984933 4.6346818562128229 0.6813317870098613 0.65913922143987869 2.191013317336941
decision_type=2 2 2 2 2 2 2 2
left_child=2 -2 -1 -4 -5 6 7 -3
right_child=1 5 3 4 -6 -7 -8 -9
leaf_value=-0.00036556288414431038 0.00045719099057764243 0.00028728313929884909 0.0003190619362781204 -0.00043819250356492653 0.0001465329734384324 0.00030143795733305592 -0.00039561530691571538 -3.2715269228483231e-05
leaf_weight=32 22 39 27 23 27 27 25 315
leaf_count=32 22 39 27 23 27 27 25 315
internal_value=0 2.15079e-05 -8.4453e-05 3.23719e-05 -0.000122441 -2.10055e-06 -2.37247e-05 2.53879e-06
internal_weight=0 428 109 77 50 406 379 354
internal_count=537 428 109 77 50 406 379 354
is_linear=0
shrinkage=0.1


Tree=689
num_leaves=10
num_cat=0
split_feature=15 43 41 40 68 45 31 15 32
split_gain=0.000102857 0.000420764 0.000609757 0.000657954 0.000251239 0.000716832 0.000345708 0.000368046 0.000326722
threshold=1.9356005054539456 4.0773937863842606 1.8688348091416844 2.3937458713910238 4.1772346342812865 2.3502401828962087 1.5890269151739729 3.0201273556387074 4.317399216745252
decision_type=2 2 2 2 2 2 2 2 2
left_child=1 2 3 -1 5 -2 -6 -8 -9
right_child=4 -3 -4 -5 6 -7 7 8 -10
leaf_value=-0.00028792088622029761 -6.8933711570155404e-05 0.00027818265405949209 -0.00054415351309392956 0.00039219811477232729 -0.00037484393687918787 0.00064972825576146336 0.00040411677233034583 -0.00019099647483687335 4.6681237967097019e-05
leaf_weight=33 35 25 31 25 24 23 23 76 242
leaf_count=33 35 25 31 25 24 23 23 76 242
internal_value=0 -8.43038e-05 -0.000186126 5.23386e-06 2.27202e-05 0.000216053 -8.00121e-06 1.78176e-05 -1.01222e-05
internal_weight=0 114 89 58 423 58 365 341 318
internal_count=537 114 89 58 423 58 365 341 318
is_linear=0
shrinkage=0.1


Tree=690
num_leaves=11
num_cat=0
split_feature=102 6 12 8 6 77 6 95 77 12
split_gain=0.000103488 0.000652481 0.000357277 0.000309989 0.00030101 0.000235167 0.00040173 0.000217685 0.000189402 0.000179768
threshold=3.6105525490912482 5.8888741216379641 5.3131938456227115 5.0995688973185436 5.272986409146923 1.7005986908310777 6.3296430527342187 5.5052984857290932 5.5090932111090885 6.0844968186443777
decision_type=2 2 2 2 2 2 2 2 2 2
left_child=1 2 3 4 -1 6 -2 -7 -9 -10
right_child=5 -3 -4 -5 -6 7 -8 8 9 -11
leaf_value=-1.9479904580753552e-05 0.00056738980426664727 -0.00043933070384290273 0.00036298038526351944 -0.00036949530362819687 0.00033660853861455022 -0.00025218989280152265 -1.8525369639974089e-05 0.00032146857609570201 0.00011930642546811962 -0.00024755287152154119
leaf_weight=273 22 35 27 23 26 28 25 22 34 22
leaf_count=273 22 35 27 23 26 28 25 22 34 22
internal_value=0 -2.77101e-05 1.35699e-05 -1.57285e-05 1.14843e-05 6.9547e-05 0.000255733 -1.30071e-05 7.28534e-05 -2.48169e-05
internal_weight=0 384 349 322 299 153 47 106 78 56
internal_count=537 384 349 322 299 153 47 106 78 56
is_linear=0
shrinkage=0.1


Tree=691
num_leaves=8
num_cat=0
split_feature=68 69 2 15 1 71 101
split_gain=0.000101024 0.00019359 0.000196252 0.000320001 0.000239434 0.000389637 0.000237713
threshold=3.46163845539213 1.6278160031286226 3.0433873634561537 3.2951505240983434 1.8688348091416844 0.89587973461402759 3.0433873634561537
decision_type=2 2 2 2 2 2 2
left_child=-1 -2 3 -3 5 -4 -6
right_child=1 2 4 -5 6 -7 -8
leaf_value=0.00017830730338270465 -0.00028775828462433614 0.00047475161224032163 -0.00042240070873439048 -5.8714038206507328e-05 0.00021074700085797684 5.2913946702199821e-05 -1.8106878337100252e-05
leaf_weight=30 24 22 35 23 53 34 316
leaf_count=30 24 22 35 23 53 34 316
internal_value=0 -1.05507e-05 3.22356e-06 0.000202091 -1.72081e-05 -0.000188188 1.47637e-05
internal_weight=0 507 483 45 438 69 369
internal_count=537 507 483 45 438 69 369
is_linear=0
shrinkage=0.1


Tree=692
num_leaves=11
num_cat=0
split_feature=41 7 33 35 16 74 45 27 3 57
split_gain=0.00010183 0.000123662 0.000444549 0.000910862 0.000497276 0.000234476 0.000357314 0.000317249 0.000551843 0.000269117
threshold=6.4068582012380899 1.9356005054539456 3.7494348669884658 2.191013317336941 1.5890269151739729 0.88252434624072318 2.3502401828962087 2.8029010331479989 4.2045812236012674 1.3573146361152435
decision_type=2 2 2 2 2 2 2 2 2 2
left_child=1 2 3 4 -1 7 -7 8 -3 -9
right_child=-2 5 -4 -5 -6 6 -8 9 -10 -11
leaf_value=-0.00030347360624000434 -0.0001624496593043053 0.00058961112317147441 0.00026415633122139426 -0.00067439778660493047 0.00029176521377394238 7.4132712927229446e-05 -0.00045366057361800058 -0.00027505069479553235 -3.2785677675357357e-05 5.7078630330083388e-05
leaf_weight=25 36 29 28 27 32 29 23 27 28 253
leaf_count=25 36 29 28 27 32 29 23 27 28 253
internal_value=0 1.1673e-05 -8.09171e-05 -0.000195942 3.06956e-05 3.83314e-05 -0.000159314 6.88286e-05 0.000283872 2.50519e-05
internal_weight=0 501 112 84 57 389 52 337 57 280
internal_count=537 501 112 84 57 389 52 337 57 280
is_linear=0
shrinkage=0.1


Tree=693
num_leaves=6
num_cat=0
split_feature=65 67 65 65 42
split_gain=9.72069e-05 0.000250714 0.000251595 0.000210785 0.000245514
threshold=1.6283470507525168 3.4334666422309414 2.6956991166248234 3.2976135508793205 2.3937458713910238
decision_type=2 2 2 2 2
left_child=-1 -2 -3 -4 -5
right_child=1 2 3 4 -6
leaf_value=0.0001499717934166256 -0.00027011685489144712 0.00033750264692364659 -0.00029718304431298749 0.00022285865552282519 -1.9815185016075081e-05
leaf_weight=40 35 22 24 47 369
leaf_count=40 35 22 24 47 369
internal_value=0 -1.20702e-05 7.47883e-06 -9.02236e-06 7.60229e-06
internal_weight=0 497 462 440 416
internal_count=537 497 462 440 416
is_linear=0
shrinkage=0.1


Tree=694
num_leaves=12
num_cat=0
split_feature=87 79 61 87 87 42 84 57 44 44 12
split_gain=9.23997e-05 0.000329219 0.000283318 0.000381386 0.000207813 0.000607842 0.000428848 0.000251839 0.000246774 0.000774817 0.000385479
threshold=0.5556069708080712 4.7706487139546434 1.7681961091660321 0.65503441193156575 0.29892500444997194 4.5538214868689204 0.2181030808678229 0.94220600764219486 3.0433873634561537 1.5890269151739729 3.1567740231385479
decision_type=2 2 2 2 2 2 2 2 2 2 2
left_child=4 2 -2 -4 7 -6 -7 -1 9 -9 -10
right_child=1 -3 3 -5 5 6 -8 8 10 -11 -12
leaf_value=-0.00026603757070136328 -0.00031746692898609169 -0.00041689916207637319 0.00030233945539316111 -0.00012898609609514894 -0.0001748536973991577 0.00067614955245517191 9.0420812834054234e-05 -0.00011631718145818401 -0.00041856763758308562 0.00048248085397972323 7.8084414626273731e-06
leaf_weight=35 22 23 41 41 32 25 25 47 24 40 182
leaf_count=35 22 23 41 41 32 25 25 47 24 40 182
internal_value=0 -7.45312e-05 1.18476e-06 8.66767e-05 2.30865e-05 0.000165475 0.000383285 -1.25106e-05 1.77742e-05 0.000158992 -4.18664e-05
internal_weight=0 127 104 82 410 82 50 328 293 87 206
internal_count=537 127 104 82 410 82 50 328 293 87 206
is_linear=0
shrinkage=0.1


Tree=695
num_leaves=7
num_cat=0
split_feature=0 96 12 10 62 30
split_gain=9.87557e-05 0.000220144 0.000260017 0.000573959 0.000317624 0.000168409
threshold=6.8249156729561413 6.8053391632106601 6.0844968186443777 6.2557481997290569 5.8720185929668078 6.4952609922484532
decision_type=2 2 2 2 2 2
left_child=1 2 3 5 -4 -1
right_child=-2 -3 4 -5 -6 -7
leaf_value=-6.3122885458467898e-06 0.0002027270082971486 -0.00031855874509677631 0.0005054138209247453 -0.00048360327701084318 -3.1939576497693035e-05 0.0002612604170572013
leaf_weight=398 23 22 22 25 22 25
leaf_count=398 23 22 22 25 22 25
internal_value=0 -9.07144e-06 4.76742e-06 -1.80153e-05 0.000236737 9.5017e-06
internal_weight=0 514 492 448 44 423
internal_count=537 514 492 448 44 423
is_linear=0
shrinkage=0.1


Tree=696
num_leaves=10
num_cat=0
split_feature=65 29 45 17 20 8 103 37 9
split_gain=9.28023e-05 0.000220146 0.000518935 0.000344983 0.000295725 0.000429353 0.000276485 0.000216222 0.000346506
threshold=1.6283470507525168 2.8029010331479989 2.9174053685313028 2.8029010331479989 2.602003343538398 3.8064155152036787 3.1345481418531311 3.0201273556387074 2.8029010331479989
decision_type=2 2 2 2 2 2 2 2 2
left_child=-1 2 4 -3 6 -6 -2 -5 -9
right_child=1 3 -4 7 5 -7 -8 8 -10
leaf_value=0.00014653465391347711 0.0004393055738711899 0.00032406724001500861 -0.00045100456369774681 0.00023567271572948599 -0.00045145281980728253 7.9294013500787392e-05 -4.6769383363425734e-05 -0.00041235481674613603 8.9936587863825427e-07
leaf_weight=40 22 36 35 34 27 35 25 22 261
leaf_count=40 22 36 35 34 27 35 25 22 261
internal_value=0 -1.17935e-05 -0.000115997 3.07145e-05 -8.42612e-06 -0.000151838 0.000180755 -2.6e-06 -3.12264e-05
internal_weight=0 497 144 353 109 62 47 317 283
internal_count=537 497 144 353 109 62 47 317 283
is_linear=0
shrinkage=0.1


Tree=697
num_leaves=8
num_cat=0
split_feature=26 44 41 100 53 62 20
split_gain=8.98077e-05 0.000299801 0.000107643 0.000293151 0.000320621 0.000227424 0.000221272
threshold=7.0021555404279701 6.5452010056581358 5.2310943182715759 8.7816318686317363 2.9996962267531564 5.6238545686170562 5.5568206079685734
decision_type=2 2 2 2 2 2 2
left_child=1 2 5 4 -4 6 -1
right_child=-2 -3 3 -5 -6 -7 -8
leaf_value=-2.1721648060307841e-05 0.00017116012940873748 -0.00036254081193043891 0.00015639491665751849 0.00037421169595290853 -0.00031217263490164091 -0.0003139907101285644 0.00023921800669136751
leaf_weight=334 29 23 40 28 23 24 36
leaf_count=334 29 23 40 28 23 24 36
internal_value=0 -9.77095e-06 6.95834e-06 0.000104986 -1.46694e-05 -1.56826e-05 3.66708e-06
internal_weight=0 508 485 91 63 394 370
internal_count=537 508 485 91 63 394 370
is_linear=0
shrinkage=0.1


Tree=698
num_leaves=10
num_cat=0
split_feature=34 17 65 65 86 65 104 23 89
split_gain=9.16297e-05 0.000101552 0.000547786 0.000464388 0.00042 0.00041719 0.000187462 0.000233473 0.000210028
threshold=7.1966391559419423 1.8688348091416844 1.6085863662850206 1.7979990963685306 0.50707554703091395 3.5040440625318761 1.4978661367769956 3.1132683346437333 0.60571776751115258
decision_type=2 2 2 2 2 2 2 2 2
left_child=1 2 -1 -3 5 -4 7 -5 -8
right_child=-2 3 4 6 -6 -7 8 -9 -10
leaf_value=-0.00051051966223420332 -0.00019527592736741774 0.00048019412656272339 -0.00042941534740384668 -0.00039913028759537675 0.00035168156870801391 7.4361085777733632e-05 8.4717436007942257e-05 -1.6496837605910303e-05 -0.00013069942002143112
leaf_weight=23 23 22 25 23 29 48 236 52 56
leaf_count=23 23 22 25 23 29 48 236 52 56
internal_value=0 8.73803e-06 -6.96739e-05 3.39347e-05 2.97325e-05 -9.81651e-05 7.18342e-06 -0.000133838 4.34046e-05
internal_weight=0 514 125 389 102 73 367 75 292
internal_count=537 514 125 389 102 73 367 75 292
is_linear=0
shrinkage=0.1


Tree=699
num_leaves=7
num_cat=0
split_feature=40 41 41 96 2 86
split_gain=9.74823e-05 0.000330729 9.91383e-05 0.000119026 0.000407914 0.000260931
threshold=6.6707012585667238 6.3314765202922478 5.9053284366375065 3.2180751841847144 2.3937458713910238 0.67986905584219193
decision_type=2 2 2 2 2 2
left_child=1 2 3 4 -1 -5
right_child=-2 -3 -4 5 -6 -7
leaf_value=-6.2843092928233096e-05 0.00018888585674666013 -0.00038889842524605976 0.00020564593032759151 -2.5614347829865582e-06 0.0004002082659765923 -0.00031456650140171405
leaf_weight=52 26 22 24 354 30 29
leaf_count=52 26 22 24 354 30 29
internal_value=0 -9.61063e-06 7.45344e-06 -2.77585e-06 0.000106566 -2.61858e-05
internal_weight=0 511 489 465 82 383
internal_count=537 511 489 465 82 383
is_linear=0
shrinkage=0.1


Tree=700
num_leaves=8
num_cat=0
split_feature=43 46 45 44 34 0 53
split_gain=9.18456e-05 0.000368965 0.000165948 0.000199034 0.000415428 0.000276107 0.000194623
threshold=6.4876828601347034 6.5220754968327581 5.4847883247493394 5.0995688973185436 5.6903366269220443 3.7132745361986528 2.9266115240341928
decision_type=2 2 2 2 2 2 2
left_child=1 2 3 4 -1 -5 -4
right_child=-2 -3 6 5 -6 -7 -8
leaf_value=-2.2262846196388144e-06 0.00016429063152827441 -0.00035670943909971013 0.0003881483612834321 -0.00044767295277613976 0.0004472391892870126 -4.2221099545098646e-05 -2.3625803904988888e-05
leaf_weight=315 32 29 24 22 22 71 22
leaf_count=315 32 29 24 22 22 71 22
internal_value=0 -1.04105e-05 1.06875e-05 -8.62447e-06 2.71157e-05 -0.000138134 0.000191213
internal_weight=0 505 476 430 337 93 46
internal_count=537 505 476 430 337 93 46
is_linear=0
shrinkage=0.1


Tree=701
num_leaves=7
num_cat=0
split_feature=38 40 97 7 11 2
split_gain=9.07472e-05 0.000438174 0.00012026 0.00013646 0.000312389 0.00026691
threshold=6.8053391632106601 6.2125880232083288 6.3595499220255034 5.081385075233106 4.7273486598447958 5.1179758838799021
decision_type=2 2 2 2 2 2
left_child=1 2 3 4 -1 -5
right_child=-2 -3 -4 5 -6 -7
leaf_value=9.4221547635148371e-07 0.00015111712835622147 -0.00041088861645710914 0.00018643622105527256 -0.00037425718876945148 0.0003463885853275785 -1.9192725275181084e-05
leaf_weight=269 37 26 36 26 29 114
leaf_count=269 37 26 36 26 29 114
internal_value=0 -1.11827e-05 1.07421e-05 -3.69848e-06 3.45595e-05 -8.51333e-05
internal_weight=0 500 474 438 298 140
internal_count=537 500 474 438 298 140
is_linear=0
shrinkage=0.1


Tree=702
num_leaves=10
num_cat=0
split_feature=34 88 67 88 95 31 37 6 44
split_gain=9.55001e-05 9.04187e-05 0.000378977 0.000355715 0.000365785 0.000404458 0.000308332 0.000525531 0.000401953
threshold=7.1966391559419423 0.32237371114682284 2.9430520157250784 0.41040294975001845 1.0397207708399181 4.135134555718313 3.4960482137079443 3.4334666422309414 4.2625806805327082
decision_type=2 2 2 2 2 2 2 2 2
left_child=1 2 -1 -3 -5 -6 7 -4 -8
right_child=-2 3 6 4 5 -7 8 -9 -10
leaf_value=0.00040735527693938752 -0.00019935744855067007 -0.00041435542086179814 0.00027141937139926346 -0.00036584673165951088 0.00023903620587088222 -9.4346568266110499e-05 0.0003933123332090973 -0.00022038172218785381 1.7243428495998226e-05
leaf_weight=26 23 23 28 23 69 77 36 97 135
leaf_count=26 23 23 28 23 69 77 36 97 135
internal_value=0 8.92067e-06 4.13076e-05 -4.5395e-05 4.81857e-06 6.3211e-05 9.1548e-06 -0.000110218 9.64158e-05
internal_weight=0 514 322 192 169 146 296 125 171
internal_count=537 514 322 192 169 146 296 125 171
is_linear=0
shrinkage=0.1


Tree=703
num_leaves=6
num_cat=0
split_feature=40 26 58 4 70
split_gain=9.20761e-05 0.000301399 9.85369e-05 0.000180334 0.000122485
threshold=6.6707012585667238 6.8053391632106601 6.2265054227050509 6.2125880232083288 6.0261554667716339
decision_type=2 2 2 2 2
left_child=1 2 3 4 -1
right_child=-2 -3 -4 -5 -6
leaf_value=1.4873550466159415e-05 0.0001835735568490166 -0.00036309843157853367 -0.00019471413587503461 0.00027321911676643561 -0.00021747684198392868
leaf_weight=415 26 23 23 26 24
leaf_count=415 26 23 23 26 24
internal_value=0 -9.34034e-06 7.33269e-06 1.73264e-05 2.17102e-06
internal_weight=0 511 488 465 439
internal_count=537 511 488 465 439
is_linear=0
shrinkage=0.1


Tree=704
num_leaves=10
num_cat=0
split_feature=33 24 12 45 47 34 44 41 103
split_gain=9.11494e-05 0.000449915 0.000251795 0.000103328 0.000300077 0.000520103 0.000443044 0.00024839 0.000310247
threshold=5.8141260764699529 6.102536072598296 5.8550678171289681 3.9316333620047872 3.8393944990995772 4.744894319750431 4.5325416796595226 3.891612008168019 1.0397207708399181
decision_type=2 2 2 2 2 2 2 2 2
left_child=1 3 -2 4 5 -1 -6 -5 -9
right_child=2 -3 -4 7 6 -7 -8 8 -10
leaf_value=-6.1023045578436887e-05 -6.9140497108861608e-05 -0.00042071073616030982 0.00029813333080840363 0.0003802120057199235 -0.00049010486418997207 0.00033150947153423425 8.2187894198189809e-05 -0.00028715301831551995 8.4881451711584251e-05
leaf_weight=157 40 26 35 22 31 43 24 27 132
leaf_count=157 40 26 35 22 31 43 24 27 132
internal_value=0 -1.65997e-05 0.000102254 7.4987e-06 -3.35155e-05 2.33714e-05 -0.000240377 6.52811e-05 2.17058e-05
internal_weight=0 462 75 436 255 200 55 181 159
internal_count=537 462 75 436 255 200 55 181 159
is_linear=0
shrinkage=0.1


Tree=705
num_leaves=6
num_cat=0
split_feature=34 26 31 46 47
split_gain=9.18314e-05 0.000102942 0.000125055 0.000108369 9.35242e-05
threshold=7.1966391559419423 6.4723451000674386 6.1246809968142868 6.4496799081455176 5.7333360402263844
decision_type=2 2 2 2 2
left_child=1 2 3 4 -1
right_child=-2 -3 -4 -5 -6
leaf_value=9.5075041845829424e-06 -0.00019549068427928115 0.00016280222320347096 -0.00023170280192457346 0.00019787303681368941 -0.00015493350445850459
leaf_weight=385 23 40 23 28 38
leaf_count=385 23 40 23 28 38
internal_value=0 8.74764e-06 -4.25275e-06 7.3467e-06 -5.26497e-06
internal_weight=0 514 474 451 423
internal_count=537 514 474 451 423
is_linear=0
shrinkage=0.1


Tree=706
num_leaves=8
num_cat=0
split_feature=27 16 23 25 30 29 89
split_gain=9.16721e-05 0.00035408 0.000163116 0.000355528 0.000178573 0.000135234 0.000177378
threshold=5.8550678171289681 6.102536072598296 5.631205358429944 5.1238931127034038 5.5093801410486734 5.7381722323536151 0.31368864502841426
decision_type=2 2 2 2 2 2 2
left_child=1 2 3 4 -1 -2 -7
right_child=5 -3 -4 -5 -6 6 -8
leaf_value=2.1326066212608451e-05 0.00024804559558534121 -0.0004019520518815388 -0.00024630427872762088 0.00038999965583267721 -0.00017892717886962392 -0.00012417504121480132 0.00020434984837131061
leaf_weight=310 34 23 25 24 52 42 27
leaf_count=310 34 23 25 24 52 42 27
internal_value=0 -2.01282e-05 1.23906e-06 1.72717e-05 -7.43959e-06 8.48121e-05 4.37818e-06
internal_weight=0 434 411 386 362 103 69
internal_count=537 434 411 386 362 103 69
is_linear=0
shrinkage=0.1


Tree=707
num_leaves=11
num_cat=0
split_feature=30 21 21 28 28 52 17 34 21 86
split_gain=8.35122e-05 0.000104848 0.000496753 0.000361334 0.000712186 0.000374126 0.00019843 0.000352206 0.000255586 0.000221159
threshold=7.0021555404279701 2.3502401828962087 1.8688348091416844 2.524928003624769 1.0397207708399181 3.3842466058243152 3.1984648276080736 4.791641144189394 3.8499212036984933 0.67560729503369699
decision_type=2 2 2 2 2 2 2 2 2 2
left_child=1 2 3 4 -1 -5 7 -3 -8 -10
right_child=-2 6 -4 5 -6 -7 8 -9 9 -11
leaf_value=-6.9540340878437593e-05 -0.00016505192475521873 0.00037021943920630888 -0.00049987587633288722 -0.0004919057843091485 0.00061043649329803893 2.8836158634402563e-05 -0.00022419098316086729 -6.7927785175925243e-05 8.665071448234845e-06 0.00032850019451871051
leaf_weight=43 29 43 22 22 24 37 43 32 218 24
leaf_count=43 29 43 22 22 24 37 43 32 218 24
internal_value=0 9.42226e-06 -6.14326e-05 1.5121e-05 0.000174033 -0.000165339 3.85515e-05 0.000183277 4.65888e-07 4.03843e-05
internal_weight=0 508 148 126 67 59 360 75 285 242
internal_count=537 508 148 126 67 59 360 75 285 242
is_linear=0
shrinkage=0.1


Tree=708
num_leaves=8
num_cat=0
split_feature=35 26 17 34 52 65 104
split_gain=8.93787e-05 0.000243362 9.56581e-05 0.000542084 0.000909386 0.00032811 0.000155501
threshold=6.6950642080078762 6.8053391632106601 1.8688348091416844 5.2203412156610947 1.7005986908310777 1.7979990963685306 1.4978661367769956
decision_type=2 2 2 2 2 2 2
left_child=1 2 3 4 -1 -4 -7
right_child=-2 -3 5 -5 -6 6 -8
leaf_value=-0.00073551317400415432 0.00019738860322501175 -0.00032636962018050723 0.00040659830595938151 0.00038147097432308583 -1.0511730947599311e-05 -0.00012130500767292289 4.3067769190522948e-05
leaf_weight=22 22 23 22 22 81 73 272
leaf_count=22 22 23 22 22 81 73 272
internal_value=0 -8.43213e-06 6.4308e-06 -6.9123e-05 -0.000165366 3.21644e-05 8.28744e-06
internal_weight=0 515 492 125 103 367 345
internal_count=537 515 492 125 103 367 345
is_linear=0
shrinkage=0.1


Tree=709
num_leaves=8
num_cat=0
split_feature=53 33 68 53 57 46 65
split_gain=9.67737e-05 0.000628146 0.000652864 0.000392175 0.000269616 0.000228053 0.000223936
threshold=0.70808679187955681 2.5619819897016298 4.7421489880725423 1.0098148431804506 1.7972813549905873 7.0021555404279701 3.2138647534109137
decision_type=2 2 2 2 2 2 2
left_child=1 -1 -3 -2 -5 6 -6
right_child=3 2 -4 4 5 -7 -8
leaf_value=0.00046692685476349045 -0.000403574604424648 -0.00049523899979249115 0.00019022749250077389 0.00029298808658495545 -0.00024030717538802752 -0.00033084317130322398 2.5412566736434376e-05
leaf_weight=30 25 24 33 30 35 22 338
leaf_count=30 25 24 33 30 35 22 338
internal_value=0 9.65469e-05 -9.839e-05 -1.86657e-05 3.97597e-06 -1.79743e-05 4.79079e-07
internal_weight=0 87 57 450 425 395 373
internal_count=537 87 57 450 425 395 373
is_linear=0
shrinkage=0.1


Tree=710
num_leaves=7
num_cat=0
split_feature=22 22 66 84 84 37
split_gain=9.97806e-05 0.000378177 0.000207697 0.000107541 0.000139447 0.000146921
threshold=6.4952609922484532 6.3062686269857116 5.648949440878984 0.64270603399980974 0.51761223441361348 1.8688348091416844
decision_type=2 2 2 2 2 2
left_child=1 3 -2 4 5 -1
right_child=2 -3 -4 -5 -6 -7
leaf_value=-7.6947307010643247e-05 0.00027727878494520806 -0.00039364960126113153 -0.00010956118418582029 0.0001796882607819002 -0.00018539704170507322 5.4782941108674923e-05
leaf_weight=127 35 25 23 33 40 254
leaf_count=127 35 25 23 33 40 254
internal_value=0 -1.49997e-05 0.000123877 5.85108e-06 -7.77511e-06 1.08729e-05
internal_weight=0 479 58 454 421 381
internal_count=537 479 58 454 421 381
is_linear=0
shrinkage=0.1


Tree=711
num_leaves=9
num_cat=0
split_feature=33 33 12 34 40 69 53 53
split_gain=9.40991e-05 0.000396101 0.000224368 9.03953e-05 0.000387337 0.000281633 0.000270957 0.000181174
threshold=5.8141260764699529 5.5606520443413574 5.8550678171289681 5.6524337755370313 5.1984817689835037 1.5138613836196224 0.70808679187955681 3.2480083730269782
decision_type=2 2 2 2 2 2 2 2
left_child=1 3 -2 5 -5 -1 -7 -6
right_child=2 -3 -4 4 7 6 -8 -9
leaf_value=-0.0003350529676446548 -5.7895546051440759e-05 -0.0004309583802585787 0.00028879912231267161 0.00045763631219001991 0.0001515863515468764 0.00022378145745000327 -3.1051669695599063e-05 -0.00019101396487023909
leaf_weight=26 40 22 35 22 29 49 281 33
leaf_count=26 40 22 35 22 29 49 281 33
internal_value=0 -1.68661e-05 0.000103895 3.83849e-06 9.71493e-05 -1.81787e-05 6.78719e-06 -3.07654e-05
internal_weight=0 462 75 440 84 356 330 62
internal_count=537 462 75 440 84 356 330 62
is_linear=0
shrinkage=0.1


Tree=712
num_leaves=10
num_cat=0
split_feature=31 35 42 30 43 3 97 89 37
split_gain=8.4125e-05 0.000595989 0.000242511 0.000287456 0.000250017 0.000160159 0.000189099 0.000167541 0.000267868
threshold=5.5412558557490508 5.379886735236628 5.9375327241700111 5.5093801410486734 5.1984817689835037 4.8121513051691478 5.1561734468561555 0.2914098791825106 5.2417330174952186
decision_type=2 2 2 2 2 2 2 2 2
left_child=1 2 3 4 -1 -2 -7 8 -8
right_child=5 -3 -4 -5 -6 6 7 -9 -10
leaf_value=3.8089460444182376e-05 0.00024386223160183511 -0.00046920510524484728 0.00029244207617011851 -0.0003473405175706527 -0.0003048398850850113 -0.00025181911351746352 0.0002063556981738657 0.00025373013058924702 -0.0002155386983384447
leaf_weight=281 37 28 28 24 23 23 27 32 34
leaf_count=281 37 28 28 24 23 23 27 32 34
internal_value=0 -2.49836e-05 9.95513e-06 -1.41596e-05 1.21441e-05 6.2704e-05 4.9208e-06 6.84156e-05 -2.87986e-05
internal_weight=0 384 356 328 304 153 116 93 61
internal_count=537 384 356 328 304 153 116 93 61
is_linear=0
shrinkage=0.1


Tree=713
num_leaves=8
num_cat=0
split_feature=11 10 55 30 15 2 6
split_gain=8.50862e-05 0.000200977 0.000646268 0.000253865 0.00012187 0.000132156 0.000121249
threshold=6.6950642080078762 6.2557481997290569 5.9635760393734838 6.4952609922484532 5.6663728065440679 5.081385075233106 6.7320053855989617
decision_type=2 2 2 2 2 2 2
left_child=1 3 -3 4 5 -1 -4
right_child=-2 2 6 -5 -6 -7 -8
leaf_value=-2.5382232119793705e-05 0.00019259039436292369 -0.00061496460624436045 0.00016777474274617976 0.00030316033444250935 -0.00018428706560585212 0.00010337958099530386 -0.00014355018887396331
leaf_weight=265 22 22 29 29 34 114 22
leaf_count=265 22 22 29 29 34 114 22
internal_value=0 -8.22716e-06 -0.000161943 1.71603e-05 -2.92198e-06 1.33482e-05 3.34777e-05
internal_weight=0 515 73 442 413 379 51
internal_count=537 515 73 442 413 379 51
is_linear=0
shrinkage=0.1


Tree=714
num_leaves=8
num_cat=0
split_feature=34 22 86 28 48 20 16
split_gain=8.27677e-05 9.41485e-05 0.000203872 0.000165778 0.000155621 0.000143857 0.000163368
threshold=7.1966391559419423 6.2633964485293765 0.36480708859936029 5.948031580597152 5.7651468795656617 5.5052984857290932 5.4116061905722832
decision_type=2 2 2 2 2 2 2
left_child=1 3 4 5 -3 6 -1
right_child=-2 2 -4 -5 -6 -7 -8
leaf_value=3.1939406355579395e-06 -0.00018559274461079874 0.00043601582510746086 -0.00010110886758883244 -0.00027023926753748172 5.98854395899583e-05 0.00019104476940762986 -0.00027751232582059776
leaf_weight=360 23 22 27 23 22 38 22
leaf_count=360 23 22 27 23 22 38 22
internal_value=0 8.30474e-06 0.00011521 -8.82902e-06 0.000247951 5.48631e-06 -1.29724e-05
internal_weight=0 514 71 443 44 420 382
internal_count=537 514 71 443 44 420 382
is_linear=0
shrinkage=0.1


Tree=715
num_leaves=6
num_cat=0
split_feature=36 32 22 63 79
split_gain=8.78881e-05 0.000304645 8.89902e-05 0.000111354 0.000163327
threshold=6.4232258802757327 6.2633964485293765 6.4296986659514745 6.8538156587124126 5.1357811357128673
decision_type=2 2 2 2 2
left_child=1 2 3 4 -1
right_child=-2 -3 -4 -5 -6
leaf_value=-7.77376166781001e-06 0.00014660077234255275 -0.00037499064806483645 0.00016668714874867874 -0.00019901263211587712 0.00027218026384203271
leaf_weight=395 38 22 32 28 22
leaf_count=395 38 22 32 28 22
internal_value=0 -1.1164e-05 5.61628e-06 -5.96635e-06 6.996e-06
internal_weight=0 499 477 445 417
internal_count=537 499 477 445 417
is_linear=0
shrinkage=0.1


Tree=716
num_leaves=7
num_cat=0
split_feature=47 34 80 37 33 61
split_gain=7.97521e-05 0.000129438 8.76085e-05 0.000152516 0.000404479 0.000304562
threshold=6.4876828601347034 6.5889255315107418 2.637353750454452 1.5890269151739731 1.5890269151739731 3.843738790210959
decision_type=2 2 2 2 2 2
left_child=1 2 3 5 -5 -1
right_child=-2 -3 -4 4 -6 -7
leaf_value=-0.00026303933441083232 -0.00015309278755921697 0.00021866169672648541 -0.00014822980301687494 0.00045685696465873419 1.3399761151567527e-05 8.4689194621508567e-05
leaf_weight=53 32 28 38 22 316 48
leaf_count=53 32 28 38 22 316 48
internal_value=0 9.70093e-06 -2.56511e-06 1.00437e-05 4.22638e-05 -9.77822e-05
internal_weight=0 505 477 439 338 101
internal_count=537 505 477 439 338 101
is_linear=0
shrinkage=0.1


Tree=717
num_leaves=9
num_cat=0
split_feature=66 39 66 66 24 24 92 20
split_gain=8.35341e-05 0.00025025 0.000164503 0.000195107 0.000195773 0.000241355 0.000190303 0.000182507
threshold=5.2496211935437129 5.9188794015264019 4.4880679366512748 3.8064155152036787 5.0995688973185436 4.8282817362782584 5.3469992938948794 5.2443855436100657
decision_type=2 2 2 2 2 2 2 2
left_child=2 -2 3 4 5 -1 -5 -6
right_child=1 -3 -4 6 7 -7 -8 -9
leaf_value=1.4731558520463209e-05 -0.00028238959102964148 0.00011233466451311212 0.00020110711108806522 -0.00040217880596173929 0.00042028988695661114 -0.0003278599200050601 9.211408277306791e-06 2.5371015770360832e-05
leaf_weight=315 36 29 43 23 22 22 22 25
leaf_count=315 36 29 43 23 22 22 22 25
internal_value=0 -0.000106282 1.46363e-05 -4.05428e-06 1.90317e-05 -7.63346e-06 -0.000201055 0.000210227
internal_weight=0 65 472 429 384 337 45 47
internal_count=537 65 472 429 384 337 45 47
is_linear=0
shrinkage=0.1


Tree=718
num_leaves=7
num_cat=0
split_feature=34 26 31 42 42 42
split_gain=8.39605e-05 7.55895e-05 9.87918e-05 8.36889e-05 0.000477034 0.0004763
threshold=7.1966391559419423 6.4723451000674386 6.1246809968142868 5.0906732680195743 4.8597823571876004 5.272986409146923
decision_type=2 2 2 2 2 2
left_child=1 2 3 4 -1 -5
right_child=-2 -3 -4 5 -6 -7
leaf_value=1.9997360469293498e-05 -0.00018692528474671037 0.00014037482418643779 -0.00020493598975641046 0.00041719921273104246 -0.00039635909469647998 -1.4913764037929569e-05
leaf_weight=245 23 40 23 31 31 144
leaf_count=245 23 40 23 31 31 144
internal_value=0 8.36436e-06 -2.77577e-06 7.53396e-06 -2.67673e-05 6.1632e-05
internal_weight=0 514 474 451 276 175
internal_count=537 514 474 451 276 175
is_linear=0
shrinkage=0.1


Tree=719
num_leaves=13
num_cat=0
split_feature=87 79 61 87 87 34 24 65 96 101 2 98
split_gain=8.03181e-05 0.000269256 0.000218459 0.000239802 0.000158129 0.000466724 0.000376171 0.000186409 0.000873825 0.000222509 0.000362937 0.000331481
threshold=0.5556069708080712 4.7706487139546434 1.7681961091660321 0.65503441193156575 0.29892500444997194 4.6586997221347959 5.1984817689835037 3.2455315582919382 3.4334666422309414 3.9701138825728512 5.1416464569318583 3.7132745361986528
decision_type=2 2 2 2 2 2 2 2 2 2 2 2
left_child=4 2 -2 -4 7 -6 -7 8 -1 11 -11 -9
right_child=1 -3 3 -5 5 6 -8 9 -10 10 -12 -13
leaf_value=0.00018699598386384816 -0.00028082390807950024 -0.00037911114048493684 0.00024506658281585797 -9.6951689813910746e-05 -0.00013073292731340707 0.00065318813077200593 8.6217552889138475e-05 0.00023585734008783364 -0.00053600782002831697 -0.00029583785163108696 4.7686836158525832e-05 -0.00016751383723372042
leaf_weight=35 22 23 41 41 35 22 25 83 32 43 108 27
leaf_count=35 22 23 41 41 35 22 25 83 32 43 108 27
internal_value=0 -6.9488e-05 -1.01361e-06 7.40574e-05 2.15243e-05 0.000145731 0.000351608 -9.5273e-06 -0.000158319 2.86683e-05 -5.01381e-05 0.000136848
internal_weight=0 127 104 82 410 82 47 328 67 261 151 110
internal_count=537 127 104 82 410 82 47 328 67 261 151 110
is_linear=0
shrinkage=0.1


Tree=720
num_leaves=9
num_cat=0
split_feature=53 45 5 53 57 89 89 96
split_gain=7.27988e-05 0.000598854 0.000333529 0.000320916 0.00020024 0.000193291 0.000466945 0.000252573
threshold=0.70808679187955681 3.5549397315361362 2.6735537653587347 1.0098148431804506 1.7972813549905873 0.22974486851048764 1.0000000180025095e-35 4.6491756246494491
decision_type=2 2 2 2 2 2 2 2
left_child=1 -1 -3 -2 -5 6 -6 -7
right_child=3 2 -4 4 5 7 -8 -9
leaf_value=0.00039601092276926565 -0.00036437733887578365 -0.00040793286413342384 0.00010441422583190379 0.0002533610675406332 -2.2042178148803398e-05 -0.00013234454825420552 -0.00046495731396673906 0.00014293874263792772
leaf_weight=36 25 24 27 30 201 46 27 121
leaf_count=36 25 24 27 30 201 46 27 121
internal_value=0 8.37378e-05 -0.00013669 -1.61893e-05 4.29234e-06 -1.46243e-05 -7.44927e-05 6.71122e-05
internal_weight=0 87 51 450 425 395 228 167
internal_count=537 87 51 450 425 395 228 167
is_linear=0
shrinkage=0.1


Tree=721
num_leaves=8
num_cat=0
split_feature=41 41 96 46 47 100 104
split_gain=7.74967e-05 9.87024e-05 8.85097e-05 0.000414892 0.000770122 0.000191884 0.000348028
threshold=6.4068582012380899 5.9053284366375065 3.2180751841847144 3.7609296261008152 5.1059271080903725 6.4295893882764688 1.0986122886681102
decision_type=2 2 2 2 2 2 2
left_child=1 2 3 -1 -5 -4 -7
right_child=-2 -3 5 4 -6 6 -8
leaf_value=-0.00016151536486480231 -0.00014171700281116905 0.00017733497615236876 -0.00024148819668173222 0.00068348928073191928 -0.00013561977010050958 0.00022704903529844608 -4.3017119772171244e-05
leaf_weight=36 36 33 36 24 22 57 293
leaf_count=36 36 33 36 24 22 57 293
internal_value=0 1.01833e-05 -1.60308e-06 9.27507e-05 0.000291741 -2.16471e-05 9.65083e-07
internal_weight=0 501 468 82 46 386 350
internal_count=537 501 468 82 46 386 350
is_linear=0
shrinkage=0.1


Tree=722
num_leaves=6
num_cat=0
split_feature=84 45 37 35 42
split_gain=7.30909e-05 0.000119529 0.000142067 0.000114781 9.58891e-05
threshold=0.68497705806044296 6.5507496134458441 6.086764396227073 5.9788825602762081 5.272986409146923
decision_type=2 2 2 2 2
left_child=1 2 3 4 -1
right_child=-2 -3 -4 -5 -6
leaf_value=2.7755754463420579e-05 -0.00015166591542462509 0.00022217358893249185 -0.00022944653940682589 0.00021086568740429358 -7.7572114484307053e-05
leaf_weight=309 30 25 26 27 120
leaf_count=309 30 25 26 27 120
internal_value=0 8.97431e-06 -2.08374e-06 1.08799e-05 -1.70659e-06
internal_weight=0 507 482 456 429
internal_count=537 507 482 456 429
is_linear=0
shrinkage=0.1


Tree=723
num_leaves=7
num_cat=0
split_feature=47 34 31 34 40 69
split_gain=7.60915e-05 0.000104512 9.22656e-05 9.92545e-05 0.000452322 0.000314936
threshold=6.4876828601347034 6.5889255315107418 6.1246809968142868 5.1298812082267613 4.3693677306817369 1.6278160031286226
decision_type=2 2 2 2 2 2
left_child=1 2 3 5 -5 -1
right_child=-2 -3 -4 4 -6 -7
leaf_value=-0.00037397066480480138 -0.00014953797672205839 0.00019724192035417738 -0.00019694633384737564 0.00041441332171915189 -9.1613739991940013e-06 4.3843761859258818e-06
leaf_weight=24 32 28 23 31 135 264
leaf_count=24 32 28 23 31 135 264
internal_value=0 9.47567e-06 -1.54624e-06 8.35288e-06 6.99399e-05 -2.71452e-05
internal_weight=0 505 477 454 166 288
internal_count=537 505 477 454 166 288
is_linear=0
shrinkage=0.1


Tree=724
num_leaves=6
num_cat=0
split_feature=65 65 67 64 104
split_gain=7.68397e-05 0.000198418 0.000208107 0.000188801 0.000165484
threshold=1.6283470507525168 2.1347476817907398 4.2045812236012674 3.443244540594486 0.8958797346140277
decision_type=2 2 2 2 2
left_child=-1 -2 -3 -4 -5
right_child=1 2 3 4 -6
leaf_value=0.0001333379698189674 -0.0002438963988371303 0.00026109534931795985 -0.00024500797460405013 0.00020038505816046383 -1.3986286267077413e-05
leaf_weight=40 34 30 32 40 361
leaf_count=40 34 30 32 40 361
internal_value=0 -1.07314e-05 6.39084e-06 -1.12561e-05 7.39739e-06
internal_weight=0 497 463 433 401
internal_count=537 497 463 433 401
is_linear=0
shrinkage=0.1


Tree=725
num_leaves=6
num_cat=0
split_feature=40 41 26 25 20
split_gain=7.49768e-05 0.000271814 7.95762e-05 0.000100107 0.000116495
threshold=6.6707012585667238 6.3314765202922478 6.5352317916717775 5.5052984857290932 5.5052984857290932
decision_type=2 2 2 2 2
left_child=1 2 3 4 -1
right_child=-2 -3 -4 -5 -6
leaf_value=-1.0459307640892527e-05 0.00016565325366592822 -0.00035227842017775406 0.00017072610066861673 -0.00016804183199864759 0.0001419950907112597
leaf_weight=369 26 22 28 34 58
leaf_count=369 26 22 28 34 58
internal_value=0 -8.42854e-06 7.04118e-06 -2.90063e-06 1.02488e-05
internal_weight=0 511 489 461 427
internal_count=537 511 489 461 427
is_linear=0
shrinkage=0.1


Tree=726
num_leaves=6
num_cat=0
split_feature=30 44 49 13 9
split_gain=7.54765e-05 8.07257e-05 7.87569e-05 0.000106414 0.000147112
threshold=7.0021555404279701 6.4232258802757327 6.3851247223965801 6.1246618437622455 5.6903366269220443
decision_type=2 2 2 2 2
left_child=1 2 3 4 -1
right_child=-2 -3 -4 -5 -6
leaf_value=-1.2106841156558155e-05 -0.00015691037928075371 0.00018797318228583511 0.00017292611894663423 -0.00018233188999478115 0.00021757178949580221
leaf_weight=396 29 24 25 33 30
leaf_count=396 29 24 25 33 30
internal_value=0 8.95748e-06 8.06719e-08 -9.33357e-06 4.06771e-06
internal_weight=0 508 484 459 426
internal_count=537 508 484 459 426
is_linear=0
shrinkage=0.1


Tree=727
num_leaves=9
num_cat=0
split_feature=35 26 75 71 53 14 36 44
split_gain=7.49653e-05 0.000228782 7.6314e-05 0.000416272 0.000303477 0.000233288 0.000228443 0.000718048
threshold=6.6950642080078762 6.8053391632106601 2.0715673631957667 2.2975599250672958 3.612422182126934 4.791641144189394 1.0397207708399181 2.9174053685313028
decision_type=2 2 2 2 2 2 2 2
left_child=1 2 6 5 -5 -4 -1 -8
right_child=-2 -3 3 4 -6 -7 7 -9
leaf_value=-0.00018212833874713398 0.00018077374929403465 -0.00031598850976518846 -0.00050607953040029822 0.00025580738763571442 -5.5595180795838443e-05 -0.00011409728500364842 0.00045781798661465012 -6.3179430316477712e-08
leaf_weight=40 22 23 22 51 81 49 41 208
leaf_count=40 22 23 22 51 81 49 41 208
internal_value=0 -7.72237e-06 6.68844e-06 -4.03032e-05 6.47194e-05 -0.000235557 3.96964e-05 7.53309e-05
internal_weight=0 515 492 203 132 71 289 249
internal_count=537 515 492 203 132 71 289 249
is_linear=0
shrinkage=0.1


Tree=728
num_leaves=7
num_cat=0
split_feature=22 22 66 32 31 41
split_gain=7.78311e-05 0.000310939 0.000158726 0.00010606 0.000124211 0.000122792
threshold=6.4952609922484532 6.3062686269857116 5.648949440878984 5.9635760393734838 5.8749149497672386 5.0271592211193568
decision_type=2 2 2 2 2 2
left_child=1 3 -2 4 5 -1
right_child=2 -3 -4 -5 -6 -7
leaf_value=-1.6353365462936187e-05 0.00024351008885007886 -0.00035659005725756289 -9.4664089406053443e-05 0.00017035539132040061 -0.000234431011030329 0.00015278685759581931
leaf_weight=346 35 25 23 36 23 49
leaf_count=346 35 25 23 36 23 49
internal_value=0 -1.32476e-05 0.000109407 5.65897e-06 -8.52541e-06 4.62859e-06
internal_weight=0 479 58 454 418 395
internal_count=537 479 58 454 418 395
is_linear=0
shrinkage=0.1


Tree=729
num_leaves=9
num_cat=0
split_feature=36 45 8 32 44 53 53 89
split_gain=7.82893e-05 0.00076116 0.000408249 0.000276895 0.000177464 0.000250182 0.000287326 0.000203664
threshold=1.9356005054539456 2.5619819897016298 1.9356005054539456 2.191013317336941 2.191013317336941 4.2425600231327421 3.6498829124566363 0.2444714479475863
decision_type=2 2 2 2 2 2 2 2
left_child=1 2 -1 -2 -5 6 -6 -7
right_child=3 -3 -4 4 5 7 -8 -9
leaf_value=-0.00040686432152267968 -0.0003485624253395751 0.00044038077396328082 0.00010049927405946489 0.00024390537790688023 -1.3602667756868851e-05 3.4600989734330639e-06 -0.00027152265810610309 0.0003320989251016837
leaf_weight=29 24 37 35 28 255 44 52 33
leaf_count=29 24 37 35 28 255 44 52 33
internal_value=0 7.93317e-05 -0.0001294 -1.83773e-05 8.56798e-07 -1.68655e-05 -5.72894e-05 0.000144305
internal_weight=0 101 64 436 412 384 307 77
internal_count=537 101 64 436 412 384 307 77
is_linear=0
shrinkage=0.1


Tree=730
num_leaves=13
num_cat=0
split_feature=27 27 98 66 6 26 28 40 73 23 53 98
split_gain=7.81317e-05 0.000279942 0.000835677 0.000163855 0.000242182 0.000391596 0.000228597 0.00020069 0.000153843 0.00012568 0.000138513 0.000116218
threshold=5.8550678171289681 5.1984817689835037 3.2769667020129059 3.2951505240983434 4.9089648320872419 4.7790881836238563 2.9174053685313028 4.7621374077860157 1.2424533248940004 5.9188794015264019 3.1914737186377642 5.0562255201382529
decision_type=2 2 2 2 2 2 2 2 2 2 2 2
left_child=1 3 -3 4 5 -1 -6 -5 -4 -2 -11 -12
right_child=9 2 8 7 6 -7 -8 -9 -10 10 11 -13
leaf_value=-1.9462866268761846e-05 0.00029025448027162134 -0.00071132342669774195 0.00013953317393315958 0.00036829841743123588 -0.00043326202642426573 0.00032829291420057418 -5.0847982466048399e-05 -3.9534788326515511e-06 -0.00016181362907445875 -0.00014108758512065833 0.00028358895348598405 -2.4487936840159819e-05
leaf_weight=170 22 22 36 28 22 40 54 30 32 32 24 25
leaf_count=170 22 22 36 28 22 40 54 30 32 32 24 25
internal_value=0 -1.85823e-05 -0.0001756 2.24977e-05 -8.58226e-06 4.67763e-05 -0.000161547 0.000175754 -2.27709e-06 7.82984e-05 2.073e-05 0.000126407
internal_weight=0 434 90 344 286 210 76 58 68 103 81 49
internal_count=537 434 90 344 286 210 76 58 68 103 81 49
is_linear=0
shrinkage=0.1


Tree=731
num_leaves=16
num_cat=0
split_feature=98 98 72 80 48 21 92 25 100 89 36 88 102 80 53
split_gain=7.39276e-05 0.000877988 0.000232206 0.000532786 0.000402867 0.00042196 0.000460438 0.000358618 0.000309758 0.000150231 0.000287248 0.000252792 0.000391398 0.000241808 0.000149137
threshold=3.0201273556387074 3.4334666422309414 0.22580253811627232 0.50591065724896778 1.5890269151739729 1.8688348091416844 5.2985217578485289 3.1984648276080736 7.7074021963887569 0.065471168630690413 3.9701138825728512 0.18117684839793091 3.4811217321331038 0.4894351942631967 3.7870910720223336
decision_type=2 2 2 2 2 2 2 2 2 2 2 2 2 2 2
left_child=2 -2 4 8 7 -6 -7 -1 -4 11 -11 12 -3 -13 -12
right_child=1 9 3 -5 5 6 -8 -9 -10 10 14 13 -14 -15 -16
leaf_value=-0.00032644909280558448 -0.0006010559876867775 -0.00046404258103174123 -0.00048299537776338476 0.0003071183140491485 0.00055527329338604301 -0.00022342374029774093 0.00027628482008973756 0.00012697745076710253 1.3590424635407071e-06 0.00034202971944718492 -0.00011523341930418004 0.0002518797268031018 9.1579767451383485e-06 -0.00015893398009686043 0.00014803543752536942
leaf_weight=33 25 29 31 22 28 28 54 37 23 35 48 38 44 23 39
leaf_count=33 25 29 31 22 28 28 54 37 23 35 48 38 44 23 39
internal_value=0 -3.54147e-05 3.88731e-05 -0.000107697 0.000100758 0.000220102 0.000105653 -8.67808e-05 -0.000276696 1.98238e-05 0.000100108 -5.32712e-05 -0.000178826 9.69828e-05 2.78365e-06
internal_weight=0 281 256 76 180 110 82 70 54 256 122 134 73 61 87
internal_count=537 281 256 76 180 110 82 70 54 256 122 134 73 61 87
is_linear=0
shrinkage=0.1


Tree=732
num_leaves=12
num_cat=0
split_feature=31 27 35 44 95 43 85 88 10 101 89
split_gain=7.52679e-05 0.000419976 0.000149338 0.000153691 0.000216265 0.00012174 0.00015702 0.000117554 0.000188555 0.000376486 0.000321858
threshold=5.379886735236628 5.1984817689835037 5.5412558557490508 6.0185902545239411 4.8282817362782584 6.063774391912955 0.39794663995881546 0.66907834697810442 3.4334666422309414 2.8314802400679731 0.54720635870335943
decision_type=2 2 2 2 2 2 2 2 2 2 2
left_child=1 7 -2 5 -5 6 -4 8 10 -10 -1
right_child=2 -3 3 4 -6 -7 -8 -9 9 -11 -12
leaf_value=-6.3462907966258453e-06 0.00027058926924062828 -0.0003658705523279919 -0.00032224793503701223 -5.3921694052405664e-06 0.00038495168372802176 0.00012569548095846337 2.016467610133077e-06 0.00020422637457418854 0.0002931798062649171 -2.8313852497376505e-05 -0.00042976610734163281
leaf_weight=58 27 33 28 40 22 22 32 28 46 175 26
leaf_count=58 27 33 28 40 22 22 32 28 46 175 26
internal_value=0 -2.55903e-05 5.47722e-05 1.43065e-05 0.000133117 -7.55258e-05 -0.000149307 8.13118e-06 -9.87101e-06 3.86034e-05 -0.000137405
internal_weight=0 366 171 144 62 82 60 333 305 221 84
internal_count=537 366 171 144 62 82 60 333 305 221 84
is_linear=0
shrinkage=0.1


Tree=733
num_leaves=8
num_cat=0
split_feature=34 26 51 72 85 87 101
split_gain=7.48555e-05 6.85436e-05 8.53914e-05 0.000169115 0.000111049 0.00026226 0.000262136
threshold=7.1966391559419423 6.5352317916717775 5.950628989035704 0.22580253811627232 0.60829731397041964 0.68132155220869406 5.1298812082267613
decision_type=2 2 2 2 2 2 2
left_child=1 2 4 -4 5 -1 -6
right_child=-2 -3 3 -5 6 -7 -8
leaf_value=-2.9596704331625544e-05 -0.00017649905244268116 0.00015204121159953385 -0.00025286385793671281 0.00010095682122151959 0.00040549158730636528 0.00031243903901364927 -2.0168692907855775e-05
leaf_weight=340 23 31 35 22 23 24 39
leaf_count=340 23 31 35 22 23 24 39
internal_value=0 7.89782e-06 -1.35362e-06 -0.000116301 1.40267e-05 -7.0449e-06 0.000137738
internal_weight=0 514 483 57 426 364 62
internal_count=537 514 483 57 426 364 62
is_linear=0
shrinkage=0.1


Tree=734
num_leaves=10
num_cat=0
split_feature=87 87 73 2 60 57 21 65 60
split_gain=7.49675e-05 0.000249267 0.000240021 0.000231329 0.000137209 0.000159002 0.000235165 0.000222281 0.000292121
threshold=0.5556069708080712 0.62972296850805487 1.0000000180025095e-35 5.0688844241303981 1.0551066001732952 1.592112006014599 2.8029010331479989 2.4801646362137135 3.6441222005100626
decision_type=2 2 2 2 2 2 2 2 2
left_child=4 -2 3 -3 -1 6 -6 -7 -9
right_child=1 2 -4 -5 5 7 -8 8 -10
leaf_value=0.00025809096772243955 -0.00027003609055366437 -3.2799954836567244e-05 -0.00017206419367409712 0.00039389035464409972 -0.00038468332598616452 0.00032391702140254592 6.2788844914631121e-05 -0.00030632027557860259 3.7628927293947099e-05
leaf_weight=23 41 27 35 24 24 24 23 27 289
leaf_count=23 41 27 35 24 24 24 23 27 289
internal_value=0 -6.71335e-05 2.95991e-05 0.000167995 2.0795e-05 6.69216e-06 -0.000165708 3.05239e-05 8.24086e-06
internal_weight=0 127 86 51 410 387 47 340 316
internal_count=537 127 86 51 410 387 47 340 316
is_linear=0
shrinkage=0.1


Tree=735
num_leaves=10
num_cat=0
split_feature=62 6 104 33 29 7 15 12 46
split_gain=7.92039e-05 0.000478643 0.000193837 0.000206383 0.000160577 0.000128187 0.000103704 0.000153297 0.000152138
threshold=4.744894319750431 5.9635760393734838 3.2573563454362655 4.6539149966267201 5.7381722323536151 5.8749149497672386 5.6663728065440679 5.3131938456227115 3.7609296261008152
decision_type=2 2 2 2 2 2 2 2 2
left_child=5 -2 -3 -4 -5 6 7 8 -1
right_child=1 2 3 4 -6 -7 -8 -9 -10
leaf_value=-9.7628971942707301e-05 -0.00049309624274345961 0.00021629351870026717 -0.00032891012220220134 0.00019296200213108838 -0.00016085611701861997 0.00025101645201768566 -0.00019791305303047208 0.00027688857662724333 4.8435362537077974e-05
leaf_weight=102 22 34 22 29 23 23 23 22 237
leaf_count=102 22 34 22 29 23 23 23 22 237
internal_value=0 -6.79535e-05 1.86497e-05 -7.21597e-05 3.64655e-05 2.1705e-05 7.97025e-06 2.10875e-05 4.4868e-06
internal_weight=0 130 108 74 52 407 384 361 339
internal_count=537 130 108 74 52 407 384 361 339
is_linear=0
shrinkage=0.1


Tree=736
num_leaves=6
num_cat=0
split_feature=84 45 37 35 16
split_gain=8.43107e-05 0.000117519 0.000108867 0.00010676 8.63827e-05
threshold=0.68497705806044296 6.5507496134458441 6.086764396227073 5.9788825602762081 1.9356005054539456
decision_type=2 2 2 2 2
left_child=1 2 3 4 -1
right_child=-2 -3 -4 -5 -6
leaf_value=8.2022056696204299e-05 -0.00016289120193202204 0.000221037931565661 -0.00020035683594939589 0.00020289404562424387 -2.6048408567285532e-05
leaf_weight=95 30 25 26 27 334
leaf_count=95 30 25 26 27 334
internal_value=0 9.63853e-06 -1.32617e-06 1.00221e-05 -2.11672e-06
internal_weight=0 507 482 456 429
internal_count=537 507 482 456 429
is_linear=0
shrinkage=0.1


Tree=737
num_leaves=8
num_cat=0
split_feature=68 69 2 15 17 88 30
split_gain=7.59077e-05 0.000124696 0.00015533 0.000240415 0.000101938 0.000151144 0.000123806
threshold=3.46163845539213 1.6278160031286226 3.0433873634561537 3.2951505240983434 1.0397207708399181 0.41040294975001845 4.8121513051691478
decision_type=2 2 2 2 2 2 2
left_child=-1 -2 3 -3 6 -6 -4
right_child=1 2 4 -5 5 -7 -8
leaf_value=0.00015456076284560066 -0.00023162515559912815 0.00041516702059942129 -0.00027984233767710973 -4.7226300280865126e-05 -4.3411457007399197e-05 8.8743322665510373e-05 3.2478551987548019e-05
leaf_weight=30 24 22 30 23 255 131 22
leaf_count=30 24 22 30 23 255 131 22
internal_value=0 -9.14561e-06 1.90928e-06 0.000178833 -1.62678e-05 1.439e-06 -0.000147707
internal_weight=0 507 483 45 438 386 52
internal_count=537 507 483 45 438 386 52
is_linear=0
shrinkage=0.1


Tree=738
num_leaves=12
num_cat=0
split_feature=92 23 53 31 23 64 61 4 8 61 66
split_gain=7.11951e-05 0.00017085 0.000702394 0.00029191 0.000162669 0.000160174 0.000223977 0.000136263 0.000400537 0.000272611 0.000135947
threshold=5.3500682607514358 5.3229980813168991 2.7621254806540354 2.6735537653587347 5.7651468795656617 2.1097538525880535 1.6600138229157391 3.8499212036984933 3.6235402922928786 3.843738790210959 5.5908755847211582
decision_type=2 2 2 2 2 2 2 2 2 2 2
left_child=5 2 3 -2 -3 -1 -7 8 -8 -9 -6
right_child=1 4 -4 -5 10 6 7 9 -10 -11 -12
leaf_value=0.00026485010670372643 0.00033115563476356964 0.00026540860650129614 -0.00053415279596060101 -0.00011594068793783664 -0.00015361096354210628 -0.00027465986898348024 2.3592557315757458e-05 -0.00029570961535985895 0.00050232420511416747 3.1547517790472955e-05 0.00015441933706903874
leaf_weight=26 23 25 31 40 38 26 85 30 22 168 23
leaf_count=26 23 25 31 40 38 26 85 30 22 168 23
internal_value=0 -5.12786e-05 -0.000144466 4.7285e-05 5.05772e-05 2.58547e-05 7.08169e-06 3.1099e-05 0.000122023 -1.80369e-05 -3.74684e-05
internal_weight=0 180 94 63 86 357 331 305 107 198 61
internal_count=537 180 94 63 86 357 331 305 107 198 61
is_linear=0
shrinkage=0.1


Tree=739
num_leaves=12
num_cat=0
split_feature=96 96 54 103 48 50 104 51 48 99 67
split_gain=7.71427e-05 0.000667782 0.000236476 0.000154574 0.000147682 0.000209285 0.000432045 0.000301545 0.000204274 0.000143841 0.000134234
threshold=5.9480043110926326 6.1158701961393769 5.424940314113365 5.6057750326932236 5.1873702005911486 4.5325416796595226 1.0986122886681102 1.9356005054539456 5.5797227059640084 3.7609296261008152 6.8538156587124126
decision_type=2 2 2 2 2 2 2 2 2 2 2
left_child=2 -2 4 -3 5 7 -7 -1 -6 10 -5
right_child=1 3 -4 9 8 6 -8 -9 -10 -11 -12
leaf_value=6.7901396055822266e-05 -0.00054417829101680579 0.00022583870112788236 0.00032063852180726828 1.0059844597079163e-05 -0.00038466798270581586 0.00045702340226970624 1.4058911852101264e-05 -0.0001788724600440374 1.3762195322347144e-05 0.00016526841500308365 -0.00028319050741427217
leaf_weight=125 24 31 25 37 22 31 76 82 31 26 27
leaf_count=125 24 31 25 37 22 31 76 82 31 26 27
internal_value=0 -6.23188e-05 2.30516e-05 3.32566e-05 2.78002e-06 2.88418e-05 0.000142394 -2.98544e-05 -0.000151624 -3.30772e-05 -0.000113655
internal_weight=0 145 392 121 367 314 107 207 53 90 64
internal_count=537 145 392 121 367 314 107 207 53 90 64
is_linear=0
shrinkage=0.1


Tree=740
num_leaves=11
num_cat=0
split_feature=30 41 51 48 42 42 42 42 68 9
split_gain=6.69081e-05 7.63847e-05 0.000159563 0.000135251 0.000131904 0.000119424 0.00028058 0.000314993 0.000230722 0.000216347
threshold=7.0021555404279701 5.2310943182715759 5.1298812082267613 2.9430520157250784 6.2766364227531826 5.3890613045707267 5.1179758838799021 4.8282817362782584 5.0640404430129964 4.744894319750431
decision_type=2 2 2 2 2 2 2 2 2 2
left_child=1 5 3 4 -3 6 7 -1 -7 -10
right_child=-2 2 -4 -5 -6 8 -8 -9 9 -11
leaf_value=2.4805518348139345e-05 -0.00014773555549568143 0.00027701760726896201 0.00025844360477224527 -0.0001959592198545579 -4.5355930409035259e-05 -0.00039812583391639323 0.00027330712250782325 -0.00026882148664552979 0.00021723295035569565 -0.00019345699918881895
leaf_weight=243 29 22 35 24 30 22 37 43 23 29
leaf_count=243 29 22 35 24 30 22 37 43 23 29
internal_value=0 8.43372e-06 8.17677e-05 4.03792e-07 9.10329e-05 -1.20702e-05 1.4182e-05 -1.93412e-05 -0.000126658 -1.18057e-05
internal_weight=0 508 111 76 52 397 323 286 74 52
internal_count=537 508 111 76 52 397 323 286 74 52
is_linear=0
shrinkage=0.1


Tree=741
num_leaves=12
num_cat=0
split_feature=31 30 61 30 27 83 35 44 95 73 33
split_gain=6.9844e-05 0.00032752 0.000159601 0.000167473 0.000267034 0.000170578 0.000126275 0.000136436 0.000159366 9.43957e-05 0.000137223
threshold=5.379886735236628 5.6524337755370313 0.85184371294609129 5.081385075233106 1.5890269151739729 0.45575872606471696 5.5412558557490508 6.0185902545239411 4.8282817362782584 2.4814223151299539 5.7837825769642768
decision_type=2 2 2 2 2 2 2 2 2 2 2
left_child=1 2 -1 4 -4 -5 -2 9 -9 10 -8
right_child=6 -3 3 5 -6 -7 7 8 -10 -11 -12
leaf_value=0.00023367999067353408 0.00025121604644314009 -0.00028391711635184798 0.00010768575864079009 -3.0189012904884293e-05 -0.00011741390394191201 0.00033921934582758698 -0.00027084903656831368 8.5937043331796319e-06 0.00034367619899223264 0.00010810011957470455 3.3134620483636996e-05
leaf_weight=29 27 43 77 25 167 25 33 40 22 22 27
leaf_count=29 27 43 77 25 167 25 33 40 22 22 27
internal_value=0 -2.4651e-05 9.86427e-06 -1.22128e-05 -4.63784e-05 0.000154515 5.27619e-05 1.55517e-05 0.000127494 -6.90876e-05 -0.000134056
internal_weight=0 366 323 294 244 50 171 144 62 82 60
internal_count=537 366 323 294 244 50 171 144 62 82 60
is_linear=0
shrinkage=0.1


Tree=742
num_leaves=11
num_cat=0
split_feature=87 96 98 52 7 46 96 67 97 101
split_gain=6.70942e-05 0.000246429 0.000788667 0.000278796 0.000133216 0.000327855 0.000791115 0.000258664 0.000179312 0.000147881
threshold=0.5556069708080712 4.5271940351011493 3.6105525490912482 5.9375222812873565 1.9356005054539456 3.7609296261008152 3.9701138825728512 3.2180751841847144 2.602003343538398 3.9701138825728512
decision_type=2 2 2 2 2 2 2 2 2 2
left_child=4 -2 -3 -4 5 -1 -7 -6 -9 -10
right_child=1 2 3 -5 7 6 -8 8 9 -11
leaf_value=-0.00035107101383243482 0.00013823383301425521 -0.00064642063854686673 0.00023404127186950064 -0.00019028817157959566 0.00037244974218597431 0.00052152968075295744 -0.00024806675261489171 -0.0002213571107185325 0.00014714252090702851 -6.2858167511876673e-06
leaf_weight=31 41 24 32 30 23 22 34 27 98 175
leaf_count=31 41 24 32 30 23 22 34 27 98 175
internal_value=0 -6.35105e-05 -0.000159691 2.87206e-05 1.96728e-05 -9.01588e-05 5.42747e-05 4.92559e-05 2.44777e-05 4.8791e-05
internal_weight=0 127 86 62 410 87 56 323 300 273
internal_count=537 127 86 62 410 87 56 323 300 273
is_linear=0
shrinkage=0.1


Tree=743
num_leaves=12
num_cat=0
split_feature=34 88 100 11 100 41 15 46 88 46 30
split_gain=7.11281e-05 7.05103e-05 0.000268452 0.000386568 0.000237107 0.000733455 0.000403995 0.000387387 0.000175344 0.000164492 0.000153498
threshold=7.1966391559419423 0.32237371114682284 6.459903229849254 4.1742689126930488 6.5792357796731817 1.8688348091416844 4.1742689126930488 3.4960482137079443 0.51191660595040933 4.234001473612734 4.1430087342023825
decision_type=2 2 2 2 2 2 2 2 2 2 2
left_child=1 4 -3 9 5 -1 7 -6 -5 -4 -8
right_child=-2 2 3 8 6 -7 10 -9 -10 -11 -12
leaf_value=0.00066057624239677004 -0.00017204856507621868 -0.00028641237764127756 0.00043162465874708935 -0.00034327542214972109 -0.00050898515805602074 -4.4962689181131015e-05 0.00032783509033596723 -4.9531085560506587e-05 -3.0615669431785474e-05 8.9649839299874251e-05 4.9223282794692685e-05
leaf_weight=23 23 36 22 24 25 41 23 69 71 39 141
leaf_count=23 23 36 22 24 25 41 23 69 71 39 141
internal_value=0 7.69867e-06 -4.02661e-05 1.65369e-05 3.62988e-05 0.00020859 -6.44025e-06 -0.000171726 -0.000109603 0.000212985 8.82969e-05
internal_weight=0 514 192 156 322 64 258 94 95 61 164
internal_count=537 514 192 156 322 64 258 94 95 61 164
is_linear=0
shrinkage=0.1


Tree=744
num_leaves=11
num_cat=0
split_feature=92 15 11 98 2 96 43 47 44 25
split_gain=6.07762e-05 0.000269258 0.000575579 0.000171596 0.00011331 0.000352583 0.000178996 0.00078167 0.000427185 0.000104646
threshold=5.3872575775666087 4.9415403713792339 2.6735537653587347 3.8064155152036787 2.3937458713910238 3.1345481418531311 3.0201273556387074 2.9430520157250784 2.524928003624769 5.7837825769642768
decision_type=2 2 2 2 2 2 2 2 2 2
left_child=4 2 -2 -3 -1 -6 7 -7 -8 -5
right_child=1 3 -4 9 5 6 8 -9 -10 -11
leaf_value=-0.00014283133846803163 6.4563692312394436e-05 0.00023232993717101636 -0.00062449663237202919 -0.00019813611202321396 0.00042458547012012626 3.3539599113429737e-05 0.00048313869192497807 -0.00062544534104579889 1.899668928486808e-05 8.8848182804213146e-05
leaf_weight=39 27 32 22 27 22 99 22 22 201 24
leaf_count=39 27 32 22 27 22 99 22 22 201 24
internal_value=0 -5.89278e-05 -0.00024481 5.08101e-05 1.92061e-05 3.64724e-05 1.16512e-05 -8.62758e-05 6.47865e-05 -6.30847e-05
internal_weight=0 132 49 83 405 366 344 121 223 51
internal_count=537 132 49 83 405 366 344 121 223 51
is_linear=0
shrinkage=0.1


Tree=745
num_leaves=9
num_cat=0
split_feature=53 45 12 53 54 14 14 43
split_gain=6.4585e-05 0.000425291 0.000283015 0.000242675 0.000181182 0.000159795 0.000435441 0.000213474
threshold=0.70808679187955681 3.5549397315361362 1.0397207708399181 1.0098148431804506 1.9356005054539456 4.1107394736335969 4.465842055365858 1.9356005054539456
decision_type=2 2 2 2 2 2 2 2
left_child=1 -1 -3 -2 -5 7 -7 -6
right_child=3 2 -4 4 5 6 -8 -9
leaf_value=0.00034203096810819669 -0.00031803089463119249 -0.00032898405581902436 0.00014297319382118684 0.00022397956942821863 -3.0835511117604456e-06 0.00044419192919039317 -1.7209370814124202e-05 -0.000337938514139475
leaf_weight=36 25 27 24 34 45 22 291 33
leaf_count=36 25 27 24 34 45 22 291 33
internal_value=0 7.88724e-05 -0.000106887 -1.52487e-05 2.56205e-06 -1.66917e-05 1.52214e-05 -0.000144753
internal_weight=0 87 51 450 425 391 313 78
internal_count=537 87 51 450 425 391 313 78
is_linear=0
shrinkage=0.1


Tree=746
num_leaves=9
num_cat=0
split_feature=30 34 27 69 60 57 25 13
split_gain=6.01844e-05 7.45261e-05 0.000254884 0.000199569 0.00019492 0.000179876 0.000122748 0.000104741
threshold=7.0021555404279701 5.6524337755370313 4.7621374077860157 1.5138613836196224 1.9088561629784524 1.5420386805928581 4.9904094477362264 5.0937313815282925
decision_type=2 2 2 2 2 2 2 2
left_child=1 3 -3 -1 -5 -6 -4 -8
right_child=-2 2 6 4 5 -7 7 -9
leaf_value=-0.00028359511007483188 -0.00014011594898404617 0.00038159790353595532 -0.00016386336411718127 0.00028495008237255009 -0.00024947932370802543 8.2140211392516155e-06 0.00022295657099069408 -1.3573434818467564e-06
leaf_weight=26 29 22 30 23 30 279 30 68
leaf_count=26 29 22 30 23 30 279 30 68
internal_value=0 7.99874e-06 6.7171e-05 -1.67941e-05 4.09995e-06 -1.68048e-05 1.31289e-05 6.73102e-05
internal_weight=0 508 150 358 332 309 128 98
internal_count=537 508 150 358 332 309 128 98
is_linear=0
shrinkage=0.1


Tree=747
num_leaves=13
num_cat=0
split_feature=98 98 72 80 48 4 36 51 20 55 0 84
split_gain=6.22459e-05 0.00079228 0.000161966 0.000381302 0.000302174 0.000292729 0.000275575 0.000395892 0.000219228 0.000131221 0.000320744 0.000147923
threshold=3.0201273556387074 3.4334666422309414 0.22580253811627232 0.50591065724896778 3.2951505240983434 4.0856584373598661 1.0397207708399181 1.9356005054539456 2.6735537653587347 4.317399216745252 4.6346818562128229 0.67644775793055045
decision_type=2 2 2 2 2 2 2 2 2 2 2 2
left_child=2 -2 4 8 6 -6 -1 -8 -4 -3 -11 -12
right_child=1 9 3 -5 5 -7 7 -9 -10 10 11 -13
leaf_value=-0.00031727821119602599 -0.00056982031482039021 0.000209399009736444 -4.4392036215867847e-06 0.00026418275202476333 0.00042638863278625654 2.0605121699190933e-05 0.00028404188823991544 -0.00015014674908819697 -0.0004099274430579196 -0.00031737783408908429 4.9005735447883783e-06 0.0002611159713034375
leaf_weight=24 25 32 24 22 40 32 42 42 30 29 169 26
leaf_count=24 25 32 24 22 40 32 42 42 30 29 169 26
internal_value=0 -3.24964e-05 3.56699e-05 -8.67414e-05 8.73546e-05 0.00024604 -1.84359e-05 6.69476e-05 -0.00022971 1.99767e-05 -7.08368e-06 3.90626e-05
internal_weight=0 281 256 76 180 72 108 84 54 256 224 195
internal_count=537 281 256 76 180 72 108 84 54 256 224 195
is_linear=0
shrinkage=0.1


Tree=748
num_leaves=7
num_cat=0
split_feature=84 45 37 34 87 100
split_gain=6.64677e-05 9.28865e-05 7.98201e-05 9.28395e-05 0.000191797 0.000189492
threshold=0.68497705806044296 6.5507496134458441 6.086764396227073 5.6524337755370313 0.12008433422675381 4.9542375470235838
decision_type=2 2 2 2 2 2
left_child=1 2 3 5 -5 -1
right_child=-2 -3 -4 4 -6 -7
leaf_value=-0.00025233928820178391 -0.00014463101271151876 0.00019650086842011661 -0.0001716131140710786 0.00018698303903615205 -9.7053306267803755e-05 6.6331472521097949e-06
leaf_weight=31 30 25 26 70 36 319
leaf_count=31 30 25 26 70 36 319
internal_value=0 8.55805e-06 -1.19002e-06 8.52708e-06 9.05179e-05 -1.63044e-05
internal_weight=0 507 482 456 106 350
internal_count=537 507 482 456 106 350
is_linear=0
shrinkage=0.1


Tree=749
num_leaves=14
num_cat=0
split_feature=8 97 19 97 97 65 36 86 53 19 101 8 92
split_gain=6.56605e-05 0.000226091 0.000381261 0.00020172 0.00044237 0.000272106 0.00022644 0.000219023 0.000192528 0.000200171 0.000176622 0.000201573 0.000172258
threshold=4.8282817362782584 4.976709960642169 5.1298812082267613 3.4811217321331038 4.1510089048756029 1.6085863662850206 1.9356005054539456 0.60956789662742317 2.4497148029771396 4.0428973506407848 4.6346818562128229 5.6454406545496605 5.3262937226227001
decision_type=2 2 2 2 2 2 2 2 2 2 2 2 2
left_child=3 2 -2 5 -5 -1 -7 -8 -6 -10 -3 -12 -13
right_child=1 10 -4 4 8 6 7 -9 9 -11 11 12 -14
leaf_value=-0.0003068241164944465 -8.3583280710237372e-06 0.00020676895227025904 -0.00053961330982433132 0.00050396055879537013 -0.00016861482654348948 0.00028091220564992577 2.8042728246084225e-05 -0.00029099024746015114 0.00037709754251409323 1.1616666827823328e-05 -0.00028721508707139248 0.00020015560603496853 -7.4056164998009569e-05
leaf_weight=31 35 38 22 25 32 27 106 27 22 47 26 36 63
leaf_count=31 35 38 22 25 32 27 106 27 22 47 26 36 63
internal_value=0 -4.19743e-05 -0.000213404 2.91304e-05 0.000127345 -3.56603e-05 1.68776e-05 -3.67234e-05 3.41233e-05 0.000128147 1.79736e-05 -3.94202e-05 2.56572e-05
internal_weight=0 220 57 317 126 191 160 133 101 69 163 125 99
internal_count=537 220 57 317 126 191 160 133 101 69 163 125 99
is_linear=0
shrinkage=0.1


Tree=750
num_leaves=7
num_cat=0
split_feature=64 64 60 31 12 3
split_gain=7.91754e-05 0.000140877 0.000118104 8.18136e-05 0.000286641 0.000103679
threshold=1.2482071283197402 2.3902615367329769 2.4531001379796868 5.379886735236628 6.0614542021347031 4.8121513051691478
decision_type=2 2 2 2 2 2
left_child=-1 -2 -3 4 -4 -5
right_child=1 2 3 5 -6 -7
leaf_value=0.00018152046047717983 -0.000226233323233568 0.00022562093122953389 -9.6487125099756481e-06 0.00018729360652775163 -0.00037734913051320731 4.5708888364970333e-06
leaf_weight=23 28 23 271 41 23 128
leaf_count=23 28 23 271 41 23 128
internal_value=0 -8.12251e-06 4.44354e-06 -6.54367e-06 -3.84144e-05 4.89001e-05
internal_weight=0 514 486 463 294 169
internal_count=537 514 486 463 294 169
is_linear=0
shrinkage=0.1


Tree=751
num_leaves=7
num_cat=0
split_feature=65 64 42 73 42 65
split_gain=6.66607e-05 0.000146931 0.000105317 0.000199586 0.000143167 0.000100203
threshold=1.6283470507525168 2.6567398071438575 2.3937458713910238 3.5259278114779473 3.7132745361986528 3.7619494789819643
decision_type=2 2 2 2 2 2
left_child=-1 -2 3 -3 -4 -6
right_child=1 2 4 -5 5 -7
leaf_value=0.00012419266538927332 -0.0002106410451233387 0.00035070495080920716 -0.00021213869129662108 -3.9145328528006915e-05 0.00011802504608987455 -1.8457264054369752e-05
leaf_weight=40 34 24 33 29 65 312
leaf_count=40 34 24 33 29 65 312
internal_value=0 -9.99539e-06 4.73885e-06 0.000137391 -1.24088e-05 5.07417e-06
internal_weight=0 497 463 53 410 377
internal_count=537 497 463 53 410 377
is_linear=0
shrinkage=0.1


Tree=752
num_leaves=7
num_cat=0
split_feature=47 34 70 36 57 57
split_gain=6.23522e-05 8.94639e-05 6.63486e-05 0.000407079 0.000184636 0.000180006
threshold=6.4876828601347034 6.5889255315107418 1.8110205081588358 1.0397207708399181 1.592112006014599 1.9274715363862878
decision_type=2 2 2 2 2 2
left_child=1 2 3 -1 -4 -6
right_child=-2 -3 4 -5 5 -7
leaf_value=-0.00020750793422242474 -0.00013536599267354178 0.00018230107777656357 -0.00023853323274285206 0.00034106453064938953 0.00028231201854809611 -1.220290303590545e-05
leaf_weight=24 32 28 34 31 22 366
leaf_count=24 32 28 34 31 22 366
internal_value=0 8.57765e-06 -1.61995e-06 0.000101687 -1.50842e-05 4.4964e-06
internal_weight=0 505 477 55 422 388
internal_count=537 505 477 55 422 388
is_linear=0
shrinkage=0.1


Tree=753
num_leaves=8
num_cat=0
split_feature=64 64 103 64 30 24 49
split_gain=6.31865e-05 0.00010859 9.2055e-05 0.00016389 0.000155154 0.000142356 0.000159891
threshold=1.2482071283197402 2.3902615367329769 3.5408542930527882 3.7582846555381662 7.0021555404279701 1.9356005054539456 3.0433873634561537
decision_type=2 2 2 2 2 2 2
left_child=-1 -2 5 -4 -5 -3 -7
right_child=1 2 3 4 -6 6 -8
leaf_value=0.0001621595415560043 -0.0001987488063345414 0.00029406610265141357 -0.00021690132368045549 2.0848667310705775e-05 -0.00024915516905425842 -7.5289768728632213e-05 0.00016315683359589088
leaf_weight=23 28 24 39 285 23 66 49
leaf_count=23 28 24 39 285 23 66 49
internal_value=0 -7.25617e-06 3.77633e-06 -2.3769e-05 6.86043e-07 7.25406e-05 2.63092e-05
internal_weight=0 514 486 347 308 139 115
internal_count=537 514 486 347 308 139 115
is_linear=0
shrinkage=0.1


Tree=754
num_leaves=8
num_cat=0
split_feature=68 69 2 15 99 16 3
split_gain=5.95204e-05 8.41548e-05 0.000115663 0.00015214 0.000123607 0.00023805 0.000141254
threshold=3.46163845539213 1.6278160031286226 3.0433873634561537 3.2951505240983434 0.89587973461402759 3.7132745361986528 4.3502571242716384
decision_type=2 2 2 2 2 2 2
left_child=-1 -2 3 -3 5 -4 -6
right_child=1 2 4 -5 6 -7 -8
leaf_value=0.00013686399091966453 -0.00019086780039287988 0.00034165774974326268 -0.00026217073670103188 -2.6176486964054084e-05 0.00012531030634735626 2.4886704148124972e-05 -2.3397287903934088e-05
leaf_weight=30 24 22 52 23 88 65 233
leaf_count=30 24 22 52 23 88 65 233
internal_value=0 -8.09846e-06 9.83246e-07 0.000153654 -1.47021e-05 -0.000102694 1.73699e-05
internal_weight=0 507 483 45 438 117 321
internal_count=537 507 483 45 438 117 321
is_linear=0
shrinkage=0.1


Tree=755
num_leaves=8
num_cat=0
split_feature=11 10 55 28 15 98 60
split_gain=6.07776e-05 0.000122047 0.000428072 0.000153446 8.12088e-05 0.000104873 7.84546e-05
threshold=6.6950642080078762 6.2557481997290569 5.9635760393734838 6.0741952825945456 5.6454406545496605 4.317399216745252 6.3550208457998352
decision_type=2 2 2 2 2 2 2
left_child=1 3 -3 4 5 -1 -4
right_child=-2 2 6 -5 -6 -7 -8
leaf_value=-1.5799637593926887e-05 0.0001627709437095539 -0.00049543795599178838 0.00015879142659832722 0.00022736956543080705 -0.0001468159966963059 0.00011707677197505659 -8.9314716219982633e-05
leaf_weight=301 22 22 25 31 36 74 26
leaf_count=301 22 22 25 31 36 74 26
internal_value=0 -6.95332e-06 -0.00012674 1.28305e-05 -3.3513e-06 1.04213e-05 3.23059e-05
internal_weight=0 515 73 442 411 375 51
internal_count=537 515 73 442 411 375 51
is_linear=0
shrinkage=0.1


Tree=756
num_leaves=9
num_cat=0
split_feature=64 1 36 104 103 99 33 96
split_gain=5.95946e-05 0.000107251 0.000383338 0.00021827 0.000158979 8.47725e-05 0.00019628 0.000145692
threshold=1.2482071283197402 1.0397207708399181 3.6235402922928786 1.4978661367769956 2.1383330595080281 0.89587973461402759 3.1132683346437333 5.4337124689388192
decision_type=2 2 2 2 2 2 2 2
left_child=-1 2 -2 -4 -3 6 -6 -7
right_child=1 4 3 -5 5 7 -8 -9
leaf_value=0.00015748309353670186 -0.00044694708897926222 0.0002263204241899075 0.00026562980657099221 -0.00015358446118490842 -0.00021963387148121803 0.00010480572262346615 8.0597247831878799e-05 -3.4253839452605171e-05
leaf_weight=23 24 32 23 27 51 122 38 197
leaf_count=23 24 32 23 27 51 122 38 197
internal_value=0 -7.04691e-06 -0.000118433 3.92541e-05 1.16862e-05 -5.14789e-06 -9.14453e-05 1.89288e-05
internal_weight=0 514 74 50 440 408 89 319
internal_count=537 514 74 50 440 408 89 319
is_linear=0
shrinkage=0.1


Tree=757
num_leaves=13
num_cat=0
split_feature=97 102 37 64 40 72 102 18 21 53 23 42
split_gain=6.29841e-05 0.000332353 0.000233493 0.000501791 0.00046898 0.000472636 0.000243579 0.000180162 0.000149984 0.000127274 0.000352704 0.000157421
threshold=5.1179758838799021 3.2951505240983434 1.8688348091416844 2.4203406930554818 1.9356005054539456 0.044397001057170891 2.3502401828962087 4.0247135285553481 3.8499212036984933 3.3015149975004081 5.6454406545496605 5.1761337726651186
decision_type=2 2 2 2 2 2 2 2 2 2 2 2
left_child=1 2 4 -4 -1 -6 -5 -2 -9 11 -11 -10
right_child=7 -3 3 6 5 -7 -8 8 9 10 -12 -13
leaf_value=-0.00039419798895802446 0.00028913772643696014 -0.00032339632835989027 0.00050684336019912735 -6.36337347434995e-05 0.00037136191520123528 -0.00022073768946678947 0.00019509413851112329 -0.00023095258185766517 -0.00025173012335707659 0.00039865800215920904 -1.2054013980862995e-05 6.9644538435958186e-05
leaf_weight=38 26 34 23 127 26 28 51 23 27 30 69 35
leaf_count=38 26 34 23 127 26 28 51 23 27 30 69 35
internal_value=0 -2.7445e-05 6.89742e-06 6.72921e-05 -0.000125052 6.43473e-05 1.04962e-05 4.27359e-05 7.9182e-06 4.20426e-05 0.000112404 -7.03089e-05
internal_weight=0 327 293 201 92 54 178 210 184 161 99 62
internal_count=537 327 293 201 92 54 178 210 184 161 99 62
is_linear=0
shrinkage=0.1


Tree=758
num_leaves=8
num_cat=0
split_feature=68 64 35 39 31 14 15
split_gain=5.79149e-05 0.000106896 7.07108e-05 0.000313047 0.000225638 0.000251495 0.000129066
threshold=3.46163845539213 2.3902615367329769 1.5890269151739729 1.5890269151739729 1.5890269151739729 4.465842055365858 3.0201273556387074
decision_type=2 2 2 2 2 2 2
left_child=-1 -2 4 -4 5 -3 -5
right_child=1 2 3 6 -6 -7 -8
leaf_value=0.00013500551731946567 -0.00019108280437649228 0.00019141515297599622 -0.00037975006350527774 0.00012982414721681007 0.00036183777212334627 -0.00024874863660079429 -1.9647157594942745e-05
leaf_weight=30 30 27 22 71 22 25 310
leaf_count=30 30 27 22 71 22 25 310
internal_value=0 -7.98849e-06 3.52687e-06 -1.29717e-05 9.33774e-05 -2.02021e-05 8.20708e-06
internal_weight=0 507 477 403 74 52 381
internal_count=537 507 477 403 74 52 381
is_linear=0
shrinkage=0.1


Tree=759
num_leaves=11
num_cat=0
split_feature=102 6 18 77 6 77 37 87 65 33
split_gain=5.91704e-05 0.000325719 0.000219122 0.000135942 0.000192176 0.00012008 0.000125935 0.00011951 0.000140142 9.91359e-05
threshold=3.6105525490912482 5.8888741216379641 5.9480043110926326 1.7005986908310777 6.3296430527342187 4.8827732257114533 2.9174053685313028 0.6772802875257492 1.6085863662850206 4.6539149966267201
decision_type=2 2 2 2 2 2 2 2 2 2
left_child=1 2 7 4 -2 -5 -7 8 -1 -8
right_child=3 -3 -4 5 -6 6 9 -9 -10 -11
leaf_value=-0.00022845342630262166 0.00040970153596307768 -0.00031177978809864725 0.00030652834849087931 -0.00019687733043750855 4.4573882623808462e-06 0.0002365956258727238 -0.00019852071669778195 0.00019283464375453502 -7.0409846169023875e-06 7.5528503216584355e-05
leaf_weight=32 22 35 23 26 25 25 22 26 268 33
leaf_count=32 22 35 23 26 25 25 22 26 268 33
internal_value=0 -2.0953e-05 8.21306e-06 5.25878e-05 0.000194146 -1.01786e-05 5.04984e-05 -1.28337e-05 -3.06583e-05 -3.40912e-05
internal_weight=0 384 349 153 47 106 80 326 300 55
internal_count=537 384 349 153 47 106 80 326 300 55
is_linear=0
shrinkage=0.1


Tree=760
num_leaves=10
num_cat=0
split_feature=46 34 92 50 42 42 50 48 48
split_gain=5.76808e-05 6.49339e-05 5.62086e-05 0.000168065 0.00041961 0.000259603 0.000136224 0.000266746 0.000163977
threshold=7.0021555404279701 6.7320053855989617 5.3216197271519601 4.7273486598447958 4.5271940351011493 3.0433873634561537 4.6491756246494491 5.272986409146923 1.0397207708399181
decision_type=2 2 2 2 2 2 2 2 2
left_child=1 2 3 5 -5 -1 8 -8 -4
right_child=-2 -3 6 4 -6 -7 7 -9 -10
leaf_value=0.00024931682052772012 -0.0001371707489256394 0.00017200703682053995 -6.3891867489473961e-05 -0.00010306362414161818 0.00029947236772520723 -9.0569197717700481e-05 -0.00032274061591007735 -7.4415914727873066e-06 0.00020355597250561069
leaf_weight=27 29 23 52 45 61 134 39 86 41
leaf_count=27 29 23 52 45 61 134 39 86 41
internal_value=0 7.83061e-06 4.49276e-08 3.08061e-05 0.000128584 -3.35697e-05 -3.76305e-05 -0.000105815 5.40152e-05
internal_weight=0 508 485 267 106 161 218 125 93
internal_count=537 508 485 267 106 161 218 125 93
is_linear=0
shrinkage=0.1


Tree=761
num_leaves=10
num_cat=0
split_feature=27 44 29 31 51 15 2 14 96
split_gain=5.87462e-05 0.000221166 9.98195e-05 0.000106353 9.55944e-05 0.000135614 0.00012382 0.000225054 0.000212869
threshold=5.8550678171289681 6.1779096781959764 5.7381722323536151 6.3766748835470421 5.950628989035704 4.7790881836238563 5.1179758838799021 4.9089648320872419 5.0688844241303981
decision_type=2 2 2 2 2 2 2 2 2
left_child=1 4 -2 -4 6 -6 8 -8 -1
right_child=2 -3 3 -5 5 -7 7 -9 -10
leaf_value=8.1580958290591338e-06 0.00020813434025245337 -0.00032503679765134375 -0.00014276464780474879 0.00010767730694705956 4.3846983647778295e-05 -0.00029987999296281491 0.00038341505988564285 3.3299685943987511e-05 -0.00030494209859170955
leaf_weight=228 34 22 30 39 22 24 23 91 24
leaf_count=228 34 22 30 39 22 24 23 91 24
internal_value=0 -1.6113e-05 6.78936e-05 -1.2105e-06 3.8293e-07 -0.000135489 1.74597e-05 0.000103937 -2.1661e-05
internal_weight=0 434 103 69 412 46 366 114 252
internal_count=537 434 103 69 412 46 366 114 252
is_linear=0
shrinkage=0.1


Tree=762
num_leaves=7
num_cat=0
split_feature=20 20 53 44 33 34
split_gain=5.36422e-05 0.000284545 9.73727e-05 9.52301e-05 0.000107737 9.56886e-05
threshold=6.102536072598296 5.948031580597152 3.7870910720223336 6.2841271995609906 5.2417330174952186 5.2203412156610947
decision_type=2 2 2 2 2 2
left_child=1 3 -2 4 5 -1
right_child=2 -3 -4 -5 -6 -7
leaf_value=-1.5332216710155319e-05 -3.5357020952329607e-05 -0.00032694040564820173 0.00020946100662513347 0.00017945274026715197 -0.00016104818958410762 0.00010634665597360463
leaf_weight=292 33 27 32 30 40 83
leaf_count=292 33 27 32 30 40 83
internal_value=0 -1.17288e-05 8.51688e-05 7.39645e-06 -5.04136e-06 1.15994e-05
internal_weight=0 472 65 445 415 375
internal_count=537 472 65 445 415 375
is_linear=0
shrinkage=0.1


Tree=763
num_leaves=13
num_cat=0
split_feature=87 10 61 65 33 45 35 23 20 19 4 83
split_gain=5.55571e-05 0.000204973 0.000152289 0.000122821 0.00014984 0.000266945 0.000195519 0.000212487 0.000183996 0.000112022 8.41028e-05 7.85796e-05
threshold=0.5556069708080712 6.3062686269857116 1.7681961091660321 1.6283470507525168 3.1132683346437333 2.9174053685313028 4.3036997296511936 4.7621374077860157 2.602003343538398 4.7094896185437563 4.5325416796595226 1.1920195923753127
decision_type=2 2 2 2 2 2 2 2 2 2 2 2
left_child=3 2 -2 -1 5 8 10 -8 -5 11 -6 -4
right_child=1 -3 9 4 6 -7 7 -9 -10 -11 -12 -13
leaf_value=0.00022006267078852817 -0.00023356067223093388 -0.00033533525096241982 0.00025234315046785224 0.00016283914540885812 0.00037910577501117424 -0.00032847545137911134 -0.00023735329062522703 5.1186492227747014e-05 -0.00010934218695717667 -9.2053137050243097e-05 0.00010259703571633013 5.2273440815042709e-06
leaf_weight=28 22 22 31 41 22 33 30 171 63 30 22 22
leaf_count=28 22 22 31 41 22 33 30 171 63 30 22 22
internal_value=0 -5.77926e-05 3.59146e-07 1.79016e-05 3.08354e-06 -8.06704e-05 4.99174e-05 8.12085e-06 -2.03993e-06 6.2362e-05 0.000240851 0.000149767
internal_weight=0 127 105 410 382 137 245 201 104 83 44 53
internal_count=537 127 105 410 382 137 245 201 104 83 44 53
is_linear=0
shrinkage=0.1


Tree=764
num_leaves=10
num_cat=0
split_feature=35 35 88 57 10 34 46 100 100
split_gain=5.28002e-05 0.000340949 0.000114068 0.000116188 0.000146929 8.20551e-05 0.000220235 0.000179253 0.000146013
threshold=5.8749149497672386 5.6869696108313716 0.52321968561337051 3.285842371071316 6.0330833463930107 5.609465086342035 5.9480043110926326 4.9542375470235838 6.232291670340838
decision_type=2 2 2 2 2 2 2 2 2
left_child=1 5 3 -2 -5 7 -7 -1 -9
right_child=2 -3 -4 4 -6 6 -8 8 -10
leaf_value=-0.00024086793841448644 -0.00018326151760487372 -0.00035920238173006242 0.00025053772293904332 0.00028295586512699217 -5.7282499183202171e-05 0.00034317137277685108 -3.8994192044284371e-05 0.00022912301376761337 -1.0078338144441862e-05
leaf_weight=31 23 27 25 22 30 25 38 28 288
leaf_count=31 23 27 25 22 30 25 38 28 288
internal_value=0 -1.5e-05 6.55498e-05 3.88719e-06 8.66645e-05 7.66703e-06 0.000112659 -1.13949e-05 1.11167e-05
internal_weight=0 437 100 75 52 410 63 347 316
internal_count=537 437 100 75 52 410 63 347 316
is_linear=0
shrinkage=0.1


Tree=765
num_leaves=12
num_cat=0
split_feature=31 30 46 35 89 85 13 27 25 23 15
split_gain=5.2475e-05 0.000287172 0.000127689 0.000395436 0.000191391 0.000348045 0.000214827 9.64858e-05 9.09114e-05 0.000101789 0.000129418
threshold=5.379886735236628 5.6524337755370313 5.2469686674288658 4.3693677306817369 0.51477028447734163 1.0000000180025095e-35 2.3502401828962087 5.476454798506734 5.0271592211193568 5.9188794015264019 5.9427959306635048
decision_type=2 2 2 2 2 2 2 2 2 2 2
left_child=1 2 4 -4 6 -6 -1 -2 -9 -10 -11
right_child=7 -3 3 -5 5 -7 -8 8 9 10 -12
leaf_value=-9.0084427488363867e-05 0.00023627950501142313 -0.00026413866367494299 0.00046654205216327686 -7.3604181913348543e-05 -0.00042461756670020582 1.7736602487038118e-05 0.00012447178296497443 -0.00017144390850179744 0.00017598097051848614 -0.000210942338287623 6.3818781075800261e-05
leaf_weight=80 23 43 23 33 29 46 112 22 42 24 60
leaf_count=80 23 43 23 33 29 46 112 22 42 24 60
internal_value=0 -2.13671e-05 1.09523e-05 0.000148242 -1.78425e-05 -0.000153307 3.50734e-05 4.57332e-05 1.61213e-05 4.88707e-05 -1.46844e-05
internal_weight=0 366 323 56 267 75 192 171 148 126 84
internal_count=537 366 323 56 267 75 192 171 148 126 84
is_linear=0
shrinkage=0.1


Tree=766
num_leaves=8
num_cat=0
split_feature=64 64 103 64 24 5 46
split_gain=5.37735e-05 8.81961e-05 6.67263e-05 0.000132587 0.000126053 0.000134395 0.000123872
threshold=1.2482071283197402 2.3902615367329769 3.5408542930527882 3.7582846555381662 1.5890269151739729 1.5890269151739731 6.5220754968327581
decision_type=2 2 2 2 2 2 2
left_child=-1 -2 4 -4 -3 -6 -5
right_child=1 2 3 6 5 -7 -8
leaf_value=0.0001495942158330961 -0.00017927061676995698 0.00028140270250415515 -0.00019391435332811224 2.4864713215238765e-05 -0.00014026493509946807 9.1950340567653965e-05 -0.00017252586302573844
leaf_weight=23 28 22 39 272 36 81 36
leaf_count=23 28 22 39 272 36 81 36
internal_value=0 -6.6939e-06 3.24879e-06 -2.02028e-05 6.17935e-05 2.04995e-05 1.79309e-06
internal_weight=0 514 486 347 139 117 308
internal_count=537 514 486 347 139 117 308
is_linear=0
shrinkage=0.1


Tree=767
num_leaves=7
num_cat=0
split_feature=68 70 2 49 49 51
split_gain=5.65382e-05 8.48901e-05 9.32555e-05 9.42801e-05 0.000231281 0.000158027
threshold=3.46163845539213 0.83728205109653897 3.0433873634561537 4.9415403713792339 4.3437210834879627 5.631205358429944
decision_type=2 2 2 2 2 2
left_child=-1 -2 -3 4 -4 -5
right_child=1 2 3 5 -6 -7
leaf_value=0.00013339115190319717 -0.00019145904188917485 0.00014745804263839092 -8.4496312002131093e-07 0.00023515107796912265 -0.00022381970297358531 -5.1786687898831524e-06
leaf_weight=30 24 40 235 36 58 114
leaf_count=30 24 40 235 36 58 114
internal_value=0 -7.89297e-06 1.22833e-06 -1.19753e-05 -4.49833e-05 5.25005e-05
internal_weight=0 507 483 443 293 150
internal_count=537 507 483 443 293 150
is_linear=0
shrinkage=0.1


Tree=768
num_leaves=9
num_cat=0
split_feature=35 26 50 104 24 38 43 28
split_gain=5.55989e-05 0.000172211 5.53453e-05 0.000365925 0.000255339 0.000212838 0.000880539 0.000494315
threshold=6.6950642080078762 6.8053391632106601 4.5325416796595226 1.0986122886681102 2.8314802400679731 4.6346818562128229 3.891612008168019 2.3937458713910238
decision_type=2 2 2 2 2 2 2 2
left_child=1 2 5 -4 -5 7 -7 -1
right_child=-2 -3 3 4 -6 6 -8 -9
leaf_value=0.00027381258705225356 0.00015568194410000368 -0.00027410215049673316 0.00032863393913627276 -0.00027719191993744445 3.1669050318966155e-05 -0.00066342247318971212 1.3089489183369449e-05 -0.00015698304395482413
leaf_weight=57 22 23 37 31 196 24 97 50
leaf_count=57 22 23 37 31 196 24 97 50
internal_value=0 -6.65049e-06 5.85233e-06 3.70214e-05 -1.05102e-05 -3.02381e-05 -0.000121095 7.25062e-05
internal_weight=0 515 492 264 227 228 121 107
internal_count=537 515 492 264 227 228 121 107
is_linear=0
shrinkage=0.1


Tree=769
num_leaves=7
num_cat=0
split_feature=20 24 84 14 23 23
split_gain=5.45246e-05 0.000234862 9.0329e-05 9.01202e-05 7.56456e-05 9.75409e-05
threshold=6.102536072598296 6.013712167051259 0.67040181128101561 6.3952602045833897 5.8550678171289681 5.4595764601916565
decision_type=2 2 2 2 2 2
left_child=1 3 -2 4 5 -1
right_child=2 -3 -4 -5 -6 -7
leaf_value=-1.2521406369047696e-05 -1.3696999823358576e-06 -0.00032349444107081661 0.00024516711387347995 0.000192668853893944 -0.00016848422986826068 0.00014861185702069895
leaf_weight=356 42 23 23 24 27 42
leaf_count=356 42 23 23 24 27 42
internal_value=0 -1.18248e-05 8.58664e-05 4.14044e-06 -6.50588e-06 4.48261e-06
internal_weight=0 472 65 449 425 398
internal_count=537 472 65 449 425 398
is_linear=0
shrinkage=0.1


Tree=770
num_leaves=12
num_cat=0
split_feature=87 10 32 87 87 64 15 52 56 60 39
split_gain=5.59936e-05 0.000179098 0.000133214 0.000188948 9.60908e-05 0.000287875 0.000293861 0.000122118 0.00024981 0.000188448 8.624e-05
threshold=0.5556069708080712 6.3062686269857116 4.2625806805327082 0.66521624299472426 0.29892500444997194 3.3876830454681959 5.1298812082267613 1.7005986908310777 2.6208735075298217 3.6441222005100626 5.2806591939842535
decision_type=2 2 2 2 2 2 2 2 2 2 2
left_child=4 2 3 -2 7 -6 -7 -1 -9 -10 -4
right_child=1 -3 10 -5 5 6 -8 8 9 -11 -12
leaf_value=-0.00016996020218357444 -0.00025657138262164046 -0.00031745341111673043 0.00026691345198990099 0.00010557807578879875 0.00041488858203039217 -0.00022918087679186258 0.0002172330370376585 0.00032539687678460422 -0.0002313197806121453 2.0908760305681664e-05 -7.1911612697779979e-06
leaf_weight=40 34 22 22 25 23 29 30 24 34 230 24
leaf_count=40 34 22 22 25 23 29 30 24 34 230 24
internal_value=0 -5.80192e-05 -3.66159e-06 -0.000103118 1.79718e-05 0.000114795 -2.19075e-06 -6.23397e-06 1.65058e-05 -1.15752e-05 0.000123902
internal_weight=0 127 105 59 410 82 59 328 288 264 46
internal_count=537 127 105 59 410 82 59 328 288 264 46
is_linear=0
shrinkage=0.1


Tree=771
num_leaves=7
num_cat=0
split_feature=64 64 24 11 20 18
split_gain=5.5309e-05 9.16374e-05 7.32325e-05 0.00029017 0.000196218 0.000101607
threshold=1.2482071283197402 2.3902615367329769 1.0397207708399181 2.3937458713910238 2.191013317336941 3.1345481418531311
decision_type=2 2 2 2 2 2
left_child=-1 -2 3 -3 -4 -6
right_child=1 2 4 -5 5 -7
leaf_value=0.00015171498108311032 -0.00018270019260983514 0.00036971281260775871 -0.00030094262636504773 -0.00010817246188202666 0.00019691741679427933 -7.3007874507828529e-06
leaf_weight=23 28 24 22 27 26 387
leaf_count=23 28 24 22 27 26 387
internal_value=0 -6.7888e-06 3.34601e-06 0.000116715 -9.94549e-06 5.55556e-06
internal_weight=0 514 486 51 435 413
internal_count=537 514 486 51 435 413
is_linear=0
shrinkage=0.1


Tree=772
num_leaves=7
num_cat=0
split_feature=27 37 42 42 42 103
split_gain=5.36692e-05 0.000116571 6.27571e-05 6.48322e-05 0.000226926 0.000124952
threshold=6.4876828601347034 6.0209762173327137 6.3715986978150339 5.3032925319746216 5.1179758838799021 1.0397207708399181
decision_type=2 2 2 2 2 2
left_child=1 2 3 4 -1 -5
right_child=-2 -3 -4 5 -6 -7
leaf_value=-8.2938271177261725e-06 0.00012558739714449985 -0.00018678013907714666 0.00015297403334881422 -0.00024700357572673336 0.00027245725916600353 -1.0143450256805409e-05
leaf_weight=287 32 34 27 29 32 96
leaf_count=287 32 34 27 29 32 96
internal_value=0 -7.95801e-06 4.95059e-06 -4.05084e-06 1.98693e-05 -6.5095e-05
internal_weight=0 505 471 444 319 125
internal_count=537 505 471 444 319 125
is_linear=0
shrinkage=0.1


Tree=773
num_leaves=8
num_cat=0
split_feature=40 37 1 32 38 46 34
split_gain=5.29437e-05 0.000244699 8.58687e-05 7.47303e-05 7.44846e-05 0.000176984 0.000173183
threshold=6.3491328785740828 6.0209762173327137 4.9415403713792339 5.9635760393734838 5.5093801410486734 5.7525675997475831 5.3032925319746216
decision_type=2 2 2 2 2 2 2
left_child=1 3 -2 4 6 -6 -1
right_child=2 -3 -4 -5 5 -7 -8
leaf_value=-4.275943050038956e-06 0.0002448017619165264 -0.00031420203211018818 -3.4594800705566413e-05 0.00013761536249148776 -0.00031209688633680342 -3.1311946998751264e-07 0.00026441639912753512
leaf_weight=310 22 25 22 40 25 67 26
leaf_count=310 22 25 22 40 25 67 26
internal_value=0 -9.38043e-06 0.000105103 6.90277e-06 -5.31336e-06 -8.5037e-05 1.65157e-05
internal_weight=0 493 44 468 428 92 336
internal_count=537 493 44 468 428 92 336
is_linear=0
shrinkage=0.1


Tree=774
num_leaves=7
num_cat=0
split_feature=43 46 45 47 53 43
split_gain=5.3823e-05 0.000176078 8.75569e-05 0.000102655 9.2424e-05 5.46413e-05
threshold=6.4876828601347034 6.5220754968327581 5.4847883247493394 5.7651468795656617 2.9266115240341928 5.5412558557490508
decision_type=2 2 2 2 2 2
left_child=1 2 3 5 -4 -1
right_child=-2 -3 4 -5 -6 -7
leaf_value=-5.0288334743021419e-06 0.0001257671997336729 -0.00024719692331112535 0.00027344616913372498 -0.0001961899339760378 -1.0315919263865164e-05 0.00013745910818733107
leaf_weight=374 32 29 24 27 22 29
leaf_count=374 32 29 24 27 22 29
internal_value=0 -7.96941e-06 6.60538e-06 -7.42232e-06 0.000137734 5.22464e-06
internal_weight=0 505 476 430 46 403
internal_count=537 505 476 430 46 403
is_linear=0
shrinkage=0.1


Tree=775
num_leaves=8
num_cat=0
split_feature=34 26 41 4 64 8 27
split_gain=5.07047e-05 5.59563e-05 5.91389e-05 0.000368258 0.000336476 0.000211896 0.000149577
threshold=7.0996144550911771 6.5352317916717775 1.8688348091416844 1.5890269151739729 2.3902615367329769 3.8499212036984933 1.5890269151739729
decision_type=2 2 2 2 2 2 2
left_child=1 2 3 -1 -4 -5 -6
right_child=-2 -3 4 5 6 -7 -8
leaf_value=0.00037741777736560576 -0.00013905993627849966 0.00013930115300657539 -0.00036195201003768793 -0.00017613384154495127 0.0002572036496448246 0.0001121304532074753 -1.2844347883260421e-05
leaf_weight=28 25 30 27 51 22 51 303
leaf_count=28 25 30 27 51 22 51 303
internal_value=0 6.79004e-06 -1.45754e-06 5.6181e-05 -2.27445e-05 -3.20017e-05 5.43582e-06
internal_weight=0 512 482 130 352 102 325
internal_count=537 512 482 130 352 102 325
is_linear=0
shrinkage=0.1


Tree=776
num_leaves=9
num_cat=0
split_feature=33 33 12 48 48 96 48 14
split_gain=5.30057e-05 0.000224929 0.000105102 6.93539e-05 0.000259058 0.000210819 0.000197524 0.000121578
threshold=5.8141260764699529 5.5606520443413574 5.8550678171289681 2.3937458713910238 3.2951505240983434 2.191013317336941 1.0397207708399181 1.9356005054539456
decision_type=2 2 2 2 2 2 2 2
left_child=1 3 -2 6 -5 -6 7 -1
right_child=2 -3 -4 4 5 -7 -8 -9
leaf_value=-0.00018535574020531317 -3.2756932077973034e-05 -0.00032470345692920755 0.00020452933677006513 -0.00028823829378586999 0.00030525277586341626 -1.7744690452647569e-05 0.00031008581284438087 6.1755652054938873e-05
leaf_weight=26 40 22 35 33 22 248 26 85
leaf_count=26 40 22 35 33 22 248 26 85
internal_value=0 -1.26585e-05 7.79767e-05 2.9437e-06 -2.37524e-05 8.57362e-06 6.1987e-05 3.8737e-06
internal_weight=0 462 75 440 303 270 137 111
internal_count=537 462 75 440 303 270 137 111
is_linear=0
shrinkage=0.1


Tree=777
num_leaves=11
num_cat=0
split_feature=57 101 104 101 87 87 2 44 21 43
split_gain=5.30885e-05 0.00019326 0.000181746 0.000112523 0.000152938 0.000226596 9.88697e-05 9.50314e-05 0.000117321 0.000106773
threshold=4.0817656294488804 3.8064155152036787 3.1345481418531311 4.4885732424042368 0.6772802875257492 0.61999328884387495 6.1685504539682894 2.3937458713910238 4.3437210834879627 5.7651468795656617
decision_type=2 2 2 2 2 2 2 2 2 2
left_child=2 -2 3 4 5 -1 -4 -3 -9 -10
right_child=1 7 6 -5 -6 -7 -8 8 9 -11
leaf_value=2.6272963684241725e-05 -0.00028048505442586309 -0.00016970742028745548 0.00036275228022449567 -0.00017055288875174787 0.00027035227407891811 -0.00029683294531916243 6.2949733877427534e-05 0.00020256400298421796 -0.00010022299223389078 0.0001176176781882532
leaf_weight=227 29 27 22 36 22 24 22 32 60 36
leaf_count=227 29 27 22 36 22 24 22 32 60 36
internal_value=0 -4.35503e-05 2.27005e-05 -4.37599e-06 1.75374e-05 -4.62163e-06 0.000212851 7.79385e-07 3.67414e-05 -1.85327e-05
internal_weight=0 184 353 309 273 251 44 155 128 96
internal_count=537 184 353 309 273 251 44 155 128 96
is_linear=0
shrinkage=0.1


Tree=778
num_leaves=6
num_cat=0
split_feature=30 42 40 46 47
split_gain=5.48372e-05 5.67342e-05 5.19575e-05 0.000113436 6.23642e-05
threshold=7.0021555404279701 6.5624281337850094 6.0185902545239411 6.2766364227531826 5.7333360402263844
decision_type=2 2 2 2 2
left_child=1 2 3 4 -1
right_child=-2 -3 -4 -5 -6
leaf_value=7.9428027628499985e-06 -0.00013374683546536637 0.00014345377494464628 -0.00011789198729924725 0.0002300342931861947 -0.00013940876951598893
leaf_weight=391 29 29 35 22 31
leaf_count=391 29 29 35 22 31
internal_value=0 7.63515e-06 -5.87685e-07 8.65928e-06 -2.8816e-06
internal_weight=0 508 479 444 422
internal_count=537 508 479 444 422
is_linear=0
shrinkage=0.1


Tree=779
num_leaves=8
num_cat=0
split_feature=66 31 66 66 49 49 92
split_gain=5.02099e-05 0.000149812 0.000128799 9.09213e-05 0.000124673 0.000152647 0.00010852
threshold=5.2496211935437129 5.7651468795656617 4.4880679366512748 3.8064155152036787 5.9634967309428317 5.2203412156610947 5.3469992938948794
decision_type=2 2 2 2 2 2 2
left_child=2 -2 3 4 5 -1 -5
right_child=1 -3 -4 6 -6 -7 -8
leaf_value=1.674301202001516e-05 -0.00029464486764151267 2.6191922691840203e-05 0.00017634594653002773 -0.00029155132348102558 0.00024170261766068345 -0.00021200989376666258 1.910927521335411e-05
leaf_weight=330 22 43 43 23 22 32 22
leaf_count=330 22 43 43 23 22 32 22
internal_value=0 -8.2399e-05 1.13473e-05 -5.19101e-06 1.05686e-05 -3.47824e-06 -0.000139673
internal_weight=0 65 472 429 384 362 45
internal_count=537 65 472 429 384 362 45
is_linear=0
shrinkage=0.1


Tree=780
num_leaves=9
num_cat=0
split_feature=11 10 45 28 41 33 46 95
split_gain=4.70817e-05 9.8209e-05 0.00031091 0.000134049 0.000106995 5.97346e-05 0.000196375 0.000178019
threshold=6.6950642080078762 6.2557481997290569 5.2417330174952186 6.0741952825945456 4.234001473612734 1.5890269151739731 3.7132745361986528 1.0397207708399181
decision_type=2 2 2 2 2 2 2 2
left_child=1 3 4 5 -3 7 -7 -1
right_child=-2 2 -4 -5 -6 6 -8 -9
leaf_value=-0.00012823863927384512 0.00014326207429720935 -0.00014432608864312484 -0.00042779083695760082 0.00021214867090513451 0.00014812722360586813 -0.00018490354299090892 1.4566139413568449e-05 0.00014878953614691593
leaf_weight=34 22 22 22 31 29 62 242 73
leaf_count=34 22 22 22 31 29 62 242 73
internal_value=0 -6.11993e-06 -0.000113574 1.1627e-05 2.19709e-05 -3.49755e-06 -2.61152e-05 6.07619e-05
internal_weight=0 515 73 442 51 411 304 107
internal_count=537 515 73 442 51 411 304 107
is_linear=0
shrinkage=0.1


Tree=781
num_leaves=10
num_cat=0
split_feature=34 2 103 2 96 48 80 89 45
split_gain=4.82928e-05 5.25784e-05 0.000177194 0.000167374 0.000196081 0.000189619 8.97859e-05 0.000104448 6.24208e-05
threshold=7.0996144550911771 4.9089648320872419 3.6105525490912482 4.6586997221347959 4.6913057964583187 4.317399216745252 0.57540287263447032 0.2914098791825106 3.891612008168019
decision_type=2 2 2 2 2 2 2 2 2
left_child=1 3 -3 4 5 -1 8 -8 -4
right_child=-2 2 6 -5 -6 -7 7 -9 -10
leaf_value=4.4435842482926091e-05 -0.00013571231247624382 0.00030932942638835155 -0.00010731797562471002 -0.00021108370375458901 0.00026136326449448932 -0.00017451734614550626 1.5657880794606173e-06 0.00022872668416571936 2.0178803460642791e-05
leaf_weight=120 25 22 64 41 27 59 48 35 96
leaf_count=120 25 22 64 41 27 59 48 35 96
internal_value=0 6.62658e-06 3.75647e-05 -2.65662e-05 1.01582e-05 -2.77331e-05 1.29605e-05 9.73565e-05 -3.08199e-05
internal_weight=0 512 265 247 206 179 243 83 160
internal_count=537 512 265 247 206 179 243 83 160
is_linear=0
shrinkage=0.1


Tree=782
num_leaves=8
num_cat=0
split_feature=35 26 75 75 75 46 53
split_gain=5.16229e-05 0.000149501 4.66647e-05 0.000151006 0.000148885 0.000102671 0.000102428
threshold=6.6950642080078762 6.8053391632106601 5.0205801788306017 4.7535530315805046 5.5508669962443093 3.7132745361986528 4.8813831734924378
decision_type=2 2 2 2 2 2 2
left_child=1 2 3 5 -4 -1 -6
right_child=-2 -3 4 -5 6 -7 -8
leaf_value=-8.367708892910741e-05 0.00015001204764385795 -0.0002556016067422246 -0.00026642822765279563 0.00027311550511512908 0.00018682146704953123 3.3472455512120401e-05 -0.0001055906767724082
leaf_weight=100 22 23 25 22 23 297 25
leaf_count=100 22 23 25 22 23 297 25
internal_value=0 -6.40828e-06 5.241e-06 1.80958e-05 -6.85422e-05 3.96375e-06 3.45235e-05
internal_weight=0 515 492 419 73 397 48
internal_count=537 515 492 419 73 397 48
is_linear=0
shrinkage=0.1


Tree=783
num_leaves=8
num_cat=0
split_feature=22 22 66 16 10 16 15
split_gain=4.61313e-05 0.000176339 9.35323e-05 6.55004e-05 0.000107967 9.17782e-05 6.31583e-05
threshold=6.4952609922484532 6.3062686269857116 5.648949440878984 5.7268424424629787 6.2766364227531826 5.4116061905722832 5.6663728065440679
decision_type=2 2 2 2 2 2 2
left_child=1 3 -2 5 -5 6 -1
right_child=2 -3 -4 4 -6 -7 -8
leaf_value=1.6189373632344008e-05 0.00018717254655777133 -0.00026876061060465874 -7.2422819199425219e-05 0.00026448409571457889 -3.5470153913289934e-05 -0.00016381722722144331 -0.00015491009202694682
leaf_weight=348 35 25 23 24 24 35 23
leaf_count=348 35 25 23 24 24 35 23
internal_value=0 -1.0199e-05 8.42296e-05 4.03899e-06 0.000114507 -9.02126e-06 5.58213e-06
internal_weight=0 479 58 454 48 406 371
internal_count=537 479 58 454 48 406 371
is_linear=0
shrinkage=0.1


Tree=784
num_leaves=9
num_cat=0
split_feature=60 60 58 12 88 60 26 48
split_gain=4.604e-05 0.000300374 0.000133787 9.51944e-05 8.92997e-05 8.67612e-05 0.000105609 8.42892e-05
threshold=5.9164912278177999 5.71164874292145 5.8081379809465954 5.4116061905722832 0.36009343473758659 5.1379413298430929 5.9480043110926326 6.0185902545239411
decision_type=2 2 2 2 2 2 2 2
left_child=1 3 -2 5 7 6 -1 -4
right_child=2 -3 4 -5 -6 -7 -8 -9
leaf_value=-5.9868094600489484e-06 0.00022985499044807513 -0.00031416158787079998 0.00019421973562809097 0.00018339451846008286 -0.00017333467424881141 -0.0001595062191578715 0.00020008852583554539 -7.6766943675465885e-05
leaf_weight=315 32 31 24 29 24 33 27 22
leaf_count=315 32 31 24 29 24 33 27 22
internal_value=0 -1.41787e-05 6.04679e-05 8.8398e-06 -1.69662e-05 -4.65909e-06 1.02823e-05 6.46174e-05
internal_weight=0 435 102 404 70 375 342 46
internal_count=537 435 102 404 70 375 342 46
is_linear=0
shrinkage=0.1


Tree=785
num_leaves=6
num_cat=0
split_feature=41 84 39 35 28
split_gain=5.14491e-05 5.73506e-05 4.87198e-05 6.93808e-05 7.10332e-05
threshold=6.4068582012380899 0.67860442521111775 5.9788825602762081 5.8749149497672386 5.948031580597152
decision_type=2 2 2 2 2
left_child=1 2 3 4 -1
right_child=-2 -3 -4 -5 -6
leaf_value=9.7999271625488393e-06 -0.00011547000572641587 0.00013782456790067954 -0.00010756128740992539 0.00018214941520785613 -0.00017493793174336054
leaf_weight=386 36 32 39 22 22
leaf_count=386 36 32 39 22 22
internal_value=0 8.29725e-06 -5.40439e-07 9.1661e-06 -1.61428e-07
internal_weight=0 501 469 430 408
internal_count=537 501 469 430 408
is_linear=0
shrinkage=0.1


Tree=786
num_leaves=11
num_cat=0
split_feature=30 2 24 18 31 18 89 4 17 26
split_gain=4.54038e-05 4.95483e-05 0.00015999 0.000141892 0.000440749 0.000300219 0.000292692 0.000113869 0.000109631 0.000149684
threshold=7.0021555404279701 5.1179758838799021 3.2180751841847144 4.5746578350692051 3.2180751841847144 4.3693677306817369 0.58938893810103898 4.0856584373598661 4.2625806805327082 5.081385075233106
decision_type=2 2 2 2 2 2 2 2 2 2
left_child=1 3 -3 5 -5 6 -1 -6 -4 -10
right_child=-2 2 8 4 7 -7 -8 -9 9 -11
leaf_value=4.5183533146017708e-05 -0.00012170030004826599 0.00029757851311428983 -0.00013037384432252672 -0.00048070623591775074 0.00011308724029471965 0.00034552674092432989 -0.00030797963424039816 -0.00013958615100202751 0.00028726164550196544 1.2665974276042736e-05
leaf_weight=123 29 22 42 25 42 26 29 31 23 145
leaf_count=123 29 22 42 25 42 26 29 31 23 145
internal_value=0 6.94746e-06 4.10112e-05 -2.16859e-05 -0.000118318 3.15161e-05 -2.21963e-05 5.78758e-06 1.41328e-05 5.02594e-05
internal_weight=0 508 232 276 98 178 152 73 210 168
internal_count=537 508 232 276 98 178 152 73 210 168
is_linear=0
shrinkage=0.1


Tree=787
num_leaves=8
num_cat=0
split_feature=64 61 69 53 60 87 60
split_gain=4.86574e-05 7.69779e-05 9.11461e-05 0.000135602 0.000111114 0.000147843 0.000116652
threshold=1.2482071283197402 1.6600138229157391 3.0541436847122734 0.70808679187955681 3.6441222005100626 0.17855064670070073 3.8866920480270326
decision_type=2 2 2 2 2 2 2
left_child=-1 -2 3 -3 5 -4 -6
right_child=1 2 4 -5 6 -7 -8
leaf_value=0.00014230007983987098 -0.00013781135299146494 0.00030449737096205354 -0.00034481665731039937 -1.2115543235737394e-05 0.00023079061542044988 1.0624318965710701e-05 -6.624718772715555e-06
leaf_weight=23 41 24 22 31 22 25 349
leaf_count=23 41 24 22 31 22 25 349
internal_value=0 -6.36751e-06 5.02614e-06 0.000126043 -1.08971e-05 -0.000155752 7.45382e-06
internal_weight=0 514 473 55 418 47 371
internal_count=537 514 473 55 418 47 371
is_linear=0
shrinkage=0.1


Tree=788
num_leaves=9
num_cat=0
split_feature=22 12 24 41 32 53 23 51
split_gain=4.5838e-05 0.000220786 7.55716e-05 8.32761e-05 0.000175559 0.00016957 7.06766e-05 8.04841e-05
threshold=6.3835009281312063 6.0614542021347031 5.948031580597152 3.9316333620047872 4.317399216745252 0.70808679187955681 6.5805920052681364 5.7461572555330536
decision_type=2 2 2 2 2 2 2 2
left_child=1 2 3 5 -5 -1 7 -2
right_child=6 -3 -4 4 -6 -7 -8 -9
leaf_value=0.00020879200607952145 1.7314603239356075e-05 -0.00028386313700009072 0.00018643158715679999 -0.00020453319408592175 1.3310955826422835e-05 -6.0586203813954856e-06 -6.3739830977283424e-05 0.00027369062269523662
leaf_weight=45 25 28 22 55 113 200 25 24
leaf_count=45 25 28 22 55 113 200 25 24
internal_value=0 -1.16802e-05 5.83959e-06 -3.78032e-06 -5.80071e-05 3.34037e-05 7.30803e-05 0.000142887
internal_weight=0 463 435 413 168 245 74 49
internal_count=537 463 435 413 168 245 74 49
is_linear=0
shrinkage=0.1


Tree=789
num_leaves=6
num_cat=0
split_feature=11 44 38 18 42
split_gain=4.61597e-05 0.000105462 4.56678e-05 6.11849e-05 5.86799e-05
threshold=6.6950642080078762 6.5984756171974519 6.4496799081455176 6.5220754968327581 3.1345481418531311
decision_type=2 2 2 2 2
left_child=1 2 3 4 -1
right_child=-2 -3 -4 -5 -6
leaf_value=7.5213614212231368e-05 0.0001418523799326398 -0.00021535665473493282 0.00010903186354737141 -0.00015403602862464213 -1.5282678042491138e-05
leaf_weight=91 22 23 38 26 337
leaf_count=91 22 23 38 26 337
internal_value=0 -6.05971e-06 3.72449e-06 -5.08978e-06 3.95836e-06
internal_weight=0 515 492 454 428
internal_count=537 515 492 454 428
is_linear=0
shrinkage=0.1


Tree=790
num_leaves=15
num_cat=0
split_feature=15 19 87 11 40 4 89 51 97 5 30 4 37 38
split_gain=4.52197e-05 0.00029354 8.58414e-05 0.000145942 9.52684e-05 8.74953e-05 0.000148791 0.000167542 0.000111173 6.93881e-05 0.000309738 0.000461786 0.000191566 0.000124175
threshold=5.1298812082267613 5.1059271080903725 0.32239255231084707 5.8435402162155627 5.9322416695047417 4.5746578350692051 0.2914098791825106 5.081385075233106 5.8259957565466136 2.3502401828962087 5.081385075233106 1.5890269151739729 1.5890269151739731 3.7132745361986528
decision_type=2 2 2 2 2 2 2 2 2 2 2 2 2 2
left_child=1 9 5 -4 -5 -2 8 -8 -7 10 11 -1 -11 -14
right_child=2 -3 3 4 -6 6 7 -9 -10 12 -12 -13 13 -15
leaf_value=0.0004372710992731086 0.00014431646632147023 -0.00037566501070448961 0.00034041394952840742 -0.00011103281158284518 0.00017377620691980196 -0.00029956689384757091 -0.00010687992984127379 0.00028339083331626501 -2.8654947757813989e-05 -0.00022214904676603025 -0.0002513037446008709 -1.0902772770914198e-05 0.00022125039926504543 -2.5040239861120214e-05
leaf_weight=34 29 22 22 24 23 28 22 22 33 43 26 71 25 113
leaf_count=34 29 22 22 24 23 28 22 22 33 43 26 71 25 113
internal_value=0 -2.26231e-05 3.72222e-05 0.000127843 2.83418e-05 -9.44081e-06 -5.19071e-05 8.82555e-05 -0.000153008 2.27092e-06 5.7704e-05 0.00013422 -3.78491e-05 1.95776e-05
internal_weight=0 334 203 69 47 134 105 44 61 312 131 105 181 138
internal_count=537 334 203 69 47 134 105 44 61 312 131 105 181 138
is_linear=0
shrinkage=0.1


Tree=791
num_leaves=8
num_cat=0
split_feature=65 27 0 26 26 10 40
split_gain=5.07389e-05 0.000159504 0.000279912 0.000188717 0.000149143 0.000221151 0.000108803
threshold=1.6085863662850206 1.5890269151739729 2.602003343538398 3.0433873634561537 3.7132745361986528 3.6105525490912482 2.9700856263602158
decision_type=2 2 2 2 2 2 2
left_child=-1 2 -2 -3 -5 -6 -4
right_child=1 3 6 4 5 -7 -8
leaf_value=-0.00011299718611848516 0.00040634814621835877 -0.00024309402580162417 -0.00010828221195631406 0.00024963459253068206 -0.00031301641441962644 7.5669967122440451e-06 0.00016239847776617993
leaf_weight=37 26 34 33 23 23 334 27
leaf_count=37 26 34 33 23 23 334 27
internal_value=0 8.36179e-06 0.000132285 -1.73807e-05 2.81472e-06 -1.30868e-05 1.35241e-05
internal_weight=0 500 86 414 380 357 60
internal_count=537 500 86 414 380 357 60
is_linear=0
shrinkage=0.1


Tree=792
num_leaves=7
num_cat=0
split_feature=84 45 39 0 38 103
split_gain=4.54283e-05 6.12039e-05 5.49152e-05 9.02101e-05 7.67014e-05 5.89546e-05
threshold=0.68497705806044296 6.5507496134458441 5.9788825602762081 5.1474268681323965 6.1903070075025832 2.9174053685313028
decision_type=2 2 2 2 2 2
left_child=1 2 4 -4 5 -1
right_child=-2 -3 3 -5 -6 -7
leaf_value=-6.2406204160652128e-05 -0.00011956927230736862 0.00015963453461881728 -0.00024525984766154106 2.9159223311580717e-05 0.00018414486386670131 2.3178056315373399e-05
leaf_weight=110 30 25 23 25 24 300
leaf_count=110 30 25 23 25 24 300
internal_value=0 7.07511e-06 -8.37728e-07 -0.000102333 1.03876e-05 2.16425e-07
internal_weight=0 507 482 48 434 410
internal_count=537 507 482 48 434 410
is_linear=0
shrinkage=0.1


Tree=793
num_leaves=12
num_cat=0
split_feature=30 50 104 23 97 104 40 11 31 32 50
split_gain=4.4597e-05 4.73483e-05 0.000245381 0.000230822 0.000155516 0.000326322 0.000371135 0.000316709 0.000318544 0.000179239 9.88487e-05
threshold=7.0021555404279701 4.4187680230537838 0.34657359027997264 1.0397207708399181 2.3937458713910238 1.0986122886681102 4.3693677306817369 3.4175922930736511 2.9430520157250784 4.2625806805327082 4.6491756246494491
decision_type=2 2 2 2 2 2 2 2 2 2 2
left_child=1 4 -3 -4 5 -1 -7 8 -6 -9 -5
right_child=-2 2 3 10 7 6 -8 9 -10 -11 -12
leaf_value=-0.00035704279690508957 -0.0001206142689374372 0.00034670570470473694 -0.0002767860113146106 0.00023887258112980899 0.00051279425160432972 0.00033632434827847072 -0.00024453338370552624 -0.00030757716109898562 -7.9971159114696398e-06 1.2200803701909117e-05 1.6556667634094167e-05
leaf_weight=37 29 23 26 22 23 22 22 24 24 65 220
leaf_count=37 29 23 26 22 23 22 22 24 24 65 220
internal_value=0 6.88546e-06 3.3249e-05 6.34786e-06 -2.84684e-05 -0.000138163 4.58955e-05 3.68642e-05 0.000246858 -7.40315e-05 3.67672e-05
internal_weight=0 508 291 268 217 81 44 136 47 89 242
internal_count=537 508 291 268 217 81 44 136 47 89 242
is_linear=0
shrinkage=0.1


Tree=794
num_leaves=11
num_cat=0
split_feature=31 31 19 13 97 9 27 53 89 53
split_gain=4.40415e-05 0.000211147 8.24563e-05 0.000152002 0.000164466 9.89551e-05 8.13228e-05 5.62074e-05 7.70188e-05 0.000120456
threshold=5.379886735236628 5.081385075233106 4.7273486598447958 4.4885732424042368 5.2094712223428914 4.8282817362782584 5.476454798506734 4.2425600231327421 0.571582639492208 2.4497148029771396
decision_type=2 2 2 2 2 2 2 2 2 2
left_child=1 2 3 4 -1 -4 -2 8 9 -8
right_child=6 -3 5 -5 -6 -7 7 -9 -10 -11
leaf_value=-1.7463493741574483e-05 0.0002168316952757659 -0.0002364106709865155 0.00027668912636885504 -0.00024096762645058336 0.00026357504792268513 6.4848474170448204e-06 0.00021032011613715442 0.00012145141553372851 -0.00016779299309106408 -5.159284112670645e-05
leaf_weight=220 23 40 23 27 23 33 25 37 27 59
leaf_count=220 23 40 23 27 23 33 25 37 27 59
internal_value=0 -1.9575e-05 7.03062e-06 -1.58736e-05 9.13686e-06 0.000117462 4.18973e-05 1.47116e-05 -2.08683e-05 2.63574e-05
internal_weight=0 366 326 270 243 56 171 148 111 84
internal_count=537 366 326 270 243 56 171 148 111 84
is_linear=0
shrinkage=0.1


Tree=795
num_leaves=10
num_cat=0
split_feature=65 27 0 21 8 25 23 4 40
split_gain=4.23188e-05 0.000134224 0.00023405 0.000148803 0.000243349 8.83755e-05 0.000157574 0.000134075 8.69244e-05
threshold=1.6085863662850206 1.5890269151739729 2.602003343538398 2.5619819897016298 3.8499212036984933 4.0428973506407848 5.2806591939842535 3.1567740231385479 2.9700856263602158
decision_type=2 2 2 2 2 2 2 2 2
left_child=-1 2 -2 4 -3 7 -7 -5 -4
right_child=1 3 8 5 -6 6 -8 -9 -10
leaf_value=-0.00010319619359998379 0.00037192301602212516 -0.00033234694446686525 -9.6153747158082717e-05 0.00027025911033668875 7.1538841523131566e-05 -0.00013512341352600425 3.2486865609699879e-05 1.3452075012644534e-05 0.00014578622908124493
leaf_weight=37 26 35 33 29 26 83 173 68 27
leaf_count=37 26 35 33 29 26 83 173 68 27
internal_value=0 7.63652e-06 0.000121316 -1.5978e-05 -0.000160199 8.94402e-06 -2.18555e-05 9.02294e-05 1.27192e-05
internal_weight=0 500 86 414 61 353 256 97 60
internal_count=537 500 86 414 61 353 256 97 60
is_linear=0
shrinkage=0.1


Tree=796
num_leaves=7
num_cat=0
split_feature=34 26 64 1 86 73
split_gain=4.33852e-05 4.5293e-05 4.52352e-05 7.3606e-05 6.80622e-05 5.35189e-05
threshold=7.0996144550911771 6.5352317916717775 6.1779340107210396 5.6903366269220443 0.12761873784740524 5.0369315191558419
decision_type=2 2 2 2 2 2
left_child=1 2 3 5 -5 -1
right_child=-2 -3 -4 4 -6 -7
leaf_value=2.5431262613783096e-06 -0.00012863186129834505 0.00012549930665651726 -0.00011798757975245075 2.4907642827284608e-06 0.00024851842275913204 -0.00015140678777546176
leaf_weight=382 25 30 31 22 23 24
leaf_count=382 25 30 31 22 23 24
internal_value=0 6.28085e-06 -1.13938e-06 6.89231e-06 0.000128238 -6.55736e-06
internal_weight=0 512 482 451 45 406
internal_count=537 512 482 451 45 406
is_linear=0
shrinkage=0.1


Tree=797
num_leaves=8
num_cat=0
split_feature=41 84 42 38 42 96 46
split_gain=3.9106e-05 4.7002e-05 3.6601e-05 0.000189116 0.000146654 0.000137436 8.65061e-05
threshold=6.4068582012380899 0.67860442521111775 3.1345481418531311 2.3937458713910238 3.6105525490912482 3.8499212036984933 4.6491756246494491
decision_type=2 2 2 2 2 2 2
left_child=1 2 3 5 -4 -1 -6
right_child=-2 -3 4 -5 6 -7 -8
leaf_value=-0.00023217570234555752 -0.00010067043290796898 0.00012449401207277334 -0.00024394061564145467 0.00023939461208231352 8.1902454023144618e-05 7.4812692307334928e-05 -2.89460839718231e-05
leaf_weight=25 36 32 26 35 98 35 250
leaf_count=25 36 32 26 35 98 35 250
internal_value=0 7.2338e-06 -7.66894e-07 5.46617e-05 -1.48464e-05 -5.30991e-05 2.26988e-06
internal_weight=0 501 469 95 374 60 348
internal_count=537 501 469 95 374 60 348
is_linear=0
shrinkage=0.1


Tree=798
num_leaves=8
num_cat=0
split_feature=43 37 79 32 33 32 15
split_gain=4.39444e-05 0.000225961 7.96748e-05 4.4104e-05 6.59604e-05 0.000133923 4.80462e-05
threshold=6.1861747525776369 5.9053284366375065 2.8617925509761908 5.948031580597152 5.0688844241303981 5.1474268681323965 5.6454406545496605
decision_type=2 2 2 2 2 2 2
left_child=1 3 -2 4 5 -1 -6
right_child=2 -3 -4 -5 6 -7 -8
leaf_value=-1.3417508661662374e-05 -1.5741882706413779e-05 -0.00032282921187784682 0.00022671449063953175 0.00010422044781479622 -1.7772784738791298e-05 0.00016714349841733683 -0.00022448224507653242
leaf_weight=326 33 22 23 41 23 47 22
leaf_count=326 33 22 23 41 23 47 22
internal_value=0 -9.76081e-06 8.38384e-05 5.24464e-06 -4.46351e-06 9.33415e-06 -0.000118831
internal_weight=0 481 56 459 418 373 45
internal_count=537 481 56 459 418 373 45
is_linear=0
shrinkage=0.1


Tree=799
num_leaves=12
num_cat=0
split_feature=98 98 79 72 86 100 103 84 46 46 87
split_gain=4.21216e-05 0.000453223 0.0001001 0.000156757 0.000181198 0.000160476 0.000204765 6.12658e-05 8.47978e-05 0.000167698 0.00013577
threshold=3.0201273556387074 3.4334666422309414 3.1771850203986758 0.16670589523405346 0.48550280138813157 6.1158701961393769 2.9174053685313028 0.67040181128101561 5.5908755847211582 5.2626767655455557 0.13879458329149547
decision_type=2 2 2 2 2 2 2 2 2 2 2
left_child=2 -2 3 5 -5 -1 -7 8 9 -3 -10
right_child=1 7 -4 4 -6 6 -8 -9 10 -11 -12
leaf_value=0.00026464611104118731 -0.00043313110299641268 -1.1957231145604069e-05 0.00020429140171598131 -1.6165958503586089e-06 -0.00034935371297805154 -0.00017346413701378014 9.6628094897925954e-05 0.00012835028188792655 5.5540498004503258e-06 0.00028032207983019557 -0.00030660351611996623
leaf_weight=31 25 134 29 43 23 41 89 39 38 23 22
leaf_count=31 25 134 29 43 23 41 89 39 38 23 22
internal_value=0 -2.6732e-05 2.93426e-05 6.9923e-06 -0.000122798 6.01981e-05 1.14452e-05 1.29554e-05 -7.7838e-06 3.08608e-05 -0.000108904
internal_weight=0 281 256 227 66 161 130 256 217 157 60
internal_count=537 281 256 227 66 161 130 256 217 157 60
is_linear=0
shrinkage=0.1


Tree=800
num_leaves=7
num_cat=0
split_feature=84 34 31 34 27 69
split_gain=4.62615e-05 5.4555e-05 6.01722e-05 5.07819e-05 0.000126615 0.00012188
threshold=0.68497705806044296 6.6883353279854534 6.1861747525776369 5.6524337755370313 4.7621374077860157 1.5138613836196224
decision_type=2 2 2 2 2 2
left_child=1 2 3 5 -5 -1
right_child=-2 -3 -4 4 -6 -7
leaf_value=-0.00021960700586742653 -0.00012066074246831704 0.0001356789556842658 -0.00015902169144955342 0.00028134911104147746 1.0463040023296344e-05 5.3979448317617284e-06
leaf_weight=26 30 31 23 22 80 325
leaf_count=26 30 31 23 22 80 325
internal_value=0 7.13969e-06 -1.23157e-06 6.77985e-06 6.88894e-05 -1.12691e-05
internal_weight=0 507 476 453 102 351
internal_count=537 507 476 453 102 351
is_linear=0
shrinkage=0.1


Tree=801
num_leaves=10
num_cat=0
split_feature=79 7 7 92 79 12 7 97 53
split_gain=4.20548e-05 0.000200568 0.000109446 0.00011243 7.1033e-05 6.12751e-05 9.73595e-05 0.000167085 0.000140103
threshold=4.4307459321434584 4.7621374077860157 5.8435402162155627 5.335544688068329 3.8709839499103427 5.9322416695047417 5.081385075233106 3.4811217321331038 2.5650725096321265
decision_type=2 2 2 2 2 2 2 2 2
left_child=4 -2 -3 -4 5 6 7 -1 -8
right_child=1 2 3 -5 -6 -7 8 -9 -10
leaf_value=-3.4203935113813109e-05 -0.0002538229345373111 0.0001804131667907519 6.6718676393837526e-05 -0.00021773838955899314 0.00017864706570981073 0.0001329981926306466 -0.00029448380689875474 0.00013205951889196492 -1.5124893741750415e-05
leaf_weight=180 35 31 33 24 25 34 26 91 58
leaf_count=180 35 31 33 24 25 34 26 91 58
internal_value=0 -5.13415e-05 2.91909e-05 -5.30527e-05 1.52536e-05 4.75276e-06 -7.5299e-06 2.16262e-05 -0.000101593
internal_weight=0 123 88 57 414 389 355 271 84
internal_count=537 123 88 57 414 389 355 271 84
is_linear=0
shrinkage=0.1


Tree=802
num_leaves=14
num_cat=0
split_feature=51 36 61 56 18 4 89 80 80 74 36 46 47
split_gain=4.27108e-05 0.000211933 0.000632417 0.000166632 0.000142747 0.000162977 0.000102011 0.000212 0.000243039 0.000168686 0.000199315 0.000147082 9.08826e-05
threshold=1.9356005054539456 1.0397207708399181 1.7188860970628002 1.9804065847987891 4.1742689126930488 4.6346818562128229 0.27764569800250255 0.90438094851675033 2.0757742169622069 0.10864103659213366 3.6235402922928786 3.7609296261008152 2.8029010331479989
decision_type=2 2 2 2 2 2 2 2 2 2 2 2 2
left_child=1 -1 -3 -2 -4 -6 7 11 -9 10 -8 -5 -11
right_child=3 2 4 6 5 -7 9 8 -10 12 -12 -13 -14
leaf_value=-0.00017107319516880025 -0.00024459056042057154 0.00059114980897654527 -0.00020191665487520648 -0.00014586693540941058 0.00022080689621459997 -6.8672178629019151e-05 0.00041104877223994626 -0.0004719523292310028 -2.0345127883886636e-05 7.7491337315922678e-05 6.1404968580193654e-05 7.0410891322921027e-05 -0.00017421418260710198
leaf_weight=36 30 22 26 43 37 41 23 22 26 26 56 117 32
leaf_count=36 30 22 26 43 37 41 23 22 26 26 56 117 32
internal_value=0 4.29082e-05 0.000104046 -1.85363e-05 1.00445e-06 6.86448e-05 1.12056e-06 -4.30102e-05 -0.000227332 6.81221e-05 0.0001632 1.22862e-05 -6.13807e-05
internal_weight=0 162 126 375 104 78 345 208 48 137 79 160 58
internal_count=537 162 126 375 104 78 345 208 48 137 79 160 58
is_linear=0
shrinkage=0.1


Tree=803
num_leaves=13
num_cat=0
split_feature=51 48 51 92 35 87 32 13 100 34 52 89
split_gain=4.06877e-05 0.000140874 0.000123297 9.20893e-05 0.000146794 0.000102207 8.59923e-05 6.16058e-05 0.000244754 0.000238395 0.00043154 0.000152367
threshold=5.2931911783158618 4.6346818562128229 5.1059271080903725 5.335544688068329 5.2417330174952186 0.33941329381316571 3.4960482137079443 2.3502401828962087 6.5147115934776361 5.1761337726651186 1.7005986908310777 0.55970362904636928
decision_type=2 2 2 2 2 2 2 2 2 2 2 2
left_child=2 -2 7 6 -5 -6 -3 9 -9 10 -1 -10
right_child=1 3 -4 4 5 -7 -8 8 11 -11 -12 -13
leaf_value=-0.00050130923564606551 -0.00027078514154393066 0.00025526315069080081 0.00022846808032437159 -0.00020642953750211747 -6.5027205439816633e-05 0.00020634003635875515 -1.8447565647268982e-05 0.00035021702692161359 4.7932906786420726e-05 0.00024163316131142146 -5.3832793177256515e-06 -0.00015452537682737172
leaf_weight=23 23 22 26 40 35 23 24 22 154 22 74 49
leaf_count=23 23 22 26 40 35 23 24 22 154 22 74 49
internal_value=0 -4.0972e-05 1.84928e-05 -4.26573e-06 -5.90542e-05 4.25839e-05 0.000112458 2.62254e-06 3.33987e-05 -5.55676e-05 -0.000122974 -9.36334e-07
internal_weight=0 167 370 144 98 58 46 344 225 119 97 203
internal_count=537 167 370 144 98 58 46 344 225 119 97 203
is_linear=0
shrinkage=0.1


Tree=804
num_leaves=8
num_cat=0
split_feature=64 61 69 53 60 5 4
split_gain=5.23362e-05 6.47589e-05 8.19486e-05 0.000100945 8.41391e-05 0.000118587 8.8454e-05
threshold=1.2482071283197402 1.6600138229157391 3.0541436847122734 0.70808679187955681 3.6441222005100626 2.3502401828962087 3.7609296261008152
decision_type=2 2 2 2 2 2 2
left_child=-1 -2 3 -3 5 -4 -6
right_child=1 2 4 -5 6 -7 -8
leaf_value=0.00014758131969163355 -0.00012716478270637552 0.00027256520431061894 1.8195264177241675e-05 -6.0783096423913393e-07 0.00012565557324426034 -0.00029956349817043901 -1.4997343038933916e-05
leaf_weight=23 41 24 24 31 52 23 319
leaf_count=23 41 24 24 31 52 23 319
internal_value=0 -6.60383e-06 3.84648e-06 0.000118595 -1.1252e-05 -0.000137304 4.71681e-06
internal_weight=0 514 473 55 418 47 371
internal_count=537 514 473 55 418 47 371
is_linear=0
shrinkage=0.1


Tree=805
num_leaves=9
num_cat=0
split_feature=64 1 36 104 16 6 16 8
split_gain=4.23923e-05 6.85302e-05 0.000255753 0.000129396 0.000104313 0.000224635 0.00010592 0.000194184
threshold=1.2482071283197402 1.0397207708399181 3.4334666422309414 1.4978661367769956 1.9356005054539456 3.4960482137079443 2.602003343538398 2.6735537653587347
decision_type=2 2 2 2 2 2 2 2
left_child=-1 2 -2 -4 5 -3 -6 -8
right_child=1 4 3 -5 6 -7 7 -9
leaf_value=0.00013282320061356904 -0.00037181173646113957 0.00037314871973965482 0.00019881262463362269 -0.00012031019136042301 -0.00018839413300156596 -6.4190318107648642e-05 0.00025079478912327132 -1.4835626130694468e-05
leaf_weight=23 23 23 24 27 30 24 30 333
leaf_count=23 23 23 24 27 30 24 30 333
internal_value=0 -5.94345e-06 -9.49803e-05 2.98653e-05 9.03093e-06 0.000149827 -7.80724e-06 7.1173e-06
internal_weight=0 514 74 51 440 47 393 363
internal_count=537 514 74 51 440 47 393 363
is_linear=0
shrinkage=0.1


Tree=806
num_leaves=10
num_cat=0
split_feature=27 26 29 27 38 61 57 45 64
split_gain=3.8926e-05 0.000143713 8.53507e-05 7.5507e-05 5.89344e-05 0.000149188 0.000186662 0.000113716 6.69647e-05
threshold=5.8550678171289681 6.2005071168401162 5.7381722323536151 6.4876828601347034 5.081385075233106 0.85184371294609129 1.592112006014599 4.007167868649713 4.5025831709150097
decision_type=2 2 2 2 2 2 2 2 2
left_child=1 4 -2 -4 5 -1 -7 -6 -9
right_child=2 -3 3 -5 7 6 -8 8 -10
leaf_value=0.00026553035759206977 0.00018494518592299702 -0.00025637014837032087 -0.00010591813391058807 0.00010385132346186766 -0.00020002220369765141 -0.00020613504105616208 4.0064103263254042e-05 0.0001197955857964134 -5.4236215314699284e-05
leaf_weight=24 34 23 37 32 38 36 213 33 67
leaf_count=24 34 23 37 32 38 36 213 33 67
internal_value=0 -1.31161e-05 5.52661e-05 -8.63375e-06 4.96606e-07 2.74195e-05 4.46905e-06 -5.27639e-05 3.19428e-06
internal_weight=0 434 103 69 411 273 249 138 100
internal_count=537 434 103 69 411 273 249 138 100
is_linear=0
shrinkage=0.1


Tree=807
num_leaves=7
num_cat=0
split_feature=40 41 41 42 42 44
split_gain=4.15293e-05 0.000151212 4.11022e-05 3.93821e-05 0.000239328 0.000162316
threshold=6.6707012585667238 6.3314765202922478 5.9053284366375065 4.8282817362782584 4.5538214868689204 3.9219243190762363
decision_type=2 2 2 2 2 2
left_child=1 2 3 4 -1 -5
right_child=-2 -3 -4 5 -6 -7
leaf_value=-2.0077673758351012e-05 0.00012328611026952364 -0.00026273625054190316 0.00013287960318848492 -0.00020882375311408568 0.00023752493702473162 9.6127582099285463e-06
leaf_weight=200 26 22 24 42 44 179
leaf_count=200 26 22 24 42 44 179
internal_value=0 -6.27287e-06 5.26536e-06 -1.32119e-06 2.63753e-05 -3.19001e-05
internal_weight=0 511 489 465 244 221
internal_count=537 511 489 465 244 221
is_linear=0
shrinkage=0.1


Tree=808
num_leaves=13
num_cat=0
split_feature=87 92 61 2 10 88 16 2 38 40 74 42
split_gain=3.96563e-05 0.000145672 8.14367e-05 0.00029675 9.75777e-05 0.000159812 0.000127864 8.15511e-05 8.12696e-05 0.000201237 0.000101179 7.52701e-05
threshold=0.5556069708080712 5.4003467495495432 1.7188860970628002 2.3937458713910238 4.4187680230537838 0.41040294975001845 3.4334666422309414 4.5746578350692051 4.6586997221347959 4.8597823571876004 0.16258902035953013 6.5624281337850094
decision_type=2 2 2 2 2 2 2 2 2 2 2 2
left_child=2 8 3 -1 5 6 -4 -6 10 -10 -2 -9
right_child=1 -3 4 -5 7 -7 -8 11 9 -11 -12 -13
leaf_value=-0.00013945023413962981 0.00024139100605680142 -0.00026515673141693701 -0.00029051766229713392 0.0003379789379202218 0.00019147275311947202 8.1630496889475694e-05 5.3855749960664829e-06 -1.2692452719535964e-05 -0.00027882782228866396 0.00013211087653789119 -3.4079797648397897e-05 0.00015049439122473513
leaf_weight=23 24 25 40 30 28 36 23 197 26 22 30 33
leaf_count=23 24 25 40 30 28 36 23 197 26 22 30 33
internal_value=0 -4.88269e-05 1.51244e-05 0.000130793 -2.04762e-06 -8.64459e-05 -0.000182489 3.03377e-05 4.19516e-06 -9.04809e-05 8.83517e-05 1.07213e-05
internal_weight=0 127 410 53 357 99 63 258 102 48 54 230
internal_count=537 127 410 53 357 99 63 258 102 48 54 230
is_linear=0
shrinkage=0.1


Tree=809
num_leaves=8
num_cat=0
split_feature=34 49 51 2 10 48 58
split_gain=4.07828e-05 4.24992e-05 4.45671e-05 6.25673e-05 0.00016689 0.000108616 2.23656e-05
threshold=7.0996144550911771 6.3851247223965801 5.950628989035704 5.1179758838799021 5.0688844241303981 4.7621374077860157 6.0402093577466109
decision_type=2 2 2 2 2 2 2
left_child=1 2 3 5 -5 -1 -4
right_child=-2 -3 6 4 -6 -7 -8
leaf_value=9.1100064135588752e-06 -0.00012471431745507289 0.00012819771056658485 -0.00016797262646419273 0.00031318009238351477 1.8247952696886688e-05 -0.00015423896367428827 -2.5380942944056273e-05
leaf_weight=219 25 27 22 22 150 50 22
leaf_count=219 25 27 22 22 150 50 22
internal_value=0 6.08957e-06 -7.08207e-07 8.86689e-06 5.59718e-05 -2.12523e-05 -9.66768e-05
internal_weight=0 512 485 441 172 269 44
internal_count=537 512 485 441 172 269 44
is_linear=0
shrinkage=0.1


Tree=810
num_leaves=8
num_cat=0
split_feature=68 61 32 73 71 20 20
split_gain=3.83395e-05 5.41873e-05 5.28298e-05 0.000169909 0.00015666 0.000141992 9.15237e-05
threshold=3.46163845539213 1.2158790632800085 2.6735537653587347 4.3819485035697312 2.7706317725792133 2.602003343538398 3.3497501700808394
decision_type=2 2 2 2 2 2 2
left_child=-1 -2 3 4 -3 -4 -7
right_child=1 2 5 -5 -6 6 -8
leaf_value=0.0001098448558089634 -0.00013245501240817249 4.4146885643978911e-05 -0.0002445922700571828 -0.0001706001627925699 0.00036859351490751247 0.00014250832308146239 -1.6211378403901808e-05
leaf_weight=30 32 46 25 22 22 41 319
leaf_count=30 32 46 25 22 22 41 319
internal_value=0 -6.49969e-06 1.98572e-06 7.09623e-05 0.000149115 -1.41387e-05 1.86503e-06
internal_weight=0 507 475 90 68 385 360
internal_count=537 507 475 90 68 385 360
is_linear=0
shrinkage=0.1


Tree=811
num_leaves=8
num_cat=0
split_feature=35 26 37 61 8 32 86
split_gain=3.7283e-05 0.000110496 3.64413e-05 0.000154736 0.000133995 0.000180332 0.000118315
threshold=6.6950642080078762 6.8053391632106601 1.5890269151739731 0.85184371294609129 1.9356005054539456 3.0433873634561537 0.6835591498300263
decision_type=2 2 2 2 2 2 2
left_child=1 2 4 -4 -1 -6 -5
right_child=-2 -3 3 6 5 -7 -8
leaf_value=-0.00022636837364492144 0.0001274854158427016 -0.00021967953500833296 0.00027656472626734865 -1.1187445537586716e-05 0.00017881449398134323 -0.00012357431254846545 0.00022812353371674281
leaf_weight=30 22 23 22 339 38 41 22
leaf_count=30 22 23 22 339 38 41 22
internal_value=0 -5.44598e-06 4.569e-06 1.90877e-05 -4.64463e-05 2.18785e-05 3.3966e-06
internal_weight=0 515 492 383 109 79 361
internal_count=537 515 492 383 109 79 361
is_linear=0
shrinkage=0.1


Tree=812
num_leaves=8
num_cat=0
split_feature=22 41 103 46 42 65 20
split_gain=3.91519e-05 0.000142064 4.02783e-05 0.000258318 0.000303844 0.000144773 6.95937e-05
threshold=6.8053391632106601 6.4068582012380899 2.9174053685313028 3.7609296261008152 4.8282817362782584 1.8852186403600675 2.191013317336941
decision_type=2 2 2 2 2 2 2
left_child=1 2 3 -1 -5 -4 -7
right_child=-2 -3 5 4 -6 6 -8
leaf_value=-0.00030001849178612852 9.9259855434521917e-05 -0.00025580662695574575 0.00026927447641107645 0.00035215106732009544 -7.0756981294834979e-05 -0.00011276282702138733 2.2084829825240489e-05
leaf_weight=30 37 22 22 23 65 44 294
leaf_count=30 37 22 22 23 65 44 294
internal_value=0 -7.34523e-06 4.09023e-06 -4.66126e-05 3.97758e-05 2.07095e-05 4.5307e-06
internal_weight=0 500 478 118 88 360 338
internal_count=537 500 478 118 88 360 338
is_linear=0
shrinkage=0.1


Tree=813
num_leaves=7
num_cat=0
split_feature=43 37 79 32 32 32
split_gain=3.61227e-05 0.000174005 6.16979e-05 4.1244e-05 6.30909e-05 9.55572e-05
threshold=6.1861747525776369 5.9053284366375065 2.8617925509761908 5.948031580597152 5.5052984857290932 5.1474268681323965
decision_type=2 2 2 2 2 2
left_child=1 3 -2 4 5 -1
right_child=2 -3 -4 -5 -6 -7
leaf_value=-8.9886858275338607e-06 -1.1617190014503925e-05 -0.0002835778740601117 0.00020174055251750953 0.00010003109395833369 -0.00012131231413669802 0.00015826489806817048
leaf_weight=338 33 22 23 41 42 38
leaf_count=338 33 22 23 41 42 38
internal_value=0 -8.84962e-06 7.60119e-05 4.31819e-06 -5.06992e-06 7.9146e-06
internal_weight=0 481 56 459 418 376
internal_count=537 481 56 459 418 376
is_linear=0
shrinkage=0.1


Tree=814
num_leaves=9
num_cat=0
split_feature=27 16 22 30 46 23 29 27
split_gain=3.67425e-05 0.000127126 6.79272e-05 9.1569e-05 0.000132286 8.14613e-05 6.07569e-05 6.40101e-05
threshold=5.8550678171289681 6.102536072598296 6.0890423044950035 5.5093801410486734 5.2469686674288658 4.7621374077860157 5.7381722323536151 6.4876828601347034
decision_type=2 2 2 2 2 2 2 2
left_child=1 2 3 4 -1 -5 -2 -8
right_child=6 -3 -4 5 -6 -7 7 -9
leaf_value=-1.7298095063068995e-05 0.00016310553893858655 -0.00024152892064708081 0.00017100821503184059 -0.00024778426704870072 0.00015264294332485986 -1.4224849837773946e-05 -8.9791653610174428e-05 0.00010334868604786607
leaf_weight=274 34 23 22 28 55 32 37 32
leaf_count=274 34 23 22 28 55 32 37 32
internal_value=0 -1.2743e-05 6.01214e-08 -9.60789e-06 1.11115e-05 -0.000123219 5.36937e-05 -2.19322e-07
internal_weight=0 434 411 389 329 60 103 69
internal_count=537 434 411 389 329 60 103 69
is_linear=0
shrinkage=0.1


Tree=815
num_leaves=10
num_cat=0
split_feature=41 53 64 57 45 74 48 40 63
split_gain=3.78927e-05 0.000269656 0.000255637 0.000171548 0.000117917 0.000104458 9.48266e-05 9.23033e-05 5.04457e-05
threshold=1.8688348091416844 1.42719842658769 2.3902615367329769 3.2096105065413094 2.3502401828962087 0.88252434624072318 3.4960482137079443 3.1132683346437333 5.5293030953222733
decision_type=2 2 2 2 2 2 2 2 2
left_child=1 -1 -2 -3 -4 7 -5 -6 -8
right_child=2 3 4 6 5 -7 8 -9 -10
leaf_value=0.00030444917546476298 -0.00031238342774115695 -0.00027973762480542063 0.00017318162312891986 0.00018378304937089395 0.00016342053716016382 -0.00021832895567770367 -0.00014257324611697606 -1.5666469963988121e-05 5.847716693097027e-05
leaf_weight=31 27 22 38 28 32 23 26 286 24
leaf_count=31 27 22 38 28 32 23 26 286 24
internal_value=0 4.67647e-05 -1.50891e-05 -3.31175e-05 6.09019e-06 -1.253e-05 3.6442e-05 2.35486e-06 -4.6069e-05
internal_weight=0 131 406 100 379 341 78 318 50
internal_count=537 131 406 100 379 341 78 318 50
is_linear=0
shrinkage=0.1


Tree=816
num_leaves=10
num_cat=0
split_feature=42 38 68 42 47 43 47 40 87
split_gain=3.62461e-05 0.000129595 0.000128145 0.000113264 7.35853e-05 0.000328292 0.000237683 0.000166291 0.000188719
threshold=3.1345481418531311 2.3937458713910238 4.2123641637674618 3.6105525490912482 2.8029010331479989 3.0201273556387074 3.8393944990995772 1.5890269151739729 0.036928771232934005
decision_type=2 2 2 2 2 2 2 2 2
left_child=1 2 -1 -2 7 -6 -7 -5 -9
right_child=3 -3 -4 4 5 6 -8 8 -10
leaf_value=0.00012306626375513068 -0.00021453016205878858 0.00020896278379950673 -0.00016986937365857103 -0.00014479234783224953 -0.00036831074557267131 0.00030402870260877538 -1.7414902982990399e-05 0.00037687020297968191 8.7800377756745247e-06
leaf_weight=28 26 35 32 22 25 25 288 26 30
leaf_count=28 26 35 32 22 25 25 288 26 30
internal_value=0 5.60393e-05 -3.31661e-05 -1.20446e-05 6.10701e-07 -1.95933e-05 8.25951e-06 8.81615e-05 0.000179679
internal_weight=0 95 60 442 416 338 313 78 56
internal_count=537 95 60 442 416 338 313 78 56
is_linear=0
shrinkage=0.1


Tree=817
num_leaves=9
num_cat=0
split_feature=81 37 39 96 68 35 45 92
split_gain=3.79282e-05 8.96307e-05 0.000199791 0.00016366 0.000256474 0.000132135 0.000110129 0.000220359
threshold=2.1664091395297538 1.5890269151739731 2.524928003624769 3.2180751841847144 4.6023621388813032 1.5890269151739729 2.5619819897016298 5.2413835861557478
decision_type=2 2 2 2 2 2 2 2
left_child=1 3 5 -1 -5 -3 -4 -8
right_child=-2 2 6 4 -6 -7 7 -9
leaf_value=0.00011586075561353937 9.3679002166027214e-05 0.00037971384084481874 -0.0002218798084262138 -0.0003495677011259384 4.9294306934046158e-05 6.3323914792184064e-05 0.00030569817678373183 -2.2038964325594479e-05
leaf_weight=26 40 22 24 38 28 33 22 304
leaf_count=26 40 22 24 38 28 33 22 304
internal_value=0 -7.53956e-06 1.27007e-05 -9.66408e-05 -0.000180354 0.00018988 -1.51417e-05 7.82661e-08
internal_weight=0 497 405 92 66 55 350 326
internal_count=537 497 405 92 66 55 350 326
is_linear=0
shrinkage=0.1


Tree=818
num_leaves=10
num_cat=0
split_feature=33 33 12 103 46 42 67 89 20
split_gain=3.79162e-05 0.000154537 6.6563e-05 3.91828e-05 0.000204387 0.000289241 0.000122385 0.000222935 7.68726e-05
threshold=5.8141260764699529 5.5606520443413574 5.8550678171289681 2.9174053685313028 3.7609296261008152 4.8282817362782584 4.2045812236012674 1.0000000180025095e-35 2.191013317336941
decision_type=2 2 2 2 2 2 2 2 2
left_child=1 3 -2 4 -1 -6 7 -5 -8
right_child=2 -3 -4 6 5 -7 8 -9 -10
leaf_value=-0.00027218061169454209 -2.2173024635776528e-05 -0.00026935497761852197 0.00016666220844074685 0.00037441256725287533 0.00033367270826483553 -8.4395527319737986e-05 -0.0001571596308106867 -5.2276793940109205e-05 1.2284950560526165e-05
leaf_weight=30 40 22 35 25 23 59 30 24 249
leaf_count=30 40 22 35 25 23 59 30 24 249
internal_value=0 -1.07062e-05 6.59501e-05 2.22626e-06 -4.88418e-05 3.28675e-05 1.96641e-05 0.000165422 -5.9349e-06
internal_weight=0 462 75 440 112 82 328 49 279
internal_count=537 462 75 440 112 82 328 49 279
is_linear=0
shrinkage=0.1


Tree=819
num_leaves=6
num_cat=0
split_feature=34 84 49 14 9
split_gain=3.85427e-05 3.738e-05 4.21469e-05 5.53803e-05 8.70203e-05
threshold=7.0996144550911771 0.67644775793055045 6.3851247223965801 6.5553558800919278 5.6903366269220443
decision_type=2 2 2 2 2
left_child=1 2 3 4 -1
right_child=-2 -3 -4 -5 -6
leaf_value=-1.3093141626685089e-05 -0.00012124082091031596 0.00010723149258838556 0.00012007360131031387 -0.00015635968599478172 0.00015836206353014859
leaf_weight=395 25 34 27 24 32
leaf_count=395 25 34 27 24 32
internal_value=0 5.91996e-06 -1.2863e-06 -8.55175e-06 -2.4404e-07
internal_weight=0 512 478 451 427
internal_count=537 512 478 451 427
is_linear=0
shrinkage=0.1


Tree=820
num_leaves=14
num_cat=0
split_feature=57 101 104 20 86 18 44 98 2 53 77 44 75
split_gain=3.69489e-05 0.000109222 0.000106132 9.30937e-05 0.000253469 0.000313181 0.000183239 0.000101731 7.21722e-05 6.25937e-05 0.000102262 9.2313e-05 9.12539e-05
threshold=4.0817656294488804 3.2769667020129059 3.1345481418531311 2.524928003624769 0.58066786489464151 4.5271940351011493 3.1132683346437333 1.4978661367769959 6.1685504539682894 3.3015149975004081 5.402667236488937 4.5746578350692051 5.5508669962443093
decision_type=2 2 2 2 2 2 2 2 2 2 2 2 2
left_child=2 -2 3 4 5 -1 -5 -8 -4 -3 11 -11 -12
right_child=1 9 8 6 -6 -7 7 -9 -10 10 12 -13 -14
leaf_value=0.00010592650969556417 -0.00024017449025489878 -0.00013489789829867322 0.00029231878209181808 -0.00022825201901598903 0.00035926529813726428 -0.0003243062195036581 -0.00013045312474332604 5.448639404864386e-05 3.6172217237022288e-05 0.00026267045550048353 -0.0002311059256995081 1.7714430323394482e-05 1.9295470913273803e-05
leaf_weight=64 23 31 22 42 24 23 40 116 22 25 22 40 43
leaf_count=64 23 31 22 42 24 23 40 116 22 25 22 40 43
internal_value=0 -3.63323e-05 1.89381e-05 -1.75297e-06 7.15551e-05 -7.81318e-06 -4.28499e-05 7.066e-06 0.000164245 -7.21193e-06 2.32363e-05 0.000111928 -6.54558e-05
internal_weight=0 184 353 309 111 87 198 156 44 161 130 65 65
internal_count=537 184 353 309 111 87 198 156 44 161 130 65 65
is_linear=0
shrinkage=0.1


Tree=821
num_leaves=10
num_cat=0
split_feature=27 21 23 46 29 29 39 88 44
split_gain=3.57485e-05 0.000116915 6.30018e-05 6.1049e-05 6.92835e-05 8.57902e-05 8.1565e-05 4.95986e-05 9.57928e-05
threshold=5.8550678171289681 5.4380415003103764 5.9188794015264019 6.4876828601347034 4.5107991236896536 4.1266138227908868 4.8121513051691478 0.52321968561337051 5.9322416695047417
decision_type=2 2 2 2 2 2 2 2 2
left_child=1 3 -2 4 5 -1 -6 8 -4
right_child=2 -3 7 -5 6 -7 -8 -9 -10
leaf_value=-6.2541880813019186e-06 0.00020303068977227669 -0.00022250311629613863 9.1440955193006795e-05 0.00015500260028602499 -0.00025722546031994918 0.00016668093039697853 -2.879691415324083e-05 0.00013646621949231738 -0.00016558816275611554
leaf_weight=277 22 25 29 24 22 32 54 23 29
leaf_count=277 22 25 29 24 22 32 54 23 29
internal_value=0 -1.25694e-05 5.29624e-05 2.6271e-07 -9.38341e-06 1.1655e-05 -9.4921e-05 1.22031e-05 -3.70736e-05
internal_weight=0 434 103 409 385 309 76 81 58
internal_count=537 434 103 409 385 309 76 81 58
is_linear=0
shrinkage=0.1


Tree=822
num_leaves=9
num_cat=0
split_feature=36 45 8 32 24 53 77 53
split_gain=3.45662e-05 0.000325927 0.000256479 9.81173e-05 0.00011987 0.000102106 0.000100958 9.98813e-05
threshold=1.9356005054539456 2.5619819897016298 1.9356005054539456 2.524928003624769 2.524928003624769 4.2824042442592738 5.6472105679022233 3.573502794434515
decision_type=2 2 2 2 2 2 2 2
left_child=1 2 -1 -2 -5 7 -7 -6
right_child=3 -3 -4 4 5 6 -8 -9
leaf_value=-0.00030379710816336668 -0.00015945469040605354 0.00028897265571710726 9.8348217766865034e-05 0.00018861146049857781 -9.0727008690927519e-06 0.00019345879727985623 -3.6503703943578456e-05 -0.00015086693026091782
leaf_weight=29 41 37 35 32 222 42 35 64
leaf_count=29 41 37 35 32 222 42 35 64
internal_value=0 5.27135e-05 -8.38739e-05 -1.22111e-05 3.07236e-06 -1.32837e-05 8.89304e-05 -4.08029e-05
internal_weight=0 101 64 436 395 363 77 286
internal_count=537 101 64 436 395 363 77 286
is_linear=0
shrinkage=0.1


Tree=823
num_leaves=10
num_cat=0
split_feature=41 4 64 59 45 86 28 98 8
split_gain=3.6621e-05 0.000262193 0.000196634 0.000126549 9.701e-05 9.43371e-05 9.01958e-05 6.4521e-05 6.43269e-05
threshold=1.8688348091416844 1.5890269151739729 2.3902615367329769 4.4885732424042368 2.3502401828962087 0.29216371308724054 2.6735537653587347 4.2625806805327082 2.524928003624769
decision_type=2 2 2 2 2 2 2 2 2
left_child=1 -1 -2 -3 -4 7 -6 -5 -8
right_child=2 3 4 5 6 -7 8 -9 -10
leaf_value=0.00031731350869189818 -0.00027557144160339335 -0.00020069552745553669 0.00015529758292311607 0.00023525844933465126 -0.00017296368455390623 -0.00011916398416929043 0.00014794386050717939 5.7107833754344034e-06 -1.0999879003363641e-05
leaf_weight=28 27 30 38 25 32 24 28 24 281
leaf_count=28 27 30 38 25 32 24 28 24 281
internal_value=0 4.59733e-05 -1.48337e-05 -2.77891e-05 3.74125e-06 4.32683e-05 -1.31477e-05 0.000122827 3.40279e-06
internal_weight=0 131 406 103 379 73 341 49 309
internal_count=537 131 406 103 379 73 341 49 309
is_linear=0
shrinkage=0.1


Tree=824
num_leaves=8
num_cat=0
split_feature=68 70 42 41 33 36 45
split_gain=3.87261e-05 4.63101e-05 5.95843e-05 9.04334e-05 6.44546e-05 0.000111865 0.000102566
threshold=3.46163845539213 0.83728205109653897 2.3937458713910238 1.5890269151739731 3.1132683346437333 4.2045812236012674 2.9174053685313028
decision_type=2 2 2 2 2 2 2
left_child=-1 -2 3 -3 6 -6 -4
right_child=1 2 4 -5 5 -7 -8
leaf_value=0.00011039727842823292 -0.00014211426253799193 -2.3230963120897348e-05 -1.8279993162195753e-05 0.00023360747962634866 0.00014650680462252171 -1.4924130664439873e-05 -0.000220394444434479
leaf_weight=30 24 29 96 26 52 246 34
leaf_count=30 24 29 96 26 52 246 34
internal_value=0 -6.53238e-06 2.04604e-07 9.81836e-05 -1.23862e-05 1.3245e-05 -7.11407e-05
internal_weight=0 507 483 55 428 298 130
internal_count=537 507 483 55 428 298 130
is_linear=0
shrinkage=0.1


Tree=825
num_leaves=8
num_cat=0
split_feature=65 63 69 23 27 2 26
split_gain=3.88535e-05 6.62626e-05 5.60486e-05 5.59e-05 0.000258401 8.38649e-05 4.09609e-05
threshold=1.6283470507525168 2.9430520157250784 3.0541436847122734 5.3981524641123215 5.1984817689835037 5.7004379805808041 3.7132745361986528
decision_type=2 2 2 2 2 2 2
left_child=-1 -2 6 4 -4 -5 -3
right_child=1 2 3 5 -6 -7 -8
leaf_value=9.4814800040694531e-05 -0.00014454817168315818 0.00020597101115113633 -1.7150561416303489e-06 0.00014114632204627225 -0.00031431885732066201 -1.1891171455752794e-05 1.3001539628021419e-05
leaf_weight=40 33 22 223 52 30 115 22
leaf_count=40 33 22 223 52 30 115 22
internal_value=0 -7.63097e-06 2.10667e-06 -9.14262e-06 -3.87827e-05 3.57612e-05 0.000109486
internal_weight=0 497 464 420 253 167 44
internal_count=537 497 464 420 253 167 44
is_linear=0
shrinkage=0.1


Tree=826
num_leaves=11
num_cat=0
split_feature=34 26 65 52 83 11 96 32 2 26
split_gain=3.40482e-05 3.90674e-05 0.000141744 0.000128273 0.000144528 0.000180808 8.54708e-05 8.13175e-05 0.000130917 0.000109695
threshold=7.0996144550911771 4.465842055365858 1.7979990963685306 1.7005986908310777 0.94785570212760606 1.5890269151739729 4.6913057964583187 4.317399216745252 4.8282817362782584 5.1179758838799021
decision_type=2 2 2 2 2 2 2 2 2 2
left_child=1 3 -3 -1 5 -5 -6 8 -4 -9
right_child=-2 2 7 4 6 -7 -8 9 -10 -11
leaf_value=-0.00021365135557331884 -0.00011395283875754102 0.00026521875197827089 -0.00022338901771165964 0.00027370432075900572 -0.00023268524746526966 -3.4885031819549324e-05 -4.8848885671759492e-06 0.0002149704759029837 2.401294726635296e-05 1.2168289101344329e-05
leaf_weight=32 25 23 35 34 28 43 40 31 55 191
leaf_count=32 25 23 35 34 28 43 40 31 55 191
internal_value=0 5.5641e-06 2.56429e-05 -3.24381e-05 7.55385e-06 0.000101375 -9.8685e-05 7.98181e-06 -7.21989e-05 4.04875e-05
internal_weight=0 512 335 177 145 77 68 312 90 222
internal_count=537 512 335 177 145 77 68 312 90 222
is_linear=0
shrinkage=0.1


Tree=827
num_leaves=6
num_cat=0
split_feature=36 32 32 28 20
split_gain=3.64294e-05 0.000120023 4.03122e-05 4.62401e-05 6.33254e-05
threshold=6.4232258802757327 6.2633964485293765 5.948031580597152 5.7268424424629787 5.5568206079685734
decision_type=2 2 2 2 2
left_child=1 2 3 4 -1
right_child=-2 -3 -4 -5 -6
leaf_value=-8.1644378113087064e-06 9.4383770269096683e-05 -0.00023555305053212742 0.00010997857001105634 -0.00013140512967732288 0.00013237271147123207
leaf_weight=382 38 22 33 27 35
leaf_count=382 38 22 33 27 35
internal_value=0 -7.18754e-06 3.34504e-06 -4.58043e-06 3.63125e-06
internal_weight=0 499 477 444 417
internal_count=537 499 477 444 417
is_linear=0
shrinkage=0.1


Tree=828
num_leaves=11
num_cat=0
split_feature=95 2 87 65 27 89 26 103 48 92
split_gain=3.66971e-05 0.000201641 7.37477e-05 9.32036e-05 0.000102035 0.000158121 0.000128843 4.90113e-05 5.67982e-05 6.18849e-05
threshold=5.298267364047871 6.0234446615874218 0.68132155220869406 1.6085863662850206 1.5890269151739729 0.2444714479475863 3.0433873634561537 5.6057750326932236 5.3032925319746216 5.335544688068329
decision_type=2 2 2 2 2 2 2 2 2 2
left_child=2 -2 3 -1 5 -5 -6 -3 -9 -10
right_child=1 7 -4 4 6 -7 -8 8 9 -11
leaf_value=-0.00015877023070203224 -0.00031481979328774564 0.00013701940791482531 0.00018895403020154766 1.0804865172410265e-05 -0.00020075815689837799 0.00031099606577689496 1.5774008573294129e-05 -0.00015530561449850211 0.0001518169045236088 -5.2274419390239647e-05
leaf_weight=32 23 24 23 47 31 28 242 24 24 39
leaf_count=32 23 24 23 47 31 28 242 24 24 39
internal_value=0 -4.53345e-05 1.5074e-05 4.54968e-06 1.95676e-05 0.000122876 -8.81389e-06 1.05048e-05 -2.43958e-05 2.54747e-05
internal_weight=0 134 403 380 348 75 273 111 87 63
internal_count=537 134 403 380 348 75 273 111 87 63
is_linear=0
shrinkage=0.1


Tree=829
num_leaves=8
num_cat=0
split_feature=11 10 0 30 15 15 16
split_gain=3.47573e-05 7.37898e-05 0.000239809 8.99679e-05 5.03346e-05 5.75434e-05 4.09006e-05
threshold=6.6950642080078762 6.3007841113004242 6.0614542021347031 6.640841196316484 5.6454406545496605 5.3229980813168991 5.5797227059640084
decision_type=2 2 2 2 2 2 2
left_child=1 3 -3 4 5 -1 -6
right_child=-2 2 -4 -5 6 -7 -8
leaf_value=-2.146128987897632e-06 0.00012309157996655401 -0.00034781556756934153 4.69957278437505e-05 0.00020178606760252833 -0.00019019651626877023 0.00012756728185769661 -3.5825579644828717e-06
leaf_weight=342 22 25 40 23 24 38 23
leaf_count=342 22 25 40 23 24 38 23
internal_value=0 -5.25828e-06 -0.000104855 9.12788e-06 -1.2495e-06 1.08252e-05 -9.88748e-05
internal_weight=0 515 65 450 427 380 47
internal_count=537 515 65 450 427 380 47
is_linear=0
shrinkage=0.1


Tree=830
num_leaves=8
num_cat=0
split_feature=34 26 16 96 2 57 68
split_gain=3.4592e-05 4.20297e-05 3.71125e-05 0.000273792 0.000222873 0.000110393 6.09029e-05
threshold=7.0996144550911771 6.5352317916717775 1.9356005054539456 4.8121513051691478 1.9356005054539456 1.3573146361152435 3.9264108470552466
decision_type=2 2 2 2 2 2 2
left_child=1 2 3 4 -1 -4 -7
right_child=-2 -3 5 -5 -6 6 -8
leaf_value=-5.2638928832493551e-05 -0.00011485913106298539 0.00012045178973645913 -0.00021859501907601955 -0.00025562576239198363 0.00029766530599209507 0.00013767009473542266 -1.3443866599841551e-05
leaf_weight=32 25 30 25 22 42 29 332
leaf_count=32 25 30 25 22 42 29 332
internal_value=0 5.60835e-06 -1.53958e-06 5.41014e-05 0.000146182 -1.53777e-05 -1.30452e-06
internal_weight=0 512 482 96 74 386 361
internal_count=537 512 482 96 74 386 361
is_linear=0
shrinkage=0.1


Tree=831
num_leaves=9
num_cat=0
split_feature=53 31 26 53 55 101 101 101
split_gain=3.46514e-05 0.000234841 0.000282202 0.000141965 8.19391e-05 4.66724e-05 0.000206276 0.000114789
threshold=0.70808679187955681 2.3937458713910238 4.7790881836238563 1.0098148431804506 2.8314802400679731 3.5972184255501678 3.0433873634561537 3.9701138825728512
decision_type=2 2 2 2 2 2 2 2
left_child=1 -1 -3 -2 -5 6 -6 -7
right_child=3 2 -4 4 5 7 -8 -9
leaf_value=0.00031650590055505747 -0.00024275331456738059 -0.00025312691225281013 0.00017378685530275106 0.0001860226632308458 1.7426666678287664e-05 0.00017861666577094159 -0.00027774927025348006 -1.0506394836971777e-05
leaf_weight=25 25 32 30 23 91 37 32 242
leaf_count=25 25 32 30 23 91 37 32 242
internal_value=0 5.77723e-05 -4.65557e-05 -1.11693e-05 2.45327e-06 -8.04945e-06 -5.93671e-05 1.45744e-05
internal_weight=0 87 62 450 425 402 123 279
internal_count=537 87 62 450 425 402 123 279
is_linear=0
shrinkage=0.1


Tree=832
num_leaves=11
num_cat=0
split_feature=31 35 42 30 4 29 64 40 31 100
split_gain=3.32336e-05 0.000224828 7.33423e-05 0.000110403 0.000111264 5.13141e-05 9.6905e-05 7.71499e-05 5.85481e-05 4.15753e-05
threshold=5.5412558557490508 5.379886735236628 5.9375327241700111 5.5093801410486734 1.5890269151739729 5.8141260764699529 6.0424332852266884 5.9322416695047417 6.4167269426572506 8.362379294148246
decision_type=2 2 2 2 2 2 2 2 2 2
left_child=1 2 3 4 -1 6 9 -7 -9 -2
right_child=5 -3 -4 -5 -6 7 -8 8 -10 -11
leaf_value=0.00012367924300082396 0.00012266380340756418 -0.00028854142463907403 0.00016110589089553937 -0.00021398895975532166 -2.3062356392471863e-05 -0.0001734155524425897 0.00027282705523248298 -6.5812456895124029e-05 0.00015526424630661498 -4.5319850409321268e-05
leaf_weight=66 26 28 28 24 238 23 22 23 25 34
leaf_count=66 26 28 28 24 238 23 22 23 25 34
internal_value=0 -1.5703e-05 5.75623e-06 -7.50532e-06 8.79602e-06 3.94114e-05 9.32997e-05 -2.28259e-05 4.93317e-05 2.74731e-05
internal_weight=0 384 356 328 304 153 82 71 48 60
internal_count=537 384 356 328 304 153 82 71 48 60
is_linear=0
shrinkage=0.1


Tree=833
num_leaves=10
num_cat=0
split_feature=46 35 35 14 39 44 40 50 104
split_gain=3.26312e-05 3.50964e-05 0.000163596 0.000115549 0.000112704 9.81694e-05 0.000141548 9.61082e-05 8.16795e-05
threshold=7.0021555404279701 2.524928003624769 1.5890269151739729 4.8559213341406453 2.9430520157250784 1.0397207708399181 3.1132683346437333 4.5325416796595226 2.1383330595080281
decision_type=2 2 2 2 2 2 2 2 2
left_child=1 2 3 7 -3 -6 -7 -1 -4
right_child=-2 4 8 -5 5 6 -8 -9 -10
leaf_value=3.0793733749305833e-06 -0.00010317202552336124 0.00018556435461505318 -0.00033295446636739972 -0.00016958444863451986 -0.00017203649796760273 0.00023467709130012998 -1.6999305755330409e-06 0.00022718707046043429 -6.0458489555127349e-05
leaf_weight=50 29 38 22 22 29 28 266 31 22
leaf_count=50 29 38 22 22 29 28 266 31 22
internal_value=0 5.88974e-06 -3.53005e-05 3.36496e-05 2.26625e-05 3.49758e-06 2.08122e-05 8.8849e-05 -0.000196706
internal_weight=0 508 147 103 361 323 294 81 44
internal_count=537 508 147 103 361 323 294 81 44
is_linear=0
shrinkage=0.1


Tree=834
num_leaves=11
num_cat=0
split_feature=31 30 26 13 10 76 35 44 80 25
split_gain=3.17783e-05 0.000138577 7.23607e-05 8.41344e-05 0.000122546 0.000112867 5.93767e-05 6.96486e-05 5.50801e-05 5.3067e-05
threshold=5.379886735236628 5.6524337755370313 5.272986409146923 4.4425820475484112 4.7094896185437563 0.79076816748141088 5.5412558557490508 6.4232258802757327 0.97575882019212934 5.0271592211193568
decision_type=2 2 2 2 2 2 2 2 2 2
left_child=1 2 3 4 -1 -5 -2 8 9 -8
right_child=6 -3 -4 5 -6 -7 7 -9 -10 -11
leaf_value=-2.8105274533986909e-05 0.00017167413428035585 -0.00018527216381995079 0.00015945538502169906 -0.00026541578581263487 0.00013043997888457649 3.9716174052790109e-05 -0.00011753120076415751 0.00013280446091292625 -0.00016311449762724807 5.7998808188131079e-05
leaf_weight=179 27 43 28 27 67 22 24 35 24 61
leaf_count=179 27 43 28 27 67 22 24 35 24 61
internal_value=0 -1.66278e-05 5.82327e-06 -8.75877e-06 1.50757e-05 -0.000128418 3.55894e-05 1.00735e-05 -2.93355e-05 8.43739e-06
internal_weight=0 366 323 295 246 49 171 144 109 85
internal_count=537 366 323 295 246 49 171 144 109 85
is_linear=0
shrinkage=0.1


Tree=835
num_leaves=8
num_cat=0
split_feature=34 26 75 75 75 53 37
split_gain=3.26254e-05 3.58701e-05 3.51212e-05 9.84259e-05 8.09074e-05 5.6843e-05 4.85228e-05
threshold=7.0996144550911771 6.5352317916717775 5.0205801788306017 4.7535530315805046 5.5508669962443093 4.8813831734924378 1.5890269151739731
decision_type=2 2 2 2 2 2 2
left_child=1 2 3 6 -4 -6 -1
right_child=-2 -3 4 -5 5 -7 -8
leaf_value=-6.5773241412898646e-05 -0.00011154650832759217 0.00011154150235597627 -0.00021092678175773473 0.00021599606413722291 0.00012438104212101874 -9.3452684523072095e-05 1.8043161685837617e-05
leaf_weight=90 25 30 25 22 23 25 297
leaf_count=90 25 30 25 22 23 25 297
internal_value=0 5.44661e-06 -1.15681e-06 1.02473e-05 -6.5051e-05 1.0926e-05 -1.44903e-06
internal_weight=0 512 482 409 73 48 387
internal_count=537 512 482 409 73 48 387
is_linear=0
shrinkage=0.1


Tree=836
num_leaves=7
num_cat=0
split_feature=66 39 9 8 64 20
split_gain=3.18521e-05 9.08302e-05 7.31093e-05 5.31237e-05 4.60655e-05 5.34848e-05
threshold=5.2496211935437129 5.9188794015264019 6.2343799673713169 5.9322416695047417 5.7052756133425131 5.0995688973185436
decision_type=2 2 2 2 2 2
left_child=2 -2 3 4 5 -1
right_child=1 -3 -4 -5 -6 -7
leaf_value=1.1935539592762997e-05 -0.00017172680757842804 6.6078534868650198e-05 0.00016010354835619485 -0.00015269233779029244 0.00012403509092344451 -9.7026005357201068e-05
leaf_weight=337 36 29 30 22 31 52
leaf_count=337 36 29 30 22 31 52
internal_value=0 -6.5629e-05 9.0379e-06 -1.21543e-06 6.71908e-06 -2.63001e-06
internal_weight=0 65 472 442 420 389
internal_count=537 65 472 442 420 389
is_linear=0
shrinkage=0.1


Tree=837
num_leaves=6
num_cat=0
split_feature=41 84 84 38 42
split_gain=3.19265e-05 3.50512e-05 4.22728e-05 5.11641e-05 3.79773e-05
threshold=6.4068582012380899 0.67860442521111775 0.62580442334017827 6.2633964485293765 5.3032925319746216
decision_type=2 2 2 2 2
left_child=1 2 3 4 -1
right_child=-2 -3 -4 -5 -6
leaf_value=1.7810459907307974e-05 -9.0961187091428056e-05 0.00010779761178127956 -0.00010775936185810303 0.00015661460152345668 -5.1830912881476768e-05
leaf_weight=308 36 32 34 22 105
leaf_count=308 36 32 34 22 105
internal_value=0 6.53613e-06 -3.72966e-07 8.02045e-06 1.05026e-07
internal_weight=0 501 469 435 413
internal_count=537 501 469 435 413
is_linear=0
shrinkage=0.1


Tree=838
num_leaves=11
num_cat=0
split_feature=51 51 43 92 72 49 73 44 96 33
split_gain=2.96222e-05 0.00017887 9.82719e-05 6.32257e-05 0.000124921 5.10169e-05 8.50739e-05 0.00011046 0.00016245 0.000116909
threshold=5.631205358429944 5.8020773006804234 5.7651468795656617 5.335544688068329 0.014721584093583892 5.0688844241303981 4.6249247525354482 1.9356005054539456 4.7094896185437563 3.7494348669884658
decision_type=2 2 2 2 2 2 2 2 2 2
left_child=5 -2 3 -3 -5 6 7 8 -1 -9
right_child=1 2 -4 4 -6 -7 -8 9 -10 -11
leaf_value=0.00025565916478560057 -0.00029455218710885994 6.4852469994079783e-05 0.00019111628118177276 -0.00028774095871168277 4.5569718618619096e-05 0.00013219036470466316 -0.00015618707155578792 -9.0478214121036667e-05 -6.7762673425022512e-05 4.1313545552200816e-05
leaf_weight=41 23 33 24 22 23 33 31 111 25 171
leaf_count=41 23 33 24 22 23 33 31 111 25 171
internal_value=0 -4.26398e-05 1.4164e-05 -4.02829e-05 -0.000117382 1.29368e-05 2.55328e-06 1.66939e-05 0.000133151 -1.05619e-05
internal_weight=0 125 102 78 45 412 379 348 66 282
internal_count=537 125 102 78 45 412 379 348 66 282
is_linear=0
shrinkage=0.1


Tree=839
num_leaves=10
num_cat=0
split_feature=30 6 101 18 18 89 53 77 45
split_gain=3.3348e-05 3.33191e-05 0.000146897 0.000114223 9.70181e-05 0.000169001 4.97184e-05 0.000109788 6.23176e-05
threshold=7.0021555404279701 4.6491756246494491 2.7058230259275202 4.5746578350692051 4.3693677306817369 0.58938893810103898 3.3523017328376814 5.6472105679022233 4.2625806805327082
decision_type=2 2 2 2 2 2 2 2 2
left_child=1 3 -3 4 5 -1 8 -8 -4
right_child=-2 2 6 -5 -6 -7 7 -9 -10
leaf_value=3.543760812925412e-05 -0.00010429903495292068 0.00022613705255163509 -0.00011779532421576856 -0.00017682365245491385 0.00020705107854155358 -0.00023875597261004651 0.00011218187353899173 -7.1090899053580456e-05 2.0831915887558555e-05
leaf_weight=114 29 33 59 40 22 28 88 52 72
leaf_count=114 29 33 59 40 22 28 88 52 72
internal_value=0 5.95408e-06 2.69335e-05 -2.53093e-05 1.16454e-05 -1.86287e-05 2.67621e-06 4.41091e-05 -4.16033e-05
internal_weight=0 508 304 204 164 142 271 140 131
internal_count=537 508 304 204 164 142 271 140 131
is_linear=0
shrinkage=0.1


Tree=840
num_leaves=8
num_cat=0
split_feature=84 45 39 0 31 30 36
split_gain=3.28049e-05 3.51579e-05 4.39561e-05 5.0493e-05 4.83037e-05 3.93414e-05 3.52956e-05
threshold=0.68497705806044296 6.5507496134458441 5.9788825602762081 5.1474268681323965 5.6869696108313716 5.6524337755370313 5.6903366269220443
decision_type=2 2 2 2 2 2 2
left_child=1 2 4 -4 5 -1 -6
right_child=-2 -3 3 -5 6 -7 -8
leaf_value=1.0429221952121907e-05 -0.00010160748667355317 0.00012163967515152763 -0.00019772048889654285 7.5858396012336026e-06 0.0001943111691102588 -8.6300501281281564e-05 2.0954953621791599e-05
leaf_weight=339 30 25 23 25 23 48 24
leaf_count=339 30 25 23 25 23 48 24
internal_value=0 6.01228e-06 1.50056e-08 -9.07901e-05 1.0058e-05 -1.56826e-06 0.000105789
internal_weight=0 507 482 48 434 387 47
internal_count=537 507 482 48 434 387 47
is_linear=0
shrinkage=0.1


Tree=841
num_leaves=10
num_cat=0
split_feature=46 37 65 61 4 4 27 31 23
split_gain=3.26607e-05 3.03897e-05 0.000111836 0.000110095 9.83119e-05 0.00010249 7.27704e-05 0.000145888 7.40118e-05
threshold=7.0021555404279701 1.5890269151739731 3.3671652800845067 0.85184371294609129 3.8499212036984933 4.6346818562128229 2.191013317336941 3.0201273556387074 1.5890269151739729
decision_type=2 2 2 2 2 2 2 2 2
left_child=1 2 -1 -3 -4 -6 8 -8 -5
right_child=-2 3 4 6 5 -7 7 -9 -10
leaf_value=-0.00019802876267931426 -0.00010321876917291305 0.00023612495629508472 0.00017816205372245923 -2.8429364729990166e-06 -0.00021375969268062718 7.3502896770218361e-05 -0.00017743077920183878 1.6180265172651945e-05 0.00025654763455597936
leaf_weight=32 29 22 27 22 23 27 45 288 22
leaf_count=32 29 22 27 22 23 27 45 288 22
internal_value=0 5.89241e-06 -4.09031e-05 1.86761e-05 2.43959e-05 -5.86379e-05 5.98683e-06 -9.98339e-06 0.000126852
internal_weight=0 508 109 399 77 50 377 333 44
internal_count=537 508 109 399 77 50 377 333 44
is_linear=0
shrinkage=0.1


Tree=842
num_leaves=9
num_cat=0
split_feature=66 47 66 80 66 34 46 69
split_gain=2.88753e-05 8.66972e-05 6.48316e-05 6.23274e-05 5.79543e-05 5.78639e-05 0.000105384 0.000100226
threshold=5.2496211935437129 5.8170934442298607 4.4305332717588817 0.32361372859531018 3.8064155152036787 5.5293030953222733 6.0890423044950035 1.5138613836196224
decision_type=2 2 2 2 2 2 2 2
left_child=2 -2 4 -4 5 7 -7 -1
right_child=1 -3 3 -5 -6 6 -8 -9
leaf_value=-0.00019854266446110648 2.587373993464564e-05 -0.00021343675113409213 2.4181981881037761e-06 0.00023278452190425016 -0.00011673079975369591 0.00025486909900791945 2.5584308285924262e-06 6.585187339355094e-06
leaf_weight=26 41 24 23 24 41 25 49 284
leaf_count=26 41 24 23 24 41 25 49 284
internal_value=0 -6.24871e-05 8.60521e-06 0.000120052 -3.7195e-06 8.34681e-06 8.77985e-05 -1.06191e-05
internal_weight=0 65 472 47 425 384 74 310
internal_count=537 65 472 47 425 384 74 310
is_linear=0
shrinkage=0.1


Tree=843
num_leaves=7
num_cat=0
split_feature=65 65 10 102 103 71
split_gain=2.99595e-05 5.59701e-05 5.28959e-05 7.70545e-05 0.000114313 0.000111694
threshold=1.6283470507525168 2.0437968629351944 1.5890269151739729 0.8958797346140277 3.5408542930527882 2.7706317725792133
decision_type=2 2 2 2 2 2
left_child=-1 -2 -3 5 -5 -4
right_child=1 2 3 4 -6 -7
leaf_value=8.3258435392963295e-05 -0.00013681131221669456 0.00012018320490564552 -0.00019647845768809525 0.00014332345421941932 -1.3148778120288814e-05 7.8459747799735683e-05
leaf_weight=40 31 35 45 55 309 22
leaf_count=40 31 35 45 55 309 22
internal_value=0 -6.70088e-06 1.95454e-06 -7.6464e-06 1.0494e-05 -0.0001062
internal_weight=0 497 466 431 364 67
internal_count=537 497 466 431 364 67
is_linear=0
shrinkage=0.1


Tree=844
num_leaves=10
num_cat=0
split_feature=46 49 2 46 51 57 18 9 96
split_gain=2.8182e-05 3.55979e-05 0.000150736 0.000127975 0.000137172 0.000293212 7.92106e-05 0.000107185 7.56487e-05
threshold=7.0021555404279701 3.0433873634561537 2.9430520157250784 3.6632328069201612 3.2180751841847144 0.69314718054716495 4.6491756246494491 2.6735537653587347 5.6311539683276326
decision_type=2 2 2 2 2 2 2 2 2
left_child=1 3 -3 -1 5 -5 7 -4 -8
right_child=-2 2 6 4 -6 -7 8 -9 -10
leaf_value=-0.00019452055041403732 -9.5880745708388441e-05 0.00025343665808948032 6.2735269307268029e-05 0.00035278182787386379 -0.00019391458379556885 -1.5812195625750157e-05 0.00015234343470934698 -0.00017454224731273883 4.2652250171606964e-06
leaf_weight=37 29 27 32 26 28 127 46 47 138
leaf_count=37 29 27 32 26 28 127 46 47 138
internal_value=0 5.47351e-06 2.84249e-05 -2.50582e-05 9.58326e-06 4.68247e-05 5.32487e-06 -7.84298e-05 4.12848e-05
internal_weight=0 508 290 218 181 153 263 79 184
internal_count=537 508 290 218 181 153 263 79 184
is_linear=0
shrinkage=0.1


Tree=845
num_leaves=7
num_cat=0
split_feature=35 26 23 21 12 21
split_gain=2.84346e-05 9.58705e-05 3.30459e-05 0.000107755 4.88461e-05 4.05635e-05
threshold=6.6950642080078762 6.8053391632106601 5.9188794015264019 5.3518469026947413 6.0185902545239411 5.1238931127034038
decision_type=2 2 2 2 2 2
left_child=1 2 3 5 -4 -1
right_child=-2 -3 4 -5 -6 -7
leaf_value=8.7490421414297082e-06 0.0001113342693729051 -0.00020430868089138326 -0.00015484354555762064 0.00020017951040966276 3.0556492425535844e-05 -0.00012274258385878056
leaf_weight=381 22 23 30 29 27 25
leaf_count=381 22 23 30 29 27 25
internal_value=0 -4.75603e-06 4.57265e-06 1.39541e-05 -6.70225e-05 6.52267e-07
internal_weight=0 515 492 435 57 406
internal_count=537 515 492 435 57 406
is_linear=0
shrinkage=0.1


Tree=846
num_leaves=8
num_cat=0
split_feature=26 44 6 6 4 18 31
split_gain=2.81305e-05 7.96799e-05 3.02892e-05 0.000126932 0.000111862 9.94179e-05 0.000102866
threshold=7.0021555404279701 6.5452010056581358 4.6491756246494491 4.9089648320872419 4.317399216745252 4.5746578350692051 2.6735537653587347
decision_type=2 2 2 2 2 2 2
left_child=1 2 5 -4 -5 6 -1
right_child=-2 -3 3 4 -6 -7 -8
leaf_value=7.094650155522687e-05 9.5793178956353529e-05 -0.00018733369557278072 0.00018249038766530144 -0.00014619609754946497 2.8717697473322729e-05 -0.00016984625667996274 -9.2193434344759828e-05
leaf_weight=100 29 23 43 45 195 39 63
leaf_count=100 29 23 43 45 195 39 63
internal_value=0 -5.46851e-06 3.15603e-06 2.42693e-05 -4.07864e-06 -2.64235e-05 7.89242e-06
internal_weight=0 508 485 283 240 202 163
internal_count=537 508 485 283 240 202 163
is_linear=0
shrinkage=0.1


Tree=847
num_leaves=10
num_cat=0
split_feature=43 37 44 15 43 41 23 74 5
split_gain=2.98527e-05 0.000139892 4.63559e-05 3.2368e-05 0.000161438 0.000172185 9.11516e-05 0.000208963 8.18709e-05
threshold=6.1861747525776369 5.9053284366375065 6.5452010056581358 1.9356005054539456 4.0773937863842606 1.8688348091416844 2.3937458713910238 0.12438854946059132 2.191013317336941
decision_type=2 2 2 2 2 2 2 2 2
left_child=1 3 -2 4 5 -1 7 -5 -8
right_child=2 -3 -4 6 -6 -7 8 -9 -10
leaf_value=-3.8170947814721547e-06 -6.8557630143142454e-06 -0.00025437551194045226 0.0001780820582454275 0.00037207718890964651 0.00018209599150577561 -0.0002957602854298931 -0.00012523734629010303 -5.901007066511185e-05 2.1064268163600528e-05
leaf_weight=58 33 22 23 22 25 31 45 23 255
leaf_count=58 33 22 23 22 25 31 45 23 255
internal_value=0 -8.04501e-06 6.91008e-05 3.76169e-06 -4.24347e-05 -0.000105505 1.90266e-05 0.000151744 -8.80974e-07
internal_weight=0 481 56 459 114 89 345 45 300
internal_count=537 481 56 459 114 89 345 45 300
is_linear=0
shrinkage=0.1


Tree=848
num_leaves=9
num_cat=0
split_feature=11 41 41 53 98 51 72 6
split_gain=2.73888e-05 6.72697e-05 4.24624e-05 6.77114e-05 5.73337e-05 3.73975e-05 6.39545e-05 5.09435e-05
threshold=6.6950642080078762 6.4068582012380899 5.2310943182715759 2.5650725096321265 3.891612008168019 5.950628989035704 0.22074650215228078 4.744894319750431
decision_type=2 2 2 2 2 2 2 2
left_child=1 2 5 -4 -5 7 -7 -1
right_child=-2 -3 3 4 -6 6 -8 -9
leaf_value=-3.2580799963493759e-05 0.0001092677453760354 -0.00014747423354551317 0.00017261842161436411 -8.4557897186160146e-05 0.00012262236219116445 -0.00019090041942035896 3.6939700724112551e-05 4.5090226223309356e-05
leaf_weight=190 22 31 36 34 22 28 22 152
leaf_count=190 22 31 36 34 22 28 22 152
internal_value=0 -4.66775e-06 4.47895e-06 6.56194e-05 -3.16565e-06 -9.87035e-06 -9.06508e-05 1.93966e-06
internal_weight=0 515 484 92 56 392 50 342
internal_count=537 515 484 92 56 392 50 342
is_linear=0
shrinkage=0.1


Tree=849
num_leaves=8
num_cat=0
split_feature=37 37 34 44 69 42 30
split_gain=2.73468e-05 0.000103768 3.08373e-05 9.24359e-05 8.42666e-05 7.14734e-05 3.62349e-05
threshold=6.4068582012380899 6.0209762173327137 5.6524337755370313 5.0172579074712669 1.5138613836196224 3.1345481418531311 6.0234446615874218
decision_type=2 2 2 2 2 2 2
left_child=1 2 4 -4 -1 -6 -5
right_child=-2 -3 3 6 5 -7 -8
leaf_value=-0.00018393091109968597 8.4184861427476991e-05 -0.00020894198131221251 0.00022825475923878989 -7.4282165991866754e-05 8.2717706761416469e-05 -2.4064274310715959e-05 5.2230218009709297e-05
leaf_weight=26 36 24 23 36 84 247 61
leaf_count=26 36 24 23 36 84 247 61
internal_value=0 -6.04921e-06 4.15923e-06 4.80145e-05 -1.05821e-05 3.03448e-06 5.27717e-06
internal_weight=0 501 477 120 357 331 97
internal_count=537 501 477 120 357 331 97
is_linear=0
shrinkage=0.1


Tree=850
num_leaves=7
num_cat=0
split_feature=30 44 31 41 53 38
split_gain=2.89241e-05 3.4635e-05 3.06576e-05 3.28229e-05 4.81417e-05 4.61171e-05
threshold=7.0021555404279701 6.4232258802757327 6.1246809968142868 5.2310943182715759 3.0677956415883991 5.609465086342035
decision_type=2 2 2 2 2 2
left_child=1 2 3 5 -5 -1
right_child=-2 -3 -4 4 -6 -7
leaf_value=7.2998663812058477e-06 -9.7134976479945428e-05 0.00012280323780942127 -0.00010810997622320428 0.00014905629880862157 -1.9517035480021153e-05 -9.7353118834083349e-05
leaf_weight=343 29 24 25 36 32 48
leaf_count=343 29 24 25 36 32 48
internal_value=0 5.54511e-06 -2.69346e-07 5.60433e-06 6.97277e-05 -5.54756e-06
internal_weight=0 508 484 459 68 391
internal_count=537 508 484 459 68 391
is_linear=0
shrinkage=0.1


Tree=851
num_leaves=9
num_cat=0
split_feature=35 24 52 49 46 18 64 22
split_gain=2.77318e-05 8.02686e-05 5.52118e-05 3.37739e-05 0.000133513 0.000122078 0.000108543 8.38237e-05
threshold=6.1861747525776369 6.102536072598296 4.5053345884235583 3.0433873634561537 3.6632328069201612 4.5271940351011493 2.5323512576832665 3.7132745361986528
decision_type=2 2 2 2 2 2 2 2
left_child=1 3 -2 4 -1 -6 -5 -8
right_child=2 -3 -4 6 5 -7 7 -9
leaf_value=-0.00020729833781575401 -4.8053548683431774e-05 -0.00015137867407651761 0.00015259190174674587 0.0002404586802599211 0.00012246137331039492 -5.6371625546222175e-05 -0.00010797132616767623 3.9821386553996932e-05
leaf_weight=34 24 36 32 22 61 102 49 177
leaf_count=34 24 36 32 22 61 102 49 177
internal_value=0 -7.75396e-06 6.6601e-05 3.86511e-06 -2.70452e-05 1.05536e-05 2.84189e-05 7.77783e-06
internal_weight=0 481 56 445 197 163 248 226
internal_count=537 481 56 445 197 163 248 226
is_linear=0
shrinkage=0.1


Tree=852
num_leaves=10
num_cat=0
split_feature=34 35 35 35 35 40 42 31 96
split_gain=2.61229e-05 3.04361e-05 0.000123552 0.000106174 0.000106429 0.000102409 0.000166514 8.67107e-05 6.41098e-05
threshold=7.0996144550911771 2.524928003624769 1.5890269151739729 3.0201273556387074 3.4811217321331038 2.3937458713910238 2.7058230259275202 4.135134555718313 4.0247135285553481
decision_type=2 2 2 2 2 2 2 2 2
left_child=1 2 5 -3 -5 6 -1 -6 -4
right_child=-2 3 8 4 7 -7 -8 -9 -10
leaf_value=7.5528063538704855e-05 -9.9813253094907853e-05 0.00017628021555421398 -5.3105379893994803e-05 -0.00020099189860047775 0.00015493595582029231 0.00014899315279851691 -0.0002609241231463481 -3.1376024637856908e-06 -0.00029452118800360374
leaf_weight=38 25 39 22 24 40 41 24 262 22
leaf_count=38 25 39 22 24 40 41 24 262 22
internal_value=0 4.87369e-06 -3.35454e-05 2.03466e-05 1.69197e-06 2.63748e-05 -5.47115e-05 1.77993e-05 -0.000173813
internal_weight=0 512 147 365 326 103 62 302 44
internal_count=537 512 147 365 326 103 62 302 44
is_linear=0
shrinkage=0.1


Tree=853
num_leaves=6
num_cat=0
split_feature=43 46 45 47 34
split_gain=2.83026e-05 0.000109127 6.9165e-05 6.00043e-05 3.8783e-05
threshold=6.4876828601347034 6.5220754968327581 5.5052984857290932 5.7333360402263844 5.2203412156610947
decision_type=2 2 2 2 2
left_child=1 2 3 4 -1
right_child=-2 -3 -4 -5 -6
leaf_value=-1.5049581005008135e-05 9.1200472161290244e-05 -0.00019411167354676232 0.00012665710591517023 -0.00014275654109951574 5.4787530104785632e-05
leaf_weight=294 32 29 43 30 109
leaf_count=294 32 29 43 30 109
internal_value=0 -5.77904e-06 5.69501e-06 -6.3174e-06 3.83936e-06
internal_weight=0 505 476 433 403
internal_count=537 505 476 433 403
is_linear=0
shrinkage=0.1


Tree=854
num_leaves=7
num_cat=0
split_feature=38 46 35 103 34 11
split_gain=2.6832e-05 0.000107734 4.70591e-05 3.34649e-05 0.000123067 8.96456e-05
threshold=6.8053391632106601 6.5220754968327581 6.1246809968142868 3.1345481418531311 5.0434043048315838 4.2045812236012674
decision_type=2 2 2 2 2 2
left_child=1 2 3 4 -1 -5
right_child=-2 -3 -4 5 -6 -7
leaf_value=-0.0001214388093667597 8.2171904171912983e-05 -0.0002042764272958336 0.00013832289198762736 7.8898926249025832e-05 8.8795430590750575e-05 -2.8231032552462748e-05
leaf_weight=79 37 26 25 129 43 198
leaf_count=79 37 26 25 129 43 198
internal_value=0 -6.08072e-06 4.79077e-06 -2.6442e-06 -4.73399e-05 1.40312e-05
internal_weight=0 500 474 449 122 327
internal_count=537 500 474 449 122 327
is_linear=0
shrinkage=0.1


Tree=855
num_leaves=6
num_cat=0
split_feature=30 44 65 63 104
split_gain=2.80456e-05 3.17025e-05 2.67862e-05 5.65184e-05 5.57681e-05
threshold=7.0021555404279701 6.4232258802757327 1.6283470507525168 2.9430520157250784 0.8958797346140277
decision_type=2 2 2 2 2
left_child=1 2 -1 -4 -5
right_child=-2 -3 3 4 -6
leaf_value=7.827542518498377e-05 -9.5648556703838115e-05 0.00011764454983070512 -0.00013307579535070215 0.00010545783036425921 -1.0290369026269228e-05
leaf_weight=40 29 24 33 47 364
leaf_count=40 29 24 33 47 364
internal_value=0 5.46025e-06 -1.02604e-07 -7.16369e-06 2.94604e-06
internal_weight=0 508 484 444 411
internal_count=537 508 484 444 411
is_linear=0
shrinkage=0.1


Tree=856
num_leaves=8
num_cat=0
split_feature=40 41 37 61 65 12 27
split_gain=2.60237e-05 8.62208e-05 2.87118e-05 0.000101596 9.39221e-05 8.27694e-05 6.83214e-05
threshold=6.6707012585667238 6.3314765202922478 1.5890269151739731 0.85184371294609129 3.3671652800845067 3.8499212036984933 2.191013317336941
decision_type=2 2 2 2 2 2 2
left_child=1 2 4 -4 -1 -6 -5
right_child=-2 -3 3 6 5 -7 -8
leaf_value=-0.00018548910732079095 9.7593589956746797e-05 -0.00019862511482477368 0.00022530656523568642 0.00012060808558916588 0.00012898954477754565 -7.8806352926554481e-05 -1.2446155436525149e-05
leaf_weight=32 26 22 22 44 36 41 314
leaf_count=32 26 22 22 44 36 41 314
internal_value=0 -4.96562e-06 3.74707e-06 1.67248e-05 -4.14962e-05 1.8345e-05 3.90688e-06
internal_weight=0 511 489 380 109 77 358
internal_count=537 511 489 380 109 77 358
is_linear=0
shrinkage=0.1


Tree=857
num_leaves=13
num_cat=0
split_feature=15 19 87 11 4 89 51 46 25 23 88 46
split_gain=2.8045e-05 0.000152447 6.90336e-05 9.33811e-05 6.23841e-05 8.44916e-05 6.04935e-05 5.91887e-05 5.56613e-05 5.10552e-05 4.89002e-05 9.80446e-05
threshold=5.1298812082267613 5.1059271080903725 0.31370216019643088 5.8435402162155627 4.5746578350692051 0.2914098791825106 5.081385075233106 6.2005071168401162 5.7381722323536151 4.9415403713792339 0.643176865477746 3.1345481418531311
decision_type=2 2 2 2 2 2 2 2 2 2 2 2
left_child=1 9 4 -4 -2 8 -7 -5 -6 10 11 -1
right_child=2 -3 3 7 5 6 -8 -9 -10 -11 -12 -13
leaf_value=-0.00016092636942630634 0.0001155009475669117 -0.0002722368989039255 0.00027419837383406604 -8.6905386136925734e-05 -0.00020940043180806765 -6.3474761654188947e-05 0.00017103348152225161 0.000133319763608597 -9.1410952692335144e-06 0.00014699276064427316 9.3156256517455078e-05 2.0065637742837036e-06
leaf_weight=45 29 22 23 23 35 22 22 26 23 22 39 206
leaf_count=45 29 22 23 23 35 22 22 26 23 22 39 206
internal_value=0 -1.78162e-05 2.93134e-05 0.000107973 -1.39194e-05 -5.07154e-05 5.37794e-05 2.99488e-05 -0.000129987 1.23719e-07 -1.10181e-05 -2.72045e-05
internal_weight=0 334 203 72 131 102 44 49 58 312 290 251
internal_count=537 334 203 72 131 102 44 49 58 312 290 251
is_linear=0
shrinkage=0.1


Tree=858
num_leaves=9
num_cat=0
split_feature=30 97 97 65 36 86 57 55
split_gain=2.7487e-05 3.32613e-05 0.000115273 0.000112328 0.000136582 7.59579e-05 6.29982e-05 4.22628e-05
threshold=7.0021555404279701 3.4498615536424366 4.0428973506407848 1.6085863662850206 1.9356005054539456 0.60956789662742317 2.7515645060642147 4.317399216745252
decision_type=2 2 2 2 2 2 2 2
left_child=1 3 -3 -1 -5 -6 -4 -8
right_child=-2 2 6 4 5 -7 7 -9
leaf_value=-0.00020158206220179228 -9.4691223609421796e-05 0.0002410919989138758 -0.00014323440489533824 0.00020710991059656538 3.4835858408021134e-06 -0.0001789753604780658 0.00014390642362951229 9.655778550615468e-06
leaf_weight=31 29 23 25 28 107 29 26 239
leaf_count=31 29 23 25 28 107 29 26 239
internal_value=0 5.4056e-06 2.56024e-05 -2.70129e-05 5.98497e-06 -3.54231e-05 8.51186e-06 2.28275e-05
internal_weight=0 508 313 195 164 136 290 265
internal_count=537 508 313 195 164 136 290 265
is_linear=0
shrinkage=0.1


Tree=859
num_leaves=8
num_cat=0
split_feature=65 63 43 37 95 104 1
split_gain=3.39766e-05 5.12055e-05 3.29528e-05 0.000135335 6.24682e-05 5.89666e-05 4.91491e-05
threshold=1.6283470507525168 2.9430520157250784 6.063774391912955 5.8141260764699529 4.8038866541935423 0.8958797346140277 4.234001473612734
decision_type=2 2 2 2 2 2 2
left_child=-1 -2 3 5 6 -3 -4
right_child=1 2 4 -5 -6 -7 -8
leaf_value=8.8664717695792204e-05 -0.00012749595853165375 0.00011804004859253084 0.00010281676672014367 -0.00024504135968606494 0.00020432779466235927 -9.0748419524861237e-06 -0.00010391575921423046
leaf_weight=40 33 41 23 23 22 332 23
leaf_count=40 33 41 23 23 22 332 23
internal_value=0 -7.13599e-06 1.42409e-06 -9.61908e-06 6.57343e-05 4.89757e-06 -5.49496e-07
internal_weight=0 497 464 396 68 373 46
internal_count=537 497 464 396 68 373 46
is_linear=0
shrinkage=0.1


Tree=860
num_leaves=10
num_cat=0
split_feature=65 29 45 20 8 47 27 20 24
split_gain=2.7521e-05 4.99544e-05 0.000117025 8.65438e-05 9.65765e-05 8.52819e-05 7.59166e-05 7.44072e-05 9.45651e-05
threshold=1.6283470507525168 2.8029010331479989 2.9174053685313028 2.602003343538398 3.8064155152036787 1.5890269151739729 2.191013317336941 2.191013317336941 3.6235402922928786
decision_type=2 2 2 2 2 2 2 2 2
left_child=-1 2 3 5 -5 -2 -3 -8 -9
right_child=1 6 -4 4 -6 -7 7 8 -10
leaf_value=7.979825510119555e-05 -2.8998963149206246e-05 0.00019370694472771986 -0.00021514829900947269 -0.00022465802367487749 2.7060828683066315e-05 0.00024095885409306821 -0.00017163143797718121 0.00016957948054238973 -5.0129446103360702e-06
leaf_weight=40 25 22 35 27 35 22 23 35 273
leaf_count=40 25 22 35 27 35 22 23 35 273
internal_value=0 -6.42239e-06 -5.60605e-05 -4.97722e-06 -8.25587e-05 9.73643e-05 1.38266e-05 1.87077e-06 1.48271e-05
internal_weight=0 497 144 109 62 47 353 331 308
internal_count=537 497 144 109 62 47 353 331 308
is_linear=0
shrinkage=0.1


Tree=861
num_leaves=12
num_cat=0
split_feature=87 87 37 27 61 46 60 88 4 61 4
split_gain=2.94121e-05 8.52176e-05 7.67731e-05 0.000115909 5.85663e-05 0.000173093 8.46659e-05 8.16628e-05 6.58488e-05 9.44624e-05 4.1916e-05
threshold=0.5556069708080712 0.62972296850805487 3.9316333620047872 2.524928003624769 1.7188860970628002 3.7609296261008152 3.6441222005100626 0.3681464551373767 3.7132745361986528 3.9006384669848835 3.0433873634561537
decision_type=2 2 2 2 2 2 2 2 2 2 2
left_child=4 -2 3 -3 5 -1 7 -6 10 -10 -8
right_child=1 2 -4 -5 6 -7 8 -9 9 -11 -12
leaf_value=-9.5278885514151471e-05 -0.00016068696733848966 8.2175589280571637e-05 0.000118231713564362 -0.00023197546226741829 -0.0001851469149864157 0.00026935208506377725 3.8485556544164075e-05 4.8298801662035072e-05 -0.00013931619367440364 2.8615760099446827e-05 0.000231558214396831
leaf_weight=23 41 24 39 23 43 30 23 23 40 206 22
leaf_count=23 41 24 39 23 43 30 23 23 40 206 22
internal_value=0 -4.205e-05 1.45095e-05 -7.15579e-05 1.30252e-05 0.000111116 -1.53725e-06 -0.000103795 2.16551e-05 1.30975e-06 0.000132877
internal_weight=0 127 86 47 410 53 357 66 291 246 45
internal_count=537 127 86 47 410 53 357 66 291 246 45
is_linear=0
shrinkage=0.1


Tree=862
num_leaves=10
num_cat=0
split_feature=34 18 30 26 96 52 28 33 37
split_gain=2.83317e-05 2.8718e-05 0.000126094 0.000165411 0.000312435 0.000133668 7.21396e-05 7.91884e-05 5.44888e-05
threshold=7.0996144550911771 5.2310943182715759 5.1761337726651186 4.7790881836238563 4.7094896185437563 1.7005986908310777 4.3693677306817369 4.4187680230537838 4.5538214868689204
decision_type=2 2 2 2 2 2 2 2 2
left_child=1 2 3 5 -5 -1 -3 -8 -9
right_child=-2 6 -4 4 -6 -7 7 8 -10
leaf_value=-0.00018746877911148549 -0.0001039476033183746 0.00017996132821657552 -0.00017766767470187386 0.00045425966249736533 -7.8686351248920397e-05 1.2915326569885104e-05 -0.00012743588680784931 0.00018705414199344391 1.6285557982090753e-05
leaf_weight=41 25 29 41 22 22 177 34 22 124
leaf_count=41 25 29 41 22 22 177 34 22 124
internal_value=0 5.07557e-06 -1.4594e-05 1.09252e-05 0.000187787 -2.47716e-05 3.35917e-05 1.00099e-05 4.20178e-05
internal_weight=0 512 303 262 44 218 209 180 146
internal_count=537 512 303 262 44 218 209 180 146
is_linear=0
shrinkage=0.1


Tree=863
num_leaves=11
num_cat=0
split_feature=42 38 96 35 40 22 39 86 31 86
split_gain=2.84855e-05 0.000101515 8.20534e-05 8.14514e-05 0.000184427 0.000163929 0.000101105 5.43572e-05 0.00011335 4.60269e-05
threshold=3.1345481418531311 2.3937458713910238 3.8499212036984933 2.524928003624769 2.191013317336941 4.1430087342023825 2.9430520157250784 0.068497689240783338 5.379886735236628 0.36480708859936029
decision_type=2 2 2 2 2 2 2 2 2 2
left_child=1 2 -1 4 -2 -6 -5 8 -8 -9
right_child=3 -3 -4 6 5 -7 7 9 -10 -11
leaf_value=-0.00016764093867095654 -0.00031459153035905693 0.00018502509766091994 6.9561841893508772e-05 0.00018911211990253551 -0.00014721316761097115 0.00019454588374355808 -0.00012955358472869949 0.0001309046634933344 3.3416174740656122e-05 5.7264481095925858e-06
leaf_weight=25 27 35 35 29 32 25 82 39 89 119
leaf_count=25 27 35 35 29 32 25 82 39 89 119
internal_value=0 4.96792e-05 -2.92727e-05 -1.06776e-05 -9.92994e-05 2.68115e-06 1.01163e-05 -5.66147e-06 -4.47331e-05 3.66249e-05
internal_weight=0 95 60 442 84 57 358 329 171 158
internal_count=537 95 60 442 84 57 358 329 171 158
is_linear=0
shrinkage=0.1


Tree=864
num_leaves=9
num_cat=0
split_feature=68 69 26 60 15 92 50 50
split_gain=3.03447e-05 3.30803e-05 4.30801e-05 0.000100499 9.3281e-05 0.000139337 6.85277e-05 4.74052e-05
threshold=3.46163845539213 1.6278160031286226 3.7132745361986528 3.858091182490174 4.6346818562128229 5.3717720391604793 4.3303869599468818 6.3835009281312063
decision_type=2 2 2 2 2 2 2 2
left_child=-1 -2 3 6 5 -4 -3 -6
right_child=1 2 4 -5 7 -7 -8 -9
leaf_value=9.7723241148438931e-05 -0.00012037297277250521 5.0597939976936548e-05 -3.5828496241590683e-05 -5.5608566878781391e-05 4.5210040234131377e-05 -0.00030694724304008894 0.0002904014726068867 -7.6680135718657102e-05
leaf_weight=30 24 26 137 39 199 22 22 38
leaf_count=30 24 26 137 39 199 22 22 38
internal_value=0 -5.78244e-06 -8.85005e-08 6.36281e-05 -1.40868e-05 -7.33418e-05 0.000160508 2.56665e-05
internal_weight=0 507 483 87 396 159 48 237
internal_count=537 507 483 87 396 159 48 237
is_linear=0
shrinkage=0.1


Tree=865
num_leaves=7
num_cat=0
split_feature=47 27 31 32 41 38
split_gain=2.85553e-05 3.52573e-05 4.51186e-05 3.07197e-05 6.4067e-05 4.18094e-05
threshold=6.4876828601347034 6.4876828601347034 6.102556092217525 5.0995688973185436 3.9316333620047872 5.7525675997475831
decision_type=2 2 2 2 2 2
left_child=1 2 3 4 -1 -5
right_child=-2 -3 -4 5 -6 -7
leaf_value=1.6166951501648316e-05 -9.1606597322879679e-05 0.00012409407988040282 -0.00013999175571370872 0.00012474245846414819 -8.4726513350254952e-05 4.5376994823807492e-06
leaf_weight=251 32 24 22 46 84 78
leaf_count=251 32 24 22 46 84 78
internal_value=0 5.80477e-06 -9.73956e-08 6.60778e-06 -9.13171e-06 4.91298e-05
internal_weight=0 505 481 459 335 124
internal_count=537 505 481 459 335 124
is_linear=0
shrinkage=0.1


Tree=866
num_leaves=8
num_cat=0
split_feature=66 31 66 80 62 49 53
split_gain=2.91993e-05 7.82727e-05 5.00832e-05 5.22991e-05 5.01714e-05 4.84227e-05 6.05403e-05
threshold=5.2496211935437129 5.7651468795656617 4.4305332717588817 0.32361372859531018 4.744894319750431 5.758777366676946 3.7208390992280616
decision_type=2 2 2 2 2 2 2
left_child=2 -2 4 -4 5 6 -1
right_child=1 -3 3 -5 -6 -7 -8
leaf_value=1.7458393147049493e-05 -0.00021625285695666785 1.5655362864869627e-05 -1.1486505251883976e-06 0.00020987275490445733 -0.000136775559580061 0.00012876887970681613 -8.2219445015086081e-05
leaf_weight=292 22 43 23 24 26 30 77
leaf_count=292 22 43 23 24 26 30 77
internal_value=0 -6.28366e-05 8.65335e-06 0.000106607 -2.17916e-06 6.59153e-06 -3.34159e-06
internal_weight=0 65 472 47 425 399 369
internal_count=537 65 472 47 425 399 369
is_linear=0
shrinkage=0.1


Tree=867
num_leaves=12
num_cat=0
split_feature=79 2 7 92 14 101 101 19 87 48 13
split_gain=2.75267e-05 0.000140681 6.29201e-05 4.94284e-05 3.40941e-05 4.49403e-05 0.000120974 7.77425e-05 5.67531e-05 5.08763e-05 4.50211e-05
threshold=4.4307459321434584 5.9295749965170605 5.8435402162155627 5.335544688068329 6.3952602045833897 3.9701138825728512 3.7609296261008152 2.3937458713910238 0.036928771232934005 5.4637958945145888 4.4885732424042368
decision_type=2 2 2 2 2 2 2 2 2 2 2
left_child=4 -2 -3 -4 5 6 7 -1 9 -7 -10
right_child=1 2 3 -5 -6 8 -8 -9 10 -11 -12
leaf_value=-6.0239971436194632e-05 -0.0002014864198970731 0.00014952796632785288 4.6488695796032328e-05 -0.0001444795725705183 0.00011501091246221525 -0.00019014308897264225 0.00024660792259965095 5.5043460415356307e-05 0.00012902929708313119 -4.4475849135778851e-06 -4.7788877155754664e-05
leaf_weight=101 38 29 33 23 30 36 23 139 24 25 36
leaf_count=101 38 29 33 23 30 36 23 139 24 25 36
internal_value=0 -4.15372e-05 2.99695e-05 -3.19447e-05 1.23408e-05 4.31966e-06 2.75239e-05 6.52835e-06 -4.6116e-05 -0.000114038 2.29384e-05
internal_weight=0 123 85 56 414 384 263 240 121 61 60
internal_count=537 123 85 56 414 384 263 240 121 61 60
is_linear=0
shrinkage=0.1


Tree=868
num_leaves=8
num_cat=0
split_feature=100 28 100 68 17 3 11
split_gain=2.92335e-05 0.00011824 7.13684e-05 0.000143981 5.94139e-05 0.000158521 5.90161e-05
threshold=6.1158701961393769 2.602003343538398 6.4295893882764688 3.7999052716092487 1.5890269151739731 2.191013317336941 2.6735537653587347
decision_type=2 2 2 2 2 2 2
left_child=1 -1 -2 -4 5 -5 -6
right_child=2 -3 3 4 6 -7 -8
leaf_value=0.00021897383019138405 -0.0001498872687079711 -7.1827312961525824e-05 0.00025195681949050845 6.5255352485110054e-05 0.00012498166874542625 -0.00029085774923441929 -9.6627992272314101e-06
leaf_weight=27 33 29 22 25 36 25 340
leaf_count=27 33 29 22 25 36 25 340
internal_value=0 6.83804e-05 -7.96113e-06 2.49326e-06 -1.03898e-05 -0.000112801 3.22869e-06
internal_weight=0 56 481 448 426 50 376
internal_count=537 56 481 448 426 50 376
is_linear=0
shrinkage=0.1


Tree=869
num_leaves=11
num_cat=0
split_feature=34 88 64 64 37 41 44 64 86 96
split_gain=2.75898e-05 2.92531e-05 0.000121007 0.000102409 9.96522e-05 0.000126051 0.000100936 8.94302e-05 6.34774e-05 5.79753e-05
threshold=7.0996144550911771 0.32237371114682284 2.1097538525880535 2.6119016645274802 3.4960482137079443 3.0201273556387074 4.2625806805327082 4.4801696832460456 0.12761873784740524 4.6491756246494491
decision_type=2 2 2 2 2 2 2 2 2 2
left_child=1 2 -1 -3 5 -4 -6 9 -9 -5
right_child=-2 3 4 7 6 -7 -8 8 -10 -11
leaf_value=0.00023948243579070551 -0.00010257750097662212 -0.00021038781219081453 -9.1370838993153812e-06 7.4660548610457525e-06 0.0002082190821887967 -0.00025187833752069209 1.7054972335321484e-05 -0.00015874882338795106 4.4390716199691879e-06 0.00020126952071662128
leaf_weight=24 25 26 103 33 35 27 131 37 67 29
leaf_count=24 25 26 103 33 35 27 131 37 67 29
internal_value=0 5.00867e-06 2.35238e-05 -2.58499e-05 6.01363e-06 -5.95526e-05 5.73607e-05 3.05366e-06 -5.36182e-05 9.81161e-05
internal_weight=0 512 320 192 296 130 166 166 104 62
internal_count=537 512 320 192 296 130 166 166 104 62
is_linear=0
shrinkage=0.1


Tree=870
num_leaves=10
num_cat=0
split_feature=10 96 58 28 28 15 98 46 86
split_gain=2.56336e-05 0.00014398 6.80764e-05 6.03814e-05 3.77801e-05 3.08558e-05 4.31531e-05 0.000107902 6.92618e-05
threshold=6.2557481997290569 6.1685504539682894 5.9080238609549438 6.0741952825945456 5.7651468795656617 5.6454406545496605 4.317399216745252 5.3032925319746216 0.22062383030817825
decision_type=2 2 2 2 2 2 2 2 2
left_child=3 -2 -3 5 -4 6 8 -8 -1
right_child=1 2 4 -5 -6 -7 7 -9 -10
leaf_value=3.1798084218778987e-05 -0.00025312712174491023 0.00017211105659953319 5.6127671533348887e-05 0.00014470900009215374 -0.00012192726152044577 -8.8454249230886096e-05 -1.6595268325895282e-06 0.00026253156920574838 -6.5663317703242252e-05
leaf_weight=177 25 22 22 31 26 36 52 22 124
leaf_count=177 25 22 22 31 26 36 52 22 124
internal_value=0 -4.71267e-05 2.64449e-05 1.0129e-05 -4.03188e-05 -2.17624e-08 8.46776e-06 7.68838e-05 -8.35213e-06
internal_weight=0 95 70 442 48 411 375 74 301
internal_count=537 95 70 442 48 411 375 74 301
is_linear=0
shrinkage=0.1


Tree=871
num_leaves=6
num_cat=0
split_feature=47 27 3 0 100
split_gain=2.63901e-05 3.12685e-05 3.86929e-05 4.50157e-05 2.59199e-05
threshold=6.4876828601347034 6.4876828601347034 6.5479563100915241 6.4232258802757327 6.1158701961393769
decision_type=2 2 2 2 2
left_child=1 2 3 4 -1
right_child=-2 -3 -4 -5 -6
leaf_value=6.3193835012498317e-05 -8.80651565239532e-05 0.00011697769911431048 -0.00011862644135432605 0.0001463453078031307 -9.7176221025506805e-06
leaf_weight=56 32 24 26 22 377
leaf_count=56 32 24 26 22 377
internal_value=0 5.58037e-06 2.20801e-08 6.802e-06 -2.87965e-07
internal_weight=0 505 481 455 433
internal_count=537 505 481 455 433
is_linear=0
shrinkage=0.1


Tree=872
num_leaves=10
num_cat=0
split_feature=34 97 65 67 11 88 43 14 10
split_gain=2.30583e-05 2.65556e-05 0.000110863 0.000129273 8.35836e-05 0.000132742 7.76543e-05 6.09173e-05 5.23472e-05
threshold=7.0996144550911771 3.4498615536424366 1.6085863662850206 3.2180751841847144 4.1742689126930488 0.1266628784936242 3.891612008168019 4.1107394736335969 5.0688844241303981
decision_type=2 2 2 2 2 2 2 2 2
left_child=1 2 -1 -4 5 -3 -5 -6 -9
right_child=-2 4 3 6 7 -7 -8 8 -10
leaf_value=-0.0001978856972850589 -9.3776030698791157e-05 -2.5642524945266942e-05 0.00021767178690060976 -0.00011765800808430428 -0.00015023266346543096 0.00027710341025340314 3.3919105904984738e-05 0.00014495454340282811 -3.0883475599217353e-06
leaf_weight=31 25 28 25 58 25 30 81 27 207
leaf_count=31 25 28 25 58 25 30 81 27 207
internal_value=0 4.57891e-06 -2.44584e-05 8.32365e-06 2.24409e-05 0.00013095 -2.93289e-05 -1.85842e-06 1.39935e-05
internal_weight=0 512 195 164 317 58 139 259 234
internal_count=537 512 195 164 317 58 139 259 234
is_linear=0
shrinkage=0.1


Tree=873
num_leaves=8
num_cat=0
split_feature=65 63 104 45 31 43 3
split_gain=2.66182e-05 4.47458e-05 2.80969e-05 9.53889e-05 4.8853e-05 0.000170286 6.69369e-05
threshold=1.6283470507525168 2.9430520157250784 0.8958797346140277 4.4885732424042368 5.379886735236628 5.476454798506734 4.8121513051691478
decision_type=2 2 2 2 2 2 2
left_child=-1 -2 3 -3 5 -4 -6
right_child=1 2 4 -5 6 -7 -8
leaf_value=7.8478495270246638e-05 -0.0001188284941952478 0.0002006518346577111 -8.8147233336770626e-06 -7.3345615116219662e-05 0.00017155200041088395 -0.00029970656661052175 5.2172391035128385e-06
leaf_weight=40 33 27 236 24 30 22 125
leaf_count=40 33 27 236 24 30 22 125
internal_value=0 -6.31618e-06 1.68578e-06 7.17119e-05 -6.96151e-06 -3.36195e-05 3.74111e-05
internal_weight=0 497 464 51 413 258 155
internal_count=537 497 464 51 413 258 155
is_linear=0
shrinkage=0.1


Tree=874
num_leaves=11
num_cat=0
split_feature=51 36 61 57 34 57 103 103 68 88
split_gain=2.33333e-05 0.000111959 0.000369251 9.41405e-05 8.67154e-05 6.46898e-05 4.92287e-05 6.97529e-05 6.50116e-05 5.26693e-05
threshold=1.9356005054539456 1.0397207708399181 1.7188860970628002 1.3573146361152435 4.4187680230537838 3.7649039047069892 3.4175922930736511 4.234001473612734 4.5634842319139279 1.0000000180025095e-35
decision_type=2 2 2 2 2 2 2 2 2 2
left_child=1 -1 -3 -2 -4 -6 9 -8 -9 -5
right_child=3 2 4 6 5 -7 7 8 -10 -11
leaf_value=-0.00012381224745089032 -0.00016986371766376709 0.00044835491564960896 -0.00016929815062667332 0.00016659553503439598 0.00012673449020237767 -5.4534175755439462e-05 -0.00013474741005146436 0.00013089460334802944 -1.6950456911631179e-05 -1.3629524900968517e-05
leaf_weight=36 35 22 24 34 45 35 42 35 198 31
leaf_count=36 35 22 24 34 45 35 42 35 198 31
internal_value=0 3.17146e-05 7.61509e-05 -1.37007e-05 -2.58461e-06 4.74294e-05 2.37489e-06 -1.61246e-05 5.25803e-06 8.0642e-05
internal_weight=0 162 126 375 104 80 340 275 233 65
internal_count=537 162 126 375 104 80 340 275 233 65
is_linear=0
shrinkage=0.1


Tree=875
num_leaves=13
num_cat=0
split_feature=98 98 72 48 80 48 32 29 76 84 29 87
split_gain=2.17106e-05 0.000261603 5.38279e-05 0.000130929 0.000128393 0.000119971 9.31784e-05 0.000139164 8.38099e-05 4.10396e-05 5.43917e-05 4.28943e-05
threshold=3.0201273556387074 3.4334666422309414 0.22580253811627232 3.2951505240983434 0.50591065724896778 4.7957563937576522 4.5746578350692051 2.191013317336941 0.28478520627482989 0.67040181128101561 5.7837825769642768 0.10096399824287748
decision_type=2 2 2 2 2 2 2 2 2 2 2 2
left_child=2 -2 3 6 8 -5 7 -1 -4 10 11 -3
right_child=1 9 4 5 -6 -7 -8 -9 -10 -11 -12 -13
leaf_value=9.6095736593529844e-05 -0.00032794983568601313 5.8458301788050443e-05 -0.00026174816717125049 0.00026132384414796794 0.00015413076742499306 -1.867711273070168e-06 0.00012125491026161012 -0.00018552637720471894 -1.2415723072730804e-05 0.00010540543068763771 -0.00013348612535929566 -3.7269289148091712e-05
leaf_weight=28 25 100 26 43 22 29 33 47 28 39 29 88
leaf_count=28 25 100 26 43 22 29 33 47 28 39 29 88
internal_value=0 -1.91918e-05 2.1066e-05 5.08617e-05 -4.95028e-05 0.000155316 -1.87745e-05 -8.03875e-05 -0.000132465 1.09603e-05 -6.01366e-06 1.36496e-05
internal_weight=0 281 256 180 76 72 108 75 54 256 217 188
internal_count=537 281 256 180 76 72 108 75 54 256 217 188
is_linear=0
shrinkage=0.1


Tree=876
num_leaves=7
num_cat=0
split_feature=84 45 39 46 35 103
split_gain=2.42085e-05 3.14818e-05 2.72063e-05 4.13846e-05 3.58843e-05 2.79044e-05
threshold=0.68497705806044296 6.5507496134458441 5.9788825602762081 6.2633964485293765 5.8749149497672386 3.1345481418531311
decision_type=2 2 2 2 2 2
left_child=1 2 4 -4 5 -1
right_child=-2 -3 3 -5 -6 -7
leaf_value=-3.9850288843202489e-05 -8.7285097688436511e-05 0.00011458041677542497 -0.00016875584371281666 1.7112702853410155e-05 0.00013182640276764607 1.7429667384974841e-05
leaf_weight=120 30 25 23 25 22 292
leaf_count=120 30 25 23 25 22 292
internal_value=0 5.1648e-06 -5.10286e-07 -7.19493e-05 7.3908e-06 7.46185e-07
internal_weight=0 507 482 48 434 412
internal_count=537 507 482 48 434 412
is_linear=0
shrinkage=0.1


Tree=877
num_leaves=11
num_cat=0
split_feature=48 29 47 45 64 28 47 46 46 60
split_gain=2.35654e-05 9.49295e-05 0.000186195 8.47433e-05 7.69448e-05 5.59656e-05 6.27281e-05 5.43831e-05 5.74747e-05 4.40987e-05
threshold=2.3937458713910238 2.3502401828962087 3.1132683346437333 3.9316333620047872 2.3902615367329769 4.5325416796595226 5.9635760393734838 7.0021555404279701 6.4496799081455176 2.6869153004291113
decision_type=2 2 2 2 2 2 2 2 2 2
left_child=1 2 -1 -3 -2 -5 -7 8 9 -6
right_child=4 3 -4 5 7 6 -8 -9 -10 -11
leaf_value=0.00033210409107526246 -0.00018686291508250482 -0.00018651798181963387 -5.0115171849029138e-05 0.00012802325289323397 0.0001275561858922932 -0.00016643900139156774 5.7487624320041005e-05 -0.0001505283185590246 0.00016466122387183451 -1.358835065498728e-05
leaf_weight=26 24 24 25 33 24 22 29 23 22 285
leaf_count=26 24 24 25 33 24 22 29 23 22 285
internal_value=0 3.22997e-05 0.000144742 -2.0798e-05 -1.35864e-05 2.65506e-05 -3.91082e-05 -1.8388e-06 8.4931e-06 -2.62567e-06
internal_weight=0 159 51 108 378 84 51 354 331 309
internal_count=537 159 51 108 378 84 51 354 331 309
is_linear=0
shrinkage=0.1


Tree=878
num_leaves=9
num_cat=0
split_feature=65 64 88 15 41 54 10 77
split_gain=2.18024e-05 4.21371e-05 3.20507e-05 8.26326e-05 9.7157e-05 7.33975e-05 0.000248352 8.03566e-05
threshold=1.6283470507525168 2.6567398071438575 0.41772296771466128 2.9430520157250784 5.7381722323536151 5.3889778947782228 6.0282756170432892 5.6472105679022233
decision_type=2 2 2 2 2 2 2 2
left_child=-1 -2 5 -4 -5 6 -3 -7
right_child=1 2 3 4 -6 7 -8 -9
leaf_value=7.10253151555662e-05 -0.00011316604755205952 -1.0712370374700475e-05 0.00017732804877221712 -5.3498808412721403e-05 0.00015816070688366571 0.00012796892687826281 -0.00035210830337746303 -5.5011738804751073e-05
leaf_weight=40 34 190 34 86 29 60 24 40
leaf_count=40 34 190 34 86 29 60 24 40
internal_value=0 -5.71632e-06 2.17415e-06 4.03686e-05 -1.238e-07 -1.59499e-05 -4.89998e-05 5.47767e-05
internal_weight=0 497 463 149 115 314 214 100
internal_count=537 497 463 149 115 314 214 100
is_linear=0
shrinkage=0.1


Tree=879
num_leaves=6
num_cat=0
split_feature=11 41 38 40 44
split_gain=2.17998e-05 5.06654e-05 2.56304e-05 3.05525e-05 4.23382e-05
threshold=6.6950642080078762 6.4068582012380899 6.4496799081455176 6.0185902545239411 5.8888741216379641
decision_type=2 2 2 2 2
left_child=1 2 3 4 -1
right_child=-2 -3 -4 -5 -6
leaf_value=-3.299535711898987e-06 9.7483665178350011e-05 -0.00012809936448144482 9.3294010330282628e-05 -0.00011194729922863189 0.0001391166048547761
leaf_weight=408 22 31 30 24 22
leaf_count=408 22 31 30 24 22
internal_value=0 -4.16435e-06 3.77364e-06 -2.14181e-06 3.98687e-06
internal_weight=0 515 484 454 430
internal_count=537 515 484 454 430
is_linear=0
shrinkage=0.1


Tree=880
num_leaves=6
num_cat=0
split_feature=43 46 45 47 43
split_gain=2.31357e-05 8.55707e-05 3.608e-05 3.7402e-05 3.20533e-05
threshold=6.4876828601347034 6.5220754968327581 5.5052984857290932 5.7333360402263844 5.5412558557490508
decision_type=2 2 2 2 2
left_child=1 2 3 4 -1
right_child=-2 -3 -4 -5 -6
leaf_value=-3.5749118407382189e-06 8.245655708378764e-05 -0.00017199629086901732 9.230093321178196e-05 -0.00011146034034027253 0.0001055575942042071
leaf_weight=374 32 29 43 30 29
leaf_count=374 32 29 43 30 29
internal_value=0 -5.22497e-06 4.93547e-06 -3.74055e-06 4.2783e-06
internal_weight=0 505 476 433 403
internal_count=537 505 476 433 403
is_linear=0
shrinkage=0.1


Tree=881
num_leaves=7
num_cat=0
split_feature=66 31 66 62 70 48
split_gain=2.35949e-05 6.76405e-05 4.82791e-05 2.82012e-05 4.0725e-05 3.93922e-05
threshold=5.2496211935437129 5.7651468795656617 4.4880679366512748 4.744894319750431 5.5493952708529193 2.3937458713910238
decision_type=2 2 2 2 2 2
left_child=2 -2 3 4 5 -1
right_child=1 -3 -4 -5 -6 -7
leaf_value=3.71820100594157e-05 -0.00019910186132702539 1.6481111319884548e-05 0.00010879772619160196 -9.5850852133783822e-05 0.00010613232956934048 -3.0875512366758773e-05
leaf_weight=136 22 43 43 30 36 227
leaf_count=136 22 43 43 30 36 227
internal_value=0 -5.64854e-05 7.77871e-06 -2.34674e-06 4.68365e-06 -5.37738e-06
internal_weight=0 65 472 429 399 363
internal_count=537 65 472 429 399 363
is_linear=0
shrinkage=0.1


Tree=882
num_leaves=11
num_cat=0
split_feature=80 34 44 28 14 99 89 51 50 100
split_gain=2.17854e-05 0.000159005 5.47263e-05 5.36546e-05 4.83866e-05 6.01866e-05 3.96126e-05 4.35221e-05 0.000172047 0.000154559
threshold=0.97575882019212934 6.3007841113004242 6.2633964485293765 2.6735537653587347 4.7229433450037179 1.9356005054539456 0.67727089201096924 3.0433873634561537 4.2045812236012674 7.480145263738696
decision_type=2 2 2 2 2 2 2 2 2 2
left_child=2 3 6 -2 -5 -6 7 8 -1 -9
right_child=1 -3 -4 4 5 -7 -8 9 -10 -11
leaf_value=4.8944192364971338e-06 -0.00010966371966060251 -0.00026799106954058518 0.000134696559358748 0.00018434336392271109 -0.00010612628166563809 0.00010241558082622848 -0.00010789282274462523 -0.00020712590242813654 0.00031012182814513586 2.0617245282491467e-05
leaf_weight=115 25 24 33 22 25 31 31 36 22 173
leaf_count=115 25 24 33 22 25 31 31 36 22 173
internal_value=0 -3.61898e-05 1.121e-05 1.78222e-05 5.86831e-05 9.31654e-06 4.00827e-07 1.01034e-05 5.3909e-05 -1.86112e-05
internal_weight=0 127 410 103 78 56 377 346 137 209
internal_count=537 127 410 103 78 56 377 346 137 209
is_linear=0
shrinkage=0.1


Tree=883
num_leaves=8
num_cat=0
split_feature=47 45 57 45 40 57 57
split_gain=2.07091e-05 5.69777e-05 2.37683e-05 0.00015326 0.000377927 8.0501e-05 2.68436e-05
threshold=6.6950642080078762 6.3117199868476508 1.592112006014599 2.5619819897016298 3.1132683346437333 1.9087366464215105 2.32956639713667
decision_type=2 2 2 2 2 2 2
left_child=1 2 3 -1 -5 -4 -7
right_child=-2 -3 5 4 -6 6 -8
leaf_value=-0.00022267885886380573 9.5013631851708684e-05 -0.00015789821826847798 0.00019501401804281277 0.00035443255801510533 -0.00017051670713499336 -0.00010485288475737517 8.9333287148621019e-06
leaf_weight=31 22 23 23 24 32 22 360
leaf_count=31 22 23 23 24 32 22 360
internal_value=0 -4.05883e-06 3.13284e-06 -4.42896e-05 5.44615e-05 1.33199e-05 2.3802e-06
internal_weight=0 515 492 87 56 405 382
internal_count=537 515 492 87 56 405 382
is_linear=0
shrinkage=0.1


Tree=884
num_leaves=9
num_cat=0
split_feature=27 21 46 29 31 30 34 22
split_gain=2.07254e-05 7.88803e-05 4.17616e-05 4.16945e-05 3.88666e-05 3.55296e-05 7.49467e-05 7.20462e-05
threshold=5.8550678171289681 5.4380415003103764 6.4876828601347034 5.7381722323536151 6.3766748835470421 5.5093801410486734 5.3032925319746216 5.609465086342035
decision_type=2 2 2 2 2 2 2 2
left_child=1 2 5 -2 -5 6 -1 -7
right_child=3 -3 -4 4 -6 7 -8 -9
leaf_value=-7.6882907366837309e-06 0.00013096357773546892 -0.0001820078630698845 0.00012895240727933316 -8.9908017862398999e-05 6.1489960893222582e-05 -0.00022171108109680723 0.00017589084382052533 7.9868018171206739e-06
leaf_weight=303 34 25 24 30 39 22 24 36
leaf_count=303 34 25 24 30 39 22 24 36
internal_value=0 -9.57058e-06 9.69602e-07 4.03265e-05 -4.33525e-06 -7.00855e-06 5.78541e-06 -7.914e-05
internal_weight=0 434 409 103 69 385 327 58
internal_count=537 434 409 103 69 385 327 58
is_linear=0
shrinkage=0.1


Tree=885
num_leaves=6
num_cat=0
split_feature=11 41 79 79 6
split_gain=2.05747e-05 4.61336e-05 2.67747e-05 3.52099e-05 3.66951e-05
threshold=6.6950642080078762 6.4068582012380899 6.0748278607123192 5.2781016436508681 6.4296986659514745
decision_type=2 2 2 2 2
left_child=1 2 3 4 -1
right_child=-2 -3 -4 -5 -6
leaf_value=8.5381302250575223e-06 9.4704700760220556e-05 -0.00012230805452652989 -9.9441433182316066e-05 0.00011364494774928366 -0.0001212924731510651
leaf_weight=407 22 31 24 30 23
leaf_count=407 22 31 24 30 23
internal_value=0 -4.04564e-06 3.52902e-06 8.90139e-06 1.5937e-06
internal_weight=0 515 484 460 430
internal_count=537 515 484 460 430
is_linear=0
shrinkage=0.1


Tree=886
num_leaves=7
num_cat=0
split_feature=36 37 30 33 28 34
split_gain=2.12145e-05 7.30853e-05 2.75381e-05 7.2779e-05 4.42034e-05 3.88671e-05
threshold=6.4232258802757327 6.0209762173327137 6.0330833463930107 5.2417330174952186 5.948031580597152 5.5293030953222733
decision_type=2 2 2 2 2 2
left_child=1 2 3 5 -4 -1
right_child=-2 -3 4 -5 -6 -7
leaf_value=-6.3400514788206437e-06 7.2025738958664566e-05 -0.00015955369574306854 0.00017601027736774364 -0.00017079989140620456 2.0283139565435706e-06 9.260675997615586e-05
leaf_weight=337 38 29 23 25 40 45
leaf_count=337 38 29 23 25 40 45
internal_value=0 -5.48493e-06 4.02144e-06 -5.50194e-06 6.55455e-05 5.31599e-06
internal_weight=0 499 470 407 63 382
internal_count=537 499 470 407 63 382
is_linear=0
shrinkage=0.1


Tree=887
num_leaves=8
num_cat=0
split_feature=43 47 37 8 32 41 64
split_gain=2.23515e-05 8.35171e-05 2.59307e-05 8.46453e-05 8.26472e-05 7.42744e-05 8.57197e-05
threshold=6.4876828601347034 6.1246809968142868 1.5890269151739731 1.5890269151739729 3.0433873634561537 1.8688348091416844 2.3902615367329769
decision_type=2 2 2 2 2 2 2
left_child=1 2 3 -1 -5 -4 -7
right_child=-2 -3 5 4 -6 6 -8
leaf_value=-0.00019498556231645547 8.1046957848229806e-05 -0.00016415514917518463 0.00014148901712804555 0.00011037725746843666 -8.9211700034821868e-05 -0.00018446918731332635 1.587133704212699e-05
leaf_weight=26 32 31 43 42 41 23 299
leaf_count=26 32 31 43 42 41 23 299
internal_value=0 -5.13565e-06 5.26436e-06 -3.75363e-05 1.17851e-05 1.80459e-05 1.5613e-06
internal_weight=0 505 474 109 83 365 322
internal_count=537 505 474 109 83 365 322
is_linear=0
shrinkage=0.1


Tree=888
num_leaves=8
num_cat=0
split_feature=66 20 9 8 9 80 81
split_gain=2.30574e-05 6.37435e-05 4.53554e-05 3.70983e-05 3.62502e-05 5.55119e-05 4.20447e-05
threshold=5.2496211935437129 6.0844968186443777 6.2343799673713169 5.799074288650317 4.5538214868689204 0.4237458615702191 2.1664091395297538
decision_type=2 2 2 2 2 2 2
left_child=2 -2 3 4 6 -6 -1
right_child=1 -3 -4 -5 5 -7 -8
leaf_value=-2.0253872594130813e-05 -0.00017712327277807232 2.5018340024055366e-05 0.00012667513061993913 -0.00010587503620040334 0.00011204924741133045 -6.5912200595145504e-05 9.8891600712456488e-05
leaf_weight=289 26 39 30 31 65 24 33
leaf_count=289 26 39 30 31 65 24 33
internal_value=0 -5.58383e-05 7.6896e-06 -3.86344e-07 7.57022e-06 6.40596e-05 -8.04331e-06
internal_weight=0 65 472 442 411 89 322
internal_count=537 65 472 442 411 89 322
is_linear=0
shrinkage=0.1


Tree=889
num_leaves=12
num_cat=0
split_feature=79 7 7 92 14 101 101 19 87 35 46
split_gain=2.10435e-05 0.000115351 5.47209e-05 4.10084e-05 2.88691e-05 3.10795e-05 7.96037e-05 5.9692e-05 4.11502e-05 5.3592e-05 3.64523e-05
threshold=4.4307459321434584 4.7621374077860157 5.8435402162155627 5.335544688068329 6.3952602045833897 3.9701138825728512 3.7609296261008152 2.3937458713910238 0.036928771232934005 5.0434043048315838 4.8121513051691478
decision_type=2 2 2 2 2 2 2 2 2 2 2
left_child=4 -2 -3 -4 5 6 7 -1 9 -7 -10
right_child=1 2 3 -5 -6 8 -8 -9 10 -11 -12
leaf_value=-5.2831116815945964e-05 -0.00018987353598212003 0.00013168366044444537 3.8936480048119631e-05 -0.00013285874180534544 0.00010526607766223606 -0.00018560001185505826 0.00020042360472317619 4.8186108972213532e-05 9.5655586459719009e-05 2.0899578822567931e-06 -6.0320593585292327e-05
leaf_weight=101 35 31 33 24 30 32 23 139 31 29 29
leaf_count=101 35 31 33 24 30 32 23 139 31 29 29
internal_value=0 -3.63178e-05 2.47555e-05 -3.33984e-05 1.07901e-05 3.40912e-06 2.2706e-05 5.67469e-06 -3.85336e-05 -9.63704e-05 2.02671e-05
internal_weight=0 123 88 57 414 384 263 240 121 61 60
internal_count=537 123 88 57 414 384 263 240 121 61 60
is_linear=0
shrinkage=0.1


Tree=890
num_leaves=10
num_cat=0
split_feature=5 95 104 57 17 29 15 92 44
split_gain=2.35658e-05 9.21722e-05 0.000131262 0.000205422 5.3563e-05 4.40329e-05 7.16635e-05 0.000132358 3.70974e-05
threshold=2.3502401828962087 2.191013317336941 1.0986122886681102 1.7593076157021601 1.5890269151739731 1.8688348091416844 4.6346818562128229 5.3754770850277627 6.4232258802757327
decision_type=2 2 2 2 2 2 2 2 2
left_child=1 2 -1 -4 -2 -6 7 -7 -8
right_child=4 -3 3 -5 5 6 8 -9 -10
leaf_value=-0.00015271219216347597 -0.00014347461371377497 0.00015722283277111359 0.0003120348423101899 -7.055582392341523e-05 0.00010789250200931829 -1.6679552214150641e-05 1.7594707220159214e-08 -0.00028374940296635036 0.0001116574592223125
leaf_weight=42 29 43 23 36 33 72 199 25 35
leaf_count=42 29 43 23 36 33 72 199 25 35
internal_value=0 3.46074e-05 -1.75953e-05 7.85897e-05 -1.26806e-05 -2.26016e-06 -1.32421e-05 -8.5512e-05 1.67159e-05
internal_weight=0 144 101 59 393 364 331 97 234
internal_count=537 144 101 59 393 364 331 97 234
is_linear=0
shrinkage=0.1


Tree=891
num_leaves=10
num_cat=0
split_feature=34 88 64 88 61 37 86 44 11
split_gain=2.35711e-05 2.51325e-05 9.57776e-05 8.63055e-05 9.47749e-05 7.24781e-05 8.97102e-05 7.56305e-05 6.73253e-05
threshold=7.0996144550911771 0.32237371114682284 2.1097538525880535 0.41040294975001845 1.6982072666718382 3.4960482137079443 0.66150965699663089 4.2625806805327082 4.1742689126930488
decision_type=2 2 2 2 2 2 2 2 2
left_child=1 2 -1 -3 -5 6 -4 -7 -6
right_child=-2 3 5 4 8 7 -8 -9 -10
leaf_value=0.00021392204847264415 -9.4813065836206077e-05 -0.00020571211729000663 -6.1795533954365046e-06 -0.00019281510052347915 0.0001078757824986482 0.00018058886801424837 -0.00020825494908162262 1.5113686372700169e-05 -2.8877572356664347e-05
leaf_weight=24 25 23 102 22 63 35 28 131 84
leaf_count=24 25 23 102 22 63 35 28 131 84
internal_value=0 4.62954e-06 2.17912e-05 -2.39732e-05 7.60509e-07 6.21301e-06 -4.97035e-05 5.0003e-05 2.9731e-05
internal_weight=0 512 320 192 169 296 130 166 147
internal_count=537 512 320 192 169 296 130 166 147
is_linear=0
shrinkage=0.1


Tree=892
num_leaves=7
num_cat=0
split_feature=100 104 100 100 65 56
split_gain=2.39697e-05 0.000101706 5.26274e-05 0.000105133 4.47103e-05 3.08964e-05
threshold=6.1158701961393769 1.0986122886681102 6.4295893882764688 6.6694175608141011 2.1347476817907398 3.5800346037980639
decision_type=2 2 2 2 2 2
left_child=1 -1 -2 -4 -5 -6
right_child=2 -3 3 4 5 -7
leaf_value=-5.4791746242699448e-05 -0.00012908406700289836 0.00021753282610272132 0.00020103384705726058 -0.00014880988573250681 6.0716237505682967e-05 -1.4601968911977436e-05
leaf_weight=32 33 24 25 22 65 336
leaf_count=32 33 24 25 22 65 336
internal_value=0 6.19188e-05 -7.20884e-06 1.76858e-06 -1.00083e-05 -2.39328e-06
internal_weight=0 56 481 448 423 401
internal_count=537 56 481 448 423 401
is_linear=0
shrinkage=0.1


Tree=893
num_leaves=6
num_cat=0
split_feature=84 45 92 92 15
split_gain=1.97765e-05 2.83555e-05 2.09046e-05 2.49935e-05 2.8366e-05
threshold=0.68497705806044296 6.5507496134458441 5.4571203047628005 5.4295080736246666 1.9356005054539456
decision_type=2 2 2 2 2
left_child=1 2 3 4 -1
right_child=-2 -3 -4 -5 -6
leaf_value=-4.6303318161277076e-05 -7.8891599653919308e-05 0.00010850896371994168 -9.5945860580699954e-05 9.3698231322722963e-05 1.27162927507151e-05
leaf_weight=109 30 25 22 29 322
leaf_count=109 30 25 22 29 322
internal_value=0 4.66814e-06 -7.17792e-07 3.83659e-06 -2.20978e-06
internal_weight=0 507 482 460 431
internal_count=537 507 482 460 431
is_linear=0
shrinkage=0.1


Tree=894
num_leaves=7
num_cat=0
split_feature=65 65 10 20 45 20
split_gain=2.04061e-05 3.37471e-05 3.50701e-05 3.8294e-05 0.000148658 3.99274e-05
threshold=1.6283470507525168 2.0437968629351944 1.5890269151739729 2.191013317336941 2.3502401828962087 3.3497501700808394
decision_type=2 2 2 2 2 2
left_child=-1 -2 -3 4 -4 -5
right_child=1 2 3 5 -6 -7
leaf_value=6.8713423279405102e-05 -0.00010656073380584617 9.7458201801470893e-05 6.7373546227355726e-05 9.0361899724775109e-05 -0.00028281318515258714 -8.0608837960928427e-06
leaf_weight=40 31 35 27 47 22 335
leaf_count=40 31 35 27 47 22 335
internal_value=0 -5.53026e-06 1.19066e-06 -6.62689e-06 -8.98531e-05 4.04873e-06
internal_weight=0 497 466 431 49 382
internal_count=537 497 466 431 49 382
is_linear=0
shrinkage=0.1


Tree=895
num_leaves=6
num_cat=0
split_feature=47 31 29 30 1
split_gain=1.99126e-05 2.2994e-05 2.88502e-05 3.74517e-05 2.54905e-05
threshold=6.4876828601347034 6.3297193168114436 5.8141260764699529 6.2005071168401162 2.191013317336941
decision_type=2 2 2 2 2
left_child=1 2 3 4 -1
right_child=-2 -3 -4 -5 -6
leaf_value=3.5400581958811016e-05 -7.6497615918924569e-05 9.4630342878358702e-05 -9.5161742283380601e-05 0.00011217682094279407 -1.8204149592438264e-05
leaf_weight=128 32 27 30 31 289
leaf_count=128 32 27 30 31 289
internal_value=0 4.84737e-06 -2.24049e-07 6.13339e-06 -1.74994e-06
internal_weight=0 505 478 448 417
internal_count=537 505 478 448 417
is_linear=0
shrinkage=0.1


Tree=896
num_leaves=7
num_cat=0
split_feature=34 26 34 42 42 42
split_gain=1.97394e-05 2.22116e-05 2.29785e-05 2.05245e-05 9.61252e-05 8.91434e-05
threshold=7.0996144550911771 6.5352317916717775 6.4876828601347034 5.1179758838799021 5.2469686674288658 4.9869730080923453
decision_type=2 2 2 2 2 2
left_child=1 2 3 5 -5 -1
right_child=-2 -3 -4 4 -6 -7
leaf_value=3.7878908693514458e-06 -8.6765084648504853e-05 8.7723384040145903e-05 -0.00010079981864030495 0.00022117264351456233 2.0946006632936674e-06 -0.00020163809569329833
leaf_weight=259 25 30 22 23 155 23
leaf_count=259 25 30 22 23 155 23
internal_value=0 4.23658e-06 -9.59698e-07 3.81526e-06 3.04024e-05 -1.29667e-05
internal_weight=0 512 482 460 178 282
internal_count=537 512 482 460 178 282
is_linear=0
shrinkage=0.1


Tree=897
num_leaves=6
num_cat=0
split_feature=96 10 10 30 98
split_gain=1.98896e-05 4.41781e-05 6.72051e-05 5.41738e-05 2.31615e-05
threshold=7.0473947110756514 6.7320053855989617 6.3007841113004242 6.640841196316484 4.317399216745252
decision_type=2 2 2 2 2
left_child=1 2 3 4 -1
right_child=-2 -3 -4 -5 -6
leaf_value=-1.0374706710115574e-05 -7.7753559397082908e-05 0.00014335607642847623 -0.00012241900883834335 0.00015937663670426803 4.7346482312026313e-05
leaf_weight=331 31 22 42 23 88
leaf_count=331 31 22 42 23 88
internal_value=0 4.76356e-06 -1.5361e-06 9.95051e-06 1.74812e-06
internal_weight=0 506 484 442 419
internal_count=537 506 484 442 419
is_linear=0
shrinkage=0.1


Tree=898
num_leaves=8
num_cat=0
split_feature=30 37 61 8 86 32 61
split_gain=2.05087e-05 1.89257e-05 7.52301e-05 6.91331e-05 6.68011e-05 6.60474e-05 6.21839e-05
threshold=7.0021555404279701 1.5890269151739731 0.85184371294609129 1.5890269151739729 0.6813317870098613 3.0433873634561537 1.6600138229157391
decision_type=2 2 2 2 2 2 2
left_child=1 3 -3 -1 6 -5 -4
right_child=-2 2 4 5 -6 -7 -8
leaf_value=-0.00017455221194233252 -8.1792771527097071e-05 0.00019450753878283485 -0.00015014602078216352 0.00010045038860490813 0.0001589318081991783 -7.7972379701195011e-05 5.2043202845479394e-06
leaf_weight=26 29 22 28 42 26 41 323
leaf_count=26 29 22 28 42 26 41 323
internal_value=0 4.66927e-06 1.47576e-05 -3.22597e-05 4.26826e-06 1.23138e-05 -7.1883e-06
internal_weight=0 508 399 109 377 83 351
internal_count=537 508 399 109 377 83 351
is_linear=0
shrinkage=0.1


Tree=899
num_leaves=8
num_cat=0
split_feature=100 28 100 68 88 15 15
split_gain=1.86468e-05 9.29771e-05 4.41698e-05 9.58337e-05 3.97171e-05 0.000100612 7.52131e-05
threshold=6.1158701961393769 2.602003343538398 6.4295893882764688 3.7999052716092487 0.41772296771466128 4.6346818562128229 2.9430520157250784
decision_type=2 2 2 2 2 2 2
left_child=1 -1 -2 -4 5 -5 -6
right_child=2 -3 3 4 6 -7 -8
leaf_value=0.00018815265691416615 -0.00011801175088762787 -6.971755892977697e-05 0.00020538927241101524 -0.00010117811625838303 0.0001889064360651761 1.8884822163444649e-05 -2.1173155511695027e-07
leaf_weight=27 33 29 22 117 26 173 110
leaf_count=27 33 29 22 117 26 173 110
internal_value=0 5.46127e-05 -6.35824e-06 1.86624e-06 -8.64434e-06 -2.95544e-05 3.59432e-05
internal_weight=0 56 481 448 426 290 136
internal_count=537 56 481 448 426 290 136
is_linear=0
shrinkage=0.1


Tree=900
num_leaves=12
num_cat=0
split_feature=18 31 68 84 85 95 95 57 32 57 104
split_gain=1.86551e-05 0.00010023 6.35926e-05 3.19234e-05 3.87433e-05 2.22243e-05 8.89121e-05 0.000171353 0.000109762 8.57213e-05 4.43907e-05
threshold=6.212604087723423 5.609465086342035 5.8729564318206142 0.67040181128101561 0.3773854192802773 2.9174053685313028 2.191013317336941 1.8441521598528967 1.9356005054539456 1.7593076157021601 1.4978661367769956
decision_type=2 2 2 2 2 2 2 2 2 2 2
left_child=2 -2 5 4 -3 6 8 -8 -1 -7 -11
right_child=1 3 -4 -5 -6 9 7 -9 -10 10 -12
leaf_value=-0.00016205778500423895 -0.00022217707769216406 -0.00012734628019287535 0.0001672059543731545 0.00010329413278129695 4.7815910387985893e-05 -0.00020856439825200305 0.00032345236605033279 -5.9207838779167844e-05 4.0379608666269859e-05 -9.8805599669791078e-05 2.0683720806799592e-05
leaf_weight=37 23 23 24 27 28 22 25 22 97 38 171
leaf_count=37 23 23 24 27 28 22 25 22 97 38 171
internal_value=0 -3.87252e-05 8.97076e-06 1.53695e-05 -3.11788e-05 -2.46827e-07 2.59913e-05 0.000144335 -1.55173e-05 -2.08057e-05 -1.04161e-06
internal_weight=0 101 436 78 51 412 181 47 134 231 209
internal_count=537 101 436 78 51 412 181 47 134 231 209
is_linear=0
shrinkage=0.1


Tree=901
num_leaves=9
num_cat=0
split_feature=66 32 66 80 62 49 46 64
split_gain=1.90285e-05 6.09452e-05 3.66645e-05 3.96984e-05 3.32226e-05 2.73095e-05 0.000106496 9.6877e-05
threshold=5.2496211935437129 6.2633964485293765 4.4305332717588817 0.32361372859531018 4.744894319750431 3.0433873634561537 3.6632328069201612 2.5323512576832665
decision_type=2 2 2 2 2 2 2 2
left_child=2 -2 4 -4 5 6 -1 -7
right_child=1 -3 3 -5 -6 7 -8 -9
leaf_value=-0.00018869384875870311 2.0930083684063342e-05 -0.00018157590704662575 -3.0855541057383607e-06 0.00018076549319327267 -0.00011181013368723842 0.0002286398898087844 1.0839259533772776e-05 6.4734524560233216e-06
leaf_weight=32 42 23 23 24 26 22 163 182
leaf_count=32 42 23 23 24 26 22 163 182
internal_value=0 -5.07259e-05 6.98556e-06 9.07958e-05 -2.28287e-06 4.85424e-06 -2.19046e-05 3.04326e-05
internal_weight=0 65 472 47 425 399 195 204
internal_count=537 65 472 47 425 399 195 204
is_linear=0
shrinkage=0.1


Tree=902
num_leaves=8
num_cat=0
split_feature=20 20 84 48 44 33 34
split_gain=1.68976e-05 0.000112322 4.37981e-05 2.79071e-05 2.54541e-05 3.84486e-05 4.1501e-05
threshold=6.0844968186443777 5.948031580597152 0.67040181128101561 5.272986409146923 6.2841271995609906 5.2417330174952186 5.497134631044525
decision_type=2 2 2 2 2 2 2
left_child=1 4 3 -2 5 6 -1
right_child=2 -3 -4 -5 -6 -7 -8
leaf_value=-5.3753580542287191e-06 -9.2326162385606125e-05 -0.00021748154419280277 0.00015525225129143412 6.6953661904666339e-05 9.3563822956639343e-05 -9.5016826380742712e-05 9.0119274064595382e-05
leaf_weight=322 22 24 24 22 30 40 53
leaf_count=322 22 24 24 22 30 40 53
internal_value=0 -6.7545e-06 4.65862e-05 -1.26863e-05 4.61056e-06 -1.8198e-06 8.12122e-06
internal_weight=0 469 68 44 445 415 375
internal_count=537 469 68 44 445 415 375
is_linear=0
shrinkage=0.1


Tree=903
num_leaves=6
num_cat=0
split_feature=84 32 29 24 100
split_gain=1.8992e-05 2.25372e-05 3.62783e-05 4.77948e-05 2.2692e-05
threshold=0.68497705806044296 6.3951487094329673 5.8141260764699529 5.948031580597152 6.6694175608141011
decision_type=2 2 2 2 2
left_child=1 2 3 4 -1
right_child=-2 -3 -4 -5 -6
leaf_value=3.6830467549500836e-05 -7.7311073003632686e-05 8.7191432201859343e-05 -0.00010195569929871427 0.00012065180689045091 -1.6761873662922302e-05
leaf_weight=107 30 31 33 34 302
leaf_count=107 30 31 33 34 302
internal_value=0 4.57462e-06 -8.05888e-07 6.72897e-06 -2.74138e-06
internal_weight=0 507 476 443 409
internal_count=537 507 476 443 409
is_linear=0
shrinkage=0.1


Tree=904
num_leaves=11
num_cat=0
split_feature=34 88 100 41 57 47 64 88 15 57
split_gain=1.84928e-05 2.15647e-05 7.97052e-05 0.000214192 0.000114178 0.000107769 6.56738e-05 5.98577e-05 5.64286e-05 5.6353e-05
threshold=7.0996144550911771 0.32237371114682284 6.6694175608141011 1.8688348091416844 3.3546478167171538 4.135134555718313 2.6119016645274802 0.41772296771466128 2.9430520157250784 3.8095080020646344
decision_type=2 2 2 2 2 2 2 2 2 2
left_child=1 2 3 -1 5 -4 -3 -8 -9 -6
right_child=-2 6 4 -5 9 -7 7 8 -10 -11
leaf_value=0.00035630704048041176 -8.3980724913999439e-05 -0.00017017319069754404 -0.00025229689828495705 -1.6598607180640103e-05 0.0001438155498292942 -7.7018248660795846e-06 -0.00014531254384261654 0.00013360895341823681 -1.1298136569338276e-05 7.8939238833949539e-06
leaf_weight=24 25 26 31 43 39 43 24 36 106 140
leaf_count=24 25 26 31 43 39 43 24 36 106 140
internal_value=0 4.10062e-06 1.99975e-05 0.00011698 -5.68548e-06 -0.000110167 -2.23942e-05 7.5192e-07 2.54389e-05 3.75081e-05
internal_weight=0 512 320 67 253 74 192 166 142 179
internal_count=537 512 320 67 253 74 192 166 142 179
is_linear=0
shrinkage=0.1


Tree=905
num_leaves=8
num_cat=0
split_feature=35 26 35 104 56 41 33
split_gain=1.84748e-05 6.14434e-05 1.90789e-05 7.7136e-05 0.000150109 7.01801e-05 4.68286e-05
threshold=6.6950642080078762 6.8053391632106601 2.524928003624769 1.0986122886681102 2.5453390008848964 1.8688348091416844 3.1132683346437333
decision_type=2 2 2 2 2 2 2
left_child=1 2 3 -1 -5 -4 -7
right_child=-2 -3 5 4 -6 6 -8
leaf_value=-0.00015859286620124134 8.9741882667030131e-05 -0.00016358798428605636 0.00015754566743453324 0.00024760959002543881 -4.3468779577469234e-05 -8.3603156167126423e-05 1.9531204167413729e-05
leaf_weight=34 22 23 32 22 91 53 260
leaf_count=34 22 23 32 22 91 53 260
internal_value=0 -3.83363e-06 3.63456e-06 -2.65334e-05 1.32013e-05 1.64887e-05 2.06756e-06
internal_weight=0 515 492 147 113 345 313
internal_count=537 515 492 147 113 345 313
is_linear=0
shrinkage=0.1


Tree=906
num_leaves=11
num_cat=0
split_feature=87 98 96 54 65 104 104 86 21 44
split_gain=1.76265e-05 6.53347e-05 0.000226968 6.97979e-05 5.13842e-05 4.42611e-05 8.25853e-05 0.000105507 5.3764e-05 3.8484e-05
threshold=0.5556069708080712 3.6105525490912482 4.5538214868689204 5.799074288650317 1.6283470507525168 0.8958797346140277 1.4978661367769956 0.24203844355923979 3.1132683346437333 3.6235402922928786
decision_type=2 2 2 2 2 2 2 2 2 2
left_child=4 2 -2 -3 -1 8 7 -7 -6 -8
right_child=1 3 -4 -5 5 6 9 -9 -10 -11
leaf_value=0.00014084355196765892 4.721819630301778e-05 0.00012427665979454394 -0.00035493666875244462 -7.9766995064953038e-05 0.00020538898679660635 2.6951115878839649e-06 6.7260503064643277e-05 -0.00027046086207309811 -8.9560338528826827e-06 -1.4042457638797948e-05
leaf_weight=28 36 38 23 30 22 31 83 26 25 195
leaf_count=28 36 38 23 30 22 31 83 26 25 195
internal_value=0 -3.25526e-05 -0.000109554 3.42574e-05 1.00834e-05 4.98862e-07 -1.2251e-05 -0.000121902 9.13757e-05 1.02314e-05
internal_weight=0 127 59 68 410 382 335 57 47 278
internal_count=537 127 59 68 410 382 335 57 47 278
is_linear=0
shrinkage=0.1


Tree=907
num_leaves=6
num_cat=0
split_feature=37 37 26 64 1
split_gain=1.73713e-05 8.17508e-05 1.9663e-05 1.81358e-05 2.47378e-05
threshold=6.4068582012380899 6.0209762173327137 6.5352317916717775 6.1779340107210396 5.6903366269220443
decision_type=2 2 2 2 2
left_child=1 2 3 4 -1
right_child=-2 -3 -4 -5 -6
leaf_value=-2.9295687839003598e-06 6.7096036157939431e-05 -0.00018490760334467877 9.6573240691875324e-05 -7.971298408746306e-05 7.9665941602797825e-05
leaf_weight=388 36 24 22 27 40
leaf_count=388 36 24 22 27 40
internal_value=0 -4.82127e-06 4.23968e-06 -2.24804e-07 4.78964e-06
internal_weight=0 501 477 455 428
internal_count=537 501 477 455 428
is_linear=0
shrinkage=0.1


Tree=908
num_leaves=10
num_cat=0
split_feature=34 35 35 35 14 2 35 31 96
split_gain=1.69637e-05 1.83503e-05 7.70454e-05 6.59456e-05 6.12596e-05 5.90743e-05 5.77697e-05 5.11233e-05 3.78822e-05
threshold=7.0996144550911771 2.524928003624769 1.5890269151739729 3.0201273556387074 4.8559213341406453 4.2045812236012674 3.4811217321331038 4.0773937863842606 4.0247135285553481
decision_type=2 2 2 2 2 2 2 2 2
left_child=1 2 4 -3 5 -1 -5 -8 -4
right_child=-2 3 8 6 -6 -7 7 -9 -10
leaf_value=4.5451723703341228e-06 -8.0433683237060916e-05 0.00013883354596402615 -4.3882287917023696e-05 -0.00014808731827239778 -0.00012656526933741671 0.00018942007559235208 0.00012674602349371916 -1.7894704093661642e-06 -0.0002294580896639011
leaf_weight=56 25 39 22 24 22 25 35 267 22
leaf_count=56 25 39 22 24 22 25 35 267 22
internal_value=0 3.92743e-06 -2.5904e-05 1.59417e-05 2.14135e-05 6.16053e-05 1.23996e-06 1.3107e-05 -0.00013667
internal_weight=0 512 147 365 103 81 326 302 44
internal_count=537 512 147 365 103 81 326 302 44
is_linear=0
shrinkage=0.1


Tree=909
num_leaves=9
num_cat=0
split_feature=35 40 53 41 101 42 42 18
split_gain=1.84203e-05 5.42348e-05 9.74552e-05 3.91449e-05 3.10916e-05 3.03417e-05 0.000100359 5.69078e-05
threshold=6.1861747525776369 6.0185902545239411 3.3523017328376814 5.2310943182715759 4.5950688323293329 5.3032925319746216 5.1179758838799021 5.0906732680195743
decision_type=2 2 2 2 2 2 2 2
left_child=1 3 -3 5 -2 6 -1 -7
right_child=4 2 -4 -5 -6 7 -8 -9
leaf_value=-1.0113901863453641e-05 -5.6575822755429032e-06 3.3087020252107483e-05 -0.00026131005764579065 9.6241864091661276e-05 0.00014691078815138266 -0.00018929429837347318 0.00017934664030044882 -4.2266434084686568e-06
leaf_weight=285 34 23 22 42 22 24 31 54
leaf_count=285 34 23 22 42 22 24 31 54
internal_value=0 -6.3195e-06 -0.00011084 4.46821e-06 5.428e-05 -5.31477e-06 8.47242e-06 -6.11705e-05
internal_weight=0 481 45 436 56 394 316 78
internal_count=537 481 45 436 56 394 316 78
is_linear=0
shrinkage=0.1


Tree=910
num_leaves=9
num_cat=0
split_feature=84 97 65 36 97 57 51 61
split_gain=1.72679e-05 2.32885e-05 9.214e-05 8.80657e-05 7.33673e-05 5.18327e-05 4.65596e-05 2.95361e-05
threshold=0.68497705806044296 3.4811217321331038 1.6085863662850206 1.9356005054539456 4.0428973506407848 2.6521211196992733 1.9356005054539456 3.9006384669848835
decision_type=2 2 2 2 2 2 2 2
left_child=1 2 -1 -4 -3 -6 -5 -7
right_child=-2 4 3 6 5 7 -8 -9
leaf_value=-0.00018074398619994042 -7.3718482708500248e-05 0.00019751370197230823 0.00016877713416241542 3.9832082292691e-05 -0.00013946619071909729 -6.1325187025910343e-05 -7.6795110863970022e-05 3.3931419022842483e-05
leaf_weight=31 30 22 28 61 22 38 78 227
leaf_count=31 30 22 28 61 22 38 78 227
internal_value=0 4.36204e-06 -2.24119e-05 6.97903e-06 2.15182e-05 8.02724e-06 -2.56134e-05 2.0272e-05
internal_weight=0 507 198 167 309 287 139 265
internal_count=537 507 198 167 309 287 139 265
is_linear=0
shrinkage=0.1


Tree=911
num_leaves=9
num_cat=0
split_feature=65 65 89 89 86 30 88 22
split_gain=1.82834e-05 3.07104e-05 2.64755e-05 0.000113264 5.73202e-05 4.61748e-05 8.01552e-05 7.2477e-05
threshold=1.6283470507525168 2.0437968629351944 0.22974486851048764 0.028591544580249383 0.66150965699663089 4.4187680230537838 0.18117684839793091 5.8435402162155627
decision_type=2 2 2 2 2 2 2 2
left_child=-1 -2 3 4 -3 6 -4 -7
right_child=1 2 5 -5 -6 7 -8 -9
leaf_value=6.5041300549637521e-05 -0.00010161250854927799 2.1207281938500875e-05 0.00022919040886874967 -0.00020954296245950639 -0.00012647653580643236 -6.607240893871434e-05 -2.1977094790296783e-05 7.5599632785216443e-05
leaf_weight=40 31 212 27 28 30 77 24 68
leaf_count=40 31 212 27 28 30 77 24 68
internal_value=0 -5.23471e-06 1.17668e-06 -1.91317e-05 2.89937e-06 2.91525e-05 0.000110994 3.66893e-07
internal_weight=0 497 466 270 242 196 51 145
internal_count=537 497 466 270 242 196 51 145
is_linear=0
shrinkage=0.1


Tree=912
num_leaves=11
num_cat=0
split_feature=30 72 86 40 28 4 76 47 5 95
split_gain=1.7099e-05 1.99283e-05 9.35883e-05 0.000191669 0.000119033 0.000108119 7.62298e-05 9.46287e-05 4.68693e-05 3.88863e-05
threshold=7.0021555404279701 0.068305488455467106 0.58066786489464151 3.7132745361986528 1.5890269151739729 1.5890269151739729 0.14459666580902888 5.1760060750523706 2.5619819897016298 3.8499212036984933
decision_type=2 2 2 2 2 2 2 2 2 2
left_child=1 2 4 -4 -1 -6 7 -3 -8 -10
right_child=-2 6 3 -5 5 -7 8 -9 9 -11
leaf_value=-0.00016707633066032895 -7.4684525341204991e-05 -0.00022798644232821199 0.00036718737458365722 -5.5386271285258134e-06 0.00021834067988675088 -3.1552529325410673e-06 0.00012531337461041403 3.2980952801153764e-05 -0.00011906091654404567 2.0887632184071881e-05
leaf_weight=39 29 33 22 37 25 186 32 24 26 84
leaf_count=39 29 33 22 37 25 186 32 24 26 84
internal_value=0 4.26349e-06 2.01581e-05 0.000133444 -6.57735e-06 2.30883e-05 -2.04171e-05 -0.000118105 1.87958e-05 -1.21911e-05
internal_weight=0 508 309 59 250 211 199 57 142 110
internal_count=537 508 309 59 250 211 199 57 142 110
is_linear=0
shrinkage=0.1


Tree=913
num_leaves=8
num_cat=0
split_feature=35 26 75 75 75 46 83
split_gain=1.67959e-05 5.25556e-05 1.91465e-05 4.85907e-05 4.66483e-05 3.66379e-05 2.47107e-05
threshold=6.6950642080078762 6.8053391632106601 5.0205801788306017 4.7535530315805046 5.5508669962443093 3.1345481418531311 2.4021058188802962
decision_type=2 2 2 2 2 2 2
left_child=1 2 3 5 -4 -1 -6
right_child=-2 -3 4 -5 6 -7 -8
leaf_value=-6.0530923667400905e-05 8.5566966597318909e-05 -0.00015140430250144363 -0.00015477598313009367 0.00015614739409515593 9.1681353445561737e-05 1.7889069424352973e-05 -5.2319565349115204e-05
leaf_weight=73 22 23 25 22 22 324 26
leaf_count=73 22 23 25 22 22 324 26
internal_value=0 -3.65529e-06 3.25168e-06 1.14858e-05 -4.40098e-05 3.46927e-06 1.36809e-05
internal_weight=0 515 492 419 73 397 48
internal_count=537 515 492 419 73 397 48
is_linear=0
shrinkage=0.1


Tree=914
num_leaves=8
num_cat=0
split_feature=65 63 104 45 43 37 39
split_gain=1.66229e-05 3.18082e-05 2.29736e-05 5.53152e-05 3.07841e-05 6.79701e-05 4.20882e-05
threshold=1.6283470507525168 2.9430520157250784 0.8958797346140277 4.4885732424042368 6.063774391912955 5.8141260764699529 6.4876828601347034
decision_type=2 2 2 2 2 2 2
left_child=-1 -2 3 -3 5 -4 -6
right_child=1 2 4 -5 6 -7 -8
leaf_value=6.2017598975216973e-05 -9.9853612923514888e-05 0.00016326455433617984 -5.9300299138826578e-06 -4.5386117077820626e-05 0.00013839306136418373 -0.00018743153531514426 -3.1137967124339885e-05
leaf_weight=40 33 27 332 24 32 22 27
leaf_count=40 33 27 332 24 32 22 27
internal_value=0 -4.99136e-06 1.75531e-06 6.5076e-05 -6.06395e-06 -1.72098e-05 6.08111e-05
internal_weight=0 497 464 51 413 354 59
internal_count=537 497 464 51 413 354 59
is_linear=0
shrinkage=0.1


Tree=915
num_leaves=8
num_cat=0
split_feature=26 42 51 72 9 59 98
split_gain=1.86071e-05 5.28179e-05 1.81657e-05 3.55459e-05 3.18842e-05 3.9546e-05 3.20366e-05
threshold=6.9527121927165378 6.8053391632106601 5.950628989035704 0.23484344716379393 4.5325416796595226 4.7957563937576522 4.317399216745252
decision_type=2 2 2 2 2 2 2
left_child=1 2 4 -4 6 -6 -1
right_child=-2 -3 3 -5 5 -7 -8
leaf_value=-2.1712565680954652e-05 7.5205025965377928e-05 -0.00015266311751000339 -0.00010424669595522573 5.4005368904406421e-05 0.00016396649478701874 2.4148133824606053e-05 7.5708608253476897e-05
leaf_weight=251 31 23 40 22 25 106 39
leaf_count=251 31 23 40 22 25 106 39
internal_value=0 -4.60742e-06 2.44285e-06 -4.80927e-05 9.88515e-06 5.0831e-05 -8.6111e-06
internal_weight=0 506 483 62 421 131 290
internal_count=537 506 483 62 421 131 290
is_linear=0
shrinkage=0.1


Tree=916
num_leaves=18
num_cat=0
split_feature=98 98 72 48 80 53 87 15 35 76 48 74 22 23 76 50 29
split_gain=1.69151e-05 0.000159063 3.88154e-05 9.47442e-05 8.74105e-05 7.69299e-05 5.99208e-05 9.58118e-05 8.5619e-05 5.60766e-05 4.1513e-05 3.17067e-05 8.22594e-05 8.97077e-05 4.356e-05 5.03654e-05 3.31178e-05
threshold=3.0201273556387074 3.4334666422309414 0.22580253811627232 3.2951505240983434 0.50591065724896778 2.4497148029771396 1.0000000180025095e-35 3.2180751841847144 3.5408542930527882 0.28478520627482989 4.5746578350692051 0.016989299395014892 5.0172579074712669 4.7790881836238563 0.77417921232843256 5.8888741216379641 3.1132683346437333
decision_type=2 2 2 2 2 2 2 2 2 2 2 2 2 2 2 2 2
left_child=2 -2 3 6 9 10 8 -8 -1 -4 -5 12 -3 -14 15 -13 -16
right_child=1 11 4 5 -6 -7 7 -9 -10 -11 -12 14 13 -15 16 -17 -18
leaf_value=-0.00023672392489970662 -0.00025769815471721815 0.00021572708653614178 -0.00021553495081696805 0.00031234305947278203 0.00012668881608988159 3.1748465127228497e-06 0.00021904466332423251 -4.8781304747749618e-05 2.1635157413427432e-05 -1.1585740659419182e-05 0.0001180776594661769 -0.00021557063247944989 -0.00016321278117538895 4.9455055896885373e-05 -6.2707628016001908e-05 -1.4919928134045694e-05 8.5403850976541033e-05
leaf_weight=23 25 22 26 22 22 28 22 34 29 28 22 22 25 96 26 29 36
leaf_count=23 25 22 26 22 22 28 22 34 29 28 22 22 25 96 26 29 36
internal_value=0 -1.69402e-05 1.85945e-05 4.38963e-05 -4.1331e-05 0.000132752 -1.53409e-05 5.6436e-05 -9.26391e-05 -0.000109784 0.00021521 6.57137e-06 3.78557e-05 5.51542e-06 -3.30185e-05 -0.000101475 2.32926e-05
internal_weight=0 281 256 180 76 72 108 56 52 54 44 256 143 121 113 51 62
internal_count=537 281 256 180 76 72 108 56 52 54 44 256 143 121 113 51 62
is_linear=0
shrinkage=0.1


Tree=917
num_leaves=7
num_cat=0
split_feature=66 31 9 9 64 101
split_gain=1.72833e-05 5.71807e-05 3.55617e-05 2.6947e-05 4.02275e-05 2.39928e-05
threshold=5.2496211935437129 5.7651468795656617 6.2343799673713169 5.4380415003103764 5.6872545723086567 4.5325416796595226
decision_type=2 2 2 2 2 2
left_child=2 -2 3 4 5 -1
right_child=1 -3 -4 -5 -6 -7
leaf_value=1.0336143428727114e-05 -0.00017947039794473146 1.8744234457276329e-05 0.0001120162458876924 -8.8874891252999086e-05 0.0001243787863468579 -5.3057300194907571e-05
leaf_weight=309 22 43 30 32 27 74
leaf_count=309 22 43 30 32 27 74
internal_value=0 -4.83438e-05 6.65751e-06 -4.93532e-07 6.40453e-06 -1.9122e-06
internal_weight=0 65 472 442 410 383
internal_count=537 65 472 442 410 383
is_linear=0
shrinkage=0.1


Tree=918
num_leaves=9
num_cat=0
split_feature=30 97 65 67 68 43 60 12
split_gain=1.56544e-05 1.95065e-05 7.9046e-05 7.99796e-05 6.26475e-05 5.07329e-05 4.60639e-05 3.72064e-05
threshold=7.0021555404279701 3.4498615536424366 1.6085863662850206 3.2180751841847144 4.1772346342812865 3.891612008168019 4.1331143509498105 4.317399216745252
decision_type=2 2 2 2 2 2 2 2
left_child=1 2 -1 -4 -3 -5 -6 -8
right_child=-2 4 3 5 6 -7 7 -9
leaf_value=-0.00016718826452908557 -7.146005368197401e-05 0.00015955007893980706 0.00017160045317723418 -9.4076871448186438e-05 -0.00013041789890216339 2.8439902450406443e-05 0.00011314750926171005 2.3472974956034588e-06
leaf_weight=31 29 29 25 58 23 81 35 226
leaf_count=31 29 29 25 58 23 81 35 226
internal_value=0 4.07941e-06 -2.07469e-05 6.93405e-06 1.95463e-05 -2.26822e-05 5.25014e-06 1.72056e-05
internal_weight=0 508 195 164 313 139 284 261
internal_count=537 508 195 164 313 139 284 261
is_linear=0
shrinkage=0.1


Tree=919
num_leaves=6
num_cat=0
split_feature=65 65 67 64 104
split_gain=1.72589e-05 3.23105e-05 2.22218e-05 3.72167e-05 2.65798e-05
threshold=1.6283470507525168 2.0437968629351944 4.2045812236012674 3.443244540594486 1.0000000180025095e-35
decision_type=2 2 2 2 2
left_child=-1 -2 -3 -4 -5
right_child=1 2 3 4 -6
leaf_value=6.3192882003022525e-05 -0.00010394262236302658 8.0591712288547902e-05 -0.00010832021994247044 8.6998706252156173e-05 -4.2178372215182053e-06
leaf_weight=40 31 33 32 35 366
leaf_count=40 31 33 32 35 366
internal_value=0 -5.08595e-06 1.49036e-06 -4.53815e-06 3.74371e-06
internal_weight=0 497 466 433 401
internal_count=537 497 466 433 401
is_linear=0
shrinkage=0.1


Tree=920
num_leaves=9
num_cat=0
split_feature=37 37 10 10 31 89 37 89
split_gain=1.65591e-05 6.48005e-05 1.75932e-05 6.12372e-05 4.56886e-05 4.23311e-05 0.000164639 7.34272e-05
threshold=6.4068582012380899 6.0209762173327137 3.2180751841847144 2.191013317336941 2.6735537653587347 0.5828977007850159 2.3502401828962087 0.50901927971861816
decision_type=2 2 2 2 2 2 2 2
left_child=1 2 3 4 -1 7 -7 -4
right_child=-2 -3 5 -5 -6 6 -8 -9
leaf_value=9.1217544912878008e-05 6.5508731899576058e-05 -0.00016504062374830635 9.2787869474140274e-06 -0.00015913154267244473 -8.690651047800203e-05 0.00030331177043515947 -1.1365775273285787e-05 -0.00017651532739957634
leaf_weight=36 36 24 283 28 24 23 60 23
leaf_count=36 36 24 283 28 24 23 60 23
internal_value=0 -4.70721e-06 3.35988e-06 -3.70183e-05 1.99679e-05 1.24943e-05 7.5834e-05 -4.68613e-06
internal_weight=0 501 477 88 60 389 83 306
internal_count=537 501 477 88 60 389 83 306
is_linear=0
shrinkage=0.1


Tree=921
num_leaves=9
num_cat=0
split_feature=36 32 20 18 17 21 3 29
split_gain=1.55699e-05 5.87535e-05 2.16558e-05 4.71257e-05 3.11482e-05 4.90222e-05 4.76936e-05 2.89516e-05
threshold=6.4232258802757327 6.1333956902824402 5.5052984857290932 6.4296986659514745 4.007167868649713 3.891612008168019 4.9904094477362264 5.1416464569318583
decision_type=2 2 2 2 2 2 2 2
left_child=1 2 4 7 6 -6 -1 -4
right_child=-2 -3 3 -5 5 -7 -8 -9
leaf_value=-3.2440016427330211e-06 6.170415396187117e-05 -0.00014543264667281621 0.00017776120821671223 -4.6865398983373459e-05 -0.00018331419255859641 -1.8285179325947397e-05 0.00012350656787234852 2.6342961625588311e-05
leaf_weight=234 38 28 28 31 22 99 34 23
leaf_count=234 38 28 28 31 22 99 34 23
internal_value=0 -4.69891e-06 3.66742e-06 5.03704e-05 -6.17742e-06 -4.82905e-05 1.28363e-05 0.000109475
internal_weight=0 499 471 82 389 121 268 51
internal_count=537 499 471 82 389 121 268 51
is_linear=0
shrinkage=0.1


Tree=922
num_leaves=8
num_cat=0
split_feature=34 26 26 20 17 15 22
split_gain=1.63354e-05 2.30249e-05 1.61822e-05 3.0422e-05 2.62288e-05 2.24282e-05 2.01923e-05
threshold=7.0996144550911771 6.5352317916717775 6.2005071168401162 5.5052984857290932 4.007167868649713 5.7651468795656617 6.3007841113004242
decision_type=2 2 2 2 2 2 2
left_child=1 2 3 4 -1 -5 -4
right_child=-2 -3 6 5 -6 -7 -8
leaf_value=1.1459056388000651e-05 -7.8929995535872885e-05 8.8855504880219394e-05 -0.00012705146425353385 0.00013229960521736453 -4.6196908345206922e-05 5.404743121919008e-06 4.3076536094304173e-06
leaf_weight=267 25 30 22 30 112 26 25
leaf_count=267 25 30 22 30 112 26 25
internal_value=0 3.854e-06 -1.43655e-06 4.58627e-06 -5.57912e-06 7.33841e-05 -5.71796e-05
internal_weight=0 512 482 435 379 56 47
internal_count=537 512 482 435 379 56 47
is_linear=0
shrinkage=0.1


Tree=923
num_leaves=8
num_cat=0
split_feature=37 65 61 86 86 27 12
split_gain=1.70339e-05 6.41571e-05 6.25375e-05 5.01597e-05 5.20408e-05 5.31167e-05 3.912e-05
threshold=1.5890269151739731 3.3671652800845067 0.85184371294609129 0.6813317870098613 0.65913922143987869 2.191013317336941 3.8499212036984933
decision_type=2 2 2 2 2 2 2
left_child=1 -1 -2 4 5 -4 -3
right_child=2 6 3 -5 -6 -7 -8
leaf_value=-0.0001543011471767386 0.00017319818051129748 9.0232785957293049e-05 0.00011064287525350199 0.00013177970276619479 -0.00014873061777325347 -1.3074183539824197e-05 -5.2624246461896183e-05
leaf_weight=32 22 36 39 27 25 315 41
leaf_count=32 22 36 39 27 25 315 41
internal_value=0 -3.52922e-05 8.98797e-06 8.98789e-08 -9.29172e-06 5.55662e-07 1.41661e-05
internal_weight=0 109 428 406 379 354 77
internal_count=537 109 428 406 379 354 77
is_linear=0
shrinkage=0.1


Tree=924
num_leaves=11
num_cat=0
split_feature=31 12 35 44 80 2 96 49 86 25
split_gain=1.7949e-05 6.98802e-05 3.3086e-05 3.70188e-05 3.33994e-05 2.81443e-05 0.000108379 0.000106089 4.797e-05 2.78421e-05
threshold=5.379886735236628 6.0614542021347031 5.5606520443413574 6.4232258802757327 0.97575882019212934 2.3937458713910238 3.1345481418531311 2.191013317336941 0.67726707507441974 5.0271592211193568
decision_type=2 2 2 2 2 2 2 2 2 2
left_child=1 5 -2 4 9 7 -7 -1 -8 -4
right_child=2 -3 3 -5 -6 6 8 -9 -10 -11
leaf_value=-0.00019586792375775989 0.0001261531850364658 -0.00018123717005516445 -8.5715381441253192e-05 9.6658838821375487e-05 -0.00012571948736876949 0.00020647170083695808 5.4292657577500028e-06 7.2357969274262671e-05 -0.00014896359723272988 4.339528793219065e-05
leaf_weight=30 28 23 23 35 24 26 236 29 22 61
leaf_count=30 28 23 23 35 24 26 236 29 22 61
internal_value=0 -1.24966e-05 2.6747e-05 7.28287e-06 -2.16816e-05 -1.18159e-06 1.18745e-05 -6.40281e-05 -7.73602e-06 8.04356e-06
internal_weight=0 366 171 143 108 343 284 59 258 84
internal_count=537 366 171 143 108 343 284 59 258 84
is_linear=0
shrinkage=0.1


Tree=925
num_leaves=11
num_cat=0
split_feature=87 87 37 27 65 33 25 37 35 26
split_gain=1.62772e-05 5.14018e-05 4.324e-05 4.55288e-05 3.91831e-05 3.4149e-05 7.32327e-05 5.81659e-05 4.25276e-05 3.41611e-05
threshold=0.5556069708080712 0.62972296850805487 3.9316333620047872 2.524928003624769 1.6283470507525168 3.1132683346437333 2.8029010331479989 1.5890269151739731 4.0773937863842606 4.6346818562128229
decision_type=2 2 2 2 2 2 2 2 2 2
left_child=4 -2 3 -3 -1 6 7 -6 -7 -10
right_child=1 2 -4 -5 5 8 -8 -9 9 -11
leaf_value=0.00012387498506671234 -0.00012342109431501296 4.4403343326848703e-05 9.0486325979537269e-05 -0.00015248612581059286 -6.0303119603227301e-05 0.00012927813143257728 -0.00016347584557869208 9.2620311735054414e-05 -0.00010510904294657547 2.1582996210549648e-05
leaf_weight=28 41 24 39 23 59 33 35 43 24 188
leaf_count=28 41 24 39 23 59 33 35 43 24 188
internal_value=0 -3.12819e-05 1.2645e-05 -5.19468e-05 9.68975e-06 1.32016e-06 -3.86632e-05 4.1646e-06 2.36782e-05 7.2405e-06
internal_weight=0 127 86 47 410 382 137 102 245 212
internal_count=537 127 86 47 410 382 137 102 245 212
is_linear=0
shrinkage=0.1


Tree=926
num_leaves=8
num_cat=0
split_feature=6 66 103 99 21 15 11
split_gain=1.61927e-05 9.49799e-05 6.02039e-05 4.58732e-05 2.72618e-05 2.48627e-05 3.61156e-05
threshold=6.212604087723423 4.8751681865209777 5.6057750326932236 3.5549397315361362 5.6559673591485771 5.6663728065440679 5.4510292435120062
decision_type=2 2 2 2 2 2 2
left_child=1 4 -2 -4 5 6 -1
right_child=2 -3 3 -5 -6 -7 -8
leaf_value=-5.3714853117545004e-06 0.00015778889511270321 -0.00019771502009825783 -9.5486262788264348e-05 6.1277674376469804e-05 0.00010884111707918751 -0.00010646014237532985 0.00012156750516017686
leaf_weight=339 29 25 35 40 23 22 24
leaf_count=339 29 25 35 40 23 22 24
internal_value=0 -8.51031e-06 3.54324e-05 -1.18788e-05 3.08311e-06 -3.2349e-06 3.02118e-06
internal_weight=0 433 104 75 408 385 363
internal_count=537 433 104 75 408 385 363
is_linear=0
shrinkage=0.1


Tree=927
num_leaves=10
num_cat=0
split_feature=44 36 40 48 49 95 83 57 68
split_gain=1.70917e-05 2.06765e-05 4.97988e-05 4.64463e-05 0.000204007 9.7474e-05 8.68848e-05 3.82312e-05 3.08927e-05
threshold=6.5984756171974519 3.6235402922928786 3.8064155152036787 2.3937458713910238 3.0433873634561537 2.3502401828962087 0.94785570212760606 5.2390015861071149 4.6102843803351883
decision_type=2 2 2 2 2 2 2 2 2
left_child=1 3 -3 5 -5 -1 -6 8 -4
right_child=-2 2 7 4 6 -7 -8 -9 -10
leaf_value=0.00017996256093254253 -7.4668728509628827e-05 0.00014139649513620703 -6.510773620558777e-05 -0.00025062234564852829 0.00014565262650371045 -5.7601196656320005e-05 -4.5061690063038715e-05 -0.00011880538700510938 3.424605203798116e-05
leaf_weight=31 29 31 37 38 36 39 71 22 203
leaf_count=31 29 31 37 38 36 39 71 22 203
internal_value=0 4.26259e-06 2.15445e-05 -1.9289e-05 -5.1583e-05 4.76056e-05 1.91039e-05 7.36353e-06 1.8929e-05
internal_weight=0 508 293 215 145 70 107 262 240
internal_count=537 508 293 215 145 70 107 262 240
is_linear=0
shrinkage=0.1


Tree=928
num_leaves=7
num_cat=0
split_feature=0 96 12 10 62 46
split_gain=1.48583e-05 2.86582e-05 3.88709e-05 8.68012e-05 7.11984e-05 2.89163e-05
threshold=6.8249156729561413 6.8053391632106601 6.0844968186443777 6.2633964485293765 5.8720185929668078 3.7132745361986528
decision_type=2 2 2 2 2 2
left_child=1 2 3 5 -4 -1
right_child=-2 -3 4 -5 -6 -7
leaf_value=-4.0699934347035849e-05 7.8634742986532331e-05 -0.0001151828803151809 0.00021837048486552453 -0.00019654884931894585 -3.6042239894000394e-05 1.8508688213034314e-05
leaf_weight=112 23 22 22 23 22 313
leaf_count=112 23 22 22 23 22 313
internal_value=0 -3.51867e-06 1.47444e-06 -7.33437e-06 9.11641e-05 2.90547e-06
internal_weight=0 514 492 448 44 425
internal_count=537 514 492 448 44 425
is_linear=0
shrinkage=0.1


Tree=929
num_leaves=14
num_cat=0
split_feature=102 102 23 52 71 95 5 0 57 37 99 41 49
split_gain=1.44105e-05 8.8122e-05 0.000135651 3.42822e-05 5.84579e-05 2.73156e-05 0.00010423 7.18758e-05 6.3757e-05 3.9298e-05 2.48497e-05 3.71402e-05 3.43311e-05
threshold=3.6105525490912482 3.2180751841847144 5.3981524641123215 5.928250492431272 1.2424533248940004 2.191013317336941 1.5890269151739731 1.5890269151739729 1.7593076157021601 1.5890269151739731 3.5549397315361362 3.7609296261008152 5.5293975924403922
decision_type=2 2 2 2 2 2 2 2 2 2 2 2 2
left_child=1 5 -3 4 -2 7 -7 -1 -9 -8 12 -12 -5
right_child=3 2 -4 10 -6 6 9 8 -10 -11 11 -13 -14
leaf_value=-0.00013366669180720427 0.00017731754971919147 -0.00031250030534346997 2.0894506955161119e-05 1.79073872762577e-05 -1.6986563762960333e-05 0.00022197312518255788 -9.6404154970741732e-05 0.00014860012042845484 -3.5146874080086927e-05 2.5735392456232795e-05 -5.3175788938956839e-05 0.00012856518290430794 -0.00015503683327386337
leaf_weight=43 32 23 26 24 30 25 32 28 58 149 22 23 22
leaf_count=43 32 23 26 24 30 25 32 28 58 149 22 23 22
internal_value=0 -1.03403e-05 -0.000135597 2.5952e-05 8.32994e-05 7.98085e-06 3.05775e-05 -2.81037e-05 2.46777e-05 4.14166e-06 -1.31198e-05 3.9714e-05 -6.48051e-05
internal_weight=0 384 49 153 62 335 206 129 86 181 91 45 46
internal_count=537 384 49 153 62 335 206 129 86 181 91 45 46
is_linear=0
shrinkage=0.1


Tree=930
num_leaves=9
num_cat=0
split_feature=46 57 45 40 57 104 58 104
split_gain=1.6164e-05 2.0578e-05 0.000129697 0.000215057 4.75476e-05 1.89669e-05 4.5976e-05 3.60123e-05
threshold=7.0021555404279701 1.592112006014599 2.5619819897016298 2.9700856263602158 1.9087366464215105 2.249904835165133 2.191013317336941 1.0000000180025095e-35
decision_type=2 2 2 2 2 2 2 2
left_child=1 2 -1 -4 -3 7 -7 -6
right_child=-2 4 3 -5 5 6 -8 -9
leaf_value=-0.00020464561718155539 -7.2613976100973531e-05 0.00015008403446851543 0.00028626745569572848 -0.00010736643963485092 6.5746585573100267e-05 0.0001490821853694797 6.7734243414446181e-06 -5.887780317488764e-05
leaf_weight=31 29 24 23 35 31 25 247 92
leaf_count=31 29 24 23 35 31 25 247 92
internal_value=0 4.14529e-06 -3.95246e-05 4.87298e-05 1.34212e-05 5.11766e-06 1.98533e-05 -2.74684e-05
internal_weight=0 508 89 58 419 395 272 123
internal_count=537 508 89 58 419 395 272 123
is_linear=0
shrinkage=0.1


Tree=931
num_leaves=8
num_cat=0
split_feature=65 27 0 31 96 37 1
split_gain=1.49673e-05 5.19111e-05 7.43535e-05 6.83739e-05 4.16538e-05 3.6665e-05 2.61975e-05
threshold=1.6085863662850206 1.5890269151739729 2.602003343538398 1.5890269151739729 1.9356005054539456 2.191013317336941 2.5619819897016298
decision_type=2 2 2 2 2 2 2
left_child=-1 2 -2 -3 -5 -6 -4
right_child=1 3 6 4 5 -7 -8
leaf_value=-6.1371774456740646e-05 0.00021648831251905697 -0.00017770379515992399 -6.6899205618634977e-05 -0.00011780810158857744 9.9088897804904271e-05 -2.4068932993983657e-06 6.7981254142068798e-05
leaf_weight=37 26 23 24 28 40 323 36
leaf_count=37 26 23 24 28 40 323 36
internal_value=0 4.54151e-06 7.52377e-05 -1.01442e-05 -2.87717e-07 8.77722e-06 1.40291e-05
internal_weight=0 500 86 414 391 363 60
internal_count=537 500 86 414 391 363 60
is_linear=0
shrinkage=0.1


Tree=932
num_leaves=8
num_cat=0
split_feature=38 40 34 37 69 37 4
split_gain=1.36816e-05 6.43473e-05 2.20851e-05 5.62013e-05 5.10822e-05 4.64018e-05 4.06635e-05
threshold=6.8053391632106601 6.1333956902824402 5.6524337755370313 4.7094896185437563 1.5138613836196224 5.3518469026947413 1.5890269151739729
decision_type=2 2 2 2 2 2 2
left_child=1 2 4 -4 -1 -5 -6
right_child=-2 -3 3 5 6 -7 -8
leaf_value=-0.00014218420334285699 5.8676705083525052e-05 -0.00014387794635108402 0.00018303609129203405 -7.5820578249955652e-05 8.9548703498563715e-05 7.077872855097666e-05 -1.0843529043636649e-05
leaf_weight=26 37 31 23 38 47 50 285
leaf_count=26 37 31 23 38 47 50 285
internal_value=0 -4.34208e-06 4.88098e-06 4.38521e-05 -7.20225e-06 7.47448e-06 3.36862e-06
internal_weight=0 500 469 111 358 88 332
internal_count=537 500 469 111 358 88 332
is_linear=0
shrinkage=0.1


Tree=933
num_leaves=12
num_cat=0
split_feature=34 97 50 48 43 38 35 11 83 14 10
split_gain=1.52955e-05 1.75827e-05 6.61613e-05 0.000165757 9.18707e-05 0.000182462 5.81953e-05 4.73359e-05 8.08546e-05 4.04801e-05 3.51088e-05
threshold=7.0996144550911771 3.4498615536424366 4.7957563937576522 4.6727851606181448 3.891612008168019 4.6346818562128229 4.3036997296511936 4.1742689126930488 1.0877422901886167 4.1107394736335969 5.0688844241303981
decision_type=2 2 2 2 2 2 2 2 2 2 2
left_child=1 2 4 -4 5 -1 -6 8 -3 -9 -11
right_child=-2 7 3 -5 6 -7 -8 9 -10 10 -12
leaf_value=-2.5156072268146092e-05 -7.637636992149055e-05 0.00025095749111973088 0.00026667999991332182 -0.00011333252370026128 0.00012458267159341961 -0.00036548476637108255 -5.1964040049338221e-05 -0.00012097357757738792 7.622886146742126e-06 0.000120150794140904 -1.0900354053761029e-06
leaf_weight=50 25 22 24 22 33 23 43 25 36 27 207
leaf_count=50 25 22 24 22 33 23 43 25 36 27 207
internal_value=0 3.72931e-06 -1.98983e-05 8.49349e-05 -5.22629e-05 -0.000132383 2.46944e-05 1.82637e-05 9.99222e-05 -2.28005e-08 1.28993e-05
internal_weight=0 512 195 46 149 73 76 317 58 259 234
internal_count=537 512 195 46 149 73 76 317 58 259 234
is_linear=0
shrinkage=0.1


Tree=934
num_leaves=10
num_cat=0
split_feature=40 40 98 26 41 92 37 52 83
split_gain=1.5263e-05 6.21926e-05 3.70822e-05 1.58332e-05 6.344e-05 9.75191e-05 6.99903e-05 5.6253e-05 5.30578e-05
threshold=6.3491328785740828 6.0844968186443777 3.6505739029280164 4.465842055365858 1.8688348091416844 5.2199317584853508 2.8029010331479989 1.7005986908310777 0.94785570212760606
decision_type=2 2 2 2 2 2 2 2 2
left_child=1 3 -2 7 5 -5 -6 -1 -9
right_child=2 -3 -4 4 6 -7 -8 8 -10
leaf_value=-0.00014060534585951247 0.00014823553170902995 -0.00016204639459829198 -3.5370277989634569e-05 -6.2406415593243405e-06 -0.00014397451670975574 0.00027738768919582734 1.6894878037745448e-05 6.2728127050394944e-05 -5.8487534715823131e-05
leaf_weight=32 22 24 22 27 31 22 212 77 68
leaf_count=32 22 24 22 27 31 22 212 77 68
internal_value=0 -5.03658e-06 5.64326e-05 2.99803e-06 1.73032e-05 0.000121103 -3.62756e-06 -2.06015e-05 5.88216e-06
internal_weight=0 493 44 469 292 49 243 177 145
internal_count=537 493 44 469 292 49 243 177 145
is_linear=0
shrinkage=0.1


Tree=935
num_leaves=6
num_cat=0
split_feature=41 41 1 95 46
split_gain=1.51276e-05 1.77077e-05 1.73162e-05 2.42988e-05 1.98762e-05
threshold=6.4068582012380899 5.9053284366375065 6.6783349946321184 6.3117199868476508 3.7609296261008152
decision_type=2 2 2 2 2
left_child=1 2 3 4 -1
right_child=-2 -3 -4 -5 -6
leaf_value=-3.5712336463549316e-05 -6.2613119068070472e-05 7.5298325828043755e-05 -8.7101518742697823e-05 0.00010387835082719508 1.2136756930073091e-05
leaf_weight=122 36 33 22 23 301
leaf_count=122 36 33 22 23 301
internal_value=0 4.49915e-06 -4.93104e-07 3.77906e-06 -1.66369e-06
internal_weight=0 501 468 446 423
internal_count=537 501 468 446 423
is_linear=0
shrinkage=0.1


Tree=936
num_leaves=7
num_cat=0
split_feature=65 65 10 102 71 103
split_gain=1.5671e-05 4.03074e-05 2.25437e-05 2.86725e-05 4.84694e-05 4.71975e-05
threshold=1.6283470507525168 2.0437968629351944 1.5890269151739729 0.8958797346140277 0.89587973461402759 3.5408542930527882
decision_type=2 2 2 2 2 2
left_child=-1 -2 -3 4 -4 -5
right_child=1 2 3 5 -6 -7
leaf_value=6.021571665769443e-05 -0.00011526084786202128 7.9682366818555498e-05 -0.00013595552283312339 9.2647446893930792e-05 3.6493209622027023e-05 -7.8950785585641641e-06
leaf_weight=40 31 35 39 55 28 309
leaf_count=40 31 35 39 55 28 309
internal_value=0 -4.84634e-06 2.49884e-06 -3.76897e-06 -6.38874e-05 7.29679e-06
internal_weight=0 497 466 431 67 364
internal_count=537 497 466 431 67 364
is_linear=0
shrinkage=0.1


Tree=937
num_leaves=6
num_cat=0
split_feature=46 32 29 0 73
split_gain=1.44095e-05 1.95817e-05 1.98171e-05 1.92594e-05 2.24871e-05
threshold=7.0021555404279701 6.3951487094329673 5.7837825769642768 6.6707012585667238 5.0369315191558419
decision_type=2 2 2 2 2
left_child=1 2 3 4 -1
right_child=-2 -3 -4 -5 -6
leaf_value=7.1443987763821274e-06 -6.8559819443055016e-05 8.5203362842938601e-05 -7.218560327196934e-05 9.6174452482955541e-05 -7.6557088219228071e-05
leaf_weight=387 29 28 36 22 35
leaf_count=387 29 28 36 22 35
internal_value=0 3.91385e-06 -8.28041e-07 4.95771e-06 2.02332e-07
internal_weight=0 508 480 444 422
internal_count=537 508 480 444 422
is_linear=0
shrinkage=0.1


Tree=938
num_leaves=7
num_cat=0
split_feature=38 46 35 29 29 16
split_gain=1.3931e-05 6.25623e-05 2.8363e-05 1.57169e-05 3.61707e-05 2.82314e-05
threshold=6.8053391632106601 6.5220754968327581 6.1246809968142868 4.5107991236896536 4.1266138227908868 4.317399216745252
decision_type=2 2 2 2 2 2
left_child=1 2 3 4 -1 -5
right_child=-2 -3 -4 5 -6 -7
leaf_value=-1.6714530004289091e-06 5.9208967148741654e-05 -0.00015541510211523229 0.00010756990761728958 -0.00012417213877667494 0.00010613251839718682 -7.9969233921244882e-06
leaf_weight=281 37 26 25 26 35 107
leaf_count=281 37 26 25 26 35 107
internal_value=0 -4.38146e-06 3.90308e-06 -1.86901e-06 1.02689e-05 -3.07079e-05
internal_weight=0 500 474 449 316 133
internal_count=537 500 474 449 316 133
is_linear=0
shrinkage=0.1


Tree=939
num_leaves=7
num_cat=0
split_feature=66 31 9 20 16 9
split_gain=1.38284e-05 4.67757e-05 2.5163e-05 2.50232e-05 3.22903e-05 2.64389e-05
threshold=5.2496211935437129 5.7651468795656617 6.2343799673713169 5.948031580597152 5.6454406545496605 5.2310943182715759
decision_type=2 2 2 2 2 2
left_child=2 -2 3 4 5 -1
right_child=1 -3 -4 -5 -6 -7
leaf_value=5.8017593680423195e-06 -0.00016184038877327113 1.7435197396268854e-05 9.4580956344240499e-05 -9.9358878166337194e-05 0.00012082245850014379 -9.8531013379845093e-05
leaf_weight=369 22 43 30 24 23 26
leaf_count=369 22 43 30 24 23 26
internal_value=0 -4.32427e-05 5.95503e-06 -6.03024e-08 5.64105e-06 -1.06571e-06
internal_weight=0 65 472 442 418 395
internal_count=537 65 472 442 418 395
is_linear=0
shrinkage=0.1


Tree=940
num_leaves=8
num_cat=0
split_feature=43 47 45 30 92 37 28
split_gain=1.32206e-05 6.04809e-05 2.32973e-05 2.74886e-05 2.23892e-05 9.3049e-05 2.36196e-05
threshold=6.4876828601347034 6.1246809968142868 5.4847883247493394 6.2633964485293765 5.2689269003927555 1.8688348091416844 2.6735537653587347
decision_type=2 2 2 2 2 2 2
left_child=1 2 4 -4 5 -1 -6
right_child=-2 -3 3 -5 6 -7 -8
leaf_value=-3.2177040956930698e-05 6.2331769549928145e-05 -0.00013927275464201586 -4.8339739309581508e-06 0.00015324723742031151 -6.9626262858577502e-05 0.00013098284396164672 -2.2670542446850857e-06
leaf_weight=93 32 31 22 22 69 56 212
leaf_count=93 32 31 22 22 69 56 212
internal_value=0 -3.94974e-06 4.9005e-06 7.42066e-05 -2.19129e-06 2.91448e-05 -1.88072e-05
internal_weight=0 505 474 44 430 149 281
internal_count=537 505 474 44 430 149 281
is_linear=0
shrinkage=0.1


Tree=941
num_leaves=11
num_cat=0
split_feature=18 6 98 21 98 42 38 8 42 47
split_gain=1.52616e-05 7.06362e-05 5.17556e-05 3.80603e-05 2.01614e-05 1.87211e-05 9.01329e-05 5.66151e-05 4.36413e-05 2.9128e-05
threshold=6.212604087723423 6.1158701961393769 4.9199542854466296 5.3889778947782228 5.5834680418285876 3.1345481418531311 2.7058230259275202 1.9356005054539456 3.6105525490912482 3.0201273556387074
decision_type=2 2 2 2 2 2 2 2 2 2
left_child=3 -2 -3 5 -4 6 7 -1 -7 -10
right_child=1 2 4 -5 -6 8 -8 -9 9 -11
leaf_value=-0.00014253748925693798 -0.00018481974578511047 0.00010633037907775196 -0.00012702997392724765 0.00012544090993917335 8.3530639213594533e-06 -0.0001375158362207003 0.00018988110112851638 5.2263530356081119e-05 4.9482526879086541e-05 -1.9899538584424936e-05
leaf_weight=25 24 33 22 26 22 25 28 37 85 210
leaf_count=25 24 33 22 26 22 25 28 37 85 210
internal_value=0 -3.50264e-05 1.16625e-05 8.11391e-06 -5.93385e-05 6.73659e-07 4.09665e-05 -2.62853e-05 -1.06587e-05 9.1904e-08
internal_weight=0 101 77 436 44 410 90 62 320 295
internal_count=537 101 77 436 44 410 90 62 320 295
is_linear=0
shrinkage=0.1


Tree=942
num_leaves=6
num_cat=0
split_feature=34 84 65 65 26
split_gain=1.49398e-05 1.28698e-05 1.47877e-05 2.94326e-05 2.33505e-05
threshold=7.0996144550911771 0.67644775793055045 1.6283470507525168 2.0437968629351944 1.9356005054539456
decision_type=2 2 2 2 2
left_child=1 2 -1 -4 -5
right_child=-2 -3 3 4 -6
leaf_value=5.7660076236061287e-05 -7.5483103020815181e-05 6.3132063009748791e-05 -0.00010320887550137584 7.075429992170918e-05 -7.1453366699692784e-06
leaf_weight=40 25 34 29 43 366
leaf_count=40 25 34 29 43 366
internal_value=0 3.6857e-06 -5.42704e-07 -5.85803e-06 1.0446e-06
internal_weight=0 512 478 438 409
internal_count=537 512 478 438 409
is_linear=0
shrinkage=0.1


Tree=943
num_leaves=6
num_cat=0
split_feature=84 32 29 24 22
split_gain=1.40392e-05 1.66696e-05 2.71462e-05 2.73785e-05 1.32884e-05
threshold=0.68497705806044296 6.3951487094329673 5.8141260764699529 5.948031580597152 5.9295749965170605
decision_type=2 2 2 2 2
left_child=1 2 3 4 -1
right_child=-2 -3 -4 -5 -6
leaf_value=4.083417424650785e-06 -6.6470308587061779e-05 7.4985989293406514e-05 -8.8191870966539053e-05 9.2046984215866202e-05 -6.1205992909997475e-05
leaf_weight=375 30 31 33 34 34
leaf_count=375 30 31 33 34 34
internal_value=0 3.93315e-06 -6.94236e-07 5.82365e-06 -1.34406e-06
internal_weight=0 507 476 443 409
internal_count=537 507 476 443 409
is_linear=0
shrinkage=0.1


Tree=944
num_leaves=11
num_cat=0
split_feature=79 2 58 92 89 97 26 52 23 99
split_gain=1.38583e-05 7.73394e-05 3.27332e-05 4.03955e-05 2.49702e-05 2.92223e-05 7.11555e-05 0.000113217 5.40953e-05 4.58837e-05
threshold=4.4307459321434584 5.9295749965170605 5.8081379809465954 5.3262937226227001 0.67383840827011465 2.3937458713910238 5.0688844241303981 1.7005986908310777 2.3937458713910238 0.89587973461402759
decision_type=2 2 2 2 2 2 2 2 2 2
left_child=4 -2 -3 -4 5 6 7 -1 -7 -10
right_child=1 2 3 -5 -6 8 -8 -9 9 -11
leaf_value=-0.00025149346641531646 -0.0001480671708027091 0.00010978073551086709 7.3465886845951915e-05 -9.7381985758528903e-05 -6.8496253209703262e-05 0.00014535476877522582 0.0001318856270897769 1.139168714015635e-06 -5.3685024701707976e-05 4.5686011189842533e-05
leaf_weight=24 38 29 25 31 38 38 23 68 66 157
leaf_count=24 38 29 25 31 38 38 23 68 66 157
internal_value=0 -2.94724e-05 2.35464e-05 -2.11106e-05 8.75629e-06 1.65637e-05 -2.54349e-05 -6.4765e-05 3.50689e-05 1.62757e-05
internal_weight=0 123 85 56 414 376 115 92 261 223
internal_count=537 123 85 56 414 376 115 92 261 223
is_linear=0
shrinkage=0.1


Tree=945
num_leaves=8
num_cat=0
split_feature=53 33 33 53 57 46 61
split_gain=1.73372e-05 0.000110445 7.23315e-05 6.02003e-05 4.02323e-05 3.04857e-05 2.56366e-05
threshold=0.70808679187955681 2.5619819897016298 4.5538214868689204 1.0098148431804506 1.7972813549905873 7.0021555404279701 3.2319797818331266
decision_type=2 2 2 2 2 2 2
left_child=1 -1 -3 -2 -5 6 -6
right_child=3 2 -4 4 5 -7 -8
leaf_value=0.00019617180834757163 -0.00015870619570739565 -0.00013352692159755594 9.6086749323623496e-05 0.00011261327311027951 -7.8602557991153422e-05 -0.00012189996572079633 8.0678166237243571e-06
leaf_weight=30 25 34 23 30 38 22 335
leaf_count=30 25 34 23 30 38 22 335
internal_value=0 4.08648e-05 -4.08758e-05 -7.90052e-06 9.70401e-07 -7.5088e-06 -7.61873e-07
internal_weight=0 87 57 450 425 395 373
internal_count=537 87 57 450 425 395 373
is_linear=0
shrinkage=0.1


Tree=946
num_leaves=12
num_cat=0
split_feature=1 1 98 17 52 67 4 89 21 19 26
split_gain=1.51767e-05 0.000140097 4.84933e-05 4.61014e-05 0.000146846 7.15073e-05 4.73901e-05 4.49166e-05 2.66818e-05 4.65589e-05 2.54896e-05
threshold=4.8282817362782584 5.0271592211193568 4.317399216745252 1.8688348091416844 1.7005986908310777 3.2180751841847144 3.3497501700808394 0.5784464370943504 4.3437210834879627 5.6454406545496605 5.8888741216379641
decision_type=2 2 2 2 2 2 2 2 2 2 2
left_child=2 -2 3 4 -1 -5 -6 -7 -3 -10 -11
right_child=1 8 -4 5 6 7 -8 -9 9 10 -12
leaf_value=-0.00027775760416103446 -0.00025412704828498971 8.977946922779225e-05 0.00012221930502644479 0.00018538780545350166 7.5275548521819044e-05 3.1490748947109956e-05 -7.9133739969360515e-05 -8.7145169403279063e-05 -0.00011152552338257118 0.00011641495556155545 -4.1128641601677079e-06
leaf_weight=23 23 33 36 25 46 144 35 41 34 23 74
leaf_count=23 23 33 36 25 46 144 35 41 34 23 74
internal_value=0 -2.29993e-05 1.22882e-05 -3.15349e-07 -5.47638e-05 2.66496e-05 8.55549e-06 5.19846e-06 9.41492e-06 -1.08296e-05 2.44659e-05
internal_weight=0 187 350 314 104 210 81 185 164 131 97
internal_count=537 187 350 314 104 210 81 185 164 131 97
is_linear=0
shrinkage=0.1


Tree=947
num_leaves=8
num_cat=0
split_feature=53 30 31 57 14 8 15
split_gain=1.47197e-05 0.000105706 0.000175881 5.16184e-05 2.54213e-05 5.28283e-05 2.43936e-05
threshold=0.70808679187955681 5.0688844241303981 2.6735537653587347 1.5420386805928581 2.3937458713910238 2.6735537653587347 1.9356005054539456
decision_type=2 2 2 2 2 2 2
left_child=1 2 -1 -2 -5 -6 -7
right_child=3 -3 -4 4 5 6 -8
leaf_value=0.00033041192939930152 -0.00013876379447473093 -0.00011823174853785091 -2.5567814591340718e-05 -8.2823193544313798e-05 0.00013607386402630556 -7.7821944662565863e-05 6.9086904274720664e-06
leaf_weight=23 28 29 35 33 30 38 321
leaf_count=23 28 29 35 33 30 38 321
internal_value=0 3.76538e-05 0.000115597 -7.27973e-06 1.44433e-06 8.59299e-06 -2.06001e-06
internal_weight=0 87 58 450 422 389 359
internal_count=537 87 58 450 422 389 359
is_linear=0
shrinkage=0.1


Tree=948
num_leaves=9
num_cat=0
split_feature=43 37 53 88 64 61 26 24
split_gain=1.52846e-05 5.9338e-05 2.33713e-05 1.93008e-05 5.1265e-05 4.84646e-05 5.49365e-05 4.2031e-05
threshold=6.1861747525776369 5.9053284366375065 3.1914737186377642 0.32237371114682284 2.6119016645274802 1.6163017059649156 1.9356005054539456 4.465842055365858
decision_type=2 2 2 2 2 2 2 2
left_child=1 3 -2 5 -5 -1 -7 -6
right_child=2 -3 -4 4 7 6 -8 -9
leaf_value=0.00012125079706609727 -2.5214386850540692e-06 -0.00016618781532997675 0.00012975569248241796 -0.00015415143402955995 5.6143849951016572e-05 0.00015242650909137658 -1.2981100265417059e-05 -5.2839680511776047e-05
leaf_weight=39 34 22 22 26 67 22 230 75
leaf_count=39 34 22 22 26 67 22 230 75
internal_value=0 -5.75654e-06 4.94446e-05 1.93298e-06 -2.50552e-05 1.75138e-05 1.45925e-06 -1.41787e-06
internal_weight=0 481 56 459 168 291 252 142
internal_count=537 481 56 459 168 291 252 142
is_linear=0
shrinkage=0.1


Tree=949
num_leaves=10
num_cat=0
split_feature=27 21 27 32 30 46 99 30 35
split_gain=1.43168e-05 5.46463e-05 2.8522e-05 2.48581e-05 2.51162e-05 3.50362e-05 2.06677e-05 1.94758e-05 2.72407e-05
threshold=5.8550678171289681 5.4380415003103764 6.0473693846339858 5.8888741216379641 5.6524337755370313 5.2469686674288658 1.2424533248940006 6.3007841113004242 6.4167269426572506
decision_type=2 2 2 2 2 2 2 2 2
left_child=1 3 -2 4 5 -1 -6 -4 -9
right_child=2 -3 7 -5 6 -7 -8 8 -10
leaf_value=-1.1389325590630016e-05 0.00011757651967039646 -0.00015147932432591917 -7.8297481030114625e-05 0.00010421746992506087 -0.00014472395550187272 7.0161111831951598e-05 -7.6516375305469733e-06 0.00011212050182318006 -3.3065877089809096e-05
leaf_weight=278 29 25 22 22 22 65 22 24 28
leaf_count=278 29 25 22 22 22 65 22 24 28
internal_value=0 -7.95443e-06 3.35167e-05 8.18487e-07 -5.05949e-06 4.06484e-06 -7.61878e-05 5.74364e-07 3.39432e-05
internal_weight=0 434 103 409 387 343 44 74 52
internal_count=537 434 103 409 387 343 44 74 52
is_linear=0
shrinkage=0.1


Tree=950
num_leaves=9
num_cat=0
split_feature=40 41 35 35 40 35 35 96
split_gain=1.38255e-05 3.93336e-05 1.56969e-05 5.73858e-05 4.27243e-05 4.24443e-05 3.61043e-05 2.46333e-05
threshold=6.6707012585667238 6.3314765202922478 2.524928003624769 1.5890269151739729 2.3937458713910238 3.0201273556387074 3.4811217321331038 4.0247135285553481
decision_type=2 2 2 2 2 2 2 2
left_child=1 2 3 4 -1 -4 -7 -5
right_child=-2 -3 5 7 -6 6 -8 -9
leaf_value=-3.6599646139459381e-05 7.1133866955418708e-05 -0.00013442137457208116 0.00011220582800421816 -4.5834641125772828e-05 9.4973841180212847e-05 -0.00011632138872907188 1.1496993525353354e-05 -0.00019548055689400909
leaf_weight=62 26 22 39 22 41 24 279 22
leaf_count=62 26 22 39 22 41 24 279 22
internal_value=0 -3.61933e-06 2.26542e-06 -2.50625e-05 1.57743e-05 1.40116e-05 1.37277e-06 -0.000120658
internal_weight=0 511 489 147 103 342 303 44
internal_count=537 511 489 147 103 342 303 44
is_linear=0
shrinkage=0.1


Tree=951
num_leaves=7
num_cat=0
split_feature=43 46 45 47 12 47
split_gain=1.33248e-05 4.74017e-05 2.84707e-05 2.12671e-05 2.10192e-05 1.54912e-05
threshold=6.4876828601347034 6.5220754968327581 5.4847883247493394 5.7651468795656617 4.8282817362782584 4.2045812236012674
decision_type=2 2 2 2 2 2
left_child=1 2 3 5 -4 -1
right_child=-2 -3 4 -5 -6 -7
leaf_value=-1.4227120724901052e-05 6.2576889865795246e-05 -0.00012808920439903008 1.36515189903245e-05 -9.0321439589994645e-05 0.00014897393980804323 2.6024620571413623e-05
leaf_weight=247 32 29 24 27 22 156
leaf_count=247 32 29 24 27 22 156
internal_value=0 -3.96527e-06 3.5969e-06 -4.40218e-06 7.83709e-05 1.3542e-06
internal_weight=0 505 476 430 46 403
internal_count=537 505 476 430 46 403
is_linear=0
shrinkage=0.1


Tree=952
num_leaves=8
num_cat=0
split_feature=11 10 45 30 41 15 18
split_gain=1.28098e-05 3.17773e-05 8.65464e-05 3.44133e-05 1.83286e-05 1.80518e-05 2.16197e-05
threshold=6.6950642080078762 6.2557481997290569 5.2417330174952186 6.4952609922484532 4.234001473612734 5.6663728065440679 5.2310943182715759
decision_type=2 2 2 2 2 2 2
left_child=1 3 4 5 -3 6 -1
right_child=-2 2 -4 -5 -6 -7 -8
leaf_value=-6.9741278924593026e-06 7.4726736453488811e-05 -6.1629750681194386e-05 -0.00023009698032348588 0.00011220269824944213 5.9413057044429451e-05 -7.0292728581561656e-05 5.0529327747434698e-05
leaf_weight=295 22 22 22 29 29 34 84
leaf_count=295 22 22 22 29 29 34 84
internal_value=0 -3.19221e-06 -6.43152e-05 6.90276e-06 7.19851e-06 -4.91179e-07 5.7707e-06
internal_weight=0 515 73 442 51 413 379
internal_count=537 515 73 442 51 413 379
is_linear=0
shrinkage=0.1


Tree=953
num_leaves=11
num_cat=0
split_feature=34 72 34 34 95 76 89 53 49 85
split_gain=1.30941e-05 1.34737e-05 5.41845e-05 9.73114e-05 6.90511e-05 5.13087e-05 6.95954e-05 4.02531e-05 5.62398e-05 3.40279e-05
threshold=7.1966391559419423 0.068305488455467106 1.5890269151739729 3.4334666422309414 1.0397207708399181 0.14459666580902888 0.15165382572991423 3.612422182126934 4.3437210834879627 0.64022696730472284
decision_type=2 2 2 2 2 2 2 2 2 2
left_child=1 2 -1 -4 -5 6 -3 8 -7 -9
right_child=-2 5 3 4 -6 7 -8 9 -10 -11
leaf_value=-0.00012501338669972028 -7.3818889643956462e-05 -1.0603557478737635e-05 0.00022126171218891011 -0.00010500610964257692 3.3445320896790439e-05 0.00014885635298411123 -0.00023636078043306376 -8.4558514299715173e-05 -5.110374305249108e-05 4.7352973739510746e-05
leaf_weight=25 23 36 24 43 222 39 22 48 22 33
leaf_count=25 23 36 24 43 222 39 22 48 22 33
internal_value=0 3.30318e-06 1.62247e-05 2.84425e-05 1.09796e-05 -1.69836e-05 -9.62356e-05 1.5387e-05 7.67396e-05 -3.08168e-05
internal_weight=0 514 314 289 265 200 58 142 61 81
internal_count=537 514 314 289 265 200 58 142 61 81
is_linear=0
shrinkage=0.1


Tree=954
num_leaves=7
num_cat=0
split_feature=43 37 39 37 33 34
split_gain=1.26963e-05 4.95777e-05 1.98897e-05 1.64468e-05 2.42099e-05 3.10253e-05
threshold=6.1861747525776369 5.8141260764699529 6.4876828601347034 5.5052984857290932 5.3131938456227115 5.609465086342035
decision_type=2 2 2 2 2 2
left_child=1 3 -2 4 5 -1
right_child=2 -3 -4 -5 -6 -7
leaf_value=-6.8815187108407247e-06 0.0001114278530003503 -0.00013689528353063874 -8.4551113691451321e-06 8.692478020500196e-05 -8.837007613086219e-05 7.1080354561369567e-05
leaf_weight=342 25 27 31 22 30 60
leaf_count=342 25 27 31 22 30 60
internal_value=0 -5.24654e-06 4.50641e-05 2.58279e-06 -1.71241e-06 4.75458e-06
internal_weight=0 481 56 454 432 402
internal_count=537 481 56 454 432 402
is_linear=0
shrinkage=0.1


Tree=955
num_leaves=8
num_cat=0
split_feature=33 28 30 12 21 11 19
split_gain=1.39243e-05 6.42241e-05 4.24015e-05 2.07658e-05 1.64965e-05 3.78886e-05 2.77029e-05
threshold=5.8141260764699529 5.948031580597152 6.0330833463930107 5.8550678171289681 4.8038866541935423 5.3706272113530096 5.5721468034537072
decision_type=2 2 2 2 2 2 2
left_child=1 2 4 -2 5 -1 -6
right_child=3 -3 -4 -5 6 -7 -8
leaf_value=-5.2924079179016794e-06 -9.2547250278585136e-06 -0.00012439182763998924 0.0001373094960360069 9.6218116803876392e-05 -0.0001310553535586223 0.00010327819741178246 5.971786625498984e-06
leaf_weight=300 40 42 23 35 25 36 36
leaf_count=300 40 42 23 35 25 36 36
internal_value=0 -6.48798e-06 5.30241e-06 3.99659e-05 -2.34536e-06 6.34016e-06 -5.01869e-05
internal_weight=0 462 420 75 397 336 61
internal_count=537 462 420 75 397 336 61
is_linear=0
shrinkage=0.1


Tree=956
num_leaves=11
num_cat=0
split_feature=8 13 8 84 28 46 43 11 34 98
split_gain=1.30002e-05 8.13228e-05 3.00152e-05 2.79504e-05 3.79941e-05 2.35376e-05 7.2531e-05 6.02745e-05 5.25282e-05 3.44357e-05
threshold=5.799074288650317 5.3131938456227115 5.609465086342035 0.67040181128101561 6.0185902545239411 3.7609296261008152 2.191013317336941 1.9356005054539456 3.6632328069201612 4.317399216745252
decision_type=2 2 2 2 2 2 2 2 2 2
left_child=2 -2 5 4 -3 6 7 -1 -7 -10
right_child=1 3 -4 -5 -6 8 -8 -9 9 -11
leaf_value=0.00014289882028606371 -0.00020265738034636757 3.5982775614229467e-05 0.00011909024545710291 9.9253696001911656e-05 -0.0001231693160661962 0.0001582138285205777 -0.0001495672666351311 -4.7589122455658231e-05 -1.4633211583473758e-05 7.3534624162415902e-05
leaf_weight=26 22 40 23 26 24 24 38 46 212 56
leaf_count=26 22 40 23 26 24 24 38 46 212 56
internal_value=0 -3.03091e-05 7.98734e-06 1.18205e-05 -2.36993e-05 1.63071e-06 -3.77935e-05 2.11982e-05 1.64823e-05 3.78992e-06
internal_weight=0 112 425 90 64 402 110 72 292 268
internal_count=537 112 425 90 64 402 110 72 292 268
is_linear=0
shrinkage=0.1


Tree=957
num_leaves=12
num_cat=0
split_feature=87 10 32 31 71 75 46 103 61 76 89
split_gain=1.38067e-05 3.78136e-05 4.86024e-05 3.45662e-05 2.63174e-05 3.82311e-05 4.6767e-05 8.23539e-05 7.62821e-05 2.55686e-05 2.23594e-05
threshold=0.5556069708080712 6.3062686269857116 4.2625806805327082 2.3937458713910238 4.0251922265335116 4.7956539242419742 3.7609296261008152 3.0201273556387074 1.6982072666718382 0.88545046410972761 0.36412355919349298
decision_type=2 2 2 2 2 2 2 2 2 2 2
left_child=4 2 3 -2 5 6 7 -1 -8 -6 -4
right_child=1 -3 10 -5 9 -7 8 -9 -10 -11 -12
leaf_value=-0.00021998990920441098 1.1347991603543051e-05 -0.00014801833663527345 0.00014293711536320981 -0.00014175799766109841 -0.0001319056258580531 0.0001472079832720655 0.0001881243016084357 6.7078659505291323e-06 1.2742134157746863e-05 -6.4234757844946888e-08 3.4992228788526162e-06
leaf_weight=22 30 22 23 29 24 22 28 59 217 38 23
leaf_count=22 30 22 23 29 24 22 28 59 217 38 23
internal_value=0 -2.88103e-05 -3.83339e-06 -6.39075e-05 8.92417e-06 1.96181e-05 1.10077e-05 -5.48644e-05 3.27858e-05 -5.10996e-05 7.32182e-05
internal_weight=0 127 105 59 410 348 326 81 245 62 46
internal_count=537 127 105 59 410 348 326 81 245 62 46
is_linear=0
shrinkage=0.1


Tree=958
num_leaves=7
num_cat=0
split_feature=35 33 35 39 43 43
split_gain=1.21459e-05 3.08257e-05 2.53522e-05 1.1667e-05 2.37765e-05 2.2507e-05
threshold=6.1246809968142868 5.6903366269220443 6.4167269426572506 5.9188794015264019 5.6663728065440679 5.379886735236628
decision_type=2 2 2 2 2 2
left_child=1 3 -2 4 5 -1
right_child=2 -3 -4 -5 -6 -7
leaf_value=5.3964612419979524e-06 0.00012209071933284578 -0.00011129702873474274 -9.1915236369363566e-06 -6.5688238129951073e-05 8.4812759046947001e-05 -7.6582570437568471e-05
leaf_weight=353 24 26 38 25 34 37
leaf_count=353 24 26 38 25 34 37
internal_value=0 -5.43347e-06 4.16274e-05 6.96712e-07 4.61092e-06 -2.38104e-06
internal_weight=0 475 62 449 424 390
internal_count=537 475 62 449 424 390
is_linear=0
shrinkage=0.1


Tree=959
num_leaves=9
num_cat=0
split_feature=33 33 35 34 36 69 70 38
split_gain=1.20467e-05 5.69479e-05 2.10775e-05 1.29514e-05 4.55229e-05 3.9916e-05 4.05995e-05 1.17474e-05
threshold=5.8141260764699529 5.5606520443413574 6.3766748835470421 5.6524337755370313 5.2626767655455557 1.5138613836196224 1.8110205081588358 6.1312170375979624
decision_type=2 2 2 2 2 2 2 2
left_child=1 3 -2 5 -5 -1 -7 -6
right_child=2 -3 -4 4 7 6 -8 -9
leaf_value=-0.00012581211161047506 9.5388323698925359e-05 -0.00016304676476217787 -1.1101596926270826e-05 0.00015022746563772671 -5.3192217067208414e-05 0.00011807436687506976 -7.7992398618280648e-06 3.6166670698938627e-05
leaf_weight=26 34 22 41 25 31 28 302 28
leaf_count=26 34 22 41 25 31 28 302 28
internal_value=0 -6.03471e-06 3.71738e-05 1.81589e-06 3.71357e-05 -6.51799e-06 2.88094e-06 -1.07846e-05
internal_weight=0 462 75 440 84 356 330 59
internal_count=537 462 75 440 84 356 330 59
is_linear=0
shrinkage=0.1


Tree=960
num_leaves=7
num_cat=0
split_feature=47 27 31 34 40 42
split_gain=1.13218e-05 1.84155e-05 2.27014e-05 1.53434e-05 5.70005e-05 3.72925e-05
threshold=6.4876828601347034 6.4876828601347034 6.102556092217525 5.2203412156610947 4.6727851606181448 5.272986409146923
decision_type=2 2 2 2 2 2
left_child=1 2 3 5 -5 -1
right_child=-2 -3 -4 4 -6 -7
leaf_value=7.8332656900578683e-07 -5.7682180067786251e-05 8.9144657795259274e-05 -9.9841738847317185e-05 0.00013611672426888714 -4.4185909261310977e-06 -0.00013444892591161822
leaf_weight=279 32 24 22 38 120 22
leaf_count=279 32 24 22 38 120 22
internal_value=0 3.65511e-06 -6.10482e-07 4.1457e-06 2.9381e-05 -9.10076e-06
internal_weight=0 505 481 459 158 301
internal_count=537 505 481 459 158 301
is_linear=0
shrinkage=0.1


Tree=961
num_leaves=7
num_cat=0
split_feature=38 40 35 42 38 35
split_gain=1.19845e-05 4.71993e-05 1.84588e-05 1.22502e-05 4.47673e-05 3.53384e-05
threshold=6.8053391632106601 6.1333956902824402 6.1246809968142868 3.1345481418531311 2.3937458713910238 2.524928003624769
decision_type=2 2 2 2 2 2
left_child=1 2 3 4 -1 -5
right_child=-2 -3 -4 5 -6 -7
leaf_value=-2.124322238159948e-05 5.4917046273240471e-05 -0.00012356949350026799 9.1196574810411494e-05 -6.5861986504820553e-05 0.0001210658495879865 8.5052340190816999e-06
leaf_weight=60 37 31 23 84 35 267
leaf_count=60 37 31 23 84 35 267
internal_value=0 -4.06386e-06 3.83523e-06 -6.69951e-07 3.11864e-05 -9.29205e-06
internal_weight=0 500 469 446 95 351
internal_count=537 500 469 446 95 351
is_linear=0
shrinkage=0.1


Tree=962
num_leaves=11
num_cat=0
split_feature=87 87 73 89 65 104 41 44 26 23
split_gain=1.14128e-05 3.92871e-05 3.37832e-05 4.06021e-05 2.79143e-05 2.46176e-05 3.79127e-05 3.55067e-05 3.28387e-05 2.88766e-05
threshold=0.5556069708080712 0.62972296850805487 1.0000000180025095e-35 0.56689715819657438 1.6283470507525168 0.8958797346140277 4.9904094477362264 2.8314802400679731 4.8121513051691478 5.9188794015264019
decision_type=2 2 2 2 2 2 2 2 2 2
left_child=4 -2 3 -3 -1 8 7 -7 -6 -8
right_child=1 2 -4 -5 5 6 9 -9 -10 -11
leaf_value=0.00010449082806839475 -0.0001067465852762192 -1.6736425667269425e-05 -6.3448347043179519e-05 0.00016257847079111304 0.00015792886839666279 2.0759464022387282e-05 8.6354473654258373e-05 -6.2105035192019332e-05 -9.5888288487913084e-06 -1.5992262827542921e-05
leaf_weight=28 41 28 35 23 22 81 60 143 25 51
leaf_count=28 41 28 35 23 22 81 60 143 25 51
internal_value=0 -2.61938e-05 1.22092e-05 6.41311e-05 8.1137e-06 1.04941e-06 -8.45923e-06 -3.21406e-05 6.88237e-05 3.93303e-05
internal_weight=0 127 86 51 410 382 335 224 47 111
internal_count=537 127 86 51 410 382 335 224 47 111
is_linear=0
shrinkage=0.1


Tree=963
num_leaves=6
num_cat=0
split_feature=41 41 1 95 96
split_gain=1.21611e-05 1.66914e-05 1.31972e-05 1.71845e-05 1.13653e-05
threshold=6.4068582012380899 5.9053284366375065 6.6783349946321184 6.3117199868476508 1.0397207708399181
decision_type=2 2 2 2 2
left_child=1 2 3 4 -1
right_child=-2 -3 -4 -5 -6
leaf_value=4.9773885481184923e-05 -5.6139387743314729e-05 7.2771349589333337e-05 -7.6422010897658773e-05 8.7096332572400575e-05 -6.8842437329408316e-06
leaf_weight=39 36 33 22 23 384
leaf_count=39 36 33 22 23 384
internal_value=0 4.03397e-06 -8.12899e-07 2.9167e-06 -1.66044e-06
internal_weight=0 501 468 446 423
internal_count=537 501 468 446 423
is_linear=0
shrinkage=0.1


Tree=964
num_leaves=8
num_cat=0
split_feature=65 27 2 23 48 7 12
split_gain=1.16064e-05 3.96485e-05 5.72665e-05 4.76099e-05 2.91596e-05 2.04525e-05 3.67639e-05
threshold=1.6085863662850206 1.5890269151739729 4.2625806805327082 1.9356005054539456 3.8499212036984933 1.0397207708399181 1.9356005054539456
decision_type=2 2 2 2 2 2 2
left_child=-1 2 4 -3 -2 -5 -7
right_child=1 3 -4 5 -6 6 -8
leaf_value=-5.4043722067600926e-05 0.00022240311879178753 -0.00013239578814857946 -1.9706376153363835e-05 9.4095359533887619e-05 6.1367514850148433e-05 -0.00013049416303787935 2.8811542069035192e-06
leaf_weight=37 23 29 41 22 22 22 341
leaf_count=37 23 29 41 22 22 22 341
internal_value=0 3.99924e-06 6.57837e-05 -8.83521e-06 0.000143675 4.71948e-07 -5.2022e-06
internal_weight=0 500 86 414 45 385 363
internal_count=537 500 86 414 45 385 363
is_linear=0
shrinkage=0.1


Tree=965
num_leaves=9
num_cat=0
split_feature=29 40 29 45 40 95 46 42
split_gain=1.07848e-05 6.4294e-05 3.4823e-05 2.53815e-05 2.33637e-05 1.63706e-05 1.52038e-05 3.43837e-05
threshold=5.6021120126471873 6.0185902545239411 5.8719233458001243 5.5293975924403922 5.9322416695047417 5.0688844241303981 5.8888741216379641 5.5740515676620417
decision_type=2 2 2 2 2 2 2 2
left_child=1 3 -2 6 -4 -6 7 -1
right_child=2 -3 4 -5 5 -7 -8 -9
leaf_value=-6.4462651328332032e-06 0.00014087440755578099 -0.00016230432267184372 -8.3439564597635285e-05 0.00010048932745121419 -1.631950505655438e-05 0.00010088777238376099 -6.8390417403530929e-05 0.00010894669591964755
leaf_weight=332 22 25 24 25 26 22 33 28
leaf_count=332 22 25 24 25 26 22 33 28
internal_value=0 -6.52802e-06 3.0765e-05 2.78875e-06 -2.87952e-06 3.74005e-05 -3.4263e-06 2.52874e-06
internal_weight=0 443 94 418 72 48 393 360
internal_count=537 443 94 418 72 48 393 360
is_linear=0
shrinkage=0.1


Tree=966
num_leaves=10
num_cat=0
split_feature=34 97 65 36 11 88 36 14 10
split_gain=1.138e-05 1.38358e-05 6.05962e-05 5.94169e-05 4.33731e-05 5.82418e-05 3.67214e-05 2.8126e-05 2.69888e-05
threshold=7.0996144550911771 3.4498615536424366 1.6085863662850206 1.9356005054539456 4.1742689126930488 0.1266628784936242 3.0433873634561537 4.1107394736335969 5.0688844241303981
decision_type=2 2 2 2 2 2 2 2 2
left_child=1 2 -1 -4 5 -3 -5 -6 -9
right_child=-2 4 3 6 7 -7 -8 8 -10
leaf_value=-0.00014595997352209394 -6.587915564887226e-05 -9.4498113737375084e-06 0.00013914845455604205 -0.00010581553669416699 -0.00010221336045651696 0.00019108592183329166 1.094898453271581e-05 0.00010341124526112927 -2.8886266976690463e-06
leaf_weight=31 25 28 28 37 25 30 99 27 207
leaf_count=31 25 28 28 37 25 30 99 27 207
internal_value=0 3.21676e-06 -1.77427e-05 6.49348e-06 1.61098e-05 9.42756e-05 -2.08178e-05 -1.3945e-06 9.37674e-06
internal_weight=0 512 195 164 317 58 136 259 234
internal_count=537 512 195 164 317 58 136 259 234
is_linear=0
shrinkage=0.1


Tree=967
num_leaves=7
num_cat=0
split_feature=65 64 42 30 50 30
split_gain=1.08931e-05 2.23386e-05 1.89687e-05 2.63589e-05 2.49211e-05 2.43532e-05
threshold=1.6283470507525168 2.6567398071438575 2.3937458713910238 3.6105525490912482 4.6491756246494491 4.4187680230537838
decision_type=2 2 2 2 2 2
left_child=-1 -2 4 -4 -3 -5
right_child=1 2 3 5 -6 -7
leaf_value=5.0203723349113714e-05 -8.2275466775172395e-05 0.00013057079148711637 -8.6078293601088738e-05 7.319882380786936e-05 -6.793148934645745e-06 -6.8105977862325578e-06
leaf_weight=40 34 25 37 43 28 330
leaf_count=40 34 25 37 43 28 330
internal_value=0 -4.04054e-06 1.70457e-06 -5.57279e-06 5.80012e-05 2.41301e-06
internal_weight=0 497 463 410 53 373
internal_count=537 497 463 410 53 373
is_linear=0
shrinkage=0.1


Tree=968
num_leaves=9
num_cat=0
split_feature=27 35 23 34 30 100 89 29
split_gain=1.10102e-05 4.0729e-05 1.92842e-05 1.8296e-05 3.89217e-05 2.57074e-05 1.63131e-05 1.53583e-05
threshold=5.8550678171289681 5.8170934442298607 5.9188794015264019 5.9939334416227945 5.6524337755370313 6.1158701961393769 0.31368864502841426 6.2343799673713169
decision_type=2 2 2 2 2 2 2 2
left_child=1 3 -2 4 5 -1 7 -4
right_child=2 -3 6 -5 -6 -7 -8 -9
leaf_value=6.8636804507201849e-05 0.00011241833794470454 -0.00011376360207302215 2.8386249214236161e-05 7.8315393285924198e-05 -0.0001246605037886184 -7.025896943900216e-06 6.5354984981240706e-05 -8.1387747083611498e-05
leaf_weight=53 22 33 25 29 25 294 30 26
leaf_count=53 22 33 25 29 25 294 30 26
internal_value=0 -6.97564e-06 2.93925e-05 1.8124e-06 -4.15155e-06 4.53065e-06 6.84228e-06 -2.7577e-05
internal_weight=0 434 103 401 372 347 81 51
internal_count=537 434 103 401 372 347 81 51
is_linear=0
shrinkage=0.1


Tree=969
num_leaves=7
num_cat=0
split_feature=38 40 97 101 95 45
split_gain=1.11836e-05 4.11561e-05 1.45498e-05 1.42779e-05 5.36557e-05 3.83975e-05
threshold=6.8053391632106601 6.2125880232083288 6.2803888252062245 4.4885732424042368 4.4425820475484112 1.5890269151739731
decision_type=2 2 2 2 2 2
left_child=1 2 3 4 -1 -5
right_child=-2 -3 -4 5 -6 -7
leaf_value=-8.8398358511838089e-06 5.3050364965963892e-05 -0.00012642531042869311 5.8983352105964774e-05 6.8029675597548102e-05 0.0001073315587610581 -6.1421674047206702e-05
leaf_weight=258 37 26 42 30 47 97
leaf_count=258 37 26 42 30 47 97
internal_value=0 -3.92573e-06 2.79366e-06 -2.66923e-06 9.06199e-06 -3.08426e-05
internal_weight=0 500 474 432 305 127
internal_count=537 500 474 432 305 127
is_linear=0
shrinkage=0.1


Tree=970
num_leaves=7
num_cat=0
split_feature=40 37 98 32 33 49
split_gain=1.12807e-05 4.38803e-05 2.58208e-05 1.47998e-05 1.81033e-05 1.74942e-05
threshold=6.3491328785740828 6.0209762173327137 3.6505739029280164 5.948031580597152 5.3131938456227115 5.9268940249463684
decision_type=2 2 2 2 2 2
left_child=1 3 -2 4 5 -1
right_child=2 -3 -4 -5 -6 -7
leaf_value=-4.7998085372420466e-06 0.00012512041376711833 -0.00013341158306866421 -2.8090151681681166e-05 5.8472369287195514e-05 -8.7453717444911183e-05 6.6513998152865827e-05
leaf_weight=363 22 25 22 43 24 38
leaf_count=363 22 25 22 43 24 38
internal_value=0 -4.32995e-06 4.85151e-05 2.56544e-06 -3.09103e-06 1.95811e-06
internal_weight=0 493 44 468 425 401
internal_count=537 493 44 468 425 401
is_linear=0
shrinkage=0.1


Tree=971
num_leaves=10
num_cat=0
split_feature=35 35 100 88 23 34 88 69 70
split_gain=1.13342e-05 7.06983e-05 2.82058e-05 3.21453e-05 3.68483e-05 1.924e-05 4.89578e-05 3.08984e-05 2.99861e-05
threshold=5.8749149497672386 5.6869696108313716 9.3312514514269651 0.5016519545637167 5.9188794015264019 5.609465086342035 1.0000000180025095e-35 1.5138613836196224 1.8110205081588358
decision_type=2 2 2 2 2 2 2 2 2
left_child=1 5 3 4 -2 7 -7 -1 -9
right_child=2 -3 -4 -5 -6 6 -8 8 -10
leaf_value=-0.00011070843365115041 0.00010619798468542285 -0.00016368757184224067 -6.6803893360370045e-05 0.00015839886621941569 -5.9469296006839085e-05 0.00014377629469832287 -3.2553375217503347e-05 0.00010780228560906835 -6.2481584255213403e-06
leaf_weight=26 25 27 23 23 29 31 32 25 296
leaf_count=26 25 27 23 23 29 31 32 25 296
internal_value=0 -6.94971e-06 3.03702e-05 5.93963e-05 1.72285e-05 3.37205e-06 5.4212e-05 -5.85826e-06 2.63427e-06
internal_weight=0 437 100 77 54 410 63 347 321
internal_count=537 437 100 77 54 410 63 347 321
is_linear=0
shrinkage=0.1


Tree=972
num_leaves=10
num_cat=0
split_feature=34 17 17 65 86 8 9 17 0
split_gain=1.15537e-05 1.21485e-05 6.02161e-05 5.70046e-05 6.33021e-05 4.12887e-05 2.5816e-05 2.42076e-05 1.88599e-05
threshold=7.1966391559419423 1.8688348091416844 2.3502401828962087 1.6085863662850206 0.50707554703091395 3.8499212036984933 2.8029010331479989 4.007167868649713 2.6735537653587347
decision_type=2 2 2 2 2 2 2 2 2
left_child=1 3 -3 -1 5 -5 8 -8 -4
right_child=-2 2 6 4 -6 -7 7 -9 -10
leaf_value=-0.00016622975685016213 -6.9341200160915443e-05 0.00017251292619303887 1.9463192312168365e-06 -9.9221422814203521e-05 0.00013303843184860007 5.6560200418634509e-05 6.0281721889623444e-05 -3.3371522422270046e-06 -0.00012128165523150799
leaf_weight=23 23 22 23 46 29 27 80 237 27
leaf_count=23 23 22 23 46 29 27 80 237 27
internal_value=0 3.10282e-06 1.18177e-05 -2.40178e-05 8.04955e-06 -4.16036e-05 2.18472e-06 1.27181e-05 -6.45968e-05
internal_weight=0 514 389 125 102 73 367 317 50
internal_count=537 514 389 125 102 73 367 317 50
is_linear=0
shrinkage=0.1


Tree=973
num_leaves=8
num_cat=0
split_feature=65 63 69 31 43 89 50
split_gain=1.31045e-05 2.00171e-05 1.47849e-05 1.93543e-05 5.54728e-05 1.84502e-05 1.75486e-05
threshold=1.6283470507525168 2.9430520157250784 3.0541436847122734 5.379886735236628 5.476454798506734 0.5784464370943504 4.4187680230537838
decision_type=2 2 2 2 2 2 2
left_child=-1 -2 6 4 -4 -5 -3
right_child=1 2 3 5 -6 -7 -8
leaf_value=5.5064465013856536e-05 -7.9684887157671982e-05 -7.0824589453298948e-06 -7.1153334169060182e-06 3.8616437494152767e-05 -0.00016688240528613582 -4.3992733074393237e-05 0.00011922382750940001
leaf_weight=40 33 22 230 132 24 34 22
leaf_count=40 33 22 230 132 24 34 22
internal_value=0 -4.43175e-06 9.20307e-07 -4.85735e-06 -2.22114e-05 2.16965e-05 5.60707e-05
internal_weight=0 497 464 420 254 166 44
internal_count=537 497 464 420 254 166 44
is_linear=0
shrinkage=0.1


Tree=974
num_leaves=6
num_cat=0
split_feature=11 44 36 13 72
split_gain=1.12189e-05 2.37956e-05 1.66469e-05 1.60749e-05 1.29989e-05
threshold=6.6950642080078762 6.5984756171974519 6.0844968186443777 6.1246618437622455 0.19753956976984413
decision_type=2 2 2 2 2
left_child=1 2 3 4 -1
right_child=-2 -3 -4 -5 -6
leaf_value=1.3236037838112628e-05 6.9932736617126718e-05 -0.00010240511480689116 6.5240055521012679e-05 -8.7044270449868327e-05 -2.3199422650577618e-05
leaf_weight=282 22 23 38 22 150
leaf_count=282 22 23 38 22 150
internal_value=0 -2.98742e-06 1.66016e-06 -3.66151e-06 5.84836e-07
internal_weight=0 515 492 454 432
internal_count=537 515 492 454 432
is_linear=0
shrinkage=0.1


Tree=975
num_leaves=6
num_cat=0
split_feature=43 47 45 47 43
split_gain=1.11179e-05 4.00781e-05 1.58393e-05 1.56805e-05 1.50912e-05
threshold=6.4876828601347034 6.1246809968142868 5.5052984857290932 5.7333360402263844 5.5412558557490508
decision_type=2 2 2 2 2
left_child=1 2 3 4 -1
right_child=-2 -3 -4 -5 -6
leaf_value=-2.318872144436076e-06 5.7160425899382976e-05 -0.00011378003055729243 6.2988463859499721e-05 -7.3070314500329984e-05 7.2556439283352086e-05
leaf_weight=375 32 31 41 29 29
leaf_count=375 32 31 41 29 29
internal_value=0 -3.62205e-06 3.58238e-06 -2.04268e-06 3.05584e-06
internal_weight=0 505 474 433 404
internal_count=537 505 474 433 404
is_linear=0
shrinkage=0.1


Tree=976
num_leaves=10
num_cat=0
split_feature=34 37 61 8 42 16 27 12 23
split_gain=1.12644e-05 1.12676e-05 5.0132e-05 4.39387e-05 3.79176e-05 2.64763e-05 2.29189e-05 5.30851e-05 2.25901e-05
threshold=7.0996144550911771 1.5890269151739731 0.85184371294609129 1.9356005054539456 3.2180751841847144 4.317399216745252 2.191013317336941 1.9356005054539456 1.5890269151739729
decision_type=2 2 2 2 2 2 2 2 2
left_child=1 3 -3 -1 -5 -6 8 -8 -4
right_child=-2 2 6 4 5 -7 7 -9 -10
leaf_value=-0.000128354211919941 -6.5543740114662799e-05 0.00015769180400556336 -1.3354914203360256e-06 9.5596360805564365e-05 -0.00012411812858772464 2.7758265840323778e-05 -0.00012490430017618673 6.8729603449370652e-06 0.00014197002462672324
leaf_weight=30 25 22 22 33 22 24 34 303 22
leaf_count=30 25 22 22 33 22 24 34 303 22
internal_value=0 3.20038e-06 1.09155e-05 -2.53243e-05 1.3801e-05 -4.48783e-05 2.44021e-06 -6.42207e-06 7.03173e-05
internal_weight=0 512 403 109 79 46 381 337 44
internal_count=537 512 403 109 79 46 381 337 44
is_linear=0
shrinkage=0.1


Tree=977
num_leaves=8
num_cat=0
split_feature=43 37 39 32 38 42 100
split_gain=1.16298e-05 4.24356e-05 1.64796e-05 1.35659e-05 1.58639e-05 4.32798e-05 3.25907e-05
threshold=6.1861747525776369 5.8141260764699529 6.4876828601347034 5.948031580597152 5.609465086342035 5.8888741216379641 6.1158701961393769
decision_type=2 2 2 2 2 2 2
left_child=1 3 -2 4 6 -6 -1
right_child=2 -3 -4 -5 5 -7 -8
leaf_value=8.0695468030171475e-05 0.00010353720294369852 -0.00012681899334657592 -5.5859786639742994e-06 6.0253604007467971e-05 -0.00013745119458083842 1.904693097796638e-05 -6.6353428462700794e-06
leaf_weight=50 25 27 31 37 30 43 294
leaf_count=50 25 27 31 37 30 43 294
internal_value=0 -5.02134e-06 4.31297e-05 2.22213e-06 -2.92694e-06 -4.52674e-05 6.05809e-06
internal_weight=0 481 56 454 417 73 344
internal_count=537 481 56 454 417 73 344
is_linear=0
shrinkage=0.1


Tree=978
num_leaves=6
num_cat=0
split_feature=27 32 38 33 34
split_gain=1.12106e-05 3.03256e-05 1.41295e-05 1.18789e-05 1.73117e-05
threshold=6.4876828601347034 6.2841271995609906 6.4496799081455176 5.3131938456227115 5.609465086342035
decision_type=2 2 2 2 2
left_child=1 2 3 4 -1
right_child=-2 -3 -4 -5 -6
leaf_value=-4.9671327681245347e-06 5.7398124113205995e-05 -9.7850903455309893e-05 7.5901534215518045e-05 -5.3351631395344155e-05 5.2413609826603102e-05
leaf_weight=346 32 32 25 40 62
leaf_count=346 32 32 25 40 62
internal_value=0 -3.63711e-06 2.73676e-06 -1.34609e-06 3.75249e-06
internal_weight=0 505 473 448 408
internal_count=537 505 473 448 408
is_linear=0
shrinkage=0.1


Tree=979
num_leaves=6
num_cat=0
split_feature=40 38 35 65 65
split_gain=1.08648e-05 3.11062e-05 1.2517e-05 1.02551e-05 2.0481e-05
threshold=6.6707012585667238 6.6883353279854534 6.1246809968142868 1.6283470507525168 2.0437968629351944
decision_type=2 2 2 2 2
left_child=1 2 3 -1 -5
right_child=-2 -3 -4 4 -6
leaf_value=4.64690650915145e-05 6.3058938002751147e-05 -0.00011952895332466472 6.6942933426616949e-05 -8.4747808972268453e-05 -2.971227981199776e-07
leaf_weight=40 26 22 28 31 390
leaf_count=40 26 22 28 31 390
internal_value=0 -3.20848e-06 2.02475e-06 -1.91822e-06 -6.51558e-06
internal_weight=0 511 489 461 421
internal_count=537 511 489 461 421
is_linear=0
shrinkage=0.1


Tree=980
num_leaves=13
num_cat=0
split_feature=31 27 36 40 6 26 38 20 27 25 66 83
split_gain=9.99696e-06 5.33071e-05 2.2135e-05 5.12076e-05 4.19349e-05 7.99532e-05 2.78357e-05 2.46082e-05 2.03798e-05 2.00284e-05 1.68757e-05 1.8895e-05
threshold=5.379886735236628 5.1984817689835037 3.6235402922928786 4.465842055365858 4.9089648320872419 4.7790881836238563 4.5746578350692051 3.9219243190762363 5.476454798506734 5.0271592211193568 3.8499212036984933 1.0184707708828478
decision_type=2 2 2 2 2 2 2 2 2 2 2 2
left_child=1 2 4 6 5 -1 -4 -5 -2 -10 -11 -12
right_child=8 -3 3 7 -6 -7 -8 -9 9 10 11 -13
leaf_value=-2.6082978271908798e-05 0.00010753398939572355 -0.00013055818673103313 4.5187526910694946e-05 6.3944641593040844e-05 -0.00010707724005832071 0.0001656531227546601 0.00020091413194181355 -4.9204790169217938e-05 -8.1685226673884755e-05 8.5789460060749982e-05 2.6024275187966043e-05 -7.8088767085042176e-05
leaf_weight=133 23 33 24 29 42 26 22 57 22 31 72 23
leaf_count=133 23 33 24 29 42 26 22 57 22 31 72 23
internal_value=0 -9.32619e-06 2.68779e-06 3.45025e-05 -1.82055e-05 5.27009e-06 0.000119665 -1.10497e-05 1.99613e-05 6.35206e-06 2.17236e-05 8.1796e-07
internal_weight=0 366 333 132 201 159 46 86 171 148 126 95
internal_count=537 366 333 132 201 159 46 86 171 148 126 95
is_linear=0
shrinkage=0.1


Tree=981
num_leaves=6
num_cat=0
split_feature=41 84 84 38 42
split_gain=1.09183e-05 1.15323e-05 1.06715e-05 1.68574e-05 1.59539e-05
threshold=6.4068582012380899 0.67860442521111775 0.62580442334017827 6.2557481997290569 5.3032925319746216
decision_type=2 2 2 2 2
left_child=1 2 3 4 -1
right_child=-2 -3 -4 -5 -6
leaf_value=1.0859955523006034e-05 -5.3193311982290144e-05 6.190551553117985e-05 -5.4095784948645711e-05 8.7393711597225936e-05 -3.4439251125534681e-05
leaf_weight=308 36 32 34 23 104
leaf_count=308 36 32 34 23 104
internal_value=0 3.82227e-06 -1.40761e-07 4.07641e-06 -5.74796e-07
internal_weight=0 501 469 435 412
internal_count=537 501 469 435 412
is_linear=0
shrinkage=0.1


Tree=982
num_leaves=12
num_cat=0
split_feature=102 102 23 54 71 99 37 60 48 88 71
split_gain=1.09193e-05 6.1676e-05 8.49614e-05 2.31172e-05 3.55077e-05 2.2852e-05 1.87318e-05 5.25319e-05 4.13491e-05 6.95789e-05 2.8668e-05
threshold=3.6105525490912482 3.2180751841847144 5.3981524641123215 5.9080238609549438 1.2424533248940004 3.5549397315361362 1.5890269151739731 1.0551066001732952 4.317399216745252 0.19426832083509774 2.2975599250672958
decision_type=2 2 2 2 2 2 2 2 2 2 2
left_child=1 6 -3 4 -2 -5 8 -8 9 -1 -9
right_child=3 2 -4 5 -6 -7 7 10 -10 -11 -12
leaf_value=0.00012188795818505682 0.0001360856157966087 -0.00025379268391470365 1.0058036311350476e-05 -6.9010466851091807e-05 -5.3650895602509588e-06 3.6696273715744273e-05 0.00016054335683293177 -1.4379204524252808e-05 -0.00012629081548150298 -0.00011394984867365566 6.951317973632612e-05
leaf_weight=29 35 23 26 39 36 43 24 176 31 22 53
leaf_count=29 35 23 26 39 36 43 24 176 31 22 53
internal_value=0 -9.001e-06 -0.00011379 2.25908e-05 6.43641e-05 -1.35789e-05 6.32638e-06 1.97885e-05 -3.52093e-05 2.0154e-05 5.03694e-06
internal_weight=0 384 49 153 71 82 335 253 82 51 229
internal_count=537 384 49 153 71 82 335 253 82 51 229
is_linear=0
shrinkage=0.1


Tree=983
num_leaves=10
num_cat=0
split_feature=84 97 65 36 4 50 61 51 29
split_gain=9.90908e-06 1.3982e-05 5.53407e-05 5.19223e-05 4.09299e-05 6.43547e-05 4.20368e-05 2.84338e-05 1.64929e-05
threshold=0.68497705806044296 3.4498615536424366 1.6085863662850206 1.9356005054539456 3.7132745361986528 3.2951505240983434 4.0026635662090859 1.9356005054539456 5.8141260764699529
decision_type=2 2 2 2 2 2 2 2 2
left_child=1 2 -1 -4 5 -3 -6 -5 -8
right_child=-2 4 3 7 6 -7 8 -9 -10
leaf_value=-0.00014023256456224069 -5.5843530099082272e-05 0.00022730348069175803 0.00012946661143879674 3.0629693027862475e-05 -9.2230425760623429e-05 -3.1030528505113956e-06 3.191504314383955e-05 -6.1307555850362403e-05 -3.5334535538783273e-05
leaf_weight=31 30 22 28 61 41 27 176 75 46
leaf_count=31 30 22 28 61 41 27 176 75 46
internal_value=0 3.30435e-06 -1.77015e-05 5.45982e-06 1.6433e-05 0.000100345 7.99283e-07 -2.0071e-05 1.79804e-05
internal_weight=0 507 195 164 312 49 263 136 222
internal_count=537 507 195 164 312 49 263 136 222
is_linear=0
shrinkage=0.1


Tree=984
num_leaves=10
num_cat=0
split_feature=80 34 37 81 37 39 96 11 50
split_gain=9.58925e-06 5.97617e-05 2.45852e-05 2.46349e-05 3.744e-05 6.39225e-05 5.30844e-05 2.19597e-05 1.87044e-05
threshold=0.97575882019212934 6.3007841113004242 5.9634967309428317 2.1664091395297538 1.5890269151739731 2.9430520157250784 3.2180751841847144 3.0201273556387074 4.5325416796595226
decision_type=2 2 2 2 2 2 2 2 2
left_child=2 7 3 4 6 -6 -1 -2 -9
right_child=1 -3 -4 -5 5 -7 -8 8 -10
leaf_value=5.602610758614901e-05 -4.5439917717293465e-05 -0.0001661195501123795 7.8976517503432723e-05 9.9253051461267261e-05 9.8313406063728803e-05 -1.7059488998211685e-05 -0.00012221586453961208 -1.7871759453555571e-05 9.5379640489617109e-05
leaf_weight=24 43 24 43 23 63 202 55 25 35
leaf_count=24 43 24 43 23 63 202 55 25 35
internal_value=0 -2.40102e-05 7.4373e-06 -9.44681e-07 -7.64395e-06 1.03688e-05 -6.80664e-05 9.10269e-06 4.81916e-05
internal_weight=0 127 410 367 344 265 79 103 60
internal_count=537 127 410 367 344 265 79 103 60
is_linear=0
shrinkage=0.1


Tree=985
num_leaves=6
num_cat=0
split_feature=11 41 38 40 44
split_gain=1.02706e-05 2.20393e-05 1.3856e-05 1.29107e-05 1.92722e-05
threshold=6.6950642080078762 6.4068582012380899 6.4496799081455176 6.0185902545239411 5.8888741216379641
decision_type=2 2 2 2 2
left_child=1 2 3 4 -1
right_child=-2 -3 -4 -5 -6
leaf_value=-2.90433280426049e-06 6.6911699931634675e-05 -8.4598904997561014e-05 6.8197858927305783e-05 -7.3352106009375958e-05 9.31814064890866e-05
leaf_weight=408 22 31 30 24 22
leaf_count=408 22 31 30 24 22
internal_value=0 -2.85836e-06 2.37708e-06 -1.97231e-06 2.01168e-06
internal_weight=0 515 484 454 430
internal_count=537 515 484 454 430
is_linear=0
shrinkage=0.1


Tree=986
num_leaves=8
num_cat=0
split_feature=38 40 35 104 5 33 28
split_gain=1.00718e-05 3.89702e-05 1.14629e-05 4.10369e-05 6.93029e-05 3.39598e-05 2.99907e-05
threshold=6.8053391632106601 6.2125880232083288 2.524928003624769 1.0986122886681102 1.5890269151739731 1.8688348091416844 2.6735537653587347
decision_type=2 2 2 2 2 2 2
left_child=1 2 3 -1 -5 -4 -7
right_child=-2 -3 5 4 -6 6 -8
leaf_value=-0.00011670345642521758 5.0344441007001551e-05 -0.00012292750469406689 0.00010632175171589812 0.00015553027525311335 -3.3140053459522858e-05 -7.300087031681971e-05 1.5761675730819895e-05
leaf_weight=34 37 26 35 25 88 45 247
leaf_count=34 37 26 35 25 88 45 247
internal_value=0 -3.72549e-06 2.81302e-06 -2.03809e-05 8.60117e-06 1.32396e-05 2.08252e-06
internal_weight=0 500 474 147 113 327 292
internal_count=537 500 474 147 113 327 292
is_linear=0
shrinkage=0.1


Tree=987
num_leaves=12
num_cat=0
split_feature=87 10 61 65 33 25 86 35 18 53 53
split_gain=9.76082e-06 3.68473e-05 3.35146e-05 2.17778e-05 1.96324e-05 4.87177e-05 3.48943e-05 2.16428e-05 2.77743e-05 1.62355e-05 1.87902e-05
threshold=0.5556069708080712 6.3062686269857116 1.7681961091660321 1.6283470507525168 3.1132683346437333 2.8029010331479989 0.62377974257719337 4.0773937863842606 4.6913057964583187 2.7621254806540354 4.2824042442592738
decision_type=2 2 2 2 2 2 2 2 2 2 2
left_child=3 2 -2 -1 5 6 -5 -6 -9 -4 -11
right_child=1 -3 9 4 7 -7 -8 8 -10 10 -12
leaf_value=9.2630552011030431e-05 -0.00010930450321624944 -0.00014189904210401108 8.1312475231243297e-05 3.7438188517142729e-05 9.3549205407863632e-05 -0.00013085285858583769 -0.0001025204053249858 -7.935497964126626e-05 2.1751284384663451e-05 -6.8260141706559817e-05 5.6982438127306527e-05
leaf_weight=28 22 22 35 79 33 35 23 32 180 25 23
leaf_count=28 22 22 35 79 33 35 23 32 180 25 23
internal_value=0 -2.4224e-05 4.31715e-07 7.50353e-06 1.26386e-06 -2.90526e-05 5.8789e-06 1.82163e-05 6.48996e-06 2.95184e-05 -8.24807e-06
internal_weight=0 127 105 410 382 137 102 245 212 83 48
internal_count=537 127 105 410 382 137 102 245 212 83 48
is_linear=0
shrinkage=0.1


Tree=988
num_leaves=8
num_cat=0
split_feature=36 32 103 46 30 100 87
split_gain=9.5966e-06 3.5996e-05 1.15429e-05 5.36877e-05 7.73582e-05 2.85115e-05 1.94994e-05
threshold=6.4232258802757327 6.2633964485293765 2.9174053685313028 3.7609296261008152 5.0434043048315838 6.5985053163450944 0.67261888244153256
decision_type=2 2 2 2 2 2 2
left_child=1 2 3 -1 -5 -4 -7
right_child=-2 -3 5 4 -6 6 -8
leaf_value=-0.00014051200657074032 4.8442877373657357e-05 -0.00012875086388455451 8.7250096146098549e-05 0.00010467049998422024 -8.7751286322693494e-05 8.0166762284421042e-06 -8.0794904432776907e-05
leaf_weight=30 38 22 43 45 39 293 27
leaf_count=30 38 22 43 45 39 293 27
internal_value=0 -3.68904e-06 2.07901e-06 -2.56797e-05 1.53318e-05 1.07966e-05 5.23199e-07
internal_weight=0 499 477 114 84 363 320
internal_count=537 499 477 114 84 363 320
is_linear=0
shrinkage=0.1


Tree=989
num_leaves=14
num_cat=0
split_feature=89 89 98 100 98 20 51 9 45 50 21 16 70
split_gain=9.44425e-06 6.76145e-05 3.33723e-05 6.20229e-05 4.62825e-05 5.37746e-05 6.52995e-05 5.9446e-05 3.50001e-05 2.90258e-05 8.06711e-05 5.79493e-05 3.5288e-05
threshold=0.22974486851048764 0.028591544580249383 3.891612008168019 9.4972414397771683 3.2769667020129059 2.6735537653587347 2.9430520157250784 1.8688348091416844 4.8282817362782584 1.9356005054539456 3.1984648276080736 2.602003343538398 3.403635035995666
decision_type=2 2 2 2 2 2 2 2 2 2 2 2 2
left_child=1 9 4 8 5 7 -7 -2 -4 10 -1 -11 -13
right_child=2 -3 3 -5 -6 6 -8 -9 -10 11 -12 12 -14
leaf_value=0.00019350390661943326 0.00021385005384217949 -0.00014901918154919258 0.00021496517454377479 -2.9144385480321943e-05 -0.00014476330578200641 -0.00013793941662798817 5.2527090646334623e-05 -1.8618866901802409e-05 4.5047041579561088e-05 -0.00011762636256229425 -4.4757614959962671e-05 0.00010629285728403677 -8.2801804945057521e-06
leaf_weight=27 22 32 27 40 23 36 36 22 22 42 30 33 145
leaf_count=27 22 32 27 40 23 36 36 22 22 42 30 33 145
internal_value=0 -1.13916e-05 1.54386e-05 6.32508e-05 -1.51749e-05 1.05193e-05 -4.27062e-05 9.76156e-05 0.000138675 4.50761e-06 6.81031e-05 -1.19694e-05 1.29609e-05
internal_weight=0 309 228 89 139 116 72 44 49 277 57 220 178
internal_count=537 309 228 89 139 116 72 44 49 277 57 220 178
is_linear=0
shrinkage=0.1


Tree=990
num_leaves=10
num_cat=0
split_feature=31 35 42 29 29 3 53 97 86
split_gain=1.08885e-05 7.03551e-05 2.18877e-05 3.27492e-05 5.13409e-05 1.62907e-05 1.82691e-05 1.8015e-05 2.86354e-05
threshold=5.5606520443413574 5.476454798506734 5.9375327241700111 4.5107991236896536 4.1266138227908868 4.8121513051691478 4.2425600231327421 5.379886735236628 0.022320104092382376
decision_type=2 2 2 2 2 2 2 2 2
left_child=1 2 3 4 -1 -2 7 -7 -9
right_child=5 -3 -4 -5 -6 6 -8 8 -10
leaf_value=-6.4410625113583484e-06 8.3789976441253476e-05 -0.00018250863213324921 8.2005784321565104e-05 -9.073315240129887e-05 0.00014915351892578539 -8.397437871688704e-05 6.651877505218556e-05 -6.2724138435442002e-05 8.5801392291344849e-05
leaf_weight=272 34 22 31 40 23 29 34 25 27
leaf_count=272 34 22 31 40 23 29 34 25 27
internal_value=0 -8.82416e-06 1.61589e-06 -5.82318e-06 5.69004e-06 2.29784e-05 4.99927e-06 -2.08237e-05 1.43949e-05
internal_weight=0 388 366 335 295 149 115 81 52
internal_count=537 388 366 335 295 149 115 81 52
is_linear=0
shrinkage=0.1


Tree=991
num_leaves=10
num_cat=0
split_feature=31 12 13 17 9 27 25 23 86
split_gain=9.6175e-06 4.42422e-05 1.79265e-05 3.85751e-05 2.53429e-05 1.73917e-05 1.44414e-05 1.42285e-05 2.38829e-05
threshold=5.379886735236628 6.0614542021347031 4.8282817362782584 4.5053345884235583 4.5325416796595226 5.476454798506734 5.0271592211193568 5.9188794015264019 0.56848091292795699
decision_type=2 2 2 2 2 2 2 2 2
left_child=1 2 3 4 -1 -2 -7 -8 -9
right_child=5 -3 -4 -5 -6 6 7 8 -10
leaf_value=-7.115247372269096e-06 0.00010047722443351118 -0.00014341189937271259 6.3682709085883412e-05 -0.00013000449377310969 0.00010035339222061641 -6.7749405504648826e-05 6.7582989019380571e-05 2.8060511627817538e-05 -9.3215843827982269e-05
leaf_weight=256 23 23 39 24 24 22 42 62 22
leaf_count=256 23 23 39 24 24 22 42 62 22
internal_value=0 -9.14748e-06 -1.44327e-07 -8.33266e-06 2.09635e-06 1.95788e-05 7.00677e-06 2.00594e-05 -3.70234e-06
internal_weight=0 366 343 304 280 171 148 126 84
internal_count=537 366 343 304 280 171 148 126 84
is_linear=0
shrinkage=0.1


Tree=992
num_leaves=11
num_cat=0
split_feature=34 97 40 69 28 11 40 32 73 57
split_gain=9.40726e-06 1.1659e-05 4.69121e-05 4.49742e-05 3.3569e-05 2.89164e-05 4.70541e-05 2.37207e-05 3.69276e-05 1.51989e-05
threshold=7.0996144550911771 3.4498615536424366 1.9356005054539456 2.0948426266444744 2.6735537653587347 4.1742689126930488 2.3937458713910238 4.317399216745252 2.0715673631957667 3.2628053359174207
decision_type=2 2 2 2 2 2 2 2 2 2
left_child=1 2 -1 -4 -5 6 -3 8 -7 -9
right_child=-2 5 3 4 -6 7 -8 9 -10 -11
leaf_value=-0.00010993057022417254 -5.9897588333114986e-05 0.00019380249571192756 0.00013828004492730226 -9.8809409032315555e-05 1.681929190435009e-05 -0.00014958431276378787 8.1715809857188207e-06 -4.4707686165859358e-05 2.3359788277351375e-06 3.1954828853905872e-05
leaf_weight=42 25 22 23 34 96 24 36 31 48 156
leaf_count=42 25 22 23 34 96 24 36 31 48 156
internal_value=0 2.92469e-06 -1.63154e-05 9.38283e-06 -1.34221e-05 1.47601e-05 7.85833e-05 4.67639e-07 -4.83041e-05 1.92461e-05
internal_weight=0 512 195 153 130 317 58 259 72 187
internal_count=537 512 195 153 130 317 58 259 72 187
is_linear=0
shrinkage=0.1


Tree=993
num_leaves=11
num_cat=0
split_feature=15 34 55 23 74 0 60 25 21 14
split_gain=9.66068e-06 5.44894e-05 6.27599e-05 4.33777e-05 7.42569e-05 2.75216e-05 4.86846e-05 2.70787e-05 2.08718e-05 2.25266e-05
threshold=1.9356005054539456 5.0434043048315838 1.9356005054539456 2.3937458713910238 0.12438854946059132 2.8314802400679731 3.7346845347901172 1.8688348091416844 2.6735537653587347 4.1107394736335969
decision_type=2 2 2 2 2 2 2 2 2 2
left_child=1 2 -1 4 -2 -4 -7 -5 -9 -10
right_child=3 -3 5 7 -6 6 -8 8 9 -11
leaf_value=-0.00020270122078490323 0.00023112007385696581 0.00011554290107266173 8.0351014383433562e-05 -0.0001005886473581928 -2.5860033549732812e-05 -0.00015480161538713826 4.8797152830166342e-05 8.781015642819478e-05 -9.1154486263231207e-05 4.2481335703108539e-06
leaf_weight=23 22 22 22 27 23 24 23 27 27 297
leaf_count=23 22 22 22 27 23 24 23 27 27 297
internal_value=0 -2.58365e-05 -5.96447e-05 6.96304e-06 9.97747e-05 -1.19592e-05 -5.51682e-05 -4.08596e-06 3.33732e-06 -3.70208e-06
internal_weight=0 114 92 423 45 69 47 378 351 324
internal_count=537 114 92 423 45 69 47 378 351 324
is_linear=0
shrinkage=0.1


Tree=994
num_leaves=10
num_cat=0
split_feature=41 64 53 57 13 74 72 30 78
split_gain=9.23793e-06 8.04311e-05 7.39718e-05 4.85754e-05 3.23369e-05 2.23109e-05 4.39929e-05 1.64249e-05 4.34924e-05
threshold=1.8688348091416844 2.3902615367329769 1.42719842658769 3.2096105065413094 1.8688348091416844 0.88252434624072318 0.3234841350545728 4.4187680230537838 1.7627137242476509
decision_type=2 2 2 2 2 2 2 2 2
left_child=2 -2 -1 -4 -3 6 -6 8 -5
right_child=1 4 3 7 5 -7 -8 -9 -10
leaf_value=0.00015805380591641993 -0.00017420828899722201 8.6081188174132477e-05 -0.000149981841094483 0.00015807943491381594 -1.2955510393072365e-05 -9.6906368962663695e-05 0.00010061218411768398 -3.8237040268629041e-05 -3.4706046775681896e-05
leaf_weight=31 27 43 22 22 272 25 39 31 25
leaf_count=31 27 43 22 22 272 25 39 31 25
internal_value=0 -7.45028e-06 2.30902e-05 -1.87485e-05 4.42957e-06 -6.01989e-06 1.2861e-06 1.8266e-05 5.5534e-05
internal_weight=0 406 131 100 379 336 311 78 47
internal_count=537 406 131 100 379 336 311 78 47
is_linear=0
shrinkage=0.1


Tree=995
num_leaves=8
num_cat=0
split_feature=27 26 17 17 65 3 87
split_gain=9.48299e-06 2.55007e-05 1.04688e-05 4.25507e-05 4.10899e-05 4.6793e-05 1.75813e-05
threshold=6.4876828601347034 6.5624281337850094 1.8688348091416844 2.3502401828962087 1.6085863662850206 1.9356005054539456 0.67261888244153256
decision_type=2 2 2 2 2 2 2
left_child=1 2 4 -4 -1 -6 -5
right_child=-2 -3 3 6 5 -7 -8
leaf_value=-0.00014408175816045158 5.2790542372349596e-05 -0.0001062153693213907 0.00014500372797721699 8.7524996919347876e-06 6.6495126272705175e-05 -6.9386280123813159e-05 -7.0302645044942054e-05
leaf_weight=23 32 23 22 304 55 47 31
leaf_count=23 32 23 22 304 55 47 31
internal_value=0 -3.34514e-06 1.5636e-06 1.02842e-05 -2.33424e-05 3.88311e-06 1.43695e-06
internal_weight=0 505 482 357 125 102 335
internal_count=537 505 482 357 125 102 335
is_linear=0
shrinkage=0.1


Tree=996
num_leaves=7
num_cat=0
split_feature=65 63 42 87 6 42
split_gain=1.08163e-05 1.93461e-05 1.23624e-05 2.40237e-05 1.72553e-05 1.68456e-05
threshold=1.6283470507525168 2.9430520157250784 2.3937458713910238 0.036928771232934005 2.191013317336941 3.7132745361986528
decision_type=2 2 2 2 2 2
left_child=-1 -2 3 -3 -4 -6
right_child=1 2 4 -5 5 -7
leaf_value=5.0026469507429292e-05 -7.8007311579616126e-05 -9.1066582172061313e-06 -9.1226428809353501e-05 0.00011849721322141704 -6.7317687171453142e-05 6.4391198643940414e-06
leaf_weight=40 33 36 22 25 34 347
leaf_count=40 33 36 22 25 34 347
internal_value=0 -4.02628e-06 1.23531e-06 4.319e-05 -5.11516e-06 -1.42852e-07
internal_weight=0 497 464 61 403 381
internal_count=537 497 464 61 403 381
is_linear=0
shrinkage=0.1


Tree=997
num_leaves=12
num_cat=0
split_feature=89 89 50 21 8 0 79 102 9 96 100
split_gain=9.49017e-06 5.36932e-05 2.70949e-05 5.9149e-05 4.89764e-05 6.63849e-05 2.41906e-05 3.75182e-05 4.36177e-05 4.33028e-05 2.51413e-05
threshold=0.22974486851048764 0.028591544580249383 1.9356005054539456 3.1984648276080736 1.5890269151739729 2.6735537653587347 3.8709839499103427 3.1345481418531311 4.5325416796595226 3.2180751841847144 9.5087274500443488
decision_type=2 2 2 2 2 2 2 2 2 2 2
left_child=1 2 3 -1 -4 -6 7 8 9 -2 -8
right_child=6 -3 4 -5 5 -7 10 -9 -10 -11 -12
leaf_value=0.00017157056653458212 0.0001076751630171202 -0.00013406297225628804 -0.00013672363877828634 -3.2447418197989465e-05 0.00016042019027130057 -1.7377036976995443e-05 0.00012115978357001409 -8.652514167936586e-05 0.00014710572998054608 -4.4814261545684221e-05 -4.4347765391908721e-06
leaf_weight=27 25 32 28 30 24 168 37 42 23 73 28
leaf_count=27 25 32 28 30 24 168 37 42 23 73 28
internal_value=0 -1.14193e-05 2.74896e-06 6.41927e-05 -1.31705e-05 4.84762e-06 1.54761e-05 -5.09317e-06 2.31725e-05 -5.9139e-06 6.70575e-05
internal_weight=0 309 277 57 220 192 228 163 121 98 65
internal_count=537 309 277 57 220 192 228 163 121 98 65
is_linear=0
shrinkage=0.1


Tree=998
num_leaves=11
num_cat=0
split_feature=15 34 49 72 32 33 86 32 15 86
split_gain=1.04059e-05 4.23359e-05 5.49923e-05 5.76496e-05 3.94286e-05 5.47657e-05 4.29873e-05 3.05575e-05 2.52396e-05 2.42757e-05
threshold=1.9356005054539456 5.0434043048315838 2.191013317336941 0.22074650215228078 1.0397207708399181 1.8688348091416844 0.67560729503369699 4.2625806805327082 3.0201273556387074 0.55060599904129914
decision_type=2 2 2 2 2 2 2 2 2 2
left_child=1 2 -1 -4 5 -2 7 8 -6 -9
right_child=4 -3 3 -5 6 -7 -8 9 -10 -11
leaf_value=-0.00015999231093728945 0.00020868281593390171 9.7804436154547158e-05 8.3061316753238706e-05 -0.00011816493715741672 1.642759525566362e-06 -5.6935170575273408e-06 0.0001090890759388135 1.8749950317815268e-05 -0.00010057043945097143 -6.9224160491816099e-05
leaf_weight=33 22 22 35 24 40 26 31 206 61 37
leaf_count=33 22 22 35 24 40 26 31 206 61 37
internal_value=0 -2.68146e-05 -5.66148e-05 1.20657e-06 7.22662e-06 9.25623e-05 -3.69634e-06 -1.38601e-05 -6.009e-05 5.35472e-06
internal_weight=0 114 92 59 423 48 375 344 101 243
internal_count=537 114 92 59 423 48 375 344 101 243
is_linear=0
shrinkage=0.1


Tree=999
num_leaves=12
num_cat=0
split_feature=79 7 43 92 14 42 38 8 35 32 23
split_gain=9.17686e-06 5.05311e-05 2.50621e-05 4.18417e-05 1.53097e-05 1.59334e-05 4.28354e-05 4.62412e-05 3.23701e-05 4.31895e-05 3.5791e-05
threshold=4.4307459321434584 4.7621374077860157 5.703760251940138 5.328495079488845 6.3952602045833897 3.1345481418531311 2.7058230259275202 1.9356005054539456 2.524928003624769 2.602003343538398 2.3937458713910238
decision_type=2 2 2 2 2 2 2 2 2 2 2
left_child=4 -2 3 -3 5 6 7 -1 9 -7 -10
right_child=1 2 -4 -5 -6 8 -8 -9 10 -11 -12
leaf_value=-0.00010591873328667134 -0.00012561605091572609 4.7802139297567832e-05 0.00010887216308633056 -0.00011633801552670775 7.5925360676289239e-05 -0.00018506656501399862 0.00015670898542536992 7.9666041209089478e-05 0.00012999047291734975 -1.2800312004739766e-05 -3.7835909750521587e-06
leaf_weight=25 35 41 22 25 30 22 23 29 22 43 220
leaf_count=25 35 41 22 25 30 22 23 29 22 43 220
internal_value=0 -2.39832e-05 1.64389e-05 -1.43722e-05 7.12545e-06 1.75046e-06 4.24241e-05 -6.25284e-06 -8.45107e-06 -7.11058e-05 8.37769e-06
internal_weight=0 123 88 66 414 384 77 54 307 65 242
internal_count=537 123 88 66 414 384 77 54 307 65 242
is_linear=0
shrinkage=0.1


end of trees

feature_importances:
Pennsylvania_lag_9=251
Pennsylvania_lag_7=193
Ohio_lag_11=176
Pennsylvania_lag_12=169
quarter_cos=165
Pennsylvania_lag_11=160
North_Carolina_lag_12=153
US_current=153
Pennsylvania_lag_8=151
North_Carolina_roll_std_12=149
Michigan_lag_8=145
Michigan_lag_9=145
Ohio_lag_12=139
Tennessee_current=133
South_Dakota_current=132
Pennsylvania_lag_1=128
North_Carolina_roll_std_2=127
North_Carolina_lag_11=126
month_sin=126
North_Carolina_roll_std_8=120
Pennsylvania_lag_5=119
month_cos=119
North_Carolina_cumulative_mean=119
Michigan_lag_7=118
Maryland_current=117
North_Carolina_lag_9=115
Ohio_lag_10=113
Michigan_lag_6=112
North_Carolina_roll_std_4=112
Ohio_lag_9=111
Michigan_lag_4=110
Pennsylvania_lag_4=107
North_Carolina_lag_6=105
quarter_sin=105
Pennsylvania_lag_2=103
Pennsylvania_lag_3=103
Virginia_current=102
North_Carolina_ewm_alpha_0.1=101
Michigan_lag_12=100
North_Carolina_lag_52=99
Pennsylvania_current=96
Michigan_lag_52=94
Pennsylvania_lag_6=93
Ohio_lag_8=91
North_Carolina_lag_10=91
Ohio_lag_52=90
North_Carolina_roll_mean_8=90
Pennsylvania_lag_52=89
North_Carolina_roll_mean_12=86
Michigan_lag_2=81
North_Carolina_lag_3=79
Michigan_lag_3=79
North_Carolina_lag_4=78
Ohio_lag_5=78
Michigan_lag_11=78
New_Mexico_current=78
Pennsylvania_lag_10=77
Michigan_current=77
Ohio_lag_6=73
North_Carolina_lag_5=72
North_Carolina_lag_7=71
Michigan_lag_1=68
week_sin=65
Ohio_current=64
North_Carolina_lag_8=61
Michigan_lag_5=60
North_Carolina_lag_2=59
Ohio_lag_7=57
North_Carolina_ewm_alpha_0.3=57
North_Carolina_pct_change_52=54
North_Carolina_roll_min_12=52
North_Carolina_lag_1=50
Ohio_lag_4=50
North_Carolina_diff_52=48
Ohio_lag_3=45
Michigan_lag_10=44
North_Carolina_pct_change_1=42
Ohio_lag_2=40
North_Carolina_roll_mean_2=40
North_Carolina_roll_min_2=40
Ohio_lag_1=38
North_Carolina_pct_change_8=37
North_Carolina_diff_2=34
week_cos=34
North_Carolina_roll_max_2=32
North_Carolina_pct_change_4=32
North_Carolina_roll_max_12=30
North_Dakota_current=30
North_Carolina_diff_8=29
North_Carolina_diff_4=28
North_Carolina_roll_min_4=27
North_Carolina_ewm_alpha_0.5=27
North_Carolina_roll_mean_4=26
North_Carolina_roll_max_8=26
North_Carolina_momentum_12=25
North_Carolina_diff_1=23
North_Carolina_pct_change_2=21
North_Carolina_roll_min_8=16
North_Carolina_roll_max_4=13
North_Carolina_momentum_4=7
is_flu_season=7
North_Carolina_momentum_8=1

parameters:
[boosting: gbdt]
[objective: regression]
[metric: l1]
[tree_learner: serial]
[device_type: cpu]
[data_sample_strategy: bagging]
[data: ]
[valid: ]
[num_iterations: 1000]
[learning_rate: 0.1]
[num_leaves: 29]
[num_threads: 16]
[seed: 0]
[deterministic: 0]
[force_col_wise: 0]
[force_row_wise: 0]
[histogram_pool_size: -1]
[max_depth: 5]
[min_data_in_leaf: 22]
[min_sum_hessian_in_leaf: 0.001]
[bagging_fraction: 1]
[pos_bagging_fraction: 1]
[neg_bagging_fraction: 1]
[bagging_freq: 0]
[bagging_seed: 3]
[feature_fraction: 1]
[feature_fraction_bynode: 1]
[feature_fraction_seed: 2]
[extra_trees: 0]
[extra_seed: 6]
[early_stopping_round: 0]
[first_metric_only: 0]
[max_delta_step: 0]
[lambda_l1: 0]
[lambda_l2: 0]
[linear_lambda: 0]
[min_gain_to_split: 0]
[drop_rate: 0.1]
[max_drop: 50]
[skip_drop: 0.5]
[xgboost_dart_mode: 0]
[uniform_drop: 0]
[drop_seed: 4]
[top_rate: 0.2]
[other_rate: 0.1]
[min_data_per_group: 100]
[max_cat_threshold: 32]
[cat_l2: 10]
[cat_smooth: 10]
[max_cat_to_onehot: 4]
[top_k: 20]
[monotone_constraints: ]
[monotone_constraints_method: basic]
[monotone_penalty: 0]
[feature_contri: ]
[forcedsplits_filename: ]
[refit_decay_rate: 0.9]
[cegb_tradeoff: 1]
[cegb_penalty_split: 0]
[cegb_penalty_feature_lazy: ]
[cegb_penalty_feature_coupled: ]
[path_smooth: 0]
[interaction_constraints: ]
[verbosity: -1]
[saved_feature_importance_type: 0]
[use_quantized_grad: 0]
[num_grad_quant_bins: 4]
[quant_train_renew_leaf: 0]
[stochastic_rounding: 1]
[linear_tree: 0]
[max_bin: 255]
[max_bin_by_feature: ]
[min_data_in_bin: 3]
[bin_construct_sample_cnt: 200000]
[data_random_seed: 1]
[is_enable_sparse: 1]
[enable_bundle: 1]
[use_missing: 1]
[zero_as_missing: 0]
[feature_pre_filter: 1]
[pre_partition: 0]
[two_round: 0]
[header: 0]
[label_column: ]
[weight_column: ]
[group_column: ]
[ignore_column: ]
[categorical_feature: ]
[forcedbins_filename: ]
[precise_float_parser: 0]
[parser_config_file: ]
[objective_seed: 5]
[num_class: 1]
[is_unbalance: 0]
[scale_pos_weight: 1]
[sigmoid: 1]
[boost_from_average: 1]
[reg_sqrt: 0]
[alpha: 0.9]
[fair_c: 1]
[poisson_max_delta_step: 0.7]
[tweedie_variance_power: 1.5]
[lambdarank_truncation_level: 30]
[lambdarank_norm: 1]
[label_gain: ]
[lambdarank_position_bias_regularization: 0]
[eval_at: ]
[multi_error_top_k: 1]
[auc_mu_weights: ]
[num_machines: 1]
[local_listen_port: 12400]
[time_out: 120]
[machine_list_filename: ]
[machines: ]
[gpu_platform_id: -1]
[gpu_device_id: -1]
[gpu_use_dp: 0]
[num_gpu: 1]

end of parameters

pandas_categorical:[]
