reference_date,target,horizon,target_end_date,location,output_type,output_type_id,value
2025-12-20,wk inc flu hosp,0,2025-12-27,01,quantile,0.01,88.08414583487297
2025-12-20,wk inc flu hosp,0,2025-12-27,01,quantile,0.025,102.6973174593286
2025-12-20,wk inc flu hosp,0,2025-12-27,01,quantile,0.05,122.47753342371163
2025-12-20,wk inc flu hosp,0,2025-12-27,01,quantile,0.1,166.30143814348145
2025-12-20,wk inc flu hosp,0,2025-12-27,01,quantile,0.15,200.39262773040352
2025-12-20,wk inc flu hosp,0,2025-12-27,01,quantile,0.2,230.84466473519714
2025-12-20,wk inc flu hosp,0,2025-12-27,01,quantile,0.25,266.63799255718965
2025-12-20,wk inc flu hosp,0,2025-12-27,01,quantile,0.3,296.39533164995845
2025-12-20,wk inc flu hosp,0,2025-12-27,01,quantile,0.35,328.57411235283365
2025-12-20,wk inc flu hosp,0,2025-12-27,01,quantile,0.4,359.44066125802345
2025-12-20,wk inc flu hosp,0,2025-12-27,01,quantile,0.45,389.3735736218474
2025-12-20,wk inc flu hosp,0,2025-12-27,01,quantile,0.5,415.2820609729579
2025-12-20,wk inc flu hosp,0,2025-12-27,01,quantile,0.55,440.1186327257586
2025-12-20,wk inc flu hosp,0,2025-12-27,01,quantile,0.6,463.57526382034536
2025-12-20,wk inc flu hosp,0,2025-12-27,01,quantile,0.65,494.1604667016838
2025-12-20,wk inc flu hosp,0,2025-12-27,01,quantile,0.7,523.5039511942249
2025-12-20,wk inc flu hosp,0,2025-12-27,01,quantile,0.75,545.786583203699
2025-12-20,wk inc flu hosp,0,2025-12-27,01,quantile,0.8,572.7274838845437
2025-12-20,wk inc flu hosp,0,2025-12-27,01,quantile,0.85,626.9608043920668
2025-12-20,wk inc flu hosp,0,2025-12-27,01,quantile,0.9,726.3435941913534
2025-12-20,wk inc flu hosp,0,2025-12-27,01,quantile,0.95,902.072971934302
2025-12-20,wk inc flu hosp,0,2025-12-27,01,quantile,0.975,1004.3937778953381
2025-12-20,wk inc flu hosp,0,2025-12-27,01,quantile,0.99,1090.4835189592252
2025-12-20,wk inc flu hosp,0,2025-12-27,02,quantile,0.01,5.168065084429995
2025-12-20,wk inc flu hosp,0,2025-12-27,02,quantile,0.025,7.92734716225548
2025-12-20,wk inc flu hosp,0,2025-12-27,02,quantile,0.05,11.950772147700858
2025-12-20,wk inc flu hosp,0,2025-12-27,02,quantile,0.1,16.233280185003917
2025-12-20,wk inc flu hosp,0,2025-12-27,02,quantile,0.15,17.85073614305591
2025-12-20,wk inc flu hosp,0,2025-12-27,02,quantile,0.2,20.314890045938455
2025-12-20,wk inc flu hosp,0,2025-12-27,02,quantile,0.25,22.872578872066093
2025-12-20,wk inc flu hosp,0,2025-12-27,02,quantile,0.3,25.904007704819616
2025-12-20,wk inc flu hosp,0,2025-12-27,02,quantile,0.35,28.538282622277322
2025-12-20,wk inc flu hosp,0,2025-12-27,02,quantile,0.4,30.83389110560264
2025-12-20,wk inc flu hosp,0,2025-12-27,02,quantile,0.45,32.929566402453915
2025-12-20,wk inc flu hosp,0,2025-12-27,02,quantile,0.5,35.1934482470985
2025-12-20,wk inc flu hosp,0,2025-12-27,02,quantile,0.55,38.030518310983176
2025-12-20,wk inc flu hosp,0,2025-12-27,02,quantile,0.6,40.99863662786536
2025-12-20,wk inc flu hosp,0,2025-12-27,02,quantile,0.65,44.3357763998637
2025-12-20,wk inc flu hosp,0,2025-12-27,02,quantile,0.7,48.23162050330268
2025-12-20,wk inc flu hosp,0,2025-12-27,02,quantile,0.75,53.1172899444188
2025-12-20,wk inc flu hosp,0,2025-12-27,02,quantile,0.8,57.748503400842836
2025-12-20,wk inc flu hosp,0,2025-12-27,02,quantile,0.85,70.55234382909033
2025-12-20,wk inc flu hosp,0,2025-12-27,02,quantile,0.9,82.31038915337373
2025-12-20,wk inc flu hosp,0,2025-12-27,02,quantile,0.95,98.42668435221364
2025-12-20,wk inc flu hosp,0,2025-12-27,02,quantile,0.975,118.73844168540562
2025-12-20,wk inc flu hosp,0,2025-12-27,02,quantile,0.99,136.51920486580195
2025-12-20,wk inc flu hosp,0,2025-12-27,04,quantile,0.01,42.969819770306614
2025-12-20,wk inc flu hosp,0,2025-12-27,04,quantile,0.025,48.57636627305632
2025-12-20,wk inc flu hosp,0,2025-12-27,04,quantile,0.05,61.71298978487425
2025-12-20,wk inc flu hosp,0,2025-12-27,04,quantile,0.1,78.86898074104195
2025-12-20,wk inc flu hosp,0,2025-12-27,04,quantile,0.15,91.40132035238094
2025-12-20,wk inc flu hosp,0,2025-12-27,04,quantile,0.2,101.92276018089471
2025-12-20,wk inc flu hosp,0,2025-12-27,04,quantile,0.25,111.11258290582082
2025-12-20,wk inc flu hosp,0,2025-12-27,04,quantile,0.3,119.83049338121009
2025-12-20,wk inc flu hosp,0,2025-12-27,04,quantile,0.35,128.14910398727136
2025-12-20,wk inc flu hosp,0,2025-12-27,04,quantile,0.4,138.77580579463304
2025-12-20,wk inc flu hosp,0,2025-12-27,04,quantile,0.45,147.33409557246637
2025-12-20,wk inc flu hosp,0,2025-12-27,04,quantile,0.5,154.59503564108107
2025-12-20,wk inc flu hosp,0,2025-12-27,04,quantile,0.55,164.66781071249727
2025-12-20,wk inc flu hosp,0,2025-12-27,04,quantile,0.6,174.30950292005573
2025-12-20,wk inc flu hosp,0,2025-12-27,04,quantile,0.65,187.99223512505594
2025-12-20,wk inc flu hosp,0,2025-12-27,04,quantile,0.7,207.46584592424864
2025-12-20,wk inc flu hosp,0,2025-12-27,04,quantile,0.75,233.8120239758214
2025-12-20,wk inc flu hosp,0,2025-12-27,04,quantile,0.8,249.81526609739316
2025-12-20,wk inc flu hosp,0,2025-12-27,04,quantile,0.85,274.9770945345135
2025-12-20,wk inc flu hosp,0,2025-12-27,04,quantile,0.9,334.49351139836745
2025-12-20,wk inc flu hosp,0,2025-12-27,04,quantile,0.95,402.6618865443472
2025-12-20,wk inc flu hosp,0,2025-12-27,04,quantile,0.975,489.06580592029286
2025-12-20,wk inc flu hosp,0,2025-12-27,04,quantile,0.99,621.7116079839831
2025-12-20,wk inc flu hosp,0,2025-12-27,05,quantile,0.01,27.209004940841297
2025-12-20,wk inc flu hosp,0,2025-12-27,05,quantile,0.025,46.78502511254438
2025-12-20,wk inc flu hosp,0,2025-12-27,05,quantile,0.05,67.04872121116907
2025-12-20,wk inc flu hosp,0,2025-12-27,05,quantile,0.1,85.5041443392499
2025-12-20,wk inc flu hosp,0,2025-12-27,05,quantile,0.15,98.17812431512426
2025-12-20,wk inc flu hosp,0,2025-12-27,05,quantile,0.2,115.64795018566963
2025-12-20,wk inc flu hosp,0,2025-12-27,05,quantile,0.25,130.29567922414603
2025-12-20,wk inc flu hosp,0,2025-12-27,05,quantile,0.3,145.4394629117111
2025-12-20,wk inc flu hosp,0,2025-12-27,05,quantile,0.35,157.3379946102077
2025-12-20,wk inc flu hosp,0,2025-12-27,05,quantile,0.4,169.57862640438324
2025-12-20,wk inc flu hosp,0,2025-12-27,05,quantile,0.45,180.44882084402397
2025-12-20,wk inc flu hosp,0,2025-12-27,05,quantile,0.5,194.17064311631114
2025-12-20,wk inc flu hosp,0,2025-12-27,05,quantile,0.55,206.39108281795492
2025-12-20,wk inc flu hosp,0,2025-12-27,05,quantile,0.6,221.96521264442117
2025-12-20,wk inc flu hosp,0,2025-12-27,05,quantile,0.65,240.05602573972024
2025-12-20,wk inc flu hosp,0,2025-12-27,05,quantile,0.7,256.9801938362741
2025-12-20,wk inc flu hosp,0,2025-12-27,05,quantile,0.75,287.5439687692194
2025-12-20,wk inc flu hosp,0,2025-12-27,05,quantile,0.8,331.84521587953583
2025-12-20,wk inc flu hosp,0,2025-12-27,05,quantile,0.85,380.42976236679516
2025-12-20,wk inc flu hosp,0,2025-12-27,05,quantile,0.9,422.06378574783116
2025-12-20,wk inc flu hosp,0,2025-12-27,05,quantile,0.95,522.8613123763025
2025-12-20,wk inc flu hosp,0,2025-12-27,05,quantile,0.975,640.3291752340159
2025-12-20,wk inc flu hosp,0,2025-12-27,05,quantile,0.99,859.527303925079
2025-12-20,wk inc flu hosp,0,2025-12-27,06,quantile,0.01,71.40076843289079
2025-12-20,wk inc flu hosp,0,2025-12-27,06,quantile,0.025,284.6798414113405
2025-12-20,wk inc flu hosp,0,2025-12-27,06,quantile,0.05,394.9847579454318
2025-12-20,wk inc flu hosp,0,2025-12-27,06,quantile,0.1,458.6971718152982
2025-12-20,wk inc flu hosp,0,2025-12-27,06,quantile,0.15,524.3286423294273
2025-12-20,wk inc flu hosp,0,2025-12-27,06,quantile,0.2,591.2842131569299
2025-12-20,wk inc flu hosp,0,2025-12-27,06,quantile,0.25,625.5367641513549
2025-12-20,wk inc flu hosp,0,2025-12-27,06,quantile,0.3,672.5825076945598
2025-12-20,wk inc flu hosp,0,2025-12-27,06,quantile,0.35,725.254878248865
2025-12-20,wk inc flu hosp,0,2025-12-27,06,quantile,0.4,785.6561008844427
2025-12-20,wk inc flu hosp,0,2025-12-27,06,quantile,0.45,843.8722949759818
2025-12-20,wk inc flu hosp,0,2025-12-27,06,quantile,0.5,898.5456425944648
2025-12-20,wk inc flu hosp,0,2025-12-27,06,quantile,0.55,951.0047125471401
2025-12-20,wk inc flu hosp,0,2025-12-27,06,quantile,0.6,983.6160939400128
2025-12-20,wk inc flu hosp,0,2025-12-27,06,quantile,0.65,1052.218202532131
2025-12-20,wk inc flu hosp,0,2025-12-27,06,quantile,0.7,1134.5965159439475
2025-12-20,wk inc flu hosp,0,2025-12-27,06,quantile,0.75,1254.0617676029897
2025-12-20,wk inc flu hosp,0,2025-12-27,06,quantile,0.8,1340.476720684839
2025-12-20,wk inc flu hosp,0,2025-12-27,06,quantile,0.85,1421.379169325084
2025-12-20,wk inc flu hosp,0,2025-12-27,06,quantile,0.9,1512.0586406326165
2025-12-20,wk inc flu hosp,0,2025-12-27,06,quantile,0.95,1705.8153252364527
2025-12-20,wk inc flu hosp,0,2025-12-27,06,quantile,0.975,1832.4111155274668
2025-12-20,wk inc flu hosp,0,2025-12-27,06,quantile,0.99,2012.4520120385134
2025-12-20,wk inc flu hosp,0,2025-12-27,08,quantile,0.01,109.26785877862821
2025-12-20,wk inc flu hosp,0,2025-12-27,08,quantile,0.025,183.74821425549462
2025-12-20,wk inc flu hosp,0,2025-12-27,08,quantile,0.05,230.07480544580793
2025-12-20,wk inc flu hosp,0,2025-12-27,08,quantile,0.1,277.76610210627075
2025-12-20,wk inc flu hosp,0,2025-12-27,08,quantile,0.15,307.1583169020213
2025-12-20,wk inc flu hosp,0,2025-12-27,08,quantile,0.2,332.80686580560155
2025-12-20,wk inc flu hosp,0,2025-12-27,08,quantile,0.25,360.06247444651655
2025-12-20,wk inc flu hosp,0,2025-12-27,08,quantile,0.3,387.8992896551018
2025-12-20,wk inc flu hosp,0,2025-12-27,08,quantile,0.35,424.8104122971419
2025-12-20,wk inc flu hosp,0,2025-12-27,08,quantile,0.4,464.98663019176234
2025-12-20,wk inc flu hosp,0,2025-12-27,08,quantile,0.45,503.9929520143993
2025-12-20,wk inc flu hosp,0,2025-12-27,08,quantile,0.5,543.5202809551605
2025-12-20,wk inc flu hosp,0,2025-12-27,08,quantile,0.55,584.595715198696
2025-12-20,wk inc flu hosp,0,2025-12-27,08,quantile,0.6,628.2251341744989
2025-12-20,wk inc flu hosp,0,2025-12-27,08,quantile,0.65,679.685054323653
2025-12-20,wk inc flu hosp,0,2025-12-27,08,quantile,0.7,742.8419705568497
2025-12-20,wk inc flu hosp,0,2025-12-27,08,quantile,0.75,788.8898781429909
2025-12-20,wk inc flu hosp,0,2025-12-27,08,quantile,0.8,922.7283472310675
2025-12-20,wk inc flu hosp,0,2025-12-27,08,quantile,0.85,1085.4897486776936
2025-12-20,wk inc flu hosp,0,2025-12-27,08,quantile,0.9,1231.0422361930066
2025-12-20,wk inc flu hosp,0,2025-12-27,08,quantile,0.95,1523.6772140227677
2025-12-20,wk inc flu hosp,0,2025-12-27,08,quantile,0.975,1773.042733763222
2025-12-20,wk inc flu hosp,0,2025-12-27,08,quantile,0.99,2102.9442151362773
2025-12-20,wk inc flu hosp,0,2025-12-27,09,quantile,0.01,55.77891174268491
2025-12-20,wk inc flu hosp,0,2025-12-27,09,quantile,0.025,145.64417368062422
2025-12-20,wk inc flu hosp,0,2025-12-27,09,quantile,0.05,189.48034332315817
2025-12-20,wk inc flu hosp,0,2025-12-27,09,quantile,0.1,241.41984325875356
2025-12-20,wk inc flu hosp,0,2025-12-27,09,quantile,0.15,274.1819685973959
2025-12-20,wk inc flu hosp,0,2025-12-27,09,quantile,0.2,304.14329887154395
2025-12-20,wk inc flu hosp,0,2025-12-27,09,quantile,0.25,334.4709685565916
2025-12-20,wk inc flu hosp,0,2025-12-27,09,quantile,0.3,365.59337089613734
2025-12-20,wk inc flu hosp,0,2025-12-27,09,quantile,0.35,383.50709184755783
2025-12-20,wk inc flu hosp,0,2025-12-27,09,quantile,0.4,405.46084036662245
2025-12-20,wk inc flu hosp,0,2025-12-27,09,quantile,0.45,434.2988148524121
2025-12-20,wk inc flu hosp,0,2025-12-27,09,quantile,0.5,458.2494184412099
2025-12-20,wk inc flu hosp,0,2025-12-27,09,quantile,0.55,489.28593844838895
2025-12-20,wk inc flu hosp,0,2025-12-27,09,quantile,0.6,524.5721208890659
2025-12-20,wk inc flu hosp,0,2025-12-27,09,quantile,0.65,571.3179592672576
2025-12-20,wk inc flu hosp,0,2025-12-27,09,quantile,0.7,640.0617159283807
2025-12-20,wk inc flu hosp,0,2025-12-27,09,quantile,0.75,709.0622160572156
2025-12-20,wk inc flu hosp,0,2025-12-27,09,quantile,0.8,810.6404561094616
2025-12-20,wk inc flu hosp,0,2025-12-27,09,quantile,0.85,994.0712501989958
2025-12-20,wk inc flu hosp,0,2025-12-27,09,quantile,0.9,1309.3632863553796
2025-12-20,wk inc flu hosp,0,2025-12-27,09,quantile,0.95,1935.1711140171378
2025-12-20,wk inc flu hosp,0,2025-12-27,09,quantile,0.975,2544.0188443552656
2025-12-20,wk inc flu hosp,0,2025-12-27,09,quantile,0.99,2673.0413723314937
2025-12-20,wk inc flu hosp,0,2025-12-27,10,quantile,0.01,15.426363204032981
2025-12-20,wk inc flu hosp,0,2025-12-27,10,quantile,0.025,22.80430347289742
2025-12-20,wk inc flu hosp,0,2025-12-27,10,quantile,0.05,30.384045033309523
2025-12-20,wk inc flu hosp,0,2025-12-27,10,quantile,0.1,42.82554821807949
2025-12-20,wk inc flu hosp,0,2025-12-27,10,quantile,0.15,49.59842262680453
2025-12-20,wk inc flu hosp,0,2025-12-27,10,quantile,0.2,56.07811267004935
2025-12-20,wk inc flu hosp,0,2025-12-27,10,quantile,0.25,63.77943554746186
2025-12-20,wk inc flu hosp,0,2025-12-27,10,quantile,0.3,73.53169280548349
2025-12-20,wk inc flu hosp,0,2025-12-27,10,quantile,0.35,82.88920015573758
2025-12-20,wk inc flu hosp,0,2025-12-27,10,quantile,0.4,94.81410594001085
2025-12-20,wk inc flu hosp,0,2025-12-27,10,quantile,0.45,107.82428736963122
2025-12-20,wk inc flu hosp,0,2025-12-27,10,quantile,0.5,119.41322126089196
2025-12-20,wk inc flu hosp,0,2025-12-27,10,quantile,0.55,127.63502519376573
2025-12-20,wk inc flu hosp,0,2025-12-27,10,quantile,0.6,145.0506208614159
2025-12-20,wk inc flu hosp,0,2025-12-27,10,quantile,0.65,163.00286384249634
2025-12-20,wk inc flu hosp,0,2025-12-27,10,quantile,0.7,171.9454636861307
2025-12-20,wk inc flu hosp,0,2025-12-27,10,quantile,0.75,199.1866966799243
2025-12-20,wk inc flu hosp,0,2025-12-27,10,quantile,0.8,231.0525663801123
2025-12-20,wk inc flu hosp,0,2025-12-27,10,quantile,0.85,257.75215939157556
2025-12-20,wk inc flu hosp,0,2025-12-27,10,quantile,0.9,303.87100780145084
2025-12-20,wk inc flu hosp,0,2025-12-27,10,quantile,0.95,365.60238768837604
2025-12-20,wk inc flu hosp,0,2025-12-27,10,quantile,0.975,511.43047410076963
2025-12-20,wk inc flu hosp,0,2025-12-27,10,quantile,0.99,516.5674919890864
2025-12-20,wk inc flu hosp,0,2025-12-27,11,quantile,0.01,5.231781659388789
2025-12-20,wk inc flu hosp,0,2025-12-27,11,quantile,0.025,6.411488163090425
2025-12-20,wk inc flu hosp,0,2025-12-27,11,quantile,0.05,8.19073342525309
2025-12-20,wk inc flu hosp,0,2025-12-27,11,quantile,0.1,11.215975423349068
2025-12-20,wk inc flu hosp,0,2025-12-27,11,quantile,0.15,14.811361445389602
2025-12-20,wk inc flu hosp,0,2025-12-27,11,quantile,0.2,18.146376025948108
2025-12-20,wk inc flu hosp,0,2025-12-27,11,quantile,0.25,20.912399753669963
2025-12-20,wk inc flu hosp,0,2025-12-27,11,quantile,0.3,26.655477242853994
2025-12-20,wk inc flu hosp,0,2025-12-27,11,quantile,0.35,30.177275412992152
2025-12-20,wk inc flu hosp,0,2025-12-27,11,quantile,0.4,34.25434634696236
2025-12-20,wk inc flu hosp,0,2025-12-27,11,quantile,0.45,37.927208942594056
2025-12-20,wk inc flu hosp,0,2025-12-27,11,quantile,0.5,42.66201877333041
2025-12-20,wk inc flu hosp,0,2025-12-27,11,quantile,0.55,48.020663919027854
2025-12-20,wk inc flu hosp,0,2025-12-27,11,quantile,0.6,53.26957336424695
2025-12-20,wk inc flu hosp,0,2025-12-27,11,quantile,0.65,57.41573168036132
2025-12-20,wk inc flu hosp,0,2025-12-27,11,quantile,0.7,63.34922953665284
2025-12-20,wk inc flu hosp,0,2025-12-27,11,quantile,0.75,71.44001349434323
2025-12-20,wk inc flu hosp,0,2025-12-27,11,quantile,0.8,82.16442157381144
2025-12-20,wk inc flu hosp,0,2025-12-27,11,quantile,0.85,93.97118018775592
2025-12-20,wk inc flu hosp,0,2025-12-27,11,quantile,0.9,114.74374112616333
2025-12-20,wk inc flu hosp,0,2025-12-27,11,quantile,0.95,147.41408023152684
2025-12-20,wk inc flu hosp,0,2025-12-27,11,quantile,0.975,149.92819717931843
2025-12-20,wk inc flu hosp,0,2025-12-27,11,quantile,0.99,212.56391331347203
2025-12-20,wk inc flu hosp,0,2025-12-27,12,quantile,0.01,365.22352580406664
2025-12-20,wk inc flu hosp,0,2025-12-27,12,quantile,0.025,671.1706100784066
2025-12-20,wk inc flu hosp,0,2025-12-27,12,quantile,0.05,958.0859406009242
2025-12-20,wk inc flu hosp,0,2025-12-27,12,quantile,0.1,1168.4702133531034
2025-12-20,wk inc flu hosp,0,2025-12-27,12,quantile,0.15,1308.8628511632344
2025-12-20,wk inc flu hosp,0,2025-12-27,12,quantile,0.2,1464.3039134967903
2025-12-20,wk inc flu hosp,0,2025-12-27,12,quantile,0.25,1566.0812671661938
2025-12-20,wk inc flu hosp,0,2025-12-27,12,quantile,0.3,1663.3793775984539
2025-12-20,wk inc flu hosp,0,2025-12-27,12,quantile,0.35,1802.9110977694913
2025-12-20,wk inc flu hosp,0,2025-12-27,12,quantile,0.4,1928.2414704449802
2025-12-20,wk inc flu hosp,0,2025-12-27,12,quantile,0.45,2033.5110380824294
2025-12-20,wk inc flu hosp,0,2025-12-27,12,quantile,0.5,2150.2391139877036
2025-12-20,wk inc flu hosp,0,2025-12-27,12,quantile,0.55,2250.1778462976026
2025-12-20,wk inc flu hosp,0,2025-12-27,12,quantile,0.6,2332.253399629897
2025-12-20,wk inc flu hosp,0,2025-12-27,12,quantile,0.65,2447.384351210749
2025-12-20,wk inc flu hosp,0,2025-12-27,12,quantile,0.7,2573.2486827636762
2025-12-20,wk inc flu hosp,0,2025-12-27,12,quantile,0.75,2729.386306747926
2025-12-20,wk inc flu hosp,0,2025-12-27,12,quantile,0.8,2916.3410273350873
2025-12-20,wk inc flu hosp,0,2025-12-27,12,quantile,0.85,3206.337125228132
2025-12-20,wk inc flu hosp,0,2025-12-27,12,quantile,0.9,3486.102111672807
2025-12-20,wk inc flu hosp,0,2025-12-27,12,quantile,0.95,4120.850150980334
2025-12-20,wk inc flu hosp,0,2025-12-27,12,quantile,0.975,4833.24735007435
2025-12-20,wk inc flu hosp,0,2025-12-27,12,quantile,0.99,5246.59796281132
2025-12-20,wk inc flu hosp,0,2025-12-27,13,quantile,0.01,141.04021426670363
2025-12-20,wk inc flu hosp,0,2025-12-27,13,quantile,0.025,202.74694490649892
2025-12-20,wk inc flu hosp,0,2025-12-27,13,quantile,0.05,251.36750452288058
2025-12-20,wk inc flu hosp,0,2025-12-27,13,quantile,0.1,325.1743236389722
2025-12-20,wk inc flu hosp,0,2025-12-27,13,quantile,0.15,356.7419070375012
2025-12-20,wk inc flu hosp,0,2025-12-27,13,quantile,0.2,385.887670521777
2025-12-20,wk inc flu hosp,0,2025-12-27,13,quantile,0.25,451.5872012347832
2025-12-20,wk inc flu hosp,0,2025-12-27,13,quantile,0.3,496.8308873311461
2025-12-20,wk inc flu hosp,0,2025-12-27,13,quantile,0.35,528.2132057348247
2025-12-20,wk inc flu hosp,0,2025-12-27,13,quantile,0.4,576.531413906649
2025-12-20,wk inc flu hosp,0,2025-12-27,13,quantile,0.45,624.5464086031795
2025-12-20,wk inc flu hosp,0,2025-12-27,13,quantile,0.5,674.9679864351934
2025-12-20,wk inc flu hosp,0,2025-12-27,13,quantile,0.55,710.8061468708511
2025-12-20,wk inc flu hosp,0,2025-12-27,13,quantile,0.6,740.1274216246849
2025-12-20,wk inc flu hosp,0,2025-12-27,13,quantile,0.65,778.2738608815306
2025-12-20,wk inc flu hosp,0,2025-12-27,13,quantile,0.7,831.7443407148753
2025-12-20,wk inc flu hosp,0,2025-12-27,13,quantile,0.75,874.3489203726103
2025-12-20,wk inc flu hosp,0,2025-12-27,13,quantile,0.8,941.1298777363896
2025-12-20,wk inc flu hosp,0,2025-12-27,13,quantile,0.85,1019.9388056575126
2025-12-20,wk inc flu hosp,0,2025-12-27,13,quantile,0.9,1105.9789352304
2025-12-20,wk inc flu hosp,0,2025-12-27,13,quantile,0.95,1306.1571790646772
2025-12-20,wk inc flu hosp,0,2025-12-27,13,quantile,0.975,1459.7787470526494
2025-12-20,wk inc flu hosp,0,2025-12-27,13,quantile,0.99,1592.7526299794788
2025-12-20,wk inc flu hosp,0,2025-12-27,15,quantile,0.01,19.179192036456385
2025-12-20,wk inc flu hosp,0,2025-12-27,15,quantile,0.025,23.512721227781054
2025-12-20,wk inc flu hosp,0,2025-12-27,15,quantile,0.05,31.549537521811057
2025-12-20,wk inc flu hosp,0,2025-12-27,15,quantile,0.1,45.34766103324602
2025-12-20,wk inc flu hosp,0,2025-12-27,15,quantile,0.15,51.03043741016436
2025-12-20,wk inc flu hosp,0,2025-12-27,15,quantile,0.2,56.15183786654411
2025-12-20,wk inc flu hosp,0,2025-12-27,15,quantile,0.25,59.53282670137319
2025-12-20,wk inc flu hosp,0,2025-12-27,15,quantile,0.3,63.421359912435655
2025-12-20,wk inc flu hosp,0,2025-12-27,15,quantile,0.35,67.09498507777167
2025-12-20,wk inc flu hosp,0,2025-12-27,15,quantile,0.4,71.96739762225587
2025-12-20,wk inc flu hosp,0,2025-12-27,15,quantile,0.45,76.24757678056125
2025-12-20,wk inc flu hosp,0,2025-12-27,15,quantile,0.5,81.88997193371785
2025-12-20,wk inc flu hosp,0,2025-12-27,15,quantile,0.55,87.57607418689409
2025-12-20,wk inc flu hosp,0,2025-12-27,15,quantile,0.6,94.74740576995157
2025-12-20,wk inc flu hosp,0,2025-12-27,15,quantile,0.65,104.03083881993842
2025-12-20,wk inc flu hosp,0,2025-12-27,15,quantile,0.7,117.78899766625132
2025-12-20,wk inc flu hosp,0,2025-12-27,15,quantile,0.75,132.2259376399919
2025-12-20,wk inc flu hosp,0,2025-12-27,15,quantile,0.8,145.6550805951871
2025-12-20,wk inc flu hosp,0,2025-12-27,15,quantile,0.85,161.30537831757854
2025-12-20,wk inc flu hosp,0,2025-12-27,15,quantile,0.9,183.7466876116975
2025-12-20,wk inc flu hosp,0,2025-12-27,15,quantile,0.95,246.66274763766907
2025-12-20,wk inc flu hosp,0,2025-12-27,15,quantile,0.975,332.0071460812048
2025-12-20,wk inc flu hosp,0,2025-12-27,15,quantile,0.99,443.53795059967086
2025-12-20,wk inc flu hosp,0,2025-12-27,16,quantile,0.01,16.82263671956412
2025-12-20,wk inc flu hosp,0,2025-12-27,16,quantile,0.025,24.98928889216377
2025-12-20,wk inc flu hosp,0,2025-12-27,16,quantile,0.05,33.338808970816736
2025-12-20,wk inc flu hosp,0,2025-12-27,16,quantile,0.1,47.71759885649228
2025-12-20,wk inc flu hosp,0,2025-12-27,16,quantile,0.15,58.773168167675436
2025-12-20,wk inc flu hosp,0,2025-12-27,16,quantile,0.2,67.11583901880299
2025-12-20,wk inc flu hosp,0,2025-12-27,16,quantile,0.25,74.49855407090085
2025-12-20,wk inc flu hosp,0,2025-12-27,16,quantile,0.3,82.26980772402182
2025-12-20,wk inc flu hosp,0,2025-12-27,16,quantile,0.35,89.86344550262108
2025-12-20,wk inc flu hosp,0,2025-12-27,16,quantile,0.4,96.17985867943396
2025-12-20,wk inc flu hosp,0,2025-12-27,16,quantile,0.45,103.42158241114198
2025-12-20,wk inc flu hosp,0,2025-12-27,16,quantile,0.5,112.31291499497625
2025-12-20,wk inc flu hosp,0,2025-12-27,16,quantile,0.55,122.42029040494913
2025-12-20,wk inc flu hosp,0,2025-12-27,16,quantile,0.6,133.53824887808133
2025-12-20,wk inc flu hosp,0,2025-12-27,16,quantile,0.65,146.50657181943527
2025-12-20,wk inc flu hosp,0,2025-12-27,16,quantile,0.7,157.4796197675502
2025-12-20,wk inc flu hosp,0,2025-12-27,16,quantile,0.75,178.48710254071202
2025-12-20,wk inc flu hosp,0,2025-12-27,16,quantile,0.8,199.37405532876485
2025-12-20,wk inc flu hosp,0,2025-12-27,16,quantile,0.85,222.34851394824213
2025-12-20,wk inc flu hosp,0,2025-12-27,16,quantile,0.9,264.6332267323101
2025-12-20,wk inc flu hosp,0,2025-12-27,16,quantile,0.95,300.05405617908525
2025-12-20,wk inc flu hosp,0,2025-12-27,16,quantile,0.975,367.4343590698556
2025-12-20,wk inc flu hosp,0,2025-12-27,16,quantile,0.99,435.85358014534665
2025-12-20,wk inc flu hosp,0,2025-12-27,17,quantile,0.01,58.30410428546627
2025-12-20,wk inc flu hosp,0,2025-12-27,17,quantile,0.025,223.62440276813481
2025-12-20,wk inc flu hosp,0,2025-12-27,17,quantile,0.05,328.5356204084102
2025-12-20,wk inc flu hosp,0,2025-12-27,17,quantile,0.1,424.34589738434084
2025-12-20,wk inc flu hosp,0,2025-12-27,17,quantile,0.15,472.2169475929632
2025-12-20,wk inc flu hosp,0,2025-12-27,17,quantile,0.2,510.4227487938222
2025-12-20,wk inc flu hosp,0,2025-12-27,17,quantile,0.25,543.1041343570595
2025-12-20,wk inc flu hosp,0,2025-12-27,17,quantile,0.3,582.5585977969728
2025-12-20,wk inc flu hosp,0,2025-12-27,17,quantile,0.35,627.3176445509702
2025-12-20,wk inc flu hosp,0,2025-12-27,17,quantile,0.4,670.3981716166785
2025-12-20,wk inc flu hosp,0,2025-12-27,17,quantile,0.45,711.5020020459531
2025-12-20,wk inc flu hosp,0,2025-12-27,17,quantile,0.5,764.7488299470646
2025-12-20,wk inc flu hosp,0,2025-12-27,17,quantile,0.55,839.3453137613387
2025-12-20,wk inc flu hosp,0,2025-12-27,17,quantile,0.6,928.8921971767273
2025-12-20,wk inc flu hosp,0,2025-12-27,17,quantile,0.65,1028.5317855638052
2025-12-20,wk inc flu hosp,0,2025-12-27,17,quantile,0.7,1132.7214642441054
2025-12-20,wk inc flu hosp,0,2025-12-27,17,quantile,0.75,1218.390140395868
2025-12-20,wk inc flu hosp,0,2025-12-27,17,quantile,0.8,1347.4824649409234
2025-12-20,wk inc flu hosp,0,2025-12-27,17,quantile,0.85,1511.5763809874095
2025-12-20,wk inc flu hosp,0,2025-12-27,17,quantile,0.9,1619.8986106106693
2025-12-20,wk inc flu hosp,0,2025-12-27,17,quantile,0.95,2030.0500163045926
2025-12-20,wk inc flu hosp,0,2025-12-27,17,quantile,0.975,2281.499255649477
2025-12-20,wk inc flu hosp,0,2025-12-27,17,quantile,0.99,2938.038234145944
2025-12-20,wk inc flu hosp,0,2025-12-27,18,quantile,0.01,156.0756666108412
2025-12-20,wk inc flu hosp,0,2025-12-27,18,quantile,0.025,187.55484522378865
2025-12-20,wk inc flu hosp,0,2025-12-27,18,quantile,0.05,216.1353840544885
2025-12-20,wk inc flu hosp,0,2025-12-27,18,quantile,0.1,248.71113512615787
2025-12-20,wk inc flu hosp,0,2025-12-27,18,quantile,0.15,279.9969785226312
2025-12-20,wk inc flu hosp,0,2025-12-27,18,quantile,0.2,299.38338484400896
2025-12-20,wk inc flu hosp,0,2025-12-27,18,quantile,0.25,325.4461112097749
2025-12-20,wk inc flu hosp,0,2025-12-27,18,quantile,0.3,349.6947748043445
2025-12-20,wk inc flu hosp,0,2025-12-27,18,quantile,0.35,375.52680528372093
2025-12-20,wk inc flu hosp,0,2025-12-27,18,quantile,0.4,402.88402323882013
2025-12-20,wk inc flu hosp,0,2025-12-27,18,quantile,0.45,430.2475357333403
2025-12-20,wk inc flu hosp,0,2025-12-27,18,quantile,0.5,455.96797636355205
2025-12-20,wk inc flu hosp,0,2025-12-27,18,quantile,0.55,480.75082141163284
2025-12-20,wk inc flu hosp,0,2025-12-27,18,quantile,0.6,511.96843607419726
2025-12-20,wk inc flu hosp,0,2025-12-27,18,quantile,0.65,556.225852898666
2025-12-20,wk inc flu hosp,0,2025-12-27,18,quantile,0.7,592.4167487727707
2025-12-20,wk inc flu hosp,0,2025-12-27,18,quantile,0.75,641.2030347821792
2025-12-20,wk inc flu hosp,0,2025-12-27,18,quantile,0.8,709.4972120501224
2025-12-20,wk inc flu hosp,0,2025-12-27,18,quantile,0.85,782.1035996257061
2025-12-20,wk inc flu hosp,0,2025-12-27,18,quantile,0.9,911.2317438990882
2025-12-20,wk inc flu hosp,0,2025-12-27,18,quantile,0.95,1073.149837825693
2025-12-20,wk inc flu hosp,0,2025-12-27,18,quantile,0.975,1323.689901254395
2025-12-20,wk inc flu hosp,0,2025-12-27,18,quantile,0.99,1437.449240099945
2025-12-20,wk inc flu hosp,0,2025-12-27,19,quantile,0.01,16.788574597313097
2025-12-20,wk inc flu hosp,0,2025-12-27,19,quantile,0.025,23.889054786103777
2025-12-20,wk inc flu hosp,0,2025-12-27,19,quantile,0.05,32.13165687077651
2025-12-20,wk inc flu hosp,0,2025-12-27,19,quantile,0.1,41.519625086660135
2025-12-20,wk inc flu hosp,0,2025-12-27,19,quantile,0.15,52.040231666665015
2025-12-20,wk inc flu hosp,0,2025-12-27,19,quantile,0.2,61.257809377327355
2025-12-20,wk inc flu hosp,0,2025-12-27,19,quantile,0.25,74.66139315949623
2025-12-20,wk inc flu hosp,0,2025-12-27,19,quantile,0.3,86.26821844204397
2025-12-20,wk inc flu hosp,0,2025-12-27,19,quantile,0.35,98.63547946483926
2025-12-20,wk inc flu hosp,0,2025-12-27,19,quantile,0.4,107.7334674759814
2025-12-20,wk inc flu hosp,0,2025-12-27,19,quantile,0.45,117.29560646690092
2025-12-20,wk inc flu hosp,0,2025-12-27,19,quantile,0.5,129.71349760045945
2025-12-20,wk inc flu hosp,0,2025-12-27,19,quantile,0.55,139.12361123841788
2025-12-20,wk inc flu hosp,0,2025-12-27,19,quantile,0.6,151.35455539514035
2025-12-20,wk inc flu hosp,0,2025-12-27,19,quantile,0.65,163.6839298387911
2025-12-20,wk inc flu hosp,0,2025-12-27,19,quantile,0.7,177.1081071761454
2025-12-20,wk inc flu hosp,0,2025-12-27,19,quantile,0.75,192.8916366586961
2025-12-20,wk inc flu hosp,0,2025-12-27,19,quantile,0.8,209.69793333416933
2025-12-20,wk inc flu hosp,0,2025-12-27,19,quantile,0.85,231.34510497470689
2025-12-20,wk inc flu hosp,0,2025-12-27,19,quantile,0.9,271.4951894190852
2025-12-20,wk inc flu hosp,0,2025-12-27,19,quantile,0.95,339.694926742633
2025-12-20,wk inc flu hosp,0,2025-12-27,19,quantile,0.975,397.61571263407524
2025-12-20,wk inc flu hosp,0,2025-12-27,19,quantile,0.99,443.75528081945123
2025-12-20,wk inc flu hosp,0,2025-12-27,20,quantile,0.01,31.10225403076738
2025-12-20,wk inc flu hosp,0,2025-12-27,20,quantile,0.025,42.89910099057259
2025-12-20,wk inc flu hosp,0,2025-12-27,20,quantile,0.05,50.97232500471613
2025-12-20,wk inc flu hosp,0,2025-12-27,20,quantile,0.1,61.32134735036085
2025-12-20,wk inc flu hosp,0,2025-12-27,20,quantile,0.15,68.58606753892214
2025-12-20,wk inc flu hosp,0,2025-12-27,20,quantile,0.2,74.60574256473599
2025-12-20,wk inc flu hosp,0,2025-12-27,20,quantile,0.25,81.52522015249798
2025-12-20,wk inc flu hosp,0,2025-12-27,20,quantile,0.3,87.80998676709196
2025-12-20,wk inc flu hosp,0,2025-12-27,20,quantile,0.35,92.85844677102848
2025-12-20,wk inc flu hosp,0,2025-12-27,20,quantile,0.4,99.00029312099112
2025-12-20,wk inc flu hosp,0,2025-12-27,20,quantile,0.45,105.89567536696853
2025-12-20,wk inc flu hosp,0,2025-12-27,20,quantile,0.5,111.55719510591798
2025-12-20,wk inc flu hosp,0,2025-12-27,20,quantile,0.55,116.71797539379489
2025-12-20,wk inc flu hosp,0,2025-12-27,20,quantile,0.6,123.25711407459231
2025-12-20,wk inc flu hosp,0,2025-12-27,20,quantile,0.65,133.97661371631085
2025-12-20,wk inc flu hosp,0,2025-12-27,20,quantile,0.7,145.07951131360815
2025-12-20,wk inc flu hosp,0,2025-12-27,20,quantile,0.75,159.86397751015195
2025-12-20,wk inc flu hosp,0,2025-12-27,20,quantile,0.8,175.57913884700557
2025-12-20,wk inc flu hosp,0,2025-12-27,20,quantile,0.85,201.69210465003516
2025-12-20,wk inc flu hosp,0,2025-12-27,20,quantile,0.9,240.93070853261665
2025-12-20,wk inc flu hosp,0,2025-12-27,20,quantile,0.95,289.9752176600118
2025-12-20,wk inc flu hosp,0,2025-12-27,20,quantile,0.975,348.8642342452394
2025-12-20,wk inc flu hosp,0,2025-12-27,20,quantile,0.99,415.51700116397046
2025-12-20,wk inc flu hosp,0,2025-12-27,21,quantile,0.01,74.39483132638345
2025-12-20,wk inc flu hosp,0,2025-12-27,21,quantile,0.025,94.17524741012922
2025-12-20,wk inc flu hosp,0,2025-12-27,21,quantile,0.05,117.8445419567369
2025-12-20,wk inc flu hosp,0,2025-12-27,21,quantile,0.1,141.96177682608285
2025-12-20,wk inc flu hosp,0,2025-12-27,21,quantile,0.15,158.63804048861803
2025-12-20,wk inc flu hosp,0,2025-12-27,21,quantile,0.2,176.87896532688362
2025-12-20,wk inc flu hosp,0,2025-12-27,21,quantile,0.25,195.57153118918242
2025-12-20,wk inc flu hosp,0,2025-12-27,21,quantile,0.3,215.03021525226129
2025-12-20,wk inc flu hosp,0,2025-12-27,21,quantile,0.35,235.63783957806044
2025-12-20,wk inc flu hosp,0,2025-12-27,21,quantile,0.4,252.417872627535
2025-12-20,wk inc flu hosp,0,2025-12-27,21,quantile,0.45,265.96902267974224
2025-12-20,wk inc flu hosp,0,2025-12-27,21,quantile,0.5,281.81449795789985
2025-12-20,wk inc flu hosp,0,2025-12-27,21,quantile,0.55,302.8462524120025
2025-12-20,wk inc flu hosp,0,2025-12-27,21,quantile,0.6,322.13862399952956
2025-12-20,wk inc flu hosp,0,2025-12-27,21,quantile,0.65,340.93194955296065
2025-12-20,wk inc flu hosp,0,2025-12-27,21,quantile,0.7,361.59622418110655
2025-12-20,wk inc flu hosp,0,2025-12-27,21,quantile,0.75,399.18389849052403
2025-12-20,wk inc flu hosp,0,2025-12-27,21,quantile,0.8,440.668908776168
2025-12-20,wk inc flu hosp,0,2025-12-27,21,quantile,0.85,486.46882651976995
2025-12-20,wk inc flu hosp,0,2025-12-27,21,quantile,0.9,572.1782516988324
2025-12-20,wk inc flu hosp,0,2025-12-27,21,quantile,0.95,670.7164343114192
2025-12-20,wk inc flu hosp,0,2025-12-27,21,quantile,0.975,774.9248303306421
2025-12-20,wk inc flu hosp,0,2025-12-27,21,quantile,0.99,853.4363606454581
2025-12-20,wk inc flu hosp,0,2025-12-27,22,quantile,0.01,133.40231832084575
2025-12-20,wk inc flu hosp,0,2025-12-27,22,quantile,0.025,200.18789431507506
2025-12-20,wk inc flu hosp,0,2025-12-27,22,quantile,0.05,234.85601638812807
2025-12-20,wk inc flu hosp,0,2025-12-27,22,quantile,0.1,285.83408498742966
2025-12-20,wk inc flu hosp,0,2025-12-27,22,quantile,0.15,318.58099738553017
2025-12-20,wk inc flu hosp,0,2025-12-27,22,quantile,0.2,356.07153479489295
2025-12-20,wk inc flu hosp,0,2025-12-27,22,quantile,0.25,383.5923840297968
2025-12-20,wk inc flu hosp,0,2025-12-27,22,quantile,0.3,415.75919434105447
2025-12-20,wk inc flu hosp,0,2025-12-27,22,quantile,0.35,439.121697725953
2025-12-20,wk inc flu hosp,0,2025-12-27,22,quantile,0.4,465.0002918070868
2025-12-20,wk inc flu hosp,0,2025-12-27,22,quantile,0.45,494.7016197024118
2025-12-20,wk inc flu hosp,0,2025-12-27,22,quantile,0.5,529.2971598629067
2025-12-20,wk inc flu hosp,0,2025-12-27,22,quantile,0.55,553.0765549410448
2025-12-20,wk inc flu hosp,0,2025-12-27,22,quantile,0.6,595.4867745139928
2025-12-20,wk inc flu hosp,0,2025-12-27,22,quantile,0.65,640.9123069219315
2025-12-20,wk inc flu hosp,0,2025-12-27,22,quantile,0.7,685.7607978844169
2025-12-20,wk inc flu hosp,0,2025-12-27,22,quantile,0.75,736.4438996183836
2025-12-20,wk inc flu hosp,0,2025-12-27,22,quantile,0.8,811.56323072232
2025-12-20,wk inc flu hosp,0,2025-12-27,22,quantile,0.85,907.188591047999
2025-12-20,wk inc flu hosp,0,2025-12-27,22,quantile,0.9,1010.0959096485122
2025-12-20,wk inc flu hosp,0,2025-12-27,22,quantile,0.95,1123.7720251046594
2025-12-20,wk inc flu hosp,0,2025-12-27,22,quantile,0.975,1197.3334655115798
2025-12-20,wk inc flu hosp,0,2025-12-27,22,quantile,0.99,1293.539668058057
2025-12-20,wk inc flu hosp,0,2025-12-27,23,quantile,0.01,16.275576200997442
2025-12-20,wk inc flu hosp,0,2025-12-27,23,quantile,0.025,23.523876255504845
2025-12-20,wk inc flu hosp,0,2025-12-27,23,quantile,0.05,30.15845567180476
2025-12-20,wk inc flu hosp,0,2025-12-27,23,quantile,0.1,38.65673750932132
2025-12-20,wk inc flu hosp,0,2025-12-27,23,quantile,0.15,47.7154886848811
2025-12-20,wk inc flu hosp,0,2025-12-27,23,quantile,0.2,54.81071770429338
2025-12-20,wk inc flu hosp,0,2025-12-27,23,quantile,0.25,60.484261500300505
2025-12-20,wk inc flu hosp,0,2025-12-27,23,quantile,0.3,65.56589509222901
2025-12-20,wk inc flu hosp,0,2025-12-27,23,quantile,0.35,70.29109630969874
2025-12-20,wk inc flu hosp,0,2025-12-27,23,quantile,0.4,74.63794402592617
2025-12-20,wk inc flu hosp,0,2025-12-27,23,quantile,0.45,81.16999974498874
2025-12-20,wk inc flu hosp,0,2025-12-27,23,quantile,0.5,88.19119648932185
2025-12-20,wk inc flu hosp,0,2025-12-27,23,quantile,0.55,95.74309029703872
2025-12-20,wk inc flu hosp,0,2025-12-27,23,quantile,0.6,106.74365897239066
2025-12-20,wk inc flu hosp,0,2025-12-27,23,quantile,0.65,122.12508959749329
2025-12-20,wk inc flu hosp,0,2025-12-27,23,quantile,0.7,137.75696521210725
2025-12-20,wk inc flu hosp,0,2025-12-27,23,quantile,0.75,153.232239451738
2025-12-20,wk inc flu hosp,0,2025-12-27,23,quantile,0.8,163.1963060637106
2025-12-20,wk inc flu hosp,0,2025-12-27,23,quantile,0.85,179.96497356732348
2025-12-20,wk inc flu hosp,0,2025-12-27,23,quantile,0.9,215.2774953102553
2025-12-20,wk inc flu hosp,0,2025-12-27,23,quantile,0.95,273.9676826625151
2025-12-20,wk inc flu hosp,0,2025-12-27,23,quantile,0.975,347.06497569400375
2025-12-20,wk inc flu hosp,0,2025-12-27,23,quantile,0.99,423.22297464956586
2025-12-20,wk inc flu hosp,0,2025-12-27,24,quantile,0.01,138.4312451824679
2025-12-20,wk inc flu hosp,0,2025-12-27,24,quantile,0.025,158.68282385911021
2025-12-20,wk inc flu hosp,0,2025-12-27,24,quantile,0.05,175.93239219984986
2025-12-20,wk inc flu hosp,0,2025-12-27,24,quantile,0.1,219.28549651716222
2025-12-20,wk inc flu hosp,0,2025-12-27,24,quantile,0.15,256.7496001918368
2025-12-20,wk inc flu hosp,0,2025-12-27,24,quantile,0.2,286.46736110799816
2025-12-20,wk inc flu hosp,0,2025-12-27,24,quantile,0.25,313.2174326957974
2025-12-20,wk inc flu hosp,0,2025-12-27,24,quantile,0.3,338.94977917762606
2025-12-20,wk inc flu hosp,0,2025-12-27,24,quantile,0.35,381.31997350688096
2025-12-20,wk inc flu hosp,0,2025-12-27,24,quantile,0.4,426.7568343042786
2025-12-20,wk inc flu hosp,0,2025-12-27,24,quantile,0.45,468.8972336238323
2025-12-20,wk inc flu hosp,0,2025-12-27,24,quantile,0.5,522.5216689615413
2025-12-20,wk inc flu hosp,0,2025-12-27,24,quantile,0.55,565.5447042075957
2025-12-20,wk inc flu hosp,0,2025-12-27,24,quantile,0.6,626.075724353847
2025-12-20,wk inc flu hosp,0,2025-12-27,24,quantile,0.65,683.7724865445491
2025-12-20,wk inc flu hosp,0,2025-12-27,24,quantile,0.7,746.2725375968437
2025-12-20,wk inc flu hosp,0,2025-12-27,24,quantile,0.75,816.8338311286566
2025-12-20,wk inc flu hosp,0,2025-12-27,24,quantile,0.8,902.5286991456126
2025-12-20,wk inc flu hosp,0,2025-12-27,24,quantile,0.85,1007.1398881334538
2025-12-20,wk inc flu hosp,0,2025-12-27,24,quantile,0.9,1165.232706212655
2025-12-20,wk inc flu hosp,0,2025-12-27,24,quantile,0.95,1306.3722986534674
2025-12-20,wk inc flu hosp,0,2025-12-27,24,quantile,0.975,1470.7146202351587
2025-12-20,wk inc flu hosp,0,2025-12-27,24,quantile,0.99,1622.6584488938076
2025-12-20,wk inc flu hosp,0,2025-12-27,25,quantile,0.01,200.90282919187945
2025-12-20,wk inc flu hosp,0,2025-12-27,25,quantile,0.025,246.44490616497447
2025-12-20,wk inc flu hosp,0,2025-12-27,25,quantile,0.05,304.8781765043426
2025-12-20,wk inc flu hosp,0,2025-12-27,25,quantile,0.1,391.0674832795382
2025-12-20,wk inc flu hosp,0,2025-12-27,25,quantile,0.15,441.22195010396536
2025-12-20,wk inc flu hosp,0,2025-12-27,25,quantile,0.2,483.92322186975036
2025-12-20,wk inc flu hosp,0,2025-12-27,25,quantile,0.25,533.8378641055973
2025-12-20,wk inc flu hosp,0,2025-12-27,25,quantile,0.3,578.0943709565114
2025-12-20,wk inc flu hosp,0,2025-12-27,25,quantile,0.35,619.3330294524327
2025-12-20,wk inc flu hosp,0,2025-12-27,25,quantile,0.4,667.9004092751338
2025-12-20,wk inc flu hosp,0,2025-12-27,25,quantile,0.45,720.289371228468
2025-12-20,wk inc flu hosp,0,2025-12-27,25,quantile,0.5,768.2522765917897
2025-12-20,wk inc flu hosp,0,2025-12-27,25,quantile,0.55,810.2448330957023
2025-12-20,wk inc flu hosp,0,2025-12-27,25,quantile,0.6,866.5566555969898
2025-12-20,wk inc flu hosp,0,2025-12-27,25,quantile,0.65,911.832137252929
2025-12-20,wk inc flu hosp,0,2025-12-27,25,quantile,0.7,968.3430744753657
2025-12-20,wk inc flu hosp,0,2025-12-27,25,quantile,0.75,1033.8619397868456
2025-12-20,wk inc flu hosp,0,2025-12-27,25,quantile,0.8,1084.5175712241419
2025-12-20,wk inc flu hosp,0,2025-12-27,25,quantile,0.85,1149.3503220239422
2025-12-20,wk inc flu hosp,0,2025-12-27,25,quantile,0.9,1264.9286906643633
2025-12-20,wk inc flu hosp,0,2025-12-27,25,quantile,0.95,1543.2056250707344
2025-12-20,wk inc flu hosp,0,2025-12-27,25,quantile,0.975,1902.7019554860292
2025-12-20,wk inc flu hosp,0,2025-12-27,25,quantile,0.99,2187.5215544383427
2025-12-20,wk inc flu hosp,0,2025-12-27,26,quantile,0.01,159.30771313354697
2025-12-20,wk inc flu hosp,0,2025-12-27,26,quantile,0.025,198.31415802158915
2025-12-20,wk inc flu hosp,0,2025-12-27,26,quantile,0.05,240.26443576872998
2025-12-20,wk inc flu hosp,0,2025-12-27,26,quantile,0.1,288.1900410640145
2025-12-20,wk inc flu hosp,0,2025-12-27,26,quantile,0.15,328.6313219267979
2025-12-20,wk inc flu hosp,0,2025-12-27,26,quantile,0.2,371.5017721396826
2025-12-20,wk inc flu hosp,0,2025-12-27,26,quantile,0.25,411.0027226752075
2025-12-20,wk inc flu hosp,0,2025-12-27,26,quantile,0.3,447.3241268230462
2025-12-20,wk inc flu hosp,0,2025-12-27,26,quantile,0.35,475.2615597847277
2025-12-20,wk inc flu hosp,0,2025-12-27,26,quantile,0.4,509.49017283451934
2025-12-20,wk inc flu hosp,0,2025-12-27,26,quantile,0.45,551.9046449961514
2025-12-20,wk inc flu hosp,0,2025-12-27,26,quantile,0.5,582.958750065491
2025-12-20,wk inc flu hosp,0,2025-12-27,26,quantile,0.55,599.1124937199588
2025-12-20,wk inc flu hosp,0,2025-12-27,26,quantile,0.6,629.3334323864982
2025-12-20,wk inc flu hosp,0,2025-12-27,26,quantile,0.65,668.730096787988
2025-12-20,wk inc flu hosp,0,2025-12-27,26,quantile,0.7,718.695041852321
2025-12-20,wk inc flu hosp,0,2025-12-27,26,quantile,0.75,767.8387100202697
2025-12-20,wk inc flu hosp,0,2025-12-27,26,quantile,0.8,825.4731307750305
2025-12-20,wk inc flu hosp,0,2025-12-27,26,quantile,0.85,953.7334305615686
2025-12-20,wk inc flu hosp,0,2025-12-27,26,quantile,0.9,1112.2337068683519
2025-12-20,wk inc flu hosp,0,2025-12-27,26,quantile,0.95,1244.2686003405
2025-12-20,wk inc flu hosp,0,2025-12-27,26,quantile,0.975,1448.422888066452
2025-12-20,wk inc flu hosp,0,2025-12-27,26,quantile,0.99,1741.6009783695831
2025-12-20,wk inc flu hosp,0,2025-12-27,27,quantile,0.01,60.244664836837366
2025-12-20,wk inc flu hosp,0,2025-12-27,27,quantile,0.025,100.32231935990715
2025-12-20,wk inc flu hosp,0,2025-12-27,27,quantile,0.05,222.11769274024007
2025-12-20,wk inc flu hosp,0,2025-12-27,27,quantile,0.1,316.87024610559996
2025-12-20,wk inc flu hosp,0,2025-12-27,27,quantile,0.15,370.8393253280313
2025-12-20,wk inc flu hosp,0,2025-12-27,27,quantile,0.2,421.3934791094339
2025-12-20,wk inc flu hosp,0,2025-12-27,27,quantile,0.25,463.74717280951427
2025-12-20,wk inc flu hosp,0,2025-12-27,27,quantile,0.3,523.0153929884626
2025-12-20,wk inc flu hosp,0,2025-12-27,27,quantile,0.35,580.0269583426457
2025-12-20,wk inc flu hosp,0,2025-12-27,27,quantile,0.4,627.3717979690111
2025-12-20,wk inc flu hosp,0,2025-12-27,27,quantile,0.45,689.2974972642064
2025-12-20,wk inc flu hosp,0,2025-12-27,27,quantile,0.5,751.7640876391916
2025-12-20,wk inc flu hosp,0,2025-12-27,27,quantile,0.55,824.5817432210156
2025-12-20,wk inc flu hosp,0,2025-12-27,27,quantile,0.6,894.2629683517507
2025-12-20,wk inc flu hosp,0,2025-12-27,27,quantile,0.65,983.8151024399517
2025-12-20,wk inc flu hosp,0,2025-12-27,27,quantile,0.7,1093.1383214527402
2025-12-20,wk inc flu hosp,0,2025-12-27,27,quantile,0.75,1249.7788892142953
2025-12-20,wk inc flu hosp,0,2025-12-27,27,quantile,0.8,1357.7643484548369
2025-12-20,wk inc flu hosp,0,2025-12-27,27,quantile,0.85,1485.367626021993
2025-12-20,wk inc flu hosp,0,2025-12-27,27,quantile,0.9,1685.2330356336895
2025-12-20,wk inc flu hosp,0,2025-12-27,27,quantile,0.95,2474.840917713506
2025-12-20,wk inc flu hosp,0,2025-12-27,27,quantile,0.975,2947.2098322824027
2025-12-20,wk inc flu hosp,0,2025-12-27,27,quantile,0.99,2968.137841429484
2025-12-20,wk inc flu hosp,0,2025-12-27,28,quantile,0.01,54.88639088764567
2025-12-20,wk inc flu hosp,0,2025-12-27,28,quantile,0.025,69.76775412001544
2025-12-20,wk inc flu hosp,0,2025-12-27,28,quantile,0.05,88.80003334221226
2025-12-20,wk inc flu hosp,0,2025-12-27,28,quantile,0.1,114.23734493503216
2025-12-20,wk inc flu hosp,0,2025-12-27,28,quantile,0.15,130.2713125350105
2025-12-20,wk inc flu hosp,0,2025-12-27,28,quantile,0.2,146.4943082783425
2025-12-20,wk inc flu hosp,0,2025-12-27,28,quantile,0.25,158.71259031707686
2025-12-20,wk inc flu hosp,0,2025-12-27,28,quantile,0.3,171.87442149676752
2025-12-20,wk inc flu hosp,0,2025-12-27,28,quantile,0.35,183.37328897953725
2025-12-20,wk inc flu hosp,0,2025-12-27,28,quantile,0.4,192.46244425296268
2025-12-20,wk inc flu hosp,0,2025-12-27,28,quantile,0.45,203.04301975801116
2025-12-20,wk inc flu hosp,0,2025-12-27,28,quantile,0.5,217.48781294294426
2025-12-20,wk inc flu hosp,0,2025-12-27,28,quantile,0.55,234.26466891574012
2025-12-20,wk inc flu hosp,0,2025-12-27,28,quantile,0.6,249.70322778893188
2025-12-20,wk inc flu hosp,0,2025-12-27,28,quantile,0.65,263.1482860624468
2025-12-20,wk inc flu hosp,0,2025-12-27,28,quantile,0.7,283.2009761066708
2025-12-20,wk inc flu hosp,0,2025-12-27,28,quantile,0.75,303.76907078429656
2025-12-20,wk inc flu hosp,0,2025-12-27,28,quantile,0.8,325.8370205061761
2025-12-20,wk inc flu hosp,0,2025-12-27,28,quantile,0.85,359.29867860043333
2025-12-20,wk inc flu hosp,0,2025-12-27,28,quantile,0.9,391.1156429991169
2025-12-20,wk inc flu hosp,0,2025-12-27,28,quantile,0.95,458.6531418458023
2025-12-20,wk inc flu hosp,0,2025-12-27,28,quantile,0.975,522.1500982414349
2025-12-20,wk inc flu hosp,0,2025-12-27,28,quantile,0.99,617.5296999603831
2025-12-20,wk inc flu hosp,0,2025-12-27,29,quantile,0.01,60.028241710568906
2025-12-20,wk inc flu hosp,0,2025-12-27,29,quantile,0.025,76.7197997712719
2025-12-20,wk inc flu hosp,0,2025-12-27,29,quantile,0.05,95.31057665547051
2025-12-20,wk inc flu hosp,0,2025-12-27,29,quantile,0.1,116.40729821510229
2025-12-20,wk inc flu hosp,0,2025-12-27,29,quantile,0.15,130.44372093353604
2025-12-20,wk inc flu hosp,0,2025-12-27,29,quantile,0.2,142.48664586654402
2025-12-20,wk inc flu hosp,0,2025-12-27,29,quantile,0.25,148.9617926574013
2025-12-20,wk inc flu hosp,0,2025-12-27,29,quantile,0.3,157.1472760945565
2025-12-20,wk inc flu hosp,0,2025-12-27,29,quantile,0.35,165.19223784900925
2025-12-20,wk inc flu hosp,0,2025-12-27,29,quantile,0.4,175.32606507860388
2025-12-20,wk inc flu hosp,0,2025-12-27,29,quantile,0.45,183.6554352010177
2025-12-20,wk inc flu hosp,0,2025-12-27,29,quantile,0.5,194.53428967783077
2025-12-20,wk inc flu hosp,0,2025-12-27,29,quantile,0.55,208.545236962381
2025-12-20,wk inc flu hosp,0,2025-12-27,29,quantile,0.6,224.6437713569755
2025-12-20,wk inc flu hosp,0,2025-12-27,29,quantile,0.65,238.1053651417168
2025-12-20,wk inc flu hosp,0,2025-12-27,29,quantile,0.7,252.70928063115204
2025-12-20,wk inc flu hosp,0,2025-12-27,29,quantile,0.75,271.03174400299906
2025-12-20,wk inc flu hosp,0,2025-12-27,29,quantile,0.8,300.9990638435357
2025-12-20,wk inc flu hosp,0,2025-12-27,29,quantile,0.85,326.2183207077431
2025-12-20,wk inc flu hosp,0,2025-12-27,29,quantile,0.9,368.5206470304173
2025-12-20,wk inc flu hosp,0,2025-12-27,29,quantile,0.95,446.57908985093366
2025-12-20,wk inc flu hosp,0,2025-12-27,29,quantile,0.975,622.2849551828161
2025-12-20,wk inc flu hosp,0,2025-12-27,29,quantile,0.99,761.1097062867684
2025-12-20,wk inc flu hosp,0,2025-12-27,30,quantile,0.01,6.869328623881586
2025-12-20,wk inc flu hosp,0,2025-12-27,30,quantile,0.025,9.3716505642479
2025-12-20,wk inc flu hosp,0,2025-12-27,30,quantile,0.05,12.862399011357239
2025-12-20,wk inc flu hosp,0,2025-12-27,30,quantile,0.1,16.05375054584548
2025-12-20,wk inc flu hosp,0,2025-12-27,30,quantile,0.15,19.449072343051686
2025-12-20,wk inc flu hosp,0,2025-12-27,30,quantile,0.2,22.727421274023197
2025-12-20,wk inc flu hosp,0,2025-12-27,30,quantile,0.25,25.524714154604364
2025-12-20,wk inc flu hosp,0,2025-12-27,30,quantile,0.3,29.078636861586908
2025-12-20,wk inc flu hosp,0,2025-12-27,30,quantile,0.35,31.52559208446222
2025-12-20,wk inc flu hosp,0,2025-12-27,30,quantile,0.4,33.416283484314924
2025-12-20,wk inc flu hosp,0,2025-12-27,30,quantile,0.45,35.390654363947114
2025-12-20,wk inc flu hosp,0,2025-12-27,30,quantile,0.5,39.00218332101745
2025-12-20,wk inc flu hosp,0,2025-12-27,30,quantile,0.55,43.052994814914435
2025-12-20,wk inc flu hosp,0,2025-12-27,30,quantile,0.6,45.996762945066926
2025-12-20,wk inc flu hosp,0,2025-12-27,30,quantile,0.65,48.821918861011284
2025-12-20,wk inc flu hosp,0,2025-12-27,30,quantile,0.7,53.06883152948382
2025-12-20,wk inc flu hosp,0,2025-12-27,30,quantile,0.75,59.87850522478429
2025-12-20,wk inc flu hosp,0,2025-12-27,30,quantile,0.8,67.28845342507346
2025-12-20,wk inc flu hosp,0,2025-12-27,30,quantile,0.85,77.42885618407048
2025-12-20,wk inc flu hosp,0,2025-12-27,30,quantile,0.9,89.70139580217644
2025-12-20,wk inc flu hosp,0,2025-12-27,30,quantile,0.95,129.6998549764204
2025-12-20,wk inc flu hosp,0,2025-12-27,30,quantile,0.975,140.4418371445558
2025-12-20,wk inc flu hosp,0,2025-12-27,30,quantile,0.99,165.80290808521428
2025-12-20,wk inc flu hosp,0,2025-12-27,31,quantile,0.01,13.50967175470996
2025-12-20,wk inc flu hosp,0,2025-12-27,31,quantile,0.025,17.673470921150557
2025-12-20,wk inc flu hosp,0,2025-12-27,31,quantile,0.05,23.761892162031078
2025-12-20,wk inc flu hosp,0,2025-12-27,31,quantile,0.1,31.93482094519741
2025-12-20,wk inc flu hosp,0,2025-12-27,31,quantile,0.15,38.26784030575893
2025-12-20,wk inc flu hosp,0,2025-12-27,31,quantile,0.2,43.42056645109528
2025-12-20,wk inc flu hosp,0,2025-12-27,31,quantile,0.25,49.706503276858996
2025-12-20,wk inc flu hosp,0,2025-12-27,31,quantile,0.3,53.906459563362965
2025-12-20,wk inc flu hosp,0,2025-12-27,31,quantile,0.35,58.16460739476032
2025-12-20,wk inc flu hosp,0,2025-12-27,31,quantile,0.4,64.92505366103953
2025-12-20,wk inc flu hosp,0,2025-12-27,31,quantile,0.45,71.17164633225516
2025-12-20,wk inc flu hosp,0,2025-12-27,31,quantile,0.5,78.38510559680094
2025-12-20,wk inc flu hosp,0,2025-12-27,31,quantile,0.55,85.54613382614954
2025-12-20,wk inc flu hosp,0,2025-12-27,31,quantile,0.6,95.18839320227212
2025-12-20,wk inc flu hosp,0,2025-12-27,31,quantile,0.65,106.68895540997433
2025-12-20,wk inc flu hosp,0,2025-12-27,31,quantile,0.7,121.25191503923989
2025-12-20,wk inc flu hosp,0,2025-12-27,31,quantile,0.75,131.23473734420267
2025-12-20,wk inc flu hosp,0,2025-12-27,31,quantile,0.8,152.96638461080656
2025-12-20,wk inc flu hosp,0,2025-12-27,31,quantile,0.85,171.13094367498772
2025-12-20,wk inc flu hosp,0,2025-12-27,31,quantile,0.9,210.04336103742713
2025-12-20,wk inc flu hosp,0,2025-12-27,31,quantile,0.95,312.0500973314658
2025-12-20,wk inc flu hosp,0,2025-12-27,31,quantile,0.975,349.43838552557935
2025-12-20,wk inc flu hosp,0,2025-12-27,31,quantile,0.99,351.7364099874031
2025-12-20,wk inc flu hosp,0,2025-12-27,32,quantile,0.01,49.97774209947801
2025-12-20,wk inc flu hosp,0,2025-12-27,32,quantile,0.025,53.893144264139174
2025-12-20,wk inc flu hosp,0,2025-12-27,32,quantile,0.05,63.70064726912217
2025-12-20,wk inc flu hosp,0,2025-12-27,32,quantile,0.1,76.99878285964856
2025-12-20,wk inc flu hosp,0,2025-12-27,32,quantile,0.15,83.50613114316668
2025-12-20,wk inc flu hosp,0,2025-12-27,32,quantile,0.2,90.647590087004275
2025-12-20,wk inc flu hosp,0,2025-12-27,32,quantile,0.25,97.4411156691678
2025-12-20,wk inc flu hosp,0,2025-12-27,32,quantile,0.3,103.05141100905753
2025-12-20,wk inc flu hosp,0,2025-12-27,32,quantile,0.35,110.39908814874275
2025-12-20,wk inc flu hosp,0,2025-12-27,32,quantile,0.4,118.14115803327881
2025-12-20,wk inc flu hosp,0,2025-12-27,32,quantile,0.45,126.43877729045931
2025-12-20,wk inc flu hosp,0,2025-12-27,32,quantile,0.5,135.85795820218246
2025-12-20,wk inc flu hosp,0,2025-12-27,32,quantile,0.55,145.53121360161373
2025-12-20,wk inc flu hosp,0,2025-12-27,32,quantile,0.6,158.49060815805063
2025-12-20,wk inc flu hosp,0,2025-12-27,32,quantile,0.65,175.03845866372575
2025-12-20,wk inc flu hosp,0,2025-12-27,32,quantile,0.7,191.3694236239489
2025-12-20,wk inc flu hosp,0,2025-12-27,32,quantile,0.75,204.3227101232988
2025-12-20,wk inc flu hosp,0,2025-12-27,32,quantile,0.8,217.62843185400692
2025-12-20,wk inc flu hosp,0,2025-12-27,32,quantile,0.85,243.54321614952318
2025-12-20,wk inc flu hosp,0,2025-12-27,32,quantile,0.9,285.487369264951
2025-12-20,wk inc flu hosp,0,2025-12-27,32,quantile,0.95,336.2439952586719
2025-12-20,wk inc flu hosp,0,2025-12-27,32,quantile,0.975,419.6892144402113
2025-12-20,wk inc flu hosp,0,2025-12-27,32,quantile,0.99,438.5918252933691
2025-12-20,wk inc flu hosp,0,2025-12-27,33,quantile,0.01,10.750832561780957
2025-12-20,wk inc flu hosp,0,2025-12-27,33,quantile,0.025,24.0615441529356
2025-12-20,wk inc flu hosp,0,2025-12-27,33,quantile,0.05,33.76438601078242
2025-12-20,wk inc flu hosp,0,2025-12-27,33,quantile,0.1,47.919106487019455
2025-12-20,wk inc flu hosp,0,2025-12-27,33,quantile,0.15,57.70669806213076
2025-12-20,wk inc flu hosp,0,2025-12-27,33,quantile,0.2,65.17549108767503
2025-12-20,wk inc flu hosp,0,2025-12-27,33,quantile,0.25,71.28747026725694
2025-12-20,wk inc flu hosp,0,2025-12-27,33,quantile,0.3,77.35396753798945
2025-12-20,wk inc flu hosp,0,2025-12-27,33,quantile,0.35,83.89899470773271
2025-12-20,wk inc flu hosp,0,2025-12-27,33,quantile,0.4,91.09167202788323
2025-12-20,wk inc flu hosp,0,2025-12-27,33,quantile,0.45,96.67153231143558
2025-12-20,wk inc flu hosp,0,2025-12-27,33,quantile,0.5,102.37911810385253
2025-12-20,wk inc flu hosp,0,2025-12-27,33,quantile,0.55,111.87939263488029
2025-12-20,wk inc flu hosp,0,2025-12-27,33,quantile,0.6,122.11840961991146
2025-12-20,wk inc flu hosp,0,2025-12-27,33,quantile,0.65,134.03323209332473
2025-12-20,wk inc flu hosp,0,2025-12-27,33,quantile,0.7,143.66519130217662
2025-12-20,wk inc flu hosp,0,2025-12-27,33,quantile,0.75,155.2236135519562
2025-12-20,wk inc flu hosp,0,2025-12-27,33,quantile,0.8,166.76636985098014
2025-12-20,wk inc flu hosp,0,2025-12-27,33,quantile,0.85,189.65401427402938
2025-12-20,wk inc flu hosp,0,2025-12-27,33,quantile,0.9,217.33673568355695
2025-12-20,wk inc flu hosp,0,2025-12-27,33,quantile,0.95,270.357329087663
2025-12-20,wk inc flu hosp,0,2025-12-27,33,quantile,0.975,349.45592150641613
2025-12-20,wk inc flu hosp,0,2025-12-27,33,quantile,0.99,411.62974303026596
2025-12-20,wk inc flu hosp,0,2025-12-27,34,quantile,0.01,519.2560427800786
2025-12-20,wk inc flu hosp,0,2025-12-27,34,quantile,0.025,626.7040767030139
2025-12-20,wk inc flu hosp,0,2025-12-27,34,quantile,0.05,683.1650039330979
2025-12-20,wk inc flu hosp,0,2025-12-27,34,quantile,0.1,779.1769814665114
2025-12-20,wk inc flu hosp,0,2025-12-27,34,quantile,0.15,869.2544423637332
2025-12-20,wk inc flu hosp,0,2025-12-27,34,quantile,0.2,957.7105967826809
2025-12-20,wk inc flu hosp,0,2025-12-27,34,quantile,0.25,1049.8727741864473
2025-12-20,wk inc flu hosp,0,2025-12-27,34,quantile,0.3,1147.9347516374057
2025-12-20,wk inc flu hosp,0,2025-12-27,34,quantile,0.35,1235.4210780326894
2025-12-20,wk inc flu hosp,0,2025-12-27,34,quantile,0.4,1325.8830786913234
2025-12-20,wk inc flu hosp,0,2025-12-27,34,quantile,0.45,1417.191550591761
2025-12-20,wk inc flu hosp,0,2025-12-27,34,quantile,0.5,1516.9251764263704
2025-12-20,wk inc flu hosp,0,2025-12-27,34,quantile,0.55,1621.5091966100897
2025-12-20,wk inc flu hosp,0,2025-12-27,34,quantile,0.6,1757.1142459123212
2025-12-20,wk inc flu hosp,0,2025-12-27,34,quantile,0.65,1895.889547074283
2025-12-20,wk inc flu hosp,0,2025-12-27,34,quantile,0.7,1986.634502504723
2025-12-20,wk inc flu hosp,0,2025-12-27,34,quantile,0.75,2122.438069238745
2025-12-20,wk inc flu hosp,0,2025-12-27,34,quantile,0.8,2275.9536464762027
2025-12-20,wk inc flu hosp,0,2025-12-27,34,quantile,0.85,2626.648617819307
2025-12-20,wk inc flu hosp,0,2025-12-27,34,quantile,0.9,3324.1816440901234
2025-12-20,wk inc flu hosp,0,2025-12-27,34,quantile,0.95,4731.634843314032
2025-12-20,wk inc flu hosp,0,2025-12-27,34,quantile,0.975,5124.998351493369
2025-12-20,wk inc flu hosp,0,2025-12-27,34,quantile,0.99,5426.909109549083
2025-12-20,wk inc flu hosp,0,2025-12-27,35,quantile,0.01,27.195542320911866
2025-12-20,wk inc flu hosp,0,2025-12-27,35,quantile,0.025,40.41391167082309
2025-12-20,wk inc flu hosp,0,2025-12-27,35,quantile,0.05,51.44101995823641
2025-12-20,wk inc flu hosp,0,2025-12-27,35,quantile,0.1,79.26783777411822
2025-12-20,wk inc flu hosp,0,2025-12-27,35,quantile,0.15,101.8091016592335
2025-12-20,wk inc flu hosp,0,2025-12-27,35,quantile,0.2,118.37559104193045
2025-12-20,wk inc flu hosp,0,2025-12-27,35,quantile,0.25,134.64649584279832
2025-12-20,wk inc flu hosp,0,2025-12-27,35,quantile,0.3,150.42165571128666
2025-12-20,wk inc flu hosp,0,2025-12-27,35,quantile,0.35,162.51879584709243
2025-12-20,wk inc flu hosp,0,2025-12-27,35,quantile,0.4,178.18086783364163
2025-12-20,wk inc flu hosp,0,2025-12-27,35,quantile,0.45,192.7528160535432
2025-12-20,wk inc flu hosp,0,2025-12-27,35,quantile,0.5,208.80847102342548
2025-12-20,wk inc flu hosp,0,2025-12-27,35,quantile,0.55,222.42916804958318
2025-12-20,wk inc flu hosp,0,2025-12-27,35,quantile,0.6,233.88662978610228
2025-12-20,wk inc flu hosp,0,2025-12-27,35,quantile,0.65,250.98959144494773
2025-12-20,wk inc flu hosp,0,2025-12-27,35,quantile,0.7,271.39196433549495
2025-12-20,wk inc flu hosp,0,2025-12-27,35,quantile,0.75,302.97935024584746
2025-12-20,wk inc flu hosp,0,2025-12-27,35,quantile,0.8,334.8356804588711
2025-12-20,wk inc flu hosp,0,2025-12-27,35,quantile,0.85,383.6923974774335
2025-12-20,wk inc flu hosp,0,2025-12-27,35,quantile,0.9,421.5328898757266
2025-12-20,wk inc flu hosp,0,2025-12-27,35,quantile,0.95,542.2302594490237
2025-12-20,wk inc flu hosp,0,2025-12-27,35,quantile,0.975,726.5721246322303
2025-12-20,wk inc flu hosp,0,2025-12-27,35,quantile,0.99,915.1634536437043
2025-12-20,wk inc flu hosp,0,2025-12-27,36,quantile,0.01,172.36505190581235
2025-12-20,wk inc flu hosp,0,2025-12-27,36,quantile,0.025,868.674360021965
2025-12-20,wk inc flu hosp,0,2025-12-27,36,quantile,0.05,1270.7057316993657
2025-12-20,wk inc flu hosp,0,2025-12-27,36,quantile,0.1,1536.1843422717093
2025-12-20,wk inc flu hosp,0,2025-12-27,36,quantile,0.15,1719.2521453788202
2025-12-20,wk inc flu hosp,0,2025-12-27,36,quantile,0.2,1853.919693674677
2025-12-20,wk inc flu hosp,0,2025-12-27,36,quantile,0.25,2008.4856379974885
2025-12-20,wk inc flu hosp,0,2025-12-27,36,quantile,0.3,2134.1554746539477
2025-12-20,wk inc flu hosp,0,2025-12-27,36,quantile,0.35,2282.1676007823767
2025-12-20,wk inc flu hosp,0,2025-12-27,36,quantile,0.4,2455.5958819328434
2025-12-20,wk inc flu hosp,0,2025-12-27,36,quantile,0.45,2627.2809143352715
2025-12-20,wk inc flu hosp,0,2025-12-27,36,quantile,0.5,2831.5262788847226
2025-12-20,wk inc flu hosp,0,2025-12-27,36,quantile,0.55,3017.6749111887657
2025-12-20,wk inc flu hosp,0,2025-12-27,36,quantile,0.6,3280.82607588681
2025-12-20,wk inc flu hosp,0,2025-12-27,36,quantile,0.65,3502.5379005643413
2025-12-20,wk inc flu hosp,0,2025-12-27,36,quantile,0.7,3776.497097441345
2025-12-20,wk inc flu hosp,0,2025-12-27,36,quantile,0.75,4075.497657675576
2025-12-20,wk inc flu hosp,0,2025-12-27,36,quantile,0.8,4763.001922456164
2025-12-20,wk inc flu hosp,0,2025-12-27,36,quantile,0.85,5621.8774597151905
2025-12-20,wk inc flu hosp,0,2025-12-27,36,quantile,0.9,7028.2891422284365
2025-12-20,wk inc flu hosp,0,2025-12-27,36,quantile,0.95,8957.069949822242
2025-12-20,wk inc flu hosp,0,2025-12-27,36,quantile,0.975,9789.68070923412
2025-12-20,wk inc flu hosp,0,2025-12-27,36,quantile,0.99,10065.335842945371
2025-12-20,wk inc flu hosp,0,2025-12-27,37,quantile,0.01,132.04936624213178
2025-12-20,wk inc flu hosp,0,2025-12-27,37,quantile,0.025,251.0007145772211
2025-12-20,wk inc flu hosp,0,2025-12-27,37,quantile,0.05,394.80179200935345
2025-12-20,wk inc flu hosp,0,2025-12-27,37,quantile,0.1,502.9187008958567
2025-12-20,wk inc flu hosp,0,2025-12-27,37,quantile,0.15,563.6253714214027
2025-12-20,wk inc flu hosp,0,2025-12-27,37,quantile,0.2,623.6591159475461
2025-12-20,wk inc flu hosp,0,2025-12-27,37,quantile,0.25,678.9210199102861
2025-12-20,wk inc flu hosp,0,2025-12-27,37,quantile,0.3,742.302826349216
2025-12-20,wk inc flu hosp,0,2025-12-27,37,quantile,0.35,824.6076714235754
2025-12-20,wk inc flu hosp,0,2025-12-27,37,quantile,0.4,890.912462193281
2025-12-20,wk inc flu hosp,0,2025-12-27,37,quantile,0.45,975.110691242411
2025-12-20,wk inc flu hosp,0,2025-12-27,37,quantile,0.5,1040.017487198996
2025-12-20,wk inc flu hosp,0,2025-12-27,37,quantile,0.55,1135.033760013126
2025-12-20,wk inc flu hosp,0,2025-12-27,37,quantile,0.6,1247.4637709118424
2025-12-20,wk inc flu hosp,0,2025-12-27,37,quantile,0.65,1362.390743480243
2025-12-20,wk inc flu hosp,0,2025-12-27,37,quantile,0.7,1455.5188473296178
2025-12-20,wk inc flu hosp,0,2025-12-27,37,quantile,0.75,1627.6830967210085
2025-12-20,wk inc flu hosp,0,2025-12-27,37,quantile,0.8,1938.7873605582713
2025-12-20,wk inc flu hosp,0,2025-12-27,37,quantile,0.85,2214.9943424004123
2025-12-20,wk inc flu hosp,0,2025-12-27,37,quantile,0.9,2794.392196148931
2025-12-20,wk inc flu hosp,0,2025-12-27,37,quantile,0.95,3577.9926829038604
2025-12-20,wk inc flu hosp,0,2025-12-27,37,quantile,0.975,3961.2748154917235
2025-12-20,wk inc flu hosp,0,2025-12-27,37,quantile,0.99,4467.688361295489
2025-12-20,wk inc flu hosp,0,2025-12-27,38,quantile,0.01,11.525958818054223
2025-12-20,wk inc flu hosp,0,2025-12-27,38,quantile,0.025,14.357959753234764
2025-12-20,wk inc flu hosp,0,2025-12-27,38,quantile,0.05,18.300955574205695
2025-12-20,wk inc flu hosp,0,2025-12-27,38,quantile,0.1,24.37265776734863
2025-12-20,wk inc flu hosp,0,2025-12-27,38,quantile,0.15,26.532270523594644
2025-12-20,wk inc flu hosp,0,2025-12-27,38,quantile,0.2,30.251136341640294
2025-12-20,wk inc flu hosp,0,2025-12-27,38,quantile,0.25,33.10279642252884
2025-12-20,wk inc flu hosp,0,2025-12-27,38,quantile,0.3,36.55522421091977
2025-12-20,wk inc flu hosp,0,2025-12-27,38,quantile,0.35,41.3486248577622
2025-12-20,wk inc flu hosp,0,2025-12-27,38,quantile,0.4,45.860845795258435
2025-12-20,wk inc flu hosp,0,2025-12-27,38,quantile,0.45,50.96101297206514
2025-12-20,wk inc flu hosp,0,2025-12-27,38,quantile,0.5,56.50609300287255
2025-12-20,wk inc flu hosp,0,2025-12-27,38,quantile,0.55,61.35199035957108
2025-12-20,wk inc flu hosp,0,2025-12-27,38,quantile,0.6,68.98218192096616
2025-12-20,wk inc flu hosp,0,2025-12-27,38,quantile,0.65,79.49728580566855
2025-12-20,wk inc flu hosp,0,2025-12-27,38,quantile,0.7,88.23431789525729
2025-12-20,wk inc flu hosp,0,2025-12-27,38,quantile,0.75,100.64733537517904
2025-12-20,wk inc flu hosp,0,2025-12-27,38,quantile,0.8,113.11015327463761
2025-12-20,wk inc flu hosp,0,2025-12-27,38,quantile,0.85,129.7138464556022
2025-12-20,wk inc flu hosp,0,2025-12-27,38,quantile,0.9,150.34155773412658
2025-12-20,wk inc flu hosp,0,2025-12-27,38,quantile,0.95,189.14420853111417
2025-12-20,wk inc flu hosp,0,2025-12-27,38,quantile,0.975,231.63042922818997
2025-12-20,wk inc flu hosp,0,2025-12-27,38,quantile,0.99,255.39204120767272
2025-12-20,wk inc flu hosp,0,2025-12-27,39,quantile,0.01,190.9569906132489
2025-12-20,wk inc flu hosp,0,2025-12-27,39,quantile,0.025,339.9588081814296
2025-12-20,wk inc flu hosp,0,2025-12-27,39,quantile,0.05,438.78298815594013
2025-12-20,wk inc flu hosp,0,2025-12-27,39,quantile,0.1,511.2593502118781
2025-12-20,wk inc flu hosp,0,2025-12-27,39,quantile,0.15,590.1191844498296
2025-12-20,wk inc flu hosp,0,2025-12-27,39,quantile,0.2,646.8395297006958
2025-12-20,wk inc flu hosp,0,2025-12-27,39,quantile,0.25,701.7420021393502
2025-12-20,wk inc flu hosp,0,2025-12-27,39,quantile,0.3,759.096935002832
2025-12-20,wk inc flu hosp,0,2025-12-27,39,quantile,0.35,829.1405937223425
2025-12-20,wk inc flu hosp,0,2025-12-27,39,quantile,0.4,909.5504136449031
2025-12-20,wk inc flu hosp,0,2025-12-27,39,quantile,0.45,994.361789210423
2025-12-20,wk inc flu hosp,0,2025-12-27,39,quantile,0.5,1088.8045883994726
2025-12-20,wk inc flu hosp,0,2025-12-27,39,quantile,0.55,1202.3349361756186
2025-12-20,wk inc flu hosp,0,2025-12-27,39,quantile,0.6,1328.1471466902558
2025-12-20,wk inc flu hosp,0,2025-12-27,39,quantile,0.65,1452.4867973840728
2025-12-20,wk inc flu hosp,0,2025-12-27,39,quantile,0.7,1626.7684852559016
2025-12-20,wk inc flu hosp,0,2025-12-27,39,quantile,0.75,1780.835939623729
2025-12-20,wk inc flu hosp,0,2025-12-27,39,quantile,0.8,1987.8393726295587
2025-12-20,wk inc flu hosp,0,2025-12-27,39,quantile,0.85,2249.71915926659
2025-12-20,wk inc flu hosp,0,2025-12-27,39,quantile,0.9,2523.4614022718515
2025-12-20,wk inc flu hosp,0,2025-12-27,39,quantile,0.95,2999.4299881699712
2025-12-20,wk inc flu hosp,0,2025-12-27,39,quantile,0.975,3572.909934640048
2025-12-20,wk inc flu hosp,0,2025-12-27,39,quantile,0.99,4132.715664288337
2025-12-20,wk inc flu hosp,0,2025-12-27,40,quantile,0.01,12.35767708950622
2025-12-20,wk inc flu hosp,0,2025-12-27,40,quantile,0.025,20.20727071581433
2025-12-20,wk inc flu hosp,0,2025-12-27,40,quantile,0.05,25.0430515059601
2025-12-20,wk inc flu hosp,0,2025-12-27,40,quantile,0.1,32.247390811459894
2025-12-20,wk inc flu hosp,0,2025-12-27,40,quantile,0.15,36.01022713992177
2025-12-20,wk inc flu hosp,0,2025-12-27,40,quantile,0.2,39.669187858512124
2025-12-20,wk inc flu hosp,0,2025-12-27,40,quantile,0.25,44.07879221464559
2025-12-20,wk inc flu hosp,0,2025-12-27,40,quantile,0.3,48.84708012993628
2025-12-20,wk inc flu hosp,0,2025-12-27,40,quantile,0.35,53.28579355522851
2025-12-20,wk inc flu hosp,0,2025-12-27,40,quantile,0.4,57.391375886036705
2025-12-20,wk inc flu hosp,0,2025-12-27,40,quantile,0.45,60.94604899399437
2025-12-20,wk inc flu hosp,0,2025-12-27,40,quantile,0.5,64.13297637075834
2025-12-20,wk inc flu hosp,0,2025-12-27,40,quantile,0.55,67.59456517252238
2025-12-20,wk inc flu hosp,0,2025-12-27,40,quantile,0.6,72.90351872121774
2025-12-20,wk inc flu hosp,0,2025-12-27,40,quantile,0.65,77.61322174716902
2025-12-20,wk inc flu hosp,0,2025-12-27,40,quantile,0.7,82.44949125857558
2025-12-20,wk inc flu hosp,0,2025-12-27,40,quantile,0.75,90.03560580190607
2025-12-20,wk inc flu hosp,0,2025-12-27,40,quantile,0.8,99.36231919552576
2025-12-20,wk inc flu hosp,0,2025-12-27,40,quantile,0.85,110.31498193568254
2025-12-20,wk inc flu hosp,0,2025-12-27,40,quantile,0.9,128.63445725928545
2025-12-20,wk inc flu hosp,0,2025-12-27,40,quantile,0.95,146.64062371323183
2025-12-20,wk inc flu hosp,0,2025-12-27,40,quantile,0.975,173.55600390774674
2025-12-20,wk inc flu hosp,0,2025-12-27,40,quantile,0.99,239.60369975993888
2025-12-20,wk inc flu hosp,0,2025-12-27,41,quantile,0.01,17.45406412425371
2025-12-20,wk inc flu hosp,0,2025-12-27,41,quantile,0.025,18.010124283756003
2025-12-20,wk inc flu hosp,0,2025-12-27,41,quantile,0.05,19.294579483801606
2025-12-20,wk inc flu hosp,0,2025-12-27,41,quantile,0.1,24.187287312101525
2025-12-20,wk inc flu hosp,0,2025-12-27,41,quantile,0.15,27.338256625220627
2025-12-20,wk inc flu hosp,0,2025-12-27,41,quantile,0.2,29.35205408376257
2025-12-20,wk inc flu hosp,0,2025-12-27,41,quantile,0.25,31.744532200245928
2025-12-20,wk inc flu hosp,0,2025-12-27,41,quantile,0.3,35.036408787365005
2025-12-20,wk inc flu hosp,0,2025-12-27,41,quantile,0.35,38.23541017318075
2025-12-20,wk inc flu hosp,0,2025-12-27,41,quantile,0.4,41.41923734367714
2025-12-20,wk inc flu hosp,0,2025-12-27,41,quantile,0.45,43.79783605333295
2025-12-20,wk inc flu hosp,0,2025-12-27,41,quantile,0.5,46.16264101470217
2025-12-20,wk inc flu hosp,0,2025-12-27,41,quantile,0.55,48.430374085062056
2025-12-20,wk inc flu hosp,0,2025-12-27,41,quantile,0.6,50.92222450155764
2025-12-20,wk inc flu hosp,0,2025-12-27,41,quantile,0.65,53.894790382594145
2025-12-20,wk inc flu hosp,0,2025-12-27,41,quantile,0.7,58.63230128986864
2025-12-20,wk inc flu hosp,0,2025-12-27,41,quantile,0.75,63.60774545172878
2025-12-20,wk inc flu hosp,0,2025-12-27,41,quantile,0.8,69.0709075230638
2025-12-20,wk inc flu hosp,0,2025-12-27,41,quantile,0.85,75.97614306783382
2025-12-20,wk inc flu hosp,0,2025-12-27,41,quantile,0.9,86.29350971371592
2025-12-20,wk inc flu hosp,0,2025-12-27,41,quantile,0.95,106.69566090564341
2025-12-20,wk inc flu hosp,0,2025-12-27,41,quantile,0.975,122.0422364337439
2025-12-20,wk inc flu hosp,0,2025-12-27,41,quantile,0.99,175.74920613004932
2025-12-20,wk inc flu hosp,0,2025-12-27,42,quantile,0.01,452.35598982143557
2025-12-20,wk inc flu hosp,0,2025-12-27,42,quantile,0.025,626.8890087481043
2025-12-20,wk inc flu hosp,0,2025-12-27,42,quantile,0.05,772.6848264922146
2025-12-20,wk inc flu hosp,0,2025-12-27,42,quantile,0.1,885.1841619869476
2025-12-20,wk inc flu hosp,0,2025-12-27,42,quantile,0.15,997.1745387438677
2025-12-20,wk inc flu hosp,0,2025-12-27,42,quantile,0.2,1103.5619506033067
2025-12-20,wk inc flu hosp,0,2025-12-27,42,quantile,0.25,1196.0294981196455
2025-12-20,wk inc flu hosp,0,2025-12-27,42,quantile,0.3,1298.9155059860786
2025-12-20,wk inc flu hosp,0,2025-12-27,42,quantile,0.35,1380.9171660040256
2025-12-20,wk inc flu hosp,0,2025-12-27,42,quantile,0.4,1497.2180344082385
2025-12-20,wk inc flu hosp,0,2025-12-27,42,quantile,0.45,1593.0326096061924
2025-12-20,wk inc flu hosp,0,2025-12-27,42,quantile,0.5,1706.168847902544
2025-12-20,wk inc flu hosp,0,2025-12-27,42,quantile,0.55,1792.4867417616508
2025-12-20,wk inc flu hosp,0,2025-12-27,42,quantile,0.6,1919.8873203500018
2025-12-20,wk inc flu hosp,0,2025-12-27,42,quantile,0.65,2099.2924696692626
2025-12-20,wk inc flu hosp,0,2025-12-27,42,quantile,0.7,2251.2261065980156
2025-12-20,wk inc flu hosp,0,2025-12-27,42,quantile,0.75,2375.4712191453455
2025-12-20,wk inc flu hosp,0,2025-12-27,42,quantile,0.8,2572.3415951344136
2025-12-20,wk inc flu hosp,0,2025-12-27,42,quantile,0.85,2963.439646840404
2025-12-20,wk inc flu hosp,0,2025-12-27,42,quantile,0.9,3415.735038809206
2025-12-20,wk inc flu hosp,0,2025-12-27,42,quantile,0.95,3982.509243721781
2025-12-20,wk inc flu hosp,0,2025-12-27,42,quantile,0.975,4783.477434028612
2025-12-20,wk inc flu hosp,0,2025-12-27,42,quantile,0.99,5322.403289560152
2025-12-20,wk inc flu hosp,0,2025-12-27,44,quantile,0.01,18.895344746147583
2025-12-20,wk inc flu hosp,0,2025-12-27,44,quantile,0.025,23.406263944111974
2025-12-20,wk inc flu hosp,0,2025-12-27,44,quantile,0.05,32.19129829917073
2025-12-20,wk inc flu hosp,0,2025-12-27,44,quantile,0.1,46.20462052293377
2025-12-20,wk inc flu hosp,0,2025-12-27,44,quantile,0.15,58.31266433336882
2025-12-20,wk inc flu hosp,0,2025-12-27,44,quantile,0.2,65.6680817042079
2025-12-20,wk inc flu hosp,0,2025-12-27,44,quantile,0.25,74.66278305684774
2025-12-20,wk inc flu hosp,0,2025-12-27,44,quantile,0.3,83.43466363937327
2025-12-20,wk inc flu hosp,0,2025-12-27,44,quantile,0.35,91.84502178384245
2025-12-20,wk inc flu hosp,0,2025-12-27,44,quantile,0.4,100.61238693317021
2025-12-20,wk inc flu hosp,0,2025-12-27,44,quantile,0.45,108.52648887059537
2025-12-20,wk inc flu hosp,0,2025-12-27,44,quantile,0.5,118.28397310143414
2025-12-20,wk inc flu hosp,0,2025-12-27,44,quantile,0.55,132.79193267991488
2025-12-20,wk inc flu hosp,0,2025-12-27,44,quantile,0.6,149.08587295219544
2025-12-20,wk inc flu hosp,0,2025-12-27,44,quantile,0.65,166.12201925949506
2025-12-20,wk inc flu hosp,0,2025-12-27,44,quantile,0.7,180.89228965405252
2025-12-20,wk inc flu hosp,0,2025-12-27,44,quantile,0.75,200.05659308432521
2025-12-20,wk inc flu hosp,0,2025-12-27,44,quantile,0.8,238.1845569766235
2025-12-20,wk inc flu hosp,0,2025-12-27,44,quantile,0.85,288.98583427842004
2025-12-20,wk inc flu hosp,0,2025-12-27,44,quantile,0.9,415.5034112126836
2025-12-20,wk inc flu hosp,0,2025-12-27,44,quantile,0.95,564.4159039501156
2025-12-20,wk inc flu hosp,0,2025-12-27,44,quantile,0.975,711.6928096370548
2025-12-20,wk inc flu hosp,0,2025-12-27,44,quantile,0.99,735.6834084657334
2025-12-20,wk inc flu hosp,0,2025-12-27,45,quantile,0.01,131.23941739309063
2025-12-20,wk inc flu hosp,0,2025-12-27,45,quantile,0.025,155.66530849864716
2025-12-20,wk inc flu hosp,0,2025-12-27,45,quantile,0.05,182.93264202149263
2025-12-20,wk inc flu hosp,0,2025-12-27,45,quantile,0.1,219.31269423059706
2025-12-20,wk inc flu hosp,0,2025-12-27,45,quantile,0.15,253.24934689049186
2025-12-20,wk inc flu hosp,0,2025-12-27,45,quantile,0.2,294.90172156959756
2025-12-20,wk inc flu hosp,0,2025-12-27,45,quantile,0.25,341.5579223455709
2025-12-20,wk inc flu hosp,0,2025-12-27,45,quantile,0.3,384.22922765759483
2025-12-20,wk inc flu hosp,0,2025-12-27,45,quantile,0.35,416.75325005654105
2025-12-20,wk inc flu hosp,0,2025-12-27,45,quantile,0.4,454.6401575534765
2025-12-20,wk inc flu hosp,0,2025-12-27,45,quantile,0.45,496.1985460084349
2025-12-20,wk inc flu hosp,0,2025-12-27,45,quantile,0.5,544.8845802859928
2025-12-20,wk inc flu hosp,0,2025-12-27,45,quantile,0.55,586.0237872202354
2025-12-20,wk inc flu hosp,0,2025-12-27,45,quantile,0.6,640.3275716313517
2025-12-20,wk inc flu hosp,0,2025-12-27,45,quantile,0.65,706.2444611164261
2025-12-20,wk inc flu hosp,0,2025-12-27,45,quantile,0.7,777.8646798355834
2025-12-20,wk inc flu hosp,0,2025-12-27,45,quantile,0.75,862.7194799292323
2025-12-20,wk inc flu hosp,0,2025-12-27,45,quantile,0.8,948.1443161925994
2025-12-20,wk inc flu hosp,0,2025-12-27,45,quantile,0.85,1052.9376255889727
2025-12-20,wk inc flu hosp,0,2025-12-27,45,quantile,0.9,1178.8444419923876
2025-12-20,wk inc flu hosp,0,2025-12-27,45,quantile,0.95,1450.1799983369283
2025-12-20,wk inc flu hosp,0,2025-12-27,45,quantile,0.975,1754.083836730662
2025-12-20,wk inc flu hosp,0,2025-12-27,45,quantile,0.99,1817.807038503391
2025-12-20,wk inc flu hosp,0,2025-12-27,46,quantile,0.01,3.866097307361249
2025-12-20,wk inc flu hosp,0,2025-12-27,46,quantile,0.025,4.760894630598841
2025-12-20,wk inc flu hosp,0,2025-12-27,46,quantile,0.05,6.957516542943798
2025-12-20,wk inc flu hosp,0,2025-12-27,46,quantile,0.1,8.704681393634251
2025-12-20,wk inc flu hosp,0,2025-12-27,46,quantile,0.15,10.88064060294547
2025-12-20,wk inc flu hosp,0,2025-12-27,46,quantile,0.2,13.414994534543302
2025-12-20,wk inc flu hosp,0,2025-12-27,46,quantile,0.25,16.089357171314703
2025-12-20,wk inc flu hosp,0,2025-12-27,46,quantile,0.3,19.15799853049509
2025-12-20,wk inc flu hosp,0,2025-12-27,46,quantile,0.35,22.38629120150514
2025-12-20,wk inc flu hosp,0,2025-12-27,46,quantile,0.4,24.549161386442115
2025-12-20,wk inc flu hosp,0,2025-12-27,46,quantile,0.45,27.30936813666779
2025-12-20,wk inc flu hosp,0,2025-12-27,46,quantile,0.5,29.9363836487335
2025-12-20,wk inc flu hosp,0,2025-12-27,46,quantile,0.55,32.05099523739131
2025-12-20,wk inc flu hosp,0,2025-12-27,46,quantile,0.6,34.65329050461914
2025-12-20,wk inc flu hosp,0,2025-12-27,46,quantile,0.65,37.45737491819217
2025-12-20,wk inc flu hosp,0,2025-12-27,46,quantile,0.7,41.48824592736028
2025-12-20,wk inc flu hosp,0,2025-12-27,46,quantile,0.75,45.58458644727543
2025-12-20,wk inc flu hosp,0,2025-12-27,46,quantile,0.8,51.96186409423651
2025-12-20,wk inc flu hosp,0,2025-12-27,46,quantile,0.85,60.51968685236793
2025-12-20,wk inc flu hosp,0,2025-12-27,46,quantile,0.9,66.56270163617258
2025-12-20,wk inc flu hosp,0,2025-12-27,46,quantile,0.95,83.27129241481222
2025-12-20,wk inc flu hosp,0,2025-12-27,46,quantile,0.975,92.15306401500541
2025-12-20,wk inc flu hosp,0,2025-12-27,46,quantile,0.99,117.01440454148066
2025-12-20,wk inc flu hosp,0,2025-12-27,47,quantile,0.01,108.65926642982507
2025-12-20,wk inc flu hosp,0,2025-12-27,47,quantile,0.025,147.10304762405326
2025-12-20,wk inc flu hosp,0,2025-12-27,47,quantile,0.05,167.2257388967738
2025-12-20,wk inc flu hosp,0,2025-12-27,47,quantile,0.1,198.1682291743596
2025-12-20,wk inc flu hosp,0,2025-12-27,47,quantile,0.15,234.80818714342206
2025-12-20,wk inc flu hosp,0,2025-12-27,47,quantile,0.2,263.89417127168537
2025-12-20,wk inc flu hosp,0,2025-12-27,47,quantile,0.25,288.9798042412006
2025-12-20,wk inc flu hosp,0,2025-12-27,47,quantile,0.3,310.05059769732514
2025-12-20,wk inc flu hosp,0,2025-12-27,47,quantile,0.35,327.85700056377567
2025-12-20,wk inc flu hosp,0,2025-12-27,47,quantile,0.4,355.9539762684433
2025-12-20,wk inc flu hosp,0,2025-12-27,47,quantile,0.45,384.26408310691994
2025-12-20,wk inc flu hosp,0,2025-12-27,47,quantile,0.5,413.60532121005895
2025-12-20,wk inc flu hosp,0,2025-12-27,47,quantile,0.55,451.17406753565376
2025-12-20,wk inc flu hosp,0,2025-12-27,47,quantile,0.6,488.90169463363776
2025-12-20,wk inc flu hosp,0,2025-12-27,47,quantile,0.65,542.0350891133121
2025-12-20,wk inc flu hosp,0,2025-12-27,47,quantile,0.7,578.8494081824516
2025-12-20,wk inc flu hosp,0,2025-12-27,47,quantile,0.75,617.8557945871188
2025-12-20,wk inc flu hosp,0,2025-12-27,47,quantile,0.8,685.8510121986433
2025-12-20,wk inc flu hosp,0,2025-12-27,47,quantile,0.85,778.9926183487623
2025-12-20,wk inc flu hosp,0,2025-12-27,47,quantile,0.9,964.7651032695687
2025-12-20,wk inc flu hosp,0,2025-12-27,47,quantile,0.95,1091.4176356873775
2025-12-20,wk inc flu hosp,0,2025-12-27,47,quantile,0.975,1216.8253150211385
2025-12-20,wk inc flu hosp,0,2025-12-27,47,quantile,0.99,1293.0489802861039
2025-12-20,wk inc flu hosp,0,2025-12-27,48,quantile,0.01,345.49238108347265
2025-12-20,wk inc flu hosp,0,2025-12-27,48,quantile,0.025,545.9283999884591
2025-12-20,wk inc flu hosp,0,2025-12-27,48,quantile,0.05,723.3049677572388
2025-12-20,wk inc flu hosp,0,2025-12-27,48,quantile,0.1,948.6850781481429
2025-12-20,wk inc flu hosp,0,2025-12-27,48,quantile,0.15,1077.6083387446422
2025-12-20,wk inc flu hosp,0,2025-12-27,48,quantile,0.2,1215.0467967047184
2025-12-20,wk inc flu hosp,0,2025-12-27,48,quantile,0.25,1293.1186573583293
2025-12-20,wk inc flu hosp,0,2025-12-27,48,quantile,0.3,1384.5469849355236
2025-12-20,wk inc flu hosp,0,2025-12-27,48,quantile,0.35,1462.2002301868756
2025-12-20,wk inc flu hosp,0,2025-12-27,48,quantile,0.4,1527.2396732172954
2025-12-20,wk inc flu hosp,0,2025-12-27,48,quantile,0.45,1582.4263508585102
2025-12-20,wk inc flu hosp,0,2025-12-27,48,quantile,0.5,1671.3748923561707
2025-12-20,wk inc flu hosp,0,2025-12-27,48,quantile,0.55,1784.813278342704
2025-12-20,wk inc flu hosp,0,2025-12-27,48,quantile,0.6,1897.6730985652384
2025-12-20,wk inc flu hosp,0,2025-12-27,48,quantile,0.65,2009.6023837946286
2025-12-20,wk inc flu hosp,0,2025-12-27,48,quantile,0.7,2147.499672542375
2025-12-20,wk inc flu hosp,0,2025-12-27,48,quantile,0.75,2390.4069095508335
2025-12-20,wk inc flu hosp,0,2025-12-27,48,quantile,0.8,2615.1394240319246
2025-12-20,wk inc flu hosp,0,2025-12-27,48,quantile,0.85,2808.9625822479366
2025-12-20,wk inc flu hosp,0,2025-12-27,48,quantile,0.9,3178.3062373573157
2025-12-20,wk inc flu hosp,0,2025-12-27,48,quantile,0.95,3736.35686870418
2025-12-20,wk inc flu hosp,0,2025-12-27,48,quantile,0.975,4402.110369406297
2025-12-20,wk inc flu hosp,0,2025-12-27,48,quantile,0.99,5284.856232607179
2025-12-20,wk inc flu hosp,0,2025-12-27,49,quantile,0.01,25.984963205153207
2025-12-20,wk inc flu hosp,0,2025-12-27,49,quantile,0.025,40.391521636698336
2025-12-20,wk inc flu hosp,0,2025-12-27,49,quantile,0.05,54.24378839866991
2025-12-20,wk inc flu hosp,0,2025-12-27,49,quantile,0.1,71.071614493706
2025-12-20,wk inc flu hosp,0,2025-12-27,49,quantile,0.15,84.4160439864354
2025-12-20,wk inc flu hosp,0,2025-12-27,49,quantile,0.2,97.72860713474802
2025-12-20,wk inc flu hosp,0,2025-12-27,49,quantile,0.25,108.94778953000575
2025-12-20,wk inc flu hosp,0,2025-12-27,49,quantile,0.3,123.57406485456103
2025-12-20,wk inc flu hosp,0,2025-12-27,49,quantile,0.35,135.54160121251917
2025-12-20,wk inc flu hosp,0,2025-12-27,49,quantile,0.4,144.39628501185925
2025-12-20,wk inc flu hosp,0,2025-12-27,49,quantile,0.45,157.58609458956997
2025-12-20,wk inc flu hosp,0,2025-12-27,49,quantile,0.5,168.77375199895752
2025-12-20,wk inc flu hosp,0,2025-12-27,49,quantile,0.55,187.2664354678728
2025-12-20,wk inc flu hosp,0,2025-12-27,49,quantile,0.6,206.18566576595984
2025-12-20,wk inc flu hosp,0,2025-12-27,49,quantile,0.65,224.33137598540324
2025-12-20,wk inc flu hosp,0,2025-12-27,49,quantile,0.7,248.02867741429742
2025-12-20,wk inc flu hosp,0,2025-12-27,49,quantile,0.75,273.82358559789645
2025-12-20,wk inc flu hosp,0,2025-12-27,49,quantile,0.8,299.25695633572377
2025-12-20,wk inc flu hosp,0,2025-12-27,49,quantile,0.85,332.261461090142
2025-12-20,wk inc flu hosp,0,2025-12-27,49,quantile,0.9,365.2346682343151
2025-12-20,wk inc flu hosp,0,2025-12-27,49,quantile,0.95,437.79257801688686
2025-12-20,wk inc flu hosp,0,2025-12-27,49,quantile,0.975,515.3142748105018
2025-12-20,wk inc flu hosp,0,2025-12-27,49,quantile,0.99,647.1915312584613
2025-12-20,wk inc flu hosp,0,2025-12-27,50,quantile,0.01,1.382177860375897
2025-12-20,wk inc flu hosp,0,2025-12-27,50,quantile,0.025,1.8762985767653615
2025-12-20,wk inc flu hosp,0,2025-12-27,50,quantile,0.05,2.250394734966644
2025-12-20,wk inc flu hosp,0,2025-12-27,50,quantile,0.1,4.1547425292570175
2025-12-20,wk inc flu hosp,0,2025-12-27,50,quantile,0.15,5.41724200568537
2025-12-20,wk inc flu hosp,0,2025-12-27,50,quantile,0.2,6.5963284556569945
2025-12-20,wk inc flu hosp,0,2025-12-27,50,quantile,0.25,8.136280470720626
2025-12-20,wk inc flu hosp,0,2025-12-27,50,quantile,0.3,9.020592738834099
2025-12-20,wk inc flu hosp,0,2025-12-27,50,quantile,0.35,10.045047108653439
2025-12-20,wk inc flu hosp,0,2025-12-27,50,quantile,0.4,11.024131891046489
2025-12-20,wk inc flu hosp,0,2025-12-27,50,quantile,0.45,12.359361188429443
2025-12-20,wk inc flu hosp,0,2025-12-27,50,quantile,0.5,13.610846564700033
2025-12-20,wk inc flu hosp,0,2025-12-27,50,quantile,0.55,14.658951701073958
2025-12-20,wk inc flu hosp,0,2025-12-27,50,quantile,0.6,15.657366232738525
2025-12-20,wk inc flu hosp,0,2025-12-27,50,quantile,0.65,17.496292700500323
2025-12-20,wk inc flu hosp,0,2025-12-27,50,quantile,0.7,19.493868979312893
2025-12-20,wk inc flu hosp,0,2025-12-27,50,quantile,0.75,21.919102671431993
2025-12-20,wk inc flu hosp,0,2025-12-27,50,quantile,0.8,24.38184448152651
2025-12-20,wk inc flu hosp,0,2025-12-27,50,quantile,0.85,27.301399541877206
2025-12-20,wk inc flu hosp,0,2025-12-27,50,quantile,0.9,32.748778013899305
2025-12-20,wk inc flu hosp,0,2025-12-27,50,quantile,0.95,45.31695886424717
2025-12-20,wk inc flu hosp,0,2025-12-27,50,quantile,0.975,55.47905543812437
2025-12-20,wk inc flu hosp,0,2025-12-27,50,quantile,0.99,56.67647979058057
2025-12-20,wk inc flu hosp,0,2025-12-27,51,quantile,0.01,116.38022658269458
2025-12-20,wk inc flu hosp,0,2025-12-27,51,quantile,0.025,181.23879997571717
2025-12-20,wk inc flu hosp,0,2025-12-27,51,quantile,0.05,224.04458783874958
2025-12-20,wk inc flu hosp,0,2025-12-27,51,quantile,0.1,260.5458932546944
2025-12-20,wk inc flu hosp,0,2025-12-27,51,quantile,0.15,290.7309737274345
2025-12-20,wk inc flu hosp,0,2025-12-27,51,quantile,0.2,328.28441207544876
2025-12-20,wk inc flu hosp,0,2025-12-27,51,quantile,0.25,360.41665435046474
2025-12-20,wk inc flu hosp,0,2025-12-27,51,quantile,0.3,387.22206824999654
2025-12-20,wk inc flu hosp,0,2025-12-27,51,quantile,0.35,414.6931533421949
2025-12-20,wk inc flu hosp,0,2025-12-27,51,quantile,0.4,443.6215573517732
2025-12-20,wk inc flu hosp,0,2025-12-27,51,quantile,0.45,473.1439746009265
2025-12-20,wk inc flu hosp,0,2025-12-27,51,quantile,0.5,510.3466108832113
2025-12-20,wk inc flu hosp,0,2025-12-27,51,quantile,0.55,544.0038314648986
2025-12-20,wk inc flu hosp,0,2025-12-27,51,quantile,0.6,589.6255548649741
2025-12-20,wk inc flu hosp,0,2025-12-27,51,quantile,0.65,616.6361595674601
2025-12-20,wk inc flu hosp,0,2025-12-27,51,quantile,0.7,654.4972878592537
2025-12-20,wk inc flu hosp,0,2025-12-27,51,quantile,0.75,698.8274846999361
2025-12-20,wk inc flu hosp,0,2025-12-27,51,quantile,0.8,744.5329584149783
2025-12-20,wk inc flu hosp,0,2025-12-27,51,quantile,0.85,794.8534036010539
2025-12-20,wk inc flu hosp,0,2025-12-27,51,quantile,0.9,857.8798810308585
2025-12-20,wk inc flu hosp,0,2025-12-27,51,quantile,0.95,965.8317685396917
2025-12-20,wk inc flu hosp,0,2025-12-27,51,quantile,0.975,1026.2255502453838
2025-12-20,wk inc flu hosp,0,2025-12-27,51,quantile,0.99,1186.375506024015
2025-12-20,wk inc flu hosp,0,2025-12-27,53,quantile,0.01,14.525983650081763
2025-12-20,wk inc flu hosp,0,2025-12-27,53,quantile,0.025,50.001806075106096
2025-12-20,wk inc flu hosp,0,2025-12-27,53,quantile,0.05,63.8805963788663
2025-12-20,wk inc flu hosp,0,2025-12-27,53,quantile,0.1,81.34715864677061
2025-12-20,wk inc flu hosp,0,2025-12-27,53,quantile,0.15,88.63482760209467
2025-12-20,wk inc flu hosp,0,2025-12-27,53,quantile,0.2,99.23443704824733
2025-12-20,wk inc flu hosp,0,2025-12-27,53,quantile,0.25,112.39743891464745
2025-12-20,wk inc flu hosp,0,2025-12-27,53,quantile,0.3,128.30984883191317
2025-12-20,wk inc flu hosp,0,2025-12-27,53,quantile,0.35,141.46667140470765
2025-12-20,wk inc flu hosp,0,2025-12-27,53,quantile,0.4,152.20251730486274
2025-12-20,wk inc flu hosp,0,2025-12-27,53,quantile,0.45,163.26389276842016
2025-12-20,wk inc flu hosp,0,2025-12-27,53,quantile,0.5,175.50878759132135
2025-12-20,wk inc flu hosp,0,2025-12-27,53,quantile,0.55,184.87935819968865
2025-12-20,wk inc flu hosp,0,2025-12-27,53,quantile,0.6,197.25862495165367
2025-12-20,wk inc flu hosp,0,2025-12-27,53,quantile,0.65,209.37509892480034
2025-12-20,wk inc flu hosp,0,2025-12-27,53,quantile,0.7,217.97440541059913
2025-12-20,wk inc flu hosp,0,2025-12-27,53,quantile,0.75,227.66748539749804
2025-12-20,wk inc flu hosp,0,2025-12-27,53,quantile,0.8,243.0845165455043
2025-12-20,wk inc flu hosp,0,2025-12-27,53,quantile,0.85,267.21122617482973
2025-12-20,wk inc flu hosp,0,2025-12-27,53,quantile,0.9,300.64065446902214
2025-12-20,wk inc flu hosp,0,2025-12-27,53,quantile,0.95,358.2932078785703
2025-12-20,wk inc flu hosp,0,2025-12-27,53,quantile,0.975,424.0476400774309
2025-12-20,wk inc flu hosp,0,2025-12-27,53,quantile,0.99,522.4598051091222
2025-12-20,wk inc flu hosp,0,2025-12-27,54,quantile,0.01,16.41178015484881
2025-12-20,wk inc flu hosp,0,2025-12-27,54,quantile,0.025,21.2720048072891
2025-12-20,wk inc flu hosp,0,2025-12-27,54,quantile,0.05,28.31748925208886
2025-12-20,wk inc flu hosp,0,2025-12-27,54,quantile,0.1,40.730319736336895
2025-12-20,wk inc flu hosp,0,2025-12-27,54,quantile,0.15,49.36324475057092
2025-12-20,wk inc flu hosp,0,2025-12-27,54,quantile,0.2,54.690555708054184
2025-12-20,wk inc flu hosp,0,2025-12-27,54,quantile,0.25,62.40294941437473
2025-12-20,wk inc flu hosp,0,2025-12-27,54,quantile,0.3,70.00135188693548
2025-12-20,wk inc flu hosp,0,2025-12-27,54,quantile,0.35,80.37355211524913
2025-12-20,wk inc flu hosp,0,2025-12-27,54,quantile,0.4,90.04065383974822
2025-12-20,wk inc flu hosp,0,2025-12-27,54,quantile,0.45,99.41682167137805
2025-12-20,wk inc flu hosp,0,2025-12-27,54,quantile,0.5,106.91735506922912
2025-12-20,wk inc flu hosp,0,2025-12-27,54,quantile,0.55,114.57179994037877
2025-12-20,wk inc flu hosp,0,2025-12-27,54,quantile,0.6,123.139045201793
2025-12-20,wk inc flu hosp,0,2025-12-27,54,quantile,0.65,136.3214053642242
2025-12-20,wk inc flu hosp,0,2025-12-27,54,quantile,0.7,154.12120960179425
2025-12-20,wk inc flu hosp,0,2025-12-27,54,quantile,0.75,172.52240472872577
2025-12-20,wk inc flu hosp,0,2025-12-27,54,quantile,0.8,191.35650986081808
2025-12-20,wk inc flu hosp,0,2025-12-27,54,quantile,0.85,215.40866719261186
2025-12-20,wk inc flu hosp,0,2025-12-27,54,quantile,0.9,274.35969670585627
2025-12-20,wk inc flu hosp,0,2025-12-27,54,quantile,0.95,354.56834115396225
2025-12-20,wk inc flu hosp,0,2025-12-27,54,quantile,0.975,419.17674463829286
2025-12-20,wk inc flu hosp,0,2025-12-27,54,quantile,0.99,439.28537264926445
2025-12-20,wk inc flu hosp,0,2025-12-27,55,quantile,0.01,48.2170905452633
2025-12-20,wk inc flu hosp,0,2025-12-27,55,quantile,0.025,76.64788284447626
2025-12-20,wk inc flu hosp,0,2025-12-27,55,quantile,0.05,145.70549230248625
2025-12-20,wk inc flu hosp,0,2025-12-27,55,quantile,0.1,177.84167841057337
2025-12-20,wk inc flu hosp,0,2025-12-27,55,quantile,0.15,208.97719740524943
2025-12-20,wk inc flu hosp,0,2025-12-27,55,quantile,0.2,235.21796971484628
2025-12-20,wk inc flu hosp,0,2025-12-27,55,quantile,0.25,260.42668078821964
2025-12-20,wk inc flu hosp,0,2025-12-27,55,quantile,0.3,286.88079108277327
2025-12-20,wk inc flu hosp,0,2025-12-27,55,quantile,0.35,315.63799376264745
2025-12-20,wk inc flu hosp,0,2025-12-27,55,quantile,0.4,342.9114691889441
2025-12-20,wk inc flu hosp,0,2025-12-27,55,quantile,0.45,365.1480311644848
2025-12-20,wk inc flu hosp,0,2025-12-27,55,quantile,0.5,390.8559578330573
2025-12-20,wk inc flu hosp,0,2025-12-27,55,quantile,0.55,415.4778070484847
2025-12-20,wk inc flu hosp,0,2025-12-27,55,quantile,0.6,434.91936646409175
2025-12-20,wk inc flu hosp,0,2025-12-27,55,quantile,0.65,463.7807368751544
2025-12-20,wk inc flu hosp,0,2025-12-27,55,quantile,0.7,504.3624415141022
2025-12-20,wk inc flu hosp,0,2025-12-27,55,quantile,0.75,552.1935442453992
2025-12-20,wk inc flu hosp,0,2025-12-27,55,quantile,0.8,613.4143771390728
2025-12-20,wk inc flu hosp,0,2025-12-27,55,quantile,0.85,716.3692577204263
2025-12-20,wk inc flu hosp,0,2025-12-27,55,quantile,0.9,831.034514930431
2025-12-20,wk inc flu hosp,0,2025-12-27,55,quantile,0.95,1022.376344647158
2025-12-20,wk inc flu hosp,0,2025-12-27,55,quantile,0.975,1201.6795666863268
2025-12-20,wk inc flu hosp,0,2025-12-27,55,quantile,0.99,1419.8039522848533
2025-12-20,wk inc flu hosp,0,2025-12-27,56,quantile,0.01,5.342420198712395
2025-12-20,wk inc flu hosp,0,2025-12-27,56,quantile,0.025,6.754332297450053
2025-12-20,wk inc flu hosp,0,2025-12-27,56,quantile,0.05,8.249593932809706
2025-12-20,wk inc flu hosp,0,2025-12-27,56,quantile,0.1,10.731360420582767
2025-12-20,wk inc flu hosp,0,2025-12-27,56,quantile,0.15,13.828050460989436
2025-12-20,wk inc flu hosp,0,2025-12-27,56,quantile,0.2,16.752795597716077
2025-12-20,wk inc flu hosp,0,2025-12-27,56,quantile,0.25,19.52588716268557
2025-12-20,wk inc flu hosp,0,2025-12-27,56,quantile,0.3,22.683662074380145
2025-12-20,wk inc flu hosp,0,2025-12-27,56,quantile,0.35,26.153771377293886
2025-12-20,wk inc flu hosp,0,2025-12-27,56,quantile,0.4,28.764335641164593
2025-12-20,wk inc flu hosp,0,2025-12-27,56,quantile,0.45,31.474829605064343
2025-12-20,wk inc flu hosp,0,2025-12-27,56,quantile,0.5,34.09529006787752
2025-12-20,wk inc flu hosp,0,2025-12-27,56,quantile,0.55,37.70184062485275
2025-12-20,wk inc flu hosp,0,2025-12-27,56,quantile,0.6,40.88011331511673
2025-12-20,wk inc flu hosp,0,2025-12-27,56,quantile,0.65,43.49856152999161
2025-12-20,wk inc flu hosp,0,2025-12-27,56,quantile,0.7,47.895983077360754
2025-12-20,wk inc flu hosp,0,2025-12-27,56,quantile,0.75,54.10514203358202
2025-12-20,wk inc flu hosp,0,2025-12-27,56,quantile,0.8,61.845082261341254
2025-12-20,wk inc flu hosp,0,2025-12-27,56,quantile,0.85,71.046237857605675
2025-12-20,wk inc flu hosp,0,2025-12-27,56,quantile,0.9,89.90109938566779
2025-12-20,wk inc flu hosp,0,2025-12-27,56,quantile,0.95,116.62527863172132
2025-12-20,wk inc flu hosp,0,2025-12-27,56,quantile,0.975,140.22347620844727
2025-12-20,wk inc flu hosp,0,2025-12-27,56,quantile,0.99,200.1824752664604
2025-12-20,wk inc flu hosp,0,2025-12-27,72,quantile,0.01,84.32857616550507
2025-12-20,wk inc flu hosp,0,2025-12-27,72,quantile,0.025,98.86425172490343
2025-12-20,wk inc flu hosp,0,2025-12-27,72,quantile,0.05,110.91972758878356
2025-12-20,wk inc flu hosp,0,2025-12-27,72,quantile,0.1,142.86879371023429
2025-12-20,wk inc flu hosp,0,2025-12-27,72,quantile,0.15,159.55973134751068
2025-12-20,wk inc flu hosp,0,2025-12-27,72,quantile,0.2,176.10200473198898
2025-12-20,wk inc flu hosp,0,2025-12-27,72,quantile,0.25,191.94122315071755
2025-12-20,wk inc flu hosp,0,2025-12-27,72,quantile,0.3,205.4918239575093
2025-12-20,wk inc flu hosp,0,2025-12-27,72,quantile,0.35,225.42354832005356
2025-12-20,wk inc flu hosp,0,2025-12-27,72,quantile,0.4,244.70264030093142
2025-12-20,wk inc flu hosp,0,2025-12-27,72,quantile,0.45,262.6394953864837
2025-12-20,wk inc flu hosp,0,2025-12-27,72,quantile,0.5,278.11276728049756
2025-12-20,wk inc flu hosp,0,2025-12-27,72,quantile,0.55,296.33804560713776
2025-12-20,wk inc flu hosp,0,2025-12-27,72,quantile,0.6,315.96024942065606
2025-12-20,wk inc flu hosp,0,2025-12-27,72,quantile,0.65,334.20696302394106
2025-12-20,wk inc flu hosp,0,2025-12-27,72,quantile,0.7,358.24583790515965
2025-12-20,wk inc flu hosp,0,2025-12-27,72,quantile,0.75,384.9897518007646
2025-12-20,wk inc flu hosp,0,2025-12-27,72,quantile,0.8,402.7110943457414
2025-12-20,wk inc flu hosp,0,2025-12-27,72,quantile,0.85,430.33993487258505
2025-12-20,wk inc flu hosp,0,2025-12-27,72,quantile,0.9,485.9695259931595
2025-12-20,wk inc flu hosp,0,2025-12-27,72,quantile,0.95,616.0713844705516
2025-12-20,wk inc flu hosp,0,2025-12-27,72,quantile,0.975,759.1788510937162
2025-12-20,wk inc flu hosp,0,2025-12-27,72,quantile,0.99,979.4426411465475
2025-12-20,wk inc flu hosp,0,2025-12-27,US,quantile,0.01,3964.5034580461297
2025-12-20,wk inc flu hosp,0,2025-12-27,US,quantile,0.025,6280.425610301465
2025-12-20,wk inc flu hosp,0,2025-12-27,US,quantile,0.05,8791.948422026451
2025-12-20,wk inc flu hosp,0,2025-12-27,US,quantile,0.1,11132.399785967806
2025-12-20,wk inc flu hosp,0,2025-12-27,US,quantile,0.15,14908.155740845932
2025-12-20,wk inc flu hosp,0,2025-12-27,US,quantile,0.2,16906.54012639943
2025-12-20,wk inc flu hosp,0,2025-12-27,US,quantile,0.25,19222.48632370514
2025-12-20,wk inc flu hosp,0,2025-12-27,US,quantile,0.3,21794.07237657773
2025-12-20,wk inc flu hosp,0,2025-12-27,US,quantile,0.35,24219.621787695512
2025-12-20,wk inc flu hosp,0,2025-12-27,US,quantile,0.4,26219.453835128224
2025-12-20,wk inc flu hosp,0,2025-12-27,US,quantile,0.45,27805.381553440686
2025-12-20,wk inc flu hosp,0,2025-12-27,US,quantile,0.5,29358.899087639587
2025-12-20,wk inc flu hosp,0,2025-12-27,US,quantile,0.55,31015.101608168716
2025-12-20,wk inc flu hosp,0,2025-12-27,US,quantile,0.6,32939.60917386638
2025-12-20,wk inc flu hosp,0,2025-12-27,US,quantile,0.65,34715.106226640535
2025-12-20,wk inc flu hosp,0,2025-12-27,US,quantile,0.7,36191.60610014591
2025-12-20,wk inc flu hosp,0,2025-12-27,US,quantile,0.75,38338.95248593311
2025-12-20,wk inc flu hosp,0,2025-12-27,US,quantile,0.8,41311.44559878413
2025-12-20,wk inc flu hosp,0,2025-12-27,US,quantile,0.85,43405.40028614712
2025-12-20,wk inc flu hosp,0,2025-12-27,US,quantile,0.9,47082.82206688737
2025-12-20,wk inc flu hosp,0,2025-12-27,US,quantile,0.95,51674.90000425278
2025-12-20,wk inc flu hosp,0,2025-12-27,US,quantile,0.975,56748.754266442505
2025-12-20,wk inc flu hosp,0,2025-12-27,US,quantile,0.99,64578.34632793449
2025-12-20,wk inc flu hosp,1,2026-01-03,01,quantile,0.01,69.4412858802969
2025-12-20,wk inc flu hosp,1,2026-01-03,01,quantile,0.025,87.05182965672388
2025-12-20,wk inc flu hosp,1,2026-01-03,01,quantile,0.05,104.41690181201781
2025-12-20,wk inc flu hosp,1,2026-01-03,01,quantile,0.1,140.1167103097672
2025-12-20,wk inc flu hosp,1,2026-01-03,01,quantile,0.15,165.1466564329283
2025-12-20,wk inc flu hosp,1,2026-01-03,01,quantile,0.2,192.03127302852727
2025-12-20,wk inc flu hosp,1,2026-01-03,01,quantile,0.25,218.4204754941964
2025-12-20,wk inc flu hosp,1,2026-01-03,01,quantile,0.3,245.6776599620297
2025-12-20,wk inc flu hosp,1,2026-01-03,01,quantile,0.35,277.3957493072147
2025-12-20,wk inc flu hosp,1,2026-01-03,01,quantile,0.4,310.1193485289656
2025-12-20,wk inc flu hosp,1,2026-01-03,01,quantile,0.45,342.3341794831905
2025-12-20,wk inc flu hosp,1,2026-01-03,01,quantile,0.5,371.05732094351123
2025-12-20,wk inc flu hosp,1,2026-01-03,01,quantile,0.55,409.4303656139601
2025-12-20,wk inc flu hosp,1,2026-01-03,01,quantile,0.6,449.7234969884706
2025-12-20,wk inc flu hosp,1,2026-01-03,01,quantile,0.65,477.9145328748884
2025-12-20,wk inc flu hosp,1,2026-01-03,01,quantile,0.7,526.6499132578571
2025-12-20,wk inc flu hosp,1,2026-01-03,01,quantile,0.75,572.2689825540833
2025-12-20,wk inc flu hosp,1,2026-01-03,01,quantile,0.8,615.9526227355788
2025-12-20,wk inc flu hosp,1,2026-01-03,01,quantile,0.85,656.7724259186133
2025-12-20,wk inc flu hosp,1,2026-01-03,01,quantile,0.9,721.625922039244
2025-12-20,wk inc flu hosp,1,2026-01-03,01,quantile,0.95,993.0938866420346
2025-12-20,wk inc flu hosp,1,2026-01-03,01,quantile,0.975,1303.7690049326516
2025-12-20,wk inc flu hosp,1,2026-01-03,01,quantile,0.99,1349.3648283962896
2025-12-20,wk inc flu hosp,1,2026-01-03,02,quantile,0.01,4.810129083454501
2025-12-20,wk inc flu hosp,1,2026-01-03,02,quantile,0.025,9.58999555902412
2025-12-20,wk inc flu hosp,1,2026-01-03,02,quantile,0.05,14.271254737935234
2025-12-20,wk inc flu hosp,1,2026-01-03,02,quantile,0.1,19.127080306146777
2025-12-20,wk inc flu hosp,1,2026-01-03,02,quantile,0.15,21.77432850115554
2025-12-20,wk inc flu hosp,1,2026-01-03,02,quantile,0.2,24.838983919298467
2025-12-20,wk inc flu hosp,1,2026-01-03,02,quantile,0.25,27.906435000228655
2025-12-20,wk inc flu hosp,1,2026-01-03,02,quantile,0.3,29.17802615152711
2025-12-20,wk inc flu hosp,1,2026-01-03,02,quantile,0.35,32.47392765043716
2025-12-20,wk inc flu hosp,1,2026-01-03,02,quantile,0.4,36.43131040290642
2025-12-20,wk inc flu hosp,1,2026-01-03,02,quantile,0.45,39.993237640727685
2025-12-20,wk inc flu hosp,1,2026-01-03,02,quantile,0.5,44.822476744562174
2025-12-20,wk inc flu hosp,1,2026-01-03,02,quantile,0.55,50.9588751357263
2025-12-20,wk inc flu hosp,1,2026-01-03,02,quantile,0.6,55.41331974881968
2025-12-20,wk inc flu hosp,1,2026-01-03,02,quantile,0.65,62.611617340711064
2025-12-20,wk inc flu hosp,1,2026-01-03,02,quantile,0.7,69.04891746998976
2025-12-20,wk inc flu hosp,1,2026-01-03,02,quantile,0.75,77.49382716802658
2025-12-20,wk inc flu hosp,1,2026-01-03,02,quantile,0.8,87.30530779159876
2025-12-20,wk inc flu hosp,1,2026-01-03,02,quantile,0.85,101.61484361944652
2025-12-20,wk inc flu hosp,1,2026-01-03,02,quantile,0.9,125.11213347453747
2025-12-20,wk inc flu hosp,1,2026-01-03,02,quantile,0.95,167.14002944056338
2025-12-20,wk inc flu hosp,1,2026-01-03,02,quantile,0.975,185.95833246149442
2025-12-20,wk inc flu hosp,1,2026-01-03,02,quantile,0.99,207.12615857897302
2025-12-20,wk inc flu hosp,1,2026-01-03,04,quantile,0.01,40.6471432316276
2025-12-20,wk inc flu hosp,1,2026-01-03,04,quantile,0.025,46.31567747426828
2025-12-20,wk inc flu hosp,1,2026-01-03,04,quantile,0.05,55.92474524203531
2025-12-20,wk inc flu hosp,1,2026-01-03,04,quantile,0.1,90.1439595388588
2025-12-20,wk inc flu hosp,1,2026-01-03,04,quantile,0.15,110.34556334089972
2025-12-20,wk inc flu hosp,1,2026-01-03,04,quantile,0.2,120.98836757514304
2025-12-20,wk inc flu hosp,1,2026-01-03,04,quantile,0.25,129.67920702885175
2025-12-20,wk inc flu hosp,1,2026-01-03,04,quantile,0.3,141.24901050539347
2025-12-20,wk inc flu hosp,1,2026-01-03,04,quantile,0.35,151.1718877390354
2025-12-20,wk inc flu hosp,1,2026-01-03,04,quantile,0.4,159.85568800594442
2025-12-20,wk inc flu hosp,1,2026-01-03,04,quantile,0.45,168.91256960932267
2025-12-20,wk inc flu hosp,1,2026-01-03,04,quantile,0.5,180.01452193133053
2025-12-20,wk inc flu hosp,1,2026-01-03,04,quantile,0.55,192.99051744184706
2025-12-20,wk inc flu hosp,1,2026-01-03,04,quantile,0.6,210.63705341765927
2025-12-20,wk inc flu hosp,1,2026-01-03,04,quantile,0.65,226.3747757955128
2025-12-20,wk inc flu hosp,1,2026-01-03,04,quantile,0.7,251.01961503715233
2025-12-20,wk inc flu hosp,1,2026-01-03,04,quantile,0.75,283.3348085843813
2025-12-20,wk inc flu hosp,1,2026-01-03,04,quantile,0.8,340.565993198579
2025-12-20,wk inc flu hosp,1,2026-01-03,04,quantile,0.85,387.41609651426893
2025-12-20,wk inc flu hosp,1,2026-01-03,04,quantile,0.9,524.8146647717721
2025-12-20,wk inc flu hosp,1,2026-01-03,04,quantile,0.95,687.2477165935979
2025-12-20,wk inc flu hosp,1,2026-01-03,04,quantile,0.975,785.1015557462385
2025-12-20,wk inc flu hosp,1,2026-01-03,04,quantile,0.99,857.1134466541579
2025-12-20,wk inc flu hosp,1,2026-01-03,05,quantile,0.01,33.277353054554155
2025-12-20,wk inc flu hosp,1,2026-01-03,05,quantile,0.025,47.245403539966006
2025-12-20,wk inc flu hosp,1,2026-01-03,05,quantile,0.05,61.99507635961108
2025-12-20,wk inc flu hosp,1,2026-01-03,05,quantile,0.1,83.74594204311079
2025-12-20,wk inc flu hosp,1,2026-01-03,05,quantile,0.15,102.75132023422977
2025-12-20,wk inc flu hosp,1,2026-01-03,05,quantile,0.2,120.28942765476535
2025-12-20,wk inc flu hosp,1,2026-01-03,05,quantile,0.25,141.0697526993556
2025-12-20,wk inc flu hosp,1,2026-01-03,05,quantile,0.3,159.1328137011809
2025-12-20,wk inc flu hosp,1,2026-01-03,05,quantile,0.35,176.89439663915067
2025-12-20,wk inc flu hosp,1,2026-01-03,05,quantile,0.4,184.92535134831726
2025-12-20,wk inc flu hosp,1,2026-01-03,05,quantile,0.45,203.24968886162978
2025-12-20,wk inc flu hosp,1,2026-01-03,05,quantile,0.5,223.9139573290501
2025-12-20,wk inc flu hosp,1,2026-01-03,05,quantile,0.55,243.23682656510368
2025-12-20,wk inc flu hosp,1,2026-01-03,05,quantile,0.6,266.0123896152521
2025-12-20,wk inc flu hosp,1,2026-01-03,05,quantile,0.65,279.4417966655955
2025-12-20,wk inc flu hosp,1,2026-01-03,05,quantile,0.7,312.34293471645697
2025-12-20,wk inc flu hosp,1,2026-01-03,05,quantile,0.75,385.72201406303805
2025-12-20,wk inc flu hosp,1,2026-01-03,05,quantile,0.8,455.142093769337
2025-12-20,wk inc flu hosp,1,2026-01-03,05,quantile,0.85,503.6050371055923
2025-12-20,wk inc flu hosp,1,2026-01-03,05,quantile,0.9,540.0870321641262
2025-12-20,wk inc flu hosp,1,2026-01-03,05,quantile,0.95,627.5671031250057
2025-12-20,wk inc flu hosp,1,2026-01-03,05,quantile,0.975,712.1177915696036
2025-12-20,wk inc flu hosp,1,2026-01-03,05,quantile,0.99,931.6785165284883
2025-12-20,wk inc flu hosp,1,2026-01-03,06,quantile,0.01,134.6431699653115
2025-12-20,wk inc flu hosp,1,2026-01-03,06,quantile,0.025,305.9256197871604
2025-12-20,wk inc flu hosp,1,2026-01-03,06,quantile,0.05,362.9597148651153
2025-12-20,wk inc flu hosp,1,2026-01-03,06,quantile,0.1,450.3929781233315
2025-12-20,wk inc flu hosp,1,2026-01-03,06,quantile,0.15,541.7390594005076
2025-12-20,wk inc flu hosp,1,2026-01-03,06,quantile,0.2,642.7947916578619
2025-12-20,wk inc flu hosp,1,2026-01-03,06,quantile,0.25,724.0253581098938
2025-12-20,wk inc flu hosp,1,2026-01-03,06,quantile,0.3,827.9554161146542
2025-12-20,wk inc flu hosp,1,2026-01-03,06,quantile,0.35,914.7390546739863
2025-12-20,wk inc flu hosp,1,2026-01-03,06,quantile,0.4,1023.0720374991226
2025-12-20,wk inc flu hosp,1,2026-01-03,06,quantile,0.45,1129.623073367438
2025-12-20,wk inc flu hosp,1,2026-01-03,06,quantile,0.5,1243.9334991597473
2025-12-20,wk inc flu hosp,1,2026-01-03,06,quantile,0.55,1333.3911368650058
2025-12-20,wk inc flu hosp,1,2026-01-03,06,quantile,0.6,1399.2655004092128
2025-12-20,wk inc flu hosp,1,2026-01-03,06,quantile,0.65,1509.6997803959434
2025-12-20,wk inc flu hosp,1,2026-01-03,06,quantile,0.7,1635.0867554508086
2025-12-20,wk inc flu hosp,1,2026-01-03,06,quantile,0.75,1785.8862337937278
2025-12-20,wk inc flu hosp,1,2026-01-03,06,quantile,0.8,1921.8609038326142
2025-12-20,wk inc flu hosp,1,2026-01-03,06,quantile,0.85,2103.6118181911297
2025-12-20,wk inc flu hosp,1,2026-01-03,06,quantile,0.9,2356.001154359881
2025-12-20,wk inc flu hosp,1,2026-01-03,06,quantile,0.95,2615.458277640466
2025-12-20,wk inc flu hosp,1,2026-01-03,06,quantile,0.975,2775.9557888420723
2025-12-20,wk inc flu hosp,1,2026-01-03,06,quantile,0.99,3708.6705293374334
2025-12-20,wk inc flu hosp,1,2026-01-03,08,quantile,0.01,123.0035395543125
2025-12-20,wk inc flu hosp,1,2026-01-03,08,quantile,0.025,210.71012014030637
2025-12-20,wk inc flu hosp,1,2026-01-03,08,quantile,0.05,249.1937879442338
2025-12-20,wk inc flu hosp,1,2026-01-03,08,quantile,0.1,281.1247698154515
2025-12-20,wk inc flu hosp,1,2026-01-03,08,quantile,0.15,326.20294742062237
2025-12-20,wk inc flu hosp,1,2026-01-03,08,quantile,0.2,372.44142387300843
2025-12-20,wk inc flu hosp,1,2026-01-03,08,quantile,0.25,417.20464891153256
2025-12-20,wk inc flu hosp,1,2026-01-03,08,quantile,0.3,463.0058937965363
2025-12-20,wk inc flu hosp,1,2026-01-03,08,quantile,0.35,508.5310997336141
2025-12-20,wk inc flu hosp,1,2026-01-03,08,quantile,0.4,566.8506008818144
2025-12-20,wk inc flu hosp,1,2026-01-03,08,quantile,0.45,644.7162603505423
2025-12-20,wk inc flu hosp,1,2026-01-03,08,quantile,0.5,714.6204072278472
2025-12-20,wk inc flu hosp,1,2026-01-03,08,quantile,0.55,767.6628945061243
2025-12-20,wk inc flu hosp,1,2026-01-03,08,quantile,0.6,842.9075664894109
2025-12-20,wk inc flu hosp,1,2026-01-03,08,quantile,0.65,1016.4366921201492
2025-12-20,wk inc flu hosp,1,2026-01-03,08,quantile,0.7,1190.7764295064237
2025-12-20,wk inc flu hosp,1,2026-01-03,08,quantile,0.75,1286.7804580771679
2025-12-20,wk inc flu hosp,1,2026-01-03,08,quantile,0.8,1396.9422214831673
2025-12-20,wk inc flu hosp,1,2026-01-03,08,quantile,0.85,1545.9175452085053
2025-12-20,wk inc flu hosp,1,2026-01-03,08,quantile,0.9,1916.4859923717975
2025-12-20,wk inc flu hosp,1,2026-01-03,08,quantile,0.95,2310.8986958668766
2025-12-20,wk inc flu hosp,1,2026-01-03,08,quantile,0.975,2547.1986885050715
2025-12-20,wk inc flu hosp,1,2026-01-03,08,quantile,0.99,2753.713718977577
2025-12-20,wk inc flu hosp,1,2026-01-03,09,quantile,0.01,80.57628228635126
2025-12-20,wk inc flu hosp,1,2026-01-03,09,quantile,0.025,95.46247447210354
2025-12-20,wk inc flu hosp,1,2026-01-03,09,quantile,0.05,137.5650935981074
2025-12-20,wk inc flu hosp,1,2026-01-03,09,quantile,0.1,192.9888500264965
2025-12-20,wk inc flu hosp,1,2026-01-03,09,quantile,0.15,225.83379015904032
2025-12-20,wk inc flu hosp,1,2026-01-03,09,quantile,0.2,257.13366367976624
2025-12-20,wk inc flu hosp,1,2026-01-03,09,quantile,0.25,288.2750553502861
2025-12-20,wk inc flu hosp,1,2026-01-03,09,quantile,0.3,319.2981550538387
2025-12-20,wk inc flu hosp,1,2026-01-03,09,quantile,0.35,353.58143380416624
2025-12-20,wk inc flu hosp,1,2026-01-03,09,quantile,0.4,392.5477783066069
2025-12-20,wk inc flu hosp,1,2026-01-03,09,quantile,0.45,443.6098555691814
2025-12-20,wk inc flu hosp,1,2026-01-03,09,quantile,0.5,492.3393902790653
2025-12-20,wk inc flu hosp,1,2026-01-03,09,quantile,0.55,517.3177548487237
2025-12-20,wk inc flu hosp,1,2026-01-03,09,quantile,0.6,564.5367415423672
2025-12-20,wk inc flu hosp,1,2026-01-03,09,quantile,0.65,599.006721389152
2025-12-20,wk inc flu hosp,1,2026-01-03,09,quantile,0.7,703.1431294278074
2025-12-20,wk inc flu hosp,1,2026-01-03,09,quantile,0.75,918.7435534142261
2025-12-20,wk inc flu hosp,1,2026-01-03,09,quantile,0.8,1127.0502434670145
2025-12-20,wk inc flu hosp,1,2026-01-03,09,quantile,0.85,1336.4353344400467
2025-12-20,wk inc flu hosp,1,2026-01-03,09,quantile,0.9,1697.6158795094068
2025-12-20,wk inc flu hosp,1,2026-01-03,09,quantile,0.95,2845.047443081585
2025-12-20,wk inc flu hosp,1,2026-01-03,09,quantile,0.975,2903.5403815073196
2025-12-20,wk inc flu hosp,1,2026-01-03,09,quantile,0.99,2982.2538031132067
2025-12-20,wk inc flu hosp,1,2026-01-03,10,quantile,0.01,12.465169545281904
2025-12-20,wk inc flu hosp,1,2026-01-03,10,quantile,0.025,16.456888368903186
2025-12-20,wk inc flu hosp,1,2026-01-03,10,quantile,0.05,25.490310163326715
2025-12-20,wk inc flu hosp,1,2026-01-03,10,quantile,0.1,34.850994532246304
2025-12-20,wk inc flu hosp,1,2026-01-03,10,quantile,0.15,44.472949343077545
2025-12-20,wk inc flu hosp,1,2026-01-03,10,quantile,0.2,53.65395198682068
2025-12-20,wk inc flu hosp,1,2026-01-03,10,quantile,0.25,62.60708118870197
2025-12-20,wk inc flu hosp,1,2026-01-03,10,quantile,0.3,76.6574945338662
2025-12-20,wk inc flu hosp,1,2026-01-03,10,quantile,0.35,93.40450729049962
2025-12-20,wk inc flu hosp,1,2026-01-03,10,quantile,0.4,108.32745765052896
2025-12-20,wk inc flu hosp,1,2026-01-03,10,quantile,0.45,124.27705255128626
2025-12-20,wk inc flu hosp,1,2026-01-03,10,quantile,0.5,141.81048618442637
2025-12-20,wk inc flu hosp,1,2026-01-03,10,quantile,0.55,153.52570420127753
2025-12-20,wk inc flu hosp,1,2026-01-03,10,quantile,0.6,175.47642161672437
2025-12-20,wk inc flu hosp,1,2026-01-03,10,quantile,0.65,188.06835860480754
2025-12-20,wk inc flu hosp,1,2026-01-03,10,quantile,0.7,201.38489643121605
2025-12-20,wk inc flu hosp,1,2026-01-03,10,quantile,0.75,230.3413728843515
2025-12-20,wk inc flu hosp,1,2026-01-03,10,quantile,0.8,276.1245113303607
2025-12-20,wk inc flu hosp,1,2026-01-03,10,quantile,0.85,312.41494648322373
2025-12-20,wk inc flu hosp,1,2026-01-03,10,quantile,0.9,374.64917800820604
2025-12-20,wk inc flu hosp,1,2026-01-03,10,quantile,0.95,445.59210929697974
2025-12-20,wk inc flu hosp,1,2026-01-03,10,quantile,0.975,468.786657743511
2025-12-20,wk inc flu hosp,1,2026-01-03,10,quantile,0.99,475.67722686627
2025-12-20,wk inc flu hosp,1,2026-01-03,11,quantile,0.01,4.515520198745453
2025-12-20,wk inc flu hosp,1,2026-01-03,11,quantile,0.025,4.795628142886278
2025-12-20,wk inc flu hosp,1,2026-01-03,11,quantile,0.05,6.562775042701155
2025-12-20,wk inc flu hosp,1,2026-01-03,11,quantile,0.1,10.139421923719317
2025-12-20,wk inc flu hosp,1,2026-01-03,11,quantile,0.15,13.525546892964067
2025-12-20,wk inc flu hosp,1,2026-01-03,11,quantile,0.2,16.76073436954093
2025-12-20,wk inc flu hosp,1,2026-01-03,11,quantile,0.25,21.417552306458365
2025-12-20,wk inc flu hosp,1,2026-01-03,11,quantile,0.3,24.999018214853685
2025-12-20,wk inc flu hosp,1,2026-01-03,11,quantile,0.35,29.10422842897615
2025-12-20,wk inc flu hosp,1,2026-01-03,11,quantile,0.4,35.238119422003514
2025-12-20,wk inc flu hosp,1,2026-01-03,11,quantile,0.45,40.39325239438063
2025-12-20,wk inc flu hosp,1,2026-01-03,11,quantile,0.5,44.29068713468617
2025-12-20,wk inc flu hosp,1,2026-01-03,11,quantile,0.55,48.95995800481969
2025-12-20,wk inc flu hosp,1,2026-01-03,11,quantile,0.6,53.72091847837225
2025-12-20,wk inc flu hosp,1,2026-01-03,11,quantile,0.65,59.50998453685047
2025-12-20,wk inc flu hosp,1,2026-01-03,11,quantile,0.7,66.24173263443393
2025-12-20,wk inc flu hosp,1,2026-01-03,11,quantile,0.75,75.83179901257697
2025-12-20,wk inc flu hosp,1,2026-01-03,11,quantile,0.8,92.02681713154305
2025-12-20,wk inc flu hosp,1,2026-01-03,11,quantile,0.85,105.26876608086344
2025-12-20,wk inc flu hosp,1,2026-01-03,11,quantile,0.9,123.69011180937461
2025-12-20,wk inc flu hosp,1,2026-01-03,11,quantile,0.95,132.88889556615732
2025-12-20,wk inc flu hosp,1,2026-01-03,11,quantile,0.975,135.9526721697652
2025-12-20,wk inc flu hosp,1,2026-01-03,11,quantile,0.99,152.70082852564596
2025-12-20,wk inc flu hosp,1,2026-01-03,12,quantile,0.01,271.1372172782798
2025-12-20,wk inc flu hosp,1,2026-01-03,12,quantile,0.025,581.7234632814068
2025-12-20,wk inc flu hosp,1,2026-01-03,12,quantile,0.05,834.199096637079
2025-12-20,wk inc flu hosp,1,2026-01-03,12,quantile,0.1,975.6841015226858
2025-12-20,wk inc flu hosp,1,2026-01-03,12,quantile,0.15,1142.988281404482
2025-12-20,wk inc flu hosp,1,2026-01-03,12,quantile,0.2,1299.2604086199094
2025-12-20,wk inc flu hosp,1,2026-01-03,12,quantile,0.25,1453.2650336359684
2025-12-20,wk inc flu hosp,1,2026-01-03,12,quantile,0.3,1587.1050567097261
2025-12-20,wk inc flu hosp,1,2026-01-03,12,quantile,0.35,1736.9581468718945
2025-12-20,wk inc flu hosp,1,2026-01-03,12,quantile,0.4,1879.8396811898795
2025-12-20,wk inc flu hosp,1,2026-01-03,12,quantile,0.45,2043.1681929634342
2025-12-20,wk inc flu hosp,1,2026-01-03,12,quantile,0.5,2207.9430197673537
2025-12-20,wk inc flu hosp,1,2026-01-03,12,quantile,0.55,2501.535773298979
2025-12-20,wk inc flu hosp,1,2026-01-03,12,quantile,0.6,2819.5445894646996
2025-12-20,wk inc flu hosp,1,2026-01-03,12,quantile,0.65,3173.457524938545
2025-12-20,wk inc flu hosp,1,2026-01-03,12,quantile,0.7,3488.9227238002445
2025-12-20,wk inc flu hosp,1,2026-01-03,12,quantile,0.75,3722.178662722355
2025-12-20,wk inc flu hosp,1,2026-01-03,12,quantile,0.8,4038.8791851891283
2025-12-20,wk inc flu hosp,1,2026-01-03,12,quantile,0.85,4511.970365932099
2025-12-20,wk inc flu hosp,1,2026-01-03,12,quantile,0.9,4975.132169325272
2025-12-20,wk inc flu hosp,1,2026-01-03,12,quantile,0.95,5999.899020980162
2025-12-20,wk inc flu hosp,1,2026-01-03,12,quantile,0.975,7487.535297336018
2025-12-20,wk inc flu hosp,1,2026-01-03,12,quantile,0.99,8253.508943588848
2025-12-20,wk inc flu hosp,1,2026-01-03,13,quantile,0.01,121.06989375746313
2025-12-20,wk inc flu hosp,1,2026-01-03,13,quantile,0.025,138.95051408434114
2025-12-20,wk inc flu hosp,1,2026-01-03,13,quantile,0.05,212.32006468239928
2025-12-20,wk inc flu hosp,1,2026-01-03,13,quantile,0.1,295.4587450082584
2025-12-20,wk inc flu hosp,1,2026-01-03,13,quantile,0.15,351.800446127908
2025-12-20,wk inc flu hosp,1,2026-01-03,13,quantile,0.2,397.39145132518695
2025-12-20,wk inc flu hosp,1,2026-01-03,13,quantile,0.25,450.1360635785639
2025-12-20,wk inc flu hosp,1,2026-01-03,13,quantile,0.3,511.8658403658261
2025-12-20,wk inc flu hosp,1,2026-01-03,13,quantile,0.35,585.7829382840916
2025-12-20,wk inc flu hosp,1,2026-01-03,13,quantile,0.4,651.1352084735701
2025-12-20,wk inc flu hosp,1,2026-01-03,13,quantile,0.45,715.8510153988186
2025-12-20,wk inc flu hosp,1,2026-01-03,13,quantile,0.5,789.7989261392743
2025-12-20,wk inc flu hosp,1,2026-01-03,13,quantile,0.55,844.3714030064705
2025-12-20,wk inc flu hosp,1,2026-01-03,13,quantile,0.6,917.4589247819033
2025-12-20,wk inc flu hosp,1,2026-01-03,13,quantile,0.65,998.8285586906275
2025-12-20,wk inc flu hosp,1,2026-01-03,13,quantile,0.7,1095.7622789275588
2025-12-20,wk inc flu hosp,1,2026-01-03,13,quantile,0.75,1164.6012845629177
2025-12-20,wk inc flu hosp,1,2026-01-03,13,quantile,0.8,1271.7338161129617
2025-12-20,wk inc flu hosp,1,2026-01-03,13,quantile,0.85,1415.1973547332316
2025-12-20,wk inc flu hosp,1,2026-01-03,13,quantile,0.9,1563.652777652912
2025-12-20,wk inc flu hosp,1,2026-01-03,13,quantile,0.95,1728.7244946333162
2025-12-20,wk inc flu hosp,1,2026-01-03,13,quantile,0.975,1825.0140930571536
2025-12-20,wk inc flu hosp,1,2026-01-03,13,quantile,0.99,1863.1268688221373
2025-12-20,wk inc flu hosp,1,2026-01-03,15,quantile,0.01,13.461422291203377
2025-12-20,wk inc flu hosp,1,2026-01-03,15,quantile,0.025,22.723095794102566
2025-12-20,wk inc flu hosp,1,2026-01-03,15,quantile,0.05,39.318963832561465
2025-12-20,wk inc flu hosp,1,2026-01-03,15,quantile,0.1,49.38816845623054
2025-12-20,wk inc flu hosp,1,2026-01-03,15,quantile,0.15,58.667547103051845
2025-12-20,wk inc flu hosp,1,2026-01-03,15,quantile,0.2,61.875243518914644
2025-12-20,wk inc flu hosp,1,2026-01-03,15,quantile,0.25,67.37463519864045
2025-12-20,wk inc flu hosp,1,2026-01-03,15,quantile,0.3,78.17263984185941
2025-12-20,wk inc flu hosp,1,2026-01-03,15,quantile,0.35,88.68210652002695
2025-12-20,wk inc flu hosp,1,2026-01-03,15,quantile,0.4,94.53389405482002
2025-12-20,wk inc flu hosp,1,2026-01-03,15,quantile,0.45,102.25919918432746
2025-12-20,wk inc flu hosp,1,2026-01-03,15,quantile,0.5,112.46044925025429
2025-12-20,wk inc flu hosp,1,2026-01-03,15,quantile,0.55,124.26688174106663
2025-12-20,wk inc flu hosp,1,2026-01-03,15,quantile,0.6,136.7134707587977
2025-12-20,wk inc flu hosp,1,2026-01-03,15,quantile,0.65,149.64689487655755
2025-12-20,wk inc flu hosp,1,2026-01-03,15,quantile,0.7,156.49459392438624
2025-12-20,wk inc flu hosp,1,2026-01-03,15,quantile,0.75,171.17736553598965
2025-12-20,wk inc flu hosp,1,2026-01-03,15,quantile,0.8,197.2984136170618
2025-12-20,wk inc flu hosp,1,2026-01-03,15,quantile,0.85,216.3243101756249
2025-12-20,wk inc flu hosp,1,2026-01-03,15,quantile,0.9,253.17079802269475
2025-12-20,wk inc flu hosp,1,2026-01-03,15,quantile,0.95,340.64168151329966
2025-12-20,wk inc flu hosp,1,2026-01-03,15,quantile,0.975,396.95178025431693
2025-12-20,wk inc flu hosp,1,2026-01-03,15,quantile,0.99,499.00002581939094
2025-12-20,wk inc flu hosp,1,2026-01-03,16,quantile,0.01,15.074358374309092
2025-12-20,wk inc flu hosp,1,2026-01-03,16,quantile,0.025,24.127482588502303
2025-12-20,wk inc flu hosp,1,2026-01-03,16,quantile,0.05,29.95217791196768
2025-12-20,wk inc flu hosp,1,2026-01-03,16,quantile,0.1,42.90529906517728
2025-12-20,wk inc flu hosp,1,2026-01-03,16,quantile,0.15,53.76318927829583
2025-12-20,wk inc flu hosp,1,2026-01-03,16,quantile,0.2,63.68430282210179
2025-12-20,wk inc flu hosp,1,2026-01-03,16,quantile,0.25,70.85090965426443
2025-12-20,wk inc flu hosp,1,2026-01-03,16,quantile,0.3,80.18775894376785
2025-12-20,wk inc flu hosp,1,2026-01-03,16,quantile,0.35,90.52765472258164
2025-12-20,wk inc flu hosp,1,2026-01-03,16,quantile,0.4,97.60054417122794
2025-12-20,wk inc flu hosp,1,2026-01-03,16,quantile,0.45,110.2886839344207
2025-12-20,wk inc flu hosp,1,2026-01-03,16,quantile,0.5,126.34971477704936
2025-12-20,wk inc flu hosp,1,2026-01-03,16,quantile,0.55,139.2973368497195
2025-12-20,wk inc flu hosp,1,2026-01-03,16,quantile,0.6,144.6116508707077
2025-12-20,wk inc flu hosp,1,2026-01-03,16,quantile,0.65,157.888567398516
2025-12-20,wk inc flu hosp,1,2026-01-03,16,quantile,0.7,184.55318459950067
2025-12-20,wk inc flu hosp,1,2026-01-03,16,quantile,0.75,210.6786848076991
2025-12-20,wk inc flu hosp,1,2026-01-03,16,quantile,0.8,228.6125026990917
2025-12-20,wk inc flu hosp,1,2026-01-03,16,quantile,0.85,266.301047158936
2025-12-20,wk inc flu hosp,1,2026-01-03,16,quantile,0.9,305.3688314533884
2025-12-20,wk inc flu hosp,1,2026-01-03,16,quantile,0.95,384.77777543882576
2025-12-20,wk inc flu hosp,1,2026-01-03,16,quantile,0.975,445.23873633721155
2025-12-20,wk inc flu hosp,1,2026-01-03,16,quantile,0.99,506.6965929339112
2025-12-20,wk inc flu hosp,1,2026-01-03,17,quantile,0.01,64.85793669518442
2025-12-20,wk inc flu hosp,1,2026-01-03,17,quantile,0.025,227.5485216466606
2025-12-20,wk inc flu hosp,1,2026-01-03,17,quantile,0.05,304.6432676134439
2025-12-20,wk inc flu hosp,1,2026-01-03,17,quantile,0.1,397.26306084427824
2025-12-20,wk inc flu hosp,1,2026-01-03,17,quantile,0.15,435.4952488244049
2025-12-20,wk inc flu hosp,1,2026-01-03,17,quantile,0.2,471.4269809055309
2025-12-20,wk inc flu hosp,1,2026-01-03,17,quantile,0.25,518.4076043599957
2025-12-20,wk inc flu hosp,1,2026-01-03,17,quantile,0.3,560.0679488476719
2025-12-20,wk inc flu hosp,1,2026-01-03,17,quantile,0.35,613.9742334318086
2025-12-20,wk inc flu hosp,1,2026-01-03,17,quantile,0.4,684.8798725446534
2025-12-20,wk inc flu hosp,1,2026-01-03,17,quantile,0.45,768.0423250717782
2025-12-20,wk inc flu hosp,1,2026-01-03,17,quantile,0.5,861.2483923783655
2025-12-20,wk inc flu hosp,1,2026-01-03,17,quantile,0.55,946.2776780667373
2025-12-20,wk inc flu hosp,1,2026-01-03,17,quantile,0.6,1111.2836657777727
2025-12-20,wk inc flu hosp,1,2026-01-03,17,quantile,0.65,1272.5033184366016
2025-12-20,wk inc flu hosp,1,2026-01-03,17,quantile,0.7,1498.5508228166555
2025-12-20,wk inc flu hosp,1,2026-01-03,17,quantile,0.75,1727.3436020646016
2025-12-20,wk inc flu hosp,1,2026-01-03,17,quantile,0.8,1971.9505597240754
2025-12-20,wk inc flu hosp,1,2026-01-03,17,quantile,0.85,2084.882854623346
2025-12-20,wk inc flu hosp,1,2026-01-03,17,quantile,0.9,2328.450753996814
2025-12-20,wk inc flu hosp,1,2026-01-03,17,quantile,0.95,2724.4581248797645
2025-12-20,wk inc flu hosp,1,2026-01-03,17,quantile,0.975,3420.7321935080945
2025-12-20,wk inc flu hosp,1,2026-01-03,17,quantile,0.99,3888.1781492516384
2025-12-20,wk inc flu hosp,1,2026-01-03,18,quantile,0.01,133.11193275232463
2025-12-20,wk inc flu hosp,1,2026-01-03,18,quantile,0.025,156.43267592587344
2025-12-20,wk inc flu hosp,1,2026-01-03,18,quantile,0.05,176.27435820314054
2025-12-20,wk inc flu hosp,1,2026-01-03,18,quantile,0.1,203.25425576133796
2025-12-20,wk inc flu hosp,1,2026-01-03,18,quantile,0.15,238.34786969182733
2025-12-20,wk inc flu hosp,1,2026-01-03,18,quantile,0.2,271.17814007097564
2025-12-20,wk inc flu hosp,1,2026-01-03,18,quantile,0.25,301.3452337032602
2025-12-20,wk inc flu hosp,1,2026-01-03,18,quantile,0.3,333.2397503530778
2025-12-20,wk inc flu hosp,1,2026-01-03,18,quantile,0.35,362.6179469494577
2025-12-20,wk inc flu hosp,1,2026-01-03,18,quantile,0.4,401.4227394506804
2025-12-20,wk inc flu hosp,1,2026-01-03,18,quantile,0.45,440.7899565420835
2025-12-20,wk inc flu hosp,1,2026-01-03,18,quantile,0.5,488.5983267327379
2025-12-20,wk inc flu hosp,1,2026-01-03,18,quantile,0.55,530.0166002385643
2025-12-20,wk inc flu hosp,1,2026-01-03,18,quantile,0.6,609.1194999303484
2025-12-20,wk inc flu hosp,1,2026-01-03,18,quantile,0.65,692.1018729221262
2025-12-20,wk inc flu hosp,1,2026-01-03,18,quantile,0.7,750.9748512789058
2025-12-20,wk inc flu hosp,1,2026-01-03,18,quantile,0.75,830.6380511040055
2025-12-20,wk inc flu hosp,1,2026-01-03,18,quantile,0.8,953.1371552519138
2025-12-20,wk inc flu hosp,1,2026-01-03,18,quantile,0.85,1098.5000623332385
2025-12-20,wk inc flu hosp,1,2026-01-03,18,quantile,0.9,1326.353220610194
2025-12-20,wk inc flu hosp,1,2026-01-03,18,quantile,0.95,1948.3643653299061
2025-12-20,wk inc flu hosp,1,2026-01-03,18,quantile,0.975,1968.846220794521
2025-12-20,wk inc flu hosp,1,2026-01-03,18,quantile,0.99,2251.5104942719736
2025-12-20,wk inc flu hosp,1,2026-01-03,19,quantile,0.01,19.36045132928946
2025-12-20,wk inc flu hosp,1,2026-01-03,19,quantile,0.025,28.662672653961778
2025-12-20,wk inc flu hosp,1,2026-01-03,19,quantile,0.05,33.53062616927466
2025-12-20,wk inc flu hosp,1,2026-01-03,19,quantile,0.1,48.84171136058833
2025-12-20,wk inc flu hosp,1,2026-01-03,19,quantile,0.15,56.38293371278488
2025-12-20,wk inc flu hosp,1,2026-01-03,19,quantile,0.2,74.86554830376886
2025-12-20,wk inc flu hosp,1,2026-01-03,19,quantile,0.25,94.98865344581
2025-12-20,wk inc flu hosp,1,2026-01-03,19,quantile,0.3,111.96888939173004
2025-12-20,wk inc flu hosp,1,2026-01-03,19,quantile,0.35,122.27680133885038
2025-12-20,wk inc flu hosp,1,2026-01-03,19,quantile,0.4,142.33720687295923
2025-12-20,wk inc flu hosp,1,2026-01-03,19,quantile,0.45,160.934097598657
2025-12-20,wk inc flu hosp,1,2026-01-03,19,quantile,0.5,182.2677560213261
2025-12-20,wk inc flu hosp,1,2026-01-03,19,quantile,0.55,205.93617759094346
2025-12-20,wk inc flu hosp,1,2026-01-03,19,quantile,0.6,221.0603393397119
2025-12-20,wk inc flu hosp,1,2026-01-03,19,quantile,0.65,241.24074096087176
2025-12-20,wk inc flu hosp,1,2026-01-03,19,quantile,0.7,259.4207336847562
2025-12-20,wk inc flu hosp,1,2026-01-03,19,quantile,0.75,285.59986702280736
2025-12-20,wk inc flu hosp,1,2026-01-03,19,quantile,0.8,333.4810919204707
2025-12-20,wk inc flu hosp,1,2026-01-03,19,quantile,0.85,392.05745081817696
2025-12-20,wk inc flu hosp,1,2026-01-03,19,quantile,0.9,456.70544510062587
2025-12-20,wk inc flu hosp,1,2026-01-03,19,quantile,0.95,578.7071678095828
2025-12-20,wk inc flu hosp,1,2026-01-03,19,quantile,0.975,673.732391458873
2025-12-20,wk inc flu hosp,1,2026-01-03,19,quantile,0.99,915.268684890035
2025-12-20,wk inc flu hosp,1,2026-01-03,20,quantile,0.01,26.007736276781046
2025-12-20,wk inc flu hosp,1,2026-01-03,20,quantile,0.025,34.610488051404815
2025-12-20,wk inc flu hosp,1,2026-01-03,20,quantile,0.05,44.143686318141896
2025-12-20,wk inc flu hosp,1,2026-01-03,20,quantile,0.1,56.0621738679981
2025-12-20,wk inc flu hosp,1,2026-01-03,20,quantile,0.15,63.157660227897914
2025-12-20,wk inc flu hosp,1,2026-01-03,20,quantile,0.2,75.59019378550171
2025-12-20,wk inc flu hosp,1,2026-01-03,20,quantile,0.25,87.82321642204643
2025-12-20,wk inc flu hosp,1,2026-01-03,20,quantile,0.3,96.28082008054388
2025-12-20,wk inc flu hosp,1,2026-01-03,20,quantile,0.35,102.53154460213302
2025-12-20,wk inc flu hosp,1,2026-01-03,20,quantile,0.4,111.51581939059463
2025-12-20,wk inc flu hosp,1,2026-01-03,20,quantile,0.45,120.45218230716729
2025-12-20,wk inc flu hosp,1,2026-01-03,20,quantile,0.5,135.58238916195413
2025-12-20,wk inc flu hosp,1,2026-01-03,20,quantile,0.55,152.79378328435772
2025-12-20,wk inc flu hosp,1,2026-01-03,20,quantile,0.6,172.89505175095871
2025-12-20,wk inc flu hosp,1,2026-01-03,20,quantile,0.65,202.62657860617986
2025-12-20,wk inc flu hosp,1,2026-01-03,20,quantile,0.7,228.45908368240916
2025-12-20,wk inc flu hosp,1,2026-01-03,20,quantile,0.75,247.4118583020043
2025-12-20,wk inc flu hosp,1,2026-01-03,20,quantile,0.8,274.104643258514
2025-12-20,wk inc flu hosp,1,2026-01-03,20,quantile,0.85,313.1862129095949
2025-12-20,wk inc flu hosp,1,2026-01-03,20,quantile,0.9,359.37409330831275
2025-12-20,wk inc flu hosp,1,2026-01-03,20,quantile,0.95,456.38838795154584
2025-12-20,wk inc flu hosp,1,2026-01-03,20,quantile,0.975,567.5062947266601
2025-12-20,wk inc flu hosp,1,2026-01-03,20,quantile,0.99,577.21661669983
2025-12-20,wk inc flu hosp,1,2026-01-03,21,quantile,0.01,55.070301980253184
2025-12-20,wk inc flu hosp,1,2026-01-03,21,quantile,0.025,70.8114918758766
2025-12-20,wk inc flu hosp,1,2026-01-03,21,quantile,0.05,87.62164968540826
2025-12-20,wk inc flu hosp,1,2026-01-03,21,quantile,0.1,125.2933211874029
2025-12-20,wk inc flu hosp,1,2026-01-03,21,quantile,0.15,143.9659087419586
2025-12-20,wk inc flu hosp,1,2026-01-03,21,quantile,0.2,164.37041088959572
2025-12-20,wk inc flu hosp,1,2026-01-03,21,quantile,0.25,188.2774299979675
2025-12-20,wk inc flu hosp,1,2026-01-03,21,quantile,0.3,213.2740324616614
2025-12-20,wk inc flu hosp,1,2026-01-03,21,quantile,0.35,237.14752975841026
2025-12-20,wk inc flu hosp,1,2026-01-03,21,quantile,0.4,263.22612838817764
2025-12-20,wk inc flu hosp,1,2026-01-03,21,quantile,0.45,292.3947030953488
2025-12-20,wk inc flu hosp,1,2026-01-03,21,quantile,0.5,325.78879112883055
2025-12-20,wk inc flu hosp,1,2026-01-03,21,quantile,0.55,363.47599829073835
2025-12-20,wk inc flu hosp,1,2026-01-03,21,quantile,0.6,416.59570178358916
2025-12-20,wk inc flu hosp,1,2026-01-03,21,quantile,0.65,462.6304907898004
2025-12-20,wk inc flu hosp,1,2026-01-03,21,quantile,0.7,532.0674714927466
2025-12-20,wk inc flu hosp,1,2026-01-03,21,quantile,0.75,587.6596533081434
2025-12-20,wk inc flu hosp,1,2026-01-03,21,quantile,0.8,645.7749996194732
2025-12-20,wk inc flu hosp,1,2026-01-03,21,quantile,0.85,722.1003262023614
2025-12-20,wk inc flu hosp,1,2026-01-03,21,quantile,0.9,899.9226082803481
2025-12-20,wk inc flu hosp,1,2026-01-03,21,quantile,0.95,1112.0739709692778
2025-12-20,wk inc flu hosp,1,2026-01-03,21,quantile,0.975,1515.7309556636496
2025-12-20,wk inc flu hosp,1,2026-01-03,21,quantile,0.99,1761.4626751143217
2025-12-20,wk inc flu hosp,1,2026-01-03,22,quantile,0.01,91.4257846556429
2025-12-20,wk inc flu hosp,1,2026-01-03,22,quantile,0.025,123.44735285711789
2025-12-20,wk inc flu hosp,1,2026-01-03,22,quantile,0.05,155.1294989129382
2025-12-20,wk inc flu hosp,1,2026-01-03,22,quantile,0.1,196.0522472943683
2025-12-20,wk inc flu hosp,1,2026-01-03,22,quantile,0.15,230.3057389565703
2025-12-20,wk inc flu hosp,1,2026-01-03,22,quantile,0.2,264.42333534694484
2025-12-20,wk inc flu hosp,1,2026-01-03,22,quantile,0.25,293.10904372904304
2025-12-20,wk inc flu hosp,1,2026-01-03,22,quantile,0.3,321.6486490701156
2025-12-20,wk inc flu hosp,1,2026-01-03,22,quantile,0.35,354.10325394473415
2025-12-20,wk inc flu hosp,1,2026-01-03,22,quantile,0.4,391.8891616575279
2025-12-20,wk inc flu hosp,1,2026-01-03,22,quantile,0.45,425.2375386931137
2025-12-20,wk inc flu hosp,1,2026-01-03,22,quantile,0.5,475.2401685178388
2025-12-20,wk inc flu hosp,1,2026-01-03,22,quantile,0.55,540.724103940564
2025-12-20,wk inc flu hosp,1,2026-01-03,22,quantile,0.6,616.9034906970986
2025-12-20,wk inc flu hosp,1,2026-01-03,22,quantile,0.65,746.0896740725618
2025-12-20,wk inc flu hosp,1,2026-01-03,22,quantile,0.7,818.1719171207305
2025-12-20,wk inc flu hosp,1,2026-01-03,22,quantile,0.75,908.6098340139796
2025-12-20,wk inc flu hosp,1,2026-01-03,22,quantile,0.8,1057.5482415974507
2025-12-20,wk inc flu hosp,1,2026-01-03,22,quantile,0.85,1194.1943674405409
2025-12-20,wk inc flu hosp,1,2026-01-03,22,quantile,0.9,1335.3273655802652
2025-12-20,wk inc flu hosp,1,2026-01-03,22,quantile,0.95,1531.3368597512613
2025-12-20,wk inc flu hosp,1,2026-01-03,22,quantile,0.975,1621.190013357432
2025-12-20,wk inc flu hosp,1,2026-01-03,22,quantile,0.99,1710.058346734333
2025-12-20,wk inc flu hosp,1,2026-01-03,23,quantile,0.01,20.785392862157682
2025-12-20,wk inc flu hosp,1,2026-01-03,23,quantile,0.025,22.72664765917148
2025-12-20,wk inc flu hosp,1,2026-01-03,23,quantile,0.05,27.890288840902315
2025-12-20,wk inc flu hosp,1,2026-01-03,23,quantile,0.1,36.7749303960303
2025-12-20,wk inc flu hosp,1,2026-01-03,23,quantile,0.15,43.0128125067802
2025-12-20,wk inc flu hosp,1,2026-01-03,23,quantile,0.2,48.025939426579434
2025-12-20,wk inc flu hosp,1,2026-01-03,23,quantile,0.25,54.302176695542755
2025-12-20,wk inc flu hosp,1,2026-01-03,23,quantile,0.3,61.241093597908076
2025-12-20,wk inc flu hosp,1,2026-01-03,23,quantile,0.35,69.541239981641
2025-12-20,wk inc flu hosp,1,2026-01-03,23,quantile,0.4,76.56347093366676
2025-12-20,wk inc flu hosp,1,2026-01-03,23,quantile,0.45,83.59420813131054
2025-12-20,wk inc flu hosp,1,2026-01-03,23,quantile,0.5,90.14208332780773
2025-12-20,wk inc flu hosp,1,2026-01-03,23,quantile,0.55,102.21316752287858
2025-12-20,wk inc flu hosp,1,2026-01-03,23,quantile,0.6,118.02464559359727
2025-12-20,wk inc flu hosp,1,2026-01-03,23,quantile,0.65,137.24613733732994
2025-12-20,wk inc flu hosp,1,2026-01-03,23,quantile,0.7,166.09669403333038
2025-12-20,wk inc flu hosp,1,2026-01-03,23,quantile,0.75,219.29175980359165
2025-12-20,wk inc flu hosp,1,2026-01-03,23,quantile,0.8,263.6323756773755
2025-12-20,wk inc flu hosp,1,2026-01-03,23,quantile,0.85,286.73812890940286
2025-12-20,wk inc flu hosp,1,2026-01-03,23,quantile,0.9,323.89631229624615
2025-12-20,wk inc flu hosp,1,2026-01-03,23,quantile,0.95,412.9322193460569
2025-12-20,wk inc flu hosp,1,2026-01-03,23,quantile,0.975,440.1846466921086
2025-12-20,wk inc flu hosp,1,2026-01-03,23,quantile,0.99,454.90232908117025
2025-12-20,wk inc flu hosp,1,2026-01-03,24,quantile,0.01,104.6254817508911
2025-12-20,wk inc flu hosp,1,2026-01-03,24,quantile,0.025,111.51369049650336
2025-12-20,wk inc flu hosp,1,2026-01-03,24,quantile,0.05,133.0267834276005
2025-12-20,wk inc flu hosp,1,2026-01-03,24,quantile,0.1,180.16011395758687
2025-12-20,wk inc flu hosp,1,2026-01-03,24,quantile,0.15,210.7357536981084
2025-12-20,wk inc flu hosp,1,2026-01-03,24,quantile,0.2,236.46135314474984
2025-12-20,wk inc flu hosp,1,2026-01-03,24,quantile,0.25,261.96236013352393
2025-12-20,wk inc flu hosp,1,2026-01-03,24,quantile,0.3,293.47875255090787
2025-12-20,wk inc flu hosp,1,2026-01-03,24,quantile,0.35,326.524391550413
2025-12-20,wk inc flu hosp,1,2026-01-03,24,quantile,0.4,364.88846985472907
2025-12-20,wk inc flu hosp,1,2026-01-03,24,quantile,0.45,422.2303432115386
2025-12-20,wk inc flu hosp,1,2026-01-03,24,quantile,0.5,510.86660578297193
2025-12-20,wk inc flu hosp,1,2026-01-03,24,quantile,0.55,600.1411466828704
2025-12-20,wk inc flu hosp,1,2026-01-03,24,quantile,0.6,689.3769005419025
2025-12-20,wk inc flu hosp,1,2026-01-03,24,quantile,0.65,719.2555942986681
2025-12-20,wk inc flu hosp,1,2026-01-03,24,quantile,0.7,832.7450710780591
2025-12-20,wk inc flu hosp,1,2026-01-03,24,quantile,0.75,1033.2861640842548
2025-12-20,wk inc flu hosp,1,2026-01-03,24,quantile,0.8,1205.9282184455305
2025-12-20,wk inc flu hosp,1,2026-01-03,24,quantile,0.85,1312.37917932679
2025-12-20,wk inc flu hosp,1,2026-01-03,24,quantile,0.9,1417.395520057205
2025-12-20,wk inc flu hosp,1,2026-01-03,24,quantile,0.95,1555.347923193158
2025-12-20,wk inc flu hosp,1,2026-01-03,24,quantile,0.975,1680.0524355740906
2025-12-20,wk inc flu hosp,1,2026-01-03,24,quantile,0.99,1968.3558604797222
2025-12-20,wk inc flu hosp,1,2026-01-03,25,quantile,0.01,55.814814539112376
2025-12-20,wk inc flu hosp,1,2026-01-03,25,quantile,0.025,211.38732888469113
2025-12-20,wk inc flu hosp,1,2026-01-03,25,quantile,0.05,234.7623979422452
2025-12-20,wk inc flu hosp,1,2026-01-03,25,quantile,0.1,309.2050742634123
2025-12-20,wk inc flu hosp,1,2026-01-03,25,quantile,0.15,369.2947609582676
2025-12-20,wk inc flu hosp,1,2026-01-03,25,quantile,0.2,418.7222529386324
2025-12-20,wk inc flu hosp,1,2026-01-03,25,quantile,0.25,459.6966317634286
2025-12-20,wk inc flu hosp,1,2026-01-03,25,quantile,0.3,497.3073728093738
2025-12-20,wk inc flu hosp,1,2026-01-03,25,quantile,0.35,534.6723263582604
2025-12-20,wk inc flu hosp,1,2026-01-03,25,quantile,0.4,563.9987631491074
2025-12-20,wk inc flu hosp,1,2026-01-03,25,quantile,0.45,611.4084098828822
2025-12-20,wk inc flu hosp,1,2026-01-03,25,quantile,0.5,676.3802661173492
2025-12-20,wk inc flu hosp,1,2026-01-03,25,quantile,0.55,761.5825646337073
2025-12-20,wk inc flu hosp,1,2026-01-03,25,quantile,0.6,819.6513097633823
2025-12-20,wk inc flu hosp,1,2026-01-03,25,quantile,0.65,929.7251321457318
2025-12-20,wk inc flu hosp,1,2026-01-03,25,quantile,0.7,1055.7989323806546
2025-12-20,wk inc flu hosp,1,2026-01-03,25,quantile,0.75,1339.5584958096435
2025-12-20,wk inc flu hosp,1,2026-01-03,25,quantile,0.8,1500.3847198532171
2025-12-20,wk inc flu hosp,1,2026-01-03,25,quantile,0.85,1825.0023843028252
2025-12-20,wk inc flu hosp,1,2026-01-03,25,quantile,0.9,2070.842142228845
2025-12-20,wk inc flu hosp,1,2026-01-03,25,quantile,0.95,2427.495665437212
2025-12-20,wk inc flu hosp,1,2026-01-03,25,quantile,0.975,2913.867328748889
2025-12-20,wk inc flu hosp,1,2026-01-03,25,quantile,0.99,3173.8194772379265
2025-12-20,wk inc flu hosp,1,2026-01-03,26,quantile,0.01,132.42590938058729
2025-12-20,wk inc flu hosp,1,2026-01-03,26,quantile,0.025,161.60626912116777
2025-12-20,wk inc flu hosp,1,2026-01-03,26,quantile,0.05,214.77143211273545
2025-12-20,wk inc flu hosp,1,2026-01-03,26,quantile,0.1,271.282139631425
2025-12-20,wk inc flu hosp,1,2026-01-03,26,quantile,0.15,314.8822312527814
2025-12-20,wk inc flu hosp,1,2026-01-03,26,quantile,0.2,358.17983543374066
2025-12-20,wk inc flu hosp,1,2026-01-03,26,quantile,0.25,407.43442371410094
2025-12-20,wk inc flu hosp,1,2026-01-03,26,quantile,0.3,461.36728926203267
2025-12-20,wk inc flu hosp,1,2026-01-03,26,quantile,0.35,519.9396879390114
2025-12-20,wk inc flu hosp,1,2026-01-03,26,quantile,0.4,584.6133408317639
2025-12-20,wk inc flu hosp,1,2026-01-03,26,quantile,0.45,655.639513252063
2025-12-20,wk inc flu hosp,1,2026-01-03,26,quantile,0.5,713.5311566167913
2025-12-20,wk inc flu hosp,1,2026-01-03,26,quantile,0.55,775.0354135585022
2025-12-20,wk inc flu hosp,1,2026-01-03,26,quantile,0.6,866.3203508813177
2025-12-20,wk inc flu hosp,1,2026-01-03,26,quantile,0.65,980.2198841164155
2025-12-20,wk inc flu hosp,1,2026-01-03,26,quantile,0.7,1054.7569438228481
2025-12-20,wk inc flu hosp,1,2026-01-03,26,quantile,0.75,1122.0422982749808
2025-12-20,wk inc flu hosp,1,2026-01-03,26,quantile,0.8,1251.0359222833774
2025-12-20,wk inc flu hosp,1,2026-01-03,26,quantile,0.85,1406.8954806014394
2025-12-20,wk inc flu hosp,1,2026-01-03,26,quantile,0.9,1598.8976930319154
2025-12-20,wk inc flu hosp,1,2026-01-03,26,quantile,0.95,1978.707120738533
2025-12-20,wk inc flu hosp,1,2026-01-03,26,quantile,0.975,2294.438146897127
2025-12-20,wk inc flu hosp,1,2026-01-03,26,quantile,0.99,2416.198944192236
2025-12-20,wk inc flu hosp,1,2026-01-03,27,quantile,0.01,40.370049859432015
2025-12-20,wk inc flu hosp,1,2026-01-03,27,quantile,0.025,71.95492880064624
2025-12-20,wk inc flu hosp,1,2026-01-03,27,quantile,0.05,150.27557549908428
2025-12-20,wk inc flu hosp,1,2026-01-03,27,quantile,0.1,266.8785787300812
2025-12-20,wk inc flu hosp,1,2026-01-03,27,quantile,0.15,313.70865408493154
2025-12-20,wk inc flu hosp,1,2026-01-03,27,quantile,0.2,369.3714309319849
2025-12-20,wk inc flu hosp,1,2026-01-03,27,quantile,0.25,421.7419981224187
2025-12-20,wk inc flu hosp,1,2026-01-03,27,quantile,0.3,465.47525305266043
2025-12-20,wk inc flu hosp,1,2026-01-03,27,quantile,0.35,508.5746854395553
2025-12-20,wk inc flu hosp,1,2026-01-03,27,quantile,0.4,562.4537372362925
2025-12-20,wk inc flu hosp,1,2026-01-03,27,quantile,0.45,615.367172608366
2025-12-20,wk inc flu hosp,1,2026-01-03,27,quantile,0.5,666.517670854738
2025-12-20,wk inc flu hosp,1,2026-01-03,27,quantile,0.55,742.0335820495657
2025-12-20,wk inc flu hosp,1,2026-01-03,27,quantile,0.6,874.8521499362812
2025-12-20,wk inc flu hosp,1,2026-01-03,27,quantile,0.65,1045.5291013183462
2025-12-20,wk inc flu hosp,1,2026-01-03,27,quantile,0.7,1259.1882390250817
2025-12-20,wk inc flu hosp,1,2026-01-03,27,quantile,0.75,1539.3981583545747
2025-12-20,wk inc flu hosp,1,2026-01-03,27,quantile,0.8,1775.3607167664848
2025-12-20,wk inc flu hosp,1,2026-01-03,27,quantile,0.85,1889.739186845138
2025-12-20,wk inc flu hosp,1,2026-01-03,27,quantile,0.9,2342.475418724118
2025-12-20,wk inc flu hosp,1,2026-01-03,27,quantile,0.95,2976.5355766905304
2025-12-20,wk inc flu hosp,1,2026-01-03,27,quantile,0.975,3023.1918065851255
2025-12-20,wk inc flu hosp,1,2026-01-03,27,quantile,0.99,3095.829436519374
2025-12-20,wk inc flu hosp,1,2026-01-03,28,quantile,0.01,36.41604399010435
2025-12-20,wk inc flu hosp,1,2026-01-03,28,quantile,0.025,44.0152405557401
2025-12-20,wk inc flu hosp,1,2026-01-03,28,quantile,0.05,67.91855685998998
2025-12-20,wk inc flu hosp,1,2026-01-03,28,quantile,0.1,89.5220376337383
2025-12-20,wk inc flu hosp,1,2026-01-03,28,quantile,0.15,110.65790882644752
2025-12-20,wk inc flu hosp,1,2026-01-03,28,quantile,0.2,125.9117043661256
2025-12-20,wk inc flu hosp,1,2026-01-03,28,quantile,0.25,138.9471625888186
2025-12-20,wk inc flu hosp,1,2026-01-03,28,quantile,0.3,149.3025511606247
2025-12-20,wk inc flu hosp,1,2026-01-03,28,quantile,0.35,163.51537385070577
2025-12-20,wk inc flu hosp,1,2026-01-03,28,quantile,0.4,177.1899192129671
2025-12-20,wk inc flu hosp,1,2026-01-03,28,quantile,0.45,191.8023286783661
2025-12-20,wk inc flu hosp,1,2026-01-03,28,quantile,0.5,203.45151251642457
2025-12-20,wk inc flu hosp,1,2026-01-03,28,quantile,0.55,223.18035591785258
2025-12-20,wk inc flu hosp,1,2026-01-03,28,quantile,0.6,245.59847565532976
2025-12-20,wk inc flu hosp,1,2026-01-03,28,quantile,0.65,263.77574992144633
2025-12-20,wk inc flu hosp,1,2026-01-03,28,quantile,0.7,276.5737875713661
2025-12-20,wk inc flu hosp,1,2026-01-03,28,quantile,0.75,300.28064767387986
2025-12-20,wk inc flu hosp,1,2026-01-03,28,quantile,0.8,321.07728182911245
2025-12-20,wk inc flu hosp,1,2026-01-03,28,quantile,0.85,369.5343262524414
2025-12-20,wk inc flu hosp,1,2026-01-03,28,quantile,0.9,446.6088847412635
2025-12-20,wk inc flu hosp,1,2026-01-03,28,quantile,0.95,564.391143783322
2025-12-20,wk inc flu hosp,1,2026-01-03,28,quantile,0.975,641.7815612497307
2025-12-20,wk inc flu hosp,1,2026-01-03,28,quantile,0.99,665.211971709163
2025-12-20,wk inc flu hosp,1,2026-01-03,29,quantile,0.01,58.273768492022036
2025-12-20,wk inc flu hosp,1,2026-01-03,29,quantile,0.025,67.78370701635491
2025-12-20,wk inc flu hosp,1,2026-01-03,29,quantile,0.05,81.90685435635356
2025-12-20,wk inc flu hosp,1,2026-01-03,29,quantile,0.1,117.98643461696174
2025-12-20,wk inc flu hosp,1,2026-01-03,29,quantile,0.15,136.23400877208528
2025-12-20,wk inc flu hosp,1,2026-01-03,29,quantile,0.2,171.77014450734853
2025-12-20,wk inc flu hosp,1,2026-01-03,29,quantile,0.25,204.25004754289216
2025-12-20,wk inc flu hosp,1,2026-01-03,29,quantile,0.3,222.7800992737885
2025-12-20,wk inc flu hosp,1,2026-01-03,29,quantile,0.35,234.61774114546003
2025-12-20,wk inc flu hosp,1,2026-01-03,29,quantile,0.4,249.30720296962355
2025-12-20,wk inc flu hosp,1,2026-01-03,29,quantile,0.45,281.23028655960644
2025-12-20,wk inc flu hosp,1,2026-01-03,29,quantile,0.5,309.71380937979734
2025-12-20,wk inc flu hosp,1,2026-01-03,29,quantile,0.55,330.8567809085305
2025-12-20,wk inc flu hosp,1,2026-01-03,29,quantile,0.6,351.2957703321042
2025-12-20,wk inc flu hosp,1,2026-01-03,29,quantile,0.65,380.86638671773244
2025-12-20,wk inc flu hosp,1,2026-01-03,29,quantile,0.7,409.94949036591316
2025-12-20,wk inc flu hosp,1,2026-01-03,29,quantile,0.75,453.1420076369516
2025-12-20,wk inc flu hosp,1,2026-01-03,29,quantile,0.8,496.2541541031508
2025-12-20,wk inc flu hosp,1,2026-01-03,29,quantile,0.85,578.8424579372737
2025-12-20,wk inc flu hosp,1,2026-01-03,29,quantile,0.9,676.0036096254394
2025-12-20,wk inc flu hosp,1,2026-01-03,29,quantile,0.95,769.4050991865811
2025-12-20,wk inc flu hosp,1,2026-01-03,29,quantile,0.975,812.3666727153452
2025-12-20,wk inc flu hosp,1,2026-01-03,29,quantile,0.99,941.3674768878765
2025-12-20,wk inc flu hosp,1,2026-01-03,30,quantile,0.01,5.64352939436559
2025-12-20,wk inc flu hosp,1,2026-01-03,30,quantile,0.025,7.532394301048937
2025-12-20,wk inc flu hosp,1,2026-01-03,30,quantile,0.05,11.523285494747414
2025-12-20,wk inc flu hosp,1,2026-01-03,30,quantile,0.1,16.538553582465433
2025-12-20,wk inc flu hosp,1,2026-01-03,30,quantile,0.15,21.902425647339054
2025-12-20,wk inc flu hosp,1,2026-01-03,30,quantile,0.2,26.603317580859
2025-12-20,wk inc flu hosp,1,2026-01-03,30,quantile,0.25,28.913424511348545
2025-12-20,wk inc flu hosp,1,2026-01-03,30,quantile,0.3,31.613504836933423
2025-12-20,wk inc flu hosp,1,2026-01-03,30,quantile,0.35,34.070871919116456
2025-12-20,wk inc flu hosp,1,2026-01-03,30,quantile,0.4,37.56513757562861
2025-12-20,wk inc flu hosp,1,2026-01-03,30,quantile,0.45,40.8914578526093
2025-12-20,wk inc flu hosp,1,2026-01-03,30,quantile,0.5,45.7942575151525
2025-12-20,wk inc flu hosp,1,2026-01-03,30,quantile,0.55,49.590449570171295
2025-12-20,wk inc flu hosp,1,2026-01-03,30,quantile,0.6,54.336181831849245
2025-12-20,wk inc flu hosp,1,2026-01-03,30,quantile,0.65,59.185939847685084
2025-12-20,wk inc flu hosp,1,2026-01-03,30,quantile,0.7,62.941586103724504
2025-12-20,wk inc flu hosp,1,2026-01-03,30,quantile,0.75,68.6667334605224
2025-12-20,wk inc flu hosp,1,2026-01-03,30,quantile,0.8,77.28697945542103
2025-12-20,wk inc flu hosp,1,2026-01-03,30,quantile,0.85,89.24453479718456
2025-12-20,wk inc flu hosp,1,2026-01-03,30,quantile,0.9,123.39042719238306
2025-12-20,wk inc flu hosp,1,2026-01-03,30,quantile,0.95,142.877724748269
2025-12-20,wk inc flu hosp,1,2026-01-03,30,quantile,0.975,149.98526451661596
2025-12-20,wk inc flu hosp,1,2026-01-03,30,quantile,0.99,172.76074355990374
2025-12-20,wk inc flu hosp,1,2026-01-03,31,quantile,0.01,11.928855975283557
2025-12-20,wk inc flu hosp,1,2026-01-03,31,quantile,0.025,15.924619526533517
2025-12-20,wk inc flu hosp,1,2026-01-03,31,quantile,0.05,20.614335236772703
2025-12-20,wk inc flu hosp,1,2026-01-03,31,quantile,0.1,27.322071788902928
2025-12-20,wk inc flu hosp,1,2026-01-03,31,quantile,0.15,33.89547342784488
2025-12-20,wk inc flu hosp,1,2026-01-03,31,quantile,0.2,40.50956547363906
2025-12-20,wk inc flu hosp,1,2026-01-03,31,quantile,0.25,47.586584494808314
2025-12-20,wk inc flu hosp,1,2026-01-03,31,quantile,0.3,54.526592295599485
2025-12-20,wk inc flu hosp,1,2026-01-03,31,quantile,0.35,60.16571050070784
2025-12-20,wk inc flu hosp,1,2026-01-03,31,quantile,0.4,67.57356847099503
2025-12-20,wk inc flu hosp,1,2026-01-03,31,quantile,0.45,82.49978087585339
2025-12-20,wk inc flu hosp,1,2026-01-03,31,quantile,0.5,99.43071294589267
2025-12-20,wk inc flu hosp,1,2026-01-03,31,quantile,0.55,119.36018355359633
2025-12-20,wk inc flu hosp,1,2026-01-03,31,quantile,0.6,138.7537267871617
2025-12-20,wk inc flu hosp,1,2026-01-03,31,quantile,0.65,162.43355479217163
2025-12-20,wk inc flu hosp,1,2026-01-03,31,quantile,0.7,186.48276880835402
2025-12-20,wk inc flu hosp,1,2026-01-03,31,quantile,0.75,216.8015491133418
2025-12-20,wk inc flu hosp,1,2026-01-03,31,quantile,0.8,247.29148656929212
2025-12-20,wk inc flu hosp,1,2026-01-03,31,quantile,0.85,299.0814654453606
2025-12-20,wk inc flu hosp,1,2026-01-03,31,quantile,0.9,340.9754020040357
2025-12-20,wk inc flu hosp,1,2026-01-03,31,quantile,0.95,359.94681881008944
2025-12-20,wk inc flu hosp,1,2026-01-03,31,quantile,0.975,456.45393627311574
2025-12-20,wk inc flu hosp,1,2026-01-03,31,quantile,0.99,497.36488594452095
2025-12-20,wk inc flu hosp,1,2026-01-03,32,quantile,0.01,43.90971311694887
2025-12-20,wk inc flu hosp,1,2026-01-03,32,quantile,0.025,51.53933044364539
2025-12-20,wk inc flu hosp,1,2026-01-03,32,quantile,0.05,60.10478459352138
2025-12-20,wk inc flu hosp,1,2026-01-03,32,quantile,0.1,76.83368739232995
2025-12-20,wk inc flu hosp,1,2026-01-03,32,quantile,0.15,89.46168274681321
2025-12-20,wk inc flu hosp,1,2026-01-03,32,quantile,0.2,105.69953875876007
2025-12-20,wk inc flu hosp,1,2026-01-03,32,quantile,0.25,117.729120536698
2025-12-20,wk inc flu hosp,1,2026-01-03,32,quantile,0.3,130.75006610438655
2025-12-20,wk inc flu hosp,1,2026-01-03,32,quantile,0.35,147.73480190302777
2025-12-20,wk inc flu hosp,1,2026-01-03,32,quantile,0.4,158.11360380333406
2025-12-20,wk inc flu hosp,1,2026-01-03,32,quantile,0.45,171.95428751774136
2025-12-20,wk inc flu hosp,1,2026-01-03,32,quantile,0.5,188.1464586349327
2025-12-20,wk inc flu hosp,1,2026-01-03,32,quantile,0.55,202.39346035099533
2025-12-20,wk inc flu hosp,1,2026-01-03,32,quantile,0.6,221.20832738968633
2025-12-20,wk inc flu hosp,1,2026-01-03,32,quantile,0.65,242.29092408173634
2025-12-20,wk inc flu hosp,1,2026-01-03,32,quantile,0.7,269.6571566136631
2025-12-20,wk inc flu hosp,1,2026-01-03,32,quantile,0.75,303.11322413421334
2025-12-20,wk inc flu hosp,1,2026-01-03,32,quantile,0.8,326.85570432001975
2025-12-20,wk inc flu hosp,1,2026-01-03,32,quantile,0.85,343.8504464333836
2025-12-20,wk inc flu hosp,1,2026-01-03,32,quantile,0.9,389.02429470391553
2025-12-20,wk inc flu hosp,1,2026-01-03,32,quantile,0.95,473.8531120791432
2025-12-20,wk inc flu hosp,1,2026-01-03,32,quantile,0.975,528.0134084443475
2025-12-20,wk inc flu hosp,1,2026-01-03,32,quantile,0.99,553.3689545135741
2025-12-20,wk inc flu hosp,1,2026-01-03,33,quantile,0.01,4.800217005715549
2025-12-20,wk inc flu hosp,1,2026-01-03,33,quantile,0.025,8.785003610236275
2025-12-20,wk inc flu hosp,1,2026-01-03,33,quantile,0.05,18.029989459634148
2025-12-20,wk inc flu hosp,1,2026-01-03,33,quantile,0.1,29.486878570362215
2025-12-20,wk inc flu hosp,1,2026-01-03,33,quantile,0.15,38.66259778830935
2025-12-20,wk inc flu hosp,1,2026-01-03,33,quantile,0.2,47.118085342172044
2025-12-20,wk inc flu hosp,1,2026-01-03,33,quantile,0.25,54.84911497858588
2025-12-20,wk inc flu hosp,1,2026-01-03,33,quantile,0.3,63.16722050745352
2025-12-20,wk inc flu hosp,1,2026-01-03,33,quantile,0.35,72.8690647738959
2025-12-20,wk inc flu hosp,1,2026-01-03,33,quantile,0.4,85.57011563307016
2025-12-20,wk inc flu hosp,1,2026-01-03,33,quantile,0.45,101.45355825795865
2025-12-20,wk inc flu hosp,1,2026-01-03,33,quantile,0.5,118.73086323104607
2025-12-20,wk inc flu hosp,1,2026-01-03,33,quantile,0.55,141.22172163072565
2025-12-20,wk inc flu hosp,1,2026-01-03,33,quantile,0.6,174.29353149189828
2025-12-20,wk inc flu hosp,1,2026-01-03,33,quantile,0.65,203.53035957585598
2025-12-20,wk inc flu hosp,1,2026-01-03,33,quantile,0.7,244.32640090757607
2025-12-20,wk inc flu hosp,1,2026-01-03,33,quantile,0.75,277.3785793267212
2025-12-20,wk inc flu hosp,1,2026-01-03,33,quantile,0.8,309.45084637192195
2025-12-20,wk inc flu hosp,1,2026-01-03,33,quantile,0.85,341.6929745821119
2025-12-20,wk inc flu hosp,1,2026-01-03,33,quantile,0.9,396.78522497724515
2025-12-20,wk inc flu hosp,1,2026-01-03,33,quantile,0.95,463.2252580682142
2025-12-20,wk inc flu hosp,1,2026-01-03,33,quantile,0.975,491.21682304968346
2025-12-20,wk inc flu hosp,1,2026-01-03,33,quantile,0.99,511.9866699186692
2025-12-20,wk inc flu hosp,1,2026-01-03,34,quantile,0.01,261.0117329056557
2025-12-20,wk inc flu hosp,1,2026-01-03,34,quantile,0.025,346.2705141858274
2025-12-20,wk inc flu hosp,1,2026-01-03,34,quantile,0.05,436.2668424927666
2025-12-20,wk inc flu hosp,1,2026-01-03,34,quantile,0.1,519.0067569246619
2025-12-20,wk inc flu hosp,1,2026-01-03,34,quantile,0.15,629.4918660113619
2025-12-20,wk inc flu hosp,1,2026-01-03,34,quantile,0.2,700.1126584020169
2025-12-20,wk inc flu hosp,1,2026-01-03,34,quantile,0.25,783.7989070057015
2025-12-20,wk inc flu hosp,1,2026-01-03,34,quantile,0.3,886.2099771367402
2025-12-20,wk inc flu hosp,1,2026-01-03,34,quantile,0.35,1010.3634420086479
2025-12-20,wk inc flu hosp,1,2026-01-03,34,quantile,0.4,1111.1979180095873
2025-12-20,wk inc flu hosp,1,2026-01-03,34,quantile,0.45,1230.3965409323175
2025-12-20,wk inc flu hosp,1,2026-01-03,34,quantile,0.5,1375.443505766834
2025-12-20,wk inc flu hosp,1,2026-01-03,34,quantile,0.55,1611.282635833292
2025-12-20,wk inc flu hosp,1,2026-01-03,34,quantile,0.6,1946.269832054714
2025-12-20,wk inc flu hosp,1,2026-01-03,34,quantile,0.65,2388.1889998801735
2025-12-20,wk inc flu hosp,1,2026-01-03,34,quantile,0.7,2712.67151436721
2025-12-20,wk inc flu hosp,1,2026-01-03,34,quantile,0.75,3167.556979499952
2025-12-20,wk inc flu hosp,1,2026-01-03,34,quantile,0.8,3634.089720138457
2025-12-20,wk inc flu hosp,1,2026-01-03,34,quantile,0.85,3917.637640086541
2025-12-20,wk inc flu hosp,1,2026-01-03,34,quantile,0.9,4379.62988776163
2025-12-20,wk inc flu hosp,1,2026-01-03,34,quantile,0.95,6604.934326814217
2025-12-20,wk inc flu hosp,1,2026-01-03,34,quantile,0.975,6811.981267864794
2025-12-20,wk inc flu hosp,1,2026-01-03,34,quantile,0.99,6974.643334350873
2025-12-20,wk inc flu hosp,1,2026-01-03,35,quantile,0.01,11.88090740994239
2025-12-20,wk inc flu hosp,1,2026-01-03,35,quantile,0.025,19.35422974913027
2025-12-20,wk inc flu hosp,1,2026-01-03,35,quantile,0.05,35.37057495297416
2025-12-20,wk inc flu hosp,1,2026-01-03,35,quantile,0.1,54.60820196593299
2025-12-20,wk inc flu hosp,1,2026-01-03,35,quantile,0.15,82.923536264698825
2025-12-20,wk inc flu hosp,1,2026-01-03,35,quantile,0.2,102.6738454955554
2025-12-20,wk inc flu hosp,1,2026-01-03,35,quantile,0.25,121.7647027613731
2025-12-20,wk inc flu hosp,1,2026-01-03,35,quantile,0.3,142.17835210854182
2025-12-20,wk inc flu hosp,1,2026-01-03,35,quantile,0.35,157.54891264448463
2025-12-20,wk inc flu hosp,1,2026-01-03,35,quantile,0.4,178.54043883091623
2025-12-20,wk inc flu hosp,1,2026-01-03,35,quantile,0.45,203.32231570552162
2025-12-20,wk inc flu hosp,1,2026-01-03,35,quantile,0.5,213.54556980209534
2025-12-20,wk inc flu hosp,1,2026-01-03,35,quantile,0.55,233.95446550567476
2025-12-20,wk inc flu hosp,1,2026-01-03,35,quantile,0.6,260.5102931556586
2025-12-20,wk inc flu hosp,1,2026-01-03,35,quantile,0.65,299.6568359902064
2025-12-20,wk inc flu hosp,1,2026-01-03,35,quantile,0.7,319.37555387737945
2025-12-20,wk inc flu hosp,1,2026-01-03,35,quantile,0.75,351.30020643613545
2025-12-20,wk inc flu hosp,1,2026-01-03,35,quantile,0.8,409.64391905829757
2025-12-20,wk inc flu hosp,1,2026-01-03,35,quantile,0.85,453.44335941618994
2025-12-20,wk inc flu hosp,1,2026-01-03,35,quantile,0.9,602.4710455699097
2025-12-20,wk inc flu hosp,1,2026-01-03,35,quantile,0.95,848.9384436777559
2025-12-20,wk inc flu hosp,1,2026-01-03,35,quantile,0.975,955.5353413210313
2025-12-20,wk inc flu hosp,1,2026-01-03,35,quantile,0.99,1053.258734961334
2025-12-20,wk inc flu hosp,1,2026-01-03,36,quantile,0.01,265.7938873110367
2025-12-20,wk inc flu hosp,1,2026-01-03,36,quantile,0.025,679.9348269831495
2025-12-20,wk inc flu hosp,1,2026-01-03,36,quantile,0.05,1013.7507229481706
2025-12-20,wk inc flu hosp,1,2026-01-03,36,quantile,0.1,1304.268218498086
2025-12-20,wk inc flu hosp,1,2026-01-03,36,quantile,0.15,1482.9617354610243
2025-12-20,wk inc flu hosp,1,2026-01-03,36,quantile,0.2,1650.829183807788
2025-12-20,wk inc flu hosp,1,2026-01-03,36,quantile,0.25,1848.3730095895112
2025-12-20,wk inc flu hosp,1,2026-01-03,36,quantile,0.3,2058.273767938287
2025-12-20,wk inc flu hosp,1,2026-01-03,36,quantile,0.35,2278.412595970194
2025-12-20,wk inc flu hosp,1,2026-01-03,36,quantile,0.4,2505.788300124722
2025-12-20,wk inc flu hosp,1,2026-01-03,36,quantile,0.45,2818.837534544938
2025-12-20,wk inc flu hosp,1,2026-01-03,36,quantile,0.5,3279.046904336007
2025-12-20,wk inc flu hosp,1,2026-01-03,36,quantile,0.55,3741.1521928300335
2025-12-20,wk inc flu hosp,1,2026-01-03,36,quantile,0.6,4333.553482929963
2025-12-20,wk inc flu hosp,1,2026-01-03,36,quantile,0.65,4632.192494769495
2025-12-20,wk inc flu hosp,1,2026-01-03,36,quantile,0.7,5725.827031493937
2025-12-20,wk inc flu hosp,1,2026-01-03,36,quantile,0.75,6204.727115521981
2025-12-20,wk inc flu hosp,1,2026-01-03,36,quantile,0.8,6752.106586871819
2025-12-20,wk inc flu hosp,1,2026-01-03,36,quantile,0.85,8004.980353501623
2025-12-20,wk inc flu hosp,1,2026-01-03,36,quantile,0.9,10282.698496460476
2025-12-20,wk inc flu hosp,1,2026-01-03,36,quantile,0.95,13746.356400583656
2025-12-20,wk inc flu hosp,1,2026-01-03,36,quantile,0.975,13909.667265089238
2025-12-20,wk inc flu hosp,1,2026-01-03,36,quantile,0.99,14312.263676078788
2025-12-20,wk inc flu hosp,1,2026-01-03,37,quantile,0.01,93.93943432350655
2025-12-20,wk inc flu hosp,1,2026-01-03,37,quantile,0.025,273.414366411255
2025-12-20,wk inc flu hosp,1,2026-01-03,37,quantile,0.05,365.7556791205953
2025-12-20,wk inc flu hosp,1,2026-01-03,37,quantile,0.1,433.46570501388857
2025-12-20,wk inc flu hosp,1,2026-01-03,37,quantile,0.15,501.95622093244054
2025-12-20,wk inc flu hosp,1,2026-01-03,37,quantile,0.2,569.2530584065221
2025-12-20,wk inc flu hosp,1,2026-01-03,37,quantile,0.25,639.511901705928
2025-12-20,wk inc flu hosp,1,2026-01-03,37,quantile,0.3,707.2820552431211
2025-12-20,wk inc flu hosp,1,2026-01-03,37,quantile,0.35,789.1302672747814
2025-12-20,wk inc flu hosp,1,2026-01-03,37,quantile,0.4,912.5808824859631
2025-12-20,wk inc flu hosp,1,2026-01-03,37,quantile,0.45,1032.4708842304788
2025-12-20,wk inc flu hosp,1,2026-01-03,37,quantile,0.5,1166.5443312036173
2025-12-20,wk inc flu hosp,1,2026-01-03,37,quantile,0.55,1408.5683586497817
2025-12-20,wk inc flu hosp,1,2026-01-03,37,quantile,0.6,1810.9223074869542
2025-12-20,wk inc flu hosp,1,2026-01-03,37,quantile,0.65,2217.7154821335116
2025-12-20,wk inc flu hosp,1,2026-01-03,37,quantile,0.7,2437.6354238958897
2025-12-20,wk inc flu hosp,1,2026-01-03,37,quantile,0.75,2653.8651113511914
2025-12-20,wk inc flu hosp,1,2026-01-03,37,quantile,0.8,2843.2129243983486
2025-12-20,wk inc flu hosp,1,2026-01-03,37,quantile,0.85,3483.0248431333043
2025-12-20,wk inc flu hosp,1,2026-01-03,37,quantile,0.9,3971.915647456474
2025-12-20,wk inc flu hosp,1,2026-01-03,37,quantile,0.95,4975.800510526704
2025-12-20,wk inc flu hosp,1,2026-01-03,37,quantile,0.975,5292.053239625325
2025-12-20,wk inc flu hosp,1,2026-01-03,37,quantile,0.99,5469.60730596556
2025-12-20,wk inc flu hosp,1,2026-01-03,38,quantile,0.01,11.16408262111838
2025-12-20,wk inc flu hosp,1,2026-01-03,38,quantile,0.025,15.999182910921496
2025-12-20,wk inc flu hosp,1,2026-01-03,38,quantile,0.05,19.744695555383714
2025-12-20,wk inc flu hosp,1,2026-01-03,38,quantile,0.1,25.398178085005267
2025-12-20,wk inc flu hosp,1,2026-01-03,38,quantile,0.15,31.22751059766895
2025-12-20,wk inc flu hosp,1,2026-01-03,38,quantile,0.2,37.148854874366904
2025-12-20,wk inc flu hosp,1,2026-01-03,38,quantile,0.25,44.375132453524415
2025-12-20,wk inc flu hosp,1,2026-01-03,38,quantile,0.3,51.57343932160377
2025-12-20,wk inc flu hosp,1,2026-01-03,38,quantile,0.35,56.40425297210615
2025-12-20,wk inc flu hosp,1,2026-01-03,38,quantile,0.4,62.439278334684495
2025-12-20,wk inc flu hosp,1,2026-01-03,38,quantile,0.45,68.7284372473555
2025-12-20,wk inc flu hosp,1,2026-01-03,38,quantile,0.5,76.046855895329
2025-12-20,wk inc flu hosp,1,2026-01-03,38,quantile,0.55,84.7791782237343
2025-12-20,wk inc flu hosp,1,2026-01-03,38,quantile,0.6,94.78821237069681
2025-12-20,wk inc flu hosp,1,2026-01-03,38,quantile,0.65,103.58746479811654
2025-12-20,wk inc flu hosp,1,2026-01-03,38,quantile,0.7,110.40346524320397
2025-12-20,wk inc flu hosp,1,2026-01-03,38,quantile,0.75,136.18364811549307
2025-12-20,wk inc flu hosp,1,2026-01-03,38,quantile,0.8,152.59302055481083
2025-12-20,wk inc flu hosp,1,2026-01-03,38,quantile,0.85,189.14831825681537
2025-12-20,wk inc flu hosp,1,2026-01-03,38,quantile,0.9,217.755026588679
2025-12-20,wk inc flu hosp,1,2026-01-03,38,quantile,0.95,261.52481081119066
2025-12-20,wk inc flu hosp,1,2026-01-03,38,quantile,0.975,274.19969752813074
2025-12-20,wk inc flu hosp,1,2026-01-03,38,quantile,0.99,280.0842216700991
2025-12-20,wk inc flu hosp,1,2026-01-03,39,quantile,0.01,193.3565237054889
2025-12-20,wk inc flu hosp,1,2026-01-03,39,quantile,0.025,216.4597035560023
2025-12-20,wk inc flu hosp,1,2026-01-03,39,quantile,0.05,262.1594273284252
2025-12-20,wk inc flu hosp,1,2026-01-03,39,quantile,0.1,424.0906859401201
2025-12-20,wk inc flu hosp,1,2026-01-03,39,quantile,0.15,559.2017275302256
2025-12-20,wk inc flu hosp,1,2026-01-03,39,quantile,0.2,690.7711341663883
2025-12-20,wk inc flu hosp,1,2026-01-03,39,quantile,0.25,778.6850298826448
2025-12-20,wk inc flu hosp,1,2026-01-03,39,quantile,0.3,893.0930962478382
2025-12-20,wk inc flu hosp,1,2026-01-03,39,quantile,0.35,1020.893959953059
2025-12-20,wk inc flu hosp,1,2026-01-03,39,quantile,0.4,1142.3136132365364
2025-12-20,wk inc flu hosp,1,2026-01-03,39,quantile,0.45,1247.711429806208
2025-12-20,wk inc flu hosp,1,2026-01-03,39,quantile,0.5,1384.7471638878228
2025-12-20,wk inc flu hosp,1,2026-01-03,39,quantile,0.55,1493.7063121807012
2025-12-20,wk inc flu hosp,1,2026-01-03,39,quantile,0.6,1625.2843681100378
2025-12-20,wk inc flu hosp,1,2026-01-03,39,quantile,0.65,1822.1497604537212
2025-12-20,wk inc flu hosp,1,2026-01-03,39,quantile,0.7,2064.5980259702314
2025-12-20,wk inc flu hosp,1,2026-01-03,39,quantile,0.75,2244.1901804871154
2025-12-20,wk inc flu hosp,1,2026-01-03,39,quantile,0.8,2713.646444883613
2025-12-20,wk inc flu hosp,1,2026-01-03,39,quantile,0.85,3320.896711705812
2025-12-20,wk inc flu hosp,1,2026-01-03,39,quantile,0.9,3634.7511720358248
2025-12-20,wk inc flu hosp,1,2026-01-03,39,quantile,0.95,4828.375835223783
2025-12-20,wk inc flu hosp,1,2026-01-03,39,quantile,0.975,5379.256311684809
2025-12-20,wk inc flu hosp,1,2026-01-03,39,quantile,0.99,5490.793245007866
2025-12-20,wk inc flu hosp,1,2026-01-03,40,quantile,0.01,14.229123128270581
2025-12-20,wk inc flu hosp,1,2026-01-03,40,quantile,0.025,16.77066528585668
2025-12-20,wk inc flu hosp,1,2026-01-03,40,quantile,0.05,19.87926536903721
2025-12-20,wk inc flu hosp,1,2026-01-03,40,quantile,0.1,32.068569909999994
2025-12-20,wk inc flu hosp,1,2026-01-03,40,quantile,0.15,47.432772079685584
2025-12-20,wk inc flu hosp,1,2026-01-03,40,quantile,0.2,58.62592491132042
2025-12-20,wk inc flu hosp,1,2026-01-03,40,quantile,0.25,68.16034662052525
2025-12-20,wk inc flu hosp,1,2026-01-03,40,quantile,0.3,83.061532811338
2025-12-20,wk inc flu hosp,1,2026-01-03,40,quantile,0.35,94.09256309416868
2025-12-20,wk inc flu hosp,1,2026-01-03,40,quantile,0.4,105.53602601418828
2025-12-20,wk inc flu hosp,1,2026-01-03,40,quantile,0.45,116.70812475720709
2025-12-20,wk inc flu hosp,1,2026-01-03,40,quantile,0.5,127.65655558081176
2025-12-20,wk inc flu hosp,1,2026-01-03,40,quantile,0.55,138.97640260780045
2025-12-20,wk inc flu hosp,1,2026-01-03,40,quantile,0.6,149.41950806203002
2025-12-20,wk inc flu hosp,1,2026-01-03,40,quantile,0.65,162.29555837166274
2025-12-20,wk inc flu hosp,1,2026-01-03,40,quantile,0.7,172.80796054757883
2025-12-20,wk inc flu hosp,1,2026-01-03,40,quantile,0.75,183.92341396535917
2025-12-20,wk inc flu hosp,1,2026-01-03,40,quantile,0.8,204.12027089500415
2025-12-20,wk inc flu hosp,1,2026-01-03,40,quantile,0.85,233.83254798278284
2025-12-20,wk inc flu hosp,1,2026-01-03,40,quantile,0.9,272.0797612626906
2025-12-20,wk inc flu hosp,1,2026-01-03,40,quantile,0.95,339.9015314247848
2025-12-20,wk inc flu hosp,1,2026-01-03,40,quantile,0.975,423.2926803220715
2025-12-20,wk inc flu hosp,1,2026-01-03,40,quantile,0.99,462.5455395046707
2025-12-20,wk inc flu hosp,1,2026-01-03,41,quantile,0.01,14.633951430785489
2025-12-20,wk inc flu hosp,1,2026-01-03,41,quantile,0.025,16.85478537954507
2025-12-20,wk inc flu hosp,1,2026-01-03,41,quantile,0.05,20.71565736923433
2025-12-20,wk inc flu hosp,1,2026-01-03,41,quantile,0.1,24.45435489281778
2025-12-20,wk inc flu hosp,1,2026-01-03,41,quantile,0.15,28.731222070985286
2025-12-20,wk inc flu hosp,1,2026-01-03,41,quantile,0.2,31.033930018695425
2025-12-20,wk inc flu hosp,1,2026-01-03,41,quantile,0.25,34.47059405156596
2025-12-20,wk inc flu hosp,1,2026-01-03,41,quantile,0.3,39.4566589137842
2025-12-20,wk inc flu hosp,1,2026-01-03,41,quantile,0.35,46.48828317125718
2025-12-20,wk inc flu hosp,1,2026-01-03,41,quantile,0.4,51.376590724558184
2025-12-20,wk inc flu hosp,1,2026-01-03,41,quantile,0.45,56.78353660125499
2025-12-20,wk inc flu hosp,1,2026-01-03,41,quantile,0.5,62.60818687838712
2025-12-20,wk inc flu hosp,1,2026-01-03,41,quantile,0.55,68.41467911866046
2025-12-20,wk inc flu hosp,1,2026-01-03,41,quantile,0.6,73.52208676934607
2025-12-20,wk inc flu hosp,1,2026-01-03,41,quantile,0.65,80.04556452011457
2025-12-20,wk inc flu hosp,1,2026-01-03,41,quantile,0.7,88.26152058937676
2025-12-20,wk inc flu hosp,1,2026-01-03,41,quantile,0.75,93.60510269577414
2025-12-20,wk inc flu hosp,1,2026-01-03,41,quantile,0.8,105.87776552040603
2025-12-20,wk inc flu hosp,1,2026-01-03,41,quantile,0.85,117.65441763004053
2025-12-20,wk inc flu hosp,1,2026-01-03,41,quantile,0.9,131.9032825091917
2025-12-20,wk inc flu hosp,1,2026-01-03,41,quantile,0.95,174.0618486885754
2025-12-20,wk inc flu hosp,1,2026-01-03,41,quantile,0.975,184.58868631777227
2025-12-20,wk inc flu hosp,1,2026-01-03,41,quantile,0.99,206.06484955703806
2025-12-20,wk inc flu hosp,1,2026-01-03,42,quantile,0.01,200.3901553430863
2025-12-20,wk inc flu hosp,1,2026-01-03,42,quantile,0.025,270.2077977823003
2025-12-20,wk inc flu hosp,1,2026-01-03,42,quantile,0.05,475.51074727638985
2025-12-20,wk inc flu hosp,1,2026-01-03,42,quantile,0.1,686.0129298497059
2025-12-20,wk inc flu hosp,1,2026-01-03,42,quantile,0.15,864.1852521048243
2025-12-20,wk inc flu hosp,1,2026-01-03,42,quantile,0.2,1053.9597355544818
2025-12-20,wk inc flu hosp,1,2026-01-03,42,quantile,0.25,1252.3839705910511
2025-12-20,wk inc flu hosp,1,2026-01-03,42,quantile,0.3,1421.819627461585
2025-12-20,wk inc flu hosp,1,2026-01-03,42,quantile,0.35,1580.2883242538744
2025-12-20,wk inc flu hosp,1,2026-01-03,42,quantile,0.4,1715.6333979159938
2025-12-20,wk inc flu hosp,1,2026-01-03,42,quantile,0.45,1853.252947874142
2025-12-20,wk inc flu hosp,1,2026-01-03,42,quantile,0.5,2046.9701502162568
2025-12-20,wk inc flu hosp,1,2026-01-03,42,quantile,0.55,2297.505047535652
2025-12-20,wk inc flu hosp,1,2026-01-03,42,quantile,0.6,2590.5016024319366
2025-12-20,wk inc flu hosp,1,2026-01-03,42,quantile,0.65,2864.521643112695
2025-12-20,wk inc flu hosp,1,2026-01-03,42,quantile,0.7,3170.6693267362493
2025-12-20,wk inc flu hosp,1,2026-01-03,42,quantile,0.75,3691.0697322361493
2025-12-20,wk inc flu hosp,1,2026-01-03,42,quantile,0.8,4247.572124145394
2025-12-20,wk inc flu hosp,1,2026-01-03,42,quantile,0.85,5592.7442433483
2025-12-20,wk inc flu hosp,1,2026-01-03,42,quantile,0.9,6329.387593843009
2025-12-20,wk inc flu hosp,1,2026-01-03,42,quantile,0.95,6910.576133916125
2025-12-20,wk inc flu hosp,1,2026-01-03,42,quantile,0.975,8085.646997347418
2025-12-20,wk inc flu hosp,1,2026-01-03,42,quantile,0.99,8351.153451961836
2025-12-20,wk inc flu hosp,1,2026-01-03,44,quantile,0.01,18.191791635860387
2025-12-20,wk inc flu hosp,1,2026-01-03,44,quantile,0.025,25.20420990528233
2025-12-20,wk inc flu hosp,1,2026-01-03,44,quantile,0.05,33.74109042630824
2025-12-20,wk inc flu hosp,1,2026-01-03,44,quantile,0.1,43.87669752534713
2025-12-20,wk inc flu hosp,1,2026-01-03,44,quantile,0.15,51.34717041588544
2025-12-20,wk inc flu hosp,1,2026-01-03,44,quantile,0.2,59.40015395126972
2025-12-20,wk inc flu hosp,1,2026-01-03,44,quantile,0.25,65.99900174875452
2025-12-20,wk inc flu hosp,1,2026-01-03,44,quantile,0.3,73.18230198684063
2025-12-20,wk inc flu hosp,1,2026-01-03,44,quantile,0.35,83.28729267214136
2025-12-20,wk inc flu hosp,1,2026-01-03,44,quantile,0.4,96.18387158865134
2025-12-20,wk inc flu hosp,1,2026-01-03,44,quantile,0.45,116.86869501360947
2025-12-20,wk inc flu hosp,1,2026-01-03,44,quantile,0.5,142.72311623404912
2025-12-20,wk inc flu hosp,1,2026-01-03,44,quantile,0.55,170.83909154779528
2025-12-20,wk inc flu hosp,1,2026-01-03,44,quantile,0.6,192.54363817923374
2025-12-20,wk inc flu hosp,1,2026-01-03,44,quantile,0.65,216.60993227698305
2025-12-20,wk inc flu hosp,1,2026-01-03,44,quantile,0.7,254.28443945014845
2025-12-20,wk inc flu hosp,1,2026-01-03,44,quantile,0.75,287.67469788168967
2025-12-20,wk inc flu hosp,1,2026-01-03,44,quantile,0.8,330.56219206495086
2025-12-20,wk inc flu hosp,1,2026-01-03,44,quantile,0.85,415.57642126224226
2025-12-20,wk inc flu hosp,1,2026-01-03,44,quantile,0.9,483.55046619557777
2025-12-20,wk inc flu hosp,1,2026-01-03,44,quantile,0.95,706.7763459858389
2025-12-20,wk inc flu hosp,1,2026-01-03,44,quantile,0.975,776.3304121798988
2025-12-20,wk inc flu hosp,1,2026-01-03,44,quantile,0.99,809.9352425884119
2025-12-20,wk inc flu hosp,1,2026-01-03,45,quantile,0.01,98.81395970351925
2025-12-20,wk inc flu hosp,1,2026-01-03,45,quantile,0.025,136.36402563549143
2025-12-20,wk inc flu hosp,1,2026-01-03,45,quantile,0.05,154.39851303344895
2025-12-20,wk inc flu hosp,1,2026-01-03,45,quantile,0.1,198.10423751383038
2025-12-20,wk inc flu hosp,1,2026-01-03,45,quantile,0.15,236.31880658830994
2025-12-20,wk inc flu hosp,1,2026-01-03,45,quantile,0.2,271.1770489801366
2025-12-20,wk inc flu hosp,1,2026-01-03,45,quantile,0.25,300.88237548596663
2025-12-20,wk inc flu hosp,1,2026-01-03,45,quantile,0.3,337.95761888766776
2025-12-20,wk inc flu hosp,1,2026-01-03,45,quantile,0.35,374.0088288027143
2025-12-20,wk inc flu hosp,1,2026-01-03,45,quantile,0.4,409.6531232140122
2025-12-20,wk inc flu hosp,1,2026-01-03,45,quantile,0.45,450.4579446735017
2025-12-20,wk inc flu hosp,1,2026-01-03,45,quantile,0.5,518.6466805702762
2025-12-20,wk inc flu hosp,1,2026-01-03,45,quantile,0.55,624.3708575144558
2025-12-20,wk inc flu hosp,1,2026-01-03,45,quantile,0.6,805.7681411055938
2025-12-20,wk inc flu hosp,1,2026-01-03,45,quantile,0.65,976.1527960633629
2025-12-20,wk inc flu hosp,1,2026-01-03,45,quantile,0.7,1151.0366366474498
2025-12-20,wk inc flu hosp,1,2026-01-03,45,quantile,0.75,1258.503801959023
2025-12-20,wk inc flu hosp,1,2026-01-03,45,quantile,0.8,1355.057190176044
2025-12-20,wk inc flu hosp,1,2026-01-03,45,quantile,0.85,1581.6480929590493
2025-12-20,wk inc flu hosp,1,2026-01-03,45,quantile,0.9,1842.9557442378373
2025-12-20,wk inc flu hosp,1,2026-01-03,45,quantile,0.95,2267.538863216793
2025-12-20,wk inc flu hosp,1,2026-01-03,45,quantile,0.975,2446.950781954842
2025-12-20,wk inc flu hosp,1,2026-01-03,45,quantile,0.99,2463.74238234585
2025-12-20,wk inc flu hosp,1,2026-01-03,46,quantile,0.01,4.399287347776412
2025-12-20,wk inc flu hosp,1,2026-01-03,46,quantile,0.025,5.833854485432048
2025-12-20,wk inc flu hosp,1,2026-01-03,46,quantile,0.05,7.504734738993172
2025-12-20,wk inc flu hosp,1,2026-01-03,46,quantile,0.1,10.487522257547635
2025-12-20,wk inc flu hosp,1,2026-01-03,46,quantile,0.15,13.907501243395425
2025-12-20,wk inc flu hosp,1,2026-01-03,46,quantile,0.2,17.884968626160212
2025-12-20,wk inc flu hosp,1,2026-01-03,46,quantile,0.25,22.669861579408582
2025-12-20,wk inc flu hosp,1,2026-01-03,46,quantile,0.3,25.647451590032727
2025-12-20,wk inc flu hosp,1,2026-01-03,46,quantile,0.35,29.02824891987251
2025-12-20,wk inc flu hosp,1,2026-01-03,46,quantile,0.4,36.53944679710177
2025-12-20,wk inc flu hosp,1,2026-01-03,46,quantile,0.45,43.516729852485355
2025-12-20,wk inc flu hosp,1,2026-01-03,46,quantile,0.5,50.37506261838158
2025-12-20,wk inc flu hosp,1,2026-01-03,46,quantile,0.55,57.943600424231214
2025-12-20,wk inc flu hosp,1,2026-01-03,46,quantile,0.6,62.84691258844123
2025-12-20,wk inc flu hosp,1,2026-01-03,46,quantile,0.65,67.41637110065697
2025-12-20,wk inc flu hosp,1,2026-01-03,46,quantile,0.7,72.45822473296731
2025-12-20,wk inc flu hosp,1,2026-01-03,46,quantile,0.75,78.75000071645471
2025-12-20,wk inc flu hosp,1,2026-01-03,46,quantile,0.8,86.60184831441725
2025-12-20,wk inc flu hosp,1,2026-01-03,46,quantile,0.85,99.4307198931963
2025-12-20,wk inc flu hosp,1,2026-01-03,46,quantile,0.9,115.40655596868314
2025-12-20,wk inc flu hosp,1,2026-01-03,46,quantile,0.95,131.40256116896333
2025-12-20,wk inc flu hosp,1,2026-01-03,46,quantile,0.975,154.08801349119574
2025-12-20,wk inc flu hosp,1,2026-01-03,46,quantile,0.99,213.70529084287136
2025-12-20,wk inc flu hosp,1,2026-01-03,47,quantile,0.01,101.33758423833518
2025-12-20,wk inc flu hosp,1,2026-01-03,47,quantile,0.025,129.42778155207796
2025-12-20,wk inc flu hosp,1,2026-01-03,47,quantile,0.05,136.3491858226145
2025-12-20,wk inc flu hosp,1,2026-01-03,47,quantile,0.1,179.90070735214184
2025-12-20,wk inc flu hosp,1,2026-01-03,47,quantile,0.15,201.84902310941973
2025-12-20,wk inc flu hosp,1,2026-01-03,47,quantile,0.2,227.09513182981195
2025-12-20,wk inc flu hosp,1,2026-01-03,47,quantile,0.25,255.45321653383783
2025-12-20,wk inc flu hosp,1,2026-01-03,47,quantile,0.3,289.77238726932126
2025-12-20,wk inc flu hosp,1,2026-01-03,47,quantile,0.35,320.004664808956
2025-12-20,wk inc flu hosp,1,2026-01-03,47,quantile,0.4,361.47272688434924
2025-12-20,wk inc flu hosp,1,2026-01-03,47,quantile,0.45,406.34570599445675
2025-12-20,wk inc flu hosp,1,2026-01-03,47,quantile,0.5,448.55832151360715
2025-12-20,wk inc flu hosp,1,2026-01-03,47,quantile,0.55,501.053159047243
2025-12-20,wk inc flu hosp,1,2026-01-03,47,quantile,0.6,540.4709102167632
2025-12-20,wk inc flu hosp,1,2026-01-03,47,quantile,0.65,651.7605931058414
2025-12-20,wk inc flu hosp,1,2026-01-03,47,quantile,0.7,804.3703337357206
2025-12-20,wk inc flu hosp,1,2026-01-03,47,quantile,0.75,914.9570538009681
2025-12-20,wk inc flu hosp,1,2026-01-03,47,quantile,0.8,1021.1526810214251
2025-12-20,wk inc flu hosp,1,2026-01-03,47,quantile,0.85,1202.1917955465506
2025-12-20,wk inc flu hosp,1,2026-01-03,47,quantile,0.9,1455.1051580380476
2025-12-20,wk inc flu hosp,1,2026-01-03,47,quantile,0.95,1701.232840210128
2025-12-20,wk inc flu hosp,1,2026-01-03,47,quantile,0.975,1834.3395935174117
2025-12-20,wk inc flu hosp,1,2026-01-03,47,quantile,0.99,1963.956168044514
2025-12-20,wk inc flu hosp,1,2026-01-03,48,quantile,0.01,350.6269103642904
2025-12-20,wk inc flu hosp,1,2026-01-03,48,quantile,0.025,602.0012390260714
2025-12-20,wk inc flu hosp,1,2026-01-03,48,quantile,0.05,838.1511378092938
2025-12-20,wk inc flu hosp,1,2026-01-03,48,quantile,0.1,990.6739260490411
2025-12-20,wk inc flu hosp,1,2026-01-03,48,quantile,0.15,1134.6820907194387
2025-12-20,wk inc flu hosp,1,2026-01-03,48,quantile,0.2,1247.2601063033378
2025-12-20,wk inc flu hosp,1,2026-01-03,48,quantile,0.25,1346.7581224585683
2025-12-20,wk inc flu hosp,1,2026-01-03,48,quantile,0.3,1424.3385623935392
2025-12-20,wk inc flu hosp,1,2026-01-03,48,quantile,0.35,1528.1490268779355
2025-12-20,wk inc flu hosp,1,2026-01-03,48,quantile,0.4,1641.3644685208785
2025-12-20,wk inc flu hosp,1,2026-01-03,48,quantile,0.45,1734.1147366746018
2025-12-20,wk inc flu hosp,1,2026-01-03,48,quantile,0.5,1818.7582454818457
2025-12-20,wk inc flu hosp,1,2026-01-03,48,quantile,0.55,1897.3717426974583
2025-12-20,wk inc flu hosp,1,2026-01-03,48,quantile,0.6,1955.002314727411
2025-12-20,wk inc flu hosp,1,2026-01-03,48,quantile,0.65,2078.6034229180286
2025-12-20,wk inc flu hosp,1,2026-01-03,48,quantile,0.7,2334.3894897953187
2025-12-20,wk inc flu hosp,1,2026-01-03,48,quantile,0.75,2564.859316170534
2025-12-20,wk inc flu hosp,1,2026-01-03,48,quantile,0.8,2756.571693567016
2025-12-20,wk inc flu hosp,1,2026-01-03,48,quantile,0.85,3063.90564505723
2025-12-20,wk inc flu hosp,1,2026-01-03,48,quantile,0.9,3321.7753466364943
2025-12-20,wk inc flu hosp,1,2026-01-03,48,quantile,0.95,4063.072856146494
2025-12-20,wk inc flu hosp,1,2026-01-03,48,quantile,0.975,4962.901188276166
2025-12-20,wk inc flu hosp,1,2026-01-03,48,quantile,0.99,5635.359109947236
2025-12-20,wk inc flu hosp,1,2026-01-03,49,quantile,0.01,19.57546744828213
2025-12-20,wk inc flu hosp,1,2026-01-03,49,quantile,0.025,25.032055230277496
2025-12-20,wk inc flu hosp,1,2026-01-03,49,quantile,0.05,34.361758615339696
2025-12-20,wk inc flu hosp,1,2026-01-03,49,quantile,0.1,57.303299017862855
2025-12-20,wk inc flu hosp,1,2026-01-03,49,quantile,0.15,81.81074838986065
2025-12-20,wk inc flu hosp,1,2026-01-03,49,quantile,0.2,102.05388938164619
2025-12-20,wk inc flu hosp,1,2026-01-03,49,quantile,0.25,118.52025924236555
2025-12-20,wk inc flu hosp,1,2026-01-03,49,quantile,0.3,138.86491156738248
2025-12-20,wk inc flu hosp,1,2026-01-03,49,quantile,0.35,151.51327780943265
2025-12-20,wk inc flu hosp,1,2026-01-03,49,quantile,0.4,161.3695438590965
2025-12-20,wk inc flu hosp,1,2026-01-03,49,quantile,0.45,168.2600059794437
2025-12-20,wk inc flu hosp,1,2026-01-03,49,quantile,0.5,175.19341662285115
2025-12-20,wk inc flu hosp,1,2026-01-03,49,quantile,0.55,183.92658758586947
2025-12-20,wk inc flu hosp,1,2026-01-03,49,quantile,0.6,196.18979574838568
2025-12-20,wk inc flu hosp,1,2026-01-03,49,quantile,0.65,216.93207587426443
2025-12-20,wk inc flu hosp,1,2026-01-03,49,quantile,0.7,259.474482227567
2025-12-20,wk inc flu hosp,1,2026-01-03,49,quantile,0.75,314.17865163634633
2025-12-20,wk inc flu hosp,1,2026-01-03,49,quantile,0.8,386.97558374944197
2025-12-20,wk inc flu hosp,1,2026-01-03,49,quantile,0.85,445.36009320548965
2025-12-20,wk inc flu hosp,1,2026-01-03,49,quantile,0.9,507.89576761314936
2025-12-20,wk inc flu hosp,1,2026-01-03,49,quantile,0.95,592.9126453858794
2025-12-20,wk inc flu hosp,1,2026-01-03,49,quantile,0.975,621.8825104180991
2025-12-20,wk inc flu hosp,1,2026-01-03,49,quantile,0.99,775.4563648031028
2025-12-20,wk inc flu hosp,1,2026-01-03,50,quantile,0.01,1.4157033941918526
2025-12-20,wk inc flu hosp,1,2026-01-03,50,quantile,0.025,2.0682224622913408
2025-12-20,wk inc flu hosp,1,2026-01-03,50,quantile,0.05,2.328491228765288
2025-12-20,wk inc flu hosp,1,2026-01-03,50,quantile,0.1,3.664925113784021
2025-12-20,wk inc flu hosp,1,2026-01-03,50,quantile,0.15,5.273249938917437
2025-12-20,wk inc flu hosp,1,2026-01-03,50,quantile,0.2,7.171666449562795
2025-12-20,wk inc flu hosp,1,2026-01-03,50,quantile,0.25,8.724065664918077
2025-12-20,wk inc flu hosp,1,2026-01-03,50,quantile,0.3,9.972453037797656
2025-12-20,wk inc flu hosp,1,2026-01-03,50,quantile,0.35,11.424689161743096
2025-12-20,wk inc flu hosp,1,2026-01-03,50,quantile,0.4,13.20214743407513
2025-12-20,wk inc flu hosp,1,2026-01-03,50,quantile,0.45,15.046320865185503
2025-12-20,wk inc flu hosp,1,2026-01-03,50,quantile,0.5,16.80036957718351
2025-12-20,wk inc flu hosp,1,2026-01-03,50,quantile,0.55,18.516393251156547
2025-12-20,wk inc flu hosp,1,2026-01-03,50,quantile,0.6,20.989447970324967
2025-12-20,wk inc flu hosp,1,2026-01-03,50,quantile,0.65,24.01638534691129
2025-12-20,wk inc flu hosp,1,2026-01-03,50,quantile,0.7,26.028279153300254
2025-12-20,wk inc flu hosp,1,2026-01-03,50,quantile,0.75,28.750122423826102
2025-12-20,wk inc flu hosp,1,2026-01-03,50,quantile,0.8,35.02590988836699
2025-12-20,wk inc flu hosp,1,2026-01-03,50,quantile,0.85,38.07221955164094
2025-12-20,wk inc flu hosp,1,2026-01-03,50,quantile,0.9,45.639678988697284
2025-12-20,wk inc flu hosp,1,2026-01-03,50,quantile,0.95,52.63285389817169
2025-12-20,wk inc flu hosp,1,2026-01-03,50,quantile,0.975,58.02803281124977
2025-12-20,wk inc flu hosp,1,2026-01-03,50,quantile,0.99,67.2062070826294
2025-12-20,wk inc flu hosp,1,2026-01-03,51,quantile,0.01,144.43737382051987
2025-12-20,wk inc flu hosp,1,2026-01-03,51,quantile,0.025,170.71302703317693
2025-12-20,wk inc flu hosp,1,2026-01-03,51,quantile,0.05,202.1120667466712
2025-12-20,wk inc flu hosp,1,2026-01-03,51,quantile,0.1,235.76234046731315
2025-12-20,wk inc flu hosp,1,2026-01-03,51,quantile,0.15,271.84827449347324
2025-12-20,wk inc flu hosp,1,2026-01-03,51,quantile,0.2,309.63830997842285
2025-12-20,wk inc flu hosp,1,2026-01-03,51,quantile,0.25,342.47019484888307
2025-12-20,wk inc flu hosp,1,2026-01-03,51,quantile,0.3,365.0333652702832
2025-12-20,wk inc flu hosp,1,2026-01-03,51,quantile,0.35,400.7290059645978
2025-12-20,wk inc flu hosp,1,2026-01-03,51,quantile,0.4,438.1806171029006
2025-12-20,wk inc flu hosp,1,2026-01-03,51,quantile,0.45,475.76029092740816
2025-12-20,wk inc flu hosp,1,2026-01-03,51,quantile,0.5,508.9217148964436
2025-12-20,wk inc flu hosp,1,2026-01-03,51,quantile,0.55,560.4885390672006
2025-12-20,wk inc flu hosp,1,2026-01-03,51,quantile,0.6,599.4455299221017
2025-12-20,wk inc flu hosp,1,2026-01-03,51,quantile,0.65,647.5884879046902
2025-12-20,wk inc flu hosp,1,2026-01-03,51,quantile,0.7,715.8792377232431
2025-12-20,wk inc flu hosp,1,2026-01-03,51,quantile,0.75,767.1037272327027
2025-12-20,wk inc flu hosp,1,2026-01-03,51,quantile,0.8,854.9793427004156
2025-12-20,wk inc flu hosp,1,2026-01-03,51,quantile,0.85,1016.3754405353998
2025-12-20,wk inc flu hosp,1,2026-01-03,51,quantile,0.9,1068.9032603607488
2025-12-20,wk inc flu hosp,1,2026-01-03,51,quantile,0.95,1265.737717031099
2025-12-20,wk inc flu hosp,1,2026-01-03,51,quantile,0.975,1561.0251855075044
2025-12-20,wk inc flu hosp,1,2026-01-03,51,quantile,0.99,1633.5394708256197
2025-12-20,wk inc flu hosp,1,2026-01-03,53,quantile,0.01,38.54963234422291
2025-12-20,wk inc flu hosp,1,2026-01-03,53,quantile,0.025,52.69755703827884
2025-12-20,wk inc flu hosp,1,2026-01-03,53,quantile,0.05,69.40884043169997
2025-12-20,wk inc flu hosp,1,2026-01-03,53,quantile,0.1,93.98416457646529
2025-12-20,wk inc flu hosp,1,2026-01-03,53,quantile,0.15,110.4707980973913
2025-12-20,wk inc flu hosp,1,2026-01-03,53,quantile,0.2,125.39589115171513
2025-12-20,wk inc flu hosp,1,2026-01-03,53,quantile,0.25,144.55404994112345
2025-12-20,wk inc flu hosp,1,2026-01-03,53,quantile,0.3,162.0957223966242
2025-12-20,wk inc flu hosp,1,2026-01-03,53,quantile,0.35,180.36883209322642
2025-12-20,wk inc flu hosp,1,2026-01-03,53,quantile,0.4,195.2332975432794
2025-12-20,wk inc flu hosp,1,2026-01-03,53,quantile,0.45,211.59300960571852
2025-12-20,wk inc flu hosp,1,2026-01-03,53,quantile,0.5,227.24180722125962
2025-12-20,wk inc flu hosp,1,2026-01-03,53,quantile,0.55,242.28190504113547
2025-12-20,wk inc flu hosp,1,2026-01-03,53,quantile,0.6,250.18148062938616
2025-12-20,wk inc flu hosp,1,2026-01-03,53,quantile,0.65,263.58214990040193
2025-12-20,wk inc flu hosp,1,2026-01-03,53,quantile,0.7,283.93494631378223
2025-12-20,wk inc flu hosp,1,2026-01-03,53,quantile,0.75,307.24442167630446
2025-12-20,wk inc flu hosp,1,2026-01-03,53,quantile,0.8,330.2874612507927
2025-12-20,wk inc flu hosp,1,2026-01-03,53,quantile,0.85,360.0518240636044
2025-12-20,wk inc flu hosp,1,2026-01-03,53,quantile,0.9,413.5149236112481
2025-12-20,wk inc flu hosp,1,2026-01-03,53,quantile,0.95,571.163487326347
2025-12-20,wk inc flu hosp,1,2026-01-03,53,quantile,0.975,627.5359623771417
2025-12-20,wk inc flu hosp,1,2026-01-03,53,quantile,0.99,770.5977570375643
2025-12-20,wk inc flu hosp,1,2026-01-03,54,quantile,0.01,18.680570942044856
2025-12-20,wk inc flu hosp,1,2026-01-03,54,quantile,0.025,23.38070243432022
2025-12-20,wk inc flu hosp,1,2026-01-03,54,quantile,0.05,31.687096982680263
2025-12-20,wk inc flu hosp,1,2026-01-03,54,quantile,0.1,43.4246073719855
2025-12-20,wk inc flu hosp,1,2026-01-03,54,quantile,0.15,56.42335065049036
2025-12-20,wk inc flu hosp,1,2026-01-03,54,quantile,0.2,69.99973325518899
2025-12-20,wk inc flu hosp,1,2026-01-03,54,quantile,0.25,81.84991313498433
2025-12-20,wk inc flu hosp,1,2026-01-03,54,quantile,0.3,90.02271023437353
2025-12-20,wk inc flu hosp,1,2026-01-03,54,quantile,0.35,98.6753637445382
2025-12-20,wk inc flu hosp,1,2026-01-03,54,quantile,0.4,109.99225402297162
2025-12-20,wk inc flu hosp,1,2026-01-03,54,quantile,0.45,122.07818089621881
2025-12-20,wk inc flu hosp,1,2026-01-03,54,quantile,0.5,139.26227574560474
2025-12-20,wk inc flu hosp,1,2026-01-03,54,quantile,0.55,163.70753290931182
2025-12-20,wk inc flu hosp,1,2026-01-03,54,quantile,0.6,177.35334134533997
2025-12-20,wk inc flu hosp,1,2026-01-03,54,quantile,0.65,208.47950211458016
2025-12-20,wk inc flu hosp,1,2026-01-03,54,quantile,0.7,249.24296453721036
2025-12-20,wk inc flu hosp,1,2026-01-03,54,quantile,0.75,277.77837883801055
2025-12-20,wk inc flu hosp,1,2026-01-03,54,quantile,0.8,327.4824792299409
2025-12-20,wk inc flu hosp,1,2026-01-03,54,quantile,0.85,389.64990027223655
2025-12-20,wk inc flu hosp,1,2026-01-03,54,quantile,0.9,439.01375996159186
2025-12-20,wk inc flu hosp,1,2026-01-03,54,quantile,0.95,472.81609397911546
2025-12-20,wk inc flu hosp,1,2026-01-03,54,quantile,0.975,516.6542188436691
2025-12-20,wk inc flu hosp,1,2026-01-03,54,quantile,0.99,568.8501659520298
2025-12-20,wk inc flu hosp,1,2026-01-03,55,quantile,0.01,24.347136550863816
2025-12-20,wk inc flu hosp,1,2026-01-03,55,quantile,0.025,74.31216337612416
2025-12-20,wk inc flu hosp,1,2026-01-03,55,quantile,0.05,95.58668370396626
2025-12-20,wk inc flu hosp,1,2026-01-03,55,quantile,0.1,133.57472150545664
2025-12-20,wk inc flu hosp,1,2026-01-03,55,quantile,0.15,167.31577961918526
2025-12-20,wk inc flu hosp,1,2026-01-03,55,quantile,0.2,211.3804712643386
2025-12-20,wk inc flu hosp,1,2026-01-03,55,quantile,0.25,249.72560520753075
2025-12-20,wk inc flu hosp,1,2026-01-03,55,quantile,0.3,284.4082850651126
2025-12-20,wk inc flu hosp,1,2026-01-03,55,quantile,0.35,323.57474415018856
2025-12-20,wk inc flu hosp,1,2026-01-03,55,quantile,0.4,361.91355165690754
2025-12-20,wk inc flu hosp,1,2026-01-03,55,quantile,0.45,400.5497349385594
2025-12-20,wk inc flu hosp,1,2026-01-03,55,quantile,0.5,455.23567341548784
2025-12-20,wk inc flu hosp,1,2026-01-03,55,quantile,0.55,523.5584771919735
2025-12-20,wk inc flu hosp,1,2026-01-03,55,quantile,0.6,577.3394302833883
2025-12-20,wk inc flu hosp,1,2026-01-03,55,quantile,0.65,629.5885384207866
2025-12-20,wk inc flu hosp,1,2026-01-03,55,quantile,0.7,692.5012229981778
2025-12-20,wk inc flu hosp,1,2026-01-03,55,quantile,0.75,804.8954208046978
2025-12-20,wk inc flu hosp,1,2026-01-03,55,quantile,0.8,923.5356666329383
2025-12-20,wk inc flu hosp,1,2026-01-03,55,quantile,0.85,1065.6900510198755
2025-12-20,wk inc flu hosp,1,2026-01-03,55,quantile,0.9,1217.0904053124445
2025-12-20,wk inc flu hosp,1,2026-01-03,55,quantile,0.95,1463.560297440695
2025-12-20,wk inc flu hosp,1,2026-01-03,55,quantile,0.975,1572.627048611126
2025-12-20,wk inc flu hosp,1,2026-01-03,55,quantile,0.99,1574.816763307562
2025-12-20,wk inc flu hosp,1,2026-01-03,56,quantile,0.01,5.571385672101015
2025-12-20,wk inc flu hosp,1,2026-01-03,56,quantile,0.025,7.258997726432689
2025-12-20,wk inc flu hosp,1,2026-01-03,56,quantile,0.05,10.180136778358435
2025-12-20,wk inc flu hosp,1,2026-01-03,56,quantile,0.1,14.208259318304387
2025-12-20,wk inc flu hosp,1,2026-01-03,56,quantile,0.15,18.041251186133824
2025-12-20,wk inc flu hosp,1,2026-01-03,56,quantile,0.2,23.379522364832134
2025-12-20,wk inc flu hosp,1,2026-01-03,56,quantile,0.25,28.32536981140967
2025-12-20,wk inc flu hosp,1,2026-01-03,56,quantile,0.3,32.23514863582038
2025-12-20,wk inc flu hosp,1,2026-01-03,56,quantile,0.35,37.27756179903251
2025-12-20,wk inc flu hosp,1,2026-01-03,56,quantile,0.4,41.335149637926136
2025-12-20,wk inc flu hosp,1,2026-01-03,56,quantile,0.45,45.809465823348596
2025-12-20,wk inc flu hosp,1,2026-01-03,56,quantile,0.5,50.66401826809932
2025-12-20,wk inc flu hosp,1,2026-01-03,56,quantile,0.55,56.42212538260209
2025-12-20,wk inc flu hosp,1,2026-01-03,56,quantile,0.6,62.64907841456129
2025-12-20,wk inc flu hosp,1,2026-01-03,56,quantile,0.65,70.27884160158011
2025-12-20,wk inc flu hosp,1,2026-01-03,56,quantile,0.7,77.78387621210526
2025-12-20,wk inc flu hosp,1,2026-01-03,56,quantile,0.75,82.89987133072044
2025-12-20,wk inc flu hosp,1,2026-01-03,56,quantile,0.8,94.02429027781133
2025-12-20,wk inc flu hosp,1,2026-01-03,56,quantile,0.85,105.2137301657872
2025-12-20,wk inc flu hosp,1,2026-01-03,56,quantile,0.9,127.60376252595047
2025-12-20,wk inc flu hosp,1,2026-01-03,56,quantile,0.95,151.1491890167172
2025-12-20,wk inc flu hosp,1,2026-01-03,56,quantile,0.975,176.9425993714757
2025-12-20,wk inc flu hosp,1,2026-01-03,56,quantile,0.99,195.30341363169538
2025-12-20,wk inc flu hosp,1,2026-01-03,72,quantile,0.01,58.648479761489874
2025-12-20,wk inc flu hosp,1,2026-01-03,72,quantile,0.025,90.79795178545663
2025-12-20,wk inc flu hosp,1,2026-01-03,72,quantile,0.05,102.36401891751484
2025-12-20,wk inc flu hosp,1,2026-01-03,72,quantile,0.1,150.78521812060987
2025-12-20,wk inc flu hosp,1,2026-01-03,72,quantile,0.15,174.265833388448
2025-12-20,wk inc flu hosp,1,2026-01-03,72,quantile,0.2,195.48195311589677
2025-12-20,wk inc flu hosp,1,2026-01-03,72,quantile,0.25,210.11562412193177
2025-12-20,wk inc flu hosp,1,2026-01-03,72,quantile,0.3,231.22423865131668
2025-12-20,wk inc flu hosp,1,2026-01-03,72,quantile,0.35,256.4254543768639
2025-12-20,wk inc flu hosp,1,2026-01-03,72,quantile,0.4,282.0236522947175
2025-12-20,wk inc flu hosp,1,2026-01-03,72,quantile,0.45,302.9780080299324
2025-12-20,wk inc flu hosp,1,2026-01-03,72,quantile,0.5,328.52283174013
2025-12-20,wk inc flu hosp,1,2026-01-03,72,quantile,0.55,362.19352579794054
2025-12-20,wk inc flu hosp,1,2026-01-03,72,quantile,0.6,401.77708799509105
2025-12-20,wk inc flu hosp,1,2026-01-03,72,quantile,0.65,437.08764136451833
2025-12-20,wk inc flu hosp,1,2026-01-03,72,quantile,0.7,472.04056882058575
2025-12-20,wk inc flu hosp,1,2026-01-03,72,quantile,0.75,521.0128453081941
2025-12-20,wk inc flu hosp,1,2026-01-03,72,quantile,0.8,579.0024587694152
2025-12-20,wk inc flu hosp,1,2026-01-03,72,quantile,0.85,629.6205290472811
2025-12-20,wk inc flu hosp,1,2026-01-03,72,quantile,0.9,670.400018555219
2025-12-20,wk inc flu hosp,1,2026-01-03,72,quantile,0.95,818.799926681944
2025-12-20,wk inc flu hosp,1,2026-01-03,72,quantile,0.975,978.4380431894085
2025-12-20,wk inc flu hosp,1,2026-01-03,72,quantile,0.99,1094.350834798062
2025-12-20,wk inc flu hosp,1,2026-01-03,US,quantile,0.01,3782.781482505522
2025-12-20,wk inc flu hosp,1,2026-01-03,US,quantile,0.025,6477.559066112307
2025-12-20,wk inc flu hosp,1,2026-01-03,US,quantile,0.05,9377.140484306748
2025-12-20,wk inc flu hosp,1,2026-01-03,US,quantile,0.1,12057.462118660003
2025-12-20,wk inc flu hosp,1,2026-01-03,US,quantile,0.15,13955.973195292687
2025-12-20,wk inc flu hosp,1,2026-01-03,US,quantile,0.2,15465.869734354019
2025-12-20,wk inc flu hosp,1,2026-01-03,US,quantile,0.25,17240.9293315964
2025-12-20,wk inc flu hosp,1,2026-01-03,US,quantile,0.3,19471.25728984687
2025-12-20,wk inc flu hosp,1,2026-01-03,US,quantile,0.35,21689.04143671097
2025-12-20,wk inc flu hosp,1,2026-01-03,US,quantile,0.4,23812.623994476657
2025-12-20,wk inc flu hosp,1,2026-01-03,US,quantile,0.45,26419.418593708975
2025-12-20,wk inc flu hosp,1,2026-01-03,US,quantile,0.5,28904.807840728037
2025-12-20,wk inc flu hosp,1,2026-01-03,US,quantile,0.55,30217.850710816452
2025-12-20,wk inc flu hosp,1,2026-01-03,US,quantile,0.6,32381.139302769425
2025-12-20,wk inc flu hosp,1,2026-01-03,US,quantile,0.65,35414.023424690095
2025-12-20,wk inc flu hosp,1,2026-01-03,US,quantile,0.7,37293.751524110776
2025-12-20,wk inc flu hosp,1,2026-01-03,US,quantile,0.75,40959.17752253495
2025-12-20,wk inc flu hosp,1,2026-01-03,US,quantile,0.8,44338.900909765915
2025-12-20,wk inc flu hosp,1,2026-01-03,US,quantile,0.85,50366.13280909092
2025-12-20,wk inc flu hosp,1,2026-01-03,US,quantile,0.9,58005.18656796586
2025-12-20,wk inc flu hosp,1,2026-01-03,US,quantile,0.95,63584.68189870927
2025-12-20,wk inc flu hosp,1,2026-01-03,US,quantile,0.975,79335.64776245493
2025-12-20,wk inc flu hosp,1,2026-01-03,US,quantile,0.99,91938.37240914565
2025-12-20,wk inc flu hosp,2,2026-01-10,01,quantile,0.01,46.89205926610229
2025-12-20,wk inc flu hosp,2,2026-01-10,01,quantile,0.025,57.398438826658186
2025-12-20,wk inc flu hosp,2,2026-01-10,01,quantile,0.05,73.52010314951089
2025-12-20,wk inc flu hosp,2,2026-01-10,01,quantile,0.1,104.72449926165841
2025-12-20,wk inc flu hosp,2,2026-01-10,01,quantile,0.15,128.83525514276946
2025-12-20,wk inc flu hosp,2,2026-01-10,01,quantile,0.2,152.8371974779849
2025-12-20,wk inc flu hosp,2,2026-01-10,01,quantile,0.25,179.60584485913117
2025-12-20,wk inc flu hosp,2,2026-01-10,01,quantile,0.3,205.1246691644169
2025-12-20,wk inc flu hosp,2,2026-01-10,01,quantile,0.35,230.43973816724198
2025-12-20,wk inc flu hosp,2,2026-01-10,01,quantile,0.4,251.2208219528799
2025-12-20,wk inc flu hosp,2,2026-01-10,01,quantile,0.45,276.2150276552016
2025-12-20,wk inc flu hosp,2,2026-01-10,01,quantile,0.5,299.38021210054274
2025-12-20,wk inc flu hosp,2,2026-01-10,01,quantile,0.55,323.91164127761806
2025-12-20,wk inc flu hosp,2,2026-01-10,01,quantile,0.6,357.91509372292325
2025-12-20,wk inc flu hosp,2,2026-01-10,01,quantile,0.65,380.06002396516493
2025-12-20,wk inc flu hosp,2,2026-01-10,01,quantile,0.7,411.7632655119681
2025-12-20,wk inc flu hosp,2,2026-01-10,01,quantile,0.75,479.18595825708724
2025-12-20,wk inc flu hosp,2,2026-01-10,01,quantile,0.8,529.7382262776113
2025-12-20,wk inc flu hosp,2,2026-01-10,01,quantile,0.85,591.0212342784366
2025-12-20,wk inc flu hosp,2,2026-01-10,01,quantile,0.9,670.5295046193285
2025-12-20,wk inc flu hosp,2,2026-01-10,01,quantile,0.95,967.7604354412724
2025-12-20,wk inc flu hosp,2,2026-01-10,01,quantile,0.975,1102.8938380545628
2025-12-20,wk inc flu hosp,2,2026-01-10,01,quantile,0.99,1138.1800479706556
2025-12-20,wk inc flu hosp,2,2026-01-10,02,quantile,0.01,4.225011347792035
2025-12-20,wk inc flu hosp,2,2026-01-10,02,quantile,0.025,6.178034392905856
2025-12-20,wk inc flu hosp,2,2026-01-10,02,quantile,0.05,9.622659642583375
2025-12-20,wk inc flu hosp,2,2026-01-10,02,quantile,0.1,14.146232025486377
2025-12-20,wk inc flu hosp,2,2026-01-10,02,quantile,0.15,18.120274472287747
2025-12-20,wk inc flu hosp,2,2026-01-10,02,quantile,0.2,21.154362715097637
2025-12-20,wk inc flu hosp,2,2026-01-10,02,quantile,0.25,23.261023005800396
2025-12-20,wk inc flu hosp,2,2026-01-10,02,quantile,0.3,25.25046541896757
2025-12-20,wk inc flu hosp,2,2026-01-10,02,quantile,0.35,26.72162540155858
2025-12-20,wk inc flu hosp,2,2026-01-10,02,quantile,0.4,28.594137529332553
2025-12-20,wk inc flu hosp,2,2026-01-10,02,quantile,0.45,31.50484115094723
2025-12-20,wk inc flu hosp,2,2026-01-10,02,quantile,0.5,35.77771355096984
2025-12-20,wk inc flu hosp,2,2026-01-10,02,quantile,0.55,41.35133480712306
2025-12-20,wk inc flu hosp,2,2026-01-10,02,quantile,0.6,46.684287296629414
2025-12-20,wk inc flu hosp,2,2026-01-10,02,quantile,0.65,53.35297427404854
2025-12-20,wk inc flu hosp,2,2026-01-10,02,quantile,0.7,62.25992228247716
2025-12-20,wk inc flu hosp,2,2026-01-10,02,quantile,0.75,80.34965404960165
2025-12-20,wk inc flu hosp,2,2026-01-10,02,quantile,0.8,95.81746004848257
2025-12-20,wk inc flu hosp,2,2026-01-10,02,quantile,0.85,110.84935488019181
2025-12-20,wk inc flu hosp,2,2026-01-10,02,quantile,0.9,115.46260532612067
2025-12-20,wk inc flu hosp,2,2026-01-10,02,quantile,0.95,122.66017904520453
2025-12-20,wk inc flu hosp,2,2026-01-10,02,quantile,0.975,140.95798784793055
2025-12-20,wk inc flu hosp,2,2026-01-10,02,quantile,0.99,165.97060124202133
2025-12-20,wk inc flu hosp,2,2026-01-10,04,quantile,0.01,32.30707813506124
2025-12-20,wk inc flu hosp,2,2026-01-10,04,quantile,0.025,41.459169710072814
2025-12-20,wk inc flu hosp,2,2026-01-10,04,quantile,0.05,49.324690502401644
2025-12-20,wk inc flu hosp,2,2026-01-10,04,quantile,0.1,74.59993891682409
2025-12-20,wk inc flu hosp,2,2026-01-10,04,quantile,0.15,91.29961281093243
2025-12-20,wk inc flu hosp,2,2026-01-10,04,quantile,0.2,100.05321152465635
2025-12-20,wk inc flu hosp,2,2026-01-10,04,quantile,0.25,113.76483138502903
2025-12-20,wk inc flu hosp,2,2026-01-10,04,quantile,0.3,130.73109629881645
2025-12-20,wk inc flu hosp,2,2026-01-10,04,quantile,0.35,144.47386814710447
2025-12-20,wk inc flu hosp,2,2026-01-10,04,quantile,0.4,166.46654585638478
2025-12-20,wk inc flu hosp,2,2026-01-10,04,quantile,0.45,182.8365576085312
2025-12-20,wk inc flu hosp,2,2026-01-10,04,quantile,0.5,195.41313578379393
2025-12-20,wk inc flu hosp,2,2026-01-10,04,quantile,0.55,209.8586899592789
2025-12-20,wk inc flu hosp,2,2026-01-10,04,quantile,0.6,229.06554734228982
2025-12-20,wk inc flu hosp,2,2026-01-10,04,quantile,0.65,253.44013636502532
2025-12-20,wk inc flu hosp,2,2026-01-10,04,quantile,0.7,286.1986569377869
2025-12-20,wk inc flu hosp,2,2026-01-10,04,quantile,0.75,333.75329162609313
2025-12-20,wk inc flu hosp,2,2026-01-10,04,quantile,0.8,393.06933249296554
2025-12-20,wk inc flu hosp,2,2026-01-10,04,quantile,0.85,456.41744085002745
2025-12-20,wk inc flu hosp,2,2026-01-10,04,quantile,0.9,618.7454314300411
2025-12-20,wk inc flu hosp,2,2026-01-10,04,quantile,0.95,742.8509639542535
2025-12-20,wk inc flu hosp,2,2026-01-10,04,quantile,0.975,771.4139390389314
2025-12-20,wk inc flu hosp,2,2026-01-10,04,quantile,0.99,775.6374841284293
2025-12-20,wk inc flu hosp,2,2026-01-10,05,quantile,0.01,29.021289570739174
2025-12-20,wk inc flu hosp,2,2026-01-10,05,quantile,0.025,41.364363548352486
2025-12-20,wk inc flu hosp,2,2026-01-10,05,quantile,0.05,56.58839998842237
2025-12-20,wk inc flu hosp,2,2026-01-10,05,quantile,0.1,92.97629588389609
2025-12-20,wk inc flu hosp,2,2026-01-10,05,quantile,0.15,112.22009211748491
2025-12-20,wk inc flu hosp,2,2026-01-10,05,quantile,0.2,132.5264795935683
2025-12-20,wk inc flu hosp,2,2026-01-10,05,quantile,0.25,149.9475125337663
2025-12-20,wk inc flu hosp,2,2026-01-10,05,quantile,0.3,165.3650334383753
2025-12-20,wk inc flu hosp,2,2026-01-10,05,quantile,0.35,186.54239456646295
2025-12-20,wk inc flu hosp,2,2026-01-10,05,quantile,0.4,212.83749905587624
2025-12-20,wk inc flu hosp,2,2026-01-10,05,quantile,0.45,245.380060545608
2025-12-20,wk inc flu hosp,2,2026-01-10,05,quantile,0.5,269.37969305173056
2025-12-20,wk inc flu hosp,2,2026-01-10,05,quantile,0.55,305.8085235418421
2025-12-20,wk inc flu hosp,2,2026-01-10,05,quantile,0.6,360.3226962699272
2025-12-20,wk inc flu hosp,2,2026-01-10,05,quantile,0.65,408.5730216623658
2025-12-20,wk inc flu hosp,2,2026-01-10,05,quantile,0.7,441.0067936758454
2025-12-20,wk inc flu hosp,2,2026-01-10,05,quantile,0.75,516.5024123751585
2025-12-20,wk inc flu hosp,2,2026-01-10,05,quantile,0.8,608.2729713109998
2025-12-20,wk inc flu hosp,2,2026-01-10,05,quantile,0.85,661.4386682164409
2025-12-20,wk inc flu hosp,2,2026-01-10,05,quantile,0.9,683.7897748418073
2025-12-20,wk inc flu hosp,2,2026-01-10,05,quantile,0.95,782.7791071530069
2025-12-20,wk inc flu hosp,2,2026-01-10,05,quantile,0.975,911.5820980690481
2025-12-20,wk inc flu hosp,2,2026-01-10,05,quantile,0.99,1036.661536789902
2025-12-20,wk inc flu hosp,2,2026-01-10,06,quantile,0.01,136.07300205465245
2025-12-20,wk inc flu hosp,2,2026-01-10,06,quantile,0.025,255.1143195969146
2025-12-20,wk inc flu hosp,2,2026-01-10,06,quantile,0.05,332.8560577943485
2025-12-20,wk inc flu hosp,2,2026-01-10,06,quantile,0.1,449.99234782373946
2025-12-20,wk inc flu hosp,2,2026-01-10,06,quantile,0.15,523.7096254645317
2025-12-20,wk inc flu hosp,2,2026-01-10,06,quantile,0.2,638.0999912934639
2025-12-20,wk inc flu hosp,2,2026-01-10,06,quantile,0.25,750.6512240319123
2025-12-20,wk inc flu hosp,2,2026-01-10,06,quantile,0.3,842.91035295515
2025-12-20,wk inc flu hosp,2,2026-01-10,06,quantile,0.35,924.510696435198
2025-12-20,wk inc flu hosp,2,2026-01-10,06,quantile,0.4,1025.9992535175038
2025-12-20,wk inc flu hosp,2,2026-01-10,06,quantile,0.45,1152.5603598799303
2025-12-20,wk inc flu hosp,2,2026-01-10,06,quantile,0.5,1264.9891689307406
2025-12-20,wk inc flu hosp,2,2026-01-10,06,quantile,0.55,1386.6705133009418
2025-12-20,wk inc flu hosp,2,2026-01-10,06,quantile,0.6,1510.6121165287284
2025-12-20,wk inc flu hosp,2,2026-01-10,06,quantile,0.65,1622.2993620710067
2025-12-20,wk inc flu hosp,2,2026-01-10,06,quantile,0.7,1765.7145777075068
2025-12-20,wk inc flu hosp,2,2026-01-10,06,quantile,0.75,2029.0513041211714
2025-12-20,wk inc flu hosp,2,2026-01-10,06,quantile,0.8,2377.6983166986897
2025-12-20,wk inc flu hosp,2,2026-01-10,06,quantile,0.85,2538.1850424805825
2025-12-20,wk inc flu hosp,2,2026-01-10,06,quantile,0.9,2940.2882253486837
2025-12-20,wk inc flu hosp,2,2026-01-10,06,quantile,0.95,3376.288528130008
2025-12-20,wk inc flu hosp,2,2026-01-10,06,quantile,0.975,3613.0191956040553
2025-12-20,wk inc flu hosp,2,2026-01-10,06,quantile,0.99,3703.378691703919
2025-12-20,wk inc flu hosp,2,2026-01-10,08,quantile,0.01,61.266199517575956
2025-12-20,wk inc flu hosp,2,2026-01-10,08,quantile,0.025,111.91009816029734
2025-12-20,wk inc flu hosp,2,2026-01-10,08,quantile,0.05,140.12660648209027
2025-12-20,wk inc flu hosp,2,2026-01-10,08,quantile,0.1,201.6833400975823
2025-12-20,wk inc flu hosp,2,2026-01-10,08,quantile,0.15,239.1274469752907
2025-12-20,wk inc flu hosp,2,2026-01-10,08,quantile,0.2,279.13687664046563
2025-12-20,wk inc flu hosp,2,2026-01-10,08,quantile,0.25,314.8293132557497
2025-12-20,wk inc flu hosp,2,2026-01-10,08,quantile,0.3,353.1210439666216
2025-12-20,wk inc flu hosp,2,2026-01-10,08,quantile,0.35,392.2425486258806
2025-12-20,wk inc flu hosp,2,2026-01-10,08,quantile,0.4,440.75157368272204
2025-12-20,wk inc flu hosp,2,2026-01-10,08,quantile,0.45,498.9520110026993
2025-12-20,wk inc flu hosp,2,2026-01-10,08,quantile,0.5,573.1051194663519
2025-12-20,wk inc flu hosp,2,2026-01-10,08,quantile,0.55,670.7304178917807
2025-12-20,wk inc flu hosp,2,2026-01-10,08,quantile,0.6,822.1976235862876
2025-12-20,wk inc flu hosp,2,2026-01-10,08,quantile,0.65,976.8586751277063
2025-12-20,wk inc flu hosp,2,2026-01-10,08,quantile,0.7,1182.166215432741
2025-12-20,wk inc flu hosp,2,2026-01-10,08,quantile,0.75,1304.1652485478114
2025-12-20,wk inc flu hosp,2,2026-01-10,08,quantile,0.8,1460.8828403943528
2025-12-20,wk inc flu hosp,2,2026-01-10,08,quantile,0.85,1647.0893415868838
2025-12-20,wk inc flu hosp,2,2026-01-10,08,quantile,0.9,1996.0852066286238
2025-12-20,wk inc flu hosp,2,2026-01-10,08,quantile,0.95,2651.7230196052974
2025-12-20,wk inc flu hosp,2,2026-01-10,08,quantile,0.975,2779.219227565029
2025-12-20,wk inc flu hosp,2,2026-01-10,08,quantile,0.99,2875.1567087887115
2025-12-20,wk inc flu hosp,2,2026-01-10,09,quantile,0.01,77.62095747735154
2025-12-20,wk inc flu hosp,2,2026-01-10,09,quantile,0.025,87.91960254704618
2025-12-20,wk inc flu hosp,2,2026-01-10,09,quantile,0.05,114.3707570387213
2025-12-20,wk inc flu hosp,2,2026-01-10,09,quantile,0.1,149.09213096894447
2025-12-20,wk inc flu hosp,2,2026-01-10,09,quantile,0.15,172.4075756805845
2025-12-20,wk inc flu hosp,2,2026-01-10,09,quantile,0.2,194.289702101436
2025-12-20,wk inc flu hosp,2,2026-01-10,09,quantile,0.25,218.1685900476187
2025-12-20,wk inc flu hosp,2,2026-01-10,09,quantile,0.3,244.8774864779317
2025-12-20,wk inc flu hosp,2,2026-01-10,09,quantile,0.35,275.3112982418099
2025-12-20,wk inc flu hosp,2,2026-01-10,09,quantile,0.4,304.2104072794025
2025-12-20,wk inc flu hosp,2,2026-01-10,09,quantile,0.45,331.5125307331542
2025-12-20,wk inc flu hosp,2,2026-01-10,09,quantile,0.5,378.2832378806675
2025-12-20,wk inc flu hosp,2,2026-01-10,09,quantile,0.55,450.17646162177783
2025-12-20,wk inc flu hosp,2,2026-01-10,09,quantile,0.6,572.7470937962144
2025-12-20,wk inc flu hosp,2,2026-01-10,09,quantile,0.65,700.4811419416202
2025-12-20,wk inc flu hosp,2,2026-01-10,09,quantile,0.7,873.0384993469271
2025-12-20,wk inc flu hosp,2,2026-01-10,09,quantile,0.75,984.6522213475957
2025-12-20,wk inc flu hosp,2,2026-01-10,09,quantile,0.8,1197.959042860881
2025-12-20,wk inc flu hosp,2,2026-01-10,09,quantile,0.85,1492.3969176629712
2025-12-20,wk inc flu hosp,2,2026-01-10,09,quantile,0.9,1760.4444799850019
2025-12-20,wk inc flu hosp,2,2026-01-10,09,quantile,0.95,2822.092374110196
2025-12-20,wk inc flu hosp,2,2026-01-10,09,quantile,0.975,2989.9814178743086
2025-12-20,wk inc flu hosp,2,2026-01-10,09,quantile,0.99,3067.6712844985154
2025-12-20,wk inc flu hosp,2,2026-01-10,10,quantile,0.01,7.467247634975782
2025-12-20,wk inc flu hosp,2,2026-01-10,10,quantile,0.025,14.583809699638284
2025-12-20,wk inc flu hosp,2,2026-01-10,10,quantile,0.05,18.586597839090047
2025-12-20,wk inc flu hosp,2,2026-01-10,10,quantile,0.1,26.330994201942442
2025-12-20,wk inc flu hosp,2,2026-01-10,10,quantile,0.15,33.71710765829757
2025-12-20,wk inc flu hosp,2,2026-01-10,10,quantile,0.2,43.476766717249134
2025-12-20,wk inc flu hosp,2,2026-01-10,10,quantile,0.25,55.20346108332948
2025-12-20,wk inc flu hosp,2,2026-01-10,10,quantile,0.3,65.06038977785695
2025-12-20,wk inc flu hosp,2,2026-01-10,10,quantile,0.35,77.61480424420417
2025-12-20,wk inc flu hosp,2,2026-01-10,10,quantile,0.4,91.24543276416448
2025-12-20,wk inc flu hosp,2,2026-01-10,10,quantile,0.45,104.3523541733222
2025-12-20,wk inc flu hosp,2,2026-01-10,10,quantile,0.5,121.746953357069
2025-12-20,wk inc flu hosp,2,2026-01-10,10,quantile,0.55,143.07653546846026
2025-12-20,wk inc flu hosp,2,2026-01-10,10,quantile,0.6,172.13500778357127
2025-12-20,wk inc flu hosp,2,2026-01-10,10,quantile,0.65,194.67445422675064
2025-12-20,wk inc flu hosp,2,2026-01-10,10,quantile,0.7,216.34563407677692
2025-12-20,wk inc flu hosp,2,2026-01-10,10,quantile,0.75,242.24892906584034
2025-12-20,wk inc flu hosp,2,2026-01-10,10,quantile,0.8,303.41031267732984
2025-12-20,wk inc flu hosp,2,2026-01-10,10,quantile,0.85,336.7023486848468
2025-12-20,wk inc flu hosp,2,2026-01-10,10,quantile,0.9,393.9378006573164
2025-12-20,wk inc flu hosp,2,2026-01-10,10,quantile,0.95,438.7061168554025
2025-12-20,wk inc flu hosp,2,2026-01-10,10,quantile,0.975,451.70220244058606
2025-12-20,wk inc flu hosp,2,2026-01-10,10,quantile,0.99,459.10363895953225
2025-12-20,wk inc flu hosp,2,2026-01-10,11,quantile,0.01,1.921651149212692
2025-12-20,wk inc flu hosp,2,2026-01-10,11,quantile,0.025,2.2815088057336577
2025-12-20,wk inc flu hosp,2,2026-01-10,11,quantile,0.05,3.6072027919616136
2025-12-20,wk inc flu hosp,2,2026-01-10,11,quantile,0.1,6.815691032539394
2025-12-20,wk inc flu hosp,2,2026-01-10,11,quantile,0.15,10.667658220435275
2025-12-20,wk inc flu hosp,2,2026-01-10,11,quantile,0.2,13.76337086285921
2025-12-20,wk inc flu hosp,2,2026-01-10,11,quantile,0.25,18.98184926845992
2025-12-20,wk inc flu hosp,2,2026-01-10,11,quantile,0.3,24.63871590121093
2025-12-20,wk inc flu hosp,2,2026-01-10,11,quantile,0.35,29.463814585612045
2025-12-20,wk inc flu hosp,2,2026-01-10,11,quantile,0.4,31.51396633014774
2025-12-20,wk inc flu hosp,2,2026-01-10,11,quantile,0.45,33.10365579385976
2025-12-20,wk inc flu hosp,2,2026-01-10,11,quantile,0.5,34.61607579572075
2025-12-20,wk inc flu hosp,2,2026-01-10,11,quantile,0.55,36.254370451641876
2025-12-20,wk inc flu hosp,2,2026-01-10,11,quantile,0.6,38.465755351276904
2025-12-20,wk inc flu hosp,2,2026-01-10,11,quantile,0.65,41.36969259668546
2025-12-20,wk inc flu hosp,2,2026-01-10,11,quantile,0.7,47.26878343361943
2025-12-20,wk inc flu hosp,2,2026-01-10,11,quantile,0.75,60.15983890165384
2025-12-20,wk inc flu hosp,2,2026-01-10,11,quantile,0.8,70.60781949888386
2025-12-20,wk inc flu hosp,2,2026-01-10,11,quantile,0.85,70.95793633266166
2025-12-20,wk inc flu hosp,2,2026-01-10,11,quantile,0.9,78.5975711780619
2025-12-20,wk inc flu hosp,2,2026-01-10,11,quantile,0.95,128.77105791596355
2025-12-20,wk inc flu hosp,2,2026-01-10,11,quantile,0.975,143.94959827365335
2025-12-20,wk inc flu hosp,2,2026-01-10,11,quantile,0.99,144.19059440175957
2025-12-20,wk inc flu hosp,2,2026-01-10,12,quantile,0.01,443.7067264121842
2025-12-20,wk inc flu hosp,2,2026-01-10,12,quantile,0.025,649.9144585184874
2025-12-20,wk inc flu hosp,2,2026-01-10,12,quantile,0.05,785.7196420947527
2025-12-20,wk inc flu hosp,2,2026-01-10,12,quantile,0.1,971.0697796982065
2025-12-20,wk inc flu hosp,2,2026-01-10,12,quantile,0.15,1156.7018071394662
2025-12-20,wk inc flu hosp,2,2026-01-10,12,quantile,0.2,1330.2196518564458
2025-12-20,wk inc flu hosp,2,2026-01-10,12,quantile,0.25,1489.157941051341
2025-12-20,wk inc flu hosp,2,2026-01-10,12,quantile,0.3,1672.0820996088341
2025-12-20,wk inc flu hosp,2,2026-01-10,12,quantile,0.35,1775.9231999708625
2025-12-20,wk inc flu hosp,2,2026-01-10,12,quantile,0.4,1947.6187087946098
2025-12-20,wk inc flu hosp,2,2026-01-10,12,quantile,0.45,2219.211536113002
2025-12-20,wk inc flu hosp,2,2026-01-10,12,quantile,0.5,2598.6956097849175
2025-12-20,wk inc flu hosp,2,2026-01-10,12,quantile,0.55,2999.957814905185
2025-12-20,wk inc flu hosp,2,2026-01-10,12,quantile,0.6,3405.3343598131923
2025-12-20,wk inc flu hosp,2,2026-01-10,12,quantile,0.65,3834.123647506332
2025-12-20,wk inc flu hosp,2,2026-01-10,12,quantile,0.7,4495.259472437782
2025-12-20,wk inc flu hosp,2,2026-01-10,12,quantile,0.75,4881.118409589864
2025-12-20,wk inc flu hosp,2,2026-01-10,12,quantile,0.8,5638.836192602549
2025-12-20,wk inc flu hosp,2,2026-01-10,12,quantile,0.85,6339.16436375671
2025-12-20,wk inc flu hosp,2,2026-01-10,12,quantile,0.9,7101.183293553337
2025-12-20,wk inc flu hosp,2,2026-01-10,12,quantile,0.95,7934.363131813219
2025-12-20,wk inc flu hosp,2,2026-01-10,12,quantile,0.975,8433.962004545114
2025-12-20,wk inc flu hosp,2,2026-01-10,12,quantile,0.99,8818.100330466834
2025-12-20,wk inc flu hosp,2,2026-01-10,13,quantile,0.01,108.45400635322194
2025-12-20,wk inc flu hosp,2,2026-01-10,13,quantile,0.025,126.6247377687205
2025-12-20,wk inc flu hosp,2,2026-01-10,13,quantile,0.05,186.83620746642316
2025-12-20,wk inc flu hosp,2,2026-01-10,13,quantile,0.1,272.52456312732113
2025-12-20,wk inc flu hosp,2,2026-01-10,13,quantile,0.15,349.6291497809291
2025-12-20,wk inc flu hosp,2,2026-01-10,13,quantile,0.2,405.89724118886386
2025-12-20,wk inc flu hosp,2,2026-01-10,13,quantile,0.25,483.7149412908583
2025-12-20,wk inc flu hosp,2,2026-01-10,13,quantile,0.3,529.7068222322679
2025-12-20,wk inc flu hosp,2,2026-01-10,13,quantile,0.35,577.6237637806759
2025-12-20,wk inc flu hosp,2,2026-01-10,13,quantile,0.4,660.2610302461874
2025-12-20,wk inc flu hosp,2,2026-01-10,13,quantile,0.45,737.0060997583955
2025-12-20,wk inc flu hosp,2,2026-01-10,13,quantile,0.5,815.1258393803724
2025-12-20,wk inc flu hosp,2,2026-01-10,13,quantile,0.55,889.7307677251747
2025-12-20,wk inc flu hosp,2,2026-01-10,13,quantile,0.6,956.2135667112829
2025-12-20,wk inc flu hosp,2,2026-01-10,13,quantile,0.65,1052.3114952840765
2025-12-20,wk inc flu hosp,2,2026-01-10,13,quantile,0.7,1116.206227811637
2025-12-20,wk inc flu hosp,2,2026-01-10,13,quantile,0.75,1153.4695646078053
2025-12-20,wk inc flu hosp,2,2026-01-10,13,quantile,0.8,1237.666996491531
2025-12-20,wk inc flu hosp,2,2026-01-10,13,quantile,0.85,1404.0614529598017
2025-12-20,wk inc flu hosp,2,2026-01-10,13,quantile,0.9,1567.7134520884931
2025-12-20,wk inc flu hosp,2,2026-01-10,13,quantile,0.95,1701.047753706408
2025-12-20,wk inc flu hosp,2,2026-01-10,13,quantile,0.975,1905.748444092375
2025-12-20,wk inc flu hosp,2,2026-01-10,13,quantile,0.99,1995.463339496078
2025-12-20,wk inc flu hosp,2,2026-01-10,15,quantile,0.01,10.694455556256768
2025-12-20,wk inc flu hosp,2,2026-01-10,15,quantile,0.025,17.758617567819815
2025-12-20,wk inc flu hosp,2,2026-01-10,15,quantile,0.05,28.074827996085574
2025-12-20,wk inc flu hosp,2,2026-01-10,15,quantile,0.1,39.102114648147605
2025-12-20,wk inc flu hosp,2,2026-01-10,15,quantile,0.15,43.01111844664222
2025-12-20,wk inc flu hosp,2,2026-01-10,15,quantile,0.2,49.46826884362588
2025-12-20,wk inc flu hosp,2,2026-01-10,15,quantile,0.25,55.5515196500765
2025-12-20,wk inc flu hosp,2,2026-01-10,15,quantile,0.3,61.02376404725603
2025-12-20,wk inc flu hosp,2,2026-01-10,15,quantile,0.35,67.95523559845819
2025-12-20,wk inc flu hosp,2,2026-01-10,15,quantile,0.4,75.37521441708694
2025-12-20,wk inc flu hosp,2,2026-01-10,15,quantile,0.45,84.07131657695408
2025-12-20,wk inc flu hosp,2,2026-01-10,15,quantile,0.5,90.94443071262968
2025-12-20,wk inc flu hosp,2,2026-01-10,15,quantile,0.55,99.72508269644963
2025-12-20,wk inc flu hosp,2,2026-01-10,15,quantile,0.6,107.99610499476584
2025-12-20,wk inc flu hosp,2,2026-01-10,15,quantile,0.65,118.1594872511096
2025-12-20,wk inc flu hosp,2,2026-01-10,15,quantile,0.7,138.2008909280008
2025-12-20,wk inc flu hosp,2,2026-01-10,15,quantile,0.75,143.91403013230038
2025-12-20,wk inc flu hosp,2,2026-01-10,15,quantile,0.8,161.8902307970626
2025-12-20,wk inc flu hosp,2,2026-01-10,15,quantile,0.85,186.6525590911984
2025-12-20,wk inc flu hosp,2,2026-01-10,15,quantile,0.9,214.32546142589922
2025-12-20,wk inc flu hosp,2,2026-01-10,15,quantile,0.95,298.13095932399006
2025-12-20,wk inc flu hosp,2,2026-01-10,15,quantile,0.975,353.144371340197
2025-12-20,wk inc flu hosp,2,2026-01-10,15,quantile,0.99,389.8288789748983
2025-12-20,wk inc flu hosp,2,2026-01-10,16,quantile,0.01,14.676922760416833
2025-12-20,wk inc flu hosp,2,2026-01-10,16,quantile,0.025,19.25285482597198
2025-12-20,wk inc flu hosp,2,2026-01-10,16,quantile,0.05,26.788136213844755
2025-12-20,wk inc flu hosp,2,2026-01-10,16,quantile,0.1,39.86121476024413
2025-12-20,wk inc flu hosp,2,2026-01-10,16,quantile,0.15,50.73959517697043
2025-12-20,wk inc flu hosp,2,2026-01-10,16,quantile,0.2,57.44037748774485
2025-12-20,wk inc flu hosp,2,2026-01-10,16,quantile,0.25,64.82889087214981
2025-12-20,wk inc flu hosp,2,2026-01-10,16,quantile,0.3,72.91932908915223
2025-12-20,wk inc flu hosp,2,2026-01-10,16,quantile,0.35,82.64118770170093
2025-12-20,wk inc flu hosp,2,2026-01-10,16,quantile,0.4,91.61450630852441
2025-12-20,wk inc flu hosp,2,2026-01-10,16,quantile,0.45,103.78643883478124
2025-12-20,wk inc flu hosp,2,2026-01-10,16,quantile,0.5,120.96077428820314
2025-12-20,wk inc flu hosp,2,2026-01-10,16,quantile,0.55,131.23396424311719
2025-12-20,wk inc flu hosp,2,2026-01-10,16,quantile,0.6,147.55459987255773
2025-12-20,wk inc flu hosp,2,2026-01-10,16,quantile,0.65,161.00918683676636
2025-12-20,wk inc flu hosp,2,2026-01-10,16,quantile,0.7,179.6915691256333
2025-12-20,wk inc flu hosp,2,2026-01-10,16,quantile,0.75,193.94466644776563
2025-12-20,wk inc flu hosp,2,2026-01-10,16,quantile,0.8,222.70817909196873
2025-12-20,wk inc flu hosp,2,2026-01-10,16,quantile,0.85,250.48716030370096
2025-12-20,wk inc flu hosp,2,2026-01-10,16,quantile,0.9,292.4938068114817
2025-12-20,wk inc flu hosp,2,2026-01-10,16,quantile,0.95,341.9994316942704
2025-12-20,wk inc flu hosp,2,2026-01-10,16,quantile,0.975,353.1407406200256
2025-12-20,wk inc flu hosp,2,2026-01-10,16,quantile,0.99,399.24532855884047
2025-12-20,wk inc flu hosp,2,2026-01-10,17,quantile,0.01,59.05194249775631
2025-12-20,wk inc flu hosp,2,2026-01-10,17,quantile,0.025,158.220605218599
2025-12-20,wk inc flu hosp,2,2026-01-10,17,quantile,0.05,223.86333834891593
2025-12-20,wk inc flu hosp,2,2026-01-10,17,quantile,0.1,277.329955485545
2025-12-20,wk inc flu hosp,2,2026-01-10,17,quantile,0.15,310.7422433334797
2025-12-20,wk inc flu hosp,2,2026-01-10,17,quantile,0.2,349.3637993831014
2025-12-20,wk inc flu hosp,2,2026-01-10,17,quantile,0.25,402.1253167563422
2025-12-20,wk inc flu hosp,2,2026-01-10,17,quantile,0.3,442.00276717875994
2025-12-20,wk inc flu hosp,2,2026-01-10,17,quantile,0.35,471.09134306273484
2025-12-20,wk inc flu hosp,2,2026-01-10,17,quantile,0.4,521.8872312847241
2025-12-20,wk inc flu hosp,2,2026-01-10,17,quantile,0.45,584.1654704743072
2025-12-20,wk inc flu hosp,2,2026-01-10,17,quantile,0.5,681.1756225406939
2025-12-20,wk inc flu hosp,2,2026-01-10,17,quantile,0.55,805.6166988799822
2025-12-20,wk inc flu hosp,2,2026-01-10,17,quantile,0.6,905.8304766565711
2025-12-20,wk inc flu hosp,2,2026-01-10,17,quantile,0.65,1074.8424621714335
2025-12-20,wk inc flu hosp,2,2026-01-10,17,quantile,0.7,1283.8326032689758
2025-12-20,wk inc flu hosp,2,2026-01-10,17,quantile,0.75,1467.1116495577792
2025-12-20,wk inc flu hosp,2,2026-01-10,17,quantile,0.8,1630.0993827743869
2025-12-20,wk inc flu hosp,2,2026-01-10,17,quantile,0.85,1883.8844226789117
2025-12-20,wk inc flu hosp,2,2026-01-10,17,quantile,0.9,2163.273728687835
2025-12-20,wk inc flu hosp,2,2026-01-10,17,quantile,0.95,2831.969881505773
2025-12-20,wk inc flu hosp,2,2026-01-10,17,quantile,0.975,3498.8768634185126
2025-12-20,wk inc flu hosp,2,2026-01-10,17,quantile,0.99,3731.179576405484
2025-12-20,wk inc flu hosp,2,2026-01-10,18,quantile,0.01,64.8155155981053
2025-12-20,wk inc flu hosp,2,2026-01-10,18,quantile,0.025,66.14193572812329
2025-12-20,wk inc flu hosp,2,2026-01-10,18,quantile,0.05,79.20144232008504
2025-12-20,wk inc flu hosp,2,2026-01-10,18,quantile,0.1,109.85498590804674
2025-12-20,wk inc flu hosp,2,2026-01-10,18,quantile,0.15,174.21524938009617
2025-12-20,wk inc flu hosp,2,2026-01-10,18,quantile,0.2,248.20190000644368
2025-12-20,wk inc flu hosp,2,2026-01-10,18,quantile,0.25,302.1241147782001
2025-12-20,wk inc flu hosp,2,2026-01-10,18,quantile,0.3,359.4056724913316
2025-12-20,wk inc flu hosp,2,2026-01-10,18,quantile,0.35,410.097162178933
2025-12-20,wk inc flu hosp,2,2026-01-10,18,quantile,0.4,454.9053301874397
2025-12-20,wk inc flu hosp,2,2026-01-10,18,quantile,0.45,495.0574126189823
2025-12-20,wk inc flu hosp,2,2026-01-10,18,quantile,0.5,520.3478057880557
2025-12-20,wk inc flu hosp,2,2026-01-10,18,quantile,0.55,559.541438931259
2025-12-20,wk inc flu hosp,2,2026-01-10,18,quantile,0.6,606.0778221607703
2025-12-20,wk inc flu hosp,2,2026-01-10,18,quantile,0.65,650.0220930641208
2025-12-20,wk inc flu hosp,2,2026-01-10,18,quantile,0.7,712.4406611473235
2025-12-20,wk inc flu hosp,2,2026-01-10,18,quantile,0.75,819.8485841043238
2025-12-20,wk inc flu hosp,2,2026-01-10,18,quantile,0.8,1013.3580292666107
2025-12-20,wk inc flu hosp,2,2026-01-10,18,quantile,0.85,1142.671744782476
2025-12-20,wk inc flu hosp,2,2026-01-10,18,quantile,0.9,1404.5411179284308
2025-12-20,wk inc flu hosp,2,2026-01-10,18,quantile,0.95,1615.2150647349729
2025-12-20,wk inc flu hosp,2,2026-01-10,18,quantile,0.975,1866.6520026054743
2025-12-20,wk inc flu hosp,2,2026-01-10,18,quantile,0.99,1893.01081689953
2025-12-20,wk inc flu hosp,2,2026-01-10,19,quantile,0.01,10.964960228771192
2025-12-20,wk inc flu hosp,2,2026-01-10,19,quantile,0.025,21.323714617937863
2025-12-20,wk inc flu hosp,2,2026-01-10,19,quantile,0.05,35.599238241703944
2025-12-20,wk inc flu hosp,2,2026-01-10,19,quantile,0.1,44.34153784521868
2025-12-20,wk inc flu hosp,2,2026-01-10,19,quantile,0.15,53.341288595616376
2025-12-20,wk inc flu hosp,2,2026-01-10,19,quantile,0.2,72.25779136692056
2025-12-20,wk inc flu hosp,2,2026-01-10,19,quantile,0.25,88.65638167148776
2025-12-20,wk inc flu hosp,2,2026-01-10,19,quantile,0.3,109.82618720031242
2025-12-20,wk inc flu hosp,2,2026-01-10,19,quantile,0.35,127.50197844706021
2025-12-20,wk inc flu hosp,2,2026-01-10,19,quantile,0.4,144.19723152448464
2025-12-20,wk inc flu hosp,2,2026-01-10,19,quantile,0.45,160.34564928708932
2025-12-20,wk inc flu hosp,2,2026-01-10,19,quantile,0.5,181.09825045448787
2025-12-20,wk inc flu hosp,2,2026-01-10,19,quantile,0.55,207.67062104760026
2025-12-20,wk inc flu hosp,2,2026-01-10,19,quantile,0.6,237.2972543722808
2025-12-20,wk inc flu hosp,2,2026-01-10,19,quantile,0.65,264.7985990848765
2025-12-20,wk inc flu hosp,2,2026-01-10,19,quantile,0.7,308.0014972169031
2025-12-20,wk inc flu hosp,2,2026-01-10,19,quantile,0.75,380.23056852332303
2025-12-20,wk inc flu hosp,2,2026-01-10,19,quantile,0.8,438.6457072708433
2025-12-20,wk inc flu hosp,2,2026-01-10,19,quantile,0.85,562.1773515856449
2025-12-20,wk inc flu hosp,2,2026-01-10,19,quantile,0.9,741.7285885805373
2025-12-20,wk inc flu hosp,2,2026-01-10,19,quantile,0.95,888.0867773283032
2025-12-20,wk inc flu hosp,2,2026-01-10,19,quantile,0.975,919.3337632034948
2025-12-20,wk inc flu hosp,2,2026-01-10,19,quantile,0.99,925.6262560076539
2025-12-20,wk inc flu hosp,2,2026-01-10,20,quantile,0.01,12.47431075384261
2025-12-20,wk inc flu hosp,2,2026-01-10,20,quantile,0.025,21.70507687459706
2025-12-20,wk inc flu hosp,2,2026-01-10,20,quantile,0.05,25.073665844928932
2025-12-20,wk inc flu hosp,2,2026-01-10,20,quantile,0.1,33.472538435763184
2025-12-20,wk inc flu hosp,2,2026-01-10,20,quantile,0.15,44.21885932582184
2025-12-20,wk inc flu hosp,2,2026-01-10,20,quantile,0.2,52.33676046081318
2025-12-20,wk inc flu hosp,2,2026-01-10,20,quantile,0.25,62.93205031239059
2025-12-20,wk inc flu hosp,2,2026-01-10,20,quantile,0.3,74.96454376703572
2025-12-20,wk inc flu hosp,2,2026-01-10,20,quantile,0.35,85.11349696112302
2025-12-20,wk inc flu hosp,2,2026-01-10,20,quantile,0.4,93.46886608530193
2025-12-20,wk inc flu hosp,2,2026-01-10,20,quantile,0.45,103.0910579132595
2025-12-20,wk inc flu hosp,2,2026-01-10,20,quantile,0.5,116.47328034714788
2025-12-20,wk inc flu hosp,2,2026-01-10,20,quantile,0.55,133.42095747784484
2025-12-20,wk inc flu hosp,2,2026-01-10,20,quantile,0.6,151.47797810043247
2025-12-20,wk inc flu hosp,2,2026-01-10,20,quantile,0.65,175.34366472039173
2025-12-20,wk inc flu hosp,2,2026-01-10,20,quantile,0.7,195.58046984642175
2025-12-20,wk inc flu hosp,2,2026-01-10,20,quantile,0.75,223.67223836586652
2025-12-20,wk inc flu hosp,2,2026-01-10,20,quantile,0.8,254.70959154548922
2025-12-20,wk inc flu hosp,2,2026-01-10,20,quantile,0.85,343.77050741546054
2025-12-20,wk inc flu hosp,2,2026-01-10,20,quantile,0.9,389.0457870468085
2025-12-20,wk inc flu hosp,2,2026-01-10,20,quantile,0.95,475.93643225505394
2025-12-20,wk inc flu hosp,2,2026-01-10,20,quantile,0.975,498.89989254028137
2025-12-20,wk inc flu hosp,2,2026-01-10,20,quantile,0.99,520.4690339769297
2025-12-20,wk inc flu hosp,2,2026-01-10,21,quantile,0.01,40.459421127423916
2025-12-20,wk inc flu hosp,2,2026-01-10,21,quantile,0.025,50.4737594369247
2025-12-20,wk inc flu hosp,2,2026-01-10,21,quantile,0.05,65.38096655374798
2025-12-20,wk inc flu hosp,2,2026-01-10,21,quantile,0.1,90.26944389965074
2025-12-20,wk inc flu hosp,2,2026-01-10,21,quantile,0.15,127.69140896607095
2025-12-20,wk inc flu hosp,2,2026-01-10,21,quantile,0.2,169.55937023745503
2025-12-20,wk inc flu hosp,2,2026-01-10,21,quantile,0.25,203.3497792524212
2025-12-20,wk inc flu hosp,2,2026-01-10,21,quantile,0.3,235.27539178464966
2025-12-20,wk inc flu hosp,2,2026-01-10,21,quantile,0.35,263.04622097435777
2025-12-20,wk inc flu hosp,2,2026-01-10,21,quantile,0.4,290.57834305674453
2025-12-20,wk inc flu hosp,2,2026-01-10,21,quantile,0.45,309.89334672327493
2025-12-20,wk inc flu hosp,2,2026-01-10,21,quantile,0.5,332.6994001664842
2025-12-20,wk inc flu hosp,2,2026-01-10,21,quantile,0.55,359.14507506895
2025-12-20,wk inc flu hosp,2,2026-01-10,21,quantile,0.6,403.65539906134296
2025-12-20,wk inc flu hosp,2,2026-01-10,21,quantile,0.65,443.7163825065733
2025-12-20,wk inc flu hosp,2,2026-01-10,21,quantile,0.7,533.242446355902
2025-12-20,wk inc flu hosp,2,2026-01-10,21,quantile,0.75,679.0446621803621
2025-12-20,wk inc flu hosp,2,2026-01-10,21,quantile,0.8,873.2542880423628
2025-12-20,wk inc flu hosp,2,2026-01-10,21,quantile,0.85,1020.1639999419542
2025-12-20,wk inc flu hosp,2,2026-01-10,21,quantile,0.9,1254.0299459843573
2025-12-20,wk inc flu hosp,2,2026-01-10,21,quantile,0.95,1283.1039090477786
2025-12-20,wk inc flu hosp,2,2026-01-10,21,quantile,0.975,1286.6862424109238
2025-12-20,wk inc flu hosp,2,2026-01-10,21,quantile,0.99,1287.8060123142018
2025-12-20,wk inc flu hosp,2,2026-01-10,22,quantile,0.01,97.29575129389305
2025-12-20,wk inc flu hosp,2,2026-01-10,22,quantile,0.025,119.47883374267764
2025-12-20,wk inc flu hosp,2,2026-01-10,22,quantile,0.05,143.5624060281151
2025-12-20,wk inc flu hosp,2,2026-01-10,22,quantile,0.1,175.60387390790342
2025-12-20,wk inc flu hosp,2,2026-01-10,22,quantile,0.15,197.96216740472443
2025-12-20,wk inc flu hosp,2,2026-01-10,22,quantile,0.2,222.67957978302354
2025-12-20,wk inc flu hosp,2,2026-01-10,22,quantile,0.25,251.22424937695263
2025-12-20,wk inc flu hosp,2,2026-01-10,22,quantile,0.3,284.8209138698134
2025-12-20,wk inc flu hosp,2,2026-01-10,22,quantile,0.35,319.15940380089614
2025-12-20,wk inc flu hosp,2,2026-01-10,22,quantile,0.4,351.0981270273661
2025-12-20,wk inc flu hosp,2,2026-01-10,22,quantile,0.45,408.9850895947771
2025-12-20,wk inc flu hosp,2,2026-01-10,22,quantile,0.5,496.2918488138665
2025-12-20,wk inc flu hosp,2,2026-01-10,22,quantile,0.55,614.1535921538159
2025-12-20,wk inc flu hosp,2,2026-01-10,22,quantile,0.6,777.8026256947784
2025-12-20,wk inc flu hosp,2,2026-01-10,22,quantile,0.65,845.6881878476739
2025-12-20,wk inc flu hosp,2,2026-01-10,22,quantile,0.7,947.8118140350746
2025-12-20,wk inc flu hosp,2,2026-01-10,22,quantile,0.75,966.5906114447107
2025-12-20,wk inc flu hosp,2,2026-01-10,22,quantile,0.8,1086.0581217849988
2025-12-20,wk inc flu hosp,2,2026-01-10,22,quantile,0.85,1197.0881859035144
2025-12-20,wk inc flu hosp,2,2026-01-10,22,quantile,0.9,1353.9107227170316
2025-12-20,wk inc flu hosp,2,2026-01-10,22,quantile,0.95,1536.5961682150948
2025-12-20,wk inc flu hosp,2,2026-01-10,22,quantile,0.975,1723.6810747275629
2025-12-20,wk inc flu hosp,2,2026-01-10,22,quantile,0.99,1939.6890607361645
2025-12-20,wk inc flu hosp,2,2026-01-10,23,quantile,0.01,16.38722331336513
2025-12-20,wk inc flu hosp,2,2026-01-10,23,quantile,0.025,21.191750079079466
2025-12-20,wk inc flu hosp,2,2026-01-10,23,quantile,0.05,23.297806560834314
2025-12-20,wk inc flu hosp,2,2026-01-10,23,quantile,0.1,30.022241995174888
2025-12-20,wk inc flu hosp,2,2026-01-10,23,quantile,0.15,36.485442012745
2025-12-20,wk inc flu hosp,2,2026-01-10,23,quantile,0.2,43.506241252950765
2025-12-20,wk inc flu hosp,2,2026-01-10,23,quantile,0.25,51.404139888768974
2025-12-20,wk inc flu hosp,2,2026-01-10,23,quantile,0.3,58.597328885791455
2025-12-20,wk inc flu hosp,2,2026-01-10,23,quantile,0.35,65.79717223703793
2025-12-20,wk inc flu hosp,2,2026-01-10,23,quantile,0.4,76.18691147051103
2025-12-20,wk inc flu hosp,2,2026-01-10,23,quantile,0.45,89.37405534636699
2025-12-20,wk inc flu hosp,2,2026-01-10,23,quantile,0.5,105.92513482848297
2025-12-20,wk inc flu hosp,2,2026-01-10,23,quantile,0.55,119.96894244306426
2025-12-20,wk inc flu hosp,2,2026-01-10,23,quantile,0.6,132.2116274020747
2025-12-20,wk inc flu hosp,2,2026-01-10,23,quantile,0.65,165.9717359407404
2025-12-20,wk inc flu hosp,2,2026-01-10,23,quantile,0.7,212.84156279096018
2025-12-20,wk inc flu hosp,2,2026-01-10,23,quantile,0.75,260.37211623382836
2025-12-20,wk inc flu hosp,2,2026-01-10,23,quantile,0.8,308.8048790741471
2025-12-20,wk inc flu hosp,2,2026-01-10,23,quantile,0.85,376.6445548312011
2025-12-20,wk inc flu hosp,2,2026-01-10,23,quantile,0.9,429.7091135259121
2025-12-20,wk inc flu hosp,2,2026-01-10,23,quantile,0.95,432.7809334469794
2025-12-20,wk inc flu hosp,2,2026-01-10,23,quantile,0.975,503.16388534709256
2025-12-20,wk inc flu hosp,2,2026-01-10,23,quantile,0.99,535.6166192101207
2025-12-20,wk inc flu hosp,2,2026-01-10,24,quantile,0.01,56.40012151416574
2025-12-20,wk inc flu hosp,2,2026-01-10,24,quantile,0.025,77.08188643169508
2025-12-20,wk inc flu hosp,2,2026-01-10,24,quantile,0.05,129.65478247837976
2025-12-20,wk inc flu hosp,2,2026-01-10,24,quantile,0.1,193.43725763804912
2025-12-20,wk inc flu hosp,2,2026-01-10,24,quantile,0.15,238.74279947056158
2025-12-20,wk inc flu hosp,2,2026-01-10,24,quantile,0.2,282.2352461562763
2025-12-20,wk inc flu hosp,2,2026-01-10,24,quantile,0.25,324.8288186593055
2025-12-20,wk inc flu hosp,2,2026-01-10,24,quantile,0.3,367.3039305039863
2025-12-20,wk inc flu hosp,2,2026-01-10,24,quantile,0.35,417.3894371375308
2025-12-20,wk inc flu hosp,2,2026-01-10,24,quantile,0.4,476.90899181938573
2025-12-20,wk inc flu hosp,2,2026-01-10,24,quantile,0.45,532.602462447762
2025-12-20,wk inc flu hosp,2,2026-01-10,24,quantile,0.5,603.3282653261787
2025-12-20,wk inc flu hosp,2,2026-01-10,24,quantile,0.55,699.8166804788412
2025-12-20,wk inc flu hosp,2,2026-01-10,24,quantile,0.6,829.1405541781561
2025-12-20,wk inc flu hosp,2,2026-01-10,24,quantile,0.65,879.5255093208763
2025-12-20,wk inc flu hosp,2,2026-01-10,24,quantile,0.7,1154.8202285462742
2025-12-20,wk inc flu hosp,2,2026-01-10,24,quantile,0.75,1297.1858282941762
2025-12-20,wk inc flu hosp,2,2026-01-10,24,quantile,0.8,1369.4072113250488
2025-12-20,wk inc flu hosp,2,2026-01-10,24,quantile,0.85,1421.7972287499006
2025-12-20,wk inc flu hosp,2,2026-01-10,24,quantile,0.9,1614.7794405464508
2025-12-20,wk inc flu hosp,2,2026-01-10,24,quantile,0.95,1946.7369165575428
2025-12-20,wk inc flu hosp,2,2026-01-10,24,quantile,0.975,2364.222021354752
2025-12-20,wk inc flu hosp,2,2026-01-10,24,quantile,0.99,2501.0360323771943
2025-12-20,wk inc flu hosp,2,2026-01-10,25,quantile,0.01,143.84361985244539
2025-12-20,wk inc flu hosp,2,2026-01-10,25,quantile,0.025,170.73694865431096
2025-12-20,wk inc flu hosp,2,2026-01-10,25,quantile,0.05,197.0997813771619
2025-12-20,wk inc flu hosp,2,2026-01-10,25,quantile,0.1,249.09848553056727
2025-12-20,wk inc flu hosp,2,2026-01-10,25,quantile,0.15,296.48163413305036
2025-12-20,wk inc flu hosp,2,2026-01-10,25,quantile,0.2,341.76804047619356
2025-12-20,wk inc flu hosp,2,2026-01-10,25,quantile,0.25,391.49513307349736
2025-12-20,wk inc flu hosp,2,2026-01-10,25,quantile,0.3,445.41110832480047
2025-12-20,wk inc flu hosp,2,2026-01-10,25,quantile,0.35,505.94908835022807
2025-12-20,wk inc flu hosp,2,2026-01-10,25,quantile,0.4,555.1870473827632
2025-12-20,wk inc flu hosp,2,2026-01-10,25,quantile,0.45,616.0657836105115
2025-12-20,wk inc flu hosp,2,2026-01-10,25,quantile,0.5,696.8895609267573
2025-12-20,wk inc flu hosp,2,2026-01-10,25,quantile,0.55,795.9959129551986
2025-12-20,wk inc flu hosp,2,2026-01-10,25,quantile,0.6,997.8270043159673
2025-12-20,wk inc flu hosp,2,2026-01-10,25,quantile,0.65,1172.7702975026725
2025-12-20,wk inc flu hosp,2,2026-01-10,25,quantile,0.7,1569.5398971673503
2025-12-20,wk inc flu hosp,2,2026-01-10,25,quantile,0.75,2169.2305013745954
2025-12-20,wk inc flu hosp,2,2026-01-10,25,quantile,0.8,2313.9017649268626
2025-12-20,wk inc flu hosp,2,2026-01-10,25,quantile,0.85,2730.2850948807422
2025-12-20,wk inc flu hosp,2,2026-01-10,25,quantile,0.9,3156.274351963897
2025-12-20,wk inc flu hosp,2,2026-01-10,25,quantile,0.95,3305.9008055896247
2025-12-20,wk inc flu hosp,2,2026-01-10,25,quantile,0.975,3322.086650379873
2025-12-20,wk inc flu hosp,2,2026-01-10,25,quantile,0.99,3455.471329291984
2025-12-20,wk inc flu hosp,2,2026-01-10,26,quantile,0.01,74.0025312138763
2025-12-20,wk inc flu hosp,2,2026-01-10,26,quantile,0.025,104.5687629245908
2025-12-20,wk inc flu hosp,2,2026-01-10,26,quantile,0.05,179.16685492239137
2025-12-20,wk inc flu hosp,2,2026-01-10,26,quantile,0.1,253.2953416183512
2025-12-20,wk inc flu hosp,2,2026-01-10,26,quantile,0.15,325.9107034103694
2025-12-20,wk inc flu hosp,2,2026-01-10,26,quantile,0.2,398.4642855193237
2025-12-20,wk inc flu hosp,2,2026-01-10,26,quantile,0.25,462.9189949301734
2025-12-20,wk inc flu hosp,2,2026-01-10,26,quantile,0.3,520.1074372686525
2025-12-20,wk inc flu hosp,2,2026-01-10,26,quantile,0.35,566.5596106751892
2025-12-20,wk inc flu hosp,2,2026-01-10,26,quantile,0.4,598.410559849693
2025-12-20,wk inc flu hosp,2,2026-01-10,26,quantile,0.45,665.7875098787173
2025-12-20,wk inc flu hosp,2,2026-01-10,26,quantile,0.5,772.3537369816958
2025-12-20,wk inc flu hosp,2,2026-01-10,26,quantile,0.55,889.5823280214985
2025-12-20,wk inc flu hosp,2,2026-01-10,26,quantile,0.6,1026.969190843767
2025-12-20,wk inc flu hosp,2,2026-01-10,26,quantile,0.65,1126.7964548425985
2025-12-20,wk inc flu hosp,2,2026-01-10,26,quantile,0.7,1243.008071267159
2025-12-20,wk inc flu hosp,2,2026-01-10,26,quantile,0.75,1332.682681316446
2025-12-20,wk inc flu hosp,2,2026-01-10,26,quantile,0.8,1480.6714235331788
2025-12-20,wk inc flu hosp,2,2026-01-10,26,quantile,0.85,1591.4057801127487
2025-12-20,wk inc flu hosp,2,2026-01-10,26,quantile,0.9,1809.1530928172242
2025-12-20,wk inc flu hosp,2,2026-01-10,26,quantile,0.95,2306.019226055858
2025-12-20,wk inc flu hosp,2,2026-01-10,26,quantile,0.975,2504.2245712586464
2025-12-20,wk inc flu hosp,2,2026-01-10,26,quantile,0.99,2981.0559821988177
2025-12-20,wk inc flu hosp,2,2026-01-10,27,quantile,0.01,51.03036420254668
2025-12-20,wk inc flu hosp,2,2026-01-10,27,quantile,0.025,100.36827080338351
2025-12-20,wk inc flu hosp,2,2026-01-10,27,quantile,0.05,121.7889815968289
2025-12-20,wk inc flu hosp,2,2026-01-10,27,quantile,0.1,198.31695581098558
2025-12-20,wk inc flu hosp,2,2026-01-10,27,quantile,0.15,239.79653948913653
2025-12-20,wk inc flu hosp,2,2026-01-10,27,quantile,0.2,286.6115894000425
2025-12-20,wk inc flu hosp,2,2026-01-10,27,quantile,0.25,327.97444897436355
2025-12-20,wk inc flu hosp,2,2026-01-10,27,quantile,0.3,370.8344978909114
2025-12-20,wk inc flu hosp,2,2026-01-10,27,quantile,0.35,411.9538540459173
2025-12-20,wk inc flu hosp,2,2026-01-10,27,quantile,0.4,457.06872975673406
2025-12-20,wk inc flu hosp,2,2026-01-10,27,quantile,0.45,506.27161277718216
2025-12-20,wk inc flu hosp,2,2026-01-10,27,quantile,0.5,549.7786235240046
2025-12-20,wk inc flu hosp,2,2026-01-10,27,quantile,0.55,618.7945064890718
2025-12-20,wk inc flu hosp,2,2026-01-10,27,quantile,0.6,741.0719163409184
2025-12-20,wk inc flu hosp,2,2026-01-10,27,quantile,0.65,812.1647034080725
2025-12-20,wk inc flu hosp,2,2026-01-10,27,quantile,0.7,1082.6528554974686
2025-12-20,wk inc flu hosp,2,2026-01-10,27,quantile,0.75,1537.4348954043182
2025-12-20,wk inc flu hosp,2,2026-01-10,27,quantile,0.8,1818.6122580061244
2025-12-20,wk inc flu hosp,2,2026-01-10,27,quantile,0.85,2258.4812209035895
2025-12-20,wk inc flu hosp,2,2026-01-10,27,quantile,0.9,2497.1376775820177
2025-12-20,wk inc flu hosp,2,2026-01-10,27,quantile,0.95,2833.5045811006307
2025-12-20,wk inc flu hosp,2,2026-01-10,27,quantile,0.975,2952.997480696043
2025-12-20,wk inc flu hosp,2,2026-01-10,27,quantile,0.99,3030.1201592415646
2025-12-20,wk inc flu hosp,2,2026-01-10,28,quantile,0.01,43.856149118051874
2025-12-20,wk inc flu hosp,2,2026-01-10,28,quantile,0.025,46.72472601369143
2025-12-20,wk inc flu hosp,2,2026-01-10,28,quantile,0.05,59.564680431004646
2025-12-20,wk inc flu hosp,2,2026-01-10,28,quantile,0.1,82.63596232696143
2025-12-20,wk inc flu hosp,2,2026-01-10,28,quantile,0.15,98.83114838079929
2025-12-20,wk inc flu hosp,2,2026-01-10,28,quantile,0.2,107.93853516510076
2025-12-20,wk inc flu hosp,2,2026-01-10,28,quantile,0.25,119.41450343071098
2025-12-20,wk inc flu hosp,2,2026-01-10,28,quantile,0.3,131.01286195856343
2025-12-20,wk inc flu hosp,2,2026-01-10,28,quantile,0.35,147.12825312920398
2025-12-20,wk inc flu hosp,2,2026-01-10,28,quantile,0.4,159.7721023519158
2025-12-20,wk inc flu hosp,2,2026-01-10,28,quantile,0.45,171.8428836585296
2025-12-20,wk inc flu hosp,2,2026-01-10,28,quantile,0.5,188.91767915167944
2025-12-20,wk inc flu hosp,2,2026-01-10,28,quantile,0.55,208.18483803199152
2025-12-20,wk inc flu hosp,2,2026-01-10,28,quantile,0.6,232.83497365399367
2025-12-20,wk inc flu hosp,2,2026-01-10,28,quantile,0.65,254.05964696650386
2025-12-20,wk inc flu hosp,2,2026-01-10,28,quantile,0.7,271.37161584062517
2025-12-20,wk inc flu hosp,2,2026-01-10,28,quantile,0.75,282.796413261168
2025-12-20,wk inc flu hosp,2,2026-01-10,28,quantile,0.8,304.59496970072996
2025-12-20,wk inc flu hosp,2,2026-01-10,28,quantile,0.85,350.47064124380717
2025-12-20,wk inc flu hosp,2,2026-01-10,28,quantile,0.9,414.24289985426
2025-12-20,wk inc flu hosp,2,2026-01-10,28,quantile,0.95,513.6414066022054
2025-12-20,wk inc flu hosp,2,2026-01-10,28,quantile,0.975,527.4767419603812
2025-12-20,wk inc flu hosp,2,2026-01-10,28,quantile,0.99,595.3307146869731
2025-12-20,wk inc flu hosp,2,2026-01-10,29,quantile,0.01,37.76390853035138
2025-12-20,wk inc flu hosp,2,2026-01-10,29,quantile,0.025,53.70529952403869
2025-12-20,wk inc flu hosp,2,2026-01-10,29,quantile,0.05,78.67878166357652
2025-12-20,wk inc flu hosp,2,2026-01-10,29,quantile,0.1,109.0785885099507
2025-12-20,wk inc flu hosp,2,2026-01-10,29,quantile,0.15,134.54575344046194
2025-12-20,wk inc flu hosp,2,2026-01-10,29,quantile,0.2,159.04227027104395
2025-12-20,wk inc flu hosp,2,2026-01-10,29,quantile,0.25,188.83372940757982
2025-12-20,wk inc flu hosp,2,2026-01-10,29,quantile,0.3,213.65240974335404
2025-12-20,wk inc flu hosp,2,2026-01-10,29,quantile,0.35,234.8046608547252
2025-12-20,wk inc flu hosp,2,2026-01-10,29,quantile,0.4,257.5454140562668
2025-12-20,wk inc flu hosp,2,2026-01-10,29,quantile,0.45,281.7067105114354
2025-12-20,wk inc flu hosp,2,2026-01-10,29,quantile,0.5,306.59317079219767
2025-12-20,wk inc flu hosp,2,2026-01-10,29,quantile,0.55,327.8572635694561
2025-12-20,wk inc flu hosp,2,2026-01-10,29,quantile,0.6,354.5450801219458
2025-12-20,wk inc flu hosp,2,2026-01-10,29,quantile,0.65,398.27179373150005
2025-12-20,wk inc flu hosp,2,2026-01-10,29,quantile,0.7,460.1317511358417
2025-12-20,wk inc flu hosp,2,2026-01-10,29,quantile,0.75,541.7698590680798
2025-12-20,wk inc flu hosp,2,2026-01-10,29,quantile,0.8,616.2762016308097
2025-12-20,wk inc flu hosp,2,2026-01-10,29,quantile,0.85,695.0977967912337
2025-12-20,wk inc flu hosp,2,2026-01-10,29,quantile,0.9,784.7601177618269
2025-12-20,wk inc flu hosp,2,2026-01-10,29,quantile,0.95,1115.975839991756
2025-12-20,wk inc flu hosp,2,2026-01-10,29,quantile,0.975,1396.6432401718728
2025-12-20,wk inc flu hosp,2,2026-01-10,29,quantile,0.99,1414.133633502534
2025-12-20,wk inc flu hosp,2,2026-01-10,30,quantile,0.01,4.243739509886781
2025-12-20,wk inc flu hosp,2,2026-01-10,30,quantile,0.025,5.008568332878709
2025-12-20,wk inc flu hosp,2,2026-01-10,30,quantile,0.05,6.6625350937553875
2025-12-20,wk inc flu hosp,2,2026-01-10,30,quantile,0.1,11.42050111147294
2025-12-20,wk inc flu hosp,2,2026-01-10,30,quantile,0.15,17.81452779797102
2025-12-20,wk inc flu hosp,2,2026-01-10,30,quantile,0.2,21.910591997999585
2025-12-20,wk inc flu hosp,2,2026-01-10,30,quantile,0.25,25.506023019991137
2025-12-20,wk inc flu hosp,2,2026-01-10,30,quantile,0.3,29.5211691105888
2025-12-20,wk inc flu hosp,2,2026-01-10,30,quantile,0.35,33.85983201284678
2025-12-20,wk inc flu hosp,2,2026-01-10,30,quantile,0.4,37.8104490643099
2025-12-20,wk inc flu hosp,2,2026-01-10,30,quantile,0.45,41.24819238717427
2025-12-20,wk inc flu hosp,2,2026-01-10,30,quantile,0.5,45.420425139621194
2025-12-20,wk inc flu hosp,2,2026-01-10,30,quantile,0.55,49.65268411881551
2025-12-20,wk inc flu hosp,2,2026-01-10,30,quantile,0.6,56.381285518392275
2025-12-20,wk inc flu hosp,2,2026-01-10,30,quantile,0.65,61.02171992020807
2025-12-20,wk inc flu hosp,2,2026-01-10,30,quantile,0.7,66.95791854943288
2025-12-20,wk inc flu hosp,2,2026-01-10,30,quantile,0.75,77.57084846337226
2025-12-20,wk inc flu hosp,2,2026-01-10,30,quantile,0.8,88.40209786781958
2025-12-20,wk inc flu hosp,2,2026-01-10,30,quantile,0.85,96.89900488856968
2025-12-20,wk inc flu hosp,2,2026-01-10,30,quantile,0.9,116.70660563239764
2025-12-20,wk inc flu hosp,2,2026-01-10,30,quantile,0.95,144.3844529215032
2025-12-20,wk inc flu hosp,2,2026-01-10,30,quantile,0.975,144.76724062001617
2025-12-20,wk inc flu hosp,2,2026-01-10,30,quantile,0.99,205.92497960379401
2025-12-20,wk inc flu hosp,2,2026-01-10,31,quantile,0.01,8.184553192025172
2025-12-20,wk inc flu hosp,2,2026-01-10,31,quantile,0.025,12.191791132263731
2025-12-20,wk inc flu hosp,2,2026-01-10,31,quantile,0.05,15.310409763847337
2025-12-20,wk inc flu hosp,2,2026-01-10,31,quantile,0.1,20.995903566085374
2025-12-20,wk inc flu hosp,2,2026-01-10,31,quantile,0.15,27.20412231650283
2025-12-20,wk inc flu hosp,2,2026-01-10,31,quantile,0.2,33.85869067059608
2025-12-20,wk inc flu hosp,2,2026-01-10,31,quantile,0.25,40.474869514870115
2025-12-20,wk inc flu hosp,2,2026-01-10,31,quantile,0.3,46.70495536327636
2025-12-20,wk inc flu hosp,2,2026-01-10,31,quantile,0.35,54.625075776387305
2025-12-20,wk inc flu hosp,2,2026-01-10,31,quantile,0.4,64.80755944894825
2025-12-20,wk inc flu hosp,2,2026-01-10,31,quantile,0.45,72.14904598727789
2025-12-20,wk inc flu hosp,2,2026-01-10,31,quantile,0.5,84.3736509496015
2025-12-20,wk inc flu hosp,2,2026-01-10,31,quantile,0.55,101.53408731238174
2025-12-20,wk inc flu hosp,2,2026-01-10,31,quantile,0.6,121.406201122844
2025-12-20,wk inc flu hosp,2,2026-01-10,31,quantile,0.65,149.6524699105877
2025-12-20,wk inc flu hosp,2,2026-01-10,31,quantile,0.7,202.63389873250418
2025-12-20,wk inc flu hosp,2,2026-01-10,31,quantile,0.75,229.42481157914924
2025-12-20,wk inc flu hosp,2,2026-01-10,31,quantile,0.8,263.8338629508623
2025-12-20,wk inc flu hosp,2,2026-01-10,31,quantile,0.85,314.8708158568664
2025-12-20,wk inc flu hosp,2,2026-01-10,31,quantile,0.9,346.5579906685219
2025-12-20,wk inc flu hosp,2,2026-01-10,31,quantile,0.95,465.6132421960499
2025-12-20,wk inc flu hosp,2,2026-01-10,31,quantile,0.975,499.4233262740972
2025-12-20,wk inc flu hosp,2,2026-01-10,31,quantile,0.99,510.8769269558108
2025-12-20,wk inc flu hosp,2,2026-01-10,32,quantile,0.01,22.38496109054963
2025-12-20,wk inc flu hosp,2,2026-01-10,32,quantile,0.025,35.95700657341072
2025-12-20,wk inc flu hosp,2,2026-01-10,32,quantile,0.05,43.86943640585048
2025-12-20,wk inc flu hosp,2,2026-01-10,32,quantile,0.1,57.45041582009329
2025-12-20,wk inc flu hosp,2,2026-01-10,32,quantile,0.15,74.90856784628907
2025-12-20,wk inc flu hosp,2,2026-01-10,32,quantile,0.2,92.81090491880424
2025-12-20,wk inc flu hosp,2,2026-01-10,32,quantile,0.25,104.98333303495862
2025-12-20,wk inc flu hosp,2,2026-01-10,32,quantile,0.3,121.91504215201037
2025-12-20,wk inc flu hosp,2,2026-01-10,32,quantile,0.35,143.10301844909745
2025-12-20,wk inc flu hosp,2,2026-01-10,32,quantile,0.4,161.16321589962163
2025-12-20,wk inc flu hosp,2,2026-01-10,32,quantile,0.45,175.74586536519428
2025-12-20,wk inc flu hosp,2,2026-01-10,32,quantile,0.5,191.81294451350323
2025-12-20,wk inc flu hosp,2,2026-01-10,32,quantile,0.55,205.948031257197
2025-12-20,wk inc flu hosp,2,2026-01-10,32,quantile,0.6,224.0461217796038
2025-12-20,wk inc flu hosp,2,2026-01-10,32,quantile,0.65,245.34911145757897
2025-12-20,wk inc flu hosp,2,2026-01-10,32,quantile,0.7,265.2532989072653
2025-12-20,wk inc flu hosp,2,2026-01-10,32,quantile,0.75,293.0961272377038
2025-12-20,wk inc flu hosp,2,2026-01-10,32,quantile,0.8,334.1532560410564
2025-12-20,wk inc flu hosp,2,2026-01-10,32,quantile,0.85,372.25243515009146
2025-12-20,wk inc flu hosp,2,2026-01-10,32,quantile,0.9,447.0196006353487
2025-12-20,wk inc flu hosp,2,2026-01-10,32,quantile,0.95,511.2504072397501
2025-12-20,wk inc flu hosp,2,2026-01-10,32,quantile,0.975,572.7769510469329
2025-12-20,wk inc flu hosp,2,2026-01-10,32,quantile,0.99,598.4281977513224
2025-12-20,wk inc flu hosp,2,2026-01-10,33,quantile,0.01,6.5112564839206595
2025-12-20,wk inc flu hosp,2,2026-01-10,33,quantile,0.025,9.922897409387074
2025-12-20,wk inc flu hosp,2,2026-01-10,33,quantile,0.05,21.465194369582868
2025-12-20,wk inc flu hosp,2,2026-01-10,33,quantile,0.1,40.5406474232263
2025-12-20,wk inc flu hosp,2,2026-01-10,33,quantile,0.15,54.3431465982829
2025-12-20,wk inc flu hosp,2,2026-01-10,33,quantile,0.2,65.67091866641302
2025-12-20,wk inc flu hosp,2,2026-01-10,33,quantile,0.25,74.08251474841477
2025-12-20,wk inc flu hosp,2,2026-01-10,33,quantile,0.3,82.04987277433992
2025-12-20,wk inc flu hosp,2,2026-01-10,33,quantile,0.35,91.35070311208199
2025-12-20,wk inc flu hosp,2,2026-01-10,33,quantile,0.4,98.9656334868325
2025-12-20,wk inc flu hosp,2,2026-01-10,33,quantile,0.45,114.24152300736488
2025-12-20,wk inc flu hosp,2,2026-01-10,33,quantile,0.5,137.37735709661555
2025-12-20,wk inc flu hosp,2,2026-01-10,33,quantile,0.55,175.91707289981804
2025-12-20,wk inc flu hosp,2,2026-01-10,33,quantile,0.6,210.01639288072295
2025-12-20,wk inc flu hosp,2,2026-01-10,33,quantile,0.65,232.7330179992955
2025-12-20,wk inc flu hosp,2,2026-01-10,33,quantile,0.7,281.9877887151338
2025-12-20,wk inc flu hosp,2,2026-01-10,33,quantile,0.75,314.7630405572434
2025-12-20,wk inc flu hosp,2,2026-01-10,33,quantile,0.8,367.2110253022331
2025-12-20,wk inc flu hosp,2,2026-01-10,33,quantile,0.85,431.6809600994989
2025-12-20,wk inc flu hosp,2,2026-01-10,33,quantile,0.9,477.5375255166921
2025-12-20,wk inc flu hosp,2,2026-01-10,33,quantile,0.95,543.1779592367064
2025-12-20,wk inc flu hosp,2,2026-01-10,33,quantile,0.975,603.5709509520705
2025-12-20,wk inc flu hosp,2,2026-01-10,33,quantile,0.99,618.5298096479931
2025-12-20,wk inc flu hosp,2,2026-01-10,34,quantile,0.01,268.04168010601563
2025-12-20,wk inc flu hosp,2,2026-01-10,34,quantile,0.025,347.3992127847376
2025-12-20,wk inc flu hosp,2,2026-01-10,34,quantile,0.05,432.07003013746754
2025-12-20,wk inc flu hosp,2,2026-01-10,34,quantile,0.1,585.3153038887533
2025-12-20,wk inc flu hosp,2,2026-01-10,34,quantile,0.15,718.3799172602938
2025-12-20,wk inc flu hosp,2,2026-01-10,34,quantile,0.2,837.7944683861391
2025-12-20,wk inc flu hosp,2,2026-01-10,34,quantile,0.25,933.1498362102246
2025-12-20,wk inc flu hosp,2,2026-01-10,34,quantile,0.3,1034.2789718061986
2025-12-20,wk inc flu hosp,2,2026-01-10,34,quantile,0.35,1154.3519304479391
2025-12-20,wk inc flu hosp,2,2026-01-10,34,quantile,0.4,1307.6029567451096
2025-12-20,wk inc flu hosp,2,2026-01-10,34,quantile,0.45,1488.0833401542227
2025-12-20,wk inc flu hosp,2,2026-01-10,34,quantile,0.5,1699.4844740178323
2025-12-20,wk inc flu hosp,2,2026-01-10,34,quantile,0.55,1915.47605881027
2025-12-20,wk inc flu hosp,2,2026-01-10,34,quantile,0.6,2305.3195042883235
2025-12-20,wk inc flu hosp,2,2026-01-10,34,quantile,0.65,3008.009190370282
2025-12-20,wk inc flu hosp,2,2026-01-10,34,quantile,0.7,3773.8278060109837
2025-12-20,wk inc flu hosp,2,2026-01-10,34,quantile,0.75,4659.400732310036
2025-12-20,wk inc flu hosp,2,2026-01-10,34,quantile,0.8,5228.351902940219
2025-12-20,wk inc flu hosp,2,2026-01-10,34,quantile,0.85,5790.754762712922
2025-12-20,wk inc flu hosp,2,2026-01-10,34,quantile,0.9,6497.248767836403
2025-12-20,wk inc flu hosp,2,2026-01-10,34,quantile,0.95,6707.331726610118
2025-12-20,wk inc flu hosp,2,2026-01-10,34,quantile,0.975,7023.833069092985
2025-12-20,wk inc flu hosp,2,2026-01-10,34,quantile,0.99,7271.6654314741945
2025-12-20,wk inc flu hosp,2,2026-01-10,35,quantile,0.01,35.161751097739966
2025-12-20,wk inc flu hosp,2,2026-01-10,35,quantile,0.025,53.02138447642111
2025-12-20,wk inc flu hosp,2,2026-01-10,35,quantile,0.05,70.33866588176531
2025-12-20,wk inc flu hosp,2,2026-01-10,35,quantile,0.1,92.7175428740656
2025-12-20,wk inc flu hosp,2,2026-01-10,35,quantile,0.15,113.89269854801431
2025-12-20,wk inc flu hosp,2,2026-01-10,35,quantile,0.2,128.47121823042235
2025-12-20,wk inc flu hosp,2,2026-01-10,35,quantile,0.25,141.8030164301471
2025-12-20,wk inc flu hosp,2,2026-01-10,35,quantile,0.3,157.08525577937925
2025-12-20,wk inc flu hosp,2,2026-01-10,35,quantile,0.35,175.26507810053633
2025-12-20,wk inc flu hosp,2,2026-01-10,35,quantile,0.4,197.22955458145046
2025-12-20,wk inc flu hosp,2,2026-01-10,35,quantile,0.45,216.85297758426256
2025-12-20,wk inc flu hosp,2,2026-01-10,35,quantile,0.5,238.56395881370537
2025-12-20,wk inc flu hosp,2,2026-01-10,35,quantile,0.55,263.73544657324305
2025-12-20,wk inc flu hosp,2,2026-01-10,35,quantile,0.6,283.99300547706054
2025-12-20,wk inc flu hosp,2,2026-01-10,35,quantile,0.65,326.0765262332934
2025-12-20,wk inc flu hosp,2,2026-01-10,35,quantile,0.7,370.4340144350777
2025-12-20,wk inc flu hosp,2,2026-01-10,35,quantile,0.75,394.27147471506873
2025-12-20,wk inc flu hosp,2,2026-01-10,35,quantile,0.8,415.44060202620057
2025-12-20,wk inc flu hosp,2,2026-01-10,35,quantile,0.85,476.61928163735473
2025-12-20,wk inc flu hosp,2,2026-01-10,35,quantile,0.9,611.2266891611222
2025-12-20,wk inc flu hosp,2,2026-01-10,35,quantile,0.95,917.1782788036977
2025-12-20,wk inc flu hosp,2,2026-01-10,35,quantile,0.975,1117.1914835535115
2025-12-20,wk inc flu hosp,2,2026-01-10,35,quantile,0.99,1133.3616970844628
2025-12-20,wk inc flu hosp,2,2026-01-10,36,quantile,0.01,151.66913904790889
2025-12-20,wk inc flu hosp,2,2026-01-10,36,quantile,0.025,517.1741085811791
2025-12-20,wk inc flu hosp,2,2026-01-10,36,quantile,0.05,711.8545769869278
2025-12-20,wk inc flu hosp,2,2026-01-10,36,quantile,0.1,1004.7794199931863
2025-12-20,wk inc flu hosp,2,2026-01-10,36,quantile,0.15,1221.4463658132508
2025-12-20,wk inc flu hosp,2,2026-01-10,36,quantile,0.2,1366.199243665709
2025-12-20,wk inc flu hosp,2,2026-01-10,36,quantile,0.25,1531.4973406970892
2025-12-20,wk inc flu hosp,2,2026-01-10,36,quantile,0.3,1756.3341588095461
2025-12-20,wk inc flu hosp,2,2026-01-10,36,quantile,0.35,2003.2412894471952
2025-12-20,wk inc flu hosp,2,2026-01-10,36,quantile,0.4,2301.5645821386865
2025-12-20,wk inc flu hosp,2,2026-01-10,36,quantile,0.45,2652.843683866244
2025-12-20,wk inc flu hosp,2,2026-01-10,36,quantile,0.5,3011.4477277970495
2025-12-20,wk inc flu hosp,2,2026-01-10,36,quantile,0.55,3788.6848315366856
2025-12-20,wk inc flu hosp,2,2026-01-10,36,quantile,0.6,4966.36315153931
2025-12-20,wk inc flu hosp,2,2026-01-10,36,quantile,0.65,6096.703419781669
2025-12-20,wk inc flu hosp,2,2026-01-10,36,quantile,0.7,6728.94889416729
2025-12-20,wk inc flu hosp,2,2026-01-10,36,quantile,0.75,7533.5081483028725
2025-12-20,wk inc flu hosp,2,2026-01-10,36,quantile,0.8,8708.852344157636
2025-12-20,wk inc flu hosp,2,2026-01-10,36,quantile,0.85,10130.139541879802
2025-12-20,wk inc flu hosp,2,2026-01-10,36,quantile,0.9,11702.73306860663
2025-12-20,wk inc flu hosp,2,2026-01-10,36,quantile,0.95,13466.427907085283
2025-12-20,wk inc flu hosp,2,2026-01-10,36,quantile,0.975,14292.822727733934
2025-12-20,wk inc flu hosp,2,2026-01-10,36,quantile,0.99,14668.425486659684
2025-12-20,wk inc flu hosp,2,2026-01-10,37,quantile,0.01,114.75495440173512
2025-12-20,wk inc flu hosp,2,2026-01-10,37,quantile,0.025,248.57215404190003
2025-12-20,wk inc flu hosp,2,2026-01-10,37,quantile,0.05,308.0495494242368
2025-12-20,wk inc flu hosp,2,2026-01-10,37,quantile,0.1,434.8437365418873
2025-12-20,wk inc flu hosp,2,2026-01-10,37,quantile,0.15,538.4747394858227
2025-12-20,wk inc flu hosp,2,2026-01-10,37,quantile,0.2,632.0925684795418
2025-12-20,wk inc flu hosp,2,2026-01-10,37,quantile,0.25,726.9108307094999
2025-12-20,wk inc flu hosp,2,2026-01-10,37,quantile,0.3,824.5169814207287
2025-12-20,wk inc flu hosp,2,2026-01-10,37,quantile,0.35,923.5411196487313
2025-12-20,wk inc flu hosp,2,2026-01-10,37,quantile,0.4,1008.9459073755886
2025-12-20,wk inc flu hosp,2,2026-01-10,37,quantile,0.45,1136.7695639326355
2025-12-20,wk inc flu hosp,2,2026-01-10,37,quantile,0.5,1320.8794348587937
2025-12-20,wk inc flu hosp,2,2026-01-10,37,quantile,0.55,1590.649952089791
2025-12-20,wk inc flu hosp,2,2026-01-10,37,quantile,0.6,2108.5678207537553
2025-12-20,wk inc flu hosp,2,2026-01-10,37,quantile,0.65,2525.239468061272
2025-12-20,wk inc flu hosp,2,2026-01-10,37,quantile,0.7,2963.8312623901206
2025-12-20,wk inc flu hosp,2,2026-01-10,37,quantile,0.75,3543.5459462709928
2025-12-20,wk inc flu hosp,2,2026-01-10,37,quantile,0.8,4015.5186709592117
2025-12-20,wk inc flu hosp,2,2026-01-10,37,quantile,0.85,4488.642108236056
2025-12-20,wk inc flu hosp,2,2026-01-10,37,quantile,0.9,5024.273602321297
2025-12-20,wk inc flu hosp,2,2026-01-10,37,quantile,0.95,6448.424445309832
2025-12-20,wk inc flu hosp,2,2026-01-10,37,quantile,0.975,6873.439439725209
2025-12-20,wk inc flu hosp,2,2026-01-10,37,quantile,0.99,6935.553787602266
2025-12-20,wk inc flu hosp,2,2026-01-10,38,quantile,0.01,10.715022257557786
2025-12-20,wk inc flu hosp,2,2026-01-10,38,quantile,0.025,14.64808641702235
2025-12-20,wk inc flu hosp,2,2026-01-10,38,quantile,0.05,20.722860116505252
2025-12-20,wk inc flu hosp,2,2026-01-10,38,quantile,0.1,26.17371732577052
2025-12-20,wk inc flu hosp,2,2026-01-10,38,quantile,0.15,32.55068777882064
2025-12-20,wk inc flu hosp,2,2026-01-10,38,quantile,0.2,38.25173713509696
2025-12-20,wk inc flu hosp,2,2026-01-10,38,quantile,0.25,43.29475234563894
2025-12-20,wk inc flu hosp,2,2026-01-10,38,quantile,0.3,48.77343793626246
2025-12-20,wk inc flu hosp,2,2026-01-10,38,quantile,0.35,55.893835081483935
2025-12-20,wk inc flu hosp,2,2026-01-10,38,quantile,0.4,64.09234281193864
2025-12-20,wk inc flu hosp,2,2026-01-10,38,quantile,0.45,72.68885474116459
2025-12-20,wk inc flu hosp,2,2026-01-10,38,quantile,0.5,80.93604488174145
2025-12-20,wk inc flu hosp,2,2026-01-10,38,quantile,0.55,86.99255286184392
2025-12-20,wk inc flu hosp,2,2026-01-10,38,quantile,0.6,93.73910571677666
2025-12-20,wk inc flu hosp,2,2026-01-10,38,quantile,0.65,107.66036700770377
2025-12-20,wk inc flu hosp,2,2026-01-10,38,quantile,0.7,129.30714935756637
2025-12-20,wk inc flu hosp,2,2026-01-10,38,quantile,0.75,151.33765405969075
2025-12-20,wk inc flu hosp,2,2026-01-10,38,quantile,0.8,178.54976331599863
2025-12-20,wk inc flu hosp,2,2026-01-10,38,quantile,0.85,211.17200545915188
2025-12-20,wk inc flu hosp,2,2026-01-10,38,quantile,0.9,246.55854189594785
2025-12-20,wk inc flu hosp,2,2026-01-10,38,quantile,0.95,259.940510156111
2025-12-20,wk inc flu hosp,2,2026-01-10,38,quantile,0.975,309.06444883357995
2025-12-20,wk inc flu hosp,2,2026-01-10,38,quantile,0.99,315.0452038587814
2025-12-20,wk inc flu hosp,2,2026-01-10,39,quantile,0.01,207.91788669794948
2025-12-20,wk inc flu hosp,2,2026-01-10,39,quantile,0.025,267.8241368951486
2025-12-20,wk inc flu hosp,2,2026-01-10,39,quantile,0.05,320.7442363154884
2025-12-20,wk inc flu hosp,2,2026-01-10,39,quantile,0.1,409.91720476221195
2025-12-20,wk inc flu hosp,2,2026-01-10,39,quantile,0.15,581.0660124922017
2025-12-20,wk inc flu hosp,2,2026-01-10,39,quantile,0.2,736.0669240490009
2025-12-20,wk inc flu hosp,2,2026-01-10,39,quantile,0.25,893.5509441710965
2025-12-20,wk inc flu hosp,2,2026-01-10,39,quantile,0.3,1072.0973433737636
2025-12-20,wk inc flu hosp,2,2026-01-10,39,quantile,0.35,1266.6143956766396
2025-12-20,wk inc flu hosp,2,2026-01-10,39,quantile,0.4,1446.77373144613
2025-12-20,wk inc flu hosp,2,2026-01-10,39,quantile,0.45,1596.5301932014786
2025-12-20,wk inc flu hosp,2,2026-01-10,39,quantile,0.5,1853.2036319921006
2025-12-20,wk inc flu hosp,2,2026-01-10,39,quantile,0.55,2180.4559629028154
2025-12-20,wk inc flu hosp,2,2026-01-10,39,quantile,0.6,2474.3080341356817
2025-12-20,wk inc flu hosp,2,2026-01-10,39,quantile,0.65,2766.1367433893083
2025-12-20,wk inc flu hosp,2,2026-01-10,39,quantile,0.7,3564.9400242767456
2025-12-20,wk inc flu hosp,2,2026-01-10,39,quantile,0.75,4834.494398034655
2025-12-20,wk inc flu hosp,2,2026-01-10,39,quantile,0.8,5114.337751998728
2025-12-20,wk inc flu hosp,2,2026-01-10,39,quantile,0.85,5629.721019660071
2025-12-20,wk inc flu hosp,2,2026-01-10,39,quantile,0.9,5718.567537992828
2025-12-20,wk inc flu hosp,2,2026-01-10,39,quantile,0.95,6561.015275404058
2025-12-20,wk inc flu hosp,2,2026-01-10,39,quantile,0.975,6663.775600725769
2025-12-20,wk inc flu hosp,2,2026-01-10,39,quantile,0.99,6789.325546020034
2025-12-20,wk inc flu hosp,2,2026-01-10,40,quantile,0.01,9.997800350689648
2025-12-20,wk inc flu hosp,2,2026-01-10,40,quantile,0.025,14.257293297587928
2025-12-20,wk inc flu hosp,2,2026-01-10,40,quantile,0.05,28.755266696179
2025-12-20,wk inc flu hosp,2,2026-01-10,40,quantile,0.1,49.42529799438578
2025-12-20,wk inc flu hosp,2,2026-01-10,40,quantile,0.15,55.28891367914818
2025-12-20,wk inc flu hosp,2,2026-01-10,40,quantile,0.2,66.12829334307239
2025-12-20,wk inc flu hosp,2,2026-01-10,40,quantile,0.25,77.17859571031241
2025-12-20,wk inc flu hosp,2,2026-01-10,40,quantile,0.3,95.88366401339725
2025-12-20,wk inc flu hosp,2,2026-01-10,40,quantile,0.35,112.18463370710062
2025-12-20,wk inc flu hosp,2,2026-01-10,40,quantile,0.4,128.05687568946763
2025-12-20,wk inc flu hosp,2,2026-01-10,40,quantile,0.45,139.71501917103828
2025-12-20,wk inc flu hosp,2,2026-01-10,40,quantile,0.5,154.75854254461572
2025-12-20,wk inc flu hosp,2,2026-01-10,40,quantile,0.55,176.87242421344976
2025-12-20,wk inc flu hosp,2,2026-01-10,40,quantile,0.6,199.05595673920064
2025-12-20,wk inc flu hosp,2,2026-01-10,40,quantile,0.65,222.75506137405188
2025-12-20,wk inc flu hosp,2,2026-01-10,40,quantile,0.7,252.7152205975605
2025-12-20,wk inc flu hosp,2,2026-01-10,40,quantile,0.75,272.5761227332979
2025-12-20,wk inc flu hosp,2,2026-01-10,40,quantile,0.8,294.2616862638181
2025-12-20,wk inc flu hosp,2,2026-01-10,40,quantile,0.85,312.30184410029284
2025-12-20,wk inc flu hosp,2,2026-01-10,40,quantile,0.9,375.4859132260256
2025-12-20,wk inc flu hosp,2,2026-01-10,40,quantile,0.95,487.17086986829503
2025-12-20,wk inc flu hosp,2,2026-01-10,40,quantile,0.975,577.6277951700715
2025-12-20,wk inc flu hosp,2,2026-01-10,40,quantile,0.99,592.2604301656577
2025-12-20,wk inc flu hosp,2,2026-01-10,41,quantile,0.01,7.044512902146577
2025-12-20,wk inc flu hosp,2,2026-01-10,41,quantile,0.025,10.528955739469781
2025-12-20,wk inc flu hosp,2,2026-01-10,41,quantile,0.05,11.925105506555855
2025-12-20,wk inc flu hosp,2,2026-01-10,41,quantile,0.1,16.610574772732964
2025-12-20,wk inc flu hosp,2,2026-01-10,41,quantile,0.15,20.489095300148122
2025-12-20,wk inc flu hosp,2,2026-01-10,41,quantile,0.2,25.425091101465682
2025-12-20,wk inc flu hosp,2,2026-01-10,41,quantile,0.25,34.37800073432942
2025-12-20,wk inc flu hosp,2,2026-01-10,41,quantile,0.3,47.45102072050927
2025-12-20,wk inc flu hosp,2,2026-01-10,41,quantile,0.35,52.92391399640191
2025-12-20,wk inc flu hosp,2,2026-01-10,41,quantile,0.4,56.94282817120835
2025-12-20,wk inc flu hosp,2,2026-01-10,41,quantile,0.45,67.0042284763573
2025-12-20,wk inc flu hosp,2,2026-01-10,41,quantile,0.5,72.84474878849154
2025-12-20,wk inc flu hosp,2,2026-01-10,41,quantile,0.55,80.2671083298489
2025-12-20,wk inc flu hosp,2,2026-01-10,41,quantile,0.6,89.53246141758574
2025-12-20,wk inc flu hosp,2,2026-01-10,41,quantile,0.65,101.17806791180301
2025-12-20,wk inc flu hosp,2,2026-01-10,41,quantile,0.7,113.92473837487015
2025-12-20,wk inc flu hosp,2,2026-01-10,41,quantile,0.75,122.24232768369998
2025-12-20,wk inc flu hosp,2,2026-01-10,41,quantile,0.8,137.136425908909
2025-12-20,wk inc flu hosp,2,2026-01-10,41,quantile,0.85,154.33098693400615
2025-12-20,wk inc flu hosp,2,2026-01-10,41,quantile,0.9,170.96227560034532
2025-12-20,wk inc flu hosp,2,2026-01-10,41,quantile,0.95,181.31108378045684
2025-12-20,wk inc flu hosp,2,2026-01-10,41,quantile,0.975,186.87677928783907
2025-12-20,wk inc flu hosp,2,2026-01-10,41,quantile,0.99,201.70285445013027
2025-12-20,wk inc flu hosp,2,2026-01-10,42,quantile,0.01,357.5465144933823
2025-12-20,wk inc flu hosp,2,2026-01-10,42,quantile,0.025,439.0839602149184
2025-12-20,wk inc flu hosp,2,2026-01-10,42,quantile,0.05,531.9248526637488
2025-12-20,wk inc flu hosp,2,2026-01-10,42,quantile,0.1,691.5952500683305
2025-12-20,wk inc flu hosp,2,2026-01-10,42,quantile,0.15,853.3768747707502
2025-12-20,wk inc flu hosp,2,2026-01-10,42,quantile,0.2,1013.3634558752852
2025-12-20,wk inc flu hosp,2,2026-01-10,42,quantile,0.25,1189.1076102171035
2025-12-20,wk inc flu hosp,2,2026-01-10,42,quantile,0.3,1353.6358659487516
2025-12-20,wk inc flu hosp,2,2026-01-10,42,quantile,0.35,1525.7852072547762
2025-12-20,wk inc flu hosp,2,2026-01-10,42,quantile,0.4,1720.6635872723623
2025-12-20,wk inc flu hosp,2,2026-01-10,42,quantile,0.45,1934.61550736278
2025-12-20,wk inc flu hosp,2,2026-01-10,42,quantile,0.5,2147.058834610479
2025-12-20,wk inc flu hosp,2,2026-01-10,42,quantile,0.55,2437.087215256862
2025-12-20,wk inc flu hosp,2,2026-01-10,42,quantile,0.6,2892.4991482105856
2025-12-20,wk inc flu hosp,2,2026-01-10,42,quantile,0.65,3618.2750727085845
2025-12-20,wk inc flu hosp,2,2026-01-10,42,quantile,0.7,4837.302598317607
2025-12-20,wk inc flu hosp,2,2026-01-10,42,quantile,0.75,5628.662182246729
2025-12-20,wk inc flu hosp,2,2026-01-10,42,quantile,0.8,6168.8746555522675
2025-12-20,wk inc flu hosp,2,2026-01-10,42,quantile,0.85,7080.097750740695
2025-12-20,wk inc flu hosp,2,2026-01-10,42,quantile,0.9,7887.834706534709
2025-12-20,wk inc flu hosp,2,2026-01-10,42,quantile,0.95,8774.036302566628
2025-12-20,wk inc flu hosp,2,2026-01-10,42,quantile,0.975,8883.719576159447
2025-12-20,wk inc flu hosp,2,2026-01-10,42,quantile,0.99,9040.67865015853
2025-12-20,wk inc flu hosp,2,2026-01-10,44,quantile,0.01,10.529712722569176
2025-12-20,wk inc flu hosp,2,2026-01-10,44,quantile,0.025,17.712033945101012
2025-12-20,wk inc flu hosp,2,2026-01-10,44,quantile,0.05,22.873528583806607
2025-12-20,wk inc flu hosp,2,2026-01-10,44,quantile,0.1,32.17642039483348
2025-12-20,wk inc flu hosp,2,2026-01-10,44,quantile,0.15,39.804730916797
2025-12-20,wk inc flu hosp,2,2026-01-10,44,quantile,0.2,47.47633753628066
2025-12-20,wk inc flu hosp,2,2026-01-10,44,quantile,0.25,54.27101042983947
2025-12-20,wk inc flu hosp,2,2026-01-10,44,quantile,0.3,62.61013699814211
2025-12-20,wk inc flu hosp,2,2026-01-10,44,quantile,0.35,74.45100462107546
2025-12-20,wk inc flu hosp,2,2026-01-10,44,quantile,0.4,89.04545391992689
2025-12-20,wk inc flu hosp,2,2026-01-10,44,quantile,0.45,102.84266440741342
2025-12-20,wk inc flu hosp,2,2026-01-10,44,quantile,0.5,130.27778901027926
2025-12-20,wk inc flu hosp,2,2026-01-10,44,quantile,0.55,191.31967701946914
2025-12-20,wk inc flu hosp,2,2026-01-10,44,quantile,0.6,258.6586920716606
2025-12-20,wk inc flu hosp,2,2026-01-10,44,quantile,0.65,307.48544024828334
2025-12-20,wk inc flu hosp,2,2026-01-10,44,quantile,0.7,323.9645277410695
2025-12-20,wk inc flu hosp,2,2026-01-10,44,quantile,0.75,348.9974723207022
2025-12-20,wk inc flu hosp,2,2026-01-10,44,quantile,0.8,391.3984263500939
2025-12-20,wk inc flu hosp,2,2026-01-10,44,quantile,0.85,451.205038202725
2025-12-20,wk inc flu hosp,2,2026-01-10,44,quantile,0.9,556.8516240230999
2025-12-20,wk inc flu hosp,2,2026-01-10,44,quantile,0.95,738.4239194525771
2025-12-20,wk inc flu hosp,2,2026-01-10,44,quantile,0.975,783.2691914636258
2025-12-20,wk inc flu hosp,2,2026-01-10,44,quantile,0.99,796.94504520415
2025-12-20,wk inc flu hosp,2,2026-01-10,45,quantile,0.01,115.1195060953072
2025-12-20,wk inc flu hosp,2,2026-01-10,45,quantile,0.025,134.59232548085475
2025-12-20,wk inc flu hosp,2,2026-01-10,45,quantile,0.05,158.15747654369093
2025-12-20,wk inc flu hosp,2,2026-01-10,45,quantile,0.1,197.61605884144038
2025-12-20,wk inc flu hosp,2,2026-01-10,45,quantile,0.15,234.1549520191584
2025-12-20,wk inc flu hosp,2,2026-01-10,45,quantile,0.2,262.7899428420098
2025-12-20,wk inc flu hosp,2,2026-01-10,45,quantile,0.25,288.8812375664463
2025-12-20,wk inc flu hosp,2,2026-01-10,45,quantile,0.3,327.65892483032684
2025-12-20,wk inc flu hosp,2,2026-01-10,45,quantile,0.35,371.4146987726747
2025-12-20,wk inc flu hosp,2,2026-01-10,45,quantile,0.4,417.24281920998914
2025-12-20,wk inc flu hosp,2,2026-01-10,45,quantile,0.45,477.6114136837306
2025-12-20,wk inc flu hosp,2,2026-01-10,45,quantile,0.5,566.8236344775687
2025-12-20,wk inc flu hosp,2,2026-01-10,45,quantile,0.55,697.9630023565599
2025-12-20,wk inc flu hosp,2,2026-01-10,45,quantile,0.6,1020.1270350481494
2025-12-20,wk inc flu hosp,2,2026-01-10,45,quantile,0.65,1305.5020789574803
2025-12-20,wk inc flu hosp,2,2026-01-10,45,quantile,0.7,1622.6927178079661
2025-12-20,wk inc flu hosp,2,2026-01-10,45,quantile,0.75,1729.8794420600182
2025-12-20,wk inc flu hosp,2,2026-01-10,45,quantile,0.8,1937.5949844336158
2025-12-20,wk inc flu hosp,2,2026-01-10,45,quantile,0.85,2164.8677628242635
2025-12-20,wk inc flu hosp,2,2026-01-10,45,quantile,0.9,2445.2104201399015
2025-12-20,wk inc flu hosp,2,2026-01-10,45,quantile,0.95,2713.9034780371144
2025-12-20,wk inc flu hosp,2,2026-01-10,45,quantile,0.975,2938.6611043451226
2025-12-20,wk inc flu hosp,2,2026-01-10,45,quantile,0.99,3061.55498388284
2025-12-20,wk inc flu hosp,2,2026-01-10,46,quantile,0.01,3.9427871976291824
2025-12-20,wk inc flu hosp,2,2026-01-10,46,quantile,0.025,4.887059956534988
2025-12-20,wk inc flu hosp,2,2026-01-10,46,quantile,0.05,7.105336235362893
2025-12-20,wk inc flu hosp,2,2026-01-10,46,quantile,0.1,9.806948843452082
2025-12-20,wk inc flu hosp,2,2026-01-10,46,quantile,0.15,13.063490389917344
2025-12-20,wk inc flu hosp,2,2026-01-10,46,quantile,0.2,17.08571961112027
2025-12-20,wk inc flu hosp,2,2026-01-10,46,quantile,0.25,25.37741887309587
2025-12-20,wk inc flu hosp,2,2026-01-10,46,quantile,0.3,31.006628985470414
2025-12-20,wk inc flu hosp,2,2026-01-10,46,quantile,0.35,37.04123643699455
2025-12-20,wk inc flu hosp,2,2026-01-10,46,quantile,0.4,43.89455597845033
2025-12-20,wk inc flu hosp,2,2026-01-10,46,quantile,0.45,49.71381105966243
2025-12-20,wk inc flu hosp,2,2026-01-10,46,quantile,0.5,55.09903333912461
2025-12-20,wk inc flu hosp,2,2026-01-10,46,quantile,0.55,61.63327291602106
2025-12-20,wk inc flu hosp,2,2026-01-10,46,quantile,0.6,67.03145757950942
2025-12-20,wk inc flu hosp,2,2026-01-10,46,quantile,0.65,71.6521525265226
2025-12-20,wk inc flu hosp,2,2026-01-10,46,quantile,0.7,77.12060645793267
2025-12-20,wk inc flu hosp,2,2026-01-10,46,quantile,0.75,86.41913902270245
2025-12-20,wk inc flu hosp,2,2026-01-10,46,quantile,0.8,96.89264703738105
2025-12-20,wk inc flu hosp,2,2026-01-10,46,quantile,0.85,113.27718585339485
2025-12-20,wk inc flu hosp,2,2026-01-10,46,quantile,0.9,128.87434380673486
2025-12-20,wk inc flu hosp,2,2026-01-10,46,quantile,0.95,164.60854350161125
2025-12-20,wk inc flu hosp,2,2026-01-10,46,quantile,0.975,180.68852460315873
2025-12-20,wk inc flu hosp,2,2026-01-10,46,quantile,0.99,187.3905558624593
2025-12-20,wk inc flu hosp,2,2026-01-10,47,quantile,0.01,74.62658884878681
2025-12-20,wk inc flu hosp,2,2026-01-10,47,quantile,0.025,85.2722152764042
2025-12-20,wk inc flu hosp,2,2026-01-10,47,quantile,0.05,101.30423341364937
2025-12-20,wk inc flu hosp,2,2026-01-10,47,quantile,0.1,137.5342939815362
2025-12-20,wk inc flu hosp,2,2026-01-10,47,quantile,0.15,163.4811577231246
2025-12-20,wk inc flu hosp,2,2026-01-10,47,quantile,0.2,186.71888892751673
2025-12-20,wk inc flu hosp,2,2026-01-10,47,quantile,0.25,206.63028686415817
2025-12-20,wk inc flu hosp,2,2026-01-10,47,quantile,0.3,226.83889951376207
2025-12-20,wk inc flu hosp,2,2026-01-10,47,quantile,0.35,248.07521342011137
2025-12-20,wk inc flu hosp,2,2026-01-10,47,quantile,0.4,269.91998494823355
2025-12-20,wk inc flu hosp,2,2026-01-10,47,quantile,0.45,312.45900011263603
2025-12-20,wk inc flu hosp,2,2026-01-10,47,quantile,0.5,352.79976538928565
2025-12-20,wk inc flu hosp,2,2026-01-10,47,quantile,0.55,397.1441823169992
2025-12-20,wk inc flu hosp,2,2026-01-10,47,quantile,0.6,455.76179355807596
2025-12-20,wk inc flu hosp,2,2026-01-10,47,quantile,0.65,547.4962324324935
2025-12-20,wk inc flu hosp,2,2026-01-10,47,quantile,0.7,633.5424989571902
2025-12-20,wk inc flu hosp,2,2026-01-10,47,quantile,0.75,743.8306730958365
2025-12-20,wk inc flu hosp,2,2026-01-10,47,quantile,0.8,976.6989957395116
2025-12-20,wk inc flu hosp,2,2026-01-10,47,quantile,0.85,1309.5918883552013
2025-12-20,wk inc flu hosp,2,2026-01-10,47,quantile,0.9,1403.0408201531025
2025-12-20,wk inc flu hosp,2,2026-01-10,47,quantile,0.95,1570.0935320884141
2025-12-20,wk inc flu hosp,2,2026-01-10,47,quantile,0.975,1612.1239239544116
2025-12-20,wk inc flu hosp,2,2026-01-10,47,quantile,0.99,1641.508670080594
2025-12-20,wk inc flu hosp,2,2026-01-10,48,quantile,0.01,381.607761257384
2025-12-20,wk inc flu hosp,2,2026-01-10,48,quantile,0.025,482.45522260940464
2025-12-20,wk inc flu hosp,2,2026-01-10,48,quantile,0.05,633.9663522708609
2025-12-20,wk inc flu hosp,2,2026-01-10,48,quantile,0.1,760.6881132194568
2025-12-20,wk inc flu hosp,2,2026-01-10,48,quantile,0.15,843.6861288108264
2025-12-20,wk inc flu hosp,2,2026-01-10,48,quantile,0.2,936.1754567504651
2025-12-20,wk inc flu hosp,2,2026-01-10,48,quantile,0.25,1027.792872919987
2025-12-20,wk inc flu hosp,2,2026-01-10,48,quantile,0.3,1120.0268143498133
2025-12-20,wk inc flu hosp,2,2026-01-10,48,quantile,0.35,1230.9367509095496
2025-12-20,wk inc flu hosp,2,2026-01-10,48,quantile,0.4,1356.6548498878376
2025-12-20,wk inc flu hosp,2,2026-01-10,48,quantile,0.45,1448.9432874995423
2025-12-20,wk inc flu hosp,2,2026-01-10,48,quantile,0.5,1558.7443987057666
2025-12-20,wk inc flu hosp,2,2026-01-10,48,quantile,0.55,1683.3342031717655
2025-12-20,wk inc flu hosp,2,2026-01-10,48,quantile,0.6,1798.1390724180624
2025-12-20,wk inc flu hosp,2,2026-01-10,48,quantile,0.65,1892.0655786735656
2025-12-20,wk inc flu hosp,2,2026-01-10,48,quantile,0.7,1993.1900950822526
2025-12-20,wk inc flu hosp,2,2026-01-10,48,quantile,0.75,2131.616424888581
2025-12-20,wk inc flu hosp,2,2026-01-10,48,quantile,0.8,2271.3850650645495
2025-12-20,wk inc flu hosp,2,2026-01-10,48,quantile,0.85,2578.140326990236
2025-12-20,wk inc flu hosp,2,2026-01-10,48,quantile,0.9,3043.489123724191
2025-12-20,wk inc flu hosp,2,2026-01-10,48,quantile,0.95,4109.458973681636
2025-12-20,wk inc flu hosp,2,2026-01-10,48,quantile,0.975,5436.332299841711
2025-12-20,wk inc flu hosp,2,2026-01-10,48,quantile,0.99,6360.1899800525325
2025-12-20,wk inc flu hosp,2,2026-01-10,49,quantile,0.01,19.890199820678504
2025-12-20,wk inc flu hosp,2,2026-01-10,49,quantile,0.025,41.64297305976672
2025-12-20,wk inc flu hosp,2,2026-01-10,49,quantile,0.05,48.336342113822276
2025-12-20,wk inc flu hosp,2,2026-01-10,49,quantile,0.1,63.37208039778656
2025-12-20,wk inc flu hosp,2,2026-01-10,49,quantile,0.15,74.49201719070257
2025-12-20,wk inc flu hosp,2,2026-01-10,49,quantile,0.2,89.09378386571291
2025-12-20,wk inc flu hosp,2,2026-01-10,49,quantile,0.25,103.92121539341635
2025-12-20,wk inc flu hosp,2,2026-01-10,49,quantile,0.3,114.66601368547944
2025-12-20,wk inc flu hosp,2,2026-01-10,49,quantile,0.35,126.52300005426721
2025-12-20,wk inc flu hosp,2,2026-01-10,49,quantile,0.4,141.1120830291325
2025-12-20,wk inc flu hosp,2,2026-01-10,49,quantile,0.45,155.81756232171148
2025-12-20,wk inc flu hosp,2,2026-01-10,49,quantile,0.5,175.81577881311236
2025-12-20,wk inc flu hosp,2,2026-01-10,49,quantile,0.55,196.33739441780068
2025-12-20,wk inc flu hosp,2,2026-01-10,49,quantile,0.6,209.21720882966966
2025-12-20,wk inc flu hosp,2,2026-01-10,49,quantile,0.65,221.64969371698015
2025-12-20,wk inc flu hosp,2,2026-01-10,49,quantile,0.7,272.5474835584024
2025-12-20,wk inc flu hosp,2,2026-01-10,49,quantile,0.75,368.6775642162146
2025-12-20,wk inc flu hosp,2,2026-01-10,49,quantile,0.8,389.6090332958429
2025-12-20,wk inc flu hosp,2,2026-01-10,49,quantile,0.85,418.2834376052082
2025-12-20,wk inc flu hosp,2,2026-01-10,49,quantile,0.9,488.56837206954486
2025-12-20,wk inc flu hosp,2,2026-01-10,49,quantile,0.95,582.1420545934355
2025-12-20,wk inc flu hosp,2,2026-01-10,49,quantile,0.975,589.467647568386
2025-12-20,wk inc flu hosp,2,2026-01-10,49,quantile,0.99,633.906163575929
2025-12-20,wk inc flu hosp,2,2026-01-10,50,quantile,0.01,1.6215390544163577
2025-12-20,wk inc flu hosp,2,2026-01-10,50,quantile,0.025,1.8441893043460116
2025-12-20,wk inc flu hosp,2,2026-01-10,50,quantile,0.05,2.289386804117265
2025-12-20,wk inc flu hosp,2,2026-01-10,50,quantile,0.1,2.9726905412691362
2025-12-20,wk inc flu hosp,2,2026-01-10,50,quantile,0.15,4.402092924250276
2025-12-20,wk inc flu hosp,2,2026-01-10,50,quantile,0.2,6.297858841826974
2025-12-20,wk inc flu hosp,2,2026-01-10,50,quantile,0.25,8.0138037650287
2025-12-20,wk inc flu hosp,2,2026-01-10,50,quantile,0.3,9.419346249293666
2025-12-20,wk inc flu hosp,2,2026-01-10,50,quantile,0.35,10.960797374990937
2025-12-20,wk inc flu hosp,2,2026-01-10,50,quantile,0.4,12.451439954612828
2025-12-20,wk inc flu hosp,2,2026-01-10,50,quantile,0.45,13.922125623160595
2025-12-20,wk inc flu hosp,2,2026-01-10,50,quantile,0.5,15.830119952537839
2025-12-20,wk inc flu hosp,2,2026-01-10,50,quantile,0.55,18.55917882844315
2025-12-20,wk inc flu hosp,2,2026-01-10,50,quantile,0.6,21.21492340870537
2025-12-20,wk inc flu hosp,2,2026-01-10,50,quantile,0.65,23.762056173903577
2025-12-20,wk inc flu hosp,2,2026-01-10,50,quantile,0.7,29.053596798040097
2025-12-20,wk inc flu hosp,2,2026-01-10,50,quantile,0.75,33.718200664826064
2025-12-20,wk inc flu hosp,2,2026-01-10,50,quantile,0.8,38.50383900569487
2025-12-20,wk inc flu hosp,2,2026-01-10,50,quantile,0.85,45.41519400600873
2025-12-20,wk inc flu hosp,2,2026-01-10,50,quantile,0.9,48.515423650416146
2025-12-20,wk inc flu hosp,2,2026-01-10,50,quantile,0.95,55.355371834097504
2025-12-20,wk inc flu hosp,2,2026-01-10,50,quantile,0.975,66.43111223842614
2025-12-20,wk inc flu hosp,2,2026-01-10,50,quantile,0.99,70.06381922756242
2025-12-20,wk inc flu hosp,2,2026-01-10,51,quantile,0.01,115.97397300878978
2025-12-20,wk inc flu hosp,2,2026-01-10,51,quantile,0.025,147.10759156771329
2025-12-20,wk inc flu hosp,2,2026-01-10,51,quantile,0.05,174.75701445485655
2025-12-20,wk inc flu hosp,2,2026-01-10,51,quantile,0.1,209.29284413468196
2025-12-20,wk inc flu hosp,2,2026-01-10,51,quantile,0.15,241.46383193458718
2025-12-20,wk inc flu hosp,2,2026-01-10,51,quantile,0.2,263.9244816945169
2025-12-20,wk inc flu hosp,2,2026-01-10,51,quantile,0.25,289.5258690984512
2025-12-20,wk inc flu hosp,2,2026-01-10,51,quantile,0.3,318.0024452223235
2025-12-20,wk inc flu hosp,2,2026-01-10,51,quantile,0.35,356.24705016272026
2025-12-20,wk inc flu hosp,2,2026-01-10,51,quantile,0.4,407.36519156355104
2025-12-20,wk inc flu hosp,2,2026-01-10,51,quantile,0.45,458.838200235371
2025-12-20,wk inc flu hosp,2,2026-01-10,51,quantile,0.5,515.3542270358738
2025-12-20,wk inc flu hosp,2,2026-01-10,51,quantile,0.55,590.1148398360289
2025-12-20,wk inc flu hosp,2,2026-01-10,51,quantile,0.6,660.6710811809545
2025-12-20,wk inc flu hosp,2,2026-01-10,51,quantile,0.65,722.3856750348215
2025-12-20,wk inc flu hosp,2,2026-01-10,51,quantile,0.7,812.7976763714357
2025-12-20,wk inc flu hosp,2,2026-01-10,51,quantile,0.75,864.5188572005184
2025-12-20,wk inc flu hosp,2,2026-01-10,51,quantile,0.8,1052.655565935664
2025-12-20,wk inc flu hosp,2,2026-01-10,51,quantile,0.85,1115.5038258193426
2025-12-20,wk inc flu hosp,2,2026-01-10,51,quantile,0.9,1244.3309707225328
2025-12-20,wk inc flu hosp,2,2026-01-10,51,quantile,0.95,1506.4428105158906
2025-12-20,wk inc flu hosp,2,2026-01-10,51,quantile,0.975,1725.154256354655
2025-12-20,wk inc flu hosp,2,2026-01-10,51,quantile,0.99,1867.9256960230498
2025-12-20,wk inc flu hosp,2,2026-01-10,53,quantile,0.01,12.455694440483786
2025-12-20,wk inc flu hosp,2,2026-01-10,53,quantile,0.025,38.60309375840419
2025-12-20,wk inc flu hosp,2,2026-01-10,53,quantile,0.05,55.956174070138275
2025-12-20,wk inc flu hosp,2,2026-01-10,53,quantile,0.1,77.90182462821564
2025-12-20,wk inc flu hosp,2,2026-01-10,53,quantile,0.15,89.73482696241372
2025-12-20,wk inc flu hosp,2,2026-01-10,53,quantile,0.2,106.74045650482088
2025-12-20,wk inc flu hosp,2,2026-01-10,53,quantile,0.25,128.29673684415906
2025-12-20,wk inc flu hosp,2,2026-01-10,53,quantile,0.3,154.43800844587034
2025-12-20,wk inc flu hosp,2,2026-01-10,53,quantile,0.35,171.8260899984
2025-12-20,wk inc flu hosp,2,2026-01-10,53,quantile,0.4,192.90041141727497
2025-12-20,wk inc flu hosp,2,2026-01-10,53,quantile,0.45,215.09637882733568
2025-12-20,wk inc flu hosp,2,2026-01-10,53,quantile,0.5,231.1007422435684
2025-12-20,wk inc flu hosp,2,2026-01-10,53,quantile,0.55,245.9790287901034
2025-12-20,wk inc flu hosp,2,2026-01-10,53,quantile,0.6,271.3637746728633
2025-12-20,wk inc flu hosp,2,2026-01-10,53,quantile,0.65,291.78261390188055
2025-12-20,wk inc flu hosp,2,2026-01-10,53,quantile,0.7,315.29997566093243
2025-12-20,wk inc flu hosp,2,2026-01-10,53,quantile,0.75,335.4615334933131
2025-12-20,wk inc flu hosp,2,2026-01-10,53,quantile,0.8,382.7832498254249
2025-12-20,wk inc flu hosp,2,2026-01-10,53,quantile,0.85,420.9220639538225
2025-12-20,wk inc flu hosp,2,2026-01-10,53,quantile,0.9,497.5864699658703
2025-12-20,wk inc flu hosp,2,2026-01-10,53,quantile,0.95,574.6274792139819
2025-12-20,wk inc flu hosp,2,2026-01-10,53,quantile,0.975,730.5696326726297
2025-12-20,wk inc flu hosp,2,2026-01-10,53,quantile,0.99,820.5409676124866
2025-12-20,wk inc flu hosp,2,2026-01-10,54,quantile,0.01,18.43636816979932
2025-12-20,wk inc flu hosp,2,2026-01-10,54,quantile,0.025,22.74971505253538
2025-12-20,wk inc flu hosp,2,2026-01-10,54,quantile,0.05,32.77194047780616
2025-12-20,wk inc flu hosp,2,2026-01-10,54,quantile,0.1,49.80778543614151
2025-12-20,wk inc flu hosp,2,2026-01-10,54,quantile,0.15,63.286028022552465
2025-12-20,wk inc flu hosp,2,2026-01-10,54,quantile,0.2,76.92503538030219
2025-12-20,wk inc flu hosp,2,2026-01-10,54,quantile,0.25,92.6530827432968
2025-12-20,wk inc flu hosp,2,2026-01-10,54,quantile,0.3,105.3049060498607
2025-12-20,wk inc flu hosp,2,2026-01-10,54,quantile,0.35,121.13323363408139
2025-12-20,wk inc flu hosp,2,2026-01-10,54,quantile,0.4,138.27181810378593
2025-12-20,wk inc flu hosp,2,2026-01-10,54,quantile,0.45,160.71517942400652
2025-12-20,wk inc flu hosp,2,2026-01-10,54,quantile,0.5,188.88565485912775
2025-12-20,wk inc flu hosp,2,2026-01-10,54,quantile,0.55,228.888721427265
2025-12-20,wk inc flu hosp,2,2026-01-10,54,quantile,0.6,279.14661115755035
2025-12-20,wk inc flu hosp,2,2026-01-10,54,quantile,0.65,317.507081526253
2025-12-20,wk inc flu hosp,2,2026-01-10,54,quantile,0.7,343.8876216342271
2025-12-20,wk inc flu hosp,2,2026-01-10,54,quantile,0.75,398.3749776375227
2025-12-20,wk inc flu hosp,2,2026-01-10,54,quantile,0.8,431.5087446657543
2025-12-20,wk inc flu hosp,2,2026-01-10,54,quantile,0.85,475.4032215423275
2025-12-20,wk inc flu hosp,2,2026-01-10,54,quantile,0.9,509.91077016442546
2025-12-20,wk inc flu hosp,2,2026-01-10,54,quantile,0.95,712.83053035608
2025-12-20,wk inc flu hosp,2,2026-01-10,54,quantile,0.975,773.9291909682497
2025-12-20,wk inc flu hosp,2,2026-01-10,54,quantile,0.99,803.5529739554734
2025-12-20,wk inc flu hosp,2,2026-01-10,55,quantile,0.01,19.753895682043293
2025-12-20,wk inc flu hosp,2,2026-01-10,55,quantile,0.025,64.02197238785823
2025-12-20,wk inc flu hosp,2,2026-01-10,55,quantile,0.05,76.44870949845473
2025-12-20,wk inc flu hosp,2,2026-01-10,55,quantile,0.1,96.42720564539148
2025-12-20,wk inc flu hosp,2,2026-01-10,55,quantile,0.15,134.97240640316227
2025-12-20,wk inc flu hosp,2,2026-01-10,55,quantile,0.2,192.68288487569285
2025-12-20,wk inc flu hosp,2,2026-01-10,55,quantile,0.25,253.21117369024566
2025-12-20,wk inc flu hosp,2,2026-01-10,55,quantile,0.3,295.3944550357103
2025-12-20,wk inc flu hosp,2,2026-01-10,55,quantile,0.35,333.90674133732864
2025-12-20,wk inc flu hosp,2,2026-01-10,55,quantile,0.4,380.85997879618105
2025-12-20,wk inc flu hosp,2,2026-01-10,55,quantile,0.45,433.68952282525566
2025-12-20,wk inc flu hosp,2,2026-01-10,55,quantile,0.5,502.0184093649811
2025-12-20,wk inc flu hosp,2,2026-01-10,55,quantile,0.55,588.7687155545556
2025-12-20,wk inc flu hosp,2,2026-01-10,55,quantile,0.6,683.9852566715921
2025-12-20,wk inc flu hosp,2,2026-01-10,55,quantile,0.65,800.986380760771
2025-12-20,wk inc flu hosp,2,2026-01-10,55,quantile,0.7,874.5250520143138
2025-12-20,wk inc flu hosp,2,2026-01-10,55,quantile,0.75,945.0373971712154
2025-12-20,wk inc flu hosp,2,2026-01-10,55,quantile,0.8,1163.1940517666471
2025-12-20,wk inc flu hosp,2,2026-01-10,55,quantile,0.85,1453.0780648772509
2025-12-20,wk inc flu hosp,2,2026-01-10,55,quantile,0.9,1553.9971914006169
2025-12-20,wk inc flu hosp,2,2026-01-10,55,quantile,0.95,1723.7007492841822
2025-12-20,wk inc flu hosp,2,2026-01-10,55,quantile,0.975,1836.8304031584871
2025-12-20,wk inc flu hosp,2,2026-01-10,55,quantile,0.99,1849.608339632825
2025-12-20,wk inc flu hosp,2,2026-01-10,56,quantile,0.01,4.856607835525434
2025-12-20,wk inc flu hosp,2,2026-01-10,56,quantile,0.025,7.1819046376719
2025-12-20,wk inc flu hosp,2,2026-01-10,56,quantile,0.05,9.798753560724986
2025-12-20,wk inc flu hosp,2,2026-01-10,56,quantile,0.1,14.737856711160571
2025-12-20,wk inc flu hosp,2,2026-01-10,56,quantile,0.15,20.0993948052835
2025-12-20,wk inc flu hosp,2,2026-01-10,56,quantile,0.2,26.186827242657184
2025-12-20,wk inc flu hosp,2,2026-01-10,56,quantile,0.25,30.485364869477703
2025-12-20,wk inc flu hosp,2,2026-01-10,56,quantile,0.3,36.41965888513589
2025-12-20,wk inc flu hosp,2,2026-01-10,56,quantile,0.35,42.211360846025435
2025-12-20,wk inc flu hosp,2,2026-01-10,56,quantile,0.4,48.05420310654121
2025-12-20,wk inc flu hosp,2,2026-01-10,56,quantile,0.45,51.58245062758588
2025-12-20,wk inc flu hosp,2,2026-01-10,56,quantile,0.5,56.296688028362674
2025-12-20,wk inc flu hosp,2,2026-01-10,56,quantile,0.55,62.21124792117222
2025-12-20,wk inc flu hosp,2,2026-01-10,56,quantile,0.6,71.62035111548222
2025-12-20,wk inc flu hosp,2,2026-01-10,56,quantile,0.65,90.20284151707222
2025-12-20,wk inc flu hosp,2,2026-01-10,56,quantile,0.7,94.71690109064149
2025-12-20,wk inc flu hosp,2,2026-01-10,56,quantile,0.75,99.99925801184429
2025-12-20,wk inc flu hosp,2,2026-01-10,56,quantile,0.8,110.88501643508458
2025-12-20,wk inc flu hosp,2,2026-01-10,56,quantile,0.85,132.8893245354038
2025-12-20,wk inc flu hosp,2,2026-01-10,56,quantile,0.9,162.94000450334582
2025-12-20,wk inc flu hosp,2,2026-01-10,56,quantile,0.95,200.1803227819069
2025-12-20,wk inc flu hosp,2,2026-01-10,56,quantile,0.975,231.677603555389
2025-12-20,wk inc flu hosp,2,2026-01-10,56,quantile,0.99,242.3490768728596
2025-12-20,wk inc flu hosp,2,2026-01-10,72,quantile,0.01,53.43272325652443
2025-12-20,wk inc flu hosp,2,2026-01-10,72,quantile,0.025,81.79663543918586
2025-12-20,wk inc flu hosp,2,2026-01-10,72,quantile,0.05,90.1802759054174
2025-12-20,wk inc flu hosp,2,2026-01-10,72,quantile,0.1,138.87523495969776
2025-12-20,wk inc flu hosp,2,2026-01-10,72,quantile,0.15,160.59264784817742
2025-12-20,wk inc flu hosp,2,2026-01-10,72,quantile,0.2,184.77945875806287
2025-12-20,wk inc flu hosp,2,2026-01-10,72,quantile,0.25,212.39379263173052
2025-12-20,wk inc flu hosp,2,2026-01-10,72,quantile,0.3,241.73199054598885
2025-12-20,wk inc flu hosp,2,2026-01-10,72,quantile,0.35,261.7282564250573
2025-12-20,wk inc flu hosp,2,2026-01-10,72,quantile,0.4,281.81397823811375
2025-12-20,wk inc flu hosp,2,2026-01-10,72,quantile,0.45,309.89120824263745
2025-12-20,wk inc flu hosp,2,2026-01-10,72,quantile,0.5,343.578115620747
2025-12-20,wk inc flu hosp,2,2026-01-10,72,quantile,0.55,379.81917404148857
2025-12-20,wk inc flu hosp,2,2026-01-10,72,quantile,0.6,420.57448554828284
2025-12-20,wk inc flu hosp,2,2026-01-10,72,quantile,0.65,458.7767690926321
2025-12-20,wk inc flu hosp,2,2026-01-10,72,quantile,0.7,530.8355989096192
2025-12-20,wk inc flu hosp,2,2026-01-10,72,quantile,0.75,618.1978939850117
2025-12-20,wk inc flu hosp,2,2026-01-10,72,quantile,0.8,712.7257901489994
2025-12-20,wk inc flu hosp,2,2026-01-10,72,quantile,0.85,985.544288234576
2025-12-20,wk inc flu hosp,2,2026-01-10,72,quantile,0.9,1135.080563261341
2025-12-20,wk inc flu hosp,2,2026-01-10,72,quantile,0.95,1297.7125733299192
2025-12-20,wk inc flu hosp,2,2026-01-10,72,quantile,0.975,1382.467018819271
2025-12-20,wk inc flu hosp,2,2026-01-10,72,quantile,0.99,1397.6344036122737
2025-12-20,wk inc flu hosp,2,2026-01-10,US,quantile,0.01,4699.412388262948
2025-12-20,wk inc flu hosp,2,2026-01-10,US,quantile,0.025,7012.58754281707
2025-12-20,wk inc flu hosp,2,2026-01-10,US,quantile,0.05,10178.682796587746
2025-12-20,wk inc flu hosp,2,2026-01-10,US,quantile,0.1,11893.719346110069
2025-12-20,wk inc flu hosp,2,2026-01-10,US,quantile,0.15,13777.250503719877
2025-12-20,wk inc flu hosp,2,2026-01-10,US,quantile,0.2,16191.87413701533
2025-12-20,wk inc flu hosp,2,2026-01-10,US,quantile,0.25,18682.96851296208
2025-12-20,wk inc flu hosp,2,2026-01-10,US,quantile,0.3,20881.002574715953
2025-12-20,wk inc flu hosp,2,2026-01-10,US,quantile,0.35,23000.86257058402
2025-12-20,wk inc flu hosp,2,2026-01-10,US,quantile,0.4,25493.813557743506
2025-12-20,wk inc flu hosp,2,2026-01-10,US,quantile,0.45,28381.792281541544
2025-12-20,wk inc flu hosp,2,2026-01-10,US,quantile,0.5,31022.796240719694
2025-12-20,wk inc flu hosp,2,2026-01-10,US,quantile,0.55,33386.59645051365
2025-12-20,wk inc flu hosp,2,2026-01-10,US,quantile,0.6,38453.85454471043
2025-12-20,wk inc flu hosp,2,2026-01-10,US,quantile,0.65,43006.00519389276
2025-12-20,wk inc flu hosp,2,2026-01-10,US,quantile,0.7,44330.985923422006
2025-12-20,wk inc flu hosp,2,2026-01-10,US,quantile,0.75,46506.078984790685
2025-12-20,wk inc flu hosp,2,2026-01-10,US,quantile,0.8,51083.052365498996
2025-12-20,wk inc flu hosp,2,2026-01-10,US,quantile,0.85,56997.33354845021
2025-12-20,wk inc flu hosp,2,2026-01-10,US,quantile,0.9,67041.18175555728
2025-12-20,wk inc flu hosp,2,2026-01-10,US,quantile,0.95,77215.25009748092
2025-12-20,wk inc flu hosp,2,2026-01-10,US,quantile,0.975,103273.47490435054
2025-12-20,wk inc flu hosp,2,2026-01-10,US,quantile,0.99,115078.57324269845
2025-12-20,wk inc flu hosp,3,2026-01-17,01,quantile,0.01,40.81288135011275
2025-12-20,wk inc flu hosp,3,2026-01-17,01,quantile,0.025,49.42561153262212
2025-12-20,wk inc flu hosp,3,2026-01-17,01,quantile,0.05,64.84728886845487
2025-12-20,wk inc flu hosp,3,2026-01-17,01,quantile,0.1,82.3749528047836
2025-12-20,wk inc flu hosp,3,2026-01-17,01,quantile,0.15,98.45220640926101
2025-12-20,wk inc flu hosp,3,2026-01-17,01,quantile,0.2,116.00454770360766
2025-12-20,wk inc flu hosp,3,2026-01-17,01,quantile,0.25,136.9139761680475
2025-12-20,wk inc flu hosp,3,2026-01-17,01,quantile,0.3,163.180796822642
2025-12-20,wk inc flu hosp,3,2026-01-17,01,quantile,0.35,190.55422629451868
2025-12-20,wk inc flu hosp,3,2026-01-17,01,quantile,0.4,210.57121624254327
2025-12-20,wk inc flu hosp,3,2026-01-17,01,quantile,0.45,230.04953955405196
2025-12-20,wk inc flu hosp,3,2026-01-17,01,quantile,0.5,250.02260438969446
2025-12-20,wk inc flu hosp,3,2026-01-17,01,quantile,0.55,282.4857858202887
2025-12-20,wk inc flu hosp,3,2026-01-17,01,quantile,0.6,324.95394330143364
2025-12-20,wk inc flu hosp,3,2026-01-17,01,quantile,0.65,360.8919689757964
2025-12-20,wk inc flu hosp,3,2026-01-17,01,quantile,0.7,401.5349323447317
2025-12-20,wk inc flu hosp,3,2026-01-17,01,quantile,0.75,421.15750973415703
2025-12-20,wk inc flu hosp,3,2026-01-17,01,quantile,0.8,506.58223565977386
2025-12-20,wk inc flu hosp,3,2026-01-17,01,quantile,0.85,616.0476307794995
2025-12-20,wk inc flu hosp,3,2026-01-17,01,quantile,0.9,814.838860889537
2025-12-20,wk inc flu hosp,3,2026-01-17,01,quantile,0.95,999.7865018689138
2025-12-20,wk inc flu hosp,3,2026-01-17,01,quantile,0.975,1021.526250662667
2025-12-20,wk inc flu hosp,3,2026-01-17,01,quantile,0.99,1050.1271285440437
2025-12-20,wk inc flu hosp,3,2026-01-17,02,quantile,0.01,3.8172900155432
2025-12-20,wk inc flu hosp,3,2026-01-17,02,quantile,0.025,5.496321337292479
2025-12-20,wk inc flu hosp,3,2026-01-17,02,quantile,0.05,7.821539389971543
2025-12-20,wk inc flu hosp,3,2026-01-17,02,quantile,0.1,11.324854576319234
2025-12-20,wk inc flu hosp,3,2026-01-17,02,quantile,0.15,13.89381880958107
2025-12-20,wk inc flu hosp,3,2026-01-17,02,quantile,0.2,16.30164647339195
2025-12-20,wk inc flu hosp,3,2026-01-17,02,quantile,0.25,18.843892238877892
2025-12-20,wk inc flu hosp,3,2026-01-17,02,quantile,0.3,21.547401332889983
2025-12-20,wk inc flu hosp,3,2026-01-17,02,quantile,0.35,23.894081465929414
2025-12-20,wk inc flu hosp,3,2026-01-17,02,quantile,0.4,26.29804102779636
2025-12-20,wk inc flu hosp,3,2026-01-17,02,quantile,0.45,29.518885838077058
2025-12-20,wk inc flu hosp,3,2026-01-17,02,quantile,0.5,32.823010304242956
2025-12-20,wk inc flu hosp,3,2026-01-17,02,quantile,0.55,36.202012273752764
2025-12-20,wk inc flu hosp,3,2026-01-17,02,quantile,0.6,39.32758636169915
2025-12-20,wk inc flu hosp,3,2026-01-17,02,quantile,0.65,42.40426547440489
2025-12-20,wk inc flu hosp,3,2026-01-17,02,quantile,0.7,52.14110106859399
2025-12-20,wk inc flu hosp,3,2026-01-17,02,quantile,0.75,59.94609795229056
2025-12-20,wk inc flu hosp,3,2026-01-17,02,quantile,0.8,63.286565744613036
2025-12-20,wk inc flu hosp,3,2026-01-17,02,quantile,0.85,68.90368938248898
2025-12-20,wk inc flu hosp,3,2026-01-17,02,quantile,0.9,93.41109777136116
2025-12-20,wk inc flu hosp,3,2026-01-17,02,quantile,0.95,122.90421649624022
2025-12-20,wk inc flu hosp,3,2026-01-17,02,quantile,0.975,150.3917612560149
2025-12-20,wk inc flu hosp,3,2026-01-17,02,quantile,0.99,183.22788927074427
2025-12-20,wk inc flu hosp,3,2026-01-17,04,quantile,0.01,16.054723333978828
2025-12-20,wk inc flu hosp,3,2026-01-17,04,quantile,0.025,23.180955174306128
2025-12-20,wk inc flu hosp,3,2026-01-17,04,quantile,0.05,29.601253603860602
2025-12-20,wk inc flu hosp,3,2026-01-17,04,quantile,0.1,47.897106016689584
2025-12-20,wk inc flu hosp,3,2026-01-17,04,quantile,0.15,63.11687245200286
2025-12-20,wk inc flu hosp,3,2026-01-17,04,quantile,0.2,73.04521745488768
2025-12-20,wk inc flu hosp,3,2026-01-17,04,quantile,0.25,85.5172290106204
2025-12-20,wk inc flu hosp,3,2026-01-17,04,quantile,0.3,95.63843544457123
2025-12-20,wk inc flu hosp,3,2026-01-17,04,quantile,0.35,115.10694286789054
2025-12-20,wk inc flu hosp,3,2026-01-17,04,quantile,0.4,146.19769455190482
2025-12-20,wk inc flu hosp,3,2026-01-17,04,quantile,0.45,179.4954092560464
2025-12-20,wk inc flu hosp,3,2026-01-17,04,quantile,0.5,215.46953098154293
2025-12-20,wk inc flu hosp,3,2026-01-17,04,quantile,0.55,247.70666651492817
2025-12-20,wk inc flu hosp,3,2026-01-17,04,quantile,0.6,277.499607620338
2025-12-20,wk inc flu hosp,3,2026-01-17,04,quantile,0.65,304.87477469575515
2025-12-20,wk inc flu hosp,3,2026-01-17,04,quantile,0.7,333.86268098404656
2025-12-20,wk inc flu hosp,3,2026-01-17,04,quantile,0.75,367.3157798422811
2025-12-20,wk inc flu hosp,3,2026-01-17,04,quantile,0.8,389.18855941721097
2025-12-20,wk inc flu hosp,3,2026-01-17,04,quantile,0.85,438.5413077402753
2025-12-20,wk inc flu hosp,3,2026-01-17,04,quantile,0.9,544.8505730560458
2025-12-20,wk inc flu hosp,3,2026-01-17,04,quantile,0.95,727.130059789318
2025-12-20,wk inc flu hosp,3,2026-01-17,04,quantile,0.975,773.1223699609413
2025-12-20,wk inc flu hosp,3,2026-01-17,04,quantile,0.99,1146.6876242759758
2025-12-20,wk inc flu hosp,3,2026-01-17,05,quantile,0.01,22.1804076241935
2025-12-20,wk inc flu hosp,3,2026-01-17,05,quantile,0.025,26.136254008241785
2025-12-20,wk inc flu hosp,3,2026-01-17,05,quantile,0.05,38.80557393492304
2025-12-20,wk inc flu hosp,3,2026-01-17,05,quantile,0.1,63.998123681599665
2025-12-20,wk inc flu hosp,3,2026-01-17,05,quantile,0.15,110.81123155882108
2025-12-20,wk inc flu hosp,3,2026-01-17,05,quantile,0.2,150.71965859509237
2025-12-20,wk inc flu hosp,3,2026-01-17,05,quantile,0.25,177.01341114954764
2025-12-20,wk inc flu hosp,3,2026-01-17,05,quantile,0.3,197.6272207652508
2025-12-20,wk inc flu hosp,3,2026-01-17,05,quantile,0.35,217.16984206252917
2025-12-20,wk inc flu hosp,3,2026-01-17,05,quantile,0.4,240.03764771958734
2025-12-20,wk inc flu hosp,3,2026-01-17,05,quantile,0.45,269.2413881526147
2025-12-20,wk inc flu hosp,3,2026-01-17,05,quantile,0.5,299.48046687001863
2025-12-20,wk inc flu hosp,3,2026-01-17,05,quantile,0.55,337.0802778881038
2025-12-20,wk inc flu hosp,3,2026-01-17,05,quantile,0.6,366.3510726540446
2025-12-20,wk inc flu hosp,3,2026-01-17,05,quantile,0.65,436.67332524436
2025-12-20,wk inc flu hosp,3,2026-01-17,05,quantile,0.7,501.3808937438991
2025-12-20,wk inc flu hosp,3,2026-01-17,05,quantile,0.75,550.2561738074642
2025-12-20,wk inc flu hosp,3,2026-01-17,05,quantile,0.8,593.6863009018462
2025-12-20,wk inc flu hosp,3,2026-01-17,05,quantile,0.85,611.152232887814
2025-12-20,wk inc flu hosp,3,2026-01-17,05,quantile,0.9,661.2210693360025
2025-12-20,wk inc flu hosp,3,2026-01-17,05,quantile,0.95,967.8391258941397
2025-12-20,wk inc flu hosp,3,2026-01-17,05,quantile,0.975,1064.636312855428
2025-12-20,wk inc flu hosp,3,2026-01-17,05,quantile,0.99,1091.3693398577086
2025-12-20,wk inc flu hosp,3,2026-01-17,06,quantile,0.01,123.4988412886875
2025-12-20,wk inc flu hosp,3,2026-01-17,06,quantile,0.025,175.5676554519332
2025-12-20,wk inc flu hosp,3,2026-01-17,06,quantile,0.05,251.29623483548076
2025-12-20,wk inc flu hosp,3,2026-01-17,06,quantile,0.1,380.99357407878915
2025-12-20,wk inc flu hosp,3,2026-01-17,06,quantile,0.15,626.2165077227507
2025-12-20,wk inc flu hosp,3,2026-01-17,06,quantile,0.2,732.8794137162616
2025-12-20,wk inc flu hosp,3,2026-01-17,06,quantile,0.25,841.2105257355355
2025-12-20,wk inc flu hosp,3,2026-01-17,06,quantile,0.3,917.0498974489428
2025-12-20,wk inc flu hosp,3,2026-01-17,06,quantile,0.35,1054.0544915348028
2025-12-20,wk inc flu hosp,3,2026-01-17,06,quantile,0.4,1212.3342976006581
2025-12-20,wk inc flu hosp,3,2026-01-17,06,quantile,0.45,1378.280535144525
2025-12-20,wk inc flu hosp,3,2026-01-17,06,quantile,0.5,1552.7710583525914
2025-12-20,wk inc flu hosp,3,2026-01-17,06,quantile,0.55,1740.5312115252038
2025-12-20,wk inc flu hosp,3,2026-01-17,06,quantile,0.6,1900.6296757030448
2025-12-20,wk inc flu hosp,3,2026-01-17,06,quantile,0.65,2042.350733798783
2025-12-20,wk inc flu hosp,3,2026-01-17,06,quantile,0.7,2222.3270507013003
2025-12-20,wk inc flu hosp,3,2026-01-17,06,quantile,0.75,2453.335452705201
2025-12-20,wk inc flu hosp,3,2026-01-17,06,quantile,0.8,2874.788117797738
2025-12-20,wk inc flu hosp,3,2026-01-17,06,quantile,0.85,3028.8554089057775
2025-12-20,wk inc flu hosp,3,2026-01-17,06,quantile,0.9,3388.7142181216323
2025-12-20,wk inc flu hosp,3,2026-01-17,06,quantile,0.95,3703.406905178793
2025-12-20,wk inc flu hosp,3,2026-01-17,06,quantile,0.975,4415.276698149976
2025-12-20,wk inc flu hosp,3,2026-01-17,06,quantile,0.99,4734.2783887723845
2025-12-20,wk inc flu hosp,3,2026-01-17,08,quantile,0.01,80.51781939798944
2025-12-20,wk inc flu hosp,3,2026-01-17,08,quantile,0.025,90.16316122442112
2025-12-20,wk inc flu hosp,3,2026-01-17,08,quantile,0.05,110.72566935858681
2025-12-20,wk inc flu hosp,3,2026-01-17,08,quantile,0.1,143.2979682932472
2025-12-20,wk inc flu hosp,3,2026-01-17,08,quantile,0.15,171.89583943710642
2025-12-20,wk inc flu hosp,3,2026-01-17,08,quantile,0.2,204.70151521388038
2025-12-20,wk inc flu hosp,3,2026-01-17,08,quantile,0.25,239.13040215240767
2025-12-20,wk inc flu hosp,3,2026-01-17,08,quantile,0.3,274.45111156175267
2025-12-20,wk inc flu hosp,3,2026-01-17,08,quantile,0.35,305.3309388041998
2025-12-20,wk inc flu hosp,3,2026-01-17,08,quantile,0.4,343.6258643179952
2025-12-20,wk inc flu hosp,3,2026-01-17,08,quantile,0.45,384.9261840678294
2025-12-20,wk inc flu hosp,3,2026-01-17,08,quantile,0.5,451.5692701363679
2025-12-20,wk inc flu hosp,3,2026-01-17,08,quantile,0.55,529.3144885968512
2025-12-20,wk inc flu hosp,3,2026-01-17,08,quantile,0.6,693.4896599476951
2025-12-20,wk inc flu hosp,3,2026-01-17,08,quantile,0.65,960.4089263009579
2025-12-20,wk inc flu hosp,3,2026-01-17,08,quantile,0.7,1128.3438169040662
2025-12-20,wk inc flu hosp,3,2026-01-17,08,quantile,0.75,1304.7767641316145
2025-12-20,wk inc flu hosp,3,2026-01-17,08,quantile,0.8,1362.6087947101869
2025-12-20,wk inc flu hosp,3,2026-01-17,08,quantile,0.85,1410.9026257665294
2025-12-20,wk inc flu hosp,3,2026-01-17,08,quantile,0.9,1688.7661501335926
2025-12-20,wk inc flu hosp,3,2026-01-17,08,quantile,0.95,2754.547414758416
2025-12-20,wk inc flu hosp,3,2026-01-17,08,quantile,0.975,2800.838663228696
2025-12-20,wk inc flu hosp,3,2026-01-17,08,quantile,0.99,2809.545466398405
2025-12-20,wk inc flu hosp,3,2026-01-17,09,quantile,0.01,41.193036116783766
2025-12-20,wk inc flu hosp,3,2026-01-17,09,quantile,0.025,52.308989509777746
2025-12-20,wk inc flu hosp,3,2026-01-17,09,quantile,0.05,65.17632743422907
2025-12-20,wk inc flu hosp,3,2026-01-17,09,quantile,0.1,87.30783819273877
2025-12-20,wk inc flu hosp,3,2026-01-17,09,quantile,0.15,100.8137963309257
2025-12-20,wk inc flu hosp,3,2026-01-17,09,quantile,0.2,118.47861951675554
2025-12-20,wk inc flu hosp,3,2026-01-17,09,quantile,0.25,134.35938284034543
2025-12-20,wk inc flu hosp,3,2026-01-17,09,quantile,0.3,153.6369860717726
2025-12-20,wk inc flu hosp,3,2026-01-17,09,quantile,0.35,176.93402325363866
2025-12-20,wk inc flu hosp,3,2026-01-17,09,quantile,0.4,204.04685238702785
2025-12-20,wk inc flu hosp,3,2026-01-17,09,quantile,0.45,234.77237774328574
2025-12-20,wk inc flu hosp,3,2026-01-17,09,quantile,0.5,302.4446406012399
2025-12-20,wk inc flu hosp,3,2026-01-17,09,quantile,0.55,405.1862016959247
2025-12-20,wk inc flu hosp,3,2026-01-17,09,quantile,0.6,584.7468158188564
2025-12-20,wk inc flu hosp,3,2026-01-17,09,quantile,0.65,879.289654732499
2025-12-20,wk inc flu hosp,3,2026-01-17,09,quantile,0.7,1145.5584320936825
2025-12-20,wk inc flu hosp,3,2026-01-17,09,quantile,0.75,1198.2530955652446
2025-12-20,wk inc flu hosp,3,2026-01-17,09,quantile,0.8,1378.58727191333
2025-12-20,wk inc flu hosp,3,2026-01-17,09,quantile,0.85,1563.2444673939142
2025-12-20,wk inc flu hosp,3,2026-01-17,09,quantile,0.9,1992.729657910067
2025-12-20,wk inc flu hosp,3,2026-01-17,09,quantile,0.95,2949.2644660835476
2025-12-20,wk inc flu hosp,3,2026-01-17,09,quantile,0.975,3007.6380044230837
2025-12-20,wk inc flu hosp,3,2026-01-17,09,quantile,0.99,3013.6729022137774
2025-12-20,wk inc flu hosp,3,2026-01-17,10,quantile,0.01,7.432992040393408
2025-12-20,wk inc flu hosp,3,2026-01-17,10,quantile,0.025,10.082832408225116
2025-12-20,wk inc flu hosp,3,2026-01-17,10,quantile,0.05,14.665398800645654
2025-12-20,wk inc flu hosp,3,2026-01-17,10,quantile,0.1,21.343469364520992
2025-12-20,wk inc flu hosp,3,2026-01-17,10,quantile,0.15,25.045798752702215
2025-12-20,wk inc flu hosp,3,2026-01-17,10,quantile,0.2,34.21593414770912
2025-12-20,wk inc flu hosp,3,2026-01-17,10,quantile,0.25,42.8711637157293
2025-12-20,wk inc flu hosp,3,2026-01-17,10,quantile,0.3,50.93689542363447
2025-12-20,wk inc flu hosp,3,2026-01-17,10,quantile,0.35,59.00202684383615
2025-12-20,wk inc flu hosp,3,2026-01-17,10,quantile,0.4,68.07060465150114
2025-12-20,wk inc flu hosp,3,2026-01-17,10,quantile,0.45,78.97759845948477
2025-12-20,wk inc flu hosp,3,2026-01-17,10,quantile,0.5,97.43272852384186
2025-12-20,wk inc flu hosp,3,2026-01-17,10,quantile,0.55,126.8490832662709
2025-12-20,wk inc flu hosp,3,2026-01-17,10,quantile,0.6,168.3445648568907
2025-12-20,wk inc flu hosp,3,2026-01-17,10,quantile,0.65,236.77351698753972
2025-12-20,wk inc flu hosp,3,2026-01-17,10,quantile,0.7,272.1479766906657
2025-12-20,wk inc flu hosp,3,2026-01-17,10,quantile,0.75,294.9796179505644
2025-12-20,wk inc flu hosp,3,2026-01-17,10,quantile,0.8,360.4572694497084
2025-12-20,wk inc flu hosp,3,2026-01-17,10,quantile,0.85,394.559136821858
2025-12-20,wk inc flu hosp,3,2026-01-17,10,quantile,0.9,429.31466731905874
2025-12-20,wk inc flu hosp,3,2026-01-17,10,quantile,0.95,481.0876745185826
2025-12-20,wk inc flu hosp,3,2026-01-17,10,quantile,0.975,493.4133994770933
2025-12-20,wk inc flu hosp,3,2026-01-17,10,quantile,0.99,508.3898303097901
2025-12-20,wk inc flu hosp,3,2026-01-17,11,quantile,0.01,1.0544861747422098
2025-12-20,wk inc flu hosp,3,2026-01-17,11,quantile,0.025,1.4052203444123585
2025-12-20,wk inc flu hosp,3,2026-01-17,11,quantile,0.05,2.264672050124138
2025-12-20,wk inc flu hosp,3,2026-01-17,11,quantile,0.1,5.095608062829535
2025-12-20,wk inc flu hosp,3,2026-01-17,11,quantile,0.15,8.631143319434464
2025-12-20,wk inc flu hosp,3,2026-01-17,11,quantile,0.2,13.964430532176003
2025-12-20,wk inc flu hosp,3,2026-01-17,11,quantile,0.25,17.71269750902737
2025-12-20,wk inc flu hosp,3,2026-01-17,11,quantile,0.3,20.317745701447272
2025-12-20,wk inc flu hosp,3,2026-01-17,11,quantile,0.35,21.764578554595573
2025-12-20,wk inc flu hosp,3,2026-01-17,11,quantile,0.4,23.00424867286953
2025-12-20,wk inc flu hosp,3,2026-01-17,11,quantile,0.45,24.385999819383727
2025-12-20,wk inc flu hosp,3,2026-01-17,11,quantile,0.5,26.58678816149983
2025-12-20,wk inc flu hosp,3,2026-01-17,11,quantile,0.55,31.55829027997458
2025-12-20,wk inc flu hosp,3,2026-01-17,11,quantile,0.6,38.50115567087431
2025-12-20,wk inc flu hosp,3,2026-01-17,11,quantile,0.65,42.94997181538453
2025-12-20,wk inc flu hosp,3,2026-01-17,11,quantile,0.7,48.34780773432401
2025-12-20,wk inc flu hosp,3,2026-01-17,11,quantile,0.75,51.23425715663455
2025-12-20,wk inc flu hosp,3,2026-01-17,11,quantile,0.8,52.69232935036426
2025-12-20,wk inc flu hosp,3,2026-01-17,11,quantile,0.85,64.72002712533592
2025-12-20,wk inc flu hosp,3,2026-01-17,11,quantile,0.9,96.19475639609664
2025-12-20,wk inc flu hosp,3,2026-01-17,11,quantile,0.95,131.47931172266112
2025-12-20,wk inc flu hosp,3,2026-01-17,11,quantile,0.975,136.21463742936984
2025-12-20,wk inc flu hosp,3,2026-01-17,11,quantile,0.99,136.3834580278866
2025-12-20,wk inc flu hosp,3,2026-01-17,12,quantile,0.01,44.245116962444484
2025-12-20,wk inc flu hosp,3,2026-01-17,12,quantile,0.025,316.4305286566023
2025-12-20,wk inc flu hosp,3,2026-01-17,12,quantile,0.05,514.7503482715699
2025-12-20,wk inc flu hosp,3,2026-01-17,12,quantile,0.1,746.2322114347045
2025-12-20,wk inc flu hosp,3,2026-01-17,12,quantile,0.15,981.507136720731
2025-12-20,wk inc flu hosp,3,2026-01-17,12,quantile,0.2,1121.096377048111
2025-12-20,wk inc flu hosp,3,2026-01-17,12,quantile,0.25,1222.4099989834149
2025-12-20,wk inc flu hosp,3,2026-01-17,12,quantile,0.3,1316.21251888315
2025-12-20,wk inc flu hosp,3,2026-01-17,12,quantile,0.35,1448.142302585969
2025-12-20,wk inc flu hosp,3,2026-01-17,12,quantile,0.4,1630.864574260236
2025-12-20,wk inc flu hosp,3,2026-01-17,12,quantile,0.45,1850.3738337525701
2025-12-20,wk inc flu hosp,3,2026-01-17,12,quantile,0.5,2146.6947989301498
2025-12-20,wk inc flu hosp,3,2026-01-17,12,quantile,0.55,2620.1664108694263
2025-12-20,wk inc flu hosp,3,2026-01-17,12,quantile,0.6,3533.275461276664
2025-12-20,wk inc flu hosp,3,2026-01-17,12,quantile,0.65,4456.30063477059
2025-12-20,wk inc flu hosp,3,2026-01-17,12,quantile,0.7,5097.291544132192
2025-12-20,wk inc flu hosp,3,2026-01-17,12,quantile,0.75,6024.013640080811
2025-12-20,wk inc flu hosp,3,2026-01-17,12,quantile,0.8,6976.2411558486565
2025-12-20,wk inc flu hosp,3,2026-01-17,12,quantile,0.85,8182.991942420298
2025-12-20,wk inc flu hosp,3,2026-01-17,12,quantile,0.9,8737.976316164733
2025-12-20,wk inc flu hosp,3,2026-01-17,12,quantile,0.95,9655.302331619723
2025-12-20,wk inc flu hosp,3,2026-01-17,12,quantile,0.975,10385.806586279175
2025-12-20,wk inc flu hosp,3,2026-01-17,12,quantile,0.99,10633.039721227791
2025-12-20,wk inc flu hosp,3,2026-01-17,13,quantile,0.01,82.03242775107188
2025-12-20,wk inc flu hosp,3,2026-01-17,13,quantile,0.025,105.02103897651338
2025-12-20,wk inc flu hosp,3,2026-01-17,13,quantile,0.05,139.394523858508
2025-12-20,wk inc flu hosp,3,2026-01-17,13,quantile,0.1,273.07845218735997
2025-12-20,wk inc flu hosp,3,2026-01-17,13,quantile,0.15,344.0161545750812
2025-12-20,wk inc flu hosp,3,2026-01-17,13,quantile,0.2,409.87747282095205
2025-12-20,wk inc flu hosp,3,2026-01-17,13,quantile,0.25,497.69710210766993
2025-12-20,wk inc flu hosp,3,2026-01-17,13,quantile,0.3,564.8659800589079
2025-12-20,wk inc flu hosp,3,2026-01-17,13,quantile,0.35,640.082772950424
2025-12-20,wk inc flu hosp,3,2026-01-17,13,quantile,0.4,722.2749191443024
2025-12-20,wk inc flu hosp,3,2026-01-17,13,quantile,0.45,806.096852108057
2025-12-20,wk inc flu hosp,3,2026-01-17,13,quantile,0.5,871.5078696119259
2025-12-20,wk inc flu hosp,3,2026-01-17,13,quantile,0.55,960.4768717999124
2025-12-20,wk inc flu hosp,3,2026-01-17,13,quantile,0.6,1050.449077855627
2025-12-20,wk inc flu hosp,3,2026-01-17,13,quantile,0.65,1161.33924914752
2025-12-20,wk inc flu hosp,3,2026-01-17,13,quantile,0.7,1270.329536041668
2025-12-20,wk inc flu hosp,3,2026-01-17,13,quantile,0.75,1440.551297602533
2025-12-20,wk inc flu hosp,3,2026-01-17,13,quantile,0.8,1544.8264026330726
2025-12-20,wk inc flu hosp,3,2026-01-17,13,quantile,0.85,1765.2039021979722
2025-12-20,wk inc flu hosp,3,2026-01-17,13,quantile,0.9,2007.3306909873857
2025-12-20,wk inc flu hosp,3,2026-01-17,13,quantile,0.95,2261.2514469724965
2025-12-20,wk inc flu hosp,3,2026-01-17,13,quantile,0.975,2695.4551908296326
2025-12-20,wk inc flu hosp,3,2026-01-17,13,quantile,0.99,2955.6123655668953
2025-12-20,wk inc flu hosp,3,2026-01-17,15,quantile,0.01,10.672667612589985
2025-12-20,wk inc flu hosp,3,2026-01-17,15,quantile,0.025,22.87397266355867
2025-12-20,wk inc flu hosp,3,2026-01-17,15,quantile,0.05,27.810853417225935
2025-12-20,wk inc flu hosp,3,2026-01-17,15,quantile,0.1,35.74145441836985
2025-12-20,wk inc flu hosp,3,2026-01-17,15,quantile,0.15,41.13352363623767
2025-12-20,wk inc flu hosp,3,2026-01-17,15,quantile,0.2,46.01808304664095
2025-12-20,wk inc flu hosp,3,2026-01-17,15,quantile,0.25,50.77846622941534
2025-12-20,wk inc flu hosp,3,2026-01-17,15,quantile,0.3,55.00282318205985
2025-12-20,wk inc flu hosp,3,2026-01-17,15,quantile,0.35,59.43631046019288
2025-12-20,wk inc flu hosp,3,2026-01-17,15,quantile,0.4,64.68727600913499
2025-12-20,wk inc flu hosp,3,2026-01-17,15,quantile,0.45,68.89689865261482
2025-12-20,wk inc flu hosp,3,2026-01-17,15,quantile,0.5,76.00770912528559
2025-12-20,wk inc flu hosp,3,2026-01-17,15,quantile,0.55,83.85106611768975
2025-12-20,wk inc flu hosp,3,2026-01-17,15,quantile,0.6,92.62822664614716
2025-12-20,wk inc flu hosp,3,2026-01-17,15,quantile,0.65,103.35372424444901
2025-12-20,wk inc flu hosp,3,2026-01-17,15,quantile,0.7,115.21443365477549
2025-12-20,wk inc flu hosp,3,2026-01-17,15,quantile,0.75,131.36385748518555
2025-12-20,wk inc flu hosp,3,2026-01-17,15,quantile,0.8,169.29593762003609
2025-12-20,wk inc flu hosp,3,2026-01-17,15,quantile,0.85,182.7165028637316
2025-12-20,wk inc flu hosp,3,2026-01-17,15,quantile,0.9,234.00868056930997
2025-12-20,wk inc flu hosp,3,2026-01-17,15,quantile,0.95,346.95219868690964
2025-12-20,wk inc flu hosp,3,2026-01-17,15,quantile,0.975,367.8495703852947
2025-12-20,wk inc flu hosp,3,2026-01-17,15,quantile,0.99,369.9112906257932
2025-12-20,wk inc flu hosp,3,2026-01-17,16,quantile,0.01,11.679855703504511
2025-12-20,wk inc flu hosp,3,2026-01-17,16,quantile,0.025,14.811649601015125
2025-12-20,wk inc flu hosp,3,2026-01-17,16,quantile,0.05,17.805170423345054
2025-12-20,wk inc flu hosp,3,2026-01-17,16,quantile,0.1,27.471339575596968
2025-12-20,wk inc flu hosp,3,2026-01-17,16,quantile,0.15,34.8181030178115
2025-12-20,wk inc flu hosp,3,2026-01-17,16,quantile,0.2,42.82826920386083
2025-12-20,wk inc flu hosp,3,2026-01-17,16,quantile,0.25,49.61593285535586
2025-12-20,wk inc flu hosp,3,2026-01-17,16,quantile,0.3,55.08782181352354
2025-12-20,wk inc flu hosp,3,2026-01-17,16,quantile,0.35,62.035828551845455
2025-12-20,wk inc flu hosp,3,2026-01-17,16,quantile,0.4,70.13625640851627
2025-12-20,wk inc flu hosp,3,2026-01-17,16,quantile,0.45,78.06881598009403
2025-12-20,wk inc flu hosp,3,2026-01-17,16,quantile,0.5,84.12246535987326
2025-12-20,wk inc flu hosp,3,2026-01-17,16,quantile,0.55,94.2383742218146
2025-12-20,wk inc flu hosp,3,2026-01-17,16,quantile,0.6,119.6041575927454
2025-12-20,wk inc flu hosp,3,2026-01-17,16,quantile,0.65,151.8481303934025
2025-12-20,wk inc flu hosp,3,2026-01-17,16,quantile,0.7,164.32600953924393
2025-12-20,wk inc flu hosp,3,2026-01-17,16,quantile,0.75,184.94726150755844
2025-12-20,wk inc flu hosp,3,2026-01-17,16,quantile,0.8,224.4420938480594
2025-12-20,wk inc flu hosp,3,2026-01-17,16,quantile,0.85,266.8691188662674
2025-12-20,wk inc flu hosp,3,2026-01-17,16,quantile,0.9,302.21635712337326
2025-12-20,wk inc flu hosp,3,2026-01-17,16,quantile,0.95,324.48639542138545
2025-12-20,wk inc flu hosp,3,2026-01-17,16,quantile,0.975,374.7918798515233
2025-12-20,wk inc flu hosp,3,2026-01-17,16,quantile,0.99,444.8517352067226
2025-12-20,wk inc flu hosp,3,2026-01-17,17,quantile,0.01,12.428383674040651
2025-12-20,wk inc flu hosp,3,2026-01-17,17,quantile,0.025,19.50041462525923
2025-12-20,wk inc flu hosp,3,2026-01-17,17,quantile,0.05,80.50604076268024
2025-12-20,wk inc flu hosp,3,2026-01-17,17,quantile,0.1,129.46158151451843
2025-12-20,wk inc flu hosp,3,2026-01-17,17,quantile,0.15,179.69379581604633
2025-12-20,wk inc flu hosp,3,2026-01-17,17,quantile,0.2,221.51225293926277
2025-12-20,wk inc flu hosp,3,2026-01-17,17,quantile,0.25,271.2585530974995
2025-12-20,wk inc flu hosp,3,2026-01-17,17,quantile,0.3,346.6345616861011
2025-12-20,wk inc flu hosp,3,2026-01-17,17,quantile,0.35,423.1088204544451
2025-12-20,wk inc flu hosp,3,2026-01-17,17,quantile,0.4,495.88687070616544
2025-12-20,wk inc flu hosp,3,2026-01-17,17,quantile,0.45,577.1856067612647
2025-12-20,wk inc flu hosp,3,2026-01-17,17,quantile,0.5,651.7459016035464
2025-12-20,wk inc flu hosp,3,2026-01-17,17,quantile,0.55,751.8892716967723
2025-12-20,wk inc flu hosp,3,2026-01-17,17,quantile,0.6,840.132597966561
2025-12-20,wk inc flu hosp,3,2026-01-17,17,quantile,0.65,1037.364165421523
2025-12-20,wk inc flu hosp,3,2026-01-17,17,quantile,0.7,1247.802579744056
2025-12-20,wk inc flu hosp,3,2026-01-17,17,quantile,0.75,1561.4173807916698
2025-12-20,wk inc flu hosp,3,2026-01-17,17,quantile,0.8,1909.9724765620485
2025-12-20,wk inc flu hosp,3,2026-01-17,17,quantile,0.85,2044.3267373812403
2025-12-20,wk inc flu hosp,3,2026-01-17,17,quantile,0.9,2285.6947042310803
2025-12-20,wk inc flu hosp,3,2026-01-17,17,quantile,0.95,3297.586688445389
2025-12-20,wk inc flu hosp,3,2026-01-17,17,quantile,0.975,3629.2248194551094
2025-12-20,wk inc flu hosp,3,2026-01-17,17,quantile,0.99,3720.5212035183613
2025-12-20,wk inc flu hosp,3,2026-01-17,18,quantile,0.01,62.646999333159805
2025-12-20,wk inc flu hosp,3,2026-01-17,18,quantile,0.025,64.81602056043823
2025-12-20,wk inc flu hosp,3,2026-01-17,18,quantile,0.05,71.36810676714911
2025-12-20,wk inc flu hosp,3,2026-01-17,18,quantile,0.1,95.51091998582744
2025-12-20,wk inc flu hosp,3,2026-01-17,18,quantile,0.15,155.73298880220713
2025-12-20,wk inc flu hosp,3,2026-01-17,18,quantile,0.2,217.20258080589576
2025-12-20,wk inc flu hosp,3,2026-01-17,18,quantile,0.25,262.2142750055748
2025-12-20,wk inc flu hosp,3,2026-01-17,18,quantile,0.3,307.6224509187272
2025-12-20,wk inc flu hosp,3,2026-01-17,18,quantile,0.35,346.7120895649781
2025-12-20,wk inc flu hosp,3,2026-01-17,18,quantile,0.4,383.1485053495104
2025-12-20,wk inc flu hosp,3,2026-01-17,18,quantile,0.45,415.77033358058816
2025-12-20,wk inc flu hosp,3,2026-01-17,18,quantile,0.5,459.6557575596972
2025-12-20,wk inc flu hosp,3,2026-01-17,18,quantile,0.55,515.5396626328003
2025-12-20,wk inc flu hosp,3,2026-01-17,18,quantile,0.6,587.0018498722048
2025-12-20,wk inc flu hosp,3,2026-01-17,18,quantile,0.65,651.328584807459
2025-12-20,wk inc flu hosp,3,2026-01-17,18,quantile,0.7,726.2535638665363
2025-12-20,wk inc flu hosp,3,2026-01-17,18,quantile,0.75,840.4439819704921
2025-12-20,wk inc flu hosp,3,2026-01-17,18,quantile,0.8,941.6038047636107
2025-12-20,wk inc flu hosp,3,2026-01-17,18,quantile,0.85,1127.6133623048138
2025-12-20,wk inc flu hosp,3,2026-01-17,18,quantile,0.9,1436.9312334823014
2025-12-20,wk inc flu hosp,3,2026-01-17,18,quantile,0.95,1588.310127483051
2025-12-20,wk inc flu hosp,3,2026-01-17,18,quantile,0.975,1693.197704311418
2025-12-20,wk inc flu hosp,3,2026-01-17,18,quantile,0.99,1735.5228645304815
2025-12-20,wk inc flu hosp,3,2026-01-17,19,quantile,0.01,10.129862855599994
2025-12-20,wk inc flu hosp,3,2026-01-17,19,quantile,0.025,16.64824515120266
2025-12-20,wk inc flu hosp,3,2026-01-17,19,quantile,0.05,23.59094906351195
2025-12-20,wk inc flu hosp,3,2026-01-17,19,quantile,0.1,37.65849738996136
2025-12-20,wk inc flu hosp,3,2026-01-17,19,quantile,0.15,47.94132721253001
2025-12-20,wk inc flu hosp,3,2026-01-17,19,quantile,0.2,61.293850538081315
2025-12-20,wk inc flu hosp,3,2026-01-17,19,quantile,0.25,82.50278704399538
2025-12-20,wk inc flu hosp,3,2026-01-17,19,quantile,0.3,99.91329089535428
2025-12-20,wk inc flu hosp,3,2026-01-17,19,quantile,0.35,118.14257336363296
2025-12-20,wk inc flu hosp,3,2026-01-17,19,quantile,0.4,137.12998402846634
2025-12-20,wk inc flu hosp,3,2026-01-17,19,quantile,0.45,159.50298496938353
2025-12-20,wk inc flu hosp,3,2026-01-17,19,quantile,0.5,182.8363025707251
2025-12-20,wk inc flu hosp,3,2026-01-17,19,quantile,0.55,209.11072774242112
2025-12-20,wk inc flu hosp,3,2026-01-17,19,quantile,0.6,242.33550709928167
2025-12-20,wk inc flu hosp,3,2026-01-17,19,quantile,0.65,289.93544673665997
2025-12-20,wk inc flu hosp,3,2026-01-17,19,quantile,0.7,368.8381152707832
2025-12-20,wk inc flu hosp,3,2026-01-17,19,quantile,0.75,438.2895207734585
2025-12-20,wk inc flu hosp,3,2026-01-17,19,quantile,0.8,510.10259983105476
2025-12-20,wk inc flu hosp,3,2026-01-17,19,quantile,0.85,615.6882249411827
2025-12-20,wk inc flu hosp,3,2026-01-17,19,quantile,0.9,814.0298486505803
2025-12-20,wk inc flu hosp,3,2026-01-17,19,quantile,0.95,884.8089339596145
2025-12-20,wk inc flu hosp,3,2026-01-17,19,quantile,0.975,928.3296636103274
2025-12-20,wk inc flu hosp,3,2026-01-17,19,quantile,0.99,953.7182814399531
2025-12-20,wk inc flu hosp,3,2026-01-17,20,quantile,0.01,8.601722027882428
2025-12-20,wk inc flu hosp,3,2026-01-17,20,quantile,0.025,15.285363564391732
2025-12-20,wk inc flu hosp,3,2026-01-17,20,quantile,0.05,20.322533935096697
2025-12-20,wk inc flu hosp,3,2026-01-17,20,quantile,0.1,28.082541600529943
2025-12-20,wk inc flu hosp,3,2026-01-17,20,quantile,0.15,36.52446992349023
2025-12-20,wk inc flu hosp,3,2026-01-17,20,quantile,0.2,43.708577688893875
2025-12-20,wk inc flu hosp,3,2026-01-17,20,quantile,0.25,50.60049590679298
2025-12-20,wk inc flu hosp,3,2026-01-17,20,quantile,0.3,57.03504164752854
2025-12-20,wk inc flu hosp,3,2026-01-17,20,quantile,0.35,64.57038601487781
2025-12-20,wk inc flu hosp,3,2026-01-17,20,quantile,0.4,73.2052411899078
2025-12-20,wk inc flu hosp,3,2026-01-17,20,quantile,0.45,83.63595464692824
2025-12-20,wk inc flu hosp,3,2026-01-17,20,quantile,0.5,96.45767200434184
2025-12-20,wk inc flu hosp,3,2026-01-17,20,quantile,0.55,116.610861258376
2025-12-20,wk inc flu hosp,3,2026-01-17,20,quantile,0.6,140.9905800592312
2025-12-20,wk inc flu hosp,3,2026-01-17,20,quantile,0.65,180.40069972434023
2025-12-20,wk inc flu hosp,3,2026-01-17,20,quantile,0.7,207.13421816875706
2025-12-20,wk inc flu hosp,3,2026-01-17,20,quantile,0.75,226.07281709765437
2025-12-20,wk inc flu hosp,3,2026-01-17,20,quantile,0.8,277.6111762556766
2025-12-20,wk inc flu hosp,3,2026-01-17,20,quantile,0.85,359.395086760658
2025-12-20,wk inc flu hosp,3,2026-01-17,20,quantile,0.9,450.08344547155735
2025-12-20,wk inc flu hosp,3,2026-01-17,20,quantile,0.95,488.1309512099789
2025-12-20,wk inc flu hosp,3,2026-01-17,20,quantile,0.975,507.6044372334059
2025-12-20,wk inc flu hosp,3,2026-01-17,20,quantile,0.99,527.9558097887943
2025-12-20,wk inc flu hosp,3,2026-01-17,21,quantile,0.01,17.320427192477624
2025-12-20,wk inc flu hosp,3,2026-01-17,21,quantile,0.025,40.57182394622648
2025-12-20,wk inc flu hosp,3,2026-01-17,21,quantile,0.05,49.491950953487006
2025-12-20,wk inc flu hosp,3,2026-01-17,21,quantile,0.1,67.65605281371433
2025-12-20,wk inc flu hosp,3,2026-01-17,21,quantile,0.15,103.7690135474643
2025-12-20,wk inc flu hosp,3,2026-01-17,21,quantile,0.2,153.74626264965013
2025-12-20,wk inc flu hosp,3,2026-01-17,21,quantile,0.25,188.45784926154872
2025-12-20,wk inc flu hosp,3,2026-01-17,21,quantile,0.3,218.5374602914217
2025-12-20,wk inc flu hosp,3,2026-01-17,21,quantile,0.35,246.65584836534248
2025-12-20,wk inc flu hosp,3,2026-01-17,21,quantile,0.4,274.24065222934496
2025-12-20,wk inc flu hosp,3,2026-01-17,21,quantile,0.45,305.87705941186715
2025-12-20,wk inc flu hosp,3,2026-01-17,21,quantile,0.5,340.36572108545556
2025-12-20,wk inc flu hosp,3,2026-01-17,21,quantile,0.55,396.79646364701586
2025-12-20,wk inc flu hosp,3,2026-01-17,21,quantile,0.6,471.9648893036529
2025-12-20,wk inc flu hosp,3,2026-01-17,21,quantile,0.65,507.73010274185737
2025-12-20,wk inc flu hosp,3,2026-01-17,21,quantile,0.7,567.3087501655322
2025-12-20,wk inc flu hosp,3,2026-01-17,21,quantile,0.75,653.3107588860719
2025-12-20,wk inc flu hosp,3,2026-01-17,21,quantile,0.8,875.9922722064737
2025-12-20,wk inc flu hosp,3,2026-01-17,21,quantile,0.85,996.3507775033422
2025-12-20,wk inc flu hosp,3,2026-01-17,21,quantile,0.9,1098.014764706632
2025-12-20,wk inc flu hosp,3,2026-01-17,21,quantile,0.95,1248.8159235074518
2025-12-20,wk inc flu hosp,3,2026-01-17,21,quantile,0.975,1271.8958545603823
2025-12-20,wk inc flu hosp,3,2026-01-17,21,quantile,0.99,1305.7278533124843
2025-12-20,wk inc flu hosp,3,2026-01-17,22,quantile,0.01,92.65503135163861
2025-12-20,wk inc flu hosp,3,2026-01-17,22,quantile,0.025,115.54682689104688
2025-12-20,wk inc flu hosp,3,2026-01-17,22,quantile,0.05,141.44320046321263
2025-12-20,wk inc flu hosp,3,2026-01-17,22,quantile,0.1,175.15720640916393
2025-12-20,wk inc flu hosp,3,2026-01-17,22,quantile,0.15,199.8573648267988
2025-12-20,wk inc flu hosp,3,2026-01-17,22,quantile,0.2,233.34583953031066
2025-12-20,wk inc flu hosp,3,2026-01-17,22,quantile,0.25,261.86281774247345
2025-12-20,wk inc flu hosp,3,2026-01-17,22,quantile,0.3,289.5593345600104
2025-12-20,wk inc flu hosp,3,2026-01-17,22,quantile,0.35,325.3980879420802
2025-12-20,wk inc flu hosp,3,2026-01-17,22,quantile,0.4,360.7237523139804
2025-12-20,wk inc flu hosp,3,2026-01-17,22,quantile,0.45,407.1332525565516
2025-12-20,wk inc flu hosp,3,2026-01-17,22,quantile,0.5,473.42543338492226
2025-12-20,wk inc flu hosp,3,2026-01-17,22,quantile,0.55,565.4860398023804
2025-12-20,wk inc flu hosp,3,2026-01-17,22,quantile,0.6,705.0995483478517
2025-12-20,wk inc flu hosp,3,2026-01-17,22,quantile,0.65,830.8921339409299
2025-12-20,wk inc flu hosp,3,2026-01-17,22,quantile,0.7,888.7037026712725
2025-12-20,wk inc flu hosp,3,2026-01-17,22,quantile,0.75,1013.0525119239863
2025-12-20,wk inc flu hosp,3,2026-01-17,22,quantile,0.8,1066.3761940090164
2025-12-20,wk inc flu hosp,3,2026-01-17,22,quantile,0.85,1115.2918182862027
2025-12-20,wk inc flu hosp,3,2026-01-17,22,quantile,0.9,1236.9521375503664
2025-12-20,wk inc flu hosp,3,2026-01-17,22,quantile,0.95,1510.3368217075188
2025-12-20,wk inc flu hosp,3,2026-01-17,22,quantile,0.975,1791.1670649578555
2025-12-20,wk inc flu hosp,3,2026-01-17,22,quantile,0.99,2084.6618546478426
2025-12-20,wk inc flu hosp,3,2026-01-17,23,quantile,0.01,15.05638593683303
2025-12-20,wk inc flu hosp,3,2026-01-17,23,quantile,0.025,17.436645093859642
2025-12-20,wk inc flu hosp,3,2026-01-17,23,quantile,0.05,23.945345153236296
2025-12-20,wk inc flu hosp,3,2026-01-17,23,quantile,0.1,30.055310090292725
2025-12-20,wk inc flu hosp,3,2026-01-17,23,quantile,0.15,39.22594774365016
2025-12-20,wk inc flu hosp,3,2026-01-17,23,quantile,0.2,48.844102749157244
2025-12-20,wk inc flu hosp,3,2026-01-17,23,quantile,0.25,57.76067023757097
2025-12-20,wk inc flu hosp,3,2026-01-17,23,quantile,0.3,67.30001326824774
2025-12-20,wk inc flu hosp,3,2026-01-17,23,quantile,0.35,80.22560226340816
2025-12-20,wk inc flu hosp,3,2026-01-17,23,quantile,0.4,94.64120288945772
2025-12-20,wk inc flu hosp,3,2026-01-17,23,quantile,0.45,109.94731237688225
2025-12-20,wk inc flu hosp,3,2026-01-17,23,quantile,0.5,127.41933299509684
2025-12-20,wk inc flu hosp,3,2026-01-17,23,quantile,0.55,147.35770521670634
2025-12-20,wk inc flu hosp,3,2026-01-17,23,quantile,0.6,167.83322453388297
2025-12-20,wk inc flu hosp,3,2026-01-17,23,quantile,0.65,189.75424113992824
2025-12-20,wk inc flu hosp,3,2026-01-17,23,quantile,0.7,226.9846482892917
2025-12-20,wk inc flu hosp,3,2026-01-17,23,quantile,0.75,267.04039757744886
2025-12-20,wk inc flu hosp,3,2026-01-17,23,quantile,0.8,313.84608435524166
2025-12-20,wk inc flu hosp,3,2026-01-17,23,quantile,0.85,381.4864714007605
2025-12-20,wk inc flu hosp,3,2026-01-17,23,quantile,0.9,427.75284323843704
2025-12-20,wk inc flu hosp,3,2026-01-17,23,quantile,0.95,578.5906660185475
2025-12-20,wk inc flu hosp,3,2026-01-17,23,quantile,0.975,636.8044103166791
2025-12-20,wk inc flu hosp,3,2026-01-17,23,quantile,0.99,652.9203609730479
2025-12-20,wk inc flu hosp,3,2026-01-17,24,quantile,0.01,48.227460013130354
2025-12-20,wk inc flu hosp,3,2026-01-17,24,quantile,0.025,55.08754060023336
2025-12-20,wk inc flu hosp,3,2026-01-17,24,quantile,0.05,97.73490171543193
2025-12-20,wk inc flu hosp,3,2026-01-17,24,quantile,0.1,164.60809652506134
2025-12-20,wk inc flu hosp,3,2026-01-17,24,quantile,0.15,211.75740602328722
2025-12-20,wk inc flu hosp,3,2026-01-17,24,quantile,0.2,263.11120706049786
2025-12-20,wk inc flu hosp,3,2026-01-17,24,quantile,0.25,312.24680857290156
2025-12-20,wk inc flu hosp,3,2026-01-17,24,quantile,0.3,363.24522075022844
2025-12-20,wk inc flu hosp,3,2026-01-17,24,quantile,0.35,414.9511761886584
2025-12-20,wk inc flu hosp,3,2026-01-17,24,quantile,0.4,470.7253276520555
2025-12-20,wk inc flu hosp,3,2026-01-17,24,quantile,0.45,535.9976039034592
2025-12-20,wk inc flu hosp,3,2026-01-17,24,quantile,0.5,632.3823498951772
2025-12-20,wk inc flu hosp,3,2026-01-17,24,quantile,0.55,798.7451404542827
2025-12-20,wk inc flu hosp,3,2026-01-17,24,quantile,0.6,948.9390699208773
2025-12-20,wk inc flu hosp,3,2026-01-17,24,quantile,0.65,1266.5157594404645
2025-12-20,wk inc flu hosp,3,2026-01-17,24,quantile,0.7,1296.8234024981252
2025-12-20,wk inc flu hosp,3,2026-01-17,24,quantile,0.75,1352.755358970385
2025-12-20,wk inc flu hosp,3,2026-01-17,24,quantile,0.8,1852.6440855526228
2025-12-20,wk inc flu hosp,3,2026-01-17,24,quantile,0.85,2017.7915624644925
2025-12-20,wk inc flu hosp,3,2026-01-17,24,quantile,0.9,2530.0884760022054
2025-12-20,wk inc flu hosp,3,2026-01-17,24,quantile,0.95,3020.946990108234
2025-12-20,wk inc flu hosp,3,2026-01-17,24,quantile,0.975,3384.288714925591
2025-12-20,wk inc flu hosp,3,2026-01-17,24,quantile,0.99,3502.6100586770835
2025-12-20,wk inc flu hosp,3,2026-01-17,25,quantile,0.01,109.43384823364016
2025-12-20,wk inc flu hosp,3,2026-01-17,25,quantile,0.025,129.45654510322396
2025-12-20,wk inc flu hosp,3,2026-01-17,25,quantile,0.05,142.02258925796264
2025-12-20,wk inc flu hosp,3,2026-01-17,25,quantile,0.1,190.79490585793482
2025-12-20,wk inc flu hosp,3,2026-01-17,25,quantile,0.15,243.36005043055343
2025-12-20,wk inc flu hosp,3,2026-01-17,25,quantile,0.2,289.2127526579201
2025-12-20,wk inc flu hosp,3,2026-01-17,25,quantile,0.25,331.28799275512444
2025-12-20,wk inc flu hosp,3,2026-01-17,25,quantile,0.3,365.23755531423393
2025-12-20,wk inc flu hosp,3,2026-01-17,25,quantile,0.35,409.91158478516877
2025-12-20,wk inc flu hosp,3,2026-01-17,25,quantile,0.4,464.59868037257684
2025-12-20,wk inc flu hosp,3,2026-01-17,25,quantile,0.45,535.1698321450017
2025-12-20,wk inc flu hosp,3,2026-01-17,25,quantile,0.5,639.9989498649828
2025-12-20,wk inc flu hosp,3,2026-01-17,25,quantile,0.55,771.8108513129409
2025-12-20,wk inc flu hosp,3,2026-01-17,25,quantile,0.6,991.3340772035117
2025-12-20,wk inc flu hosp,3,2026-01-17,25,quantile,0.65,1242.6432547047584
2025-12-20,wk inc flu hosp,3,2026-01-17,25,quantile,0.7,1807.809264754063
2025-12-20,wk inc flu hosp,3,2026-01-17,25,quantile,0.75,2268.860517369925
2025-12-20,wk inc flu hosp,3,2026-01-17,25,quantile,0.8,2734.0865618886983
2025-12-20,wk inc flu hosp,3,2026-01-17,25,quantile,0.85,3019.5912853987666
2025-12-20,wk inc flu hosp,3,2026-01-17,25,quantile,0.9,3067.73388446537
2025-12-20,wk inc flu hosp,3,2026-01-17,25,quantile,0.95,3510.492381190156
2025-12-20,wk inc flu hosp,3,2026-01-17,25,quantile,0.975,3515.6148210341607
2025-12-20,wk inc flu hosp,3,2026-01-17,25,quantile,0.99,3517.8939624010495
2025-12-20,wk inc flu hosp,3,2026-01-17,26,quantile,0.01,60.09847659120291
2025-12-20,wk inc flu hosp,3,2026-01-17,26,quantile,0.025,91.65867715772846
2025-12-20,wk inc flu hosp,3,2026-01-17,26,quantile,0.05,115.095016580317
2025-12-20,wk inc flu hosp,3,2026-01-17,26,quantile,0.1,192.12059319509365
2025-12-20,wk inc flu hosp,3,2026-01-17,26,quantile,0.15,264.3940890535587
2025-12-20,wk inc flu hosp,3,2026-01-17,26,quantile,0.2,351.8523027946623
2025-12-20,wk inc flu hosp,3,2026-01-17,26,quantile,0.25,425.71310694230056
2025-12-20,wk inc flu hosp,3,2026-01-17,26,quantile,0.3,479.18674613241603
2025-12-20,wk inc flu hosp,3,2026-01-17,26,quantile,0.35,553.4519786745626
2025-12-20,wk inc flu hosp,3,2026-01-17,26,quantile,0.4,633.329843907866
2025-12-20,wk inc flu hosp,3,2026-01-17,26,quantile,0.45,694.7716943277504
2025-12-20,wk inc flu hosp,3,2026-01-17,26,quantile,0.5,776.5582321773493
2025-12-20,wk inc flu hosp,3,2026-01-17,26,quantile,0.55,885.2563392112462
2025-12-20,wk inc flu hosp,3,2026-01-17,26,quantile,0.6,1096.8075936919017
2025-12-20,wk inc flu hosp,3,2026-01-17,26,quantile,0.65,1288.5284958913458
2025-12-20,wk inc flu hosp,3,2026-01-17,26,quantile,0.7,1412.6659024861142
2025-12-20,wk inc flu hosp,3,2026-01-17,26,quantile,0.75,1549.4907894776616
2025-12-20,wk inc flu hosp,3,2026-01-17,26,quantile,0.8,1772.797547780015
2025-12-20,wk inc flu hosp,3,2026-01-17,26,quantile,0.85,2026.3574250711815
2025-12-20,wk inc flu hosp,3,2026-01-17,26,quantile,0.9,2247.9880910130328
2025-12-20,wk inc flu hosp,3,2026-01-17,26,quantile,0.95,3160.864252456071
2025-12-20,wk inc flu hosp,3,2026-01-17,26,quantile,0.975,3884.2033349496196
2025-12-20,wk inc flu hosp,3,2026-01-17,26,quantile,0.99,3990.7422092038464
2025-12-20,wk inc flu hosp,3,2026-01-17,27,quantile,0.01,18.321561587511322
2025-12-20,wk inc flu hosp,3,2026-01-17,27,quantile,0.025,38.3382184443686
2025-12-20,wk inc flu hosp,3,2026-01-17,27,quantile,0.05,105.2516875887417
2025-12-20,wk inc flu hosp,3,2026-01-17,27,quantile,0.1,147.3720376656836
2025-12-20,wk inc flu hosp,3,2026-01-17,27,quantile,0.15,180.179694668579
2025-12-20,wk inc flu hosp,3,2026-01-17,27,quantile,0.2,228.73693830499505
2025-12-20,wk inc flu hosp,3,2026-01-17,27,quantile,0.25,262.9117626238217
2025-12-20,wk inc flu hosp,3,2026-01-17,27,quantile,0.3,311.57684968894233
2025-12-20,wk inc flu hosp,3,2026-01-17,27,quantile,0.35,367.2057207188966
2025-12-20,wk inc flu hosp,3,2026-01-17,27,quantile,0.4,420.91828114033234
2025-12-20,wk inc flu hosp,3,2026-01-17,27,quantile,0.45,470.9461161903218
2025-12-20,wk inc flu hosp,3,2026-01-17,27,quantile,0.5,512.4876000601683
2025-12-20,wk inc flu hosp,3,2026-01-17,27,quantile,0.55,577.1948907247512
2025-12-20,wk inc flu hosp,3,2026-01-17,27,quantile,0.6,663.0886567056065
2025-12-20,wk inc flu hosp,3,2026-01-17,27,quantile,0.65,794.3713121318303
2025-12-20,wk inc flu hosp,3,2026-01-17,27,quantile,0.7,940.2562316103575
2025-12-20,wk inc flu hosp,3,2026-01-17,27,quantile,0.75,1258.1161146553716
2025-12-20,wk inc flu hosp,3,2026-01-17,27,quantile,0.8,1567.3830868116606
2025-12-20,wk inc flu hosp,3,2026-01-17,27,quantile,0.85,2065.77899976987
2025-12-20,wk inc flu hosp,3,2026-01-17,27,quantile,0.9,2408.231774081957
2025-12-20,wk inc flu hosp,3,2026-01-17,27,quantile,0.95,2585.870214309673
2025-12-20,wk inc flu hosp,3,2026-01-17,27,quantile,0.975,2726.7644928297627
2025-12-20,wk inc flu hosp,3,2026-01-17,27,quantile,0.99,2805.0315973105335
2025-12-20,wk inc flu hosp,3,2026-01-17,28,quantile,0.01,29.937161013782372
2025-12-20,wk inc flu hosp,3,2026-01-17,28,quantile,0.025,40.3100445732713
2025-12-20,wk inc flu hosp,3,2026-01-17,28,quantile,0.05,49.71081918176453
2025-12-20,wk inc flu hosp,3,2026-01-17,28,quantile,0.1,63.56276301960165
2025-12-20,wk inc flu hosp,3,2026-01-17,28,quantile,0.15,74.28248512277244
2025-12-20,wk inc flu hosp,3,2026-01-17,28,quantile,0.2,86.29534987578363
2025-12-20,wk inc flu hosp,3,2026-01-17,28,quantile,0.25,97.67396020168374
2025-12-20,wk inc flu hosp,3,2026-01-17,28,quantile,0.3,110.10707716424142
2025-12-20,wk inc flu hosp,3,2026-01-17,28,quantile,0.35,124.30353707266711
2025-12-20,wk inc flu hosp,3,2026-01-17,28,quantile,0.4,137.99808622205197
2025-12-20,wk inc flu hosp,3,2026-01-17,28,quantile,0.45,154.92577954582455
2025-12-20,wk inc flu hosp,3,2026-01-17,28,quantile,0.5,172.57154939212842
2025-12-20,wk inc flu hosp,3,2026-01-17,28,quantile,0.55,190.98973292753547
2025-12-20,wk inc flu hosp,3,2026-01-17,28,quantile,0.6,207.272582340007
2025-12-20,wk inc flu hosp,3,2026-01-17,28,quantile,0.65,219.77830942538282
2025-12-20,wk inc flu hosp,3,2026-01-17,28,quantile,0.7,238.0434518270098
2025-12-20,wk inc flu hosp,3,2026-01-17,28,quantile,0.75,265.2789686845968
2025-12-20,wk inc flu hosp,3,2026-01-17,28,quantile,0.8,306.0489481017958
2025-12-20,wk inc flu hosp,3,2026-01-17,28,quantile,0.85,379.8168556358787
2025-12-20,wk inc flu hosp,3,2026-01-17,28,quantile,0.9,448.419466881289
2025-12-20,wk inc flu hosp,3,2026-01-17,28,quantile,0.95,519.9180420581978
2025-12-20,wk inc flu hosp,3,2026-01-17,28,quantile,0.975,591.6885904235562
2025-12-20,wk inc flu hosp,3,2026-01-17,28,quantile,0.99,606.6102100366609
2025-12-20,wk inc flu hosp,3,2026-01-17,29,quantile,0.01,23.40257192939143
2025-12-20,wk inc flu hosp,3,2026-01-17,29,quantile,0.025,35.50239044934123
2025-12-20,wk inc flu hosp,3,2026-01-17,29,quantile,0.05,56.64715998079416
2025-12-20,wk inc flu hosp,3,2026-01-17,29,quantile,0.1,108.2319663676174
2025-12-20,wk inc flu hosp,3,2026-01-17,29,quantile,0.15,137.27367283852448
2025-12-20,wk inc flu hosp,3,2026-01-17,29,quantile,0.2,181.77600244676486
2025-12-20,wk inc flu hosp,3,2026-01-17,29,quantile,0.25,217.5664850525821
2025-12-20,wk inc flu hosp,3,2026-01-17,29,quantile,0.3,246.0844203623623
2025-12-20,wk inc flu hosp,3,2026-01-17,29,quantile,0.35,268.7532976509941
2025-12-20,wk inc flu hosp,3,2026-01-17,29,quantile,0.4,300.16624497280833
2025-12-20,wk inc flu hosp,3,2026-01-17,29,quantile,0.45,338.72442485062214
2025-12-20,wk inc flu hosp,3,2026-01-17,29,quantile,0.5,365.1242891743176
2025-12-20,wk inc flu hosp,3,2026-01-17,29,quantile,0.55,398.66940149621814
2025-12-20,wk inc flu hosp,3,2026-01-17,29,quantile,0.6,444.4487541760303
2025-12-20,wk inc flu hosp,3,2026-01-17,29,quantile,0.65,501.6056360527455
2025-12-20,wk inc flu hosp,3,2026-01-17,29,quantile,0.7,546.2648964454014
2025-12-20,wk inc flu hosp,3,2026-01-17,29,quantile,0.75,590.9269808059533
2025-12-20,wk inc flu hosp,3,2026-01-17,29,quantile,0.8,651.9693772012316
2025-12-20,wk inc flu hosp,3,2026-01-17,29,quantile,0.85,762.7508465480653
2025-12-20,wk inc flu hosp,3,2026-01-17,29,quantile,0.9,880.5125789621894
2025-12-20,wk inc flu hosp,3,2026-01-17,29,quantile,0.95,1190.6202367283759
2025-12-20,wk inc flu hosp,3,2026-01-17,29,quantile,0.975,1217.102000717132
2025-12-20,wk inc flu hosp,3,2026-01-17,29,quantile,0.99,1218.9438073760252
2025-12-20,wk inc flu hosp,3,2026-01-17,30,quantile,0.01,3.7158677823652613
2025-12-20,wk inc flu hosp,3,2026-01-17,30,quantile,0.025,4.697914308165086
2025-12-20,wk inc flu hosp,3,2026-01-17,30,quantile,0.05,5.726166836246192
2025-12-20,wk inc flu hosp,3,2026-01-17,30,quantile,0.1,9.757887413868183
2025-12-20,wk inc flu hosp,3,2026-01-17,30,quantile,0.15,13.883733646432038
2025-12-20,wk inc flu hosp,3,2026-01-17,30,quantile,0.2,19.697983962535087
2025-12-20,wk inc flu hosp,3,2026-01-17,30,quantile,0.25,24.396355727002025
2025-12-20,wk inc flu hosp,3,2026-01-17,30,quantile,0.3,30.628758326365027
2025-12-20,wk inc flu hosp,3,2026-01-17,30,quantile,0.35,36.94182881407358
2025-12-20,wk inc flu hosp,3,2026-01-17,30,quantile,0.4,42.12518800237555
2025-12-20,wk inc flu hosp,3,2026-01-17,30,quantile,0.45,46.1332108927618
2025-12-20,wk inc flu hosp,3,2026-01-17,30,quantile,0.5,50.25317752445525
2025-12-20,wk inc flu hosp,3,2026-01-17,30,quantile,0.55,56.16345723768127
2025-12-20,wk inc flu hosp,3,2026-01-17,30,quantile,0.6,62.12514780022008
2025-12-20,wk inc flu hosp,3,2026-01-17,30,quantile,0.65,68.03350102167258
2025-12-20,wk inc flu hosp,3,2026-01-17,30,quantile,0.7,74.90351997906762
2025-12-20,wk inc flu hosp,3,2026-01-17,30,quantile,0.75,81.4401233297381
2025-12-20,wk inc flu hosp,3,2026-01-17,30,quantile,0.8,91.92446686833654
2025-12-20,wk inc flu hosp,3,2026-01-17,30,quantile,0.85,104.35550615552297
2025-12-20,wk inc flu hosp,3,2026-01-17,30,quantile,0.9,120.00893199309662
2025-12-20,wk inc flu hosp,3,2026-01-17,30,quantile,0.95,145.25098084905423
2025-12-20,wk inc flu hosp,3,2026-01-17,30,quantile,0.975,150.72926674836657
2025-12-20,wk inc flu hosp,3,2026-01-17,30,quantile,0.99,206.59822271060966
2025-12-20,wk inc flu hosp,3,2026-01-17,31,quantile,0.01,3.1332498167826572
2025-12-20,wk inc flu hosp,3,2026-01-17,31,quantile,0.025,4.661931815695519
2025-12-20,wk inc flu hosp,3,2026-01-17,31,quantile,0.05,8.105847297314265
2025-12-20,wk inc flu hosp,3,2026-01-17,31,quantile,0.1,14.483245965115179
2025-12-20,wk inc flu hosp,3,2026-01-17,31,quantile,0.15,20.62611846861199
2025-12-20,wk inc flu hosp,3,2026-01-17,31,quantile,0.2,25.70101555484732
2025-12-20,wk inc flu hosp,3,2026-01-17,31,quantile,0.25,33.096973772111674
2025-12-20,wk inc flu hosp,3,2026-01-17,31,quantile,0.3,41.46905673621937
2025-12-20,wk inc flu hosp,3,2026-01-17,31,quantile,0.35,50.931413803276456
2025-12-20,wk inc flu hosp,3,2026-01-17,31,quantile,0.4,60.202338269970525
2025-12-20,wk inc flu hosp,3,2026-01-17,31,quantile,0.45,70.31686927669658
2025-12-20,wk inc flu hosp,3,2026-01-17,31,quantile,0.5,80.61300206844363
2025-12-20,wk inc flu hosp,3,2026-01-17,31,quantile,0.55,95.86515642437604
2025-12-20,wk inc flu hosp,3,2026-01-17,31,quantile,0.6,128.09988726357983
2025-12-20,wk inc flu hosp,3,2026-01-17,31,quantile,0.65,182.69669763834665
2025-12-20,wk inc flu hosp,3,2026-01-17,31,quantile,0.7,249.25780940741288
2025-12-20,wk inc flu hosp,3,2026-01-17,31,quantile,0.75,275.5344217173053
2025-12-20,wk inc flu hosp,3,2026-01-17,31,quantile,0.8,322.8542891577454
2025-12-20,wk inc flu hosp,3,2026-01-17,31,quantile,0.85,347.7303157268021
2025-12-20,wk inc flu hosp,3,2026-01-17,31,quantile,0.9,395.5799415280132
2025-12-20,wk inc flu hosp,3,2026-01-17,31,quantile,0.95,468.0069942921483
2025-12-20,wk inc flu hosp,3,2026-01-17,31,quantile,0.975,498.60185284473033
2025-12-20,wk inc flu hosp,3,2026-01-17,31,quantile,0.99,508.3793828989693
2025-12-20,wk inc flu hosp,3,2026-01-17,32,quantile,0.01,21.273536364892937
2025-12-20,wk inc flu hosp,3,2026-01-17,32,quantile,0.025,34.17644238365226
2025-12-20,wk inc flu hosp,3,2026-01-17,32,quantile,0.05,43.066428362644984
2025-12-20,wk inc flu hosp,3,2026-01-17,32,quantile,0.1,52.58733465924214
2025-12-20,wk inc flu hosp,3,2026-01-17,32,quantile,0.15,60.672484550252285
2025-12-20,wk inc flu hosp,3,2026-01-17,32,quantile,0.2,67.87535553727488
2025-12-20,wk inc flu hosp,3,2026-01-17,32,quantile,0.25,75.68764364623158
2025-12-20,wk inc flu hosp,3,2026-01-17,32,quantile,0.3,84.13490116812484
2025-12-20,wk inc flu hosp,3,2026-01-17,32,quantile,0.35,92.34818704201221
2025-12-20,wk inc flu hosp,3,2026-01-17,32,quantile,0.4,99.29991633592631
2025-12-20,wk inc flu hosp,3,2026-01-17,32,quantile,0.45,109.7839719013184
2025-12-20,wk inc flu hosp,3,2026-01-17,32,quantile,0.5,122.3210667475485
2025-12-20,wk inc flu hosp,3,2026-01-17,32,quantile,0.55,134.23217717132263
2025-12-20,wk inc flu hosp,3,2026-01-17,32,quantile,0.6,153.754300849066
2025-12-20,wk inc flu hosp,3,2026-01-17,32,quantile,0.65,179.17524760809079
2025-12-20,wk inc flu hosp,3,2026-01-17,32,quantile,0.7,198.39525703855676
2025-12-20,wk inc flu hosp,3,2026-01-17,32,quantile,0.75,223.60394242271693
2025-12-20,wk inc flu hosp,3,2026-01-17,32,quantile,0.8,265.9003106864637
2025-12-20,wk inc flu hosp,3,2026-01-17,32,quantile,0.85,301.5129464369012
2025-12-20,wk inc flu hosp,3,2026-01-17,32,quantile,0.9,335.24422784092826
2025-12-20,wk inc flu hosp,3,2026-01-17,32,quantile,0.95,440.7657018559745
2025-12-20,wk inc flu hosp,3,2026-01-17,32,quantile,0.975,475.74950575696647
2025-12-20,wk inc flu hosp,3,2026-01-17,32,quantile,0.99,480.9499831463834
2025-12-20,wk inc flu hosp,3,2026-01-17,33,quantile,0.01,3.3578807468370644
2025-12-20,wk inc flu hosp,3,2026-01-17,33,quantile,0.025,6.244282198830138
2025-12-20,wk inc flu hosp,3,2026-01-17,33,quantile,0.05,13.568606992855212
2025-12-20,wk inc flu hosp,3,2026-01-17,33,quantile,0.1,26.432254513655057
2025-12-20,wk inc flu hosp,3,2026-01-17,33,quantile,0.15,35.608709003769164
2025-12-20,wk inc flu hosp,3,2026-01-17,33,quantile,0.2,42.92196491309028
2025-12-20,wk inc flu hosp,3,2026-01-17,33,quantile,0.25,49.86436701222078
2025-12-20,wk inc flu hosp,3,2026-01-17,33,quantile,0.3,56.99605379739239
2025-12-20,wk inc flu hosp,3,2026-01-17,33,quantile,0.35,64.41614356507047
2025-12-20,wk inc flu hosp,3,2026-01-17,33,quantile,0.4,72.99561532811765
2025-12-20,wk inc flu hosp,3,2026-01-17,33,quantile,0.45,82.8798461733805
2025-12-20,wk inc flu hosp,3,2026-01-17,33,quantile,0.5,100.04699177623256
2025-12-20,wk inc flu hosp,3,2026-01-17,33,quantile,0.55,138.98304070494052
2025-12-20,wk inc flu hosp,3,2026-01-17,33,quantile,0.6,179.4874647697678
2025-12-20,wk inc flu hosp,3,2026-01-17,33,quantile,0.65,241.63780820878267
2025-12-20,wk inc flu hosp,3,2026-01-17,33,quantile,0.7,269.77703519326286
2025-12-20,wk inc flu hosp,3,2026-01-17,33,quantile,0.75,307.4407678304124
2025-12-20,wk inc flu hosp,3,2026-01-17,33,quantile,0.8,367.27458353152747
2025-12-20,wk inc flu hosp,3,2026-01-17,33,quantile,0.85,424.3220660743151
2025-12-20,wk inc flu hosp,3,2026-01-17,33,quantile,0.9,507.5330342661398
2025-12-20,wk inc flu hosp,3,2026-01-17,33,quantile,0.95,521.4409220636142
2025-12-20,wk inc flu hosp,3,2026-01-17,33,quantile,0.975,539.0346536369276
2025-12-20,wk inc flu hosp,3,2026-01-17,33,quantile,0.99,568.430851603061
2025-12-20,wk inc flu hosp,3,2026-01-17,34,quantile,0.01,91.42919291190606
2025-12-20,wk inc flu hosp,3,2026-01-17,34,quantile,0.025,159.47473401559952
2025-12-20,wk inc flu hosp,3,2026-01-17,34,quantile,0.05,292.9115673862089
2025-12-20,wk inc flu hosp,3,2026-01-17,34,quantile,0.1,385.66662525601225
2025-12-20,wk inc flu hosp,3,2026-01-17,34,quantile,0.15,509.58609923839344
2025-12-20,wk inc flu hosp,3,2026-01-17,34,quantile,0.2,642.5647633331461
2025-12-20,wk inc flu hosp,3,2026-01-17,34,quantile,0.25,789.4071052878651
2025-12-20,wk inc flu hosp,3,2026-01-17,34,quantile,0.3,959.7241940411717
2025-12-20,wk inc flu hosp,3,2026-01-17,34,quantile,0.35,1122.0329708036184
2025-12-20,wk inc flu hosp,3,2026-01-17,34,quantile,0.4,1293.3055670906633
2025-12-20,wk inc flu hosp,3,2026-01-17,34,quantile,0.45,1491.9277108984197
2025-12-20,wk inc flu hosp,3,2026-01-17,34,quantile,0.5,1761.8812710384273
2025-12-20,wk inc flu hosp,3,2026-01-17,34,quantile,0.55,2117.434982705575
2025-12-20,wk inc flu hosp,3,2026-01-17,34,quantile,0.6,2599.3188717709213
2025-12-20,wk inc flu hosp,3,2026-01-17,34,quantile,0.65,3263.20153771397
2025-12-20,wk inc flu hosp,3,2026-01-17,34,quantile,0.7,4671.52126531476
2025-12-20,wk inc flu hosp,3,2026-01-17,34,quantile,0.75,6128.862524114658
2025-12-20,wk inc flu hosp,3,2026-01-17,34,quantile,0.8,6618.704138788651
2025-12-20,wk inc flu hosp,3,2026-01-17,34,quantile,0.85,6697.23574588599
2025-12-20,wk inc flu hosp,3,2026-01-17,34,quantile,0.9,6700.646105036699
2025-12-20,wk inc flu hosp,3,2026-01-17,34,quantile,0.95,7043.165718610799
2025-12-20,wk inc flu hosp,3,2026-01-17,34,quantile,0.975,7220.554680969031
2025-12-20,wk inc flu hosp,3,2026-01-17,34,quantile,0.99,7225.151630362371
2025-12-20,wk inc flu hosp,3,2026-01-17,35,quantile,0.01,39.32840737662794
2025-12-20,wk inc flu hosp,3,2026-01-17,35,quantile,0.025,52.324679002660446
2025-12-20,wk inc flu hosp,3,2026-01-17,35,quantile,0.05,58.229827597096794
2025-12-20,wk inc flu hosp,3,2026-01-17,35,quantile,0.1,73.550961350653
2025-12-20,wk inc flu hosp,3,2026-01-17,35,quantile,0.15,85.78251627574573
2025-12-20,wk inc flu hosp,3,2026-01-17,35,quantile,0.2,95.97143986873552
2025-12-20,wk inc flu hosp,3,2026-01-17,35,quantile,0.25,106.21195064397467
2025-12-20,wk inc flu hosp,3,2026-01-17,35,quantile,0.3,115.29195125719104
2025-12-20,wk inc flu hosp,3,2026-01-17,35,quantile,0.35,126.1474365258324
2025-12-20,wk inc flu hosp,3,2026-01-17,35,quantile,0.4,140.05199169241598
2025-12-20,wk inc flu hosp,3,2026-01-17,35,quantile,0.45,159.06054597744387
2025-12-20,wk inc flu hosp,3,2026-01-17,35,quantile,0.5,188.3269501031952
2025-12-20,wk inc flu hosp,3,2026-01-17,35,quantile,0.55,215.0026454596782
2025-12-20,wk inc flu hosp,3,2026-01-17,35,quantile,0.6,253.82471569822306
2025-12-20,wk inc flu hosp,3,2026-01-17,35,quantile,0.65,312.3759504638711
2025-12-20,wk inc flu hosp,3,2026-01-17,35,quantile,0.7,396.1170528546593
2025-12-20,wk inc flu hosp,3,2026-01-17,35,quantile,0.75,439.7736209349431
2025-12-20,wk inc flu hosp,3,2026-01-17,35,quantile,0.8,472.53459153871665
2025-12-20,wk inc flu hosp,3,2026-01-17,35,quantile,0.85,501.67577326474424
2025-12-20,wk inc flu hosp,3,2026-01-17,35,quantile,0.9,575.2393703254032
2025-12-20,wk inc flu hosp,3,2026-01-17,35,quantile,0.95,1057.741055158903
2025-12-20,wk inc flu hosp,3,2026-01-17,35,quantile,0.975,1102.920749239623
2025-12-20,wk inc flu hosp,3,2026-01-17,35,quantile,0.99,1108.7685050662644
2025-12-20,wk inc flu hosp,3,2026-01-17,36,quantile,0.01,191.6023310883208
2025-12-20,wk inc flu hosp,3,2026-01-17,36,quantile,0.025,545.9513919598475
2025-12-20,wk inc flu hosp,3,2026-01-17,36,quantile,0.05,787.7973870792654
2025-12-20,wk inc flu hosp,3,2026-01-17,36,quantile,0.1,1053.2132557976438
2025-12-20,wk inc flu hosp,3,2026-01-17,36,quantile,0.15,1209.7378675103646
2025-12-20,wk inc flu hosp,3,2026-01-17,36,quantile,0.2,1317.8491192780216
2025-12-20,wk inc flu hosp,3,2026-01-17,36,quantile,0.25,1447.7054064279641
2025-12-20,wk inc flu hosp,3,2026-01-17,36,quantile,0.3,1595.7434504120183
2025-12-20,wk inc flu hosp,3,2026-01-17,36,quantile,0.35,1762.8172670303857
2025-12-20,wk inc flu hosp,3,2026-01-17,36,quantile,0.4,1961.415889916502
2025-12-20,wk inc flu hosp,3,2026-01-17,36,quantile,0.45,2208.141979080363
2025-12-20,wk inc flu hosp,3,2026-01-17,36,quantile,0.5,2575.082595841651
2025-12-20,wk inc flu hosp,3,2026-01-17,36,quantile,0.55,3031.220933437585
2025-12-20,wk inc flu hosp,3,2026-01-17,36,quantile,0.6,3653.707854848721
2025-12-20,wk inc flu hosp,3,2026-01-17,36,quantile,0.65,4634.991118444704
2025-12-20,wk inc flu hosp,3,2026-01-17,36,quantile,0.7,6591.775841416918
2025-12-20,wk inc flu hosp,3,2026-01-17,36,quantile,0.75,7888.044667670706
2025-12-20,wk inc flu hosp,3,2026-01-17,36,quantile,0.8,9586.669285296379
2025-12-20,wk inc flu hosp,3,2026-01-17,36,quantile,0.85,11778.174207963379
2025-12-20,wk inc flu hosp,3,2026-01-17,36,quantile,0.9,12238.51145832126
2025-12-20,wk inc flu hosp,3,2026-01-17,36,quantile,0.95,13711.260925504781
2025-12-20,wk inc flu hosp,3,2026-01-17,36,quantile,0.975,13835.212161164049
2025-12-20,wk inc flu hosp,3,2026-01-17,36,quantile,0.99,13871.40128470413
2025-12-20,wk inc flu hosp,3,2026-01-17,37,quantile,0.01,35.97015332486902
2025-12-20,wk inc flu hosp,3,2026-01-17,37,quantile,0.025,144.31651988455528
2025-12-20,wk inc flu hosp,3,2026-01-17,37,quantile,0.05,216.4338533448639
2025-12-20,wk inc flu hosp,3,2026-01-17,37,quantile,0.1,314.38024723225425
2025-12-20,wk inc flu hosp,3,2026-01-17,37,quantile,0.15,405.6319864135171
2025-12-20,wk inc flu hosp,3,2026-01-17,37,quantile,0.2,543.5018189138852
2025-12-20,wk inc flu hosp,3,2026-01-17,37,quantile,0.25,656.0401392477658
2025-12-20,wk inc flu hosp,3,2026-01-17,37,quantile,0.3,770.5140428359897
2025-12-20,wk inc flu hosp,3,2026-01-17,37,quantile,0.35,886.8201850761989
2025-12-20,wk inc flu hosp,3,2026-01-17,37,quantile,0.4,1024.4794432566557
2025-12-20,wk inc flu hosp,3,2026-01-17,37,quantile,0.45,1199.38461180279
2025-12-20,wk inc flu hosp,3,2026-01-17,37,quantile,0.5,1441.8955113149705
2025-12-20,wk inc flu hosp,3,2026-01-17,37,quantile,0.55,1761.3570144825305
2025-12-20,wk inc flu hosp,3,2026-01-17,37,quantile,0.6,2108.0007136686572
2025-12-20,wk inc flu hosp,3,2026-01-17,37,quantile,0.65,2499.795135365299
2025-12-20,wk inc flu hosp,3,2026-01-17,37,quantile,0.7,3214.0173112320094
2025-12-20,wk inc flu hosp,3,2026-01-17,37,quantile,0.75,3864.4356868459513
2025-12-20,wk inc flu hosp,3,2026-01-17,37,quantile,0.8,4321.670057028441
2025-12-20,wk inc flu hosp,3,2026-01-17,37,quantile,0.85,4616.474943464456
2025-12-20,wk inc flu hosp,3,2026-01-17,37,quantile,0.9,5432.746718842797
2025-12-20,wk inc flu hosp,3,2026-01-17,37,quantile,0.95,6208.4075456664195
2025-12-20,wk inc flu hosp,3,2026-01-17,37,quantile,0.975,6412.9251871222805
2025-12-20,wk inc flu hosp,3,2026-01-17,37,quantile,0.99,6516.759604263805
2025-12-20,wk inc flu hosp,3,2026-01-17,38,quantile,0.01,3.6435100173466806
2025-12-20,wk inc flu hosp,3,2026-01-17,38,quantile,0.025,5.94283110877383
2025-12-20,wk inc flu hosp,3,2026-01-17,38,quantile,0.05,12.347796565296465
2025-12-20,wk inc flu hosp,3,2026-01-17,38,quantile,0.1,17.47179125178732
2025-12-20,wk inc flu hosp,3,2026-01-17,38,quantile,0.15,23.734631107741944
2025-12-20,wk inc flu hosp,3,2026-01-17,38,quantile,0.2,30.566766362926373
2025-12-20,wk inc flu hosp,3,2026-01-17,38,quantile,0.25,40.06268570629851
2025-12-20,wk inc flu hosp,3,2026-01-17,38,quantile,0.3,48.760580978397066
2025-12-20,wk inc flu hosp,3,2026-01-17,38,quantile,0.35,57.55081637207349
2025-12-20,wk inc flu hosp,3,2026-01-17,38,quantile,0.4,66.7134726072182
2025-12-20,wk inc flu hosp,3,2026-01-17,38,quantile,0.45,76.45901172881817
2025-12-20,wk inc flu hosp,3,2026-01-17,38,quantile,0.5,84.57898081321832
2025-12-20,wk inc flu hosp,3,2026-01-17,38,quantile,0.55,94.57856785008146
2025-12-20,wk inc flu hosp,3,2026-01-17,38,quantile,0.6,109.90133282821647
2025-12-20,wk inc flu hosp,3,2026-01-17,38,quantile,0.65,131.96366797615894
2025-12-20,wk inc flu hosp,3,2026-01-17,38,quantile,0.7,166.21953675235716
2025-12-20,wk inc flu hosp,3,2026-01-17,38,quantile,0.75,191.28513890897386
2025-12-20,wk inc flu hosp,3,2026-01-17,38,quantile,0.8,220.78694008106422
2025-12-20,wk inc flu hosp,3,2026-01-17,38,quantile,0.85,248.85682455679765
2025-12-20,wk inc flu hosp,3,2026-01-17,38,quantile,0.9,267.75251694246003
2025-12-20,wk inc flu hosp,3,2026-01-17,38,quantile,0.95,274.7906334165683
2025-12-20,wk inc flu hosp,3,2026-01-17,38,quantile,0.975,345.29654575323195
2025-12-20,wk inc flu hosp,3,2026-01-17,38,quantile,0.99,380.2706429817721
2025-12-20,wk inc flu hosp,3,2026-01-17,39,quantile,0.01,77.89999731062396
2025-12-20,wk inc flu hosp,3,2026-01-17,39,quantile,0.025,159.9089006815346
2025-12-20,wk inc flu hosp,3,2026-01-17,39,quantile,0.05,231.5588668902207
2025-12-20,wk inc flu hosp,3,2026-01-17,39,quantile,0.1,310.78675732994435
2025-12-20,wk inc flu hosp,3,2026-01-17,39,quantile,0.15,394.6773670099637
2025-12-20,wk inc flu hosp,3,2026-01-17,39,quantile,0.2,752.4647981672357
2025-12-20,wk inc flu hosp,3,2026-01-17,39,quantile,0.25,1111.7869157319192
2025-12-20,wk inc flu hosp,3,2026-01-17,39,quantile,0.3,1375.1724474294292
2025-12-20,wk inc flu hosp,3,2026-01-17,39,quantile,0.35,1609.9366143776026
2025-12-20,wk inc flu hosp,3,2026-01-17,39,quantile,0.4,1823.1026848927609
2025-12-20,wk inc flu hosp,3,2026-01-17,39,quantile,0.45,2074.5938331350135
2025-12-20,wk inc flu hosp,3,2026-01-17,39,quantile,0.5,2344.215976323587
2025-12-20,wk inc flu hosp,3,2026-01-17,39,quantile,0.55,2686.782945602204
2025-12-20,wk inc flu hosp,3,2026-01-17,39,quantile,0.6,3148.169121945188
2025-12-20,wk inc flu hosp,3,2026-01-17,39,quantile,0.65,3660.297688317035
2025-12-20,wk inc flu hosp,3,2026-01-17,39,quantile,0.7,4291.667897265839
2025-12-20,wk inc flu hosp,3,2026-01-17,39,quantile,0.75,5679.949997113804
2025-12-20,wk inc flu hosp,3,2026-01-17,39,quantile,0.8,5715.5620408934155
2025-12-20,wk inc flu hosp,3,2026-01-17,39,quantile,0.85,6825.8307209876575
2025-12-20,wk inc flu hosp,3,2026-01-17,39,quantile,0.9,7286.323182181226
2025-12-20,wk inc flu hosp,3,2026-01-17,39,quantile,0.95,7344.980218946601
2025-12-20,wk inc flu hosp,3,2026-01-17,39,quantile,0.975,7495.458568411728
2025-12-20,wk inc flu hosp,3,2026-01-17,39,quantile,0.99,7635.87527044351
2025-12-20,wk inc flu hosp,3,2026-01-17,40,quantile,0.01,7.951161499522934
2025-12-20,wk inc flu hosp,3,2026-01-17,40,quantile,0.025,11.348025862887164
2025-12-20,wk inc flu hosp,3,2026-01-17,40,quantile,0.05,21.704117630041367
2025-12-20,wk inc flu hosp,3,2026-01-17,40,quantile,0.1,35.293777981982785
2025-12-20,wk inc flu hosp,3,2026-01-17,40,quantile,0.15,57.66255322096295
2025-12-20,wk inc flu hosp,3,2026-01-17,40,quantile,0.2,79.0108271642214
2025-12-20,wk inc flu hosp,3,2026-01-17,40,quantile,0.25,103.98408113354984
2025-12-20,wk inc flu hosp,3,2026-01-17,40,quantile,0.3,124.00633424674608
2025-12-20,wk inc flu hosp,3,2026-01-17,40,quantile,0.35,139.38520630573788
2025-12-20,wk inc flu hosp,3,2026-01-17,40,quantile,0.4,148.10086671844684
2025-12-20,wk inc flu hosp,3,2026-01-17,40,quantile,0.45,156.54236432351482
2025-12-20,wk inc flu hosp,3,2026-01-17,40,quantile,0.5,180.76051062002549
2025-12-20,wk inc flu hosp,3,2026-01-17,40,quantile,0.55,205.04541572428528
2025-12-20,wk inc flu hosp,3,2026-01-17,40,quantile,0.6,227.36972266357432
2025-12-20,wk inc flu hosp,3,2026-01-17,40,quantile,0.65,250.14236848249186
2025-12-20,wk inc flu hosp,3,2026-01-17,40,quantile,0.7,267.4847873638569
2025-12-20,wk inc flu hosp,3,2026-01-17,40,quantile,0.75,295.9939263213847
2025-12-20,wk inc flu hosp,3,2026-01-17,40,quantile,0.8,307.65701382157096
2025-12-20,wk inc flu hosp,3,2026-01-17,40,quantile,0.85,350.1723654713833
2025-12-20,wk inc flu hosp,3,2026-01-17,40,quantile,0.9,442.565300670768
2025-12-20,wk inc flu hosp,3,2026-01-17,40,quantile,0.95,523.0530221614164
2025-12-20,wk inc flu hosp,3,2026-01-17,40,quantile,0.975,630.7126951616523
2025-12-20,wk inc flu hosp,3,2026-01-17,40,quantile,0.99,677.0645313799662
2025-12-20,wk inc flu hosp,3,2026-01-17,41,quantile,0.01,2.356799650710216
2025-12-20,wk inc flu hosp,3,2026-01-17,41,quantile,0.025,7.488545235669047
2025-12-20,wk inc flu hosp,3,2026-01-17,41,quantile,0.05,8.692943842259018
2025-12-20,wk inc flu hosp,3,2026-01-17,41,quantile,0.1,12.146852995612235
2025-12-20,wk inc flu hosp,3,2026-01-17,41,quantile,0.15,16.45122725633151
2025-12-20,wk inc flu hosp,3,2026-01-17,41,quantile,0.2,20.62119941296702
2025-12-20,wk inc flu hosp,3,2026-01-17,41,quantile,0.25,42.11338465005779
2025-12-20,wk inc flu hosp,3,2026-01-17,41,quantile,0.3,54.4648389834012
2025-12-20,wk inc flu hosp,3,2026-01-17,41,quantile,0.35,60.269355093939495
2025-12-20,wk inc flu hosp,3,2026-01-17,41,quantile,0.4,65.9482910950067
2025-12-20,wk inc flu hosp,3,2026-01-17,41,quantile,0.45,73.57241110664322
2025-12-20,wk inc flu hosp,3,2026-01-17,41,quantile,0.5,84.70766836733122
2025-12-20,wk inc flu hosp,3,2026-01-17,41,quantile,0.55,92.85057113871814
2025-12-20,wk inc flu hosp,3,2026-01-17,41,quantile,0.6,101.62847685997681
2025-12-20,wk inc flu hosp,3,2026-01-17,41,quantile,0.65,113.34644275577095
2025-12-20,wk inc flu hosp,3,2026-01-17,41,quantile,0.7,126.1667511949684
2025-12-20,wk inc flu hosp,3,2026-01-17,41,quantile,0.75,140.69495134769684
2025-12-20,wk inc flu hosp,3,2026-01-17,41,quantile,0.8,154.47279805308827
2025-12-20,wk inc flu hosp,3,2026-01-17,41,quantile,0.85,168.6442857617228
2025-12-20,wk inc flu hosp,3,2026-01-17,41,quantile,0.9,180.94397089413474
2025-12-20,wk inc flu hosp,3,2026-01-17,41,quantile,0.95,185.3597048575255
2025-12-20,wk inc flu hosp,3,2026-01-17,41,quantile,0.975,218.9480124741426
2025-12-20,wk inc flu hosp,3,2026-01-17,41,quantile,0.99,265.81403814509133
2025-12-20,wk inc flu hosp,3,2026-01-17,42,quantile,0.01,285.66406823799196
2025-12-20,wk inc flu hosp,3,2026-01-17,42,quantile,0.025,411.7748626822411
2025-12-20,wk inc flu hosp,3,2026-01-17,42,quantile,0.05,499.7897308439243
2025-12-20,wk inc flu hosp,3,2026-01-17,42,quantile,0.1,648.6099044248584
2025-12-20,wk inc flu hosp,3,2026-01-17,42,quantile,0.15,822.2345403817711
2025-12-20,wk inc flu hosp,3,2026-01-17,42,quantile,0.2,981.6646038083674
2025-12-20,wk inc flu hosp,3,2026-01-17,42,quantile,0.25,1157.2621187405423
2025-12-20,wk inc flu hosp,3,2026-01-17,42,quantile,0.3,1331.9764699169837
2025-12-20,wk inc flu hosp,3,2026-01-17,42,quantile,0.35,1514.1887730132444
2025-12-20,wk inc flu hosp,3,2026-01-17,42,quantile,0.4,1709.6226535674111
2025-12-20,wk inc flu hosp,3,2026-01-17,42,quantile,0.45,1928.2620118962684
2025-12-20,wk inc flu hosp,3,2026-01-17,42,quantile,0.5,2196.7351121325646
2025-12-20,wk inc flu hosp,3,2026-01-17,42,quantile,0.55,2596.2431201881063
2025-12-20,wk inc flu hosp,3,2026-01-17,42,quantile,0.6,3302.9298595779187
2025-12-20,wk inc flu hosp,3,2026-01-17,42,quantile,0.65,4271.560380853033
2025-12-20,wk inc flu hosp,3,2026-01-17,42,quantile,0.7,5590.841568248479
2025-12-20,wk inc flu hosp,3,2026-01-17,42,quantile,0.75,7444.668439367195
2025-12-20,wk inc flu hosp,3,2026-01-17,42,quantile,0.8,8496.623571258806
2025-12-20,wk inc flu hosp,3,2026-01-17,42,quantile,0.85,9227.225298009538
2025-12-20,wk inc flu hosp,3,2026-01-17,42,quantile,0.9,9704.626288552678
2025-12-20,wk inc flu hosp,3,2026-01-17,42,quantile,0.95,9837.654305260012
2025-12-20,wk inc flu hosp,3,2026-01-17,42,quantile,0.975,9850.452124841651
2025-12-20,wk inc flu hosp,3,2026-01-17,42,quantile,0.99,9858.130816590634
2025-12-20,wk inc flu hosp,3,2026-01-17,44,quantile,0.01,4.110465226116004
2025-12-20,wk inc flu hosp,3,2026-01-17,44,quantile,0.025,7.649761735179445
2025-12-20,wk inc flu hosp,3,2026-01-17,44,quantile,0.05,11.232609885088745
2025-12-20,wk inc flu hosp,3,2026-01-17,44,quantile,0.1,18.520430119651557
2025-12-20,wk inc flu hosp,3,2026-01-17,44,quantile,0.15,25.706205141317255
2025-12-20,wk inc flu hosp,3,2026-01-17,44,quantile,0.2,28.603963451935897
2025-12-20,wk inc flu hosp,3,2026-01-17,44,quantile,0.25,37.27038780337195
2025-12-20,wk inc flu hosp,3,2026-01-17,44,quantile,0.3,48.502439325669506
2025-12-20,wk inc flu hosp,3,2026-01-17,44,quantile,0.35,65.20750155592474
2025-12-20,wk inc flu hosp,3,2026-01-17,44,quantile,0.4,79.87594038498615
2025-12-20,wk inc flu hosp,3,2026-01-17,44,quantile,0.45,96.83421512889848
2025-12-20,wk inc flu hosp,3,2026-01-17,44,quantile,0.5,116.55561795187467
2025-12-20,wk inc flu hosp,3,2026-01-17,44,quantile,0.55,134.81110002401076
2025-12-20,wk inc flu hosp,3,2026-01-17,44,quantile,0.6,193.56668150178885
2025-12-20,wk inc flu hosp,3,2026-01-17,44,quantile,0.65,384.88784742468795
2025-12-20,wk inc flu hosp,3,2026-01-17,44,quantile,0.7,474.4149582469227
2025-12-20,wk inc flu hosp,3,2026-01-17,44,quantile,0.75,558.4309415178873
2025-12-20,wk inc flu hosp,3,2026-01-17,44,quantile,0.8,648.9992749546698
2025-12-20,wk inc flu hosp,3,2026-01-17,44,quantile,0.85,693.4002661202796
2025-12-20,wk inc flu hosp,3,2026-01-17,44,quantile,0.9,696.1665605089041
2025-12-20,wk inc flu hosp,3,2026-01-17,44,quantile,0.95,701.2343574792783
2025-12-20,wk inc flu hosp,3,2026-01-17,44,quantile,0.975,719.7799041289874
2025-12-20,wk inc flu hosp,3,2026-01-17,44,quantile,0.99,741.9365534250597
2025-12-20,wk inc flu hosp,3,2026-01-17,45,quantile,0.01,93.44574513789817
2025-12-20,wk inc flu hosp,3,2026-01-17,45,quantile,0.025,105.45035466173877
2025-12-20,wk inc flu hosp,3,2026-01-17,45,quantile,0.05,124.45833306387392
2025-12-20,wk inc flu hosp,3,2026-01-17,45,quantile,0.1,182.48528169535956
2025-12-20,wk inc flu hosp,3,2026-01-17,45,quantile,0.15,231.33805061058632
2025-12-20,wk inc flu hosp,3,2026-01-17,45,quantile,0.2,270.7139046085169
2025-12-20,wk inc flu hosp,3,2026-01-17,45,quantile,0.25,314.1974809728055
2025-12-20,wk inc flu hosp,3,2026-01-17,45,quantile,0.3,349.30073949090513
2025-12-20,wk inc flu hosp,3,2026-01-17,45,quantile,0.35,386.1922194711084
2025-12-20,wk inc flu hosp,3,2026-01-17,45,quantile,0.4,431.3472423215101
2025-12-20,wk inc flu hosp,3,2026-01-17,45,quantile,0.45,490.53182273344527
2025-12-20,wk inc flu hosp,3,2026-01-17,45,quantile,0.5,573.3300194210253
2025-12-20,wk inc flu hosp,3,2026-01-17,45,quantile,0.55,711.8144610719918
2025-12-20,wk inc flu hosp,3,2026-01-17,45,quantile,0.6,885.8188004147852
2025-12-20,wk inc flu hosp,3,2026-01-17,45,quantile,0.65,1151.4475571550684
2025-12-20,wk inc flu hosp,3,2026-01-17,45,quantile,0.7,1579.3708187485736
2025-12-20,wk inc flu hosp,3,2026-01-17,45,quantile,0.75,2130.182436449772
2025-12-20,wk inc flu hosp,3,2026-01-17,45,quantile,0.8,2464.646176382713
2025-12-20,wk inc flu hosp,3,2026-01-17,45,quantile,0.85,2494.0610258712213
2025-12-20,wk inc flu hosp,3,2026-01-17,45,quantile,0.9,3111.934419724147
2025-12-20,wk inc flu hosp,3,2026-01-17,45,quantile,0.95,3400.99976351643
2025-12-20,wk inc flu hosp,3,2026-01-17,45,quantile,0.975,3558.134311453448
2025-12-20,wk inc flu hosp,3,2026-01-17,45,quantile,0.99,3655.218436109098
2025-12-20,wk inc flu hosp,3,2026-01-17,46,quantile,0.01,3.387762779561016
2025-12-20,wk inc flu hosp,3,2026-01-17,46,quantile,0.025,4.327722042570713
2025-12-20,wk inc flu hosp,3,2026-01-17,46,quantile,0.05,7.007324976313699
2025-12-20,wk inc flu hosp,3,2026-01-17,46,quantile,0.1,9.419107019012085
2025-12-20,wk inc flu hosp,3,2026-01-17,46,quantile,0.15,13.853180533394854
2025-12-20,wk inc flu hosp,3,2026-01-17,46,quantile,0.2,17.297453632452736
2025-12-20,wk inc flu hosp,3,2026-01-17,46,quantile,0.25,25.58763727490264
2025-12-20,wk inc flu hosp,3,2026-01-17,46,quantile,0.3,32.29155710583299
2025-12-20,wk inc flu hosp,3,2026-01-17,46,quantile,0.35,37.85357586057691
2025-12-20,wk inc flu hosp,3,2026-01-17,46,quantile,0.4,43.73520055842387
2025-12-20,wk inc flu hosp,3,2026-01-17,46,quantile,0.45,50.401705562286786
2025-12-20,wk inc flu hosp,3,2026-01-17,46,quantile,0.5,56.7047114819771
2025-12-20,wk inc flu hosp,3,2026-01-17,46,quantile,0.55,63.148630883625955
2025-12-20,wk inc flu hosp,3,2026-01-17,46,quantile,0.6,72.57516273606919
2025-12-20,wk inc flu hosp,3,2026-01-17,46,quantile,0.65,85.51044452029687
2025-12-20,wk inc flu hosp,3,2026-01-17,46,quantile,0.7,100.32360945031512
2025-12-20,wk inc flu hosp,3,2026-01-17,46,quantile,0.75,106.85116320981555
2025-12-20,wk inc flu hosp,3,2026-01-17,46,quantile,0.8,110.71795114564199
2025-12-20,wk inc flu hosp,3,2026-01-17,46,quantile,0.85,124.09062312845091
2025-12-20,wk inc flu hosp,3,2026-01-17,46,quantile,0.9,147.39264729497532
2025-12-20,wk inc flu hosp,3,2026-01-17,46,quantile,0.95,201.23495142272364
2025-12-20,wk inc flu hosp,3,2026-01-17,46,quantile,0.975,208.51743700038213
2025-12-20,wk inc flu hosp,3,2026-01-17,46,quantile,0.99,285.88017995806933
2025-12-20,wk inc flu hosp,3,2026-01-17,47,quantile,0.01,51.1456011312048
2025-12-20,wk inc flu hosp,3,2026-01-17,47,quantile,0.025,70.82484100178401
2025-12-20,wk inc flu hosp,3,2026-01-17,47,quantile,0.05,98.27368645400085
2025-12-20,wk inc flu hosp,3,2026-01-17,47,quantile,0.1,135.8630634888313
2025-12-20,wk inc flu hosp,3,2026-01-17,47,quantile,0.15,163.64765398388494
2025-12-20,wk inc flu hosp,3,2026-01-17,47,quantile,0.2,178.15953557050335
2025-12-20,wk inc flu hosp,3,2026-01-17,47,quantile,0.25,199.33646998363733
2025-12-20,wk inc flu hosp,3,2026-01-17,47,quantile,0.3,223.8503503610104
2025-12-20,wk inc flu hosp,3,2026-01-17,47,quantile,0.35,252.79832953165462
2025-12-20,wk inc flu hosp,3,2026-01-17,47,quantile,0.4,287.01873190556813
2025-12-20,wk inc flu hosp,3,2026-01-17,47,quantile,0.45,334.8484366450581
2025-12-20,wk inc flu hosp,3,2026-01-17,47,quantile,0.5,395.13097271936675
2025-12-20,wk inc flu hosp,3,2026-01-17,47,quantile,0.55,474.42592694582225
2025-12-20,wk inc flu hosp,3,2026-01-17,47,quantile,0.6,546.3855626075059
2025-12-20,wk inc flu hosp,3,2026-01-17,47,quantile,0.65,672.231192748449
2025-12-20,wk inc flu hosp,3,2026-01-17,47,quantile,0.7,781.2819754500689
2025-12-20,wk inc flu hosp,3,2026-01-17,47,quantile,0.75,895.9856066229287
2025-12-20,wk inc flu hosp,3,2026-01-17,47,quantile,0.8,1027.483818426772
2025-12-20,wk inc flu hosp,3,2026-01-17,47,quantile,0.85,1253.3334936309295
2025-12-20,wk inc flu hosp,3,2026-01-17,47,quantile,0.9,1627.47994967675
2025-12-20,wk inc flu hosp,3,2026-01-17,47,quantile,0.95,1787.542542034661
2025-12-20,wk inc flu hosp,3,2026-01-17,47,quantile,0.975,1881.0951929538871
2025-12-20,wk inc flu hosp,3,2026-01-17,47,quantile,0.99,1932.387281291645
2025-12-20,wk inc flu hosp,3,2026-01-17,48,quantile,0.01,162.90459474195174
2025-12-20,wk inc flu hosp,3,2026-01-17,48,quantile,0.025,318.74589646788854
2025-12-20,wk inc flu hosp,3,2026-01-17,48,quantile,0.05,475.1348024479557
2025-12-20,wk inc flu hosp,3,2026-01-17,48,quantile,0.1,566.8525508652626
2025-12-20,wk inc flu hosp,3,2026-01-17,48,quantile,0.15,667.4601654030391
2025-12-20,wk inc flu hosp,3,2026-01-17,48,quantile,0.2,742.8512248168694
2025-12-20,wk inc flu hosp,3,2026-01-17,48,quantile,0.25,807.5649354779406
2025-12-20,wk inc flu hosp,3,2026-01-17,48,quantile,0.3,895.6046055022437
2025-12-20,wk inc flu hosp,3,2026-01-17,48,quantile,0.35,982.4980522478224
2025-12-20,wk inc flu hosp,3,2026-01-17,48,quantile,0.4,1071.0356974666802
2025-12-20,wk inc flu hosp,3,2026-01-17,48,quantile,0.45,1176.9749042168014
2025-12-20,wk inc flu hosp,3,2026-01-17,48,quantile,0.5,1317.56968059413
2025-12-20,wk inc flu hosp,3,2026-01-17,48,quantile,0.55,1433.885326687807
2025-12-20,wk inc flu hosp,3,2026-01-17,48,quantile,0.6,1549.278001458988
2025-12-20,wk inc flu hosp,3,2026-01-17,48,quantile,0.65,1741.1476596725945
2025-12-20,wk inc flu hosp,3,2026-01-17,48,quantile,0.7,1882.1748638098202
2025-12-20,wk inc flu hosp,3,2026-01-17,48,quantile,0.75,2082.049679552843
2025-12-20,wk inc flu hosp,3,2026-01-17,48,quantile,0.8,2311.5639285209018
2025-12-20,wk inc flu hosp,3,2026-01-17,48,quantile,0.85,2463.171301411717
2025-12-20,wk inc flu hosp,3,2026-01-17,48,quantile,0.9,2928.45043678644
2025-12-20,wk inc flu hosp,3,2026-01-17,48,quantile,0.95,4412.838429353219
2025-12-20,wk inc flu hosp,3,2026-01-17,48,quantile,0.975,5418.585279716533
2025-12-20,wk inc flu hosp,3,2026-01-17,48,quantile,0.99,6647.412186789884
2025-12-20,wk inc flu hosp,3,2026-01-17,49,quantile,0.01,17.274099294007225
2025-12-20,wk inc flu hosp,3,2026-01-17,49,quantile,0.025,23.77942525614747
2025-12-20,wk inc flu hosp,3,2026-01-17,49,quantile,0.05,29.353683540202578
2025-12-20,wk inc flu hosp,3,2026-01-17,49,quantile,0.1,41.44860646345222
2025-12-20,wk inc flu hosp,3,2026-01-17,49,quantile,0.15,49.4936129747252
2025-12-20,wk inc flu hosp,3,2026-01-17,49,quantile,0.2,61.87600206877223
2025-12-20,wk inc flu hosp,3,2026-01-17,49,quantile,0.25,73.70962981188424
2025-12-20,wk inc flu hosp,3,2026-01-17,49,quantile,0.3,83.53116277416257
2025-12-20,wk inc flu hosp,3,2026-01-17,49,quantile,0.35,97.46503846064891
2025-12-20,wk inc flu hosp,3,2026-01-17,49,quantile,0.4,110.44184516102644
2025-12-20,wk inc flu hosp,3,2026-01-17,49,quantile,0.45,120.44117980899803
2025-12-20,wk inc flu hosp,3,2026-01-17,49,quantile,0.5,128.7631717807026
2025-12-20,wk inc flu hosp,3,2026-01-17,49,quantile,0.55,143.35180435423572
2025-12-20,wk inc flu hosp,3,2026-01-17,49,quantile,0.6,161.27840416490082
2025-12-20,wk inc flu hosp,3,2026-01-17,49,quantile,0.65,174.67138320703134
2025-12-20,wk inc flu hosp,3,2026-01-17,49,quantile,0.7,192.63751041411692
2025-12-20,wk inc flu hosp,3,2026-01-17,49,quantile,0.75,221.50622346527254
2025-12-20,wk inc flu hosp,3,2026-01-17,49,quantile,0.8,263.0865996098844
2025-12-20,wk inc flu hosp,3,2026-01-17,49,quantile,0.85,304.3501277787989
2025-12-20,wk inc flu hosp,3,2026-01-17,49,quantile,0.9,409.20759743088803
2025-12-20,wk inc flu hosp,3,2026-01-17,49,quantile,0.95,492.7662223785941
2025-12-20,wk inc flu hosp,3,2026-01-17,49,quantile,0.975,533.274517818798
2025-12-20,wk inc flu hosp,3,2026-01-17,49,quantile,0.99,556.9379686842203
2025-12-20,wk inc flu hosp,3,2026-01-17,50,quantile,0.01,1.4300816807561845
2025-12-20,wk inc flu hosp,3,2026-01-17,50,quantile,0.025,2.0625477081599315
2025-12-20,wk inc flu hosp,3,2026-01-17,50,quantile,0.05,2.6954539658337007
2025-12-20,wk inc flu hosp,3,2026-01-17,50,quantile,0.1,3.934315530986001
2025-12-20,wk inc flu hosp,3,2026-01-17,50,quantile,0.15,5.7083871632532
2025-12-20,wk inc flu hosp,3,2026-01-17,50,quantile,0.2,7.9802083237143755
2025-12-20,wk inc flu hosp,3,2026-01-17,50,quantile,0.25,9.933820763287313
2025-12-20,wk inc flu hosp,3,2026-01-17,50,quantile,0.3,11.76791558728518
2025-12-20,wk inc flu hosp,3,2026-01-17,50,quantile,0.35,13.318408782209996
2025-12-20,wk inc flu hosp,3,2026-01-17,50,quantile,0.4,14.899613616814099
2025-12-20,wk inc flu hosp,3,2026-01-17,50,quantile,0.45,16.621448500145043
2025-12-20,wk inc flu hosp,3,2026-01-17,50,quantile,0.5,18.60889287761037
2025-12-20,wk inc flu hosp,3,2026-01-17,50,quantile,0.55,20.669829235248933
2025-12-20,wk inc flu hosp,3,2026-01-17,50,quantile,0.6,23.72099307726305
2025-12-20,wk inc flu hosp,3,2026-01-17,50,quantile,0.65,26.086699922649103
2025-12-20,wk inc flu hosp,3,2026-01-17,50,quantile,0.7,31.34118688460211
2025-12-20,wk inc flu hosp,3,2026-01-17,50,quantile,0.75,38.110093052385764
2025-12-20,wk inc flu hosp,3,2026-01-17,50,quantile,0.8,41.849281749512514
2025-12-20,wk inc flu hosp,3,2026-01-17,50,quantile,0.85,51.0987021208988
2025-12-20,wk inc flu hosp,3,2026-01-17,50,quantile,0.9,54.01188566718719
2025-12-20,wk inc flu hosp,3,2026-01-17,50,quantile,0.95,76.93651130719786
2025-12-20,wk inc flu hosp,3,2026-01-17,50,quantile,0.975,79.88860588178883
2025-12-20,wk inc flu hosp,3,2026-01-17,50,quantile,0.99,80.09298483807069
2025-12-20,wk inc flu hosp,3,2026-01-17,51,quantile,0.01,56.101785555022126
2025-12-20,wk inc flu hosp,3,2026-01-17,51,quantile,0.025,74.56229273706498
2025-12-20,wk inc flu hosp,3,2026-01-17,51,quantile,0.05,103.01211801855906
2025-12-20,wk inc flu hosp,3,2026-01-17,51,quantile,0.1,149.7927839459286
2025-12-20,wk inc flu hosp,3,2026-01-17,51,quantile,0.15,173.56551513007065
2025-12-20,wk inc flu hosp,3,2026-01-17,51,quantile,0.2,203.57960903067675
2025-12-20,wk inc flu hosp,3,2026-01-17,51,quantile,0.25,238.7869086780435
2025-12-20,wk inc flu hosp,3,2026-01-17,51,quantile,0.3,272.13974803576923
2025-12-20,wk inc flu hosp,3,2026-01-17,51,quantile,0.35,307.81624812180286
2025-12-20,wk inc flu hosp,3,2026-01-17,51,quantile,0.4,347.33687133075
2025-12-20,wk inc flu hosp,3,2026-01-17,51,quantile,0.45,393.1888971619032
2025-12-20,wk inc flu hosp,3,2026-01-17,51,quantile,0.5,454.4538093140801
2025-12-20,wk inc flu hosp,3,2026-01-17,51,quantile,0.55,558.4078464005495
2025-12-20,wk inc flu hosp,3,2026-01-17,51,quantile,0.6,680.3165177410683
2025-12-20,wk inc flu hosp,3,2026-01-17,51,quantile,0.65,722.243557471965
2025-12-20,wk inc flu hosp,3,2026-01-17,51,quantile,0.7,846.6007761007875
2025-12-20,wk inc flu hosp,3,2026-01-17,51,quantile,0.75,1012.2082591234051
2025-12-20,wk inc flu hosp,3,2026-01-17,51,quantile,0.8,1110.0566814769443
2025-12-20,wk inc flu hosp,3,2026-01-17,51,quantile,0.85,1341.635750425984
2025-12-20,wk inc flu hosp,3,2026-01-17,51,quantile,0.9,1516.7756387974841
2025-12-20,wk inc flu hosp,3,2026-01-17,51,quantile,0.95,1700.6168446337042
2025-12-20,wk inc flu hosp,3,2026-01-17,51,quantile,0.975,1929.9841458755905
2025-12-20,wk inc flu hosp,3,2026-01-17,51,quantile,0.99,2043.4621713895579
2025-12-20,wk inc flu hosp,3,2026-01-17,53,quantile,0.01,3.279712939359542
2025-12-20,wk inc flu hosp,3,2026-01-17,53,quantile,0.025,19.340046480881377
2025-12-20,wk inc flu hosp,3,2026-01-17,53,quantile,0.05,31.45254288138262
2025-12-20,wk inc flu hosp,3,2026-01-17,53,quantile,0.1,48.00899852109624
2025-12-20,wk inc flu hosp,3,2026-01-17,53,quantile,0.15,70.49485582593168
2025-12-20,wk inc flu hosp,3,2026-01-17,53,quantile,0.2,100.07801685905955
2025-12-20,wk inc flu hosp,3,2026-01-17,53,quantile,0.25,117.40704518885907
2025-12-20,wk inc flu hosp,3,2026-01-17,53,quantile,0.3,132.18059716818303
2025-12-20,wk inc flu hosp,3,2026-01-17,53,quantile,0.35,147.24862551988022
2025-12-20,wk inc flu hosp,3,2026-01-17,53,quantile,0.4,162.1985634669165
2025-12-20,wk inc flu hosp,3,2026-01-17,53,quantile,0.45,178.42777283293498
2025-12-20,wk inc flu hosp,3,2026-01-17,53,quantile,0.5,197.1152088749046
2025-12-20,wk inc flu hosp,3,2026-01-17,53,quantile,0.55,217.50553043453408
2025-12-20,wk inc flu hosp,3,2026-01-17,53,quantile,0.6,238.26517808705597
2025-12-20,wk inc flu hosp,3,2026-01-17,53,quantile,0.65,262.69565389250886
2025-12-20,wk inc flu hosp,3,2026-01-17,53,quantile,0.7,293.8147911307168
2025-12-20,wk inc flu hosp,3,2026-01-17,53,quantile,0.75,328.0628092228901
2025-12-20,wk inc flu hosp,3,2026-01-17,53,quantile,0.8,378.47573925069395
2025-12-20,wk inc flu hosp,3,2026-01-17,53,quantile,0.85,476.2443179500741
2025-12-20,wk inc flu hosp,3,2026-01-17,53,quantile,0.9,536.5281728651252
2025-12-20,wk inc flu hosp,3,2026-01-17,53,quantile,0.95,723.3300984396909
2025-12-20,wk inc flu hosp,3,2026-01-17,53,quantile,0.975,833.3297999099103
2025-12-20,wk inc flu hosp,3,2026-01-17,53,quantile,0.99,882.9889836227305
2025-12-20,wk inc flu hosp,3,2026-01-17,54,quantile,0.01,5.892151147968906
2025-12-20,wk inc flu hosp,3,2026-01-17,54,quantile,0.025,13.627649034136356
2025-12-20,wk inc flu hosp,3,2026-01-17,54,quantile,0.05,20.80492355593878
2025-12-20,wk inc flu hosp,3,2026-01-17,54,quantile,0.1,31.870477921604838
2025-12-20,wk inc flu hosp,3,2026-01-17,54,quantile,0.15,49.37336600933148
2025-12-20,wk inc flu hosp,3,2026-01-17,54,quantile,0.2,72.32918034102427
2025-12-20,wk inc flu hosp,3,2026-01-17,54,quantile,0.25,88.44824726956185
2025-12-20,wk inc flu hosp,3,2026-01-17,54,quantile,0.3,104.13344245176745
2025-12-20,wk inc flu hosp,3,2026-01-17,54,quantile,0.35,122.5356161882656
2025-12-20,wk inc flu hosp,3,2026-01-17,54,quantile,0.4,138.74251359944208
2025-12-20,wk inc flu hosp,3,2026-01-17,54,quantile,0.45,157.17140429171567
2025-12-20,wk inc flu hosp,3,2026-01-17,54,quantile,0.5,177.74311463080807
2025-12-20,wk inc flu hosp,3,2026-01-17,54,quantile,0.55,200.0773658718265
2025-12-20,wk inc flu hosp,3,2026-01-17,54,quantile,0.6,222.6193293579314
2025-12-20,wk inc flu hosp,3,2026-01-17,54,quantile,0.65,248.45976063492824
2025-12-20,wk inc flu hosp,3,2026-01-17,54,quantile,0.7,281.8266488319398
2025-12-20,wk inc flu hosp,3,2026-01-17,54,quantile,0.75,302.5644268269126
2025-12-20,wk inc flu hosp,3,2026-01-17,54,quantile,0.8,362.9434179488295
2025-12-20,wk inc flu hosp,3,2026-01-17,54,quantile,0.85,435.5744167254414
2025-12-20,wk inc flu hosp,3,2026-01-17,54,quantile,0.9,465.6620546629793
2025-12-20,wk inc flu hosp,3,2026-01-17,54,quantile,0.95,563.0487022872985
2025-12-20,wk inc flu hosp,3,2026-01-17,54,quantile,0.975,600.9077812101026
2025-12-20,wk inc flu hosp,3,2026-01-17,54,quantile,0.99,613.2266479456044
2025-12-20,wk inc flu hosp,3,2026-01-17,55,quantile,0.01,23.369713183935023
2025-12-20,wk inc flu hosp,3,2026-01-17,55,quantile,0.025,59.20121468997057
2025-12-20,wk inc flu hosp,3,2026-01-17,55,quantile,0.05,80.24866075404529
2025-12-20,wk inc flu hosp,3,2026-01-17,55,quantile,0.1,117.35589490785533
2025-12-20,wk inc flu hosp,3,2026-01-17,55,quantile,0.15,145.38654965442115
2025-12-20,wk inc flu hosp,3,2026-01-17,55,quantile,0.2,203.94121289517255
2025-12-20,wk inc flu hosp,3,2026-01-17,55,quantile,0.25,252.15703319160485
2025-12-20,wk inc flu hosp,3,2026-01-17,55,quantile,0.3,300.47139659466086
2025-12-20,wk inc flu hosp,3,2026-01-17,55,quantile,0.35,348.96930085605806
2025-12-20,wk inc flu hosp,3,2026-01-17,55,quantile,0.4,391.7158858971302
2025-12-20,wk inc flu hosp,3,2026-01-17,55,quantile,0.45,431.6583262042861
2025-12-20,wk inc flu hosp,3,2026-01-17,55,quantile,0.5,487.67542220562194
2025-12-20,wk inc flu hosp,3,2026-01-17,55,quantile,0.55,556.8521732502048
2025-12-20,wk inc flu hosp,3,2026-01-17,55,quantile,0.6,661.7232669468012
2025-12-20,wk inc flu hosp,3,2026-01-17,55,quantile,0.65,829.6479036114046
2025-12-20,wk inc flu hosp,3,2026-01-17,55,quantile,0.7,1118.7888758001043
2025-12-20,wk inc flu hosp,3,2026-01-17,55,quantile,0.75,1413.0689126807595
2025-12-20,wk inc flu hosp,3,2026-01-17,55,quantile,0.8,1473.5608343914253
2025-12-20,wk inc flu hosp,3,2026-01-17,55,quantile,0.85,1702.756055244763
2025-12-20,wk inc flu hosp,3,2026-01-17,55,quantile,0.9,2176.877295358263
2025-12-20,wk inc flu hosp,3,2026-01-17,55,quantile,0.95,2495.0481288249775
2025-12-20,wk inc flu hosp,3,2026-01-17,55,quantile,0.975,2538.536421441247
2025-12-20,wk inc flu hosp,3,2026-01-17,55,quantile,0.99,2593.388021107315
2025-12-20,wk inc flu hosp,3,2026-01-17,56,quantile,0.01,3.273252256383991
2025-12-20,wk inc flu hosp,3,2026-01-17,56,quantile,0.025,5.07292314651924
2025-12-20,wk inc flu hosp,3,2026-01-17,56,quantile,0.05,6.030890657987983
2025-12-20,wk inc flu hosp,3,2026-01-17,56,quantile,0.1,10.411624795680034
2025-12-20,wk inc flu hosp,3,2026-01-17,56,quantile,0.15,14.633726522262476
2025-12-20,wk inc flu hosp,3,2026-01-17,56,quantile,0.2,18.410460802138967
2025-12-20,wk inc flu hosp,3,2026-01-17,56,quantile,0.25,22.069392481954413
2025-12-20,wk inc flu hosp,3,2026-01-17,56,quantile,0.3,25.725359847416847
2025-12-20,wk inc flu hosp,3,2026-01-17,56,quantile,0.35,29.62181529673405
2025-12-20,wk inc flu hosp,3,2026-01-17,56,quantile,0.4,34.180081129159
2025-12-20,wk inc flu hosp,3,2026-01-17,56,quantile,0.45,39.60685675213308
2025-12-20,wk inc flu hosp,3,2026-01-17,56,quantile,0.5,45.498527622416255
2025-12-20,wk inc flu hosp,3,2026-01-17,56,quantile,0.55,53.437712333405265
2025-12-20,wk inc flu hosp,3,2026-01-17,56,quantile,0.6,65.535620198317
2025-12-20,wk inc flu hosp,3,2026-01-17,56,quantile,0.65,84.93472620780713
2025-12-20,wk inc flu hosp,3,2026-01-17,56,quantile,0.7,102.56455105139064
2025-12-20,wk inc flu hosp,3,2026-01-17,56,quantile,0.75,111.46550856561439
2025-12-20,wk inc flu hosp,3,2026-01-17,56,quantile,0.8,122.79694366118059
2025-12-20,wk inc flu hosp,3,2026-01-17,56,quantile,0.85,142.2386583190422
2025-12-20,wk inc flu hosp,3,2026-01-17,56,quantile,0.9,160.8564865737508
2025-12-20,wk inc flu hosp,3,2026-01-17,56,quantile,0.95,234.96832358070134
2025-12-20,wk inc flu hosp,3,2026-01-17,56,quantile,0.975,255.43770125300597
2025-12-20,wk inc flu hosp,3,2026-01-17,56,quantile,0.99,257.39185191605566
2025-12-20,wk inc flu hosp,3,2026-01-17,72,quantile,0.01,54.769658628856966
2025-12-20,wk inc flu hosp,3,2026-01-17,72,quantile,0.025,82.47715095796704
2025-12-20,wk inc flu hosp,3,2026-01-17,72,quantile,0.05,84.70816319108884
2025-12-20,wk inc flu hosp,3,2026-01-17,72,quantile,0.1,115.97010915373068
2025-12-20,wk inc flu hosp,3,2026-01-17,72,quantile,0.15,152.21909218019957
2025-12-20,wk inc flu hosp,3,2026-01-17,72,quantile,0.2,177.75488557473219
2025-12-20,wk inc flu hosp,3,2026-01-17,72,quantile,0.25,209.86031093061465
2025-12-20,wk inc flu hosp,3,2026-01-17,72,quantile,0.3,244.44297029010133
2025-12-20,wk inc flu hosp,3,2026-01-17,72,quantile,0.35,279.681409253264
2025-12-20,wk inc flu hosp,3,2026-01-17,72,quantile,0.4,311.2624409651998
2025-12-20,wk inc flu hosp,3,2026-01-17,72,quantile,0.45,353.96779902018847
2025-12-20,wk inc flu hosp,3,2026-01-17,72,quantile,0.5,381.779352000902
2025-12-20,wk inc flu hosp,3,2026-01-17,72,quantile,0.55,423.1936112494164
2025-12-20,wk inc flu hosp,3,2026-01-17,72,quantile,0.6,468.87407441588056
2025-12-20,wk inc flu hosp,3,2026-01-17,72,quantile,0.65,521.7292358133348
2025-12-20,wk inc flu hosp,3,2026-01-17,72,quantile,0.7,585.4214097400551
2025-12-20,wk inc flu hosp,3,2026-01-17,72,quantile,0.75,671.5217537472793
2025-12-20,wk inc flu hosp,3,2026-01-17,72,quantile,0.8,763.6948812039994
2025-12-20,wk inc flu hosp,3,2026-01-17,72,quantile,0.85,939.4249764005987
2025-12-20,wk inc flu hosp,3,2026-01-17,72,quantile,0.9,1168.8471259886164
2025-12-20,wk inc flu hosp,3,2026-01-17,72,quantile,0.95,1233.600738771735
2025-12-20,wk inc flu hosp,3,2026-01-17,72,quantile,0.975,1271.12539621453
2025-12-20,wk inc flu hosp,3,2026-01-17,72,quantile,0.99,1295.9083461536861
2025-12-20,wk inc flu hosp,3,2026-01-17,US,quantile,0.01,2949.123198697887
2025-12-20,wk inc flu hosp,3,2026-01-17,US,quantile,0.025,3831.1796362684017
2025-12-20,wk inc flu hosp,3,2026-01-17,US,quantile,0.05,5941.445485075715
2025-12-20,wk inc flu hosp,3,2026-01-17,US,quantile,0.1,9261.858772541726
2025-12-20,wk inc flu hosp,3,2026-01-17,US,quantile,0.15,11562.314761325099
2025-12-20,wk inc flu hosp,3,2026-01-17,US,quantile,0.2,13921.202600222869
2025-12-20,wk inc flu hosp,3,2026-01-17,US,quantile,0.25,16065.27252527525
2025-12-20,wk inc flu hosp,3,2026-01-17,US,quantile,0.3,17757.929017052793
2025-12-20,wk inc flu hosp,3,2026-01-17,US,quantile,0.35,19096.525597378124
2025-12-20,wk inc flu hosp,3,2026-01-17,US,quantile,0.4,21342.31209907194
2025-12-20,wk inc flu hosp,3,2026-01-17,US,quantile,0.45,23817.271382473104
2025-12-20,wk inc flu hosp,3,2026-01-17,US,quantile,0.5,26643.7301252119
2025-12-20,wk inc flu hosp,3,2026-01-17,US,quantile,0.55,30259.876981228077
2025-12-20,wk inc flu hosp,3,2026-01-17,US,quantile,0.6,35057.13657779257
2025-12-20,wk inc flu hosp,3,2026-01-17,US,quantile,0.65,40678.49830409672
2025-12-20,wk inc flu hosp,3,2026-01-17,US,quantile,0.7,43237.37773489304
2025-12-20,wk inc flu hosp,3,2026-01-17,US,quantile,0.75,46557.16015689059
2025-12-20,wk inc flu hosp,3,2026-01-17,US,quantile,0.8,49861.21770716519
2025-12-20,wk inc flu hosp,3,2026-01-17,US,quantile,0.85,53801.116003529416
2025-12-20,wk inc flu hosp,3,2026-01-17,US,quantile,0.9,65339.319812179405
2025-12-20,wk inc flu hosp,3,2026-01-17,US,quantile,0.95,91660.17636397801
2025-12-20,wk inc flu hosp,3,2026-01-17,US,quantile,0.975,112404.89560439445
2025-12-20,wk inc flu hosp,3,2026-01-17,US,quantile,0.99,117089.73432963276
