tree
version=v4
num_class=1
num_tree_per_iteration=1
label_index=0
max_feature_idx=104
objective=regression
feature_names=Louisiana_lag_1 Mississippi_lag_1 Arkansas_lag_1 California_lag_1 Louisiana_lag_2 Mississippi_lag_2 Arkansas_lag_2 California_lag_2 Louisiana_lag_3 Mississippi_lag_3 Arkansas_lag_3 California_lag_3 Louisiana_lag_4 Mississippi_lag_4 Arkansas_lag_4 California_lag_4 Louisiana_lag_5 Mississippi_lag_5 Arkansas_lag_5 California_lag_5 Louisiana_lag_6 Mississippi_lag_6 Arkansas_lag_6 California_lag_6 Louisiana_lag_7 Mississippi_lag_7 Arkansas_lag_7 California_lag_7 Louisiana_lag_8 Mississippi_lag_8 Arkansas_lag_8 California_lag_8 Louisiana_lag_9 Mississippi_lag_9 Arkansas_lag_9 California_lag_9 Louisiana_lag_10 Mississippi_lag_10 Arkansas_lag_10 California_lag_10 Louisiana_lag_11 Mississippi_lag_11 Arkansas_lag_11 California_lag_11 Louisiana_lag_12 Mississippi_lag_12 Arkansas_lag_12 California_lag_12 Louisiana_lag_52 Mississippi_lag_52 Arkansas_lag_52 California_lag_52 Louisiana_roll_mean_2 Louisiana_roll_std_2 Louisiana_roll_min_2 Louisiana_roll_max_2 Louisiana_roll_mean_4 Louisiana_roll_std_4 Louisiana_roll_min_4 Louisiana_roll_max_4 Louisiana_roll_mean_8 Louisiana_roll_std_8 Louisiana_roll_min_8 Louisiana_roll_max_8 Louisiana_roll_mean_12 Louisiana_roll_std_12 Louisiana_roll_min_12 Louisiana_roll_max_12 Louisiana_ewm_alpha_0.1 Louisiana_ewm_alpha_0.3 Louisiana_ewm_alpha_0.5 Louisiana_diff_1 Louisiana_pct_change_1 Louisiana_diff_2 Louisiana_pct_change_2 Louisiana_diff_4 Louisiana_pct_change_4 Louisiana_diff_8 Louisiana_pct_change_8 Louisiana_diff_52 Louisiana_pct_change_52 Louisiana_momentum_4 Louisiana_momentum_8 Louisiana_momentum_12 week_sin week_cos quarter_sin quarter_cos month_sin month_cos is_flu_season is_peak_flu Louisiana_cumulative_mean Louisiana_trend_8w Louisiana_trend_12w Mississippi_current Arkansas_current California_current US_current Alaska_current Colorado_current Illinois_current Texas_current Missouri_current Georgia_current
feature_infos=[0:6.5708829623395841] [0:6.4068799860693142] [0:6.6240652277998935] [0:8.4287990406536419] [0:6.5708829623395841] [0:6.4068799860693142] [0:6.6240652277998935] [0:8.4287990406536419] [0:6.5708829623395841] [0:6.4068799860693142] [0:6.6240652277998935] [0:8.4287990406536419] [0:6.5708829623395841] [0:6.4068799860693142] [0:6.6240652277998935] [0:8.4287990406536419] [0:6.5708829623395841] [0:6.4068799860693142] [0:6.6240652277998935] [0:8.4287990406536419] [0:6.5708829623395841] [0:6.4068799860693142] [0:6.6240652277998935] [0:8.4287990406536419] [0:6.5708829623395841] [0:6.4068799860693142] [0:6.6240652277998935] [0:8.4287990406536419] [0:6.5708829623395841] [0:6.4068799860693142] [0:6.6240652277998935] [0:8.4287990406536419] [0:6.5708829623395841] [0:6.4068799860693142] [0:6.6240652277998935] [0:8.4287990406536419] [0:6.5708829623395841] [0:6.4068799860693142] [0:6.6240652277998935] [0:8.4287990406536419] [0:6.5708829623395841] [0:6.4068799860693142] [0:6.6240652277998935] [0:8.4287990406536419] [0:6.5708829623395841] [0:6.4068799860693142] [0:6.6240652277998935] [0:8.4287990406536419] [0:6.5708829623395841] [0:6.4068799860693142] [0:6.6240652277998935] [0:8.4287990406536419] [0.69314718055994529:6.5161930760429643] [0:5.2459577700561351] [0.69314718055994529:6.4967749901858625] [0.69314718055994529:6.5708829623395841] [0.69314718055994529:6.323462503334274] [0:5.4303099628730385] [0.69314718055994529:6.1696107324914564] [0.69314718055994529:6.5708829623395841] [0.69314718055994529:6.2850665620707531] [0:5.5043528337325514] [0.69314718055994529:6.0497334552319577] [0.69314718055994529:6.5708829623395841] [0.69314718055994529:6.1755207097141449] [0:5.4616326458554907] [0.69314718055994529:5.8021183753770629] [0.69314718055994529:6.5708829623395841] [2.1721459502664486:5.8585396682231101] [0.89900808754704808:6.2555437781824841] [0.69609390392480097:6.3674924719573296] [0:5.5451774444795623] [0:3.2958368660043291] [0:6.089044875446846] [0:3.8501476017100584] [0:6.3561076606958915] [0:4.4659081186545837] [0:6.4692503167957724] [0:5.0937502008067623] [0:6.2025355171879228] [0:4.5815603203489577] [0:4.4659081086545838] [0:5.0937501908067624] [0:6.569481410414296] [0:0.69313995585920651] [0:0.6931425567534768] [0:0.69312377246641454] [0:0.6931425567534768] [0:0.69314457966968368] [0:0.69310556604517093] [0:0.69314718055994529] [0:0.69314718055994529] [4.0604430105464191:5.0814043649844631] none none [0.69314718055994529:6.4068799860693142] [0.69314718055994529:6.6240652277998935] [0.69314718055994529:8.4287990406536419] [0.69314718055994529:11.034889664027229] [0:4.7184988712950942] [0:6.7226297948554485] [0.69314718055994529:7.7706452341291765] [0.69314718055994529:8.4929004988471934] [0.69314718055994529:7.4512416849876759] [0.69314718055994529:7.7025561132685825]
tree_sizes=777 798 800 802 799 806 805 806 803 815 812 808 809 811 815 811 811 815 817 736 731 819 815 735 813 738 738 819 656 733 735 823 736 731 739 729 731 739 732 743 740 650 744 663 658 822 572 743 742 743 573 736 740 657 738 572 743 490 574 492 744 740 662 820 574 744 742 570 653 578 822 652 748 490 572 575 745 832 661 745 744 573 747 747 741 575 489 747 746 739 741 747 736 651 658 493 742 826 822 737 663 833 823 825 737 574 578 829 739 492 491 837 747 833 744 747 493 834 739 742 659 492 580 662 579 832 836 828 741 825 754 660 738 835 745 751 743 744 834 661 579 752 581 745 748 753 750 743 743 830 831 743 745 582 656 667 588 494 497 577 748 582 662 751 747 579 581 754 495 577 668 748 582 751 581 831 582 663 495 492 577 581 494 823 661 496 584 749 662 671 496 752 826 673 823 580 837 499 496 575 494 764 661 753 830 579 583 749 578 581 834 664 756 494 496 580 496 665 496 496 671 674 498 750 496 753 579 760 748 579 750 496 756 496 668 836 584 672 834 579 840 582 750 672 581 578 756 667 581 753 744 583 579 750 758 833 500 665 496 581 578 838 582 755 833 671 751 749 670 495 761 672 581 836 761 838 844 666 673 662 665 667 754 759 494 760 673 761 837 751 842 583 496 670 676 753 676 760 496 670 757 840 666 753 762 755 497 676 759 672 753 496 762 676 756 497 674 761 496 758 580 497 495 581 759 754 756 675 500 497 666 755 672 838 673 495 582 671 677 668 580 583 758 585 671 760 580 670 675 755 586 758 839 495 493 845 584 579 759 495 670 760 835 670 671 581 669 582 752 665 582 583 760 582 756 669 581 587 673 750 844 673 583 580 751 669 583 676 581 667 762 668 668 676 591 758 844 503 583 667 586 500 756 753 852 668 585 755 669 671 844 585 496 586 763 673 496 767 755 837 843 578 843 754 754 678 497 675 758 751 585 849 671 756 760 756 584 668 584 678 761 669 499 761 666 762 758 764 586 758 761 755 498 499 759 763 761 675 503 674 772 500 495 847 582 671 678 673 844 675 768 497 670 670 672 671 766 498 588 672 671 768 759 846 672 762 674 676 842 672 856 760 584 759 758 586 671 855 666 498 496 678 766 676 673 847 672 845 852 589 588 499 670 847 856 679 764 854 676 676 672 677 759 669 760 499 847 594 679 849 760 760 677 496 589 676 763 851 760 583 500 493 588 585 671 765 499 761 854 676 672 585 670 587 584 497 672 768 671 589 681 772 770 679 499 759 764 764 860 498 674 672 847 854 496 761 853 767 767 587 766 679 586 500 675 502 764 856 679 679 679 587 500 499 501 587 667 673 586 589 851 773 674 674 755 843 676 674 677 672 672 764 852 765 758 759 590 587 767 763 680 768 501 770 500 679 851 668 766 680 591 857 848 588 767 680 763 590 764 853 678 594 858 675 496 501 768 766 681 767 583 592 856 768 774 500 859 680 679 865 677 502 502 500 587 850 674 854 505 502 590 503 772 503 505 680 850 675 588 589 678 503 674 502 502 500 682 854 681 589 774 591 763 505 676 852 501 594 589 773 592 678 765 860 501 501 767 762 678 854 757 768 592 591 676 590 766 769 689 587 763 858 590 767 850 764 767 770 850 681 763 679 503 763 680 763 683 676 770 503 765 588 590 681 680 681 588 590 503 681 678 766 768 504 590 505 677 502 853 594 503 680 773 775 765 765 857 592 587 678 504 590 591 505 505 501 506 506 504 683 684 765 679 852 678 503 764 593 768 590 589 762 588 859 769 859 505 679 507 770

Tree=0
num_leaves=8
num_cat=0
split_feature=52 55 52 52 55 52 40
split_gain=734.723 104.736 102.963 32.8357 14.3905 13.3281 8.21734
threshold=3.6950907141132152 4.976709960642169 1.8688348091416842 3.1883634739493139 5.5073105608789552 4.2903656061101136 2.8314802400679731
decision_type=2 2 2 2 2 2 2
left_child=2 5 6 -4 -3 -2 -1
right_child=1 4 3 -5 -6 -7 -8
leaf_value=3.5595033177309419 3.7848451454597249 3.9005895605002321 3.6338932432317339 3.7235168865959904 3.9674393136733173 3.8396120683083477 3.4759446449669991
leaf_weight=18 82 67 120 62 62 97 34
leaf_count=18 82 67 120 62 62 97 34
internal_value=3.76254 3.86403 3.62897 3.66442 3.93272 3.81452 3.50487
internal_weight=0 308 234 182 129 179 52
internal_count=542 308 234 182 129 179 52
is_linear=0
shrinkage=1


Tree=1
num_leaves=8
num_cat=0
split_feature=52 70 52 52 55 52 85
split_gain=595.126 86.1651 85.4313 16.8413 14.3636 13.6542 10.1808
threshold=3.6950907141132152 2.4740260951016366 4.7998380490772323 1.8688348091416842 5.5073105608789552 3.1883634739493139 0.028591544580251347
decision_type=2 2 2 2 2 2 2
left_child=1 3 6 -1 -4 -3 -2
right_child=2 5 4 -5 -6 -7 -8
leaf_value=-0.2319076485358752 0.013261512880200062 -0.098176327782271852 0.1202795946225524 -0.14731860216273818 0.18440581675498718 -0.035124361022345479 0.063511461075203321
leaf_weight=52 69 77 80 43 62 62 97
leaf_count=52 69 77 80 43 62 62 97
internal_value=0 -0.120219 0.091335 -0.19362 0.148278 -0.0700524 0.0426244
internal_weight=0 234 308 95 142 139 166
internal_count=542 234 308 95 142 139 166
is_linear=0
shrinkage=0.1


Tree=2
num_leaves=8
num_cat=0
split_feature=52 70 55 23 40 77 54
split_gain=482.052 69.7937 69.2262 15.1916 12.712 10.6561 10.0287
threshold=3.6950907141132152 2.4740260951016366 4.976709960642169 5.0172579074712669 3.1132683346437333 5.3518132088371191 4.0428973506407848
decision_type=2 2 2 2 2 2 2
left_child=1 3 6 -1 -3 -4 -2
right_child=2 4 5 -5 -6 -7 -8
leaf_value=-0.15230519575615453 0.0086204739256451526 -0.020737083398915352 0.12119642350201805 -0.24710127602924004 -0.084662129470898836 0.18706862800049062 0.058762324063749129
leaf_weight=73 60 47 96 22 92 33 119
leaf_count=73 60 47 96 22 92 33 119
internal_value=0 -0.108197 0.0822015 -0.174258 -0.0630472 0.138047 0.041955
internal_weight=0 234 308 95 139 129 179
internal_count=542 234 308 95 139 129 179
is_linear=0
shrinkage=0.1


Tree=3
num_leaves=8
num_cat=0
split_feature=52 52 52 75 77 52 40
split_gain=395.097 81.3374 39.0058 15.1097 12.843 10.6708 5.75134
threshold=3.3497501700808394 4.6633945923097153 1.8688348091416842 1.7005986908310777 4.7361599735377959 3.8968964838426361 2.8314802400679731
decision_type=2 2 2 2 2 2 2
left_child=2 5 6 -4 -3 -2 -1
right_child=1 4 3 -5 -6 -7 -8
leaf_value=-0.14431529247926342 -0.012134882328297262 0.091543480502931707 -0.10916608578497262 -0.035678014935304724 0.14896998513828627 0.036774917306999368 -0.21422066372983598
leaf_weight=18 71 95 99 39 66 120 34
leaf_count=18 71 95 99 39 66 120 34
internal_value=0 0.0627275 -0.116211 -0.0883977 0.115085 0.0185938 -0.190023
internal_weight=0 352 190 138 161 191 52
internal_count=542 352 190 138 161 191 52
is_linear=0
shrinkage=0.1


Tree=4
num_leaves=8
num_cat=0
split_feature=52 52 52 55 71 46 40
split_gain=320.029 65.8989 31.5947 14.2828 12.2564 8.18857 4.65859
threshold=3.3497501700808394 4.5053345884235583 1.8688348091416842 5.476454798506734 1.2424533248940004 3.8064155152036787 2.8314802400679731
decision_type=2 2 2 2 2 2 2
left_child=2 5 6 -3 -4 -2 -1
right_child=1 3 4 -5 -6 -7 -8
leaf_value=-0.12988376528438594 0.032663648297243261 0.077114294708396008 -0.10202187372646719 0.13531735640305739 -0.040021432420238853 -0.01163044738605982 -0.19279860187979306
leaf_weight=18 85 120 88 65 50 82 34
leaf_count=18 85 120 88 65 50 82 34
internal_value=0 0.0564547 -0.10459 0.097564 -0.0795579 0.0109145 -0.17102
internal_weight=0 352 190 185 138 167 52
internal_count=542 352 190 185 138 167 52
is_linear=0
shrinkage=0.1


Tree=5
num_leaves=8
num_cat=0
split_feature=52 54 52 75 52 42 37
split_gain=260.067 46.8347 30.5955 12.8151 7.9939 6.94864 3.79107
threshold=3.5624403789853925 4.6539149966267201 1.8688348091416842 1.7005986908310777 5.628509899391247 3.8064155152036787 2.3502401828962087
decision_type=2 2 2 2 2 2 2
left_child=2 5 6 -4 -3 -2 -1
right_child=1 4 3 -5 -6 -7 -8
leaf_value=-0.11680910169250436 0.03973539525565381 0.081073538619048396 -0.084092019413894215 -0.021709163654892845 0.13121245509904364 0.00083251734004906308 -0.17356442563674029
leaf_weight=18 96 103 110 47 46 88 34
leaf_count=18 96 103 110 47 46 88 34
internal_value=0 0.0548775 -0.0874364 -0.0654169 0.0965527 0.0211297 -0.153918
internal_weight=0 333 209 157 149 184 52
internal_count=542 333 209 157 149 184 52
is_linear=0
shrinkage=0.1


Tree=6
num_leaves=8
num_cat=0
split_feature=70 52 75 95 77 44 75
split_gain=213.064 45.5978 19.5571 17.2608 10.3351 5.51505 1.20299
threshold=3.3120725986619637 4.5053345884235583 1.7005986908310777 2.524928003624769 4.70043904177074 4.2903656061101136 2.7706317725792133
decision_type=2 2 2 2 2 2 2
left_child=2 5 3 -1 -3 -2 -4
right_child=1 4 6 -5 -6 -7 -8
leaf_value=-0.13344148420063515 0.025769256214857445 0.06115394365042448 -0.040448624481047905 -0.063879686002168923 0.10988954050200327 -0.010046154866542888 -0.0052181875643630832
leaf_weight=84 87 115 21 62 70 85 18
leaf_count=84 87 115 21 62 70 85 18
internal_value=0 0.0451344 -0.0870972 -0.103902 0.0795944 0.00806978 -0.0241884
internal_weight=0 357 185 146 185 172 39
internal_count=542 357 185 146 185 172 39
is_linear=0
shrinkage=0.1


Tree=7
num_leaves=8
num_cat=0
split_feature=52 55 52 2 40 77 71
split_gain=174.705 33.1681 20.8983 14.655 7.24922 4.95237 4.49714
threshold=3.8968964838426361 3.0201273556387074 5.0657496176235997 1.8688348091416842 3.4960482137079443 4.1270042952824229 3.7373860911989358
decision_type=2 2 2 2 2 2 2
left_child=1 3 5 -1 -3 -2 -4
right_child=2 4 6 -5 -6 -7 -8
leaf_value=-0.12072697232795666 0.023691626226659435 0.0097210912905791973 0.078737373783802383 -0.054856094294937999 -0.040241219780842878 0.061035856999913041 0.12747558760643005
leaf_weight=79 129 47 78 59 76 49 25
leaf_count=79 129 47 78 59 76 49 25
internal_value=0 -0.0589095 0.0547167 -0.0925648 -0.0211499 0.0339718 0.090567
internal_weight=0 261 281 138 123 178 103
internal_count=542 261 281 138 123 178 103
is_linear=0
shrinkage=0.1


Tree=8
num_leaves=8
num_cat=0
split_feature=52 52 54 48 18 77 71
split_gain=141.994 24.2673 19.0326 11.4763 5.43308 4.45145 3.86508
threshold=3.7839313027319412 2.524928003624769 4.976709960642169 2.9430520157250784 1.7005986908310777 4.1270042952824229 3.7373860911989358
decision_type=2 2 2 2 2 2 2
left_child=1 3 5 -1 -3 -2 -4
right_child=2 4 6 -5 -6 -7 -8
leaf_value=-0.1146746794509531 0.018592495135962964 0.0029888774790778395 0.069875975177589672 -0.048225729939777681 -0.04063598965790044 0.054160430837184831 0.11472802686691284
leaf_weight=71 140 41 83 41 94 47 25
leaf_count=71 140 41 83 41 94 47 25
internal_value=0 -0.0559368 0.0468352 -0.0903496 -0.027387 0.027532 0.0802584
internal_weight=0 247 295 112 135 187 108
internal_count=542 247 295 112 135 187 108
is_linear=0
shrinkage=0.1


Tree=9
num_leaves=8
num_cat=0
split_feature=70 52 75 95 71 54 14
split_gain=117.032 25.2245 13.9943 13.1618 5.20424 4.27629 2.69164
threshold=3.3049014453374039 4.6633945923097153 1.0000000180025095e-35 2.524928003624769 3.3315663479954023 4.0428973506407848 2.1383330595080281
decision_type=2 2 2 2 2 2 2
left_child=2 5 3 -1 -3 -2 -4
right_child=1 4 6 -5 -6 -7 -8
leaf_value=-0.11192948428837404 -0.0036893043675393401 0.051615437259108332 -0.010477577755227686 -0.043634089664556092 0.092251941423083461 0.025863004088316155 -0.05272663506865502
leaf_weight=73 112 118 38 46 43 87 25
leaf_count=73 112 118 38 46 43 87 25
internal_value=0 0.0330398 -0.0653535 -0.0855296 0.0624687 0.00923055 -0.0272431
internal_weight=0 360 182 119 161 199 63
internal_count=542 360 182 119 161 199 63
is_linear=0
shrinkage=0.1


Tree=10
num_leaves=8
num_cat=0
split_feature=70 52 75 95 52 46 14
split_gain=94.7962 20.5449 11.3795 10.118 5.65949 3.38146 1.92213
threshold=3.3049014453374039 4.5053345884235583 1.2424533248940004 2.524928003624769 5.7644043282988839 3.4811217321331038 2.1383330595080281
decision_type=2 2 2 2 2 2 2
left_child=2 5 3 -1 -3 -2 -4
right_child=1 4 6 -5 -6 -7 -8
leaf_value=-0.097066907092737853 0.020148222354911899 0.044225083385134825 -0.0015386134044577679 -0.041353621744617292 0.087951395568765106 -0.0077299892164251595 -0.042873386459218135
leaf_weight=78 81 148 30 56 37 94 18
leaf_count=78 81 148 30 56 37 94 18
internal_value=0 0.0297358 -0.0588181 -0.0737837 0.0529703 0.00517364 -0.0170392
internal_weight=0 360 182 134 185 175 48
internal_count=542 360 182 134 185 175 48
is_linear=0
shrinkage=0.1


Tree=11
num_leaves=8
num_cat=0
split_feature=54 52 71 95 55 70 71
split_gain=77.0522 15.745 11.7764 6.3885 4.12003 2.91621 2.77436
threshold=3.2180751841847144 4.9870196042435371 1.4978661367769956 2.524928003624769 4.2555875595453383 3.1234436188159811 3.3315663479954023
decision_type=2 2 2 2 2 2 2
left_child=2 4 3 -1 -2 -4 -3
right_child=1 6 5 -5 -6 -7 -8
leaf_value=-0.084305900391191249 -0.0022604755894280971 0.047371395440568453 -0.026645992724941326 -0.040931257911784168 0.02478366680443287 0.022984246602829765 0.080187384705794493
leaf_weight=80 100 80 39 59 129 17 38
leaf_count=80 100 80 39 59 129 17 38
internal_value=0 0.0282648 -0.0502968 -0.0658951 0.012974 -0.0115797 0.0579393
internal_weight=0 347 195 139 229 56 118
internal_count=542 347 195 139 229 56 118
is_linear=0
shrinkage=0.1


Tree=12
num_leaves=8
num_cat=0
split_feature=52 70 54 31 36 75 55
split_gain=62.7088 12.355 8.29003 5.36421 4.5469 2.79361 1.76308
threshold=3.8968964838426361 2.4740260951016366 5.0937313815282925 5.5012498806127832 3.6632328069201612 1.0000000180025095e-35 6.0473693846339858
decision_type=2 2 2 2 2 2 2
left_child=1 3 5 -1 -3 -2 -4
right_child=2 4 6 -5 -6 -7 -8
leaf_value=-0.05217278957072842 0.0089023684344670569 -0.0016749017182155512 0.049896493396954615 -0.11157891185660113 -0.034796957836248157 0.032913891954813153 0.082177143770715472
leaf_weight=76 94 80 64 19 86 100 23
leaf_count=76 94 80 64 19 86 100 23
internal_value=0 -0.0352937 0.0327817 -0.064054 -0.0188345 0.0212794 0.0584305
internal_weight=0 261 281 95 166 194 87
internal_count=542 261 281 95 166 194 87
is_linear=0
shrinkage=0.1


Tree=13
num_leaves=8
num_cat=0
split_feature=70 77 61 57 1 54 71
split_gain=52.3501 11.4465 8.61088 7.29255 4.92351 3.71058 1.98843
threshold=3.3049014453374039 4.1270042952824229 2.6164588077156368 1.0698198067212907 2.3502401828962087 4.0428973506407848 3.7373860911989358
decision_type=2 2 2 2 2 2 2
left_child=2 5 3 -1 -4 -2 -3
right_child=1 6 4 -5 -6 -7 -8
leaf_value=-0.06487152261096378 -0.004435580155706771 0.039801076033406636 -0.10493791179731489 -0.014985565632156542 -0.037578028571956301 0.020562660757072825 0.069252545602859997
leaf_weight=43 106 88 30 92 17 135 31
leaf_count=43 106 88 30 92 17 135 31
internal_value=0 0.0220975 -0.0437094 -0.0308752 -0.0805737 0.00956758 0.0474733
internal_weight=0 360 182 135 47 241 119
internal_count=542 360 182 135 47 241 119
is_linear=0
shrinkage=0.1


Tree=14
num_leaves=8
num_cat=0
split_feature=70 54 61 55 1 52 44
split_gain=42.4036 9.70168 6.97481 6.1118 3.98804 2.41159 2.29745
threshold=3.3049014453374039 4.624780542564733 2.6164588077156368 2.5619819897016298 2.3502401828962087 5.7644043282988839 4.2903656061101136
decision_type=2 2 2 2 2 2 2
left_child=2 6 3 -1 -4 -3 -2
right_child=1 5 4 -5 -6 -7 -8
leaf_value=-0.048291021055941075 0.016057953656264494 0.031891911308449726 -0.094444119946565486 -0.0057070960570126776 -0.033820226350251364 0.061212154578518224 -0.0050183595033676028
leaf_weight=70 106 116 30 65 17 37 101
leaf_count=70 106 116 30 65 17 37 101
internal_value=0 0.0198878 -0.0393385 -0.0277876 -0.0725163 0.0389824 0.00577434
internal_weight=0 360 182 135 47 153 207
internal_count=542 360 182 135 47 153 207
is_linear=0
shrinkage=0.1


Tree=15
num_leaves=8
num_cat=0
split_feature=54 71 54 31 85 70 71
split_gain=34.533 7.34041 6.78322 3.78133 2.1385 1.77914 1.34117
threshold=3.4334666422309414 1.2424533248940004 5.0304165616299539 5.5529295377475458 0.028591544580251347 3.1234436188159811 3.7373860911989358
decision_type=2 2 2 2 2 2 2
left_child=1 3 4 -1 -2 -3 -4
right_child=2 5 6 -5 -6 -7 -8
leaf_value=-0.033331938438305557 -0.0011902030951415118 -0.016545025110155202 0.03538638630718622 -0.068303128721361808 0.018557296420170833 0.017628717635758222 0.062460299457112949
leaf_weight=104 91 39 77 44 138 25 24
leaf_count=104 91 39 77 44 138 25 24
internal_value=0 -0.0314924 0.0202315 -0.0437288 0.01071 -0.00319591 0.0418198
internal_weight=0 212 330 148 229 64 101
internal_count=542 212 330 148 229 64 101
is_linear=0
shrinkage=0.1


Tree=16
num_leaves=8
num_cat=0
split_feature=70 77 61 102 45 50 55
split_gain=28.4055 6.92951 5.73673 4.96244 3.36606 2.72193 1.30779
threshold=3.2771177353616316 4.1270042952824229 2.6164588077156368 4.3437210834879627 3.9701138825728512 5.081385075233106 6.0473693846339858
decision_type=2 2 2 2 2 2 2
left_child=2 5 3 -1 -4 -2 -3
right_child=1 6 4 -5 -6 -7 -8
leaf_value=-0.03591028663455352 0.0021771623532930834 0.031007324414783901 -0.041162193745926577 0.0048370070144948037 -0.096989805582496869 0.032676085605121717 0.058506528678394502
leaf_weight=89 210 98 27 45 18 34 21
leaf_count=89 210 98 27 45 18 34 21
internal_value=0 0.0160759 -0.0326008 -0.0222265 -0.0634932 0.00642701 0.0358601
internal_weight=0 363 179 134 45 244 119
internal_count=542 363 179 134 45 244 119
is_linear=0
shrinkage=0.1


Tree=17
num_leaves=8
num_cat=0
split_feature=54 71 95 54 48 18 71
split_gain=23.1898 6.23917 4.87334 2.7401 1.47632 1.06827 0.872795
threshold=4.0428973506407848 1.2424533248940004 2.524928003624769 5.2203412156610947 2.5619819897016298 4.8282817362782584 1.0000000180025095e-35
decision_type=2 2 2 2 2 2 2
left_child=1 2 -1 5 -3 -2 -5
right_child=3 4 -4 6 -6 -7 -8
leaf_value=-0.046671864685466455 0.021201943386981767 -0.016834639263294277 -0.014864714864109244 0.028884698700691977 0.0094368719597063642 0.0044982521608471866 0.051734611531719571
leaf_weight=89 126 31 105 35 69 55 32
leaf_count=89 126 31 105 35 69 55 32
internal_value=0 -0.0189977 -0.0294567 0.0225215 0.0012927 0.0161262 0.0397981
internal_weight=0 294 194 248 100 181 67
internal_count=542 294 194 248 100 181 67
is_linear=0
shrinkage=0.1


Tree=18
num_leaves=8
num_cat=0
split_feature=70 104 33 103 88 71 44
split_gain=19.3691 4.86197 4.58777 5.76296 2.39154 1.68823 1.28881
threshold=3.2771177353616316 4.8441560854355483 1.9356005054539456 1.8688348091416842 0.089250971907882948 3.7373860911989358 2.7058230259275202
decision_type=2 2 2 2 2 2 2
left_child=2 6 4 -4 -1 -3 -2
right_child=1 5 3 -5 -6 -7 -8
leaf_value=0.02427709728310054 0.01632571955772371 0.020424261813863153 -0.063956544158281767 -0.020704628088576503 -0.021840797777733078 0.046340686579545341 -0.0033996900477543919
leaf_weight=22 44 155 48 86 23 30 134
leaf_count=22 44 155 48 86 23 30 134
internal_value=0 0.0132748 -0.0269204 -0.0361979 0.000705729 0.0246269 0.00147625
internal_weight=0 363 179 134 45 185 178
internal_count=542 363 179 134 45 185 178
is_linear=0
shrinkage=0.1


Tree=19
num_leaves=7
num_cat=0
split_feature=54 70 76 88 44 45
split_gain=15.8133 4.42383 3.94106 4.08101 1.75819 1.46399
threshold=2.9430520157250784 4.577737543870362 0.50532073030299618 0.48501836593641318 4.2903656061101136 4.2625806805327082
decision_type=2 2 2 2 2 2
left_child=2 4 3 -1 -2 -3
right_child=1 5 -4 -5 -6 -7
leaf_value=-0.022728385776281359 0.0092500573666427985 0.029153747427432486 0.0056885597994551064 -0.062153474593328109 -0.0095838013008984115 0.0093267613789066676
leaf_weight=97 117 120 32 36 86 54
leaf_count=97 117 120 32 36 86 54
internal_value=0 0.0113001 -0.0258191 -0.0333998 0.00127118 0.0230005
internal_weight=0 377 165 133 203 174
internal_count=542 377 165 133 203 174
is_linear=0
shrinkage=0.1


Tree=20
num_leaves=7
num_cat=0
split_feature=70 38 77 56 50 55
split_gain=13.0304 4.02216 3.29399 2.71202 1.56364 0.799994
threshold=3.2771177353616316 4.2045812236012674 4.1270042952824229 1.4451858789480825 5.081385075233106 6.0473693846339858
decision_type=2 2 2 2 2 2
left_child=1 3 4 -1 -2 -4
right_child=2 -3 5 -5 -6 -7
leaf_value=-0.042540098130702975 0.0010144783642941288 -0.05689101440698973 0.02073308054015649 -0.0089522766738298759 0.024130530326681981 0.042240784849439356
leaf_weight=30 210 28 98 121 34 21
leaf_count=30 210 28 98 121 34 21
internal_value=0 -0.0220803 0.0108881 -0.0156254 0.00423557 0.0245286
internal_weight=0 179 363 151 244 119
internal_count=542 179 363 151 244 119
is_linear=0
shrinkage=0.1


Tree=21
num_leaves=8
num_cat=0
split_feature=54 71 100 54 104 63 49
split_gain=10.7381 3.68725 2.91344 1.44245 1.29193 0.758837 0.547085
threshold=4.0428973506407848 1.2424533248940004 2.5619819897016298 5.2203412156610947 1.5890269151739729 5.7299100016415627 4.1742689126930488
decision_type=2 2 2 2 2 2 2
left_child=1 2 -1 5 -3 -2 -5
right_child=3 4 -4 6 -6 -7 -8
leaf_value=-0.029267226421222606 0.013571408198258243 -0.017555681784870103 -0.0028727412972881718 0.014486535598656961 0.0090581211783788418 -0.0038412271428387617 0.033965965768362846
leaf_weight=133 151 24 61 21 76 30 46
leaf_count=133 151 24 61 21 76 30 46
internal_value=0 -0.0129275 -0.0209679 0.0153254 0.00267081 0.0106853 0.0278605
internal_weight=0 294 194 248 100 181 67
internal_count=542 294 194 248 100 181 67
is_linear=0
shrinkage=0.1


Tree=22
num_leaves=8
num_cat=0
split_feature=85 12 24 71 33 37 30
split_gain=9.00314 3.70218 4.56081 1.4804 1.06693 0.569369 0.344979
threshold=0.093182427544863916 3.6632328069201612 3.8176519431297078 3.637239779386936 5.5373032659954937 3.7494348669884658 2.3937458713910238
decision_type=2 2 2 2 2 2 2
left_child=1 2 -1 4 -2 -3 -5
right_child=3 5 -4 6 -6 -7 -8
leaf_value=-0.014794728549009201 0.012114651472882577 0.01930544814642738 -0.060907261338084939 0.041531188910206157 -0.013936299734803684 -0.00074218507143942753 0.022448609657585623
leaf_weight=151 209 17 25 18 17 85 20
leaf_count=151 209 17 25 18 17 85 20
internal_value=0 -0.0125596 -0.0213448 0.0132257 0.0101551 0.00259909 0.0314877
internal_weight=0 278 176 264 226 102 38
internal_count=542 278 176 264 226 102 38
is_linear=0
shrinkage=0.1


Tree=23
num_leaves=7
num_cat=0
split_feature=104 70 103 45 63 71
split_gain=7.58342 3.44543 1.96867 1.11163 0.896537 0.669848
threshold=4.7094896185437563 1.6444151790506101 2.1383330595080281 2.9174053685313028 6.370694943039239 3.7373860911989358
decision_type=2 2 2 2 2 2
left_child=1 3 -3 -1 5 -2
right_child=4 2 -4 -5 -6 -7
leaf_value=-0.01732585297020919 0.010663823502674653 -0.018447685716784606 -0.00039409498299666963 -0.05104857482340025 0.034849879677806582 0.028594215804090103
leaf_weight=17 158 84 215 23 21 24
leaf_count=17 158 84 215 23 21 24
internal_value=0 -0.00915337 -0.00546601 -0.0367164 0.0152857 0.0130283
internal_weight=0 339 299 40 203 182
internal_count=542 339 299 40 203 182
is_linear=0
shrinkage=0.1


Tree=24
num_leaves=8
num_cat=0
split_feature=70 33 5 58 34 42 26
split_gain=6.35563 3.86808 3.44672 2.03522 1.62869 1.53547 0.932662
threshold=3.1016673854004684 1.9356005054539456 2.191013317336941 4.1891953942678901 3.0201273556387074 1.7005986908310777 2.740319461670996
decision_type=2 2 2 2 2 2 2
left_child=1 5 -3 4 -2 -1 -5
right_child=3 2 -4 6 -6 -7 -8
leaf_value=-0.008003260341938585 0.0088171906172647141 -0.050099987592548134 -0.013751060566069404 0.028770961516669819 -0.0094631085862556114 0.032873997793478126 0.010749688092182623
leaf_weight=20 96 40 75 35 99 17 160
leaf_count=20 96 40 75 35 99 17 160
internal_value=0 -0.0173456 -0.0263942 0.00676035 -0.000463577 0.0107782 0.0139843
internal_weight=0 152 115 390 195 37 195
internal_count=542 152 115 390 195 37 195
is_linear=0
shrinkage=0.1


Tree=25
num_leaves=7
num_cat=0
split_feature=104 97 103 33 63 21
split_gain=5.15202 2.71412 3.32862 2.96853 0.691007 0.589859
threshold=4.7094896185437563 3.9316333620047872 1.0397207708399181 1.9356005054539456 6.370694943039239 5.1298812082267613
decision_type=2 2 2 2 2 2
left_child=1 3 -3 -1 5 -2
right_child=4 2 -4 -5 -6 -7
leaf_value=0.005249457767135219 0.013296489506366022 -0.034389199674129484 0.0045780980590014097 -0.027676289210248058 0.029775029496245442 -0.0014796091187180896
leaf_weight=38 149 25 178 98 21 33
leaf_count=38 149 25 178 98 21 33
internal_value=0 -0.00754462 -0.00022083 -0.0184764 0.0125991 0.0106173
internal_weight=0 339 203 136 203 182
internal_count=542 339 203 136 203 182
is_linear=0
shrinkage=0.1


Tree=26
num_leaves=7
num_cat=0
split_feature=85 12 36 29 5 37
split_gain=4.38331 2.19734 3.59161 0.972381 0.917676 0.52223
threshold=0.093182427544863916 3.6632328069201612 4.1107394736335969 5.690153970177696 2.602003343538398 3.7494348669884658
decision_type=2 2 2 2 2 2
left_child=1 2 -1 4 -2 -3
right_child=3 5 -4 -5 -6 -7
leaf_value=-0.0093182157679670176 -0.011599523239933393 0.018914677550577942 -0.048374537471681835 -0.013905150525491029 0.012477609740479081 -0.00028514472733470888
leaf_weight=148 17 17 28 17 230 85
leaf_count=148 17 17 28 17 230 85
internal_value=0 -0.00876356 -0.0155317 0.0092283 0.0108205 0.00291483
internal_weight=0 278 176 264 247 102
internal_count=542 278 176 264 247 102
is_linear=0
shrinkage=0.1


Tree=27
num_leaves=8
num_cat=0
split_feature=70 88 33 19 71 96 95
split_gain=3.67977 2.87824 1.799 1.49998 1.4069 1.45628 1.10149
threshold=3.1016673854004684 0.48501836593641318 1.9356005054539456 3.7132745361986528 1.0000000180025095e-35 1.7005986908310777 2.524928003624769
decision_type=2 2 2 2 2 2 2
left_child=1 2 -1 -3 6 -6 -2
right_child=4 3 -4 -5 5 -7 -8
leaf_value=0.020286618719768265 -0.021204563586608226 -0.018489267195885381 -0.011199245612721804 -0.056098479738360962 -0.014798892367827266 0.01441867919189125 0.0020282927818869073
leaf_weight=23 23 24 86 19 19 167 181
leaf_count=23 23 24 86 19 19 167 181
internal_value=0 -0.0131984 -0.00455544 -0.0351073 0.00514399 0.0114341 -0.000591098
internal_weight=0 152 109 43 390 186 204
internal_count=542 152 109 43 390 186 204
is_linear=0
shrinkage=0.1


Tree=28
num_leaves=6
num_cat=0
split_feature=104 56 12 63 65
split_gain=3.10196 1.95233 1.71932 0.530352 0.525682
threshold=4.7094896185437563 1.4451858789480825 1.5890269151739729 6.370694943039239 4.9097849078699101
decision_type=2 2 2 2 2
left_child=1 -1 -3 4 -2
right_child=3 2 -4 -5 -6
leaf_value=-0.028963122832955737 0.0099809550836404675 0.018197626953549456 -0.0059681593572879525 0.024823548134771133 -0.0068409225637359287
leaf_weight=33 161 33 273 21 21
leaf_count=33 161 33 273 21 21
internal_value=0 -0.00585419 -0.00336205 0.0097762 0.00803997
internal_weight=0 339 306 203 182
internal_count=542 339 306 203 182
is_linear=0
shrinkage=0.1


Tree=29
num_leaves=7
num_cat=0
split_feature=97 103 33 96 88 18
split_gain=2.79591 2.43168 2.3293 2.89964 2.05782 1.02477
threshold=3.9316333620047872 1.0397207708399181 1.9356005054539456 1.2424533248940004 0.3681464551373767 3.0201273556387074
decision_type=2 2 2 2 2 2
left_child=2 -2 4 -4 -1 -3
right_child=1 5 3 -5 -6 -7
leaf_value=0.024027553386986256 -0.023954719597739833 0.014690055375897579 -0.045171021251007915 -0.0087515880481974367 -0.017383173622545742 0.0031355647084222536
leaf_weight=28 28 110 32 69 21 254
leaf_count=28 28 110 32 69 21 254
internal_value=0 0.00444288 -0.0116107 -0.0202904 0.0062801 0.00662731
internal_weight=0 392 150 101 49 364
internal_count=542 392 150 101 49 364
is_linear=0
shrinkage=0.1


Tree=30
num_leaves=7
num_cat=0
split_feature=12 36 68 59 29 29
split_gain=2.51014 2.95862 1.67044 1.40902 1.01562 0.581198
threshold=3.6632328069201612 4.1107394736335969 4.3407704652004293 2.5619819897016298 5.752527285294831 2.8617925509761908
decision_type=2 2 2 2 2 2
left_child=1 3 -3 -1 5 -2
right_child=4 2 -4 -5 -6 -7
leaf_value=-0.014793464755776392 0.017979662372801446 -0.055792934116390018 -0.012082109950921115 0.0028802466133970826 -0.017752408411572964 0.0054932666265216784
leaf_weight=68 44 18 17 134 17 244
leaf_count=68 44 18 17 134 17 244
internal_value=0 -0.00772013 -0.034562 -0.00306932 0.00599892 0.00740091
internal_weight=0 237 35 202 305 288
internal_count=542 237 35 202 305 288
is_linear=0
shrinkage=0.1


Tree=31
num_leaves=8
num_cat=0
split_feature=58 71 51 87 46 50 97
split_gain=2.05513 1.18673 1.10333 0.864123 0.511604 0.51562 0.196963
threshold=4.1891953942678901 1.2424533248940004 5.6902681384622422 0.65067597158102009 2.1383330595080281 5.7104050880312123 7.0264252312558213
decision_type=2 2 2 2 2 2 2
left_child=1 2 -1 -3 6 -6 -2
right_child=4 3 -4 -5 5 -7 -8
leaf_value=-0.0055882189297782534 0.012224654054209111 0.0061748722256327587 -0.023466541346800138 -0.018021444335360737 0.0029482811257173494 0.02061120725579952 0.025376085383403635
leaf_weight=175 31 112 43 17 127 19 18
leaf_count=175 31 112 43 17 127 19 18
internal_value=0 -0.00461608 -0.00911468 0.00298621 0.00821425 0.00524688 0.0170558
internal_weight=0 347 218 129 195 146 49
internal_count=542 347 218 129 195 146 49
is_linear=0
shrinkage=0.1


Tree=32
num_leaves=7
num_cat=0
split_feature=12 38 95 19 29 26
split_gain=1.80366 2.37197 1.62622 1.10551 0.813747 0.47692
threshold=3.6632328069201612 3.9316333620047872 2.7058230259275202 5.3180719330953936 5.752527285294831 2.3937458713910238
decision_type=2 2 2 2 2 2
left_child=1 3 -3 -1 5 -2
right_child=4 2 -4 -5 -6 -7
leaf_value=0.00056887712595718248 0.017280962398009643 -0.051342549097413814 -0.0093978005277581128 -0.021911701351404189 -0.01617503677330473 0.0048265021609781101
leaf_weight=175 35 18 19 25 17 253
leaf_count=175 35 18 19 25 17 253
internal_value=0 -0.00654415 -0.0298034 -0.0022412 0.00508512 0.00634007
internal_weight=0 237 37 200 305 288
internal_count=542 237 37 200 305 288
is_linear=0
shrinkage=0.1


Tree=33
num_leaves=7
num_cat=0
split_feature=97 33 4 88 103 68
split_gain=1.57068 1.65144 2.07534 1.56983 1.56315 0.99568
threshold=3.9316333620047872 1.9356005054539456 3.1132683346437333 0.3681464551373767 1.0397207708399181 3.2913056109507686
decision_type=2 2 2 2 2 2
left_child=1 3 -3 -1 -2 -6
right_child=4 2 -4 -5 5 -7
leaf_value=0.021862806739019497 -0.019438184485105533 -0.024669518693180355 0.007720201794075331 -0.014306113097284521 0.028011792567041185 0.0038885135165285497
leaf_weight=28 28 74 27 21 18 346
leaf_count=28 28 74 27 21 18 346
internal_value=0 -0.00870246 -0.0160109 0.00636184 0.00333002 0.00508142
internal_weight=0 150 101 49 392 364
internal_count=542 150 101 49 392 364
is_linear=0
shrinkage=0.1


Tree=34
num_leaves=7
num_cat=0
split_feature=85 99 29 0 102 31
split_gain=1.33988 0.932039 2.1317 0.706781 1.1157 0.594047
threshold=0.093182427544863916 1.4978661367769959 1.5890269151739731 2.8314802400679731 5.5333191811709055 3.3296469598418192
decision_type=2 2 2 2 2 2
left_child=1 2 -1 -2 -5 -3
right_child=3 5 -4 4 -6 -7
leaf_value=0.016031646717380246 0.024230239519642462 -0.01163832489683321 -0.017764049429594038 -0.012303305957214655 0.0065361015647777887 0.0034716302763700968
leaf_weight=23 18 33 99 37 209 123
leaf_count=23 18 33 99 37 209 123
internal_value=0 -0.00484521 -0.0113927 0.00510215 0.00370253 0.000275294
internal_weight=0 278 122 264 246 156
internal_count=542 278 122 264 246 156
is_linear=0
shrinkage=0.1


Tree=35
num_leaves=7
num_cat=0
split_feature=2 29 57 50 19 51
split_gain=1.27293 2.9872 1.08233 0.856088 0.840486 0.260184
threshold=0.89587973461402759 2.8617925509761908 2.1484868211402142 5.1357292281083566 3.4334666422309414 7.5925409325154485
decision_type=2 2 2 2 2 2
left_child=1 2 -1 4 -2 -5
right_child=3 -3 -4 5 -6 -7
leaf_value=-0.0071684609322498248 -0.0088105302235874927 -0.038709605768046995 0.022737492938690328 0.018801429322255508 0.0027178886929835042 0.0054443409745581449
leaf_weight=42 79 27 17 35 317 25
leaf_count=42 79 27 17 35 317 25
internal_value=0 -0.0111593 0.00144851 0.0021046 0.000418027 0.013236
internal_weight=0 86 59 456 396 60
internal_count=542 86 59 456 396 60
is_linear=0
shrinkage=0.1


Tree=36
num_leaves=7
num_cat=0
split_feature=2 23 35 102 21 98
split_gain=1.03107 2.57362 1.11388 0.769567 1.40041 0.932044
threshold=0.89587973461402759 4.8079027400421745 4.1742689126930488 4.3693677306817369 2.3502401828962087 7.5742795968135601
decision_type=2 2 2 2 2 2
left_child=1 2 -1 4 -2 -5
right_child=3 -3 -4 5 -6 -7
leaf_value=-0.0091559302068851666 0.014676233704778411 -0.033678390185038251 0.019511730398010949 0.014533711617255134 -0.015679656214673411 0.0014607733031764486
leaf_weight=33 21 30 23 66 55 314
leaf_count=33 21 30 23 66 55 314
internal_value=0 -0.0100433 0.00261829 0.00189414 -0.00729184 0.00373134
internal_weight=0 86 56 456 76 380
internal_count=542 86 56 456 76 380
is_linear=0
shrinkage=0.1


Tree=37
num_leaves=7
num_cat=0
split_feature=71 97 9 47 87 1
split_gain=0.936201 0.934522 1.29252 1.15475 0.722391 0.534947
threshold=1.2424533248940004 3.9316333620047872 2.8617925509761908 2.3937458713910238 0.65503441193156575 1.9356005054539456
decision_type=2 2 2 2 2 2
left_child=1 3 -3 -1 5 -2
right_child=4 2 -4 -5 -6 -7
leaf_value=0.012372957731542343 0.024294694534995977 0.017899771113547364 -0.0029387293842120387 -0.016234553870688902 -0.011051108489603697 0.0056746086478390188
leaf_weight=17 17 35 199 83 24 167
leaf_count=17 17 35 199 83 24 167
internal_value=0 -0.00327977 0.00017814 -0.0113713 0.00526655 0.00739494
internal_weight=0 334 234 100 208 184
internal_count=542 334 234 100 208 184
is_linear=0
shrinkage=0.1


Tree=38
num_leaves=7
num_cat=0
split_feature=50 7 15 44 51 33
split_gain=0.904496 0.675785 1.6718 1.02928 0.20474 0.134461
threshold=5.1357292281083566 3.9316333620047872 2.9430520157250784 2.5619819897016298 7.5925409325154485 3.8064155152036787
decision_type=2 2 2 2 2 2
left_child=1 2 -1 -3 5 -2
right_child=4 3 -4 -5 -6 -7
leaf_value=0.00029714302817592398 0.022539018042799501 0.014127999829018818 -0.022406845367125547 -0.0013053807132554903 0.0046667117397300902 0.01013758267988177
leaf_weight=100 18 51 48 283 25 17
leaf_count=100 18 51 48 283 25 17
internal_value=0 -0.00144131 -0.00706631 0.00105121 0.0115785 0.0165155
internal_weight=0 482 148 334 60 35
internal_count=542 482 148 334 60 35
is_linear=0
shrinkage=0.1


Tree=39
num_leaves=7
num_cat=0
split_feature=58 11 98 61 22 63
split_gain=0.786247 0.784633 1.02636 0.645376 0.374558 0.260488
threshold=4.1891953942678901 5.9241986006289293 8.3917224624947249 1.1299988616964121 5.7429826416937235 6.370694943039239
decision_type=2 2 2 2 2 2
left_child=1 3 -3 -1 5 -2
right_child=4 2 -4 -5 -6 -7
leaf_value=-0.015070830345309032 0.0052560109935981189 -0.031265415278972968 0.00081152247363015231 0.00037016203748448909 -0.0078834718686994175 0.017956696574886643
leaf_weight=30 157 21 19 277 20 18
leaf_count=30 157 21 19 277 20 18
internal_value=0 -0.00285517 -0.0160289 -0.00113873 0.00508074 0.00656237
internal_weight=0 347 40 307 195 175
internal_count=542 347 40 307 195 175
is_linear=0
shrinkage=0.1


Tree=40
num_leaves=7
num_cat=0
split_feature=71 7 15 103 43 26
split_gain=0.673181 0.59515 1.78041 0.865968 0.402009 0.226427
threshold=3.2384861814448418 3.9316333620047872 2.9430520157250784 1.0397207708399181 4.1107394736335969 3.4811217321331038
decision_type=2 2 2 2 2 2
left_child=1 2 -1 -3 -2 -6
right_child=4 3 -4 -5 5 -7
leaf_value=0.00081451128923799843 -0.00032632112658272187 -0.014077666205326645 -0.023137234072718355 0.0027587848717514647 0.024342076873613727 0.0088822558196261538
leaf_weight=100 24 34 45 301 18 20
leaf_count=100 24 34 45 301 18 20
internal_value=0 -0.00126661 -0.00661879 0.00105001 0.00980598 0.0162053
internal_weight=0 480 145 335 62 38
internal_count=542 480 145 335 62 38
is_linear=0
shrinkage=0.1


Tree=41
num_leaves=6
num_cat=0
split_feature=50 61 69 51 25
split_gain=0.586545 0.479677 0.73397 0.1657 0.110515
threshold=5.1357292281083566 1.1299988616964121 2.2019949855136547 7.6666270727521821 4.2625806805327082
decision_type=2 2 2 2 2
left_child=1 -1 -3 4 -2
right_child=3 2 -4 -5 -6
leaf_value=-0.013405681513249874 0.019007062539458275 0.015333069258901691 -0.0013834702307473704 0.0024173024957152931 0.0082064052484929571
leaf_weight=30 18 28 424 22 20
leaf_count=30 18 28 424 22 20
internal_value=0 -0.00116066 -0.000347932 0.00932393 0.0133225
internal_weight=0 482 452 60 38
internal_count=542 482 452 60 38
is_linear=0
shrinkage=0.1


Tree=42
num_leaves=7
num_cat=0
split_feature=2 29 88 87 47 83
split_gain=0.581173 2.20049 0.973042 0.53903 0.651079 0.629334
threshold=0.89587973461402759 2.8617925509761908 0.089250971907882948 0.62972296850805487 4.8079027400421745 1.0000000180025095e-35
decision_type=2 2 2 2 2 2
left_child=1 2 -1 4 -2 -5
right_child=3 -3 -4 5 -6 -7
leaf_value=0.015907068942130235 -0.0016399507859481102 -0.031186065346830424 -0.0097810461217987133 -0.01797359105006888 0.0065542280610854098 0.0018210229017616561
leaf_weight=30 178 27 29 29 213 36
leaf_count=30 178 27 29 29 213 36
internal_value=0 -0.00754026 0.00328071 0.00142207 0.00282389 -0.00701042
internal_weight=0 86 59 456 391 65
internal_count=542 86 59 456 391 65
is_linear=0
shrinkage=0.1


Tree=43
num_leaves=6
num_cat=0
split_feature=71 104 78 80 80
split_gain=0.499408 0.622768 0.595965 0.582123 0.859875
threshold=1.2424533248940004 1.5890269151739729 0.38756362378685411 1.6674718938117892 0.2336471673569647
decision_type=2 2 2 2 2
left_child=3 -2 -3 4 -1
right_child=1 2 -4 -5 -6
leaf_value=-0.0047271637011526849 -0.0097478285682756974 0.014712870086289265 0.0022061180502444791 -0.016472817840123621 0.0066887309124770882
leaf_weight=211 29 55 124 27 96
leaf_count=211 29 55 124 27 96
internal_value=0 0.00384654 0.00604897 -0.00239545 -0.00115737
internal_weight=0 208 179 334 307
internal_count=542 208 179 334 307
is_linear=0
shrinkage=0.1


Tree=44
num_leaves=6
num_cat=0
split_feature=99 85 45 97 32
split_gain=0.463001 0.517433 0.487769 0.477148 0.27747
threshold=3.4811217321331038 0.67617377516327648 3.3497501700808394 3.9316333620047872 4.8674160932529942
decision_type=2 2 2 2 2
left_child=1 3 -2 -1 -4
right_child=2 -3 4 -5 -6
leaf_value=-0.0051114359833621262 0.016946438355371359 -0.014735580118010856 -0.0079357931201922745 0.0019602567741190883 0.0062591429974418137
leaf_weight=145 30 27 21 279 40
leaf_count=145 30 27 21 279 40
internal_value=0 -0.00131288 0.00650667 -0.000458129 0.00137236
internal_weight=0 451 91 424 61
internal_count=542 451 91 424 61
is_linear=0
shrinkage=0.1


Tree=45
num_leaves=8
num_cat=0
split_feature=81 31 88 23 20 74 62
split_gain=0.432822 0.719502 1.83464 1.01892 0.675781 0.611428 0.543615
threshold=0.56244739981190128 4.007167868649713 0.3681464551373767 4.1430087342023825 1.9356005054539456 0.80471895621705036 1.5890269151739729
decision_type=2 2 2 2 2 2 2
left_child=1 2 -1 -3 5 -2 -6
right_child=4 3 -4 -5 6 -7 -8
leaf_value=0.00085707960229012236 -0.020322232874219911 0.023182232815184094 -0.02824902455040226 -0.00069506601800316747 0.024654125441846097 0.0064980468437116704 0.0056651647008113468
leaf_weight=63 17 19 33 301 19 17 73
leaf_count=63 17 19 33 301 19 17 73
internal_value=0 -0.00155523 -0.00914814 0.000722649 0.00513472 -0.00691209 0.0095868
internal_weight=0 416 96 320 126 34 92
internal_count=542 416 96 320 126 34 92
is_linear=0
shrinkage=0.1


Tree=46
num_leaves=5
num_cat=0
split_feature=29 68 38 59
split_gain=0.411219 0.566197 1.08435 0.487964
threshold=5.752527285294831 4.3562077070336658 3.7132745361986528 3.8176519431297078
decision_type=2 2 2 2
left_child=1 2 -1 -3
right_child=-2 3 -4 -5
leaf_value=0.00059502250001327521 -0.015307069835612579 0.018757037143950585 -0.014653516628534598 0.0027625528146857578
leaf_weight=238 17 21 58 208
leaf_count=238 17 21 58 208
internal_value=0 0.000495657 -0.00239287 0.0042293
internal_weight=0 525 296 229
internal_count=542 525 296 229
is_linear=0
shrinkage=0.1


Tree=47
num_leaves=7
num_cat=0
split_feature=104 18 14 22 103 47
split_gain=0.37844 0.512182 1.17565 0.820648 0.29592 0.227318
threshold=4.7094896185437563 1.7005986908310777 1.4978661367769956 0.89587973461402759 3.2951505240983434 3.9316333620047872
decision_type=2 2 2 2 2 2
left_child=1 3 -3 -1 -2 -6
right_child=4 2 -4 -5 5 -7
leaf_value=-0.002803106195946683 0.015296185874429189 -0.027209489677278771 -0.002414894533761403 0.01575172244637223 -0.0032658037479483975 0.0044531306315911939
leaf_weight=67 19 21 214 37 54 130
leaf_count=67 19 21 214 37 54 130
internal_value=0 -0.00204478 -0.00463058 0.00379813 0.00341469 0.00218779
internal_weight=0 339 235 104 203 184
internal_count=542 339 235 104 203 184
is_linear=0
shrinkage=0.1


Tree=48
num_leaves=7
num_cat=0
split_feature=46 31 88 37 95 69
split_gain=0.369108 0.777723 1.56742 0.716045 0.606246 0.308601
threshold=2.1383330595080281 4.1107394736335969 0.028606709871834928 3.1984648276080736 1.9356005054539456 3.0251604628081092
decision_type=2 2 2 2 2 2
left_child=4 2 -2 -3 -1 -6
right_child=1 3 -4 -5 5 -7
leaf_value=-0.013130204859448392 0.0042745718901807611 0.01115387200171916 -0.026103220616600344 -0.0016726326163376819 0.015549484170884987 0.0039310375577770174
leaf_weight=18 33 52 35 267 29 108
leaf_count=18 33 52 35 267 29 108
internal_value=0 -0.00165153 -0.0113611 0.000418208 0.00412351 0.00639042
internal_weight=0 387 68 319 155 137
internal_count=542 387 68 319 155 137
is_linear=0
shrinkage=0.1


Tree=49
num_leaves=7
num_cat=0
split_feature=2 29 24 86 87 87
split_gain=0.349081 1.62915 0.682432 0.435786 0.881073 0.527813
threshold=0.89587973461402759 2.8617925509761908 1.0397207708399181 0.67726707507441974 1.0000000180025095e-35 0.62972296850805487
decision_type=2 2 2 2 2 2
left_child=1 2 -1 5 -5 -2
right_child=3 -3 -4 4 -6 -7
leaf_value=-0.0060792794564005111 0.0035590428035843476 -0.026189642578915314 0.015583397722086653 0.0068997950034423014 -0.023596467584720813 -0.0062467823320856465
leaf_weight=33 353 27 26 18 20 65
leaf_count=33 353 27 26 18 20 65
internal_value=0 -0.00584382 0.00346699 0.00110212 -0.00915087 0.00203421
internal_weight=0 86 59 456 38 418
internal_count=542 86 59 456 38 418
is_linear=0
shrinkage=0.1


Tree=50
num_leaves=5
num_cat=0
split_feature=33 12 36 55
split_gain=0.339784 0.415026 1.41356 0.516965
threshold=5.752527285294831 3.6632328069201612 4.1107394736335969 3.7132745361986528
decision_type=2 2 2 2
left_child=1 2 -1 -3
right_child=-2 3 -4 -5
leaf_value=0.00056583763648857281 -0.013914170476388843 0.015662612399921335 -0.021202278823724816 0.0015834197245356647
leaf_weight=202 17 29 35 259
leaf_count=202 17 29 35 259
internal_value=0 0.000450554 -0.00264886 0.00300112
internal_weight=0 525 237 288
internal_count=542 525 237 288
is_linear=0
shrinkage=0.1


Tree=51
num_leaves=7
num_cat=0
split_feature=71 6 0 18 74 75
split_gain=0.32765 0.323972 1.18497 0.867513 0.300673 0.246339
threshold=3.2384861814448418 2.6735537653587347 2.9430520157250784 1.7005986908310777 0.73543306721896584 4.3039737773423514
decision_type=2 2 2 2 2 2
left_child=1 3 -3 -1 5 -2
right_child=4 2 -4 -5 -6 -7
leaf_value=0.0026874923292780298 0.0095367243493218803 0.020053742166298131 -0.00094856527358327968 -0.010721468848665965 0.017728997156437901 -0.0054435421557476127
leaf_weight=96 23 30 257 97 18 21
leaf_count=96 23 30 257 97 18 21
internal_value=0 -0.00088365 0.0012468 -0.00405173 0.00684116 0.00238705
internal_weight=0 480 287 193 62 44
internal_count=542 480 287 193 62 44
is_linear=0
shrinkage=0.1


Tree=52
num_leaves=7
num_cat=0
split_feature=103 7 7 88 97 2
split_gain=0.305126 1.05032 1.01696 0.817669 0.577673 0.569664
threshold=2.1383330595080281 2.3937458713910238 3.7132745361986528 0.089250971907882948 1.9356005054539456 3.2951505240983434
decision_type=2 2 2 2 2 2
left_child=1 3 -3 -1 -2 -6
right_child=4 2 -4 -5 5 -7
leaf_value=0.019408255811780694 -0.012886221236894252 -0.03363851804067107 -0.0055299962431473552 -0.0061678116470575339 0.0075028022144127786 -0.00050391096612516912
leaf_weight=25 27 17 53 25 135 260
leaf_count=25 27 17 53 25 135 260
internal_value=0 -0.00444945 -0.0123564 0.00662022 0.00126525 0.00223256
internal_weight=0 120 70 50 422 395
internal_count=542 120 70 50 422 395
is_linear=0
shrinkage=0.1


Tree=53
num_leaves=6
num_cat=0
split_feature=97 85 89 7 35
split_gain=0.2994 0.469313 0.380419 0.132086 0.182017
threshold=6.9216270607116686 0.6567104819391153 0.29591482914990175 6.8710826858692302 5.566417831596647
decision_type=2 2 2 2 2
left_child=1 2 -1 -2 -5
right_child=3 -3 -4 4 -6
leaf_value=0.0020774781376296176 0.011664388396523217 -0.015391238812695851 -0.0041076884766288822 -0.0053669122187420728 0.0055623538471081709
leaf_weight=248 22 22 166 20 64
leaf_count=248 22 22 166 20 64
internal_value=0 -0.00115887 -0.000402565 0.00476669 0.00296015
internal_weight=0 436 414 106 84
internal_count=542 436 414 106 84
is_linear=0
shrinkage=0.1


Tree=54
num_leaves=7
num_cat=0
split_feature=45 2 61 6 56 84
split_gain=0.285485 1.18585 0.606405 1.16404 0.767512 0.485993
threshold=3.9316333620047872 2.1383330595080281 2.0526217209515401 1.8688348091416842 3.0966922309852829 0.31806036295040369
decision_type=2 2 2 2 2 2
left_child=2 -2 3 -1 -4 -3
right_child=1 5 4 -5 -6 -7
leaf_value=0.0026166992780807569 -0.02440183978608769 -0.013380477441630016 0.014100384121855436 -0.02235518322060151 0.0011711702188578151 0.001982268084258098
leaf_weight=56 23 24 59 28 207 145
leaf_count=56 23 24 59 28 207 145
internal_value=0 -0.00309867 0.00169984 -0.00570726 0.00403893 -0.000199424
internal_weight=0 192 350 84 266 169
internal_count=542 192 350 84 266 169
is_linear=0
shrinkage=0.1


Tree=55
num_leaves=5
num_cat=0
split_feature=29 68 28 64
split_gain=0.276329 0.382064 0.840953 0.512108
threshold=5.752527285294831 4.2542340470747755 3.891612008168019 3.9820005856393093
decision_type=2 2 2 2
left_child=1 2 -1 -3
right_child=-2 3 -4 -5
leaf_value=0.00014893403337123154 -0.01254783411850975 0.019484339157740276 -0.015376808185402942 0.0019749726144223604
leaf_weight=234 17 18 41 232
leaf_count=234 17 18 41 232
internal_value=0 0.000406311 -0.00216581 0.00323565
internal_weight=0 525 275 250
internal_count=542 525 275 250
is_linear=0
shrinkage=0.1


Tree=56
num_leaves=7
num_cat=0
split_feature=50 51 100 51 21 50
split_gain=0.272819 0.32207 0.55158 0.528188 0.11048 0.138826
threshold=5.081385075233106 4.8197610033508322 4.135134555718313 2.5619819897016298 3.7494348669884658 5.648949440878984
decision_type=2 2 2 2 2 2
left_child=1 3 -3 -1 -2 -6
right_child=4 2 -4 -5 5 -7
leaf_value=-0.0023038315412122756 0.012525549138847151 -0.0090696014051261081 0.0010177936152212768 0.0068191948510039685 -0.0025061196869327913 0.0086272605461999771
leaf_weight=150 19 101 117 110 21 24
leaf_count=150 19 101 117 110 21 24
internal_value=0 -0.000820944 -0.00365572 0.00155591 0.00613142 0.00343168
internal_weight=0 478 218 260 64 45
internal_count=542 478 218 260 64 45
is_linear=0
shrinkage=0.1


Tree=57
num_leaves=4
num_cat=0
split_feature=61 69 67
split_gain=0.267662 0.681577 0.774373
threshold=1.1299988616964121 2.2019949855136547 3.0433873634561537
decision_type=2 2 2
left_child=-1 -2 -3
right_child=1 2 -4
leaf_value=-0.0091805405635386715 0.015707241795150498 -0.020127645193746217 0.00046890048732166182
leaf_weight=30 28 19 465
leaf_count=30 28 19 465
internal_value=0 0.000537922 -0.000339642
internal_weight=0 512 484
internal_count=542 512 484
is_linear=0
shrinkage=0.1


Tree=58
num_leaves=5
num_cat=0
split_feature=56 70 103 86
split_gain=0.255414 0.896492 0.625704 0.365592
threshold=1.4451858789480825 2.0671650876927132 2.1383330595080281 0.34501090414916669
decision_type=2 2 2 2
left_child=3 -2 -3 -1
right_child=1 2 -4 -5
leaf_value=0.0019784965278471216 0.019026418354362251 -0.008412415690268793 0.0012214934055760633 -0.018760563329423725
leaf_weight=17 25 81 402 17
leaf_count=17 25 81 402 17
internal_value=0 0.000561605 -0.000394131 -0.00839103
internal_weight=0 508 483 34
internal_count=542 508 483 34
is_linear=0
shrinkage=0.1


Tree=59
num_leaves=4
num_cat=0
split_feature=87 22 100
split_gain=0.261047 0.298991 0.300176
threshold=0.69046414242712328 5.8346568198688402 2.3937458713910238
decision_type=2 2 2
left_child=1 2 -1
right_child=-2 -3 -4
leaf_value=-0.0020958452419981588 -0.01121192459948361 -0.011260112806312032 0.0029065365768197234
leaf_weight=199 20 21 302
leaf_count=199 20 21 302
internal_value=0 0.000429576 0.000919563
internal_weight=0 522 501
internal_count=542 522 501
is_linear=0
shrinkage=0.1


Tree=60
num_leaves=7
num_cat=0
split_feature=46 42 51 42 95 76
split_gain=0.231286 0.649372 1.32062 0.752124 0.392211 0.29832
threshold=2.1383330595080281 2.8314802400679731 2.5619819897016298 3.3667009459186801 1.9356005054539456 0.12363291987745297
decision_type=2 2 2 2 2 2
left_child=4 2 -2 -3 -1 -6
right_child=1 3 -4 -5 5 -7
leaf_value=-0.010613606808086236 -0.031374961724504831 0.014742389683212554 -0.0023278865444202284 -0.00087235840823268523 0.015212906396482141 0.0029369184191017292
leaf_weight=18 20 35 72 260 24 113
leaf_count=18 20 35 72 260 24 113
internal_value=0 -0.00130733 -0.00864247 0.000980239 0.00326411 0.00508746
internal_weight=0 387 92 295 155 137
internal_count=542 387 92 295 155 137
is_linear=0
shrinkage=0.1


Tree=61
num_leaves=7
num_cat=0
split_feature=72 89 68 7 15 68
split_gain=0.233393 0.421301 0.509585 0.371524 0.865274 0.70032
threshold=0.34572530505273286 0.3352375166892157 3.594486248415818 3.7609296261008152 3.3296469598418192 3.4966996808574744
decision_type=2 2 2 2 2 2
left_child=3 2 -2 4 -1 -5
right_child=1 -3 -4 5 -6 -7
leaf_value=-0.00050047681332216604 0.00068378399288200825 -0.0035982644552308499 0.021734148365161993 0.019398986234476695 -0.020414890578637521 -0.00033822025909244707
leaf_weight=80 23 33 23 19 30 334
leaf_count=80 23 33 23 19 30 334
internal_value=0 0.00502367 0.011209 -0.00085717 -0.00593168 0.000724122
internal_weight=0 79 46 463 110 353
internal_count=542 79 46 463 110 353
is_linear=0
shrinkage=0.1


Tree=62
num_leaves=6
num_cat=0
split_feature=80 22 80 21 40
split_gain=0.223447 0.694539 0.310979 0.503169 0.391448
threshold=1.6674718938117892 2.8314802400679731 0.25457176879150306 2.7058230259275202 3.1132683346437333
decision_type=2 2 2 2 2
left_child=2 -2 4 -4 -1
right_child=1 -3 3 -5 -6
leaf_value=0.0029914260009280031 0.0065334628868315902 -0.018368821684271099 0.019549083998916965 0.0021914544019281217 -0.0039105100955105212
leaf_weight=139 21 24 19 138 201
leaf_count=139 21 24 19 138 201
internal_value=0 -0.00674776 0.000610964 0.00429206 -0.00108884
internal_weight=0 45 497 157 340
internal_count=542 45 497 157 340
is_linear=0
shrinkage=0.1


Tree=63
num_leaves=8
num_cat=0
split_feature=35 40 35 23 2 54 28
split_gain=0.230287 0.736714 1.16909 0.711091 0.832641 0.589998 0.363777
threshold=4.1742689126930488 3.2180751841847144 2.191013317336941 4.2625806805327082 0.89587973461402759 1.9356005054539456 2.7058230259275202
decision_type=2 2 2 2 2 2 2
left_child=1 6 -3 5 -5 -2 -1
right_child=3 2 -4 4 -6 -7 -8
leaf_value=-0.002700693163332408 0.028037144305348833 0.0033272942434996369 -0.029730912872954558 -0.015219461920699388 0.001535637304385482 0.0038905684733763339 0.0088239405232553303
leaf_weight=92 17 20 23 33 293 25 39
leaf_count=92 17 20 23 33 293 25 39
internal_value=0 -0.00299767 -0.014355 0.00141738 -0.000160431 0.0136642 0.000730305
internal_weight=0 174 43 368 326 42 131
internal_count=542 174 43 368 326 42 131
is_linear=0
shrinkage=0.1


Tree=64
num_leaves=5
num_cat=0
split_feature=33 20 35 55
split_gain=0.21164 0.283894 0.969905 0.625071
threshold=5.752527285294831 4.2555875595453383 6.4377401296036902 3.8176519431297078
decision_type=2 2 2 2
left_child=1 2 -1 -3
right_child=-2 3 -4 -5
leaf_value=-0.00021455248702554201 -0.010981313811327496 0.020508783281241595 -0.024770017321605019 0.0014855627090314795
leaf_weight=299 17 19 17 190
leaf_count=299 17 19 17 190
internal_value=0 0.000355585 -0.00153557 0.00321495
internal_weight=0 525 316 209
internal_count=542 525 316 209
is_linear=0
shrinkage=0.1


Tree=65
num_leaves=7
num_cat=0
split_feature=86 57 69 1 10 52
split_gain=0.206845 0.768606 1.28341 0.58999 0.786655 0.617207
threshold=0.022320104092382376 1.0698198067212907 2.2929443328390202 1.9356005054539456 0.89587973461402759 2.602003343538398
decision_type=2 2 2 2 2 2
left_child=3 -2 -3 5 -5 -1
right_child=1 2 -4 4 -6 -7
leaf_value=0.024969569509405466 -0.018671490728855135 0.026240195640746283 -0.0022507658195471962 -0.017113452843235188 0.0019929625784980477 -0.00026534314060376753
leaf_weight=21 25 17 226 24 211 18
leaf_count=21 25 17 226 24 211 18
internal_value=0 -0.00197529 -0.000257571 0.00193203 4.16691e-05 0.0133227
internal_weight=0 268 243 274 235 39
internal_count=542 268 243 274 235 39
is_linear=0
shrinkage=0.1


Tree=66
num_leaves=7
num_cat=0
split_feature=99 85 86 22 28 80
split_gain=0.197981 0.413643 0.300906 0.286372 0.289413 0.085376
threshold=3.4811217321331038 0.67617377516327648 0.67726707507441974 4.3437210834879627 5.0562255201382529 0.51767504594507174
decision_type=2 2 2 2 2 2
left_child=1 2 -1 5 -5 -2
right_child=3 -3 -4 4 -6 -7
leaf_value=0.00072943723559901804 0.015795080129081675 -0.012859732057485316 -0.0087099034175578804 -0.01026881526861536 0.0049861947242687971 0.0060402896146115386
leaf_weight=387 19 27 37 19 36 17
leaf_count=387 19 27 37 19 36 17
internal_value=0 -0.000858508 -9.42788e-05 0.0042548 -0.000283718 0.0111887
internal_weight=0 451 424 91 55 36
internal_count=542 451 424 91 55 36
is_linear=0
shrinkage=0.1


Tree=67
num_leaves=5
num_cat=0
split_feature=29 68 38 15
split_gain=0.185389 0.25325 0.576346 0.360875
threshold=5.752527285294831 4.3562077070336658 4.317399216745252 5.192895118684441
decision_type=2 2 2 2
left_child=1 2 -1 -3
right_child=-2 3 -4 -5
leaf_value=-3.5960716737643196e-05 -0.010277739621233196 0.011729743071268069 -0.0140561065975238 0.0010591650822432102
leaf_weight=263 17 38 33 191
leaf_count=263 17 38 33 191
internal_value=0 0.000332803 -0.00159902 0.00282983
internal_weight=0 525 296 229
internal_count=542 525 296 229
is_linear=0
shrinkage=0.1


Tree=68
num_leaves=6
num_cat=0
split_feature=80 22 5 9 54
split_gain=0.185445 0.507701 0.281628 0.720118 0.466453
threshold=1.6674718938117892 2.8314802400679731 2.524928003624769 2.602003343538398 1.9356005054539456
decision_type=2 2 2 2 2
left_child=2 -2 3 -1 -4
right_child=1 -3 4 -5 -6
leaf_value=0.00027029677542171214 0.0052079385574740761 -0.016083000705111771 0.014841978581478963 -0.018743604150600734 0.00095642209624244041
leaf_weight=98 21 24 26 25 348
leaf_count=98 21 24 26 25 348
internal_value=0 -0.00614723 0.00055659 -0.00359432 0.00192173
internal_weight=0 45 497 123 374
internal_count=542 45 497 123 374
is_linear=0
shrinkage=0.1


Tree=69
num_leaves=5
num_cat=0
split_feature=87 88 102 52
split_gain=0.1823 0.199456 0.908319 0.577001
threshold=0.69046414242712328 0.48501836593641318 3.2180751841847144 2.740319461670996
decision_type=2 2 2 2
left_child=1 3 -3 -1
right_child=-2 2 -4 -5
leaf_value=0.0088457917790818862 -0.0093694342672824872 -0.022546075358986856 0.00031117655978454069 -0.00054566401699381636
leaf_weight=85 20 20 133 284
leaf_count=85 20 20 133 284
internal_value=0 0.000358982 -0.0026767 0.00161768
internal_weight=0 522 153 369
internal_count=542 522 153 369
is_linear=0
shrinkage=0.1


Tree=70
num_leaves=8
num_cat=0
split_feature=35 40 12 23 2 1 29
split_gain=0.1811 0.583008 0.8588 0.538515 0.641072 0.433709 0.384324
threshold=4.1742689126930488 3.2180751841847144 3.0201273556387074 4.2625806805327082 0.89587973461402759 2.7058230259275202 3.0201273556387074
decision_type=2 2 2 2 2 2 2
left_child=1 6 -3 5 -5 -2 -1
right_child=3 2 -4 4 -6 -7 -8
leaf_value=0.0034178295911540496 0.023095035239269861 0.0047156384707811999 -0.024189111494566675 -0.013329746109913243 0.0013720859788257291 0.0026784493167803665 -0.0099723251950409684
leaf_weight=104 19 17 26 33 293 23 27
leaf_count=104 19 17 26 33 293 23 27
internal_value=0 -0.00265833 -0.0127617 0.00125693 -0.000116136 0.0119145 0.000658027
internal_weight=0 174 43 368 326 42 131
internal_count=542 174 43 368 326 42 131
is_linear=0
shrinkage=0.1


Tree=71
num_leaves=6
num_cat=0
split_feature=65 37 60 16 4
split_gain=0.18622 0.832322 0.272137 0.850417 0.551579
threshold=1.8552669399515371 2.8617925509761908 2.656602989520894 1.0397207708399181 2.5619819897016298
decision_type=2 2 2 2 2
left_child=1 -1 3 -2 -4
right_child=2 -3 4 -5 -6
leaf_value=0.00425357257326444 -0.0050958702597638655 -0.022946451956199279 -0.014402527519716666 0.019121771183764114 0.00061742328577277412
leaf_weight=30 29 18 26 29 410
leaf_count=30 29 18 26 29 410
internal_value=0 -0.00594644 0.000577791 0.00701295 -0.000278262
internal_weight=0 48 494 58 436
internal_count=542 48 494 58 436
is_linear=0
shrinkage=0.1


Tree=72
num_leaves=7
num_cat=0
split_feature=97 57 75 89 7 15
split_gain=0.165825 0.356151 0.300507 0.225611 0.0935354 0.125154
threshold=6.9216270607116686 3.3936600881507899 4.2193995619941136 0.29591482914990175 6.8710826858692302 7.5384948577961026
decision_type=2 2 2 2 2 2
left_child=1 3 -3 -1 -2 -6
right_child=4 2 -4 -5 5 -7
leaf_value=0.0019411919557456745 0.0093519249168986639 -0.017697512946853584 4.5512364629436947e-06 -0.0029453517907231507 -0.00077563384971158079 0.0073429829553411964
leaf_weight=242 22 22 17 155 55 29
leaf_count=242 22 22 17 155 55 29
internal_value=0 -0.000862452 -0.00998123 3.33474e-05 0.00354744 0.00202722
internal_weight=0 436 39 397 106 84
internal_count=542 436 39 397 106 84
is_linear=0
shrinkage=0.1


Tree=73
num_leaves=4
num_cat=0
split_feature=61 69 67
split_gain=0.163918 0.427281 0.573776
threshold=1.1299988616964121 2.2019949855136547 3.0433873634561537
decision_type=2 2 2
left_child=-1 -2 -3
right_child=1 2 -4
leaf_value=-0.0071843618030349417 0.012431581883824297 -0.017307151811148384 0.00042211274780090197
leaf_weight=30 28 19 465
leaf_count=30 28 19 465
internal_value=0 0.000420959 -0.000273871
internal_weight=0 512 484
internal_count=542 512 484
is_linear=0
shrinkage=0.1


Tree=74
num_leaves=5
num_cat=0
split_feature=85 31 47 23
split_gain=0.158066 0.211205 0.536489 0.522665
threshold=0.68825814654134765 2.9430520157250784 2.191013317336941 3.9316333620047872
decision_type=2 2 2 2
left_child=1 2 -1 -3
right_child=-2 3 -4 -5
leaf_value=0.0023254967391911946 -0.0077659588903188706 0.011292118551985671 -0.010965954324134285 0.0001528943291537702
leaf_weight=73 25 48 52 344
leaf_count=73 25 48 52 344
internal_value=0 0.00037553 -0.00320375 0.00151688
internal_weight=0 517 125 392
internal_count=542 517 125 392
is_linear=0
shrinkage=0.1


Tree=75
num_leaves=5
num_cat=0
split_feature=74 74 74 87
split_gain=0.154203 0.272764 0.376733 0.172998
threshold=1.4345803659322642 0.73775817880091499 0.50717597252518509 0.10096399824287748
decision_type=2 2 2 2
left_child=1 2 -1 -3
right_child=-2 3 -4 -5
leaf_value=0.0003809879191082968 -0.008617213102988899 0.00098907908643869791 -0.011569298254159678 0.014559037508886485
leaf_weight=456 20 17 28 21
leaf_count=456 20 17 28 21
internal_value=0 0.000330161 -0.000310351 0.00848827
internal_weight=0 522 484 38
internal_count=542 522 484 38
is_linear=0
shrinkage=0.1


Tree=76
num_leaves=7
num_cat=0
split_feature=45 84 35 31 30 2
split_gain=0.157246 0.796885 0.452692 0.728575 0.467433 0.418185
threshold=3.9316333620047872 0.11818009815304052 5.0657496176235997 5.272986409146923 2.8314802400679731 2.1383330595080281
decision_type=2 2 2 2 2 2
left_child=2 -2 4 -4 -1 -3
right_child=1 5 3 -5 -6 -7
leaf_value=0.0012674692823717729 -0.022329929310621489 -0.014659929454662941 0.022968810741704974 0.002447649295640144 -0.0091887855487452312 0.0014376483443461789
leaf_weight=192 18 18 22 81 55 156
leaf_count=192 18 18 22 81 55 156
internal_value=0 -0.00229971 0.00126156 0.00683081 -0.00106085 -0.000227618
internal_weight=0 192 350 103 247 174
internal_count=542 192 350 103 247 174
is_linear=0
shrinkage=0.1


Tree=77
num_leaves=8
num_cat=0
split_feature=86 87 88 75 53 27 67
split_gain=0.150344 0.517632 0.705453 0.496796 0.449249 0.935758 0.279934
threshold=0.022320104092382376 0.61580475345580188 0.6729352638418663 1.7005986908310777 0.70808679187920631 4.5849154143189876 3.2180751841847144
decision_type=2 2 2 2 2 2 2
left_child=4 2 -2 -3 5 -1 -6
right_child=1 3 -4 -5 6 -7 -8
leaf_value=-0.0051442439150479113 -0.0015531266148827855 -0.020453404787426386 0.017313062670555983 0.00051022260275203736 -0.011318537089973688 0.025927673941034648 0.0010502697432651943
leaf_weight=18 200 26 22 20 20 21 215
leaf_count=18 200 26 22 20 20 21 215
internal_value=0 -0.00168404 0.000316496 -0.0113388 0.00164716 0.0115868 -2.39467e-06
internal_weight=0 268 222 46 274 39 235
internal_count=542 268 222 46 274 39 235
is_linear=0
shrinkage=0.1


Tree=78
num_leaves=6
num_cat=0
split_feature=20 37 55 31 80
split_gain=0.146831 0.823846 0.362587 0.301911 0.220109
threshold=4.2555875595453383 4.1107394736335969 3.8176519431297078 4.7229433450037179 1.3465622754427675
decision_type=2 2 2 2 2
left_child=1 3 -2 -1 -4
right_child=2 -3 4 -5 -6
leaf_value=-0.0019524289301993088 0.014143318009816788 -0.018096939643362054 0.0019138018760467106 0.0050937348846265863 -0.007779364669329005
leaf_weight=202 22 27 177 87 27
leaf_count=202 22 27 177 87 27
internal_value=0 -0.00139194 0.00194625 0.000168735 0.000630883
internal_weight=0 316 226 289 204
internal_count=542 316 226 289 204
is_linear=0
shrinkage=0.1


Tree=79
num_leaves=7
num_cat=0
split_feature=45 84 22 54 44 2
split_gain=0.144982 0.616892 0.3588 0.886152 0.54976 0.335464
threshold=3.9316333620047872 0.11818009815304052 2.524928003624769 2.9430520157250784 3.9316333620047872 2.1383330595080281
decision_type=2 2 2 2 2 2
left_child=2 -2 4 -4 -1 -3
right_child=1 5 3 -5 -6 -7
leaf_value=-9.3244754583771204e-05 -0.019831721011562171 -0.01331139475417634 0.017129863654485062 0.00034055663496255877 -0.018974624765927303 0.0011064068680869427
leaf_weight=166 18 18 42 125 17 156
leaf_count=166 18 18 42 125 17 156
internal_value=0 -0.00220821 0.00121136 0.00456302 -0.00184725 -0.00038509
internal_weight=0 192 350 167 183 174
internal_count=542 192 350 167 183 174
is_linear=0
shrinkage=0.1


Tree=80
num_leaves=7
num_cat=0
split_feature=99 85 86 22 28 71
split_gain=0.139927 0.252994 0.240404 0.218421 0.196768 0.0584113
threshold=3.4811217321331038 0.67617377516327648 0.67726707507441974 4.3437210834879627 5.0562255201382529 2.4814223151299539
decision_type=2 2 2 2 2 2
left_child=1 2 -1 5 -5 -2
right_child=3 -3 -4 4 -6 -7
leaf_value=0.00061219543509199754 0.013891023318009342 -0.010107474218778036 -0.0078249804222503237 -0.008619910341344383 0.0039586510198811693 0.0058224163067184002
leaf_weight=387 17 27 37 19 36 19
leaf_count=387 17 27 37 19 36 19
internal_value=0 -0.000721744 -0.000124068 0.00357699 -0.00038667 0.00963259
internal_weight=0 451 424 91 55 36
internal_count=542 451 424 91 55 36
is_linear=0
shrinkage=0.1


Tree=81
num_leaves=5
num_cat=0
split_feature=33 20 37 55
split_gain=0.136162 0.18364 0.629936 0.385299
threshold=5.752527285294831 4.2555875595453383 4.1107394736335969 3.8176519431297078
decision_type=2 2 2 2
left_child=1 2 -1 -3
right_child=-2 3 -4 -5
leaf_value=0.00012890078044000203 -0.0088081324144321342 0.016162617406562756 -0.015843158153196178 0.0012271656583087813
leaf_weight=289 17 19 27 190
leaf_count=289 17 19 27 190
internal_value=0 0.000285216 -0.0012358 0.00258493
internal_weight=0 525 316 209
internal_count=542 525 316 209
is_linear=0
shrinkage=0.1


Tree=82
num_leaves=7
num_cat=0
split_feature=47 36 86 86 73 50
split_gain=0.135873 0.641098 0.243964 0.655643 0.528692 0.145917
threshold=7.085041847326413 4.9199542854466296 0.022320104092382376 0.3136831544630328 1.2424533248940004 2.8314802400679731
decision_type=2 2 2 2 2 2
left_child=2 -2 4 -4 -1 -3
right_child=1 5 3 -5 -6 -7
leaf_value=0.0076802483679225238 -0.019314338346011938 0.0088762728988917346 -0.011636683523572763 0.0012000176633672162 -0.0019318265049150796 -0.0018475106781955031
leaf_weight=117 20 18 51 181 112 43
leaf_count=117 20 18 51 181 112 43
internal_value=0 -0.00377724 0.000663681 -0.00162184 0.00297915 0.00131688
internal_weight=0 81 461 232 229 61
internal_count=542 81 461 232 229 61
is_linear=0
shrinkage=0.1


Tree=83
num_leaves=7
num_cat=0
split_feature=50 51 86 88 53 100
split_gain=0.130811 0.229784 0.426381 0.327819 0.0702639 0.0876833
threshold=5.081385075233106 4.8197610033508322 0.6813317870098613 0.48501836593641318 2.1302771365677549 5.4929852296371777
decision_type=2 2 2 2 2 2
left_child=1 3 -3 -1 -2 -6
right_child=4 2 -4 -5 5 -7
leaf_value=0.0037637571609213795 0.0097550205667229269 -0.0016767346217398085 -0.018169928588630521 -0.0039847970211830666 -0.0032294934615492822 0.0056558050897678944
leaf_weight=182 17 201 17 78 18 29
leaf_count=182 17 201 17 78 18 29
internal_value=0 -0.000568458 -0.0029629 0.00143919 0.00424567 0.00225292
internal_weight=0 478 218 260 64 47
internal_count=542 478 218 260 64 47
is_linear=0
shrinkage=0.1


Tree=84
num_leaves=7
num_cat=0
split_feature=103 7 7 27 97 2
split_gain=0.132394 0.555088 0.723488 0.584858 0.251725 0.323441
threshold=2.1383330595080281 2.3937458713910238 3.7132745361986528 4.356379987480107 1.5890269151739729 3.2951505240983434
decision_type=2 2 2 2 2 2
left_child=1 3 -3 -1 -2 -6
right_child=4 2 -4 -5 5 -7
leaf_value=-0.0033506476305304998 -0.010414758099145011 -0.026629674434661868 -0.0029212720389038605 0.018931265204752745 0.0051837468565396087 -0.00073725948058731428
leaf_weight=31 19 17 53 19 143 260
leaf_count=31 19 17 53 19 143 260
internal_value=0 -0.0029309 -0.00867903 0.00511648 0.000833431 0.00136374
internal_weight=0 120 70 50 422 403
internal_count=542 120 70 50 422 403
is_linear=0
shrinkage=0.1


Tree=85
num_leaves=5
num_cat=0
split_feature=56 70 67 86
split_gain=0.132093 0.540397 0.427927 0.144516
threshold=1.4451858789480825 2.0671650876927132 3.0433873634561537 0.34501090414916669
decision_type=2 2 2 2
left_child=3 -2 -3 -1
right_child=1 2 -4 -5
leaf_value=0.00048518910565797024 0.014739881474524735 -0.013078288991004229 0.00035726871677241225 -0.012553946673870088
leaf_weight=17 25 25 458 17
leaf_count=17 25 25 458 17
internal_value=0 0.000403876 -0.000338154 -0.00603438
internal_weight=0 508 483 34
internal_count=542 508 483 34
is_linear=0
shrinkage=0.1


Tree=86
num_leaves=4
num_cat=0
split_feature=61 69 4
split_gain=0.120189 0.355952 0.384246
threshold=1.1299988616964121 2.2019949855136547 1.5890269151739729
decision_type=2 2 2
left_child=-1 -2 -3
right_child=1 2 -4
leaf_value=-0.0061518782749772072 0.011322833112041866 -0.014610074874427585 0.00028003942964190961
leaf_weight=30 28 18 466
leaf_count=30 28 18 466
internal_value=0 0.000360462 -0.000273725
internal_weight=0 512 484
internal_count=542 512 484
is_linear=0
shrinkage=0.1


Tree=87
num_leaves=7
num_cat=0
split_feature=46 42 51 34 95 54
split_gain=0.121964 0.401353 0.867785 0.463554 0.233347 0.288944
threshold=2.1383330595080281 2.8314802400679731 2.5619819897016298 3.3667009459186801 1.9356005054539456 3.1132683346437333
decision_type=2 2 2 2 2 2
left_child=4 2 -2 -3 -1 -6
right_child=1 3 -4 -5 5 -7
leaf_value=-0.0083340008652562064 -0.025143398130312564 0.0097310248724356008 -0.0015973053305666934 -0.0009201039031774519 0.012449892767084143 0.0013449955670702682
leaf_weight=18 20 49 72 246 30 107
leaf_count=18 20 49 72 246 30 107
internal_value=0 -0.000949352 -0.00671602 0.000849067 0.00237032 0.00377672
internal_weight=0 387 92 295 155 137
internal_count=542 387 92 295 155 137
is_linear=0
shrinkage=0.1


Tree=88
num_leaves=7
num_cat=0
split_feature=97 57 85 40 7 87
split_gain=0.120419 0.281357 0.239713 0.23261 0.0685851 0.0773407
threshold=6.9216270607116686 3.3936600881507899 0.56846945541947613 3.1132683346437333 6.7177688713085235 0.022289016848914333
decision_type=2 2 2 2 2 2
left_child=1 3 -3 -1 -2 -6
right_child=4 2 -4 -5 5 -7
leaf_value=0.0030698536440001752 0.0086472872799883294 -0.00037174453027546408 -0.016098264028273881 -0.0018862268348254409 0.00477053106840079 -0.0011601541185924827
leaf_weight=156 18 18 21 241 45 43
leaf_count=156 18 18 21 241 45 43
internal_value=0 -0.000734951 -0.00883987 6.12506e-05 0.003023 0.00187258
internal_weight=0 436 39 397 106 88
internal_count=542 436 39 397 106 88
is_linear=0
shrinkage=0.1


Tree=89
num_leaves=7
num_cat=0
split_feature=61 69 24 70 61 46
split_gain=0.121804 0.578242 0.747835 0.605419 0.547456 0.408819
threshold=2.0929507295850684 3.0251604628081092 3.1132683346437333 3.2771177353616316 1.9132010738270362 3.8064155152036787
decision_type=2 2 2 2 2 2
left_child=4 2 -2 -3 5 -1
right_child=1 3 -4 -5 -6 -7
leaf_value=0.0045271241459353224 0.022600069108347484 -0.01344794218757135 -0.00023252067348948914 0.00051882722152768522 -0.018953967570430705 -0.012724186366217007
leaf_weight=58 26 34 32 356 18 18
leaf_count=58 26 34 32 356 18 18
internal_value=0 0.000686682 0.0100028 -0.000698789 -0.0032727 0.000441287
internal_weight=0 448 58 390 94 76
internal_count=542 448 58 390 94 76
is_linear=0
shrinkage=0.1


Tree=90
num_leaves=7
num_cat=0
split_feature=68 69 1 46 53 45
split_gain=0.125756 0.755787 0.560917 0.400872 0.374338 0.349775
threshold=4.0928345153021679 3.2225266220270754 2.191013317336941 3.9316333620047872 1.656825319317355 3.4334666422309414
decision_type=2 2 2 2 2 2
left_child=3 -2 -3 5 -5 -1
right_child=1 2 -4 4 -6 -7
leaf_value=-0.0016660106728375605 0.021225883628034761 -0.016501648160383891 0.0012833554651089278 -0.0020109300868352878 -0.022194279204396643 0.010201174614886786
leaf_weight=173 18 19 266 20 17 29
leaf_count=173 18 19 266 20 17 29
internal_value=0 0.00135283 9.76886e-05 -0.00171509 -0.0112844 3.76941e-05
internal_weight=0 303 285 239 37 202
internal_count=542 303 285 239 37 202
is_linear=0
shrinkage=0.1


Tree=91
num_leaves=7
num_cat=0
split_feature=51 103 88 88 57 72
split_gain=0.1173 0.413109 0.240053 0.668492 0.302836 0.213205
threshold=4.8197610033508322 3.2384861814448418 0.48501836593641318 0.65418046831921017 2.4961374085351564 0.33259516547338086
decision_type=2 2 2 2 2 2
left_child=2 -2 4 -4 -1 -3
right_child=1 5 3 -5 -6 -7
leaf_value=0.0064893068584805248 -0.011926150154392941 -0.0011226548151104549 -0.010627896923254779 0.0082896881466431004 -0.0020849407288349338 0.0077405247446750442
leaf_weight=119 33 218 47 31 63 31
leaf_count=119 33 218 47 31 63 31
internal_value=0 -0.00141257 0.0015321 -0.00310937 0.0035213 -1.92068e-05
internal_weight=0 282 260 78 182 249
internal_count=542 282 260 78 182 249
is_linear=0
shrinkage=0.1


Tree=92
num_leaves=7
num_cat=0
split_feature=57 92 47 70 23 4
split_gain=0.126764 0.447574 0.96703 0.443473 0.436593 0.274767
threshold=1.5702341610064872 4.4427868140891551 2.7058230259275202 2.0885265513618045 5.192895118684441 1.9356005054539456
decision_type=2 2 2 2 2 2
left_child=1 2 -1 -2 -3 -5
right_child=3 4 -4 5 -6 -7
leaf_value=0.0043536080157055576 0.016546279345365133 0.0086207085559648049 -0.029375944056493398 -0.012380696088075639 -0.0086972633687158428 0.00059160511863483322
leaf_weight=17 17 37 17 17 24 413
leaf_count=17 17 37 17 17 24 413
internal_value=0 -0.00331735 -0.0125112 0.000705029 0.00180708 7.87467e-05
internal_weight=0 95 34 447 61 430
internal_count=542 95 34 447 61 430
is_linear=0
shrinkage=0.1


Tree=93
num_leaves=6
num_cat=0
split_feature=65 37 68 50 60
split_gain=0.12884 0.475712 0.209487 0.621606 0.242321
threshold=1.8552669399515371 2.8617925509761908 3.2913056109507686 2.3937458713910238 2.656602989520894
decision_type=2 2 2 2 2
left_child=1 -1 3 -2 -4
right_child=2 -3 4 -5 -6
leaf_value=0.0027651158347725868 -0.003299104952779801 -0.017798322136513889 0.0078629168921283323 0.021918227348257515 -0.000798368101573087
leaf_weight=30 23 18 35 17 419
leaf_count=30 23 18 35 17 419
internal_value=0 -0.00494617 0.0004806 0.00741826 -0.000130648
internal_weight=0 48 494 40 454
internal_count=542 48 494 40 454
is_linear=0
shrinkage=0.1


Tree=94
num_leaves=6
num_cat=0
split_feature=68 64 32 22 12
split_gain=0.128061 0.367325 0.340302 0.375325 0.21683
threshold=4.2542340470747755 3.9820005856393093 4.1742689126930488 3.5549397315361362 3.891612008168019
decision_type=2 2 2 2 2
left_child=2 -2 3 -1 -3
right_child=1 4 -4 -5 -6
leaf_value=-0.001849659277981948 0.015355344480162281 -0.0091606587437646735 -0.014075509740505369 0.010619136753181617 0.0014583045024968064
leaf_weight=228 18 21 20 27 228
leaf_count=228 18 21 20 27 228
internal_value=0 0.00155998 -0.0015146 -0.000529434 0.000562729
internal_weight=0 267 275 255 249
internal_count=542 267 275 255 249
is_linear=0
shrinkage=0.1


Tree=95
num_leaves=4
num_cat=0
split_feature=87 22 100
split_gain=0.110988 0.14001 0.176347
threshold=0.69046414242712328 5.7104050880312123 2.3937458713910238
decision_type=2 2 2
left_child=1 2 -1
right_child=-2 -3 -4
leaf_value=-0.0016127392151229197 -0.0073106973886024208 -0.0063522202366342153 0.002244763380146772
leaf_weight=199 20 30 293
leaf_count=199 20 30 293
internal_value=0 0.000280103 0.000684513
internal_weight=0 522 492
internal_count=542 522 492
is_linear=0
shrinkage=0.1


Tree=96
num_leaves=7
num_cat=0
split_feature=51 32 48 15 101 4
split_gain=0.109262 0.374819 0.253577 0.228616 0.43563 0.429452
threshold=4.8197610033508322 1.9356005054539456 4.4187680230537838 5.192895118684441 3.1984648276080736 3.1132683346437333
decision_type=2 2 2 2 2 2
left_child=3 -2 -3 5 -5 -1
right_child=1 2 -4 4 -6 -7
leaf_value=0.00015319173526541708 -0.012567349593586255 -0.0042694576917902422 0.0022528805902402383 -0.016997750700615787 0.00075392162402135299 0.01091206815051423
leaf_weight=114 27 95 160 17 74 55
leaf_count=114 27 95 160 17 74 55
internal_value=0 -0.00136332 -0.00017701 0.00147868 -0.00256232 0.0036546
internal_weight=0 282 255 260 91 169
internal_count=542 282 255 260 91 169
is_linear=0
shrinkage=0.1


Tree=97
num_leaves=8
num_cat=0
split_feature=47 41 10 74 92 22 46
split_gain=0.108247 0.293704 0.485273 0.363511 0.29225 0.429888 0.408507
threshold=4.3943729409690677 2.602003343538398 0.89587973461402759 0.14576042437947326 4.4421819190971714 2.1383330595080281 2.524928003624769
decision_type=2 2 2 2 2 2 2
left_child=4 3 -3 -2 6 -6 -1
right_child=1 2 -4 -5 5 -7 -8
leaf_value=-0.0010695745713416149 0.020260669833377883 -0.012442450957106693 0.0013786418873401323 -0.00013002070287863415 -0.016778833293714202 -0.0017772275155746482 0.015099070843701302
leaf_weight=88 17 28 274 18 26 72 19
leaf_count=88 17 28 274 18 26 72 19
internal_value=0 0.00110223 9.72161e-05 0.00977403 -0.00181195 -0.00575725 0.00180149
internal_weight=0 337 302 35 205 98 107
internal_count=542 337 302 35 205 98 107
is_linear=0
shrinkage=0.1


Tree=98
num_leaves=8
num_cat=0
split_feature=54 88 8 47 70 26 0
split_gain=0.109069 0.530621 0.663456 0.463874 0.371376 0.606141 0.251509
threshold=2.191013317336941 0.22478797469785308 2.191013317336941 4.7621374077860157 2.9934114745244176 2.524928003624769 3.1132683346437333
decision_type=2 2 2 2 2 2 2
left_child=1 2 -1 -3 5 -2 -6
right_child=4 3 -4 -5 6 -7 -8
leaf_value=-0.00030143693503406318 -0.023376623277241985 0.0053606033624549005 0.020222743633868442 -0.014990647322459458 0.0091237889731238635 0.0029539360390866505 -0.00054799407831933301
leaf_weight=36 18 21 28 24 29 17 369
leaf_count=36 18 21 28 24 29 17 369
internal_value=0 0.00282736 0.00867789 -0.0054934 -0.000711737 -0.0105875 0.000156734
internal_weight=0 109 64 45 433 35 398
internal_count=542 109 64 45 433 35 398
is_linear=0
shrinkage=0.1


Tree=99
num_leaves=7
num_cat=0
split_feature=9 5 4 70 47 86
split_gain=0.10074 0.626964 0.333672 0.921686 0.359527 0.207377
threshold=2.602003343538398 2.3502401828962087 3.1132683346437333 3.6112529218605522 2.191013317336941 0.6813317870098613
decision_type=2 2 2 2 2 2
left_child=2 -2 4 -4 -1 -3
right_child=1 5 3 -5 -6 -7
leaf_value=0.010796612612016145 -0.017206763141703878 0.00079063175067114642 0.027655468333293409 -0.0033464035950601101 -0.0039854479218392001 -0.0082986537936247055
leaf_weight=21 22 357 17 22 76 27
leaf_count=21 22 357 17 22 76 27
internal_value=0 -0.000789056 0.00235557 0.0101672 -0.000785208 0.000151541
internal_weight=0 406 136 39 97 384
internal_count=542 406 136 39 97 384
is_linear=0
shrinkage=0.1


Tree=100
num_leaves=6
num_cat=0
split_feature=89 89 67 89 21
split_gain=0.0983725 0.1752 0.202557 0.199767 0.153772
threshold=0.67383840827011465 0.59977744430454794 4.7957563937576522 0.29591482914990175 2.9174053685313028
decision_type=2 2 2 2 2
left_child=1 3 -3 -1 -2
right_child=4 2 -4 -5 -6
leaf_value=0.0010110938944294489 0.0031681737231540157 0.012404957414604725 -0.00032476622285321357 -0.0039210683433339001 -0.0083853040596295614
leaf_weight=333 18 25 25 109 32
leaf_count=333 18 25 25 109 32
internal_value=0 0.000429477 0.0060401 -0.000205209 -0.00422605
internal_weight=0 492 50 442 50
internal_count=542 492 50 442 50
is_linear=0
shrinkage=0.1


Tree=101
num_leaves=8
num_cat=0
split_feature=39 40 40 33 45 41 12
split_gain=0.101865 0.340087 0.49552 0.254732 0.225999 0.391559 0.260934
threshold=4.2835627800822236 3.2180751841847144 3.7609296261008152 3.4334666422309414 3.9316333620047872 4.007167868649713 3.1132683346437333
decision_type=2 2 2 2 2 2 2
left_child=1 3 -3 -1 6 -6 -2
right_child=4 2 -4 -5 5 -7 -8
leaf_value=-0.00085381549890807356 -0.0014623371639945469 -0.016812986565092881 0.0028105068211020396 0.01221884717233479 -0.013584009298811789 0.00034863041829539284 0.0067905056807981111
leaf_weight=121 61 31 22 17 23 164 103
leaf_count=121 61 31 22 17 23 164 103
internal_value=0 -0.00185844 -0.00866739 0.000756585 0.00101129 -0.00136501 0.00372085
internal_weight=0 191 53 138 351 187 164
internal_count=542 191 53 138 351 187 164
is_linear=0
shrinkage=0.1


Tree=102
num_leaves=8
num_cat=0
split_feature=54 88 8 47 70 36 0
split_gain=0.0956725 0.420853 0.512591 0.358378 0.273706 0.51359 0.186813
threshold=2.191013317336941 0.22478797469785308 2.191013317336941 4.7621374077860157 2.9934114745244176 2.9430520157250784 3.1132683346437333
decision_type=2 2 2 2 2 2 2
left_child=1 2 -1 -3 5 -2 -6
right_child=4 3 -4 -5 6 -7 -8
leaf_value=-3.42510123219755e-05 -0.020917174389534113 0.0047780082161937446 0.018006108973973565 -0.013109991202751796 0.0078071352608244998 0.003319984696367208 -0.00052838465387378955
leaf_weight=36 18 21 28 24 29 17 369
leaf_count=36 18 21 28 24 29 17 369
internal_value=0 0.00264804 0.00785841 -0.00476226 -0.000666597 -0.00914484 7.89773e-05
internal_weight=0 109 64 45 433 35 398
internal_count=542 109 64 45 433 35 398
is_linear=0
shrinkage=0.1


Tree=103
num_leaves=8
num_cat=0
split_feature=46 42 75 42 43 41 57
split_gain=0.0935296 0.335904 0.493313 0.288922 0.175468 0.141019 0.108714
threshold=2.1383330595080281 2.8314802400679731 2.7706317725792133 3.3667009459186801 2.191013317336941 1.9356005054539456 2.4385036830875251
decision_type=2 2 2 2 2 2 2
left_child=4 2 -2 -3 6 -6 -1
right_child=1 3 -4 -5 5 -7 -8
leaf_value=-0.0056502924555388752 -0.011583363614045085 0.0093435781173008894 0.0036842895728169071 -0.00033431446338139581 0.013051323740939169 0.0030345782521180812 0.001814008438959718
leaf_weight=32 59 35 33 260 19 54 50
leaf_count=32 59 35 33 260 19 54 50
internal_value=0 -0.000831353 -0.00610692 0.00081391 0.0020757 0.00564168 -0.00109889
internal_weight=0 387 92 295 155 73 82
internal_count=542 387 92 295 155 73 82
is_linear=0
shrinkage=0.1


Tree=104
num_leaves=7
num_cat=0
split_feature=9 5 73 4 23 86
split_gain=0.0926703 0.495054 0.295589 0.529999 0.494212 0.170996
threshold=2.602003343538398 2.3502401828962087 1.7005986908310777 3.1132683346437333 2.3937458713910238 0.6813317870098613
decision_type=2 2 2 2 2 2
left_child=2 -2 3 -1 -4 -3
right_child=1 5 4 -5 -6 -7
leaf_value=0.0014924986814351185 -0.015345524403859268 0.0006593501511948179 0.003563080620951951 0.019980626814067367 -0.01777820180389373 -0.0075942378361812894
leaf_weight=69 22 357 30 20 17 27
leaf_count=69 22 357 30 20 17 27
internal_value=0 -0.000756793 0.00225925 0.00564713 -0.00415611 7.90197e-05
internal_weight=0 406 136 89 47 384
internal_count=542 406 136 89 47 384
is_linear=0
shrinkage=0.1


Tree=105
num_leaves=5
num_cat=0
split_feature=33 40 47 46
split_gain=0.0915873 0.119574 0.223225 0.155944
threshold=5.752527285294831 5.4204958404047412 7.085041847326413 5.7333360402263844
decision_type=2 2 2 2
left_child=1 2 -1 -3
right_child=-2 3 -4 -5
leaf_value=0.00047410802916874879 -0.0072239243261077828 0.01112001962980933 -0.0070725310642575454 -0.0016320443438256488
leaf_weight=443 17 22 43 17
leaf_count=443 17 22 43 17
internal_value=0 0.000233918 -0.000193599 0.00556143
internal_weight=0 525 486 39
internal_count=542 525 486 39
is_linear=0
shrinkage=0.1


Tree=106
num_leaves=5
num_cat=0
split_feature=85 88 86 80
split_gain=0.0919891 0.101158 0.33814 0.167422
threshold=0.68825814654134765 0.6729352638418663 0.38001344672454257 1.6674718938117892
decision_type=2 2 2 2
left_child=1 3 -3 -1
right_child=-2 2 -4 -5
leaf_value=0.00043151295764356866 -0.0059243920408189295 -0.0024298080122443261 0.014982986808019251 -0.0062564075975565297
leaf_weight=430 25 27 19 41
leaf_count=430 25 27 19 41
internal_value=0 0.000286479 0.00476243 -0.000150663
internal_weight=0 517 46 471
internal_count=542 517 46 471
is_linear=0
shrinkage=0.1


Tree=107
num_leaves=8
num_cat=0
split_feature=47 75 92 1 43 43 1
split_gain=0.0863936 0.248584 0.590398 0.340032 0.239879 0.297774 0.153767
threshold=4.4425820475484112 1.2424533248940004 4.5009546422466382 2.191013317336941 4.7621374077860157 5.1474268681323965 3.1984648276080736
decision_type=2 2 2 2 2 2 2
left_child=1 2 -1 -3 6 -6 -2
right_child=4 3 -4 -5 5 -7 -8
leaf_value=-0.0010997474146056542 0.0017974905450554456 0.014026238615898527 -0.022728015961440501 -0.0010476287389639767 -0.0092121917273729082 0.0011419681528572979 0.014888765613891578
leaf_weight=49 17 17 17 125 31 267 19
leaf_count=49 17 17 17 125 31 267 19
internal_value=0 -0.00159986 -0.00667067 0.000756989 0.000996322 6.48576e-05 0.00870677
internal_weight=0 208 66 142 334 298 36
internal_count=542 208 66 142 334 298 36
is_linear=0
shrinkage=0.1


Tree=108
num_leaves=7
num_cat=0
split_feature=54 89 88 70 9 0
split_gain=0.088548 0.345142 0.325922 0.215307 0.651321 0.319124
threshold=2.191013317336941 0.41771269089679336 0.53679414469006392 3.1016673854004684 3.1984648276080736 3.1132683346437333
decision_type=2 2 2 2 2 2
left_child=1 2 -1 4 -2 -5
right_child=3 -3 -4 5 -6 -7
leaf_value=0.01070441425813792 0.0023825490795489814 -0.0059920210701723898 -0.0033838057153237366 0.012098667092089142 -0.022604649744051346 -0.00057555246220663712
leaf_weight=52 27 33 24 21 17 368
leaf_count=52 27 33 24 21 17 368
internal_value=0 0.00254754 0.0062555 -0.000641297 -0.0072716 0.00010866
internal_weight=0 109 76 433 44 389
internal_count=542 109 76 433 44 389
is_linear=0
shrinkage=0.1


Tree=109
num_leaves=4
num_cat=0
split_feature=61 69 59
split_gain=0.0827436 0.255053 0.263053
threshold=1.1299988616964121 2.2392244741908054 2.5619819897016298
decision_type=2 2 2
left_child=-1 -2 -3
right_child=1 2 -4
leaf_value=-0.0051043670605092004 0.0090907568352357037 -0.01248507234541809 0.00018009435223512844
leaf_weight=30 31 17 464
leaf_count=30 31 17 464
internal_value=0 0.000299084 -0.000267531
internal_weight=0 512 481
internal_count=542 512 481
is_linear=0
shrinkage=0.1


Tree=110
num_leaves=4
num_cat=0
split_feature=69 70 4
split_gain=0.0804683 0.2739 0.155372
threshold=1.7932213702787114 2.0885265513618045 2.8314802400679731
decision_type=2 2 2
left_child=-1 -2 -3
right_child=1 2 -4
leaf_value=-0.0048643281363183639 0.0095750317350029954 -0.0044549822596212226 0.00050007710339685469
leaf_weight=32 30 75 405
leaf_count=32 30 75 405
internal_value=0 0.000305213 -0.000274151
internal_weight=0 510 480
internal_count=542 510 480
is_linear=0
shrinkage=0.1


Tree=111
num_leaves=8
num_cat=0
split_feature=53 88 95 21 27 102 27
split_gain=0.0799705 0.229822 0.396127 0.250778 0.194837 0.459463 0.457488
threshold=2.1302771365677549 0.015992802156241357 2.7058230259275202 2.191013317336941 4.7621374077860157 3.5516610312630568 5.0562255201382529
decision_type=2 2 2 2 2 2 2
left_child=4 3 -3 -2 5 -1 -6
right_child=1 2 -4 -5 6 -7 -8
leaf_value=-0.011083157879073879 0.012676837719562982 -0.018016560634391176 -0.0020241417448027986 -7.2332625104873271e-05 0.019114598708555981 0.001908653264569155 0.0016703387779013542
leaf_weight=37 18 18 111 108 17 103 130
leaf_count=37 18 18 111 108 17 103 130
internal_value=0 -0.00128865 -0.00425564 0.00174898 0.00114497 -0.0015249 0.0036877
internal_weight=0 255 129 126 287 140 147
internal_count=542 255 129 126 287 140 147
is_linear=0
shrinkage=0.1


Tree=112
num_leaves=7
num_cat=0
split_feature=54 6 89 68 40 6
split_gain=0.0769902 0.293046 0.342384 0.17365 0.484442 0.139253
threshold=2.191013317336941 2.3937458713910238 0.48190581166818841 4.2542340470747755 3.891612008168019 4.6150714996361826
decision_type=2 2 2 2 2 2
left_child=1 2 -1 4 -2 -5
right_child=3 -3 -4 5 -6 -7
leaf_value=0.0036901452963979081 -0.0007305102941120834 0.011639642998432884 -0.010309336162637919 0.0031646450282180197 -0.015090034300893812 -0.0014912306716353869
leaf_weight=58 146 26 25 141 28 118
leaf_count=58 146 26 25 141 28 118
internal_value=0 0.00237547 -0.000526566 -0.000597981 -0.00304124 0.00104344
internal_weight=0 109 83 433 174 259
internal_count=542 109 83 433 174 259
is_linear=0
shrinkage=0.1


Tree=113
num_leaves=8
num_cat=0
split_feature=86 1 10 37 76 64 98
split_gain=0.0769157 0.305821 0.369138 0.3032 0.254341 0.366818 0.330678
threshold=0.022320104092382376 1.9356005054539456 0.89587973461402759 3.2951505240983434 0.65120177436873516 3.7592583656803638 7.6710865996692421
decision_type=2 2 2 2 2 2 2
left_child=1 3 -3 -1 5 -2 -6
right_child=4 2 -4 -5 6 -7 -8
leaf_value=0.017972994417650625 -0.0075776588055305183 -0.011934425900835778 0.0011538240825619453 0.00033273741014693914 0.016187426396128204 0.00068459816886942194 -0.0017427838950728376
leaf_weight=20 88 24 211 19 18 138 24
leaf_count=20 88 24 211 19 18 138 24
internal_value=0 0.00117815 -0.000182848 0.00937902 -0.00120452 -0.00253256 0.00594159
internal_weight=0 274 235 39 268 226 42
internal_count=542 274 235 39 268 226 42
is_linear=0
shrinkage=0.1


Tree=114
num_leaves=7
num_cat=0
split_feature=15 2 15 75 13 68
split_gain=0.0739278 0.414071 0.381975 0.477691 0.215845 0.195304
threshold=4.7621374077860157 1.7005986908310777 4.2835627800822236 2.602003343538398 3.5972184255501678 3.9120522583691759
decision_type=2 2 2 2 2 2
left_child=2 -2 4 -4 -1 -3
right_child=1 5 3 -5 -6 -7
leaf_value=-0.0017436017643547418 -0.013614077012365064 -0.007321734770084732 0.01919836363910387 -0.0027112925918224978 0.0092565757944248622 0.00095741299213281865
leaf_weight=165 24 32 24 17 20 260
leaf_count=165 24 32 24 17 20 260
internal_value=0 -0.000987677 0.001381 0.0101139 -0.000554393 5.01091e-05
internal_weight=0 316 226 41 185 292
internal_count=542 316 226 41 185 292
is_linear=0
shrinkage=0.1


Tree=115
num_leaves=7
num_cat=0
split_feature=54 88 40 47 61 69
split_gain=0.0873396 0.266194 0.392653 0.271566 0.169671 0.218658
threshold=2.191013317336941 0.22478797469785308 3.6632328069201612 4.7621374077860157 2.0526217209515401 3.0251604628081092
decision_type=2 2 2 2 2 2
left_child=1 2 -1 -3 -2 -6
right_child=4 3 -4 -5 5 -7
leaf_value=0.00040270483646637353 -0.0077653108194710753 0.0049414050876207295 0.016457041323184967 -0.010630030367368211 0.0091685126467685521 -0.00067486765382690711
leaf_weight=39 31 21 25 24 24 378
leaf_count=39 31 21 25 24 24 378
internal_value=0 0.00253009 0.00667393 -0.00336336 -0.000636906 -8.72032e-05
internal_weight=0 109 64 45 433 402
internal_count=542 109 64 45 433 402
is_linear=0
shrinkage=0.1


Tree=116
num_leaves=4
num_cat=0
split_feature=29 31 39
split_gain=0.072114 0.120748 0.117482
threshold=5.752527285294831 7.546962839272358 6.4002353700099741
decision_type=2 2 2
left_child=1 2 -1
right_child=-2 -3 -4
leaf_value=0.00068860435026030795 -0.0064101074630504148 0.0072927164812268607 -0.0030218546631224797
leaf_weight=393 17 23 109
leaf_count=393 17 23 109
internal_value=0 0.000207565 -0.000117053
internal_weight=0 525 502
internal_count=542 525 502
is_linear=0
shrinkage=0.1


Tree=117
num_leaves=8
num_cat=0
split_feature=47 84 1 43 74 15 1
split_gain=0.0752157 0.195285 0.292442 0.168316 0.215899 0.165905 0.118799
threshold=4.4425820475484112 1.0000000180025095e-35 3.8499212036984933 4.7621374077860157 0.47912746548659368 3.5549397315361362 3.1984648276080736
decision_type=2 2 2 2 2 2 2
left_child=1 5 -3 6 -5 -1 -2
right_child=3 2 -4 4 -6 -7 -8
leaf_value=-0.0032935374346561731 0.0013152984737911646 0.0012169222886625091 -0.015905434460867018 0.00092781068993182017 -0.0091578259507356131 0.0029986032986595423 0.012822131846884363
leaf_weight=80 17 19 21 275 23 88 19
leaf_count=80 17 19 21 275 23 88 19
internal_value=0 -0.00149278 -0.00777232 0.000929636 0.000149389 2.34581e-06 0.00738835
internal_weight=0 208 40 334 298 168 36
internal_count=542 208 40 334 298 168 36
is_linear=0
shrinkage=0.1


Tree=118
num_leaves=7
num_cat=0
split_feature=12 24 41 5 61 80
split_gain=0.0714993 0.42193 0.191376 0.17473 0.666773 0.189326
threshold=1.5890269151739729 1.9356005054539456 1.9356005054539456 2.191013317336941 2.9204103976577893 1.6674718938117892
decision_type=2 2 2 2 2 2
left_child=1 2 -1 4 -2 -5
right_child=3 -3 -4 5 -6 -7
leaf_value=0.0036571477739406489 -0.014635941262046495 0.014319312851876022 -0.010194052976409072 0.00091667169660741626 0.0081579948792101023 -0.0065690566861146202
leaf_weight=21 33 22 19 389 21 37
leaf_count=21 33 22 19 389 21 37
internal_value=0 0.00319577 -0.00292217 -0.000412787 -0.00577163 0.000266503
internal_weight=0 62 40 480 54 426
internal_count=542 62 40 480 54 426
is_linear=0
shrinkage=0.1


Tree=119
num_leaves=7
num_cat=0
split_feature=54 34 22 7 11 16
split_gain=0.0734251 0.228624 0.42914 0.156359 0.60049 0.209684
threshold=2.191013317336941 3.8499212036984933 2.3937458713910238 3.7609296261008152 2.8314802400679731 2.5619819897016298
decision_type=2 2 2 2 2 2
left_child=1 2 -1 4 -2 -5
right_child=3 -3 -4 5 -6 -7
leaf_value=-0.00034525791434423321 0.0018642697400516935 -0.0083343027707408462 0.014354971274412398 0.010470775981727791 -0.017722631121675173 -0.00031986523871782471
leaf_weight=63 45 17 29 19 24 345
leaf_count=63 45 17 29 19 24 345
internal_value=0 0.00231981 0.00428851 -0.000583972 -0.00494857 0.000243383
internal_weight=0 109 92 433 69 364
internal_count=542 109 92 433 69 364
is_linear=0
shrinkage=0.1


Tree=120
num_leaves=6
num_cat=0
split_feature=9 5 34 40 65
split_gain=0.0713849 0.369956 0.217713 0.249917 0.137702
threshold=2.602003343538398 2.3502401828962087 3.7494348669884658 3.8176519431297078 1.8849398583406827
decision_type=2 2 2 2 2
left_child=2 -2 3 -1 -3
right_child=1 4 -4 -5 -6
leaf_value=0.0008344739487164476 -0.013275703347542071 -0.0082415970409975246 -0.008602879103273153 0.011388431348217031 0.00049036615284172539
leaf_weight=89 22 19 17 30 365
leaf_count=89 22 19 17 30 365
internal_value=0 -0.000664217 0.00198288 0.00349514 5.83159e-05
internal_weight=0 406 136 119 384
internal_count=542 406 136 119 384
is_linear=0
shrinkage=0.1


Tree=121
num_leaves=4
num_cat=0
split_feature=65 65 59
split_gain=0.0689042 0.191753 0.174146
threshold=1.1167106518140393 1.8552669399515371 3.2951505240983434
decision_type=2 2 2
left_child=-1 -2 -3
right_child=1 2 -4
leaf_value=0.0060834875304458871 -0.007971599022081742 0.0042136094728638272 -0.00062975999770660616
leaf_weight=18 30 91 403
leaf_count=18 30 91 403
internal_value=0 -0.000208975 0.00026244
internal_weight=0 524 494
internal_count=542 524 494
is_linear=0
shrinkage=0.1


Tree=122
num_leaves=5
num_cat=0
split_feature=12 24 36 86
split_gain=0.0699085 0.105906 0.141472 0.0622436
threshold=6.0473693846339858 5.6240109897038941 4.9199542854466296 0.10578295533451552
decision_type=2 2 2 2
left_child=1 2 -1 -3
right_child=-2 3 -4 -5
leaf_value=-0.00057391041528779142 0.0063113244469551483 -0.0013230624276569444 0.004045787386160014 -0.0098803859724498847
leaf_weight=412 17 17 79 17
leaf_count=412 17 17 79 17
internal_value=0 -0.000204367 0.000169381 -0.00560172
internal_weight=0 525 491 34
internal_count=542 525 491 34
is_linear=0
shrinkage=0.1


Tree=123
num_leaves=6
num_cat=0
split_feature=89 89 89 64 21
split_gain=0.0656178 0.175375 0.153352 0.137063 0.118612
threshold=0.67383840827011465 0.5828977007850159 0.32239255231084707 3.1884107128364008 2.9174053685313028
decision_type=2 2 2 2 2
left_child=1 2 -1 -3 -2
right_child=4 3 -4 -5 -6
leaf_value=0.00062044532235597109 0.0030425721055103677 0.012717640355953741 -0.0040000462316259347 0.0022878598876386173 -0.0071044249125407077
leaf_weight=341 18 18 91 42 32
leaf_count=341 18 18 91 42 32
internal_value=0 0.000350763 -0.000352853 0.00541679 -0.00345151
internal_weight=0 492 432 60 50
internal_count=542 492 432 60 50
is_linear=0
shrinkage=0.1


Tree=124
num_leaves=5
num_cat=0
split_feature=102 85 50 45
split_gain=0.0654072 0.16629 0.094571 0.0830337
threshold=7.5564267397857412 0.67617377516327648 2.3937458713910238 3.2951505240983434
decision_type=2 2 2 2
left_child=1 2 -1 -2
right_child=3 -3 -4 -5
leaf_value=-0.0015480300130046982 0.009170413135057863 -0.0076751577443089983 0.001331065670372202 0.00024872238282114267
leaf_weight=196 17 29 273 27
leaf_count=196 17 29 273 27
internal_value=0 -0.000326531 0.000127862 0.00369574
internal_weight=0 498 469 44
internal_count=542 498 469 44
is_linear=0
shrinkage=0.1


Tree=125
num_leaves=8
num_cat=0
split_feature=51 100 0 1 51 10 39
split_gain=0.0663769 0.203313 0.272903 0.156396 0.153575 0.270957 0.231387
threshold=4.8197610033508322 4.135134555718313 2.8314802400679731 3.8064155152036787 2.5619819897016298 2.524928003624769 6.2709866451262153
decision_type=2 2 2 2 2 2 2
left_child=4 2 -2 -3 5 -1 -6
right_child=1 3 -4 -5 6 -7 -8
leaf_value=-0.0046960944077000027 0.0036837154999375347 0.0086229112658960123 -0.0073123257618442367 -9.6360894207868524e-05 0.0068636192584298318 0.0038660844124740728 -0.003331020166684363
leaf_weight=84 31 24 83 144 79 66 31
leaf_count=84 31 24 83 144 79 66 31
internal_value=0 -0.0010626 -0.00432217 0.00114925 0.00115252 -0.000928736 0.00399058
internal_weight=0 282 114 168 260 150 110
internal_count=542 282 114 168 260 150 110
is_linear=0
shrinkage=0.1


Tree=126
num_leaves=8
num_cat=0
split_feature=39 40 40 57 15 12 31
split_gain=0.0625699 0.192706 0.285624 0.19352 0.166631 0.336488 0.202687
threshold=4.2835627800822236 3.2180751841847144 3.7609296261008152 3.3936600881507899 5.192895118684441 3.891612008168019 4.7229433450037179
decision_type=2 2 2 2 2 2 2
left_child=1 3 -3 -1 6 -6 -2
right_child=4 2 -4 -5 5 -7 -8
leaf_value=0.0019622750231064858 -0.00090616537512824792 -0.012766273827442238 0.0021322435995733196 -0.0091569672623235312 -0.0092647343711294711 0.00093735078652758925 0.0072912807010912482
leaf_weight=120 53 31 22 18 39 189 70
leaf_count=120 53 31 22 18 39 189 70
internal_value=0 -0.00145653 -0.00658198 0.000511939 0.000792586 -0.000807743 0.00375905
internal_weight=0 191 53 138 351 228 123
internal_count=542 191 53 138 351 228 123
is_linear=0
shrinkage=0.1


Tree=127
num_leaves=8
num_cat=0
split_feature=36 24 40 1 13 29 12
split_gain=0.0606384 0.294805 0.258631 0.437678 0.248735 0.238587 0.216652
threshold=2.9430520157250784 3.1132683346437333 2.3937458713910238 2.8617925509761908 2.602003343538398 2.8617925509761908 3.6632328069201612
decision_type=2 2 2 2 2 2 2
left_child=2 4 5 -4 -2 -1 -3
right_child=1 6 3 -5 -6 -7 -8
leaf_value=0.0038254507422971077 0.001384177348182465 -0.0052353037876956589 -0.016267099008998937 0.0014254458023813265 0.015831632217900318 -0.0083858894264267295 0.00094816847694503793
leaf_weight=80 26 72 27 29 22 20 266
leaf_count=80 26 72 27 29 22 20 266
internal_value=0 0.000672423 -0.00166382 -0.00710489 0.00800593 0.00138318 -0.000369021
internal_weight=0 386 156 56 48 100 338
internal_count=542 386 156 56 48 100 338
is_linear=0
shrinkage=0.1


Tree=128
num_leaves=7
num_cat=0
split_feature=5 68 28 95 2 12
split_gain=0.0624088 0.340407 0.369777 0.216314 0.154448 0.1531
threshold=3.4960482137079443 3.9120522583691759 3.1132683346437333 3.7132745361986528 3.8064155152036787 3.8499212036984933
decision_type=2 2 2 2 2 2
left_child=3 2 -2 5 -3 -1
right_child=1 4 -4 -5 -6 -7
leaf_value=-0.001025767349783564 -0.017126659002155067 0.007065484110048161 0.0011161370179615915 0.010570697979049082 -0.00054149654385942845 0.0050649837004199914
leaf_weight=200 25 31 20 22 192 52
leaf_count=200 25 31 20 22 192 52
internal_value=0 -0.001085 -0.00901875 0.00106124 0.000515976 0.000231054
internal_weight=0 268 45 274 223 252
internal_count=542 268 45 274 223 252
is_linear=0
shrinkage=0.1


Tree=129
num_leaves=8
num_cat=0
split_feature=54 88 8 47 70 37 0
split_gain=0.0667351 0.197016 0.293252 0.175078 0.133123 0.456562 0.228387
threshold=2.191013317336941 0.22478797469785308 2.191013317336941 4.7621374077860157 3.1016673854004684 3.0201273556387074 3.1132683346437333
decision_type=2 2 2 2 2 2 2
left_child=1 2 -1 -3 5 -2 -6
right_child=4 3 -4 -5 6 -7 -8
leaf_value=-0.00019321870317475664 0.0048902467159288275 0.0038096059025043531 0.013451996945410169 -0.008693185867741704 0.01017616576559487 -0.015503769574443932 -0.00054585122333803511
leaf_weight=36 21 21 28 24 21 23 368
leaf_count=36 21 21 28 24 21 23 368
internal_value=0 0.00221161 0.00577656 -0.00285855 -0.000556733 -0.00577026 3.29723e-05
internal_weight=0 109 64 45 433 44 389
internal_count=542 109 64 45 433 44 389
is_linear=0
shrinkage=0.1


Tree=130
num_leaves=7
num_cat=0
split_feature=53 88 74 88 95 4
split_gain=0.0691697 0.154547 0.150938 0.141753 0.223771 0.222621
threshold=2.1302771365677549 0.6729352638418663 0.14576042437947326 0.015992802156241357 2.7058230259275202 3.0201273556387074
decision_type=2 2 2 2 2 2
left_child=1 2 -1 5 -5 -2
right_child=3 -3 -4 4 -6 -7
leaf_value=0.0019824392406150243 -0.0091089398444940649 0.0085770906703546649 -0.003176777734679271 -0.013871310977265239 -0.0018514498854832102 0.0029031863427479514
leaf_weight=179 18 25 83 18 111 108
leaf_count=179 18 25 83 18 111 108
internal_value=0 0.00106485 0.000348031 -0.00119848 -0.00352864 0.00118717
internal_weight=0 287 262 255 129 126
internal_count=542 287 262 255 129 126
is_linear=0
shrinkage=0.1


Tree=131
num_leaves=6
num_cat=0
split_feature=18 14 40 95 2
split_gain=0.0613944 0.375132 0.238869 0.324205 0.187113
threshold=1.4978661367769956 0.89587973461402759 3.8176519431297078 2.191013317336941 0.89587973461402759
decision_type=2 2 2 2 2
left_child=2 -2 3 -1 -3
right_child=1 4 -4 -5 -6
leaf_value=-0.010441711504498255 -0.015101396325318255 -0.0083292989581823362 0.011426126296547327 0.0033186536605483785 0.0005963685656939729
leaf_weight=23 17 25 22 67 388
leaf_count=23 17 25 22 67 388
internal_value=0 -0.000543175 0.0020854 -0.000197884 5.60739e-05
internal_weight=0 430 112 90 413
internal_count=542 430 112 90 413
is_linear=0
shrinkage=0.1


Tree=132
num_leaves=7
num_cat=0
split_feature=9 5 73 4 23 44
split_gain=0.0636531 0.260572 0.189861 0.3292 0.25938 0.125403
threshold=2.602003343538398 2.3502401828962087 1.7005986908310777 3.1132683346437333 2.3937458713910238 2.5619819897016298
decision_type=2 2 2 2 2 2
left_child=2 -2 3 -1 -4 -3
right_child=1 5 4 -5 -6 -7
leaf_value=0.0013132743054892924 -0.011211341112555768 0.0037091539287620722 0.0023230701598610419 0.015884147975593805 -0.013137739261283594 -0.00089636062412744809
leaf_weight=69 22 73 30 20 17 311
leaf_count=69 22 73 30 20 17 311
internal_value=0 -0.000627215 0.00187242 0.00458763 -0.00326914 -2.08331e-05
internal_weight=0 406 136 89 47 384
internal_count=542 406 136 89 47 384
is_linear=0
shrinkage=0.1


Tree=133
num_leaves=8
num_cat=0
split_feature=51 100 103 57 4 102 1
split_gain=0.0573035 0.145396 0.213273 0.139596 0.40339 0.225833 0.113774
threshold=4.8197610033508322 4.135134555718313 3.2384861814448418 2.4949024866251386 3.7132745361986528 4.8903208612686422 3.8064155152036787
decision_type=2 2 2 2 2 2 2
left_child=3 2 -2 5 -5 -1 -3
right_child=1 6 -4 4 -6 -7 -8
leaf_value=0.00025339720949497344 -0.011324077581853741 0.0072575958261343956 -0.0012757816471749657 -0.010513685678264925 0.0030371655209850269 0.0081264254853724415 -0.00017925088884819868
leaf_weight=112 28 24 86 35 59 54 144
leaf_count=112 28 24 86 35 59 54 144
internal_value=0 -0.000987309 -0.00374378 0.00107085 -0.00200836 0.0028145 0.000883156
internal_weight=0 282 114 260 94 166 168
internal_count=542 282 114 260 94 166 168
is_linear=0
shrinkage=0.1


Tree=134
num_leaves=7
num_cat=0
split_feature=54 88 40 2 67 86
split_gain=0.064421 0.174303 0.243077 0.150228 0.107776 0.167232
threshold=2.191013317336941 0.22478797469785308 3.6632328069201612 1.7005986908310777 3.3497501700808394 0.61334666495513168
decision_type=2 2 2 2 2 2
left_child=1 2 -1 -3 -2 -6
right_child=4 3 -4 -5 5 -7
leaf_value=0.00059186378732705737 -0.0073660913140470678 -0.0080007484667779256 0.01322349938005209 0.0035807914144936059 0.00073979919613253412 -0.0045961484542562511
leaf_weight=39 22 24 25 21 340 71
leaf_count=39 22 24 25 21 340 71
internal_value=0 0.00217293 0.0055261 -0.00259603 -0.000546995 -0.000181983
internal_weight=0 109 64 45 433 411
internal_count=542 109 64 45 433 411
is_linear=0
shrinkage=0.1


Tree=135
num_leaves=7
num_cat=0
split_feature=15 15 19 97 13 83
split_gain=0.0633416 0.370307 0.240368 0.288291 0.143133 0.130262
threshold=4.6199495871088647 4.2835627800822236 4.9199542854466296 5.298267364047871 3.5972184255501678 2.6615049862358711
decision_type=2 2 2 2 2 2
left_child=1 4 3 -2 -1 -4
right_child=2 -3 5 -5 -6 -7
leaf_value=-0.0012770154261891025 -0.017062278246310982 0.011844934497413966 -0.00047595410551298133 -6.1867360602177332e-05 0.0076807439303956922 0.007530721396588805
leaf_weight=165 19 29 266 21 20 22
leaf_count=165 19 29 266 21 20 22
internal_value=0 0.00133837 -0.000873203 -0.00813706 -0.000308609 0.000135667
internal_weight=0 214 328 40 185 288
internal_count=542 214 328 40 185 288
is_linear=0
shrinkage=0.1


Tree=136
num_leaves=7
num_cat=0
split_feature=9 103 46 35 44 7
split_gain=0.0631458 0.226645 0.175306 0.227842 0.16693 0.156595
threshold=2.602003343538398 1.0397207708399181 3.7132745361986528 5.1059271080903725 3.5408542930527882 3.7609296261008152
decision_type=2 2 2 2 2 2
left_child=2 -2 4 -4 -1 -3
right_child=1 5 3 -5 -6 -7
leaf_value=0.0011598915227044088 -0.010741211139663523 -0.0054812911561036362 -0.012062860011226601 0.0034451847174204889 0.0098929506698341094 0.00067915264013994521
leaf_weight=65 21 47 18 20 33 338
leaf_count=65 21 47 18 20 33 338
internal_value=0 -0.000624711 0.00186495 -0.00390073 0.00410062 -7.29015e-05
internal_weight=0 406 136 38 98 385
internal_count=542 406 136 38 98 385
is_linear=0
shrinkage=0.1


Tree=137
num_leaves=7
num_cat=0
split_feature=5 68 28 11 5 64
split_gain=0.0657559 0.24987 0.261722 0.184666 0.257085 0.12614
threshold=3.4960482137079443 3.9120522583691759 3.1132683346437333 5.9839077282029587 3.1345481418531311 4.1203903556113444
decision_type=2 2 2 2 2 2
left_child=3 2 -2 4 -1 -3
right_child=1 5 -4 -5 -6 -7
leaf_value=0.00046899624867364765 -0.014732175595127045 0.0082842051232647571 0.00061546181328594692 -0.0076969817682931378 0.0092095778946531936 -0.00044681585542914433
leaf_weight=212 25 18 20 22 40 205
leaf_count=212 25 18 20 22 40 205
internal_value=0 -0.00111372 -0.007911 0.00108933 0.00185639 0.00025793
internal_weight=0 268 45 274 252 223
internal_count=542 268 45 274 252 223
is_linear=0
shrinkage=0.1


Tree=138
num_leaves=8
num_cat=0
split_feature=53 73 41 57 88 68 21
split_gain=0.0624045 0.124485 0.258476 0.221086 0.120121 0.16765 0.159735
threshold=2.1302771365677549 2.0715673631957667 2.524928003624769 2.6785862374452463 0.015992802156241357 3.7227555468491347 1.9356005054539456
decision_type=2 2 2 2 2 2 2
left_child=1 3 -3 -1 6 -6 -2
right_child=4 2 -4 -5 5 -7 -8
leaf_value=0.0005870183625378034 0.010073503447176122 0.003103282517423072 -0.010279969719273073 0.0086158692925458868 0.0056688851469920741 -0.0047350860492385051 -0.00034840791785252208
leaf_weight=187 17 31 27 42 18 111 109
leaf_count=187 17 31 27 42 18 111 109
internal_value=0 0.00101143 -0.00312685 0.00205956 -0.00113836 -0.00328337 0.00105772
internal_weight=0 287 58 229 255 129 126
internal_count=542 287 58 229 255 129 126
is_linear=0
shrinkage=0.1


Tree=139
num_leaves=6
num_cat=0
split_feature=89 89 70 48 58
split_gain=0.0598549 0.109886 0.14663 0.1051 0.0952074
threshold=0.67383840827011465 0.5828977007850159 2.0885265513618045 3.2180751841847144 4.2903656061101136
decision_type=2 2 2 2 2
left_child=1 2 -1 -3 -2
right_child=4 3 -4 -5 -6
leaf_value=0.0048703824104741221 -0.0065691999086993748 -0.00078082355127359442 -0.00088848678210167549 0.0077623766449202479 0.0025217446338501761
leaf_weight=50 32 24 382 36 18
leaf_count=50 32 24 382 36 18
internal_value=0 0.000335006 -0.000221951 0.0043451 -0.00329646
internal_weight=0 492 432 60 50
internal_count=542 492 432 60 50
is_linear=0
shrinkage=0.1


Tree=140
num_leaves=5
num_cat=0
split_feature=50 89 89 14
split_gain=0.0546428 0.0758888 0.107234 0.103669
threshold=5.648949440878984 0.67383840827011465 0.5828977007850159 2.8314802400679731
decision_type=2 2 2 2
left_child=1 2 -1 -3
right_child=-2 3 -4 -5
leaf_value=-0.00044766750303097073 0.0040084549680614147 0.0015334144136623332 0.0041155626058136515 -0.0081080854085653475
leaf_weight=405 32 19 59 27
leaf_count=405 32 19 59 27
internal_value=0 -0.000251511 0.000132571 -0.00412573
internal_weight=0 510 464 46
internal_count=542 510 464 46
is_linear=0
shrinkage=0.1


Tree=141
num_leaves=7
num_cat=0
split_feature=47 47 78 40 72 14
split_gain=0.0550752 0.21515 0.185822 0.17271 0.390211 0.160138
threshold=3.1345481418531311 2.3937458713910238 0.60901001002574762 3.0201273556387074 0.023898985540192427 0.89587973461402759
decision_type=2 2 2 2 2 2
left_child=1 2 -1 4 -2 -5
right_child=3 -3 -4 5 -6 -7
leaf_value=0.0067007637757342314 0.013732886842141549 -0.0093835060171088489 -0.0024384046612109683 -0.0068811247933327274 -0.0011995566127422667 0.00035779399277691712
leaf_weight=32 30 29 73 34 42 302
leaf_count=32 30 29 73 34 42 302
internal_value=0 -0.00175896 0.000346866 0.000577698 0.00502229 -0.000374716
internal_weight=0 134 105 408 72 336
internal_count=542 134 105 408 72 336
is_linear=0
shrinkage=0.1


Tree=142
num_leaves=5
num_cat=0
split_feature=11 11 40 25
split_gain=0.0516964 0.0967466 0.111762 0.0855078
threshold=7.7764660513092769 7.3088775816159774 5.1059271080903725 5.1298812082267613
decision_type=2 2 2 2
left_child=1 3 -3 -1
right_child=-2 2 -4 -5
leaf_value=0.00048634650338815003 0.0049894261825829747 -0.0099382519855030962 0.00079998765916874026 -0.0058950338552346115
leaf_weight=461 20 21 18 22
leaf_count=461 20 21 18 22
internal_value=0 -0.000191166 -0.00498214 0.000195683
internal_weight=0 522 39 483
internal_count=542 522 39 483
is_linear=0
shrinkage=0.1


Tree=143
num_leaves=7
num_cat=0
split_feature=47 75 55 1 41 29
split_gain=0.0486735 0.139386 0.34992 0.173506 0.12894 0.192511
threshold=4.4425820475484112 1.2424533248940004 2.8314802400679731 2.191013317336941 2.524928003624769 2.7058230259275202
decision_type=2 2 2 2 2 2
left_child=1 2 -1 -3 -2 -6
right_child=4 3 -4 -5 5 -7
leaf_value=0.0020660294165067814 0.0067838347051292665 0.010042568151017324 -0.012503382614522707 -0.00072509606834501037 -0.0081178038904909048 0.00088317676298016597
leaf_weight=34 32 17 32 125 26 276
leaf_count=34 32 17 32 125 26 276
internal_value=0 -0.00120085 -0.00499793 0.00056399 0.000747834 0.000108258
internal_weight=0 208 66 142 334 302
internal_count=542 208 66 142 334 302
is_linear=0
shrinkage=0.1


Tree=144
num_leaves=7
num_cat=0
split_feature=82 77 98 45 15 57
split_gain=0.0497454 0.27045 0.184081 0.161757 0.205837 0.18966
threshold=0.32974294883386152 2.8888261616113287 7.6226333132473512 2.8617925509761908 3.3296469598418192 1.3573146361168928
decision_type=2 2 2 2 2 2
left_child=3 -2 -3 4 -1 -5
right_child=1 2 -4 5 -6 -7
leaf_value=0.010919991385890171 -0.010347198887861201 0.008367494455402873 -0.0010130026177760283 -0.0065916065470082693 -0.001331122477616494 0.00086663463879910858
leaf_weight=32 28 24 163 40 24 231
leaf_count=32 28 24 163 40 24 231
internal_value=0 -0.00118149 0.000190911 0.000776823 0.00566951 -0.000234213
internal_weight=0 215 187 327 56 271
internal_count=542 215 187 327 56 271
is_linear=0
shrinkage=0.1


Tree=145
num_leaves=7
num_cat=0
split_feature=53 88 10 99 34 45
split_gain=0.0475892 0.11381 0.117592 0.107658 0.133171 0.0784333
threshold=2.1302771365677549 0.6729352638418663 2.3937458713910238 3.5549397315361362 2.8314802400679731 4.2045812236012674
decision_type=2 2 2 2 2 2
left_child=1 2 -1 4 -2 -5
right_child=3 -3 -4 5 -6 -7
leaf_value=-0.0022028426564223058 0.00073416105087110127 0.0073298335596919065 0.0020845197717175783 0.0051775172670803426 -0.0045731800088902848 -0.0021184763931871757
leaf_weight=111 86 25 151 41 105 23
leaf_count=111 86 25 151 41 105 23
internal_value=0 0.00088325 0.000268118 -0.000994089 -0.00218349 0.00255552
internal_weight=0 287 262 255 191 64
internal_count=542 287 262 255 191 64
is_linear=0
shrinkage=0.1


Tree=146
num_leaves=7
num_cat=0
split_feature=47 47 89 78 72 40
split_gain=0.0480046 0.176101 0.239878 0.20436 0.151171 0.210121
threshold=3.1345481418531311 2.191013317336941 0.065471168630690413 0.60901001002574762 0.80260924844569626 3.0201273556387074
decision_type=2 2 2 2 2 2
left_child=1 3 -3 -1 5 -2
right_child=4 2 -4 -5 -6 -7
leaf_value=0.0077207647979126454 0.00630225362556596 -0.01625884038341396 0.00054025335840004335 -0.0023474581846837993 -0.0081703472980543188 -4.7252447196974534e-05
leaf_weight=28 62 17 17 72 19 327
leaf_count=28 62 17 17 72 19 327
internal_value=0 -0.00164218 -0.00785929 0.000471644 0.000539342 0.000964751
internal_weight=0 134 34 100 408 389
internal_count=542 134 34 100 408 389
is_linear=0
shrinkage=0.1


Tree=147
num_leaves=7
num_cat=0
split_feature=54 89 17 50 4 103
split_gain=0.0481809 0.151538 0.15087 0.10505 0.35042 0.147695
threshold=2.191013317336941 0.41771269089679336 2.9174053685313028 2.3937458713910238 3.7132745361986528 4.1742689126930488
decision_type=2 2 2 2 2 2
left_child=1 2 -1 4 -2 -5
right_child=3 -3 -4 5 -6 -7
leaf_value=0.0016734786381545877 -0.0076490803947672249 -0.0037792691001386353 0.011791583374142649 0.0043931204986292867 0.002812903757222881 -0.00071982670629775261
leaf_weight=56 70 33 20 75 59 229
leaf_count=56 70 33 20 75 59 229
internal_value=0 0.00187918 0.00433614 -0.00047305 -0.00286414 0.000541591
internal_weight=0 109 76 433 129 304
internal_count=542 109 76 433 129 304
is_linear=0
shrinkage=0.1


Tree=148
num_leaves=7
num_cat=0
split_feature=36 103 1 24 13 12
split_gain=0.0463706 0.225984 0.230196 0.206697 0.172445 0.136359
threshold=2.9430520157250784 4.7273486598447958 2.8617925509761908 3.1132683346437333 2.602003343538398 3.8499212036984933
decision_type=2 2 2 2 2 2
left_child=1 2 -1 4 -2 -5
right_child=3 -3 -4 5 -6 -7
leaf_value=-0.0040575160665798993 0.00121509442889454 -0.010848244489170612 0.0042319407172278682 -0.0036694338008105248 0.01324459616814486 0.00090764608272293117
leaf_weight=67 26 22 67 88 22 250
leaf_count=67 26 22 67 88 22 250
internal_value=0 -0.00145497 8.72123e-05 0.000588018 0.00672862 -0.00028402
internal_weight=0 156 134 386 48 338
internal_count=542 156 134 386 48 338
is_linear=0
shrinkage=0.1


Tree=149
num_leaves=8
num_cat=0
split_feature=39 28 47 87 69 53 98
split_gain=0.0466068 0.246731 0.204242 0.159495 0.130012 0.12406 0.121907
threshold=6.4002353700099741 4.6150714996361826 5.6902681384622422 0.053353963967756303 4.2416588573484209 1.8956470380559631 5.0684095151189146
decision_type=2 2 2 2 2 2 2
left_child=2 5 6 -4 -3 -2 -1
right_child=1 4 3 -5 -6 -7 -8
leaf_value=-0.0070580037167439092 -0.0027218382066006171 0.0083120840934402373 0.011139735868521806 0.0014495553312505165 -0.0007741157953759008 -0.014633950845907545 7.99846929924873e-05
leaf_weight=26 17 19 29 41 92 18 300
leaf_count=26 17 19 29 41 92 18 300
internal_value=0 -0.0015272 0.000563059 0.00546406 0.00078118 -0.00884807 -0.000489303
internal_weight=0 146 396 70 111 35 326
internal_count=542 146 396 70 111 35 326
is_linear=0
shrinkage=0.1


Tree=150
num_leaves=8
num_cat=0
split_feature=54 88 8 47 10 103 16
split_gain=0.0486458 0.127532 0.186576 0.112739 0.0913568 0.306805 0.207278
threshold=2.191013317336941 0.22478797469785308 2.191013317336941 4.7621374077860157 2.3937458713910238 2.1383330595080281 2.5619819897016298
decision_type=2 2 2 2 2 2 2
left_child=1 2 -1 -3 5 -2 -6
right_child=4 3 -4 -5 6 -7 -8
leaf_value=-5.2879774658423335e-06 -0.011994804237162628 0.0031598670940314027 0.010878682369366288 -0.0068730564108894516 0.011024883981136714 0.00068223993293941025 -0.00029975458814211693
leaf_weight=36 28 21 28 24 17 60 328
leaf_count=36 28 21 28 24 17 60 328
internal_value=0 0.00188823 0.00475645 -0.00219103 -0.000475327 -0.00335137 0.000258271
internal_weight=0 109 64 45 433 88 345
internal_count=542 109 64 45 433 88 345
is_linear=0
shrinkage=0.1


Tree=151
num_leaves=7
num_cat=0
split_feature=9 5 73 4 43 86
split_gain=0.0473897 0.17379 0.127014 0.200693 0.178367 0.0972373
threshold=2.602003343538398 2.3502401828962087 1.7005986908310777 3.1132683346437333 2.5619819897016298 0.6813317870098613
decision_type=2 2 2 2 2 2
left_child=2 -2 3 -1 -4 -3
right_child=1 5 4 -5 -6 -7
leaf_value=0.0012798195350510271 -0.0091849768851799043 0.00039164965737680186 0.0031892148721963166 0.012656645154347643 -0.0091567339344526943 -0.0058322997203234727
leaf_weight=69 22 357 25 20 22 27
leaf_count=69 22 357 25 20 22 27
internal_value=0 -0.000541189 0.00161561 0.00383641 -0.00258974 -4.59718e-05
internal_weight=0 406 136 89 47 384
internal_count=542 406 136 89 47 384
is_linear=0
shrinkage=0.1


Tree=152
num_leaves=7
num_cat=0
split_feature=12 24 41 53 69 95
split_gain=0.0466073 0.277595 0.110976 0.101543 0.189094 0.146798
threshold=1.5890269151739729 1.9356005054539456 1.9356005054539456 0.70808679187920631 2.7198141399863522 1.0397207708399181
decision_type=2 2 2 2 2 2
left_child=1 2 -1 4 -2 -5
right_child=3 -3 -4 5 -6 -7
leaf_value=0.0026279531108836336 -0.0035067494739504422 0.011602733284235001 -0.0079197483823487645 -0.0079155738844915672 0.01040176054381806 -0.00030478739273254071
leaf_weight=21 17 22 19 27 23 413
leaf_count=21 17 22 19 27 23 413
internal_value=0 0.00258019 -0.00238221 -0.000333275 0.00449064 -0.000771813
internal_weight=0 62 40 480 40 440
internal_count=542 62 40 480 40 440
is_linear=0
shrinkage=0.1


Tree=153
num_leaves=5
num_cat=0
split_feature=12 17 17 88
split_gain=0.0443373 0.0781583 0.0825696 0.0717484
threshold=6.0473693846339858 5.003923783930186 4.7273486598447958 0.34363806881130859
decision_type=2 2 2 2
left_child=1 2 -1 -3
right_child=-2 3 -4 -5
leaf_value=-5.0008619986804916e-05 0.0050262069055701008 -0.0011399387423058642 0.0062239410376853568 -0.0089478003624309278
leaf_weight=451 17 34 22 18
leaf_count=451 17 34 22 18
internal_value=0 -0.000162753 0.000241803 -0.00384266
internal_weight=0 525 473 52
internal_count=542 525 473 52
is_linear=0
shrinkage=0.1


Tree=154
num_leaves=6
num_cat=0
split_feature=5 95 5 40 70
split_gain=0.0439302 0.242916 0.199682 0.184821 0.111362
threshold=1.5890269151739731 2.191013317336941 2.191013317336941 3.8176519431297078 2.0885265513618045
decision_type=2 2 2 2 2
left_child=1 3 -2 -1 -4
right_child=2 -3 4 -5 -6
leaf_value=-0.008014726177181887 -0.0096584196086041633 0.011678491979837419 0.0075917366597997513 0.0038164420654216123 -0.00023254939225863283
leaf_weight=23 22 20 19 31 427
leaf_count=23 22 20 19 31 427
internal_value=0 0.00226407 -0.000357993 -0.00122276 0.000100772
internal_weight=0 74 468 54 446
internal_count=542 74 468 54 446
is_linear=0
shrinkage=0.1


Tree=155
num_leaves=6
num_cat=0
split_feature=35 41 7 15 33
split_gain=0.0411646 0.202189 0.197143 0.179406 0.169251
threshold=4.1742689126930488 3.3497501700808394 2.191013317336941 4.1742689126930488 3.1345481418531311
decision_type=2 2 2 2 2
left_child=1 4 -2 -4 -1
right_child=2 -3 3 -5 -6
leaf_value=-0.0015404334290940456 0.0083682502231871084 -0.011626682929037249 -0.0080711755709601748 0.00057477447320334024 0.0075835278762194022
leaf_weight=133 30 17 26 312 24
leaf_count=133 30 17 26 312 24
internal_value=0 -0.00126739 0.000599257 -9.02986e-05 -0.000145688
internal_weight=0 174 368 338 157
internal_count=542 174 368 338 157
is_linear=0
shrinkage=0.1


Tree=156
num_leaves=5
num_cat=0
split_feature=85 87 3 87
split_gain=0.0412283 0.0686243 0.206312 0.122117
threshold=0.68825814654134765 0.49722776334922386 2.191013317336941 1.0000000180025095e-35
decision_type=2 2 2 2
left_child=1 3 -3 -1
right_child=-2 2 -4 -5
leaf_value=0.00074816920102005273 -0.003966189593076706 -0.0062859608973983841 0.0042179353119863663 -0.0030345536121167242
leaf_weight=269 25 23 100 125
leaf_count=269 25 23 100 125
internal_value=0 0.000191789 0.00225379 -0.000451933
internal_weight=0 517 123 394
internal_count=542 517 123 394
is_linear=0
shrinkage=0.1


Tree=157
num_leaves=4
num_cat=0
split_feature=65 65 59
split_gain=0.0402221 0.132597 0.132524
threshold=1.1167106518140393 1.8552669399515371 3.2951505240983434
decision_type=2 2 2
left_child=-1 -2 -3
right_child=1 2 -4
leaf_value=0.0046479599007094898 -0.0066147762071341286 0.0036791462759848091 -0.00054596101869649897
leaf_weight=18 30 91 403
leaf_count=18 30 91 403
internal_value=0 -0.000159663 0.000232348
internal_weight=0 524 494
internal_count=542 524 494
is_linear=0
shrinkage=0.1


Tree=158
num_leaves=4
num_cat=0
split_feature=10 10 89
split_gain=0.0401868 0.0806006 0.0599796
threshold=5.8916289495434491 5.6221699441047184 0.67383840827011465
decision_type=2 2 2
left_child=1 2 -1
right_child=-2 -3 -4
leaf_value=0.00040367478638749475 0.0043990828958339985 -0.0067438051867712706 -0.0034609902449036865
leaf_weight=460 20 18 44
leaf_count=460 20 18 44
internal_value=0 -0.000168547 6.62834e-05
internal_weight=0 522 504
internal_count=542 522 504
is_linear=0
shrinkage=0.1


Tree=159
num_leaves=5
num_cat=0
split_feature=65 23 65 59
split_gain=0.0397354 0.130497 0.123717 0.0688454
threshold=1.7117994589482233 2.191013317336941 1.9112682215584671 3.2951505240983434
decision_type=2 2 2 2
left_child=1 -1 -2 -4
right_child=2 -3 3 -5
leaf_value=-0.0028106556170516546 -0.008370052347891033 0.0092307794063041619 0.0026399024272185947 -0.00047744506707534301
leaf_weight=18 18 18 86 402
leaf_count=18 18 18 86 402
internal_value=0 0.00321006 -0.000228384 7.19235e-05
internal_weight=0 36 506 488
internal_count=542 36 506 488
is_linear=0
shrinkage=0.1


Tree=160
num_leaves=7
num_cat=0
split_feature=97 1 53 97 53 42
split_gain=0.040732 0.118103 0.0845641 0.0657639 0.0650505 0.0536227
threshold=7.0422800591340273 4.5538214868689204 3.2480083730269782 7.2122901176665044 2.6445448382958667 4.3437210834879627
decision_type=2 2 2 2 2 2
left_child=1 2 -1 -2 -3 -5
right_child=3 4 -4 5 -6 -7
leaf_value=-0.00026319955964423475 0.0071527724166547783 -0.0013938749743187253 0.0059766187373062841 0.0020274468259773577 -0.0099086934700608267 -0.0043717925491578435
leaf_weight=390 19 17 23 57 19 17
leaf_count=390 19 17 23 57 19 17
internal_value=0 -0.000394536 8.42964e-05 0.0019048 -0.00588781 0.000557351
internal_weight=0 449 413 93 36 74
internal_count=542 449 413 93 36 74
is_linear=0
shrinkage=0.1


Tree=161
num_leaves=5
num_cat=0
split_feature=62 6 20 89
split_gain=0.0408659 0.0766002 0.131836 0.0782271
threshold=5.0937313815282925 4.6150714996361826 4.2903656061101136 0.59360867958002328
decision_type=2 2 2 2
left_child=1 2 -1 -3
right_child=-2 3 -4 -5
leaf_value=-0.00065011612517606359 0.0034102233761752194 -0.0043696925398156363 0.0035001999742379137 0.0026998488814570011
leaf_weight=316 33 72 101 20
leaf_count=316 33 72 101 20
internal_value=0 -0.000221095 0.000355116 -0.00283284
internal_weight=0 509 417 92
internal_count=542 509 417 92
is_linear=0
shrinkage=0.1


Tree=162
num_leaves=6
num_cat=0
split_feature=18 14 40 95 2
split_gain=0.0370825 0.2137 0.131305 0.184758 0.107691
threshold=1.4978661367769956 0.89587973461402759 3.8176519431297078 2.191013317336941 0.89587973461402759
decision_type=2 2 2 2 2
left_child=2 -2 3 -1 -3
right_child=1 4 -4 -5 -6
leaf_value=-0.0078052495687228182 -0.011410150161999115 -0.0063313811682164673 0.0085460794666274032 0.0025825161869123358 0.00044003990708156332
leaf_weight=23 17 25 22 67 388
leaf_count=23 17 25 22 67 388
internal_value=0 -0.000422143 0.00162073 -7.21351e-05 3.01476e-05
internal_weight=0 430 112 90 413
internal_count=542 430 112 90 413
is_linear=0
shrinkage=0.1


Tree=163
num_leaves=7
num_cat=0
split_feature=51 51 32 88 2 53
split_gain=0.0376527 0.130156 0.198683 0.127845 0.0970913 0.143506
threshold=4.3036997296511936 2.5619819897016298 2.9430520157250784 0.06544680800334933 1.7005986908310777 0.88137358701945157
decision_type=2 2 2 2 2 2
left_child=1 3 -3 -1 -2 -6
right_child=4 2 -4 -5 5 -7
leaf_value=0.0020011389021661512 -0.0064469287991178806 0.011210331079308633 0.00067117898585631751 -0.0038460093465122122 0.00873688194243347 -0.00073781585005466453
leaf_weight=79 27 27 53 71 17 268
leaf_count=79 27 27 53 71 17 268
internal_value=0 0.00097076 0.00422814 -0.000766511 -0.000715624 -0.000172658
internal_weight=0 230 80 150 312 285
internal_count=542 230 80 150 312 285
is_linear=0
shrinkage=0.1


Tree=164
num_leaves=7
num_cat=0
split_feature=47 47 24 98 36 12
split_gain=0.0371483 0.122714 0.158904 0.140889 0.115975 0.106216
threshold=3.1345481418531311 2.191013317336941 2.3937458713910238 7.3287612361611201 1.5890269151739729 1.5890269151739729
decision_type=2 2 2 2 2 2
left_child=1 3 -3 -1 -2 -6
right_child=4 2 -4 -5 5 -7
leaf_value=0.0080699892236704117 0.0077121191347638771 -0.013470860450145075 0.0002019634853829356 -0.0014979623308416779 0.0062548638043853529 -0.00036289354878506132
leaf_weight=19 21 17 17 81 26 361
leaf_count=19 21 17 17 81 26 361
internal_value=0 -0.0014446 -0.00663445 0.000319948 0.000474452 8.17103e-05
internal_weight=0 134 34 100 408 387
internal_count=542 134 34 100 408 387
is_linear=0
shrinkage=0.1


Tree=165
num_leaves=5
num_cat=0
split_feature=65 65 23 80
split_gain=0.0376468 0.101751 0.0948368 0.055681
threshold=1.7117994589482233 1.9112682215584671 2.191013317336941 0.2336471673569647
decision_type=2 2 2 2
left_child=2 -2 -1 -3
right_child=1 3 -4 -5
leaf_value=-0.0020080397655773494 -0.007605898100882769 -0.00080656277937720528 0.0082571570347580638 0.0013820482345410082
leaf_weight=18 18 297 18 191
leaf_count=18 18 297 18 191
internal_value=0 -0.000222301 0.00312456 5.00452e-05
internal_weight=0 506 36 488
internal_count=542 506 36 488
is_linear=0
shrinkage=0.1


Tree=166
num_leaves=5
num_cat=0
split_feature=50 89 14 89
split_gain=0.0363319 0.0542011 0.0770226 0.0727147
threshold=5.648949440878984 0.67383840827011465 2.8314802400679731 0.5828977007850159
decision_type=2 2 2 2
left_child=1 3 -3 -1
right_child=-2 2 -4 -5
leaf_value=-0.00035829713849069118 0.0032685461068695078 0.0013986872104731832 -0.0069118547615491695 0.0033993539522733478
leaf_weight=405 32 19 27 59
leaf_count=405 32 19 27 59
internal_value=0 -0.000205085 -0.00347924 0.000119508
internal_weight=0 510 46 464
internal_count=542 510 46 464
is_linear=0
shrinkage=0.1


Tree=167
num_leaves=7
num_cat=0
split_feature=89 89 86 47 101 72
split_gain=0.0344633 0.147307 0.145113 0.122657 0.182676 0.168081
threshold=0.30930641440945372 0.22479212927071848 0.61334666495513168 6.831925054135966 5.2574411156119085 0.18891715294143188
decision_type=2 2 2 2 2 2
left_child=1 2 -1 5 -5 -2
right_child=3 -3 -4 4 -6 -7
leaf_value=0.0010296921180113214 0.0023775353606781992 0.0078527826350182298 -0.0045920327405578323 -0.012418405804783107 0.0011142824482368795 -0.0044577134781921251
leaf_weight=255 112 26 56 21 19 53
leaf_count=255 112 26 56 21 19 53
internal_value=0 0.000621929 1.74201e-05 -0.00102239 -0.00599038 0.000181971
internal_weight=0 337 311 205 40 165
internal_count=542 337 311 205 40 165
is_linear=0
shrinkage=0.1


Tree=168
num_leaves=4
num_cat=0
split_feature=33 29 39
split_gain=0.0354014 0.0670449 0.0599143
threshold=5.752527285294831 5.2413969583361579 6.4002353700099741
decision_type=2 2 2
left_child=1 2 -1
right_child=-2 -3 -4
leaf_value=0.0004488806044572698 -0.0044912341927342558 0.0049064780061598874 -0.0022315350700530031
leaf_weight=391 17 28 106
leaf_count=391 17 28 106
internal_value=0 0.00014543 -0.000122798
internal_weight=0 525 497
internal_count=542 525 497
is_linear=0
shrinkage=0.1


Tree=169
num_leaves=5
num_cat=0
split_feature=85 88 1 17
split_gain=0.0361454 0.0504551 0.211435 0.0556559
threshold=0.68825814654134765 0.6729352638418663 3.2951505240983434 1.9356005054539456
decision_type=2 2 2 2
left_child=1 3 -3 -1
right_child=-2 2 -4 -5
leaf_value=-0.0025691746129152121 -0.003713660785928369 0.010737923082585137 -0.0028730001421645285 0.00035512917489939047
leaf_weight=78 25 21 25 393
leaf_count=78 25 21 25 393
internal_value=0 0.000179577 0.00334068 -0.00012915
internal_weight=0 517 46 471
internal_count=542 517 46 471
is_linear=0
shrinkage=0.1


Tree=170
num_leaves=6
num_cat=0
split_feature=35 7 10 41 33
split_gain=0.0342457 0.150255 0.157467 0.145967 0.125171
threshold=4.1742689126930488 2.191013317336941 0.89587973461402759 3.3497501700808394 3.1345481418531311
decision_type=2 2 2 2 2
left_child=3 -2 -3 4 -1
right_child=1 2 -4 -5 -6
leaf_value=-0.0014023605815950725 0.0073290579424550141 -0.0084414500100094651 0.00050012740237790395 -0.0099579247235156154 0.0064440424515244859
leaf_weight=133 30 21 317 17 24
leaf_count=133 30 21 317 17 24
internal_value=0 0.000546581 -5.54144e-05 -0.00115599 -0.00020291
internal_weight=0 368 338 174 157
internal_count=542 368 338 174 157
is_linear=0
shrinkage=0.1


Tree=171
num_leaves=7
num_cat=0
split_feature=5 68 28 11 13 2
split_gain=0.0324708 0.189858 0.179177 0.116063 0.184194 0.107997
threshold=3.4960482137079443 3.9120522583691759 3.1132683346437333 5.9839077282029587 3.6632328069201612 3.8064155152036787
decision_type=2 2 2 2 2 2
left_child=3 2 -2 4 -1 -3
right_child=1 5 -4 -5 -6 -7
leaf_value=0.00064644272726504734 -0.01235159945767373 0.0058897612274684498 0.00034719754476100209 -0.0062001302838325502 0.011425459828666029 -0.00047125286458443347
leaf_weight=235 25 31 20 22 17 192
leaf_count=235 25 31 20 22 17 192
internal_value=0 -0.000782627 -0.00670769 0.000765489 0.0013736 0.000413014
internal_weight=0 268 45 274 252 223
internal_count=542 268 45 274 252 223
is_linear=0
shrinkage=0.1


Tree=172
num_leaves=5
num_cat=0
split_feature=102 85 99 88
split_gain=0.0322022 0.0839511 0.0564978 0.0480072
threshold=7.5564267397857412 0.67384783609010557 3.9316333620047872 0.65418046831921017
decision_type=2 2 2 2
left_child=1 3 -2 -1
right_child=2 -3 -4 -5
leaf_value=-0.00026301445013636042 0.005717066749464721 -0.0051029191521758388 -0.001517213834449649 0.0028352038330284129
leaf_weight=408 25 33 19 57
leaf_count=408 25 33 19 57
internal_value=0 -0.000229116 0.00259317 0.000116767
internal_weight=0 498 44 465
internal_count=542 498 44 465
is_linear=0
shrinkage=0.1


Tree=173
num_leaves=7
num_cat=0
split_feature=100 28 27 57 45 61
split_gain=0.0308689 0.0878528 0.118862 0.0876734 0.125751 0.0641153
threshold=4.8903208612686422 4.0773937863842606 5.8678744825367568 3.3936600881507899 3.4960482137079443 3.2773296322308223
decision_type=2 2 2 2 2 2
left_child=3 -2 -3 5 -5 -1
right_child=1 2 -4 4 -6 -7
leaf_value=-0.00061823840046199864 0.0069739058026639022 -0.0058369537368416794 0.0021808818162830455 -0.011368796286200557 0.00046996278075599364 0.0025602604757295924
leaf_weight=307 23 25 71 17 19 80
leaf_count=307 23 25 71 17 19 80
internal_value=0 0.00142285 9.29038e-05 -0.00040028 -0.00512056 3.88156e-05
internal_weight=0 119 96 423 36 387
internal_count=542 119 96 423 36 387
is_linear=0
shrinkage=0.1


Tree=174
num_leaves=5
num_cat=0
split_feature=23 32 35 21
split_gain=0.0334042 0.042479 0.144874 0.0805606
threshold=7.8332668616847121 4.9199542854466296 6.6502782118072528 4.4885732424042368
decision_type=2 2 2 2
left_child=1 2 -1 -3
right_child=-2 3 -4 -5
leaf_value=0.00023358703961070534 -0.004235748085193336 0.0059513219823951235 -0.0067655374165042307 -1.0341534096583286e-05
leaf_weight=390 18 34 32 68
leaf_count=390 18 34 32 68
internal_value=0 0.000145503 -0.000297152 0.00197688
internal_weight=0 524 422 102
internal_count=542 524 422 102
is_linear=0
shrinkage=0.1


Tree=175
num_leaves=8
num_cat=0
split_feature=54 98 31 41 70 26 67
split_gain=0.0302951 0.102646 0.139668 0.118598 0.0829302 0.166023 0.0818415
threshold=2.191013317336941 6.2633529090608215 5.3180719330953936 2.3502401828962087 2.9934114745244176 2.524928003624769 3.6632328069201612
decision_type=2 2 2 2 2 2 2
left_child=1 3 -3 -1 5 -2 -6
right_child=4 2 -4 -5 6 -7 -8
leaf_value=0.0053236711917347031 -0.011735183983627294 0.0089441043039363236 -0.0023347187800990309 -0.0041977405858536565 0.0059635576538064269 0.0020450730780687404 -0.00031157678204955179
leaf_weight=19 18 31 17 42 22 17 376
leaf_count=19 18 31 17 42 22 17 376
internal_value=0 0.00149011 0.00494952 -0.00123205 -0.000375108 -0.00504192 3.52899e-05
internal_weight=0 109 48 61 433 35 398
internal_count=542 109 48 61 433 35 398
is_linear=0
shrinkage=0.1


Tree=176
num_leaves=5
num_cat=0
split_feature=72 72 87 27
split_gain=0.0319466 0.0592544 0.109671 0.0679698
threshold=1.0173103808989519 0.34572530505273286 0.42132096050533818 1.0397207708399181
decision_type=2 2 2 2
left_child=1 3 -3 -1
right_child=-2 2 -4 -5
leaf_value=-0.0033701598584108677 -0.0039222286560107031 -7.0171560295612413e-05 0.0089345558491047659 0.00023745662946573652
leaf_weight=60 20 38 21 403
leaf_count=60 20 38 21 403
internal_value=0 0.000150277 0.0031349 -0.000230053
internal_weight=0 522 59 463
internal_count=542 522 59 463
is_linear=0
shrinkage=0.1


Tree=177
num_leaves=6
num_cat=0
split_feature=41 76 28 96 31
split_gain=0.0312758 0.183508 0.11047 0.0859285 0.062762
threshold=1.9356005054539456 0.14213722011908966 1.5890269151739729 3.0201273556387074 2.3937458713910238
decision_type=2 2 2 2 2
left_child=1 -1 -2 -3 -4
right_child=2 3 4 -5 -6
leaf_value=0.010736462202233572 -0.0070962952753609934 -0.0035894240198725068 -0.0049489006157576419 0.0032099339720683506 0.00031532515898093224
leaf_weight=18 23 41 24 34 402
leaf_count=18 23 41 24 34 402
internal_value=0 0.00166911 -0.000345719 -0.000507048 1.87491e-05
internal_weight=0 93 449 75 426
internal_count=542 93 449 75 426
is_linear=0
shrinkage=0.1


Tree=178
num_leaves=4
num_cat=0
split_feature=22 31 35
split_gain=0.0305297 0.0401843 0.0587863
threshold=5.8916289495434491 7.546962839272358 6.5278895158303181
decision_type=2 2 2
left_child=1 2 -1
right_child=-2 -3 -4
leaf_value=0.00048180709999729474 -0.0038342659457703122 0.0041436103856540285 -0.0022834694597526992
leaf_weight=403 20 24 95
leaf_count=403 20 24 95
internal_value=0 0.000146907 -4.57055e-05
internal_weight=0 522 498
internal_count=542 522 498
is_linear=0
shrinkage=0.1


Tree=179
num_leaves=4
num_cat=0
split_feature=33 29 26
split_gain=0.028354 0.0493609 0.0497254
threshold=5.752527285294831 5.2413969583361579 5.081385075233106
decision_type=2 2 2
left_child=1 2 -1
right_child=-2 -3 -4
leaf_value=0.00014440296366421095 -0.004019417170681717 0.0042153322906675122 -0.0041937215935571922
leaf_weight=469 17 28 28
leaf_count=469 17 28 28
internal_value=0 0.000130153 -9.99984e-05
internal_weight=0 525 497
internal_count=542 525 497
is_linear=0
shrinkage=0.1


Tree=180
num_leaves=5
num_cat=0
split_feature=85 87 3 102
split_gain=0.02851 0.0437266 0.177245 0.0813454
threshold=0.68555221698570346 0.49722776334922386 2.191013317336941 1.0397207708399181
decision_type=2 2 2 2
left_child=1 3 -3 -1
right_child=-2 2 -4 -5
leaf_value=0.004142503541063618 -0.002895401153364219 -0.005972069400646117 0.0038321061371212268 -0.00078332789591350539
leaf_weight=37 32 23 93 357
leaf_count=37 32 23 93 357
internal_value=0 0.000181672 0.00188817 -0.00032075
internal_weight=0 510 116 394
internal_count=542 510 116 394
is_linear=0
shrinkage=0.1


Tree=181
num_leaves=5
num_cat=0
split_feature=49 48 104 53
split_gain=0.0285581 0.0319876 0.117145 0.0527365
threshold=5.6629363669001869 5.0688844241303981 4.3693677306817369 2.8477523405893534
decision_type=2 2 2 2
left_child=1 3 -3 -1
right_child=-2 2 -4 -5
leaf_value=-0.00038004225033985034 0.0035290279510346331 -0.0090842935457153048 0.00040279391308084751 0.0023457143624413717
leaf_weight=367 22 18 47 88
leaf_count=367 22 18 47 88
internal_value=0 -0.000149305 -0.0022244 0.000147137
internal_weight=0 520 65 455
internal_count=542 520 65 455
is_linear=0
shrinkage=0.1


Tree=182
num_leaves=4
num_cat=0
split_feature=65 65 59
split_gain=0.0291101 0.0990718 0.083468
threshold=1.1167106518140393 1.8552669399515371 3.2951505240983434
decision_type=2 2 2
left_child=-1 -2 -3
right_child=1 2 -4
leaf_value=0.0039541356559816962 -0.0057155458217797188 0.0029384671313851911 -0.00041466154076942423
leaf_weight=18 30 91 403
leaf_count=18 30 91 403
internal_value=0 -0.000135829 0.00020302
internal_weight=0 524 494
internal_count=542 524 494
is_linear=0
shrinkage=0.1


Tree=183
num_leaves=8
num_cat=0
split_feature=57 45 44 44 60 32 4
split_gain=0.0303771 0.15279 0.244334 0.157942 0.107642 0.199649 0.180144
threshold=1.5702341610064872 2.8617925509761908 2.3937458713910238 3.5972184255501678 2.656602989520894 2.191013317336941 2.8314802400679731
decision_type=2 2 2 2 2 2 2
left_child=1 2 -1 -3 5 -2 -6
right_child=4 3 -4 -5 6 -7 -8
leaf_value=-0.0049517707614642054 -0.002204319579888963 -0.012931097445406898 0.011306707869823043 -0.0014668177029617676 -0.0073313849468831906 0.012312604085309431 0.00048356130295558171
leaf_weight=18 18 17 19 41 32 20 377
leaf_count=18 18 17 19 41 32 20 377
internal_value=0 -0.00162392 0.00339718 -0.00482704 0.000345129 0.00543617 -0.000127877
internal_weight=0 95 37 58 447 38 409
internal_count=542 95 37 58 447 38 409
is_linear=0
shrinkage=0.1


Tree=184
num_leaves=6
num_cat=0
split_feature=65 61 44 69 23
split_gain=0.0349855 0.0935284 0.261939 0.167005 0.080613
threshold=1.7117994589482233 2.0929507295850684 3.5408542930527882 3.0251604628081092 2.191013317336941
decision_type=2 2 2 2 2
left_child=4 2 -2 -3 -1
right_child=1 3 -4 -5 -6
leaf_value=-0.0017199775158789838 -0.010713081967721871 0.0052815002536276716 0.0027274473987776659 -0.00046968976271529801 0.0077441667723986835
leaf_weight=18 29 58 29 390 18
leaf_count=18 29 58 29 390 18
internal_value=0 -0.000214299 -0.00399282 0.000274884 0.00301209
internal_weight=0 506 58 448 36
internal_count=542 506 58 448 36
is_linear=0
shrinkage=0.1


Tree=185
num_leaves=4
num_cat=0
split_feature=68 68 46
split_gain=0.0293706 0.0548128 0.0528558
threshold=2.852716472045087 3.0387720681864785 2.524928003624769
decision_type=2 2 2
left_child=-1 -2 -3
right_child=1 2 -4
leaf_value=0.0040908315328552448 -0.0055553340450084461 0.0015169426204544676 -0.00065552218373127018
leaf_weight=17 18 167 340
leaf_count=17 18 167 340
internal_value=0 -0.000132465 6.00629e-05
internal_weight=0 525 507
internal_count=542 525 507
is_linear=0
shrinkage=0.1


Tree=186
num_leaves=5
num_cat=0
split_feature=23 18 104 18
split_gain=0.0278922 0.0429783 0.132856 0.130264
threshold=7.8332668616847121 3.9701138825728512 2.6735537653587347 3.1984648276080736
decision_type=2 2 2 2
left_child=1 3 -3 -1
right_child=-2 2 -4 -5
leaf_value=0.00054192695687675467 -0.0038705385322423862 0.0092879979981501642 0.00045198670811979732 -0.0040886441272151167
leaf_weight=263 18 19 163 79
leaf_count=263 18 19 163 79
internal_value=0 0.000132957 0.00137443 -0.000527708
internal_weight=0 524 182 342
internal_count=542 524 182 342
is_linear=0
shrinkage=0.1


Tree=187
num_leaves=7
num_cat=0
split_feature=57 33 35 26 33 18
split_gain=0.0285129 0.139638 0.110951 0.0925078 0.249312 0.187682
threshold=1.5702341610064872 3.2951505240983434 4.8079027400421745 2.524928003624769 2.7058230259275202 3.5549397315361362
decision_type=2 2 2 2 2 2
left_child=1 2 -1 4 -2 -5
right_child=3 -3 -4 5 -6 -7
leaf_value=-0.0019633660028549904 -0.00090188015828749572 -0.007818955985399393 0.0066412262978370901 -0.0046831843594695071 0.0079495866254616823 0.00086410459468227248
leaf_weight=47 82 26 22 83 52 230
leaf_count=47 82 26 22 83 52 230
internal_value=0 -0.00157331 0.000780127 0.000334372 0.00253302 -0.000606902
internal_weight=0 95 69 447 134 313
internal_count=542 95 69 447 134 313
is_linear=0
shrinkage=0.1


Tree=188
num_leaves=6
num_cat=0
split_feature=65 61 44 69 39
split_gain=0.0270435 0.0729887 0.209316 0.139594 0.0681211
threshold=1.7117994589482233 2.0929507295850684 3.5408542930527882 3.0251604628081092 2.5619819897016298
decision_type=2 2 2 2 2
left_child=4 2 -2 -3 -1
right_child=1 3 -4 -5 -6
leaf_value=-0.0014664613666306985 -0.009533758316959802 0.0048210720441320201 0.0024810708208202292 -0.0004370014313817359 0.0072470048332915595
leaf_weight=19 29 58 29 390 17
leaf_count=19 29 58 29 390 17
internal_value=0 -0.000188412 -0.00352634 0.000243731 0.00264823
internal_weight=0 506 58 448 36
internal_count=542 506 58 448 36
is_linear=0
shrinkage=0.1


Tree=189
num_leaves=6
num_cat=0
split_feature=12 52 14 13 102
split_gain=0.0271622 0.332082 0.198524 0.162213 0.0803831
threshold=3.8499212036984933 3.5408542930527882 3.4334666422309414 3.5972184255501678 5.5333191811709055
decision_type=2 2 2 2 2
left_child=2 -2 3 -1 -3
right_child=1 4 -4 -5 -6
leaf_value=-0.00050299762068641224 0.013822737791472013 -0.0058644569762375046 -0.0085352016701202467 0.0096441322937607776 0.00032411792707231753
leaf_weight=215 18 23 29 17 240
leaf_count=215 18 23 29 17 240
internal_value=0 0.00068226 -0.000734541 0.000240542 -0.000217088
internal_weight=0 281 261 232 263
internal_count=542 281 261 232 263
is_linear=0
shrinkage=0.1


Tree=190
num_leaves=4
num_cat=0
split_feature=29 31 57
split_gain=0.025947 0.0523486 0.0455647
threshold=5.752527285294831 7.546962839272358 2.4961374085351564
decision_type=2 2 2
left_child=1 2 -1
right_child=-2 -3 -4
leaf_value=0.00091818746227910063 -0.0038450219723231652 0.0047896041071710544 -0.00099021117719118746
leaf_weight=237 17 23 265
leaf_count=237 17 23 265
internal_value=0 0.000124505 -8.92341e-05
internal_weight=0 525 502
internal_count=542 525 502
is_linear=0
shrinkage=0.1


Tree=191
num_leaves=7
num_cat=0
split_feature=16 0 30 57 21 54
split_gain=0.0285963 0.328371 0.156467 0.194631 0.146397 0.114771
threshold=3.6632328069201612 3.1132683346437333 3.0201273556387074 2.5046937704327719 3.2951505240983434 3.4960482137079443
decision_type=2 2 2 2 2 2
left_child=2 -2 4 -4 -1 -3
right_child=1 5 3 -5 -6 -7
leaf_value=-0.00035602600363307394 0.01337160173999636 -0.0077144813968947059 -0.0014201330713545666 -0.013991268268889851 0.0089223205307988745 0.00033043176813236669
leaf_weight=162 19 19 39 18 19 266
leaf_count=162 19 19 39 18 19 266
internal_value=0 0.000642698 -0.000820925 -0.00538997 0.000617944 -0.000205896
internal_weight=0 304 238 57 181 285
internal_count=542 304 238 57 181 285
is_linear=0
shrinkage=0.1


Tree=192
num_leaves=8
num_cat=0
split_feature=4 56 37 1 1 8 88
split_gain=0.0286274 0.117899 0.195234 0.113047 0.124726 0.106784 0.0725886
threshold=2.8314802400679731 2.5453390008848964 2.191013317336941 2.9174053685313028 2.524928003624769 2.191013317336941 0.68376670610559087
decision_type=2 2 2 2 2 2 2
left_child=1 5 -3 4 -2 -1 -5
right_child=3 2 -4 6 -6 -7 -8
leaf_value=-0.0016148058813996613 -4.9583251719646479e-05 0.0019825565371908906 -0.012433131544717722 -8.1438926691595695e-05 0.0074417763541257667 0.005547477906414619 -0.0064564206392357234
leaf_weight=68 46 17 21 298 43 30 19
leaf_count=68 46 17 21 298 43 30 19
internal_value=0 -0.0012557 -0.00598401 0.000420627 0.00356984 0.00057773 -0.000463536
internal_weight=0 136 38 406 89 98 317
internal_count=542 136 38 406 89 98 317
is_linear=0
shrinkage=0.1


Tree=193
num_leaves=6
num_cat=0
split_feature=104 104 55 57 58
split_gain=0.0293691 0.222399 0.103464 0.0732955 0.0480539
threshold=4.3437210834879627 4.1510089048756029 3.7132745361986528 2.8365693976244968 3.5972184255501678
decision_type=2 2 2 2 2
left_child=1 3 -2 -1 -4
right_child=2 -3 4 -5 -6
leaf_value=-0.00054363748075527969 0.0080990633742961411 -0.010119278421220573 -0.0048892747660455134 0.0041956937332686631 0.00063358997899042664
leaf_weight=231 18 23 17 38 215
leaf_count=231 18 23 17 38 215
internal_value=0 -0.000681121 0.000795549 0.000125859 0.000228897
internal_weight=0 292 250 269 232
internal_count=542 292 250 269 232
is_linear=0
shrinkage=0.1


Tree=194
num_leaves=8
num_cat=0
split_feature=57 45 44 44 60 32 4
split_gain=0.0274673 0.12719 0.186663 0.113313 0.0740832 0.144135 0.123829
threshold=1.5702341610064872 2.8617925509761908 2.3937458713910238 3.5972184255501678 2.656602989520894 2.191013317336941 2.8314802400679731
decision_type=2 2 2 2 2 2 2
left_child=1 2 -1 -3 5 -2 -6
right_child=4 3 -4 -5 6 -7 -8
leaf_value=-0.0042604157131993113 -0.001940184660876791 -0.011330904179553994 0.0099503228146778921 -0.001620516642110377 -0.0060365787041519077 0.010394425861304627 0.0004427141349859794
leaf_weight=18 18 17 19 41 32 20 377
leaf_count=18 18 17 19 41 32 20 377
internal_value=0 -0.00154419 0.00303699 -0.00446666 0.000328183 0.00455172 -6.42232e-05
internal_weight=0 95 37 58 447 38 409
internal_count=542 95 37 58 447 38 409
is_linear=0
shrinkage=0.1


Tree=195
num_leaves=5
num_cat=0
split_feature=68 10 9 2
split_gain=0.028987 0.044544 0.146686 0.0978889
threshold=2.852716472045087 2.3937458713910238 3.1984648276080736 2.8314802400679731
decision_type=2 2 2 2
left_child=-1 2 -2 -3
right_child=1 3 -4 -5
leaf_value=0.0040640346377211461 -0.00047316214211819255 0.0037703656762864235 -0.010325651818557699 -0.00033556260877715734
leaf_weight=17 136 72 17 300
leaf_count=17 136 72 17 300
internal_value=0 -0.000131597 -0.00156788 0.000459133
internal_weight=0 525 153 372
internal_count=542 525 153 372
is_linear=0
shrinkage=0.1


Tree=196
num_leaves=8
num_cat=0
split_feature=50 21 25 80 47 40 46
split_gain=0.02604 0.0884658 0.304998 0.137139 0.0765126 0.190073 0.131782
threshold=2.3937458713910238 2.602003343538398 2.8029010331479989 0.90444344654717002 3.6632328069201612 3.1132683346437333 2.524928003624769
decision_type=2 2 2 2 2 2 2
left_child=1 3 -3 -1 6 -6 -2
right_child=4 2 -4 -5 5 -7 -8
leaf_value=-0.00054840679137179479 0.00042662064741558301 -0.014651747637738785 -0.00050072688397697436 0.0093150101272234075 0.0091647513242888046 0.00049064904299911535 -0.0072593773296102879
leaf_weight=65 87 18 99 18 29 196 30
leaf_count=65 87 18 99 18 29 196 30
internal_value=0 -0.000906398 -0.00267781 0.00159065 0.000530058 0.00160864 -0.00154415
internal_weight=0 200 117 83 342 225 117
internal_count=542 200 117 83 342 225 117
is_linear=0
shrinkage=0.1


Tree=197
num_leaves=4
num_cat=0
split_feature=72 72 42
split_gain=0.0281213 0.0545814 0.0448258
threshold=0.80260924844569626 0.5558098587716187 2.8314802400679731
decision_type=2 2 2
left_child=1 2 -1
right_child=-2 -3 -4
leaf_value=-0.0011368707849472247 -0.0031458628883464612 0.0054248937552696785 0.00078479552516333743
leaf_weight=212 27 19 284
leaf_count=212 27 19 284
internal_value=0 0.000164929 -3.65618e-05
internal_weight=0 515 496
internal_count=542 515 496
is_linear=0
shrinkage=0.1


Tree=198
num_leaves=4
num_cat=0
split_feature=33 10 39
split_gain=0.0267795 0.0379086 0.0386874
threshold=5.752527285294831 5.8346568198688402 6.2709866451262153
decision_type=2 2 2
left_child=1 2 -1
right_child=-2 -3 -4
leaf_value=0.00047137520105982396 -0.0039062205140533695 0.0046362831774685118 -0.0015446451454108039
leaf_weight=380 17 18 127
leaf_count=380 17 18 127
internal_value=0 0.000126487 -3.3624e-05
internal_weight=0 525 507
internal_count=542 525 507
is_linear=0
shrinkage=0.1


Tree=199
num_leaves=5
num_cat=0
split_feature=23 53 75 53
split_gain=0.0267643 0.0368157 0.0856938 0.061509
threshold=7.8332668616847121 3.573502794434515 4.9522934739897151 3.1914737186377642
decision_type=2 2 2 2
left_child=1 3 -3 -1
right_child=-2 2 -4 -5
leaf_value=0.000102487945223002 -0.0037914702694656121 -0.007446778197772801 0.0015974792660100236 0.0050150172302016512
leaf_weight=455 18 20 22 27
leaf_count=455 18 20 22 27
internal_value=0 0.000130241 -0.00270931 0.000377671
internal_weight=0 524 42 482
internal_count=542 524 42 482
is_linear=0
shrinkage=0.1


Tree=200
num_leaves=4
num_cat=0
split_feature=65 69 69
split_gain=0.0255794 0.0625287 0.080783
threshold=1.1167106518140393 1.7932213702787114 2.2499382849278535
decision_type=2 2 2
left_child=-1 -2 -3
right_child=1 2 -4
leaf_value=0.0037065920575211444 -0.0052256667743558471 0.0063340147730195891 -0.00015220086361579754
leaf_weight=18 23 20 481
leaf_count=18 23 20 481
internal_value=0 -0.000127326 0.00010673
internal_weight=0 524 501
internal_count=542 524 501
is_linear=0
shrinkage=0.1


Tree=201
num_leaves=7
num_cat=0
split_feature=87 87 61 13 88 85
split_gain=0.0249879 0.0891513 0.146905 0.0937828 0.0759305 0.0745336
threshold=1.0000000180025095e-35 0.22311168043172666 2.984508386406493 1.0397207708399181 0.65418046831921017 0.62972296850805487
decision_type=2 2 2 2 2 2
left_child=4 2 -2 -3 5 -1
right_child=1 3 -4 -5 -6 -7
leaf_value=-0.00041314115676959362 -0.0096876241051806859 -0.0052424114613261611 0.0012838574936208519 0.00094456551165904431 0.0053392366401009989 0.0064582379849846749
leaf_weight=221 26 28 23 196 31 17
leaf_count=221 26 28 23 196 31 17
internal_value=0 -0.000674001 -0.00453774 0.000171193 0.000684023 7.76716e-05
internal_weight=0 273 49 224 269 238
internal_count=542 273 49 224 269 238
is_linear=0
shrinkage=0.1


Tree=202
num_leaves=6
num_cat=0
split_feature=65 23 61 44 69
split_gain=0.0246338 0.0555465 0.0535761 0.167391 0.11344
threshold=1.7117994589482233 2.191013317336941 2.0929507295850684 3.5408542930527882 3.0251604628081092
decision_type=2 2 2 2 2
left_child=1 -1 3 -2 -4
right_child=2 -3 4 -5 -6
leaf_value=-0.0014005548165490231 -0.0084118177552290011 0.0064555432750946946 0.0043167375788847311 0.0023325796239078047 -0.00042323760645022286
leaf_weight=18 29 18 58 29 390
leaf_count=18 29 18 58 29 390
internal_value=0 0.00252749 -0.000179822 -0.00303962 0.00019042
internal_weight=0 36 506 58 448
internal_count=542 36 506 58 448
is_linear=0
shrinkage=0.1


Tree=203
num_leaves=7
num_cat=0
split_feature=84 84 43 89 43 101
split_gain=0.0231011 0.147823 0.0910863 0.188577 0.106503 0.0460821
threshold=0.63871564905141709 0.66033519827623854 6.025819296111556 0.32239255231084707 5.7838204485795197 5.8998936005190545
decision_type=2 2 2 2 2 2
left_child=2 -2 4 -4 -1 -3
right_child=1 5 3 -5 -6 -7
leaf_value=-0.0001105174114481693 -0.0098358079955420084 0.0025421739348010825 0.0059617752506996372 -0.0022804588691898338 -0.0076264171861112123 -0.0035053979100969934
leaf_weight=329 17 42 70 46 20 18
leaf_count=329 17 42 70 46 20 18
internal_value=0 -0.00160435 0.000265666 0.0026933 -0.000541228 0.000727902
internal_weight=0 77 465 116 349 60
internal_count=542 77 465 116 349 60
is_linear=0
shrinkage=0.1


Tree=204
num_leaves=8
num_cat=0
split_feature=57 45 44 51 26 19 26
split_gain=0.0241598 0.107905 0.1548 0.0818015 0.0630628 0.181925 0.135743
threshold=1.5702341610064872 2.8617925509761908 2.3937458713910238 2.5619819897016298 2.524928003624769 3.4334666422309414 3.3667009459186801
decision_type=2 2 2 2 2 2 2
left_child=1 2 -1 -3 5 -2 -6
right_child=4 3 -4 -5 6 -7 -8
leaf_value=-0.0038740841620084317 -0.0014531212102999722 -0.0087727847792532145 0.0090670840949506355 -0.0010956954038036722 -0.0047021252057347146 0.0059194137743683178 0.0005552198393695382
leaf_weight=18 69 23 19 35 61 65 252
leaf_count=18 69 23 19 35 61 65 252
internal_value=0 -0.00144823 0.00277138 -0.00414006 0.00030779 0.00212311 -0.000469375
internal_weight=0 95 37 58 447 134 313
internal_count=542 95 37 58 447 134 313
is_linear=0
shrinkage=0.1


Tree=205
num_leaves=5
num_cat=0
split_feature=68 4 29 1
split_gain=0.0251605 0.0372887 0.111566 0.0967715
threshold=2.852716472045087 2.8314802400679731 1.5890269151739731 2.9174053685313028
decision_type=2 2 2 2
left_child=-1 2 -2 -3
right_child=1 3 -4 -5
leaf_value=0.0037863039575955445 0.0028959361848899644 0.0032699680940078742 -0.0037066762253196057 -0.00047829615691554074
leaf_weight=17 37 88 83 317
leaf_count=17 37 88 83 317
internal_value=0 -0.000122604 -0.00167087 0.000336142
internal_weight=0 525 120 405
internal_count=542 525 120 405
is_linear=0
shrinkage=0.1


Tree=206
num_leaves=5
num_cat=0
split_feature=66 25 38 104
split_gain=0.0232632 0.0508385 0.0728823 0.0456506
threshold=4.9485334923666038 5.1298812082267613 4.9199542854466296 5.1059271080903725
decision_type=2 2 2 2
left_child=1 2 -1 -3
right_child=-2 3 -4 -5
leaf_value=-0.00032304574202018281 0.0029185901789997633 -0.0071398681078694362 0.0035153929591095743 -6.8513676524162296e-06
leaf_weight=424 26 19 56 17
leaf_count=424 26 19 56 17
internal_value=0 -0.000147061 0.000124772 -0.0037715
internal_weight=0 516 480 36
internal_count=542 516 480 36
is_linear=0
shrinkage=0.1


Tree=207
num_leaves=7
num_cat=0
split_feature=54 34 22 70 40 52
split_gain=0.0236842 0.0823272 0.141472 0.0664895 0.191429 0.124685
threshold=2.191013317336941 3.8499212036984933 2.3937458713910238 3.2771177353616316 3.7609296261008152 3.5408542930527882
decision_type=2 2 2 2 2 2
left_child=1 2 -1 4 -2 -5
right_child=3 -3 -4 5 -6 -7
leaf_value=-0.00016162865915306148 0.00015384955704212191 -0.005075812524506439 0.0082786966183479756 0.0068849081925761238 -0.011421989686787129 -0.00030228808647966794
leaf_weight=63 50 17 29 26 20 337
leaf_count=63 50 17 29 26 20 337
internal_value=0 0.00131753 0.00249891 -0.000331665 -0.00315353 0.000212497
internal_weight=0 109 92 433 70 363
internal_count=542 109 92 433 70 363
is_linear=0
shrinkage=0.1


Tree=208
num_leaves=5
num_cat=0
split_feature=72 54 98 10
split_gain=0.0236119 0.0447822 0.123209 0.0669916
threshold=0.80260924844569626 2.191013317336941 6.2970669235549011 2.3937458713910238
decision_type=2 2 2 2
left_child=1 2 -1 -3
right_child=-2 3 -4 -5
leaf_value=-0.0007638600862938566 -0.0028826187416497208 -0.0027846632919767324 0.0069208400628721235 0.00035224263006562576
leaf_weight=54 27 85 34 342
leaf_count=54 27 85 34 342
internal_value=0 0.000151128 0.00220523 -0.0002722
internal_weight=0 515 88 427
internal_count=542 515 88 427
is_linear=0
shrinkage=0.1


Tree=209
num_leaves=5
num_cat=0
split_feature=10 6 18 5
split_gain=0.0227614 0.0390849 0.0697808 0.0608651
threshold=5.9597083565416389 4.6150714996361826 3.9701138825728512 4.317399216745252
decision_type=2 2 2 2
left_child=1 2 -1 -3
right_child=-2 3 -4 -5
leaf_value=-0.00032236739110569671 0.0036012623020831276 -0.006791696429718286 0.0029174734501684289 -0.00068030807193612093
leaf_weight=334 17 20 83 88
leaf_count=334 17 20 83 88
internal_value=0 -0.000116612 0.000322493 -0.00181205
internal_weight=0 525 417 108
internal_count=542 525 417 108
is_linear=0
shrinkage=0.1


Tree=210
num_leaves=8
num_cat=0
split_feature=39 47 87 57 53 59 98
split_gain=0.0232034 0.100258 0.102423 0.0981158 0.110317 0.106131 0.07282
threshold=6.4002353700099741 5.6902681384622422 0.053353963967756303 2.8509497010895113 1.3424540464534973 4.8121513051691478 5.0684095151189146
decision_type=2 2 2 2 2 2 2
left_child=1 6 -3 4 -2 -5 -1
right_child=3 2 -4 5 -6 -7 -8
leaf_value=-0.0054168295177917649 0.0033349408754421508 0.0083792859551914296 0.00061401367959816285 0.0073018267581408669 -0.0058818712155334655 -0.00098379148962871683 9.9965373946664238e-05
leaf_weight=26 17 29 41 22 55 52 300
leaf_count=26 17 29 41 22 55 52 300
internal_value=0 0.000397288 0.00383106 -0.00107757 -0.00370568 0.0014795 -0.000340024
internal_weight=0 396 70 146 72 74 326
internal_count=542 396 70 146 72 74 326
is_linear=0
shrinkage=0.1


Tree=211
num_leaves=6
num_cat=0
split_feature=12 24 98 68 102
split_gain=0.0234307 0.108883 0.0726865 0.127965 0.124718
threshold=1.5890269151739729 1.0397207708399181 6.5595510325509787 3.2913056109507686 4.1430087342023825
decision_type=2 2 2 2 2
left_child=1 -1 4 -4 -2
right_child=2 -3 3 -5 -6
leaf_value=-0.0026409146094951651 -0.0076044858588526654 0.0057579266119071031 0.0080309749650768949 -0.00016498772470696256 0.0016562901186541871
leaf_weight=29 33 33 20 401 26
leaf_count=29 33 33 20 401 26
internal_value=0 0.00182944 -0.000236302 0.000224369 -0.00352347
internal_weight=0 62 480 421 59
internal_count=542 62 480 421 59
is_linear=0
shrinkage=0.1


Tree=212
num_leaves=7
num_cat=0
split_feature=53 40 42 40 44 57
split_gain=0.0214406 0.074733 0.103395 0.062074 0.0642487 0.0610031
threshold=2.1302771365677549 1.5890269151739729 2.8314802400679731 1.5890269151739729 2.7058230259275202 1.9876064085091627
decision_type=2 2 2 2 2 2
left_child=1 5 -3 -2 -5 -1
right_child=3 2 -4 4 -6 -7
leaf_value=0.0091612031775773241 -0.0049400790757499636 -0.0029000851074150497 0.0014142461293575742 0.0043846968029226576 -0.00073461095249365439 0.0011854337697679348
leaf_weight=17 30 84 164 28 197 22
leaf_count=17 30 84 164 28 197 22
internal_value=0 0.000592854 -4.70596e-05 -0.000667252 -9.75415e-05 0.00466205
internal_weight=0 287 248 255 225 39
internal_count=542 287 248 255 225 39
is_linear=0
shrinkage=0.1


Tree=213
num_leaves=4
num_cat=0
split_feature=67 56 70
split_gain=0.021877 0.0839953 0.116503
threshold=2.8314802400679731 1.4451858789480825 2.1190240248559205
decision_type=2 2 2
left_child=-1 -2 -3
right_child=1 2 -4
leaf_value=0.0027220567488776791 -0.0060546818877691812 0.0078059190982266479 -0.00018066178753373206
leaf_weight=28 23 19 472
leaf_count=28 23 19 472
internal_value=0 -0.000148283 0.000128391
internal_weight=0 514 491
internal_count=542 514 491
is_linear=0
shrinkage=0.1


Tree=214
num_leaves=4
num_cat=0
split_feature=12 60 57
split_gain=0.0218669 0.0479178 0.0532183
threshold=6.0473693846339858 5.6378573412431257 3.8703486433065093
decision_type=2 2 2
left_child=1 2 -1
right_child=-2 -3 -4
leaf_value=-0.00015357635612052301 0.0035297936513362565 -0.0042172973423644355 0.0041911424216232269
leaf_weight=468 17 27 30
leaf_count=468 17 27 30
internal_value=0 -0.000114298 0.000108154
internal_weight=0 525 498
internal_count=542 525 498
is_linear=0
shrinkage=0.1


Tree=215
num_leaves=5
num_cat=0
split_feature=53 95 75 5
split_gain=0.0218167 0.0464371 0.0413339 0.0360855
threshold=3.8026168433274292 5.1298812082267613 4.9522934739897151 4.465842055365858
decision_type=2 2 2 2
left_child=1 3 -2 -1
right_child=2 -3 -4 -5
leaf_value=0.00028060733881969359 -0.0057948552899890482 0.0040611957119585113 0.00073554291877718199 -0.0022895760283554124
leaf_weight=411 18 29 21 63
leaf_count=411 18 29 21 63
internal_value=0 0.000176662 -0.00227849 -6.09993e-05
internal_weight=0 503 39 474
internal_count=542 503 39 474
is_linear=0
shrinkage=0.1


Tree=216
num_leaves=4
num_cat=0
split_feature=10 10 88
split_gain=0.0222731 0.0386457 0.0270781
threshold=5.8916289495434491 5.6221699441047184 0.65418046831921017
decision_type=2 2 2
left_child=1 2 -1
right_child=-2 -3 -4
leaf_value=-0.00023486557325693038 0.0032749993912875655 -0.0046784423252878094 0.0020124169631448928
leaf_weight=443 20 18 61
leaf_count=443 20 18 61
internal_value=0 -0.000125479 3.7127e-05
internal_weight=0 522 504
internal_count=542 522 504
is_linear=0
shrinkage=0.1


Tree=217
num_leaves=6
num_cat=0
split_feature=97 5 25 97 78
split_gain=0.0214171 0.0757874 0.0558064 0.0528004 0.0302957
threshold=7.0422800591340273 4.6539149966267201 5.1298812082267613 7.2402896000756645 0.47558568113176086
decision_type=2 2 2 2 2
left_child=1 2 -1 -2 -5
right_child=3 -3 -4 4 -6
leaf_value=0.00033346754276652302 0.0057932001472051657 -0.0050567948259882664 -0.004956161134621306 0.0023877905311167069 -0.0017403274960815906
leaf_weight=397 21 31 21 32 40
leaf_count=397 21 31 21 32 40
internal_value=0 -0.000286088 6.77206e-05 0.00138122 9.43916e-05
internal_weight=0 449 418 93 72
internal_count=542 449 418 93 72
is_linear=0
shrinkage=0.1


Tree=218
num_leaves=4
num_cat=0
split_feature=20 24 29
split_gain=0.0224088 0.0484695 0.0426733
threshold=6.0049923831196965 5.6240109897038941 5.1298812082267613
decision_type=2 2 2
left_child=1 2 -1
right_child=-2 -3 -4
leaf_value=-9.0324005880247879e-05 0.0033735239498415277 -0.0045121887538698505 0.0048689676500442954
leaf_weight=481 19 24 18
leaf_count=481 19 24 18
internal_value=0 -0.000122556 8.85683e-05
internal_weight=0 523 499
internal_count=542 523 499
is_linear=0
shrinkage=0.1


Tree=219
num_leaves=4
num_cat=0
split_feature=35 39 23
split_gain=0.0216818 0.0551607 0.0442321
threshold=7.7397808239352983 7.5120616903677684 7.4949786637559042
decision_type=2 2 2
left_child=1 2 -1
right_child=-2 -3 -4
leaf_value=0.00025498670422234403 0.0030749537728049538 -0.0057324741679408101 -0.0044333572588151409
leaf_weight=482 22 17 21
leaf_count=482 22 17 21
internal_value=0 -0.000130094 5.92507e-05
internal_weight=0 520 503
internal_count=542 520 503
is_linear=0
shrinkage=0.1


Tree=220
num_leaves=6
num_cat=0
split_feature=104 104 99 79 12
split_gain=0.0213679 0.164114 0.0679703 0.0665065 0.060455
threshold=4.3437210834879627 4.1510089048756029 1.2424533248940006 3.3315663479954023 3.891612008168019
decision_type=2 2 2 2 2
left_child=1 3 -2 -1 -4
right_child=2 -3 4 -5 -6
leaf_value=0.0005333108621078035 0.0056252284152433279 -0.0086886132338448701 -0.0040501345073183379 -0.0057593588717281818 0.00077189164339170723
leaf_weight=251 25 23 30 18 195
leaf_count=251 25 23 30 18 195
internal_value=0 -0.000580978 0.000678582 0.00011224 0.000128955
internal_weight=0 292 250 269 225
internal_count=542 292 250 269 225
is_linear=0
shrinkage=0.1


Tree=221
num_leaves=6
num_cat=0
split_feature=82 77 38 14 74
split_gain=0.0202785 0.101408 0.078165 0.108042 0.0629087
threshold=0.32974294883386152 2.8888261616113287 1.7005986908310777 0.89587973461402759 0.80471895621705036
decision_type=2 2 2 2 2
left_child=2 -2 -1 -4 -3
right_child=1 4 3 -5 -6
leaf_value=0.0052734406349519572 -0.0063668750850151157 -0.00061776751360964567 -0.0058014105555826223 0.00062527911416267743 0.0048659716558177024
leaf_weight=31 28 163 29 267 24
leaf_count=31 28 163 29 267 24
internal_value=0 -0.00075435 0.000495979 -4.36278e-06 8.60279e-05
internal_weight=0 215 327 296 187
internal_count=542 215 327 296 187
is_linear=0
shrinkage=0.1


Tree=222
num_leaves=4
num_cat=0
split_feature=85 48 87
split_gain=0.020475 0.0351164 0.0300471
threshold=0.68555221698570346 5.4204958404047412 0.49722776334922386
decision_type=2 2 2
left_child=1 2 -1
right_child=-2 -3 -4
leaf_value=-0.00050651117454725573 -0.0024537043267628179 0.0033087595619938591 0.001360172976686133
leaf_weight=364 32 33 113
leaf_count=364 32 33 113
internal_value=0 0.000153958 -6.42988e-05
internal_weight=0 510 477
internal_count=542 510 477
is_linear=0
shrinkage=0.1


Tree=223
num_leaves=7
num_cat=0
split_feature=12 36 98 67 102 40
split_gain=0.0186395 0.0905031 0.0638317 0.106842 0.0960478 0.0405689
threshold=1.5890269151739729 2.5619819897016298 6.5595510325509787 3.4960482137079443 4.1430087342023825 1.0397207708399181
decision_type=2 2 2 2 2 2
left_child=1 5 4 -4 -2 -1
right_child=2 -3 3 -5 -6 -7
leaf_value=0.0016188124304308612 -0.0068725561564364898 0.0058418462102833605 0.0077587528930356106 -0.00011573845047443625 0.0012543635030921837 -0.0052897387951174211
leaf_weight=17 33 28 18 403 26 17
leaf_count=17 33 28 18 403 26 17
internal_value=0 0.00163171 -0.000210762 0.000220938 -0.0032912 -0.00183546
internal_weight=0 62 480 421 59 34
internal_count=542 62 480 421 59 34
is_linear=0
shrinkage=0.1


Tree=224
num_leaves=4
num_cat=0
split_feature=67 56 70
split_gain=0.0208864 0.0764316 0.0991438
threshold=2.8314802400679731 1.4451858789480825 2.1190240248559205
decision_type=2 2 2
left_child=-1 -2 -3
right_child=1 2 -4
leaf_value=0.0026597104900117434 -0.0057790789672214054 0.0072015317451012764 -0.00016606393536815217
leaf_weight=28 23 19 472
leaf_count=28 23 19 472
internal_value=0 -0.000144887 0.000119037
internal_weight=0 514 491
internal_count=542 514 491
is_linear=0
shrinkage=0.1


Tree=225
num_leaves=7
num_cat=0
split_feature=31 65 68 43 47 30
split_gain=0.0189403 0.131734 0.0872668 0.0746187 0.135483 0.122022
threshold=4.6199495871088647 2.2262376531522823 4.1972535103213762 4.6819597299522426 5.272986409146923 2.9174053685313028
decision_type=2 2 2 2 2 2
left_child=3 -2 -3 5 -5 -1
right_child=1 2 -4 4 -6 -7
leaf_value=0.001243312365343292 0.0090537259752369106 -0.0031504185582675484 0.00090971441361536835 -0.011389232895282262 0.00049683330368927936 -0.0060519805178046232
leaf_weight=152 17 68 239 17 22 27
leaf_count=152 17 68 239 17 22 27
internal_value=0 0.000484897 1.04016e-05 -0.000720673 -0.00468427 0.000142905
internal_weight=0 324 307 218 39 179
internal_count=542 324 307 218 39 179
is_linear=0
shrinkage=0.1


Tree=226
num_leaves=5
num_cat=0
split_feature=53 59 42 25
split_gain=0.0188507 0.0386309 0.0351254 0.0327029
threshold=3.8026168433274292 5.8005780491822945 2.524928003624769 4.8361559147623279
decision_type=2 2 2 2
left_child=1 3 -2 -1
right_child=2 -3 -4 -5
leaf_value=0.0002829474868965061 0.00080714600160717957 0.0043627462394180755 -0.005196994592092539 -0.0022679009125567973
leaf_weight=425 20 21 19 57
leaf_count=425 20 21 19 57
internal_value=0 0.000164215 -0.00211795 -1.87089e-05
internal_weight=0 503 39 482
internal_count=542 503 39 482
is_linear=0
shrinkage=0.1


Tree=227
num_leaves=7
num_cat=0
split_feature=42 84 95 39 43 28
split_gain=0.0204976 0.116057 0.0716261 0.066805 0.119985 0.0903493
threshold=2.8314802400679731 0.11818009815304052 1.9356005054539456 6.4002353700099741 5.5012498806127832 4.7003150492096575
decision_type=2 2 2 2 2 2
left_child=1 2 -1 4 -2 -5
right_child=3 -3 -4 5 -6 -7
leaf_value=-0.004691273791508542 -0.0002294707842520438 -0.0067443601446159716 0.00083008849702631408 -0.0050709426344837999 0.0053422305795792794 0.00052897778358898192
leaf_weight=27 100 28 181 40 63 103
leaf_count=27 100 28 181 40 63 103
internal_value=0 -0.000700256 0.000113373 0.000540067 0.00192401 -0.00103743
internal_weight=0 236 208 306 163 143
internal_count=542 236 208 306 163 143
is_linear=0
shrinkage=0.1


Tree=228
num_leaves=7
num_cat=0
split_feature=54 34 34 70 103 52
split_gain=0.0192618 0.070855 0.105285 0.0605753 0.152321 0.0905401
threshold=2.191013317336941 3.8499212036984933 2.524928003624769 3.2771177353616316 1.8688348091416842 3.5408542930527882
decision_type=2 2 2 2 2 2
left_child=1 2 -1 4 -2 -5
right_child=3 -3 -4 5 -6 -7
leaf_value=-0.00036670497634954622 -0.010118120669254237 -0.0047430133666185774 0.006601262473102127 0.005906145335533298 6.1270691530436892e-05 -0.00021837477215632414
leaf_weight=57 21 17 35 26 49 337
leaf_count=57 21 17 35 26 49 337
internal_value=0 0.00118817 0.00228415 -0.000299101 -0.00299255 0.000220296
internal_weight=0 109 92 433 70 363
internal_count=542 109 92 433 70 363
is_linear=0
shrinkage=0.1


Tree=229
num_leaves=5
num_cat=0
split_feature=20 25 36 8
split_gain=0.0194834 0.0396354 0.0532003 0.0523145
threshold=6.0049923831196965 5.1298812082267613 4.9199542854466296 5.1761337726651186
decision_type=2 2 2 2
left_child=1 2 -1 -3
right_child=-2 3 -4 -5
leaf_value=-0.00028991191695292777 0.003145625006015364 -0.0073482080417520863 0.002745393420910157 0.00011402253599260889
leaf_weight=418 19 17 67 21
leaf_count=418 19 17 67 21
internal_value=0 -0.000114277 0.000129398 -0.00322434
internal_weight=0 523 485 38
internal_count=542 523 485 38
is_linear=0
shrinkage=0.1


Tree=230
num_leaves=7
num_cat=0
split_feature=12 36 98 31 68 40
split_gain=0.0184374 0.0809401 0.0543192 0.0875913 0.0808382 0.0361756
threshold=1.5890269151739729 2.5619819897016298 6.5595510325509787 4.7229433450037179 3.2913056109507686 1.0397207708399181
decision_type=2 2 2 2 2 2
left_child=1 5 3 -2 -4 -1
right_child=2 -3 4 -5 -6 -7
leaf_value=0.0016058406600838199 -0.0055026128705191824 0.0056043318871940888 0.0063933742034714665 0.0030049944474526188 -0.00012084398512435878 -0.0049179288832580347
leaf_weight=17 42 28 20 17 401 17
leaf_count=17 42 28 20 17 401 17
internal_value=0 0.00162284 -0.000209616 -0.00305127 0.00018862 -0.00165604
internal_weight=0 62 480 59 421 34
internal_count=542 62 480 59 421 34
is_linear=0
shrinkage=0.1


Tree=231
num_leaves=4
num_cat=0
split_feature=67 56 70
split_gain=0.0213982 0.0640896 0.0733742
threshold=2.8314802400679731 1.4451858789480825 2.1190240248559205
decision_type=2 2 2
left_child=-1 -2 -3
right_child=1 2 -4
leaf_value=0.0026921005320868323 -0.0053059314428221278 0.0061879420309866734 -0.00015023999739688886
leaf_weight=28 23 19 472
leaf_count=28 23 19 472
internal_value=0 -0.000146651 9.50257e-05
internal_weight=0 514 491
internal_count=542 514 491
is_linear=0
shrinkage=0.1


Tree=232
num_leaves=7
num_cat=0
split_feature=12 52 38 50 16 103
split_gain=0.0181872 0.189434 0.117851 0.147286 0.104289 0.0573562
threshold=3.8499212036984933 3.5408542930527882 3.9701138825728512 1.5890269151739729 3.7132745361986528 3.0433873634561537
decision_type=2 2 2 2 2 2
left_child=2 -2 4 -4 -1 -3
right_child=1 5 3 -5 -6 -7
leaf_value=-0.00029367728010666643 0.010482991776532597 0.0048921651872141023 -0.011949004791676999 -0.00036593454245191357 0.0076565139668269295 -0.00055600448076426599
leaf_weight=198 18 21 19 26 18 242
leaf_count=198 18 21 19 26 18 242
internal_value=0 0.000558278 -0.000601058 -0.00525656 0.000368839 -0.00012098
internal_weight=0 281 261 45 216 263
internal_count=542 281 261 45 216 263
is_linear=0
shrinkage=0.1


Tree=233
num_leaves=4
num_cat=0
split_feature=10 10 102
split_gain=0.0178276 0.0268173 0.0265204
threshold=5.8916289495434491 5.6221699441047184 7.4940991234135375
decision_type=2 2 2
left_child=1 2 -1
right_child=-2 -3 -4
leaf_value=-0.00017190955159442621 0.0029299933502625209 -0.0039049854333926409 0.0027202162703307458
leaf_weight=470 20 18 34
leaf_count=470 20 18 34
internal_value=0 -0.00011226 2.31942e-05
internal_weight=0 522 504
internal_count=542 522 504
is_linear=0
shrinkage=0.1


Tree=234
num_leaves=6
num_cat=0
split_feature=73 92 41 33 1
split_gain=0.0181062 0.0783227 0.0743921 0.0900436 0.0639235
threshold=1.2424533248940004 4.5414852662510485 1.9356005054539456 3.1345481418531311 2.191013317336941
decision_type=2 2 2 2 2
left_child=2 4 -1 -4 -2
right_child=1 -3 3 -5 -6
leaf_value=0.0058314012790409231 0.0052730471527320339 -0.0065101181179107659 -0.002982122460034097 0.0010368669429918612 -0.0006912823262003561
leaf_weight=24 20 21 74 226 177
leaf_count=24 20 21 74 226 177
internal_value=0 -0.000704626 0.0004741 4.55162e-05 -8.57666e-05
internal_weight=0 218 324 300 197
internal_count=542 218 324 300 197
is_linear=0
shrinkage=0.1


Tree=235
num_leaves=8
num_cat=0
split_feature=54 88 29 97 4 97 47
split_gain=0.0196199 0.0611185 0.094373 0.0593987 0.114982 0.0636216 0.0480334
threshold=2.191013317336941 0.22478797469785308 2.3502401828962087 4.1971736807086968 3.7132745361986528 4.9052473428434826 4.7621374077860157
decision_type=2 2 2 2 2 2 2
left_child=1 2 -1 4 -2 -5 -3
right_child=3 6 -4 5 -6 -7 -8
leaf_value=0.0075389313012627626 -0.0052642569743858829 0.0018679165569621893 -0.00020182651383543593 0.0032730405929434145 0.0032897165501543156 -0.00034692952967633263 -0.0046808982811247313
leaf_weight=28 55 21 36 58 22 298 24
leaf_count=28 55 21 36 58 22 298 24
internal_value=0 0.00119917 0.00318476 -0.000301868 -0.00282026 0.000242841 -0.00162478
internal_weight=0 109 64 433 77 356 45
internal_count=542 109 64 433 77 356 45
is_linear=0
shrinkage=0.1


Tree=236
num_leaves=5
num_cat=0
split_feature=72 99 100 10
split_gain=0.0180256 0.0279183 0.105116 0.0359274
threshold=1.0173103808989519 0.89587973461402759 2.7058230259275202 1.2424533248940004
decision_type=2 2 2 2
left_child=1 2 -1 -3
right_child=-2 3 -4 -5
leaf_value=-0.0005242265677424966 -0.0029462212603539231 -0.0030753592226011235 0.0055740599446680132 2.0855358646561704e-05
leaf_weight=91 20 42 41 348
leaf_count=91 20 42 41 348
internal_value=0 0.000112882 0.00136994 -0.000312583
internal_weight=0 522 132 390
internal_count=542 522 132 390
is_linear=0
shrinkage=0.1


Tree=237
num_leaves=6
num_cat=0
split_feature=15 15 11 19 27
split_gain=0.0188965 0.12521 0.102243 0.0724871 0.0595363
threshold=4.6199495871088647 4.2835627800822236 4.6199495871088647 4.1971736807086968 4.1107394736335969
decision_type=2 2 2 2 2
left_child=1 3 -2 -1 -4
right_child=2 -3 4 -5 -6
leaf_value=0.00059158434171105825 -0.0074054450541734696 0.0068404300216633575 -0.005039912233637138 -0.0050150977758069842 0.00035857278028367923
leaf_weight=158 20 29 22 27 286
leaf_count=158 20 29 22 27 286
internal_value=0 0.000731005 -0.000476936 -0.000226688 -2.70333e-05
internal_weight=0 214 328 185 308
internal_count=542 214 328 185 308
is_linear=0
shrinkage=0.1


Tree=238
num_leaves=8
num_cat=0
split_feature=54 88 69 50 4 2 47
split_gain=0.0183012 0.049537 0.0913649 0.0450916 0.13137 0.0648487 0.0368064
threshold=2.191013317336941 0.22478797469785308 2.6150533653702501 2.3937458713910238 3.7132745361986528 2.1383330595080281 4.7621374077860157
decision_type=2 2 2 2 2 2 2
left_child=1 2 -1 4 -2 -5 -3
right_child=3 6 -4 5 -6 -7 -8
leaf_value=0.00058224727361685718 -0.0047878476209007211 0.0016732114588930494 0.0089858302406759724 0.0060298581632148279 0.0016178659850068517 -3.9021994330381093e-06 -0.0040594041017660253
leaf_weight=46 70 21 18 19 59 285 24
leaf_count=46 70 21 18 19 59 285 24
internal_value=0 0.00115817 0.00294575 -0.000291547 -0.0018581 0.000373208 -0.00138418
internal_weight=0 109 64 433 129 304 45
internal_count=542 109 64 433 129 304 45
is_linear=0
shrinkage=0.1


Tree=239
num_leaves=5
num_cat=0
split_feature=23 53 78 53
split_gain=0.0185103 0.0236285 0.0483359 0.0446937
threshold=7.8332668616847121 3.573502794434515 1.6265335948082402 3.1914737186377642
decision_type=2 2 2 2
left_child=1 3 -3 -1
right_child=-2 2 -4 -5
leaf_value=7.1963108596289637e-05 -0.0031530916044074627 -0.0052498812736619426 0.0015659494178467675 0.0042595062754116958
leaf_weight=455 18 23 19 27
leaf_count=455 18 23 19 27
internal_value=0 0.000108312 -0.00216653 0.000306535
internal_weight=0 524 42 482
internal_count=542 524 42 482
is_linear=0
shrinkage=0.1


Tree=240
num_leaves=8
num_cat=0
split_feature=47 23 27 41 92 46 46
split_gain=0.0179367 0.063865 0.0831682 0.0764682 0.0624511 0.107044 0.075553
threshold=4.4425820475484112 4.2625806805327082 4.1430087342023825 3.1984648276080736 4.4421819190971714 2.524928003624769 2.524928003624769
decision_type=2 2 2 2 2 2 2
left_child=4 2 -2 -3 6 -6 -1
right_child=1 3 -4 -5 5 -7 -8
leaf_value=-0.00028022150198177606 0.00059965443151668298 -0.0035976316314190629 0.0089520656797838841 0.0006468639262166738 0.00058568932164354992 -0.0059333348088936571 0.0066732164545867008
leaf_weight=88 32 52 19 231 53 48 19
leaf_count=88 32 52 19 231 53 48 19
internal_value=0 0.000453973 0.00371134 -0.000133043 -0.000728976 -0.00251246 0.000954501
internal_weight=0 334 51 283 208 101 107
internal_count=542 334 51 283 208 101 107
is_linear=0
shrinkage=0.1


Tree=241
num_leaves=5
num_cat=0
split_feature=72 69 95 70
split_gain=0.0190469 0.026457 0.145573 0.145222
threshold=1.0173103808989519 3.2511632931350269 3.4334666422309414 3.2771177353616316
decision_type=2 2 2 2
left_child=1 2 -1 -3
right_child=-2 3 -4 -5
leaf_value=0.00012072350769868176 -0.0030285377986729147 -0.0090966511207322288 0.0099522907560800813 0.00011038320996639939
leaf_weight=132 20 18 17 355
leaf_count=132 20 18 17 355
internal_value=0 0.000116036 0.00124245 -0.000333924
internal_weight=0 522 149 373
internal_count=542 522 149 373
is_linear=0
shrinkage=0.1


Tree=242
num_leaves=7
num_cat=0
split_feature=100 28 27 57 41 47
split_gain=0.0183528 0.0512329 0.0591492 0.0451843 0.0818072 0.0422155
threshold=4.8903208612686422 4.0773937863842606 5.8678744825367568 3.3936600881507899 3.4960482137079443 7.085041847326413
decision_type=2 2 2 2 2 2
left_child=3 -2 -3 5 -5 -1
right_child=1 2 -4 4 -6 -7
leaf_value=0.00045396821671813466 0.0053361951333025237 -0.0041016087764874105 0.0015544120754602262 -0.0082064245202529591 0.0013423076426774703 -0.0024316716499500519
leaf_weight=327 23 25 71 19 17 60
leaf_count=327 23 25 71 19 17 60
internal_value=0 0.00109711 8.149e-05 -0.000308642 -0.0036973 6.58219e-06
internal_weight=0 119 96 423 36 387
internal_count=542 119 96 423 36 387
is_linear=0
shrinkage=0.1


Tree=243
num_leaves=6
num_cat=0
split_feature=82 77 38 14 11
split_gain=0.0167567 0.0808463 0.0515328 0.0639958 0.0512541
threshold=0.32974294883386152 2.8888261616113287 1.7005986908310777 1.2424533248940004 7.3231600434947675
decision_type=2 2 2 2 2
left_child=2 -2 -1 -4 -3
right_child=1 4 3 -5 -6
leaf_value=0.0043299755887053308 -0.0056970490533525923 0.00062139090940555822 -0.0042544445886667217 0.00054750709204148189 -0.0048582700081169607
leaf_weight=31 28 168 31 265 19
leaf_count=31 28 168 31 265 19
internal_value=0 -0.000685725 0.000450859 4.46e-05 6.46339e-05
internal_weight=0 215 327 296 187
internal_count=542 215 327 296 187
is_linear=0
shrinkage=0.1


Tree=244
num_leaves=5
num_cat=0
split_feature=12 17 17 17
split_gain=0.0179388 0.028642 0.0549424 0.0433014
threshold=6.0473693846339858 5.003923783930186 4.7273486598447958 5.2755571088971331
decision_type=2 2 2 2
left_child=1 2 -1 -3
right_child=-2 3 -4 -5
leaf_value=-9.6659869497162839e-05 0.0031970709329470996 -0.0061342186220970599 0.0050211550731381234 -0.00014157186678582522
leaf_weight=451 17 19 22 33
leaf_count=451 17 19 22 33
internal_value=0 -0.000103524 0.000141378 -0.00233119
internal_weight=0 525 473 52
internal_count=542 525 473 52
is_linear=0
shrinkage=0.1


Tree=245
num_leaves=5
num_cat=0
split_feature=44 3 44 12
split_gain=0.0166379 0.0658098 0.062864 0.0449951
threshold=1.0397207708399181 4.7094896185437563 1.9356005054539456 1.5890269151739729
decision_type=2 2 2 2
left_child=1 -1 -2 -4
right_child=2 -3 3 -5
leaf_value=-0.0051565574546758508 0.0047846549922334301 0.0018254188656875933 0.002984189780342371 -0.00041330876856220426
leaf_weight=27 28 27 43 417
leaf_count=27 28 27 43 417
internal_value=0 -0.00166557 0.000184305 -9.57165e-05
internal_weight=0 54 488 460
internal_count=542 54 488 460
is_linear=0
shrinkage=0.1


Tree=246
num_leaves=7
num_cat=0
split_feature=47 47 23 74 29 78
split_gain=0.0170571 0.0711186 0.0669279 0.0751913 0.068376 0.0602902
threshold=3.1345481418531311 2.3937458713910238 4.2625806805327082 0.43477198657540295 3.1984648276080736 0.60901001002574762
decision_type=2 2 2 2 2 2
left_child=1 5 3 -2 -4 -1
right_child=2 -3 4 -5 -6 -7
leaf_value=0.00385105937220942 0.0047291227882669783 -0.0053625234226587805 -0.0029776092863952122 -0.0018936865536185604 0.00046663494994204652 -0.0013546715681289631
leaf_weight=32 60 29 75 24 249 73
leaf_count=32 60 29 75 24 249 73
internal_value=0 -0.000978883 0.000321496 0.00283689 -0.000330644 0.000231837
internal_weight=0 134 408 84 324 105
internal_count=542 134 408 84 324 105
is_linear=0
shrinkage=0.1


Tree=247
num_leaves=6
num_cat=0
split_feature=49 1 57 47 9
split_gain=0.0182079 0.0759079 0.0599695 0.126228 0.0578589
threshold=2.191013317336941 1.9356005054539456 2.8365693976244968 6.5453331453305372 1.9356005054539456
decision_type=2 2 2 2 2
left_child=2 -2 3 -1 -3
right_child=1 4 -4 -5 -6
leaf_value=-0.00011158824631462941 0.0060591843418395996 -0.0055164499777472682 0.0031980921959205138 -0.0078099136157626552 0.0002942756460933928
leaf_weight=89 22 18 28 28 357
leaf_count=89 22 18 28 28 357
internal_value=0 0.000350283 -0.000959051 -0.00195392 1.53608e-05
internal_weight=0 397 145 117 375
internal_count=542 397 145 117 375
is_linear=0
shrinkage=0.1


Tree=248
num_leaves=5
num_cat=0
split_feature=23 17 17 43
split_gain=0.0175247 0.0430039 0.0379629 0.0372023
threshold=7.4730587573469638 5.2755571088971331 4.9628201785886317 6.8458708213115473
decision_type=2 2 2 2
left_child=1 2 -1 -2
right_child=3 -3 -4 -5
leaf_value=0.00013790039594579505 -0.0049152346239203504 0.0044837693689094692 -0.0045431454769439168 0.0011917705935622124
leaf_weight=462 21 22 18 19
leaf_count=462 21 22 18 19
internal_value=0 0.000160511 -3.76388e-05 -0.00201441
internal_weight=0 502 480 40
internal_count=542 502 480 40
is_linear=0
shrinkage=0.1


Tree=249
num_leaves=7
num_cat=0
split_feature=47 47 41 92 46 46
split_gain=0.017445 0.0486819 0.053633 0.0457614 0.0834285 0.0566087
threshold=4.4425820475484112 4.6539149966267201 2.602003343538398 4.4421819190971714 2.524928003624769 2.524928003624769
decision_type=2 2 2 2 2 2
left_child=3 -2 -3 5 -5 -1
right_child=1 2 -4 4 -6 -7
leaf_value=-0.0003466105920035096 0.0056610429358175569 0.0040499325579730792 -0.00026772398999973869 0.00048953871668826014 -0.0052656470943475142 0.0056722632609307773
leaf_weight=88 17 32 285 53 48 19
leaf_count=88 17 32 285 53 48 19
internal_value=0 0.000447707 0.000168128 -0.000718915 -0.0022456 0.000722161
internal_weight=0 334 317 208 101 107
internal_count=542 334 317 208 101 107
is_linear=0
shrinkage=0.1


Tree=250
num_leaves=7
num_cat=0
split_feature=49 42 41 45 1 5
split_gain=0.0169057 0.0613727 0.174349 0.0883031 0.0595765 0.051528
threshold=2.191013317336941 2.740319461670996 2.191013317336941 3.4334666422309414 1.9356005054539456 2.524928003624769
decision_type=2 2 2 2 2 2
left_child=1 2 -1 -3 -2 -6
right_child=4 3 -4 -5 5 -7
leaf_value=0.0014664354173604538 0.0053951499496840624 0.0057852000657779481 -0.010682523691849341 -0.0012068867166717984 -0.003399863765121271 0.00044017429053859643
leaf_weight=27 22 24 21 73 39 336
leaf_count=27 22 24 21 73 39 336
internal_value=0 -0.000924118 -0.00384873 0.000523114 0.000337524 4.08103e-05
internal_weight=0 145 48 97 397 375
internal_count=542 145 48 97 397 375
is_linear=0
shrinkage=0.1


Tree=251
num_leaves=5
num_cat=0
split_feature=72 72 87 27
split_gain=0.0169535 0.0321286 0.0566247 0.0359244
threshold=0.80260924844569626 0.34572530505273286 0.42132096050533818 1.0397207708399181
decision_type=2 2 2 2
left_child=1 3 -3 -1
right_child=-2 2 -4 -5
leaf_value=-0.0024195110364235006 -0.0024425988051074523 -0.0001238997094333172 0.0066589903132990005 0.00020324022614018108
leaf_weight=60 27 32 20 403
leaf_count=60 27 32 20 403
internal_value=0 0.000128059 0.0024849 -0.000136641
internal_weight=0 515 52 463
internal_count=542 515 52 463
is_linear=0
shrinkage=0.1


Tree=252
num_leaves=5
num_cat=0
split_feature=20 25 8 38
split_gain=0.0161689 0.0324531 0.0420785 0.0396924
threshold=6.0049923831196965 5.1298812082267613 5.1761337726651186 4.9199542854466296
decision_type=2 2 2 2
left_child=1 3 -3 -1
right_child=-2 2 -4 -5
leaf_value=-0.00021045874551346738 0.002865592349859837 -0.0066167936331647291 7.569871709815094e-05 0.0026202922397975011
leaf_weight=429 19 17 21 56
leaf_count=429 19 17 21 56
internal_value=0 -0.000104104 -0.00291831 0.000116391
internal_weight=0 523 38 485
internal_count=542 523 38 485
is_linear=0
shrinkage=0.1


Tree=253
num_leaves=7
num_cat=0
split_feature=84 84 43 89 43 61
split_gain=0.0157699 0.108885 0.0500999 0.130224 0.074499 0.0306356
threshold=0.63871564905141709 0.66033519827623854 6.025819296111556 0.32239255231084707 5.7838204485795197 3.3919663689743187
decision_type=2 2 2 2 2 2
left_child=2 -2 4 -4 -1 -3
right_child=1 5 3 -5 -6 -7
leaf_value=-1.8693256230124678e-05 -0.0083902035374194394 -0.0015835291504239044 0.0047360307507083891 -0.0021132740741291937 -0.0063047015666961668 0.0029357301374936164
leaf_weight=329 17 30 70 46 20 30
leaf_count=329 17 30 70 46 20 30
internal_value=0 -0.00132555 0.0002195 0.00201993 -0.000378923 0.0006761
internal_weight=0 77 465 116 349 60
internal_count=542 77 465 116 349 60
is_linear=0
shrinkage=0.1


Tree=254
num_leaves=7
num_cat=0
split_feature=53 40 57 65 57 5
split_gain=0.0155937 0.0560428 0.0534044 0.116978 0.114484 0.0482779
threshold=2.1302771365677549 1.5890269151739729 2.6640265790975723 3.4680586399186066 2.5189920720411263 2.3502401828962087
decision_type=2 2 2 2 2 2
left_child=2 -2 4 -4 -1 -3
right_child=1 5 3 -5 -6 -7
leaf_value=0.00043004003868287588 -0.0046289921652836108 -0.0040802151635804104 -0.0022347754267975687 0.0065728749614208937 -0.0081065858659498842 0.00050175465261984866
leaf_weight=207 30 26 25 38 17 199
leaf_count=207 30 26 25 38 17 199
internal_value=0 -0.000569044 0.000505596 0.00307778 -0.000217829 -2.77174e-05
internal_weight=0 255 287 63 224 225
internal_count=542 255 287 63 224 225
is_linear=0
shrinkage=0.1


Tree=255
num_leaves=8
num_cat=0
split_feature=39 57 15 47 35 98 53
split_gain=0.016657 0.0667618 0.06555 0.0647274 0.0681904 0.0610981 0.0597049
threshold=6.4002353700099741 2.8509497010895113 6.9593980611994821 5.6902681384622422 5.3565417728696607 5.0684095151189146 1.656825319317355
decision_type=2 2 2 2 2 2 2
left_child=3 6 -3 5 -5 -1 -2
right_child=1 2 -4 4 -6 -7 -8
leaf_value=-0.0049060994624876633 0.00099154579462871584 0.0057720344894650307 -0.00073958570719696588 -0.002415304882999729 0.004863299379775407 0.00014720485435100274 -0.0051171031888467651
leaf_weight=26 24 22 52 17 53 300 48
leaf_count=26 24 22 52 17 53 300 48
internal_value=0 -0.000912997 0.0011963 0.00033661 0.00309564 -0.000255819 -0.00308089
internal_weight=0 146 74 396 70 326 72
internal_count=542 146 74 396 70 326 72
is_linear=0
shrinkage=0.1


Tree=256
num_leaves=4
num_cat=0
split_feature=85 48 87
split_gain=0.0162006 0.0278577 0.0241639
threshold=0.68555221698570346 5.4204958404047412 0.49722776334922386
decision_type=2 2 2
left_child=1 2 -1
right_child=-2 -3 -4
leaf_value=-0.00045401087798401912 -0.0021826093616255093 0.0029468388973989271 0.0012199803298767822
leaf_weight=364 32 33 113
leaf_count=364 32 33 113
internal_value=0 0.000136948 -5.74469e-05
internal_weight=0 510 477
internal_count=542 510 477
is_linear=0
shrinkage=0.1


Tree=257
num_leaves=6
num_cat=0
split_feature=65 23 61 44 69
split_gain=0.0161744 0.0372483 0.0315606 0.0911402 0.0736103
threshold=1.7117994589482233 2.191013317336941 2.0929507295850684 3.5408542930527882 3.0251604628081092
decision_type=2 2 2 2 2
left_child=1 -1 3 -2 -4
right_child=2 -3 4 -5 -6
leaf_value=-0.0011685952182031341 -0.0063047148251167409 0.0052646815362903804 0.0034623608703660811 0.0016234198344293339 -0.00035586903663501385
leaf_weight=18 29 18 58 29 390
leaf_count=18 29 18 58 29 390
internal_value=0 0.00204804 -0.000145711 -0.00234065 0.000138455
internal_weight=0 36 506 58 448
internal_count=542 36 506 58 448
is_linear=0
shrinkage=0.1


Tree=258
num_leaves=4
num_cat=0
split_feature=80 80 80
split_gain=0.0145961 0.0210378 0.0365313
threshold=2.4758564453187142 1.6120285918050994 1.0377939861819232
decision_type=2 2 2
left_child=1 2 -1
right_child=-2 -3 -4
leaf_value=-0.00022325929601245189 0.0027999318363274347 -0.0026230168104502223 0.0026539158869572747
leaf_weight=444 18 31 49
leaf_count=444 18 31 49
internal_value=0 -9.61809e-05 6.27074e-05
internal_weight=0 524 493
internal_count=542 524 493
is_linear=0
shrinkage=0.1


Tree=259
num_leaves=5
num_cat=0
split_feature=67 57 36 60
split_gain=0.0138886 0.0445762 0.0849281 0.0463041
threshold=2.8314802400679731 1.5702341610064872 2.9430520157250784 2.656602989520894
decision_type=2 2 2 2
left_child=-1 2 -2 -3
right_child=1 3 -4 -5
leaf_value=0.0021688595846561447 -0.0083885255405524127 0.003686826013856464 -0.00039885324978397466 -5.4080259286662477e-05
leaf_weight=28 18 36 51 409
leaf_count=28 18 36 51 409
internal_value=0 -0.000118148 -0.00248312 0.000248555
internal_weight=0 514 69 445
internal_count=542 514 69 445
is_linear=0
shrinkage=0.1


Tree=260
num_leaves=5
num_cat=0
split_feature=23 53 78 53
split_gain=0.0135966 0.0213561 0.0405777 0.0377299
threshold=7.8332668616847121 3.573502794434515 1.6265335948082402 3.1914737186377642
decision_type=2 2 2 2
left_child=1 3 -3 -1
right_child=-2 2 -4 -5
leaf_value=6.5756132549562769e-05 -0.0027023755020410237 -0.0048949494795954744 0.0013499806733115725 0.0039132565393595505
leaf_weight=455 18 23 19 27
leaf_count=455 18 23 19 27
internal_value=0 9.28297e-05 -0.00206986 0.00028128
internal_weight=0 524 42 482
internal_count=542 524 42 482
is_linear=0
shrinkage=0.1


Tree=261
num_leaves=8
num_cat=0
split_feature=100 7 9 57 96 86 18
split_gain=0.0134812 0.0438956 0.0503915 0.0402363 0.0659302 0.0349596 0.0259384
threshold=4.8903208612686422 6.8710826858692302 4.1107394736335969 3.3936600881507899 4.1107394736335969 0.67726707507441974 4.465842055365858
decision_type=2 2 2 2 2 2 2
left_child=3 2 -2 5 -5 -1 -3
right_child=1 6 -4 4 -6 -7 -8
leaf_value=0.00030845858276764936 0.0005377622828486243 -0.0034914010606536812 0.0071098788245581093 0.0010619496817097945 -0.0075102484648117461 -0.0032457573700230575 0.00064184671904587629
leaf_weight=357 28 22 20 17 19 30 49
leaf_count=357 28 22 20 17 19 30 49
internal_value=0 0.000940291 0.00327614 -0.000264526 -0.00346227 3.2938e-05 -0.000638878
internal_weight=0 119 48 423 36 387 71
internal_count=542 119 48 423 36 387 71
is_linear=0
shrinkage=0.1


Tree=262
num_leaves=5
num_cat=0
split_feature=87 89 88 89
split_gain=0.0137278 0.017977 0.0663888 0.0394797
threshold=0.69046414242712328 0.5828977007850159 0.35192429014739562 0.29591482914990175
decision_type=2 2 2 2
left_child=1 3 -3 -1
right_child=-2 2 -4 -5
leaf_value=0.00035189660521683512 -0.0025711082853376865 7.3565505899501698e-05 0.0070123411660246993 -0.001922621020478093
leaf_weight=333 20 73 17 99
leaf_count=333 20 73 17 99
internal_value=0 9.85099e-05 0.00138422 -0.000169347
internal_weight=0 522 90 432
internal_count=542 522 90 432
is_linear=0
shrinkage=0.1


Tree=263
num_leaves=7
num_cat=0
split_feature=24 102 60 38 20 96
split_gain=0.0136662 0.115593 0.154406 0.0907617 0.0886611 0.0661711
threshold=3.9316333620047872 5.272986409146923 3.9342706253714224 3.9316333620047872 4.2903656061101136 4.1430087342023825
decision_type=2 2 2 2 2 2
left_child=3 2 -2 5 -3 -1
right_child=1 4 -4 -5 -6 -7
leaf_value=0.00063405019214509859 0.012695060621070512 -0.0052650208871308415 -0.00078285981572287922 -0.0055922461054926263 0.00047674620540679569 -0.0055125715995305467
leaf_weight=224 17 31 17 31 203 19
leaf_count=224 17 31 17 31 203 19
internal_value=0 0.000507729 0.0059561 -0.00049661 -0.000283915 0.00015345
internal_weight=0 268 34 274 234 243
internal_count=542 268 34 274 234 243
is_linear=0
shrinkage=0.1


Tree=264
num_leaves=8
num_cat=0
split_feature=7 15 70 43 7 8 55
split_gain=0.0139305 0.107221 0.128425 0.087098 0.0656476 0.0444432 0.0401733
threshold=3.7609296261008152 2.9430520157250784 2.608560683297108 5.4551749912973362 4.2835627800822236 2.5619819897016298 3.7132745361986528
decision_type=2 2 2 2 2 2 2
left_child=1 3 -3 -1 6 -6 -2
right_child=4 2 -4 -5 5 -7 -8
leaf_value=-0.00038275874929156068 0.0079492841929416445 0.0016413804479978153 -0.0092633200800736198 0.0072667809255007243 -0.0045493784449284992 0.00019175353536626685 0.0010744954185450779
leaf_weight=86 17 18 27 18 21 338 17
leaf_count=86 17 18 27 18 21 338 17
internal_value=0 -0.000823356 -0.00490144 0.0009412 0.000312163 -8.55829e-05 0.00451189
internal_weight=0 149 45 104 393 359 34
internal_count=542 149 45 104 393 359 34
is_linear=0
shrinkage=0.1


Tree=265
num_leaves=6
num_cat=0
split_feature=104 59 57 53 15
split_gain=0.0142343 0.0724165 0.102133 0.0550671 0.0293229
threshold=4.6150714996361826 4.744894319750431 2.8226766651915249 1.656825319317355 7.2402896000756645
decision_type=2 2 2 2 2
left_child=1 2 -1 -2 -5
right_child=3 -3 -4 4 -6
leaf_value=-0.00075725261358387233 0.0052571122899003654 -0.0058248206345445433 0.0044509401991407764 -0.00068005129218913062 0.0021035764325251175
leaf_weight=261 23 23 44 139 52
leaf_count=261 23 23 44 139 52
internal_value=0 -0.00041394 -5.90677e-06 0.000634451 7.7795e-05
internal_weight=0 328 305 214 191
internal_count=542 328 305 214 191
is_linear=0
shrinkage=0.1


Tree=266
num_leaves=7
num_cat=0
split_feature=83 83 19 23 89 11
split_gain=0.0143074 0.0957348 0.055888 0.0446149 0.0166783 0.0161826
threshold=2.6615049862358711 2.1386806062562811 3.7132745361986528 3.9316333620047872 0.12384260260939756 2.5619819897016298
decision_type=2 2 2 2 2 2
left_child=1 3 5 -1 -4 -2
right_child=2 -3 4 -5 -6 -7
leaf_value=0.0019053818181350409 -0.003672443995909656 -0.0067965396832386478 0.0064475574147175342 -0.00043948535386686928 0.0020179421586148882 0.00062982518639829424
leaf_weight=106 17 21 17 346 17 18
leaf_count=106 17 21 17 346 17 18
internal_value=0 -0.000196234 0.0013452 0.000110417 0.00423275 -0.00145985
internal_weight=0 473 69 452 34 35
internal_count=542 473 69 452 34 35
is_linear=0
shrinkage=0.1


Tree=267
num_leaves=7
num_cat=0
split_feature=84 84 84 39 6 101
split_gain=0.0127227 0.0765254 0.0413324 0.0530439 0.0479121 0.0219558
threshold=0.63871564905141709 0.66033519827623854 0.50998853101869657 6.8167352807642407 3.891612008168019 5.8998936005190545
decision_type=2 2 2 2 2 2
left_child=2 -2 3 -1 -4 -3
right_child=1 5 4 -5 -6 -7
leaf_value=6.250095594471835e-05 -0.007113164807121982 0.0017397449052493489 0.0059744894960895188 -0.005645709833840877 0.0003664591207500332 -0.0024346070487000463
leaf_weight=384 17 42 25 17 39 18
leaf_count=384 17 42 25 17 39 18
internal_value=0 -0.00119062 0.000197156 -0.000179493 0.0025571 0.000487439
internal_weight=0 77 465 401 64 60
internal_count=542 77 465 401 64 60
is_linear=0
shrinkage=0.1


Tree=268
num_leaves=6
num_cat=0
split_feature=104 1 57 0 8
split_gain=0.0135232 0.0642033 0.0604782 0.0488137 0.0357943
threshold=4.6150714996361826 4.2625806805327082 2.8226766651915249 3.8176519431297078 4.0773937863842606
decision_type=2 2 2 2 2
left_child=1 2 -1 -2 -5
right_child=3 -3 -4 4 -6
leaf_value=-0.00068614253354920475 0.0056021464628025174 -0.0062095954626177757 0.003081289661007331 -0.0042244063909439482 0.0005771739811274905
leaf_weight=259 18 18 51 17 179
leaf_count=259 18 18 51 17 179
internal_value=0 -0.000403469 -6.63392e-05 0.000618401 0.00016071
internal_weight=0 328 310 214 196
internal_count=542 328 310 214 196
is_linear=0
shrinkage=0.1


Tree=269
num_leaves=4
num_cat=0
split_feature=35 39 38
split_gain=0.0128767 0.0356239 0.0344552
threshold=7.7397808239352983 7.391412193863097 4.9199542854466296
decision_type=2 2 2
left_child=1 2 -1
right_child=-2 -3 -4
leaf_value=-0.00015174874544143162 0.0023696951377628881 -0.0035698038426094821 0.0029102911792870147
leaf_weight=452 22 28 40
leaf_count=452 22 28 40
internal_value=0 -0.000100256 9.71976e-05
internal_weight=0 520 492
internal_count=542 520 492
is_linear=0
shrinkage=0.1


Tree=270
num_leaves=7
num_cat=0
split_feature=57 70 102 101 57 9
split_gain=0.0132921 0.086295 0.0630499 0.171043 0.0563176 0.0460353
threshold=2.4961374085351564 3.2239131078011019 4.9521436163533474 4.4885732424042368 2.6640265790975723 3.2951505240983434
decision_type=2 2 2 2 2 2
left_child=2 -2 5 -4 -3 -1
right_child=1 4 3 -5 -6 -7
leaf_value=-2.6462477858570454e-05 -0.0069662699671952351 -0.0038202828289393117 0.0088150696976420778 -0.0004587971625091918 0.00051963373378736922 -0.0052886298784103839
leaf_weight=133 19 34 30 59 248 19
leaf_count=133 19 34 30 59 248 19
internal_value=0 -0.000443122 0.000553442 0.00266723 -3.61862e-06 -0.000684233
internal_weight=0 301 241 89 282 152
internal_count=542 301 241 89 282 152
is_linear=0
shrinkage=0.1


Tree=271
num_leaves=6
num_cat=0
split_feature=51 71 49 95 32
split_gain=0.0132598 0.0541823 0.0520822 0.0400353 0.0367384
threshold=4.3036997296511936 2.9944807084449319 1.9356005054539456 3.7494348669884658 2.7058230259275202
decision_type=2 2 2 2 2
left_child=1 3 -2 -1 -4
right_child=2 -3 4 -5 -6
leaf_value=0.00033977114606906461 -0.0052342217992104242 -0.004538725439679662 -0.0022593814301396123 0.0037593611849060411 0.00050105487319144788
leaf_weight=168 21 19 61 43 230
leaf_count=168 21 19 61 43 230
internal_value=0 0.00057608 -0.000424674 0.00103665 -7.75933e-05
internal_weight=0 230 312 211 291
internal_count=542 230 312 211 291
is_linear=0
shrinkage=0.1


Tree=272
num_leaves=5
num_cat=0
split_feature=103 103 103 6
split_gain=0.0146497 0.0694127 0.0356673 0.0313766
threshold=6.0924347189395363 5.7835931758483339 6.462969825394751 4.465842055365858
decision_type=2 2 2 2
left_child=1 3 -2 -1
right_child=2 -3 -4 -5
leaf_value=0.00025905994655122647 -0.0044412318207226542 0.0054184393200557681 0.00069364341231243276 -0.0019998535851960724
leaf_weight=390 24 24 31 73
leaf_count=390 24 24 31 73
internal_value=0 0.000174716 -0.00154703 -9.7097e-05
internal_weight=0 487 55 463
internal_count=542 487 55 463
is_linear=0
shrinkage=0.1


Tree=273
num_leaves=8
num_cat=0
split_feature=99 41 17 44 21 6 19
split_gain=0.0128281 0.080434 0.149439 0.0884745 0.02847 0.0644655 0.0629173
threshold=0.89587973461402759 2.3502401828962087 2.8029010331479989 1.0397207708399181 2.191013317336941 1.7005986908310777 3.1345481418531311
decision_type=2 2 2 2 2 2 2
left_child=1 3 -3 -1 5 -2 -6
right_child=4 2 -4 -5 6 -7 -8
leaf_value=0.00021117045176460557 -0.0015886677819634638 -0.0052054171184343955 0.0024712132991226102 0.010141392512356535 -0.0048017853595824405 0.0048098309307533782 -0.00020445071707064544
leaf_weight=19 31 42 64 17 33 32 304
leaf_count=19 31 42 64 17 33 32 304
internal_value=0 0.000816521 -0.00057047 0.00490044 -0.000289865 0.00166136 -0.000654635
internal_weight=0 142 106 36 400 63 337
internal_count=542 142 106 36 400 63 337
is_linear=0
shrinkage=0.1


Tree=274
num_leaves=7
num_cat=0
split_feature=39 39 39 92 64 70
split_gain=0.0132429 0.0568764 0.0611535 0.0593154 0.0502613 0.0592318
threshold=6.2709866451262153 5.9241986006289293 5.6628640202147453 4.495110949279348 4.2009535179792215 3.8592684562403532
decision_type=2 2 2 2 2 2
left_child=1 2 -1 -3 -2 -6
right_child=4 3 -4 -5 5 -7
leaf_value=0.00027731372123570582 -0.0050949947139167272 0.0077328168705571437 -0.0049530286264295384 -0.00030142735237913103 0.0047073095565958118 -0.00097672353035622192
leaf_weight=326 23 20 24 17 22 110
leaf_count=326 23 20 24 17 22 110
internal_value=0 0.000312826 -8.13383e-05 0.00404141 -0.000781056 -2.93847e-05
internal_weight=0 387 350 37 155 132
internal_count=542 387 350 37 155 132
is_linear=0
shrinkage=0.1


Tree=275
num_leaves=8
num_cat=0
split_feature=54 101 47 40 10 95 16
split_gain=0.0129883 0.0433074 0.0597783 0.0482644 0.0279639 0.0795874 0.0581884
threshold=2.191013317336941 1.5890269151739729 6.1355274091199163 2.3937458713910238 2.3937458713910238 3.5549397315361362 2.7058230259275202
decision_type=2 2 2 2 2 2 2
left_child=1 3 -3 -1 5 -2 -6
right_child=4 2 -4 -5 6 -7 -8
leaf_value=0.0032477457904153402 -0.0034677556414595421 0.0054387511332918493 -0.0015284427123046236 -0.0030655699127630611 0.0053954844584222887 0.0037084343098104005 -0.00016190834522533876
leaf_weight=18 68 35 19 37 20 20 325
leaf_count=18 68 35 19 37 20 20 325
internal_value=0 0.000975681 0.00298733 -0.000999394 -0.00024561 -0.0018368 0.000160259
internal_weight=0 109 54 55 433 88 345
internal_count=542 109 54 55 433 88 345
is_linear=0
shrinkage=0.1


Tree=276
num_leaves=8
num_cat=0
split_feature=9 24 104 101 73 40 65
split_gain=0.0125656 0.0437521 0.0510063 0.0434484 0.0693468 0.0496362 0.0424905
threshold=2.524928003624769 2.7058230259275202 4.0342014792848504 1.5890269151739729 1.0000000180025095e-35 2.3937458713910238 2.8772339027385807
decision_type=2 2 2 2 2 2 2
left_child=3 2 -2 5 -5 -1 -3
right_child=1 6 -4 4 -6 -7 -8
leaf_value=0.0034719696164959009 -0.00074820231634359336 0.002699242926160382 -0.00706674044118508 0.0060001767327776184 -0.00044065144678045597 -0.0027035082531894779 -0.00032667958352837072
leaf_weight=18 39 55 19 32 35 47 297
leaf_count=18 39 55 19 32 35 47 297
internal_value=0 -0.000273203 -0.00281807 0.000848587 0.00263556 -0.000993376 0.000146121
internal_weight=0 410 58 132 67 65 352
internal_count=542 410 58 132 67 65 352
is_linear=0
shrinkage=0.1


Tree=277
num_leaves=6
num_cat=0
split_feature=83 83 18 11 97
split_gain=0.0145384 0.0729237 0.0394701 0.0365296 0.0419486
threshold=2.6615049862358711 2.1386806062562811 0.89587973461402759 4.7094896185437563 4.9052473428434826
decision_type=2 2 2 2 2
left_child=1 2 -1 4 -2
right_child=3 -3 -4 -5 -6
leaf_value=0.0024815886588254155 0.0024935292018773529 -0.0059583527457323822 -0.00029224745815047522 0.00383015061779588 -0.0042431637489547336
leaf_weight=59 19 21 393 32 18
leaf_count=59 19 21 393 32 18
internal_value=0 -0.000197812 6.98241e-05 0.00135601 -0.000783781
internal_weight=0 473 452 69 37
internal_count=542 473 452 69 37
is_linear=0
shrinkage=0.1


Tree=278
num_leaves=6
num_cat=0
split_feature=104 59 57 53 15
split_gain=0.0124192 0.0520198 0.0663932 0.0390384 0.0236705
threshold=4.6150714996361826 4.744894319750431 2.8226766651915249 1.656825319317355 7.2484878846251375
decision_type=2 2 2 2 2
left_child=1 2 -1 -2 -5
right_child=3 -3 -4 4 -6
leaf_value=-0.00064660453100604453 0.0044847943050705871 -0.0049726416407476952 0.0035525814767672936 -0.00053899242352373926 0.0019933723860885949
leaf_weight=261 23 23 44 141 50
leaf_count=261 23 23 44 141 50
internal_value=0 -0.000386649 -4.08203e-05 0.000592621 0.00012393
internal_weight=0 328 305 214 191
internal_count=542 328 305 214 191
is_linear=0
shrinkage=0.1


Tree=279
num_leaves=6
num_cat=0
split_feature=83 83 83 44 15
split_gain=0.0120297 0.042471 0.0361401 0.0335687 0.0197581
threshold=2.841546864584537 2.1386806062562811 3.2765564478875926 2.5619819897016298 3.6632328069201612
decision_type=2 2 2 2 2
left_child=1 3 -2 -1 -4
right_child=2 -3 4 -5 -6
leaf_value=0.0023278905588341062 0.00508603913606041 -0.0040235639515298384 -0.0027820727839652035 -0.00026808520720069165 0.001495137787424028
leaf_weight=57 18 27 18 395 27
leaf_count=57 18 27 18 395 27
internal_value=0 -0.000170856 0.00129905 5.92834e-05 -0.000215746
internal_weight=0 479 63 452 45
internal_count=542 479 63 452 45
is_linear=0
shrinkage=0.1


Tree=280
num_leaves=6
num_cat=0
split_feature=65 102 59 3 4
split_gain=0.0126383 0.0688666 0.0350717 0.0875454 0.065299
threshold=1.8552669399515371 3.5516610312630568 3.2951505240983434 4.1107394736335969 3.1132683346437333
decision_type=2 2 2 2 2
left_child=1 -1 3 -2 -4
right_child=2 -3 4 -5 -6
leaf_value=-0.0056668680899085964 -0.00030579129699617627 0.0019351156674719486 -0.0043141364902516618 0.0062387757773150606 0.00014880770713592722
leaf_weight=22 60 26 36 31 367
leaf_count=22 60 26 36 31 367
internal_value=0 -0.00154913 0.000150522 0.00192368 -0.000249867
internal_weight=0 48 494 91 403
internal_count=542 48 494 91 403
is_linear=0
shrinkage=0.1


Tree=281
num_leaves=6
num_cat=0
split_feature=102 102 52 27 53
split_gain=0.0122031 0.0422999 0.0409569 0.0339163 0.0310322
threshold=1.0397207708399181 2.4708212113046524 2.3502401828962087 4.8079027400421745 1.3424540464534973
decision_type=2 2 2 2 2
left_child=2 -2 3 -1 -3
right_child=1 4 -4 -5 -6
leaf_value=-0.0036899448481991014 -0.0049109106766991317 0.001622856728739787 0.0054799663396004374 0.0026268253650735406 -0.00038326358492455216
leaf_weight=17 18 97 17 17 376
leaf_count=17 18 97 17 17 376
internal_value=0 -0.000152925 0.00147228 -0.00053156 2.81395e-05
internal_weight=0 491 51 34 473
internal_count=542 491 51 34 473
is_linear=0
shrinkage=0.1


Tree=282
num_leaves=7
num_cat=0
split_feature=57 33 35 99 57 64
split_gain=0.0125763 0.0747693 0.0664646 0.0313155 0.0635152 0.0428667
threshold=1.5702341610064872 3.2951505240983434 4.8079027400421745 1.8688348091416844 1.9021918422387343 3.8085109207109831
decision_type=2 2 2 2 2 2
left_child=1 2 -1 4 -2 -5
right_child=3 -3 -4 5 -6 -7
leaf_value=-0.0014461767894433852 0.006608309379662388 -0.0056151132338877335 0.0052135974592105909 -0.0024427584127375956 0.0005891318080461466 0.00033057812922584052
leaf_weight=47 20 26 22 76 142 209
leaf_count=47 20 26 22 76 142 209
internal_value=0 -0.00104489 0.000677229 0.000222067 0.00133224 -0.000408978
internal_weight=0 95 69 447 162 285
internal_count=542 95 69 447 162 285
is_linear=0
shrinkage=0.1


Tree=283
num_leaves=7
num_cat=0
split_feature=15 15 11 23 80 103
split_gain=0.0126486 0.0775861 0.0659766 0.050218 0.0464673 0.0409328
threshold=4.6199495871088647 4.234001473612734 4.6199495871088647 3.9316333620047872 1.1082724656359517 3.2951505240983434
decision_type=2 2 2 2 2 2
left_child=1 3 -2 -1 -3 -4
right_child=2 4 5 -5 -6 -7
leaf_value=0.00057634204445555272 -0.0059558845171704886 0.0015972011140547695 0.0028330692778433522 -0.0035723224697584242 0.0085581804899608396 -0.00049317373679994773
leaf_weight=138 20 22 43 37 17 265
leaf_count=138 20 22 43 37 17 265
internal_value=0 0.000598069 -0.000390204 -0.000300804 0.00463147 -2.87957e-05
internal_weight=0 214 328 175 39 308
internal_count=542 214 328 175 39 308
is_linear=0
shrinkage=0.1


Tree=284
num_leaves=4
num_cat=0
split_feature=35 39 23
split_gain=0.011424 0.0281054 0.0231329
threshold=7.7397808239352983 7.391412193863097 7.4949786637559042
decision_type=2 2 2
left_child=1 2 -1
right_child=-2 -3 -4
leaf_value=0.00022573945408708871 0.0022320336344736546 -0.0031761792168254034 -0.0031664292328059673
leaf_weight=471 22 28 21
leaf_count=471 22 28 21
internal_value=0 -9.44322e-05 8.09518e-05
internal_weight=0 520 492
internal_count=542 520 492
is_linear=0
shrinkage=0.1


Tree=285
num_leaves=7
num_cat=0
split_feature=104 1 57 57 99 101
split_gain=0.0116349 0.0458809 0.0456572 0.0366184 0.0290998 0.0200198
threshold=4.6150714996361826 4.2625806805327082 2.8226766651915249 2.7458163627062526 2.249904835165133 4.1107394736335969
decision_type=2 2 2 2 2 2
left_child=1 2 -1 4 -2 -5
right_child=3 -3 -4 5 -6 -7
leaf_value=-0.00062777592561659001 0.0061849257831151291 -0.0052824573339118313 0.0026456335431658757 0.0031213936341159486 0.0010990191344171763 -0.00050075202837512954
leaf_weight=259 18 18 51 17 30 149
leaf_count=259 18 18 51 17 30 149
internal_value=0 -0.000374241 -8.92473e-05 0.000573602 0.00300623 -0.000129809
internal_weight=0 328 310 214 48 166
internal_count=542 328 310 214 48 166
is_linear=0
shrinkage=0.1


Tree=286
num_leaves=6
num_cat=0
split_feature=16 0 54 14 13
split_gain=0.0107472 0.164614 0.0650172 0.0590951 0.0566626
threshold=3.6632328069201612 3.1132683346437333 3.4960482137079443 3.4334666422309414 3.5549397315361362
decision_type=2 2 2 2 2
left_child=3 -2 -3 4 -1
right_child=1 2 -4 -5 -6
leaf_value=-0.00048871930924390043 0.0094064332936939447 -0.0058582206195416419 0.0001968459299442978 -0.0054407177397727295 0.0053713977000572621
leaf_weight=198 19 19 266 22 18
leaf_count=198 19 19 266 22 18
internal_value=0 0.000394003 -0.000206825 -0.000503265 -3.76225e-07
internal_weight=0 304 285 238 216
internal_count=542 304 285 238 216
is_linear=0
shrinkage=0.1


Tree=287
num_leaves=7
num_cat=0
split_feature=87 86 104 3 39 47
split_gain=0.0105443 0.0429168 0.0823527 0.04169 0.036814 0.0506781
threshold=1.0000000180025095e-35 0.61334666495513168 4.166635176627655 2.3937458713910238 7.391412193863097 4.9868798027607308
decision_type=2 2 2 2 2 2
left_child=4 3 -3 -2 5 -1
right_child=1 2 -4 -5 -6 -7
leaf_value=-0.00063365357902569943 -0.0028610103714622952 -0.0066830996465536627 0.0014927644224371761 0.00077555096813641193 -0.0036834266895311887 0.0022198075633751593
leaf_weight=126 38 28 22 185 20 123
leaf_count=126 38 28 22 185 20 123
internal_value=0 -0.000437829 -0.00308572 0.000155868 0.00044434 0.000775887
internal_weight=0 273 50 223 269 249
internal_count=542 273 50 223 269 249
is_linear=0
shrinkage=0.1


Tree=288
num_leaves=8
num_cat=0
split_feature=15 15 19 101 97 19 80
split_gain=0.0124731 0.0582749 0.056009 0.084252 0.0476059 0.0403961 0.033932
threshold=4.6199495871088647 4.234001473612734 4.9199542854466296 4.6343046400500798 3.1345481418531311 5.272986409146923 1.1082724656359517
decision_type=2 2 2 2 2 2 2
left_child=1 4 3 -2 -1 -4 -3
right_child=2 6 5 -5 -6 -7 -8
leaf_value=0.0012599964617902057 -0.0080451679430552769 0.0014965941282835875 0.0038590719712933959 0.0011799620943040484 -0.0020675569193324343 -0.00027357671402736017 0.0074450128766543723
leaf_weight=99 22 22 26 18 76 262 17
leaf_count=99 22 22 26 18 76 262 17
internal_value=0 0.000593905 -0.000387487 -0.00389386 -0.000185112 9.95096e-05 0.00408949
internal_weight=0 214 328 40 175 288 39
internal_count=542 214 328 40 175 288 39
is_linear=0
shrinkage=0.1


Tree=289
num_leaves=7
num_cat=0
split_feature=57 33 35 26 33 18
split_gain=0.0112146 0.0602627 0.0514952 0.0305217 0.0661302 0.063311
threshold=1.5702341610064872 3.2951505240983434 4.8079027400421745 2.524928003624769 2.8617925509761908 3.5549397315361362
decision_type=2 2 2 2 2 2
left_child=1 2 -1 4 -2 -5
right_child=3 -3 -4 5 -6 -7
leaf_value=-0.0013096949680054442 -2.4150550034978702e-06 -0.0050896886924210079 0.0045523294332352558 -0.00269847984133984 0.0048183837488134651 0.0005233957705659914
leaf_weight=47 93 26 22 83 41 230
leaf_count=47 93 26 22 83 41 230
internal_value=0 -0.000986698 0.000559356 0.000209701 0.00147261 -0.000330967
internal_weight=0 95 69 447 134 313
internal_count=542 95 69 447 134 313
is_linear=0
shrinkage=0.1


Tree=290
num_leaves=8
num_cat=0
split_feature=23 29 102 47 86 74 22
split_gain=0.0119058 0.052749 0.0882921 0.0457725 0.0575156 0.0499684 0.0424179
threshold=3.9316333620047872 3.1984648276080736 5.6167644860526105 3.1345481418531311 0.55060599904129914 0.46462152660480399 3.8064155152036787
decision_type=2 2 2 2 2 2 2
left_child=3 2 -2 5 -5 -1 -3
right_child=1 6 -4 4 -6 -7 -8
leaf_value=-0.0023125730875519016 -0.0046117416510711457 0.0023044627347255562 0.0014143411337863654 0.00098804787068845746 0.007775539043359459 0.0026589015258165699 -0.00038271643243930177
leaf_weight=62 62 83 40 47 17 30 201
leaf_count=62 62 83 40 47 17 30 201
internal_value=0 -0.000297953 -0.00224857 0.000737243 0.00279098 -0.00069144 0.000402621
internal_weight=0 386 102 156 64 92 284
internal_count=542 386 102 156 64 92 284
is_linear=0
shrinkage=0.1


Tree=291
num_leaves=5
num_cat=0
split_feature=103 103 103 5
split_gain=0.0115321 0.0530527 0.0272177 0.0224874
threshold=6.0924347189395363 5.7835931758483339 6.462969825394751 4.4425820475484112
decision_type=2 2 2 2
left_child=1 3 -2 -1
right_child=2 -3 -4 -5
leaf_value=0.00017589187517410936 -0.0039008295512758199 0.0047393250026895352 0.00058477051788941026 -0.0019614245172955894
leaf_weight=407 24 24 31 56
leaf_count=407 24 24 31 56
internal_value=0 0.000155014 -0.00137258 -8.26172e-05
internal_weight=0 487 55 463
internal_count=542 487 55 463
is_linear=0
shrinkage=0.1


Tree=292
num_leaves=4
num_cat=0
split_feature=22 27 39
split_gain=0.0109899 0.0148611 0.0232474
threshold=5.8916289495434491 7.4277275294832714 6.4002353700099741
decision_type=2 2 2
left_child=1 2 -1
right_child=-2 -3 -4
leaf_value=0.00030057149224329551 -0.002300479905525208 0.0021760550531325861 -0.0014084705344721443
leaf_weight=390 20 32 100
leaf_count=390 20 32 100
internal_value=0 8.8141e-05 -4.82126e-05
internal_weight=0 522 490
internal_count=542 522 490
is_linear=0
shrinkage=0.1


Tree=293
num_leaves=6
num_cat=0
split_feature=82 77 30 38 8
split_gain=0.0104898 0.0451287 0.0368162 0.0289463 0.0486307
threshold=0.32974294883386152 2.8888261616113287 2.3937458713910238 1.7005986908310777 1.5890269151739729
decision_type=2 2 2 2 2
left_child=3 -2 -3 -1 -5
right_child=1 2 -4 4 -6
leaf_value=0.0032640089521244649 -0.0042866622147682519 0.0015223823429550976 -0.0012906892154132949 -0.0040782777628359888 0.00044999681000330453
leaf_weight=31 28 87 100 26 270
leaf_count=31 28 87 100 26 270
internal_value=0 -0.00054255 1.8066e-05 0.000356722 5.2243e-05
internal_weight=0 215 187 327 296
internal_count=542 215 187 327 296
is_linear=0
shrinkage=0.1


Tree=294
num_leaves=6
num_cat=0
split_feature=75 75 72 61 46
split_gain=0.0104075 0.052847 0.0491939 0.0437357 0.0260835
threshold=3.1771850203986758 2.8617925509761908 0.80260924844569626 2.7969637305477977 3.4334666422309414
decision_type=2 2 2 2 2
left_child=1 2 -1 -2 -5
right_child=3 -3 -4 4 -6
leaf_value=0.00022699937996577149 -0.0054980257015867055 0.0046179062951593481 -0.0048695618018973624 0.00058274427319342031 -0.0032906591570714401
leaf_weight=357 17 26 20 101 21
leaf_count=357 17 26 20 101 21
internal_value=0 0.000257353 -4.33752e-05 -0.000746137 -8.39891e-05
internal_weight=0 403 377 139 122
internal_count=542 403 377 139 122
is_linear=0
shrinkage=0.1


Tree=295
num_leaves=7
num_cat=0
split_feature=54 60 44 10 103 1
split_gain=0.0105972 0.0336236 0.0461979 0.0281244 0.0558679 0.0455498
threshold=2.191013317336941 3.0909778830734713 3.9316333620047872 2.3937458713910238 1.8688348091416842 2.9174053685313028
decision_type=2 2 2 2 2 2
left_child=1 2 -1 4 -2 -5
right_child=3 -3 -4 5 -6 -7
leaf_value=0.0014105616111705519 -0.0061817652199269192 0.004830358252446685 -0.0037740186403465016 0.0029126857170082916 -0.00036288641241491969 -0.00029888236293260887
leaf_weight=68 22 18 23 52 66 293
leaf_count=68 22 18 23 52 66 293
internal_value=0 0.000881305 0.000100173 -0.000221853 -0.00181761 0.00018518
internal_weight=0 109 91 433 88 345
internal_count=542 109 91 433 88 345
is_linear=0
shrinkage=0.1


Tree=296
num_leaves=6
num_cat=0
split_feature=15 11 15 19 103
split_gain=0.0106018 0.0502619 0.0452541 0.0423239 0.0326898
threshold=4.6199495871088647 4.6199495871088647 4.2835627800822236 4.1971736807086968 3.2951505240983434
decision_type=2 2 2 2 2
left_child=2 -2 3 -1 -3
right_child=1 4 -4 -5 -6
leaf_value=0.00059705469075773104 -0.0052150761464145037 0.0025157264661217153 0.0042204439206498454 -0.0036871317756810677 -0.00045679119473788891
leaf_weight=158 20 43 29 27 265
leaf_count=158 20 43 29 27 265
internal_value=0 -0.000357241 0.000547547 -2.8205e-05 -4.17968e-05
internal_weight=0 328 214 185 308
internal_count=542 328 214 185 308
is_linear=0
shrinkage=0.1


Tree=297
num_leaves=7
num_cat=0
split_feature=42 92 103 97 9 95
split_gain=0.0101074 0.0612973 0.0432559 0.0591588 0.0454679 0.0431847
threshold=2.8314802400679731 4.5395779706778496 3.2951505240983434 4.356379987480107 4.0689902272260703 1.9356005054539456
decision_type=2 2 2 2 2 2
left_child=1 5 3 -2 -4 -1
right_child=2 -3 4 -5 -6 -7
leaf_value=-0.0040454231610056015 0.00026895271101590971 -0.0062761798148344766 -0.0023228107248668712 0.0054113506159878203 0.00071905768577730327 0.00044993543228767337
leaf_weight=24 62 17 79 35 130 195
leaf_count=24 62 17 79 35 130 195
internal_value=0 -0.000491728 0.000379241 0.00212446 -0.000430739 -4.27066e-05
internal_weight=0 236 306 97 209 219
internal_count=542 236 306 97 209 219
is_linear=0
shrinkage=0.1


Tree=298
num_leaves=4
num_cat=0
split_feature=12 60 57
split_gain=0.0100665 0.0242826 0.0316573
threshold=6.0473693846339858 5.6378573412431257 3.8703486433065093
decision_type=2 2 2
left_child=1 2 -1
right_child=-2 -3 -4
leaf_value=-0.00012105900559384819 0.0023949434350737757 -0.0029983403803608209 0.0032298925070790574
leaf_weight=468 17 27 30
leaf_count=468 17 27 30
internal_value=0 -7.75505e-05 8.08055e-05
internal_weight=0 525 498
internal_count=542 525 498
is_linear=0
shrinkage=0.1


Tree=299
num_leaves=6
num_cat=0
split_feature=15 15 27 11 44
split_gain=0.010231 0.0670341 0.0533558 0.0453405 0.043867
threshold=2.9430520157250784 3.6632328069201612 4.2625806805327082 2.7058230259275202 2.5619819897016298
decision_type=2 2 2 2 2
left_child=2 -2 3 -1 -3
right_child=1 4 -4 -5 -6
leaf_value=-0.00098055040887985181 -0.0058840284135658304 0.0026991530340941001 0.0060034677112365473 0.0045331358592698564 -0.00036537924717009509
leaf_weight=87 20 54 17 18 346
leaf_count=87 20 54 17 18 346
internal_value=0 -0.000234161 0.000806127 -3.5347e-05 4.83326e-05
internal_weight=0 420 122 105 400
internal_count=542 420 122 105 400
is_linear=0
shrinkage=0.1


Tree=300
num_leaves=7
num_cat=0
split_feature=18 22 51 18 28 36
split_gain=0.0105617 0.0555286 0.0881087 0.0538486 0.0520126 0.0487776
threshold=3.9701138825728512 4.4187680230537838 5.192895118684441 4.4425820475484112 4.465842055365858 4.465842055365858
decision_type=2 2 2 2 2 2
left_child=4 2 -2 -3 5 -1
right_child=1 3 -4 -5 -6 -7
leaf_value=-0.00028287059727817875 0.0087994645654505717 -0.0055573977038471242 0.00034092586687100787 0.00028407344434526748 -0.0045498283855892998 0.0050781927537173034
leaf_weight=297 19 18 35 128 27 18
leaf_count=297 19 18 35 128 27 18
internal_value=0 0.000577252 0.00331708 -0.000436108 -0.000337574 2.34759e-05
internal_weight=0 200 54 146 342 315
internal_count=542 200 54 146 342 315
is_linear=0
shrinkage=0.1


Tree=301
num_leaves=8
num_cat=0
split_feature=15 19 101 15 97 19 101
split_gain=0.00928763 0.0440144 0.0650363 0.0349748 0.039061 0.0292028 0.027864
threshold=4.6199495871088647 4.9199542854466296 4.6343046400500798 4.234001473612734 3.1345481418531311 5.272986409146923 2.6735537653587347
decision_type=2 2 2 2 2 2 2
left_child=3 2 -2 4 -1 -3 -5
right_child=1 5 -4 6 -6 -7 -8
leaf_value=0.0012179846256251702 -0.0070900054447437556 0.0032938850457027839 0.001015129080042243 0.0061076454818248752 -0.0017961756945863415 -0.00021986796535910459 0.00074587870455746148
leaf_weight=99 22 26 18 18 76 262 21
leaf_count=99 22 26 18 18 76 262 21
internal_value=0 -0.000334366 -0.00344269 0.000512487 -9.10221e-05 9.73458e-05 0.00322054
internal_weight=0 328 40 214 175 288 39
internal_count=542 328 40 214 175 288 39
is_linear=0
shrinkage=0.1


Tree=302
num_leaves=6
num_cat=0
split_feature=65 102 16 8 13
split_gain=0.00972284 0.0458262 0.0335938 0.0516258 0.0488301
threshold=1.8552669399515371 3.5516610312630568 2.7058230259275202 2.3937458713910238 2.602003343538398
decision_type=2 2 2 2 2
left_child=1 -1 4 -4 -2
right_child=2 -3 3 -5 -6
leaf_value=-0.0047177624931050979 0.00031771660724189132 0.0014834905549203261 -0.0053268840266881808 1.0259000209169629e-05 0.0055618038992039289
leaf_weight=22 56 26 19 393 26
leaf_count=22 56 26 19 393 26
internal_value=0 -0.00135875 0.000132024 -0.000235871 0.00198048
internal_weight=0 48 494 412 82
internal_count=542 48 494 412 82
is_linear=0
shrinkage=0.1


Tree=303
num_leaves=7
num_cat=0
split_feature=54 86 29 10 10 16
split_gain=0.00924086 0.0286208 0.035359 0.0235015 0.0542696 0.0335148
threshold=2.191013317336941 0.55060599904129914 1.5890269151739731 2.3937458713910238 1.8688348091416842 2.7058230259275202
decision_type=2 2 2 2 2 2
left_child=1 2 -1 4 -2 -5
right_child=3 -3 -4 5 -6 -7
leaf_value=0.003522412214232119 -0.0001451588406780502 0.0033365866547683254 -0.0014481416000213859 0.0041380646894685928 -0.0057211763608696255 -7.9591668439276807e-05
leaf_weight=19 64 32 58 20 24 325
leaf_count=19 64 32 58 20 24 325
internal_value=0 0.000822976 -0.000221641 -0.00020717 -0.00166589 0.00016491
internal_weight=0 109 77 433 88 345
internal_count=542 109 77 433 88 345
is_linear=0
shrinkage=0.1


Tree=304
num_leaves=7
num_cat=0
split_feature=24 102 60 102 38 84
split_gain=0.0099729 0.0681503 0.0982592 0.0589629 0.0516792 0.0357596
threshold=3.9316333620047872 5.272986409146923 3.9342706253714224 5.625819309938989 3.9316333620047872 0.11818009815304052
decision_type=2 2 2 2 2 2
left_child=4 2 -2 -3 5 -1
right_child=1 3 -4 -5 -6 -7
leaf_value=0.00045852690244580369 0.0099930330261807226 -0.0055139099983008283 -0.00075866877347888315 0.00029776550435493593 -0.0042693088071480874 -0.0036855144041549903
leaf_weight=220 17 19 17 215 31 23
leaf_count=220 17 19 17 215 31 23
internal_value=0 0.000433729 0.00461718 -0.000174123 -0.000424232 6.62925e-05
internal_weight=0 268 34 234 274 243
internal_count=542 268 34 234 274 243
is_linear=0
shrinkage=0.1


Tree=305
num_leaves=7
num_cat=0
split_feature=46 12 69 46 29 87
split_gain=0.00972048 0.0460532 0.079576 0.0424072 0.0402354 0.0187197
threshold=4.6539149966267201 3.891612008168019 4.2416588573484209 4.4425820475484112 3.891612008168019 0.42132096050533818
decision_type=2 2 2 2 2 2
left_child=3 4 -3 5 -2 -1
right_child=1 2 -4 -5 -6 -7
leaf_value=-0.00042580405602433632 0.00092776793365677204 0.0070160937035325336 1.0961821302771569e-05 -0.0039790032597790872 -0.0056165130028282021 0.0010330311492683763
leaf_weight=272 21 24 50 28 17 130
leaf_count=272 21 24 50 28 17 130
internal_value=0 0.000829792 0.0022829 -0.000216132 -0.00199994 4.59586e-05
internal_weight=0 112 74 430 38 402
internal_count=542 112 74 430 38 402
is_linear=0
shrinkage=0.1


Tree=306
num_leaves=4
num_cat=0
split_feature=85 48 20
split_gain=0.0100675 0.0165578 0.0147676
threshold=0.68555221698570346 5.4204958404047412 1.5890269151739729
decision_type=2 2 2
left_child=1 2 -1
right_child=-2 -3 -4
leaf_value=0.0013976297861400752 -0.0017205621817538486 0.0022742555297692447 -0.00025697706178874228
leaf_weight=62 32 33 415
leaf_count=62 32 33 415
internal_value=0 0.000107957 -4.19129e-05
internal_weight=0 510 477
internal_count=542 510 477
is_linear=0
shrinkage=0.1


Tree=307
num_leaves=6
num_cat=0
split_feature=42 84 95 46 88
split_gain=0.0100476 0.0493132 0.0430182 0.0370395 0.043656
threshold=2.8314802400679731 0.11818009815304052 1.9356005054539456 2.8314802400679731 0.15709987798973188
decision_type=2 2 2 2 2
left_child=1 2 -1 -2 -5
right_child=3 -3 -4 4 -6
leaf_value=-0.0036834131960791572 0.0035974980411992877 -0.0044301059828805072 0.00059553184058920496 -0.0011287178581130175 0.0014110576292713647
leaf_weight=27 32 28 181 152 122
leaf_count=27 32 28 181 152 122
internal_value=0 -0.000490271 4.00919e-05 0.000378117 2.13108e-06
internal_weight=0 236 208 306 274
internal_count=542 236 208 306 274
is_linear=0
shrinkage=0.1


Tree=308
num_leaves=7
num_cat=0
split_feature=47 47 23 75 55 74
split_gain=0.00981944 0.0309709 0.0372665 0.0273666 0.0582553 0.0354947
threshold=4.3943729409690677 4.6199495871088647 4.2625806805327082 1.2424533248940004 3.2180751841847144 0.78724914390845602
decision_type=2 2 2 2 2 2
left_child=3 -2 -3 4 -1 -5
right_child=1 2 -4 5 -6 -7
leaf_value=0.00032776496311845752 0.0044912028838606441 0.0026488958981496342 -0.00034786224093741818 -0.0004795937141929956 -0.0056835424254781438 0.003748405002988875
leaf_weight=38 17 49 271 115 28 24
leaf_count=38 17 49 271 115 28 24
internal_value=0 0.000331975 0.000111016 -0.000545735 -0.00222249 0.00025042
internal_weight=0 337 320 205 66 139
internal_count=542 337 320 205 66 139
is_linear=0
shrinkage=0.1


Tree=309
num_leaves=6
num_cat=0
split_feature=18 14 100 11 36
split_gain=0.0116993 0.066427 0.0478912 0.0438038 0.0355724
threshold=4.0773937863842606 4.1430087342023825 3.5972184255501678 6.3473754075203601 4.465842055365858
decision_type=2 2 2 2 2
left_child=3 -2 -3 4 -1
right_child=1 2 -4 -5 -6
leaf_value=-0.00035186272988033042 0.0060872180270962421 -0.004737698414215917 0.0005974492308411266 -0.0038654489111650038 0.0030237017600198411
leaf_weight=289 20 19 147 32 35
leaf_count=289 20 19 147 32 35
internal_value=0 0.000642759 -1.32002e-05 -0.000335823 1.27816e-05
internal_weight=0 186 166 356 324
internal_count=542 186 166 356 324
is_linear=0
shrinkage=0.1


Tree=310
num_leaves=7
num_cat=0
split_feature=73 33 96 45 27 32
split_gain=0.010447 0.0383684 0.0619007 0.0351146 0.0387809 0.0302558
threshold=1.2424533248940004 3.4960482137079443 4.5325416796595226 1.0397207708399181 3.3296469598418192 2.3937458713910238
decision_type=2 2 2 2 2 2
left_child=3 5 -3 -1 -5 -2
right_child=1 2 -4 4 -6 -7
leaf_value=0.004531164803713756 -0.0015605184219946917 -0.005903980393583576 0.00032816808140042296 -0.002683109908126468 0.00055710479547913926 0.0013647510515199033
leaf_weight=19 55 30 34 43 262 99
leaf_count=19 55 30 34 43 262 99
internal_value=0 -0.000535229 -0.00259315 0.000360123 0.000100288 0.000320012
internal_weight=0 218 64 324 305 154
internal_count=542 218 64 324 305 154
is_linear=0
shrinkage=0.1


Tree=311
num_leaves=4
num_cat=0
split_feature=11 11 0
split_gain=0.00964652 0.0262248 0.0190481
threshold=7.7764660513092769 7.4518207207254372 5.2521500609466392
decision_type=2 2 2
left_child=1 2 -1
right_child=-2 -3 -4
leaf_value=-0.00013964037955479903 0.0021552910725586116 -0.0034616259687357924 0.0019177623685100117
leaf_weight=450 20 22 50
leaf_count=450 20 22 50
internal_value=0 -8.25782e-05 6.60999e-05
internal_weight=0 522 500
internal_count=542 522 500
is_linear=0
shrinkage=0.1


Tree=312
num_leaves=7
num_cat=0
split_feature=82 77 20 40 44 42
split_gain=0.0104844 0.0362561 0.0298145 0.0283491 0.0789025 0.0533028
threshold=0.32974294883386152 2.8888261616113287 1.0397207708399181 2.8314802400679731 2.3937458713910238 2.6735537653587347
decision_type=2 2 2 2 2 2
left_child=3 -2 -3 4 -1 -5
right_child=1 2 -4 5 -6 -7
leaf_value=-0.00097449527910122501 -0.0038983414215700966 0.0038290971890091899 -0.00045200068959635656 -0.0036714595443169983 0.0073800464253872631 0.00049941045796684169
leaf_weight=26 28 18 169 35 20 246
leaf_count=26 28 18 169 35 20 246
internal_value=0 -0.000542409 -3.99164e-05 0.00035663 0.00265791 -2.00929e-05
internal_weight=0 215 187 327 46 281
internal_count=542 215 187 327 46 281
is_linear=0
shrinkage=0.1


Tree=313
num_leaves=6
num_cat=0
split_feature=75 61 75 72 68
split_gain=0.00943825 0.0337687 0.033444 0.0369504 0.0203065
threshold=3.1771850203986758 2.7969637305477977 2.8617925509761908 0.80260924844569626 3.7060111904925019
decision_type=2 2 2 2 2
left_child=2 -2 3 -1 -3
right_child=1 4 -4 -5 -6
leaf_value=0.00024016794498490706 -0.0048860140802229161 0.0029723977217347257 0.0037139652932707506 -0.0041768691135803246 -0.00066544801408711539
leaf_weight=357 17 18 26 20 104
leaf_count=357 17 18 26 20 104
internal_value=0 -0.000710544 0.000245076 5.84237e-06 -0.000128717
internal_weight=0 139 403 377 122
internal_count=542 139 403 377 122
is_linear=0
shrinkage=0.1


Tree=314
num_leaves=7
num_cat=0
split_feature=54 34 22 97 78 97
split_gain=0.00923542 0.0268541 0.0464165 0.0213657 0.0487555 0.0214506
threshold=2.191013317336941 3.8499212036984933 2.3937458713910238 4.1971736807086968 0.60901001002574762 5.0657496176235997
decision_type=2 2 2 2 2 2
left_child=1 2 -1 4 -2 -5
right_child=3 -3 -4 5 -6 -7
leaf_value=-2.6499743883808452e-05 -0.0038967167498247532 -0.0028286824591786546 0.0048081058350488036 0.0015971632378006526 0.0011880838439648153 -0.00028821072269124263
leaf_weight=63 44 17 29 77 33 279
leaf_count=63 44 17 29 77 33 279
internal_value=0 0.000822734 0.00149745 -0.000207109 -0.00171752 0.000119581
internal_weight=0 109 92 433 77 356
internal_count=542 109 92 433 77 356
is_linear=0
shrinkage=0.1


Tree=315
num_leaves=4
num_cat=0
split_feature=35 39 38
split_gain=0.00964977 0.0202444 0.0143723
threshold=7.7397808239352983 7.5120616903677684 4.9199542854466296
decision_type=2 2 2
left_child=1 2 -1
right_child=-2 -3 -4
leaf_value=-0.00014570039673964238 0.0020513943079012364 -0.0034807759446694574 0.0016736706273756379
leaf_weight=455 22 17 48
leaf_count=455 22 17 48
internal_value=0 -8.67898e-05 2.79175e-05
internal_weight=0 520 503
internal_count=542 520 503
is_linear=0
shrinkage=0.1


Tree=316
num_leaves=6
num_cat=0
split_feature=24 64 38 96 12
split_gain=0.00900911 0.0502548 0.0388445 0.0317376 0.0289037
threshold=3.9316333620047872 4.0193770416747006 3.9316333620047872 4.1430087342023825 3.891612008168019
decision_type=2 2 2 2 2
left_child=2 -2 3 -1 -3
right_child=1 4 -4 -5 -6
leaf_value=0.00035490099383293588 0.0056740321821587931 -0.0035910929765668696 -0.0037367981956190157 -0.0039019570710431585 0.00037161654642041278
leaf_weight=224 17 20 31 19 231
leaf_count=224 17 20 31 19 231
internal_value=0 0.000412239 -0.000403212 2.20602e-05 5.58628e-05
internal_weight=0 268 274 243 251
internal_count=542 268 274 243 251
is_linear=0
shrinkage=0.1


Tree=317
num_leaves=7
num_cat=0
split_feature=82 77 11 40 44 42
split_gain=0.00876128 0.0302955 0.0268639 0.0221852 0.0612107 0.0439706
threshold=0.32974294883386152 2.8888261616113287 7.3231600434947675 2.8314802400679731 2.3937458713910238 2.6735537653587347
decision_type=2 2 2 2 2 2
left_child=3 -2 -3 4 -1 -5
right_child=1 2 -4 5 -6 -7
leaf_value=-0.00083756650654742346 -0.0035635299016056319 0.0003665719777927734 -0.0036005341938059581 -0.0033236121359680386 0.006520960870257113 0.00046458874248929806
leaf_weight=26 28 168 19 35 20 246
leaf_count=26 28 168 19 35 20 246
internal_value=0 -0.000495837 -3.6503e-05 0.000326009 0.00236179 -7.25122e-06
internal_weight=0 215 187 327 46 281
internal_count=542 215 187 327 46 281
is_linear=0
shrinkage=0.1


Tree=318
num_leaves=4
num_cat=0
split_feature=12 60 57
split_gain=0.00950963 0.0156813 0.0202862
threshold=6.0473693846339858 5.6378573412431257 3.8703486433065093
decision_type=2 2 2
left_child=1 2 -1
right_child=-2 -3 -4
leaf_value=-0.00010971216458536718 0.0023277554044719129 -0.0024225402718271922 0.0025727346337710822
leaf_weight=468 17 27 30
leaf_count=468 17 27 30
internal_value=0 -7.53749e-05 5.1881e-05
internal_weight=0 525 498
internal_count=542 525 498
is_linear=0
shrinkage=0.1


Tree=319
num_leaves=7
num_cat=0
split_feature=36 103 103 24 20 13
split_gain=0.00939498 0.057075 0.0473019 0.0390189 0.0418389 0.0278721
threshold=2.9430520157250784 4.7273486598447958 3.4960482137079443 3.2180751841847144 3.3497501700808394 2.602003343538398
decision_type=2 2 2 2 2 2
left_child=1 2 -1 5 -5 -2
right_child=3 -3 -4 4 -6 -7
leaf_value=-0.0013996606479962301 0.00072270787454077178 -0.0053755559196526359 0.0024428161814422263 -0.0043429128878580579 0.00016867096258584745 0.0054208582955534053
leaf_weight=81 28 22 53 22 313 23
leaf_count=81 28 22 53 22 313 23
internal_value=0 -0.000654907 0.000120125 0.000264677 -0.000127612 0.00284148
internal_weight=0 156 134 386 335 51
internal_count=542 156 134 386 335 51
is_linear=0
shrinkage=0.1


Tree=320
num_leaves=5
num_cat=0
split_feature=69 59 36 56
split_gain=0.00935737 0.0311261 0.02732 0.0270459
threshold=2.2499382849278535 2.7058230259275202 2.3937458713910238 2.5453390008848964
decision_type=2 2 2 2
left_child=2 -2 -1 -3
right_child=1 3 -4 -5
leaf_value=-0.00099980342302246608 -0.0038199700753797187 0.0035361886024475099 0.0033045365680785229 -0.0001371873112028962
leaf_weight=29 22 21 30 440
leaf_count=29 22 21 30 440
internal_value=0 -0.000145221 0.00118884 3.01465e-05
internal_weight=0 483 59 461
internal_count=542 483 59 461
is_linear=0
shrinkage=0.1


Tree=321
num_leaves=4
num_cat=0
split_feature=67 65 69
split_gain=0.00949359 0.0286329 0.0203115
threshold=2.8314802400679731 1.8849398583406827 3.0251604628081092
decision_type=2 2 2
left_child=-1 -2 -3
right_child=1 2 -4
leaf_value=0.0017931561043951661 -0.0035461657802047936 0.0014123222324997188 -0.00024291971706770713
leaf_weight=28 23 91 400
leaf_count=28 23 91 400
internal_value=0 -9.76817e-05 6.38563e-05
internal_weight=0 514 491
internal_count=542 514 491
is_linear=0
shrinkage=0.1


Tree=322
num_leaves=4
num_cat=0
split_feature=11 11 0
split_gain=0.00903668 0.0195793 0.0174569
threshold=7.7764660513092769 7.4518207207254372 5.2521500609466392
decision_type=2 2 2
left_child=1 2 -1
right_child=-2 -3 -4
leaf_value=-0.0001484187451664588 0.0020860511134378613 -0.0029996178811416033 0.0018211801034049133
leaf_weight=450 20 22 50
leaf_count=450 20 22 50
internal_value=0 -7.99253e-05 4.85411e-05
internal_weight=0 522 500
internal_count=542 522 500
is_linear=0
shrinkage=0.1


Tree=323
num_leaves=5
num_cat=0
split_feature=85 96 6 6
split_gain=0.00933492 0.0154237 0.039139 0.029304
threshold=0.68555221698570346 4.3437210834879627 4.1742689126930488 4.6150714996361826
decision_type=2 2 2 2
left_child=1 2 -1 -3
right_child=-2 3 -4 -5
leaf_value=0.00010475644763313799 -0.0016567832295550035 0.0032482490403486827 -0.0033646538556139499 5.9466235103810534e-05
leaf_weight=336 32 41 36 97
leaf_count=336 32 41 36 97
internal_value=0 0.000103955 -0.000230993 0.00100686
internal_weight=0 510 372 138
internal_count=542 510 372 138
is_linear=0
shrinkage=0.1


Tree=324
num_leaves=7
num_cat=0
split_feature=18 39 101 57 28 24
split_gain=0.00955796 0.0404957 0.0745915 0.0388839 0.035158 0.0291669
threshold=3.9701138825728512 6.5659667189720521 5.065709810291068 2.8729044113010933 4.465842055365858 3.9316333620047872
decision_type=2 2 2 2 2 2
left_child=4 2 -2 -3 5 -1
right_child=1 3 -4 -5 -6 -7
leaf_value=-0.00044722481253081772 0.0076111937186827787 -0.003239292372018099 0.00064933399955834049 0.00076999538516432393 -0.0037842929190783589 0.0021650154020879235
leaf_weight=264 19 41 81 59 27 51
leaf_count=264 19 41 81 59 27 51
internal_value=0 0.000549137 0.00197209 -0.000873813 -0.000321133 -2.42907e-05
internal_weight=0 200 100 100 342 315
internal_count=542 200 100 100 342 315
is_linear=0
shrinkage=0.1


Tree=325
num_leaves=7
num_cat=0
split_feature=23 27 23 66 23 96
split_gain=0.00971293 0.0394983 0.0268449 0.0402557 0.040046 0.0240863
threshold=6.7623758786172496 6.8458708213115473 6.0414268057855178 3.8176519431297078 5.7682428646896211 3.7132745361986528
decision_type=2 2 2 2 2 2
left_child=2 -2 4 -4 -1 -3
right_child=1 5 3 -5 -6 -7
leaf_value=-0.0001752724552068162 0.0052642497507964861 0.0030526951753667426 -0.004620577563764528 0.00032106181058813544 0.0038991978723340887 -0.00076275126581701151
leaf_weight=334 17 21 32 34 26 78
leaf_count=334 17 21 32 34 26 78
internal_value=0 0.000811243 -0.000220902 -0.00207488 0.000118995 4.65859e-05
internal_weight=0 116 426 66 360 99
internal_count=542 116 426 66 360 99
is_linear=0
shrinkage=0.1


Tree=326
num_leaves=7
num_cat=0
split_feature=73 83 78 104 104 6
split_gain=0.00931566 0.0232798 0.0317152 0.017643 0.0443121 0.0431901
threshold=3.5694334999727624 2.2913746375050787 1.2010704351462762 4.6150714996361826 4.0342014792848504 4.6150714996361826
decision_type=2 2 2 2 2 2
left_child=3 2 -2 4 -1 -5
right_child=1 -3 -4 5 -6 -7
leaf_value=0.00033578979542538053 -0.00013216697649719815 0.0010463557026307699 -0.0056008842547031999 0.0028745765691357002 -0.0026107630119440728 -0.00050730208858134934
leaf_weight=252 24 31 19 70 64 82
leaf_count=252 24 31 19 70 64 82
internal_value=0 -0.00104259 -0.00254858 0.000164854 -0.00026098 0.00105014
internal_weight=0 74 43 468 316 152
internal_count=542 74 43 468 316 152
is_linear=0
shrinkage=0.1


Tree=327
num_leaves=6
num_cat=0
split_feature=75 61 75 72 68
split_gain=0.00865202 0.0266686 0.0252931 0.0301221 0.0185008
threshold=3.1771850203986758 2.7969637305477977 2.8617925509761908 0.80260924844569626 3.7060111904925019
decision_type=2 2 2 2 2
left_child=2 -2 3 -1 -3
right_child=1 4 -4 -5 -6
leaf_value=0.00023816724115276988 -0.0043909433516947666 0.0027967806879637975 0.0032513495382423016 -0.0037499129492789512 -0.00067556292405102937
leaf_weight=357 17 18 26 20 104
leaf_count=357 17 18 26 20 104
internal_value=0 -0.000680306 0.000234646 2.6598e-05 -0.00016325
internal_weight=0 139 403 377 122
internal_count=542 139 403 377 122
is_linear=0
shrinkage=0.1


Tree=328
num_leaves=4
num_cat=0
split_feature=10 85 50
split_gain=0.00834472 0.0119535 0.0117506
threshold=5.9597083565416389 0.68555221698570346 3.891612008168019
decision_type=2 2 2
left_child=1 2 -1
right_child=-2 -3 -4
leaf_value=-0.00028674881687254484 0.0021805269890190922 -0.0020088563343839873 0.00075842457465828206
leaf_weight=337 17 30 158
leaf_count=337 17 30 158
internal_value=0 -7.06075e-05 4.68621e-05
internal_weight=0 525 495
internal_count=542 525 495
is_linear=0
shrinkage=0.1


Tree=329
num_leaves=4
num_cat=0
split_feature=67 69 69
split_gain=0.00840135 0.0242769 0.0315619
threshold=2.8314802400679731 2.0198544097603941 2.2929443328390202
decision_type=2 2 2
left_child=-1 -2 -3
right_child=1 2 -4
leaf_value=0.0016868542419355697 -0.0038078322164330856 0.0041460938861645341 -0.00011926607729109793
leaf_weight=28 17 18 479
leaf_count=28 17 18 479
internal_value=0 -9.18909e-05 3.52138e-05
internal_weight=0 514 497
internal_count=542 514 497
is_linear=0
shrinkage=0.1


Tree=330
num_leaves=6
num_cat=0
split_feature=45 47 65 57 18
split_gain=0.00759615 0.0364243 0.02952 0.0237332 0.0217927
threshold=4.9052473428434826 7.1498971200923691 4.8526159781556206 2.6376797692849299 3.9701138825728512
decision_type=2 2 2 2 2
left_child=1 4 3 -2 -1
right_child=2 -3 -4 -5 -6
leaf_value=-0.00035623841465829819 0.00028229617979377511 -0.0035160716421281297 -0.0026538380065604171 0.0045519412900118725 0.0012028914561960846
leaf_weight=317 30 30 17 23 125
leaf_count=317 30 30 17 23 125
internal_value=0 -0.00014417 0.000972118 0.00213516 8.4692e-05
internal_weight=0 472 70 53 442
internal_count=542 472 70 53 442
is_linear=0
shrinkage=0.1


Tree=331
num_leaves=7
num_cat=0
split_feature=69 98 41 70 59 52
split_gain=0.008005 0.0603301 0.0429271 0.0288959 0.0613883 0.0297442
threshold=3.0251604628081092 6.9927515451944107 2.3502401828962087 3.251723513446247 3.3497501700808394 3.5408542930527882
decision_type=2 2 2 2 2 2
left_child=1 2 -1 4 -2 -5
right_child=3 -3 -4 5 -6 -7
leaf_value=0.0026386765988938737 0.0012016383931040765 0.0048964292716441888 -0.0016721407318179339 0.0029539016250055283 -0.0070572485836843659 -0.00023634701872500801
leaf_weight=33 18 27 77 32 18 337
leaf_count=33 18 27 77 32 18 337
internal_value=0 0.000660767 -0.000378896 -0.000223519 -0.00292781 4.03141e-05
internal_weight=0 137 110 405 36 369
internal_count=542 137 110 405 36 369
is_linear=0
shrinkage=0.1


Tree=332
num_leaves=6
num_cat=0
split_feature=82 77 20 38 8
split_gain=0.00835187 0.0239654 0.0228448 0.0223007 0.0265605
threshold=0.32974294883386152 2.8888261616113287 1.0397207708399181 1.7005986908310777 2.191013317336941
decision_type=2 2 2 2 2
left_child=3 -2 -3 -1 -5
right_child=1 2 -4 4 -6
leaf_value=0.002870122946408247 -0.0032125584560812321 0.003311146262826191 -0.00043629200780521753 -0.0021861399087033028 0.00045213876497343674
leaf_weight=31 28 18 169 45 251
leaf_count=31 28 18 169 45 251
internal_value=0 -0.000484113 -7.5576e-05 0.000318301 5.10491e-05
internal_weight=0 215 187 327 296
internal_count=542 215 187 327 296
is_linear=0
shrinkage=0.1


Tree=333
num_leaves=8
num_cat=0
split_feature=54 88 69 9 58 58 69
split_gain=0.00864371 0.0192868 0.0303392 0.0192823 0.0544792 0.033509 0.0148795
threshold=2.191013317336941 0.22478797469785308 2.6150533653702501 1.9356005054539456 2.7058230259275202 2.5619819897016298 2.3552687988665926
decision_type=2 2 2 2 2 2 2
left_child=1 2 -1 4 -2 -5 -3
right_child=3 6 -4 5 -6 -7 -8
leaf_value=0.00054937307571020463 0.0013834776149855722 0.00062646563081736014 0.0053919500360886255 -0.002912132912186078 -0.006510369186905925 0.00028688624902491368 -0.003124097129330039
leaf_weight=46 18 28 18 36 17 362 17
leaf_count=46 18 28 18 36 17 362 17
internal_value=0 0.000795942 0.00191135 -0.000200364 -0.00245068 -2.47227e-06 -0.000790414
internal_weight=0 109 64 433 35 398 45
internal_count=542 109 64 433 35 398 45
is_linear=0
shrinkage=0.1


Tree=334
num_leaves=6
num_cat=0
split_feature=55 16 14 9 1
split_gain=0.00814497 0.0679676 0.0480187 0.0293249 0.034228
threshold=3.2951505240983434 3.6632328069201612 2.6735537653587347 1.9356005054539456 2.9174053685313028
decision_type=2 2 2 2 2
left_child=1 2 -1 -2 -5
right_child=3 -3 -4 4 -6
leaf_value=0.00078115901325649607 -0.0034969783773144275 0.0060508166253566741 -0.003657541337663368 0.0023786215515928253 -0.00042357648272385031
leaf_weight=114 26 20 31 51 300
leaf_count=114 26 20 31 51 300
internal_value=0 0.000585968 -0.000167805 -0.000256458 -1.64195e-05
internal_weight=0 165 145 377 351
internal_count=542 165 145 377 351
is_linear=0
shrinkage=0.1


Tree=335
num_leaves=4
num_cat=0
split_feature=23 31 43
split_gain=0.00766986 0.0137389 0.0140426
threshold=7.8332668616847121 7.546962839272358 7.4518207207254372
decision_type=2 2 2
left_child=1 2 -1
right_child=-2 -3 -4
leaf_value=8.5932079146842173e-05 -0.0020296609236134426 0.0025757426436203313 -0.0023452889800137204
leaf_weight=478 18 21 25
leaf_count=478 18 21 25
internal_value=0 6.97212e-05 -3.4904e-05
internal_weight=0 524 503
internal_count=542 524 503
is_linear=0
shrinkage=0.1


Tree=336
num_leaves=5
num_cat=0
split_feature=20 25 35 86
split_gain=0.0075725 0.0170215 0.022265 0.0219258
threshold=6.0049923831196965 5.1298812082267613 7.3369335228541059 0.22312786406904112
decision_type=2 2 2 2
left_child=1 2 -1 -3
right_child=-2 3 -4 -5
leaf_value=-8.2423328520937444e-05 0.0019610741849694596 0.00016945279669016602 0.0027751744018289551 -0.0046413607623738548
leaf_weight=456 19 20 29 18
leaf_count=456 19 20 29 18
internal_value=0 -7.12436e-05 8.84433e-05 -0.00210935
internal_weight=0 523 485 38
internal_count=542 523 485 38
is_linear=0
shrinkage=0.1


Tree=337
num_leaves=6
num_cat=0
split_feature=69 98 41 4 0
split_gain=0.00757785 0.0475208 0.0339262 0.0262654 0.0226733
threshold=3.0251604628081092 6.9927515451944107 2.3502401828962087 2.9430520157250784 3.1132683346437333
decision_type=2 2 2 2 2
left_child=1 2 -1 -2 -5
right_child=3 -3 -4 4 -6
leaf_value=0.0024028069311470696 -0.0036611381618838223 0.0044020994695731334 -0.0014295142526472254 0.0030151089896326482 -0.00022310339094842158
leaf_weight=33 21 27 77 23 361
leaf_count=33 21 27 77 23 361
internal_value=0 0.000642896 -0.000279818 -0.000217473 -2.9148e-05
internal_weight=0 137 110 405 384
internal_count=542 137 110 405 384
is_linear=0
shrinkage=0.1


Tree=338
num_leaves=6
num_cat=0
split_feature=80 80 88 17 92
split_gain=0.00774027 0.0389991 0.0273675 0.0186015 0.0173737
threshold=0.2336471673569647 0.10418907591824429 0.65418046831921017 4.465842055365858 4.3720368069536351
decision_type=2 2 2 2 2
left_child=1 4 3 -2 -1
right_child=2 -3 -4 -5 -6
leaf_value=-0.0024937928116952001 -0.00068156076598825167 -0.0044677204936132992 0.0033895409183709751 0.0015124184560447345 0.00020459665946967513
leaf_weight=26 120 21 28 57 290
leaf_count=26 120 21 28 57 290
internal_value=0 -0.000294741 0.000484525 2.49749e-05 -1.74227e-05
internal_weight=0 337 205 177 316
internal_count=542 337 205 177 316
is_linear=0
shrinkage=0.1


Tree=339
num_leaves=6
num_cat=0
split_feature=23 23 22 20 92
split_gain=0.00774119 0.0216138 0.0249112 0.0186396 0.0186311
threshold=7.4730587573469638 6.9593980611994821 4.4187680230537838 4.9485334923666038 4.5107250548888773
decision_type=2 2 2 2 2
left_child=1 2 -1 -3 -2
right_child=4 3 -4 -5 -6
leaf_value=0.00015987591229527261 -0.0038491483271012416 -0.00045739236686910903 -0.0020628279019461091 0.0032727144281002318 0.00051661923365748448
leaf_weight=386 17 21 58 37 23
leaf_count=386 17 21 58 37 23
internal_value=0 0.00010668 -0.000130477 0.00192216 -0.00133883
internal_weight=0 502 444 58 40
internal_count=542 502 444 58 40
is_linear=0
shrinkage=0.1


Tree=340
num_leaves=5
num_cat=0
split_feature=53 42 59 89
split_gain=0.00765679 0.0161119 0.013204 0.01197
threshold=3.8026168433274292 2.524928003624769 5.8005780491822945 0.67727089201096924
decision_type=2 2 2 2
left_child=2 -2 3 -1
right_child=1 -3 -4 -5
leaf_value=0.00014762813605977078 0.00063126245280727741 -0.0034351669938156477 0.0025592706881330481 -0.0016588351160226012
leaf_weight=442 20 19 21 40
leaf_count=442 20 19 21 40
internal_value=0 -0.00134982 0.000104658 -2.28583e-06
internal_weight=0 39 503 482
internal_count=542 39 503 482
is_linear=0
shrinkage=0.1


Tree=341
num_leaves=5
num_cat=0
split_feature=103 103 18 103
split_gain=0.00702654 0.037011 0.0170911 0.015271
threshold=6.0924347189395363 5.7835931758483339 5.3229980813168991 6.462969825394751
decision_type=2 2 2 2
left_child=1 2 -1 -2
right_child=3 -3 -4 -5
leaf_value=7.3714608115217774e-05 -0.0029651754169511455 0.0039500030979979783 -0.0025189740833377952 0.00039473775240983218
leaf_weight=436 24 24 27 31
leaf_count=436 24 24 27 31
internal_value=0 0.000121001 -7.74789e-05 -0.00107141
internal_weight=0 487 463 55
internal_count=542 487 463 55
is_linear=0
shrinkage=0.1


Tree=342
num_leaves=7
num_cat=0
split_feature=46 46 12 52 29 87
split_gain=0.00710361 0.0280469 0.0266891 0.0567941 0.0262521 0.0170053
threshold=4.6539149966267201 4.4425820475484112 3.891612008168019 3.7494348669884658 3.891612008168019 0.42132096050533818
decision_type=2 2 2 2 2 2
left_child=1 5 4 -4 -2 -1
right_child=2 -3 3 -5 -6 -7
leaf_value=-0.00042126050628961393 0.00092003740636365764 -0.0032449084766475221 0.0068883687504293287 0.00030261426663696114 -0.0043661189419628285 0.00096917111885536891
leaf_weight=272 21 28 17 57 17 130
leaf_count=272 21 28 17 57 17 130
internal_value=0 -0.000184763 0.000709358 0.00181556 -0.00144482 2.83816e-05
internal_weight=0 430 112 74 38 402
internal_count=542 430 112 74 38 402
is_linear=0
shrinkage=0.1


Tree=343
num_leaves=5
num_cat=0
split_feature=88 88 88 103
split_gain=0.00738309 0.0207198 0.0201377 0.019505
threshold=0.68376670610559087 0.65418046831921017 0.55228130017666432 4.1971736807086968
decision_type=2 2 2 2
left_child=1 2 -1 -3
right_child=-2 3 -4 -5
leaf_value=0.00017110322856910291 -0.0014495105539081676 0.0048710562247673388 -0.0017753975719717317 0.00014775102802862725
leaf_weight=413 33 17 61 18
leaf_count=413 33 17 61 18
internal_value=0 9.39761e-05 -7.93958e-05 0.00244193
internal_weight=0 509 474 35
internal_count=542 509 474 35
is_linear=0
shrinkage=0.1


Tree=344
num_leaves=6
num_cat=0
split_feature=49 51 42 96 95
split_gain=0.00695396 0.0316395 0.0360375 0.0259863 0.0184685
threshold=1.9356005054539456 4.3036997296511936 2.740319461670996 0.89587973461402759 2.191013317336941
decision_type=2 2 2 2 2
left_child=1 2 -1 -2 -5
right_child=3 -3 -4 4 -6
leaf_value=-0.0024634477278021607 0.0033282236522063618 -0.0041900873433665508 0.0013251492978589661 -0.0028824486836258856 0.00016767943369195163
leaf_weight=38 25 21 74 21 363
leaf_count=38 25 21 74 21 363
internal_value=0 -0.000628134 3.97324e-05 0.000204259 8.75552e-07
internal_weight=0 133 112 409 384
internal_count=542 133 112 409 384
is_linear=0
shrinkage=0.1


Tree=345
num_leaves=7
num_cat=0
split_feature=99 41 13 44 12 64
split_gain=0.00691335 0.0419106 0.0641568 0.0484861 0.0149067 0.0254997
threshold=0.89587973461402759 2.3502401828962087 2.7058230259275202 1.0397207708399181 1.5890269151739729 3.8085109207109831
decision_type=2 2 2 2 2 2
left_child=1 3 -3 -1 -2 -6
right_child=4 2 -4 -5 5 -7
leaf_value=7.5959873165151018e-05 0.0019310858079309885 -0.0037614043144433688 0.0013997728713666616 0.0074271681608960921 -0.0016547258748244996 0.00015685146168680256
leaf_weight=19 30 37 69 17 111 259
leaf_count=19 30 37 69 17 111 259
internal_value=0 0.000599419 -0.00040177 0.00354736 -0.000212794 -0.000386622
internal_weight=0 142 106 36 400 370
internal_count=542 142 106 36 400 370
is_linear=0
shrinkage=0.1


Tree=346
num_leaves=5
num_cat=0
split_feature=81 20 1 8
split_gain=0.00784296 0.0166292 0.0435737 0.0296664
threshold=2.5331926486003744 2.3937458713910238 3.0201273556387074 2.191013317336941
decision_type=2 2 2 2
left_child=1 2 -1 -3
right_child=-2 3 -4 -5
leaf_value=-4.0040414660325041e-05 -0.0021139539011261043 -0.0034599700947113054 0.0049563703558912191 2.3129302540957169e-05
leaf_weight=64 17 26 24 411
leaf_count=64 17 26 24 411
internal_value=0 6.84519e-05 0.00132262 -0.000184103
internal_weight=0 525 88 437
internal_count=542 525 88 437
is_linear=0
shrinkage=0.1


Tree=347
num_leaves=6
num_cat=0
split_feature=59 69 70 54 36
split_gain=0.00806014 0.0554508 0.0310579 0.0292992 0.02831
threshold=3.2951505240983434 2.8135578778313621 3.142614223188827 3.0201273556387074 2.3937458713910238
decision_type=2 2 2 2 2
left_child=1 4 -2 -4 -1
right_child=2 -3 3 -5 -6
leaf_value=-0.0021871673214223443 -0.0034351701515593701 0.0051417827930139463 0.0038433094557962923 -0.00018561346952786022 0.0010656040394678712
leaf_weight=45 28 23 19 361 66
leaf_count=45 28 23 19 361 66
internal_value=0 0.000672898 -0.000221001 1.58327e-05 -0.000253087
internal_weight=0 134 408 380 111
internal_count=542 134 408 380 111
is_linear=0
shrinkage=0.1


Tree=348
num_leaves=6
num_cat=0
split_feature=70 45 29 37 100
split_gain=0.00791097 0.0351002 0.0145557 0.0679311 0.0228978
threshold=1.9767854807919403 2.8617925509761908 3.1984648276080736 3.1984648276080736 1.7005986908310777
decision_type=2 2 2 2 2
left_child=1 -1 3 -2 -4
right_child=2 -3 4 -5 -6
leaf_value=0.0044661295204423369 -1.4109095275901393e-06 -0.00084296918093142181 0.0028451453603338451 -0.0051720901423444356 1.0910573732924124e-05
leaf_weight=20 166 33 32 30 261
leaf_count=20 166 33 32 30 261
internal_value=0 0.00116046 -0.000125776 -0.000792841 0.000320452
internal_weight=0 53 489 196 293
internal_count=542 53 489 196 293
is_linear=0
shrinkage=0.1


Tree=349
num_leaves=7
num_cat=0
split_feature=69 102 41 69 98 9
split_gain=0.00688269 0.0378249 0.0247677 0.023753 0.0553659 0.0239688
threshold=3.0251604628081092 4.983512786670059 2.3502401828962087 3.370407054082575 7.2491844952071967 1.9356005054539456
decision_type=2 2 2 2 2 2
left_child=1 2 -1 4 -2 -5
right_child=3 -3 -4 5 -6 -7
leaf_value=0.0021081421472546129 0.00035978237511439409 0.004631590887438506 -0.0010442628700539102 -0.0033932811617361086 -0.0068749722949338751 0.00025610948181768321
leaf_weight=36 28 20 81 19 17 341
leaf_count=36 28 20 81 19 17 341
internal_value=0 0.000612698 -7.42921e-05 -0.000207258 -0.00237335 6.35028e-05
internal_weight=0 137 117 405 45 360
internal_count=542 137 117 405 45 360
is_linear=0
shrinkage=0.1


Tree=350
num_leaves=5
num_cat=0
split_feature=85 87 87 3
split_gain=0.00700521 0.0120618 0.0456849 0.0277737
threshold=0.68555221698570346 0.42132096050533818 0.37213170253503708 2.3937458713910238
decision_type=2 2 2 2
left_child=1 2 -1 -3
right_child=-2 3 -4 -5
leaf_value=4.7185234327388436e-05 -0.0014352281969422622 -0.0019552111160010101 -0.00498843379563799 0.0015568086349040918
leaf_weight=348 32 28 19 115
leaf_count=348 32 28 19 115
internal_value=0 9.00535e-05 -0.000213514 0.00086914
internal_weight=0 510 367 143
internal_count=542 510 367 143
is_linear=0
shrinkage=0.1


Tree=351
num_leaves=7
num_cat=0
split_feature=39 64 54 40 58 40
split_gain=0.00718731 0.03553 0.037276 0.0305492 0.0377011 0.0292389
threshold=6.2709866451262153 4.2009535179792215 3.6242520361853052 4.5107991236896536 3.8176519431297078 4.2903656061101136
decision_type=2 2 2 2 2 2
left_child=3 -2 -3 5 -5 -1
right_child=1 2 -4 4 -6 -7
leaf_value=0.00021299781613162762 -0.0042024667941681715 0.0039200695797002747 -0.00067434584740801032 0.0062392543173498578 0.00012886548293349537 -0.0030057140922684585
leaf_weight=315 23 21 111 18 23 31
leaf_count=315 23 21 111 18 23 31
internal_value=0 -0.000575404 5.65839e-05 0.000230459 0.00281148 -7.53839e-05
internal_weight=0 155 132 387 41 346
internal_count=542 155 132 387 41 346
is_linear=0
shrinkage=0.1


Tree=352
num_leaves=8
num_cat=0
split_feature=54 101 41 92 10 95 16
split_gain=0.007125 0.0192172 0.0272601 0.0218009 0.0151142 0.0387194 0.0257032
threshold=2.191013317336941 1.5890269151739729 3.2951505240983434 4.4240076018545613 2.3937458713910238 3.5549397315361362 2.7058230259275202
decision_type=2 2 2 2 2 2 2
left_child=1 3 -3 -1 5 -2 -6
right_child=4 2 -4 -5 6 -7 -8
leaf_value=0.0018453526532870126 -0.0024893089884084046 0.004394303294024072 -0.00010240430960298649 -0.0022186144378572477 0.0035959234926849605 0.0025160616263747216 -9.7645346039476307e-05
leaf_weight=22 68 26 28 33 20 20 325
leaf_count=22 68 26 28 33 20 20 325
internal_value=0 0.000722643 0.00206268 -0.000593028 -0.000181912 -0.00135172 0.000116475
internal_weight=0 109 54 55 433 88 345
internal_count=542 109 54 55 433 88 345
is_linear=0
shrinkage=0.1


Tree=353
num_leaves=4
num_cat=0
split_feature=33 29 26
split_gain=0.00698844 0.0143601 0.0137267
threshold=5.752527285294831 5.2413969583361579 5.0037435712773073
decision_type=2 2 2
left_child=1 2 -1
right_child=-2 -3 -4
leaf_value=7.602655254614185e-05 -0.0019954720895518276 0.0022680395523950992 -0.0020971115513314163
leaf_weight=466 17 28 31
leaf_count=466 17 28 31
internal_value=0 6.46153e-05 -5.95213e-05
internal_weight=0 525 497
internal_count=542 525 497
is_linear=0
shrinkage=0.1


Tree=354
num_leaves=4
num_cat=0
split_feature=23 15 11
split_gain=0.00708809 0.0130782 0.0195375
threshold=7.8332668616847121 7.626056013675 7.3795883697127591
decision_type=2 2 2
left_child=1 2 -1
right_child=-2 -3 -4
leaf_value=8.9701797672857211e-05 -0.0019511668076221313 0.0026426183886973089 -0.0032651958333897511
leaf_weight=487 18 19 18
leaf_count=487 18 19 18
internal_value=0 6.70248e-05 -2.98787e-05
internal_weight=0 524 505
internal_count=542 524 505
is_linear=0
shrinkage=0.1


Tree=355
num_leaves=8
num_cat=0
split_feature=53 89 8 97 89 3 100
split_gain=0.00663576 0.0297839 0.079031 0.0327375 0.0230572 0.0287097 0.0279821
threshold=1.3424540464534973 0.22479212927071848 2.3937458713910238 2.3937458713910238 0.30930641440945372 6.6982672939140819 1.4978661367769959
decision_type=2 2 2 2 2 2 2
left_child=1 3 -3 -1 6 -6 -2
right_child=4 2 -4 -5 5 -7 -8
leaf_value=0.0018282667877536048 0.0024412515125114402 -0.0015285259293402003 0.0065052742366679024 -0.0022274655144428833 -0.0020256649750507194 0.00088046222678100569 -0.00014580871681729802
leaf_weight=34 53 24 25 48 111 49 198
leaf_count=34 53 24 25 48 111 49 198
internal_value=0 0.000619771 0.00257035 -0.00054582 -0.000197542 -0.00113566 0.000400463
internal_weight=0 131 49 82 411 160 251
internal_count=542 131 49 82 411 160 251
is_linear=0
shrinkage=0.1


Tree=356
num_leaves=5
num_cat=0
split_feature=88 88 88 103
split_gain=0.00672719 0.014596 0.0139324 0.013761
threshold=0.68376670610559087 0.65418046831921017 0.53679414469006392 4.1971736807086968
decision_type=2 2 2 2
left_child=1 2 -1 -3
right_child=-2 3 -4 -5
leaf_value=0.00016606992685231451 -0.0013836276661040206 0.0041007140486994213 -0.0013805544766107821 0.00013338254712935951
leaf_weight=406 33 17 68 18
leaf_count=406 33 17 68 18
internal_value=0 8.97047e-05 -5.58087e-05 0.00206037
internal_weight=0 509 474 35
internal_count=542 509 474 35
is_linear=0
shrinkage=0.1


Tree=357
num_leaves=5
num_cat=0
split_feature=85 97 5 97
split_gain=0.00611773 0.0102007 0.0277016 0.0230719
threshold=0.69079503857899172 7.0638596877963264 4.6539149966267201 7.2484878846251375
decision_type=2 2 2 2
left_child=1 2 -1 -3
right_child=-2 3 -4 -5
leaf_value=9.301092504756526e-05 -0.0018670277615242146 0.00437776360383449 -0.0030051689625965553 0.00019659596787355207
leaf_weight=418 17 17 31 59
leaf_count=418 17 17 31 59
internal_value=0 6.04561e-05 -0.000120895 0.00113186
internal_weight=0 525 449 76
internal_count=542 525 449 76
is_linear=0
shrinkage=0.1


Tree=358
num_leaves=7
num_cat=0
split_feature=36 103 95 24 20 61
split_gain=0.00606979 0.0379161 0.0330685 0.0278963 0.0247768 0.0202722
threshold=2.9430520157250784 4.7273486598447958 3.4334666422309414 3.2180751841847144 3.3497501700808394 2.007143870894208
decision_type=2 2 2 2 2 2
left_child=1 2 -1 5 -5 -2
right_child=3 -3 -4 4 -6 -7
leaf_value=-0.00086492710427582727 0.00043653229233593899 -0.0043740070805969563 0.0026488420386748339 -0.0033628082029860127 0.00010904800768877669 0.0044247537022456531
leaf_weight=97 26 22 37 22 313 25
leaf_count=97 26 22 37 22 313 25
internal_value=0 -0.000526403 0.000105293 0.000212743 -0.000118954 0.00239154
internal_weight=0 156 134 386 335 51
internal_count=542 156 134 386 335 51
is_linear=0
shrinkage=0.1


Tree=359
num_leaves=4
num_cat=0
split_feature=10 14 13
split_gain=0.00595856 0.00968709 0.0155059
threshold=5.9597083565416389 5.5131359965876126 4.9904094477362264
decision_type=2 2 2
left_child=1 2 -1
right_child=-2 -3 -4
leaf_value=-8.995200853672193e-05 0.0018425791661309844 -0.001836138763786133 0.0023745064584848783
leaf_weight=469 17 29 27
leaf_count=469 17 29 27
internal_value=0 -5.96645e-05 4.4202e-05
internal_weight=0 525 496
internal_count=542 525 496
is_linear=0
shrinkage=0.1


Tree=360
num_leaves=6
num_cat=0
split_feature=49 1 71 20 9
split_gain=0.00590426 0.0275464 0.0274252 0.0495836 0.0177368
threshold=1.9356005054539456 1.9356005054539456 1.7005986908310777 4.2903656061101136 1.9356005054539456
decision_type=2 2 2 2 2
left_child=2 -2 3 -1 -3
right_child=1 4 -4 -5 -6
leaf_value=-0.0010488158139058306 0.0036302433899519124 -0.0029868646757677201 -0.0032981493197188809 0.0040609633289277556 0.0001463689285193813
leaf_weight=79 22 19 29 25 368
leaf_count=79 22 19 29 25 368
internal_value=0 0.000188212 -0.000578787 0.000179496 -7.45908e-06
internal_weight=0 409 133 104 387
internal_count=542 409 133 104 387
is_linear=0
shrinkage=0.1


Tree=361
num_leaves=7
num_cat=0
split_feature=39 64 70 40 58 40
split_gain=0.00647636 0.0287706 0.0291151 0.0238897 0.0319882 0.022952
threshold=6.2709866451262153 4.2009535179792215 3.8592684562403532 4.5107991236896536 3.8176519431297078 4.2903656061101136
decision_type=2 2 2 2 2 2
left_child=3 -2 -3 5 -5 -1
right_child=1 2 -4 4 -6 -7
leaf_value=0.00020380760543048382 -0.0038100664058457255 0.0033434084912931381 -0.00064168382372537794 0.0056585945913361184 3.0175371743414712e-05 -0.0026479477370758694
leaf_weight=315 23 22 110 18 23 31
leaf_count=315 23 22 110 18 23 31
internal_value=0 -0.000546205 2.24982e-05 0.000218764 0.00250119 -5.16965e-05
internal_weight=0 155 132 387 41 346
internal_count=542 155 132 387 41 346
is_linear=0
shrinkage=0.1


Tree=362
num_leaves=8
num_cat=0
split_feature=54 31 49 61 97 46 102
split_gain=0.00669791 0.0192502 0.038766 0.0201437 0.0146238 0.03864 0.0170517
threshold=2.191013317336941 2.7058230259275202 2.191013317336941 1.1382560993415838 4.1971736807086968 2.3937458713910238 4.5271940351011493
decision_type=2 2 2 2 2 2 2
left_child=1 3 -3 -1 5 -2 -6
right_child=4 2 -4 -5 6 -7 -8
leaf_value=-0.0031838504686242061 0.0012305052943702322 9.9405658450753734e-05 0.0051686406841657704 0.0013750028304962648 0.0028581142248142333 -0.003315003139044469 -7.9379644896867665e-05
leaf_weight=21 32 48 22 18 21 45 335
leaf_count=21 32 48 22 18 21 45 335
internal_value=0 0.000700649 0.00169259 -0.00107976 -0.000176376 -0.00142596 9.38995e-05
internal_weight=0 109 70 39 433 77 356
internal_count=542 109 70 39 433 77 356
is_linear=0
shrinkage=0.1


Tree=363
num_leaves=6
num_cat=0
split_feature=70 40 6 1 55
split_gain=0.0070818 0.0272389 0.0116815 0.0417009 0.0412952
threshold=1.9767854807919403 2.8314802400679731 2.6735537653587347 3.1984648276080736 3.3497501700808394
decision_type=2 2 2 2 2
left_child=1 -1 3 -2 -4
right_child=2 -3 4 -5 -6
leaf_value=0.0040100165735930211 -0.0017386304624496076 -0.00066691375281097316 0.0033173022872927654 0.0021456770870524151 -0.00018444935745178925
leaf_weight=20 119 33 38 36 296
leaf_count=20 119 33 38 36 296
internal_value=0 0.00109797 -0.000119002 -0.000836469 0.000213954
internal_weight=0 53 489 155 334
internal_count=542 53 489 155 334
is_linear=0
shrinkage=0.1


Tree=364
num_leaves=6
num_cat=0
split_feature=9 10 24 86 87
split_gain=0.00650742 0.0244579 0.026382 0.0185607 0.0247122
threshold=2.524928003624769 0.89587973461402759 2.7058230259275202 0.63795649014967371 0.6063576095677633
decision_type=2 2 2 2 2
left_child=3 -2 -3 4 -1
right_child=1 2 -4 -5 -6
leaf_value=-0.00084322193251864521 -0.00344016885871745 -0.0022337852590816453 0.00029343870501126143 0.0031261307963480556 0.0026085583060713752
leaf_weight=80 22 47 341 24 28
leaf_count=80 22 47 341 24 28
internal_value=0 -0.000196607 -1.26941e-05 0.000610674 5.16841e-05
internal_weight=0 410 388 132 108
internal_count=542 410 388 132 108
is_linear=0
shrinkage=0.1


Tree=365
num_leaves=5
num_cat=0
split_feature=34 37 41 86
split_gain=0.0061702 0.024534 0.0316359 0.021794
threshold=5.1532748880139918 4.6913057964583187 4.5325416796595226 0.22312786406904112
decision_type=2 2 2 2
left_child=1 2 -1 -2
right_child=3 -3 -4 -5
leaf_value=0.00010040812967162881 0.00084302957437819607 0.002753400964888208 -0.0041791513885578351 -0.0028810717289646467
leaf_weight=428 33 33 18 30
leaf_count=428 33 33 18 30
internal_value=0 0.000122364 -7.23095e-05 -0.000930352
internal_weight=0 479 446 63
internal_count=542 479 446 63
is_linear=0
shrinkage=0.1


Tree=366
num_leaves=6
num_cat=0
split_feature=23 19 15 43 88
split_gain=0.00612265 0.0160723 0.0220583 0.0130814 0.00820212
threshold=7.4730587573469638 7.1372582165002347 7.0264252312558213 6.8458708213115473 0.015992802156241357
decision_type=2 2 2 2 2
left_child=1 2 -1 -2 -3
right_child=3 4 -4 -5 -6
leaf_value=6.3435811234842151e-05 -0.0029108142347208095 0.0033131315062002449 -0.003606872320832575 0.0007105395222376837 0.00043476912089520032
leaf_weight=445 21 22 17 19 18
leaf_count=445 21 22 17 19 18
internal_value=0 9.48742e-05 -7.16188e-05 -0.00119067 0.00201787
internal_weight=0 502 462 40 40
internal_count=542 502 462 40 40
is_linear=0
shrinkage=0.1


Tree=367
num_leaves=5
num_cat=0
split_feature=20 18 14 96
split_gain=0.00562397 0.0149463 0.024863 0.0206556
threshold=5.9558239461055011 5.3229980813168991 4.7957563937576522 4.8597823571876004
decision_type=2 2 2 2
left_child=1 2 -1 -3
right_child=-2 3 -4 -5
leaf_value=-0.00013178260398070472 0.0015660731164230544 -0.0045669243917526572 0.0024717293179128321 0.00012204048024224384
leaf_weight=442 22 17 40 21
leaf_count=442 22 17 40 21
internal_value=0 -6.62569e-05 8.42765e-05 -0.00197565
internal_weight=0 520 482 38
internal_count=542 520 482 38
is_linear=0
shrinkage=0.1


Tree=368
num_leaves=7
num_cat=0
split_feature=53 16 45 5 15 16
split_gain=0.00567875 0.0254053 0.0424524 0.017717 0.0558669 0.0364142
threshold=1.3424540464534973 3.6632328069201612 2.8617925509761908 2.602003343538398 2.9430520157250784 2.7058230259275202
decision_type=2 2 2 2 2 2
left_child=1 2 -1 4 -2 -5
right_child=3 -3 -4 5 -6 -7
leaf_value=0.0022445455636465697 0.0008147495585811757 0.0030227944662328809 -0.0019594528625020758 0.0033866926592083708 -0.0048108738832055567 -0.00020896962830559094
leaf_weight=41 41 32 58 31 31 308
leaf_count=41 41 32 58 31 31 308
internal_value=0 0.00057334 -0.000218403 -0.000182743 -0.00160739 0.000119837
internal_weight=0 131 99 411 72 339
internal_count=542 131 99 411 72 339
is_linear=0
shrinkage=0.1


Tree=369
num_leaves=6
num_cat=0
split_feature=5 95 40 5 57
split_gain=0.00621278 0.0397994 0.0314187 0.0228067 0.0175651
threshold=1.5890269151739731 2.191013317336941 3.8176519431297078 2.191013317336941 1.5702341610064872
decision_type=2 2 2 2 2
left_child=1 2 -1 -2 -5
right_child=3 -3 -4 4 -6
leaf_value=-0.0033602981853460816 -0.0032777724808759311 0.0046621274945209739 0.0015177522559702819 -0.0016190246401125926 0.00026064110791297498
leaf_weight=23 22 20 31 57 389
leaf_count=23 22 20 31 57 389
internal_value=0 0.000851433 -0.000559936 -0.000134628 2.04148e-05
internal_weight=0 74 54 468 446
internal_count=542 74 54 468 446
is_linear=0
shrinkage=0.1


Tree=370
num_leaves=5
num_cat=0
split_feature=102 27 102 53
split_gain=0.00647683 0.0199255 0.0128117 0.0146999
threshold=1.0397207708399181 4.7621374077860157 2.4708212113046524 1.3424540464534973
decision_type=2 2 2 2
left_child=1 -1 -2 -4
right_child=2 -3 3 -5
leaf_value=-0.00079096089488033352 -0.00272993616009545 0.0031691029590244094 0.0010858143053315197 -0.00029491399467626757
leaf_weight=27 18 24 97 376
leaf_count=27 18 24 97 376
internal_value=0 0.0010726 -0.00011141 -1.17625e-05
internal_weight=0 51 491 473
internal_count=542 51 491 473
is_linear=0
shrinkage=0.1


Tree=371
num_leaves=5
num_cat=0
split_feature=23 14 14 14
split_gain=0.00546919 0.00882101 0.0324291 0.0323609
threshold=7.8332668616847121 4.7957563937576522 4.4885732424042368 4.9522435264346063
decision_type=2 2 2 2
left_child=1 2 -1 -3
right_child=-2 3 -4 -5
leaf_value=0.00015234617641718656 -0.001713922495643298 0.0048959531602175803 -0.0028332804542151278 -4.5007224588726573e-06
leaf_weight=402 18 17 40 65
leaf_count=402 18 17 40 65
internal_value=0 5.88752e-05 -0.000117846 0.00101145
internal_weight=0 524 442 82
internal_count=542 524 442 82
is_linear=0
shrinkage=0.1


Tree=372
num_leaves=7
num_cat=0
split_feature=80 33 4 79 88 99
split_gain=0.00548732 0.024265 0.0446692 0.0445108 0.0181038 0.014001
threshold=0.98598898791261558 3.4960482137079443 3.7132745361986528 3.0900083268262866 0.68376670610559087 0.89587973461402759
decision_type=2 2 2 2 2 2
left_child=4 3 -3 -2 5 -1
right_child=1 2 -4 -5 -6 -7
leaf_value=0.00094045266283563603 0.0062592643371317536 -0.0049945539767470432 0.0010605443277136358 -0.00020971693403015916 -0.0025694547574324853 -0.00035420851403215826
leaf_weight=117 18 17 43 26 29 292
leaf_count=117 18 17 43 26 29 292
internal_value=0 0.000652982 -0.000655067 0.00243668 -0.000155046 1.61469e-05
internal_weight=0 104 60 44 438 409
internal_count=542 104 60 44 438 409
is_linear=0
shrinkage=0.1


Tree=373
num_leaves=5
num_cat=0
split_feature=65 102 69 4
split_gain=0.00532808 0.0243071 0.0157552 0.0108828
threshold=1.8552669399515371 3.5516610312630568 2.2392244741908054 1.5890269151739729
decision_type=2 2 2 2
left_child=1 -1 -2 -4
right_child=2 -3 3 -5
leaf_value=-0.0034522056336175992 0.0024016245983407968 0.0010641639344752408 -0.0025242685436216352 5.3334819984711493e-05
leaf_weight=22 28 26 17 449
leaf_count=22 28 26 17 449
internal_value=0 -0.00100584 9.77333e-05 -4.06979e-05
internal_weight=0 48 494 466
internal_count=542 48 494 466
is_linear=0
shrinkage=0.1


Tree=374
num_leaves=7
num_cat=0
split_feature=86 52 55 89 86 48
split_gain=0.00520409 0.0457347 0.0738806 0.0156182 0.0197775 0.0165571
threshold=0.61334666495513168 3.0324736619338934 4.3437210834879627 0.6659539144003781 0.54205585727546068 3.2180751841847144
decision_type=2 2 2 2 2 2
left_child=3 -2 -3 4 -1 -5
right_child=1 2 -4 5 -6 -7
leaf_value=0.00015264964836081516 0.0029993254430592062 -0.0056272979675521771 0.00091305311560483044 -0.0037474896118510517 0.0028233928212709242 -5.7023614194364319e-05
leaf_weight=366 25 31 39 20 30 31
leaf_count=366 25 31 39 20 30 31
internal_value=0 -0.000672148 -0.00198339 0.00014285 0.000354979 -0.00150427
internal_weight=0 95 70 447 396 51
internal_count=542 95 70 447 396 51
is_linear=0
shrinkage=0.1


Tree=375
num_leaves=6
num_cat=0
split_feature=103 103 5 61 86
split_gain=0.00542235 0.0286318 0.0128622 0.0111577 0.0107204
threshold=6.0924347189395363 5.7835931758483339 4.4425820475484112 4.5918206009093749 0.26518084560044003
decision_type=2 2 2 2 2
left_child=1 2 -1 -2 -5
right_child=3 -3 -4 4 -6
leaf_value=0.0001272301038576139 -0.0029832632384366462 0.0034740822307867351 -0.0014891991662027847 0.0016215810226276517 -0.0017940204316640601
leaf_weight=407 18 24 56 20 17
leaf_count=407 18 24 56 20 17
internal_value=0 0.000106295 -6.82775e-05 -0.00094119 5.22506e-05
internal_weight=0 487 463 55 37
internal_count=542 487 463 55 37
is_linear=0
shrinkage=0.1


Tree=376
num_leaves=5
num_cat=0
split_feature=53 42 57 57
split_gain=0.00580714 0.0122354 0.0116038 0.0229931
threshold=3.8026168433274292 2.524928003624769 3.8703486433065093 3.571461978100865
decision_type=2 2 2 2
left_child=2 -2 3 -1
right_child=1 -3 -4 -5
leaf_value=0.00010480355491668698 0.00055086006061173972 -0.0029927800862902879 0.0019982967393783234 -0.0036408056559808113
leaf_weight=456 20 19 30 17
leaf_count=456 20 19 30 17
internal_value=0 -0.00117553 9.11444e-05 -2.98166e-05
internal_weight=0 39 503 473
internal_count=542 39 503 473
is_linear=0
shrinkage=0.1


Tree=377
num_leaves=5
num_cat=0
split_feature=85 96 6 63
split_gain=0.00551606 0.00974271 0.0288591 0.0223499
threshold=0.68555221698570346 4.3437210834879627 4.1742689126930488 4.976709960642169
decision_type=2 2 2 2
left_child=1 2 -1 -3
right_child=-2 3 -4 -5
leaf_value=0.00010200589335909172 -0.0012735759250062984 0.0036431780378536685 -0.0028771392902449916 0.00022838578458227543
leaf_weight=336 32 23 36 115
leaf_count=336 32 23 36 115
internal_value=0 7.99106e-05 -0.000186298 0.000797518
internal_weight=0 510 372 138
internal_count=542 510 372 138
is_linear=0
shrinkage=0.1


Tree=378
num_leaves=6
num_cat=0
split_feature=18 14 96 11 7
split_gain=0.0058448 0.0346749 0.0270963 0.0232633 0.0237169
threshold=4.0773937863842606 4.1430087342023825 3.891612008168019 6.3473754075203601 5.9839077282029587
decision_type=2 2 2 2 2
left_child=3 -2 -3 4 -1
right_child=1 2 -4 -5 -6
leaf_value=-0.00024128341380585296 0.0043879088776884604 -0.0026340548531152311 0.00060472791395914643 -0.0028095855923311319 0.0028542947093093841
leaf_weight=297 20 32 134 32 27
leaf_count=297 20 32 134 32 27
internal_value=0 0.000454312 -1.96158e-05 -0.000237365 1.66814e-05
internal_weight=0 186 166 356 324
internal_count=542 186 166 356 324
is_linear=0
shrinkage=0.1


Tree=379
num_leaves=7
num_cat=0
split_feature=31 23 62 29 7 47
split_gain=0.00550326 0.0253271 0.050222 0.0320352 0.0240112 0.0307631
threshold=2.7058230259275202 3.9316333620047872 1.5890269151739729 3.1984648276080736 5.3565417728696607 2.191013317336941
decision_type=2 2 2 2 2 2
left_child=4 2 -2 -3 5 -1
right_child=1 3 -4 -5 -6 -7
leaf_value=0.00027991161735441828 0.0040637774567585444 -0.0018390746965237402 -0.00242450815926799 0.00037470815002724081 0.0022126950221718288 -0.003383307499852225
leaf_weight=52 40 85 17 283 24 41
leaf_count=52 40 85 17 283 24 41
internal_value=0 0.000167189 0.00212867 -0.000136628 -0.000607312 -0.00133506
internal_weight=0 425 57 368 117 93
internal_count=542 425 57 368 117 93
is_linear=0
shrinkage=0.1


Tree=380
num_leaves=8
num_cat=0
split_feature=73 33 96 32 92 20 104
split_gain=0.00561895 0.0231844 0.0348357 0.0206496 0.0187636 0.0353254 0.0161977
threshold=1.2424533248940004 3.4960482137079443 4.5325416796595226 2.3937458713910238 4.3878598674822511 1.5890269151739729 4.0773937863842606
decision_type=2 2 2 2 2 2 2
left_child=4 3 -3 -2 6 -6 -1
right_child=1 2 -4 -5 5 -7 -8
leaf_value=0.0002909790587556713 -0.0012812903759715317 -0.0044759467896074061 0.00019927688648321612 0.0011353796538326542 0.0045836137773221713 0.00022747838436054641 -0.0040132907684892419
leaf_weight=17 55 30 34 99 20 269 18
leaf_count=17 55 30 34 99 20 269 18
internal_value=0 -0.000392529 -0.00199223 0.000272283 0.000264109 0.000528941 -0.00192265
internal_weight=0 218 64 154 324 289 35
internal_count=542 218 64 154 324 289 35
is_linear=0
shrinkage=0.1


Tree=381
num_leaves=6
num_cat=0
split_feature=80 21 29 80 92
split_gain=0.00537317 0.0195701 0.022177 0.0182178 0.013691
threshold=0.2336471673569647 2.524928003624769 2.8029010331479989 0.10418907591824429 4.3720368069536351
decision_type=2 2 2 2 2
left_child=3 -2 -3 4 -1
right_child=1 2 -4 -5 -6
leaf_value=-0.0022543330211192369 0.0030868989711355728 -0.0030074459445174964 0.0004489272335922579 -0.0030976827101161083 0.00014105664134619693
leaf_weight=26 24 21 160 21 290
leaf_count=26 24 21 160 21 290
internal_value=0 0.000403695 4.79116e-05 -0.000245571 -5.60324e-05
internal_weight=0 205 181 337 316
internal_count=542 205 181 337 316
is_linear=0
shrinkage=0.1


Tree=382
num_leaves=5
num_cat=0
split_feature=81 78 82 7
split_gain=0.00531613 0.00898347 0.0234733 0.0134241
threshold=2.5331926486003744 2.1074706776141321 1.7742412443922431 5.1474268681323965
decision_type=2 2 2 2
left_child=1 2 -1 -3
right_child=-2 3 -4 -5
leaf_value=5.8781618067501664e-05 -0.0017404172256219146 -2.8912568914479224e-05 -0.0037252906401751234 0.0033387367706745868
leaf_weight=459 17 29 17 20
leaf_count=459 17 29 17 20
internal_value=0 5.63564e-05 -7.63638e-05 0.00134564
internal_weight=0 525 476 49
internal_count=542 525 476 49
is_linear=0
shrinkage=0.1


Tree=383
num_leaves=5
num_cat=0
split_feature=53 42 57 57
split_gain=0.00529124 0.0102423 0.00892812 0.0179447
threshold=3.8026168433274292 2.524928003624769 3.8703486433065093 3.571461978100865
decision_type=2 2 2 2
left_child=2 -2 3 -1
right_child=1 -3 -4 -5
leaf_value=9.9825878076667895e-05 0.00045743068156298253 -0.0027847590170016413 0.0017598862596787512 -0.0032091397244264097
leaf_weight=456 20 19 30 17
leaf_count=456 20 19 30 17
internal_value=0 -0.0011221 8.70016e-05 -1.9101e-05
internal_weight=0 39 503 473
internal_count=542 39 503 473
is_linear=0
shrinkage=0.1


Tree=384
num_leaves=7
num_cat=0
split_feature=49 42 41 45 1 9
split_gain=0.00519034 0.0234337 0.0597945 0.0344452 0.0186945 0.0118901
threshold=1.9356005054539456 2.740319461670996 2.191013317336941 3.4960482137079443 1.9356005054539456 1.9356005054539456
decision_type=2 2 2 2 2 2
left_child=1 2 -1 -3 -2 -6
right_child=4 3 -4 -5 5 -7
leaf_value=0.0007711427756779206 0.0030120320045336321 0.0035202614057343456 -0.0068533955736913626 -0.00083829837747158092 -0.002424138186478032 0.00014121947985942194
leaf_weight=24 22 25 18 66 19 368
leaf_count=24 22 25 18 66 19 368
internal_value=0 -0.000542668 -0.00249652 0.000359108 0.000176467 1.52717e-05
internal_weight=0 133 42 91 409 387
internal_count=542 133 42 91 409 387
is_linear=0
shrinkage=0.1


Tree=385
num_leaves=6
num_cat=0
split_feature=27 17 65 13 5
split_gain=0.0052141 0.0301941 0.0254485 0.0248866 0.0242994
threshold=4.1971736807086968 1.5890269151739731 3.6317415062207448 2.524928003624769 2.602003343538398
decision_type=2 2 2 2 2
left_child=2 -2 4 -3 -1
right_child=1 3 -4 -5 -6
leaf_value=-0.0012599931611050549 0.0038060951766303998 -0.0031927470887160819 -0.0037147604743950069 0.00021211986913727537 0.001252284836305257
leaf_weight=77 22 23 21 322 77
leaf_count=77 22 23 21 322 77
internal_value=0 0.000214178 -0.000449163 -1.48713e-05 -3.85416e-06
internal_weight=0 367 175 345 154
internal_count=542 367 175 345 154
is_linear=0
shrinkage=0.1


Tree=386
num_leaves=5
num_cat=0
split_feature=103 103 6 103
split_gain=0.00510196 0.0233846 0.0105063 0.00988076
threshold=6.0924347189395363 5.7835931758483339 4.465842055365858 6.462969825394751
decision_type=2 2 2 2
left_child=1 2 -1 -2
right_child=3 -3 -4 -5
leaf_value=0.00015143283914464218 -0.0024362733005546034 0.003146692212612834 -0.0011557064157486448 0.0002663778584270227
leaf_weight=390 24 24 73 31
leaf_count=390 24 24 73 31
internal_value=0 0.000103106 -5.46604e-05 -0.000912961
internal_weight=0 487 463 55
internal_count=542 487 463 55
is_linear=0
shrinkage=0.1


Tree=387
num_leaves=6
num_cat=0
split_feature=100 103 101 98 53
split_gain=0.00529469 0.0562794 0.0157019 0.0229983 0.0145191
threshold=4.234001473612734 4.976709960642169 4.4716224665663962 8.8031228163806094 2.7621254806540354
decision_type=2 2 2 2 2
left_child=1 4 -2 -4 -1
right_child=2 -3 3 -5 -6
leaf_value=-0.00010918796775565487 0.0026471195147476263 -0.0048094622623175388 -0.0030490449197324264 0.00047333217365040946 0.0021397258755314398
leaf_weight=279 27 25 21 158 32
leaf_count=279 27 25 21 158 32
internal_value=0 -0.000244728 0.000399169 6.00924e-05 0.000122212
internal_weight=0 336 206 179 311
internal_count=542 336 206 179 311
is_linear=0
shrinkage=0.1


Tree=388
num_leaves=5
num_cat=0
split_feature=30 34 37 99
split_gain=0.00521501 0.0149485 0.0244271 0.0215103
threshold=5.8020042706649564 5.1532748880139918 4.6913057964583187 2.0126758453675753
decision_type=2 2 2 2
left_child=1 2 -1 -3
right_child=-2 3 -4 -5
leaf_value=-0.00010285104548969962 0.001441076709306799 0.00077352764851906721 0.0027574211795581508 -0.0039174659380122375
leaf_weight=446 24 17 32 23
leaf_count=446 24 17 32 23
internal_value=0 -6.6768e-05 8.86316e-05 -0.00192379
internal_weight=0 518 478 40
internal_count=542 518 478 40
is_linear=0
shrinkage=0.1


Tree=389
num_leaves=6
num_cat=0
split_feature=1 96 0 2 5
split_gain=0.00513109 0.0340835 0.0259703 0.0136474 0.0121646
threshold=4.6297557079913174 4.7957563937576522 5.1532748880139918 5.5412558557490508 4.4425820475484112
decision_type=2 2 2 2 2
left_child=1 4 -2 -4 -1
right_child=2 -3 3 -5 -6
leaf_value=8.2715906304620067e-05 -0.0033684770478150591 0.0042924536441109684 0.0014136534746244757 -0.0012637213592163543 -0.0024445733940228823
leaf_weight=399 26 19 45 33 20
leaf_count=399 26 19 45 33 20
internal_value=0 0.000149929 -0.000631431 0.000280918 -3.79184e-05
internal_weight=0 438 104 78 419
internal_count=542 438 104 78 419
is_linear=0
shrinkage=0.1


Tree=390
num_leaves=7
num_cat=0
split_feature=104 99 12 104 72 92
split_gain=0.00524555 0.0225964 0.0202924 0.0192023 0.0527654 0.0203079
threshold=4.7094896185437563 1.7005986908310777 3.7609296261008152 4.0342014792848504 0.090460007434333203 4.4218392484683706
decision_type=2 2 2 2 2 2
left_child=3 -2 -3 5 -5 -1
right_child=1 2 -4 4 -6 -7
leaf_value=0.0019258343414754941 0.0032833482682084049 -0.0031686272349260333 0.00037170789359637787 -0.0035414741584556364 0.0017438464604007703 -0.0002701437540874794
leaf_weight=53 24 18 161 51 30 205
leaf_count=53 24 18 161 51 30 205
internal_value=0 0.00040202 1.56965e-05 -0.000240738 -0.00158395 0.000180968
internal_weight=0 203 179 339 81 258
internal_count=542 203 179 339 81 258
is_linear=0
shrinkage=0.1


Tree=391
num_leaves=6
num_cat=0
split_feature=71 30 6 1 2
split_gain=0.00531859 0.020265 0.0116907 0.026992 0.0253426
threshold=3.3842466058243152 2.3937458713910238 2.6735537653587347 2.9174053685313028 2.1383330595080281
decision_type=2 2 2 2 2
left_child=2 -2 4 -4 -1
right_child=1 -3 3 -5 -6
leaf_value=0.00033328606099135771 0.0013831543725592341 -0.0026958077005913546 0.0028800917482685027 0.00011417314650143706 -0.0020410331450335249
leaf_weight=129 21 29 41 253 69
leaf_count=129 21 29 41 253 69
internal_value=0 -0.000982644 9.98622e-05 0.000499896 -0.000494128
internal_weight=0 50 492 294 198
internal_count=542 50 492 294 198
is_linear=0
shrinkage=0.1


Tree=392
num_leaves=6
num_cat=0
split_feature=49 57 47 1 15
split_gain=0.00523485 0.0222894 0.024338 0.0156695 0.010963
threshold=1.9356005054539456 2.8365693976244968 6.5453331453305372 1.9356005054539456 3.6632328069201612
decision_type=2 2 2 2 2
left_child=1 2 -1 -2 -5
right_child=3 -3 -4 4 -6
leaf_value=-0.00032866635664515658 0.0027732542615426198 0.0020812123396004049 -0.0038451222246154572 -0.0010297092254637765 0.0002970529390390869
leaf_weight=81 22 26 26 78 309
leaf_count=81 22 26 26 78 309
internal_value=0 -0.00054499 -0.00118313 0.000177222 2.96435e-05
internal_weight=0 133 107 409 387
internal_count=542 133 107 409 387
is_linear=0
shrinkage=0.1


Tree=393
num_leaves=6
num_cat=0
split_feature=103 103 5 70 88
split_gain=0.00509778 0.0172403 0.0110363 0.00935769 0.00996364
threshold=6.0924347189395363 5.7234996574270314 4.4425820475484112 5.9498385727080398 0.015992802156241357
decision_type=2 2 2 2 2
left_child=1 2 -1 4 -2
right_child=3 -3 -4 -5 -6
leaf_value=0.00013755015221572357 -0.00028655381481114184 0.0025589323529318251 -0.0013841534900065099 0.00088288103181280583 -0.0036189684808692509
leaf_weight=406 19 27 54 19 17
leaf_count=406 19 27 54 19 17
internal_value=0 0.000103064 -4.10846e-05 -0.000912586 -0.00186019
internal_weight=0 487 460 55 36
internal_count=542 487 460 55 36
is_linear=0
shrinkage=0.1


Tree=394
num_leaves=5
num_cat=0
split_feature=85 104 6 104
split_gain=0.00523424 0.00715366 0.0229641 0.0193695
threshold=0.69079503857899172 4.6150714996361826 4.6150714996361826 4.0342014792848504
decision_type=2 2 2 2
left_child=1 3 -3 -1
right_child=-2 2 -4 -5
leaf_value=0.00017012234334111965 -0.0017269597758593803 0.0015532079778342205 -0.00060951057196405756 -0.0017054627180082859
leaf_weight=258 17 104 93 70
leaf_count=258 17 104 93 70
internal_value=0 5.59206e-05 0.000532229 -0.000230155
internal_weight=0 525 197 328
internal_count=542 525 197 328
is_linear=0
shrinkage=0.1


Tree=395
num_leaves=7
num_cat=0
split_feature=18 14 22 14 11 7
split_gain=0.00562558 0.026653 0.0299814 0.0232054 0.0182521 0.016978
threshold=4.0773937863842606 4.4885732424042368 4.4425820475484112 4.7790881836238563 6.3473754075203601 5.9839077282029587
decision_type=2 2 2 2 2 2
left_child=4 2 -2 -3 5 -1
right_child=1 3 -4 -5 -6 -7
leaf_value=-0.00022610421443392559 0.0051923703566320589 -0.0025282204383984212 0.00017647420306904959 0.00048116475417583177 -0.0025112673963121781 0.0023930142784525676
leaf_weight=297 22 34 26 104 32 27
leaf_count=297 22 34 26 104 32 27
internal_value=0 0.00044571 0.00247543 -0.000260278 -0.000232871 -7.84434e-06
internal_weight=0 186 48 138 356 324
internal_count=542 186 48 138 356 324
is_linear=0
shrinkage=0.1


Tree=396
num_leaves=8
num_cat=0
split_feature=73 22 50 27 45 17 1
split_gain=0.00550903 0.0174394 0.027724 0.0166499 0.0440168 0.0303002 0.0155441
threshold=1.2424533248940004 3.9701138825728512 3.8064155152036787 4.1971736807086968 2.8029010331479989 1.9356005054539456 1.9356005054539456
decision_type=2 2 2 2 2 2 2
left_child=3 6 -3 5 -5 -1 -2
right_child=1 2 -4 4 -6 -7 -8
leaf_value=-0.0038069409269015663 0.0028706787335168985 -0.0049139939225278798 -7.436197283196039e-05 0.0046297016460448504 0.00020766789497976578 0.00044755816058394439 -0.00023818608380727691
leaf_weight=26 18 20 29 25 226 47 151
leaf_count=26 18 20 29 25 226 47 151
internal_value=0 -0.000388671 -0.00204972 0.000261513 0.00064811 -0.00106774 9.29356e-05
internal_weight=0 218 49 324 251 73 169
internal_count=542 218 49 324 251 73 169
is_linear=0
shrinkage=0.1


Tree=397
num_leaves=4
num_cat=0
split_feature=72 72 13
split_gain=0.00517158 0.0103083 0.00924107
threshold=0.80260924844569626 0.50539078764753886 3.4960482137079443
decision_type=2 2 2
left_child=1 2 -1
right_child=-2 -3 -4
leaf_value=-0.00048085856228604154 -0.0013490671938699154 0.0020514262237120418 0.00038827472890261565
leaf_weight=236 27 25 254
leaf_count=236 27 25 254
internal_value=0 7.07278e-05 -3.03282e-05
internal_weight=0 515 490
internal_count=542 515 490
is_linear=0
shrinkage=0.1


Tree=398
num_leaves=5
num_cat=0
split_feature=53 42 99 95
split_gain=0.00511789 0.00723788 0.0071186 0.00848745
threshold=3.8026168433274292 2.524928003624769 3.891612008168019 5.1298812082267613
decision_type=2 2 2 2
left_child=2 -2 3 -1
right_child=1 -3 -4 -5
leaf_value=-8.7744233461033849e-05 0.00022424347698688508 -0.0025012560593160363 0.0016651202952844971 0.0021259781859245979
leaf_weight=458 20 19 27 18
leaf_count=458 20 19 27 18
internal_value=0 -0.00110356 8.55646e-05 -4.03204e-06
internal_weight=0 39 503 476
internal_count=542 39 503 476
is_linear=0
shrinkage=0.1


Tree=399
num_leaves=6
num_cat=0
split_feature=1 96 0 2 5
split_gain=0.00518643 0.0274136 0.0195179 0.010008 0.00993233
threshold=4.6297557079913174 4.7957563937576522 5.1532748880139918 5.5412558557490508 4.4425820475484112
decision_type=2 2 2 2 2
left_child=1 4 -2 -4 -1
right_child=2 -3 3 -5 -6
leaf_value=9.1272815600980568e-05 -0.0030076238004347455 0.0038658846071676204 0.0011261172128595516 -0.0011666365041905506 -0.0021923859696835282
leaf_weight=399 26 19 45 33 20
leaf_count=399 26 19 45 33 20
internal_value=0 0.000150735 -0.000634826 0.000156106 -1.77324e-05
internal_weight=0 438 104 78 419
internal_count=542 438 104 78 419
is_linear=0
shrinkage=0.1


Tree=400
num_leaves=5
num_cat=0
split_feature=71 9 75 42
split_gain=0.00501359 0.0145189 0.0105644 0.0076786
threshold=3.3842466058243152 4.1107394736335969 4.2193995619941136 2.8314802400679731
decision_type=2 2 2 2
left_child=2 -2 3 -1
right_child=1 -3 -4 -5
leaf_value=-0.00051121090933599551 0.00089223861350151517 -0.0025268187677418745 0.0021431973349535839 0.00031805877515580507
leaf_weight=184 23 27 24 284
leaf_count=184 23 27 24 284
internal_value=0 -0.000954052 9.69565e-05 -7.97888e-06
internal_weight=0 50 492 468
internal_count=542 50 492 468
is_linear=0
shrinkage=0.1


Tree=401
num_leaves=4
num_cat=0
split_feature=35 39 88
split_gain=0.00481308 0.0130866 0.00800247
threshold=7.7397808239352983 7.5120616903677684 0.381909351472076
decision_type=2 2 2
left_child=1 2 -1
right_child=-2 -3 -4
leaf_value=-0.00025659562567531362 0.0014487792833030901 -0.0027900878285222197 0.00058425291939530268
leaf_weight=331 22 17 172
leaf_count=331 22 17 172
internal_value=0 -6.12945e-05 3.09311e-05
internal_weight=0 520 503
internal_count=542 520 503
is_linear=0
shrinkage=0.1


Tree=402
num_leaves=7
num_cat=0
split_feature=50 50 50 47 71 41
split_gain=0.00488042 0.0367677 0.0277614 0.0208568 0.0170453 0.0135838
threshold=4.317399216745252 3.891612008168019 4.5950688323293329 4.234001473612734 3.0900083268262866 5.0937313815282925
decision_type=2 2 2 2 2 2
left_child=1 5 -2 -3 -4 -1
right_child=2 3 4 -5 -6 -7
leaf_value=1.4037267157545562e-05 -0.0030972206488513623 0.00094857241818681369 0.00097792053178030378 0.0052811363479122525 -0.0017342464640933031 -0.0023619018745823549
leaf_weight=323 32 25 84 20 32 26
leaf_count=323 32 25 84 20 32 26
internal_value=0 0.000183913 -0.000489606 0.00287416 0.000229737 -0.000162967
internal_weight=0 394 148 45 116 349
internal_count=542 394 148 45 116 349
is_linear=0
shrinkage=0.1


Tree=403
num_leaves=7
num_cat=0
split_feature=46 9 45 43 51 37
split_gain=0.00466678 0.0177902 0.0168052 0.027649 0.0239403 0.0161626
threshold=4.6539149966267201 4.0689902272260703 4.0428973506407848 6.025819296111556 4.996846910211139 4.2625806805327082
decision_type=2 2 2 2 2 2
left_child=2 5 3 -1 -4 -2
right_child=1 -3 4 -5 -6 -7
leaf_value=-0.00017223944658326218 0.0015648732742955609 0.0025676994537207065 -0.0041225326829589905 0.0026808449287751791 -0.0002543686986124764 -0.0013527032255779535
leaf_weight=320 31 32 24 38 48 49
leaf_count=320 31 32 24 38 48 49
internal_value=0 0.000574955 -0.000149756 0.000130602 -0.00154376 -0.000222142
internal_weight=0 112 430 358 72 80
internal_count=542 112 430 358 72 80
is_linear=0
shrinkage=0.1


Tree=404
num_leaves=8
num_cat=0
split_feature=99 41 21 72 80 79 98
split_gain=0.00440593 0.0227219 0.0431731 0.0314035 0.00800726 0.0220601 0.0150452
threshold=0.89587973461402759 2.3502401828962087 2.3502401828962087 0.10183295714790129 0.98598898791261558 3.3315663479954023 8.1939114479399695
decision_type=2 2 2 2 2 2 2
left_child=1 3 -3 -1 6 -6 -2
right_child=4 2 -4 -5 5 -7 -8
leaf_value=0.0057715370319783689 -0.0012850168782946034 -0.0043189183365376221 0.00074446205446934872 -0.00014460784517914842 0.0030525332351249677 -0.00038942998532244625 0.00014092671557346483
leaf_weight=17 120 21 85 19 27 60 193
leaf_count=17 120 21 85 19 27 60 193
internal_value=0 0.000478525 -0.00025866 0.00264913 -0.000169876 0.000678765 -0.000405761
internal_weight=0 142 106 36 400 87 313
internal_count=542 142 106 36 400 87 313
is_linear=0
shrinkage=0.1


Tree=405
num_leaves=6
num_cat=0
split_feature=1 96 17 22 5
split_gain=0.00456007 0.0237559 0.016088 0.014829 0.00931311
threshold=4.6297557079913174 4.7957563937576522 4.135134555718313 4.3757372435704527 4.4425820475484112
decision_type=2 2 2 2 2
left_child=1 4 -2 -4 -1
right_child=2 -3 3 -5 -6
leaf_value=9.0066699947482612e-05 -0.0032259322457799788 0.0035997674604387659 0.0018773093482845331 -0.00093296365700090266 -0.0021212605515029282
leaf_weight=399 19 19 28 57 20
leaf_count=399 19 19 28 57 20
internal_value=0 0.00014134 -0.000595259 -7.22667e-06 -1.54859e-05
internal_weight=0 438 104 85 419
internal_count=542 438 104 85 419
is_linear=0
shrinkage=0.1


Tree=406
num_leaves=5
num_cat=0
split_feature=88 88 103 103
split_gain=0.00441 0.0101411 0.0103253 0.00792407
threshold=0.68376670610559087 0.65418046831921017 2.1383330595080281 4.1971736807086968
decision_type=2 2 2 2
left_child=1 2 -1 -3
right_child=-2 3 -4 -5
leaf_value=-0.00093445090115866047 -0.0011202670171659328 0.0032635445494259546 0.000197259535196531 0.00025298375209483007
leaf_weight=103 33 17 371 18
leaf_count=103 33 17 371 18
internal_value=0 7.26303e-05 -4.86607e-05 0.00171526
internal_weight=0 509 474 35
internal_count=542 509 474 35
is_linear=0
shrinkage=0.1


Tree=407
num_leaves=7
num_cat=0
split_feature=57 33 35 26 18 42
split_gain=0.00423476 0.0240054 0.0229475 0.0141803 0.030875 0.0308545
threshold=1.5702341610064872 3.2951505240983434 4.9868798027607308 2.524928003624769 3.5549397315361362 1.4978661367769956
decision_type=2 2 2 2 2 2
left_child=1 2 -1 5 -5 -2
right_child=3 -3 -4 4 -6 -7
leaf_value=-0.00079563068967236552 -0.00039743376976119878 -0.003195916122506158 0.003223935142159462 -0.0018929822313955549 0.00035696585172959402 0.0026496567286276185
leaf_weight=49 73 26 20 83 230 61
leaf_count=49 73 26 20 83 230 61
internal_value=0 -0.000606327 0.000369461 0.000128861 -0.000239666 0.000989675
internal_weight=0 95 69 447 313 134
internal_count=542 95 69 447 313 134
is_linear=0
shrinkage=0.1


Tree=408
num_leaves=6
num_cat=0
split_feature=1 96 0 21 1
split_gain=0.00431586 0.0185082 0.0153252 0.00948963 0.0079432
threshold=4.6297557079913174 4.7957563937576522 5.1532748880139918 4.6297557079913174 4.0428973506407848
decision_type=2 2 2 2 2
left_child=1 4 -2 -4 -1
right_child=2 -3 3 -5 -6
leaf_value=0.00018903601598636174 -0.0026816541568573139 0.0031901406369319093 -0.0010393470245715533 0.0011695689467781383 -0.00099890791083887616
leaf_weight=352 26 19 37 41 67
leaf_count=352 26 19 37 41 67
internal_value=0 0.000137503 -0.000579101 0.00012175 -9.21605e-07
internal_weight=0 438 104 78 419
internal_count=542 438 104 78 419
is_linear=0
shrinkage=0.1


Tree=409
num_leaves=6
num_cat=0
split_feature=103 103 57 79 26
split_gain=0.00441352 0.0127187 0.00871528 0.00805196 0.00759
threshold=6.0924347189395363 5.7234996574270314 3.3936600881507899 4.1895399446433021 4.0773937863842606
decision_type=2 2 2 2 2
left_child=1 2 -1 -2 -5
right_child=3 -3 -4 4 -6
leaf_value=0.00011186146351302696 -0.0026581266073181353 0.0022052728864191858 -0.0013834006976076339 -0.0014531304293900337 0.0013734349760373956
leaf_weight=417 17 27 43 19 19
leaf_count=417 17 27 43 19 19
internal_value=0 9.58981e-05 -2.7913e-05 -0.000849134 -3.98477e-05
internal_weight=0 487 460 55 38
internal_count=542 487 460 55 38
is_linear=0
shrinkage=0.1


Tree=410
num_leaves=8
num_cat=0
split_feature=99 41 21 44 86 9 46
split_gain=0.00417369 0.0187235 0.0368633 0.0257872 0.00778724 0.022846 0.0118882
threshold=0.89587973461402759 2.3502401828962087 2.3502401828962087 1.0397207708399181 0.60309373993985582 4.2045812236012674 5.1532748880139918
decision_type=2 2 2 2 2 2 2
left_child=1 3 -3 -1 6 -6 -2
right_child=4 2 -4 -5 5 -7 -8
leaf_value=-9.5495172335129043e-05 -0.00017874742843228359 -0.0039552824228026333 0.0007234811649644091 0.0052655836673426056 -0.0024545167737296258 0.0012099063010989793 0.0016816429076721437
leaf_weight=19 288 21 85 17 46 27 39
leaf_count=19 288 21 85 17 46 27 39
internal_value=0 0.000465743 -0.000203444 0.00243613 -0.000165339 -0.00109918 4.3134e-05
internal_weight=0 142 106 36 400 73 327
internal_count=542 142 106 36 400 73 327
is_linear=0
shrinkage=0.1


Tree=411
num_leaves=5
num_cat=0
split_feature=81 44 43 36
split_gain=0.00445975 0.0097122 0.0198314 0.0149222
threshold=2.5331926486003744 2.5619819897016298 3.4334666422309414 2.9430520157250784
decision_type=2 2 2 2
left_child=1 2 -1 -3
right_child=-2 3 -4 -5
leaf_value=6.5986572874299744e-05 -0.0015940823153976131 -0.0019161331033418804 0.0030254000827910441 3.3002690264756046e-05
leaf_weight=84 17 44 31 366
leaf_count=84 17 44 31 366
internal_value=0 5.16179e-05 0.000863742 -0.000176173
internal_weight=0 525 115 410
internal_count=542 525 115 410
is_linear=0
shrinkage=0.1


Tree=412
num_leaves=4
num_cat=0
split_feature=43 47 47
split_gain=0.00429461 0.0100735 0.00915778
threshold=7.7764660513092769 7.4277275294832714 7.085041847326413
decision_type=2 2 2
left_child=1 2 -1
right_child=-2 -3 -4
leaf_value=7.2917744360980074e-05 -0.001438077932689339 0.0019738030951255217 -0.0016049259741391455
leaf_weight=461 20 26 35
leaf_count=461 20 26 35
internal_value=0 5.50988e-05 -4.54785e-05
internal_weight=0 522 496
internal_count=542 522 496
is_linear=0
shrinkage=0.1


Tree=413
num_leaves=5
num_cat=0
split_feature=2 103 100 71
split_gain=0.00410631 0.0115525 0.00995121 0.00836432
threshold=5.5412558557490508 6.5624401037643025 5.609465086342035 3.3315663479954023
decision_type=2 2 2 2
left_child=2 -2 3 -1
right_child=1 -3 -4 -5
leaf_value=8.9624948603949061e-05 -0.0024661149733456907 0.00082007878983858984 0.0018464860669337214 -0.0014967529581756227
leaf_weight=433 23 20 30 36
leaf_count=433 23 20 30 36
internal_value=0 -0.000937653 8.07998e-05 -3.21439e-05
internal_weight=0 43 499 469
internal_count=542 43 499 469
is_linear=0
shrinkage=0.1


Tree=414
num_leaves=7
num_cat=0
split_feature=23 29 37 23 87 33
split_gain=0.00400995 0.0195205 0.035737 0.0192579 0.0164393 0.0163189
threshold=3.9316333620047872 3.1984648276080736 3.1984648276080736 3.4960482137079443 0.5893991966760953 3.4960482137079443
decision_type=2 2 2 2 2 2
left_child=3 2 -2 4 -1 -3
right_child=1 5 -4 -5 -6 -7
leaf_value=-0.00056594068989746285 -0.00029297871177814987 0.0020728349815943236 -0.0046445274087600413 0.0034113585976516141 0.0020828628617649276 -6.2531282154031193e-05
leaf_weight=107 77 42 25 19 30 242
leaf_count=107 77 42 25 19 30 242
internal_value=0 -0.000172917 -0.00135953 0.000427859 1.40893e-05 0.000253262
internal_weight=0 386 102 156 137 284
internal_count=542 386 102 156 137 284
is_linear=0
shrinkage=0.1


Tree=415
num_leaves=6
num_cat=0
split_feature=101 61 56 59 70
split_gain=0.00430851 0.010993 0.00800779 0.0368438 0.0299724
threshold=6.5624281337850094 4.3566332882556695 4.6298509007569537 4.744894319750431 4.788256360594997
decision_type=2 2 2 2 2
left_child=2 -2 3 -1 -4
right_child=1 -3 4 -5 -6
leaf_value=8.0871221574619105e-05 -0.0029347129385260979 0.00036129820952191948 0.0044344922968823667 -0.0044380451056272967 0.00011512761427114199
leaf_weight=358 17 25 19 19 104
leaf_count=358 17 25 19 19 104
internal_value=0 -0.000972802 8.17153e-05 -0.000146873 0.000782347
internal_weight=0 42 500 377 123
internal_count=542 42 500 377 123
is_linear=0
shrinkage=0.1


Tree=416
num_leaves=4
num_cat=0
split_feature=23 31 31
split_gain=0.0040809 0.00662639 0.00984938
threshold=7.8332668616847121 7.546962839272358 7.354884168607378
decision_type=2 2 2
left_child=1 2 -1
right_child=-2 -3 -4
leaf_value=6.0957489923742674e-05 -0.0014804973803822779 0.0017912489467389174 -0.0023878005251069282
leaf_weight=486 18 21 17
leaf_count=486 18 21 17
internal_value=0 5.08568e-05 -2.18037e-05
internal_weight=0 524 503
internal_count=542 524 503
is_linear=0
shrinkage=0.1


Tree=417
num_leaves=7
num_cat=0
split_feature=87 87 5 85 72 86
split_gain=0.0040257 0.0171151 0.017611 0.0143952 0.0136251 0.0133365
threshold=1.0000000180025095e-35 0.42132096050533818 4.6297557079913174 0.62972296850805487 0.050091786992132313 0.54205585727546068
decision_type=2 2 2 2 2 2
left_child=3 2 -2 4 -1 -3
right_child=1 5 -4 -5 -6 -7
leaf_value=0.00070935211280273927 -0.00071447043763013724 -3.7724543786184357e-07 -0.0042547557492713063 0.0028557292988989503 -0.00078493294245715768 0.002686013762459403
leaf_weight=142 81 154 17 20 107 21
leaf_count=142 81 154 17 20 107 21
internal_value=0 -0.00027053 -0.0013286 0.000274553 6.72296e-05 0.00032199
internal_weight=0 273 98 269 249 175
internal_count=542 273 98 269 249 175
is_linear=0
shrinkage=0.1


Tree=418
num_leaves=7
num_cat=0
split_feature=57 33 35 26 33 18
split_gain=0.00415438 0.019217 0.0187631 0.0117578 0.0279626 0.0222591
threshold=1.5702341610064872 3.2951505240983434 4.9868798027607308 2.524928003624769 2.7058230259275202 3.5549397315361362
decision_type=2 2 2 2 2 2
left_child=1 2 -1 4 -2 -5
right_child=3 -3 -4 5 -6 -7
leaf_value=-0.00078101094481915385 -0.0002388793713890198 -0.0029175090869942395 0.0028536504879593852 -0.0016117465351315507 0.0027254943100090785 0.0002986483976533434
leaf_weight=49 82 26 20 83 52 230
leaf_count=49 82 26 20 83 52 230
internal_value=0 -0.000600545 0.000272514 0.000127633 0.000911475 -0.000207942
internal_weight=0 95 69 447 134 313
internal_count=542 95 69 447 134 313
is_linear=0
shrinkage=0.1


Tree=419
num_leaves=8
num_cat=0
split_feature=46 12 60 53 45 51 43
split_gain=0.00383461 0.0153328 0.0270652 0.0180163 0.0140623 0.0212007 0.0197044
threshold=4.6539149966267201 3.891612008168019 4.3216457793381684 1.3424540464534973 4.0428973506407848 4.996846910211139 6.025819296111556
decision_type=2 2 2 2 2 2 2
left_child=4 3 -3 -2 6 -6 -1
right_child=1 2 -4 -5 5 -7 -8
leaf_value=-0.00013494612547219732 0.0010658232642239646 0.004397838241198943 0.00015580850501790785 -0.0032890085841676127 -0.0038376638432964685 -0.00019754809309233679 0.0022736070248739501
leaf_weight=320 19 21 53 19 24 48 38
leaf_count=320 19 21 53 19 24 48 38
internal_value=0 0.000521178 0.00135963 -0.00111159 -0.000135749 -0.00141092 0.00012071
internal_weight=0 112 74 38 430 72 358
internal_count=542 112 74 38 430 72 358
is_linear=0
shrinkage=0.1


Tree=420
num_leaves=8
num_cat=0
split_feature=23 24 37 10 31 62 74
split_gain=0.00399018 0.0184667 0.0272396 0.0152312 0.0151794 0.0273882 0.0165275
threshold=3.9316333620047872 2.8314802400679731 3.1345481418531311 1.2424533248940004 2.7058230259275202 1.5890269151739729 0.46462152660480399
decision_type=2 2 2 2 2 2 2
left_child=4 2 -2 -3 6 -6 -1
right_child=1 3 -4 -5 5 -7 -8
leaf_value=-0.0011736487501564073 -0.0050902245040763067 -0.0023711229480492574 0.00021112480067781044 0.00023998769022518592 0.0031558297452284022 -0.0016355975887135548 0.0016378359799273314
leaf_weight=69 18 24 21 323 40 17 30
leaf_count=69 18 24 21 323 40 17 30
internal_value=0 -0.000172491 -0.00223565 5.93921e-05 0.000426804 0.00172681 -0.000321684
internal_weight=0 386 39 347 156 57 99
internal_count=542 386 39 347 156 57 99
is_linear=0
shrinkage=0.1


Tree=421
num_leaves=5
num_cat=0
split_feature=81 20 1 8
split_gain=0.00424692 0.00929442 0.025593 0.0224902
threshold=2.5331926486003744 2.3937458713910238 3.0201273556387074 2.191013317336941
decision_type=2 2 2 2
left_child=1 2 -1 -3
right_child=-2 3 -4 -5
leaf_value=-5.6323866010643543e-05 -0.0015555806348429007 -0.0029907075186761528 0.0037728628512316699 4.1993400553601669e-05
leaf_weight=64 17 26 24 411
leaf_count=64 17 26 24 411
internal_value=0 5.03712e-05 0.000988 -0.000138442
internal_weight=0 525 88 437
internal_count=542 525 88 437
is_linear=0
shrinkage=0.1


Tree=422
num_leaves=8
num_cat=0
split_feature=50 50 50 104 47 101 41
split_gain=0.00387519 0.026223 0.0209469 0.0234719 0.0153498 0.0147939 0.0120372
threshold=4.317399216745252 3.891612008168019 4.6150714996361826 5.2932921986212866 4.234001473612734 6.2989424885922771 5.0937313815282925
decision_type=2 2 2 2 2 2 2
left_child=1 6 3 -2 -3 -4 -1
right_child=2 4 5 -5 -6 -7 -8
leaf_value=3.7559369923518084e-05 -0.0052341175121803059 0.00078391222888603805 0.0011800952893403819 -0.00011937408585493502 0.0045007421728223565 -0.0011641684765022042 -0.0021990395233912681
leaf_weight=323 17 25 67 19 20 45 26
leaf_count=323 17 25 67 19 20 45 26
internal_value=0 0.000163881 -0.000436279 -0.00253467 0.00243584 0.000238204 -0.000129064
internal_weight=0 394 148 36 45 112 349
internal_count=542 394 148 36 45 112 349
is_linear=0
shrinkage=0.1


Tree=423
num_leaves=7
num_cat=0
split_feature=73 45 37 33 96 6
split_gain=0.00394928 0.0152408 0.0249468 0.0139543 0.0234175 0.0139462
threshold=1.2424533248940004 1.0397207708399181 2.191013317336941 3.4960482137079443 4.5325416796595226 2.1383330595080281
decision_type=2 2 2 2 2 2
left_child=1 -1 -3 5 -5 -2
right_child=3 2 -4 4 -6 -7
leaf_value=0.0029693404932530894 -0.0010900575612587009 -0.003561049415212539 0.0002767287930538586 -0.0036065354628954088 0.00022665668237844812 0.00089599149109974437
leaf_weight=19 55 18 287 30 34 99
leaf_count=19 55 18 287 30 34 99
internal_value=0 0.000221419 5.0237e-05 -0.000329081 -0.00157015 0.000186688
internal_weight=0 324 305 218 64 154
internal_count=542 324 305 218 64 154
is_linear=0
shrinkage=0.1


Tree=424
num_leaves=7
num_cat=0
split_feature=9 10 100 9 4 58
split_gain=0.00411531 0.0166062 0.0162349 0.0146519 0.0242814 0.0239529
threshold=2.524928003624769 0.89587973461402759 1.4978661367769959 1.9356005054539456 2.9430520157250784 2.7058230259275202
decision_type=2 2 2 2 2 2
left_child=3 -2 -3 5 -5 -1
right_child=1 2 -4 4 -6 -7
leaf_value=0.00054154450121773965 -0.002829033353323625 0.0015702080480488286 -0.00027047053946558031 -0.00014025738301615302 0.0044315668709930924 -0.003655172629035352
leaf_weight=68 22 56 332 26 21 17
leaf_count=68 22 56 332 26 21 17
internal_value=0 -0.00015635 -4.80559e-06 0.000485631 0.00190247 -0.000297799
internal_weight=0 410 388 132 47 85
internal_count=542 410 388 132 47 85
is_linear=0
shrinkage=0.1


Tree=425
num_leaves=6
num_cat=0
split_feature=82 75 43 38 41
split_gain=0.00388854 0.0147361 0.0140154 0.00974639 0.0166
threshold=0.32974294883386152 1.0000000180025095e-35 5.5173803117218938 1.7005986908310777 3.0201273556387074
decision_type=2 2 2 2 2
left_child=3 -2 -3 -1 -5
right_child=1 2 -4 4 -6
leaf_value=0.0019041817950745746 -0.0027824328873645179 0.00031477199920308153 -0.0020371759772145502 -0.0014143475286302067 0.00042598664031252582
leaf_weight=31 22 163 30 62 234
leaf_count=31 22 163 30 62 234
internal_value=0 -0.00033033 -5.08158e-05 0.000217189 4.05112e-05
internal_weight=0 215 193 327 296
internal_count=542 215 193 327 296
is_linear=0
shrinkage=0.1


Tree=426
num_leaves=4
num_cat=0
split_feature=67 69 69
split_gain=0.00414385 0.0169044 0.0122821
threshold=2.8314802400679731 2.0198544097603941 2.2929443328390202
decision_type=2 2 2
left_child=-1 -2 -3
right_child=1 2 -4
leaf_value=0.0011846898888636913 -0.0031653227289686636 0.0026059455535788504 -5.4838932602956021e-05
leaf_weight=28 17 18 479
leaf_count=28 17 18 479
internal_value=0 -6.45356e-05 4.15275e-05
internal_weight=0 514 497
internal_count=542 514 497
is_linear=0
shrinkage=0.1


Tree=427
num_leaves=6
num_cat=0
split_feature=80 88 80 88 23
split_gain=0.00363128 0.0159497 0.015493 0.010953 0.00885588
threshold=0.98598898791261558 0.60178126964073586 1.3465622754427675 0.68376670610559087 6.489186453697104
decision_type=2 2 2 2 2
left_child=3 2 -2 4 -1
right_child=1 -3 -4 -5 -6
leaf_value=-0.00027345294193946754 0.0015593411926446217 0.0031505295890383424 -0.0011838627984980122 -0.0020041107055570545 0.00077900208891668456
leaf_weight=300 35 19 50 29 109
leaf_count=300 35 19 50 29 109
internal_value=0 0.000531191 -5.43082e-05 -0.000126128 7.03018e-06
internal_weight=0 104 85 438 409
internal_count=542 104 85 438 409
is_linear=0
shrinkage=0.1


Tree=428
num_leaves=7
num_cat=0
split_feature=39 28 44 43 24 22
split_gain=0.00397492 0.0191087 0.0142129 0.0167813 0.014094 0.0127048
threshold=6.4002353700099741 4.7003150492096575 4.8441560854355483 6.025819296111556 4.8674160932529942 3.8064155152036787
decision_type=2 2 2 2 2 2
left_child=2 5 3 -1 -3 -2
right_child=1 4 -4 -5 -6 -7
leaf_value=-0.00015581945055081245 -0.00069630352610891523 0.0026478767767548561 0.0027620371663942935 0.0024773904292557675 -0.00029929534878668398 -0.0042786413389775488
leaf_weight=350 22 20 20 26 86 18
leaf_count=350 22 20 20 26 86 18
internal_value=0 -0.000446001 0.000164435 2.62642e-05 0.000256775 -0.00230836
internal_weight=0 146 396 376 106 40
internal_count=542 146 396 376 106 40
is_linear=0
shrinkage=0.1


Tree=429
num_leaves=7
num_cat=0
split_feature=25 59 100 29 29 39
split_gain=0.00366642 0.0155688 0.0158486 0.013825 0.01698 0.0147086
threshold=4.8361559147623279 4.8903208612686422 4.8559213341406453 4.465842055365858 4.6539149966267201 6.8865269473837794
decision_type=2 2 2 2 2 2
left_child=3 -2 -3 5 -5 -1
right_child=1 2 -4 4 -6 -7
leaf_value=0.00010924751381657077 -0.0032135225133970383 0.0021254864239987608 -0.0012109373190573286 0.0040492464138783121 -7.6594456498112009e-05 -0.0020890206331387164
leaf_weight=392 18 24 35 19 21 33
leaf_count=392 18 24 35 19 21 33
internal_value=0 -0.00063915 0.000146252 0.000105838 0.00188318 -6.14415e-05
internal_weight=0 77 59 465 40 425
internal_count=542 77 59 465 40 425
is_linear=0
shrinkage=0.1


Tree=430
num_leaves=5
num_cat=0
split_feature=85 25 22 25
split_gain=0.00380369 0.00584518 0.0179489 0.0173813
threshold=0.69079503857899172 4.7273486598447958 5.0037435712773073 4.5325416796595226
decision_type=2 2 2 2
left_child=1 3 -3 -1
right_child=-2 2 -4 -5
leaf_value=5.2208173003837451e-05 -0.0014721713230702498 -0.0034212708056561257 7.8916862287314876e-05 0.0030000352278529182
leaf_weight=421 17 19 64 21
leaf_count=421 17 19 64 21
internal_value=0 4.76703e-05 -0.000722331 0.000192263
internal_weight=0 525 83 442
internal_count=542 525 83 442
is_linear=0
shrinkage=0.1


Tree=431
num_leaves=8
num_cat=0
split_feature=99 41 17 72 12 98 7
split_gain=0.00353191 0.0123807 0.0290986 0.0226296 0.00787013 0.0148447 0.00724935
threshold=0.89587973461402759 2.3502401828962087 2.7058230259275202 0.10183295714790129 1.9356005054539456 6.7730149157208501 1.5890269151739729
decision_type=2 2 2 2 2 2 2
left_child=1 3 -3 -1 6 -6 -2
right_child=4 2 -4 -5 5 -7 -8
leaf_value=0.0046812623865073828 -0.00016068982852933308 -0.002579985339561421 0.00099826564233708643 -0.00034087793013129974 -0.0019500928430600053 -4.5695060137688695e-05 0.0026774144498631358
leaf_weight=17 18 33 73 19 47 317 18
leaf_count=17 18 33 73 19 47 317 18
internal_value=0 0.000428441 -0.000115718 0.00203069 -0.000152097 -0.000291593 0.00125836
internal_weight=0 142 106 36 400 364 36
internal_count=542 142 106 36 400 364 36
is_linear=0
shrinkage=0.1


Tree=432
num_leaves=6
num_cat=0
split_feature=55 0 0 52 1
split_gain=0.00388501 0.0300225 0.0185742 0.0157444 0.0154177
threshold=3.2951505240983434 3.0201273556387074 2.8314802400679731 3.3050114353384279 2.9174053685313028
decision_type=2 2 2 2 2
left_child=1 2 -1 -2 -5
right_child=3 -3 -4 4 -6
leaf_value=0.00036575456342688998 -0.0028378960011260852 0.0042595092621114522 -0.002984919473161235 0.0014563478578781804 -0.0003134780719418468
leaf_weight=128 21 18 19 59 297
leaf_count=128 21 18 19 59 297
internal_value=0 0.000404693 -6.73258e-05 -0.00017712 -2.01642e-05
internal_weight=0 165 147 377 356
internal_count=542 165 147 377 356
is_linear=0
shrinkage=0.1


Tree=433
num_leaves=7
num_cat=0
split_feature=37 40 76 74 25 83
split_gain=0.00395027 0.0168389 0.0248191 0.0160396 0.0100557 0.0140695
threshold=1.5890269151739731 1.9356005054539456 0.43244036547253523 0.25413730098719273 1.0397207708399181 2.6615049862358711
decision_type=2 2 2 2 2 2
left_child=1 2 -1 -3 -2 -6
right_child=4 3 -4 -5 5 -7
leaf_value=0.0032571598334470765 0.0022001670504158194 -0.0045140807688071882 -0.0013551602693041788 -0.00017010142807574833 -0.00014991801465216915 0.0020279821874282788
leaf_weight=20 22 17 28 17 406 32
leaf_count=20 22 17 28 17 406 32
internal_value=0 -0.000639419 0.00056664 -0.00234209 0.000113983 9.19798e-06
internal_weight=0 82 48 34 460 438
internal_count=542 82 48 34 460 438
is_linear=0
shrinkage=0.1


Tree=434
num_leaves=7
num_cat=0
split_feature=46 95 74 46 36 83
split_gain=0.00360784 0.0225985 0.0328417 0.0190756 0.0115799 0.00592749
threshold=1.2424533248940004 2.8029010331479989 0.091922951606085324 2.1383330595080281 2.9430520157250784 2.5556323124890907
decision_type=2 2 2 2 2 2
left_child=1 -1 -3 5 -5 -2
right_child=3 2 -4 4 -6 -7
leaf_value=-0.0034586589301138053 0.0027528513255674625 0.0039876088268000686 -0.00086444924029731958 -0.0013992190487139549 0.00011211086639934019 0.00062056236955951056
leaf_weight=21 32 18 62 60 327 22
leaf_count=21 32 18 62 60 327 22
internal_value=0 -0.000539116 0.000227264 0.000123471 -0.000122204 0.00188414
internal_weight=0 101 80 441 387 54
internal_count=542 101 80 441 387 54
is_linear=0
shrinkage=0.1


Tree=435
num_leaves=7
num_cat=0
split_feature=54 13 44 41 5 103
split_gain=0.00374486 0.0135142 0.0161358 0.0118283 0.00749714 0.0198018
threshold=2.191013317336941 2.3502401828962087 3.5408542930527882 3.2951505240983434 1.5890269151739731 2.1383330595080281
decision_type=2 2 2 2 2 2
left_child=1 2 -1 -3 -2 -6
right_child=4 3 -4 -5 5 -7
leaf_value=-0.002321896395341565 0.0015144380523662013 0.0036733350041322412 0.00089423227577637397 0.00038052992119143406 -0.002349850614955358 -6.7753066947653249e-06
leaf_weight=26 26 20 39 24 40 367
leaf_count=26 26 20 39 24 40 367
internal_value=0 0.000523901 -0.000392219 0.00187726 -0.000131883 -0.000237053
internal_weight=0 109 65 44 433 407
internal_count=542 109 65 44 433 407
is_linear=0
shrinkage=0.1


Tree=436
num_leaves=5
num_cat=0
split_feature=53 53 57 18
split_gain=0.00362231 0.00582857 0.00687078 0.00479474
threshold=3.8026168433274292 3.3400804324733566 3.4986390911961371 4.465842055365858
decision_type=2 2 2 2
left_child=1 2 -1 -2
right_child=3 -3 -4 -5
leaf_value=0.00010148961330365466 -0.001903103374206694 0.0014740387982393648 -0.0013004117807692015 0.00033293381223783774
leaf_weight=437 22 28 38 17
leaf_count=437 22 28 38 17
internal_value=0 7.19849e-05 -1.06625e-05 -0.00092842
internal_weight=0 503 475 39
internal_count=542 503 475 39
is_linear=0
shrinkage=0.1


Tree=437
num_leaves=6
num_cat=0
split_feature=74 30 74 103 43
split_gain=0.00349393 0.0144922 0.01132 0.0102932 0.00937048
threshold=0.73775817880091499 2.3937458713910238 0.50717597252518509 3.5549397315361362 2.191013317336941
decision_type=2 2 2 2 2
left_child=2 3 4 -2 -1
right_child=1 -3 -4 -5 -6
leaf_value=-0.00098976998174718283 0.00040866346005879518 -0.001531246159605584 -0.002039546848806952 0.0036848671843900402 0.00023307191952826211
leaf_weight=75 22 19 28 17 381
leaf_count=75 22 19 28 17 381
internal_value=0 0.000733442 -8.78919e-05 0.00183675 3.19466e-05
internal_weight=0 58 484 39 456
internal_count=542 58 484 39 456
is_linear=0
shrinkage=0.1


Tree=438
num_leaves=5
num_cat=0
split_feature=22 26 26 28
split_gain=0.00353758 0.00580602 0.0131307 0.00852489
threshold=5.8916289495434491 5.278062594878933 5.0037435712773073 5.7588569908510134
decision_type=2 2 2 2
left_child=1 2 -1 -3
right_child=-2 3 -4 -5
leaf_value=5.8926588098984216e-05 -0.0013051899964921178 0.0026611821970436724 -0.0026936351088806989 -0.00033856666187704026
leaf_weight=466 20 20 18 18
leaf_count=466 20 20 18 18
internal_value=0 5.00073e-05 -4.34414e-05 0.00124025
internal_weight=0 522 484 38
internal_count=542 522 484 38
is_linear=0
shrinkage=0.1


Tree=439
num_leaves=6
num_cat=0
split_feature=87 39 46 87 33
split_gain=0.00339059 0.0119707 0.0159859 0.0107272 0.0128489
threshold=1.0000000180025095e-35 7.391412193863097 5.4160905255636633 0.12008433422675381 4.1107394736335969
decision_type=2 2 2 2 2
left_child=1 2 -1 -2 -5
right_child=3 -3 -4 4 -6
leaf_value=0.0002107329265234749 -0.0022225958555936814 -0.0021018280641874297 0.0032287916940587913 -0.00049166163279854426 0.001121837330292157
leaf_weight=230 25 20 19 180 68
leaf_count=230 25 20 19 180 68
internal_value=0 0.000251967 0.000441027 -0.000248275 -4.92506e-05
internal_weight=0 269 249 273 248
internal_count=542 269 249 273 248
is_linear=0
shrinkage=0.1


Tree=440
num_leaves=7
num_cat=0
split_feature=15 101 67 15 76 19
split_gain=0.0036268 0.0218699 0.0175164 0.0128397 0.0366563 0.0129454
threshold=4.7621374077860157 2.9430520157250784 4.2903656061101136 4.2835627800822236 0.48818362915413743 4.1971736807086968
decision_type=2 2 2 2 2 2
left_child=3 -2 -3 5 -5 -1
right_child=1 2 -4 4 -6 -7
leaf_value=0.00029684399962690488 -0.0029405024264835648 0.0028907059878110885 -0.00017676410484032492 0.0044235016199915362 -0.0016457682728822178 -0.0020725313401608555
leaf_weight=158 27 20 269 24 17 27
leaf_count=158 27 20 269 24 17 27
internal_value=0 -0.000218763 3.55176e-05 0.00030588 0.00190698 -4.89567e-05
internal_weight=0 316 289 226 41 185
internal_count=542 316 289 226 41 185
is_linear=0
shrinkage=0.1


Tree=441
num_leaves=6
num_cat=0
split_feature=57 33 23 46 26
split_gain=0.00324798 0.0158248 0.0152688 0.0083653 0.0107067
threshold=1.5702341610064872 3.2951505240983434 2.191013317336941 5.8020042706649564 2.524928003624769
decision_type=2 2 2 2 2
left_child=1 2 -1 4 -2
right_child=3 -3 -4 -5 -6
leaf_value=-0.0015388194388443871 0.00075685467857497394 -0.0026335493930114006 0.0014905784546011469 0.0020612715433041256 -0.00032280726891632149
leaf_weight=28 134 26 41 21 292
leaf_count=28 134 26 41 21 292
internal_value=0 -0.000531005 0.000261258 0.000112853 1.68047e-05
internal_weight=0 95 69 447 426
internal_count=542 95 69 447 426
is_linear=0
shrinkage=0.1


Tree=442
num_leaves=4
num_cat=0
split_feature=43 47 22
split_gain=0.00350698 0.00674089 0.00774366
threshold=7.7764660513092769 7.4277275294832714 5.7104050880312123
decision_type=2 2 2
left_child=1 2 -1
right_child=-2 -3 -4
leaf_value=5.0595026446420601e-05 -0.0012995321917696858 0.0016193487579585055 -0.0019116697805224077
leaf_weight=475 20 26 21
leaf_count=475 20 26 21
internal_value=0 4.97905e-05 -3.24847e-05
internal_weight=0 522 496
internal_count=542 522 496
is_linear=0
shrinkage=0.1


Tree=443
num_leaves=7
num_cat=0
split_feature=80 88 80 88 88 39
split_gain=0.00341628 0.0150217 0.0103148 0.0092193 0.0262679 0.0165437
threshold=0.98598898791261558 0.60178126964073586 1.4436684271005056 0.53679414469006392 0.381909351472076 1.9356005054539456
decision_type=2 2 2 2 2 2
left_child=3 2 -2 4 -1 -5
right_child=1 -3 -4 5 -6 -7
leaf_value=-0.00018594047165042238 0.0011721339188577413 0.0030572254284235993 -0.0010435081844990875 0.0017619094639820488 0.0025783240335444228 -0.0014854629090728447
leaf_weight=290 38 19 47 19 39 90
leaf_count=290 38 19 47 19 39 90
internal_value=0 0.000515226 -5.29858e-05 -0.000122337 0.000141738 -0.000919407
internal_weight=0 104 85 438 329 109
internal_count=542 104 85 438 329 109
is_linear=0
shrinkage=0.1


Tree=444
num_leaves=6
num_cat=0
split_feature=37 43 74 12 40
split_gain=0.00368493 0.0187514 0.012317 0.00823478 0.013278
threshold=1.9356005054539456 5.0172579074712669 0.35342628718569585 1.5890269151739729 1.9356005054539456
decision_type=2 2 2 2 2
left_child=1 2 -1 -2 -5
right_child=3 -3 -4 4 -6
leaf_value=-0.0008791060762355894 0.0017185005879340074 -0.003471365237298111 0.0017810653379586126 -0.0023324312014586252 0.00013890308256038044
leaf_weight=46 30 18 28 23 397
leaf_count=46 30 18 28 23 397
internal_value=0 -0.00057667 0.000127445 0.000117897 3.56811e-06
internal_weight=0 92 74 450 420
internal_count=542 92 74 450 420
is_linear=0
shrinkage=0.1


Tree=445
num_leaves=7
num_cat=0
split_feature=104 104 16 82 59 53
split_gain=0.00337989 0.0285426 0.0102444 0.0178676 0.0128969 0.00981058
threshold=4.3693677306817369 4.1510089048756029 4.3630783395783075 1.3995109891217556 4.5538214868689204 2.8477523405893534
decision_type=2 2 2 2 2 2
left_child=1 5 3 -2 -4 -1
right_child=2 -3 4 -5 -6 -7
leaf_value=-9.228198091037603e-05 0.002655740071119309 -0.0033271767918011865 -0.0027705580559781728 -0.00042045426089316608 0.0001327798831981555 0.0021587823148972048
leaf_weight=248 41 27 17 35 153 21
leaf_count=248 41 27 17 35 153 21
internal_value=0 -0.000227653 0.000273924 0.00123907 -0.000157554 8.34517e-05
internal_weight=0 296 246 76 170 269
internal_count=542 296 246 76 170 269
is_linear=0
shrinkage=0.1


Tree=446
num_leaves=7
num_cat=0
split_feature=89 59 8 58 89 72
split_gain=0.00323541 0.0171468 0.0290437 0.0252137 0.014823 0.0190723
threshold=0.32239255231084707 3.8176519431297078 2.5619819897016298 4.1891953942678901 0.22479212927071848 0.24936130079737359
decision_type=2 2 2 2 2 2
left_child=4 2 -2 -3 5 -1
right_child=1 3 -4 -5 -6 -7
leaf_value=-0.00040795968958687686 -0.0011122751097457533 -0.002877485874713339 0.0027228326833574103 7.6568351903309433e-05 0.0023103859151645642 0.0015521777040820809
leaf_weight=249 39 47 40 75 30 62
leaf_count=249 39 47 40 75 30 62
internal_value=0 -0.000318232 0.000829552 -0.00106147 0.00018758 -1.71927e-05
internal_weight=0 201 79 122 341 311
internal_count=542 201 79 122 341 311
is_linear=0
shrinkage=0.1


Tree=447
num_leaves=7
num_cat=0
split_feature=73 92 45 37 101 72
split_gain=0.00342231 0.0118105 0.0105861 0.0158333 0.00963688 0.00802984
threshold=1.2424533248940004 4.5125213445190058 1.0397207708399181 2.191013317336941 3.0433873634561537 0.15213730325613886
decision_type=2 2 2 2 2 2
left_child=2 4 -1 -4 -2 -3
right_child=1 5 3 -5 -6 -7
leaf_value=0.0024962921911777045 0.0013139935019849376 -0.00050042310214944575 -0.0028135535915175245 0.00024389073174391654 -0.00038707177354410345 -0.0034478373376057589
leaf_weight=19 44 19 18 287 137 18
leaf_count=19 44 19 18 287 137 18
internal_value=0 -0.000306341 0.000206118 6.34514e-05 2.64469e-05 -0.0019343
internal_weight=0 218 324 305 181 37
internal_count=542 218 324 305 181 37
is_linear=0
shrinkage=0.1


Tree=448
num_leaves=5
num_cat=0
split_feature=65 40 68 100
split_gain=0.00335299 0.0161565 0.00892813 0.00542413
threshold=1.8552669399515371 2.3937458713910238 3.2019615987269296 4.234001473612734
decision_type=2 2 2 2
left_child=1 -1 -2 -4
right_child=2 -3 3 -5
leaf_value=0.00075264111843093169 0.0017798628850743689 -0.00296870612539351 -0.00032795657033716889 0.00036107294510278882
leaf_weight=28 29 20 263 202
leaf_count=28 29 20 263 202
internal_value=0 -0.00079792 7.75307e-05 -2.86362e-05
internal_weight=0 48 494 465
internal_count=542 48 494 465
is_linear=0
shrinkage=0.1


Tree=449
num_leaves=7
num_cat=0
split_feature=37 41 101 83 40 72
split_gain=0.00326236 0.0165826 0.015569 0.00826009 0.0128327 0.00324743
threshold=1.9356005054539456 1.0397207708399181 3.6242520361853052 2.6615049862358711 1.9356005054539456 0.18993478045960036
decision_type=2 2 2 2 2 2
left_child=1 2 -1 4 -2 -5
right_child=3 -3 -4 5 -6 -7
leaf_value=0.0024576529087922115 -0.0027023066602209038 -0.0027404548260674347 -0.00078835620260280046 0.0025868639401297141 0.00010309094435441715 0.00063225126248332405
leaf_weight=22 17 25 45 17 399 17
leaf_count=22 17 25 45 17 399 17
internal_value=0 -0.000542598 0.000277498 0.000110931 -1.15527e-05 0.00160956
internal_weight=0 92 67 450 416 34
internal_count=542 92 67 450 416 34
is_linear=0
shrinkage=0.1


Tree=450
num_leaves=7
num_cat=0
split_feature=82 77 11 40 44 42
split_gain=0.00332745 0.0121959 0.0123848 0.00902938 0.0280086 0.0201903
threshold=0.32974294883386152 2.8888261616113287 7.3231600434947675 2.8314802400679731 2.3937458713910238 2.6735537653587347
decision_type=2 2 2 2 2 2
left_child=3 -2 -3 4 -1 -5
right_child=1 2 -4 5 -6 -7
leaf_value=-0.00066451751308005229 -0.0022519578758094993 0.00025954948001266794 -0.0024340529374680241 -0.002258949684702592 0.0043131161783821889 0.00030803207101132835
leaf_weight=26 28 168 19 35 20 246
leaf_count=26 28 168 19 35 20 246
internal_value=0 -0.00030557 -1.4132e-05 0.00020091 0.00149967 -1.16988e-05
internal_weight=0 215 187 327 46 281
internal_count=542 215 187 327 46 281
is_linear=0
shrinkage=0.1


Tree=451
num_leaves=7
num_cat=0
split_feature=54 44 40 10 103 1
split_gain=0.0032803 0.0110065 0.0146907 0.00697383 0.021183 0.0117157
threshold=2.191013317336941 4.317399216745252 2.8314802400679731 2.3937458713910238 1.8688348091416842 2.9174053685313028
decision_type=2 2 2 2 2 2
left_child=1 2 -1 4 -2 -5
right_child=3 -3 -4 5 -6 -7
leaf_value=0.001264581369191763 -0.0036053319588642226 0.0023322950154542922 -0.0013803307732035007 0.0014625213895879615 -2.2292644787353999e-05 -0.00016624024718534352
leaf_weight=42 22 25 42 52 66 293
leaf_count=42 22 25 42 52 66 293
internal_value=0 0.000490329 -5.78747e-05 -0.000123432 -0.000918052 7.92543e-05
internal_weight=0 109 84 433 88 345
internal_count=542 109 84 433 88 345
is_linear=0
shrinkage=0.1


Tree=452
num_leaves=4
num_cat=0
split_feature=43 47 41
split_gain=0.0033318 0.00535779 0.00638017
threshold=7.7764660513092769 7.4277275294832714 4.5325416796595226
decision_type=2 2 2
left_child=1 2 -1
right_child=-2 -3 -4
leaf_value=0.00011322626995496211 -0.0012666595322662034 0.0014478346153807182 -0.00095662905378048892
leaf_weight=432 20 26 64
leaf_count=432 20 26 64
internal_value=0 4.8531e-05 -2.48196e-05
internal_weight=0 522 496
internal_count=542 522 496
is_linear=0
shrinkage=0.1


Tree=453
num_leaves=4
num_cat=0
split_feature=35 39 40
split_gain=0.00314658 0.00777239 0.00467881
threshold=7.7397808239352983 7.5120616903677684 5.4204958404047412
decision_type=2 2 2
left_child=1 2 -1
right_child=-2 -3 -4
leaf_value=-4.5246496691409756e-05 0.0011714125882876529 -0.0021525401498793681 0.0014148010396520083
leaf_weight=480 22 17 23
leaf_count=480 22 17 23
internal_value=0 -4.95598e-05 2.15151e-05
internal_weight=0 520 503
internal_count=542 520 503
is_linear=0
shrinkage=0.1


Tree=454
num_leaves=7
num_cat=0
split_feature=89 69 98 8 89 72
split_gain=0.00299351 0.0155719 0.0312613 0.0264169 0.011993 0.0155008
threshold=0.32239255231084707 3.5550839280846662 8.2791727469771832 2.5619819897016298 0.22479212927071848 0.24936130079737359
decision_type=2 2 2 2 2 2
left_child=4 3 -3 -2 5 -1
right_child=1 2 -4 -5 -6 -7
leaf_value=-0.0003560431356294956 -0.00088548765349916604 -0.0043354504220390125 -0.00024282773004167461 0.0027862288258297162 0.0020898743400660654 0.0014110572101696649
leaf_weight=249 43 23 99 36 30 62
leaf_count=249 43 23 99 36 30 62
internal_value=0 -0.000306105 -0.00101439 0.0007877 0.000180431 -3.75947e-06
internal_weight=0 201 122 79 341 311
internal_count=542 201 122 79 341 311
is_linear=0
shrinkage=0.1


Tree=455
num_leaves=7
num_cat=0
split_feature=73 92 45 27 78 22
split_gain=0.00316013 0.0097473 0.00928377 0.011174 0.00872193 0.00772925
threshold=1.2424533248940004 4.5125213445190058 1.5890269151739731 4.1971736807086968 0.38756362378685411 3.9701138825728512
decision_type=2 2 2 2 2 2
left_child=2 4 -1 -4 -2 -3
right_child=1 5 3 -5 -6 -7
leaf_value=0.002181335008274552 0.001251530147233415 -0.00036653535223051318 -0.0011940279896752429 0.00035015327221266432 -0.00037953735785170773 -0.0032582562041675884
leaf_weight=22 43 19 58 244 138 18
leaf_count=22 43 19 58 244 138 18
internal_value=0 -0.000294372 0.000198065 5.35887e-05 7.95382e-06 -0.00177332
internal_weight=0 218 324 302 181 37
internal_count=542 218 324 302 181 37
is_linear=0
shrinkage=0.1


Tree=456
num_leaves=7
num_cat=0
split_feature=10 28 25 88 68 12
split_gain=0.0028402 0.0182323 0.0175298 0.0210866 0.0173044 0.0090949
threshold=3.4811217321331038 3.5972184255501678 3.4960482137079443 0.22478797469785308 4.5309962294572079 3.891612008168019
decision_type=2 2 2 2 2 2
left_child=2 -2 4 -4 -1 -3
right_child=1 5 3 -5 -6 -7
leaf_value=-0.00010099982514352509 0.0029283913830548281 -0.0021197540464958078 -0.0036562169396222154 0.00062974172822003697 0.0032093699199750147 0.00016361596497628913
leaf_weight=222 23 19 29 19 17 213
leaf_count=222 23 19 29 19 17 213
internal_value=0 0.000242854 -0.000215777 -0.00195969 0.000134466 -2.33842e-05
internal_weight=0 255 287 48 239 232
internal_count=542 255 287 48 239 232
is_linear=0
shrinkage=0.1


Tree=457
num_leaves=6
num_cat=0
split_feature=55 16 14 98 1
split_gain=0.00283214 0.0226485 0.0205412 0.0138571 0.0171851
threshold=3.2951505240983434 3.6632328069201612 2.6735537653587347 6.9087542803134747 2.8029010331479989
decision_type=2 2 2 2 2
left_child=1 2 -1 -2 -5
right_child=3 -3 -4 4 -6
leaf_value=0.00053107651499949662 -0.0029411513700752577 0.0035001461184583603 -0.0023720370348699715 0.0019077240258367255 -0.00026717745632113491
leaf_weight=114 17 20 31 41 319
leaf_count=114 17 20 31 41 319
internal_value=0 0.00034553 -8.95891e-05 -0.000151227 -1.94803e-05
internal_weight=0 165 145 377 360
internal_count=542 165 145 377 360
is_linear=0
shrinkage=0.1


Tree=458
num_leaves=4
num_cat=0
split_feature=72 72 13
split_gain=0.0028756 0.00612854 0.00504538
threshold=0.80260924844569626 0.50539078764753886 3.4960482137079443
decision_type=2 2 2
left_child=1 2 -1
right_child=-2 -3 -4
leaf_value=-0.00035807630100076129 -0.0010059726152879497 0.0015799649553955534 0.00028412653363353802
leaf_weight=236 27 25 254
leaf_count=236 27 25 254
internal_value=0 5.27403e-05 -2.51793e-05
internal_weight=0 515 490
internal_count=542 515 490
is_linear=0
shrinkage=0.1


Tree=459
num_leaves=6
num_cat=0
split_feature=69 102 4 44 0
split_gain=0.00301759 0.0172965 0.0134794 0.0092437 0.00920861
threshold=3.0251604628081092 4.983512786670059 2.9430520157250784 3.5408542930527882 3.1132683346437333
decision_type=2 2 2 2 2
left_child=1 3 -2 -1 -4
right_child=2 -3 4 -5 -6
leaf_value=-0.0008402113009872141 -0.0026042020519352741 0.0031233615940436722 0.0019377645550538666 0.00095228741411119706 -0.00012592877447734126
leaf_weight=66 21 20 23 51 361
leaf_count=66 21 20 23 51 361
internal_value=0 0.000405693 -0.000137234 -5.88657e-05 -2.32214e-06
internal_weight=0 137 405 117 384
internal_count=542 137 405 117 384
is_linear=0
shrinkage=0.1


Tree=460
num_leaves=7
num_cat=0
split_feature=87 85 72 15 33 15
split_gain=0.00305041 0.0108049 0.0103228 0.00904684 0.0246216 0.0183171
threshold=1.0000000180025095e-35 0.62972296850805487 0.050091786992132313 4.7621374077860157 4.0689902272260703 3.6632328069201612
decision_type=2 2 2 2 2 2
left_child=1 2 -1 5 -5 -2
right_child=3 -3 -4 4 -6 -7
leaf_value=0.0006182912736669967 -0.00048003594418158374 0.0024752388487104329 -0.00068236559245378556 -0.0018140080683062684 0.00067668967309709592 0.0022043427255434489
leaf_weight=142 73 20 107 90 71 39
leaf_count=142 73 20 107 90 71 39
internal_value=0 0.000238993 5.93745e-05 -0.000235491 -0.000715626 0.000454703
internal_weight=0 269 249 273 161 112
internal_count=542 269 249 273 161 112
is_linear=0
shrinkage=0.1


Tree=461
num_leaves=4
num_cat=0
split_feature=67 69 69
split_gain=0.00292871 0.00995036 0.00891535
threshold=2.8314802400679731 2.0198544097603941 2.2929443328390202
decision_type=2 2 2
left_child=-1 -2 -3
right_child=1 2 -4
leaf_value=0.00099595733336172994 -0.0024332393405904229 0.0022119742339580424 -5.4983875672561404e-05
leaf_weight=28 17 18 479
leaf_count=28 17 18 479
internal_value=0 -5.42545e-05 2.71192e-05
internal_weight=0 514 497
internal_count=542 514 497
is_linear=0
shrinkage=0.1


Tree=462
num_leaves=4
num_cat=0
split_feature=22 26 34
split_gain=0.00262981 0.00460917 0.00580085
threshold=5.8916289495434491 5.6834872047429625 5.5131359965876126
decision_type=2 2 2
left_child=1 2 -1
right_child=-2 -3 -4
leaf_value=5.3755133921348399e-05 -0.0011253375027445145 0.0016626772354356946 -0.001774306515775
leaf_weight=487 20 17 18
leaf_count=487 20 17 18
internal_value=0 4.31164e-05 -1.14035e-05
internal_weight=0 522 505
internal_count=542 522 505
is_linear=0
shrinkage=0.1


Tree=463
num_leaves=8
num_cat=0
split_feature=99 41 33 44 21 6 19
split_gain=0.00262026 0.00953409 0.0217938 0.017743 0.00720732 0.0172171 0.0172127
threshold=0.89587973461402759 2.3502401828962087 2.8617925509761908 1.0397207708399181 2.191013317336941 1.7005986908310777 3.1345481418531311
decision_type=2 2 2 2 2 2 2
left_child=1 3 -3 -1 5 -2 -6
right_child=4 2 -4 -5 6 -7 -8
leaf_value=-0.00032489044518259016 -0.00082884325730124293 -0.002288988549116766 0.00083442022064323166 0.0041220748002695684 -0.0024836828074926002 0.0024778503622655992 -7.9070240338440176e-05
leaf_weight=19 31 32 74 17 33 32 304
leaf_count=19 31 32 74 17 33 32 304
internal_value=0 0.000369027 -0.000108496 0.00177507 -0.000131005 0.000850747 -0.000314537
internal_weight=0 142 106 36 400 63 337
internal_count=542 142 106 36 400 63 337
is_linear=0
shrinkage=0.1


Tree=464
num_leaves=5
num_cat=0
split_feature=20 17 17 9
split_gain=0.00262331 0.00818357 0.0122905 0.0072295
threshold=5.9558239461055011 5.003923783930186 4.7273486598447958 5.1298812082267613
decision_type=2 2 2 2
left_child=1 2 -1 -3
right_child=-2 3 -4 -5
leaf_value=-4.4245742988236257e-05 0.0010695853603961455 -0.0028270682748897298 0.0022777738255778486 -0.00019111225847154856
leaf_weight=454 22 19 24 23
leaf_count=454 22 19 24 23
internal_value=0 -4.52517e-05 7.2341e-05 -0.00138357
internal_weight=0 520 478 42
internal_count=542 520 478 42
is_linear=0
shrinkage=0.1


Tree=465
num_leaves=6
num_cat=0
split_feature=15 15 44 27 95
split_gain=0.00261281 0.0199395 0.0120087 0.0112138 0.0117596
threshold=2.9430520157250784 3.6632328069201612 2.5619819897016298 4.2625806805327082 1.5890269151739731
decision_type=2 2 2 2 2
left_child=3 -2 -3 4 -1
right_child=1 2 -4 -5 -6
leaf_value=-0.0019766183893965639 -0.0031997306365519765 0.0014226810941990052 -0.00018072390480194445 0.002790069369160954 0.00058208959466045178
leaf_weight=23 20 54 346 17 82
leaf_count=23 20 54 346 17 82
internal_value=0 -0.000118334 3.57358e-05 0.00040738 2.16107e-05
internal_weight=0 420 400 122 105
internal_count=542 420 400 122 105
is_linear=0
shrinkage=0.1


Tree=466
num_leaves=6
num_cat=0
split_feature=78 83 47 47 95
split_gain=0.00272617 0.0146108 0.0112461 0.0146122 0.00832865
threshold=0.54355564966639924 0.88592157537677318 2.191013317336941 3.1345481418531311 2.7058230259275202
decision_type=2 2 2 2 2
left_child=2 -2 -1 -4 -3
right_child=1 4 3 -5 -6
leaf_value=0.0020866629461774471 -0.0024151143750974109 -0.0017951630726678388 -0.0023248169380240143 0.00019119938963036397 0.00034147101029813987
leaf_weight=28 28 21 25 301 139
leaf_count=28 28 21 25 301 139
internal_value=0 -0.000307751 0.000163438 -1.74665e-06 6.10378e-05
internal_weight=0 188 354 326 160
internal_count=542 188 354 326 160
is_linear=0
shrinkage=0.1


Tree=467
num_leaves=6
num_cat=0
split_feature=59 69 70 54 83
split_gain=0.00311676 0.0177861 0.0124828 0.0159066 0.0110907
threshold=3.2951505240983434 2.8135578778313621 3.142614223188827 3.0201273556387074 0.30522999012680424
decision_type=2 2 2 2 2
left_child=1 4 -2 -4 -1
right_child=2 -3 3 -5 -6
leaf_value=0.00034825984349362961 -0.002175117876010648 0.0029493973145018454 0.0028328732685431058 -0.00013571139873286652 -0.0023055536427388067
leaf_weight=92 28 23 19 361 19
leaf_count=92 28 23 19 361 19
internal_value=0 0.000418437 -0.000137428 1.27178e-05 -0.000105997
internal_weight=0 134 408 380 111
internal_count=542 134 408 380 111
is_linear=0
shrinkage=0.1


Tree=468
num_leaves=8
num_cat=0
split_feature=23 29 37 31 62 74 33
split_gain=0.00333227 0.0134491 0.0199191 0.0126133 0.018352 0.0118212 0.0104814
threshold=3.9316333620047872 3.1984648276080736 3.1984648276080736 2.7058230259275202 1.5890269151739729 0.46462152660480399 3.4960482137079443
decision_type=2 2 2 2 2 2 2
left_child=3 2 -2 5 -5 -1 -3
right_child=1 6 -4 4 -6 -7 -8
leaf_value=-0.0010127866229226313 -0.00034630583903855075 0.0016543748191907071 -0.0035950818834826351 0.0027448376023676245 -0.0011773134965230437 0.0013649450312368573 -5.6968572830217546e-05
leaf_weight=69 77 42 25 40 17 30 242
leaf_count=69 77 42 25 40 17 30 242
internal_value=0 -0.00015763 -0.00114257 0.000390034 0.00157507 -0.000292262 0.000196117
internal_weight=0 386 102 156 57 99 284
internal_count=542 386 102 156 57 99 284
is_linear=0
shrinkage=0.1


Tree=469
num_leaves=6
num_cat=0
split_feature=23 27 19 15 15
split_gain=0.00269914 0.0114857 0.0109491 0.0134693 0.0107786
threshold=3.9316333620047872 4.1107394736335969 3.4334666422309414 2.9430520157250784 4.234001473612734
decision_type=2 2 2 2 2
left_child=2 -2 3 -1 -3
right_child=1 4 -4 -5 -6
leaf_value=0.00041356719879137393 -0.0023089459580976682 -0.0018538360324375138 0.0020333213904391851 -0.0023122574750397526 0.00015600682445383537
leaf_weight=103 23 29 31 22 334
leaf_count=103 23 29 31 22 334
internal_value=0 -0.000141867 0.00035103 -6.61779e-05 -4.55913e-06
internal_weight=0 386 156 125 363
internal_count=542 386 156 125 363
is_linear=0
shrinkage=0.1


Tree=470
num_leaves=7
num_cat=0
split_feature=87 39 46 33 27 40
split_gain=0.0027266 0.00902159 0.0100703 0.00779234 0.0249444 0.0215288
threshold=1.0000000180025095e-35 7.391412193863097 0.89587973461402759 4.0689902272260703 5.192895118684441 4.7003150492096575
decision_type=2 2 2 2 2 2
left_child=1 2 -1 4 -2 -5
right_child=3 -3 -4 5 -6 -7
leaf_value=-0.00086297342181662282 0.00022802123884585771 -0.0018174319124955218 0.00071283548519443345 0.0031918509792455518 -0.0021776579473225866 -0.00046152619006871074
leaf_weight=51 132 20 198 23 64 54
leaf_count=51 132 20 198 23 64 54
internal_value=0 0.000225952 0.000390079 -0.000222642 -0.000557507 0.000629742
internal_weight=0 269 249 273 196 77
internal_count=542 269 249 273 196 77
is_linear=0
shrinkage=0.1


Tree=471
num_leaves=4
num_cat=0
split_feature=35 39 40
split_gain=0.00285164 0.00627371 0.00444176
threshold=7.7397808239352983 7.5120616903677684 5.4204958404047412
decision_type=2 2 2
left_child=1 2 -1
right_child=-2 -3 -4
leaf_value=-4.8372502886498601e-05 0.0011151626483875919 -0.0019365631208262024 0.0013742086416839259
leaf_weight=480 22 17 23
leaf_count=480 22 17 23
internal_value=0 -4.718e-05 1.66759e-05
internal_weight=0 520 503
internal_count=542 520 503
is_linear=0
shrinkage=0.1


Tree=472
num_leaves=6
num_cat=0
split_feature=23 23 22 28 92
split_gain=0.00272778 0.00763712 0.010773 0.00730046 0.00523825
threshold=7.4730587573469638 6.9678808282786306 4.4187680230537838 5.1532748880139918 4.5107250548888773
decision_type=2 2 2 2 2
left_child=1 2 -1 -3 -2
right_child=4 3 -4 -5 -6
leaf_value=0.00011701412997250651 -0.0021258177523336866 0.00010113423607738999 -0.001333604960789178 0.0023905351919193685 0.00018909498656917689
leaf_weight=387 17 30 59 26 23
leaf_count=387 17 30 59 26 23
internal_value=0 6.33261e-05 -7.48839e-05 0.00116407 -0.000794743
internal_weight=0 502 446 56 40
internal_count=542 502 446 56 40
is_linear=0
shrinkage=0.1


Tree=473
num_leaves=6
num_cat=0
split_feature=24 28 29 4 41
split_gain=0.00246502 0.0235364 0.0196645 0.0103846 0.00984545
threshold=4.9485334923666038 5.0304165616299539 4.465842055365858 4.7003150492096575 4.5325416796595226
decision_type=2 2 2 2 2
left_child=2 -2 4 -3 -1
right_child=1 3 -4 -5 -6
leaf_value=7.8102168490157799e-05 -0.003732734978742277 -0.0015637447983026507 0.0030954060815496461 0.00079361635464404072 -0.0020524005608066271
leaf_weight=381 18 25 21 74 23
leaf_count=381 18 25 21 74 23
internal_value=0 -0.000406455 0.000111895 0.000198323 -4.31888e-05
internal_weight=0 117 425 99 404
internal_count=542 117 425 99 404
is_linear=0
shrinkage=0.1


Tree=474
num_leaves=6
num_cat=0
split_feature=23 23 39 20 40
split_gain=0.00250492 0.00616626 0.00867143 0.00620445 0.00476526
threshold=7.4730587573469638 6.9678808282786306 6.4002353700099741 4.9485334923666038 5.2831908449625269
decision_type=2 2 2 2 2
left_child=1 2 -1 -3 -2
right_child=4 3 -4 -5 -6
leaf_value=0.00012513361543341941 -0.001968255943696325 -0.0003624264884274453 -0.0010941862670259307 0.0018343176514867485 0.00022568999874320899
leaf_weight=377 18 20 69 36 22
leaf_count=377 18 20 69 36 22
internal_value=0 6.06841e-05 -6.35056e-05 0.00104977 -0.000761586
internal_weight=0 502 446 56 40
internal_count=542 502 446 56 40
is_linear=0
shrinkage=0.1


Tree=475
num_leaves=6
num_cat=0
split_feature=37 41 101 52 10
split_gain=0.00248002 0.0124372 0.0124103 0.00793681 0.0108711
threshold=1.9356005054539456 1.0397207708399181 3.6242520361853052 0.89587973461402759 1.2424533248940004
decision_type=2 2 2 2 2
left_child=1 2 -1 -2 -5
right_child=3 -3 -4 4 -6
leaf_value=0.0021836208769607105 0.0017926697180463145 -0.00237651055958122 -0.00071446302657326066 -0.0020301568796858194 0.00011946980104452575
leaf_weight=22 26 25 45 25 399
leaf_count=22 26 25 45 25 399
internal_value=0 -0.000473086 0.000237147 9.67199e-05 -7.27706e-06
internal_weight=0 92 67 450 424
internal_count=542 92 67 450 424
is_linear=0
shrinkage=0.1


Tree=476
num_leaves=7
num_cat=0
split_feature=89 69 98 84 89 72
split_gain=0.00250359 0.012781 0.0241064 0.0235602 0.00989988 0.012083
threshold=0.32239255231084707 3.5550839280846662 8.2791727469771832 0.014937124204694651 0.22479212927071848 0.24936130079737359
decision_type=2 2 2 2 2 2
left_child=4 3 -3 -2 5 -1
right_child=1 2 -4 -5 -6 -7
leaf_value=-0.00031337071356015751 -0.00019327118535593694 -0.0038379676442633829 -0.00024408183414536069 0.0040089858175419713 0.0018998389230303779 0.0012467992834928974
leaf_weight=249 62 23 99 17 30 62
leaf_count=249 62 23 99 17 30 62
internal_value=0 -0.000279937 -0.000921618 0.000711012 0.000165007 -2.34004e-06
internal_weight=0 201 122 79 341 311
internal_count=542 201 122 79 341 311
is_linear=0
shrinkage=0.1


Tree=477
num_leaves=4
num_cat=0
split_feature=10 14 13
split_gain=0.00248459 0.00596779 0.00567609
threshold=5.9597083565416389 5.5131359965876126 4.9904094477362264
decision_type=2 2 2
left_child=1 2 -1
right_child=-2 -3 -4
leaf_value=-3.8170671387231043e-05 0.0011898244957110901 -0.001432868730023921 0.0014528969729629658
leaf_weight=469 17 29 27
leaf_count=469 17 29 27
internal_value=0 -3.85277e-05 4.29963e-05
internal_weight=0 525 496
internal_count=542 525 496
is_linear=0
shrinkage=0.1


Tree=478
num_leaves=5
num_cat=0
split_feature=53 53 86 76
split_gain=0.00266281 0.00441221 0.00485248 0.00409253
threshold=3.8026168433274292 3.3400804324733566 0.61334666495513168 0.56984001436005249
decision_type=2 2 2 2
left_child=1 2 -1 -2
right_child=3 -3 -4 -5
leaf_value=0.00014009406879132168 -0.0018470152134173795 0.0012815840825039363 -0.0006899566864757258 0.00020243061357177796
leaf_weight=389 19 28 86 20
leaf_count=389 19 28 86 20
internal_value=0 6.1719e-05 -1.01888e-05 -0.000796017
internal_weight=0 503 475 39
internal_count=542 503 475 39
is_linear=0
shrinkage=0.1


Tree=479
num_leaves=6
num_cat=0
split_feature=71 30 46 42 78
split_gain=0.00239117 0.00718172 0.00484064 0.015708 0.0112242
threshold=3.4498615536424366 2.740319461670996 2.1383330595080281 1.4978661367769956 1.3502009901319769
decision_type=2 2 2 2 2
left_child=2 -2 3 -1 -4
right_child=1 -3 4 -5 -6
leaf_value=-0.00011774590760899667 0.00038224724681909994 -0.0021179043897427622 6.6016171529909853e-07 0.0022990859894267295 -0.0026308807183180335
leaf_weight=92 27 20 348 38 17
leaf_count=92 27 20 348 38 17
internal_value=0 -0.000681647 6.4722e-05 0.000588713 -0.000121905
internal_weight=0 47 495 130 365
internal_count=542 47 495 130 365
is_linear=0
shrinkage=0.1


Tree=480
num_leaves=6
num_cat=0
split_feature=65 102 20 72 26
split_gain=0.00273248 0.0137308 0.00821575 0.0172746 0.00779115
threshold=1.8552669399515371 3.5516610312630568 1.5890269151739729 0.1117943016486343 1.2424533248940004
decision_type=2 2 2 2 2
left_child=1 -1 3 -2 -4
right_child=2 -3 4 -5 -6
leaf_value=-0.0025589757641269403 0.0031260987920686601 0.00083547791685375085 -0.0012520930593196606 -0.00071603163920702759 8.4240776525451166e-05
leaf_weight=22 25 26 49 22 398
leaf_count=22 25 26 49 22 398
internal_value=0 -0.000720313 6.999e-05 0.00132765 -6.22477e-05
internal_weight=0 48 494 47 447
internal_count=542 48 494 47 447
is_linear=0
shrinkage=0.1


Tree=481
num_leaves=7
num_cat=0
split_feature=87 85 100 87 83 3
split_gain=0.00255302 0.00758243 0.00874019 0.0066648 0.00973089 0.00866453
threshold=1.0000000180025095e-35 0.62972296850805487 5.282572033002352 0.42132096050533818 1.462161678864397 2.3937458713910238
decision_type=2 2 2 2 2 2
left_child=1 2 -1 4 -2 -5
right_child=3 -3 -4 5 -6 -7
leaf_value=0.0002832778505961125 -0.0014745053250711257 0.0020919648464769124 -0.0015636494240707493 -0.0014579420992439347 0.00078251956057591519 0.00046140587898359329
leaf_weight=220 72 20 29 28 26 147
leaf_count=220 72 20 29 28 26 147
internal_value=0 0.000218642 6.81739e-05 -0.000215438 -0.000875703 0.00015431
internal_weight=0 269 249 273 98 175
internal_count=542 269 249 273 98 175
is_linear=0
shrinkage=0.1


Tree=482
num_leaves=7
num_cat=0
split_feature=80 88 88 88 39 80
split_gain=0.00247286 0.0109211 0.00740703 0.0157164 0.0112003 0.00590949
threshold=0.98598898791261558 0.60178126964073586 0.53679414469006392 0.381909351472076 1.9356005054539456 1.3465622754427675
decision_type=2 2 2 2 2 2
left_child=2 5 3 -1 -4 -2
right_child=1 -3 4 -5 -6 -7
leaf_value=-0.000120843536820632 0.00095045011157968227 0.0026058045693820244 0.0013876811453213268 0.0020173323585484654 -0.0012842851565801538 -0.00074375308491289626
leaf_weight=290 35 19 19 39 90 50
leaf_count=290 35 19 19 39 90 50
internal_value=0 0.00043835 -0.000104083 0.000132618 -0.00081853 -4.614e-05
internal_weight=0 104 438 329 109 85
internal_count=542 104 438 329 109 85
is_linear=0
shrinkage=0.1


Tree=483
num_leaves=8
num_cat=0
split_feature=89 43 34 6 53 8 89
split_gain=0.00252613 0.0105031 0.017377 0.0109429 0.0104548 0.0259633 0.0113947
threshold=0.32239255231084707 6.025819296111556 4.5950688323293329 5.2146994068600803 1.3424540464534973 2.3937458713910238 0.5828977007850159
decision_type=2 2 2 2 2 2 2
left_child=1 3 -3 -1 5 -2 -6
right_child=4 2 -4 -5 6 -7 -8
leaf_value=-2.0947809318686356e-05 -0.0013480096573899078 0.0022730998029352498 -0.00018391584282711386 -0.0025290622314634295 -0.0015768535586699131 0.0035102841464818499 0.00013119177407740307
leaf_weight=206 22 53 63 19 73 22 84
leaf_count=206 22 53 63 19 73 22 84
internal_value=0 0.000165748 0.000938686 -0.000232744 -0.000281195 0.00108114 -0.000662995
internal_weight=0 341 116 225 201 44 157
internal_count=542 341 116 225 201 44 157
is_linear=0
shrinkage=0.1


Tree=484
num_leaves=6
num_cat=0
split_feature=24 16 38 57 96
split_gain=0.002561 0.019723 0.0129176 0.0110524 0.00916412
threshold=3.9316333620047872 3.891612008168019 3.9316333620047872 2.2609683142547943 4.1430087342023825
decision_type=2 2 2 2 2
left_child=2 -2 4 -3 -1
right_child=1 3 -4 -5 -6
leaf_value=0.00020911406131420208 0.0031618988673601835 -0.0019397969232630677 -0.0021373528236102676 0.00020399558504736472 -0.0020783157974763431
leaf_weight=224 21 27 31 220 19
leaf_count=224 21 27 31 220 19
internal_value=0 0.000219792 -0.00021498 -3.03461e-05 3.02615e-05
internal_weight=0 268 274 247 243
internal_count=542 268 274 247 243
is_linear=0
shrinkage=0.1


Tree=485
num_leaves=7
num_cat=0
split_feature=73 92 20 92 22 17
split_gain=0.00251464 0.0077231 0.01316 0.00623245 0.00673705 0.00638933
threshold=1.2424533248940004 4.3665966771809428 1.5890269151739729 4.5125213445190058 3.9701138825728512 2.602003343538398
decision_type=2 2 2 2 2 2
left_child=1 -1 -3 5 -5 -2
right_child=3 2 -4 4 -6 -7
leaf_value=-0.0017794419325103884 0.00089031252627373096 0.0026544551342567503 0.00011539411132250437 -0.00013180752162282404 -0.002831552900736117 -0.00040826561582764229
leaf_weight=19 54 22 283 19 18 127
leaf_count=19 54 22 283 19 18 127
internal_value=0 0.000176683 0.000298539 -0.000262592 -0.0014452 -2.08445e-05
internal_weight=0 324 305 218 37 181
internal_count=542 324 305 218 37 181
is_linear=0
shrinkage=0.1


Tree=486
num_leaves=6
num_cat=0
split_feature=16 0 31 43 54
split_gain=0.0030097 0.0242299 0.0125441 0.0146881 0.0110716
threshold=3.6632328069201612 3.1132683346437333 5.6902681384622422 5.6628640202147453 3.4960482137079443
decision_type=2 2 2 2 2
left_child=2 -2 3 -1 -3
right_child=1 4 -4 -5 -6
leaf_value=-0.00030490102982066281 0.0036661798820683831 -0.0023541033035144212 -0.0022152954903190379 0.0022784120589494704 0.00014456991783865812
leaf_weight=184 19 19 29 25 266
leaf_count=184 19 19 29 25 266
internal_value=0 0.000208503 -0.000266324 4.10771e-06 -2.20083e-05
internal_weight=0 304 238 209 285
internal_count=542 304 238 209 285
is_linear=0
shrinkage=0.1


Tree=487
num_leaves=6
num_cat=0
split_feature=12 55 30 39 16
split_gain=0.00263834 0.0287838 0.0128419 0.0118803 0.0203529
threshold=3.8499212036984933 3.7132745361986528 1.7005986908310777 6.4002353700099741 3.7132745361986528
decision_type=2 2 2 2 2
left_child=3 -2 -3 4 -1
right_child=1 2 -4 -5 -6
leaf_value=-0.00034337760532697189 0.0036852702561935243 0.0023518167389556767 -0.00028603388887691748 -0.0025097397959879825 0.002671221489319578
leaf_weight=215 22 20 239 21 25
leaf_count=215 22 20 239 21 25
internal_value=0 0.000212634 -8.23389e-05 -0.000228928 -2.93569e-05
internal_weight=0 281 259 261 240
internal_count=542 281 259 261 240
is_linear=0
shrinkage=0.1


Tree=488
num_leaves=8
num_cat=0
split_feature=42 19 15 95 28 37 18
split_gain=0.00248755 0.0149327 0.0190172 0.0122747 0.0183395 0.0122721 0.00837216
threshold=1.4978661367769956 2.3937458713910238 3.4960482137079443 2.8617925509761908 1.5890269151739729 1.0397207708399181 1.2424533248940004
decision_type=2 2 2 2 2 2 2
left_child=3 6 -3 5 -5 -1 -2
right_child=1 2 -4 4 -6 -7 -8
leaf_value=-0.003909067756167668 0.0035762440625523384 -0.00224730510805809 0.00013963590789581781 0.0025127029193099588 -0.00071904350523994769 -0.00010935800727405448 0.00078129380828989993
leaf_weight=17 17 37 341 25 59 17 29
leaf_count=17 17 37 341 25 59 17 29
internal_value=0 0.000113017 -9.40065e-05 -0.000406095 0.000242786 -0.00200921 0.00181421
internal_weight=0 424 378 118 84 34 46
internal_count=542 424 378 118 84 34 46
is_linear=0
shrinkage=0.1


Tree=489
num_leaves=6
num_cat=0
split_feature=104 77 2 17 50
split_gain=0.00243567 0.011876 0.00767789 0.011005 0.00756537
threshold=5.5567609741203308 4.4828588944924253 4.4187680230537838 4.3693677306817369 4.6150714996361826
decision_type=2 2 2 2 2
left_child=1 4 -2 -4 -1
right_child=2 -3 3 -5 -6
leaf_value=-0.00015501278239296159 0.0018142258619953848 -0.0026267535674075288 -0.0017487856783662684 0.00065308391850871532 0.0012206745095964936
leaf_weight=358 29 18 27 65 45
leaf_count=358 29 18 27 65 45
internal_value=0 -0.000113648 0.00039542 -5.18126e-05 -1.40006e-06
internal_weight=0 421 121 92 403
internal_count=542 421 121 92 403
is_linear=0
shrinkage=0.1


Tree=490
num_leaves=8
num_cat=0
split_feature=104 57 51 104 72 72 79
split_gain=0.00219131 0.00909592 0.0152417 0.00810902 0.0213959 0.00919834 0.00620214
threshold=4.7094896185437563 2.9886636938919979 4.3036997296511936 4.0342014792848504 0.090460007434333203 0.056093240364113062 4.7706487139546434
decision_type=2 2 2 2 2 2 2
left_child=3 2 -2 5 -5 -1 -3
right_child=1 6 -4 4 -6 -7 -8
leaf_value=0.00056671997692760536 0.0037674677695202479 -0.00074764875002448908 0.00036253363342156862 -0.0022749893490553777 0.0010906107378347467 -0.00067688142430157429 0.00072612916417203334
leaf_weight=165 17 85 58 51 30 93 43
leaf_count=165 17 85 58 51 30 93 43
internal_value=0 0.000259839 0.00113432 -0.000155597 -0.00102847 0.000118445 -0.000252551
internal_weight=0 203 75 339 81 258 128
internal_count=542 203 75 339 81 258 128
is_linear=0
shrinkage=0.1


Tree=491
num_leaves=7
num_cat=0
split_feature=10 5 73 28 87 51
split_gain=0.00229781 0.0130021 0.0242709 0.0123051 0.0116934 0.00781354
threshold=3.4811217321331038 3.4960482137079443 2.249904835165133 3.5972184255501678 0.6063576095677633 2.3937458713910238
decision_type=2 2 2 2 2 2
left_child=1 4 -3 -2 -1 -5
right_child=3 2 -4 5 -6 -7
leaf_value=-0.00021562477459437357 0.0024246735019044976 -0.004473724471111047 6.5384722538217309e-05 0.0013765425248337645 0.0016070546683866185 -0.00024489737998518085
leaf_weight=194 23 19 31 35 43 197
leaf_count=194 23 19 31 35 43 197
internal_value=0 -0.000194083 -0.00165948 0.000218438 0.000115072 -2.83601e-07
internal_weight=0 287 50 255 237 232
internal_count=542 287 50 255 237 232
is_linear=0
shrinkage=0.1


Tree=492
num_leaves=5
num_cat=0
split_feature=44 57 44 45
split_gain=0.00246034 0.0135584 0.00851434 0.0060367
threshold=1.0397207708399181 2.2967261653567577 1.9356005054539456 1.5890269151739731
decision_type=2 2 2 2
left_child=1 -1 -2 -4
right_child=2 -3 3 -5
leaf_value=-0.0024800940568599364 0.0017639073776081204 0.0007243806471852886 0.0013154432300765504 -0.00012956126616967329
leaf_weight=23 28 31 31 429
leaf_count=23 28 31 31 429
internal_value=0 -0.000640488 7.08737e-05 -3.21805e-05
internal_weight=0 54 488 460
internal_count=542 54 488 460
is_linear=0
shrinkage=0.1


Tree=493
num_leaves=7
num_cat=0
split_feature=46 44 76 46 75 92
split_gain=0.00239814 0.0125676 0.0167964 0.0109668 0.0055705 0.00430199
threshold=1.2424533248940004 3.2180751841847144 0.43244036547253523 2.1383330595080281 4.4542796875724511 4.4945719797843529
decision_type=2 2 2 2 2 2
left_child=1 2 -1 5 -5 -2
right_child=3 -3 -4 4 -6 -7
leaf_value=0.0021978464940240468 0.00077802926983817347 -0.0027569074006054822 -0.00087778748940244055 -0.00017182022795722056 0.0015840878311887776 0.0026470780222505137
leaf_weight=26 35 19 56 368 19 19
leaf_count=26 35 19 56 368 19 19
internal_value=0 -0.000439538 9.74135e-05 0.000100665 -8.56129e-05 0.00143566
internal_weight=0 101 82 441 387 54
internal_count=542 101 82 441 387 54
is_linear=0
shrinkage=0.1


Tree=494
num_leaves=7
num_cat=0
split_feature=37 40 76 22 25 83
split_gain=0.00252302 0.00862451 0.0111243 0.00961262 0.0052154 0.00695717
threshold=1.5890269151739731 1.9356005054539456 0.43244036547253523 1.7005986908310777 1.0397207708399181 2.6615049862358711
decision_type=2 2 2 2 2 2
left_child=1 2 -1 -3 -2 -6
right_child=4 3 -4 -5 5 -7
leaf_value=0.0021533929160796107 0.001593511750318364 -0.0034109987948528105 -0.00093450099375331781 -4.8118845819879104e-05 -9.6260043772175774e-05 0.001435234071686864
leaf_weight=20 22 17 28 17 406 32
leaf_count=20 22 17 28 17 406 32
internal_value=0 -0.000511014 0.000352121 -0.00172956 9.10939e-05 1.56299e-05
internal_weight=0 82 48 34 460 438
internal_count=542 82 48 34 460 438
is_linear=0
shrinkage=0.1


Tree=495
num_leaves=5
num_cat=0
split_feature=83 83 72 83
split_gain=0.00259705 0.00412903 0.00754488 0.00571387
threshold=3.7601172682373143 2.841546864584537 0.1117943016486343 2.1386806062562811
decision_type=2 2 2 2
left_child=1 3 -3 -1
right_child=-2 2 -4 -5
leaf_value=5.8889302972521825e-05 -0.00093787113343881041 0.0026103983263430354 -0.00032724747886984712 -0.0014386628793242077
leaf_weight=452 28 17 18 27
leaf_count=452 28 17 18 27
internal_value=0 5.10902e-05 0.00109961 -2.55239e-05
internal_weight=0 514 35 479
internal_count=542 514 35 479
is_linear=0
shrinkage=0.1


Tree=496
num_leaves=6
num_cat=0
split_feature=45 41 98 95 96
split_gain=0.00243228 0.0103763 0.0079027 0.0124595 0.00555836
threshold=4.9052473428434826 4.6539149966267201 8.2477065523436437 4.007167868649713 3.5549397315361362
decision_type=2 2 2 2 2
left_child=1 4 -2 -4 -1
right_child=2 -3 3 -5 -6
leaf_value=-0.00027251178046775072 -0.0011299139517359437 -0.0020641709193587304 0.0024060121380898637 -0.00088268100258169903 0.0004413040091065572
leaf_weight=258 20 25 32 18 189
leaf_count=258 20 25 32 18 189
internal_value=0 -8.15802e-05 0.000550084 0.00122208 2.93029e-05
internal_weight=0 472 70 50 447
internal_count=542 472 70 50 447
is_linear=0
shrinkage=0.1


Tree=497
num_leaves=8
num_cat=0
split_feature=73 72 38 45 92 78 22
split_gain=0.00250671 0.00683434 0.0118702 0.0100248 0.00527998 0.00595986 0.00589112
threshold=1.2424533248940004 0.17416141171527402 3.5549397315361362 3.0201273556387074 4.5125213445190058 0.38756362378685411 3.9701138825728512
decision_type=2 2 2 2 2 2 2
left_child=1 3 -3 -1 5 -2 -6
right_child=4 2 -4 -5 6 -7 -8
leaf_value=0.0010110832413350156 0.00098831033087768707 -0.00024032085377257318 0.0032994092623185784 -0.00034079365569544644 -0.00012250607710723814 -0.0003599803476232489 -0.0026470720832650033
leaf_weight=74 43 20 18 212 19 138 18
leaf_count=74 43 20 18 212 19 138 18
internal_value=0 0.000176404 0.00143639 8.99267e-06 -0.000262178 -3.96682e-05 -0.00135067
internal_weight=0 324 38 286 218 181 37
internal_count=542 324 38 286 218 181 37
is_linear=0
shrinkage=0.1


Tree=498
num_leaves=6
num_cat=0
split_feature=35 47 35 44 26
split_gain=0.002471 0.0168551 0.0125349 0.010918 0.00714065
threshold=6.9087502882815697 7.085041847326413 7.159287067418167 4.8441560854355483 5.081385075233106
decision_type=2 2 2 2 2
left_child=1 3 -2 -1 -4
right_child=2 -3 4 -5 -6
leaf_value=-0.00010851718493333078 0.0023377151819519125 -0.0030152799010178762 0.00094218800114768172 0.0019019404145214577 -0.0010488047777555971
leaf_weight=394 26 19 31 29 43
leaf_count=394 26 19 31 29 43
internal_value=0 -0.000101561 0.000448898 2.93156e-05 -0.00021474
internal_weight=0 442 100 423 74
internal_count=542 442 100 423 74
is_linear=0
shrinkage=0.1


Tree=499
num_leaves=4
num_cat=0
split_feature=35 31 35
split_gain=0.0026974 0.00500319 0.00539468
threshold=7.7397808239352983 7.4949786637559042 7.3369335228541059
decision_type=2 2 2
left_child=1 2 -1
right_child=-2 -3 -4
leaf_value=-5.3747960786991327e-05 0.0010845846417148342 -0.0017331445055520712 0.0016640319868824202
leaf_weight=484 22 17 19
leaf_count=484 22 17 19
internal_value=0 -4.58863e-05 1.11384e-05
internal_weight=0 520 503
internal_count=542 520 503
is_linear=0
shrinkage=0.1


Tree=500
num_leaves=4
num_cat=0
split_feature=10 2 0
split_gain=0.0023383 0.00438434 0.00907102
threshold=5.9597083565416389 5.5412558557490508 5.2831908449625269
decision_type=2 2 2
left_child=1 2 -1
right_child=-2 -3 -4
leaf_value=-8.8917402690580862e-05 0.0011542649904560463 -0.0012325045455985799 0.0015387355211518101
leaf_weight=459 17 29 37
leaf_count=459 17 29 37
internal_value=0 -3.73762e-05 3.25003e-05
internal_weight=0 525 496
internal_count=542 525 496
is_linear=0
shrinkage=0.1


Tree=501
num_leaves=6
num_cat=0
split_feature=69 102 4 41 41
split_gain=0.00228315 0.0133947 0.00908659 0.00664547 0.00629103
threshold=3.0251604628081092 4.9521436163533474 2.9430520157250784 2.9174053685313028 2.3502401828962087
decision_type=2 2 2 2 2
left_child=1 4 -2 -4 -1
right_child=2 -3 3 -5 -6
leaf_value=0.0010524873251727383 -0.0021448556160543206 0.002676832557578261 -0.00062191631786394407 0.0002735680853593882 -0.00055191483374478093
leaf_weight=35 21 21 121 263 81
leaf_count=35 21 21 121 263 81
internal_value=0 0.000352886 -0.000119371 -8.60278e-06 -6.7828e-05
internal_weight=0 137 405 384 116
internal_count=542 137 405 384 116
is_linear=0
shrinkage=0.1


Tree=502
num_leaves=7
num_cat=0
split_feature=87 24 5 33 27 40
split_gain=0.00223543 0.00614761 0.0153899 0.00563896 0.0175504 0.0159098
threshold=1.0000000180025095e-35 1.0397207708399181 1.5890269151739731 4.0689902272260703 5.192895118684441 4.7003150492096575
decision_type=2 2 2 2 2 2
left_child=1 -1 -3 4 -2 -5
right_child=3 2 -4 5 -6 -7
leaf_value=-0.0012266172259977018 0.00017244194638227453 0.0031774558514977495 0.00013821162953848084 0.0027260297291871651 -0.0018454322784236866 -0.00041459816275164486
leaf_weight=27 132 18 224 23 64 54
leaf_count=27 132 18 224 23 64 54
internal_value=0 0.000204591 0.000364271 -0.000201593 -0.000486456 0.000523511
internal_weight=0 269 242 273 196 77
internal_count=542 269 242 273 196 77
is_linear=0
shrinkage=0.1


Tree=503
num_leaves=6
num_cat=0
split_feature=49 57 44 1 96
split_gain=0.00220485 0.0103222 0.00849127 0.0072907 0.00507502
threshold=1.9356005054539456 2.8365693976244968 4.2555875595453383 1.9356005054539456 0.89587973461402759
decision_type=2 2 2 2 2
left_child=1 2 -1 -2 -5
right_child=3 -3 -4 4 -6
leaf_value=-2.9021886087233022e-05 0.0018858045159669764 0.0014334754248221334 -0.0018336022645235061 0.0016539591746146068 -6.5631071688622482e-05
leaf_weight=62 22 26 45 18 369
leaf_count=62 22 26 45 18 369
internal_value=0 -0.000353692 -0.000787958 0.000115015 1.43499e-05
internal_weight=0 133 107 409 387
internal_count=542 133 107 409 387
is_linear=0
shrinkage=0.1


Tree=504
num_leaves=6
num_cat=0
split_feature=44 57 73 44 45
split_gain=0.00223726 0.0114773 0.00636002 0.00611194 0.00591137
threshold=1.0397207708399181 2.1685926446613704 3.0900083268262866 1.9356005054539456 1.5890269151739731
decision_type=2 2 2 2 2
left_child=1 -1 -3 -2 -5
right_child=3 2 -4 4 -6
leaf_value=-0.0025894604464012545 0.0015020154188927597 0.0017734252627835505 -0.00092370918856057166 0.0013138317882323699 -0.00011609340094923779
leaf_weight=19 28 18 17 31 429
leaf_count=19 28 18 17 31 429
internal_value=0 -0.000610762 0.000463389 6.75843e-05 -1.97289e-05
internal_weight=0 54 35 488 460
internal_count=542 54 35 488 460
is_linear=0
shrinkage=0.1


Tree=505
num_leaves=8
num_cat=0
split_feature=31 11 39 7 100 87 72
split_gain=0.00218178 0.00869551 0.0140181 0.0137045 0.00855967 0.0106392 0.00845855
threshold=2.7058230259275202 3.7132745361986528 5.5815705063443115 3.7609296261008152 2.8314802400679731 0.54721705926580488 0.10390011968002369
decision_type=2 2 2 2 2 2 2
left_child=4 2 -2 -3 5 -1 -6
right_child=1 3 -4 -5 6 -7 -8
leaf_value=-0.0016457305674567439 0.0022758902493500857 -0.0028536539782608623 -0.00090126589583676496 5.4528626493538989e-05 0.0024057559125746295 0.0011935714283026755 -0.00048851814455069277
leaf_weight=59 41 17 21 346 18 17 23
leaf_count=59 41 17 21 346 18 17 23
internal_value=0 0.00010527 0.00119976 -8.16673e-05 -0.000382391 -0.00101062 0.000782139
internal_weight=0 425 62 363 117 76 41
internal_count=542 425 62 363 117 76 41
is_linear=0
shrinkage=0.1


Tree=506
num_leaves=6
num_cat=0
split_feature=37 43 76 40 44
split_gain=0.00222085 0.00886326 0.00949781 0.00671175 0.00964885
threshold=1.9356005054539456 5.0172579074712669 0.65120177436873516 1.9356005054539456 1.9356005054539456
decision_type=2 2 2 2 2
left_child=1 2 -1 -2 -5
right_child=3 -3 -4 4 -6
leaf_value=-0.0010080909483076541 -0.0014077739474097533 -0.002437819281153174 0.0012652164367061821 0.0023932092682164359 8.7180436186136556e-05
leaf_weight=40 28 18 34 19 403
leaf_count=40 28 18 34 19 403
internal_value=0 -0.000447685 3.64016e-05 9.15267e-05 0.000191006
internal_weight=0 92 74 450 422
internal_count=542 92 74 450 422
is_linear=0
shrinkage=0.1


Tree=507
num_leaves=8
num_cat=0
split_feature=54 101 88 40 69 40 52
split_gain=0.00228922 0.0085749 0.0106144 0.00710964 0.00516921 0.0249272 0.0134143
threshold=2.191013317336941 1.5890269151739729 0.30484392240904995 2.3937458713910238 3.5263566724352362 3.7132745361986528 3.5408542930527882
decision_type=2 2 2 2 2 2 2
left_child=1 3 -3 -1 5 -2 -6
right_child=4 2 -4 -5 6 -7 -8
leaf_value=0.001160832504845328 5.4015300402705394e-05 0.0023800366256824315 -0.00052325603901408617 -0.0012622483312215256 0.0024014893797752652 -0.0042271985069793818 -9.7516429899349957e-05
leaf_weight=18 68 34 20 37 23 17 325
leaf_count=18 68 34 20 37 23 17 325
internal_value=0 0.000409614 0.00130474 -0.00046924 -0.000103113 -0.000802227 6.76477e-05
internal_weight=0 109 54 55 433 85 348
internal_count=542 109 54 55 433 85 348
is_linear=0
shrinkage=0.1


Tree=508
num_leaves=8
num_cat=0
split_feature=47 47 89 101 23 74 43
split_gain=0.00224586 0.0109977 0.0124928 0.00887067 0.00863765 0.0102228 0.00877196
threshold=3.1345481418531311 2.191013317336941 0.065471168630690413 3.7494348669884658 4.2625806805327082 0.43477198657540295 4.2835627800822236
decision_type=2 2 2 2 2 2 2
left_child=1 3 -3 -1 5 -2 -6
right_child=4 2 -4 -5 6 -7 -8
leaf_value=0.0016117389106754369 0.0017180173425003888 -0.0038257284582976035 7.9941949533189048e-06 -0.00044352979278690851 -0.0017465006482476992 -0.00072396401810692623 4.8590198869588881e-05
leaf_weight=30 60 17 17 70 30 24 294
leaf_count=30 60 17 17 70 30 24 294
internal_value=0 -0.000355197 -0.00190887 0.000173051 0.000116658 0.00102031 -0.000117622
internal_weight=0 134 34 100 408 84 324
internal_count=542 134 34 100 408 84 324
is_linear=0
shrinkage=0.1


Tree=509
num_leaves=5
num_cat=0
split_feature=68 102 55 104
split_gain=0.00212285 0.00713212 0.0052536 0.00407211
threshold=3.0387720681864785 3.8703322009586212 1.9356005054539456 1.0397207708399181
decision_type=2 2 2 2
left_child=1 -1 -2 -4
right_child=2 -3 3 -5
leaf_value=-0.0022221159833647748 0.0012922117184643866 0.00063404424064275296 -0.00078031005428379609 8.2941595030329999e-05
leaf_weight=17 32 18 63 412
leaf_count=17 32 18 63 412
internal_value=0 -0.000753234 5.19984e-05 -3.15528e-05
internal_weight=0 35 507 475
internal_count=542 35 507 475
is_linear=0
shrinkage=0.1


Tree=510
num_leaves=5
num_cat=0
split_feature=72 47 67 47
split_gain=0.00198345 0.00353617 0.0120515 0.0108794
threshold=0.80260924844569626 3.1345481418531311 3.4960482137079443 2.3937458713910238
decision_type=2 2 2 2
left_child=1 3 -3 -1
right_child=-2 2 -4 -5
leaf_value=6.8652125929759804e-05 -0.00083547342456532299 0.0020210950917592557 2.3470047000976113e-05 -0.0021959352013827477
leaf_weight=99 27 33 356 27
leaf_count=99 27 33 356 27
internal_value=0 4.38015e-05 0.000192934 -0.000416617
internal_weight=0 515 389 126
internal_count=542 515 389 126
is_linear=0
shrinkage=0.1


Tree=511
num_leaves=4
num_cat=0
split_feature=35 39 35
split_gain=0.00196523 0.00489615 0.00577312
threshold=7.7397808239352983 7.391412193863097 6.9087502882815697
decision_type=2 2 2
left_child=1 2 -1
right_child=-2 -3 -4
leaf_value=-8.1176435410949683e-05 0.00092575708245435219 -0.0013254281948320568 0.0010525063294917346
leaf_weight=442 22 28 50
leaf_count=442 22 28 50
internal_value=0 -3.91666e-05 3.40352e-05
internal_weight=0 520 492
internal_count=542 520 492
is_linear=0
shrinkage=0.1


Tree=512
num_leaves=6
num_cat=0
split_feature=8 62 9 18 5
split_gain=0.00202917 0.00484999 0.00471952 0.0111556 0.00904836
threshold=5.7429826416937235 5.1845846780664209 4.8361559147623279 5.1357292281083566 4.4425820475484112
decision_type=2 2 2 2 2
left_child=2 -2 4 -4 -1
right_child=1 -3 3 -5 -6
leaf_value=9.9178371376654464e-05 -0.0019566569312968675 0.00034071676782332361 0.0024380504321306947 -0.00073055380722507844 -0.0014243890736272376
leaf_weight=417 17 20 25 20 43
leaf_count=417 17 20 25 20 43
internal_value=0 -0.000714833 5.23739e-05 0.00102978 -4.32421e-05
internal_weight=0 37 505 45 460
internal_count=542 37 505 45 460
is_linear=0
shrinkage=0.1


Tree=513
num_leaves=8
num_cat=0
split_feature=98 1 30 9 70 2 35
split_gain=0.00196095 0.0129956 0.0155744 0.00980524 0.00737698 0.00550506 0.00444181
threshold=8.9113276263531294 4.0428973506407848 2.9174053685313028 4.0689902272260703 4.8357557632845092 4.4187680230537838 6.9087502882815697
decision_type=2 2 2 2 2 2 2
left_child=1 3 -3 -1 6 -6 -2
right_child=4 2 -4 -5 5 -7 -8
leaf_value=-6.7649677334124175e-05 0.00046422171688295508 0.00031884324493790597 -0.0037980200795573182 0.002215316032525152 0.0014152855985143801 -0.00035160878402001059 0.0026563580949894258
leaf_weight=317 19 17 20 20 21 110 18
leaf_count=317 19 17 20 20 21 110 18
internal_value=0 -0.000127483 -0.00190649 6.78379e-05 0.000283802 -6.83662e-05 0.00153067
internal_weight=0 374 37 337 168 131 37
internal_count=542 374 37 337 168 131 37
is_linear=0
shrinkage=0.1


Tree=514
num_leaves=8
num_cat=0
split_feature=89 69 98 84 16 63 11
split_gain=0.0018539 0.00971066 0.0180433 0.0174918 0.00714924 0.016567 0.0102235
threshold=0.32239255231084707 3.5550839280846662 8.2791727469771832 0.014937124204694651 3.6632328069201612 4.3882378946731615 5.1238931127034038
decision_type=2 2 2 2 2 2 2
left_child=4 3 -3 -2 6 -6 -1
right_child=1 2 -4 -5 5 -7 -8
leaf_value=-5.0118874904223298e-05 -0.00015630226773810725 -0.0033232988207601011 -0.00021404005426000993 0.0034645433486302328 0.0033515243889077717 0.00023892411424496554 -0.0024775034526828676
leaf_weight=131 62 23 99 17 19 171 20
leaf_count=131 62 23 99 17 19 171 20
internal_value=0 -0.000240892 -0.000800212 0.000622867 0.000141992 0.000550184 -0.000371627
internal_weight=0 201 122 79 341 190 151
internal_count=542 201 122 79 341 190 151
is_linear=0
shrinkage=0.1


Tree=515
num_leaves=6
num_cat=0
split_feature=100 103 57 101 101
split_gain=0.0018315 0.0199444 0.00715643 0.00708751 0.00993171
threshold=4.234001473612734 4.976709960642169 3.2279388174509953 4.4716224665663962 5.0304165616299539
decision_type=2 2 2 2 2
left_child=1 2 -1 -2 -5
right_child=3 -3 -4 4 -6
leaf_value=-5.7848397983563578e-05 0.0017450503522047291 -0.0028613187801092865 0.0018131277841431173 -0.0022924600894946383 0.00024825808638670872
leaf_weight=289 27 25 22 17 162
leaf_count=289 27 25 22 17 162
internal_value=0 -0.000143936 7.45036e-05 0.000234769 6.96083e-06
internal_weight=0 336 311 206 179
internal_count=542 336 311 206 179
is_linear=0
shrinkage=0.1


Tree=516
num_leaves=7
num_cat=0
split_feature=99 21 31 100 1 95
split_gain=0.00196704 0.00884905 0.0145784 0.0101798 0.00726278 0.0160603
threshold=2.3502401828962087 3.0201273556387074 5.4847194494823395 1.7005986908310777 2.191013317336941 3.0201273556387074
decision_type=2 2 2 2 2 2
left_child=1 2 -1 -3 -2 -6
right_child=4 3 -4 -5 5 -7
leaf_value=9.9592524882192266e-06 -0.0015904358916238627 0.0023808295224343654 -0.002902796845010016 0.00030583970374209457 0.00196087168579522 -0.00038569575951467937
leaf_weight=122 33 29 20 128 35 175
leaf_count=122 33 29 20 128 35 175
internal_value=0 0.000171741 -0.000400288 0.000689118 -0.000211319 5.39881e-06
internal_weight=0 299 142 157 243 210
internal_count=542 299 142 157 243 210
is_linear=0
shrinkage=0.1


Tree=517
num_leaves=8
num_cat=0
split_feature=72 48 27 41 42 65 96
split_gain=0.00194415 0.0125084 0.0109022 0.00949664 0.0146955 0.0140221 0.00884442
threshold=0.071481806477838444 2.5619819897016298 5.192895118684441 3.6632328069201612 2.6735537653587347 3.2577068735519474 3.0201273556387074
decision_type=2 2 2 2 2 2 2
left_child=3 2 -2 4 -1 -5 -3
right_child=1 6 -4 5 -6 -7 -8
leaf_value=-5.4350457290599891e-05 -0.00053969438585843295 -0.00077185572241432975 -0.0036908628035555871 -0.0019947573286481202 0.0019487983822424821 0.00012656123817449184 0.00076679532543163413
leaf_weight=94 31 60 17 40 60 141 99
leaf_count=94 31 60 17 40 60 141 99
internal_value=0 -0.000240936 -0.00165573 0.000148877 0.000726097 -0.000342238 0.000186172
internal_weight=0 207 48 335 154 181 159
internal_count=542 207 48 335 154 181 159
is_linear=0
shrinkage=0.1


Tree=518
num_leaves=6
num_cat=0
split_feature=27 17 65 5 2
split_gain=0.00192951 0.0109892 0.00912519 0.00948242 0.00818156
threshold=4.1971736807086968 1.5890269151739731 3.6317415062207448 2.602003343538398 0.89587973461402759
decision_type=2 2 2 2 2
left_child=2 -2 3 -1 -3
right_child=1 4 -4 -5 -6
leaf_value=-0.00079127189003281879 0.0022972358311314812 -0.0017888575575246554 -0.0022287126630544662 0.00077811239631967507 0.00012526367537358507
leaf_weight=77 22 24 21 77 321
leaf_count=77 22 24 21 77 321
internal_value=0 0.00013029 -0.000273236 -6.57975e-06 -7.89258e-06
internal_weight=0 367 175 154 345
internal_count=542 367 175 154 345
is_linear=0
shrinkage=0.1


Tree=519
num_leaves=6
num_cat=0
split_feature=22 18 29 2 53
split_gain=0.0019112 0.0173362 0.0111325 0.00779976 0.00460712
threshold=4.4187680230537838 4.4187680230537838 4.2903656061101136 3.7494348669884658 2.9996962267531564
decision_type=2 2 2 2 2
left_child=2 -2 4 -3 -1
right_child=1 3 -4 -5 -6
leaf_value=0.00014303017774436287 -0.003310888509868699 0.0020170450886426907 0.0025441376492381096 -0.00022563311198869735 -0.00084729075975536203
leaf_weight=322 17 18 18 112 55
leaf_count=322 17 18 18 112 55
internal_value=0 -0.000307818 0.000114555 8.48916e-05 -1.44635e-06
internal_weight=0 147 395 130 377
internal_count=542 147 395 130 377
is_linear=0
shrinkage=0.1


Tree=520
num_leaves=6
num_cat=0
split_feature=65 40 59 3 4
split_gain=0.00183646 0.00903247 0.00485045 0.0118393 0.00687494
threshold=1.8552669399515371 2.3937458713910238 3.2180751841847144 4.1107394736335969 3.1132683346437333
decision_type=2 2 2 2 2
left_child=1 -1 3 -2 -4
right_child=2 -3 4 -5 -6
leaf_value=0.00056884154785490993 -8.1862989079453197e-05 -0.0022136244992725551 -0.0012464286571937718 0.0025234030470108757 6.2606691867954776e-05
leaf_weight=28 53 20 45 26 370
leaf_count=28 53 20 45 26 370
internal_value=0 -0.000590519 5.73784e-05 0.000775566 -7.93369e-05
internal_weight=0 48 494 79 415
internal_count=542 48 494 79 415
is_linear=0
shrinkage=0.1


Tree=521
num_leaves=6
num_cat=0
split_feature=24 28 25 0 53
split_gain=0.00184046 0.0147745 0.00966946 0.00718761 0.00367292
threshold=4.8674160932529942 5.0304165616299539 4.3693677306817369 4.3630783395783075 2.9996962267531564
decision_type=2 2 2 2 2
left_child=2 -2 4 -3 -1
right_child=1 3 -4 -5 -6
leaf_value=0.00010095292109735307 -0.0024593710738162584 -0.0016023904221785616 0.0021424747726996431 0.00059960588550893594 -0.00084134942648853071
leaf_weight=345 26 18 22 84 47
leaf_count=345 26 18 22 84 47
internal_value=0 -0.000331405 0.000102463 0.000211018 -1.20272e-05
internal_weight=0 128 414 102 392
internal_count=542 128 414 102 392
is_linear=0
shrinkage=0.1


Tree=522
num_leaves=7
num_cat=0
split_feature=57 33 35 60 42 97
split_gain=0.00189556 0.00884988 0.0105282 0.00454663 0.00602221 0.00593016
threshold=1.5702341610064872 3.2951505240983434 4.8079027400421745 2.656602989520894 1.7005986908310777 4.3943729409690677
decision_type=2 2 2 2 2 2
left_child=1 2 -1 4 -2 -5
right_child=3 -3 -4 5 -6 -7
leaf_value=-0.0006582992564406286 -0.00026664755046915486 -0.0019779926559959468 0.0019922862215687267 -0.00077139214415915269 0.0022651891490178453 0.00017968125513504956
leaf_weight=47 17 26 22 82 21 327
leaf_count=47 17 26 22 82 21 327
internal_value=0 -0.000405659 0.000186815 8.62138e-05 0.00113253 -1.09985e-05
internal_weight=0 95 69 447 38 409
internal_count=542 95 69 447 38 409
is_linear=0
shrinkage=0.1


Tree=523
num_leaves=6
num_cat=0
split_feature=17 3 22 0 65
split_gain=0.00194676 0.00673351 0.00664795 0.00481861 0.00387152
threshold=5.003923783930186 7.4412816888623103 5.0037435712773073 5.003923783930186 4.9248910387869733
decision_type=2 2 2 2 2
left_child=1 4 -2 -4 -1
right_child=2 -3 3 -5 -6
leaf_value=5.6954912395832996e-05 -0.0022125855389544193 0.001966706127859652 0.0013802259882342899 -0.00070270260892294606 -0.0013656305446056649
leaf_weight=440 17 18 18 29 20
leaf_count=440 17 18 18 29 20
internal_value=0 6.93478e-05 -0.000517942 9.50147e-05 -4.89663e-06
internal_weight=0 478 64 47 460
internal_count=542 478 64 47 460
is_linear=0
shrinkage=0.1


Tree=524
num_leaves=7
num_cat=0
split_feature=103 55 102 54 0 8
split_gain=0.00174432 0.0100367 0.0175264 0.0105135 0.00972447 0.0152501
threshold=1.8688348091416842 3.2951505240983434 5.1298812082267613 3.2180751841847144 3.3497501700808394 2.8314802400679731
decision_type=2 2 2 2 2 2
left_child=4 2 -2 -3 5 -1
right_child=1 3 -4 -5 -6 -7
leaf_value=-7.4080954072996979e-05 0.00033501768575169497 -0.0023849357804283499 0.0038142907239186266 -2.2887771862848142e-05 0.0013972933229524642 -0.0032120322143392903
leaf_weight=59 74 20 18 326 24 21
leaf_count=59 74 20 18 326 24 21
internal_value=0 8.74165e-05 0.00101575 -0.000159422 -0.000368158 -0.000897793
internal_weight=0 438 92 346 104 80
internal_count=542 438 92 346 104 80
is_linear=0
shrinkage=0.1


Tree=525
num_leaves=4
num_cat=0
split_feature=80 88 37
split_gain=0.0017973 0.00326498 0.00342891
threshold=2.4758564453187142 0.68376670610559087 1.5890269151739731
decision_type=2 2 2
left_child=1 2 -1
right_child=-2 -3 -4
leaf_value=-0.00058891078732765327 0.00098251633656521657 -0.001029196082644405 0.0001414316653373141
leaf_weight=76 18 31 417
leaf_count=76 18 31 417
internal_value=0 -3.37506e-05 2.88434e-05
internal_weight=0 524 493
internal_count=542 524 493
is_linear=0
shrinkage=0.1


Tree=526
num_leaves=8
num_cat=0
split_feature=99 41 13 44 21 6 19
split_gain=0.00179913 0.00585415 0.0127413 0.00954935 0.00394383 0.0099145 0.00934757
threshold=0.89587973461402759 2.3502401828962087 2.7058230259275202 1.0397207708399181 2.191013317336941 1.7005986908310777 3.1345481418531311
decision_type=2 2 2 2 2 2 2
left_child=1 3 -3 -1 5 -2 -6
right_child=4 2 -4 -5 6 -7 -8
leaf_value=-0.00013302527980780916 -0.0006568819665135967 -0.0015655935989736859 0.00073444462361057171 0.0031293724725187269 -0.001842824075169064 0.0018524026629165747 -7.07957943201396e-05
leaf_weight=19 31 37 69 17 33 32 304
leaf_count=19 31 37 69 17 33 32 304
internal_value=0 0.000305786 -6.83989e-05 0.00140755 -0.000108554 0.000617675 -0.000244318
internal_weight=0 142 106 36 400 63 337
internal_count=542 142 106 36 400 63 337
is_linear=0
shrinkage=0.1


Tree=527
num_leaves=5
num_cat=0
split_feature=22 88 89 70
split_gain=0.00171175 0.00241778 0.00926929 0.0083232
threshold=5.8916289495434491 0.32237371114682284 0.53142863385383843 2.7331667293412836
decision_type=2 2 2 2
left_child=1 3 -3 -1
right_child=-2 2 -4 -5
leaf_value=0.00075004616641600466 -0.00090790536720305689 -4.6920102329795843e-06 0.0018144385827540913 -0.00041750207707052817
leaf_weight=81 20 159 34 248
leaf_count=81 20 159 34 248
internal_value=0 3.47856e-05 0.000315777 -0.000130051
internal_weight=0 522 193 329
internal_count=542 522 193 329
is_linear=0
shrinkage=0.1


Tree=528
num_leaves=6
num_cat=0
split_feature=100 103 100 60 53
split_gain=0.00194708 0.0158188 0.00621492 0.00969298 0.00578477
threshold=4.234001473612734 4.976709960642169 4.4601277074540464 4.2249654821785354 2.7621254806540354
decision_type=2 2 2 2 2
left_child=1 4 -2 -4 -1
right_child=2 -3 3 -5 -6
leaf_value=-9.9929833515984503e-05 0.0019171047001145783 -0.0025684758236166091 -0.0022141476048358633 0.00029090755306027235 0.0013196048992540456
leaf_weight=279 20 25 17 169 32
leaf_count=279 20 25 17 169 32
internal_value=0 -0.000148408 0.000242063 6.19509e-05 4.61316e-05
internal_weight=0 336 206 186 311
internal_count=542 336 206 186 311
is_linear=0
shrinkage=0.1


Tree=529
num_leaves=8
num_cat=0
split_feature=89 39 72 40 16 66 12
split_gain=0.00194343 0.00764923 0.0130514 0.0107371 0.0062708 0.0147183 0.00802903
threshold=0.32239255231084707 5.7838204485795197 0.15645272287979375 5.2203412156610947 3.6632328069201612 3.5549397315361362 2.191013317336941
decision_type=2 2 2 2 2 2 2
left_child=4 2 -2 -3 6 -6 -1
right_child=1 3 -4 -5 5 -7 -8
leaf_value=0.00058770868274913137 0.0011245638119797942 -0.0019151983167310909 -0.0009172070677794051 0.00063158122263848792 0.0017482102193081611 -0.00010700607795151881 -0.00091150814978293486
leaf_weight=58 71 49 56 25 65 125 93
leaf_count=58 71 49 56 25 65 125 93
internal_value=0 -0.000246641 0.000224255 -0.0010548 0.00014538 0.000527673 -0.00033565
internal_weight=0 201 127 74 341 190 151
internal_count=542 201 127 74 341 190 151
is_linear=0
shrinkage=0.1


Tree=530
num_leaves=7
num_cat=0
split_feature=57 33 35 99 51 46
split_gain=0.00186595 0.0076138 0.00893481 0.00417865 0.00824839 0.00602009
threshold=1.5702341610064872 3.2951505240983434 4.8079027400421745 1.2424533248940006 5.6056939231140044 5.8020042706649564
decision_type=2 2 2 2 2 2
left_child=1 2 -1 4 -2 -5
right_child=3 -3 -4 5 -6 -7
leaf_value=-0.00063147497700249901 0.001418309467031765 -0.0018608785941838645 0.0018103066995866935 -0.00016930517060877366 -0.00049256253421205924 0.0017081230309688384
leaf_weight=47 58 26 22 334 37 18
leaf_count=47 58 26 22 334 37 18
internal_value=0 -0.000402478 0.000147064 8.55379e-05 0.000674075 -7.33003e-05
internal_weight=0 95 69 447 95 352
internal_count=542 95 69 447 95 352
is_linear=0
shrinkage=0.1


Tree=531
num_leaves=7
num_cat=0
split_feature=103 70 56 55 55 54
split_gain=0.00173688 0.00874064 0.0129188 0.00803373 0.0144911 0.00814615
threshold=1.8688348091416842 3.2771177353616316 2.7567143730824912 3.2951505240983434 3.0201273556387074 3.2180751841847144
decision_type=2 2 2 2 2 2
left_child=1 2 -1 4 -2 -5
right_child=3 -3 -4 5 -6 -7
leaf_value=-0.00019176833777843666 0.00032026223310579858 0.001220500198766016 -0.0032463108202339047 -0.0020925984671339394 0.0035538863281116767 -1.342659810789364e-05
leaf_weight=60 75 26 18 20 17 326
leaf_count=60 75 26 18 20 17 326
internal_value=0 -0.000367372 -0.000896663 8.72299e-05 0.00091778 -0.00013361
internal_weight=0 104 78 438 92 346
internal_count=542 104 78 438 92 346
is_linear=0
shrinkage=0.1


Tree=532
num_leaves=6
num_cat=0
split_feature=65 102 68 68 86
split_gain=0.00176393 0.00923201 0.00463737 0.00932879 0.00633733
threshold=1.8552669399515371 3.7609296261008152 3.7060111904925019 3.9185034134043062 0.61334666495513168
decision_type=2 2 2 2 2
left_child=1 -1 4 -4 -2
right_child=2 -3 3 -5 -6
leaf_value=-0.0019089538643602283 0.0010871803732394861 0.00086714385543018579 -0.001319098078615584 9.5797262517461441e-05 -0.00083455918277402163
leaf_weight=25 78 23 54 340 22
leaf_count=25 78 23 54 340 22
internal_value=0 -0.00057874 5.62339e-05 -9.81224e-05 0.000664398
internal_weight=0 48 494 394 100
internal_count=542 48 494 394 100
is_linear=0
shrinkage=0.1


Tree=533
num_leaves=4
num_cat=0
split_feature=43 47 47
split_gain=0.00176494 0.00302189 0.004075
threshold=7.7764660513092769 7.4277275294832714 7.0638596877963264
decision_type=2 2 2
left_child=1 2 -1
right_child=-2 -3 -4
leaf_value=6.1614944397680836e-05 -0.0009219046746147797 0.0010862137625316302 -0.0010293168849563477
leaf_weight=459 20 26 37
leaf_count=459 20 26 37
internal_value=0 3.5322e-05 -1.97651e-05
internal_weight=0 522 496
internal_count=542 522 496
is_linear=0
shrinkage=0.1


Tree=534
num_leaves=5
num_cat=0
split_feature=24 104 21 86
split_gain=0.00165863 0.00761775 0.00602491 0.00337951
threshold=1.0397207708399181 4.007167868649713 1.0397207708399181 0.61334666495513168
decision_type=2 2 2 2
left_child=1 -1 -2 -4
right_child=2 -3 3 -5
leaf_value=0.00035391084556977151 0.0013603402792906503 -0.0022655496154637897 8.3996811812092213e-05 -0.00063831813470012727
leaf_weight=32 33 17 382 78
leaf_count=32 33 17 382 78
internal_value=0 -0.000554882 5.51505e-05 -3.84827e-05
internal_weight=0 49 493 460
internal_count=542 49 493 460
is_linear=0
shrinkage=0.1


Tree=535
num_leaves=6
num_cat=0
split_feature=100 103 45 100 53
split_gain=0.0016768 0.0127381 0.00562548 0.00824407 0.00526869
threshold=4.234001473612734 4.976709960642169 1.9356005054539456 4.4885732424042368 2.7621254806540354
decision_type=2 2 2 2 2
left_child=1 4 -2 -4 -1
right_child=2 -3 3 -5 -6
leaf_value=-0.0001025449126451173 0.0016636854203322098 -0.0023093912629410626 0.002006166385437705 -0.00019491353933556591 0.0012521909674433119
leaf_weight=279 24 25 19 163 32
leaf_count=279 24 25 19 163 32
internal_value=0 -0.000137722 0.000224634 3.48695e-05 3.68491e-05
internal_weight=0 336 206 182 311
internal_count=542 336 206 182 311
is_linear=0
shrinkage=0.1


Tree=536
num_leaves=7
num_cat=0
split_feature=98 6 35 70 56 35
split_gain=0.00172605 0.00931099 0.00733982 0.00561028 0.00521698 0.00319613
threshold=8.9113276263531294 4.465842055365858 7.3369335228541059 4.864165921805748 5.0998478373536722 6.9087502882815697
decision_type=2 2 2 2 2 2
left_child=1 2 -1 5 -5 -2
right_child=3 -3 -4 4 -6 -7
leaf_value=-0.00010360430924238381 0.00043490423413459215 -0.0021652945699835464 0.0019692630074536685 -0.0013172268634662034 0.00026802749427270545 0.0022460459023836607
leaf_weight=335 20 21 18 26 103 19
leaf_count=335 20 21 18 26 103 19
internal_value=0 -0.000119604 2.09431e-06 0.000266261 -5.14811e-05 0.00131726
internal_weight=0 374 353 168 129 39
internal_count=542 374 353 168 129 39
is_linear=0
shrinkage=0.1


Tree=537
num_leaves=8
num_cat=0
split_feature=89 39 72 99 43 39 6
split_gain=0.00163962 0.00658194 0.0110986 0.00823921 0.00559796 0.0112199 0.00716084
threshold=0.32239255231084707 5.7838204485795197 0.15645272287979375 3.2180751841847144 6.025819296111556 6.8865269473837794 5.2146994068600803
decision_type=2 2 2 2 2 2 2
left_child=4 2 -2 -3 6 -6 -1
right_child=1 3 -4 -5 5 -7 -8
leaf_value=1.3942964043291918e-05 0.0010404940399433107 -0.00164040368459987 -0.00084234144846310045 0.00070010933393080323 0.0017516369049661554 -0.00022001830305183129 -0.002014966617877546
leaf_weight=206 71 53 56 21 54 62 19
leaf_count=206 71 53 56 21 54 62 19
internal_value=0 -0.000226543 0.000210267 -0.000976204 0.000133534 0.000697821 -0.000157387
internal_weight=0 201 127 74 341 116 225
internal_count=542 201 127 74 341 116 225
is_linear=0
shrinkage=0.1


Tree=538
num_leaves=7
num_cat=0
split_feature=53 50 58 39 100 48
split_gain=0.00168831 0.0113485 0.0115261 0.00676184 0.00532415 0.00671357
threshold=2.8477523405893534 4.3943729409690677 4.9052473428434826 4.1742689126930488 5.3935862223306854 4.8674160932529942
decision_type=2 2 2 2 2 2
left_child=4 3 -3 -2 5 -1
right_child=1 2 -4 -5 -6 -7
leaf_value=-0.00017576035388414322 -0.00020981126220985538 -0.0027666741351519402 0.0002091822045993932 0.001979354379135509 -0.0016122948470927605 0.0010445310763036386
leaf_weight=339 21 18 47 43 22 52
leaf_count=339 21 18 47 43 22 52
internal_value=0 0.000315796 -0.000614901 0.00126103 -9.86383e-05 -1.3471e-05
internal_weight=0 129 65 64 413 391
internal_count=542 129 65 64 413 391
is_linear=0
shrinkage=0.1


Tree=539
num_leaves=5
num_cat=0
split_feature=49 50 50 50
split_gain=0.00155466 0.0023729 0.0137167 0.00827346
threshold=5.6629363669001869 4.317399216745252 3.891612008168019 4.6150714996361826
decision_type=2 2 2 2
left_child=1 2 -1 -3
right_child=-2 3 -4 -5
leaf_value=-0.00012590396140447222 0.0008233958445833362 -0.0017191902747643846 0.001729138652638843 8.9958149632426236e-05
leaf_weight=349 22 35 45 91
leaf_count=349 22 35 45 91
internal_value=0 -3.4836e-05 8.59664e-05 -0.000412583
internal_weight=0 520 394 126
internal_count=542 520 394 126
is_linear=0
shrinkage=0.1


Tree=540
num_leaves=4
num_cat=0
split_feature=67 69 70
split_gain=0.00155021 0.00720032 0.00401779
threshold=2.8314802400679731 2.0198544097603941 2.1190240248559205
decision_type=2 2 2
left_child=-1 -2 -3
right_child=1 2 -4
leaf_value=0.00072459908042219476 -0.0020631809917497721 0.0012651747947093101 -3.5686573348850625e-05
leaf_weight=28 17 25 472
leaf_count=28 17 25 472
internal_value=0 -3.94723e-05 2.97491e-05
internal_weight=0 514 497
internal_count=542 514 497
is_linear=0
shrinkage=0.1


Tree=541
num_leaves=4
num_cat=0
split_feature=10 2 0
split_gain=0.00151503 0.00334642 0.00655
threshold=5.9597083565416389 5.5412558557490508 5.2831908449625269
decision_type=2 2 2
left_child=1 2 -1
right_child=-2 -3 -4
leaf_value=-7.221269778768311e-05 0.0009291072177481564 -0.0010742103311650712 0.0013108893846062555
leaf_weight=459 17 29 37
leaf_count=459 17 29 37
internal_value=0 -3.00854e-05 3.09623e-05
internal_weight=0 525 496
internal_count=542 525 496
is_linear=0
shrinkage=0.1


Tree=542
num_leaves=5
num_cat=0
split_feature=43 92 46 49
split_gain=0.00156986 0.00274273 0.00456893 0.00281444
threshold=7.7764660513092769 4.6550227446767307 4.465842055365858 1.9356005054539456
decision_type=2 2 2 2
left_child=1 3 -3 -1
right_child=-2 2 -4 -5
leaf_value=-0.0004931166765530982 -0.00086946427123621114 -0.00019009544760736295 0.0020665191511130511 9.572139978618544e-05
leaf_weight=103 20 19 17 383
leaf_count=103 20 19 17 383
internal_value=0 3.33128e-05 0.000875528 -2.90735e-05
internal_weight=0 522 36 486
internal_count=542 522 36 486
is_linear=0
shrinkage=0.1


Tree=543
num_leaves=5
num_cat=0
split_feature=85 25 22 21
split_gain=0.00149804 0.00246849 0.0090118 0.00743124
threshold=0.69079503857899172 4.7273486598447958 5.0037435712773073 4.6297557079913174
decision_type=2 2 2 2
left_child=1 3 -3 -1
right_child=-2 2 -4 -5
leaf_value=4.1873910301279367e-05 -0.00092388323426027515 -0.0023828775474899694 9.727234958063492e-05 0.002174049573745031
leaf_weight=425 17 19 64 17
leaf_count=425 17 19 64 17
internal_value=0 2.99162e-05 -0.000470473 0.000123881
internal_weight=0 525 83 442
internal_count=542 525 83 442
is_linear=0
shrinkage=0.1


Tree=544
num_leaves=6
num_cat=0
split_feature=65 102 68 8 68
split_gain=0.001478 0.00743958 0.00421155 0.00811299 0.00602138
threshold=1.8552669399515371 3.7609296261008152 3.7060111904925019 2.191013317336941 3.594486248415818
decision_type=2 2 2 2 2
left_child=1 -1 4 -4 -2
right_child=2 -3 3 -5 -6
leaf_value=-0.0017238801844650879 0.0002552221822559569 0.00076819312374067051 -0.0021695829024085673 3.6612121160497408e-06 0.0022332337240713014
leaf_weight=25 81 23 18 376 19
leaf_count=25 81 23 18 376 19
internal_value=0 -0.000529762 5.14748e-05 -9.56241e-05 0.000631044
internal_weight=0 48 494 394 100
internal_count=542 48 494 394 100
is_linear=0
shrinkage=0.1


Tree=545
num_leaves=7
num_cat=0
split_feature=99 104 43 21 18 6
split_gain=0.00150722 0.00497984 0.00948205 0.00348007 0.00845085 0.00800017
threshold=0.89587973461402759 4.6539149966267201 2.191013317336941 2.191013317336941 2.6735537653587347 1.7005986908310777
decision_type=2 2 2 2 2 2
left_child=1 2 -1 5 -5 -2
right_child=3 -3 -4 4 -6 -7
leaf_value=-0.0020678001398058161 -0.00056207912350674308 0.0018341932479112684 0.00041460528305867895 -0.0011318548308034086 5.0211567250071382e-05 0.0016919738707656508
leaf_weight=18 31 18 106 79 258 32
leaf_count=18 31 18 106 79 258 32
internal_value=0 0.000279882 5.42561e-05 -9.93581e-05 -0.00022689 0.000582837
internal_weight=0 142 124 400 337 63
internal_count=542 142 124 400 337 63
is_linear=0
shrinkage=0.1


Tree=546
num_leaves=4
num_cat=0
split_feature=67 69 70
split_gain=0.00158734 0.00549071 0.0037964
threshold=2.8314802400679731 2.0198544097603941 2.1190240248559205
decision_type=2 2 2
left_child=-1 -2 -3
right_child=1 2 -4
leaf_value=0.00073322550909194568 -0.0018071457579293673 0.0012214111974462867 -4.3101949624110988e-05
leaf_weight=28 17 25 472
leaf_count=28 17 25 472
internal_value=0 -3.99423e-05 2.05054e-05
internal_weight=0 514 497
internal_count=542 514 497
is_linear=0
shrinkage=0.1


Tree=547
num_leaves=7
num_cat=0
split_feature=39 35 96 40 54 46
split_gain=0.00146951 0.0107654 0.00616479 0.00568068 0.0136702 0.00893034
threshold=6.8458708213115473 6.9593980611994821 3.7132745361986528 4.5107991236896536 3.5408542930527882 4.4425820475484112
decision_type=2 2 2 2 2 2
left_child=3 -2 -3 5 -5 -1
right_child=1 2 -4 4 -6 -7
leaf_value=4.5303269760557543e-05 -0.0026398032287354854 0.0011402747397161355 -0.00056354319159355429 0.0031930924295202681 7.4382411764451753e-05 -0.0020334295891437002
leaf_weight=341 17 35 54 19 54 22
leaf_count=341 17 35 54 19 54 22
internal_value=0 -0.000333947 0.000106498 8.11889e-05 0.000886101 -8.06805e-05
internal_weight=0 106 89 436 73 363
internal_count=542 106 89 436 73 363
is_linear=0
shrinkage=0.1


Tree=548
num_leaves=8
num_cat=0
split_feature=73 45 88 41 88 104 88
split_gain=0.00141053 0.00536654 0.016049 0.0106612 0.00340288 0.00636053 0.00445921
threshold=1.2424533248940004 3.0201273556387074 0.2493053510117233 3.0201273556387074 0.32237371114682284 1.0397207708399181 0.46266540627530867
decision_type=2 2 2 2 2 2 2
left_child=1 2 -1 -3 5 -2 -6
right_child=4 3 -4 -5 6 -7 -8
leaf_value=0.0020601293213753417 -0.0022964229368988205 -0.0023250021249987189 -0.0006470927243155041 8.8326477756102889e-05 0.0017759007757858318 -0.0002367345547472222 -6.9466470985820428e-05
leaf_weight=47 17 20 41 216 17 127 57
leaf_count=47 17 20 41 216 17 127 57
internal_value=0 0.000132326 0.00079881 -0.000116193 -0.000196669 -0.000479892 0.000354469
internal_weight=0 324 88 236 218 144 74
internal_count=542 324 88 236 218 144 74
is_linear=0
shrinkage=0.1


Tree=549
num_leaves=6
num_cat=0
split_feature=9 18 13 17 86
split_gain=0.00142099 0.00701394 0.00940195 0.00682096 0.00632359
threshold=2.524928003624769 3.3667009459186801 2.3502401828962087 2.191013317336941 0.61334666495513168
decision_type=2 2 2 2 2
left_child=1 2 -1 -2 -5
right_child=3 -3 -4 4 -6
leaf_value=4.4566081727252292e-05 -0.0018473542500509041 -0.0015491026039752697 0.0021297912229783834 0.00018013792159428616 -0.00091426571875455841
leaf_weight=85 21 18 29 326 63
leaf_count=85 21 18 29 326 63
internal_value=0 0.000285365 0.000575018 -9.18737e-05 2.89517e-06
internal_weight=0 132 114 410 389
internal_count=542 132 114 410 389
is_linear=0
shrinkage=0.1


Tree=550
num_leaves=6
num_cat=0
split_feature=65 23 64 76 61
split_gain=0.00157724 0.0070067 0.00445624 0.00706842 0.00318408
threshold=1.8367390265135148 2.191013317336941 2.6912271228771183 0.45347933479157748 2.0526217209515401
decision_type=2 2 2 2 2
left_child=1 -1 3 -2 -4
right_child=2 -3 4 -5 -6
leaf_value=-0.0019620187976397575 0.0021855136263184251 0.00054916165303438898 -0.0012229206834242425 -0.00017311054398305714 1.0936897057756553e-05
leaf_weight=20 24 25 22 27 424
leaf_count=20 24 25 22 27 424
internal_value=0 -0.000566919 5.13306e-05 0.00093683 -4.9926e-05
internal_weight=0 45 497 51 446
internal_count=542 45 497 51 446
is_linear=0
shrinkage=0.1


Tree=551
num_leaves=5
num_cat=0
split_feature=43 46 9 38
split_gain=0.00144266 0.00242905 0.0113834 0.0072346
threshold=7.7764660513092769 4.7094896185437563 4.0689902272260703 4.7957563937576522
decision_type=2 2 2 2
left_child=1 3 -3 -1
right_child=-2 2 -4 -5
leaf_value=2.2618578994017579e-05 -0.00083349513413850213 -9.0352101345642414e-05 0.0026782748117846877 -0.0019727739762808931
leaf_weight=416 20 68 19 19
leaf_count=416 20 68 19 19
internal_value=0 3.19347e-05 0.000514291 -6.45365e-05
internal_weight=0 522 87 435
internal_count=542 522 87 435
is_linear=0
shrinkage=0.1


Tree=552
num_leaves=6
num_cat=0
split_feature=39 47 35 47 0
split_gain=0.00138722 0.00445964 0.00384088 0.00949775 0.0076689
threshold=7.391412193863097 7.7204050042306465 6.9087502882815697 7.085041847326413 4.8121513051691478
decision_type=2 2 2 2 2
left_child=2 -2 3 -1 -4
right_child=1 -3 4 -5 -6
leaf_value=5.247230655579756e-05 -0.0014377697000745684 0.00049169488129732406 0.0019027716142348558 -0.0022329921000882199 -0.00055531013561201028
leaf_weight=423 25 23 30 19 22
leaf_count=423 25 23 30 19 22
internal_value=0 -0.000513235 4.98689e-05 -4.57716e-05 0.000862814
internal_weight=0 48 494 442 52
internal_count=542 48 494 442 52
is_linear=0
shrinkage=0.1


Tree=553
num_leaves=5
num_cat=0
split_feature=20 25 86 36
split_gain=0.00144484 0.00418542 0.00527964 0.0045798
threshold=5.9558239461055011 5.1298812082267613 0.22312786406904112 5.0562255201382529
decision_type=2 2 2 2
left_child=1 3 -3 -1
right_child=-2 2 -4 -5
leaf_value=-6.386002777203462e-05 0.00079378122371219278 0.00010391095177813744 -0.0023534872815670336 0.00092936716134248024
leaf_weight=433 22 18 17 52
leaf_count=433 22 18 17 52
internal_value=0 -3.35831e-05 -0.00108968 4.26303e-05
internal_weight=0 520 35 485
internal_count=542 520 35 485
is_linear=0
shrinkage=0.1


Tree=554
num_leaves=5
num_cat=0
split_feature=85 9 0 102
split_gain=0.00136368 0.002046 0.004955 0.00315229
threshold=0.69079503857899172 5.3589392201907193 5.2831908449625269 7.6287605216621657
decision_type=2 2 2 2
left_child=1 2 -1 -3
right_child=-2 3 -4 -5
leaf_value=-9.0557629609617037e-08 -0.00088147832669646436 -0.0015393805663916284 0.0013063600624821361 0.00031276271158062365
leaf_weight=457 17 20 31 17
leaf_count=457 17 20 31 17
internal_value=0 2.85431e-05 8.29012e-05 -0.000688396
internal_weight=0 525 488 37
internal_count=542 525 488 37
is_linear=0
shrinkage=0.1


Tree=555
num_leaves=4
num_cat=0
split_feature=10 2 0
split_gain=0.00150935 0.00278116 0.00466444
threshold=5.9597083565416389 5.5412558557490508 5.2831908449625269
decision_type=2 2 2
left_child=1 2 -1
right_child=-2 -3 -4
leaf_value=-6.144259382173225e-05 0.00092736470499349866 -0.00098189319291248412 0.0011057257054474306
leaf_weight=459 17 29 37
leaf_count=459 17 29 37
internal_value=0 -3.0029e-05 2.56244e-05
internal_weight=0 525 496
internal_count=542 525 496
is_linear=0
shrinkage=0.1


Tree=556
num_leaves=6
num_cat=0
split_feature=71 9 53 48 15
split_gain=0.00151701 0.00477614 0.00418404 0.0125976 0.00474515
threshold=3.4498615536424366 4.1107394736335969 2.8477523405893534 5.0688844241303981 7.1372582165002347
decision_type=2 2 2 2 2
left_child=2 -2 4 -4 -1
right_child=1 -3 3 -5 -6
leaf_value=3.6052615042729426e-05 0.00057873817027679513 -0.0014489031062112192 0.0013847059272747075 -0.0015529675096714575 -0.0010854197967481534
leaf_weight=371 21 26 63 19 42
leaf_count=371 21 26 63 19 42
internal_value=0 -0.000542936 5.15515e-05 0.000704025 -7.79954e-05
internal_weight=0 47 495 82 413
internal_count=542 47 495 82 413
is_linear=0
shrinkage=0.1


Tree=557
num_leaves=7
num_cat=0
split_feature=78 53 68 92 40 45
split_gain=0.00135729 0.006491 0.0101625 0.00638372 0.00531191 0.00380437
threshold=0.54355564966639924 2.8477523405893534 5.1214208895146021 4.5414852662510485 2.8314802400679731 3.4334666422309414
decision_type=2 2 2 2 2 2
left_child=1 4 -3 5 -1 -2
right_child=3 2 -4 -5 -6 -7
leaf_value=0.00089551044875406664 -0.00025537019117369449 0.0024485464868900767 -0.00027052214524398246 -0.0020652753383140353 -0.00025265183749903676 0.00096894877271786828
leaf_weight=48 140 28 27 17 251 31
leaf_count=48 140 28 27 17 251 31
internal_value=0 0.000115322 0.00111373 -0.000217149 -6.83315e-05 -3.34176e-05
internal_weight=0 354 55 188 299 171
internal_count=542 354 55 188 299 171
is_linear=0
shrinkage=0.1


Tree=558
num_leaves=6
num_cat=0
split_feature=65 40 20 101 8
split_gain=0.00152176 0.0065872 0.00395364 0.00887682 0.00395383
threshold=1.8552669399515371 2.3937458713910238 1.5890269151739729 3.1984648276080736 2.191013317336941
decision_type=2 2 2 2 2
left_child=1 -1 3 -2 -4
right_child=2 -3 4 -5 -6
leaf_value=0.0004525222192439417 0.0024538534333086795 -0.0019236449047457427 -0.0011686330207559311 -0.00031042248413611496 3.8834202369150342e-05
leaf_weight=28 21 20 29 26 418
leaf_count=28 21 20 29 26 418
internal_value=0 -0.000537547 5.22313e-05 0.00092468 -3.95026e-05
internal_weight=0 48 494 47 447
internal_count=542 48 494 47 447
is_linear=0
shrinkage=0.1


Tree=559
num_leaves=5
num_cat=0
split_feature=65 102 68 86
split_gain=0.00125222 0.00643706 0.00344628 0.00249118
threshold=1.8367390265135148 3.7609296261008152 3.2019615987269296 0.68476950597767339
decision_type=2 2 2 2
left_child=1 -1 -2 -4
right_child=2 -3 3 -5
leaf_value=-0.001728038903622126 0.0010846884641796349 0.00066458748962917446 -7.9334852050200682e-05 0.00089352472360977641
leaf_weight=22 30 23 439 28
leaf_count=22 30 23 439 28
internal_value=0 -0.000505141 4.57371e-05 -2.10049e-05
internal_weight=0 45 497 467
internal_count=542 45 497 467
is_linear=0
shrinkage=0.1


Tree=560
num_leaves=6
num_cat=0
split_feature=78 77 83 74 40
split_gain=0.00131998 0.00539176 0.00510311 0.00361119 0.00350078
threshold=0.54355564966639924 2.7706317725792133 0.88592157537677318 0.80471895621705036 2.8314802400679731
decision_type=2 2 2 2 2
left_child=1 4 -2 -4 -1
right_child=2 -3 3 -5 -6
leaf_value=0.00076208929810673003 -0.001459575107271251 0.0013734751138761039 -0.0002006353804824391 0.0011077872514724731 -0.0001480695822085561
leaf_weight=50 28 31 135 25 273
leaf_count=50 28 31 135 25 273
internal_value=0 0.000113727 -0.000214145 3.80566e-06 -7.17811e-06
internal_weight=0 354 188 160 323
internal_count=542 354 188 160 323
is_linear=0
shrinkage=0.1


Tree=561
num_leaves=7
num_cat=0
split_feature=39 38 29 89 104 74
split_gain=0.00138814 0.00572397 0.00884366 0.00491851 0.0106269 0.00571058
threshold=4.5271940351011493 1.7005986908310777 2.8029010331479989 1.0000000180025095e-35 3.3497501700808394 0.029213167796868542
decision_type=2 2 2 2 2 2
left_child=3 -2 -3 4 -1 -5
right_child=1 2 -4 5 -6 -7
leaf_value=0.00070408155443146825 0.0014963552111502006 -0.0016584875070136684 0.00017854020311594521 0.0015212537948432979 -0.0013532474068916919 -0.0001585566871703845
leaf_weight=38 28 29 272 28 74 73
leaf_count=38 28 29 272 28 74 73
internal_value=0 0.000128768 1.55082e-06 -0.000198895 -0.000655225 0.000307133
internal_weight=0 329 301 213 112 101
internal_count=542 329 301 213 112 101
is_linear=0
shrinkage=0.1


Tree=562
num_leaves=7
num_cat=0
split_feature=80 88 15 57 57 68
split_gain=0.00148129 0.00737232 0.00390789 0.00290661 0.0108678 0.00916658
threshold=0.98598898791261558 0.60178126964073586 4.2625806805327082 2.1685926446613704 2.4949024866251386 4.3001796578487808
decision_type=2 2 2 2 2 2
left_child=3 2 -2 5 -5 -1
right_child=1 -3 -4 4 -6 -7
leaf_value=-9.3425320305794265e-05 -0.0012811698042787612 0.0021200783305654401 0.00031731752244433249 0.0014437508988194168 -0.00017570547684007287 -0.0022313608302890016
leaf_weight=122 20 19 65 50 242 24
leaf_count=122 20 19 65 50 242 24
internal_value=0 0.000339267 -5.87971e-05 -8.05565e-05 0.000101599 -0.000444867
internal_weight=0 104 85 438 292 146
internal_count=542 104 85 438 292 146
is_linear=0
shrinkage=0.1


Tree=563
num_leaves=6
num_cat=0
split_feature=68 103 102 86 61
split_gain=0.00148826 0.00541259 0.00341657 0.00596176 0.00323801
threshold=3.0387720681864785 2.9174053685313028 1.0397207708399181 0.13042522627830214 2.8192267371031874
decision_type=2 2 2 2 2
left_child=1 -1 3 -2 -4
right_child=2 -3 4 -5 -6
leaf_value=-0.0018392084154887319 0.0020602326447260568 0.00064893787759287731 -0.0004269453573411935 -0.00013956128469934422 0.00014189099831634516
leaf_weight=18 22 17 148 28 309
leaf_count=18 22 17 148 28 309
internal_value=0 -0.00063068 4.35381e-05 0.000828348 -4.23273e-05
internal_weight=0 35 507 50 457
internal_count=542 35 507 50 457
is_linear=0
shrinkage=0.1


Tree=564
num_leaves=4
num_cat=0
split_feature=23 15 11
split_gain=0.00135078 0.00300906 0.00392113
threshold=7.8332668616847121 7.546962839272358 7.3795883697127591
decision_type=2 2 2
left_child=1 2 -1
right_child=-2 -3 -4
leaf_value=3.3636339917421353e-05 -0.00085176823340589187 0.0012322162999771537 -0.0015113762713393527
leaf_weight=487 18 20 17
leaf_count=487 18 20 17
internal_value=0 2.92592e-05 -1.84772e-05
internal_weight=0 524 504
internal_count=542 524 504
is_linear=0
shrinkage=0.1


Tree=565
num_leaves=7
num_cat=0
split_feature=19 19 42 23 30 27
split_gain=0.00129633 0.00692706 0.00828756 0.00576727 0.0100931 0.00557367
threshold=3.1345481418531311 2.3937458713910238 1.7005986908310777 3.9316333620047872 2.3937458713910238 4.1107394736335969
decision_type=2 2 2 2 2 2
left_child=1 2 -1 4 -2 -5
right_child=3 -3 -4 5 -6 -7
leaf_value=-0.00074273378950937734 0.0030652844846960816 -0.0016372096917495645 0.0010999290901489312 -0.0016540767895639873 -0.0002887132847191472 6.1174790883400485e-05
leaf_weight=52 17 29 46 20 19 359
leaf_count=52 17 29 46 20 19 359
internal_value=0 -0.000279563 0.00012219 8.5553e-05 0.00129512 -2.93398e-05
internal_weight=0 127 98 415 36 379
internal_count=542 127 98 415 36 379
is_linear=0
shrinkage=0.1


Tree=566
num_leaves=7
num_cat=0
split_feature=103 55 102 70 8 54
split_gain=0.00127477 0.00627676 0.0114553 0.00586811 0.0109634 0.00551726
threshold=1.8688348091416842 3.2951505240983434 5.1298812082267613 3.2771177353616316 2.8314802400679731 3.2180751841847144
decision_type=2 2 2 2 2 2
left_child=3 2 -2 4 -1 -3
right_child=1 5 -4 -5 -6 -7
leaf_value=-5.222426522683738e-05 0.00025852474689206766 -0.0017326673911884428 0.0030713682114664053 0.00098631823079463527 -0.0027673552965279671 -2.1565252473289319e-05
leaf_weight=58 74 20 18 26 20 326
leaf_count=58 74 20 18 26 20 326
internal_value=0 7.47302e-05 0.000808864 -0.000314729 -0.000748412 -0.000120473
internal_weight=0 438 92 104 78 346
internal_count=542 438 92 104 78 346
is_linear=0
shrinkage=0.1


Tree=567
num_leaves=7
num_cat=0
split_feature=89 59 65 4 89 72
split_gain=0.0012906 0.00574079 0.0106864 0.00983907 0.00478818 0.00660785
threshold=0.32239255231084707 3.8176519431297078 3.0601985265132821 4.3437210834879627 0.22479212927071848 0.33937922155392292
decision_type=2 2 2 2 2 2
left_child=4 2 -2 -3 5 -1
right_child=1 3 -4 -5 -6 -7
leaf_value=-0.00018254660718045686 -0.00019134890094089013 -0.0018932991524840276 0.0025299521432699344 7.8772863712345745e-06 0.0013249733357224615 0.0011528451690114602
leaf_weight=268 60 41 19 81 30 43
leaf_count=268 60 41 19 81 30 43
internal_value=0 -0.00020099 0.000463141 -0.000631043 0.000118472 2.08955e-06
internal_weight=0 201 79 122 341 311
internal_count=542 201 79 122 341 311
is_linear=0
shrinkage=0.1


Tree=568
num_leaves=8
num_cat=0
split_feature=72 51 95 80 48 8 76
split_gain=0.00140706 0.00804594 0.00878498 0.00720345 0.00632398 0.0102533 0.00733434
threshold=0.071481806477838444 3.3296469598418192 2.7058230259275202 0.040664992629789239 3.6632328069201612 2.191013317336941 0.56984001436005249
decision_type=2 2 2 2 2 2 2
left_child=4 2 -2 -3 5 -1 -6
right_child=1 3 -4 -5 6 -7 -8
leaf_value=-0.00067422751168373467 0.0001292411998535196 0.00086199916926815593 -0.0022027795236291632 -0.00056945407832245112 -0.00060327787359710789 0.00099883960461458914 0.0014951652479603104
leaf_weight=51 30 78 35 64 135 130 19
leaf_count=51 30 78 35 64 135 130 19
internal_value=0 -0.000204972 -0.00112646 0.000216837 0.000126654 0.000527423 -0.000344379
internal_weight=0 207 65 142 335 181 154
internal_count=542 207 65 142 335 181 154
is_linear=0
shrinkage=0.1


Tree=569
num_leaves=4
num_cat=0
split_feature=35 39 31
split_gain=0.00125905 0.00385368 0.00282632
threshold=7.7397808239352983 7.391412193863097 7.159287067418167
decision_type=2 2 2
left_child=1 2 -1
right_child=-2 -3 -4
leaf_value=-2.7482191878582605e-05 0.00074099055537689396 -0.001172490934342412 0.00097415753378299991
leaf_weight=462 22 28 30
leaf_count=462 22 28 30
internal_value=0 -3.13496e-05 3.35934e-05
internal_weight=0 520 492
internal_count=542 520 492
is_linear=0
shrinkage=0.1


Tree=570
num_leaves=6
num_cat=0
split_feature=68 68 102 86 46
split_gain=0.00122677 0.00443911 0.00253352 0.00476013 0.00271254
threshold=3.0387720681864785 2.852716472045087 1.0397207708399181 0.13042522627830214 2.8314802400679731
decision_type=2 2 2 2 2
left_child=1 -1 3 -2 -4
right_child=2 -3 4 -5 -6
leaf_value=0.00058624534456826313 0.001816107460366435 -0.001667065147032392 0.00025309819416679364 -0.0001495327104099228 -0.00024085790817726484
leaf_weight=17 22 18 191 28 266
leaf_count=17 22 18 191 28 266
internal_value=0 -0.0005726 3.95286e-05 0.000715349 -3.44124e-05
internal_weight=0 35 507 50 457
internal_count=542 35 507 50 457
is_linear=0
shrinkage=0.1


Tree=571
num_leaves=6
num_cat=0
split_feature=71 27 53 48 100
split_gain=0.00123866 0.00357559 0.00283992 0.00960344 0.003529
threshold=3.4498615536424366 5.3180719330953936 2.8477523405893534 5.0688844241303981 5.3935862223306854
decision_type=2 2 2 2 2
left_child=2 -2 4 -4 -1
right_child=1 -3 3 -5 -6
leaf_value=9.1920316023493074e-06 0.00032761023240163926 -0.0014203908832066438 0.0011784416816053205 -0.001386474594619358 -0.0012924795113080606
leaf_weight=391 25 22 63 19 22
leaf_count=391 25 22 63 19 22
internal_value=0 -0.000490603 4.65825e-05 0.000584132 -6.01464e-05
internal_weight=0 47 495 82 413
internal_count=542 47 495 82 413
is_linear=0
shrinkage=0.1


Tree=572
num_leaves=8
num_cat=0
split_feature=98 1 19 9 70 2 80
split_gain=0.00129064 0.00702269 0.008269 0.00539485 0.00406287 0.00436401 0.00199028
threshold=8.9113276263531294 4.0428973506407848 4.6819597299522426 4.0689902272260703 4.864165921805748 4.4187680230537838 0.13186535524549872
decision_type=2 2 2 2 2 2 2
left_child=1 3 -3 -1 6 -6 -2
right_child=4 2 -4 -5 5 -7 -8
leaf_value=-6.0340227904047951e-05 0.00049665765651628715 4.3883360041562766e-05 -0.0029471013074119888 0.0016330610826844349 0.0013176794839091599 -0.00028929680042767708 0.001937291881425635
leaf_weight=317 22 19 18 20 20 109 17
leaf_count=317 22 19 18 20 20 109 17
internal_value=0 -0.000103424 -0.00141119 4.01584e-05 0.000230242 -4.01532e-05 0.00112463
internal_weight=0 374 37 337 168 129 39
internal_count=542 374 37 337 168 129 39
is_linear=0
shrinkage=0.1


Tree=573
num_leaves=8
num_cat=0
split_feature=21 61 21 38 65 71 68
split_gain=0.00123737 0.00752512 0.00569536 0.0129243 0.00911385 0.00532119 0.00405361
threshold=3.0201273556387074 2.5243537541713219 2.7058230259275202 3.3667009459186801 3.1810748260939179 1.0000000180025095e-35 3.9185034134043062
decision_type=2 2 2 2 2 2 2
left_child=2 5 4 -4 -1 -2 -3
right_child=1 6 3 -5 -6 -7 -8
leaf_value=-0.00025302702545386559 0.00277711118790595 -0.001036963263161144 -7.9979059389895875e-05 -0.0032505025181712374 0.0016446794023067925 0.00031006158420091701 9.6601232904575623e-05
leaf_weight=121 17 36 45 18 32 18 255
leaf_count=121 17 36 45 18 32 18 255
internal_value=0 0.00012299 -0.000185623 -0.000985843 0.000143879 0.00150834 -4.36336e-05
internal_weight=0 326 216 63 153 35 291
internal_count=542 326 216 63 153 35 291
is_linear=0
shrinkage=0.1


Tree=574
num_leaves=4
num_cat=0
split_feature=23 15 8
split_gain=0.00122247 0.00254991 0.0031404
threshold=7.8332668616847121 7.546962839272358 5.7429826416937235
decision_type=2 2 2
left_child=1 2 -1
right_child=-2 -3 -4
leaf_value=3.3297649057841256e-05 -0.00081030619136678679 0.0011352162889670581 -0.0012772721118955433
leaf_weight=485 18 20 19
leaf_count=485 18 20 19
internal_value=0 2.7835e-05 -1.61088e-05
internal_weight=0 524 504
internal_count=542 524 504
is_linear=0
shrinkage=0.1


Tree=575
num_leaves=7
num_cat=0
split_feature=50 50 50 104 11 47
split_gain=0.00127232 0.00837927 0.0073023 0.0039417 0.0076796 0.00385372
threshold=3.891612008168019 4.317399216745252 4.6150714996361826 5.5567609741203308 5.9839077282029587 4.234001473612734
decision_type=2 2 2 2 2 2
left_child=3 5 -3 4 -1 -2
right_child=1 2 -4 -5 -6 -7
leaf_value=2.3723938810200291e-05 0.00057326804380863905 -0.0013962565778961613 0.00024093837632140742 0.0010239587231938329 -0.0012229996910375987 0.0024356173991691324
leaf_weight=260 25 36 112 28 61 20
leaf_count=260 25 36 112 28 61 20
internal_value=0 0.000206031 -0.000157298 -0.000113937 -0.000213192 0.00140098
internal_weight=0 193 148 349 321 45
internal_count=542 193 148 349 321 45
is_linear=0
shrinkage=0.1


Tree=576
num_leaves=8
num_cat=0
split_feature=72 96 65 72 41 65 39
split_gain=0.00130812 0.00729095 0.0144646 0.010379 0.00558732 0.00908406 0.00899309
threshold=0.071481806477838444 3.0201273556387074 3.3892186261515533 0.24936130079737359 3.6632328069201612 3.2577068735519474 4.9628201785886317
decision_type=2 2 2 2 2 2 2
left_child=4 3 -3 -2 6 -6 -1
right_child=1 2 -4 -5 5 -7 -8
leaf_value=2.714426282711906e-05 -0.002348713797607249 0.0018132357281588373 -0.0005219130928809237 -0.00010771242950502183 -0.0015846721629350212 0.00012274548334584751 0.0016508638590868728
leaf_weight=103 31 42 72 62 40 141 51
leaf_count=103 31 42 72 62 40 141 51
internal_value=0 -0.000197634 0.000338405 -0.000854713 0.00012212 -0.000254584 0.00056487
internal_weight=0 207 114 93 335 181 154
internal_count=542 207 114 93 335 181 154
is_linear=0
shrinkage=0.1


Tree=577
num_leaves=7
num_cat=0
split_feature=31 100 87 31 74 72
split_gain=0.00126746 0.00516058 0.00672335 0.00482771 0.00466395 0.00447292
threshold=2.7058230259275202 2.8314802400679731 0.54721705926580488 3.6632328069201612 0.46462152660480399 0.10390011968002369
decision_type=2 2 2 2 2 2
left_child=1 2 -1 -2 -5 -3
right_child=3 5 -4 4 -6 -7
leaf_value=-0.0012841281515617179 0.0013256813463722837 0.001793438553189238 0.00097296324777690802 0.00012245792005519753 -0.00089365917016178949 -0.00031124841714146267
leaf_weight=59 29 18 17 344 52 23
leaf_count=59 29 18 17 344 52 23
internal_value=0 -0.000291453 -0.000779252 8.02353e-05 -1.09716e-05 0.00061276
internal_weight=0 117 76 425 396 41
internal_count=542 117 76 425 396 41
is_linear=0
shrinkage=0.1


Tree=578
num_leaves=7
num_cat=0
split_feature=99 21 38 104 61 17
split_gain=0.00119893 0.00448283 0.00627207 0.00289535 0.00998488 0.00735419
threshold=0.89587973461402759 1.5890269151739731 1.4978661367769956 3.0201273556387074 2.2454507828776316 3.1984648276080736
decision_type=2 2 2 2 2 2
left_child=1 -1 -3 5 -5 -2
right_child=3 2 -4 4 -6 -7
leaf_value=-0.00085948163619393417 0.0010290006879762176 0.0022458187722400507 0.00020996444926008975 -0.0022406933857026796 -7.4399035665791559e-05 -0.00085739238007414729
leaf_weight=29 62 18 95 23 284 31
leaf_count=29 62 18 95 23 284 31
internal_value=0 0.000249622 0.00053426 -8.8616e-05 -0.000236695 0.000400203
internal_weight=0 142 113 400 307 93
internal_count=542 142 113 400 307 93
is_linear=0
shrinkage=0.1


Tree=579
num_leaves=5
num_cat=0
split_feature=83 83 31 82
split_gain=0.00121273 0.00247491 0.00340873 0.00291527
threshold=3.7601172682373143 2.841546864584537 1.5890269151739729 1.7742412443922431
decision_type=2 2 2 2
left_child=1 3 -3 -1
right_child=-2 2 -4 -5
leaf_value=4.4862642976482141e-05 -0.00064089317623126723 -0.00011239035164989117 0.0018621654592125732 -0.00090307977516204121
leaf_weight=444 28 18 17 35
leaf_count=444 28 18 17 35
internal_value=0 3.49125e-05 0.00084668 -2.44025e-05
internal_weight=0 514 35 479
internal_count=542 514 35 479
is_linear=0
shrinkage=0.1


Tree=580
num_leaves=7
num_cat=0
split_feature=103 55 102 70 9 54
split_gain=0.00119441 0.00515318 0.00901649 0.00496018 0.00887659 0.00412784
threshold=1.8688348091416842 3.2951505240983434 5.1298812082267613 3.2771177353616316 2.7058230259275202 3.2180751841847144
decision_type=2 2 2 2 2 2
left_child=3 2 -2 4 -1 -3
right_child=1 5 -4 -5 -6 -7
leaf_value=-0.00014020543813621472 0.00024927135327251982 -0.0014990299404598773 0.0027447889196789929 0.00089152236275997262 -0.0027241370914613504 -1.8982817586041785e-05
leaf_weight=61 74 20 18 26 17 326
leaf_count=61 74 20 18 26 17 326
internal_value=0 7.23363e-05 0.000737525 -0.000304647 -0.00070337 -0.000104535
internal_weight=0 438 92 104 78 346
internal_count=542 438 92 104 78 346
is_linear=0
shrinkage=0.1


Tree=581
num_leaves=6
num_cat=0
split_feature=79 80 13 19 96
split_gain=0.00113043 0.00696359 0.00367382 0.00415142 0.00307278
threshold=3.3315663479954023 1.1082724656359517 3.4960482137079443 5.7682428646896211 4.3437210834879627
decision_type=2 2 2 2 2
left_child=1 4 -2 -4 -1
right_child=2 -3 3 -5 -6
leaf_value=-0.00018028290571093846 -0.0012961464356286106 0.0015473378480722506 0.0013487532028720077 -0.00029364636225013619 0.00051285018319807327
leaf_weight=304 27 30 19 81 81
leaf_count=304 27 30 19 81 81
internal_value=0 7.98916e-05 -0.000261063 1.84096e-05 -3.44549e-05
internal_weight=0 415 127 100 385
internal_count=542 415 127 100 385
is_linear=0
shrinkage=0.1


Tree=582
num_leaves=5
num_cat=0
split_feature=22 26 26 28
split_gain=0.00117731 0.00205694 0.00588376 0.00270344
threshold=5.8916289495434491 5.278062594878933 5.0037435712773073 5.7588569908510134
decision_type=2 2 2 2
left_child=1 2 -1 -3
right_child=-2 3 -4 -5
leaf_value=4.1751733619086209e-05 -0.0007529484172118828 0.0015374745981534942 -0.0018008059660334968 -0.00015179560723481701
leaf_weight=466 20 20 18 18
leaf_count=466 20 20 18 18
internal_value=0 2.88486e-05 -2.67731e-05 0.000737294
internal_weight=0 522 484 38
internal_count=542 522 484 38
is_linear=0
shrinkage=0.1


Tree=583
num_leaves=4
num_cat=0
split_feature=35 31 35
split_gain=0.00119105 0.00340218 0.00305881
threshold=7.7397808239352983 7.4949786637559042 7.3369335228541059
decision_type=2 2 2
left_child=1 2 -1
right_child=-2 -3 -4
leaf_value=-3.2326584568940883e-05 0.00072070091158490295 -0.0014218415493172977 0.0012611555122451759
leaf_weight=484 22 17 19
leaf_count=484 22 17 19
internal_value=0 -3.04912e-05 1.65326e-05
internal_weight=0 520 503
internal_count=542 520 503
is_linear=0
shrinkage=0.1


Tree=584
num_leaves=6
num_cat=0
split_feature=9 13 37 5 2
split_gain=0.0011226 0.00927022 0.00617703 0.00935954 0.00543359
threshold=3.2951505240983434 3.2951505240983434 4.2625806805327082 2.9174053685313028 3.1984648276080736
decision_type=2 2 2 2 2
left_child=2 -2 3 -1 -3
right_child=1 4 -4 -5 -6
leaf_value=-4.6180243574264709e-05 -0.0017670869888764087 0.0012212642212398352 -0.001439259090164507 0.0014768986098406803 -0.00011539661441176954
leaf_weight=169 31 35 22 53 232
leaf_count=169 31 35 22 53 232
internal_value=0 -0.000130226 0.000159047 0.000317438 5.98211e-05
internal_weight=0 298 244 222 267
internal_count=542 298 244 222 267
is_linear=0
shrinkage=0.1


Tree=585
num_leaves=4
num_cat=0
split_feature=38 40 86
split_gain=0.00114404 0.00374067 0.00269159
threshold=5.7333360402263844 5.3518469026947413 0.68476950597767339
decision_type=2 2 2
left_child=1 2 -1
right_child=-2 -3 -4
leaf_value=-9.2568596674569588e-05 -0.00060019939322955909 0.0010649627951241918 0.00095368394753537501
leaf_weight=453 30 33 26
leaf_count=453 30 33 26
internal_value=0 3.51679e-05 -3.57783e-05
internal_weight=0 512 479
internal_count=542 512 479
is_linear=0
shrinkage=0.1


Tree=586
num_leaves=7
num_cat=0
split_feature=97 97 7 15 80 15
split_gain=0.00107704 0.01037 0.00591337 0.00508685 0.00870106 0.00636868
threshold=4.6539149966267201 4.9052473428434826 4.8079027400421745 4.7621374077860157 0.46886129631371404 4.234001473612734
decision_type=2 2 2 2 2 2
left_child=3 -2 -3 5 -5 -1
right_child=1 2 -4 4 -6 -7
leaf_value=-0.00021197692485084527 0.0023811764157328167 -0.0014395619636936184 0.00010933800196923421 -2.1663285261983505e-05 -0.0028206435077461518 0.0013774152018971022
leaf_weight=135 19 27 283 29 18 31
leaf_count=135 19 27 283 29 18 31
internal_value=0 0.000113425 -2.55662e-05 -0.000175196 -0.00109361 8.48373e-05
internal_weight=0 329 310 213 47 166
internal_count=542 329 310 213 47 166
is_linear=0
shrinkage=0.1


Tree=587
num_leaves=8
num_cat=0
split_feature=99 21 31 100 34 45 1
split_gain=0.00110036 0.00509854 0.00869854 0.00636158 0.00420462 0.00788152 0.00623466
threshold=2.3502401828962087 3.0201273556387074 5.4847194494823395 1.7005986908310777 4.6150714996361826 5.4424083402947536 2.191013317336941
decision_type=2 2 2 2 2 2 2
left_child=1 2 -1 -3 6 -6 -2
right_child=4 3 -4 -5 5 -7 -8
leaf_value=1.1141077647764297e-05 -0.0011877966663178087 0.0018584986616744948 -0.0022388065262930468 0.00021817998724458221 -0.0016348198629982239 0.00086621528575455569 0.00034883094672807528
leaf_weight=122 32 29 20 128 42 18 151
leaf_count=122 32 29 20 128 42 18 151
internal_value=0 0.00012845 -0.000305753 0.000521169 -0.000158052 -0.000884509 8.0131e-05
internal_weight=0 299 142 157 243 60 183
internal_count=542 299 142 157 243 60 183
is_linear=0
shrinkage=0.1


Tree=588
num_leaves=6
num_cat=0
split_feature=78 47 47 92 82
split_gain=0.0011835 0.00445612 0.00707367 0.00411687 0.0028239
threshold=0.54355564966639924 2.191013317336941 3.1345481418531311 4.5414852662510485 0.72392027831602601
decision_type=2 2 2 2 2
left_child=1 -1 -3 4 -2
right_child=3 2 -4 -5 -6
leaf_value=0.0013183034149863359 -0.0012783262823872707 -0.0016126113831996917 0.00013795300765679315 -0.0016869229572715567 7.9793301138833365e-05
leaf_weight=28 17 25 301 17 154
leaf_count=28 17 25 301 17 154
internal_value=0 0.000107687 3.70727e-06 -0.000202772 -5.52244e-05
internal_weight=0 354 326 188 171
internal_count=542 354 326 188 171
is_linear=0
shrinkage=0.1


Tree=589
num_leaves=6
num_cat=0
split_feature=9 24 37 65 11
split_gain=0.00114276 0.00806416 0.00521092 0.0073437 0.00366188
threshold=3.2951505240983434 2.7058230259275202 4.2625806805327082 3.1436385799690481 5.0657496176235997
decision_type=2 2 2 2 2
left_child=2 -2 3 -1 -3
right_child=1 4 -4 -5 -6
leaf_value=-3.6090279540874737e-05 -0.0021248007165635694 0.00084161556362894125 -0.0013075352270706473 0.0012730860561814866 -0.00015240121022408007
leaf_weight=164 19 44 22 58 235
leaf_count=164 19 44 22 58 235
internal_value=0 -0.000131391 0.000160469 0.000305947 4.36129e-06
internal_weight=0 298 244 222 279
internal_count=542 298 244 222 279
is_linear=0
shrinkage=0.1


Tree=590
num_leaves=6
num_cat=0
split_feature=73 38 42 92 46
split_gain=0.00118469 0.00569492 0.00658763 0.00365346 0.00655845
threshold=1.7005986908310777 4.1742689126930488 2.6735537653587347 4.352694722435376 2.740319461670996
decision_type=2 2 2 2 2
left_child=3 2 -2 -1 -5
right_child=1 -3 -4 4 -6
leaf_value=-0.0013193380128701821 2.7558478375431152e-05 0.0015502439681714512 -0.0013117934111505749 0.00091222271454979723 -8.8203323367863311e-05
leaf_weight=17 125 17 52 90 241
leaf_count=17 125 17 52 90 241
internal_value=0 -0.000198012 -0.000365923 0.000110386 0.000183816
internal_weight=0 194 177 348 331
internal_count=542 194 177 348 331
is_linear=0
shrinkage=0.1


Tree=591
num_leaves=5
num_cat=0
split_feature=83 83 82 72
split_gain=0.00119355 0.0019151 0.00269136 0.00241609
threshold=3.7601172682373143 2.841546864584537 1.7742412443922431 0.1117943016486343
decision_type=2 2 2 2
left_child=1 2 -1 -3
right_child=-2 3 -4 -5
leaf_value=4.9009973908723298e-05 -0.00063580262586973352 0.0016036536763696112 -0.00086180039382140563 -5.8725205761018315e-05
leaf_weight=444 28 17 35 18
leaf_count=444 28 17 35 18
internal_value=0 3.46352e-05 -1.75419e-05 0.000748716
internal_weight=0 514 479 35
internal_count=542 514 479 35
is_linear=0
shrinkage=0.1


Tree=592
num_leaves=4
num_cat=0
split_feature=47 43 40
split_gain=0.00104301 0.00476871 0.00277924
threshold=7.7204050042306465 7.4518207207254372 5.4204958404047412
decision_type=2 2 2
left_child=1 2 -1
right_child=-2 -3 -4
leaf_value=-2.2870520520144314e-05 0.00064447197558668758 -0.0016289918902556465 0.0011266652794967576
leaf_weight=478 24 18 22
leaf_count=478 24 18 22
internal_value=0 -2.98597e-05 2.77091e-05
internal_weight=0 518 500
internal_count=542 518 500
is_linear=0
shrinkage=0.1


Tree=593
num_leaves=4
num_cat=0
split_feature=79 52 4
split_gain=0.0010217 0.00316897 0.00271645
threshold=5.6275628835001594 5.7644043282988839 5.1845846780664209
decision_type=2 2 2
left_child=1 2 -1
right_child=-2 -3 -4
leaf_value=5.1577987472372017e-05 -0.00070142843294888739 0.0012612872502359097 -0.00075471173040568833
leaf_weight=456 20 20 46
leaf_count=456 20 20 46
internal_value=0 2.68747e-05 -2.23051e-05
internal_weight=0 522 502
internal_count=542 522 502
is_linear=0
shrinkage=0.1


Tree=594
num_leaves=4
num_cat=0
split_feature=10 14 13
split_gain=0.00108066 0.00213036 0.00277716
threshold=5.9597083565416389 5.5131359965876126 4.9904094477362264
decision_type=2 2 2
left_child=1 2 -1
right_child=-2 -3 -4
leaf_value=-3.3475296340199186e-05 0.00078469377997808965 -0.00085849284218495782 0.0010094968666736451
leaf_weight=469 17 29 27
leaf_count=469 17 29 27
internal_value=0 -2.54091e-05 2.32994e-05
internal_weight=0 525 496
internal_count=542 525 496
is_linear=0
shrinkage=0.1


Tree=595
num_leaves=5
num_cat=0
split_feature=20 25 86 36
split_gain=0.0010352 0.00305421 0.00376022 0.0037518
threshold=5.9558239461055011 5.1298812082267613 0.22312786406904112 5.0562255201382529
decision_type=2 2 2 2
left_child=1 3 -3 -1
right_child=-2 2 -4 -5
leaf_value=-5.9706369345627542e-05 0.00067189786019629209 7.6716614744832949e-05 -0.0019971459638327359 0.00083926318173046003
leaf_weight=433 22 18 17 52
leaf_count=433 22 18 17 52
internal_value=0 -2.84265e-05 -0.000930588 3.6678e-05
internal_weight=0 520 35 485
internal_count=542 520 35 485
is_linear=0
shrinkage=0.1


Tree=596
num_leaves=6
num_cat=0
split_feature=5 95 40 70 5
split_gain=0.00103114 0.012594 0.00710971 0.00309428 0.00648275
threshold=1.5890269151739731 2.191013317336941 3.8176519431297078 2.1190240248559205 2.524928003624769
decision_type=2 2 2 2 2
left_child=1 2 -1 -2 -5
right_child=3 -3 -4 4 -6
leaf_value=-0.0017791935646053626 0.0010275555535918103 0.0024904912093188618 0.00054128835064118667 -0.0013137711006182633 6.2373486590462827e-06
leaf_weight=23 25 20 31 41 402
leaf_count=23 25 20 31 41 402
internal_value=0 0.000346869 -0.000447065 -5.48468e-05 -0.00011593
internal_weight=0 74 54 468 443
internal_count=542 74 54 468 443
is_linear=0
shrinkage=0.1


Tree=597
num_leaves=6
num_cat=0
split_feature=71 9 92 15 3
split_gain=0.00102097 0.0023768 0.00217615 0.00768288 0.00271806
threshold=3.4498615536424366 4.1107394736335969 4.6550227446767307 7.1372582165002347 7.3935706924357971
decision_type=2 2 2 2 2
left_child=2 -2 4 -4 -1
right_child=1 -3 3 -5 -6
leaf_value=-8.4813002579133307e-05 0.00034585949698729177 -0.0010845131975097152 0.0020677055210052502 -0.00070756673322696436 0.00090005907870363458
leaf_weight=425 21 26 21 19 30
leaf_count=425 21 26 21 19 30
internal_value=0 -0.000445411 4.22915e-05 0.000749451 -1.98764e-05
internal_weight=0 47 495 40 455
internal_count=542 47 495 40 455
is_linear=0
shrinkage=0.1


Tree=598
num_leaves=5
num_cat=0
split_feature=65 65 18 16
split_gain=0.00093832 0.00492868 0.00313827 0.00252835
threshold=4.8526159781556206 4.7323723304973777 5.3494151227053726 5.4573441920966355
decision_type=2 2 2 2
left_child=1 2 -1 -2
right_child=3 -3 -4 -5
leaf_value=4.3301617331271535e-05 -0.0010635062732035295 0.0016692242058019878 -0.0011308426556449072 0.0002577682964329142
leaf_weight=442 28 18 24 30
leaf_count=442 28 18 24 30
internal_value=0 4.55478e-05 -1.71693e-05 -0.000380088
internal_weight=0 484 466 58
internal_count=542 484 466 58
is_linear=0
shrinkage=0.1


Tree=599
num_leaves=5
num_cat=0
split_feature=43 92 67 89
split_gain=0.00100612 0.00201264 0.0026858 0.00169429
threshold=7.7764660513092769 4.6550227446767307 5.525445002686836 0.32239255231084707
decision_type=2 2 2 2
left_child=1 3 -3 -1
right_child=-2 2 -4 -5
leaf_value=0.00011706243751982808 -0.00069605982251232492 0.0016118785521636409 -0.00011561296673284637 -0.00026914711882188551
leaf_weight=305 20 18 18 181
leaf_count=305 20 18 18 181
internal_value=0 2.6669e-05 0.000748133 -2.67728e-05
internal_weight=0 522 36 486
internal_count=542 522 36 486
is_linear=0
shrinkage=0.1


Tree=600
num_leaves=8
num_cat=0
split_feature=50 50 50 97 9 7 95
split_gain=0.00104008 0.0061108 0.00466194 0.00293381 0.00965555 0.00370074 0.00259897
threshold=3.891612008168019 4.317399216745252 4.6150714996361826 6.5453331453305372 4.8361559147623279 5.9839077282029587 3.9701138825728512
decision_type=2 2 2 2 2 2 2
left_child=3 6 -3 5 -5 -1 -2
right_child=1 2 -4 4 -6 -7 -8
leaf_value=-0.00012737530581171253 0.0019837855054488916 -0.0011139362429579099 0.00019420251201154317 -0.0024540689587593083 0.00069388997140585598 0.00093834359840666126 0.00046347645604881746
leaf_weight=273 22 36 112 20 19 37 23
leaf_count=273 22 36 112 20 19 37 23
internal_value=0 0.000186281 -0.000123993 -0.000103015 -0.000920448 -1.76598e-07 0.00120674
internal_weight=0 193 148 349 39 310 45
internal_count=542 193 148 349 39 310 45
is_linear=0
shrinkage=0.1


Tree=601
num_leaves=7
num_cat=0
split_feature=87 85 87 6 3 100
split_gain=0.00100077 0.00422915 0.00371385 0.00416879 0.00403148 0.00365231
threshold=1.0000000180025095e-35 0.62972296850805487 0.42132096050533818 4.6150714996361826 2.3937458713910238 5.1817204229641822
decision_type=2 2 2 2 2 2
left_child=1 5 3 -2 -4 -1
right_child=2 -3 4 -5 -6 -7
leaf_value=0.00017421375877920244 -0.00029749692009481345 0.0015359460213221609 -0.00095862177653803634 -0.0019157853163778782 0.00035060121163846226 -0.00095532102665553485
leaf_weight=216 78 20 28 20 147 33
leaf_count=216 78 20 28 20 147 33
internal_value=0 0.00013689 -0.000134885 -0.00062776 0.000141126 2.45164e-05
internal_weight=0 269 273 98 175 249
internal_count=542 269 273 98 175 249
is_linear=0
shrinkage=0.1


Tree=602
num_leaves=6
num_cat=0
split_feature=56 58 59 9 3
split_gain=0.00101979 0.00985162 0.00903759 0.00490749 0.00341415
threshold=4.6298509007569537 4.5325416796595226 4.744894319750431 4.1107394736335969 6.489186453697104
decision_type=2 2 2 2 2
left_child=2 -2 3 -1 -3
right_child=1 4 -4 -5 -6
leaf_value=-9.3949449604676316e-05 0.0024155195627827198 -0.0010351795638943542 -0.0022160459311348145 0.0012037891261570623 0.00017586438330847344
leaf_weight=326 18 29 19 32 118
leaf_count=326 18 29 19 32 118
internal_value=0 0.00020734 -9.07457e-05 2.20495e-05 -6.3049e-05
internal_weight=0 165 377 358 147
internal_count=542 165 377 358 147
is_linear=0
shrinkage=0.1


Tree=603
num_leaves=6
num_cat=0
split_feature=9 18 13 10 100
split_gain=0.00102981 0.00504959 0.00643808 0.0050192 0.00461393
threshold=2.524928003624769 3.3667009459186801 2.3502401828962087 0.89587973461402759 1.4978661367769959
decision_type=2 2 2 2 2
left_child=1 2 -1 -2 -5
right_child=3 -3 -4 4 -6
leaf_value=4.9748349376707617e-05 -0.0015475768384269695 -0.0013135976263482817 0.001775277159999703 0.000844745960317336 -0.00013652402088933216
leaf_weight=85 22 18 29 56 332
leaf_count=85 22 18 29 56 332
internal_value=0 0.000242931 0.000488699 -7.82119e-05 5.10257e-06
internal_weight=0 132 114 410 388
internal_count=542 132 114 410 388
is_linear=0
shrinkage=0.1


Tree=604
num_leaves=7
num_cat=0
split_feature=5 1 5 55 6 87
split_gain=0.00102801 0.0100667 0.00245087 0.00704262 0.00508039 0.00221798
threshold=1.5890269151739731 1.0397207708399181 2.524928003624769 2.3937458713910238 1.2424533248940004 0.239555418017284
decision_type=2 2 2 2 2 2
left_child=1 5 3 -2 -4 -1
right_child=2 -3 4 -5 -6 -7
leaf_value=0.00031442637516322847 0.00096689702024579873 0.0024035833995892774 0.0014119606800377369 -0.0014244128225329453 -5.9016684650685069e-05 -0.0009442522252876578
leaf_weight=28 18 18 25 39 386 28
leaf_count=28 18 18 25 39 386 28
internal_value=0 0.000346343 -5.47636e-05 -0.000669262 3.04588e-05 -0.000314913
internal_weight=0 74 468 57 411 56
internal_count=542 74 468 57 411 56
is_linear=0
shrinkage=0.1


Tree=605
num_leaves=8
num_cat=0
split_feature=6 1 53 1 14 8 3
split_gain=0.00120672 0.00941795 0.00721992 0.00579682 0.008052 0.00559365 0.00329801
threshold=2.6735537653587347 3.1345481418531311 1.656825319317355 3.1984648276080736 2.3937458713910238 3.1132683346437333 4.7621374077860157
decision_type=2 2 2 2 2 2 2
left_child=3 2 -2 4 -1 -3 -5
right_child=1 5 -4 6 -6 -7 -8
leaf_value=-6.0093369847207326e-05 0.0027124459558928557 0.0014095713088119572 0.00038751799849492008 7.7030937568957193e-06 -0.001694115746814089 -0.00025207554178336978 0.0019219791445518949
leaf_weight=133 22 22 34 18 39 256 18
leaf_count=133 22 22 34 18 39 256 18
internal_value=0 0.00011775 0.00130088 -0.00018908 -0.000430598 -0.000120578 0.000964841
internal_weight=0 334 56 208 172 278 36
internal_count=542 334 56 208 172 278 36
is_linear=0
shrinkage=0.1


Tree=606
num_leaves=6
num_cat=0
split_feature=96 6 46 6 35
split_gain=0.00119131 0.00539338 0.00385652 0.00423433 0.00293024
threshold=4.3437210834879627 4.465842055365858 4.5950688323293329 4.2625806805327082 7.3369335228541059
decision_type=2 2 2 2 2
left_child=1 4 3 -2 -1
right_child=2 -3 -4 -5 -6
leaf_value=-7.345492830933586e-05 -0.0012623634732638798 -0.0016951612511184066 0.0015656034817527001 0.00027497882163247521 0.0012355867954384949
leaf_weight=342 21 20 19 122 18
leaf_count=342 21 20 19 122 18
internal_value=0 -9.68007e-05 0.000227063 4.92153e-05 -8.00284e-06
internal_weight=0 380 162 143 360
internal_count=542 380 162 143 360
is_linear=0
shrinkage=0.1


Tree=607
num_leaves=6
num_cat=0
split_feature=65 23 20 101 26
split_gain=0.00105146 0.0059368 0.00314719 0.00620743 0.00255195
threshold=1.8367390265135148 2.191013317336941 1.5890269151739729 3.1984648276080736 1.2424533248940004
decision_type=2 2 2 2 2
left_child=1 -1 3 -2 -4
right_child=2 -3 4 -5 -6
leaf_value=-0.0017470577376661823 0.0020993028973905546 0.00056446132250130175 -0.00071297205396695068 -0.00021227484383136753 4.4780020762118514e-05
leaf_weight=20 21 25 50 26 400
leaf_count=20 21 25 50 26 400
internal_value=0 -0.00046288 4.19107e-05 0.000820558 -3.94147e-05
internal_weight=0 45 497 47 450
internal_count=542 45 497 47 450
is_linear=0
shrinkage=0.1


Tree=608
num_leaves=6
num_cat=0
split_feature=56 70 59 9 97
split_gain=0.00102168 0.00845517 0.00682877 0.00426935 0.00306766
threshold=4.6298509007569537 4.788256360594997 4.744894319750431 4.1107394736335969 6.2970262196486599
decision_type=2 2 2 2 2
left_child=2 -2 3 -1 -3
right_child=1 4 -4 -5 -6
leaf_value=-0.00010097700631410417 0.0021918845212846798 -0.0011389507697789336 -0.0019382482958271317 0.0011094500841863919 0.00014237042575381744
leaf_weight=326 19 22 19 32 124
leaf_count=326 19 22 19 32 124
internal_value=0 0.000207532 -9.08298e-05 7.21759e-06 -5.07054e-05
internal_weight=0 165 377 358 146
internal_count=542 165 377 358 146
is_linear=0
shrinkage=0.1


Tree=609
num_leaves=6
num_cat=0
split_feature=39 102 35 47 15
split_gain=0.0010085 0.00350576 0.00217381 0.00628673 0.00409444
threshold=7.391412193863097 6.4150956198398426 6.9087502882815697 7.085041847326413 6.9593980611994821
decision_type=2 2 2 2 2
left_child=2 -2 3 -1 -4
right_child=1 -3 4 -5 -6
leaf_value=5.049868678869091e-05 -0.0012237345969949205 0.00049146019049327479 0.0015079586829179553 -0.0018089167914647414 -0.00026805747859179975
leaf_weight=423 26 22 27 19 25
leaf_count=423 26 22 27 19 25
internal_value=0 -0.000437604 4.25202e-05 -2.94309e-05 0.000654105
internal_weight=0 48 494 442 52
internal_count=542 48 494 442 52
is_linear=0
shrinkage=0.1


Tree=610
num_leaves=6
num_cat=0
split_feature=2 12 8 103 98
split_gain=0.000954132 0.00359464 0.00318942 0.00312761 0.00169979
threshold=5.3682852866967963 5.2203412156610947 5.0937313815282925 6.5624401037643025 9.5790656189021153
decision_type=2 2 2 2 2
left_child=1 2 -1 -2 -3
right_child=3 4 -4 -5 -6
leaf_value=2.0261933437732546e-05 -0.0010204059522948229 0.00030269366106949747 -0.0013757840661770282 0.00057370208262000236 0.0016970422012188163
leaf_weight=438 32 17 17 20 18
leaf_count=438 32 17 17 20 18
internal_value=0 4.32223e-05 -3.1898e-05 -0.000407287 0.00101979
internal_weight=0 490 455 52 35
internal_count=542 490 455 52 35
is_linear=0
shrinkage=0.1


Tree=611
num_leaves=7
num_cat=0
split_feature=46 42 41 42 92 25
split_gain=0.000924779 0.00672907 0.00366133 0.0028974 0.00598667 0.00452959
threshold=2.1383330595080281 1.8688348091416842 2.3502401828962087 2.8314802400679731 4.427758731079372 2.9174053685313028
decision_type=2 2 2 2 2 2
left_child=1 2 -1 4 -2 -5
right_child=3 -3 -4 5 -6 -7
leaf_value=0.00022515531750019258 0.00082457015226321782 0.0014732773253468402 -0.00096660575678421043 0.00094812314065927008 -0.0010383670093437685 -0.00010474700247868896
leaf_weight=85 23 33 37 49 69 246
leaf_count=85 23 33 37 49 69 246
internal_value=0 0.0002064 -0.00013628 -8.26665e-05 -0.000572633 7.01365e-05
internal_weight=0 155 122 387 92 295
internal_count=542 155 122 387 92 295
is_linear=0
shrinkage=0.1


Tree=612
num_leaves=8
num_cat=0
split_feature=50 50 29 11 102 65 47
split_gain=0.000889244 0.00459314 0.00417326 0.00299324 0.0110366 0.00453185 0.00206335
threshold=3.891612008168019 4.317399216745252 3.5972184255501678 5.9839077282029587 6.4150956198398426 3.1436385799690481 3.7132745361986528
decision_type=2 2 2 2 2 2 2
left_child=3 6 -3 5 -5 -1 -2
right_child=1 2 -4 4 -6 -7 -8
leaf_value=-0.00022885820282319592 0.00026483697361790723 -0.00082908649791908632 0.00028828467592265761 -0.0020654016462572145 0.00036390547873452309 0.00063623392156192241 0.0016358095803298057
leaf_weight=181 19 51 97 32 45 91 26
leaf_count=181 19 51 97 32 45 91 26
internal_value=0 0.000172244 -9.67554e-05 -9.52526e-05 -0.000645677 6.0566e-05 0.00105695
internal_weight=0 193 148 349 77 272 45
internal_count=542 193 148 349 77 272 45
is_linear=0
shrinkage=0.1


Tree=613
num_leaves=7
num_cat=0
split_feature=54 101 43 55 98 98
split_gain=0.000984792 0.00393767 0.008721 0.00322611 0.00408909 0.00270002
threshold=2.3937458713910238 2.3937458713910238 5.7838204485795197 3.0201273556387074 6.7730149157208501 5.0684095151189146
decision_type=2 2 2 2 2 2
left_child=1 5 -3 -2 -5 -1
right_child=3 2 -4 4 -6 -7
leaf_value=-0.00090686713325946282 -0.0011742979176342489 0.0024719304814685272 -0.00044583504786714916 -0.0014342273291396467 6.9402436151613846e-05 0.00028871817162771728
leaf_weight=30 25 21 20 19 376 51
leaf_count=30 25 21 20 19 376 51
internal_value=0 0.000250102 0.00104863 -7.26487e-05 -2.92406e-06 -0.000154091
internal_weight=0 122 41 420 395 81
internal_count=542 122 41 420 395 81
is_linear=0
shrinkage=0.1


Tree=614
num_leaves=7
num_cat=0
split_feature=5 95 40 17 52 1
split_gain=0.000981528 0.00786151 0.00653477 0.00208099 0.0109144 0.00457178
threshold=1.5890269151739731 2.191013317336941 3.8176519431297078 1.9356005054539456 3.3050114353384279 1.9356005054539456
decision_type=2 2 2 2 2 2
left_child=1 2 -1 4 -2 -5
right_child=3 -3 -4 5 -6 -7
leaf_value=-0.0015659796222557223 -0.0024449070572460955 0.002032054301671451 0.00065869945664739904 0.0015248891064210944 0.00099136195203755064 -6.1668474746043496e-05
leaf_weight=23 19 20 31 19 18 412
leaf_count=23 19 20 31 19 18 412
internal_value=0 0.000338422 -0.000288849 -5.35112e-05 -0.000773209 8.27258e-06
internal_weight=0 74 54 468 37 431
internal_count=542 74 54 468 37 431
is_linear=0
shrinkage=0.1


Tree=615
num_leaves=7
num_cat=0
split_feature=59 36 40 38 70 54
split_gain=0.00104516 0.00542412 0.0123691 0.00627197 0.00532787 0.00507084
threshold=3.2951505240983434 2.3937458713910238 2.191013317336941 2.8314802400679731 3.142614223188827 3.0201273556387074
decision_type=2 2 2 2 2 2
left_child=1 2 -1 -3 -2 -6
right_child=4 3 -4 -5 5 -7
leaf_value=0.00059788856374022245 -0.0014108318918650705 0.0017448653639959438 -0.0027783473131849489 1.335207813938793e-05 0.0016108104248384115 -6.5294885485386446e-05
leaf_weight=30 28 35 17 52 19 361
leaf_count=30 28 35 17 52 19 361
internal_value=0 0.000242309 -0.000623303 0.000709938 -7.95817e-05 1.85104e-05
internal_weight=0 134 47 87 408 380
internal_count=542 134 47 87 408 380
is_linear=0
shrinkage=0.1


Tree=616
num_leaves=5
num_cat=0
split_feature=86 86 23 71
split_gain=0.000933461 0.00195922 0.00656145 0.00229914
threshold=0.68476950597767339 0.61334666495513168 4.2625806805327082 3.3315663479954023
decision_type=2 2 2 2
left_child=1 3 -3 -1
right_child=-2 2 -4 -5
leaf_value=0.00012056862859390093 0.00054215415768946206 0.0009095698833421228 -0.0012388577993388853 -0.00061879363208216555
leaf_weight=400 30 21 44 47
leaf_count=400 30 21 44 47
internal_value=0 -3.17668e-05 -0.00054475 4.28281e-05
internal_weight=0 512 65 447
internal_count=542 512 65 447
is_linear=0
shrinkage=0.1


Tree=617
num_leaves=5
num_cat=0
split_feature=72 54 43 15
split_gain=0.00093308 0.00187634 0.00546821 0.00279645
threshold=0.80260924844569626 2.191013317336941 2.3937458713910238 4.234001473612734
decision_type=2 2 2 2
left_child=1 2 -1 -3
right_child=-2 3 -4 -5
leaf_value=-0.0011604609615032506 -0.00057303554236164524 -0.00053827745472749783 0.0008362268949498122 7.9356654706308296e-05
leaf_weight=17 27 94 71 333
leaf_count=17 27 94 71 333
internal_value=0 3.00426e-05 0.000450503 -5.66096e-05
internal_weight=0 515 88 427
internal_count=542 515 88 427
is_linear=0
shrinkage=0.1


Tree=618
num_leaves=7
num_cat=0
split_feature=45 41 34 65 14 17
split_gain=0.000983736 0.00523066 0.00482324 0.00465437 0.00425369 0.00921521
threshold=2.8617925509761908 2.9174053685313028 2.3937458713910238 2.6583221031302542 4.1742689126930488 3.1984648276080736
decision_type=2 2 2 2 2 2
left_child=4 3 -3 -2 5 -1
right_child=1 2 -4 -5 -6 -7
leaf_value=0.00041662849560618109 -0.0024181922021157603 0.0012503676543322703 -8.311605311273236e-05 -0.00029028100386942521 0.0016473652167607927 -0.0013883373945847981
leaf_weight=132 17 30 283 26 18 36
leaf_count=132 17 30 283 26 18 36
internal_value=0 -9.73803e-05 4.46939e-05 -0.00113155 0.000186384 2.98501e-05
internal_weight=0 356 313 43 186 168
internal_count=542 356 313 43 186 168
is_linear=0
shrinkage=0.1


Tree=619
num_leaves=7
num_cat=0
split_feature=39 65 36 43 89 43
split_gain=0.00092128 0.00594161 0.00610441 0.00320648 0.0092018 0.00332161
threshold=6.8865269473837794 3.7430450237856188 5.3131938456227115 6.025819296111556 0.32239255231084707 5.7682428646896211
decision_type=2 2 2 2 2 2
left_child=3 -2 -3 5 -5 -1
right_child=1 2 -4 4 -6 -7
leaf_value=1.5616013121424544e-05 -0.0013744040723946511 0.0016318196356719869 -0.00038648143533290307 0.0013741800687124919 -0.00094632837176322933 -0.0012263390660771857
leaf_weight=338 33 22 47 54 25 23
leaf_count=338 33 22 47 54 25 23
internal_value=0 -0.000270784 0.000257035 6.27726e-05 0.000639842 -6.35113e-05
internal_weight=0 102 69 440 79 361
internal_count=542 102 69 440 79 361
is_linear=0
shrinkage=0.1


Tree=620
num_leaves=6
num_cat=0
split_feature=44 46 34 25 44
split_gain=0.000903373 0.00679028 0.00537415 0.00429144 0.00368782
threshold=3.1132683346437333 1.2424533248940004 2.3937458713910238 3.7494348669884658 2.8314802400679731
decision_type=2 2 2 2 2
left_child=3 -2 -3 4 -1
right_child=1 2 -4 -5 -6
leaf_value=-0.00020050734017964254 -0.0017936559923162514 0.0011744495561894534 -0.00011768086196034826 0.0016950245193370125 0.0010269096504392414
leaf_weight=133 22 36 304 17 30
leaf_count=133 22 36 304 17 30
internal_value=0 -9.10365e-05 1.91329e-05 0.000183085 2.53976e-05
internal_weight=0 362 340 180 163
internal_count=542 362 340 180 163
is_linear=0
shrinkage=0.1


Tree=621
num_leaves=7
num_cat=0
split_feature=46 42 95 42 50 30
split_gain=0.000921084 0.00522676 0.00316077 0.00260312 0.00495865 0.00364172
threshold=2.1383330595080281 1.8688348091416842 2.191013317336941 2.8314802400679731 2.524928003624769 3.7132745361986528
decision_type=2 2 2 2 2 2
left_child=1 2 -1 4 -2 -5
right_child=3 -3 -4 5 -6 -7
leaf_value=-0.0013195076522404432 -0.0015057951951509014 0.0013225245529390646 0.00011572883304324933 0.00059687469280985447 1.5180908015062069e-05 -0.00016860813576006443
leaf_weight=18 34 33 104 89 58 206
leaf_count=18 34 33 104 89 58 206
internal_value=0 0.000205987 -9.60274e-05 -8.25012e-05 -0.000546919 6.23341e-05
internal_weight=0 155 122 387 92 295
internal_count=542 155 122 387 92 295
is_linear=0
shrinkage=0.1


Tree=622
num_leaves=4
num_cat=0
split_feature=30 42 40
split_gain=0.000937718 0.00309392 0.00320505
threshold=5.8020042706649564 5.5131359965876126 5.2094712223428914
decision_type=2 2 2
left_child=1 2 -1
right_child=-2 -3 -4
leaf_value=-3.8462255313923519e-05 0.00061107676398629946 -0.0010705057643698875 0.0009966247149776565
leaf_weight=459 24 27 32
leaf_count=459 24 27 32
internal_value=0 -2.83124e-05 2.89976e-05
internal_weight=0 518 491
internal_count=542 518 491
is_linear=0
shrinkage=0.1


Tree=623
num_leaves=7
num_cat=0
split_feature=65 95 65 52 72 67
split_gain=0.000973255 0.00574734 0.00499537 0.00605105 0.00467887 0.00395627
threshold=2.8772339027385807 3.7494348669884658 3.1436385799690481 2.9174053685313028 0.093910802097822224 4.7003150492096575
decision_type=2 2 2 2 2 2
left_child=1 4 3 -2 -1 -4
right_child=2 -3 5 -5 -6 -7
leaf_value=0.00045853580161648618 0.00017849030066281559 0.0016321706430365642 0.00083290411857888107 -0.0019280327073647641 -0.00067935354568362529 -0.00010031779249081875
leaf_weight=83 25 24 55 30 64 261
leaf_count=83 25 24 55 30 64 261
internal_value=0 0.00019738 -9.09756e-05 -0.000970522 -3.68718e-05 6.21101e-05
internal_weight=0 171 371 55 147 316
internal_count=542 171 371 55 147 316
is_linear=0
shrinkage=0.1


Tree=624
num_leaves=4
num_cat=0
split_feature=47 43 40
split_gain=0.00086225 0.00348278 0.00184823
threshold=7.7204050042306465 7.4518207207254372 5.4204958404047412
decision_type=2 2 2
left_child=1 2 -1
right_child=-2 -3 -4
leaf_value=-1.9197781986964158e-05 0.00058597108921579395 -0.0013937672748903021 0.00091822917086326278
leaf_weight=478 24 18 22
leaf_count=478 24 18 22
internal_value=0 -2.71492e-05 2.2049e-05
internal_weight=0 518 500
internal_count=542 518 500
is_linear=0
shrinkage=0.1


Tree=625
num_leaves=6
num_cat=0
split_feature=79 80 13 2 46
split_gain=0.000869545 0.00474132 0.00290433 0.00274755 0.00250201
threshold=3.3315663479954023 1.1082724656359517 3.4960482137079443 4.465842055365858 2.740319461670996
decision_type=2 2 2 2 2
left_child=1 4 -2 -4 -1
right_child=2 -3 3 -5 -6
leaf_value=0.00026852341518872027 -0.0011492857843189053 0.0012809324730187655 0.00092741325963288559 -0.00028310836331608399 -0.00024622990277005239
leaf_weight=166 27 30 25 75 219
leaf_count=166 27 30 25 75 219
internal_value=0 7.00687e-05 -0.000228965 1.9522e-05 -2.42843e-05
internal_weight=0 415 127 100 385
internal_count=542 415 127 100 385
is_linear=0
shrinkage=0.1


Tree=626
num_leaves=8
num_cat=0
split_feature=50 50 29 97 9 7 29
split_gain=0.000923997 0.00347783 0.00330427 0.00240644 0.00741088 0.00319661 0.00215597
threshold=3.891612008168019 4.317399216745252 3.5972184255501678 6.5453331453305372 4.8361559147623279 5.9839077282029587 4.007167868649713
decision_type=2 2 2 2 2 2 2
left_child=3 6 -3 5 -5 -1 -2
right_child=1 2 -4 4 -6 -7 -8
leaf_value=-0.00012217616735302569 0.00038025963844524495 -0.00071013532350679826 0.00028412006159322624 -0.0021810043061850594 0.00057687512966559122 0.00086829807621905124 0.0017931536848967275
leaf_weight=273 27 51 97 20 19 37 18
leaf_count=273 27 51 97 20 19 37 18
internal_value=0 0.000175578 -5.8495e-05 -9.70961e-05 -0.000837422 -3.95827e-06 0.000945417
internal_weight=0 193 148 349 39 310 45
internal_count=542 193 148 349 39 310 45
is_linear=0
shrinkage=0.1


Tree=627
num_leaves=6
num_cat=0
split_feature=8 8 69 5 62
split_gain=0.000822904 0.0021259 0.00523097 0.00444212 0.00142464
threshold=5.7429826416937235 4.8903208612686422 5.0624521224125774 4.4425820475484112 5.1845846780664209
decision_type=2 2 2 2 2
left_child=1 3 -3 -1 -2
right_child=4 2 -4 -5 -6
leaf_value=8.5343143177043815e-06 -0.0011282604516429059 0.0017373165572886744 2.0099777783102852e-05 -0.001556937803367251 0.0001168671844061464
leaf_weight=394 17 24 68 19 20
leaf_count=394 17 24 68 19 20
internal_value=0 3.33526e-05 0.000468069 -6.3485e-05 -0.000455218
internal_weight=0 505 92 413 37
internal_count=542 505 92 413 37
is_linear=0
shrinkage=0.1


Tree=628
num_leaves=7
num_cat=0
split_feature=45 28 34 53 44 6
split_gain=0.000849124 0.00435289 0.00471719 0.0038226 0.00609814 0.0044791
threshold=2.8617925509761908 2.191013317336941 2.3937458713910238 1.3424540464534973 2.5619819897016298 4.1742689126930488
decision_type=2 2 2 2 2 2
left_child=3 -2 -3 4 -1 -5
right_child=1 2 -4 5 -6 -7
leaf_value=-1.8232139862245983e-06 -0.0014870880667807625 0.0011322586447931827 -0.00012696673065332992 -0.00036318297398769077 0.0023365781887581473 0.0010704511806748256
leaf_weight=27 21 33 302 113 19 27
leaf_count=27 21 33 302 113 19 27
internal_value=0 -9.04727e-05 -2.92363e-06 0.000173163 0.000964038 -8.66964e-05
internal_weight=0 356 335 186 46 140
internal_count=542 356 335 186 46 140
is_linear=0
shrinkage=0.1


Tree=629
num_leaves=6
num_cat=0
split_feature=44 46 34 15 101
split_gain=0.000820491 0.00553528 0.00397757 0.00344077 0.00333752
threshold=3.1132683346437333 1.2424533248940004 2.3937458713910238 5.4551749912973362 4.1583945635357589
decision_type=2 2 2 2 2
left_child=3 -2 -3 4 -1
right_child=1 2 -4 -5 -6
leaf_value=0.00034674818513793777 -0.0016240064742636274 0.0010066376695047237 -0.00010499309875357493 0.0012385424736958859 -0.00062100602060257066
leaf_weight=98 22 36 304 26 56
leaf_count=98 22 36 304 26 56
internal_value=0 -8.67599e-05 1.2709e-05 0.000174484 -5.16244e-06
internal_weight=0 362 340 180 154
internal_count=542 362 340 180 154
is_linear=0
shrinkage=0.1


Tree=630
num_leaves=5
num_cat=0
split_feature=72 72 78 31
split_gain=0.000855707 0.00186849 0.00451717 0.00229992
threshold=0.80260924844569626 0.34572530505273286 0.98799697356798066 2.3937458713910238
decision_type=2 2 2 2
left_child=1 3 -3 -1
right_child=-2 2 -4 -5
leaf_value=-0.0005227273807452093 -0.00054876281280518964 0.0019344774499425992 -5.2425303230328217e-05 6.6797787553993094e-05
leaf_weight=80 27 17 35 383
leaf_count=80 27 17 35 383
internal_value=0 2.87701e-05 0.000597139 -3.5064e-05
internal_weight=0 515 52 463
internal_count=542 515 52 463
is_linear=0
shrinkage=0.1


Tree=631
num_leaves=8
num_cat=0
split_feature=46 46 95 20 42 50 88
split_gain=0.000991811 0.00422687 0.00606954 0.00233215 0.00223025 0.00408198 0.00341689
threshold=2.1383330595080281 1.2424533248940004 2.8029010331479989 3.2951505240983434 2.8314802400679731 2.524928003624769 0.15709987798973188
decision_type=2 2 2 2 2 2 2
left_child=1 2 -1 -3 5 -2 -6
right_child=4 3 -4 -5 6 -7 -8
leaf_value=-0.0016811369652194636 -0.001385474973015816 0.0015157234921207418 0.00022908582392119569 0.00019318453075053792 -0.00025363742423272043 -5.4844301836243999e-06 0.00043187153140584442
leaf_weight=21 34 30 80 24 165 58 130
leaf_count=21 34 30 80 24 165 58 130
internal_value=0 0.000213749 -0.000168089 0.000927928 -8.56101e-05 -0.000515481 4.84513e-05
internal_weight=0 155 101 54 387 92 295
internal_count=542 155 101 54 387 92 295
is_linear=0
shrinkage=0.1


Tree=632
num_leaves=8
num_cat=0
split_feature=65 6 14 65 52 5 12
split_gain=0.000894779 0.00524976 0.0054429 0.00380477 0.00449578 0.00383969 0.00349946
threshold=2.8772339027385807 2.6735537653587347 2.1383330595080281 3.1436385799690481 2.9174053685313028 2.602003343538398 2.8314802400679731
decision_type=2 2 2 2 2 2 2
left_child=1 2 -1 4 -2 -5 -3
right_child=3 6 -4 5 -6 -7 -8
leaf_value=0.00032510869140093168 0.00013556397217325865 7.8162821249433748e-05 -0.0010585237943035151 0.0011226562759838999 -0.0016801732991977285 -6.6525108437175977e-05 0.001953427372306275
leaf_weight=88 25 17 42 30 30 286 24
leaf_count=88 25 17 42 30 30 286 24
internal_value=0 0.000189255 -0.000121911 -8.72307e-05 -0.000854838 4.63719e-05 0.00117588
internal_weight=0 171 130 371 55 316 41
internal_count=542 171 130 371 55 316 41
is_linear=0
shrinkage=0.1


Tree=633
num_leaves=5
num_cat=0
split_feature=78 14 69 11
split_gain=0.000879804 0.00164163 0.0053147 0.00375246
threshold=2.8400863045085338 1.2424533248940004 3.2511632931350269 1.5890269151739729
decision_type=2 2 2 2
left_child=1 2 -1 -3
right_child=-2 3 -4 -5
leaf_value=3.9533963361052134e-05 0.00050037453501400623 0.0014149045553303473 -0.0019098201350731727 -2.2019759854154902e-05
leaf_weight=53 33 19 19 418
leaf_count=53 33 19 19 418
internal_value=0 -3.24408e-05 -0.000474879 4.04552e-05
internal_weight=0 509 72 437
internal_count=542 509 72 437
is_linear=0
shrinkage=0.1


Tree=634
num_leaves=7
num_cat=0
split_feature=79 80 95 46 46 19
split_gain=0.000821552 0.0035326 0.00250181 0.00244784 0.00220894 0.00182133
threshold=3.3315663479954023 1.1082724656359517 4.0689902272260703 4.7094896185437563 2.740319461670996 5.4203783453977383
decision_type=2 2 2 2 2 2
left_child=1 4 3 -2 -1 -4
right_child=2 -3 5 -5 -6 -7
leaf_value=0.0002617893432380445 -0.0017064603131362482 0.0011132925221075615 0.00096173498637249898 -7.9114801095177744e-05 -0.00022187733712561482 -0.00016290397664609675
leaf_weight=166 19 30 18 18 219 72
leaf_count=166 19 30 18 18 219 72
internal_value=0 6.81076e-05 -0.000222556 -0.000914779 -1.33353e-05 6.20238e-05
internal_weight=0 415 127 37 385 90
internal_count=542 415 127 37 385 90
is_linear=0
shrinkage=0.1


Tree=635
num_leaves=6
num_cat=0
split_feature=71 9 46 45 44
split_gain=0.000843922 0.00178314 0.0016634 0.00611556 0.00292047
threshold=3.4498615536424366 3.9316333620047872 2.1383330595080281 2.9174053685313028 3.5408542930527882
decision_type=2 2 2 2 2
left_child=2 -2 3 -1 -4
right_child=1 -3 4 -5 -6
leaf_value=0.00061164453751366352 0.00037686635559010836 -0.00089022122536272074 -0.00062717328514554538 -0.0014227077406009331 7.2900049086330971e-05
leaf_weight=113 18 29 75 17 290
leaf_count=113 18 29 75 17 290
internal_value=0 -0.000404954 3.84501e-05 0.000345614 -7.09506e-05
internal_weight=0 47 495 130 365
internal_count=542 47 495 130 365
is_linear=0
shrinkage=0.1


Tree=636
num_leaves=7
num_cat=0
split_feature=17 13 28 13 6 96
split_gain=0.000819252 0.00604869 0.00555382 0.00500534 0.00348859 0.00228133
threshold=4.4885732424042368 4.8361559147623279 5.0304165616299539 4.317399216745252 4.6150714996361826 3.5549397315361362
decision_type=2 2 2 2 2 2
left_child=3 4 -3 5 -2 -1
right_child=1 2 -4 -5 -6 -7
leaf_value=-0.00012646686810606706 0.0022350168750180227 -0.0016527922059010184 0.00024958319758808473 -0.0014367249086499215 0.00029228608020477826 0.00040490572205941692
leaf_weight=290 19 21 57 25 18 112
leaf_count=290 19 21 57 25 18 112
internal_value=0 0.000236905 -0.000262595 -6.38035e-05 0.0012899 2.15772e-05
internal_weight=0 115 78 427 37 402
internal_count=542 115 78 427 37 402
is_linear=0
shrinkage=0.1


Tree=637
num_leaves=5
num_cat=0
split_feature=3 16 103 102
split_gain=0.000880846 0.00278044 0.00186688 0.00193114
threshold=7.3935706924357971 5.2831908449625269 6.1758478196040452 7.3131314902992424
decision_type=2 2 2 2
left_child=2 -2 3 -1
right_child=1 -3 -4 -5
leaf_value=-4.2149045977260335e-05 0.0013941802045640847 -0.00015938782235025428 -0.00096316024261925901 0.00096203770139254626
leaf_weight=451 18 32 21 20
leaf_count=451 18 32 21 20
internal_value=0 0.000399897 -4.06399e-05 4.9158e-07
internal_weight=0 50 492 471
internal_count=542 50 492 471
is_linear=0
shrinkage=0.1


Tree=638
num_leaves=7
num_cat=0
split_feature=64 10 10 44 95 44
split_gain=0.000822593 0.00515232 0.00452679 0.00365553 0.00509315 0.00497466
threshold=3.2037493032826911 1.2424533248940004 1.8688348091416842 3.5408542930527882 1.9356005054539456 3.7132745361986528
decision_type=2 2 2 2 2 2
left_child=3 -2 -3 4 -1 -5
right_child=1 2 -4 5 -6 -7
leaf_value=-0.0015913431152799412 -0.001409185360858424 0.0016157575937754969 -5.5439804435437339e-05 0.0023128643138881993 0.00021046436579328861 7.7008673300345753e-05
leaf_weight=19 27 17 348 17 90 24
leaf_count=19 27 17 348 17 90 24
internal_value=0 -7.62071e-05 2.23968e-05 0.000199155 -0.000103612 0.00100407
internal_weight=0 392 365 150 109 41
internal_count=542 392 365 150 109 41
is_linear=0
shrinkage=0.1


Tree=639
num_leaves=8
num_cat=0
split_feature=18 22 14 57 11 11 92
split_gain=0.000783087 0.00453867 0.00590623 0.00438209 0.00407086 0.00426855 0.00289671
threshold=4.0773937863842606 4.4187680230537838 4.4187680230537838 2.6785862374452463 6.2709866451262153 5.6346875519391793 4.4654777460114028
decision_type=2 2 2 2 2 2 2
left_child=4 2 -2 -3 5 -1 -6
right_child=1 3 -4 -5 6 -7 -8
leaf_value=-0.0001095266180071322 0.0024502670133693355 -0.0011758387337128323 5.3985026897862558e-05 0.00018250175260044145 -0.0001980537579381942 0.0010068994457236467 -0.0019920899235229528
leaf_weight=281 18 30 24 114 18 39 18
leaf_count=281 18 30 24 114 18 39 18
internal_value=0 0.000166293 0.00108096 -0.000100486 -8.68834e-05 2.65378e-05 -0.00109507
internal_weight=0 186 42 144 356 320 36
internal_count=542 186 42 144 356 320 36
is_linear=0
shrinkage=0.1


Tree=640
num_leaves=6
num_cat=0
split_feature=73 38 83 92 46
split_gain=0.00085536 0.00334204 0.00473393 0.00242747 0.00409374
threshold=1.7005986908310777 4.1742689126930488 1.4803897236271999 4.352694722435376 2.740319461670996
decision_type=2 2 2 2 2
left_child=3 2 -2 -1 -5
right_child=1 -3 -4 4 -6
leaf_value=-0.0010716086549698101 -0.00087288552555797149 0.0011710144199348768 0.00016744465116359179 0.00072913533758967085 -6.1260145047681473e-05
leaf_weight=17 79 17 98 90 241
leaf_count=17 79 17 98 90 241
internal_value=0 -0.000168253 -0.000296884 9.37964e-05 0.000153651
internal_weight=0 194 177 348 331
internal_count=542 194 177 348 331
is_linear=0
shrinkage=0.1


Tree=641
num_leaves=5
num_cat=0
split_feature=83 45 88 41
split_gain=0.000846027 0.00131889 0.00526296 0.00414746
threshold=3.7601172682373143 2.8617925509761908 0.12948769839700999 3.1345481418531311
decision_type=2 2 2 2
left_child=1 2 -1 -3
right_child=-2 3 -4 -5
leaf_value=0.00077508544423229376 -0.00053529735284558099 -0.00086040599907344015 -0.00037197166911937532 7.1375381558644191e-05
leaf_weight=90 28 57 72 295
leaf_count=90 28 57 72 295
internal_value=0 2.91602e-05 0.000265282 -7.95097e-05
internal_weight=0 514 162 352
internal_count=542 514 162 352
is_linear=0
shrinkage=0.1


Tree=642
num_leaves=8
num_cat=0
split_feature=99 21 31 57 34 57 1
split_gain=0.000804075 0.00338528 0.00664617 0.00533334 0.00292891 0.00487979 0.00396307
threshold=2.3502401828962087 3.2951505240983434 5.4847194494823395 2.4949024866251386 4.6150714996361826 2.8365693976244968 2.191013317336941
decision_type=2 2 2 2 2 2 2
left_child=1 2 -1 -3 6 -6 -2
right_child=4 3 -4 -5 5 -7 -8
leaf_value=5.2450921567570839e-05 -0.00094720506863268385 0.0012577791016258931 -0.0018219275389459322 -9.3203903570917729e-06 -0.001885255786549786 -3.0395199821607485e-05 0.00027791272530051578
leaf_weight=135 32 53 22 89 23 37 151
leaf_count=135 32 53 22 89 23 37 151
internal_value=0 0.000109803 -0.000210201 0.000463611 -0.000135108 -0.000741425 6.36845e-05
internal_weight=0 299 157 142 243 60 183
internal_count=542 299 157 142 243 60 183
is_linear=0
shrinkage=0.1


Tree=643
num_leaves=6
num_cat=0
split_feature=71 0 53 36 15
split_gain=0.000865356 0.00166006 0.00138702 0.00575995 0.00226363
threshold=3.4498615536424366 5.1845846780664209 2.8477523405893534 3.891612008168019 7.1372582165002347
decision_type=2 2 2 2 2
left_child=2 -2 4 -4 -1
right_child=1 -3 3 -5 -6
leaf_value=4.3117734018761558e-05 -0.0010171564241476438 0.00017173318871452163 -0.00088829268837192419 0.00095373660141345241 -0.00073146134548421424
leaf_weight=371 23 24 24 58 42
leaf_count=371 23 24 24 58 42
internal_value=0 -0.000410064 3.89354e-05 0.000414606 -3.5653e-05
internal_weight=0 47 495 82 413
internal_count=542 47 495 82 413
is_linear=0
shrinkage=0.1


Tree=644
num_leaves=4
num_cat=0
split_feature=23 15 11
split_gain=0.000911296 0.00185167 0.00191372
threshold=7.8332668616847121 7.626056013675 7.3795883697127591
decision_type=2 2 2
left_child=1 2 -1
right_child=-2 -3 -4
leaf_value=2.4995281479535485e-05 -0.00069961545652606424 0.00099317056198120358 -0.0010249924917136216
leaf_weight=487 18 19 18
leaf_count=487 18 19 18
internal_value=0 2.40326e-05 -1.243e-05
internal_weight=0 524 505
internal_count=542 524 505
is_linear=0
shrinkage=0.1


Tree=645
num_leaves=4
num_cat=0
split_feature=43 47 47
split_gain=0.000774985 0.00152082 0.00207147
threshold=7.7764660513092769 7.4277275294832714 7.0638596877963264
decision_type=2 2 2
left_child=1 2 -1
right_child=-2 -3 -4
leaf_value=4.2348444727466301e-05 -0.00061089602997526531 0.00076892432295538199 -0.0007354607748975223
leaf_weight=459 20 26 37
leaf_count=459 20 26 37
internal_value=0 2.3406e-05 -1.56736e-05
internal_weight=0 522 496
internal_count=542 522 496
is_linear=0
shrinkage=0.1


Tree=646
num_leaves=7
num_cat=0
split_feature=1 98 104 12 46 96
split_gain=0.000758302 0.00431186 0.00415021 0.00361036 0.00318611 0.00289328
threshold=3.5549397315361362 8.1939114479399695 3.9316333620047872 4.234001473612734 5.3229980813168991 3.4334666422309414
decision_type=2 2 2 2 2 2
left_child=1 2 -1 -3 5 -2
right_child=4 3 -4 -5 -6 -7
leaf_value=0.00010890814787648522 -0.00098112052447894317 0.0017725759399651838 -0.0010883721843129024 7.1718894469086086e-05 -0.0013691273689466089 9.9278402721783676e-05
leaf_weight=195 28 26 34 24 19 216
leaf_count=195 28 26 34 24 19 216
internal_value=0 0.000114841 -6.8854e-05 0.000956165 -0.000121828 -2.47018e-05
internal_weight=0 279 229 50 263 244
internal_count=542 279 229 50 263 244
is_linear=0
shrinkage=0.1


Tree=647
num_leaves=7
num_cat=0
split_feature=47 47 44 65 57 34
split_gain=0.0007599 0.00409287 0.00330419 0.00839096 0.00317776 0.00300791
threshold=5.6902681384622422 5.9241986006289293 3.9701138825728512 3.2027492467152583 2.8365693976244968 3.7132745361986528
decision_type=2 2 2 2 2 2
left_child=2 -2 5 -4 -3 -1
right_child=1 4 3 -5 -6 -7
leaf_value=-3.1309469531268982e-05 0.0014726143901325054 -0.00033070681426856344 -0.0020850104452283295 0.00018530650214837276 0.00049936687490636752 0.0012449215818196536
leaf_weight=241 21 115 27 41 77 20
leaf_count=241 21 115 27 41 77 20
internal_value=0 0.000147159 -9.52731e-05 -0.000716143 2.18732e-06 6.6486e-05
internal_weight=0 213 329 68 192 261
internal_count=542 213 329 68 192 261
is_linear=0
shrinkage=0.1


Tree=648
num_leaves=6
num_cat=0
split_feature=70 96 11 70 58
split_gain=0.000912597 0.00593309 0.00588361 0.00358774 0.00360833
threshold=3.8592684562403532 3.5549397315361362 5.9839077282029587 3.9905243114657289 3.7132745361986528
decision_type=2 2 2 2 2
left_child=1 2 -1 -2 -5
right_child=3 -3 -4 4 -6
leaf_value=0.00014218855811672849 -0.0014879545972992978 0.0018386286652744993 -0.0017903232714161278 0.0011976465916218744 -0.00013798418351244942
leaf_weight=215 18 19 17 22 251
leaf_count=215 18 19 17 22 251
internal_value=0 0.000139717 5.82088e-07 -0.000120512 -3.03509e-05
internal_weight=0 251 232 291 273
internal_count=542 251 232 291 273
is_linear=0
shrinkage=0.1


Tree=649
num_leaves=7
num_cat=0
split_feature=78 88 43 55 47 43
split_gain=0.000848762 0.00296674 0.00508893 0.00287553 0.0023386 0.00405762
threshold=0.54355564966639924 0.33523379653910984 5.4203783453977383 4.234001473612734 1.5890269151739729 2.3937458713910238
decision_type=2 2 2 2 2 2
left_child=4 2 -2 -3 -1 -6
right_child=1 3 -4 -5 5 -7
leaf_value=0.0011146977466220656 -0.00019995757502696543 0.0012288082326752678 -0.0020278562455334596 -0.00011653564003434904 -0.0014783360680346103 0.00010761408955866363
leaf_weight=21 99 24 18 47 17 316
leaf_count=21 99 24 18 47 17 316
internal_value=0 -0.000171718 -0.000481173 0.000338228 9.11949e-05 2.66497e-05
internal_weight=0 188 117 71 354 333
internal_count=542 188 117 71 354 333
is_linear=0
shrinkage=0.1


Tree=650
num_leaves=5
num_cat=0
split_feature=23 15 8 53
split_gain=0.00078874 0.00139454 0.00256704 0.00181274
threshold=7.8332668616847121 7.2484878846251375 5.525445002686836 2.8477523405893534
decision_type=2 2 2 2
left_child=1 2 -1 -3
right_child=-2 3 -4 -5
leaf_value=1.65918550387548e-05 -0.00065087368194427758 3.8663108214928675e-05 -0.0012008581439860993 0.0012953091146252855
leaf_weight=458 18 29 18 19
leaf_count=458 18 29 18 19
internal_value=0 2.23583e-05 -2.94462e-05 0.000536085
internal_weight=0 524 476 48
internal_count=542 524 476 48
is_linear=0
shrinkage=0.1


Tree=651
num_leaves=5
num_cat=0
split_feature=88 88 70 27
split_gain=0.000760981 0.00178864 0.00155854 0.00151657
threshold=0.68376670610559087 0.65418046831921017 2.7331667293412836 5.8678744825367568
decision_type=2 2 2 2
left_child=1 2 -1 -3
right_child=-2 3 -4 -5
leaf_value=0.0003071477163495467 -0.00046536000092711413 4.2682126770480814e-05 -0.00012103963846422916 0.0013597374885446498
leaf_weight=111 33 17 363 18
leaf_count=111 33 17 363 18
internal_value=0 3.01707e-05 -2.07679e-05 0.000720025
internal_weight=0 509 474 35
internal_count=542 509 474 35
is_linear=0
shrinkage=0.1


Tree=652
num_leaves=8
num_cat=0
split_feature=86 76 37 92 57 29 23
split_gain=0.000763496 0.00284928 0.0039033 0.00282294 0.00408613 0.00373989 0.00269936
threshold=0.022320104092382376 0.56984001436005249 2.7058230259275202 4.4363298097528512 1.5702341610064872 2.191013317336941 3.7609296261008152
decision_type=2 2 2 2 2 2 2
left_child=3 2 -2 4 -1 -5 -3
right_child=1 6 -4 5 -6 -7 -8
leaf_value=-0.0017499758912462686 -0.0010846870751265671 0.0014583287155255677 -5.507743978181251e-05 0.0013761641505848745 -1.4038453201777234e-05 0.00014250719332662613 -3.1786092797354345e-05
leaf_weight=17 47 20 170 29 67 161 31
leaf_count=17 47 20 170 29 67 161 31
internal_value=0 -0.000120008 -0.00027808 0.00011738 -0.000365359 0.000330802 0.000552573
internal_weight=0 268 217 274 84 190 51
internal_count=542 268 217 274 84 190 51
is_linear=0
shrinkage=0.1


Tree=653
num_leaves=7
num_cat=0
split_feature=73 96 31 103 92 21
split_gain=0.000732663 0.00266263 0.00544779 0.00412645 0.0018582 0.00341122
threshold=1.7005986908310777 3.4334666422309414 4.4425820475484112 4.3943729409690677 4.352694722435376 2.7058230259275202
decision_type=2 2 2 2 2 2
left_child=4 2 -2 -3 -1 -6
right_child=1 3 -4 -5 5 -7
leaf_value=-0.00093282927683664165 -0.00014106724575246938 0.001504176369819202 -0.0020729018908337152 -0.00011308009868302453 0.00074804703860233232 -3.0084235562662447e-05
leaf_weight=17 63 19 19 93 72 259
leaf_count=17 63 19 19 93 72 259
internal_value=0 -0.000155719 -0.000588687 0.000161276 8.68088e-05 0.000139177
internal_weight=0 194 82 112 348 331
internal_count=542 194 82 112 348 331
is_linear=0
shrinkage=0.1


Tree=654
num_leaves=7
num_cat=0
split_feature=39 89 74 72 25 10
split_gain=0.000716496 0.00309079 0.00488236 0.00349969 0.00293866 0.0067447
threshold=4.5271940351011493 1.0000000180025095e-35 0.47912746548659368 0.02128703676962394 1.9356005054539456 1.4978661367769956
decision_type=2 2 2 2 2 2
left_child=1 2 -1 -3 -2 -6
right_child=4 3 -4 -5 5 -7
leaf_value=-0.00086766516222607697 0.0010920482049523682 0.0010161787096876651 0.00069615939551462931 -0.00019892462020964431 -0.0016052522146007204 0.00014200457208912896
leaf_weight=86 27 38 26 63 24 278
leaf_count=86 27 38 26 63 24 278
internal_value=0 -0.000142894 -0.000504634 0.000258243 9.25122e-05 3.14973e-06
internal_weight=0 213 112 101 329 302
internal_count=542 213 112 101 329 302
is_linear=0
shrinkage=0.1


Tree=655
num_leaves=4
num_cat=0
split_feature=23 31 31
split_gain=0.000735777 0.00117247 0.00276355
threshold=7.8332668616847121 7.546962839272358 7.354884168607378
decision_type=2 2 2
left_child=1 2 -1
right_child=-2 -3 -4
leaf_value=3.4869015862821271e-05 -0.00062864119988969636 0.00075367744062705677 -0.0012622368658947595
leaf_weight=486 18 21 17
leaf_count=486 18 21 17
internal_value=0 2.15945e-05 -8.96955e-06
internal_weight=0 524 503
internal_count=542 524 503
is_linear=0
shrinkage=0.1


Tree=656
num_leaves=8
num_cat=0
split_feature=48 72 22 45 89 51 49
split_gain=0.000666216 0.00320982 0.00519945 0.00482915 0.00238277 0.00431709 0.00358088
threshold=3.3667009459186801 0.056093240364113062 3.7132745361986528 2.8617925509761908 0.5784464370943504 5.742920998280244 4.2045812236012674
decision_type=2 2 2 2 2 2 2
left_child=1 3 -3 -1 5 -2 -6
right_child=4 2 -4 -5 6 -7 -8
leaf_value=0.0014216097296282119 -0.00074193410567386308 5.8926935506813032e-05 -0.0018906279764552083 8.7870906666594691e-05 0.0011715850792825223 0.0001074456922895894 -0.00035153645118859056
leaf_weight=35 100 57 18 121 33 149 29
leaf_count=35 100 57 18 121 33 149 29
internal_value=0 0.000128642 -0.000408966 0.000387107 -9.55506e-05 -0.000233671 0.000459157
internal_weight=0 231 75 156 311 249 62
internal_count=542 231 75 156 311 249 62
is_linear=0
shrinkage=0.1


Tree=657
num_leaves=6
num_cat=0
split_feature=34 30 38 33 12
split_gain=0.000759669 0.00562675 0.0043663 0.00327373 0.00324389
threshold=3.7132745361986528 3.7132745361986528 3.7132745361986528 3.7494348669884658 3.7609296261008152
decision_type=2 2 2 2 2
left_child=2 -2 3 -1 -3
right_child=1 4 -4 -5 -6
leaf_value=0.00011862527059318655 0.0015880274537873147 -0.0010103799929593465 -0.0013960654541733675 -0.0009835453850488801 0.00013390940039892699
leaf_weight=265 24 29 24 30 170
leaf_count=265 24 29 24 30 170
internal_value=0 0.000141597 -9.89851e-05 6.54012e-06 -3.28463e-05
internal_weight=0 223 319 295 199
internal_count=542 223 319 295 199
is_linear=0
shrinkage=0.1


Tree=658
num_leaves=6
num_cat=0
split_feature=46 46 104 42 31
split_gain=0.000744511 0.00305624 0.00255234 0.00240422 0.00231274
threshold=4.6539149966267201 4.8597823571876004 3.3497501700808394 4.465842055365858 7.2004204375898437
decision_type=2 2 2 2 2
left_child=3 -2 -3 4 -1
right_child=1 2 -4 -5 -6
leaf_value=-4.5717748279173971e-05 0.0012572279344211616 -0.00086950822464691908 0.00030811847033282181 -0.00092323580106797943 0.0011462633908890627
leaf_weight=383 23 26 63 30 17
leaf_count=383 23 26 63 30 17
internal_value=0 0.000229647 -3.59073e-05 -5.98151e-05 4.94145e-06
internal_weight=0 112 89 430 400
internal_count=542 112 89 430 400
is_linear=0
shrinkage=0.1


Tree=659
num_leaves=8
num_cat=0
split_feature=39 89 45 30 89 92 74
split_gain=0.000694512 0.00263784 0.00538217 0.00379853 0.00224359 0.00447681 0.00275011
threshold=4.5271940351011493 0.32239255231084707 2.8029010331479989 5.0562255201382529 1.0000000180025095e-35 4.4858838442225037 0.029213167796868542
decision_type=2 2 2 2 2 2 2
left_child=4 2 -2 -3 5 -1 -6
right_child=1 3 -4 -5 6 -7 -8
leaf_value=-6.6475625996046317e-05 0.0018676534236874431 -0.00057522579931078093 0.00014170428799396197 0.00076891235934184541 0.00104363441912158 -0.0014941397116611673 -0.00012208935972983902
leaf_weight=82 20 95 187 27 28 30 73
leaf_count=82 20 95 187 27 28 30 73
internal_value=0 9.10819e-05 0.000308463 -0.000277753 -0.000140685 -0.000448886 0.000201082
internal_weight=0 329 207 122 213 112 101
internal_count=542 329 207 122 213 112 101
is_linear=0
shrinkage=0.1


Tree=660
num_leaves=6
num_cat=0
split_feature=65 102 67 74 86
split_gain=0.000767301 0.00426652 0.00200369 0.00635494 0.00157841
threshold=1.8367390265135148 3.5516610312630568 3.4960482137079443 0.14576042437947326 0.61334666495513168
decision_type=2 2 2 2 2
left_child=1 -1 3 -2 -4
right_child=2 -3 4 -5 -6
leaf_value=-0.0015344610486767796 0.00216526767506045 0.0004369615617458924 6.7048077498717864e-05 -0.00046449769899481908 -0.00041022196768180415
leaf_weight=19 17 26 375 20 85
leaf_count=19 17 26 375 20 85
internal_value=0 -0.000395417 3.58023e-05 0.000743773 -2.11431e-05
internal_weight=0 45 497 37 460
internal_count=542 45 497 37 460
is_linear=0
shrinkage=0.1


Tree=661
num_leaves=4
num_cat=0
split_feature=22 22 42
split_gain=0.000686116 0.00220912 0.00161777
threshold=5.7104050880312123 5.3494151227053726 5.5131359965876126
decision_type=2 2 2
left_child=1 2 -1
right_child=-2 -3 -4
leaf_value=2.9023847803598202e-05 -0.00044916837487107841 0.0010324974228361889 -0.00076733614852720949
leaf_weight=462 32 21 27
leaf_count=462 32 21 27
internal_value=0 2.81831e-05 -1.49469e-05
internal_weight=0 510 489
internal_count=542 510 489
is_linear=0
shrinkage=0.1


Tree=662
num_leaves=4
num_cat=0
split_feature=46 38 40
split_gain=0.000742859 0.00177433 0.00219341
threshold=5.8020042706649564 5.7333360402263844 5.3518469026947413
decision_type=2 2 2
left_child=1 2 -1
right_child=-2 -3 -4
leaf_value=-4.0060420126936054e-05 0.00054389229820420344 -0.0010299235350754042 0.00090323012107266826
leaf_weight=475 24 17 26
leaf_count=475 24 17 26
internal_value=0 -2.51996e-05 8.89278e-06
internal_weight=0 518 501
internal_count=542 518 501
is_linear=0
shrinkage=0.1


Tree=663
num_leaves=4
num_cat=0
split_feature=23 15 8
split_gain=0.000745048 0.00103013 0.00171581
threshold=7.8332668616847121 7.546962839272358 5.7429826416937235
decision_type=2 2 2
left_child=1 2 -1
right_child=-2 -3 -4
leaf_value=3.0319075537881497e-05 -0.0006325893679685478 0.00072558125437353742 -0.00093840885536720692
leaf_weight=485 18 20 19
leaf_count=485 18 20 19
internal_value=0 2.17302e-05 -6.20043e-06
internal_weight=0 524 504
internal_count=542 524 504
is_linear=0
shrinkage=0.1


Tree=664
num_leaves=5
num_cat=0
split_feature=61 15 7 1
split_gain=0.00068367 0.00134803 0.00509574 0.00333063
threshold=1.1299988616964121 2.9430520157250784 3.7609296261008152 2.9174053685313028
decision_type=2 2 2 2
left_child=-1 3 -3 -2
right_child=1 2 -4 -5
leaf_value=-0.00046397859967934593 0.00076939908738355518 -0.0010812105394380038 6.8270170124699628e-05 -0.00050441922676933853
leaf_weight=30 65 43 374 30
leaf_count=30 65 43 374 30
internal_value=0 2.71862e-05 -5.02614e-05 0.000367141
internal_weight=0 512 417 95
internal_count=542 512 417 95
is_linear=0
shrinkage=0.1


Tree=665
num_leaves=8
num_cat=0
split_feature=21 17 21 5 101 61 15
split_gain=0.00065449 0.00372256 0.00343839 0.00657887 0.00450704 0.00312538 0.00273147
threshold=3.0201273556387074 3.1345481418531311 2.7058230259275202 2.602003343538398 4.5538214868689204 2.8144049008582255 4.234001473612734
decision_type=2 2 2 2 2 2 2
left_child=2 5 4 -4 -1 -2 -3
right_child=1 6 3 -5 -6 -7 -8
leaf_value=0.00038349610799888337 0.0019298882995683114 -0.0012594723711064197 -0.0022019392896687521 -3.4177839101868726e-05 -0.0010012870412600902 6.3501603333005572e-05 4.6972990611264482e-05
leaf_weight=124 19 17 21 42 29 17 273
leaf_count=124 19 17 21 42 29 17 273
internal_value=0 8.94479e-05 -0.000135 -0.000756765 0.000121021 0.00104854 -2.96117e-05
internal_weight=0 326 216 63 153 36 290
internal_count=542 326 216 63 153 36 290
is_linear=0
shrinkage=0.1


Tree=666
num_leaves=6
num_cat=0
split_feature=5 5 5 6 85
split_gain=0.000656598 0.00489321 0.00329609 0.00302275 0.0023062
threshold=4.4425820475484112 4.2903656061101136 4.1742689126930488 4.5107991236896536 0.68132155220869406
decision_type=2 2 2 2 2
left_child=1 2 -1 -2 -5
right_child=3 -3 -4 4 -6
leaf_value=5.662049306968502e-05 -0.0012955323804081196 0.0016728292623560668 -0.0012025141564663501 -0.00019689448823020724 0.0010491139404216988
leaf_weight=378 21 18 22 85 18
leaf_count=378 21 18 22 85 18
internal_value=0 5.99478e-05 -1.26319e-05 -0.000202082 2.08546e-05
internal_weight=0 418 400 124 103
internal_count=542 418 400 124 103
is_linear=0
shrinkage=0.1


Tree=667
num_leaves=8
num_cat=0
split_feature=57 44 40 44 48 48 70
split_gain=0.000663239 0.00333583 0.00783341 0.0046041 0.00199584 0.00366151 0.00271946
threshold=1.5702341610064872 3.5408542930527882 2.3937458713910238 3.9316333620047872 3.6632328069201612 3.9701138825728512 5.1302968685167594
decision_type=2 2 2 2 2 2 2
left_child=1 2 -1 -3 6 -6 -2
right_child=4 3 -4 -5 5 -7 -8
leaf_value=0.00022467295015563389 0.00042285774174937439 0.0015563798970297763 -0.0024060109115548825 -0.00044632610495619731 -0.0011890446847497389 3.9275066292407643e-06 -0.00083822352232681095
leaf_weight=28 171 19 19 29 29 228 19
leaf_count=28 171 19 19 29 29 228 19
internal_value=0 -0.000239954 -0.000838795 0.000346412 5.09969e-05 -0.000130688 0.00029675
internal_weight=0 95 47 48 447 257 190
internal_count=542 95 47 48 447 257 190
is_linear=0
shrinkage=0.1


Tree=668
num_leaves=4
num_cat=0
split_feature=72 72 31
split_gain=0.000686616 0.00163269 0.00187782
threshold=0.80260924844569626 0.50539078764753886 2.3937458713910238
decision_type=2 2 2
left_child=1 2 -1
right_child=-2 -3 -4
leaf_value=-0.00042998004052984229 -0.00049156267928925372 0.00081404299661517142 7.7778901672934274e-05
leaf_weight=89 27 25 401
leaf_count=89 27 25 401
internal_value=0 2.57712e-05 -1.44467e-05
internal_weight=0 515 490
internal_count=542 515 490
is_linear=0
shrinkage=0.1


Tree=669
num_leaves=4
num_cat=0
split_feature=47 39 46
split_gain=0.000612889 0.00196513 0.00121598
threshold=7.7204050042306465 7.391412193863097 5.1532748880139918
decision_type=2 2 2
left_child=1 2 -1
right_child=-2 -3 -4
leaf_value=-2.0405862974030738e-05 0.00049402666530416652 -0.00088782595581142227 0.00061706603764832835
leaf_weight=461 24 25 32
leaf_count=461 24 25 32
internal_value=0 -2.28893e-05 2.09716e-05
internal_weight=0 518 493
internal_count=542 518 493
is_linear=0
shrinkage=0.1


Tree=670
num_leaves=5
num_cat=0
split_feature=88 46 9 92
split_gain=0.000589637 0.0012829 0.00379677 0.00229714
threshold=0.68376670610559087 4.6150714996361826 4.1107394736335969 4.5217038169200032
decision_type=2 2 2 2
left_child=1 3 -3 -1
right_child=-2 2 -4 -5
leaf_value=6.2272176979478967e-05 -0.00040963258537830729 3.7161182947730755e-06 0.0013846482511256069 -0.00054004653829446106
leaf_weight=319 33 85 26 79
leaf_count=319 33 85 26 79
internal_value=0 2.65577e-05 0.000327178 -5.72835e-05
internal_weight=0 509 111 398
internal_count=542 509 111 398
is_linear=0
shrinkage=0.1


Tree=671
num_leaves=4
num_cat=0
split_feature=22 22 42
split_gain=0.000650995 0.00173133 0.00146052
threshold=5.7104050880312123 5.3494151227053726 5.5131359965876126
decision_type=2 2 2
left_child=1 2 -1
right_child=-2 -3 -4
leaf_value=3.1049386408839388e-05 -0.00043752128367486877 0.00091655099753379116 -0.00072561876969067039
leaf_weight=462 32 21 27
leaf_count=462 32 21 27
internal_value=0 2.74523e-05 -1.07298e-05
internal_weight=0 510 489
internal_count=542 510 489
is_linear=0
shrinkage=0.1


Tree=672
num_leaves=7
num_cat=0
split_feature=51 86 86 14 88 96
split_gain=0.00061123 0.00265342 0.00409028 0.00264598 0.003666 0.00314149
threshold=4.8826871252032475 0.67262920670103299 0.61334666495513168 2.3937458713910238 1.0000000180025095e-35 3.6632328069201612
decision_type=2 2 2 2 2 2
left_child=1 2 -1 4 -2 -5
right_child=3 -3 -4 5 -6 -7
leaf_value=0.00013655770259432773 -0.0014128866332157486 0.0011115131705688934 -0.0013244426648487293 0.00071938279820556693 0.00028750746998758547 -0.00016117283156808998
leaf_weight=219 32 24 21 53 21 172
leaf_count=219 32 24 21 53 21 172
internal_value=0 0.000108974 8.72017e-06 -0.000103486 -0.000739146 4.62469e-05
internal_weight=0 264 240 278 53 225
internal_count=542 264 240 278 53 225
is_linear=0
shrinkage=0.1


Tree=673
num_leaves=4
num_cat=0
split_feature=43 47 47
split_gain=0.000625276 0.00127401 0.00151536
threshold=7.7397808239352983 7.4277275294832714 7.0638596877963264
decision_type=2 2 2
left_child=1 2 -1
right_child=-2 -3 -4
leaf_value=3.7287905990310454e-05 -0.00052218773793852465 0.00073366637031237289 -0.00062797319416514825
leaf_weight=459 22 24 37
leaf_count=459 22 24 37
internal_value=0 2.20926e-05 -1.23384e-05
internal_weight=0 520 496
internal_count=542 520 496
is_linear=0
shrinkage=0.1


Tree=674
num_leaves=4
num_cat=0
split_feature=72 72 31
split_gain=0.000608859 0.00131449 0.00153654
threshold=0.80260924844569626 0.50539078764753886 2.3937458713910238
decision_type=2 2 2
left_child=1 2 -1
right_child=-2 -3 -4
leaf_value=-0.00038769967403404123 -0.00046289294281181084 0.00073156839935109021 7.1606402801754169e-05
leaf_weight=89 27 25 401
leaf_count=89 27 25 401
internal_value=0 2.42682e-05 -1.18186e-05
internal_weight=0 515 490
internal_count=542 515 490
is_linear=0
shrinkage=0.1


Tree=675
num_leaves=6
num_cat=0
split_feature=22 18 29 2 18
split_gain=0.000615307 0.00548595 0.00354205 0.00318829 0.00184134
threshold=4.4187680230537838 4.4187680230537838 4.2903656061101136 3.7494348669884658 3.9701138825728512
decision_type=2 2 2 2 2
left_child=2 -2 4 -3 -1
right_child=1 3 -4 -5 -6
leaf_value=-8.0767838835117396e-05 -0.0018639865879188566 0.0012815768694660317 0.0014354496495798232 -0.00015227851858656193 0.00060754957905208523
leaf_weight=333 17 18 18 112 44
leaf_count=333 17 18 18 112 44
internal_value=0 -0.000174657 6.49989e-05 4.62553e-05 -4.3371e-07
internal_weight=0 147 395 130 377
internal_count=542 147 395 130 377
is_linear=0
shrinkage=0.1


Tree=676
num_leaves=8
num_cat=0
split_feature=84 5 7 57 84 72 39
split_gain=0.000621389 0.00304284 0.00473048 0.00187484 0.00155553 0.00291737 0.0019972
threshold=0.63871564905141709 4.1742689126930488 6.8865269473837794 2.6785862374452463 0.50998853101869657 0.12082392372534133 6.6957981530937909
decision_type=2 2 2 2 2 2 2
left_child=4 3 -3 -2 6 -6 -1
right_child=1 2 -4 -5 5 -7 -8
leaf_value=2.5552663136435004e-05 -0.000292642914573662 -0.0020732237198293054 0.00013599762571088616 0.0011141253732300054 0.0009074441877291588 -0.00062122195342774781 -0.00093423173226335129
leaf_weight=378 20 18 21 18 47 17 23
leaf_count=378 20 18 21 18 47 17 23
internal_value=0 -0.000263126 -0.000883643 0.000373721 4.35714e-05 0.000501392 -2.94973e-05
internal_weight=0 77 39 38 465 64 401
internal_count=542 77 39 38 465 64 401
is_linear=0
shrinkage=0.1


Tree=677
num_leaves=6
num_cat=0
split_feature=2 103 12 66 84
split_gain=0.000654194 0.00183136 0.00183077 0.002201 0.00100339
threshold=5.3682852866967963 6.5624401037643025 5.2203412156610947 4.234001473612734 0.52505958077207293
decision_type=2 2 2 2 2
left_child=2 -2 3 -1 -4
right_child=1 -3 4 -5 -6
leaf_value=4.8573488778991928e-05 -0.00080641325312171832 0.00041341534000821411 0.0012836702359730707 -0.00074640684156053656 0.00021237980181467722
leaf_weight=417 32 20 17 38 18
leaf_count=417 32 20 17 38 18
internal_value=0 -0.000337248 3.57896e-05 -1.78205e-05 0.000732721
internal_weight=0 52 490 455 35
internal_count=542 52 490 455 35
is_linear=0
shrinkage=0.1


Tree=678
num_leaves=5
num_cat=0
split_feature=43 40 88 41
split_gain=0.000601532 0.0010682 0.00383483 0.00225358
threshold=7.7397808239352983 5.2094712223428914 0.21474950555743294 4.6539149966267201
decision_type=2 2 2 2
left_child=1 3 -3 -1
right_child=-2 2 -4 -5
leaf_value=2.8980375399550797e-05 -0.00051217703042890533 -0.00031518649817111771 0.001449094265064394 -0.00091204673776196113
leaf_weight=443 22 28 22 27
leaf_count=443 22 28 22 27
internal_value=0 2.1669e-05 0.000461097 -2.50786e-05
internal_weight=0 520 50 470
internal_count=542 520 50 470
is_linear=0
shrinkage=0.1


Tree=679
num_leaves=5
num_cat=0
split_feature=85 9 103 102
split_gain=0.000581341 0.00103045 0.00296757 0.00129556
threshold=0.68555221698570346 5.3589392201907193 5.7234996574270314 7.6083743512348843
decision_type=2 2 2 2
left_child=1 2 -1 -3
right_child=-2 3 -4 -5
leaf_value=7.9074747060533129e-07 -0.0004134526894631563 -0.0010889730687874059 0.0010447435167313006 0.00012833927894997246
leaf_weight=446 32 18 29 17
leaf_count=446 32 18 29 17
internal_value=0 2.59421e-05 6.45268e-05 -0.000497707
internal_weight=0 510 475 35
internal_count=542 510 475 35
is_linear=0
shrinkage=0.1


Tree=680
num_leaves=6
num_cat=0
split_feature=65 65 18 39 88
split_gain=0.000574346 0.00278946 0.00198301 0.00106926 0.00202068
threshold=4.8526159781556206 4.7323723304973777 5.3494151227053726 5.566417831596647 0.015992802156241357
decision_type=2 2 2 2 2
left_child=1 2 -1 -2 -5
right_child=3 -3 -4 4 -6
leaf_value=3.6521533399631218e-05 0.00034269190703829132 0.0012571376851863332 -0.00089681594123855273 0.00012535563670098781 -0.0012961490271845835
leaf_weight=442 18 18 24 20 20
leaf_count=442 18 18 24 20 20
internal_value=0 3.56352e-05 -1.15473e-05 -0.000297369 -0.000585397
internal_weight=0 484 466 58 40
internal_count=542 484 466 58 40
is_linear=0
shrinkage=0.1


Tree=681
num_leaves=4
num_cat=0
split_feature=48 48 48
split_gain=0.000569693 0.00109434 0.00123372
threshold=5.8020042706649564 5.4204958404047412 5.0688844241303981
decision_type=2 2 2
left_child=1 2 -1
right_child=-2 -3 -4
leaf_value=3.7546166164287532e-05 -0.00047629954523623996 0.00069636307535288124 -0.00054171670824871405
leaf_weight=455 24 23 40
leaf_count=455 24 23 40
internal_value=0 2.20679e-05 -9.26296e-06
internal_weight=0 518 495
internal_count=542 518 495
is_linear=0
shrinkage=0.1


Tree=682
num_leaves=6
num_cat=0
split_feature=65 23 67 73 81
split_gain=0.000569974 0.00366202 0.0017607 0.00551799 0.00114849
threshold=1.8552669399515371 2.191013317336941 3.4960482137079443 1.2424533248940004 1.3283619949254479
decision_type=2 2 2 2 2
left_child=1 -1 3 -2 -4
right_child=2 -3 4 -5 -6
leaf_value=-0.0013624646273092368 0.0020003265338292458 0.00040922175560678757 -5.8817447028786251e-05 -0.00054756649769842629 0.00061341174888959228
leaf_weight=20 17 28 433 17 27
leaf_count=20 17 28 433 17 27
internal_value=0 -0.000328981 3.19658e-05 0.00072638 -1.93605e-05
internal_weight=0 48 494 34 460
internal_count=542 48 494 34 460
is_linear=0
shrinkage=0.1


Tree=683
num_leaves=4
num_cat=0
split_feature=67 69 70
split_gain=0.000614328 0.00284336 0.00139818
threshold=2.8314802400679731 2.0198544097603941 2.1190240248559205
decision_type=2 2 2
left_child=-1 -2 -3
right_child=1 2 -4
leaf_value=0.00045614504030839142 -0.0012965577996938546 0.00074744486063718803 -1.9950638275308157e-05
leaf_weight=28 17 25 472
leaf_count=28 17 25 472
internal_value=0 -2.48484e-05 1.86507e-05
internal_weight=0 514 497
internal_count=542 514 497
is_linear=0
shrinkage=0.1


Tree=684
num_leaves=4
num_cat=0
split_feature=72 72 68
split_gain=0.000595461 0.0010504 0.0013217
threshold=0.80260924844569626 0.50539078764753886 3.0387720681864785
decision_type=2 2 2
left_child=1 2 -1
right_child=-2 -3 -4
leaf_value=-0.00068836456285444676 -0.0004577714305250319 0.00065626811294350774 3.1401653943747622e-05
leaf_weight=27 27 25 463
leaf_count=27 27 25 463
internal_value=0 2.39997e-05 -8.25893e-06
internal_weight=0 515 490
internal_count=542 515 490
is_linear=0
shrinkage=0.1


Tree=685
num_leaves=4
num_cat=0
split_feature=67 69 95
split_gain=0.000575738 0.00229192 0.00128055
threshold=2.8314802400679731 2.0198544097603941 2.524928003624769
decision_type=2 2 2
left_child=-1 -2 -3
right_child=1 2 -4
leaf_value=0.0004415858793696056 -0.0011658082727294908 0.00034955557699719577 -6.2015676886034333e-05
leaf_weight=28 17 93 404
leaf_count=28 17 93 404
internal_value=0 -2.40553e-05 1.49987e-05
internal_weight=0 514 497
internal_count=542 514 497
is_linear=0
shrinkage=0.1


Tree=686
num_leaves=6
num_cat=0
split_feature=6 1 102 19 8
split_gain=0.000579756 0.00597417 0.00355969 0.00532216 0.00323274
threshold=2.6735537653587347 2.8617925509761908 5.6167644860526105 5.0562255201382529 3.1132683346437333
decision_type=2 2 2 2 2
left_child=2 -2 3 -1 -3
right_child=1 4 -4 -5 -6
leaf_value=-7.0019382949293676e-05 0.0013808711281853903 0.00098810680339940721 0.00082159902985123065 -0.0015742869694284828 -0.00015856960566783197
leaf_weight=147 32 27 33 28 275
leaf_count=147 32 27 33 28 275
internal_value=0 8.16171e-05 -0.000131058 -0.000310702 -5.60522e-05
internal_weight=0 334 208 175 302
internal_count=542 334 208 175 302
is_linear=0
shrinkage=0.1


Tree=687
num_leaves=8
num_cat=0
split_feature=7 26 10 2 97 97 53
split_gain=0.000684144 0.00393513 0.00538695 0.00373057 0.00320616 0.00422622 0.00154221
threshold=5.1238931127034038 2.524928003624769 3.4811217321331038 3.4334666422309414 4.9628201785886317 4.6539149966267201 2.1302771365677549
decision_type=2 2 2 2 2 2 2
left_child=4 3 -3 -2 5 -1 -6
right_child=1 2 -4 -5 6 -7 -8
leaf_value=-0.00011383539009876573 0.0019808910955907777 -0.0011648526817962929 0.00014968140877876196 0.00016426896746941986 -0.0016792116316911932 0.0013763566914435832 -0.00038372471928596499
leaf_weight=203 20 37 198 26 17 21 20
leaf_count=203 20 37 198 26 17 21 20
internal_value=0 0.000108278 -5.72878e-05 0.000954105 -0.000116575 2.58701e-05 -0.000978948
internal_weight=0 281 235 46 261 224 37
internal_count=542 281 235 46 261 224 37
is_linear=0
shrinkage=0.1


Tree=688
num_leaves=6
num_cat=0
split_feature=78 47 47 18 34
split_gain=0.000611403 0.0023256 0.00387238 0.00226715 0.00430091
threshold=0.54355564966639924 2.191013317336941 3.1345481418531311 4.465842055365858 2.9174053685313028
decision_type=2 2 2 2 2
left_child=1 -1 -3 4 -2
right_child=3 2 -4 -5 -6
leaf_value=0.00095197225912540628 -1.1880238687901683e-05 -0.0011936127741937527 0.00010161039943921309 0.00092146575213215929 -0.0012835885997805182
leaf_weight=28 137 25 301 18 33
leaf_count=28 137 25 301 18 33
internal_value=0 7.74001e-05 2.28347e-06 -0.000145743 -0.000258741
internal_weight=0 354 326 188 170
internal_count=542 354 326 188 170
is_linear=0
shrinkage=0.1


Tree=689
num_leaves=5
num_cat=0
split_feature=83 38 27 45
split_gain=0.000591936 0.00101599 0.0038173 0.0035123
threshold=3.7601172682373143 1.8688348091416842 4.6199495871088647 1.5890269151739731
decision_type=2 2 2 2
left_child=1 2 -1 -3
right_child=-2 3 -4 -5
leaf_value=-8.1831760484340563e-06 -0.00044775485044478303 0.0013548351038480178 0.0014079617549820492 -0.00011426060457605126
leaf_weight=92 28 17 24 381
leaf_count=92 28 17 24 381
internal_value=0 2.43913e-05 0.000284812 -5.15103e-05
internal_weight=0 514 116 398
internal_count=542 514 116 398
is_linear=0
shrinkage=0.1


Tree=690
num_leaves=7
num_cat=0
split_feature=49 57 89 96 96 72
split_gain=0.000605405 0.00313411 0.00311849 0.00204341 0.00374088 0.00347745
threshold=1.9356005054539456 2.8365693976244968 0.19942679443578884 2.740319461670996 3.2951505240983434 0.056093240364113062
decision_type=2 2 2 2 2 2
left_child=1 2 -1 5 -5 -2
right_child=3 -3 -4 4 -6 -7
leaf_value=-0.0008934336957773652 0.00085614578598375692 0.00079943844511245305 0.00019705236874237336 -0.00090187224435639825 7.4065939065898979e-05 -0.00022020134134576299
leaf_weight=61 71 26 46 47 239 52
leaf_count=61 71 26 46 47 239 52
internal_value=0 -0.000185336 -0.000424627 6.02681e-05 -8.63155e-05 0.000401105
internal_weight=0 133 107 409 286 123
internal_count=542 133 107 409 286 123
is_linear=0
shrinkage=0.1


Tree=691
num_leaves=5
num_cat=0
split_feature=65 102 57 95
split_gain=0.000594453 0.00306708 0.00187423 0.000995587
threshold=1.8552669399515371 3.5516610312630568 0.84799422312265949 2.191013317336941
decision_type=2 2 2 2
left_child=1 -1 -2 -4
right_child=2 -3 3 -5
leaf_value=-0.0012049660160714255 0.00091408770531415946 0.00039933243444046149 0.00034975324630398644 -6.9089192097803961e-05
leaf_weight=22 23 26 66 405
leaf_count=22 23 26 66 405
internal_value=0 -0.000335971 3.2645e-05 -1.03979e-05
internal_weight=0 48 494 471
internal_count=542 48 494 471
is_linear=0
shrinkage=0.1


Tree=692
num_leaves=7
num_cat=0
split_feature=49 68 69 32 1 96
split_gain=0.000597487 0.0027054 0.00487498 0.00470668 0.00188422 0.00116665
threshold=1.9356005054539456 4.2542340470747755 3.0251604628081092 4.4885732424042368 1.9356005054539456 0.89587973461402759
decision_type=2 2 2 2 2 2
left_child=1 2 -1 -3 -2 -6
right_child=4 3 -4 -5 5 -7
leaf_value=-6.5510425589640028e-05 0.00096009296804285536 0.0014033429451956181 -0.001826834558001296 -0.00044921038752363532 0.00079482139618549915 -2.965012302689714e-05
leaf_weight=55 22 24 22 32 18 369
leaf_count=55 22 24 22 32 18 369
internal_value=0 -0.00018412 -0.000568746 0.000344741 5.98727e-05 8.69739e-06
internal_weight=0 133 77 56 409 387
internal_count=542 133 77 56 409 387
is_linear=0
shrinkage=0.1


Tree=693
num_leaves=4
num_cat=0
split_feature=86 98 102
split_gain=0.000602512 0.00151846 0.00155572
threshold=0.68476950597767339 2.4563274428680266 1.0397207708399181
decision_type=2 2 2
left_child=1 -1 -3
right_child=-2 2 -4
leaf_value=-0.00078560375131201006 0.00043556972135168809 0.00081627675681374969 -2.6296034171725203e-05
leaf_weight=25 30 23 464
leaf_count=25 30 23 464
internal_value=0 -2.55217e-05 1.34969e-05
internal_weight=0 512 487
internal_count=542 512 487
is_linear=0
shrinkage=0.1


Tree=694
num_leaves=6
num_cat=0
split_feature=92 102 31 87 19
split_gain=0.000578004 0.00212142 0.00150015 0.00394503 0.00217865
threshold=4.3422978467038638 5.3844529770182641 2.3937458713910238 0.239555418017284 2.5619819897016298
decision_type=2 2 2 2 2
left_child=1 -1 3 -2 -4
right_child=2 -3 4 -5 -6
leaf_value=0.0011819413483964228 -0.0010912317280776845 -0.00023032652559497647 0.0009089795628959244 0.00043276267262689516 -1.9048675886027868e-05
leaf_weight=18 41 26 27 29 401
leaf_count=18 41 26 27 29 401
internal_value=0 0.000347419 -3.06957e-05 -0.000459863 3.94952e-05
internal_weight=0 44 498 70 428
internal_count=542 44 498 70 428
is_linear=0
shrinkage=0.1


Tree=695
num_leaves=8
num_cat=0
split_feature=7 2 10 10 7 11 53
split_gain=0.000593214 0.00327651 0.00597604 0.00334298 0.00255272 0.00328743 0.00131948
threshold=5.1238931127034038 3.1984648276080736 2.740319461670996 3.4811217321331038 4.7094896185437563 4.8079027400421745 2.0882857922231088
decision_type=2 2 2 2 2 2 2
left_child=4 2 -2 -3 5 -1 -6
right_child=1 3 -4 -5 6 -7 -8
leaf_value=-8.2591383350753603e-05 -1.1135442182421684e-05 -0.0011467335935449227 0.0022936507859008595 7.7157862600730516e-05 -0.0013055963538742314 0.0013656263246529681 -0.00019013736746273935
leaf_weight=201 30 25 18 208 24 17 19
leaf_count=201 30 25 18 208 24 17 19
internal_value=0 0.000100826 0.000853159 -5.4161e-05 -0.000108552 3.0343e-05 -0.000812719
internal_weight=0 281 48 233 261 218 43
internal_count=542 281 48 233 261 218 43
is_linear=0
shrinkage=0.1


Tree=696
num_leaves=4
num_cat=0
split_feature=48 48 88
split_gain=0.000562519 0.00103188 0.00118786
threshold=5.8020042706649564 5.3518469026947413 0.68109385302490644
decision_type=2 2 2
left_child=1 2 -1
right_child=-2 -3 -4
leaf_value=3.046521844146849e-05 -0.0004732910957197116 0.00063589770534935484 -0.00059963614730804702
leaf_weight=460 24 26 32
leaf_count=460 24 26 32
internal_value=0 2.19285e-05 -1.0517e-05
internal_weight=0 518 492
internal_count=542 518 492
is_linear=0
shrinkage=0.1


Tree=697
num_leaves=5
num_cat=0
split_feature=72 54 95 29
split_gain=0.000554574 0.000970508 0.00426273 0.00172972
threshold=0.80260924844569626 1.9356005054539456 1.9356005054539456 2.8029010331479989
decision_type=2 2 2 2
left_child=1 2 -1 -3
right_child=-2 3 -4 -5
leaf_value=-0.00025989513585550919 -0.00044177580555831942 -0.00037079993269686484 0.0012789953977335245 8.3039015919126507e-05
leaf_weight=45 27 113 30 327
leaf_count=45 27 113 30 327
internal_value=0 2.31611e-05 0.000355661 -3.35151e-05
internal_weight=0 515 75 440
internal_count=542 515 75 440
is_linear=0
shrinkage=0.1


Tree=698
num_leaves=5
num_cat=0
split_feature=65 23 57 36
split_gain=0.00066118 0.00291862 0.00174756 0.000949247
threshold=1.8552669399515371 2.191013317336941 0.84799422312265949 1.9356005054539456
decision_type=2 2 2 2
left_child=1 -1 -2 -4
right_child=2 -3 3 -5
leaf_value=-0.0012769661782658659 0.00088556418094136154 0.00030470285065738222 0.0003541414754369134 -6.2919725088231995e-05
leaf_weight=20 23 28 63 408
leaf_count=20 23 28 63 408
internal_value=0 -0.000354326 3.44284e-05 -7.13447e-06
internal_weight=0 48 494 471
internal_count=542 48 494 471
is_linear=0
shrinkage=0.1


Tree=699
num_leaves=7
num_cat=0
split_feature=97 102 101 102 100 101
split_gain=0.000563325 0.0027847 0.00222719 0.00513789 0.00216938 0.00189986
threshold=4.4425820475484112 4.5746578350692051 3.0433873634561537 4.9521436163533474 2.7058230259275202 4.3693677306817369
decision_type=2 2 2 2 2 2
left_child=2 -2 3 -1 -3 -4
right_child=1 4 5 -5 -6 -7
leaf_value=-0.00019869703328367905 0.0011927806395327762 -0.00059423079933099772 -0.0012834764323930291 0.0014246527885046342 0.00011608121206263338 4.2844126518401839e-05
leaf_weight=128 21 51 27 23 274 18
leaf_count=128 21 51 27 23 274 18
internal_value=0 7.67309e-05 -0.000135453 4.85682e-05 4.61687e-06 -0.000752948
internal_weight=0 346 196 151 325 45
internal_count=542 346 196 151 325 45
is_linear=0
shrinkage=0.1


Tree=700
num_leaves=5
num_cat=0
split_feature=92 83 92 46
split_gain=0.000561209 0.00187691 0.00143796 0.00146792
threshold=4.3422978467038638 1.5852620331835496 4.3720368069536351 2.1383330595080281
decision_type=2 2 2 2
left_child=1 -1 -2 -4
right_child=2 -3 3 -5
leaf_value=0.0011272920163416225 -0.00090773736139655942 -0.00020109703316568183 0.00030222526641961449 -9.9427213855920245e-05
leaf_weight=18 18 26 122 358
leaf_count=18 18 26 122 358
internal_value=0 0.000342335 -3.02465e-05 2.65946e-06
internal_weight=0 44 498 480
internal_count=542 44 498 480
is_linear=0
shrinkage=0.1


Tree=701
num_leaves=6
num_cat=0
split_feature=71 27 97 44 13
split_gain=0.000552793 0.0014984 0.000977012 0.00301757 0.00256187
threshold=3.4498615536424366 5.3180719330953936 4.4425820475484112 2.7058230259275202 2.9174053685313028
decision_type=2 2 2 2 2
left_child=2 -2 4 -4 -1
right_child=1 -3 3 -5 -6
leaf_value=9.418546767577668e-05 0.000201925924862735 -0.00092964268035509382 0.00087971608501244728 7.7226116292306455e-06 -0.00070046498660993734
leaf_weight=135 25 22 47 255 58
leaf_count=135 25 22 47 255 58
internal_value=0 -0.000327744 3.11192e-05 0.00014343 -0.000144621
internal_weight=0 47 495 302 193
internal_count=542 47 495 302 193
is_linear=0
shrinkage=0.1


Tree=702
num_leaves=7
num_cat=0
split_feature=46 95 72 38 27 30
split_gain=0.000670307 0.00403041 0.00549182 0.00280548 0.00254913 0.00195569
threshold=0.89587973461402759 2.8617925509761908 0.056093240364113062 1.8688348091416842 4.5271940351011493 1.8688348091416842
decision_type=2 2 2 2 2 2
left_child=1 -1 -3 4 -2 -5
right_child=3 2 -4 5 -6 -7
leaf_value=-0.0014644639648308624 0.00028633276257702771 0.0013147773351520301 -0.00049452028795391974 -0.00087220655555871355 0.0017113079179954882 1.0816478141443425e-05
leaf_weight=21 48 25 51 27 17 353
leaf_count=21 48 25 51 27 17 353
internal_value=0 -0.000238194 0.000100643 5.1921e-05 0.000659019 -5.19246e-05
internal_weight=0 97 76 445 65 380
internal_count=542 97 76 445 65 380
is_linear=0
shrinkage=0.1


Tree=703
num_leaves=8
num_cat=0
split_feature=87 87 92 3 25 15 17
split_gain=0.000543486 0.00189159 0.00291515 0.00222903 0.00181885 0.00517899 0.00340964
threshold=1.0000000180025095e-35 0.42132096050533818 4.4145516273128189 2.3937458713910238 2.191013317336941 2.9430520157250784 2.8029010331479989
decision_type=2 2 2 2 2 2 2
left_child=4 2 -2 -3 5 -1 -6
right_child=1 3 -4 -5 6 -7 -8
leaf_value=0.00029292513322111017 0.00069865675694826587 -0.00072016515914583587 -0.00070986169812385928 0.00025334245989377908 0.001017298715702385 -0.0017477598543720026 2.9631679446859328e-05
leaf_weight=36 18 28 80 147 44 19 170
leaf_count=36 18 28 80 147 44 19 170
internal_value=0 -9.94007e-05 -0.000451154 9.75812e-05 0.000100879 -0.000412039 0.000232703
internal_weight=0 273 98 175 269 55 214
internal_count=542 273 98 175 269 55 214
is_linear=0
shrinkage=0.1


Tree=704
num_leaves=4
num_cat=0
split_feature=83 83 82
split_gain=0.000562921 0.000791984 0.00107003
threshold=3.7601172682373143 2.9280927931847809 1.7742412443922431
decision_type=2 2 2
left_child=1 2 -1
right_child=-2 -3 -4
leaf_value=3.4765499838388503e-05 -0.00043664297834636404 0.00050553974833746909 -0.000524916676049297
leaf_weight=445 28 32 37
leaf_count=445 28 32 37
internal_value=0 2.3786e-05 -8.19765e-06
internal_weight=0 514 482
internal_count=542 514 482
is_linear=0
shrinkage=0.1


Tree=705
num_leaves=4
num_cat=0
split_feature=35 31 35
split_gain=0.000522656 0.00193397 0.00143008
threshold=7.7397808239352983 7.4949786637559042 7.3369335228541059
decision_type=2 2 2
left_child=1 2 -1
right_child=-2 -3 -4
leaf_value=-1.815254732523612e-05 0.00047741771162360569 -0.0010692153156817178 0.00086627915550611533
leaf_weight=484 22 17 19
leaf_count=484 22 17 19
internal_value=0 -2.01984e-05 1.52554e-05
internal_weight=0 520 503
internal_count=542 520 503
is_linear=0
shrinkage=0.1


Tree=706
num_leaves=7
num_cat=0
split_feature=80 11 28 88 88 39
split_gain=0.000512728 0.00238592 0.00276059 0.00126692 0.0034904 0.00284383
threshold=0.98598898791261558 4.1107394736335969 3.2180751841847144 0.53679414469006392 0.381909351472076 1.5890269151739729
decision_type=2 2 2 2 2 2
left_child=3 -2 -3 4 -1 -5
right_child=1 2 -4 5 -6 -7
leaf_value=-6.8947275245465853e-05 0.0010984565784304364 -0.0011478039694743025 0.00025642134202089869 0.00084538116361192607 0.00093869050876655357 -0.00056243775508609483
leaf_weight=290 23 18 63 17 39 92
leaf_count=290 23 18 63 17 39 92
internal_value=0 0.000199602 -5.56287e-05 -4.7394e-05 5.04991e-05 -0.00034287
internal_weight=0 104 81 438 329 109
internal_count=542 104 81 438 329 109
is_linear=0
shrinkage=0.1


Tree=707
num_leaves=7
num_cat=0
split_feature=46 95 72 12 9 33
split_gain=0.000560096 0.00316598 0.00464164 0.00264472 0.00208039 0.00167349
threshold=0.89587973461402759 2.8617925509761908 0.056093240364113062 1.5890269151739729 1.5890269151739731 2.191013317336941
decision_type=2 2 2 2 2 2
left_child=1 -1 -3 5 -5 -2
right_child=3 2 -4 4 -6 -7
leaf_value=-0.0013045738190634265 0.0015828717196949154 0.0011987827527336777 -0.00046458223802676681 -0.00080098544449356277 3.9014222798869018e-05 0.00024821698565834335
leaf_weight=21 17 25 51 32 375 21
leaf_count=21 17 25 51 32 375 21
internal_value=0 -0.000217734 8.25773e-05 4.74611e-05 -2.703e-05 0.000845299
internal_weight=0 97 76 445 407 38
internal_count=542 97 76 445 407 38
is_linear=0
shrinkage=0.1


Tree=708
num_leaves=6
num_cat=0
split_feature=75 2 101 75 72
split_gain=0.000504502 0.00336071 0.00243629 0.00147569 0.00196865
threshold=3.1771850203986758 2.740319461670996 4.5538214868689204 2.8617925509761908 0.80260924844569626
decision_type=2 2 2 2 2
left_child=3 -2 -3 4 -1
right_child=1 2 -4 -5 -6
leaf_value=6.0495713312199722e-05 -0.0011432947867433541 0.0011135904386480289 -0.00013022256935864393 0.0007853274484379935 -0.0009590484582179215
leaf_weight=357 28 19 92 26 20
leaf_count=357 28 19 92 26 20
internal_value=0 -0.000164277 8.26824e-05 5.66613e-05 6.40849e-06
internal_weight=0 139 111 403 377
internal_count=542 139 111 403 377
is_linear=0
shrinkage=0.1


Tree=709
num_leaves=8
num_cat=0
split_feature=99 21 31 57 34 45 1
split_gain=0.000491264 0.00245724 0.00381346 0.0037286 0.0017325 0.00317277 0.00263498
threshold=2.3502401828962087 3.2951505240983434 5.4847194494823395 2.4949024866251386 4.6150714996361826 5.4424083402947536 2.191013317336941
decision_type=2 2 2 2 2 2 2
left_child=1 2 -1 -3 6 -6 -2
right_child=4 3 -4 -5 5 -7 -8
leaf_value=1.2146487624030906e-05 -0.00077699885478068611 0.0010512894410464281 -0.0014076669419988653 -8.169526366789674e-06 -0.001047979227344816 0.00053886423314300675 0.00022196806986050661
leaf_weight=135 32 53 22 89 42 18 151
leaf_count=135 32 53 22 89 42 18 151
internal_value=0 8.58273e-05 -0.000186808 0.000387262 -0.000105606 -0.000571926 4.72853e-05
internal_weight=0 299 157 142 243 60 183
internal_count=542 299 157 142 243 60 183
is_linear=0
shrinkage=0.1


Tree=710
num_leaves=7
num_cat=0
split_feature=5 1 95 96 9 87
split_gain=0.000627827 0.00468156 0.00165556 0.00296643 0.00271316 0.0012668
threshold=1.5890269151739731 1.0397207708399181 2.191013317336941 0.89587973461402759 2.602003343538398 0.3941415538538327
decision_type=2 2 2 2 2 2
left_child=1 5 4 -4 -2 -1
right_child=2 -3 3 -5 -6 -7
leaf_value=0.0002468379661290636 0.0015303990009295592 0.001673595858220425 -0.0011804367001483722 -3.6128901834528357e-05 -0.00013561839757881978 -0.00070990824484033516
leaf_weight=31 17 18 24 404 23 25
leaf_count=31 17 18 24 404 23 25
internal_value=0 0.000270662 -4.2797e-05 -0.000100296 0.000572439 -0.000180281
internal_weight=0 74 468 428 40 56
internal_count=542 74 468 428 40 56
is_linear=0
shrinkage=0.1


Tree=711
num_leaves=7
num_cat=0
split_feature=47 47 20 57 40 44
split_gain=0.000589617 0.00268109 0.00473901 0.00168923 0.00162893 0.00426469
threshold=5.6902681384622422 6.1355274091199163 3.7132745361986528 2.6640265790975723 4.4885732424042368 3.9701138825728512
decision_type=2 2 2 2 2 2
left_child=4 2 -2 -3 5 -1
right_child=1 3 -4 -5 -6 -7
leaf_value=6.3482283929680792e-06 0.0020153919375795674 -0.00037322127777701734 -7.9797824844717982e-05 0.0002591894661574855 0.00069200260099023581 -0.0010582052444409451
leaf_weight=260 19 83 25 86 25 44
leaf_count=260 19 83 25 86 25 44
internal_value=0 0.000129626 0.000824943 -5.14028e-05 -8.39223e-05 -0.000147732
internal_weight=0 213 44 169 329 304
internal_count=542 213 44 169 329 304
is_linear=0
shrinkage=0.1


Tree=712
num_leaves=5
num_cat=0
split_feature=65 102 57 95
split_gain=0.000558533 0.00264048 0.00176163 0.000980126
threshold=1.8552669399515371 3.7609296261008152 0.84799422312265949 2.191013317336941
decision_type=2 2 2 2
left_child=1 -1 -2 -4
right_child=2 -3 3 -5
leaf_value=-0.0010370633183047176 0.00088619805173948416 0.00044759963689695881 0.00034725715363906188 -6.8320339405657669e-05
leaf_weight=25 23 23 66 405
leaf_count=25 23 23 66 405
internal_value=0 -0.000325662 3.16433e-05 -1.00866e-05
internal_weight=0 48 494 471
internal_count=542 48 494 471
is_linear=0
shrinkage=0.1


Tree=713
num_leaves=5
num_cat=0
split_feature=48 50 50 103
split_gain=0.000505245 0.000895383 0.00323032 0.00264233
threshold=5.8020042706649564 4.6150714996361826 4.4187680230537838 5.4847883247493394
decision_type=2 2 2 2
left_child=1 2 -1 -3
right_child=-2 3 -4 -5
leaf_value=2.7453222492563378e-05 -0.00044854997237659219 0.00084933243232727473 -0.0011666686586977448 -0.00023435146007816203
leaf_weight=404 24 45 24 45
leaf_count=404 24 45 24 45
internal_value=0 2.07822e-05 -3.95069e-05 0.00030749
internal_weight=0 518 428 90
internal_count=542 518 428 90
is_linear=0
shrinkage=0.1


Tree=714
num_leaves=6
num_cat=0
split_feature=104 77 7 2 17
split_gain=0.000529623 0.00266902 0.00184917 0.00182937 0.00285538
threshold=5.5567609741203308 4.4828588944924253 6.7912189377860903 4.4187680230537838 4.3693677306817369
decision_type=2 2 2 2 2
left_child=1 2 -1 -2 -5
right_child=3 -3 -4 4 -6
leaf_value=-7.1871639164838397e-05 0.00087694086296010191 -0.0012443782916913429 0.0006367177264154435 -0.0008983131062618836 0.00032513976355683273
leaf_weight=362 29 18 41 27 65
leaf_count=362 29 18 41 27 65
internal_value=0 -5.2995e-05 2.18098e-07 0.000184388 -3.39171e-05
internal_weight=0 421 403 121 92
internal_count=542 421 403 121 92
is_linear=0
shrinkage=0.1


Tree=715
num_leaves=5
num_cat=0
split_feature=43 40 88 41
split_gain=0.000536681 0.000866891 0.00272575 0.00157889
threshold=7.7397808239352983 5.2094712223428914 0.21474950555743294 4.6539149966267201
decision_type=2 2 2 2
left_child=1 3 -3 -1
right_child=-2 2 -4 -5
leaf_value=2.3603439176666426e-05 -0.0004837811448272656 -0.00023814026769416942 0.0012492929243969478 -0.00076406129788935057
leaf_weight=443 22 28 22 27
leaf_count=443 22 28 22 27
internal_value=0 2.04677e-05 0.00041633 -2.16454e-05
internal_weight=0 520 50 470
internal_count=542 520 50 470
is_linear=0
shrinkage=0.1


Tree=716
num_leaves=7
num_cat=0
split_feature=70 96 11 70 86 52
split_gain=0.000472237 0.0034722 0.00309147 0.00251476 0.0026769 0.00229421
threshold=3.8592684562403532 3.5549397315361362 5.9839077282029587 4.3000637939727016 0.59222352234340792 4.4127799275304271
decision_type=2 2 2 2 2 2
left_child=1 2 -1 4 -2 -5
right_child=3 -3 -4 5 -6 -7
leaf_value=9.6713588153401965e-05 -0.00022454389297908687 0.00140017407063983 -0.0013041084447382566 0.0010188417499075119 -0.0016311168468842209 -3.5225066626075617e-05
leaf_weight=215 47 19 17 23 19 202
leaf_count=215 47 19 17 23 19 202
internal_value=0 0.000100506 -5.93285e-06 -8.66903e-05 -0.000629466 7.2524e-05
internal_weight=0 251 232 291 66 225
internal_count=542 251 232 291 66 225
is_linear=0
shrinkage=0.1


Tree=717
num_leaves=7
num_cat=0
split_feature=34 30 33 12 102 80
split_gain=0.000503261 0.00396614 0.00256233 0.00208873 0.00207574 0.0018805
threshold=3.7132745361986528 3.7132745361986528 3.7132745361986528 3.5408542930527882 6.9893314434111575 1.1082724656359517
decision_type=2 2 2 2 2 2
left_child=2 -2 5 -3 -4 -1
right_child=1 3 4 -5 -6 -7
leaf_value=-7.5917644048954737e-05 0.0013296244428299057 -0.0010585562972765829 -0.0015510390972485767 7.0959708240308979e-05 -9.146213200629542e-05 0.00068934781325829999
leaf_weight=243 24 18 20 181 19 37
leaf_count=243 24 18 20 181 19 37
internal_value=0 0.00011525 -8.05664e-05 -3.12076e-05 -0.000839963 2.52067e-05
internal_weight=0 223 319 199 39 280
internal_count=542 223 319 199 39 280
is_linear=0
shrinkage=0.1


Tree=718
num_leaves=6
num_cat=0
split_feature=39 47 89 33 14
split_gain=0.000505788 0.00192179 0.00144564 0.00141405 0.00226057
threshold=4.5271940351011493 4.5849154143189876 0.32239255231084707 3.8064155152036787 3.9316333620047872
decision_type=2 2 2 2 2
left_child=3 -2 -3 4 -1
right_child=1 2 -4 -5 -6
leaf_value=-0.00015364611773003905 0.00081403437502558518 0.00016638631333331974 -0.00029135124981571566 -0.00096811197925287878 0.00099448904266433895
leaf_weight=176 32 188 109 18 19
leaf_count=176 32 188 109 18 19
internal_value=0 7.77278e-05 -1.60491e-06 -0.000120058 -4.17765e-05
internal_weight=0 329 297 213 195
internal_count=542 329 297 213 195
is_linear=0
shrinkage=0.1


Tree=719
num_leaves=5
num_cat=0
split_feature=23 3 13 22
split_gain=0.00049314 0.000802129 0.001333 0.00123518
threshold=7.8332668616847121 7.3935706924357971 4.7957563937576522 4.3757372435704527
decision_type=2 2 2 2
left_child=1 2 -1 -3
right_child=-2 3 -4 -5
leaf_value=3.0177440545802908e-05 -0.00051465351835860117 0.0010627760137948727 -0.00058686743960654564 -4.3226233885987945e-05
leaf_weight=445 18 18 38 23
leaf_count=445 18 18 38 23
internal_value=0 1.76789e-05 -1.83685e-05 0.000442336
internal_weight=0 524 483 41
internal_count=542 524 483 41
is_linear=0
shrinkage=0.1


Tree=720
num_leaves=7
num_cat=0
split_feature=37 40 74 40 41 76
split_gain=0.000500949 0.0030683 0.00312586 0.00224729 0.00261382 0.00193408
threshold=1.9356005054539456 1.9356005054539456 0.24947449980170586 1.9356005054539456 2.524928003624769 0.43244036547253523
decision_type=2 2 2 2 2 2
left_child=1 5 -3 -2 -5 -1
right_child=3 2 -4 4 -6 -7
leaf_value=0.0010587328317342326 -0.00082409234756986342 -0.0018043733114609497 -1.3250008341856303e-05 0.00087013313604984439 2.0498787014263973e-05 -0.0001875103150572007
leaf_weight=20 28 19 20 40 382 33
leaf_count=20 28 19 20 40 382 33
internal_value=0 -0.000212623 -0.000885849 4.34695e-05 0.000101033 0.00028277
internal_weight=0 92 39 450 422 53
internal_count=542 92 39 450 422 53
is_linear=0
shrinkage=0.1


Tree=721
num_leaves=8
num_cat=0
split_feature=87 42 37 88 5 28 12
split_gain=0.000505774 0.00168072 0.00247413 0.00237164 0.00157081 0.00331568 0.00288121
threshold=1.0000000180025095e-35 1.4978661367769956 2.9174053685313028 0.41040294975001845 4.4425820475484112 5.0304165616299539 4.465842055365858
decision_type=2 2 2 2 2 2 2
left_child=1 3 -3 -1 6 -6 -2
right_child=4 2 -4 -5 5 -7 -8
leaf_value=-0.00085233974930720019 -0.00013860891686331449 0.00088188464920360438 4.972576824457065e-05 0.00040176268038339915 -0.0011029365497121876 0.00039095389438443818 0.00082353663854423532
leaf_weight=38 172 46 160 25 39 24 38
leaf_count=38 172 46 160 25 39 24 38
internal_value=0 9.73159e-05 0.000235548 -0.00035468 -9.589e-05 -0.000533835 3.54936e-05
internal_weight=0 269 206 63 273 63 210
internal_count=542 269 206 63 273 63 210
is_linear=0
shrinkage=0.1


Tree=722
num_leaves=5
num_cat=0
split_feature=43 46 9 38
split_gain=0.000503722 0.000813125 0.00363266 0.00172484
threshold=7.7397808239352983 4.7094896185437563 4.0689902272260703 4.7957563937576522
decision_type=2 2 2 2
left_child=1 3 -3 -1
right_child=-2 2 -4 -5
leaf_value=7.1084139361888597e-06 -0.00046869061106090989 -2.4152627841377742e-05 0.0016101889860960106 -0.00096719692580671485
leaf_weight=416 22 68 17 19
leaf_count=416 22 68 17 19
internal_value=0 1.98292e-05 0.000302716 -3.54475e-05
internal_weight=0 520 85 435
internal_count=542 520 85 435
is_linear=0
shrinkage=0.1


Tree=723
num_leaves=7
num_cat=0
split_feature=84 57 25 43 89 43
split_gain=0.000488237 0.00203572 0.00283225 0.00174188 0.0031803 0.00257253
threshold=0.63871564905141709 3.2030665212571914 4.7273486598447958 6.025819296111556 0.32239255231084707 5.7682428646896211
decision_type=2 2 2 2 2 2
left_child=3 2 -2 5 -5 -1
right_child=1 -3 -4 4 -6 -7
leaf_value=-2.5396951991265116e-06 -7.6896433246373717e-05 0.00053085559726847957 -0.0016430280955426176 0.00079879186702393266 -0.0002715818258761631 -0.0011196803904815831
leaf_weight=327 36 24 17 70 46 22
leaf_count=327 36 24 17 70 46 22
internal_value=0 -0.000233237 -0.000579241 3.8622e-05 0.000374333 -7.29612e-05
internal_weight=0 77 53 465 116 349
internal_count=542 77 53 465 116 349
is_linear=0
shrinkage=0.1


Tree=724
num_leaves=8
num_cat=0
split_feature=54 98 36 86 4 86 1
split_gain=0.000460917 0.00213386 0.00295512 0.00156095 0.00111957 0.00311907 0.00239955
threshold=1.9356005054539456 6.1158701961393769 2.3937458713910238 0.22312786406904112 3.1132683346437333 0.13042522627830214 2.9174053685313028
decision_type=2 2 2 2 2 2 2
left_child=1 2 -1 -3 5 -2 -6
right_child=4 3 -4 -5 6 -7 -8
leaf_value=-0.0012708564321251793 0.00011164571704142087 0.00021469632047228516 0.00032200948229398242 0.0014261240039357089 0.00059427161874722636 -0.0011478346519652406 -8.4403874064678489e-05
leaf_weight=18 51 26 33 18 63 32 301
leaf_count=18 51 26 33 18 63 32 301
internal_value=0 0.000200034 -0.000240178 0.00071028 -4.25128e-05 -0.000373937 3.30592e-05
internal_weight=0 95 51 44 447 83 364
internal_count=542 95 51 44 447 83 364
is_linear=0
shrinkage=0.1


Tree=725
num_leaves=7
num_cat=0
split_feature=49 42 41 45 96 103
split_gain=0.000493242 0.00228801 0.0062052 0.0033268 0.00194601 0.00104012
threshold=1.9356005054539456 2.740319461670996 2.191013317336941 3.5549397315361362 0.89587973461402759 1.5890269151739729
decision_type=2 2 2 2 2 2
left_child=1 2 -1 -3 -2 -6
right_child=4 3 -4 -5 5 -7
leaf_value=0.00027484232972104416 0.00090928245708346361 0.0010453839119118466 -0.0021813406984114814 -0.0002782316854791134 -0.00063867166366738575 4.1237328462860513e-05
leaf_weight=24 25 27 18 64 24 360
leaf_count=24 25 27 18 64 24 360
internal_value=0 -0.000167289 -0.000777808 0.000114489 5.43995e-05 -1.25698e-06
internal_weight=0 133 42 91 409 384
internal_count=542 133 42 91 409 384
is_linear=0
shrinkage=0.1


Tree=726
num_leaves=7
num_cat=0
split_feature=19 19 42 23 41 40
split_gain=0.000458565 0.00222868 0.00259554 0.00194854 0.00332561 0.0020161
threshold=3.1345481418531311 2.3937458713910238 1.2424533248940004 3.9316333620047872 2.3502401828962087 1.9356005054539456
decision_type=2 2 2 2 2 2
left_child=1 2 -1 4 -2 -5
right_child=3 -3 -4 5 -6 -7
leaf_value=-0.00047448165052164188 0.0016630976362840126 -0.00093635411457367371 0.00055565063313206705 -0.00099306518444791441 -0.00026214624179855865 3.8539441930806082e-05
leaf_weight=47 19 29 51 20 17 359
leaf_count=47 19 29 51 20 17 359
internal_value=0 -0.000166273 6.16076e-05 5.08837e-05 0.000753955 -1.58988e-05
internal_weight=0 127 98 415 36 379
internal_count=542 127 98 415 36 379
is_linear=0
shrinkage=0.1


Tree=727
num_leaves=7
num_cat=0
split_feature=99 21 58 31 1 1
split_gain=0.000461819 0.00206624 0.00304932 0.00284223 0.00148702 0.00437572
threshold=2.3502401828962087 3.2951505240983434 3.7609296261008152 5.4847194494823395 2.191013317336941 2.8029010331479989
decision_type=2 2 2 2 2 2
left_child=1 3 -3 -1 -2 -6
right_child=4 2 -4 -5 5 -7
leaf_value=4.9710847411511676e-06 -0.00072642664926013715 0.00079761951837766301 -0.00013065788241793097 -0.0012207765857138756 0.0014429587089628178 -0.00014830122461488549
leaf_weight=135 33 75 67 22 19 191
leaf_count=135 33 75 67 22 19 191
internal_value=0 8.32154e-05 0.000359629 -0.00016679 -0.000102393 -4.33009e-06
internal_weight=0 299 142 157 243 210
internal_count=542 299 142 157 243 210
is_linear=0
shrinkage=0.1


Tree=728
num_leaves=8
num_cat=0
split_feature=7 26 26 2 97 97 56
split_gain=0.000497219 0.00299489 0.00389961 0.00255176 0.00188242 0.00238395 0.00101988
threshold=5.1238931127034038 2.524928003624769 3.3667009459186801 3.4334666422309414 4.9628201785886317 4.6539149966267201 4.2766420057802961
decision_type=2 2 2 2 2 2 2
left_child=4 3 -3 -2 5 -1 -6
right_child=1 2 -4 -5 6 -7 -8
leaf_value=-9.5160836379704403e-05 0.0016794035234488547 -0.001097116720742516 0.00010666732150639292 0.0001769648735017444 -0.00027612647943897178 0.001024057042031061 -0.001329628808889538
leaf_weight=203 20 31 204 26 20 21 17
leaf_count=203 20 31 204 26 20 21 17
internal_value=0 9.23084e-05 -5.21297e-05 0.000830199 -9.93819e-05 9.76584e-06 -0.000760168
internal_weight=0 281 235 46 261 224 37
internal_count=542 281 235 46 261 224 37
is_linear=0
shrinkage=0.1


Tree=729
num_leaves=6
num_cat=0
split_feature=96 6 85 102 35
split_gain=0.000499486 0.00317366 0.00239053 0.00273947 0.00131947
threshold=4.3437210834879627 4.465842055365858 0.13877848486586861 6.729817647098054 7.3369335228541059
decision_type=2 2 2 2 2
left_child=1 4 -2 -4 -1
right_child=2 -3 3 -5 -6
leaf_value=-3.8484289614760802e-05 0.0011424087549953368 -0.0012887761931779096 -0.0011534530164984365 0.00016739753494672126 0.00083993459027422238
leaf_weight=342 21 20 18 123 18
leaf_count=342 21 20 18 123 18
internal_value=0 -6.26798e-05 0.000147027 -1.22168e-06 5.43665e-06
internal_weight=0 380 162 141 360
internal_count=542 380 162 141 360
is_linear=0
shrinkage=0.1


Tree=730
num_leaves=7
num_cat=0
split_feature=47 35 70 43 18 31
split_gain=0.000494638 0.00301283 0.0023908 0.00121684 0.00221664 0.00144497
threshold=7.0638596877963264 6.9087502882815697 4.0795918259276975 6.025819296111556 5.3229980813168991 6.0695014618025365
decision_type=2 2 2 2 2 2
left_child=3 -2 -3 5 -5 -1
right_child=1 2 -4 4 -6 -7
leaf_value=1.7109008506601888e-05 -0.001259876351659408 0.00099366426447453538 -0.00031843192509102932 0.00063144349059917693 -0.00045956756356463303 -0.00069696767792676491
leaf_weight=330 21 21 41 73 25 31
leaf_count=330 21 21 41 73 25 31
internal_value=0 -0.000224653 0.000125988 4.06234e-05 0.000353124 -4.42106e-05
internal_weight=0 83 62 459 98 361
internal_count=542 83 62 459 98 361
is_linear=0
shrinkage=0.1


Tree=731
num_leaves=6
num_cat=0
split_feature=56 70 59 9 52
split_gain=0.000497665 0.0038848 0.00259143 0.00213866 0.00133009
threshold=4.6298509007569537 4.788256360594997 4.744894319750431 4.1742689126930488 5.0271592211193568
decision_type=2 2 2 2 2
left_child=2 -2 3 -1 -3
right_child=1 4 -4 -5 -6
leaf_value=-7.1391814063064376e-05 0.0014899032331365898 -0.00056771547209271897 -0.0012014496740639993 0.00087040466314647347 0.00013928815353030406
leaf_weight=332 19 35 19 26 111
leaf_count=332 19 35 19 26 111
internal_value=0 0.000144843 -6.33929e-05 -2.99319e-06 -3.0199e-05
internal_weight=0 165 377 358 146
internal_count=542 165 377 358 146
is_linear=0
shrinkage=0.1


Tree=732
num_leaves=4
num_cat=0
split_feature=86 98 55
split_gain=0.000527553 0.00106835 0.00144852
threshold=0.68476950597767339 2.4563274428680266 1.9356005054539456
decision_type=2 2 2
left_child=1 -1 -3
right_child=-2 2 -4
leaf_value=-0.00066143581148935492 0.00040757534734439107 0.00078347577111107186 -2.9550234446834769e-05
leaf_weight=25 30 23 464
leaf_count=25 30 23 464
internal_value=0 -2.38814e-05 8.8473e-06
internal_weight=0 512 487
internal_count=542 512 487
is_linear=0
shrinkage=0.1


Tree=733
num_leaves=7
num_cat=0
split_feature=46 43 76 8 92 29
split_gain=0.0004834 0.00247438 0.00539361 0.00314055 0.00161689 0.00241549
threshold=2.1383330595080281 1.9356005054539456 0.51506293726147689 2.5619819897016298 4.3574190988133292 2.8029010331479989
decision_type=2 2 2 2 2 2
left_child=1 3 -3 -1 -2 -6
right_child=4 2 -4 -5 5 -7
leaf_value=-0.0014497273122234381 0.00081582684550085105 0.0015438466814885034 -0.0001544119109813538 8.722576856628427e-05 -0.00065535773081302822 1.2648201073260079e-05
leaf_weight=17 20 32 45 61 66 301
leaf_count=17 20 32 45 61 66 301
internal_value=0 0.000149226 0.000551358 -0.000247751 -5.97674e-05 -0.000107484
internal_weight=0 155 77 78 387 367
internal_count=542 155 77 78 387 367
is_linear=0
shrinkage=0.1


Tree=734
num_leaves=6
num_cat=0
split_feature=27 27 100 100 23
split_gain=0.000483341 0.00264203 0.00193661 0.00219745 0.00145751
threshold=6.8865269473837794 6.5659667189720521 3.5972184255501678 4.4885732424042368 6.182050754877543
decision_type=2 2 2 2 2
left_child=1 4 -2 -4 -1
right_child=2 -3 3 -5 -6
leaf_value=4.6555390119993402e-05 -0.0010517989080177533 0.0010234858879882198 0.00093592825403902673 -0.00026953940982967915 -0.00058167275263524686
leaf_weight=372 21 26 20 62 41
leaf_count=372 21 26 20 62 41
internal_value=0 4.57418e-05 -0.000194958 2.44771e-05 -1.58111e-05
internal_weight=0 439 103 82 413
internal_count=542 439 103 82 413
is_linear=0
shrinkage=0.1


Tree=735
num_leaves=7
num_cat=0
split_feature=38 46 41 45 41 71
split_gain=0.000438387 0.00234644 0.00296711 0.00225676 0.00226794 0.00195937
threshold=1.8688348091416842 0.89587973461402759 2.191013317336941 1.5890269151739731 2.8617925509761908 1.4978661367769956
decision_type=2 2 2 2 2 2
left_child=1 2 -1 -2 -5 -3
right_child=3 5 -4 4 -6 -7
leaf_value=0.0001478090333486242 0.00107415821060867 0.0011170316826524761 -0.0012711329935700634 -0.00067940707893536338 -7.3672940046097979e-07 1.7786078200104736e-05
leaf_weight=56 17 34 20 58 326 31
leaf_count=56 17 34 20 58 326 31
internal_value=0 0.000151667 -0.000225597 -5.33294e-05 -0.000103244 0.000592776
internal_weight=0 141 76 401 384 65
internal_count=542 141 76 401 384 65
is_linear=0
shrinkage=0.1


Tree=736
num_leaves=6
num_cat=0
split_feature=104 104 69 0 37
split_gain=0.000425076 0.00393864 0.00153584 0.00151792 0.00115448
threshold=4.3693677306817369 4.1510089048756029 1.522769965133113 3.7132745361986528 2.8617925509761908
decision_type=2 2 2 2 2
left_child=1 2 -1 -2 -5
right_child=3 -3 -4 4 -6
leaf_value=0.00092710516182705762 0.00087061592519445266 -0.0012321219855005406 -2.9154571822721073e-05 0.00041502934319644492 -0.00011281894175703027
leaf_weight=18 23 27 251 55 168
leaf_count=18 23 27 251 55 168
internal_value=0 -8.07338e-05 3.48331e-05 9.71431e-05 1.73679e-05
internal_weight=0 296 269 246 223
internal_count=542 296 269 246 223
is_linear=0
shrinkage=0.1


Tree=737
num_leaves=6
num_cat=0
split_feature=65 102 67 74 86
split_gain=0.000476691 0.0024438 0.00121308 0.00319997 0.000971087
threshold=1.8367390265135148 3.5516610312630568 3.4960482137079443 0.14576042437947326 0.68476950597767339
decision_type=2 2 2 2 2
left_child=1 -1 3 -2 -4
right_child=2 -3 4 -5 -6
leaf_value=-0.001173724513500929 0.0015877842677154523 0.0003182984357968403 -5.307955434966937e-05 -0.0002783124981215224 0.00055461758664543078
leaf_weight=19 17 26 432 20 28
leaf_count=19 17 26 432 20 28
internal_value=0 -0.000311667 2.82193e-05 0.000579083 -1.60893e-05
internal_weight=0 45 497 37 460
internal_count=542 45 497 37 460
is_linear=0
shrinkage=0.1


Tree=738
num_leaves=7
num_cat=0
split_feature=61 15 11 48 61 55
split_gain=0.000458861 0.00247956 0.00385501 0.00249998 0.0023575 0.00167348
threshold=2.8192267371031874 5.2626767655455557 4.8079027400421745 3.1345481418531311 2.9522071242140258 3.5972184255501678
decision_type=2 2 2 2 2 2
left_child=1 2 -1 -3 -2 -6
right_child=4 3 -4 -5 5 -7
leaf_value=-9.6050175151747954e-05 0.00092084659884373351 -0.0016491977694003208 0.0014859472511007507 -0.00011380362993804738 0.00087174774293089289 -7.6504414433562051e-05
leaf_weight=164 30 19 17 24 20 268
leaf_count=164 30 19 17 24 20 268
internal_value=0 -0.00010963 5.25352e-05 -0.000792234 7.72238e-05 -1.06536e-05
internal_weight=0 224 181 43 318 288
internal_count=542 224 181 43 318 288
is_linear=0
shrinkage=0.1


Tree=739
num_leaves=4
num_cat=0
split_feature=10 14 14
split_gain=0.000446454 0.00105324 0.00135239
threshold=5.9597083565416389 5.5131359965876126 4.7957563937576522
decision_type=2 2 2
left_child=1 2 -1
right_child=-2 -3 -4
leaf_value=-3.9799129862993605e-05 0.00050436362131115267 -0.00060210136101071336 0.00049033283182695791
leaf_weight=442 17 29 54
leaf_count=442 17 29 54
internal_value=0 -1.63318e-05 1.79168e-05
internal_weight=0 525 496
internal_count=542 525 496
is_linear=0
shrinkage=0.1


Tree=740
num_leaves=7
num_cat=0
split_feature=104 55 59 11 92 49
split_gain=0.000419307 0.00174364 0.00235838 0.00128201 0.00156526 0.00054575
threshold=5.5567609741203308 5.003923783930186 4.8903208612686422 7.3231600434947675 4.4871541697596138 4.5538214868689204
decision_type=2 2 2 2 2 2
left_child=1 2 -1 4 -2 -5
right_child=3 -3 -4 5 -6 -7
leaf_value=-5.5208029940613557e-05 9.1029735557316674e-05 -0.00085711726592853669 0.001010178549073647 3.2194369276495359e-05 0.0010223307756510062 -0.00074772008571445062
leaf_weight=374 59 25 22 19 26 17
leaf_count=374 59 25 22 19 26 17
internal_value=0 -4.71539e-05 3.98011e-06 0.000164065 0.000375898 -0.000336099
internal_weight=0 421 396 121 85 36
internal_count=542 421 396 121 85 36
is_linear=0
shrinkage=0.1


Tree=741
num_leaves=5
num_cat=0
split_feature=3 16 97 97
split_gain=0.000426686 0.00152757 0.00100844 0.000957903
threshold=7.3935706924357971 5.2831908449625269 7.294709939825565 7.0638596877963264
decision_type=2 2 2 2
left_child=2 -2 3 -1
right_child=1 -3 -4 -5
leaf_value=-3.1763946188018765e-05 0.0010153033759302667 -0.00013622523101730621 -0.00074261069369784211 0.0006298751137523062
leaf_weight=450 18 32 19 23
leaf_count=450 18 32 19 23
internal_value=0 0.000278325 -2.82851e-05 4.08778e-07
internal_weight=0 50 492 473
internal_count=542 50 492 473
is_linear=0
shrinkage=0.1


Tree=742
num_leaves=5
num_cat=0
split_feature=20 31 102 38
split_gain=0.000424296 0.00123578 0.00387171 0.00118604
threshold=5.9558239461055011 7.3369335228541059 6.4150956198398426 4.9199542854466296
decision_type=2 2 2 2
left_child=1 3 -3 -1
right_child=-2 2 -4 -5
leaf_value=-2.376623586667026e-05 0.00043015534095254473 -0.0016997440451043931 0.00027274017102172369 0.00051557812794473851
leaf_weight=434 22 17 24 45
leaf_count=434 22 17 24 45
internal_value=0 -1.81989e-05 -0.000545119 2.69029e-05
internal_weight=0 520 41 479
internal_count=542 520 41 479
is_linear=0
shrinkage=0.1


Tree=743
num_leaves=6
num_cat=0
split_feature=59 102 70 102 33
split_gain=0.000422054 0.00272309 0.00264549 0.00196303 0.00142173
threshold=3.2951505240983434 4.5053345884235583 3.142614223188827 4.5271940351011493 3.2951505240983434
decision_type=2 2 2 2 2
left_child=1 4 -2 -4 -1
right_child=2 -3 3 -5 -6
leaf_value=0.00014744472717211467 -0.00098864193246949329 0.0010727431034096159 0.0009828410006593913 -3.5022351095600853e-05 -0.0006804892464840253
leaf_weight=80 28 26 20 360 28
leaf_count=80 28 26 20 360 28
internal_value=0 0.000153979 -5.05716e-05 1.85494e-05 -6.72048e-05
internal_weight=0 134 408 380 108
internal_count=542 134 408 380 108
is_linear=0
shrinkage=0.1


Tree=744
num_leaves=6
num_cat=0
split_feature=35 35 57 57 43
split_gain=0.000416679 0.00212901 0.00129199 0.00143643 0.00129176
threshold=2.9430520157250784 2.5619819897016298 0.84799422312265949 1.6928064492877455 2.191013317336941
decision_type=2 2 2 2 2
left_child=1 4 -2 -4 -1
right_child=2 -3 3 -5 -6
leaf_value=-0.00019836041807233323 0.00077692807001016181 -0.0011055274275713601 -0.00050669170535305361 7.727057791905896e-05 0.00057516925357049332
leaf_weight=77 23 20 48 344 30
leaf_count=77 23 20 48 344 30
internal_value=0 -0.000158498 4.85042e-05 5.76499e-06 1.85171e-05
internal_weight=0 127 415 392 107
internal_count=542 127 415 392 107
is_linear=0
shrinkage=0.1


Tree=745
num_leaves=6
num_cat=0
split_feature=21 25 35 37 39
split_gain=0.000431645 0.00369721 0.00241431 0.00173955 0.00172988
threshold=4.1107394736335969 4.0428973506407848 5.4203783453977383 4.6539149966267201 6.9087502882815697
decision_type=2 2 2 2 2
left_child=3 -2 -3 4 -1
right_child=1 2 -4 -5 -6
leaf_value=6.4299307039272251e-05 -0.0013741722879266102 0.0010959735702080683 -0.00011025509052889473 0.0010487051826203243 -0.00094194553918593247
leaf_weight=336 21 19 131 17 18
leaf_count=336 21 19 131 17 18
internal_value=0 -0.000131448 4.25339e-05 6.05863e-05 1.31343e-05
internal_weight=0 171 150 371 354
internal_count=542 171 150 371 354
is_linear=0
shrinkage=0.1


Tree=746
num_leaves=5
num_cat=0
split_feature=81 78 82 95
split_gain=0.000401531 0.00103086 0.00202007 0.00185221
threshold=2.5331926486003744 2.1074706776141321 1.7742412443922431 3.5972184255501678
decision_type=2 2 2 2
left_child=1 2 -1 -3
right_child=-2 3 -4 -5
leaf_value=1.0175509777738729e-05 -0.00047831632820067601 -0.00012603096726637047 -0.0010999090284766519 0.0011059164246746704
leaf_weight=459 17 26 17 23
leaf_count=459 17 26 17 23
internal_value=0 1.54883e-05 -2.94704e-05 0.00045223
internal_weight=0 525 476 49
internal_count=542 525 476 49
is_linear=0
shrinkage=0.1


Tree=747
num_leaves=5
num_cat=0
split_feature=48 50 50 101
split_gain=0.000425463 0.000767604 0.00232249 0.00199333
threshold=5.8020042706649564 4.6150714996361826 4.465842055365858 6.0063410261826569
decision_type=2 2 2 2
left_child=1 2 -1 -3
right_child=-2 3 -4 -5
leaf_value=1.2058214073831773e-05 -0.00041161442961765718 0.0007990216181852014 -0.0011485105761999471 -0.00014595546313010308
leaf_weight=410 24 41 18 49
leaf_count=410 24 41 18 49
internal_value=0 1.90709e-05 -3.67508e-05 0.000284534
internal_weight=0 518 428 90
internal_count=542 518 428 90
is_linear=0
shrinkage=0.1


Tree=748
num_leaves=4
num_cat=0
split_feature=35 39 40
split_gain=0.000390018 0.00151888 0.000589944
threshold=7.7397808239352983 7.5120616903677684 5.4204958404047412
decision_type=2 2 2
left_child=1 2 -1
right_child=-2 -3 -4
leaf_value=-9.735075459123739e-06 0.00041241339852356098 -0.00094709700685651876 0.00050871266069842265
leaf_weight=480 22 17 23
leaf_count=480 22 17 23
internal_value=0 -1.74483e-05 1.39713e-05
internal_weight=0 520 503
internal_count=542 520 503
is_linear=0
shrinkage=0.1


Tree=749
num_leaves=6
num_cat=0
split_feature=104 55 59 23 17
split_gain=0.000383992 0.00156112 0.0018162 0.00122455 0.00184004
threshold=5.5567609741203308 5.003923783930186 4.8903208612686422 7.4518207207254372 4.4885732424042368
decision_type=2 2 2 2 2
left_child=1 2 -1 4 -2
right_child=3 -3 -4 -5 -6
leaf_value=-4.8681767309164846e-05 -8.4051010552294822e-05 -0.00081152277486398825 0.00088625502275218335 -0.0005578909780888352 0.00077471369760233853
leaf_weight=374 56 25 22 20 45
leaf_count=374 56 25 22 20 45
internal_value=0 -4.51246e-05 3.25917e-06 0.000157004 0.000298567
internal_weight=0 421 396 121 101
internal_count=542 421 396 121 101
is_linear=0
shrinkage=0.1


Tree=750
num_leaves=6
num_cat=0
split_feature=24 28 32 40 17
split_gain=0.000420503 0.0029211 0.00264971 0.00268901 0.00198042
threshold=4.8674160932529942 5.0304165616299539 4.7957563937576522 4.6539149966267201 4.4885732424042368
decision_type=2 2 2 2 2
left_child=2 -2 3 -1 -3
right_child=1 4 -4 -5 -6
leaf_value=5.2260504962261666e-05 -0.0011046060218667174 -0.00073385738119806929 0.001046916146122385 -0.0010404839888603116 0.00032053298377314042
leaf_weight=365 26 23 25 24 79
leaf_count=365 26 23 25 24 79
internal_value=0 -0.000158409 4.89767e-05 -1.51582e-05 8.27783e-05
internal_weight=0 128 414 389 102
internal_count=542 128 414 389 102
is_linear=0
shrinkage=0.1


Tree=751
num_leaves=7
num_cat=0
split_feature=33 89 89 104 25 10
split_gain=0.000420214 0.00213087 0.00425068 0.00322344 0.00213047 0.00134009
threshold=4.465842055365858 0.065471168630690413 0.571582639492208 4.6539149966267201 4.5325416796595226 4.7790881836238563
decision_type=2 2 2 2 2 2
left_child=4 3 -3 -2 5 -1
right_child=1 2 -4 -5 -6 -7
leaf_value=3.8139961493884174e-05 0.0010795475376653486 -0.0014209188586877038 0.00034463013446656989 -0.00040927216618773384 0.0010276510358034146 -0.00076431820264340124
leaf_weight=385 26 30 25 33 21 22
leaf_count=385 26 30 25 33 21 22
internal_value=0 -0.00017061 -0.000618397 0.000246818 4.54429e-05 -5.23616e-06
internal_weight=0 114 55 59 428 407
internal_count=542 114 55 59 428 407
is_linear=0
shrinkage=0.1


Tree=752
num_leaves=7
num_cat=0
split_feature=31 100 74 31 38 72
split_gain=0.000398586 0.00206315 0.0026918 0.00187337 0.00160946 0.00112419
threshold=2.7058230259275202 2.8314802400679731 0.46462152660480399 3.6632328069201612 1.8688348091416842 0.10390011968002369
decision_type=2 2 2 2 2 2
left_child=1 2 -1 -2 -5 -3
right_child=3 5 -4 4 -6 -7
leaf_value=-0.0008639216145724586 0.0008208226178951384 0.0010001926217228176 0.00043154459082238056 0.00050104225278427858 -9.1068273539471296e-05 -5.4948829932507819e-05
leaf_weight=53 29 18 23 53 343 23
leaf_count=53 29 18 23 53 343 23
internal_value=0 -0.000163442 -0.000471873 4.49945e-05 -1.18212e-05 0.000408284
internal_weight=0 117 76 425 396 41
internal_count=542 117 76 425 396 41
is_linear=0
shrinkage=0.1


Tree=753
num_leaves=4
num_cat=0
split_feature=86 98 69
split_gain=0.000393851 0.00116202 0.0011495
threshold=0.68476950597767339 2.4563274428680266 3.0251604628081092
decision_type=2 2 2
left_child=1 -1 -3
right_child=-2 2 -4
leaf_value=-0.00068554846488405022 0.00035216075639861325 0.00030653838840884249 -6.704879813212098e-05
leaf_weight=25 30 105 382
leaf_count=25 30 105 382
internal_value=0 -2.06344e-05 1.34987e-05
internal_weight=0 512 487
internal_count=542 512 487
is_linear=0
shrinkage=0.1


Tree=754
num_leaves=5
num_cat=0
split_feature=81 78 82 95
split_gain=0.00040374 0.000759541 0.00167407 0.00143201
threshold=2.5331926486003744 2.1074706776141321 1.7742412443922431 3.5972184255501678
decision_type=2 2 2 2
left_child=1 2 -1 -3
right_child=-2 3 -4 -5
leaf_value=1.3030661767260386e-05 -0.00047963008212665209 -0.00011803549983037206 -0.00099752215901389714 0.0009651929339388912
leaf_weight=459 17 26 17 23
leaf_count=459 17 26 17 23
internal_value=0 1.55309e-05 -2.30605e-05 0.000390419
internal_weight=0 525 476 49
internal_count=542 525 476 49
is_linear=0
shrinkage=0.1


Tree=755
num_leaves=4
num_cat=0
split_feature=71 102 85
split_gain=0.00042066 0.000918857 0.00117086
threshold=4.3424542979104155 7.5564267397857412 0.67384783609010557
decision_type=2 2 2
left_child=1 2 -1
right_child=-2 -3 -4
leaf_value=2.1867169423439053e-05 -0.00047532991933015484 0.00053556549012228065 -0.00062282629543915398
leaf_weight=462 18 32 30
leaf_count=462 18 32 30
internal_value=0 1.63281e-05 -1.74434e-05
internal_weight=0 524 492
internal_count=542 524 492
is_linear=0
shrinkage=0.1


Tree=756
num_leaves=6
num_cat=0
split_feature=65 65 18 104 53
split_gain=0.000394485 0.00181771 0.000983186 0.000803769 0.00077591
threshold=4.8526159781556206 4.7323723304973777 5.3494151227053726 5.2626767655455557 4.1633276399780437
decision_type=2 2 2 2 2
left_child=1 2 -1 -2 -5
right_child=3 -3 -4 4 -6
leaf_value=2.5292351772278215e-05 -0.0008013866550754756 0.001015577067866818 -0.00063190236378432021 0.0004222065981940389 -0.00045975414012852867
leaf_weight=442 18 18 24 21 19
leaf_count=442 18 18 24 21 19
internal_value=0 2.9533e-05 -8.55459e-06 -0.000246447 3.27525e-06
internal_weight=0 484 466 58 40
internal_count=542 484 466 58 40
is_linear=0
shrinkage=0.1


Tree=757
num_leaves=4
num_cat=0
split_feature=30 42 40
split_gain=0.000444426 0.00121713 0.00103811
threshold=5.8020042706649564 5.5131359965876126 5.2094712223428914
decision_type=2 2 2
left_child=1 2 -1
right_child=-2 -3 -4
leaf_value=-2.193868000842509e-05 0.00042068731278656444 -0.00067316605838843525 0.00056715128957876006
leaf_weight=459 24 27 32
leaf_count=459 24 27 32
internal_value=0 -1.94913e-05 1.64541e-05
internal_weight=0 518 491
internal_count=542 518 491
is_linear=0
shrinkage=0.1


Tree=758
num_leaves=8
num_cat=0
split_feature=50 29 30 25 22 18 73
split_gain=0.000361538 0.00164381 0.00213517 0.00206238 0.00145585 0.00264053 0.0023671
threshold=3.891612008168019 3.5972184255501678 2.3937458713910238 4.007167868649713 3.9701138825728512 3.8064155152036787 1.0000000180025095e-35
decision_type=2 2 2 2 2 2 2
left_child=4 2 -2 -3 5 -1 -6
right_child=1 3 -4 -5 6 -7 -8
leaf_value=-2.4872428807380644e-05 0.00039460479867933643 0.0012107380020262844 -0.00071571868110643054 0.0001403318902112924 -0.00010448286828788287 0.001231649107972367 -0.0012532598547598658
leaf_weight=236 29 22 43 99 71 18 24
leaf_count=236 29 22 43 99 71 18 24
internal_value=0 0.000109828 -0.000268505 0.000334951 -6.07356e-05 6.41724e-05 -0.0003947
internal_weight=0 193 72 121 349 254 95
internal_count=542 193 72 121 349 254 95
is_linear=0
shrinkage=0.1


Tree=759
num_leaves=5
num_cat=0
split_feature=83 6 18 1
split_gain=0.000375898 0.000549031 0.00326641 0.00212049
threshold=3.7601172682373143 2.6735537653587347 3.0201273556387074 3.1984648276080736
decision_type=2 2 2 2
left_child=1 3 -3 -1
right_child=-2 2 -4 -5
leaf_value=-0.00024951901010440155 -0.00035681063223559514 0.00082588862575133908 -4.1767614465666752e-05 0.00065020378941910411
leaf_weight=169 28 52 262 31
leaf_count=169 28 52 262 31
internal_value=0 1.94372e-05 0.000101921 -0.000110062
internal_weight=0 514 314 200
internal_count=542 514 314 200
is_linear=0
shrinkage=0.1


Tree=760
num_leaves=4
num_cat=0
split_feature=30 34 45
split_gain=0.000381084 0.00102212 0.00115214
threshold=5.8020042706649564 5.5131359965876126 4.9052473428434826
decision_type=2 2 2
left_child=1 2 -1
right_child=-2 -3 -4
leaf_value=-3.1101736974011622e-05 0.00038955595761459941 -0.00068503446369008595 0.00055633925063981835
leaf_weight=460 24 22 36
leaf_count=460 24 22 36
internal_value=0 -1.80489e-05 1.15351e-05
internal_weight=0 518 496
internal_count=542 518 496
is_linear=0
shrinkage=0.1


Tree=761
num_leaves=6
num_cat=0
split_feature=59 60 70 54 40
split_gain=0.000368349 0.00276689 0.00222196 0.00185445 0.00155675
threshold=3.2951505240983434 3.0909778830734713 3.142614223188827 3.0201273556387074 2.191013317336941
decision_type=2 2 2 2 2
left_child=1 4 -2 -4 -1
right_child=2 -3 3 -5 -6
leaf_value=0.00053376581328099264 -0.00090695147518999881 0.0012973989773955611 0.00097902652219330013 -3.4578049864114967e-05 -0.00027104153148063296
leaf_weight=34 28 18 19 361 82
leaf_count=34 28 18 19 361 82
internal_value=0 0.000143849 -4.72446e-05 1.61022e-05 -3.51497e-05
internal_weight=0 134 408 380 116
internal_count=542 134 408 380 116
is_linear=0
shrinkage=0.1


Tree=762
num_leaves=7
num_cat=0
split_feature=23 47 23 40 27 79
split_gain=0.000358325 0.00302031 0.00230201 0.00264488 0.00192868 0.00143597
threshold=5.5333816772649813 6.5453331453305372 5.9401574021130825 4.2555875595453383 5.298267364047871 1.0000000180025095e-35
decision_type=2 2 2 2 2 2
left_child=1 4 3 -2 -1 -4
right_child=2 -3 5 -5 -6 -7
leaf_value=-6.3042994238289636e-05 -7.0854611878626444e-05 -0.0013278065491855765 0.00025895102590712827 0.001557490860466801 0.00095468540228466731 -0.00028938980521236383
leaf_weight=270 19 18 85 21 20 109
leaf_count=270 19 18 85 21 20 109
internal_value=0 -7.08715e-05 9.32838e-05 0.000784027 7.14517e-06 -4.91374e-05
internal_weight=0 308 234 40 290 194
internal_count=542 308 234 40 290 194
is_linear=0
shrinkage=0.1


Tree=763
num_leaves=7
num_cat=0
split_feature=104 99 104 72 57 69
split_gain=0.000379679 0.00171732 0.00136073 0.00354855 0.00132662 0.00127818
threshold=4.7094896185437563 1.7005986908310777 4.0342014792848504 0.090460007434333203 2.9886636938919979 1.522769965133113
decision_type=2 2 2 2 2 2
left_child=2 -2 5 -4 -3 -1
right_child=1 4 3 -5 -6 -7
leaf_value=0.00086023951233882051 0.00090248364964888117 0.00038029355818566059 -0.00092997422764835641 0.00044066167645117585 -0.00019407910672194025 -1.3465230420024456e-05
leaf_weight=18 24 61 51 30 118 240
leaf_count=18 24 61 51 30 118 240
internal_value=0 0.000108159 -6.47675e-05 -0.000422331 1.65683e-06 4.74909e-05
internal_weight=0 203 339 81 179 258
internal_count=542 203 339 81 179 258
is_linear=0
shrinkage=0.1


Tree=764
num_leaves=7
num_cat=0
split_feature=46 44 81 46 51 92
split_gain=0.000386115 0.00215868 0.00207042 0.0016959 0.00201577 0.00128394
threshold=0.89587973461402759 3.2180751841847144 0.43531807104139542 1.8688348091416842 4.8826871252032475 4.3574190988133292
decision_type=2 2 2 2 2 2
left_child=1 2 -1 4 -2 -5
right_child=3 -3 -4 5 -6 -7
leaf_value=0.00076983545620280965 0.0014034791926142614 -0.0012041425236555584 -0.00031631569434938247 0.00075401178299216564 5.9042603579992263e-05 -6.8086389203766178e-05
leaf_weight=26 19 17 54 20 27 379
leaf_count=26 19 17 54 20 27 379
internal_value=0 -0.000180781 3.66834e-05 3.94062e-05 0.000614353 -2.68785e-05
internal_weight=0 97 80 445 46 399
internal_count=542 97 80 445 46 399
is_linear=0
shrinkage=0.1


Tree=765
num_leaves=7
num_cat=0
split_feature=35 35 43 23 13 31
split_gain=0.000447474 0.00162269 0.00118166 0.00106574 0.00162895 0.00155298
threshold=2.9430520157250784 2.5619819897016298 2.191013317336941 4.356379987480107 3.5972184255501678 4.6199495871088647
decision_type=2 2 2 2 2 2
left_child=1 2 -1 4 -2 -5
right_child=3 -3 -4 5 -6 -7
leaf_value=-0.00021713978959422852 0.0001222012054881816 -0.00099103580811060982 0.00052268917207887471 -0.00071656978339888159 0.0011561248422367499 3.7918685858399552e-05
leaf_weight=77 64 20 30 30 20 301
leaf_count=77 64 20 30 30 20 301
internal_value=0 -0.00016425 -9.71111e-06 5.02646e-05 0.000368373 -3.0464e-05
internal_weight=0 127 107 415 84 331
internal_count=542 127 107 415 84 331
is_linear=0
shrinkage=0.1


Tree=766
num_leaves=8
num_cat=0
split_feature=50 50 29 97 9 89 77
split_gain=0.000423928 0.00146887 0.00142254 0.00127118 0.00365787 0.00121524 0.000916529
threshold=3.891612008168019 4.317399216745252 3.5972184255501678 6.5453331453305372 4.8361559147623279 0.32239255231084707 2.4814223151299539
decision_type=2 2 2 2 2 2 2
left_child=3 6 -3 5 -5 -1 -2
right_child=1 2 -4 4 -6 -7 -8
leaf_value=0.00015502596645148385 0.0011719636741973874 -0.00046075789139685385 0.00019160834529232949 -0.0015477766148978844 0.00038978143006955323 -0.00025412287396993008 0.00025074808767789773
leaf_weight=194 18 51 97 20 19 116 27
leaf_count=194 18 51 97 20 19 116 27
internal_value=0 0.000118927 -3.31935e-05 -6.57676e-05 -0.000603838 1.92511e-06 0.000619234
internal_weight=0 193 148 349 39 310 45
internal_count=542 193 148 349 39 310 45
is_linear=0
shrinkage=0.1


Tree=767
num_leaves=5
num_cat=0
split_feature=68 102 55 104
split_gain=0.000406118 0.00182441 0.00117744 0.000893545
threshold=3.0387720681864785 3.8703322009586212 1.9356005054539456 1.0397207708399181
decision_type=2 2 2 2
left_child=1 -1 -2 -4
right_child=2 -3 3 -5
leaf_value=-0.0010723694196820041 0.0006098763371483074 0.00037218619383768076 -0.00036755427607290799 3.6822340683729024e-05
leaf_weight=17 32 18 63 412
leaf_count=17 32 18 63 412
internal_value=0 -0.000329455 2.27434e-05 -1.68108e-05
internal_weight=0 35 507 475
internal_count=542 35 507 475
is_linear=0
shrinkage=0.1


Tree=768
num_leaves=5
num_cat=0
split_feature=24 3 12 9
split_gain=0.000392697 0.00181612 0.00175924 0.00125804
threshold=1.0397207708399181 3.1345481418531311 1.5890269151739729 1.5890269151739731
decision_type=2 2 2 2
left_child=1 -1 -2 -4
right_child=2 -3 3 -5
leaf_value=-0.00071372921065631094 0.00073211348693196974 0.0005652714041335618 -0.00063896046016335246 2.069405282360213e-05
leaf_weight=32 33 17 31 429
leaf_count=32 33 17 31 429
internal_value=0 -0.000269994 2.68351e-05 -2.37609e-05
internal_weight=0 49 493 460
internal_count=542 49 493 460
is_linear=0
shrinkage=0.1


Tree=769
num_leaves=6
num_cat=0
split_feature=44 96 13 38 38
split_gain=0.000380212 0.00205689 0.00198651 0.00188153 0.00167263
threshold=5.2094712223428914 3.7132745361986528 4.9052473428434826 4.9199542854466296 4.6539149966267201
decision_type=2 2 2 2 2
left_child=3 -2 -3 4 -1
right_child=1 2 -4 -5 -6
leaf_value=3.5143360171032158e-05 0.00036185675421482745 -0.0014403290838297261 5.7215471506903051e-06 0.00093545438166157426 -0.00080658052410581159
leaf_weight=424 33 19 19 22 25
leaf_count=424 33 19 19 22 25
internal_value=0 -0.000215722 -0.000717304 3.25186e-05 -1.17232e-05
internal_weight=0 71 38 471 449
internal_count=542 71 38 471 449
is_linear=0
shrinkage=0.1


Tree=770
num_leaves=4
num_cat=0
split_feature=10 14 12
split_gain=0.000388201 0.000679813 0.000836304
threshold=5.9597083565416389 5.5131359965876126 5.1532748880139918
decision_type=2 2 2
left_child=1 2 -1
right_child=-2 -3 -4
leaf_value=-3.1672694432232635e-05 0.0004703098076895592 -0.00048583448153984699 0.00039584866597079768
leaf_weight=445 17 29 51
leaf_count=445 17 29 51
internal_value=0 -1.52291e-05 1.22862e-05
internal_weight=0 525 496
internal_count=542 525 496
is_linear=0
shrinkage=0.1


Tree=771
num_leaves=5
num_cat=0
split_feature=68 102 55 10
split_gain=0.000367258 0.00156282 0.00100779 0.000732471
threshold=3.0387720681864785 3.8703322009586212 1.9356005054539456 1.2424533248940004
decision_type=2 2 2 2
left_child=1 -1 -2 -4
right_child=2 -3 3 -5
leaf_value=-0.0010008921886123169 0.00056482040799892279 0.00033609863261921825 -0.00036536802747506511 2.9041814587191545e-05
leaf_weight=17 32 18 53 422
leaf_count=17 32 18 53 422
internal_value=0 -0.000313297 2.1628e-05 -1.4966e-05
internal_weight=0 35 507 475
internal_count=542 35 507 475
is_linear=0
shrinkage=0.1


Tree=772
num_leaves=5
num_cat=0
split_feature=43 92 23 3
split_gain=0.000356391 0.000581476 0.000829659 0.000761847
threshold=7.7397808239352983 4.6550227446767307 7.4730587573469638 7.0638596877963264
decision_type=2 2 2 2
left_child=1 2 -1 -3
right_child=-2 3 -4 -5
leaf_value=1.4681649027834322e-05 -0.00039423404827671632 0.00086372780820561778 -0.0006594594792802941 -6.9757086406324942e-05
leaf_weight=466 22 18 19 17
leaf_count=466 22 18 19 17
internal_value=0 1.66791e-05 -1.1728e-05 0.000410321
internal_weight=0 520 485 35
internal_count=542 520 485 35
is_linear=0
shrinkage=0.1


Tree=773
num_leaves=4
num_cat=0
split_feature=35 39 27
split_gain=0.000372656 0.00123052 0.000491882
threshold=7.7397808239352983 7.5120616903677684 5.8678744825367568
decision_type=2 2 2
left_child=1 2 -1
right_child=-2 -3 -4
leaf_value=-5.6005630836426828e-05 0.00040312944716292399 -0.0008538187601302258 0.00015667929266851817
leaf_weight=344 22 17 159
leaf_count=344 22 17 159
internal_value=0 -1.70555e-05 1.12248e-05
internal_weight=0 520 503
internal_count=542 520 503
is_linear=0
shrinkage=0.1


Tree=774
num_leaves=4
num_cat=0
split_feature=86 98 69
split_gain=0.00034531 0.00103741 0.00102107
threshold=0.68476950597767339 2.4563274428680266 3.0251604628081092
decision_type=2 2 2
left_child=1 -1 -3
right_child=-2 2 -4
leaf_value=-0.00064757470395124988 0.00032974596018902963 0.00028911494075146039 -6.2984502673940252e-05
leaf_weight=25 30 105 382
leaf_count=25 30 105 382
internal_value=0 -1.93211e-05 1.29302e-05
internal_weight=0 512 487
internal_count=542 512 487
is_linear=0
shrinkage=0.1


Tree=775
num_leaves=4
num_cat=0
split_feature=10 2 0
split_gain=0.000342123 0.000648782 0.00112418
threshold=5.9597083565416389 5.5412558557490508 5.2831908449625269
decision_type=2 2 2
left_child=1 2 -1
right_child=-2 -3 -4
leaf_value=-3.0160338488823985e-05 0.0004415159267784261 -0.00047403611112305704 0.00054283441047143263
leaf_weight=459 17 29 37
leaf_count=459 17 29 37
internal_value=0 -1.42967e-05 1.25832e-05
internal_weight=0 525 496
internal_count=542 525 496
is_linear=0
shrinkage=0.1


Tree=776
num_leaves=4
num_cat=0
split_feature=71 102 85
split_gain=0.000352683 0.000656671 0.000917706
threshold=4.3424542979104155 7.5564267397857412 0.67384783609010557
decision_type=2 2 2
left_child=1 2 -1
right_child=-2 -3 -4
leaf_value=2.120350022798125e-05 -0.00043523338131813542 0.00045390156519715675 -0.00054955549615745742
leaf_weight=462 18 32 30
leaf_count=462 18 32 30
internal_value=0 1.49508e-05 -1.35989e-05
internal_weight=0 524 492
internal_count=542 524 492
is_linear=0
shrinkage=0.1


Tree=777
num_leaves=4
num_cat=0
split_feature=72 72 31
split_gain=0.000337931 0.000619938 0.000939319
threshold=0.80260924844569626 0.50539078764753886 2.3937458713910238
decision_type=2 2 2
left_child=1 2 -1
right_child=-2 -3 -4
leaf_value=-0.0003005932008368853 -0.00034485474763507095 0.00050381386140361422 5.8525002215783681e-05
leaf_weight=89 27 25 401
leaf_count=89 27 25 401
internal_value=0 1.80798e-05 -6.70259e-06
internal_weight=0 515 490
internal_count=542 515 490
is_linear=0
shrinkage=0.1


Tree=778
num_leaves=4
num_cat=0
split_feature=79 52 4
split_gain=0.000349728 0.000952464 0.000957707
threshold=5.5606150585364933 5.7644043282988839 5.1845846780664209
decision_type=2 2 2
left_child=1 2 -1
right_child=-2 -3 -4
leaf_value=3.3493063211496698e-05 -0.00038157989746769489 0.00071185237152109808 -0.00045503850309284066
leaf_weight=456 23 19 44
leaf_count=456 23 19 44
internal_value=0 1.69101e-05 -9.49771e-06
internal_weight=0 519 500
internal_count=542 519 500
is_linear=0
shrinkage=0.1


Tree=779
num_leaves=6
num_cat=0
split_feature=98 98 98 4 101
split_gain=0.000333913 0.00348748 0.00317955 0.00158438 0.00133949
threshold=8.1939114479399695 8.2900414926984425 8.0721428392242824 3.7132745361986528 4.4885732424042368
decision_type=2 2 2 2 2
left_child=2 -2 3 -1 -3
right_child=1 4 -4 -5 -6
leaf_value=-9.0030342357210957e-05 0.0014226092397519906 0.00072984839948317544 -0.0013635026756674052 0.00063644599734938572 -8.5713409382396009e-05
leaf_weight=211 18 22 18 35 238
leaf_count=211 18 22 18 35 238
internal_value=0 7.64886e-05 -8.05449e-05 1.33301e-05 -1.67043e-05
internal_weight=0 278 264 246 260
internal_count=542 278 264 246 260
is_linear=0
shrinkage=0.1


Tree=780
num_leaves=6
num_cat=0
split_feature=100 103 100 45 10
split_gain=0.000327686 0.00244919 0.0014095 0.00164181 0.0012258
threshold=4.234001473612734 4.9487347401052828 4.4885732424042368 1.9356005054539456 3.9316333620047872
decision_type=2 2 2 2 2
left_child=1 4 -2 -4 -1
right_child=2 -3 3 -5 -6
leaf_value=-4.9753311192618945e-05 0.00081962892516761112 -0.00095632553524670335 0.00088403120600177268 -9.8227860505672665e-05 0.00058685224640237941
leaf_weight=274 24 28 19 163 34
leaf_count=274 24 28 19 163 34
internal_value=0 -6.08826e-05 9.93036e-05 4.31567e-06 2.05213e-05
internal_weight=0 336 206 182 308
internal_count=542 336 206 182 308
is_linear=0
shrinkage=0.1


Tree=781
num_leaves=7
num_cat=0
split_feature=47 35 86 40 59 46
split_gain=0.000322817 0.00202713 0.00148557 0.000912027 0.00338479 0.00215102
threshold=7.0638596877963264 6.9087502882815697 0.11815133912532035 4.5107991236896536 3.9316333620047872 4.4425820475484112
decision_type=2 2 2 2 2 2
left_child=3 -2 -3 5 -5 -1
right_child=1 2 -4 4 -6 -7
leaf_value=2.2764330676152832e-05 -0.0010306440296560704 0.00058008426558444628 -0.0003994199146594231 0.0015436119438769916 1.8551764629879282e-05 -0.00099725861139383855
leaf_weight=343 21 32 30 18 76 22
leaf_count=343 21 32 30 18 76 22
internal_value=0 -0.000181487 0.000106131 3.28179e-05 0.000310585 -3.87165e-05
internal_weight=0 83 62 459 94 365
internal_count=542 83 62 459 94 365
is_linear=0
shrinkage=0.1


Tree=782
num_leaves=6
num_cat=0
split_feature=44 96 13 32 38
split_gain=0.000337345 0.00155815 0.00153874 0.00146096 0.000900801
threshold=5.2094712223428914 3.7132745361986528 4.9052473428434826 5.1761337726651186 4.9199542854466296
decision_type=2 2 2 2 2
left_child=3 -2 -3 4 -1
right_child=1 2 -4 -5 -6
leaf_value=-4.3922831334067217e-05 0.00029950419596967882 -0.0012760965525031728 -3.4132296078544311e-06 0.00070588502581813383 0.00069845736639656346
leaf_weight=424 33 19 19 30 17
leaf_count=424 33 19 19 30 17
internal_value=0 -0.000203198 -0.000639755 3.06307e-05 -1.5305e-05
internal_weight=0 71 38 471 441
internal_count=542 71 38 471 441
is_linear=0
shrinkage=0.1


Tree=783
num_leaves=8
num_cat=0
split_feature=70 88 56 4 40 4 69
split_gain=0.000342716 0.00183446 0.00340991 0.00167682 0.00444415 0.00169717 0.00110494
threshold=2.6862252327292304 0.22478797469785308 2.3746352649809244 3.1132683346437333 3.5408542930527882 3.4960482137079443 2.437713837394424
decision_type=2 2 2 2 2 2 2
left_child=1 2 -1 4 -2 -5 -3
right_child=3 6 -4 5 -6 -7 -8
leaf_value=8.4252896240464973e-05 7.8431056135741531e-05 4.5683241748650161e-05 0.0017196238036858097 0.00076796339527735943 -0.0018460062054853352 -2.9276952714652282e-05 -0.00090154874870725175
leaf_weight=51 36 35 17 29 18 337 19
leaf_count=51 36 35 17 29 18 337 19
internal_value=0 0.000147541 0.000493096 -4.28571e-05 -0.000563048 3.38924e-05 -0.000287602
internal_weight=0 122 68 420 54 366 54
internal_count=542 122 68 420 54 366 54
is_linear=0
shrinkage=0.1


Tree=784
num_leaves=6
num_cat=0
split_feature=37 41 102 40 41
split_gain=0.000350807 0.00185577 0.00176725 0.00147091 0.00176186
threshold=1.9356005054539456 1.0397207708399181 4.5271940351011493 1.9356005054539456 2.524928003624769
decision_type=2 2 2 2 2
left_child=1 2 -1 -2 -5
right_child=3 -3 -4 4 -6
leaf_value=0.00097720718339962135 -0.00066550507534494886 -0.00091318017058074482 -0.00020304977459454678 0.00071438488343119385 1.6827793670208324e-05
leaf_weight=17 28 25 50 40 382
leaf_count=17 28 25 50 40 382
internal_value=0 -0.000177929 9.64184e-05 3.63766e-05 8.29469e-05
internal_weight=0 92 67 450 422
internal_count=542 92 67 450 422
is_linear=0
shrinkage=0.1


Tree=785
num_leaves=4
num_cat=0
split_feature=49 48 49
split_gain=0.000313814 0.00125808 0.00058058
threshold=5.7234996574270314 5.6240109897038941 4.5538214868689204
decision_type=2 2 2
left_child=1 2 -1
right_child=-2 -3 -4
leaf_value=-2.4593087418293947e-05 0.00039921844819266545 -0.00083601153843725724 0.00030678303596990493
leaf_weight=445 19 18 60
leaf_count=445 19 18 60
internal_value=0 -1.45032e-05 1.47783e-05
internal_weight=0 523 505
internal_count=542 523 505
is_linear=0
shrinkage=0.1


Tree=786
num_leaves=7
num_cat=0
split_feature=59 60 4 75 13 40
split_gain=0.000309314 0.00214391 0.00173928 0.00259958 0.00148067 0.00108335
threshold=3.2951505240983434 3.0909778830734713 3.1132683346437333 2.602003343538398 1.9356005054539456 2.191013317336941
decision_type=2 2 2 2 2 2
left_child=1 5 3 -2 -4 -1
right_child=2 -3 4 -5 -6 -7
leaf_value=0.0004488495454485447 -0.0013960669198158113 0.0011472351836144098 0.00083927654029269298 0.0002503816281472716 -2.5378074315085542e-05 -0.00022252889165451408
leaf_weight=34 22 18 21 17 348 82
leaf_count=34 22 18 21 17 348 82
internal_value=0 0.000131819 -4.32935e-05 -0.000678384 2.38299e-05 -2.57456e-05
internal_weight=0 134 408 39 369 116
internal_count=542 134 408 39 369 116
is_linear=0
shrinkage=0.1


Tree=787
num_leaves=5
num_cat=0
split_feature=68 103 55 5
split_gain=0.000339904 0.00146473 0.000934848 0.000640774
threshold=3.0387720681864785 2.9174053685313028 1.9356005054539456 1.5890269151739731
decision_type=2 2 2 2
left_child=1 -1 -2 -4
right_child=2 -3 3 -5
leaf_value=-0.00093008928169082447 0.00054397162984969332 0.00036426372312502392 0.00037390625101323122 -4.9175029604040501e-05
leaf_weight=18 32 17 39 436
leaf_count=18 32 17 39 436
internal_value=0 -0.000301404 2.08069e-05 -1.44378e-05
internal_weight=0 35 507 475
internal_count=542 35 507 475
is_linear=0
shrinkage=0.1


Tree=788
num_leaves=7
num_cat=0
split_feature=31 35 38 46 71 30
split_gain=0.000344017 0.00149898 0.00226201 0.00130028 0.00338077 0.00152554
threshold=2.3937458713910238 1.9356005054539456 1.2424533248940004 2.1383330595080281 2.2975599250672958 2.1383330595080281
decision_type=2 2 2 2 2 2
left_child=1 2 -1 4 -2 -5
right_child=3 -3 -4 5 -6 -7
leaf_value=-0.00027245117234997451 0.00098122436772731208 -0.00085651833960582742 0.0009636099147610367 -0.00070342934413929474 -0.00029977432928525991 2.0122783521987161e-05
leaf_weight=57 45 24 20 32 38 326
leaf_count=57 45 24 20 32 38 326
internal_value=0 -0.000166475 4.86037e-05 3.81269e-05 0.000394743 -4.45523e-05
internal_weight=0 101 77 441 83 358
internal_count=542 101 77 441 83 358
is_linear=0
shrinkage=0.1


Tree=789
num_leaves=5
num_cat=0
split_feature=24 3 12 103
split_gain=0.000336009 0.00148088 0.00138671 0.00102311
threshold=1.0397207708399181 3.1345481418531311 1.5890269151739729 1.8688348091416842
decision_type=2 2 2 2
left_child=1 -1 -2 -4
right_child=2 -3 3 -5
leaf_value=-0.00065044043294619773 0.0006509924293354605 0.00050449770231566886 -0.00039795521630191124 3.8764088057904701e-05
leaf_weight=32 33 17 62 398
leaf_count=32 33 17 62 398
internal_value=0 -0.000249748 2.48228e-05 -2.00981e-05
internal_weight=0 49 493 460
internal_count=542 49 493 460
is_linear=0
shrinkage=0.1


Tree=790
num_leaves=5
num_cat=0
split_feature=68 98 55 5
split_gain=0.000316246 0.00129803 0.00078828 0.00060728
threshold=3.0387720681864785 6.3664173042972605 1.9356005054539456 1.5890269151739731
decision_type=2 2 2 2
left_child=1 -1 -2 -4
right_child=2 -3 3 -5
leaf_value=-0.00088255445750999378 0.00050047536842612317 0.0003359172883553102 0.00036576374759300591 -4.6111496720503623e-05
leaf_weight=18 32 17 39 436
leaf_count=18 32 17 39 436
internal_value=0 -0.000290725 2.00698e-05 -1.22944e-05
internal_weight=0 35 507 475
internal_count=542 35 507 475
is_linear=0
shrinkage=0.1


Tree=791
num_leaves=7
num_cat=0
split_feature=37 41 83 38 2 30
split_gain=0.000331611 0.00161828 0.00157628 0.00135368 0.00235556 0.00126006
threshold=1.9356005054539456 1.0397207708399181 2.2559411251344943 1.8688348091416842 1.7005986908310777 1.8688348091416842
decision_type=2 2 2 2 2 2
left_child=1 2 -1 4 -2 -5
right_child=3 -3 -4 5 -6 -7
leaf_value=0.00060589593241832437 0.001359005932463333 -0.00085958727978868417 -0.00036690002982342983 -0.0007547777749056443 6.3258151281030573e-05 8.6720686198936563e-06
leaf_weight=31 20 25 36 23 47 360
leaf_count=31 20 25 36 23 47 360
internal_value=0 -0.000172992 8.31996e-05 3.53674e-05 0.000450049 -3.71748e-05
internal_weight=0 92 67 450 67 383
internal_count=542 92 67 450 67 383
is_linear=0
shrinkage=0.1


Tree=792
num_leaves=5
num_cat=0
split_feature=24 47 12 9
split_gain=0.000346326 0.00134073 0.00112404 0.00094467
threshold=1.0397207708399181 3.3296469598418192 1.5890269151739729 1.5890269151739731
decision_type=2 2 2 2
left_child=1 -1 -2 -4
right_child=2 -3 3 -5
leaf_value=-0.00083303845630408341 0.0005889558325041876 0.00021862052467272239 -0.00054834251083863621 2.3280104797546232e-05
leaf_weight=22 33 27 31 429
leaf_count=22 33 27 31 429
internal_value=0 -0.000253553 2.5201e-05 -1.52423e-05
internal_weight=0 49 493 460
internal_count=542 49 493 460
is_linear=0
shrinkage=0.1


Tree=793
num_leaves=8
num_cat=0
split_feature=53 97 65 3 100 32 104
split_gain=0.000339974 0.00150588 0.00345812 0.00272818 0.00128141 0.00237932 0.00136705
threshold=2.0882857922231088 5.7169411288148888 3.2829327933811849 5.0172579074712669 0.89587973461402759 2.7058230259275202 4.2625806805327082
decision_type=2 2 2 2 2 2 2
left_child=1 3 -3 -1 6 -6 -2
right_child=4 2 -4 -5 5 -7 -8
leaf_value=-0.00013183356503952494 0.0012861360718756367 -0.0015958420632523488 2.8687076165193793e-05 0.00079815418068438957 -0.00076651988867005075 0.00012374415636996151 1.7948427771711176e-05
leaf_weight=165 17 20 38 39 35 211 17
leaf_count=165 17 20 38 39 35 211 17
internal_value=0 -8.1875e-05 -0.000531495 4.59582e-05 7.66116e-05 -2.91943e-06 0.000652042
internal_weight=0 262 58 204 280 246 34
internal_count=542 262 58 204 280 246 34
is_linear=0
shrinkage=0.1


Tree=794
num_leaves=7
num_cat=0
split_feature=19 18 46 14 68 53
split_gain=0.000367955 0.00243859 0.00280576 0.00230734 0.00210519 0.0013223
threshold=5.0304165616299539 2.8314802400679731 2.740319461670996 3.3667009459186801 4.3636065328122324 2.9996962267531564
decision_type=2 2 2 2 2 2
left_child=4 2 -2 -3 5 -1
right_child=1 3 -4 -5 -6 -7
leaf_value=5.4489922051022691e-05 0.00017994192183121212 0.0011343332216104804 -0.0014574535479769113 -4.2082025335722535e-05 0.00085977032375071324 -0.00081754694018807078
leaf_weight=205 18 18 25 226 31 19
leaf_count=205 18 18 25 226 31 19
internal_value=0 -7.76652e-05 -0.000772032 4.47027e-05 8.74115e-05 -1.94775e-05
internal_weight=0 287 43 244 255 224
internal_count=542 287 43 244 255 224
is_linear=0
shrinkage=0.1


Tree=795
num_leaves=8
num_cat=0
split_feature=53 50 49 11 28 67 29
split_gain=0.000342965 0.00167287 0.00189157 0.00162603 0.00123344 0.00229503 0.00201636
threshold=2.8477523405893534 4.3943729409690677 3.8064155152036787 6.9216270607116686 3.5408542930527882 4.2555875595453383 2.9174053685313028
decision_type=2 2 2 2 2 2 2
left_child=4 2 -2 -3 5 -1 -6
right_child=1 3 -4 -5 6 -7 -8
leaf_value=-1.6614254723648513e-05 0.00016516871502339516 -0.00078994645518832847 0.001374335248126752 0.00022009879734518159 -0.00095130681555958521 0.00090182510956021201 -8.2760093294185501e-05
leaf_weight=155 46 28 18 37 31 33 194
leaf_count=155 46 28 18 37 31 33 194
internal_value=0 0.000142333 0.000505247 -0.000214998 -4.44575e-05 0.000144601 -0.000202427
internal_weight=0 129 64 65 413 188 225
internal_count=542 129 64 65 413 188 225
is_linear=0
shrinkage=0.1


Tree=796
num_leaves=4
num_cat=0
split_feature=79 73 71
split_gain=0.000325046 0.000839482 0.000636371
threshold=5.5606150585364933 4.3625912474793855 3.4498615536424366
decision_type=2 2 2
left_child=1 2 -1
right_child=-2 -3 -4
leaf_value=1.5177190101300945e-05 -0.00036786852617059715 0.00068727474297500322 -0.00056050985382171358
leaf_weight=481 23 18 20
leaf_count=481 23 18 20
internal_value=0 1.63025e-05 -7.80433e-06
internal_weight=0 519 501
internal_count=542 519 501
is_linear=0
shrinkage=0.1


Tree=797
num_leaves=6
num_cat=0
split_feature=42 42 89 45 71
split_gain=0.000326347 0.00154267 0.00113775 0.00207887 0.00063092
threshold=4.7094896185437563 4.5746578350692051 0.53142863385383843 4.9052473428434826 4.3424542979104155
decision_type=2 2 2 2 2
left_child=1 4 3 -2 -1
right_child=2 -3 -4 -5 -6
leaf_value=2.2246494704177166e-05 -0.0010049921538059911 0.00089595892233774077 0.00040118997847592391 5.6164993778414411e-05 -0.0005997683031155783
leaf_weight=400 30 20 27 48 17
leaf_count=400 30 20 27 48 17
internal_value=0 3.8036e-05 -0.000158302 -0.000351972 -3.11142e-06
internal_weight=0 437 105 78 417
internal_count=542 437 105 78 417
is_linear=0
shrinkage=0.1


Tree=798
num_leaves=4
num_cat=0
split_feature=49 48 22
split_gain=0.000326201 0.000962475 0.000581932
threshold=5.7234996574270314 5.6240109897038941 4.4187680230537838
decision_type=2 2 2
left_child=1 2 -1
right_child=-2 -3 -4
leaf_value=7.6650765723082468e-05 0.00040702131074412095 -0.00073333064825015356 -0.00016423393888913596
leaf_weight=367 19 18 138
leaf_count=367 19 18 138
internal_value=0 -1.47866e-05 1.08248e-05
internal_weight=0 523 505
internal_count=542 523 505
is_linear=0
shrinkage=0.1


Tree=799
num_leaves=7
num_cat=0
split_feature=53 78 30 64 79 15
split_gain=0.000344019 0.00143597 0.00254144 0.00181371 0.00117635 0.00104998
threshold=2.8477523405893534 0.90195841372377628 2.9174053685313028 5.4892805382820518 4.2336862482161415 7.1372582165002347
decision_type=2 2 2 2 2 2
left_child=4 3 -3 -2 5 -1
right_child=1 2 -4 -5 -6 -7
leaf_value=4.1144030362584013e-05 0.00086447031208081171 0.00023147337429691106 -0.0011731468508706282 -0.00017456294070663199 -0.00085907254696768881 -0.00053251137703357802
leaf_weight=361 42 40 19 28 17 35
leaf_count=361 42 40 19 28 17 35
internal_value=0 0.000142551 -0.000220862 0.000448857 -4.45258e-05 -9.55784e-06
internal_weight=0 129 59 70 413 396
internal_count=542 129 59 70 413 396
is_linear=0
shrinkage=0.1


end of trees

feature_importances:
Louisiana_lag_11=87
California_lag_12=87
month_sin=83
Louisiana_roll_std_4=82
California_lag_6=72
Arkansas_lag_12=71
Louisiana_ewm_alpha_0.5=71
Missouri_current=70
Louisiana_pct_change_1=69
Louisiana_roll_std_12=66
Mississippi_lag_1=64
California_lag_4=63
Texas_current=63
Louisiana_roll_std_2=62
Louisiana_roll_min_2=62
month_cos=61
Louisiana_lag_12=60
California_lag_10=58
California_lag_9=57
Louisiana_ewm_alpha_0.3=57
Mississippi_lag_11=56
California_lag_11=56
quarter_sin=55
Mississippi_lag_2=54
Mississippi_lag_3=53
Mississippi_current=53
Georgia_current=53
Louisiana_lag_4=52
California_lag_8=52
Arkansas_lag_52=51
Arkansas_lag_3=50
Louisiana_roll_mean_2=50
quarter_cos=50
Mississippi_lag_12=49
Mississippi_lag_9=48
Arkansas_lag_6=47
Mississippi_lag_8=47
Arkansas_lag_11=47
Louisiana_ewm_alpha_0.1=46
Arkansas_lag_1=45
California_current=44
Arkansas_lag_5=43
Louisiana_diff_1=43
Louisiana_roll_max_2=42
Louisiana_cumulative_mean=42
Arkansas_current=41
California_lag_3=40
Arkansas_lag_10=40
US_current=40
Colorado_current=40
week_cos=39
Louisiana_pct_change_52=38
Mississippi_lag_10=37
Louisiana_lag_2=36
Arkansas_lag_2=36
Arkansas_lag_4=36
Louisiana_roll_std_8=36
California_lag_7=35
Illinois_current=34
California_lag_2=33
Louisiana_lag_3=33
Mississippi_lag_6=33
Louisiana_roll_max_4=33
Louisiana_momentum_12=33
Mississippi_lag_4=32
Louisiana_lag_6=32
Louisiana_lag_1=31
Mississippi_lag_5=31
Louisiana_lag_7=31
Alaska_current=31
California_lag_5=29
Louisiana_lag_8=29
Louisiana_lag_10=29
California_lag_52=29
Louisiana_pct_change_2=29
Louisiana_diff_4=29
Louisiana_roll_max_12=28
Mississippi_lag_7=27
Louisiana_lag_52=27
Arkansas_lag_7=26
Arkansas_lag_9=25
Louisiana_diff_2=25
Arkansas_lag_8=24
Louisiana_pct_change_8=24
Louisiana_lag_5=23
California_lag_1=22
Mississippi_lag_52=22
Louisiana_diff_8=20
week_sin=20
Louisiana_roll_mean_4=18
Louisiana_momentum_8=17
Louisiana_roll_mean_8=16
Louisiana_roll_min_4=15
Louisiana_pct_change_4=15
Louisiana_lag_9=14
Louisiana_roll_mean_12=14
Louisiana_diff_52=13
Louisiana_momentum_4=9
Louisiana_roll_min_8=7
Louisiana_roll_max_8=7
Louisiana_roll_min_12=4

parameters:
[boosting: gbdt]
[objective: regression]
[metric: l1]
[tree_learner: serial]
[device_type: cpu]
[data_sample_strategy: bagging]
[data: ]
[valid: ]
[num_iterations: 800]
[learning_rate: 0.1]
[num_leaves: 8]
[num_threads: 16]
[seed: 0]
[deterministic: 0]
[force_col_wise: 0]
[force_row_wise: 0]
[histogram_pool_size: -1]
[max_depth: 3]
[min_data_in_leaf: 17]
[min_sum_hessian_in_leaf: 0.001]
[bagging_fraction: 1]
[pos_bagging_fraction: 1]
[neg_bagging_fraction: 1]
[bagging_freq: 0]
[bagging_seed: 3]
[feature_fraction: 1]
[feature_fraction_bynode: 1]
[feature_fraction_seed: 2]
[extra_trees: 0]
[extra_seed: 6]
[early_stopping_round: 0]
[first_metric_only: 0]
[max_delta_step: 0]
[lambda_l1: 0]
[lambda_l2: 0]
[linear_lambda: 0]
[min_gain_to_split: 0]
[drop_rate: 0.1]
[max_drop: 50]
[skip_drop: 0.5]
[xgboost_dart_mode: 0]
[uniform_drop: 0]
[drop_seed: 4]
[top_rate: 0.2]
[other_rate: 0.1]
[min_data_per_group: 100]
[max_cat_threshold: 32]
[cat_l2: 10]
[cat_smooth: 10]
[max_cat_to_onehot: 4]
[top_k: 20]
[monotone_constraints: ]
[monotone_constraints_method: basic]
[monotone_penalty: 0]
[feature_contri: ]
[forcedsplits_filename: ]
[refit_decay_rate: 0.9]
[cegb_tradeoff: 1]
[cegb_penalty_split: 0]
[cegb_penalty_feature_lazy: ]
[cegb_penalty_feature_coupled: ]
[path_smooth: 0]
[interaction_constraints: ]
[verbosity: -1]
[saved_feature_importance_type: 0]
[use_quantized_grad: 0]
[num_grad_quant_bins: 4]
[quant_train_renew_leaf: 0]
[stochastic_rounding: 1]
[linear_tree: 0]
[max_bin: 255]
[max_bin_by_feature: ]
[min_data_in_bin: 3]
[bin_construct_sample_cnt: 200000]
[data_random_seed: 1]
[is_enable_sparse: 1]
[enable_bundle: 1]
[use_missing: 1]
[zero_as_missing: 0]
[feature_pre_filter: 1]
[pre_partition: 0]
[two_round: 0]
[header: 0]
[label_column: ]
[weight_column: ]
[group_column: ]
[ignore_column: ]
[categorical_feature: ]
[forcedbins_filename: ]
[precise_float_parser: 0]
[parser_config_file: ]
[objective_seed: 5]
[num_class: 1]
[is_unbalance: 0]
[scale_pos_weight: 1]
[sigmoid: 1]
[boost_from_average: 1]
[reg_sqrt: 0]
[alpha: 0.9]
[fair_c: 1]
[poisson_max_delta_step: 0.7]
[tweedie_variance_power: 1.5]
[lambdarank_truncation_level: 30]
[lambdarank_norm: 1]
[label_gain: ]
[lambdarank_position_bias_regularization: 0]
[eval_at: ]
[multi_error_top_k: 1]
[auc_mu_weights: ]
[num_machines: 1]
[local_listen_port: 12400]
[time_out: 120]
[machine_list_filename: ]
[machines: ]
[gpu_platform_id: -1]
[gpu_device_id: -1]
[gpu_use_dp: 0]
[num_gpu: 1]

end of parameters

pandas_categorical:[]
