tree
version=v4
num_class=1
num_tree_per_iteration=1
label_index=0
max_feature_idx=104
objective=regression
feature_names=Missouri_lag_1 US_lag_1 Texas_lag_1 Illinois_lag_1 Missouri_lag_2 US_lag_2 Texas_lag_2 Illinois_lag_2 Missouri_lag_3 US_lag_3 Texas_lag_3 Illinois_lag_3 Missouri_lag_4 US_lag_4 Texas_lag_4 Illinois_lag_4 Missouri_lag_5 US_lag_5 Texas_lag_5 Illinois_lag_5 Missouri_lag_6 US_lag_6 Texas_lag_6 Illinois_lag_6 Missouri_lag_7 US_lag_7 Texas_lag_7 Illinois_lag_7 Missouri_lag_8 US_lag_8 Texas_lag_8 Illinois_lag_8 Missouri_lag_9 US_lag_9 Texas_lag_9 Illinois_lag_9 Missouri_lag_10 US_lag_10 Texas_lag_10 Illinois_lag_10 Missouri_lag_11 US_lag_11 Texas_lag_11 Illinois_lag_11 Missouri_lag_12 US_lag_12 Texas_lag_12 Illinois_lag_12 Missouri_lag_52 US_lag_52 Texas_lag_52 Illinois_lag_52 Missouri_roll_mean_2 Missouri_roll_std_2 Missouri_roll_min_2 Missouri_roll_max_2 Missouri_roll_mean_4 Missouri_roll_std_4 Missouri_roll_min_4 Missouri_roll_max_4 Missouri_roll_mean_8 Missouri_roll_std_8 Missouri_roll_min_8 Missouri_roll_max_8 Missouri_roll_mean_12 Missouri_roll_std_12 Missouri_roll_min_12 Missouri_roll_max_12 Missouri_ewm_alpha_0.1 Missouri_ewm_alpha_0.3 Missouri_ewm_alpha_0.5 Missouri_diff_1 Missouri_pct_change_1 Missouri_diff_2 Missouri_pct_change_2 Missouri_diff_4 Missouri_pct_change_4 Missouri_diff_8 Missouri_pct_change_8 Missouri_diff_52 Missouri_pct_change_52 Missouri_momentum_4 Missouri_momentum_8 Missouri_momentum_12 week_sin week_cos quarter_sin quarter_cos month_sin month_cos is_flu_season is_peak_flu Missouri_cumulative_mean Missouri_trend_8w Missouri_trend_12w US_current Texas_current Illinois_current Indiana_current Minnesota_current Washington_current Colorado_current New_Mexico_current Florida_current Wyoming_current
feature_infos=[0:7.4512416849876759] [0:11.031658643445782] [0:8.4904384541074176] [0:7.7706452341291765] [0:7.4512416849876759] [0:11.031658643445782] [0:8.4904384541074176] [0:7.7706452341291765] [0:7.4512416849876759] [0:11.031658643445782] [0:8.4904384541074176] [0:7.7706452341291765] [0:7.4512416849876759] [0:11.031658643445782] [0:8.4904384541074176] [0:7.7706452341291765] [0:7.4512416849876759] [0:11.031658643445782] [0:8.4904384541074176] [0:7.7706452341291765] [0:7.4512416849876759] [0:11.031658643445782] [0:8.4904384541074176] [0:7.7706452341291765] [0:7.4512416849876759] [0:11.031658643445782] [0:8.4904384541074176] [0:7.7706452341291765] [0:7.4512416849876759] [0:11.031658643445782] [0:8.4904384541074176] [0:7.7706452341291765] [0:7.4512416849876759] [0:11.031658643445782] [0:8.4904384541074176] [0:7.7706452341291765] [0:7.4512416849876759] [0:11.031658643445782] [0:8.4904384541074176] [0:7.7706452341291765] [0:7.4512416849876759] [0:11.031658643445782] [0:8.4904384541074176] [0:7.7706452341291765] [0:7.4512416849876759] [0:11.031658643445782] [0:8.4904384541074176] [0:7.7706452341291765] [0:7.4512416849876759] [0:11.031658643445782] [0:8.4904384541074176] [0:7.3752557780097545] [0.69314718055994529:7.4383835300443071] [0:6.242922482310731] [0.69314718055994529:7.4253578870271513] [0.69314718055994529:7.4512416849876759] [0.69314718055994529:7.3211885567394779] [0:6.5243401834966104] [0.69314718055994529:7.0282014320580046] [0.69314718055994529:7.4512416849876759] [0.69314718055994529:7.0827584549684115] [0:6.5750874583278458] [0.69314718055994529:6.4199949281471422] [0.69314718055994529:7.4512416849876759] [0.69314718055994529:6.7732710516023422] [0:6.5510915754646879] [0.69314718055994529:6.280395838960195] [0.69314718055994529:7.4512416849876759] [2.9035683418470768:6.5680728368440366] [0.74073902333398245:7.1028153829525795] [0.6932497072212116:7.2958196347991375] [0:6.5889264775335192] [0:4.2626798770413155] [0:7.1996783456911722] [0:4.6347289882296359] [0:7.3670770598810122] [0:4.8441870864585912] [0:7.4436636831155907] [0:5.1416635565026603] [0:7.4139702901904441] [0:4.1431347263915326] [0:4.8441870764585913] [0:5.1416635465026603] [0:6.4150969491715957] [0:0.69313995585920651] [0:0.6931425567534768] [0:0.69312377246641454] [0:0.6931425567534768] [0:0.69314457966968368] [0:0.69310556604517093] [0:0.69314718055994529] [0:0.69314718055994529] [4.3820266346738812:5.3395603250820862] none none [0.69314718055994529:11.031658643445782] [0.69314718055994529:8.4904384541074176] [0.69314718055994529:7.7706452341291765] [0.69314718055994529:7.4489161025442003] [0:6.9697906699015899] [0.69314718055994529:6.9508147684425836] [0:6.7226297948554485] [0:6.3456363608285962] [0.69314718055994529:8.2430194689892495] [0:4.7621739347977563]
tree_sizes=782 803 806 817 817 811 825 812 813 833 811 844 807 845 842 841 828 822 826 827 828 856 744 746 876 748 761 763 846 766 877 699 752 830 765 774 754 857 828 783 603 758 683 582 517 798 601 521 612 515 784 602 517 878 516 519 781 785 521 786 886 586 811 517 781 812 783 772 618 779 621 535 786 704 692 760 707 691 802 796 783 782 768 782 692 618 789 769 618 802 686 808 684 708 886 790 693 889 712 619 709 757 807 690 770 798 792 841 696 759 803 787 633 593 873 702 693 790 870 635 789 804 780 691 862 708 777 706 877 911 902 689 687 784 808 892 702 775 622 694 622 623 791 793 622 764 880 803 785 706 908 524 636 816 892 625 801 708 862 805 879 810 788 707 708 881 893 904 876 783 866 912 900 624 873 705 779 711 815 879 838 778 887 793 832 878 818 880 625 884 888 637 798 811 787 867 863 793 775 808 600 527 781 796 873 826 895 889 526 823 791 811 725 641 595 828 836 902 876 782 901 815 794 825 768 811 872 889 792 699 895 542 625 879 863 787 878 892 703 727 799 864 723 815 813 804 914 898 829 542 891 642 881 909 896 709 712 815 858 828 693 810 613 826 526 627 917 828 527 765 703 916 890 828 809 813 831 781 615 810 900 628 809 855 858 913 696 874 728 922 898 526 788 528 889 728 814 694 807 697 542 868 808 532 525 874 715 527 624 795 728 719 873 811 917 716 723 833 893 827 888 540 902 785 825 616 927 890 712 872 877 526 709 847 530 922 907 822 770 610 810 815 713 910 789 542 797 813 788 528 713 643 698 799 871 645 805 699 877 544 531 800 699 718 623 713 877 878 814 529 629 700 602 858 803 924 901 790 803 829 630 717 729 804 700 727 546 542 811 810 906 913 534 822 874 731 848 843 531 798 804 773 804 923 744 807 900 804 804 823 802 887 732 803 702 818 836 832 876 928 632 734 534 714 905 819 884 732 888 730 793 645 631 731 834 815 907 799 819 835 748 729 544 722 824 924 595 819 717 719 922 701 835 906 701 910 834 803 929 533 714 876 879 836 791 802 832 701 790 803 717 914 646 910 530 614 831 834 881 716 878 714 793 857 918 826 815 716 858 718 820 732 893 896 828 820 810 532 720 821 719 742 719 814 862 935 897 892 791 719 933 828 914 712 953 831 786 775 802 914 895 894 648 605 955 806 647 718 823 924 646 706 731 833 729 709 782 546 648 726 752 531 923 806 898 841 720 893 707 816 919 951 901 944 725 791 827 648 634 702 741 792 651 808 838 735 899 535 722 815 738 899 796 825 707 834 853 725 908 732 916 842 798 821 886 787 613 721 808 637 707 534 807 880 720 720 820 911 652 906

Tree=0
num_leaves=8
num_cat=0
split_feature=85 54 96 45 65 70 77
split_gain=1136.39 149.23 113.411 91.2261 37.8722 29.2728 23.0282
threshold=1.0000000180025095e-35 3.0433873634561537 6.8145422947926138 7.945487099137444 2.1314262942704425 4.8772522041324997 4.8202490463373602
decision_type=2 2 2 2 2 2 2
left_child=1 3 4 -1 -2 -3 -4
right_child=2 5 6 -5 -6 -7 -8
leaf_value=3.7160393113478998 3.7702812532042236 3.7421403429194484 3.9761557177160949 3.5653709964629998 3.9251228598425794 3.8659682771565902 4.0644454801495877
leaf_weight=64 18 60 45 108 129 28 86
leaf_count=64 18 60 45 108 129 28 86
internal_value=3.82591 3.67562 3.96646 3.62143 3.90616 3.78154 4.03412
internal_weight=0 260 278 172 147 88 131
internal_count=538 260 278 172 147 88 131
is_linear=0
shrinkage=1


Tree=1
num_leaves=8
num_cat=0
split_feature=85 54 2 37 77 70 63
split_gain=920.474 124.109 96.4464 56.5716 39.6773 35.7297 15.2953
threshold=1.0000000180025095e-35 2.249904835165133 5.5759204062713987 7.3644890542046939 4.8202490463373602 4.8772522041324997 3.3497501700808394
decision_type=2 2 2 2 2 2 2
left_child=1 3 6 -1 -4 -3 -2
right_child=2 5 4 -5 -6 -7 -8
leaf_value=-0.11169309983758823 -0.048650310217942062 -0.092178367486838067 0.11998117551660148 -0.24827475804375132 0.20829084460268318 0.036056189579955704 0.055422213927588684
leaf_weight=46 19 97 107 89 97 28 55
leaf_count=46 19 97 107 89 97 28 55
internal_value=0 -0.135254 0.126497 -0.201736 0.161972 -0.0634538 0.0287009
internal_weight=0 260 278 135 204 125 74
internal_count=538 260 278 135 204 125 74
is_linear=0
shrinkage=0.1


Tree=2
num_leaves=8
num_cat=0
split_feature=85 103 2 33 77 1 92
split_gain=745.584 101.176 78.1216 73.7587 32.1386 27.4566 13.2605
threshold=1.0000000180025095e-35 4.6442059536981697 5.5759204062713987 6.2633529090608215 4.8202490463373602 7.4471545896376323 4.8822073219298732
decision_type=2 2 2 2 2 2 2
left_child=1 3 6 -1 -4 -3 -2
right_child=2 5 4 -5 -6 -7 -8
leaf_value=-0.014757689088582993 0.073015309012297427 -0.093894421364422206 0.10798305958927235 -0.20208433626967512 0.1874617631287919 0.0094880779615926503 -0.01214697399153942
leaf_weight=25 33 54 107 132 97 49 41
leaf_count=25 33 54 107 132 97 49 41
internal_value=0 -0.121729 0.113847 -0.172255 0.145774 -0.0447125 0.0258308
internal_weight=0 260 278 157 204 103 74
internal_count=538 260 278 157 204 103 74
is_linear=0
shrinkage=0.1


Tree=3
num_leaves=8
num_cat=0
split_feature=85 55 103 87 25 2 35
split_gain=607.383 102.613 58.3622 36.3652 32.6438 22.9607 10.7826
threshold=0.093182427544863916 2.524928003624769 6.1484317689059056 0.053353963967756303 5.2670071855572038 5.5759204062713987 4.8977284041612128
decision_type=2 2 2 2 2 2 2
left_child=1 4 5 -3 -1 -2 -4
right_child=2 3 6 -5 -6 -7 -8
leaf_value=-0.03453095506078431 0.026453497430812274 -0.10553687510105808 0.20564579442143441 -0.011598377038226514 -0.19787817935353702 0.1032362739975546 0.13826224905379275
leaf_weight=13.999999999999998 63 74 48 93 97 102 47
leaf_count=14 63 74 48 93 97 102 47
internal_value=0 -0.102755 0.109869 -0.0532238 -0.177276 0.0739192 0.172309
internal_weight=0 278 260 167 111 165 95
internal_count=538 278 260 167 111 165 95
is_linear=0
shrinkage=0.1


Tree=4
num_leaves=8
num_cat=0
split_feature=85 54 39 95 97 47 65
split_gain=491.98 83.3474 58.6417 47.6699 17.3034 16.5776 11.575
threshold=0.093182427544863916 3.0433873634561537 3.8276953224130765 8.756838031470167 5.2522597220941352 5.1298812082267613 2.080707470549148
decision_type=2 2 2 2 2 2 2
left_child=1 2 -1 6 -3 -5 -2
right_child=3 4 -4 5 -6 -7 -8
leaf_value=-0.074521030070768157 -0.048561713953192039 -0.048899358425114774 -0.18870479448334032 0.15722633439302447 0.039378101926516085 0.091734965500377477 0.056355281823917351
leaf_weight=88 11.999999999999998 64 92 100 34 63 85
leaf_count=88 12 64 92 100 34 63 85
internal_value=0 -0.0924798 -0.132882 0.0988823 -0.0182725 0.131914 0.0433759
internal_weight=0 278 180 260 98 163 97
internal_count=538 278 180 260 98 163 97
is_linear=0
shrinkage=0.1


Tree=5
num_leaves=8
num_cat=0
split_feature=85 103 37 103 55 84 75
split_gain=399.005 64.7129 50.1371 48.4781 20.3091 17.8136 9.12661
threshold=1.0000000180025095e-35 4.6442059536981697 7.0518552481501855 6.1484317689059056 4.2121001622835381 0.6114685839755698 3.7373860911989358
decision_type=2 2 2 2 2 2 2
left_child=1 2 -1 4 -2 -3 -5
right_child=3 5 -4 6 -6 -7 -8
leaf_value=-0.038897666961631994 -0.0063931327821178871 -0.054743762526454201 -0.16472176539884731 0.093356946162108725 0.071697404627164785 0.035922837714033741 0.1603588556542116
leaf_weight=44 44 72 113 29 137 31 68
leaf_count=44 44 72 113 29 137 31 68
internal_value=0 -0.08905 -0.129459 0.0832842 0.0527141 -0.0274558 0.140327
internal_weight=0 260 157 278 181 103 97
internal_count=538 260 157 278 181 103 97
is_linear=0
shrinkage=0.1


Tree=6
num_leaves=8
num_cat=0
split_feature=85 55 77 87 29 104 6
split_gain=324.945 61.9666 34.0211 23.7657 22.1847 12.8732 11.1032
threshold=0.093182427544863916 2.524928003624769 4.1270042952824229 0.37213170253503708 4.8361559147623279 2.8029010331479989 5.4116061905722832
decision_type=2 2 2 2 2 2 2
left_child=1 4 6 -3 -1 -4 -2
right_child=2 3 5 -5 -6 -7 -8
leaf_value=0.027344329841434957 -0.00067678268912226653 -0.07072822634009239 0.091221267441959741 0.0051136998459696773 -0.14552771878039952 0.15410474429325183 0.063712341821109741
leaf_weight=7.9999999999999991 43 92 97 75 103 49 71
leaf_count=8 43 92 97 75 103 49 71
internal_value=0 -0.0751585 0.0803618 -0.0366675 -0.133068 0.112326 0.0394252
internal_weight=0 278 260 167 111 146 114
internal_count=538 278 260 167 111 146 114
is_linear=0
shrinkage=0.1


Tree=7
num_leaves=8
num_cat=0
split_feature=85 103 33 103 55 64 35
split_gain=263.206 51.5143 41.2168 28.8367 17.5982 11.5572 6.97631
threshold=0.093182427544863916 4.3943729409690677 6.4891310167150369 6.1484317689059056 3.2384861814448418 2.9422411734299216 4.8977284041612128
decision_type=2 2 2 2 2 2 2
left_child=1 2 -1 5 -3 -2 -5
right_child=3 4 -4 6 -6 -7 -8
leaf_value=-0.011355350713026437 -0.010257716810908812 -0.071431320274005769 -0.13680693103948183 0.14303079430634777 0.0055148793362258452 0.059276805168894289 0.088830067550248304
leaf_weight=34 29 46 114 48 84 136 47
leaf_count=34 29 46 114 48 84 136 47
internal_value=0 -0.0676427 -0.107987 0.0723256 -0.0217122 0.0470556 0.116216
internal_weight=0 278 148 260 130 165 95
internal_count=538 278 148 260 130 165 95
is_linear=0
shrinkage=0.1


Tree=8
num_leaves=8
num_cat=0
split_feature=85 54 39 77 97 96 104
split_gain=213.645 40.7997 30.0511 29.3923 11.0988 9.33105 8.90464
threshold=1.0000000180025095e-35 3.2384861814448418 4.3693677306817369 4.1270042952824229 5.2522597220941352 5.1298812082267613 2.8029010331479989
decision_type=2 2 2 2 2 2 2
left_child=1 2 -1 5 -3 -2 -5
right_child=3 4 -4 6 -6 -7 -8
leaf_value=-0.053491737181320789 -0.019875424154893018 -0.032158507986379592 -0.13626805254852917 0.074084798533469443 0.046469330160806961 0.041765254212077711 0.12612071747378426
leaf_weight=93 33 58 83 100 26 96 49
leaf_count=93 33 58 83 100 26 96 49
internal_value=0 -0.0651614 -0.0925283 0.0609423 -0.00782132 0.0259967 0.0911973
internal_weight=0 260 176 278 84 129 149
internal_count=538 260 176 278 84 129 149
is_linear=0
shrinkage=0.1


Tree=9
num_leaves=8
num_cat=0
split_feature=85 55 96 87 25 103 51
split_gain=175.179 39.9696 18.4101 17.4515 16.266 7.10338 4.20048
threshold=0.19598304410267828 2.3937458713910238 6.2460391568005056 0.053353963967756303 5.2670071855572038 5.6418819206652282 5.081385075233106
decision_type=2 2 2 2 2 2 2
left_child=1 4 6 -3 -1 -4 -2
right_child=2 3 5 -5 -6 -7 -8
leaf_value=0.00049727335572242743 -0.00098208954324945823 -0.060969339692536255 0.053956861329860377 0.00068046041194285301 -0.11512100159400894 0.096503905025734138 0.049518341504569567
leaf_weight=13.999999999999998 40 76 61 116 93 110 28
leaf_count=14 40 76 61 116 93 110 28
internal_value=0 -0.0510168 0.0638244 -0.0237226 -0.0999934 0.0813263 0.0198122
internal_weight=0 299 239 192 107 171 68
internal_count=538 299 239 192 107 171 68
is_linear=0
shrinkage=0.1


Tree=10
num_leaves=8
num_cat=0
split_feature=54 39 77 2 103 97 103
split_gain=143.092 34.3391 28.23 17.3039 11.0514 8.64351 7.83122
threshold=3.5549397315361362 3.8276953224130765 3.4006415172358104 2.4708212113046524 4.7273486598447958 5.2522597220941352 5.0937313815282925
decision_type=2 2 2 2 2 2 2
left_child=1 3 5 -1 -3 -2 -4
right_child=2 4 6 -5 -6 -7 -8
leaf_value=-0.092033109634087007 -0.015230102795811202 -0.12030117262767842 0.028821417079854979 -0.0039945664057104866 -0.045138468922903907 0.035212053873443179 0.082439716358798265
leaf_weight=29 66 79 34 97 26 70 137
leaf_count=29 66 79 34 97 26 70 137
internal_value=0 -0.0594538 0.0447356 -0.0242574 -0.101689 0.0107328 0.0717788
internal_weight=0 231 307 126 105 136 171
internal_count=538 231 307 126 105 136 171
is_linear=0
shrinkage=0.1


Tree=11
num_leaves=8
num_cat=0
split_feature=85 54 43 96 102 80 12
split_gain=117.652 26.8287 22.2618 12.6984 6.64963 5.83241 3.43877
threshold=0.19598304410267828 3.2384861814448418 4.8121513051691478 6.2460391568005056 3.7494348669884658 2.0126758453675748 2.602003343538398
decision_type=2 2 2 2 2 2 2
left_child=1 2 -1 6 -3 -5 -2
right_child=3 4 -4 5 -6 -7 -8
leaf_value=-0.035931892728798896 -0.024787910831946647 -0.016084810643714954 -0.10551455419701644 0.061325783301500764 0.041869579717660178 0.12868674865790777 0.028226565931422205
leaf_weight=112 15.999999999999998 83 78 157 26 13.999999999999998 52
leaf_count=112 16 83 78 157 26 14 52
internal_value=0 -0.0418092 -0.0644974 0.0523052 -0.00226083 0.0668407 0.0157526
internal_weight=0 299 190 239 109 171 68
internal_count=538 299 190 239 109 171 68
is_linear=0
shrinkage=0.1


Tree=12
num_leaves=8
num_cat=0
split_feature=85 103 33 96 98 43 86
split_gain=95.2979 22.549 24.5562 10.634 8.08824 6.65797 5.3993
threshold=0.19598304410267828 4.7094896185437563 6.2633529090608215 7.0917407308224298 3.4334666422309414 4.4885732424042368 0.30635400173417754
decision_type=2 2 2 2 2 2 2
left_child=1 2 -1 6 -3 -5 -2
right_child=3 4 -4 5 -6 -7 -8
leaf_value=0.01820218035894813 0.047411875358199351 -0.028924708552353209 -0.077194254330793605 0.10535840339958669 0.023467388379861388 0.048676319299049156 0.0096760779640708977
leaf_weight=33 91 61 148 40 57 43 65
leaf_count=33 91 61 148 40 57 43 65
internal_value=0 -0.0376282 -0.0598015 0.0470747 -0.00361666 0.075993 0.0316886
internal_weight=0 299 181 239 118 83 156
internal_count=538 299 181 239 118 83 156
is_linear=0
shrinkage=0.1


Tree=13
num_leaves=8
num_cat=0
split_feature=77 103 97 98 103 31 5
split_gain=79.2045 30.3103 15.2725 9.44012 5.09807 3.09242 2.62424
threshold=3.4006415172358104 4.3943729409690677 5.4424083402947536 3.4334666422309414 6.3061687169044527 4.8977284041612128 7.5742795968135601
decision_type=2 2 2 2 2 2 2
left_child=1 2 -1 -3 6 -6 -2
right_child=4 3 -4 -5 5 -7 -8
leaf_value=-0.069168667045646712 0.091585965289009946 -0.023788193466464935 0.053050003133036872 0.019777198622722439 0.092112555745534785 0.050632074684835972 0.035233043459166849
leaf_weight=145 8.9999999999999982 98 10.999999999999998 101 41 32 101
leaf_count=145 9 98 11 101 41 32 101
internal_value=0 -0.0275483 -0.0605507 -0.00167712 0.0534407 0.0739293 0.0398437
internal_weight=0 355 156 199 183 73 110
internal_count=538 355 156 199 183 73 110
is_linear=0
shrinkage=0.1


Tree=14
num_leaves=8
num_cat=0
split_feature=54 45 85 97 103 27 80
split_gain=64.6517 19.1164 13.8636 10.0492 7.65465 6.41939 4.88409
threshold=3.5549397315361362 7.6902834072304618 0.41285709758620598 4.234001473612734 4.1583945635357589 6.2245564686794177 2.0126758453675748
decision_type=2 2 2 2 2 2 2
left_child=1 3 5 -1 -3 -2 -4
right_child=2 4 6 -5 -6 -7 -8
leaf_value=-0.020434024280984887 0.02153734249624667 -0.082339343902739615 0.044909409010724634 0.070640465191432411 -0.029117381443621783 -0.02455268124325408 0.11694655835628509
leaf_weight=90 92 88 160 13.999999999999998 39 45 9.9999999999999982
leaf_count=90 92 88 160 14 39 45 10
internal_value=0 -0.0399634 0.0300701 -0.008174 -0.0659956 0.00639828 0.0491469
internal_weight=0 231 307 104 127 137 170
internal_count=538 231 307 104 127 137 170
is_linear=0
shrinkage=0.1


Tree=15
num_leaves=8
num_cat=0
split_feature=77 103 97 98 47 35 80
split_gain=53.4534 20.6857 10.687 5.79218 3.85194 5.01989 2.26348
threshold=3.4006415172358104 4.7094896185437563 5.4116061905722832 3.4334666422309414 2.1910133173369415 4.7270352784493914 0.30045746148370017
decision_type=2 2 2 2 2 2 2
left_child=1 2 -1 -3 6 -6 -2
right_child=4 3 -4 -5 5 -7 -8
leaf_value=-0.052740131486860811 0.034258739444545806 -0.017067043884227029 0.035292050639788311 0.02003770168249806 0.078413179885669093 0.036501566486862994 -0.010950150606887681
leaf_weight=171 53 79 14.999999999999998 90 51 65 13.999999999999998
leaf_count=171 53 79 15 90 51 65 14
internal_value=0 -0.0226312 -0.0456408 0.00269288 0.0439021 0.0549282 0.0248121
internal_weight=0 355 186 169 183 116 67
internal_count=538 355 186 169 183 116 67
is_linear=0
shrinkage=0.1


Tree=16
num_leaves=8
num_cat=0
split_feature=103 45 4 56 75 96 87
split_gain=43.779 18.5008 9.62868 8.33337 7.29353 3.46883 3.29203
threshold=5.1984817689835037 7.8343919894639269 5.0688844241303981 2.4526373892192153 3.5831329870668194 4.9199542854466296 0.40297443680761902
decision_type=2 2 2 2 2 2 2
left_child=1 3 -3 -1 5 -2 -6
right_child=4 2 -4 -5 6 -7 -8
leaf_value=-0.034011569900645154 -0.02640152790118009 -0.056331846974147809 0.016119056886860304 0.017807327167160113 0.06819152665945391 0.023490451237497233 0.031938828268023425
leaf_weight=45 15.999999999999998 145 21 100 60 108 43
leaf_count=45 16 145 21 100 60 108 43
internal_value=0 -0.0243711 -0.0471664 0.0017256 0.0333895 0.0170528 0.0530569
internal_weight=0 311 166 145 227 124 103
internal_count=538 311 166 145 227 124 103
is_linear=0
shrinkage=0.1


Tree=17
num_leaves=8
num_cat=0
split_feature=85 2 87 38 96 39 86
split_gain=35.8608 11.089 7.42538 7.03318 4.59646 3.51973 2.77225
threshold=0.28684273906628355 3.0433873634561537 0.053353963967756303 1.0397207708399181 7.0917407308224298 4.7270352784493914 0.022320104092382376
decision_type=2 2 2 2 2 2 2
left_child=1 3 -3 -1 6 -6 -2
right_child=4 2 -4 -5 5 -7 -8
leaf_value=0.014825087940941254 0.0341936895357711 -0.033973117237910626 0.0020966585160633075 -0.068813243718637576 0.0713264913391322 0.029375762048875917 0.005843727666583351
leaf_weight=11.999999999999998 70 90 156 62 40 40 68
leaf_count=12 70 90 156 62 40 40 68
internal_value=0 -0.0213094 -0.0110996 -0.0552503 0.0312799 0.0503511 0.0202241
internal_weight=0 320 246 74 218 80 138
internal_count=538 320 246 74 218 80 138
is_linear=0
shrinkage=0.1


Tree=18
num_leaves=8
num_cat=0
split_feature=103 45 97 3 2 38 43
split_gain=30.4525 13.4217 7.69308 7.17199 5.1696 3.87719 1.31341
threshold=5.1984817689835037 8.0721428392242824 5.3229028885512628 3.1984648276080736 5.5529295377475458 5.8021138116885078 6.210592012573561
decision_type=2 2 2 2 2 2 2
left_child=1 3 -3 -1 6 -6 -2
right_child=4 2 -4 -5 5 -7 -8
leaf_value=-0.01724884317930233 -0.0056673193664249525 -0.051374872116139163 0.0082900140004662365 0.026356069911280575 0.054222263036415468 0.023788724785131932 0.038233515527099374
leaf_weight=94 46 128 26 63 71 102 7.9999999999999991
leaf_count=94 46 128 26 63 71 102 8
internal_value=0 -0.0203261 -0.0413016 0.00024867 0.0278476 0.0362788 0.000836508
internal_weight=0 311 154 157 227 173 54
internal_count=538 311 154 157 227 173 54
is_linear=0
shrinkage=0.1


Tree=19
num_leaves=8
num_cat=0
split_feature=103 43 98 97 97 75 55
split_gain=24.8989 10.1708 8.45599 7.77759 6.09456 3.25002 2.03692
threshold=4.7094896185437563 4.8121513051691478 3.4334666422309414 5.3229028885512628 4.234001473612734 3.0900083268262866 2.3937458713910238
decision_type=2 2 2 2 2 2 2
left_child=1 4 6 -3 -1 -4 -2
right_child=2 3 5 -5 -6 -7 -8
leaf_value=-0.02030942756080014 -0.050949657112360006 -0.062618343759237277 0.015461670972373604 0.01170217175694073 0.030891701177461074 0.039147448355409627 -0.0030796276426190163
leaf_weight=85 9.9999999999999982 82 112 17 32 120 80
leaf_count=85 10 82 112 17 32 120 80
internal_value=0 -0.0262664 0.0176197 -0.0498562 -0.0063057 0.0277129 -0.00839852
internal_weight=0 216 322 99 117 232 90
internal_count=538 216 322 99 117 232 90
is_linear=0
shrinkage=0.1


Tree=20
num_leaves=8
num_cat=0
split_feature=103 43 3 60 95 17 87
split_gain=20.4248 9.40832 7.45351 6.21413 3.70025 3.94369 1.3636
threshold=5.1984817689835037 4.8121513051691478 5.4424083402947536 2.1251396819214308 8.6235285545285887 7.7693228296140928 0.17855064670070073
decision_type=2 2 2 2 2 2 2
left_child=1 3 -3 -1 6 -6 -2
right_child=4 2 -4 -5 5 -7 -8
leaf_value=-0.026500141478115413 0.01408081373827922 -0.050825026543687424 0.0054326152000876687 0.011934672977678994 0.09194770097732545 0.027075763020489443 -0.015288479447364809
leaf_weight=66 43 98 31 116 9.9999999999999982 149 25
leaf_count=66 43 98 31 116 10 149 25
internal_value=0 -0.0166464 -0.0373057 -0.00200323 0.0228063 0.0311558 0.00328328
internal_weight=0 311 129 182 227 159 68
internal_count=538 311 129 182 227 159 68
is_linear=0
shrinkage=0.1


Tree=21
num_leaves=8
num_cat=0
split_feature=103 43 3 92 96 97 5
split_gain=16.5441 7.62074 6.03735 5.38504 3.26038 2.3271 1.09157
threshold=5.1984817689835037 4.8121513051691478 5.4424083402947536 4.8837664364960629 4.9521436163533474 7.0929063147019322 7.2722816737008991
decision_type=2 2 2 2 2 2 2
left_child=1 3 -3 -1 6 -6 -2
right_child=4 2 -4 -5 5 -7 -8
leaf_value=0.01502431688569887 0.0010448015978909095 -0.045742523027774026 0.0048893537822990649 -0.019386404657506209 0.021287287327504602 0.062184786101182304 -0.046642841096036142
leaf_weight=93 12.000000000000002 98 31 89 192 14.999999999999998 7.9999999999999991
leaf_count=93 12 98 31 89 192 15 8
internal_value=0 -0.0149818 -0.0335752 -0.0018029 0.0205257 0.0242509 -0.0180303
internal_weight=0 311 129 182 227 207 20
internal_count=538 311 129 182 227 207 20
is_linear=0
shrinkage=0.1


Tree=22
num_leaves=7
num_cat=0
split_feature=103 27 51 77 49 87
split_gain=13.6419 7.97158 6.23556 4.76516 2.30248 2.00126
threshold=4.7094896185437563 6.2245564686794177 4.8282817362782584 3.4652473829758139 7.045775059315992 0.37213170253503708
decision_type=2 2 2 2 2 2
left_child=1 2 -1 4 -2 -5
right_child=3 -3 -4 5 -6 -7
leaf_value=-0.024333935402513995 -0.011476300631184131 -0.095356240700213965 0.01691372666391544 0.035239768618687425 0.011855355411295098 0.011521147713386293
leaf_weight=155 75 12.999999999999998 48 92 97 58
leaf_count=155 75 13 48 92 97 58
internal_value=0 -0.0194423 -0.0145808 0.013042 0.00168167 0.0260686
internal_weight=0 216 203 322 172 150
internal_count=538 216 203 322 172 150
is_linear=0
shrinkage=0.1


Tree=23
num_leaves=7
num_cat=0
split_feature=97 47 98 60 15 79
split_gain=11.3689 8.06917 5.43595 5.09058 3.16751 2.52807
threshold=5.4424083402947536 4.8121513051691478 1.8688348091416842 2.1251396819214308 4.2970771162761841 2.3502401828962087
decision_type=2 2 2 2 2 2
left_child=1 3 -3 -1 -2 -6
right_child=4 2 -4 -5 5 -7
leaf_value=-0.022599955330618093 0.078019115991062593 -0.055525578223168851 -0.01448235540845237 0.011596944691662335 0.0033091984403630101 0.027596729378215969
leaf_weight=61 8.9999999999999982 50 91 152 75 100
leaf_count=61 9 50 91 152 75 100
internal_value=0 -0.0104803 -0.0290367 0.00180347 0.0201632 0.0171878
internal_weight=0 354 141 213 184 175
internal_count=538 354 141 213 184 175
is_linear=0
shrinkage=0.1


Tree=24
num_leaves=8
num_cat=0
split_feature=103 31 4 57 96 27 5
split_gain=9.43228 5.73287 6.69454 6.43994 2.10237 1.78593 0.828391
threshold=5.1984817689835037 6.2245564686794177 5.0688844241303981 1.5371862475665397 4.9521436163533474 5.7461980868588691 7.2722816737008991
decision_type=2 2 2 2 2 2 2
left_child=1 3 -3 -1 6 -6 -2
right_child=4 2 -4 -5 5 -7 -8
leaf_value=-0.028262604041711284 0.0011546995267660042 -0.090921718709998656 0.011125934645533561 0.0036817079811218255 0.026012824155390264 0.007021514738614603 -0.040388215612620119
leaf_weight=95 12.000000000000002 18.000000000000004 9.9999999999999982 188 125 82 7.9999999999999991
leaf_count=95 12 18 10 188 125 82 8
internal_value=0 -0.0113123 -0.0544761 -0.00704165 0.0154983 0.0184897 -0.0154625
internal_weight=0 311 28 283 227 207 20
internal_count=538 311 28 283 227 207 20
is_linear=0
shrinkage=0.1


Tree=25
num_leaves=7
num_cat=0
split_feature=97 47 2 6 11 79
split_gain=7.88802 5.80714 4.68523 3.65018 2.66924 1.93213
threshold=5.4424083402947536 4.8121513051691478 5.8021138116885078 5.5052984857290932 4.6436507065561567 2.3502401828962087
decision_type=2 2 2 2 2 2
left_child=1 3 -3 -1 -2 -6
right_child=4 2 -4 -5 5 -7
leaf_value=-0.0056540172663517296 0.06990601337618299 -0.014196197853954595 -0.056809335273197474 0.025022381107669835 0.0019308013357222081 0.023163556929444898
leaf_weight=162 8.9999999999999982 107 34 51 75 100
leaf_count=162 9 107 34 51 75 100
internal_value=0 -0.00872972 -0.0244717 0.00169104 0.0167952 0.0140638
internal_weight=0 354 141 213 184 175
internal_count=538 354 141 213 184 175
is_linear=0
shrinkage=0.1


Tree=26
num_leaves=7
num_cat=0
split_feature=2 38 20 42 69 101
split_gain=7.20056 4.34294 4.61205 3.83893 5.93259 3.20152
threshold=3.0433873634561537 1.0397207708399181 3.0433873634561537 7.2370217595840707 5.0399927018106956 3.4960482137079443
decision_type=2 2 2 2 2 2
left_child=1 -1 -3 5 -5 -2
right_child=3 2 -4 4 -6 -7
leaf_value=0.026096587628126146 -0.0010067632232450064 -0.055035042271335079 0.0086516055464744574 -0.066791227294339076 0.00092566554110659204 0.01689700795048488
leaf_weight=11.999999999999998 193 47 14.999999999999998 18 46 207
leaf_count=12 193 47 15 18 46 207
internal_value=0 -0.0289691 -0.039627 0.00462007 -0.0181197 0.00825844
internal_weight=0 74 62 464 64 400
internal_count=538 74 62 464 64 400
is_linear=0
shrinkage=0.1


Tree=27
num_leaves=7
num_cat=0
split_feature=2 38 20 47 98 47
split_gain=5.83245 3.51778 3.73576 3.40304 3.31142 3.12039
threshold=3.0433873634561537 1.0397207708399181 3.0433873634561537 4.8242976514536702 2.1383330595080277 3.0433873634561537
decision_type=2 2 2 2 2 2
left_child=1 -1 -3 5 -5 -2
right_child=3 2 -4 4 -6 -7
leaf_value=0.023486929014325142 0.0039124173959042552 -0.049531538031519731 0.0077864454686641695 -0.033534634368760245 0.00027704766176785123 0.027041619654681368
leaf_weight=11.999999999999998 173 47 14.999999999999998 35 168 88
leaf_count=12 173 47 15 35 168 88
internal_value=0 -0.0260722 -0.0356643 0.00415807 -0.00555255 0.0117108
internal_weight=0 74 62 464 203 261
internal_count=538 74 62 464 203 261
is_linear=0
shrinkage=0.1


Tree=28
num_leaves=8
num_cat=0
split_feature=96 27 58 8 19 56 38
split_gain=4.95249 4.71073 5.61268 4.08548 3.57345 2.87992 1.79232
threshold=4.7534415364300813 5.4116061905722832 3.2951505240983434 1.8688348091416842 1.9356005054539458 1.8317808230648234 1.0397207708399181
decision_type=2 2 2 2 2 2 2
left_child=3 5 -3 6 -5 -2 -1
right_child=1 2 -4 4 -6 -7 -8
leaf_value=0.00078876200797302386 0.068994055539369589 -0.052967820892279797 0.0010512586885430162 0.035078139433806596 -0.011735416478699162 0.013949348601939469 -0.03882574997842312
leaf_weight=13.999999999999998 9.9999999999999982 22 153 22 63 192 62
leaf_count=14 10 22 153 22 63 192 62
internal_value=0 0.00626994 -0.00573971 -0.0146818 0.000381033 0.0166743 -0.0315283
internal_weight=0 377 175 161 85 202 76
internal_count=538 377 175 161 85 202 76
is_linear=0
shrinkage=0.1


Tree=29
num_leaves=7
num_cat=0
split_feature=97 15 57 98 58 79
split_gain=4.47655 3.42388 4.31542 3.53547 1.95076 1.94475
threshold=5.4424083402947536 5.3229028885512628 1.5371862475665397 2.3502401828962087 3.9316333620047872 2.3502401828962087
decision_type=2 2 2 2 2 2
left_child=1 2 -1 -3 -2 -6
right_child=4 3 -4 -5 5 -7
leaf_value=-0.019786341404309498 0.058056029346254139 -0.092268051952123648 0.0055121948593858505 -0.019289456651760982 -0.0021436083105022779 0.019235511402617776
leaf_weight=100 8.9999999999999982 7.9999999999999991 207 39 73 102
leaf_count=100 9 8 207 39 73 102
internal_value=0 -0.00657639 -0.00272837 -0.0317113 0.0126524 0.0103174
internal_weight=0 354 307 47 184 175
internal_count=538 354 307 47 184 175
is_linear=0
shrinkage=0.1


Tree=30
num_leaves=8
num_cat=0
split_feature=102 27 12 51 78 22 87
split_gain=3.75154 3.17664 9.57948 3.89559 2.11248 1.45874 1.28862
threshold=3.1345481418531311 6.2245564686794177 5.5093801410486734 4.8282817362782584 2.6416672906104979 7.8365657114726561 0.40297443680761902
decision_type=2 2 2 2 2 2 2
left_child=1 3 -3 -1 5 -2 -6
right_child=4 2 -4 -5 6 -7 -8
leaf_value=-0.011345249719546901 0.0094741371816950103 -0.11462099790573117 0.023794930875301365 0.013893652415341316 0.057686178173337654 -0.020446078417201839 0.011948729340325703
leaf_weight=218 172 10.000000000000002 9.9999999999999982 85 14.000000000000002 18 10.999999999999998
leaf_count=218 172 10 10 85 14 18 11
internal_value=0 -0.00681289 -0.045413 -0.00426503 0.0102352 0.00663959 0.0375617
internal_weight=0 323 20 303 215 190 25
internal_count=538 323 20 303 215 190 25
is_linear=0
shrinkage=0.1


Tree=31
num_leaves=6
num_cat=0
split_feature=103 39 84 97 8
split_gain=3.14796 3.66958 3.09503 1.25196 1.4332
threshold=5.1984817689835037 6.7627234926620226 0.62580442334017827 7.0929063147019322 6.9146712273475339
decision_type=2 2 2 2 2
left_child=1 2 -1 4 -2
right_child=3 -3 -4 -5 -6
leaf_value=-0.008205927736641817 0.0087092741634559098 -0.063262496753172442 0.023050530053054297 0.03687279338637988 -0.032071245213349663
leaf_weight=264 203 10.999999999999998 36 14.999999999999998 8.9999999999999982
leaf_count=264 203 11 36 15 9
internal_value=0 -0.00653516 -0.00445515 0.00895345 0.00697803
internal_weight=0 311 300 227 212
internal_count=538 311 300 227 212
is_linear=0
shrinkage=0.1


Tree=32
num_leaves=7
num_cat=0
split_feature=2 38 43 31 55 6
split_gain=2.82847 2.62468 3.26722 2.13409 3.27567 2.87082
threshold=2.4708212113046524 1.0397207708399181 4.4425820475484112 5.3470621771866655 3.7132745361986528 5.4847194494823395
decision_type=2 2 2 2 2 2
left_child=1 -1 -3 5 -5 -2
right_child=3 2 -4 4 -6 -7
leaf_value=0.023822704578439394 -0.00064998023754245118 -0.064414839621852432 -0.012272968433979082 -0.037714605474913565 -4.1963180685240144e-05 0.019677700347176964
leaf_weight=11.999999999999998 158 17 41 27 159 124
leaf_count=12 158 17 41 27 159 124
internal_value=0 -0.0187482 -0.0275559 0.00280421 -0.00551057 0.00828843
internal_weight=0 70 58 468 186 282
internal_count=538 70 58 468 186 282
is_linear=0
shrinkage=0.1


Tree=33
num_leaves=8
num_cat=0
split_feature=92 103 50 96 69 6 27
split_gain=2.4932 2.9574 4.52916 2.13757 2.30979 1.62782 1.48422
threshold=4.8770554845322565 4.3943729409690677 5.7267999994427079 4.9199542854466296 2.5747288800839834 3.2180751841847144 1.9356005054539458
decision_type=2 2 2 2 2 2 2
left_child=3 2 -2 6 -5 -3 -1
right_child=1 5 -4 4 -6 -7 -8
leaf_value=-0.032207222063751782 -0.0094264973543192222 -0.026105585073431331 -0.065213078715735007 0.064955432878600228 0.012503350457176566 0.0029333677966685658 0.0041635344425837197
leaf_weight=17 76 21 18 8.9999999999999982 125 239 33
leaf_count=17 76 21 18 9 125 239 33
internal_value=0 -0.00490789 -0.020109 0.00944235 0.0160263 0.000587914 -0.00820252
internal_weight=0 354 94 184 134 260 50
internal_count=538 354 94 184 134 260 50
is_linear=0
shrinkage=0.1


Tree=34
num_leaves=7
num_cat=0
split_feature=57 25 27 66 65 2
split_gain=2.03617 4.49226 2.04029 2.55531 2.29585 1.9248
threshold=1.5371862475665397 5.2670071855572038 5.4293071540977413 3.2951505240983434 2.1864701781251052 4.6346818562128229
decision_type=2 2 2 2 2 2
left_child=1 -1 4 -4 -2 -3
right_child=2 5 3 -5 -6 -7
leaf_value=0.039895837647574289 -0.029247261534134546 -0.028589364000196966 -0.032370319146389978 3.9041555017874339e-05 0.011074312969644194 0.0080754003797968224
leaf_weight=13.999999999999998 14.999999999999998 70 29 151 241 18
leaf_count=14 15 70 29 151 241 18
internal_value=0 -0.0127192 0.00297559 -0.00518247 0.00871172 -0.0210898
internal_weight=0 102 436 180 256 88
internal_count=538 102 436 180 256 88
is_linear=0
shrinkage=0.1


Tree=35
num_leaves=7
num_cat=0
split_feature=79 8 92 103 28 51
split_gain=1.90962 1.95017 1.65698 1.95031 1.80087 1.09451
threshold=4.2483931908192885 6.9146712273475339 4.8770554845322565 3.9316333620047872 5.272986409146923 6.4199896230229241
decision_type=2 2 2 2 2 2
left_child=2 5 4 -4 -1 -2
right_child=1 -3 3 -5 -6 -7
leaf_value=0.003331753197287993 0.024365142310759234 -0.032445935625582935 -0.02173871895955766 -0.0024805967953931223 0.052017944585531953 -0.012953145139747197
leaf_weight=151 62 7.9999999999999991 68 232 7.9999999999999991 8.9999999999999982
leaf_count=151 62 8 68 232 8 9
internal_value=0 0.0143607 -0.00247166 -0.00684577 0.00578137 0.0196347
internal_weight=0 79 459 300 159 71
internal_count=538 79 459 300 159 71
is_linear=0
shrinkage=0.1


Tree=36
num_leaves=7
num_cat=0
split_feature=2 38 27 42 68 47
split_gain=1.57646 1.85153 2.57268 1.51473 2.92752 2.32136
threshold=1.9356005054539456 1.0397207708399181 2.524928003624769 7.1316726312194749 5.3383159723706504 6.5395483652441291
decision_type=2 2 2 2 2 2
left_child=1 -1 -3 5 -5 -2
right_child=3 2 -4 4 -6 -7
leaf_value=0.023155751485716216 0.0033934085969250546 -0.048365694521503022 -0.0044787088628200928 -0.047514179085983953 -0.00023126917883034863 0.057811942324042326
leaf_weight=10.999999999999998 389 22 34 17 57 7.9999999999999991
leaf_count=11 389 22 34 17 57 8
internal_value=0 -0.0143524 -0.02172 0.00204163 -0.0110936 0.00449
internal_weight=0 67 56 471 74 397
internal_count=538 67 56 471 74 397
is_linear=0
shrinkage=0.1


Tree=37
num_leaves=8
num_cat=0
split_feature=92 6 42 7 61 66 39
split_gain=1.55773 1.98382 1.93006 1.53666 1.46514 1.80072 1.24957
threshold=4.8770554845322565 2.4708212113046524 1.0397207708399181 1.0397207708399181 4.1127359662014973 4.033888097889446 3.4175922930736511
decision_type=2 2 2 2 2 2 2
left_child=4 2 -2 -3 6 -6 -1
right_child=1 3 -4 -5 5 -7 -8
leaf_value=0.014207933876496643 -0.068945983191952109 0.024888222912947337 -0.013853516934379454 -0.0031119999468649682 0.055778019244854253 0.0031440560347758811 -0.0037869926905361832
leaf_weight=67 7.9999999999999991 21 31 294 13.000000000000002 12.999999999999998 91
leaf_count=67 8 21 31 294 13 13 91
internal_value=0 -0.00387938 -0.0251545 -0.00124532 0.0074636 0.029461 0.00384377
internal_weight=0 354 39 315 184 26 158
internal_count=538 354 39 315 184 26 158
is_linear=0
shrinkage=0.1


Tree=38
num_leaves=8
num_cat=0
split_feature=101 21 46 42 92 6 80
split_gain=1.39907 2.35206 3.71973 1.46141 2.7766 1.6416 1.3776
threshold=1.700598690831078 6.2970669235549011 3.7609296261008152 7.2370217595840707 4.9683536772128978 5.4445775410940529 0.45867418671614529
decision_type=2 2 2 2 2 2 2
left_child=1 2 -1 5 -5 -2 -3
right_child=3 6 -4 4 -6 -7 -8
leaf_value=-0.022858700301084254 -0.003708202401181201 -0.022369609530106551 0.03676016961038113 -0.054026714091499652 -0.0004621887737303041 0.011222396664155755 0.0029885151006024463
leaf_weight=18 114 82 25 11.999999999999998 50 208 29
leaf_count=18 114 82 25 12 50 208 29
internal_value=0 -0.00805255 0.0118034 0.00322941 -0.0108295 0.00593641 -0.0157445
internal_weight=0 154 43 384 62 322 111
internal_count=538 154 43 384 62 322 111
is_linear=0
shrinkage=0.1


Tree=39
num_leaves=7
num_cat=0
split_feature=92 101 102 7 74 21
split_gain=1.24176 1.60533 3.23754 1.65581 1.24253 1.53284
threshold=4.8770554845322565 1.700598690831078 2.1383330595080281 1.0397207708399181 2.0715673631957667 6.5792357796731817
decision_type=2 2 2 2 2 2
left_child=4 2 -2 -3 5 -1
right_child=1 3 -4 -5 -6 -7
leaf_value=0.029102963327119747 -0.0062205361349410137 0.04043437197804451 -0.055712501425296074 -0.0010568205412479102 -0.029572340514924789 0.0042703311757088221
leaf_weight=30 76 9.9999999999999982 15.999999999999998 252 8.9999999999999982 145
leaf_count=30 76 10 16 252 9 145
internal_value=0 -0.00346366 -0.0148278 0.000526813 0.00666378 0.00852735
internal_weight=0 354 92 262 184 175
internal_count=538 354 92 262 184 175
is_linear=0
shrinkage=0.1


Tree=40
num_leaves=5
num_cat=0
split_feature=97 92 76 98
split_gain=1.18043 1.13205 1.42983 1.05617
threshold=7.0929063147019322 4.8770554845322565 1.970459814539004 1.8688348091416842
decision_type=2 2 2 2
left_child=1 3 -3 -1
right_child=-2 2 -4 -5
leaf_value=-0.0083331206813454638 0.027658867190281551 -0.0030666851543390905 -0.041446686051785947 0.0097474836049202315
leaf_weight=42 14.999999999999998 331 9.9999999999999982 140
leaf_count=42 15 331 10 140
internal_value=0 -0.000793275 -0.0041922 0.00557504
internal_weight=0 523 341 182
internal_count=538 523 341 182
is_linear=0
shrinkage=0.1


Tree=41
num_leaves=7
num_cat=0
split_feature=79 8 17 27 2 51
split_gain=1.06465 1.48575 1.20789 3.65423 1.90689 0.896255
threshold=4.2483931908192885 6.9146712273475339 6.2970669235549011 1.0397207708399181 4.2625806805327082 6.4199896230229241
decision_type=2 2 2 2 2 2
left_child=2 5 3 -1 -4 -2
right_child=1 -3 4 -5 -6 -7
leaf_value=-0.013835284305470331 0.019606774699904267 -0.030132075585424901 -0.019303614233949169 0.030409751199185847 -0.00084368968294061064 -0.014162978447145886
leaf_weight=35 62 7.9999999999999991 68 40 316 8.9999999999999982
leaf_count=35 62 8 68 40 316 9
internal_value=0 0.0107227 -0.00184553 0.00976207 -0.00411263 0.0153261
internal_weight=0 79 459 75 384 71
internal_count=538 79 459 75 384 71
is_linear=0
shrinkage=0.1


Tree=42
num_leaves=6
num_cat=0
split_feature=46 92 101 6 98
split_gain=0.978754 1.69536 1.02366 1.96974 1.05552
threshold=7.8365657114726561 4.9997437591225369 1.700598690831078 5.8021138116885078 1.8688348091416842
decision_type=2 2 2 2 2
left_child=2 -2 3 -1 -4
right_child=1 -3 4 -5 -6
leaf_value=-0.0018074493852612051 -0.050374878235161291 0.011387155530974269 -0.014331533908843994 -0.036228444103739765 0.005240617578156216
leaf_weight=133 10.000000000000002 7.9999999999999991 30 19 338
leaf_count=133 10 8 30 19 338
internal_value=0 -0.0229251 0.000793561 -0.00611007 0.00364506
internal_weight=0 18 520 152 368
internal_count=538 18 520 152 368
is_linear=0
shrinkage=0.1


Tree=43
num_leaves=5
num_cat=0
split_feature=88 17 27 2
split_gain=0.888028 1.20558 2.24093 2.13258
threshold=0.69138585858319512 6.2970669235549011 1.0397207708399181 4.2625806805327082
decision_type=2 2 2 2
left_child=1 2 -1 -3
right_child=-2 3 -4 -5
leaf_value=-0.0069761574931555635 -0.028121031329713088 -0.017814860271777325 0.028032981744036081 0.001512403968239681
leaf_weight=33 10.999999999999998 67 41 386
leaf_count=33 11 67 41 386
internal_value=0 0.000586967 0.0124208 -0.00134615
internal_weight=0 527 74 453
internal_count=538 527 74 453
is_linear=0
shrinkage=0.1


Tree=44
num_leaves=4
num_cat=0
split_feature=69 64 17
split_gain=0.8967 2.17512 1.03176
threshold=0.91610364505747011 1.4467267122167866 6.2970669235549011
decision_type=2 2 2
left_child=-1 -2 -3
right_child=1 2 -4
leaf_value=0.025944210084764142 -0.038174380461374918 0.013669100630466106 -0.0010702874071038119
leaf_weight=12.999999999999998 14.999999999999998 53 457
leaf_count=13 15 53 457
internal_value=0 -0.000642428 0.000461453
internal_weight=0 525 510
internal_count=538 525 510
is_linear=0
shrinkage=0.1


Tree=45
num_leaves=7
num_cat=0
split_feature=92 42 33 35 80 80
split_gain=0.873535 1.22125 1.47417 1.11036 0.968138 1.15337
threshold=4.8770554845322565 1.0397207708399181 6.4891310167150369 2.1910133173369415 3.4826315470699636 2.2045776510310677
decision_type=2 2 2 2 2 2
left_child=4 2 -2 -3 5 -1
right_child=1 3 -4 -5 -6 -7
leaf_value=0.0053690699772709028 0.0021776906593004232 0.0097266586355703039 -0.056819649992717637 -0.0044984250765367903 -0.028433778323233128 0.044232527259737253
leaf_weight=168 8.0000000000000018 69 8.9999999999999982 268 7.9999999999999991 7.9999999999999991
leaf_count=168 8 69 9 268 8 8
internal_value=0 -0.00290507 -0.0290562 -0.00158587 0.0055891 0.00713559
internal_weight=0 354 17 337 184 176
internal_count=538 354 17 337 184 176
is_linear=0
shrinkage=0.1


Tree=46
num_leaves=5
num_cat=0
split_feature=97 23 12 97
split_gain=0.84666 0.900691 4.02292 1.11954
threshold=7.0929063147019322 6.1505459369606674 5.1984817689835037 4.234001473612734
decision_type=2 2 2 2
left_child=1 3 -3 -1
right_child=-2 2 -4 -5
leaf_value=-0.0034275707336883922 0.023424412483970328 -0.073421804110209141 -0.0024533656976697313 0.0066837062115541121
leaf_weight=245 14.999999999999998 8.9999999999999982 71 198
leaf_count=245 15 9 71 198
internal_value=0 -0.000671828 -0.0104373 0.00109169
internal_weight=0 523 80 443
internal_count=538 523 80 443
is_linear=0
shrinkage=0.1


Tree=47
num_leaves=4
num_cat=0
split_feature=47 46 6
split_gain=0.848412 1.70236 0.861858
threshold=7.1268879057114001 7.8365657114726561 5.3844529770182641
decision_type=2 2 2
left_child=1 2 -1
right_child=-2 -3 -4
leaf_value=-0.0043131622418336804 0.026291451820482811 -0.036336951781637393 0.0039430577525787274
leaf_weight=226 11.999999999999998 12.999999999999998 287
leaf_count=226 12 13 287
internal_value=0 -0.000599805 0.000305815
internal_weight=0 526 513
internal_count=538 526 513
is_linear=0
shrinkage=0.1


Tree=48
num_leaves=5
num_cat=0
split_feature=70 69 15 1
split_gain=0.799537 1.442 1.55232 1.20927
threshold=0.69406187107593553 1.8903679588756852 2.524928003624769 5.2670071855572038
decision_type=2 2 2 2
left_child=-1 2 -2 -3
right_child=1 3 -4 -5
leaf_value=0.028012072406709193 -0.032335951696667413 0.027983490523183718 0.010890578544543436 3.0712881578988033e-05
leaf_weight=9.9999999999999982 27 15.999999999999998 11.999999999999998 473
leaf_count=10 27 16 12 473
internal_value=0 -0.000530532 -0.0190355 0.000945323
internal_weight=0 528 39 489
internal_count=538 528 39 489
is_linear=0
shrinkage=0.1


Tree=49
num_leaves=4
num_cat=0
split_feature=40 46 72
split_gain=0.750238 1.57471 0.77286
threshold=6.987588712096712 7.8365657114726561 1.1069806848458719
decision_type=2 2 2
left_child=1 2 -1
right_child=-2 -3 -4
leaf_value=0.0012336882874146018 0.028629586597283679 -0.034860682530471913 -0.017143836262403057
leaf_weight=492 8.9999999999999982 12.999999999999998 24
leaf_count=492 9 13 24
internal_value=0 -0.000487082 0.00037892
internal_weight=0 529 516
internal_count=538 529 516
is_linear=0
shrinkage=0.1


Tree=50
num_leaves=7
num_cat=0
split_feature=92 101 102 7 74 68
split_gain=0.685973 1.0224 2.23477 1.36162 0.850984 1.1382
threshold=4.8770554845322565 1.700598690831078 2.1383330595080281 1.0397207708399181 1.5900179957759686 3.6608430424234286
decision_type=2 2 2 2 2 2
left_child=4 2 -2 -3 5 -1
right_child=1 3 -4 -5 -6 -7
leaf_value=0.0237642497086199 -0.0044923721783561637 0.036799292638897897 -0.045611426699906588 -0.00082585046997308621 -0.020794074734052023 0.0028599814254890331
leaf_weight=32 76 9.9999999999999982 15.999999999999998 252 11.999999999999998 140
leaf_count=32 76 10 16 252 12 140
internal_value=0 -0.00257436 -0.0116435 0.000610224 0.00495285 0.00674915
internal_weight=0 354 92 262 184 172
internal_count=538 354 92 262 184 172
is_linear=0
shrinkage=0.1


Tree=51
num_leaves=5
num_cat=0
split_feature=97 23 12 79
split_gain=0.662267 0.751206 3.10714 0.900615
threshold=7.0929063147019322 6.1505459369606674 5.1984817689835037 4.1587609981435856
decision_type=2 2 2 2
left_child=1 3 -3 -1
right_child=-2 2 -4 -5
leaf_value=-0.0006099757422710039 0.020717183351516726 -0.064865845524602464 -0.0024959424181437962 0.013516808688348415
leaf_weight=392 14.999999999999998 8.9999999999999982 71 51
leaf_count=392 15 9 71 51
internal_value=0 -0.000594183 -0.00951256 0.00101636
internal_weight=0 523 80 443
internal_count=538 523 80 443
is_linear=0
shrinkage=0.1


Tree=52
num_leaves=4
num_cat=0
split_feature=47 44 85
split_gain=0.663761 1.11865 0.671248
threshold=7.1268879057114001 6.7129377454940036 0.68555221698570346
decision_type=2 2 2
left_child=1 2 -1
right_child=-2 -3 -4
leaf_value=0.0010034753611758676 0.023255042968473087 -0.03548303091277679 -0.01394996181188617
leaf_weight=485 11.999999999999998 8.9999999999999982 32
leaf_count=485 12 9 32
internal_value=0 -0.000530533 7.79241e-05
internal_weight=0 526 517
internal_count=538 526 517
is_linear=0
shrinkage=0.1


Tree=53
num_leaves=8
num_cat=0
split_feature=72 10 7 60 25 88 53
split_gain=0.628322 1.65352 1.85564 1.43744 1.36163 1.66218 1.25407
threshold=0.66488657544402419 4.8322978221268906 2.1910133173369415 3.4460034610069994 5.2670071855572038 0.35192429014739562 1.3424540464534289
decision_type=2 2 2 2 2 2 2
left_child=4 2 -2 -3 5 -1 -6
right_child=1 3 -4 -5 6 -7 -8
leaf_value=0.035025891118372482 -0.05115732844918966 0.039700050320890204 0.0029170323417268018 -0.0097237071679795502 -0.0094422619676487046 -0.010556161248435577 0.0026956713314575612
leaf_weight=24 15.000000000000002 9.0000000000000018 10.999999999999998 17 114 11.999999999999998 336
leaf_count=24 15 9 11 17 114 12 336
internal_value=0 -0.0104476 -0.0282797 0.00738452 0.00111785 0.0198319 -0.000379272
internal_weight=0 52 26 26 486 36 450
internal_count=538 52 26 26 486 36 450
is_linear=0
shrinkage=0.1


Tree=54
num_leaves=4
num_cat=0
split_feature=40 46 47
split_gain=0.611153 1.09358 0.632906
threshold=6.987588712096712 7.8365657114726561 2.1910133173369415
decision_type=2 2 2
left_child=1 2 -1
right_child=-2 -3 -4
leaf_value=-0.0057527957394575844 0.025839878122011824 -0.0290847606670398 0.0023145245043088868
leaf_weight=130 8.9999999999999982 12.999999999999998 386
leaf_count=130 9 13 386
internal_value=0 -0.00043962 0.00028206
internal_weight=0 529 516
internal_count=538 529 516
is_linear=0
shrinkage=0.1


Tree=55
num_leaves=4
num_cat=0
split_feature=88 70 69
split_gain=0.575225 0.762742 1.24582
threshold=0.69138585858319512 0.69406187107593553 1.8903679588756852
decision_type=2 2 2
left_child=1 -1 -3
right_child=-2 2 -4
leaf_value=0.029334463261895712 -0.022632722421125934 -0.017458826835316264 0.0013508024667923261
leaf_weight=8.9999999999999982 10.999999999999998 38 480
leaf_count=9 11 38 480
internal_value=0 0.00047241 -2.90545e-05
internal_weight=0 527 518
internal_count=538 527 518
is_linear=0
shrinkage=0.1


Tree=56
num_leaves=7
num_cat=0
split_feature=23 12 10 10 8 26
split_gain=0.551823 2.63124 1.01599 0.933682 3.29878 1.43441
threshold=6.1505459369606674 5.1984817689835037 6.7855818994994817 6.2460391568005056 3.9701138825728512 6.447294560452713
decision_type=2 2 2 2 2 2
left_child=3 -2 -3 5 -5 -1
right_child=1 2 -4 4 -6 -7
leaf_value=0.00043728654509200869 -0.058521173170043364 0.024114002745885117 -0.0065910545724724963 0.066952039798100799 0.0041990153340445762 -0.024500625170767308
leaf_weight=298 8.9999999999999982 12.999999999999998 63 8.9999999999999982 121 25
leaf_count=298 9 13 63 9 121 25
internal_value=0 -0.00739347 -0.00133887 0.0013873 0.00854346 -0.00149289
internal_weight=0 85 76 453 130 323
internal_count=538 85 76 453 130 323
is_linear=0
shrinkage=0.1


Tree=57
num_leaves=7
num_cat=0
split_feature=85 103 89 43 100 83
split_gain=0.570094 1.00215 0.963271 0.658813 0.490012 0.299961
threshold=0.68555221698570346 6.4876550589318311 0.5828977007850159 3.6242520361853052 5.9725357258298626 3.0091445107838588
decision_type=2 2 2 2 2 2
left_child=1 2 -1 -3 5 -2
right_child=4 3 -4 -5 -6 -7
leaf_value=-0.0030590684149350029 -0.01252488541604879 0.025551606111228465 0.0084566346740037983 0.0035713920947940399 0.0041534423912790693 -0.037135676108300687
leaf_weight=360 13.000000000000002 25 91 30 10.999999999999998 7.9999999999999991
leaf_count=360 13 25 91 30 11 8
internal_value=0 0.000818619 -0.000735501 0.0135624 -0.0129444 -0.0219004
internal_weight=0 506 451 55 32 21
internal_count=538 506 451 55 32 21
is_linear=0
shrinkage=0.1


Tree=58
num_leaves=4
num_cat=0
split_feature=40 46 47
split_gain=0.518914 0.825457 0.568497
threshold=6.987588712096712 7.8365657114726561 2.1910133173369415
decision_type=2 2 2
left_child=1 2 -1
right_child=-2 -3 -4
leaf_value=-0.0054976336527257589 0.023810204532411366 -0.025292086436484867 0.0021481804956695297
leaf_weight=130 8.9999999999999982 12.999999999999998 386
leaf_count=130 9 13 386
internal_value=0 -0.000405089 0.000221909
internal_weight=0 529 516
internal_count=538 529 516
is_linear=0
shrinkage=0.1


Tree=59
num_leaves=7
num_cat=0
split_feature=92 42 33 35 28 38
split_gain=0.495103 0.934115 1.20272 0.928969 0.893458 0.760328
threshold=4.8770554845322565 1.0397207708399181 6.4891310167150369 2.1910133173369415 5.272986409146923 5.8998635749973518
decision_type=2 2 2 2 2 2
left_child=4 2 -2 -3 5 -1
right_child=1 3 -4 -5 -6 -7
leaf_value=0.0070312233326737502 0.0031537150265648949 0.009314001129056072 -0.050135612736145654 -0.0036973886275681353 0.03327491114847362 -0.0071861784041605224
leaf_weight=119 8.0000000000000018 69 8.9999999999999982 268 9.9999999999999982 55
leaf_count=119 8 69 9 268 10 55
internal_value=0 -0.00218708 -0.0250583 -0.00103334 0.00420774 0.00253722
internal_weight=0 354 17 337 184 174
internal_count=538 354 17 337 184 174
is_linear=0
shrinkage=0.1


Tree=60
num_leaves=8
num_cat=0
split_feature=72 21 87 11 21 27 65
split_gain=0.490275 1.3788 1.80372 1.11524 1.09918 2.17692 1.0374
threshold=0.66488657544402419 6.5147115934776361 0.41285709758620598 2.1910133173369415 6.380116791391317 2.524928003624769 1.3074674317558788
decision_type=2 2 2 2 2 2 2
left_child=4 2 -2 -3 5 -1 -6
right_child=1 3 -4 -5 6 -7 -8
leaf_value=0.0058266906575478901 -0.059918766226619458 0.033146965338124168 0.0017890043763650791 -0.0081305653400098286 -0.0313250810246576 0.05830244769652685 -0.00019696632051344572
leaf_weight=65 10.000000000000002 8.9999999999999982 8.9999999999999982 24 10.999999999999998 8.9999999999999982 401
leaf_count=65 10 9 9 24 11 9 401
internal_value=0 -0.0092288 -0.0306888 0.00312694 0.000987443 0.0122089 -0.00102806
internal_weight=0 52 19 33 486 74 412
internal_count=538 52 19 33 486 74 412
is_linear=0
shrinkage=0.1


Tree=61
num_leaves=5
num_cat=0
split_feature=97 83 92 41
split_gain=0.479808 0.651825 1.33488 0.957691
threshold=7.0929063147019322 4.0430512611678848 4.7773506955575931 6.1158701961393769
decision_type=2 2 2 2
left_child=1 3 -3 -1
right_child=-2 2 -4 -5
leaf_value=0.013786476715919278 0.01763387223084768 0.0045452072644944896 -0.031150724119506781 -0.00096533682954031981
leaf_weight=49 14.999999999999998 22 20 432
leaf_count=49 15 22 20 432
internal_value=0 -0.000505752 -0.0124529 0.000537447
internal_weight=0 523 42 481
internal_count=538 523 42 481
is_linear=0
shrinkage=0.1


Tree=62
num_leaves=7
num_cat=0
split_feature=47 80 21 27 42 7
split_gain=0.52024 2.03761 1.7166 1.7469 1.18495 0.8767
threshold=2.1910133173369415 1.3148184293607192 6.2970669235549011 1.9356005054539458 1.0397207708399181 5.4680512393485436
decision_type=2 2 2 2 2 2
left_child=1 5 3 -2 -4 -1
right_child=2 -3 4 -5 -6 -7
leaf_value=-0.0045494334805490713 0.003677916724015684 -0.044767992477864033 -0.034036753866821527 0.052374460675323808 0.00085092135167265642 0.022980180826897807
leaf_weight=105 17.000000000000004 11.999999999999998 9.9999999999999982 12.999999999999998 368 12.999999999999998
leaf_count=105 17 12 10 13 368 13
internal_value=0 -0.00550895 0.0017553 0.0247798 -7.2033e-05 -0.00151651
internal_weight=0 130 408 30 378 118
internal_count=538 130 408 30 378 118
is_linear=0
shrinkage=0.1


Tree=63
num_leaves=4
num_cat=0
split_feature=47 37 84
split_gain=0.460029 0.782712 0.652788
threshold=7.1268879057114001 10.349102818402008 0.61882079188067207
decision_type=2 2 2
left_child=1 2 -1
right_child=-2 -3 -4
leaf_value=-0.00144564465159242 0.019359926724185548 -0.031482127588242294 0.008533340471179842
leaf_weight=441 11.999999999999998 7.9999999999999991 77
leaf_count=441 12 8 77
internal_value=0 -0.000441671 3.7718e-05
internal_weight=0 526 518
internal_count=538 526 518
is_linear=0
shrinkage=0.1


Tree=64
num_leaves=7
num_cat=0
split_feature=23 69 59 10 8 26
split_gain=0.444945 2.12814 1.16648 0.760976 2.53268 1.13131
threshold=6.1505459369606674 5.0399927018106956 5.5528393853898175 6.2460391568005056 3.9701138825728512 6.447294560452713
decision_type=2 2 2 2 2 2
left_child=3 -2 -3 5 -5 -1
right_child=1 2 -4 4 -6 -7
leaf_value=0.00035968259259770881 -0.052619799888796281 0.023789526869853337 -0.0073373466699582631 0.058885045184029476 0.0038995333179477447 -0.02178723647631705
leaf_weight=298 8.9999999999999982 14.999999999999998 61 8.9999999999999982 121 25
leaf_count=298 9 15 61 9 121 25
internal_value=0 -0.00663898 -0.00119388 0.00124573 0.00770622 -0.00135448
internal_weight=0 85 76 453 130 323
internal_count=538 85 76 453 130 323
is_linear=0
shrinkage=0.1


Tree=65
num_leaves=7
num_cat=0
split_feature=74 27 68 101 97 20
split_gain=0.447289 1.41623 0.839292 1.72777 0.841272 0.649184
threshold=1.104392699868648 1.0397207708399181 3.5814433974551867 0.89587973461402759 7.0929063147019322 2.3937458713910238
decision_type=2 2 2 2 2 2
left_child=2 -2 3 -1 -4 -3
right_child=1 5 4 -5 -6 -7
leaf_value=0.05638269754126668 -0.038898013563205797 0.021091256891800594 -0.0010074770801520674 0.0040793562059601154 0.028317014873027804 -0.010466745030134917
leaf_weight=7.9999999999999991 11.999999999999998 11.000000000000002 451 30 9.9999999999999982 15.999999999999998
leaf_count=8 12 11 451 30 10 16
internal_value=0 -0.0103139 0.000806093 0.0150906 -0.000371371 0.00239022
internal_weight=0 39 499 38 461 27
internal_count=538 39 499 38 461 27
is_linear=0
shrinkage=0.1


Tree=66
num_leaves=7
num_cat=0
split_feature=101 6 14 69 98 6
split_gain=0.440898 1.69164 1.70975 1.54341 1.28051 1.18026
threshold=4.0773937863842606 6.5944050384056014 6.447294560452713 3.4517036557311331 4.1742689126930488 6.7440529432177696
decision_type=2 2 2 2 2 2
left_child=1 2 -1 -2 -5 -3
right_child=3 5 -4 4 -6 -7
leaf_value=-0.0023259093399182647 0.040005019171671437 -0.05024204875032106 0.028662516215914174 -0.02317031587621099 0.0040977332073848438 -0.0037253014417365192
leaf_weight=283 10.999999999999998 12.000000000000002 19 19 184 9.9999999999999982
leaf_count=283 11 12 19 19 184 10
internal_value=0 -0.00232655 -0.000376306 0.00352244 0.00154555 -0.0290981
internal_weight=0 324 302 214 203 22
internal_count=538 324 302 214 203 22
is_linear=0
shrinkage=0.1


Tree=67
num_leaves=7
num_cat=0
split_feature=85 85 24 89 100 83
split_gain=0.446452 1.16575 0.975524 0.745679 0.489289 0.319412
threshold=0.67617377516327648 0.59773648079552844 4.0163424379838117 0.60571776751115258 5.9725357258298626 3.0091445107838588
decision_type=2 2 2 2 2 2
left_child=1 3 -3 -1 5 -2
right_child=4 2 -4 -5 -6 -7
leaf_value=-0.0028238757952134645 -0.009065618793967934 0.030579031563617964 0.0044763010017582353 0.0084612706064113551 0.0055918174485365549 -0.030100705406882547
leaf_weight=358 21 22 41 70 14.999999999999998 10.999999999999998
leaf_count=358 21 22 41 70 15 11
internal_value=0 0.00089126 0.0135915 -0.000978174 -0.00931082 -0.0162964
internal_weight=0 491 63 428 47 32
internal_count=538 491 63 428 47 32
is_linear=0
shrinkage=0.1


Tree=68
num_leaves=5
num_cat=0
split_feature=92 92 8 101
split_gain=0.432726 0.705784 1.35838 0.713722
threshold=5.2047281139937782 5.0976429156221634 4.9199542854466296 4.0773937863842606
decision_type=2 2 2 2
left_child=1 3 -3 -1
right_child=-2 2 -4 -5
leaf_value=-0.0032323820596858129 -0.016746361951033278 0.047409134440951864 -0.0075328581862979475 0.0044679304554287079
leaf_weight=307 14.999999999999998 9.0000000000000018 8.9999999999999982 198
leaf_count=307 15 9 9 198
internal_value=0 0.000480297 0.0199381 -0.00021325
internal_weight=0 523 18 505
internal_count=538 523 18 505
is_linear=0
shrinkage=0.1


Tree=69
num_leaves=7
num_cat=0
split_feature=23 69 56 41 35 43
split_gain=0.406732 1.802 1.02998 0.728679 1.41646 1.31203
threshold=6.0258543048053959 5.0399927018106956 5.0417991670164595 8.944858178201331 5.7203064016793022 5.620374610039355
decision_type=2 2 2 2 2 2
left_child=3 -2 -3 5 -5 -1
right_child=1 2 -4 4 -6 -7
leaf_value=0.00046463156531795046 -0.042148378747515383 0.033408608846366407 -0.0043140864186601621 0.029077566429399529 0.00083344280158468935 -0.033166588811824722
leaf_weight=348 11.999999999999998 7.9999999999999991 76 26 56 11.999999999999998
leaf_count=348 12 8 76 26 56 12
internal_value=0 -0.00589982 -0.000721449 0.00128141 0.0097889 -0.000656409
internal_weight=0 96 84 442 82 360
internal_count=538 96 84 442 82 360
is_linear=0
shrinkage=0.1


Tree=70
num_leaves=5
num_cat=0
split_feature=85 89 89 29
split_gain=0.392129 0.543008 1.56133 0.996646
threshold=0.69242346755912243 0.5828977007850159 0.55970362904636928 6.2633529090608215
decision_type=2 2 2 2
left_child=1 2 -1 -3
right_child=-2 3 -4 -5
leaf_value=-2.0685846774483434e-05 -0.019617343042045834 0.029899654770269991 -0.032862679737930493 0.0026419648296109976
leaf_weight=414 9.9999999999999982 15.999999999999998 14.999999999999998 83
leaf_count=414 10 16 15 83
internal_value=0 0.000371541 -0.00116901 0.00704725
internal_weight=0 528 429 99
internal_count=538 528 429 99
is_linear=0
shrinkage=0.1


Tree=71
num_leaves=4
num_cat=0
split_feature=68 68 68
split_gain=0.389198 0.941025 0.605512
threshold=3.2157690392046292 3.3367922132421879 3.4614902229159124
decision_type=2 2 2
left_child=-1 -2 -3
right_child=1 2 -4
leaf_value=0.01954388864338398 -0.032428855324784921 0.019984971458713214 -0.00040347966278204695
leaf_weight=9.9999999999999982 8.9999999999999982 14.999999999999998 504
leaf_count=10 9 15 504
internal_value=0 -0.000370149 0.000185782
internal_weight=0 528 519
internal_count=538 528 519
is_linear=0
shrinkage=0.1


Tree=72
num_leaves=7
num_cat=0
split_feature=47 80 17 52 42 7
split_gain=0.39777 1.43506 1.18278 1.33179 0.899121 0.697596
threshold=2.1910133173369415 1.3148184293607192 6.2970669235549011 1.4978661367769956 1.0397207708399181 5.4424083402947536
decision_type=2 2 2 2 2 2
left_child=1 5 3 -2 -4 -1
right_child=2 -3 4 -5 -6 -7
leaf_value=-0.004287580712340199 -0.0019939914455308636 -0.037763903227945171 -0.028328368491069841 0.036075698281638327 0.00069504268418919921 0.019489699858240783
leaf_weight=104 17 11.999999999999998 10.999999999999998 20 360 13.999999999999998
leaf_count=104 17 12 11 20 360 14
internal_value=0 -0.00481707 0.00153485 0.0185842 -0.00016549 -0.00146655
internal_weight=0 130 408 37 371 118
internal_count=538 130 408 37 371 118
is_linear=0
shrinkage=0.1


Tree=73
num_leaves=6
num_cat=0
split_feature=80 80 4 58 86
split_gain=0.368869 1.12796 1.12243 1.17051 0.908873
threshold=0.45867418671614529 0.38018624320386613 1.0397207708399181 2.0126758453675748 0.68988414969781287
decision_type=2 2 2 2 2
left_child=1 4 -2 -4 -1
right_child=2 -3 3 -5 -6
leaf_value=6.7897441929542566e-05 -0.0267251250080087 -0.036662016684810325 0.029549071467236471 0.0029366370439703588 -0.027907819754909725
leaf_weight=360 10.999999999999998 8.9999999999999982 19 127 11.999999999999998
leaf_count=360 11 9 19 127 12
internal_value=0 -0.00168086 0.00407904 0.0063999 -0.000834545
internal_weight=0 381 157 146 372
internal_count=538 381 157 146 372
is_linear=0
shrinkage=0.1


Tree=74
num_leaves=6
num_cat=0
split_feature=92 32 76 35 38
split_gain=0.356026 0.773925 0.679059 0.763756 0.573462
threshold=4.8770554845322565 5.272986409146923 2.0586125025403592 2.1910133173369415 5.8998635749973518
decision_type=2 2 2 2 2
left_child=1 4 3 -2 -1
right_child=2 -3 -4 -5 -6
leaf_value=0.0058644695251132365 0.0079901168681366513 0.030621122121810913 -0.024286099666586292 -0.0034909665840067504 -0.0065446076837057873
leaf_weight=120 74 9.9999999999999982 12.999999999999998 267 54
leaf_count=120 74 10 13 267 54
internal_value=0 0.00356815 -0.00185463 -0.00099947 0.00201338
internal_weight=0 184 354 341 174
internal_count=538 184 354 341 174
is_linear=0
shrinkage=0.1


Tree=75
num_leaves=7
num_cat=0
split_feature=69 34 5 34 6 1
split_gain=0.361556 1.09192 0.749712 0.90748 0.86812 0.420501
threshold=1.8903679588756852 1.0397207708399181 6.4052270920020655 4.5746578350692051 4.3437210834879627 6.380116791391317
decision_type=2 2 2 2 2 2
left_child=1 -1 3 -2 -4 -3
right_child=2 5 4 -5 -6 -7
leaf_value=0.018023084140925981 0.0018757905777273402 -0.022734777792772679 -0.014355839001974548 0.02963109401936986 0.00092645880137921213 0.0021128057515145174
leaf_weight=11.999999999999998 31 28 41 19 398 8.9999999999999982
leaf_count=12 31 28 41 19 398 9
internal_value=0 -0.00818942 0.000820617 0.0124228 -0.000500817 -0.0166908
internal_weight=0 49 489 50 439 37
internal_count=538 49 489 50 439 37
is_linear=0
shrinkage=0.1


Tree=76
num_leaves=6
num_cat=0
split_feature=47 80 29 48 68
split_gain=0.36123 1.12152 1.00867 0.89927 0.617321
threshold=2.1910133173369415 1.3148184293607192 5.2670071855572038 1.0000000180025095e-35 3.4553691356957006
decision_type=2 2 2 2 2
left_child=1 4 -2 -4 -1
right_child=2 -3 3 -5 -6
leaf_value=0.017324904371052979 0.032830553799867629 -0.033716573442022009 -0.014173085146860496 0.002196294963259461 -0.0043887241589791563
leaf_weight=14.999999999999998 9.9999999999999982 11.999999999999998 37 361 103
leaf_count=15 10 12 37 361 103
internal_value=0 -0.00459049 0.00146266 0.000674518 -0.00162852
internal_weight=0 130 408 398 118
internal_count=538 130 408 398 118
is_linear=0
shrinkage=0.1


Tree=77
num_leaves=6
num_cat=0
split_feature=72 87 47 47 37
split_gain=0.366315 1.25335 0.440161 0.727531 0.726081
threshold=1.1069806848458719 0.41285709758620598 4.8121513051691478 3.1345481418531311 8.8909537877461577
decision_type=2 2 2 2 2
left_child=2 -2 3 -1 -4
right_child=1 -3 4 -5 -6
leaf_value=-0.00039635783063915925 -0.033096783264325212 0.012767404521053488 -0.0097407645093318951 0.010417369313716413 0.0017036864173687286
leaf_weight=184 13.000000000000002 10.999999999999998 89 94 147
leaf_count=184 13 11 89 94 147
internal_value=0 -0.0120757 0.000563846 0.00326008 -0.00261223
internal_weight=0 24 514 278 236
internal_count=538 24 514 278 236
is_linear=0
shrinkage=0.1


Tree=78
num_leaves=7
num_cat=0
split_feature=42 87 15 69 53 92
split_gain=0.341886 1.25357 1.41737 0.768965 0.660273 0.601371
threshold=1.0397207708399181 0.41285709758620598 1.9356005054539458 0.91610364505747011 1.3424540464534289 4.8020668422713841
decision_type=2 2 2 2 2 2
left_child=1 2 -1 -2 -5 -3
right_child=3 5 -4 4 -6 -7
leaf_value=-0.046284234647949535 0.031651475653052333 -0.00030956012862069261 -0.0052069967479578087 -0.006273249691749915 0.0025034538268039505 0.034059981815516949
leaf_weight=11.999999999999998 7.9999999999999991 14.000000000000002 28 113 355 7.9999999999999991
leaf_count=12 8 14 28 113 355 8
internal_value=0 -0.00698485 -0.0175302 0.000909791 0.000384293 0.0121885
internal_weight=0 62 40 476 468 22
internal_count=538 62 40 476 468 22
is_linear=0
shrinkage=0.1


Tree=79
num_leaves=7
num_cat=0
split_feature=27 63 15 97 9 64
split_gain=0.341414 1.53484 0.554732 0.454162 1.30223 1.00432
threshold=6.210592012573561 5.5721468034537072 5.9375327241700111 4.234001473612734 8.3776724232667217 2.0689148370809201
decision_type=2 2 2 2 2 2
left_child=3 -2 -3 4 -1 -5
right_child=1 2 -4 5 -6 -7
leaf_value=2.2937166750726458e-05 -0.047596460254862909 0.015685583346833783 -0.0059680647358098735 0.03915073871612549 -0.029494142159819603 0.0030441979146696844
leaf_weight=227 7.9999999999999991 14.999999999999998 56 7.9999999999999991 15.999999999999998 208
leaf_count=227 8 15 56 8 16 208
internal_value=0 -0.00607215 -0.00139335 0.0010451 -0.00192057 0.00438148
internal_weight=0 79 71 459 243 216
internal_count=538 79 71 459 243 216
is_linear=0
shrinkage=0.1


Tree=80
num_leaves=7
num_cat=0
split_feature=51 61 96 53 87 104
split_gain=0.354766 0.638174 0.600388 0.724319 0.473362 0.13107
threshold=6.7238208837349811 4.6736671834138344 7.0325927103347974 3.5330064870599274 0.33098915636943699 2.249904835165133
decision_type=2 2 2 2 2 2
left_child=2 5 3 -1 -4 -2
right_child=1 -3 4 -5 -6 -7
leaf_value=0.0006372272953702327 -0.0074748399259988154 -0.02971320829608224 0.014822420914424584 -0.012048791145321494 -0.0013592209442165393 0.010626939265057445
leaf_weight=383 8.0000000000000053 10.999999999999998 48 51 29 7.9999999999999991
leaf_count=383 8 11 48 51 29 8
internal_value=0 -0.0111714 0.000590271 -0.000853526 0.00872804 0.00157605
internal_weight=0 27 511 434 77 16
internal_count=538 27 511 434 77 16
is_linear=0
shrinkage=0.1


Tree=81
num_leaves=7
num_cat=0
split_feature=27 17 6 55 46 88
split_gain=0.317522 1.71325 1.29436 1.39476 0.778462 0.578309
threshold=1.0397207708399181 4.9542375470235838 4.5746578350692051 2.9174053685313028 5.1984817689835037 0.61882079188067218
decision_type=2 2 2 2 2 2
left_child=2 -2 4 -4 -1 -3
right_child=1 5 3 -5 -6 -7
leaf_value=-0.0078578172569078487 0.039951515468684112 -0.0016220074436011816 0.031901785332177371 -0.0084744041785597812 -0.038022218272089958 0.0077899120650784699
leaf_weight=22 10.999999999999998 376 13.999999999999998 22 13.999999999999998 79
leaf_count=22 11 376 14 22 14 79
internal_value=0 0.000954925 -0.00618049 0.00722745 -0.0195884 1.215e-05
internal_weight=0 466 72 36 36 455
internal_count=538 466 72 36 36 455
is_linear=0
shrinkage=0.1


Tree=82
num_leaves=7
num_cat=0
split_feature=42 56 53 42 46 6
split_gain=0.321255 0.981997 1.09553 0.590533 0.988492 0.52811
threshold=1.0397207708399181 2.1686453704162454 2.5386312031140545 4.0428973506407848 3.7609296261008152 4.5053345884235583
decision_type=2 2 2 2 2 2
left_child=1 -1 -3 4 -2 -5
right_child=3 2 -4 5 -6 -7
leaf_value=-0.031204314952572955 0.0018224381274663873 0.018500273429641598 -0.012188005646069845 -0.0067516753108591114 0.033837026756789006 0.0016302084245281238
leaf_weight=12.999999999999998 31 19 30 97 13.999999999999998 334
leaf_count=13 31 19 30 97 14 334
internal_value=0 -0.00677082 -0.000288469 0.000881914 0.0117825 -0.000256202
internal_weight=0 62 49 476 45 431
internal_count=538 62 49 476 45 431
is_linear=0
shrinkage=0.1


Tree=83
num_leaves=7
num_cat=0
split_feature=23 12 55 41 68 92
split_gain=0.308255 1.40851 0.641609 0.521836 1.12392 0.725603
threshold=6.1505459369606674 5.1984817689835037 4.9904094477362264 8.944858178201331 4.9265439574688967 5.0787195377569372
decision_type=2 2 2 2 2 2
left_child=3 -2 -3 5 -5 -1
right_child=1 2 -4 4 -6 -7
leaf_value=0.00028421576589764228 -0.042933199223544861 0.021239050951871008 -0.0048758910055095419 0.028122543410531116 0.0016558691520271276 -0.022177442482983076
leaf_weight=349 8.9999999999999982 10.999999999999998 65 21 68 14.999999999999998
leaf_count=349 9 11 65 21 68 15
internal_value=0 -0.00552591 -0.0010961 0.00103687 0.00790081 -0.000641402
internal_weight=0 85 76 453 89 364
internal_count=538 85 76 453 89 364
is_linear=0
shrinkage=0.1


Tree=84
num_leaves=6
num_cat=0
split_feature=72 9 100 102 44
split_gain=0.319964 0.810802 0.410583 0.940024 0.846626
threshold=1.1069806848458719 7.3287612361611201 1.8688348091416844 2.3502401828962087 5.272986409146923
decision_type=2 2 2 2 2
left_child=2 -2 4 -4 -1
right_child=1 -3 3 -5 -6
leaf_value=0.0010299396216851165 -0.031267344498668193 0.0056215002702978941 -0.0094768013354326955 0.0019078537530499509 0.018993679360684121
leaf_weight=128 11.000000000000002 12.999999999999998 102 251 33
leaf_count=128 11 13 102 251 33
internal_value=0 -0.0112859 0.000526967 -0.00138176 0.00471195
internal_weight=0 24 514 353 161
internal_count=538 24 514 353 161
is_linear=0
shrinkage=0.1


Tree=85
num_leaves=5
num_cat=0
split_feature=42 47 99 47
split_gain=0.314133 0.383656 0.924274 0.793271
threshold=8.1140056879395495 6.6411787611570974 4.0773937863842606 6.3985935502624844
decision_type=2 2 2 2
left_child=1 3 -3 -1
right_child=-2 2 -4 -5
leaf_value=0.00038054421664346746 -0.018525594359056818 0.032795857638120644 -0.0030330984956688355 -0.022251690103439616
leaf_weight=483 8.9999999999999982 12.000000000000002 18 15.999999999999998
leaf_count=483 9 12 18 16
internal_value=0 0.00031518 0.0112985 -0.000345139
internal_weight=0 529 30 499
internal_count=538 529 30 499
is_linear=0
shrinkage=0.1


Tree=86
num_leaves=7
num_cat=0
split_feature=51 96 53 61 87 92
split_gain=0.309694 0.51354 0.520872 0.50393 0.439253 0.242431
threshold=6.5996622092702291 7.0325927103347974 3.5330064870599274 4.6736671834138344 0.33098915636943699 4.8946962077656355
decision_type=2 2 2 2 2 2
left_child=1 2 -1 5 -3 -2
right_child=3 4 -4 -5 -6 -7
leaf_value=0.00056612075350035926 -0.011145034817640074 0.014847937422306385 -0.010286266021430493 -0.026861676099625503 -0.0010774563869525647 0.0098497974178330464
leaf_weight=383 11.000000000000002 43 50 10.999999999999998 29 10.999999999999998
leaf_count=383 11 43 50 11 29 11
internal_value=0 0.000613319 -0.000687042 -0.00938564 0.00843354 -0.000647619
internal_weight=0 505 433 33 72 22
internal_count=538 505 433 33 72 22
is_linear=0
shrinkage=0.1


Tree=87
num_leaves=7
num_cat=0
split_feature=23 12 52 10 6 26
split_gain=0.257105 1.13134 0.516741 0.395224 1.44557 0.756644
threshold=6.1505459369606674 5.1984817689835037 4.9272274294794096 6.2460391568005056 6.5027799309307239 6.447294560452713
decision_type=2 2 2 2 2 2
left_child=3 -2 -3 5 -5 -1
right_child=1 2 -4 4 -6 -7
leaf_value=0.0004749238136147881 -0.038572008245521122 0.01796617857956638 -0.004647059998023906 0.029627184197306634 0.00097428564497039011 -0.017637181321159004
leaf_weight=298 8.9999999999999982 11.999999999999998 64 21 109 25
leaf_count=298 9 12 64 21 109 25
internal_value=0 -0.00504666 -0.00107655 0.000946944 0.00560283 -0.000926942
internal_weight=0 85 76 453 130 323
internal_count=538 85 76 453 130 323
is_linear=0
shrinkage=0.1


Tree=88
num_leaves=5
num_cat=0
split_feature=42 47 99 47
split_gain=0.271565 0.363937 0.71874 0.581477
threshold=8.1140056879395495 6.6411787611570974 4.0773937863842606 6.3985935502624844
decision_type=2 2 2 2
left_child=1 3 -3 -1
right_child=-2 2 -4 -5
leaf_value=0.00027122424155479497 -0.017224716943585211 0.029947425789820643 -0.0016476742095417449 -0.019105612862040291
leaf_weight=483 8.9999999999999982 12.000000000000002 18 15.999999999999998
leaf_count=483 9 12 18 16
internal_value=0 0.000293048 0.0109904 -0.000350077
internal_weight=0 529 30 499
internal_count=538 529 30 499
is_linear=0
shrinkage=0.1


Tree=89
num_leaves=7
num_cat=0
split_feature=101 6 14 69 70 6
split_gain=0.264208 0.98102 1.21993 0.873783 0.731749 0.70225
threshold=4.0773937863842606 6.5944050384056014 6.447294560452713 3.4517036557311331 3.8059662163584798 6.7440529432177696
decision_type=2 2 2 2 2 2
left_child=1 2 -1 -2 -5 -3
right_child=3 5 -4 4 -6 -7
leaf_value=-0.0019626707004797863 0.030177030610767281 -0.038497881133419759 0.024213155015910925 -0.026635553770595129 0.0025324749282666856 -0.0026167021412402394
leaf_weight=283 10.999999999999998 12.000000000000002 19 8.9999999999999982 194 9.9999999999999982
leaf_count=283 11 12 19 9 194 10
internal_value=0 -0.00180101 -0.000315847 0.00272676 0.00123931 -0.0221883
internal_weight=0 324 302 214 203 22
internal_count=538 324 302 214 203 22
is_linear=0
shrinkage=0.1


Tree=90
num_leaves=6
num_cat=0
split_feature=72 47 19 6 63
split_gain=0.269797 0.735881 0.355363 1.08331 0.880979
threshold=1.1069806848458719 4.007167868649713 3.7494348669884658 5.4445775410940529 4.5574650935857628
decision_type=2 2 2 2 2
left_child=2 -2 3 -1 -4
right_child=1 -3 4 -5 -6
leaf_value=0.00015766863530700112 -0.025162485175366907 0.010355261951917783 -0.016619982711438622 0.018458736499305815 0.00024231891277142698
leaf_weight=169 14.000000000000002 9.9999999999999982 35 40 270
leaf_count=169 14 10 35 40 270
internal_value=0 -0.0103634 0.000483895 0.00366027 -0.0016927
internal_weight=0 24 514 209 305
internal_count=538 24 514 209 305
is_linear=0
shrinkage=0.1


Tree=91
num_leaves=7
num_cat=0
split_feature=51 104 47 61 53 24
split_gain=0.275683 0.434765 0.491822 0.381999 0.379513 0.0934459
threshold=6.7238208837349811 2.8029010331479989 2.1910133173369415 4.6736671834138344 2.4497148029771396 4.8713658868283671
decision_type=2 2 2 2 2 2
left_child=1 4 -3 5 -1 -2
right_child=3 2 -4 -5 -6 -7
leaf_value=0.0021507459914700119 0.0076568214921280678 -0.0098246913403272629 0.015243988903886122 -0.024193276735869323 -0.0036004238107549117 -0.0076276401407085366
leaf_weight=259 8.0000000000000053 9.9999999999999982 36 10.999999999999998 206 7.9999999999999991
leaf_count=259 8 10 36 11 206 8
internal_value=0 0.000520338 0.00979428 -0.00984787 -0.000397084 1.45907e-05
internal_weight=0 511 46 27 465 16
internal_count=538 511 46 27 465 16
is_linear=0
shrinkage=0.1


Tree=92
num_leaves=6
num_cat=0
split_feature=27 17 79 96 88
split_gain=0.266381 1.32626 1.0394 1.05437 0.430244
threshold=1.0397207708399181 4.9542375470235838 2.7706317725792133 4.6913057964583187 0.61882079188067218
decision_type=2 2 2 2 2
left_child=2 -2 3 -1 -3
right_child=1 4 -4 -5 -6
leaf_value=-0.015205744188278913 0.035185504772446377 -0.0013643651572334769 -0.035578086674213409 0.010998691274674939 0.0067537588015776362
leaf_weight=28 10.999999999999998 376 9.9999999999999982 34 79
leaf_count=28 11 376 10 34 79
internal_value=0 0.000874648 -0.00566092 -0.00083557 4.51553e-05
internal_weight=0 466 72 62 455
internal_count=538 466 72 62 455
is_linear=0
shrinkage=0.1


Tree=93
num_leaves=6
num_cat=0
split_feature=42 56 85 69 53
split_gain=0.228892 0.746828 0.837175 0.506141 0.481118
threshold=1.0397207708399181 2.1686453704162454 0.053353963967756254 0.91610364505747011 1.3424540464534289
decision_type=2 2 2 2 2
left_child=1 -1 -3 -2 -5
right_child=3 2 -4 4 -6
leaf_value=-0.027023116857386554 0.025685217045247555 0.025751152262091639 -0.0066808623954271659 -0.0053649262909414826 0.0021270354092776987
leaf_weight=12.999999999999998 7.9999999999999991 9.9999999999999982 39 113 355
leaf_count=13 8 10 39 113 355
internal_value=0 -0.0057152 -6.20839e-05 0.000744417 0.000318079
internal_weight=0 62 49 476 468
internal_count=538 62 49 476 468
is_linear=0
shrinkage=0.1


Tree=94
num_leaves=8
num_cat=0
split_feature=23 14 38 103 17 49 89
split_gain=0.236101 1.16073 1.01303 0.604951 0.60304 1.92767 0.531074
threshold=5.4293071540977413 6.286907558903339 7.09423450157795 3.0868930519509687 8.3388985747531006 7.0808505662383112 0.27764569800250255
decision_type=2 2 2 2 2 2 2
left_child=4 2 -2 -3 6 -6 -1
right_child=1 3 -4 -5 5 -7 -8
leaf_value=-0.0040300700917498163 -0.032119563962756226 0.020491802585976465 0.0077057549619995482 -0.0013391225159627056 0.048246034979820253 0.0026483466138400268 0.0047610289617359899
leaf_weight=173 22.000000000000004 13.999999999999998 8.9999999999999982 136 10.999999999999998 59 114
leaf_count=173 22 14 9 136 11 59 114
internal_value=0 -0.00294207 -0.0205574 0.00069843 0.00149164 0.0098137 -0.000538135
internal_weight=0 181 31 150 357 70 287
internal_count=538 181 31 150 357 70 287
is_linear=0
shrinkage=0.1


Tree=95
num_leaves=7
num_cat=0
split_feature=51 50 50 51 61 104
split_gain=0.247088 0.383358 0.974991 0.564837 0.303057 0.0817434
threshold=6.7238208837349811 6.2460391568005056 5.7267999994427079 5.8347936374918037 4.6736671834138344 2.249904835165133
decision_type=2 2 2 2 2 2
left_child=1 2 -1 -3 5 -2
right_child=4 3 -4 -5 -6 -7
leaf_value=0.00072983011095949235 -0.0076863653725013073 0.010204597354459111 -0.014630867365243225 -0.001462667192071222 -0.022100610793991525 0.0066090338397771127
leaf_weight=297 8.0000000000000053 84 48 82 10.999999999999998 7.9999999999999991
leaf_count=297 8 84 48 82 11 8
internal_value=0 0.000492613 -0.00140731 0.00444125 -0.00932316 -0.000538666
internal_weight=0 511 345 166 27 16
internal_count=538 511 345 166 27 16
is_linear=0
shrinkage=0.1


Tree=96
num_leaves=6
num_cat=0
split_feature=72 87 100 98 102
split_gain=0.230128 0.709583 0.295986 0.719375 0.625785
threshold=1.1906141101565797 0.41285709758620598 1.8688348091416844 4.317399216745252 2.3502401828962087
decision_type=2 2 2 2 2
left_child=2 -2 3 -1 -4
right_child=1 -3 4 -5 -6
leaf_value=0.006908287659925582 -0.027788455310192969 0.0090172279626131065 -0.0077632164853869137 -0.011256783743962072 0.0014828837366237238
leaf_weight=135 11.000000000000002 9.9999999999999982 103 26 253
leaf_count=135 11 10 103 26 253
internal_value=0 -0.0102619 0.000416829 0.0039748 -0.00119225
internal_weight=0 21 517 161 356
internal_count=538 21 517 161 356
is_linear=0
shrinkage=0.1


Tree=97
num_leaves=8
num_cat=0
split_feature=48 7 9 47 21 46 7
split_gain=0.238643 0.460202 0.866222 0.394335 0.782975 0.581289 0.285067
threshold=1.0000000180025095e-35 5.370540668730551 8.8249622393607172 2.1910133173369415 6.311733162251806 5.1416464569318583 2.1910133173369415
decision_type=2 2 2 2 2 2 2
left_child=1 6 -3 5 -5 -2 -1
right_child=3 2 -4 4 -6 -7 -8
leaf_value=-0.0049546532612293947 -0.0018776748195075646 0.021048875726186307 -0.013242043004206875 0.018368171210334235 0.00097291282843457001 -0.024306205445184158 -0.027815610077232125
leaf_weight=10.000000000000002 104 13.000000000000002 17 28 341 12.999999999999998 11.999999999999998
leaf_count=10 104 13 17 28 341 13 12
internal_value=0 -0.00643872 0.00161736 0.000688916 0.00229288 -0.00436973 -0.0174243
internal_weight=0 52 30 486 369 117 22
internal_count=538 52 30 486 369 117 22
is_linear=0
shrinkage=0.1


Tree=98
num_leaves=6
num_cat=0
split_feature=69 34 69 9 1
split_gain=0.225167 0.700172 0.591091 0.419561 0.239956
threshold=1.8903679588756852 1.0397207708399181 2.0345233277134906 4.8361559147623279 6.380116791391317
decision_type=2 2 2 2 2
left_child=1 -1 -2 -4 -3
right_child=2 4 3 -5 -6
leaf_value=0.014527350167433421 0.026038151317172582 -0.017836045246804134 -0.022537735523656011 0.0005564264884199829 0.00093403219038413641
leaf_weight=11.999999999999998 8.9999999999999982 28 7.9999999999999991 472 8.9999999999999982
leaf_count=12 9 28 8 472 9
internal_value=0 -0.00646275 0.000647597 0.000171524 -0.0132704
internal_weight=0 49 489 480 37
internal_count=538 49 489 480 37
is_linear=0
shrinkage=0.1


Tree=99
num_leaves=5
num_cat=0
split_feature=42 47 46 47
split_gain=0.212233 0.268353 0.746045 0.603245
threshold=8.1140056879395495 6.5785562848655745 7.3862220341502232 6.3985935502624844
decision_type=2 2 2 2
left_child=1 3 -3 -1
right_child=-2 2 -4 -5
leaf_value=0.00025025415819959702 -0.015227271430194379 0.035570694366469979 0.00048545578774064781 -0.021579174518298647
leaf_weight=483 8.9999999999999982 7.9999999999999991 25 12.999999999999998
leaf_count=483 9 8 25 13
internal_value=0 0.000259065 0.00899097 -0.000321888
internal_weight=0 529 33 496
internal_count=538 529 33 496
is_linear=0
shrinkage=0.1


Tree=100
num_leaves=6
num_cat=0
split_feature=92 86 48 44 47
split_gain=0.207342 0.557722 0.38401 0.470517 0.394602
threshold=4.6945134715553207 0.40670158192410005 1.0000000180025095e-35 5.2417330174952186 2.1910133173369415
decision_type=2 2 2 2 2
left_child=1 -1 3 -2 -4
right_child=2 -3 4 -5 -6
leaf_value=0.024042232311330729 -0.0160777871698762 -0.0079341728240251552 -0.0048664955132302241 0.0089692864520475278 0.0019639076120181957
leaf_weight=12.000000000000002 30 9.9999999999999982 110 9.9999999999999982 366
leaf_count=12 30 10 110 10 366
internal_value=0 0.0095075 -0.000405359 -0.00981602 0.000385453
internal_weight=0 22 516 40 476
internal_count=538 22 516 40 476
is_linear=0
shrinkage=0.1


Tree=101
num_leaves=7
num_cat=0
split_feature=23 102 59 41 65 45
split_gain=0.206687 1.01003 0.321306 0.313806 0.756408 0.681732
threshold=6.0258543048053959 2.5619819897016298 5.5721468034537072 8.944858178201331 5.1639242578567801 8.8249622393607172
decision_type=2 2 2 2 2 2
left_child=3 -2 -3 5 -5 -1
right_child=1 2 -4 4 -6 -7
leaf_value=0.00069722212873303394 -0.038225283511565067 0.0077323009675767801 -0.0052408617828041317 0.012674625768679485 -0.0084342677146196365 -0.018300591036677361
leaf_weight=340 7.9999999999999991 28 60 58 24 20
leaf_count=340 8 28 60 58 24 20
internal_value=0 -0.00420572 -0.00111304 0.000913461 0.00649641 -0.000358212
internal_weight=0 96 88 442 82 360
internal_count=538 96 88 442 82 360
is_linear=0
shrinkage=0.1


Tree=102
num_leaves=7
num_cat=0
split_feature=51 104 47 98 61 24
split_gain=0.19975 0.331049 0.359812 0.313848 0.249451 0.0734883
threshold=6.7238208837349811 2.8029010331479989 2.1910133173369415 5.5683153670809231 4.6736671834138344 4.8713658868283671
decision_type=2 2 2 2 2 2
left_child=1 3 -3 -1 5 -2
right_child=4 2 -4 -5 -6 -7
leaf_value=0.00045024035771176686 0.0063643360190326296 -0.0082452764152549218 0.013196729914408126 -0.0087121969157057579 -0.019975075328891929 -0.0071900255279615521
leaf_weight=424 8.0000000000000053 9.9999999999999982 36 41 10.999999999999998 7.9999999999999991
leaf_count=424 8 10 36 41 11 8
internal_value=0 0.000442918 0.00853542 -0.00035763 -0.00838264 -0.000412845
internal_weight=0 511 46 465 27 16
internal_count=538 511 46 465 27 16
is_linear=0
shrinkage=0.1


Tree=103
num_leaves=6
num_cat=0
split_feature=72 87 19 6 63
split_gain=0.198699 0.53686 0.234699 0.791909 0.59257
threshold=1.1906141101565797 0.41285709758620598 3.7494348669884658 5.4445775410940529 4.5574650935857628
decision_type=2 2 2 2 2
left_child=2 -2 3 -1 -4
right_child=1 -3 4 -5 -6
leaf_value=-2.0863396897788035e-05 -0.024780358645049003 0.0072339170426130297 -0.01342448555579823 0.015626361130052831 0.00022793284451134191
leaf_weight=169 11.000000000000002 9.9999999999999982 36 40 272
leaf_count=169 11 10 36 40 272
internal_value=0 -0.00953547 0.000387321 0.00297382 -0.0013678
internal_weight=0 21 517 209 308
internal_count=538 21 517 209 308
is_linear=0
shrinkage=0.1


Tree=104
num_leaves=7
num_cat=0
split_feature=42 96 53 42 46 86
split_gain=0.191699 0.558495 0.866018 0.404014 0.691746 0.376359
threshold=1.0397207708399181 4.7790881836238563 2.5386312031140545 4.0428973506407848 3.7609296261008152 0.5879576860207939
decision_type=2 2 2 2 2 2
left_child=1 -1 -3 4 -2 -5
right_child=3 2 -4 5 -6 -7
leaf_value=-0.022804281847285376 0.0013655166937819414 0.01578848623437807 -0.011456717983154315 -0.0017354929484936555 0.028147007199004294 0.0056585381755085533
leaf_weight=13.999999999999998 31 20 28 345 13.999999999999998 86
leaf_count=14 31 20 28 345 14 86
internal_value=0 -0.0052303 -0.00010455 0.000681257 0.00969754 -0.000260118
internal_weight=0 62 48 476 45 431
internal_count=538 62 48 476 45 431
is_linear=0
shrinkage=0.1


Tree=105
num_leaves=7
num_cat=0
split_feature=27 17 6 54 88 88
split_gain=0.183215 0.857047 0.714407 0.660799 0.580024 0.355602
threshold=1.0397207708399181 4.8361559147623279 3.9505035259962109 3.6105525490912482 0.5016519545637167 0.57615951478317129
decision_type=2 2 2 2 2 2
left_child=2 -2 4 -4 -1 -3
right_child=1 5 3 -5 -6 -7
leaf_value=-0.007275897746685106 0.031284873104757735 -0.001324420068817239 0.011187357632743736 -0.015672790431059326 -0.038093857881095677 0.0054974467397581059
leaf_weight=19.000000000000004 8.9999999999999982 360 31 12.999999999999998 8.9999999999999982 97
leaf_count=19 9 360 31 13 9 97
internal_value=0 0.000725375 -0.00469479 0.0032514 -0.0171817 0.000123547
internal_weight=0 466 72 44 28 457
internal_count=538 466 72 44 28 457
is_linear=0
shrinkage=0.1


Tree=106
num_leaves=7
num_cat=0
split_feature=51 85 74 56 75 48
split_gain=0.177728 0.287434 0.381777 0.296726 0.197721 0.111669
threshold=6.7238208837349811 0.50512972570900638 0.032577469201537153 4.6867395546766826 5.4204468875071798 6.4052161636374949
decision_type=2 2 2 2 2 2
left_child=1 2 -1 -3 5 -2
right_child=4 3 -4 -5 -6 -7
leaf_value=0.0011544337081949641 -0.01043531420744127 0.013058739824731264 -0.0056758434243373949 0.0017914255083489575 -0.021094966074451806 0.0049186939094215641
leaf_weight=267 9.0000000000000053 31 118 95 7.9999999999999991 9.9999999999999982
leaf_count=267 9 31 118 95 8 10
internal_value=0 0.00041779 -0.000939002 0.00456354 -0.00790706 -0.00235426
internal_weight=0 511 385 126 27 19
internal_count=538 511 385 126 27 19
is_linear=0
shrinkage=0.1


Tree=107
num_leaves=8
num_cat=0
split_feature=99 99 99 53 24 54 98
split_gain=0.175428 0.926745 0.791053 0.708446 0.607314 0.591758 0.58089
threshold=3.9316333620047872 4.3437210834879627 4.4187680230537838 1.3424540464534289 1.5890269151739729 1.0397207708399181 3.8064155152036787
decision_type=2 2 2 2 2 2 2
left_child=3 6 -3 4 -1 -5 -2
right_child=1 2 -4 5 -6 -7 -8
leaf_value=0.0050724625637805143 -0.027900940062184083 0.028422677330672743 -0.00032393773783821549 0.023045070024414194 -0.011324130672086352 0.0037985684518197318 -0.0055545458057895307
leaf_weight=37 19 9.9999999999999982 224 18 58 142 30
leaf_count=37 19 10 224 18 58 142 30
internal_value=0 -0.0017141 0.00090455 0.00190231 -0.00493809 0.0059638 -0.0142195
internal_weight=0 283 234 255 95 160 49
internal_count=538 283 234 255 95 160 49
is_linear=0
shrinkage=0.1


Tree=108
num_leaves=6
num_cat=0
split_feature=72 23 100 98 103
split_gain=0.186215 0.420295 0.227158 0.582913 0.474376
threshold=1.1906141101565797 2.3937458713910238 1.8688348091416844 1.4978661367769956 5.3327071242454505
decision_type=2 2 2 2 2
left_child=2 -2 3 -1 -4
right_child=1 -3 4 -5 -6
leaf_value=-0.005097488905984101 -0.020328980426375678 0.0088030218612402678 -0.0050979051408767935 0.0077070826298074315 0.0022447789989667121
leaf_weight=53 13.000000000000002 7.9999999999999991 159 108 197
leaf_count=53 13 8 159 108 197
internal_value=0 -0.00923107 0.000374957 0.00349191 -0.00103468
internal_weight=0 21 517 161 356
internal_count=538 21 517 161 356
is_linear=0
shrinkage=0.1


Tree=109
num_leaves=7
num_cat=0
split_feature=16 7 88 24 74 88
split_gain=0.169633 0.915336 0.428015 0.672028 0.41835 0.386556
threshold=2.1383330595080281 1.0397207708399181 0.10960282139613471 1.5890269151739729 0.28596680490338633 0.61882079188067218
decision_type=2 2 2 2 2 2
left_child=2 -2 3 -1 -4 -3
right_child=1 5 4 -5 -6 -7
leaf_value=0.0087207471842857751 0.027090900935805764 -0.0012911620325467964 -0.0038372243334334798 -0.013565660121017382 -0.022125278728910621 0.0069369068625720516
leaf_weight=47 12.999999999999998 331 41 19 18 69
leaf_count=47 13 331 41 19 18 69
internal_value=0 0.000976885 -0.00322763 0.00230496 -0.00941663 0.00012818
internal_weight=0 413 125 66 59 400
internal_count=538 413 125 66 59 400
is_linear=0
shrinkage=0.1


Tree=110
num_leaves=7
num_cat=0
split_feature=89 89 29 58 69 19
split_gain=0.171836 0.628937 0.401524 0.443053 0.33778 0.270675
threshold=0.5828977007850159 0.55970362904636928 6.2633529090608215 1.5890269151739729 0.91610364505747011 1.0397207708399181
decision_type=2 2 2 2 2 2
left_child=1 4 5 -4 -1 -2
right_child=2 -3 3 -5 -6 -7
leaf_value=0.018989202328440216 0.0051716155838221313 -0.021016280117134255 -0.011371424508450384 0.0048701789151404948 -0.00059783065185686692 0.031184811703860761
leaf_weight=8.9999999999999982 7.9999999999999991 14.999999999999998 22 71 405 7.9999999999999991
leaf_count=9 8 15 22 71 405 8
internal_value=0 -0.000900846 0.00354553 0.00102808 -0.000172026 0.0181782
internal_weight=0 429 109 93 414 16
internal_count=538 429 109 93 414 16
is_linear=0
shrinkage=0.1


Tree=111
num_leaves=7
num_cat=0
split_feature=69 52 28 56 34 86
split_gain=0.17399 0.477871 0.906698 0.476412 0.397043 0.214682
threshold=1.8903679588756852 2.1383330595080281 1.8688348091416842 2.1686453704162454 1.0397207708399181 0.25729665131136703
decision_type=2 2 2 2 2 2
left_child=4 2 -2 -3 -1 -6
right_child=1 3 -4 -5 5 -7
leaf_value=0.010125281296980877 0.034781772050667896 -0.024805863015353681 0.0031805657277940418 -0.00017026556532369214 -0.01906946318306248 -0.0037846748717129232
leaf_weight=11.999999999999998 10.999999999999998 7.9999999999999991 52 418 17 20
leaf_count=12 11 8 52 418 17 20
internal_value=0 0.000569266 0.00869824 -0.000632906 -0.00568104 -0.0108074
internal_weight=0 489 63 426 49 37
internal_count=538 489 63 426 49 37
is_linear=0
shrinkage=0.1


Tree=112
num_leaves=5
num_cat=0
split_feature=92 92 8 92
split_gain=0.165542 0.273102 0.570999 0.393917
threshold=5.2047281139937782 5.0976429156221634 4.9199542854466296 5.0787195377569372
decision_type=2 2 2 2
left_child=1 3 -3 -1
right_child=-2 2 -4 -5
leaf_value=0.00035430413897135011 -0.01035781575444465 0.030211572017934576 -0.0054098556853002973 -0.016097150159378844
leaf_weight=490 14.999999999999998 9.0000000000000018 8.9999999999999982 14.999999999999998
leaf_count=490 15 9 9 15
internal_value=0 0.000297069 0.0124009 -0.000134353
internal_weight=0 523 18 505
internal_count=538 523 18 505
is_linear=0
shrinkage=0.1


Tree=113
num_leaves=5
num_cat=0
split_feature=42 50 51 50
split_gain=0.168835 0.185168 0.731085 0.684219
threshold=8.1140056879395495 6.2460391568005056 5.8347936374918037 5.7267999994427079
decision_type=2 2 2 2
left_child=1 3 -3 -1
right_child=-2 2 -4 -5
leaf_value=0.00063296429102577398 -0.013581450221439204 0.0099139776325175236 -0.0027045692802617712 -0.012358282062601537
leaf_weight=295 8.9999999999999982 81 106 47
leaf_count=295 9 81 106 47
internal_value=0 0.000231064 0.00276122 -0.00115238
internal_weight=0 529 187 342
internal_count=538 529 187 342
is_linear=0
shrinkage=0.1


Tree=114
num_leaves=8
num_cat=0
split_feature=27 17 92 11 42 53 17
split_gain=0.173991 0.638498 0.899875 0.577753 0.565814 0.511402 0.287002
threshold=1.0397207708399181 6.2085718078050585 4.8486229440553528 1.5890269151739729 4.1891953942678901 2.8477523405893534 6.4295893882764688
decision_type=2 2 2 2 2 2 2
left_child=3 2 -2 5 -5 -1 -3
right_child=1 6 -4 4 -6 -7 -8
leaf_value=-0.006638826722175712 0.04108129679742787 -0.010943072374599676 0.00400288775175189 -0.0031294812913984053 0.027308649652534062 -0.034590731794014576 0.0003086519846578828
leaf_weight=36 8.9999999999999982 24 24 19.000000000000004 8.9999999999999982 7.9999999999999991 409
leaf_count=36 9 24 24 19 9 8 409
internal_value=0 0.00070688 0.0141152 -0.00457508 0.0066542 -0.011721 -0.000315
internal_weight=0 466 33 72 28 44 433
internal_count=538 466 33 72 28 44 433
is_linear=0
shrinkage=0.1


Tree=115
num_leaves=6
num_cat=0
split_feature=42 64 58 69 16
split_gain=0.153699 0.468211 0.455424 0.293142 0.296179
threshold=1.0397207708399181 1.4467267122167866 1.0397207708399181 0.91610364505747011 1.0397207708399181
decision_type=2 2 2 2 2
left_child=1 -1 -3 -2 -5
right_child=3 2 -4 4 -6
leaf_value=-0.027260848553851247 0.019590757042169574 0.012814331927802415 -0.0072975613507687267 -0.0071559022704605017 0.0011360049047618218
leaf_weight=7.9999999999999991 7.9999999999999991 15.999999999999998 38 48 420
leaf_count=8 8 16 38 48 420
internal_value=0 -0.0046833 -0.00133848 0.00061001 0.000285553
internal_weight=0 62 54 476 468
internal_count=538 62 54 476 468
is_linear=0
shrinkage=0.1


Tree=116
num_leaves=6
num_cat=0
split_feature=92 86 36 98 35
split_gain=0.164134 0.355504 0.278325 0.483447 0.377783
threshold=4.6945134715553207 0.068497689240783338 1.0397207708399181 3.2769667020129059 1.0397207708399181
decision_type=2 2 2 2 2
left_child=1 -1 3 -2 -4
right_child=2 -3 4 -5 -6
leaf_value=0.025275332364253691 -0.018907723549221243 -0.0011502464301884174 0.015186725096667514 -0.00082728904765099289 -1.3660922792534673e-05
leaf_weight=8.0000000000000018 21 13.999999999999998 17 50 428
leaf_count=8 21 14 17 50 428
internal_value=0 0.00845905 -0.000360657 -0.00617502 0.000567028
internal_weight=0 22 516 71 445
internal_count=538 22 516 71 445
is_linear=0
shrinkage=0.1


Tree=117
num_leaves=7
num_cat=0
split_feature=85 85 24 89 100 83
split_gain=0.157842 0.445524 0.444376 0.244974 0.211764 0.130704
threshold=0.67137105005139686 0.6361389925823141 3.8499212036984933 0.58938893810103898 5.9725357258298626 3.0091445107838588
decision_type=2 2 2 2 2 2
left_child=1 3 -3 -1 5 -2
right_child=4 2 -4 -5 -6 -7
leaf_value=-0.0014440714532877007 -0.004918120295489924 0.029453616887331009 0.0040298944677818914 0.0042479790784871818 0.0049695700158675516 -0.017198678077413484
leaf_weight=356 26 9.9999999999999982 22 96 14.999999999999998 12.999999999999998
leaf_count=356 26 10 22 96 15 13
internal_value=0 0.000572129 0.0119748 -0.00023514 -0.00512797 -0.00901164
internal_weight=0 484 32 452 54 39
internal_count=538 484 32 452 54 39
is_linear=0
shrinkage=0.1


Tree=118
num_leaves=8
num_cat=0
split_feature=23 14 41 6 17 95 15
split_gain=0.152195 0.714302 1.06341 0.501864 0.372494 0.978281 0.310282
threshold=5.620374610039355 6.4150956198398426 9.996971259901386 6.5220754968327581 8.362379294148246 7.6226333132473512 3.891612008168019
decision_type=2 2 2 2 2 2 2
left_child=4 2 -2 -3 6 -6 -1
right_child=1 3 -4 -5 5 -7 -8
leaf_value=0.0012382444290613588 -0.036147042789629519 0.013612990858762162 0.0079113725986745629 -0.0026426097211521976 0.036206071153283122 0.0030079704962812271 -0.0062473276434969662
leaf_weight=220 14.000000000000002 23 8.9999999999999982 109 9.9999999999999982 79 74
leaf_count=220 14 23 9 109 10 79 74
internal_value=0 -0.00264388 -0.0189068 0.000189806 0.00106998 0.00673809 -0.000645879
internal_weight=0 155 23 132 383 89 294
internal_count=538 155 23 132 383 89 294
is_linear=0
shrinkage=0.1


Tree=119
num_leaves=5
num_cat=0
split_feature=42 41 41 45
split_gain=0.149903 0.165544 0.421514 0.276125
threshold=8.1140056879395495 10.085701847825877 9.9055788977071462 10.135574889458775
decision_type=2 2 2 2
left_child=1 2 -1 -3
right_child=-2 3 -4 -5
leaf_value=0.00021431284478608004 -0.012797367790093026 0.023530372348614027 -0.022923108510440215 0.00024114863481372595
leaf_weight=499 8.9999999999999982 8.0000000000000018 7.9999999999999991 13.999999999999998
leaf_count=499 9 8 8 14
internal_value=0 0.000217725 -0.000150775 0.00870996
internal_weight=0 529 507 22
internal_count=538 529 507 22
is_linear=0
shrinkage=0.1


Tree=120
num_leaves=7
num_cat=0
split_feature=40 103 44 104 46 41
split_gain=0.143834 0.526284 0.393092 0.573696 0.352651 0.214097
threshold=6.073002059532028 4.0773937863842606 5.5093801410486734 1.8688348091416842 7.0325927103347974 9.5545650937019619
decision_type=2 2 2 2 2 2
left_child=2 -2 4 -4 -1 -3
right_child=1 5 3 -5 -6 -7
leaf_value=0.00018526886239337794 -0.025621839370578527 -0.014712381176650524 0.014225789906385428 -0.015171848761383444 -0.014107173124405868 0.0035221846428502238
leaf_weight=422 9.9999999999999982 7.9999999999999991 39 7.9999999999999991 18 33
leaf_count=422 10 8 39 8 18 33
internal_value=0 -0.00505265 0.000529128 0.00922194 -0.000399422 -3.57794e-05
internal_weight=0 51 487 47 440 41
internal_count=538 51 487 47 440 41
is_linear=0
shrinkage=0.1


Tree=121
num_leaves=7
num_cat=0
split_feature=51 104 63 98 75 48
split_gain=0.140446 0.238912 0.278625 0.236178 0.13413 0.0739046
threshold=6.7238208837349811 2.8029010331479989 7.1483148402908876 5.5683153670809231 5.4204468875071798 6.4052161636374949
decision_type=2 2 2 2 2 2
left_child=1 3 -3 -1 5 -2
right_child=4 2 -4 -5 -6 -7
leaf_value=0.00039212463548811123 -0.009029589238020377 0.012130922051393569 -0.0051537040477761861 -0.00755611530777703 -0.017891066987067463 0.0034612412005662918
leaf_weight=424 9.0000000000000053 33 12.999999999999998 41 7.9999999999999991 9.9999999999999982
leaf_count=424 9 33 13 41 8 10
internal_value=0 0.000371394 0.00724614 -0.000308688 -0.00702898 -0.00245547
internal_weight=0 511 46 465 27 19
internal_count=538 511 46 465 27 19
is_linear=0
shrinkage=0.1


Tree=122
num_leaves=7
num_cat=0
split_feature=92 28 38 101 102 59
split_gain=0.143027 0.539517 0.299898 0.260506 0.683817 0.513647
threshold=4.8770554845322565 5.2574411156119085 6.4536237588886749 1.700598690831078 2.1383330595080281 2.9700856263602158
decision_type=2 2 2 2 2 2
left_child=1 2 -1 4 -2 -5
right_child=3 -3 -4 5 -6 -7
leaf_value=0.0027002511790405353 -0.0017976288637759066 0.021900613835224739 -0.0083104423668313148 0.012302532751346008 -0.024543216737220066 -0.0012195648088559013
leaf_weight=141 76 12.999999999999998 30 32 15.999999999999998 230
leaf_count=141 76 13 30 32 16 230
internal_value=0 0.00226158 0.000768551 -0.00117551 -0.00575338 0.000431989
internal_weight=0 184 171 354 92 262
internal_count=538 184 171 354 92 262
is_linear=0
shrinkage=0.1


Tree=123
num_leaves=6
num_cat=0
split_feature=92 86 36 96 5
split_gain=0.129635 0.2867 0.239157 0.438068 0.345524
threshold=4.6945134715553207 0.40670158192410005 1.0397207708399181 6.0718113043284854 6.4052270920020655
decision_type=2 2 2 2 2
left_child=1 -1 3 -2 -4
right_child=2 -3 4 -5 -6
leaf_value=0.017938732340311007 -0.00096218695756621086 -0.0049876182526350024 0.0075979395187459886 -0.018704958318879732 -0.00056061570339098379
leaf_weight=12.000000000000002 52 9.9999999999999982 60 19 385
leaf_count=12 52 10 60 19 385
internal_value=0 0.00751766 -0.000320521 -0.00571025 0.000539414
internal_weight=0 22 516 71 445
internal_count=538 22 516 71 445
is_linear=0
shrinkage=0.1


Tree=124
num_leaves=8
num_cat=0
split_feature=53 2 87 99 6 54 42
split_gain=0.132041 0.497446 0.713372 0.419839 0.766976 0.443607 0.370823
threshold=1.3424540464534289 5.2626767655455557 0.022289016848914333 3.9316333620047872 5.8777318586263663 1.0397207708399181 4.1107394736335969
decision_type=2 2 2 2 2 2 2
left_child=1 6 -3 5 -5 -2 -1
right_child=3 2 -4 4 -6 -7 -8
leaf_value=0.0058517734841665343 0.019669935034794941 -0.0074128080458779402 0.023974006275335951 -0.01476373587073268 0.00068649177388019431 0.0030059473172590976 -0.0090413374990997147
leaf_weight=21 18 14.000000000000002 14.999999999999998 38 208 142 82
leaf_count=21 18 14 15 38 208 142 82
internal_value=0 -0.00274751 0.00882175 0.00089328 -0.00170013 0.00488065 -0.00600488
internal_weight=0 132 29 406 246 160 103
internal_count=538 132 29 406 246 160 103
is_linear=0
shrinkage=0.1


Tree=125
num_leaves=6
num_cat=0
split_feature=72 87 92 40 31
split_gain=0.142248 0.267459 0.153408 0.616176 0.230157
threshold=1.1906141101565797 0.41285709758620598 4.8770554845322565 5.272986409146923 6.0258543048053959
decision_type=2 2 2 2 2
left_child=2 -2 3 -1 -4
right_child=1 -3 4 -5 -6
leaf_value=0.001358687135010458 -0.018828297186304216 0.0037682314589619643 0.00051842236872718511 0.028232682682573798 -0.0056312885819168037
leaf_weight=164 11.000000000000002 9.9999999999999982 265 8.9999999999999982 79
leaf_count=164 11 10 265 9 79
internal_value=0 -0.00806805 0.000327716 0.00275676 -0.000893866
internal_weight=0 21 517 173 344
internal_count=538 21 517 173 344
is_linear=0
shrinkage=0.1


Tree=126
num_leaves=7
num_cat=0
split_feature=103 8 25 87 66 88
split_gain=0.130517 0.654801 0.580043 0.25434 0.253284 0.181329
threshold=5.1984817689835037 5.5234569284970156 9.6802727305176486 0.44133757088436615 4.5215522263001349 0.47876113075053695
decision_type=2 2 2 2 2 2
left_child=1 2 -1 4 -2 -5
right_child=3 -3 -4 5 -6 -7
leaf_value=-0.0013056131594930776 0.006879706344888767 -0.029569770803209397 0.025983873475342992 -0.0066328928382669503 -0.0016003644757767929 0.0045081937242121926
leaf_weight=295 105 7.9999999999999991 7.9999999999999991 48 53 21
leaf_count=295 105 8 8 48 53 21
internal_value=0 -0.00133069 -0.000585099 0.0018231 0.00403513 -0.00324213
internal_weight=0 311 303 227 158 69
internal_count=538 311 303 227 158 69
is_linear=0
shrinkage=0.1


Tree=127
num_leaves=6
num_cat=0
split_feature=34 21 34 89 26
split_gain=0.122855 0.654692 0.513584 0.45775 0.370122
threshold=4.7534415364300813 6.380116791391317 4.6346818562128229 0.27764569800250255 3.7609296261008152
decision_type=2 2 2 2 2
left_child=2 -2 3 -1 -3
right_child=1 4 -4 -5 -6
leaf_value=-0.0050477931960344769 0.026263993196189408 0.021589820832014085 -0.024209076978731901 0.005964854909259765 -0.00016397810104535894
leaf_weight=99 9.9999999999999982 7.9999999999999991 9.9999999999999982 61 350
leaf_count=99 10 8 10 61 350
internal_value=0 0.00102708 -0.00222333 -0.000849221 0.00032214
internal_weight=0 368 170 160 358
internal_count=538 368 170 160 358
is_linear=0
shrinkage=0.1


Tree=128
num_leaves=8
num_cat=0
split_feature=53 2 87 38 99 6 10
split_gain=0.118744 0.403506 0.582263 0.321744 0.314306 0.623024 0.40298
threshold=1.3424540464534289 5.2626767655455557 0.022289016848914333 4.9199542854466296 3.9316333620047872 5.9964025824430864 1.0397207708399181
decision_type=2 2 2 2 2 2 2
left_child=1 3 -3 -1 6 -6 -2
right_child=4 2 -4 -5 5 -7 -8
leaf_value=0.00068228273126094241 0.021921837966268263 -0.0068527766578232053 0.021503491507222257 -0.010560079710558057 -0.012032764164679167 0.00098438221446947387 0.0028680916284281772
leaf_weight=46 11.999999999999998 14.000000000000002 14.999999999999998 57 45 201 148
leaf_count=46 12 14 15 57 45 201 148
internal_value=0 -0.0026055 0.00781426 -0.00553922 0.000847109 -0.0013968 0.00429712
internal_weight=0 132 29 103 406 246 160
internal_count=538 132 29 103 406 246 160
is_linear=0
shrinkage=0.1


Tree=129
num_leaves=8
num_cat=0
split_feature=98 79 88 92 92 49 21
split_gain=0.124064 0.665464 0.426914 0.403187 0.345004 0.316046 0.134585
threshold=4.007167868649713 3.4498615536424366 0.028606709871834928 5.0551689386815521 5.0955134662411643 7.1514412406855525 9.6572650424669906
decision_type=2 2 2 2 2 2 2
left_child=1 4 -3 5 -1 -2 -5
right_child=3 2 -4 6 -6 -7 -8
leaf_value=-0.00099890498515299488 0.011355949676520117 -0.0062749116836736578 -0.035086550315221149 -0.014910069925503595 0.015169948512422189 0.0013180321836911901 -0.0012380645765612524
leaf_weight=230 37 12.000000000000002 8.9999999999999982 18.000000000000004 13.999999999999998 206 11.999999999999998
leaf_count=230 37 12 9 18 14 206 12
internal_value=0 -0.00154131 -0.0186228 0.00149614 -7.11839e-05 0.00284644 -0.00944127
internal_weight=0 265 21 273 244 243 30
internal_count=538 265 21 273 244 243 30
is_linear=0
shrinkage=0.1


Tree=130
num_leaves=8
num_cat=0
split_feature=51 6 49 68 26 14 43
split_gain=0.12071 0.226741 0.253673 0.198625 0.11089 0.159445 0.0400885
threshold=6.5996622092702291 7.5437410699147334 9.4880475161110223 5.063859304732623 6.6346255874044475 6.650271517515475 5.1059271080903725
decision_type=2 2 2 2 2 2 2
left_child=1 3 -3 -1 5 -2 -6
right_child=4 2 -4 -5 6 -7 -8
leaf_value=0.0011807195576627487 -0.0018521869787946343 0.00016606749610646683 0.018007992425312602 -0.0032812128814610564 0.0049147717887535677 -0.021817461308091882 -0.0048142261803150177
leaf_weight=330 7.9999999999999991 17 14.999999999999998 143 8.0000000000000018 7.9999999999999991 8.9999999999999982
leaf_count=330 8 17 15 143 8 8 9
internal_value=0 0.000382905 0.00852947 -0.000168237 -0.00585961 -0.0118348 -0.000235874
internal_weight=0 505 32 473 33 16 17
internal_count=538 505 32 473 33 16 17
is_linear=0
shrinkage=0.1


Tree=131
num_leaves=6
num_cat=0
split_feature=42 56 96 38 78
split_gain=0.117232 0.372184 0.478098 0.229754 0.22844
threshold=1.0397207708399181 2.1686453704162454 5.6222091859522445 1.0397207708399181 2.6416672906104979
decision_type=2 2 2 2 2
left_child=1 -1 -3 -2 -5
right_child=3 2 -4 4 -6
leaf_value=-0.019132289294010174 0.013644073129846499 0.011795054711401463 -0.008302459963757931 -0.00043040890006388379 0.0084565718237671166
leaf_weight=12.999999999999998 12.999999999999998 20 29 432 31
leaf_count=13 13 20 29 432 31
internal_value=0 -0.00409016 -9.93927e-05 0.000532752 0.000164616
internal_weight=0 62 49 476 463
internal_count=538 62 49 476 463
is_linear=0
shrinkage=0.1


Tree=132
num_leaves=6
num_cat=0
split_feature=72 10 95 88 96
split_gain=0.113522 0.225574 0.125954 0.675232 0.315524
threshold=1.1906141101565797 5.1984817689835037 6.1548017441785339 0.43200791280506023 4.6681339642869872
decision_type=2 2 2 2 2
left_child=2 -2 3 -1 -4
right_child=1 -3 4 -5 -6
leaf_value=0.012639909123095708 -0.016183130443096157 0.0047600369434803724 -0.0055998755268294106 -0.010552346314254561 0.00102839804021935
leaf_weight=37 12.000000000000002 8.9999999999999982 89 19 372
leaf_count=37 12 9 89 19 372
internal_value=0 -0.00720749 0.000292761 0.00477111 -0.000251247
internal_weight=0 21 517 56 461
internal_count=538 21 517 56 461
is_linear=0
shrinkage=0.1


Tree=133
num_leaves=7
num_cat=0
split_feature=85 85 24 89 61 79
split_gain=0.10624 0.276575 0.346126 0.16585 0.135488 0.18835
threshold=0.67137105005139686 0.6361389925823141 3.8499212036984933 0.59977744430454794 5.8060660126142452 4.9483573341243501
decision_type=2 2 2 2 2 2
left_child=1 3 -3 -1 5 -2
right_child=4 2 -4 -5 -6 -7
leaf_value=-0.001121778620081537 -0.0050541501898183731 0.024879556223750116 0.0024417270221006636 0.003675013397134737 -0.016218291688710453 0.011827889282722027
leaf_weight=362 38 9.9999999999999982 22 90 7.9999999999999991 7.9999999999999991
leaf_count=362 38 10 22 90 8 8
internal_value=0 0.000469382 0.00945355 -0.000166665 -0.00420705 -0.00211814
internal_weight=0 484 32 452 54 46
internal_count=538 484 32 452 54 46
is_linear=0
shrinkage=0.1


Tree=134
num_leaves=7
num_cat=0
split_feature=34 26 32 34 89 18
split_gain=0.100927 0.547021 0.738155 0.396462 0.34971 0.300305
threshold=4.7534415364300813 4.5053345884235583 1.8688348091416842 4.6346818562128229 0.27764569800250255 3.7609296261008152
decision_type=2 2 2 2 2 2
left_child=3 2 -2 4 -1 -3
right_child=1 5 -4 -5 -6 -7
leaf_value=-0.0044776598471504957 -0.0033217957864205027 -0.019120076473336668 0.036153870671987533 -0.021332014892250301 0.0051480253315797902 0.00048063643086535034
leaf_weight=99 9.0000000000000018 7.9999999999999991 9.9999999999999982 9.9999999999999982 61 341
leaf_count=99 9 8 10 10 61 341
internal_value=0 0.000930921 0.0174549 -0.00201517 -0.000807867 3.13364e-05
internal_weight=0 368 19 170 160 349
internal_count=538 368 19 170 160 349
is_linear=0
shrinkage=0.1


Tree=135
num_leaves=8
num_cat=0
split_feature=51 95 6 15 26 14 12
split_gain=0.0979293 0.164954 0.403941 0.213109 0.0880682 0.113042 0.0345208
threshold=6.5996622092702291 8.9914040699624831 6.5624401037643025 6.1505459369606674 6.6346255874044475 6.650271517515475 5.7004379805808041
decision_type=2 2 2 2 2 2 2
left_child=1 2 -1 -3 5 -2 -6
right_child=4 3 -4 -5 6 -7 -8
leaf_value=0.00023671035725428009 -0.0021973462891764941 0.0072794109623988759 -0.012047324787247285 -0.00089724857709370563 0.0039824592078932441 -0.019008214306086305 -0.0050456819823011759
leaf_weight=348 7.9999999999999991 68 29 60 9.0000000000000018 7.9999999999999991 7.9999999999999991
leaf_count=348 8 68 29 60 9 8 8
internal_value=0 0.000344887 -0.000708215 0.0034466 -0.00527781 -0.0106028 -0.000266078
internal_weight=0 505 377 128 33 16 17
internal_count=538 505 377 128 33 16 17
is_linear=0
shrinkage=0.1


Tree=136
num_leaves=6
num_cat=0
split_feature=72 87 100 98 104
split_gain=0.0983437 0.19416 0.135687 0.369735 0.325216
threshold=1.1906141101565797 0.41285709758620598 1.8688348091416844 1.4978661367769956 1.0000000180025095e-35
decision_type=2 2 2 2 2
left_child=2 -2 3 -1 -4
right_child=1 -3 4 -5 -6
leaf_value=-0.0041593079964788457 -0.015876358356961807 0.0033763951063156129 -0.0074636845803651656 0.006038539808920447 0.00055742969211601361
leaf_weight=53 11.000000000000002 9.9999999999999982 61 108 295
leaf_count=53 11 10 61 108 295
internal_value=0 -0.00670838 0.000272487 0.00268148 -0.000816975
internal_weight=0 21 517 161 356
internal_count=538 21 517 161 356
is_linear=0
shrinkage=0.1


Tree=137
num_leaves=7
num_cat=0
split_feature=27 13 11 55 87 28
split_gain=0.0991393 0.427311 0.345842 0.33126 0.32687 0.180037
threshold=1.0397207708399181 5.0684095151189146 1.5890269151739729 3.5549397315361362 0.16788122690092908 1.8688348091416842
decision_type=2 2 2 2 2 2
left_child=2 -2 4 -4 -1 -3
right_child=1 5 3 -5 -6 -7
leaf_value=-0.018002401718071531 0.017137933323780698 0.005982692533741809 0.019827413782477373 -0.0028726664216568074 -0.00074639628519830494 -0.00068383921949546856
leaf_weight=21 14.999999999999998 45 10.000000000000002 18 23 406
leaf_count=21 15 45 10 18 23 406
internal_value=0 0.000533587 -0.00345349 0.00523451 -0.00898222 -1.86642e-05
internal_weight=0 466 72 28 44 451
internal_count=538 466 72 28 44 451
is_linear=0
shrinkage=0.1


Tree=138
num_leaves=5
num_cat=0
split_feature=70 64 35 5
split_gain=0.102854 0.296088 0.299036 0.158992
threshold=0.69406187107593553 1.4467267122167866 2.9430520157250784 6.4052270920020655
decision_type=2 2 2 2
left_child=-1 2 -2 -3
right_child=1 3 -4 -5
leaf_value=0.010047021359205247 -0.027205801848322143 0.0048341458572946127 -0.0012668285937979817 -0.00042614675234994842
leaf_weight=9.9999999999999982 8.0000000000000018 66 9.9999999999999982 444
leaf_count=10 8 66 10 444
internal_value=0 -0.000190285 -0.0127953 0.000254597
internal_weight=0 528 18 510
internal_count=538 528 18 510
is_linear=0
shrinkage=0.1


Tree=139
num_leaves=6
num_cat=0
split_feature=45 37 98 57 86
split_gain=0.102159 0.365868 0.347349 0.306343 0.280507
threshold=6.9087542803134747 6.7730149157208501 1.8688348091416842 1.1335860626783136 0.043118620480076558
decision_type=2 2 2 2 2
left_child=3 -2 -3 -1 -5
right_child=1 2 -4 4 -6
leaf_value=-0.021249182755127549 0.016172773437574506 -0.0061600292303963852 0.0017015275459739661 0.0038502062242182474 -0.005071024384815246
leaf_weight=7.9999999999999991 14.999999999999998 69 303 63 80
leaf_count=8 15 69 303 63 80
internal_value=0 0.000860756 0.000243336 -0.00220604 -0.00114069
internal_weight=0 387 372 151 143
internal_count=538 387 372 151 143
is_linear=0
shrinkage=0.1


Tree=140
num_leaves=5
num_cat=0
split_feature=42 47 26 47
split_gain=0.0971555 0.142327 0.388735 0.244591
threshold=8.1140056879395495 6.6411787611570974 6.6346255874044475 6.3985935502624844
decision_type=2 2 2 2
left_child=1 3 -3 -1
right_child=-2 2 -4 -5
leaf_value=0.00017605049419457838 -0.010302653029147122 0.022963317791000002 -0.0011842108517885208 -0.012391093649785035
leaf_weight=483 8.9999999999999982 10.000000000000002 20 15.999999999999998
leaf_count=483 9 10 20 16
internal_value=0 0.000175281 0.00686497 -0.000226904
internal_weight=0 529 30 499
internal_count=538 529 30 499
is_linear=0
shrinkage=0.1


Tree=141
num_leaves=5
num_cat=0
split_feature=35 29 84 61
split_gain=0.0930162 0.351962 0.186401 0.0910944
threshold=7.0039737242496614 9.996971259901386 0.67414063535028923 5.8495200383593362
decision_type=2 2 2 2
left_child=1 2 -1 -2
right_child=3 -3 -4 -5
leaf_value=-0.00035737993619172398 0.01499152012111153 -0.016498387690920099 0.0072066688431160798 0.00096722001802514905
leaf_weight=471 8.0000000000000018 12.999999999999998 35 10.999999999999998
leaf_count=471 8 13 35 11
internal_value=0 -0.000251583 0.000165825 0.00687219
internal_weight=0 519 506 19
internal_count=538 519 506 19
is_linear=0
shrinkage=0.1


Tree=142
num_leaves=7
num_cat=0
split_feature=40 103 44 103 44 41
split_gain=0.0908064 0.328646 0.308514 0.448502 0.237561 0.148751
threshold=6.073002059532028 4.0773937863842606 5.5093801410486734 3.891612008168019 5.4160905255636633 9.5545650937019619
decision_type=2 2 2 2 2 2
left_child=2 -2 4 -4 -1 -3
right_child=1 5 3 -5 -6 -7
leaf_value=-6.6417616568106004e-05 -0.020269054099917413 -0.012283626792486757 0.019471599434036764 -0.00028600777257923731 -0.016481906237701575 0.002915543326084982
leaf_weight=431 9.9999999999999982 7.9999999999999991 20 27 8.9999999999999982 33
leaf_count=431 10 8 20 27 9 33
internal_value=0 -0.00401464 0.000420424 0.00812148 -0.000402189 -5.01484e-05
internal_weight=0 51 487 47 440 41
internal_count=538 51 487 47 440 41
is_linear=0
shrinkage=0.1


Tree=143
num_leaves=7
num_cat=0
split_feature=85 85 24 16 100 83
split_gain=0.0895868 0.194636 0.27384 0.151329 0.114804 0.069321
threshold=0.67137105005139686 0.6361389925823141 3.8499212036984933 6.4134535822392476 5.9725357258298626 3.0091445107838588
decision_type=2 2 2 2 2 2
left_child=1 3 -3 -1 5 -2
right_child=4 2 -4 -5 -6 -7
leaf_value=-0.00058164135797194759 -0.0037416610329483561 0.021688729524612427 0.0017309646503153174 0.0068856268960597183 0.0035715065648158394 -0.012685139556057179
leaf_weight=423 26 9.9999999999999982 22 29 14.999999999999998 12.999999999999998
leaf_count=423 26 10 22 29 15 13
internal_value=0 0.000431028 0.00796777 -0.000102547 -0.00386329 -0.00672282
internal_weight=0 484 32 452 54 39
internal_count=538 484 32 452 54 39
is_linear=0
shrinkage=0.1


Tree=144
num_leaves=5
num_cat=0
split_feature=60 12 42 27
split_gain=0.0845687 0.164899 0.162736 0.0905142
threshold=6.8236879818121787 6.4052161636374949 7.2370217595840707 5.7203064016793022
decision_type=2 2 2 2
left_child=1 2 -1 -3
right_child=-2 3 -4 -5
leaf_value=0.00037658581073628738 -0.0091102576628327367 0.016955957328900689 -0.0056887332167077278 0.0039285202859900897
leaf_weight=455 9.9999999999999982 8.0000000000000018 49 15.999999999999998
leaf_count=455 10 8 49 16
internal_value=0 0.000172543 -0.000213098 0.008271
internal_weight=0 528 504 24
internal_count=538 528 504 24
is_linear=0
shrinkage=0.1


Tree=145
num_leaves=7
num_cat=0
split_feature=47 95 9 35 36 39
split_gain=0.0830433 0.279292 0.434168 0.180112 0.392374 0.306286
threshold=2.1910133173369415 6.2085718078050585 6.4891310167150369 4.8977284041612128 4.0163424379838117 5.6733173626244016
decision_type=2 2 2 2 2 2
left_child=1 -1 -3 4 -2 -5
right_child=3 2 -4 5 -6 -7
leaf_value=0.011704253462644724 0.00028403293390786557 -0.016061066024248366 -0.00073277129534077149 -0.0060529251855502772 0.010924016316316062 0.0015751596355294416
leaf_weight=12.999999999999998 132 23 94 82 47 147
leaf_count=13 132 23 94 82 47 147
internal_value=0 -0.002201 -0.00374603 0.000701298 0.00307777 -0.00115629
internal_weight=0 130 117 408 179 229
internal_count=538 130 117 408 179 229
is_linear=0
shrinkage=0.1


Tree=146
num_leaves=8
num_cat=0
split_feature=24 36 17 67 100 8 30
split_gain=0.085835 0.390752 0.490741 0.304034 0.524597 0.291682 0.288535
threshold=2.8029010331479989 3.1345481418531311 7.5070311474101858 4.3437210834879627 2.1383330595080281 2.7058230259275202 5.3844529770182641
decision_type=2 2 2 2 2 2 2
left_child=1 6 -3 4 -2 -5 -1
right_child=3 2 -4 5 -6 -7 -8
leaf_value=-0.0017383209039185813 0.00010348122450523079 0.025864651666155876 -0.0016940111604829629 0.011083274957238008 -0.021777987780256403 -0.00060041984845845468 0.012927141810456913
leaf_weight=127 28 14.000000000000002 11.999999999999998 23 18 301 14.999999999999998
leaf_count=127 28 14 12 23 18 301 15
internal_value=0 0.00187451 0.0131453 -0.000851128 -0.00845883 0.000228978 -0.000189152
internal_weight=0 168 26 370 46 324 142
internal_count=538 168 26 370 46 324 142
is_linear=0
shrinkage=0.1


Tree=147
num_leaves=7
num_cat=0
split_feature=98 79 20 95 99 25
split_gain=0.0903901 0.387952 0.330105 0.268848 0.266976 0.251881
threshold=1.8688348091416842 1.3540251005511053 4.3693677306817369 5.6899940907710844 2.524928003624769 6.5792357796731817
decision_type=2 2 2 2 2 2
left_child=1 2 -1 -2 -3 -5
right_child=3 4 -4 5 -6 -7
leaf_value=-0.0027822627602562089 0.014778452352262461 -0.0046653846692707784 0.014101430647341269 -0.0050391034410016515 -0.029772343335207552 0.0013105720349924476
leaf_weight=67 12.999999999999998 9.0000000000000018 13.999999999999998 76 7.9999999999999991 351
leaf_count=67 13 9 14 76 8 351
internal_value=0 -0.00274652 0.000135906 0.000611725 -0.0164804 0.000180419
internal_weight=0 98 81 440 17 427
internal_count=538 98 81 440 17 427
is_linear=0
shrinkage=0.1


Tree=148
num_leaves=7
num_cat=0
split_feature=92 92 101 103 102 38
split_gain=0.0849914 0.270161 0.241937 0.649714 0.325618 0.190692
threshold=4.8421318048468924 4.8325329614131869 1.700598690831078 3.0868930519509687 2.1383330595080281 6.4536237588886749
decision_type=2 2 2 2 2 2
left_child=1 5 4 -4 -2 -1
right_child=2 -3 3 -5 -6 -7
leaf_value=0.0019045922718410461 -0.0021368589127299989 0.014849087242037057 0.015508673916903921 -0.00073699967881020391 -0.016367759653367103 -0.011940689161631534
leaf_weight=104 82 14.999999999999998 27 279 20 10.999999999999998
leaf_count=104 82 15 27 279 20 11
internal_value=0 0.00222666 -0.000709476 0.000696442 -0.00492723 0.000580261
internal_weight=0 130 408 306 102 115
internal_count=538 130 408 306 102 115
is_linear=0
shrinkage=0.1


Tree=149
num_leaves=6
num_cat=0
split_feature=40 103 43 84 41
split_gain=0.0845569 0.271319 0.268033 0.220347 0.118741
threshold=6.073002059532028 4.0773937863842606 6.6411787611570974 0.61882079188067207 9.5545650937019619
decision_type=2 2 2 2 2
left_child=2 -2 3 -1 -3
right_child=1 4 -4 -5 -6
leaf_value=-0.00069833963349617703 -0.018642879268154503 -0.011201853491365911 0.017502802907903164 0.0059776695397366509 0.0023778250370400426
leaf_weight=422 9.9999999999999982 7.9999999999999991 8.9999999999999982 56 33
leaf_count=422 10 8 9 56 33
internal_value=0 -0.00387403 0.000405699 8.3787e-05 -0.000271868
internal_weight=0 51 487 478 41
internal_count=538 51 487 478 41
is_linear=0
shrinkage=0.1


Tree=150
num_leaves=8
num_cat=0
split_feature=24 36 23 16 26 96 51
split_gain=0.0857325 0.296175 0.408704 0.277068 0.386284 0.248017 0.113239
threshold=2.8029010331479989 3.1345481418531311 3.3497501700808394 2.602003343538398 3.3296469598418192 4.6346818562128229 2.9430520157250784
decision_type=2 2 2 2 2 2 2
left_child=1 5 -3 6 -5 -1 -2
right_child=3 2 -4 4 -6 -7 -8
leaf_value=-0.0044719373821639095 -0.0062457578543287044 0.023293468715356924 -0.0018564302474260331 0.021541289053857327 -0.00068893703379521243 0.0039165415326375269 -0.021367140114307404
leaf_weight=65 13.000000000000002 14.000000000000002 11.999999999999998 7.9999999999999991 341 77 7.9999999999999991
leaf_count=65 13 14 12 8 341 77 8
internal_value=0 0.00187339 0.0116858 -0.000850619 -0.000179362 7.67448e-05 -0.0120063
internal_weight=0 168 26 370 349 142 21
internal_count=538 168 26 370 349 142 21
is_linear=0
shrinkage=0.1


Tree=151
num_leaves=4
num_cat=0
split_feature=70 64 5
split_gain=0.0844918 0.221213 0.139008
threshold=0.69406187107593553 0.7331685343967137 6.4052270920020655
decision_type=2 2 2
left_child=-1 -2 -3
right_child=1 2 -4
leaf_value=0.0091061121411621562 -0.015716028648118177 0.0041748615499171944 -0.00055974694677280638
leaf_weight=9.9999999999999982 8.9999999999999982 72 447
leaf_count=10 9 72 447
internal_value=0 -0.000172464 9.70774e-05
internal_weight=0 528 519
internal_count=538 528 519
is_linear=0
shrinkage=0.1


Tree=152
num_leaves=5
num_cat=0
split_feature=92 92 8 44
split_gain=0.0774851 0.142811 0.362815 0.195592
threshold=5.2047281139937782 5.0976429156221634 4.9199542854466296 6.7129377454940036
decision_type=2 2 2 2
left_child=1 3 -3 -1
right_child=-2 2 -4 -5
leaf_value=0.00019830769418151275 -0.0070863593618075054 0.023153205215930932 -0.005241433639700214 -0.012723022652789951
leaf_weight=493 14.999999999999998 9.0000000000000018 8.9999999999999982 11.999999999999998
leaf_count=493 15 9 9 12
internal_value=0 0.000203242 0.00895589 -0.000108734
internal_weight=0 523 18 505
internal_count=538 523 18 505
is_linear=0
shrinkage=0.1


Tree=153
num_leaves=7
num_cat=0
split_feature=98 79 20 95 69 5
split_gain=0.0726759 0.315615 0.229556 0.219928 0.22996 0.20124
threshold=1.8688348091416842 1.3540251005511053 4.3693677306817369 5.6899940907710844 1.9448728531748072 6.8946079313622795
decision_type=2 2 2 2 2 2
left_child=1 2 -1 -2 -5 -3
right_child=3 5 -4 4 -6 -7
leaf_value=-0.0022963718525064523 0.013361662425673927 -0.0033101375214755523 0.011783077544532717 -0.012003865336688856 0.00060122373239227661 -0.02510809786876457
leaf_weight=67 12.999999999999998 8.0000000000000018 13.999999999999998 14.999999999999998 412 8.9999999999999982
leaf_count=67 13 8 14 15 412 9
internal_value=0 -0.00246273 0.000137113 0.000548518 0.000158422 -0.0148502
internal_weight=0 98 81 440 427 17
internal_count=538 98 81 440 427 17
is_linear=0
shrinkage=0.1


Tree=154
num_leaves=8
num_cat=0
split_feature=92 27 17 39 92 88 92
split_gain=0.0764533 0.218762 0.672888 0.299158 0.199624 0.389418 0.189576
threshold=4.8421318048468924 1.9356005054539458 5.6899940907710844 2.9430520157250784 4.8580811028700959 0.015992802156241357 4.8770554845322565
decision_type=2 2 2 2 2 2 2
left_child=1 3 -3 -1 5 -2 -6
right_child=4 2 -4 -5 6 -7 -8
leaf_value=0.00064277805853635078 -0.027527508488856246 0.032495142132393087 0.0021277027754449704 -0.020144658160602881 0.0070914139552218274 0.00051397359929978854 -0.0008333901288698159
leaf_weight=30 8.0000000000000018 7.9999999999999991 83 8.9999999999999982 33 12.999999999999998 354
leaf_count=30 8 8 83 9 33 13 354
internal_value=0 0.00211186 0.00479737 -0.00415432 -0.000672897 -0.0101685 -0.000157632
internal_weight=0 130 91 39 408 21 387
internal_count=538 130 91 39 408 21 387
is_linear=0
shrinkage=0.1


Tree=155
num_leaves=5
num_cat=0
split_feature=70 64 35 28
split_gain=0.0748759 0.194029 0.21847 0.132578
threshold=0.69406187107593553 1.4467267122167866 2.9430520157250784 1.5890269151739729
decision_type=2 2 2 2
left_child=-1 2 -2 -3
right_child=1 3 -4 -5
leaf_value=0.0085722895339131362 -0.022683515213429917 0.0040211839429042367 -0.00051240898668766018 -0.00048212899919760607
leaf_weight=9.9999999999999982 8.0000000000000018 77 9.9999999999999982 433
leaf_count=10 8 77 10 433
internal_value=0 -0.000162354 -0.0103662 0.000197783
internal_weight=0 528 18 510
internal_count=538 528 18 510
is_linear=0
shrinkage=0.1


Tree=156
num_leaves=7
num_cat=0
split_feature=42 87 30 69 86 92
split_gain=0.0743945 0.269862 0.351879 0.214117 0.187343 0.108315
threshold=1.0397207708399181 0.41285709758620598 5.3032925319746216 0.91610364505747011 0.5879576860207939 4.8020668422713841
decision_type=2 2 2 2 2 2
left_child=1 2 -1 -2 -5 -3
right_child=3 5 -4 4 -6 -7
leaf_value=-0.012840660036272312 0.016646221932023763 0.00033356734950627592 0.010607373947277666 -0.00085595298745547415 0.0041379716113566405 0.014919936936348677
leaf_weight=32 7.9999999999999991 14.000000000000002 7.9999999999999991 374 94 7.9999999999999991
leaf_count=32 8 14 8 374 94 8
internal_value=0 -0.00325827 -0.00815105 0.000424396 0.0001471 0.0056377
internal_weight=0 62 40 476 468 22
internal_count=538 62 40 476 468 22
is_linear=0
shrinkage=0.1


Tree=157
num_leaves=6
num_cat=0
split_feature=42 39 92 53 86
split_gain=0.0713156 0.583177 0.445585 0.244159 0.195581
threshold=7.2370217595840707 6.4199896230229241 4.9683536772128978 3.2480083730269782 0.69099487511415081
decision_type=2 2 2 2 2
left_child=1 4 -2 -4 -1
right_child=2 -3 3 -5 -6
leaf_value=0.00019374807750379357 -0.020502755883838597 0.022187186342974508 0.0077273246778461801 -0.0059772214064231291 -0.012741874364049485
leaf_weight=450 11.999999999999998 11.999999999999998 26 26 11.999999999999998
leaf_count=450 12 12 26 26 12
internal_value=0 0.00042306 -0.00313329 0.000875052 -0.000142242
internal_weight=0 474 64 52 462
internal_count=538 474 64 52 462
is_linear=0
shrinkage=0.1


Tree=158
num_leaves=8
num_cat=0
split_feature=53 88 34 8 2 98 92
split_gain=0.0668773 0.289178 0.422696 0.293354 0.262689 0.350387 0.344218
threshold=1.3424540464534289 0.57615951478317129 2.4708212113046524 1.5890269151739729 5.3229980813168991 4.1742689126930488 4.8486229440553528
decision_type=2 2 2 2 2 2 2
left_child=1 2 -1 -3 6 -6 -2
right_child=4 3 -4 -5 5 -7 -8
leaf_value=0.0092393243881432642 0.014757792057039646 -0.0049085962120443572 -0.0072244975416505515 0.016591501738876104 -0.007395952260897805 0.00090726939804930493 0.0017422566142794426
leaf_weight=19 26 11.000000000000002 87 14.999999999999998 66 221 93
leaf_count=19 26 11 87 15 66 221 93
internal_value=0 -0.00195535 -0.00427344 0.00749531 0.000635729 -0.00100218 0.00458599
internal_weight=0 132 106 26 406 287 119
internal_count=538 132 106 26 406 287 119
is_linear=0
shrinkage=0.1


Tree=159
num_leaves=7
num_cat=0
split_feature=42 87 30 69 86 53
split_gain=0.0703961 0.20028 0.278303 0.169186 0.172684 0.0835918
threshold=1.0397207708399181 0.41285709758620598 5.3032925319746216 0.91610364505747011 0.5879576860207939 2.5386312031140545
decision_type=2 2 2 2 2 2
left_child=1 2 -1 -2 -5 -3
right_child=3 5 -4 4 -6 -7
leaf_value=-0.011555169362691232 0.014832534547895194 0.0096231047350626708 0.0092978525673970587 -0.00079666674028170672 0.0039978942773156263 -0.0029140828177332879
leaf_weight=32 7.9999999999999991 13.000000000000002 7.9999999999999991 374 94 8.9999999999999982
leaf_count=32 8 13 8 374 94 9
internal_value=0 -0.0031695 -0.00738456 0.000412834 0.000166343 0.00449426
internal_weight=0 62 40 476 468 22
internal_count=538 62 40 476 468 22
is_linear=0
shrinkage=0.1


Tree=160
num_leaves=8
num_cat=0
split_feature=69 10 30 69 13 50 59
split_gain=0.0680584 0.561436 0.850337 0.374287 0.361722 0.253966 0.236574
threshold=4.6870591425766106 6.2460391568005056 6.5944050384056014 5.0532927315707212 9.0515103888595601 6.5117353942139884 5.5528393853898175
decision_type=2 2 2 2 2 2 2
left_child=1 5 -3 4 -2 -1 -5
right_child=3 2 -4 6 -6 -7 -8
leaf_value=-0.0011612542164282744 -0.0048295096617520733 -0.00042192583734338926 0.042426113598048688 0.0075079398906551485 -0.026574385414520903 0.0082817383110523231 -0.0010910836618160829
leaf_weight=259 51 11.000000000000002 7.9999999999999991 43 8.9999999999999982 32 125
leaf_count=259 51 11 8 43 9 32 125
internal_value=0 0.000964576 0.0176194 -0.00131148 -0.00809124 -0.00012285 0.00110986
internal_weight=0 310 19 228 60 291 168
internal_count=538 310 19 228 60 291 168
is_linear=0
shrinkage=0.1


Tree=161
num_leaves=7
num_cat=0
split_feature=51 6 53 49 3 88
split_gain=0.0652092 0.119266 0.173334 0.133424 0.0574632 0.0334537
threshold=6.7238208837349811 7.6038900162435032 3.5330064870599274 9.4880475161110223 6.4551936188910082 1.0000000180025095e-35
decision_type=2 2 2 2 2 2
left_child=1 2 -1 -3 5 -2
right_child=4 3 -4 -5 -6 -7
leaf_value=0.00069447954138653154 -0.0058384896049068994 -0.0010750042150417965 -0.0044335022653435368 0.011541361920535564 -0.011313731513089604 0.0027836684758464499
leaf_weight=398 9.0000000000000053 14.999999999999998 79 19 8.9999999999999982 8.9999999999999982
leaf_count=398 9 15 79 19 9 9
internal_value=0 0.000253067 -0.000154809 0.00597532 -0.00478952 -0.00152741
internal_weight=0 511 477 34 27 18
internal_count=538 511 477 34 27 18
is_linear=0
shrinkage=0.1


Tree=162
num_leaves=7
num_cat=0
split_feature=98 39 103 44 95 17
split_gain=0.0643311 0.262998 0.39574 0.277254 0.174961 0.214968
threshold=1.8688348091416842 3.4175922930736511 1.2424533248940004 3.9701138825728512 5.6899940907710844 6.459903229849254
decision_type=2 2 2 2 2 2
left_child=1 3 -3 -1 -2 -6
right_child=4 2 -4 -5 5 -7
leaf_value=-0.00056345364078879366 0.011944500543177129 -0.0015330519351220236 -0.019955062487861143 0.019448482493559519 -0.0057288682466066724 0.001021849564117462
leaf_weight=30 12.999999999999998 43 15.999999999999998 8.9999999999999982 54 373
leaf_count=30 13 43 16 9 54 373
internal_value=0 -0.00231704 -0.00652885 0.00405469 0.000516067 0.000168129
internal_weight=0 98 59 39 440 427
internal_count=538 98 59 39 440 427
is_linear=0
shrinkage=0.1


Tree=163
num_leaves=6
num_cat=0
split_feature=23 69 59 86 101
split_gain=0.0662618 0.416156 0.302403 0.131617 0.134819
threshold=6.1505459369606674 5.0399927018106956 5.5528393853898175 0.69099487511415081 1.700598690831078
decision_type=2 2 2 2 2
left_child=3 -2 -3 4 -1
right_child=1 2 -4 -5 -6
leaf_value=-0.0016871189838275312 -0.022895134085168443 0.012566401682173212 -0.003282136692986137 -0.010324194544756955 0.0020013853458668526
leaf_weight=150 8.9999999999999982 14.999999999999998 61 10.999999999999998 292
leaf_count=150 9 15 61 11 292
internal_value=0 -0.00256201 -0.000154136 0.00048073 0.00074963
internal_weight=0 85 76 453 442
internal_count=538 85 76 453 442
is_linear=0
shrinkage=0.1


Tree=164
num_leaves=6
num_cat=0
split_feature=92 86 83 50 86
split_gain=0.0672963 0.113145 0.11193 0.276319 0.136202
threshold=4.6945134715553207 0.068497689240783338 4.0430512611678848 5.8998635749973518 0.5879576860207939
decision_type=2 2 2 2 2
left_child=1 -1 4 -4 -2
right_child=2 -3 3 -5 -6
leaf_value=0.014903404295910146 -0.00066739866408284788 -4.6040945952492103e-06 -0.016619436429547413 0.0010583228315226734 0.0035297779419180969
leaf_weight=8.0000000000000018 381 13.999999999999998 13.999999999999998 24 97
leaf_count=8 381 14 14 24 97
internal_value=0 0.00541649 -0.000230936 -0.00545454 0.00018433
internal_weight=0 22 516 38 478
internal_count=538 22 516 38 478
is_linear=0
shrinkage=0.1


Tree=165
num_leaves=8
num_cat=0
split_feature=74 39 3 89 92 89 30
split_gain=0.0625547 0.227691 0.189632 0.143603 0.289277 0.257453 0.11096
threshold=0.1636983673691729 5.3935862223306854 1.0397207708399181 0.37211895442936754 4.8465213166239653 0.58938893810103898 6.8254547311310878
decision_type=2 2 2 2 2 2 2
left_child=3 2 -2 4 -1 -5 -3
right_child=1 6 -4 5 -6 -7 -8
leaf_value=0.00911258104206354 -0.013030844537371938 -0.019194833710789675 0.00055115793886888111 -0.0075115177482366572 0.00042860454761457301 0.0020986989336845923 -0.0033942087553441528
leaf_weight=48 10.999999999999998 10.000000000000002 157 50 191 63 7.9999999999999991
leaf_count=48 11 10 157 50 191 63 8
internal_value=0 -0.00148338 -0.00033814 0.000783834 0.00217267 -0.00215361 -0.0121723
internal_weight=0 186 168 352 239 113 18
internal_count=538 186 168 352 239 113 18
is_linear=0
shrinkage=0.1


Tree=166
num_leaves=8
num_cat=0
split_feature=53 88 34 2 2 4 22
split_gain=0.0663791 0.237513 0.333908 0.241504 0.201885 0.291358 0.284363
threshold=1.3424540464534289 0.57615951478317129 1.0397207708399181 4.2625806805327082 5.3229980813168991 3.2384861814448418 6.1673384599090708
decision_type=2 2 2 2 2 2 2
left_child=1 2 -1 -3 6 -6 -2
right_child=4 3 -4 -5 5 -7 -8
leaf_value=0.011659585343052944 0.002698124245666391 -0.0046375905571039754 -0.0060542183328776604 0.014870139366636673 -0.012142288369969244 9.2710859249030853e-05 0.021186244198017651
leaf_weight=11.999999999999998 110 11.000000000000002 94 14.999999999999998 21 266 8.9999999999999982
leaf_count=12 110 11 94 15 21 266 9
internal_value=0 -0.00194805 -0.00404888 0.00661687 0.000633357 -0.000802533 0.00409639
internal_weight=0 132 106 26 406 287 119
internal_count=538 132 106 26 406 287 119
is_linear=0
shrinkage=0.1


Tree=167
num_leaves=8
num_cat=0
split_feature=51 6 68 49 26 14 49
split_gain=0.0625333 0.110365 0.131565 0.121874 0.058757 0.0765 0.0286742
threshold=6.5996622092702291 7.5437410699147334 5.063859304732623 9.4972414397771683 6.6346255874044475 6.650271517515475 10.039699378829987
decision_type=2 2 2 2 2 2 2
left_child=1 2 -1 -3 5 -2 -6
right_child=4 3 -4 -5 6 -7 -8
leaf_value=0.00098894864414240057 -0.0016523039899766446 0.00051660721591259876 -0.0026424595602166068 0.012956900508808239 -0.003995938249216931 -0.015481618558987977 0.0042322421504650265
leaf_weight=330 7.9999999999999991 18 143 13.999999999999998 9.0000000000000018 7.9999999999999991 7.9999999999999991
leaf_count=330 8 18 143 14 9 8 8
internal_value=0 0.000275598 -0.000108919 0.00595924 -0.00421748 -0.00856696 -0.000123853
internal_weight=0 505 473 32 33 16 17
internal_count=538 505 473 32 33 16 17
is_linear=0
shrinkage=0.1


Tree=168
num_leaves=8
num_cat=0
split_feature=26 23 26 46 36 49 64
split_gain=0.0647253 0.43664 0.371041 0.49367 0.442082 0.227645 0.133983
threshold=5.272986409146923 4.3693677306817369 5.0967709045664824 5.2310943182715759 4.3943729409690677 6.8715430454985285 4.6043361574377437
decision_type=2 2 2 2 2 2 2
left_child=2 5 4 -4 -1 -2 -3
right_child=1 6 3 -5 -6 -7 -8
leaf_value=-0.00096736647433748378 0.016330371455599867 -0.005686245748327802 0.002543986916266889 -0.026240318526442236 0.020604590508155524 0.0033578582025403461 0.00026497083846993411
leaf_weight=190 24 46 11.000000000000002 12.999999999999998 9.9999999999999982 31 213
leaf_count=190 24 46 11 13 10 31 213
internal_value=0 0.000926414 -0.00129863 -0.0130475 0.000111231 0.00901859 -0.000792002
internal_weight=0 314 224 24 200 55 259
internal_count=538 314 224 24 200 55 259
is_linear=0
shrinkage=0.1


Tree=169
num_leaves=7
num_cat=0
split_feature=20 65 28 47 68 61
split_gain=0.0626808 0.295533 0.191181 0.361079 0.28537 0.11368
threshold=6.2632513022208798 5.4099080531507946 5.5528393853898175 6.210592012573561 5.3383159723706504 5.6523556536844568
decision_type=2 2 2 2 2 2
left_child=2 -2 3 -1 -4 -3
right_child=1 5 4 -5 -6 -7
leaf_value=-0.00042350957405214488 0.016237995544305214 -0.012050964683294292 -0.023424271168187263 0.01076665860356673 -0.0028921257984951478 0.001957357506312075
leaf_weight=413 12.999999999999998 8.0000000000000018 7.9999999999999991 31 44 21
leaf_count=413 13 8 8 31 44 21
internal_value=0 0.0037093 -0.000314094 0.000357786 -0.00605092 -0.00190701
internal_weight=0 42 496 444 52 29
internal_count=538 42 496 444 52 29
is_linear=0
shrinkage=0.1


Tree=170
num_leaves=8
num_cat=0
split_feature=53 42 44 49 54 99 72
split_gain=0.058512 0.195033 0.348248 0.31146 0.183044 0.285926 0.17749
threshold=1.3424540464534289 4.7534415364300813 2.602003343538398 7.2491844952071967 1.0397207708399181 2.524928003624769 1.1906141101565797
decision_type=2 2 2 2 2 2 2
left_child=1 3 -3 -1 5 -2 -6
right_child=4 2 -4 -5 6 -7 -8
leaf_value=0.011997413398189979 0.023103115686939815 -0.020281617615061504 -0.0019980622446636046 -0.005481115667345493 0.00034568868209171734 0.0012732562233900859 -0.01470909034833312
leaf_weight=22 9.0000000000000018 11.999999999999998 79 19 371 18 7.9999999999999991
leaf_count=22 9 12 79 19 371 18 8
internal_value=0 -0.00182897 -0.00440908 0.00389761 0.000594641 0.00854988 2.79097e-05
internal_weight=0 132 91 41 406 27 379
internal_count=538 132 91 41 406 27 379
is_linear=0
shrinkage=0.1


Tree=171
num_leaves=8
num_cat=0
split_feature=74 15 18 74 11 72 22
split_gain=0.0586996 0.175756 0.221 0.119587 0.112979 0.097751 0.052551
threshold=1.104392699868648 2.1910133173369415 4.4425820475484112 0.87542004146716568 4.8242976514536702 0.66488657544402419 4.0428973506407848
decision_type=2 2 2 2 2 2 2
left_child=3 2 -2 5 -3 -1 -5
right_child=1 4 -4 6 -6 -7 -8
leaf_value=0.00034262970154474623 -0.022122755502479972 0.0081274442231425853 0.00072029482689686122 0.0030666267964988949 -0.006447879514760441 -0.0060787961455062035 0.0145286338403821
leaf_weight=458 9.0000000000000018 13.000000000000002 7.9999999999999991 7.9999999999999991 8.9999999999999982 25 7.9999999999999991
leaf_count=458 9 13 8 8 9 25 8
internal_value=0 -0.00373632 -0.0113731 0.000292017 0.00216481 1.02578e-05 0.00879763
internal_weight=0 39 17 499 22 483 16
internal_count=538 39 17 499 22 483 16
is_linear=0
shrinkage=0.1


Tree=172
num_leaves=8
num_cat=0
split_feature=69 10 30 102 99 25 101
split_gain=0.0592112 0.456387 0.645123 0.289793 0.319787 0.216518 0.176033
threshold=4.6870591425766106 6.2460391568005056 6.5944050384056014 2.5619819897016298 3.9701138825728512 8.7443149354568295 3.4175922930736511
decision_type=2 2 2 2 2 2 2
left_child=1 5 -3 4 -2 -1 -5
right_child=3 2 -4 6 -6 -7 -8
leaf_value=0.00082677469690124153 0.0015774019644595677 0.00020151212811470024 0.037522816553246234 -0.0091976445364324675 -0.022208678407164721 -0.0082795678124088674 0.00090745903303726552
leaf_weight=262 10.000000000000002 11.000000000000002 7.9999999999999991 19 12.999999999999998 29 186
leaf_count=262 10 11 8 19 13 29 186
internal_value=0 0.000899699 0.0159157 -0.00122327 -0.0118669 -8.07302e-05 -2.91115e-05
internal_weight=0 310 19 228 23 291 205
internal_count=538 310 19 228 23 291 205
is_linear=0
shrinkage=0.1


Tree=173
num_leaves=5
num_cat=0
split_feature=60 16 8 65
split_gain=0.0583358 0.134966 0.150543 0.0910399
threshold=6.8236879818121787 6.4134535822392476 5.5528393853898175 5.9047812612297434
decision_type=2 2 2 2
left_child=1 2 -1 -3
right_child=-2 3 -4 -5
leaf_value=0.00041143618811842773 -0.0075664698705077173 0.012242004846533136 -0.0050050776194909526 -7.599812000989914e-05
leaf_weight=445 9.9999999999999982 15.000000000000002 58 9.9999999999999982
leaf_count=445 10 15 58 10
internal_value=0 0.000143304 -0.000213132 0.0073148
internal_weight=0 528 503 25
internal_count=538 528 503 25
is_linear=0
shrinkage=0.1


Tree=174
num_leaves=8
num_cat=0
split_feature=74 74 103 84 89 47 47
split_gain=0.0590918 0.198704 0.187578 0.180518 0.108034 0.234635 0.219164
threshold=0.1636983673691729 0.22844584778998073 3.6361991962850237 0.14798784504655563 0.37211895442936754 6.0258543048053959 5.9635760393734838
decision_type=2 2 2 2 2 2 2
left_child=4 3 -3 -2 5 -1 -6
right_child=1 2 -4 -5 6 -7 -8
leaf_value=9.1831701568232608e-05 -0.00085731924821933088 -0.0079708618767283575 0.0011325319934569831 -0.020378916226327422 0.0010425181698519737 0.0072034615140023923 -0.0086429722339027761
leaf_weight=176 9.0000000000000018 27 140 9.9999999999999982 80 63 33
leaf_count=176 9 27 140 10 80 63 33
internal_value=0 -0.00144174 -0.000339274 -0.0111318 0.000761829 0.00196645 -0.00178599
internal_weight=0 186 167 19 352 239 113
internal_count=538 186 167 19 352 239 113
is_linear=0
shrinkage=0.1


Tree=175
num_leaves=6
num_cat=0
split_feature=98 103 39 95 69
split_gain=0.057331 0.228109 0.269221 0.136702 0.170747
threshold=1.8688348091416842 5.0434043048315838 2.3937458713910238 5.6899940907710844 1.9448728531748072
decision_type=2 2 2 2 2
left_child=1 2 -1 -2 -5
right_child=3 -3 -4 4 -6
leaf_value=0.0085858943588707753 0.01058909404449738 -0.018369414506014436 -0.003953429966567279 -0.010300467032939195 0.00056118525354727396
leaf_weight=23 12.999999999999998 7.9999999999999991 67 14.999999999999998 412
leaf_count=23 13 8 67 15 412
internal_value=0 -0.00218734 -0.000748936 0.000487181 0.000179628
internal_weight=0 98 90 440 427
internal_count=538 98 90 440 427
is_linear=0
shrinkage=0.1


Tree=176
num_leaves=7
num_cat=0
split_feature=85 103 47 8 72 88
split_gain=0.0529014 0.121488 0.110631 0.0890376 0.0712863 0.123236
threshold=0.67137105005139686 6.5624281337850094 3.8276953224130765 5.5234569284970156 0.45668193960351638 0.47876113075053695
decision_type=2 2 2 2 2 2
left_child=1 3 -3 -1 5 -2
right_child=4 2 -4 -5 -6 -7
leaf_value=0.00038343948462749998 -0.0083161475374557391 0.010603162517682427 0.00033852205212627141 -0.003883438580253694 0.0046526469755917791 0.0030462500240121572
leaf_weight=386 30 21 21 56 9.9999999999999982 13.999999999999998
leaf_count=386 30 21 21 56 10 14
internal_value=0 0.00033122 0.00547084 -0.00015716 -0.00296871 -0.00470084
internal_weight=0 484 42 442 54 44
internal_count=538 484 42 442 54 44
is_linear=0
shrinkage=0.1


Tree=177
num_leaves=6
num_cat=0
split_feature=34 21 34 89 26
split_gain=0.0556242 0.323163 0.222356 0.214144 0.168912
threshold=4.7534415364300813 6.3664173042972605 4.6346818562128229 0.27764569800250255 3.9505035259962109
decision_type=2 2 2 2 2
left_child=2 -2 3 -1 -3
right_child=1 4 -4 -5 -6
leaf_value=-0.0034635911519713281 0.019407083777089915 0.013036213461309671 -0.015962398443371058 0.004068762240893223 -0.00014527474875617935
leaf_weight=99 8.9999999999999982 9.9999999999999982 9.9999999999999982 61 349
leaf_count=99 9 10 10 61 349
internal_value=0 0.000691101 -0.00149603 -0.000591881 0.000221898
internal_weight=0 368 170 160 359
internal_count=538 368 170 160 359
is_linear=0
shrinkage=0.1


Tree=178
num_leaves=7
num_cat=0
split_feature=57 49 21 70 27 2
split_gain=0.0572959 0.248813 0.357377 0.22398 0.29135 0.141275
threshold=1.0842160476986118 7.2491844952071967 2.4563274428680266 1.9312741547364876 3.0433873634561537 1.5890269151739729
decision_type=2 2 2 2 2 2
left_child=1 2 -1 4 -2 -5
right_child=3 -3 -4 5 -6 -7
leaf_value=0.018665200389093823 0.00099504619304622904 -0.014084146970805404 -0.0031637538100282355 -0.011852366514503956 0.024056475844958593 0.00016910333077315405
leaf_weight=8.9999999999999982 14.000000000000002 14.999999999999998 45 9.9999999999999982 8.9999999999999982 436
leaf_count=9 14 15 45 10 9 436
internal_value=0 -0.0026905 0.000474405 0.00039583 0.0100191 -0.000100436
internal_weight=0 69 54 469 23 446
internal_count=538 69 54 469 23 446
is_linear=0
shrinkage=0.1


Tree=179
num_leaves=8
num_cat=0
split_feature=98 79 20 0 100 46 104
split_gain=0.0564524 0.186218 0.149861 0.131113 0.121189 0.516073 0.227424
threshold=1.8688348091416842 1.3540251005511053 4.3693677306817369 3.0433873634561537 0.89587973461402759 5.9427959306635048 0.8958797346140277
decision_type=2 2 2 2 2 2 2
left_child=1 2 -1 -3 5 -2 -6
right_child=4 3 -4 -5 6 -7 -8
leaf_value=-0.0021397131453476737 -0.0019291565259918571 -0.0023708528839051714 0.0092361848335713159 -0.019965529359049269 -0.0042309296173418543 0.015227558781151418 0.0013051784214380281
leaf_weight=67 50 8.0000000000000018 13.999999999999998 8.9999999999999982 104 27 259
leaf_count=67 50 8 14 9 104 27 259
internal_value=0 -0.00217052 -0.000173509 -0.0116857 0.000483434 0.00408683 -0.000280924
internal_weight=0 98 81 17 440 77 363
internal_count=538 98 81 17 440 77 363
is_linear=0
shrinkage=0.1


Tree=180
num_leaves=8
num_cat=0
split_feature=24 26 30 67 3 13 8
split_gain=0.0554029 0.215958 0.350502 0.189001 0.305004 0.174185 0.173342
threshold=2.8029010331479989 4.234001473612734 3.3296469598418192 4.1742689126930488 2.1910133173369415 6.2633529090608215 2.7058230259275202
decision_type=2 2 2 2 2 2 2
left_child=1 2 -1 4 -2 -3 -5
right_child=3 5 -4 6 -6 -7 -8
leaf_value=0.0012885054439215715 0.0013310598032105537 0.019335813052020968 -0.014312912420266206 0.0084864608862477812 -0.015924156166147441 0.0037597070541232828 -0.00051524089910873682
leaf_weight=72 21 7.9999999999999991 18 23 20 70 306
leaf_count=72 21 8 18 23 20 70 306
internal_value=0 0.00150599 -0.00183178 -0.0006838 -0.00708612 0.00535726 0.000114057
internal_weight=0 168 90 370 41 78 329
internal_count=538 168 90 370 41 78 329
is_linear=0
shrinkage=0.1


Tree=181
num_leaves=7
num_cat=0
split_feature=68 36 7 101 103 88
split_gain=0.0541591 0.31034 0.254924 0.207919 0.346166 0.182772
threshold=4.2796926728752291 3.891612008168019 4.234001473612734 1.700598690831078 3.0868930519509687 0.63716189321469496
decision_type=2 2 2 2 2 2
left_child=1 2 -1 5 -5 -2
right_child=3 -3 -4 4 -6 -7
leaf_value=-0.0016938915064531393 -0.0075895374257778456 0.016278543495214903 0.0077551873911741289 0.012264526389923919 -0.00054492357580160139 0.0063974486071277752
leaf_weight=138 62 12.999999999999998 36 23 255 10.999999999999998
leaf_count=138 62 13 36 23 255 11
internal_value=0 0.0013746 0.00026109 -0.000732338 0.000514851 -0.00548191
internal_weight=0 187 174 351 278 73
internal_count=538 187 174 351 278 73
is_linear=0
shrinkage=0.1


Tree=182
num_leaves=8
num_cat=0
split_feature=98 37 79 38 10 27 10
split_gain=0.0524871 0.171911 0.228015 0.16009 0.103283 0.708593 0.217614
threshold=1.8688348091416842 6.1548017441785339 1.3540251005511053 3.5516610312630568 1.5890269151739729 3.0433873634561537 4.1430087342023825
decision_type=2 2 2 2 2 2 2
left_child=1 3 -3 -1 5 -2 -6
right_child=4 2 -4 -5 6 -7 -8
leaf_value=-0.0026939246441341101 -0.0023732744545365376 -0.0018368792256189732 -0.016788274794816972 0.016167569367421999 -0.011089382380904522 0.028364162482321265 0.00047305585041717576
leaf_weight=9.0000000000000018 30 68 11.999999999999998 8.9999999999999982 17 9.9999999999999982 383
leaf_count=9 30 68 12 9 17 10 383
internal_value=0 -0.0020929 -0.00407959 0.00673682 0.000466146 0.00531108 -1.83478e-05
internal_weight=0 98 80 18 440 40 400
internal_count=538 98 80 18 440 40 400
is_linear=0
shrinkage=0.1


Tree=183
num_leaves=7
num_cat=0
split_feature=70 61 70 50 5 28
split_gain=0.0493461 0.340457 0.323984 0.291123 0.162566 0.121567
threshold=3.5038423584513128 2.5394428210525501 3.1845920792602627 5.6167644860526105 7.5742795968135601 2.524928003624769
decision_type=2 2 2 2 2 2
left_child=2 -2 3 -1 -3 -4
right_child=1 4 5 -5 -6 -7
leaf_value=0.0011626181542674231 -0.017282870598137379 0.0067564819669050551 0.002076725332881323 -0.011934411834533278 -0.00085857426488675486 0.017174343025544658
leaf_weight=159 11.999999999999998 31 8.0000000000000018 19 293 15.999999999999998
leaf_count=159 12 31 8 19 293 16
internal_value=0 -0.000742577 0.00123518 -0.000235379 -0.000129973 0.0121418
internal_weight=0 336 202 178 324 24
internal_count=538 336 202 178 324 24
is_linear=0
shrinkage=0.1


Tree=184
num_leaves=7
num_cat=0
split_feature=24 38 24 37 34 28
split_gain=0.0482919 0.26625 0.186359 0.160229 0.141026 0.124228
threshold=6.073002059532028 7.5682890805829928 6.6457289203085956 9.6802727305176486 7.6389100713527611 6.8607889145193743
decision_type=2 2 2 2 2 2
left_child=1 3 4 -1 -2 -4
right_child=2 -3 5 -5 -6 -7
leaf_value=-0.00022357025652328057 0.003137099705636501 -0.013422728050500154 -0.013178508708046538 0.010280012878405008 0.017681479044258593 0.0023635111128290495
leaf_weight=457 20.000000000000004 14.999999999999998 9.0000000000000018 14.999999999999998 9.9999999999999982 11.999999999999998
leaf_count=457 20 15 9 15 10 12
internal_value=0 -0.000306596 0.00292769 0.00011023 0.00798523 -0.00429735
internal_weight=0 487 51 472 30 21
internal_count=538 487 51 472 30 21
is_linear=0
shrinkage=0.1


Tree=185
num_leaves=8
num_cat=0
split_feature=24 16 26 36 49 68 51
split_gain=0.0489284 0.174248 0.209985 0.173092 0.200163 0.191285 0.0743688
threshold=2.8029010331479989 2.602003343538398 3.3296469598418192 2.249904835165133 5.5872416446462791 4.2796926728752291 2.9430520157250784
decision_type=2 2 2 2 2 2 2
left_child=3 6 -3 4 -1 -5 -2
right_child=1 2 -4 5 -6 -7 -8
leaf_value=-0.0073108734943054844 -0.0048210984328761683 0.01590424948371947 -0.00048598179670623947 0.0097024051984772094 0.0019389896925228339 -0.0024835526207952125 -0.017075392371043562
leaf_weight=34 13.000000000000002 7.9999999999999991 341 40 75 19 7.9999999999999991
leaf_count=34 13 8 341 40 75 19 8
internal_value=0 -0.000642603 -0.000110274 0.00141526 -0.000946289 0.00577811 -0.0094894
internal_weight=0 370 349 168 109 59 21
internal_count=538 370 349 168 109 59 21
is_linear=0
shrinkage=0.1


Tree=186
num_leaves=7
num_cat=0
split_feature=74 19 7 74 92 22
split_gain=0.0489702 0.126167 0.159626 0.0868373 0.0654273 0.0367027
threshold=1.104392699868648 1.9356005054539458 3.3497501700808394 0.87542004146716568 4.7882919318961266 4.0428973506407848
decision_type=2 2 2 2 2 2
left_child=3 -2 -3 4 -1 -5
right_child=1 2 -4 5 -6 -7
leaf_value=0.0033417651473702688 -0.01060714408250836 0.012617388647049661 -0.0046828513128275521 0.0027252027764916422 -0.00038198820948817354 0.012304177414625883
leaf_weight=53 14.999999999999998 8.0000000000000018 15.999999999999998 7.9999999999999991 430 7.9999999999999991
leaf_count=53 15 8 16 8 430 8
internal_value=0 -0.00341266 0.0010839 0.000266721 2.66224e-05 0.00751469
internal_weight=0 39 24 499 483 16
internal_count=538 39 24 499 483 16
is_linear=0
shrinkage=0.1


Tree=187
num_leaves=8
num_cat=0
split_feature=74 39 47 68 40 4 30
split_gain=0.0487566 0.155967 0.123754 0.0903241 0.546551 0.293841 0.0826201
threshold=0.1636983673691729 5.3935862223306854 2.1910133173369415 5.063859304732623 5.5093801410486734 5.0688844241303981 6.8254547311310878
decision_type=2 2 2 2 2 2 2
left_child=3 2 -2 4 -1 -5 -3
right_child=1 6 -4 5 -6 -7 -8
leaf_value=0.00089112368077236834 -0.0032425036415888024 -0.016215950250625607 0.0021953217536106371 -0.0067435305806454919 0.024880058392882348 0.0022893512006358879 -0.0025816105306148531
leaf_weight=189 79 10.000000000000002 89 58 9.9999999999999982 95 7.9999999999999991
leaf_count=189 79 10 89 58 10 95 8
internal_value=0 -0.00130961 -0.000361751 0.000692007 0.0020966 -0.00113488 -0.0101562
internal_weight=0 186 168 352 199 153 18
internal_count=538 186 168 352 199 153 18
is_linear=0
shrinkage=0.1


Tree=188
num_leaves=5
num_cat=0
split_feature=60 16 22 63
split_gain=0.0489696 0.0971092 0.120649 0.0716577
threshold=6.8236879818121787 6.4134535822392476 7.5682890805829928 7.0437145176182892
decision_type=2 2 2 2
left_child=1 2 -1 -3
right_child=-2 3 -4 -5
leaf_value=0.00014410569105765156 -0.0069324844330549244 0.012254320051182398 -0.007781947418116034 0.0014688009071895589
leaf_weight=483 9.9999999999999982 11.000000000000002 20 13.999999999999998
leaf_count=483 10 11 20 14
internal_value=0 0.000131297 -0.000171046 0.00621443
internal_weight=0 528 503 25
internal_count=538 528 503 25
is_linear=0
shrinkage=0.1


Tree=189
num_leaves=8
num_cat=0
split_feature=98 87 27 80 100 27 104
split_gain=0.0448579 0.147583 0.18752 0.177348 0.106616 0.316927 0.310969
threshold=1.8688348091416842 0.52226169627124419 4.9904094477362264 0.056528471036246204 1.4978661367769959 3.0433873634561537 1.0000000180025095e-35
decision_type=2 2 2 2 2 2 2
left_child=1 3 -3 -1 5 -2 -6
right_child=4 2 -4 -5 6 -7 -8
leaf_value=-0.0018284564183478982 -0.0007393933047172719 0.010184668818773286 -0.0082158257835544656 -0.014368550672328898 -0.007450827409267286 0.011144765525344102 0.00088635731474979128
leaf_weight=58 66 18.000000000000004 7.9999999999999991 13.999999999999998 53 34 287
leaf_count=58 66 18 8 14 53 34 287
internal_value=0 -0.00193482 0.00452298 -0.00426681 0.000430938 0.00330122 -0.000413263
internal_weight=0 98 26 72 440 100 340
internal_count=538 98 26 72 440 100 340
is_linear=0
shrinkage=0.1


Tree=190
num_leaves=8
num_cat=0
split_feature=15 16 28 27 35 2 7
split_gain=0.0472354 0.142725 0.178358 0.146581 0.127355 0.102655 0.0713047
threshold=6.2324460866484275 6.0233743034644602 6.447294560452713 6.2557039891096373 6.2324460866484275 7.6656901861440971 6.2324460866484275
decision_type=2 2 2 2 2 2 2
left_child=1 3 -3 -1 5 -2 -6
right_child=4 2 -4 -5 6 -7 -8
leaf_value=0.00043422667837541597 -0.0090539120758573229 0.020231730071827762 -0.00028954090343581311 -0.0081238797998854102 0.0087233431792507546 0.0010779490694403648 -0.0013446504948660732
leaf_weight=426 30 8.0000000000000018 8.9999999999999982 21 12.000000000000002 14.999999999999998 17
leaf_count=426 30 8 9 21 12 15 17
internal_value=0 0.000374196 0.00936753 3.2168e-05 -0.00234631 -0.00567663 0.00282142
internal_weight=0 464 17 447 74 45 29
internal_count=538 464 17 447 74 45 29
is_linear=0
shrinkage=0.1


Tree=191
num_leaves=5
num_cat=0
split_feature=35 29 37 61
split_gain=0.0465077 0.173203 0.119778 0.0598618
threshold=7.0039737242496614 9.996971259901386 10.085701847825877 5.8495200383593362
decision_type=2 2 2 2
left_child=1 2 -1 -2
right_child=3 -3 -4 -5
leaf_value=-0.00010354244319798103 0.011441221367567773 -0.01157507197215007 0.010950534511357546 7.2535031755581843e-05
leaf_weight=496 8.0000000000000018 12.999999999999998 9.9999999999999982 10.999999999999998
leaf_count=496 8 13 10 11
internal_value=0 -0.000177895 0.000114918 0.00485935
internal_weight=0 519 506 19
internal_count=538 519 506 19
is_linear=0
shrinkage=0.1


Tree=192
num_leaves=7
num_cat=0
split_feature=46 47 61 24 57 86
split_gain=0.0418872 0.3457 0.23443 0.248409 0.207006 0.112765
threshold=7.0325927103347974 6.210592012573561 3.5238034506688769 6.073002059532028 3.3556469658926962 0.69099487511415081
decision_type=2 2 2 2 2 2
left_child=1 5 -2 -4 -3 -1
right_child=2 4 3 -5 -6 -7
leaf_value=0.000103509388972918 0.012489753041882068 0.0032506785045067453 -0.0084491084882137475 0.0027720543988941832 0.024698600938750637 -0.0097288521627585112
leaf_weight=417 9.9999999999999982 9.0000000000000018 47 34 8.9999999999999982 11.999999999999998
leaf_count=417 10 9 47 34 9 12
internal_value=0 0.000398122 -0.00195561 -0.00373899 0.0139746 -0.000171522
internal_weight=0 447 91 81 18 429
internal_count=538 447 91 81 18 429
is_linear=0
shrinkage=0.1


Tree=193
num_leaves=7
num_cat=0
split_feature=80 80 45 46 43 86
split_gain=0.0408821 0.202501 0.135263 0.208007 0.170162 0.133496
threshold=0.45867418671614529 0.38018624320386613 9.748462406101515 6.650271517515475 6.3385691053611444 0.68988414969781287
decision_type=2 2 2 2 2 2
left_child=1 5 3 -2 -4 -1
right_child=2 -3 4 -5 -6 -7
leaf_value=0.00014487256433413779 0.0021759552341934882 -0.01538140160135097 0.019213788366566096 -0.0077361115075361272 -0.00083046973741147674 -0.010576820878001552
leaf_weight=360 114 8.9999999999999982 9.0000000000000018 26 7.9999999999999991 11.999999999999998
leaf_count=360 114 9 9 26 8 12
internal_value=0 -0.000559581 0.00135796 0.000335143 0.0097812 -0.000200989
internal_weight=0 381 157 140 17 372
internal_count=538 381 157 140 17 372
is_linear=0
shrinkage=0.1


Tree=194
num_leaves=7
num_cat=0
split_feature=24 68 26 26 30 13
split_gain=0.04116 0.160679 0.202775 0.140056 0.252336 0.126997
threshold=2.8029010331479989 3.7184876531179119 3.7609296261008152 4.234001473612734 3.3296469598418192 6.2633529090608215
decision_type=2 2 2 2 2 2
left_child=3 -2 -3 4 -1 -5
right_child=1 2 -4 5 -6 -7
leaf_value=0.0012576133568978146 -0.012494408125481145 0.013815569733269513 -0.00062690656031762129 0.016335414932109417 -0.011979958198531274 0.0030354420820783296
leaf_weight=72 10.999999999999998 9.9999999999999982 349 7.9999999999999991 18 70
leaf_count=72 11 10 349 8 18 70
internal_value=0 -0.000589387 -0.000224609 0.00129805 -0.0013899 0.00439954
internal_weight=0 370 359 168 90 78
internal_count=538 370 359 168 90 78
is_linear=0
shrinkage=0.1


Tree=195
num_leaves=8
num_cat=0
split_feature=74 36 47 87 88 92 103
split_gain=0.0410357 0.131831 0.163876 0.103965 0.0820778 0.166138 0.120414
threshold=0.1636983673691729 4.5746578350692051 3.0433873634561537 0.65503441193156575 0.63716189321469496 5.0139019549218053 2.649158683274019
decision_type=2 2 2 2 2 2 2
left_child=4 2 -2 -3 6 -6 -1
right_child=1 3 -4 -5 5 -7 -8
leaf_value=0.0031392480791820328 -0.0021053449632951393 -0.0098978255015726279 0.0050420446708575699 0.0031383694382384423 0.0007361328252023314 0.012751036317786202 -0.001321738486959865
leaf_weight=85 106 26 46 7.9999999999999991 41 15.999999999999998 210
leaf_count=85 106 26 46 8 41 16 210
internal_value=0 -0.00120145 5.76808e-05 -0.00683049 0.000634855 0.00410874 -3.63695e-05
internal_weight=0 186 152 34 352 57 295
internal_count=538 186 152 34 352 57 295
is_linear=0
shrinkage=0.1


Tree=196
num_leaves=8
num_cat=0
split_feature=53 42 18 50 2 12 92
split_gain=0.0475339 0.156776 0.250987 0.206148 0.137339 0.201767 0.178173
threshold=1.3424540464534289 4.7534415364300813 4.1107394736335969 5.6167644860526105 5.3229980813168991 2.602003343538398 4.8580811028700959
decision_type=2 2 2 2 2 2 2
left_child=1 3 -3 -1 6 -6 -2
right_child=4 2 -4 -5 5 -7 -8
leaf_value=0.0077795276680262763 0.010367974269736027 -0.012047364704172921 -0.00055063324289221787 -0.0082243092485110875 -0.011939118007818859 -2.5698723188457629e-05 0.0012458736326412432
leaf_weight=30 28 27 64 10.999999999999998 14.999999999999998 272 91
leaf_count=30 28 27 64 11 15 272 91
internal_value=0 -0.00164849 -0.00396175 0.00348582 0.000535963 -0.000648351 0.00339225
internal_weight=0 132 91 41 406 287 119
internal_count=538 132 91 41 406 287 119
is_linear=0
shrinkage=0.1


Tree=197
num_leaves=7
num_cat=0
split_feature=101 6 14 102 4 98
split_gain=0.0422233 0.26467 0.313642 0.196957 0.130263 0.141261
threshold=4.0773937863842606 6.5944050384056014 6.447294560452713 3.3667009459186801 1.0397207708399181 4.1742689126930488
decision_type=2 2 2 2 2 2
left_child=1 2 -1 -3 -2 -6
right_child=4 3 -4 -5 5 -7
leaf_value=-0.00078358441583446954 0.013609722536057235 -0.019946821406483645 0.012488850990408347 -0.00094449376454576852 -0.0071685235636929677 0.001486131002232936
leaf_weight=283 7.9999999999999991 12.000000000000002 19 9.9999999999999982 21 185
leaf_count=283 8 12 19 10 21 185
internal_value=0 -0.000719978 5.14364e-05 -0.0113094 0.00109006 0.00060386
internal_weight=0 324 302 22 214 206
internal_count=538 324 302 22 214 206
is_linear=0
shrinkage=0.1


Tree=198
num_leaves=7
num_cat=0
split_feature=57 49 98 52 16 0
split_gain=0.0407244 0.201244 0.285211 0.141553 0.198986 0.139789
threshold=1.0842160476986118 7.2491844952071967 3.4334666422309414 2.1383330595080281 1.5890269151739729 2.3937458713910238
decision_type=2 2 2 2 2 2
left_child=1 2 -1 4 -2 -5
right_child=3 -3 -4 5 -6 -7
leaf_value=-0.0030977271399785615 -0.0025875061750411988 -0.012515078888585171 0.014946957779201596 -0.0076702862977981569 0.010491398203497133 0.00018944306823620786
leaf_weight=43 19 14.999999999999998 10.999999999999998 24 30 396
leaf_count=43 19 15 11 24 30 396
internal_value=0 -0.00226829 0.000578042 0.000333714 0.00541999 -0.000259684
internal_weight=0 69 54 469 49 420
internal_count=538 69 54 469 49 420
is_linear=0
shrinkage=0.1


Tree=199
num_leaves=7
num_cat=0
split_feature=65 37 65 53 46 57
split_gain=0.0405182 0.198933 0.115868 0.123079 0.111439 0.1003
threshold=4.5775907026296485 9.6138678460593976 4.8702453445784739 2.5386312031140545 7.0325927103347974 2.3467101081133048
decision_type=2 2 2 2 2 2
left_child=1 4 3 -2 -1 -4
right_child=2 -3 5 -5 -6 -7
leaf_value=0.0005762511090045098 -0.017135817045345902 0.016159798006992788 0.011020745260611876 -0.0032235229288363047 -0.0082218053801140431 -0.0005763584699227728
leaf_weight=358 7.9999999999999991 7.9999999999999991 7.9999999999999991 31 14.999999999999998 110
leaf_count=358 8 8 8 31 15 110
internal_value=0 0.000557085 -0.00135191 -0.00607733 0.000222442 0.000209886
internal_weight=0 381 157 39 373 118
internal_count=538 381 157 39 373 118
is_linear=0
shrinkage=0.1


Tree=200
num_leaves=5
num_cat=0
split_feature=101 101 6 88
split_gain=0.0383859 0.0496536 0.217451 0.144528
threshold=6.2538214150710614 4.0773937863842606 6.5944050384056014 0.43200791280506023
decision_type=2 2 2 2
left_child=1 2 -1 -3
right_child=-2 3 -4 -5
leaf_value=3.1212713574799434e-05 -0.0068752333056181676 -0.00046057510640616466 -0.010266454760196874 0.0052631140511948619
leaf_weight=302 7.9999999999999991 142 22 64
leaf_count=302 8 142 22 64
internal_value=0 0.000103777 -0.000668012 0.00131766
internal_weight=0 530 324 206
internal_count=538 530 324 206
is_linear=0
shrinkage=0.1


Tree=201
num_leaves=4
num_cat=0
split_feature=4 58 53
split_gain=0.0393798 0.0846228 0.0541559
threshold=6.8023330311185415 6.2671123252678349 3.5330064870599274
decision_type=2 2 2
left_child=1 2 -1
right_child=-2 -3 -4
leaf_value=0.00043761320204679108 -0.0050518548573988183 0.0078147549714360914 -0.0021784464817978825
leaf_weight=411 14.999999999999998 13.999999999999998 98
leaf_count=411 15 14 98
internal_value=0 0.000144891 -6.60682e-05
internal_weight=0 523 509
internal_count=538 523 509
is_linear=0
shrinkage=0.1


Tree=202
num_leaves=7
num_cat=0
split_feature=51 49 86 48 95 45
split_gain=0.0410401 0.254387 0.115108 0.114636 0.679091 0.136737
threshold=4.3166874728528244 8.4654531157571746 0.63109085467141146 4.1107394736335969 8.3150443764781556 9.3631962894931622
decision_type=2 2 2 2 2 2
left_child=1 2 -1 4 -2 -5
right_child=3 -3 -4 5 -6 -7
leaf_value=-0.001206108542935302 -0.0017887064566214879 -0.017382538158239591 0.0043864614774727006 0.0012828843047544879 0.029929758566949106 -0.0049358855927659371
leaf_weight=225 27 8.9999999999999982 44 180 8.9999999999999982 44
leaf_count=225 27 9 44 180 9 44
internal_value=0 -0.000844651 -0.000291339 0.000903127 0.00614091 6.13402e-05
internal_weight=0 278 269 260 36 224
internal_count=538 278 269 260 36 224
is_linear=0
shrinkage=0.1


Tree=203
num_leaves=7
num_cat=0
split_feature=53 29 29 70 69 52
split_gain=0.0386361 0.139207 0.287335 0.115164 0.323825 0.231188
threshold=1.3424540464534289 4.8361559147623279 6.1548017441785339 3.549143984964481 3.0797776686008462 3.6699311590183616
decision_type=2 2 2 2 2 2
left_child=1 -1 -3 4 -2 -5
right_child=3 2 -4 5 -6 -7
leaf_value=0.0098566578514873993 -9.9211510803018301e-05 -0.020735795376822352 -0.0011303560287495586 -0.012165575218386949 0.012792493682354689 0.00017876131515695678
leaf_weight=9.9999999999999982 70 7.9999999999999991 114 15.999999999999998 27 293
leaf_count=10 70 8 114 16 27 293
internal_value=0 -0.00148621 -0.00241596 0.000483203 0.0034892 -0.000460428
internal_weight=0 132 122 406 97 309
internal_count=538 132 122 406 97 309
is_linear=0
shrinkage=0.1


Tree=204
num_leaves=8
num_cat=0
split_feature=74 36 47 87 76 51 38
split_gain=0.0387578 0.10975 0.128618 0.0846554 0.0672425 0.130032 0.0771703
threshold=0.1636983673691729 4.5746578350692051 3.0433873634561537 0.65503441193156575 0.15256085336856853 6.3385691053611444 4.9199542854466296
decision_type=2 2 2 2 2 2 2
left_child=4 2 -2 -3 6 -6 -1
right_child=1 3 -4 -5 5 -7 -8
leaf_value=0.0031462930829920729 -0.0019350362393592117 -0.0090715357944226045 0.0043969635072204733 0.0026919220574200156 0.0056802143696604267 -0.0067909115180373198 -0.00085446794312346087
leaf_weight=61 106 26 46 7.9999999999999991 51 9.9999999999999982 230
leaf_count=61 106 26 46 8 51 10 230
internal_value=0 -0.00116762 -1.87732e-05 -0.00630366 0.000616983 0.00363577 -1.58204e-05
internal_weight=0 186 152 34 352 61 291
internal_count=538 186 152 34 352 61 291
is_linear=0
shrinkage=0.1


Tree=205
num_leaves=7
num_cat=0
split_feature=27 23 59 23 39 100
split_gain=0.039391 0.160931 0.164785 0.107958 0.0851896 0.0699758
threshold=6.5785562848655745 6.1964420537984912 5.1119152036137292 6.7627234926620226 6.6411787611570974 5.7899180851264278
decision_type=2 2 2 2 2 2
left_child=1 4 -3 -2 -1 -5
right_child=3 2 -4 5 -6 -7
leaf_value=6.6284557370673369e-05 0.010510003939270974 -0.019081544806249441 -0.0031301510068314042 -0.0051712464510152729 0.0082795537148530659 0.0048526286362455444
leaf_weight=442 12.999999999999998 7.9999999999999991 34 15.000000000000002 12.999999999999998 12.999999999999998
leaf_count=442 13 8 34 15 13 13
internal_value=0 -0.000245766 -0.00616851 0.00297916 0.000300949 -0.000517304
internal_weight=0 497 42 41 455 28
internal_count=538 497 42 41 455 28
is_linear=0
shrinkage=0.1


Tree=206
num_leaves=8
num_cat=0
split_feature=51 50 72 50 51 3 48
split_gain=0.0393397 0.22321 0.370612 0.133868 0.0947549 0.196143 0.14847
threshold=4.3166874728528244 5.5759204062713987 0.091381109223192605 5.4380415003103764 5.081385075233106 4.8242976514536702 4.4425820475484112
decision_type=2 2 2 2 2 2 2
left_child=1 3 -3 -1 5 -2 -6
right_child=4 2 -4 -5 6 -7 -8
leaf_value=-0.00039203306473306534 0.0007021323079243303 -0.0011820475182806451 -0.026035366124576992 0.010889636013995518 -0.007857145300262016 0.013900851310791041 0.00083510677201126748
leaf_weight=240 38 18.000000000000004 8.9999999999999982 10.999999999999998 22 15.999999999999998 184
leaf_count=240 38 18 9 11 22 16 184
internal_value=0 -0.000826968 -0.00946649 0.000102383 0.00088422 0.00461286 -9.3192e-05
internal_weight=0 278 27 251 260 54 206
internal_count=538 278 27 251 260 54 206
is_linear=0
shrinkage=0.1


Tree=207
num_leaves=8
num_cat=0
split_feature=85 91 44 53 56 102 13
split_gain=0.0387423 0.0858692 0.141871 0.0933482 0.0679711 0.0583246 0.0173222
threshold=0.67617377516327648 1.0000000180025095e-35 3.1984648276080736 2.4497148029771396 5.5279397605692333 4.6150714996361826 8.8031228163806094
decision_type=2 2 2 2 2 2 2
left_child=1 3 -3 -1 6 -6 -2
right_child=4 2 -4 -5 5 -7 -8
leaf_value=0.00089226965350462705 -0.0047850849014745706 0.0092880383691338539 0.00050824473035477452 -0.002214455560394448 0.0063555409666150786 -0.0029979017423465851 -0.011180369276553394
leaf_weight=240 9.0000000000000018 26 63 162 10.000000000000002 20 7.9999999999999991
leaf_count=240 9 26 63 162 10 20 8
internal_value=0 0.000262549 0.00307313 -0.000359694 -0.00274279 0.000119912 -0.00779463
internal_weight=0 491 89 402 47 30 17
internal_count=538 491 89 402 47 30 17
is_linear=0
shrinkage=0.1


Tree=208
num_leaves=4
num_cat=0
split_feature=4 58 8
split_gain=0.0375287 0.0647584 0.0426243
threshold=6.8023330311185415 6.2671123252678349 5.5528393853898175
decision_type=2 2 2
left_child=1 2 -1
right_child=-2 -3 -4
leaf_value=0.00030083148140536473 -0.0049316930538043386 0.0068509722128510479 -0.0024779215336792055
leaf_weight=446 14.999999999999998 13.999999999999998 63
leaf_count=446 15 14 63
internal_value=0 0.000141444 -4.31006e-05
internal_weight=0 523 509
internal_count=538 523 509
is_linear=0
shrinkage=0.1


Tree=209
num_leaves=7
num_cat=0
split_feature=69 69 35 102 27 98
split_gain=0.0368458 0.157101 0.140314 0.352121 0.0588313 0.0541237
threshold=1.8903679588756852 2.0345233277134906 3.6242520361853052 1.2424533248940004 3.4175922930736511 4.1742689126930488
decision_type=2 2 2 2 2 2
left_child=2 -2 3 -1 -4 -3
right_child=1 5 4 -5 -6 -7
leaf_value=-0.017007132596336304 0.01335179569820563 -0.0010905480530092736 0.010634777072118592 0.0047089959029108291 -0.00063562881286171355 0.001035047095036134
leaf_weight=16.000000000000004 8.9999999999999982 230 8.0000000000000018 13.999999999999998 10.999999999999998 250
leaf_count=16 9 230 8 14 11 250
internal_value=0 0.000261967 -0.00261432 -0.00687294 0.00410981 1.65328e-05
internal_weight=0 489 49 30 19 480
internal_count=538 489 49 30 19 480
is_linear=0
shrinkage=0.1


Tree=210
num_leaves=7
num_cat=0
split_feature=98 103 87 95 13 17
split_gain=0.0360154 0.118017 0.175456 0.0893791 0.271261 0.0951813
threshold=1.8688348091416842 4.9904094477362264 0.067463288770553395 6.1548017441785339 6.232291670340838 6.459903229849254
decision_type=2 2 2 2 2 2
left_child=1 2 -1 4 -2 -5
right_child=3 -3 -4 5 -6 -7
leaf_value=-0.0050205863841822273 0.020893781841732555 -0.012646407789240281 0.0038600993755442854 -0.00390632494012467 -0.0044138796472301088 0.00066200334937176783
leaf_weight=45 8.0000000000000018 8.9999999999999982 44 52 8.9999999999999982 371
leaf_count=45 8 9 44 52 9 371
internal_value=0 -0.00173367 -0.000630135 0.000386136 0.00749561 0.000100412
internal_weight=0 98 89 440 17 423
internal_count=538 98 89 440 17 423
is_linear=0
shrinkage=0.1


Tree=211
num_leaves=7
num_cat=0
split_feature=89 86 41 89 38 69
split_gain=0.0350174 0.124141 0.127676 0.123394 0.23764 0.0835736
threshold=0.59977744430454794 0.63455186344436043 6.5147115934776361 0.55970362904636928 6.2460391568005056 0.91610364505747011
decision_type=2 2 2 2 2 2
left_child=3 2 -2 5 -5 -1
right_child=1 -3 -4 4 -6 -7
leaf_value=0.0095599150802526209 0.0074851509036594323 0.010424277678664242 -0.0018176914397344897 0.00010659245017450301 -0.020205204892489646 -0.00018293325721723154
leaf_weight=8.9999999999999982 19 13.999999999999998 66 16.000000000000004 8.9999999999999982 405
leaf_count=9 19 14 66 16 9 405
internal_value=0 0.00169889 0.000261767 -0.000383121 -0.00720565 2.88678e-05
internal_weight=0 99 85 439 25 414
internal_count=538 99 85 439 25 414
is_linear=0
shrinkage=0.1


Tree=212
num_leaves=6
num_cat=0
split_feature=36 28 60 92 84
split_gain=0.0368609 0.187843 0.171975 0.156577 0.11175
threshold=4.8903208612686422 4.4942230200312032 3.7166115897424992 5.091405927956882 0.63456902303092944
decision_type=2 2 2 2 2
left_child=3 -2 -3 4 -1
right_child=1 2 -4 -5 -6
leaf_value=-0.00050280988291287194 0.016152150440029801 -0.012979961435000102 0.0012244464447779685 -0.012920098938047887 0.011453566601267085
leaf_weight=342 7.9999999999999991 8.9999999999999982 161 9.9999999999999982 7.9999999999999991
leaf_count=342 8 9 161 10 8
internal_value=0 0.00117715 0.000472448 -0.000582037 -0.000229521
internal_weight=0 178 170 360 350
internal_count=538 178 170 360 350
is_linear=0
shrinkage=0.1


Tree=213
num_leaves=5
num_cat=0
split_feature=35 32 41 89
split_gain=0.033361 0.0962014 0.0649738 0.043537
threshold=7.0039737242496614 6.6457289203085956 10.085701847825877 0.45268431222872213
decision_type=2 2 2 2
left_child=1 2 -1 -2
right_child=3 -3 -4 -5
leaf_value=-0.00014274903612732166 3.335190809924493e-05 -0.0098639488639310005 0.007018943468574435 0.0097287337528541695
leaf_weight=496 11.000000000000002 9.9999999999999982 12.999999999999998 7.9999999999999991
leaf_count=496 11 10 13 8
internal_value=0 -0.000150668 4.01626e-05 0.00411562
internal_weight=0 519 509 19
internal_count=538 519 509 19
is_linear=0
shrinkage=0.1


Tree=214
num_leaves=5
num_cat=0
split_feature=4 104 98 6
split_gain=0.0327317 0.0540859 0.0880686 0.0636242
threshold=6.8023330311185415 2.8029010331479989 5.5683153670809231 7.5437410699147334
decision_type=2 2 2 2
left_child=1 2 -1 -3
right_child=-2 3 -4 -5
leaf_value=0.0002735808347609046 -0.0046057286237676937 8.3270105533301831e-05 -0.0042425838318498185 0.0076504220832885042
leaf_weight=430 14.999999999999998 25 48 20
leaf_count=430 15 25 48 20
internal_value=0 0.000132095 -0.000179925 0.00344645
internal_weight=0 523 478 45
internal_count=538 523 478 45
is_linear=0
shrinkage=0.1


Tree=215
num_leaves=7
num_cat=0
split_feature=69 69 35 102 89 4
split_gain=0.0330068 0.127846 0.122131 0.286693 0.0502768 0.0408985
threshold=1.8903679588756852 2.0978443778527271 3.6242520361853052 1.2424533248940004 0.35192794872177058 3.0433873634561537
decision_type=2 2 2 2 2 2
left_child=2 -2 3 -1 -4 -3
right_child=1 5 4 -5 -6 -7
leaf_value=-0.015591819200199095 0.010442264094793548 -0.0016420167433258534 -0.0016233822227352188 0.0040031677245029379 0.0086790366191416973 0.00051637562866538116
leaf_weight=16.000000000000004 11.999999999999998 116 9.0000000000000018 13.999999999999998 9.9999999999999982 361
leaf_count=16 12 116 9 14 10 361
internal_value=0 0.000247944 -0.00247438 -0.00644749 0.00379894 -8.51644e-06
internal_weight=0 489 49 30 19 477
internal_count=538 489 49 30 19 477
is_linear=0
shrinkage=0.1


Tree=216
num_leaves=7
num_cat=0
split_feature=102 96 103 74 97 104
split_gain=0.0327221 0.105515 0.0745376 0.0590249 0.0572727 0.0358607
threshold=4.8441560854355483 7.0975457719581962 6.5624281337850094 0.032577469201537153 5.9454069026540806 4.0160176571994137
decision_type=2 2 2 2 2 2
left_child=2 -2 3 -1 -4 -3
right_child=1 5 4 -5 -6 -7
leaf_value=0.00076972764226065492 -0.013028709858190268 -0.0030377346595438816 0.0086123220726019786 -0.0015538923520590799 -0.000546516478061676 0.0038548507082920807
leaf_weight=297 7.9999999999999991 18.000000000000004 18.000000000000004 173 10.999999999999998 12.999999999999998
leaf_count=297 8 18 18 173 11 13
internal_value=0 -0.00278964 0.000218028 -8.55623e-05 0.00513828 -0.000147296
internal_weight=0 39 499 470 29 31
internal_count=538 39 499 470 29 31
is_linear=0
shrinkage=0.1


Tree=217
num_leaves=8
num_cat=0
split_feature=98 39 17 57 95 92 69
split_gain=0.0320423 0.100652 0.143123 0.100396 0.0819352 0.250131 0.0796155
threshold=1.8688348091416842 2.3937458713910238 6.1548017441785339 1.919247134162821 6.1548017441785339 4.9202237318717099 1.9448728531748072
decision_type=2 2 2 2 2 2 2
left_child=1 3 -3 -1 5 -2 -6
right_child=4 2 -4 -5 6 -7 -8
leaf_value=0.01295904114376753 0.018607434040556346 -0.015395735168001717 -0.0019009250189898717 -0.00039514372321335897 -0.0070644075920184464 -0.0056945708347484469 0.0003537013332128945
leaf_weight=8.0000000000000018 9.0000000000000018 8.9999999999999982 62 19 14.999999999999998 7.9999999999999991 408
leaf_count=8 9 9 62 19 15 8 408
internal_value=0 -0.00163525 -0.00361153 0.00356165 0.000364214 0.0071712 9.06478e-05
internal_weight=0 98 71 27 440 17 423
internal_count=538 98 71 27 440 17 423
is_linear=0
shrinkage=0.1


Tree=218
num_leaves=8
num_cat=0
split_feature=24 67 65 8 36 68 1
split_gain=0.0333629 0.130737 0.221042 0.103102 0.0983675 0.182917 0.12393
threshold=2.8029010331479989 4.1742689126930488 2.8419473099809007 2.7058230259275202 3.1345481418531311 4.2796926728752291 6.4052270920020655
decision_type=2 2 2 2 2 2 2
left_child=4 2 -2 -3 6 -6 -1
right_child=1 3 -4 -5 5 -7 -8
leaf_value=-0.0042756661952642562 -0.0022402363307209628 0.0065899640301485436 -0.020768195716664196 -0.00035238620084010409 0.014589055148618559 -0.0022360870459427434 0.002112754589339899
leaf_weight=44 33 23 7.9999999999999991 306 14.000000000000002 11.999999999999998 98
leaf_count=44 33 23 8 306 14 12 98
internal_value=0 -0.000530633 -0.00585545 0.000132945 0.00116866 0.0068236 0.000133244
internal_weight=0 370 41 329 168 26 142
internal_count=538 370 41 329 168 26 142
is_linear=0
shrinkage=0.1


Tree=219
num_leaves=7
num_cat=0
split_feature=100 51 95 100 1 49
split_gain=0.0306839 0.100728 0.100921 0.0997008 0.0933879 0.0771396
threshold=5.7899180851264278 6.0844968186443777 8.9914040699624831 5.8998635749973518 8.2791727469771832 9.4880475161110223
decision_type=2 2 2 2 2 2
left_child=1 2 -1 -2 -3 -5
right_child=3 4 -4 5 -6 -7
leaf_value=-0.00037598201708408867 0.0098863828998918719 0.0043918986804783343 0.0040182688834573153 -0.0041051836684346203 -0.0063138201073425909 0.004177471544508907
leaf_weight=365 12.999999999999998 9.9999999999999982 61 23 44 22
leaf_count=365 13 10 61 23 44 22
internal_value=0 -0.000262517 0.000253242 0.00217255 -0.00433128 -5.58856e-05
internal_weight=0 480 426 58 54 45
internal_count=538 480 426 58 54 45
is_linear=0
shrinkage=0.1


Tree=220
num_leaves=8
num_cat=0
split_feature=65 40 26 30 102 0 97
split_gain=0.0329187 0.158027 0.181539 0.115315 0.0743566 0.0921185 0.0825726
threshold=4.5775907026296485 5.5093801410486734 6.6025796074063665 6.8490612221579648 2.3502401828962087 5.0172579074712669 1.9356005054539458
decision_type=2 2 2 2 2 2 2
left_child=1 3 -3 -1 6 -6 -2
right_child=4 2 -4 -5 5 -7 -8
leaf_value=-0.00044875896324089899 0.00059865578077733506 0.020746005140244952 0.0018622896634042263 0.0071882129203350775 0.0054613765511337831 -0.0014974994147302243 -0.011298950555335198
leaf_weight=338 10.000000000000002 8.0000000000000018 13.999999999999998 21 23 110 13.999999999999998
leaf_count=338 10 8 14 21 23 110 14
internal_value=0 0.000502131 0.0087291 -2.02802e-06 -0.00121855 -0.000294085 -0.00634161
internal_weight=0 381 22 359 157 133 24
internal_count=538 381 22 359 157 133 24
is_linear=0
shrinkage=0.1


Tree=221
num_leaves=7
num_cat=0
split_feature=70 55 70 50 61 3
split_gain=0.0312514 0.223966 0.203065 0.15524 0.105902 0.0841516
threshold=3.5038423584513128 3.6632328069201612 3.1845920792602627 5.6167644860526105 2.5394428210525501 2.9430520157250784
decision_type=2 2 2 2 2 2
left_child=2 -2 3 -1 -3 -4
right_child=1 4 5 -5 -6 -7
leaf_value=0.00083960773450404464 -0.016153268102142546 -0.0098081528124484146 0.016054903241721062 -0.0087243325322082163 0.00017313397156267689 0.0041707317559764936
leaf_weight=159 8.9999999999999982 10.999999999999998 11.000000000000002 19 316 12.999999999999998
leaf_count=159 9 11 11 19 316 13
internal_value=0 -0.000590949 0.000982964 -0.000181262 -0.000162628 0.00961764
internal_weight=0 336 202 178 327 24
internal_count=538 336 202 178 327 24
is_linear=0
shrinkage=0.1


Tree=222
num_leaves=7
num_cat=0
split_feature=99 99 99 64 47 46
split_gain=0.0308201 0.175499 0.17813 0.165769 0.137764 0.214139
threshold=3.9316333620047872 4.3437210834879627 4.4995626957636246 5.0100720139679042 6.5395483652441291 6.650271517515475
decision_type=2 2 2 2 2 2
left_child=4 3 -3 -2 5 -1
right_child=1 2 -4 -5 -6 -7
leaf_value=0.0012574388203387928 -0.0032151574943548979 0.010605347366072238 -0.00032637683907523753 -0.017646843083202839 0.010094674030939738 -0.0083533786398430291
leaf_weight=214 39 15.999999999999998 218 9.9999999999999982 14.999999999999998 26
leaf_count=214 39 16 218 10 15 26
internal_value=0 -0.00071846 0.000421091 -0.0061604 0.00079735 0.000216267
internal_weight=0 283 234 49 255 240
internal_count=538 283 234 49 255 240
is_linear=0
shrinkage=0.1


Tree=223
num_leaves=7
num_cat=0
split_feature=42 38 30 87 26 53
split_gain=0.0298113 0.115667 0.106856 0.101502 0.106187 0.0558178
threshold=1.0397207708399181 1.0397207708399181 1.0397207708399181 0.41285709758620598 5.5529295377475458 2.5386312031140545
decision_type=2 2 2 2 2 2
left_child=3 -2 -3 4 -1 -5
right_child=1 2 -4 5 -6 -7
leaf_value=-0.0078394424020042357 0.0095715861480969652 -0.0093059024307876829 0.00025525299572548983 0.0075843335093500504 0.0044991059539218744 -0.0026604988508754307
leaf_weight=31 12.999999999999998 11.999999999999998 451 13.000000000000002 8.9999999999999982 8.9999999999999982
leaf_count=31 13 12 451 13 9 9
internal_value=0 0.000268653 7.44767e-06 -0.00206256 -0.00506327 0.00339327
internal_weight=0 476 463 62 40 22
internal_count=538 476 463 62 40 22
is_linear=0
shrinkage=0.1


Tree=224
num_leaves=7
num_cat=0
split_feature=98 103 39 100 104 98
split_gain=0.0272058 0.0921478 0.122951 0.0754788 0.203 0.200533
threshold=1.8688348091416842 4.9904094477362264 2.3937458713910238 1.4978661367769959 1.0000000180025095e-35 4.317399216745252
decision_type=2 2 2 2 2 2
left_child=1 2 -1 5 -5 -2
right_child=3 -3 -4 4 -6 -7
leaf_value=0.0059546206866137007 0.0053360763990397877 -0.011149592480311792 -0.0026615039278655803 -0.0060607703537724142 0.0006753350627115354 -0.0050056245066225531
leaf_weight=22 75 8.9999999999999982 67 53 287 25
leaf_count=22 75 9 67 53 287 25
internal_value=0 -0.00150679 -0.000531675 0.000335603 -0.000374705 0.00275065
internal_weight=0 98 89 440 340 100
internal_count=538 98 89 440 340 100
is_linear=0
shrinkage=0.1


Tree=225
num_leaves=7
num_cat=0
split_feature=69 9 102 99 25 69
split_gain=0.0265719 0.230157 0.140191 0.16296 0.11997 0.06513
threshold=4.6870591425766106 8.766063967111192 2.5619819897016298 3.9701138825728512 8.7443149354568295 4.7816984053812943
decision_type=2 2 2 2 2 2
left_child=1 4 3 -2 -1 -4
right_child=2 -3 5 -5 -6 -7
leaf_value=0.00074901645485966103 0.0013748301356099543 0.01480867276814851 -0.0071371728243927171 -0.015604964686700931 -0.0059180517238564788 0.00045555978187075165
leaf_weight=269 10.000000000000002 10.999999999999998 11.999999999999998 12.999999999999998 30 193
leaf_count=269 10 11 12 13 30 193
internal_value=0 0.000602707 -0.000819471 -0.00822245 8.00798e-05 1.11071e-05
internal_weight=0 310 228 23 299 205
internal_count=538 310 228 23 299 205
is_linear=0
shrinkage=0.1


Tree=226
num_leaves=8
num_cat=0
split_feature=74 14 1 88 88 38 46
split_gain=0.0270726 0.0922843 0.238152 0.213882 0.0659318 0.168094 0.143308
threshold=0.1636983673691729 4.2625806805327082 6.4295893882764688 0.028606709871834928 0.041058849910378711 6.4536237588886749 5.8021138116885078
decision_type=2 2 2 2 2 2 2
left_child=4 3 -3 -2 6 -6 -1
right_child=1 2 -4 -5 5 -7 -8
leaf_value=-0.0047204559698941252 0.010310950692510232 -0.0188068974763155 -0.0010836278517120357 -0.0061652548754444489 0.0045760834873653953 -0.0016866565404925497 0.0012440841916300681
leaf_weight=62 20 7.9999999999999991 145 12.999999999999998 100 75 115
leaf_count=62 20 8 145 13 100 75 115
internal_value=0 -0.000975863 -0.00201033 0.00382032 0.000515655 0.00189205 -0.00084519
internal_weight=0 186 153 33 352 175 177
internal_count=538 186 153 33 352 175 177
is_linear=0
shrinkage=0.1


Tree=227
num_leaves=8
num_cat=0
split_feature=4 4 56 61 28 65 41
split_gain=0.0277873 0.210953 0.202432 0.23019 0.166637 0.159281 0.106909
threshold=3.0433873634561537 2.7058230259275202 3.5002811642841722 2.5394428210525501 4.0163424379838117 2.8370924889531883 6.4891310167150369
decision_type=2 2 2 2 2 2 2
left_child=1 6 4 -4 -2 -3 -1
right_child=2 5 3 -5 -6 -7 -8
leaf_value=0.0056570566893587339 0.0037058786904838473 -0.00317348993637345 -0.015233045965433121 0.0001786693276716604 0.019347684266459612 -0.021718110982328655 -0.0010625335245299362
leaf_weight=29 28 11.000000000000002 9.9999999999999982 314 8.9999999999999982 7.9999999999999991 129
leaf_count=29 28 11 10 314 9 8 129
internal_value=0 -0.00102636 0.000503228 -0.000297001 0.00751064 -0.0109818 0.000170809
internal_weight=0 177 361 324 37 19 158
internal_count=538 177 361 324 37 19 158
is_linear=0
shrinkage=0.1


Tree=228
num_leaves=7
num_cat=0
split_feature=42 38 16 68 100 92
split_gain=0.026422 0.088182 0.0986638 0.0761429 0.133434 0.058745
threshold=1.0397207708399181 1.0397207708399181 1.5890269151739729 3.4898116032585436 2.740319461670996 4.7882919318961266
decision_type=2 2 2 2 2 2
left_child=3 -2 -3 5 -5 -1
right_child=1 2 -4 4 -6 -7
leaf_value=-0.0014117198488251726 0.0083757109263947662 -0.0038711056007039654 0.00057181992374241285 -0.010245035486295821 0.00092331094707807774 0.0098504187073558576
leaf_weight=11.000000000000002 12.999999999999998 57 406 20 23 7.9999999999999991
leaf_count=11 13 57 406 20 23 8
internal_value=0 0.00025292 2.48507e-05 -0.00194178 -0.00427127 0.00333023
internal_weight=0 476 463 62 43 19
internal_count=538 476 463 62 43 19
is_linear=0
shrinkage=0.1


Tree=229
num_leaves=6
num_cat=0
split_feature=50 16 50 50 51
split_gain=0.0273439 0.0815856 0.0498497 0.145055 0.0951148
threshold=7.6273006666104983 4.976709960642169 6.2460391568005056 5.7267999994427079 5.8347936374918037
decision_type=2 2 2 2 2
left_child=2 -2 3 -1 -4
right_child=1 -3 4 -5 -6
leaf_value=0.00031667415551239194 -0.0081485648670544218 0.0022812382566432159 0.0039570507417963771 -0.0056081773926659178 -0.00087648186231432848
leaf_weight=297 15.000000000000002 14.999999999999998 84 48 79
leaf_count=297 15 15 84 48 79
internal_value=0 -0.00293366 0.000173248 -0.000507653 0.00161442
internal_weight=0 30 508 345 163
internal_count=538 30 508 345 163
is_linear=0
shrinkage=0.1


Tree=230
num_leaves=8
num_cat=0
split_feature=65 40 96 30 65 86 65
split_gain=0.025334 0.119171 0.147451 0.0937721 0.0644246 0.14398 0.114099
threshold=4.5775907026296485 5.5093801410486734 6.4150956198398426 6.8490612221579648 4.9573826190359496 0.56371679504108496 5.1281557826550497
decision_type=2 2 2 2 2 2 2
left_child=1 3 -3 -1 5 -2 -6
right_child=4 2 -4 -5 6 -7 -8
leaf_value=-0.00040015747413154934 -0.0015574296118898525 0.013773407301466376 -0.0032452890882268548 0.0064866210090085159 0.011154128176470598 -0.015412856017549834 -0.00063210982932124606
leaf_weight=338 45 14.000000000000002 7.9999999999999991 21 8.9999999999999982 8.9999999999999982 94
leaf_count=338 45 14 8 21 9 9 94
internal_value=0 0.000440502 0.00758479 2.69029e-06 -0.00106899 -0.00386667 0.000397756
internal_weight=0 381 22 359 157 54 103
internal_count=538 381 22 359 157 54 103
is_linear=0
shrinkage=0.1


Tree=231
num_leaves=4
num_cat=0
split_feature=88 70 64
split_gain=0.0260927 0.049977 0.0743381
threshold=0.69138585858319512 0.69406187107593553 0.7331685343967137
decision_type=2 2 2
left_child=1 -1 -3
right_child=-2 2 -4
leaf_value=0.0074885538830939263 -0.0048203343948857351 -0.009036788773826427 0.00013154769817885005
leaf_weight=8.9999999999999982 10.999999999999998 8.9999999999999982 509
leaf_count=9 11 9 509
internal_value=0 0.000100614 -2.77477e-05
internal_weight=0 527 518
internal_count=538 527 518
is_linear=0
shrinkage=0.1


Tree=232
num_leaves=5
num_cat=0
split_feature=35 29 25 89
split_gain=0.0245201 0.0802926 0.0747969 0.0323036
threshold=7.0039737242496614 9.996971259901386 9.8031681923272291 0.45268431222872213
decision_type=2 2 2 2
left_child=1 2 -1 -2
right_child=3 -3 -4 -5
leaf_value=-0.0001564969878133333 1.1998613957654343e-05 -0.0078890960412816361 0.006590929605505046 0.0083634352544322606
leaf_weight=489 11.000000000000002 12.999999999999998 17 7.9999999999999991
leaf_count=489 11 13 17 8
internal_value=0 -0.00012917 7.01952e-05 0.00352839
internal_weight=0 519 506 19
internal_count=538 519 506 19
is_linear=0
shrinkage=0.1


Tree=233
num_leaves=8
num_cat=0
split_feature=52 101 1 52 99 79 61
split_gain=0.0243162 0.168469 0.162372 0.158176 0.134538 0.105283 0.0626456
threshold=4.7999057951650004 5.0906732680195743 8.8031228163806094 4.9272274294794096 4.7790881836238563 3.4006415172358104 3.6974181332505931
decision_type=2 2 2 2 2 2 2
left_child=1 4 3 -2 -1 -3 -4
right_child=2 5 6 -5 -6 -7 -8
leaf_value=0.00059233237093893126 -0.017927042860537763 0.0024167694267816842 0.0050600023979010681 -0.0025236425967887048 -0.0071875896324248359 0.0186404537409544 -0.00046115015662711608
leaf_weight=301 10.000000000000002 7.9999999999999991 24 20 24 7.9999999999999991 143
leaf_count=301 10 8 24 20 24 8 143
internal_value=0 0.00051099 -0.000884506 -0.00765811 1.78151e-05 0.0105286 0.000332309
internal_weight=0 341 197 30 325 16 167
internal_count=538 341 197 30 325 16 167
is_linear=0
shrinkage=0.1


Tree=234
num_leaves=8
num_cat=0
split_feature=86 57 20 18 98 98 79
split_gain=0.0247851 0.13683 0.190318 0.130016 0.0707911 0.249044 0.188298
threshold=0.59222352234340792 3.002905114542556 3.891612008168019 5.2310943182715759 4.007167868649713 4.317399216745252 2.8888261616113287
decision_type=2 2 2 2 2 2 2
left_child=4 2 -2 -3 6 -6 -1
right_child=1 3 -4 -5 5 -7 -8
leaf_value=-0.00047796522564668624 0.0020894487731550871 -0.013734790473245086 0.017594333570450545 -4.394554998725653e-06 0.009217117266023471 -0.00043900754221912886 -0.0092933131481653872
leaf_weight=180 38 7.9999999999999991 9.9999999999999982 50 31 193 28
leaf_count=180 38 8 10 50 31 193 28
internal_value=0 0.00137023 0.00531963 -0.00189824 -0.000336214 0.000897331 -0.00166465
internal_weight=0 106 48 58 432 224 208
internal_count=538 106 48 58 432 224 208
is_linear=0
shrinkage=0.1


Tree=235
num_leaves=7
num_cat=0
split_feature=39 38 4 39 66 43
split_gain=0.0245891 0.183911 0.124682 0.11386 0.16777 0.0975934
threshold=6.1505459369606674 6.8068195709628032 5.0688844241303981 5.9375327241700111 4.6346818562128229 5.7683014641622936
decision_type=2 2 2 2 2 2
left_child=3 -2 -3 5 -5 -1
right_child=1 2 -4 4 -6 -7
leaf_value=-0.00028578558524783993 0.015991663699969651 -0.0043466846871056735 0.0037347668385510112 -0.014113988700721941 0.0023891670629382134 0.0061530819260515275
leaf_weight=403 7.9999999999999991 35 42 14.000000000000002 10.999999999999998 25
leaf_count=403 8 35 42 14 11 25
internal_value=0 0.0015607 6.13798e-05 -0.000292847 -0.0068526 9.03165e-05
internal_weight=0 85 77 453 25 428
internal_count=538 85 77 453 25 428
is_linear=0
shrinkage=0.1


Tree=236
num_leaves=8
num_cat=0
split_feature=3 95 0 100 88 3 0
split_gain=0.0234364 0.0700966 0.107309 0.0620919 0.0555318 0.0490572 0.0399363
threshold=6.2934175704989839 8.9914040699624831 4.8441560854355483 5.7899180851264278 0.33523379653910984 6.4551936188910082 5.9988595898443
decision_type=2 2 2 2 2 2 2
left_child=1 2 -1 6 -3 -5 -2
right_child=3 4 -4 5 -6 -7 -8
leaf_value=0.00033455120220440192 -0.0023195351857472862 0.0010470037484033542 -0.0046328112185001378 -0.0050673457243564455 0.0065177876352598627 0.0026739644119516018 -0.010052431510253387
leaf_weight=334 17.000000000000004 55 50 10.999999999999998 28 32 10.999999999999998
leaf_count=334 17 55 50 11 28 32 11
internal_value=0 0.000257351 -0.000312241 -0.00169272 0.00289257 0.000693629 -0.00535746
internal_weight=0 467 384 71 83 43 28
internal_count=538 467 384 71 83 43 28
is_linear=0
shrinkage=0.1


Tree=237
num_leaves=8
num_cat=0
split_feature=4 4 56 61 31 65 8
split_gain=0.0245446 0.160203 0.153959 0.176033 0.130462 0.122443 0.0899551
threshold=3.0433873634561537 2.7058230259275202 3.5002811642841722 2.5394428210525501 3.1984648276080736 2.8370924889531883 1.8688348091416842
decision_type=2 2 2 2 2 2 2
left_child=1 6 4 -4 -2 -3 -1
right_child=2 5 3 -5 -6 -7 -8
leaf_value=-0.0018135295811195656 0.001680935046169907 -0.0027942001819610588 -0.013286315221339466 0.00019104765504924877 0.013775362611437839 -0.019053508876822889 0.0030875379387594638
leaf_weight=97 22 11.000000000000002 9.9999999999999982 314 14.999999999999998 7.9999999999999991 61
leaf_count=97 22 11 10 314 15 8 61
internal_value=0 -0.000964615 0.000472955 -0.00022492 0.00658408 -0.00964022 7.86547e-05
internal_weight=0 177 361 324 37 19 158
internal_count=538 177 361 324 37 19 158
is_linear=0
shrinkage=0.1


Tree=238
num_leaves=6
num_cat=0
split_feature=13 45 37 13 53
split_gain=0.0233815 0.135708 0.172016 0.08229 0.0389338
threshold=6.232291670340838 8.2594533729643391 7.480145263738696 6.3420656231066301 1.0098148431803853
decision_type=2 2 2 2 2
left_child=1 2 -1 -2 -5
right_child=3 -3 -4 4 -6
leaf_value=0.0021758111633079233 -0.0084272378589957952 0.01396484236465767 -0.013555567630100997 -0.0019150869884224755 0.00041569946819703074
leaf_weight=53 11.999999999999998 7.9999999999999991 7.9999999999999991 89 368
leaf_count=53 12 8 8 89 368
internal_value=0 0.00171873 0.00011268 -0.000252862 -3.82174e-05
internal_weight=0 69 61 469 457
internal_count=538 69 61 469 457
is_linear=0
shrinkage=0.1


Tree=239
num_leaves=6
num_cat=0
split_feature=4 69 22 13 62
split_gain=0.0232599 0.0741303 0.0420639 0.0252372 0.0266374
threshold=6.4800257426481824 6.2604622710342781 7.5682890805829928 9.9434169163727955 5.963549604627647
decision_type=2 2 2 2 2
left_child=1 2 -1 -2 -5
right_child=3 -3 -4 4 -6
leaf_value=0.00016552368981923027 0.0006110201159921975 0.0079261231313770015 -0.0044078738111281946 -0.0089741014771991274 -0.0010435290285386145
leaf_weight=475 13.000000000000002 11.999999999999998 21 9.0000000000000018 7.9999999999999991
leaf_count=475 13 12 21 9 8
internal_value=0 0.000159787 -2.81081e-05 -0.00270573 -0.00524207
internal_weight=0 508 496 30 17
internal_count=538 508 496 30 17
is_linear=0
shrinkage=0.1


Tree=240
num_leaves=7
num_cat=0
split_feature=86 15 36 37 29 88
split_gain=0.0214874 0.114503 0.144634 0.0622886 0.213212 0.0632273
threshold=0.59222352234340792 6.3385691053611444 2.8029010331479989 6.1548017441785339 6.102556092217525 0.59361729880789293
decision_type=2 2 2 2 2 2
left_child=3 2 -2 5 -5 -1
right_child=1 -3 -4 4 -6 -7
leaf_value=0.0050680232013722787 -0.0029361665564318819 -0.0068194488870600856 0.0054758313301620856 -0.013347149009887989 -0.00031507378576871753 -0.0025994628885140023
leaf_weight=38 31 14.999999999999998 60 12.999999999999998 366 14.999999999999998
leaf_count=38 31 15 60 13 366 15
internal_value=0 0.00127582 0.00261021 -0.000313049 -0.000762084 0.00289798
internal_weight=0 106 91 432 379 53
internal_count=538 106 91 432 379 53
is_linear=0
shrinkage=0.1


Tree=241
num_leaves=8
num_cat=0
split_feature=20 12 56 26 27 98 1
split_gain=0.0237801 0.167837 0.174062 0.167351 0.120653 0.188092 0.102636
threshold=3.4498615536424366 3.8499212036984933 3.5002811642841722 4.3693677306817369 3.0433873634561537 1.8688348091416842 6.4052270920020655
decision_type=2 2 2 2 2 2 2
left_child=4 2 -2 -3 6 -6 -1
right_child=1 3 -4 -5 5 -7 -8
leaf_value=-0.0042396413072800405 -0.0021589186335248607 0.01250446547161449 -0.015352178857262647 -7.866195459091277e-05 -0.0030558423371985556 0.0089808420901111262 0.0012471645713002996
leaf_weight=52 35 10.999999999999998 13.999999999999998 270 20 37 99
leaf_count=52 35 11 14 270 20 37 99
internal_value=0 -0.000527825 -0.00592842 0.000413916 0.000837415 0.00475744 -0.000642331
internal_weight=0 330 49 281 208 57 151
internal_count=538 330 49 281 208 57 151
is_linear=0
shrinkage=0.1


Tree=242
num_leaves=6
num_cat=0
split_feature=95 98 1 61 95
split_gain=0.0249512 0.1877 0.119665 0.0834771 0.0539928
threshold=6.4052270920020655 3.4334666422309414 6.4052270920020655 2.8581072679390505 6.5792357796731817
decision_type=2 2 2 2 2
left_child=1 3 -2 -1 -4
right_child=2 -3 4 -5 -6
leaf_value=0.0012465873083599129 -0.0093980181696159508 0.016148896282538773 0.0063420892621462166 -0.0089930627908971581 -0.00020033655384117189
leaf_weight=69 13.999999999999998 7.9999999999999991 12.999999999999998 8.9999999999999982 425
leaf_count=69 14 8 13 9 425
internal_value=0 0.00156126 -0.000297053 6.50892e-05 -6.15497e-06
internal_weight=0 86 452 78 438
internal_count=538 86 452 78 438
is_linear=0
shrinkage=0.1


Tree=243
num_leaves=7
num_cat=0
split_feature=74 72 86 28 16 36
split_gain=0.0222647 0.0772724 0.0760367 0.0354442 0.0968589 0.091391
threshold=1.2728194392491419 0.50046684454145984 0.068497689240783338 1.8688348091416842 2.1383330595080281 2.602003343538398
decision_type=2 2 2 2 2 2
left_child=3 -2 -3 5 -5 -1
right_child=1 2 -4 4 -6 -7
leaf_value=0.00056418400159093877 -0.0089542815228924166 -0.0038833313588319072 0.00753369877114892 -0.0049044586683157834 0.00027692756155612072 0.0090786334872245793
leaf_weight=79 11.999999999999998 14.000000000000002 9.9999999999999982 40 368 14.999999999999998
leaf_count=79 12 14 10 40 368 15
internal_value=0 -0.00240225 0.000873765 0.000172273 -0.000231051 0.00192287
internal_weight=0 36 24 502 408 94
internal_count=538 36 24 502 408 94
is_linear=0
shrinkage=0.1


Tree=244
num_leaves=7
num_cat=0
split_feature=46 46 48 47 21 21
split_gain=0.0234799 0.128265 0.22225 0.0942749 0.0899759 0.177642
threshold=4.9199542854466296 4.5053345884235583 1.9356005054539456 3.7494348669884658 5.2670071855572038 6.3664173042972605
decision_type=2 2 2 2 2 2
left_child=1 3 -3 -1 -2 -6
right_child=4 2 -4 -5 5 -7
leaf_value=-0.0012362822886907321 -0.010975615773350001 0.020735640777274966 0.0022610103026298538 0.0080046021457140636 0.014478186257474591 -0.00060331101503115615
leaf_weight=138 7.9999999999999991 7.9999999999999991 35 11.999999999999998 7.9999999999999991 329
leaf_count=138 8 8 35 12 8 329
internal_value=0 0.000883258 0.00569815 -0.000497012 -0.000494112 -0.000245293
internal_weight=0 193 43 150 345 337
internal_count=538 193 43 150 345 337
is_linear=0
shrinkage=0.1


Tree=245
num_leaves=7
num_cat=0
split_feature=39 38 4 39 54 43
split_gain=0.0220039 0.146313 0.100835 0.0852934 0.129036 0.0911935
threshold=6.1505459369606674 6.8068195709628032 5.0688844241303981 5.9375327241700111 4.6346818562128229 6.0258543048053959
decision_type=2 2 2 2 2 2
left_child=3 -2 -3 5 -5 -1
right_child=1 2 -4 4 -6 -7
leaf_value=-0.00014684880599296387 0.014347965561319143 -0.0038250835509305555 0.003442536453006878 -0.012857030418056706 0.001523097794658194 0.010631049904623069
leaf_weight=420 7.9999999999999991 35 42 13.000000000000002 11.999999999999998 7.9999999999999991
leaf_count=420 8 35 42 13 12 8
internal_value=0 0.00147638 0.000139073 -0.000277025 -0.00595457 5.46072e-05
internal_weight=0 85 77 453 25 428
internal_count=538 85 77 453 25 428
is_linear=0
shrinkage=0.1


Tree=246
num_leaves=8
num_cat=0
split_feature=52 101 3 42 99 58 79
split_gain=0.0221295 0.140251 0.113843 0.132473 0.0942734 0.0759565 0.0720956
threshold=4.7999057951650004 5.0906732680195743 5.3229028885512628 5.3470621771866655 4.7790881836238563 4.4601277074540464 3.4006415172358104
decision_type=2 2 2 2 2 2 2
left_child=1 4 3 -2 -1 -4 -3
right_child=2 6 5 -5 -6 -7 -8
leaf_value=0.00051841569255464681 -0.0010679388913558796 0.0029150446440326053 -0.008340858849696816 -0.01532365627248179 -0.0059940805969138948 0.00064267151463354827 0.016340354876592755
leaf_weight=301 16.000000000000004 7.9999999999999991 9.9999999999999982 10.999999999999998 24 160 7.9999999999999991
leaf_count=301 16 8 10 11 24 160 8
internal_value=0 0.000487473 -0.000843799 -0.00687582 3.74929e-05 0.000114229 0.0096277
internal_weight=0 341 197 27 325 170 16
internal_count=538 341 197 27 325 170 16
is_linear=0
shrinkage=0.1


Tree=247
num_leaves=8
num_cat=0
split_feature=26 26 49 36 23 68 36
split_gain=0.0221223 0.188863 0.27205 0.139155 0.13656 0.0640872 0.0571493
threshold=5.272986409146923 5.0967709045664824 6.645022478729385 4.4425820475484112 4.2970771162761841 5.0838777533343498 4.8903208612686422
decision_type=2 2 2 2 2 2 2
left_child=1 3 -3 -1 5 -2 -6
right_child=4 2 -4 -5 6 -7 -8
leaf_value=-0.00032593281397166912 0.0066356357859654568 -0.02288638879027631 -0.00089446422023077815 0.012398154392010636 -0.0022757292050519027 -0.0030777847627177835 0.00076804862810321952
leaf_weight=191 45 9.0000000000000018 14.999999999999998 8.9999999999999982 100 7.9999999999999991 161
leaf_count=191 45 9 15 9 100 8 161
internal_value=0 -0.000759215 -0.00914144 0.000246651 0.000541606 0.00516946 -0.00039815
internal_weight=0 224 24 200 314 53 261
internal_count=538 224 24 200 314 53 261
is_linear=0
shrinkage=0.1


Tree=248
num_leaves=7
num_cat=0
split_feature=100 3 50 101 6 101
split_gain=0.0226336 0.0682183 0.062878 0.0556791 0.0540917 0.027413
threshold=5.7899180851264278 6.3261478730552536 6.7189868987074641 5.8605873218870501 7.9215345788822153 4.8597823571876004
decision_type=2 2 2 2 2 2
left_child=1 3 -2 -1 -4 -3
right_child=2 5 4 -5 -6 -7
leaf_value=0.00020814516649036221 -0.0039711918548813894 -0.0019600227475166316 0.0059937227532387742 -0.0082089410861954093 -0.001691196529337993 -0.0084541597403585914
leaf_weight=446 13.999999999999998 13.000000000000002 31 7.9999999999999991 12.999999999999998 12.999999999999998
leaf_count=446 14 13 31 8 13 13
internal_value=0 -0.000225465 0.00186592 5.98265e-05 0.00372318 -0.00520709
internal_weight=0 480 58 454 44 26
internal_count=538 480 58 454 44 26
is_linear=0
shrinkage=0.1


Tree=249
num_leaves=4
num_cat=0
split_feature=40 37 41
split_gain=0.0215661 0.0425349 0.0511005
threshold=6.987588712096712 10.349102818402008 10.085701847825877
decision_type=2 2 2
left_child=1 2 -1
right_child=-2 -3 -4
leaf_value=-9.8210977923706067e-05 0.0048540126997977497 -0.0062359555582092571 0.0067911233139139691
leaf_weight=507 8.9999999999999982 10.999999999999998 10.999999999999998
leaf_count=507 9 11 11
internal_value=0 -8.25825e-05 4.80876e-05
internal_weight=0 529 518
internal_count=538 529 518
is_linear=0
shrinkage=0.1


Tree=250
num_leaves=8
num_cat=0
split_feature=103 103 88 53 60 47 102
split_gain=0.0216754 0.148468 0.191327 0.121064 0.0854101 0.140756 0.0951531
threshold=5.1761337726651186 5.0434043048315838 0.14064083802960775 3.5330064870599274 3.7166115897424992 2.524928003624769 2.3502401828962087
decision_type=2 2 2 2 2 2 2
left_child=1 3 -3 -1 5 -2 -6
right_child=4 2 -4 -5 6 -7 -8
leaf_value=0.00074289611736421226 -0.00021094656549394133 -0.01703836902355154 -0.00033451610943302512 -0.0071539356189012845 -0.0072311600478475587 0.012603706161802015 0.00059563382300237017
leaf_weight=257 20 12.000000000000002 15.999999999999998 21 17 14.999999999999998 180
leaf_count=257 20 12 16 21 17 15 180
internal_value=0 -0.000552683 -0.00749331 0.000146373 0.00072897 0.00528105 -7.97748e-05
internal_weight=0 306 28 278 232 35 197
internal_count=538 306 28 278 232 35 197
is_linear=0
shrinkage=0.1


Tree=251
num_leaves=5
num_cat=0
split_feature=35 29 33 43
split_gain=0.0208876 0.0497926 0.0919641 0.0224711
threshold=7.0039737242496614 10.085701847825877 9.996971259901386 7.0039737242496614
decision_type=2 2 2 2
left_child=1 2 -1 -2
right_child=3 -3 -4 -5
leaf_value=-0.00014527757771102187 0.0068816150021221885 -0.0067755402489141983 0.010661870270268992 -5.9765111654996876e-06
leaf_weight=500 9.0000000000000018 10.999999999999998 7.9999999999999991 9.9999999999999982
leaf_count=500 9 11 8 10
internal_value=0 -0.000119219 2.49137e-05 0.00325657
internal_weight=0 519 508 19
internal_count=538 519 508 19
is_linear=0
shrinkage=0.1


Tree=252
num_leaves=8
num_cat=0
split_feature=46 46 48 30 65 26 26
split_gain=0.0204108 0.0969888 0.177725 0.0887075 0.0765525 0.198745 0.128641
threshold=4.9199542854466296 4.5053345884235583 1.9356005054539456 5.3229980813168991 2.5676032525325145 5.272986409146923 4.317399216745252
decision_type=2 2 2 2 2 2 2
left_child=1 3 -3 -1 5 -2 -6
right_child=4 2 -4 -5 6 -7 -8
leaf_value=-0.0013579167390437149 -0.0084292279028644179 0.018457528389990329 0.0019367974357945581 0.0056505218325626286 0.01068205891007727 0.0093099876772612337 -0.00033122818643868093
leaf_weight=129 30 7.9999999999999991 35 21 10.999999999999998 7.9999999999999991 296
leaf_count=129 30 8 35 21 11 8 296
internal_value=0 0.000823512 0.00501042 -0.000376735 -0.000460689 -0.00469466 6.33847e-05
internal_weight=0 193 43 150 345 38 307
internal_count=538 193 43 150 345 38 307
is_linear=0
shrinkage=0.1


Tree=253
num_leaves=8
num_cat=0
split_feature=78 73 6 80 86 15 74
split_gain=0.0192285 0.0906528 0.106576 0.0483331 0.0394211 0.11692 0.07396
threshold=2.6416672906104979 3.4652473829758139 5.5333191811709055 0.36916053129132897 0.59222352234340792 6.3385691053611444 1.2728194392491419
decision_type=2 2 2 2 2 2 2
left_child=4 3 -3 -2 6 -6 -1
right_child=1 2 -4 -5 5 -7 -8
leaf_value=-0.00042279370846716815 0.0096212297095917138 -0.0096889103932136858 0.0021228242702782153 0.00010153462644666434 0.003099044907685311 -0.0068069626128167988 -0.0087426000867377642
leaf_weight=373 16.000000000000004 10.999999999999998 25 7.9999999999999991 80 13.999999999999998 10.999999999999998
leaf_count=373 16 11 25 8 80 14 11
internal_value=0 0.00168741 -0.00148632 0.006448 -0.000211809 0.00162368 -0.000661121
internal_weight=0 60 36 24 478 94 384
internal_count=538 60 36 24 478 94 384
is_linear=0
shrinkage=0.1


Tree=254
num_leaves=8
num_cat=0
split_feature=53 42 49 6 2 10 12
split_gain=0.0189135 0.113598 0.105641 0.0900353 0.0743115 0.130816 0.107496
threshold=1.0098148431803853 4.0428973506407848 6.2633529090608215 5.2310943182715759 5.2310943182715759 5.5052984857290932 2.602003343538398
decision_type=2 2 2 2 2 2 2
left_child=1 2 -1 -3 5 -2 -6
right_child=4 3 -4 -5 6 -7 -8
leaf_value=0.013716394723289539 0.001397230967367981 -0.0043697829593470124 1.2129689033220832e-05 0.002049762033763522 -0.0084718812402570631 0.012875411727211692 -4.4304168685422545e-05
leaf_weight=9.0000000000000018 102 74 14.999999999999998 31 15.999999999999998 10.999999999999998 280
leaf_count=9 102 74 15 31 16 11 280
internal_value=0 -0.00105575 0.00515123 -0.00247449 0.000332987 0.00251458 -0.000499849
internal_weight=0 129 24 105 409 113 296
internal_count=538 129 24 105 409 113 296
is_linear=0
shrinkage=0.1


Tree=255
num_leaves=6
num_cat=0
split_feature=13 46 99 13 53
split_gain=0.0202797 0.10285 0.141293 0.0581934 0.0309256
threshold=6.232291670340838 6.0729489612470529 3.4334666422309414 6.3420656231066301 1.0098148431803853
decision_type=2 2 2 2 2
left_child=1 2 -1 -2 -5
right_child=3 -3 -4 4 -6
leaf_value=0.0029507891427467416 -0.0071096243492017198 0.012261676718480885 -0.0082255777344107644 -0.0017277370445074492 0.00034955989801307188
leaf_weight=46 11.999999999999998 7.9999999999999991 14.999999999999998 89 368
leaf_count=46 12 8 15 89 368
internal_value=0 0.00160067 0.000202502 -0.000235493 -5.49903e-05
internal_weight=0 69 61 469 457
internal_count=538 69 61 469 457
is_linear=0
shrinkage=0.1


Tree=256
num_leaves=6
num_cat=0
split_feature=18 26 68 14 10
split_gain=0.0201461 0.11083 0.122926 0.0738774 0.0556861
threshold=1.0397207708399181 3.3296469598418192 3.6608430424234286 1.0397207708399181 1.5890269151739729
decision_type=2 2 2 2 2
left_child=1 2 -1 -2 -5
right_child=3 -3 -4 4 -6
leaf_value=0.0047074424953240414 -0.0076447109906719289 0.010793274387039921 -0.0057482330117967322 0.0062094963421779024 -0.00019359951771208558
leaf_weight=23 12.999999999999998 10.999999999999998 22 13.999999999999998 455
leaf_count=23 13 11 22 14 455
internal_value=0 0.00179529 -0.000404221 -0.000208581 -2.46233e-06
internal_weight=0 56 45 482 469
internal_count=538 56 45 482 469
is_linear=0
shrinkage=0.1


Tree=257
num_leaves=7
num_cat=0
split_feature=100 77 3 22 101 98
split_gain=0.0181866 0.0552596 0.0548302 0.0529493 0.0488558 0.0231901
threshold=5.7899180851264278 4.2765696590948545 6.3261478730552536 7.2370217595840707 5.8605873218870501 6.2085880018747917
decision_type=2 2 2 2 2 2
left_child=2 -2 4 -3 -1 -4
right_child=1 3 5 -5 -6 -7
leaf_value=0.00019259744060175278 0.0088748212075895738 0.0027457113552372906 -0.0070292745018377886 -0.0041603253277785633 -0.0076918908394873146 -0.00089055640622973445
leaf_weight=446 8.9999999999999982 32 16.000000000000004 17 7.9999999999999991 9.9999999999999982
leaf_count=446 9 32 16 17 8 10
internal_value=0 0.0016726 -0.000202105 0.000349739 5.36637e-05 -0.00466823
internal_weight=0 58 480 49 454 26
internal_count=538 58 480 49 454 26
is_linear=0
shrinkage=0.1


Tree=258
num_leaves=8
num_cat=0
split_feature=47 38 96 4 50 50 50
split_gain=0.0178716 0.215303 0.194215 0.0939786 0.0496333 0.116776 0.115328
threshold=6.210592012573561 6.8926370030511679 4.983512786670059 5.0688844241303981 6.3491328785740828 5.6167644860526105 6.9107463148209112
decision_type=2 2 2 2 2 2 2
left_child=4 2 -2 -3 5 -1 -6
right_child=1 3 -4 -5 6 -7 -8
leaf_value=-0.0001234898369593901 0.0012817443038026486 -0.0046530444440173197 0.02269584487657994 0.0032368738651992039 0.0047929953648953852 -0.0054571062027077592 -0.00084311159350909301
leaf_weight=253 9.0000000000000018 36 7.9999999999999991 26 57 49 100
leaf_count=253 9 36 8 26 57 49 100
internal_value=0 0.00138926 0.011359 -0.00134437 -0.00023911 -0.000988878 0.00120312
internal_weight=0 79 17 62 459 302 157
internal_count=538 79 17 62 459 302 157
is_linear=0
shrinkage=0.1


Tree=259
num_leaves=7
num_cat=0
split_feature=33 29 25 53 96 100
split_gain=0.0189467 0.153464 0.0808971 0.0701575 0.0437585 0.0336394
threshold=5.5872416446462791 6.102556092217525 6.1548017441785339 2.9266115240341928 4.9521436163533474 2.524928003624769
decision_type=2 2 2 2 2 2
left_child=3 -2 -3 4 -1 -5
right_child=1 2 -4 5 -6 -7
leaf_value=-0.00063517392651798836 -0.011872996542264116 0.0078543839223969448 -0.00014457429972180032 -0.0082175234943861111 0.0067606409545987846 0.00069462456223037513
leaf_weight=11.999999999999998 10.999999999999998 12.999999999999998 461 8.0000000000000018 24 8.9999999999999982
leaf_count=12 11 13 461 8 24 9
internal_value=0 -0.000196175 7.48064e-05 0.00179518 0.00429537 -0.00349933
internal_weight=0 485 474 53 36 17
internal_count=538 485 474 53 36 17
is_linear=0
shrinkage=0.1


Tree=260
num_leaves=6
num_cat=0
split_feature=37 65 33 47 103
split_gain=0.0173819 0.135796 0.0643561 0.0486619 0.043414
threshold=9.5836261811997527 4.5137584403572761 9.6138678460593976 6.210592012573561 4.912546742554059
decision_type=2 2 2 2 2
left_child=2 -2 3 -1 -3
right_child=1 4 -4 -5 -6
leaf_value=-0.00028197937763713447 0.01372955427505076 -0.0033424098226241769 -0.0081591087114065899 0.0045388389082456175 0.0019958844014371815
leaf_weight=434 7.9999999999999991 25 9.9999999999999982 22 39
leaf_count=434 8 25 10 22 39
internal_value=0 0.00144605 -0.000223424 -4.9396e-05 -8.93868e-05
internal_weight=0 72 466 456 64
internal_count=538 72 466 456 64
is_linear=0
shrinkage=0.1


Tree=261
num_leaves=7
num_cat=0
split_feature=91 65 96 10 53 47
split_gain=0.0180964 0.0853451 0.0593715 0.140675 0.0989496 0.0414003
threshold=1.0000000180025095e-35 3.6581888284186945 5.8021138116885078 6.2460391568005056 2.4497148029771396 1.0397207708399181
decision_type=2 2 2 2 2 2
left_child=2 -2 3 -1 -4 -3
right_child=1 5 4 -5 -6 -7
leaf_value=3.1782391524184352e-05 0.0094417133961211559 -0.0067057637730613354 0.0029272859082407048 0.011111841548699887 -0.0035025651613250375 0.0007298796924237066
leaf_weight=254 10.999999999999998 7.9999999999999991 31 11.999999999999998 105 117
leaf_count=254 11 8 31 12 105 117
internal_value=0 0.000997123 -0.000337335 0.000531635 -0.00203694 0.000253999
internal_weight=0 136 402 266 136 125
internal_count=538 136 402 266 136 125
is_linear=0
shrinkage=0.1


Tree=262
num_leaves=5
num_cat=0
split_feature=53 102 96 103
split_gain=0.017003 0.030745 0.0514476 0.034598
threshold=5.3966023612551366 4.8441560854355483 7.4454066385983806 6.5624281337850094
decision_type=2 2 2 2
left_child=1 3 -3 -1
right_child=-2 2 -4 -5
leaf_value=-0.00010117453818204525 0.0037219758261926475 -0.0090500678727403246 -0.00026534044067375365 0.0035176236053562856
leaf_weight=468 11.999999999999998 10.000000000000002 20 28
leaf_count=468 12 10 20 28
internal_value=0 -8.4912e-05 -0.00319358 0.000103112
internal_weight=0 526 30 496
internal_count=538 526 30 496
is_linear=0
shrinkage=0.1


Tree=263
num_leaves=7
num_cat=0
split_feature=33 29 25 53 60 100
split_gain=0.0167886 0.123514 0.0664458 0.053844 0.0376148 0.0271083
threshold=5.5872416446462791 6.102556092217525 6.1548017441785339 2.9266115240341928 3.0853281054465049 2.524928003624769
decision_type=2 2 2 2 2 2
left_child=3 -2 -3 4 -1 -5
right_child=1 2 -4 5 -6 -7
leaf_value=0.0066120505244249396 -0.010660299650308762 0.0071089971237457729 -0.00014038155684261504 -0.0071839167270809391 5.5501187841097517e-05 0.00081644298301802745
leaf_weight=21 10.999999999999998 12.999999999999998 461 8.0000000000000018 14.999999999999998 8.9999999999999982
leaf_count=21 11 13 461 8 15 9
internal_value=0 -0.000184664 5.84411e-05 0.00168985 0.00388015 -0.00294843
internal_weight=0 485 474 53 36 17
internal_count=538 485 474 53 36 17
is_linear=0
shrinkage=0.1


Tree=264
num_leaves=4
num_cat=0
split_feature=40 32 27
split_gain=0.0167285 0.0382674 0.0354828
threshold=6.987588712096712 6.6457289203085956 6.5785562848655745
decision_type=2 2 2
left_child=1 2 -1
right_child=-2 -3 -4
leaf_value=-0.00013526254929106305 0.0042750747253497449 -0.0052312680852732493 0.0034655059511163114
leaf_weight=486 8.9999999999999982 13.999999999999998 29
leaf_count=486 9 14 29
internal_value=0 -7.27329e-05 6.74992e-05
internal_weight=0 529 515
internal_count=538 529 515
is_linear=0
shrinkage=0.1


Tree=265
num_leaves=5
num_cat=0
split_feature=89 89 0 13
split_gain=0.0157023 0.0408148 0.0502057 0.0364452
threshold=0.68898286849858714 0.68312215049854697 3.6632328069201612 6.232291670340838
decision_type=2 2 2 2
left_child=1 3 -3 -1
right_child=-2 2 -4 -5
leaf_value=0.0021598831833216539 -0.0031900351370374364 -0.00085298963822424381 0.010034678379694621 -0.00039337144868829756
leaf_weight=64 14.999999999999998 8.0000000000000018 8.9999999999999982 442
leaf_count=64 15 8 9 442
internal_value=0 9.14924e-05 0.00491107 -7.04302e-05
internal_weight=0 523 17 506
internal_count=538 523 17 506
is_linear=0
shrinkage=0.1


Tree=266
num_leaves=8
num_cat=0
split_feature=53 42 49 53 10 27 2
split_gain=0.0158591 0.084307 0.0917644 0.0775256 0.0586687 0.174743 0.0709831
threshold=1.0098148431803853 4.0428973506407848 7.2491844952071967 0.88137358701944535 1.5890269151739729 3.0433873634561537 3.2180751841847144
decision_type=2 2 2 2 2 2 2
left_child=1 2 -1 -3 5 -2 -6
right_child=4 3 -4 -5 6 -7 -8
leaf_value=0.010068398513472994 -0.0014088742501501524 -0.00074988874399512103 -0.0023416876200247896 -0.0073196010230395072 -0.0069712106071944755 0.017118023009970784 0.00028173748860085742
leaf_weight=13.000000000000002 14.000000000000002 82 10.999999999999998 23 13.999999999999998 7.9999999999999991 373
leaf_count=13 14 82 11 23 14 8 373
internal_value=0 -0.000966753 0.00438044 -0.00218897 0.000304917 0.00532818 1.93569e-05
internal_weight=0 129 24 105 409 22 387
internal_count=538 129 24 105 409 22 387
is_linear=0
shrinkage=0.1


Tree=267
num_leaves=7
num_cat=0
split_feature=42 38 30 33 30 11
split_gain=0.0173866 0.0661831 0.0618391 0.0451157 0.0936679 0.0352494
threshold=1.0397207708399181 1.0397207708399181 1.0397207708399181 5.5872416446462791 4.4066448812345191 4.4601277074540464
decision_type=2 2 2 2 2 2
left_child=3 -2 -3 5 -5 -1
right_child=1 2 -4 4 -6 -7
leaf_value=0.0032336268097754913 0.0072421901859343052 -0.0070773998197789 0.00019609776457555868 -0.011750021864744747 0.00023726583167444916 -0.0033342745907318132
leaf_weight=22 12.999999999999998 11.999999999999998 451 11.000000000000002 15.999999999999998 12.999999999999998
leaf_count=22 13 12 451 11 16 13
internal_value=0 0.000205168 7.58379e-06 -0.00157516 -0.00464644 0.000794121
internal_weight=0 476 463 62 27 35
internal_count=538 476 463 62 27 35
is_linear=0
shrinkage=0.1


Tree=268
num_leaves=4
num_cat=0
split_feature=42 42 42
split_gain=0.0150346 0.0531693 0.0325191
threshold=8.1140056879395495 7.8058753204502649 7.2370217595840707
decision_type=2 2 2
left_child=1 2 -1
right_child=-2 -3 -4
leaf_value=0.00014613199487740157 -0.0040528562618419531 0.0063851523141448324 -0.0027570913049636322
leaf_weight=474 8.9999999999999982 12.999999999999998 42
leaf_count=474 9 13 42
internal_value=0 6.89522e-05 -9.01769e-05
internal_weight=0 529 516
internal_count=538 529 516
is_linear=0
shrinkage=0.1


Tree=269
num_leaves=7
num_cat=0
split_feature=37 65 23 14 29 20
split_gain=0.0158384 0.105646 0.0518341 0.143187 0.0866865 0.0381883
threshold=9.5836261811997527 4.5137584403572761 5.4293071540977413 6.447294560452713 8.4654531157571746 6.1882451489106529
decision_type=2 2 2 2 2 2
left_child=2 -2 4 -4 -1 -3
right_child=1 5 3 -5 -6 -7
leaf_value=-0.00025903438881234549 0.012214744515949861 -0.0018035053372065107 -0.008277635286296053 -4.4300651643425228e-05 0.0041993619331989586 0.0032874481674061034
leaf_weight=301 7.9999999999999991 41 28 86 51 23
leaf_count=301 8 41 28 86 51 23
internal_value=0 0.00138035 -0.000213274 -0.00206652 0.000386926 2.60561e-05
internal_weight=0 72 466 114 352 64
internal_count=538 72 466 114 352 64
is_linear=0
shrinkage=0.1


Tree=270
num_leaves=6
num_cat=0
split_feature=11 7 15 102 68
split_gain=0.0159964 0.114767 0.0835345 0.0726059 0.0474785
threshold=3.5408542930527882 3.0433873634561537 4.007167868649713 2.5619819897016298 4.2796926728752291
decision_type=2 2 2 2 2
left_child=2 -2 3 -1 -3
right_child=1 4 -4 -5 -6
leaf_value=0.00064595297334396097 0.012274321843869986 0.0031133153313851877 -0.0095914117200300106 -0.0042447948727656051 -0.00036418513001121734
leaf_weight=169 7.9999999999999991 46 9.9999999999999982 37 268
leaf_count=169 8 46 10 37 268
internal_value=0 0.000446601 -0.000665766 -0.000232482 0.000145258
internal_weight=0 322 216 206 314
internal_count=538 322 216 206 314
is_linear=0
shrinkage=0.1


Tree=271
num_leaves=8
num_cat=0
split_feature=4 4 56 61 28 18 84
split_gain=0.016238 0.100166 0.0982631 0.111331 0.0983513 0.0765965 0.0710698
threshold=3.0433873634561537 2.7058230259275202 3.5002811642841722 2.5394428210525501 3.9701138825728512 4.6346818562128229 0.31806036295040369
decision_type=2 2 2 2 2 2 2
left_child=1 6 4 -4 -2 -3 -1
right_child=2 5 3 -5 -6 -7 -8
leaf_value=0.00056159635529159609 0.0021291924054148022 -0.013059329741041764 -0.010560103822499514 0.00015795926423854592 0.013738571084104478 -0.00019936337630497292 -0.0085891550406813622
leaf_weight=149 27 11.000000000000002 9.9999999999999982 314 9.9999999999999982 7.9999999999999991 8.9999999999999982
leaf_count=149 27 11 10 314 10 8 9
internal_value=0 -0.000784588 0.000384687 -0.000172845 0.00526686 -0.00764461 4.0351e-05
internal_weight=0 177 361 324 37 19 158
internal_count=538 177 361 324 37 19 158
is_linear=0
shrinkage=0.1


Tree=272
num_leaves=8
num_cat=0
split_feature=103 103 88 53 4 69 95
split_gain=0.0153655 0.103355 0.140619 0.084267 0.0608851 0.121926 0.0691269
threshold=5.1761337726651186 5.0434043048315838 0.14064083802960775 3.5330064870599274 4.8903208612686422 5.0532927315707212 8.6235285545285887
decision_type=2 2 2 2 2 2 2
left_child=1 3 -3 -1 6 -6 -2
right_child=4 2 -4 -5 5 -7 -8
leaf_value=0.00061560441891151828 0.00085820371634326886 -0.014439280812318123 -0.00011902964906767011 -0.0059727186204067305 -0.01128673010505736 0.00015405240042395344 0.0070314054198276537
leaf_weight=257 60 12.000000000000002 15.999999999999998 21 9.9999999999999982 136 26
leaf_count=257 60 12 16 21 10 136 26
internal_value=0 -0.000465335 -0.00625628 0.000117925 0.000613761 -0.000629563 0.00272452
internal_weight=0 306 28 278 232 146 86
internal_count=538 306 28 278 232 146 86
is_linear=0
shrinkage=0.1


Tree=273
num_leaves=7
num_cat=0
split_feature=74 72 86 74 92 22
split_gain=0.0164963 0.057777 0.0411467 0.0281167 0.0256104 0.0235472
threshold=1.104392699868648 0.50046684454145984 0.068497689240783338 0.87542004146716568 4.795527401690272 4.0428973506407848
decision_type=2 2 2 2 2 2
left_child=3 -2 -3 4 -1 -5
right_child=1 2 -4 5 -6 -7
leaf_value=0.0020289178180973979 -0.007423978929336255 -0.0026657518527160081 0.0053864014419642368 0.00044278489658609036 -0.00024551943200838044 0.008115338068455458
leaf_weight=56 12.999999999999998 15.000000000000002 10.999999999999998 7.9999999999999991 427 7.9999999999999991
leaf_count=56 13 15 11 8 427 8
internal_value=0 -0.00198071 0.000740928 0.000154805 1.81834e-05 0.00427906
internal_weight=0 39 26 499 483 16
internal_count=538 39 26 499 483 16
is_linear=0
shrinkage=0.1


Tree=274
num_leaves=7
num_cat=0
split_feature=39 38 39 39 39 79
split_gain=0.0165109 0.0899956 0.0617779 0.05395 0.116392 0.0909683
threshold=6.1964420537984912 6.8068195709628032 6.2557039891096373 5.8347936374918037 5.7461980868588691 4.2483931908192885
decision_type=2 2 2 2 2 2
left_child=3 -2 -3 4 -1 -5
right_child=1 2 -4 5 -6 -7
leaf_value=-0.00019384233843093037 0.011382062919437885 0.0085161565104499466 -0.00078882737381553113 -0.0065681285353313239 0.0097991449137528747 0.0049403128938542472
leaf_weight=406 7.9999999999999991 7.9999999999999991 66 29 11.999999999999998 8.9999999999999982
leaf_count=406 8 8 66 29 12 9
internal_value=0 0.00130638 0.000217117 -0.000234919 9.30377e-05 -0.00384245
internal_weight=0 82 74 456 418 38
internal_count=538 82 74 456 418 38
is_linear=0
shrinkage=0.1


Tree=275
num_leaves=7
num_cat=0
split_feature=35 32 68 35 83 15
split_gain=0.01655 0.0952162 0.0918265 0.0420923 0.0475513 0.0262696
threshold=6.3385691053611444 5.476454798506734 5.4241199208432471 6.2245564686794177 1.0000000180025095e-35 6.2324460866484275
decision_type=2 2 2 2 2 2
left_child=3 -2 -3 5 -5 -1
right_child=1 2 -4 4 -6 -7
leaf_value=0.00021969416945395314 0.011721794842742383 -0.0081099681344560595 0.0021796040998618457 -0.010690593824256212 0.00021253577724564821 -0.0023757177080179371
leaf_weight=419 7.9999999999999991 10.999999999999998 41 7.9999999999999991 7.9999999999999991 43
leaf_count=419 8 11 41 8 8 43
internal_value=0 0.00156547 2.96382e-06 -0.000196503 -0.00523903 -2.18701e-05
internal_weight=0 60 52 478 16 462
internal_count=538 60 52 478 16 462
is_linear=0
shrinkage=0.1


Tree=276
num_leaves=7
num_cat=0
split_feature=42 38 30 10 96 78
split_gain=0.0162462 0.0508431 0.0515002 0.0391719 0.0680549 0.0496323
threshold=1.0397207708399181 1.0397207708399181 1.0397207708399181 5.4847194494823395 4.7790881836238563 0.86073483707492482
decision_type=2 2 2 2 2 2
left_child=3 -2 -3 4 -1 -5
right_child=1 2 -4 5 -6 -7
leaf_value=-0.0058583068933027484 0.0063661408897202751 -0.0064404938990871123 0.00019718119767635179 0.00050078386440873131 0.0031925478915649434 -0.00886996641325263
leaf_weight=11.999999999999998 12.999999999999998 11.999999999999998 451 10.000000000000002 27 12.999999999999998
leaf_count=12 13 12 451 10 27 13
internal_value=0 0.000198325 2.51464e-05 -0.00152262 0.000407669 -0.00479573
internal_weight=0 476 463 62 39 23
internal_count=538 476 463 62 39 23
is_linear=0
shrinkage=0.1


Tree=277
num_leaves=7
num_cat=0
split_feature=37 40 49 46 43 14
split_gain=0.0141982 0.0753788 0.0455834 0.0404971 0.106193 0.0819061
threshold=9.6292383447521708 5.6454406545496605 8.5963542550312599 6.680847594457533 5.7683014641622936 6.3189535043292038
decision_type=2 2 2 2 2 2
left_child=3 -2 -3 4 -1 -5
right_child=1 2 -4 5 -6 -7
leaf_value=-4.6090002601092228e-05 0.009371160287410021 0.0025078158010728661 -0.0032313175536692143 -0.0056158717059971476 0.0099212961779399367 0.00068933195331030424
leaf_weight=378 9.9999999999999982 31 25 38 10.999999999999998 45
leaf_count=378 10 31 25 38 11 45
internal_value=0 0.0013738 -5.42973e-05 -0.000192099 0.000235764 -0.00219739
internal_weight=0 66 56 472 389 83
internal_count=538 66 56 472 389 83
is_linear=0
shrinkage=0.1


Tree=278
num_leaves=5
num_cat=0
split_feature=103 102 104 96
split_gain=0.0140779 0.0387023 0.0294179 0.024038
threshold=7.6437201332228932 4.8441560854355483 2.8029010331479989 7.0975457719581962
decision_type=2 2 2 2
left_child=1 2 -1 -3
right_child=-2 3 -4 -5
leaf_value=-4.6512179619066729e-05 0.0033867249808584654 -0.0083631845540367029 0.0036152373705788153 -0.0018287305799803062
leaf_weight=476 11.999999999999998 8.0000000000000018 23 19
leaf_count=476 12 8 23 19
internal_value=0 -7.72637e-05 0.000122266 -0.00376487
internal_weight=0 526 499 27
internal_count=538 526 499 27
is_linear=0
shrinkage=0.1


Tree=279
num_leaves=7
num_cat=0
split_feature=3 96 101 6 51 68
split_gain=0.0145952 0.042146 0.0393073 0.0378554 0.0447969 0.0364741
threshold=6.2934175704989839 7.4935366936579451 5.8200785277231128 7.6273006666104983 6.5395483652441291 5.1486295562173821
decision_type=2 2 2 2 2 2
left_child=1 2 -1 5 -5 -2
right_child=3 -3 -4 4 -6 -7
leaf_value=0.00017960814131409312 0.00080874298940985818 0.0063196266048841862 -0.0068922701175324619 0.0033982406156913693 -0.0048745865519675942 -0.0057216937942430384
leaf_weight=448 12.999999999999998 10.999999999999998 7.9999999999999991 24 8.9999999999999982 25
leaf_count=448 13 11 8 24 9 25
internal_value=0 0.000203088 5.55401e-05 -0.00133581 0.00114202 -0.0034876
internal_weight=0 467 456 71 33 38
internal_count=538 467 456 71 33 38
is_linear=0
shrinkage=0.1


Tree=280
num_leaves=8
num_cat=0
split_feature=42 42 103 21 100 89 55
split_gain=0.0137117 0.0799911 0.100246 0.0803189 0.0352634 0.0530823 0.0398328
threshold=1.9356005054539456 4.0428973506407848 4.7621374077860157 5.0684095151189146 2.740319461670996 0.46592681981166778 4.4942230200312032
decision_type=2 2 2 2 2 2 2
left_child=4 2 -2 -3 5 -1 -6
right_child=1 3 -4 -5 6 -7 -8
leaf_value=-0.0055865872988541581 0.012796385311098259 -0.0082077330909669406 0.00080078568701681349 8.9816114503911393e-05 0.0050416826891402401 0.0017409266500423353 -0.0019357460602704023
leaf_weight=29 11.000000000000002 11.999999999999998 19 419 14.999999999999998 14.999999999999998 18
leaf_count=29 11 12 19 419 15 15 18
internal_value=0 0.000206324 0.00519917 -0.000141206 -0.00123526 -0.00308857 0.00123581
internal_weight=0 461 30 431 77 44 33
internal_count=538 461 30 431 77 44 33
is_linear=0
shrinkage=0.1


Tree=281
num_leaves=5
num_cat=0
split_feature=70 70 35 10
split_gain=0.0147398 0.0330018 0.0893747 0.0535558
threshold=0.69406187107593553 0.7294240021307844 3.6242520361853052 1.0397207708399181
decision_type=2 2 2 2
left_child=-1 2 -2 -3
right_child=1 3 -4 -5
leaf_value=0.0038033941364847127 -0.010176787102086976 0.0043398344922544697 0.0028855417715385558 -0.00015962434472821923
leaf_weight=9.9999999999999982 11.000000000000002 28 9.9999999999999982 479
leaf_count=10 11 28 10 479
internal_value=0 -7.2034e-05 -0.00395663 8.88665e-05
internal_weight=0 528 21 507
internal_count=538 528 21 507
is_linear=0
shrinkage=0.1


Tree=282
num_leaves=7
num_cat=0
split_feature=96 95 102 102 104 65
split_gain=0.0140676 0.094147 0.0629051 0.0610273 0.0583332 0.022538
threshold=4.6681339642869872 6.8946079313622795 2.5619819897016298 2.0126758453675748 1.0000000180025095e-35 2.5851335818431393
decision_type=2 2 2 2 2 2
left_child=2 5 3 -1 -3 -2
right_child=1 4 -4 -5 -6 -7
leaf_value=-0.00097729714647963812 0.011461020144633944 -0.0030484606420267718 -0.0069598629077275605 0.0051223106817097257 0.00051048799661204246 0.0041661849866310753
leaf_weight=120 8.0000000000000018 54 14.999999999999998 19 313 8.9999999999999982
leaf_count=120 8 54 15 19 313 9
internal_value=0 0.000323827 -0.000807466 -0.000143538 -1.3172e-05 0.00759905
internal_weight=0 384 154 139 367 17
internal_count=538 384 154 139 367 17
is_linear=0
shrinkage=0.1


Tree=283
num_leaves=8
num_cat=0
split_feature=99 8 59 97 99 8 87
split_gain=0.0146912 0.0927324 0.114401 0.102407 0.0405176 0.099481 0.0317306
threshold=1.7005986908310777 3.0433873634561537 3.2384861814448418 2.9430520157250784 3.4960482137079443 4.8903208612686422 1.0000000180025095e-35
decision_type=2 2 2 2 2 2 2
left_child=1 2 -1 -3 5 -2 -6
right_child=4 3 -4 -5 6 -7 -8
leaf_value=-0.00072946236080800495 0.0011354442383162678 -0.00066404856380916416 0.0084699130507514767 -0.0098421785235404975 -0.001248802100007813 0.012831015646224842 0.00075568788338641307
leaf_weight=66 80 31 17 20 155 7.9999999999999991 161
leaf_count=66 80 31 17 20 155 8 161
internal_value=0 -0.000907351 0.00115475 -0.00426332 0.000300953 0.00219868 -0.000227527
internal_weight=0 134 83 51 404 88 316
internal_count=538 134 83 51 404 88 316
is_linear=0
shrinkage=0.1


Tree=284
num_leaves=8
num_cat=0
split_feature=87 9 34 97 87 53 103
split_gain=0.0174847 0.0556117 0.1439 0.112128 0.0450034 0.101564 0.0569111
threshold=0.22311168043172666 7.1196304013462752 5.272986409146923 3.1345481418531311 1.0000000180025095e-35 1.584384063019558 4.007167868649713
decision_type=2 2 2 2 2 2 2
left_child=4 2 -2 -3 6 -6 -1
right_child=1 3 -4 -5 5 -7 -8
leaf_value=-0.0023442913005725899 -0.00023161981807788836 0.0067598138237372042 -0.011064495981725701 -0.00077413880014708938 0.010119938903177778 0.00024160808157723619 0.00089599890684367563
leaf_weight=76 44 23 17 140 14.999999999999998 34 189
leaf_count=76 44 23 17 140 15 34 189
internal_value=0 -0.000674962 -0.00325062 0.000288934 0.000481501 0.00326559 -3.32919e-05
internal_weight=0 224 61 163 314 49 265
internal_count=538 224 61 163 314 49 265
is_linear=0
shrinkage=0.1


Tree=285
num_leaves=8
num_cat=0
split_feature=74 40 72 83 71 89 44
split_gain=0.0155835 0.0535116 0.0555056 0.0412375 0.0407482 0.0454319 0.0427738
threshold=0.1636983673691729 4.8441560854355483 0.12800463629255696 4.0430512611678848 2.9944807084449319 0.37211895442936754 4.3943729409690677
decision_type=2 2 2 2 2 2 2
left_child=4 3 -3 -2 5 -1 -6
right_child=1 2 -4 -5 6 -7 -8
leaf_value=0.00092056884845663131 0.00068859880699470414 -0.010375173995271323 -0.00072342847975400781 -0.003367301123028982 0.00053307731286622573 -0.0015922453888156014 0.0093885049410164373
leaf_weight=224 131 11.000000000000002 12.999999999999998 31 12.000000000000002 106 9.9999999999999982
leaf_count=224 131 11 13 31 12 106 10
internal_value=0 -0.000740384 -0.00514715 -8.75302e-05 0.000391226 0.000113422 0.00455827
internal_weight=0 186 24 162 352 330 22
internal_count=538 186 24 162 352 330 22
is_linear=0
shrinkage=0.1


Tree=286
num_leaves=6
num_cat=0
split_feature=11 7 15 28 8
split_gain=0.0141484 0.0818566 0.0623744 0.065153 0.0358155
threshold=3.5408542930527882 3.0433873634561537 4.007167868649713 3.9316333620047872 4.1107394736335969
decision_type=2 2 2 2 2
left_child=2 -2 3 -1 -3
right_child=1 4 -4 -5 -6
leaf_value=-0.001083853842748106 0.010408939851913601 0.002409279602780489 -0.0083388893317896864 0.003549086757482508 -0.00034283496349871715
leaf_weight=169 7.9999999999999991 58 9.9999999999999982 37 256
leaf_count=169 8 58 10 37 256
internal_value=0 0.000420012 -0.00062613 -0.000251724 0.000165517
internal_weight=0 322 216 206 314
internal_count=538 322 216 206 314
is_linear=0
shrinkage=0.1


Tree=287
num_leaves=8
num_cat=0
split_feature=87 34 17 34 42 103 42
split_gain=0.0146342 0.0512183 0.18554 0.0787504 0.0417849 0.0626278 0.0503841
threshold=0.22311168043172666 5.272986409146923 8.0003458967024184 5.1647696471263407 1.9356005054539456 4.2625806805327082 4.0428973506407848
decision_type=2 2 2 2 2 2 2
left_child=4 3 -3 -2 5 -1 -6
right_child=1 2 -4 -5 6 -7 -8
leaf_value=-0.0089516654737632397 0.00026499513723220761 -0.010284125762568279 -0.00019254855177901195 0.010627758968621493 0.0061760693514610046 -0.00023889122389708506 0.00055208624576530408
leaf_weight=10.999999999999998 88 22 106 7.9999999999999991 17 33 253
leaf_count=11 88 22 106 8 17 33 253
internal_value=0 -0.000617497 -0.00192704 0.00112856 0.000440507 -0.00241708 0.000906189
internal_weight=0 224 128 96 314 44 270
internal_count=538 224 128 96 314 44 270
is_linear=0
shrinkage=0.1


Tree=288
num_leaves=6
num_cat=0
split_feature=4 13 22 53 16
split_gain=0.013522 0.0470375 0.0271658 0.0176044 0.00979439
threshold=6.4800257426481824 10.151271422546131 7.5682890805829928 4.0890920313967509 6.7129377454940036
decision_type=2 2 2 2 2
left_child=1 2 -1 -2 -5
right_child=3 -3 -4 4 -6
leaf_value=0.00013939893179516124 -0.0060801433166488977 0.0072868785251759827 -0.0037159567061615622 0.00099276134611240435 -0.0033934656850760805
leaf_weight=480 8.0000000000000018 8.9999999999999982 19 14.000000000000002 7.9999999999999991
leaf_count=480 8 9 19 14 8
internal_value=0 0.000121831 -7.39818e-06 -0.00206301 -0.00060223
internal_weight=0 508 499 30 22
internal_count=538 508 499 30 22
is_linear=0
shrinkage=0.1


Tree=289
num_leaves=8
num_cat=0
split_feature=74 39 38 71 71 48 30
split_gain=0.0139812 0.04344 0.0383834 0.0322348 0.0422664 0.0398423 0.0257125
threshold=0.1636983673691729 5.3935862223306854 6.286907558903339 2.9944807084449319 1.2424533248940004 4.8441560854355483 6.8254547311310878
decision_type=2 2 2 2 2 2 2
left_child=3 2 -2 4 -1 -5 -3
right_child=1 6 -4 5 -6 -7 -8
leaf_value=0.00054975017603320819 -0.00063880230022233826 -0.0087506038881838295 0.0050182328237077366 0.0083324374482882275 -0.0028811947770541672 -0.00017876585003581238 -0.0011444801173638552
leaf_weight=289 155 10.000000000000002 12.999999999999998 11.000000000000002 41 10.999999999999998 7.9999999999999991
leaf_count=289 155 10 13 11 41 11 8
internal_value=0 -0.000701286 -0.000201056 0.000370566 0.000123481 0.00407684 -0.0053701
internal_weight=0 186 168 352 330 22 18
internal_count=538 186 168 352 330 22 18
is_linear=0
shrinkage=0.1


Tree=290
num_leaves=8
num_cat=0
split_feature=95 88 98 6 1 85 95
split_gain=0.0127941 0.0880964 0.130407 0.0584915 0.0493316 0.0850324 0.0486174
threshold=6.1548017441785339 0.30484392240904995 1.4978661367769956 3.3296469598418192 6.4295893882764688 0.028591544580251347 6.5792357796731817
decision_type=2 2 2 2 2 2 2
left_child=1 2 -1 -3 5 -2 -6
right_child=4 3 -4 -5 6 -7 -8
leaf_value=-0.00010288880227810958 -0.0071676870458759374 0.00021390201382018856 0.012529943303581184 -0.010258516017347575 0.0052085539791733027 0.0031420405085858271 -9.7444656491194005e-05
leaf_weight=22 24 16.000000000000004 12.999999999999998 7.9999999999999991 18 11.999999999999998 425
leaf_count=22 24 16 13 8 18 12 425
internal_value=0 0.00138949 0.00458931 -0.0032769 -0.000171148 -0.00373111 0.000118149
internal_weight=0 59 35 24 479 36 443
internal_count=538 59 35 24 479 36 443
is_linear=0
shrinkage=0.1


Tree=291
num_leaves=4
num_cat=0
split_feature=70 64 10
split_gain=0.0119057 0.0252159 0.0205019
threshold=0.69406187107593553 0.7331685343967137 1.5890269151739729
decision_type=2 2 2
left_child=-1 -2 -3
right_child=1 2 -4
leaf_value=0.0034182477602735166 -0.005312602015005218 0.0020180146526941594 -0.0001720672966382304
leaf_weight=9.9999999999999982 8.9999999999999982 47 472
leaf_count=10 9 47 472
internal_value=0 -6.47396e-05 2.62638e-05
internal_weight=0 528 519
internal_count=538 528 519
is_linear=0
shrinkage=0.1


Tree=292
num_leaves=7
num_cat=0
split_feature=11 13 102 53 61 1
split_gain=0.0127401 0.065608 0.0550779 0.0836946 0.0571996 0.0360143
threshold=3.5408542930527882 7.0518552481501855 2.5619819897016298 1.7200870478363277 2.8062875637918467 7.7693228296140928
decision_type=2 2 2 2 2 2
left_child=2 -2 4 -4 -1 -3
right_child=1 5 3 -5 -6 -7
leaf_value=0.0010169463914988027 0.0093412937727407556 0.003593484851132546 -0.010930975852534176 -0.00094917222148589134 -0.0036571381315297913 -0.00016437502023503446
leaf_weight=144 7.9999999999999991 28 11.999999999999998 28 32 286
leaf_count=144 8 28 12 28 32 286
internal_value=0 0.000398561 -0.000594151 -0.00394371 0.000167113 0.000170721
internal_weight=0 322 216 40 176 314
internal_count=538 322 216 40 176 314
is_linear=0
shrinkage=0.1


Tree=293
num_leaves=4
num_cat=0
split_feature=40 32 57
split_gain=0.0130637 0.0287988 0.0238632
threshold=6.987588712096712 6.6457289203085956 3.6029947536919571
decision_type=2 2 2
left_child=1 2 -1
right_child=-2 -3 -4
leaf_value=-0.00040168431704261441 0.0037778778292704377 -0.0045393345366132312 0.0010667455240470209
leaf_weight=354 8.9999999999999982 13.999999999999998 161
leaf_count=354 9 14 161
internal_value=0 -6.42739e-05 5.73782e-05
internal_weight=0 529 515
internal_count=538 529 515
is_linear=0
shrinkage=0.1


Tree=294
num_leaves=8
num_cat=0
split_feature=36 38 33 68 10 68 102
split_gain=0.0123446 0.0738568 0.11189 0.0730353 0.104702 0.0476263 0.0334735
threshold=4.8903208612686422 6.4536237588886749 8.8249622393607172 5.063859304732623 6.2460391568005056 5.3383159723706504 0.8958797346140277
decision_type=2 2 2 2 2 2 2
left_child=1 6 -3 4 -2 -5 -1
right_child=3 2 -4 5 -6 -7 -8
leaf_value=-0.0013480197933850675 0.00062841172446496789 -0.012066910938861275 0.0004231107370287646 -0.0040170332067646086 0.010645359009504319 0.00051559032781013083 0.0007917879289724059
leaf_weight=109 30 13.000000000000002 15.999999999999998 30 15.999999999999998 102 222
leaf_count=109 30 13 16 30 16 102 222
internal_value=0 -0.000336826 -0.00517586 0.000681221 0.00411257 -0.000514551 8.71383e-05
internal_weight=0 360 29 178 46 132 331
internal_count=538 360 29 178 46 132 331
is_linear=0
shrinkage=0.1


Tree=295
num_leaves=6
num_cat=0
split_feature=4 13 22 53 16
split_gain=0.0128937 0.0365625 0.0235157 0.0137991 0.00732851
threshold=6.4800257426481824 10.151271422546131 7.5682890805829928 4.0890920313967509 6.7129377454940036
decision_type=2 2 2 2 2
left_child=1 2 -1 -2 -5
right_child=3 -3 -4 4 -6
leaf_value=0.00014161133203742794 -0.0055710726068355122 0.0064360261687801948 -0.0034453899317764139 0.00065846409582133794 -0.003135648573515937
leaf_weight=480 8.0000000000000018 8.9999999999999982 19 14.000000000000002 7.9999999999999991
leaf_count=480 8 9 19 14 8
internal_value=0 0.000118967 5.03213e-06 -0.00201451 -0.000721213
internal_weight=0 508 499 30 22
internal_count=538 508 499 30 22
is_linear=0
shrinkage=0.1


Tree=296
num_leaves=7
num_cat=0
split_feature=39 38 39 43 44 45
split_gain=0.0128179 0.0728641 0.0466583 0.0360982 0.0309135 0.0291626
threshold=6.1964420537984912 6.8068195709628032 6.2557039891096373 6.0958144170488824 5.8664640443659364 9.1514147604856415
decision_type=2 2 2 2 2 2
left_child=3 -2 -3 5 -5 -1
right_child=1 2 -4 4 -6 -7
leaf_value=-0.00031886039595272213 0.010217149276286364 0.0073832553694956008 -0.00070329368304969245 -0.0092683523631421853 -0.00047723515308462083 0.0023168291648889474
leaf_weight=393 7.9999999999999991 7.9999999999999991 66 7.9999999999999991 7.9999999999999991 47
leaf_count=393 8 8 66 8 8 47
internal_value=0 0.00115105 0.000170928 -0.000206987 -0.00487279 -3.73208e-05
internal_weight=0 82 74 456 16 440
internal_count=538 82 74 456 16 440
is_linear=0
shrinkage=0.1


Tree=297
num_leaves=6
num_cat=0
split_feature=37 65 42 47 32
split_gain=0.012468 0.0758883 0.0430018 0.0379352 0.0291156
threshold=9.5836261811997527 4.5137584403572761 7.1428245890491651 6.210592012573561 5.9661335897068684
decision_type=2 2 2 2 2
left_child=2 -2 3 -1 -3
right_child=1 4 -4 -5 -6
leaf_value=-0.00021160079852596583 0.01040731780230999 -0.0030867377016693355 -0.0054565850221357931 0.0042434806935489179 0.0015148935286561028
leaf_weight=431 7.9999999999999991 20 14.999999999999998 20 44
leaf_count=431 8 20 15 20 44
internal_value=0 0.00122471 -0.000189226 -1.40362e-05 7.68838e-05
internal_weight=0 72 466 451 64
internal_count=538 72 466 451 64
is_linear=0
shrinkage=0.1


Tree=298
num_leaves=7
num_cat=0
split_feature=92 34 38 21 30 99
split_gain=0.0119869 0.107465 0.114206 0.0646428 0.067318 0.0382956
threshold=4.795527401690272 5.1532748880139918 5.5333191811709055 2.4563274428680266 1.0397207708399181 2.0126758453675753
decision_type=2 2 2 2 2 2
left_child=1 5 -3 -2 -5 -1
right_child=3 2 -4 4 -6 -7
leaf_value=0.0048470307322632938 0.0065101439050132678 0.015845516303347209 -8.5277327646811812e-05 -0.0063819389376375407 -0.00014151793651379178 -0.002326295782032228
leaf_weight=8.9999999999999982 13.999999999999998 9.0000000000000018 8.9999999999999982 18 436 43
leaf_count=9 14 9 9 18 436 43
internal_value=0 0.0012205 0.00788012 -0.000182553 -0.000388936 -0.00108476
internal_weight=0 70 18 468 454 52
internal_count=538 70 18 468 454 52
is_linear=0
shrinkage=0.1


Tree=299
num_leaves=6
num_cat=0
split_feature=95 98 1 57 88
split_gain=0.0121701 0.0860776 0.0657609 0.0452421 0.0282812
threshold=6.4052270920020655 3.4334666422309414 6.4052270920020655 1.0698198067283418 0.41040294975001845
decision_type=2 2 2 2 2
left_child=1 3 -2 -1 -4
right_child=2 -3 4 -5 -6
leaf_value=-0.0036470948834903538 -0.0069541025507662974 0.010969034291338177 -0.00056000858502843647 0.0016346002768047832 0.0011445741624848866
leaf_weight=23 13.999999999999998 7.9999999999999991 292 55 146
leaf_count=23 14 8 292 55 146
internal_value=0 0.00109037 -0.00020746 7.71773e-05 8.18566e-06
internal_weight=0 86 452 78 438
internal_count=538 86 452 78 438
is_linear=0
shrinkage=0.1


Tree=300
num_leaves=4
num_cat=0
split_feature=42 42 86
split_gain=0.0117552 0.037114 0.0259751
threshold=8.1140056879395495 7.8058753204502649 0.69099487511415081
decision_type=2 2 2
left_child=1 2 -1
right_child=-2 -3 -4
leaf_value=3.7498925078017199e-05 -0.003583687023880581 0.0053380540178085759 -0.0046700811411331724
leaf_weight=504 8.9999999999999982 12.999999999999998 11.999999999999998
leaf_count=504 9 13 12
internal_value=0 6.09701e-05 -7.19797e-05
internal_weight=0 529 516
internal_count=538 529 516
is_linear=0
shrinkage=0.1


Tree=301
num_leaves=8
num_cat=0
split_feature=24 16 92 26 88 42 83
split_gain=0.0117039 0.079001 0.0725956 0.0525094 0.0432226 0.0575289 0.0519854
threshold=1.5890269151739729 2.1383330595080281 4.906301756821029 3.2180751841847144 0.43200791280506023 1.9356005054539456 2.387396194235627
decision_type=2 2 2 2 2 2 2
left_child=4 2 -2 -3 5 -1 -6
right_child=1 3 -4 -5 6 -7 -8
leaf_value=-0.00050174491213900705 -0.0091611083907385659 0.0067212208717440563 -0.00068206110736355194 3.1556053536929464e-06 -0.0044555224487946056 0.0052318114416474212 0.0044563855458464889
leaf_weight=35 18 11.999999999999998 23 382 24 35 8.9999999999999982
leaf_count=35 18 12 23 382 24 35 9
internal_value=0 -0.000226959 -0.00440457 0.000207767 0.000958517 0.00236503 -0.002025
internal_weight=0 435 41 394 103 70 33
internal_count=538 435 41 394 103 70 33
is_linear=0
shrinkage=0.1


Tree=302
num_leaves=7
num_cat=0
split_feature=74 74 83 74 88 88
split_gain=0.0120378 0.0490134 0.034152 0.0316568 0.0297266 0.0180887
threshold=0.1690524220442495 0.22844584778998073 4.0430512611678848 0.12919426677093029 0.63716189321469496 0.20457674531703426
decision_type=2 2 2 2 2 2
left_child=3 5 -3 4 -1 -2
right_child=1 2 -4 -5 -6 -7
leaf_value=-0.00021999460040864635 -0.0093084299238398675 0.00051692793781811335 -0.0032082365162204953 0.0061947467426458997 0.0022966236837549201 -0.0025837260764092207
leaf_weight=290 7.9999999999999991 137 30 8.9999999999999982 56 7.9999999999999991
leaf_count=290 8 137 30 9 56 8
internal_value=0 -0.000658826 -0.000152263 0.00033962 0.000187319 -0.00594608
internal_weight=0 183 167 355 346 16
internal_count=538 183 167 355 346 16
is_linear=0
shrinkage=0.1


Tree=303
num_leaves=4
num_cat=0
split_feature=88 70 51
split_gain=0.0123988 0.0272109 0.0203232
threshold=0.69138585858319512 0.69406187107593553 4.1107394736335969
decision_type=2 2 2
left_child=1 -1 -3
right_child=-2 2 -4
leaf_value=0.0055207750811758971 -0.0033228220471011646 -0.00065902757920639494 0.00059379819402460528
leaf_weight=8.9999999999999982 10.999999999999998 256 262
leaf_count=9 11 256 262
internal_value=0 6.93568e-05 -2.53589e-05
internal_weight=0 527 518
internal_count=538 527 518
is_linear=0
shrinkage=0.1


Tree=304
num_leaves=4
num_cat=0
split_feature=101 97 3
split_gain=0.011724 0.0145026 0.0266274
threshold=6.2538214150710614 7.0929063147019322 6.2934175704989839
decision_type=2 2 2
left_child=1 2 -1
right_child=-2 -3 -4
leaf_value=0.00023916731973195997 -0.0037996133323758841 0.0040373537353136472 -0.0020511036516134545
leaf_weight=464 7.9999999999999991 8.9999999999999982 57
leaf_count=464 8 9 57
internal_value=0 5.73527e-05 -1.13998e-05
internal_weight=0 530 521
internal_count=538 530 521
is_linear=0
shrinkage=0.1


Tree=305
num_leaves=8
num_cat=0
split_feature=99 12 79 79 99 20 99
split_gain=0.0108464 0.0696316 0.0818536 0.075844 0.0258048 0.0653925 0.0443535
threshold=1.7005986908310777 2.9174053685313028 2.3502401828962087 1.7005986908310777 3.9316333620047872 5.0434043048315838 4.3437210834879627
decision_type=2 2 2 2 2 2 2
left_child=1 3 -3 -1 5 -2 -6
right_child=4 2 -4 -5 6 -7 -8
leaf_value=-0.00080259841857436448 0.00060633197273039872 -0.0013678100816959646 -0.010423196379381877 0.0061269111994823279 -0.0029997719050271019 0.0076607013742129018 0.0003088801910332852
leaf_weight=56 106 43 12.999999999999998 22 49 14.999999999999998 234
leaf_count=56 106 43 13 22 49 15 234
internal_value=0 -0.000779633 -0.00346995 0.00115188 0.000258591 0.00148084 -0.000263996
internal_weight=0 134 56 78 404 121 283
internal_count=538 134 56 78 404 121 283
is_linear=0
shrinkage=0.1


Tree=306
num_leaves=6
num_cat=0
split_feature=50 16 6 2 11
split_gain=0.0113007 0.0349901 0.0185968 0.0947556 0.0680714
threshold=7.6273006666104983 4.976709960642169 5.3844529770182641 5.4116061905722832 2.3937458713910238
decision_type=2 2 2 2 2
left_child=2 -2 3 -1 -4
right_child=1 -3 4 -5 -6
leaf_value=5.5397319374606017e-05 -0.0053011290294428656 0.0015292017029908797 0.0077251364362802208 -0.0073191213691116948 0.00031421806578370358
leaf_weight=210 15.000000000000002 14.999999999999998 12.999999999999998 19 266
leaf_count=210 15 15 13 19 266
internal_value=0 -0.00188596 0.000111376 -0.000556462 0.00065953
internal_weight=0 30 508 229 279
internal_count=538 30 508 229 279
is_linear=0
shrinkage=0.1


Tree=307
num_leaves=4
num_cat=0
split_feature=42 42 42
split_gain=0.0114741 0.0291273 0.0230032
threshold=8.1140056879395495 7.8058753204502649 7.2370217595840707
decision_type=2 2 2
left_child=1 2 -1
right_child=-2 -3 -4
leaf_value=0.00014120609545441667 -0.0035405771528732861 0.0047351679500514787 -0.0023005637911150448
leaf_weight=474 8.9999999999999982 12.999999999999998 42
leaf_count=474 9 13 42
internal_value=0 6.02367e-05 -5.75426e-05
internal_weight=0 529 516
internal_count=538 529 516
is_linear=0
shrinkage=0.1


Tree=308
num_leaves=5
num_cat=0
split_feature=36 35 35 35
split_gain=0.0112655 0.0183535 0.0722459 0.0293697
threshold=6.987588712096712 6.3385691053611444 6.459903229849254 6.2245564686794177
decision_type=2 2 2 2
left_child=1 3 -3 -1
right_child=-2 2 -4 -5
leaf_value=9.6365000860279678e-06 -0.0035082467572970528 0.0086493826626489571 -0.00017251276088844439 -0.004348633356858045
leaf_weight=460 8.9999999999999982 11.999999999999998 41 15.999999999999998
leaf_count=460 9 12 41 16
internal_value=0 5.96866e-05 0.0018249 -0.00013686
internal_weight=0 529 53 476
internal_count=538 529 53 476
is_linear=0
shrinkage=0.1


Tree=309
num_leaves=7
num_cat=0
split_feature=92 34 38 21 30 53
split_gain=0.0106532 0.0827393 0.0874203 0.0457983 0.0554296 0.0303545
threshold=4.795527401690272 5.1532748880139918 5.5333191811709055 2.4563274428680266 1.0397207708399181 2.8477523405893534
decision_type=2 2 2 2 2 2
left_child=1 5 -3 -2 -5 -1
right_child=3 2 -4 4 -6 -7
leaf_value=0.0013646995748526284 0.0054612362956894299 0.013963082225786311 2.509775157603953e-05 -0.0057839487446472056 -0.00012130300858706331 -0.0034818052673169101
leaf_weight=28 13.999999999999998 9.0000000000000018 8.9999999999999982 18 436 24
leaf_count=28 14 9 9 18 436 24
internal_value=0 0.0011506 0.00699409 -0.000172098 -0.000345813 -0.000872149
internal_weight=0 70 18 468 454 52
internal_count=538 70 18 468 454 52
is_linear=0
shrinkage=0.1


Tree=310
num_leaves=6
num_cat=0
split_feature=95 98 1 70 68
split_gain=0.0108691 0.0679566 0.0538849 0.0387344 0.0212754
threshold=6.4052270920020655 3.4334666422309414 6.4052270920020655 0.7294240021307844 3.2157690392046292
decision_type=2 2 2 2 2
left_child=1 3 -2 -1 -4
right_child=2 -3 4 -5 -6
leaf_value=-0.0044367514116068684 -0.0063031941386205818 0.0098079103510826833 0.0048109617019589579 0.0012175645561896206 -0.00010180072656763167
leaf_weight=14.999999999999998 13.999999999999998 7.9999999999999991 8.9999999999999982 63 429
leaf_count=15 14 8 9 63 429
internal_value=0 0.00103045 -0.000196059 0.000130196 -8.53553e-07
internal_weight=0 86 452 78 438
internal_count=538 86 452 78 438
is_linear=0
shrinkage=0.1


Tree=311
num_leaves=6
num_cat=0
split_feature=72 70 100 57 99
split_gain=0.0105309 0.0372146 0.0151826 0.0869352 0.0394819
threshold=1.1906141101565797 2.8510329187487167 1.8688348091416844 3.6029947536919571 1.7917594692280554
decision_type=2 2 2 2 2
left_child=2 -2 3 -1 -4
right_child=1 -3 4 -5 -6
leaf_value=0.00020629881135490096 0.0011071135075046464 -0.0075614987581502646 -0.0025247089212825815 0.0087354993805862403 0.00021776427610136238
leaf_weight=148 13.000000000000002 7.9999999999999991 64 12.999999999999998 292
leaf_count=148 13 8 64 13 292
internal_value=0 -0.00219521 8.91673e-05 0.000894992 -0.000275265
internal_weight=0 21 517 161 356
internal_count=538 21 517 161 356
is_linear=0
shrinkage=0.1


Tree=312
num_leaves=8
num_cat=0
split_feature=66 16 65 25 4 56 31
split_gain=0.0107568 0.0518718 0.10221 0.0763572 0.0455846 0.0832231 0.0694601
threshold=3.9316333620047872 4.7749040587885982 4.4601781289520979 8.7443149354568295 5.0688844241303981 5.1718541459672842 6.5395483652441291
decision_type=2 2 2 2 2 2 2
left_child=1 3 -3 -1 6 -6 -2
right_child=4 2 -4 -5 5 -7 -8
leaf_value=0.00029120574747231961 -0.0014522489935519514 0.0093244109082863576 -9.4933772197691729e-05 -0.0053618050610216772 0.008337371699356784 -0.00046669970892538665 -0.011094045970175001
leaf_weight=295 44 18 32 26 11.999999999999998 102 8.9999999999999982
leaf_count=295 44 18 32 26 12 102 9
internal_value=0 0.000300001 0.00329603 -0.000166671 -0.000666469 0.000460045 -0.00308954
internal_weight=0 371 50 321 167 114 53
internal_count=538 371 50 321 167 114 53
is_linear=0
shrinkage=0.1


Tree=313
num_leaves=7
num_cat=0
split_feature=37 65 37 47 57 103
split_gain=0.00991053 0.0542874 0.0494402 0.0453366 0.0366243 0.0220427
threshold=9.5416264170123846 4.3866500911692556 9.4451719076074081 6.210592012573561 3.835583121554754 4.912546742554059
decision_type=2 2 2 2 2 2
left_child=2 -2 3 -1 -4 -3
right_child=1 5 4 -5 -6 -7
leaf_value=-0.00015769109679206501 0.0088439918879885237 -0.0020946921625485024 -0.010393139626830812 0.0056252638609813792 -0.0010939996870648529 0.0015348625386567701
leaf_weight=428 7.9999999999999991 27 8.0000000000000018 13.999999999999998 8.9999999999999982 44
leaf_count=428 8 27 8 14 9 44
internal_value=0 0.00103455 -0.000178059 2.54794e-05 -0.00547007 0.000154609
internal_weight=0 79 459 442 17 71
internal_count=538 79 459 442 17 71
is_linear=0
shrinkage=0.1


Tree=314
num_leaves=8
num_cat=0
split_feature=52 101 3 3 96 46 79
split_gain=0.0101957 0.0705338 0.0587944 0.0669018 0.0436221 0.0277468 0.0265978
threshold=4.7999057951650004 5.0906732680195743 5.3229028885512628 5.003923783930186 6.0718113043284854 1.0397207708399181 3.4006415172358104
decision_type=2 2 2 2 2 2 2
left_child=1 4 3 -2 -1 -4 -3
right_child=2 6 5 -5 -6 -7 -8
leaf_value=0.00046417167263213053 -0.0010898344937766734 0.0027355851023457946 -0.0052877449947926732 -0.011397878495045007 -0.0029551187974162577 0.00041779303170888109 0.010890003433451057
leaf_weight=282 17.000000000000004 7.9999999999999991 8.9999999999999982 9.9999999999999982 43 161 7.9999999999999991
leaf_count=282 17 8 9 10 43 161 8
internal_value=0 0.000330883 -0.000572746 -0.00490763 1.17732e-05 0.000115735 0.00681279
internal_weight=0 341 197 27 325 170 16
internal_count=538 341 197 27 325 170 16
is_linear=0
shrinkage=0.1


Tree=315
num_leaves=6
num_cat=0
split_feature=80 97 92 44 92
split_gain=0.0109599 0.0463961 0.013617 0.0913171 0.0304159
threshold=2.8479871461041948 4.0689902272260703 4.8770554845322565 5.272986409146923 4.8860521023027834
decision_type=2 2 2 2 2
left_child=2 -2 3 -1 -4
right_child=1 -3 4 -5 -6
leaf_value=0.00021162523258251849 -0.0075678165174192825 0.0023290192079730332 -0.0027311274496076461 0.0096290254055268389 8.2504377556694278e-05
leaf_weight=161 9.0000000000000018 9.9999999999999982 44 10.999999999999998 303
leaf_count=161 9 10 44 11 303
internal_value=0 -0.00235896 8.63587e-05 0.000813901 -0.000274267
internal_weight=0 19 519 172 347
internal_count=538 19 519 172 347
is_linear=0
shrinkage=0.1


Tree=316
num_leaves=6
num_cat=0
split_feature=4 69 8 53 16
split_gain=0.0104674 0.031803 0.0157177 0.0123859 0.0061365
threshold=6.4800257426481824 6.2604622710342781 5.9988595898443 4.0890920313967509 6.7129377454940036
decision_type=2 2 2 2 2
left_child=1 2 -1 -2 -5
right_child=3 -3 -4 4 -6
leaf_value=9.647025737565634e-05 -0.0051846317248418908 0.0051940846334521977 -0.0028364435181413828 0.00067268437705934035 -0.0027991788781946527
leaf_weight=477 8.0000000000000018 11.999999999999998 19 14.000000000000002 7.9999999999999991
leaf_count=477 8 12 19 14 8
internal_value=0 0.000107191 -1.58793e-05 -0.0018151 -0.000589811
internal_weight=0 508 496 30 22
internal_count=538 508 496 30 22
is_linear=0
shrinkage=0.1


Tree=317
num_leaves=7
num_cat=0
split_feature=15 6 7 13 53 10
split_gain=0.0103374 0.0485737 0.0940927 0.0452398 0.0410195 0.0305217
threshold=2.3937458713910238 5.4445775410940529 3.1984648276080736 6.3420656231066301 3.1163551439773625 1.0397207708399181
decision_type=2 2 2 2 2 2
left_child=1 2 -1 -2 -3 -5
right_child=3 4 -4 5 -6 -7
leaf_value=-0.00071303299953322024 0.0076997166033834219 0.0094566016457974869 -0.011942136124707759 0.0055578847462311384 -0.00038472364087485607 -3.8237319085965285e-05
leaf_weight=111 7.9999999999999991 8.0000000000000018 7.9999999999999991 9.9999999999999982 8.9999999999999982 384
leaf_count=111 8 8 8 10 9 384
internal_value=0 -0.000753628 -0.00146793 0.000254959 0.00424649 0.000103796
internal_weight=0 136 119 402 17 394
internal_count=538 136 119 402 17 394
is_linear=0
shrinkage=0.1


Tree=318
num_leaves=8
num_cat=0
split_feature=104 102 86 102 14 95 99
split_gain=0.0102332 0.0635756 0.112536 0.0552245 0.10925 0.0930304 0.0468444
threshold=1.0000000180025095e-35 2.1383330595080281 0.18819425919838886 0.8958797346140277 1.5890269151739729 7.0518552481501855 3.891612008168019
decision_type=2 2 2 2 2 2 2
left_child=1 6 -3 4 -2 -5 -1
right_child=3 2 -4 5 -6 -7 -8
leaf_value=-0.00036348463632681098 -0.012816304929502724 -0.0075822256993229413 0.0028647903061937543 0.0084593848666797075 -0.00053154062794370436 0.00039087994863205535 0.0046991577731784091
leaf_weight=108 8.9999999999999982 29 15.999999999999998 14.999999999999998 37 302 22
leaf_count=108 9 29 16 15 37 302 22
internal_value=0 -0.00062813 -0.00386773 0.000302818 -0.00293508 0.00077267 0.00049327
internal_weight=0 175 45 363 46 317 130
internal_count=538 175 45 363 46 317 130
is_linear=0
shrinkage=0.1


Tree=319
num_leaves=7
num_cat=0
split_feature=92 34 38 21 64 99
split_gain=0.0108599 0.0629447 0.0712455 0.0370184 0.0434301 0.0272244
threshold=4.795527401690272 5.1532748880139918 5.5333191811709055 2.4563274428680266 1.7042887444798891 2.0126758453675753
decision_type=2 2 2 2 2 2
left_child=1 5 -3 -2 -5 -1
right_child=3 2 -4 4 -6 -7
leaf_value=0.0043988233723212039 0.004890894876526935 0.012549811601638788 -3.2849775420294865e-05 -0.0065368159420110972 -0.00017581643239998639 -0.0016493704894200226
leaf_weight=8.9999999999999982 13.999999999999998 9.0000000000000018 8.9999999999999982 10.999999999999998 443 43
leaf_count=9 14 9 9 11 443 43
internal_value=0 0.0011617 0.00625848 -0.000173759 -0.000329938 -0.000602568
internal_weight=0 70 18 468 454 52
internal_count=538 70 18 468 454 52
is_linear=0
shrinkage=0.1


Tree=320
num_leaves=8
num_cat=0
split_feature=34 34 73 17 16 26 28
split_gain=0.0100592 0.083345 0.103843 0.0652322 0.0916858 0.0738608 0.052191
threshold=5.272986409146923 4.983512786670059 2.0715673631957667 7.7248849275925284 3.2384861814448418 5.4445775410940529 3.9316333620047872
decision_type=2 2 2 2 2 2 2
left_child=1 6 -3 4 -2 -5 -1
right_child=3 2 -4 5 -6 -7 -8
leaf_value=-0.00080852429360675168 -0.00032176241631908664 0.010561475543962681 -0.0013113008131488014 0.0075913593244667232 -0.0094075969601463954 -0.00013825890617674363 0.0044673811573634993
leaf_weight=175 29 17.000000000000004 12.999999999999998 12.999999999999998 18 252 21
leaf_count=175 29 17 13 13 18 252 21
internal_value=0 0.000508059 0.00541661 -0.000368017 -0.00380144 0.00024093 -0.000243249
internal_weight=0 226 30 312 47 265 196
internal_count=538 226 30 312 47 265 196
is_linear=0
shrinkage=0.1


Tree=321
num_leaves=4
num_cat=0
split_feature=40 33 31
split_gain=0.0118535 0.022754 0.0229718
threshold=6.987588712096712 10.368791706761892 6.8001675881496215
decision_type=2 2 2
left_child=1 2 -1
right_child=-2 -3 -4
leaf_value=-8.8843652393222686e-05 0.0035986408798231021 -0.0047860358748584991 0.003760058830084745
leaf_weight=503 8.9999999999999982 9.9999999999999982 15.999999999999998
leaf_count=503 9 10 16
internal_value=0 -6.12245e-05 2.98123e-05
internal_weight=0 529 519
internal_count=538 529 519
is_linear=0
shrinkage=0.1


Tree=322
num_leaves=8
num_cat=0
split_feature=28 28 100 1 41 37 45
split_gain=0.0109104 0.168364 0.0660127 0.0622853 0.0428678 0.111323 0.0749885
threshold=3.6105525490912482 3.891612008168019 3.6632328069201612 8.099243918009531 7.6710865996692421 7.7074021963887569 7.6902834072304618
decision_type=2 2 2 2 2 2 2
left_child=4 2 -2 -3 6 -6 -1
right_child=1 3 -4 -5 5 -7 -8
leaf_value=0.00025556899926430934 -0.011722522426177473 0.0027620916918536967 -0.0014832001831382514 -0.00056494307625870577 0.013151213909602827 0.00094494852449067629 -0.0091210532933473591
leaf_weight=163 17.000000000000004 77 9.9999999999999982 209 8.9999999999999982 44 8.9999999999999982
leaf_count=163 17 77 10 209 9 44 9
internal_value=0 -0.000381811 -0.00793018 0.000330797 0.000531142 0.00301771 -0.000235068
internal_weight=0 313 27 286 225 53 172
internal_count=538 313 27 286 225 53 172
is_linear=0
shrinkage=0.1


Tree=323
num_leaves=7
num_cat=0
split_feature=96 2 99 98 96 38
split_gain=0.0103834 0.0597699 0.0426779 0.0360692 0.0391621 0.0298809
threshold=4.6681339642869872 4.9199542854466296 1.2424533248940004 4.2045812236012674 3.9505035259962109 4.4770784832918871
decision_type=2 2 2 2 2 2
left_child=3 5 -3 4 -1 -2
right_child=1 2 -4 -5 -6 -7
leaf_value=0.0010683102461660062 0.0018005954916588962 -0.0048818134676872037 0.00011969156865356632 -0.006836578187843164 -0.0022685030387947338 0.0074901486568463354
leaf_weight=85 24 18 327 8.9999999999999982 60 14.999999999999998
leaf_count=85 24 18 327 9 60 15
internal_value=0 0.000278211 -0.000141257 -0.000693721 -0.00031244 0.00398889
internal_weight=0 384 345 154 145 39
internal_count=538 384 345 154 145 39
is_linear=0
shrinkage=0.1


Tree=324
num_leaves=7
num_cat=0
split_feature=37 29 53 86 25 46
split_gain=0.0100021 0.069099 0.0439509 0.039886 0.0391626 0.0221939
threshold=6.1548017441785339 6.102556092217525 2.8477523405893534 0.62377974257719337 6.1548017441785339 4.0428973506407848
decision_type=2 2 2 2 2 2
left_child=2 -2 5 -4 -3 -1
right_child=1 4 3 -5 -6 -7
leaf_value=0.0020038969995033358 -0.0073542465527470296 0.00567664534528376 0.00044905057374784339 -0.0078485853169695478 -0.00011279172522971021 0.0076447553104824484
leaf_weight=31 12.999999999999998 11.999999999999998 21.000000000000004 7.9999999999999991 444 8.9999999999999982
leaf_count=31 13 12 21 8 444 9
internal_value=0 -0.000165384 0.00112413 -0.00183995 3.95619e-05 0.00327309
internal_weight=0 469 69 29 456 40
internal_count=538 469 69 29 456 40
is_linear=0
shrinkage=0.1


Tree=325
num_leaves=5
num_cat=0
split_feature=53 102 96 103
split_gain=0.00954586 0.0157644 0.0236006 0.0146263
threshold=5.3966023612551366 4.8441560854355483 7.4454066385983806 6.577860390529163
decision_type=2 2 2 2
left_child=1 3 -3 -1
right_child=-2 2 -4 -5
leaf_value=-5.6707381612641068e-05 0.0027888077155997356 -0.0062562055699527247 -0.00030633643131295686 0.0023798291374427772
leaf_weight=470 11.999999999999998 10.000000000000002 20 26
leaf_count=470 12 10 20 26
internal_value=0 -6.3623e-05 -0.00228963 7.10143e-05
internal_weight=0 526 30 496
internal_count=538 526 30 496
is_linear=0
shrinkage=0.1


Tree=326
num_leaves=8
num_cat=0
split_feature=96 95 100 42 88 80 71
split_gain=0.00923758 0.0514893 0.0321468 0.0416998 0.0380621 0.0272037 0.0117743
threshold=4.6681339642869872 6.8946079313622795 2.6735537653587347 1.0397207708399181 0.48501836593641318 1.3967886598798527 1.0000000180025095e-35
decision_type=2 2 2 2 2 2 2
left_child=2 6 3 -1 -4 -3 -2
right_child=1 5 4 -5 -6 -7 -8
leaf_value=-0.0082826575075159777 0.0031614209835727999 0.00038236999795997456 -4.9045130350243514e-05 -0.00082806344759796767 0.0083155880347476341 -0.0019946274940194969 0.0084340360228452489
leaf_weight=7.9999999999999991 9.0000000000000018 310 17.000000000000004 121 7.9999999999999991 57 7.9999999999999991
leaf_count=8 9 310 17 121 8 57 8
internal_value=0 0.000262411 -0.000654325 -0.00129036 0.00262764 1.31906e-05 0.00564265
internal_weight=0 384 154 129 25 367 17
internal_count=538 384 154 129 25 367 17
is_linear=0
shrinkage=0.1


Tree=327
num_leaves=8
num_cat=0
split_feature=28 28 92 26 26 25 67
split_gain=0.00966035 0.132724 0.0620213 0.0493746 0.0350349 0.0539263 0.0247266
threshold=3.6105525490912482 3.891612008168019 4.8707679842726028 4.7957563937576522 5.2310943182715759 7.6902834072304618 3.9316333620047872
decision_type=2 2 2 2 2 2 2
left_child=4 2 -2 -3 5 -1 -6
right_child=1 3 -4 -5 6 -7 -8
leaf_value=0.00031340933121512386 -0.014447446912527079 0.0055000448503586298 -0.0039512887695118005 -5.6874000614069299e-05 0.0072267099795863031 -0.0063853466453460545 0.0017061097384971934
leaf_weight=159 8.0000000000000018 17 19 269 9.9999999999999982 12.999999999999998 43
leaf_count=159 8 17 19 269 10 13 43
internal_value=0 -0.000359273 -0.00706126 0.000273432 0.000499788 -0.000192892 0.00274773
internal_weight=0 313 27 286 225 172 53
internal_count=538 313 27 286 225 172 53
is_linear=0
shrinkage=0.1


Tree=328
num_leaves=6
num_cat=0
split_feature=33 37 37 104 99
split_gain=0.00914965 0.0358671 0.0296369 0.016898 0.0197683
threshold=4.9542375470235838 5.2670071855572038 6.1548017441785339 1.2424533248940004 2.3937458713910238
decision_type=2 2 2 2 2
left_child=3 -2 -3 4 -1
right_child=1 2 -4 -5 -6
leaf_value=0.0039906977824020117 -0.0055233706254512079 0.0041124194483820571 -0.00013855980241656184 0.0055389714194461707 -0.001096392996609211
leaf_weight=10.999999999999998 11.999999999999998 17 465 7.9999999999999991 25
leaf_count=11 12 17 465 8 25
internal_value=0 -0.000123076 1.1371e-05 0.00138181 0.000457996
internal_weight=0 494 482 44 36
internal_count=538 494 482 44 36
is_linear=0
shrinkage=0.1


Tree=329
num_leaves=8
num_cat=0
split_feature=53 26 18 26 70 69 70
split_gain=0.00879733 0.0515977 0.0659366 0.0570062 0.0227468 0.098613 0.0806836
threshold=1.0098148431803853 3.8703322009586212 4.2903656061101136 1.9356005054539456 3.624134182011169 3.0797776686008462 3.7923583495408546
decision_type=2 2 2 2 2 2 2
left_child=1 3 -3 -1 5 -2 -6
right_child=4 2 -4 -5 6 -7 -8
leaf_value=-0.000188633110695358 -0.00065354309946587176 -0.0073015365467749942 -0.00064875554530442682 0.0080066415849917878 -0.0071251730201765898 0.0058321552188135692 0.00017129926520841073
leaf_weight=29 71 19 69 11.999999999999998 15.999999999999998 35 287
leaf_count=29 71 19 69 12 16 35 287
internal_value=0 -0.000720031 -0.00208515 0.00220998 0.0002271 0.00148796 -0.000213993
internal_weight=0 129 88 41 409 106 303
internal_count=538 129 88 41 409 106 303
is_linear=0
shrinkage=0.1


Tree=330
num_leaves=8
num_cat=0
split_feature=50 50 53 44 35 38 53
split_gain=0.00885528 0.0527316 0.111515 0.0375577 0.0978353 0.0764699 0.0247909
threshold=4.1107394736335969 4.5107991236896536 1.7200870478363277 5.2417330174952186 5.7203064016793022 6.4536237588886749 0.53479999673873024
decision_type=2 2 2 2 2 2 2
left_child=3 2 -2 5 -5 -1 -3
right_child=1 6 -4 4 -6 -7 -8
leaf_value=0.00077422059935662287 -0.011287587315130694 0.0030747545349116153 0.00060937737813219432 0.0089391514843822836 -0.0017893310061053319 -0.0068680442660115672 -0.00013352763720336642
leaf_weight=103 12.999999999999998 26 20 17 17 14.999999999999998 327
leaf_count=103 13 26 20 17 17 15 327
internal_value=0 -0.000254588 -0.00407731 0.00064652 0.00357491 -0.000197254 0.000102776
internal_weight=0 386 33 152 34 118 353
internal_count=538 386 33 152 34 118 353
is_linear=0
shrinkage=0.1


Tree=331
num_leaves=4
num_cat=0
split_feature=40 32 20
split_gain=0.00863836 0.0213053 0.0154465
threshold=6.987588712096712 6.6457289203085956 6.1070204075896761
decision_type=2 2 2
left_child=1 2 -1
right_child=-2 -3 -4
leaf_value=-9.7770509815586253e-05 0.0030720704338616798 -0.0039013324105846032 0.0020500581148856631
leaf_weight=479 8.9999999999999982 13.999999999999998 36
leaf_count=479 9 14 36
internal_value=0 -5.22659e-05 5.2369e-05
internal_weight=0 529 515
internal_count=538 529 515
is_linear=0
shrinkage=0.1


Tree=332
num_leaves=6
num_cat=0
split_feature=92 29 46 87 89
split_gain=0.00867037 0.0456874 0.0431692 0.0206568 0.0233204
threshold=4.8770554845322565 9.2421796477109996 6.650271517515475 0.69120223955530891 0.65914310820012523
decision_type=2 2 2 2 2
left_child=1 2 -1 4 -2
right_child=3 -3 -4 -5 -6
leaf_value=0.00070060384184174513 -0.00042614141502869723 0.0062718187458813196 -0.0042434323142515494 -0.0045550336553291841 0.0023331438997582369
leaf_weight=151 309 12.999999999999998 20 10.999999999999998 34
leaf_count=151 309 13 20 11 34
internal_value=0 0.000556827 0.000122354 -0.000289424 -0.000152626
internal_weight=0 184 171 354 343
internal_count=538 184 171 354 343
is_linear=0
shrinkage=0.1


Tree=333
num_leaves=7
num_cat=0
split_feature=26 25 31 35 29 88
split_gain=0.00806575 0.0420012 0.0390641 0.0357071 0.0349211 0.0257549
threshold=7.6656901861440971 9.8031681923272291 6.6411787611570974 6.9225346801029106 10.105161019048667 0.21474950555743294
decision_type=2 2 2 2 2 2
left_child=1 2 -1 5 -3 -2
right_child=3 4 -4 -5 -6 -7
leaf_value=2.5520343924654299e-05 -0.0086393258476164109 0.0083652893673967204 -0.0070203295792452998 0.0026320304178322359 -3.3974709610144303e-05 -0.001026929439394735
leaf_weight=480 8.0000000000000053 11.000000000000002 7.9999999999999991 11.999999999999998 8.9999999999999982 9.9999999999999982
leaf_count=480 8 11 8 12 9 10
internal_value=0 9.40936e-05 -8.99854e-05 -0.00159332 0.00458562 -0.00441022
internal_weight=0 508 488 30 20 18
internal_count=538 508 488 30 20 18
is_linear=0
shrinkage=0.1


Tree=334
num_leaves=4
num_cat=0
split_feature=101 101 50
split_gain=0.00820174 0.0118348 0.0149161
threshold=6.2538214150710614 6.0282756170432892 6.9107463148209112
decision_type=2 2 2
left_child=1 2 -1
right_child=-2 -3 -4
leaf_value=0.00021547251280598751 -0.0031780060613527897 0.0031526469315091769 -0.0012266493744899109
leaf_weight=432 7.9999999999999991 11.999999999999998 86
leaf_count=432 8 12 86
internal_value=0 4.79699e-05 -2.39531e-05
internal_weight=0 530 518
internal_count=538 530 518
is_linear=0
shrinkage=0.1


Tree=335
num_leaves=8
num_cat=0
split_feature=6 2 53 96 53 99 47
split_gain=0.00847805 0.0645319 0.0611848 0.0400167 0.0444485 0.0431602 0.0319946
threshold=5.8998635749973518 5.8998635749973518 2.9266115240341928 6.0718113043284854 3.4006319265194116 3.9701138825728512 6.3385691053611444
decision_type=2 2 2 2 2 2 2
left_child=3 2 -2 4 -1 -5 -3
right_child=1 6 -4 5 -6 -7 -8
leaf_value=0.00029416384373917028 0.0003687031670576995 0.00046202296047613816 0.012029163335844513 0.00090098005719482874 -0.0054924774332903332 -0.0075803884988029802 -0.0029520770613089553
leaf_weight=256 9.0000000000000018 193 8.9999999999999982 10.000000000000002 13.999999999999998 14.999999999999998 32
leaf_count=256 9 193 9 10 14 15 32
internal_value=0 0.000437386 0.00619893 -0.000360287 -5.88422e-06 -0.00418784 -2.35379e-05
internal_weight=0 243 18 295 270 25 225
internal_count=538 243 18 295 270 25 225
is_linear=0
shrinkage=0.1


Tree=336
num_leaves=8
num_cat=0
split_feature=96 3 13 99 29 37 25
split_gain=0.00876584 0.0381406 0.0451691 0.0306803 0.0284127 0.0737442 0.0649581
threshold=4.6681339642869872 2.6735537653587347 7.1008243828001545 1.2424533248940004 6.1158701961393769 6.1548017441785339 6.1548017441785339
decision_type=2 2 2 2 2 2 2
left_child=4 2 -2 -3 5 -1 -6
right_child=1 3 -4 -5 6 -7 -8
leaf_value=0.00080469309662779148 0.00028267860336479944 -0.0046910930064249061 0.0066971911019400553 8.9964190381579108e-05 0.0086252075619995591 -0.011590214303578251 -0.0006674253946772615
leaf_weight=12.000000000000002 26 13.999999999999998 19 325 7.9999999999999991 7.9999999999999991 126
leaf_count=12 26 14 19 325 8 8 126
internal_value=0 0.000255623 0.00299103 -0.000107484 -0.000637398 -0.00415327 -0.000112641
internal_weight=0 384 45 339 154 20 134
internal_count=538 384 45 339 154 20 134
is_linear=0
shrinkage=0.1


Tree=337
num_leaves=7
num_cat=0
split_feature=0 69 79 87 50 69
split_gain=0.00812232 0.0670274 0.056338 0.0885334 0.0394049 0.0283848
threshold=3.6632328069201612 3.7719667971681914 2.7706317725792133 0.053353963967756303 5.6167644860526105 3.9878718798704189
decision_type=2 2 2 2 2 2
left_child=2 -2 4 -4 -1 -3
right_child=1 5 3 -5 -6 -7
leaf_value=0.00068641308706633838 0.0076584662834648046 -0.0042030545766465364 -0.01362701128236949 -0.00074290426273364578 -0.003190336914567818 0.00025963983778358224
leaf_weight=170 11.999999999999998 14.999999999999998 8.0000000000000018 15.999999999999998 31 286
leaf_count=170 12 15 8 16 31 286
internal_value=0 0.000329434 -0.000458279 -0.00503761 8.85064e-05 3.72464e-05
internal_weight=0 313 225 24 201 301
internal_count=538 313 225 24 201 301
is_linear=0
shrinkage=0.1


Tree=338
num_leaves=7
num_cat=0
split_feature=28 20 19 16 28 7
split_gain=0.00815294 0.0450442 0.0433297 0.038284 0.0332819 0.0308775
threshold=1.8688348091416842 3.0433873634561537 1.9356005054539458 2.1383330595080281 2.602003343538398 2.1910133173369415
decision_type=2 2 2 2 2 2
left_child=1 2 -1 5 -5 -2
right_child=3 -3 -4 4 -6 -7
leaf_value=-0.0018183550892122598 -0.0057583609374151348 0.0065484261450668175 0.0023657751911216312 0.004323383213745223 -8.1932333685437193e-05 -0.00050772309089855601
leaf_weight=55 21 11.999999999999998 45 18 363 24
leaf_count=55 21 12 45 18 363 24
internal_value=0 0.00075921 6.45035e-05 -0.000199604 0.000126193 -0.00295802
internal_weight=0 112 100 426 381 45
internal_count=538 112 100 426 381 45
is_linear=0
shrinkage=0.1


Tree=339
num_leaves=5
num_cat=0
split_feature=36 37 98 33
split_gain=0.00796487 0.0152136 0.0551116 0.0271286
threshold=6.987588712096712 9.6292383447521708 4.6346818562128229 9.6138678460593976
decision_type=2 2 2 2
left_child=1 3 -3 -1
right_child=-2 2 -4 -5
leaf_value=-8.5862147339522319e-06 -0.002949883436991109 0.0058226978778839113 -0.00069272963839859983 -0.00464099537437925
leaf_weight=459 8.9999999999999982 20 37 12.999999999999998
leaf_count=459 9 20 37 13
internal_value=0 5.0187e-05 0.00159339 -0.000136174
internal_weight=0 529 57 472
internal_count=538 529 57 472
is_linear=0
shrinkage=0.1


Tree=340
num_leaves=7
num_cat=0
split_feature=6 6 3 68 104 9
split_gain=0.00764913 0.0294769 0.0174103 0.0301856 0.0193072 0.00459835
threshold=7.7989279262908573 7.9215345788822153 6.2934175704989839 5.1936734822099462 2.1383330595080281 10.170512958009056
decision_type=2 2 2 2 2 2
left_child=2 -2 4 -4 -1 -3
right_child=1 5 3 -5 -6 -7
leaf_value=-0.0001468474092581517 0.0067012018174864331 0.0009621500736102462 0.0018246711146396898 -0.0035855838774957443 0.0017484031275671443 -0.0024284074170282111
leaf_weight=404 8.0000000000000018 7.9999999999999991 14.999999999999998 33 62 7.9999999999999991
leaf_count=404 8 8 15 33 62 8
internal_value=0 0.00174498 -8.14777e-05 -0.00189488 0.00010531 -0.000733129
internal_weight=0 24 514 48 466 16
internal_count=538 24 514 48 466 16
is_linear=0
shrinkage=0.1


Tree=341
num_leaves=7
num_cat=0
split_feature=18 26 45 18 26 64
split_gain=0.00764218 0.0546323 0.048129 0.0293666 0.0515506 0.0145739
threshold=1.0397207708399181 3.3296469598418192 7.7693228296140928 3.0433873634561537 1.9356005054539456 2.0689148370809201
decision_type=2 2 2 2 2 2
left_child=1 2 -1 4 -2 -5
right_child=3 -3 -4 5 -6 -7
leaf_value=0.0017592236069181274 -3.8465192275387891e-05 0.0074231581085107542 -0.0053050063350903141 0.0029155747930738416 -0.010101272282190621 -6.8028580472459304e-05
leaf_weight=31 14.000000000000002 10.999999999999998 13.999999999999998 17 7.9999999999999991 443
leaf_count=31 14 11 14 17 8 443
internal_value=0 0.00110572 -0.000438537 -0.000128466 -0.00369767 4.2235e-05
internal_weight=0 56 45 482 22 460
internal_count=538 56 45 482 22 460
is_linear=0
shrinkage=0.1


Tree=342
num_leaves=6
num_cat=0
split_feature=50 16 50 53 58
split_gain=0.00724937 0.020846 0.0138305 0.0174225 0.0157688
threshold=7.6273006666104983 4.976709960642169 7.1670271600621165 3.6859904192471644 4.718339407093457
decision_type=2 2 2 2 2
left_child=2 -2 3 -1 -4
right_child=1 -3 4 -5 -6
leaf_value=0.00021184118994554632 -0.0041465642768889659 0.0011254976550117135 -0.00047775931047259036 -0.0014581474319031161 0.0039452221783760344
leaf_weight=401 15.000000000000002 14.999999999999998 13.999999999999998 74 19
leaf_count=401 15 15 14 74 19
internal_value=0 -0.00151053 8.92047e-05 -4.83255e-05 0.00206881
internal_weight=0 30 508 475 33
internal_count=538 30 508 475 33
is_linear=0
shrinkage=0.1


Tree=343
num_leaves=8
num_cat=0
split_feature=104 20 20 21 102 7 14
split_gain=0.00711166 0.0429763 0.134823 0.0485341 0.0397555 0.0685089 0.0651768
threshold=1.0000000180025095e-35 4.8903208612686422 4.4601277074540464 8.9109902671877776 0.8958797346140277 3.1345481418531311 1.5890269151739729
decision_type=2 2 2 2 2 2 2
left_child=1 2 -1 -3 6 -6 -2
right_child=4 3 -4 -5 5 -7 -8
leaf_value=-0.00064873902196837532 -0.010126953028763335 -0.0098124045692384223 0.012681677681393923 3.9913277141749859e-05 0.004634497120768126 0.00010855147876070752 -0.00063832543367154998
leaf_weight=147 8.9999999999999982 10.000000000000002 7.9999999999999991 9.9999999999999982 38 279 37
leaf_count=147 9 10 8 10 38 279 37
internal_value=0 -0.000523635 3.92825e-05 -0.00488625 0.000252441 0.000651094 -0.0024948
internal_weight=0 175 155 20 363 317 46
internal_count=538 175 155 20 363 317 46
is_linear=0
shrinkage=0.1


Tree=344
num_leaves=7
num_cat=0
split_feature=45 45 86 4 49 46
split_gain=0.0077009 0.0332735 0.0243689 0.0276281 0.0273537 0.0212659
threshold=6.8946079313622795 6.9927515451944107 0.043118620480076558 3.0433873634561537 8.3388985747531006 3.2180751841847144
decision_type=2 2 2 2 2 2
left_child=2 -2 3 -1 -4 -3
right_child=1 5 4 -5 -6 -7
leaf_value=-0.0018904663350743551 0.0050198849856055213 -0.0044949273671954877 -0.00010922693725054463 0.0023627474075294148 -0.0037795823816260373 0.00017914327289987055
leaf_weight=24 13.999999999999998 9.9999999999999982 45 42 37 366
leaf_count=24 14 10 45 42 37 366
internal_value=0 0.000233066 -0.000614159 0.000816124 -0.00176536 5.48329e-05
internal_weight=0 390 148 66 82 376
internal_count=538 390 148 66 82 376
is_linear=0
shrinkage=0.1


Tree=345
num_leaves=4
num_cat=0
split_feature=40 37 37
split_gain=0.00758261 0.0167074 0.0166067
threshold=6.987588712096712 10.349102818402008 10.114679539293101
decision_type=2 2 2
left_child=1 2 -1
right_child=-2 -3 -4
leaf_value=-3.7987565468510558e-05 0.0028782261535525325 -0.0039054854042743421 0.0045537448299000976
leaf_weight=510 8.9999999999999982 10.999999999999998 7.9999999999999991
leaf_count=510 9 11 8
internal_value=0 -4.89679e-05 3.29272e-05
internal_weight=0 529 518
internal_count=538 529 518
is_linear=0
shrinkage=0.1


Tree=346
num_leaves=7
num_cat=0
split_feature=95 20 22 1 85 95
split_gain=0.00722804 0.0440369 0.0627131 0.0227006 0.0390408 0.0255229
threshold=6.1548017441785339 3.7132745361986528 1.5890269151739729 6.4295893882764688 0.028591544580251347 6.5792357796731817
decision_type=2 2 2 2 2 2
left_child=1 2 -1 4 -2 -5
right_child=3 -3 -4 5 -6 -7
leaf_value=0.0056630824492978201 -0.0048721468988029912 0.0079423704883083701 -0.0021946853699085517 0.003755861520767212 0.002113628445658833 -8.860300973002964e-05
leaf_weight=13.999999999999998 24 7.9999999999999991 37 18 11.999999999999998 425
leaf_count=14 24 8 37 18 12 425
internal_value=0 0.00104439 -3.76511e-05 -0.00012864 -0.00254356 6.76055e-05
internal_weight=0 59 51 479 36 443
internal_count=538 59 51 479 36 443
is_linear=0
shrinkage=0.1


Tree=347
num_leaves=7
num_cat=0
split_feature=50 25 21 49 8 51
split_gain=0.00698554 0.0184201 0.021909 0.0112719 0.0229462 0.0223536
threshold=7.6273006666104983 8.5421754714216824 8.9914040699624831 9.5257817544843615 4.7957563937576522 6.0844968186443777
decision_type=2 2 2 2 2 2
left_child=3 -2 -3 5 -5 -1
right_child=1 2 -4 4 -6 -7
leaf_value=0.00010606874585100989 0.0017738213931972327 -0.0073500558442901797 -0.00047230380163951354 -0.0018726180092646526 0.0031572560391699279 -0.0030277584005186028
leaf_weight=441 11.000000000000002 8.0000000000000018 10.999999999999998 12.999999999999998 30 24
leaf_count=441 11 8 11 13 30 24
internal_value=0 -0.00148279 -0.0033682 8.75665e-05 0.0016366 -5.56772e-05
internal_weight=0 30 19 508 43 465
internal_count=538 30 19 508 43 465
is_linear=0
shrinkage=0.1


Tree=348
num_leaves=7
num_cat=0
split_feature=16 12 16 104 23 96
split_gain=0.00752889 0.107483 0.0513793 0.0685196 0.0640248 0.0345292
threshold=5.1984817689835037 5.1984817689835037 4.9199542854466296 0.8958797346140277 5.4116061905722832 6.4150956198398426
decision_type=2 2 2 2 2 2
left_child=2 -2 4 -4 -1 -3
right_child=1 5 3 -5 -6 -7
leaf_value=0.00026568394524306959 -0.0089416440376745808 0.0031917817064470821 0.011917132232338191 0.0015367343355225582 -0.0043533789360839306 -0.00067797680805799449
leaf_weight=331 13.999999999999998 31 7.9999999999999991 31 33 90
leaf_count=331 14 31 8 31 33 90
internal_value=0 -0.000646338 0.000216515 0.00366605 -0.000153077 0.000313449
internal_weight=0 135 403 39 364 121
internal_count=538 135 403 39 364 121
is_linear=0
shrinkage=0.1


Tree=349
num_leaves=4
num_cat=0
split_feature=32 30 21
split_gain=0.00812475 0.0166635 0.0123359
threshold=6.7752383666949401 7.9384378507782998 9.9055788977071462
decision_type=2 2 2
left_child=1 2 -1
right_child=-2 -3 -4
leaf_value=9.9541260299572195e-05 -0.0022946639584066966 0.0043315406371321951 -0.0022224634167893483
leaf_weight=490 14.999999999999998 8.9999999999999982 24
leaf_count=490 15 9 24
internal_value=0 6.58125e-05 -8.87919e-06
internal_weight=0 523 514
internal_count=538 523 514
is_linear=0
shrinkage=0.1


Tree=350
num_leaves=6
num_cat=0
split_feature=80 50 80 38 33
split_gain=0.00688358 0.0412081 0.0338737 0.0299423 0.0147312
threshold=1.3565826508844905 5.7267999994427079 1.1483426854334289 5.1298812082267613 9.996971259901386
decision_type=2 2 2 2 2
left_child=2 3 4 -2 -1
right_child=1 -3 -4 -5 -6
leaf_value=-0.00012277376409396571 -0.004489771825804686 -0.0065401309423825955 0.0062238539362119306 0.0010061354662308046 0.0022075614101124993
leaf_weight=420 11.999999999999998 10.999999999999998 8.9999999999999982 57 29
leaf_count=420 12 11 9 57 29
internal_value=0 -0.000855862 0.000149496 5.03255e-05 2.77379e-05
internal_weight=0 80 458 69 449
internal_count=538 80 458 69 449
is_linear=0
shrinkage=0.1


Tree=351
num_leaves=5
num_cat=0
split_feature=24 61 31 26
split_gain=0.00786092 0.0248236 0.0181387 0.0180491
threshold=6.6457289203085956 5.7388530398668856 6.9225346801029106 7.6930131683329117
decision_type=2 2 2 2
left_child=2 -2 3 -1
right_child=1 -3 -4 -5
leaf_value=8.266457414311118e-05 -0.0062793994962703414 0.00080046832848053708 0.0045271308885680307 -0.004208203201887954
leaf_weight=498 8.0000000000000018 12.999999999999998 8.9999999999999982 9.9999999999999982
leaf_count=498 8 13 9 10
internal_value=0 -0.00189662 7.70389e-05 -1.80133e-06
internal_weight=0 21 517 508
internal_count=538 21 517 508
is_linear=0
shrinkage=0.1


Tree=352
num_leaves=6
num_cat=0
split_feature=46 43 40 44 32
split_gain=0.00713333 0.0609418 0.032198 0.0153796 0.0138451
threshold=7.0325927103347974 6.2557039891096373 5.3890613045707267 5.948031580597152 4.8441560854355483
decision_type=2 2 2 2 2
left_child=1 4 -2 -4 -1
right_child=2 -3 3 -5 -6
leaf_value=0.0002368667120542815 -0.0056333557464919677 0.0069107733447498713 0.0017581691523885419 -0.0011365221937303432 -0.0011992867509532912
leaf_weight=351 11.999999999999998 12.999999999999998 29 50 83
leaf_count=351 12 13 29 50 83
internal_value=0 0.000164294 -0.000807027 -7.3914e-05 -3.77894e-05
internal_weight=0 447 91 79 434
internal_count=538 447 91 79 434
is_linear=0
shrinkage=0.1


Tree=353
num_leaves=7
num_cat=0
split_feature=53 26 88 18 13 95
split_gain=0.00703192 0.0369193 0.0442 0.0441844 0.0187206 0.0324133
threshold=1.0098148431803853 3.8703322009586212 0.041058849910378711 3.2180751841847144 4.9542375470235838 5.0684095151189146
decision_type=2 2 2 2 2 2
left_child=1 2 -1 -3 -2 -6
right_child=4 3 -4 -5 5 -7
leaf_value=-0.001698367651797047 0.0039370400195296576 -0.0088843460427597172 0.0048860097515650777 -0.0010898914921199322 -0.0058521859658261146 0.00021842638824254038
leaf_weight=19 12.999999999999998 7.9999999999999991 22 80 8.9999999999999982 387
leaf_count=19 13 8 22 80 9 387
internal_value=0 -0.000643743 0.00183471 -0.00179848 0.000203039 8.04579e-05
internal_weight=0 129 41 88 409 396
internal_count=538 129 41 88 409 396
is_linear=0
shrinkage=0.1


Tree=354
num_leaves=8
num_cat=0
split_feature=45 34 34 26 86 49 59
split_gain=0.00731918 0.0278251 0.0421375 0.0415349 0.0204331 0.0240412 0.0230307
threshold=6.8946079313622795 5.2310943182715759 5.1647696471263407 5.272986409146923 0.043118620480076558 8.5963542550312599 3.1345481418531311
decision_type=2 2 2 2 2 2 2
left_child=4 2 -2 -3 6 -6 -1
right_child=1 3 -4 -5 5 -7 -8
leaf_value=-0.0043188487237785017 0.0010967631079831426 -0.0036988504794276049 0.0087042645085602995 0.00016595045892582103 -0.000551446982265996 -0.0043147190347857158 0.0014047205053241765
leaf_weight=7.9999999999999991 81 31 7.9999999999999991 270 58 24 58
leaf_count=8 81 31 8 270 58 24 58
internal_value=0 0.000227216 0.00178058 -0.000232086 -0.000598744 -0.00165289 0.000710955
internal_weight=0 390 89 301 148 82 66
internal_count=538 390 89 301 148 82 66
is_linear=0
shrinkage=0.1


Tree=355
num_leaves=5
num_cat=0
split_feature=89 89 0 70
split_gain=0.00687058 0.0121751 0.0196034 0.0107422
threshold=0.68898286849858714 0.68312215049854697 3.6632328069201612 0.69406187107593553
decision_type=2 2 2 2
left_child=1 3 -3 -1
right_child=-2 2 -4 -5
leaf_value=0.0033960428813265432 -0.0021101371292024849 -0.00090895836592608215 0.0058944159704777928 -8.9920328234807721e-05
leaf_weight=8.9999999999999982 14.999999999999998 8.0000000000000018 8.9999999999999982 497
leaf_count=9 15 8 9 497
internal_value=0 6.05202e-05 0.00269283 -2.7917e-05
internal_weight=0 523 17 506
internal_count=538 523 17 506
is_linear=0
shrinkage=0.1


Tree=356
num_leaves=7
num_cat=0
split_feature=25 38 46 26 20 18
split_gain=0.00659908 0.0355763 0.0502416 0.034517 0.0708589 0.0277422
threshold=6.5792357796731817 4.8322978221268906 4.7790881836238563 4.5053345884235583 3.0433873634561537 4.5271940351011493
decision_type=2 2 2 2 2 2
left_child=1 2 -1 4 -2 -5
right_child=3 -3 -4 5 -6 -7
leaf_value=-0.00093209750605104807 0.0005893926511311697 -0.0058279874288321787 0.0057329087124134495 -0.0035838738845830618 0.0097600069066340282 7.4979085428738073e-05
leaf_weight=87 36 11.999999999999998 12.999999999999998 22 10.999999999999998 357
leaf_count=87 36 12 13 22 11 357
internal_value=0 -0.00068304 -6.56467e-05 0.000179579 0.00273571 -0.000137408
internal_weight=0 112 100 426 47 379
internal_count=538 112 100 426 47 379
is_linear=0
shrinkage=0.1


Tree=357
num_leaves=6
num_cat=0
split_feature=23 27 102 96 38
split_gain=0.00672018 0.0629674 0.0474124 0.024752 0.0165043
threshold=6.0258543048053959 6.0844968186443777 2.5619819897016298 6.4150956198398426 6.5424678079760454
decision_type=2 2 2 2 2
left_child=1 4 -2 -4 -1
right_child=2 -3 3 -5 -6
leaf_value=0.00026870302334102461 -0.0081290224625263363 0.0080096361320465808 0.0027310979633551578 -0.0010859315419712893 -0.001354633734100437
leaf_weight=356 7.9999999999999991 9.9999999999999982 23 65 76
leaf_count=356 8 10 23 65 76
internal_value=0 0.000164711 -0.000758359 -8.82988e-05 -1.6884e-05
internal_weight=0 442 96 88 432
internal_count=538 442 96 88 432
is_linear=0
shrinkage=0.1


Tree=358
num_leaves=8
num_cat=0
split_feature=30 26 4 38 14 41 23
split_gain=0.00748463 0.0343791 0.0481301 0.0274294 0.0383841 0.0278835 0.0194986
threshold=5.3844529770182641 5.6436393917189509 3.4960482137079443 5.5052984857290932 5.1298812082267613 7.945487099137444 4.2970771162761841
decision_type=2 2 2 2 2 2 2
left_child=3 2 -2 5 -5 -1 -3
right_child=1 6 -4 4 -6 -7 -8
leaf_value=-0.00051687878686038254 0.0060685774463269376 0.0029779476750838134 -0.00063897079751768621 -0.0069409723884226483 0.0017421960947103798 0.0028668295909613207 -0.00035045073921967569
leaf_weight=187 23 19 20 14.000000000000002 7.9999999999999991 28 239
leaf_count=187 23 19 20 14 8 28 239
internal_value=0 0.000330967 0.00294879 -0.000420342 -0.00378346 -7.62098e-05 -0.000105336
internal_weight=0 301 43 237 22 215 258
internal_count=538 301 43 237 22 215 258
is_linear=0
shrinkage=0.1


Tree=359
num_leaves=4
num_cat=0
split_feature=85 83 83
split_gain=0.0061227 0.00840615 0.0126016
threshold=0.69242346755912243 5.0104352440855866 4.6721295847709863
decision_type=2 2 2
left_child=1 2 -1
right_child=-2 -3 -4
leaf_value=2.5336434914101521e-05 -0.002451305473223329 -0.0026890352590602231 0.0031786828445127379
leaf_weight=504 9.9999999999999982 10.999999999999998 12.999999999999998
leaf_count=504 10 11 13
internal_value=0 4.64262e-05 0.000104628
internal_weight=0 528 517
internal_count=538 528 517
is_linear=0
shrinkage=0.1


Tree=360
num_leaves=4
num_cat=0
split_feature=71 85 102
split_gain=0.00637754 0.0104826 0.00778461
threshold=5.3658777435082641 0.69242346755912243 4.8441560854355483
decision_type=2 2 2
left_child=1 2 -1
right_child=-2 -3 -4
leaf_value=0.00010191564638475226 0.0025017984057194558 -0.0036396946758031849 -0.0015841727819422198
leaf_weight=491 9.9999999999999982 7.9999999999999991 29
leaf_count=491 10 8 29
internal_value=0 -4.73825e-05 7.88379e-06
internal_weight=0 528 520
internal_count=538 528 520
is_linear=0
shrinkage=0.1


Tree=361
num_leaves=7
num_cat=0
split_feature=28 28 92 65 65 34
split_gain=0.00655513 0.0828272 0.0580479 0.0418894 0.027217 0.0264931
threshold=3.9316333620047872 3.6105525490912482 4.8603410700322902 2.9804328112710894 3.488285925363932 4.983512786670059
decision_type=2 2 2 2 2 2
left_child=1 5 -3 -2 -5 -1
right_child=3 2 -4 4 -6 -7
leaf_value=-0.00034231851921614375 0.006382834767414765 -0.012502297645551153 -0.002666321872190262 -0.0056583385216072207 0.00026282086323694333 0.0021114853804465382
leaf_weight=165 10.999999999999998 7.9999999999999991 24 7.9999999999999991 262 60
leaf_count=165 11 8 24 8 262 60
internal_value=0 -0.000364994 -0.00512532 0.00033382 8.73791e-05 0.000312029
internal_weight=0 257 32 281 270 225
internal_count=538 257 32 281 270 225
is_linear=0
shrinkage=0.1


Tree=362
num_leaves=6
num_cat=0
split_feature=100 100 49 21 23
split_gain=0.00631033 0.0194726 0.0185693 0.0167549 0.0210552
threshold=5.7899180851264278 5.8998635749973518 9.4844049143665856 10.429572083054792 6.459903229849254
decision_type=2 2 2 2 2
left_child=3 -2 -3 4 -1
right_child=1 2 -4 -5 -6
leaf_value=-0.0001898096900153582 0.0043942781165242197 -0.0020766326141628353 0.0019871371231325297 -0.0046571782790124422 0.0029785423296165062
leaf_weight=450 12.999999999999998 22 23 7.9999999999999991 22
leaf_count=450 13 22 23 8 22
internal_value=0 0.000985239 4.05252e-07 -0.00011905 -4.21323e-05
internal_weight=0 58 45 480 472
internal_count=538 58 45 480 472
is_linear=0
shrinkage=0.1


Tree=363
num_leaves=6
num_cat=0
split_feature=92 16 28 92 71
split_gain=0.00632401 0.0459758 0.0506207 0.0171893 0.0150668
threshold=4.8784525010686464 5.5234569284970156 5.272986409146923 4.879682304699263 3.2573563454362655
decision_type=2 2 2 2 2
left_child=1 2 -1 -2 -5
right_child=3 -3 -4 4 -6
leaf_value=0.00042359265855546779 -0.0045693177703974982 -0.0065202962710625596 0.0081137091691036618 -0.00039400917812104842 0.0016307888142321082
leaf_weight=175 8.9999999999999982 8.9999999999999982 8.9999999999999982 294 42
leaf_count=175 9 9 9 294 42
internal_value=0 0.000458391 0.00079974 -0.000256433 -0.000140909
internal_weight=0 193 184 345 336
internal_count=538 193 184 345 336
is_linear=0
shrinkage=0.1


Tree=364
num_leaves=5
num_cat=0
split_feature=32 24 38 54
split_gain=0.00608046 0.0114264 0.0306751 0.0233402
threshold=6.7752383666949401 6.073002059532028 7.7944104417619 5.0688844241303981
decision_type=2 2 2 2
left_child=1 2 -1 -3
right_child=-2 3 -4 -5
leaf_value=3.7092532397812112e-05 -0.0019850993179716171 0.0065329219505656511 -0.0058558272715244029 0.00043180760493951621
leaf_weight=477 14.999999999999998 7.9999999999999991 8.9999999999999982 29
leaf_count=477 15 8 9 29
internal_value=0 5.6934e-05 -7.20356e-05 0.00175097
internal_weight=0 523 486 37
internal_count=538 523 486 37
is_linear=0
shrinkage=0.1


Tree=365
num_leaves=6
num_cat=0
split_feature=0 10 98 4 103
split_gain=0.00598675 0.0510007 0.0255275 0.029252 0.0186199
threshold=1.5890269151739729 1.0397207708399181 4.317399216745252 2.249904835165133 3.0868930519509687
decision_type=2 2 2 2 2
left_child=2 -2 3 -1 -3
right_child=1 4 -4 -5 -6
leaf_value=0.00066699175772050193 0.0068801230348815969 0.001885707725001418 -0.0057839692984190255 -0.0040600890042696847 -0.00024330772732052234
leaf_weight=72 10.999999999999998 46 8.9999999999999982 15.999999999999998 384
leaf_count=72 11 46 9 16 384
internal_value=0 0.000156448 -0.000711276 -0.000192477 -1.55526e-05
internal_weight=0 441 97 88 430
internal_count=538 441 97 88 430
is_linear=0
shrinkage=0.1


Tree=366
num_leaves=8
num_cat=0
split_feature=36 68 19 42 36 30 28
split_gain=0.00581764 0.0365781 0.0450094 0.0346359 0.0444656 0.0276148 0.0172934
threshold=4.8903208612686422 5.063859304732623 5.5797227059640084 6.286907558903339 4.6346818562128229 6.8068195709628032 3.9316333620047872
decision_type=2 2 2 2 2 2 2
left_child=3 2 -2 6 -5 -3 -1
right_child=1 5 -4 4 -6 -7 -8
leaf_value=-0.00029461060755822731 0.0012473635293847312 -0.0029354546510148797 0.0088310341467149559 -0.00022899973732621776 -0.0070936818432528531 0.00043961351376492529 0.0014399717613632675
leaf_weight=246 36 32 9.9999999999999982 23 15.999999999999998 100 75
leaf_count=246 36 32 10 23 16 100 75
internal_value=0 0.000467653 0.00289599 -0.000231228 -0.00304528 -0.000378585 0.000110666
internal_weight=0 178 46 360 39 132 321
internal_count=538 178 46 360 39 132 321
is_linear=0
shrinkage=0.1


Tree=367
num_leaves=8
num_cat=0
split_feature=95 1 95 49 96 55 7
split_gain=0.00618219 0.0491454 0.0389093 0.0316542 0.0298198 0.0250087 0.0239295
threshold=7.8316153064056495 7.4471545896376323 8.1767812389201762 7.4655686383957578 5.8021138116885078 4.1430087342023825 3.6242520361853052
decision_type=2 2 2 2 2 2 2
left_child=1 6 5 -3 -4 -2 -1
right_child=2 3 4 -5 -6 -7 -8
leaf_value=2.5285686652151441e-05 -0.0056014232093557006 0.0065782095893825365 0.0025747936886979178 0.00072621662531875903 -0.00031810738173551227 -0.00035363048755243653 -0.0047823891128328721
leaf_weight=176 21 19 42 18 235 15.999999999999998 10.999999999999998
leaf_count=176 21 19 42 18 235 16 11
internal_value=0 0.000401348 -0.000286312 0.00373129 0.000120527 -0.00333211 -0.000257519
internal_weight=0 224 314 37 277 37 187
internal_count=538 224 314 37 277 37 187
is_linear=0
shrinkage=0.1


Tree=368
num_leaves=7
num_cat=0
split_feature=45 17 21 92 25 25
split_gain=0.0060935 0.0305541 0.0205128 0.0143885 0.0350029 0.034611
threshold=5.6899940907710844 8.1599268774887133 7.5742795968135601 4.8003891233100573 6.5792357796731817 5.5872416446462791
decision_type=2 2 2 2 2 2
left_child=1 2 -1 4 -2 -5
right_child=3 -3 -4 5 -6 -7
leaf_value=-0.0011008499453857761 -0.0019345921289641412 -0.0054625970156242454 0.0035695047475970709 0.0048329123561935763 0.0038917924765224476 -0.0002214113974964892
leaf_weight=34 15.999999999999998 11.999999999999998 12.999999999999998 13.999999999999998 29 420
leaf_count=34 16 12 13 14 29 420
internal_value=0 -0.000958924 0.00019095 0.000118114 0.00182019 -5.83687e-05
internal_weight=0 59 47 479 45 434
internal_count=538 59 47 479 45 434
is_linear=0
shrinkage=0.1


Tree=369
num_leaves=4
num_cat=0
split_feature=83 83 83
split_gain=0.00574282 0.00896417 0.0115877
threshold=5.0104352440855866 4.6721295847709863 4.0430512611678848
decision_type=2 2 2
left_child=1 2 -1
right_child=-2 -3 -4
leaf_value=8.4234471699600393e-05 -0.0021630857023410498 0.0026426264309310893 -0.0022616474323017013
leaf_weight=491 11.999999999999998 12.999999999999998 22
leaf_count=491 12 13 22
internal_value=0 4.9348e-05 -1.63687e-05
internal_weight=0 526 513
internal_count=538 526 513
is_linear=0
shrinkage=0.1


Tree=370
num_leaves=5
num_cat=0
split_feature=24 61 25 21
split_gain=0.00550498 0.0214252 0.0135551 0.0158714
threshold=6.6457289203085956 5.7388530398668856 10.105161019048667 9.8104929453185985
decision_type=2 2 2 2
left_child=2 -2 3 -1
right_child=1 -3 -4 -5
leaf_value=9.3316251789547178e-05 -0.0056589032174088035 0.00091851806411376378 0.0033861763852958884 -0.0029304798019842968
leaf_weight=487 8.0000000000000018 12.999999999999998 11.999999999999998 18
leaf_count=487 8 13 12 18
internal_value=0 -0.00158717 6.4469e-05 -1.44626e-05
internal_weight=0 21 517 505
internal_count=538 21 517 505
is_linear=0
shrinkage=0.1


Tree=371
num_leaves=6
num_cat=0
split_feature=17 69 31 87 39
split_gain=0.0056017 0.0397804 0.0290086 0.0288522 0.0142793
threshold=9.5959403329115975 5.4558151448294856 6.5785562848655745 0.3812909119038721 6.2324460866484275
decision_type=2 2 2 2 2
left_child=2 -2 4 -3 -1
right_child=1 3 -4 -5 -6
leaf_value=-0.00015343830513720691 0.0074708004482090477 0.0013039238023985593 -0.0051993968134576626 -0.0035317199790905066 0.0020694953847616433
leaf_weight=426 7.9999999999999991 45 10.999999999999998 17 31
leaf_count=426 8 45 11 17 31
internal_value=0 0.000834339 -0.000124794 -2.19785e-05 -2.64849e-06
internal_weight=0 70 468 62 457
internal_count=538 70 468 62 457
is_linear=0
shrinkage=0.1


Tree=372
num_leaves=5
num_cat=0
split_feature=101 79 8 96
split_gain=0.00537374 0.0074302 0.0215507 0.0162635
threshold=6.2538214150710614 4.1587609981435856 5.3890613045707267 6.0718113043284854
decision_type=2 2 2 2
left_child=1 3 -3 -1
right_child=-2 2 -4 -5
leaf_value=0.00031655436380242463 -0.0025724097504280508 0.0036792922332616789 -9.6037731270404991e-05 -0.00094494279320388749
leaf_weight=300 7.9999999999999991 21 54 155
leaf_count=300 8 21 54 155
internal_value=0 3.88288e-05 0.000961055 -0.000113186
internal_weight=0 530 75 455
internal_count=538 530 75 455
is_linear=0
shrinkage=0.1


Tree=373
num_leaves=8
num_cat=0
split_feature=50 50 92 50 51 44 100
split_gain=0.00552774 0.0435205 0.0652261 0.0231701 0.0194255 0.028268 0.0168866
threshold=6.2460391568005056 5.7267999994427079 4.8770554845322565 5.2148766803949993 5.8347936374918037 5.7588967981835451 5.7899180851264278
decision_type=2 2 2 2 2 2 2
left_child=1 3 -3 -1 5 -2 -6
right_child=4 2 -4 -5 6 -7 -8
leaf_value=-0.0002465219979182395 0.0024954383516051712 0.0021796654240461067 -0.0056401492894110564 0.0019140285586001398 -0.0013998322024433394 -0.0020704508923432407 0.0011826048302464188
leaf_weight=234 67 15.999999999999998 32 63 69 17 40
leaf_count=234 67 16 32 63 69 17 40
internal_value=0 -0.000239746 -0.00303354 0.000211777 0.000428562 0.00157139 -0.000452149
internal_weight=0 345 48 297 193 84 109
internal_count=538 345 48 297 193 84 109
is_linear=0
shrinkage=0.1


Tree=374
num_leaves=7
num_cat=0
split_feature=30 30 53 17 20 18
split_gain=0.00590837 0.0298977 0.0319303 0.0196295 0.0524154 0.0187328
threshold=4.1107394736335969 3.8703322009586212 2.8477523405893534 6.2085718078050585 3.0433873634561537 4.1107394736335969
decision_type=2 2 2 2 2 2
left_child=1 2 -1 4 -2 -5
right_child=3 -3 -4 5 -6 -7
leaf_value=0.00091054139287538225 -0.0023932515119668087 -0.0056020419536666442 -0.0033553262296861608 -0.0028102451332167469 0.0087314372314722284 0.00018875543882436468
leaf_weight=74 8.0000000000000018 10.999999999999998 23 22 8.9999999999999982 391
leaf_count=74 8 11 23 22 9 391
internal_value=0 -0.000661249 -0.000100953 0.000166081 0.00349629 2.90024e-05
internal_weight=0 108 97 430 17 413
internal_count=538 108 97 430 17 413
is_linear=0
shrinkage=0.1


Tree=375
num_leaves=8
num_cat=0
split_feature=30 27 27 25 26 4 26
split_gain=0.0055389 0.0267116 0.0330867 0.0291148 0.0244689 0.0385274 0.017782
threshold=5.3844529770182641 4.0689902272260703 3.8276953224130765 7.9851308890155055 5.6436393917189509 3.7726948748059121 5.7267999994427079
decision_type=2 2 2 2 2 2 2
left_child=1 2 -1 -3 5 -2 -6
right_child=4 3 -4 -5 6 -7 -8
leaf_value=-0.00028994388162802831 0.0047974723267813074 -0.0069937470989922665 0.0051177659004072971 -0.00038525325246155265 -0.0047243105480447413 -0.0013951866145362147 6.5140697165043092e-05
leaf_weight=198 27 12.000000000000002 11.999999999999998 14.999999999999998 7.9999999999999991 15.999999999999998 250
leaf_count=198 27 12 12 15 8 16 250
internal_value=0 -0.000361601 1.90681e-05 -0.00332236 0.000284716 0.00249323 -8.33694e-05
internal_weight=0 237 210 27 301 43 258
internal_count=538 237 210 27 301 43 258
is_linear=0
shrinkage=0.1


Tree=376
num_leaves=8
num_cat=0
split_feature=104 103 20 6 102 14 7
split_gain=0.00618876 0.0305801 0.0517709 0.0395698 0.0244125 0.0507527 0.0461125
threshold=1.0000000180025095e-35 4.7957563937576522 4.8903208612686422 5.1647696471263407 0.8958797346140277 1.5890269151739729 3.1345481418531311
decision_type=2 2 2 2 2 2 2
left_child=1 2 -1 -3 5 -2 -6
right_child=4 3 -4 -5 6 -7 -8
leaf_value=0.00091410141346083638 -0.0086521901009190411 -0.00099711398594081401 -0.0055118985973032462 -0.0080087123544548052 0.0038159443589393053 -0.00027909228213232113 0.00010277384616949682
leaf_weight=120 8.9999999999999982 30 13.999999999999998 10.999999999999998 38 37 279
leaf_count=120 9 30 14 11 38 37 279
internal_value=0 -0.000488478 0.000242728 -0.00287827 0.000235492 -0.00191731 0.000547886
internal_weight=0 175 134 41 363 46 317
internal_count=538 175 134 41 363 46 317
is_linear=0
shrinkage=0.1


Tree=377
num_leaves=7
num_cat=0
split_feature=15 7 27 95 95 95
split_gain=0.00601086 0.021049 0.0248967 0.0190731 0.0364043 0.0344844
threshold=2.3937458713910238 3.2951505240983434 4.007167868649713 7.8316153064056495 8.1767812389201762 7.480145263738696
decision_type=2 2 2 2 2 2
left_child=1 2 -1 5 -5 -2
right_child=3 -3 -4 4 -6 -7
leaf_value=-0.00058405843877825769 0.00048338122379081456 -0.0045738130943694466 0.0048774368634137014 -0.0036589011878407165 0.00013394973318476739 0.0050694155925884851
leaf_weight=115 91 11.999999999999998 8.9999999999999982 28 263 20
leaf_count=115 91 12 9 28 263 20
internal_value=0 -0.000574673 -0.00018766 0.000194417 -0.000230998 0.00130969
internal_weight=0 136 124 402 291 111
internal_count=538 136 124 402 291 111
is_linear=0
shrinkage=0.1


Tree=378
num_leaves=7
num_cat=0
split_feature=7 11 5 17 59 12
split_gain=0.0055786 0.0396738 0.029752 0.0213755 0.0181255 0.017863
threshold=4.4425820475484112 4.8121513051691478 8.4033487586051816 7.6902834072304618 4.7003150492096575 3.9316333620047872
decision_type=2 2 2 2 2 2
left_child=2 4 3 -1 -2 -3
right_child=1 5 -4 -5 -6 -7
leaf_value=-0.00055264496076400679 0.0065307601999777991 -0.0033431738760555164 -0.0046525640475253271 0.0016943579405994604 0.001630512897261522 0.00011439473378272168
leaf_weight=196 13.000000000000002 15.999999999999998 14.999999999999998 54 18 226
leaf_count=196 13 16 15 54 18 226
internal_value=0 0.000317258 -0.000326836 -6.72923e-05 0.00368546 -0.000114205
internal_weight=0 273 265 250 31 242
internal_count=538 273 265 250 31 242
is_linear=0
shrinkage=0.1


Tree=379
num_leaves=7
num_cat=0
split_feature=57 70 97 41 30 95
split_gain=0.00559857 0.0297989 0.026906 0.0499467 0.0156087 0.0146404
threshold=1.0698198067283418 1.6108484520622799 2.1910133173369415 7.6710865996692421 4.5271940351011493 4.9542375470235838
decision_type=2 2 2 2 2 2
left_child=2 -2 3 -1 -4 -3
right_child=1 5 4 -5 -6 -7
leaf_value=-0.009439452609512955 0.0058177683631786044 -0.0042327149305492638 0.0052041520157621946 -0.00068137458459075016 -0.00030495291672802221 8.2467379650221818e-05
leaf_weight=7.9999999999999991 8.9999999999999982 7.9999999999999991 9.0000000000000018 35 11.999999999999998 457
leaf_count=8 9 8 9 35 12 457
internal_value=0 0.000118535 -0.000877903 -0.00231078 0.00205609 8.22768e-06
internal_weight=0 474 64 43 21 465
internal_count=538 474 64 43 21 465
is_linear=0
shrinkage=0.1


Tree=380
num_leaves=5
num_cat=0
split_feature=70 57 29 70
split_gain=0.00534007 0.0104335 0.0296446 0.0241371
threshold=0.69406187107593553 1.0698198067283418 7.0850628910679374 1.6108484520622799
decision_type=2 2 2 2
left_child=-1 2 -2 -3
right_child=1 3 -4 -5
leaf_value=0.0022892813570797445 -0.0055213564720291361 0.005235991502801577 -4.1033992282591948e-05 7.4049367020795402e-06
leaf_weight=9.9999999999999982 12.999999999999998 8.9999999999999982 41 465
leaf_count=10 13 9 41 465
internal_value=0 -4.33576e-05 -0.00136037 0.000106682
internal_weight=0 528 54 474
internal_count=538 528 54 474
is_linear=0
shrinkage=0.1


Tree=381
num_leaves=6
num_cat=0
split_feature=98 103 33 95 17
split_gain=0.00531132 0.0353405 0.0237069 0.0213685 0.0190086
threshold=1.8688348091416842 4.9904094477362264 6.1158701961393769 5.5872416446462791 6.459903229849254
decision_type=2 2 2 2 2
left_child=1 2 -1 -2 -5
right_child=3 -3 -4 4 -6
leaf_value=0.0040723666936780013 0.0045003231487829578 -0.0066374572356128038 -0.00070619012490701072 -0.0016812427817577765 0.00029461500093284074
leaf_weight=11.999999999999998 10.999999999999998 8.9999999999999982 77 56 373
leaf_count=12 11 9 77 56 373
internal_value=0 -0.000665769 -6.18903e-05 0.000148285 3.66942e-05
internal_weight=0 98 89 440 429
internal_count=538 98 89 440 429
is_linear=0
shrinkage=0.1


Tree=382
num_leaves=6
num_cat=0
split_feature=4 69 22 53 60
split_gain=0.00549149 0.016685 0.00832733 0.00701369 0.00318421
threshold=6.4800257426481824 6.2604622710342781 7.5682890805829928 4.0890920313967509 6.5859402100953117
decision_type=2 2 2 2 2
left_child=1 2 -1 -2 -5
right_child=3 -3 -4 4 -6
leaf_value=7.4651581083583703e-05 -0.0038502861745655526 0.003762167688303938 -0.0019602215139284023 0.0011988447047770019 -0.001302095495962671
leaf_weight=475 8.0000000000000018 11.999999999999998 21 8.0000000000000018 13.999999999999998
leaf_count=475 8 12 21 8 14
internal_value=0 7.76395e-05 -1.15023e-05 -0.0013147 -0.000392663
internal_weight=0 508 496 30 22
internal_count=538 508 496 30 22
is_linear=0
shrinkage=0.1


Tree=383
num_leaves=7
num_cat=0
split_feature=84 84 43 70 44 11
split_gain=0.00527264 0.0558859 0.0387883 0.0298873 0.0328069 0.0197641
threshold=0.61882079188067207 0.59568755307578192 6.6967872730998437 5.1038766102180295 6.0233743034644602 6.0844968186443777
decision_type=2 2 2 2 2 2
left_child=1 2 -1 4 -2 -5
right_child=3 -3 -4 5 -6 -7
leaf_value=-7.6486365835391493e-05 0.0052030506543815141 -0.006601097721319932 0.0069515828508883715 -0.0036566869706696121 -0.00080820451180140191 0.00049936763538945732
leaf_weight=427 23 12.999999999999998 7.9999999999999991 17 14.999999999999998 35
leaf_count=427 23 13 8 17 15 35
internal_value=0 -0.000140315 5.27655e-05 0.000698459 0.00283019 -0.000859343
internal_weight=0 448 435 90 38 52
internal_count=538 448 435 90 38 52
is_linear=0
shrinkage=0.1


Tree=384
num_leaves=6
num_cat=0
split_feature=0 10 98 89 103
split_gain=0.00510569 0.0358514 0.0190106 0.0231911 0.0150054
threshold=1.5890269151739729 1.0397207708399181 4.317399216745252 0.39162149897656096 3.0868930519509687
decision_type=2 2 2 2 2
left_child=2 -2 3 -1 -3
right_child=1 4 -4 -5 -6
leaf_value=0.00095837374755601871 0.0057817809961058881 0.0017070446117862089 -0.0050344118020600745 -0.0024663625859345003 -0.00020418941977216797
leaf_weight=58 10.999999999999998 46 8.9999999999999982 30 384
leaf_count=58 11 46 9 30 384
internal_value=0 0.000144478 -0.000656855 -0.00020915 2.68174e-07
internal_weight=0 441 97 88 430
internal_count=538 441 97 88 430
is_linear=0
shrinkage=0.1


Tree=385
num_leaves=6
num_cat=0
split_feature=40 36 68 10 86
split_gain=0.00489068 0.0298882 0.0274144 0.0240419 0.0149187
threshold=3.7494348669884658 4.0163424379838117 4.1858280839098763 1.0397207708399181 0.043118620480076558
decision_type=2 2 2 2 2
left_child=1 4 -2 -4 -1
right_child=2 -3 3 -5 -6
leaf_value=0.00085881525219883785 -0.0044379665888845919 0.0059880105364653801 0.0053531377576291565 -0.00020861065147070201 -0.00074582310886499824
leaf_weight=125 14.999999999999998 8.9999999999999982 7.9999999999999991 273 108
leaf_count=125 15 9 8 273 108
internal_value=0 0.000333451 -0.000272619 -5.02691e-05 0.000115034
internal_weight=0 242 296 281 233
internal_count=538 242 296 281 233
is_linear=0
shrinkage=0.1


Tree=386
num_leaves=4
num_cat=0
split_feature=83 83 85
split_gain=0.00546905 0.0073098 0.00688814
threshold=5.0104352440855866 4.6721295847709863 0.69242346755912243
decision_type=2 2 2
left_child=1 2 -1
right_child=-2 -3 -4
leaf_value=3.7780295290051275e-05 -0.0021108976157847791 0.0023899415899694969 -0.0027533042555054031
leaf_weight=504 11.999999999999998 12.999999999999998 8.9999999999999982
leaf_count=504 12 13 9
internal_value=0 4.81574e-05 -1.11861e-05
internal_weight=0 526 513
internal_count=538 526 513
is_linear=0
shrinkage=0.1


Tree=387
num_leaves=4
num_cat=0
split_feature=40 32 37
split_gain=0.00488488 0.00960024 0.00997262
threshold=6.987588712096712 6.6457289203085956 10.135574889458775
decision_type=2 2 2
left_child=1 2 -1
right_child=-2 -3 -4
leaf_value=-2.434177184255367e-05 0.0023101620996991796 -0.002623067150956818 0.0035340947622898968
leaf_weight=507 8.9999999999999982 13.999999999999998 7.9999999999999991
leaf_count=507 9 14 8
internal_value=0 -3.93033e-05 3.09349e-05
internal_weight=0 529 515
internal_count=538 529 515
is_linear=0
shrinkage=0.1


Tree=388
num_leaves=7
num_cat=0
split_feature=28 28 24 86 41 49
split_gain=0.00468611 0.0701536 0.0303085 0.0191562 0.0419127 0.0312702
threshold=3.6105525490912482 3.7132745361986528 3.4498615536424366 0.043118620480076558 7.7693228296140928 8.3388985747531006
decision_type=2 2 2 2 2 2
left_child=3 -2 -3 4 -1 -5
right_child=1 2 -4 5 -6 -7
leaf_value=0.00054917008067125719 -0.0074420942763726294 -0.0050905627981674946 0.00025751671764234172 0.00052655552428339171 0.0064181025073464437 -0.0030374078489174804
leaf_weight=93 12.999999999999998 10.999999999999998 289 83 13.999999999999998 35
leaf_count=93 13 11 289 83 14 35
internal_value=0 -0.000250227 6.14205e-05 0.000348094 0.00131707 -0.000530552
internal_weight=0 313 300 225 107 118
internal_count=538 313 300 225 107 118
is_linear=0
shrinkage=0.1


Tree=389
num_leaves=7
num_cat=0
split_feature=23 27 4 0 2 38
split_gain=0.00485403 0.0435521 0.0353778 0.0310604 0.0304187 0.0106952
threshold=6.0258543048053959 6.0844968186443777 5.0688844241303981 5.0172579074712669 6.2165881725480121 6.5424678079760454
decision_type=2 2 2 2 2 2
left_child=1 5 4 -4 -2 -1
right_child=2 -3 3 -5 -6 -7
leaf_value=0.00021885705945341 -0.00097635231213644114 0.0066643073596060285 0.006260602892143652 -0.00033191920480944579 -0.0086670886311266161 -0.0010879262717361073
leaf_weight=356 12.000000000000002 9.9999999999999982 7.9999999999999991 67 8.9999999999999982 76
leaf_count=356 12 10 8 67 9 76
internal_value=0 0.000139986 -0.000644519 0.000371283 -0.00427238 -1.104e-05
internal_weight=0 442 96 75 21 432
internal_count=538 442 96 75 21 432
is_linear=0
shrinkage=0.1


Tree=390
num_leaves=8
num_cat=0
split_feature=4 4 56 61 28 18 38
split_gain=0.00470042 0.0379077 0.0334026 0.0382372 0.029923 0.0278583 0.0201151
threshold=3.0433873634561537 2.7058230259275202 3.5002811642841722 2.5394428210525501 3.9316333620047872 4.6346818562128229 6.4536237588886749
decision_type=2 2 2 2 2 2 2
left_child=1 6 4 -4 -2 -3 -1
right_child=2 5 3 -5 -6 -7 -8
leaf_value=0.00047714403988991649 0.0012037094574994765 -0.0079077785157344541 -0.0062055391538888213 7.5778054769256952e-05 0.0074255697598511533 -0.00015223191076074727 -0.0031641485704526798
leaf_weight=141 26 11.000000000000002 9.9999999999999982 314 10.999999999999998 7.9999999999999991 17
leaf_count=141 26 11 10 314 11 8 17
internal_value=0 -0.000422128 0.000206971 -0.00011809 0.00305345 -0.00464229 8.53594e-05
internal_weight=0 177 361 324 37 19 158
internal_count=538 177 361 324 37 19 158
is_linear=0
shrinkage=0.1


Tree=391
num_leaves=8
num_cat=0
split_feature=0 7 20 4 49 15 18
split_gain=0.00449376 0.0276207 0.0248918 0.0154382 0.0266444 0.0144867 0.0117338
threshold=1.5890269151739729 1.0397207708399181 1.8688348091416842 1.8688348091416842 2.4563274428680266 1.0397207708399181 1.5890269151739729
decision_type=2 2 2 2 2 2 2
left_child=3 2 -2 4 -1 -3 -5
right_child=1 5 -4 6 -6 -7 -8
leaf_value=-0.0020652342169983863 2.9263726901262988e-05 -0.0031861433376824222 0.0076955785948990127 -0.00012507550418376916 0.0016808244069431756 8.5089235995039372e-05 -0.005069314866947631
leaf_weight=34 8.0000000000000018 13.999999999999998 8.9999999999999982 8.0000000000000018 43 410 11.999999999999998
leaf_count=34 8 14 9 8 43 410 12
internal_value=0 0.000135544 0.0040879 -0.000616236 2.67206e-05 -2.29232e-05 -0.00309162
internal_weight=0 441 17 97 77 424 20
internal_count=538 441 17 97 77 424 20
is_linear=0
shrinkage=0.1


Tree=392
num_leaves=4
num_cat=0
split_feature=83 83 100
split_gain=0.00448248 0.00651131 0.00643245
threshold=5.0104352440855866 4.6721295847709863 1.4978661367769959
decision_type=2 2 2
left_child=1 2 -1
right_child=-2 -3 -4
leaf_value=0.00053329878087664078 -0.0019110433000605555 0.0022537811426445844 -0.00024218295121976143
leaf_weight=152 11.999999999999998 12.999999999999998 361
leaf_count=152 12 13 361
internal_value=0 4.3598e-05 -1.24106e-05
internal_weight=0 526 513
internal_count=538 526 513
is_linear=0
shrinkage=0.1


Tree=393
num_leaves=7
num_cat=0
split_feature=34 38 25 44 98 29
split_gain=0.00475755 0.0411424 0.040455 0.0277184 0.0217576 0.0167216
threshold=6.6957614814153112 6.5424678079760454 8.8717803007626799 5.4337124689388192 4.1742689126930488 8.9914040699624831
decision_type=2 2 2 2 2 2
left_child=1 5 -2 -3 -4 -1
right_child=2 3 4 -5 -6 -7
leaf_value=0.00024934970437777247 0.0063207421705804082 -0.0057395395562274461 -0.0021286341208698492 0.00065715339034795768 0.00077988894333158023 -0.0034029345619134032
leaf_weight=351 10.999999999999998 21.000000000000004 35 9.9999999999999982 97 12.999999999999998
leaf_count=351 11 21 35 10 97 13
internal_value=0 -0.000178925 0.000494232 -0.00367609 8.68965e-06 0.000118911
internal_weight=0 395 143 31 132 364
internal_count=538 395 143 31 132 364
is_linear=0
shrinkage=0.1


Tree=394
num_leaves=8
num_cat=0
split_feature=7 8 62 97 3 9 101
split_gain=0.00450768 0.0280976 0.0273019 0.0249224 0.031856 0.0234973 0.0230557
threshold=4.4425820475484112 4.1107394736335969 3.1984648276080736 3.4175922930736511 3.1984648276080736 7.1514412406855525 2.5619819897016298
decision_type=2 2 2 2 2 2 2
left_child=3 2 -2 5 -5 -1 -3
right_child=1 6 -4 4 -6 -7 -8
leaf_value=-0.00034390664089083573 0.0014103977018277403 -0.0030428719284827824 0.0080616574734449394 -0.0061952600721269851 -0.00084236174459672653 0.0022001604305842194 0.00022574997092986144
leaf_weight=149 27 24 7.9999999999999991 13.999999999999998 54 48 214
leaf_count=149 27 24 8 14 54 48 214
internal_value=0 0.000285185 0.00293069 -0.000293795 -0.00194443 0.000275968 -0.000103859
internal_weight=0 273 35 265 68 197 238
internal_count=538 273 35 265 68 197 238
is_linear=0
shrinkage=0.1


Tree=395
num_leaves=6
num_cat=0
split_feature=80 50 38 80 80
split_gain=0.00452766 0.0256547 0.0234896 0.0213191 0.0106296
threshold=1.3565826508844905 5.7267999994427079 5.1298812082267613 1.1483426854334289 1.0012402502718538
decision_type=2 2 2 2 2
left_child=3 2 -2 4 -1
right_child=1 -3 -4 -5 -6
leaf_value=9.4236877278242249e-05 -0.0040003530991574131 -0.0051791578319601043 0.00086746545132707097 0.0049402030805746717 -0.0033774013320604958
leaf_weight=440 11.999999999999998 10.999999999999998 57 8.9999999999999982 8.9999999999999982
leaf_count=440 12 11 57 9 9
internal_value=0 -0.000694118 2.08883e-05 0.000121243 2.46495e-05
internal_weight=0 80 69 458 449
internal_count=538 80 69 458 449
is_linear=0
shrinkage=0.1


Tree=396
num_leaves=7
num_cat=0
split_feature=6 6 7 18 88 9
split_gain=0.00439264 0.014696 0.00858335 0.00856005 0.00769314 0.00235144
threshold=7.7989279262908573 7.9215345788822153 6.4828781749451823 7.6128232189448175 0.19426832083509774 10.170512958009056
decision_type=2 2 2 2 2 2
left_child=2 -2 3 -1 -4 -3
right_child=1 5 4 -5 -6 -7
leaf_value=-4.2003431398914757e-05 0.0048218754850267928 0.00078488308354280896 -0.0031920334324240678 0.0023844496343129627 0.00034369225031696262 -0.0016396971011999996
leaf_weight=473 8.0000000000000018 7.9999999999999991 16.000000000000004 14.999999999999998 9.9999999999999982 7.9999999999999991
leaf_count=473 8 8 16 15 10 8
internal_value=0 0.00132235 -6.17441e-05 3.25802e-05 -0.00183214 -0.000427407
internal_weight=0 24 514 488 26 16
internal_count=538 24 514 488 26 16
is_linear=0
shrinkage=0.1


Tree=397
num_leaves=7
num_cat=0
split_feature=26 25 31 29 10 0
split_gain=0.00445919 0.0223117 0.0243861 0.0202194 0.0147569 0.0136091
threshold=7.6656901861440971 9.8104929453185985 6.6411787611570974 10.105161019048667 7.0833653256100222 6.0591122774784898
decision_type=2 2 2 2 2 2
left_child=1 2 -1 -3 -2 -6
right_child=4 3 -4 -5 5 -7
leaf_value=3.3828128182137954e-05 -0.0048626244330080212 0.0068792966401411406 -0.0055329127462755423 0.00017616377315587468 0.0024231800906515367 -0.0025718159414827822
leaf_weight=482 8.0000000000000018 9.0000000000000018 7.9999999999999991 8.9999999999999982 12.000000000000002 9.9999999999999982
leaf_count=482 8 9 8 9 12 10
internal_value=0 6.99626e-05 -5.70574e-05 0.00352773 -0.0011847 0.000152727
internal_weight=0 508 490 18 30 22
internal_count=538 508 490 18 30 22
is_linear=0
shrinkage=0.1


Tree=398
num_leaves=4
num_cat=0
split_feature=88 70 57
split_gain=0.00434367 0.0123701 0.00961652
threshold=0.69138585858319512 0.69406187107593553 1.0698198067283418
decision_type=2 2 2
left_child=1 -1 -3
right_child=-2 2 -4
leaf_value=0.0037166215893295082 -0.0019667363132942809 -0.0012990507912242189 0.00012265420551048792
leaf_weight=8.9999999999999982 10.999999999999998 53 465
leaf_count=9 11 53 465
internal_value=0 4.10514e-05 -2.28098e-05
internal_weight=0 527 518
internal_count=538 527 518
is_linear=0
shrinkage=0.1


Tree=399
num_leaves=7
num_cat=0
split_feature=22 70 17 62 29 54
split_gain=0.00435514 0.0245585 0.0218745 0.0202222 0.0173193 0.0085297
threshold=7.5682890805829928 5.4847052631439075 9.5959403329115975 4.8713658868283671 9.6487035201237283 5.5333816772649813
decision_type=2 2 2 2 2 2
left_child=2 -2 4 -4 -1 -3
right_child=1 5 3 -5 -6 -7
leaf_value=4.8976310620704424e-05 -0.005961332395963837 0.0030565035849576816 0.0070046953740529692 0.0011336116522381251 -0.0028253216381100093 -0.00069503092207014562
leaf_weight=445 7.9999999999999991 7.9999999999999991 8.0000000000000018 22 22 25
leaf_count=445 8 8 8 22 22 25
internal_value=0 -0.000990595 8.17191e-05 0.00269923 -8.64296e-05 0.000214432
internal_weight=0 41 497 30 467 33
internal_count=538 41 497 30 467 33
is_linear=0
shrinkage=0.1


Tree=400
num_leaves=7
num_cat=0
split_feature=4 4 104 3 56 96
split_gain=0.00436257 0.0287516 0.0588614 0.0278213 0.0227521 0.0205444
threshold=4.8713658868283671 5.0688844241303981 1.4978661367769956 5.6733173626244016 5.1401994266131164 6.0718113043284854
decision_type=2 2 2 2 2 2
left_child=3 2 -2 5 -3 -1
right_child=1 4 -4 -5 -6 -7
leaf_value=0.00040731303415156273 0.0014465324681562682 0.004178597477193062 -0.0071479579187272227 0.0054054873436689375 -0.0001948187205042424 -0.0016434173368043818
leaf_weight=284 14.999999999999998 12.999999999999998 17 9.9999999999999982 140 59
leaf_count=284 15 13 17 10 140 59
internal_value=0 -0.000393352 -0.00311929 0.000206148 0.000176779 5.45635e-05
internal_weight=0 185 32 353 153 343
internal_count=538 185 32 353 153 343
is_linear=0
shrinkage=0.1


Tree=401
num_leaves=7
num_cat=0
split_feature=96 2 102 102 99 99
split_gain=0.00425424 0.0217761 0.0212803 0.0268584 0.020241 0.0171296
threshold=4.6681339642869872 4.9199542854466296 2.5619819897016298 2.0126758453675748 1.2424533248940004 1.7917594692280554
decision_type=2 2 2 2 2 2
left_child=2 5 3 -1 -3 -2
right_child=1 4 -4 -5 -6 -7
leaf_value=-0.00061100282183664 0.0046815171993027128 -0.0033398136296050834 -0.0040224567082865785 0.0034355038629942818 0.0001045976329474875 0.00047754900352585882
leaf_weight=120 18 18 14.999999999999998 19 327 21
leaf_count=120 18 18 15 19 327 21
internal_value=0 0.00017808 -0.000444043 -5.78832e-05 -7.51108e-05 0.00241784
internal_weight=0 384 154 139 345 39
internal_count=538 384 154 139 345 39
is_linear=0
shrinkage=0.1


Tree=402
num_leaves=7
num_cat=0
split_feature=8 60 3 7 101 53
split_gain=0.00447333 0.0469506 0.0178888 0.0238806 0.0136449 0.00921532
threshold=1.8688348091416842 1.9277263269698761 2.1910133173369415 1.0397207708399181 2.7058230259275202 0.53479999673873024
decision_type=2 2 2 2 2 2
left_child=2 -2 3 -1 -4 -3
right_child=1 5 4 -5 -6 -7
leaf_value=-0.00052281956139900692 0.0077330661471933133 0.0016894931159913539 0.0021702822328855597 -0.0050079949272912932 -0.0015236154338344934 -0.00012881917435096448
leaf_weight=46 7.9999999999999991 30 30 15.999999999999998 14.999999999999998 393
leaf_count=46 8 30 30 16 15 393
internal_value=0 0.000143674 -0.000578723 -0.00168028 0.000938983 1.39144e-07
internal_weight=0 431 107 62 45 423
internal_count=538 431 107 62 45 423
is_linear=0
shrinkage=0.1


Tree=403
num_leaves=8
num_cat=0
split_feature=53 42 30 17 2 10 6
split_gain=0.00485441 0.0238757 0.0318494 0.0256915 0.013273 0.0621247 0.0233464
threshold=1.0098148431803853 4.0428973506407848 1.0397207708399181 2.4563274428680266 5.8998635749973518 6.1673384599090708 5.8777318586263663
decision_type=2 2 2 2 2 2 2
left_child=1 2 -1 -3 5 -2 -6
right_child=4 3 -4 -5 6 -7 -8
leaf_value=0.0062709532339464517 0.00038800278259428189 -0.005757929350842129 -0.0010402433144358488 -0.000650187803431107 -0.0042854556680790015 0.0089172140126013103 -7.3321712301399773e-05
leaf_weight=11.000000000000002 167 10.999999999999998 12.999999999999998 94 13.999999999999998 8.9999999999999982 219
leaf_count=11 167 11 13 94 14 9 219
internal_value=0 -0.000534865 0.00231072 -0.00118528 0.000168698 0.000824156 -0.000326411
internal_weight=0 129 24 105 409 176 233
internal_count=538 129 24 105 409 176 233
is_linear=0
shrinkage=0.1


Tree=404
num_leaves=6
num_cat=0
split_feature=24 61 24 38 42
split_gain=0.00435966 0.0121741 0.00968635 0.0156974 0.0115273
threshold=6.6457289203085956 5.7388530398668856 6.073002059532028 7.5682890805829928 7.6128232189448175
decision_type=2 2 2 2 2
left_child=2 -2 3 -1 -4
right_child=1 -3 4 -5 -6
leaf_value=5.115067233418813e-05 -0.0044817161542596278 0.00047634005761490418 0.00051808202905314303 -0.0032348023925442247 0.0047956111944384046
leaf_weight=472 8.0000000000000018 12.999999999999998 21.000000000000004 14.999999999999998 8.9999999999999982
leaf_count=472 8 13 21 15 9
internal_value=0 -0.00141244 5.7372e-05 -5.00594e-05 0.00180134
internal_weight=0 21 517 487 30
internal_count=538 21 517 487 30
is_linear=0
shrinkage=0.1


Tree=405
num_leaves=7
num_cat=0
split_feature=0 79 59 69 2 99
split_gain=0.00408186 0.0350527 0.0490463 0.0319086 0.0181674 0.0132988
threshold=3.6632328069201612 2.7706317725792133 3.7839313027319412 3.6543273211683593 4.6150714996361826 3.8064155152036787
decision_type=2 2 2 2 2 2
left_child=1 4 -3 -2 -1 -5
right_child=3 2 -4 5 -6 -7
leaf_value=-0.00065066247813619403 0.0064678228925913574 -0.00011637405093227112 -0.0092858584783971319 0.0012798907909642107 0.0013002826018073859 -0.00029037307749101097
leaf_weight=123 7.9999999999999991 14.000000000000002 9.9999999999999982 70 78 235
leaf_count=123 8 14 10 70 78 235
internal_value=0 -0.000324877 -0.00393699 0.000233538 0.000106421 7.00154e-05
internal_weight=0 225 24 313 201 305
internal_count=538 225 24 313 201 305
is_linear=0
shrinkage=0.1


Tree=406
num_leaves=8
num_cat=0
split_feature=95 21 98 8 1 85 61
split_gain=0.00435621 0.0294913 0.0480418 0.0156257 0.0155767 0.0267669 0.0121149
threshold=6.1548017441785339 6.4295893882764688 1.4978661367769956 1.0397207708399181 6.4052270920020655 0.028591544580251347 1.7171965325533194
decision_type=2 2 2 2 2 2 2
left_child=1 2 -1 -3 5 -2 -6
right_child=4 3 -4 -5 6 -7 -8
leaf_value=0.00020190953989239298 -0.0043491918485545162 5.7228778488934038e-05 0.0092373747792508874 -0.0050204154686070979 0.0018695160315152918 0.0015712682895051939 -9.4470789008482825e-05
leaf_weight=17.000000000000004 21 25 8.9999999999999982 7.9999999999999991 34 11.999999999999998 412
leaf_count=17 21 25 9 8 34 12 412
internal_value=0 0.000810784 0.00332957 -0.00117372 -9.98669e-05 -0.0021963 5.52502e-05
internal_weight=0 59 26 33 479 33 446
internal_count=538 59 26 33 479 33 446
is_linear=0
shrinkage=0.1


Tree=407
num_leaves=7
num_cat=0
split_feature=30 30 53 17 53 72
split_gain=0.00480526 0.019069 0.0182624 0.0164864 0.0315713 0.0185561
threshold=4.1107394736335969 3.8703322009586212 2.8477523405893534 6.2085718078050585 1.3424540464534289 0.39940442784199204
decision_type=2 2 2 2 2 2
left_child=1 2 -1 4 -2 -5
right_child=3 -3 -4 5 -6 -7
leaf_value=0.00061609814308483059 -0.00086125258175242256 -0.0045421909117563204 -0.0026100533124838918 -0.00025219657287616995 0.0077725999522954229 0.0016499987911083739
leaf_weight=74 9.0000000000000018 10.999999999999998 23 353 7.9999999999999991 60
leaf_count=74 9 11 23 353 8 60
internal_value=0 -0.000596334 -0.000148866 0.000149777 0.00320174 2.41514e-05
internal_weight=0 108 97 430 17 413
internal_count=538 108 97 430 17 413
is_linear=0
shrinkage=0.1


Tree=408
num_leaves=7
num_cat=0
split_feature=20 60 62 28 28 50
split_gain=0.00488882 0.0294147 0.0259301 0.024042 0.0234188 0.014973
threshold=4.4601277074540464 4.166635176627655 3.0433873634561537 4.6101453514146771 3.9316333620047872 4.7534415364300813
decision_type=2 2 2 2 2 2
left_child=3 -2 -3 4 -1 -5
right_child=1 2 -4 5 -6 -7
leaf_value=-0.0003797241240634673 0.0063061385008040816 -0.0033984564906476365 0.00046479834632345461 -0.006327214785851536 0.0022563948260190393 -0.0009807429890233007
leaf_weight=248 7.9999999999999991 19 203 10.000000000000002 39 10.999999999999998
leaf_count=248 8 19 203 10 39 11
internal_value=0 0.000348837 0.000134159 -0.000260495 -2.15059e-05 -0.00352668
internal_weight=0 230 222 308 287 21
internal_count=538 230 222 308 287 21
is_linear=0
shrinkage=0.1


Tree=409
num_leaves=7
num_cat=0
split_feature=15 6 7 13 53 88
split_gain=0.00419065 0.017758 0.0356226 0.0144319 0.0132239 0.0108554
threshold=2.3937458713910238 5.4445775410940529 3.1984648276080736 6.459903229849254 3.1163551439773625 0.41040294975001845
decision_type=2 2 2 2 2 2
left_child=1 2 -1 -2 -3 -5
right_child=3 4 -4 5 -6 -7
leaf_value=-0.00044724494517730504 0.0035781187160561483 0.0055016555474139729 -0.0073564798571169382 -0.00031798085334673023 -8.6103620318075036e-05 0.00079906357274873302
leaf_weight=111 11.999999999999998 8.0000000000000018 7.9999999999999991 259 8.9999999999999982 131
leaf_count=111 12 8 8 259 9 131
internal_value=0 -0.000479836 -0.000911731 0.000162333 0.00254343 5.72315e-05
internal_weight=0 136 119 402 17 390
internal_count=538 136 119 402 17 390
is_linear=0
shrinkage=0.1


Tree=410
num_leaves=7
num_cat=0
split_feature=102 55 79 50 46 0
split_gain=0.00390923 0.0146378 0.00931838 0.0159592 0.0101275 0.00735748
threshold=4.8441560854355483 6.4052161636374949 4.1587609981435856 6.9809901934311904 7.1049533148507669 6.5381387766044883
decision_type=2 2 2 2 2 2
left_child=2 -2 4 -4 -1 -3
right_child=1 5 3 -5 -6 -7
leaf_value=0.00011428205894296141 -0.0045012984528309775 0.0024890857748687259 0.0022026295175733555 -0.0016737787186035088 -0.0012551928924891863 -0.0009283025904248158
leaf_weight=378 8.9999999999999982 9.0000000000000018 44 13.999999999999998 63 21
leaf_count=378 9 9 44 14 63 21
internal_value=0 -0.000964212 7.53592e-05 0.00126694 -8.13572e-05 9.69139e-05
internal_weight=0 39 499 58 441 30
internal_count=538 39 499 58 441 30
is_linear=0
shrinkage=0.1


Tree=411
num_leaves=8
num_cat=0
split_feature=20 17 89 17 20 99 86
split_gain=0.00423668 0.0275613 0.0380543 0.0335727 0.0208252 0.0429952 0.0153228
threshold=4.4601277074540464 8.4930825404151395 0.25411493024883131 8.7816318686317363 3.8499212036984933 1.7005986908310777 0.043118620480076558
decision_type=2 2 2 2 2 2 2
left_child=4 2 -2 -3 6 -6 -1
right_child=1 3 -4 -5 5 -7 -8
leaf_value=0.00099636723220738392 0.0065014836989575999 -0.0039092983740071459 -0.00020114419813681809 0.00032218191255482717 -0.0067615465643549606 -0.00044816416766286452 -0.00058107163522016397
leaf_weight=117 15.999999999999998 21 18 175 13.999999999999998 47 130
leaf_count=117 16 21 18 175 14 47 130
internal_value=0 0.000324738 0.00295303 -0.000131191 -0.000242499 -0.00189714 0.000166136
internal_weight=0 230 34 196 308 61 247
internal_count=538 230 34 196 308 61 247
is_linear=0
shrinkage=0.1


Tree=412
num_leaves=6
num_cat=0
split_feature=24 89 43 99 47
split_gain=0.00398048 0.0103444 0.00915669 0.0227157 0.00734098
threshold=6.6457289203085956 0.25411493024883131 6.6967872730998437 5.081385075233106 6.3385691053611444
decision_type=2 2 2 2 2
left_child=2 -2 4 -4 -1
right_child=1 -3 3 -5 -6
leaf_value=6.0281113001501678e-05 0.0003914492133145148 -0.0041788620699662717 0.0052876317741306989 -0.0010036591809087744 -0.0015796101515598853
leaf_weight=465 13.000000000000002 7.9999999999999991 11.000000000000002 11.999999999999998 29
leaf_count=465 13 8 11 12 29
internal_value=0 -0.00134962 5.48202e-05 0.00200522 -3.59878e-05
internal_weight=0 21 517 23 494
internal_count=538 21 517 23 494
is_linear=0
shrinkage=0.1


Tree=413
num_leaves=7
num_cat=0
split_feature=11 7 102 53 92 26
split_gain=0.00395863 0.0201028 0.018732 0.0233835 0.02298 0.012056
threshold=3.5408542930527882 3.0433873634561537 2.5619819897016298 1.7200870478363277 4.8003891233100573 4.5271940351011493
decision_type=2 2 2 2 2 2
left_child=2 -2 4 -4 -1 -3
right_child=1 5 3 -5 -6 -7
leaf_value=0.0045382771154188302 0.0051723355660215024 0.00230008683309121 -0.0059778862167149784 -0.00070175563534056508 -0.00018227350393620632 -7.8153973719832434e-05
leaf_weight=10.999999999999998 7.9999999999999991 23 11.999999999999998 28 165 291
leaf_count=11 8 23 12 28 165 291
internal_value=0 0.000222167 -0.000331194 -0.00228459 0.000112761 9.60484e-05
internal_weight=0 322 216 40 176 314
internal_count=538 322 216 40 176 314
is_linear=0
shrinkage=0.1


Tree=414
num_leaves=6
num_cat=0
split_feature=64 64 50 102 61
split_gain=0.00406564 0.0395067 0.0227197 0.0238039 0.00888467
threshold=2.359249435647548 2.5086399184074626 5.7267999994427079 0.8958797346140277 1.6652650319643241
decision_type=2 2 2 2 2
left_child=2 -2 3 -1 -3
right_child=1 4 -4 -5 -6
leaf_value=-0.0018899344661108713 0.0063340761116705835 0.0022201622180171611 -0.0046675359364598988 0.0017522291695441757 -0.00011100708478289483
leaf_weight=34 9.9999999999999982 17 11.999999999999998 38 427
leaf_count=34 10 17 12 38 427
internal_value=0 0.000118246 -0.000639089 3.23186e-05 -2.17506e-05
internal_weight=0 454 84 72 444
internal_count=538 454 84 72 444
is_linear=0
shrinkage=0.1


Tree=415
num_leaves=7
num_cat=0
split_feature=36 64 69 18 92 84
split_gain=0.0041823 0.023641 0.0332484 0.02426 0.0212069 0.0103291
threshold=4.9199542854466296 4.6515610527135758 3.1733554039158953 6.5027799309307239 5.091405927956882 0.63456902303092944
decision_type=2 2 2 2 2 2
left_child=4 2 -2 -3 5 -1
right_child=1 3 -4 -5 -6 -7
leaf_value=-0.00014661900013432209 -0.0016755953751271585 -0.002019476143637307 0.0064058250269486711 0.00076619080549688895 -0.0047341720480471852 0.0034879315528087321
leaf_weight=346 8.0000000000000018 44 13.999999999999998 108 9.9999999999999982 7.9999999999999991
leaf_count=346 8 44 14 108 10 8
internal_value=0 0.000403267 0.00346713 -4.01865e-05 -0.00019277 -6.44823e-05
internal_weight=0 174 22 152 364 354
internal_count=538 174 22 152 364 354
is_linear=0
shrinkage=0.1


Tree=416
num_leaves=7
num_cat=0
split_feature=23 27 30 19 22 92
split_gain=0.00390569 0.0333359 0.0255531 0.0197061 0.0101153 0.00857914
threshold=6.0258543048053959 6.0844968186443777 6.8490612221579648 6.2934175704989839 6.8987099522022222 5.1080999164059246
decision_type=2 2 2 2 2 2
left_child=1 5 3 -2 -4 -1
right_child=2 -3 4 -5 -6 -7
leaf_value=-7.8595191557929555e-05 -0.0077357376925647264 0.0058336086664348844 0.0029677465346387845 -0.00071682230336591604 -0.00029748155283269243 0.0027503619139844725
leaf_weight=421 7.9999999999999991 9.9999999999999982 10.999999999999998 7.9999999999999991 69 10.999999999999998
leaf_count=421 8 10 11 8 69 11
internal_value=0 0.000125569 -0.000578141 -0.00422628 0.000151487 -6.56156e-06
internal_weight=0 442 96 16 80 432
internal_count=538 442 96 16 80 432
is_linear=0
shrinkage=0.1


Tree=417
num_leaves=7
num_cat=0
split_feature=6 6 8 103 33 101
split_gain=0.0036933 0.00978798 0.00680971 0.0188318 0.0164374 0.00169336
threshold=7.7989279262908573 7.9215345788822153 5.5234569284970156 5.2857353797162627 9.996971259901386 5.4970338347534877
decision_type=2 2 2 2 2 2
left_child=2 -2 4 -4 -1 -3
right_child=1 5 3 -5 -6 -7
leaf_value=-9.6893596959506521e-06 0.0040685142070287818 0.00081329969107173388 -0.0055261912290006879 -0.00038877005372066353 0.0037428907739619414 -0.001244224957190454
leaf_weight=428 8.0000000000000018 7.9999999999999991 7.9999999999999991 66 11.999999999999998 7.9999999999999991
leaf_count=428 8 8 8 66 12 8
internal_value=0 0.00121253 -5.66162e-05 -0.000944167 9.26537e-05 -0.000215463
internal_weight=0 24 514 74 440 16
internal_count=538 24 514 74 440 16
is_linear=0
shrinkage=0.1


Tree=418
num_leaves=8
num_cat=0
split_feature=53 53 87 46 2 92 12
split_gain=0.00350891 0.0208161 0.0381154 0.0292193 0.0101355 0.0243772 0.020142
threshold=1.0098148431803853 0.53479999673873024 0.3812909119038721 5.3229980813168991 5.2310943182715759 4.8822073219298732 2.602003343538398
decision_type=2 2 2 2 2 2 2
left_child=1 3 -3 -1 5 -2 -6
right_child=4 2 -4 -5 6 -7 -8
leaf_value=0.003053985964756326 0.0030971803806702763 -0.00026890958632485798 -0.0070823228976223621 -0.00082846566709497628 -0.003614992256188998 -5.5173034371517888e-05 3.3039174091494977e-05
leaf_weight=28 36 26 11.999999999999998 63 15.999999999999998 77 280
leaf_count=28 36 26 12 63 16 77 280
internal_value=0 -0.000454738 -0.00242051 0.000366135 0.000143426 0.000949117 -0.000164152
internal_weight=0 129 38 91 409 113 296
internal_count=538 129 38 91 409 113 296
is_linear=0
shrinkage=0.1


Tree=419
num_leaves=8
num_cat=0
split_feature=30 34 102 27 23 25 17
split_gain=0.00360264 0.0173704 0.0201613 0.0163905 0.0186963 0.0157887 0.0115852
threshold=5.3844529770182641 5.4116061905722832 3.6105525490912482 4.0689902272260703 4.1107394736335969 7.9851308890155055 7.8379451035080754
decision_type=2 2 2 2 2 2 2
left_child=3 2 -2 4 -1 -5 -3
right_child=1 6 -4 5 -6 -7 -8
leaf_value=-0.00020442232067580335 0.0050724173150956623 -0.0020983988972147929 -0.00072432302869856362 -0.0053145178438474723 0.0042262830218533056 -0.00044798805979856608 0.00020092942724067331
leaf_weight=200 15.000000000000002 24 9.9999999999999982 12.000000000000002 9.9999999999999982 14.999999999999998 252
leaf_count=200 15 24 10 12 10 15 252
internal_value=0 0.00022962 0.00275372 -0.000291627 6.56365e-06 -0.00261089 9.87834e-07
internal_weight=0 301 25 237 210 27 276
internal_count=538 301 25 237 210 27 276
is_linear=0
shrinkage=0.1


Tree=420
num_leaves=5
num_cat=0
split_feature=101 23 27 30
split_gain=0.00354862 0.00403598 0.0249045 0.0247462
threshold=6.2538214150710614 6.0258543048053959 6.0844968186443777 6.8490612221579648
decision_type=2 2 2 2
left_child=1 2 -1 -3
right_child=-2 3 -4 -5
leaf_value=4.3328666502137649e-05 -0.0020904100500047209 -0.0044415519373225314 0.0050918718436150819 0.00012006260678643668
leaf_weight=427 7.9999999999999991 13.999999999999998 9.9999999999999982 79
leaf_count=427 8 14 10 79
internal_value=0 3.15534e-05 0.000158856 -0.000566632
internal_weight=0 530 437 93
internal_count=538 530 437 93
is_linear=0
shrinkage=0.1


Tree=421
num_leaves=6
num_cat=0
split_feature=42 39 46 40 86
split_gain=0.00376876 0.0269955 0.0140161 0.00908251 0.00570656
threshold=7.2370217595840707 6.5395483652441291 7.3862220341502232 5.9121425003881845 0.69099487511415081
decision_type=2 2 2 2 2
left_child=1 4 -2 -4 -1
right_child=2 -3 3 -5 -6
leaf_value=4.9280156674393954e-05 -0.0036514286596614587 0.0055217821008732753 0.0029097073297533727 -0.00059088891943074066 -0.0021601184581716854
leaf_weight=453 12.999999999999998 8.9999999999999982 8.9999999999999982 42 11.999999999999998
leaf_count=453 13 9 9 42 12
internal_value=0 9.72543e-05 -0.00072029 2.68634e-05 -7.73658e-06
internal_weight=0 474 64 51 465
internal_count=538 474 64 51 465
is_linear=0
shrinkage=0.1


Tree=422
num_leaves=4
num_cat=0
split_feature=88 70 98
split_gain=0.00357818 0.00710793 0.00738362
threshold=0.69138585858319512 0.69406187107593553 4.1742689126930488
decision_type=2 2 2
left_child=1 -1 -3
right_child=-2 2 -4
leaf_value=0.0028234436590638427 -0.0017850443382154812 -0.00037438938126736581 0.00038126602853754961
leaf_weight=8.9999999999999982 10.999999999999998 269 249
leaf_count=9 11 269 249
internal_value=0 3.7259e-05 -1.11496e-05
internal_weight=0 527 518
internal_count=538 527 518
is_linear=0
shrinkage=0.1


Tree=423
num_leaves=6
num_cat=0
split_feature=95 98 1 61 88
split_gain=0.00384761 0.0246527 0.0172414 0.012774 0.00683552
threshold=6.4052270920020655 3.4334666422309414 6.4052270920020655 2.8581072679390505 0.41040294975001845
decision_type=2 2 2 2 2
left_child=1 3 -2 -1 -4
right_child=2 -3 4 -5 -6
leaf_value=0.00053304551073107061 -0.0035711855428027257 0.005899803503416479 -0.00028557128467109077 -0.0034725321844841042 0.00055244957672572403
leaf_weight=69 13.999999999999998 7.9999999999999991 292 8.9999999999999982 146
leaf_count=69 14 8 292 9 146
internal_value=0 0.00061309 -0.00011665 7.08635e-05 -6.231e-06
internal_weight=0 86 452 78 438
internal_count=538 86 452 78 438
is_linear=0
shrinkage=0.1


Tree=424
num_leaves=8
num_cat=0
split_feature=52 101 3 15 99 58 79
split_gain=0.00367331 0.0267101 0.0207136 0.0283974 0.0156993 0.0139602 0.0115175
threshold=4.7999057951650004 5.0906732680195743 5.3229028885512628 3.8276953224130765 4.6539149966267201 4.4601277074540464 3.4006415172358104
decision_type=2 2 2 2 2 2 2
left_child=1 4 3 -2 -1 -4 -3
right_child=2 6 5 -5 -6 -7 -8
leaf_value=0.00024368862920051346 0.0016696387720811692 0.0015044220439449419 -0.0035599017096683383 -0.0052099650525229265 -0.0019983816449530424 0.00029141745188098871 0.0068703911732882266
leaf_weight=290 9.0000000000000018 7.9999999999999991 9.9999999999999982 18 35 160 7.9999999999999991
leaf_count=290 9 8 10 18 35 160 8
internal_value=0 0.000198607 -0.000343781 -0.00291676 2.23491e-06 6.48693e-05 0.00418741
internal_weight=0 341 197 27 325 170 16
internal_count=538 341 197 27 325 170 16
is_linear=0
shrinkage=0.1


Tree=425
num_leaves=7
num_cat=0
split_feature=8 60 3 7 101 10
split_gain=0.00363737 0.0336504 0.0122011 0.0146732 0.00973652 0.00962726
threshold=1.8688348091416842 1.9277263269698761 2.1910133173369415 1.0397207708399181 2.7058230259275202 1.5890269151739729
decision_type=2 2 2 2 2 2
left_child=2 -2 3 -1 -4 -3
right_child=1 5 4 -5 -6 -7
leaf_value=-0.00052430379937109335 0.0065546858822926879 0.0030739279114641253 0.0017716824403032662 -0.0040400669866357932 -0.0013486578191320101 -6.6194486520737959e-05
leaf_weight=46 7.9999999999999991 9.9999999999999982 30 15.999999999999998 14.999999999999998 413
leaf_count=46 8 10 30 16 15 413
internal_value=0 0.000129556 -0.000521855 -0.0014316 0.000731569 8.04009e-06
internal_weight=0 431 107 62 45 423
internal_count=538 431 107 62 45 423
is_linear=0
shrinkage=0.1


Tree=426
num_leaves=8
num_cat=0
split_feature=30 102 33 1 21 21 72
split_gain=0.00374963 0.0154726 0.0285574 0.0234498 0.0116166 0.0471486 0.0129636
threshold=4.1107394736335969 0.8958797346140277 6.102556092217525 6.380116791391317 6.380116791391317 6.232291670340838 0.39940442784199204
decision_type=2 2 2 2 2 2 2
left_child=1 2 -1 -3 5 -2 -6
right_child=4 3 -4 -5 6 -7 -8
leaf_value=0.00080552785851371791 -0.00098776206684609235 0.0056530567475419962 -0.0038577623453577344 -0.00020369749365775709 -0.00021900740756453682 0.0085184562485665083 0.00140724801489054
leaf_weight=24 15.000000000000002 7.9999999999999991 29 47 350 7.9999999999999991 57
leaf_count=24 15 8 29 47 350 8 57
internal_value=0 -0.000526776 -0.00174608 0.000648194 0.000132306 0.00231875 8.74827e-06
internal_weight=0 108 53 55 430 23 407
internal_count=538 108 53 55 430 23 407
is_linear=0
shrinkage=0.1


Tree=427
num_leaves=6
num_cat=0
split_feature=80 50 38 80 80
split_gain=0.00389629 0.0151556 0.0184035 0.0143533 0.00876527
threshold=1.3565826508844905 5.7267999994427079 5.1298812082267613 1.1483426854334289 1.0012402502718538
decision_type=2 2 2 2 2
left_child=3 2 -2 4 -1
right_child=1 -3 -4 -5 -6
leaf_value=9.6405855696172119e-05 -0.0036537160786489645 -0.0040911310669881377 0.00065499316194307135 0.0040665441710087983 -0.0030561161951886285
leaf_weight=440 11.999999999999998 10.999999999999998 57 8.9999999999999982 8.9999999999999982
leaf_count=440 12 11 57 9 9
internal_value=0 -0.000643905 -9.43476e-05 0.000112473 3.3215e-05
internal_weight=0 80 69 458 449
internal_count=538 80 69 458 449
is_linear=0
shrinkage=0.1


Tree=428
num_leaves=8
num_cat=0
split_feature=25 88 95 26 16 18 35
split_gain=0.00350225 0.0180689 0.0268483 0.0169177 0.0318216 0.016253 0.0154972
threshold=6.5792357796731817 0.5016519545637167 5.6899940907710844 4.5053345884235583 1.0397207708399181 4.5271940351011493 1.9356005054539458
decision_type=2 2 2 2 2 2 2
left_child=1 2 -1 4 -2 -5 -3
right_child=3 6 -4 5 -6 -7 -8
leaf_value=0.0051526007242500785 -0.0017015224046190271 -0.0042105096505838449 -0.00038669196786941031 -0.0027290682045118461 0.0037896975664602171 7.1468140541234115e-05 0.00033514438352237147
leaf_weight=9.9999999999999982 15.999999999999998 20 70 22 31 357 11.999999999999998
leaf_count=10 16 20 70 22 31 357 12
internal_value=0 -0.000497597 0.00030572 0.000130824 0.00192035 -9.1096e-05 -0.00250589
internal_weight=0 112 80 426 47 379 32
internal_count=538 112 80 426 47 379 32
is_linear=0
shrinkage=0.1


Tree=429
num_leaves=6
num_cat=0
split_feature=4 13 22 53 70
split_gain=0.00352041 0.0108325 0.00660107 0.00423957 0.00203204
threshold=6.4800257426481824 10.151271422546131 7.5682890805829928 4.0890920313967509 6.5787335779130212
decision_type=2 2 2 2 2
left_child=1 2 -1 -2 -5
right_child=3 -3 -4 4 -6
leaf_value=7.2509797400925895e-05 -0.003023994987597688 0.003500600624829531 -0.0018279554028260083 0.00081928915395918791 -0.0011354303166556817
leaf_weight=480 8.0000000000000018 8.9999999999999982 19 9.0000000000000018 12.999999999999998
leaf_count=480 8 9 19 9 13
internal_value=0 6.21633e-05 1.47395e-07 -0.00105263 -0.000335772
internal_weight=0 508 499 30 22
internal_count=538 508 499 30 22
is_linear=0
shrinkage=0.1


Tree=430
num_leaves=7
num_cat=0
split_feature=20 20 24 31 16 28
split_gain=0.00323855 0.0287911 0.0221224 0.0207585 0.0146653 0.0100145
threshold=4.6101453514146771 4.8441560854355483 4.7273486598447958 4.1107394736335969 4.744894319750431 3.9316333620047872
decision_type=2 2 2 2 2 2
left_child=2 3 5 -2 -3 -1
right_child=1 4 -4 -5 -6 -7
leaf_value=-0.00029767614291469286 -0.00036176566500216711 -0.002860574531627612 -0.0040882028007347675 0.0053207466909144492 0.00014195245382039856 0.0011602783671997745
leaf_weight=251 10.000000000000002 18 13.999999999999998 18 169 58
leaf_count=251 10 18 14 18 169 58
internal_value=0 0.000300723 -0.000200172 0.00329128 -0.000147061 -2.40148e-05
internal_weight=0 215 323 28 187 309
internal_count=538 215 323 28 187 309
is_linear=0
shrinkage=0.1


Tree=431
num_leaves=5
num_cat=0
split_feature=83 83 58 83
split_gain=0.00319182 0.00476885 0.0143084 0.00872361
threshold=5.0104352440855866 4.543238182376899 4.1971736807086968 4.0430512611678848
decision_type=2 2 2 2
left_child=1 3 -3 -1
right_child=-2 2 -4 -5
leaf_value=5.3380248376287806e-05 -0.0016126147160927457 -0.0010112096404191104 0.0044848483107570144 -0.002319366903975606
leaf_weight=491 11.999999999999998 10.000000000000002 8.9999999999999982 15.999999999999998
leaf_count=491 12 10 9 16
internal_value=0 3.67897e-05 0.00159219 -2.14993e-05
internal_weight=0 526 19 507
internal_count=538 526 19 507
is_linear=0
shrinkage=0.1


Tree=432
num_leaves=5
num_cat=0
split_feature=89 89 103 92
split_gain=0.00333672 0.00486254 0.00766335 0.00511699
threshold=0.68898286849858714 0.68312215049854697 4.9904094477362264 4.795527401690272
decision_type=2 2 2 2
left_child=1 3 -3 -1
right_child=-2 2 -4 -5
leaf_value=0.0008145995187917904 -0.00147052979717652 0.0037074538749746139 -0.00054625316406600179 -0.0001358006286222721
leaf_weight=65 14.999999999999998 9.0000000000000018 7.9999999999999991 441
leaf_count=65 15 9 8 441
internal_value=0 4.21758e-05 0.00170571 -1.37137e-05
internal_weight=0 523 17 506
internal_count=538 523 17 506
is_linear=0
shrinkage=0.1


Tree=433
num_leaves=6
num_cat=0
split_feature=80 9 9 80 80
split_gain=0.00324599 0.0130367 0.0234279 0.0113365 0.00681381
threshold=1.3565826508844905 6.6346324944835127 7.0850628910679374 1.1483426854334289 0.87991321106252307
decision_type=2 2 2 2 2
left_child=3 -2 -3 4 -1
right_child=1 2 -4 -5 -6
leaf_value=0.00010464319610305148 0.0024510868301149459 -0.0051337171268338961 -0.00026475039638691153 0.0036167141877942615 -0.0020631995478955409
leaf_weight=434 11.999999999999998 11.999999999999998 56 8.9999999999999982 14.999999999999998
leaf_count=434 12 12 56 9 15
internal_value=0 -0.00058772 -0.00112398 0.000102658 3.22208e-05
internal_weight=0 80 68 458 449
internal_count=538 80 68 458 449
is_linear=0
shrinkage=0.1


Tree=434
num_leaves=7
num_cat=0
split_feature=102 55 103 87 103 0
split_gain=0.00311011 0.0109778 0.0087865 0.00826 0.00824978 0.00532313
threshold=4.8441560854355483 6.4052161636374949 6.577860390529163 0.3941415538538327 6.4377196487123589 6.5381387766044883
decision_type=2 2 2 2 2 2
left_child=2 -2 4 -4 -1 -3
right_child=1 5 3 -5 -6 -7
leaf_value=2.8362775052513614e-05 -0.0039231574990683136 0.0020936561101633634 0.0029566388920341663 -0.00087381282355636358 -0.0028747995011508469 -0.00081313001435427451
leaf_weight=462 8.9999999999999982 9.0000000000000018 19.000000000000004 7.9999999999999991 9.9999999999999982 21
leaf_count=462 9 9 19 8 10 21
internal_value=0 -0.000860032 6.72169e-05 0.00182169 -3.31449e-05 5.89058e-05
internal_weight=0 39 499 27 472 30
internal_count=538 39 499 27 472 30
is_linear=0
shrinkage=0.1


Tree=435
num_leaves=7
num_cat=0
split_feature=6 6 3 68 104 9
split_gain=0.00309876 0.00658418 0.00657404 0.0114709 0.0111456 0.00133784
threshold=7.7989279262908573 7.9215345788822153 6.2557039891096373 5.1936734822099462 2.1383330595080281 10.170512958009056
decision_type=2 2 2 2 2 2
left_child=2 -2 4 -4 -1 -3
right_child=1 5 3 -5 -6 -7
leaf_value=-0.00012428859218060787 0.0034530492150224735 0.00085386919672600934 0.0011939558813658855 -0.0020974867443631713 0.0013263689066602116 -0.00097495727823115885
leaf_weight=402 8.0000000000000018 7.9999999999999991 14.999999999999998 36 61 7.9999999999999991
leaf_count=402 8 8 15 36 61 8
internal_value=0 0.00111065 -5.18593e-05 -0.00112942 6.68347e-05 -6.0544e-05
internal_weight=0 24 514 51 463 16
internal_count=538 24 514 51 463 16
is_linear=0
shrinkage=0.1


Tree=436
num_leaves=8
num_cat=0
split_feature=100 102 15 9 48 18 13
split_gain=0.00323289 0.0254932 0.0457483 0.0239544 0.0320155 0.0249381 0.0176363
threshold=3.1132683346437333 2.3502401828962087 3.0433873634561537 8.766063967111192 4.6150714996361826 6.1673384599090708 7.3287612361611201
decision_type=2 2 2 2 2 2 2
left_child=3 2 -2 5 -5 -1 -3
right_child=1 6 -4 4 -6 -7 -8
leaf_value=0.00032391180222233139 0.0031604462116956709 -0.003756815614178777 -0.0047190853868544639 0.0084811557637294709 0.00016705470636886523 -0.002947163668711885 0.00034663997081955727
leaf_weight=225 9.9999999999999982 10.999999999999998 28 8.0000000000000018 10.999999999999998 26 219
leaf_count=225 10 11 28 8 11 26 219
internal_value=0 -0.000246048 -0.00264552 0.000244225 0.00366773 -1.49247e-05 0.000150388
internal_weight=0 268 38 270 19 251 230
internal_count=538 268 38 270 19 251 230
is_linear=0
shrinkage=0.1


Tree=437
num_leaves=7
num_cat=0
split_feature=4 3 4 104 2 3
split_gain=0.0035793 0.019376 0.0178052 0.034699 0.0142475 0.0130717
threshold=4.8713658868283671 5.6733173626244016 5.0688844241303981 1.4978661367769956 6.680847594457533 5.5490685147005907
decision_type=2 2 2 2 2 2
left_child=1 5 3 -2 -4 -1
right_child=2 -3 4 -5 -6 -7
leaf_value=0.00015562282873062615 0.0010041514815141758 0.0045257522165775303 0.0019325326464957361 -0.0055946239188094347 -0.00041368120423915879 -0.0039345836907159542
leaf_weight=335 14.999999999999998 9.9999999999999982 33 17 120 7.9999999999999991
leaf_count=335 15 10 33 17 120 8
internal_value=0 0.000186727 -0.000356295 -0.00250145 9.23649e-05 6.02244e-05
internal_weight=0 353 185 32 153 343
internal_count=538 353 185 32 153 343
is_linear=0
shrinkage=0.1


Tree=438
num_leaves=7
num_cat=0
split_feature=34 17 42 46 1 26
split_gain=0.00315868 0.0143989 0.0137577 0.0421518 0.0252518 0.0128991
threshold=4.3693677306817369 6.2085718078050585 4.0428973506407848 4.1430087342023825 4.8361559147623279 3.9505035259962109
decision_type=2 2 2 2 2 2
left_child=2 -2 3 -1 -4 -3
right_child=1 5 4 -5 -6 -7
leaf_value=-0.00041959908617000222 0.0035522516098959993 0.0035808303463272756 -0.0069177990313619379 0.0068033485299868815 -0.00075017053742881107 -5.7527798929226825e-05
leaf_weight=79 11.999999999999998 9.9999999999999982 7.9999999999999991 8.9999999999999982 39 381
leaf_count=79 12 10 8 9 39 381
internal_value=0 0.000140241 -0.000418646 0.000319111 -0.00179998 3.55248e-05
internal_weight=0 403 135 88 47 391
internal_count=538 403 135 88 47 391
is_linear=0
shrinkage=0.1


Tree=439
num_leaves=7
num_cat=0
split_feature=25 38 46 29 30 10
split_gain=0.00334968 0.0162325 0.0208374 0.0150295 0.0197154 0.00670874
threshold=6.5792357796731817 4.8322978221268906 4.7790881836238563 6.6346324944835127 1.0397207708399181 4.8597823571876004
decision_type=2 2 2 2 2 2
left_child=1 2 -1 5 -5 -2
right_child=3 -3 -4 4 -6 -7
leaf_value=-0.00062760077356682005 0.0051823762536514556 -0.0039619458373636009 0.003664699993812694 -0.0041657842568714517 0.00012574409828764938 0.0010870299622183666
leaf_weight=87 7.9999999999999991 11.999999999999998 12.999999999999998 10.999999999999998 399 7.9999999999999991
leaf_count=87 8 12 13 11 399 8
internal_value=0 -0.000486639 -6.96017e-05 0.000127943 1.06055e-05 0.0031347
internal_weight=0 112 100 426 410 16
internal_count=538 112 100 426 410 16
is_linear=0
shrinkage=0.1


Tree=440
num_leaves=6
num_cat=0
split_feature=45 47 57 37 47
split_gain=0.00306635 0.0117448 0.0206452 0.00939364 0.00835415
threshold=10.135574889458775 6.6411787611570974 3.2341894981791213 10.368791706761892 6.4199896230229241
decision_type=2 2 2 2 2
left_child=1 4 -3 -2 -1
right_child=3 2 -4 -5 -6
leaf_value=3.1859527960986881e-05 -0.003064591375490029 -0.00087473657258669852 0.0063094767567235983 0.00098111157660076237 -0.0025368293930883878
leaf_weight=486 12.000000000000002 7.9999999999999991 7.9999999999999991 10.999999999999998 12.999999999999998
leaf_count=486 12 8 8 11 13
internal_value=0 5.04522e-05 0.00271737 -0.00112969 -3.50602e-05
internal_weight=0 515 16 23 499
internal_count=538 515 16 23 499
is_linear=0
shrinkage=0.1


Tree=441
num_leaves=6
num_cat=0
split_feature=24 28 32 33 23
split_gain=0.00315712 0.00911924 0.00600358 0.0124021 0.0106368
threshold=6.6457289203085956 6.8607889145193743 6.1882451489106529 9.6138678460593976 6.459903229849254
decision_type=2 2 2 2 2
left_child=2 -2 3 -1 -4
right_child=1 -3 4 -5 -6
leaf_value=9.830104822321632e-05 -0.003608200950677402 0.00060271946495049633 0.00024020790413487701 -0.0019684532905117637 0.0045546487264800815
leaf_weight=458 9.0000000000000018 11.999999999999998 20.000000000000004 31 7.9999999999999991
leaf_count=458 9 12 20 31 8
internal_value=0 -0.00120196 4.88224e-05 -3.27202e-05 0.00147291
internal_weight=0 21 517 489 28
internal_count=538 21 517 489 28
is_linear=0
shrinkage=0.1


Tree=442
num_leaves=4
num_cat=0
split_feature=46 46 33
split_gain=0.0031976 0.00643847 0.00716292
threshold=8.0352736676878198 7.726064650938091 10.135574889458775
decision_type=2 2 2
left_child=1 2 -1
right_child=-2 -3 -4
leaf_value=3.4392445818076105e-05 -0.0016140731725802955 0.0021525978410084335 -0.0025452820670166564
leaf_weight=501 11.999999999999998 13.999999999999998 10.999999999999998
leaf_count=501 12 14 11
internal_value=0 3.6823e-05 -2.10302e-05
internal_weight=0 526 512
internal_count=538 526 512
is_linear=0
shrinkage=0.1


Tree=443
num_leaves=6
num_cat=0
split_feature=30 68 31 7 74
split_gain=0.0031081 0.0153638 0.0127733 0.0112946 0.00815579
threshold=5.3844529770182641 4.0423533647283092 4.8441560854355483 5.4424083402947536 0.33846625721019075
decision_type=2 2 2 2 2
left_child=2 -2 3 -1 -3
right_child=1 4 -4 -5 -6
leaf_value=-0.000261964004876573 0.0034480432464208989 0.00027620131301252205 -0.0034497755605343628 0.0030237007002473218 -0.0012320246048537749
leaf_weight=214 13.999999999999998 245 11.999999999999998 10.999999999999998 42
leaf_count=214 14 245 12 11 42
internal_value=0 0.000213279 -0.000270873 -0.000101332 5.54853e-05
internal_weight=0 301 237 225 287
internal_count=538 301 237 225 287
is_linear=0
shrinkage=0.1


Tree=444
num_leaves=7
num_cat=0
split_feature=96 97 61 70 13 31
split_gain=0.00296153 0.015569 0.0136874 0.0125743 0.0174147 0.0116957
threshold=4.6681339642869872 2.1910133173369415 1.6652650319643241 0.69473072495616039 4.9542375470235838 5.6418819206652282
decision_type=2 2 2 2 2 2
left_child=3 5 -3 -1 -5 -2
right_child=1 2 -4 4 -6 -7
leaf_value=-0.0042307163239456713 0.0038256457173510595 0.0036173234181478622 -0.00013540729898175866 0.0027534319087862968 -0.00056852307889130314 -0.00055051861951748533
leaf_weight=7.9999999999999991 19.000000000000004 9.9999999999999982 346 18 128 8.9999999999999982
leaf_count=8 19 10 346 18 128 9
internal_value=0 0.00014858 -2.99935e-05 -0.000370486 -0.000158967 0.00241902
internal_weight=0 384 356 154 146 28
internal_count=538 384 356 154 146 28
is_linear=0
shrinkage=0.1


Tree=445
num_leaves=8
num_cat=0
split_feature=15 61 69 10 6 99 53
split_gain=0.00318916 0.0110108 0.0114566 0.0110963 0.0107073 0.0236243 0.00822124
threshold=2.3937458713910238 1.7171965325533194 3.0427468935567918 4.5053345884235583 5.4445775410940529 4.2413008733233104 3.1163551439773625
decision_type=2 2 2 2 2 2 2
left_child=4 3 -3 -2 5 -1 -6
right_child=1 2 -4 -5 6 -7 -8
leaf_value=-0.00028210891013318739 0.00081122714493955881 -0.0019496933448993202 0.00015357039599252133 0.0051877914916985905 0.0042614800884621202 -0.0049613000825047496 -0.00014434013929631975
leaf_weight=107 21.000000000000004 28 345 7.9999999999999991 8.0000000000000018 11.999999999999998 8.9999999999999982
leaf_count=107 21 28 345 8 8 12 9
internal_value=0 0.000141613 -4.31535e-06 0.00201856 -0.000418592 -0.00075396 0.00192899
internal_weight=0 402 373 29 136 119 17
internal_count=538 402 373 29 136 119 17
is_linear=0
shrinkage=0.1


Tree=446
num_leaves=5
num_cat=0
split_feature=101 79 57 46
split_gain=0.0028351 0.00329839 0.0111521 0.00685
threshold=6.2538214150710614 4.1587609981435856 4.1089267698048113 7.1049533148507669
decision_type=2 2 2 2
left_child=1 3 -3 -1
right_child=-2 2 -4 -5
leaf_value=8.2468882340677122e-05 -0.0018684692331589758 0.0025980536808457972 -0.00011777734934757636 -0.001040939626534329
leaf_weight=392 7.9999999999999991 21 54 63
leaf_count=392 8 21 54 63
internal_value=0 2.82033e-05 0.000642655 -7.308e-05
internal_weight=0 530 75 455
internal_count=538 530 75 455
is_linear=0
shrinkage=0.1


Tree=447
num_leaves=7
num_cat=0
split_feature=39 38 39 43 44 45
split_gain=0.00283941 0.0183697 0.0132283 0.0106721 0.00758484 0.00626965
threshold=6.1964420537984912 6.8068195709628032 6.2557039891096373 6.0958144170488824 5.8664640443659364 9.1514147604856415
decision_type=2 2 2 2 2 2
left_child=3 -2 -3 5 -5 -1
right_child=1 2 -4 4 -6 -7
leaf_value=-0.00013570898324890274 0.0050938862957991661 0.0038899060629773888 -0.00041586205532605003 -0.0048116292338818319 -0.00045707939134445044 0.0010863800463762055
leaf_weight=393 7.9999999999999991 7.9999999999999991 66 7.9999999999999991 7.9999999999999991 47
leaf_count=393 8 8 66 8 8 47
internal_value=0 0.000541749 4.96264e-05 -9.74198e-05 -0.00263435 -5.16766e-06
internal_weight=0 82 74 456 16 440
internal_count=538 82 74 456 16 440
is_linear=0
shrinkage=0.1


Tree=448
num_leaves=6
num_cat=0
split_feature=6 4 3 68 104
split_gain=0.00272746 0.00537614 0.00531957 0.00978636 0.00922959
threshold=7.7989279262908573 6.4800257426481824 6.2557039891096373 5.1936734822099462 2.1383330595080281
decision_type=2 2 2 2 2
left_child=2 -2 4 -4 -1
right_child=1 -3 3 -5 -6
leaf_value=-0.00011580406666579263 0.0028128907270729532 -0.0002229362925780671 0.0011280449743693074 -0.0019121310965096604 0.0012042865274019814
leaf_weight=402 10.000000000000002 13.999999999999998 14.999999999999998 36 61
leaf_count=402 10 14 15 36 61
internal_value=0 0.00104199 -4.86533e-05 -0.00101796 5.81172e-05
internal_weight=0 24 514 51 463
internal_count=538 24 514 51 463
is_linear=0
shrinkage=0.1


Tree=449
num_leaves=6
num_cat=0
split_feature=37 29 33 4 29
split_gain=0.0027041 0.0191969 0.00742877 0.00685803 0.00575637
threshold=9.6292383447521708 9.5416264170123846 9.6138678460593976 5.0172579074712669 9.6292383447521708
decision_type=2 2 2 2 2
left_child=2 -2 4 -3 -1
right_child=1 3 -4 -5 -6
leaf_value=-6.7150804486623713e-05 0.0044130851366472523 -0.0016403599700424822 -0.0024411731983911104 0.00068094357049890933 0.0024870390919709789
leaf_weight=450 10.999999999999998 20 12.999999999999998 35 8.9999999999999982
leaf_count=450 11 20 13 35 9
internal_value=0 0.000599542 -8.38342e-05 -0.000163167 -1.70686e-05
internal_weight=0 66 472 55 459
internal_count=538 66 472 55 459
is_linear=0
shrinkage=0.1


Tree=450
num_leaves=8
num_cat=0
split_feature=52 101 1 95 99 3 100
split_gain=0.00285061 0.0192809 0.014838 0.0219378 0.0120463 0.00757079 0.0068186
threshold=4.7999057951650004 5.0906732680195743 8.8031228163806094 8.5421754714216824 4.6539149966267201 4.7270352784493914 3.6632328069201612
decision_type=2 2 2 2 2 2 2
left_child=1 4 3 -2 -1 -3 -4
right_child=2 5 6 -5 -6 -7 -8
leaf_value=0.00021962127172596882 0.00035370383566866309 0.0013886747947253752 0.0023614819578748822 -0.0050546586726947377 -0.0017443537429374244 0.0057391898575588135 -0.0001128010669978516
leaf_weight=290 15.000000000000002 7.9999999999999991 11.999999999999998 14.999999999999998 35 7.9999999999999991 155
leaf_count=290 15 8 12 15 35 8 155
internal_value=0 0.000174958 -0.000302846 -0.00235048 8.11627e-06 0.00356393 6.49917e-05
internal_weight=0 341 197 30 325 16 167
internal_count=538 341 197 30 325 16 167
is_linear=0
shrinkage=0.1


Tree=451
num_leaves=6
num_cat=0
split_feature=92 7 47 24 68
split_gain=0.00281253 0.0119062 0.00390047 0.0260493 0.0067196
threshold=4.6945134715553207 5.4424083402947536 1.0397207708399181 2.9174053685313028 3.5081926005219022
decision_type=2 2 2 2 2
left_child=1 -1 3 -2 -4
right_child=2 -3 4 -5 -6
leaf_value=-0.00082833072922837252 0.00057985227975267464 0.0039032462001260789 -0.0015771646207819385 -0.0039836238707519241 0.00014185292123394534
leaf_weight=13.000000000000002 41 8.9999999999999982 24 18 433
leaf_count=13 41 9 24 18 433
internal_value=0 0.00110731 -4.72111e-05 -0.000812395 5.15763e-05
internal_weight=0 22 516 59 457
internal_count=538 22 516 59 457
is_linear=0
shrinkage=0.1


Tree=452
num_leaves=7
num_cat=0
split_feature=72 49 0 22 18 36
split_gain=0.00282451 0.017673 0.00758863 0.00737756 0.0208944 0.0184689
threshold=0.8417729422939112 8.119961559541343 1.0397207708399181 3.5516610312630568 3.5516610312630568 3.1345481418531311
decision_type=2 2 2 2 2 2
left_child=3 2 -2 5 -5 -1
right_child=1 -3 -4 4 -6 -7
leaf_value=0.00035698591040388226 -0.00091949246291603336 0.0022777982580009849 -0.0045263029965281016 -0.0046142241358757023 1.1035814914109991e-05 0.0049830464692786338
leaf_weight=63 14.000000000000002 11.999999999999998 9.9999999999999982 9.9999999999999982 419 9.9999999999999982
leaf_count=63 14 12 10 10 419 10
internal_value=0 -0.000855621 -0.00242233 6.13592e-05 -9.67791e-05 0.000990693
internal_weight=0 36 24 502 429 73
internal_count=538 36 24 502 429 73
is_linear=0
shrinkage=0.1


Tree=453
num_leaves=8
num_cat=0
split_feature=16 16 12 57 23 99 56
split_gain=0.00269334 0.0298021 0.0261726 0.0216694 0.0193619 0.0115436 0.00889662
threshold=5.1416464569318583 5.003923783930186 5.1984817689835037 3.4408947519027295 5.4116061905722832 4.7621374077860157 5.1915660294092723
decision_type=2 2 2 2 2 2 2
left_child=1 4 5 -3 -1 -2 -4
right_child=2 3 6 -5 -6 -7 -8
leaf_value=0.00019041044238577736 -0.0064693976736937935 0.0011186510827180672 0.0020189463728803232 0.0079586958745494485 -0.002111843654249863 -0.0014045685555578934 -0.00023758472122538548
leaf_weight=335 9.0000000000000018 11.000000000000002 21 7.9999999999999991 41 8.9999999999999982 104
leaf_count=335 9 11 21 8 41 9 104
internal_value=0 0.000134624 -0.000371865 0.00399867 -6.06332e-05 -0.00393698 0.000141513
internal_weight=0 395 143 19 376 18 125
internal_count=538 395 143 19 376 18 125
is_linear=0
shrinkage=0.1


Tree=454
num_leaves=6
num_cat=0
split_feature=22 18 22 16 92
split_gain=0.0030168 0.01706 0.0148979 0.014447 0.0114582
threshold=5.1984817689835037 5.3844529770182641 5.272986409146923 3.4498615536424366 4.7679595250786084
decision_type=2 2 2 2 2
left_child=1 3 -2 -1 -4
right_child=2 -3 4 -5 -6
leaf_value=0.00042654409846472124 0.0038084954954683784 -0.0035445818898733705 0.0023809555370826276 -0.0015976580712721564 -9.2405839428558192e-05
leaf_weight=151 10.999999999999998 14.999999999999998 20 46 295
leaf_count=151 11 15 20 46 295
internal_value=0 -0.000293645 0.00019096 -4.61122e-05 6.4633e-05
internal_weight=0 212 326 197 315
internal_count=538 212 326 197 315
is_linear=0
shrinkage=0.1


Tree=455
num_leaves=8
num_cat=0
split_feature=28 28 92 23 27 17 19
split_gain=0.00297659 0.0360363 0.0253891 0.0183804 0.0240319 0.0136116 0.0127937
threshold=3.9316333620047872 3.6105525490912482 4.8603410700322902 3.9607678160667752 3.5408542930527882 7.7248849275925284 2.1910133173369415
decision_type=2 2 2 2 2 2 2
left_child=1 6 -3 4 -2 -5 -1
right_child=3 2 -4 5 -6 -7 -8
leaf_value=-0.00059126120922373278 0.00083228473695704614 -0.008264646714087576 -0.0017596310547863443 -0.0041082792100496594 0.0072730664163827901 8.3664048760824036e-05 0.00091866913884957083
leaf_weight=107 21.000000000000004 7.9999999999999991 24 7.9999999999999991 7.9999999999999991 244 118
leaf_count=107 21 8 24 8 8 244 118
internal_value=0 -0.000245955 -0.00338588 0.000224948 0.00260905 -4.94135e-05 0.000200613
internal_weight=0 257 32 281 29 252 225
internal_count=538 257 32 281 29 252 225
is_linear=0
shrinkage=0.1


Tree=456
num_leaves=7
num_cat=0
split_feature=95 68 19 96 10 36
split_gain=0.0027885 0.029384 0.0116451 0.0193833 0.0189546 0.00626032
threshold=4.8361559147623279 3.9940553008270498 1.5890269151739729 3.2180751841847144 1.0397207708399181 2.9174053685313028
decision_type=2 2 2 2 2 2
left_child=1 -1 3 -2 -4 -3
right_child=2 5 4 -5 -6 -7
leaf_value=0.0043412984066110638 -0.0053255321178585294 -0.0038521888141985969 0.0042348213239826937 -0.00057570111278690717 3.0236641573795189e-05 -9.9094954784959574e-05
leaf_weight=13.999999999999998 9.9999999999999982 8.0000000000000018 10.999999999999998 61 424 9.9999999999999982
leaf_count=14 10 8 11 61 424 10
internal_value=0 0.000905304 -5.72524e-05 -0.00124469 0.000136559 -0.00176714
internal_weight=0 32 506 71 435 18
internal_count=538 32 506 71 435 18
is_linear=0
shrinkage=0.1


Tree=457
num_leaves=7
num_cat=0
split_feature=100 100 49 97 26 102
split_gain=0.00263775 0.00803218 0.00876869 0.00756207 0.014916 0.00636312
threshold=5.7899180851264278 5.8998635749973518 9.4844049143665856 6.210592012573561 5.8140904321997544 4.8441560854355483
decision_type=2 2 2 2 2 2
left_child=3 -2 -3 5 -5 -1
right_child=1 2 -4 4 -6 -7
leaf_value=9.4112704477624358e-05 0.0028264505430482902 -0.0014228159302464602 0.001369717099663356 0.0018845652276650072 -0.0026146674894594723 -0.0025923512487982712
leaf_weight=433 12.999999999999998 22 23 9.9999999999999982 28 8.9999999999999982
leaf_count=433 13 22 23 10 28 9
internal_value=0 0.00063699 4.47873e-06 -7.69696e-05 -0.00143066 3.94109e-05
internal_weight=0 58 45 480 38 442
internal_count=538 58 45 480 38 442
is_linear=0
shrinkage=0.1


Tree=458
num_leaves=8
num_cat=0
split_feature=30 34 73 38 95 14 17
split_gain=0.00276572 0.0116991 0.0155725 0.0103911 0.0144622 0.0114646 0.00786622
threshold=5.3844529770182641 5.3844529770182641 2.8888261616113287 5.5052984857290932 4.8361559147623279 4.1107394736335969 7.8379451035080754
decision_type=2 2 2 2 2 2 2
left_child=3 2 -2 4 -1 -5 -3
right_child=1 6 -4 5 -6 -7 -8
leaf_value=0.0033295937891428674 0.0050864006138660678 -0.0016703301933594051 -0.00012262264499440789 -0.0053453477681614445 -0.00024311465909131094 -0.00059985073748975999 0.00018907968956137836
leaf_weight=11.999999999999998 11.000000000000002 25 11.999999999999998 8.0000000000000018 203 13.999999999999998 253
leaf_count=12 11 25 12 8 203 14 253
internal_value=0 0.000201189 0.00236865 -0.000255518 -4.37077e-05 -0.00232549 2.18666e-05
internal_weight=0 301 23 237 215 22 278
internal_count=538 301 23 237 215 22 278
is_linear=0
shrinkage=0.1


Tree=459
num_leaves=4
num_cat=0
split_feature=88 70 53
split_gain=0.00263746 0.00583495 0.005152
threshold=0.69138585858319512 0.69406187107593553 1.3424540464534289
decision_type=2 2 2
left_child=1 -1 -3
right_child=-2 2 -4
leaf_value=0.0025563815608620646 -0.0015325366180728784 -0.00058935055633451197 0.00016035884810961144
leaf_weight=8.9999999999999982 10.999999999999998 119 399
leaf_count=9 11 119 399
internal_value=0 3.19884e-05 -1.18717e-05
internal_weight=0 527 518
internal_count=538 527 518
is_linear=0
shrinkage=0.1


Tree=460
num_leaves=6
num_cat=0
split_feature=42 96 53 38 30
split_gain=0.0026082 0.012215 0.0147522 0.0119964 0.0122358
threshold=1.0397207708399181 4.7790881836238563 2.5386312031140545 1.0397207708399181 1.0397207708399181
decision_type=2 2 2 2 2
left_child=1 -1 -3 -2 -5
right_child=3 2 -4 4 -6
leaf_value=-0.0032090832412775072 0.0030754635325418072 0.0022222623054403813 -0.0013336808736702163 -0.0031561964113886159 7.9198033481278889e-05
leaf_weight=13.999999999999998 12.999999999999998 20 28 11.999999999999998 451
leaf_count=14 13 20 28 12 451
internal_value=0 -0.00061008 0.000147962 7.94642e-05 -4.65668e-06
internal_weight=0 62 48 476 463
internal_count=538 62 48 476 463
is_linear=0
shrinkage=0.1


Tree=461
num_leaves=8
num_cat=0
split_feature=24 16 92 28 68 95 88
split_gain=0.00258617 0.0237231 0.0166484 0.0114266 0.00803127 0.0329832 0.00825707
threshold=1.5890269151739729 2.1383330595080281 4.906301756821029 2.602003343538398 4.003455790139518 5.5872416446462791 0.41040294975001845
decision_type=2 2 2 2 2 2 2
left_child=4 2 -2 -3 5 -1 -6
right_child=1 3 -4 -5 6 -7 -8
leaf_value=0.0058417646861926194 -0.0046737940445180154 0.0018562779548977103 -0.00061330380647078809 -3.6613544305555607e-05 0.00019117729691788554 6.4576563142639183e-05 -0.0032088079815730457
leaf_weight=11.999999999999998 18 35 23 359 25 56 9.9999999999999982
leaf_count=12 18 35 23 359 25 56 10
internal_value=0 -0.000106687 -0.00239596 0.000131537 0.000450571 0.00108408 -0.000780247
internal_weight=0 435 41 394 103 68 35
internal_count=538 435 41 394 103 68 35
is_linear=0
shrinkage=0.1


Tree=462
num_leaves=8
num_cat=0
split_feature=18 14 95 17 103 25 32
split_gain=0.00246599 0.0145901 0.0294291 0.0120965 0.0230355 0.0117148 0.0102537
threshold=5.9711446873746352 5.4847194494823395 7.9686004578850609 8.7816318686317363 3.0868930519509687 8.5421754714216824 4.7790881836238563
decision_type=2 2 2 2 2 2 2
left_child=1 5 -3 6 -5 -1 -2
right_child=3 2 -4 4 -6 -7 -8
leaf_value=-2.9024677955677388e-05 -0.00063668582675745721 0.0048317074628644874 0.00012241772720616691 0.0039131850966562824 -0.00018410336908899531 -0.0037058695264729777 -0.003568408637554111
leaf_weight=233 40 19 44 14.999999999999998 161 8.9999999999999982 17
leaf_count=233 40 19 44 15 161 9 17
internal_value=0 0.000187125 0.00154268 -0.00024495 0.000165097 -0.000165767 -0.00151106
internal_weight=0 305 63 233 176 242 57
internal_count=538 305 63 233 176 242 57
is_linear=0
shrinkage=0.1


Tree=463
num_leaves=7
num_cat=0
split_feature=74 72 74 47 37 87
split_gain=0.00243945 0.0111126 0.00521926 0.0135478 0.006866 0.00445067
threshold=1.2728194392491419 0.50046684454145984 0.75952185472042522 2.524928003624769 6.1548017441785339 0.10096399824287748
decision_type=2 2 2 2 2 2
left_child=2 -2 4 -4 -1 -3
right_child=1 5 3 -5 -6 -7
leaf_value=0.0010699739706800683 -0.0032798496773466471 -0.0014786657993681722 -0.00071026299847289911 0.0034729450568556789 -0.00015874477297031609 0.001410105882678181
leaf_weight=51 11.999999999999998 8.0000000000000018 16.000000000000004 14.999999999999998 420 15.999999999999998
leaf_count=51 12 8 16 15 420 16
internal_value=0 -0.000795162 5.70236e-05 0.00131387 -2.56988e-05 0.000447182
internal_weight=0 36 502 31 471 24
internal_count=538 36 502 31 471 24
is_linear=0
shrinkage=0.1


Tree=464
num_leaves=7
num_cat=0
split_feature=28 28 92 65 34 8
split_gain=0.00254341 0.0276671 0.0192307 0.0171939 0.00992261 0.00863045
threshold=3.9316333620047872 3.6105525490912482 4.8603410700322902 2.9804328112710894 4.983512786670059 2.9174053685313028
decision_type=2 2 2 2 2 2
left_child=1 4 -3 -2 -1 -5
right_child=3 2 -4 5 -6 -7
leaf_value=-0.00023652084626850082 0.0040833644060926004 -0.0072246495910803787 -0.0015632680624548811 0.001902808983931723 0.0012651911445815739 -0.00012247578247058158
leaf_weight=165 10.999999999999998 7.9999999999999991 24 23 60 247
leaf_count=165 11 8 24 23 60 247
internal_value=0 -0.000227354 -0.00297861 0.000207936 0.000163936 5.00485e-05
internal_weight=0 257 32 281 225 270
internal_count=538 257 32 281 225 270
is_linear=0
shrinkage=0.1


Tree=465
num_leaves=7
num_cat=0
split_feature=2 17 29 58 55 5
split_gain=0.00256472 0.00609087 0.0102903 0.00608798 0.00890258 0.00715986
threshold=7.6038900162435032 9.1116773178920063 8.8498008169377567 5.5759204062713987 6.3044471313464614 9.6487035201237283
decision_type=2 2 2 2 2 2
left_child=3 -2 -3 5 -5 -1
right_child=1 2 -4 4 -6 -7
leaf_value=-2.9333503263481878e-05 -0.0010285943880892145 0.0046218159899581203 0.00037822553655132653 -0.0029776429771171775 0.0001723382453507695 0.0024457449384499342
leaf_weight=449 12.999999999999998 8.0000000000000018 20 17 19 11.999999999999998
leaf_count=449 13 8 20 17 19 12
internal_value=0 0.000760178 0.00159068 -6.27109e-05 -0.00131515 3.50937e-05
internal_weight=0 41 28 497 36 461
internal_count=538 41 28 497 36 461
is_linear=0
shrinkage=0.1


Tree=466
num_leaves=7
num_cat=0
split_feature=72 49 72 72 76 0
split_gain=0.00246164 0.0127213 0.00588545 0.0106733 0.00998974 0.00556384
threshold=0.8417729422939112 8.119961559541343 0.39940442784199204 0.34687871128620967 2.242423398826777 1.0397207708399181
decision_type=2 2 2 2 2 2
left_child=2 5 3 -1 -4 -2
right_child=1 -3 4 -5 -6 -7
leaf_value=2.323026587969604e-05 -0.00084117768731500398 0.001859682930322985 0.0015286681753601515 -0.0026907194933543602 -0.0020849849718312424 -0.0039295446244068449
leaf_weight=427 14.000000000000002 11.999999999999998 51 14.999999999999998 8.9999999999999982 9.9999999999999982
leaf_count=427 14 12 51 15 9 10
internal_value=0 -0.000798771 5.72824e-05 -6.88721e-05 0.00098662 -0.002128
internal_weight=0 36 502 442 60 24
internal_count=538 36 502 442 60 24
is_linear=0
shrinkage=0.1


Tree=467
num_leaves=6
num_cat=0
split_feature=98 103 69 95 17
split_gain=0.0022755 0.0175193 0.0129551 0.0100898 0.00866403
threshold=1.8688348091416842 4.9904094477362264 3.1403833134350752 5.5872416446462791 6.459903229849254
decision_type=2 2 2 2 2
left_child=1 2 -1 -2 -5
right_child=3 -3 -4 4 -6
leaf_value=-0.00084937691281083971 0.0030875842129303652 -0.0046403184300288563 0.0017248174994541653 -0.0011394445964210069 0.00019450736676540037
leaf_weight=60 10.999999999999998 8.9999999999999982 29 56 373
leaf_count=60 11 9 29 56 373
internal_value=0 -0.000435773 -1.05945e-05 9.70586e-05 2.03784e-05
internal_weight=0 98 89 440 429
internal_count=538 98 89 440 429
is_linear=0
shrinkage=0.1


Tree=468
num_leaves=7
num_cat=0
split_feature=24 14 16 86 41 72
split_gain=0.00263478 0.0188003 0.011863 0.00768023 0.0297551 0.00705867
threshold=1.5890269151739729 1.0397207708399181 2.1383330595080281 0.13877194483478078 7.5250955094544389 0.19942381202294998
decision_type=2 2 2 2 2 2
left_child=3 -2 -3 4 -1 -5
right_child=1 2 -4 5 -6 -7
leaf_value=0.00013602600233363253 -0.0046306280419230461 -0.0017490216904358629 0.00014819861785490037 -0.0011343459177107827 0.0065829402430810872 0.0011275634180161764
leaf_weight=35 8.9999999999999982 36 390 37 8.9999999999999982 22
leaf_count=35 9 36 390 37 9 22
internal_value=0 -0.000107685 -1.21299e-05 0.000454786 0.00145471 -0.000290922
internal_weight=0 435 426 103 44 59
internal_count=538 435 426 103 44 59
is_linear=0
shrinkage=0.1


Tree=469
num_leaves=7
num_cat=0
split_feature=24 32 25 28 68 61
split_gain=0.00267827 0.0179298 0.0145206 0.0144242 0.0253755 0.0181812
threshold=4.7273486598447958 5.003923783930186 8.7816318686317363 5.2574411156119085 5.063859304732623 3.7682963709395714
decision_type=2 2 2 2 2 2
left_child=1 2 -1 5 -5 -2
right_child=3 -3 -4 4 -6 -7
leaf_value=-8.0308911440822776e-05 -0.003669668691509287 0.0041426937032321637 0.00378991236910224 0.0058000316028483214 -1.6667345037906973e-05 -0.00029872825174000661
leaf_weight=317 24 10.999999999999998 9.9999999999999982 7.9999999999999991 120 48
leaf_count=317 24 11 10 8 120 48
internal_value=0 0.00017163 3.80465e-05 -0.000290054 0.000346876 -0.00142238
internal_weight=0 338 327 200 128 72
internal_count=538 338 327 200 128 72
is_linear=0
shrinkage=0.1


Tree=470
num_leaves=6
num_cat=0
split_feature=23 27 102 96 92
split_gain=0.00253386 0.0158282 0.0129088 0.00717294 0.00493326
threshold=6.0258543048053959 6.0844968186443777 2.5619819897016298 6.4150956198398426 5.1080999164059246
decision_type=2 2 2 2 2
left_child=1 4 -2 -4 -1
right_child=2 -3 3 -5 -6
leaf_value=-4.452942719088635e-05 -0.004311614637845196 0.0040343393292278052 0.0014017137354644747 -0.00065308590783388356 0.0021006891368994152
leaf_weight=421 7.9999999999999991 9.9999999999999982 23 65 10.999999999999998
leaf_count=421 8 10 23 65 11
internal_value=0 0.00010114 -0.000465668 -0.000116036 1.00942e-05
internal_weight=0 442 96 88 432
internal_count=538 442 96 88 432
is_linear=0
shrinkage=0.1


Tree=471
num_leaves=8
num_cat=0
split_feature=18 56 52 10 1 42 100
split_gain=0.00260162 0.010124 0.024196 0.0100742 0.0210012 0.00910403 0.00783996
threshold=5.9711446873746352 3.8968964838426361 4.2268071048866842 5.5052984857290932 7.7248849275925284 4.0428973506407848 2.1383330595080281
decision_type=2 2 2 2 2 2 2
left_child=3 6 -3 5 -5 -1 -2
right_child=1 2 -4 4 -6 -7 -8
leaf_value=0.00083391372835548187 -0.0037085039004783275 0.0043489669643652943 -0.00027888141317025233 0.0050741177867166705 0.00044124978907485407 -0.00051009322908698992 -0.00036187228480620044
leaf_weight=72 14.000000000000002 11.999999999999998 193 11.999999999999998 53 168 13.999999999999998
leaf_count=72 14 12 193 12 53 168 14
internal_value=0 -0.000251596 -7.98297e-06 0.000192203 0.00129655 -0.000106891 -0.00203519
internal_weight=0 233 205 305 65 240 28
internal_count=538 233 205 305 65 240 28
is_linear=0
shrinkage=0.1


Tree=472
num_leaves=5
num_cat=0
split_feature=45 41 37 37
split_gain=0.00247369 0.00872891 0.00700833 0.00656023
threshold=10.135574889458775 10.085701847825877 9.9448490349764622 10.368791706761892
decision_type=2 2 2 2
left_child=1 2 -1 -2
right_child=3 -3 -4 -5
leaf_value=4.3581477337605445e-05 -0.0026316294029432655 0.0033227600855752827 -0.0027720475000225838 0.00074930243321101771
leaf_weight=498 12.000000000000002 7.9999999999999991 8.9999999999999982 10.999999999999998
leaf_count=498 12 8 9 11
internal_value=0 4.5315e-05 -6.4001e-06 -0.00101466
internal_weight=0 515 507 23
internal_count=538 515 507 23
is_linear=0
shrinkage=0.1


Tree=473
num_leaves=8
num_cat=0
split_feature=32 36 2 64 33 41 30
split_gain=0.00231543 0.0126753 0.0264307 0.0184777 0.0123657 0.0103927 0.00834834
threshold=4.8441560854355483 5.0688844241303981 6.2165881725480121 4.6928186569165868 8.5461487455523315 8.6312358437723962 5.8777318586263663
decision_type=2 2 2 2 2 2 2
left_child=4 2 -2 -3 5 -1 -6
right_child=1 3 -4 -5 6 -7 -8
leaf_value=4.1276831370244812e-05 -0.006036266692998735 0.0042950337543152277 -0.00027936466423601942 -0.00015765948668904059 0.004140045760538091 -0.0032357782567851248 0.00091945832032555097
leaf_weight=300 10.999999999999998 9.9999999999999982 29 137 10.999999999999998 9.9999999999999982 30
leaf_count=300 11 10 29 137 11 10 30
internal_value=0 -0.000284222 -0.00186251 0.000145245 0.000151423 -6.44346e-05 0.00178352
internal_weight=0 187 40 147 351 310 41
internal_count=538 187 40 147 351 310 41
is_linear=0
shrinkage=0.1


Tree=474
num_leaves=4
num_cat=0
split_feature=85 83 83
split_gain=0.00224896 0.00304116 0.00345934
threshold=0.69242346755912243 5.0104352440855866 4.543238182376899
decision_type=2 2 2
left_child=1 2 -1
right_child=-2 -3 -4
leaf_value=1.4015248104181799e-05 -0.0014856497268192471 -0.0016171862413598736 0.0014251077814454525
leaf_weight=499 9.9999999999999982 10.999999999999998 18
leaf_count=499 10 11 18
internal_value=0 2.81373e-05 6.31442e-05
internal_weight=0 528 517
internal_count=538 528 517
is_linear=0
shrinkage=0.1


Tree=475
num_leaves=5
num_cat=0
split_feature=46 37 21 42
split_gain=0.00219055 0.00444311 0.01845 0.0066245
threshold=8.0352736676878198 9.6292383447521708 9.2194769245923212 7.1428245890491651
decision_type=2 2 2 2
left_child=1 3 -3 -1
right_child=-2 2 -4 -5
leaf_value=4.5868616880297952e-06 -0.0013359420137324682 0.0047670261189341548 8.5362786194309589e-06 -0.0020059747638536945
leaf_weight=455 11.999999999999998 9.9999999999999982 44 17
leaf_count=455 12 10 44 17
internal_value=0 3.04778e-05 0.000889738 -6.78274e-05
internal_weight=0 526 54 472
internal_count=538 526 54 472
is_linear=0
shrinkage=0.1


Tree=476
num_leaves=7
num_cat=0
split_feature=103 103 87 102 53 102
split_gain=0.00223459 0.0174461 0.0225906 0.0128122 0.0114499 0.00963504
threshold=5.1761337726651186 5.0434043048315838 0.067463288770553395 3.4811217321331038 0.53479999673873024 2.3502401828962087
decision_type=2 2 2 2 2 2
left_child=1 3 -3 -1 -2 -6
right_child=4 2 -4 -5 5 -7
leaf_value=0.00019331264520044885 0.0039514247007900851 0.00049445206532254798 -0.0052009646035730845 -0.003452273765578866 -0.0016339137168058318 0.00034918226417491444
leaf_weight=268 7.9999999999999991 13.000000000000002 14.999999999999998 9.9999999999999982 28 196
leaf_count=268 8 13 15 10 28 196
internal_value=0 -0.000177456 -0.00255666 6.21764e-05 0.000234058 0.000101295
internal_weight=0 306 28 278 232 224
internal_count=538 306 28 278 232 224
is_linear=0
shrinkage=0.1


Tree=477
num_leaves=7
num_cat=0
split_feature=42 38 69 41 36 86
split_gain=0.0022203 0.00996368 0.00999682 0.00908755 0.0117828 0.0105889
threshold=1.0397207708399181 1.0397207708399181 0.97112340616979198 2.4563274428680266 1.0397207708399181 0.6443801001413465
decision_type=2 2 2 2 2 2
left_child=3 -2 -3 5 -5 -1
right_child=1 2 -4 4 -6 -7
leaf_value=0.0013996329231304118 0.0028037107630202976 -0.0035076440777629617 5.826810297458996e-05 -0.0037923483612636714 0.00095989195106085392 -0.0022620643192732878
leaf_weight=28 12.999999999999998 7.9999999999999991 455 15.000000000000002 7.9999999999999991 10.999999999999998
leaf_count=28 13 8 455 15 8 11
internal_value=0 7.33174e-05 -3.34593e-06 -0.000562888 -0.0021394 0.000366847
internal_weight=0 476 463 62 23 39
internal_count=538 476 463 62 23 39
is_linear=0
shrinkage=0.1


Tree=478
num_leaves=8
num_cat=0
split_feature=81 78 86 49 51 8 16
split_gain=0.00217753 0.0136897 0.0103975 0.00948766 0.00837735 0.00674819 0.00530459
threshold=0.50276093093438223 2.3710051218377033 0.043118620480076558 8.3388985747531006 4.6436507065561567 4.6346818562128229 3.1984648276080736
decision_type=2 2 2 2 2 2 2
left_child=1 6 4 -4 -2 -3 -1
right_child=2 5 3 -5 -6 -7 -8
leaf_value=0.00055626825162138546 -0.00088882553471445022 0.0050412194221280517 5.6989810940238733e-05 -0.0023146700010181881 0.0012555641863419087 0.00093385109212249526 -0.00025314270489841935
leaf_weight=118 29 7.9999999999999991 31 37 49 7.9999999999999991 258
leaf_count=118 29 8 31 37 49 8 258
internal_value=0 0.000122779 -0.000329653 -0.00123347 0.000458291 0.00298754 8.74563e-07
internal_weight=0 392 146 68 78 16 376
internal_count=538 392 146 68 78 16 376
is_linear=0
shrinkage=0.1


Tree=479
num_leaves=6
num_cat=0
split_feature=37 47 65 47 4
split_gain=0.00205069 0.0123995 0.0119878 0.00481532 0.00403776
threshold=9.5416264170123846 6.4199896230229241 4.3866500911692556 6.1964420537984912 5.0172579074712669
decision_type=2 2 2 2 2
left_child=1 3 -2 -1 -4
right_child=2 -3 4 -5 -6
leaf_value=-7.4440265104814239e-05 0.0041403877025004482 -0.0039834621362388137 -0.00079952176494125821 0.0016919896028412041 0.00072098635035217746
leaf_weight=435 7.9999999999999991 7.9999999999999991 31 15.999999999999998 40
leaf_count=435 8 8 31 16 40
internal_value=0 -8.09965e-05 0.0004706 -1.17731e-05 5.71025e-05
internal_weight=0 459 79 451 71
internal_count=538 459 79 451 71
is_linear=0
shrinkage=0.1


Tree=480
num_leaves=8
num_cat=0
split_feature=96 98 80 61 53 69 79
split_gain=0.00208617 0.0156296 0.0173467 0.0106453 0.00900416 0.0219977 0.01559
threshold=6.0718113043284854 4.4885732424042368 0.59176282899736665 3.3403523906467827 2.1302771365677544 4.8258027447759053 2.7706317725792133
decision_type=2 2 2 2 2 2 2
left_child=4 2 -2 -3 6 -6 -1
right_child=1 3 -4 -5 5 -7 -8
leaf_value=5.9613472226426419e-05 -0.0026048764142961728 0.0033773831464350224 0.002475827018497512 2.0078238583878643e-05 0.0016305602654359643 -0.0016800908138975502 -0.0028884313505841419
leaf_weight=174 42 9.9999999999999982 7.9999999999999991 170 88 26 20
leaf_count=174 42 10 8 170 88 26 20
internal_value=0 -0.000227874 -0.00179196 0.000206595 0.000170166 0.000875499 -0.000244309
internal_weight=0 230 50 180 308 114 194
internal_count=538 230 50 180 308 114 194
is_linear=0
shrinkage=0.1


Tree=481
num_leaves=6
num_cat=0
split_feature=0 10 98 98 103
split_gain=0.00208142 0.0130051 0.0111811 0.0112687 0.00514441
threshold=1.5890269151739729 1.0397207708399181 4.317399216745252 4.007167868649713 3.0868930519509687
decision_type=2 2 2 2 2
left_child=2 -2 3 -1 -3
right_child=1 4 -4 -5 -6
leaf_value=-0.0004338894505599456 0.0034875327424908225 0.0010047477217006457 -0.0037765929061505527 0.0035024092765524985 -0.00011432300447182797
leaf_weight=80 10.999999999999998 46 8.9999999999999982 7.9999999999999991 384
leaf_count=80 11 46 9 8 384
internal_value=0 9.22477e-05 -0.000419394 -7.60441e-05 5.39154e-06
internal_weight=0 441 97 88 430
internal_count=538 441 97 88 430
is_linear=0
shrinkage=0.1


Tree=482
num_leaves=7
num_cat=0
split_feature=103 0 16 60 102 47
split_gain=0.00220263 0.0133973 0.0163098 0.0105181 0.0215817 0.0215409
threshold=5.1761337726651186 5.2574411156119085 4.9199542854466296 3.7166115897424992 2.3502401828962087 2.524928003624769
decision_type=2 2 2 2 2 2
left_child=1 2 -1 5 -5 -2
right_child=3 -3 -4 4 -6 -7
leaf_value=-0.000356410507559153 -0.00031865361699601636 -0.0037761064153164626 0.0017708911053237637 -0.0034572505276574865 0.00027023140076683683 0.0046944390951345373
leaf_weight=254 20 9.9999999999999982 42 17 180 14.999999999999998
leaf_count=254 20 10 42 17 180 15
internal_value=0 -0.000176183 -5.45637e-05 0.000232379 -5.14295e-05 0.00182981
internal_weight=0 306 296 232 197 35
internal_count=538 306 296 232 197 35
is_linear=0
shrinkage=0.1


Tree=483
num_leaves=8
num_cat=0
split_feature=72 89 24 89 88 49 46
split_gain=0.00202111 0.0088484 0.0123484 0.00946697 0.00643328 0.0141441 0.0129496
threshold=0.032529431775836469 0.22974486851048764 3.2384861814448418 0.62059306640517031 0.041058849910378711 2.4563274428680266 5.7004379805808041
decision_type=2 2 2 2 2 2 2
left_child=4 2 -2 -3 6 -6 -1
right_child=1 3 -4 -5 5 -7 -8
leaf_value=-0.0015252813110551375 0.0002914945807008605 0.0012547264568759904 -0.0017274240072407392 -0.00077910455780707915 -0.0013598108196737455 0.0010933363541352588 0.00035117880479529134
leaf_weight=55 56 60 66 37 29 124 111
leaf_count=55 56 60 66 37 29 124 111
internal_value=0 -0.000233925 -0.000800707 0.000478935 0.000160594 0.000628361 -0.00027054
internal_weight=0 219 122 97 319 153 166
internal_count=538 219 122 97 319 153 166
is_linear=0
shrinkage=0.1


Tree=484
num_leaves=8
num_cat=0
split_feature=46 43 0 60 56 32 53
split_gain=0.00230918 0.0158043 0.0131379 0.00770655 0.0121776 0.00477081 0.00403706
threshold=7.1049533148507669 6.2557039891096373 5.0688844241303981 5.9626148166505741 5.2283737351843245 4.8441560854355483 3.989509493483149
decision_type=2 2 2 2 2 2 2
left_child=1 5 -3 4 -2 -1 -5
right_child=3 2 -4 6 -6 -7 -8
leaf_value=0.00013849720843611839 -0.00046581096768412477 0.0060260784070123898 0.00045651000174176361 2.9551590948055182e-05 -0.0044678013228500882 -0.00067050613013871834 0.0029296447959495709
leaf_weight=351 49 8.0000000000000018 8.9999999999999982 12.000000000000002 8.9999999999999982 92 7.9999999999999991
leaf_count=351 49 8 9 12 9 92 8
internal_value=0 8.53112e-05 0.00307748 -0.000503118 -0.00108681 -2.95125e-05 0.00118959
internal_weight=0 460 17 78 58 443 20
internal_count=538 460 17 78 58 443 20
is_linear=0
shrinkage=0.1


Tree=485
num_leaves=7
num_cat=0
split_feature=86 95 1 84 66 65
split_gain=0.00200118 0.0187569 0.0146276 0.0120983 0.0115805 0.00620601
threshold=0.043118620480076558 5.5872416446462791 6.1158701961393769 0.67644775793055045 4.4425820475484112 3.8678720369064097
decision_type=2 2 2 2 2 2
left_child=1 -1 -3 4 -2 -5
right_child=3 2 -4 5 -6 -7
leaf_value=0.0042337624694813386 -0.00010352277840955615 -0.0037321467697620393 0.0001664359408323435 0.0042943668668158335 -0.0020271495462873498 0.00075440001673996457
leaf_weight=10.999999999999998 203 9.9999999999999982 256 8.0000000000000018 37 12.999999999999998
leaf_count=11 203 10 256 8 37 13
internal_value=0 0.000187211 1.98727e-05 -0.000198688 -0.000400082 0.00210296
internal_weight=0 277 266 261 240 21
internal_count=538 277 266 261 240 21
is_linear=0
shrinkage=0.1


Tree=486
num_leaves=7
num_cat=0
split_feature=103 103 87 53 53 102
split_gain=0.00218342 0.0122923 0.0168155 0.0103324 0.0085275 0.00664522
threshold=5.1761337726651186 5.0434043048315838 0.067463288770553395 3.5330064870599274 0.53479999673873024 2.3502401828962087
decision_type=2 2 2 2 2 2
left_child=1 3 -3 -1 -2 -6
right_child=4 2 -4 -5 5 -7
leaf_value=0.00020000383271228753 0.0034394489921396598 0.00045987473926148724 -0.0044539141903320954 -0.0021069953617240704 -0.0013242637652313403 0.00032265331906366595
leaf_weight=257 7.9999999999999991 13.000000000000002 14.999999999999998 21 28 196
leaf_count=257 8 13 15 21 28 196
internal_value=0 -0.000175413 -0.00217251 2.57341e-05 0.000231363 0.000116789
internal_weight=0 306 28 278 232 224
internal_count=538 306 28 278 232 224
is_linear=0
shrinkage=0.1


Tree=487
num_leaves=6
num_cat=0
split_feature=17 10 14 31 39
split_gain=0.00203843 0.0109133 0.015571 0.00781978 0.00494109
threshold=9.5959403329115975 6.9546224757073114 7.2152302468014788 6.5785562848655745 6.2324460866484275
decision_type=2 2 2 2 2
left_child=3 -2 -3 4 -1
right_child=1 2 -4 -5 -6
leaf_value=-0.0001005637838976677 0.003248362933906416 -0.0041608685372921178 0.00059075841240701266 -0.002710009694022698 0.0012070627668553274
leaf_weight=426 11.999999999999998 7.9999999999999991 50 10.999999999999998 31
leaf_count=426 12 8 50 11 31
internal_value=0 0.000503305 -6.46384e-05 -7.52806e-05 -1.18626e-05
internal_weight=0 70 58 468 457
internal_count=538 70 58 468 457
is_linear=0
shrinkage=0.1


Tree=488
num_leaves=7
num_cat=0
split_feature=102 55 103 87 2 88
split_gain=0.00200211 0.00661879 0.00481478 0.00575155 0.00493967 0.00254912
threshold=4.8441560854355483 6.4052161636374949 6.577860390529163 0.036928771232934005 7.6389100713527611 0.36009343473758659
decision_type=2 2 2 2 2 2
left_child=2 -2 4 -4 -1 -3
right_child=1 5 3 -5 -6 -7
leaf_value=-7.692254684270944e-05 -0.0030684987290038007 0.00077614588808501124 0.0027591161429882044 -0.00016193151330718629 0.0018299559029401281 -0.0011054591508582235
leaf_weight=458 8.9999999999999982 18.000000000000004 14.000000000000002 12.999999999999998 13.999999999999998 11.999999999999998
leaf_count=458 9 18 14 13 14 12
internal_value=0 -0.000690035 5.39306e-05 0.00135269 -2.03626e-05 2.35039e-05
internal_weight=0 39 499 27 472 30
internal_count=538 39 499 27 472 30
is_linear=0
shrinkage=0.1


Tree=489
num_leaves=6
num_cat=0
split_feature=22 20 18 87 30
split_gain=0.00204025 0.0137356 0.0114021 0.00935265 0.00547943
threshold=3.5516610312630568 2.9174053685313028 3.5516610312630568 0.65067597158102009 4.1107394736335969
decision_type=2 2 2 2 2
left_child=1 3 -2 -1 -4
right_child=2 -3 4 -5 -6
leaf_value=-0.0005029579455202276 -0.0032665720980730841 0.003584300423972309 -0.0012884250673044833 0.0026465622052042324 9.0773717940902847e-05
leaf_weight=66 10.999999999999998 11.999999999999998 31 10.999999999999998 407
leaf_count=66 11 12 31 11 407
internal_value=0 0.0004374 -8.67006e-05 -5.30265e-05 -6.84081e-06
internal_weight=0 89 449 77 438
internal_count=538 89 449 77 438
is_linear=0
shrinkage=0.1


Tree=490
num_leaves=7
num_cat=0
split_feature=24 5 16 11 20 102
split_gain=0.00235038 0.015498 0.00685999 0.00615561 0.00955639 0.00275901
threshold=1.5890269151739729 4.9542375470235838 2.1383330595080281 4.4601277074540464 2.602003343538398 2.6735537653587347
decision_type=2 2 2 2 2 2
left_child=3 -2 -3 4 -1 -5
right_child=1 2 -4 5 -6 -7
leaf_value=0.00042040752770461907 -0.0044624696252867583 -0.0013213121577644268 0.00010345049017558221 -0.0023577365325763815 0.0038665109145868989 0.00013380175223574043
leaf_weight=76 7.9999999999999991 37 390 10.000000000000002 8.9999999999999982 7.9999999999999991
leaf_count=76 8 37 390 10 9 8
internal_value=0 -0.000101707 -2.00067e-05 0.00042954 0.000785289 -0.00125039
internal_weight=0 435 427 103 85 18
internal_count=538 435 427 103 85 18
is_linear=0
shrinkage=0.1


Tree=491
num_leaves=6
num_cat=0
split_feature=69 59 3 69 61
split_gain=0.00215613 0.00832536 0.00739485 0.00666023 0.00494049
threshold=2.1490616780594762 2.191013317336941 2.524928003624769 2.2094850312101659 1.6652650319643241
decision_type=2 2 2 2 2
left_child=1 2 -1 -2 -5
right_child=3 -3 -4 4 -6
leaf_value=-0.00064979921215646238 -0.002769730310117464 0.0026062731455992133 0.002376010185107589 0.0020708812527697198 -7.409036381569219e-05
leaf_weight=42 8.9999999999999982 14.999999999999998 9.9999999999999982 10.999999999999998 451
leaf_count=42 9 15 10 11 451
internal_value=0 0.000530786 -6.79128e-05 -7.55045e-05 -2.30196e-05
internal_weight=0 67 52 471 462
internal_count=538 67 52 471 462
is_linear=0
shrinkage=0.1


Tree=492
num_leaves=8
num_cat=0
split_feature=50 50 53 20 24 52 53
split_gain=0.0020373 0.0120125 0.0257335 0.00824546 0.0257975 0.0134915 0.00541787
threshold=4.1107394736335969 4.5107991236896536 1.7200870478363277 4.8713658868283671 4.6101453514146771 4.7405652883788738 0.53479999673873024
decision_type=2 2 2 2 2 2 2
left_child=3 2 -2 4 -1 -5 -3
right_child=1 6 -4 5 -6 -7 -8
leaf_value=0.00019799460203322614 -0.0054103166070910034 0.0014378102314927116 0.00030472655489575121 -0.0047363401274196784 0.0052651654495011 0.00024367199880276423 -6.2016452442832749e-05
leaf_weight=116 12.999999999999998 26 20 8.0000000000000018 10.999999999999998 17 327
leaf_count=116 13 26 20 8 11 17 327
internal_value=0 -0.000122114 -0.00194665 0.000310105 0.000636883 -0.00134993 4.84524e-05
internal_weight=0 386 33 152 127 25 353
internal_count=538 386 33 152 127 25 353
is_linear=0
shrinkage=0.1


Tree=493
num_leaves=8
num_cat=0
split_feature=95 17 33 26 95 95 99
split_gain=0.00206476 0.0112798 0.0169866 0.0123491 0.0105218 0.00970951 0.00817329
threshold=7.8316153064056495 7.9851308890155055 8.4654531157571746 5.6436393917189509 8.1767812389201762 8.1098240626106382 3.4960482137079443
decision_type=2 2 2 2 2 2 2
left_child=1 2 -1 -3 5 -2 -6
right_child=4 3 -4 -5 6 -7 -8
leaf_value=0.00011160536963782252 -0.00083091330598108473 0.0043605965678580111 -0.0039477231025970968 0.0006689222728537799 0.0017338516790634736 -0.0046066281592680352 -0.00012872720977191284
leaf_weight=164 28 11.999999999999998 10.999999999999998 37 26 8.9999999999999982 251
leaf_count=164 28 12 11 37 26 9 251
internal_value=0 0.000231945 -0.000143552 0.00157301 -0.000165464 -0.00174933 4.60997e-05
internal_weight=0 224 175 49 314 37 277
internal_count=538 224 175 49 314 37 277
is_linear=0
shrinkage=0.1


Tree=494
num_leaves=7
num_cat=0
split_feature=4 16 60 1 53 18
split_gain=0.00187789 0.00604794 0.0042139 0.00361284 0.00216003 0.0013884
threshold=6.4800257426481824 6.4134535822392476 5.8729958119905232 9.4077931478335817 4.0890920313967509 7.726064650938091
decision_type=2 2 2 2 2 2
left_child=1 2 -1 -3 -2 -6
right_child=4 3 -4 -5 5 -7
leaf_value=5.3241433622013805e-05 -0.0021759380877483625 0.00035349812860658843 -0.0012100783912111573 0.00327417031965322 0.0004680783371441065 -0.00112735414179042
leaf_weight=463 8.0000000000000018 8.0000000000000018 28 8.9999999999999982 12.000000000000002 9.9999999999999982
leaf_count=463 8 8 28 9 12 10
internal_value=0 4.54018e-05 -1.88012e-05 0.00189974 -0.000768804 -0.000257118
internal_weight=0 508 491 17 30 22
internal_count=538 508 491 17 30 22
is_linear=0
shrinkage=0.1


Tree=495
num_leaves=7
num_cat=0
split_feature=24 5 68 42 13 49
split_gain=0.00182465 0.0123353 0.00609271 0.00598205 0.0147737 0.00630825
threshold=1.5890269151739729 4.9542375470235838 3.5303373916719041 5.8998635749973518 6.8946079313622795 4.9542375470235838
decision_type=2 2 2 2 2 2
left_child=3 -2 -3 5 -5 -1
right_child=1 2 -4 4 -6 -7
leaf_value=-0.0012864515704747578 -0.003980062738992274 -0.002068370519970943 5.2822854367465193e-05 0.0046488380106165994 -0.00078691832604818048 0.0005931648391037526
leaf_weight=26 7.9999999999999991 13.999999999999998 413 10.000000000000002 9.9999999999999982 57
leaf_count=26 8 14 413 10 10 57
internal_value=0 -8.96134e-05 -1.67245e-05 0.000378465 0.00193096 4.36934e-06
internal_weight=0 435 427 103 20 83
internal_count=538 435 427 103 20 83
is_linear=0
shrinkage=0.1


Tree=496
num_leaves=7
num_cat=0
split_feature=95 25 21 1 85 5
split_gain=0.00183883 0.0145598 0.0238319 0.00518565 0.0132495 0.00612716
threshold=6.1548017441785339 5.5872416446462791 6.1548017441785339 6.4052270920020655 0.028591544580251347 6.380116791391317
decision_type=2 2 2 2 2 2
left_child=1 -1 -3 4 -2 -5
right_child=3 2 -4 5 -6 -7
leaf_value=0.004229444048057 -0.0027891821737977725 -0.005142059875652194 0.00081311722723988915 0.0022536480091124153 0.0013762190588749946 -3.7016176303724162e-05
leaf_weight=8.9999999999999982 21 7.9999999999999991 42 11.999999999999998 11.999999999999998 434
leaf_count=9 21 8 42 12 12 434
internal_value=0 0.00052677 -0.000139711 -6.4884e-05 -0.00127449 2.4616e-05
internal_weight=0 59 50 479 33 446
internal_count=538 59 50 479 33 446
is_linear=0
shrinkage=0.1


Tree=497
num_leaves=4
num_cat=0
split_feature=101 101 75
split_gain=0.00181349 0.00223336 0.00366187
threshold=6.2538214150710614 6.0282756170432892 5.2363146265624776
decision_type=2 2 2
left_child=1 2 -1
right_child=-2 -3 -4
leaf_value=6.0666782750835521e-05 -0.0014943751157261431 0.0013712582304530466 -0.0010279843287373132
leaf_weight=485 7.9999999999999991 11.999999999999998 33
leaf_count=485 8 12 33
internal_value=0 2.25566e-05 -8.68744e-06
internal_weight=0 530 518
internal_count=538 530 518
is_linear=0
shrinkage=0.1


Tree=498
num_leaves=6
num_cat=0
split_feature=46 39 36 49 86
split_gain=0.00186026 0.0135489 0.00750257 0.00553896 0.00328377
threshold=7.1172025431920503 6.5395483652441291 5.3612811448469326 8.5963542550312599 0.69099487511415081
decision_type=2 2 2 2 2
left_child=1 4 -2 -4 -1
right_child=2 -3 3 -5 -6
leaf_value=4.3500476834582548e-05 -0.0033551960447766763 0.0039174384023580285 0.00050647682345816456 -0.0014227279356088152 -0.0016330837504938247
leaf_weight=441 7.9999999999999991 8.9999999999999982 46 22 11.999999999999998
leaf_count=441 8 9 46 22 12
internal_value=0 7.54192e-05 -0.000458469 -0.000117678 -9.1235e-07
internal_weight=0 462 76 68 453
internal_count=538 462 76 68 453
is_linear=0
shrinkage=0.1


Tree=499
num_leaves=7
num_cat=0
split_feature=42 69 34 89 98 71
split_gain=0.00171477 0.00910915 0.00644054 0.00626593 0.0125628 0.0111613
threshold=1.0397207708399181 0.91610364505747011 1.5890269151739729 0.46592681981166778 3.891612008168019 2.4814223151299539
decision_type=2 2 2 2 2 2
left_child=3 -2 -3 4 -1 -5
right_child=1 2 -4 5 -6 -7
leaf_value=0.00097391918243374678 0.0034103348152711987 -0.0018476094895352919 8.1431410737018778e-05 -0.0012881081188838416 -0.0026145113463280725 0.0033279425092041497
leaf_weight=15.999999999999998 7.9999999999999991 18 450 11.000000000000002 25 9.9999999999999982
leaf_count=16 8 18 450 11 25 10
internal_value=0 6.44324e-05 7.23753e-06 -0.000494675 -0.00121415 0.000910011
internal_weight=0 476 468 62 41 21
internal_count=538 476 468 62 41 21
is_linear=0
shrinkage=0.1


Tree=500
num_leaves=6
num_cat=0
split_feature=98 103 79 95 17
split_gain=0.00181701 0.00999445 0.00788878 0.0071165 0.0054273
threshold=1.8688348091416842 4.9904094477362264 1.3540251005511053 5.5872416446462791 6.459903229849254
decision_type=2 2 2 2 2
left_child=1 2 -1 -2 -5
right_child=3 -3 -4 4 -6
leaf_value=0.00030340195908256534 0.0025982656008140606 -0.003565110336057842 -0.0024531361981644296 -0.00089562711800681436 0.00016014980521782154
leaf_weight=77 10.999999999999998 8.9999999999999982 11.999999999999998 56 373
leaf_count=77 11 9 12 56 373
internal_value=0 -0.000389405 -6.82661e-05 8.67311e-05 2.23328e-05
internal_weight=0 98 89 440 429
internal_count=538 98 89 440 429
is_linear=0
shrinkage=0.1


Tree=501
num_leaves=6
num_cat=0
split_feature=24 101 103 32 25
split_gain=0.00188334 0.0122862 0.0135184 0.0114179 0.00896435
threshold=4.7273486598447958 0.89587973461402759 3.0868930519509687 5.003923783930186 8.7816318686317363
decision_type=2 2 2 2 2
left_child=3 -2 -3 4 -1
right_child=1 2 -4 -5 -6
leaf_value=-5.5671048364220102e-05 -0.0034920751201835548 0.0027268118399661036 -0.00031134194381214744 0.0033128480659797791 0.0029852387309074403
leaf_weight=317 10.999999999999998 15.999999999999998 173 10.999999999999998 9.9999999999999982
leaf_count=317 11 16 173 11 10
internal_value=0 -0.00024323 -5.41437e-05 0.000143923 3.73231e-05
internal_weight=0 200 189 338 327
internal_count=538 200 189 338 327
is_linear=0
shrinkage=0.1


Tree=502
num_leaves=6
num_cat=0
split_feature=46 43 40 84 79
split_gain=0.00181783 0.00832789 0.00790074 0.00416744 0.00381222
threshold=7.0535823655842291 6.2557039891096373 5.3374918497535253 0.66033519827623854 4.1587609981435856
decision_type=2 2 2 2 2
left_child=1 3 -2 -1 -4
right_child=2 -3 4 -5 -6
leaf_value=-5.8545032041715597e-05 -0.0034142734316446877 0.0024810646310860257 -0.00046959513959835372 0.0015384604770909338 0.0012617382133612411
leaf_weight=421 7.9999999999999991 13.999999999999998 62 17 15.999999999999998
leaf_count=421 8 14 62 17 16
internal_value=0 8.01798e-05 -0.00042141 3.4392e-06 -0.00011445
internal_weight=0 452 86 438 78
internal_count=538 452 86 438 78
is_linear=0
shrinkage=0.1


Tree=503
num_leaves=7
num_cat=0
split_feature=18 62 52 101 28 50
split_gain=0.00187411 0.00852429 0.0195315 0.00771751 0.00833015 0.00405016
threshold=5.9711446873746352 3.2951505240983434 4.5271940351011493 5.0906732680195743 3.9316333620047872 2.4708212113046524
decision_type=2 2 2 2 2 2
left_child=3 5 -3 4 -1 -2
right_child=1 2 -4 -5 -6 -7
leaf_value=-0.00026825422700535711 -0.0031288989435614154 0.0034210242331027987 -0.0002308517568839454 0.0026487343420740217 0.00092394788771793025 -0.00091320724565197129
leaf_weight=212 10.999999999999998 15.999999999999998 173 11.999999999999998 81 33
leaf_count=212 11 16 173 12 81 33
internal_value=0 -0.000213539 7.83018e-05 0.00016313 6.13307e-05 -0.00146713
internal_weight=0 233 189 305 293 44
internal_count=538 233 189 305 293 44
is_linear=0
shrinkage=0.1


Tree=504
num_leaves=8
num_cat=0
split_feature=32 29 48 32 39 68 23
split_gain=0.00205721 0.00842686 0.00924724 0.00814644 0.0146373 0.0086296 0.00575896
threshold=4.8441560854355483 8.6235285545285887 5.1984817689835037 5.1119152036137292 5.5490685147005907 5.0264681039062085 5.2203412156610947
decision_type=2 2 2 2 2 2 2
left_child=1 6 -3 4 -2 -5 -1
right_child=3 2 -4 5 -6 -7 -8
leaf_value=0.00010478887278438606 -0.0031849314795260363 0.0037295236753729674 0.0003655159967655147 0.002199682967244264 0.00062240932343734633 -0.00019723092507690105 -0.0014768197811208666
leaf_weight=291 23 12.999999999999998 22 17 18 129 25
leaf_count=291 23 13 22 17 18 129 25
internal_value=0 0.00014273 0.001615 -0.000267905 -0.00151342 8.18618e-05 -2.03384e-05
internal_weight=0 351 35 187 41 146 316
internal_count=538 351 35 187 41 146 316
is_linear=0
shrinkage=0.1


Tree=505
num_leaves=8
num_cat=0
split_feature=92 34 38 25 17 46 88
split_gain=0.00190299 0.0133958 0.0163001 0.00582295 0.0189783 0.0155598 0.00542674
threshold=4.7882919318961266 5.1532748880139918 5.5333191811709055 5.5872416446462791 5.5872416446462791 3.7609296261008152 0.5016519545637167
decision_type=2 2 2 2 2 2 2
left_child=1 6 -3 5 -5 -2 -1
right_child=3 2 -4 4 -6 -7 -8
leaf_value=0.00027404610588443269 -0.00029479966668939021 0.0058408823588656034 -0.00017763115465641022 -0.0049857596633955843 -7.056922698911981e-05 0.0047527743710411921 -0.0021096157483183422
leaf_weight=36 19.000000000000004 9.0000000000000018 8.9999999999999982 7.9999999999999991 435 8.9999999999999982 12.999999999999998
leaf_count=36 19 9 9 8 435 9 13
internal_value=0 0.000498655 0.00283163 -7.0934e-05 -0.000159331 0.00132763 -0.000358354
internal_weight=0 67 18 471 443 28 49
internal_count=538 67 18 471 443 28 49
is_linear=0
shrinkage=0.1


Tree=506
num_leaves=8
num_cat=0
split_feature=28 28 15 64 19 45 99
split_gain=0.00178141 0.0239077 0.0130094 0.0111324 0.00704187 0.0115256 0.00702915
threshold=3.6105525490912482 3.891612008168019 3.4175922930736511 3.8340468545412034 2.1910133173369415 8.0003458967024184 2.9174053685313028
decision_type=2 2 2 2 2 2 2
left_child=4 2 -2 -3 5 -1 -6
right_child=1 3 -4 -5 6 -7 -8
leaf_value=-0.00097581560134130997 -0.0052766522965752155 0.0027661113359499726 -0.00088351348780893858 -3.2530029694596136e-05 0.0016959623693726324 0.0014136304403547439 0.00011938914146707198
leaf_weight=80 13.000000000000002 14.999999999999998 13.999999999999998 271 47 27 71
leaf_count=80 13 15 14 271 47 27 71
internal_value=0 -0.00015428 -0.00299873 0.000114252 0.000214621 -0.000372871 0.000747346
internal_weight=0 313 27 286 225 107 118
internal_count=538 313 27 286 225 107 118
is_linear=0
shrinkage=0.1


Tree=507
num_leaves=8
num_cat=0
split_feature=22 36 7 49 18 61 72
split_gain=0.00187087 0.010255 0.00907309 0.0076332 0.00738376 0.0186895 0.00687095
threshold=4.1107394736335969 3.1345481418531311 2.524928003624769 4.9542375470235838 4.4425820475484112 2.8581072679390505 0.39940442784199204
decision_type=2 2 2 2 2 2 2
left_child=1 3 -3 -1 5 -2 -6
right_child=4 2 -4 -5 6 -7 -8
leaf_value=-0.0015065908097312787 -0.00021544401563005521 0.0050613912346307169 0.00054315583081915981 0.00053473369738522673 -0.00011740464846596623 -0.0051174229569733148 0.0011180867503683728
leaf_weight=26 35 8.0000000000000018 9.9999999999999982 62 335 9.9999999999999982 52
leaf_count=26 35 8 10 62 335 10 52
internal_value=0 0.000376461 0.00255126 -6.83849e-05 -9.23723e-05 -0.00130477 4.86045e-05
internal_weight=0 106 18 88 432 45 387
internal_count=538 106 18 88 432 45 387
is_linear=0
shrinkage=0.1


Tree=508
num_leaves=7
num_cat=0
split_feature=24 30 16 88 95 25
split_gain=0.00178536 0.00969679 0.006807 0.0051832 0.011806 0.00695936
threshold=1.5890269151739729 1.0397207708399181 2.1383330595080281 0.35192429014739562 4.8361559147623279 6.5792357796731817
decision_type=2 2 2 2 2 2
left_child=3 -2 -3 4 -1 -5
right_child=1 2 -4 5 -6 -7
leaf_value=0.0034948678196607425 -0.0031666097138077021 -0.0013317695921816468 0.00010552687024213445 -0.001904905580082222 0.00020944209606386721 0.00076764016237575563
leaf_weight=13.999999999999998 9.9999999999999982 36 389 19 50 20
leaf_count=14 10 36 389 19 50 20
internal_value=0 -8.86433e-05 -1.62206e-05 0.000374367 0.000928129 -0.000534369
internal_weight=0 435 425 103 64 39
internal_count=538 435 425 103 64 39
is_linear=0
shrinkage=0.1


Tree=509
num_leaves=6
num_cat=0
split_feature=33 37 37 99 97
split_gain=0.00192777 0.0067476 0.00589873 0.00453534 0.00663231
threshold=4.9542375470235838 5.2670071855572038 6.1548017441785339 2.3937458713910238 4.4885732424042368
decision_type=2 2 2 2 2
left_child=3 -2 -3 -1 -5
right_child=1 2 -4 4 -6
leaf_value=0.0022921865223906935 -0.0023988011952800056 0.0018314273089773078 -6.5067747691696282e-05 0.0015451765308777492 -0.0013397668000406531
leaf_weight=11.999999999999998 11.999999999999998 17 465 14.999999999999998 17
leaf_count=12 12 17 465 15 17
internal_value=0 -5.64936e-05 1.82108e-06 0.000634269 1.25504e-05
internal_weight=0 494 482 44 32
internal_count=538 494 482 44 32
is_linear=0
shrinkage=0.1


Tree=510
num_leaves=8
num_cat=0
split_feature=92 34 38 99 21 17 95
split_gain=0.00194708 0.0100144 0.0124907 0.0047742 0.00462783 0.0137935 0.00572898
threshold=4.7882919318961266 5.1532748880139918 5.5333191811709055 2.524928003624769 2.4563274428680266 4.9542375470235838 7.5742795968135601
decision_type=2 2 2 2 2 2 2
left_child=1 3 -3 -1 6 -6 -2
right_child=4 2 -4 -5 5 -7 -8
leaf_value=0.0019980058888904753 0.0034920678357593716 0.0051557904833720771 -0.00011271364055573941 -0.00067260961840497112 -0.0042461978038772939 -5.6872982899653175e-05 -0.00029243482276797295
leaf_weight=7.9999999999999991 7.9999999999999991 9.0000000000000018 8.9999999999999982 41 7.9999999999999991 447 7.9999999999999991
leaf_count=8 8 9 9 41 8 447 8
internal_value=0 0.000504399 0.00252154 -0.000236591 -7.1751e-05 -0.000130531 0.00159982
internal_weight=0 67 18 49 471 455 16
internal_count=538 67 18 49 471 455 16
is_linear=0
shrinkage=0.1


Tree=511
num_leaves=7
num_cat=0
split_feature=104 20 20 24 68 102
split_gain=0.00184414 0.0108517 0.0191439 0.0121283 0.00833512 0.00724635
threshold=1.0000000180025095e-35 4.8903208612686422 4.4601277074540464 5.3131938456227115 3.2157690392046292 0.8958797346140277
decision_type=2 2 2 2 2 2
left_child=1 2 -1 -3 -2 -6
right_child=4 3 -4 -5 5 -7
leaf_value=-0.00024304475732698887 0.003320614772383124 -0.0054748422815464413 0.0047801250417251143 -0.00044818900496466089 -0.0011292078847893411 0.00022875166893842811
leaf_weight=147 7.9999999999999991 8.0000000000000018 7.9999999999999991 11.999999999999998 45 310
leaf_count=147 8 8 8 12 45 310
internal_value=0 -0.000266649 1.62156e-05 -0.00245885 0.00012855 5.6616e-05
internal_weight=0 175 155 20 363 355
internal_count=538 175 155 20 363 355
is_linear=0
shrinkage=0.1


Tree=512
num_leaves=8
num_cat=0
split_feature=34 13 103 34 73 26 28
split_gain=0.00177466 0.00994204 0.0237542 0.00974874 0.0167702 0.00790862 0.00563186
threshold=5.272986409146923 7.3287612361611201 4.8903208612686422 4.983512786670059 2.0715673631957667 5.4315338162543414 3.9701138825728512
decision_type=2 2 2 2 2 2 2
left_child=3 2 -2 6 -5 -3 -1
right_child=1 5 -4 4 -6 -7 -8
leaf_value=-0.00022425391348819673 -0.00025701270164323173 0.0022100980178947796 -0.0061627028280377598 0.003959704456193482 -0.00081156781032824745 -8.0806124611788267e-05 0.0015465995867270977
leaf_weight=176 28 15.999999999999998 8.9999999999999982 17.000000000000004 12.999999999999998 259 20
leaf_count=176 28 16 9 17 13 259 20
internal_value=0 -0.000154577 -0.00169353 0.000213398 0.00189215 5.24828e-05 -4.35546e-05
internal_weight=0 312 37 226 30 275 196
internal_count=538 312 37 226 30 275 196
is_linear=0
shrinkage=0.1


Tree=513
num_leaves=6
num_cat=0
split_feature=48 101 53 53 57
split_gain=0.00174847 0.0114523 0.00955259 0.0077827 0.00529281
threshold=3.0433873634561537 5.2203412156610947 2.1302771365677544 0.53479999673873024 1.9593974433546906
decision_type=2 2 2 2 2
left_child=1 2 -1 -2 -5
right_child=3 -3 -4 4 -6
leaf_value=-0.00051694417936358082 0.0026451664443205422 -0.0039345238539681303 0.00098335465881973518 0.0016240728402044623 -5.7309354277889478e-05
leaf_weight=145 11.999999999999998 7.9999999999999991 60 20 293
leaf_count=145 12 8 60 20 293
internal_value=0 -0.000222685 -7.78323e-05 0.000145944 5.01272e-05
internal_weight=0 213 205 325 313
internal_count=538 213 205 325 313
is_linear=0
shrinkage=0.1


Tree=514
num_leaves=8
num_cat=0
split_feature=2 75 53 28 73 83 4
split_gain=0.00176324 0.00426459 0.00625368 0.00385294 0.00434557 0.00381714 0.00137211
threshold=7.6038900162435032 5.2363146265624776 4.0890920313967509 4.4942230200312032 3.8176519431297078 4.9105581452888591 6.3261478730552536
decision_type=2 2 2 2 2 2 2
left_child=1 5 -3 6 -5 -1 -2
right_child=3 2 -4 4 -6 -7 -8
leaf_value=5.2008873157789033e-05 -0.0013385856575849979 -0.0036396940326085302 -0.00017758182715624574 0.00028233189995472243 0.0030551129346713425 -0.0020272598433722223 0.00040759088652622368
leaf_weight=465 9.0000000000000018 8.0000000000000018 14.999999999999998 13.000000000000002 9.9999999999999982 8.9999999999999982 8.9999999999999982
leaf_count=465 9 8 15 13 10 9 9
internal_value=0 -5.1997e-05 -0.00138179 0.000630305 0.00148789 1.25291e-05 -0.000465497
internal_weight=0 497 23 41 23 474 18
internal_count=538 497 23 41 23 474 18
is_linear=0
shrinkage=0.1


Tree=515
num_leaves=7
num_cat=0
split_feature=104 20 20 37 68 102
split_gain=0.00160121 0.008304 0.0153749 0.0109423 0.00694957 0.00583829
threshold=1.0000000180025095e-35 4.8903208612686422 4.4601277074540464 9.5836261811997527 3.2157690392046292 0.8958797346140277
decision_type=2 2 2 2 2 2
left_child=1 2 -1 -3 -2 -6
right_child=4 3 -4 -5 5 -7
leaf_value=-0.00023336507794589792 0.0030344904866069556 -0.0050308765174122512 0.0042682461789809167 -0.00025632116788377367 -0.0010102954258521398 0.00020860945922791991
leaf_weight=147 7.9999999999999991 8.0000000000000018 7.9999999999999991 11.999999999999998 45 310
leaf_count=147 8 8 8 12 45 310
internal_value=0 -0.000248466 -1.02385e-06 -0.00216614 0.000119784 5.41004e-05
internal_weight=0 175 155 20 363 355
internal_count=538 175 155 20 363 355
is_linear=0
shrinkage=0.1


Tree=516
num_leaves=7
num_cat=0
split_feature=96 96 79 96 52 101
split_gain=0.00175383 0.0112716 0.00622778 0.0105018 0.00673658 0.00460763
threshold=6.0718113043284854 6.1673384599090708 2.9700856263602158 4.6346818562128229 3.6699311590183616 4.0773937863842606
decision_type=2 2 2 2 2 2
left_child=2 -2 3 -1 -4 -3
right_child=1 5 4 -5 -6 -7
leaf_value=-0.00020859084567110924 -0.0031927100382745269 -0.00089849103610411445 -0.002486481794210918 0.0010754110044346446 -2.3175598835223356e-05 0.00020285924557684619
leaf_weight=146 11.999999999999998 49 17 113 32 169
leaf_count=146 12 49 17 113 32 169
internal_value=0 -0.000208936 0.000156024 0.000351611 -0.000877792 -4.4692e-05
internal_weight=0 230 308 259 49 218
internal_count=538 230 308 259 49 218
is_linear=0
shrinkage=0.1


Tree=517
num_leaves=7
num_cat=0
split_feature=22 0 55 18 86 9
split_gain=0.0017625 0.0076743 0.0097777 0.00605473 0.00585902 0.00278968
threshold=3.5516610312630568 1.5890269151739729 2.9174053685313028 3.5516610312630568 1.0000000180025095e-35 6.1548017441785339
decision_type=2 2 2 2 2 2
left_child=1 4 -3 -2 -1 -5
right_child=3 2 -4 5 -6 -7
leaf_value=-0.0013910018406542285 -0.0023977910311342304 0.0032391365261419734 0.00013065328635275365 -0.0012782944119809306 0.00088412418814474026 2.8324804150698608e-05
leaf_weight=28 10.999999999999998 17 25 17 19 421
leaf_count=28 11 17 25 17 19 421
internal_value=0 0.000406539 0.00138885 -8.05834e-05 -0.00047127 -2.23887e-05
internal_weight=0 89 42 449 47 438
internal_count=538 89 42 449 47 438
is_linear=0
shrinkage=0.1


Tree=518
num_leaves=7
num_cat=0
split_feature=4 3 4 100 11 12
split_gain=0.0017468 0.00882324 0.00821235 0.01174 0.0079648 0.00759242
threshold=4.8713658868283671 5.6733173626244016 5.1984817689835037 4.6346818562128229 5.9635760393734838 5.003923783930186
decision_type=2 2 2 2 2 2
left_child=1 5 3 -2 -4 -1
right_child=2 -3 4 -5 -6 -7
leaf_value=-5.553179369865287e-05 -0.00030849832255626098 0.0030584637261927127 0.0012691354760791848 -0.003698985436931253 -0.0003711936492580112 0.0022451395075768232
leaf_weight=328 32 9.9999999999999982 43 14.999999999999998 95 14.999999999999998
leaf_count=328 32 10 43 15 95 15
internal_value=0 0.000130446 -0.000248904 -0.00139057 0.000139923 4.50807e-05
internal_weight=0 353 185 47 138 343
internal_count=538 353 185 47 138 343
is_linear=0
shrinkage=0.1


Tree=519
num_leaves=8
num_cat=0
split_feature=18 26 6 96 88 20 42
split_gain=0.00176692 0.00730689 0.00646917 0.00718518 0.00671255 0.00552945 0.00548524
threshold=5.9711446873746352 5.7267999994427079 5.8777318586263663 6.0718113043284854 0.51761774541541439 3.8499212036984933 4.8322978221268906
decision_type=2 2 2 2 2 2 2
left_child=2 5 3 -1 -4 -2 -3
right_child=1 6 4 -5 -6 -7 -8
leaf_value=0.0001243049720967061 -0.00053085602571214109 0.002250676015391946 0.0006506487889441125 -0.0018475657654926183 0.0037316384544182155 -0.0038731027394533161 -0.00014837618250723987
leaf_weight=243 11.000000000000002 9.9999999999999982 33 20 8.9999999999999982 8.9999999999999982 203
leaf_count=243 11 10 33 20 9 9 203
internal_value=0 -0.000207343 0.000158397 -2.56472e-05 0.00131086 -0.00203487 -3.57446e-05
internal_weight=0 233 305 263 42 20 213
internal_count=538 233 305 263 42 20 213
is_linear=0
shrinkage=0.1


Tree=520
num_leaves=8
num_cat=0
split_feature=50 50 53 38 9 88 50
split_gain=0.00165449 0.00875721 0.0186317 0.00681239 0.00980876 0.00838513 0.00413349
threshold=4.1107394736335969 4.5107991236896536 1.7200870478363277 1.5890269151739729 6.311733162251806 0.53679414469006392 5.5529295377475458
decision_type=2 2 2 2 2 2 2
left_child=3 2 -2 4 -1 -5 -3
right_child=1 6 -4 5 -6 -7 -8
leaf_value=0.0046926967566832886 -0.004615089703852741 0.00060774646061021961 0.00024781714950222522 -0.00046629800853384282 0.00035678567908083397 0.0014004639659106035 -0.0001690688384657663
leaf_weight=8.0000000000000018 12.999999999999998 93 20 97 14.999999999999998 32 260
leaf_count=8 13 93 20 97 15 32 260
internal_value=0 -0.000110045 -0.00166787 0.000279456 0.00186493 -3.22527e-06 3.55879e-05
internal_weight=0 386 33 152 23 129 353
internal_count=538 386 33 152 23 129 353
is_linear=0
shrinkage=0.1


Tree=521
num_leaves=8
num_cat=0
split_feature=100 88 53 25 3 5 102
split_gain=0.00165316 0.011182 0.011229 0.00920254 0.00565833 0.0108582 0.00281303
threshold=1.4978661367769959 0.29140599236096953 2.2856912252778776 6.5147115934776361 1.9356005054539458 6.4295893882764688 1.2424533248940004
decision_type=2 2 2 2 2 2 2
left_child=1 2 -1 -3 6 -6 -2
right_child=4 3 -4 -5 5 -7 -8
leaf_value=0.00033919065841473642 -0.00056305550038814522 -0.0022977111933869311 0.0028860196936875584 0.00020351124508842511 0.0025257159495595261 -0.00013873537000973565 -0.002934987914049998
leaf_weight=70 10.000000000000002 24 23 38 15.999999999999998 347 9.9999999999999982
leaf_count=70 10 24 23 38 16 347 10
internal_value=0 0.000275549 0.000969052 -0.000764704 -0.000111515 -2.1294e-05 -0.00174902
internal_weight=0 155 93 62 383 363 20
internal_count=538 155 93 62 383 363 20
is_linear=0
shrinkage=0.1


Tree=522
num_leaves=5
num_cat=0
split_feature=45 41 37 37
split_gain=0.00150244 0.00583848 0.00459424 0.0036647
threshold=10.135574889458775 10.085701847825877 9.9448490349764622 10.368791706761892
decision_type=2 2 2 2
left_child=1 2 -1 -2
right_child=3 -3 -4 -5
leaf_value=3.3488594109882569e-05 -0.0019993024334932362 0.0027157516335137191 -0.0022461978097756703 0.00052764321338724001
leaf_weight=498 12.000000000000002 7.9999999999999991 8.9999999999999982 10.999999999999998
leaf_count=498 12 8 9 11
internal_value=0 3.53156e-05 -6.97921e-06 -0.000790763
internal_weight=0 515 507 23
internal_count=538 515 507 23
is_linear=0
shrinkage=0.1


Tree=523
num_leaves=5
num_cat=0
split_feature=101 79 79 96
split_gain=0.00144855 0.00201992 0.00630832 0.00375223
threshold=6.2538214150710614 4.1587609981435856 5.1119696431586688 6.0718113043284854
decision_type=2 2 2 2
left_child=1 3 -3 -1
right_child=-2 2 -4 -5
leaf_value=0.00014731601578144666 -0.001335577544523403 0.0015641314990716638 -0.00029016181523370188 -0.00045861569767434814
leaf_weight=300 7.9999999999999991 32 43 155
leaf_count=300 8 32 43 155
internal_value=0 2.01597e-05 0.000501003 -5.91003e-05
internal_weight=0 530 75 455
internal_count=538 530 75 455
is_linear=0
shrinkage=0.1


Tree=524
num_leaves=8
num_cat=0
split_feature=2 75 53 101 57 79 61
split_gain=0.001497 0.00390356 0.00499425 0.00328703 0.00307086 0.00181265 0.00166884
threshold=7.6038900162435032 5.2363146265624776 4.0890920313967509 5.8605873218870501 4.8540811494098284 5.9026296008185319 4.8570627195668274
decision_type=2 2 2 2 2 2 2
left_child=1 3 -3 -1 6 -6 -2
right_child=4 2 -4 -5 5 -7 -8
leaf_value=5.0459503334188361e-05 0.00064128835219889879 -0.0033379469226929347 -0.00024403139871234699 -0.0018790337438177732 -0.00086636026971973466 0.00084904686293818749 0.0026838631631108003
leaf_weight=465 7.9999999999999991 8.0000000000000018 14.999999999999998 8.9999999999999982 14.000000000000002 10.999999999999998 7.9999999999999991
leaf_count=465 8 8 15 9 14 11 8
internal_value=0 -4.79108e-05 -0.00132018 1.38236e-05 0.000580773 -0.000111581 0.00166258
internal_weight=0 497 23 474 41 25 16
internal_count=538 497 23 474 41 25 16
is_linear=0
shrinkage=0.1


Tree=525
num_leaves=7
num_cat=0
split_feature=98 103 79 98 92 98
split_gain=0.00148543 0.00605867 0.00493733 0.00471103 0.0137704 0.00797302
threshold=1.8688348091416842 4.9904094477362264 1.3540251005511053 2.9174053685313028 4.8603410700322902 3.2769667020129059
decision_type=2 2 2 2 2 2
left_child=1 2 -1 4 -2 -5
right_child=3 -3 -4 5 -6 -7
leaf_value=0.00019198324895681597 0.0047297575045377018 -0.0028246598576919901 -0.0019887623609974982 -0.0017204960890214553 0.00032922868258538078 6.4660052543907506e-05
leaf_weight=77 7.9999999999999991 8.9999999999999982 11.999999999999998 27 64 341
leaf_count=77 8 9 12 27 64 341
internal_value=0 -0.000352085 -0.00010205 7.8419e-05 0.000818176 -6.63161e-05
internal_weight=0 98 89 440 72 368
internal_count=538 98 89 440 72 368
is_linear=0
shrinkage=0.1


Tree=526
num_leaves=5
num_cat=0
split_feature=83 83 58 83
split_gain=0.00143763 0.00248352 0.0063141 0.00311983
threshold=5.0104352440855866 4.543238182376899 4.1971736807086968 4.0430512611678848
decision_type=2 2 2 2
left_child=1 3 -3 -1
right_child=-2 2 -4 -5
leaf_value=2.7405891660144485e-05 -0.0010822677325146894 -0.00058227481320500347 0.0030687190644029115 -0.0013915501447627323
leaf_weight=491 11.999999999999998 10.000000000000002 8.9999999999999982 15.999999999999998
leaf_count=491 12 10 9 16
internal_value=0 2.46905e-05 0.00114714 -1.73738e-05
internal_weight=0 526 19 507
internal_count=538 526 19 507
is_linear=0
shrinkage=0.1


Tree=527
num_leaves=6
num_cat=0
split_feature=37 37 20 10 42
split_gain=0.00137213 0.0113484 0.00721273 0.00580265 0.00546092
threshold=6.1548017441785339 6.2970669235549011 3.6632328069201612 5.9964025824430864 1.0397207708399181
decision_type=2 2 2 2 2
left_child=2 -2 3 -1 -3
right_child=1 4 -4 -5 -6
leaf_value=0.00033931963577439698 -0.0030968763108830902 -0.0015566466132267602 0.0025383704556868631 -0.002569664953625761 9.4319396721569769e-05
leaf_weight=48 11.999999999999998 21 12.999999999999998 7.9999999999999991 436
leaf_count=48 12 21 13 8 436
internal_value=0 -6.12555e-05 0.00041636 -7.62496e-05 1.84544e-05
internal_weight=0 469 69 56 457
internal_count=538 469 69 56 457
is_linear=0
shrinkage=0.1


Tree=528
num_leaves=7
num_cat=0
split_feature=68 36 28 68 4 17
split_gain=0.00139692 0.0108001 0.0115229 0.00525716 0.006122 0.00379606
threshold=4.2796926728752291 4.0163424379838117 3.5549397315361362 4.4898253106276469 2.1383330595080281 6.2085718078050585
decision_type=2 2 2 2 2 2
left_child=1 2 -1 4 -2 -5
right_child=3 -3 -4 5 -6 -7
leaf_value=0.00021861243388660164 0.00054006388943110193 0.0032606214771724561 -0.0034546958023889199 0.0020486745000299479 -0.0020210463655530478 -3.5641735167397811e-05
leaf_weight=167 13.999999999999998 10.999999999999998 8.9999999999999982 8.9999999999999982 28 300
leaf_count=167 14 11 9 9 28 300
internal_value=0 0.000220764 3.07728e-05 -0.000117615 -0.00116734 2.50665e-05
internal_weight=0 187 176 351 42 309
internal_count=538 187 176 351 42 309
is_linear=0
shrinkage=0.1


Tree=529
num_leaves=8
num_cat=0
split_feature=104 20 61 44 99 102 99
split_gain=0.00149275 0.00644778 0.0122216 0.00939429 0.00511605 0.0163671 0.0075208
threshold=1.0000000180025095e-35 4.8903208612686422 3.6282191877528001 6.0233743034644602 3.8499212036984933 2.0126758453675748 4.007167868649713
decision_type=2 2 2 2 2 2 2
left_child=1 2 -1 -3 5 -2 -6
right_child=4 3 -4 -5 6 -7 -8
leaf_value=-0.00025505631833923342 -0.00076012380738207637 -0.0040969994291663158 0.0033594175102189187 0.00023757949471473695 -0.0029763911837815413 0.0016740517315903067 -3.1937237860499109e-05
leaf_weight=145 47 10.000000000000002 9.9999999999999982 9.9999999999999982 8.9999999999999982 67 240
leaf_count=145 47 10 10 10 9 67 240
internal_value=0 -0.000239904 -2.18645e-05 -0.00192971 0.000115656 0.000670488 -0.000138363
internal_weight=0 175 155 20 363 114 249
internal_count=538 175 155 20 363 114 249
is_linear=0
shrinkage=0.1


Tree=530
num_leaves=5
num_cat=0
split_feature=45 41 41 65
split_gain=0.00140026 0.00489778 0.00406377 0.00304734
threshold=10.135574889458775 10.085701847825877 9.9055788977071462 5.9471836317182101
decision_type=2 2 2 2
left_child=1 2 -1 -2
right_child=3 -3 -4 -5
leaf_value=3.1202822352490314e-05 -0.001865453090673933 0.0024891134235076606 -0.0022406135103665292 0.00043883897702802314
leaf_weight=499 12.000000000000002 7.9999999999999991 7.9999999999999991 10.999999999999998
leaf_count=499 12 8 8 11
internal_value=0 3.40936e-05 -4.64438e-06 -0.0007634
internal_weight=0 515 507 23
internal_count=538 515 507 23
is_linear=0
shrinkage=0.1


Tree=531
num_leaves=6
num_cat=0
split_feature=37 47 44 98 92
split_gain=0.00138713 0.0103624 0.0086085 0.00406634 0.00258072
threshold=9.5416264170123846 6.4199896230229241 5.4160905255636633 4.6727851606181448 5.0750657871256886
decision_type=2 2 2 2 2
left_child=1 4 -2 -4 -1
right_child=2 -3 3 -5 -6
leaf_value=6.1655583711052765e-05 0.0027391143089446884 -0.0036341413855552674 0.00073284198842884509 -0.00083773533217882843 -0.00088382716114152103
leaf_weight=420 12.999999999999998 7.9999999999999991 32 34 31
leaf_count=420 13 8 32 34 31
internal_value=0 -6.66153e-05 0.000387043 -7.62433e-05 -3.33325e-06
internal_weight=0 459 79 66 451
internal_count=538 459 79 66 451
is_linear=0
shrinkage=0.1


Tree=532
num_leaves=6
num_cat=0
split_feature=15 13 15 89 88
split_gain=0.00137432 0.00719802 0.00668222 0.00549443 0.00403726
threshold=2.3937458713910238 6.459903229849254 2.1910133173369415 0.67886022154788883 0.41772296771466128
decision_type=2 2 2 2 2
left_child=2 -2 3 -1 -3
right_child=1 4 -4 -5 -6
leaf_value=0.00014044060456064089 0.0025052849669009447 -0.00020614998495758989 -0.0023440079597224083 -0.0025706485081173017 0.00047905426926035948
leaf_weight=114 11.999999999999998 262 13.999999999999998 7.9999999999999991 128
leaf_count=114 12 262 14 8 128
internal_value=0 9.29629e-05 -0.000274787 -3.73357e-05 1.87376e-05
internal_weight=0 402 136 122 390
internal_count=538 402 136 122 390
is_linear=0
shrinkage=0.1


Tree=533
num_leaves=7
num_cat=0
split_feature=4 16 60 97 4 41
split_gain=0.00133246 0.00452764 0.00359888 0.0035705 0.00121342 0.00141211
threshold=6.4800257426481824 6.4134535822392476 5.8729958119905232 5.703760251940138 6.6982672939140819 8.3917224624947249
decision_type=2 2 2 2 2 2
left_child=1 2 -1 -3 -2 -6
right_child=4 3 -4 -5 5 -7
leaf_value=4.9271738759119305e-05 -0.0016190785824114246 0.00010552311141509559 -0.0011182226344577171 0.0030090278428461818 -0.0012765792023856188 0.00041202476848131763
leaf_weight=463 9.0000000000000018 8.0000000000000018 28 8.9999999999999982 8.0000000000000018 12.999999999999998
leaf_count=463 9 8 28 9 8 13
internal_value=0 3.82441e-05 -1.73064e-05 0.00164267 -0.000647601 -0.000231253
internal_weight=0 508 491 17 30 21
internal_count=538 508 491 17 30 21
is_linear=0
shrinkage=0.1


Tree=534
num_leaves=6
num_cat=0
split_feature=57 46 47 70 95
split_gain=0.0013583 0.00785646 0.0162545 0.00585601 0.00387209
threshold=1.0698198067283418 4.5053345884235583 3.4498615536424366 1.6108484520622799 4.9542375470235838
decision_type=2 2 2 2 2
left_child=1 -1 -3 -2 -5
right_child=3 2 -4 4 -6
leaf_value=-0.0027388198184780778 0.0025848719627699921 0.0039643680586272647 -0.0007090327287293148 -0.002171532122883946 4.7665956713915432e-05
leaf_weight=11.999999999999998 8.9999999999999982 8.9999999999999982 43 7.9999999999999991 457
leaf_count=12 9 9 43 8 457
internal_value=0 -0.000432421 9.98251e-05 5.83859e-05 9.4862e-06
internal_weight=0 64 52 474 465
internal_count=538 64 52 474 465
is_linear=0
shrinkage=0.1


Tree=535
num_leaves=6
num_cat=0
split_feature=42 37 92 96 103
split_gain=0.00130232 0.00851039 0.00636954 0.00348986 0.00239145
threshold=7.2370217595840707 9.6802727305176486 4.9544944811496352 6.4150956198398426 5.1761337726651186
decision_type=2 2 2 2 2
left_child=1 4 -2 -4 -1
right_child=2 -3 3 -5 -6
leaf_value=-0.00019365518407146981 -0.0030628635817265605 0.0031028966760560353 0.00054205013689675573 -0.0011054751044139268 0.00026625305166367213
leaf_weight=271 7.9999999999999991 8.9999999999999982 36 20 194
leaf_count=271 8 9 36 20 194
internal_value=0 5.71701e-05 -0.000423416 -4.63517e-05 -1.77949e-06
internal_weight=0 474 64 56 465
internal_count=538 474 64 56 465
is_linear=0
shrinkage=0.1


Tree=536
num_leaves=7
num_cat=0
split_feature=100 88 53 68 68 74
split_gain=0.00148898 0.00815131 0.00921885 0.00706934 0.00555609 0.00420751
threshold=1.4978661367769959 0.29140599236096953 2.2856912252778776 3.9940553008270498 3.5227212877527179 0.72926043258695372
decision_type=2 2 2 2 2 2
left_child=1 2 -1 -3 -2 -6
right_child=4 3 -4 -5 5 -7
leaf_value=0.00028291377031044768 -0.0019923611388852199 0.0004411531972788995 0.0025905481276466795 -0.0016944646033563563 -0.00014367836561039881 0.0009675094618710558
leaf_weight=70 14.999999999999998 31 23 31 330 38
leaf_count=70 15 31 23 31 330 38
internal_value=0 0.000261509 0.000853619 -0.000626656 -0.000105833 -2.89361e-05
internal_weight=0 155 93 62 383 368
internal_count=538 155 93 62 383 368
is_linear=0
shrinkage=0.1


Tree=537
num_leaves=4
num_cat=0
split_feature=101 101 9
split_gain=0.00148907 0.00230899 0.00253689
threshold=6.1851787574189894 6.0282756170432892 10.220523254914017
decision_type=2 2 2
left_child=1 2 -1
right_child=-2 -3 -4
leaf_value=3.0525241783130053e-05 -0.0011515322564677759 0.0016120323174012203 -0.0014406009538409613
leaf_weight=506 10.999999999999998 8.9999999999999982 11.999999999999998
leaf_count=506 11 9 12
internal_value=0 2.40358e-05 -3.5549e-06
internal_weight=0 527 518
internal_count=538 527 518
is_linear=0
shrinkage=0.1


Tree=538
num_leaves=5
num_cat=0
split_feature=45 41 43 24
split_gain=0.00134911 0.00404295 0.00355859 0.00280595
threshold=10.135574889458775 10.085701847825877 6.6967872730998437 6.6457289203085956
decision_type=2 2 2 2
left_child=1 2 -1 -2
right_child=3 -3 -4 -5
leaf_value=-3.9310318325938784e-05 5.7303348245720052e-05 0.0022639764007180928 0.001865997100248933 -0.0022617634385824203
leaf_weight=497 15.000000000000002 7.9999999999999991 9.9999999999999982 7.9999999999999991
leaf_count=497 15 8 10 8
internal_value=0 3.34652e-05 -1.73029e-06 -0.000749329
internal_weight=0 515 507 23
internal_count=538 515 507 23
is_linear=0
shrinkage=0.1


Tree=539
num_leaves=6
num_cat=0
split_feature=97 3 85 86 53
split_gain=0.00124529 0.0175246 0.00718094 0.00649557 0.00499449
threshold=3.4175922930736511 3.1984648276080736 0.50512972570900638 0.56371679504108496 0.53479999673873024
decision_type=2 2 2 2 2
left_child=2 -2 3 -1 -3
right_child=1 4 -4 -5 -6
leaf_value=-0.00027046933154506773 -0.003460017000325024 0.001759698929527076 0.0026785911912818186 0.0010778555723323308 -5.3595708434234748e-05
leaf_weight=149 14.999999999999998 15.999999999999998 10.999999999999998 47 300
leaf_count=149 15 16 11 47 300
internal_value=0 -0.000120314 0.000192385 5.28535e-05 3.82167e-05
internal_weight=0 331 207 196 316
internal_count=538 331 207 196 316
is_linear=0
shrinkage=0.1


Tree=540
num_leaves=6
num_cat=0
split_feature=29 69 13 99 89
split_gain=0.00129917 0.00532679 0.00528254 0.00371307 0.00545865
threshold=4.8361559147623279 0.97112340616979198 4.8361559147623279 2.3937458713910238 0.51477028447734163
decision_type=2 2 2 2 2
left_child=3 -2 -3 -1 -5
right_child=1 2 -4 4 -6
leaf_value=0.0021126801317388364 -0.0024547857956753838 0.0020725473334702355 -5.1802771058246206e-05 -0.00089186691357532417 0.0021777686604764314
leaf_weight=10.999999999999998 8.9999999999999982 11.999999999999998 477 21.000000000000004 7.9999999999999991
leaf_count=11 9 12 477 21 8
internal_value=0 -4.4041e-05 3.2852e-07 0.000548311 -4.50709e-05
internal_weight=0 498 489 40 29
internal_count=538 498 489 40 29
is_linear=0
shrinkage=0.1


Tree=541
num_leaves=4
num_cat=0
split_feature=32 34 35
split_gain=0.00126008 0.00260023 0.00503526
threshold=6.7752383666949401 7.8365657114726561 6.5395483652441291
decision_type=2 2 2
left_child=1 2 -1
right_child=-2 -3 -4
leaf_value=5.9684620831719766e-05 -0.00090367630706168723 0.0015471425965767017 -0.0014867676107149404
leaf_weight=490 14.999999999999998 10.999999999999998 22
leaf_count=490 15 11 22
internal_value=0 2.59181e-05 -6.7645e-06
internal_weight=0 523 512
internal_count=538 523 512
is_linear=0
shrinkage=0.1


Tree=542
num_leaves=8
num_cat=0
split_feature=104 103 57 20 55 3 65
split_gain=0.00127009 0.00570631 0.00892413 0.00781694 0.00437881 0.0172542 0.00634057
threshold=1.0000000180025095e-35 4.7957563937576522 2.581207517282047 4.8903208612686422 4.4942230200312032 4.886575525404063 3.488285925363932
decision_type=2 2 2 2 2 2 2
left_child=1 3 -3 -1 5 -2 -6
right_child=4 2 -4 -5 6 -7 -8
leaf_value=0.00035545200759467361 0.00020204082353633235 -0.0023159843261560636 0.00079522367928542995 -0.0021415347898645059 -0.0023811258375644687 0.0041954207854966322 -2.3014585194409231e-05
leaf_weight=120 110 27 13.999999999999998 13.999999999999998 11.999999999999998 11.999999999999998 229
leaf_count=120 110 27 14 14 12 12 229
internal_value=0 -0.00022129 -0.00125362 9.45728e-05 0.000106682 0.000594832 -0.000140431
internal_weight=0 175 41 134 363 122 241
internal_count=538 175 41 134 363 122 241
is_linear=0
shrinkage=0.1


Tree=543
num_leaves=7
num_cat=0
split_feature=98 103 33 98 92 98
split_gain=0.00149048 0.00483915 0.00418111 0.00392834 0.0104938 0.00638791
threshold=1.8688348091416842 4.9904094477362264 6.1158701961393769 2.9174053685313028 4.8603410700322902 3.2769667020129059
decision_type=2 2 2 2 2 2
left_child=1 2 -1 4 -2 -5
right_child=3 -3 -4 5 -6 -7
leaf_value=0.0016069996689717907 0.0041687167948111893 -0.002562443376518786 -0.00039980465639987361 -0.0015342589821321544 0.00032723704898671716 6.3621826793838369e-05
leaf_weight=11.999999999999998 7.9999999999999991 8.9999999999999982 77 27 64 341
leaf_count=12 8 9 77 27 64 341
internal_value=0 -0.000352683 -0.000129224 7.85522e-05 0.000754068 -5.3614e-05
internal_weight=0 98 89 440 72 368
internal_count=538 98 89 440 72 368
is_linear=0
shrinkage=0.1


Tree=544
num_leaves=8
num_cat=0
split_feature=88 84 27 61 35 60 97
split_gain=0.0012642 0.00862028 0.0112394 0.00617242 0.0124751 0.0108471 0.00437538
threshold=1.0000000180025095e-35 0.66033519827623854 5.6937264704147337 1.2268341333400099 4.0689902272260703 3.0264855664105355 5.3229028885512628
decision_type=2 2 2 2 2 2 2
left_child=3 2 -2 4 -1 -5 -3
right_child=1 6 -4 5 -6 -7 -8
leaf_value=-0.0033699356048600745 0.00030612244228800427 0.0037716932129114853 -0.0013780150839193086 0.0013697841449918109 0.0010047498190860179 -0.00032344400331698426 0.0010234677997816887
leaf_weight=16.000000000000004 191 8.0000000000000018 50 47 10.999999999999998 194 21
leaf_count=16 191 8 50 47 11 194 21
internal_value=0 0.000152722 -4.32837e-05 -0.000153862 -0.00158766 6.77061e-06 0.0017816
internal_weight=0 270 241 268 27 241 29
internal_count=538 270 241 268 27 241 29
is_linear=0
shrinkage=0.1


Tree=545
num_leaves=7
num_cat=0
split_feature=28 24 68 68 38 20
split_gain=0.00153341 0.0113078 0.0101601 0.00809201 0.0073186 0.00364113
threshold=5.2574411156119085 5.1532748880139918 5.0264681039062085 5.2108927346214013 6.6732907755525082 5.1532748880139918
decision_type=2 2 2 2 2 2
left_child=1 5 -2 -4 -3 -1
right_child=2 4 3 -5 -6 -7
leaf_value=-3.7716525614396621e-05 0.0037520705373026431 -0.0043389478977769597 -0.0030010593225597406 0.00029000685612343467 -0.00040825106100075777 0.0016047347037653839
leaf_weight=376 7.9999999999999991 10.000000000000002 7.9999999999999991 113 8.9999999999999982 13.999999999999998
leaf_count=376 8 10 8 113 9 14
internal_value=0 -9.48139e-05 0.000300611 7.24157e-05 -0.00247704 2.12433e-05
internal_weight=0 409 129 121 19 390
internal_count=538 409 129 121 19 390
is_linear=0
shrinkage=0.1


Tree=546
num_leaves=6
num_cat=0
split_feature=17 69 1 31 39
split_gain=0.00128274 0.00666422 0.00639276 0.00526729 0.0032076
threshold=9.5959403329115975 5.4558151448294856 9.3631962894931622 6.5785562848655745 6.2324460866484275
decision_type=2 2 2 2 2
left_child=3 -2 -3 4 -1
right_child=1 2 -4 -5 -6
leaf_value=-7.9136804578637421e-05 0.0031155491829849783 -0.0021376699103381148 0.00052035247850546829 -0.0022221003024076873 0.00097443178627497308
leaf_weight=426 7.9999999999999991 10.999999999999998 51 10.999999999999998 31
leaf_count=426 8 11 51 11 31
internal_value=0 0.000399257 4.87679e-05 -5.97179e-05 -7.66935e-06
internal_weight=0 70 62 468 457
internal_count=538 70 62 468 457
is_linear=0
shrinkage=0.1


Tree=547
num_leaves=8
num_cat=0
split_feature=50 50 65 49 60 39 50
split_gain=0.00124262 0.00687885 0.0126746 0.00536063 0.0153096 0.00577456 0.00339814
threshold=4.1107394736335969 4.5107991236896536 2.5421757333365096 2.4563274428680266 1.0074515102711328 5.703760251940138 5.5529295377475458
decision_type=2 2 2 2 2 2 2
left_child=3 2 -2 5 -5 -1 -3
right_child=1 6 -4 4 -6 -7 -8
leaf_value=-0.0006997720070062519 -0.0046763842097587056 0.0005524783705671628 -0.00027593015984166412 0.0049972547800280157 0.00035322237881556495 0.0015332895464130812 -0.00015185801147219117
leaf_weight=67 8.9999999999999982 93 24 7.9999999999999991 63 13.999999999999998 260
leaf_count=67 9 93 24 8 63 14 260
internal_value=0 -9.53689e-05 -0.00147605 0.000242187 0.000876494 -0.000313811 3.37037e-05
internal_weight=0 386 33 152 71 81 353
internal_count=538 386 33 152 71 81 353
is_linear=0
shrinkage=0.1


Tree=548
num_leaves=6
num_cat=0
split_feature=98 103 69 95 17
split_gain=0.00134034 0.00388517 0.00420077 0.00366549 0.00424978
threshold=1.8688348091416842 4.9904094477362264 3.1403833134350752 5.5872416446462791 6.459903229849254
decision_type=2 2 2 2 2
left_child=1 2 -1 -2 -5
right_child=3 -3 -4 4 -6
leaf_value=-0.00061185490136267623 0.0018769766669720412 -0.0023144518814256624 0.00085397934368490404 -0.00078402421388870745 0.00015022673604488075
leaf_weight=60 10.999999999999998 8.9999999999999982 29 56 373
leaf_count=60 11 9 29 56 373
internal_value=0 -0.000334449 -0.000134224 7.44908e-05 2.82732e-05
internal_weight=0 98 89 440 429
internal_count=538 98 89 440 429
is_linear=0
shrinkage=0.1


Tree=549
num_leaves=7
num_cat=0
split_feature=95 95 100 100 98 69
split_gain=0.00123383 0.00781126 0.00726294 0.00656137 0.00557769 0.00468291
threshold=7.8316153064056495 8.1767812389201762 4.0428973506407848 3.4960482137079443 3.8064155152036787 4.6870591425766106
decision_type=2 2 2 2 2 2
left_child=2 4 3 -1 -2 -3
right_child=1 5 -4 -5 -6 -7
leaf_value=0.00019114675035347565 -8.5981762094888839e-05 0.00074817101089542535 0.0031380885688122363 -0.0024318059397046457 -0.0025643081836668508 -0.00018929274019461535
leaf_weight=206 15.999999999999998 72 7.9999999999999991 9.9999999999999982 21 205
leaf_count=206 16 72 8 10 21 205
internal_value=0 -0.000127907 0.000179299 6.97138e-05 -0.0014926 5.43801e-05
internal_weight=0 314 224 216 37 277
internal_count=538 314 224 216 37 277
is_linear=0
shrinkage=0.1


Tree=550
num_leaves=8
num_cat=0
split_feature=98 76 16 79 100 86 68
split_gain=0.00121282 0.00386403 0.00963408 0.00850594 0.00336121 0.00847107 0.00587315
threshold=1.8688348091416842 0.33379485405238302 3.0433873634561537 0.89587973461402759 1.4978661367769959 0.10866339792416192 3.5227212877527179
decision_type=2 2 2 2 2 2 2
left_child=1 3 -3 -1 5 -2 -6
right_child=4 2 -4 -5 6 -7 -8
leaf_value=-0.00024001547621924489 0.0015194753493771567 -0.00079598875376037668 0.003614615631522611 -0.0033665922284126281 -0.0022519467670160036 -0.00032166148965046102 4.6248070669584775e-07
leaf_weight=67 49 13.000000000000002 7.9999999999999991 9.9999999999999982 11.999999999999998 51 328
leaf_count=67 49 13 8 10 12 51 328
internal_value=0 -0.000318142 0.000884241 -0.000646064 7.08588e-05 0.000580496 -7.90343e-05
internal_weight=0 98 21 77 440 100 340
internal_count=538 98 21 77 440 100 340
is_linear=0
shrinkage=0.1


Tree=551
num_leaves=8
num_cat=0
split_feature=2 75 53 28 68 75 9
split_gain=0.00119889 0.0028985 0.00367041 0.00253126 0.00284723 0.00252147 0.00107613
threshold=7.6038900162435032 5.2363146265624776 4.0890920313967509 4.4942230200312032 5.6070719383454444 4.9416169117544309 9.570797522490162
decision_type=2 2 2 2 2 2 2
left_child=1 5 -3 6 -5 -1 -2
right_child=3 2 -4 4 -6 -7 -8
leaf_value=-1.9898931856208196e-05 -0.0012329190620221193 -0.0028689772967481972 -0.00021663032743769389 0.002602522241391448 0.00032275776944256258 0.0017706169834127651 0.00032312861701939261
leaf_weight=466 8.0000000000000018 8.0000000000000018 14.999999999999998 9.0000000000000018 13.999999999999998 7.9999999999999991 9.9999999999999982
leaf_count=466 8 8 15 9 14 8 10
internal_value=0 -4.28757e-05 -0.00113919 0.000519738 0.00121484 1.03207e-05 -0.000368448
internal_weight=0 497 23 41 23 474 18
internal_count=538 497 23 41 23 474 18
is_linear=0
shrinkage=0.1


Tree=552
num_leaves=8
num_cat=0
split_feature=88 84 27 61 35 60 97
split_gain=0.00118398 0.00624308 0.00877067 0.00493659 0.00992585 0.00918369 0.00385362
threshold=1.0000000180025095e-35 0.66033519827623854 5.6937264704147337 1.2268341333400099 4.0689902272260703 2.9639627631517476 5.3229028885512628
decision_type=2 2 2 2 2 2 2
left_child=3 2 -2 4 -1 -5 -3
right_child=1 6 -4 5 -6 -7 -8
leaf_value=-0.0030209353120881129 0.0002896498047919817 0.0034016702789813266 -0.0011980767747154461 0.0013009456846206874 0.00088126446247439492 -0.00029698411206777447 0.00082250859399902684
leaf_weight=16.000000000000004 191 8.0000000000000018 50 44 10.999999999999998 197 21
leaf_count=16 191 8 50 44 11 197 21
internal_value=0 0.000147797 -1.90072e-05 -0.0001489 -0.00143115 -5.24589e-06 0.001534
internal_weight=0 270 241 268 27 241 29
internal_count=538 270 241 268 27 241 29
is_linear=0
shrinkage=0.1


Tree=553
num_leaves=8
num_cat=0
split_feature=28 24 38 30 50 38 28
split_gain=0.00123284 0.00835405 0.00823286 0.00881313 0.00684167 0.00589354 0.00322407
threshold=5.2574411156119085 5.1532748880139918 6.8145422947926138 6.8068195709628032 5.9711446873746352 6.6732907755525082 5.1119152036137292
decision_type=2 2 2 2 2 2 2
left_child=1 6 4 -4 -2 -3 -1
right_child=2 5 3 -5 -6 -7 -8
leaf_value=5.8929785926278746e-05 0.0038022054772062046 -0.0038034342881292094 -0.0027652470995566218 0.00022147448365750588 0.00018815471325069668 -0.00027612286826802623 -0.0018559905959086285
leaf_weight=381 11.000000000000002 10.000000000000002 10.999999999999998 97 9.9999999999999982 8.9999999999999982 8.9999999999999982
leaf_count=381 11 10 11 97 10 9 9
internal_value=0 -8.5015e-05 0.000269544 -8.27286e-05 0.00208123 -0.0021326 1.47393e-05
internal_weight=0 409 129 108 21 19 390
internal_count=538 409 129 108 21 19 390
is_linear=0
shrinkage=0.1


Tree=554
num_leaves=6
num_cat=0
split_feature=11 7 15 11 15
split_gain=0.00126344 0.00742256 0.00597862 0.00640866 0.00458095
threshold=3.5408542930527882 3.0433873634561537 4.007167868649713 3.1984648276080736 3.4175922930736511
decision_type=2 2 2 2 2
left_child=2 -2 3 -1 -3
right_child=1 4 -4 -5 -6
leaf_value=0.00010139584614699607 0.0031334494171460395 0.0017541853747873879 -0.0025749573740176859 -0.0018737627756005776 -3.6673876383913417e-05
leaf_weight=188 7.9999999999999991 14.999999999999998 9.9999999999999982 18 299
leaf_count=188 8 15 10 18 299
internal_value=0 0.000125512 -0.000187106 -7.11908e-05 4.88767e-05
internal_weight=0 322 216 206 314
internal_count=538 322 216 206 314
is_linear=0
shrinkage=0.1


Tree=555
num_leaves=7
num_cat=0
split_feature=15 40 67 36 13 88
split_gain=0.0013052 0.00603045 0.01004 0.00670253 0.00456294 0.00315624
threshold=2.3937458713910238 3.2384861814448418 4.2121001622835381 3.1345481418531311 6.459903229849254 0.41772296771466128
decision_type=2 2 2 2 2 2
left_child=1 3 -3 -1 -2 -6
right_child=4 2 -4 -5 5 -7
leaf_value=-5.6609921505887432e-05 0.0020112574876596529 -0.0029583889235877191 1.9853167136066727e-05 0.0029774680500850082 -0.00016734383642390898 0.0004385012332022598
leaf_weight=81 11.999999999999998 19 28 7.9999999999999991 262 128
leaf_count=81 12 19 28 8 262 128
internal_value=0 -0.000267788 -0.00118412 0.000216116 9.05949e-05 3.14976e-05
internal_weight=0 136 47 89 402 390
internal_count=538 136 47 89 402 390
is_linear=0
shrinkage=0.1


Tree=556
num_leaves=7
num_cat=0
split_feature=20 92 26 18 14 76
split_gain=0.00122193 0.00637772 0.00806399 0.00613408 0.00513485 0.00452968
threshold=4.4829865921051741 4.8003891233100573 5.3470621771866655 6.2460391568005056 6.1290288502980639 0.78280225766847711
decision_type=2 2 2 2 2 2
left_child=3 -2 -3 4 -1 -5
right_child=1 2 -4 5 -6 -7
leaf_value=-0.0001064640032698797 0.0022439008462242782 0.00296991018888851 -8.8730125421801972e-05 -0.0029282644534340263 0.0016853729290339876 -0.00017104368395269955
leaf_weight=270 13.999999999999998 8.9999999999999982 204 13.000000000000002 17 10.999999999999998
leaf_count=270 14 9 204 13 17 11
internal_value=0 0.0001764 4.05082e-05 -0.000128755 -3.27321e-07 -0.00166454
internal_weight=0 227 213 311 287 24
internal_count=538 227 213 311 287 24
is_linear=0
shrinkage=0.1


Tree=557
num_leaves=5
num_cat=0
split_feature=83 83 51 83
split_gain=0.00133109 0.00181438 0.00457319 0.00255675
threshold=5.0104352440855866 4.543238182376899 5.5333816772649813 4.0430512611678848
decision_type=2 2 2 2
left_child=1 3 -3 -1
right_child=-2 2 -4 -5
leaf_value=2.8342007299993747e-05 -0.0010413931876731416 -0.00033991048324175847 0.0028023709266562949 -0.0012561974377604203
leaf_weight=491 11.999999999999998 11.000000000000002 7.9999999999999991 15.999999999999998
leaf_count=491 12 11 8 16
internal_value=0 2.3758e-05 0.000983155 -1.21957e-05
internal_weight=0 526 19 507
internal_count=538 526 19 507
is_linear=0
shrinkage=0.1


Tree=558
num_leaves=5
num_cat=0
split_feature=46 37 47 21
split_gain=0.00118976 0.00239231 0.00822338 0.00736878
threshold=8.0352736676878198 9.5416264170123846 6.4199896230229241 9.2194769245923212
decision_type=2 2 2 2
left_child=1 2 -1 -3
right_child=-2 3 -4 -5
leaf_value=-2.6443431649110315e-06 -0.00098455594852566732 0.0025332696254675591 -0.0032370783941587434 1.740102444063478e-05
leaf_weight=451 11.999999999999998 14.999999999999998 7.9999999999999991 52
leaf_count=451 12 15 8 52
internal_value=0 2.24614e-05 -5.90179e-05 0.000580655
internal_weight=0 526 459 67
internal_count=538 526 459 67
is_linear=0
shrinkage=0.1


Tree=559
num_leaves=6
num_cat=0
split_feature=6 4 3 7 62
split_gain=0.00115322 0.00208134 0.00177984 0.00371386 0.00370712
threshold=7.7989279262908573 6.4800257426481824 6.2557039891096373 6.1505459369606674 5.1702256638518325
decision_type=2 2 2 2 2
left_child=2 -2 3 -1 -4
right_child=1 -3 4 -5 -6
leaf_value=-3.1610513238009272e-05 0.0017794184479862447 -0.00010950102223432623 1.0546716614900267e-05 0.0013294657550951732 -0.0017980406773002709
leaf_weight=442 10.000000000000002 13.999999999999998 34 21 17
leaf_count=442 10 14 34 21 17
internal_value=0 0.000677549 -3.16365e-05 3.0123e-05 -0.000592316
internal_weight=0 24 514 463 51
internal_count=538 24 514 463 51
is_linear=0
shrinkage=0.1


Tree=560
num_leaves=6
num_cat=0
split_feature=38 37 50 38 25
split_gain=0.00110371 0.0103865 0.00904525 0.00537234 0.00483321
threshold=4.6346818562128229 7.480145263738696 1.0397207708399181 4.7790881836238563 6.6346324944835127
decision_type=2 2 2 2 2
left_child=1 2 -1 -2 -5
right_child=3 -3 -4 4 -6
leaf_value=0.0022732355209882371 0.0020911152958153533 -0.0028218317538630799 -0.00024544654373179073 -0.0018711680618043128 9.2387624234863244e-05
leaf_weight=15.999999999999998 12.999999999999998 13.999999999999998 131 12.999999999999998 351
leaf_count=16 13 14 131 13 351
internal_value=0 -0.000219176 2.86957e-05 9.36005e-05 2.22606e-05
internal_weight=0 161 147 377 364
internal_count=538 161 147 377 364
is_linear=0
shrinkage=0.1


Tree=561
num_leaves=7
num_cat=0
split_feature=18 16 16 30 104 102
split_gain=0.00101583 0.00577671 0.0109475 0.00757637 0.00454508 0.00432284
threshold=6.9546224757073114 5.1416464569318583 4.9199542854466296 6.8490612221579648 1.7005986908310777 3.7132745361986528
decision_type=2 2 2 2 2 2
left_child=1 2 -1 -3 -2 -6
right_child=4 3 -4 -5 5 -7
leaf_value=-8.3224588969094647e-05 0.0023094512033276261 -0.0025256564811570572 0.0020041296293062194 6.9030407488484075e-06 -0.0016248131484294739 0.00034482391595538968
leaf_weight=362 9.9999999999999982 21 27 27 12.999999999999998 78
leaf_count=362 10 21 27 27 13 78
internal_value=0 -6.606e-05 6.1656e-05 -0.00110109 0.000285824 6.34472e-05
internal_weight=0 437 389 48 101 91
internal_count=538 437 389 48 101 91
is_linear=0
shrinkage=0.1


Tree=562
num_leaves=5
num_cat=0
split_feature=69 70 89 13
split_gain=0.00101448 0.00282388 0.00533646 0.00297689
threshold=0.91610364505747011 0.7294240021307844 0.26832255140569977 4.8361559147623279
decision_type=2 2 2 2
left_child=-1 2 -2 -3
right_child=1 3 -4 -5
leaf_value=0.00087264908764224782 -0.0027925272379070512 0.0014098512505491575 0.00067258889321237809 -2.0218794374735942e-05
leaf_weight=12.999999999999998 10.000000000000002 14.999999999999998 7.9999999999999991 492
leaf_count=13 10 15 8 492
internal_value=0 -2.16085e-05 -0.00125248 2.2091e-05
internal_weight=0 525 18 507
internal_count=538 525 18 507
is_linear=0
shrinkage=0.1


Tree=563
num_leaves=7
num_cat=0
split_feature=95 42 60 1 85 61
split_gain=0.00108619 0.00900948 0.0102961 0.00396721 0.00661074 0.00322867
threshold=6.1548017441785339 4.0428973506407848 3.0853281054465049 6.4052270920020655 0.028591544580251347 1.7171965325533194
decision_type=2 2 2 2 2 2
left_child=1 -1 -3 4 -2 -5
right_child=3 2 -4 5 -6 -7
leaf_value=0.0028504396478335066 -0.0021777822081709189 -0.00088989350479096174 0.0030484000802971424 0.00096501398766122301 0.0007644834035697083 -4.8877375318236606e-05
leaf_weight=11.999999999999998 21 39 7.9999999999999991 34 11.999999999999998 412
leaf_count=12 21 39 8 34 12 412
internal_value=0 0.000404858 -0.000219546 -4.98677e-05 -0.00110787 2.84148e-05
internal_weight=0 59 47 479 33 446
internal_count=538 59 47 479 33 446
is_linear=0
shrinkage=0.1


Tree=564
num_leaves=7
num_cat=0
split_feature=95 86 19 96 10 99
split_gain=0.00115548 0.0126714 0.00436048 0.00687912 0.00642594 0.00319232
threshold=4.8361559147623279 0.35192429014739618 1.5890269151739729 3.2180751841847144 1.0397207708399181 2.7058230259275202
decision_type=2 2 2 2 2 2
left_child=1 -1 3 -2 -4 -3
right_child=2 5 4 -5 -6 -7
leaf_value=0.00353430412709713 -0.0031945704482495788 -0.0022065946095002186 0.0024679617617617954 -0.00036493457250724563 1.9836752881877506e-05 0.00024343526277404568
leaf_weight=9.9999999999999982 9.9999999999999982 9.0000000000000018 10.999999999999998 61 424 12.999999999999998
leaf_count=10 10 9 11 61 424 13
internal_value=0 0.000582761 -3.68544e-05 -0.000763475 8.17434e-05 -0.00075885
internal_weight=0 32 506 71 435 22
internal_count=538 32 506 71 435 22
is_linear=0
shrinkage=0.1


Tree=565
num_leaves=6
num_cat=0
split_feature=24 44 32 33 23
split_gain=0.00100182 0.00293263 0.00257862 0.00482026 0.00355919
threshold=6.6457289203085956 6.3314955176136278 6.1882451489106529 9.6138678460593976 6.459903229849254
decision_type=2 2 2 2 2
left_child=2 -2 3 -1 -4
right_child=1 -3 4 -5 -6
leaf_value=5.5743956989309722e-05 0.00034633102429021764 -0.0020416262870033581 0.00024774656980298455 -0.0012327313205347428 0.0027434592741883536
leaf_weight=458 12.000000000000002 8.9999999999999982 20.000000000000004 31 7.9999999999999991
leaf_count=458 12 9 20 31 8
internal_value=0 -0.000677079 2.75023e-05 -2.59385e-05 0.000960807
internal_weight=0 21 517 489 28
internal_count=538 21 517 489 28
is_linear=0
shrinkage=0.1


Tree=566
num_leaves=8
num_cat=0
split_feature=79 100 51 80 96 96 10
split_gain=0.00104257 0.00394064 0.00474096 0.00409282 0.00274308 0.0127253 0.00481061
threshold=4.1587609981435856 4.4885732424042368 5.003923783930186 0.87991321106252307 6.0718113043284854 6.2165881725480121 6.2460391568005056
decision_type=2 2 2 2 2 2 2
left_child=4 2 -2 -3 6 -6 -1
right_child=1 3 -4 -5 5 -7 -8
leaf_value=7.9699703613229401e-06 0.00044542213019869645 0.00044430402125918166 0.0033711805517668836 -0.0013862281701424056 -0.0035278446700734399 -0.00013842987309797334 0.0015774250510037831
leaf_weight=279 18.000000000000004 38 7.9999999999999991 18 11.999999999999998 144 21
leaf_count=279 18 38 8 18 12 144 21
internal_value=0 0.000328274 0.00134566 -0.000144081 -5.90318e-05 -0.000399154 0.000117832
internal_weight=0 82 26 56 456 156 300
internal_count=538 82 26 56 456 156 300
is_linear=0
shrinkage=0.1


Tree=567
num_leaves=4
num_cat=0
split_feature=83 83 89
split_gain=0.00103408 0.00167001 0.0014381
threshold=5.0104352440855866 4.8362504018804477 0.37211895442936754
decision_type=2 2 2
left_child=1 2 -1
right_child=-2 -3 -4
leaf_value=0.00011572985444900709 -0.00091788277883703509 0.0013008863126742654 -0.00023690371032405113
leaf_weight=341 11.999999999999998 9.9999999999999982 175
leaf_count=341 12 10 175
internal_value=0 2.09403e-05 -3.86486e-06
internal_weight=0 526 516
internal_count=538 526 516
is_linear=0
shrinkage=0.1


Tree=568
num_leaves=6
num_cat=0
split_feature=100 100 38 3 49
split_gain=0.00101265 0.00345186 0.00281166 0.0025399 0.00253107
threshold=5.7899180851264278 5.8998635749973518 8.0352736676878198 6.3261478730552536 9.2822015558701114
decision_type=2 2 2 2 2
left_child=2 -2 3 -1 -3
right_child=1 4 -4 -5 -6
leaf_value=4.1896425561359406e-05 0.0018299952382221818 -0.0010805896770519515 -0.0017985432408750058 -0.00097494142649408712 0.00051034545147558678
leaf_weight=445 12.999999999999998 14.999999999999998 8.9999999999999982 26 30
leaf_count=445 13 15 9 26 30
internal_value=0 0.00039468 -4.76905e-05 -1.42348e-05 -1.99663e-05
internal_weight=0 58 480 471 45
internal_count=538 58 480 471 45
is_linear=0
shrinkage=0.1


Tree=569
num_leaves=7
num_cat=0
split_feature=48 101 53 57 35 98
split_gain=0.000957166 0.00546713 0.00422856 0.00318993 0.0067199 0.00473961
threshold=3.2951505240983434 5.2363853729368453 2.1302771365677544 2.0390054806197973 2.1910133173369415 4.1742689126930488
decision_type=2 2 2 2 2 2
left_child=1 2 -1 4 -2 -5
right_child=3 -3 -4 5 -6 -7
leaf_value=-0.00034125715235187409 0.0031967258593067517 -0.0027230472740484403 0.00062313209754165659 -0.00061837989988129183 -0.00025132544553623751 0.00028180597257197211
leaf_weight=157 10.000000000000002 7.9999999999999991 64 82 12.999999999999998 204
leaf_count=157 10 8 64 82 13 204
internal_value=0 -0.00015494 -6.1977e-05 0.000114826 0.00124783 2.37107e-05
internal_weight=0 229 221 309 23 286
internal_count=538 229 221 309 23 286
is_linear=0
shrinkage=0.1


Tree=570
num_leaves=6
num_cat=0
split_feature=78 73 46 41 42
split_gain=0.000974862 0.00518389 0.00236506 0.00919198 0.00740661
threshold=4.2765696590948545 3.9888125493922968 3.7609296261008152 7.1008243828001545 3.9505035259962109
decision_type=2 2 2 2 2
left_child=2 -2 3 -1 -4
right_child=1 -3 4 -5 -6
leaf_value=-0.00010592204194541115 0.0025973690906539552 -0.00090116641173760095 0.0023326232929580977 -0.0032040675594048069 -5.313286699726516e-06
leaf_weight=74 8.0000000000000018 8.9999999999999982 13.999999999999998 10.999999999999998 422
leaf_count=74 8 9 14 11 422
internal_value=0 0.000745203 -2.43157e-05 -0.000506859 6.97581e-05
internal_weight=0 17 521 85 436
internal_count=538 17 521 85 436
is_linear=0
shrinkage=0.1


Tree=571
num_leaves=8
num_cat=0
split_feature=50 51 31 38 9 88 44
split_gain=0.000980685 0.00504098 0.0110055 0.00390926 0.00758541 0.00691342 0.00264036
threshold=4.1107394736335969 1.5890269151739729 2.9430520157250784 1.5890269151739729 6.311733162251806 0.57615951478317129 5.4160905255636633
decision_type=2 2 2 2 2 2 2
left_child=3 2 -2 4 -1 -5 -3
right_child=1 6 -4 5 -6 -7 -8
leaf_value=0.0039029049454256878 -0.0040348365536192424 0.00015374827205089108 0.00014599459280040773 -0.00036679292609830368 8.9940327840546766e-05 0.0014580936708415929 -0.00051334880238088467
leaf_weight=8.0000000000000018 10.000000000000002 284 17 103 14.999999999999998 26 75
leaf_count=8 10 284 17 103 15 26 75
internal_value=0 -8.47231e-05 -0.00140246 0.000215152 0.00141619 1.01367e-06 1.43826e-05
internal_weight=0 386 27 152 23 129 359
internal_count=538 386 27 152 23 129 359
is_linear=0
shrinkage=0.1


Tree=572
num_leaves=7
num_cat=0
split_feature=38 37 53 46 2 39
split_gain=0.00105183 0.00701543 0.00777478 0.00463134 0.0108675 0.00314425
threshold=4.6346818562128229 7.480145263738696 0.53479999673873024 4.9199542854466296 5.6436393917189509 2.524928003624769
decision_type=2 2 2 2 2 2
left_child=1 2 -1 4 -2 -5
right_child=3 -3 -4 5 -6 -7
leaf_value=0.0018223697412759069 0.0033538633026182654 -0.0023529537687344212 -0.00029885090980959526 0.0011123287193847565 4.3450734708184264e-05 -0.00012525934223911358
leaf_weight=20 13.999999999999998 13.999999999999998 127 22 34 307
leaf_count=20 14 14 127 22 34 307
internal_value=0 -0.000213963 -1.02495e-05 9.13741e-05 0.00100899 -4.25027e-05
internal_weight=0 161 147 377 48 329
internal_count=538 161 147 377 48 329
is_linear=0
shrinkage=0.1


Tree=573
num_leaves=7
num_cat=0
split_feature=28 68 24 68 92 16
split_gain=0.00112611 0.00698807 0.00647642 0.004779 0.00417638 0.00263048
threshold=5.2574411156119085 5.0264681039062085 5.1532748880139918 5.2108927346214013 4.906301756821029 4.8903208612686422
decision_type=2 2 2 2 2 2
left_child=2 -2 5 -3 -4 -1
right_child=1 3 4 -5 -6 -7
leaf_value=-8.6033457605507382e-05 0.003120018508298017 -0.0022935841450816953 -0.0036226074269507069 0.00023557911339175757 -0.00061974555190483281 0.00073485733499348337
leaf_weight=346 7.9999999999999991 7.9999999999999991 8.0000000000000018 113 10.999999999999998 44
leaf_count=346 8 8 8 113 11 44
internal_value=0 0.000257612 -8.12516e-05 6.83617e-05 -0.00188411 6.57986e-06
internal_weight=0 129 409 121 19 390
internal_count=538 129 409 121 19 390
is_linear=0
shrinkage=0.1


Tree=574
num_leaves=6
num_cat=0
split_feature=37 47 68 98 97
split_gain=0.00103825 0.00668566 0.00649772 0.00232237 0.00164691
threshold=9.5416264170123846 6.4199896230229241 5.2315331309628146 4.6727851606181448 3.4175922930736511
decision_type=2 2 2 2 2
left_child=1 4 -2 -4 -1
right_child=2 -3 3 -5 -6
leaf_value=0.00021716788791787908 0.0030366376071469859 -0.0029231902182800698 0.00071870041208277498 -0.0004448135261468235 -0.00016984530303833993
leaf_weight=190 7.9999999999999991 7.9999999999999991 29 42 261
leaf_count=190 8 8 29 42 261
internal_value=0 -5.76323e-05 0.000334851 3.04246e-05 -6.80205e-06
internal_weight=0 459 79 71 451
internal_count=538 459 79 71 451
is_linear=0
shrinkage=0.1


Tree=575
num_leaves=7
num_cat=0
split_feature=30 34 38 95 75 17
split_gain=0.00102611 0.00503792 0.00489998 0.00596273 0.00477624 0.0021266
threshold=5.3844529770182641 5.1984817689835037 5.4595040226688933 4.8361559147623279 1.0000000180025095e-35 8.5421754714216824
decision_type=2 2 2 2 2 2
left_child=2 -2 3 -1 -4 -3
right_child=1 5 4 -5 -6 -7
leaf_value=0.0021624011918902398 0.0019089500668148199 0.00044817570883263699 -0.0027024916822223789 -0.0001322863932420379 0.00015894805779680609 -0.00014847281759396887
leaf_weight=11.999999999999998 14.999999999999998 85 14.000000000000002 201 9.9999999999999982 201
leaf_count=12 15 85 14 201 10 201
internal_value=0 0.000122545 -0.000155638 -3.00822e-06 -0.00151023 2.88528e-05
internal_weight=0 301 237 213 24 286
internal_count=538 301 237 213 24 286
is_linear=0
shrinkage=0.1


Tree=576
num_leaves=8
num_cat=0
split_feature=53 53 87 46 2 1 62
split_gain=0.00109653 0.00484378 0.00793299 0.00758866 0.00333303 0.00725316 0.00477205
threshold=1.0098148431803853 0.53479999673873024 0.067463288770553395 5.3229980813168991 5.2310943182715759 6.8946079313622795 3.1984648276080736
decision_type=2 2 2 2 2 2 2
left_child=1 3 -3 -1 5 -2 -6
right_child=4 2 -4 -5 6 -7 -8
leaf_value=0.001511556625648934 -0.00017153713168458097 9.7531173378229144e-05 -0.0028083384256152549 -0.00046702477081294458 -0.00080441725725298365 0.0014415118882898242 0.00013143687655363983
leaf_weight=28 63 21 17 63 72 50 224
leaf_count=28 63 21 17 63 72 50 224
internal_value=0 -0.000254206 -0.00120246 0.00014177 8.01774e-05 0.000542201 -9.62033e-05
internal_weight=0 129 38 91 409 113 296
internal_count=538 129 38 91 409 113 296
is_linear=0
shrinkage=0.1


Tree=577
num_leaves=6
num_cat=0
split_feature=21 25 22 23 17
split_gain=0.00102376 0.00848199 0.00643784 0.00499123 0.00334883
threshold=8.8498008169377567 8.8717803007626799 6.366464543184347 5.3229028885512628 8.8717803007626799
decision_type=2 2 2 2 2
left_child=1 3 -2 -1 -4
right_child=2 -3 4 -5 -6
leaf_value=0.00010709568335527577 0.0029731281101703644 -0.0029657128622056919 0.0019402292557060719 -0.0011661334980197031 -4.5394818148180991e-05
leaf_weight=326 7.9999999999999991 9.9999999999999982 8.9999999999999982 34 151
leaf_count=326 8 10 9 34 151
internal_value=0 -9.29526e-05 0.000204717 -1.31537e-05 6.62965e-05
internal_weight=0 370 168 360 160
internal_count=538 370 168 360 160
is_linear=0
shrinkage=0.1


Tree=578
num_leaves=8
num_cat=0
split_feature=6 0 98 3 96 53 79
split_gain=0.00104844 0.0087073 0.0156866 0.00556137 0.00498181 0.00604449 0.00376728
threshold=5.8998635749973518 4.4829865921051741 4.234001473612734 5.3229028885512628 6.0718113043284854 3.4467324192388098 3.5694334999727624
decision_type=2 2 2 2 2 2 2
left_child=4 2 -2 -3 6 -6 -1
right_child=1 3 -4 -5 5 -7 -8
leaf_value=9.2098504220610805e-05 0.00034517046718472808 -0.0014169607711145157 0.0049381891638040545 0.00010033618071412836 -0.0025438689154244076 0.0007894763155491092 -0.0014899475885613357
leaf_weight=254 29 28 9.9999999999999982 176 17.000000000000004 7.9999999999999991 15.999999999999998
leaf_count=254 29 28 10 176 17 8 16
internal_value=0 0.000153811 0.00152287 -0.00010792 -0.000126699 -0.0014772 -1.65238e-06
internal_weight=0 243 39 204 295 25 270
internal_count=538 243 39 204 295 25 270
is_linear=0
shrinkage=0.1


Tree=579
num_leaves=6
num_cat=0
split_feature=57 46 47 70 95
split_gain=0.00101693 0.00612296 0.0100531 0.00308392 0.00268982
threshold=1.0698198067283418 4.5053345884235583 3.4498615536424366 1.6108484520622799 4.9542375470235838
decision_type=2 2 2 2 2
left_child=1 -1 -3 -2 -5
right_child=3 2 -4 4 -6
leaf_value=-0.0024102699861259682 0.0018839640956785945 0.0031349324414299594 -0.00054039968330640527 -0.0018027768521278631 4.6854649438578547e-05
leaf_weight=11.999999999999998 8.9999999999999982 8.9999999999999982 43 7.9999999999999991 457
leaf_count=12 9 9 43 8 457
internal_value=0 -0.000374157 9.57155e-05 5.05191e-05 1.5033e-05
internal_weight=0 64 52 474 465
internal_count=538 64 52 474 465
is_linear=0
shrinkage=0.1


Tree=580
num_leaves=8
num_cat=0
split_feature=7 26 35 97 3 85 101
split_gain=0.000924996 0.00690749 0.00792432 0.00678137 0.00766241 0.00549219 0.00392402
threshold=4.4425820475484112 4.9199542854466296 2.524928003624769 3.4175922930736511 3.1984648276080736 0.50512972570900638 0.89587973461402759
decision_type=2 2 2 2 2 2 2
left_child=3 2 -2 5 -5 -1 -3
right_child=1 6 -4 4 -6 -7 -8
leaf_value=4.8591711705778434e-05 0.00036321082637490079 -0.001284217097259977 0.0038741537928581242 -0.0030788938947288054 -0.00045361035919524046 0.0025773398351803837 8.7954203974715704e-05
leaf_weight=188 18.000000000000004 23 9.9999999999999982 13.999999999999998 54 8.9999999999999982 222
leaf_count=188 18 23 10 14 54 9 222
internal_value=0 0.000129187 0.00161712 -0.000133087 -0.00099411 0.000164118 -4.08619e-05
internal_weight=0 273 28 265 68 197 245
internal_count=538 273 28 265 68 197 245
is_linear=0
shrinkage=0.1


Tree=581
num_leaves=7
num_cat=0
split_feature=4 9 62 53 58 18
split_gain=0.000932186 0.00312189 0.00237332 0.00220897 0.000908547 0.000506298
threshold=6.4800257426481824 9.9239431558065014 5.3890613045707267 4.0651107061224137 6.2671123252678349 7.8268382000032437
decision_type=2 2 2 2 2 2
left_child=1 3 -3 -1 -2 -6
right_child=4 2 -4 -5 5 -7
leaf_value=4.9485143699712358e-05 -0.0012649243126030669 0.0026092053740285328 0.00029836577014066281 -0.00070896839828319151 0.00031728822928429998 -0.00072824686285457576
leaf_weight=448 11.000000000000002 8.0000000000000018 9.9999999999999982 42 11.000000000000002 7.9999999999999991
leaf_count=448 11 8 10 42 11 8
internal_value=0 3.19881e-05 0.00132541 -1.55252e-05 -0.000541666 -0.000122937
internal_weight=0 508 18 490 30 19
internal_count=538 508 18 490 30 19
is_linear=0
shrinkage=0.1


Tree=582
num_leaves=7
num_cat=0
split_feature=30 34 98 101 95 38
split_gain=0.000923126 0.00593701 0.00628084 0.00519496 0.00589689 0.00418685
threshold=4.9521436163533474 5.1984817689835037 4.2625806805327082 5.0906732680195743 8.4217626499261424 5.1298812082267613
decision_type=2 2 2 2 2 2
left_child=3 2 -2 4 -1 -3
right_child=1 5 -4 -5 -6 -7
leaf_value=-8.6818782226965813e-05 0.0026332533853645956 -0.0016754050859405349 2.6519736275076868e-05 0.0021697076503187419 -0.0018678432147550797 3.7383064654375411e-05
leaf_weight=162 18 14.999999999999998 19 8.9999999999999982 21 294
leaf_count=162 18 15 19 9 21 294
internal_value=0 9.7578e-05 0.00129466 -0.000175844 -0.000291199 -4.5762e-05
internal_weight=0 346 37 192 183 309
internal_count=538 346 37 192 183 309
is_linear=0
shrinkage=0.1


Tree=583
num_leaves=7
num_cat=0
split_feature=79 100 88 57 53 57
split_gain=0.000944221 0.00350337 0.00308896 0.0023813 0.00443283 0.00287129
threshold=4.1587609981435856 3.6632328069201612 0.63081697020294503 4.883677878759662 4.6121415648172732 4.4328794591232921
decision_type=2 2 2 2 2 2
left_child=3 -2 -3 5 -5 -1
right_child=1 2 -4 4 -6 -7
leaf_value=-6.1657243801546479e-05 0.0023003652633633467 0.00033790445344773339 -0.0016388120711781085 -0.0027621835780640433 0.00029693322154344059 0.0012281834293389694
leaf_weight=419 7.9999999999999991 65 8.9999999999999982 9.0000000000000018 9.9999999999999982 18
leaf_count=419 8 65 9 9 10 18
internal_value=0 0.000312407 9.7493e-05 -5.61785e-05 -0.00115212 -8.5288e-06
internal_weight=0 82 74 456 19 437
internal_count=538 82 74 456 19 437
is_linear=0
shrinkage=0.1


Tree=584
num_leaves=8
num_cat=0
split_feature=53 88 95 99 2 67 35
split_gain=0.000870275 0.00578122 0.00567294 0.00545135 0.00250023 0.00565657 0.00360955
threshold=1.3424540464534289 0.57615951478317129 6.4891310167150369 0.89587973461402759 5.2310943182715759 3.8703322009586212 2.524928003624769
decision_type=2 2 2 2 2 2 2
left_child=1 2 -1 -3 5 -2 -6
right_child=4 3 -4 -5 6 -7 -8
leaf_value=0.00040804644127209218 -0.00041552695214239405 -0.000718380387406796 -0.0011089597105868718 0.0022579346245038324 -0.00081800822393873849 0.0010540809186953884 8.6198430629841577e-05
leaf_weight=39 43 10.000000000000002 67 15.999999999999998 54 67 242
leaf_count=39 43 10 67 16 54 67 242
internal_value=0 -0.000223056 -0.000550816 0.0011132 7.25205e-05 0.000479598 -7.87582e-05
internal_weight=0 132 106 26 406 110 296
internal_count=538 132 106 26 406 110 296
is_linear=0
shrinkage=0.1


Tree=585
num_leaves=7
num_cat=0
split_feature=86 95 53 39 32 42
split_gain=0.000913722 0.00753823 0.00574531 0.00386738 0.00790533 0.00502116
threshold=0.043118620480076558 5.2670071855572038 2.1302771365677544 2.8029010331479989 4.8441560854355483 4.0428973506407848
decision_type=2 2 2 2 2 2
left_child=1 -1 -3 5 -5 -2
right_child=3 2 -4 4 -6 -7
leaf_value=0.0028220709320157765 -1.725573092699051e-05 -0.00049177482951792727 0.00044149638433245366 0.00072391287558459241 -0.00061742721367340041 -0.0015866825319891279
leaf_weight=9.9999999999999982 47 119 148 99 79 36
leaf_count=10 47 119 148 99 79 36
internal_value=0 0.000126502 2.5544e-05 -0.000134257 0.000128599 -0.000697971
internal_weight=0 277 267 261 178 83
internal_count=538 277 267 261 178 83
is_linear=0
shrinkage=0.1


Tree=586
num_leaves=5
num_cat=0
split_feature=101 79 3 8
split_gain=0.000919797 0.00127203 0.00420485 0.00223985
threshold=6.1851787574189894 4.2483931908192885 5.703760251940138 5.9988595898443
decision_type=2 2 2 2
left_child=1 3 -3 -1
right_child=-2 2 -4 -5
leaf_value=3.7991615364497726e-06 -0.00090503185373646286 0.0019654337401984129 3.122665771674324e-05 -0.0011053092073109983
leaf_weight=437 10.999999999999998 13.999999999999998 57 19
leaf_count=437 11 14 57 19
internal_value=0 1.88906e-05 0.00041262 -4.24137e-05
internal_weight=0 527 71 456
internal_count=538 527 71 456
is_linear=0
shrinkage=0.1


Tree=587
num_leaves=6
num_cat=0
split_feature=23 23 27 3 35
split_gain=0.000922912 0.00618829 0.00477947 0.00201224 0.00165113
threshold=6.459903229849254 6.6967872730998437 6.3985935502624844 5.9161984299557089 6.3647374257503033
decision_type=2 2 2 2 2
left_child=2 -2 4 -3 -1
right_child=1 3 -4 -5 -6
leaf_value=-2.6883630133558173e-05 0.0023829880684691791 -0.0014474311633966865 -0.0019323922980290194 0.00023100194660946729 0.00092442592752999388
leaf_weight=459 11.999999999999998 9.9999999999999982 12.999999999999998 25 19
leaf_count=459 12 10 13 25 19
internal_value=0 0.000423332 -4.05226e-05 -0.00024855 1.09299e-05
internal_weight=0 47 491 35 478
internal_count=538 47 491 35 478
is_linear=0
shrinkage=0.1


Tree=588
num_leaves=7
num_cat=0
split_feature=38 42 64 29 28 20
split_gain=0.000818254 0.0050301 0.00412305 0.00433068 0.00387861 0.00304875
threshold=1.5890269151739729 1.9356005054539456 1.8844610808937365 7.0850628910679374 1.5890269151739729 1.8688348091416842
decision_type=2 2 2 2 2 2
left_child=1 5 3 -2 -4 -1
right_child=2 -3 4 -5 -6 -7
leaf_value=-0.00051244553930989312 -0.0023013441066723314 0.0023952989093959333 0.0012119258795372356 0.00021173707015501955 -4.7224586068821098e-05 0.0010199394395672963
leaf_weight=41 16.000000000000004 9.9999999999999982 26 11.999999999999998 414 19
leaf_count=41 16 10 26 12 414 19
internal_value=0 0.00031888 -4.76957e-05 -0.00122431 2.71798e-05 -2.71903e-05
internal_weight=0 70 468 28 440 60
internal_count=538 70 468 28 440 60
is_linear=0
shrinkage=0.1


Tree=589
num_leaves=5
num_cat=0
split_feature=69 70 92 69
split_gain=0.000916437 0.00252063 0.00413353 0.00202601
threshold=0.91610364505747011 0.7294240021307844 4.8486229440553528 2.1490616780594762
decision_type=2 2 2 2
left_child=-1 2 -2 -3
right_child=1 3 -4 -5
leaf_value=0.00082940776975682154 0.00017196648055687542 0.00074381160924935511 -0.0028776950406609104 -3.4517253154230192e-05
leaf_weight=12.999999999999998 10.000000000000002 36 7.9999999999999991 471
leaf_count=13 10 36 8 471
internal_value=0 -2.05377e-05 -0.00118344 2.07487e-05
internal_weight=0 525 18 507
internal_count=538 525 18 507
is_linear=0
shrinkage=0.1


Tree=590
num_leaves=6
num_cat=0
split_feature=98 95 17 103 69
split_gain=0.000874116 0.00291052 0.00315364 0.00273097 0.00349375
threshold=1.8688348091416842 5.5872416446462791 6.459903229849254 4.9904094477362264 3.1403833134350752
decision_type=2 2 2 2 2
left_child=3 -2 -3 4 -1
right_child=1 2 -4 -5 -6
leaf_value=-0.0005378056374320295 0.0016663253955564207 -0.00068076966646393505 0.00012402741956697692 -0.0019301313389506606 0.00079899352276697761
leaf_weight=60 10.999999999999998 56 373 8.9999999999999982 29
leaf_count=60 11 56 373 9 29
internal_value=0 6.01561e-05 1.89723e-05 -0.000270089 -0.000102219
internal_weight=0 440 429 98 89
internal_count=538 440 429 98 89
is_linear=0
shrinkage=0.1


Tree=591
num_leaves=4
num_cat=0
split_feature=83 83 100
split_gain=0.000884249 0.00127277 0.00109826
threshold=5.0104352440855866 4.8362504018804477 1.4978661367769959
decision_type=2 2 2
left_child=1 2 -1
right_child=-2 -3 -4
leaf_value=0.00022347450580618422 -0.00084878652511785428 0.001136759267828893 -9.6566703213793914e-05
leaf_weight=152 11.999999999999998 9.9999999999999982 364
leaf_count=152 12 10 364
internal_value=0 1.93639e-05 -2.291e-06
internal_weight=0 526 516
internal_count=538 526 516
is_linear=0
shrinkage=0.1


Tree=592
num_leaves=7
num_cat=0
split_feature=17 10 70 16 12 16
split_gain=0.000838896 0.00487478 0.00805887 0.00342439 0.0083902 0.00408977
threshold=9.5959403329115975 6.9546224757073114 5.4398894441035868 5.272986409146923 5.2417330174952186 5.003923783930186
decision_type=2 2 2 2 2 2
left_child=3 -2 -3 5 -5 -1
right_child=1 2 -4 4 -6 -7
leaf_value=-5.0518958884599963e-05 0.0021575203514657914 -0.0028071301368375618 0.00044847554939279899 -0.0037862579119973816 -0.00027745336639940359 0.0010380703527756085
leaf_weight=376 11.999999999999998 8.9999999999999982 49 7.9999999999999991 46 38
leaf_count=376 12 9 49 8 46 38
internal_value=0 0.000322877 -5.67046e-05 -4.82935e-05 -0.000797276 4.93999e-05
internal_weight=0 70 58 468 54 414
internal_count=538 70 58 468 54 414
is_linear=0
shrinkage=0.1


Tree=593
num_leaves=8
num_cat=0
split_feature=50 48 77 85 49 53 53
split_gain=0.000839 0.00414533 0.00328474 0.00314341 0.00683852 0.00363492 0.002659
threshold=6.9107463148209112 5.6869696108313716 3.7373860911989358 0.56211724756168879 8.7443149354568295 3.5330064870599274 2.4497148029771396
decision_type=2 2 2 2 2 2 2
left_child=3 2 -2 5 -5 -1 -3
right_child=1 6 -4 4 -6 -7 -8
leaf_value=6.6132178481462977e-05 0.00027354517203223496 -0.001194827335420996 -0.0015814894294211021 -0.00013773594318990944 0.0021846490692994502 -0.00094134697625122507 0.00059448814349800201
leaf_weight=342 13.999999999999998 9.9999999999999982 30 32 21 40 49
leaf_count=342 14 10 30 32 21 40 49
internal_value=0 -0.000256635 -0.000991251 6.07665e-05 0.000782454 -3.9363e-05 0.000291214
internal_weight=0 103 44 435 53 382 59
internal_count=538 103 44 435 53 382 59
is_linear=0
shrinkage=0.1


Tree=594
num_leaves=6
num_cat=0
split_feature=33 29 25 53 96
split_gain=0.000812481 0.00612389 0.0055036 0.00241924 0.0023119
threshold=5.5872416446462791 6.102556092217525 6.1548017441785339 3.0516204409993168 5.3032925319746216
decision_type=2 2 2 2 2
left_child=3 -2 -3 4 -1
right_child=1 2 -4 -5 -6
leaf_value=-7.0692743996486943e-05 -0.0023731990129983224 0.0020426525811322229 -4.3713516466189639e-05 -0.00070359656121581798 0.0014980171859774385
leaf_weight=17 10.999999999999998 12.999999999999998 461 14.999999999999998 21
leaf_count=17 11 13 461 15 21
internal_value=0 -4.0624e-05 1.35075e-05 0.000371748 0.000796226
internal_weight=0 485 474 53 38
internal_count=538 485 474 53 38
is_linear=0
shrinkage=0.1


Tree=595
num_leaves=6
num_cat=0
split_feature=37 47 44 96 47
split_gain=0.000816085 0.00507061 0.00465071 0.00207957 0.0014312
threshold=9.5416264170123846 6.4199896230229241 5.3612811448469326 6.4150956198398426 6.1964420537984912
decision_type=2 2 2 2 2
left_child=1 4 -2 -4 -1
right_child=2 -3 3 -5 -6
leaf_value=-4.0993242515657491e-05 0.0023123150633182379 -0.002546649114810862 0.00045845827734432889 -0.0006595372972827006 0.00092202254454605288
leaf_weight=435 9.9999999999999982 7.9999999999999991 41 28 15.999999999999998
leaf_count=435 10 8 41 28 16
internal_value=0 -5.10956e-05 0.000296872 4.77891e-06 -6.8286e-06
internal_weight=0 459 79 69 451
internal_count=538 459 79 69 451
is_linear=0
shrinkage=0.1


Tree=596
num_leaves=7
num_cat=0
split_feature=86 95 53 84 49 50
split_gain=0.000809463 0.00614055 0.00471447 0.00342001 0.00487712 0.00198611
threshold=0.043118620480076558 5.2670071855572038 2.1302771365677544 0.67644775793055045 8.3150443764781556 6.3297066069396859
decision_type=2 2 2 2 2 2
left_child=1 -1 -3 4 -2 -5
right_child=3 2 -4 5 -6 -7
leaf_value=0.0025519385514780881 0.00014105166388924799 -0.00044066998653310475 0.00040474072143174334 7.740241009742019e-05 -0.00077607659900329933 0.0020246239294382661
leaf_weight=9.9999999999999982 142 119 148 10.000000000000002 98 10.999999999999998
leaf_count=10 142 119 148 10 98 11
internal_value=0 0.000119066 2.79472e-05 -0.000126365 -0.000233442 0.00109738
internal_weight=0 277 267 261 240 21
internal_count=538 277 267 261 240 21
is_linear=0
shrinkage=0.1


Tree=597
num_leaves=8
num_cat=0
split_feature=98 76 79 16 98 92 98
split_gain=0.000885219 0.00280301 0.00591086 0.00462961 0.00248777 0.00615163 0.00428177
threshold=1.8688348091416842 0.33379485405238302 0.89587973461402759 3.0433873634561537 2.9174053685313028 4.8603410700322902 3.2769667020129059
decision_type=2 2 2 2 2 2 2
left_child=1 2 -1 -3 5 -2 -6
right_child=4 3 -4 -5 6 -7 -8
leaf_value=-0.00021260668253856227 0.0032125183206517249 -0.00041247407028164988 -0.0028189603378996255 0.0026450172706972809 -0.0012568650493415556 0.00027130698376822695 5.134263436400122e-05
leaf_weight=67 7.9999999999999991 13.000000000000002 9.9999999999999982 7.9999999999999991 27 64 341
leaf_count=67 8 13 10 8 27 64 341
internal_value=0 -0.000271799 -0.000551094 0.000752285 6.0537e-05 0.000598108 -4.464e-05
internal_weight=0 98 77 21 440 72 368
internal_count=538 98 77 21 440 72 368
is_linear=0
shrinkage=0.1


Tree=598
num_leaves=5
num_cat=0
split_feature=69 70 92 13
split_gain=0.000843753 0.00239193 0.00352885 0.00179351
threshold=0.91610364505747011 0.7294240021307844 4.8486229440553528 4.8361559147623279
decision_type=2 2 2 2
left_child=-1 2 -2 -3
right_child=1 3 -4 -5
leaf_value=0.00079583782487763807 9.9819116294383968e-05 0.0010976830683648586 -0.0027179651944607033 -1.2328466111536203e-05
leaf_weight=12.999999999999998 10.000000000000002 14.999999999999998 7.9999999999999991 492
leaf_count=13 10 15 8 492
internal_value=0 -1.97065e-05 -0.00115253 2.05121e-05
internal_weight=0 525 18 507
internal_count=538 525 18 507
is_linear=0
shrinkage=0.1


Tree=599
num_leaves=8
num_cat=0
split_feature=104 20 10 53 102 95 14
split_gain=0.000816665 0.00406937 0.00753924 0.0053522 0.00305014 0.0100801 0.00635472
threshold=1.0000000180025095e-35 4.8903208612686422 5.8021138116885078 2.1302771365677544 0.8958797346140277 7.1514412406855525 1.5890269151739729
decision_type=2 2 2 2 2 2 2
left_child=1 2 -1 -3 6 -6 -2
right_child=4 3 -4 -5 5 -7 -8
leaf_value=-0.00026490576115868275 -0.0030585442682624694 0.00048364569847763033 0.001861681976649714 -0.0028555768231550856 0.0023690040229121228 4.9635099213731464e-05 -9.5725060767821367e-05
leaf_weight=136 8.9999999999999982 8.0000000000000018 19 11.999999999999998 20 297 37
leaf_count=136 9 8 19 12 20 297 37
internal_value=0 -0.000177446 -4.22726e-06 -0.00151989 8.55454e-05 0.000195968 -0.000675407
internal_weight=0 175 155 20 363 317 46
internal_count=538 175 155 20 363 317 46
is_linear=0
shrinkage=0.1


end of trees

feature_importances:
Missouri_roll_std_2=96
Missouri_cumulative_mean=84
Florida_current=80
Indiana_current=76
Texas_lag_11=70
US_current=66
Texas_lag_10=65
Illinois_lag_12=63
Missouri_ewm_alpha_0.3=60
month_sin=59
Texas_current=59
New_Mexico_current=55
Texas_lag_2=53
Missouri_lag_2=51
Texas_lag_7=51
Missouri_lag_8=51
Texas_lag_12=51
Texas_lag_52=50
Missouri_ewm_alpha_0.1=50
Colorado_current=50
US_lag_5=48
US_lag_10=48
Minnesota_current=48
quarter_sin=45
Washington_current=45
Missouri_lag_5=44
Illinois_lag_7=44
Texas_lag_8=44
Missouri_lag_7=43
quarter_cos=43
Texas_lag_1=42
week_cos=41
Illinois_lag_1=40
Missouri_lag_6=40
Missouri_ewm_alpha_0.5=40
Missouri_diff_52=40
month_cos=39
Illinois_lag_10=38
Illinois_current=38
Texas_lag_3=37
US_lag_7=37
Texas_lag_9=37
US_lag_52=37
Missouri_roll_std_8=37
Illinois_lag_6=35
Illinois_lag_9=35
Missouri_momentum_12=35
Illinois_lag_2=34
Illinois_lag_52=34
Missouri_lag_3=32
Missouri_roll_std_12=32
Wyoming_current=32
Texas_lag_5=31
Missouri_lag_10=31
US_lag_6=30
US_lag_8=30
Missouri_pct_change_1=30
Missouri_pct_change_2=30
Missouri_pct_change_52=30
US_lag_1=29
US_lag_4=29
US_lag_11=28
Missouri_roll_std_4=28
Illinois_lag_4=27
US_lag_9=27
Missouri_lag_11=24
Illinois_lag_11=24
Missouri_lag_12=24
US_lag_12=24
Missouri_lag_1=23
Missouri_lag_9=23
Texas_lag_4=22
Texas_lag_6=22
Missouri_roll_mean_8=21
US_lag_3=20
Missouri_lag_4=19
Missouri_roll_max_2=19
Missouri_roll_mean_4=19
Missouri_roll_mean_12=19
Illinois_lag_3=17
Illinois_lag_8=17
week_sin=16
US_lag_2=15
Missouri_lag_52=15
Missouri_roll_mean_2=15
Missouri_roll_min_2=14
Missouri_roll_min_4=14
Illinois_lag_5=12
Missouri_roll_max_4=11
Missouri_diff_4=11
Missouri_diff_8=11
Missouri_roll_min_8=8
Missouri_diff_1=7
Missouri_pct_change_4=7
Missouri_roll_max_8=6
Missouri_roll_min_12=6
Missouri_roll_max_12=6
Missouri_diff_2=6
Missouri_pct_change_8=6
is_peak_flu=2
Missouri_momentum_4=1

parameters:
[boosting: gbdt]
[objective: regression]
[metric: l1]
[tree_learner: serial]
[device_type: cpu]
[data_sample_strategy: bagging]
[data: ]
[valid: ]
[num_iterations: 600]
[learning_rate: 0.1]
[num_leaves: 8]
[num_threads: 16]
[seed: 0]
[deterministic: 0]
[force_col_wise: 0]
[force_row_wise: 0]
[histogram_pool_size: -1]
[max_depth: 3]
[min_data_in_leaf: 8]
[min_sum_hessian_in_leaf: 0.001]
[bagging_fraction: 1]
[pos_bagging_fraction: 1]
[neg_bagging_fraction: 1]
[bagging_freq: 0]
[bagging_seed: 3]
[feature_fraction: 1]
[feature_fraction_bynode: 1]
[feature_fraction_seed: 2]
[extra_trees: 0]
[extra_seed: 6]
[early_stopping_round: 0]
[first_metric_only: 0]
[max_delta_step: 0]
[lambda_l1: 0]
[lambda_l2: 0]
[linear_lambda: 0]
[min_gain_to_split: 0]
[drop_rate: 0.1]
[max_drop: 50]
[skip_drop: 0.5]
[xgboost_dart_mode: 0]
[uniform_drop: 0]
[drop_seed: 4]
[top_rate: 0.2]
[other_rate: 0.1]
[min_data_per_group: 100]
[max_cat_threshold: 32]
[cat_l2: 10]
[cat_smooth: 10]
[max_cat_to_onehot: 4]
[top_k: 20]
[monotone_constraints: ]
[monotone_constraints_method: basic]
[monotone_penalty: 0]
[feature_contri: ]
[forcedsplits_filename: ]
[refit_decay_rate: 0.9]
[cegb_tradeoff: 1]
[cegb_penalty_split: 0]
[cegb_penalty_feature_lazy: ]
[cegb_penalty_feature_coupled: ]
[path_smooth: 0]
[interaction_constraints: ]
[verbosity: -1]
[saved_feature_importance_type: 0]
[use_quantized_grad: 0]
[num_grad_quant_bins: 4]
[quant_train_renew_leaf: 0]
[stochastic_rounding: 1]
[linear_tree: 0]
[max_bin: 255]
[max_bin_by_feature: ]
[min_data_in_bin: 3]
[bin_construct_sample_cnt: 200000]
[data_random_seed: 1]
[is_enable_sparse: 1]
[enable_bundle: 1]
[use_missing: 1]
[zero_as_missing: 0]
[feature_pre_filter: 1]
[pre_partition: 0]
[two_round: 0]
[header: 0]
[label_column: ]
[weight_column: ]
[group_column: ]
[ignore_column: ]
[categorical_feature: ]
[forcedbins_filename: ]
[precise_float_parser: 0]
[parser_config_file: ]
[objective_seed: 5]
[num_class: 1]
[is_unbalance: 0]
[scale_pos_weight: 1]
[sigmoid: 1]
[boost_from_average: 1]
[reg_sqrt: 0]
[alpha: 0.9]
[fair_c: 1]
[poisson_max_delta_step: 0.7]
[tweedie_variance_power: 1.5]
[lambdarank_truncation_level: 30]
[lambdarank_norm: 1]
[label_gain: ]
[lambdarank_position_bias_regularization: 0]
[eval_at: ]
[multi_error_top_k: 1]
[auc_mu_weights: ]
[num_machines: 1]
[local_listen_port: 12400]
[time_out: 120]
[machine_list_filename: ]
[machines: ]
[gpu_platform_id: -1]
[gpu_device_id: -1]
[gpu_use_dp: 0]
[num_gpu: 1]

end of parameters

pandas_categorical:[]
