location,forecast_date,target_date,week_of_season,season_year,actual,predicted,residual_log
South Dakota,2024-11-02,2024-11-30,0,2024,5.0,6.244741999920231,-0.18851649513345636
South Dakota,2024-11-09,2024-12-07,1,2024,0.9999999999999994,5.8554444655941005,-1.231895968513495
South Dakota,2024-11-16,2024-12-14,2,2024,8.0,6.278144334360463,0.212348646746239
South Dakota,2024-11-23,2024-12-21,3,2024,14.0,10.604558084331066,0.25665224186552704
South Dakota,2024-11-30,2024-12-28,4,2024,33.0,17.854677550029397,0.589599495615087
South Dakota,2024-12-07,2025-01-04,5,2024,47.0,15.648073693089607,1.0589064952832503
South Dakota,2024-12-14,2025-01-11,6,2024,50.0,19.270866294616823,0.9226409354027161
South Dakota,2024-12-21,2025-01-18,7,2024,55.0,20.71245961214019,0.9474654192898551
South Dakota,2024-12-28,2025-01-25,8,2024,88.0,23.561483889425887,1.2874568493277838
South Dakota,2025-01-04,2025-02-01,9,2024,139.0,27.342994052949287,1.597262546328309
South Dakota,2025-01-11,2025-02-08,10,2024,207.0,25.980186191165046,2.0424353278645326
South Dakota,2025-01-18,2025-02-15,11,2024,183.0,27.400809795258148,1.868518098930799
South Dakota,2025-01-25,2025-02-22,12,2024,110.0,31.527412807603774,1.2274469964952148
South Dakota,2025-02-01,2025-03-01,13,2024,89.00000000000001,38.321136618503594,0.8280474685895531
South Dakota,2025-02-08,2025-03-08,14,2024,59.0,69.3558935997001,-0.15922199323374198
South Dakota,2025-02-15,2025-03-15,15,2024,26.0,72.45353423310493,-1.000816152995113
South Dakota,2025-02-22,2025-03-22,16,2024,16.0,39.916451075205856,-0.8783188648986839
South Dakota,2025-03-01,2025-03-29,17,2024,11.0,38.46782145847601,-1.1905790434933334
South Dakota,2025-03-08,2025-04-05,18,2024,8.0,24.216829260624312,-1.0302870220859557
South Dakota,2025-03-15,2025-04-12,19,2024,7.0,14.359557240223499,-0.652296360117945
South Dakota,2025-03-22,2025-04-19,20,2024,10.0,4.5409416145174735,0.685730819962451
South Dakota,2025-03-29,2025-04-26,21,2024,8.0,2.2,1.0340737675305387
South Dakota,2025-04-05,2025-05-03,22,2024,4.0,4.960772746104773,-0.17576221562533179
South Dakota,2025-04-12,2025-05-10,23,2024,1.0000000000000002,5.7940098167719665,-1.2228941340952666
South Dakota,2025-04-19,2025-05-17,24,2024,5.0,6.54789298936825,-0.22950898082855087
South Dakota,2025-04-26,2025-05-24,25,2024,7.0,6.0087513624369535,0.13228197883324744
South Dakota,2025-11-01,2025-11-29,0,2025,1.0,4.739848936755722,-1.0542857117868385
Vermont,2024-11-02,2024-11-30,0,2024,3.0,2.1442481467152192,0.2407195625952372
Vermont,2024-11-09,2024-12-07,1,2024,1.6653345369377348e-16,1.618436660931681,-0.9625774453792276
Vermont,2024-11-16,2024-12-14,2,2024,8.0,7.368323659067409,0.07277099257480257
Vermont,2024-11-23,2024-12-21,3,2024,7.999999999999999,5.46615832218694,0.3306424129960637
Vermont,2024-11-30,2024-12-28,4,2024,19.0,9.98812807149495,0.5989168498105353
Vermont,2024-12-07,2025-01-04,5,2024,35.0,6.460649138773637,1.573876512104707
Vermont,2024-12-14,2025-01-11,6,2024,35.0,11.800572470093384,1.0340290443045914
Vermont,2024-12-21,2025-01-18,7,2024,41.0,15.365200119704514,0.9425124818865376
Vermont,2024-12-28,2025-01-25,8,2024,58.0,24.75307881633126,0.8289832582606138
Vermont,2025-01-04,2025-02-01,9,2024,84.0,18.425080055429763,1.4760862389874525
Vermont,2025-01-11,2025-02-08,10,2024,134.0,11.886530425626113,2.3490921656306027
Vermont,2025-01-18,2025-02-15,11,2024,115.0,12.987050179239887,2.115458276752904
Vermont,2025-01-25,2025-02-22,12,2024,107.0,17.501065822364815,1.7643028846797297
Vermont,2025-02-01,2025-03-01,13,2024,65.0,25.29402673230294,0.9203129490832156
Vermont,2025-02-08,2025-03-08,14,2024,43.0,37.96617944978945,0.12149555761364761
Vermont,2025-02-15,2025-03-15,15,2024,32.0,34.473929355896345,-0.07229048088166623
Vermont,2025-02-22,2025-03-22,16,2024,34.0,36.569972840717405,-0.07085707519807682
Vermont,2025-03-01,2025-03-29,17,2024,26.0,33.191789872574994,-0.23614868703927705
Vermont,2025-03-08,2025-04-05,18,2024,28.0,31.75297128825037,-0.12169785433818969
Vermont,2025-03-15,2025-04-12,19,2024,8.000000000000004,20.869527170405735,-0.8878696371098584
Vermont,2025-03-22,2025-04-19,20,2024,12.0,17.56729171359885,-0.3564521652422621
Vermont,2025-03-29,2025-04-26,21,2024,12.999999999999998,13.090520931738872,-0.006444967346376007
Vermont,2025-04-05,2025-05-03,22,2024,3.0,10.123317846185138,-1.0227492506625186
Vermont,2025-04-12,2025-05-10,23,2024,1.0000000000000009,8.651714248231398,-1.5739883613181949
Vermont,2025-04-19,2025-05-17,24,2024,2.0,6.858212609093242,-0.9629468884896746
Vermont,2025-04-26,2025-05-24,25,2024,1.0,13.714336929616112,-1.995675139261842
Vermont,2025-11-01,2025-11-29,0,2025,0.0,0.9358121636012006,-0.6605269612140918
Massachusetts,2024-11-02,2024-11-30,0,2024,72.0,17.224799970857646,1.3876761388498324
Massachusetts,2024-11-09,2024-12-07,1,2024,95.0,82.07544355653154,0.14459903801144058
Massachusetts,2024-11-16,2024-12-14,2,2024,133.0,146.91991897677946,-0.09883123937753435
Massachusetts,2024-11-23,2024-12-21,3,2024,142.0,131.565441967581,0.07576820512077997
Massachusetts,2024-11-30,2024-12-28,4,2024,287.0,183.00721680526746,0.4479855015283558
Massachusetts,2024-12-07,2025-01-04,5,2024,576.0,137.12805173671978,1.4296611004586515
Massachusetts,2024-12-14,2025-01-11,6,2024,594.0,128.84262435555354,1.52223827031656
Massachusetts,2024-12-21,2025-01-18,7,2024,757.0,129.2782183835298,1.761011080615459
Massachusetts,2024-12-28,2025-01-25,8,2024,991.0,154.52978852388802,1.8528858279420009
Massachusetts,2025-01-04,2025-02-01,9,2024,1347.0,241.8115351249112,1.7140917246637208
Massachusetts,2025-01-11,2025-02-08,10,2024,1637.0,178.50965239660894,2.2110022841331762
Massachusetts,2025-01-18,2025-02-15,11,2024,1522.0,248.5860157381767,1.8086337446594403
Massachusetts,2025-01-25,2025-02-22,12,2024,1381.0,285.94802485526145,1.5719859030335206
Massachusetts,2025-02-01,2025-03-01,13,2024,1246.0,360.16172649319236,1.2391700918413076
Massachusetts,2025-02-08,2025-03-08,14,2024,749.0,583.13201910866,0.2499461891322987
Massachusetts,2025-02-15,2025-03-15,15,2024,446.0,908.4200563073098,-0.7102485009736768
Massachusetts,2025-02-22,2025-03-22,16,2024,320.0,869.6210670009823,-0.9977657039506145
Massachusetts,2025-03-01,2025-03-29,17,2024,223.0,839.5094744144906,-1.3223621732852324
Massachusetts,2025-03-08,2025-04-05,18,2024,143.0,738.0457859552087,-1.635546576090598
Massachusetts,2025-03-15,2025-04-12,19,2024,119.0,591.4083863628177,-1.59670449609954
Massachusetts,2025-03-22,2025-04-19,20,2024,86.0,326.99009237764477,-1.3270752831076278
Massachusetts,2025-03-29,2025-04-26,21,2024,84.0,209.7937620730386,-0.9082289680551705
Massachusetts,2025-04-05,2025-05-03,22,2024,73.0,82.78131123926494,-0.1241448731741599
Massachusetts,2025-04-12,2025-05-10,23,2024,39.0,83.39489081894662,-0.7466274103351007
Massachusetts,2025-04-19,2025-05-17,24,2024,30.0,61.22094642300107,-0.6967044977815666
Massachusetts,2025-04-26,2025-05-24,25,2024,29.0,52.49186809875327,-0.5783322625327707
Massachusetts,2025-11-01,2025-11-29,0,2025,30.0,41.947574573297544,-0.32599297141454553
New York,2024-11-02,2024-11-30,0,2024,145.0,63.36779735819481,0.8189931546820528
New York,2024-11-09,2024-12-07,1,2024,275.0,346.91540948444504,-0.23155850831539482
New York,2024-11-16,2024-12-14,2,2024,432.0,329.0581080859174,0.2714690039342864
New York,2024-11-23,2024-12-21,3,2024,736.0,350.87557918576687,0.7393102472981097
New York,2024-11-30,2024-12-28,4,2024,1528.0,438.2716838851805,1.2472511143769882
New York,2024-12-07,2025-01-04,5,2024,2594.0,440.3529681159667,1.7714968590720357
New York,2024-12-14,2025-01-11,6,2024,2249.0,380.3876476836731,1.7748691893325068
New York,2024-12-21,2025-01-18,7,2024,2617.0,555.6420986466846,1.5482434648687269
New York,2024-12-28,2025-01-25,8,2024,2931.0,692.4450759496353,1.4417680247302807
New York,2025-01-04,2025-02-01,9,2024,3128.0,938.3084567860271,1.203324823423488
New York,2025-01-11,2025-02-08,10,2024,2945.0,940.3920362336422,1.1408439275839415
New York,2025-01-18,2025-02-15,11,2024,2499.0,891.7382654386666,1.0297525687541285
New York,2025-01-25,2025-02-22,12,2024,2040.0,850.8278351355219,0.8738107278368936
New York,2025-02-01,2025-03-01,13,2024,1631.0,1263.3107349129104,0.2552791564466208
New York,2025-02-08,2025-03-08,14,2024,1282.0,950.8178258382384,0.2985827075494347
New York,2025-02-15,2025-03-15,15,2024,1111.0,1084.5196066661235,0.02410142331893894
New York,2025-02-22,2025-03-22,16,2024,897.0,1087.9074272727205,-0.19276004392169543
New York,2025-03-01,2025-03-29,17,2024,612.0,895.147238125704,-0.37973979180360296
New York,2025-03-08,2025-04-05,18,2024,508.0,849.8154709522601,-0.5137472506161798
New York,2025-03-15,2025-04-12,19,2024,396.0,659.3060456425068,-0.50876715237405
New York,2025-03-22,2025-04-19,20,2024,283.0,647.4940548719316,-0.8256785980466113
New York,2025-03-29,2025-04-26,21,2024,209.0,584.0879610346934,-1.0246546659544098
New York,2025-04-05,2025-05-03,22,2024,157.0,305.6494337485378,-0.6631101524708045
New York,2025-04-12,2025-05-10,23,2024,105.0,233.92253173571106,-0.7958167134964018
New York,2025-04-19,2025-05-17,24,2024,63.0,120.76915567368223,-0.6432440023558037
New York,2025-04-26,2025-05-24,25,2024,50.0,114.65037726599303,-0.818746018083496
New York,2025-11-01,2025-11-29,0,2025,510.0,125.68974511538786,1.3946284444680952
Utah,2024-11-02,2024-11-30,0,2024,20.0,9.902145644937924,0.6555628197009393
Utah,2024-11-09,2024-12-07,1,2024,64.0,20.79313306065985,1.092792346940076
Utah,2024-11-16,2024-12-14,2,2024,90.0,39.085549792137584,0.8198435914583264
Utah,2024-11-23,2024-12-21,3,2024,163.0,52.19922469146103,1.1258226050515718
Utah,2024-11-30,2024-12-28,4,2024,295.0,59.463202175834766,1.5883245028318536
Utah,2024-12-07,2025-01-04,5,2024,388.0,80.47677788199753,1.5632612979362435
Utah,2024-12-14,2025-01-11,6,2024,256.0,85.58188060452622,1.087985522113284
Utah,2024-12-21,2025-01-18,7,2024,199.0,96.14954027533832,0.7220659228475865
Utah,2024-12-28,2025-01-25,8,2024,185.0,136.54515032844915,0.301794444481815
Utah,2025-01-04,2025-02-01,9,2024,195.0,152.3126261594714,0.24563551432118036
Utah,2025-01-11,2025-02-08,10,2024,218.0,134.1865644998827,0.48241594614652694
Utah,2025-01-18,2025-02-15,11,2024,203.0,124.71972046183839,0.48406500541526576
Utah,2025-01-25,2025-02-22,12,2024,183.0,144.36908087037773,0.23565986388195803
Utah,2025-02-01,2025-03-01,13,2024,123.0,146.21898716683137,-0.17163962127648968
Utah,2025-02-08,2025-03-08,14,2024,127.0,157.87345916352896,-0.21607776712301163
Utah,2025-02-15,2025-03-15,15,2024,102.0,154.1641028411436,-0.4097542966397558
Utah,2025-02-22,2025-03-22,16,2024,76.0,139.0216603202415,-0.597991705361399
Utah,2025-03-01,2025-03-29,17,2024,54.0,127.17054306937635,-0.8460285596023862
Utah,2025-03-08,2025-04-05,18,2024,54.0,118.30855688350667,-0.7743798670620681
Utah,2025-03-15,2025-04-12,19,2024,33.0,107.14880694013954,-1.1571475961930666
Utah,2025-03-22,2025-04-19,20,2024,27.0,97.12476040777675,-1.254035224220202
Utah,2025-03-29,2025-04-26,21,2024,19.0,71.37098095375677,-1.286073129933809
Utah,2025-04-05,2025-05-03,22,2024,17.0,69.2176017548231,-1.3612272589544627
Utah,2025-04-12,2025-05-10,23,2024,14.0,30.555627473103023,-0.7437017387973879
Utah,2025-04-19,2025-05-17,24,2024,12.0,20.72241316934037,-0.5133952349934452
Utah,2025-04-26,2025-05-24,25,2024,14.0,22.75041098890826,-0.4595496340248513
Utah,2025-11-01,2025-11-29,0,2025,32.0,0.683629612427249,2.5
Ohio,2024-11-02,2024-11-30,0,2024,55.0,112.70842295006318,-0.7082857877530078
Ohio,2024-11-09,2024-12-07,1,2024,93.0,101.55836020160395,-0.08713722210062702
Ohio,2024-11-16,2024-12-14,2,2024,152.0,94.99509074155762,0.4661408693409719
Ohio,2024-11-23,2024-12-21,3,2024,308.0,151.21762238646417,0.708030053767505
Ohio,2024-11-30,2024-12-28,4,2024,725.0,158.4426645653066,1.5158656270346462
Ohio,2024-12-07,2025-01-04,5,2024,1302.0,156.99152934148165,2.1098831572978147
Ohio,2024-12-14,2025-01-11,6,2024,1044.0,171.26043897454878,1.8027646527156413
Ohio,2024-12-21,2025-01-18,7,2024,1148.0,236.4986120558972,1.5764854983663055
Ohio,2024-12-28,2025-01-25,8,2024,1735.0,357.97455863744347,1.5760873765483945
Ohio,2025-01-04,2025-02-01,9,2024,2523.0,489.15360268516923,1.63888140681172
Ohio,2025-01-11,2025-02-08,10,2024,3269.0,330.66888847209833,2.2884081165124046
Ohio,2025-01-18,2025-02-15,11,2024,3705.0,433.9962270920314,2.142371049145887
Ohio,2025-01-25,2025-02-22,12,2024,3266.0,611.906946938991,1.673414286634558
Ohio,2025-02-01,2025-03-01,13,2024,2611.0,952.04634537637,1.0082079568895548
Ohio,2025-02-08,2025-03-08,14,2024,1905.0,1775.516966589647,0.07035211822752263
Ohio,2025-02-15,2025-03-15,15,2024,1361.0,3062.4962170202657,-0.8106026106000188
Ohio,2025-02-22,2025-03-22,16,2024,797.0,3156.827330930125,-1.3755309191547154
Ohio,2025-03-01,2025-03-29,17,2024,453.0,2676.0466725378874,-1.7743722799694908
Ohio,2025-03-08,2025-04-05,18,2024,274.0,2356.2008396392525,-2.14845901149908
Ohio,2025-03-15,2025-04-12,19,2024,169.0,1925.27903538321,-2.4275470229984073
Ohio,2025-03-22,2025-04-19,20,2024,107.0,1422.6890875805734,-2.5
Ohio,2025-03-29,2025-04-26,21,2024,87.0,1008.5650005090895,-2.4399380100171584
Ohio,2025-04-05,2025-05-03,22,2024,47.0,553.5741943712866,-2.446999591027659
Ohio,2025-04-12,2025-05-10,23,2024,33.0,646.8707724635609,-2.5
Ohio,2025-04-19,2025-05-17,24,2024,25.0,21.400000000000002,0.14903557916048804
Ohio,2025-04-26,2025-05-24,25,2024,20.0,17.400000000000002,0.13217177310848305
Ohio,2025-11-01,2025-11-29,0,2025,124.0,60.263598271765495,0.7131278999183621
Alabama,2024-11-02,2024-11-30,0,2024,65.0,35.90537095080403,0.5812976473496003
Alabama,2024-11-09,2024-12-07,1,2024,102.0,46.50077163727968,0.7739830323256269
Alabama,2024-11-16,2024-12-14,2,2024,193.0,68.85729872596697,1.0214035873951977
Alabama,2024-11-23,2024-12-21,3,2024,432.0,100.1685356774891,1.4539499317701434
Alabama,2024-11-30,2024-12-28,4,2024,661.0,139.66104960298972,1.5489124630986995
Alabama,2024-12-07,2025-01-04,5,2024,684.0,196.28573116806575,1.2447657483351442
Alabama,2024-12-14,2025-01-11,6,2024,473.0,183.14462195156784,0.9454858839463638
Alabama,2024-12-21,2025-01-18,7,2024,488.0,189.84853730068886,0.9408823744435306
Alabama,2024-12-28,2025-01-25,8,2024,626.0,231.18308492624823,0.9934203210241161
Alabama,2025-01-04,2025-02-01,9,2024,734.0,226.84608602768853,1.1712001594969266
Alabama,2025-01-11,2025-02-08,10,2024,660.0,192.73620388447753,1.2272563799110152
Alabama,2025-01-18,2025-02-15,11,2024,415.0,188.29628400002548,0.787371832455114
Alabama,2025-01-25,2025-02-22,12,2024,286.0,199.842871085743,0.35695934930720963
Alabama,2025-02-01,2025-03-01,13,2024,329.0,250.70339674816998,0.2708412571851664
Alabama,2025-02-08,2025-03-08,14,2024,314.0,264.11382246541314,0.17241338631877046
Alabama,2025-02-15,2025-03-15,15,2024,272.0,251.2978503451942,0.07886145980732362
Alabama,2025-02-22,2025-03-22,16,2024,192.0,170.13362268425988,0.12024551834505992
Alabama,2025-03-01,2025-03-29,17,2024,169.0,233.0202648508573,-0.31960927648444937
Alabama,2025-03-08,2025-04-05,18,2024,85.0,142.25311349846686,-0.5102657938239377
Alabama,2025-03-15,2025-04-12,19,2024,53.99999999999999,150.66969263388714,-1.0143718962835653
Alabama,2025-03-22,2025-04-19,20,2024,49.0,136.84366960672276,-1.0140972086565676
Alabama,2025-03-29,2025-04-26,21,2024,35.0,105.7499319570623,-1.0869700762478525
Alabama,2025-04-05,2025-05-03,22,2024,27.0,91.1490146089196,-1.191202480545631
Alabama,2025-04-12,2025-05-10,23,2024,33.0,70.07140907339765,-0.7373246085829814
Alabama,2025-04-19,2025-05-17,24,2024,37.0,37.485410500023406,-0.01269306169705553
Alabama,2025-04-26,2025-05-24,25,2024,28.0,15.70000005754958,0.5518871071176821
Alabama,2025-11-01,2025-11-29,0,2025,38.0,27.016758335658714,0.33075880300349736
Oregon,2024-11-02,2024-11-30,0,2024,83.0,29.91956582231486,0.9994276171917997
Oregon,2024-11-09,2024-12-07,1,2024,119.0,58.38865022295383,0.7033886083579954
Oregon,2024-11-16,2024-12-14,2,2024,242.0,80.68587406467707,1.0901803564886823
Oregon,2024-11-23,2024-12-21,3,2024,392.0,108.22369981040251,1.2804115408755345
Oregon,2024-11-30,2024-12-28,4,2024,558.0,164.39266440308427,1.2178270421954345
Oregon,2024-12-07,2025-01-04,5,2024,539.0,149.22586672730364,1.2794291998272396
Oregon,2024-12-14,2025-01-11,6,2024,321.0,118.61608089522102,0.9902642574205665
Oregon,2024-12-21,2025-01-18,7,2024,290.0,164.816253095233,0.5624430009561046
Oregon,2024-12-28,2025-01-25,8,2024,277.0,152.7969645061757,0.5919877934447104
Oregon,2025-01-04,2025-02-01,9,2024,500.0,154.90038566375196,1.167388851234893
Oregon,2025-01-11,2025-02-08,10,2024,566.0,131.93716050953637,1.4504827645305083
Oregon,2025-01-18,2025-02-15,11,2024,502.0,70.34460681689698,1.9530684167437116
Oregon,2025-01-25,2025-02-22,12,2024,486.0,90.59687595627864,1.670866957264904
Oregon,2025-02-01,2025-03-01,13,2024,323.0,183.75709665601616,0.5617015444905649
Oregon,2025-02-08,2025-03-08,14,2024,208.0,360.3146595635507,-0.5474149598565292
Oregon,2025-02-15,2025-03-15,15,2024,184.0,372.72299722839534,-0.7031590487982031
Oregon,2025-02-22,2025-03-22,16,2024,126.0,394.7305090642704,-1.1365463604624395
Oregon,2025-03-01,2025-03-29,17,2024,95.0,301.05040505507833,-1.1462457161359731
Oregon,2025-03-08,2025-04-05,18,2024,85.0,265.3459897088099,-1.1304488805246278
Oregon,2025-03-15,2025-04-12,19,2024,50.0,112.05274735325858,-0.7960288678119123
Oregon,2025-03-22,2025-04-19,20,2024,43.0,25.963513865893773,0.4897050200951645
Oregon,2025-03-29,2025-04-26,21,2024,33.0,19.0,0.5306282510621707
Oregon,2025-04-05,2025-05-03,22,2024,36.0,29.7116177819682,0.18627690025733923
Oregon,2025-04-12,2025-05-10,23,2024,27.0,14.210684376863407,0.61020640972471
Oregon,2025-04-19,2025-05-17,24,2024,19.0,8.6,0.7339691750802002
Oregon,2025-04-26,2025-05-24,25,2024,20.0,14.90375994693595,0.2779668818029002
Oregon,2025-11-01,2025-11-29,0,2025,12.0,8.86443262847847,0.2760137332264856
Wisconsin,2024-11-02,2024-11-30,0,2024,12.0,99.49906277844366,-2.0451990444064845
Wisconsin,2024-11-09,2024-12-07,1,2024,27.0,160.73671494163764,-1.7537652865506907
Wisconsin,2024-11-16,2024-12-14,2,2024,66.0,118.37016522568312,-0.57753667786249
Wisconsin,2024-11-23,2024-12-21,3,2024,120.0,148.84613669490594,-0.21381846668514903
Wisconsin,2024-11-30,2024-12-28,4,2024,253.0,86.6940739607329,1.063479941636892
Wisconsin,2024-12-07,2025-01-04,5,2024,389.0,83.28003493607277,1.5320017356639077
Wisconsin,2024-12-14,2025-01-11,6,2024,388.0,160.05858311685807,0.8818111745276784
Wisconsin,2024-12-21,2025-01-18,7,2024,593.0,140.3478468054169,1.4356554684100509
Wisconsin,2024-12-28,2025-01-25,8,2024,857.0,180.29410231616149,1.5544835122277991
Wisconsin,2025-01-04,2025-02-01,9,2024,1068.0,112.21435865140073,2.2451959100896284
Wisconsin,2025-01-11,2025-02-08,10,2024,1153.0,120.55298892085676,2.2506391565559456
Wisconsin,2025-01-18,2025-02-15,11,2024,1107.0,143.1829855660434,2.0392286413316816
Wisconsin,2025-01-25,2025-02-22,12,2024,892.0,256.5012787263613,1.2435618948574216
Wisconsin,2025-02-01,2025-03-01,13,2024,783.0,354.70427787459727,0.7903093148318341
Wisconsin,2025-02-08,2025-03-08,14,2024,501.0,472.9974264034768,0.057398227539922075
Wisconsin,2025-02-15,2025-03-15,15,2024,326.0,421.21024905747095,-0.25554323958345915
Wisconsin,2025-02-22,2025-03-22,16,2024,186.0,525.6466501594142,-1.0354212137496397
Wisconsin,2025-03-01,2025-03-29,17,2024,136.0,487.65964512336683,-1.2716852990682082
Wisconsin,2025-03-08,2025-04-05,18,2024,77.0,374.3534561647579,-1.5711593051323929
Wisconsin,2025-03-15,2025-04-12,19,2024,66.0,289.31428379588135,-1.466271453997476
Wisconsin,2025-03-22,2025-04-19,20,2024,40.0,213.91716375017847,-1.6566806022991738
Wisconsin,2025-03-29,2025-04-26,21,2024,33.0,156.5322464898902,-1.5332696523115814
Wisconsin,2025-04-05,2025-05-03,22,2024,30.0,51.16691989399132,-0.520461371013087
Wisconsin,2025-04-12,2025-05-10,23,2024,27.0,69.02927989461881,-0.9167089286265422
Wisconsin,2025-04-19,2025-05-17,24,2024,15.0,58.21957314362681,-1.3086633924311042
Wisconsin,2025-04-26,2025-05-24,25,2024,10.0,63.30918170202304,-1.7658071429947526
Wisconsin,2025-11-01,2025-11-29,0,2025,51.0,27.200522339599228,0.6119032181280786
Pennsylvania,2024-11-02,2024-11-30,0,2024,116.0,341.719894747204,-1.0747395453514148
Pennsylvania,2024-11-09,2024-12-07,1,2024,208.0,519.1709865325178,-0.9118233258159716
Pennsylvania,2024-11-16,2024-12-14,2,2024,349.0,382.1051632999988,-0.09037637481438576
Pennsylvania,2024-11-23,2024-12-21,3,2024,632.0,315.1104536442735,0.6943787327820701
Pennsylvania,2024-11-30,2024-12-28,4,2024,1210.0,237.52026873520254,1.624747452620964
Pennsylvania,2024-12-07,2025-01-04,5,2024,2032.0,345.9458611917495,1.768099065474133
Pennsylvania,2024-12-14,2025-01-11,6,2024,2060.0,425.32354291917414,1.5757480324673931
Pennsylvania,2024-12-21,2025-01-18,7,2024,2483.0,503.9950364405438,1.5930768426569193
Pennsylvania,2024-12-28,2025-01-25,8,2024,3182.0,507.86842947066475,1.8333899324152343
Pennsylvania,2025-01-04,2025-02-01,9,2024,3853.0,749.3219590742007,1.6363644557921235
Pennsylvania,2025-01-11,2025-02-08,10,2024,4358.0,766.4252478526994,1.7369568744550232
Pennsylvania,2025-01-18,2025-02-15,11,2024,4571.0,755.0919925916119,1.799542972815746
Pennsylvania,2025-01-25,2025-02-22,12,2024,3749.0,876.3212792670375,1.4526378547190122
Pennsylvania,2025-02-01,2025-03-01,13,2024,3136.0,1238.7907255764594,0.9283243335312079
Pennsylvania,2025-02-08,2025-03-08,14,2024,2429.0,2284.388522890368,0.06135521556056922
Pennsylvania,2025-02-15,2025-03-15,15,2024,1648.0,3280.567350009286,-0.6881521152969325
Pennsylvania,2025-02-22,2025-03-22,16,2024,1347.0,2810.9669571895856,-0.7352622107454465
Pennsylvania,2025-03-01,2025-03-29,17,2024,959.0,2368.990808290506,-0.9037080713013372
Pennsylvania,2025-03-08,2025-04-05,18,2024,671.0,1667.3861935107168,-0.9093537464781294
Pennsylvania,2025-03-15,2025-04-12,19,2024,479.0,853.6478816454626,-0.576903445874982
Pennsylvania,2025-03-22,2025-04-19,20,2024,417.0,630.3317260600998,-0.4123500067105814
Pennsylvania,2025-03-29,2025-04-26,21,2024,474.0,692.9006555750896,-0.3790139986392438
Pennsylvania,2025-04-05,2025-05-03,22,2024,256.0,312.4835973273364,-0.19867095268403379
Pennsylvania,2025-04-12,2025-05-10,23,2024,262.0,95.80000000000001,0.9995070378952331
Pennsylvania,2025-04-19,2025-05-17,24,2024,173.0,127.89498653845868,0.3000572842192799
Pennsylvania,2025-04-26,2025-05-24,25,2024,172.0,156.28408131817778,0.09523798905756475
Pennsylvania,2025-11-01,2025-11-29,0,2025,345.0,198.4424093947995,0.5509132551151561
Illinois,2024-11-02,2024-11-30,0,2024,83.0,230.5539783934536,-1.0139962155098194
Illinois,2024-11-09,2024-12-07,1,2024,107.0,230.4960232613443,-0.7624314681177813
Illinois,2024-11-16,2024-12-14,2,2024,242.0,172.02943686831452,0.33959970800936556
Illinois,2024-11-23,2024-12-21,3,2024,489.00000000000006,275.4053391191798,0.5725369827581419
Illinois,2024-11-30,2024-12-28,4,2024,1143.0,216.1325953848023,1.6617779663677386
Illinois,2024-12-07,2025-01-04,5,2024,1595.0,201.59471059191182,2.0640482941770886
Illinois,2024-12-14,2025-01-11,6,2024,1410.0,265.2009897045591,1.6678023280002954
Illinois,2024-12-21,2025-01-18,7,2024,1383.0,327.06708576137476,1.4395150189465422
Illinois,2024-12-28,2025-01-25,8,2024,1728.0,437.2501237889324,1.3725086794200765
Illinois,2025-01-04,2025-02-01,9,2024,2146.0,592.1074833809197,1.2864511617120469
Illinois,2025-01-11,2025-02-08,10,2024,2369.0,599.8755742120911,1.3722573522889787
Illinois,2025-01-18,2025-02-15,11,2024,2064.0,569.8608597130356,1.2857400036943778
Illinois,2025-01-25,2025-02-22,12,2024,1706.0,653.8485679876861,0.9580887078005507
Illinois,2025-02-01,2025-03-01,13,2024,1311.0,787.5071669716617,0.509166473767916
Illinois,2025-02-08,2025-03-08,14,2024,960.0,1538.1837079877987,-0.47103308615786954
Illinois,2025-02-15,2025-03-15,15,2024,718.0,1486.4247542479206,-0.726940193039705
Illinois,2025-02-22,2025-03-22,16,2024,509.0,1234.7640028539263,-0.8850339578663027
Illinois,2025-03-01,2025-03-29,17,2024,355.0,1323.9068129886157,-1.3141666752751213
Illinois,2025-03-08,2025-04-05,18,2024,297.0,1035.7518724431789,-1.2467544186895578
Illinois,2025-03-15,2025-04-12,19,2024,156.0,805.5490472129106,-1.6365189052629203
Illinois,2025-03-22,2025-04-19,20,2024,156.0,472.1589090753807,-1.1031854867119382
Illinois,2025-03-29,2025-04-26,21,2024,124.0,746.4420349905465,-1.7883430197926096
Illinois,2025-04-05,2025-05-03,22,2024,81.0,526.7366235966219,-1.8618780930446581
Illinois,2025-04-12,2025-05-10,23,2024,58.0,501.4503362989461,-2.1419593579072567
Illinois,2025-04-19,2025-05-17,24,2024,52.0,89.15663945924967,-0.5312566824063203
Illinois,2025-04-26,2025-05-24,25,2024,74.0,95.07516268215164,-0.24764271619603306
Illinois,2025-11-01,2025-11-29,0,2025,128.0,75.05165255180145,0.5283996560857336
District of Columbia,2024-11-02,2024-11-30,0,2024,5.0,8.574952463174679,-0.46739110114483484
District of Columbia,2024-11-09,2024-12-07,1,2024,2.0,8.928621763566616,-1.1968093845462178
District of Columbia,2024-11-16,2024-12-14,2,2024,4.0,4.115176019326641,-0.022773898757971978
District of Columbia,2024-11-23,2024-12-21,3,2024,16.0,19.060454477349293,-0.1655370941206975
District of Columbia,2024-11-30,2024-12-28,4,2024,38.0,13.644811146330891,0.9794755613697035
District of Columbia,2024-12-07,2025-01-04,5,2024,96.0,8.680799490713255,2.3045664886095976
District of Columbia,2024-12-14,2025-01-11,6,2024,44.0,11.519294246447025,1.2793914957793113
District of Columbia,2024-12-21,2025-01-18,7,2024,58.0,16.11373772129646,1.2376559274160694
District of Columbia,2024-12-28,2025-01-25,8,2024,207.0,17.538565295031827,2.4176849068604187
District of Columbia,2025-01-04,2025-02-01,9,2024,196.99999999999997,26.171334719368534,1.986104483716134
District of Columbia,2025-01-11,2025-02-08,10,2024,259.0,13.905930651581274,2.5
District of Columbia,2025-01-18,2025-02-15,11,2024,82.99999999999997,17.467162895736486,1.514822622508941
District of Columbia,2025-01-25,2025-02-22,12,2024,102.0,48.8661867451268,0.7253858354987313
District of Columbia,2025-02-01,2025-03-01,13,2024,120.0,44.68524684854757,0.9740151258873051
District of Columbia,2025-02-08,2025-03-08,14,2024,103.0,78.97119515016686,0.26272438992779534
District of Columbia,2025-02-15,2025-03-15,15,2024,81.0,78.62347784543988,0.02941025009543541
District of Columbia,2025-02-22,2025-03-22,16,2024,67.0,29.241580678780444,0.8102898841071702
District of Columbia,2025-03-01,2025-03-29,17,2024,69.0,56.54536639200787,0.19592162459716533
District of Columbia,2025-03-08,2025-04-05,18,2024,28.0,67.37444623773143,-0.8577033318231515
District of Columbia,2025-03-15,2025-04-12,19,2024,8.0,51.49872635578609,-1.7635643320772938
District of Columbia,2025-03-22,2025-04-19,20,2024,7.0,55.18320117262076,-1.9491762590176536
District of Columbia,2025-03-29,2025-04-26,21,2024,7.0,57.70013777771925,-1.993000532301703
District of Columbia,2025-04-05,2025-05-03,22,2024,4.0,40.42721834750387,-2.1145002003802453
District of Columbia,2025-04-12,2025-05-10,23,2024,6.0,34.30605982743769,-1.6181444666505815
District of Columbia,2025-04-19,2025-05-17,24,2024,2.0,17.22746149763629,-1.8043170417053147
District of Columbia,2025-04-26,2025-05-24,25,2024,2.000000000000001,9.527399318741079,-1.2553690286964163
District of Columbia,2025-11-01,2025-11-29,0,2025,10.0,2.149427011242696,1.2506747376996525
California,2024-11-02,2024-11-30,0,2024,708.0,371.1137356651456,0.6446559779529091
California,2024-11-09,2024-12-07,1,2024,1127.0,577.9306201322325,0.6670187887248922
California,2024-11-16,2024-12-14,2,2024,1521.0,730.0186419841801,0.7333415769666818
California,2024-11-23,2024-12-21,3,2024,2564.0,714.8301216205148,1.276270879101447
California,2024-11-30,2024-12-28,4,2024,3856.0,865.389776616442,1.4933100624335847
California,2024-12-07,2025-01-04,5,2024,4011.0,905.7342389785902,1.487195752951778
California,2024-12-14,2025-01-11,6,2024,3259.0,974.7416239144684,1.2062846525905577
California,2024-12-21,2025-01-18,7,2024,3659.0,1213.0308163616814,1.1035170709451902
California,2024-12-28,2025-01-25,8,2024,4094.0,1539.0653338757168,0.9779418771847705
California,2025-01-04,2025-02-01,9,2024,4593.0,1590.450562831439,1.0601052002632558
California,2025-01-11,2025-02-08,10,2024,3679.0,1329.720268452481,1.0171924013078586
California,2025-01-18,2025-02-15,11,2024,2801.0,1526.0901914602,0.6069693589430551
California,2025-01-25,2025-02-22,12,2024,2052.0,1617.728644524393,0.23766108422991206
California,2025-02-01,2025-03-01,13,2024,1476.0,1960.199096895733,-0.28354306676003915
California,2025-02-08,2025-03-08,14,2024,1075.0,1663.1100602403428,-0.43604002044350043
California,2025-02-15,2025-03-15,15,2024,1003.0,1630.2961440197232,-0.4853828579409143
California,2025-02-22,2025-03-22,16,2024,711.0,1285.3638686609352,-0.5914968994454934
California,2025-03-01,2025-03-29,17,2024,598.0,1195.7927618516353,-0.6921389611683892
California,2025-03-08,2025-04-05,18,2024,455.0,879.0038024633211,-0.6574334189295774
California,2025-03-15,2025-04-12,19,2024,423.0,411.05951030535283,0.028565673824522797
California,2025-03-22,2025-04-19,20,2024,357.0,515.1711477672089,-0.36590540580603825
California,2025-03-29,2025-04-26,21,2024,256.0,535.2986560118353,-0.7356151150525463
California,2025-04-05,2025-05-03,22,2024,243.0,180.1054554899736,0.2980887366721712
California,2025-04-12,2025-05-10,23,2024,182.0,117.44388998157919,0.43504680666898743
California,2025-04-19,2025-05-17,24,2024,173.0,150.96483592378735,0.1354061477387436
California,2025-04-26,2025-05-24,25,2024,186.0,165.9219250068616,0.1135824286859819
California,2025-11-01,2025-11-29,0,2025,185.0,236.2764235312417,-0.2434791317848486
Delaware,2024-11-02,2024-11-30,0,2024,5.0,4.844096760134523,0.02632741830101626
Delaware,2024-11-09,2024-12-07,1,2024,15.000000000000002,9.34247026612081,0.43632997781232996
Delaware,2024-11-16,2024-12-14,2,2024,15.0,10.14444186013395,0.36164783650040544
Delaware,2024-11-23,2024-12-21,3,2024,43.0,15.49679775395748,0.9810233473645447
Delaware,2024-11-30,2024-12-28,4,2024,96.0,18.66376319645444,1.5959334682433441
Delaware,2024-12-07,2025-01-04,5,2024,185.0,28.828292499922334,1.8302893178599962
Delaware,2024-12-14,2025-01-11,6,2024,108.0,23.813242437782527,1.4799704023036422
Delaware,2024-12-21,2025-01-18,7,2024,94.0,30.402134146159312,1.1070010345577521
Delaware,2024-12-28,2025-01-25,8,2024,117.0,45.086387382403544,0.9401670026146891
Delaware,2025-01-04,2025-02-01,9,2024,198.0,46.561475892923845,1.4312817211520334
Delaware,2025-01-11,2025-02-08,10,2024,231.0,35.409066672916026,1.851919543619219
Delaware,2025-01-18,2025-02-15,11,2024,230.0,26.467317663383035,2.129420861218588
Delaware,2025-01-25,2025-02-22,12,2024,164.0,36.963767247438334,1.4693132625267387
Delaware,2025-02-01,2025-03-01,13,2024,125.0,57.08639102082216,0.7743505042514043
Delaware,2025-02-08,2025-03-08,14,2024,81.0,63.481957522120744,0.24033379093300944
Delaware,2025-02-15,2025-03-15,15,2024,64.0,75.5847870378219,-0.16401118448739194
Delaware,2025-02-22,2025-03-22,16,2024,48.0,87.19553512283207,-0.5877360414306598
Delaware,2025-03-01,2025-03-29,17,2024,34.0,60.202484858517785,-0.5588397294679797
Delaware,2025-03-08,2025-04-05,18,2024,24.0,51.43546275335113,-0.740707307655303
Delaware,2025-03-15,2025-04-12,19,2024,14.0,56.56717893087274,-1.3449023939681877
Delaware,2025-03-22,2025-04-19,20,2024,10.0,62.808185665545615,-1.7579862112901798
Delaware,2025-03-29,2025-04-26,21,2024,4.000000000000001,57.0449623431889,-2.4517800106036667
Delaware,2025-04-05,2025-05-03,22,2024,10.0,17.536396332997867,-0.5218408959005849
Delaware,2025-04-12,2025-05-10,23,2024,4.999999999999998,5.944033959676586,-0.14612339862445656
Delaware,2025-04-19,2025-05-17,24,2024,0.0,13.13308806311125,-2.5
Delaware,2025-04-26,2025-05-24,25,2024,1.0,18.10774218505691,-2.2569464223635
Delaware,2025-11-01,2025-11-29,0,2025,7.0,7.102570719022273,-0.012739842365288467
Oklahoma,2024-11-02,2024-11-30,0,2024,40.0,70.29755342500448,-0.5532899463124057
Oklahoma,2024-11-09,2024-12-07,1,2024,40.0,225.61660758985394,-1.7096875695387412
Oklahoma,2024-11-16,2024-12-14,2,2024,56.0,273.2413530798002,-1.570957301488452
Oklahoma,2024-11-23,2024-12-21,3,2024,106.0,133.11712949069306,-0.22588468436229636
Oklahoma,2024-11-30,2024-12-28,4,2024,282.0,278.6603731243711,0.011870983824274539
Oklahoma,2024-12-07,2025-01-04,5,2024,404.0,199.25116235990834,0.7043146766310544
Oklahoma,2024-12-14,2025-01-11,6,2024,285.0,127.49952015263453,0.8000666407122932
Oklahoma,2024-12-21,2025-01-18,7,2024,439.0,257.74925341768164,0.5309152676791831
Oklahoma,2024-12-28,2025-01-25,8,2024,692.0,198.2628964679802,1.2464049585552832
Oklahoma,2025-01-04,2025-02-01,9,2024,1114.0,203.41508171579767,1.6964570429843349
Oklahoma,2025-01-11,2025-02-08,10,2024,1076.0,105.47409039302904,2.3140330042995068
Oklahoma,2025-01-18,2025-02-15,11,2024,787.0,208.31065806256007,1.325678539282169
Oklahoma,2025-01-25,2025-02-22,12,2024,500.0,247.14285292971476,0.70260150087777
Oklahoma,2025-02-01,2025-03-01,13,2024,334.0,310.18936908824514,0.07372890113182073
Oklahoma,2025-02-08,2025-03-08,14,2024,236.0,230.74295343655265,0.022431343034702955
Oklahoma,2025-02-15,2025-03-15,15,2024,143.0,245.55303468082812,-0.5377638216001248
Oklahoma,2025-02-22,2025-03-22,16,2024,86.0,113.2302350117825,-0.27230789844521386
Oklahoma,2025-03-01,2025-03-29,17,2024,75.0,115.55608980476828,-0.42763927440758387
Oklahoma,2025-03-08,2025-04-05,18,2024,40.0,47.2,-0.16178695435224677
Oklahoma,2025-03-15,2025-04-12,19,2024,20.0,29.245554848772297,-0.3648267888076142
Oklahoma,2025-03-22,2025-04-19,20,2024,21.0,17.2,0.18962085927556638
Oklahoma,2025-03-29,2025-04-26,21,2024,17.0,15.0,0.11778303565638337
Oklahoma,2025-04-05,2025-05-03,22,2024,16.0,8.0,0.6359887667199966
Oklahoma,2025-04-12,2025-05-10,23,2024,13.0,13.71591960951687,-0.049872544817898046
Oklahoma,2025-04-19,2025-05-17,24,2024,19.0,4.2,1.3470736479666092
Oklahoma,2025-04-26,2025-05-24,25,2024,13.000000000000002,3.4000000000000004,1.1574527886910433
Oklahoma,2025-11-01,2025-11-29,0,2025,16.0,37.906800050508785,-0.8279556997873292
Tennessee,2024-11-02,2024-11-30,0,2024,60.0,116.94047176734091,-0.6593061564532894
Tennessee,2024-11-09,2024-12-07,1,2024,115.0,234.71911938597765,-0.7090507330086595
Tennessee,2024-11-16,2024-12-14,2,2024,217.0,162.15080965728507,0.2898200771063264
Tennessee,2024-11-23,2024-12-21,3,2024,372.0,119.94776907501846,1.126219627776341
Tennessee,2024-11-30,2024-12-28,4,2024,747.0,120.39724572944203,1.8183347871728222
Tennessee,2024-12-07,2025-01-04,5,2024,1063.0,142.5201936769709,2.003314922114792
Tennessee,2024-12-14,2025-01-11,6,2024,684.0,215.869894300378,1.1501212299690442
Tennessee,2024-12-21,2025-01-18,7,2024,570.0,220.71317698142653,0.9460046587087652
Tennessee,2024-12-28,2025-01-25,8,2024,646.0,257.61113263626356,0.9170207794522298
Tennessee,2025-01-04,2025-02-01,9,2024,944.0,330.28184824897596,1.0482154091577227
Tennessee,2025-01-11,2025-02-08,10,2024,1067.0,190.17368417424484,1.720360663447356
Tennessee,2025-01-18,2025-02-15,11,2024,699.0,173.07081295832307,1.3916181475942766
Tennessee,2025-01-25,2025-02-22,12,2024,546.0,230.48120107263895,0.8599501370627962
Tennessee,2025-02-01,2025-03-01,13,2024,526.0,287.8113357872304,0.6014268909521796
Tennessee,2025-02-08,2025-03-08,14,2024,479.0,379.05279988795536,0.23347591376018872
Tennessee,2025-02-15,2025-03-15,15,2024,461.0,284.3557198004611,0.4818283494411082
Tennessee,2025-02-22,2025-03-22,16,2024,308.0,200.82290948094078,0.425950649748148
Tennessee,2025-03-01,2025-03-29,17,2024,219.00000000000003,201.9488636466296,0.08067350226209324
Tennessee,2025-03-08,2025-04-05,18,2024,150.0,229.3217876524002,-0.4221975710618633
Tennessee,2025-03-15,2025-04-12,19,2024,100.0,138.55836633856916,-0.3233623936089236
Tennessee,2025-03-22,2025-04-19,20,2024,59.0,149.70129764012552,-0.920955154123944
Tennessee,2025-03-29,2025-04-26,21,2024,65.0,82.64190391449887,-0.2368898954803207
Tennessee,2025-04-05,2025-05-03,22,2024,46.0,136.65913269865626,-1.0746329749254517
Tennessee,2025-04-12,2025-05-10,23,2024,32.0,113.76091645435862,-1.2463434154492226
Tennessee,2025-04-19,2025-05-17,24,2024,50.0,123.74460773900297,-0.8944428764360448
Tennessee,2025-04-26,2025-05-24,25,2024,35.99999999999999,44.556846035643275,-0.20804299692837214
Tennessee,2025-11-01,2025-11-29,0,2025,60.0,30.946382152841192,0.6468149244141528
Idaho,2024-11-02,2024-11-30,0,2024,63.0,15.40196981454866,1.3614816450990137
Idaho,2024-11-09,2024-12-07,1,2024,78.0,20.493465466413976,1.3016988953247317
Idaho,2024-11-16,2024-12-14,2,2024,110.0,31.100013031478873,1.2406737652113722
Idaho,2024-11-23,2024-12-21,3,2024,188.0,67.40709866585864,1.0162704141514824
Idaho,2024-11-30,2024-12-28,4,2024,333.0,68.81894401234166,1.5652356158435525
Idaho,2024-12-07,2025-01-04,5,2024,252.00000000000003,76.61520733733079,1.181626109896233
Idaho,2024-12-14,2025-01-11,6,2024,136.0,59.55013417867705,0.8165092398335094
Idaho,2024-12-21,2025-01-18,7,2024,125.0,58.72556927331989,0.7465216822099796
Idaho,2024-12-28,2025-01-25,8,2024,105.0,93.91063987136769,0.1105032781172719
Idaho,2025-01-04,2025-02-01,9,2024,162.0,52.89731175103427,1.1066695988844977
Idaho,2025-01-11,2025-02-08,10,2024,175.0,34.404178735796506,1.6036541384809126
Idaho,2025-01-18,2025-02-15,11,2024,152.0,43.35995027096138,1.2381008799442297
Idaho,2025-01-25,2025-02-22,12,2024,152.0,39.13935454699019,1.3380806581986158
Idaho,2025-02-01,2025-03-01,13,2024,124.0,73.66124825040302,0.5153525448235214
Idaho,2025-02-08,2025-03-08,14,2024,95.0,100.50478824338168,-0.0557577807129519
Idaho,2025-02-15,2025-03-15,15,2024,99.0,92.36600862159865,0.06864284038071666
Idaho,2025-02-22,2025-03-22,16,2024,83.0,95.24880585630186,-0.136119767559844
Idaho,2025-03-01,2025-03-29,17,2024,50.0,104.60817763895345,-0.7279101753123487
Idaho,2025-03-08,2025-04-05,18,2024,27.0,112.41647769637791,-1.3988621765270906
Idaho,2025-03-15,2025-04-12,19,2024,27.0,108.1139371153006,-1.3601881207496995
Idaho,2025-03-22,2025-04-19,20,2024,13.0,96.12058942256931,-1.9368960666907884
Idaho,2025-03-29,2025-04-26,21,2024,21.0,32.10099543982721,-0.40852090228328786
Idaho,2025-04-05,2025-05-03,22,2024,16.0,15.223372827284972,0.046760374490002476
Idaho,2025-04-12,2025-05-10,23,2024,11.0,15.858481035606614,-0.3399472059398394
Idaho,2025-04-19,2025-05-17,24,2024,11.0,4.243119428927214,0.8279900177182962
Idaho,2025-04-26,2025-05-24,25,2024,11.0,4.2,0.8362480242006187
Idaho,2025-11-01,2025-11-29,0,2025,45.0,9.17001030382119,1.5091981732707138
Nebraska,2024-11-02,2024-11-30,0,2024,11.0,16.425115869298125,-0.373005956437519
Nebraska,2024-11-09,2024-12-07,1,2024,13.0,17.466276623187312,-0.2768888537587566
Nebraska,2024-11-16,2024-12-14,2,2024,19.0,26.236815796880805,-0.3088373065070038
Nebraska,2024-11-23,2024-12-21,3,2024,78.0,24.728900748767146,1.1218329496368327
Nebraska,2024-11-30,2024-12-28,4,2024,131.0,45.385451901855454,1.0458160491149795
Nebraska,2024-12-07,2025-01-04,5,2024,211.0,44.422628627846805,1.5405758658725084
Nebraska,2024-12-14,2025-01-11,6,2024,171.0,37.35823255100071,1.5005253031725223
Nebraska,2024-12-21,2025-01-18,7,2024,128.0,49.38405541772846,0.9401376400963266
Nebraska,2024-12-28,2025-01-25,8,2024,182.0,56.63521745526456,1.1553523578231584
Nebraska,2025-01-04,2025-02-01,9,2024,308.0,70.88004277157708,1.4583426199411473
Nebraska,2025-01-11,2025-02-08,10,2024,319.0,57.83072874387541,1.6936566797108483
Nebraska,2025-01-18,2025-02-15,11,2024,311.0,50.31253083289988,1.8050681997122435
Nebraska,2025-01-25,2025-02-22,12,2024,297.0,56.209128850314265,1.6503800055684108
Nebraska,2025-02-01,2025-03-01,13,2024,197.0,79.84453549840885,0.8957390351014407
Nebraska,2025-02-08,2025-03-08,14,2024,153.0,117.46009962381189,0.26237641057401184
Nebraska,2025-02-15,2025-03-15,15,2024,80.0,120.86337548764853,-0.40845138948238624
Nebraska,2025-02-22,2025-03-22,16,2024,58.0,168.09508966679394,-1.052923773533406
Nebraska,2025-03-01,2025-03-29,17,2024,37.0,159.95167485796355,-1.4435180040404836
Nebraska,2025-03-08,2025-04-05,18,2024,14.0,155.20923059140313,-2.3431461292526357
Nebraska,2025-03-15,2025-04-12,19,2024,16.0,114.87228921979079,-1.919275285552196
Nebraska,2025-03-22,2025-04-19,20,2024,13.0,62.24038546275062,-1.5078857779438475
Nebraska,2025-03-29,2025-04-26,21,2024,11.999999999999998,35.081873121301946,-1.0208412521641876
Nebraska,2025-04-05,2025-05-03,22,2024,3.0,17.968771241330668,-1.5564996469458132
Nebraska,2025-04-12,2025-05-10,23,2024,9.999999999999996,12.711292856887589,-0.22032451661341934
Nebraska,2025-04-19,2025-05-17,24,2024,5.0,21.986994178671473,-1.3431691162698147
Nebraska,2025-04-26,2025-05-24,25,2024,2.0000000000000004,39.911619851492006,-2.5
Nebraska,2025-11-01,2025-11-29,0,2025,12.0,2.546556358377002,1.2989722646611956
North Dakota,2024-11-02,2024-11-30,0,2024,1.0,5.478519659011418,-1.1753448560226682
North Dakota,2024-11-09,2024-12-07,1,2024,2.0,7.139442876390423,-0.9981094463001512
North Dakota,2024-11-16,2024-12-14,2,2024,5.0,7.339300664160949,-0.329219890408611
North Dakota,2024-11-23,2024-12-21,3,2024,8.0,31.175257893751116,-1.273973191459648
North Dakota,2024-11-30,2024-12-28,4,2024,22.0,8.217316349799,0.9144102890807799
North Dakota,2024-12-07,2025-01-04,5,2024,56.0,18.62013498352389,1.0664949338268155
North Dakota,2024-12-14,2025-01-11,6,2024,38.0,13.343873307007641,1.0002387423387966
North Dakota,2024-12-21,2025-01-18,7,2024,61.0,11.751462943207658,1.581488379379123
North Dakota,2024-12-28,2025-01-25,8,2024,89.0,25.116323885243247,1.2372491152891185
North Dakota,2025-01-04,2025-02-01,9,2024,104.0,29.78651836422145,1.2268834714507202
North Dakota,2025-01-11,2025-02-08,10,2024,127.0,20.777876578636235,1.7711356452614972
North Dakota,2025-01-18,2025-02-15,11,2024,85.0,22.928980768605584,1.2792569874423223
North Dakota,2025-01-25,2025-02-22,12,2024,65.0,21.927441691716197,1.057320221737951
North Dakota,2025-02-01,2025-03-01,13,2024,47.0,27.684183084503626,0.5148551520985749
North Dakota,2025-02-08,2025-03-08,14,2024,32.0,32.22239711485077,-0.006716698900742113
North Dakota,2025-02-15,2025-03-15,15,2024,36.0,36.82237397216036,-0.0219829189006302
North Dakota,2025-02-22,2025-03-22,16,2024,24.0,18.674643523474224,0.2395451489766871
North Dakota,2025-03-01,2025-03-29,17,2024,25.0,22.547113933420412,0.09909327566685278
North Dakota,2025-03-08,2025-04-05,18,2024,14.0,20.290895975282197,-0.35022936124279624
North Dakota,2025-03-15,2025-04-12,19,2024,11.999999999999998,16.548486536269113,-0.30001835148206935
North Dakota,2025-03-22,2025-04-19,20,2024,14.0,13.100373094318398,0.06184894347820524
North Dakota,2025-03-29,2025-04-26,21,2024,11.0,8.564920743546693,0.22680433302037084
North Dakota,2025-04-05,2025-05-03,22,2024,9.0,2.8000000000000003,0.9675840262617057
North Dakota,2025-04-12,2025-05-10,23,2024,5.0,2.4,0.5679840376059393
North Dakota,2025-04-19,2025-05-17,24,2024,7.0,2.8000000000000003,0.7444404749474955
North Dakota,2025-04-26,2025-05-24,25,2024,3.0,2.2,0.2231435513142097
North Dakota,2025-11-01,2025-11-29,0,2025,9.0,3.246496123945315,0.8564908915210911
Arizona,2024-11-02,2024-11-30,0,2024,558.0,133.68415972078452,1.4232169933814758
Arizona,2024-11-09,2024-12-07,1,2024,882.0,267.55955150893294,1.1902525179181858
Arizona,2024-11-16,2024-12-14,2,2024,1023.0,289.3780760643287,1.2602880211450032
Arizona,2024-11-23,2024-12-21,3,2024,1534.0,197.23713036835474,2.0468217177882417
Arizona,2024-11-30,2024-12-28,4,2024,2340.0,260.5486286376419,2.191713240901028
Arizona,2024-12-07,2025-01-04,5,2024,2846.0,345.87193464479117,2.105065439876447
Arizona,2024-12-14,2025-01-11,6,2024,1483.0,373.23347802580093,1.3776165482937381
Arizona,2024-12-21,2025-01-18,7,2024,1077.0,521.5946688851843,0.7240565995726476
Arizona,2024-12-28,2025-01-25,8,2024,999.0,866.5579844831892,0.14207292849206432
Arizona,2025-01-04,2025-02-01,9,2024,836.0,1103.54828922443,-0.27736767185358246
Arizona,2025-01-11,2025-02-08,10,2024,836.0,764.7305598899645,0.08899371211815499
Arizona,2025-01-18,2025-02-15,11,2024,711.0,544.9192387654525,0.26560686095646524
Arizona,2025-01-25,2025-02-22,12,2024,647.0,510.6626020629846,0.23622526888148343
Arizona,2025-02-01,2025-03-01,13,2024,657.0,530.8949531016684,0.21275891805660052
Arizona,2025-02-08,2025-03-08,14,2024,499.0,566.1173926313618,-0.12595822555327718
Arizona,2025-02-15,2025-03-15,15,2024,393.0,884.323807146995,-0.8096025525727626
Arizona,2025-02-22,2025-03-22,16,2024,346.0,948.9838158963763,-1.0071201686040636
Arizona,2025-03-01,2025-03-29,17,2024,238.0,554.0613969512466,-0.8426151808337954
Arizona,2025-03-08,2025-04-05,18,2024,111.0,875.1342476876457,-2.057020458684579
Arizona,2025-03-15,2025-04-12,19,2024,93.0,213.46046377911694,-0.8248306210633345
Arizona,2025-03-22,2025-04-19,20,2024,88.0,220.13401887013043,-0.9101325682140047
Arizona,2025-03-29,2025-04-26,21,2024,77.0,141.0644049066263,-0.5995716837668486
Arizona,2025-04-05,2025-05-03,22,2024,80.0,42.44997830248179,0.6228388023286704
Arizona,2025-04-12,2025-05-10,23,2024,53.0,53.82347219918131,-0.015134380487390686
Arizona,2025-04-19,2025-05-17,24,2024,69.0,36.58420648020955,0.6219113203151574
Arizona,2025-04-26,2025-05-24,25,2024,38.00000000000001,49.43437849337823,-0.25711140937821897
Arizona,2025-11-01,2025-11-29,0,2025,43.0,70.97910656368543,-0.4921862563700308
Colorado,2024-11-02,2024-11-30,0,2024,67.0,65.04819462492355,0.029123008041996634
Colorado,2024-11-09,2024-12-07,1,2024,90.0,67.3136297694143,0.2867502024637565
Colorado,2024-11-16,2024-12-14,2,2024,129.0,92.27534693946104,0.33197861182205823
Colorado,2024-11-23,2024-12-21,3,2024,179.0,85.82194650942172,0.7290974212122476
Colorado,2024-11-30,2024-12-28,4,2024,475.0,145.79608557878723,1.1763734034011595
Colorado,2024-12-07,2025-01-04,5,2024,760.0,154.09722074586597,1.5905812069508576
Colorado,2024-12-14,2025-01-11,6,2024,499.0,154.19135646032197,1.1699491851342776
Colorado,2024-12-21,2025-01-18,7,2024,441.0,144.16066146372478,1.1134687429526018
Colorado,2024-12-28,2025-01-25,8,2024,456.0,196.1754944883305,0.8405892237480463
Colorado,2025-01-04,2025-02-01,9,2024,543.0,208.9831591909232,0.9519219136831483
Colorado,2025-01-11,2025-02-08,10,2024,622.0,187.71587701679064,1.1943039310187222
Colorado,2025-01-18,2025-02-15,11,2024,583.0,190.14429990646707,1.1168723431332186
Colorado,2025-01-25,2025-02-22,12,2024,484.0,193.80481118339264,0.9121508019673437
Colorado,2025-02-01,2025-03-01,13,2024,381.0,186.7224746860801,0.710455934909378
Colorado,2025-02-08,2025-03-08,14,2024,311.0,248.48402151306956,0.22360831670047254
Colorado,2025-02-15,2025-03-15,15,2024,215.0,293.3976298750117,-0.30965292844185743
Colorado,2025-02-22,2025-03-22,16,2024,162.0,211.5701314662274,-0.26552176353895174
Colorado,2025-03-01,2025-03-29,17,2024,121.0,193.6782632462061,-0.4673272191227875
Colorado,2025-03-08,2025-04-05,18,2024,86.0,191.49324451867284,-0.7941529410479751
Colorado,2025-03-15,2025-04-12,19,2024,62.00000000000001,159.34352355095513,-0.9341838094773571
Colorado,2025-03-22,2025-04-19,20,2024,40.0,141.19853365993765,-1.2436521387968806
Colorado,2025-03-29,2025-04-26,21,2024,42.0,150.36935550019155,-1.2585227972941602
Colorado,2025-04-05,2025-05-03,22,2024,30.0,161.63708670528115,-1.6575340521393507
Colorado,2025-04-12,2025-05-10,23,2024,36.0,120.3449162169907,-1.1877191250949193
Colorado,2025-04-19,2025-05-17,24,2024,19.0,138.62723169336272,-1.9432439671874087
Colorado,2025-04-26,2025-05-24,25,2024,14.999999999999998,133.31359073288382,-2.1275885729890436
Colorado,2025-11-01,2025-11-29,0,2025,146.0,37.69426883513351,1.3347410898251333
Indiana,2024-11-02,2024-11-30,0,2024,41.0,69.55656480794478,-0.5187451075353695
Indiana,2024-11-09,2024-12-07,1,2024,65.0,187.93985257496493,-1.0517739820399123
Indiana,2024-11-16,2024-12-14,2,2024,142.0,122.16809968569063,0.14929454381157914
Indiana,2024-11-23,2024-12-21,3,2024,288.0,277.66725655056604,0.03640824688982924
Indiana,2024-11-30,2024-12-28,4,2024,590.0,143.2159151312677,1.4105044301900067
Indiana,2024-12-07,2025-01-04,5,2024,829.0,154.67972883123247,1.6736248241887894
Indiana,2024-12-14,2025-01-11,6,2024,523.0,190.45650884996004,1.006831009326337
Indiana,2024-12-21,2025-01-18,7,2024,542.0,263.1336533568775,0.720654082179907
Indiana,2024-12-28,2025-01-25,8,2024,788.0,422.5911099639004,0.6219976942040519
Indiana,2025-01-04,2025-02-01,9,2024,1295.0,399.8775178891814,1.173381937935324
Indiana,2025-01-11,2025-02-08,10,2024,1711.0,178.94402366386484,2.252771733820869
Indiana,2025-01-18,2025-02-15,11,2024,1717.0,190.1221240028929,2.1960034861366795
Indiana,2025-01-25,2025-02-22,12,2024,1649.0,228.40706939917266,1.9730325457641058
Indiana,2025-02-01,2025-03-01,13,2024,1210.0,405.75075031058714,1.091001152807614
Indiana,2025-02-08,2025-03-08,14,2024,900.0,696.3389628827347,0.25623364815662697
Indiana,2025-02-15,2025-03-15,15,2024,599.0,1038.665817910743,-0.549724956350091
Indiana,2025-02-22,2025-03-22,16,2024,392.0,1338.2287826794866,-1.226039580077857
Indiana,2025-03-01,2025-03-29,17,2024,237.0,1169.585604103711,-1.592988745231768
Indiana,2025-03-08,2025-04-05,18,2024,126.0,1004.3739011188547,-2.0689277057588074
Indiana,2025-03-15,2025-04-12,19,2024,87.00000000000001,999.7491535430629,-2.431167337571548
Indiana,2025-03-22,2025-04-19,20,2024,52.0,803.0841918734731,-2.5
Indiana,2025-03-29,2025-04-26,21,2024,43.0,666.7012997931313,-2.5
Indiana,2025-04-05,2025-05-03,22,2024,34.0,25.200000000000003,0.2895886507223624
Indiana,2025-04-12,2025-05-10,23,2024,27.0,17.75744101869943,0.4006139821539998
Indiana,2025-04-19,2025-05-17,24,2024,25.0,29.300812158579227,-0.15307797804812884
Indiana,2025-04-26,2025-05-24,25,2024,18.0,8.6,0.6826758806926496
Indiana,2025-11-01,2025-11-29,0,2025,82.0,40.522116234193696,0.6926144012062019
Georgia,2024-11-02,2024-11-30,0,2024,56.0,80.28656955410814,-0.3549295389363989
Georgia,2024-11-09,2024-12-07,1,2024,88.0,168.07587602983213,-0.6417112150245181
Georgia,2024-11-16,2024-12-14,2,2024,215.0,147.98066698526242,0.3714618619339589
Georgia,2024-11-23,2024-12-21,3,2024,397.0,108.82144772461325,1.2875961608160562
Georgia,2024-11-30,2024-12-28,4,2024,800.0,161.78515046957364,1.5934297109919662
Georgia,2024-12-07,2025-01-04,5,2024,1144.0,318.7867328760545,1.275505602139928
Georgia,2024-12-14,2025-01-11,6,2024,823.0,367.4155622752628,0.8049589835452196
Georgia,2024-12-21,2025-01-18,7,2024,992.0,336.1974850527448,1.0800618962704789
Georgia,2024-12-28,2025-01-25,8,2024,1195.0,396.8855004641986,1.1005736578919443
Georgia,2025-01-04,2025-02-01,9,2024,1373.0,480.70317532285844,1.0481533672582373
Georgia,2025-01-11,2025-02-08,10,2024,1301.0,408.49805651510917,1.1567246654815015
Georgia,2025-01-18,2025-02-15,11,2024,734.0,400.3772500312158,0.6049687410107971
Georgia,2025-01-25,2025-02-22,12,2024,461.0,494.157270188734,-0.06931053857841629
Georgia,2025-02-01,2025-03-01,13,2024,437.0,629.3781111932456,-0.36410090547246465
Georgia,2025-02-08,2025-03-08,14,2024,396.0,509.5733589002951,-0.25159804669218033
Georgia,2025-02-15,2025-03-15,15,2024,365.0,242.36062517982356,0.40808893594306017
Georgia,2025-02-22,2025-03-22,16,2024,235.0,207.32237855538904,0.12474502827398215
Georgia,2025-03-01,2025-03-29,17,2024,190.0,98.2628947919983,0.6545015945809913
Georgia,2025-03-08,2025-04-05,18,2024,162.0,108.29291499576016,0.39971862935602154
Georgia,2025-03-15,2025-04-12,19,2024,84.0,118.5235748780116,-0.3408623747381485
Georgia,2025-03-22,2025-04-19,20,2024,64.0,153.5685055487828,-0.8662501297789627
Georgia,2025-03-29,2025-04-26,21,2024,44.0,101.86083964977452,-0.8267145135780787
Georgia,2025-04-05,2025-05-03,22,2024,44.0,75.66628979308234,-0.5327996147302798
Georgia,2025-04-12,2025-05-10,23,2024,44.0,41.623537566474155,0.0542558640461448
Georgia,2025-04-19,2025-05-17,24,2024,34.0,27.045057102631915,0.2215356624237903
Georgia,2025-04-26,2025-05-24,25,2024,21.0,33.62078572494576,-0.4534117918267664
Georgia,2025-11-01,2025-11-29,0,2025,153.0,40.66889399241028,1.3071976993903025
Minnesota,2024-11-02,2024-11-30,0,2024,18.0,63.75095956515392,-1.2261095408424554
Minnesota,2024-11-09,2024-12-07,1,2024,40.0,112.32078930184186,-1.0166505734812077
Minnesota,2024-11-16,2024-12-14,2,2024,92.0,63.72016538406692,0.36252666502824216
Minnesota,2024-11-23,2024-12-21,3,2024,227.0,91.66420640417304,0.900363353879615
Minnesota,2024-11-30,2024-12-28,4,2024,545.0,101.10449024316372,1.6766222726660711
Minnesota,2024-12-07,2025-01-04,5,2024,952.0,109.75380345514336,2.152305152608556
Minnesota,2024-12-14,2025-01-11,6,2024,896.0,115.36363436894115,2.0423357950854157
Minnesota,2024-12-21,2025-01-18,7,2024,927.0,137.84305271051227,1.8996875547791294
Minnesota,2024-12-28,2025-01-25,8,2024,928.0,192.13924583940496,1.5706973290180892
Minnesota,2025-01-04,2025-02-01,9,2024,884.0,286.28131664514063,1.1251257119582325
Minnesota,2025-01-11,2025-02-08,10,2024,705.0,251.61357791078217,1.027754276405548
Minnesota,2025-01-18,2025-02-15,11,2024,500.0,275.92401295988975,0.5928629539749775
Minnesota,2025-01-25,2025-02-22,12,2024,385.0,287.2233571272964,0.29210164432806973
Minnesota,2025-02-01,2025-03-01,13,2024,288.0,270.76821141554456,0.061477149027949096
Minnesota,2025-02-08,2025-03-08,14,2024,216.0,235.05507798203865,-0.08416780553580061
Minnesota,2025-02-15,2025-03-15,15,2024,179.0,235.01457595218614,-0.27093671473743797
Minnesota,2025-02-22,2025-03-22,16,2024,198.0,238.5950443714167,-0.18564535837893725
Minnesota,2025-03-01,2025-03-29,17,2024,85.00000000000003,210.95791138962295,-0.9020404275275569
Minnesota,2025-03-08,2025-04-05,18,2024,68.0,201.45815778884253,-1.0764267323955394
Minnesota,2025-03-15,2025-04-12,19,2024,58.99999999999999,68.48046254200139,-0.14670103632498055
Minnesota,2025-03-22,2025-04-19,20,2024,40.0,103.75562060883769,-0.9380581480220398
Minnesota,2025-03-29,2025-04-26,21,2024,26.0,65.36158404541574,-0.8992814695184883
Minnesota,2025-04-05,2025-05-03,22,2024,31.0,32.690679621621456,-0.0514853272149538
Minnesota,2025-04-12,2025-05-10,23,2024,23.000000000000004,25.400486658240958,-0.09532861365869882
Minnesota,2025-04-19,2025-05-17,24,2024,8.0,30.410700311560564,-1.249924031781151
Minnesota,2025-04-26,2025-05-24,25,2024,9.000000000000002,16.69703388389569,-0.5708119553620783
Minnesota,2025-11-01,2025-11-29,0,2025,66.0,65.73390523244495,0.0039794712979190905
Virginia,2024-11-02,2024-11-30,0,2024,46.0,28.667849392539463,0.4600836542764508
Virginia,2024-11-09,2024-12-07,1,2024,69.0,38.42167989789366,0.5741793258625849
Virginia,2024-11-16,2024-12-14,2,2024,140.0,38.54339911862631,1.271361109749269
Virginia,2024-11-23,2024-12-21,3,2024,192.0,97.34885715985169,0.6741692642710211
Virginia,2024-11-30,2024-12-28,4,2024,374.0,129.4202426764518,1.0561641532767387
Virginia,2024-12-07,2025-01-04,5,2024,669.0,117.76069836038378,1.730167182072389
Virginia,2024-12-14,2025-01-11,6,2024,464.0,260.026722976157,0.5774146166240142
Virginia,2024-12-21,2025-01-18,7,2024,493.0,281.29417867776766,0.5595858031904486
Virginia,2024-12-28,2025-01-25,8,2024,685.0,297.7127339413535,0.8313952722060982
Virginia,2025-01-04,2025-02-01,9,2024,1083.0,319.16231384114724,1.2195850840502693
Virginia,2025-01-11,2025-02-08,10,2024,1315.0,319.9606846595584,1.4110334739523323
Virginia,2025-01-18,2025-02-15,11,2024,1190.0,229.73618320966534,1.6412735755130115
Virginia,2025-01-25,2025-02-22,12,2024,909.0,360.64734597340714,0.9227750449030978
Virginia,2025-02-01,2025-03-01,13,2024,727.0,333.2666989431764,0.7783618740214981
Virginia,2025-02-08,2025-03-08,14,2024,556.0,347.5164423483991,0.4688798304999233
Virginia,2025-02-15,2025-03-15,15,2024,514.0,432.52567409659184,0.1722158810605654
Virginia,2025-02-22,2025-03-22,16,2024,339.0,352.50374402732507,-0.038948458978183
Virginia,2025-03-01,2025-03-29,17,2024,213.0,227.86920585184887,-0.06717467187672721
Virginia,2025-03-08,2025-04-05,18,2024,153.0,220.0851432454134,-0.3615952884630831
Virginia,2025-03-15,2025-04-12,19,2024,93.0,188.80491905375962,-0.7027020206077053
Virginia,2025-03-22,2025-04-19,20,2024,56.0,108.38068161161146,-0.6517830216573781
Virginia,2025-03-29,2025-04-26,21,2024,54.0,66.6000435685151,-0.20627544232090056
Virginia,2025-04-05,2025-05-03,22,2024,40.0,106.24604602543144,-0.9615536235284736
Virginia,2025-04-12,2025-05-10,23,2024,35.0,52.289025501649284,-0.39221147098335596
Virginia,2025-04-19,2025-05-17,24,2024,16.0,34.58957714815024,-0.7388394741969395
Virginia,2025-04-26,2025-05-24,25,2024,33.0,16.729759013549018,0.6511159966388291
Virginia,2025-11-01,2025-11-29,0,2025,92.0,26.018755505288354,1.2360682199614024
Connecticut,2024-11-02,2024-11-30,0,2024,11.0,49.124050177002715,-1.429594286571969
Connecticut,2024-11-09,2024-12-07,1,2024,13.0,47.053067320254485,-1.2332486397730702
Connecticut,2024-11-16,2024-12-14,2,2024,24.0,34.89294175712365,-0.36166484285939315
Connecticut,2024-11-23,2024-12-21,3,2024,45.0,26.17008902547918,0.5265246964467414
Connecticut,2024-11-30,2024-12-28,4,2024,148.0,60.75835101154989,0.8807171005279093
Connecticut,2024-12-07,2025-01-04,5,2024,306.0,43.28931481321363,1.9361043002343097
Connecticut,2024-12-14,2025-01-11,6,2024,258.0,66.12806383012948,1.3502258662603124
Connecticut,2024-12-21,2025-01-18,7,2024,251.0,75.2737635556594,1.1951000673886938
Connecticut,2024-12-28,2025-01-25,8,2024,385.0,109.03427317702614,1.2550454778650169
Connecticut,2025-01-04,2025-02-01,9,2024,493.0,145.2662594277927,1.2171068616808522
Connecticut,2025-01-11,2025-02-08,10,2024,538.0,136.27342731138543,1.3677408142920369
Connecticut,2025-01-18,2025-02-15,11,2024,499.0,90.50277585731087,1.6982387893625104
Connecticut,2025-01-25,2025-02-22,12,2024,372.0,132.29120623509743,1.0290421643644532
Connecticut,2025-02-01,2025-03-01,13,2024,278.0,174.39328318603714,0.46418099688085324
Connecticut,2025-02-08,2025-03-08,14,2024,187.0,190.36154310228076,-0.01772257177041947
Connecticut,2025-02-15,2025-03-15,15,2024,153.0,146.7285799788031,0.04157593140003257
Connecticut,2025-02-22,2025-03-22,16,2024,118.0,176.03860039321242,-0.39724429700360986
Connecticut,2025-03-01,2025-03-29,17,2024,77.0,151.71915340321956,-0.6718918092553565
Connecticut,2025-03-08,2025-04-05,18,2024,53.0,135.07589373699278,-0.9242287257079109
Connecticut,2025-03-15,2025-04-12,19,2024,40.0,72.47735412459602,-0.5834051848913706
Connecticut,2025-03-22,2025-04-19,20,2024,34.0,53.0225573166377,-0.4340536259366572
Connecticut,2025-03-29,2025-04-26,21,2024,53.0,52.90653094611684,0.0017324081580705197
Connecticut,2025-04-05,2025-05-03,22,2024,25.0,37.07876526638765,-0.38156024664877464
Connecticut,2025-04-12,2025-05-10,23,2024,9.0,23.358755424684233,-0.8903062576017509
Connecticut,2025-04-19,2025-05-17,24,2024,17.0,13.483124376846114,0.21738762233236075
Connecticut,2025-04-26,2025-05-24,25,2024,13.999999999999998,44.18999680066715,-1.1028255515236123
Connecticut,2025-11-01,2025-11-29,0,2025,74.0,18.611084745590034,1.3413931589175871
Hawaii,2024-11-02,2024-11-30,0,2024,14.0,5.215284897768621,0.8810386368412391
Hawaii,2024-11-09,2024-12-07,1,2024,20.0,10.797254755534304,0.5766555811545859
Hawaii,2024-11-16,2024-12-14,2,2024,34.0,18.750878138911453,0.5721501084010265
Hawaii,2024-11-23,2024-12-21,3,2024,42.0,16.298515318394376,0.9105794376185439
Hawaii,2024-11-30,2024-12-28,4,2024,57.0,22.863810932162824,0.88807988608733
Hawaii,2024-12-07,2025-01-04,5,2024,125.0,28.71621774647591,1.444588958105109
Hawaii,2024-12-14,2025-01-11,6,2024,113.0,55.696058011822856,0.698493763678675
Hawaii,2024-12-21,2025-01-18,7,2024,91.0,60.95359272427971,0.3954029767203684
Hawaii,2024-12-28,2025-01-25,8,2024,88.0,58.0032145607349,0.41104444323037104
Hawaii,2025-01-04,2025-02-01,9,2024,70.0,94.56024597430277,-0.29707701944293863
Hawaii,2025-01-11,2025-02-08,10,2024,83.0,98.09856845124926,-0.1652981968913112
Hawaii,2025-01-18,2025-02-15,11,2024,79.0,71.72544020498025,0.0953353773033001
Hawaii,2025-01-25,2025-02-22,12,2024,86.0,66.56726208949118,0.2527845415282668
Hawaii,2025-02-01,2025-03-01,13,2024,67.0,79.80927387226411,-0.17258402941155548
Hawaii,2025-02-08,2025-03-08,14,2024,63.0,72.51508289589998,-0.1386075112745635
Hawaii,2025-02-15,2025-03-15,15,2024,56.0,71.06472146125277,-0.234513356588665
Hawaii,2025-02-22,2025-03-22,16,2024,42.0,83.18545640967442,-0.6718220639097825
Hawaii,2025-03-01,2025-03-29,17,2024,31.0,72.7110489582136,-0.8344168031808752
Hawaii,2025-03-08,2025-04-05,18,2024,39.0,67.41091532198286,-0.536652938513662
Hawaii,2025-03-15,2025-04-12,19,2024,24.0,58.78346693360561,-0.8718533251805876
Hawaii,2025-03-22,2025-04-19,20,2024,24.0,49.86697146699014,-0.7103379974387569
Hawaii,2025-03-29,2025-04-26,21,2024,24.0,44.89816294578677,-0.6075492684297501
Hawaii,2025-04-05,2025-05-03,22,2024,34.0,37.726876297836796,-0.10118577548835983
Hawaii,2025-04-12,2025-05-10,23,2024,30.0,28.26461942354781,0.057607946318309455
Hawaii,2025-04-19,2025-05-17,24,2024,25.0,26.660012323615373,-0.06189123375427075
Hawaii,2025-04-26,2025-05-24,25,2024,18.0,23.01868982768222,-0.2343932909387365
Hawaii,2025-11-01,2025-11-29,0,2025,27.0,9.991663197359635,0.9350674158706473
West Virginia,2024-11-02,2024-11-30,0,2024,3.0,4.615472556926347,-0.33923138326683455
West Virginia,2024-11-09,2024-12-07,1,2024,13.0,13.44140995708058,-0.031042441539811172
West Virginia,2024-11-16,2024-12-14,2,2024,21.0,16.337699306474263,0.23815917209638915
West Virginia,2024-11-23,2024-12-21,3,2024,37.0,18.756177659493748,0.6541199244029912
West Virginia,2024-11-30,2024-12-28,4,2024,108.0,24.54992706480114,1.4507134201901133
West Virginia,2024-12-07,2025-01-04,5,2024,199.0,19.85902141239047,2.2605308302335154
West Virginia,2024-12-14,2025-01-11,6,2024,144.0,58.98091530351405,0.882707309070863
West Virginia,2024-12-21,2025-01-18,7,2024,133.0,62.244555008054796,0.7508307628781381
West Virginia,2024-12-28,2025-01-25,8,2024,160.0,84.56315823967557,0.6321495688793322
West Virginia,2025-01-04,2025-02-01,9,2024,267.0,76.70572660627255,1.238058024356647
West Virginia,2025-01-11,2025-02-08,10,2024,458.0,52.60246516842725,2.1474551510931166
West Virginia,2025-01-18,2025-02-15,11,2024,617.0,47.419783974700564,2.5
West Virginia,2025-01-25,2025-02-22,12,2024,640.0,71.32120012504996,2.181912146324964
West Virginia,2025-02-01,2025-03-01,13,2024,511.0,89.79240121959033,1.7297490299431306
West Virginia,2025-02-08,2025-03-08,14,2024,458.0,161.52067306573701,1.0382449975163128
West Virginia,2025-02-15,2025-03-15,15,2024,347.0,197.14752293443874,0.5631906611778703
West Virginia,2025-02-22,2025-03-22,16,2024,275.0,242.86754479064174,0.12377563703861139
West Virginia,2025-03-01,2025-03-29,17,2024,168.0,239.3686116370149,-0.35227491197962113
West Virginia,2025-03-08,2025-04-05,18,2024,102.0,308.65339162170227,-1.1007245921760003
West Virginia,2025-03-15,2025-04-12,19,2024,47.00000000000001,236.31004569764977,-1.5981664849612263
West Virginia,2025-03-22,2025-04-19,20,2024,26.0,166.7771782735788,-1.8267999132582027
West Virginia,2025-03-29,2025-04-26,21,2024,18.0,89.05444828418672,-1.5559754891720416
West Virginia,2025-04-05,2025-05-03,22,2024,10.0,41.40117534398702,-1.3492808094323911
West Virginia,2025-04-12,2025-05-10,23,2024,6.0,9.400000000000002,-0.3958956570920138
West Virginia,2025-04-19,2025-05-17,24,2024,5.0,5.2,-0.03278982282299103
West Virginia,2025-04-26,2025-05-24,25,2024,1.0000000000000002,3.6,-0.832909122935104
West Virginia,2025-11-01,2025-11-29,0,2025,10.0,9.4439983187624,0.051867782937908835
Michigan,2024-11-02,2024-11-30,0,2024,65.0,69.75910280458505,-0.06962644776963955
Michigan,2024-11-09,2024-12-07,1,2024,94.0,168.97960027087646,-0.5818015398427274
Michigan,2024-11-16,2024-12-14,2,2024,172.0,199.33056795123892,-0.1466772473700786
Michigan,2024-11-23,2024-12-21,3,2024,296.0,366.8266601825708,-0.2138796562831775
Michigan,2024-11-30,2024-12-28,4,2024,489.0,321.41531486782884,0.41856487890863914
Michigan,2024-12-07,2025-01-04,5,2024,644.0,326.3294488034804,0.6782831643789757
Michigan,2024-12-14,2025-01-11,6,2024,747.0,303.13156160033213,0.8999426017633558
Michigan,2024-12-21,2025-01-18,7,2024,613.0000000000001,360.0466375053158,0.5309877883931229
Michigan,2024-12-28,2025-01-25,8,2024,992.0,355.9771786245204,1.0230588097303626
Michigan,2025-01-04,2025-02-01,9,2024,1379.0,338.6716704148976,1.4018593023560797
Michigan,2025-01-11,2025-02-08,10,2024,1701.0,324.5941307631068,1.6539077010792376
Michigan,2025-01-18,2025-02-15,11,2024,1800.0,292.2086190909381,1.8152129789688676
Michigan,2025-01-25,2025-02-22,12,2024,1789.0,394.01486035604603,1.5110475134867896
Michigan,2025-02-01,2025-03-01,13,2024,1669.0,547.9185190537719,1.1126288919402612
Michigan,2025-02-08,2025-03-08,14,2024,1264.0,681.864647306145,0.6165307350129465
Michigan,2025-02-15,2025-03-15,15,2024,854.9999999999999,1056.0924932487928,-0.21100711133890027
Michigan,2025-02-22,2025-03-22,16,2024,948.0,1019.6922888126367,-0.07282759196804456
Michigan,2025-03-01,2025-03-29,17,2024,636.0,1373.5111056275473,-0.7690837317586245
Michigan,2025-03-08,2025-04-05,18,2024,305.0,1126.265554289302,-1.3039650136916743
Michigan,2025-03-15,2025-04-12,19,2024,255.00000000000003,790.6109232046779,-1.1288925680478812
Michigan,2025-03-22,2025-04-19,20,2024,196.0,393.6010095066638,-0.6946714231510143
Michigan,2025-03-29,2025-04-26,21,2024,127.0,475.0851678696835,-1.3135664984027695
Michigan,2025-04-05,2025-05-03,22,2024,117.0,210.10825480303302,-0.5816864333807477
Michigan,2025-04-12,2025-05-10,23,2024,93.0,168.82413818134583,-0.5914686380489877
Michigan,2025-04-19,2025-05-17,24,2024,62.0,39.2,0.4492677307665569
Michigan,2025-04-26,2025-05-24,25,2024,51.0,25.400000000000002,0.677879708429157
Michigan,2025-11-01,2025-11-29,0,2025,62.0,65.53038551847018,-0.05452404200157268
Kentucky,2024-11-02,2024-11-30,0,2024,24.0,22.24418917989061,0.07282065181861963
Kentucky,2024-11-09,2024-12-07,1,2024,53.0,23.125667226075652,0.8057077426822685
Kentucky,2024-11-16,2024-12-14,2,2024,79.0,18.303833223962407,1.4217229458433813
Kentucky,2024-11-23,2024-12-21,3,2024,200.0,21.41096441177576,2.1937545862870844
Kentucky,2024-11-30,2024-12-28,4,2024,515.0,36.85164005050666,2.5
Kentucky,2024-12-07,2025-01-04,5,2024,678.0,102.08325895442982,1.8850841264959746
Kentucky,2024-12-14,2025-01-11,6,2024,463.0,115.04338885579565,1.3859203891958014
Kentucky,2024-12-21,2025-01-18,7,2024,397.0,157.9611348539133,0.9177922678243293
Kentucky,2024-12-28,2025-01-25,8,2024,439.0,212.04790330615785,0.7252576883377033
Kentucky,2025-01-04,2025-02-01,9,2024,741.0,209.21274852956924,1.2612291370414246
Kentucky,2025-01-11,2025-02-08,10,2024,1196.0,199.43215017120207,1.7870979192187608
Kentucky,2025-01-18,2025-02-15,11,2024,1203.0,171.46469950299945,1.943212050901411
Kentucky,2025-01-25,2025-02-22,12,2024,896.0,178.68931481710422,1.6078265312664195
Kentucky,2025-02-01,2025-03-01,13,2024,774.0000000000001,289.44554793781566,0.9814469131857839
Kentucky,2025-02-08,2025-03-08,14,2024,633.0,457.9835797887968,0.3230345188971979
Kentucky,2025-02-15,2025-03-15,15,2024,494.0,504.47671047650624,-0.02094420257826357
Kentucky,2025-02-22,2025-03-22,16,2024,372.0,876.1948776615391,-0.855150757463738
Kentucky,2025-03-01,2025-03-29,17,2024,267.0,654.4622661222897,-0.8943537560051364
Kentucky,2025-03-08,2025-04-05,18,2024,175.0,759.7295200330476,-1.4637938726181599
Kentucky,2025-03-15,2025-04-12,19,2024,88.0,649.1732439145094,-1.9886024867442176
Kentucky,2025-03-22,2025-04-19,20,2024,49.0,511.1210552412924,-2.3265380276829206
Kentucky,2025-03-29,2025-04-26,21,2024,39.0,108.24997808344347,-1.0047591792525297
Kentucky,2025-04-05,2025-05-03,22,2024,21.0,90.08745828516629,-1.420777671673564
Kentucky,2025-04-12,2025-05-10,23,2024,19.0,20.401945457022038,-0.0677495535484609
Kentucky,2025-04-19,2025-05-17,24,2024,15.0,12.220318113967323,0.1908338250219912
Kentucky,2025-04-26,2025-05-24,25,2024,18.0,12.678972365153857,0.3285791892999441
Kentucky,2025-11-01,2025-11-29,0,2025,31.0,48.99273956619657,-0.4461418834085502
Maryland,2024-11-02,2024-11-30,0,2024,21.0,21.133139214656172,-0.006033543995341173
Maryland,2024-11-09,2024-12-07,1,2024,37.0,24.67611085661218,0.3920251387673952
Maryland,2024-11-16,2024-12-14,2,2024,73.0,26.635642683274256,0.9849587520549594
Maryland,2024-11-23,2024-12-21,3,2024,131.0,65.92987648317211,0.6791564709383628
Maryland,2024-11-30,2024-12-28,4,2024,195.0,75.53934162166355,0.9403097810250705
Maryland,2024-12-07,2025-01-04,5,2024,457.0,112.48953980588304,1.3951585117403393
Maryland,2024-12-14,2025-01-11,6,2024,372.0,128.71498766192434,1.0562387786218714
Maryland,2024-12-21,2025-01-18,7,2024,466.0,156.67346591778693,1.0858030345606027
Maryland,2024-12-28,2025-01-25,8,2024,611.0,157.12694869149922,1.3533340993657719
Maryland,2025-01-04,2025-02-01,9,2024,810.0,193.7063321388692,1.4267756197244044
Maryland,2025-01-11,2025-02-08,10,2024,1086.0,171.92552916171337,1.8383158525743983
Maryland,2025-01-18,2025-02-15,11,2024,1081.0,152.42153840136814,1.9533771735408019
Maryland,2025-01-25,2025-02-22,12,2024,764.0,199.31787052183975,1.3399703763534951
Maryland,2025-02-01,2025-03-01,13,2024,548.0,230.50206835836278,0.8635096334297954
Maryland,2025-02-08,2025-03-08,14,2024,379.0,296.5481300474336,0.24459525914794522
Maryland,2025-02-15,2025-03-15,15,2024,291.0,510.12962415274046,-0.5598694233851198
Maryland,2025-02-22,2025-03-22,16,2024,210.0,603.7615147940617,-1.0529760564182684
Maryland,2025-03-01,2025-03-29,17,2024,135.0,502.3615839841523,-1.3086538809505726
Maryland,2025-03-08,2025-04-05,18,2024,129.0,530.4633771876578,-1.4080998403195704
Maryland,2025-03-15,2025-04-12,19,2024,94.0,378.20161665773475,-1.3841911421091462
Maryland,2025-03-22,2025-04-19,20,2024,62.0,263.53673434352675,-1.434845397469731
Maryland,2025-03-29,2025-04-26,21,2024,47.0,189.37298333662704,-1.3777842071410293
Maryland,2025-04-05,2025-05-03,22,2024,41.0,57.64871785374008,-0.333896095600863
Maryland,2025-04-12,2025-05-10,23,2024,21.0,18.8,0.10536051565782634
Maryland,2025-04-19,2025-05-17,24,2024,10.0,12.4,-0.197359434158495
Maryland,2025-04-26,2025-05-24,25,2024,26.0,21.915938610632843,0.1640041883482657
Maryland,2025-11-01,2025-11-29,0,2025,97.0,56.481041975315506,0.5335122900089591
US,2024-11-02,2024-11-30,0,2024,4435.0,3485.828037089718,0.24076061844233543
US,2024-11-09,2024-12-07,1,2024,6513.0,7359.412990411557,-0.12216233714013391
US,2024-11-16,2024-12-14,2,2024,9587.0,7482.307604316726,0.247837429233833
US,2024-11-23,2024-12-21,3,2024,16109.0,7439.038563784269,0.7725641650529784
US,2024-11-30,2024-12-28,4,2024,28633.0,10894.805529625442,0.9662169215586971
US,2024-12-07,2025-01-04,5,2024,39609.0,10538.915137082999,1.3239121200631754
US,2024-12-14,2025-01-11,6,2024,31790.0,10560.664457533197,1.1019523459186935
US,2024-12-21,2025-01-18,7,2024,33631.0,12311.788670622489,1.0048395431414257
US,2024-12-28,2025-01-25,8,2024,41363.0,16163.210442285499,0.9396113709951681
US,2025-01-04,2025-02-01,9,2024,52470.0,18356.336083959846,1.0502313548276039
US,2025-01-11,2025-02-08,10,2024,55486.0,14917.522162692305,1.3135452199691553
US,2025-01-18,2025-02-15,11,2024,47782.0,15128.311894090888,1.1500358805088613
US,2025-01-25,2025-02-22,12,2024,39280.0,15622.120036812517,0.9219890706709624
US,2025-02-01,2025-03-01,13,2024,31897.0,16184.190479307863,0.6784466557125306
US,2025-02-08,2025-03-08,14,2024,24688.0,17049.670688697017,0.3701682607728962
US,2025-02-15,2025-03-15,15,2024,18857.0,17968.24186058638,0.0482757163096057
US,2025-02-22,2025-03-22,16,2024,14033.0,11529.749346690664,0.19646563362100267
US,2025-03-01,2025-03-29,17,2024,9960.0,10959.666033653946,-0.09563558100442471
US,2025-03-08,2025-04-05,18,2024,6972.0,11420.172789662221,-0.4934233468336391
US,2025-03-15,2025-04-12,19,2024,5056.0,5850.298576719355,-0.1458901934386283
US,2025-03-22,2025-04-19,20,2024,3965.0,4179.427324449718,-0.05265544194345395
US,2025-03-29,2025-04-26,21,2024,3306.0,4036.5276479137087,-0.19959110230615806
US,2025-04-05,2025-05-03,22,2024,2538.0,2635.6945400672867,-0.037755761787125586
US,2025-04-12,2025-05-10,23,2024,2180.0,2565.4806331498276,-0.16275206975421508
US,2025-04-19,2025-05-17,24,2024,1897.0,3864.1521506927447,-0.7112003473621327
US,2025-04-26,2025-05-24,25,2024,1740.0,1621.1110488567795,0.07073124328301539
US,2025-11-01,2025-11-29,0,2025,4594.0,2190.2904567322685,0.7404781358692096
Alaska,2024-11-02,2024-11-30,0,2024,10.0,13.380605989731071,-0.26798521975620426
Alaska,2024-11-09,2024-12-07,1,2024,18.0,12.039181805518158,0.37648016961208297
Alaska,2024-11-16,2024-12-14,2,2024,27.0,12.891991035453593,0.700892020596378
Alaska,2024-11-23,2024-12-21,3,2024,22.0,10.151721166952134,0.7239003651869633
Alaska,2024-11-30,2024-12-28,4,2024,35.0,12.268126134900225,0.9981543107161439
Alaska,2024-12-07,2025-01-04,5,2024,64.0,12.600792454456016,1.5642592101411847
Alaska,2024-12-14,2025-01-11,6,2024,45.0,15.846680554952984,1.0044877588037697
Alaska,2024-12-21,2025-01-18,7,2024,33.0,13.617995134624833,0.8441072113925476
Alaska,2024-12-28,2025-01-25,8,2024,29.0,17.541180410137855,0.48120315525896107
Alaska,2025-01-04,2025-02-01,9,2024,30.0,24.137900004838393,0.20961053683915143
Alaska,2025-01-11,2025-02-08,10,2024,26.0,18.43825839847769,0.32859365954100506
Alaska,2025-01-18,2025-02-15,11,2024,53.0,24.064673753622003,0.7675246119470018
Alaska,2025-01-25,2025-02-22,12,2024,52.0,17.154001584491578,1.0714009041671142
Alaska,2025-02-01,2025-03-01,13,2024,57.0,18.985394503377535,1.0654412786041059
Alaska,2025-02-08,2025-03-08,14,2024,62.0,20.55442548870348,1.0725535718205004
Alaska,2025-02-15,2025-03-15,15,2024,30.999999999999996,33.71710993134323,-0.0814967442232093
Alaska,2025-02-22,2025-03-22,16,2024,26.0,32.98785062600067,-0.23016626022324393
Alaska,2025-03-01,2025-03-29,17,2024,32.0,36.03997687313535,-0.11549022393590791
Alaska,2025-03-08,2025-04-05,18,2024,17.0,35.59327984898102,-0.709492854969072
Alaska,2025-03-15,2025-04-12,19,2024,15.999999999999998,28.116156926180476,-0.5380798968741183
Alaska,2025-03-22,2025-04-19,20,2024,12.0,25.977198371684803,-0.7300426469953485
Alaska,2025-03-29,2025-04-26,21,2024,9.0,27.078977873124188,-1.032436084971284
Alaska,2025-04-05,2025-05-03,22,2024,9.0,10.619361257950768,-0.15008768772357106
Alaska,2025-04-12,2025-05-10,23,2024,5.0,10.275669428499764,-0.6308877872141347
Alaska,2025-04-19,2025-05-17,24,2024,6.0,7.575571793499586,-0.20300752323125848
Alaska,2025-04-26,2025-05-24,25,2024,10.0,7.380171532230387,0.2720268892739681
Alaska,2025-11-01,2025-11-29,0,2025,1.0,1.241429065179228,-0.11396645741357136
Iowa,2024-11-02,2024-11-30,0,2024,4.0,24.9851106300818,-1.6480857934766144
Iowa,2024-11-09,2024-12-07,1,2024,13.0,40.59493015429149,-1.08892095893398
Iowa,2024-11-16,2024-12-14,2,2024,23.0,45.401922113912065,-0.6592870528950723
Iowa,2024-11-23,2024-12-21,3,2024,42.0,25.470731840389384,0.4851604519187518
Iowa,2024-11-30,2024-12-28,4,2024,118.0,35.20968319655343,1.1897969184318105
Iowa,2024-12-07,2025-01-04,5,2024,190.0,42.795808737576216,1.4727353061658155
Iowa,2024-12-14,2025-01-11,6,2024,266.0,48.484038884007894,1.6855984876104677
Iowa,2024-12-21,2025-01-18,7,2024,246.0,84.78694828333511,1.0575214596150104
Iowa,2024-12-28,2025-01-25,8,2024,304.0,104.02204715153661,1.0661414756193297
Iowa,2025-01-04,2025-02-01,9,2024,457.0,78.31461953769762,1.7534467151170956
Iowa,2025-01-11,2025-02-08,10,2024,607.0,85.18237109045403,1.9537092369235616
Iowa,2025-01-18,2025-02-15,11,2024,516.0,79.23278351618208,1.8631106711382621
Iowa,2025-01-25,2025-02-22,12,2024,404.0,89.03676464845526,1.5036689840941406
Iowa,2025-02-01,2025-03-01,13,2024,355.0,133.21276018574423,0.975504427483286
Iowa,2025-02-08,2025-03-08,14,2024,271.0,151.65856192331074,0.5775982600977079
Iowa,2025-02-15,2025-03-15,15,2024,187.0,176.6394857817249,0.0566858271314441
Iowa,2025-02-22,2025-03-22,16,2024,99.0,205.3180129373632,-0.7242485445642259
Iowa,2025-03-01,2025-03-29,17,2024,55.0,183.79351462139675,-1.1938873738165627
Iowa,2025-03-08,2025-04-05,18,2024,43.0,164.4393098510965,-1.324414785796732
Iowa,2025-03-15,2025-04-12,19,2024,24.0,135.74144217160924,-1.6992160343777525
Iowa,2025-03-22,2025-04-19,20,2024,11.0,44.01990834885666,-1.3221981499012339
Iowa,2025-03-29,2025-04-26,21,2024,14.0,22.305770033578845,-0.44065076973762274
Iowa,2025-04-05,2025-05-03,22,2024,4.0,20.371525999620047,-1.4526215628463228
Iowa,2025-04-12,2025-05-10,23,2024,4.0,34.68679513260497,-1.9653428236866872
Iowa,2025-04-19,2025-05-17,24,2024,1.0,31.223831906052425,-2.5
Iowa,2025-04-26,2025-05-24,25,2024,4.999999999999999,32.21698528765145,-1.7113018809188856
Iowa,2025-11-01,2025-11-29,0,2025,18.0,13.075777460735127,0.29998356966902584
Puerto Rico,2024-11-02,2024-11-30,0,2024,368.0,18.63736879452327,2.5
Puerto Rico,2024-11-09,2024-12-07,1,2024,457.0,74.67664503595728,1.8003995912734334
Puerto Rico,2024-11-16,2024-12-14,2,2024,470.0,99.45517590873186,1.545146476868104
Puerto Rico,2024-11-23,2024-12-21,3,2024,553.0,88.49815111150373,1.8229467196518785
Puerto Rico,2024-11-30,2024-12-28,4,2024,707.0,129.73111296959306,1.689301452658194
Puerto Rico,2024-12-07,2025-01-04,5,2024,1010.0,184.3379820453397,1.69651413077412
Puerto Rico,2024-12-14,2025-01-11,6,2024,1249.0,170.55917501784324,1.985970579368466
Puerto Rico,2024-12-21,2025-01-18,7,2024,643.0,219.43515315831314,1.0720951644553676
Puerto Rico,2024-12-28,2025-01-25,8,2024,505.0,317.1855180732956,0.46390206644558063
Puerto Rico,2025-01-04,2025-02-01,9,2024,348.0,531.5311650225462,-0.42256949953251866
Puerto Rico,2025-01-11,2025-02-08,10,2024,251.0,770.7985557355421,-1.11929449029667
Puerto Rico,2025-01-18,2025-02-15,11,2024,355.0,857.492467843119,-0.8802471758222223
Puerto Rico,2025-01-25,2025-02-22,12,2024,240.0,685.3748983342678,-1.0466270439885648
Puerto Rico,2025-02-01,2025-03-01,13,2024,314.99999999999994,476.67366647823474,-0.4131855796421249
Puerto Rico,2025-02-08,2025-03-08,14,2024,283.0,380.8519353688901,-0.2960586915612593
Puerto Rico,2025-02-15,2025-03-15,15,2024,346.0,352.678298566043,-0.019062958900325278
Puerto Rico,2025-02-22,2025-03-22,16,2024,243.0,248.6080919909138,-0.022723830511950815
Puerto Rico,2025-03-01,2025-03-29,17,2024,212.0,262.2831632236721,-0.21193795352862832
Puerto Rico,2025-03-08,2025-04-05,18,2024,194.0,373.71633441636004,-0.6531697396040155
Puerto Rico,2025-03-15,2025-04-12,19,2024,274.0,326.11166915725454,-0.173530510827975
Puerto Rico,2025-03-22,2025-04-19,20,2024,187.0,329.19320025230206,-0.5632359756284835
Puerto Rico,2025-03-29,2025-04-26,21,2024,185.0,217.03561817383664,-0.158911761848346
Puerto Rico,2025-04-05,2025-05-03,22,2024,138.0,150.66621210405538,-0.08720820003153928
Puerto Rico,2025-04-12,2025-05-10,23,2024,210.0,157.60666402509153,0.2854308073453593
Puerto Rico,2025-04-19,2025-05-17,24,2024,202.0,207.0045894421481,-0.02435416504182264
Puerto Rico,2025-04-26,2025-05-24,25,2024,174.0,141.2511492361608,0.2071918219608806
Puerto Rico,2025-11-01,2025-11-29,0,2025,154.0,74.9109739368356,0.7138638588209112
Rhode Island,2024-11-02,2024-11-30,0,2024,6.0,5.839957234139723,0.023128669759153953
Rhode Island,2024-11-09,2024-12-07,1,2024,10.0,10.794252335735285,-0.06971704981436
Rhode Island,2024-11-16,2024-12-14,2,2024,28.0,6.430038696152685,1.3617647631744485
Rhode Island,2024-11-23,2024-12-21,3,2024,29.0,10.973615170664859,0.9184918884206654
Rhode Island,2024-11-30,2024-12-28,4,2024,65.0,18.36540885208109,1.2261663163426886
Rhode Island,2024-12-07,2025-01-04,5,2024,93.0,17.92781909667576,1.6026620325249246
Rhode Island,2024-12-14,2025-01-11,6,2024,69.0,21.504555321425233,1.1347774946009772
Rhode Island,2024-12-21,2025-01-18,7,2024,107.0,19.195181669083116,1.6766871824036693
Rhode Island,2024-12-28,2025-01-25,8,2024,114.0,22.94425915649899,1.5692035344292692
Rhode Island,2025-01-04,2025-02-01,9,2024,173.0,30.656399887330135,1.7041149629351584
Rhode Island,2025-01-11,2025-02-08,10,2024,202.0,22.14768614991945,2.1713111538323644
Rhode Island,2025-01-18,2025-02-15,11,2024,180.0,40.072567041439896,1.4831566011980652
Rhode Island,2025-01-25,2025-02-22,12,2024,160.0,41.16757700041474,1.3397527567753937
Rhode Island,2025-02-01,2025-03-01,13,2024,107.0,62.18369333031444,0.5360849761889064
Rhode Island,2025-02-08,2025-03-08,14,2024,79.0,86.43831595233412,-0.08890694954340717
Rhode Island,2025-02-15,2025-03-15,15,2024,68.0,72.1738988270824,-0.05873227938208103
Rhode Island,2025-02-22,2025-03-22,16,2024,43.0,68.21654195764424,-0.4530502457692056
Rhode Island,2025-03-01,2025-03-29,17,2024,26.0,54.25679927109836,-0.7161545305521004
Rhode Island,2025-03-08,2025-04-05,18,2024,25.0,45.40750563609643,-0.5793646675277166
Rhode Island,2025-03-15,2025-04-12,19,2024,22.0,44.2876446328386,-0.6775400339460926
Rhode Island,2025-03-22,2025-04-19,20,2024,17.0,41.84921295328322,-0.867315519494301
Rhode Island,2025-03-29,2025-04-26,21,2024,4.0,29.98444288779734,-1.8240473237569212
Rhode Island,2025-04-05,2025-05-03,22,2024,8.0,26.64657360194553,-1.122277222589728
Rhode Island,2025-04-12,2025-05-10,23,2024,2.9999999999999982,15.854438680922131,-1.438319684188808
Rhode Island,2025-04-19,2025-05-17,24,2024,2.0,28.649667119217796,-2.29083860970477
Rhode Island,2025-04-26,2025-05-24,25,2024,2.0,10.712669814028196,-1.3620588573209498
Rhode Island,2025-11-01,2025-11-29,0,2025,13.0,1.74178167898417,1.6304493727303397
Kansas,2024-11-02,2024-11-30,0,2024,20.0,32.63493778668338,-0.4710429040923607
Kansas,2024-11-09,2024-12-07,1,2024,36.0,38.927858820031155,-0.07615638365305655
Kansas,2024-11-16,2024-12-14,2,2024,90.0,50.62011909817396,0.5669480050191646
Kansas,2024-11-23,2024-12-21,3,2024,120.0,66.82146929638687,0.578911744486521
Kansas,2024-11-30,2024-12-28,4,2024,225.0,79.58139785167126,1.0312671722821447
Kansas,2024-12-07,2025-01-04,5,2024,353.0,69.92345580437811,1.607695704908826
Kansas,2024-12-14,2025-01-11,6,2024,236.0,82.09227812964993,1.0481083662188615
Kansas,2024-12-21,2025-01-18,7,2024,200.0,88.33402938475801,0.8109224246262574
Kansas,2024-12-28,2025-01-25,8,2024,216.0,120.51185125482843,0.5798855543246857
Kansas,2025-01-04,2025-02-01,9,2024,390.0,128.98426123627524,1.1012941842723016
Kansas,2025-01-11,2025-02-08,10,2024,483.0,105.60503659094093,1.5129541485312172
Kansas,2025-01-18,2025-02-15,11,2024,519.0,95.95115687319644,1.6796214972793422
Kansas,2025-01-25,2025-02-22,12,2024,413.0,95.70481902673448,1.4542027377914968
Kansas,2025-02-01,2025-03-01,13,2024,308.0,142.5237832346357,0.7668405186041714
Kansas,2025-02-08,2025-03-08,14,2024,251.0,221.38459737022265,0.12502078396218863
Kansas,2025-02-15,2025-03-15,15,2024,164.0,283.4998670592565,-0.54478731238716
Kansas,2025-02-22,2025-03-22,16,2024,120.0,335.2171188138716,-1.0219665926236212
Kansas,2025-03-01,2025-03-29,17,2024,68.0,209.54978270624923,-1.1156156179809313
Kansas,2025-03-08,2025-04-05,18,2024,40.0,195.5254072258448,-1.567219655105892
Kansas,2025-03-15,2025-04-12,19,2024,29.0,132.87850118279803,-1.4957352993897257
Kansas,2025-03-22,2025-04-19,20,2024,29.0,105.72553569038352,-1.269063070321661
Kansas,2025-03-29,2025-04-26,21,2024,9.0,40.454918487170175,-1.4220214422754998
Kansas,2025-04-05,2025-05-03,22,2024,6.0,54.24599673757376,-2.065885731478912
Kansas,2025-04-12,2025-05-10,23,2024,4.0,45.87480076783123,-2.238042321561175
Kansas,2025-04-19,2025-05-17,24,2024,8.0,48.543579317677086,-1.7056280951783358
Kansas,2025-04-26,2025-05-24,25,2024,11.0,24.171380023785293,-0.7408009859764122
Kansas,2025-11-01,2025-11-29,0,2025,12.0,23.29243302433794,-0.625215546215093
Louisiana,2024-11-02,2024-11-30,0,2024,135.0,46.00188141916504,1.06246725463218
Louisiana,2024-11-09,2024-12-07,1,2024,163.0,132.8458151936294,0.20317792324290096
Louisiana,2024-11-16,2024-12-14,2,2024,252.0,159.1124454989693,0.4575131359624276
Louisiana,2024-11-23,2024-12-21,3,2024,423.0,152.77701405811243,1.0142298627880022
Louisiana,2024-11-30,2024-12-28,4,2024,590.0,166.03810562833584,1.2635940536026657
Louisiana,2024-12-07,2025-01-04,5,2024,713.0,148.53888272333808,1.5633265182191707
Louisiana,2024-12-14,2025-01-11,6,2024,446.0,153.1318061985775,1.0647504738537963
Louisiana,2024-12-21,2025-01-18,7,2024,477.0,189.29972670463758,0.9210103943194561
Louisiana,2024-12-28,2025-01-25,8,2024,521.0,195.85591532171648,0.9751955210499625
Louisiana,2025-01-04,2025-02-01,9,2024,620.0,231.0838539871383,0.9842323359709919
Louisiana,2025-01-11,2025-02-08,10,2024,494.0,189.03138049375383,0.9573685435522554
Louisiana,2025-01-18,2025-02-15,11,2024,387.0,180.3893834134279,0.7603593294905089
Louisiana,2025-01-25,2025-02-22,12,2024,330.0,151.507635196767,0.7749037137188539
Louisiana,2025-02-01,2025-03-01,13,2024,359.0,153.4185817165258,0.8464370531957481
Louisiana,2025-02-08,2025-03-08,14,2024,398.0,191.95520464310715,0.7265033552192017
Louisiana,2025-02-15,2025-03-15,15,2024,327.0,88.0878485356005,1.3033906632798118
Louisiana,2025-02-22,2025-03-22,16,2024,230.0,103.53761789580273,0.792870724029993
Louisiana,2025-03-01,2025-03-29,17,2024,178.0,135.92891687195822,0.26792386961364745
Louisiana,2025-03-08,2025-04-05,18,2024,121.0,175.15081283707673,-0.3673194745030468
Louisiana,2025-03-15,2025-04-12,19,2024,80.00000000000001,160.14291997879755,-0.6878425182695223
Louisiana,2025-03-22,2025-04-19,20,2024,70.0,226.22490561994735,-1.1632604236039752
Louisiana,2025-03-29,2025-04-26,21,2024,63.0,156.1390742477337,-0.8982481531127515
Louisiana,2025-04-05,2025-05-03,22,2024,44.0,71.92542745905331,-0.4827748875919742
Louisiana,2025-04-12,2025-05-10,23,2024,33.0,99.318249237236,-1.081987100334227
Louisiana,2025-04-19,2025-05-17,24,2024,41.0,140.23026155983194,-1.2127220008091437
Louisiana,2025-04-26,2025-05-24,25,2024,34.0,70.85316100581886,-0.7192765445817231
Louisiana,2025-11-01,2025-11-29,0,2025,116.0,51.644450051433545,0.7986131139025385
Texas,2024-11-02,2024-11-30,0,2024,402.0,423.0350623932134,-0.05087958418990457
Texas,2024-11-09,2024-12-07,1,2024,526.0,784.719055679759,-0.39939874447060664
Texas,2024-11-16,2024-12-14,2,2024,701.0,598.9653739506826,0.1570614605571512
Texas,2024-11-23,2024-12-21,3,2024,1169.0,698.0982677240235,0.5149677121427265
Texas,2024-11-30,2024-12-28,4,2024,2076.0,846.2320859888663,0.8967051573258304
Texas,2024-12-07,2025-01-04,5,2024,2514.0,1022.0915565483975,0.8994438224946535
Texas,2024-12-14,2025-01-11,6,2024,2040.0,1063.3820647025261,0.6510454739962226
Texas,2024-12-21,2025-01-18,7,2024,2435.0,1058.808010625263,0.8322695801798936
Texas,2024-12-28,2025-01-25,8,2024,3307.0,1605.6249852122114,0.7222080809175422
Texas,2025-01-04,2025-02-01,9,2024,4715.0,1779.7518865164852,0.9739252994050123
Texas,2025-01-11,2025-02-08,10,2024,4241.0,1715.9983783976115,0.9044572186669635
Texas,2025-01-18,2025-02-15,11,2024,2510.0,1778.9166791395858,0.3441145264391947
Texas,2025-01-25,2025-02-22,12,2024,1769.0,1823.6561468010746,-0.03041200998507243
Texas,2025-02-01,2025-03-01,13,2024,1548.0,1951.059833004912,-0.2312755782405569
Texas,2025-02-08,2025-03-08,14,2024,1208.0,2243.177516231998,-0.618545519954254
Texas,2025-02-15,2025-03-15,15,2024,905.0,1652.1859165960257,-0.6014202576834178
Texas,2025-02-22,2025-03-22,16,2024,605.0,1056.347788252794,-0.5566389790330657
Texas,2025-03-01,2025-03-29,17,2024,538.0,705.76676117912,-0.27098514123650297
Texas,2025-03-08,2025-04-05,18,2024,369.0,489.1142104001603,-0.28113544075621544
Texas,2025-03-15,2025-04-12,19,2024,283.0,352.404050376065,-0.2186377828247128
Texas,2025-03-22,2025-04-19,20,2024,266.0,229.44394615069956,0.1472410092654881
Texas,2025-03-29,2025-04-26,21,2024,229.0,192.52111607850537,0.17269267538658006
Texas,2025-04-05,2025-05-03,22,2024,190.0,161.85056717091308,0.15944041354928462
Texas,2025-04-12,2025-05-10,23,2024,175.0,75.91005702969898,0.8278473464573199
Texas,2025-04-19,2025-05-17,24,2024,202.0,160.3858097565166,0.2294081467952891
Texas,2025-04-26,2025-05-24,25,2024,141.0,158.9394543914326,-0.11896827596386839
Texas,2025-11-01,2025-11-29,0,2025,547.0,333.7219646853762,0.4929750558903061
Wyoming,2024-11-02,2024-11-30,0,2024,7.0,1.7151875582353515,1.0805805084570383
Wyoming,2024-11-09,2024-12-07,1,2024,5.0,10.444110608903607,-0.6457157711441046
Wyoming,2024-11-16,2024-12-14,2,2024,33.0,8.518620882258396,1.273110551615872
Wyoming,2024-11-23,2024-12-21,3,2024,18.0,7.323385501081636,0.8253698959115323
Wyoming,2024-11-30,2024-12-28,4,2024,84.0,9.438326946098433,2.097166941083032
Wyoming,2024-12-07,2025-01-04,5,2024,116.0,11.45462274031903,2.24008207636018
Wyoming,2024-12-14,2025-01-11,6,2024,62.0,25.58214348508394,0.862895033578206
Wyoming,2024-12-21,2025-01-18,7,2024,84.0,18.897821797570575,1.452040988159283
Wyoming,2024-12-28,2025-01-25,8,2024,89.0,39.2745334114141,0.8040903264016444
Wyoming,2025-01-04,2025-02-01,9,2024,102.0,46.49732418418399,0.7740556117403492
Wyoming,2025-01-11,2025-02-08,10,2024,106.0,33.10178246868161,1.143479179729713
Wyoming,2025-01-18,2025-02-15,11,2024,72.0,43.3006978448253,0.4994590115165134
Wyoming,2025-01-25,2025-02-22,12,2024,99.0,47.720283982041714,0.7190747337437968
Wyoming,2025-02-01,2025-03-01,13,2024,56.99999999999999,55.165526796439536,0.03213984405345549
Wyoming,2025-02-08,2025-03-08,14,2024,53.0,71.22567702558928,-0.29081157358402443
Wyoming,2025-02-15,2025-03-15,15,2024,44.0,64.41253751316088,-0.3740514554139631
Wyoming,2025-02-22,2025-03-22,16,2024,30.0,56.99477936183004,-0.6263657910071094
Wyoming,2025-03-01,2025-03-29,17,2024,23.0,53.76928604881855,-0.8250757329203
Wyoming,2025-03-08,2025-04-05,18,2024,12.0,45.4968702038364,-1.2744356454221477
Wyoming,2025-03-15,2025-04-12,19,2024,4.0,34.65848523620855,-1.9645492211460318
Wyoming,2025-03-22,2025-04-19,20,2024,3.0,29.044236057883428,-2.016376469745416
Wyoming,2025-03-29,2025-04-26,21,2024,6.0,15.457943769735067,-0.8548981155307482
Wyoming,2025-04-05,2025-05-03,22,2024,1.0,8.259266371049938,-1.5324776393710704
Wyoming,2025-04-12,2025-05-10,23,2024,4.000000000000001,3.7919520255768457,0.04250006302815179
Wyoming,2025-04-19,2025-05-17,24,2024,3.0,0.6000000000000001,0.9162907318741549
Wyoming,2025-04-26,2025-05-24,25,2024,3.0000000000000004,1.6598463061462714,0.40802601963984997
Wyoming,2025-11-01,2025-11-29,0,2025,6.0,11.355621782249406,-0.5682010154847268
New Jersey,2024-11-02,2024-11-30,0,2024,67.0,159.40603796993247,-0.8582006327518874
New Jersey,2024-11-09,2024-12-07,1,2024,109.0,147.40864611938287,-0.2994892255036765
New Jersey,2024-11-16,2024-12-14,2,2024,174.0,125.6065015476926,0.3237021104949971
New Jersey,2024-11-23,2024-12-21,3,2024,335.0,120.06039985459022,1.020821566559552
New Jersey,2024-11-30,2024-12-28,4,2024,723.0,109.93822863605376,1.8758178447505864
New Jersey,2024-12-07,2025-01-04,5,2024,1325.9999999999998,139.3797519892247,2.2463247697416744
New Jersey,2024-12-14,2025-01-11,6,2024,1074.0,196.54622786265315,1.6941033184821972
New Jersey,2024-12-21,2025-01-18,7,2024,1259.0,263.0594111439118,1.5626928799056206
New Jersey,2024-12-28,2025-01-25,8,2024,1591.0,286.2557028785846,1.7123735965093196
New Jersey,2025-01-04,2025-02-01,9,2024,1794.0,396.3593476340162,1.5079192718751449
New Jersey,2025-01-11,2025-02-08,10,2024,1888.0,313.08237749072856,1.79414756730407
New Jersey,2025-01-18,2025-02-15,11,2024,1517.0,350.46332576275245,1.4630435885273565
New Jersey,2025-01-25,2025-02-22,12,2024,1205.0,441.38613236033643,1.0028812739529176
New Jersey,2025-02-01,2025-03-01,13,2024,938.0,404.5003638832612,0.8396937082838729
New Jersey,2025-02-08,2025-03-08,14,2024,630.0,576.5724144403605,0.08847203503598422
New Jersey,2025-02-15,2025-03-15,15,2024,465.0,526.8695895632795,-0.12466362961020927
New Jersey,2025-02-22,2025-03-22,16,2024,345.0,736.6718113568179,-0.7570602505758401
New Jersey,2025-03-01,2025-03-29,17,2024,282.0,766.168388372617,-0.9972594211832089
New Jersey,2025-03-08,2025-04-05,18,2024,248.0,516.5650032326757,-0.7316822308979782
New Jersey,2025-03-15,2025-04-12,19,2024,161.0,417.25975236473346,-0.9485063214332037
New Jersey,2025-03-22,2025-04-19,20,2024,137.0,245.80347200081442,-0.581338674849686
New Jersey,2025-03-29,2025-04-26,21,2024,71.99999999999999,133.7020537870337,-0.6126058892714665
New Jersey,2025-04-05,2025-05-03,22,2024,70.0,243.78482270797485,-1.237699672932921
New Jersey,2025-04-12,2025-05-10,23,2024,40.0,172.83819961229307,-1.444552912611158
New Jersey,2025-04-19,2025-05-17,24,2024,43.0,138.35705052145283,-1.1528497145062553
New Jersey,2025-04-26,2025-05-24,25,2024,25.0,106.40829519475736,-1.418540877520956
New Jersey,2025-11-01,2025-11-29,0,2025,154.0,70.57670120156492,0.7726554981202156
Montana,2024-11-02,2024-11-30,0,2024,2.0,5.121971107624324,-0.7132718324098555
Montana,2024-11-09,2024-12-07,1,2024,2.0,4.650788019671768,-0.6331827192731312
Montana,2024-11-16,2024-12-14,2,2024,6.0,15.399807495849046,-0.8513594476479629
Montana,2024-11-23,2024-12-21,3,2024,27.0,17.869097956294286,0.39467895499541417
Montana,2024-11-30,2024-12-28,4,2024,60.0,23.33806397073956,0.9188323208317373
Montana,2024-12-07,2025-01-04,5,2024,71.0,24.92072984124907,1.021623090472798
Montana,2024-12-14,2025-01-11,6,2024,65.0,25.72506722111183,0.904052769828982
Montana,2024-12-21,2025-01-18,7,2024,80.0,39.96713682810292,0.6816789501516762
Montana,2024-12-28,2025-01-25,8,2024,68.0,48.995031115262705,0.3221828818021497
Montana,2025-01-04,2025-02-01,9,2024,109.0,52.53679464920169,0.7201111978300503
Montana,2025-01-11,2025-02-08,10,2024,161.0,56.803925885616366,1.0305396399641626
Montana,2025-01-18,2025-02-15,11,2024,159.0,46.513510871886865,1.2141597052303057
Montana,2025-01-25,2025-02-22,12,2024,208.0,37.443947290531455,1.6931329860761037
Montana,2025-02-01,2025-03-01,13,2024,191.0,58.02132934319418,1.179596479161182
Montana,2025-02-08,2025-03-08,14,2024,159.0,90.6955870187978,0.5566995612428469
Montana,2025-02-15,2025-03-15,15,2024,125.0,79.0340431729604,0.45382982313191533
Montana,2025-02-22,2025-03-22,16,2024,91.0,83.21126076383612,0.08845992645508716
Montana,2025-03-01,2025-03-29,17,2024,59.0,86.59596199134523,-0.3783903386685825
Montana,2025-03-08,2025-04-05,18,2024,32.0,83.66194068203221,-0.9421585966098696
Montana,2025-03-15,2025-04-12,19,2024,34.0,63.61056044933476,-0.6130298103865575
Montana,2025-03-22,2025-04-19,20,2024,22.0,84.80752244381186,-1.3166124608919132
Montana,2025-03-29,2025-04-26,21,2024,11.0,36.17410064580439,-1.1307056498191579
Montana,2025-04-05,2025-05-03,22,2024,6.0,14.747511543418128,-0.8107722064901559
Montana,2025-04-12,2025-05-10,23,2024,0.0,14.668649512637256,-2.5
Montana,2025-04-19,2025-05-17,24,2024,0.0,17.983999824214408,-2.5
Montana,2025-04-26,2025-05-24,25,2024,2.0,6.51968305333271,-0.9189117012422188
Montana,2025-11-01,2025-11-29,0,2025,12.0,3.6736071007437188,1.023018185480703
Arkansas,2024-11-02,2024-11-30,0,2024,12.0,17.03387032520157,-0.3273023170170517
Arkansas,2024-11-09,2024-12-07,1,2024,32.0,48.41556916292879,-0.4037579783147378
Arkansas,2024-11-16,2024-12-14,2,2024,42.0,17.563673692638147,0.8399934718964963
Arkansas,2024-11-23,2024-12-21,3,2024,59.0,22.39207704359582,0.9419471850727836
Arkansas,2024-11-30,2024-12-28,4,2024,127.0,25.903187868242803,1.5597854762202399
Arkansas,2024-12-07,2025-01-04,5,2024,212.0,51.592767861555195,1.398713548545135
Arkansas,2024-12-14,2025-01-11,6,2024,158.0,110.98859778576525,0.35050714159190566
Arkansas,2024-12-21,2025-01-18,7,2024,223.0,135.677298116586,0.49402339275339546
Arkansas,2024-12-28,2025-01-25,8,2024,388.0,154.50668951973606,0.9168905935049416
Arkansas,2025-01-04,2025-02-01,9,2024,551.0,213.29501588683863,0.9461944017122699
Arkansas,2025-01-11,2025-02-08,10,2024,752.0,174.5018494095677,1.4564156470032419
Arkansas,2025-01-18,2025-02-15,11,2024,543.0,176.74784777414635,1.1185832864082235
Arkansas,2025-01-25,2025-02-22,12,2024,392.0,173.87140119750023,0.8097587583805748
Arkansas,2025-02-01,2025-03-01,13,2024,363.0,181.58467622903572,0.6899398228821418
Arkansas,2025-02-08,2025-03-08,14,2024,325.0,219.90221675316423,0.3891772358929151
Arkansas,2025-02-15,2025-03-15,15,2024,229.0,205.2344852094216,0.10906550976486074
Arkansas,2025-02-22,2025-03-22,16,2024,164.0,110.09263283219204,0.39558109059506297
Arkansas,2025-03-01,2025-03-29,17,2024,111.0,122.23039368266717,-0.09555685134809977
Arkansas,2025-03-08,2025-04-05,18,2024,71.0,113.52568676863538,-0.46413301740880186
Arkansas,2025-03-15,2025-04-12,19,2024,32.0,97.01056630316353,-1.088567730812032
Arkansas,2025-03-22,2025-04-19,20,2024,29.0,32.800000000000004,-0.11926342082681796
Arkansas,2025-03-29,2025-04-26,21,2024,24.0,22.200000000000003,0.07472354619593613
Arkansas,2025-04-05,2025-05-03,22,2024,21.0,20.123503311393165,0.04065613178981975
Arkansas,2025-04-12,2025-05-10,23,2024,13.000000000000002,6.4,0.6375773294051346
Arkansas,2025-04-19,2025-05-17,24,2024,13.0,5.800000000000001,0.7221347174331973
Arkansas,2025-04-26,2025-05-24,25,2024,14.0,4.800000000000001,0.9501922835498362
Arkansas,2025-11-01,2025-11-29,0,2025,77.0,38.32870709150511,0.684754114127045
Nevada,2024-11-02,2024-11-30,0,2024,61.0,27.333085013365235,0.7831041814954594
Nevada,2024-11-09,2024-12-07,1,2024,81.0,70.29415867935569,0.1399048491558581
Nevada,2024-11-16,2024-12-14,2,2024,113.0,75.73647530495461,0.395821294980343
Nevada,2024-11-23,2024-12-21,3,2024,208.0,80.47884325681053,0.941990857358789
Nevada,2024-11-30,2024-12-28,4,2024,255.0,63.257781689446325,1.3822746122491099
Nevada,2024-12-07,2025-01-04,5,2024,387.0,58.715597385437064,1.871412090610244
Nevada,2024-12-14,2025-01-11,6,2024,260.0,75.52402501557788,1.226915663303151
Nevada,2024-12-21,2025-01-18,7,2024,189.00000000000003,90.86767721059684,0.7266748216342434
Nevada,2024-12-28,2025-01-25,8,2024,196.0,91.19474212738027,0.7593006266195328
Nevada,2025-01-04,2025-02-01,9,2024,178.0,112.7183855875322,0.4536607155399057
Nevada,2025-01-11,2025-02-08,10,2024,222.0,69.96871518702183,1.1449326226939496
Nevada,2025-01-18,2025-02-15,11,2024,147.0,41.083646794917215,1.2575530457124038
Nevada,2025-01-25,2025-02-22,12,2024,123.0,46.00588976297526,0.9700086576402787
Nevada,2025-02-01,2025-03-01,13,2024,97.0,38.31464099855914,0.9133704846802271
Nevada,2025-02-08,2025-03-08,14,2024,79.0,65.14005242492934,0.19025213448478606
Nevada,2025-02-15,2025-03-15,15,2024,88.0,31.01485634142037,1.0224363139986674
Nevada,2025-02-22,2025-03-22,16,2024,81.0,43.01818715539527,0.6221163543084707
Nevada,2025-03-01,2025-03-29,17,2024,70.0,31.904025156059625,0.7690848815845635
Nevada,2025-03-08,2025-04-05,18,2024,41.0,33.677148561635015,0.19158869115753374
Nevada,2025-03-15,2025-04-12,19,2024,48.0,32.838181259975684,0.3702305100895189
Nevada,2025-03-22,2025-04-19,20,2024,41.0,29.750357229751216,0.311768006870639
Nevada,2025-03-29,2025-04-26,21,2024,29.0,27.764793336652623,0.04204519591459466
Nevada,2025-04-05,2025-05-03,22,2024,19.0,8.200000000000001,0.7765287894989963
Nevada,2025-04-12,2025-05-10,23,2024,20.0,16.81647337292776,0.16439893801986694
Nevada,2025-04-19,2025-05-17,24,2024,16.0,20.87419266340241,-0.25209418069049905
Nevada,2025-04-26,2025-05-24,25,2024,26.0,8.617932324786805,1.0322075594819093
Nevada,2025-11-01,2025-11-29,0,2025,9.0,21.959680971804378,-0.8311545834045289
South Carolina,2024-11-02,2024-11-30,0,2024,18.0,41.56618539809664,-0.8066211889089385
South Carolina,2024-11-09,2024-12-07,1,2024,40.0,67.35810921415899,-0.5111881319177112
South Carolina,2024-11-16,2024-12-14,2,2024,80.0,56.97214086932916,0.3344865893605027
South Carolina,2024-11-23,2024-12-21,3,2024,160.0,49.71663457728853,1.155150410028389
South Carolina,2024-11-30,2024-12-28,4,2024,327.0,83.805320454285,1.352655326348243
South Carolina,2024-12-07,2025-01-04,5,2024,520.0,120.39076067492792,1.4567352724910343
South Carolina,2024-12-14,2025-01-11,6,2024,443.0,195.47594609200553,0.8152845503613566
South Carolina,2024-12-21,2025-01-18,7,2024,642.0,195.3778495923574,1.186104116793941
South Carolina,2024-12-28,2025-01-25,8,2024,833.0,226.84132322800806,1.297583966444802
South Carolina,2025-01-04,2025-02-01,9,2024,1287.0,252.43730504037876,1.6257294316160076
South Carolina,2025-01-11,2025-02-08,10,2024,1241.0,185.9916122025601,1.8934145011765962
South Carolina,2025-01-18,2025-02-15,11,2024,690.0,219.16049675314412,1.1437830126973658
South Carolina,2025-01-25,2025-02-22,12,2024,479.0,274.0817739664353,0.556717690560105
South Carolina,2025-02-01,2025-03-01,13,2024,446.0,376.13177019670445,0.16996394516633462
South Carolina,2025-02-08,2025-03-08,14,2024,408.0,323.176378325637,0.23242741082191465
South Carolina,2025-02-15,2025-03-15,15,2024,269.0,215.19773601782504,0.22222852555103234
South Carolina,2025-02-22,2025-03-22,16,2024,188.0,188.93429286925516,-0.004931170284974584
South Carolina,2025-03-01,2025-03-29,17,2024,137.0,128.99347599028027,0.05976942065106794
South Carolina,2025-03-08,2025-04-05,18,2024,80.0,122.03825900519365,-0.4180462011570354
South Carolina,2025-03-15,2025-04-12,19,2024,43.0,147.02838994302138,-1.2132144453893283
South Carolina,2025-03-22,2025-04-19,20,2024,34.0,169.03182540436788,-1.5806375663005556
South Carolina,2025-03-29,2025-04-26,21,2024,33.0,102.40002991048054,-1.1122447267277629
South Carolina,2025-04-05,2025-05-03,22,2024,16.0,105.84940160415799,-1.838207037357816
South Carolina,2025-04-12,2025-05-10,23,2024,13.0,38.47534937008051,-1.0366190809009752
South Carolina,2025-04-19,2025-05-17,24,2024,15.0,51.03415117519333,-1.179311534142633
South Carolina,2025-04-26,2025-05-24,25,2024,17.0,47.353648255884345,-0.9881699162937583
South Carolina,2025-11-01,2025-11-29,0,2025,53.0,22.57242971417653,0.8289062498983073
Maine,2024-11-02,2024-11-30,0,2024,2.0,9.130720053622577,-1.2169601083716148
Maine,2024-11-09,2024-12-07,1,2024,2.0,13.23370325246477,-1.5570003321951618
Maine,2024-11-16,2024-12-14,2,2024,2.0,15.016120266085046,-1.6749834429977557
Maine,2024-11-23,2024-12-21,3,2024,10.0,17.526978197753195,-0.5213326779864516
Maine,2024-11-30,2024-12-28,4,2024,31.0,38.24406103579076,-0.2040642187899535
Maine,2024-12-07,2025-01-04,5,2024,88.0,38.18979479886173,0.8202199935929522
Maine,2024-12-14,2025-01-11,6,2024,92.0,36.56506198070534,0.9065250773746132
Maine,2024-12-21,2025-01-18,7,2024,86.0,61.540067152384594,0.33010069287451227
Maine,2024-12-28,2025-01-25,8,2024,109.0,80.6897364806092,0.2975519962902222
Maine,2025-01-04,2025-02-01,9,2024,151.0,67.7600342881496,0.7932578416675637
Maine,2025-01-11,2025-02-08,10,2024,205.0,52.16561447800136,1.3544643258110436
Maine,2025-01-18,2025-02-15,11,2024,267.0,34.95762536102757,2.0086458086544114
Maine,2025-01-25,2025-02-22,12,2024,266.0,38.103300724069285,1.9210417774765078
Maine,2025-02-01,2025-03-01,13,2024,205.0,42.88825232487428,1.5462294853200689
Maine,2025-02-08,2025-03-08,14,2024,200.0,50.19365244495195,1.3676893593837662
Maine,2025-02-15,2025-03-15,15,2024,115.0,77.01614065550089,0.3966744543433576
Maine,2025-02-22,2025-03-22,16,2024,83.0,95.84179631270797,-0.1422618823389774
Maine,2025-03-01,2025-03-29,17,2024,59.0,91.96078133971307,-0.4378331359635732
Maine,2025-03-08,2025-04-05,18,2024,55.0,91.46091248040076,-0.5014342966968552
Maine,2025-03-15,2025-04-12,19,2024,40.0,53.270749379585425,-0.2804133296336113
Maine,2025-03-22,2025-04-19,20,2024,23.0,31.12634665114422,-0.2916226310906227
Maine,2025-03-29,2025-04-26,21,2024,16.0,15.280942865664267,0.04321806957752106
Maine,2025-04-05,2025-05-03,22,2024,10.0,21.310667164219904,-0.7071696394669837
Maine,2025-04-12,2025-05-10,23,2024,3.0,13.55204492866757,-1.2914371675477045
Maine,2025-04-19,2025-05-17,24,2024,2.0,5.9497981815118415,-0.840100331855572
Maine,2025-04-26,2025-05-24,25,2024,2.0,5.353415148112819,-0.7503801982643445
Maine,2025-11-01,2025-11-29,0,2025,12.0,4.748704085050928,0.8159749045662625
Washington,2024-11-02,2024-11-30,0,2024,46.0,60.947697869462296,-0.27614284456826255
Washington,2024-11-09,2024-12-07,1,2024,78.0,104.57778128108056,-0.2900000921317778
Washington,2024-11-16,2024-12-14,2,2024,188.0,265.48667048960266,-0.3435772103708006
Washington,2024-11-23,2024-12-21,3,2024,418.0,161.59359051598807,0.9466171423062262
Washington,2024-11-30,2024-12-28,4,2024,541.0,254.55306841100247,0.7518359092107572
Washington,2024-12-07,2025-01-04,5,2024,531.0,201.41019270256007,0.9663471939939443
Washington,2024-12-14,2025-01-11,6,2024,392.0,265.11957530386866,0.389863872878899
Washington,2024-12-21,2025-01-18,7,2024,360.0,306.3074780930786,0.16102915466311618
Washington,2024-12-28,2025-01-25,8,2024,417.0,274.17801304936387,0.41806322410001684
Washington,2025-01-04,2025-02-01,9,2024,602.0,142.09360290173797,1.438418214855579
Washington,2025-01-11,2025-02-08,10,2024,747.0,145.44730428243835,1.6307373119548974
Washington,2025-01-18,2025-02-15,11,2024,659.0,81.80595856079418,2.0757398129238753
Washington,2025-01-25,2025-02-22,12,2024,671.0,109.21615915068394,1.8078148197929638
Washington,2025-02-01,2025-03-01,13,2024,422.00000000000006,230.10837255470085,0.6044854332802689
Washington,2025-02-08,2025-03-08,14,2024,253.0,383.3525991124617,-0.4142260911121678
Washington,2025-02-15,2025-03-15,15,2024,201.0,439.2092169357676,-0.7789824095359466
Washington,2025-02-22,2025-03-22,16,2024,165.0,374.2202513847478,-0.8155254022249778
Washington,2025-03-01,2025-03-29,17,2024,113.0,345.23993527093086,-1.1109335408749894
Washington,2025-03-08,2025-04-05,18,2024,101.0,190.7656374003042,-0.6313011746174171
Washington,2025-03-15,2025-04-12,19,2024,74.0,95.48854908695553,-0.2519362254563591
Washington,2025-03-22,2025-04-19,20,2024,42.0,40.5499619795084,0.034303509446473424
Washington,2025-03-29,2025-04-26,21,2024,39.0,71.37241904583934,-0.5929458202913991
Washington,2025-04-05,2025-05-03,22,2024,20.0,69.3787377411982,-1.209368759101514
Washington,2025-04-12,2025-05-10,23,2024,24.000000000000004,63.96439317013241,-0.9549634975490546
Washington,2025-04-19,2025-05-17,24,2024,16.0,35.92335075535319,-0.7756308186474987
Washington,2025-04-26,2025-05-24,25,2024,29.0,21.022500602633635,0.3091326962958907
Washington,2025-11-01,2025-11-29,0,2025,32.0,37.085406305600614,-0.14332361069051025
North Carolina,2024-11-02,2024-11-30,0,2024,43.0,113.96346494640076,-0.9604247478506323
North Carolina,2024-11-09,2024-12-07,1,2024,65.0,85.91120990098035,-0.2752322796352171
North Carolina,2024-11-16,2024-12-14,2,2024,173.0,118.61383857151989,0.37478675727181887
North Carolina,2024-11-23,2024-12-21,3,2024,292.0,93.92431313798973,1.1270927387643086
North Carolina,2024-11-30,2024-12-28,4,2024,611.0,147.00823311257946,1.4194643811564038
North Carolina,2024-12-07,2025-01-04,5,2024,942.0,147.80653176820482,1.8464192649061815
North Carolina,2024-12-14,2025-01-11,6,2024,833.0,398.2890564172242,0.7365477955841957
North Carolina,2024-12-21,2025-01-18,7,2024,1109.0,355.97726662599905,1.134443193473099
North Carolina,2024-12-28,2025-01-25,8,2024,1582.0,423.7096787867517,1.3156712331187332
North Carolina,2025-01-04,2025-02-01,9,2024,2082.0,460.7549315773017,1.5065301420495878
North Carolina,2025-01-11,2025-02-08,10,2024,2280.0,349.24056503635586,1.8737489752277998
North Carolina,2025-01-18,2025-02-15,11,2024,1694.0,453.3634430179226,1.3165406067488963
North Carolina,2025-01-25,2025-02-22,12,2024,1174.0,465.3652350154531,0.9240543333093107
North Carolina,2025-02-01,2025-03-01,13,2024,918.0,644.0734750882306,0.3539218971822464
North Carolina,2025-02-08,2025-03-08,14,2024,822.0,610.2904805702432,0.29738393619903647
North Carolina,2025-02-15,2025-03-15,15,2024,667.0,497.7581992681786,0.2921667658322553
North Carolina,2025-02-22,2025-03-22,16,2024,434.0,424.5926854352243,0.0218632796863254
North Carolina,2025-03-01,2025-03-29,17,2024,301.0,373.124881847379,-0.2141626329873958
North Carolina,2025-03-08,2025-04-05,18,2024,188.0,501.5938520728637,-0.9780353777284443
North Carolina,2025-03-15,2025-04-12,19,2024,98.0,603.4779733036712,-1.8092453813799079
North Carolina,2025-03-22,2025-04-19,20,2024,60.0,313.1975697688972,-1.6391481269553347
North Carolina,2025-03-29,2025-04-26,21,2024,50.0,525.7414514010993,-2.334884190879254
North Carolina,2025-04-05,2025-05-03,22,2024,39.0,181.90391097302572,-1.5200814841763335
North Carolina,2025-04-12,2025-05-10,23,2024,28.0,268.0652340475564,-2.2276580259685956
North Carolina,2025-04-19,2025-05-17,24,2024,18.0,79.33157162056301,-1.441723735381153
North Carolina,2025-04-26,2025-05-24,25,2024,19.0,123.73755864193438,-1.8304797257790626
North Carolina,2025-11-01,2025-11-29,0,2025,150.0,49.913887886133004,1.0871441039883667
Mississippi,2024-11-02,2024-11-30,0,2024,28.0,33.48992328098831,-0.17337137257558322
Mississippi,2024-11-09,2024-12-07,1,2024,39.0,30.300129749157158,0.24525721123593636
Mississippi,2024-11-16,2024-12-14,2,2024,62.0,35.67323840549706,0.5410874360860385
Mississippi,2024-11-23,2024-12-21,3,2024,100.0,52.49422365446654,0.635546837843771
Mississippi,2024-11-30,2024-12-28,4,2024,212.0,47.448462658954774,1.480791558341402
Mississippi,2024-12-07,2025-01-04,5,2024,273.0,38.088620328368776,1.9472967219523394
Mississippi,2024-12-14,2025-01-11,6,2024,219.0,106.71941014819366,0.7140977542112408
Mississippi,2024-12-21,2025-01-18,7,2024,229.0,102.65863544607532,0.7969761599944158
Mississippi,2024-12-28,2025-01-25,8,2024,323.0,131.28000020973096,0.8958226260932296
Mississippi,2025-01-04,2025-02-01,9,2024,537.0,118.03538987059267,1.5084377173925203
Mississippi,2025-01-11,2025-02-08,10,2024,467.0,124.97457779994053,1.3123881728156963
Mississippi,2025-01-18,2025-02-15,11,2024,265.0,80.99282295932336,1.1768645902342731
Mississippi,2025-01-25,2025-02-22,12,2024,209.0,117.64839427890145,0.5709430811855816
Mississippi,2025-02-01,2025-03-01,13,2024,194.0,191.18099159168878,0.01456196602511195
Mississippi,2025-02-08,2025-03-08,14,2024,172.0,147.87699188738867,0.15017118731559176
Mississippi,2025-02-15,2025-03-15,15,2024,190.0,121.91616400122038,0.4407708985506691
Mississippi,2025-02-22,2025-03-22,16,2024,102.0,79.20251680360411,0.25017409225848475
Mississippi,2025-03-01,2025-03-29,17,2024,50.99999999999999,94.07065697347385,-0.6033766541839993
Mississippi,2025-03-08,2025-04-05,18,2024,48.0,80.92297869140832,-0.5139592234986323
Mississippi,2025-03-15,2025-04-12,19,2024,43.0,52.52124961066855,-0.1958891301094945
Mississippi,2025-03-22,2025-04-19,20,2024,28.0,38.337711187796884,-0.304887801002208
Mississippi,2025-03-29,2025-04-26,21,2024,21.0,41.98299518440939,-0.6697621232923034
Mississippi,2025-04-05,2025-05-03,22,2024,14.0,12.247165604625549,0.12426658818543901
Mississippi,2025-04-12,2025-05-10,23,2024,18.0,22.24728637264176,-0.2017494308999881
Mississippi,2025-04-19,2025-05-17,24,2024,16.0,13.582461864679285,0.1533937795568372
Mississippi,2025-04-26,2025-05-24,25,2024,13.0,4.746488470491337,0.8904683621437948
Mississippi,2025-11-01,2025-11-29,0,2025,24.0,27.896651086648955,-0.14484988418094735
Florida,2024-11-02,2024-11-30,0,2024,614.0,193.4409139480321,1.1514939352287064
Florida,2024-11-09,2024-12-07,1,2024,717.0,460.5681545664726,0.44183984547494504
Florida,2024-11-16,2024-12-14,2,2024,893.0,539.5531459492692,0.503112815547369
Florida,2024-11-23,2024-12-21,3,2024,1264.0,557.1889032229157,0.8181299598289895
Florida,2024-11-30,2024-12-28,4,2024,2091.0,642.2317608665116,1.1793707290825406
Florida,2024-12-07,2025-01-04,5,2024,2880.0,637.005800544265,1.5075453600188977
Florida,2024-12-14,2025-01-11,6,2024,2458.0,654.0618358064435,1.322780405225525
Florida,2024-12-21,2025-01-18,7,2024,2718.0,638.9134558964251,1.4466865025843356
Florida,2024-12-28,2025-01-25,8,2024,3255.0,856.7434462777537,1.3339496860102589
Florida,2025-01-04,2025-02-01,9,2024,3800.0,1120.027944321824,1.2210181181976152
Florida,2025-01-11,2025-02-08,10,2024,3362.0,1102.3724015586874,1.1144621233964722
Florida,2025-01-18,2025-02-15,11,2024,2619.0,1449.100926655331,0.5915411591729258
Florida,2025-01-25,2025-02-22,12,2024,2082.0,1698.0847784912762,0.20371942178082136
Florida,2025-02-01,2025-03-01,13,2024,1637.0,2108.7668765202275,-0.2531014708916697
Florida,2025-02-08,2025-03-08,14,2024,1324.0,2428.3036937856723,-0.6061922110849762
Florida,2025-02-15,2025-03-15,15,2024,1111.0,2162.644937925632,-0.6656340749496206
Florida,2025-02-22,2025-03-22,16,2024,925.0,1542.430545450099,-0.5108886101948951
Florida,2025-03-01,2025-03-29,17,2024,727.0,1359.9753312239263,-0.6256558288121328
Florida,2025-03-08,2025-04-05,18,2024,591.0,1145.7142812963743,-0.6611493503395884
Florida,2025-03-15,2025-04-12,19,2024,409.0,612.3090514886749,-0.40271181148874735
Florida,2025-03-22,2025-04-19,20,2024,343.0,720.7578998668926,-0.7410481065436114
Florida,2025-03-29,2025-04-26,21,2024,268.0,728.2842284117921,-0.9973521645022307
Florida,2025-04-05,2025-05-03,22,2024,241.0,543.9977136888092,-0.8118438734313527
Florida,2025-04-12,2025-05-10,23,2024,239.0,530.2995529617424,-0.7946870687099645
Florida,2025-04-19,2025-05-17,24,2024,219.0,364.8699507805442,-0.5086503981696389
Florida,2025-04-26,2025-05-24,25,2024,215.0,235.93401487644851,-0.09250327644257794
Florida,2025-11-01,2025-11-29,0,2025,614.0,219.32891130337256,1.026500786551848
New Hampshire,2024-11-02,2024-11-30,0,2024,14.0,6.377093341956324,0.7096704961749944
New Hampshire,2024-11-09,2024-12-07,1,2024,16.0,15.62651570871298,0.0222145912211702
New Hampshire,2024-11-16,2024-12-14,2,2024,22.0,33.35300221144616,-0.4011951995443388
New Hampshire,2024-11-23,2024-12-21,3,2024,24.0,46.13854748331447,-0.6342152593376196
New Hampshire,2024-11-30,2024-12-28,4,2024,53.0,50.701268408979175,0.04350173132803725
New Hampshire,2024-12-07,2025-01-04,5,2024,108.0,41.306580803187515,0.9464052337339353
New Hampshire,2024-12-14,2025-01-11,6,2024,90.0,35.219263855960314,0.9212683785099691
New Hampshire,2024-12-21,2025-01-18,7,2024,86.0,30.95378461134709,1.001617490656916
New Hampshire,2024-12-28,2025-01-25,8,2024,144.0,52.13802571385651,1.003840955322239
New Hampshire,2025-01-04,2025-02-01,9,2024,174.0,63.769516369674925,0.9939509076444013
New Hampshire,2025-01-11,2025-02-08,10,2024,203.0,44.215111323655975,1.506688641559128
New Hampshire,2025-01-18,2025-02-15,11,2024,205.0,40.27364179077293,1.6076520858658707
New Hampshire,2025-01-25,2025-02-22,12,2024,212.0,45.8912105780677,1.5134619155373188
New Hampshire,2025-02-01,2025-03-01,13,2024,190.0,58.88381588429201,1.159867145003008
New Hampshire,2025-02-08,2025-03-08,14,2024,145.0,66.93276412663319,0.7650881685243007
New Hampshire,2025-02-15,2025-03-15,15,2024,79.0,67.88010112726352,0.14965930638963698
New Hampshire,2025-02-22,2025-03-22,16,2024,53.0,66.58804351144438,-0.22444704970862084
New Hampshire,2025-03-01,2025-03-29,17,2024,34.0,72.09835669266742,-0.7364578247491669
New Hampshire,2025-03-08,2025-04-05,18,2024,17.0,85.87262197603596,-1.5740711726764305
New Hampshire,2025-03-15,2025-04-12,19,2024,22.0,48.352193573343015,-0.7634879982703624
New Hampshire,2025-03-22,2025-04-19,20,2024,22.0,26.760442744881125,-0.18811786860536506
New Hampshire,2025-03-29,2025-04-26,21,2024,9.0,11.477341203402062,-0.2213292026508178
New Hampshire,2025-04-05,2025-05-03,22,2024,6.0,3.9686394789924826,0.34276409310383116
New Hampshire,2025-04-12,2025-05-10,23,2024,8.0,4.4,0.5108256237659907
New Hampshire,2025-04-19,2025-05-17,24,2024,3.0,6.241311719941738,-0.5935080056547353
New Hampshire,2025-04-26,2025-05-24,25,2024,1.0,3.013246497383216,-0.6964533335538926
New Hampshire,2025-11-01,2025-11-29,0,2025,8.0,2.9102867805443036,0.8336138606208379
New Mexico,2024-11-02,2024-11-30,0,2024,55.0,11.469257046986069,1.502085512049387
New Mexico,2024-11-09,2024-12-07,1,2024,103.0,35.06510560355329,1.0590651050449162
New Mexico,2024-11-16,2024-12-14,2,2024,108.0,116.02732973608146,-0.0710596127791785
New Mexico,2024-11-23,2024-12-21,3,2024,207.0,73.97840477786075,1.0203379439218114
New Mexico,2024-11-30,2024-12-28,4,2024,234.0,121.31351030364198,0.6529980090024212
New Mexico,2024-12-07,2025-01-04,5,2024,320.00000000000006,104.2237414794667,1.1153521688255745
New Mexico,2024-12-14,2025-01-11,6,2024,252.0,74.66622471917384,1.2070576006470484
New Mexico,2024-12-21,2025-01-18,7,2024,251.0,76.09565849806101,1.1843821185397863
New Mexico,2024-12-28,2025-01-25,8,2024,196.0,52.10578284847517,1.3109179015520942
New Mexico,2025-01-04,2025-02-01,9,2024,214.0,85.62668538771764,0.9090301146715944
New Mexico,2025-01-11,2025-02-08,10,2024,215.0,65.03220269999588,1.185135864954943
New Mexico,2025-01-18,2025-02-15,11,2024,248.0,82.29085929347518,1.0951140856841937
New Mexico,2025-01-25,2025-02-22,12,2024,248.0,61.14092066931022,1.3880481765601544
New Mexico,2025-02-01,2025-03-01,13,2024,184.0,69.55257159844228,0.963997696721739
New Mexico,2025-02-08,2025-03-08,14,2024,178.0,74.5560490453908,0.8625110535450382
New Mexico,2025-02-15,2025-03-15,15,2024,146.0,116.73164133731314,0.2220247782474356
New Mexico,2025-02-22,2025-03-22,16,2024,110.0,149.30169218779892,-0.30311435411773946
New Mexico,2025-03-01,2025-03-29,17,2024,90.0,110.4359581294461,-0.2025905528196148
New Mexico,2025-03-08,2025-04-05,18,2024,58.0,125.65312686815389,-0.7639146212869692
New Mexico,2025-03-15,2025-04-12,19,2024,37.0,93.37503926492276,-0.9096904638948784
New Mexico,2025-03-22,2025-04-19,20,2024,31.0,91.10202674359934,-1.057161046121681
New Mexico,2025-03-29,2025-04-26,21,2024,42.0,75.8852888785073,-0.5811144405474837
New Mexico,2025-04-05,2025-05-03,22,2024,32.0,47.00568734370176,-0.37481192874958014
New Mexico,2025-04-12,2025-05-10,23,2024,25.0,30.59944682220715,-0.19504307679180277
New Mexico,2025-04-19,2025-05-17,24,2024,11.0,17.468366016768694,-0.43115267363201326
New Mexico,2025-04-26,2025-05-24,25,2024,14.0,25.835290878852092,-0.5816676440002397
New Mexico,2025-11-01,2025-11-29,0,2025,36.0,20.04117155581728,0.5644368440142102
Missouri,2024-11-02,2024-11-30,0,2024,41.0,27.74035741803354,0.37936730145256314
Missouri,2024-11-09,2024-12-07,1,2024,54.0,75.2908602455696,-0.32721995879992694
Missouri,2024-11-16,2024-12-14,2,2024,88.0,72.70866556785826,0.18851599850897838
Missouri,2024-11-23,2024-12-21,3,2024,250.0,94.1679362505138,0.9698098581569417
Missouri,2024-11-30,2024-12-28,4,2024,611.0,113.25693253235504,1.6782825759587094
Missouri,2024-12-07,2025-01-04,5,2024,827.0,111.40555808199592,1.9968997690201595
Missouri,2024-12-14,2025-01-11,6,2024,647.0,104.14449705652592,1.8185551297953415
Missouri,2024-12-21,2025-01-18,7,2024,559.0,210.28082491623013,0.9747486113735073
Missouri,2024-12-28,2025-01-25,8,2024,655.0,279.00986337448046,0.8513359600578418
Missouri,2025-01-04,2025-02-01,9,2024,1039.0,480.0406736937257,0.7710241649108944
Missouri,2025-01-11,2025-02-08,10,2024,1332.0,357.0014573608297,1.314650262945988
Missouri,2025-01-18,2025-02-15,11,2024,1424.0,308.78144305648567,1.5260600662671573
Missouri,2025-01-25,2025-02-22,12,2024,1376.0,335.25975987618335,1.4097785425797644
Missouri,2025-02-01,2025-03-01,13,2024,861.0,508.6859832304339,0.5254604537342171
Missouri,2025-02-08,2025-03-08,14,2024,692.0,675.6359968822244,0.0238965416539747
Missouri,2025-02-15,2025-03-15,15,2024,440.0,529.0130324628341,-0.18385672034952094
Missouri,2025-02-22,2025-03-22,16,2024,370.0,613.5482480393184,-0.5046853792469825
Missouri,2025-03-01,2025-03-29,17,2024,189.0,375.1877795362183,-0.6830643602240665
Missouri,2025-03-08,2025-04-05,18,2024,130.0,475.3155451530213,-1.2908832213878405
Missouri,2025-03-15,2025-04-12,19,2024,99.0,436.43390283092117,-1.4757554291523505
Missouri,2025-03-22,2025-04-19,20,2024,100.0,134.36616853334232,-0.29286294929437595
Missouri,2025-03-29,2025-04-26,21,2024,66.0,62.33168447590434,0.05630687082847885
Missouri,2025-04-05,2025-05-03,22,2024,59.0,53.00276639063272,0.10530928751384838
Missouri,2025-04-12,2025-05-10,23,2024,49.0,19.8,0.8770700187208735
Missouri,2025-04-19,2025-05-17,24,2024,53.0,20.693729748247282,0.9119607794661184
Missouri,2025-04-26,2025-05-24,25,2024,42.0,13.200000000000001,1.1079581510863474
Missouri,2025-11-01,2025-11-29,0,2025,41.0,49.46910606225781,-0.18369176965233525
