tree
version=v4
num_class=1
num_tree_per_iteration=1
label_index=0
max_feature_idx=104
objective=regression
feature_names=Alabama_lag_1 Mississippi_lag_1 US_lag_1 Missouri_lag_1 Alabama_lag_2 Mississippi_lag_2 US_lag_2 Missouri_lag_2 Alabama_lag_3 Mississippi_lag_3 US_lag_3 Missouri_lag_3 Alabama_lag_4 Mississippi_lag_4 US_lag_4 Missouri_lag_4 Alabama_lag_5 Mississippi_lag_5 US_lag_5 Missouri_lag_5 Alabama_lag_6 Mississippi_lag_6 US_lag_6 Missouri_lag_6 Alabama_lag_7 Mississippi_lag_7 US_lag_7 Missouri_lag_7 Alabama_lag_8 Mississippi_lag_8 US_lag_8 Missouri_lag_8 Alabama_lag_9 Mississippi_lag_9 US_lag_9 Missouri_lag_9 Alabama_lag_10 Mississippi_lag_10 US_lag_10 Missouri_lag_10 Alabama_lag_11 Mississippi_lag_11 US_lag_11 Missouri_lag_11 Alabama_lag_12 Mississippi_lag_12 US_lag_12 Missouri_lag_12 Alabama_lag_52 Mississippi_lag_52 US_lag_52 Missouri_lag_52 Alabama_roll_mean_2 Alabama_roll_std_2 Alabama_roll_min_2 Alabama_roll_max_2 Alabama_roll_mean_4 Alabama_roll_std_4 Alabama_roll_min_4 Alabama_roll_max_4 Alabama_roll_mean_8 Alabama_roll_std_8 Alabama_roll_min_8 Alabama_roll_max_8 Alabama_roll_mean_12 Alabama_roll_std_12 Alabama_roll_min_12 Alabama_roll_max_12 Alabama_ewm_alpha_0.1 Alabama_ewm_alpha_0.3 Alabama_ewm_alpha_0.5 Alabama_diff_1 Alabama_pct_change_1 Alabama_diff_2 Alabama_pct_change_2 Alabama_diff_4 Alabama_pct_change_4 Alabama_diff_8 Alabama_pct_change_8 Alabama_diff_52 Alabama_pct_change_52 Alabama_momentum_4 Alabama_momentum_8 Alabama_momentum_12 week_sin week_cos quarter_sin quarter_cos month_sin month_cos is_flu_season is_peak_flu Alabama_cumulative_mean Alabama_trend_8w Alabama_trend_12w Mississippi_current US_current Missouri_current Kansas_current West_Virginia_current Pennsylvania_current Maryland_current Indiana_current Florida_current Arkansas_current
feature_infos=[0:6.5998704992128365] [0:6.2878585601617845] [0:10.923849969883181] [0:7.2619270927027513] [0:6.5998704992128365] [0:6.2878585601617845] [0:10.923849969883181] [0:7.2619270927027513] [0:6.5998704992128365] [0:6.2878585601617845] [0:10.923849969883181] [0:7.2619270927027513] [0:6.5998704992128365] [0:6.2878585601617845] [0:10.923849969883181] [0:7.2619270927027513] [0:6.5998704992128365] [0:6.2878585601617845] [0:10.923849969883181] [0:7.2619270927027513] [0:6.5998704992128365] [0:6.2878585601617845] [0:10.923849969883181] [0:7.2619270927027513] [0:6.5998704992128365] [0:6.2878585601617845] [0:10.923849969883181] [0:7.2619270927027513] [0:6.5998704992128365] [0:6.2878585601617845] [0:10.923849969883181] [0:7.2619270927027513] [0:6.5998704992128365] [0:6.2878585601617845] [0:10.923849969883181] [0:7.2619270927027513] [0:6.5998704992128365] [0:6.2878585601617845] [0:10.923849969883181] [0:7.2619270927027513] [0:6.5998704992128365] [0:6.2878585601617845] [0:10.923849969883181] [0:7.2619270927027513] [0:6.5998704992128365] [0:6.2878585601617845] [0:10.923849969883181] [0:7.2619270927027513] [0:6.2245584292753602] [0:5.6903594543240601] [0:10.521560910043119] [0:6.7580945044277305] [0:6.5482191027623724] [0:5.2968012453840556] [0:6.4952655559370083] [0:6.5998704992128365] [0:6.4425401664681985] [0:5.5308998620975132] [0:6.1923624894748723] [0:6.5998704992128365] [2.9646153153900512e-21:6.3898211159788518] [0:5.6167833024656773] [0:6.0707377280024897] [2.3716922523120409e-20:6.5998704992128365] [5.0596101382656877e-19:6.2334298526627796] [0:5.6092701586685862] [0:5.6594822157596214] [6.0715321659188256e-18:6.5998704992128365] [1.6001803836385622:5.916103720362984] [0.066818950274342162:6.4030456007589311] [0.00031016209747257396:6.4863112838051027] [0:5.4806389233419912] [0:38.949773503981461] [0:6.1506027684462792] [0:40.654521596219887] [0:6.3919171133926023] [0:43.10865658734113] [0:6.481577129276431] [0:46.286710417689079] [0:6.517671272912275] [0:45.816706788443341] [0:22.249322123441171] [0:22.595068013848003] [0:24.914434583804052] [0:0.69313995585920651] [0:0.6931425567534768] [0:0.69312377246641454] [0:0.6931425567534768] [0:0.69314457966968368] [0:0.69310556604517093] [0:0.69314718055994529] [0:0.69314718055994529] [2.8332133440562162:4.4074363501992497] none none [0:6.2878585601617845] [0:10.923849969883181] [0:7.2619270927027513] [0:6.253828811575473] [0:6.4630294569206699] [0:8.427706024914702] [0:6.9911768871212097] [0:7.4489161025442003] [0:8.2430194689892495] [0:6.6240652277998935]
tree_sizes=1463 1540 1505 1463 1586 1545 1524 1549 1386 1495 1483 1372 1579 1303 1421 1472 1396 1376 1354 1239 1477 1320 1294 1315 1337 1252 1514 1229 1444 1136 1073 1080 978 1158 878 1070 1553 1260 898 1091 1078 1290 904 700 1037 1263 817 1059 857 701 807 1017 879 786 1391 902 1036 956 816 702 989 1335 641 901 1154 1035 698 836 698 954 884 1148 1383 692 890 716 1092 876 963 816 906 1180 904 1411 1357 727 625 790 910 699 1145 790 1409 1381 836 1354 726 1109 1098 1255 865 912 1320 1320 1202 734 913 1109 935 1373 896 886 1215 1267 1238 986 1073 1269 1099 1126 998 1013 809 981 1124 1221 1273 1225 883 1404 842 984 1016 914 1507 704 1354 1342 885 1463 1016 1002 1016 1108 1425 1162 999 1013 1519 1286 810 834 815 1287 1026 1360 940 1270 1294 1318 1288 1374 904 1129 1122 1038 817 1319 747 982 1193 1003 1220 737 767 1079 705 1172 735 918 1289 837 1404 737 1257 812 1219 634 1210 1227 1272 976 1109 1082 1007 1115 1171 1107 1087 1145 1056 1300 1215 1301 713 1120 1020 1122 1302 1223 1034 1380 1218 1125 1107 1016 839 903 932 1143 1680 999 1183 1305 1135 1331 1128 1148 1009 903 1015 1238 1201 676 1310 1024 812 1280 912 892 1017 995 992 1104 1024 1303 1135 1207 1502 1026 1190 933 1293 721 936 830 1301 692 968 1008 1092 1144 1206 1325 1098 1143 1036 1011 952 1116 953 1299 1006 738 620 1248 1110 1214 956 692 637 1201 857 1224 823 1325 1185 989 639 1238 648 1092 928 981 1130 741 1158 1235 1082 1289 1386 1130 1494 736 717 840 1127 1334 1032 1126 1066 634 1257 1295 1325 1368 1108 737 854 1028 1047 731 909 1212 1022 1055 1105 1091 1115 1526 636 1104 1326 1126 1032 995 1025 1345 1321 929 982 1262 1092 928 640 1337 921 1034 946 1022 1464 1112 1006 915 997 1235 887 1120 1528 925 930 931 1051 922 978 972 1291 1131 931 951 741 1339 1092 823 1005 847 1017 1228 949 1378 1126 902 1215 1324 1013 1292 939 965 1220 1287 845 1018 1268 655 1372 1060 1039 903 1592 1141 1030 1446 1055 1293 1261 1018 1281 915 1128 921 1343 1020 1315 654 918 815 743 729 847 1026 1619 1099 1434 1293 1279 1238 1121 657 1230 734 972 726 1025 931 1025 1014 1253 626 1312 1238 1450 1439 1181 1353 1203 1342 1009 1071 747 1021 643 954 1014 1133 1317 848 1315 1023 868 1114 944 1214 1117 718 1262 1056 921 1389 1219 1029 1270 1148 1220 1211 1155 1330 726 642 1123 1028 1136 1046 908 1053 1353 762 922 924 907 645 1045 1145 1148 1350 1049 1162 1109 1409 745 1047 1133 1150 1214 1277 1076 1105 1221 631 954 730 1231 656 1234 808 643 1248 1017 1151 942 747 747 1046 1183 735 1207 1066 1054 1058 1362 628 1329 1442 957 837 927 1224 1082 1045 947 747 625 932 1116 1159 1369 949 749 1077 704 1112 1031 1233 1269 939 1236 1235 1143 1251 955 1230 657 850 750 1361 1111 1246 1053 1678 749 1268 1003 1151 1041 1045 1152 1380 1255 762 936 1239 1249 1259 1165 1135 1293 1138 853 658 750 1233 1252 1016 1267 1225 1350 1426 1443 1159 1344 1143 1234 732 643 641 745 1221 1228 932 1163 1542 1038 986 1149 1390 938 1151 958 1145 1317 1266 867 1030 1685 1048 660 891 1516 1071 1240 929 971 732 1307 1410 954 1216 1133 1077 1117 998 1035 1423 1034 1056 1524 1427 1130 1328 763 1204 1055 937 1119 656 1539 1217 941 1345 1365 1318 727 714 1433 1224 1013 1302 1323 836 1434 1323 661 716 1128 1579 716 1056 1262 948 1159 1043 933 660 1237 852 942 747 623 1036 1321 642 1017 1360 1111 746 1122 1035 947 749 941 751 761 837 1030 1111 1034 1002 1143 1449 1039 1139 955 643 1333 1534 1212 625 763 1350 731 1239 1136 1257 936 1089 658 935 1250 942 1168 749 843 1061 837 1386 955 1076 1125 931 1219 1004 1058 1061 641 1109 1071 836 1040 1080 716 763 1153 755 762 1126 1015 642 1121 1018 1125 923 1023 765 948 1353 1547 1034 1317 1034 1158 1225 1254 759 643 1309 658 1221 1074 1264 1052 1155 1139 821 1149 1346 1260 1169 1307 1141 926 679 1471 941 1244 640 1358 745 1045 642 1139 1225 1112 841 750 1169 933 1041 763 1073 745 1027 744 860 1113 1144 1047 998 1255 1345 1080 729 753 1126 1226 1251 639 944 954 656 1028 1324 929 660 640 941 1143 1180 747 929 837 1145 1131 1156 1149 1644 1068 734 1140 1280 644 922 1359 1143 1511 1156 628 951 824 1132 1338 1246 1157 1260 1382 1161 1111 1175 1033 926 1151 742 1302 1071 1026 1184 643 832 1353 1127 745 728 936 872 1641 1448 751 636 1436 1003 1047 963 840 745 810 1020 1612 656 643 1254 1145 1211

Tree=0
num_leaves=16
num_cat=0
split_feature=90 54 77 18 45 97 45 75 6 54 78 95 48 46 61
split_gain=677.226 144.245 110.697 83.9067 38.3299 57.1572 33.128 28.2189 19.7073 18.5535 11.6058 11.5568 6.56585 6.29276 4.32367
threshold=1.0000000180025095e-35 2.3502401828962087 2.249904835165133 4.330646767694998 3.8393944990995772 3.4175922930736511 4.1971736807086968 3.6505739029280164 5.6039197429949557 3.6242520361853052 1.3091188509164347 3.9019216517693867 3.7494348669884658 6.5560373146472513 2.2388552375479116
decision_type=2 2 2 2 2 2 2 2 2 2 2 2 2 2 2
left_child=1 3 6 10 14 -6 11 13 -5 -8 -1 -2 -9 -4 -3
right_child=2 4 7 8 5 -7 9 12 -10 -11 -12 -13 -14 -15 -16
leaf_value=2.8499095545962172 3.0074183139923676 2.9537146069962663 3.0670436612005996 2.8064573013869971 2.6685247461750818 2.9308228770468792 2.8405192587032633 3.1234645931675749 2.7183336195130572 2.9940118768425643 2.9842728892832295 3.0987780299373515 3.2005394198395383 3.116967872736677 3.0037643910558876
leaf_weight=10.000000000000002 60 45 50 36 11.999999999999998 27 18 14.999999999999998 86 13.999999999999998 18 18 42 51 28
leaf_count=10 60 45 50 36 12 27 18 15 86 14 18 18 42 51 28
internal_value=2.95861 2.84428 3.07038 2.78017 2.93015 2.85012 2.99335 3.124 2.74434 2.90767 2.93629 3.0285 3.18026 3.09225 2.97291
internal_weight=0 262 268 150 112 39 110 158 122 32 28 78 57 101 73
internal_count=530 262 268 150 112 39 110 158 122 32 28 78 57 101 73
is_linear=0
shrinkage=1


Tree=1
num_leaves=16
num_cat=0
split_feature=90 54 77 18 45 97 45 75 80 100 95 78 39 54 0
split_gain=548.553 116.839 89.6642 67.9644 31.1943 39.3709 26.8336 22.8573 18.6199 15.5091 9.42052 9.40072 6.09865 5.52676 3.44777
threshold=1.0000000180025095e-35 2.3502401828962087 2.249904835165133 4.330646767694998 3.9415346756528771 3.4175922930736511 4.1971736807086968 3.6505739029280164 3.5249528355434081 5.1845532917320201 3.795426061844291 1.3091188509164347 2.8617925509761908 3.2769667020129059 3.8393944990995772
decision_type=2 2 2 2 2 2 2 2 2 2 2 2 2 2 2
left_child=1 3 6 11 14 -6 10 13 -5 -8 -2 -1 -9 -4 -3
right_child=2 4 7 8 5 -7 9 12 -10 -11 -12 -13 -14 -15 -16
leaf_value=-0.097829928509891001 0.042495105678922146 0.0017946271670620834 0.078379058962066983 -0.20633663238632846 -0.26055113619024101 -0.032086015477155644 -0.13000690982891963 0.23783817191918694 -0.079722219067983907 0.011742025605206818 0.12208458013832568 0.023097069815008177 0.17158727537501942 0.13333884539542259 0.064741906821727757
leaf_weight=10.000000000000002 58 67 24 109 10.999999999999998 24 12.999999999999998 24 12.999999999999998 19 20 18 33 77 9.9999999999999982
leaf_count=10 58 67 24 109 11 24 13 24 13 19 20 18 33 77 10
internal_value=0 -0.102894 0.10059 -0.160598 -0.0256113 -0.103889 0.0312674 0.148852 -0.192845 -0.0458435 0.0629027 -0.0200911 0.199482 0.120279 0.0099696
internal_weight=0 262 268 150 112 35 110 158 122 32 78 28 57 101 77
internal_count=530 262 268 150 112 35 110 158 122 32 78 28 57 101 77
is_linear=0
shrinkage=0.1


Tree=2
num_leaves=16
num_cat=0
split_feature=90 55 77 45 45 103 54 75 68 80 45 55 46 45 57
split_gain=444.328 95.3174 72.8647 48.2026 42.4442 40.0893 24.9759 21.1461 19.9213 18.1643 9.04286 5.6878 4.48252 3.9651 2.50477
threshold=1.0000000180025095e-35 2.740319461670996 1.700598690831078 3.7494348669884658 2.0126758453675753 3.5694334999727624 3.9415346756528771 3.6505739029280164 3.5770101279721138 3.5249528355434081 1.2424533248940006 5.9201063960071858 6.5560373146472513 3.9415346756528771 2.2908672377194046
decision_type=2 2 2 2 2 2 2 2 2 2 2 2 2 2 2
left_child=1 4 6 14 10 -5 8 12 -2 -6 -1 -9 -4 -8 -3
right_child=2 3 7 5 9 -7 13 11 -10 -11 -12 -13 -14 -15 -16
leaf_value=0.013757306903314132 0.040409411643631758 0.0069288418307656141 0.085107450856288014 -0.19743125128746034 -0.19760926203331453 -0.012341699308969757 0.12053942316108279 0.16496326365369432 -0.073899984708236111 -0.066716285981237897 -0.094480624285183459 0.24801731705665589 0.1247661559989578 0.054164253433959357 0.048509141851804764
leaf_weight=12.999999999999998 30 61 57 25 91 22 18 47 31 11.999999999999998 19 9.9999999999999982 57 18 19
leaf_count=13 30 61 57 25 91 22 18 47 31 12 19 10 57 18 19
internal_value=0 -0.0926042 0.0905309 -0.0304171 -0.151106 -0.110794 0.0212995 0.129803 -0.0176822 -0.18236 -0.050509 0.179534 0.104937 0.0873518 0.0168042
internal_weight=0 262 268 127 135 47 97 171 61 103 32 57 114 36 80
internal_count=530 262 268 127 135 47 97 171 61 103 32 57 114 36 80
is_linear=0
shrinkage=0.1


Tree=3
num_leaves=15
num_cat=0
split_feature=90 54 77 25 45 103 6 41 98 52 92 92 87 70
split_gain=359.905 77.9693 60.0438 49.1083 24.1456 20.4561 32.1734 16.0341 11.544 10.2977 9.12132 8.69446 7.33586 4.32878
threshold=1.0000000180025095e-35 2.3502401828962087 3.2769667020129059 2.8102520310824275e-16 4.1971736807086968 2.7058230259275207 7.5248248734532437 2.1383330595080285 4.0342014792848504 5.73976060170921 3.856000048246258 3.9976525179714257 0.4079280669968775 4.0213254111228514
decision_type=2 2 2 2 2 2 2 2 2 2 2 2 2 2
left_child=1 3 4 11 12 6 -3 -5 -6 10 -4 -1 -2 -7
right_child=2 5 9 7 8 13 -8 -9 -10 -11 -12 -13 -14 -15
leaf_value=0.013550826297564942 0.079293332623972285 0.042224986580285145 0.19256339844535381 -0.093281843816792526 -0.087315247293659734 -0.0047919180028007501 -0.1748524817172438 -0.18114603605224855 0.032357473245688849 0.23120165348052979 0.11289993724435249 -0.095334791713817563 0.026562242700985245 0.05804304205454313
leaf_weight=22 74 11.000000000000002 17 27 19 70 18 90 13.999999999999998 9.9999999999999982 93 10.999999999999998 41 12.999999999999998
leaf_count=22 74 11 17 27 19 70 18 90 14 10 93 11 41 13
internal_value=0 -0.0833437 0.0814778 -0.130482 0.0388566 -0.020212 -0.0925128 -0.16087 -0.036545 0.134044 0.125212 -0.0227444 0.0604936 0.0050497
internal_weight=0 262 268 150 148 112 29 117 33 120 110 33 115 83
internal_count=530 262 268 150 148 112 29 117 33 120 110 33 115 83
is_linear=0
shrinkage=0.1


Tree=4
num_leaves=16
num_cat=0
split_feature=90 55 75 45 97 14 54 45 80 52 83 96 61 99 68
split_gain=291.523 63.5199 49.9865 33.0023 30.226 29.9366 18.0646 15.1415 14.6144 13.6839 8.286 7.56693 4.38483 4.2841 1.9695
threshold=1.0000000180025095e-35 2.740319461670996 1.6094379124341009 3.7494348669884658 3.4175922930736511 4.5217294998350539 4.5900436644025815 3.4498615536424366 3.5249528355434081 3.8554386563753273 3.8405317463198259 4.5217294998350539 4.7469453054568245 1.7005986908310777 2.9251019346482314
decision_type=2 2 2 2 2 2 2 2 2 2 2 2 2 2 2
left_child=1 5 6 14 -5 11 7 -2 -7 13 -11 -1 -8 -4 -3
right_child=2 3 9 4 -6 8 12 -9 -10 10 -12 -13 -14 -15 -16
leaf_value=-0.082696911266871842 0.041417359460697134 0.048896455365632266 0.11320460792630911 -0.1925403801776055 -0.027570732939859916 -0.16059957604379732 0.062231790915959401 -0.038639432222892844 -0.047477492862022845 0.12466573238372802 0.21074471794641936 0.021273730455764705 0.13844832640427809 0.049830011234735141 0.0076024920961847813
leaf_weight=14.000000000000002 54 13.999999999999998 15.999999999999998 18 29 94 18.000000000000004 42 12.999999999999998 80 12.999999999999998 13.999999999999998 12.999999999999998 32 66
leaf_count=14 54 14 16 18 29 94 18 42 13 80 13 14 13 32 66
internal_value=0 -0.0750094 0.0733301 -0.0242438 -0.0907506 -0.122767 0.0278243 0.00639251 -0.146856 0.114318 0.136698 -0.0307116 0.0941936 0.0709549 0.0148289
internal_weight=0 262 268 127 47 135 127 96 107 141 93 28 31 48 80
internal_count=530 262 268 127 47 135 127 96 107 141 93 28 31 48 80
is_linear=0
shrinkage=0.1


Tree=5
num_leaves=16
num_cat=0
split_feature=90 54 77 25 54 103 6 73 41 68 47 9 39 70 95
split_gain=236.134 51.9656 41.2487 33.1794 16.2872 13.8257 21.5992 13.0054 12.58 11.2828 7.13801 4.7313 3.74419 3.55616 3.06871
threshold=1.0000000180025095e-35 2.3502401828962087 1.700598690831078 2.8102520310824275e-16 3.9415346756528771 2.7058230259275207 7.5248248734532437 3.3497501700808394 2.1383330595080285 3.5770101279721138 2.7058230259275202 2.602003343538398 1.7917594692280556 4.0213254111228514 4.3241107269113215
decision_type=2 2 2 2 2 2 2 2 2 2 2 2 2 2 2
left_child=1 3 4 10 9 6 -3 11 -5 -2 -1 -4 -9 -7 -6
right_child=2 5 7 8 14 13 -8 12 -10 -11 -12 -13 -14 -15 -16
leaf_value=0.013232450547587614 0.026146746675173443 0.034989839826117856 0.049377594600714239 -0.071102525114461232 0.049140612336878595 -0.0041206827679915094 -0.14287313148379327 0.18902888397375744 -0.1489293438527319 -0.059879746720675503 -0.087967805862426765 0.091673048875754948 0.12405662843409707 0.052831303156339209 0.11432481586933137
leaf_weight=23 30 11.000000000000002 38 27 26 70 18 11.999999999999998 90 31 9.9999999999999982 87 34 12.999999999999998 9.9999999999999982
leaf_count=23 30 11 38 27 26 70 18 12 90 31 10 87 34 13 10
internal_value=0 -0.0675084 0.0659971 -0.105992 0.0139076 -0.0159685 -0.0754079 0.0955449 -0.130969 -0.0175716 -0.0174343 0.0788152 0.141006 0.00479951 0.0672473
internal_weight=0 262 268 150 97 112 29 171 117 61 33 125 46 83 36
internal_count=530 262 268 150 97 112 29 171 117 61 33 125 46 83 36
is_linear=0
shrinkage=0.1


Tree=6
num_leaves=16
num_cat=0
split_feature=90 55 75 45 10 97 83 80 47 92 61 68 43 39 42
split_gain=191.269 42.6616 34.9829 22.7611 22.0003 21.1842 14.4599 13.3632 8.9828 7.71079 7.12039 6.73625 5.63639 2.17372 1.75903
threshold=1.0000000180025095e-35 2.740319461670996 2.5249280036247694 3.7494348669884658 5.6039197429949557 3.4175922930736511 0.10317229652741376 3.5249528355434081 2.9174053685313033 3.917948300682744 4.7469453054568245 3.3911257978980403 5.0937313815282925 2.7058230259275202 8.1318150588007718
decision_type=2 2 2 2 2 2 2 2 2 2 2 2 2 2 2
left_child=1 4 6 14 8 -5 12 -6 -1 13 -8 -11 -2 -4 -3
right_child=2 3 9 5 7 -7 10 -9 -10 11 -12 -13 -14 -15 -16
leaf_value=-0.01005036000029317 0.016215592306597453 0.0070658739176852744 0.15295893560957027 -0.15960165038704874 -0.14683405002196356 -0.021493218029881345 0.043953302579048358 -0.028601683612743563 -0.094393182934626285 0.032714175488799811 0.13358178734779358 0.10001608934895745 -0.044208764055600536 0.10022190809249878 0.048593472068508468
leaf_weight=28 38 68 27 18 73 29 78 10.999999999999998 23 20 9.9999999999999982 58 26 10.999999999999998 11.999999999999998
leaf_count=28 38 68 27 18 73 29 78 11 23 20 10 58 26 11 12
internal_value=0 -0.0607576 0.0593973 -0.0191538 -0.099896 -0.0743858 0.0278351 -0.131351 -0.0480873 0.100755 0.0541384 0.0827592 -0.0083318 0.137693 0.013295
internal_weight=0 262 268 127 135 47 152 84 51 116 88 78 64 38 80
internal_count=530 262 268 127 135 47 152 84 51 116 88 78 64 38 80
is_linear=0
shrinkage=0.1


Tree=7
num_leaves=15
num_cat=0
split_feature=54 52 26 77 92 5 76 45 80 57 40 89 39 27
split_gain=155.955 50.3304 33.2183 27.268 13.886 13.8252 11.77 11.5734 10.6873 7.12486 4.70845 4.29942 2.87389 1.55986
threshold=2.3502401828962087 3.8659653609742439 8.1028887224174948 1.0000000180025095e-35 3.8848114593203946 2.6735537653587347 0.86138329887055176 2.1383330595080285 3.5249528355434081 4.5141530559053269 1.8688348091416842 0.36412355919349298 2.8617925509761908 0.34657359027997314
decision_type=2 2 2 2 2 2 2 2 2 2 2 2 2 2
left_child=3 2 4 7 -2 -4 9 10 -9 -3 -1 13 -8 -5
right_child=1 6 5 11 -6 -7 12 8 -10 -11 -12 -13 -14 -15
leaf_value=-0.074152499231460833 0.091413839520620446 0.059042463250338073 -0.14970226436853409 0.03791572503745555 0.012817705525983976 -0.033857405844789287 0.15843516243131536 -0.12776661823084065 -0.023410889777270232 0.14678895473480225 0.010621190369129181 -0.053580010682344442 0.094207466732371944 -0.010455701244063677
leaf_weight=19.000000000000004 28 124 13.999999999999998 15.000000000000002 114 39 19.000000000000004 91 10.999999999999998 9.9999999999999982 9.9999999999999982 12.999999999999998 10.999999999999998 11.999999999999998
leaf_count=19 28 124 14 15 114 39 19 91 11 10 10 13 11 12
internal_value=0 0.037438 0.00310018 -0.0785979 0.0283155 -0.0644579 0.0782665 -0.100664 -0.116513 0.0655907 -0.0449202 -0.00633182 0.134885 0.0164173
internal_weight=0 359 195 171 142 53 164 131 102 134 29 40 30 27
internal_count=530 359 195 171 142 53 164 131 102 134 29 40 30 27
is_linear=0
shrinkage=0.1


Tree=8
num_leaves=14
num_cat=0
split_feature=90 55 75 45 45 21 100 61 43 103 43 0 42
split_gain=128.763 28.2576 24.844 16.3511 14.5122 15.9728 9.28445 8.96624 7.41823 6.76495 5.94181 4.90595 1.40158
threshold=1.0000000180025095e-35 2.740319461670996 1.6094379124341009 1.2424533248940006 3.7494348669884658 3.7726948748059121 3.4175922930736511 4.7469453054568245 5.2094712223428914 6.0461551330957546 2.8617925509761908 3.9607678160667752 8.1318150588007718
decision_type=2 2 2 2 2 2 2 2 2 2 2 2 2
left_child=1 3 7 -1 12 -6 -5 8 -2 11 -11 -4 -3
right_child=2 4 9 6 5 -7 -8 -9 -10 10 -12 -13 -14
leaf_value=0.02491002898448362 0.020854096956059543 0.0043582652729716809 0.04425099544086547 -0.066368320868128827 -0.10811573932213443 0.010675237376831081 -0.12157119539708405 0.095337455318524292 -0.041717270420243341 0.16139365397393701 0.072187283635139474 0.086340254262603569 0.041427049723764264
leaf_weight=12.999999999999998 90 68 53 63 28 19 59 12.999999999999998 24 16.000000000000004 13.999999999999998 58 11.999999999999998
leaf_count=13 90 68 53 63 28 19 59 13 24 16 14 58 12
internal_value=0 -0.0498511 0.0487351 -0.0817043 -0.0159915 -0.0600939 -0.0930648 0.0166539 0.00768118 0.0776309 0.119764 0.0662436 0.00991858
internal_weight=0 262 268 135 127 47 122 127 114 141 30 111 80
internal_count=530 262 268 135 127 47 122 127 114 141 30 111 80
is_linear=0
shrinkage=0.1


Tree=9
num_leaves=15
num_cat=0
split_feature=77 58 54 1 45 80 103 92 76 84 27 37 48 48
split_gain=104.725 40.6873 15.1959 14.5065 10.6154 9.0868 8.24045 6.67232 5.87614 5.75151 5.47221 3.23255 2.87979 2.68671
threshold=1.0986122886681102 2.3502401828962087 3.4498615536424366 2.6735537653587347 2.249904835165133 3.5249528355434081 3.1132683346437333 4.2344969400280812 0.86138329887055176 0.014937124204694651 1.700598690831078 2.740319461670996 3.9019216517693867 3.7494348669884658
decision_type=2 2 2 2 2 2 2 2 2 2 2 2 2 2
left_child=1 4 9 6 10 -6 -3 -5 13 11 -1 -2 -10 -4
right_child=2 3 8 7 5 -7 -8 -9 12 -11 -12 -13 -14 -15
leaf_value=-0.0011123086609270262 0.021542313232721304 -0.12929456730683642 0.03114298564195633 0.021778536404349975 -0.10370107288769587 -0.011294292720655602 -0.019670988409779967 -0.054168888926506044 0.062543316129595045 -0.041971535421907902 -0.071717086576280148 0.077547727680454648 0.12641584811111292 0.068873695528449172
leaf_weight=23 73 12.000000000000002 25 105 94 11.999999999999998 15.999999999999998 12.999999999999998 9.9999999999999982 12.999999999999998 21 11.999999999999998 24 77
leaf_count=23 73 12 25 105 94 12 16 13 10 13 21 12 24 77
internal_value=0 -0.039523 0.0499948 -0.00194329 -0.0761005 -0.0932399 -0.0666525 0.0134114 0.0716269 0.0199748 -0.03481 0.029449 0.10763 0.059626
internal_weight=0 296 234 146 150 106 28 118 136 98 44 85 34 102
internal_count=530 296 234 146 150 106 28 118 136 98 44 85 34 102
is_linear=0
shrinkage=0.1


Tree=10
num_leaves=15
num_cat=0
split_feature=90 54 75 47 84 103 61 40 103 6 9 76 54 29
split_gain=87.5248 18.646 16.3746 14.2844 7.93602 7.03091 6.6337 5.412 4.79767 8.51009 4.75621 4.1903 1.76346 0.91969
threshold=1.0000000180025095e-35 2.3502401828962087 1.6094379124341009 2.9174053685313033 0.65088152619570228 1.3540251005511053 4.7469453054568245 4.6490840411708527 2.7058230259275207 7.5248248734532437 2.740319461670996 0.82783055088243962 3.891612008168019 2.249904835165133
decision_type=2 2 2 2 2 2 2 2 2 2 2 2 2 2
left_child=1 3 6 5 -5 -1 7 -2 9 -3 13 -12 -10 -4
right_child=2 8 10 4 -6 -7 -8 -9 12 -11 11 -13 -14 -15
leaf_value=0.015654872685532877 0.018849646718089665 0.02405439981005408 0.023471594049974724 -0.092458991283915715 0.0011047170124948026 -0.068001326010562482 0.081814504701357635 -0.031768150833834496 -0.003388149241521342 -0.087589125666353448 0.060009833847853682 0.1023110284159581 0.041389415562152865 0.057774760303172204
leaf_weight=27 86 11.000000000000002 27 97 9.9999999999999982 15.999999999999998 12.999999999999998 28 73 18 67 36 9.9999999999999982 10.999999999999998
leaf_count=27 86 11 27 97 10 16 13 28 73 18 67 36 10 11
internal_value=0 -0.0411002 0.0401801 -0.0641521 -0.0837147 -0.015473 0.014135 0.00641721 -0.0102272 -0.0452416 0.0636391 0.0747947 0.00200674 0.0334015
internal_weight=0 262 268 150 107 43 127 114 112 29 141 103 83 38
internal_count=530 262 268 150 107 43 127 114 112 29 141 103 83 38
is_linear=0
shrinkage=0.1


Tree=11
num_leaves=14
num_cat=0
split_feature=90 77 97 77 92 52 92 52 67 92 87 87 31
split_gain=70.8951 16.0059 13.9356 13.7449 11.1366 6.46748 5.3468 4.94656 4.79081 3.40769 2.26044 1.48581 1.43981
threshold=1.0000000180025095e-35 1.0986122886681102 2.4414009612931857 1.700598690831078 4.0039739178512717 3.8763824044256645 3.8881730873040423 5.73976060170921 3.5114340430413216 3.8523632917388531 0.43903029175761082 0.4526960735680135 1.2424533248940006
decision_type=2 2 2 2 2 2 2 2 2 2 2 2 2
left_child=1 2 4 5 -1 8 -4 9 -2 -5 -7 12 -3
right_child=3 11 6 7 -6 10 -8 -9 -10 -11 -12 -13 -14
leaf_value=-0.047535610410576579 0.032974081337451937 0.01655117173425176 -0.086342779208313347 0.083739179900536934 -0.11124379199160182 0.050642115895946818 -0.01204052826412666 0.12146293878555299 -0.032863143121912367 0.042890608869970995 -0.0042570624127984047 0.035086783920140828 -0.022196873677346639
leaf_weight=68 14.999999999999998 22 10.999999999999998 24 46 30 81 9.9999999999999982 42 137 9.9999999999999982 17 17
leaf_count=68 15 22 11 24 46 30 81 10 42 137 10 17 17
internal_value=0 -0.0369902 -0.0498771 0.0361621 -0.0732424 0.00609332 -0.0209245 0.0532186 -0.0155376 0.0489798 0.0369173 0.0104153 -0.000339002
internal_weight=0 262 206 268 114 97 92 171 57 161 40 56 39
internal_count=530 262 206 268 114 97 92 171 57 161 40 56 39
is_linear=0
shrinkage=0.1


Tree=12
num_leaves=16
num_cat=0
split_feature=55 47 80 3 45 67 61 26 48 100 61 100 27 77 64
split_gain=58.8476 27.1878 14.4791 11.8991 7.55445 6.33374 5.21983 5.06441 4.76993 4.64423 4.21397 3.58804 2.61587 2.80481 1.0007
threshold=3.7256208424938388 2.9174053685313033 2.8429425869645697 2.524928003624769 3.4498615536424366 2.4414009612931857 1.7839543279999648 5.7667560492893086 3.7012257604091228 3.637239779386936 2.7675587879272876 4.3882378946731615 4.9126278521332782 1.8688348091416844 5.3272200124283691
decision_type=2 2 2 2 2 2 2 2 2 2 2 2 2 2 2
left_child=1 5 3 -3 8 7 -7 -1 11 -4 -10 -2 13 -6 -14
right_child=4 2 9 -5 12 6 -8 -9 10 -11 -12 -13 14 -15 -16
leaf_value=0.00023816874600015583 0.073875732844074574 -0.095091861283237294 0.064171460419893273 -0.039695571370403027 -0.050562143940478546 0.07505780721548945 0.012422909756202865 -0.07932631522417069 0.041029926225768801 -0.014858225566045991 0.085790493621908381 0.0085191802853452313 0.021121359958002964 0.016949438280425968 0.054337925062729768
leaf_weight=24 11.999999999999998 66 9.9999999999999982 94 10.000000000000002 15.999999999999998 79 11.999999999999998 33 29 58 28 30 15.999999999999998 12.999999999999998
leaf_count=24 12 66 10 94 10 16 79 12 33 29 58 28 30 16 13
internal_value=0 -0.0259409 -0.0492292 -0.0625465 0.0428024 0.00943615 0.0229719 -0.0262833 0.0569075 0.0054058 0.0695586 0.0281261 0.0160232 -0.00901655 0.0311636
internal_weight=0 330 199 160 200 131 95 36 131 39 91 40 69 26 43
internal_count=530 330 199 160 200 131 95 36 131 39 91 40 69 26 43
is_linear=0
shrinkage=0.1


Tree=13
num_leaves=13
num_cat=0
split_feature=95 77 54 80 23 18 56 24 92 27 50 78
split_gain=48.1875 17.5393 11.9782 10.899 8.2473 6.79723 5.62955 5.37282 3.13507 2.49297 2.15629 0.806716
threshold=2.740319461670996 1.0000000180025095e-35 3.4498615536424366 5.4358328439971482 4.6774800307930642 6.9804734028789186 5.8361427050634189 4.0689902272260703 3.8389397950585522 0.34657359027997314 5.6039197429949557 41.184341335554187
decision_type=2 2 2 2 2 2 2 2 2 2 2 2
left_child=1 3 4 5 8 -1 7 -4 -2 11 -11 -3
right_child=2 9 6 -5 -6 -7 -8 -9 -10 10 -12 -13
leaf_value=-0.037039489864291182 0.064273811206221582 0.034767547172183798 0.054434272871524296 0.040045975893735888 -0.066714654117458846 -0.079496130118003272 0.11505595684051513 0.020037695739904004 0.0044688544236123565 -0.052508002249524004 0.0018511478478709859 0.0062952790409326557
leaf_weight=73 9.9999999999999982 24 95 11.999999999999998 15.999999999999998 78 9.9999999999999982 87 71 9.9999999999999982 27 17
leaf_count=73 10 24 95 12 16 78 10 87 71 10 27 17
internal_value=0 -0.0330194 0.0275353 -0.0516812 -0.0011073 -0.0589707 0.0420057 0.037992 0.0118522 0.00597874 -0.0128405 0.022962
internal_weight=0 241 289 163 97 151 192 182 81 78 37 41
internal_count=530 241 289 163 97 151 192 182 81 78 37 41
is_linear=0
shrinkage=0.1


Tree=14
num_leaves=14
num_cat=0
split_feature=54 52 84 42 84 80 5 103 50 92 56 68 92
split_gain=39.5332 13.6572 10.7277 8.81091 6.53296 6.67432 5.64565 5.51792 5.50178 5.35301 4.28503 5.03424 3.45978
threshold=2.3502401828962087 3.8659653609742439 0.014937124204694651 7.6218971959182094 0.65088152619570228 3.5249528355434081 2.6735537653587347 4.250072516143178e-17 4.996846910211139 3.8848114593203946 5.8361427050634189 4.2321181817396996 3.9841946793181782
decision_type=2 2 2 2 2 2 2 2 2 2 2 2 2
left_child=3 2 9 7 5 -5 -4 12 -9 -2 11 -3 -1
right_child=1 10 6 4 -6 -7 -8 8 -10 -11 -12 -13 -14
leaf_value=0.045278413717945415 0.058094869810156526 0.05802273168528993 -0.08551383540034295 -0.086354592101528294 0.0098287973722273672 -0.0075472580555539862 -0.015308834022531907 -0.08999825088041169 -0.017160856500267982 0.0080292141556532852 0.10355035960674286 0.021155763428491219 -0.022422919307763762
leaf_weight=18.000000000000004 28 62 13.999999999999998 62 10.999999999999998 12.999999999999998 63 13.999999999999998 40 90 9.9999999999999982 92 12.999999999999998
leaf_count=18 28 62 14 62 11 13 63 14 40 90 10 92 13
internal_value=0 0.0188492 0.000962233 -0.0395724 -0.0621393 -0.0726947 -0.0280734 -0.01674 -0.0360446 0.0199092 0.0401173 0.0359983 0.0168875
internal_weight=0 359 195 171 86 75 77 85 54 118 164 154 31
internal_count=530 359 195 171 86 75 77 85 54 118 164 154 31
is_linear=0
shrinkage=0.1


Tree=15
num_leaves=15
num_cat=0
split_feature=95 77 80 41 54 86 81 66 79 37 27 50 64 78
split_gain=32.6447 11.9401 8.51825 7.86748 5.69576 5.61946 3.95168 4.53294 3.086 2.43122 2.09621 2.66142 1.26882 0.845477
threshold=2.8029010331479989 1.0000000180025095e-35 5.4358328439971482 3.4498615536424366 3.5114340430413216 0.38776133688177938 0.8278305505531155 2.6735537653587347 2.4414009612931862 2.1383330595080285 0.34657359027997314 5.5702057285008761 5.3272200124283691 41.184341335554187
decision_type=2 2 2 2 2 2 2 2 2 2 2 2 2 2
left_child=1 2 5 6 8 -1 7 -2 -5 -8 13 -12 -6 -3
right_child=3 10 -4 4 12 -7 9 -9 -10 -11 11 -13 -14 -15
leaf_value=-0.064036861053862415 0.01050027610183182 0.03239501659944654 0.033380712083141716 -0.064473435789113867 0.010477399497970262 -0.025364334492041965 0.037613815497818663 0.048006773178102612 -0.0023647035093745218 0.083636756986379623 -0.055949717611074451 0.0033794114555818059 0.043288577536586673 0.003489475149442168
leaf_weight=91 71 25 13.999999999999998 15.999999999999998 55 64 22 59 15.999999999999998 24 9.9999999999999982 31 14.999999999999998 17
leaf_count=91 71 25 14 16 55 64 22 59 16 24 10 31 15 17
internal_value=0 -0.026067 -0.0413215 0.0236291 0.00153113 -0.0480689 0.0364358 0.0275225 -0.0334191 0.0616258 0.00499351 -0.0110911 0.0175084 0.0206952
internal_weight=0 252 169 278 102 155 176 130 32 46 83 41 70 42
internal_count=530 252 169 278 102 155 176 130 32 46 83 41 70 42
is_linear=0
shrinkage=0.1


Tree=16
num_leaves=14
num_cat=0
split_feature=54 41 56 45 84 100 95 88 92 103 100 13 35
split_gain=26.7327 10.707 7.19263 6.45789 6.02963 9.00921 5.59501 4.04553 3.38678 2.63908 2.17972 1.17394 1.02824
threshold=1.8688348091416842 3.7012257604091228 3.9169981708547303 2.1383330595080285 0.63244183097600482 3.6885668564169776 3.5972184255501678 0.40297250541915836 3.8848114593203946 6.9687720514744784 3.795426061844291 1.0000000180025095e-35 5.1647696471263407
decision_type=2 2 2 2 2 2 2 2 2 2 2 2 2
left_child=3 6 7 10 5 -5 8 -3 -2 -8 11 -1 -4
right_child=1 2 12 4 -6 -7 9 -9 -10 -11 -12 -13 -14
leaf_value=0.0075820429107317554 0.044906853586767936 -0.021883485572853766 -0.0012939723324961962 -0.028893898248982926 0.016739401933349048 -0.091918384751608212 0.037150160858679254 -0.083215664364397535 0.006918251276626413 0.09113148093223572 0.03669582694768906 -0.030321018965068187 0.027409871531507146
leaf_weight=12.999999999999998 28 38 24 48 11.999999999999998 43 96 14.999999999999998 145 9.9999999999999982 9.9999999999999982 22 26
leaf_count=13 28 38 24 48 12 43 96 15 145 10 10 22 26
internal_value=0 0.0139792 -0.0135748 -0.0360815 -0.0498886 -0.0586747 0.0241515 -0.0392416 0.0130667 0.0422427 -0.00447861 -0.0162427 0.013632
internal_weight=0 382 103 148 103 91 279 53 173 106 45 35 50
internal_count=530 382 103 148 103 91 279 53 173 106 45 35 50
is_linear=0
shrinkage=0.1


Tree=17
num_leaves=14
num_cat=0
split_feature=95 75 41 80 42 66 81 66 88 45 45 42 88
split_gain=22.1686 8.46028 5.41161 5.07257 6.16579 3.65486 2.89883 3.24546 2.6402 2.08427 1.02614 0.771558 0.675629
threshold=2.8029010331479989 1.0986122886681107 3.4498615536424366 5.4358328439971482 7.6218971959182094 3.5114340430413216 0.8278305505531155 2.6735537653587347 0.40297250541915836 2.249904835165133 3.4498615536424366 1.0000000180025095e-35 0.41772296771466128
decision_type=2 2 2 2 2 2 2 2 2 2 2 2 2
left_child=1 3 6 4 -1 8 7 -2 -4 -8 -7 -3 -13
right_child=2 11 5 -5 -6 10 9 -9 -10 -11 -12 12 -14
leaf_value=-0.016220469936394158 0.0080558580989149257 0.031670182632903263 -0.0054376816935837275 0.030240902180473012 -0.054252325636433799 0.044892877712845808 0.032159081696998326 0.039792043955649364 -0.062501182345052572 0.074893379353341602 0.010068815182894469 0.011288097554719762 -0.012230963052974808
leaf_weight=78 71 11.999999999999998 25 11.999999999999998 94 9.9999999999999982 25 59 11.999999999999998 21 55 38 18
leaf_count=78 71 12 25 12 94 10 25 59 12 21 55 38 18
internal_value=0 -0.0214809 0.0194719 -0.0326197 -0.0370053 0.00114468 0.0300934 0.0224592 -0.0239448 0.0516682 0.0154264 0.0086593 0.0037284
internal_weight=0 252 278 184 172 102 176 130 37 46 65 68 56
internal_count=530 252 278 184 172 102 176 130 37 46 65 68 56
is_linear=0
shrinkage=0.1


Tree=18
num_leaves=14
num_cat=0
split_feature=58 92 52 26 50 36 92 37 62 48 101 49 2
split_gain=18.4874 6.51842 6.34803 6.32242 6.20053 9.17416 4.41246 4.31795 3.48736 2.59123 1.73206 1.63686 0.62128
threshold=2.3502401828962087 3.8848114593203946 3.8659653609742439 5.6869696108313716 1.0000000180025095e-35 3.4175922930736511 4.0039739178512717 2.524928003624769 2.740319461670996 3.5694334999727624 2.4414009612931857 3.6505739029280164 5.4227230155794315
decision_type=2 2 2 2 2 2 2 2 2 2 2 2 2
left_child=3 7 8 10 5 -5 -6 11 -3 -4 12 -2 -1
right_child=1 2 9 4 6 -7 -8 -9 -10 -11 -12 -13 -14
leaf_value=-0.018708351179070416 0.010099023021757603 0.0075498707046539621 0.0043672151823082699 -0.041541271566830837 -0.035828854870051149 0.050979357212781906 -0.083005520605271874 0.10806535243988039 -0.023203133171773516 0.033184735232138454 0.039999289438128471 0.05466242406298133 0.0037179988273419438
leaf_weight=21 15.999999999999998 87 46 29 55 17 31 9.9999999999999982 64 97 9.9999999999999982 17 30
leaf_count=21 16 87 46 29 55 17 31 10 64 97 10 17 30
internal_value=0 0.014134 0.00881513 -0.0246795 -0.0369834 -0.00734887 -0.0528344 0.0505 -0.00548452 0.0239148 0.0019452 0.0330559 -0.00551638
internal_weight=0 337 294 193 132 46 86 43 151 143 61 33 51
internal_count=530 337 294 193 132 46 86 43 151 143 61 33 51
is_linear=0
shrinkage=0.1


Tree=19
num_leaves=12
num_cat=0
split_feature=54 71 42 3 70 1 56 60 104 11 49
split_gain=15.2666 8.12347 6.875 4.0071 3.73204 3.26254 2.51656 2.909 1.48003 2.94225 2.89358
threshold=3.4498615536424366 3.6429192995512961e-17 7.6898260528985487 2.3502401828962087 0.017943753505510068 2.6735537653587347 5.8361427050634189 4.5210070858493827 2.8460307027744499e-18 1.0000000180025095e-35 1.4978661367769959
decision_type=2 2 2 2 2 2 2 2 2 2 2
left_child=1 2 4 -4 -1 -2 7 -7 9 -3 -10
right_child=5 8 3 -5 -6 6 -8 -9 10 -11 -12
leaf_value=-0.059844589078178016 -0.034338392838835718 0.020091618970036501 -0.066614086520340718 -0.026376890868202531 -0.00043610228968553999 0.033790542210550299 0.073088652491569525 0.0087020336153606579 0.044601546222942753 -0.056618865206837656 0.0030501666703227773
leaf_weight=11.999999999999998 9.9999999999999982 10.000000000000002 45 55 89 95 9.9999999999999982 90 21 9.9999999999999982 83
leaf_count=12 10 10 45 55 89 95 10 90 21 10 83
internal_value=0 -0.0134793 -0.0258971 -0.0444836 -0.00749454 0.0213697 0.0242265 0.0215853 0.00664939 -0.0182636 0.0114403
internal_weight=0 325 201 100 101 205 195 185 124 20 104
internal_count=530 325 201 100 101 205 195 185 124 20 104
is_linear=0
shrinkage=0.1


Tree=20
num_leaves=15
num_cat=0
split_feature=54 71 42 80 67 48 45 103 89 49 72 5 59 27
split_gain=12.366 6.58001 5.57407 3.81419 3.19249 2.69291 2.39193 2.07124 1.27837 1.61357 1.18514 1.14734 1.03541 0.980251
threshold=3.4498615536424366 3.6429192995512961e-17 7.699812767097904 5.4358328439971482 2.4414009612931857 3.7012257604091228 3.4498615536424366 4.5798392285869785 0.51477028447734163 1.4978661367769959 0.26691610218109446 4.6959141240107813 4.1190041246092024 4.9126278521332782
decision_type=2 2 2 2 2 2 2 2 2 2 2 2 2 2
left_child=1 2 4 -4 -1 11 7 -7 9 -3 -10 12 -2 -8
right_child=5 8 3 -5 -6 6 13 -9 10 -11 -12 -13 -14 -15
leaf_value=-0.029386734821570989 -0.012427109765509765 0.033895370263606311 -0.047150303991723132 0.015306694401343439 0.0070183471118706086 0.014529499475812092 -0.011915195442270488 0.046824829127650625 -0.030259199428837747 0.0039362897266983056 0.0066795709542930128 -0.020711786225438119 0.017996500792320482 0.020316053432938849
leaf_weight=39 14.999999999999998 25 88 10.999999999999998 63 29 15.999999999999998 63 15.999999999999998 64 19 14.999999999999998 44 23
leaf_count=39 15 25 88 11 63 29 16 63 16 64 19 15 44 23
internal_value=0 -0.0121314 -0.0233074 -0.0402106 -0.00690124 0.0192327 0.0278469 0.0366448 0.00598445 0.0123518 -0.0102067 0.00398328 0.0102617 0.00709298
internal_weight=0 325 201 99 102 205 131 92 124 89 35 74 59 39
internal_count=530 325 201 99 102 205 131 92 124 89 35 74 59 39
is_linear=0
shrinkage=0.1


Tree=21
num_leaves=13
num_cat=0
split_feature=54 41 45 100 92 68 18 92 45 68 46 80
split_gain=10.451 4.44091 3.91688 4.27041 5.82356 3.48415 3.33926 2.4743 3.68016 2.86125 2.29814 1.86082
threshold=1.8688348091416842 3.7012257604091228 1.2424533248940006 3.4175922930736511 4.0089990976671759 4.2820400483850056 8.0871791040414465 3.8848114593203946 2.740319461670996 3.3783226091461267 8.8684732016442744 0.85956841484526259
decision_type=2 2 2 2 2 2 2 2 2 2 2 2
left_child=2 7 -1 4 -4 10 -5 8 -2 -9 -3 -7
right_child=1 5 3 6 -6 11 -8 9 -10 -11 -12 -13
leaf_value=0.02588149299224218 0.021986769454642424 -0.075373679805885649 0.00092689633659529891 -0.058838651990708035 -0.0727911128447606 -0.012508621257508085 0.0045706781744956973 -0.0017552360367850577 0.0894878289103508 0.020836253062080933 -0.015196318418408433 0.018711837001943163
leaf_weight=14.999999999999998 42 11.000000000000002 61 49 12.999999999999998 42 9.9999999999999982 101 9.9999999999999982 126 14.999999999999998 35
leaf_count=15 42 11 61 49 13 42 10 101 10 126 15 35
internal_value=0 0.0087406 -0.0225602 -0.0280235 -0.0120236 -0.00900488 -0.0480913 0.0152918 0.0349677 0.0107845 -0.040656 0.0016825
internal_weight=0 382 148 133 74 103 59 279 52 227 26 77
internal_count=530 382 148 133 74 103 59 279 52 227 26 77
is_linear=0
shrinkage=0.1


Tree=22
num_leaves=13
num_cat=0
split_feature=1 47 80 6 45 49 65 92 26 45 4 102
split_gain=8.62364 3.83446 3.94848 4.13455 2.98912 2.67904 1.86328 1.67302 1.93127 1.61049 1.58455 1.09128
threshold=2.8029010331479989 2.9174053685313033 5.4358328439971482 8.0871791040414465 3.4498615536424366 1.8688348091416844 0.32876365315841749 3.8848114593203946 8.2836186497455682 2.249904835165133 1.0000000180025095e-35 3.8176519431297078
decision_type=2 2 2 2 2 2 2 2 2 2 2 2
left_child=1 6 3 -3 7 -6 -1 9 -9 -2 -8 -7
right_child=4 2 -4 -5 5 11 10 8 -10 -11 -12 -13
leaf_value=-0.032548960005598412 0.024010853612652192 -0.035570412171586276 0.021728809221702464 0.02190684865095786 -0.036426056216765167 0.028713981610010653 0.038960431802731295 0.0080054314173621088 0.03552559526938507 0.067118424406418437 0.0012156536300702916 0.00034481931144177027
leaf_weight=13.999999999999998 26 118 17 13.999999999999998 18 17 12.999999999999998 102 34 12.999999999999998 77 67
leaf_count=14 26 118 17 14 18 17 13 102 34 13 77 67
internal_value=0 -0.0133471 -0.0236324 -0.0294743 0.0121907 -0.00141597 0.00138851 0.0201214 0.0148855 0.03838 0.00666768 0.0060862
internal_weight=0 253 149 132 277 102 104 175 136 39 90 84
internal_count=530 253 149 132 277 102 104 175 136 39 90 84
is_linear=0
shrinkage=0.1


Tree=23
num_leaves=13
num_cat=0
split_feature=54 84 70 37 80 3 48 31 98 5 62 56
split_gain=7.27984 4.32785 3.89135 2.8713 2.86753 3.57522 1.91449 1.79093 1.33657 1.03674 0.895063 0.701922
threshold=3.4498615536424366 0.014937124204694651 0.017943753505510068 2.8617925509761908 5.4358328439971482 3.0677824455408698 3.7012257604091228 4.1026092131977068 3.8606743063089755 4.6959141240107813 3.7494348669884658 3.7286964392667588
decision_type=2 2 2 2 2 2 2 2 2 2 2 2
left_child=1 2 -1 -4 5 -3 9 8 -8 11 -9 -2
right_child=6 4 3 -5 -6 -7 7 10 -10 -11 -12 -13
leaf_value=-0.050104237454278139 -0.013719314336776735 -0.049695736169815069 -0.00070927003572764655 0.035341729152087983 0.020159259046860306 -0.014544892228709964 0.021897091446217241 -0.017568316012620929 0.050550541557647571 -0.021575845476084699 0.015049828799828045 0.013378281796232183
leaf_weight=13.999999999999998 11.999999999999998 46 147 26 13.999999999999998 78 41 9.9999999999999982 27 14.999999999999998 53 47
leaf_count=14 12 46 147 26 14 78 41 10 27 15 53 47
internal_value=0 -0.00930804 0.000605149 0.0047088 -0.0227411 -0.0275847 0.0147566 0.0220199 0.0332742 0.00189878 0.00987235 0.00786691
internal_weight=0 325 187 173 138 124 205 131 68 74 63 59
internal_count=530 325 187 173 138 124 205 131 68 74 63 59
is_linear=0
shrinkage=0.1


Tree=24
num_leaves=13
num_cat=0
split_feature=78 97 101 5 92 85 48 76 96 82 103 30
split_gain=6.16759 4.22199 3.79363 4.92544 1.62734 2.02782 1.45703 1.2247 1.12423 0.879197 0.958414 0.822094
threshold=0.14485215891627456 2.524928003624769 2.4414009612931857 1.8214596497756478e-17 4.2344969400280812 0.65833861363706359 2.3502401828962087 0.17275687548874968 6.0649412535860643 0.27554975971680551 6.4076962328223575 6.1002787324210326
decision_type=2 2 2 2 2 2 2 2 2 2 2 2
left_child=1 2 3 -1 5 -3 7 -2 -4 -8 -11 -9
right_child=6 4 8 -5 -6 -7 9 11 -10 10 -12 -13
leaf_value=0.023242722086321849 -0.02627143303398043 0.0064173688215590054 -0.077721272284785911 -0.02848944655981743 -0.030024233370204458 -0.040120472908020025 0.041006904410628174 -0.015423237010836597 -0.039004659540951253 0.011511188811405941 0.035282756858750396 0.019692868916317822
leaf_weight=26 15.999999999999998 147 11.999999999999998 63 15.999999999999998 9.9999999999999982 12.999999999999998 10.000000000000002 20 158 19 20
leaf_count=26 16 147 12 63 16 10 13 10 20 158 19 20
internal_value=0 -0.00966501 -0.023994 -0.0133767 0.000356999 0.00345318 0.0120403 -0.00392865 -0.0535234 0.0159065 0.0140629 0.0079875
internal_weight=0 294 121 89 173 157 236 46 32 190 177 30
internal_count=530 294 121 89 173 157 236 46 32 190 177 30
is_linear=0
shrinkage=0.1


Tree=25
num_leaves=12
num_cat=0
split_feature=54 42 98 102 22 18 102 56 17 1 23
split_gain=5.13354 3.34093 3.67897 5.27917 2.16949 4.1022 2.64969 1.53809 1.51933 1.45071 0.573556
threshold=3.4498615536424366 7.699812767097904 1.0000000180025095e-35 3.8606743063089755 6.3296954855368641 6.4264832207863298 1.0986122886681102 5.8361427050634189 5.3028591759145582 2.6735537653587347 3.2769667020129059
decision_type=2 2 2 2 2 2 2 2 2 2 2
left_child=1 4 10 -4 6 -6 -1 8 9 -2 -3
right_child=7 2 3 -5 5 -7 -8 -9 -10 -11 -12
leaf_value=-0.026960446003993804 -0.024450163245201113 -0.063718347350025864 -0.00053312902174451778 -0.057635352350771434 0.070887277529320933 0.0041867531950405814 0.003591345653403551 0.050641785562038424 -0.025670926780863242 0.01471718017523038 -0.034413046593015847
leaf_weight=44 9.9999999999999982 17.000000000000004 85 20 10.999999999999998 57 80 9.9999999999999982 10.999999999999998 174 10.999999999999998
leaf_count=44 10 17 85 20 11 57 80 10 11 174 11
internal_value=0 -0.00781639 -0.0199983 -0.0114097 0.000622151 0.0149765 -0.00724961 0.0123918 0.0104303 0.0125885 -0.0522056
internal_weight=0 325 133 105 192 68 124 205 195 184 28
internal_count=530 325 133 105 192 68 124 205 195 184 28
is_linear=0
shrinkage=0.1


Tree=26
num_leaves=15
num_cat=0
split_feature=78 97 92 9 92 50 95 76 39 1 50 29 86 100
split_gain=4.28225 3.04597 2.96403 3.61407 1.1724 1.82642 0.989521 1.57859 1.47213 1.0552 1.46408 0.873852 0.75367 0.642409
threshold=0.14485215891627456 2.524928003624769 4.0039739178512717 1.8214596497756478e-17 4.2344969400280812 5.198054235823637 3.0677824455408698 0.82783055088243962 2.8617925509761908 1.700598690831078 5.4094089116575796 2.249904835165133 0.12761873784740524 2.6735537653587351
decision_type=2 2 2 2 2 2 2 2 2 2 2 2 2 2
left_child=1 2 3 -1 5 -3 9 12 -9 13 -11 -4 -8 -2
right_child=6 4 11 -5 -6 -7 7 8 -10 10 -12 -13 -14 -15
leaf_value=0.023801768478006125 0.0025412417504412591 0.036272682050863904 -0.06533805541694164 -0.022971783170722567 -0.025328104989603164 -0.00041840104369813918 0.0014530668852029969 0.046912916373461483 0.0054247871614419504 -0.040698437727987771 0.0011483771844901711 -0.032792470130053437 0.01852883912379975 0.030878696916624905
leaf_weight=24 15.999999999999998 14.999999999999998 10.999999999999998 53 15.999999999999998 142 59 25 12.999999999999998 9.9999999999999982 51 33 46 15.999999999999998
leaf_count=24 16 15 11 53 16 142 59 25 13 10 51 33 46 16
internal_value=0 -0.00805342 -0.0202242 -0.00839301 0.000459119 0.00308712 0.0100326 0.0152546 0.0327196 0.00200325 -0.00571176 -0.0409289 0.00893388 0.01671
internal_weight=0 294 121 77 173 157 236 143 38 93 61 44 105 32
internal_count=530 294 121 77 173 157 236 143 38 93 61 44 105 32
is_linear=0
shrinkage=0.1


Tree=27
num_leaves=12
num_cat=0
split_feature=0 84 70 80 3 37 48 1 7 103 31
split_gain=3.62764 3.14875 2.65213 2.09021 1.96656 1.80925 1.14141 1.08257 1.41307 0.849441 0.5638
threshold=3.7012257604091228 0.014937124204694651 0.017943753505510068 5.4358328439971482 3.0677824455408698 2.8617925509761908 3.7012257604091228 5.3028591759145582 4.3241107269113215 6.1092080750307067 5.5234569284970156
decision_type=2 2 2 2 2 2 2 2 2 2 2
left_child=1 2 -1 4 -3 -4 9 8 -8 10 -2
right_child=6 3 5 -5 -6 -7 7 -9 -10 -11 -12
leaf_value=-0.040049596396940099 0.0018990763566560217 -0.037894546805306323 0.00091537888492546559 0.019053790944495372 -0.01212176408385858 0.028508868562182346 0.030183172118591353 0.046885797110470862 0.0059738536926675339 -0.020174673087894918 0.02814956679940224
leaf_weight=13.999999999999998 45 47 157 13.999999999999998 80 28 36 10.999999999999998 73 14.999999999999998 9.9999999999999982
leaf_count=14 45 47 157 14 80 28 36 11 73 15 10
internal_value=0 -0.0061846 0.00191592 -0.0176172 -0.0216597 0.00509169 0.0110672 0.0169869 0.0139696 0.000919057 0.00667189
internal_weight=0 340 199 141 127 185 190 120 109 70 55
internal_count=530 340 199 141 127 185 190 120 109 70 55
is_linear=0
shrinkage=0.1


Tree=28
num_leaves=14
num_cat=0
split_feature=78 97 92 9 86 52 79 86 76 99 38 87 83
split_gain=2.9693 2.13624 2.64476 2.41283 1.54956 1.47823 1.07602 0.797506 1.12766 1.38979 0.832238 0.726241 0.378728
threshold=0.14485215891627456 3.0677824455408698 4.0039739178512717 1.8214596497756478e-17 0.6813317870098613 1.8317808230648234 2.4414009612931862 0.38001344672454257 0.86138329887055176 7.6327832942979524e-17 6.792321753533364 0.5128643645596892 0.72144594250152805
decision_type=2 2 2 2 2 2 2 2 2 2 2 2 2
left_child=1 2 3 -1 5 -3 -4 8 9 -2 -10 12 -9
right_child=7 4 6 -5 -6 -7 -8 11 10 -11 -12 -13 -14
leaf_value=0.021983961528167131 -0.031951323996942775 0.035878757946193218 -0.041715005842538982 -0.014692735475238781 0.037871104072440757 -0.0040539661180374661 -0.0074719040344158813 -0.0027085825800895694 0.0089373776009061233 0.0028464728643243413 0.037458695178585397 0.038468768863150704 0.016576373862459304
leaf_weight=24 12.999999999999998 9.9999999999999982 39 71 10.999999999999998 127 11.999999999999998 12.999999999999998 38 98 13.999999999999998 12.999999999999998 47
leaf_count=24 13 10 39 71 11 127 12 13 38 98 14 13 47
internal_value=0 -0.00670613 -0.0152885 -0.00542704 0.00176024 -0.00113917 -0.0336578 0.00835424 0.00446398 -0.00122894 0.0166162 0.0170407 0.012398
internal_weight=0 294 146 95 148 137 51 236 163 111 52 73 60
internal_count=530 294 146 95 148 137 51 236 163 111 52 73 60
is_linear=0
shrinkage=0.1


Tree=29
num_leaves=11
num_cat=0
split_feature=0 98 63 100 47 100 84 74 35 101
split_gain=2.59643 2.83594 2.48065 2.37125 2.73163 0.987204 1.26081 1.53697 0.913474 0.882124
threshold=3.7012257604091228 3.4175922930736511 4.1026092131977068 5.0594204191876377 2.9174053685313033 4.983583164599656 0.03069324571619686 0.63892132644619581 4.0689902272260703 2.4414009612931857
decision_type=2 2 2 2 2 2 2 2 2 2
left_child=1 3 -3 4 -1 9 7 -7 -8 -2
right_child=5 2 -4 -5 -6 6 8 -9 -10 -11
leaf_value=0.00592280146976312 0.0081571476534008976 -0.0031705473363399499 -0.070608312481393418 0.037408984013433969 -0.013155389266342103 -0.023041117149922585 0.028087822734378279 0.018810257201011368 0.006426953102080999 0.039049619004914639
leaf_weight=135 18 10.000000000000002 11.999999999999998 13.999999999999998 169 27 25 12.999999999999998 88 19
leaf_count=135 18 10 12 14 169 27 25 13 88 19
internal_value=0 -0.00523224 -0.0399548 -0.00283005 -0.00468317 0.00936296 0.00581824 -0.00943942 0.0112192 0.0240208
internal_weight=0 340 22 318 304 190 153 40 113 37
internal_count=530 340 22 318 304 190 153 40 113 37
is_linear=0
shrinkage=0.1


Tree=30
num_leaves=10
num_cat=0
split_feature=98 18 5 56 97 47 104 60 92
split_gain=2.19937 3.12544 2.88993 1.8003 1.75302 1.56768 1.51735 1.05439 0.739831
threshold=5.2041704279304219e-17 6.9804734028789186 1.0000000180025095e-35 5.0398460361630876e-20 1.7917594692280556 5.1647696471263407 1.2212453270876714e-15 3.140899673981258 4.0071132546249739
decision_type=2 2 2 2 2 2 2 2 2
left_child=1 3 -2 -1 7 -6 -5 -4 -3
right_child=2 8 4 6 5 -7 -8 -9 -10
leaf_value=-0.042963515594601633 0.056235798802226782 -0.060968467363944401 -0.00791040949718377 0.019177203178405763 0.0071631745183568258 -0.010758557915687562 -0.011273903855665898 -0.042605495588345962 -0.025731057131832297
leaf_weight=9.9999999999999982 9.9999999999999982 13.000000000000002 43 30 308 58 36 10.999999999999998 10.999999999999998
leaf_count=10 10 13 43 30 308 58 36 11 11
internal_value=0 -0.0133581 0.00310654 -0.00342342 0.00184156 0.00432312 0.00256751 -0.0149779 -0.044818
internal_weight=0 100 430 76 420 366 66 54 24
internal_count=530 100 430 76 420 366 66 54 24
is_linear=0
shrinkage=0.1


Tree=31
num_leaves=10
num_cat=0
split_feature=54 39 102 98 100 18 103 102 103
split_gain=1.89376 2.55905 3.13048 1.44297 2.74193 2.49773 0.885222 1.33317 0.797329
threshold=3.4498615536424366 5.4093888920383506 3.8606743063089755 5.2041704279304219e-17 1.0986122886681102 6.9804734028789186 6.9687720514744784 5.8111006528647131 2.191013317336941
decision_type=2 2 2 2 2 2 2 2 2
left_child=1 3 -3 5 -5 -1 7 8 -2
right_child=6 2 -4 4 -6 -7 -8 -9 -10
leaf_value=-0.0030810744287201059 -0.012208998017013074 -0.0092610666038174371 -0.078384867757558818 0.047364174144772384 -0.00015626737902335743 -0.040692511686812281 0.032780304780373207 -0.029732548305764796 0.0099625653345932867
leaf_weight=76 18 19.000000000000004 9.9999999999999982 12.999999999999998 184 23 12.999999999999998 9.9999999999999982 164
leaf_count=76 18 19 10 13 184 23 13 10 164
internal_value=0 -0.00474744 -0.0330969 -0.00196996 0.0029796 -0.0118191 0.00752643 0.00581653 0.00776977
internal_weight=0 325 29 296 197 99 205 192 182
internal_count=530 325 29 296 197 99 205 192 182
is_linear=0
shrinkage=0.1


Tree=32
num_leaves=9
num_cat=0
split_feature=92 102 69 86 87 103 21 22
split_gain=1.70374 2.40262 2.15578 1.75944 1.05675 1.0457 1.47476 0.937682
threshold=3.8389397950585522 1.3862943611198915 0.46239251059878533 0.44420494467535737 0.15710234772634982 6.8188517975191791 5.3028591759145582 6.1783958649385831
decision_type=2 2 2 2 2 2 2 2
left_child=4 2 -2 -4 7 6 -3 -1
right_child=1 5 3 -5 -6 -7 -8 -9
leaf_value=0.0095615208649013003 -0.050759143730004633 0.0017620647616513948 -0.019155909879399198 0.01320584905721868 0.00021766639418072171 0.027651664366324741 -0.037161595504730936 0.048000554889440543
leaf_weight=11.000000000000002 14.999999999999998 366 56 24 18 14.999999999999998 9.9999999999999982 14.999999999999998
leaf_count=11 15 366 56 24 18 15 10 15
internal_value=0 -0.00170597 -0.0159703 -0.00944738 0.0188433 0.00175978 0.000726861 0.0317379
internal_weight=0 486 95 80 44 391 376 26
internal_count=530 486 95 80 44 391 376 26
is_linear=0
shrinkage=0.1


Tree=33
num_leaves=11
num_cat=0
split_feature=1 61 54 4 80 0 2 42 28 99
split_gain=1.41909 2.2665 1.80408 2.34039 1.33203 1.67434 1.45033 2.3702 1.08543 0.905342
threshold=2.8029010331479989 1.8642477370638604 3.3497501700808394 3.5114340430413216 5.4358328439971482 2.6735537653587347 7.9244299962216731 7.6218971959182094 2.740319461670996 2.8617925509761908
decision_type=2 2 2 2 2 2 2 2 2 2
left_child=4 8 3 -3 6 -6 7 -1 -2 -4
right_child=1 2 9 -5 5 -7 -8 -9 -10 -11
leaf_value=-0.0012299650310059454 0.010236287713050839 -0.0040921243717489042 0.018825569658966222 -0.057469793260097504 0.048318197950720773 -0.0070859024145950873 0.029596210934687409 -0.02256475799894404 0.054058481552279915 0.0029327310479303134
leaf_weight=137 10.000000000000002 46 47 9.9999999999999982 10.000000000000002 11.999999999999998 9.9999999999999982 84 12.999999999999998 151
leaf_count=137 10 46 47 10 10 12 10 84 13 151
internal_value=0 0.00494524 0.00222326 -0.0136239 -0.00541435 0.0180978 -0.00765361 -0.00933912 0.0350054 0.00670527
internal_weight=0 277 254 56 253 22 231 221 23 198
internal_count=530 277 254 56 253 22 231 221 23 198
is_linear=0
shrinkage=0.1


Tree=34
num_leaves=8
num_cat=0
split_feature=92 70 65 39 64 7 43
split_gain=1.28497 1.72673 1.15832 1.22684 0.78872 1.03332 0.219766
threshold=3.8389397950585522 0.017943753505510068 4.7862451763584541 5.4093888920383506 1.4947313302701979 3.3842466058243152 3.7494348669884658
decision_type=2 2 2 2 2 2 2
left_child=4 -2 3 -3 -1 -6 -4
right_child=1 2 6 -5 5 -7 -8
leaf_value=0.039554157378998672 -0.038943734268347428 -0.00020137570180266454 0.029289374242282729 -0.018565141782164573 -0.010749850819508236 0.024788153502676224 0.011841222439571062
leaf_weight=10.999999999999998 11.999999999999998 402 10.999999999999998 40 14.999999999999998 18 21
leaf_count=11 12 402 11 40 15 18 21
internal_value=0 -0.00148155 -0.000533143 -0.00186325 0.0163644 0.00863452 0.017839
internal_weight=0 486 474 442 44 33 32
internal_count=530 486 474 442 44 33 32
is_linear=0
shrinkage=0.1


Tree=35
num_leaves=10
num_cat=0
split_feature=102 45 32 25 96 95 54 98 20
split_gain=1.1869 1.81928 1.81512 1.46411 1.0645 1.16933 0.892899 2.30521 0.595085
threshold=1.0986122886681102 1.2424533248940006 4.7357950894166834e-16 1.2424533248940006 5.5391444897808926 1.8214596497756478e-17 3.4498615536424366 3.4175922930736511 4.8940944640863338
decision_type=2 2 2 2 2 2 2 2 2
left_child=1 -1 -3 -4 5 -2 7 -6 -8
right_child=4 2 3 -5 6 -7 8 -9 -10
leaf_value=0.021927879058445496 0.0016898274591023268 -0.048733774838703024 0.022504491653914254 -0.016047997511076658 4.3841973638336644e-05 0.048937576580792667 0.0091406470068692656 -0.03485291595792487 -0.0032951039208385813
leaf_weight=14.999999999999998 11.000000000000002 13.999999999999998 11.999999999999998 55 192 9.9999999999999982 148 21 52
leaf_count=15 11 14 12 55 192 10 148 21 52
internal_value=0 -0.0100619 -0.0159859 -0.00914307 0.00222567 0.0241888 0.0011089 -0.00339668 0.00590735
internal_weight=0 96 81 67 434 21 413 213 200
internal_count=530 96 81 67 434 21 413 213 200
is_linear=0
shrinkage=0.1


Tree=36
num_leaves=15
num_cat=0
split_feature=95 92 60 29 101 41 69 49 54 41 52 89 81 51
split_gain=1.00116 1.73645 2.17749 1.59948 1.38773 1.82054 1.12409 2.25903 1.01905 0.742937 0.566454 0.507919 0.419587 0.243228
threshold=1.700598690831078 4.0039739178512717 0.98834090386103368 2.3502401828962087 3.4972025275692372e-15 2.0126758453675753 2.9126867914300196 1.4978661367769959 3.4498615536424366 1.700598690831078 3.323195257423865 0.5232227682289422 1.0410302428228435 1.0000000180025095e-35
decision_type=2 2 2 2 2 2 2 2 2 2 2 2 2 2
left_child=1 2 9 -4 5 12 7 -6 -8 -1 -7 13 -2 -3
right_child=4 11 3 -5 6 10 8 -9 -10 -11 -12 -13 -14 -15
leaf_value=0.0069345767609775046 0.011988682275557001 -0.011310238572251463 -0.018462640169838614 0.025843144804239271 0.045466847678548417 -0.039928885117957461 -0.0068291604273266852 0.0051754787890436445 0.0060291920573278743 0.043840543770541751 -0.010525015555322171 -0.043617440489205447 -0.012547342255711556 -0.030761584118008611
leaf_weight=10.000000000000002 23 18.000000000000004 44 9.9999999999999982 19 19.000000000000004 91 52 191 11.999999999999998 9.9999999999999982 10.999999999999998 9.9999999999999982 9.9999999999999982
leaf_count=10 23 18 44 10 19 19 91 52 191 12 10 11 10 10
internal_value=0 -0.00825639 0.000546152 -0.0102579 0.00228791 -0.0115102 0.00471138 0.0159577 0.00187987 0.0270651 -0.0297896 -0.0254101 0.00455352 -0.0182571
internal_weight=0 115 76 54 415 62 353 71 282 22 29 39 33 28
internal_count=530 115 76 54 415 62 353 71 282 22 29 39 33 28
is_linear=0
shrinkage=0.1


Tree=37
num_leaves=12
num_cat=0
split_feature=34 98 100 101 17 56 26 50 104 49 50
split_gain=0.883195 1.50484 2.48069 1.44741 1.38133 1.28906 0.824268 0.460013 0.430821 0.324818 0.220999
threshold=5.5154246272451131 5.2041704279304219e-17 1.0986122886681102 8.7430063189231058e-16 0.69314718055994551 5.0398460361630876e-20 5.5154246272451131 5.198054235823637 1.2212453270876714e-15 2.602003343538398 7.6056075025107122
decision_type=2 2 2 2 2 2 2 2 2 2 2
left_child=6 4 -3 -4 5 -2 8 -6 -1 -10 -8
right_child=1 2 3 -5 7 -7 10 -9 9 -11 -12
leaf_value=0.021961420662701132 -0.03238291174173355 0.047783370383761153 -0.018370822481811048 0.0017714811763973118 -0.04410896822810173 0.0090748534770682451 0.0162457637861371 -0.020438895510652894 0.0082290243945623703 -0.0098162521175774089 0.0367861309512095
leaf_weight=9.9999999999999982 9.9999999999999982 10.999999999999998 40 330 11.999999999999998 30 10.000000000000002 26 19 21 10.999999999999998
leaf_count=10 10 11 40 330 12 30 10 26 19 21 11
internal_value=0 -0.00160551 0.000985231 -0.000406065 -0.0142603 -0.00128959 0.0103793 -0.0279137 0.00339649 -0.00124475 0.027005
internal_weight=0 459 381 370 78 40 71 38 50 40 21
internal_count=530 459 381 370 78 40 71 38 50 40 21
is_linear=0
shrinkage=0.1


Tree=38
num_leaves=8
num_cat=0
split_feature=65 21 39 49 96 92 89
split_gain=0.798714 1.22187 1.0914 2.39851 1.11975 0.170837 0.09642
threshold=4.7862451763584541 5.1297411325849991 5.4093888920383506 2.1383330595080285 7.6056075025107122 4.0478138592460935 0.2444714479475863
decision_type=2 2 2 2 2 2 2
left_child=1 2 4 -4 -1 -2 -7
right_child=5 -3 3 -5 -6 6 -8
leaf_value=-0.0031718302947552402 0.025409840182824567 -0.035586638301610948 -0.058514980375766759 -0.0019639937393367292 0.0069373747776384359 0.017132906429469581 0.0035654990256510002
leaf_weight=257 10.999999999999998 9.9999999999999982 9.9999999999999982 30 191 10.000000000000002 10.999999999999998
leaf_count=257 11 10 10 30 191 10 11
internal_value=0 -0.000984052 -0.000274982 -0.0161017 0.00113812 0.0153143 0.0100262
internal_weight=0 498 488 40 448 32 21
internal_count=530 498 488 40 448 32 21
is_linear=0
shrinkage=0.1


Tree=39
num_leaves=10
num_cat=0
split_feature=92 8 15 92 5 95 87 26 96
split_gain=0.778046 1.09238 0.844166 1.33796 0.747098 0.737141 0.615568 0.557603 0.54233
threshold=3.8389397950585522 3.6429192995512961e-17 7.1150767569361238e-19 4.0222987022754397 2.8102520310824275e-16 1.700598690831078 0.15710234772634982 5.6869696108313716 5.6489184425466847
decision_type=2 2 2 2 2 2 2 2 2
left_child=6 2 3 -2 -3 -6 7 -1 -4
right_child=1 4 8 -5 5 -7 -8 -9 -10
leaf_value=0.0040512044355273235 0.01317737614735961 0.023344331746920945 -0.042744379583746189 -0.028031652650007833 -0.011275078651781839 0.0014620364102302119 -0.0014817394117989757 0.034152780007570986 -0.014222554300601285
leaf_weight=10.000000000000002 20 13.999999999999998 12.000000000000002 12.999999999999998 52 360 18 15.999999999999998 14.999999999999998
leaf_count=10 20 14 12 13 52 360 18 16 15
internal_value=0 -0.00115285 -0.0137856 -0.00305648 0.000626408 -0.000145561 0.0127338 0.0225753 -0.0268989
internal_weight=0 486 60 33 426 412 44 26 27
internal_count=530 486 60 33 426 412 44 26 27
is_linear=0
shrinkage=0.1


Tree=40
num_leaves=10
num_cat=0
split_feature=86 80 0 3 47 26 87 78 87
split_gain=0.722189 0.770746 1.22535 1.20374 1.26937 1.25284 0.587509 0.429738 0.234
threshold=0.67560729503369699 5.4358328439971482 2.6735537653587347 1.7917594692280556 5.0937313815282925 5.6732701237373151 0.053353963967756303 0.25016367978676651 0.16788122690092908
decision_type=2 2 2 2 2 2 2 2 2
left_child=1 3 -3 5 -5 -1 7 -2 -8
right_child=6 2 -4 4 -6 -7 8 -9 -10
leaf_value=0.0058292586592987427 0.033953148884964833 0.043070808500051488 -0.0015520070184720681 0.0034101901765544855 -0.013146287406032737 -0.01789261699032298 -0.011428157559130337 0.0075405205769295052 0.0097077832938256593
leaf_weight=31 14.000000000000002 10.000000000000002 15.999999999999998 293 55 79 10.000000000000002 10.999999999999998 10.999999999999998
leaf_count=31 14 10 16 293 55 79 10 11 11
internal_value=0 -0.001138 0.0156106 -0.0020888 0.000793506 -0.0112074 0.0119738 0.0223316 -0.00035695
internal_weight=0 484 26 458 348 110 46 25 21
internal_count=530 484 26 458 348 110 46 25 21
is_linear=0
shrinkage=0.1


Tree=41
num_leaves=12
num_cat=0
split_feature=86 47 47 102 30 85 75 92 45 30 57
split_gain=0.667024 1.23464 2.35917 1.07223 1.094 0.917668 1.17785 1.0438 0.734125 0.628743 0.553009
threshold=0.38001344672454257 5.5234569284970156 4.9126278521332782 1.3862943611198915 5.6489184425466847 0.65833861363706359 3.0201273556387074 4.2344969400280812 3.8393944990995772 6.3296954855368641 0.82898598039284166
decision_type=2 2 2 2 2 2 2 2 2 2 2
left_child=3 2 8 4 10 7 -7 -5 -2 -6 -1
right_child=1 -3 -4 5 9 6 -8 -9 -10 -11 -12
leaf_value=0.022257380783557885 0.0061693462609024403 -0.024817765762026496 0.051944079859690233 0.0043470508663978604 -0.042791901528835302 -0.039887287343541786 -0.0024413648859730793 -0.024813981296924446 -0.017809896197702204 -0.015721604319435593 -0.0085324763021032736
leaf_weight=10.000000000000002 145 12.999999999999998 10.999999999999998 220 10.999999999999998 11.999999999999998 28 12.999999999999998 13.999999999999998 39 13.999999999999998
leaf_count=10 145 13 11 220 11 12 28 13 14 39 14
internal_value=0 0.00488509 0.00715648 -0.00257628 -0.0132532 0.000317816 -0.0136751 0.00272004 0.00405797 -0.0216771 0.00429663
internal_weight=0 183 170 347 74 273 40 233 159 50 24
internal_count=530 183 170 347 74 273 40 233 159 50 24
is_linear=0
shrinkage=0.1


Tree=42
num_leaves=8
num_cat=0
split_feature=65 13 39 100 86 43 32
split_gain=0.654809 0.979283 0.786884 2.01021 0.710661 0.118779 0.111199
threshold=4.7862451763584541 5.1297411325849991 5.4093888920383506 5.1445790166580574 0.44420494467535737 3.7494348669884658 5.814019136035367
decision_type=2 2 2 2 2 2 2
left_child=1 2 4 -4 -1 -2 -7
right_child=5 -3 3 -5 -6 6 -8
leaf_value=-0.0017555233887063056 0.022284248809922826 -0.031868716496974231 -0.031998790567740798 0.013761115295346828 0.0068206101320750006 0.0018248236551880832 0.016394997024062007
leaf_weight=307 10.999999999999998 9.9999999999999982 24 15.999999999999998 141 10.000000000000002 10.999999999999998
leaf_count=307 11 10 24 16 141 10 11
internal_value=0 -0.000891004 -0.000256215 -0.0136948 0.000943661 0.0138662 0.00945682
internal_weight=0 498 488 40 448 32 21
internal_count=530 498 488 40 448 32 21
is_linear=0
shrinkage=0.1


Tree=43
num_leaves=6
num_cat=0
split_feature=70 70 95 100 101
split_gain=0.570958 0.760973 0.681821 0.931446 0.741954
threshold=0.017943753505510068 0.075964233161785757 1.700598690831078 3.6885668564169776 3.4972025275692372e-15
decision_type=2 2 2 2 2
left_child=-1 -2 3 -3 -4
right_child=1 2 4 -5 -6
leaf_value=-0.019926215974347933 0.022734495686988036 -0.0016448426442152329 -0.0087203906823375855 -0.023898513736919716 0.0034070784786225019
leaf_weight=13.999999999999998 14.999999999999998 68 59 26 348
leaf_count=14 15 68 59 26 348
internal_value=0 0.000540634 -0.000123853 -0.00780011 0.00164904
internal_weight=0 516 501 94 407
internal_count=530 516 501 94 407
is_linear=0
shrinkage=0.1


Tree=44
num_leaves=9
num_cat=0
split_feature=92 61 68 63 41 65 87 24
split_gain=0.587376 0.745365 0.599451 1.05127 0.859049 0.494662 0.715802 0.258546
threshold=3.8389397950585522 9.6483880954106233e-07 2.4140829983637908 0.89587973461402759 2.0126758453675753 1.7212725662368655 0.15710234772634982 0.69314718055994573
decision_type=2 2 2 2 2 2 2 2
left_child=5 -2 4 -4 -3 -1 7 -7
right_child=1 2 3 -5 -6 6 -8 -9
leaf_value=0.028378583180407688 -0.022227046149782839 0.00052857031114399427 0.032641187421977517 -0.00015351477101625455 -0.036263453418558293 0.0037581494078040112 -0.016093954244967214 0.02597497522153638
leaf_weight=11.999999999999998 15.999999999999998 15.000000000000002 9.9999999999999982 434 10.999999999999998 10.000000000000002 10.999999999999998 10.999999999999998
leaf_count=12 16 15 10 434 11 10 11 11
internal_value=0 -0.00100168 -0.000279113 0.000585105 -0.0150373 0.011064 0.00457102 0.0153955
internal_weight=0 486 470 444 26 44 32 21
internal_count=530 486 470 444 26 44 32 21
is_linear=0
shrinkage=0.1


Tree=45
num_leaves=12
num_cat=0
split_feature=34 34 92 68 47 65 17 26 65 100 78
split_gain=0.55113 1.25293 1.29204 0.769992 1.13204 0.821861 0.735985 0.555167 0.361136 0.479926 0.128044
threshold=5.5154246272451131 6.2671555386121431 3.842748007140492 2.9251019346482314 2.9174053685313033 1.934905513126105 1.8688348091416844 5.5154246272451131 2.6108875850678701 3.5694334999727624 1.5735044646843963
decision_type=2 2 2 2 2 2 2 2 2 2 2
left_child=7 2 -2 4 -3 -5 -4 8 9 -1 -9
right_child=1 3 6 5 -6 -7 -8 10 -10 -11 -12
leaf_value=7.1094397248493304e-05 0.014863509360629207 0.043991050515323864 -0.0089073637628863597 -0.016958255362179545 -0.00076198378721108802 0.0011700829366018727 -0.031637077605617896 0.030033271312713612 -0.012655074494735651 0.024851047924973751 0.014398478411815383
leaf_weight=27 12.999999999999998 10.000000000000002 29 27 12.999999999999998 339 28 10.000000000000002 11.999999999999998 10.999999999999998 10.999999999999998
leaf_count=27 13 10 29 27 13 339 28 10 12 11 11
internal_value=0 -0.00126827 -0.0135847 0.000948046 0.0186959 -0.000167253 -0.0200728 0.0081991 0.0024684 0.00724424 0.0218436
internal_weight=0 459 70 389 23 366 57 71 50 38 21
internal_count=530 459 70 389 23 366 57 71 50 38 21
is_linear=0
shrinkage=0.1


Tree=46
num_leaves=7
num_cat=0
split_feature=64 21 39 49 33 29
split_gain=0.509388 0.872672 0.653636 1.78608 0.664781 0.0404117
threshold=5.3272200124283691 5.1297411325849991 5.4093888920383506 2.1383330595080285 4.4425820475484112 5.24435769543829
decision_type=2 2 2 2 2 2
left_child=1 2 4 -4 -1 -2
right_child=5 -3 3 -5 -6 -7
leaf_value=0.00045383020670393881 0.020150210801511997 -0.029863899946212771 -0.048839169014245273 -0.00059689041227102286 0.024305935374771558 0.011160028465092182
leaf_weight=445 10.000000000000002 9.9999999999999982 9.9999999999999982 33 11.999999999999998 9.9999999999999982
leaf_count=445 10 10 10 33 12 10
internal_value=0 -0.000613926 -2.89268e-05 -0.011816 0.00108014 0.0156551
internal_weight=0 510 500 43 457 20
internal_count=530 510 500 43 457 20
is_linear=0
shrinkage=0.1


Tree=47
num_leaves=10
num_cat=0
split_feature=80 0 3 27 56 15 29 101 26
split_gain=0.503545 1.01625 0.676113 0.899557 0.79817 0.731367 0.949888 0.72193 0.595969
threshold=5.4358328439971482 2.602003343538398 1.7917594692280556 0.34657359027997314 5.0398460361630876e-20 2.0126758453675753 2.3502401828962087 3.4972025275692372e-15 5.6732701237373151
decision_type=2 2 2 2 2 2 2 2 2
left_child=2 -2 3 4 -1 6 -4 -7 -5
right_child=1 -3 5 8 -6 7 -8 -9 -10
leaf_value=-0.022988528795540336 0.038611107692122448 -0.0011485883966088296 0.0053028833898415249 0.0075406670290976766 0.0083769066627462242 -0.012992153144799746 0.040747249498963356 0.0014652088656867332 -0.018926768920490552
leaf_weight=9.9999999999999982 10.000000000000002 18 31 9.9999999999999982 43 39 9.9999999999999982 302 57
leaf_count=10 10 18 31 10 43 39 10 302 57
internal_value=0 0.0130513 -0.000727961 -0.00727581 0.0024589 0.00132896 0.0139479 -0.000188272 -0.0149764
internal_weight=0 28 502 120 53 382 41 341 67
internal_count=530 28 502 120 53 382 41 341 67
is_linear=0
shrinkage=0.1


Tree=48
num_leaves=8
num_cat=0
split_feature=89 86 84 76 80 84 83
split_gain=0.512243 0.581803 0.855102 0.786705 0.994632 0.629069 0.463665
threshold=0.69137804216400778 0.59222352234340792 0.64073520474543988 0.67952449083706867 5.4358328439971482 0.38906047621042278 0.2564892382690056
decision_type=2 2 2 2 2 2 2
left_child=1 3 5 4 -1 -3 -5
right_child=-2 2 -4 6 -6 -7 -8
leaf_value=-0.0058449313170952791 0.022418246753513813 0.0055544309347956072 0.026078804271916552 0.018650618570179425 0.017741433982002109 -0.01912821940301607 0.002062821284764343
leaf_weight=303 9.9999999999999982 74 18 22 19 11.999999999999998 72
leaf_count=303 10 74 18 22 19 12 72
internal_value=0 -0.00043112 0.00625873 -0.00210358 -0.00445319 0.00211034 0.00594507
internal_weight=0 520 104 416 322 86 94
internal_count=530 520 104 416 322 86 94
is_linear=0
shrinkage=0.1


Tree=49
num_leaves=6
num_cat=0
split_feature=43 39 100 34 37
split_gain=0.449851 0.773095 1.70653 0.72399 1.44756
threshold=6.4800257426481824 5.5234569284970156 5.2012518591713119 9.2405287616468446 4.3882378946731615
decision_type=2 2 2 2 2
left_child=1 3 -3 4 -1
right_child=-2 2 -4 -5 -6
leaf_value=0.00094556593624407249 0.020011692460287701 -0.036333445550715424 0.007211300565136804 0.024885177829613289 -0.032893949173963988
leaf_weight=458 10.999999999999998 18 18 11.999999999999998 12.999999999999998
leaf_count=458 11 18 18 12 13
internal_value=0 -0.00042414 -0.0145611 0.000629544 1.15666e-05
internal_weight=0 519 36 483 471
internal_count=530 519 36 483 471
is_linear=0
shrinkage=0.1


Tree=50
num_leaves=7
num_cat=0
split_feature=89 86 47 47 42 76
split_gain=0.425006 0.534399 0.765935 1.78738 0.623532 0.741302
threshold=0.69137804216400778 0.38001344672454257 5.5234569284970156 4.9126278521332782 9.4793577874644424 0.67952449083706867
decision_type=2 2 2 2 2 2
left_child=1 4 3 -3 5 -1
right_child=-2 2 -4 -5 -6 -7
leaf_value=-0.0064612207583090182 0.020420260345563296 0.003061739045940929 -0.019414080249575472 0.0447512607682835 0.016523012222023681 0.0046426126634469258
leaf_weight=242 9.9999999999999982 158 12.999999999999998 10.999999999999998 15.999999999999998 80
leaf_count=242 10 158 13 11 16 80
internal_value=0 -0.000392697 0.00397602 0.00577526 -0.00274508 -0.0037025
internal_weight=0 520 182 169 338 322
internal_count=530 520 182 169 338 322
is_linear=0
shrinkage=0.1


Tree=51
num_leaves=9
num_cat=0
split_feature=92 0 36 49 36 92 27 0
split_gain=0.378173 0.645812 0.435855 1.30778 0.633324 0.533724 0.526071 0.326648
threshold=4.2344969400280812 4.4826034013851794 5.0466405620843924 2.8617925509761908 4.6867395546766826 4.0740539112806324 5.0369315191558419 3.7012257604091228
decision_type=2 2 2 2 2 2 2 2
left_child=2 -2 4 -4 5 -1 -6 -5
right_child=1 -3 3 7 6 -7 -8 -9
leaf_value=-0.00024079560556336126 -0.029871350255879482 0.0052415222488343717 0.033942581688364351 -0.017314340695738787 -0.030951368816507355 0.016092364370290723 -0.0013408036902546883 0.0057248295954195789
leaf_weight=423 11.000000000000002 9.9999999999999982 14.999999999999998 10.000000000000002 12.000000000000002 21 11.999999999999998 15.999999999999998
leaf_count=423 11 10 15 10 12 21 12 16
internal_value=0 -0.0131509 0.000542573 0.0104291 -0.000323553 0.000531719 -0.0161461 -0.00313639
internal_weight=0 21 509 41 468 444 24 26
internal_count=530 21 509 41 468 444 24 26
is_linear=0
shrinkage=0.1


Tree=52
num_leaves=8
num_cat=0
split_feature=89 86 39 43 102 30 53
split_gain=0.380158 0.429951 0.629967 1.65656 0.558798 0.706302 0.541319
threshold=0.69137804216400778 0.38001344672454257 5.3612480808018654 4.7621374077860157 1.8688348091416846 5.6489184425466847 1.1382560993413473
decision_type=2 2 2 2 2 2 2
left_child=1 4 3 -3 5 -1 -6
right_child=-2 2 -4 -5 6 -7 -8
leaf_value=0.0033823635368025865 0.019312830585986377 0.002844515974142362 -0.015403152443468571 0.044829575344920158 0.0093970672987705589 -0.015358527284878931 -0.0023422986691002735
leaf_weight=30 9.9999999999999982 156 15.999999999999998 9.9999999999999982 49 61 198
leaf_count=30 10 156 16 10 49 61 198
internal_value=0 -0.000371401 0.0035472 0.00537374 -0.00248141 -0.00918021 -1.34366e-05
internal_weight=0 520 182 166 338 91 247
internal_count=530 520 182 166 338 91 247
is_linear=0
shrinkage=0.1


Tree=53
num_leaves=7
num_cat=0
split_feature=43 39 100 17 51 2
split_gain=0.348111 0.5556 1.12953 0.478073 0.632123 0.594492
threshold=6.4800257426481824 5.5234569284970156 5.2012518591713119 4.7621374077860157 4.8713071634740226 7.955199711512468
decision_type=2 2 2 2 2 2
left_child=1 3 -3 5 -5 -1
right_child=-2 2 -4 4 -6 -7
leaf_value=-0.0012590739184532426 0.017603864148259162 -0.030070794497927031 0.0053555809039001669 -0.030884789336811404 0.0011491550357147519 0.0064178040568561613
leaf_weight=308 10.999999999999998 18 18 11.000000000000002 13.999999999999998 150
leaf_count=308 11 18 18 11 14 150
internal_value=0 -0.000373107 -0.0123576 0.000520148 -0.0129458 0.00125519
internal_weight=0 519 36 483 25 458
internal_count=530 519 36 483 25 458
is_linear=0
shrinkage=0.1


Tree=54
num_leaves=13
num_cat=0
split_feature=34 34 92 68 47 85 31 81 16 7 77 101
split_gain=0.353849 0.999885 0.951481 0.627021 0.813166 0.642068 0.558228 0.538367 0.281245 0.264266 0.245094 0.154403
threshold=5.5154246272451131 6.2671555386121431 3.842748007140492 2.9251019346482314 3.1567740231385479 0.3773854192802773 1.2424533248940006 0.69314717937938974 1.8688348091416842 2.8029010331479989 2.6735537653587347 7.02563007770607e-17
decision_type=2 2 2 2 2 2 2 2 2 2 2 2
left_child=7 2 -2 4 -3 -5 -4 10 9 -9 11 -1
right_child=1 3 6 5 -6 -7 -8 8 -10 -11 -12 -13
leaf_value=0.012801370634274046 0.012393943139781746 0.033470518227953168 -0.0030198173933765958 -0.0034548278145534413 -0.004459388703107834 0.0050986609578950728 -0.024309777143674022 0.00053815717941948333 0.010979290416633543 -0.020746294975979254 0.0041807059512043807 0.029203649920721848
leaf_weight=11.000000000000002 12.999999999999998 13.000000000000002 18 220 9.9999999999999982 146 39 14.000000000000002 10.999999999999998 9.9999999999999982 12.999999999999998 11.999999999999998
leaf_count=11 13 13 18 220 10 146 39 14 11 10 13 12
internal_value=0 -0.00101623 -0.0120188 0.000963664 0.0169793 -4.27804e-05 -0.0175866 0.00656974 -0.00226162 -0.00833036 0.0151558 0.0213591
internal_weight=0 459 70 389 23 366 57 71 35 24 36 23
internal_count=530 459 70 389 23 366 57 71 35 24 36 23
is_linear=0
shrinkage=0.1


Tree=55
num_leaves=8
num_cat=0
split_feature=92 10 85 58 1 61 6
split_gain=0.340033 0.509125 0.386971 0.888465 0.41488 1.10793 0.591833
threshold=4.2344969400280812 8.6052910742775399 0.68762818263834091 4.2555875595453383 2.8029010331479989 1.7478746299183612 8.0871791040414465
decision_type=2 2 2 2 2 2 2
left_child=2 -2 4 -4 6 -6 -1
right_child=1 -3 3 -5 5 -7 -8
leaf_value=-0.0028314000907915192 -0.028800640157423903 0.0023757417432286525 -0.030977619936068845 0.0083680624988946052 0.028730393332593581 0.0022204180424314096 0.019077941689353724
leaf_weight=239 10.000000000000002 10.999999999999998 12.000000000000002 10.999999999999998 17 217 12.999999999999998
leaf_count=239 10 11 12 11 17 217 13
internal_value=0 -0.0124702 0.000514486 -0.0121601 0.00111431 0.00414636 -0.00170116
internal_weight=0 21 509 23 486 234 252
internal_count=530 21 509 23 486 234 252
is_linear=0
shrinkage=0.1


Tree=56
num_leaves=10
num_cat=0
split_feature=80 0 3 21 37 69 44 52 25
split_gain=0.316409 0.822677 0.417508 0.608402 0.710876 0.589245 1.68048 0.700513 0.41607
threshold=5.4358328439971482 2.602003343538398 1.7917594692280556 9.5756735873919732e-16 2.0126758453675753 2.9942493238565886 4.3241107269113215 3.3585999586305397 2.740319461670996
decision_type=2 2 2 2 2 2 2 2 2
left_child=2 -2 3 4 -1 6 -4 -7 -5
right_child=1 -3 5 8 -6 7 -8 -9 -10
leaf_value=-0.0032432521635200832 0.033342723585665215 -0.0024304542173114087 0.0032926281664247925 -0.015899791360694776 0.026895462926477195 -0.010695559008535548 0.046713992878794672 0.001363809603748347 0.0009846690017729998
leaf_weight=36 10.000000000000002 18 82 54 9.9999999999999982 61 9.9999999999999982 229 20
leaf_count=36 10 18 82 54 10 61 10 229 20
internal_value=0 0.0103457 -0.00057705 -0.00572248 0.00330864 0.00103932 0.00801234 -0.00117282 -0.0113364
internal_weight=0 28 502 120 46 382 92 290 74
internal_count=530 28 502 120 46 382 92 290 74
is_linear=0
shrinkage=0.1


Tree=57
num_leaves=9
num_cat=0
split_feature=89 34 38 43 85 81 77 10
split_gain=0.296132 0.331686 0.698208 0.830081 0.583449 0.423957 0.177029 0.154772
threshold=0.69137804216400778 5.5154246272451131 6.2671555386121431 1.7917594692280556 0.3773854192802773 0.69314717937938974 2.6735537653587347 5.8664038519910333
decision_type=2 2 2 2 2 2 2 2
left_child=1 5 3 -3 -4 6 -1 -7
right_child=-2 2 4 -5 -6 7 -8 -9
leaf_value=0.018906018931580629 0.017045367136597635 -0.0025119917596036451 -0.0025191738424807423 -0.025065161511301993 0.0056741316944222764 -0.01174310092729601 0.0043065224684631599 0.0027845677940852263
leaf_weight=23 9.9999999999999982 47 244 25 135 10.999999999999998 12.999999999999998 22
leaf_count=23 10 47 244 25 135 11 13 22
internal_value=0 -0.000327796 -0.00131566 -0.010343 0.000399286 0.00612912 0.013634 -0.00205799
internal_weight=0 520 451 72 379 69 36 33
internal_count=530 520 451 72 379 69 36 33
is_linear=0
shrinkage=0.1


Tree=58
num_leaves=7
num_cat=0
split_feature=92 0 85 58 51 36
split_gain=0.290981 0.479117 0.312034 0.720021 0.344113 0.340719
threshold=4.2344969400280812 4.4826034013851794 0.68762818263834091 3.9415346756528771 5.74454174524233 5.0466405620843924
decision_type=2 2 2 2 2 2
left_child=2 -2 4 -4 5 -1
right_child=1 -3 3 -5 -6 -7
leaf_value=-0.0002456180851762092 -0.02593743235550143 0.0043062163330614567 -0.031078932583332053 0.0046125587362509509 0.015925221567352613 0.0097512319964447973
leaf_weight=434 11.000000000000002 9.9999999999999982 10.000000000000002 12.999999999999998 14.999999999999998 37
leaf_count=434 11 10 10 13 15 37
internal_value=0 -0.0115357 0.000475932 -0.0109055 0.00101456 0.000539697
internal_weight=0 21 509 23 486 471
internal_count=530 21 509 23 486 471
is_linear=0
shrinkage=0.1


Tree=59
num_leaves=6
num_cat=0
split_feature=70 70 16 60 102
split_gain=0.280145 0.504157 0.279753 0.936675 0.351283
threshold=0.017943753505510068 0.075964233161785757 1.8688348091416842 3.0651374749782208 1.0000000180025095e-35
decision_type=2 2 2 2 2
left_child=-1 -2 4 -4 -3
right_child=1 2 3 -5 -6
leaf_value=-0.013957713876983949 0.018443412184715274 -0.014559405064210296 0.0095430925341170973 -0.0017362447443357834 -0.0013679231763512689
leaf_weight=13.999999999999998 14.999999999999998 27 98 296 80
leaf_count=14 15 27 98 296 80
internal_value=0 0.000378698 -0.000162162 0.00106928 -0.00469661
internal_weight=0 516 501 394 107
internal_count=530 516 501 394 107
is_linear=0
shrinkage=0.1


Tree=60
num_leaves=9
num_cat=0
split_feature=89 86 19 10 18 80 80 49
split_gain=0.253225 0.329029 0.584222 1.49068 0.480005 0.42355 0.815796 0.541673
threshold=0.69137804216400778 0.38001344672454257 4.8081027000528378 8.1099756358206658 8.8684732016442744 5.4358328439971482 3.0399665975477954 1.2424533248940006
decision_type=2 2 2 2 2 2 2 2
left_child=1 5 3 -3 -4 6 -1 -7
right_child=-2 2 4 -5 -6 7 -8 -9
leaf_value=-0.002124069804249775 0.01576220493298024 0.001080385304098441 -0.02219845024602754 0.026924164354152583 0.00022613206412643193 0.028423536363989105 -0.031146176233887674 -0.0044906822964549068
leaf_weight=308 9.9999999999999982 110 13.999999999999998 28 30 10.000000000000002 9.9999999999999982 9.9999999999999982
leaf_count=308 10 110 14 28 30 10 10 10
internal_value=0 -0.000303119 0.00312486 0.00632405 -0.00690896 -0.00214895 -0.00303671 0.0119664
internal_weight=0 520 182 138 44 338 318 20
internal_count=530 520 182 138 44 338 318 20
is_linear=0
shrinkage=0.1


Tree=61
num_leaves=13
num_cat=0
split_feature=31 40 36 23 102 84 52 42 34 92 81 44
split_gain=0.261946 1.17196 0.765351 0.654713 0.622751 1.96574 1.50298 0.62198 0.521924 0.698602 0.352233 0.327356
threshold=3.9219243190762363 3.0677824455408698 3.4175922930736511 0.69314718055994573 3.8176519431297078 0.64073520474543988 3.3410542987249046 6.5560373146472513 5.5154246272451131 3.8389397950585522 0.69314717937938974 3.4498615536424366
decision_type=2 2 2 2 2 2 2 2 2 2 2 2
left_child=1 8 11 -3 5 -4 -6 -5 10 -10 -1 -2
right_child=2 3 4 7 6 -7 -8 -9 9 -11 -12 -13
leaf_value=0.012306765825875726 -0.0097631229273974877 -0.0039097813815858811 -0.00074974139838198588 -0.0054553251713514335 -0.040242082490162423 0.041960140174398058 -0.0014576480939659641 0.021819876529751162 0.012023711191224201 -0.007563547738385897 -0.001781552621978335 -0.033121045157313345
leaf_weight=36 15.000000000000002 19 63 9.9999999999999982 10.999999999999998 12.999999999999998 109 51 21 137 35 9.9999999999999982
leaf_count=36 15 19 63 10 11 13 109 51 21 137 35 10
internal_value=0 0.00188012 -0.00262876 0.0122997 -0.000527033 0.0065559 -0.00501289 0.0173485 -0.00175991 -0.00496018 0.00536182 -0.0191063
internal_weight=0 309 221 80 196 76 120 61 229 158 71 25
internal_count=530 309 221 80 196 76 120 61 229 158 71 25
is_linear=0
shrinkage=0.1


Tree=62
num_leaves=5
num_cat=0
split_feature=103 17 87 87
split_gain=0.240252 0.481045 0.291492 0.269747
threshold=6.9687720514744784 5.3028591759145582 0.69203494894347872 0.68989719649497816
decision_type=2 2 2 2
left_child=1 2 3 -1
right_child=-2 -3 -4 -5
leaf_value=0.00010115194486295077 0.013426696852995799 -0.022057191692292692 0.016994698466733099 -0.015734724294055591
leaf_weight=486 12.999999999999998 9.9999999999999982 9.9999999999999982 10.999999999999998
leaf_count=486 13 10 10 11
internal_value=0 -0.000337615 9.07788e-05 -0.00024934
internal_weight=0 517 507 497
internal_count=530 517 507 497
is_linear=0
shrinkage=0.1


Tree=63
num_leaves=8
num_cat=0
split_feature=45 43 65 63 46 104 12
split_gain=0.242844 0.672538 0.347386 1.00816 0.627936 0.263413 0.165494
threshold=5.1297411325849991 5.6221699441047184 3.7076924785594065 4.6959141240107813 8.8928122467075443 2.6735537653587351 3.9019216517693867
decision_type=2 2 2 2 2 2 2
left_child=1 2 4 -4 -1 -3 -2
right_child=6 5 3 -5 -6 -7 -8
leaf_value=0.00065083461308637885 0.019721584923099722 -0.029904579445719712 -0.032220903101066754 -0.0012346179923042656 0.018426900099785554 -0.0069518811069428921 0.0026102912254058401
leaf_weight=370 10.000000000000002 10.000000000000002 11.999999999999998 84 21 9.9999999999999982 12.999999999999998
leaf_count=370 10 10 12 84 21 10 13
internal_value=0 -0.000455916 0.000282166 -0.0051079 0.00160556 -0.0184282 0.01005
internal_weight=0 507 487 96 391 20 23
internal_count=530 507 487 96 391 20 23
is_linear=0
shrinkage=0.1


Tree=64
num_leaves=11
num_cat=0
split_feature=43 19 26 18 92 30 23 55 50 3
split_gain=0.223379 0.778927 0.930861 1.32034 0.7515 0.598255 0.482678 0.649966 0.102323 0.101091
threshold=3.0201273556387078 4.2268071048866842 6.3296954855368641 6.5359075343019937 3.8881730873040423 5.7364422077165234 0.34657359027997314 2.0126758453675748 5.4094089116575796 2.524928003624769
decision_type=2 2 2 2 2 2 2 2 2 2
left_child=1 2 5 -4 8 -1 -6 -8 -2 -10
right_child=4 -3 3 -5 6 -7 7 -9 9 -11
leaf_value=0.0031493770959197631 -0.0085326872020959829 -0.022398601286113262 0.03653080491896938 0.0056647163550369445 -0.017566092711252472 -0.011621200954098077 0.011811259483090706 -0.0014049360510719898 -0.013812048397958274 -0.028031119704246522
leaf_weight=79 10.000000000000002 11.999999999999998 17 75 14.999999999999998 42 45 215 10.000000000000002 9.9999999999999982
leaf_count=79 10 12 17 75 15 42 45 215 10 10
internal_value=0 0.00239024 0.0037868 0.0113682 -0.00176329 -0.0019776 -0.000123804 0.000882482 -0.016792 -0.0209216
internal_weight=0 225 213 92 305 121 275 260 30 20
internal_count=530 225 213 92 305 121 275 260 30 20
is_linear=0
shrinkage=0.1


Tree=65
num_leaves=9
num_cat=0
split_feature=64 16 98 55 38 35 77 29
split_gain=0.217739 0.514909 0.434167 0.377354 0.340133 0.188791 0.0898599 0.0432281
threshold=5.3272200124283691 4.9451504953659766 4.4484992763719129 5.0782890901091458 7.9355850814437998 3.8815106545092593 2.1383330595080281 5.24435769543829
decision_type=2 2 2 2 2 2 2 2
left_child=1 2 3 -1 -3 -4 -6 -2
right_child=7 4 5 -5 6 -7 -8 -9
leaf_value=0.00028594276097148019 0.014884388335049148 -0.026668256114829671 0.024462736658751955 -0.017686226777732374 -0.00026157555569495468 0.0054780433547090401 -0.012673083725967444 0.0055862014647573236
leaf_weight=442 10.000000000000002 10.999999999999998 10.000000000000002 11.999999999999998 14.000000000000002 10.999999999999998 9.9999999999999982 9.9999999999999982
leaf_count=442 10 11 10 12 14 11 10 10
internal_value=0 -0.000401384 0.000461132 -0.000189093 -0.012107 0.0145184 -0.00543304 0.0102353
internal_weight=0 510 475 454 35 21 24 20
internal_count=530 510 475 454 35 21 24 20
is_linear=0
shrinkage=0.1


Tree=66
num_leaves=6
num_cat=0
split_feature=70 70 95 101 69
split_gain=0.217997 0.413274 0.259369 0.62099 0.378364
threshold=0.017943753505510068 0.075964233161785757 1.700598690831078 1.0000000180025095e-35 2.9352895086303543
decision_type=2 2 2 2 2
left_child=-1 -2 3 -3 -4
right_child=1 2 4 -5 -6
leaf_value=-0.012312546691724234 0.016689701353510219 0.0064234415287501186 0.0066195743015179265 -0.010729379025137714 -0.0006983536199255423
leaf_weight=13.999999999999998 14.999999999999998 32 91 62 316
leaf_count=14 15 32 91 62 316
internal_value=0 0.000334061 -0.000155628 -0.00489012 0.000937842
internal_weight=0 516 501 94 407
internal_count=530 516 501 94 407
is_linear=0
shrinkage=0.1


Tree=67
num_leaves=7
num_cat=0
split_feature=45 39 49 34 38 6
split_gain=0.192395 0.631809 0.702133 0.295994 0.773115 0.153581
threshold=5.0625750037842705 5.5234569284970156 2.4414009612931857 9.2405287616468446 8.9933631558035643 8.2836186497455682
decision_type=2 2 2 2 2 2
left_child=1 3 -3 4 -1 -2
right_child=5 2 -4 -5 -6 -7
leaf_value=0.00060787160789548813 0.017363495057956733 -0.036504839658737173 -0.0018110810246850764 0.016573740609667518 -0.026219579611312261 0.0018069419140617053
leaf_weight=458 11.000000000000002 10.000000000000002 13.999999999999998 10.999999999999998 10.999999999999998 14.999999999999998
leaf_count=458 11 10 14 11 11 15
internal_value=0 -0.000432743 -0.0162668 0.00035896 -2.13437e-05 0.00838856
internal_weight=0 504 24 480 469 26
internal_count=530 504 24 480 469 26
is_linear=0
shrinkage=0.1


Tree=68
num_leaves=6
num_cat=0
split_feature=61 70 16 99 72
split_gain=0.191928 0.611593 0.265721 0.70443 0.332487
threshold=9.6483880954106233e-07 0.075964233161785757 1.8688348091416842 1.0986122886681098 0.77975360085780265
decision_type=2 2 2 2 2
left_child=-1 -2 4 -4 -3
right_child=1 2 3 -5 -6
leaf_value=-0.010149148272143471 0.022666354787846409 -0.0066241887450040797 0.0090790634052417083 -0.0012005851682596524 0.011051880785574515
leaf_weight=18 11.999999999999998 94 85 309 11.999999999999998
leaf_count=18 12 94 85 309 12
internal_value=0 0.000356806 -0.000178623 0.00101711 -0.00462312
internal_weight=0 512 500 394 106
internal_count=530 512 500 394 106
is_linear=0
shrinkage=0.1


Tree=69
num_leaves=9
num_cat=0
split_feature=89 86 89 44 46 102 50 32
split_gain=0.181552 0.258252 0.426821 0.539999 0.357983 0.351845 0.459839 0.37732
threshold=0.69137804216400778 0.38001344672454257 0.48190581166818841 2.9700856263602158 8.6052910742775399 1.8688348091416846 6.3698291419571005 1.0000000180025095e-35
decision_type=2 2 2 2 2 2 2 2
left_child=1 5 3 -3 -4 6 -1 -7
right_child=-2 2 4 -5 -6 7 -8 -9
leaf_value=-0.013644554359372705 0.013346402682363987 -0.00090657020238370852 -0.00082804607670931602 0.01199723909581628 -0.021880759894847873 0.010578146319215498 0.00064262333354435678 -0.0013868553242066765
leaf_weight=50 9.9999999999999982 62 42 68 9.9999999999999982 30 41 217
leaf_count=50 10 62 42 68 10 30 41 217
internal_value=0 -0.000256662 0.00278033 0.00584311 -0.00487664 -0.00189196 -0.00720747 6.63837e-05
internal_weight=0 520 182 130 52 338 91 247
internal_count=530 520 182 130 52 338 91 247
is_linear=0
shrinkage=0.1


Tree=70
num_leaves=8
num_cat=0
split_feature=68 22 18 46 98 32 102
split_gain=0.183638 0.237094 0.854664 0.909708 0.482735 0.371519 0.293912
threshold=1.7753383804104665 6.2671555386121431 6.4264832207863298 7.7580950104539674 1.0000000180025095e-35 2.6735537653587347 1.0986122886681102
decision_type=2 2 2 2 2 2 2
left_child=-1 5 3 -3 -4 6 -2
right_child=1 2 4 -5 -6 -7 -8
leaf_value=0.012785895748741248 -0.0086963515979452781 0.040416309102015047 -0.012552778204453403 -0.0012576150707900525 0.00088506310858916257 -0.016921132305440935 0.0021644939108333297
leaf_weight=10.999999999999998 39 11.000000000000002 29 9.9999999999999982 342 19 69
leaf_count=11 39 11 29 10 342 19 69
internal_value=0 -0.000270992 0.000945572 0.0205716 -0.000165334 -0.00402606 -0.00175748
internal_weight=0 519 392 21 371 127 108
internal_count=530 519 392 21 371 127 108
is_linear=0
shrinkage=0.1


Tree=71
num_leaves=11
num_cat=0
split_feature=100 29 92 61 101 43 96 7 38 21
split_gain=0.174096 0.791831 0.427599 0.75091 0.406586 0.73693 0.579215 0.570329 0.754004 0.605392
threshold=3.0677824455408698 2.6735537653587347 3.9999521505534701 0.69959842077299605 2.3502401828962092 5.4636881475041514 7.7200154778615948 4.1510089048756029 6.8187896747358065 3.2769667020129059
decision_type=2 2 2 2 2 2 2 2 2 2
left_child=1 2 3 -1 5 6 -2 9 -9 -6
right_child=4 -3 -4 -5 7 -7 -8 8 -10 -11
leaf_value=0.028314541652798654 -0.0063157739395902097 0.022690918868304127 -0.016295487140970573 -0.00081329356581154105 0.00428378084627322 -0.031381317116320133 0.010505160772241652 -0.022039560135453939 0.00015983456942432386 0.026846014994329644
leaf_weight=9.9999999999999982 113 18 13.999999999999998 77 79 9.9999999999999982 25 17 153 13.999999999999998
leaf_count=10 113 18 14 77 79 10 25 17 153 14
internal_value=0 0.00336825 -7.53961e-05 0.00253473 -0.000975235 -0.00516802 -0.0032685 0.0013842 -0.0020601 0.00768025
internal_weight=0 119 101 87 411 148 138 263 170 93
internal_count=530 119 101 87 411 148 138 263 170 93
is_linear=0
shrinkage=0.1


Tree=72
num_leaves=13
num_cat=0
split_feature=35 44 23 47 33 7 92 36 5 101 13 26
split_gain=0.18536 0.898432 0.642027 0.436396 0.647158 0.395811 0.440303 0.368974 0.365901 0.622959 0.413223 0.339188
threshold=3.9219243190762363 3.0677824455408698 3.4175922930736511 2.9700856263602162 2.1383330595080285 4.2268071048866842 4.0391968006356125 3.5408542930527882 2.1383330595080285 4.9331198848090459e-18 2.3502401828962087 7.6778630720086172
decision_type=2 2 2 2 2 2 2 2 2 2 2 2
left_child=1 5 -2 4 -3 6 -1 -5 10 -10 -4 -7
right_child=2 3 8 7 -6 11 -8 -9 9 -11 -12 -13
leaf_value=0.0012777246950993583 -0.025761481396726928 0.0042166738856273395 0.024929547657004805 -0.0048673578791997652 0.032340882314989966 -0.022248428780585524 -0.017108343834323542 0.013061796509039901 -0.022699378540606371 -0.00077284489072198268 -0.0024805672636086292 -0.00050202015084393613
leaf_weight=187 10.999999999999998 14.999999999999998 11.000000000000002 22 18 16.000000000000004 13.999999999999998 24 13.999999999999998 174 10.999999999999998 12.999999999999998
leaf_count=187 11 15 11 22 18 16 14 24 14 174 11 13
internal_value=0 0.00158157 -0.00221133 0.0107821 0.0195572 -0.00157862 -2.89699e-06 0.00448698 -0.00097775 -0.00240567 0.0112245 -0.0125
internal_weight=0 309 221 79 33 230 201 46 210 188 22 29
internal_count=530 309 221 79 33 230 201 46 210 188 22 29
is_linear=0
shrinkage=0.1


Tree=73
num_leaves=6
num_cat=0
split_feature=103 21 103 17 39
split_gain=0.171946 0.295721 0.188195 0.596672 0.346945
threshold=6.8188517975191791 5.3028591759145582 5.3958951239350581 3.1984648276080736 5.4093888920383506
decision_type=2 2 2 2 2
left_child=1 2 4 -4 -1
right_child=-2 -3 3 -5 -6
leaf_value=-4.3121392081957312e-06 0.010553973835582535 -0.01733616763725877 0.015998809399275945 -0.0011328818785841578 -0.01028536976211601
leaf_weight=372 14.999999999999998 9.9999999999999982 29 68 36
leaf_count=372 15 10 29 68 36
internal_value=0 -0.000307397 2.98061e-05 0.00398896 -0.000911464
internal_weight=0 515 505 97 408
internal_count=530 515 505 97 408
is_linear=0
shrinkage=0.1


Tree=74
num_leaves=8
num_cat=0
split_feature=64 17 25 33 87 47 61
split_gain=0.153845 0.340817 0.36163 0.587512 0.232233 0.169071 0.0433365
threshold=5.3272200124283691 4.3630783395783075 4.3241107269113215 4.3241107269113215 0.5776630603593943 3.7726948748059121 5.0375423454816302
decision_type=2 2 2 2 2 2 2
left_child=1 2 3 -1 5 -3 -2
right_child=6 4 -4 -5 -6 -7 -8
leaf_value=0.00058278114219218781 0.013258382831700142 -0.014193729528536401 0.013950155065149853 -0.018369666544501395 -0.022268506065011025 0.00082051887642592197 0.0039485531207174062
leaf_weight=432 10.000000000000002 11.999999999999998 19 17 9.9999999999999982 20 9.9999999999999982
leaf_count=432 10 12 19 17 10 20 10
internal_value=0 -0.000337391 0.00043703 -0.000134795 -0.00896665 -0.00480982 0.00860347
internal_weight=0 510 468 449 42 32 20
internal_count=530 510 468 449 42 32 20
is_linear=0
shrinkage=0.1


Tree=75
num_leaves=6
num_cat=0
split_feature=70 70 29 39 19
split_gain=0.153145 0.270792 0.198341 0.569518 0.520715
threshold=0.017943753505510068 0.075964233161785757 2.3502401828962087 4.0689902272260703 3.4811217321331038
decision_type=2 2 2 2 2
left_child=-1 -2 3 -3 -4
right_child=1 2 4 -5 -6
leaf_value=-0.010319867064910275 0.013519340033332508 -0.0014457531655625645 0.0083350443962262946 -0.026044787243008617 -0.00092966981743280584
leaf_weight=13.999999999999998 14.999999999999998 160 80 9.9999999999999982 251
leaf_count=14 15 160 80 10 251
internal_value=0 0.000279996 -0.000116391 -0.00289276 0.00130954
internal_weight=0 516 501 170 331
internal_count=530 516 501 170 331
is_linear=0
shrinkage=0.1


Tree=76
num_leaves=10
num_cat=0
split_feature=46 50 45 8 100 100 72 49 85
split_gain=0.158852 0.905899 0.764086 0.357487 0.592973 0.450208 0.20735 0.496655 0.280558
threshold=8.8684732016442744 6.7154340724707451 4.3630783395783075 3.795426061844291 5.1445790166580574 3.9219243190762363 0.77975360085780265 2.1383330595080285 0.22311168043172622
decision_type=2 2 2 2 2 2 2 2 2
left_child=2 -2 6 5 -5 -3 8 -8 -1
right_child=1 3 -4 4 -6 -7 7 -9 -10
leaf_value=-0.0030810487283325699 0.02384332451555464 0.00074535351819716945 -0.028053806014358997 0.025152300987392663 -0.0033537130009520938 -0.027477358356118205 0.025898409327492114 -0.0037444332542900857 0.00209956336079631
leaf_weight=219 18 13.000000000000002 9.9999999999999982 9.9999999999999982 27 9.9999999999999982 10.000000000000002 12.999999999999998 200
leaf_count=219 18 13 10 10 27 10 10 13 200
internal_value=0 0.00416755 -0.000719178 -0.00173519 0.00435062 -0.0115254 -0.000100748 0.00914376 -0.000608203
internal_weight=0 78 452 60 37 23 442 23 419
internal_count=530 78 452 60 37 23 442 23 419
is_linear=0
shrinkage=0.1


Tree=77
num_leaves=8
num_cat=0
split_feature=34 37 65 25 27 55 32
split_gain=0.157527 0.740405 0.325124 0.241019 0.797149 0.771623 0.206248
threshold=9.185539850554834 4.3882378946731615 4.4378635324613827 3.3140206880897671 4.2268071048866842 3.2769667020129059 5.7163726239213508
decision_type=2 2 2 2 2 2 2
left_child=1 3 -2 4 -1 -5 -4
right_child=2 -3 6 5 -6 -7 -8
leaf_value=0.00010366591912951129 0.016568538124727854 -0.02239606771618128 -0.0095458428441945985 0.019619092676788571 -0.018802727844255667 8.8506542285684642e-05 0.0076192381159801564
leaf_weight=315 17 14.999999999999998 14.000000000000002 25 24 106 13.999999999999998
leaf_count=315 17 15 14 25 24 106 14
internal_value=0 -0.00052514 0.00565984 0.000172869 -0.00123484 0.00381572 -0.000963302
internal_weight=0 485 45 470 339 131 28
internal_count=530 485 45 470 339 131 28
is_linear=0
shrinkage=0.1


Tree=78
num_leaves=9
num_cat=0
split_feature=68 44 35 23 47 78 23 83
split_gain=0.144091 0.199214 0.637709 0.73908 0.331812 0.324894 0.537212 0.325559
threshold=1.7753383804104665 3.0201273556387074 3.9219243190762363 3.4175922930736511 2.9700856263602162 0.1593019913951835 3.9219243190762363 0.17647353646274655
decision_type=2 2 2 2 2 2 2 2
left_child=-1 5 4 -4 -3 7 -7 -2
right_child=1 2 3 -5 -6 6 -8 -9
leaf_value=0.011325786728411913 -0.0040250810639311874 0.016555042120436316 -0.027942095352336768 -8.8011742967982501e-05 0.0035862359317376264 0.0025449532058758901 -0.018806297294997002 -0.018807816260347242
leaf_weight=10.999999999999998 69 34 9.9999999999999982 201 47 126 12.999999999999998 19
leaf_count=11 69 34 10 201 47 126 13 19
internal_value=0 -0.000240046 0.00148737 -0.00140811 0.00902993 -0.0024621 0.000548074 -0.00721681
internal_weight=0 519 292 211 81 227 139 88
internal_count=530 519 292 211 81 227 139 88
is_linear=0
shrinkage=0.1


Tree=79
num_leaves=7
num_cat=0
split_feature=45 39 53 34 38 67
split_gain=0.143121 0.369242 0.48212 0.198203 0.417004 0.113244
threshold=5.0625750037842705 5.5234569284970156 1.5119428067218552 9.1334875375465199 8.9933631558035643 5.65028673736711
decision_type=2 2 2 2 2 2
left_child=1 3 -3 4 -1 -2
right_child=5 2 -4 -5 -6 -7
leaf_value=0.00028851648151954722 0.014941799378191879 0.001695368842532237 -0.026651301886886358 0.010836739914820474 -0.020356331616640091 0.0015834768725714336
leaf_weight=453 11.000000000000002 12.000000000000002 11.999999999999998 17 9.9999999999999982 14.999999999999998
leaf_count=453 11 12 12 17 10 15
internal_value=0 -0.000373238 -0.012478 0.000231998 -0.000157377 0.00723507
internal_weight=0 504 24 480 463 26
internal_count=530 504 24 480 463 26
is_linear=0
shrinkage=0.1


Tree=80
num_leaves=8
num_cat=0
split_feature=103 59 103 19 1 86 85
split_gain=0.135427 0.207875 0.252993 0.444972 0.273291 0.17449 0.137228
threshold=6.8188517975191791 5.3002884761643498 5.3958951239350581 3.2384861814448418 4.0163424379838117 0.38001344672454257 0.65833861363706359
decision_type=2 2 2 2 2 2 2
left_child=1 2 4 -4 -1 6 -3
right_child=-2 5 3 -5 -6 -7 -8
leaf_value=-0.0013935341892038055 0.0093663971172645698 -0.0054919356945902073 0.020866490282060113 0.0018123145243013974 0.010598122933879496 0.001905013316056945 -0.022058656737208367
leaf_weight=382 14.999999999999998 10.000000000000005 14.999999999999998 67 20 10.999999999999998 9.9999999999999982
leaf_count=382 15 10 15 67 20 11 10
internal_value=0 -0.000272808 0.00023565 0.00529783 -0.000796934 -0.00821132 -0.0137753
internal_weight=0 515 484 82 402 31 20
internal_count=530 515 484 82 402 31 20
is_linear=0
shrinkage=0.1


Tree=81
num_leaves=11
num_cat=0
split_feature=5 101 28 47 16 99 2 53 68 15
split_gain=0.14201 0.680441 0.426796 0.261528 0.231264 0.492148 0.426971 0.36723 0.309219 0.195799
threshold=1.0000000180025095e-35 3.1567740231385479 0.69314718055994573 1.7917594692280556 1.8688348091416842 1.0986122886681098 7.4573156919860084 1.5119428067218552 1.8443984105843512 1.5937771935536918e-17
decision_type=2 2 2 2 2 2 2 2 2 2
left_child=1 2 3 -1 8 6 -6 -7 -2 -10
right_child=4 -3 -4 -5 5 7 -8 -9 9 -11
leaf_value=0.011720069957276183 0.0087201904172876064 -0.014964699200712717 0.024705547690391544 -0.0091576802916824834 0.0040179786970838908 0.0045834059522728903 0.022762615350075066 -0.0033416260043676533 -0.00025984275942811597 -0.010822337091451993
leaf_weight=15.000000000000002 13.999999999999998 12.999999999999998 14.999999999999998 9.9999999999999982 64 79 14.999999999999998 225 26 54
leaf_count=15 14 13 15 10 64 79 15 225 26 54
internal_value=0 0.00491069 0.0113702 0.00336897 -0.000545632 0.000545204 0.00757709 -0.00128216 -0.00499021 -0.00738953
internal_weight=0 53 40 25 477 383 79 304 94 80
internal_count=530 53 40 25 477 383 79 304 94 80
is_linear=0
shrinkage=0.1


Tree=82
num_leaves=8
num_cat=0
split_feature=38 38 35 42 65 41 51
split_gain=0.125839 0.385541 0.553787 0.399581 0.380033 0.227935 0.154229
threshold=9.2721573370693324 8.9808621585217967 5.5234569284970156 8.8928122467075443 4.4524769066904861 3.3842466058243152 4.3502571242716384
decision_type=2 2 2 2 2 2 2
left_child=1 3 -3 5 -2 -1 -6
right_child=4 2 -4 -5 6 -7 -8
leaf_value=0.00085285096262272095 0.019374299049377444 -0.023018545876531037 0.0066385743394494065 0.01486512173174156 -0.011353111923672256 -0.004621995271173949 0.0051655840755511937
leaf_weight=352 12.999999999999998 17.000000000000004 9.9999999999999982 18 10.000000000000002 97 12.999999999999998
leaf_count=352 13 17 10 18 10 97 13
internal_value=0 -0.000415966 -0.0120344 0.000255765 0.00570798 -0.000329911 -0.00201646
internal_weight=0 494 27 467 36 449 23
internal_count=530 494 27 467 36 449 23
is_linear=0
shrinkage=0.1


Tree=83
num_leaves=13
num_cat=0
split_feature=25 68 87 27 33 59 7 9 33 98 89 80
split_gain=0.124047 0.678588 0.601159 0.570782 0.523033 0.459 0.41781 0.439954 0.390768 0.344259 0.170216 0.159159
threshold=3.3140206880897671 4.1543111799494712 0.17855064670070073 4.1820210059610323 3.4811217321331038 3.6105525490912487 4.2268071048866842 3.5972184255501678 3.1984648276080736 3.4175922930736511 0.25411493024883131 0.48553517888682912
decision_type=2 2 2 2 2 2 2 2 2 2 2 2
left_child=3 2 10 6 -5 -3 7 -1 -4 -7 -2 -8
right_child=1 5 8 4 -6 9 11 -9 -10 -11 -12 -13
leaf_value=0.00043396066793964597 0.0095221513350095058 -0.020141045081739625 0.0098920276761054957 -0.025867014794665216 0.00023398277615862236 0.0096945956116542224 -0.020008243276522706 0.02083040519659831 0.036657821631524715 -0.0025192941802088171 -0.0067083420425963899 -0.0036644618958234787
leaf_weight=274 14.000000000000002 11.999999999999998 10.000000000000002 17.000000000000004 13.999999999999998 30 13.000000000000002 10.999999999999998 11.999999999999998 100 11.999999999999998 10.999999999999998
leaf_count=274 14 12 10 17 14 30 13 11 12 100 12 11
internal_value=0 0.00204653 0.0123255 -0.00114365 -0.0140795 -0.00142806 0.000154121 0.00122119 0.0244916 0.000299296 0.00203115 -0.0125173
internal_weight=0 190 48 340 31 142 309 285 22 130 26 24
internal_count=530 190 48 340 31 142 309 285 22 130 26 24
is_linear=0
shrinkage=0.1


Tree=84
num_leaves=13
num_cat=0
split_feature=22 18 46 67 98 5 99 33 81 26 29 101
split_gain=0.122146 0.569981 0.566253 0.351486 0.305268 0.432253 0.288926 0.241871 0.393526 0.34082 0.238837 0.158066
threshold=6.2671555386121431 6.4264832207863298 7.7580950104539674 3.5114340430413216 1.0000000180025095e-35 1.8688348091416844 2.3502401828962087 1.2424533248940006 1.5598420138618188 5.6869696108313716 2.3502401828962087 1.2424533248940004
decision_type=2 2 2 2 2 2 2 2 2 2 2 2
left_child=3 2 -2 7 10 -6 11 8 -1 -9 -3 -5
right_child=1 4 -4 6 5 -7 -8 9 -10 -11 -12 -13
leaf_value=0.013656626886653681 0.032584863494742988 -0.019925120931405284 -0.00029414126649498942 -0.015614945385605093 0.012971917800260364 -0.00021201781390811365 -0.025336427381262183 0.0022276374125794972 -0.0045955993390331667 -0.014413165594451131 -0.0016770007205195725 6.5645058121946125e-05
leaf_weight=27 11.000000000000002 13.000000000000002 9.9999999999999982 10.000000000000002 27 315 9.9999999999999982 32 21 20 15.999999999999998 18
leaf_count=27 11 13 10 10 27 315 10 32 21 20 16 18
internal_value=0 0.000900739 0.0169282 -0.00255862 -6.47551e-06 0.000828819 -0.0107456 0.000552424 0.00567128 -0.00417267 -0.00985719 -0.00553457
internal_weight=0 392 21 138 371 342 38 100 48 52 29 28
internal_count=530 392 21 138 371 342 38 100 48 52 29 28
is_linear=0
shrinkage=0.1


Tree=85
num_leaves=6
num_cat=0
split_feature=70 70 29 96 39
split_gain=0.123816 0.222071 0.149958 0.378569 0.344129
threshold=0.017943753505510068 0.075964233161785757 2.3502401828962087 5.5391444897808926 4.0689902272260703
decision_type=2 2 2 2 2
left_child=-1 -2 4 -4 -3
right_child=1 2 3 -5 -6
leaf_value=-0.009279227363211769 0.012241084948182107 -0.0013965021956755664 0.020293367430567741 0.00053576599155382961 -0.020518128356779925
leaf_weight=13.999999999999998 14.999999999999998 160 9.9999999999999982 321 9.9999999999999982
leaf_count=14 15 160 10 321 10
internal_value=0 0.000251762 -0.0001072 0.00113267 -0.0025213
internal_weight=0 516 501 331 170
internal_count=530 516 501 331 170
is_linear=0
shrinkage=0.1


Tree=86
num_leaves=5
num_cat=0
split_feature=103 13 87 98
split_gain=0.120253 0.167362 0.189277 0.18475
threshold=6.8188517975191791 5.1297411325849991 0.69203494894347872 4.4484992763719129
decision_type=2 2 2 2
left_child=1 2 3 -1
right_child=-2 -3 -4 -5
leaf_value=-0.00071074772608636688 0.0088260719428459797 -0.011459310653691109 0.013653092933818698 0.0077980256777394705
leaf_weight=465 14.999999999999998 12.999999999999998 9.9999999999999982 27
leaf_count=465 15 13 10 27
internal_value=0 -0.00025707 3.30277e-05 -0.000243803
internal_weight=0 515 502 492
internal_count=530 515 502 492
is_linear=0
shrinkage=0.1


Tree=87
num_leaves=7
num_cat=0
split_feature=51 75 49 81 71 57
split_gain=0.108835 0.313504 0.225536 0.218581 0.212051 0.18131
threshold=5.74454174524233 3.7726948748059121 4.3241107269113215 0.21000796971949867 3.5105419821445705 2.7977788940599999
decision_type=2 2 2 2 2 2
left_child=2 -2 4 -4 5 -1
right_child=1 -3 3 -5 -6 -7
leaf_value=0.00077956447428071199 0.018823398717425083 -0.0050514334643428985 0.00085846963028113051 -0.015289713628590107 0.010911886549244326 -0.0044126237061147284
leaf_weight=374 11.000000000000002 10.999999999999998 14.999999999999998 19 18 82
leaf_count=374 11 11 15 19 18 82
internal_value=0 0.00688598 -0.000298212 -0.00816552 0.00026611 -0.000154118
internal_weight=0 22 508 34 474 456
internal_count=530 22 508 34 474 456
is_linear=0
shrinkage=0.1


Tree=88
num_leaves=8
num_cat=0
split_feature=89 32 64 36 49 41 101
split_gain=0.107727 0.172603 0.483772 0.36118 0.575253 0.232763 0.226627
threshold=0.69137804216400778 4.9451504953659766 4.6855849445545346 4.6867395546766826 2.0126758453675753 3.9607678160667752 3.7132745361986528
decision_type=2 2 2 2 2 2 2
left_child=1 3 -3 5 -5 -1 -4
right_child=-2 2 6 4 -6 -7 -8
leaf_value=-0.00066260528032823158 0.010280761681497098 0.023899612231815068 -0.0089989874250022694 -0.029623074355450536 0.00048439443732301398 0.0096690632321912318 0.0063655893608180738
leaf_weight=420 9.9999999999999982 10.999999999999998 15.999999999999998 11.000000000000002 14.999999999999998 23 24
leaf_count=420 10 11 16 11 15 23 24
internal_value=0 -0.000197707 0.00532718 -0.000798494 -0.0122534 -0.000126198 0.000219759
internal_weight=0 520 51 469 26 443 40
internal_count=530 520 51 469 26 443 40
is_linear=0
shrinkage=0.1


Tree=89
num_leaves=6
num_cat=0
split_feature=61 70 29 29 39
split_gain=0.103067 0.330856 0.125374 0.304475 0.282801
threshold=9.6483880954106233e-07 0.075964233161785757 2.3502401828962087 2.524928003624769 4.0689902272260703
decision_type=2 2 2 2 2
left_child=-1 -2 4 -4 -3
right_child=1 2 3 -5 -6
leaf_value=-0.0074373787941618107 0.016670357653250298 -0.0013225585498273045 0.012959017530083656 0.00023001629431284492 -0.018660009074956182
leaf_weight=18 11.999999999999998 159 20 311 9.9999999999999982
leaf_count=18 12 159 20 311 10
internal_value=0 0.00026147 -0.000132343 0.00099914 -0.00234844
internal_weight=0 512 500 331 169
internal_count=530 512 500 331 169
is_linear=0
shrinkage=0.1


Tree=90
num_leaves=11
num_cat=0
split_feature=69 20 101 3 56 47 87 97 18 53
split_gain=0.107356 0.456832 0.789572 0.606763 0.42428 0.31489 0.288925 0.264802 0.242272 0.217823
threshold=2.9639015455405806 2.524928003624769 1.2424533248940004 0.69314718055994573 2.9244822422503498 1.4978661367769959 0.68855453831597668 1.0000000180025095e-35 6.8674505948844944 0.53479999673956868
decision_type=2 2 2 2 2 2 2 2 2 2
left_child=1 5 -3 -4 -2 9 8 -7 -6 -1
right_child=4 2 3 -5 6 7 -8 -9 -10 -11
leaf_value=0.017168412450700998 -0.016512802221319258 0.030870883224102169 -0.012832124077249318 0.010897491889243778 -0.0061653893877519298 0.004440095745027065 -0.015493812524558358 -0.0074638993604084318 0.0015987571213523545 0.001435441153377972
leaf_weight=11.999999999999998 17 12.999999999999998 15.999999999999998 33 48 25 11.999999999999998 74 247 33
leaf_count=12 17 13 16 33 48 25 12 74 247 33
internal_value=0 0.0017849 0.00896169 0.00314905 -0.00113484 -0.00130511 -0.000283295 -0.00445784 0.000335438 0.0056309
internal_weight=0 206 62 49 324 144 307 99 295 45
internal_count=530 206 62 49 324 144 307 99 295 45
is_linear=0
shrinkage=0.1


Tree=91
num_leaves=7
num_cat=0
split_feature=95 85 58 88 88 38
split_gain=0.102799 0.150343 0.21975 0.155198 0.420965 0.280071
threshold=5.3659650969185444 0.68762818263834091 4.2555875595453383 0.643176865477746 0.381909351472076 6.1002787324210326
decision_type=2 2 2 2 2 2
left_child=1 3 -3 4 -1 -5
right_child=-2 2 -4 5 -6 -7
leaf_value=0.001125443073066717 0.0084550823218056143 -0.017441430936257038 0.0026302937604486942 -0.0059331833654524468 -0.0063786522465213158 0.0082536231318954389
leaf_weight=326 13.999999999999998 12.000000000000002 9.9999999999999982 19 97 52
leaf_count=326 14 12 10 19 97 52
internal_value=0 -0.000229401 -0.00831792 0.000130816 -0.000595354 0.00445715
internal_weight=0 516 22 494 423 71
internal_count=530 516 22 494 423 71
is_linear=0
shrinkage=0.1


Tree=92
num_leaves=13
num_cat=0
split_feature=34 81 46 46 25 82 6 41 16 6 101 7
split_gain=0.102441 0.268485 0.243334 0.312724 0.35551 0.298873 0.222043 0.180981 0.130045 0.181519 0.122667 0.117596
threshold=5.5154246272451131 0.69314717937938974 6.4264832207863298 6.8187896747358065 2.8029010331479989 2.8617925434761911 8.0719859764778956 1.2424533248940006 0.34657359027997359 6.7867163136587552 0.89587973461402726 2.3502401828962087
decision_type=2 2 2 2 2 2 2 2 2 2 2 2
left_child=1 10 5 4 -4 7 -5 -2 -3 -10 11 -1
right_child=2 8 3 6 -6 -7 -8 -9 9 -11 -12 -13
leaf_value=-0.0017324094233723973 0.0023494200015972771 -0.011705440379104072 0.022008605248161721 -0.0026591391142005072 -0.00095667844781508827 0.0071841048455098646 0.0024425141356222654 -0.010277378992953648 -0.0072717323666438433 0.010121727755661898 0.016915709698306663 0.012950650062412023
leaf_weight=12.000000000000002 13.999999999999998 10.999999999999998 14.000000000000002 179 12.999999999999998 15.999999999999998 163 60 12.000000000000002 11.999999999999998 13.999999999999998 9.9999999999999982
leaf_count=12 14 11 14 179 13 16 163 60 12 12 14 10
internal_value=0 0.0035349 -0.000546792 0.000590319 0.0109512 -0.00520895 -0.000227649 -0.00788853 -0.00270171 0.001425 0.00959826 0.00494171
internal_weight=0 71 459 369 27 90 342 74 35 24 36 22
internal_count=530 71 459 369 27 90 342 74 35 24 36 22
is_linear=0
shrinkage=0.1


Tree=93
num_leaves=13
num_cat=0
split_feature=100 33 68 92 60 101 86 100 16 53 98 28
split_gain=0.103481 0.396625 0.516701 0.281107 0.376184 0.199876 0.350868 0.444829 0.417697 0.287927 0.242585 0.129689
threshold=3.0677824455408698 2.6735537653587347 3.840303864535886 3.9835967804790968 0.94068581395887119 2.1383330595080285 0.60309373993985582 3.9701138825728512 3.1984648276080736 1.0000000180025095e-35 2.9490299091605721e-16 1.0000000180025095e-35
decision_type=2 2 2 2 2 2 2 2 2 2 2 2
left_child=1 3 -3 4 -1 6 8 -8 -2 -7 -11 -5
right_child=5 2 -4 11 -6 9 7 -9 -10 10 -12 -13
leaf_value=0.019122093000138798 -0.0027466490910307544 0.030046442477032531 4.1234687281151612e-05 -0.018169444240629669 -0.0003007366866567883 0.013369431887643741 -0.0070249419426545506 0.016206118234378449 -0.017049412981703364 -0.013948689851288996 0.00060529879997465834 -0.0034674762127300108
leaf_weight=11.999999999999998 69 11.000000000000002 11.999999999999998 10.000000000000002 59 17 15.999999999999998 17 29 11.999999999999998 251 14.999999999999998
leaf_count=12 69 11 12 10 59 17 16 17 29 12 251 15
internal_value=0 0.00259681 0.0143916 -0.00022901 0.002982 -0.000751875 -0.00397593 0.00494257 -0.0069791 0.000756522 -5.87615e-05 -0.00934826
internal_weight=0 119 23 96 71 411 131 33 98 280 263 25
internal_count=530 119 23 96 71 411 131 33 98 280 263 25
is_linear=0
shrinkage=0.1


Tree=94
num_leaves=7
num_cat=0
split_feature=45 39 49 47 47 67
split_gain=0.0895102 0.335208 0.39466 0.160849 0.220679 0.072565
threshold=5.0625750037842705 5.5234569284970156 2.4414009612931857 5.3612480808018654 5.1647696471263407 5.65028673736711
decision_type=2 2 2 2 2 2
left_child=1 3 -3 4 -1 -2
right_child=5 2 -4 -5 -6 -7
leaf_value=0.0002969102313292864 0.011890889043835073 -0.027001501396298401 -0.00099072533526590903 0.010139462165534498 -0.013442877253207067 0.0011976723279803992
leaf_weight=452 11.000000000000002 10.000000000000002 13.999999999999998 15.999999999999998 11.999999999999998 14.999999999999998
leaf_count=452 11 10 14 16 12 15
internal_value=0 -0.000295168 -0.0118285 0.000281501 -5.84291e-05 0.00572173
internal_weight=0 504 24 480 464 26
internal_count=530 504 24 480 464 26
is_linear=0
shrinkage=0.1


Tree=95
num_leaves=13
num_cat=0
split_feature=69 20 88 24 56 50 26 13 63 18 7 16
split_gain=0.0870923 0.334566 0.56731 0.558633 0.292441 0.290237 0.270772 0.370645 0.289585 0.25328 0.29792 0.243467
threshold=2.9639015455405806 2.524928003624769 1.0000000180025095e-35 3.4498615536424366 2.8692931984254471 5.8664038519910333 5.6869696108313716 1.0000000180025095e-35 1.2424533248940002 6.8674505948844944 4.2835627800822236 3.1984648276080736
decision_type=2 2 2 2 2 2 2 2 2 2 2 2
left_child=1 6 5 -4 -2 -3 8 -8 -1 11 -11 -6
right_child=4 2 3 -5 9 -7 7 -9 -10 10 -12 -13
leaf_value=0.018532591516321358 -0.017857086714357137 0.010244191292052469 0.030593499750830228 0.00046412755735218529 -0.003319977338071026 -0.0079684187159208327 0.004274167562834919 -0.010045356275148545 0.00073129708913189392 0.0052231382096579182 -0.0017832206813336322 -0.020032306498085913
leaf_weight=10.999999999999998 9.9999999999999982 14.999999999999998 16.000000000000004 9.9999999999999982 42 21 28 51 54 96 165 10.999999999999998
leaf_count=11 10 15 16 10 42 21 28 51 54 96 165 11
internal_value=0 0.00160765 0.00774941 0.0190053 -0.00102215 -0.000379831 -0.00103672 -0.00497008 0.00374382 -0.000486002 0.000793831 -0.00678857
internal_weight=0 206 62 26 324 36 144 79 65 314 261 53
internal_count=530 206 62 26 324 36 144 79 65 314 261 53
is_linear=0
shrinkage=0.1


Tree=96
num_leaves=6
num_cat=0
split_feature=95 85 58 87 51
split_gain=0.0899198 0.110317 0.163171 0.126641 0.13053
threshold=5.3659650969185444 0.68762818263834091 4.2555875595453383 0.69155384640118911 4.1971736807086968
decision_type=2 2 2 2 2
left_child=1 3 -3 4 -1
right_child=-2 2 -4 -5 -6
leaf_value=-0.0011452370079197307 0.0079077070711978861 -0.015004948712885375 0.0022908969409763816 0.010703643432564358 0.0025613161495241983
leaf_weight=353 13.999999999999998 12.000000000000002 9.9999999999999982 10.999999999999998 130
leaf_count=353 14 12 10 11 130
internal_value=0 -0.00021455 -0.0071432 9.40132e-05 -0.000147614
internal_weight=0 516 22 494 483
internal_count=530 516 22 494 483
is_linear=0
shrinkage=0.1


Tree=97
num_leaves=10
num_cat=0
split_feature=17 17 92 16 30 25 47 42 79
split_gain=0.0808272 0.249428 0.273319 0.27206 0.227643 0.197039 0.0541751 0.0747702 0.0538983
threshold=4.3630783395783075 4.0517471391904856 4.1681193345766561 4.5798392285869785 9.2045722280670201 3.3140206880897671 3.7012257604091228 8.5096593973617747 3.6105525490912482
decision_type=2 2 2 2 2 2 2 2 2
left_child=1 2 5 -3 6 -1 -2 -8 -6
right_child=4 3 -4 -5 8 -7 7 -9 -10
leaf_value=-0.0008364388904866407 -0.012757511297240854 0.022853464465588322 -0.015020391127715508 0.0020665792529197301 -0.00093089645728468859 0.0043580049129393235 0.0011636805720627306 -0.0110649948194623 0.0090096053201705224
leaf_weight=340 15.999999999999998 10.000000000000002 11.999999999999998 17 10.000000000000002 93 10.000000000000002 9.9999999999999982 11.999999999999998
leaf_count=340 16 10 12 17 10 93 10 10 12
internal_value=0 0.000432896 -0.000133347 0.00976543 -0.00352288 0.000279227 -0.00842037 -0.00495066 0.0044912
internal_weight=0 472 445 27 58 433 36 20 22
internal_count=530 472 445 27 58 433 36 20 22
is_linear=0
shrinkage=0.1


Tree=98
num_leaves=10
num_cat=0
split_feature=12 100 92 92 32 9 69 8 7
split_gain=0.0843426 0.348855 0.433007 0.317744 0.289316 0.239658 0.762336 0.303611 0.157015
threshold=2.740319461670996 4.135134555718313 4.0383677600831147 3.9947405199776291 3.3497501700808394 1.2424533248940006 2.7935390597270717 3.2769667020129059 2.4414009612931857
decision_type=2 2 2 2 2 2 2 2 2
left_child=1 2 4 8 -1 -2 -7 -8 -3
right_child=5 3 -4 -5 -6 6 7 -9 -10
leaf_value=-0.00072907773822213941 -0.015469050923870367 0.010814493654834221 -0.019739299597726627 0.019704637645433346 0.013987968000583351 0.025416556830433285 -0.0073387881963333087 0.00024463538282427444 -0.0047739362635184079
leaf_weight=122 10.999999999999998 12.000000000000002 10.999999999999998 18 14.999999999999998 10.999999999999998 67 249 13.999999999999998
leaf_count=122 11 12 11 18 15 11 67 249 14
internal_value=0 0.00167376 -0.000650407 0.00949142 0.000882278 -0.000950775 -0.000462393 -0.00136324 0.00242072
internal_weight=0 192 148 44 137 338 327 316 26
internal_count=530 192 148 44 137 338 327 316 26
is_linear=0
shrinkage=0.1


Tree=99
num_leaves=12
num_cat=0
split_feature=38 81 4 46 81 22 88 31 88 77 30
split_gain=0.088621 0.187843 0.187336 0.162514 0.310077 0.318369 0.212962 0.351042 0.343245 0.087008 0.0978689
threshold=5.4227230155794315 1.2147089813181282 2.249904835165133 6.0649412535860643 1.3704200066501007 5.7120799114421201 0.643176865477746 3.7726948748059121 0.381909351472076 2.4414009612931862 4.996846910211139
decision_type=2 2 2 2 2 2 2 2 2 2 2
left_child=1 9 -3 4 5 -2 8 -8 -5 -1 -11
right_child=3 2 -4 6 -6 -7 7 -9 -10 10 -12
leaf_value=0.01299290077877231 0.0030580630525946619 0.0055251013516681253 -0.013386301865631884 0.001105544750976941 0.0074227905308362103 -0.013340391025532229 0.01550741487628092 -0.00058617331793136673 -0.0064990562081976497 -0.0022063010771359711 0.0094192036753520374
leaf_weight=15.999999999999998 17 10.000000000000002 10.999999999999998 259 15.999999999999998 39 23 33 77 14.000000000000002 14.999999999999998
leaf_count=16 17 10 11 259 16 39 23 33 77 14 15
internal_value=0 0.00342861 -0.00438087 -0.00048769 -0.00485449 -0.00836229 0.000314376 0.00602369 -0.000637176 0.00707303 0.00380689
internal_weight=0 66 21 464 72 56 392 56 336 45 29
internal_count=530 66 21 464 72 56 392 56 336 45 29
is_linear=0
shrinkage=0.1


Tree=100
num_leaves=8
num_cat=0
split_feature=92 25 50 27 48 7 64
split_gain=0.0790634 0.0899564 0.432989 0.395612 0.381022 0.291701 0.179102
threshold=4.2647637620524463 3.3140206880897671 5.5391444897808926 4.1820210059610323 2.6735537653587347 4.2268071048866842 4.6855849445545346
decision_type=2 2 2 2 2 2 2
left_child=1 3 -3 5 -5 -1 -4
right_child=-2 2 6 4 -6 -7 -8
leaf_value=0.0012044316176794828 -0.0080246127792634077 0.016711755190044641 0.0036986572452588004 -0.023753778347080302 -0.0014762164298992824 -0.010274991082648437 -0.0029927935681189413
leaf_weight=285 11.999999999999998 18 80 14.000000000000002 17 24 80
leaf_count=285 12 18 80 14 17 24 80
internal_value=0 0.000185898 0.00200719 -0.000767604 -0.0115371 0.000312826 0.000352932
internal_weight=0 518 178 340 31 309 160
internal_count=530 518 178 340 31 309 160
is_linear=0
shrinkage=0.1


Tree=101
num_leaves=8
num_cat=0
split_feature=65 60 98 9 38 21 57
split_gain=0.078771 0.105471 0.258042 0.154081 0.151098 0.0664129 0.0637131
threshold=5.3344645682746181 4.7712140051397869 4.4484992763719129 3.7494348669884658 7.9355850814437998 4.3241107269113215 4.0582525145209809
decision_type=2 2 2 2 2 2 2
left_child=1 2 3 -1 6 -6 -3
right_child=-2 4 -4 -5 5 -7 -8
leaf_value=-0.00062059646020756081 0.0087911755964159965 -0.016707694567739958 0.015490407149561429 0.0056767193335216758 0.0050817258922117095 -0.003353716413091336 -0.0056789054619995035
leaf_weight=403 9.9999999999999982 10.000000000000002 10.999999999999998 43 13.999999999999998 28 10.999999999999998
leaf_count=403 10 10 11 43 14 28 11
internal_value=0 -0.000169061 0.000359722 -1.34561e-05 -0.00400484 -0.000541902 -0.0109307
internal_weight=0 520 457 446 63 42 21
internal_count=530 520 457 446 63 42 21
is_linear=0
shrinkage=0.1


Tree=102
num_leaves=13
num_cat=0
split_feature=43 40 53 92 37 104 36 28 28 8 88 12
split_gain=0.0722722 0.262402 0.491219 0.299264 0.26397 0.253838 0.248683 0.3077 0.401755 0.240162 0.222094 0.24001
threshold=2.9700856263602162 3.0677824455408698 2.088285792223123 4.031687181325796 2.602003343538398 1.2212453270876714e-15 3.3497501700808394 3.5694334999727624 3.8606743063089755 1.700598690831078 0.56926050640888715 2.740319461670996
decision_type=2 2 2 2 2 2 2 2 2 2 2 2
left_child=1 3 4 5 -3 -1 10 9 -9 -8 11 -2
right_child=6 2 -4 -5 -6 -7 7 8 -10 -11 -12 -13
leaf_value=0.0092456919992149906 -0.0034761339391967874 0.0087733805509439336 -0.0031775304630986957 -0.017075589057058096 0.030772143676877025 -0.0010272434675663129 -0.0024577947834936477 -0.01303305063241472 0.00084166611732143797 0.014085745788826091 0.0042690106874538796 -0.015758255027377835
leaf_weight=29 41 12.000000000000002 19 9.9999999999999982 9.9999999999999982 141 12.999999999999998 24 160 27 18 26
leaf_count=29 41 12 19 10 10 141 13 24 160 27 18 26
internal_value=0 0.0013808 0.00860071 -0.000263734 0.0187728 0.000725198 -0.000987562 0.000759987 -0.00096808 0.0087091 -0.00559287 -0.00824233
internal_weight=0 221 41 180 22 170 309 224 184 40 85 67
internal_count=530 221 41 180 22 170 309 224 184 40 85 67
is_linear=0
shrinkage=0.1


Tree=103
num_leaves=13
num_cat=0
split_feature=53 60 21 53 57 85 61 89 37 74 57 41
split_gain=0.0740635 0.277513 0.326625 0.228624 0.279275 0.204996 0.250996 0.202299 0.1406 0.132543 0.125809 0.103137
threshold=2.3216411824281198 4.5210070858493827 3.5114340430413216 1.7833487763553084 1.8653371286744458 0.45492064854123443 3.0099832101002968 0.028591544580249383 4.5591125415341898 0.16080539883565093 4.8437692045295302 3.6505739029280164
decision_type=2 2 2 2 2 2 2 2 2 2 2 2
left_child=3 2 7 5 -5 6 -1 -2 -6 -7 11 -3
right_child=1 10 -4 4 8 9 -8 -9 -10 -11 -12 -13
leaf_value=0.0008058750678157045 -0.0021235836626146919 -0.0084251990603903936 0.020126286867473808 0.0060592739377170806 -0.009596396968626077 0.003231577683861057 -0.0081110141667965294 0.010171729553004971 0.0031675182003527884 0.014843555433409556 0.006917842477560044 -6.1994036338452636e-05
leaf_weight=215 32 30 13.999999999999998 18 63 33 37 23 9.9999999999999982 13.999999999999998 11.999999999999998 29
leaf_count=215 32 30 14 18 63 33 37 23 10 14 12 29
internal_value=0 0.00197302 0.00648932 -0.000708265 -0.00509704 0.00062745 -0.000503351 0.00301809 -0.00784792 0.00669046 -0.00241605 -0.00431447
internal_weight=0 140 69 390 91 299 252 55 73 47 71 59
internal_count=530 140 69 390 91 299 252 55 73 47 71 59
is_linear=0
shrinkage=0.1


Tree=104
num_leaves=11
num_cat=0
split_feature=38 65 7 37 96 89 92 27 88 77
split_gain=0.0705754 0.159185 0.343219 0.146425 0.399435 0.23846 0.220761 0.219001 0.104565 0.0517451
threshold=5.4227230155794315 2.6108875850678701 3.7012257604091228 2.602003343538398 5.5391444897808926 0.48190581166818841 4.0391968006356125 1.0000000180025095e-35 0.45769956927912475 2.3502401828962083
decision_type=2 2 2 2 2 2 2 2 2 2
left_child=1 8 -3 6 -5 -6 7 -2 9 -1
right_child=3 2 -4 4 5 -7 -8 -9 -10 -11
leaf_value=0.014634554281032509 0.0052768307371121471 -0.016448129205541173 0.0071563921369878318 0.019546420076353987 0.0018967647625516369 -0.0044454333815360219 -0.016580590504136954 -0.0039830124244687312 -0.00051693702653910108 0.0060367914981075696
leaf_weight=14.000000000000002 33 11.000000000000002 13.999999999999998 10.999999999999998 214 82 10.999999999999998 113 12.999999999999998 13.999999999999998
leaf_count=14 33 11 14 11 214 82 11 113 13 14
internal_value=0 0.00305968 -0.0032296 -0.000435213 0.000835156 0.000139804 -0.00291931 -0.00189003 0.0068946 0.0103357
internal_weight=0 66 25 464 307 296 157 146 41 28
internal_count=530 66 25 464 307 296 157 146 41 28
is_linear=0
shrinkage=0.1


Tree=105
num_leaves=6
num_cat=0
split_feature=70 70 16 2 87
split_gain=0.0682716 0.0970867 0.0923979 0.318162 0.136891
threshold=0.017943753505510068 0.075964233161785757 1.8688348091416842 5.6869696108313716 0.66521624299472426
decision_type=2 2 2 2 2
left_child=-1 -2 4 -4 -3
right_child=1 2 3 -5 -6
leaf_value=-0.0068903749609099969 0.0081143015685180824 -0.003804805929311695 0.017425234006209808 0.00017572810449977905 0.0084835442341864107
leaf_weight=13.999999999999998 14.999999999999998 97 10.999999999999998 383 9.9999999999999982
leaf_count=14 15 97 11 383 10
internal_value=0 0.000186948 -5.03978e-05 0.000657313 -0.00265636
internal_weight=0 516 501 394 107
internal_count=530 516 501 394 107
is_linear=0
shrinkage=0.1


Tree=106
num_leaves=8
num_cat=0
split_feature=65 14 14 33 62 50 28
split_gain=0.066446 0.0894668 0.140589 0.539986 0.246524 0.0627438 0.0408236
threshold=5.3344645682746181 9.158047031070609 8.7251520953174779 4.3241107269113215 4.0342014792848504 8.2603544816130654 4.7094896185437563
decision_type=2 2 2 2 2 2 2
left_child=1 2 3 -1 -4 -3 -7
right_child=-2 5 4 -5 -6 6 -8
leaf_value=0.00029156273907875315 0.0080741739645600313 -0.011660974957048894 0.012307211028411986 -0.018433548576649628 -0.0010394619387244025 -0.0070779314687983534 0.00083579950733110315
leaf_weight=411 9.9999999999999982 9.9999999999999982 25 15.999999999999998 31 11.000000000000002 15.999999999999998
leaf_count=411 10 10 25 16 31 11 16
internal_value=0 -0.000155273 0.000207769 -0.000410081 0.00491887 -0.00489444 -0.00238831
internal_weight=0 520 483 427 56 37 27
internal_count=530 520 483 427 56 37 27
is_linear=0
shrinkage=0.1


Tree=107
num_leaves=10
num_cat=0
split_feature=31 92 38 45 23 5 19 25 40
split_gain=0.0624903 0.295885 0.333026 0.285178 0.194798 0.170335 0.117834 0.116754 0.0975795
threshold=1.2424533248940006 3.9873641528738468 7.0444416188210859 1.2424533248940006 0.69314718055994573 2.8102520310824275e-16 3.5214886562329184e-16 2.0126758453675753 9.4867690092481657e-19
decision_type=2 2 2 2 2 2 2 2 2
left_child=1 2 8 -3 6 -6 -2 -7 -1
right_child=4 3 -4 -5 5 7 -8 -9 -10
leaf_value=0.0052911658804597602 -0.0025164465373381968 0.0040619392568866401 0.019035959560590399 -0.016946332688842502 0.012192554484036836 -0.0053396721495055531 -0.01786790364421904 0.00018717050015977803 -0.0021760785211032878
leaf_weight=42 10.000000000000002 12.000000000000002 13.999999999999998 13.999999999999998 10.999999999999998 43 9.9999999999999982 344 30
leaf_count=42 10 12 14 14 11 43 10 344 30
internal_value=0 0.00209772 0.00492384 -0.00725021 -0.000562069 -7.81436e-05 -0.0101922 -0.000426923 0.00217981
internal_weight=0 112 86 26 418 398 20 387 72
internal_count=530 112 86 26 418 398 20 387 72
is_linear=0
shrinkage=0.1


Tree=108
num_leaves=8
num_cat=0
split_feature=45 39 31 46 46 44 6
split_gain=0.0613254 0.27268 0.257166 0.108465 0.392993 0.185271 0.0530688
threshold=5.0625750037842705 5.5234569284970156 5.74454174524233 9.0843401287651222 9.2721573370693324 4.7706487139546434 8.2836186497455682
decision_type=2 2 2 2 2 2 2
left_child=1 3 -3 5 -5 -1 -2
right_child=6 2 -4 4 -6 -7 -8
leaf_value=0.00031061353723733074 0.010011717524718152 -0.02016849706952388 0.00060666979036547923 0.02034689957614649 -0.0070439763250760741 -0.01137270093895495 0.00086712351689736055
leaf_weight=445 11.000000000000002 13.000000000000002 10.999999999999998 11.000000000000002 9.9999999999999982 13.999999999999998 14.999999999999998
leaf_count=445 11 13 11 11 10 14 15
internal_value=0 -0.000244317 -0.0106465 0.000275794 0.00730363 -4.57403e-05 0.00473599
internal_weight=0 504 24 480 21 459 26
internal_count=530 504 24 480 21 459 26
is_linear=0
shrinkage=0.1


Tree=109
num_leaves=13
num_cat=0
split_feature=35 44 35 20 50 39 78 82 30 36 44 16
split_gain=0.0568644 0.252036 0.244482 0.187121 0.217151 0.177143 0.166561 0.238569 0.214515 0.148451 0.389138 0.12108
threshold=3.9219243190762363 3.1567740231385479 4.0163424379838117 2.524928003624769 5.8215644129176907 1.7917594692280556 0.1593019913951835 0.58293225662124737 5.7120799114421201 3.4175922930736511 3.4498615536424366 2.740319461670996
decision_type=2 2 2 2 2 2 2 2 2 2 2 2
left_child=1 6 -2 5 -5 -3 8 -8 -1 11 -11 -4
right_child=2 3 9 4 -6 -7 7 -9 -10 10 -12 -13
leaf_value=0.0027673644509377485 -0.014014150552559709 0.0080813161351463991 -0.014880948542365026 0.020901642682460642 0.0055752308195224035 -0.0094873682285348589 0.011625715754926207 -0.00013092826346918526 -0.0072867773780007916 0.019770019240677356 -0.00051548721432022153 -0.00035607036287811671
leaf_weight=32 13.999999999999998 11.000000000000002 12.000000000000002 12.999999999999998 32 11.999999999999998 20 126 63 9.9999999999999982 174 10.999999999999998
leaf_count=32 14 11 12 13 32 12 20 126 63 10 174 11
internal_value=0 0.00087599 -0.0012248 0.00625257 0.0100029 -0.00108495 -0.000641054 0.00147957 -0.00390012 -0.00035982 0.000586986 -0.00793427
internal_weight=0 309 221 68 45 23 241 146 95 207 184 23
internal_count=530 309 221 68 45 23 241 146 95 207 184 23
is_linear=0
shrinkage=0.1


Tree=110
num_leaves=8
num_cat=0
split_feature=92 102 0 2 95 87 68
split_gain=0.060786 0.0787063 0.62005 0.334314 0.363252 0.178169 0.115118
threshold=4.2647637620524463 4.1971736807086968 3.4175922930736511 7.955199711512468 2.8617925509761908 0.68762818263834091 4.2321181817396996
decision_type=2 2 2 2 2 2 2
left_child=1 3 -3 5 -5 -1 -4
right_child=-2 2 6 4 -6 -7 -8
leaf_value=-0.00084164971047261811 -0.0070361982642983397 -0.025844171494245529 0.0042329484466896499 0.022771562965443502 0.0035876451877922544 0.0099849939113482843 -0.0020457455719524362
leaf_weight=304 11.999999999999998 9.9999999999999982 43 12.999999999999998 41 15.999999999999998 91
leaf_count=304 12 10 43 13 41 16 91
internal_value=0 0.000163001 -0.00182353 0.000927867 0.008206 -0.000300318 -3.09408e-05
internal_weight=0 518 144 374 54 320 134
internal_count=530 518 144 374 54 320 134
is_linear=0
shrinkage=0.1


Tree=111
num_leaves=8
num_cat=0
split_feature=65 16 9 36 41 31 53
split_gain=0.0567031 0.0758282 0.403582 0.187906 0.324527 0.300284 0.184817
threshold=5.3344645682746181 3.3497501700808394 2.1383330595080285 3.4175922930736511 3.3842466058243152 4.4127799275304271 1.5119428067218552
decision_type=2 2 2 2 2 2 2
left_child=1 3 -3 4 -1 -5 -4
right_child=-2 2 6 5 -6 -7 -8
leaf_value=0.00057505915385101824 0.0074587696418166169 -0.021137184575200082 0.0043105264114657125 0.012361546914326027 -0.017016063528982075 -0.0035092681964957401 -0.0022892823356557191
leaf_weight=225 9.9999999999999982 9.9999999999999982 57 32 10.999999999999998 19 166
leaf_count=225 10 10 57 32 11 19 166
internal_value=0 -0.000143438 -0.00148366 0.000944617 -0.000244866 0.00644889 -0.000602336
internal_weight=0 520 233 287 236 51 223
internal_count=530 520 233 287 236 51 223
is_linear=0
shrinkage=0.1


Tree=112
num_leaves=11
num_cat=0
split_feature=32 64 36 49 79 41 49 44 99 44
split_gain=0.0564238 0.338798 0.199497 0.368281 0.184699 0.129046 0.269686 0.157202 0.0827452 0.0709755
threshold=4.9451504953659766 4.6855849445545346 4.6867395546766826 1.8688348091416844 3.4811217321331038 3.9607678160667752 1.4978661367769959 3.9219243190762363 3.2384861814448418 5.2652741739841078
decision_type=2 2 2 2 2 2 2 2 2 2
left_child=2 -2 5 -4 8 7 -7 -1 -3 -6
right_child=1 4 3 -5 9 6 -8 -9 -10 -11
leaf_value=0.00056222857483489964 0.018718262778764424 -0.0015192719455808395 -0.023920539654791351 0.00026451763696968558 0.011548544596880671 0.01979983961209654 -0.0020436301540869934 -0.0048480805283087113 -0.014383577844128012 0.00014145215585206945
leaf_weight=364 10.999999999999998 10.000000000000002 10.000000000000002 17 10.000000000000002 10.000000000000002 12.999999999999998 63 9.9999999999999982 11.999999999999998
leaf_count=364 11 10 10 17 10 10 13 63 10 12
internal_value=0 0.00309538 -0.000343931 -0.00869291 -0.000996324 0.000157007 0.00745353 -0.000236014 -0.00795142 0.00532649
internal_weight=0 53 477 27 42 450 23 427 20 22
internal_count=530 53 477 27 42 450 23 427 20 22
is_linear=0
shrinkage=0.1


Tree=113
num_leaves=12
num_cat=0
split_feature=98 102 20 0 9 85 77 46 72 61 61
split_gain=0.0529382 0.342015 0.25399 0.24207 0.227703 0.223214 0.205453 0.232602 0.134044 0.111171 0.0471157
threshold=3.8176519431297078 4.1971736807086968 4.0689902272260703 3.4175922930736511 3.9019216517693867 0.66450709951973652 3.8606743063089755 8.8684732016442744 0.01392253779399303 3.5187497611680798 3.2816877567877092
decision_type=2 2 2 2 2 2 2 2 2 2 2
left_child=1 6 4 -3 -2 -5 7 -1 9 -4 -10
right_child=2 3 8 5 -6 -7 -8 -9 10 -11 -12
leaf_value=-0.00098686466368366819 0.0029326989616760431 -0.02267063293606043 0.0088984245571362627 0.0016233460232615471 0.021397430652921851 -0.015628295391798021 0.014572584144771101 0.0063665228998288515 -0.011694672759622332 -0.00062317883414586756 -0.0033549021286446421
leaf_weight=308 17.000000000000004 9.9999999999999982 17 20 10.999999999999998 11.999999999999998 9.9999999999999982 50 10.000000000000002 44 21
leaf_count=308 17 10 17 20 11 12 10 50 10 44 21
internal_value=0 -0.000540686 0.00184734 -0.00908998 0.0101867 -0.00484602 0.000435048 4.01448e-05 -0.000690721 0.00203038 -0.00604515
internal_weight=0 410 120 42 28 32 368 358 92 61 31
internal_count=530 410 120 42 28 32 368 358 92 61 31
is_linear=0
shrinkage=0.1


Tree=114
num_leaves=12
num_cat=0
split_feature=16 9 16 96 26 37 13 50 49 13 9
split_gain=0.0488666 0.327936 0.160129 0.315978 0.257126 0.251411 0.154287 0.28429 0.1531 0.14038 0.161234
threshold=3.3497501700808394 2.1383330595080285 1.8688348091416842 6.1783958649385831 6.3296954855368641 3.1567740231385479 1.0000000180025095e-35 4.1895399446433013 1.4978661367769959 2.8029010331479989 3.1984648276080736
decision_type=2 2 2 2 2 2 2 2 2 2 2
left_child=2 -2 6 4 -4 -5 8 -8 -1 -3 -11
right_child=1 9 3 5 -6 -7 7 -9 -10 10 -12
leaf_value=0.0057507177659620844 -0.01877601303160191 0.0079551987690042302 0.0048369920856202939 0.0037022127840248362 0.024697881175035782 -0.0064866331293050089 -0.014970322627280104 -0.0011118446768664601 -0.0076073538411450996 -0.0071173871440502511 0.00022055563407203215
leaf_weight=39 9.9999999999999982 19 16.000000000000004 91 10.999999999999998 33 19 67 10.999999999999998 36 178
leaf_count=39 10 19 16 91 11 33 19 67 11 36 178
internal_value=0 -0.00104353 0.000883548 0.00312524 0.0129285 0.000990665 -0.00160539 -0.0041736 0.00281194 -0.000282482 -0.00101386
internal_weight=0 243 287 151 27 124 136 86 50 233 214
internal_count=530 243 287 151 27 124 136 86 50 233 214
is_linear=0
shrinkage=0.1


Tree=115
num_leaves=9
num_cat=0
split_feature=92 25 68 87 27 19 19 104
split_gain=0.0486305 0.0668545 0.248191 0.230088 0.228369 0.226591 0.198675 0.17136
threshold=4.2647637620524463 3.3140206880897671 4.1047720689483169 0.17855064670070073 4.1026092131977068 4.0517471391904856 4.1510089048756029 2.3502401828962087
decision_type=2 2 2 2 2 2 2 2
left_child=1 4 3 -3 5 -1 -6 -4
right_child=-2 2 7 -5 6 -7 -8 -9
leaf_value=0.00083763764794633148 -0.0062934779096394779 0.0015109670672403732 -0.011797941138502211 0.016176647236570717 -0.014851963175460697 -0.011767959768573442 9.8262410028837627e-05 0.00072130910671629374
leaf_weight=289 11.999999999999998 23 11.999999999999998 20 20 14.999999999999998 15.999999999999998 123
leaf_count=289 12 23 12 20 20 15 16 123
internal_value=0 0.000145795 0.0017159 0.00833221 -0.000676203 0.000215651 -0.00820742 -0.000391513
internal_weight=0 518 178 43 340 304 36 135
internal_count=530 518 178 43 340 304 36 135
is_linear=0
shrinkage=0.1


Tree=116
num_leaves=10
num_cat=0
split_feature=37 96 92 11 83 34 89 103 89
split_gain=0.0500515 0.256285 0.188852 0.202334 0.158972 0.153314 0.152478 0.221236 0.162457
threshold=2.602003343538398 5.5391444897808926 4.0391968006356125 4.0163424379838117 1.8389905603812224 7.5248248734532437 0.48190581166818841 4.9015572891946713 0.37211895442936754
decision_type=2 2 2 2 2 2 2 2 2
left_child=2 -2 3 5 -5 -1 8 -8 -3
right_child=1 6 -4 4 -6 -7 7 -9 -10
leaf_value=0.0017561680628729562 0.015816187522035431 0.00086680904796363574 -0.013915778747336431 -0.017871417782523411 -0.0020441726222634317 -0.0069652997544440241 -0.0088494025582734216 0.0015514369593759958 0.011055513104314314
leaf_weight=163 10.999999999999998 197 10.999999999999998 11.000000000000002 14.999999999999998 23 39 43 17
leaf_count=163 11 197 11 11 15 23 39 43 17
internal_value=0 0.000828235 -0.00114022 -0.000477333 -0.00874031 0.000677707 0.000271251 -0.0033953 0.00167619
internal_weight=0 307 223 212 26 186 296 82 214
internal_count=530 307 223 212 26 186 296 82 214
is_linear=0
shrinkage=0.1


Tree=117
num_leaves=12
num_cat=0
split_feature=7 7 6 22 18 49 22 34 27 11 7
split_gain=0.0460844 0.289349 0.237414 0.219541 0.27881 0.207689 0.195752 0.243591 0.171504 0.115877 0.0446203
threshold=4.2835627800822236 4.3819485035697312 8.0719859764778956 8.0591145210306667 8.4939240406580563 4.0942056540395164 8.0871791040414465 8.8350534014812574 3.1984648276080736 4.2268071048866842 4.7405652883788738
decision_type=2 2 2 2 2 2 2 2 2 2 2
left_child=2 -2 6 10 -5 9 8 -8 -1 -4 -3
right_child=1 3 5 4 -6 -7 7 -9 -10 -11 -12
leaf_value=-0.00083731554081950717 -0.013342233912812342 -0.0047749910703194986 0.022318387273699038 0.012905206033763918 -0.00021303741081448444 -0.0019865664692285162 -0.014829773906814427 0.002934891311451793 0.0046400795060878575 0.0077430492747225799 -0.013285901820795101
leaf_weight=214 18 14.000000000000002 10.000000000000002 19 110 11.999999999999998 19 12.999999999999998 78 11.999999999999998 10.999999999999998
leaf_count=214 18 14 10 19 110 12 19 13 78 12 11
internal_value=0 -0.00134529 0.000646341 5.69481e-05 0.00171911 0.00859593 -0.000187875 -0.00761288 0.000625824 0.0143682 -0.00851979
internal_weight=0 172 358 154 129 34 324 32 292 22 25
internal_count=530 172 358 154 129 34 324 32 292 22 25
is_linear=0
shrinkage=0.1


Tree=118
num_leaves=10
num_cat=0
split_feature=49 36 43 48 12 40 49 46 88
split_gain=0.0453318 0.293198 0.44579 0.260037 0.150384 0.135416 0.144331 0.121576 0.114372
threshold=1.4978661367769959 4.6051201834879256 4.5900436644025815 2.4414009612931857 3.6429192995512961e-17 3.6429192995512961e-17 1.8688348091416844 6.4076772022402091 0.089250971907882948
decision_type=2 2 2 2 2 2 2 2 2
left_child=1 2 3 -1 7 8 -7 -2 -6
right_child=4 -3 -4 -5 5 6 -8 -9 -10
leaf_value=-0.0012913199871760405 -0.00045437127351760854 -0.015026364382356406 0.017862657016923869 0.012411569440155291 0.010779988029971719 -0.0089463134924881154 -0.00017893890408853658 -0.015383827763920031 -0.00077135166153311733
leaf_weight=103 10.000000000000002 9.9999999999999982 17 15.999999999999998 20 20 307 11.999999999999998 14.999999999999998
leaf_count=103 10 10 17 16 20 20 307 12 15
internal_value=0 0.00149987 0.00271503 0.000551085 -0.000570262 -8.24062e-05 -0.00071517 -0.00859771 0.00582941
internal_weight=0 146 136 119 384 362 327 22 35
internal_count=530 146 136 119 384 362 327 22 35
is_linear=0
shrinkage=0.1


Tree=119
num_leaves=10
num_cat=0
split_feature=32 64 37 51 79 41 35 50 44
split_gain=0.0447432 0.2723 0.148755 0.224885 0.135419 0.12167 0.131525 0.0681729 0.0559959
threshold=4.9451504953659766 4.6855849445545346 4.0942056540395164 3.4498615536424366 3.4811217321331038 3.9607678160667752 5.2652741739841078 8.2603544816130654 5.2652741739841078
decision_type=2 2 2 2 2 2 2 2 2
left_child=2 -2 5 -4 7 6 -1 -3 -6
right_child=1 4 3 -5 8 -7 -8 -9 -10
leaf_value=9.1727312574047223e-05 0.016762442446567796 -0.012705591125413772 -0.015251340705435721 0.0017920383135788143 0.010028797360137101 0.0082132686058887187 -0.011513073015958072 -0.0010288681043311954 -0.00010329123470000923
leaf_weight=418 10.999999999999998 10.000000000000002 16.000000000000004 14.999999999999998 10.000000000000002 18 9.9999999999999982 9.9999999999999982 11.999999999999998
leaf_count=418 11 10 16 15 10 18 10 10 12
internal_value=0 0.00275643 -0.00030627 -0.00700454 -0.000911812 0.000159305 -0.000179413 -0.00686723 0.0045022
internal_weight=0 53 477 31 42 446 428 20 22
internal_count=530 53 477 31 42 446 428 20 22
is_linear=0
shrinkage=0.1


Tree=120
num_leaves=9
num_cat=0
split_feature=68 22 68 47 65 22 81 51
split_gain=0.0437651 0.0685558 0.166332 0.213557 0.188978 0.155661 0.265677 0.235298
threshold=1.7753383804104665 6.0037773156930498 2.9251019346482314 3.1567740231385479 1.8503793398678348 5.7120799114421201 0.21000796971949867 2.0126758453675753
decision_type=2 2 2 2 2 2 2 2
left_child=-1 5 3 -3 -4 6 -2 -7
right_child=1 2 4 -5 -6 7 -8 -9
leaf_value=0.0062418506565419113 0.0066544235957896013 0.018749915672974148 -0.010644036950543523 -0.0014416514814365655 0.00045574486427130855 0.002088415312270323 -0.0048993466664493703 -0.016200730076182963
leaf_weight=10.999999999999998 34 11.000000000000002 15.999999999999998 9.9999999999999982 371 12.000000000000002 48 17
leaf_count=11 34 11 16 10 371 12 48 17
internal_value=0 -0.000132294 0.00046718 0.00913488 -3.16084e-06 -0.00233576 -0.000108759 -0.00863281
internal_weight=0 519 408 21 387 111 82 29
internal_count=530 519 408 21 387 111 82 29
is_linear=0
shrinkage=0.1


Tree=121
num_leaves=9
num_cat=0
split_feature=51 72 49 76 76 85 89 9
split_gain=0.0417873 0.13927 0.117799 0.107741 0.0937872 0.357578 0.122826 0.0837128
threshold=5.74454174524233 0.079257161557515846 4.3241107269113215 0.12494969252462577 0.82783055088243962 0.56846945541947613 0.66908101122118591 3.5114340430413216
decision_type=2 2 2 2 2 2 2 2
left_child=2 -2 4 -4 6 -6 -1 -5
right_child=1 -3 3 7 5 -7 -8 -9
leaf_value=-0.00094047094298530486 0.012982625151053069 -0.0029963476660971843 0.0017515041089306276 -0.0043969329271931193 0.00051625846392846023 0.020154939354820687 0.0048974155320320283 -0.016785372346639633
leaf_weight=364 10.000000000000002 11.999999999999998 11.999999999999998 12.000000000000002 59 10.999999999999998 40 9.9999999999999982
leaf_count=364 10 12 12 12 59 11 40 10
internal_value=0 0.00426682 -0.000184784 -0.00587055 0.000223056 0.00360234 -0.000362462 -0.010028
internal_weight=0 22 508 34 474 70 404 22
internal_count=530 22 508 34 474 70 404 22
is_linear=0
shrinkage=0.1


Tree=122
num_leaves=7
num_cat=0
split_feature=45 41 17 36 36 34
split_gain=0.03988 0.150043 0.194155 0.0850733 0.0970459 0.0276407
threshold=5.0625750037842705 4.5591125415341898 4.0942056540395164 4.9451504953659766 4.6867395546766826 9.6816402102362797
decision_type=2 2 2 2 2 2
left_child=1 3 -3 4 -1 -2
right_child=5 2 -4 -5 -6 -7
leaf_value=0.00019006587208463812 0.0068378235479550692 -0.017639667007394808 0.0016128719213884324 0.0071112621630377631 -0.00750715471804142 0.00029738887290780744
leaf_weight=449 14.000000000000002 11.000000000000002 9.9999999999999982 17 17 11.999999999999998
leaf_count=449 14 11 10 17 17 12
internal_value=0 -0.00019702 -0.00847179 0.000162752 -9.0734e-05 0.00381916
internal_weight=0 504 21 483 466 26
internal_count=530 504 21 483 466 26
is_linear=0
shrinkage=0.1


Tree=123
num_leaves=9
num_cat=0
split_feature=49 46 27 101 6 49 26 67
split_gain=0.0395912 0.23222 0.290201 0.165581 0.131588 0.104998 0.162023 0.122893
threshold=1.4978661367769959 8.8928122467075443 4.2268071048866842 3.1567740231385479 4.330646767694998 2.0126758453675753 5.7959838361550915 2.191013317336941
decision_type=2 2 2 2 2 2 2 2
left_child=1 2 3 -1 -2 6 -6 -7
right_child=4 -3 -4 -5 5 7 -8 -9
leaf_value=0.0039710832484200617 -0.011312487718268214 0.014728763365807633 -0.011605584389892305 -0.0053557568016306817 0.0064810595475137235 0.0092484707323213424 -0.0079520617003020436 -1.7329934792341695e-05
leaf_weight=92 10.999999999999998 11.999999999999998 18 24 9.9999999999999982 14.999999999999998 35 313
leaf_count=92 11 12 18 24 10 15 35 313
internal_value=0 0.00140169 0.000208216 0.00204139 -0.000532933 -0.000215037 -0.0047447 0.000406411
internal_weight=0 146 134 116 384 373 45 328
internal_count=530 146 134 116 384 373 45 328
is_linear=0
shrinkage=0.1


Tree=124
num_leaves=10
num_cat=0
split_feature=37 96 92 63 25 44 8 13 11
split_gain=0.0421511 0.19946 0.129698 0.168246 0.205517 0.136555 0.129339 0.229416 0.0918644
threshold=2.602003343538398 5.5391444897808926 4.0391968006356125 1.2424533248940002 2.8102520310824275e-16 3.5114340430413216 1.700598690831078 2.8029010331479989 0.69314718055994573
decision_type=2 2 2 2 2 2 2 2 2
left_child=2 -2 3 4 -1 -5 8 -8 -3
right_child=1 6 -4 5 -6 -7 7 -9 -10
leaf_value=0.017436382614753457 0.013982393325899135 0.00047372568568045429 -0.011633665530561386 -0.00078842716920289916 -0.00082919019540505763 -0.011413413128600671 0.0064903005419684389 -0.00060730790170261044 -0.011557734223703544
leaf_weight=11.000000000000002 10.999999999999998 11.000000000000002 10.999999999999998 174 13.999999999999998 12.999999999999998 58 212 14.999999999999998
leaf_count=11 11 11 11 174 14 13 58 212 15
internal_value=0 0.000760063 -0.00104637 -0.000497024 0.00720766 -0.00152706 0.000268693 0.000917364 -0.0064675
internal_weight=0 307 223 212 25 187 296 270 26
internal_count=530 307 223 212 25 187 296 270 26
is_linear=0
shrinkage=0.1


Tree=125
num_leaves=11
num_cat=0
split_feature=5 1 98 92 96 88 1 57 101 13
split_gain=0.0384551 0.312752 0.202226 0.175737 0.137782 0.129352 0.120689 0.174663 0.11302 0.0904565
threshold=3.3842466058243152 3.3842466058243152 3.3140206880897671 3.9455654395749833 8.0719859764778956 1.0000000180025095e-35 3.5114340430413216 2.7977788940599999 3.4175922930736511 3.5694334999727624
decision_type=2 2 2 2 2 2 2 2 2 2
left_child=2 5 4 -4 9 -2 -3 -8 -5 -1
right_child=1 6 3 8 -6 -7 7 -9 -10 -11
leaf_value=-0.00060043622032136053 0.0048993515471617366 -0.010049471181506913 0.0018337594768540423 -0.021419783886522048 0.010223471516600023 0.019912241043692287 0.0062009451224615706 -0.0017109800697792145 -0.0063851739093661311 0.0090686862822622061
leaf_weight=298 12.000000000000002 11.999999999999998 11.000000000000002 10.000000000000002 12.999999999999998 10.999999999999998 38 105 9.9999999999999982 9.9999999999999982
leaf_count=298 12 12 11 10 13 11 38 105 10 10
internal_value=0 0.00119784 -0.000605728 -0.00831865 0.000139134 0.0120794 -0.000416843 0.00039149 -0.0139025 -0.000286504
internal_weight=0 178 352 31 321 23 155 143 20 308
internal_count=530 178 352 31 321 23 155 143 20 308
is_linear=0
shrinkage=0.1


Tree=126
num_leaves=12
num_cat=0
split_feature=22 22 73 81 48 68 65 68 47 48 68
split_gain=0.0365938 0.133082 0.205375 0.16024 0.165757 0.120976 0.156313 0.220845 0.155991 0.142551 0.0744711
threshold=6.0037773156930498 5.7120799114421201 7.4945475173060509e-18 0.21000796971949867 3.1132683346437333 2.9251019346482314 1.934905513126105 3.1212365453732147 3.1567740231385479 1.0000000180025095e-35 2.5415791858183838
decision_type=2 2 2 2 2 2 2 2 2 2 2
left_child=1 3 -3 4 -1 8 9 -8 -2 -7 -5
right_child=5 2 -4 10 -6 6 7 -9 -10 -11 -12
leaf_value=0.0013813946387489086 0.016064014861529519 -0.018177448754960836 -0.0010078111663460732 0.002008516084108698 0.016452844515442849 0.00061544522812420665 0.011368544265213941 6.6231263464441576e-06 -0.001192920538596809 -0.014852153323590757 -0.0057298110681585973
leaf_weight=27 11.000000000000002 11.000000000000002 19 19 9.9999999999999982 11.000000000000002 18 345 9.9999999999999982 12.999999999999998 36
leaf_count=27 11 11 19 19 10 11 18 345 10 13 36
internal_value=0 -0.00151955 -0.00730334 0.000366464 0.00545476 0.000454377 5.32576e-05 0.000570024 0.00784643 -0.00776284 -0.00305657
internal_weight=0 122 30 92 37 408 387 363 21 24 55
internal_count=530 122 30 92 37 408 387 363 21 24 55
is_linear=0
shrinkage=0.1


Tree=127
num_leaves=11
num_cat=0
split_feature=37 11 96 64 36 50 8 13 18 36
split_gain=0.0349391 0.136632 0.131281 0.130405 0.196217 0.144768 0.0990594 0.232059 0.0972052 0.0879598
threshold=2.524928003624769 4.0163424379838117 5.5391444897808926 3.1935565558546748 3.1132683346437333 8.3544087796854161 1.700598690831078 2.8029010331479989 7.9032070744713128 3.3842466058243152
decision_type=2 2 2 2 2 2 2 2 2 2
left_child=1 3 -2 4 -1 -5 9 -8 -3 -4
right_child=2 8 6 5 -6 -7 7 -9 -10 -11
leaf_value=-3.7067159878556502e-05 0.010923193596924346 -0.013478366936656778 -0.001231139406768812 0.011602844649718865 -0.011714260739972816 -0.0029585231815210801 0.0061689378457173471 -0.00073238488037320575 -0.00056955149397253991 -0.012928416915237904
leaf_weight=143 11.999999999999998 14.000000000000002 18.000000000000004 18.000000000000004 15.999999999999998 10.999999999999998 63 215 9.9999999999999982 9.9999999999999982
leaf_count=143 12 14 18 18 16 11 63 215 10 10
internal_value=0 -0.000994406 0.000662937 -8.73475e-05 -0.00121213 0.00607957 0.000260574 0.000831584 -0.00809969 -0.00540874
internal_weight=0 212 318 188 159 29 306 278 24 28
internal_count=530 212 318 188 159 29 306 278 24 28
is_linear=0
shrinkage=0.1


Tree=128
num_leaves=8
num_cat=0
split_feature=51 72 49 81 5 1 16
split_gain=0.0398884 0.109593 0.0843132 0.084433 0.0765521 0.274225 0.18073
threshold=5.74454174524233 0.079257161557515846 4.3241107269113215 0.21000796971949867 3.3842466058243152 3.3842466058243152 3.4498615536424366
decision_type=2 2 2 2 2 2 2
left_child=2 -2 4 -4 6 -6 -1
right_child=1 -3 3 -5 5 -7 -8
leaf_value=0.00051830075616968022 0.011900386139750477 -0.0022742795078859973 0.00061775105694929764 -0.0094185372875807329 0.012383516733957963 0.00020617011604340875 -0.005254180327692131
leaf_weight=268 10.000000000000002 11.999999999999998 14.999999999999998 19 22 116 68
leaf_count=268 10 12 15 19 22 116 68
internal_value=0 0.00416875 -0.000180536 -0.00499076 0.000164501 0.00214749 -0.000649939
internal_weight=0 22 508 34 474 138 336
internal_count=530 22 508 34 474 138 336
is_linear=0
shrinkage=0.1


Tree=129
num_leaves=13
num_cat=0
split_feature=98 102 0 20 9 85 46 37 74 47 15 28
split_gain=0.0357056 0.182463 0.162525 0.161518 0.134716 0.106929 0.102936 0.175301 0.134518 0.0898161 0.141118 0.0737045
threshold=3.8176519431297078 4.1971736807086968 3.4175922930736511 4.0689902272260703 3.9019216517693867 0.66450709951973652 8.8684732016442744 4.135134555718313 0.067842122992811796 3.7494348669884658 4.9126278521332782 4.1820210059610323
decision_type=2 2 2 2 2 2 2 2 2 2 2 2
left_child=1 6 -3 4 -2 -4 7 -1 -8 11 -11 -5
right_child=3 2 5 9 -6 -7 8 -9 -10 10 -12 -13
leaf_value=4.9888629414913243e-05 0.0025877791949931311 -0.017816356508992614 0.0012665686383843422 0.0012497628992423411 0.01679037226872011 -0.01067378114288052 0.0070798952283803373 -0.012798234553668986 -0.0058872791356407109 -0.0067198911099694671 0.0040700097426306456 -0.0096941796993633041
leaf_weight=307 17.000000000000004 9.9999999999999982 20 10.000000000000002 10.999999999999998 11.999999999999998 40 10.999999999999998 9.9999999999999982 15.999999999999998 50 15.999999999999998
leaf_count=307 17 10 20 10 11 12 40 11 10 16 50 16
internal_value=0 -0.000444047 -0.00668851 0.00151716 0.00816737 -0.00321106 0.000268637 -0.000394543 0.00448646 -0.000506815 0.00145428 -0.00548497
internal_weight=0 410 42 120 28 32 368 318 50 92 66 26
internal_count=530 410 42 120 28 32 368 318 50 92 66 26
is_linear=0
shrinkage=0.1


Tree=130
num_leaves=7
num_cat=0
split_feature=45 39 31 39 38 50
split_gain=0.0333431 0.131748 0.1371 0.0717052 0.0869291 0.0269037
threshold=5.0625750037842705 5.5234569284970156 5.74454174524233 5.2907605476430133 8.9933631558035643 7.2214592484050657
decision_type=2 2 2 2 2 2
left_child=1 3 -3 4 -1 -2
right_child=5 2 -4 -5 -6 -7
leaf_value=0.00021603266152062014 0.0072485298616811605 -0.01436315677845134 0.00080581055954098701 0.007814234662024926 -0.0080772803666499943 0.00073748432099819184
leaf_weight=455 11.000000000000002 13.000000000000002 10.999999999999998 11.999999999999998 12.999999999999998 14.999999999999998
leaf_count=455 11 13 11 12 13 15
internal_value=0 -0.000180151 -0.00741071 0.000181377 -1.43371e-05 0.00349216
internal_weight=0 504 24 480 468 26
internal_count=530 504 24 480 468 26
is_linear=0
shrinkage=0.1


Tree=131
num_leaves=9
num_cat=0
split_feature=29 29 12 63 35 32 32 24
split_gain=0.03368 0.139799 0.14756 0.258015 0.121998 0.106361 0.100803 0.0890429
threshold=2.3502401828962087 2.524928003624769 0.34657359027997359 3.1984648276080736 3.7494348669884658 3.3497501700808394 2.740319461670996 3.0677824455408698
decision_type=2 2 2 2 2 2 2 2
left_child=4 7 -3 -4 5 6 -1 -2
right_child=1 2 3 -5 -6 -7 -8 -9
leaf_value=-2.5584510773592066e-05 0.0020361296832561485 -0.0084563142767078003 0.012596650788670078 -8.7629684931787838e-05 -0.011814270662143828 0.0086291832417676531 -0.0065944777560486868 0.015381010724231601
leaf_weight=141 10.000000000000002 19 17 283 9.9999999999999982 11.999999999999998 28 9.9999999999999982
leaf_count=141 10 19 17 283 10 12 28 10
internal_value=0 0.000598364 8.98868e-05 0.000631146 -0.00106202 -0.00046797 -0.00111392 0.00870857
internal_weight=0 339 319 300 191 181 169 20
internal_count=530 339 319 300 191 181 169 20
is_linear=0
shrinkage=0.1


Tree=132
num_leaves=9
num_cat=0
split_feature=51 72 49 25 77 76 57 103
split_gain=0.0328333 0.0856809 0.0634355 0.0676379 0.0658648 0.0905144 0.0801883 0.041091
threshold=5.74454174524233 0.079257161557515846 4.3241107269113215 3.4811217321331038 3.8606743063089755 0.86138329887055176 2.7655058732022781 5.6002703899390385
decision_type=2 2 2 2 2 2 2 2
left_child=2 -2 4 7 6 -6 -1 -4
right_child=1 -3 3 -5 5 -7 -8 -9
leaf_value=0.00031564849655953435 0.01061846189666539 -0.0019147609176191811 -0.01195203355428847 0.0017029830409834785 0.00060384115669876337 0.010117745250463488 -0.0035726116807293902 -0.0033084903251041071
leaf_weight=367 10.000000000000002 11.999999999999998 11.000000000000002 11.999999999999998 30 14.999999999999998 62 10.999999999999998
leaf_count=367 10 12 11 12 30 15 62 11
internal_value=0 0.00378216 -0.000163794 -0.00433618 0.00013549 0.00377514 -0.000246291 -0.00763026
internal_weight=0 22 508 34 474 45 429 22
internal_count=530 22 508 34 474 45 429 22
is_linear=0
shrinkage=0.1


Tree=133
num_leaves=8
num_cat=0
split_feature=49 51 50 50 102 47 77
split_gain=0.0324822 0.0715632 0.0568215 0.07572 0.0758727 0.0462493 0.0399277
threshold=4.8362504118804468 5.74454174524233 8.8799358227431284 8.7949003355510769 4.8402344967050359 2.602003343538398 2.1383330595080281
decision_type=2 2 2 2 2 2 2
left_child=2 -2 3 4 -1 -4 -7
right_child=1 -3 5 -5 -6 6 -8
leaf_value=0.00041251355648979152 -0.0022683416493237013 0.0094201399971180697 -0.0095719190314412124 0.007155391039947669 -0.0035832933546906271 0.0031197354350958697 -0.0042054087369014391
leaf_weight=396 10.000000000000002 10.999999999999998 9.9999999999999982 14.999999999999998 54 10.999999999999998 23
leaf_count=396 10 11 10 15 54 11 23
internal_value=0 0.0038542 -0.000159014 0.000165997 -6.69833e-05 -0.00359378 -0.00183551
internal_weight=0 21 509 465 450 44 34
internal_count=530 21 509 465 450 44 34
is_linear=0
shrinkage=0.1


Tree=134
num_leaves=14
num_cat=0
split_feature=44 31 19 101 92 36 44 6 46 27 5 102 47
split_gain=0.0320151 0.121838 0.15826 0.231918 0.201358 0.157463 0.118681 0.092543 0.0701109 0.134801 0.121265 0.0865114 0.0793348
threshold=3.0201273556387074 3.7726948748059121 2.4414009612931857 1.386294361119891 3.9375279468706585 3.4175922930736511 3.4498615536424366 7.5248248734532437 7.4444944766793393 7.1150767569361238e-19 1.8214596497756478e-17 2.3502401828962087 3.6762205501217919
decision_type=2 2 2 2 2 2 2 2 2 2 2 2 2
left_child=8 2 3 -2 -4 7 -7 -3 10 -10 -1 -11 -12
right_child=1 5 4 -5 -6 6 -8 -9 9 11 12 -13 -14
leaf_value=0.0085147162930419053 0.0074675105723806413 -0.002115864614024758 -0.0014985445700585838 -0.007411202425137162 0.016032445004307911 0.0092666275533182293 -0.00027899441516579673 -0.015720496959984304 0.0042985531279224566 -0.014199885336919186 -0.0013932429688270794 -0.0023491195995699278 0.0067052878208834531
leaf_weight=14.999999999999998 22 10.000000000000002 10.000000000000002 20 19 13.999999999999998 187 9.9999999999999982 10.999999999999998 14.000000000000002 174 10.999999999999998 12.999999999999998
leaf_count=15 22 10 10 20 19 14 187 10 11 14 174 11 13
internal_value=0 0.000701676 0.00430552 0.000382409 0.00998728 -0.000456121 0.000385875 -0.00891818 -0.00086088 -0.00492652 -0.000136311 -0.00898555 -0.000830244
internal_weight=0 292 71 42 29 221 201 20 238 36 202 25 187
internal_count=530 292 71 42 29 221 201 20 238 36 202 25 187
is_linear=0
shrinkage=0.1


Tree=135
num_leaves=6
num_cat=0
split_feature=61 70 16 65 17
split_gain=0.0353544 0.107736 0.0508951 0.144859 0.0903312
threshold=9.6483880954106233e-07 0.075964233161785757 1.2424533248940002 2.6108875850678701 1.2424533248940006
decision_type=2 2 2 2 2
left_child=-1 -2 3 -3 -4
right_child=1 2 4 -5 -6
leaf_value=-0.0043559470369170109 0.0095166756286441043 -0.0005088945191875691 0.0071060970695199155 -0.012043649516999723 4.9512411300510987e-05
leaf_weight=18 11.999999999999998 67 19 12.999999999999998 401
leaf_count=18 12 67 19 13 401
internal_value=0 0.000153139 -7.15861e-05 -0.00238329 0.000368739
internal_weight=0 512 500 80 420
internal_count=530 512 500 80 420
is_linear=0
shrinkage=0.1


Tree=136
num_leaves=12
num_cat=0
split_feature=32 64 79 35 51 45 35 37 50 42 44
split_gain=0.0320705 0.216077 0.0995776 0.0788588 0.13372 0.0763083 0.0756978 0.115112 0.0479499 0.0435276 0.0337161
threshold=4.9451504953659766 4.6855849445545346 3.4811217321331038 5.0369315191558419 2.9700856263602162 4.2696729980286863 4.8081027000528378 4.0163424379838117 8.2603544816130654 8.9683302942775107 5.2652741739841078
decision_type=2 2 2 2 2 2 2 2 2 2 2
left_child=3 -2 8 6 -5 -6 7 -1 -3 -8 -4
right_child=1 2 10 4 5 -7 9 -9 -10 -11 -12
leaf_value=0.00011787903575542041 0.014810192716223273 -0.010937278112396594 0.0079969959054142208 -0.014615956337656827 -0.0064910740125924335 0.004786361164102952 0.0014434097521007056 -0.0091036842720183947 -0.0011444342345930637 0.010773747980128975 0.00013488608722885451
leaf_weight=409 10.999999999999998 10.000000000000002 10.000000000000002 9.9999999999999982 12.000000000000002 11.999999999999998 10.000000000000002 13.999999999999998 9.9999999999999982 9.9999999999999982 11.999999999999998
leaf_count=409 11 10 10 10 12 12 10 14 10 10 12
internal_value=0 0.00233365 -0.000934013 -0.000259295 -0.00490047 -0.000852356 9.69131e-05 -0.000187326 -0.00604086 0.00610858 0.00370857
internal_weight=0 53 42 477 34 24 443 423 20 20 22
internal_count=530 53 42 477 34 24 443 423 20 20 22
is_linear=0
shrinkage=0.1


Tree=137
num_leaves=13
num_cat=0
split_feature=72 16 64 3 35 16 60 26 40 25 7 97
split_gain=0.0315081 0.143909 0.181857 0.115897 0.111579 0.09894 0.209973 0.121285 0.0954966 0.084417 0.0683718 0.0669999
threshold=0.048475434630892413 2.740319461670996 2.5649288113457778 2.249904835165133 2.0126758453675753 2.6735537653587347 2.8586166361901628 7.9032070744713128 3.6505739029280169 2.8617925509761908 2.602003343538398 3.4175922930736511
decision_type=2 2 2 2 2 2 2 2 2 2 2 2
left_child=5 2 10 -3 -5 7 -7 8 -1 -8 -2 -4
right_child=1 3 11 4 -6 6 9 -9 -10 -11 -12 -13
leaf_value=-0.0018407567404210567 0.0020751773910079566 -0.013378114961087704 0.015923178810626264 0.0033325562681836476 -0.0039354521659376142 0.012527146026053849 -0.0033613672668768749 -0.012264743708074094 0.0072863403277901506 0.0019296020963600628 -0.0058814074153714403 0.0052060438186994629
leaf_weight=97 27 9.9999999999999982 10.000000000000002 28 86 17 37 9.9999999999999982 12.999999999999998 163 18 13.999999999999998
leaf_count=97 27 10 10 28 86 17 37 10 13 163 18 14
internal_value=0 -0.00101885 0.00264175 -0.00305579 -0.00215033 0.000583494 0.00185768 -0.00172065 -0.0007621 0.000950773 -0.00110746 0.00967152
internal_weight=0 193 69 124 114 337 217 120 110 200 45 24
internal_count=530 193 69 124 114 337 217 120 110 200 45 24
is_linear=0
shrinkage=0.1


Tree=138
num_leaves=8
num_cat=0
split_feature=68 16 15 27 68 2 82
split_gain=0.0305221 0.0422504 0.126753 0.130515 0.123155 0.121846 0.0902922
threshold=1.7753383804104665 1.8688348091416842 3.4152368433293397e-18 1.4978661367769959 2.5798269781427394 5.6869696108313716 3.8162005577451716
decision_type=2 2 2 2 2 2 2
left_child=-1 2 4 -4 -2 -3 -7
right_child=1 5 3 -5 -6 6 -8
leaf_value=0.0052126252346418123 0.0094179366156458867 0.010774446355009621 -0.011283154210832437 -0.0016653316225423371 -0.0010164349481625401 -0.00024127070990463638 0.0070138041964835588
leaf_weight=10.999999999999998 14.999999999999998 10.999999999999998 21 43 46 365 18
leaf_count=11 15 11 21 43 46 365 18
internal_value=0 -0.00011048 -0.00171234 -0.00482118 0.00154939 0.000397725 9.96989e-05
internal_weight=0 519 125 64 61 394 383
internal_count=530 519 125 64 61 394 383
is_linear=0
shrinkage=0.1


Tree=139
num_leaves=14
num_cat=0
split_feature=72 16 64 96 60 16 10 22 26 48 25 39 20
split_gain=0.0278968 0.113803 0.145716 0.100425 0.0789408 0.0764617 0.178806 0.114708 0.196874 0.153178 0.0885882 0.0584398 0.0543112
threshold=0.048475434630892413 2.740319461670996 2.5649288113457778 6.4582940601256071 3.0173667726356448 2.6735537653587347 6.4264832207863298 5.7120799114421201 6.1783958649385831 3.1132683346437333 2.8617925509761908 2.0126758453675753 2.8617925509761908
decision_type=2 2 2 2 2 2 2 2 2 2 2 2 2
left_child=5 2 11 -3 -5 7 -7 9 -9 -1 -8 -2 -4
right_child=1 3 12 4 -6 6 10 8 -10 -11 -12 -13 -14
leaf_value=-0.0012037524114930421 0.0017484980934698666 -0.01237871889024973 0.012609618968729459 0.0065590213611721989 -0.0027431971575984232 0.013533622511507325 -0.003314107946621684 -0.015060300996097235 -0.0015253411365612861 0.011668606626783283 0.00198226547182863 -0.0056843829519279748 0.0029605311667546632
leaf_weight=32 28 9.9999999999999982 14.000000000000002 9.9999999999999982 104 11.999999999999998 39 12.999999999999998 62 12.999999999999998 166 17 9.9999999999999982
leaf_count=32 28 10 14 10 104 12 39 13 62 13 166 17 10
internal_value=0 -0.000958684 0.00229657 -0.00277008 -0.00192721 0.000549039 0.00166917 -0.00147653 -0.0038714 0.00251493 0.000974663 -0.00105948 0.00858917
internal_weight=0 193 69 124 114 337 217 120 75 45 205 45 24
internal_count=530 193 69 124 114 337 217 120 75 45 205 45 24
is_linear=0
shrinkage=0.1


Tree=140
num_leaves=9
num_cat=0
split_feature=38 49 50 42 34 42 33 57
split_gain=0.0283005 0.180862 0.0977644 0.0963977 0.0689041 0.0963495 0.0629047 0.0451541
threshold=8.9808621585217967 2.1383330595080285 8.104850396881865 8.8928122467075443 8.9808621585217967 8.4756358473943063 4.8596922048298721 2.4486750490376097
decision_type=2 2 2 2 2 2 2 2
left_child=3 -2 7 4 5 -1 -4 -3
right_child=1 2 6 -5 -6 -7 -8 -9
leaf_value=0.00028193823742148739 -0.012497435230761767 0.001132701039646885 -0.0089794727740809301 0.0074440514203161006 0.0081886201910674576 -0.0047020297513754913 0.0012597220561777554 0.0094922055955976251
leaf_weight=396 12.999999999999998 14.000000000000002 12.000000000000002 18 9.9999999999999982 43 11.999999999999998 11.999999999999998
leaf_count=396 13 14 12 18 10 43 12 12
internal_value=0 -0.00198951 0.000742545 0.000268393 -1.92729e-05 -0.000206241 -0.00385988 0.00499093
internal_weight=0 63 50 467 449 439 24 26
internal_count=530 63 50 467 449 439 24 26
is_linear=0
shrinkage=0.1


Tree=141
num_leaves=9
num_cat=0
split_feature=49 47 42 6 48 34 25 52
split_gain=0.0289137 0.137015 0.108131 0.103154 0.0885823 0.062255 0.0883411 0.0815555
threshold=1.4978661367769959 4.9126278521332782 8.6980845797772144 4.330646767694998 2.4414009612931857 5.5154246272451131 3.4811217321331038 1.4451858789480827
decision_type=2 2 2 2 2 2 2 2
left_child=1 2 4 -2 -1 7 -7 -5
right_child=3 -3 -4 5 -6 6 -8 -9
leaf_value=5.9060331571985173e-05 -0.0099995518441904682 0.011434768962984284 -0.009721957361325622 0.01116940775886178 0.0080318910884670924 -0.002122567354640721 0.0012244725380551773 0.0010973107887477412
leaf_weight=108 10.999999999999998 11.999999999999998 9.9999999999999982 9.9999999999999982 15.999999999999998 184 138 41
leaf_count=108 11 12 10 10 16 184 138 41
internal_value=0 0.00119785 0.000281113 -0.000455433 0.00108781 -0.000173971 -0.000688122 0.00307223
internal_weight=0 146 134 384 124 373 322 51
internal_count=530 146 134 384 124 373 322 51
is_linear=0
shrinkage=0.1


Tree=142
num_leaves=9
num_cat=0
split_feature=17 17 92 18 31 99 95 54
split_gain=0.0317194 0.0978827 0.118021 0.115033 0.0863133 0.0727459 0.0298712 0.0242917
threshold=4.3882378946731615 4.0163424379838117 4.1681193345766561 8.9404231003657895 5.0369315191558419 3.8815106545092593 3.9607678160667752 4.3819485035697312
decision_type=2 2 2 2 2 2 2 2
left_child=1 2 5 -3 7 -1 -6 -2
right_child=4 3 -4 -5 6 -7 -8 -9
leaf_value=0.00039795169572063471 -0.0099251663142984545 0.010906569099622882 -0.010869161165319384 -0.00095073987031355509 -0.001010733384036404 -0.0059304521991993845 0.0056770871647379619 -0.003820603096392006
leaf_weight=413 11.000000000000002 18 9.9999999999999982 14.999999999999998 17.000000000000004 19 10.999999999999998 15.999999999999998
leaf_count=413 11 18 10 15 17 19 11 16
internal_value=0 0.000263244 -0.000128996 0.00551688 -0.00227347 0.000119619 0.00161662 -0.00630765
internal_weight=0 475 442 33 55 432 28 27
internal_count=530 475 442 33 55 432 28 27
is_linear=0
shrinkage=0.1


Tree=143
num_leaves=10
num_cat=0
split_feature=22 87 99 89 34 42 43 40 87
split_gain=0.0268412 0.0963967 0.0860617 0.0954454 0.0834051 0.104685 0.116848 0.0882225 0.0401694
threshold=6.0037773156930498 0.67444344866921202 2.3502401828962087 0.5232227682289422 5.8664038519910333 6.2264663617308509 3.0201273556387078 2.3502401828962087 0.10096399824287748
decision_type=2 2 2 2 2 2 2 2 2
left_child=1 2 3 -1 8 7 -7 -6 -2
right_child=4 -3 -4 -5 5 6 -8 -9 -10
leaf_value=0.0003787318140256231 0.010603774034164166 0.0072091265426327787 -0.010223221965134144 -0.0072269034239330473 -0.00069143952474833513 0.0041548619560018499 -0.0003823550203494241 -0.011411122505874768 0.0022376419898743434
leaf_weight=77 11.000000000000002 11.999999999999998 11.999999999999998 21 17.000000000000004 71 283 13.999999999999998 11.999999999999998
leaf_count=77 11 12 12 21 17 71 283 14 12
internal_value=0 -0.00130141 -0.00222983 -0.00125105 0.000389146 3.96845e-05 0.000527652 -0.00553259 0.00623884
internal_weight=0 122 110 98 408 385 354 31 23
internal_count=530 122 110 98 408 385 354 31 23
is_linear=0
shrinkage=0.1


Tree=144
num_leaves=13
num_cat=0
split_feature=86 40 19 89 27 20 96 49 2 68 6 3
split_gain=0.0258683 0.11423 0.201128 0.151455 0.0946579 0.173334 0.0840262 0.10757 0.103957 0.0807604 0.0625815 0.0428446
threshold=0.55060599904129914 3.5972184255501678 4.7405652883788738 0.46592681981166778 2.1383330595080281 1.0000000180025095e-35 4.330646767694998 1.0000000180025095e-35 4.996846910211139 3.3342345204790083 5.7120799114421201 4.9662804000109189
decision_type=2 2 2 2 2 2 2 2 2 2 2 2
left_child=6 4 3 -3 5 -2 7 -1 -8 -6 -10 -4
right_child=1 2 11 -5 9 -7 8 -9 10 -11 -12 -13
leaf_value=-1.9564258400350804e-05 -0.0066635836876230321 0.01710235553618986 0.0017698524843177033 0.0014143333490937949 -0.0095930504375198646 0.0063839675783778404 0.0091130666628790394 -0.014062772486358883 -0.0046446783650260903 0.001173749566078186 5.0488249210499847e-05 -0.0063939231901895257
leaf_weight=12.000000000000002 15.999999999999998 16.000000000000004 18.000000000000004 9.9999999999999982 19.000000000000004 28 11.999999999999998 9.9999999999999982 31 10.999999999999998 337 9.9999999999999982
leaf_count=12 16 16 18 10 19 28 12 10 31 11 337 10
internal_value=0 0.0012381 0.00473517 0.0110685 -0.00131382 0.0016394 -0.000394219 -0.00640284 -4.63518e-05 -0.00564522 -0.000345029 -0.00114578
internal_weight=0 128 54 26 74 44 402 22 380 30 368 28
internal_count=530 128 54 26 74 44 402 22 380 30 368 28
is_linear=0
shrinkage=0.1


Tree=145
num_leaves=11
num_cat=0
split_feature=72 16 64 14 19 51 97 86 59 39
split_gain=0.0259317 0.0850253 0.111753 0.0877008 0.0797512 0.0627422 0.0555358 0.0549807 0.0755962 0.0443139
threshold=0.048475434630892413 2.740319461670996 2.5649288113457778 6.8442418396666911 3.5408542930527882 5.74454174524233 3.4175922930736511 0.67986905584219193 9.4867690092481657e-19 2.0126758453675753
decision_type=2 2 2 2 2 2 2 2 2 2
left_child=5 2 9 -3 -5 7 -4 8 -1 -2
right_child=1 3 6 4 -6 -7 -8 -9 -10 -11
leaf_value=-0.0061329515822427837 0.0013955680088007026 -0.0093994437833316638 0.013091836711391802 0.0031268948556057046 -0.003074031543947058 0.0083319412544369705 0.0033345754990088089 0.0056632120821935444 0.00037813501517340576 -0.005076944699291798
leaf_weight=19 28 15.999999999999998 10.000000000000002 28 80 9.9999999999999982 13.999999999999998 18 290 17
leaf_count=19 28 16 10 28 80 10 14 18 290 17
internal_value=0 -0.000924302 0.00188942 -0.00249 -0.00146638 0.000529348 0.0074001 0.000290737 -2.22231e-05 -0.0010496
internal_weight=0 193 69 124 108 337 24 327 309 45
internal_count=530 193 69 124 108 337 24 327 309 45
is_linear=0
shrinkage=0.1


Tree=146
num_leaves=9
num_cat=0
split_feature=38 49 102 42 33 98 3 63
split_gain=0.0269402 0.132707 0.0857972 0.0724728 0.0600937 0.0439085 0.186255 0.0922693
threshold=8.9808621585217967 2.1383330595080285 3.9796379800581989 8.9683302942775107 4.8596922048298721 3.5831329870668198 4.2555875595453383 3.7256208424938388
decision_type=2 2 2 2 2 2 2 2
left_child=3 -2 -3 5 -4 7 -7 -1
right_child=1 2 4 -5 -6 6 -8 -9
leaf_value=0.00047717135884567152 -0.0109420831171939 0.005690356234309117 -0.0073911082915340855 0.0076236831740691116 0.0014191735230269843 0.014134836484762756 0.00041855205711203091 -0.0032358453426750604
leaf_weight=253 12.999999999999998 19 15.000000000000002 12.999999999999998 15.999999999999998 10.999999999999998 99 91
leaf_count=253 13 19 15 13 16 11 99 91
internal_value=0 -0.00194111 0.000399138 0.000261863 -0.00284387 5.10623e-05 0.00179018 -0.000505051
internal_weight=0 63 50 467 31 454 110 344
internal_count=530 63 50 467 31 454 110 344
is_linear=0
shrinkage=0.1


Tree=147
num_leaves=9
num_cat=0
split_feature=17 98 55 9 47 53 42 18
split_gain=0.0249992 0.074363 0.05818 0.0982875 0.0523067 0.0521955 0.0452401 0.0154648
threshold=4.4425820475484112 4.4484992763719129 5.1387309967764621 3.7494348669884658 3.7494348669884658 3.0003159072384196 8.6052910742775399 9.8400318729391767
decision_type=2 2 2 2 2 2 2 2
left_child=1 2 3 -1 -2 -3 -6 -8
right_child=4 5 -4 -5 6 -7 7 -9
leaf_value=-0.00037766956950525087 -0.0062593489493194378 0.011201418174896387 -0.0072421228322623807 0.0045510967813121783 0.0055552984079854043 0.0015917400686213607 -0.0052096151630394143 0.00035181838087737564
leaf_weight=401 19 10.000000000000002 10.999999999999998 45 11.000000000000002 12.999999999999998 10.000000000000002 9.9999999999999982
leaf_count=401 19 10 11 45 11 13 10 10
internal_value=0 0.000221661 -5.757e-05 0.000119627 -0.00212795 0.00576986 0.000404204 -0.0024289
internal_weight=0 480 457 446 50 23 31 20
internal_count=530 480 457 446 50 23 31 20
is_linear=0
shrinkage=0.1


Tree=148
num_leaves=14
num_cat=0
split_feature=12 100 92 80 13 24 32 80 87 22 60 100 88
split_gain=0.0254128 0.129267 0.115174 0.114673 0.193015 0.157114 0.104324 0.0985192 0.203205 0.138156 0.101299 0.0822296 0.0746465
threshold=2.8029010331479989 4.135134555718313 3.9947405199776291 0.23607824130341831 2.8102520310824275e-16 2.9174053685313028 3.3140206880897671 1.9321161707958991 0.48084865456877851 5.7667560492893086 2.9477176794395201 4.4248287033199567 0.5147796107324073
decision_type=2 2 2 2 2 2 2 2 2 2 2 2 2
left_child=1 3 11 5 -5 -1 -4 9 12 -2 -11 -3 -9
right_child=7 2 6 4 -6 -7 -8 8 -10 10 -12 -13 -14
leaf_value=-0.00047112172126487299 -0.010268818012749155 0.008411351051181553 0.018450476322323078 -0.0012805779988411812 0.016429549623280765 -0.011369322799146176 0.0040057996893301607 -0.0033102838679527243 -0.014814324959505548 0.0089798510274184604 0.00023864907184615732 -0.0030166802023920943 0.006666121585876681
leaf_weight=112 11.999999999999998 10.000000000000002 10.000000000000002 16.000000000000004 9.9999999999999982 14.999999999999998 9.9999999999999982 30 13.999999999999998 13.999999999999998 250 17 9.9999999999999982
leaf_count=112 12 10 10 16 10 15 10 30 14 14 250 17 10
internal_value=0 0.000889467 0.00547644 -0.000519603 0.00553101 -0.00175831 0.0112281 -0.000539071 -0.00444533 0.000225197 0.000702198 0.00121592 -0.000816183
internal_weight=0 200 47 153 26 127 20 330 54 276 264 27 40
internal_count=530 200 47 153 26 127 20 330 54 276 264 27 40
is_linear=0
shrinkage=0.1


Tree=149
num_leaves=12
num_cat=0
split_feature=5 98 3 11 99 101 15 18 96 7 32
split_gain=0.0246561 0.165234 0.194121 0.12683 0.0788956 0.0677296 0.0799561 0.0803381 0.0605038 0.0530993 0.0441134
threshold=1.2424533248940006 3.0357660829594128e-18 1.4978661367769959 3.4152368433293397e-18 4.980553729855287e-19 3.4972025275692372e-15 2.249904835165133 6.4582940601256071 5.5391444897808926 2.9700856263602162 1.162264728904461e-16
decision_type=2 2 2 2 2 2 2 2 2 2 2
left_child=1 2 3 -1 -3 6 10 -8 -7 -10 -2
right_child=5 4 -4 -5 -6 8 7 -9 9 -11 -12
leaf_value=-0.0011168637430895806 -0.0030755674795192832 0.014811531030996276 0.011434347499161959 -0.013310132971541447 0.0033044787553640517 0.006720083393156529 -0.013711829911917448 -0.003480361187195575 -0.0022682313005663928 0.00067206151792745825 0.0040277073418514596
leaf_weight=38 17 11.000000000000002 9.9999999999999982 10.999999999999998 12.999999999999998 13.999999999999998 9.9999999999999982 33 79 276 18
leaf_count=38 17 11 10 11 13 14 10 33 79 276 18
internal_value=0 0.00158285 -0.00126286 -0.00385413 0.00857854 -0.000293907 -0.00297123 -0.00585977 0.000272032 1.77428e-05 0.000577545
internal_weight=0 83 59 49 24 447 78 43 369 355 35
internal_count=530 83 59 49 24 447 78 43 369 355 35
is_linear=0
shrinkage=0.1


Tree=150
num_leaves=7
num_cat=0
split_feature=68 86 43 27 59 49
split_gain=0.0253324 0.0257137 0.0981174 0.0570584 0.0512627 0.0869545
threshold=1.7753383804104665 0.59222352234340792 4.9126278521332782 1.7917594692280556 9.4867690092481657e-19 1.4978661367769959
decision_type=2 2 2 2 2 2
left_child=-1 4 3 -3 -2 -6
right_child=1 2 -4 -5 5 -7
leaf_value=0.0047488417180085729 -0.0066315543193083545 0.0034924941407817028 0.0087895977093527724 -0.0018381877377498569 0.0022553729842752766 -0.0011122168465129412
leaf_weight=10.999999999999998 12.999999999999998 31 14.999999999999998 57 103 300
leaf_count=11 13 31 15 57 103 300
internal_value=0 -0.00010065 0.00131393 3.96661e-05 -0.000450894 -0.000251518
internal_weight=0 519 103 88 416 403
internal_count=530 519 103 88 416 403
is_linear=0
shrinkage=0.1


Tree=151
num_leaves=7
num_cat=0
split_feature=38 36 7 40 87 49
split_gain=0.0276282 0.0424681 0.134272 0.0631402 0.0450054 0.0412888
threshold=10.18815057630662 5.0466405620843924 4.5538214868689204 4.9451504953659766 0.10096399824287748 1.4978661367769959
decision_type=2 2 2 2 2 2
left_child=1 3 -3 5 -4 -1
right_child=-2 2 4 -5 -6 -7
leaf_value=0.0014803684110609959 -0.0047436525075075535 0.013266781298443676 0.0036326381950997377 -0.0067514664547551166 -0.0048599495436064902 -0.00055773325527459674
leaf_weight=143 11.999999999999998 9.9999999999999982 13.000000000000002 13.999999999999998 11.999999999999998 326
leaf_count=143 12 10 13 14 12 326
internal_value=0 0.000109892 0.00347351 -0.000133849 -0.000443804 6.36922e-05
internal_weight=0 518 35 483 25 469
internal_count=530 518 35 483 25 469
is_linear=0
shrinkage=0.1


Tree=152
num_leaves=7
num_cat=0
split_feature=49 53 49 5 1 5
split_gain=0.0241786 0.0431095 0.0410697 0.0376169 0.146213 0.11745
threshold=4.8362504118804468 2.4811436018576454 4.4425820475484112 3.3842466058243152 3.3842466058243152 3.3140206880897671
decision_type=2 2 2 2 2 2
left_child=2 -2 3 5 -5 -1
right_child=1 -3 -4 4 -6 -7
leaf_value=-0.00022634734191921203 -0.0014266978530213233 0.0076452391603114931 -0.0052920828262964887 0.0088655654806643735 5.523375718043904e-05 -0.010730259111997757
leaf_weight=330 10.000000000000002 10.999999999999998 14.999999999999998 22 131 10.999999999999998
leaf_count=330 10 11 15 22 131 11
internal_value=0 0.00332527 -0.000137192 1.93332e-05 0.00132208 -0.000565183
internal_weight=0 21 509 494 153 341
internal_count=530 21 509 494 153 341
is_linear=0
shrinkage=0.1


Tree=153
num_leaves=12
num_cat=0
split_feature=85 49 51 84 44 87 81 95 87 92 74
split_gain=0.0236328 0.0698358 0.0693692 0.0641617 0.0619075 0.0608967 0.060549 0.0620807 0.0585276 0.0448812 0.0436714
threshold=0.44590462798539082 3.1984648276080736 4.1971736807086968 0.48757574159553291 4.0342014792848504 0.65915267558707524 1.1857889819338217 3.6505739029280164 0.54721705926580488 3.9304344219865102 0.87983557733827722
decision_type=2 2 2 2 2 2 2 2 2 2 2
left_child=1 2 5 6 -5 -1 7 -2 9 -3 -8
right_child=3 8 -4 4 -6 -7 10 -9 -10 -11 -12
leaf_value=-0.0007114892285926544 -0.0035733500480691488 0.002694219828117639 0.0065740083344280721 0.010839098073483908 0.00087863763865943148 0.0038527543346087139 0.0094015953131020048 0.0011253002365784986 -0.00815558183316362 -0.004088344562798738 0.00067839918968578183
leaf_weight=256 47 15.999999999999998 15.999999999999998 12.000000000000002 12.999999999999998 33 11.000000000000002 70 19 25 11.999999999999998
leaf_count=256 47 16 16 12 13 33 11 70 19 25 12
internal_value=0 -0.000448968 0.000164537 0.000993172 0.00565966 -0.000190313 0.000159871 -0.000762192 -0.00356762 -0.00144149 0.00485036
internal_weight=0 365 305 165 25 289 140 117 60 41 23
internal_count=530 365 305 165 25 289 140 117 60 41 23
is_linear=0
shrinkage=0.1


Tree=154
num_leaves=9
num_cat=0
split_feature=7 98 9 103 101 13 102 78
split_gain=0.0223793 0.123961 0.11907 0.0736033 0.0699693 0.0695888 0.0692429 0.054575
threshold=4.2835627800822236 3.5408542930527882 3.3497501700808394 3.6762205501217919 3.0677824455408698 3.5694334999727624 4.1971736807086968 1.0256353323565699
decision_type=2 2 2 2 2 2 2 2
left_child=1 5 -2 -4 -5 6 -1 -3
right_child=2 7 3 4 -6 -7 -8 -9
leaf_value=-4.1056211645641532e-05 -0.008633398637175561 0.012765301408415487 0.0082580584527750037 -0.0068487997748889031 0.00016527069005860541 0.0071598039716123975 -0.0084937551338225611 0.0025580168142914773
leaf_weight=314 18 11.000000000000002 9.9999999999999982 15.999999999999998 128 12.999999999999998 9.9999999999999982 9.9999999999999982
leaf_count=314 18 11 10 16 128 13 10 10
internal_value=0 0.00045041 -0.000937481 -3.79582e-05 -0.00061407 -1.41001e-05 -0.000301942 0.00790469
internal_weight=0 358 172 154 144 337 324 21
internal_count=530 358 172 154 144 337 324 21
is_linear=0
shrinkage=0.1


Tree=155
num_leaves=13
num_cat=0
split_feature=72 16 22 9 100 18 34 48 102 2 89 89
split_gain=0.021292 0.0615689 0.0809601 0.0794863 0.108266 0.0806125 0.0636162 0.0440666 0.045124 0.148848 0.0863463 0.0265371
threshold=0.048475434630892413 2.9700856263602158 5.8860885991132372 3.2384861814448418 5.2443855436100657 6.8674505948844944 6.8442418396666911 5.0466405620843924 3.2769667020129059 7.9244299962216731 0.49721651427453734 0.26832255140569977
decision_type=2 2 2 2 2 2 2 2 2 2 2 2
left_child=7 2 11 5 -5 -3 -4 8 9 -1 -10 -2
right_child=1 3 6 4 -6 -7 -8 -9 10 -11 -12 -13
leaf_value=0.00064006411491088037 -0.00017116714734584094 -0.01360474493354559 0.0077556981286287068 0.0072416976404686764 -0.0025416434631156531 -0.0033909255618174727 0.00023401785133914514 0.0059722506973360276 0.00041218174077539129 0.013232773956842719 -0.0049091011271584876 -0.0053835493217532834
leaf_weight=153 28 9.9999999999999982 23 14.999999999999998 46 34 22 13.999999999999998 119 9.9999999999999982 41 14.999999999999998
leaf_count=153 28 10 23 15 46 34 22 14 119 10 41 15
internal_value=0 -0.000837542 0.00111345 -0.00247266 -0.000135904 -0.00571225 0.00407843 0.00047966 0.000241591 0.00141262 -0.000951397 -0.00198944
internal_weight=0 193 88 105 61 44 45 337 323 163 160 43
internal_count=530 193 88 105 61 44 45 337 323 163 160 43
is_linear=0
shrinkage=0.1


Tree=156
num_leaves=9
num_cat=0
split_feature=68 16 60 104 9 13 50 92
split_gain=0.0220578 0.0246078 0.086285 0.105206 0.0964786 0.0803733 0.109236 0.0732565
threshold=1.7753383804104665 1.8688348091416842 2.8586166361901628 2.1383330595080285 1.8688348091416844 1.0000000180025095e-35 4.1895399446433013 3.9827201917628168
decision_type=2 2 2 2 2 2 2 2
left_child=-1 5 3 -3 -4 7 -7 -2
right_child=1 2 4 -5 -6 6 -8 -9
leaf_value=0.0044312908441166985 0.00546673394811268 0.0073925521526047415 -0.0067002338780598209 -0.0017477790615521372 0.00014723603435756887 -0.009938737921612829 -0.0011638419652756835 -0.0021948006372743598
leaf_weight=10.999999999999998 26 34 22 20 318 19 56 24
leaf_count=11 26 34 22 20 318 19 56 24
internal_value=0 -9.39195e-05 0.000293927 0.00400724 -0.000295836 -0.00131641 -0.00338682 0.0017892
internal_weight=0 519 394 54 340 125 75 50
internal_count=530 519 394 54 340 125 75 50
is_linear=0
shrinkage=0.1


Tree=157
num_leaves=12
num_cat=0
split_feature=86 86 19 12 57 76 96 74 41 18 47
split_gain=0.0199178 0.0744148 0.0679002 0.219811 0.113099 0.052054 0.0755184 0.0599744 0.0475739 0.0453689 0.0254907
threshold=0.38001344672454257 0.29890571577781666 4.8481086751891054 4.2555875595453383 1.72446406903683 1.0754252284321966 4.330646767694998 0.76766497014018931 3.1132683346437333 8.8928122467075443 3.7726948748059121
decision_type=2 2 2 2 2 2 2 2 2 2 2
left_child=1 5 3 4 -2 6 -1 -7 -3 -4 -11
right_child=2 8 9 -5 -6 7 -8 -9 -10 10 -12
leaf_value=-0.009089160151779652 0.0030849818912996115 -0.0099129599447433745 -0.008266202038662001 0.012194691492348081 -0.0029637753086197856 0.0063745901845395567 -0.0002383861697058249 -0.00097230871208012117 -0.00097739282064139847 -0.0048103958647698151 0.0014271431578029145
leaf_weight=9.9999999999999982 69 13.000000000000002 10.999999999999998 18 56 25 268 20 10.999999999999998 10.000000000000002 19
leaf_count=10 69 13 11 18 56 25 268 20 11 10 19
internal_value=0 -0.000445188 0.000844155 0.00186291 0.000375139 -4.60078e-05 -0.000556759 0.0031093 -0.00581749 -0.00279791 -0.000723732
internal_weight=0 347 183 143 125 323 278 45 24 40 29
internal_count=530 347 183 143 125 323 278 45 24 40 29
is_linear=0
shrinkage=0.1


Tree=158
num_leaves=12
num_cat=0
split_feature=2 25 7 22 28 8 74 69 21 32 53
split_gain=0.0188486 0.122143 0.0784452 0.144909 0.0901972 0.0478592 0.1336 0.0832805 0.130678 0.0708943 0.0508383
threshold=5.6869696108313716 2.3502401828962087 7.1150767569361238e-19 5.6869696108313716 1.0000000180025095e-35 1.8688348091416842 1.1089219322694779 2.7935390597270717 2.602003343538398 3.4498615536424366 0.88137358701960566
decision_type=2 2 2 2 2 2 2 2 2 2 2
left_child=1 2 4 -4 -1 6 9 8 -7 -2 -9
right_child=5 -3 3 -5 -6 7 -8 10 -10 -11 -12
leaf_value=-0.00065744457875981045 -0.0030943864885705046 0.011747299588751049 0.0015736795821355593 -0.010281149429283688 0.010666049326149125 -0.00097257942349339519 0.0070285115486264918 0.0030008935602381828 0.011448062886483968 -0.012238236618312923 -0.00074463872728161877
leaf_weight=17.000000000000004 37 9.9999999999999982 29 15.999999999999998 11.999999999999998 18 10.999999999999998 41 15.999999999999998 10.999999999999998 312
leaf_count=17 37 10 29 16 12 18 11 41 16 11 312
internal_value=0 0.00137414 -2.76439e-05 -0.00264137 0.00402814 -0.000258806 -0.00291185 0.000145664 0.00487243 -0.00518985 -0.000309605
internal_weight=0 84 74 45 29 446 59 387 34 48 353
internal_count=530 84 74 45 29 446 59 387 34 48 353
is_linear=0
shrinkage=0.1


Tree=159
num_leaves=12
num_cat=0
split_feature=53 99 43 86 22 100 26 80 8 6 16
split_gain=0.0183793 0.165906 0.102882 0.0901518 0.0364763 0.084361 0.111241 0.0878927 0.0719531 0.0558529 0.0298792
threshold=1.0000000180025095e-35 1.1858461261560207e-19 1.4978661367769959 0.27456742417479296 5.8215644129176907 3.0201273556387074 6.3698291419571005 3.0399665975477954 3.1132683346437333 1.0000000180025095e-35 0.69314718055994573
decision_type=2 2 2 2 2 2 2 2 2 2 2
left_child=1 2 -1 -3 8 6 -6 -7 9 -2 -4
right_child=4 3 10 -5 5 7 -8 -9 -10 -11 -12
leaf_value=0.0058992065319960771 -0.0076032785148444498 0.0032060644856434966 -0.0027192405787193111 0.015171946678310634 0.012638507752368848 0.00014847053023890735 0.00092540026083588614 -0.0060109514278010468 -0.010081239081919194 0.00012872945667514879 -0.0090107911624587502
leaf_weight=10.999999999999998 10.999999999999998 17.000000000000004 18.000000000000004 9.9999999999999982 11.999999999999998 316 25 25 9.9999999999999982 62 12.999999999999998
leaf_count=11 11 17 18 10 12 316 25 25 10 62 13
internal_value=0 0.00152213 -0.00240941 0.00763787 -0.000227825 0.000188995 0.00472425 -0.0003031 -0.00212611 -0.00103637 -0.00535763
internal_weight=0 69 42 27 461 378 37 341 83 73 31
internal_count=530 69 42 27 461 378 37 341 83 73 31
is_linear=0
shrinkage=0.1


Tree=160
num_leaves=12
num_cat=0
split_feature=80 100 4 23 68 7 6 49 103 4 4
split_gain=0.018882 0.0857623 0.229037 0.0980299 0.092224 0.0646983 0.114335 0.10682 0.0897842 0.0815118 0.2397
threshold=0.69729658196729294 3.637239779386936 2.602003343538398 1.7917594692280556 4.0585847270890634 4.2835627800822236 8.0719859764778956 4.0942056540395164 5.3423228052093945 3.3140206880897671 3.6505739029280169
decision_type=2 2 2 2 2 2 2 2 2 2 2
left_child=5 3 -3 -2 -4 6 8 -8 -1 -7 -11
right_child=1 2 4 -5 -6 9 7 -9 -10 10 -12
leaf_value=-0.00081458650924097508 0.00095044850262210637 -0.013975999334996398 -0.0055902290267541132 0.012755372664347911 0.0024337282713251906 0.005583695999600671 0.011099347518433609 -0.0014088080010630868 0.0063344182250531095 -0.017365669459104539 -0.0016097016331940136
leaf_weight=233 17.000000000000004 10.999999999999998 17 11.999999999999998 91 10.999999999999998 18.000000000000004 10.999999999999998 19 10.999999999999998 79
leaf_count=233 17 11 17 12 91 11 18 11 19 11 79
internal_value=0 0.000958929 -0.000229417 0.00583524 0.0011707 -0.000371522 0.000408707 0.00635487 -0.000275574 -0.00254226 -0.00353543
internal_weight=0 148 119 29 108 382 281 29 252 101 90
internal_count=530 148 119 29 108 382 281 29 252 101 90
is_linear=0
shrinkage=0.1


Tree=161
num_leaves=13
num_cat=0
split_feature=5 98 3 102 36 101 7 51 32 32 40 3
split_gain=0.0194945 0.102844 0.133573 0.0967219 0.0541719 0.045675 0.0570254 0.0593541 0.0349784 0.148231 0.103367 0.0275007
threshold=1.2424533248940006 3.0357660829594128e-18 1.4978661367769959 1.0000000180025095e-35 3.0677824455408698 4.9331198848090459e-18 2.249904835165133 2.3502401828962087 2.9174053685313028 3.1567740231385479 2.9700856263602158 1.2424533248940006
decision_type=2 2 2 2 2 2 2 2 2 2 2 2
left_child=1 2 3 -1 -3 6 11 -8 10 -10 -7 -2
right_child=5 4 -4 -5 -6 8 7 -9 9 -11 -12 -13
leaf_value=-0.0083370429556816807 -0.0028992267110599917 0.0029112874164379065 0.009694890622049571 0.00070249844214011886 0.012547991899773479 0.00024564676309502361 -0.0097578460295848993 -0.0011274612850199143 -0.0070040560252363649 0.00035286254666874463 0.008114427784457803 0.0033847316968603994
leaf_weight=20 13.000000000000002 14.000000000000002 9.9999999999999982 29 9.9999999999999982 101 17 14.999999999999998 31 235 20 14.999999999999998
leaf_count=20 13 14 10 29 10 101 17 15 31 235 20 15
internal_value=0 0.00140745 -0.000837619 -0.00298711 0.00692658 -0.000261339 -0.00282857 -0.00571235 0.000136682 -0.000504523 0.00154627 0.00046718
internal_weight=0 83 59 49 24 447 60 32 387 266 121 28
internal_count=530 83 59 49 24 447 60 32 387 266 121 28
is_linear=0
shrinkage=0.1


Tree=162
num_leaves=8
num_cat=0
split_feature=38 36 102 42 74 45 38
split_gain=0.0197403 0.0332059 0.107664 0.0469039 0.0835907 0.0810329 0.0198924
threshold=10.18815057630662 5.0466405620843924 3.8176519431297078 8.4756358473943063 0.027914224776470934 3.5972184255501678 9.3038240793414406
decision_type=2 2 2 2 2 2 2
left_child=1 3 -3 5 -5 -1 -4
right_child=-2 2 6 4 -6 -7 -8
leaf_value=-2.1802473645340375e-05 -0.004009716674530258 0.010282235537082532 -0.0042032618498937637 -0.00070232444796973557 -0.0085090113324387106 0.0059738535773552343 0.0018107160333205353
leaf_weight=371 11.999999999999998 12.999999999999998 11.000000000000002 71 17 24 10.999999999999998
leaf_count=371 12 13 11 71 17 24 11
internal_value=0 9.28892e-05 0.00306717 -0.000122639 -0.00221043 0.000342491 -0.00119627
internal_weight=0 518 35 483 88 395 22
internal_count=530 518 35 483 88 395 22
is_linear=0
shrinkage=0.1


Tree=163
num_leaves=10
num_cat=0
split_feature=99 54 54 1 65 48 37 49 71
split_gain=0.018558 0.0527716 0.0598158 0.068693 0.041021 0.044166 0.0367374 0.0331107 0.025948
threshold=3.8815106545092593 4.6249247525354482 4.4248287033199567 4.0163424379838117 3.956904271015639 4.1190041246092024 4.2696729980286863 4.3882378946731615 2.249904835165133
decision_type=2 2 2 2 2 2 2 2 2
left_child=1 2 3 -1 -2 6 -6 -7 -3
right_child=4 8 -4 -5 5 7 -8 -9 -10
leaf_value=-2.8178841040034268e-05 -0.0065943296998739248 0.0087259267084300492 -0.0069806534796953206 0.0079780347052622932 -0.0053752770100254574 0.0063219582876906932 0.0016235195274930448 -0.0013318303786218168 0.00195038656775768
leaf_weight=416 12.999999999999998 10.000000000000002 11.999999999999998 10.999999999999998 20 13.000000000000002 11.999999999999998 9.9999999999999982 12.999999999999998
leaf_count=416 13 10 12 11 20 13 12 10 13
internal_value=0 0.000227018 -1.76124e-05 0.00017807 -0.00154239 -0.000348294 -0.00275073 0.00299422 0.00489627
internal_weight=0 462 439 427 68 55 32 23 23
internal_count=530 462 439 427 68 55 32 23 23
is_linear=0
shrinkage=0.1


Tree=164
num_leaves=10
num_cat=0
split_feature=38 38 51 36 26 44 44 57 79
split_gain=0.0193612 0.0805074 0.0621554 0.0573413 0.0427263 0.039472 0.113115 0.0255375 0.0246856
threshold=8.9808621585217967 9.230795975246556 3.4811217321331038 4.8940944640863338 9.3038240793414406 4.6867395546766826 4.2972622671762819 2.1374370919375636 0.89587973461402648
decision_type=2 2 2 2 2 2 2 2 2
left_child=3 2 -2 5 7 6 -1 -3 -7
right_child=1 4 -4 -5 -6 8 -8 -9 -10
leaf_value=-0.00011806420680944758 -0.012287003360688683 0.00084894129911183619 -0.0018004722964878265 0.0077128858957439669 -0.0023708496892236568 -0.00058068846352398373 0.0070874368812402959 0.0078313036891631792 -0.0074455973988568243
leaf_weight=413 10.000000000000002 11.000000000000002 12.999999999999998 9.9999999999999982 19 10.000000000000002 23 9.9999999999999982 10.999999999999998
leaf_count=413 10 11 13 10 19 10 23 10 11
internal_value=0 -0.00164557 -0.00635983 0.000221993 0.00106513 5.80789e-05 0.000262043 0.00417388 -0.00417659
internal_weight=0 63 23 467 40 457 436 21 21
internal_count=530 63 23 467 40 457 436 21 21
is_linear=0
shrinkage=0.1


Tree=165
num_leaves=9
num_cat=0
split_feature=17 98 75 95 31 64 47 104
split_gain=0.0178635 0.0446441 0.0415744 0.0823131 0.0599688 0.0415666 0.0342505 0.0257191
threshold=4.4425820475484112 4.4484992763719129 3.7726948748059121 4.0942056540395164 3.7012257604091228 4.6212888114022741 3.7494348669884658 4.5798392285869785
decision_type=2 2 2 2 2 2 2 2
left_child=1 2 3 -1 -4 -3 -2 -8
right_child=6 5 4 -5 -6 -7 7 -9
leaf_value=-5.0109488828818113e-05 -0.0051419140574963471 0.0085564404958859055 0.00055484288022853432 0.0072607339359819891 -0.0084070420025714812 4.6055199874734336e-05 -0.0025386759778484695 0.0032250431614617506
leaf_weight=411 19 12.000000000000002 16.000000000000004 15.999999999999998 13.999999999999998 10.999999999999998 16.000000000000004 14.999999999999998
leaf_count=411 19 12 16 16 14 11 16 15
internal_value=0 0.000187374 -2.89811e-05 0.000223833 -0.00362737 0.00448626 -0.00179879 0.00025022
internal_weight=0 480 457 427 30 23 50 31
internal_count=530 480 457 427 30 23 50 31
is_linear=0
shrinkage=0.1


Tree=166
num_leaves=7
num_cat=0
split_feature=50 49 29 71 89 48
split_gain=0.0184208 0.0273158 0.0476622 0.0267502 0.0285653 0.0132268
threshold=9.3980403144047564 4.3241107269113215 3.1567740231385479 3.5105419821445705 0.66908101122118591 4.0859410030639109
decision_type=2 2 2 2 2 2
left_child=1 3 -3 4 -1 -5
right_child=-2 2 -4 5 -6 -7
leaf_value=-0.00035105852251602476 0.003144234527523319 -0.007299399149737186 0.00069017125060781841 0.0010805522464215752 0.0022259735775151056 0.0062238601688295609
leaf_weight=414 18 14.000000000000002 15.999999999999998 10.000000000000002 48 9.9999999999999982
leaf_count=414 18 14 16 10 48 10
internal_value=0 -0.000110539 -0.00303829 7.16859e-05 -8.33149e-05 0.00365221
internal_weight=0 512 30 482 462 20
internal_count=530 512 30 482 462 20
is_linear=0
shrinkage=0.1


Tree=167
num_leaves=12
num_cat=0
split_feature=5 101 27 102 61 25 41 73 11 65 10
split_gain=0.0166239 0.109881 0.0781712 0.131097 0.0517848 0.0382032 0.0585745 0.0859149 0.0843386 0.0573676 0.0414296
threshold=1.8214596497756478e-17 3.1567740231385479 1.0000000180025095e-35 1.8688348091416846 1.9768760194899426 2.0126758453675753 1.8688348091416844 1.2424533248940004 2.249904835165133 0.9832343827128488 5.6732701237373151
decision_type=2 2 2 2 2 2 2 2 2 2 2
left_child=1 2 3 -1 -4 6 7 -2 -8 -7 -11
right_child=5 -3 4 -5 -6 9 8 -9 -10 10 -12
leaf_value=0.016856656000018115 0.0041830889794423629 -0.005694036523151833 -0.0052540845144540063 0.0010365422222424637 0.0049228310585021978 0.0065651016276595852 -0.010268689672846129 -0.0029522124063482303 -0.00015322624967666344 -0.006306494576856495 0.00022270603927925393
leaf_weight=10.000000000000002 27 14.999999999999998 10.000000000000002 10.999999999999998 9.9999999999999982 13.999999999999998 17 45 15.999999999999998 9.9999999999999982 345
leaf_count=10 27 15 10 11 10 14 17 45 16 10 345
internal_value=0 0.00162938 0.00430868 0.00856993 -0.000165627 -0.000192501 -0.00187548 -0.000276474 -0.00536422 0.000286396 3.87849e-05
internal_weight=0 56 41 21 20 474 105 72 33 369 355
internal_count=530 56 41 21 20 474 105 72 33 369 355
is_linear=0
shrinkage=0.1


Tree=168
num_leaves=6
num_cat=0
split_feature=70 69 69 65 88
split_gain=0.0192299 0.051003 0.0317439 0.0622127 0.05527
threshold=0.017943753505510068 0.39501449916169773 0.9593767796217848 0.9832343827128488 0.2493053510117233
decision_type=2 2 2 2 2
left_child=-1 -2 4 -4 -3
right_child=1 2 3 -5 -6
leaf_value=-0.003656889598018357 0.0060525620218998362 -0.0083567435077081097 0.0075372014618055386 -7.0921598648432022e-05 0.0017094529047608376
leaf_weight=13.999999999999998 13.999999999999998 12.000000000000002 10.999999999999998 469 9.9999999999999982
leaf_count=14 14 12 11 469 10
internal_value=0 9.92179e-05 -6.68116e-05 0.000103431 -0.0037812
internal_weight=0 516 502 480 22
internal_count=530 516 502 480 22
is_linear=0
shrinkage=0.1


Tree=169
num_leaves=9
num_cat=0
split_feature=38 102 14 36 65 3 83 98
split_gain=0.0161184 0.0646938 0.141504 0.0463416 0.0347216 0.0736243 0.0648082 0.0214875
threshold=8.9808621585217967 3.5694334999727624 8.7251520953174779 4.8940944640863338 3.7123759866162005 5.0106130713801926 1.8069471998425466 4.2835627800822236
decision_type=2 2 2 2 2 2 2 2
left_child=3 -2 -3 4 5 -1 -6 -4
right_child=1 2 7 -5 6 -7 -8 -9
leaf_value=0.00014638955900895227 0.003769819302354282 -0.012286254127796454 0.0019605339726521858 0.0069367413595318797 -0.0052919348570867443 0.0075312743607875224 0.0010240287918625681 -0.0033440317958593371
leaf_weight=378 17 12.999999999999998 21 9.9999999999999982 32 13.999999999999998 33 11.999999999999998
leaf_count=378 17 13 21 10 32 14 33 12
internal_value=0 -0.00150145 -0.00344953 0.000202551 5.5195e-05 0.000410135 -0.00208537 3.1601e-05
internal_weight=0 63 46 467 457 392 65 33
internal_count=530 63 46 467 457 392 65 33
is_linear=0
shrinkage=0.1


Tree=170
num_leaves=11
num_cat=0
split_feature=83 83 78 6 50 101 100 57 101 53
split_gain=0.0163118 0.0561495 0.0557673 0.0499704 0.0459274 0.0455012 0.127031 0.0610134 0.0397283 0.0374395
threshold=0.28196772389603009 0.72144594250152805 0.67020830919874685 4.996846910211139 8.5096593973617747 2.8029010331479993 3.8393944990995772 1.9643848248809948 2.3502401828962092 0.8813735870196483
decision_type=2 2 2 2 2 2 2 2 2 2
left_child=2 4 5 -3 -2 7 -7 -1 -4 -5
right_child=1 3 8 9 -6 6 -8 -9 -10 -11
leaf_value=0.0022910356606101437 -0.0088596276107377227 -0.0065688883293081417 0.0015625208687896908 0.0045724871246707868 -0.0010168035521928686 -0.0094792664023664076 -3.6854756465552128e-05 -0.0016858581985746111 0.0099463443458080308 -0.00011963995872784039
leaf_weight=124 14.000000000000002 10.999999999999998 13.000000000000002 19 15.999999999999998 17 88 56 9.9999999999999982 162
leaf_count=124 14 11 13 19 16 17 88 56 10 162
internal_value=0 -0.00065345 0.000470993 -2.48031e-05 -0.00467679 8.87355e-05 -0.00156563 0.00105378 0.00520766 0.000372904
internal_weight=0 222 308 192 30 285 105 180 23 181
internal_count=530 222 308 192 30 285 105 180 23 181
is_linear=0
shrinkage=0.1


Tree=171
num_leaves=9
num_cat=0
split_feature=39 45 31 39 16 10 28 80
split_gain=0.0165305 0.0597123 0.0632236 0.0359335 0.0249071 0.0432589 0.0242677 0.0166383
threshold=5.5234569284970156 5.0625750037842705 5.74454174524233 5.2907605476430133 4.8940944640863338 8.3105297257100812 4.7094896185437563 1.4811948727325146
decision_type=2 2 2 2 2 2 2 2
left_child=3 2 -2 4 5 -1 -6 -3
right_child=1 7 -4 -5 6 -7 -8 -9
leaf_value=-0.00021288705921209983 -0.010000913217663762 -0.00050823511197589904 0.00030003918086136272 0.0055779737187549479 -0.0050819890728841226 0.002401146284068705 -2.0769205875694751e-05 0.0049173524323850876
leaf_weight=356 13.000000000000002 13.000000000000002 10.999999999999998 11.999999999999998 18 77 20 9.9999999999999982
leaf_count=356 13 13 11 12 18 77 20 10
internal_value=0 -0.00179032 -0.00527964 0.000174213 3.65378e-05 0.000251964 -0.00241819 0.00185072
internal_weight=0 47 24 483 471 433 38 23
internal_count=530 47 24 483 471 433 38 23
is_linear=0
shrinkage=0.1


Tree=172
num_leaves=11
num_cat=0
split_feature=5 98 3 11 99 12 65 11 27 26
split_gain=0.0167307 0.0847229 0.096119 0.0690748 0.0419319 0.0382981 0.0784375 0.077205 0.0399684 0.0348391
threshold=1.2424533248940006 3.0357660829594128e-18 1.4978661367769959 3.4152368433293397e-18 4.980553729855287e-19 1.700598690831078 1.7381429690740031 0.69314718055994573 1.7917594692280556 1.0000000180025095e-35
decision_type=2 2 2 2 2 2 2 2 2 2
left_child=1 2 3 -1 -3 7 -7 -2 -9 -8
right_child=5 4 -4 -5 -6 6 9 8 -10 -11
leaf_value=-0.00053715847775732213 0.0026765130901415099 0.010857263157165353 0.0082007977180182934 -0.0095356476577845503 0.0024682694723686346 0.0088636806048452855 -0.0059331601578742274 -0.009888544205265741 -0.0030263878961077667 4.9175988230203997e-05
leaf_weight=38 19 11.000000000000002 9.9999999999999982 10.999999999999998 12.999999999999998 9.9999999999999982 9.9999999999999982 11.999999999999998 29 367
leaf_count=38 19 11 10 11 13 10 10 12 29 367
internal_value=0 0.00130387 -0.000733833 -0.00255723 0.00631322 -0.000242106 0.000122359 -0.0025929 -0.00503482 -0.000109507
internal_weight=0 83 59 49 24 447 387 60 41 377
internal_count=530 83 59 49 24 447 387 60 41 377
is_linear=0
shrinkage=0.1


Tree=173
num_leaves=6
num_cat=0
split_feature=70 70 41 70 0
split_gain=0.0163812 0.0489881 0.118574 0.0423681 0.0423167
threshold=0.017943753505510068 0.14656291589738457 2.249904835165133 0.40843760444787419 4.7357950894166834e-16
decision_type=2 2 2 2 2
left_child=-1 2 -2 -3 -5
right_child=1 3 -4 4 -6
leaf_value=-0.0033751677056508404 0.012819939225446428 -0.0053566257407267892 -0.0014373487792909145 0.0037429368797818139 -0.00019870522510489409
leaf_weight=13.999999999999998 10.000000000000002 14.999999999999998 13.999999999999998 29 448
leaf_count=14 10 15 14 29 448
internal_value=0 9.15743e-05 0.00450319 -0.000123626 4.09334e-05
internal_weight=0 516 24 492 477
internal_count=530 516 24 492 477
is_linear=0
shrinkage=0.1


Tree=174
num_leaves=7
num_cat=0
split_feature=34 36 102 42 101 45
split_gain=0.0149757 0.0285901 0.0854776 0.0297776 0.06078 0.060318
threshold=9.6816402102362797 5.0466405620843924 3.8176519431297078 8.4756358473943063 1.2424533248940004 3.5972184255501678
decision_type=2 2 2 2 2 2
left_child=1 3 -3 5 -5 -1
right_child=-2 2 -4 4 -6 -7
leaf_value=-2.7128193266368931e-05 -0.0028350108419544998 0.010094216957011003 -0.0010948138759785152 0.0023113815167632242 -0.0034488402851322111 0.0051457166863353148
leaf_weight=371 18 11.000000000000002 18 26 62 24
leaf_count=371 18 11 18 26 62 24
internal_value=0 9.96684e-05 0.0031493 -8.34359e-05 -0.00174696 0.000287171
internal_weight=0 512 29 483 88 395
internal_count=530 512 29 483 88 395
is_linear=0
shrinkage=0.1


Tree=175
num_leaves=10
num_cat=0
split_feature=7 98 9 80 9 47 78 98 13
split_gain=0.0142844 0.0770505 0.0728165 0.0457408 0.0825415 0.0697156 0.0370917 0.0363126 0.0584651
threshold=4.2835627800822236 3.5408542930527882 3.3497501700808394 0.48553517888682912 3.8393944990995772 2.0126758453675753 1.0256353323565699 3.2769667020129059 3.4175922930736511
decision_type=2 2 2 2 2 2 2 2 2
left_child=1 7 -2 5 -5 -4 -3 8 -1
right_child=2 6 3 4 -6 -7 -8 -9 -10
leaf_value=-6.6873947706113301e-05 -0.0067672957717958421 0.010243905466896564 -0.0097266538627445703 0.0064482433682618041 -0.0004284862086933572 -0.00066217145836812311 0.0018289582896977665 -0.0045100216151160357 0.006327940911287442
leaf_weight=305 18 11.000000000000002 9.9999999999999982 24 64 56 9.9999999999999982 17 14.999999999999998
leaf_count=305 18 11 10 24 64 56 10 17 15
internal_value=0 0.000359846 -0.000748981 -4.55417e-05 0.00144699 -0.00203558 0.00623679 -6.37332e-06 0.000232883
internal_weight=0 358 172 154 88 66 21 337 320
internal_count=530 358 172 154 88 66 21 337 320
is_linear=0
shrinkage=0.1


Tree=176
num_leaves=6
num_cat=0
split_feature=50 50 5 1 5
split_gain=0.0145129 0.0197215 0.0189284 0.083996 0.0826358
threshold=9.3980403144047564 9.2107883712129119 3.3842466058243152 3.3842466058243152 3.3140206880897671
decision_type=2 2 2 2 2
left_child=1 2 4 -4 -1
right_child=-2 -3 3 -5 -6
leaf_value=-0.00015849116820619655 0.0027908633023293484 -0.0044954285770654676 0.0066282325053841559 -3.1811695343468965e-05 -0.0093839925923384724
leaf_weight=334 18 9.9999999999999982 22 136 9.9999999999999982
leaf_count=334 18 10 22 136 10
internal_value=0 -9.81163e-05 -1.05204e-05 0.000895536 -0.000426674
internal_weight=0 512 502 158 344
internal_count=530 512 502 158 344
is_linear=0
shrinkage=0.1


Tree=177
num_leaves=11
num_cat=0
split_feature=51 51 50 87 44 25 87 15 97 39
split_gain=0.0140037 0.0762689 0.0720992 0.0690693 0.0511955 0.0996728 0.0462396 0.0808105 0.0422234 0.0162254
threshold=4.1971736807086968 4.4885732424042368 8.2253594591816395 0.087299755977354856 2.0126758453675748 3.4811217321331038 0.65915267558707524 2.1383330595080281 2.3502401828962087 4.2268071048866842
decision_type=2 2 2 2 2 2 2 2 2 2
left_child=2 3 6 -2 -3 -6 8 -8 -1 -5
right_child=1 4 -4 9 5 -7 7 -9 -10 -11
leaf_value=0.00079075051157628448 0.0093794277321328154 0.0046083491312695997 -0.0083162840254689483 0.0041247808374464496 -0.0050065541282556091 0.0012589062432638342 -0.0001894987907937982 0.010012175845137488 -0.0015094835219232746 -0.0011492047384048679
leaf_weight=146 17 17 10.999999999999998 10.000000000000002 43 62 22 11.999999999999998 176 13.999999999999998
leaf_count=146 17 17 11 10 43 62 22 12 176 14
internal_value=0 0.000771298 -0.000342565 0.00450266 -0.000482686 -0.00130695 -9.61865e-05 0.00341109 -0.00046652 0.00104829
internal_weight=0 163 367 41 122 105 356 34 322 24
internal_count=530 163 367 41 122 105 356 34 322 24
is_linear=0
shrinkage=0.1


Tree=178
num_leaves=6
num_cat=0
split_feature=70 70 41 70 0
split_gain=0.013681 0.0389095 0.0958776 0.0348551 0.0338261
threshold=0.017943753505510068 0.14656291589738457 2.249904835165133 0.40843760444787419 4.7357950894166834e-16
decision_type=2 2 2 2 2
left_child=-1 2 -2 -3 -5
right_child=1 3 -4 4 -6
leaf_value=-0.0030844746955803466 0.011493921861983832 -0.0048544977356990184 -0.0013264342710109693 0.0033509946171322775 -0.000173097932806903
leaf_weight=13.999999999999998 10.000000000000002 14.999999999999998 13.999999999999998 29 448
leaf_count=14 10 15 14 29 448
internal_value=0 8.36873e-05 0.00401538 -0.000108103 4.11551e-05
internal_weight=0 516 24 492 477
internal_count=530 516 24 492 477
is_linear=0
shrinkage=0.1


Tree=179
num_leaves=8
num_cat=0
split_feature=35 35 43 37 92 48 43
split_gain=0.0127993 0.0421205 0.0419235 0.0300099 0.0355978 0.0277814 0.0255526
threshold=5.2652741739841078 5.4636881475041514 5.5234569284970156 4.3882378946731615 4.0683750176430591 3.6505739029280169 5.4636881475041514
decision_type=2 2 2 2 2 2 2
left_child=2 -2 3 4 -1 6 -3
right_child=1 5 -4 -5 -6 -7 -8
leaf_value=-0.00011530967623116062 -0.0066705663675141599 0.0056925945263355971 0.006584156351163984 -0.0053789826339925642 0.0030466511150828018 -0.0038531455311125945 -0.00025556152686476711
leaf_weight=409 11.999999999999998 9.9999999999999982 9.9999999999999982 9.9999999999999982 39 13.999999999999998 26
leaf_count=409 12 10 10 10 39 14 26
internal_value=0 -0.00135015 0.000178866 3.90129e-05 0.00015995 -7.32538e-05 0.0013967
internal_weight=0 62 468 458 448 50 36
internal_count=530 62 468 458 448 50 36
is_linear=0
shrinkage=0.1


Tree=180
num_leaves=12
num_cat=0
split_feature=51 51 50 87 88 88 87 3 49 25 39
split_gain=0.0131665 0.0610678 0.0569981 0.0531164 0.0429988 0.0535404 0.0372209 0.067613 0.0374712 0.0301546 0.0128355
threshold=4.1971736807086968 4.4885732424042368 8.2253594591816395 0.087299755977354856 0.54976035131866052 0.61882079188067218 0.65915267558707524 1.7917594692280556 3.5972184255501678 3.4811217321331038 4.2268071048866842
decision_type=2 2 2 2 2 2 2 2 2 2 2
left_child=2 3 6 -2 9 -6 8 -8 -1 -3 -5
right_child=1 4 -4 10 5 -7 7 -9 -10 -11 -12
leaf_value=-0.00065760894904791888 0.0083634138107299815 -0.0034211821564429897 -0.0074218345171009953 0.0037937801517546168 0.0088175862748175859 5.2946766474000789e-05 -0.0016962959780357778 0.0072379599377099015 0.0050375410666068402 0.00026229810091140478 -0.00089703149195494408
leaf_weight=310 17 43 10.999999999999998 10.000000000000002 9.9999999999999982 23 15.999999999999998 18 11.999999999999998 46 13.999999999999998
leaf_count=310 17 43 11 10 10 23 16 18 12 46 14
internal_value=0 0.000747889 -0.000332169 0.00408677 -0.000374192 0.0027089 -0.000113106 0.0030336 -0.000445367 -0.00151736 0.00105747
internal_weight=0 163 367 41 122 33 356 34 322 89 24
internal_count=530 163 367 41 122 33 356 34 322 89 24
is_linear=0
shrinkage=0.1


Tree=181
num_leaves=7
num_cat=0
split_feature=72 50 81 6 92 9
split_gain=0.0136927 0.0448596 0.0226318 0.0518037 0.0511257 0.0371452
threshold=0.77975360085780265 6.3296954855368641 2.6995729418280132 1.0000000180025095e-35 3.9646827161167337 1.2424533248940006
decision_type=2 2 2 2 2 2
left_child=2 -2 3 -1 -4 -5
right_child=1 -3 4 5 -6 -7
leaf_value=0.0056394204351818194 0.0074493469856679422 -0.0013200451486877034 0.0014501343552882852 -0.0028781510165168181 -0.0074186231477562196 0.00014525919146255118
leaf_weight=15.999999999999998 10.000000000000002 13.999999999999998 13.000000000000002 45 12.999999999999998 419
leaf_count=16 10 14 13 45 13 419
internal_value=0 0.00233387 -0.000110697 4.49532e-05 -0.00298424 -0.000147959
internal_weight=0 24 506 480 26 464
internal_count=530 24 506 480 26 464
is_linear=0
shrinkage=0.1


Tree=182
num_leaves=13
num_cat=0
split_feature=17 103 98 61 103 12 61 10 14 102 9 16
split_gain=0.0126337 0.0864773 0.0800348 0.0822263 0.0547973 0.0764136 0.0590524 0.0402807 0.0924882 0.076336 0.0748452 0.0262717
threshold=3.2384861814448418 5.0072908000208587 1.2424533248940004 1.9109189711447931 4.4187680230537838 2.740319461670996 3.0099832101002968 8.1028887224174948 7.786320657323766 3.7726948748059121 3.3497501700808394 3.5694334999727624
decision_type=2 2 2 2 2 2 2 2 2 2 2 2
left_child=1 4 -3 -4 6 -6 -1 8 -2 -9 -11 -10
right_child=7 2 3 -5 5 -7 -8 9 11 10 -12 -13
leaf_value=0.00048539018245461867 0.0020081791270058604 -0.0042020604573190217 0.01321680105545304 0.0033379451660039195 0.0021853174160545072 -0.0078179563758783936 -0.0073623350076377396 0.005994169890350589 -0.011816609203815456 -0.0086778704246336779 -8.9829131776026191e-05 -0.0045679333730367947
leaf_weight=233 15.999999999999998 9.9999999999999982 10.999999999999998 36 11.999999999999998 21 9.9999999999999982 19 10.000000000000002 10.999999999999998 131 9.9999999999999982
leaf_count=233 16 10 11 36 12 21 10 19 10 11 131 10
internal_value=0 0.000375524 0.00392158 0.00565002 -0.000356814 -0.0041804 0.000162439 -0.000634769 -0.00365874 4.13977e-05 -0.0007551 -0.00819227
internal_weight=0 333 57 47 276 33 243 197 36 161 142 20
internal_count=530 333 57 47 276 33 243 197 36 161 142 20
is_linear=0
shrinkage=0.1


Tree=183
num_leaves=6
num_cat=0
split_feature=70 70 31 70 0
split_gain=0.012829 0.0314776 0.0844929 0.027048 0.0295183
threshold=0.017943753505510068 0.14656291589738457 1.2424533248940006 0.40843760444787419 4.7357950894166834e-16
decision_type=2 2 2 2 2
left_child=-1 2 -2 -3 -5
right_child=1 3 -4 4 -6
leaf_value=-0.0029868873235370432 0.010067668248137287 -0.0042726438896109661 -0.0018405740185139274 0.0031319263326967588 -0.00016012647841177701
leaf_weight=13.999999999999998 11.000000000000002 14.999999999999998 12.999999999999998 29 448
leaf_count=14 11 15 13 29 448
internal_value=0 8.10396e-05 0.00361737 -9.14643e-05 4.00193e-05
internal_weight=0 516 24 492 477
internal_count=530 516 24 492 477
is_linear=0
shrinkage=0.1


Tree=184
num_leaves=12
num_cat=0
split_feature=48 46 16 49 103 78 83 46 78 49 28
split_gain=0.0125377 0.044677 0.0594203 0.0408127 0.0533013 0.0430646 0.0347297 0.0433528 0.0354588 0.0354038 0.0318382
threshold=3.8393944990995772 8.3387528517229743 4.7094896185437563 3.9981586158983733 4.9732256259841225 0.1593019913951835 0.28196772389603009 7.4444944766793393 1.9942196179362548 2.8029010331479989 1.0000000180025095e-35
decision_type=2 2 2 2 2 2 2 2 2 2 2
left_child=6 3 -3 4 -2 -5 8 9 10 -8 -1
right_child=1 2 -4 5 -6 -7 7 -9 -10 -11 -12
leaf_value=-0.0029426923998060726 0.0009118877806031378 -0.0090151465684175456 0.00059898772483898532 0.0050930233627486119 0.0071461094169838662 -0.0013180263556057106 0.0002861650660634041 -0.00778644903859293 0.0061341382935643195 -0.003740842132281293 0.00046944978285895999
leaf_weight=31 32 10.000000000000002 18 12.999999999999998 24 54 61 10.999999999999998 9.9999999999999982 34 232
leaf_count=31 32 10 18 13 24 54 61 11 10 34 232
internal_value=0 0.000770551 -0.00283463 0.00159124 0.0035837 -7.40913e-05 -0.000307001 -0.00184324 0.000289488 -0.00115508 6.72581e-05
internal_weight=0 151 28 123 56 67 379 106 273 95 263
internal_count=530 151 28 123 56 67 379 106 273 95 263
is_linear=0
shrinkage=0.1


Tree=185
num_leaves=7
num_cat=0
split_feature=50 49 101 46 47 104
split_gain=0.0124187 0.0149484 0.037236 0.0187583 0.0702539 0.045394
threshold=9.3980403144047564 4.3630783395783075 4.6199495871088647 6.5560373146472513 2.9174053685313033 1.2212453270876714e-15
decision_type=2 2 2 2 2 2
left_child=1 3 -3 5 -5 -1
right_child=-2 2 -4 4 -6 -7
leaf_value=0.0047731810992655277 0.0025816551163896093 -0.0068596560084684304 0.00069834299210924655 0.0035880267328061797 -0.00021734337533283431 -0.0014042660830143308
leaf_weight=12.999999999999998 18 11.000000000000002 15.999999999999998 59 273 140
leaf_count=13 18 11 16 59 273 140
internal_value=0 -9.07613e-05 -0.00238084 3.67277e-05 0.000458912 -0.000879385
internal_weight=0 512 27 485 332 153
internal_count=530 512 27 485 332 153
is_linear=0
shrinkage=0.1


Tree=186
num_leaves=11
num_cat=0
split_feature=43 46 43 49 53 103 50 86 103 38
split_gain=0.0114785 0.0570136 0.0544217 0.0550414 0.0456713 0.0421362 0.0321231 0.0319953 0.038068 0.0367506
threshold=1.0000000180025095e-35 7.4142614184158591 0.69314718055994573 2.8029010331479989 0.88137358701954338 4.0859410030639109 7.3004671152190621 0.68476950597767339 4.6539149966267201 6.4076772022402091
decision_type=2 2 2 2 2 2 2 2 2 2
left_child=1 4 3 -2 -1 -5 -6 9 -9 -4
right_child=2 -3 7 5 6 -7 -8 8 -10 -11
leaf_value=0.0052907536952541429 0.0099165036004375297 -0.007795414887368679 -0.0018449613311065313 -0.0034802221972495308 -0.0040206637078275291 0.0056997828325256704 0.00096502827738212155 0.00016221385837222134 -0.0079821516844359314 0.00057432248750781086
leaf_weight=12.999999999999998 11.000000000000002 10.999999999999998 78 10.000000000000002 24 9.9999999999999982 28 12.000000000000002 10.999999999999998 322
leaf_count=13 11 11 78 10 24 10 28 12 11 322
internal_value=0 -0.00113743 0.000190407 0.00423475 -1.06975e-05 0.00110978 -0.00133606 -0.000105986 -0.00373292 0.000102562
internal_weight=0 76 454 31 65 20 52 423 23 400
internal_count=530 76 454 31 65 20 52 423 23 400
is_linear=0
shrinkage=0.1


Tree=187
num_leaves=5
num_cat=0
split_feature=49 85 87 51
split_gain=0.0120117 0.0181607 0.0184444 0.0221885
threshold=5.0966960766705043 0.68988791877841538 0.69155384640118911 4.1971736807086968
decision_type=2 2 2 2
left_child=1 2 3 -1
right_child=-2 -3 -4 -5
leaf_value=-0.00046932941107571784 0.0031278025808205712 -0.0033890582999447361 0.004082971591163765 0.001039770210193081
leaf_weight=357 11.999999999999998 15.999999999999998 10.999999999999998 134
leaf_count=357 12 16 11 134
internal_value=0 -7.24588e-05 3.32496e-05 -5.74774e-05
internal_weight=0 518 502 491
internal_count=530 518 502 491
is_linear=0
shrinkage=0.1


Tree=188
num_leaves=11
num_cat=0
split_feature=62 98 85 98 86 102 28 95 59 35
split_gain=0.011765 0.0411666 0.0447813 0.0394795 0.0351823 0.051113 0.0211821 0.0203665 0.0307584 0.014016
threshold=4.0342014792848504 3.8176519431297078 0.66450709951973652 3.6242520361853057 0.23960044708149855 4.9971894463620989 4.7094896185437563 4.0517471391904856 5.0782890901091458 5.0369315191558419
decision_type=2 2 2 2 2 2 2 2 2 2
left_child=1 2 3 -1 5 -3 7 -2 -9 -8
right_child=6 4 -4 -5 -6 -7 9 8 -10 -11
leaf_value=0.00025472353334965496 -0.0062881856585260149 0.0056757716141873976 -0.0048913392949065104 -0.0058233728378333828 0.0073423225477409482 -0.0016841675124495575 0.0033583180477412839 0.0027191058000729149 -0.0036274541235928031 -0.0010622685949783772
leaf_weight=375 10.999999999999998 15.999999999999998 19 10.999999999999998 12.999999999999998 23 13.000000000000002 11.999999999999998 21 15.999999999999998
leaf_count=375 11 16 19 11 13 23 13 12 21 16
internal_value=0 0.000188305 -0.000151781 8.15135e-05 0.00283705 0.00133529 -0.00117884 -0.00256176 -0.00131961 0.000919374
internal_weight=0 457 405 386 52 39 73 44 33 29
internal_count=530 457 405 386 52 39 73 44 33 29
is_linear=0
shrinkage=0.1


Tree=189
num_leaves=11
num_cat=0
split_feature=38 65 7 13 38 51 46 72 81 102
split_gain=0.0113098 0.0355795 0.0838937 0.0374242 0.0256696 0.041156 0.0383959 0.0283934 0.0276301 0.0196381
threshold=5.4227230155794315 2.6108875850678701 3.7012257604091228 1.4978661367769959 6.0649412535860643 2.3502401828962087 5.905358135785149 0.77975360085780265 19.113827924436418 1.3862943611198915
decision_type=2 2 2 2 2 2 2 2 2 2
left_child=1 3 -3 -1 5 -2 -7 8 -6 -5
right_child=4 2 -4 9 7 6 -8 -9 -10 -11
leaf_value=-0.00055189297041472265 -0.0079348987154662619 -0.0082837961106137763 0.0033862983774659893 0.0089652185887098279 0.00013557357260579397 0.00051562027557094285 -0.0059156628597217299 0.0051309964704242626 -0.0045534360043417944 0.0031630398023740521
leaf_weight=17 9.9999999999999982 11.000000000000002 13.999999999999998 10.000000000000002 377 41 11.999999999999998 10.999999999999998 12.999999999999998 13.999999999999998
leaf_count=17 10 11 14 10 377 41 12 11 13 14
internal_value=0 0.00122483 -0.00174854 0.00303787 -0.000174222 -0.00205074 -0.000940519 0.000120592 -2.07267e-05 0.00558061
internal_weight=0 66 25 41 464 63 53 401 390 24
internal_count=530 66 25 41 464 63 53 401 390 24
is_linear=0
shrinkage=0.1


Tree=190
num_leaves=12
num_cat=0
split_feature=15 11 7 19 71 24 30 97 48 49 28
split_gain=0.0123424 0.063248 0.0843837 0.0501839 0.0651371 0.061621 0.0538038 0.0428558 0.0720388 0.0620084 0.0353425
threshold=2.249904835165133 2.524928003624769 2.0126758453675753 1.700598690831078 7.5894152073985326e-18 3.3140206880897671 6.5560373146472513 2.524928003624769 0.69314718055994573 2.0126758453675753 7.5894152073985326e-18
decision_type=2 2 2 2 2 2 2 2 2 2 2
left_child=3 2 -2 5 -5 10 -6 8 -3 -9 -1
right_child=1 7 -4 4 6 -7 -8 9 -10 -11 -12
leaf_value=-0.001127907917408777 0.00055097837466746571 0.0093124414794147018 -0.009412699880982367 0.0087112449175037916 0.0049608119929741533 -0.0074581679697571833 -0.0039733255693975558 -0.0031487890827702359 -0.00034828361607842933 0.00044543026539031424 0.0025060195038626581
leaf_weight=64 17 12.999999999999998 17 15.999999999999998 14.000000000000002 10.999999999999998 12.999999999999998 60 19 240 46
leaf_count=64 17 13 17 16 14 11 13 60 19 240 46
internal_value=0 -0.00032303 -0.00443086 0.000720909 0.0036553 -0.000321893 0.00065919 9.76514e-05 0.00357639 -0.000273414 0.000391734
internal_weight=0 366 34 164 43 121 27 332 32 300 110
internal_count=530 366 34 164 43 121 27 332 32 300 110
is_linear=0
shrinkage=0.1


Tree=191
num_leaves=9
num_cat=0
split_feature=19 23 45 26 7 63 3 27
split_gain=0.0105864 0.060076 0.0454222 0.0473693 0.0344063 0.0484036 0.0402453 0.0253699
threshold=4.5798392285869785 4.5538214868689204 4.135134555718313 8.1978066071862123 4.3819485035697312 4.8789996228937618 3.9981586158983733 5.0106130713801926
decision_type=2 2 2 2 2 2 2 2
left_child=1 2 3 -1 6 -6 -2 -7
right_child=4 -3 -4 -5 5 7 -8 -9
leaf_value=-6.4052123184213876e-05 -0.0002879286184906959 0.0057426868986926588 -0.0054123344613860053 0.0050639438540919833 0.0045476177468356726 -0.0030114242058196985 -0.0086619541742203928 0.00042822977354494383
leaf_weight=347 12.000000000000002 19 14.999999999999998 19 19 37 10.999999999999998 51
leaf_count=347 12 19 15 19 19 37 11 51
internal_value=0 0.000254787 -1.88876e-05 0.000202155 -0.000783961 -2.97032e-05 -0.0042929 -0.00101799
internal_weight=0 400 381 366 130 107 23 88
internal_count=530 400 381 366 130 107 23 88
is_linear=0
shrinkage=0.1


Tree=192
num_leaves=10
num_cat=0
split_feature=39 33 27 33 98 47 102 46 2
split_gain=0.0108274 0.0824367 0.0625057 0.0867082 0.0435675 0.0406205 0.0293709 0.0705253 0.029174
threshold=4.1971736807086968 2.6735537653587347 4.0689902272260703 3.4811217321331038 1.2424533248940004 4.3502571242716384 1.0000000180025095e-35 7.4444944766793393 3.8857805861880384e-15
decision_type=2 2 2 2 2 2 2 2 2
left_child=5 -2 4 -4 -3 6 7 -1 -8
right_child=1 2 3 -5 -6 -7 8 -9 -10
leaf_value=0.0010670073340525445 -0.0094502987898886209 0.00022461128421127791 -0.0060764615085925197 0.00026632148609866227 0.0093446117540059437 0.0054183939852130913 0.0043416800388109151 -0.0075783095206134023 0.00018612100619992073
leaf_weight=23 9.9999999999999982 10.000000000000002 26 126 10.999999999999998 14.999999999999998 18 15.999999999999998 275
leaf_count=23 10 10 26 126 11 15 18 16 275
internal_value=0 -0.000622391 -0.000112108 -0.000818628 0.00500175 0.000328235 9.82582e-05 -0.00247979 0.000441411
internal_weight=0 183 173 152 21 347 332 39 293
internal_count=530 183 173 152 21 347 332 39 293
is_linear=0
shrinkage=0.1


Tree=193
num_leaves=10
num_cat=0
split_feature=7 6 22 41 27 9 102 103 101
split_gain=0.0107243 0.0487239 0.0479476 0.0791957 0.0556879 0.0414843 0.0384735 0.0352052 0.0311908
threshold=4.2835627800822236 8.0940731014520217 8.0871791040414465 4.0517471391904856 3.1984648276080736 3.3497501700808394 4.135134555718313 3.6762205501217919 3.0677824455408698
decision_type=2 2 2 2 2 2 2 2 2
left_child=1 2 4 -4 -1 -2 -3 -7 -9
right_child=5 6 3 -5 -6 7 -8 8 -10
leaf_value=-0.00047254517408091662 -0.005191543157626358 0.0085336603942171973 -0.0087211401434615261 0.00094813647705854645 0.00263411598633739 0.0056195055088028318 0.0013010610483194652 -0.0046791798027697954 3.8812994262116268e-06
leaf_weight=214 18 12.000000000000002 15.999999999999998 18 79 9.9999999999999982 19 15.999999999999998 128
leaf_count=214 18 12 16 18 79 10 19 16 128
internal_value=0 0.000311796 -4.74046e-05 -0.00360211 0.000365087 -0.00064897 0.00410078 -0.00011802 -0.000516459
internal_weight=0 358 327 34 293 172 31 154 144
internal_count=530 358 327 34 293 172 31 154 144
is_linear=0
shrinkage=0.1


Tree=194
num_leaves=9
num_cat=0
split_feature=26 65 34 92 34 101 65 80
split_gain=0.010429 0.112807 0.0880997 0.0573576 0.0534435 0.0372763 0.0356593 0.0281153
threshold=7.2523399185774986 1.934905513126105 7.2754532773251155 4.0391968006356125 7.4142614184158591 1.2424533248940004 2.0995307658629145 0.48553517888682912
decision_type=2 2 2 2 2 2 2 2
left_child=2 -2 3 5 -4 -1 -3 -8
right_child=1 6 4 -5 -6 -7 7 -9
leaf_value=-0.0010331065565667521 -0.0085537429025862362 0.0059391433466225866 0.011926984167657789 -0.0065611063216168154 0.0020285123648742837 0.0017788490155039149 -0.0010379744067529008 0.00097774403719231499
leaf_weight=99 15.999999999999998 9.9999999999999982 10.000000000000002 12.999999999999998 11.999999999999998 90 155 125
leaf_count=99 16 10 10 13 12 90 155 125
internal_value=0 -0.000379531 0.000518466 -0.000136017 0.00652782 0.00030592 7.146e-05 -0.0001381
internal_weight=0 306 224 202 22 189 290 280
internal_count=530 306 224 202 22 189 290 280
is_linear=0
shrinkage=0.1


Tree=195
num_leaves=10
num_cat=0
split_feature=60 98 8 9 60 13 5 70 31
split_gain=0.010631 0.0319522 0.0290026 0.0228936 0.0969254 0.0531961 0.0150365 0.0196438 0.0116293
threshold=4.7712140051397869 4.4484992763719129 5.0005339404374967 3.7494348669884658 4.3116345380682963 3.6505739029280164 4.6298509007569537 5.2175723410212376 4.7621374077860157
decision_type=2 2 2 2 2 2 2 2 2
left_child=1 3 8 5 -5 -1 -4 -8 -2
right_child=2 -3 6 4 -6 -7 7 -9 -10
leaf_value=4.726332216181411e-05 -0.0065732181258499603 0.0055033109849318869 0.0031894838222517419 0.008727645600835483 -0.0012339364704010744 -0.0058367961228213971 -0.0040818106460695468 0.0008734579217464975 -0.0021082444914749692
leaf_weight=387 10.000000000000002 10.999999999999998 12.999999999999998 14.999999999999998 28 15.999999999999998 11.999999999999998 24 13.999999999999998
leaf_count=387 10 11 13 15 28 16 12 24 14
internal_value=0 0.000179 -0.00112059 4.7683e-05 0.00224103 -0.000186347 0.000274379 -0.000778298 -0.00396865
internal_weight=0 457 73 446 43 403 49 36 24
internal_count=530 457 73 446 43 403 49 36 24
is_linear=0
shrinkage=0.1


Tree=196
num_leaves=11
num_cat=0
split_feature=15 11 7 13 7 102 36 102 46 16
split_gain=0.0101064 0.0485287 0.064415 0.043132 0.0885137 0.0449121 0.0412706 0.0432542 0.0890694 0.0377052
threshold=2.249904835165133 2.524928003624769 2.0126758453675753 2.8029010331479989 3.7726948748059121 2.3502401828962087 3.795426061844291 1.0000000180025095e-35 7.4444944766793393 3.1984648276080736
decision_type=2 2 2 2 2 2 2 2 2 2
left_child=6 2 -2 4 -3 -5 7 8 -1 -9
right_child=1 3 -4 5 -6 -7 -8 9 -10 -11
leaf_value=0.0016102882412572701 0.00046211985035744661 0.00037125388884709943 -0.0082431835505892264 -0.0065363261169598744 0.0085024717849377981 -0.00026750739267602814 0.0065686130421950531 0.0016215063299331396 -0.0090247501685683223 -0.0047895868122577664
leaf_weight=18 17 63 17 11.999999999999998 17 240 10.999999999999998 111 13.999999999999998 9.9999999999999982
leaf_count=18 17 63 17 12 17 240 11 111 14 10
internal_value=0 -0.000292308 -0.00389053 7.61847e-05 0.00209914 -0.000566023 0.000652346 0.000226994 -0.00304254 0.00109166
internal_weight=0 366 34 332 80 252 164 153 32 121
internal_count=530 366 34 332 80 252 164 153 32 121
is_linear=0
shrinkage=0.1


Tree=197
num_leaves=10
num_cat=0
split_feature=75 50 80 48 7 77 50 85 27
split_gain=0.0100664 0.0315646 0.0245137 0.0276073 0.0241845 0.0249284 0.0237421 0.0245128 0.0106772
threshold=3.4498615536424366 9.2721573370693324 0.48553517888682912 4.234001473612734 4.6395599436855051 4.1343659160588695 8.9316746038133203 0.38776643541680028 3.9219243190762363
decision_type=2 2 2 2 2 2 2 2 2
left_child=1 6 4 -4 5 -2 7 -1 -8
right_child=2 -3 3 -5 -6 -7 8 -9 -10
leaf_value=-0.00019164955599881611 -0.0042011151788756236 0.0054623479584485976 -0.0021563017841092209 0.0033088162100236664 -0.0072043052781373268 0.0024399789655581115 -0.0055765426531434042 0.0016512184550621263 -0.0011521840817295015
leaf_weight=335 13.000000000000002 10.999999999999998 18 19 9.9999999999999982 9.9999999999999982 10.000000000000002 92 11.999999999999998
leaf_count=335 13 11 18 19 10 10 10 92 12
internal_value=0 0.000170008 -0.0011172 0.00065011 -0.00309872 -0.00131368 4.03516e-05 0.000205409 -0.00316326
internal_weight=0 460 70 37 33 23 449 427 22
internal_count=530 460 70 37 33 23 449 427 22
is_linear=0
shrinkage=0.1


Tree=198
num_leaves=10
num_cat=0
split_feature=86 84 18 22 36 40 25 5 96
split_gain=0.00995366 0.0476859 0.0308923 0.0457013 0.0231509 0.0664997 0.0500479 0.0520893 0.0365993
threshold=0.59222352234340792 0.66189159527531716 5.6732701237373151 6.8007253126915543 3.8393944990995772 3.8393944990995772 3.0201273556387074 2.3502401828962087 4.330646767694998
decision_type=2 2 2 2 2 2 2 2 2
left_child=4 2 -2 -4 5 8 -6 -8 -1
right_child=1 -3 3 -5 6 -7 7 -9 -10
leaf_value=-0.0037546503124758603 -0.0050769605301320556 0.0074403094872832302 0.0046060118500305261 -0.00061330799278127212 -0.00604868445447401 0.0075811220177759726 0.0057259168165425464 -0.0012254749588395978 0.00033216597637095093
leaf_weight=24 9.9999999999999982 9.9999999999999982 23 62 19 11.999999999999998 11.999999999999998 106 252
leaf_count=24 10 10 23 62 19 12 12 106 252
internal_value=0 0.000871873 0.000180459 0.000798979 -0.000215404 0.000293638 -0.00128551 -0.000518554 -2.32094e-05
internal_weight=0 105 95 85 425 288 137 118 276
internal_count=530 105 95 85 425 288 137 118 276
is_linear=0
shrinkage=0.1


Tree=199
num_leaves=10
num_cat=0
split_feature=77 61 44 47 100 64 68 51 92
split_gain=0.00994166 0.031113 0.0358315 0.0268863 0.0575354 0.0390598 0.0246719 0.0231884 0.0229614
threshold=2.740319461670996 2.0207270084713294 3.9796379800581989 0.34657359027997314 3.795426061844291 0.18864711557073408 3.0019900623274505 5.2600927804663344 3.8279340202226879
decision_type=2 2 2 2 2 2 2 2 2
left_child=3 -2 8 4 6 -5 -1 -7 -3
right_child=1 2 -4 5 -6 7 -8 -9 -10
leaf_value=-0.0036073000216856593 -0.0051431003492325546 -0.0038250933186366009 -0.0057296040848913519 -0.0061415376722288792 0.008918838981877673 7.1808303794790167e-06 0.0028051761165261268 0.0039156522369012238 0.0005767373948700296
leaf_weight=10.000000000000002 13.999999999999998 12.999999999999998 10.999999999999998 9.9999999999999982 10.999999999999998 296 14.999999999999998 15.999999999999998 134
leaf_count=10 14 13 11 10 11 296 15 16 134
internal_value=0 -0.00062484 -0.000224488 0.000300202 0.002892 1.04366e-05 0.000240186 0.000207615 0.00018746
internal_weight=0 172 158 358 36 322 25 312 147
internal_count=530 172 158 358 36 322 25 312 147
is_linear=0
shrinkage=0.1


Tree=200
num_leaves=9
num_cat=0
split_feature=35 18 102 43 20 37 41 32
split_gain=0.00998192 0.0318431 0.0426566 0.0290088 0.0179829 0.0177907 0.0262478 0.00556488
threshold=5.2652741739841078 8.8031957863788737 3.9219243190762363 5.5234569284970156 5.0005339404374967 4.3882378946731615 4.135134555718313 5.7163726239213508
decision_type=2 2 2 2 2 2 2 2
left_child=3 2 -2 5 -3 6 -1 -6
right_child=1 4 -4 -5 7 -7 -8 -9
leaf_value=-1.2568066727504224e-05 -0.00065686050875228812 0.0037064702276928493 -0.0089825388416647917 0.0054860831284895542 -0.0027201863727532322 -0.0041299781994894149 0.0041120484122075139 0.0004175757165425099
leaf_weight=432 16.000000000000004 12.999999999999998 9.9999999999999982 9.9999999999999982 10.000000000000002 9.9999999999999982 15.999999999999998 12.999999999999998
leaf_count=432 16 13 10 10 10 10 16 13
internal_value=0 -0.00119233 -0.00385904 0.000157958 0.000733631 4.16236e-05 0.00013474 -0.000946669
internal_weight=0 62 26 468 36 458 448 23
internal_count=530 62 26 468 36 458 448 23
is_linear=0
shrinkage=0.1


Tree=201
num_leaves=12
num_cat=0
split_feature=97 100 57 16 60 51 7 50 67 51 87
split_gain=0.00987269 0.0523651 0.109699 0.0397569 0.0792009 0.0353129 0.0574264 0.0593344 0.0586267 0.035297 0.0242863
threshold=2.3502401828962087 4.166635176627655 1.8239285224305608 3.4498615536424366 2.4368825001031094 1.700598690831078 3.6762205501217919 5.9518752981694396 4.7360445312007302 2.249904835165133 0.6910079074280463
decision_type=2 2 2 2 2 2 2 2 2 2 2
left_child=1 3 -3 4 -1 6 7 -2 -8 -7 -11
right_child=5 2 -4 -5 -6 9 8 -9 -10 10 -12
leaf_value=-0.0010850773372518968 -0.0076139492770800222 0.010811680322512982 -0.0019452936804065339 -0.0056460501297806338 0.0046747744490858167 0.0049187228622759004 0.0068428989584473025 0.00028397694230079655 -0.0023306017226882672 0.00014537602737003279 -0.0042812242387579042
leaf_weight=94 26 14.000000000000002 12.999999999999998 11.999999999999998 32 14.999999999999998 11.000000000000002 14.999999999999998 19 266 12.999999999999998
leaf_count=94 26 14 13 12 32 15 11 15 19 266 13
internal_value=0 0.000641925 0.00466943 -0.000146066 0.000377742 -0.000290185 -0.00229173 -0.00472446 0.00103302 0.00019318 -6.08813e-05
internal_weight=0 165 27 138 126 365 71 41 30 294 279
internal_count=530 165 27 138 126 365 71 41 30 294 279
is_linear=0
shrinkage=0.1


Tree=202
num_leaves=11
num_cat=0
split_feature=5 9 51 7 25 83 21 65 39 10
split_gain=0.00983035 0.0528713 0.0502426 0.0476222 0.0227588 0.0617617 0.0452853 0.0315726 0.0266401 0.0235894
threshold=1.2424533248940006 1.700598690831078 1.2424533248940006 7.1150767569361238e-19 2.0126758453675753 0.052680257287977449 1.4978661367769959 0.9832343827128488 2.3502401828962087 5.6869696108313716
decision_type=2 2 2 2 2 2 2 2 2 2
left_child=1 2 3 -1 5 6 -2 -6 -7 -9
right_child=4 -3 -4 -5 7 8 -8 9 -10 -11
leaf_value=0.00075896309785700091 -0.0016081060593326883 0.0078186343144625425 0.0066501492261886591 -0.005327043636740806 0.0048252927239186005 0.00084727716251191778 -0.010295771892803411 -0.0048050374444574126 -0.0047637606225907807 0.00012402928412179491
leaf_weight=45 12.000000000000002 9.9999999999999982 9.9999999999999982 18 13.999999999999998 55 11.999999999999998 9.9999999999999982 9.9999999999999982 334
leaf_count=45 12 10 10 18 14 55 12 10 10 334
internal_value=0 0.00099945 6.53157e-05 -0.000979896 -0.00018558 -0.00161667 -0.00595194 0.000170194 -1.59594e-05 -1.92575e-05
internal_weight=0 83 73 63 447 89 24 358 65 344
internal_count=530 83 73 63 447 89 24 358 65 344
is_linear=0
shrinkage=0.1


Tree=203
num_leaves=12
num_cat=0
split_feature=83 53 25 35 97 75 39 2 1 57 100
split_gain=0.0097967 0.0309216 0.0270006 0.0602062 0.0557775 0.0451291 0.0418199 0.0250127 0.019823 0.0544965 0.0336697
threshold=0.28196772389603009 0.53479999673985212 2.8102520310824275e-16 1.4978661367769959 1.700598690831078 1.8688348091416842 4.2835627800822236 1.0000000180025095e-35 3.5114340430413216 2.7977788940599999 4.4997479381244956
decision_type=2 2 2 2 2 2 2 2 2 2 2
left_child=2 -2 5 4 -4 7 -5 -1 10 -10 -3
right_child=1 8 3 6 -6 -7 -8 -9 9 -11 -12
leaf_value=0.0023489184910431499 -0.0054435282169530792 0.0002960605890863614 -0.0091761223058431166 0.0019632011868802985 0.00075782204978168009 -0.0025404997915029529 -0.00063702120027224821 0.0089506466618993075 0.0044274599271312614 -0.00064108723603613403 -0.0033955811278983243
leaf_weight=12.000000000000002 11.999999999999998 60 13.000000000000002 109 9.9999999999999982 9.9999999999999982 143 10.999999999999998 29 79 42
leaf_count=12 12 60 13 109 10 10 143 11 29 79 42
internal_value=0 -0.000506408 0.000365009 4.06674e-05 -0.00485702 0.00306785 0.000487678 0.00550627 -0.000224287 0.000719912 -0.00122403
internal_weight=0 222 308 275 23 33 252 23 210 108 102
internal_count=530 222 308 275 23 33 252 23 210 108 102
is_linear=0
shrinkage=0.1


Tree=204
num_leaves=6
num_cat=0
split_feature=87 87 53 99 59
split_gain=0.00884262 0.0163217 0.0124855 0.0513033 0.0189273
threshold=0.69203494894347872 0.68989719649497816 1.0000000180025095e-35 1.1858461261560207e-19 3.3140206880897671
decision_type=2 2 2 2 2
left_child=1 2 3 -1 -4
right_child=-2 -3 4 -5 -6
leaf_value=-0.000978504477243405 0.0028056916315108539 -0.0038704279640858828 -0.0010966683321174703 0.0046630412069336878 0.00029306262660772401
leaf_weight=40 10.999999999999998 10.999999999999998 147 27 294
leaf_count=40 11 11 147 27 294
internal_value=0 -5.94655e-05 2.30553e-05 0.00129495 -0.000170181
internal_weight=0 519 508 67 441
internal_count=530 519 508 67 441
is_linear=0
shrinkage=0.1


Tree=205
num_leaves=10
num_cat=0
split_feature=72 30 72 16 96 64 86 87 60
split_gain=0.00950412 0.0273021 0.014745 0.0257136 0.041337 0.0270484 0.0190635 0.0520156 0.0306711
threshold=0.77975360085780265 6.1783958649385831 0.048475434630892413 2.9700856263602158 7.2754532773251155 2.5649288113457778 0.67726707507441974 0.053353963967756303 3.8436237564032021e-18
decision_type=2 2 2 2 2 2 2 2 2
left_child=2 -2 6 5 -5 -4 8 -8 -1
right_child=1 -3 3 4 -6 -7 7 -9 -10
leaf_value=-0.0048670995670060321 -0.0011581290799837843 0.0056110460141843019 -0.0014375074634286151 -0.0079785809665918351 -0.0012014161527622493 0.0025260683918733977 0.0075748108870660252 -0.0021905337052885443 0.00028765517097349176
leaf_weight=11.999999999999998 13.000000000000002 10.999999999999998 33 9.9999999999999982 90 36 12.000000000000002 9.9999999999999982 303
leaf_count=12 13 11 33 10 90 36 12 10 303
internal_value=0 0.00194441 -9.2225e-05 -0.000854512 -0.00187913 0.000630445 0.00029005 0.00313602 9.12836e-05
internal_weight=0 24 506 169 100 69 337 22 315
internal_count=530 24 506 169 100 69 337 22 315
is_linear=0
shrinkage=0.1


Tree=206
num_leaves=9
num_cat=0
split_feature=61 100 1 101 13 5 95 65
split_gain=0.00964237 0.0486417 0.0459975 0.0353638 0.0202724 0.0439528 0.0300232 0.0236498
threshold=1.8214806459275565 4.166635176627655 2.8029010331479989 2.1383330595080285 1.8214596497756478e-17 2.8102520310824275e-16 1.700598690831078 2.0547119399581395
decision_type=2 2 2 2 2 2 2 2
left_child=1 2 3 -1 6 -6 -2 -7
right_child=4 -3 -4 -5 5 7 -8 -9
leaf_value=7.5742897495408268e-06 -0.0063363150693476191 0.0057398262652842442 0.0061134884726594795 -0.005791586443471412 0.0056623730987596975 -0.0029948586919184388 0.00045997784114800973 -1.880640299346171e-05
leaf_weight=85 13.000000000000002 17 10.999999999999998 11.999999999999998 12.999999999999998 29 12.999999999999998 337
leaf_count=85 13 17 11 12 13 29 13 337
internal_value=0 0.000767762 -1.48782e-05 -0.000709848 -0.000236963 -5.16565e-05 -0.00293817 -0.000254614
internal_weight=0 125 108 97 405 379 26 366
internal_count=530 125 108 97 405 379 26 366
is_linear=0
shrinkage=0.1


Tree=207
num_leaves=10
num_cat=0
split_feature=2 27 27 92 47 6 68 9 8
split_gain=0.0100987 0.0459176 0.0719005 0.0537193 0.02229 0.0196163 0.0264337 0.0257545 0.0253094
threshold=5.6039197429949557 1.0000000180025095e-35 1.4978661367769959 4.0089990976671759 2.602003343538398 5.7120799114421201 2.5415791858183838 2.1383330595080285 2.249904835165133
decision_type=2 2 2 2 2 2 2 2 2
left_child=1 3 -3 -1 -4 7 -7 -2 -8
right_child=5 2 4 -5 -6 6 8 -9 -10
leaf_value=0.0080534796608844762 -0.0062319077968519786 -0.0082989860605448482 0.0052983230166137223 -0.0012896364089101553 -0.00025713729555718604 0.0050626199692487724 -0.002140223643403839 0.00031974272181590401 0.00015925466997355228
leaf_weight=16.000000000000004 12.000000000000002 9.9999999999999982 9.9999999999999982 9.9999999999999982 26 9.9999999999999982 55 11.999999999999998 369
leaf_count=16 12 10 10 10 26 10 55 12 369
internal_value=0 0.00110093 -0.000797657 0.00445997 0.00128605 -0.000173072 -1.91731e-05 -0.00295608 -0.000139027
internal_weight=0 72 46 26 36 458 434 24 424
internal_count=530 72 46 26 36 458 434 24 424
is_linear=0
shrinkage=0.1


Tree=208
num_leaves=12
num_cat=0
split_feature=95 1 2 27 95 47 4 28 65 99 83
split_gain=0.0105235 0.0693247 0.038716 0.0406028 0.0340267 0.0353173 0.0661692 0.0379744 0.0340206 0.0241582 0.0220024
threshold=2.9174053685313028 3.1567740231385479 7.80660616832398 4.1971736807086968 3.2769667020129059 3.9219243190762363 3.5694334999727624 2.8029010331479989 2.2453670957356713 2.249904835165133 3.5242552526337048
decision_type=2 2 2 2 2 2 2 2 2 2 2
left_child=1 2 3 -1 5 7 -7 -2 -6 -4 -10
right_child=4 -3 9 -5 8 6 -8 -9 10 -11 -12
leaf_value=0.00032054641064314639 -0.0030539894614114681 0.0086056333361193543 0.0077358917798846932 -0.0032066504826219993 0.0053652708224641785 -0.0093259260407648967 0.00049735184681291389 0.0034711426052187258 -0.00053234975556165404 0.0011981957878630896 0.0029103918311496578
leaf_weight=200 22 9.9999999999999982 10.000000000000002 39 11.999999999999998 16.000000000000004 11.999999999999998 14.999999999999998 160 12.999999999999998 21
leaf_count=200 22 10 10 39 12 16 12 15 160 13 21
internal_value=0 0.000433977 0.000122082 -0.000255021 -0.000457526 -0.00243642 -0.00511595 -0.000408666 0.000208941 0.00404067 -0.000132916
internal_weight=0 272 262 239 258 65 28 37 193 23 181
internal_count=530 272 262 239 258 65 28 37 193 23 181
is_linear=0
shrinkage=0.1


Tree=209
num_leaves=11
num_cat=0
split_feature=12 80 13 104 24 8 9 63 52 86
split_gain=0.00964748 0.0524581 0.0824233 0.0422147 0.0384249 0.0262128 0.0914867 0.105022 0.0344668 0.0190985
threshold=2.8029010331479989 1.645809615030063 2.8102520310824275e-16 2.8617925509761908 2.9174053685313028 3.2769667020129059 3.1567740231385479 3.3140206880897671 2.6566029895208945 0.68662364609322568
decision_type=2 2 2 2 2 2 2 2 2 2
left_child=1 3 -3 4 -1 6 7 -2 -7 -10
right_child=5 2 -4 -5 -6 8 -8 -9 9 -11
leaf_value=0.00017145943078075482 0.0086228850382295535 -0.00047502392761608842 0.010819215622420114 0.0056450045279537644 -0.0040242731463737214 0.005924251065589488 -0.0089472211478278038 -0.0020973480901577408 0.00012785844267427303 -0.0041378551332110708
leaf_weight=136 10.999999999999998 14.000000000000002 11.999999999999998 11.999999999999998 26 9.9999999999999982 14.999999999999998 54 229 10.999999999999998
leaf_count=136 11 14 12 12 26 10 15 54 229 11
internal_value=0 0.000548038 0.0047377 -7.80032e-05 -0.00050193 -0.000332145 -0.00190767 -0.000283155 0.000172023 -6.76534e-05
internal_weight=0 200 26 174 162 330 80 65 250 240
internal_count=530 200 26 174 162 330 80 65 250 240
is_linear=0
shrinkage=0.1


Tree=210
num_leaves=9
num_cat=0
split_feature=38 38 51 36 38 36 26 22
split_gain=0.00889974 0.0357045 0.031732 0.0276789 0.020753 0.0206671 0.0147706 0.0127132
threshold=8.9808621585217967 9.230795975246556 3.4811217321331038 4.8241040655959244 9.8400318729391767 4.6867395546766826 8.1517544617349813 8.8928122467075443
decision_type=2 2 2 2 2 2 2 2
left_child=3 2 -2 5 7 6 -1 -3
right_child=1 4 -4 -5 -6 -7 -8 -9
leaf_value=-0.00016323954619582045 -0.0084901844710111585 0.0051580073591321694 -0.00099744077485341303 0.0047001002226562168 -0.0024145634246191812 -0.0044755296269431716 0.0012898646197054301 0.0006127924827524112
leaf_weight=357 10.000000000000002 10.000000000000002 12.999999999999998 12.999999999999998 13.999999999999998 9.9999999999999982 87 15.999999999999998
leaf_count=357 10 10 13 13 14 10 87 16
internal_value=0 -0.00111568 -0.00425516 0.000150509 0.000689522 2.02344e-05 0.00012149 0.00236095
internal_weight=0 63 23 467 40 454 444 26
internal_count=530 63 23 467 40 454 444 26
is_linear=0
shrinkage=0.1


Tree=211
num_leaves=13
num_cat=0
split_feature=17 103 61 49 101 51 10 14 2 9 0 24
split_gain=0.00869237 0.0447565 0.0380706 0.0316858 0.0470099 0.0335597 0.0252706 0.0414446 0.0409248 0.0393451 0.0229196 0.0110216
threshold=3.2384861814448418 5.0072908000208587 1.8936237515229355 1.4978661367769959 3.1567740231385479 2.1383330595080281 8.1028887224174948 7.786320657323766 8.0871791040414465 3.3497501700808394 2.9700856263602158 3.7012257604091228
decision_type=2 2 2 2 2 2 2 2 2 2 2 2
left_child=1 3 -3 4 -1 -5 7 -2 -8 -10 -4 -9
right_child=6 2 10 5 -6 -7 8 11 9 -11 -12 -13
leaf_value=0.0021226802466730219 0.00087178511312231428 0.0078672067883114021 -0.0013683663420926999 -0.003357812403602169 -0.0029489178807758122 -0.00019415924320610354 0.005388508527539671 -0.0083039902243763185 -0.0062175925186073247 -1.4730128391652648e-06 0.0032864944443904928 -0.0036089670588262384
leaf_weight=89 15.999999999999998 11.999999999999998 17 47 23 117 12.999999999999998 10.000000000000002 10.999999999999998 137 28 9.9999999999999982
leaf_count=89 16 12 17 47 23 117 13 10 11 137 28 10
internal_value=0 0.000311489 0.00286256 -0.000215364 0.00108119 -0.00110082 -0.000526527 -0.00292169 9.03907e-06 -0.000463482 0.00152799 -0.00595648
internal_weight=0 333 57 276 112 164 197 36 161 148 45 20
internal_count=530 333 57 276 112 164 197 36 161 148 45 20
is_linear=0
shrinkage=0.1


Tree=212
num_leaves=11
num_cat=0
split_feature=43 43 49 46 5 103 86 38 103 98
split_gain=0.00928175 0.028106 0.0333193 0.0272053 0.0333871 0.0211678 0.018504 0.0225988 0.0210836 0.0183653
threshold=1.0000000180025095e-35 0.69314718055994573 2.8029010331479989 7.3465451993519082 2.8102520310824275e-16 4.0859410030639109 0.68476950597767339 6.4264832207863298 4.6539149966267201 2.4414009612931862
decision_type=2 2 2 2 2 2 2 2 2 2
left_child=3 2 -2 4 -1 -4 7 -3 -8 -6
right_child=1 6 5 -5 9 -7 8 -9 -10 -11
leaf_value=0.0051040153202484362 0.0074983071514659293 -0.0013748280683900287 -0.0026069893129169932 -0.0053921957655499383 -0.0039071271415142455 0.0038995941076427698 9.8771768777320754e-05 0.00049557314124060539 -0.005962301409718665 6.3600668501159229e-05
leaf_weight=9.9999999999999982 11.000000000000002 81 10.000000000000002 11.999999999999998 17 9.9999999999999982 12.000000000000002 319 10.999999999999998 37
leaf_count=10 11 81 10 12 17 10 12 319 11 37
internal_value=0 0.000171221 0.00307766 -0.00102282 -0.000203559 0.000646302 -4.17808e-05 0.000116817 -0.0028 -0.00118644
internal_weight=0 454 31 76 64 20 423 400 23 54
internal_count=530 454 31 76 64 20 423 400 23 54
is_linear=0
shrinkage=0.1


Tree=213
num_leaves=10
num_cat=0
split_feature=75 50 31 77 100 48 50 75 23
split_gain=0.00900624 0.0223792 0.0181675 0.0268454 0.0214377 0.0187072 0.0173961 0.0154676 0.00843106
threshold=3.4498615536424366 9.2721573370693324 3.9415346756528771 3.8606743063089755 6.0449603893970645 4.2555875595453383 8.9316746038133203 3.1567740231385479 4.1820210059610323
decision_type=2 2 2 2 2 2 2 2 2
left_child=1 6 3 -2 -4 -5 7 -1 -8
right_child=2 -3 4 5 -6 -7 8 -9 -10
leaf_value=8.2107912269860665e-05 -0.0037947918145129315 0.0046170609684354118 -0.006840615645051 -0.00079760790994281281 -0.00068202469891940178 0.0038937099223189499 -0.00090354918890322229 0.0034618715356503219 -0.0048350811423733837
leaf_weight=413 12.999999999999998 10.999999999999998 10.000000000000002 17 12.999999999999998 17 12.000000000000002 13.999999999999998 9.9999999999999982
leaf_count=413 13 11 10 17 13 17 12 14 10
internal_value=0 0.000160807 -0.00105673 7.02434e-05 -0.00335967 0.00154805 5.16333e-05 0.00019292 -0.00269061
internal_weight=0 460 70 47 23 34 449 427 22
internal_count=530 460 70 47 23 34 449 427 22
is_linear=0
shrinkage=0.1


Tree=214
num_leaves=10
num_cat=0
split_feature=60 7 21 8 25 11 5 9 31
split_gain=0.00821145 0.0264342 0.0249634 0.0208702 0.0197158 0.0485172 0.0113793 0.0140021 0.0102643
threshold=4.7712140051397869 4.9662804000109189 3.7726948748059121 5.0005339404374967 4.3630783395783075 4.4484992763719129 4.6298509007569537 5.0625750037842705 4.7621374077860157
decision_type=2 2 2 2 2 2 2 2 2
left_child=1 4 -3 8 5 -1 -5 -8 -2
right_child=3 2 -4 6 -6 -7 7 -9 -10
leaf_value=0.00019052196633742645 -0.005847777742892502 0.007140268497169016 0.00090873977557445567 0.0027344363078904842 0.0037979119278203979 -0.0035145079012578115 -0.0038973020995035769 0.00050582924159243709 -0.0016530186112504452
leaf_weight=377 10.000000000000002 10.000000000000002 18 12.999999999999998 12.999999999999998 39 9.9999999999999982 26 13.999999999999998
leaf_count=377 10 10 18 13 13 39 10 26 14
internal_value=0 0.000157317 0.00313429 -0.000984847 -3.69841e-05 -0.000156825 0.000198494 -0.000717263 -0.00340083
internal_weight=0 457 28 73 429 416 49 36 24
internal_count=530 457 28 73 429 416 49 36 24
is_linear=0
shrinkage=0.1


Tree=215
num_leaves=9
num_cat=0
split_feature=38 67 32 39 38 44 44 44
split_gain=0.0077236 0.0303296 0.0240608 0.0192474 0.023021 0.0183399 0.0373666 0.0114312
threshold=8.9808621585217967 5.030352476867086 4.9451504953659766 5.2094712223428914 9.8400318729391767 4.6867395546766826 4.2972622671762819 4.8940944640863338
decision_type=2 2 2 2 2 2 2 2
left_child=2 -2 5 -3 -5 6 -1 -7
right_child=1 3 -4 4 -6 7 -8 -9
leaf_value=-6.3293428143772285e-05 -0.00556266757970055 -0.0036795775744725362 0.004223232051091535 0.0028041076690967135 -0.0022255868784018923 -0.0052993010054342427 0.0040794345995654232 -0.00072139409991602108
leaf_weight=408 11.999999999999998 10.999999999999998 13.999999999999998 26 13.999999999999998 10.000000000000002 23 11.999999999999998
leaf_count=408 12 11 14 26 14 10 23 12
internal_value=0 -0.00103935 0.000140212 2.49653e-05 0.00104371 1.40255e-05 0.00015778 -0.00280226
internal_weight=0 63 467 51 40 453 431 22
internal_count=530 63 467 51 40 453 431 22
is_linear=0
shrinkage=0.1


Tree=216
num_leaves=7
num_cat=0
split_feature=68 18 99 76 6 60
split_gain=0.00775037 0.00999485 0.0383718 0.0383386 0.0334493 0.0211569
threshold=1.7753383804104665 4.8471850864775066 1.7005986908310777 1.6024120357062752 1.0000000180025095e-35 1.7489635040603535
decision_type=2 2 2 2 2 2
left_child=-1 2 3 -2 -3 -6
right_child=1 4 -4 -5 5 -7
leaf_value=0.0026267000791532075 -0.0058010865612665094 0.0057986857462674381 0.0032855921114484468 0.0017218795511871575 -0.0019901187182404102 0.00018702476416785011
leaf_weight=10.999999999999998 21.000000000000004 9.9999999999999982 11.999999999999998 9.9999999999999982 50 416
leaf_count=11 21 10 12 10 50 416
internal_value=0 -5.56719e-05 -0.00151574 -0.00337432 7.62253e-05 -4.65743e-05
internal_weight=0 519 43 31 476 466
internal_count=530 519 43 31 476 466
is_linear=0
shrinkage=0.1


Tree=217
num_leaves=8
num_cat=0
split_feature=16 7 103 24 22 33 7
split_gain=0.00844123 0.0514149 0.0518401 0.0387707 0.0391172 0.0383498 0.0325138
threshold=3.3497501700808394 1.7917594692280556 1.5178830414797065e-17 3.5408542930527882 8.0871791040414465 2.8029010331479989 3.8815106545092593
decision_type=2 2 2 2 2 2 2
left_child=3 -2 -3 4 5 -1 -4
right_child=1 2 6 -5 -6 -7 -8
leaf_value=-0.00026464061725966852 -0.006815712720466157 0.0050510627592706848 -0.0043756902858149262 0.0061891762539744381 -0.0054487558526792185 0.0026113862596018108 -0.00013994367985016248
leaf_weight=204 11.999999999999998 18 20 10.999999999999998 11.999999999999998 60 193
leaf_count=204 12 18 20 11 12 60 193
internal_value=0 -0.000433713 -0.000102181 0.000367221 0.000135186 0.000389002 -0.000537666
internal_weight=0 243 231 287 276 264 213
internal_count=530 243 231 287 276 264 213
is_linear=0
shrinkage=0.1


Tree=218
num_leaves=8
num_cat=0
split_feature=99 2 0 54 24 46 70
split_gain=0.00800605 0.0572216 0.0353489 0.0337478 0.030247 0.0300447 0.0204174
threshold=1.2424533248940006 7.5248248734532437 4.7357950894166834e-16 1.8688348091416842 3.5972184255501678 7.8363647651728687 2.6916639088970631
decision_type=2 2 2 2 2 2 2
left_child=1 4 -2 -4 5 -1 -5
right_child=2 -3 3 6 -6 -7 -8
leaf_value=0.00057846087865535262 0.0055580800212919716 0.0071980395645368849 -0.0051106305513530974 0.0037903707008808854 0.0049250811493645116 -0.0023321420305874199 -0.00041699784623438601
leaf_weight=122 9.9999999999999982 11.999999999999998 14.999999999999998 11.999999999999998 11.999999999999998 50 297
leaf_count=122 10 12 15 12 12 50 297
internal_value=0 0.00050736 -0.000297732 -0.000478467 7.10114e-05 -0.000267645 -0.000253605
internal_weight=0 196 334 324 184 172 309
internal_count=530 196 334 324 184 172 309
is_linear=0
shrinkage=0.1


Tree=219
num_leaves=10
num_cat=0
split_feature=38 42 100 42 88 53 20 98 28
split_gain=0.00757707 0.0251297 0.0412991 0.0195239 0.0134938 0.0132228 0.0200574 0.0121728 0.00713076
threshold=8.9808621585217967 9.2045722280670201 5.2857353797162627 8.9683302942775107 0.015992802156241357 4.3975270902102208 4.8241040655959244 3.7012257604091228 4.9451504953659766
decision_type=2 2 2 2 2 2 2 2 2
left_child=3 2 -2 5 8 6 -1 -6 -3
right_child=1 4 -4 -5 7 -7 -8 -9 -10
leaf_value=0.00012614281992540214 -0.008505037389113566 0.0041509444825351223 0.00037436590699309655 0.0039599151959499486 0.00082108745118603099 0.0036255130358040333 -0.0025940900138611426 -0.0039029842545278376 0.00037450061645358804
leaf_weight=415 10.000000000000002 10.000000000000002 10.999999999999998 12.999999999999998 12.000000000000002 9.9999999999999982 29 9.9999999999999982 9.9999999999999982
leaf_count=415 10 10 11 13 12 10 29 10 10
internal_value=0 -0.00102944 -0.00385392 0.000138875 0.000382801 2.94621e-05 -5.153e-05 -0.00132622 0.00226272
internal_weight=0 63 21 467 42 454 444 22 20
internal_count=530 63 21 467 42 454 444 22 20
is_linear=0
shrinkage=0.1


Tree=220
num_leaves=16
num_cat=0
split_feature=72 16 101 19 98 22 44 23 7 16 78 15 4 3 39
split_gain=0.00724325 0.0211919 0.026977 0.0331133 0.0237793 0.0235821 0.0158597 0.0139309 0.049773 0.0405166 0.0317387 0.0274515 0.0512094 0.0445429 0.01249
threshold=0.048475434630892413 2.9700856263602158 1.8688348091416846 3.5408542930527882 2.6735537653587347 5.8860885991132372 3.3140206880897671 0.69314718055994573 7.1150767569361238e-19 1.0000000180025095e-35 0.1593019913951835 2.249904835165133 9.4867690092481657e-19 2.8617925509761908 2.3502401828962087
decision_type=2 2 2 2 2 2 2 2 2 2 2 2 2 2 2
left_child=7 5 4 -4 -3 14 -7 8 9 -1 -10 12 -9 -13 -2
right_child=1 2 3 -5 -6 6 -8 11 10 -11 -12 13 -14 -15 -16
leaf_value=0.0034471283005550503 0.00010338240497124692 -0.0081626228056848032 0.0034647611595573836 -0.0015986472731386659 -0.0015599434031173588 0.00099471909474701647 0.0050498871980900212 -0.0010518247587606312 -0.0087368876080621341 -0.0031268900477637849 -0.00095279324799776074 -0.0027295549886978488 0.0056243369166083914 0.00081037447954578382 -0.0036075437701163955
leaf_weight=25 30 10.000000000000002 15.999999999999998 67 11.999999999999998 31 13.999999999999998 20 11.000000000000002 14.999999999999998 9.9999999999999982 44 27 185 12.999999999999998
leaf_count=25 30 10 16 67 12 31 14 20 11 15 10 44 27 185 13
internal_value=0 -0.000488501 -0.0014478 -0.000622569 -0.00456116 0.000656115 0.00225633 0.000279764 -0.00108785 0.000981871 -0.00503018 0.000582027 0.00278342 0.000130213 -0.00101853
internal_weight=0 193 105 83 22 88 45 337 61 40 21 276 47 229 43
internal_count=530 193 105 83 22 88 45 337 61 40 21 276 47 229 43
is_linear=0
shrinkage=0.1


Tree=221
num_leaves=9
num_cat=0
split_feature=39 33 43 5 19 31 17 35
split_gain=0.00712158 0.0423644 0.0244915 0.0243916 0.0333134 0.0124582 0.0396011 0.0290793
threshold=4.2835627800822236 2.8029010331479989 4.2972622671762819 1.8688348091416844 3.9219243190762363 3.9415346756528771 3.5694334999727624 3.7726948748059121
decision_type=2 2 2 2 2 2 2 2
left_child=2 -2 5 -3 -5 7 -7 -1
right_child=1 3 -4 4 -6 6 -8 -9
leaf_value=3.9046764956895331e-05 -0.0065330159850418568 0.0044266172938726171 0.003958493056159247 -0.0055056745904342591 -1.2483120350963505e-05 -0.0063984333653934302 0.00039871948072686794 0.0040817520896732611
leaf_weight=280 10.999999999999998 10.999999999999998 17 11.999999999999998 138 11.999999999999998 30 19
leaf_count=280 11 11 17 12 138 12 30 19
internal_value=0 -0.000528844 0.000254081 -0.000118621 -0.000451938 6.9404e-05 -0.00154332 0.000295941
internal_weight=0 172 358 161 150 341 42 299
internal_count=530 172 358 161 150 341 42 299
is_linear=0
shrinkage=0.1


Tree=222
num_leaves=11
num_cat=0
split_feature=61 28 65 26 104 13 97 80 97 104
split_gain=0.00738737 0.0330224 0.0467005 0.0346718 0.0364807 0.0161016 0.0236741 0.0544561 0.0406131 0.0229543
threshold=1.8214806459275565 2.6735537653587347 2.0278432604041741 7.2523399185774986 1.2212453270876714e-15 1.8214596497756478e-17 2.524928003624769 0.3299106210440475 2.9174053685313033 1.5937771935536921e-17
decision_type=2 2 2 2 2 2 2 2 2 2
left_child=1 3 -3 4 -1 9 7 -7 -8 -2
right_child=5 2 -4 -5 -6 6 8 -9 -10 -11
leaf_value=0.0034181807439641228 -0.0058241289108991613 0.0091606968641281105 0.00071796277464416473 -0.0055041329681196002 -0.00098964749343219438 -0.00060412882541475651 -0.0051755016231361563 0.0050372335278162997 -0.00014653586429254763 0.0001361179635361103
leaf_weight=28 12.000000000000002 10.000000000000002 19 10.999999999999998 57 44 17 28 290 13.999999999999998
leaf_count=28 12 10 19 11 57 44 17 28 290 14
internal_value=0 0.000672016 0.00362925 -0.000221316 0.000462343 -0.000207412 -4.2264e-05 0.00158973 -0.000425013 -0.00261477
internal_weight=0 125 29 96 85 405 379 72 307 26
internal_count=530 125 29 96 85 405 379 72 307 26
is_linear=0
shrinkage=0.1


Tree=223
num_leaves=12
num_cat=0
split_feature=2 25 30 50 13 2 104 38 61 96 57
split_gain=0.00749081 0.0293866 0.0219125 0.0456488 0.0436144 0.0188943 0.0368863 0.0363159 0.0221361 0.0444775 0.0203728
threshold=5.6869696108313716 2.3502401828962087 5.6185859816918615 6.4582940601256071 1.0000000180025095e-35 6.4076772022402091 2.8460307027744499e-18 5.9518752981694396 1.8214806459275565 7.2334293521780699 1.2527629684945552
decision_type=2 2 2 2 2 2 2 2 2 2 2
left_child=1 2 3 -1 -4 6 -2 -8 9 -7 -10
right_child=5 -3 4 -5 -6 8 7 -9 10 -11 -12
leaf_value=-0.001912004636092619 -0.0073516514431685208 0.0059543162956833843 0.0014697846956551075 0.0070064932185535632 -0.0044721780411366907 0.0070846660635792277 -0.0038988788257397359 0.0015231646527536216 -0.0041669465620846804 -0.00090690217989807323 2.4456310801316e-05
leaf_weight=11.000000000000002 9.9999999999999982 9.9999999999999982 30 11.999999999999998 21 13.000000000000002 21 30 11.999999999999998 14.999999999999998 345
leaf_count=11 10 10 30 12 21 13 21 30 12 15 345
internal_value=0 0.000866272 0.000178698 0.00274112 -0.000976906 -0.000163154 -0.00179833 -0.000709441 9.59252e-05 0.00280347 -0.000116431
internal_weight=0 84 74 23 51 446 61 51 385 28 357
internal_count=530 84 74 23 51 446 61 51 385 28 357
is_linear=0
shrinkage=0.1


Tree=224
num_leaves=10
num_cat=0
split_feature=35 15 53 43 40 47 47 50 42
split_gain=0.0071725 0.0243476 0.0199038 0.0175078 0.0160516 0.01537 0.0322136 0.0199504 0.00727426
threshold=5.2652741739841078 4.867504863781412 1.5119428067218552 5.5234569284970156 4.7094896185437563 4.9662804000109189 4.8081027000528378 6.1002787324210326 9.2107883712129119
decision_type=2 2 2 2 2 2 2 2 2
left_child=3 2 -2 5 -3 6 -1 -7 -6
right_child=1 4 -4 -5 8 7 -8 -9 -10
leaf_value=1.6285103601358758e-05 -0.00067493835654617695 -0.0030107412999495868 -0.0066906448199667724 0.0042731849011033779 0.0035226291821648667 0.0011860555433668193 0.00458879342477303 -0.0045077480695908893 0.00034408610728051928
leaf_weight=416 11.000000000000002 9.9999999999999982 10.999999999999998 9.9999999999999982 12.000000000000002 10.000000000000002 15.999999999999998 15.999999999999998 18
leaf_count=416 11 10 11 10 12 10 16 16 18
internal_value=0 -0.00101071 -0.00368279 0.000133897 0.000458942 4.35194e-05 0.000185637 -0.00231782 0.0016155
internal_weight=0 62 22 468 40 458 432 26 30
internal_count=530 62 22 468 40 458 432 26 30
is_linear=0
shrinkage=0.1


Tree=225
num_leaves=12
num_cat=0
split_feature=60 16 19 20 9 15 8 80 65 31 88
split_gain=0.00662943 0.0222932 0.0391589 0.0261781 0.0332669 0.031984 0.0172163 0.00932201 0.011178 0.00841903 0.00481968
threshold=4.7712140051397869 4.4367340276668159 4.7405652883788738 4.0689902272260703 3.9019216517693867 4.867504863781412 5.0005339404374967 1.9321161707958991 5.1137164994220354 4.7621374077860157 0.21474950555743294
decision_type=2 2 2 2 2 2 2 2 2 2 2
left_child=1 3 -3 4 -1 -5 9 8 -8 -2 -4
right_child=6 2 10 5 -6 -7 7 -9 -10 -11 -12
leaf_value=1.9050096790935542e-05 -0.0052953329309821107 0.007869120738469064 0.0018854451503350648 -0.0043392436553923676 0.0049850520145680224 0.0018313509644940495 -8.2419799744255017e-05 -0.0022320930351270364 0.0038313951902091505 -0.0014963036016394785 -0.0010124736562526473
leaf_weight=370 10.000000000000002 9.9999999999999982 11.000000000000002 28 13.999999999999998 11.999999999999998 27 11.999999999999998 9.9999999999999982 13.999999999999998 11.999999999999998
leaf_count=370 10 10 11 28 14 12 27 12 10 14 12
internal_value=0 0.000141352 0.00264489 -5.34985e-05 0.000200102 -0.00248807 -0.000884905 0.000189867 0.000975368 -0.00307923 0.000373488
internal_weight=0 457 33 424 384 40 73 49 37 24 23
internal_count=530 457 33 424 384 40 73 49 37 24 23
is_linear=0
shrinkage=0.1


Tree=226
num_leaves=10
num_cat=0
split_feature=43 46 5 43 29 86 86 103 98
split_gain=0.00680795 0.0230931 0.0228178 0.0178071 0.0263596 0.0161852 0.0187949 0.0135075 0.0126046
threshold=1.0000000180025095e-35 7.3465451993519082 2.8102520310824275e-16 0.69314718055994573 1.0000000180025095e-35 0.68476950597767339 0.67726707507441974 4.6539149966267201 2.4414009612931862
decision_type=2 2 2 2 2 2 2 2 2
left_child=1 2 -1 4 -2 6 -5 -7 -4
right_child=3 -3 8 5 -6 7 -8 -9 -10
leaf_value=0.0042666034377180041 -0.0012091537020751273 -0.0049016030194858713 -0.0031876659897320417 -2.100307404759126e-07 0.0047774871431389143 -0.00028229798966397836 0.0038654447748110846 -0.0051336634332652797 0.00010187820078352013
leaf_weight=9.9999999999999982 12.000000000000002 11.999999999999998 17 387 19 12.000000000000002 12.999999999999998 10.999999999999998 37
leaf_count=10 12 12 17 387 19 12 13 11 37
internal_value=0 -0.000875974 -0.000121169 0.000146639 0.00246008 -2.2904e-05 0.000125424 -0.00260252 -0.000933719
internal_weight=0 76 64 454 31 423 400 23 54
internal_count=530 76 64 454 31 423 400 23 54
is_linear=0
shrinkage=0.1


Tree=227
num_leaves=10
num_cat=0
split_feature=38 49 32 44 45 50 33 80 57
split_gain=0.00657673 0.0205106 0.0182072 0.0130577 0.0247673 0.0124461 0.0172262 0.00908151 0.00874528
threshold=8.9808621585217967 2.1383330595080285 4.9451504953659766 4.6867395546766826 3.9415346756528771 8.104850396881865 4.8596922048298721 0.28275542123316694 2.4486750490376097
decision_type=2 2 2 2 2 2 2 2 2
left_child=2 -2 3 4 -1 8 -7 -5 -3
right_child=1 5 -4 7 -6 6 -8 -9 -10
leaf_value=-1.2698160237823906e-05 -0.0044976903842045713 -0.00022116768273657981 0.0036811820663777851 -0.00032500111370940095 0.0038818155771450087 -0.0043602960475254788 0.00099790745104352623 -0.0043884775855324489 0.0034577399531068899
leaf_weight=414 12.999999999999998 14.000000000000002 13.999999999999998 11.000000000000002 17 12.000000000000002 11.999999999999998 10.999999999999998 11.999999999999998
leaf_count=414 13 14 14 11 17 12 12 11 12
internal_value=0 -0.000959081 0.000129384 1.96149e-05 0.000140914 -3.90426e-05 -0.00168119 -0.00235674 0.00147679
internal_weight=0 63 467 453 431 50 24 22 26
internal_count=530 63 467 453 431 50 24 22 26
is_linear=0
shrinkage=0.1


Tree=228
num_leaves=9
num_cat=0
split_feature=2 16 45 45 6 65 23 42
split_gain=0.0062352 0.024137 0.022078 0.0463803 0.015712 0.0131839 0.0440485 0.0355001
threshold=5.6869696108313716 1.8688348091416842 1.2424533248940006 1.700598690831078 5.7120799114421201 2.6108875850678701 0.69314718055994573 8.1318150588007718
decision_type=2 2 2 2 2 2 2 2
left_child=1 2 -1 -4 -2 7 -7 -6
right_child=4 -3 3 -5 5 6 -8 -9
leaf_value=0.0042610693595964803 -0.0033304251047472158 0.0051571830260482704 -0.0068371460447087893 0.00059921982554862144 0.00022527859743123001 -0.0049651209404692059 -9.5631405579593476e-05 0.0055137116794607473
leaf_weight=10.999999999999998 14.999999999999998 10.999999999999998 9.9999999999999982 52 136 20 261 13.999999999999998
leaf_count=11 15 11 10 52 136 20 261 14
internal_value=0 0.000790342 0.000132325 -0.000600194 -0.000148854 -3.81261e-05 -0.000442214 0.000718866
internal_weight=0 84 73 62 446 431 281 150
internal_count=530 84 73 62 446 431 281 150
is_linear=0
shrinkage=0.1


Tree=229
num_leaves=8
num_cat=0
split_feature=68 88 61 52 18 18 103
split_gain=0.00752115 0.00938889 0.0278283 0.0441382 0.0167885 0.0270981 0.0225953
threshold=1.7753383804104665 0.59361729880789293 3.6370593048425395 2.7879745515731584 4.8471850864775066 1.0000000180025095e-35 8.8938459461701548e-20
decision_type=2 2 2 2 2 2 2
left_child=-1 4 3 -3 5 -2 -6
right_child=1 2 -4 -5 6 -7 -8
leaf_value=0.002587565669620579 -0.00062788832381976631 -0.001613740986213088 -0.0031727906103090698 0.0031250658702399385 0.0016122446286096943 -0.0067532824014779188 -0.00042266068591122771
leaf_weight=10.999999999999998 26 30 14.999999999999998 57 66 9.9999999999999982 315
leaf_count=11 26 30 15 57 66 10 315
internal_value=0 -5.48424e-05 0.000805144 0.00149099 -0.000265199 -0.00232939 -7.01574e-05
internal_weight=0 519 102 87 417 36 381
internal_count=530 519 102 87 417 36 381
is_linear=0
shrinkage=0.1


Tree=230
num_leaves=9
num_cat=0
split_feature=68 88 87 33 61 18 27 2
split_gain=0.00609213 0.007605 0.0251825 0.0543382 0.0255314 0.0135987 0.0224982 0.0186976
threshold=1.7753383804104665 0.59361729880789293 0.60310796965642399 3.0201273556387074 3.6370593048425395 4.8471850864775066 7.1150767569361238e-19 5.6039197429949557
decision_type=2 2 2 2 2 2 2 2
left_child=-1 5 4 -4 -3 6 -2 -7
right_child=1 2 3 -5 -6 7 -8 -9
leaf_value=0.0023288090205328031 -0.00054607564055074301 0.0023292863980211918 -0.0064849597186996373 0.0030647542158311063 -0.0028688920873471283 0.0021394504739769868 -0.0061274161515757451 -0.00028594722787949201
leaf_weight=10.999999999999998 26 67 13.000000000000002 10.999999999999998 10.999999999999998 35 9.9999999999999982 346
leaf_count=11 26 67 13 11 11 35 10 346
internal_value=0 -4.93582e-05 0.000724629 -0.00210801 0.00159621 -0.000238679 -0.00209645 -6.31417e-05
internal_weight=0 519 102 24 78 417 36 381
internal_count=530 519 102 24 78 417 36 381
is_linear=0
shrinkage=0.1


Tree=231
num_leaves=11
num_cat=0
split_feature=38 98 48 42 76 81 22 17 40 28
split_gain=0.00595135 0.0202038 0.0189678 0.0166111 0.0142321 0.0214997 0.0204873 0.0127713 0.00750657 0.00558865
threshold=5.4227230155794315 1.8041124150158796e-16 3.4498615536424366 5.5702057285008761 1.1713250221363041 0.97158132096340066 5.8860885991132372 2.4414009612931857 1.162264728904461e-16 1.8688348091416842
decision_type=2 2 2 2 2 2 2 2 2 2
left_child=1 -1 7 9 5 -5 -6 -3 -4 -2
right_child=3 2 8 4 6 -7 -8 -9 -10 -11
leaf_value=0.0044212341774255036 -0.0046171463583596041 -0.0035024932106299429 0.0039339845238084131 -2.2573537747111633e-05 -0.0012377033475786448 -0.0036558901637737807 0.0035402417108416559 0.0010012604203075172 0.00049472137664755185 -0.001273898556828499
leaf_weight=12.999999999999998 10.000000000000002 17.000000000000004 11.000000000000002 388 13.999999999999998 17 25 9.9999999999999982 14.999999999999998 9.9999999999999982
leaf_count=13 10 17 11 388 14 17 25 10 15 10
internal_value=0 0.000888499 2.19787e-05 -0.000126381 6.07051e-07 -0.000175083 0.00182508 -0.00183444 0.00194979 -0.00294552
internal_weight=0 66 53 464 444 405 39 27 26 20
internal_count=530 66 53 464 444 405 39 27 26 20
is_linear=0
shrinkage=0.1


Tree=232
num_leaves=11
num_cat=0
split_feature=41 41 74 48 53 2 52 36 36 12
split_gain=0.00577205 0.0554605 0.0291231 0.0361777 0.0244866 0.042662 0.0234182 0.0186317 0.0196124 0.00565747
threshold=3.3842466058243152 3.3140206880897671 0.027914224776470934 2.9174053685313028 1.5843840630196182 7.6537014532716663 3.323195257423865 3.8393944990995772 3.7494348669884658 4.0859410030639109
decision_type=2 2 2 2 2 2 2 2 2 2
left_child=1 7 4 -4 5 -2 -6 8 -1 -5
right_child=2 -3 3 9 6 -7 -8 -9 -10 -11
leaf_value=1.94829623288815e-05 -0.0010001321728341282 0.0069161053164862102 -0.0069591385844562734 0.0012540092319250104 -0.0039123407246446926 0.0047854787320829933 4.6301108252789297e-05 -0.0034468813675145311 0.0045178230386227368 -0.0018602361669763923
leaf_weight=315 25 11.999999999999998 13.999999999999998 10.000000000000002 19 26 70 14.999999999999998 9.9999999999999982 13.999999999999998
leaf_count=315 25 12 14 10 19 26 70 15 10 14
internal_value=0 0.000234674 -0.000464075 -0.00291924 0.000202327 0.00194939 -0.000798802 -1.14076e-06 0.000157893 -0.000562634
internal_weight=0 352 178 38 140 51 89 340 325 24
internal_count=530 352 178 38 140 51 89 340 325 24
is_linear=0
shrinkage=0.1


Tree=233
num_leaves=6
num_cat=0
split_feature=50 49 46 46 44
split_gain=0.00569469 0.00809999 0.00797016 0.025511 0.0237966
threshold=9.3980403144047564 4.4425820475484112 6.5560373146472513 6.9804734028789186 1.8688348091416842
decision_type=2 2 2 2 2
left_child=1 2 4 -4 -1
right_child=-2 -3 3 -5 -6
leaf_value=0.00024768032577275389 0.0017482184197029308 -0.0020875283002265189 0.0029736982676695336 7.1393062289526035e-06 -0.0024556649957803338
leaf_weight=106 18 19 32 308 47
leaf_count=106 18 19 32 308 47
internal_value=0 -6.14608e-05 1.66229e-05 0.000286345 -0.000582759
internal_weight=0 512 493 340 153
internal_count=530 512 493 340 153
is_linear=0
shrinkage=0.1


Tree=234
num_leaves=12
num_cat=0
split_feature=80 99 0 73 79 21 65 88 95 39 103
split_gain=0.00593566 0.019382 0.0427126 0.0408156 0.0290723 0.0276378 0.018459 0.0358182 0.021802 0.0196646 0.0185168
threshold=0.69729658196729294 0.69314718055994573 2.9174053685313028 0.69314718055994562 2.9700856263602158 2.3502401828962087 3.7123759866162005 0.55477829434558357 4.0942056540395164 5.2094712223428914 5.1503594278585956
decision_type=2 2 2 2 2 2 2 2 2 2 2
left_child=6 3 5 -2 -4 -3 8 9 10 -8 -1
right_child=1 2 4 -5 -6 -7 7 -9 -10 -11 -12
leaf_value=-0.00045533707481367993 0.0076531017050993693 -0.00065251237855673831 0.0059660907136276364 -0.00016445608480888257 0.00027936463678527749 -0.0079163310676813124 -0.0019746285522929752 -0.0065101547686096566 0.0036656107869930568 0.0029192937227586909 0.0016260444764139169
leaf_weight=264 11.000000000000002 11.000000000000002 9.9999999999999982 17 89 9.9999999999999982 26 12.999999999999998 15.999999999999998 11.999999999999998 51
leaf_count=264 11 11 10 17 89 10 26 13 16 12 51
internal_value=0 0.000537647 -1.51382e-05 0.00290673 0.000853781 -0.00411147 -0.000208303 -0.00197923 6.45591e-05 -0.000429179 -0.000118351
internal_weight=0 148 120 28 99 21 382 51 331 38 315
internal_count=530 148 120 28 99 21 382 51 331 38 315
is_linear=0
shrinkage=0.1


Tree=235
num_leaves=9
num_cat=0
split_feature=35 35 46 46 44 45 47 37
split_gain=0.00591684 0.0170965 0.0139132 0.0293197 0.013469 0.0203091 0.0100306 0.00813244
threshold=5.2652741739841078 5.4636881475041514 9.0843401287651222 9.2405287616468446 4.6867395546766826 3.9607678160667752 6.4216103699850091 4.5591125415341898
decision_type=2 2 2 2 2 2 2 2
left_child=2 -2 4 -4 5 -1 7 -3
right_child=1 6 3 -5 -6 -7 -8 -9
leaf_value=-8.7660072780771486e-06 -0.0043076063729434585 -0.0016004800881174478 0.0065560952899977546 -0.00092547634108500047 -0.0027572943609865275 0.0040048894544060416 -0.002624936535721645 0.0016252200416703192
leaf_weight=417 11.999999999999998 10.999999999999998 10.000000000000002 10.999999999999998 17 12.999999999999998 11.999999999999998 27
leaf_count=417 12 11 10 11 17 13 12 27
internal_value=0 -0.000917982 0.000121613 0.00263718 3.43207e-06 0.000112577 -0.000104472 0.000691465
internal_weight=0 62 468 21 447 430 50 38
internal_count=530 62 468 21 447 430 50 38
is_linear=0
shrinkage=0.1


Tree=236
num_leaves=7
num_cat=0
split_feature=72 30 68 89 89 25
split_gain=0.00569436 0.0137311 0.007709 0.0107099 0.0275674 0.0205692
threshold=0.77975360085780265 6.1783958649385831 1.7753383804104665 0.19942679443578884 0.49721651427453734 3.3140206880897671
decision_type=2 2 2 2 2 2
left_child=2 -2 -1 5 -5 -4
right_child=1 -3 3 4 -6 -7
leaf_value=0.0026775486813858155 -0.00069518718295372432 0.0041053538464687093 -0.001212958419311563 0.0019660031913706524 -0.00040328144524421874 0.00056852649101459137
leaf_weight=9.9999999999999982 13.000000000000002 10.999999999999998 172 74 146 104
leaf_count=10 13 11 172 74 146 104
internal_value=0 0.00150506 -7.13863e-05 -0.000126808 0.00039366 -0.000541674
internal_weight=0 24 506 496 220 276
internal_count=530 24 506 496 220 276
is_linear=0
shrinkage=0.1


Tree=237
num_leaves=12
num_cat=0
split_feature=95 1 95 6 52 11 65 2 9 99 92
split_gain=0.00564615 0.0414338 0.0206873 0.0189413 0.0351158 0.0222755 0.0172006 0.0131496 0.0216354 0.013163 0.0127711
threshold=2.9174053685313028 3.1567740231385479 3.2769667020129059 7.6056075025107122 3.3927938225039651 3.2384861814448418 2.2453670957356713 7.80660616832398 2.9700856263602158 2.249904835165133 3.9802142654322838
decision_type=2 2 2 2 2 2 2 2 2 2 2
left_child=1 7 3 5 -5 -2 -4 8 -1 -9 -8
right_child=2 -3 6 4 -6 -7 10 9 -10 -11 -12
leaf_value=0.00014450942266086057 -0.0018863679056435271 0.0066353563591837889 0.0038509441423229874 -0.0085917019064072498 -0.0012008558674198059 0.0036386431427672507 0.00072313305937154603 0.005088096734834833 -0.003291419586457778 0.0002622860086445983 -0.00096119919755784349
leaf_weight=219 27 9.9999999999999982 11.999999999999998 10.000000000000002 18 9.9999999999999982 97 10.000000000000002 20 12.999999999999998 84
leaf_count=219 27 10 12 10 18 10 97 10 20 13 84
internal_value=0 0.00031788 -0.00033513 -0.00187812 -0.00384044 -0.000393122 0.000184531 7.67552e-05 -0.000143016 0.00236046 -5.8546e-05
internal_weight=0 272 258 65 28 37 193 262 239 23 181
internal_count=530 272 258 65 28 37 193 262 239 23 181
is_linear=0
shrinkage=0.1


Tree=238
num_leaves=8
num_cat=0
split_feature=12 58 9 69 65 20 44
split_gain=0.00524673 0.0257213 0.0254618 0.0471011 0.0205162 0.0165583 0.0192036
threshold=2.740319461670996 2.740319461670996 1.2424533248940006 2.7935390597270717 1.934905513126105 3.2384861814448418 3.8606743063089755
decision_type=2 2 2 2 2 2 2
left_child=1 5 -2 -4 -5 6 -1
right_child=2 -3 3 4 -6 -7 -8
leaf_value=0.00016194211370120312 -0.0049693465317514817 0.0039100031956638163 0.0063546865331855695 -0.0039113326619068783 -0.00012199649056636317 0.0039837171789258718 -0.0033893285113770297
leaf_weight=146 10.999999999999998 19 10.999999999999998 14.999999999999998 301 9.9999999999999982 17
leaf_count=146 11 19 11 15 301 10 17
internal_value=0 0.000417459 -0.000237137 -7.79492e-05 -0.00030187 3.38852e-05 -0.000208436
internal_weight=0 192 338 327 316 173 163
internal_count=530 192 338 327 316 173 163
is_linear=0
shrinkage=0.1


Tree=239
num_leaves=8
num_cat=0
split_feature=57 60 5 16 8 99 31
split_gain=0.00522445 0.0079874 0.0176027 0.0142185 0.00940706 0.00797287 0.00762916
threshold=4.9241534606344306 4.7712140051397869 4.0942056540395164 4.4367340276668159 5.0005339404374967 4.5642939350519631 4.9416169117544309
decision_type=2 2 2 2 2 2 2
left_child=1 2 3 -1 6 -6 -3
right_child=-2 4 -4 -5 5 -7 -8
leaf_value=-0.00017310780326502506 0.002264038734138012 -0.0048047663853503751 0.0032605836335706582 0.0020823608928670486 0.00098096498550148681 -0.0018031697267562978 -0.0010648730424388001
leaf_weight=409 9.9999999999999982 10.000000000000002 17 30 24 18 11.999999999999998
leaf_count=409 10 10 17 30 24 18 12
internal_value=0 -4.35392e-05 0.000103289 -1.89755e-05 -0.00108969 -0.000212236 -0.00276482
internal_weight=0 520 456 439 64 42 22
internal_count=530 520 456 439 64 42 22
is_linear=0
shrinkage=0.1


Tree=240
num_leaves=9
num_cat=0
split_feature=52 0 52 9 0 24 87 48
split_gain=0.00544836 0.0351856 0.0314076 0.0133826 0.0195134 0.0165055 0.0131456 0.0122212
threshold=3.1462473185396322 3.1984648276080736 3.2287771385162909 3.1132683346437333 2.8029010331479989 3.4175922930736511 0.6910079074280463 3.8393944990995772
decision_type=2 2 2 2 2 2 2 2
left_child=1 3 -2 4 -1 -5 7 -4
right_child=2 -3 6 5 -6 -7 -8 -9
leaf_value=-3.2368393191933608e-05 -0.0053073421857940655 0.0061520154401659968 -0.00063862256070096345 -0.0049906250597401081 0.002718082083350358 0.00018572618053959951 -0.0034640512810173358 0.00073824989515494308
leaf_weight=184 11.999999999999998 9.9999999999999982 126 11.000000000000002 30 13.999999999999998 10.999999999999998 132
leaf_count=184 12 10 126 11 30 14 11 132
internal_value=0 0.000340603 -0.000301815 9.74476e-05 0.000353209 -0.00209187 -7.85205e-05 6.58238e-05
internal_weight=0 249 281 239 214 25 269 258
internal_count=530 249 281 239 214 25 269 258
is_linear=0
shrinkage=0.1


Tree=241
num_leaves=9
num_cat=0
split_feature=15 17 39 86 32 16 20 87
split_gain=0.00569475 0.0246655 0.029704 0.0183853 0.0188413 0.0175697 0.024204 0.018846
threshold=2.249904835165133 1.8688348091416844 2.3502401828962087 0.68476950597767339 2.9174053685313028 3.4498615536424366 3.2384861814448418 0.61701927422320779
decision_type=2 2 2 2 2 2 2 2
left_child=5 2 -2 4 -3 6 7 -1
right_child=1 3 -4 -5 -6 -7 -8 -9
leaf_value=-0.00015141511882614832 7.401931410034496e-05 0.0017308992835751271 -0.006330646966983166 -0.0030880274571245536 -0.00018816807202300898 -0.0035721370391547679 0.0055107859335839747 0.002701200402727158
leaf_weight=115 15.000000000000002 64 13.999999999999998 18 255 9.9999999999999982 9.9999999999999982 29
leaf_count=115 15 64 14 18 255 10 10 29
internal_value=0 -0.000219422 -0.00301789 2.13953e-05 0.000196849 0.000489686 0.000753441 0.00042307
internal_weight=0 366 29 337 319 164 154 144
internal_count=530 366 29 337 319 164 154 144
is_linear=0
shrinkage=0.1


Tree=242
num_leaves=9
num_cat=0
split_feature=75 50 50 95 80 48 48 104
split_gain=0.00540685 0.0146578 0.0108563 0.010641 0.0101478 0.0143272 0.0134638 0.0047739
threshold=3.4498615536424366 9.2721573370693324 8.9316746038133203 4.0517471391904856 0.48553517888682912 4.234001473612734 4.6959141240107813 3.7494348669884658
decision_type=2 2 2 2 2 2 2 2
left_child=1 2 3 -1 6 -6 -2 -4
right_child=4 -3 7 -5 5 -7 -8 -9
leaf_value=3.3821063136875749e-06 -0.00035983025537509672 0.0037310651630501853 -0.0034747956243033201 0.0018727694699808843 -0.0017034054087061022 0.002233626330761533 -0.0044467869198082819 -0.00051639244076795876
leaf_weight=394 19 10.999999999999998 12.000000000000002 33 18 19 13.999999999999998 9.9999999999999982
leaf_count=394 19 11 12 33 18 19 14 10
internal_value=0 0.000124596 3.62416e-05 0.000147855 -0.000818774 0.000318314 -0.00209369 -0.00213007
internal_weight=0 460 449 427 70 37 33 22
internal_count=530 460 449 427 70 37 33 22
is_linear=0
shrinkage=0.1


Tree=243
num_leaves=10
num_cat=0
split_feature=60 95 60 9 5 53 87 57 80
split_gain=0.00532553 0.0276414 0.0209217 0.0203794 0.0288822 0.0242616 0.0173871 0.0275206 0.0209842
threshold=2.8586166361901628 2.8617925509761908 2.8938319793184522 2.3502401828962087 2.4414009612931857 0.8813735870195426 0.21306574329176012 2.4791869664663539 2.8429425869645697
decision_type=2 2 2 2 2 2 2 2 2
left_child=1 3 -2 4 -1 -5 8 -8 -4
right_child=2 -3 6 5 -6 -7 7 -9 -10
leaf_value=0.00013634079158855757 -0.0045216767710040918 0.0045495406802122792 0.00022039429132842065 -0.0051286575508614381 0.0050946158285324391 0.00031680027281658519 -0.0026079458103752053 0.00023830021311324544 0.0041125384966532392
leaf_weight=122 10.999999999999998 14.999999999999998 181 14.999999999999998 12.999999999999998 18 58 82 14.999999999999998
leaf_count=122 11 15 181 15 13 18 58 82 15
internal_value=0 0.000436499 -0.0002302 6.92626e-05 0.000613804 -0.00215841 -8.97047e-05 -0.000940859 0.000518262
internal_weight=0 183 347 168 135 33 336 140 196
internal_count=530 183 347 168 135 33 336 140 196
is_linear=0
shrinkage=0.1


Tree=244
num_leaves=9
num_cat=0
split_feature=38 67 32 39 38 24 66 19
split_gain=0.00515838 0.0159112 0.0144462 0.0108298 0.0122934 0.00682348 0.0118022 0.00529201
threshold=8.9808621585217967 5.030352476867086 4.9451504953659766 5.2094712223428914 9.8400318729391767 4.7360445312007302 3.6242520361853052 5.2907605476430133
decision_type=2 2 2 2 2 2 2 2
left_child=2 -2 5 -3 -5 6 -1 -7
right_child=1 3 -4 4 -6 7 -8 -9
leaf_value=-6.0561310104332029e-05 -0.004125634088025739 -0.0028573162430389366 0.0032783479275946903 0.001972083034566962 -0.0017034007589765161 -0.0034000092511996616 0.0017635190310195472 -0.00028520403817916908
leaf_weight=392 11.999999999999998 10.999999999999998 13.999999999999998 26 13.999999999999998 10.000000000000002 39 11.999999999999998
leaf_count=392 12 11 14 26 14 10 39 12
internal_value=0 -0.00084939 0.000114586 -7.85084e-05 0.000685664 1.68094e-05 0.000104495 -0.00170102
internal_weight=0 63 467 51 40 453 431 22
internal_count=530 63 467 51 40 453 431 22
is_linear=0
shrinkage=0.1


Tree=245
num_leaves=12
num_cat=0
split_feature=95 1 95 88 6 16 8 68 2 45 99
split_gain=0.00540422 0.0297355 0.0143711 0.0153903 0.0129352 0.0272066 0.01635 0.0106306 0.0104906 0.0170699 0.0105361
threshold=2.9174053685313028 3.1567740231385479 3.2769667020129059 0.68783391589510379 7.6056075025107122 4.0689902272260703 3.0677824455408698 4.2321181817396996 7.80660616832398 3.1132683346437333 2.249904835165133
decision_type=2 2 2 2 2 2 2 2 2 2 2
left_child=1 8 4 7 6 -6 -2 -4 9 -1 -10
right_child=2 -3 3 -5 5 -7 -8 -9 10 -11 -12
leaf_value=0.00049866405720620051 -0.0020267935196423659 0.0056628468632698064 0.00075179224626885529 0.0039253101404756316 -0.0059350796102080484 0.00036383333499543372 0.0023076319767694389 -0.0007826896018277873 0.0045868426747620091 -0.0013037499786617284 0.00026934146052763727
leaf_weight=161 23 9.9999999999999982 81 9.9999999999999982 16.000000000000004 11.999999999999998 13.999999999999998 102 10.000000000000002 78 12.999999999999998
leaf_count=161 23 10 81 10 16 12 14 102 10 78 13
internal_value=0 0.000310995 -0.000327871 0.000105254 -0.00161392 -0.00323555 -0.000386741 -0.000103493 0.000106726 -8.95715e-05 0.00214652
internal_weight=0 272 258 193 65 28 37 183 262 239 23
internal_count=530 272 258 193 65 28 37 183 262 239 23
is_linear=0
shrinkage=0.1


Tree=246
num_leaves=10
num_cat=0
split_feature=75 50 77 35 24 50 5 22 88
split_gain=0.00521017 0.0110645 0.00956731 0.0206614 0.0133699 0.00910536 0.00915171 0.00767172 0.00472326
threshold=3.4498615536424366 9.2721573370693324 3.8606743063089755 3.1984648276080736 3.9219243190762363 8.9316746038133203 3.4175922930736511 6.9804734028789186 0.041058849910378711
decision_type=2 2 2 2 2 2 2 2 2
left_child=1 5 -2 7 -5 6 -1 -4 -7
right_child=2 -3 3 4 -6 8 -8 -9 -10
leaf_value=-0.00010155940384544598 -0.0029514894209569324 0.0032556885387748482 0.00042448222171515216 -0.0045350346460261131 -0.00029622871206020534 -0.003275970998220145 0.0010073995491135671 0.0043415533285588023 -0.00033329986035823822
leaf_weight=331 15.999999999999998 10.999999999999998 10.000000000000002 10.999999999999998 23 12.000000000000002 96 9.9999999999999982 9.9999999999999982
leaf_count=331 16 11 10 11 23 12 96 10 10
internal_value=0 0.000122309 -0.000803745 -0.000167376 -0.00166761 4.55446e-05 0.000147762 0.00238302 -0.00193839
internal_weight=0 460 70 54 34 449 427 20 22
internal_count=530 460 70 54 34 449 427 20 22
is_linear=0
shrinkage=0.1


Tree=247
num_leaves=11
num_cat=0
split_feature=98 87 53 100 97 89 86 86 2 87
split_gain=0.00517393 0.0206466 0.0206617 0.01862 0.0415133 0.0287022 0.0124669 0.0190219 0.0161405 0.0087269
threshold=1.7005986908310777 0.66521624299472426 0.70808679187968326 4.166635176627655 2.4414009612931857 0.65541501693949999 0.67560729503369699 0.68662364609322568 6.4264832207863298 0.6910079074280463
decision_type=2 2 2 2 2 2 2 2 2 2
left_child=1 3 -3 5 -5 -1 8 -8 -2 -10
right_child=6 2 -4 4 -6 -7 7 -9 9 -11
leaf_value=-5.3953405649802333e-05 -0.0042068909091705622 0.00022995769046246998 0.00665827974677086 0.0051875252253375951 -0.0013397868011931057 -0.0053631876563568692 0.005000815828415479 -0.00022452121208372869 -0.00019566686056444218 -0.003203612961806357
leaf_weight=137 10.999999999999998 10.000000000000002 9.9999999999999982 20 19 10.999999999999998 11.000000000000002 19 272 9.9999999999999982
leaf_count=137 11 10 10 20 19 11 11 19 272 10
internal_value=0 0.000390291 0.00344412 6.36785e-05 0.00200755 -0.000448559 -0.000250125 0.00169144 -0.000448919 -0.000302332
internal_weight=0 207 20 187 39 148 323 30 293 282
internal_count=530 207 20 187 39 148 323 30 293 282
is_linear=0
shrinkage=0.1


Tree=248
num_leaves=14
num_cat=0
split_feature=17 21 51 21 22 22 60 103 3 30 40 43 104
split_gain=0.00468159 0.018625 0.0218756 0.0142012 0.0315095 0.0360766 0.0192345 0.0153192 0.0194923 0.0126205 0.0406257 0.0342357 0.00889013
threshold=3.2384861814448418 3.2769667020129059 2.8617925509761908 3.5694334999727624 8.5230704732322558 8.3738927694878331 4.1127871064213597 5.0937313815282925 4.9662804000109189 7.4914760745935558 3.0677824455408698 3.6242520361853052 3.6505739029280164
decision_type=2 2 2 2 2 2 2 2 2 2 2 2 2
left_child=1 9 -3 7 5 -5 -6 12 -9 10 -1 -11 -2
right_child=3 2 -4 4 6 -7 -8 8 -10 11 -12 -13 -14
leaf_value=-0.00017880099865403724 -0.0014012264358588373 0.0064905431127408502 0.00026937430509581017 0.00051878242679363621 -0.0046386508080600341 0.0075327238025651739 -0.00022395528559779148 -0.0060479718726128328 -0.00026736233383417135 -0.0055295922610509611 0.0034478238744447263 -0.00012505565391620621 0.0021702434937469661
leaf_weight=187 23 10.000000000000002 12.999999999999998 22 10.999999999999998 10.999999999999998 96 14.000000000000002 9.9999999999999982 13.999999999999998 37 72 9.9999999999999982
leaf_count=187 23 10 13 22 11 11 96 14 10 14 37 72 10
internal_value=0 0.000228597 0.00297423 -0.00038641 0.000155345 0.00285676 -0.000677802 -0.00171704 -0.00363938 2.48884e-05 0.00042024 -0.00100486 -0.000318963
internal_weight=0 333 23 197 140 33 107 57 24 310 224 86 33
internal_count=530 333 23 197 140 33 107 57 24 310 224 86 33
is_linear=0
shrinkage=0.1


Tree=249
num_leaves=9
num_cat=0
split_feature=72 30 72 3 97 98 86 59
split_gain=0.00464799 0.0102077 0.00615922 0.0124909 0.0216424 0.0129934 0.0106207 0.0150369
threshold=0.77975360085780265 6.1783958649385831 0.048475434630892413 1.7917594692280556 2.3502401828962087 0.89587973461402781 0.67986905584219193 9.4867690092481657e-19
decision_type=2 2 2 2 2 2 2 2
left_child=2 -2 6 5 -5 -4 7 -1
right_child=1 -3 3 4 -6 -7 -8 -9
leaf_value=-0.0026789259716966437 -0.00053730249548187615 0.0036017570824531673 -0.00023062919033691281 0.0040342914871871471 -0.00057598309732470533 -0.0052111536772413694 0.0025458812784765745 0.00022200264407971795
leaf_weight=19 13.000000000000002 10.999999999999998 10.000000000000002 10.999999999999998 137 10.999999999999998 18 300
leaf_count=19 13 11 10 11 137 11 18 300
internal_value=0 0.00135977 -6.44949e-05 -0.000557168 -0.000233328 -0.00283948 0.000182573 4.92201e-05
internal_weight=0 24 506 169 148 21 337 319
internal_count=530 24 506 169 148 21 337 319
is_linear=0
shrinkage=0.1


Tree=250
num_leaves=11
num_cat=0
split_feature=15 24 18 100 4 71 102 104 104 62
split_gain=0.00511985 0.021059 0.0161518 0.0182311 0.015224 0.0479209 0.0256733 0.0299157 0.0233832 0.0179261
threshold=2.249904835165133 0.69314718055994573 5.5154246272451131 3.7256208424938388 1.0000000180025095e-35 9.4867690092481657e-19 1.0000000180025095e-35 1.2212453270876714e-15 1.5937771935536921e-17 2.4414009612931857
decision_type=2 2 2 2 2 2 2 2 2 2
left_child=4 -2 -3 -4 6 8 -1 -8 -6 -7
right_child=1 2 3 -5 5 9 7 -9 -10 -11
leaf_value=-0.0038701954665348718 -0.003877381426282227 0.0034076985688163684 -0.0020346557888526306 0.0001072182423217471 0.0076885515993291688 0.00032895525972194531 0.0035369191215270097 -0.0023126357317189961 0.0023647134220509819 -0.0036036847655971844
leaf_weight=19 14.999999999999998 12.999999999999998 46 292 10.999999999999998 51 18 17 33 14.999999999999998
leaf_count=19 15 13 46 292 11 51 18 17 33 15
internal_value=0 -0.000208052 -5.12432e-05 -0.000184279 0.000464311 0.00113937 -0.000910814 0.000695707 0.00369567 -0.000564827
internal_weight=0 366 351 338 164 110 54 35 44 66
internal_count=530 366 351 338 164 110 54 35 44 66
is_linear=0
shrinkage=0.1


Tree=251
num_leaves=8
num_cat=0
split_feature=92 10 92 87 87 65 88
split_gain=0.00467313 0.0130581 0.00746893 0.0257573 0.00825397 0.0212061 0.0142898
threshold=4.2344969400280812 8.6052910742775399 4.0866108836452506 0.37477125873046097 0.067463288770553395 0.83659354885485782 0.56926050640888715
decision_type=2 2 2 2 2 2 2
left_child=2 -2 4 -4 6 -6 -1
right_child=1 -3 3 -5 5 -7 -8
leaf_value=-5.8650757780538482e-05 -0.0040772251994349055 0.00091568437320264917 -0.001297486092828746 0.0048840532571865387 0.0036127887918458636 -0.00070887441056950457 0.0016918642172297908
leaf_weight=198 10.000000000000002 10.999999999999998 14.000000000000002 12.999999999999998 11.999999999999998 211 61
leaf_count=198 10 11 14 13 12 211 61
internal_value=0 -0.00146189 6.03138e-05 0.00167881 -3.03489e-05 -0.000476319 0.000353633
internal_weight=0 21 509 27 482 223 259
internal_count=530 21 509 27 482 223 259
is_linear=0
shrinkage=0.1


Tree=252
num_leaves=12
num_cat=0
split_feature=80 13 97 9 57 19 15 10 85 75 45
split_gain=0.00407986 0.0145271 0.0422687 0.0268823 0.0237434 0.0134638 0.0168534 0.0150229 0.0244781 0.0238335 0.0131022
threshold=0.69729658196729294 1.8214596497756478e-17 2.524928003624769 3.3140206880897671 1.8239285224305608 4.6959141240107813 4.7621374077860157 8.3738927694878331 0.66149921729477024 2.6735537653587347 4.1971736807086968
decision_type=2 2 2 2 2 2 2 2 2 2 2
left_child=5 -2 4 -4 -3 7 -7 8 -1 -9 -8
right_child=1 2 3 -5 -6 6 10 9 -10 -11 -12
leaf_value=9.0248422040151803e-05 -0.0023999326730518079 0.0073374889647731395 -0.0029390248720749068 0.00077992060369896617 0.0015839047860936263 -0.0050994348759889948 -0.0019507077989175975 0.0062018595909466949 -0.003818634675596567 0.00017048695222719721 0.0015728406611742686
leaf_weight=278 15.999999999999998 13.000000000000002 26 77 15.999999999999998 10.999999999999998 31 10.000000000000002 17 19 15.999999999999998
leaf_count=278 16 13 26 77 16 11 31 10 17 19 16
internal_value=0 0.000445744 0.000790675 -0.000158842 0.0041631 -0.000172697 -0.00157587 7.8488e-05 -0.000135009 0.00225027 -0.000751202
internal_weight=0 148 132 103 29 382 58 324 295 29 47
internal_count=530 148 132 103 29 382 58 324 295 29 47
is_linear=0
shrinkage=0.1


Tree=253
num_leaves=6
num_cat=0
split_feature=15 53 56 96 54
split_gain=0.00422913 0.0076685 0.00745531 0.0154437 0.0120262
threshold=6.4800257426481824 4.3975270902102208 4.6186980219998057 8.6052910742775399 4.5900436644025815
decision_type=2 2 2 2 2
left_child=1 2 3 -1 -4
right_child=-2 -3 4 -5 -6
leaf_value=-3.7089693201282485e-05 -0.0019403276838023554 0.0027835214417427779 -0.003387688007205725 0.0021519573598301838 -0.00024532563231118465
leaf_weight=407 10.999999999999998 9.9999999999999982 15.999999999999998 35 51
leaf_count=407 11 10 16 35 51
internal_value=0 4.11245e-05 -1.27537e-05 0.000136251 -0.000995741
internal_weight=0 519 509 442 67
internal_count=530 519 509 442 67
is_linear=0
shrinkage=0.1


Tree=254
num_leaves=8
num_cat=0
split_feature=45 41 17 41 37 34 80
split_gain=0.00412012 0.0158936 0.0129014 0.0126672 0.0166168 0.0158955 0.00403391
threshold=5.0625750037842705 4.5591125415341898 4.0942056540395164 4.135134555718313 4.135134555718313 8.8031957863788737 1.4811948727325146
decision_type=2 2 2 2 2 2 2
left_child=1 3 -3 4 -1 -5 -2
right_child=6 2 -4 5 -6 -7 -8
leaf_value=1.0851197094776103e-05 7.4372329150459586e-05 -0.005119741280478509 -0.00015688453800976276 -0.0010440871151248838 -0.0041113797482103106 0.0036885879060719164 0.0025729629055907329
leaf_weight=442 14.000000000000002 11.000000000000002 9.9999999999999982 11.000000000000002 9.9999999999999982 20 11.999999999999998
leaf_count=442 14 11 10 11 10 20 12
internal_value=0 -6.33269e-05 -0.00275648 5.37665e-05 -8.03486e-05 0.00200925 0.00122757
internal_weight=0 504 21 483 452 31 26
internal_count=530 504 21 483 452 31 26
is_linear=0
shrinkage=0.1


Tree=255
num_leaves=7
num_cat=0
split_feature=72 50 81 6 96 32
split_gain=0.00407114 0.00941885 0.00531857 0.0117137 0.0119534 0.0075997
threshold=0.77975360085780265 6.3296954855368641 19.113827924436418 1.0000000180025095e-35 4.330646767694998 1.0000000180025095e-35
decision_type=2 2 2 2 2 2
left_child=2 -2 3 -1 -5 -4
right_child=1 -3 5 4 -6 -7
leaf_value=0.0025103134982701805 0.0036165919434279197 -0.00040169171988964082 0.00037677667569369067 -0.0024209314935086743 2.0400090194636154e-05 -0.0034322290575470437
leaf_weight=18 10.000000000000002 13.999999999999998 10.000000000000002 21 446 10.999999999999998
leaf_count=18 10 14 10 21 446 11
internal_value=0 0.00127259 -6.03601e-05 7.10211e-06 -8.93814e-05 -0.00161842
internal_weight=0 24 506 485 467 21
internal_count=530 24 506 485 467 21
is_linear=0
shrinkage=0.1


Tree=256
num_leaves=12
num_cat=0
split_feature=83 53 25 35 34 100 9 39 45 1 45
split_gain=0.00372179 0.0143372 0.0119073 0.0244873 0.0372359 0.0195169 0.0183559 0.0179679 0.00778006 0.0180853 0.018028
threshold=0.28196772389603009 0.53479999673985212 2.8102520310824275e-16 1.700598690831078 5.9518752981694396 1.6094379124341021 1.8214596497756478e-17 4.1971736807086968 2.4414009612931857 3.5114340430413216 2.740319461670996
decision_type=2 2 2 2 2 2 2 2 2 2 2
left_child=2 -2 5 4 -4 -1 -7 -5 9 -3 -10
right_child=1 8 3 7 -6 6 -8 -9 10 -11 -12
leaf_value=0.0054591283371502701 -0.0036739488597959283 -0.0003896278186868763 8.1172236241400223e-05 0.0013778833201942371 -0.0076975366938859232 -0.0023365967965219164 0.0034644723962992431 -0.00036408508106576754 -0.0035504466780510394 0.0023256535209449278 -9.7238233570965974e-05
leaf_weight=10.999999999999998 11.999999999999998 82 16.000000000000004 97 9.9999999999999982 12.000000000000002 9.9999999999999982 152 19 35 74
leaf_count=11 12 82 16 97 10 12 10 152 19 35 74
internal_value=0 -0.000312131 0.000224978 9.58959e-06 -0.00291064 0.00201988 0.000300253 0.000314513 -0.000120027 0.000422636 -0.000802732
internal_weight=0 222 308 275 26 33 22 249 210 117 93
internal_count=530 222 308 275 26 33 22 249 210 117 93
is_linear=0
shrinkage=0.1


Tree=257
num_leaves=6
num_cat=0
split_feature=85 87 51 15 50
split_gain=0.00397791 0.00538356 0.00702047 0.018939 0.0170104
threshold=0.68988791877841538 0.69155384640118911 4.1971736807086968 3.4811217321331038 8.104850396881865
decision_type=2 2 2 2 2
left_child=1 2 4 -4 -1
right_child=-2 -3 3 -5 -6
leaf_value=-6.8811510227640929e-05 -0.0014207679275913458 0.0022411568682979455 0.0036294369492679834 0.00016003337644506248 -0.0031438886134358326
leaf_weight=338 19 10.999999999999998 18 125 19
leaf_count=338 19 11 18 125 19
internal_value=0 5.2827e-05 4.68373e-06 0.000596742 -0.000232471
internal_weight=0 511 500 143 357
internal_count=530 511 500 143 357
is_linear=0
shrinkage=0.1


Tree=258
num_leaves=9
num_cat=0
split_feature=15 17 39 86 20 92 19 25
split_gain=0.00377626 0.0200147 0.0224466 0.0152996 0.0145454 0.0141622 0.0204913 0.015392
threshold=2.249904835165133 1.8688348091416844 2.3502401828962087 0.68476950597767339 1.8688348091416842 4.031687181325796 2.4414009612931857 2.8102520310824275e-16
decision_type=2 2 2 2 2 2 2 2
left_child=5 2 -2 4 -3 6 7 -1
right_child=1 3 -4 -5 -6 -7 -8 -9
leaf_value=0.0015993688596282946 -1.1762648937292395e-05 0.0030443756594596542 -0.0055793134828231172 -0.0027982636451876416 3.8094591146118369e-05 -0.0023338483920430438 0.0039797031403984015 -0.00061492807664243246
leaf_weight=53 15.000000000000002 17 13.999999999999998 18 302 17 17 77
leaf_count=53 15 17 14 18 302 17 17 77
internal_value=0 -0.000178679 -0.00269955 3.82499e-05 0.000198304 0.00039876 0.000714776 0.000287824
internal_weight=0 366 29 337 319 164 147 130
internal_count=530 366 29 337 319 164 147 130
is_linear=0
shrinkage=0.1


Tree=259
num_leaves=9
num_cat=0
split_feature=43 46 53 43 29 25 35 18
split_gain=0.00407104 0.0114903 0.0129384 0.00939346 0.0153743 0.00896238 0.0204284 0.0071964
threshold=1.0000000180025095e-35 7.4142614184158591 0.8813735870196483 0.69314718055994573 1.0000000180025095e-35 1.0000000180025095e-35 1.700598690831078 5.8860885991132372
decision_type=2 2 2 2 2 2 2 2
left_child=1 2 -1 4 -2 -5 -7 -4
right_child=3 -3 7 5 -6 6 -8 -9
leaf_value=0.0025212390439784422 -0.0010085816495120521 -0.0036663369444960899 -0.0025191606048287616 0.0028073015368797563 0.0035634735586905948 -0.0023606364266015589 0.0001329278244079336 -3.3455461291878512e-05
leaf_weight=13.999999999999998 12.000000000000002 10.999999999999998 18 10.999999999999998 19 36 376 33
leaf_count=14 12 11 18 11 19 36 376 33
internal_value=0 -0.000677385 -0.000171563 0.000113395 0.00179365 -9.74405e-06 -8.49564e-05 -0.000910763
internal_weight=0 76 65 454 31 423 412 51
internal_count=530 76 65 454 31 423 412 51
is_linear=0
shrinkage=0.1


Tree=260
num_leaves=10
num_cat=0
split_feature=75 75 77 35 29 85 4 5 53
split_gain=0.00396357 0.00902152 0.00724569 0.0141539 0.00960585 0.00700051 0.0119052 0.0111285 0.00551496
threshold=3.4498615536424366 3.1567740231385479 3.8606743063089755 3.1984648276080736 3.795426061844291 0.64607630538932426 4.6051201834879256 3.3842466058243152 3.412561619978375
decision_type=2 2 2 2 2 2 2 2 2
left_child=1 5 -2 8 -5 7 -7 -1 -4
right_child=2 -3 3 4 -6 6 -8 -9 -10
leaf_value=-0.00013348226149735804 -0.0025701076374389231 0.0023673539323841829 0.003624232120346277 -0.00255134254693985 0.0010415738554332744 -0.0026170739166749019 0.0011403717423001162 0.001142445254546387 0.00030309954658150676
leaf_weight=319 15.999999999999998 17 10.000000000000002 23 10.999999999999998 24 12.999999999999998 87 9.9999999999999982
leaf_count=319 16 17 10 23 11 24 13 87 10
internal_value=0 0.000106678 -0.000701028 -0.000147227 -0.00138893 1.99254e-05 -0.00129689 0.000139931 0.00196367
internal_weight=0 460 70 54 34 443 37 406 20
internal_count=530 460 70 54 34 443 37 406 20
is_linear=0
shrinkage=0.1


Tree=261
num_leaves=11
num_cat=0
split_feature=95 1 95 56 56 92 52 51 3 89
split_gain=0.00425827 0.0229782 0.0100849 0.0107558 0.0164076 0.00930262 0.0179397 0.00805363 0.0190045 0.0131398
threshold=2.9174053685313028 3.1567740231385479 3.2769667020129059 3.492705261773871 3.7639978443669979 3.8951228237637721 3.2483874950929317 1.0000000180025095e-35 2.3502401828962087 0.36412355919349298
decision_type=2 2 2 2 2 2 2 2 2 2
left_child=1 7 5 -4 -5 -2 -7 8 -1 -9
right_child=2 -3 3 4 -6 6 -8 9 -10 -11
leaf_value=5.3373821220471907e-05 0.00049306770394507207 0.0049806726723909383 0.0023309126802671114 -0.0034576869652872644 0.00011234884666919243 -0.0044913693306673523 -0.0004806000728556818 -0.00095247188727224567 0.0035010176139795 0.00085569258632844252
leaf_weight=67 19 9.9999999999999982 19 13.999999999999998 160 19 27 111 21 63
leaf_count=67 19 10 19 14 160 19 27 111 21 63
internal_value=0 0.00027606 -0.00029104 7.17904e-05 -0.000174895 -0.00136837 -0.00213722 9.64949e-05 0.000876107 -0.000297792
internal_weight=0 272 258 193 174 65 46 262 88 174
internal_count=530 272 258 193 174 65 46 262 88 174
is_linear=0
shrinkage=0.1


Tree=262
num_leaves=11
num_cat=0
split_feature=61 16 87 48 65 73 58 99 100 92
split_gain=0.00424959 0.0216307 0.0153469 0.0134637 0.00932992 0.0185443 0.0184896 0.0110973 0.0186538 0.00987909
threshold=1.8214806459275565 2.8617925509761908 0.63510234907380003 3.1132683346437333 2.0547119399581395 1.4978661367769956 2.524928003624769 1.2424533248940006 1.8688348091416842 3.9802142654322838
decision_type=2 2 2 2 2 2 2 2 2 2
left_child=1 2 3 -1 5 6 -2 8 -6 -9
right_child=4 -3 -4 -5 7 -7 -8 9 -10 -11
leaf_value=-0.00015031216260265662 -0.0064264556054364529 0.004071994799499711 -0.0028390574254444803 0.0026763175714718691 -0.0023392472716155821 0.001101275669809963 -0.0004852096480317414 0.00028973774289867528 0.0018390348291723057 -0.00086380136059220961
leaf_weight=72 11.000000000000002 14.999999999999998 15.999999999999998 22 12.999999999999998 13.999999999999998 9.9999999999999982 150 60 147
leaf_count=72 11 15 16 22 13 14 10 150 60 147
internal_value=0 0.000509692 2.39236e-05 0.000511239 -0.000157312 -0.00171786 -0.00359729 -9.6926e-06 0.00109496 -0.000281206
internal_weight=0 125 110 94 405 35 21 370 73 297
internal_count=530 125 110 94 405 35 21 370 73 297
is_linear=0
shrinkage=0.1


Tree=263
num_leaves=12
num_cat=0
split_feature=2 17 7 97 28 60 60 87 60 60 2
split_gain=0.00394536 0.0156773 0.0228248 0.0214502 0.0189766 0.00921541 0.0111659 0.0263467 0.0205227 0.0104362 0.00657296
threshold=5.6869696108313716 2.1383330595080285 7.1150767569361238e-19 2.1383330595080281 1.0000000180025095e-35 1.781232764629139 2.8586166361901628 0.65503441193156575 2.8938319793184522 1.4614127513729518 6.1002787324210326
decision_type=2 2 2 2 2 2 2 2 2 2 2
left_child=1 2 4 -4 -1 9 7 -7 -8 10 -2
right_child=5 -3 3 -5 -6 6 8 -9 -10 -11 -12
leaf_value=-0.00013391379308065068 -0.0020091263577342029 0.0035587357729673385 -0.0040095964860244601 0.00068237900617532435 0.0049415222075857371 0.00022610977546057916 -0.0046831495128571987 0.00523180218700033 -8.5635336001801119e-05 -0.0039274882167004621 0.0015332427714020015
leaf_weight=17.000000000000004 11.000000000000002 14.999999999999998 19 20 12.999999999999998 55 9.9999999999999982 12.999999999999998 334 12.999999999999998 9.9999999999999982
leaf_count=17 11 15 19 20 13 55 10 13 334 13 10
internal_value=0 0.000628685 -8.28259e-06 -0.00160346 0.00206544 -0.000118407 1.21742e-05 0.00118308 -0.000219284 -0.00170074 -0.000322284
internal_weight=0 84 69 39 30 446 412 68 344 34 21
internal_count=530 84 69 39 30 446 412 68 344 34 21
is_linear=0
shrinkage=0.1


Tree=264
num_leaves=10
num_cat=0
split_feature=83 6 78 101 100 44 83 80 31
split_gain=0.00378025 0.0109798 0.0102249 0.0116348 0.0225442 0.0145359 0.00748931 0.0103347 0.00906502
threshold=0.28196772389603009 4.8471850864775066 1.9942196179362548 2.740319461670996 5.1059271080903725 1.0000000180025095e-35 0.72144594250152805 1.9321161707958991 4.4601277074540464
decision_type=2 2 2 2 2 2 2 2 2
left_child=2 -2 3 5 -5 -1 8 -8 -3
right_child=1 6 -4 4 -6 -7 7 -9 -10
leaf_value=-0.0020904237074622265 -0.0035526618047151716 -0.0029484340541162772 0.003372045303694904 -0.0021811622974708816 0.00064920982636976991 0.00090054703593528754 0.00035162944759181496 -0.0020070106439691571 0.00065877933732487936
leaf_weight=18 9.9999999999999982 19.000000000000004 9.9999999999999982 53 60 167 161 21 10.999999999999998
leaf_count=18 10 19 10 53 60 167 161 21 11
internal_value=0 -0.000314573 0.000226738 0.00012119 -0.00067831 0.000609534 -0.000161833 7.94787e-05 -0.00162579
internal_weight=0 222 308 298 113 185 212 182 30
internal_count=530 222 308 298 113 185 212 182 30
is_linear=0
shrinkage=0.1


Tree=265
num_leaves=10
num_cat=0
split_feature=20 25 29 54 9 21 30 79 17
split_gain=0.00369307 0.0111028 0.014263 0.0182867 0.0121173 0.0102544 0.00878989 0.00488451 0.00455306
threshold=5.0005339404374967 4.3241107269113215 3.9981586158983733 3.4498615536424366 3.7726948748059121 3.5694334999727624 9.2107883712129119 3.8393944990995772 5.1297411325849991
decision_type=2 2 2 2 2 2 2 2 2
left_child=1 2 5 -4 -3 -1 7 -2 -8
right_child=6 4 3 -5 -6 -7 8 -9 -10
leaf_value=-6.2821962149571753e-05 -0.0038254951580893233 -0.0001856627175584435 -0.0051570849539833326 0.000162772460108889 0.0046240220968188214 0.0014219834201283895 -0.00070483919071893258 -0.0010081675252877175 0.0020594869782640177
leaf_weight=380 10.000000000000002 10.000000000000002 12.000000000000002 13.999999999999998 10.999999999999998 53 13.000000000000002 15.999999999999998 10.999999999999998
leaf_count=380 10 10 12 14 11 53 13 16 11
internal_value=0 8.51962e-05 -1.76763e-05 -0.00229255 0.0023337 0.000118921 -0.000817884 -0.00209176 0.000562144
internal_weight=0 480 459 26 21 433 50 26 24
internal_count=530 480 459 26 21 433 50 26 24
is_linear=0
shrinkage=0.1


Tree=266
num_leaves=9
num_cat=0
split_feature=77 46 43 88 80 77 85 49
split_gain=0.00421154 0.00799598 0.0096078 0.013012 0.00843449 0.00667443 0.00779967 0.0109322
threshold=3.4811217321331038 8.3387528517229743 0.34657359027997314 0.10960282139613471 1.7118062149942419 3.2769667020129059 0.67502022235731507 3.5972184255501678
decision_type=2 2 2 2 2 2 2 2
left_child=5 2 3 -2 -4 6 7 -1
right_child=1 -3 4 -5 -6 -7 -8 -9
leaf_value=-2.1287341608502636e-05 0.00055460486716280369 -0.0032412149687297644 0.00081865397724704666 -0.0038633137941360475 -0.0018281735433265567 0.0022932250514194103 -0.0021652893784145518 0.0017243374083537333
leaf_weight=348 12.000000000000002 9.9999999999999982 61 14.999999999999998 14.999999999999998 13.999999999999998 14.999999999999998 40
leaf_count=348 12 10 61 15 15 14 15 40
internal_value=0 -0.000541516 -0.000279409 -0.00189979 0.000296254 0.000146742 7.21741e-05 0.000158674
internal_weight=0 113 103 27 76 417 403 388
internal_count=530 113 103 27 76 417 403 388
is_linear=0
shrinkage=0.1


Tree=267
num_leaves=9
num_cat=0
split_feature=52 0 52 104 104 48 97 100
split_gain=0.00391049 0.0196864 0.0174373 0.00832225 0.0116208 0.00720653 0.0162218 0.0124605
threshold=3.1462473185396322 3.1984648276080736 3.2287771385162909 3.0201273556387078 2.7403194616709965 3.8393944990995772 4.2555875595453383 3.0201273556387074
decision_type=2 2 2 2 2 2 2 2
left_child=1 3 -2 4 -1 7 -7 -4
right_child=2 -3 5 -5 -6 6 -8 -9
leaf_value=9.1859639083157247e-05 -0.0039853751290744787 0.0046354826446622609 0.0024557994542798653 0.0021146415542860173 -0.0033972964336862789 0.0022763529980355606 -0.00021867337996167515 -0.00092386111767458123
leaf_weight=210 11.999999999999998 9.9999999999999982 11.999999999999998 19 9.9999999999999982 35 102 120
leaf_count=210 12 10 12 19 10 35 102 120
internal_value=0 0.000288557 -0.000255696 0.000106677 -6.67384e-05 -8.93162e-05 0.000418742 -0.000616619
internal_weight=0 249 281 239 220 269 137 132
internal_count=530 249 281 239 220 269 137 132
is_linear=0
shrinkage=0.1


Tree=268
num_leaves=8
num_cat=0
split_feature=0 100 56 53 86 102 61
split_gain=0.00370485 0.0224387 0.0161761 0.0162895 0.0154373 0.0153443 0.0138602
threshold=4.7357950894166834e-16 4.166635176627655 0.8109302162163291 1.0000000180025095e-35 0.66735886407368927 1.0000000180025095e-35 0.9831357747349837
decision_type=2 2 2 2 2 2 2
left_child=1 4 -2 -4 5 -1 -5
right_child=2 -3 3 6 -6 -7 -8
leaf_value=-0.0034153067274019125 -0.0038983797188848258 0.00426314613183162 0.003222776120528579 -0.0038091405329760165 0.0034637457536882722 0.00026228175803016013 -4.1623240391476959e-05
leaf_weight=15.999999999999998 10.999999999999998 13.999999999999998 14.999999999999998 9.9999999999999982 9.9999999999999982 39 415
leaf_count=16 11 14 15 10 10 39 415
internal_value=0 0.000631716 -0.000110655 -1.59623e-05 -0.000150438 -0.000807562 -0.000130271
internal_weight=0 79 451 440 65 55 425
internal_count=530 79 451 440 65 55 425
is_linear=0
shrinkage=0.1


Tree=269
num_leaves=10
num_cat=0
split_feature=15 24 19 27 33 86 24 21 100
split_gain=0.00367959 0.0164814 0.0119927 0.0144765 0.0151857 0.012064 0.0134335 0.0107586 0.0138581
threshold=2.249904835165133 0.69314718055994573 1.700598690831078 2.1383330595080281 2.740319461670996 0.67726707507441974 3.2769667020129059 1.700598690831078 3.7256208424938388
decision_type=2 2 2 2 2 2 2 2 2
left_child=2 -2 5 -4 -5 6 -1 -3 -9
right_child=1 7 3 4 -6 -7 -8 8 -10
leaf_value=-0.00010631747866923713 -0.0034224946858982248 0.0023436209660657268 0.0042116294891457072 -0.0014032627721248629 0.0035077969892881814 0.0027618666466038963 -0.0039539531338959938 -0.0017194396561981008 0.0001015865954222661
leaf_weight=98 14.999999999999998 18 15.999999999999998 17.000000000000004 9.9999999999999982 12.999999999999998 9.9999999999999982 49 284
leaf_count=98 15 18 16 17 10 13 10 49 284
internal_value=0 -0.000176378 0.000393623 0.00182811 0.000415648 -0.000116152 -0.00046258 -3.76546e-05 -0.000166372
internal_weight=0 366 164 43 27 121 108 351 333
internal_count=530 366 164 43 27 121 108 351 333
is_linear=0
shrinkage=0.1


Tree=270
num_leaves=8
num_cat=0
split_feature=45 41 41 88 37 17 4
split_gain=0.0035434 0.0108167 0.0092609 0.0140158 0.0127082 0.00820357 0.00389713
threshold=5.0625750037842705 4.5591125415341898 4.135134555718313 0.27765751993965909 4.135134555718313 4.0942056540395164 3.7012257604091228
decision_type=2 2 2 2 2 2 2
left_child=1 2 4 -4 -1 -3 -2
right_child=6 5 3 -5 -6 -7 -8
leaf_value=2.9518972498647094e-06 0.0023627088405191892 -0.0041649791507304378 0.0032868068544485139 -0.0011572318998250093 -0.0036019984027370814 -0.00020753526361659167 -8.587921597959045e-05
leaf_weight=442 13.000000000000002 11.000000000000002 20.000000000000004 10.999999999999998 9.9999999999999982 9.9999999999999982 12.999999999999998
leaf_count=442 13 11 20 11 10 10 13
internal_value=0 -5.87277e-05 3.78703e-05 0.00170989 -7.68036e-05 -0.00228048 0.00113841
internal_weight=0 504 483 31 452 21 26
internal_count=530 504 483 31 452 21 26
is_linear=0
shrinkage=0.1


Tree=271
num_leaves=12
num_cat=0
split_feature=55 3 49 89 47 95 97 87 59 8 53
split_gain=0.00333922 0.025316 0.0148271 0.0233722 0.0186609 0.00957003 0.0148155 0.0250009 0.013716 0.0116971 0.00862293
threshold=1.8688348091416842 3.0201273556387078 1.700598690831078 0.26832255140569977 1.700598690831078 1.700598690831078 2.7058230259275202 0.56846945541947547 3.3140206880897671 2.524928003624769 1.5843840630196182
decision_type=2 2 2 2 2 2 2 2 2 2 2
left_child=1 2 4 -4 -1 8 7 -7 10 -8 -2
right_child=5 -3 3 -5 -6 6 9 -9 -10 -11 -12
leaf_value=0.0046308964723721152 -0.0011744209254781401 0.005285245776176453 0.00011733290119319346 -0.0054870633620091461 0.00014455015070625912 0.00054534455062821513 -0.0020371318745398613 0.0060226736683398488 0.0010707347498585781 -4.9133389860266688e-05 -0.004965402837842703
leaf_weight=10.999999999999998 12.000000000000002 9.9999999999999982 23 10.999999999999998 59 50 33 9.9999999999999982 11.999999999999998 287 11.999999999999998
leaf_count=11 12 10 23 11 59 50 33 10 12 287 12
internal_value=0 0.000479489 1.73969e-05 -0.00169585 0.000849547 -0.000131398 1.62298e-05 0.00145823 -0.0016897 -0.000254146 -0.00306991
internal_weight=0 114 104 34 70 416 380 60 36 320 24
internal_count=530 114 104 34 70 416 380 60 36 320 24
is_linear=0
shrinkage=0.1


Tree=272
num_leaves=9
num_cat=0
split_feature=68 88 65 33 15 103 2 102
split_gain=0.00362753 0.00441103 0.0128392 0.0203234 0.0109275 0.00904721 0.0283097 0.0131344
threshold=1.7753383804104665 0.56452790820442755 3.2823868100762028 2.249904835165133 4.3819485035697312 1.5178830414797065e-17 7.6537014532716663 1.0000000180025095e-35
decision_type=2 2 2 2 2 2 2 2
left_child=-1 5 3 -3 -4 6 -2 -7
right_child=1 2 4 -5 -6 7 -8 -9
leaf_value=0.0017970274689353327 -4.2157063044693425e-05 -0.00028281901730224494 -0.0036285580643876034 0.0029922784157356041 7.309503532175361e-05 -0.0036912927248825634 0.005007762295337251 -0.00031782663987686591
leaf_weight=10.999999999999998 76 40 10.999999999999998 36 29 11.999999999999998 12.999999999999998 302
leaf_count=11 76 40 11 36 29 12 13 302
internal_value=0 -3.80873e-05 0.000505301 0.00126854 -0.00094486 -0.000194497 0.000695472 -0.000446749
internal_weight=0 519 116 76 40 403 89 314
internal_count=530 519 116 76 40 403 89 314
is_linear=0
shrinkage=0.1


Tree=273
num_leaves=6
num_cat=0
split_feature=87 87 87 87 46
split_gain=0.00330375 0.0068592 0.00457727 0.0196951 0.011342
threshold=0.69203494894347872 0.68989719649497816 0.65067597158102009 0.63510234907380003 5.905358135785149
decision_type=2 2 2 2 2
left_child=1 2 3 -1 -4
right_child=-2 -3 4 -5 -6
leaf_value=3.4421590797137471e-05 0.0017149554671381008 -0.0025068694556301292 0.0037711346564306457 -0.0039137135009066418 7.6974593941807085e-05
leaf_weight=450 10.999999999999998 10.999999999999998 10.999999999999998 12.999999999999998 34
leaf_count=450 11 11 11 13 34
internal_value=0 -3.63478e-05 1.71478e-05 -7.64332e-05 0.000979991
internal_weight=0 519 508 463 45
internal_count=530 519 508 463 45
is_linear=0
shrinkage=0.1


Tree=274
num_leaves=5
num_cat=0
split_feature=70 69 69 60
split_gain=0.00303979 0.0086958 0.0116684 0.0120025
threshold=0.017943753505510068 0.55286540177206422 0.9593767796217848 1.1190232859282376
decision_type=2 2 2 2
left_child=-1 -2 -3 -4
right_child=1 2 3 -5
leaf_value=-0.0014539339945518546 0.0021987246685764858 -0.0025382210102786002 0.0030522489123261318 -2.8293842022387984e-05
leaf_weight=13.999999999999998 18 18 12.999999999999998 467
leaf_count=14 18 18 13 467
internal_value=0 3.94478e-05 -3.85983e-05 5.51375e-05
internal_weight=0 516 498 480
internal_count=530 516 498 480
is_linear=0
shrinkage=0.1


Tree=275
num_leaves=11
num_cat=0
split_feature=23 15 53 100 89 65 103 80 86 89
split_gain=0.00307449 0.0138664 0.0188125 0.0106024 0.0162758 0.00983617 0.0103384 0.0235649 0.00798921 0.00614512
threshold=0.69314718055994573 3.4152368433293397e-18 1.3424540464535542 4.135134555718313 0.5232227682289422 0.65883983373692223 8.8938459461701548e-20 1.3142094657051018 0.68763835309583687 0.12384260260939756
decision_type=2 2 2 2 2 2 2 2 2 2
left_child=1 3 -3 4 -1 -2 7 -7 -8 -4
right_child=5 2 9 -5 -6 6 8 -9 -10 -11
leaf_value=0.00079343477075265081 0.0030692140317775986 -0.0046155629941495137 -0.001939835883677005 0.0028374503383279911 -0.0033197993734994762 0.00014102197795485457 -4.4084005331585061e-05 0.0052579801646061245 -0.0024003144369150204 0.0014166593090825094
leaf_weight=37 10.999999999999998 15.999999999999998 10.000000000000002 13.999999999999998 12.999999999999998 36 354 11.999999999999998 14.999999999999998 11.999999999999998
leaf_count=37 11 16 10 14 13 36 354 12 15 12
internal_value=0 -0.000493367 -0.00200651 0.000405062 -0.000276006 0.000117578 3.97173e-05 0.00142026 -0.000139866 -0.00010902
internal_weight=0 102 38 64 50 428 417 48 369 22
internal_count=530 102 38 64 50 428 417 48 369 22
is_linear=0
shrinkage=0.1


Tree=276
num_leaves=10
num_cat=0
split_feature=89 18 100 89 68 103 20 32 50
split_gain=0.00300116 0.0156178 0.0175064 0.0194447 0.0122721 0.0113556 0.0125252 0.00954975 0.00937791
threshold=0.19942679443578884 4.8471850864775066 2.6735537653587351 0.5232227682289422 2.1842073921524539 6.2536790110310028 3.1567740231385479 2.8029010331479989 8.7862953666151267
decision_type=2 2 2 2 2 2 2 2 2
left_child=4 -2 3 -3 -1 6 -6 -4 -7
right_child=1 2 7 -5 5 8 -8 -9 -10
leaf_value=0.0027957755069320019 -0.0024758643330546636 0.0064370147377485398 0.0012681681347673694 0.00057167889116009564 -0.0012651229331674949 0.0040987356286495916 0.00011568330953860365 -0.00027309701220800688 -4.7688267659395937e-05
leaf_weight=12.999999999999998 19 10.000000000000002 58 12.999999999999998 123 10.000000000000002 141 131 11.999999999999998
leaf_count=13 19 10 58 13 123 10 141 131 12
internal_value=0 0.00027073 0.000516887 0.00312182 -0.000209159 -0.000345747 -0.000527647 0.000199884 0.00183705
internal_weight=0 231 212 23 299 286 264 189 22
internal_count=530 231 212 23 299 286 264 189 22
is_linear=0
shrinkage=0.1


Tree=277
num_leaves=11
num_cat=0
split_feature=65 42 30 34 68 23 103 87 89 101
split_gain=0.00294002 0.0136545 0.0148502 0.0218102 0.0163504 0.0119296 0.012 0.0228474 0.00984343 0.00875428
threshold=2.6108875850678701 8.1318150588007718 7.3465451993519082 7.2754532773251155 3.0957375765766515 0.69314718055994573 8.8938459461701548e-20 0.28380492396454066 0.028591544580249383 2.9174053685313028
decision_type=2 2 2 2 2 2 2 2 2 2
left_child=1 2 3 -1 -4 8 7 -7 -2 -8
right_child=5 -3 4 -5 -6 6 9 -9 -10 -11
leaf_value=0.00015250019843733755 -0.004539578518068247 0.003082855764660053 -0.0048937822184102102 0.0042685449622305374 -0.00048858365043997771 0.00011939763252695019 -0.0012651472730794923 0.0057438855245709429 -0.0005421295670592892 0.00010270550895850369
leaf_weight=160 11.000000000000002 15.999999999999998 10.999999999999998 13.999999999999998 36 26 65 9.9999999999999982 13.999999999999998 167
leaf_count=160 11 16 11 14 36 26 65 10 14 167
internal_value=0 0.000261877 5.76427e-05 0.000483676 -0.00151959 -0.000211825 -1.69387e-05 0.00168176 -0.00230101 -0.000280529
internal_weight=0 237 221 174 47 293 268 36 25 232
internal_count=530 237 221 174 47 293 268 36 25 232
is_linear=0
shrinkage=0.1


Tree=278
num_leaves=8
num_cat=0
split_feature=45 35 18 11 50 39 38
split_gain=0.002938 0.00646798 0.0107595 0.0114013 0.00808062 0.00683047 0.00835061
threshold=5.4160905255636633 5.2652741739841078 8.8031957863788737 4.2835627800822236 8.3814808663765277 5.2094712223428914 8.9933631558035643
decision_type=2 2 2 2 2 2 2
left_child=1 5 3 -3 -4 6 -1
right_child=-2 2 4 -5 -6 -7 -8
leaf_value=8.6925411180563907e-05 0.0016172426784495739 -0.00075354871268455779 0.0019115532972916423 -0.0052448162157088521 -0.0014860544287200487 0.0025446911215443505 -0.0028349620359949769
leaf_weight=447 10.999999999999998 13.000000000000002 14.000000000000002 9.9999999999999982 13.999999999999998 10.999999999999998 9.9999999999999982
leaf_count=447 11 13 14 10 14 11 10
internal_value=0 -3.42768e-05 -0.00110367 -0.00270627 0.000212749 8.22599e-05 2.29891e-05
internal_weight=0 519 51 23 28 468 457
internal_count=530 519 51 23 28 468 457
is_linear=0
shrinkage=0.1


Tree=279
num_leaves=6
num_cat=0
split_feature=85 87 51 50 15
split_gain=0.00295198 0.00428284 0.00448446 0.0109354 0.0100793
threshold=0.68988791877841538 0.69155384640118911 4.1971736807086968 8.104850396881865 3.4811217321331038
decision_type=2 2 2 2 2
left_child=1 2 3 -1 -4
right_child=-2 -3 4 -5 -6
leaf_value=-5.5753318231691303e-05 -0.0012239184426633936 0.001997348447118632 0.0026881681910405561 -0.002521321435587628 0.00015717056626453997
leaf_weight=338 19 10.999999999999998 18 19 125
leaf_count=338 19 11 18 19 125
internal_value=0 4.55077e-05 2.56724e-06 -0.000186974 0.000475758
internal_weight=0 511 500 357 143
internal_count=530 511 500 357 143
is_linear=0
shrinkage=0.1


Tree=280
num_leaves=5
num_cat=0
split_feature=15 53 53 66
split_gain=0.00285137 0.00503603 0.00537611 0.00527897
threshold=6.4800257426481824 4.3975270902102208 3.7867057684125558 3.9415346756528771
decision_type=2 2 2 2
left_child=1 2 3 -1
right_child=-2 -3 -4 -5
leaf_value=0.00014827081083659344 -0.0015932211356068202 0.0022561522759497166 -0.0020173429475667383 -0.00096562189431464735
leaf_weight=449 10.999999999999998 9.9999999999999982 12.999999999999998 47
leaf_count=449 11 10 13 47
internal_value=0 3.37677e-05 -9.89409e-06 4.27205e-05
internal_weight=0 519 509 496
internal_count=530 519 509 496
is_linear=0
shrinkage=0.1


Tree=281
num_leaves=11
num_cat=0
split_feature=5 98 1 42 92 25 22 57 1 68
split_gain=0.00306168 0.018718 0.016197 0.0134375 0.0120995 0.00859143 0.0256506 0.0121414 0.0082366 0.00906401
threshold=3.3842466058243152 3.4175922930736511 3.3842466058243152 8.1786331202027345 3.9802142654322838 3.3140206880897671 8.0871791040414465 1.7673608689550611 3.5114340430413216 4.2321181817396996
decision_type=2 2 2 2 2 2 2 2 2 2
left_child=1 5 3 -2 -3 6 -1 -7 -4 -10
right_child=2 4 8 -5 -6 7 -8 -9 9 -11
leaf_value=4.1702877370603329e-05 5.8405450545251349e-05 -0.00080133657902479159 -0.0025459003139985726 0.004934266813171025 -0.0053076510931449857 0.0033946734072421401 -0.0040840678382664921 0.00015205476795219716 0.0013759197921899614 -0.00034906093279285489
leaf_weight=259 10.000000000000002 13.000000000000002 11.999999999999998 12.999999999999998 10.999999999999998 17 15.999999999999998 36 44 99
leaf_count=259 10 13 12 13 11 17 16 36 44 99
internal_value=0 -0.000170915 0.00033799 0.00281433 -0.00286673 2.63396e-05 -0.000198342 0.00119214 -2.94669e-05 0.000181702
internal_weight=0 352 178 23 24 328 275 53 155 143
internal_count=530 352 178 23 24 328 275 53 155 143
is_linear=0
shrinkage=0.1


Tree=282
num_leaves=7
num_cat=0
split_feature=70 70 31 6 49 65
split_gain=0.00291584 0.00528049 0.0186434 0.00560085 0.0188774 0.00843647
threshold=0.017943753505510068 0.14656291589738457 1.2424533248940006 4.1895399446433013 1.8214596497756478e-17 0.9832343827128488
decision_type=2 2 2 2 2 2
left_child=-1 2 -2 4 -3 -5
right_child=1 3 -4 5 -6 -7
leaf_value=-0.0014239837881177666 0.004516964048062534 0.0014011489169206467 -0.0010767477466847946 0.0022944358410313726 -0.0047433470259420577 -4.1758997948611012e-05
leaf_weight=13.999999999999998 11.000000000000002 10.000000000000002 12.999999999999998 15.999999999999998 9.9999999999999982 456
leaf_count=14 11 10 13 16 10 456
internal_value=0 3.86352e-05 0.00148704 -3.20185e-05 -0.0016711 3.7434e-05
internal_weight=0 516 24 492 20 472
internal_count=530 516 24 492 20 472
is_linear=0
shrinkage=0.1


Tree=283
num_leaves=11
num_cat=0
split_feature=80 100 5 70 48 99 100 40 77 83
split_gain=0.00273974 0.00970045 0.0129856 0.0085722 0.00816844 0.0115757 0.0193108 0.0187168 0.0110163 0.0043391
threshold=0.56423262590889556 5.7557372063514576 4.0942056540395164 4.4900448199969665 4.0689902272260703 1.2424533248940006 4.7140145363037149 4.7094896185437563 5.3008111373035574 0.89064408155537989
decision_type=2 2 2 2 2 2 2 2 2 2
left_child=1 2 3 -1 5 6 -2 -7 -6 -3
right_child=4 9 -4 -5 8 7 -8 -9 -10 -11
leaf_value=-6.4674906579910275e-05 0.0028572145288178166 -0.003766438206657766 0.0029548912375633209 -0.0030376227386295796 0.0038758467966025418 -0.0014933920457808009 -0.0022621079551754519 0.0014464316100202268 -0.00016678957438741166 -0.00082056042505428194
leaf_weight=322 28 10.000000000000002 13.999999999999998 9.9999999999999982 14.000000000000002 67 9.9999999999999982 32 12.999999999999998 9.9999999999999982
leaf_count=322 28 10 14 10 14 67 10 32 13 10
internal_value=0 -0.000152194 -2.84193e-05 -0.000154222 0.000339653 2.63465e-05 0.00151002 -0.000543146 0.00192939 -0.0022935
internal_weight=0 366 346 332 164 137 38 99 27 20
internal_count=530 366 346 332 164 137 38 99 27 20
is_linear=0
shrinkage=0.1


Tree=284
num_leaves=7
num_cat=0
split_feature=38 44 79 38 49 38
split_gain=0.00273849 0.00517926 0.0107777 0.00398759 0.0135117 0.00494571
threshold=10.18815057630662 5.2257322209664565 2.9174053685313028 8.9404231003657895 2.1383330595080285 8.7520247270474645
decision_type=2 2 2 2 2 2
left_child=1 3 -3 5 -5 -1
right_child=-2 2 -4 4 -6 -7
leaf_value=-3.5762813145391184e-05 -0.0014934533392079175 0.0034000923703877972 -0.00096662042662501349 -0.0041731566679663957 0.00010905431325746968 0.0013359546894207597
leaf_weight=429 11.999999999999998 13.000000000000002 9.9999999999999982 9.9999999999999982 28 28
leaf_count=429 12 13 10 10 28 28
internal_value=0 3.45974e-05 0.00150152 -3.35628e-05 -0.00101784 4.82811e-05
internal_weight=0 518 23 495 38 457
internal_count=530 518 23 495 38 457
is_linear=0
shrinkage=0.1


Tree=285
num_leaves=12
num_cat=0
split_feature=5 98 1 98 1 87 65 87 25 22 50
split_gain=0.00271619 0.0148244 0.0128689 0.0117799 0.0099129 0.00701065 0.0142978 0.0104149 0.00684668 0.0203566 0.0111145
threshold=3.3842466058243152 3.4175922930736511 3.3842466058243152 3.3140206880897671 3.4175922930736511 0.40047294585684995 2.9054231271868725 0.48708308045808196 3.3140206880897671 8.0871791040414465 6.4076772022402091
decision_type=2 2 2 2 2 2 2 2 2 2 2
left_child=1 8 3 -2 -3 6 -4 -7 9 -1 -10
right_child=2 4 5 -5 -6 7 -8 -9 10 -11 -12
leaf_value=2.7830344002287562e-05 0.00016190549570389766 -0.004429559912219141 0.0039302308281714262 0.0046924207631188139 -0.00035070763392881918 -0.0036174134478311644 8.7940960800574153e-05 -0.00023053999511131018 0.0034722672866856945 -0.0036476073975791226 0.00018763680351324954
leaf_weight=259 11.000000000000002 13.000000000000002 10.999999999999998 11.999999999999998 10.999999999999998 10.999999999999998 81 52 13.999999999999998 15.999999999999998 39
leaf_count=259 11 13 11 12 11 11 81 52 14 16 39
internal_value=0 -0.000160983 0.000318349 0.00252565 -0.00256009 -9.18626e-06 0.000547345 -0.000821899 1.45607e-05 -0.000186013 0.00105528
internal_weight=0 352 178 23 24 155 92 63 328 275 53
internal_count=530 352 178 23 24 155 92 63 328 275 53
is_linear=0
shrinkage=0.1


Tree=286
num_leaves=11
num_cat=0
split_feature=80 68 9 68 33 13 97 57 48 67
split_gain=0.00256571 0.0083561 0.0158662 0.00913464 0.00835309 0.0078939 0.019101 0.0149041 0.0135753 0.00646168
threshold=0.53397373095073164 4.0585847270890634 3.9019216517693867 4.2697054123208273 2.9174053685313028 1.8214596497756478e-17 2.524928003624769 1.8239285224305608 9.4867690092481657e-19 5.0782890901091458
decision_type=2 2 2 2 2 2 2 2 2 2
left_child=1 2 4 -3 -1 -2 7 -7 -8 -5
right_child=5 3 -4 9 -6 6 8 -9 -10 -11
leaf_value=-0.00037262536122298074 -0.0017939020828634967 -0.0030734253704496144 0.0039994652057066564 0.00065501385845261842 0.00088282697866867558 0.0053670412914540895 -0.0026232864358462396 0.00080856101667450277 0.00041685372661727678 -0.0015744529879437045
leaf_weight=209 15.999999999999998 18 9.9999999999999982 26 71 13.000000000000002 17 15.999999999999998 108 26
leaf_count=209 16 18 10 26 71 13 17 16 108 26
internal_value=0 -0.000151196 8.55057e-05 -0.00113182 -5.42785e-05 0.000320179 0.000539824 0.00285202 3.39466e-06 -0.00045972
internal_weight=0 360 290 70 280 170 154 29 125 52
internal_count=530 360 290 70 280 170 154 29 125 52
is_linear=0
shrinkage=0.1


Tree=287
num_leaves=9
num_cat=0
split_feature=72 50 72 3 19 103 17 103
split_gain=0.00266136 0.00473836 0.00410334 0.00709324 0.0107734 0.00657177 0.0228602 0.00897875
threshold=0.77975360085780265 6.3296954855368641 0.19014861820061882 2.0126758453675753 3.5408542930527882 5.0072908000208587 3.1567740231385479 4.2972622671762819
decision_type=2 2 2 2 2 2 2 2
left_child=2 -2 5 -4 -5 7 -7 -1
right_child=1 -3 3 4 -6 6 -8 -9
leaf_value=0.00014166798196234848 0.0026914667338132849 -0.00015860444816228535 -0.0026083198574391041 0.00088163068169458056 -0.0012444707636649793 0.0035558677683461015 4.2240217766160832e-05 -0.0012242753593806898
leaf_weight=215 10.000000000000002 13.999999999999998 14.999999999999998 44 52 23 95 62
leaf_count=215 10 14 15 44 52 23 95 62
internal_value=0 0.00102893 -4.88028e-05 -0.000585996 -0.000270008 0.000102155 0.0007271 -0.000164067
internal_weight=0 24 506 111 96 395 118 277
internal_count=530 24 506 111 96 395 118 277
is_linear=0
shrinkage=0.1


Tree=288
num_leaves=5
num_cat=0
split_feature=65 38 40 88
split_gain=0.00243924 0.00360574 0.00610986 0.0043938
threshold=5.3344645682746181 9.8400318729391767 5.4204958404047412 0.20457674531703426
decision_type=2 2 2 2
left_child=1 2 3 -1
right_child=-2 -3 -4 -5
leaf_value=-0.00029721630819391038 0.0015470034116879107 -0.0018210079732605003 0.0024563724629115317 0.00030235501512706667
leaf_weight=285 9.9999999999999982 10.999999999999998 9.9999999999999982 214
leaf_count=285 10 11 10 214
internal_value=0 -2.97501e-05 8.96081e-06 -4.00855e-05
internal_weight=0 520 509 499
internal_count=530 520 509 499
is_linear=0
shrinkage=0.1


Tree=289
num_leaves=11
num_cat=0
split_feature=5 5 98 102 11 98 92 21 21 28
split_gain=0.00237491 0.0117844 0.0112456 0.0105152 0.00911401 0.01234 0.00861485 0.00577269 0.0110938 0.00715494
threshold=3.3842466058243152 3.5114340430413216 3.4175922930736511 4.3241107269113215 3.6762205501217919 3.8176519431297078 3.9802142654322838 3.5694334999727624 3.4175922930736511 4.6867395546766826
decision_type=2 2 2 2 2 2 2 2 2 2
left_child=2 3 7 -2 -3 -6 -4 8 -1 -9
right_child=1 4 6 -5 5 -7 -8 9 -10 -11
leaf_value=-1.8001248703882792e-06 0.0046342838005247423 0.002895746841095388 -0.00049729510568655448 0.00043334015376436023 -0.0018004860991700175 0.00031809935620420168 -0.00429972829297185 0.0035410584462806575 -0.0033885258634109051 -1.6854019654252067e-05
leaf_weight=295 11.000000000000002 9.9999999999999982 13.000000000000002 12.999999999999998 37 107 10.999999999999998 10.000000000000002 9.9999999999999982 12.999999999999998
leaf_count=295 11 10 13 13 37 107 11 10 10 13
internal_value=0 0.000297678 -0.00015053 0.00235877 -2.35317e-05 -0.000226259 -0.00224008 2.36337e-06 -0.00011284 0.00153006
internal_weight=0 178 352 24 154 144 24 328 305 23
internal_count=530 178 352 24 154 144 24 328 305 23
is_linear=0
shrinkage=0.1


Tree=290
num_leaves=5
num_cat=0
split_feature=26 13 9 5
split_gain=0.00243983 0.00495536 0.00507099 0.00579332
threshold=10.18815057630662 5.3028591759145582 4.9765196656826882 4.7621374077860157
decision_type=2 2 2 2
left_child=1 2 3 -1
right_child=-2 -3 -4 -5
leaf_value=1.7273525307471047e-05 0.0014096643930921952 -0.0021324674810536885 0.002136571527543393 -0.0023035245778208428
leaf_weight=485 11.999999999999998 10.999999999999998 10.999999999999998 10.999999999999998
leaf_count=485 12 11 11 11
internal_value=0 -3.26563e-05 1.29017e-05 -3.41958e-05
internal_weight=0 518 507 496
internal_count=530 518 507 496
is_linear=0
shrinkage=0.1


Tree=291
num_leaves=10
num_cat=0
split_feature=33 39 84 15 88 25 92 57 1
split_gain=0.00236667 0.0198222 0.0121949 0.0118466 0.0163973 0.0106408 0.012491 0.0107641 0.00868074
threshold=2.8029010331479989 4.2972622671762819 0.42550853624686075 2.9174053685313033 1.0000000180025095e-35 3.2384861814448418 3.9133219133416257 1.7673608689550611 4.0517471391904856
decision_type=2 2 2 2 2 2 2 2 2
left_child=1 2 8 4 -2 6 -5 -7 -1
right_child=3 -3 -4 5 -6 7 -8 -9 -10
leaf_value=-0.00035078768586535515 -0.00036101745688082543 -0.0045825332973618059 0.0032135346904397012 -0.0043077777055176821 0.0039139795803317902 0.0022332490630506074 -0.00051277721437012285 2.018454160861438e-06 0.0021351635642349719
leaf_weight=221 17 9.9999999999999982 10.999999999999998 10.999999999999998 19 25 41 160 14.999999999999998
leaf_count=221 17 10 11 11 19 25 41 160 15
internal_value=0 -0.000217794 -4.1084e-05 0.00020503 0.00189523 -5.17099e-05 -0.00131557 0.000303536 -0.000192782
internal_weight=0 257 247 273 36 237 52 185 236
internal_count=530 257 247 273 36 237 52 185 236
is_linear=0
shrinkage=0.1


Tree=292
num_leaves=8
num_cat=0
split_feature=75 50 49 73 65 17 14
split_gain=0.00232162 0.0066328 0.00538624 0.00576972 0.00490466 0.00589569 0.00516968
threshold=3.4498615536424366 9.2721573370693324 4.4425820475484112 3.1567740231385479 3.0831455273976802 3.4175922930736511 8.3738927694878331
decision_type=2 2 2 2 2 2 2
left_child=1 2 3 -1 -2 -6 -7
right_child=4 -3 -4 -5 5 6 -8
leaf_value=1.8844231976107836e-05 -0.0022106380783952773 0.0025076751639558515 -0.002163339346456765 0.0023383962985297495 0.0013728399230684672 -0.0027759030042216184 -0.00012713177379087678
leaf_weight=427 13.999999999999998 10.999999999999998 10.999999999999998 10.999999999999998 18 9.9999999999999982 28
leaf_count=427 14 11 11 11 18 10 28
internal_value=0 8.16447e-05 2.22096e-05 7.70978e-05 -0.000536522 -0.000117993 -0.000824177
internal_weight=0 460 449 438 70 56 38
internal_count=530 460 449 438 70 56 38
is_linear=0
shrinkage=0.1


Tree=293
num_leaves=9
num_cat=0
split_feature=89 25 1 2 29 61 18 8
split_gain=0.00227065 0.00324497 0.0112411 0.0155439 0.0100264 0.0174347 0.0134832 0.00519698
threshold=0.69137804216400778 1.2424533248940006 1.8688348091416844 1.0000000180025095e-35 1.8688348091416844 2.1158171178773775 5.5154246272451131 2.9174053685313028
decision_type=2 2 2 2 2 2 2 2
left_child=1 2 3 -1 5 -3 -6 -4
right_child=-2 4 7 -5 6 -7 -8 -9
leaf_value=-0.00055711994393040304 0.0014925836771726608 -0.0030785749202738681 0.00010143094818646973 0.0028739650275618322 0.0036628035083413127 0.00056510850166281061 -5.8303225301946655e-05 -0.002493357833904716
leaf_weight=23 9.9999999999999982 29 19 31 9.9999999999999982 24 371 12.999999999999998
leaf_count=23 10 29 19 31 10 24 371 13
internal_value=0 -2.87035e-05 0.000532473 0.00141258 -0.000139904 -0.00142861 3.93636e-05 -0.000952702
internal_weight=0 520 86 54 434 53 381 32
internal_count=530 520 86 54 434 53 381 32
is_linear=0
shrinkage=0.1


Tree=294
num_leaves=10
num_cat=0
split_feature=2 27 27 92 30 6 9 68 8
split_gain=0.00217265 0.0131327 0.0240629 0.0131559 0.0113606 0.00623357 0.00922497 0.00662773 0.00759393
threshold=5.6039197429949557 1.0000000180025095e-35 1.4978661367769959 4.0089990976671759 5.5702057285008761 5.7120799114421201 2.1383330595080285 2.5415791858183838 1.8688348091416842
decision_type=2 2 2 2 2 2 2 2 2
left_child=1 3 -3 -1 -4 6 -2 -7 -9
right_child=5 2 4 -5 -6 7 -8 8 -10
leaf_value=0.0040853868267731732 -0.0036096486175665621 -0.0048442734638229016 0.002802631536809107 -0.00053828435949981217 -0.00080063203793196466 0.0025510842632502318 0.0003114407416433096 -0.0012817207125287193 9.2290961052486764e-05
leaf_weight=16.000000000000004 12.000000000000002 9.9999999999999982 14.999999999999998 9.9999999999999982 21 9.9999999999999982 11.999999999999998 45 379
leaf_count=16 12 10 15 10 21 10 12 45 379
internal_value=0 0.00051065 -0.000504707 0.00230705 0.000700728 -8.02769e-05 -0.0016491 6.47854e-06 -5.35357e-05
internal_weight=0 72 46 26 36 458 24 434 424
internal_count=530 72 46 26 36 458 24 434 424
is_linear=0
shrinkage=0.1


Tree=295
num_leaves=6
num_cat=0
split_feature=70 70 31 96 100
split_gain=0.0021994 0.00544706 0.0138098 0.00518758 0.00503493
threshold=0.017943753505510068 0.14656291589738457 1.2424533248940006 4.330646767694998 2.6735537653587351
decision_type=2 2 2 2 2
left_child=-1 2 -2 -3 -5
right_child=1 3 -4 4 -6
leaf_value=-0.0012367302185988852 0.0041123563921163691 -0.0018693097595435877 -0.00070191915863408499 0.00080940633037033085 -0.00011423072141773376
leaf_weight=13.999999999999998 11.000000000000002 14.999999999999998 12.999999999999998 69 408
leaf_count=14 11 15 13 69 408
internal_value=0 3.35547e-05 0.00150462 -3.82048e-05 1.93772e-05
internal_weight=0 516 24 492 477
internal_count=530 516 24 492 477
is_linear=0
shrinkage=0.1


Tree=296
num_leaves=10
num_cat=0
split_feature=33 96 2 39 24 57 86 31 89
split_gain=0.00224892 0.0145751 0.011852 0.0109087 0.00814121 0.00809806 0.00763852 0.00669459 0.00799765
threshold=2.249904835165133 5.5391444897808926 5.4227230155794315 3.2769667020129059 0.34657359027997359 0.67163091077141346 0.68912032444790206 2.9700856263602162 0.68109648544735568
decision_type=2 2 2 2 2 2 2 2 2
left_child=3 2 -2 7 -3 -5 -6 8 -1
right_child=1 4 -4 5 6 -7 -8 -9 -10
leaf_value=9.0102289220360855e-06 0.00020993705373257394 -0.0023752091140652608 0.004966674698516727 -0.0044755931850522747 0.00018677480751002327 -0.00062248501150558402 -0.0023855198383292493 0.0020129163128634292 -0.0027983187909492039
leaf_weight=131 10.000000000000002 13.999999999999998 10.999999999999998 10.000000000000002 304 11.999999999999998 11.999999999999998 14.999999999999998 10.999999999999998
leaf_count=131 10 14 11 10 304 12 12 15 11
internal_value=0 0.000147103 0.00270156 -0.000288453 -1.54534e-05 -0.0023739 8.90927e-05 3.77438e-06 -0.000208459
internal_weight=0 351 21 179 330 22 316 157 142
internal_count=530 351 21 179 330 22 316 157 142
is_linear=0
shrinkage=0.1


Tree=297
num_leaves=12
num_cat=0
split_feature=86 84 53 1 49 103 44 21 101 50 29
split_gain=0.0022612 0.00926492 0.00777267 0.0115747 0.00397544 0.00977946 0.0143361 0.0105886 0.00891111 0.0137102 0.00728491
threshold=0.59222352234340792 0.66189159527531716 2.5929905588627791 3.0677824455408698 1.700598690831078 3.6762205501217919 1.8688348091416842 1.700598690831078 0.89587973461402726 4.1895399446433013 3.1132683346437333
decision_type=2 2 2 2 2 2 2 2 2 2 2
left_child=4 2 3 -2 8 6 -6 -7 10 -10 -1
right_child=1 -3 -4 -5 5 7 -8 -9 9 -11 -12
leaf_value=0.0018175921918071334 0.0003997099179398726 0.0033108209236525003 0.0019816152964873862 -0.0023963607734003747 -0.00011662927113081281 0.0023294472527696699 -0.0030986938679624081 -0.00020019286434256995 -0.0019409538687796158 0.00074260836415131518 -0.0011547612491995096
leaf_weight=47 57 9.9999999999999982 18 20 38 18 28 205 32 47 9.9999999999999982
leaf_count=47 57 10 18 20 38 18 28 205 32 47 10
internal_value=0 0.000415557 0.000110793 -0.000326542 -0.000102667 -0.000312473 -0.00138175 3.99333e-06 0.000343171 -0.000344404 0.00129613
internal_weight=0 105 95 77 425 289 66 223 136 79 57
internal_count=530 105 95 77 425 289 66 223 136 79 57
is_linear=0
shrinkage=0.1


Tree=298
num_leaves=10
num_cat=0
split_feature=33 39 43 15 88 25 33 23 92
split_gain=0.00223079 0.0149888 0.00936494 0.00906458 0.0119056 0.00870443 0.0110175 0.00900249 0.00741528
threshold=2.8029010331479989 4.2972622671762819 4.1971736807086968 2.9174053685313033 1.0000000180025095e-35 3.2384861814448418 3.5114340430413216 4.1971736807086968 4.0360489872699299
decision_type=2 2 2 2 2 2 2 2 2
left_child=1 2 8 4 -2 6 -5 -7 -1
right_child=3 -3 -4 5 -6 7 -8 -9 -10
leaf_value=-2.9652769698167581e-05 -0.00024500560727627843 -0.004006911793258041 0.0027943056584759196 -0.0020521217694031771 0.0033977057613236343 0.0021025476458210808 0.0012294851114607551 2.6445999461000569e-05 -0.0021414650397168266
leaf_weight=218 17 9.9999999999999982 10.999999999999998 38 19 24 13.999999999999998 161 18
leaf_count=218 17 10 11 38 19 24 14 161 18
internal_value=0 -0.000211449 -5.77867e-05 0.000199057 0.00167754 -2.55227e-05 -0.00116861 0.000295778 -0.000190723
internal_weight=0 257 247 273 36 237 52 185 236
internal_count=530 257 247 273 36 237 52 185 236
is_linear=0
shrinkage=0.1


Tree=299
num_leaves=12
num_cat=0
split_feature=44 30 34 14 44 44 42 103 36 67 99
split_gain=0.00216572 0.0119278 0.0131234 0.013047 0.00920864 0.00542294 0.0145725 0.00959248 0.00815934 0.0117028 0.00937958
threshold=3.2384861814448418 7.4914760745935558 7.699812767097904 5.9518752981694396 3.4175922930736511 1.8688348091416842 5.7667560492893086 4.4187680230537838 9.4867690092481657e-19 2.191013317336941 1.7005986908310777
decision_type=2 2 2 2 2 2 2 2 2 2 2
left_child=5 3 -3 -2 -4 8 -7 -8 10 -10 -1
right_child=1 2 4 -5 -6 6 7 -9 9 -11 -12
leaf_value=-0.0017138439117531691 -0.00033395527196781978 -0.0030180088111332487 0.0029603308405388488 0.0036892459384704891 -1.0756819068378134e-05 -0.0038460176975394673 0.00062134792970027777 -0.0012135416015647434 0.0033304720884189012 0.00029193212232384524 0.00067478527968388902
leaf_weight=35 13.999999999999998 13.999999999999998 10.999999999999998 19 202 12.999999999999998 56 58 15.999999999999998 61 31
leaf_count=35 14 14 11 19 202 13 56 58 16 61 31
internal_value=0 0.000205996 -5.22527e-05 0.00198243 0.00014268 -0.000198366 -0.000673923 -0.000312192 0.000223981 0.000923317 -0.000591912
internal_weight=0 260 227 33 213 270 127 114 143 77 66
internal_count=530 260 227 33 213 270 127 114 143 77 66
is_linear=0
shrinkage=0.1


Tree=300
num_leaves=13
num_cat=0
split_feature=103 32 27 36 36 44 103 61 61 44 43 84
split_gain=0.00218606 0.00823862 0.0127086 0.0102158 0.0110157 0.0081754 0.00705796 0.0115898 0.00919961 0.00866783 0.0130343 0.00946183
threshold=5.1179758838799021 2.8029010331479989 2.8029010331479989 3.3842466058243152 3.795426061844291 3.1132683346437333 4.330646767694998 3.6574651107011111 3.0099832101002968 2.740319461670996 2.602003343538398 0.61548082329351927
decision_type=2 2 2 2 2 2 2 2 2 2 2 2
left_child=6 2 -2 5 -5 -3 7 8 -1 10 -8 -11
right_child=1 3 -4 4 -6 -7 9 -9 -10 11 -12 -13
leaf_value=0.00020274649318189752 -0.00011576999366904296 -0.00049719889066182079 0.0041560218687384173 0.0025768152216915042 -5.3801387548446658e-05 -0.0039456021855585281 -0.00070269949432900719 0.003468247135169804 -0.0017139547155238688 0.00053462045313047366 -0.0052525980491191157 -0.0019406556010084309
leaf_weight=237 15.000000000000002 22 12.999999999999998 20 78 9.9999999999999982 17.000000000000004 9.9999999999999982 28 47 9.9999999999999982 23
leaf_count=237 15 22 13 20 78 10 17 10 28 47 10 23
internal_value=0 0.000311627 0.00186756 -2.34969e-05 0.000483059 -0.00157482 -0.000132358 0.000126337 2.2712e-07 -0.000865771 -0.00238785 -0.000278685
internal_weight=0 158 28 130 98 32 372 275 265 97 27 70
internal_count=530 158 28 130 98 32 372 275 265 97 27 70
is_linear=0
shrinkage=0.1


Tree=301
num_leaves=10
num_cat=0
split_feature=33 33 39 57 96 20 45 41 99
split_gain=0.0022681 0.0111941 0.00852899 0.00611849 0.00597983 0.00937473 0.00576159 0.0136677 0.0135248
threshold=2.249904835165133 2.3502401828962087 3.2769667020129059 0.67163091077141346 5.4616545636185885 9.4867690092481657e-19 1.700598690831078 1.700598690831078 1.1858461261560207e-19
decision_type=2 2 2 2 2 2 2 2 2
left_child=2 -2 6 -4 -3 -6 8 -8 -1
right_child=1 4 3 -5 5 -7 7 -9 -10
leaf_value=-0.0032609019273271166 0.0030272980605681931 0.002140057169330808 -0.0039605251746252165 -0.00061131057445891208 -0.0030614922940731051 4.8546885862754333e-05 0.0029594885712293417 -0.00031129868420509579 -1.0487178639907921e-06
leaf_weight=14.999999999999998 12.999999999999998 12.999999999999998 10.000000000000002 11.999999999999998 9.9999999999999982 315 19 39 84
leaf_count=15 13 13 10 12 10 315 19 39 84
internal_value=0 0.000147729 -0.000289681 -0.00213368 3.69766e-05 -4.71466e-05 -3.12865e-05 0.000760166 -0.000494966
internal_weight=0 351 179 22 338 325 157 58 99
internal_count=530 351 179 22 338 325 157 58 99
is_linear=0
shrinkage=0.1


Tree=302
num_leaves=14
num_cat=0
split_feature=46 46 50 49 44 15 37 75 103 98 17 49 49
split_gain=0.00209591 0.00747739 0.0124569 0.0140622 0.00673141 0.0123331 0.0124142 0.00603298 0.0102421 0.00584895 0.00860578 0.00715922 0.00555161
threshold=6.4264832207863298 6.9804734028789186 8.0591145210306667 2.0126758453675753 1.8688348091416842 2.3502401828962087 2.1383330595080285 2.1383330595080285 5.1873702005911486 1.0000000180025095e-35 2.3502401828962087 2.4414009612931857 4.1971736807086968
decision_type=2 2 2 2 2 2 2 2 2 2 2 2 2
left_child=4 2 3 -2 9 -6 -7 8 -3 11 -11 -1 -9
right_child=1 7 -4 -5 5 6 -8 12 -10 10 -12 -13 -14
leaf_value=-0.00061138590041082336 0.0022826263157185163 -0.00016162339737520041 0.0038143285550177098 -0.0019792547853042684 0.0012852426492967286 -0.0049170662338534994 -0.00088510969792315289 -0.00023630405181741462 0.0013315494238243749 -0.0011143979762553 0.00088892319189334238 0.0028428912727395074 -0.0021323351968970637
leaf_weight=10.000000000000002 16.000000000000004 196 13.999999999999998 14.999999999999998 12.999999999999998 11.999999999999998 21 47 60 51 37 14.999999999999998 23
leaf_count=10 16 196 14 15 13 12 21 47 60 51 37 15 23
internal_value=0 0.000130185 0.00133853 0.000220426 -0.000303765 -0.00132356 -0.00235128 -3.66111e-05 0.000188339 0.000111375 -0.000272092 0.00146118 -0.000859286
internal_weight=0 371 45 31 159 46 33 326 256 113 88 25 70
internal_count=530 371 45 31 159 46 33 326 256 113 88 25 70
is_linear=0
shrinkage=0.1


Tree=303
num_leaves=6
num_cat=0
split_feature=38 40 38 49 32
split_gain=0.00212816 0.00473277 0.00291736 0.00943971 0.00831053
threshold=9.8400318729391767 5.4204958404047412 8.9808621585217967 2.1383330595080285 4.867504863781412
decision_type=2 2 2 2 2
left_child=1 2 4 -4 -1
right_child=-2 -3 3 -5 -6
leaf_value=-1.80732091288689e-05 -0.0012165353134540576 0.0021873170277103781 -0.003177032226813026 0.00015785828842942057 0.0023012308782199399
leaf_weight=449 13.999999999999998 9.9999999999999982 11.999999999999998 29 15.999999999999998
leaf_count=449 14 10 12 29 16
internal_value=0 3.30068e-05 -9.56852e-06 -0.000818207 6.17308e-05
internal_weight=0 516 506 41 465
internal_count=530 516 506 41 465
is_linear=0
shrinkage=0.1


Tree=304
num_leaves=6
num_cat=0
split_feature=15 53 30 36 25
split_gain=0.00211413 0.00345184 0.00330839 0.0117913 0.00628971
threshold=6.4800257426481824 4.3975270902102208 8.9683302942775107 4.9451504953659766 4.3241107269113215
decision_type=2 2 2 2 2
left_child=1 2 3 -1 -4
right_child=-2 -3 4 -5 -6
leaf_value=6.6392372497431179e-06 -0.001371876984326677 0.0018690026091644542 -0.002002183693137182 0.0034791096160188316 0.00013897670432925225
leaf_weight=442 10.999999999999998 9.9999999999999982 23 9.9999999999999982 34
leaf_count=442 11 10 23 10 34
internal_value=0 2.90764e-05 -7.07147e-06 8.34638e-05 -0.000725
internal_weight=0 519 509 452 57
internal_count=530 519 509 452 57
is_linear=0
shrinkage=0.1


Tree=305
num_leaves=7
num_cat=0
split_feature=77 66 101 17 16 96
split_gain=0.00198247 0.00562562 0.00378448 0.00402539 0.00632502 0.00463405
threshold=5.1901713283654836 2.4414009612931857 5.1900782098253133 4.5591125415341898 4.4367340276668159 8.8684732016442744
decision_type=2 2 2 2 2 2
left_child=2 -2 3 4 -1 -5
right_child=1 -3 -4 5 -6 -7
leaf_value=-4.29334546878465e-05 0.00064297024315843965 -0.0024190619277457397 0.0018766894343901766 7.6189568704541984e-06 0.0012303198806854875 -0.0024491983667498324
leaf_weight=421 12.000000000000002 11.999999999999998 10.999999999999998 17.000000000000004 43 13.999999999999998
leaf_count=421 12 12 11 17 43 14
internal_value=0 -0.000888046 4.21207e-05 1.35256e-06 7.5062e-05 -0.00110191
internal_weight=0 24 506 495 464 31
internal_count=530 24 506 495 464 31
is_linear=0
shrinkage=0.1


Tree=306
num_leaves=10
num_cat=0
split_feature=86 84 18 22 96 10 35 10 23
split_gain=0.00201873 0.00697627 0.00622294 0.009414 0.00334141 0.00743358 0.0199405 0.00686911 0.00594013
threshold=0.59222352234340792 0.66189159527531716 5.6732701237373151 6.8007253126915543 4.330646767694998 5.4227230155794315 3.4152368433293397e-18 5.7364422077165234 1.4571677198205182e-16
decision_type=2 2 2 2 2 2 2 2 2
left_child=4 2 -2 -4 8 6 -6 -7 -1
right_child=1 -3 3 -5 5 7 -8 -9 -10
leaf_value=9.8949558256814871e-05 -0.0022314488142728805 0.0029049876937642695 0.0021336577367037537 -0.00023518855201884082 -0.000847312945552403 -0.0017822639560714987 0.0044254100738236541 -3.2790796595727867e-05 -0.002960494763895192
leaf_weight=15.000000000000002 9.9999999999999982 9.9999999999999982 23 62 16.000000000000004 24 12.999999999999998 346 10.999999999999998
leaf_count=15 10 10 23 62 16 24 13 346 11
internal_value=0 0.000392646 0.000128189 0.000405793 -9.70066e-05 -2.54301e-05 0.00151632 -0.00014627 -0.00119543
internal_weight=0 105 95 85 425 399 29 370 26
internal_count=530 105 95 85 425 399 29 370 26
is_linear=0
shrinkage=0.1


Tree=307
num_leaves=12
num_cat=0
split_feature=25 49 73 23 100 96 2 103 80 103 49
split_gain=0.00199235 0.0120583 0.0103397 0.0077673 0.0108393 0.0100796 0.00633354 0.00530403 0.0188325 0.00636109 0.00267836
threshold=2.8102520310824275e-16 2.6735537653587347 1.7917594692280556 0.34657359027997314 4.166635176627655 5.6489184425466847 1.0000000180025095e-35 8.8938459461701548e-20 1.3142094657051018 2.8314802400679735 1.2424533248940006
decision_type=2 2 2 2 2 2 2 2 2 2 2
left_child=1 2 6 4 5 -2 -1 8 -5 -9 -4
right_child=3 -3 10 7 -6 -7 -8 9 -10 -11 -12
leaf_value=0.00054804057124004308 -0.0047877648825912413 -0.0026932172384113075 -0.0015124039670739034 1.4385908358044138e-05 0.0010108030401170254 -0.00048901374568231402 0.0033212555426871404 -0.0016608352326632787 0.004891722090542317 2.0871554666709979e-05 0.00066443726652323678
leaf_weight=13.999999999999998 12.000000000000002 9.9999999999999982 13.000000000000002 38 10.999999999999998 9.9999999999999982 20 24 9.9999999999999982 358 9.9999999999999982
leaf_count=14 12 10 13 38 11 10 20 24 10 358 10
internal_value=0 0.000509681 0.00107159 -7.37551e-05 -0.00155226 -0.00283379 0.00217934 3.97113e-05 0.0010305 -8.47854e-05 -0.000565951
internal_weight=0 67 57 463 33 22 34 430 48 382 23
internal_count=530 67 57 463 33 22 34 430 48 382 23
is_linear=0
shrinkage=0.1


Tree=308
num_leaves=9
num_cat=0
split_feature=35 32 35 48 35 38 35 85
split_gain=0.00199758 0.00702361 0.00513628 0.00466273 0.00394653 0.00889671 0.00600376 0.00307112
threshold=5.2522597220941352 4.867504863781412 5.4636881475041514 3.6505739029280169 4.8081027000528378 8.6980845797772144 4.9662804000109189 0.12384260260940112
decision_type=2 2 2 2 2 2 2 2
left_child=1 4 -2 7 5 -1 -6 -4
right_child=2 -3 3 -5 6 -7 -8 -9
leaf_value=7.327047416195045e-06 -0.0021422148495912553 0.0020093234605155887 -0.0002562795858830214 -0.0015809108420009061 0.0025890257841508298 -0.0025564300145820848 -0.00053289117482067515 0.0016024856508010999
leaf_weight=408 14.999999999999998 18 20 13.999999999999998 14.000000000000002 13.999999999999998 10.999999999999998 15.999999999999998
leaf_count=408 15 18 20 14 14 14 11 16
internal_value=0 7.25845e-05 -0.000519258 -3.23715e-05 -5.40498e-06 -7.77265e-05 0.00121538 0.000569838
internal_weight=0 465 65 50 447 422 25 36
internal_count=530 465 65 50 447 422 25 36
is_linear=0
shrinkage=0.1


Tree=309
num_leaves=10
num_cat=0
split_feature=27 86 59 0 9 12 5 37 104
split_gain=0.00195244 0.00972221 0.0141121 0.0187285 0.00836938 0.0124755 0.00644558 0.00520723 0.00370284
threshold=0.34657359027997314 0.66735886407368927 9.4867690092481657e-19 1.162264728904461e-16 1.2424533248940006 1.4978661367769959 1.2424533248940006 1.2424533248940006 5.2041704279304219e-17
decision_type=2 2 2 2 2 2 2 2 2
left_child=1 2 -1 -4 5 8 -6 -8 -2
right_child=4 -3 3 -5 6 -7 7 -9 -10
leaf_value=-0.003137781240123635 -0.0013528567146171219 0.0030742102642155565 0.0039915650921802113 -0.00024402276085654521 0.0019453849684556619 -0.0040285134276088616 -0.001538231933690523 4.5690040031093686e-05 0.0013059122167760507
leaf_weight=11.999999999999998 11.000000000000002 11.999999999999998 12.999999999999998 53 17 12.999999999999998 22 367 9.9999999999999982
leaf_count=12 11 12 13 53 17 13 22 367 10
internal_value=0 0.000424381 1.67149e-05 0.00059026 -8.68052e-05 -0.00159391 3.94056e-05 -4.38891e-05 -8.67763e-05
internal_weight=0 90 78 66 440 34 406 389 21
internal_count=530 90 78 66 440 34 406 389 21
is_linear=0
shrinkage=0.1


Tree=310
num_leaves=9
num_cat=0
split_feature=15 98 99 49 39 86 103 60
split_gain=0.00179047 0.00313072 0.00509937 0.00475726 0.00597898 0.00419006 0.00397187 0.00278201
threshold=6.4800257426481824 4.4484992763719129 3.8815106545092593 3.9607678160667752 3.7726948748059121 0.21304472531485918 6.210592012573561 5.4110527870846878
decision_type=2 2 2 2 2 2 2 2
left_child=1 2 6 4 -3 -4 -1 -5
right_child=-2 3 5 7 -6 -7 -8 -9
leaf_value=-2.3372325094051389e-05 -0.0012625029437582603 -8.1894006580114341e-05 -0.00027581010478267362 -0.0014824690669775005 0.0031196186485301174 -0.0030474128061905507 0.001900387769141658 0.00082211671820418396
leaf_weight=441 10.999999999999998 10.000000000000002 12.000000000000002 10.000000000000002 13.999999999999998 9.9999999999999982 10.999999999999998 10.999999999999998
leaf_count=441 11 10 12 10 14 10 11 11
internal_value=0 2.67583e-05 -4.89173e-05 0.000823874 0.00178566 -0.00153563 2.34448e-05 -0.000275305
internal_weight=0 519 474 45 24 22 452 21
internal_count=530 519 474 45 24 22 452 21
is_linear=0
shrinkage=0.1


Tree=311
num_leaves=5
num_cat=0
split_feature=23 19 87 98
split_gain=0.00179204 0.0055834 0.00247247 0.00321024
threshold=6.4800257426481824 6.1125453256829685 0.69203494894347872 4.4484992763719129
decision_type=2 2 2 2
left_child=1 2 3 -1
right_child=-2 -3 -4 -5
leaf_value=-8.687259934863892e-05 0.0012630568923089993 -0.0023668171465396886 0.0015760896541178228 0.00084720435086637735
leaf_weight=459 10.999999999999998 9.9999999999999982 9.9999999999999982 40
leaf_count=459 11 10 10 40
internal_value=0 -2.677e-05 1.92034e-05 -1.19967e-05
internal_weight=0 519 509 499
internal_count=530 519 509 499
is_linear=0
shrinkage=0.1


Tree=312
num_leaves=11
num_cat=0
split_feature=53 99 57 23 28 53 60 52 44 65
split_gain=0.00177679 0.0110214 0.012106 0.00693811 0.0161999 0.005866 0.010617 0.00429667 0.0134233 0.00656747
threshold=3.7252907286733369e-09 1.1858461261560207e-19 0.79113330590631492 2.4414009612931857 7.5894152073985326e-18 0.53479999673956613 1.4614127513729518 1.3195286648076296 1.700598690831078 1.3541576052534949
decision_type=2 2 2 2 2 2 2 2 2 2
left_child=1 3 -3 4 -1 6 -2 8 -7 -9
right_child=5 2 -4 -5 -6 7 -8 9 -10 -11
leaf_value=-0.0022187607770320027 0.0005561308003962038 0.0040766886003049353 5.0109509174944833e-05 -0.0027347364505244929 0.0022900408137288383 -0.001463759580457752 -0.0040518992766737944 -0.0023819306651906421 0.0030741405629669317 -7.5040535084005561e-06
leaf_weight=14.999999999999998 10.000000000000002 14.000000000000002 15.999999999999998 10.999999999999998 17 11.000000000000002 9.9999999999999982 11.999999999999998 15.999999999999998 398
leaf_count=15 10 14 16 11 17 11 10 12 16 398
internal_value=0 0.000458117 0.00192918 -0.000568205 0.00017654 -7.31785e-05 -0.00174788 3.46708e-06 0.00122537 -7.69995e-05
internal_weight=0 73 30 43 32 457 20 437 27 410
internal_count=530 73 30 43 32 457 20 437 27 410
is_linear=0
shrinkage=0.1


Tree=313
num_leaves=12
num_cat=0
split_feature=86 84 53 104 49 97 52 101 99 44 101
split_gain=0.00160907 0.00547554 0.00523363 0.00878631 0.00300839 0.00759662 0.00727946 0.00636068 0.00965856 0.00486972 0.00464397
threshold=0.59222352234340792 0.66189159527531716 2.5929905588627791 3.5114340430413216 1.700598690831078 1.7917594692280556 2.7567143730824912 0.89587973461402726 2.9700856263602162 1.8688348091416842 3.4972025275692372e-15
decision_type=2 2 2 2 2 2 2 2 2 2 2
left_child=4 2 3 -2 7 6 -6 10 -9 -7 -1
right_child=1 -3 -4 -5 5 9 -8 8 -10 -11 -12
leaf_value=0.00068999990062946657 0.00019348894945296432 0.0025763213180471211 0.0016514002334184223 -0.0028591839300299237 -0.0027473197337134149 0.00070324449038404663 0.00040332060403174686 -0.000700610994375682 0.0026247996836900713 -0.00032635503957120521 0.0030631929356604816
leaf_weight=47 66 9.9999999999999982 18 10.999999999999998 22 60 10.999999999999998 69 9.9999999999999982 196 9.9999999999999982
leaf_count=47 66 10 18 11 22 60 11 69 10 196 10
internal_value=0 0.000350549 0.000116257 -0.000242607 -8.66063e-05 -0.000269119 -0.00169711 0.000301234 -0.000279673 -8.50426e-05 0.00110635
internal_weight=0 105 95 77 425 289 33 136 79 256 57
internal_count=530 105 95 77 425 289 33 136 79 256 57
is_linear=0
shrinkage=0.1


Tree=314
num_leaves=12
num_cat=0
split_feature=72 72 86 87 72 16 102 8 60 51 72
split_gain=0.00179256 0.00488547 0.00498534 0.00838789 0.00474205 0.00673885 0.00871377 0.00515243 0.00413529 0.00409973 0.00300285
threshold=0.19014861820061882 0.1597506537947983 0.67986905584219193 0.053353963967756303 0.26691610218109446 3.1984648276080736 4.1190041246092024 2.6735537653587347 3.8436237564032021e-18 2.9174053685313033 0.23941685434700383
decision_type=2 2 2 2 2 2 2 2 2 2 2
left_child=1 2 8 -4 9 7 -7 -6 -1 -2 -11
right_child=4 -3 3 -5 5 6 -8 -9 -10 10 -12
leaf_value=-0.0017439306281240925 -0.0030276323552243414 0.001765864545150715 0.0032880815774357559 -0.00053490885078314354 -0.00010637739885782519 -0.0033052169160024875 0.00017364194532597645 0.0016561630281136819 9.6498262509293972e-06 0.00050883483684932183 -0.0016848510704361476
leaf_weight=13.999999999999998 9.9999999999999982 17 12.000000000000002 10.999999999999998 43 12.000000000000002 18 27 341 12.000000000000002 12.999999999999998
leaf_count=14 10 17 12 11 43 12 18 27 341 12 13
internal_value=0 0.000107515 3.29327e-05 0.00145969 -0.00031458 3.60513e-05 -0.0012179 0.00057346 -5.95055e-05 -0.00131638 -0.000631882
internal_weight=0 395 378 23 135 100 30 70 355 35 25
internal_count=530 395 378 23 135 100 30 70 355 35 25
is_linear=0
shrinkage=0.1


Tree=315
num_leaves=12
num_cat=0
split_feature=53 99 2 25 16 69 53 60 52 44 65
split_gain=0.00175092 0.00899471 0.0104438 0.0118402 0.00608187 0.00847527 0.00459886 0.0084649 0.00384721 0.0101701 0.00536611
threshold=3.7252907286733369e-09 1.1858461261560207e-19 5.6489184425466847 2.9700856263602158 1.0000000180025095e-35 0.9593767796217848 0.53479999673956613 1.4614127513729518 1.3195286648076296 1.700598690831078 1.3541576052534949
decision_type=2 2 2 2 2 2 2 2 2 2 2
left_child=1 4 -3 -4 -1 -6 7 -2 9 -8 -10
right_child=6 2 3 -5 5 -7 8 -9 10 -11 -12
leaf_value=0.00092918255508670378 0.00050181232392787912 0.0044223662698641411 -0.0019687481038272374 0.0028975128382444384 -0.0031136086643008243 0.00059564488580111756 -0.0011892501815137534 -0.0036127705313265326 -0.0021643983115306282 0.0027606732299318539 -1.8102587633602433e-05
leaf_weight=18 10.000000000000002 10.000000000000002 10.000000000000002 9.9999999999999982 14.000000000000002 10.999999999999998 11.000000000000002 9.9999999999999982 11.999999999999998 15.999999999999998 398
leaf_count=18 10 10 10 10 14 11 11 10 12 16 398
internal_value=0 0.000454769 0.00178371 0.000464382 -0.000472399 -0.00148154 -7.26437e-05 -0.00155548 -4.77938e-06 0.00115145 -8.0921e-05
internal_weight=0 73 30 20 43 25 457 20 437 27 410
internal_count=530 73 30 20 43 25 457 20 437 27 410
is_linear=0
shrinkage=0.1


Tree=316
num_leaves=10
num_cat=0
split_feature=89 68 89 10 68 68 103 20 50
split_gain=0.0018935 0.00772211 0.0112 0.0102453 0.00681806 0.00577414 0.00639569 0.0060398 0.0056911
threshold=0.19942679443578884 2.1842073921524539 0.49721651427453734 6.7604140197338749 2.7240444474940815 2.1842073921524539 6.1903133062787319 3.1567740231385479 8.7862953666151267
decision_type=2 2 2 2 2 2 2 2 2
left_child=5 -2 3 -3 -4 -1 7 -7 -8
right_child=1 2 4 -5 -6 6 8 -9 -10
leaf_value=0.0018950604350091175 -0.0021526130453611795 0.003108244879252237 0.0021245650983473751 0.00056593026700498103 -0.00036506128864416637 -0.0009133579386436055 0.002842522086575627 4.8701602833893271e-05 -0.00023727865821759528
leaf_weight=12.999999999999998 12.999999999999998 23 11.999999999999998 51 132 123 12.000000000000002 139 11.999999999999998
leaf_count=13 13 23 12 51 132 123 12 139 12
internal_value=0 0.000215042 0.000356233 0.00135611 -0.000157592 -0.000166136 -0.000259827 -0.000402952 0.00130262
internal_weight=0 231 218 74 144 299 286 262 24
internal_count=530 231 218 74 144 299 286 262 24
is_linear=0
shrinkage=0.1


Tree=317
num_leaves=6
num_cat=0
split_feature=38 40 38 49 42
split_gain=0.00186921 0.00261234 0.00292504 0.00743279 0.0063439
threshold=10.18815057630662 5.4204958404047412 8.9808621585217967 2.1383330595080285 8.9683302942775107
decision_type=2 2 2 2 2
left_child=1 2 4 -4 -1
right_child=-2 -3 3 -5 -6
leaf_value=2.7531722987552826e-06 -0.0012338598084170372 0.0014868417677159111 -0.0029088137865376971 5.0413336380031597e-05 0.0022433507327850048
leaf_weight=452 11.999999999999998 11.999999999999998 11.999999999999998 29 12.999999999999998
leaf_count=452 12 12 12 29 13
internal_value=0 2.85836e-05 -5.99958e-06 -0.000815702 6.53935e-05
internal_weight=0 518 506 41 465
internal_count=530 518 506 41 465
is_linear=0
shrinkage=0.1


Tree=318
num_leaves=7
num_cat=0
split_feature=77 66 95 48 1 1
split_gain=0.0017941 0.00419607 0.00306293 0.0039789 0.00384934 0.0036837
threshold=5.1901713283654836 2.4414009612931857 4.6298509007569537 4.1190041246092024 4.5591125415341898 4.3241107269113215
decision_type=2 2 2 2 2 2
left_child=2 -2 4 -4 5 -1
right_child=1 -3 3 -5 -6 -7
leaf_value=-1.5663255777074975e-05 0.00047745382216817216 -0.0021670605214846243 -0.00015758817840833212 0.0026633675396442414 -0.0019515253917779772 0.0016911404243168924
leaf_weight=463 12.000000000000002 11.999999999999998 10.000000000000002 9.9999999999999982 9.9999999999999982 12.999999999999998
leaf_count=463 12 12 10 10 10 13
internal_value=0 -0.000844803 4.00697e-05 0.00125289 -9.84057e-06 3.09511e-05
internal_weight=0 24 506 20 486 476
internal_count=530 24 506 20 486 476
is_linear=0
shrinkage=0.1


Tree=319
num_leaves=9
num_cat=0
split_feature=65 69 9 60 54 92 51 41
split_gain=0.00170755 0.00299541 0.00938951 0.011557 0.00580277 0.00539027 0.00348691 0.00342294
threshold=5.3344645682746181 4.5654255207847285 3.7726948748059121 4.2714061020169298 4.5900436644025815 4.1513644455567524 5.395874555844391 3.9019216517693867
decision_type=2 2 2 2 2 2 2 2
left_child=1 2 5 -4 7 -1 -6 -3
right_child=-2 4 3 -5 6 -7 -8 -9
leaf_value=1.1137141574385616e-05 0.0012943443772383035 -0.0033513222090550687 0.0041771995699188364 0.00028692702873654312 0.00035330340096666277 -0.002140467082305501 -0.0013605644478957403 -0.00079501484499566949
leaf_weight=392 9.9999999999999982 10.000000000000002 11.999999999999998 21 46 11.999999999999998 15.999999999999998 10.999999999999998
leaf_count=392 10 10 12 21 46 12 16 11
internal_value=0 -2.48912e-05 7.97071e-05 0.00170157 -0.000575608 -5.27719e-05 -8.89851e-05 -0.0020123
internal_weight=0 520 437 33 83 404 62 21
internal_count=530 520 437 33 83 404 62 21
is_linear=0
shrinkage=0.1


Tree=320
num_leaves=9
num_cat=0
split_feature=75 50 49 49 77 53 48 88
split_gain=0.00178621 0.00437212 0.00411921 0.00367939 0.00294303 0.00327309 0.00332813 0.00207067
threshold=3.4498615536424366 9.2721573370693324 4.4425820475484112 4.2413008733233104 3.8606743063089755 3.412561619978375 4.2555875595453383 0.14064083802960775
decision_type=2 2 2 2 2 2 2 2
left_child=1 2 3 -1 -2 6 -6 -7
right_child=4 -3 -4 -5 5 7 -8 -9
leaf_value=2.2714746631384051e-05 -0.0016618089037365282 0.00204128573267636 -0.0018879225689240478 0.0017982519154126448 -0.00066628195031975888 -0.00011307254705267645 0.0014334957076547047 -0.0020125403576953848
leaf_weight=426 15.999999999999998 10.999999999999998 10.999999999999998 11.999999999999998 13.000000000000002 12.000000000000002 18 10.999999999999998
leaf_count=426 16 11 11 12 13 12 18 11
internal_value=0 7.16141e-05 2.33594e-05 7.13596e-05 -0.000470607 -0.000117658 0.000552944 -0.00102151
internal_weight=0 460 449 438 70 54 31 23
internal_count=530 460 449 438 70 54 31 23
is_linear=0
shrinkage=0.1


Tree=321
num_leaves=6
num_cat=0
split_feature=89 87 87 87 48
split_gain=0.00174834 0.0023328 0.00280179 0.00755625 0.00495059
threshold=0.69137804216400778 0.68989719649497816 0.65067597158102009 0.63510234907380003 1.0000000180025095e-35
decision_type=2 2 2 2 2
left_child=1 2 3 -1 -4
right_child=-2 -3 4 -5 -6
leaf_value=9.1970315472199334e-06 0.0013097157329320908 -0.0011773035389042515 -0.00079407921148231262 -0.0024366775527596475 0.0014715561402901527
leaf_weight=445 9.9999999999999982 17 13.999999999999998 12.999999999999998 31
leaf_count=445 10 17 14 13 31
internal_value=0 -2.51868e-05 1.37515e-05 -6.02274e-05 0.000766692
internal_weight=0 520 503 458 45
internal_count=530 520 503 458 45
is_linear=0
shrinkage=0.1


Tree=322
num_leaves=8
num_cat=0
split_feature=35 32 35 80 9 14 36
split_gain=0.00183126 0.00488286 0.00402423 0.00327406 0.00320967 0.00312822 0.00301794
threshold=5.2522597220941352 4.867504863781412 5.4636881475041514 39.315506526412513 3.2769667020129059 8.8350534014812574 4.7360445312007302
decision_type=2 2 2 2 2 2 2
left_child=1 3 -2 6 -4 -6 -1
right_child=2 -3 4 -5 5 -7 -8
leaf_value=3.8093099231927603e-06 -0.00193373272040238 0.0016843318544690394 -0.0011344806084202395 0.0017083412459628147 0.0020012132590636611 -0.00013189297169446945 -0.0016738663030661306
leaf_weight=425 14.999999999999998 18 18 10.999999999999998 9.9999999999999982 22 10.999999999999998
leaf_count=425 15 18 18 11 10 22 11
internal_value=0 6.94971e-05 -0.000497172 4.4702e-06 -6.62033e-05 0.000534703 -3.85174e-05
internal_weight=0 465 65 447 50 32 436
internal_count=530 465 65 447 50 32 436
is_linear=0
shrinkage=0.1


Tree=323
num_leaves=11
num_cat=0
split_feature=56 56 56 17 87 2 52 79 55 17
split_gain=0.00177408 0.010288 0.00643183 0.00820349 0.00734097 0.00689064 0.0049795 0.0122443 0.00867263 0.00354561
threshold=2.9109679060563902 2.9894428824505614 2.7488401945984218 2.740319461670996 0.29892500444997194 7.472784916384879 3.1462473185396322 1.8688348091416842 3.4175922930736511 3.1132683346437333
decision_type=2 2 2 2 2 2 2 2 2 2
left_child=2 -2 3 5 -4 -1 7 -3 -8 -5
right_child=1 6 4 9 -6 -7 8 -9 -10 -11
leaf_value=7.7688081445457006e-05 -0.0025416314327979788 -0.00055728810445597281 0.00019566278076834148 -0.0029594826822479559 0.0032488352386280898 0.0027923063139314763 -0.0023351423788185726 0.0035196182174751394 -2.9754303537586847e-06 -0.00047393413260579111
leaf_weight=144 17 17.000000000000004 18 12.000000000000002 13.999999999999998 9.9999999999999982 17 12.999999999999998 257 10.999999999999998
leaf_count=144 17 17 18 12 14 10 17 13 257 11
internal_value=0 -0.000147628 0.00022674 -9.13515e-06 0.00153143 0.000253962 -1.37532e-05 0.00120937 -0.000147672 -0.00177074
internal_weight=0 321 209 177 32 154 304 30 274 23
internal_count=530 321 209 177 32 154 304 30 274 23
is_linear=0
shrinkage=0.1


Tree=324
num_leaves=9
num_cat=0
split_feature=38 42 42 53 96 38 23 16
split_gain=0.00162291 0.00566274 0.00514446 0.0032158 0.0053343 0.00312383 0.00271076 0.00453262
threshold=8.9808621585217967 9.158047031070609 8.9683302942775107 1.7833487763553084 7.80660616832398 9.759659876131753 5.8997622255478577 4.8940944640863338
decision_type=2 2 2 2 2 2 2 2
left_child=2 -2 6 4 -3 -5 7 -1
right_child=1 3 -4 5 -6 -7 -8 -9
leaf_value=5.1094395053041809e-05 -0.0019191827026492992 0.00073754072117690841 0.0020256788899692207 0.002332846820354461 -0.00225455983097411 -0.00016668501775711776 0.0015587922524322164 -0.001285956599922092
leaf_weight=416 19 13.000000000000002 12.999999999999998 10.000000000000002 10.999999999999998 9.9999999999999982 10.999999999999998 27
leaf_count=416 19 13 13 10 11 10 11 27
internal_value=0 -0.000476428 6.42719e-05 0.000146579 -0.000633839 0.00108308 8.10827e-06 -3.03963e-05
internal_weight=0 63 467 44 24 20 454 443
internal_count=530 63 467 44 24 20 454 443
is_linear=0
shrinkage=0.1


Tree=325
num_leaves=9
num_cat=0
split_feature=27 86 59 52 23 86 86 103
split_gain=0.0015751 0.00702047 0.00973846 0.0138768 0.00701708 0.00355611 0.00532485 0.00428088
threshold=0.34657359027997314 0.66735886407368927 9.4867690092481657e-19 0.69314718055994551 0.34657359027997314 0.68476950597767339 0.67726707507441974 4.6539149966267201
decision_type=2 2 2 2 2 2 2 2
left_child=1 2 -1 -4 -2 6 -6 -7
right_child=4 -3 3 -5 5 7 -8 -9
leaf_value=-0.0025857187565028047 -0.0021337385311198886 0.0026329129012689616 0.0035871420327263574 -0.00017234315789580623 2.0383105059425274e-06 0.00022839588113129133 0.0021406269426127739 -0.0026303770289814567
leaf_weight=11.999999999999998 15.999999999999998 11.999999999999998 11.999999999999998 54 391 10.000000000000002 11.999999999999998 10.999999999999998
leaf_count=12 16 12 12 54 391 10 12 11
internal_value=0 0.000381172 3.47506e-05 0.0005112 -7.79671e-05 -3.90768e-07 6.57184e-05 -0.00126906
internal_weight=0 90 78 66 440 424 403 21
internal_count=530 90 78 66 440 424 403 21
is_linear=0
shrinkage=0.1


Tree=326
num_leaves=10
num_cat=0
split_feature=101 88 69 9 60 85 8 8 97
split_gain=0.00158566 0.00381825 0.00316817 0.00738659 0.00893996 0.00459223 0.00330615 0.00378542 0.00296579
threshold=5.1900782098253133 0.14064083802960775 4.5654255207847285 3.7726948748059121 4.2714061020169298 0.66149921729477024 4.9451504953659766 4.4005842009683471 5.2094712223428914
decision_type=2 2 2 2 2 2 2 2 2
left_child=2 -2 3 5 -5 -1 7 -4 -8
right_child=1 -3 6 4 -6 -7 8 -9 -10
leaf_value=2.3725638616817465e-05 0.0018728519889659109 -0.00061681734567338778 0.00032261071784887461 0.0036761937274908032 0.00025463099702305742 -0.0014620721551843665 0.00097044152755509407 -0.0019667890713138221 -0.00095874785756071409
leaf_weight=382 14.000000000000002 10.999999999999998 9.9999999999999982 11.999999999999998 21 22 17 26 14.999999999999998
leaf_count=382 14 11 10 12 21 22 17 26 15
internal_value=0 0.000777397 -3.8485e-05 6.03185e-05 0.00149884 -5.71841e-05 -0.000673443 -0.00133084 6.6134e-05
internal_weight=0 25 505 437 33 404 68 36 32
internal_count=530 25 505 437 33 404 68 36 32
is_linear=0
shrinkage=0.1


Tree=327
num_leaves=10
num_cat=0
split_feature=89 18 100 103 101 99 10 50 32
split_gain=0.00160588 0.00632885 0.00838786 0.00480891 0.00528917 0.0131197 0.00664805 0.00463877 0.00436031
threshold=0.19942679443578884 4.8471850864775066 1.386294361119891 6.1903133062787319 7.02563007770607e-17 4.5970172113385394e-17 5.7667560492893086 8.7862953666151267 2.740319461670996
decision_type=2 2 2 2 2 2 2 2 2
left_child=3 -2 -3 4 6 -6 -1 -5 -4
right_child=1 2 8 7 5 -7 -8 -9 -10
leaf_value=0.0022460909847937089 -0.0015503895799874477 0.0030435420858504424 0.00088903335531540515 0.0025947858191405727 -0.0023307913815546217 -0.00016722568961213062 -0.00012356015758063549 -0.00018573168199509382 -0.00011075147098660245
leaf_weight=17 19 10.999999999999998 64 12.000000000000002 33 186 39 11.999999999999998 137
leaf_count=17 19 11 64 12 33 186 39 12 137
internal_value=0 0.000198038 0.000354737 -0.000152999 -0.000271474 -0.000493242 0.000595798 0.00120453 0.000207588
internal_weight=0 231 212 299 275 219 56 24 201
internal_count=530 231 212 299 275 219 56 24 201
is_linear=0
shrinkage=0.1


Tree=328
num_leaves=10
num_cat=0
split_feature=41 31 27 44 40 49 45 86 70
split_gain=0.00154483 0.00720503 0.0137177 0.00975796 0.00787769 0.00660067 0.00527692 0.00457036 0.00595898
threshold=2.6735537653587347 3.2384861814448418 3.3497501700808394 3.2384861814448418 3.3842466058243152 1.8688348091416844 2.8617925509761908 0.6835591498300263 0.017943753505510068
decision_type=2 2 2 2 2 2 2 2 2
left_child=6 3 -3 5 -4 -2 7 8 -1
right_child=1 2 4 -5 -6 -7 -8 -9 -10
leaf_value=-0.0025832883035764101 0.0023851647435759126 -0.0036957947839982813 0.0017639795420691371 0.0040467659896239643 -0.00011383997693580266 -0.00037457479540115371 -0.0020735394201307957 0.0015038106864427819 -8.0376151908683079e-05
leaf_weight=9.9999999999999982 12.999999999999998 9.9999999999999982 25 9.9999999999999982 210 26 13.999999999999998 17 195
leaf_count=10 13 10 25 10 210 26 14 17 195
internal_value=0 0.000152963 -6.8428e-05 0.00125992 8.59281e-05 0.000545338 -0.000190555 -7.18083e-05 -0.000202469
internal_weight=0 294 245 49 235 39 236 222 205
internal_count=530 294 245 49 235 39 236 222 205
is_linear=0
shrinkage=0.1


Tree=329
num_leaves=15
num_cat=0
split_feature=46 47 37 43 5 82 5 48 44 65 26 9 103 81
split_gain=0.00145223 0.00455173 0.0109163 0.011213 0.00546453 0.00483493 0.0102587 0.00666311 0.00423037 0.00904774 0.00626362 0.00435399 0.00766251 0.00520915
threshold=6.4264832207863298 2.9700856263602162 2.3502401828962087 3.6242520361853052 1.8688348091416844 0.85259572608784684 2.8617925509761908 2.249904835165133 1.8688348091416842 2.0793738960846126 6.0037773156930498 2.3502401828962087 5.1503594278585956 0.69314717305994555
decision_type=2 2 2 2 2 2 2 2 2 2 2 2 2 2
left_child=8 5 3 -3 -4 6 -2 -7 11 -10 -11 13 -13 -1
right_child=1 2 4 -5 -6 7 -8 -9 9 10 -12 12 -14 -15
leaf_value=0.0015267399405274773 0.00014653089985420761 -0.0042822942603379472 0.0012301038969166553 0.00013787258543412794 -7.9677400287743005e-05 0.0015741064866768497 0.0034172423567403764 -0.00097191309233984132 -0.0035629615526307718 0.0018401238671503961 -0.0011211368394433521 -0.0015134330775419421 0.0010515084947352686 -0.0003074479130251954
leaf_weight=32 22 12.000000000000002 37 10.999999999999998 229 17 17 26 10.999999999999998 9.9999999999999982 25 33 18 30
leaf_count=32 22 12 37 11 229 17 17 26 11 10 25 33 18 30
internal_value=0 0.000108366 -7.82118e-05 -0.0021683 0.00010251 0.000765937 0.00157223 3.46528e-05 -0.000252853 -0.0010613 -0.000275062 7.62487e-05 -0.00060816 0.00063923
internal_weight=0 371 289 23 266 82 39 43 159 46 35 113 51 62
internal_count=530 371 289 23 266 82 39 43 159 46 35 113 51 62
is_linear=0
shrinkage=0.1


Tree=330
num_leaves=5
num_cat=0
split_feature=65 0 101 17
split_gain=0.00138003 0.00227564 0.00325811 0.00253185
threshold=5.3344645682746181 5.614936330451056 5.1900782098253133 4.5591125415341898
decision_type=2 2 2 2
left_child=1 2 3 -1
right_child=-2 -3 -4 -5
leaf_value=2.7480987854843968e-05 0.0011636094050481915 -0.0014454016313803469 0.0017955805180827158 -0.00095128670925207967
leaf_weight=471 9.9999999999999982 10.999999999999998 9.9999999999999982 28
leaf_count=471 10 11 10 28
internal_value=0 -2.23771e-05 8.37588e-06 -2.74398e-05
internal_weight=0 520 509 499
internal_count=530 520 509 499
is_linear=0
shrinkage=0.1


Tree=331
num_leaves=10
num_cat=0
split_feature=33 39 24 56 12 35 39 68 57
split_gain=0.00136495 0.00842019 0.00701017 0.0121184 0.00969362 0.00645208 0.00663654 0.00636247 0.00738099
threshold=2.8029010331479989 4.2972622671762819 2.9700856263602158 2.9894428824505614 2.740319461670996 3.6242520361853052 3.2769667020129059 3.1455029678897288 1.6520923719813694
decision_type=2 2 2 2 2 2 2 2 2
left_child=1 5 3 4 -2 6 -1 -4 -9
right_child=2 -3 7 -5 -6 -7 -8 8 -10
leaf_value=3.295728588409925e-06 0.0010651320878726739 -0.0030101426062174143 -0.0023903232321820476 -0.0013100647012999451 0.005084588616155088 0.0017727560033866515 -0.0016659910152493802 0.0019066131161525847 -0.0001055486776467042
leaf_weight=202 15.000000000000002 9.9999999999999982 10.999999999999998 10.999999999999998 9.9999999999999982 18 27 20 206
leaf_count=202 15 10 11 11 10 18 27 20 206
internal_value=0 -0.0001654 0.000155706 0.00145589 0.00267291 -5.02284e-05 -0.00019352 -4.17904e-05 7.25187e-05
internal_weight=0 257 273 36 25 247 229 237 226
internal_count=530 257 273 36 25 247 229 237 226
is_linear=0
shrinkage=0.1


Tree=332
num_leaves=12
num_cat=0
split_feature=89 68 89 71 68 76 61 92 92 53 45
split_gain=0.00135083 0.00565709 0.00956257 0.00686703 0.00471077 0.00420602 0.0070014 0.00612132 0.0121021 0.00705941 0.00593239
threshold=0.19942679443578884 2.1842073921524539 0.49721651427453734 2.3502401828962087 2.7240444474940815 0.42616360439610285 1.9490601521432127 4.0669466417390705 4.0444776529789346 1.5119428067218552 2.9700856263602158
decision_type=2 2 2 2 2 2 2 2 2 2 2
left_child=5 -2 3 -3 -4 7 -7 8 -1 -9 -8
right_child=1 2 4 -5 -6 6 10 9 -10 -11 -12
leaf_value=-0.00035988276273389509 -0.0018448701468654551 0.0016710855007614394 0.0017246704405503505 -0.00086033152093967571 -0.00034475497106375936 0.0024453452384720249 -0.00057576685821702491 0.0030848244600929324 -0.0034160080706767204 -1.0434998798051052e-05 0.0017338976714139185
leaf_weight=174 12.999999999999998 61 11.999999999999998 12.999999999999998 132 14.999999999999998 43 9.9999999999999982 13.999999999999998 28 14.999999999999998
leaf_count=174 13 61 12 13 132 15 43 10 14 28 15
internal_value=0 0.000181632 0.000302478 0.00122638 -0.000172303 -0.000140324 0.000519598 -0.000353485 -0.000587467 0.000804107 2.15602e-05
internal_weight=0 231 218 74 144 299 73 226 188 38 58
internal_count=530 231 218 74 144 299 73 226 188 38 58
is_linear=0
shrinkage=0.1


Tree=333
num_leaves=10
num_cat=0
split_feature=98 98 69 5 3 102 54 85 10
split_gain=0.00132947 0.00502215 0.00485887 0.00510254 0.00365193 0.00678616 0.00405444 0.00359711 0.00393306
threshold=3.8176519431297078 3.7012257604091228 4.3681238589305353 3.6242520361853052 5.0106130713801926 5.1817677692072932 4.6490840411708527 0.67229984116289032 8.1099756358206658
decision_type=2 2 2 2 2 2 2 2 2
left_child=1 7 3 -2 6 -6 -4 8 -1
right_child=2 -3 4 -5 5 -7 -8 -9 -10
leaf_value=-9.0096020078146393e-05 0.00017347363561081384 -0.0022992021386744454 -0.0016623855669009079 0.0031552153216166932 0.0027029930137690496 -4.0447210078127685e-05 0.00051452746930798253 -0.0014994505523645786 0.00087760365931899287
leaf_weight=336 12.000000000000002 9.9999999999999982 22 10.999999999999998 10.999999999999998 50 13.999999999999998 15.999999999999998 48
leaf_count=336 12 10 22 11 11 50 14 16 48
internal_value=0 -8.56842e-05 0.000292754 0.00159952 -1.70983e-05 0.000454272 -0.000815808 -3.03462e-05 3.08664e-05
internal_weight=0 410 120 23 97 61 36 400 384
internal_count=530 410 120 23 97 61 36 400 384
is_linear=0
shrinkage=0.1


Tree=334
num_leaves=9
num_cat=0
split_feature=35 32 18 57 35 35 80 44
split_gain=0.00141703 0.00373976 0.00324862 0.00636505 0.00260002 0.00385976 0.00254893 0.00249508
threshold=5.2522597220941352 4.867504863781412 8.8031957863788737 2.0170112936045599 5.6780422514550422 6.4216103699850091 39.315506526412513 3.9219243190762363
decision_type=2 2 2 2 2 2 2 2
left_child=1 6 3 -2 -4 -6 7 -1
right_child=2 -3 4 -5 5 -7 -8 -9
leaf_value=7.7957463557714877e-05 -9.8443051854915468e-05 0.0014743638826378933 -0.00086569965351372962 -0.003277938645333052 0.0020668595427802447 -0.00052646772131662478 0.0015076182105324487 -0.00054620352916222499
leaf_weight=358 17.000000000000004 18 14.999999999999998 9.9999999999999982 12.000000000000002 10.999999999999998 10.999999999999998 78
leaf_count=358 17 18 15 10 12 11 11 78
internal_value=0 6.11339e-05 -0.000437342 -0.00127603 0.00015857 0.000826573 4.22527e-06 -3.37044e-05
internal_weight=0 465 65 27 38 23 447 436
internal_count=530 465 65 27 38 23 447 436
is_linear=0
shrinkage=0.1


Tree=335
num_leaves=9
num_cat=0
split_feature=65 30 25 96 22 23 11 41
split_gain=0.0012267 0.00183707 0.00522482 0.00785455 0.00400015 0.0119816 0.00502549 0.00382045
threshold=5.3344645682746181 8.9683302942775107 4.2696729980286863 8.1028887224174948 8.4149412149085823 4.6395599436855051 4.1510089048756029 4.135134555718313
decision_type=2 2 2 2 2 2 2 2
left_child=1 4 3 -3 6 -6 -1 -4
right_child=-2 2 7 -5 5 -7 -8 -9
leaf_value=7.7197546608392554e-05 0.001097067897208035 -4.4035957156059633e-05 -0.001420675366071836 -0.0038387695048004394 0.0028868099325336516 -5.5207945315130788e-05 -0.0009112694939564089 0.0007787762883318854
leaf_weight=328 9.9999999999999982 12.000000000000002 10.999999999999998 9.9999999999999982 19 51 61 28
leaf_count=328 10 12 11 10 19 51 61 28
internal_value=0 -2.10975e-05 -0.000536686 -0.00176891 4.7423e-05 0.00074334 -7.78063e-05 0.000158418
internal_weight=0 520 61 22 459 70 389 39
internal_count=530 520 61 22 459 70 389 39
is_linear=0
shrinkage=0.1


Tree=336
num_leaves=9
num_cat=0
split_feature=100 1 20 13 9 13 60 89
split_gain=0.00132934 0.00991492 0.0060596 0.00518787 0.00518651 0.00611411 0.00804853 0.00652147
threshold=3.9701138825728512 1.2424533248940006 9.4867690092481657e-19 2.8029010331479989 3.1567740231385479 2.6735537653587347 2.8586166361901628 0.5232227682289422
decision_type=2 2 2 2 2 2 2 2
left_child=4 -2 -3 -4 5 7 -7 -1
right_child=1 2 3 -5 -6 6 -8 -9
leaf_value=8.2849612175650374e-05 0.0029453255347713521 -0.0019448000472038986 0.00090584184078929529 -0.00010263775807806834 -0.0019299107956612716 0.0030045279285072211 -0.00027865302618010904 -0.00138774886468238
leaf_weight=114 11.999999999999998 14.999999999999998 65 237 15.999999999999998 14.000000000000002 15.999999999999998 41
leaf_count=114 12 15 65 237 16 14 16 41
internal_value=0 0.000123789 1.69797e-05 0.000114419 -0.000202619 -5.32319e-05 0.0012535 -0.000306147
internal_weight=0 329 317 302 201 185 30 155
internal_count=530 329 317 302 201 185 30 155
is_linear=0
shrinkage=0.1


Tree=337
num_leaves=12
num_cat=0
split_feature=3 97 57 15 13 20 89 60 24 9 63
split_gain=0.00133409 0.00731784 0.0172853 0.00685324 0.00880229 0.00696959 0.00661454 0.00574348 0.0057231 0.0043016 0.00681988
threshold=2.602003343538398 2.7058230259275202 1.9705371260717708 2.249904835165133 2.4414009612931857 3.1567740231385479 0.21468655699188241 2.8728519323098789 3.0201273556387074 1.700598690831078 3.4811217321331038
decision_type=2 2 2 2 2 2 2 2 2 2 2
left_child=3 2 -2 5 6 8 -5 -6 -1 -3 -11
right_child=1 9 -4 4 7 -7 -8 -9 -10 10 -12
leaf_value=0.00013829531436875607 0.0040692496026167643 0.001704432607428836 -0.0013742722931783646 -0.00098918010626221071 0.0017892017514289664 0.0021364328174968252 -0.0040259874712389246 -0.0011459672474302353 -0.0022602704057300637 -0.0014232290141722736 7.926974946991571e-05
leaf_weight=104 14.000000000000002 13.999999999999998 9.9999999999999982 16.000000000000004 12.000000000000002 15.999999999999998 12.999999999999998 14.999999999999998 10.999999999999998 34 271
leaf_count=104 14 14 10 16 12 16 13 15 11 34 271
internal_value=0 0.000117146 0.00180112 -0.000214872 -0.00114078 0.000180936 -0.00235051 0.000158552 -9.11327e-05 -9.54742e-06 -8.82219e-05
internal_weight=0 343 24 187 56 131 29 27 115 319 305
internal_count=530 343 24 187 56 131 29 27 115 319 305
is_linear=0
shrinkage=0.1


Tree=338
num_leaves=12
num_cat=0
split_feature=92 92 39 84 46 42 65 53 2 2 48
split_gain=0.00123513 0.00474049 0.00405224 0.0100275 0.00437389 0.00381868 0.00371502 0.00281351 0.00800882 0.00402338 0.00221881
threshold=3.9003352101268454 3.9101128128379905 3.2769667020129059 0.12573756779389142 6.5359075343019937 5.6185859816918615 1.7926145007602163 1.0000000180025095e-35 1.0000000180025095e-35 6.3296954855368641 1.8688348091416842
decision_type=2 2 2 2 2 2 2 2 2 2 2
left_child=2 -2 4 -4 5 -1 -6 8 -3 -9 -5
right_child=1 7 3 10 6 -7 -8 9 -10 -11 -12
leaf_value=0.00023994061153974724 0.0020460190018638971 -0.0015093889448326082 -0.0035276064105952778 0.00069742910200147872 0.0022977689206267571 -0.0012886544996245693 -0.00010002753503310184 -0.00086952628200658824 0.0018390956274233759 8.3990851188370941e-05 -0.0012014040723443032
leaf_weight=44 11.999999999999998 9.9999999999999982 11.999999999999998 16.000000000000004 14.000000000000002 26 11.999999999999998 52 25 297 9.9999999999999982
leaf_count=44 12 10 12 16 14 26 12 52 25 297 10
internal_value=0 8.88021e-05 -0.00026243 -0.00113649 8.355e-05 -0.000327823 0.00119109 2.76391e-05 0.000882386 -5.80805e-05 -3.28913e-05
internal_weight=0 396 134 38 96 70 26 384 35 349 26
internal_count=530 396 134 38 96 70 26 384 35 349 26
is_linear=0
shrinkage=0.1


Tree=339
num_leaves=8
num_cat=0
split_feature=33 32 100 45 43 22 66
split_gain=0.00122212 0.00713016 0.00494024 0.00312159 0.00311167 0.00245415 0.00292671
threshold=4.6051201834879256 4.9451504953659766 5.1445790166580574 4.2413008733233104 5.8997622255478577 9.1334875375465199 3.6242520361853052
decision_type=2 2 2 2 2 2 2
left_child=1 5 -2 -4 -5 6 -1
right_child=2 -3 3 4 -6 -7 -8
leaf_value=-5.9183398533939362e-05 -0.0024585064820712432 0.0022697090362531268 -0.001414429049473256 0.0020357579272240393 -0.00027384902101143131 -0.0011999466086683027 0.0007989364858076442
leaf_weight=411 9.9999999999999982 13.999999999999998 9.9999999999999982 10.000000000000002 13.999999999999998 17 44
leaf_count=411 10 14 10 10 14 17 44
internal_value=0 4.56907e-05 -0.000504674 6.99824e-05 0.000688487 -2.0276e-05 2.37996e-05
internal_weight=0 486 44 34 24 472 455
internal_count=530 486 44 34 24 472 455
is_linear=0
shrinkage=0.1


Tree=340
num_leaves=9
num_cat=0
split_feature=36 40 33 37 74 102 86 5
split_gain=0.0012555 0.0123537 0.00919225 0.00462689 0.00552897 0.00328003 0.00821568 0.00433854
threshold=3.8393944990995772 3.9019216517693867 3.3140206880897671 3.4175922930736511 0.027914224776470934 1.0000000180025095e-35 0.068497689240783338 1.2424533248940006
decision_type=2 2 2 2 2 2 2 2
left_child=1 5 -2 -4 -5 6 -1 -7
right_child=2 -3 3 4 -6 7 -8 -9
leaf_value=0.00065703328490551369 -0.0023603585969087567 0.0034060087308964947 0.0021078950958326459 0.00018787156195999003 -0.0013777805843606726 0.00095531344469397008 -0.0022128577743257796 -5.4720481693948392e-05
leaf_weight=19 18 10.999999999999998 9.9999999999999982 116 28 51 21 256
leaf_count=19 18 11 10 116 28 51 21 256
internal_value=0 0.000106682 -0.000222048 2.78844e-05 -0.000116561 2.09268e-06 -0.00084966 0.00011307
internal_weight=0 358 172 154 144 347 40 307
internal_count=530 358 172 154 144 347 40 307
is_linear=0
shrinkage=0.1


Tree=341
num_leaves=11
num_cat=0
split_feature=2 27 31 45 22 2 96 57 57 52
split_gain=0.00123138 0.00467509 0.00852614 0.00688703 0.0063231 0.00527911 0.003603 0.00425107 0.00807223 0.00457106
threshold=5.6185859816918615 1.0000000180025095e-35 2.3502401828962087 2.0126758453675753 5.5391444897808926 1.0000000180025095e-35 5.6732701237373151 0.81461485922290666 1.4196364390787501 7.8929918156944735e-17
decision_type=2 2 2 2 2 2 2 2 2 2
left_child=1 5 3 -3 -4 -1 -2 9 -9 -8
right_child=6 2 4 -5 -6 -7 7 8 -10 -11
leaf_value=0.00035568712183329105 -0.001641245685251696 -0.0034348952520469366 0.0029818591778166584 0.00010372965321452781 -0.00022360967413987965 0.0032512832281645387 0.00022832212659219895 -0.001592813367185017 3.7695110314464395e-05 0.0028948812000453472
leaf_weight=17.000000000000004 13.999999999999998 11.000000000000002 10.000000000000002 10.999999999999998 15.999999999999998 9.9999999999999982 18.000000000000004 33 380 9.9999999999999982
leaf_count=17 14 11 10 11 16 10 18 33 380 10
internal_value=0 0.000375434 -0.000216708 -0.00166558 0.00100926 0.00142813 -6.18847e-05 -1.17462e-05 -9.25876e-05 0.00118066
internal_weight=0 75 48 22 26 27 455 441 413 28
internal_count=530 75 48 22 26 27 455 441 413 28
is_linear=0
shrinkage=0.1


Tree=342
num_leaves=10
num_cat=0
split_feature=89 18 65 103 50 101 99 25 27
split_gain=0.00127624 0.00422237 0.00638207 0.00392882 0.00424469 0.00372112 0.0107171 0.00433705 0.00354644
threshold=0.19942679443578884 4.8471850864775066 1.0614975449977708 6.2536790110310028 8.7862953666151267 8.7430063189231058e-16 4.5970172113385394e-17 2.8029010331479989 0.34657359027997314
decision_type=2 2 2 2 2 2 2 2 2
left_child=3 -2 -3 5 -5 7 -7 -1 -4
right_child=1 2 8 4 -6 6 -8 -9 -10
leaf_value=0.00094135788866602215 -0.0012515686072507189 0.002770511293783784 0.0013235636655736017 0.0026714558526873579 -0.00011815472050026681 -0.0022248008071669733 -0.00015723345573123143 -0.00092787811847622789 2.8603015895252735e-05
leaf_weight=46 19 9.9999999999999982 24 10.000000000000002 11.999999999999998 29 185 17 178
leaf_count=46 19 10 24 10 12 29 185 17 178
internal_value=0 0.000176546 0.000304538 -0.000136395 0.00114985 -0.000238552 -0.000437418 0.000436961 0.00018246
internal_weight=0 231 212 299 22 277 214 63 202
internal_count=530 231 212 299 22 277 214 63 202
is_linear=0
shrinkage=0.1


Tree=343
num_leaves=8
num_cat=0
split_feature=38 42 42 61 51 34 42
split_gain=0.00116358 0.00464683 0.00402707 0.00237647 0.00477652 0.00213583 0.00301545
threshold=8.9808621585217967 9.158047031070609 8.9683302942775107 2.8517283805125095 4.1971736807086968 8.9808621585217967 8.4756358473943063
decision_type=2 2 2 2 2 2 2
left_child=2 -2 5 -3 -5 6 -1
right_child=1 3 -4 4 -6 -7 -8
leaf_value=6.043476048765142e-05 -0.0017103563926770893 0.0012958303154356635 0.0017897930282812853 -0.0015168430618359705 0.00096703858813270934 0.0013811805835840379 -0.00078675694667060486
leaf_weight=396 19 12.999999999999998 12.999999999999998 16.000000000000004 14.999999999999998 10.999999999999998 47
leaf_count=396 19 13 13 16 15 11 47
internal_value=0 -0.000403411 5.44216e-05 0.000160952 -0.000314965 4.73034e-06 -2.94479e-05
internal_weight=0 63 467 44 31 454 443
internal_count=530 63 467 44 31 454 443
is_linear=0
shrinkage=0.1


Tree=344
num_leaves=5
num_cat=0
split_feature=15 57 77 103
split_gain=0.00118969 0.00198204 0.00186899 0.00184916
threshold=6.4800257426481824 4.7441134930380349 5.1901713283654836 5.1179758838799021
decision_type=2 2 2 2
left_child=1 2 3 -1
right_child=-2 -3 -4 -5
leaf_value=-8.4546946338299458e-05 -0.0010291209761899981 0.0013498418054289441 -0.0011065822830035662 0.00036424363628850457
leaf_weight=371 10.999999999999998 10.999999999999998 14.999999999999998 122
leaf_count=371 11 11 15 122
internal_value=0 2.18118e-05 -6.94474e-06 2.65128e-05
internal_weight=0 519 508 493
internal_count=530 519 508 493
is_linear=0
shrinkage=0.1


Tree=345
num_leaves=12
num_cat=0
split_feature=86 103 100 2 104 89 102 83 50 50 89
split_gain=0.00115963 0.00369743 0.00789551 0.00371785 0.00700467 0.00213234 0.00738186 0.00513566 0.00367427 0.00364976 0.003562
threshold=0.59222352234340792 3.1567740231385479 3.9701138825728512 8.9404231003657895 3.5114340430413216 0.66908101122118591 3.2769667020129059 0.97930253390823474 8.7949003355510769 8.861276490428585 0.65541501693949999
decision_type=2 2 2 2 2 2 2 2 2 2 2
left_child=5 2 -2 4 -3 8 -7 -8 10 -10 -1
right_child=1 3 -4 -5 -6 6 7 -9 9 -11 -12
leaf_value=-0.00021259994960599787 -0.00038643712061457329 0.00023440306273793491 0.0028581507247872652 0.0016205655865963887 -0.0021816315580508671 0.0020495857884127058 -0.0021618231601843777 0.00096938022237736733 0.0022445688738529992 0.00020330823013060833 -0.0021290974185103552
leaf_weight=321 15.000000000000002 48 14.999999999999998 10.999999999999998 15.999999999999998 19 11.000000000000002 9.9999999999999982 10.999999999999998 43 9.9999999999999982
leaf_count=321 15 48 15 11 16 19 11 10 11 43 10
internal_value=0 0.000297592 0.00123586 -7.77138e-05 -0.000369606 -7.35228e-05 0.000621397 -0.000670774 -0.000145722 0.000619121 -0.0002705
internal_weight=0 105 30 75 64 425 40 21 385 54 331
internal_count=530 105 30 75 64 425 40 21 385 54 331
is_linear=0
shrinkage=0.1


Tree=346
num_leaves=8
num_cat=0
split_feature=72 72 3 7 72 89 34
split_gain=0.00104039 0.00204973 0.00343313 0.00449689 0.00264409 0.00298034 0.00176057
threshold=0.77975360085780265 0.19014861820061882 2.0126758453675753 2.3502401828962087 0.1597506537947983 0.22974486851048764 6.3438557239305915
decision_type=2 2 2 2 2 2 2
left_child=1 4 -3 -4 5 -1 -2
right_child=6 2 3 -5 -6 -7 -8
leaf_value=-0.00022186256755284611 -8.0541186616756011e-05 -0.0018171199275335917 0.0014000868114332357 -0.00048487900100924354 0.0012961835573043895 0.00034554407575342343 0.0016567324940115213
leaf_weight=216 14.000000000000002 14.999999999999998 14.999999999999998 81 17 162 9.9999999999999982
leaf_count=216 14 15 15 81 17 162 10
internal_value=0 -3.05133e-05 -0.000410186 -0.000190353 7.61796e-05 2.13117e-05 0.000643323
internal_weight=0 506 111 96 395 378 24
internal_count=530 506 111 96 395 378 24
is_linear=0
shrinkage=0.1


Tree=347
num_leaves=9
num_cat=0
split_feature=29 35 28 24 45 92 86 15
split_gain=0.0010306 0.00624939 0.00601756 0.00561267 0.00512301 0.0052822 0.00434051 0.00410861
threshold=2.3502401828962087 3.7494348669884658 3.2769667020129059 2.0126758453675748 1.700598690831078 3.854127955062332 0.68662364609322568 3.7726948748059121
decision_type=2 2 2 2 2 2 2 2
left_child=1 2 3 -1 7 -6 -7 -2
right_child=4 -3 -4 -5 5 6 -8 -9
leaf_value=0.00017922321974019257 0.002614844332648707 -0.0026193332113325597 0.0021125077716230107 -0.0010694061965645792 -0.0019829912791745024 0.00016670241506026515 -0.0015262808854458855 0.00014600168618087011
leaf_weight=117 14.000000000000002 9.9999999999999982 11.999999999999998 52 12.999999999999998 283 15.999999999999998 12.999999999999998
leaf_count=117 14 10 12 52 13 283 16 13
internal_value=0 -0.000185776 -5.13255e-05 -0.00020497 0.00010467 -9.68781e-06 7.6108e-05 0.00142614
internal_weight=0 191 181 169 339 312 299 27
internal_count=530 191 181 169 339 312 299 27
is_linear=0
shrinkage=0.1


Tree=348
num_leaves=8
num_cat=0
split_feature=38 47 42 23 15 104 35
split_gain=0.00105471 0.00382269 0.00323748 0.00198637 0.00250391 0.00174515 0.00209587
threshold=8.9808621585217967 4.7405652883788738 8.9683302942775107 5.8997622255478577 5.5234569284970156 2.6735537653587351 5.0937313815282925
decision_type=2 2 2 2 2 2 2
left_child=2 -2 3 4 -1 -3 -7
right_child=1 5 -4 -5 -6 6 -8
leaf_value=2.0319028966636713e-05 -0.0020777088399468501 -0.0012130481930216774 0.0016077837047095483 0.0013346762967888605 -0.0012538809633042547 -0.0010067973419791089 0.00065176537955267131
leaf_weight=427 10.999999999999998 9.9999999999999982 12.999999999999998 10.999999999999998 15.999999999999998 9.9999999999999982 32
leaf_count=427 11 10 13 11 16 10 32
internal_value=0 -0.000384076 5.18132e-05 7.25896e-06 -2.57017e-05 -2.5807e-05 0.000256869
internal_weight=0 63 467 454 443 52 42
internal_count=530 63 467 454 443 52 42
is_linear=0
shrinkage=0.1


Tree=349
num_leaves=9
num_cat=0
split_feature=85 5 5 98 71 23 92 21
split_gain=0.00098782 0.00159717 0.00628138 0.00599852 0.00407943 0.00402844 0.00368198 0.00280338
threshold=0.68988791877841538 3.3842466058243152 3.5114340430413216 3.4175922930736511 0.34657359027997137 3.1984648276080736 3.9683507299552345 3.5694334999727624
decision_type=2 2 2 2 2 2 2 2
left_child=1 3 4 7 -3 -4 -5 -1
right_child=-2 2 5 6 -6 -7 -8 -9
leaf_value=-6.4324739220841091e-05 -0.00070800214399289541 0.0029850444514662594 0.0016399549586432324 -0.00021195419132709499 0.00029851335639250468 -0.00014955168284682113 -0.0027642631007788274 0.0010806979819038966
leaf_weight=304 19 13.000000000000002 13.999999999999998 10.000000000000002 9.9999999999999982 124 12.999999999999998 23
leaf_count=304 19 13 14 10 10 124 13 23
internal_value=0 2.63249e-05 0.000286992 -9.35818e-05 0.00181699 3.19925e-05 -0.00165456 1.6212e-05
internal_weight=0 511 161 350 23 138 23 327
internal_count=530 511 161 350 23 138 23 327
is_linear=0
shrinkage=0.1


Tree=350
num_leaves=13
num_cat=0
split_feature=42 42 82 103 42 53 20 26 15 14 42 33
split_gain=0.00102773 0.00517276 0.00881395 0.0131353 0.00430865 0.00459298 0.00432803 0.0100251 0.00245192 0.00678213 0.00231019 0.00139317
threshold=8.4756358473943063 8.1318150588007718 0.51767504552553156 5.1873702005911486 8.8350534014812574 1.5119428067218552 3.5114340430413216 8.5681665189468355 5.5234569284970156 8.6980845797772144 8.6980845797772144 3.3497501700808394
decision_type=2 2 2 2 2 2 2 2 2 2 2 2
left_child=1 8 3 -3 5 11 -6 -8 9 -1 -7 -2
right_child=4 2 -4 -5 6 10 7 -9 -10 -11 -12 -13
leaf_value=-8.2652547618916014e-05 -0.00067478991113603096 0.00057225282958132159 -0.0013021104299696163 0.0049756907462142411 -0.0016590630974281919 -0.0010936597386984536 0.0034101140731945634 1.8314527609156417e-06 -0.0012534172536106782 0.0020922269206494096 -0.002953526674007828 0.00099444275721907618
leaf_weight=325 10.000000000000002 21.000000000000004 10.999999999999998 9.9999999999999982 10.999999999999998 17.000000000000004 9.9999999999999982 63 15.999999999999998 14.999999999999998 10.999999999999998 9.9999999999999982
leaf_count=325 10 21 11 10 11 17 10 63 16 15 11 10
internal_value=0 8.01951e-05 0.00112979 0.00199272 -0.0002418 -0.000997593 0.000190081 0.000468719 -4.3633e-05 1.3298e-05 -0.00182432 0.000159826
internal_weight=0 398 42 31 132 48 84 73 356 340 28 20
internal_count=530 398 42 31 132 48 84 73 356 340 28 20
is_linear=0
shrinkage=0.1


Tree=351
num_leaves=10
num_cat=0
split_feature=70 58 55 33 0 24 100 34 89
split_gain=0.00109006 0.0075318 0.00510873 0.00741864 0.00468756 0.00422662 0.00293844 0.00833741 0.00344138
threshold=2.7218883830391021 2.1383330595080281 2.9700856263602158 3.0677824455408698 2.9174053685313028 3.0201273556387074 4.166635176627655 8.0940731014520217 0.65541501693949999
decision_type=2 2 2 2 2 2 2 2 2
left_child=1 6 3 -2 -4 -6 8 -8 -1
right_child=2 -3 4 -5 5 -7 7 -9 -10
leaf_value=5.1043364155936084e-06 -0.0031270458362996573 0.0025197995754961786 0.0015261520129953219 0.0004015318901193413 -0.00069785318746220419 0.00013242601688170707 0.0032702292129397383 -0.00026616890390869231 -0.0015585435961838813
leaf_weight=117 13.000000000000002 12.999999999999998 19 10.999999999999998 84 227 10.000000000000002 20 15.999999999999998
leaf_count=117 13 13 19 11 84 227 10 20 16
internal_value=0 0.000203391 -0.000101121 -0.00150978 1.32705e-06 -9.18295e-05 1.86468e-05 0.00091263 -0.000183004
internal_weight=0 176 354 24 330 311 163 30 133
internal_count=530 176 354 24 330 311 163 30 133
is_linear=0
shrinkage=0.1


Tree=352
num_leaves=9
num_cat=0
split_feature=2 2 16 28 96 57 57 35
split_gain=0.00107563 0.00422072 0.00590495 0.00373513 0.00250579 0.00309899 0.00542704 0.00327467
threshold=5.6039197429949557 5.4227230155794315 0.69314718055994573 7.5894152073985326e-18 5.6732701237373151 0.81461485922290666 1.4196364390787501 3.9981586158983733
decision_type=2 2 2 2 2 2 2 2
left_child=1 2 3 -1 -2 7 -7 -6
right_child=4 -3 -4 -5 5 6 -8 -9
leaf_value=-0.00036008370804362739 -0.0012478202307487237 0.0018518165405839683 -0.0020044636039528996 0.0014660967452939423 0.0019440905016381291 -0.0013096851599777549 2.7242001705369483e-05 -0.00024121346650645138
leaf_weight=24 17 14.999999999999998 11.999999999999998 21 16.000000000000004 33 380 11.999999999999998
leaf_count=24 17 15 12 21 16 33 380 12
internal_value=0 0.000359301 -3.34656e-05 0.000492134 -5.64841e-05 -1.05596e-05 -7.95827e-05 0.00100753
internal_weight=0 72 57 45 458 441 413 28
internal_count=530 72 57 45 458 441 413 28
is_linear=0
shrinkage=0.1


Tree=353
num_leaves=8
num_cat=0
split_feature=24 25 29 47 40 33 33
split_gain=0.00107577 0.0048138 0.00490795 0.00332409 0.00396381 0.00266266 0.00224833
threshold=4.7094896185437563 4.0942056540395164 3.9981586158983733 3.7012257604091228 4.2555875595453383 3.6505739029280164 4.8596922048298721
decision_type=2 2 2 2 2 2 2
left_child=1 2 5 -2 -5 -1 -6
right_child=3 -3 -4 4 6 -7 -8
leaf_value=-2.8117652738700881e-05 -0.0020511914719827475 0.0017604590320843272 -0.0019999176186198992 0.0016352231635458092 -0.0011348976157605649 0.00083838771325901729 0.00019328641031349366
leaf_weight=391 9.9999999999999982 15.999999999999998 11.999999999999998 10.999999999999998 25 39 26
leaf_count=391 10 16 12 11 25 39 26
internal_value=0 5.64879e-05 -5.19433e-06 -0.000359326 -8.64442e-05 5.04724e-05 -0.000457784
internal_weight=0 458 442 72 62 430 51
internal_count=530 458 442 72 62 430 51
is_linear=0
shrinkage=0.1


Tree=354
num_leaves=9
num_cat=0
split_feature=36 40 33 37 74 89 100 89
split_gain=0.00100435 0.00847708 0.00623739 0.00352423 0.00333844 0.00248979 0.00632574 0.00454467
threshold=3.8393944990995772 3.8393944990995772 3.3140206880897671 3.4175922930736511 0.027914224776470934 0.56689715819657438 3.5694334999727624 0.5232227682289422
decision_type=2 2 2 2 2 2 2 2
left_child=1 5 -2 -4 -5 7 -7 -1
right_child=2 -3 3 4 -6 6 -8 -9
leaf_value=-4.4088347891446061e-05 -0.0019600144419301717 0.0025075257622769903 0.0018225990451173858 0.00011777420979718767 -0.001098817725349883 -0.0007451050950644108 0.0011916027884126381 -0.0018351784938325487
leaf_weight=255 18 13.999999999999998 9.9999999999999982 116 28 26 48 14.999999999999998
leaf_count=255 18 14 10 116 28 26 48 15
internal_value=0 9.54172e-05 -0.000198601 7.27859e-06 -0.000118785 -2.75001e-06 0.000511138 -0.000143593
internal_weight=0 358 172 154 144 344 74 270
internal_count=530 358 172 154 144 344 74 270
is_linear=0
shrinkage=0.1


Tree=355
num_leaves=11
num_cat=0
split_feature=65 75 42 25 33 45 42 41 7 89
split_gain=0.00103084 0.00516353 0.00563945 0.00625871 0.0040666 0.00356598 0.00637559 0.00326776 0.00324367 0.00282847
threshold=2.6108875850678701 3.0201273556387074 8.1318150588007718 3.0677824455408698 2.0126758453675753 2.4414009612931857 6.2671555386121431 2.6735537653587347 3.7012257604091228 0.17853517573474983
decision_type=2 2 2 2 2 2 2 2 2 2
left_child=1 2 3 -1 8 6 -6 -7 -2 -10
right_child=4 -3 -4 -5 5 7 -8 -9 9 -11
leaf_value=0.00011712319124490023 -0.0021564331502304415 0.0018898107411587262 0.0018376431602519006 -0.0014461677370127292 -0.00074906982907642881 -0.0016663049634259481 0.0019575857688956286 -3.0384162517347886e-05 -0.0011713489089743233 0.00097254154039546855
leaf_weight=175 15.999999999999998 15.999999999999998 15.999999999999998 30 13.999999999999998 12.999999999999998 23 201 16.000000000000004 9.9999999999999982
leaf_count=175 16 16 16 30 14 13 23 201 16 10
internal_value=0 0.000155067 2.94743e-05 -0.000111651 -0.000125429 2.69654e-05 0.000933446 -0.000129763 -0.00103617 -0.000346776
internal_weight=0 237 221 205 293 251 37 214 42 26
internal_count=530 237 221 205 293 251 37 214 42 26
is_linear=0
shrinkage=0.1


Tree=356
num_leaves=8
num_cat=0
split_feature=85 51 50 51 50 84 51
split_gain=0.00110634 0.00136484 0.00477589 0.00415919 0.00492088 0.00365983 0.00309387
threshold=0.68988791877841538 4.1971736807086968 8.104850396881865 4.4885732424042368 8.2900073123853399 0.67754957416236838 4.7140145363037149
decision_type=2 2 2 2 2 2 2
left_child=1 2 5 4 -3 -1 -5
right_child=-2 3 -4 6 -6 -7 -8
leaf_value=-4.6844443039888231e-05 -0.00074927356725215525 0.00039392058471483847 -0.0016191285927274488 -0.0010444833528405677 0.0027482247732293148 0.0018944826713413931 0.00024821544940982959
leaf_weight=336 19 28 19 24 12.999999999999998 9.9999999999999982 81
leaf_count=336 19 28 19 24 13 10 81
internal_value=0 2.78595e-05 -7.55023e-05 0.000286264 0.00114041 9.26328e-06 -4.72586e-05
internal_weight=0 511 365 146 41 346 105
internal_count=530 511 365 146 41 346 105
is_linear=0
shrinkage=0.1


Tree=357
num_leaves=10
num_cat=0
split_feature=35 35 26 45 80 31 48 4 95
split_gain=0.00113663 0.00232622 0.00504328 0.00493468 0.00391808 0.0022836 0.00229019 0.00175461 0.00116386
threshold=5.2522597220941352 4.7405652883788738 8.5681665189468355 4.0942056540395164 0.25905610378288324 5.2907605476430133 3.7012257604091228 3.1567740231385479 3.3842466058243152
decision_type=2 2 2 2 2 2 2 2 2
left_child=1 3 -3 7 -4 -2 8 -1 -7
right_child=5 2 4 -5 -6 6 -8 -9 -10
leaf_value=0.00023036623855919711 -0.001704957890747623 0.00272277498152107 0.0014286538922273653 -0.002015468923491426 -0.00077606327464117819 -3.2328076174183355e-05 -0.0011277949532086495 -0.00018516285322074246 0.0012244622036814692
leaf_weight=224 10.999999999999998 9.9999999999999982 13.999999999999998 11.999999999999998 19 28 15.999999999999998 186 9.9999999999999982
leaf_count=224 11 10 14 12 19 28 16 186 10
internal_value=0 5.47523e-05 0.000755435 -1.66443e-05 0.000159271 -0.00039169 -0.000124172 4.18579e-05 0.000298406
internal_weight=0 465 43 422 33 65 54 410 38
internal_count=530 465 43 422 33 65 54 410 38
is_linear=0
shrinkage=0.1


Tree=358
num_leaves=14
num_cat=0
split_feature=42 42 29 57 42 53 20 26 21 46 24 57 33
split_gain=0.000971164 0.00343465 0.00671861 0.00639351 0.00323607 0.00345438 0.0032397 0.00713653 0.00214675 0.00566644 0.00545635 0.00186576 0.00112556
threshold=8.4756358473943063 8.1318150588007718 2.524928003624769 2.4074134173640811 8.8350534014812574 1.5119428067218552 3.5114340430413216 8.5681665189468355 2.740319461670996 7.9968067380464545 3.0201273556387074 2.6479007778435659 3.3497501700808394
decision_type=2 2 2 2 2 2 2 2 2 2 2 2 2
left_child=1 8 -3 -4 5 12 -6 -8 10 -10 -1 -7 -2
right_child=4 2 3 -5 6 11 7 -9 9 -11 -12 -13 -14
leaf_value=-4.6155080748432566e-05 -0.00063648109091445787 -0.0013292861718218775 0.003736808467656374 0.00068727478289722728 -0.0014606103809042411 -0.0025495996582321819 0.0028620240860618654 -1.3616822090827756e-05 -0.0001495369205923765 -0.00261718955822289 0.0013203090598939786 -0.00090008528259204472 0.00086389119504019611
leaf_weight=177 10.000000000000002 9.9999999999999982 9.9999999999999982 22 10.999999999999998 12.000000000000002 9.9999999999999982 63 134 9.9999999999999982 35 15.999999999999998 9.9999999999999982
leaf_count=177 10 10 10 22 11 12 10 63 134 10 35 16 10
internal_value=0 7.79568e-05 0.000933221 0.00164025 -0.000235051 -0.000890051 0.000139234 0.000380307 -2.29452e-05 -0.000320902 0.00017944 -0.00160702 0.000113705
internal_weight=0 398 42 32 132 48 84 73 356 144 212 28 20
internal_count=530 398 42 32 132 48 84 73 356 144 212 28 20
is_linear=0
shrinkage=0.1


Tree=359
num_leaves=8
num_cat=0
split_feature=38 86 75 15 19 86 88
split_gain=0.000964758 0.00121807 0.00357851 0.00492183 0.00391645 0.00317191 0.00242769
threshold=10.18815057630662 0.45154517707384256 1.0000000180025095e-35 5.5234569284970156 0.34657359027997314 0.41465158580126077 0.6893865327498786
decision_type=2 2 2 2 2 2 2
left_child=1 5 3 -3 -4 6 -1
right_child=-2 2 4 -5 -6 -7 -8
leaf_value=-9.2204571818176902e-05 -0.00088643238535344917 0.00092987903199060872 -0.002037098352924328 -0.0012401803707083067 3.3088135683943558e-05 -0.0018371287520858462 0.0011002044736718138
leaf_weight=332 11.999999999999998 81 10.999999999999998 11.999999999999998 54 9.9999999999999982 18
leaf_count=332 12 81 11 12 54 10 18
internal_value=0 2.05351e-05 0.000252005 0.000649871 -0.000317251 -8.10542e-05 -3.08807e-05
internal_weight=0 518 158 93 65 360 350
internal_count=530 518 158 93 65 360 350
is_linear=0
shrinkage=0.1


Tree=360
num_leaves=8
num_cat=0
split_feature=96 18 6 96 5 96 57
split_gain=0.000944095 0.0062815 0.00406016 0.00336561 0.00481093 0.00349522 0.00391558
threshold=4.330646767694998 4.8471850864775066 1.0000000180025095e-35 5.5391444897808926 1.8688348091416844 5.6732701237373151 0.81461485922290666
decision_type=2 2 2 2 2 2 2
left_child=1 -1 -3 4 -2 -5 -7
right_child=3 2 -4 5 -6 6 -8
leaf_value=-0.0026316306600347164 -7.1423638922472787e-05 0.0019036918389610941 -0.00060943504795432093 -0.0015275903698056936 0.0026149106522401176 0.0011085947216939061 -5.6112012310511477e-05
leaf_weight=9.9999999999999982 15.000000000000002 10.000000000000002 18 14.999999999999998 11.999999999999998 31 419
leaf_count=10 15 10 18 15 12 31 419
internal_value=0 -0.000480243 0.00028811 3.70919e-05 0.0011225 -2.59319e-05 2.41233e-05
internal_weight=0 38 28 492 27 465 450
internal_count=530 38 28 492 27 465 450
is_linear=0
shrinkage=0.1


Tree=361
num_leaves=8
num_cat=0
split_feature=47 42 38 39 31 103 100
split_gain=0.000956195 0.0052806 0.00317232 0.00313497 0.00218967 0.00178802 0.00200232
threshold=4.9662804000109189 8.9404231003657895 8.9404231003657895 4.9126278521332782 5.2652741739841078 2.3937458713910238 5.1845532917320201
decision_type=2 2 2 2 2 2 2
left_child=1 2 4 -2 -1 -5 -7
right_child=3 -3 -4 5 -6 6 -8
leaf_value=1.0294059291901739e-05 -0.0018066226766677573 0.0023299859650433067 -0.001754717966541648 0.0010009368944268388 0.0014397161377763207 -0.00086426894757702646 0.00031155274773482234
leaf_weight=416 11.999999999999998 9.9999999999999982 9.9999999999999982 12.999999999999998 10.999999999999998 30 28
leaf_count=416 12 10 10 13 11 30 28
internal_value=0 5.78789e-05 5.88564e-06 -0.000311709 4.71176e-05 -5.90481e-05 -0.000296631
internal_weight=0 447 437 83 427 71 58
internal_count=530 447 437 83 427 71 58
is_linear=0
shrinkage=0.1


Tree=362
num_leaves=9
num_cat=0
split_feature=33 32 100 45 44 24 66 35
split_gain=0.000859307 0.00458779 0.00308197 0.00177539 0.00187473 0.00149551 0.00199168 0.00179049
threshold=4.5591125415341898 5.0005339404374967 5.1445790166580574 4.1971736807086968 5.2652741739841078 4.7360445312007302 3.6242520361853052 4.7405652883788738
decision_type=2 2 2 2 2 2 2 2
left_child=1 5 -2 -4 -5 6 -1 -7
right_child=2 -3 3 4 -6 7 -8 -9
leaf_value=-3.3208911890490267e-05 -0.0019658259069547058 0.0020585653499107471 -0.0010521736059507186 0.001537452615157235 -0.00020795124219148421 -0.001573085753121771 0.00069024628946430142 0.00012083538094884717
leaf_weight=405 9.9999999999999982 10.999999999999998 10.999999999999998 10.000000000000002 15.999999999999998 13.000000000000002 42 11.999999999999998
leaf_count=405 10 11 11 10 16 13 42 12
internal_value=0 3.97202e-05 -0.000408189 1.27945e-05 0.000463358 -7.32914e-06 3.47667e-05 -0.000760004
internal_weight=0 483 47 37 26 472 447 25
internal_count=530 483 47 37 26 472 447 25
is_linear=0
shrinkage=0.1


Tree=363
num_leaves=8
num_cat=0
split_feature=39 39 37 32 20 40 31
split_gain=0.000914905 0.00576495 0.00547638 0.00445163 0.00522736 0.00194962 0.00360452
threshold=4.1971736807086968 4.1026092131977068 3.0201273556387074 3.4175922930736511 3.3842466058243152 3.9415346756528771 3.9415346756528771
decision_type=2 2 2 2 2 2 2
left_child=1 5 -2 -4 -5 6 -1
right_child=2 -3 3 4 -6 -7 -8
leaf_value=7.1989472956959273e-05 -0.0021591392703927481 0.002249012761361276 0.0015579332277411595 -0.0017475863131326869 2.3981179779016035e-05 0.0011325191989696275 -0.0010971145076147312
leaf_weight=291 12.999999999999998 11.999999999999998 15.999999999999998 19 135 14.999999999999998 29
leaf_count=291 13 12 16 19 135 15 29
internal_value=0 9.54137e-05 -0.000180921 -2.96456e-05 -0.000194589 1.82699e-05 -3.39606e-05
internal_weight=0 347 183 170 154 335 320
internal_count=530 347 183 170 154 335 320
is_linear=0
shrinkage=0.1


Tree=364
num_leaves=9
num_cat=0
split_feature=4 102 9 25 13 87 3 17
split_gain=0.00086371 0.00503894 0.00459758 0.00349177 0.00313785 0.00332632 0.00547826 0.00481077
threshold=3.1567740231385479 3.8176519431297078 3.1132683346437333 2.740319461670996 1.8688348091416844 0.067463288770553395 4.3819485035697312 3.2384861814448418
decision_type=2 2 2 2 2 2 2 2
left_child=1 2 3 -1 -2 7 -7 -6
right_child=4 -3 -4 -5 5 6 -8 -9
leaf_value=-6.8889770781850045e-05 -0.0016393797306451373 0.0019769226649909151 -0.0014675587317661235 0.00086139972312903072 0.00099622373849055502 -0.001459260615390829 -1.9527995971077543e-06 -0.00021239543137385343
leaf_weight=169 12.999999999999998 13.999999999999998 19 53 57 36 91 78
leaf_count=169 13 14 19 53 57 36 91 78
internal_value=0 0.000132569 2.54282e-05 0.000153206 -0.000122928 -4.76839e-05 -0.000415048 0.00029791
internal_weight=0 255 241 222 275 262 127 135
internal_count=530 255 241 222 275 262 127 135
is_linear=0
shrinkage=0.1


Tree=365
num_leaves=9
num_cat=0
split_feature=15 11 7 55 102 16 20 99
split_gain=0.000937228 0.00612683 0.00882532 0.00376586 0.00418111 0.00373888 0.00540486 0.00263972
threshold=2.249904835165133 2.524928003624769 2.0126758453675753 1.8688348091416842 1.8688348091416846 3.4498615536424366 3.1984648276080736 1.4978661367769959
decision_type=2 2 2 2 2 2 2 2
left_child=5 2 -2 -3 -5 6 7 -1
right_child=1 3 -4 4 -6 -7 -8 -9
leaf_value=-0.00013131136863648863 0.00024357838967048072 0.0014088860719072584 -0.0029786452034707457 -0.001105684085544481 8.4411334659567475e-05 -0.0016750817676074803 0.0023582407350962362 0.00081339923382897509
leaf_weight=100 17 19 17 33 280 9.9999999999999982 11.999999999999998 42
leaf_count=100 17 19 17 33 280 10 12 42
internal_value=0 -8.90156e-05 -0.00136753 4.1917e-05 -4.1062e-05 0.000198657 0.000320328 0.00014811
internal_weight=0 366 34 332 313 164 154 142
internal_count=530 366 34 332 313 164 154 142
is_linear=0
shrinkage=0.1


Tree=366
num_leaves=12
num_cat=0
split_feature=2 16 45 45 57 33 35 32 59 21 65
split_gain=0.0008655 0.00361294 0.00465222 0.00922983 0.00279152 0.00424495 0.00513991 0.00406 0.00343979 0.00656673 0.00344309
threshold=5.6869696108313716 1.8688348091416842 1.2424533248940006 1.700598690831078 1.4196364390787501 2.8029010331479989 4.2555875595453383 2.9174053685313028 3.0201273556387074 2.602003343538398 2.1911597867307369
decision_type=2 2 2 2 2 2 2 2 2 2 2
left_child=1 2 -1 -4 5 7 -7 -2 9 -6 -10
right_child=4 -3 3 -5 8 6 -8 -9 10 -11 -12
leaf_value=0.0019351351498202844 -0.0006839586116758915 0.0019839498468420722 -0.0030786704923957586 0.00023867763638218796 -0.00020141202363778245 0.0015524186915718016 -0.0012242466552076319 -0.0029402631657748403 -0.00088863399903138366 0.0024153913151274218 6.8783105859625165e-05
leaf_weight=10.999999999999998 29 10.999999999999998 9.9999999999999982 52 22 15.000000000000002 11.999999999999998 10.999999999999998 43 17 297
leaf_count=11 29 11 10 52 22 15 12 11 43 17 297
internal_value=0 0.000294458 3.9877e-05 -0.000296379 -5.54584e-05 -0.000650483 0.000318345 -0.00130444 4.97306e-05 0.000939246 -5.2302e-05
internal_weight=0 84 73 62 446 67 27 40 379 39 340
internal_count=530 84 73 62 446 67 27 40 379 39 340
is_linear=0
shrinkage=0.1


Tree=367
num_leaves=10
num_cat=0
split_feature=44 30 39 39 34 47 18 25 101
split_gain=0.000862871 0.00508465 0.00636821 0.00466289 0.0040536 0.00294351 0.00348258 0.00412136 0.00292487
threshold=3.9415346756528771 8.1318150588007718 3.7726948748059121 4.2972622671762819 8.0871791040414465 3.9219243190762363 7.5472370651895995 3.1132683346437333 4.3239352575289276
decision_type=2 2 2 2 2 2 2 2 2
left_child=1 4 -3 -4 8 -2 -7 -8 -1
right_child=5 2 3 -5 -6 6 7 -9 -10
leaf_value=0.00012860857137379103 -0.0017741470047357409 -0.0008491375896317716 0.0034745773479395812 0.00082989791718622054 -0.0020246460125781596 0.0017233041836880146 -0.0015360152255743742 1.8324067460870822e-05 -0.00080499461450687568
leaf_weight=287 10.999999999999998 10.999999999999998 12.000000000000002 14.999999999999998 9.9999999999999982 9.9999999999999982 20 116 38
leaf_count=287 11 11 12 15 10 10 20 116 38
internal_value=0 8.27809e-05 0.00117902 0.00200531 -4.15689e-05 -0.000196671 -7.78197e-05 -0.000210255 1.94488e-05
internal_weight=0 373 38 27 335 157 146 136 325
internal_count=530 373 38 27 335 157 146 136 325
is_linear=0
shrinkage=0.1


Tree=368
num_leaves=8
num_cat=0
split_feature=38 39 4 32 37 80 46
split_gain=0.000840724 0.00265833 0.00283168 0.00240973 0.00203612 0.00148723 0.00134071
threshold=8.9808621585217967 5.2094712223428914 3.5408542930527882 4.9451504953659766 5.1297411325849991 39.315506526412513 7.955199711512468
decision_type=2 2 2 2 2 2 2
left_child=3 -2 -3 5 -4 6 -1
right_child=1 2 4 -5 -6 -7 -8
leaf_value=8.6351576585365147e-05 -0.0016168420874656969 -0.0010150888132759266 0.0013504057584214026 0.0013384033979881289 -0.00024494493482052349 0.0012123120808973909 -0.00030308568863995894
leaf_weight=321 12.999999999999998 18 15.999999999999998 13.999999999999998 15.999999999999998 9.9999999999999982 122
leaf_count=321 13 18 16 14 16 10 122
internal_value=0 -0.000342908 -1.16845e-05 4.62595e-05 0.00055273 6.32566e-06 -2.08975e-05
internal_weight=0 63 50 467 32 453 443
internal_count=530 63 50 467 32 453 443
is_linear=0
shrinkage=0.1


Tree=369
num_leaves=8
num_cat=0
split_feature=96 7 28 96 48 96 57
split_gain=0.000779111 0.00566357 0.00367122 0.00283085 0.00387793 0.00265244 0.00347656
threshold=4.330646767694998 7.1150767569361238e-19 1.0000000180025095e-35 5.5391444897808926 3.0677824455408698 5.6732701237373151 0.81461485922290666
decision_type=2 2 2 2 2 2 2
left_child=1 2 -1 4 -2 -5 -7
right_child=3 -3 -4 5 -6 6 -8
leaf_value=-0.00086711824540263739 0.0021010697524373725 -0.0023489328699228778 0.001466617500409484 -0.0013322526961565019 -0.0003107540425844491 0.0010413672175115696 -5.6103671736873843e-05
leaf_weight=13.000000000000002 15.000000000000002 10.999999999999998 13.999999999999998 14.999999999999998 11.999999999999998 31 419
leaf_count=13 15 11 14 15 12 31 419
internal_value=0 -0.000436267 0.000342967 3.36954e-05 0.00102915 -2.4105e-05 1.94999e-05
internal_weight=0 38 27 492 27 465 450
internal_count=530 38 27 492 27 465 450
is_linear=0
shrinkage=0.1


Tree=370
num_leaves=6
num_cat=0
split_feature=95 85 77 75 75
split_gain=0.000765478 0.0014774 0.00115474 0.00303594 0.00264738
threshold=5.3659650969185444 0.68988791877841538 3.8606743063089755 3.4498615536424366 3.7726948748059121
decision_type=2 2 2 2 2
left_child=1 2 3 -1 -4
right_child=-2 -3 4 -5 -6
leaf_value=1.037488328124296e-05 0.00072960751671676666 -0.00096570479581714608 0.0015263272027368658 -0.001436332311059232 -7.6014759894139306e-05
leaf_weight=440 13.999999999999998 15.999999999999998 15.999999999999998 14.999999999999998 29
leaf_count=440 14 16 16 15 29
internal_value=0 -1.97956e-05 1.04735e-05 -3.73188e-05 0.000493707
internal_weight=0 516 500 455 45
internal_count=530 516 500 455 45
is_linear=0
shrinkage=0.1


Tree=371
num_leaves=12
num_cat=0
split_feature=25 3 28 19 29 61 12 18 88 23 73
split_gain=0.000761765 0.00366487 0.00330858 0.00410092 0.0032028 0.00768358 0.006593 0.00381438 0.0035991 0.00273139 0.00249709
threshold=1.2424533248940006 3.6762205501217919 1.0000000180025095e-35 3.4152368433293397e-18 1.8688348091416844 2.1158171178773775 1.4978661367769959 5.5154246272451131 0.028606709871834928 0.69314718055994573 1.2424533248940004
decision_type=2 2 2 2 2 2 2 2 2 2 2
left_child=1 2 3 -1 5 6 -2 -6 -7 -9 -4
right_child=4 -3 10 -5 7 8 -8 9 -10 -11 -12
leaf_value=-0.00060439492671695704 -0.00032186890436735531 -0.0015336494228904486 0.0019648741143464578 0.0015458582163167499 0.0019746419833973051 -0.00055387267909411857 -0.0033392544308056432 -0.0010854005278485024 0.0018632947594266046 6.2755977640417668e-05 0.00014019667481382687
leaf_weight=34 14.000000000000002 9.9999999999999982 20 11.999999999999998 9.9999999999999982 14.000000000000002 14.999999999999998 22 10.999999999999998 356 11.999999999999998
leaf_count=34 14 10 20 12 10 14 15 22 11 356 12
internal_value=0 0.000268684 0.000499753 -4.34593e-05 -5.34937e-05 -0.000775055 -0.00188259 4.69297e-05 0.000509681 -4.06795e-06 0.00128062
internal_weight=0 88 78 46 442 54 29 388 25 378 32
internal_count=530 88 78 46 442 54 29 388 25 378 32
is_linear=0
shrinkage=0.1


Tree=372
num_leaves=10
num_cat=0
split_feature=72 30 72 102 6 3 47 36 19
split_gain=0.000738043 0.00156876 0.00129067 0.0024884 0.00534398 0.00446553 0.00221237 0.00720065 0.00337335
threshold=0.77975360085780265 6.1783958649385831 0.19014861820061882 3.2769667020129059 7.6537014532716663 2.0126758453675753 2.1383330595080281 1.700598690831078 4.0163424379838117
decision_type=2 2 2 2 2 2 2 2 2
left_child=2 -2 6 5 -5 -4 8 -8 -1
right_child=1 -3 3 4 -6 -7 7 -9 -10
leaf_value=0.00067876792285418092 -0.00020185718491960025 0.0014207591091028671 -0.0027640372375026348 0.0014792284337760832 -0.00050814046408049769 -0.00036791732834119884 -0.0017751062835526209 6.6526831975299532e-05 -0.0012617469206452371
leaf_weight=86 13.000000000000002 10.999999999999998 9.9999999999999982 19 47 35 23 276 9.9999999999999982
leaf_count=86 13 11 10 19 47 35 23 276 10
internal_value=0 0.000541842 -2.57e-05 -0.00032698 6.39809e-05 -0.000900388 5.89634e-05 -7.51373e-05 0.000476631
internal_weight=0 24 506 111 66 45 395 299 96
internal_count=530 24 506 111 66 45 395 299 96
is_linear=0
shrinkage=0.1


Tree=373
num_leaves=7
num_cat=0
split_feature=44 40 37 31 34 8
split_gain=0.000737177 0.000932758 0.00233109 0.00236168 0.00216743 0.00166722
threshold=5.814019136035367 5.1179758838799021 4.135134555718313 5.2652741739841078 8.9808621585217967 3.9607678160667752
decision_type=2 2 2 2 2 2
left_child=1 2 4 -4 -1 -3
right_child=-2 5 3 -5 -6 -7
leaf_value=1.4807980490773112e-05 -0.00077485803243083256 1.8905969581713798e-05 -0.001476829337687897 8.4148128775672778e-05 0.0014359925492581998 0.0016141207120381298
leaf_weight=439 11.999999999999998 19.000000000000004 21 18 10.999999999999998 9.9999999999999982
leaf_count=439 12 19 21 18 11 10
internal_value=0 1.79504e-05 -1.47283e-05 -0.000756378 4.9548e-05 0.00056898
internal_weight=0 518 489 39 450 29
internal_count=530 518 489 39 450 29
is_linear=0
shrinkage=0.1


Tree=374
num_leaves=9
num_cat=0
split_feature=35 72 45 92 32 99 98 15
split_gain=0.000746949 0.00209775 0.00252223 0.00195704 0.00158056 0.00144928 0.00373915 0.000986282
threshold=5.2522597220941352 0.097931092910360423 4.9765196656826882 4.0626909799270683 4.867504863781412 4.5642939350519631 4.4484992763719129 5.8997622255478577
decision_type=2 2 2 2 2 2 2 2
left_child=4 2 3 -2 5 6 -1 -4
right_child=1 -3 7 -5 -6 -7 -8 -9
leaf_value=-2.9168983624319056e-05 -0.00060489973478505149 0.0010147734952624889 -0.00034159701220535973 -0.0022805875493213537 0.00096313412383703203 -0.0008716626053986451 0.0012310750116594138 0.0010030903853476048
leaf_weight=404 23 9.9999999999999982 12.000000000000002 9.9999999999999982 18 18 25 9.9999999999999982
leaf_count=404 23 10 12 10 18 18 25 10
internal_value=0 -0.000317525 -0.000559761 -0.00111268 4.43851e-05 7.38854e-06 4.42718e-05 0.000269625
internal_weight=0 65 55 33 465 447 429 22
internal_count=530 65 55 33 465 447 429 22
is_linear=0
shrinkage=0.1


Tree=375
num_leaves=7
num_cat=0
split_feature=84 87 38 87 31 87
split_gain=0.000754449 0.00125139 0.00362857 0.00341844 0.00316166 0.00208254
threshold=0.69183111499432737 0.65067597158102009 8.1028887224174948 0.63510234907380003 3.4811217321331038 0.61701927422320779
decision_type=2 2 2 2 2 2
left_child=1 3 4 5 -3 -1
right_child=-2 2 -4 -5 -6 -7
leaf_value=-2.4834502027962746e-05 -0.00078388278586013864 0.00064951887170243416 0.0021921505173668264 -0.001634078684191291 -0.0011610650528122537 0.0013104540727605734
leaf_weight=438 11.999999999999998 31 9.9999999999999982 12.999999999999998 13.999999999999998 11.999999999999998
leaf_count=438 12 31 10 13 14 12
internal_value=0 1.81594e-05 0.000469121 -3.54106e-05 8.62261e-05 1.07732e-05
internal_weight=0 518 55 463 45 450
internal_count=530 518 55 463 45 450
is_linear=0
shrinkage=0.1


Tree=376
num_leaves=9
num_cat=0
split_feature=36 40 33 56 41 102 86 70
split_gain=0.000712997 0.00459816 0.00379491 0.00268566 0.00278446 0.00185482 0.00517039 0.00235593
threshold=3.8393944990995772 3.8393944990995772 3.3140206880897671 2.3393264813739481 3.4175922930736511 1.0000000180025095e-35 0.068497689240783338 0.03556913307947078
decision_type=2 2 2 2 2 2 2 2
left_child=1 5 -2 -4 -5 6 -1 -7
right_child=2 -3 3 4 -6 7 -8 -9
leaf_value=0.00056321669008435778 -0.0015412516051179007 0.0018568963926684644 0.0015779504453530538 0.0012231814841340697 -0.00026109915531168765 0.0013593320510283645 -0.0017134798646327996 3.1159091670596011e-05
leaf_weight=19 18 13.999999999999998 9.9999999999999982 13.999999999999998 130 13.999999999999998 21 290
leaf_count=19 18 14 10 14 130 14 21 290
internal_value=0 8.03949e-05 -0.000167334 -6.74575e-06 -0.000116794 8.09542e-06 -0.000632049 9.2325e-05
internal_weight=0 358 172 154 144 344 40 304
internal_count=530 358 172 154 144 344 40 304
is_linear=0
shrinkage=0.1


Tree=377
num_leaves=11
num_cat=0
split_feature=32 28 4 39 36 65 36 30 89 37
split_gain=0.000661489 0.0035211 0.0076403 0.00519698 0.00278886 0.00274272 0.00259249 0.0019561 0.00238569 0.00160863
threshold=2.9174053685313028 2.6735537653587347 3.0201273556387074 2.3502401828962087 2.6735537653587347 2.01068814013516 3.1132683346437333 7.2754532773251155 0.68109648544735568 2.3502401828962087
decision_type=2 2 2 2 2 2 2 2 2 2
left_child=1 7 -3 -4 -2 -6 -7 8 -1 -9
right_child=4 2 3 -5 5 6 -8 9 -10 -11
leaf_value=0.0001850505241275792 -0.0013383270946660025 0.002863907814025879 0.001018236252841436 -0.0018250352679751816 -0.0014417220945828237 0.0012051176771314608 -3.4935920071679594e-05 -0.0017255776717017089 -0.0012315587463000647 -8.2648871466517461e-06
leaf_weight=139 17 13.999999999999998 18.000000000000004 9.9999999999999982 12.999999999999998 18 266 12.000000000000002 12.999999999999998 9.9999999999999982
leaf_count=139 17 14 18 10 13 18 266 12 13 10
internal_value=0 0.000134698 0.000956491 2.78214e-06 -9.26585e-05 -2.13577e-05 4.3659e-05 -6.36656e-05 6.38932e-05 -0.000944981
internal_weight=0 216 42 28 314 297 284 174 152 22
internal_count=530 216 42 28 314 297 284 174 152 22
is_linear=0
shrinkage=0.1


Tree=378
num_leaves=8
num_cat=0
split_feature=78 22 64 26 34 100 89
split_gain=0.000662239 0.00212608 0.00320382 0.00251508 0.00173236 0.00161437 0.00122809
threshold=41.184341335554187 4.8471850864775066 1.0265273932533205 5.198054235823637 5.5154246272451131 3.5694334999727624 0.26832255140569977
decision_type=2 2 2 2 2 2 2
left_child=1 2 -1 -3 -5 -2 -4
right_child=5 3 6 4 -6 -7 -8
leaf_value=0.0021004540632323671 -0.0014629039401188489 -0.0015269551151008769 0.00075121172800815333 0.00083030400079830242 -4.2105559914654264e-05 0.00033396748593077067 -0.00074928638990968467
leaf_weight=11.999999999999998 10.000000000000002 10.999999999999998 12.000000000000002 24 441 9.9999999999999982 9.9999999999999982
leaf_count=12 10 11 12 24 441 10 10
internal_value=0 2.2136e-05 0.000786092 -3.24323e-05 2.92203e-06 -0.000564468 6.91671e-05
internal_weight=0 510 34 476 465 20 22
internal_count=530 510 34 476 465 20 22
is_linear=0
shrinkage=0.1


Tree=379
num_leaves=13
num_cat=0
split_feature=89 101 18 7 32 95 42 103 101 99 5 98
split_gain=0.000675081 0.00284971 0.00951392 0.006886 0.00666406 0.00410578 0.00298261 0.00277123 0.00263398 0.00568472 0.00293494 0.00229071
threshold=0.19942679443578884 3.4972025275692372e-15 5.6732701237373151 2.3502401828962087 2.8029010331479989 2.0126758453675753 6.6319800785872394 6.1903133062787319 7.02563007770607e-17 4.5970172113385394e-17 1.8688348091416844 4.8160362262741101
decision_type=2 2 2 2 2 2 2 2 2 2 2 2
left_child=7 2 -2 -4 5 -3 -6 8 10 -10 -1 -9
right_child=1 4 3 -5 6 -7 -8 11 9 -11 -12 -13
leaf_value=0.0010968422125248861 -0.0026477679548164209 -2.1085200612159336e-05 0.0015376751006226101 -0.0011696556699462236 -0.0013533228062442505 0.0018645593368900237 0.00010878606005187291 0.0018300101334226869 -0.0015552085034097687 -0.00013103454765505082 -0.00035475544170297395 -0.00013074225518556145
leaf_weight=30 14.999999999999998 17 21 17 15.999999999999998 36 109 13.000000000000002 33 186 26 10.999999999999998
leaf_count=30 15 17 21 17 16 36 109 13 33 186 26 11
internal_value=0 0.000128401 -0.000515273 0.000326501 0.000320057 0.00125973 -7.83639e-05 -9.91997e-05 -0.000189137 -0.000345636 0.000422886 0.000931332
internal_weight=0 231 53 38 178 53 125 299 275 219 56 24
internal_count=530 231 53 38 178 53 125 299 275 219 56 24
is_linear=0
shrinkage=0.1


Tree=380
num_leaves=10
num_cat=0
split_feature=86 84 14 53 92 29 32 69 69
split_gain=0.000659196 0.00230875 0.00189888 0.00425617 0.00153576 0.00414927 0.00401039 0.00228767 0.00207245
threshold=0.59222352234340792 0.66189159527531716 9.158047031070609 2.4201452509513817 4.0360489872699299 2.740319461670996 3.4175922930736511 0.25211502041990591 0.9593767796217848
decision_type=2 2 2 2 2 2 2 2 2
left_child=4 2 3 -2 7 -6 -7 -1 -9
right_child=1 -3 -4 -5 5 6 -8 8 -10
leaf_value=0.0014607168765823273 -9.4094830429265348e-05 0.0016696633736137301 -0.0011035680377972314 0.0017669147242365094 -0.0018832394853234291 0.0015659892960684374 -0.0004338689193274582 -0.0008803680809214711 6.7293966664389398e-05
leaf_weight=10.999999999999998 68 9.9999999999999982 11.999999999999998 14.999999999999998 15.999999999999998 11.999999999999998 61 25 300
leaf_count=11 68 10 12 15 16 12 61 25 300
internal_value=0 0.000224372 7.22364e-05 0.000242232 -5.54332e-05 -0.000424786 -0.000105125 4.24014e-05 -5.60311e-06
internal_weight=0 105 95 83 425 89 73 336 325
internal_count=530 105 95 83 425 89 73 336 325
is_linear=0
shrinkage=0.1


Tree=381
num_leaves=8
num_cat=0
split_feature=4 97 9 102 13 98 5
split_gain=0.000664467 0.00329027 0.00378749 0.00277181 0.00272771 0.00252559 0.00281654
threshold=3.2384861814448418 4.0689902272260703 3.1132683346437333 2.5249280036247694 3.0677824455408698 1.8688348091416844 3.3842466058243152
decision_type=2 2 2 2 2 2 2
left_child=1 2 4 -2 -1 -5 -7
right_child=3 -3 -4 5 -6 6 -8
leaf_value=5.5802070574524501e-05 -0.0013110429494796942 0.001728802899985264 -0.0013641325342986319 0.0014555801637470723 0.0014944106074316161 -0.00066584950268623383 0.0001175588570844648
leaf_weight=225 18 11.999999999999998 18 10.999999999999998 13.999999999999998 63 169
leaf_count=225 18 12 18 11 14 63 169
internal_value=0 0.000110292 3.47192e-05 -0.000113672 0.000140072 -2.49781e-05 -9.5177e-05
internal_weight=0 269 257 261 239 243 232
internal_count=530 269 257 261 239 243 232
is_linear=0
shrinkage=0.1


Tree=382
num_leaves=11
num_cat=0
split_feature=7 22 22 21 15 98 66 28 96 50
split_gain=0.000704212 0.00291442 0.00355069 0.00711797 0.00423695 0.00280314 0.00369527 0.00204758 0.00152986 0.0026053
threshold=4.2835627800822236 7.8363647651728687 8.5230704732322558 3.5972184255501678 4.7405652883788738 3.5408542930527882 2.6735537653587347 3.0201273556387074 8.2342894579767201 8.0719859764778956
decision_type=2 2 2 2 2 2 2 2 2 2
left_child=5 7 3 -3 -4 8 -7 -2 9 -1
right_child=1 2 4 -5 -6 6 -8 -9 -10 -11
leaf_value=-4.2456297713955391e-05 -9.5607081893831459e-05 -0.00049216170737054199 -0.0019335127668455244 0.0020817369849759244 -6.4826524332882118e-05 -0.00019041803083382541 0.002465634458613667 -0.0019691408902872353 -0.0011498622723262418 0.00092125194928338464
leaf_weight=295 10.000000000000002 22 13.999999999999998 21 91 10.000000000000002 10.999999999999998 13.999999999999998 10.999999999999998 31
leaf_count=295 10 22 14 21 91 10 11 14 11 31
internal_value=0 -0.0001663 -5.36982e-07 0.000764859 -0.000313985 7.98981e-05 0.00120085 -0.0011885 1.00466e-05 4.91847e-05
internal_weight=0 172 148 43 105 358 21 24 337 326
internal_count=530 172 148 43 105 358 21 24 337 326
is_linear=0
shrinkage=0.1


Tree=383
num_leaves=12
num_cat=0
split_feature=85 31 85 75 46 95 1 88 22 32 75
split_gain=0.000629623 0.00202306 0.00164455 0.00440081 0.00353155 0.00178165 0.00793098 0.004842 0.00150434 0.00159578 0.00116997
threshold=0.65110456946941209 4.1510089048756029 0.53143950458480316 3.4498615536424366 6.4264832207863298 2.9174053685313028 3.1132683346437333 0.59361729880789293 8.3105297257100812 2.9174053685313028 4.0769625660039317
decision_type=2 2 2 2 2 2 2 2 2 2 2
left_child=2 8 5 4 -4 6 -1 -7 9 -2 -5
right_child=1 -3 3 10 -6 7 -8 -9 -10 -11 -12
leaf_value=-2.1418322925455869e-06 0.00055137405870482332 -0.0012672302138525993 -0.00011751890337715547 -0.0013624178388536988 0.0017962076278679349 -0.00064203850255031489 0.0026296612767813107 0.00081619530241807997 0.00090499034101542612 -0.00078210263396613308 9.6078251954168084e-05
leaf_weight=250 13.999999999999998 15.999999999999998 14.999999999999998 11.000000000000002 27 106 11.999999999999998 29 13.999999999999998 25 10.999999999999998
leaf_count=250 14 16 15 11 27 106 12 29 14 25 11
internal_value=0 -0.000281727 4.21673e-05 0.000512579 0.00111273 -3.36674e-05 0.000118399 -0.000328788 1.57837e-05 -0.000303419 -0.00063317
internal_weight=0 69 461 64 42 397 262 135 53 39 22
internal_count=530 69 461 64 42 397 262 135 53 39 22
is_linear=0
shrinkage=0.1


Tree=384
num_leaves=9
num_cat=0
split_feature=15 13 83 4 72 86 22 65
split_gain=0.000645651 0.00368873 0.00266199 0.00341918 0.00504471 0.00315508 0.00230913 0.0032355
threshold=2.249904835165133 1.4978661367769959 21.901802468799634 9.4867690092481657e-19 1.0000000180025095e-35 0.66735886407368927 5.5154246272451131 1.8503793398678348
decision_type=2 2 2 2 2 2 2 2
left_child=2 -2 3 5 -5 -1 -3 -8
right_child=1 6 -4 4 -6 -7 7 -9
leaf_value=-0.00068891103004174747 -0.0017981663486959104 0.0011584404419409111 -0.0013376708989116279 0.0013633683089210537 -9.413797558815358e-05 0.0011924588993265802 -0.0013755214736900397 2.3790375144017163e-06
leaf_weight=47 11.999999999999998 15.999999999999998 10.999999999999998 48 47 10.999999999999998 18 320
leaf_count=47 12 16 11 48 47 11 18 320
internal_value=0 -7.38826e-05 0.000164884 0.000272911 0.000642286 -0.000332099 -1.54323e-05 -7.10003e-05
internal_weight=0 366 164 153 95 58 354 338
internal_count=530 366 164 153 95 58 354 338
is_linear=0
shrinkage=0.1


Tree=385
num_leaves=12
num_cat=0
split_feature=2 27 27 2 57 50 57 99 97 57 22
split_gain=0.000635546 0.00236719 0.00489203 0.00283252 0.00200928 0.00476075 0.00379073 0.00249788 0.00462795 0.00308629 0.00183191
threshold=5.6185859816918615 1.0000000180025095e-35 1.4978661367769959 1.0000000180025095e-35 1.4196364390787501 4.1895399446433013 0.79113330590631492 0.69314718055994573 2.602003343538398 1.6596177358629065 5.5391444897808926
decision_type=2 2 2 2 2 2 2 2 2 2 2
left_child=1 3 -3 -1 5 -2 -7 8 -6 -9 -4
right_child=4 2 10 -5 7 6 -8 9 -10 -11 -12
leaf_value=0.00023323089014464873 -0.0024424079255285589 -0.0019002112540571642 0.0012287684029843151 0.0023542464640922845 0.0013791176344134979 0.00057207983843454713 -0.00099258594641772418 0.0010814918017290026 -0.00042381938983453442 -0.00014545398867311788 -0.0002068130037878291
leaf_weight=17.000000000000004 10.999999999999998 11.999999999999998 15.999999999999998 9.9999999999999982 35 32 30 22 24 301 20
leaf_count=17 11 12 16 10 35 32 30 22 24 301 20
internal_value=0 0.000269719 -0.000151635 0.00101879 -4.44591e-05 -0.000525171 -0.000185017 4.74048e-05 0.00064572 -6.18849e-05 0.000431223
internal_weight=0 75 48 27 455 73 62 382 59 323 36
internal_count=530 75 48 27 455 73 62 382 59 323 36
is_linear=0
shrinkage=0.1


Tree=386
num_leaves=8
num_cat=0
split_feature=41 41 37 45 49 0 33
split_gain=0.000625004 0.00389258 0.00335187 0.00282695 0.00190368 0.00221416 0.00146548
threshold=4.135134555718313 4.2696729980286863 4.135134555718313 4.0942056540395164 3.3497501700808394 3.7012257604091228 4.0942056540395164
decision_type=2 2 2 2 2 2 2
left_child=2 -2 3 6 5 -3 -1
right_child=1 4 -4 -5 -6 -7 -8
leaf_value=5.9742802210313257e-06 0.001841045899065928 -0.0001280913632768175 -0.001855556307709776 -0.0016663757618516684 -0.001001576277485583 0.0014350950266816655 0.0012308040709467607
leaf_weight=422 12.999999999999998 37 9.9999999999999982 9.9999999999999982 15.999999999999998 11.999999999999998 9.9999999999999982
leaf_count=422 13 37 10 10 16 12 10
internal_value=0 0.000261412 -4.51109e-05 -4.15061e-06 -5.45148e-05 0.00025473 3.43268e-05
internal_weight=0 78 452 442 65 49 432
internal_count=530 78 452 442 65 49 432
is_linear=0
shrinkage=0.1


Tree=387
num_leaves=8
num_cat=0
split_feature=61 0 51 56 101 99 53
split_gain=0.000619276 0.00126027 0.00418959 0.00381247 0.00342431 0.00330442 0.00201619
threshold=9.6483880954106233e-07 4.7357950894166834e-16 7.1150767569361238e-19 0.8109302162163291 0.89587973461402726 7.6327832942979524e-17 1.0000000180025095e-35
decision_type=2 2 2 2 2 2 2
left_child=-1 2 5 -3 -4 -2 -5
right_child=1 3 4 6 -6 -7 -8
leaf_value=-0.00057650473609101034 0.00032520688803154313 -0.0018762753641402179 0.00074657117157974923 0.00114796937443316 -0.0013949552725534887 0.0023998347414557692 -3.1676096632830142e-05
leaf_weight=18 17.000000000000004 10.999999999999998 14.000000000000002 14.999999999999998 15.999999999999998 13.999999999999998 425
leaf_count=18 17 11 14 15 16 14 425
internal_value=0 2.02677e-05 0.000446867 -3.7432e-05 -0.000395576 0.00126214 8.53909e-06
internal_weight=0 512 61 451 30 31 440
internal_count=530 512 61 451 30 31 440
is_linear=0
shrinkage=0.1


Tree=388
num_leaves=11
num_cat=0
split_feature=89 86 96 76 43 2 45 67 48 86
split_gain=0.000647149 0.00257888 0.00364239 0.00244295 0.00360851 0.00372188 0.00291879 0.00239924 0.00216051 0.00192626
threshold=0.22974486851048764 0.67986905584219193 4.330646767694998 0.42616360439610285 2.0126758453675753 6.7867163136587552 5.3028591759145582 4.0517471391904856 4.867504863781412 0.29890571577781666
decision_type=2 2 2 2 2 2 2 2 2 2
left_child=3 2 -2 6 5 -5 8 -4 -1 -6
right_child=1 -3 7 4 9 -7 -8 -9 -10 -11
leaf_value=-0.00042067518576075998 -0.0016437658157277232 0.0015553139150142671 0.00051408545075805464 0.0014378716354258359 0.0018235588869030931 -0.00078079499456385577 0.0014139311772305518 -0.00017949208969228147 0.0007860657031415031 0.00033435361747251595
leaf_weight=204 11.999999999999998 11.999999999999998 95 9.9999999999999982 19 31 9.9999999999999982 105 15.999999999999998 15.999999999999998
leaf_count=204 12 12 95 10 19 31 10 105 16 16
internal_value=0 0.000129152 4.84257e-05 -9.45426e-05 0.000396991 -0.000239657 -0.000256962 0.000149957 -0.000332912 0.00114278
internal_weight=0 224 212 306 76 41 230 200 220 35
internal_count=530 224 212 306 76 41 230 200 220 35
is_linear=0
shrinkage=0.1


Tree=389
num_leaves=12
num_cat=0
split_feature=72 72 16 23 23 72 88 89 89 92 89
split_gain=0.000604192 0.00185625 0.00206739 0.00340161 0.00194609 0.00185498 0.00181416 0.00178417 0.00304559 0.00272452 0.000555572
threshold=0.19014861820061882 0.25959693671825373 3.1984648276080736 3.4175922930736511 2.9700856263602162 0.1597506537947983 0.48190259902034888 0.22974486851048764 0.49721651427453734 4.0669466417390705 0.028591544580249383
decision_type=2 2 2 2 2 2 2 2 2 2 2
left_child=5 6 4 -4 -3 7 10 9 -9 -1 -2
right_child=1 2 3 -5 -6 -7 -8 8 -10 -11 -12
leaf_value=-0.0003331571348378259 -0.00080504294950515013 0.00061857483432740327 -0.0021725395158864558 5.1823759911878203e-05 -0.00060826904116444949 0.0010842813918476594 0.00026889705477515239 0.00088913239034020151 -3.501723632333937e-05 0.00060948031109669628 -0.0018142749943460029
leaf_weight=179 10.000000000000002 54 9.9999999999999982 22 17 17 9.9999999999999982 53 109 37 11.999999999999998
leaf_count=179 10 54 10 22 17 17 10 53 109 37 12
internal_value=0 -0.000182634 2.40504e-05 -0.00064329 0.000324823 6.24192e-05 -0.000847899 1.64624e-05 0.000267328 -0.000171687 -0.00135553
internal_weight=0 135 103 32 71 395 32 378 162 216 22
internal_count=530 135 103 32 71 395 32 378 162 216 22
is_linear=0
shrinkage=0.1


Tree=390
num_leaves=7
num_cat=0
split_feature=104 104 44 48 83 44
split_gain=0.000590212 0.00178393 0.00121413 0.00115273 0.00158217 0.00109882
threshold=5.0434043048315838 4.8481086751891054 5.814019136035367 4.1190041246092024 1.4191951155737574 5.2257322209664565
decision_type=2 2 2 2 2 2
left_child=1 2 5 4 -2 -1
right_child=3 -3 -4 -5 -6 -7
leaf_value=-7.544228484877616e-06 0.00077252940020777934 -0.0012320552961682552 -0.0010882005863822996 0.0011431110351203153 -0.00096542971441522247 0.00073239212916589511
leaf_weight=453 11.000000000000002 11.999999999999998 9.9999999999999982 12.999999999999998 9.9999999999999982 21
leaf_count=453 11 12 10 13 10 21
internal_value=0 -2.7629e-05 2.23284e-06 0.000403058 -5.50702e-05 2.52378e-05
internal_weight=0 496 484 34 21 474
internal_count=530 496 484 34 21 474
is_linear=0
shrinkage=0.1


Tree=391
num_leaves=9
num_cat=0
split_feature=54 69 1 65 22 9 42 78
split_gain=0.000583602 0.00199561 0.00319399 0.00193422 0.00180147 0.00134045 0.000935421 0.00146362
threshold=4.6249247525354482 4.5654255207847285 4.0163424379838117 3.7123759866162005 8.7930045268037684 3.7726948748059121 8.4756358473943063 0.99226799892658513
decision_type=2 2 2 2 2 2 2 2
left_child=1 2 5 -2 -3 -1 7 -5
right_child=3 4 -4 6 -6 -7 -8 -9
leaf_value=-7.3917037097089632e-05 0.0013701171714973707 -0.0019397730025957566 0.0017777619685512037 0.0011921641475055368 -0.000248279092449914 0.00069551798320996276 -0.00065956529462710026 -0.00012099220646256261
leaf_weight=400 12.999999999999998 10.000000000000002 9.9999999999999982 11.999999999999998 17 24 14.999999999999998 29
leaf_count=400 13 10 10 12 17 24 15 29
internal_value=0 -4.0597e-05 1.12978e-05 0.000271235 -0.000874758 -3.03641e-05 1.61378e-05 0.000263346
internal_weight=0 461 434 69 27 424 56 41
internal_count=530 461 434 69 27 424 56 41
is_linear=0
shrinkage=0.1


Tree=392
num_leaves=12
num_cat=0
split_feature=2 2 45 45 8 87 104 70 87 55 32
split_gain=0.000611987 0.00209943 0.00278034 0.00586238 0.00158045 0.00254906 0.00274266 0.00203156 0.0045786 0.00282234 0.0014831
threshold=5.6185859816918615 5.5154246272451131 1.2424533248940006 1.700598690831078 2.249904835165133 0.28380492396454066 1.5937771935536921e-17 2.769034522633699 0.036928771232934005 2.9700856263602158 1.8688348091416842
decision_type=2 2 2 2 2 2 2 2 2 2 2
left_child=1 2 -1 -4 5 10 -7 8 -6 -9 -2
right_child=4 -3 3 -5 7 6 -8 9 -10 -11 -12
leaf_value=0.0015631488990038634 -0.00042898576001688428 0.001476943667512387 -0.0023098729254508563 0.00028343350935583223 -0.00020953408721834422 -0.00095422792364843192 0.00070981377989832821 -0.0012611072225910095 0.0018498895077132865 2.6357356553143335e-05 -0.0017126872424139746
leaf_weight=9.9999999999999982 18 11.999999999999998 10.999999999999998 42 25 15.999999999999998 26 18 19 315 18
leaf_count=10 18 12 11 42 25 16 26 18 19 315 18
internal_value=0 0.000264672 3.37634e-05 -0.0002548 -4.36273e-05 -0.000453367 7.58931e-05 4.11464e-05 0.000679762 -4.32353e-05 -0.00107084
internal_weight=0 75 63 53 455 78 42 377 44 333 36
internal_count=530 75 63 53 455 78 42 377 44 333 36
is_linear=0
shrinkage=0.1


Tree=393
num_leaves=5
num_cat=0
split_feature=26 19 46 44
split_gain=0.000591136 0.00131126 0.000989928 0.00263277
threshold=10.18815057630662 6.1125453256829685 9.5188769219551848 5.1560737757704063
decision_type=2 2 2 2
left_child=1 2 3 -1
right_child=-2 -3 -4 -5
leaf_value=-2.4690823735795676e-06 0.00069387301142948379 -0.0010962302717168562 -0.00076670582348015159 0.0015622280538082124
leaf_weight=480 11.999999999999998 10.999999999999998 15.999999999999998 10.999999999999998
leaf_count=480 12 11 16 11
internal_value=0 -1.60743e-05 7.36106e-06 3.25852e-05
internal_weight=0 518 507 491
internal_count=530 518 507 491
is_linear=0
shrinkage=0.1


Tree=394
num_leaves=12
num_cat=0
split_feature=97 10 12 1 69 98 102 20 53 57 7
split_gain=0.000539918 0.00372226 0.00317022 0.00293279 0.0036924 0.00339542 0.00266175 0.00210148 0.0015729 0.00124943 0.000958201
threshold=4.2555875595453383 8.3738927694878331 4.0163424379838117 3.3497501700808394 3.9791902484356894 3.3497501700808394 3.9796379800581989 3.4498615536424366 1.7200870478363419 2.3473734725640045 4.0689902272260703
decision_type=2 2 2 2 2 2 2 2 2 2 2
left_child=3 7 -3 5 -5 6 -1 10 -9 -4 -2
right_child=1 2 9 4 -6 -7 -8 8 -10 -11 -12
leaf_value=-1.4001262029041936e-05 -0.00095185482408851349 0.0017518280444412749 -0.0010923346423078329 0.0018610383518726415 -0.00044115613722665739 -0.0017433858582411301 0.0015046367635174343 -0.00065310161095112542 -0.002321279514580965 7.5594454118875162e-05 0.00037355117577438557
leaf_weight=302 10.000000000000002 10.999999999999998 9.9999999999999982 19.000000000000004 10.999999999999998 10.999999999999998 11.999999999999998 10.000000000000002 12.999999999999998 109 11.999999999999998
leaf_count=302 10 11 10 19 11 11 12 10 13 109 12
internal_value=0 -0.000143754 0.000127589 7.08649e-05 0.0010169 -1.64615e-05 4.40359e-05 -0.000927635 -0.00159598 -2.25508e-05 -0.000228906
internal_weight=0 175 130 355 30 325 314 45 23 119 22
internal_count=530 175 130 355 30 325 314 45 23 119 22
is_linear=0
shrinkage=0.1


Tree=395
num_leaves=9
num_cat=0
split_feature=29 14 35 32 14 46 14 92
split_gain=0.000537676 0.00340155 0.0022732 0.00320885 0.00203297 0.00348677 0.00253225 0.00190505
threshold=1.8214596497756478e-17 4.330646767694998 3.4152368433293397e-18 1.0000000180025095e-35 5.5154246272451131 5.6489184425466847 5.6185859816918615 3.9841946793181782
decision_type=2 2 2 2 2 2 2 2
left_child=2 -2 3 7 5 -3 -6 -1
right_child=1 4 -4 -5 6 -7 -8 -9
leaf_value=0.00034553066385948722 0.001861177686951123 0.00026431877243918606 0.00074997139636252548 -0.0020397058067222434 0.0016160003119148317 -0.0023157114349305632 6.1705214616150622e-06 -0.0012972794857341796
leaf_weight=24 9.9999999999999982 11.000000000000002 15.999999999999998 11.999999999999998 9.9999999999999982 9.9999999999999982 427 9.9999999999999982
leaf_count=24 10 11 16 12 10 10 427 10
internal_value=0 3.66602e-05 -0.000276726 -0.000633838 -3.1764e-06 -0.000964267 4.30087e-05 -0.000137649
internal_weight=0 468 62 46 458 21 437 34
internal_count=530 468 62 46 458 21 437 34
is_linear=0
shrinkage=0.1


Tree=396
num_leaves=9
num_cat=0
split_feature=103 7 92 79 103 103 89 103
split_gain=0.000560959 0.00437883 0.00222721 0.00290279 0.00215203 0.00213355 0.00196719 0.00193212
threshold=6.0715321659188238e-16 3.7726948748059121 4.031687181325796 1.0000000180025095e-35 2.8314802400679735 3.1567740231385479 1.0000000180025095e-35 3.3140206880897671
decision_type=2 2 2 2 2 2 2 2
left_child=1 2 3 -1 6 -6 -2 -7
right_child=4 -3 -4 -5 5 7 -8 -9
leaf_value=0.00050529257628916045 -0.0020600601937621824 0.0018518710666934829 -0.0010782925891416038 -0.00075486504053697001 0.0014371741190552711 -0.0014141875216228074 -7.6532114762812851e-05 -5.3208511157646064e-06
leaf_weight=68 10.000000000000002 13.999999999999998 17 25 9.9999999999999982 9.9999999999999982 9.9999999999999982 366
leaf_count=68 10 14 17 25 10 10 10 366
internal_value=0 0.000186157 -2.58428e-05 0.000166541 -5.68559e-05 -4.44965e-06 -0.0010683 -4.27907e-05
internal_weight=0 124 110 93 406 386 20 376
internal_count=530 124 110 93 406 386 20 376
is_linear=0
shrinkage=0.1


Tree=397
num_leaves=8
num_cat=0
split_feature=92 10 41 48 45 30 51
split_gain=0.000515041 0.00162175 0.000845422 0.00396287 0.00252214 0.00121044 0.00120709
threshold=4.2344969400280812 8.6052910742775399 4.0942056540395164 1.8688348091416842 4.0517471391904856 8.9683302942775107 4.1026092131977068
decision_type=2 2 2 2 2 2 2
left_child=2 -2 4 -4 5 -1 -5
right_child=1 -3 3 6 -6 -7 -8
leaf_value=4.2734644088765004e-05 -0.0014070023003478122 0.00035256409848278219 0.0015741735169860094 -0.00063370714130239021 -0.0015257961082501095 -0.00079502754314388676 0.00035916276107309387
leaf_weight=412 10.000000000000002 10.999999999999998 19 24 10.999999999999998 18 25
leaf_count=412 10 11 19 24 11 18 25
internal_value=0 -0.000485325 2.00232e-05 0.000348226 -3.05841e-05 7.66553e-06 -0.000127141
internal_weight=0 21 509 68 441 430 49
internal_count=530 21 509 68 441 430 49
is_linear=0
shrinkage=0.1


Tree=398
num_leaves=15
num_cat=0
split_feature=44 40 67 4 8 41 44 33 51 4 36 67 101 89
split_gain=0.000544023 0.00278646 0.00327432 0.00292154 0.00704148 0.00228623 0.00203821 0.00301656 0.00377154 0.00303716 0.00219318 0.00329814 0.00257675 0.00117284
threshold=3.0201273556387074 3.3140206880897671 3.5114340430413216 2.740319461670996 3.2384861814448418 2.8617925509761908 1.8688348091416842 2.9700856263602158 1.0000000180025095e-35 3.2384861814448418 7.5894152073985326e-18 2.191013317336941 1.8688348091416846 0.5232227682289422
decision_type=2 2 2 2 2 2 2 2 2 2 2 2 2 2
left_child=6 3 -3 13 -5 -4 10 8 -8 -9 12 -12 -1 -2
right_child=1 2 5 4 -6 -7 7 9 -10 -11 11 -13 -14 -15
leaf_value=-0.00073989609782901516 0.0005595406098291276 -0.0015378485001357539 0.00096081399608086344 0.0032578397425822915 0.00022123202881110565 -7.1822048073103974e-05 0.00068156230621612985 0.0015968924167585399 -0.0012191740164471756 -0.00048097309944055539 0.0018865350875005658 0.00018198025267338383 0.0005314517258666456 -0.00097202070290222761
leaf_weight=44 10.000000000000002 13.999999999999998 24 11.999999999999998 21 201 12.999999999999998 12.000000000000002 53 17 13.999999999999998 60 25 9.9999999999999982
leaf_count=44 10 14 24 12 21 201 13 12 53 17 14 60 25 10
internal_value=0 9.14677e-05 -5.40024e-05 0.000747456 0.00132545 3.83258e-05 -0.000112221 -0.00047126 -0.000844787 0.000378833 0.000126302 0.000504464 -0.000279263 -0.00020624
internal_weight=0 292 239 53 33 225 238 95 66 29 143 74 69 20
internal_count=530 292 239 53 33 225 238 95 66 29 143 74 69 20
is_linear=0
shrinkage=0.1


Tree=399
num_leaves=10
num_cat=0
split_feature=54 70 1 65 17 66 43 46 38
split_gain=0.000546654 0.00176302 0.00255212 0.0015931 0.00134673 0.0012379 0.000924582 0.00259662 0.00107062
threshold=4.6249247525354482 4.5148315640563004 4.0163424379838117 3.7123759866162005 4.2413008733233104 3.9981586158983733 3.7494348669884658 8.5096593973617747 6.4582940601256071
decision_type=2 2 2 2 2 2 2 2 2
left_child=1 2 4 -2 -1 -3 8 -8 -5
right_child=3 5 -4 6 -6 -7 7 -9 -10
leaf_value=7.5223409493769256e-06 0.0012597925405806074 -0.0015344017453921526 0.0014447185191481064 -0.00034358352713752531 -0.00079594890888653362 -9.3013225969943141e-05 -0.0012535987829323855 0.00082671547890640802 0.00086292859601886252
leaf_weight=403 12.999999999999998 13.000000000000002 11.999999999999998 12.000000000000002 22 10.999999999999998 15.000000000000002 9.9999999999999982 19
leaf_count=403 13 13 12 12 22 11 15 10 19
internal_value=0 -3.92909e-05 6.53833e-06 0.000262509 -3.40691e-05 -0.000873765 3.09967e-05 -0.000421473 0.000395892
internal_weight=0 461 437 69 425 24 56 25 31
internal_count=530 461 437 69 425 24 56 25 31
is_linear=0
shrinkage=0.1


Tree=400
num_leaves=9
num_cat=0
split_feature=33 33 36 86 86 45 99 101
split_gain=0.000532971 0.0032289 0.00266037 0.00168987 0.00195094 0.00143695 0.00324481 0.00263916
threshold=2.249904835165133 2.3502401828962087 3.4498615536424366 0.68988414969781287 0.67986905584219193 1.700598690831078 1.1858461261560207e-19 4.250072516143178e-17
decision_type=2 2 2 2 2 2 2 2
left_child=2 -2 5 4 -3 6 -1 -7
right_child=1 3 -4 -5 -6 7 -8 -9
leaf_value=-0.0015940520810545423 0.0016181485655789194 -4.0570903389053478e-06 -0.001725271941977553 -0.0012684453604742884 0.0011281381755907204 0.0012394080240656401 -4.0253474998323893e-05 -0.00010467919588942703
leaf_weight=15.999999999999998 12.999999999999998 312 9.9999999999999982 9.9999999999999982 15.999999999999998 21 84 48
leaf_count=16 13 312 10 10 16 21 84 48
internal_value=0 7.16122e-05 -0.000140424 1.213e-05 5.11719e-05 -4.66459e-05 -0.000288861 0.000304391
internal_weight=0 351 179 338 328 169 100 69
internal_count=530 351 179 338 328 169 100 69
is_linear=0
shrinkage=0.1


Tree=401
num_leaves=13
num_cat=0
split_feature=92 39 46 65 51 53 92 88 86 29 32 41
split_gain=0.000559084 0.00181866 0.00245808 0.00215525 0.0018124 0.00131275 0.00324105 0.0047443 0.00178787 0.00175332 0.000719146 0.00039957
threshold=3.8926578503779665 3.0201273556387078 6.5359075343019937 1.8503793398678348 2.0126758453675753 1.0000000180025095e-35 4.0421459788300345 0.2493053510117233 0.68763835309583687 2.3502401828962087 3.8176519431297078 2.6735537653587347
decision_type=2 2 2 2 2 2 2 2 2 2 2 2
left_child=1 2 4 -3 -1 6 7 -2 9 -7 -5 -4
right_child=5 3 11 10 -6 8 -8 -9 -10 -11 -12 -13
leaf_value=-0.0011458741333626678 -0.00010752995373108064 -0.0018618940205972951 0.00059885382186621408 -0.00063782912928016028 8.9742472197900974e-05 -0.00029559282857614261 -0.00074351848258326456 0.0025941226837368544 -0.0010030051781059763 0.00019193293173738049 0.00041984329000115399 0.0014927996203186922
leaf_weight=15.999999999999998 13.000000000000002 11.999999999999998 10.000000000000002 18.000000000000004 46 105 11.999999999999998 12.999999999999998 17 248 9.9999999999999982 9.9999999999999982
leaf_count=16 13 12 10 18 46 105 12 13 17 248 10 10
internal_value=0 -0.000187824 8.18378e-05 -0.00074063 -0.000229126 5.6163e-05 0.000615881 0.0012433 -1.32154e-06 4.69182e-05 -0.000260089 0.00104583
internal_weight=0 122 82 40 62 408 38 26 370 353 28 20
internal_count=530 122 82 40 62 408 38 26 370 353 28 20
is_linear=0
shrinkage=0.1


Tree=402
num_leaves=9
num_cat=0
split_feature=38 51 12 79 32 80 30 21
split_gain=0.000499981 0.00207442 0.00424455 0.00202328 0.00194987 0.00122612 0.000948878 0.000905033
threshold=8.9808621585217967 4.0689902272260703 4.1190041246092024 2.4414009612931862 4.9451504953659766 39.315506526412513 8.9683302942775107 4.3882378946731615
decision_type=2 2 2 2 2 2 2 2
left_child=4 2 3 -2 5 6 -1 -3
right_child=1 7 -4 -5 -6 -7 -8 -9
leaf_value=-5.4551507616774858e-07 -0.0011331296141725029 0.0010100841444606581 -0.0025315369339659814 0.00075886430075535415 0.0011980027991480061 0.0010947638633660973 -0.00090207043443418431 -0.00011107185467456778
leaf_weight=431 10.000000000000002 12.000000000000002 9.9999999999999982 12.999999999999998 13.999999999999998 9.9999999999999982 11.999999999999998 18
leaf_count=431 10 12 10 13 14 10 12 18
internal_value=0 -0.00026444 -0.000811558 -6.37417e-05 3.56739e-05 -2.47955e-07 -2.49661e-05 0.000337391
internal_weight=0 63 33 23 467 453 443 30
internal_count=530 63 33 23 467 453 443 30
is_linear=0
shrinkage=0.1


Tree=403
num_leaves=12
num_cat=0
split_feature=50 50 3 97 53 87 104 8 0 89 40
split_gain=0.000458086 0.00491592 0.00350919 0.00335311 0.00267269 0.00508728 0.00325646 0.00345344 0.00238911 0.00237546 0.00129268
threshold=6.4582940601256071 6.7154340724707451 2.249904835165133 2.9700856263602162 1.6568253193173701 0.60958203451680049 2.1383330595080285 3.0201273556387074 2.740319461670996 0.53142863385383843 3.2384861814448418
decision_type=2 2 2 2 2 2 2 2 2 2 2
left_child=4 -2 9 -4 6 10 7 -1 -8 -3 -6
right_child=1 2 3 -5 5 -7 8 -9 -10 -11 -12
leaf_value=-0.00028338850648597689 0.0019786339593478122 -0.0003429926031510279 0.0013199715240096504 3.0954404127307921e-05 0.00050483405628727737 0.0024969090310332834 -2.0089198369532816e-05 0.0016647808765992524 -0.0019131446594838055 -0.0018842457294730203 -0.00050382090412313116
leaf_weight=101 12.999999999999998 35 22 244 27 9.9999999999999982 10.000000000000002 9.9999999999999982 20 13.999999999999998 24
leaf_count=101 13 35 22 244 27 10 10 10 20 14 24
internal_value=0 7.29583e-05 -5.68868e-06 0.000137565 -0.000118467 0.000434556 -0.000357718 -0.000107878 -0.00128213 -0.000783351 3.01729e-05
internal_weight=0 328 315 266 202 61 141 111 30 49 51
internal_count=530 328 315 266 202 61 141 111 30 49 51
is_linear=0
shrinkage=0.1


Tree=404
num_leaves=11
num_cat=0
split_feature=103 100 57 1 89 101 103 89 103 103
split_gain=0.000504935 0.00371278 0.0038698 0.00312861 0.00296366 0.00250404 0.00161907 0.00161431 0.00125648 0.00166256
threshold=6.0715321659188238e-16 4.135134555718313 1.7673608689550611 2.524928003624769 0.61515000846676682 2.4414009612931857 2.8314802400679735 1.0000000180025095e-35 3.1567740231385479 3.3140206880897671
decision_type=2 2 2 2 2 2 2 2 2 2
left_child=1 4 -3 -4 5 -1 7 -2 -8 -10
right_child=6 2 3 -5 -6 -7 8 -9 9 -11
leaf_value=0.00040395474750526644 -0.0018296621105400842 0.0024852158763678748 -0.00055299720115726809 0.0017017737895366738 -0.0018054628290701657 -0.00084551545075120657 0.0010978286992758513 -3.2825747039169075e-05 -0.0013100485247559846 -3.1514049415977631e-06
leaf_weight=53 10.000000000000002 11.999999999999998 16.000000000000004 9.9999999999999982 9.9999999999999982 23 9.9999999999999982 9.9999999999999982 9.9999999999999982 366
leaf_count=53 10 12 16 10 10 23 10 10 10 366
internal_value=0 0.000176617 0.000999799 0.000314222 -0.000187115 2.58256e-05 -5.39421e-05 -0.000931244 -8.48604e-06 -3.79093e-05
internal_weight=0 124 38 26 86 76 406 20 386 376
internal_count=530 124 38 26 86 76 406 20 386 376
is_linear=0
shrinkage=0.1


Tree=405
num_leaves=9
num_cat=0
split_feature=68 68 89 5 10 40 65 61
split_gain=0.000457908 0.00405763 0.00261884 0.00190766 0.00181157 0.00216262 0.00103119 0.00187266
threshold=2.9902463719139623 2.9251019346482314 0.66908101122118591 2.740319461670996 5.5154246272451131 2.740319461670996 1.934905513126105 1.9109189711447931
decision_type=2 2 2 2 2 2 2 2
left_child=1 2 3 -1 5 -2 -6 -8
right_child=4 -3 -4 -5 6 -7 7 -9
leaf_value=-0.0003318334664758025 0.0019217395329509262 -0.0017098923568846661 0.0015916467135184576 0.0009887367880974825 -0.00076387050862917127 -6.1196121598847895e-05 0.0006458876723296602 -4.7424668256794314e-05
leaf_weight=69 11.000000000000002 14.999999999999998 9.9999999999999982 12.999999999999998 17 10.999999999999998 44 340
leaf_count=69 11 15 10 13 17 11 44 340
internal_value=0 -0.000184812 6.38428e-05 -0.000122475 4.67491e-05 0.000930272 -1.72351e-06 3.20174e-05
internal_weight=0 107 92 82 423 22 401 384
internal_count=530 107 92 82 423 22 401 384
is_linear=0
shrinkage=0.1


Tree=406
num_leaves=12
num_cat=0
split_feature=72 72 22 11 20 72 89 20 89 57 23
split_gain=0.000462602 0.0014176 0.00141697 0.00353464 0.00241296 0.00137919 0.00127058 0.00230652 0.00224911 0.00117986 0.00102845
threshold=0.19014861820061882 0.25959693671825373 5.8860885991132372 2.8029010331479989 1.700598690831078 0.1597506537947983 0.22974486851048764 3.1567740231385479 0.49721651427453734 2.1294902023171383 4.2972622671762819
decision_type=2 2 2 2 2 2 2 2 2 2 2
left_child=5 9 4 -4 -3 6 7 -1 -8 -2 -11
right_child=1 2 3 -5 -6 -7 8 -9 -10 10 -12
leaf_value=-0.00051606396868629284 -0.0015250867281186705 1.193502581112885e-05 0.0014960018436088124 -0.00015194925134060311 -0.001797688042279333 0.00093573844882056999 0.00076103884156217879 0.0001430515511692349 -3.3127168490371987e-05 0.00044625974434893564 -0.00098793010227382172
leaf_weight=94 11.999999999999998 28 18 47 9.9999999999999982 17 53 122 109 10.000000000000002 9.9999999999999982
leaf_count=94 12 28 18 47 10 17 53 122 109 10 10
internal_value=0 -0.000159808 2.08128e-05 0.000304406 -0.000464282 5.46178e-05 1.49907e-05 -0.000143786 0.000226693 -0.00074118 -0.000270835
internal_weight=0 135 103 65 38 395 378 216 162 32 20
internal_count=530 135 103 65 38 395 378 216 162 32 20
is_linear=0
shrinkage=0.1


Tree=407
num_leaves=8
num_cat=0
split_feature=33 33 30 30 32 33 66
split_gain=0.000477633 0.00211098 0.00184139 0.00156748 0.00113933 0.00217638 0.000957625
threshold=4.2696729980286863 4.135134555718313 8.9933631558035643 8.9683302942775107 5.1560737757704063 5.0625750037842705 3.6242520361853052
decision_type=2 2 2 2 2 2 2
left_child=1 3 -2 6 -4 -6 -1
right_child=2 -3 4 -5 5 -7 -8
leaf_value=-1.7178637230892291e-05 -0.0011139697708939719 0.0012918487061352399 0.00087171572511299299 -0.0011282728425915896 -0.0013122689114728322 0.0003619210064202476 0.00049033256577009831
leaf_weight=399 18 12.999999999999998 12.999999999999998 11.999999999999998 11.999999999999998 22 41
leaf_count=399 18 13 13 12 12 22 41
internal_value=0 3.54927e-05 -0.000253909 -6.41405e-07 7.54753e-05 -0.00022897 3.01122e-05
internal_weight=0 465 65 452 47 34 440
internal_count=530 465 65 452 47 34 440
is_linear=0
shrinkage=0.1


Tree=408
num_leaves=10
num_cat=0
split_feature=25 52 61 92 49 2 2 36 73
split_gain=0.000458719 0.00283373 0.00210093 0.00457263 0.00155107 0.00147146 0.0017507 0.00169431 0.00120161
threshold=2.8102520310824275e-16 5.811323644522305e-17 0.72302640319929012 3.8720511086177325 2.6735537653587347 5.6489184425466847 5.8215644129176907 1.700598690831078 1.7917594692280556
decision_type=2 2 2 2 2 2 2 2 2
left_child=1 -1 3 -2 8 7 -7 -4 -3
right_child=2 4 5 -5 -6 6 -8 -9 -10
leaf_value=0.0016368604769619805 9.4711063674798122e-05 0.00071948350933697921 -0.00038681542035192237 -0.0024672376322665847 -0.0011857378552667798 -0.0011291257637952056 9.129294371585686e-06 0.0011946771210724755 -0.00031425889642180309
leaf_weight=11.999999999999998 19.000000000000004 22 10.000000000000002 10.999999999999998 9.9999999999999982 13.999999999999998 388 21 23
leaf_count=12 19 22 10 11 10 14 388 21 23
internal_value=0 0.000244562 -3.53901e-05 -0.00084467 -5.92127e-05 2.06801e-05 -3.05114e-05 0.000684518 0.000191126
internal_weight=0 67 463 30 55 433 402 31 45
internal_count=530 67 463 30 55 433 402 31 45
is_linear=0
shrinkage=0.1


Tree=409
num_leaves=8
num_cat=0
split_feature=35 35 32 80 102 36 39
split_gain=0.000457737 0.00117697 0.00115655 0.00104774 0.000942677 0.00089356 0.000756004
threshold=5.2522597220941352 5.4636881475041514 4.867504863781412 39.315506526412513 4.7790881836238563 4.6490840411708527 5.8449915960445429
decision_type=2 2 2 2 2 2 2
left_child=2 -2 3 5 6 -1 -3
right_child=1 4 -4 -5 -6 -7 -8
leaf_value=5.8027748162639743e-06 -0.0010254659719066694 0.00089777437970042231 0.00082065491523179756 0.00096696964676745928 -0.00059443655837741164 -0.00077964706637430933 -9.1891333546587517e-05
leaf_weight=421 14.999999999999998 12.999999999999998 18 10.999999999999998 18 14.999999999999998 19
leaf_count=421 15 13 18 11 18 15 19
internal_value=0 -0.000248565 3.47456e-05 3.09827e-06 -1.54945e-05 -2.12196e-05 0.00031016
internal_weight=0 65 465 447 50 436 32
internal_count=530 65 465 447 50 436 32
is_linear=0
shrinkage=0.1


Tree=410
num_leaves=12
num_cat=0
split_feature=97 10 5 98 98 12 20 104 45 98 7
split_gain=0.000439814 0.0026687 0.00229942 0.00583275 0.00338713 0.00224173 0.00176316 0.00160571 0.00129249 0.000977683 0.000711252
threshold=4.2555875595453383 8.3738927694878331 3.4175922930736511 2.9174053685313028 3.3842466058243152 4.0163424379838117 3.4498615536424366 2.8617925509761908 2.524928003624769 3.8176519431297078 4.0689902272260703
decision_type=2 2 2 2 2 2 2 2 2 2 2
left_child=2 6 4 -4 7 -3 10 -1 -8 -7 -2
right_child=1 5 3 -5 -6 9 8 -9 -10 -11 -12
leaf_value=-4.5655506438140958e-05 -0.00077632507076486924 0.0014658413594588638 -0.00082161836736221691 0.0021696980184060521 -0.0018212048197165133 -0.00070521226152777674 -0.00068795459131554997 0.0005875052839636486 -0.0021886411236747253 9.4761062127242379e-05 0.00036558618206375594
leaf_weight=271 10.000000000000002 10.999999999999998 11.000000000000002 15.999999999999998 9.9999999999999982 18 12.000000000000002 47 10.999999999999998 101 11.999999999999998
leaf_count=271 10 11 11 16 10 18 12 47 11 101 12
internal_value=0 -0.000129745 6.39589e-05 0.000951014 -9.0608e-06 0.00010001 -0.000793483 4.79249e-05 -0.00140567 -2.62433e-05 -0.000153464
internal_weight=0 175 355 27 328 130 45 318 23 119 22
internal_count=530 175 355 27 328 130 45 318 23 119 22
is_linear=0
shrinkage=0.1


Tree=411
num_leaves=9
num_cat=0
split_feature=18 22 47 14 26 30 31 41
split_gain=0.00044666 0.00272989 0.00315078 0.00223175 0.00185584 0.00152698 0.00148423 0.00266176
threshold=8.6586018407184806 8.4149412149085823 4.9662804000109189 8.7251520953174779 8.4149412149085823 8.3890118165967387 4.4601277074540464 3.4811217321331038
decision_type=2 2 2 2 2 2 2 2
left_child=1 4 -3 -2 5 -1 -5 -8
right_child=3 2 -4 6 -6 -7 7 -9
leaf_value=-2.5892640512566965e-05 -0.0014100455284978336 0.0022184782418965664 0.00014870710499388607 -0.00083241795412808048 -0.0013697940250858665 0.0011203967461672923 0.0016983046242967249 -4.9035804926568419e-05
leaf_weight=368 12.999999999999998 12.000000000000002 19 18 9.9999999999999982 11.999999999999998 9.9999999999999982 68
leaf_count=368 13 12 19 18 10 12 10 68
internal_value=0 4.67114e-05 0.000949909 -0.000180417 -2.50812e-05 1.0306e-05 -1.39053e-05 0.000174982
internal_weight=0 421 31 109 390 380 96 78
internal_count=530 421 31 109 390 380 96 78
is_linear=0
shrinkage=0.1


Tree=412
num_leaves=12
num_cat=0
split_feature=4 100 99 97 1 9 102 13 76 23 50
split_gain=0.000441061 0.00226566 0.00455504 0.00474274 0.00249289 0.00292958 0.00172406 0.00230172 0.00319669 0.00197656 0.00162911
threshold=3.2384861814448418 4.3241107269113215 7.6327832942979524e-17 2.7058230259275202 3.1567740231385479 3.1567740231385479 2.7403194616709965 2.8029010331479989 0.41947433288814118 3.1984648276080736 7.566306192404392
decision_type=2 2 2 2 2 2 2 2 2 2 2
left_child=1 4 -3 -4 5 -1 10 8 -8 -9 -2
right_child=6 2 3 -5 -6 -7 7 9 -10 -11 -12
leaf_value=-7.4626863937351509e-05 -0.0016575153146942069 -0.00072553846224955609 0.0030413581500761213 0.00060028638907123162 0.0013186909937455008 -0.0018333878647536041 0.0019865787229858905 0.00090245430302970551 -9.6542443540837506e-05 -0.00022278613584903579 4.0210238366853446e-05
leaf_weight=179 13.000000000000002 19 9.9999999999999982 39 11.999999999999998 9.9999999999999982 13.000000000000002 17 17 191 9.9999999999999982
leaf_count=179 13 19 10 39 12 10 13 17 17 191 10
internal_value=0 8.98577e-05 0.000588816 0.00109846 -7.89443e-05 -0.000167683 -9.2612e-05 -1.27148e-05 0.000806143 -0.000130819 -0.000919374
internal_weight=0 269 68 49 201 189 261 238 30 208 23
internal_count=530 269 68 49 201 189 261 238 30 208 23
is_linear=0
shrinkage=0.1


Tree=413
num_leaves=5
num_cat=0
split_feature=31 19 46 44
split_gain=0.000475253 0.0010981 0.000595494 0.00125414
threshold=6.4800257426481824 6.1125453256829685 9.5188769219551848 5.1560737757704063
decision_type=2 2 2 2
left_child=1 2 3 -1
right_child=-2 -3 -4 -5
leaf_value=2.5844825408209242e-06 0.00065044716254554014 -0.00092127283838076097 -0.00063357616392230353 0.0010375952464528383
leaf_weight=480 10.999999999999998 12.999999999999998 13.999999999999998 11.999999999999998
leaf_count=480 11 13 14 12
internal_value=0 -1.3786e-05 9.52891e-06 2.78286e-05
internal_weight=0 519 506 492
internal_count=530 519 506 492
is_linear=0
shrinkage=0.1


Tree=414
num_leaves=8
num_cat=0
split_feature=2 99 65 99 72 100 65
split_gain=0.000462481 0.000816858 0.00146674 0.00124046 0.00172862 0.0016135 0.000636772
threshold=9.8400318729391767 3.8815106545092593 3.8341825184967671 3.5972184255501678 0.14101810060795336 5.5134206165463437 4.3770655575503961
decision_type=2 2 2 2 2 2 2
left_child=1 3 -3 5 -5 -1 -4
right_child=-2 2 6 4 -6 -7 -8
leaf_value=2.8768543961182284e-05 0.00056711309423137992 -0.0013584265252575278 0.00041756980198745931 0.0011356094936755571 -0.00035645203509678447 -0.00081516856250042711 -0.00039505347500650079
leaf_weight=404 13.999999999999998 11.999999999999998 14.999999999999998 22 11.999999999999998 24 27
leaf_count=404 14 12 15 22 12 24 27
internal_value=0 -1.53868e-05 -0.000383408 2.76286e-05 0.000609 -1.8555e-05 -0.000104831
internal_weight=0 516 54 462 34 428 42
internal_count=530 516 54 462 34 428 42
is_linear=0
shrinkage=0.1


Tree=415
num_leaves=7
num_cat=0
split_feature=65 60 12 18 52 17
split_gain=0.000407101 0.000575611 0.00194724 0.0011259 0.000914916 0.000902656
threshold=5.3344645682746181 4.7712140051397869 4.6867395546766826 8.5426184686125701 4.622443357864384 4.135134555718313
decision_type=2 2 2 2 2 2
left_child=1 2 3 -1 -3 -6
right_child=-2 4 -4 -5 5 -7
leaf_value=4.8965489306761141e-05 0.00063199703348800537 -0.00089806796653041007 0.0012839270959375427 -0.00045917486707793974 -0.00072095941037072673 0.00024647717270249081
leaf_weight=396 9.9999999999999982 18 11.999999999999998 49 13.999999999999998 31
leaf_count=396 10 18 12 49 14 31
internal_value=0 -1.21538e-05 2.691e-05 -6.98704e-06 -0.000295522 -5.45031e-05
internal_weight=0 520 457 445 63 45
internal_count=530 520 457 445 63 45
is_linear=0
shrinkage=0.1


Tree=416
num_leaves=6
num_cat=0
split_feature=21 18 100 100 16
split_gain=0.000396431 0.00128497 0.00115482 0.00170973 0.0013538
threshold=5.4160905255636633 9.5188769219551848 5.9476940157565394 5.7557372063514576 4.6867395546766826
decision_type=2 2 2 2 2
left_child=1 2 3 -1 -4
right_child=-2 -3 4 -5 -6
leaf_value=1.7955917085516821e-05 0.00059406430121849887 -0.00092467073195924359 0.001334401072485239 -0.00090498267409635624 -3.2907446523798475e-05
leaf_weight=454 10.999999999999998 14.999999999999998 14.000000000000002 21 14.999999999999998
leaf_count=454 11 15 14 21 15
internal_value=0 -1.2591e-05 1.45543e-05 -2.28477e-05 0.000627173
internal_weight=0 519 504 475 29
internal_count=530 519 504 475 29
is_linear=0
shrinkage=0.1


Tree=417
num_leaves=6
num_cat=0
split_feature=31 34 29 29 30
split_gain=0.000413136 0.000892172 0.000658783 0.00167186 0.00147701
threshold=6.4800257426481824 9.6133219892231541 4.3882378946731615 4.6959141240107813 8.9683302942775107
decision_type=2 2 2 2 2
left_child=1 2 4 -4 -1
right_child=-2 -3 3 -5 -6
leaf_value=1.2227184912520158e-05 0.00060645103115927095 -0.00094825830543413762 0.0012242275678242247 -0.00015805154578715918 -0.00084568564128685044
leaf_weight=452 10.999999999999998 9.9999999999999982 14.999999999999998 21 21
leaf_count=452 11 10 15 21 21
internal_value=0 -1.28535e-05 5.52381e-06 0.000417898 -2.5862e-05
internal_weight=0 519 509 36 473
internal_count=530 519 509 36 473
is_linear=0
shrinkage=0.1


Tree=418
num_leaves=7
num_cat=0
split_feature=39 43 102 42 103 38
split_gain=0.000416103 0.000867867 0.00126306 0.000897252 0.00337719 0.00134008
threshold=6.4216103699850091 5.6221699441047184 4.1971736807086968 8.9404231003657895 2.3937458713910238 8.9404231003657895
decision_type=2 2 2 2 2 2
left_child=1 3 -3 5 -5 -1
right_child=-2 2 -4 4 -6 -7
leaf_value=4.8262478720481831e-06 0.00053792717933122609 4.5238934690132729e-05 -0.0013312021454718586 0.0018661382673599292 -0.00018848853845459721 -0.00111257028342648
leaf_weight=442 13.999999999999998 15.000000000000002 11.999999999999998 11.999999999999998 24 10.999999999999998
leaf_count=442 14 15 12 12 24 11
internal_value=0 -1.45949e-05 -0.000566513 1.58791e-05 0.000496387 -2.2307e-05
internal_weight=0 516 27 489 36 453
internal_count=530 516 27 489 36 453
is_linear=0
shrinkage=0.1


Tree=419
num_leaves=9
num_cat=0
split_feature=89 57 61 49 56 1 70 15
split_gain=0.000390357 0.00067635 0.00213966 0.00191753 0.00147993 0.00317887 0.002311 0.00112072
threshold=0.69137804216400778 2.3277974706268219 2.9932100361626515 1.4978661367769959 3.4773790662887372 3.0201273556387074 3.6807173121563355 4.4484992763719129
decision_type=2 2 2 2 2 2 2 2
left_child=1 2 3 -1 5 -3 -6 -4
right_child=-2 4 7 -5 6 -7 -8 -9
leaf_value=0.00031237780142244167 0.00061886324081569918 0.00016673371942634995 -0.001706583620398305 -0.00022225712713041398 -0.0013408809890582537 0.0022171762271318584 0.00010060203980006726 -0.00027317696483805778
leaf_weight=104 9.9999999999999982 31 12.000000000000002 189 11.999999999999998 9.9999999999999982 152 9.9999999999999982
leaf_count=104 10 31 12 189 12 10 152 10
internal_value=0 -1.19012e-05 -0.000103905 -3.24891e-05 0.00012947 0.000666842 -4.87233e-06 -0.00105504
internal_weight=0 520 315 293 205 41 164 22
internal_count=530 520 315 293 205 41 164 22
is_linear=0
shrinkage=0.1


Tree=420
num_leaves=15
num_cat=0
split_feature=72 72 47 35 47 50 72 47 36 92 75 102 28 38
split_gain=0.000407717 0.00111741 0.00119622 0.00264551 0.00121585 0.000989372 0.000967896 0.000967756 0.003541 0.00389702 0.00192744 0.00190335 0.00372367 0.00266014
threshold=0.19014861820061882 0.25959693671825373 2.1383330595080281 1.4571677198205182e-16 3.9981586158983733 6.7154340724707451 0.23941685434700383 2.1383330595080281 1.700598690831078 3.8720511086177325 2.1383330595080285 2.6735537653587351 9.4867690092481657e-19 6.792321753533364
decision_type=2 2 2 2 2 2 2 2 2 2 2 2 2 2
left_child=7 5 3 -3 -4 -2 -7 11 9 -9 -10 12 -1 -13
right_child=1 2 4 -5 -6 6 -8 8 10 -11 -12 13 -14 -15
leaf_value=-0.00016860205547085828 -0.0014909249474294485 0.00042442821678168215 0.00073100694880849919 -0.00096472455921245675 -0.00033663642934698149 0.00031419172858780555 -0.0010179029527353123 0.00013002321251075373 0.0001659036888259115 -0.0024757903408802427 -0.00060971033274875711 -0.00043617650733849167 0.0020990416562805575 0.0008779891359154135
leaf_weight=14.000000000000002 9.9999999999999982 26 32 29 15.999999999999998 12.000000000000002 9.9999999999999982 11.000000000000002 239 11.999999999999998 37 43 14.999999999999998 24
leaf_count=14 10 26 32 29 16 12 10 11 239 12 37 43 15 24
internal_value=0 -0.000150028 1.03317e-05 -0.000308034 0.000375126 -0.000666187 -0.000291306 5.12755e-05 -3.74165e-05 -0.00122953 6.19264e-05 0.000327514 0.00100432 3.45694e-05
internal_weight=0 135 103 55 48 32 22 395 299 23 276 96 29 67
internal_count=530 135 103 55 48 32 22 395 299 23 276 96 29 67
is_linear=0
shrinkage=0.1


Tree=421
num_leaves=10
num_cat=0
split_feature=89 18 10 103 101 99 26 50 35
split_gain=0.000405668 0.00187608 0.00243462 0.00148343 0.00133023 0.00243729 0.0013749 0.00131956 0.00123981
threshold=0.22974486851048764 4.8471850864775066 5.4227230155794315 6.1903133062787319 7.02563007770607e-17 4.5970172113385394e-17 6.0649412535860643 8.7862953666151267 1.4571677198205182e-16
decision_type=2 2 2 2 2 2 2 2 2
left_child=3 -2 -3 4 6 -6 -1 -5 -4
right_child=1 2 8 7 5 -7 -8 -9 -10
leaf_value=0.00091055734109514474 -0.00090760802165331224 0.0016328367552804679 0.00076172065795981328 0.0014213744609151034 -0.0010034049052693363 -0.00010525765643744811 -9.2872759341844368e-05 -6.1618714244104919e-05 7.7790691275952915e-06
leaf_weight=22 17 10.999999999999998 25 12.000000000000002 36 188 36 11.999999999999998 171
leaf_count=22 17 11 25 12 36 188 36 12 171
internal_value=0 0.000102255 0.000185191 -7.48533e-05 -0.000139086 -0.000249603 0.000287739 0.000679878 0.000103945
internal_weight=0 224 207 306 282 224 58 24 196
internal_count=530 224 207 306 282 224 58 24 196
is_linear=0
shrinkage=0.1


Tree=422
num_leaves=13
num_cat=0
split_feature=47 47 47 104 54 42 65 65 103 52 89 87
split_gain=0.000401738 0.00256188 0.00211322 0.00189862 0.00285454 0.00271158 0.00149198 0.00279593 0.00202333 0.00143338 0.00124481 0.00142742
threshold=3.6762205501217919 3.1567740231385479 3.7726948748059121 1.2212453270876714e-15 1.700598690831078 6.1002787324210326 1.934905513126105 2.0882432637500101 4.0517471391904856 3.323195257423865 0.39162149897656096 0.13879458329149547
decision_type=2 2 2 2 2 2 2 2 2 2 2 2
left_child=1 3 9 5 -5 -1 8 -8 -4 -2 11 -3
right_child=2 10 6 4 -6 -7 7 -9 -10 -11 -12 -13
leaf_value=0.0021296643011737616 0.0019237709447043009 -0.0021723255008691917 0.00018611232386319892 -0.0010425555760425946 8.1234645357774709e-05 0.00014368423673493619 0.0017160346312448385 3.6345347023309773e-06 -0.0018255203124135735 0.00023062050808221103 -0.00017305896548542048 -0.00062991538550704728
leaf_weight=9.9999999999999982 10.000000000000002 10.000000000000002 10.000000000000002 26 173 22 9.9999999999999982 205 9.9999999999999982 9.9999999999999982 19 14.999999999999998
leaf_count=10 10 10 10 26 173 22 10 205 10 10 19 15
internal_value=0 -8.38373e-05 9.04128e-05 4.93716e-05 -6.55922e-05 0.000764303 6.43126e-06 8.32811e-05 -0.000819704 0.0010772 -0.000783184 -0.00124688
internal_weight=0 275 255 231 199 32 235 215 20 20 44 25
internal_count=530 275 255 231 199 32 235 215 20 20 44 25
is_linear=0
shrinkage=0.1


Tree=423
num_leaves=12
num_cat=0
split_feature=46 46 98 11 37 12 34 49 101 89 5
split_gain=0.000351117 0.00341522 0.00114423 0.00205767 0.00165975 0.0031281 0.00260361 0.00128284 0.000857879 0.00290736 0.00213685
threshold=6.7154340724707451 6.8554065778657352 2.4414009612931862 1.700598690831078 1.4978661367769959 2.4414009612931857 5.4094089116575796 4.1971736807086968 1.386294361119891 0.54720635870335943 3.1132683346437333
decision_type=2 2 2 2 2 2 2 2 2 2 2
left_child=2 -2 4 -4 5 -1 -6 -5 9 -3 -10
right_child=1 8 3 7 6 -7 -8 -9 10 -11 -12
leaf_value=-0.00014415463506752118 0.0017160513593504829 0.00057759265973767262 0.0013654291096221035 -0.00023351148487205645 0.0013615768275816332 -0.0020562784513458612 -0.00034747987919353307 0.00089756505331024534 -0.00047888816407857642 -0.00076621234308861736 0.00012804739387441949
leaf_weight=22 11.999999999999998 69 11.999999999999998 61 10.999999999999998 13.999999999999998 47 11.999999999999998 92 21 157
leaf_count=22 12 69 12 61 11 14 47 12 92 21 157
internal_value=0 5.81247e-05 -0.000113976 0.000151903 -0.000354399 -0.000887758 -2.33484e-05 -4.75811e-05 -5.62938e-07 0.000264038 -9.62019e-05
internal_weight=0 351 179 85 94 36 58 73 339 90 249
internal_count=530 351 179 85 94 36 58 73 339 90 249
is_linear=0
shrinkage=0.1


Tree=424
num_leaves=12
num_cat=0
split_feature=72 55 95 23 23 15 35 99 53 99 19
split_gain=0.000353858 0.000929836 0.00138179 0.00109615 0.000823565 0.00385494 0.00606468 0.00269925 0.00246122 0.00192942 0.00188453
threshold=0.19014861820061882 1.700598690831078 1.700598690831078 2.602003343538398 2.7058230259275202 2.249904835165133 2.524928003624769 1.0986122886681098 0.88137358701954338 1.4978661367769959 3.2384861814448418
decision_type=2 2 2 2 2 2 2 2 2 2 2
left_child=4 -2 -3 -4 5 9 -7 8 -6 -1 -9
right_child=1 2 3 -5 7 6 -8 10 -10 -11 -12
leaf_value=-9.2461002005668561e-05 0.00078811072511598469 -0.0012342656807353102 0.00025678456687880196 -0.0003732966585252703 0.00016025878871776954 -0.00013349375450078779 -0.0030092566464604304 0.0013140841457061469 0.00144765478751786 0.00093603175167421195 -9.399165533826212e-05
leaf_weight=76 9.9999999999999982 11.999999999999998 48 65 33 22 10.999999999999998 9.9999999999999982 27 24 192
leaf_count=76 10 12 48 65 33 22 11 10 27 24 192
internal_value=0 -0.000139768 -0.000213998 -0.000105652 4.77689e-05 -0.000154894 -0.00109208 0.000150648 0.000739587 0.000154377 -2.42849e-05
internal_weight=0 135 125 113 395 133 33 262 60 100 202
internal_count=530 135 125 113 395 133 33 262 60 100 202
is_linear=0
shrinkage=0.1


Tree=425
num_leaves=11
num_cat=0
split_feature=29 18 19 72 48 21 9 23 96 103
split_gain=0.000368607 0.00171902 0.00138079 0.00240216 0.00131828 0.00258372 0.00171309 0.00109047 0.00216765 0.00159573
threshold=1.8688348091416844 5.5154246272451131 2.9174053685313033 0.034052814723272755 3.1984648276080736 1.700598690831078 1.4978661367769959 0.69314718055994573 5.7959838361550915 8.8938459461701548e-20
decision_type=2 2 2 2 2 2 2 2 2 2
left_child=2 -2 4 -4 5 -1 -6 8 -3 -9
right_child=1 7 3 -5 6 -7 -8 9 -10 -11
leaf_value=4.1532343442016628e-05 0.0013431667815893889 -0.0016740020004693754 -0.0020054741366766385 0.00018640171096194537 0.0016171201801626013 -0.001410399937691788 4.9345167083273469e-05 0.00063880234319228866 0.00020187581893489032 -1.7030464518452764e-05
leaf_weight=67 9.9999999999999982 11.000000000000002 10.000000000000002 9.9999999999999982 9.9999999999999982 14.999999999999998 23 42 13.999999999999998 318
leaf_count=67 10 11 10 10 10 15 23 42 14 318
internal_value=0 4.87542e-05 -0.000142651 -0.000909536 -9.27993e-06 -0.000224065 0.000524429 1.51331e-05 -0.00062351 5.94834e-05
internal_weight=0 395 135 20 115 82 33 385 25 360
internal_count=530 395 135 20 115 82 33 385 25 360
is_linear=0
shrinkage=0.1


Tree=426
num_leaves=10
num_cat=0
split_feature=46 7 65 47 83 64 71 47 23
split_gain=0.000343154 0.00129912 0.00185268 0.000746998 0.00236215 0.00128541 0.00112687 0.000886505 0.000675165
threshold=4.330646767694998 3.8815106545092593 2.6238082228260842 3.5214886562329184e-16 1.7683569903876453 0.18864711557073408 2.3502401828962087 1.2424533248940006 1.4571677198205182e-16
decision_type=2 2 2 2 2 2 2 2 2
left_child=1 2 8 4 -2 -5 -6 -7 -1
right_child=3 -3 -4 5 6 7 -8 -9 -10
leaf_value=-0.00046812777396884142 0.0013082538482396761 0.00071047836417247631 -0.0013040921157773805 -0.0011370664811693133 0.00027639012180522764 -0.00060783069963111884 -0.0010038774623535574 4.4266657207218083e-05 0.00063983120860277936
leaf_weight=11.000000000000002 18 10.999999999999998 17 9.9999999999999982 22 22 9.9999999999999982 398 10.999999999999998
leaf_count=11 18 11 17 10 22 22 10 398 11
internal_value=0 -0.000249311 -0.000520021 2.59699e-05 0.000391808 -1.65693e-05 -0.000123693 1.01092e-05 8.58517e-05
internal_weight=0 50 39 480 50 430 32 420 22
internal_count=530 50 39 480 50 430 32 420 22
is_linear=0
shrinkage=0.1


Tree=427
num_leaves=5
num_cat=0
split_feature=95 54 95 95
split_gain=0.000323017 0.000552371 0.0010624 0.00103585
threshold=5.3659650969185444 5.3470054794873976 4.6298509007569537 4.3882378946731615
decision_type=2 2 2 2
left_child=1 2 3 -1
right_child=-2 -3 -4 -5
leaf_value=2.6640972772790853e-06 0.00047395341281506788 -0.00068338450219016531 0.00083207328497337586 -0.00087009127559472947
leaf_weight=475 13.999999999999998 11.999999999999998 14.999999999999998 13.999999999999998
leaf_count=475 14 12 15 14
internal_value=0 -1.28592e-05 3.10569e-06 -2.23228e-05
internal_weight=0 516 504 489
internal_count=530 516 504 489
is_linear=0
shrinkage=0.1


Tree=428
num_leaves=11
num_cat=0
split_feature=95 65 70 17 6 4 68 4 10 37
split_gain=0.000322078 0.00188756 0.00152484 0.00162189 0.00227993 0.00144216 0.000734175 0.00197264 0.00103394 0.000638943
threshold=3.6242520361853052 2.716824689651856 3.915623216655864 4.0163424379838117 8.3105297257100812 4.0163424379838117 4.2321181817396996 4.3241107269113215 8.9683302942775107 3.8393944990995772
decision_type=2 2 2 2 2 2 2 2 2 2
left_child=2 -2 3 4 -1 -4 7 -3 -8 -7
right_child=1 6 5 -5 -6 9 8 -9 -10 -11
leaf_value=2.2842717590890012e-05 0.0013885385483842006 -4.1707643270326246e-05 -0.0016867419797927143 0.0012120503508909182 -0.001509339783806354 -0.00076937805010507301 -0.00054831800124601523 0.001594491652213037 0.00015163856202407794 0.00022207983770036104
leaf_weight=337 10.999999999999998 28 9.9999999999999982 10.999999999999998 9.9999999999999982 13.000000000000002 36 9.9999999999999982 51 12.999999999999998
leaf_count=337 11 28 10 11 10 13 36 10 51 13
internal_value=0 0.000132685 -4.57999e-05 1.65842e-05 -2.13124e-05 -0.000666175 2.21698e-05 0.000388871 -0.000137999 -0.000273649
internal_weight=0 136 394 358 347 36 125 38 87 26
internal_count=530 136 394 358 347 36 125 38 87 26
is_linear=0
shrinkage=0.1


Tree=429
num_leaves=6
num_cat=0
split_feature=22 22 18 10 103
split_gain=0.000318955 0.00149566 0.00141348 0.00110246 0.00102976
threshold=1.0000000180025095e-35 4.330646767694998 4.8471850864775066 5.4227230155794315 2.015938414465235e-19
decision_type=2 2 2 2 2
left_child=4 -2 -3 -4 -1
right_child=1 2 3 -5 -6
leaf_value=-0.00083889196736409381 0.0011225481920215921 -0.0011841694079339504 0.00074383532861247662 -1.4720564021237743e-05 0.00029787668143399065
leaf_weight=17 11.999999999999998 9.9999999999999982 20 456 14.999999999999998
leaf_count=17 12 10 20 456 15
internal_value=0 1.96647e-05 -7.56701e-06 1.71515e-05 -0.000306032
internal_weight=0 498 486 476 32
internal_count=530 498 486 476 32
is_linear=0
shrinkage=0.1


Tree=430
num_leaves=8
num_cat=0
split_feature=101 88 96 2 97 28 66
split_gain=0.00032041 0.000993359 0.000731756 0.00176439 0.000716601 0.000597144 0.000527978
threshold=5.1900782098253133 0.14064083802960775 8.9808621585217967 8.9404231003657895 5.2652741739841078 4.4005842009683471 3.1984648276080736
decision_type=2 2 2 2 2 2 2
left_child=2 -2 3 4 -1 6 -4
right_child=1 -3 5 -5 -6 -7 -8
leaf_value=1.5147647900448646e-06 0.00090820199194630328 -0.00036167812808840115 -0.00067188289090567676 0.0010840325049745541 -0.0008156174455176701 -0.0009890170168756205 0.00025391830380872953
leaf_weight=441 14.000000000000002 10.999999999999998 11.000000000000002 14.999999999999998 10.999999999999998 12.999999999999998 13.999999999999998
leaf_count=441 14 11 11 15 11 13 14
internal_value=0 0.000349455 -1.72997e-05 1.70379e-05 -1.83712e-05 -0.000439291 -0.000153434
internal_weight=0 25 505 467 452 38 25
internal_count=530 25 505 467 452 38 25
is_linear=0
shrinkage=0.1


Tree=431
num_leaves=6
num_cat=0
split_feature=45 46 28 36 24
split_gain=0.000311008 0.000770848 0.000647949 0.00269105 0.00205986
threshold=5.3028591759145582 9.5188769219551848 4.7360445312007302 4.7094896185437563 4.7360445312007302
decision_type=2 2 2 2 2
left_child=1 2 3 -1 -4
right_child=-2 -3 4 -5 -6
leaf_value=8.9192928157639443e-06 0.0004208058625569239 -0.00080599729359770813 0.0016296784601581749 -0.001451086561428383 2.8972638268364458e-05
leaf_weight=437 17 11.999999999999998 9.9999999999999982 12.999999999999998 41
leaf_count=437 17 12 10 13 41
internal_value=0 -1.39448e-05 5.02648e-06 -3.32587e-05 0.000342837
internal_weight=0 513 501 450 51
internal_count=530 513 501 450 51
is_linear=0
shrinkage=0.1


Tree=432
num_leaves=9
num_cat=0
split_feature=26 26 30 44 25 26 30 22
split_gain=0.000303111 0.00367592 0.00288547 0.00180006 0.00216598 0.00151961 0.0015927 0.00151669
threshold=7.4914760745935558 7.566306192404392 7.536596417682853 3.3497501700808394 2.524928003624769 7.6218971959182094 7.6898260528985487 6.8674505948844944
decision_type=2 2 2 2 2 2 2 2
left_child=2 -2 3 7 -5 -3 -7 -1
right_child=1 5 -4 4 -6 6 -8 -9
leaf_value=5.021382248635157e-05 0.0016515464788036689 -0.0012206790409982206 -0.0016626747568476608 -1.6104255059172615e-05 0.0019414752151351421 0.00097089386819040077 -3.1721420624081542e-05 -0.00056694789656411065
leaf_weight=170 13.999999999999998 9.9999999999999982 10.999999999999998 13.000000000000002 9.9999999999999982 17 233 52
leaf_count=170 14 10 11 13 10 17 233 52
internal_value=0 7.30984e-05 -7.82381e-05 -7.10018e-06 0.000835017 -1.18949e-05 3.64564e-05 -9.43466e-05
internal_weight=0 274 256 245 23 260 250 222
internal_count=530 274 256 245 23 260 250 222
is_linear=0
shrinkage=0.1


Tree=433
num_leaves=8
num_cat=0
split_feature=41 41 37 45 31 49 2
split_gain=0.000308305 0.00184923 0.00175657 0.0012538 0.000816503 0.000800048 0.00119499
threshold=4.135134555718313 4.2696729980286863 4.135134555718313 4.0942056540395164 4.1971736807086968 3.3497501700808394 8.4939240406580563
decision_type=2 2 2 2 2 2 2
left_child=2 -2 3 4 -1 6 -3
right_child=1 5 -4 -5 -6 -7 -8
leaf_value=-4.4449300067656961e-05 0.0012723629459147701 -9.9373133669264228e-05 -0.0013422958820592612 -0.001109025797341019 0.00030136778306982977 -0.00064811078264028767 0.0010841903890567747
leaf_weight=347 12.999999999999998 38 9.9999999999999982 9.9999999999999982 85 15.999999999999998 10.999999999999998
leaf_count=347 13 38 10 10 85 16 11
internal_value=0 0.000183601 -3.16833e-05 -2.03146e-06 2.35934e-05 -3.41517e-05 0.000166325
internal_weight=0 78 452 442 432 65 49
internal_count=530 78 452 442 432 65 49
is_linear=0
shrinkage=0.1


Tree=434
num_leaves=9
num_cat=0
split_feature=0 56 51 99 101 25 53 53
split_gain=0.000313218 0.00200425 0.00187424 0.0025986 0.00197931 0.00156201 0.00113586 0.000988399
threshold=4.7357950894166834e-16 0.8109302162163291 1.0000000180025095e-35 7.6327832942979524e-17 0.89587973461402726 2.8102520310824275e-16 1.0000000180025095e-35 0.53479999673981382
decision_type=2 2 2 2 2 2 2 2
left_child=2 -2 3 5 -4 -1 -3 -8
right_child=1 6 4 -5 -6 -7 7 -9
leaf_value=0.0010131684523499143 -0.0013654424660754477 0.00085638954148938267 0.00037662556722735694 0.001753244227126873 -0.0010867114214407694 -0.00051615781712290997 -0.00066658712002327263 7.4498979315581327e-06
leaf_weight=11.000000000000002 10.999999999999998 14.999999999999998 19 13.999999999999998 18 17 23 402
leaf_count=11 11 15 19 14 18 17 23 402
internal_value=0 -3.21744e-05 0.000183679 0.000640847 -0.000335268 8.46489e-05 1.15727e-06 -2.90274e-05
internal_weight=0 451 79 42 37 28 440 425
internal_count=530 451 79 42 37 28 440 425
is_linear=0
shrinkage=0.1


Tree=435
num_leaves=9
num_cat=0
split_feature=89 68 89 10 84 45 31 103
split_gain=0.000342944 0.00135635 0.0020124 0.00206006 0.00124433 0.00110608 0.0013957 0.00149223
threshold=0.19942679443578884 2.1842073921524539 0.49721651427453734 6.7604140197338749 0.014937124204694651 5.3028591759145582 5.5758845328614726 6.3456348218911716
decision_type=2 2 2 2 2 2 2 2
left_child=5 -2 3 -3 -4 6 7 -1
right_child=1 2 4 -5 -6 -7 -8 -9
leaf_value=-0.00011429175160023624 -0.00090076672875931342 0.0013602009058282104 0.00022684593621104593 0.00022019674336964576 -0.00036107074241347923 0.00096326305152615542 -0.0011623180975827078 0.00094524401809914201
leaf_weight=263 12.999999999999998 23 72 51 72 9.9999999999999982 11.999999999999998 13.999999999999998
leaf_count=263 13 23 72 51 72 10 12 14
internal_value=0 9.15173e-05 0.00015069 0.000574522 -6.71124e-05 -7.0704e-05 -0.000106481 -6.07412e-05
internal_weight=0 231 218 74 144 299 289 277
internal_count=530 231 218 74 144 299 289 277
is_linear=0
shrinkage=0.1


Tree=436
num_leaves=11
num_cat=0
split_feature=29 35 25 61 47 9 22 86 9 95
split_gain=0.000348259 0.00125887 0.00110352 0.00183203 0.000949435 0.000834434 0.00133793 0.000771122 0.00115313 0.000939254
threshold=0.69314718055994551 1.4571677198205182e-16 2.8102520310824275e-16 2.1042023391457207 1.0000000180025095e-35 2.4414009612931857 1.0000000180025095e-35 0.68476950597767339 0.69314718055994551 3.0201273556387074
decision_type=2 2 2 2 2 2 2 2 2 2
left_child=2 4 5 -4 -2 6 -1 8 -3 -9
right_child=1 7 3 -5 -6 -7 -8 9 -10 -11
leaf_value=-0.00031338573859708655 0.0013176156064638722 -0.00060353919635181908 -0.0017078501201467583 0.0001172425876244564 5.5293435872789075e-05 -0.00075104855508966882 0.00074252334185681936 -2.7242311209972409e-05 7.3155676781751287e-05 -0.0012961588206235322
leaf_weight=24 13.000000000000002 27 11.000000000000002 10.999999999999998 10.999999999999998 10.999999999999998 24 14.000000000000002 374 9.9999999999999982
leaf_count=24 13 27 11 11 11 11 24 14 374 10
internal_value=0 3.44297e-05 -0.000190851 -0.000795304 0.000739051 3.45384e-05 0.000214569 -5.36074e-06 2.75927e-05 -0.000555958
internal_weight=0 449 81 22 24 59 48 425 401 24
internal_count=530 449 81 22 24 59 48 425 401 24
is_linear=0
shrinkage=0.1


Tree=437
num_leaves=5
num_cat=0
split_feature=70 69 69 60
split_gain=0.000341492 0.000874476 0.0012362 0.00131544
threshold=0.017943753505510068 0.55286540177206422 0.9593767796217848 1.1190232859282376
decision_type=2 2 2 2
left_child=-1 -2 -3 -4
right_child=1 2 3 -5
leaf_value=-0.00048731869451980206 0.00069796456397549882 -0.0008251346175610606 0.0010111869064320881 -8.6379164988036058e-06
leaf_weight=13.999999999999998 18 18 12.999999999999998 467
leaf_count=14 18 18 13 467
internal_value=0 1.32218e-05 -1.15279e-05 1.89823e-05
internal_weight=0 516 498 480
internal_count=530 516 498 480
is_linear=0
shrinkage=0.1


Tree=438
num_leaves=12
num_cat=0
split_feature=82 40 36 40 48 29 48 22 9 73 29
split_gain=0.000351095 0.00174868 0.00362042 0.00182996 0.00169544 0.00161405 0.00160118 0.00123788 0.00117642 0.00114147 0.00101528
threshold=0.082529819652884986 3.3140206880897671 3.1984648276080736 3.1132683346437333 4.0689902272260703 2.9174053685313028 3.7012257604091228 4.8471850864775066 3.5694334999727624 2.8617925509761908 2.4414009612931857
decision_type=2 2 2 2 2 2 2 2 2 2 2
left_child=4 3 -3 10 6 -5 7 -1 -6 -4 -2
right_child=1 2 9 5 8 -7 -8 -9 -10 -11 -12
leaf_value=0.00093630295761007194 -0.00021120315698291444 -0.002012569382070349 -0.00048403177158130959 0.0018749274848960332 0.0016900656791403884 0.00015472645657913138 -0.0010434579885830837 -1.4125902008269833e-06 0.00032315790886059407 0.00044517158297821877 0.00035218605531237858
leaf_weight=14.999999999999998 105 12.999999999999998 39 10.000000000000002 10.000000000000002 11.999999999999998 13.999999999999998 229 17 20 46
leaf_count=15 105 13 39 10 10 12 14 229 17 20 46
internal_value=0 -8.77836e-05 -0.000501906 8.45677e-05 7.54631e-05 0.000936636 -3.43934e-06 5.62339e-05 0.00082942 -0.000169048 -3.95747e-05
internal_weight=0 245 72 173 285 22 258 244 27 59 151
internal_count=530 245 72 173 285 22 258 244 27 59 151
is_linear=0
shrinkage=0.1


Tree=439
num_leaves=11
num_cat=0
split_feature=47 31 39 31 4 37 27 101 101 86
split_gain=0.000340386 0.00200417 0.00150649 0.00285391 0.00221072 0.00188238 0.00167932 0.00132548 0.0016273 0.00144689
threshold=3.6762205501217919 4.1510089048756029 4.1820210059610323 4.2268071048866842 3.2384861814448418 3.0201273556387074 3.9981586158983733 3.0201273556387074 3.4175922930736511 0.68476950597767339
decision_type=2 2 2 2 2 2 2 2 2 2
left_child=1 7 3 4 -2 -4 -7 9 -9 -1
right_child=2 -3 5 -5 -6 6 -8 8 -10 -11
leaf_value=-0.00024825817744397087 0.00056197342211055724 -0.0011633222053205829 -0.0011823255485848808 0.0018803169271753479 -0.00081491329983691691 0.0010731831658631564 -7.0129218730494944e-05 0.0015137706344830804 0.00015465230781292369 0.00084823895729361815
leaf_weight=162 43 15.999999999999998 13.999999999999998 11.999999999999998 15.999999999999998 13.999999999999998 156 9.9999999999999982 74 12.999999999999998
leaf_count=162 43 16 14 12 16 14 156 10 74 13
internal_value=0 -7.71705e-05 8.32231e-05 0.000474508 0.00018858 -6.77617e-05 2.40259e-05 -1.00724e-05 0.000316452 -0.000166804
internal_weight=0 275 255 71 59 184 170 259 84 175
internal_count=530 275 255 71 59 184 170 259 84 175
is_linear=0
shrinkage=0.1


Tree=440
num_leaves=13
num_cat=0
split_feature=89 95 54 0 99 89 89 47 50 102 101 92
split_gain=0.000313477 0.00211424 0.00293555 0.00252694 0.00152419 0.00148046 0.0013291 0.00239751 0.00100177 0.000992823 0.00194665 0.000740756
threshold=0.56689715819657438 1.700598690831078 2.9174053685313028 2.6735537653587347 2.3502401828962087 0.49721651427453734 0.37211895442936754 3.6242520361853052 9.3980403144047564 3.9415346756528771 3.4972025275692372e-15 4.0029676305624493
decision_type=2 2 2 2 2 2 2 2 2 2 2 2
left_child=5 11 3 -3 -4 6 8 -8 -1 10 -7 -2
right_child=1 2 4 -5 -6 9 7 -9 -10 -11 -12 -13
leaf_value=-6.9220869314320213e-05 -0.00021882343549245532 0.00054007105597217258 -0.0010235424005748848 0.0024321169953327626 0.00019711127708130032 4.3594186427071679e-05 -0.00056282020057551541 0.0013683621317290495 0.00086053557655153183 0.00016393277794122697 -0.0017831844128003078 -0.0013636236591264607
leaf_weight=338 13.000000000000002 24 12.999999999999998 9.9999999999999982 48 10.000000000000002 10.000000000000002 18 11.999999999999998 9.9999999999999982 13.999999999999998 9.9999999999999982
leaf_count=338 13 24 13 10 48 10 10 18 12 10 14 10
internal_value=0 0.000143705 0.000351981 0.00109656 -6.3028e-05 -4.11583e-05 1.56934e-05 0.000678654 -3.73435e-05 -0.000673215 -0.00102203 -0.000716563
internal_weight=0 118 95 34 61 412 378 28 350 34 24 23
internal_count=530 118 95 34 61 412 378 28 350 34 24 23
is_linear=0
shrinkage=0.1


Tree=441
num_leaves=13
num_cat=0
split_feature=97 48 3 80 13 57 95 45 48 52 89 88
split_gain=0.000324926 0.00154997 0.00306897 0.00133405 0.00202099 0.00202786 0.00112879 0.00134481 0.0010916 0.00310689 0.00111597 0.00104614
threshold=2.3502401828962087 1.0000000180025095e-35 2.8617925509761908 0.3299106210440475 2.8102520310824275e-16 1.8239285224305608 2.6735537653587347 2.0126758453675753 1.8688348091416842 2.957426722368071 0.68437450589092885 0.27765751993965909
decision_type=2 2 2 2 2 2 2 2 2 2 2 2
left_child=3 2 -2 6 -5 -6 7 -1 9 -3 -10 -4
right_child=1 8 11 4 5 -7 -8 -9 10 -11 -12 -13
leaf_value=-0.00067221777979284533 -0.002039544360542839 -0.00052806995160305313 0.00031265790193257012 -0.00028121271461714061 0.0021785116077146743 0.00039093946106731896 0.00076316793759663903 8.1738382719428451e-05 -7.058167801784374e-05 0.0016647110593372158 0.00081550958255926771 -0.00068663621612358844
leaf_weight=35 10.999999999999998 12.000000000000002 22 15.999999999999998 11.000000000000002 14.999999999999998 14.999999999999998 73 271 13.999999999999998 14.999999999999998 20
leaf_count=35 11 12 22 16 11 15 15 73 271 14 15 20
internal_value=0 -5.26441e-05 -0.000552627 0.000116455 0.000603055 0.00114722 -4.97008e-05 -0.000162599 3.22889e-05 0.000652658 -2.41084e-05 -0.000163196
internal_weight=0 365 53 165 42 26 123 108 312 26 286 42
internal_count=530 365 53 165 42 26 123 108 312 26 286 42
is_linear=0
shrinkage=0.1


Tree=442
num_leaves=11
num_cat=0
split_feature=2 45 37 50 67 57 50 57 57 5
split_gain=0.00032961 0.00155391 0.00191835 0.00183678 0.00326091 0.000778532 0.00191963 0.00187254 0.000942578 0.00077772
threshold=5.6185859816918615 2.4414009612931857 2.1383330595080285 6.3698291419571005 2.0126758453675748 1.4196364390787501 4.1895399446433013 0.79113330590631492 1.5814930825740723 1.2424533248940006
decision_type=2 2 2 2 2 2 2 2 2 2
left_child=1 3 -3 4 -1 6 -2 -8 -7 -10
right_child=5 2 -4 -5 -6 8 7 -9 9 -11
leaf_value=-0.001988187981557778 -0.0015486831932900137 0.0019001667387783521 0.00015466292388737203 0.00068819678494679362 0.0001553872649674304 0.00080215308039138723 0.00041686604581627764 -0.00068283845680222534 0.00061641255436514168 -4.060672331277225e-05
leaf_weight=11.000000000000002 10.999999999999998 10.000000000000002 17 17 20 14.999999999999998 32 30 19 348
leaf_count=11 11 10 17 17 20 15 32 30 19 348
internal_value=0 0.000194239 0.000801146 -0.000147145 -0.000605236 -3.20175e-05 -0.000331246 -0.000115249 2.51649e-05 -6.5921e-06
internal_weight=0 75 27 48 31 455 73 62 382 367
internal_count=530 75 27 48 31 455 73 62 382 367
is_linear=0
shrinkage=0.1


Tree=443
num_leaves=12
num_cat=0
split_feature=2 25 65 49 22 50 86 61 35 96 1
split_gain=0.000269336 0.00118362 0.00100372 0.00149966 0.000934684 0.00280091 0.00127278 0.000907817 0.00249136 0.00128115 0.000768205
threshold=5.6869696108313716 2.3502401828962087 1.8503793398678348 1.4978661367769959 5.5154246272451131 6.4582940601256071 0.66735886407368927 1.8741648973366549 4.1026092131977068 5.8215644129176907 2.1383330595080285
decision_type=2 2 2 2 2 2 2 2 2 2 2
left_child=1 4 3 -2 5 -1 -6 8 -4 -9 -5
right_child=2 -3 7 10 6 -7 -8 9 -10 -11 -12
leaf_value=-0.00024398803759954473 0.00034609301170955103 0.0011853957548737526 0.0009508944379470858 -0.00045273022961654598 -0.00054330780985765157 0.0018236357369460167 0.00073592462926171717 -0.0011530790530378001 -0.0008165802520869131 -5.6730183293253128e-06 -0.0016345665070482277
leaf_weight=19.000000000000004 11.999999999999998 9.9999999999999982 29 11.000000000000002 35 9.9999999999999982 9.9999999999999982 9.9999999999999982 10.999999999999998 362 10.999999999999998
leaf_count=19 12 10 29 11 35 10 10 10 11 362 11
internal_value=0 0.000164262 -3.09373e-05 -0.000553151 2.6271e-05 0.000468986 -0.000259034 1.21581e-05 0.000464839 -3.65173e-05 -0.00104365
internal_weight=0 84 446 34 74 29 45 412 40 372 22
internal_count=530 84 446 34 74 29 45 412 40 372 22
is_linear=0
shrinkage=0.1


Tree=444
num_leaves=11
num_cat=0
split_feature=95 1 95 1 70 60 100 51 51 13
split_gain=0.00026649 0.00308572 0.00118475 0.00137999 0.00133631 0.0012512 0.00199945 0.00114061 0.00171464 0.00150357
threshold=2.9174053685313028 3.1567740231385479 3.2769667020129059 3.1567740231385479 3.6683195517696583 2.8586166361901628 3.8393944990995772 1.0000000180025095e-35 2.3502401828962087 2.524928003624769
decision_type=2 2 2 2 2 2 2 2 2 2
left_child=1 7 5 -4 -5 -2 -7 9 -9 -1
right_child=2 -3 3 4 -6 6 -8 8 -10 -11
leaf_value=9.438827690015823e-05 0.0005868716296390631 0.0017930885870009663 0.0011392256557221779 -0.00091831370101620757 6.7023397152112384e-05 -0.001770487632408428 -0.00031062600757523313 -0.00052775621334149041 0.00011241449704077521 0.001141396614120287
leaf_weight=71 9.9999999999999982 9.9999999999999982 10.999999999999998 14.999999999999998 167 11.999999999999998 43 70 104 17
leaf_count=71 10 10 11 15 167 12 43 70 104 17
internal_value=0 6.90602e-05 -7.28076e-05 5.15528e-05 -1.41857e-05 -0.000442062 -0.000629141 3.25757e-06 -0.000145125 0.000296651
internal_weight=0 272 258 193 182 65 55 262 174 88
internal_count=530 272 258 193 182 65 55 262 174 88
is_linear=0
shrinkage=0.1


Tree=445
num_leaves=12
num_cat=0
split_feature=97 3 16 20 49 4 0 49 84 87 101
split_gain=0.000282254 0.00233009 0.00101279 0.0016052 0.00101068 0.00171372 0.00184466 0.00112415 0.00143585 0.00128816 0.000635917
threshold=2.7058230259275202 3.0201273556387078 3.4498615536424366 3.3140206880897671 2.1383330595080285 4.0342014792848504 2.524928003624769 2.524928003624769 0.62805963902296125 0.12008433422675381 4.1190041246092024
decision_type=2 2 2 2 2 2 2 2 2 2 2
left_child=1 2 3 -1 5 6 -2 8 -6 -9 -7
right_child=4 -3 -4 -5 7 10 -8 9 -10 -11 -12
leaf_value=-8.9533916597324582e-06 0.00029941065854822789 0.001446040602362094 -0.00077984044483552385 0.0011921228763336936 -5.4880921603538658e-05 0.00082815621741853329 -0.00109032758013604 0.00018597764243679651 0.0014620401033122715 -0.00027730817668858453 -0.00022447729458111677
leaf_weight=153 12.999999999999998 11.999999999999998 14.999999999999998 11.999999999999998 13.000000000000002 12.000000000000002 36 128 11.999999999999998 113 10.999999999999998
leaf_count=153 13 12 15 12 13 12 36 128 12 113 11
internal_value=0 9.68254e-05 6.87777e-06 7.83976e-05 -5.50014e-05 -0.000387373 -0.000721622 3.49637e-05 0.000673241 -3.12477e-05 0.000324723
internal_weight=0 192 180 165 338 72 49 266 25 241 23
internal_count=530 192 180 165 338 72 49 266 25 241 23
is_linear=0
shrinkage=0.1


Tree=446
num_leaves=9
num_cat=0
split_feature=32 28 33 101 101 87 28 28
split_gain=0.000269441 0.0013091 0.00123223 0.00116552 0.00192301 0.00160188 0.00108105 0.00213976
threshold=2.9174053685313028 3.1567740231385479 1.4978661367769959 2.740319461670996 2.9174053685313028 0.239555418017284 2.9700856263602158 2.6735537653587347
decision_type=2 2 2 2 2 2 2 2
left_child=1 6 -2 5 -5 -4 7 -1
right_child=2 -3 3 4 -6 -7 -8 -9
leaf_value=-3.4072406527428387e-05 -0.0010988323081454093 0.00110100934204335 9.3295024607744408e-06 -0.001512042413232848 -8.966001418002634e-05 0.00089901312769922841 -0.00098767453455366199 0.0010581056037335657
leaf_weight=174 10.999999999999998 11.999999999999998 73 9.9999999999999982 192 28 9.9999999999999982 20
leaf_count=174 11 12 73 10 192 28 10 20
internal_value=0 8.5967e-05 -5.91366e-05 -2.13918e-05 -0.000160075 0.000255974 2.62587e-05 7.85233e-05
internal_weight=0 216 314 303 202 101 204 194
internal_count=530 216 314 303 202 101 204 194
is_linear=0
shrinkage=0.1


Tree=447
num_leaves=9
num_cat=0
split_feature=98 103 99 30 8 4 52 0
split_gain=0.000262281 0.000916421 0.000877267 0.000841051 0.000638428 0.001131 0.000585512 0.000796432
threshold=4.4484992763719129 5.6002703899390385 3.8815106545092593 8.8684732016442744 4.8940944640863338 4.6490840411708527 5.2533344981400045 5.7163726239213508
decision_type=2 2 2 2 2 2 2 2
left_child=2 -2 4 -4 5 -1 -3 -8
right_child=1 6 3 -5 -6 -7 7 -9
leaf_value=1.8825726107756881e-05 0.00097973614513951666 -0.0005105780651016782 -0.0010734596829085298 0.00011049626802559943 0.00076114943393887108 -0.0008945629842595995 0.00091645860282534876 -0.00022060336112709984
leaf_weight=428 11.999999999999998 14.999999999999998 15.000000000000002 9.9999999999999982 10.999999999999998 13.999999999999998 11.000000000000002 13.999999999999998
leaf_count=428 12 15 15 10 11 14 11 14
internal_value=0 0.000213284 -2.32024e-05 -0.000599877 8.6229e-06 -1.01051e-05 -1.66518e-05 0.000279704
internal_weight=0 52 478 25 453 442 40 25
internal_count=530 52 478 25 453 442 40 25
is_linear=0
shrinkage=0.1


Tree=448
num_leaves=6
num_cat=0
split_feature=21 18 100 100 34
split_gain=0.000249292 0.000917261 0.00068914 0.000890313 0.000729033
threshold=5.4160905255636633 9.5188769219551848 5.9476940157565394 5.7557372063514576 8.3105297257100812
decision_type=2 2 2 2 2
left_child=1 2 3 -1 -4
right_child=-2 -3 4 -5 -6
leaf_value=1.3501922702972572e-05 0.00047108955173329881 -0.0007805906756160161 0.00012244970903817662 -0.00065250778182720148 0.0011773122209706344
leaf_weight=454 10.999999999999998 14.999999999999998 19.000000000000004 21 9.9999999999999982
leaf_count=454 11 15 19 21 10
internal_value=0 -9.98455e-06 1.29502e-05 -1.59427e-05 0.000486195
internal_weight=0 519 504 475 29
internal_count=530 519 504 475 29
is_linear=0
shrinkage=0.1


Tree=449
num_leaves=9
num_cat=0
split_feature=88 88 103 88 56 53 48 16
split_gain=0.000240817 0.00251769 0.00303939 0.00178774 0.00144903 0.00144597 0.00113062 0.00149244
threshold=0.19426832083509774 0.27765751993965909 3.8393944990995776 0.089250971907882948 9.7832305407871701e-20 1.1382560993414124 5.1179758838799021 3.0677824455408698
decision_type=2 2 2 2 2 2 2 2
left_child=3 2 -2 4 -1 -6 7 -3
right_child=1 6 -4 -5 5 -7 -8 -9
leaf_value=0.0011865120893344286 0.0022677389867815437 0.00021937594404904646 -0.00014109294512309133 -0.00099793157148125931 -0.00035088807833669005 0.00013256082460137044 0.001009971401290386 -0.00032919151597675535
leaf_weight=9.9999999999999982 11.000000000000002 91 9.9999999999999982 19 96 174 9.9999999999999982 109
leaf_count=10 11 91 10 19 96 174 10 109
internal_value=0 7.66894e-05 0.00112068 -5.92483e-05 4.44803e-06 -3.93321e-05 -2.77093e-05 -7.95933e-05
internal_weight=0 231 21 299 280 270 210 200
internal_count=530 231 21 299 280 270 210 200
is_linear=0
shrinkage=0.1


Tree=450
num_leaves=5
num_cat=0
split_feature=39 34 23 22
split_gain=0.000242726 0.000529225 0.000428725 0.000834878
threshold=6.4216103699850091 9.5188769219551848 5.8997622255478577 9.1334875375465199
decision_type=2 2 2 2
left_child=1 2 3 -1
right_child=-2 -3 -4 -5
leaf_value=1.5804516323577389e-05 0.00041084794668547279 -0.00069733759261329071 0.00054945778753920295 -0.00062865191804511219
leaf_weight=470 13.999999999999998 10.999999999999998 13.999999999999998 21
leaf_count=470 14 11 14 21
internal_value=0 -1.1147e-05 3.79969e-06 -1.17588e-05
internal_weight=0 516 505 491
internal_count=530 516 505 491
is_linear=0
shrinkage=0.1


Tree=451
num_leaves=8
num_cat=0
split_feature=96 89 44 96 14 96 57
split_gain=0.000240229 0.00164109 0.00126853 0.000897855 0.00140591 0.000802089 0.000837961
threshold=4.330646767694998 0.35192794872177058 2.602003343538398 5.5391444897808926 5.5154246272451131 5.6732701237373151 0.81461485922290666
decision_type=2 2 2 2 2 2 2
left_child=1 2 -1 4 -2 -5 -7
right_child=3 -3 -4 5 -6 6 -8
leaf_value=0.00085088461034631873 -0.00011602446424408946 -0.0012095703665787976 -0.00055025635422983519 -0.00073320023249834776 0.0013281652184489829 0.00051182293231719197 -2.6980378396705194e-05
leaf_weight=14.000000000000002 14.000000000000002 11.999999999999998 11.999999999999998 14.999999999999998 12.999999999999998 31 419
leaf_count=14 14 12 12 15 13 31 419
internal_value=0 -0.000242251 0.000204204 1.87104e-05 0.000579326 -1.38414e-05 1.01372e-05
internal_weight=0 38 26 492 27 465 450
internal_count=530 38 26 492 27 465 450
is_linear=0
shrinkage=0.1


Tree=452
num_leaves=9
num_cat=0
split_feature=2 6 103 10 2 10 50 30
split_gain=0.000252486 0.00218122 0.00158738 0.00129083 0.00109479 0.000934709 0.00144452 0.00115685
threshold=7.6537014532716663 7.6218971959182094 6.0715321659188238e-16 7.4676420139001936 8.3890118165967387 7.4676420139001936 6.9294861326874058 7.7580950104539674
decision_type=2 2 2 2 2 2 2 2
left_child=1 5 -2 -4 -5 7 -7 -1
right_child=2 -3 3 4 -6 6 -8 -9
leaf_value=1.8300437644119113e-05 0.0009519256320536921 -0.0012815521961394034 0.001057663519565143 -0.00035283495261608503 0.00011466497183261839 0.0012586823063234726 -0.00023649848929683991 -0.0006549203598053972
leaf_weight=213 19 13.999999999999998 10.999999999999998 78 140 14.000000000000002 11.999999999999998 29
leaf_count=213 19 14 11 78 140 14 12 29
internal_value=0 -6.47264e-05 7.36002e-05 7.26063e-07 -5.26056e-05 -1.16092e-06 0.000568599 -6.23748e-05
internal_weight=0 282 248 229 218 268 26 242
internal_count=530 282 248 229 218 268 26 242
is_linear=0
shrinkage=0.1


Tree=453
num_leaves=10
num_cat=0
split_feature=75 57 35 24 75 54 35 55 7
split_gain=0.000250834 0.000977442 0.000797647 0.000964407 0.000742844 0.000705624 0.00103509 0.000976564 0.00066039
threshold=3.4498615536424366 2.7655058732022781 3.1984648276080736 3.9219243190762363 3.1567740231385479 4.5798392285869785 5.0369315191558419 4.4826034013851794 3.7494348669884658
decision_type=2 2 2 2 2 2 2 2 2
left_child=4 -2 8 -4 5 7 -7 -1 -3
right_child=1 2 3 -5 -6 6 -8 -9 -10
leaf_value=-2.7621897075030965e-06 -0.0009978772189545757 -0.00011526418723709258 -0.0011490173498168589 2.7296797033277869e-05 0.00067554173609310323 0.0009901334184071269 -0.00013049414556007833 -0.00079971790364652406 0.00091348167164911637
leaf_weight=394 11.999999999999998 12.000000000000002 9.9999999999999982 23 17 17 15.999999999999998 15.999999999999998 12.999999999999998
leaf_count=394 12 12 10 23 17 17 16 16 13
internal_value=0 -0.000176354 -6.38372e-06 -0.000329162 2.68365e-05 1.9426e-06 0.000446799 -3.38629e-05 0.000419684
internal_weight=0 70 58 33 460 443 33 410 25
internal_count=530 70 58 33 460 443 33 410 25
is_linear=0
shrinkage=0.1


Tree=454
num_leaves=12
num_cat=0
split_feature=46 46 98 1 5 97 3 48 49 34 85
split_gain=0.000265846 0.00171653 0.000688068 0.00141539 0.0012232 0.00226675 0.00146879 0.000809675 0.000649574 0.00137246 0.00109607
threshold=6.7154340724707451 6.8554065778657352 2.4414009612931862 2.249904835165133 1.4978661367769959 2.1383330595080281 3.3497501700808394 4.5695295849856103 4.2696729980286863 7.8630677199151569 0.5204218067884937
decision_type=2 2 2 2 2 2 2 2 2 2 2
left_child=2 -2 4 -4 5 -1 -6 -5 10 -10 -3
right_child=1 8 3 7 6 -7 -8 -9 9 -11 -12
leaf_value=-0.0020478355442173773 0.0012259649248638502 -2.7682087372084557e-05 0.0011134706796534981 -0.00021346428310304571 0.000116657627489379 3.2412230079485616e-05 -0.0010557932600092431 0.00065703714588800314 -0.0013246569697829809 5.4196416056670603e-05 0.00049257469405953702
leaf_weight=10.000000000000002 11.999999999999998 259 11.999999999999998 60 60 10.999999999999998 12.999999999999998 12.999999999999998 10.999999999999998 21 48
leaf_count=10 12 259 12 60 60 11 13 13 11 21 48
internal_value=0 5.05766e-05 -9.91754e-05 0.000107003 -0.000285614 -0.000958182 -9.2135e-05 -5.84435e-05 8.96998e-06 -0.000419784 5.3661e-05
internal_weight=0 351 179 85 94 21 73 73 339 32 307
internal_count=530 351 179 85 94 21 73 73 339 32 307
is_linear=0
shrinkage=0.1


Tree=455
num_leaves=7
num_cat=0
split_feature=27 33 32 24 37 40
split_gain=0.00023299 0.00103851 0.000913868 0.000634917 0.000617757 0.000788339
threshold=5.6780422514550422 4.6051201834879256 4.9451504953659766 4.6490840411708527 5.4160905255636633 5.2652741739841078
decision_type=2 2 2 2 2 2
left_child=1 2 3 -1 5 -2
right_child=4 -3 -4 -5 -6 -7
leaf_value=1.6682371885030675e-05 8.4034026884991251e-05 -0.00081086485533887753 0.0008698119199834764 -0.00045899438133953184 -0.00043610415363218633 0.001191420793766156
leaf_weight=434 18.000000000000004 15.999999999999998 11.999999999999998 30 9.9999999999999982 9.9999999999999982
leaf_count=434 18 16 12 30 10 10
internal_value=0 -1.84264e-05 8.21021e-06 -1.40726e-05 0.000238573 0.000479529
internal_weight=0 492 476 464 38 28
internal_count=530 492 476 464 38 28
is_linear=0
shrinkage=0.1


Tree=456
num_leaves=12
num_cat=0
split_feature=5 104 71 9 63 11 96 16 101 1 3
split_gain=0.000229713 0.00183653 0.00152262 0.00118627 0.00173253 0.000723469 0.000699706 0.000935878 0.000682805 0.00110334 0.000759794
threshold=2.9700856263602158 2.5249280036247694 0.69314718055994573 2.9700856263602158 3.5114340430413216 4.1971736807086968 7.77883922098541 3.4498615536424366 2.9174053685313028 3.3842466058243152 3.8815106545092593
decision_type=2 2 2 2 2 2 2 2 2 2 2
left_child=3 2 -2 6 -5 -6 7 -1 10 -10 -3
right_child=1 8 -4 4 5 -7 -8 -9 9 -11 -12
leaf_value=3.0131490775430684e-05 0.0016329126459403102 0.00025122536283631166 7.0830899251935392e-05 -0.0017306758102495217 0.0004828433002694508 -0.00072004372021183382 0.00060994737921444338 -0.00062872691147883124 0.00062862555616824281 -4.5181926400497716e-05 -0.00066880473961395315
leaf_weight=212 13.000000000000002 12.999999999999998 11.999999999999998 10.000000000000002 10.000000000000002 9.9999999999999982 18 24 29 150 29
leaf_count=212 13 13 12 10 10 10 18 24 29 150 29
internal_value=0 7.07369e-05 0.000883113 -6.12721e-05 -0.000655959 -0.0001186 8.96647e-06 -3.68711e-05 -2.11609e-05 6.39824e-05 -0.000384034
internal_weight=0 246 25 284 30 20 254 236 221 179 42
internal_count=530 246 25 284 30 20 254 236 221 179 42
is_linear=0
shrinkage=0.1


Tree=457
num_leaves=9
num_cat=0
split_feature=46 46 34 34 92 104 65 98
split_gain=0.000233935 0.00138727 0.000642065 0.0022221 0.0021306 0.000639552 0.00212229 0.000747135
threshold=6.7154340724707451 6.8905076909263032 7.2754532773251155 7.3789956586643362 4.0029676305624493 1.2212453270876714e-15 0.93250480604331165 1.0000000180025095e-35
decision_type=2 2 2 2 2 2 2 2
left_child=5 -2 4 -4 -3 -1 -7 -8
right_child=1 2 3 -5 -6 6 7 -9
leaf_value=0.00053197810581574842 0.00098835965244992012 5.6894069483470445e-05 0.001525839655660093 8.6891981690669742e-06 -0.0014872068311281815 -0.0012080264791353224 0.00059556583311110879 -0.00010939022331263879
leaf_weight=14.999999999999998 14.999999999999998 35 9.9999999999999982 279 11.999999999999998 17 17 130
leaf_count=15 15 35 10 279 12 17 17 130
internal_value=0 4.74441e-05 5.43897e-06 6.11858e-05 -0.000337344 -9.30329e-05 -0.000150199 -2.78647e-05
internal_weight=0 351 336 289 47 179 164 147
internal_count=530 351 336 289 47 179 164 147
is_linear=0
shrinkage=0.1


Tree=458
num_leaves=7
num_cat=0
split_feature=65 42 67 86 43 86
split_gain=0.00023591 0.00130205 0.000660046 0.000454307 0.000623282 0.000565639
threshold=0.65883983373692223 6.1002787324210326 2.0126758453675748 0.68763835309583687 3.7726948748059121 0.67986905584219193
decision_type=2 2 2 2 2 2
left_child=1 -1 -2 5 -5 -4
right_child=2 -3 3 4 -6 -7
leaf_value=0.0011888729897327718 -0.00081948492093943072 -0.00026571707712719217 1.3268286218654044e-06 0.00014000772498548028 -0.0009289557987358422 0.00060624704019573983
leaf_weight=10.000000000000002 9.9999999999999982 15.999999999999998 456 10.000000000000002 11.999999999999998 15.999999999999998
leaf_count=10 10 16 456 10 12 16
internal_value=0 0.000293741 -1.51533e-05 1.12873e-06 -0.000443063 2.18326e-05
internal_weight=0 26 504 494 22 472
internal_count=530 26 504 494 22 472
is_linear=0
shrinkage=0.1


Tree=459
num_leaves=10
num_cat=0
split_feature=26 26 30 44 60 21 0 17 27
split_gain=0.000232337 0.00219005 0.00175974 0.00114654 0.00143641 0.00106322 0.00231736 0.00172283 0.000987604
threshold=7.4914760745935558 7.566306192404392 7.4914760745935558 3.3140206880897671 2.90072864038462 3.1567740231385479 2.524928003624769 3.1567740231385479 3.6762205501217919
decision_type=2 2 2 2 2 2 2 2 2
left_child=2 -2 3 8 -5 6 -3 -7 -1
right_child=1 5 -4 4 -6 7 -8 -9 -10
leaf_value=-2.8200547673111602e-05 0.0012823531096468547 0.00017729098843502519 -0.0011585517694974053 4.9372112527421172e-05 0.0015597859001718461 0.0010500798263415668 -0.00099841609480790807 2.2393626150214808e-05 -0.00092741514985951099
leaf_weight=202 13.999999999999998 38 13.999999999999998 17.000000000000004 9.9999999999999982 18 30 174 12.999999999999998
leaf_count=202 14 38 14 17 10 18 30 174 13
internal_value=0 6.3998e-05 -6.84978e-05 -5.43687e-06 0.000608785 -1.60576e-06 -0.000341403 0.000118739 -8.25717e-05
internal_weight=0 274 256 242 27 260 68 192 215
internal_count=530 274 256 242 27 260 68 192 215
is_linear=0
shrinkage=0.1


Tree=460
num_leaves=8
num_cat=0
split_feature=80 5 104 5 9 3 100
split_gain=0.000220157 0.000256347 0.00163955 0.000884985 0.00103323 0.000902558 0.000682928
threshold=39.315506526412513 3.3842466058243152 3.7256208424938388 3.5114340430413216 3.5972184255501678 4.4601277074540464 5.1845532917320201
decision_type=2 2 2 2 2 2 2
left_child=1 2 6 5 -5 -3 -1
right_child=-2 3 -4 4 -6 -7 -8
leaf_value=-4.6836590297149794e-05 0.00039128157576279979 0.0011696176408025035 -0.0011212939113777662 -0.00055098364604678606 0.00012059026381133922 -7.4264010181650532e-05 0.00066719123278744527
leaf_weight=310 13.999999999999998 14.000000000000002 13.999999999999998 28 126 9.9999999999999982 13.999999999999998
leaf_count=310 14 14 14 28 126 10 14
internal_value=0 -1.06162e-05 -6.17656e-05 8.65103e-05 -1.51408e-06 0.000651334 -1.59835e-05
internal_weight=0 516 338 178 154 24 324
internal_count=530 516 338 178 154 24 324
is_linear=0
shrinkage=0.1


Tree=461
num_leaves=11
num_cat=0
split_feature=2 45 37 45 27 2 6 21 100 6
split_gain=0.000232132 0.00109973 0.00138081 0.00134174 0.00166848 0.000661485 0.00114064 0.00112216 0.00115003 0.000691646
threshold=5.6185859816918615 2.4414009612931857 2.1383330595080285 1.2424533248940006 1.4978661367769959 6.4076772022402091 6.4076772022402091 0.3465735902799737 2.6735537653587351 6.6669365588036706
decision_type=2 2 2 2 2 2 2 2 2 2
left_child=1 3 -3 -1 -5 7 -7 -2 -9 -8
right_child=5 2 -4 4 -6 6 9 8 -10 -11
leaf_value=0.00084546897454525942 -0.001290382337756455 0.0016059873974882061 0.00012509179137208884 -0.0012257146075959706 0.00014202708205795551 0.0010281982244288719 -0.00069456923686500105 0.00052257310534413492 -0.00043279371782860141 2.1842119496998043e-05
leaf_weight=10.999999999999998 9.9999999999999982 10.000000000000002 17 14.999999999999998 22 10.999999999999998 13.999999999999998 18 42 360
leaf_count=11 10 10 17 15 22 11 14 18 42 360
internal_value=0 0.000163006 0.000673572 -0.000124187 -0.000412463 -2.68692e-05 2.45438e-05 -0.000309641 -0.000146184 -4.97542e-06
internal_weight=0 75 27 48 37 455 385 70 60 374
internal_count=530 75 27 48 37 455 385 70 60 374
is_linear=0
shrinkage=0.1


Tree=462
num_leaves=10
num_cat=0
split_feature=5 9 45 29 5 40 100 100 89
split_gain=0.000228026 0.00133349 0.00163605 0.0010722 0.000894558 0.000810635 0.000644151 0.00108595 0.00082531
threshold=1.2424533248940006 0.69314718055994551 3.1132683346437333 1.1362438767648089e-16 1.4978661367769959 3.2769667020129059 2.6735537653587351 3.7256208424938388 0.17853517573474983
decision_type=2 2 2 2 2 2 2 2 2
left_child=1 2 3 -1 -2 -3 8 -8 -6
right_child=4 5 -4 -5 6 -7 7 -9 -10
leaf_value=-0.00026960935272374911 -0.000845643856491034 0.00027892490257867245 -0.0011403136634423087 0.00067894084786530591 6.9874222481303158e-05 0.0014765055844327437 -0.00047577952540379161 1.9353138577301492e-05 0.00099042657363627626
leaf_weight=26 12.999999999999998 13.000000000000002 11.999999999999998 22 32 9.9999999999999982 51 337 13.999999999999998
leaf_count=26 13 13 12 22 32 10 51 337 14
internal_value=0 0.000152219 -9.59485e-05 0.000165143 -2.82644e-05 0.000799612 -3.78065e-06 -4.57287e-05 0.000350042
internal_weight=0 83 60 48 447 23 434 388 46
internal_count=530 83 60 48 447 23 434 388 46
is_linear=0
shrinkage=0.1


Tree=463
num_leaves=6
num_cat=0
split_feature=69 69 101 60 69
split_gain=0.000208826 0.00050219 0.00116065 0.000886814 0.000642784
threshold=0.283880377083782 0.9593767796217848 1.0000000180025095e-35 1.1190232859282376 1.5711918682704302
decision_type=2 2 2 2 2
left_child=-1 2 -2 -3 -5
right_child=1 3 -4 4 -6
leaf_value=0.00034481699386721152 -0.0010384304150162886 0.00082918709315261095 0.00015260965317591196 -0.00054883196135051553 1.7295141072285773e-05
leaf_weight=17 14.999999999999998 12.999999999999998 18 21 446
leaf_count=17 15 13 18 21 446
internal_value=0 -1.14267e-05 -0.000388772 1.45158e-05 -8.16239e-06
internal_weight=0 513 33 480 467
internal_count=530 513 33 480 467
is_linear=0
shrinkage=0.1


Tree=464
num_leaves=12
num_cat=0
split_feature=77 49 99 28 49 28 5 53 31 98 50
split_gain=0.000211067 0.000641684 0.00136638 0.0021149 0.000706133 0.00194033 0.00063475 0.000672181 0.00116916 0.00082612 0.000617661
threshold=3.5114340430413216 3.6242520361853052 3.3140206880897671 3.3842466058243152 3.1984648276080736 2.8617925509761908 2.8029010331479989 2.9459083496354093 4.1510089048756029 3.9415346756528771 7.8244362585234226
decision_type=2 2 2 2 2 2 2 2 2 2 2
left_child=1 4 3 -3 10 -6 -2 9 -9 -8 -1
right_child=6 2 -4 -5 5 -7 7 8 -10 -11 -12
leaf_value=-9.1057121325362408e-06 -0.00081044360267696909 0.00075482533882475567 0.001036545318646332 -0.0007781094926435294 -0.0013640169436777278 2.3400133068207653e-05 -0.00019170260993996635 1.5200163364749064e-06 -0.0011181429735958003 0.00062125260848551987 0.00044199339908492917
leaf_weight=283 11.999999999999998 18 19 18 13.999999999999998 36 25 33 12.999999999999998 25 34
leaf_count=283 12 18 19 18 14 36 25 33 13 25 34
internal_value=0 3.19248e-05 0.000350459 -1.16421e-05 -1.58119e-05 -0.000365077 -0.000124743 -3.90307e-05 -0.000314906 0.000214775 3.92772e-05
internal_weight=0 422 55 36 367 50 108 96 46 50 317
internal_count=530 422 55 36 367 50 108 96 46 50 317
is_linear=0
shrinkage=0.1


Tree=465
num_leaves=9
num_cat=0
split_feature=24 28 18 10 21 20 66 100
split_gain=0.00024398 0.00111466 0.00101906 0.000757844 0.000641628 0.000533928 0.000762211 0.000703596
threshold=4.7094896185437563 4.7360445312007302 8.8350534014812574 8.8031957863788737 5.4160905255636633 4.4367340276668159 3.8393944990995772 6.0198082819228818
decision_type=2 2 2 2 2 2 2 2
left_child=1 5 -2 -4 -5 7 -7 -1
right_child=2 -3 3 4 -6 6 -8 -9
leaf_value=3.3350033125070212e-06 -0.00090449445209136092 0.0010213803628258493 0.00081237027479801331 -0.00033840471513866687 0.00056439173873513938 -0.0011199035588651894 0.00011477165971882642 0.00075047805932207173
leaf_weight=414 14.999999999999998 10.999999999999998 9.9999999999999982 37 9.9999999999999982 10.000000000000002 9.9999999999999982 12.999999999999998
leaf_count=414 15 11 10 37 10 10 10 13
internal_value=0 2.69012e-05 -0.000171122 2.1871e-05 -0.00014632 2.42861e-06 -0.000502566 2.60817e-05
internal_weight=0 458 72 57 47 447 20 427
internal_count=530 458 72 57 47 447 20 427
is_linear=0
shrinkage=0.1


Tree=466
num_leaves=8
num_cat=0
split_feature=38 42 32 80 44 44 53
split_gain=0.000228719 0.000880983 0.000809907 0.000543046 0.000434905 0.000385987 0.000355991
threshold=8.9808621585217967 9.158047031070609 4.9451504953659766 39.315506526412513 3.9219243190762363 5.814019136035367 1.7833487763553084
decision_type=2 2 2 2 2 2 2
left_child=2 -2 3 4 -1 6 -3
right_child=1 5 -4 -5 -6 -7 -8
leaf_value=3.1749421696756985e-05 -0.00074792187219588271 6.8558107679044561e-06 0.00077323600623588264 0.00072971447370946414 -0.0002233672084069595 -0.00041678664153247768 0.0007091004232114012
leaf_weight=361 19 21 13.999999999999998 9.9999999999999982 82 11.999999999999998 10.999999999999998
leaf_count=361 19 21 14 10 82 12 11
internal_value=0 -0.000178855 2.41282e-05 9.76986e-07 -1.54731e-05 6.68781e-05 0.000248252
internal_weight=0 63 467 453 443 44 32
internal_count=530 63 467 453 443 44 32
is_linear=0
shrinkage=0.1


Tree=467
num_leaves=12
num_cat=0
split_feature=37 34 57 37 22 37 14 40 47 57 3
split_gain=0.000215918 0.000829734 0.00121616 0.000772016 0.00171662 0.00122427 0.00155791 0.000916732 0.000763239 0.000627782 0.000714168
threshold=1.8214596497756478e-17 4.1895399446433013 1.9373860418252324 1.4978661367769959 5.9518752981694396 1.700598690831078 5.4227230155794315 1.700598690831078 1.7917594692280556 2.3277974706268219 1.7917594692280556
decision_type=2 2 2 2 2 2 2 2 2 2 2
left_child=1 9 -3 4 -2 7 -7 -5 -6 10 -1
right_child=3 2 -4 5 8 6 -8 -9 -10 -11 -12
leaf_value=-0.00092583472186771138 -0.0012894268364955982 0.0011482172048999926 -0.00025757880648598076 0.0013902267430570313 0.0005148822211776859 -0.0010998156136618211 1.2901160504537408e-05 6.7303660325706009e-05 -0.00061297600623220214 0.00047268209771876476 0.00012236352036919785
leaf_weight=13.000000000000002 14.999999999999998 16.000000000000004 9.9999999999999982 11.000000000000002 15.000000000000002 12.999999999999998 392 9.9999999999999982 9.9999999999999982 11.999999999999998 12.999999999999998
leaf_count=13 15 16 10 11 15 13 392 10 10 12 13
internal_value=0 0.00017223 0.000607526 -2.3654e-05 -0.000443698 1.57868e-05 -2.28157e-05 0.000760263 6.37389e-05 -0.000125604 -0.000401736
internal_weight=0 64 26 466 40 426 405 21 25 38 26
internal_count=530 64 26 466 40 426 405 21 25 38 26
is_linear=0
shrinkage=0.1


Tree=468
num_leaves=11
num_cat=0
split_feature=2 2 27 57 89 2 97 97 98 66
split_gain=0.000231268 0.000970937 0.00087314 0.00110422 0.000935313 0.000495832 0.00187194 0.00056758 0.00181467 0.00123773
threshold=5.6185859816918615 5.5154246272451131 1.0000000180025095e-35 0.82898598039284166 0.26832255140569977 5.905358135785149 1.4978661367769959 2.249904835165133 1.2424533248940004 2.4414009612931857
decision_type=2 2 2 2 2 2 2 2 2 2
left_child=1 2 4 -4 -1 6 -2 9 -9 -7
right_child=5 -3 3 -5 -6 7 -8 8 -10 -11
leaf_value=-7.7524915520500907e-05 -0.0010595515718466086 0.00098711543638880053 -0.00064036092738172521 0.00054825282105329365 0.0011546945286681875 6.2446283074895126e-05 0.00040850750456229435 -0.00082459022295162357 1.5914048232121592e-05 0.0010962859710811504
leaf_weight=14.000000000000002 19 11.999999999999998 27 10.999999999999998 10.999999999999998 67 15.999999999999998 28 311 13.999999999999998
leaf_count=14 19 12 27 11 11 67 16 28 311 14
internal_value=0 0.000162703 5.67186e-06 -0.000296289 0.000464652 -2.68191e-05 -0.000388439 3.31583e-06 -5.35081e-05 0.000241135
internal_weight=0 75 63 38 25 455 35 420 339 81
internal_count=530 75 63 38 25 455 35 420 339 81
is_linear=0
shrinkage=0.1


Tree=469
num_leaves=9
num_cat=0
split_feature=60 95 60 86 95 16 12 98
split_gain=0.000225896 0.0019461 0.00135821 0.00168127 0.00133809 0.00157023 0.00118095 0.000680914
threshold=2.8586166361901628 2.8617925509761908 2.9477176794395201 0.38001344672454257 2.602003343538398 2.9174053685313028 2.8029010331479989 2.3502401828962087
decision_type=2 2 2 2 2 2 2 2
left_child=1 4 3 -2 5 -1 -4 -8
right_child=2 -3 6 -5 -6 -7 7 -9
leaf_value=-1.8012533287950827e-05 -0.0016830960119312455 0.0011812542606882441 0.00079361677946710384 -3.2999776661969147e-06 -0.00098204436094070295 0.0011729241969684759 -0.00033876488247843839 3.477448932005886e-05
leaf_weight=143 11.000000000000002 14.999999999999998 18 12.999999999999998 12.999999999999998 11.999999999999998 61 244
leaf_count=143 11 15 18 13 13 12 61 244
internal_value=0 8.98991e-05 -4.74108e-05 -0.000773206 -7.54332e-06 7.4189e-05 6.51833e-06 -3.99334e-05
internal_weight=0 183 347 24 168 155 323 305
internal_count=530 183 347 24 168 155 323 305
is_linear=0
shrinkage=0.1


Tree=470
num_leaves=12
num_cat=0
split_feature=95 1 95 60 0 6 58 12 51 51 13
split_gain=0.000230346 0.00202857 0.000876575 0.000966635 0.0013296 0.000928578 0.00167885 0.000786029 0.000680521 0.0010285 0.00099327
threshold=2.9174053685313028 3.1567740231385479 3.2769667020129059 3.3433009666970088 3.9796379800581989 7.6056075025107122 3.1984648276080736 3.1567740231385479 1.0000000180025095e-35 2.3502401828962087 2.524928003624769
decision_type=2 2 2 2 2 2 2 2 2 2 2
left_child=1 8 5 -4 -5 7 -7 -2 10 -10 -1
right_child=2 -3 3 4 -6 6 -8 -9 9 -11 -12
leaf_value=7.3081187425922385e-05 -0.00033701277161189529 0.0014620600268244743 0.00073708702147996525 -0.00061517991525761317 9.7896423463756871e-05 -0.0018586679280269886 -0.00024264210029893243 0.00070084581035189341 -0.00040010409417196312 9.5701395156748534e-05 0.00092406497398555719
leaf_weight=71 27 9.9999999999999982 18 32 143 10.000000000000002 18 9.9999999999999982 70 104 17
leaf_count=71 27 10 18 32 143 10 18 10 70 104 17
internal_value=0 6.42064e-05 -6.76904e-05 3.92798e-05 -3.24947e-05 -0.00038531 -0.000819794 -5.65105e-05 1.08532e-05 -0.000103761 0.000237476
internal_weight=0 272 258 193 175 65 28 37 262 174 88
internal_count=530 272 258 193 175 65 28 37 262 174 88
is_linear=0
shrinkage=0.1


Tree=471
num_leaves=10
num_cat=0
split_feature=51 51 48 61 17 25 51 33 38
split_gain=0.000239864 0.00215167 0.000667344 0.000630514 0.000831426 0.000910528 0.000517903 0.000454627 0.000406323
threshold=4.8081027000528378 4.7140145363037149 4.3241107269113215 2.7675587879272876 3.795426061844291 3.8393944990995772 4.1971736807086968 2.3502401828962087 7.3789956586643362
decision_type=2 2 2 2 2 2 2 2 2
left_child=1 2 6 8 7 -6 -1 -5 -2
right_child=3 -3 -4 4 5 -7 -8 -9 -10
leaf_value=-2.2420469542919241e-05 -0.001074906114954501 0.0014798530576808845 -0.00063761669152881959 3.9292721194215109e-05 -0.0010762010235339404 2.1180942102575735e-05 0.00030944717011017792 0.00097091677281158908 -0.0002403077990883113
leaf_weight=364 10.000000000000002 9.9999999999999982 15.999999999999998 10.000000000000002 9.9999999999999982 31 54 10.999999999999998 13.999999999999998
leaf_count=364 10 10 16 10 10 31 54 11 14
internal_value=0 2.96076e-05 -3.80823e-06 -0.000152858 1.56066e-05 -0.000246473 2.04524e-05 0.000527286 -0.000588057
internal_weight=0 444 434 86 62 41 418 21 24
internal_count=530 444 434 86 62 41 418 21 24
is_linear=0
shrinkage=0.1


Tree=472
num_leaves=11
num_cat=0
split_feature=97 3 63 25 69 56 29 61 12 20
split_gain=0.000242179 0.00151965 0.000624973 0.0016221 0.000965335 0.00091684 0.000847095 0.000675196 0.000618023 0.000856926
threshold=2.7058230259275202 3.0201273556387078 3.4811217321331038 3.0677824455408698 3.1934870672020614 2.8692931984254471 2.4414009612931857 2.004048728322787 3.3140206880897671 3.3140206880897671
decision_type=2 2 2 2 2 2 2 2 2 2
left_child=1 8 3 6 5 -4 -2 -6 9 -1
right_child=2 -3 4 -5 7 -7 -8 -9 -10 -11
leaf_value=1.3762232352746652e-05 -0.00043602382820272061 0.0011792887165332409 -5.86621941433155e-06 -0.0014455403169532392 0.00075322816614061591 0.001138586093605097 0.0004651032949743026 -8.5076558650459399e-05 -0.00053883936165625024 0.00089196140373436119
leaf_weight=150 27 11.999999999999998 14.000000000000002 10.999999999999998 9.9999999999999982 13.999999999999998 17 245 18 11.999999999999998
leaf_count=150 27 12 14 11 10 14 17 245 18 12
internal_value=0 8.96887e-05 -5.09474e-05 -0.000359397 8.9986e-06 0.00056636 -8.78611e-05 -5.22019e-05 1.70487e-05 7.8814e-05
internal_weight=0 192 338 55 283 28 44 255 180 162
internal_count=530 192 338 55 283 28 44 255 180 162
is_linear=0
shrinkage=0.1


Tree=473
num_leaves=11
num_cat=0
split_feature=65 45 38 35 41 17 12 103 48 21
split_gain=0.000221511 0.00114028 0.00123332 0.00110119 0.000911724 0.000615641 0.00136008 0.000612524 0.00158157 0.000581621
threshold=2.6108875850678701 3.3842466058243152 7.9032070744713128 4.1026092131977068 3.1132683346437333 2.1383330595080285 2.4414009612931857 8.8938459461701548e-20 2.249904835165133 2.249904835165133
decision_type=2 2 2 2 2 2 2 2 2 2
left_child=1 2 4 -3 -1 6 -2 8 -7 -9
right_child=5 3 -4 -5 -6 7 -8 9 -10 -11
leaf_value=1.6931110554730329e-05 0.00016921299967281005 0.0014650811515325168 -0.0007906296908105206 5.0101593263785951e-05 0.00088346219406678121 0.0012026269666551214 -0.0010600959898308955 0.00064703953923361205 -0.0002145339738288183 -9.8564090781407768e-05
leaf_weight=184 18 11.000000000000002 18 10.999999999999998 12.999999999999998 13.999999999999998 18 10.999999999999998 18 214
leaf_count=184 18 11 18 11 13 14 18 11 18 214
internal_value=0 7.18819e-05 1.71627e-06 0.000757591 7.41134e-05 -5.81434e-05 -0.000445441 -3.8915e-06 0.000405474 -6.21124e-05
internal_weight=0 237 215 22 197 293 36 257 32 225
internal_count=530 237 215 22 197 293 36 257 32 225
is_linear=0
shrinkage=0.1


Tree=474
num_leaves=10
num_cat=0
split_feature=25 14 14 4 23 29 0 61 25
split_gain=0.000209844 0.000747075 0.0010271 0.0008737 0.000714707 0.000695321 0.00106339 0.000994343 0.000609156
threshold=1.2424533248940006 5.5154246272451131 5.6185859816918615 1.2424533248940002 0.34657359027997314 1.1362438767648089e-16 3.6429192995512961e-17 1.8214806459275565 1.0000000180025095e-35
decision_type=2 2 2 2 2 2 2 2 2
left_child=5 3 -3 -2 -4 6 -1 -7 -8
right_child=1 2 4 -5 -6 7 8 -9 -10
leaf_value=-0.00099581533111631876 -0.0012263106002303008 0.0010029992926865816 -0.0005522369167010766 3.406421852890741e-05 1.0177862570787553e-05 0.00099970995151023897 -4.2802766890814295e-05 -0.00020708814051679589 0.00083204007212771096
leaf_weight=9.9999999999999982 11.000000000000002 9.9999999999999982 24 10.999999999999998 386 18.000000000000004 39 10.999999999999998 9.9999999999999982
leaf_count=10 11 10 24 11 386 18 39 11 10
internal_value=0 -2.80764e-05 1.67848e-06 -0.000596123 -2.2744e-05 0.00014102 -5.60519e-05 0.000541959 0.000135737
internal_weight=0 442 420 22 410 88 59 29 49
internal_count=530 442 420 22 410 88 59 29 49
is_linear=0
shrinkage=0.1


Tree=475
num_leaves=12
num_cat=0
split_feature=32 36 64 26 26 45 12 52 89 29 42
split_gain=0.000208101 0.000769011 0.00224143 0.000720937 0.00192284 0.00143186 0.00155346 0.00124236 0.00102933 0.000669194 0.000575825
threshold=2.9174053685313028 2.9174053685313028 2.931183875775663 7.4914760745935558 7.566306192404392 2.8029010331479989 3.3140206880897671 3.2864907994982535 0.48190581166818841 3.0201273556387074 7.2754532773251155
decision_type=2 2 2 2 2 2 2 2 2 2 2
left_child=1 9 -3 5 -5 6 -2 -7 -6 10 -1
right_child=3 2 -4 4 8 7 -8 -9 -10 -11 -12
leaf_value=-4.3110455210897811e-05 0.0003903158653494237 -0.0004686533232112802 0.0013393164434091888 0.0013148599875752222 9.1429313141686323e-05 -0.0018361598206683987 -0.0010121984471466435 -0.00029610223560170695 -0.00036703556183698203 -0.00079325670725665992 0.00040466437640134249
leaf_weight=142 28 12.000000000000002 15.999999999999998 10.999999999999998 175 10.000000000000002 10.999999999999998 10.999999999999998 68 9.9999999999999982 36
leaf_count=142 28 12 16 11 175 10 11 11 68 10 36
internal_value=0 7.55504e-05 0.000564472 -5.1971e-05 2.16739e-05 -0.000363734 -5.26509e-06 -0.00102946 -3.68654e-05 2.73227e-06 4.74507e-05
internal_weight=0 216 28 314 254 60 39 21 243 188 178
internal_count=530 216 28 314 254 60 39 21 243 188 178
is_linear=0
shrinkage=0.1


Tree=476
num_leaves=6
num_cat=0
split_feature=31 19 11 24 18
split_gain=0.000214479 0.000584594 0.000414061 0.000974104 0.000685402
threshold=6.4800257426481824 6.1125453256829685 5.1647696471263407 4.135134555718313 8.4939240406580563
decision_type=2 2 2 2 2
left_child=1 2 4 -4 -1
right_child=-2 -3 3 -5 -6
leaf_value=2.4597696948199228e-05 0.0004369600773894821 -0.00067139699643191245 0.001112034468149597 4.6520607354931344e-05 -0.00034336148794330982
leaf_weight=398 10.999999999999998 12.999999999999998 10.999999999999998 39 58
leaf_count=398 11 13 11 39 58
internal_value=0 -9.2612e-06 7.7502e-06 0.000280934 -2.22041e-05
internal_weight=0 519 506 50 456
internal_count=530 519 506 50 456
is_linear=0
shrinkage=0.1


Tree=477
num_leaves=5
num_cat=0
split_feature=39 32 23 22
split_gain=0.000203223 0.00048551 0.000374279 0.000640945
threshold=6.4216103699850091 5.5187334925207656 5.8997622255478577 9.1334875375465199
decision_type=2 2 2 2
left_child=1 2 3 -1
right_child=-2 -3 -4 -5
leaf_value=1.4222959601142985e-05 0.00037593239603990827 -0.00066743943819098852 0.00053373483936481464 -0.00055041843872805616
leaf_weight=471 13.999999999999998 10.999999999999998 12.999999999999998 21
leaf_count=471 14 11 13 21
internal_value=0 -1.01997e-05 4.1164e-06 -9.87759e-06
internal_weight=0 516 505 492
internal_count=530 516 505 492
is_linear=0
shrinkage=0.1


Tree=478
num_leaves=10
num_cat=0
split_feature=89 95 104 15 18 80 45 34 32
split_gain=0.000197045 0.000870554 0.00224775 0.00136844 0.0016957 0.000795191 0.000725006 0.000903282 0.000773548
threshold=0.2444714479475863 2.0126758453675753 1.2424533248940006 3.2769667020129059 5.4227230155794315 1.1875458918903969 5.3028591759145582 9.2721573370693324 4.867504863781412
decision_type=2 2 2 2 2 2 2 2 2
left_child=6 3 -3 4 -2 -4 7 8 -1
right_child=1 2 5 -5 -6 -7 -8 -9 -10
leaf_value=-8.8148082216535199e-05 -0.0011688132956624031 0.0013579579419456423 0.00021021374936643859 -0.0012098941393787754 0.00029883689055930373 -0.00032102444261238961 0.00078601595072541391 -0.0010139617882668974 0.00060717035174842322
leaf_weight=272 9.9999999999999982 14.999999999999998 109 11.999999999999998 37 38 9.9999999999999982 9.9999999999999982 17
leaf_count=272 10 15 109 12 37 38 10 10 17
internal_value=0 7.20988e-05 0.000191875 -0.000256778 -1.34291e-05 7.28869e-05 -5.15658e-05 -7.95786e-05 -4.7247e-05
internal_weight=0 221 162 59 47 147 309 299 289
internal_count=530 221 162 59 47 147 309 299 289
is_linear=0
shrinkage=0.1


Tree=479
num_leaves=9
num_cat=0
split_feature=22 77 14 45 18 95 89 5
split_gain=0.000191242 0.00106335 0.000582681 0.00255683 0.000799981 0.00106931 0.000457354 0.000389699
threshold=4.8471850864775066 1.0000000180025095e-35 5.5154246272451131 2.249904835165133 5.6869696108313716 2.249904835165133 0.68312215049854697 1.4978661367769959
decision_type=2 2 2 2 2 2 2 2
left_child=1 -1 3 -2 5 -4 -6 -3
right_child=2 7 4 -5 6 -7 -8 -9
leaf_value=0.00096412347091315428 -0.0016378024505684147 -0.00042066476162290202 0.0012901126518210563 0.00036942243808880449 -4.7149858737233766e-05 -0.00013866629276890308 0.00040201221418101341 0.00022864599013701082
leaf_weight=12.999999999999998 11.000000000000002 18 11.000000000000002 14.999999999999998 409 9.9999999999999982 24 19
leaf_count=13 11 18 11 15 409 10 24 19
internal_value=0 0.000186118 -1.93873e-05 -0.000479788 6.97924e-06 0.000609742 -2.2254e-05 -8.72349e-05
internal_weight=0 50 480 26 454 21 433 37
internal_count=530 50 480 26 454 21 433 37
is_linear=0
shrinkage=0.1


Tree=480
num_leaves=10
num_cat=0
split_feature=2 2 30 57 9 104 5 10 99
split_gain=0.000189837 0.000726742 0.00073316 0.000885829 0.000440239 0.00136131 0.00101002 0.000675641 0.000481283
threshold=5.6185859816918615 5.5154246272451131 5.198054235823637 0.82898598039284166 1.2424533248940006 2.8460307027744499e-18 1.2424533248940006 5.7959838361550915 1.1858461261560207e-19
decision_type=2 2 2 2 2 2 2 2 2
left_child=1 2 -1 -4 5 -2 -6 -7 -8
right_child=4 -3 3 -5 6 7 8 -9 -10
leaf_value=0.00075326449639925906 -0.0011370786299396839 0.00086065597618774836 -0.00038364014979332497 0.00056953480861221366 0.00073927393144307039 -0.00052525300641057318 -0.0004049283038541269 0.00049283086082141381 5.4840265301993905e-06
leaf_weight=10.999999999999998 13.999999999999998 11.999999999999998 39 12.999999999999998 18 11.000000000000002 31 15.999999999999998 365
leaf_count=11 14 12 39 13 18 11 31 16 365
internal_value=0 0.00014741 1.15539e-05 -0.000145346 -2.42984e-05 -0.000336868 6.65658e-06 7.8056e-05 -2.66442e-05
internal_weight=0 75 63 52 455 41 414 27 396
internal_count=530 75 63 52 455 41 414 27 396
is_linear=0
shrinkage=0.1


Tree=481
num_leaves=9
num_cat=0
split_feature=75 57 51 73 43 49 75 35
split_gain=0.000192983 0.000572366 0.000466306 0.000668425 0.00104107 0.000632066 0.000431327 0.000316669
threshold=3.4498615536424366 2.7655058732022781 5.6780422514550422 2.9700856263602158 2.0126758453675753 4.3882378946731615 3.7726948748059121 3.1984648276080736
decision_type=2 2 2 2 2 2 2 2
left_child=2 -2 3 5 -5 -1 -3 -8
right_child=1 6 -4 4 -6 -7 7 -9
leaf_value=3.8594111389233678e-06 -0.00078333919470120836 0.00057284195034299054 0.00069894196232780817 -0.00011194031950171018 0.0012978480604942889 -0.00067929945819612066 0.00018250309868663965 -0.00034804749923447774
leaf_weight=415 11.999999999999998 9.9999999999999982 9.9999999999999982 11.000000000000002 9.9999999999999982 13.999999999999998 18 30
leaf_count=415 12 10 10 11 10 14 18 30
internal_value=0 -0.000154686 2.35392e-05 8.53022e-06 0.000559387 -1.84348e-05 -2.46198e-05 -0.000149091
internal_weight=0 70 460 450 21 429 58 48
internal_count=530 70 460 450 21 429 58 48
is_linear=0
shrinkage=0.1


Tree=482
num_leaves=8
num_cat=0
split_feature=64 47 49 61 47 31 39
split_gain=0.000183557 0.000945113 0.00135044 0.000575712 0.00036762 0.0012445 0.00121363
threshold=1.0845268501847618 2.3502401828962087 1.700598690831078 0.72302640319929012 3.6762205501217919 4.1026092131977068 4.1971736807086968
decision_type=2 2 2 2 2 2 2
left_child=1 2 -1 -2 5 -5 -6
right_child=3 -3 -4 4 6 -7 -8
leaf_value=0.0012739056613869388 -0.00060740081171388742 -0.00051413949482733963 -8.004381448057865e-05 -2.032818896771168e-05 0.00046178536222214462 -0.00088689135639773067 -4.5219055084291744e-05
leaf_weight=13.000000000000002 15.999999999999998 12.999999999999998 17 209 64 18 180
leaf_count=13 16 13 17 209 64 18 180
internal_value=0 0.000198052 0.000506668 -1.74871e-05 2.55244e-06 -8.90424e-05 8.77657e-05
internal_weight=0 43 30 487 471 227 244
internal_count=530 43 30 487 471 227 244
is_linear=0
shrinkage=0.1


Tree=483
num_leaves=9
num_cat=0
split_feature=89 18 101 65 80 45 36 32
split_gain=0.000177239 0.000694234 0.00208235 0.00100865 0.000609268 0.000604201 0.000729743 0.00086696
threshold=0.2444714479475863 5.198054235823637 1.0000000180025095e-35 1.1379528491635016 1.1875458918903969 5.3028591759145582 5.2652741739841078 4.867504863781412
decision_type=2 2 2 2 2 2 2 2
left_child=5 2 -2 -3 -5 6 7 -1
right_child=1 3 -4 4 -6 -7 -8 -9
leaf_value=-8.4764734696350609e-05 -0.0014280361620793963 0.0011046959250234068 0.00056580309115815918 0.00018275951962298698 -0.0002213402753969764 0.00071571687120012943 -0.00083848938714557644 0.00067275840337970298
leaf_weight=271 11.000000000000002 9.9999999999999982 9.9999999999999982 139 51 9.9999999999999982 11.999999999999998 15.999999999999998
leaf_count=271 11 10 10 139 51 10 12 16
internal_value=0 6.83792e-05 -0.000478589 0.000125811 7.42906e-05 -4.89055e-05 -7.44782e-05 -4.25335e-05
internal_weight=0 221 21 200 190 309 299 287
internal_count=530 221 21 200 190 309 299 287
is_linear=0
shrinkage=0.1


Tree=484
num_leaves=12
num_cat=0
split_feature=27 86 59 0 11 15 25 7 99 17 17
split_gain=0.000175649 0.000821841 0.00099886 0.00135954 0.000634676 0.000799639 0.000960899 0.000796636 0.00121826 0.000764291 0.000601093
threshold=0.34657359027997314 0.67071494108184804 9.4867690092481657e-19 1.162264728904461e-16 2.249904835165133 2.3502401828962087 2.6735537653587347 2.524928003624769 1.1657341758564138e-15 1.8688348091416844 2.4414009612931857
decision_type=2 2 2 2 2 2 2 2 2 2 2
left_child=1 2 -1 -4 5 10 -7 8 -6 -9 -2
right_child=4 -3 3 -5 7 6 -8 9 -10 -11 -12
leaf_value=-0.00074676151354131958 9.9157115945839612e-05 0.00098199649713933464 0.0010996038698627114 -4.1587792066769364e-05 0.0011281837709248067 -0.0013371558958449612 -3.329564817249775e-05 -0.00068585193948820242 -0.00010584286574157887 2.3484554774768185e-05 -0.00055139526739367284
leaf_weight=13.999999999999998 49 9.9999999999999982 12.999999999999998 53 15.999999999999998 13.000000000000002 9.9999999999999982 15.999999999999998 15.999999999999998 300 20
leaf_count=14 49 10 13 53 16 13 10 16 16 300 20
internal_value=0 0.000127289 2.04505e-05 0.000183192 -2.60364e-05 -0.000259622 -0.00077026 3.57161e-05 0.00051117 -1.24312e-05 -8.94088e-05
internal_weight=0 90 80 66 440 92 23 348 32 316 69
internal_count=530 90 80 66 440 92 23 348 32 316 69
is_linear=0
shrinkage=0.1


Tree=485
num_leaves=6
num_cat=0
split_feature=44 40 36 8 34
split_gain=0.000172944 0.000255802 0.000703556 0.00057465 0.000521338
threshold=5.814019136035367 5.1179758838799021 5.0005339404374967 3.9607678160667752 8.9933631558035643
decision_type=2 2 2 2 2
left_child=1 2 4 -3 -1
right_child=-2 3 -4 -5 -6
leaf_value=-6.0396446471816755e-06 -0.00037530957391330354 -2.5684574288070983e-05 -0.00068269584948817889 0.00091085032268892977 0.00059305686639466631
leaf_weight=459 11.999999999999998 19.000000000000004 14.999999999999998 9.9999999999999982 14.999999999999998
leaf_count=459 12 19 15 10 15
internal_value=0 8.69443e-06 -8.41878e-06 0.000297258 1.29191e-05
internal_weight=0 518 489 29 474
internal_count=530 518 489 29 474
is_linear=0
shrinkage=0.1


Tree=486
num_leaves=8
num_cat=0
split_feature=38 49 32 11 96 80 44
split_gain=0.00016379 0.000777263 0.000660215 0.000460598 0.00110868 0.000393498 0.000326858
threshold=8.9808621585217967 2.1383330595080285 4.9451504953659766 4.6774800307930642 8.4939240406580563 39.315506526412513 3.9219243190762363
decision_type=2 2 2 2 2 2 2
left_child=2 -2 5 -3 -5 6 -1
right_child=1 3 -4 4 -6 -7 -8
leaf_value=2.6451116697654745e-05 -0.00084020782154626574 0.00043243038720296075 0.00069676484251561185 -0.0010131669712295248 0.00022611788562720733 0.00061984754400327806 -0.000194716100757033
leaf_weight=361 12.999999999999998 18 13.999999999999998 10.999999999999998 21 9.9999999999999982 82
leaf_count=361 13 18 14 11 21 10 82
internal_value=0 -0.000151354 2.04182e-05 2.77477e-05 -0.000199886 -4.84308e-07 -1.44873e-05
internal_weight=0 63 467 50 32 453 443
internal_count=530 63 467 50 32 453 443
is_linear=0
shrinkage=0.1


Tree=487
num_leaves=8
num_cat=0
split_feature=20 25 45 30 96 6 47
split_gain=0.000181581 0.000554354 0.000981543 0.000830573 0.00135767 0.000637993 0.000434495
threshold=5.2652741739841078 4.3241107269113215 4.1971736807086968 8.9683302942775107 8.1028887224174948 9.1334875375465199 3.7494348669884658
decision_type=2 2 2 2 2 2 2
left_child=1 3 -3 5 -5 -1 -2
right_child=6 2 -4 4 -6 -7 -8
leaf_value=-1.0020227867864115e-05 -0.00064738242778860549 -8.7607162085508836e-05 0.00097543860974838028 7.3638961363870349e-05 -0.0014762077329214664 0.00056803747756930536 0.00010490645500420429
leaf_weight=421 14.000000000000002 19 15.999999999999998 13.000000000000002 9.9999999999999982 20 17
leaf_count=421 14 19 16 13 10 20 17
internal_value=0 1.45891e-05 0.000398357 -1.43589e-05 -0.000600207 1.61955e-05 -0.000234837
internal_weight=0 499 35 464 23 441 31
internal_count=530 499 35 464 23 441 31
is_linear=0
shrinkage=0.1


Tree=488
num_leaves=8
num_cat=0
split_feature=33 33 30 26 35 30 66
split_gain=0.000164952 0.00103283 0.000628749 0.000445765 0.000606474 0.000410965 0.000446865
threshold=4.2696729980286863 4.135134555718313 8.9933631558035643 9.3038240793414406 5.9888074996960983 8.9683302942775107 3.6242520361853052
decision_type=2 2 2 2 2 2 2
left_child=1 5 -2 -4 -5 6 -1
right_child=2 -3 3 4 -6 -7 -8
leaf_value=-2.0974858808474157e-05 -0.00065178231549604493 0.00089964916428121242 0.00041711594937001605 -0.00078899979549036767 0.00016393713269601852 -0.00058180690442289533 0.00032571114545756181
leaf_weight=399 18 12.999999999999998 19 11.000000000000002 17 11.999999999999998 41
leaf_count=399 18 13 19 11 17 12 41
internal_value=0 2.08579e-05 -0.000149215 4.32582e-05 -0.000210431 -4.41702e-06 1.133e-05
internal_weight=0 465 65 47 28 452 440
internal_count=530 465 65 47 28 452 440
is_linear=0
shrinkage=0.1


Tree=489
num_leaves=5
num_cat=0
split_feature=48 50 49 5
split_gain=0.000168858 0.000380196 0.000471591 0.000266799
threshold=5.4508081513129589 9.3980403144047564 4.4425820475484112 3.4175922930736511
decision_type=2 2 2 2
left_child=1 2 3 -1
right_child=-2 -3 -4 -5
leaf_value=-3.6458234920356872e-05 -0.00040702868951484564 0.00056417156689955543 -0.00055768304853700103 0.00012435390909268129
leaf_weight=346 9.9999999999999982 11.999999999999998 14.999999999999998 147
leaf_count=346 10 12 15 147
internal_value=0 7.82748e-06 -5.31451e-06 1.14918e-05
internal_weight=0 520 508 493
internal_count=530 520 508 493
is_linear=0
shrinkage=0.1


Tree=490
num_leaves=9
num_cat=0
split_feature=22 22 99 14 45 18 95 22
split_gain=0.000168064 0.000933991 0.000530786 0.000469251 0.00185867 0.000556664 0.00087865 0.000392038
threshold=4.8471850864775066 1.0000000180025095e-35 1.7005986908310777 5.5154246272451131 2.249904835165133 5.6869696108313716 2.249904835165133 6.0037773156930498
decision_type=2 2 2 2 2 2 2 2
left_child=1 2 -1 4 -2 6 -5 -7
right_child=3 -3 -4 5 -6 7 -8 -9
leaf_value=-0.00055694775273877899 -0.0014186725004533812 0.00075074421458541315 0.00025759659765753898 0.0011250354279912819 0.00029270475342248881 -0.00035017711167959284 -0.0001701178401708603 8.4317050227582519e-06
leaf_weight=15.999999999999998 11.000000000000002 18 15.999999999999998 11.000000000000002 14.999999999999998 33 9.9999999999999982 400
leaf_count=16 11 18 16 11 15 33 10 400
internal_value=0 0.000174476 -0.000149676 -1.81745e-05 -0.000431339 5.48689e-06 0.000508296 -1.88988e-05
internal_weight=0 50 32 480 26 454 21 433
internal_count=530 50 32 480 26 454 21 433
is_linear=0
shrinkage=0.1


Tree=491
num_leaves=10
num_cat=0
split_feature=2 41 22 50 88 2 97 96 2
split_gain=0.000177346 0.000556533 0.000580152 0.00118127 0.000783627 0.000531453 0.00122249 0.000416061 0.000439309
threshold=5.6869696108313716 2.6735537653587347 5.5154246272451131 6.4582940601256071 0.15709987798973188 5.905358135785149 1.2424533248940006 6.1002787324210326 6.3438557239305915
decision_type=2 2 2 2 2 2 2 2 2
left_child=1 2 3 -1 -4 6 -2 -7 -9
right_child=5 -3 4 -5 -6 7 -8 8 -10
leaf_value=-8.9157665800150025e-05 -0.0013311935635283586 0.00076378538215067244 0.00012371729287594834 0.0012535971286706628 -0.00075945819735352422 0.00047241596314254115 7.8256441338453445e-05 -0.00056933616495890812 8.5209938652510999e-07
leaf_weight=19.000000000000004 10.000000000000002 11.999999999999998 27 9.9999999999999982 15.999999999999998 18 15.999999999999998 13.999999999999998 388
leaf_count=19 10 12 27 10 16 18 16 14 388
internal_value=0 0.000133291 2.82085e-05 0.000373861 -0.000204906 -2.51041e-05 -0.00046384 2.0557e-06 -1.90052e-05
internal_weight=0 84 72 29 43 446 26 420 402
internal_count=530 84 72 29 43 446 26 420 402
is_linear=0
shrinkage=0.1


Tree=492
num_leaves=10
num_cat=0
split_feature=27 86 59 0 9 19 5 1 4
split_gain=0.000174726 0.00063213 0.000682996 0.00105945 0.000521415 0.000989294 0.000831442 0.000679656 0.000552697
threshold=0.34657359027997314 0.67071494108184804 9.4867690092481657e-19 1.162264728904461e-16 0.69314718055994551 1.2424533248940006 1.2424533248940006 1.700598690831078 1.2424533248940002
decision_type=2 2 2 2 2 2 2 2 2
left_child=1 2 -1 -4 5 -2 8 -8 -6
right_child=4 -3 3 -5 6 -7 7 -9 -10
leaf_value=-0.000601158498154421 2.7301797672407698e-05 0.00087654960690997552 0.00097680167259218595 -3.0600706215306481e-05 0.00010462141362950201 -0.0012406111683230848 -0.00050546795537229625 5.71126840113124e-06 0.0011559985228814186
leaf_weight=13.999999999999998 16.000000000000004 9.9999999999999982 12.999999999999998 53 10.000000000000002 9.9999999999999982 28 366 9.9999999999999982
leaf_count=14 16 10 13 53 10 10 28 366 10
internal_value=0 0.000126954 3.32546e-05 0.000167827 -2.59679e-05 -0.000460357 1.31261e-06 -3.06162e-05 0.00063031
internal_weight=0 90 80 66 440 26 414 394 20
internal_count=530 90 80 66 440 26 414 394 20
is_linear=0
shrinkage=0.1


Tree=493
num_leaves=12
num_cat=0
split_feature=97 3 8 8 49 4 0 49 84 87 101
split_gain=0.000180225 0.0010848 0.000528692 0.00124619 0.000495814 0.0010284 0.00091157 0.000697118 0.000877017 0.000782357 0.000319002
threshold=2.7058230259275202 3.0201273556387078 3.3140206880897671 3.0677824455408698 2.1383330595080285 4.0342014792848504 2.524928003624769 2.524928003624769 0.62805963902296125 0.067463288770553395 4.1190041246092024
decision_type=2 2 2 2 2 2 2 2 2 2 2
left_child=1 2 3 -1 5 6 -2 8 -6 -9 -7
right_child=4 -3 -4 -5 7 10 -8 9 -10 -11 -12
leaf_value=4.4695314921371293e-05 0.00018207990192772392 0.00099796687815493601 0.00058440751813274494 -0.00097540143089225664 -4.7358431262322331e-05 0.0006314509383325154 -0.00079486537146698951 0.00014339655062053127 0.0011381695093101976 -0.00021703048487479003 -0.00011409408021294936
leaf_weight=152 12.999999999999998 11.999999999999998 14.999999999999998 12.999999999999998 13.000000000000002 12.000000000000002 36 123 11.999999999999998 118 10.999999999999998
leaf_count=152 13 12 15 13 13 12 36 123 12 118 11
internal_value=0 7.73708e-05 1.59977e-05 -3.56759e-05 -4.39503e-05 -0.000276746 -0.000535676 1.90622e-05 0.000521695 -3.30781e-05 0.000274886
internal_weight=0 192 180 165 338 72 49 266 25 241 23
internal_count=530 192 180 165 338 72 49 266 25 241 23
is_linear=0
shrinkage=0.1


Tree=494
num_leaves=9
num_cat=0
split_feature=36 40 25 99 44 38 3 60
split_gain=0.000185037 0.00146191 0.00107479 0.000912206 0.000681782 0.000757584 0.000670117 0.00072389
threshold=3.8393944990995772 3.8393944990995772 3.0201273556387074 1.2424533248940006 3.8606743063089755 8.1517544617349813 3.3497501700808394 4.1127871064213597
decision_type=2 2 2 2 2 2 2 2
left_child=1 4 3 -2 5 -1 -4 -8
right_child=2 -3 6 -5 -6 -7 7 -9
leaf_value=-1.9100146537199674e-06 -9.9024955998174821e-05 0.0010426474909763783 0.00066464864129167319 -0.001449732604669407 -0.00081342207937268546 0.00088181289786007269 -0.00044696556732459519 7.4618893046920454e-05
leaf_weight=324 10.000000000000002 13.999999999999998 13.999999999999998 9.9999999999999982 9.9999999999999982 9.9999999999999982 36 102
leaf_count=324 10 14 14 10 10 10 36 102
internal_value=0 4.09557e-05 -8.52449e-05 -0.000774379 1.89138e-07 2.45488e-05 5.43058e-06 -6.14466e-05
internal_weight=0 358 172 20 344 334 152 138
internal_count=530 358 172 20 344 334 152 138
is_linear=0
shrinkage=0.1


Tree=495
num_leaves=10
num_cat=0
split_feature=17 11 95 6 25 19 39 40 18
split_gain=0.00018133 0.000630238 0.000673459 0.000712863 0.000630751 0.000939542 0.000513483 0.0010141 0.000379132
threshold=4.5591125415341898 5.1647696471263407 3.3842466058243152 9.230795975246556 4.3882378946731615 4.5798392285869785 3.9219243190762363 4.2555875595453383 9.759659876131753
decision_type=2 2 2 2 2 2 2 2 2
left_child=1 4 -3 -4 5 -1 -2 -8 -9
right_child=6 2 3 -5 -6 -7 7 8 -10
leaf_value=1.615542963835314e-05 -0.00072205098202595352 -0.00022100845759268843 0.0013871323061175639 0.00022054731062698093 0.0006490745170075181 -0.00047105964758057702 0.00080658734606748282 -0.00082373038429068386 -4.7239130183767816e-06
leaf_weight=394 12.999999999999998 10.000000000000002 10.000000000000002 10.999999999999998 13.999999999999998 44 10.999999999999998 10.000000000000002 12.999999999999998
leaf_count=394 13 10 10 11 14 44 11 10 13
internal_value=0 1.82462e-05 0.000454428 0.000776064 -1.16689e-05 -3.27886e-05 -0.000187509 1.68749e-05 -0.000360814
internal_weight=0 483 31 21 452 438 47 34 23
internal_count=530 483 31 21 452 438 47 34 23
is_linear=0
shrinkage=0.1


Tree=496
num_leaves=10
num_cat=0
split_feature=89 103 50 1 5 3 69 64 89
split_gain=0.000167005 0.0006103 0.000704618 0.000561666 0.000882382 0.000632944 0.000515445 0.000795564 0.00065491
threshold=0.19942679443578884 6.2536790110310028 8.7862953666151267 2.249904835165133 3.1132683346437333 2.3502401828962087 0.60966210391916176 1.4566280258648765 0.49721651427453734
decision_type=2 2 2 2 2 2 2 2 2
left_child=1 3 -3 5 -5 -1 -2 -8 -9
right_child=6 2 -4 4 -6 -7 7 8 -10
leaf_value=-5.4272479194748618e-05 0.00063071165195045375 0.0010775593004655089 -5.9014674176675425e-05 -0.00046530223154882657 -1.3356446827485884e-05 0.00051567874686076756 -0.00073388055629598412 0.00032337155457555684 -5.5822957856163603e-05
leaf_weight=70 14.999999999999998 10.000000000000002 11.999999999999998 72 108 27 12.999999999999998 69 134
leaf_count=70 15 10 12 72 108 27 13 69 134
internal_value=0 -4.93398e-05 0.00045761 -8.96029e-05 -0.000194135 0.000104374 6.3864e-05 2.44996e-05 7.30658e-05
internal_weight=0 299 22 277 180 97 231 216 203
internal_count=530 299 22 277 180 97 231 216 203
is_linear=0
shrinkage=0.1


Tree=497
num_leaves=13
num_cat=0
split_feature=65 45 13 67 38 39 17 15 35 45 35 75
split_gain=0.000173407 0.000794729 0.00100173 0.00132378 0.00094091 0.000925257 0.000391674 0.0008731 0.00121415 0.000474088 0.000608294 0.000572192
threshold=2.6108875850678701 3.3842466058243152 3.0677824455408698 3.5408542930527882 8.0591145210306667 3.4498615536424366 2.249904835165133 3.1984648276080736 2.3502401828962087 2.3502401828962087 4.2972622671762819 3.7726948748059121
decision_type=2 2 2 2 2 2 2 2 2 2 2 2
left_child=1 2 3 -1 -3 -4 7 8 -2 11 -11 -8
right_child=6 4 5 -5 -6 -7 9 -9 -10 10 -12 -13
leaf_value=-1.7044719828275899e-05 -0.00054316506313625726 -1.7920035646635696e-05 0.00015504668088397007 0.00077751286250228688 0.0012900347249921074 -0.0010867646703263745 0.00057080447463054695 -0.0010987836571240968 0.00072918338216065122 -0.00035081886084559042 3.6851054387189424e-05 -0.00012951726108440198
leaf_weight=166 20 11.000000000000002 10.000000000000002 24 10.999999999999998 14.999999999999998 28 10.999999999999998 11.999999999999998 56 146 20
leaf_count=166 20 11 10 24 11 15 28 11 12 56 146 20
internal_value=0 6.35998e-05 5.02271e-06 8.33204e-05 0.000636057 -0.00059004 -5.14442e-05 -0.000330226 -6.60344e-05 -3.49369e-06 -7.06218e-05 0.000279004
internal_weight=0 237 215 190 22 25 293 43 32 250 202 48
internal_count=530 237 215 190 22 25 293 43 32 250 202 48
is_linear=0
shrinkage=0.1


Tree=498
num_leaves=6
num_cat=0
split_feature=38 38 38 40 29
split_gain=0.000168029 0.000220372 0.000260123 0.000582537 0.000289729
threshold=10.18815057630662 9.5188769219551848 9.158047031070609 5.0466405620843924 4.3882378946731615
decision_type=2 2 2 2 2
left_child=1 2 4 -4 -1
right_child=-2 -3 3 -5 -6
leaf_value=-3.4527178385732614e-06 -0.0003699378086215196 0.00047345427330583337 -0.0009048638516105708 9.4453485507983722e-05 0.00033366266903208774
leaf_weight=457 11.999999999999998 9.9999999999999982 10.000000000000002 13.999999999999998 27
leaf_count=457 12 10 10 14 27
internal_value=0 8.56999e-06 -5.81279e-07 -0.000321929 1.53533e-05
internal_weight=0 518 508 24 484
internal_count=530 518 508 24 484
is_linear=0
shrinkage=0.1


Tree=499
num_leaves=9
num_cat=0
split_feature=24 28 18 24 78 25 10 40
split_gain=0.000176754 0.000753969 0.000593409 0.000482419 0.000733358 0.000509231 0.000421001 0.000457967
threshold=4.7094896185437563 4.6490840411708527 8.8350534014812574 4.3241107269113215 0.41064650162593774 3.7012257604091228 8.8031957863788737 4.2555875595453383
decision_type=2 2 2 2 2 2 2 2
left_child=1 3 -2 5 -5 -1 -4 -8
right_child=2 -3 6 4 -6 -7 7 -9
leaf_value=-4.4087056500103615e-06 -0.00070528326827722294 0.00072016582281018298 0.00059080748003907506 -0.0010319545817434447 0.00015128104249015451 0.00046990603004815057 0.0004093654402822722 -0.00030651683345370531
leaf_weight=398 14.999999999999998 14.999999999999998 9.9999999999999982 11.000000000000002 9.9999999999999982 24 11.999999999999998 35
leaf_count=398 15 15 10 11 10 24 12 35
internal_value=0 2.28971e-05 -0.000145651 -7.12438e-07 -0.000468509 2.25665e-05 1.62054e-06 -0.000123738
internal_weight=0 458 72 443 21 422 57 47
internal_count=530 458 72 443 21 422 57 47
is_linear=0
shrinkage=0.1


Tree=500
num_leaves=10
num_cat=0
split_feature=25 23 15 86 86 3 28 11 36
split_gain=0.000168093 0.000466206 0.000617203 0.000480111 0.000558489 0.000459016 0.000475857 0.000728366 0.000494288
threshold=1.2424533248940006 0.34657359027997314 3.4152368433293397e-18 0.68763835309583687 0.67986905584219193 3.6762205501217919 1.0000000180025095e-35 7.1150767569361238e-19 1.2424533248940002
decision_type=2 2 2 2 2 2 2 2 2
left_child=5 2 -2 4 -3 6 7 -1 -8
right_child=1 3 -4 -5 -6 -7 8 -9 -10
leaf_value=-0.00036271950887748974 -2.5144211083118397e-05 1.4349309648676672e-06 -0.0010537661530543119 -0.00050573483426382564 0.00069411204506953554 -0.0005116383952554316 0.00082922281795426423 0.00043614678198493839 2.8989540610032587e-05
leaf_weight=25 14.000000000000002 388 9.9999999999999982 18 11.999999999999998 9.9999999999999982 19 21 12.999999999999998
leaf_count=25 14 388 10 18 12 10 19 21 13
internal_value=0 -2.51285e-05 -0.000453737 -5.19448e-07 2.22152e-05 0.000126214 0.00020799 1.98032e-06 0.000504128
internal_weight=0 442 24 418 400 88 78 46 32
internal_count=530 442 24 418 400 88 78 46 32
is_linear=0
shrinkage=0.1


Tree=501
num_leaves=10
num_cat=0
split_feature=17 11 12 4 9 89 39 40 18
split_gain=0.000156197 0.000451725 0.000570432 0.000519017 0.00109697 0.000475682 0.000404854 0.000694354 0.000324512
threshold=4.5591125415341898 5.1647696471263407 4.6867395546766826 4.6490840411708527 3.7726948748059121 0.37211895442936754 3.9219243190762363 4.2555875595453383 9.759659876131753
decision_type=2 2 2 2 2 2 2 2 2
left_child=1 3 -3 4 -1 -5 -2 -8 -9
right_child=6 2 -4 5 -6 -7 7 8 -10
leaf_value=-2.2006187901863495e-05 -0.00064867329137996421 -3.0674168716787406e-06 0.0008589069155277685 -0.00073663132886091871 0.00062588065520685632 4.056907969892824e-05 0.00066091125189896884 -0.00073334766406333044 2.4370752054472597e-05
leaf_weight=392 12.999999999999998 17.000000000000004 13.999999999999998 18 28 13.999999999999998 10.999999999999998 10.000000000000002 12.999999999999998
leaf_count=392 13 17 14 18 28 14 11 10 13
internal_value=0 1.69345e-05 0.000386211 -8.39196e-06 2.11863e-05 -0.000396606 -0.000174029 7.45197e-06 -0.000305072
internal_weight=0 483 31 452 420 32 47 34 23
internal_count=530 483 31 452 420 32 47 34 23
is_linear=0
shrinkage=0.1


Tree=502
num_leaves=11
num_cat=0
split_feature=32 45 8 61 28 65 28 37 17 37
split_gain=0.000162211 0.000742722 0.00155415 0.000517637 0.000772606 0.00151477 0.000664061 0.000503131 0.000794491 0.00059685
threshold=2.9174053685313028 2.9174053685313028 2.249904835165133 1.6267163146682455 2.9700856263602158 2.2892249945293921 3.3842466058243152 2.1383330595080285 2.4414009612931857 2.0126758453675753
decision_type=2 2 2 2 2 2 2 2 2 2
left_child=1 7 -3 -2 5 -5 -6 9 -9 -1
right_child=3 2 -4 4 6 -7 -8 8 -10 -11
leaf_value=2.2521253830760904e-05 0.00066203630529344088 -0.00026054052702550372 0.0011622420923017404 -0.0014149010229933382 0.00032222291734564974 0.00011620474605089321 -9.0132342267593022e-05 5.9215833365063502e-06 -0.00083556643632404942 0.00073528861662802789
leaf_weight=122 9.9999999999999982 14.000000000000002 17 12.000000000000002 47 13.999999999999998 231 33 17 12.999999999999998
leaf_count=122 10 14 17 12 47 14 231 33 17 13
internal_value=0 6.67022e-05 0.000519695 -4.58843e-05 -6.91712e-05 -0.000590459 -2.04176e-05 -9.20471e-06 -0.000280184 9.11581e-05
internal_weight=0 216 31 314 304 26 278 185 50 135
internal_count=530 216 31 314 304 26 278 185 50 135
is_linear=0
shrinkage=0.1


Tree=503
num_leaves=12
num_cat=0
split_feature=77 65 53 31 98 47 102 73 39 39 61
split_gain=0.000158295 0.000442817 0.000425615 0.000722475 0.00051039 0.000313206 0.000931728 0.000608036 0.000446936 0.000919587 0.000758693
threshold=3.5114340430413216 2.7885577328003115 2.9459083496354093 4.1510089048756029 3.9415346756528771 1.0000000180025095e-35 2.602003343538398 1.6094379124341009 2.4414009612931857 3.0677824455408698 2.0841203163513424
decision_type=2 2 2 2 2 2 2 2 2 2 2
left_child=5 -2 4 -4 -3 6 -1 -8 10 -10 -7
right_child=1 2 3 -5 -6 8 7 -9 9 -11 -12
leaf_value=0.00089269177333335399 -0.0007093272735801293 -0.00014644376815003515 -9.6254297204723119e-06 -0.00089366381692413527 0.00048060411965707319 -0.00041765013771956762 -0.00041700189636015381 0.00038302153544990641 0.00056969324162515296 -7.735854080237914e-06 0.00020364041168553136
leaf_weight=15.999999999999998 10.999999999999998 27 32 12.999999999999998 25 57 19 19 31 250 30
leaf_count=16 11 27 32 13 25 57 19 19 31 250 30
internal_value=0 -0.000108029 -3.98404e-05 -0.000265014 0.000155022 2.76472e-05 0.000252545 -1.69902e-05 -5.35413e-06 5.59663e-05 -0.000203412
internal_weight=0 108 97 45 52 422 54 38 368 281 87
internal_count=530 108 97 45 52 422 54 38 368 281 87
is_linear=0
shrinkage=0.1


Tree=504
num_leaves=9
num_cat=0
split_feature=64 36 18 14 19 86 86 101
split_gain=0.000152098 0.000742192 0.00102248 0.000375126 0.000841153 0.000384365 0.000409577 0.000265011
threshold=1.0845268501847618 7.5894152073985326e-18 1.0000000180025095e-35 4.8471850864775066 1.0000000180025095e-35 0.68763835309583687 0.67986905584219193 2.2499048351651334
decision_type=2 2 2 2 2 2 2 2
left_child=1 2 -1 4 -2 6 -5 -7
right_child=3 -3 -4 5 -6 7 -8 -9
leaf_value=0.00071009673352818916 0.00014316923348955097 0.00077822443854529415 -0.00053915582309280966 6.5138466367821726e-06 -0.0010449912600134586 -7.5234153270933087e-05 0.00055617256085887287 -0.0007865212351316587
leaf_weight=10.000000000000002 13.000000000000002 13.999999999999998 19 428 10.999999999999998 11.000000000000002 13.999999999999998 9.9999999999999982
leaf_count=10 13 14 19 428 11 11 14 10
internal_value=0 0.000180283 -0.000108379 -1.59182e-05 -0.000401404 4.06383e-06 2.39239e-05 -0.000413942
internal_weight=0 43 29 487 24 463 442 21
internal_count=530 43 29 487 24 463 442 21
is_linear=0
shrinkage=0.1


Tree=505
num_leaves=10
num_cat=0
split_feature=83 83 101 53 99 53 53 92 104
split_gain=0.000150333 0.000669728 0.000477019 0.00105575 0.000881918 0.000441482 0.000299171 0.000708125 0.0003919
threshold=0.28196772389603009 0.19869583456502762 2.740319461670996 3.7252907286733369e-09 2.8029010331479989 0.53479999673981382 1.3424540464535359 3.9395387002698126 2.0126758453675753
decision_type=2 2 2 2 2 2 2 2 2
left_child=1 2 4 -4 -1 -2 7 -7 -8
right_child=5 -3 3 -5 -6 6 8 -9 -10
leaf_value=5.8857662690897589e-05 -0.00071203556493856009 0.00074766228947107901 0.00050084490881999958 -0.00030490223132843293 0.0010239812264626381 0.00060425024950580509 -0.00052271941799278323 -0.00017364756599999966 -3.9909454443821306e-05
leaf_weight=178 9.9999999999999982 12.999999999999998 20 87 9.9999999999999982 22 19 25 146
leaf_count=178 10 13 20 87 10 22 19 25 146
internal_value=0 4.52159e-05 1.42606e-05 -0.000154295 0.000110194 -6.27319e-05 -3.21044e-05 0.000190475 -9.55058e-05
internal_weight=0 308 295 107 188 222 212 47 165
internal_count=530 308 295 107 188 222 212 47 165
is_linear=0
shrinkage=0.1


Tree=506
num_leaves=11
num_cat=0
split_feature=79 97 13 48 48 1 100 1 100 72
split_gain=0.000137618 0.000472175 0.0010604 0.000888697 0.000827048 0.000413511 0.00116355 0.000790558 0.000631039 0.000467694
threshold=2.0126758453675748 2.524928003624769 2.1383330595080285 9.4867690092481657e-19 1.8688348091416842 3.2769667020129059 5.1059271080903725 3.4175922930736511 4.8361559147623279 0.16945217079491276
decision_type=2 2 2 2 2 2 2 2 2 2
left_child=5 2 -2 -3 -5 6 8 -7 -1 -9
right_child=1 3 -4 4 -6 7 -8 9 -10 -11
leaf_value=1.1913636631977576e-05 -1.9844015753877002e-05 -0.00068320667864206963 0.0012138900632800704 0.00071522590102783101 -1.0901947754347453e-05 -0.00098502259109712535 0.00090998711530119189 5.2704553010698882e-05 -0.0006791685649789413 -0.00054174390679690993
leaf_weight=235 19.000000000000004 17 10.999999999999998 18 122 11.999999999999998 13.999999999999998 50 13.999999999999998 18
leaf_count=235 19 17 11 18 122 12 14 50 14 18
internal_value=0 6.90121e-05 0.000432525 -4.48949e-07 8.24573e-05 -3.76247e-05 2.29322e-05 -0.000236705 -2.69424e-05 -0.000104649
internal_weight=0 187 30 157 140 343 263 80 249 68
internal_count=530 187 30 157 140 343 263 80 249 68
is_linear=0
shrinkage=0.1


Tree=507
num_leaves=5
num_cat=0
split_feature=85 85 85 5
split_gain=0.000125044 0.000280084 0.000357815 0.000225613
threshold=0.68988791877841538 0.68397572111627303 0.67502022235731507 3.4175922930736511
decision_type=2 2 2 2
left_child=1 2 3 -1
right_child=-2 -3 -4 -5
leaf_value=-3.0425038494221717e-05 -0.00025189943698933348 0.0004675889703391407 -0.00052033817583623421 0.00012281717564760722
leaf_weight=353 19 12.999999999999998 12.999999999999998 132
leaf_count=353 19 13 13 132
internal_value=0 9.36612e-06 -2.59552e-06 1.12821e-05
internal_weight=0 511 498 485
internal_count=530 511 498 485
is_linear=0
shrinkage=0.1


Tree=508
num_leaves=8
num_cat=0
split_feature=64 12 18 61 86 86 101
split_gain=0.000125495 0.000666465 0.00117027 0.000355214 0.000271957 0.000270643 0.000220251
threshold=1.0845268501847618 1.0000000180025095e-35 1.0000000180025095e-35 0.72302640319929012 0.68763835309583687 0.54205585727546068 2.2499048351651334
decision_type=2 2 2 2 2 2 2
left_child=1 2 -1 -2 5 -5 -6
right_child=3 -3 -4 4 6 -7 -8
leaf_value=0.00074296819104347357 -0.00047783253357920331 0.00070164249419273506 -0.00060625942617965238 -2.131082337588369e-05 -5.3161128744250153e-05 0.00017103968541208736 -0.00068860823863360577
leaf_weight=10.000000000000002 15.999999999999998 14.999999999999998 18 357 12.000000000000002 92 9.9999999999999982
leaf_count=10 16 15 18 357 12 92 10
internal_value=0 0.000163759 -0.000124392 -1.44592e-05 1.28168e-06 1.81018e-05 -0.000342001
internal_weight=0 43 28 487 471 449 22
internal_count=530 43 28 487 471 449 22
is_linear=0
shrinkage=0.1


Tree=509
num_leaves=6
num_cat=0
split_feature=31 34 29 80 30
split_gain=0.000119853 0.000355904 0.000187207 0.000700508 0.000423778
threshold=6.4800257426481824 9.6133219892231541 4.3882378946731615 1.1226292989011639 8.9683302942775107
decision_type=2 2 2 2 2
left_child=1 2 4 -4 -1
right_child=-2 -3 3 -5 -6
leaf_value=8.355298718442125e-06 0.00032664302518903494 -0.00059772490174509591 -8.7406660833266875e-05 0.0008483473323091554 -0.00045118231397022358
leaf_weight=452 10.999999999999998 9.9999999999999982 24 11.999999999999998 21
leaf_count=452 11 10 24 12 21
internal_value=0 -6.92307e-06 4.68404e-06 0.000224511 -1.2047e-05
internal_weight=0 519 509 36 473
internal_count=530 519 509 36 473
is_linear=0
shrinkage=0.1


Tree=510
num_leaves=11
num_cat=0
split_feature=88 65 95 49 87 35 69 28 67 28
split_gain=0.000117591 0.000814204 0.00112842 0.000927522 0.000433176 0.000449431 0.000389262 0.00040479 0.000680756 0.000551301
threshold=0.56452790820442755 3.2823868100762028 3.5114340430413216 2.8102520310824275e-16 0.15710234772634982 4.7405652883788738 0.283880377083782 4.7360445312007302 5.1789349004394536 4.5798392285869785
decision_type=2 2 2 2 2 2 2 2 2 2
left_child=6 2 3 -2 5 -3 -1 9 -9 -8
right_child=1 4 -4 -5 -6 -7 7 8 -10 -11
leaf_value=0.00059092650422826415 0.00073719819613163263 -0.00048765824079358318 0.0012133448236537252 -9.9936634913319727e-05 -0.00072852433991751507 0.00034633668547030539 -5.0186847154284694e-05 0.0008156775828475865 -4.3063903974957375e-08 -0.00061845946862983212
leaf_weight=9.9999999999999982 18 12.000000000000002 10.999999999999998 50 13.999999999999998 13.999999999999998 331 13.999999999999998 38 18
leaf_count=10 18 12 11 50 14 14 331 14 38 18
internal_value=0 8.75378e-05 0.000273665 0.000121658 -0.000280063 -3.8584e-05 -2.53455e-05 -4.07139e-05 0.000219574 -7.9496e-05
internal_weight=0 119 79 68 40 26 411 401 52 349
internal_count=530 119 79 68 40 26 411 401 52 349
is_linear=0
shrinkage=0.1


Tree=511
num_leaves=5
num_cat=0
split_feature=57 3 96 70
split_gain=0.000116835 0.000312277 0.0004151 0.000578143
threshold=4.7441134930380349 6.2702714397403581 9.4284934014359933 5.0253348477932169
decision_type=2 2 2 2
left_child=1 2 3 -1
right_child=-2 -3 -4 -5
leaf_value=9.2991169654859115e-06 0.00028504221193413414 -0.00053483542863184334 0.00064161956543102867 -0.00064260511592562715
leaf_weight=481 13.999999999999998 10.999999999999998 9.9999999999999982 13.999999999999998
leaf_count=481 14 11 10 14
internal_value=0 -7.7337e-06 3.74772e-06 -9.13858e-06
internal_weight=0 516 505 495
internal_count=530 516 505 495
is_linear=0
shrinkage=0.1


Tree=512
num_leaves=11
num_cat=0
split_feature=79 21 21 104 53 1 100 1 100 72
split_gain=0.00011667 0.000409401 0.000664932 0.00070153 0.00050482 0.000347057 0.000924238 0.000600903 0.000464486 0.000354584
threshold=2.0126758453675748 2.4414009612931857 2.8029010331479989 2.5249280036247694 2.088285792223123 3.2769667020129059 5.1059271080903725 3.4175922930736511 4.8361559147623279 0.14101810060795336
decision_type=2 2 2 2 2 2 2 2 2 2
left_child=5 4 -3 -4 -2 6 8 -7 -1 -9
right_child=1 2 3 -5 -6 7 -8 9 -10 -11
leaf_value=9.7205142253400522e-06 0.00071772825904190549 -0.00066099415998905904 0.00079291503595110651 -6.4537175554265963e-06 -9.0985545494522041e-05 -0.00086943767867827182 0.00081142216804437346 4.0299290873119795e-05 -0.00058318843948654828 -0.00046860861873842386
leaf_weight=235 19 13.999999999999998 11.999999999999998 129 12.999999999999998 11.999999999999998 13.999999999999998 49 13.999999999999998 19
leaf_count=235 19 14 12 129 13 12 14 49 14 19
internal_value=0 6.35431e-05 -3.68689e-06 6.15777e-05 0.000389188 -3.4643e-05 2.0835e-05 -0.000217027 -2.36157e-05 -0.000101896
internal_weight=0 187 155 141 32 343 263 80 249 68
internal_count=530 187 155 141 32 343 263 80 249 68
is_linear=0
shrinkage=0.1


Tree=513
num_leaves=7
num_cat=0
split_feature=50 49 16 48 77 32
split_gain=0.000118993 0.000367348 0.000601162 0.000230323 0.000448768 0.000308091
threshold=9.3980403144047564 4.3630783395783075 4.0163424379838117 4.0163424379838117 1.0972125985553305e-16 3.4175922930736511
decision_type=2 2 2 2 2 2
left_child=1 3 -3 5 -5 -1
right_child=-2 2 -4 4 -6 -7
leaf_value=4.950261362559075e-05 0.0002527095785707287 -0.00089543921737155548 5.4162032902240761e-05 0.00058986128577472345 3.5400585179486946e-05 -0.00013000435346139757
leaf_weight=247 18 12.000000000000002 14.999999999999998 19 63 156
leaf_count=247 18 12 15 19 63 156
internal_value=0 -8.88432e-06 -0.000367883 1.11012e-05 0.000163873 -1.9984e-05
internal_weight=0 512 27 485 82 403
internal_count=530 512 27 485 82 403
is_linear=0
shrinkage=0.1


Tree=514
num_leaves=5
num_cat=0
split_feature=46 44 44 36
split_gain=0.000115365 0.000498302 0.000336813 0.000261122
threshold=9.8400318729391767 5.4204958404047412 5.2257322209664565 5.0005339404374967
decision_type=2 2 2 2
left_child=1 2 3 -1
right_child=-2 -3 -4 -5
leaf_value=9.6316244213685082e-06 0.00028324384111328983 -0.00070671619381755589 0.00055342997762967245 -0.0003428062773309648
leaf_weight=473 13.999999999999998 9.9999999999999982 10.999999999999998 22
leaf_count=473 14 10 11 22
internal_value=0 -7.68491e-06 6.12994e-06 -6.03228e-06
internal_weight=0 516 506 495
internal_count=530 516 506 495
is_linear=0
shrinkage=0.1


Tree=515
num_leaves=11
num_cat=0
split_feature=5 104 1 9 63 96 96 86 86 69
split_gain=0.000114457 0.000887743 0.000756494 0.000571081 0.000645479 0.000354036 0.000593367 0.000317843 0.000411123 0.000233826
threshold=2.9700856263602158 2.5249280036247694 2.9174053685313028 2.9700856263602158 3.5114340430413216 7.77883922098541 7.3161959599110906 0.68662364609322568 0.67262920670103299 3.4954060336795671
decision_type=2 2 2 2 2 2 2 2 2 2
left_child=3 2 -2 5 -5 6 -1 8 -3 -6
right_child=1 7 -4 4 9 -7 -8 -9 -10 -11
leaf_value=4.6656745435475108e-05 8.6233115647561256e-05 -1.5574862408531697e-05 0.001187292067334056 -0.0011118539030576355 0.00021405284467618908 0.00043297444612512163 -0.00036790771222773144 -0.00049366168288822964 0.00064160586945945404 -0.00046979827922768893
leaf_weight=194 13.000000000000002 198 11.999999999999998 10.000000000000002 10.000000000000002 18 42 12.999999999999998 9.9999999999999982 9.9999999999999982
leaf_count=194 13 198 12 10 10 18 42 13 10 10
internal_value=0 4.99316e-05 0.000614741 -4.32506e-05 -0.000455866 5.48356e-06 -2.71217e-05 -1.39609e-05 1.60204e-05 -0.000127873
internal_weight=0 246 25 284 30 254 236 221 208 20
internal_count=530 246 25 284 30 254 236 221 208 20
is_linear=0
shrinkage=0.1


Tree=516
num_leaves=9
num_cat=0
split_feature=31 40 31 25 13 96 36 46
split_gain=0.000121238 0.00110056 0.00102552 0.000508856 0.000916244 0.000493049 0.000407716 0.00075813
threshold=4.1971736807086968 3.3842466058243152 4.0689902272260703 3.1132683346437333 2.9174053685313028 7.2334293521780699 3.9796379800581989 8.0940731014520217
decision_type=2 2 2 2 2 2 2 2
left_child=2 -2 6 5 -5 -3 7 -1
right_child=1 3 -4 4 -6 -7 -8 -9
leaf_value=-2.2789202552793767e-05 0.0010858679725788533 7.4870586765676039e-06 -0.00079216011936831122 0.00065210028652749636 -3.3022806205418569e-05 -0.00096270667650969702 -0.00062449165561702109 0.00053098292329296882
leaf_weight=293 9.9999999999999982 11.000000000000002 17 23 129 9.9999999999999982 9.9999999999999982 27
leaf_count=293 10 11 17 23 129 10 10 27
internal_value=0 6.58598e-05 -3.4733e-05 6.89974e-06 7.06471e-05 -0.00045451 4.28602e-06 2.39353e-05
internal_weight=0 183 347 173 152 21 330 320
internal_count=530 183 347 173 152 21 330 320
is_linear=0
shrinkage=0.1


Tree=517
num_leaves=10
num_cat=0
split_feature=100 1 20 87 89 87 13 7 6
split_gain=0.000128894 0.000732831 0.000559815 0.000524385 0.000636921 0.000865857 0.000478708 0.00034941 0.000284158
threshold=3.9701138825728512 1.2424533248940006 9.4867690092481657e-19 0.66149921729477013 0.54720635870335943 0.52226169627124419 2.8029010331479989 1.2424533248940006 5.8664038519910333
decision_type=2 2 2 2 2 2 2 2 2
left_child=3 -2 -3 4 5 -1 -4 -5 -6
right_child=1 2 6 7 8 -7 -8 -9 -10
leaf_value=8.3482724254612227e-05 0.00080562990381925683 -0.00058677243747903667 0.00027953279373692708 -1.8022991607722354e-05 -0.00026975079535451876 -0.00052490012676571502 -2.6810125315553049e-05 0.00079871198289435024 -0.00089082674374087493
leaf_weight=121 11.999999999999998 14.999999999999998 65 10.000000000000002 17.000000000000004 29 237 10.999999999999998 12.999999999999998
leaf_count=121 12 15 65 10 17 29 237 11 13
internal_value=0 3.85459e-05 9.50803e-06 -6.30926e-05 -0.000118262 -3.4138e-05 3.91246e-05 0.000409791 -0.000538884
internal_weight=0 329 317 201 180 150 302 21 30
internal_count=530 329 317 201 180 150 302 21 30
is_linear=0
shrinkage=0.1


Tree=518
num_leaves=8
num_cat=0
split_feature=101 101 101 100 9 80 4
split_gain=0.000130994 0.000728047 0.000506892 0.000336535 0.000696188 0.000215859 0.000579578
threshold=4.5379471377116305 4.3819485035697312 4.6867395546766826 5.7698810594618948 3.7726948748059121 1.9321161707958991 5.614936330451056
decision_type=2 2 2 2 2 2 2
left_child=1 3 -2 4 -1 6 -4
right_child=2 -3 5 -5 -6 -7 -8
leaf_value=-2.0901712454266185e-05 0.00064141735744973033 -0.00068392399552976715 -6.4757628664981743e-05 -0.00054292826098389924 0.0004511617201976204 -0.00036707820612579011 0.00077522619394585499
leaf_weight=385 14.999999999999998 15.999999999999998 46 10.999999999999998 34 12.999999999999998 9.9999999999999982
leaf_count=385 15 16 46 11 34 13 10
internal_value=0 -2.15755e-05 0.000114555 3.07007e-06 1.74042e-05 2.02078e-08 8.52395e-05
internal_weight=0 446 84 430 419 69 56
internal_count=530 446 84 430 419 69 56
is_linear=0
shrinkage=0.1


Tree=519
num_leaves=6
num_cat=0
split_feature=21 18 100 34 100
split_gain=0.000111647 0.000298691 0.000305582 0.000360452 0.000288232
threshold=5.4160905255636633 9.5188769219551848 5.9476940157565394 8.3105297257100812 5.7557372063514576
decision_type=2 2 2 2 2
left_child=1 2 4 -4 -1
right_child=-2 -3 3 -5 -6
leaf_value=3.919333083019855e-06 0.0003152635625817559 -0.00044642300548730418 6.5771768506812418e-05 0.0008075017249211669 -0.00037502912288930803
leaf_weight=454 10.999999999999998 14.999999999999998 19.000000000000004 9.9999999999999982 21
leaf_count=454 11 15 19 10 21
internal_value=0 -6.68189e-06 6.40565e-06 0.000321541 -1.28342e-05
internal_weight=0 519 504 29 475
internal_count=530 519 504 29 475
is_linear=0
shrinkage=0.1


Tree=520
num_leaves=6
num_cat=0
split_feature=31 34 32 80 40
split_gain=0.000115562 0.000243423 0.000176125 0.000445267 0.00024755
threshold=6.4800257426481824 9.6133219892231541 5.1179758838799021 1.1226292989011639 4.9451504953659766
decision_type=2 2 2 2 2
left_child=1 2 4 -4 -1
right_child=-2 -3 3 -5 -6
leaf_value=5.0531454111988779e-06 0.00032074328061174707 -0.00049540110281668607 -0.0002132587361847981 0.00069024679833091802 -0.00035421790002146739
leaf_weight=467 10.999999999999998 9.9999999999999982 10.000000000000002 11.999999999999998 20
leaf_count=467 11 10 10 12 20
internal_value=0 -6.79803e-06 2.80125e-06 0.000279562 -9.70131e-06
internal_weight=0 519 509 22 487
internal_count=530 519 509 22 487
is_linear=0
shrinkage=0.1


Tree=521
num_leaves=9
num_cat=0
split_feature=46 7 55 23 42 76 47 81
split_gain=0.000108696 0.000411684 0.000536627 0.000334944 0.00032677 0.000243975 0.000519744 0.000431535
threshold=4.330646767694998 3.8815106545092593 3.7256208424938388 1.4571677198205182e-16 4.996846910211139 1.0754252284321966 3.1984648276080736 0.89717339591605083
decision_type=2 2 2 2 2 2 2 2
left_child=1 2 3 -1 -2 7 -7 -6
right_child=4 -3 -4 -5 5 6 -8 -9
leaf_value=-0.00034309410593778004 0.00052988391544204203 0.00039998244054996495 -0.00076191331492736936 0.00040666867386211054 8.270059939563703e-07 0.0003944005005020724 -0.00038852113912898033 -0.00045414007300595671
leaf_weight=13.000000000000002 11.999999999999998 10.999999999999998 14.999999999999998 10.999999999999998 398 37 10.999999999999998 22
leaf_count=13 12 11 15 11 398 37 11 22
internal_value=0 -0.000140315 -0.000292707 5.47168e-07 1.46162e-05 1.40417e-06 0.000214981 -2.30046e-05
internal_weight=0 50 39 24 480 468 48 420
internal_count=530 50 39 24 480 468 48 420
is_linear=0
shrinkage=0.1


Tree=522
num_leaves=10
num_cat=0
split_feature=34 34 46 77 44 37 31 80 52
split_gain=0.000108166 0.00160339 0.000767027 0.000966592 0.000503699 0.000487228 0.000920912 0.000658579 0.000482574
threshold=7.2754532773251155 7.3465451993519082 7.4444944766793393 1.0000000180025095e-35 3.2384861814448418 2.3502401828962087 3.0201273556387078 1.0000000180025095e-35 7.8929918156944735e-17
decision_type=2 2 2 2 2 2 2 2 2
left_child=2 -2 4 -4 8 7 -7 -3 -1
right_child=1 5 3 -5 -6 6 -8 -9 -10
leaf_value=0.00058492242339222382 0.001284281404223293 -0.000767765906251346 -0.0012761586631478909 4.9525960242714395e-05 0.00066630853318863301 0.00080102873578046766 -5.8633305079344993e-06 0.00018863029496666667 -6.9799011980099394e-05
leaf_weight=11.999999999999998 9.9999999999999982 18.000000000000004 11.000000000000002 10.999999999999998 10.999999999999998 14.999999999999998 248 11.999999999999998 182
leaf_count=12 10 18 11 11 11 15 248 12 182
internal_value=0 3.9102e-05 -5.21935e-05 -0.000613316 8.0246e-06 -3.39556e-06 4.01571e-05 -0.000385207 -2.93008e-05
internal_weight=0 303 227 22 205 293 263 30 194
internal_count=530 303 227 22 205 293 263 30 194
is_linear=0
shrinkage=0.1


Tree=523
num_leaves=6
num_cat=0
split_feature=45 33 32 88 24
split_gain=0.000107925 0.000240955 0.000514869 0.000437607 0.000226695
threshold=5.3028591759145582 4.6051201834879256 4.9451504953659766 0.015992802156241357 4.6490840411708527
decision_type=2 2 2 2 2
left_child=1 2 4 -3 -1
right_child=-2 3 -4 -5 -6
leaf_value=9.2156761379794241e-06 0.00024788906534120223 6.1952364740136537e-05 0.00060616097180172808 -0.00071915316164869675 -0.00027059020498962773
leaf_weight=439 17 16.000000000000004 13.999999999999998 12.999999999999998 31
leaf_count=439 17 16 14 13 31
internal_value=0 -8.21465e-06 8.56124e-06 -0.000288198 -9.23961e-06
internal_weight=0 513 484 29 470
internal_count=530 513 484 29 470
is_linear=0
shrinkage=0.1


Tree=524
num_leaves=11
num_cat=0
split_feature=11 24 47 95 18 18 18 2 7 60
split_gain=0.000118456 0.000564141 0.000362555 0.000389719 0.000331309 0.000930449 0.000568327 0.000759537 0.00049865 0.000418312
threshold=5.1647696471263407 4.0859410030639109 3.7494348669884658 3.3842466058243152 8.5230704732322558 8.3738927694878331 8.8350534014812574 8.1978066071862123 4.4484992763719129 4.5656358995271438
decision_type=2 2 2 2 2 2 2 2 2 2
left_child=4 -2 -3 -4 5 8 7 -6 -1 -8
right_child=1 2 3 -5 6 -7 9 -9 -10 -11
leaf_value=1.1797974375516817e-05 0.00081639643991366034 -0.00037073395974908233 -0.00038308037175738719 0.00032953111169097774 2.7077835984528054e-05 0.00071608617859561085 0.00055888639530166984 -0.0011321445291217131 -0.0004339068558894926 -0.00021092426565398151
leaf_weight=357 9.9999999999999982 18 9.9999999999999982 33 10.000000000000002 18 9.9999999999999982 12.999999999999998 27 24
leaf_count=357 10 18 10 33 10 18 10 13 27 24
internal_value=0 0.000120204 6.07396e-06 0.000163808 -1.85936e-05 1.33979e-05 -0.000244218 -0.000628135 -1.95406e-05 1.54906e-05
internal_weight=0 71 61 43 459 402 57 23 384 34
internal_count=530 71 61 43 459 402 57 23 384 34
is_linear=0
shrinkage=0.1


Tree=525
num_leaves=9
num_cat=0
split_feature=14 22 25 7 17 18 25 9
split_gain=0.000112912 0.000603491 0.000981464 0.000621782 0.000553118 0.000538441 0.000497115 0.000368883
threshold=8.0940731014520217 8.0871791040414465 3.1984648276080736 4.4484992763719129 3.1132683346437333 7.8630677199151569 3.1984648276080736 3.1132683346437333
decision_type=2 2 2 2 2 2 2 2
left_child=1 3 -3 5 -2 -1 -6 -8
right_child=4 2 -4 -5 6 -7 7 -9
leaf_value=5.5629371578398676e-06 0.0006675937666191853 -0.0012739705806598064 2.3145629009897157e-05 -0.00067509890650399031 0.00056306040942824141 0.00071795313481495468 -0.00057240605771463995 4.9845314052477146e-06
leaf_weight=299 13.999999999999998 10.000000000000002 13.999999999999998 12.999999999999998 14.999999999999998 10.999999999999998 11.999999999999998 142
leaf_count=299 14 10 14 13 15 11 12 142
internal_value=0 -3.35192e-05 -0.000517319 2.42884e-06 6.35582e-05 3.08413e-05 1.35197e-05 -4.00069e-05
internal_weight=0 347 24 323 183 310 169 154
internal_count=530 347 24 323 183 310 169 154
is_linear=0
shrinkage=0.1


Tree=526
num_leaves=9
num_cat=0
split_feature=11 16 20 24 7 99 3 97
split_gain=0.000111919 0.000462913 0.00067722 0.000697305 0.000388019 0.000629158 0.000476705 0.000644592
threshold=2.3502401828962087 3.3497501700808394 3.1567740231385479 2.9700856263602158 2.524928003624769 1.1657341758564138e-15 2.524928003624769 2.7058230259275202
decision_type=2 2 2 2 2 2 2 2
left_child=1 2 3 -1 5 -2 -6 -8
right_child=4 -3 -4 -5 6 -7 7 -9
leaf_value=-1.4375749415762584e-05 0.0008665555705582458 -0.00064063235902442383 0.00064397083216525587 -0.00078305356258239877 -0.00055171385329837598 -2.7273941021930014e-05 0.00064368348748757855 -7.7981720609733459e-06
leaf_weight=128 13.999999999999998 12.999999999999998 13.999999999999998 12.999999999999998 14.999999999999998 18 15.999999999999998 299
leaf_count=128 14 13 14 13 15 18 16 299
internal_value=0 -6.74549e-05 -1.93819e-05 -8.52468e-05 3.1305e-05 0.000363776 -9.34623e-07 2.5293e-05
internal_weight=0 168 155 141 362 32 330 315
internal_count=530 168 155 141 362 32 330 315
is_linear=0
shrinkage=0.1


Tree=527
num_leaves=9
num_cat=0
split_feature=100 1 99 89 4 6 6 25
split_gain=0.000107632 0.000644038 0.000450419 0.000550711 0.000529701 0.000408075 0.000736706 0.000478461
threshold=3.9701138825728512 1.2424533248940006 7.6327832942979524e-17 0.19942679443578884 3.1984648276080736 7.6898260528985487 7.4914760745935558 3.1567740231385479
decision_type=2 2 2 2 2 2 2 2
left_child=5 -2 3 -3 -4 6 7 -1
right_child=1 2 4 -5 -6 -7 -8 -9
leaf_value=-2.710631221946512e-05 0.00075433593713872444 -0.00081871265595379657 0.00032813948362470709 5.3357242140918974e-05 -1.9322179100119032e-05 -0.00059950463339471477 0.00081499039282789459 -0.00073910375489504075
leaf_weight=168 11.999999999999998 14.000000000000002 54 14.999999999999998 234 12.999999999999998 9.9999999999999982 9.9999999999999982
leaf_count=168 12 14 54 15 234 13 10 10
internal_value=0 3.52236e-05 8.00165e-06 -0.000367642 4.58269e-05 -5.76545e-05 -2.01861e-05 -6.71062e-05
internal_weight=0 329 317 29 288 201 188 178
internal_count=530 329 317 29 288 201 188 178
is_linear=0
shrinkage=0.1


Tree=528
num_leaves=12
num_cat=0
split_feature=21 22 39 15 1 19 26 23 104 86 3
split_gain=0.000112386 0.000760205 0.00168795 0.000473156 0.00054509 0.000405206 0.000398889 0.000348451 0.000271395 0.000254212 0.0001488
threshold=3.5694334999727624 8.5230704732322558 4.0517471391904856 4.2972622671762819 4.0942056540395164 4.3502571242716384 7.699812767097904 4.7229433450037179 3.7256208424938388 0.3136831544630328 3.9981586158983733
decision_type=2 2 2 2 2 2 2 2 2 2 2
left_child=3 2 6 4 5 -1 -2 -3 10 -9 -5
right_child=1 7 -4 8 -6 -7 -8 9 -10 -11 -12
leaf_value=-3.3144339860848611e-05 -0.00034415112100899786 -0.00049062536782003014 0.0015748198970686644 -0.00043602838675724329 0.00070192917138973087 0.00061325276619754736 0.00041266025188330487 0.00015268190499310468 -0.00067310834656382219 -0.00018108897639672835 6.9031035361279331e-05
leaf_weight=321 13.000000000000002 15.999999999999998 9.9999999999999982 10.000000000000002 10.999999999999998 9.9999999999999982 14.999999999999998 55 15.999999999999998 39 13.999999999999998
leaf_count=321 13 16 10 10 11 10 15 55 16 39 14
internal_value=0 7.39809e-05 0.000459583 -2.86627e-05 9.39888e-06 -1.36157e-05 6.12835e-05 -5.9227e-05 -0.00035409 1.42025e-05 -0.00014141
internal_weight=0 148 38 382 342 331 28 110 40 94 24
internal_count=530 148 38 382 342 331 28 110 40 94 24
is_linear=0
shrinkage=0.1


Tree=529
num_leaves=5
num_cat=0
split_feature=45 46 80 32
split_gain=0.000102604 0.000220808 0.000188075 0.000184942
threshold=5.3028591759145582 9.5188769219551848 39.315506526412513 4.9451504953659766
decision_type=2 2 2 2
left_child=1 2 3 -1
right_child=-2 -3 -4 -5
leaf_value=-2.3602994610483988e-05 0.00024170107447870953 -0.00043192240086682433 0.00043146977433934809 0.00021492626289338138
leaf_weight=456 17 11.999999999999998 9.9999999999999982 35
leaf_count=456 17 12 10 35
internal_value=0 -8.00959e-06 2.14401e-06 -6.59989e-06
internal_weight=0 513 501 491
internal_count=530 513 501 491
is_linear=0
shrinkage=0.1


Tree=530
num_leaves=12
num_cat=0
split_feature=88 87 85 66 101 49 88 53 88 35 21
split_gain=0.000102363 0.000519075 0.000659947 0.000599987 0.000536647 0.000851538 0.000350919 0.00135447 0.000317066 0.000305005 0.000298129
threshold=0.56452790820442755 0.54721705926580488 0.56846945541947613 1.0000000180025095e-35 3.5408542930527882 1.700598690831078 0.48190259902034888 1.5119428067218685 0.41772296771466128 3.6762205501217919 3.5694334999727624
decision_type=2 2 2 2 2 2 2 2 2 2 2
left_child=6 2 3 -2 5 -3 8 -8 10 -4 -1
right_child=1 4 9 -5 -6 -7 7 -9 -10 -11 -12
leaf_value=-7.2480996843768565e-05 -1.238926051883027e-06 0.00022054686851333819 0.00011674366542138156 0.00064075270210860007 0.00029788454233382189 -0.00097076744306832561 -0.00092121887816271433 0.00036542934967049711 0.00041323934597635849 -0.00066428707796148964 0.00013197013738265793
leaf_weight=262 24 10.000000000000002 10.000000000000002 37 12.999999999999998 14.999999999999998 18 14.999999999999998 18 9.9999999999999982 98
leaf_count=262 24 10 10 37 13 15 18 15 18 10 98
internal_value=0 8.16734e-05 0.000224724 0.000388166 -0.000223251 -0.000494242 -2.36475e-05 -0.000336379 3.65439e-06 -0.000273772 -1.68249e-05
internal_weight=0 119 81 61 38 25 411 33 378 20 360
internal_count=530 119 81 61 38 25 411 33 378 20 360
is_linear=0
shrinkage=0.1


Tree=531
num_leaves=13
num_cat=0
split_feature=42 42 20 26 46 46 47 43 77 65 34 33
split_gain=9.67555e-05 0.000489678 0.000537668 0.000825345 0.000473488 0.000860418 0.000688877 0.000870968 0.000794948 0.000457804 0.000407553 0.00021361
threshold=8.4756358473943063 8.8350534014812574 3.4498615536424366 8.5681665189468355 8.0940731014520217 8.0405938267077257 4.3819485035697312 4.4601277074540464 1.0986122886681102 3.7575747236883132 8.1028887224174948 3.4811217321331038
decision_type=2 2 2 2 2 2 2 2 2 2 2 2
left_child=4 9 -3 -4 5 10 8 -8 -6 11 -1 -2
right_child=1 2 3 -5 6 -7 7 -9 -10 -11 -12 -13
leaf_value=-1.6878395239942737e-05 -0.00039427176751713792 -0.00061682516563450925 0.00096364607845978107 2.4858945107553157e-05 0.0010393594866198123 -0.00081537166619315171 -0.00079802741180174026 0.00044332007662608078 -7.2659510769881316e-05 -0.00086389319373362616 0.00041086075483084034 9.2908629449084407e-05
leaf_weight=310 18 9.9999999999999982 10.999999999999998 63 18.000000000000004 12.999999999999998 10.000000000000002 12.999999999999998 9.9999999999999982 11.999999999999998 24 18
leaf_count=310 18 10 11 63 18 13 10 13 10 12 24 18
internal_value=0 -7.41916e-05 7.14044e-05 0.000164408 2.46062e-05 -1.72089e-05 0.000309113 -9.63962e-05 0.00064221 -0.000328984 1.38574e-05 -0.000150682
internal_weight=0 132 84 74 398 347 51 23 28 48 334 36
internal_count=530 132 84 74 398 347 51 23 28 48 334 36
is_linear=0
shrinkage=0.1


Tree=532
num_leaves=8
num_cat=0
split_feature=96 18 32 96 86 96 57
split_gain=0.000103286 0.000837243 0.000441286 0.000318252 0.000445003 0.000199643 0.000247802
threshold=4.330646767694998 4.8471850864775066 2.249904835165133 5.5391444897808926 0.33664605071609538 5.6489184425466847 0.81461485922290666
decision_type=2 2 2 2 2 2 2
left_child=1 -1 -3 4 -2 -5 -7
right_child=3 2 -4 5 -6 6 -8
leaf_value=-0.00094428513548336932 0.00065740762100390644 0.00054810652509331684 -0.0002479095368956526 -0.00040969849893978489 -0.00018328800448216498 0.00027182126705156407 -1.6838096486466895e-05
leaf_weight=9.9999999999999982 17.000000000000004 13.000000000000002 14.999999999999998 11.999999999999998 9.9999999999999982 32 421
leaf_count=10 17 13 15 12 10 32 421
internal_value=0 -0.000158845 0.000121669 1.22685e-05 0.000346039 -7.1117e-06 3.55285e-06
internal_weight=0 38 28 492 27 465 453
internal_count=530 38 28 492 27 465 453
is_linear=0
shrinkage=0.1


Tree=533
num_leaves=7
num_cat=0
split_feature=45 33 18 11 33 30
split_gain=9.29847e-05 0.00022182 0.000475672 0.000396433 0.000359261 0.000188859
threshold=5.3028591759145582 4.2696729980286863 8.8031957863788737 4.9416169117544309 4.135134555718313 8.9683302942775107
decision_type=2 2 2 2 2 2
left_child=1 4 -3 -4 5 -1
right_child=-2 2 3 -5 -6 -7
leaf_value=9.0364270627932554e-06 0.00023009224062073321 -0.00072845875984057791 0.00047752887370403519 -0.00024286434602254303 0.00053202145679209095 -0.00041046551407568832
leaf_weight=440 17 12.999999999999998 10.999999999999998 25 12.999999999999998 10.999999999999998
leaf_count=440 17 13 11 25 13 11
internal_value=0 -7.62489e-06 -0.000209975 -2.27442e-05 1.37439e-05 -1.19533e-06
internal_weight=0 513 49 36 464 451
internal_count=530 513 49 36 464 451
is_linear=0
shrinkage=0.1


Tree=534
num_leaves=8
num_cat=0
split_feature=51 49 85 17 85 13 85
split_gain=9.15172e-05 0.000298193 0.000320289 0.000271452 0.000219009 0.000731304 0.000203412
threshold=5.6780422514550422 4.3630783395783075 0.54890568806530171 3.795426061844291 0.54890568806530171 2.8029010331479989 0.48808899996769384
decision_type=2 2 2 2 2 2 2
left_child=1 4 -3 -2 6 -6 -1
right_child=3 2 -4 -5 5 -7 -8
leaf_value=-5.9704127950779469e-06 0.00045581096511644614 0.00013752159196883434 -0.00056166498137539937 -0.00021681080805137755 0.00084487717876282448 3.163295270398423e-05 -0.00034146453146700212
leaf_weight=370 15.000000000000002 10.000000000000002 19 9.9999999999999982 12.999999999999998 74 19
leaf_count=370 15 10 19 10 13 74 19
internal_value=0 -9.24565e-06 -0.000320566 0.000186762 9.72135e-06 0.000153152 -2.2357e-05
internal_weight=0 505 29 25 476 87 389
internal_count=530 505 29 25 476 87 389
is_linear=0
shrinkage=0.1


Tree=535
num_leaves=11
num_cat=0
split_feature=22 22 88 76 18 22 48 2 8 47
split_gain=8.75661e-05 0.00071152 0.000632344 0.000651943 0.00062876 0.000513519 0.000468517 0.000241189 0.000428815 0.000285734
threshold=5.7120799114421201 5.8215644129176907 0.2493053510117233 1.0000000180025095e-35 5.6039197429949557 4.8471850864775066 2.8029010331479989 5.6185859816918615 2.524928003624769 2.9174053685313033
decision_type=2 2 2 2 2 2 2 2 2 2
left_child=2 -2 4 6 5 -1 -4 9 -9 -3
right_child=1 7 3 -5 -6 -7 -8 8 -10 -11
leaf_value=-0.0001298249090002079 -0.0007780288474653692 0.00071000685566104951 0.00031133099029830182 -4.6965277322348864e-05 0.00040153582449420355 -0.00096084538381546736 0.0012793356901966036 -0.00026243092806162464 2.5969761497924574e-05 6.5326335474806413e-05
leaf_weight=29 11.999999999999998 9.9999999999999982 10.000000000000002 17 15.999999999999998 9.9999999999999982 9.9999999999999982 61 333 22
leaf_count=29 12 10 10 17 16 10 10 61 333 22
internal_value=0 -1.86289e-05 8.86897e-05 0.000408331 -0.000126342 -0.000342907 0.000795333 2.76266e-06 -1.86811e-05 0.000266789
internal_weight=0 438 92 37 55 39 20 426 394 32
internal_count=530 438 92 37 55 39 20 426 394 32
is_linear=0
shrinkage=0.1


Tree=536
num_leaves=9
num_cat=0
split_feature=96 18 10 96 86 86 86 101
split_gain=9.27902e-05 0.000632524 0.000354801 0.000263821 0.000326303 0.000168519 0.000207637 0.000151548
threshold=4.330646767694998 4.8471850864775066 6.1002787324210326 5.5391444897808926 0.33664605071609538 0.68763835309583687 0.67726707507441974 2.2499048351651334
decision_type=2 2 2 2 2 2 2 2
left_child=1 -1 -3 4 -2 6 -5 -7
right_child=3 2 -4 5 -6 7 -8 -9
leaf_value=-0.0008332512667402625 0.00058214597006821451 0.00035858551661173497 -0.00038432304398156709 -6.0124094006612223e-06 -0.00013774699531495573 -1.4709994793520303e-05 0.00037247637655430787 -0.00056525178253650664
leaf_weight=9.9999999999999982 17.000000000000004 18.000000000000004 9.9999999999999982 430 9.9999999999999982 10.000000000000002 14.999999999999998 9.9999999999999982
leaf_count=10 17 18 10 430 10 10 15 10
internal_value=0 -0.000150558 9.3261e-05 1.16285e-05 0.000315519 -6.01679e-06 6.74564e-06 -0.000289981
internal_weight=0 38 28 492 27 465 445 20
internal_count=530 38 28 492 27 465 445 20
is_linear=0
shrinkage=0.1


Tree=537
num_leaves=9
num_cat=0
split_feature=9 23 17 21 9 104 57 7
split_gain=8.30622e-05 0.000579746 0.000477445 0.000640193 0.000477113 0.000280583 0.00072292 0.000451804
threshold=1.2424533248940006 2.602003343538398 1.700598690831078 1.2424533248940006 1.4978661367769959 1.2212453270876714e-15 1.7480438975903958 1.2424533248940006
decision_type=2 2 2 2 2 2 2 2
left_child=1 2 3 -1 -2 6 -6 -7
right_child=4 -3 -4 -5 5 7 -8 -9
leaf_value=-6.1597784631885587e-05 0.00061409960482985927 -0.00080587319913320247 -0.00063723837840370836 0.00070346408631719124 0.00098473840102087664 -0.0004515931672832939 -9.9117801073589373e-05 4.6988451326039163e-06
leaf_weight=50 12.999999999999998 9.9999999999999982 9.9999999999999982 13.999999999999998 10.000000000000002 23 15.999999999999998 384
leaf_count=50 13 10 10 14 10 23 16 384
internal_value=0 -9.12203e-05 5.35438e-06 0.000105759 1.71805e-05 -7.40848e-07 0.00031775 -2.10867e-05
internal_weight=0 84 74 64 446 433 26 407
internal_count=530 84 74 64 446 433 26 407
is_linear=0
shrinkage=0.1


Tree=538
num_leaves=8
num_cat=0
split_feature=85 101 101 53 85 57 100
split_gain=8.19154e-05 0.000160578 0.000592352 0.000354462 0.000604619 0.000252325 0.000194108
threshold=0.68988791877841538 4.4942230200312032 4.3819485035697312 2.6935695538214999 0.5204218067884937 3.6764629585292257 5.7698810594618948
decision_type=2 2 2 2 2 2 2
left_child=1 2 6 4 -3 -5 -1
right_child=-2 3 -4 5 -6 -7 -8
leaf_value=1.4679324873266245e-05 -0.00020388181253924573 -4.1068428590034055e-05 -0.00070819882384967061 -0.00034151715626649096 0.00092339125627544354 0.00014745935547961705 -0.00043116208626088338
leaf_weight=416 19 13.000000000000002 11.999999999999998 15.999999999999998 12.999999999999998 31 9.9999999999999982
leaf_count=416 19 13 12 16 13 31 10
internal_value=0 7.58073e-06 -1.53046e-05 0.000144893 0.000441161 -1.90007e-05 4.21356e-06
internal_weight=0 511 438 73 26 47 426
internal_count=530 511 438 73 26 47 426
is_linear=0
shrinkage=0.1


Tree=539
num_leaves=6
num_cat=0
split_feature=21 18 100 16 97
split_gain=8.254e-05 0.000240736 0.000216045 0.000253877 0.000207431
threshold=5.4160905255636633 9.5188769219551848 5.9476940157565394 4.5798392285869785 5.4636881475041514
decision_type=2 2 2 2 2
left_child=1 2 4 -4 -1
right_child=-2 -3 3 -5 -6
leaf_value=1.7600010396958883e-06 0.00027107014744119211 -0.00040052660566288986 0.00062314478224531427 2.2391876144170326e-05 -0.00037612479519642269
leaf_weight=460 10.999999999999998 14.999999999999998 12.000000000000002 17 14.999999999999998
leaf_count=460 11 15 12 17 15
internal_value=0 -5.74522e-06 6.00422e-06 0.000270979 -1.01732e-05
internal_weight=0 519 504 29 475
internal_count=530 519 504 29 475
is_linear=0
shrinkage=0.1


Tree=540
num_leaves=5
num_cat=0
split_feature=45 17 23 37
split_gain=8.62683e-05 0.000213464 0.000312468 0.00028897
threshold=5.3028591759145582 5.4160905255636633 5.8997622255478577 4.3882378946731615
decision_type=2 2 2 2
left_child=1 2 3 -1
right_child=-2 -3 -4 -5
leaf_value=9.4951018348644086e-06 0.00022162664441994449 -0.0004648411419475451 0.00052886556844565676 -0.0003107833194371779
leaf_weight=462 17 9.9999999999999982 10.999999999999998 30
leaf_count=462 17 10 11 30
internal_value=0 -7.34435e-06 1.75101e-06 -1.00341e-05
internal_weight=0 513 503 492
internal_count=530 513 503 492
is_linear=0
shrinkage=0.1


Tree=541
num_leaves=8
num_cat=0
split_feature=22 22 26 30 36 7 15
split_gain=8.9834e-05 0.000856508 0.000647115 0.000394193 0.000524546 0.000340022 0.000402119
threshold=8.4149412149085823 8.5096593973617747 8.4149412149085823 8.3890118165967387 3.8393944990995772 4.2835627800822236 4.7405652883788738
decision_type=2 2 2 2 2 2 2
left_child=2 -2 3 4 -1 -3 -7
right_child=1 5 -4 -5 -6 6 -8
leaf_value=1.0800457569657314e-05 0.00087666200148911835 0.00038234229080109418 -0.00081853528681676837 0.00056043090589810165 -0.00045502889790021491 -0.00053904225351288917 4.5692789966439137e-06
leaf_weight=344 11.999999999999998 19 9.9999999999999982 11.999999999999998 26 15.999999999999998 91
leaf_count=344 12 19 10 12 26 16 91
internal_value=0 6.93882e-05 -2.44275e-05 -3.63933e-06 -2.19335e-05 -7.49499e-06 -7.67184e-05
internal_weight=0 138 392 382 370 126 107
internal_count=530 138 392 382 370 126 107
is_linear=0
shrinkage=0.1


Tree=542
num_leaves=10
num_cat=0
split_feature=41 37 32 101 101 21 36 36 38
split_gain=8.71305e-05 0.000520642 0.000369615 0.000368161 0.000716645 0.000322746 0.000291876 0.000882397 0.000744553
threshold=2.6735537653587347 2.249904835165133 3.6762205501217919 3.0677824455408698 3.5694334999727624 2.8617925509761908 3.3497501700808394 3.5972184255501678 7.8363647651728687
decision_type=2 2 2 2 2 2 2 2 2
left_child=2 -2 3 5 -5 -1 8 -8 -3
right_child=1 6 -4 4 -6 -7 7 -9 -10
leaf_value=-4.4413766227080492e-05 0.00071131016699258582 1.4311284758150579e-06 -0.00061125106770883912 0.00077087010577088228 -2.3899126550438666e-05 -0.00050370156908791303 0.00058962997126010515 -1.1688469084650647e-05 -0.00082186352644514826
leaf_weight=153 10.999999999999998 51 10.999999999999998 15.999999999999998 39 17 28 190 13.999999999999998
leaf_count=153 11 51 11 16 39 17 28 190 14
internal_value=0 3.6327e-05 -4.52548e-05 -1.75839e-05 0.000207306 -9.03425e-05 1.00909e-05 6.55451e-05 -0.000175894
internal_weight=0 294 236 225 55 170 283 218 65
internal_count=530 294 236 225 55 170 283 218 65
is_linear=0
shrinkage=0.1


Tree=543
num_leaves=10
num_cat=0
split_feature=5 104 5 9 68 45 15 70 100
split_gain=8.53153e-05 0.000602558 0.000372165 0.000381256 0.000658945 0.000503192 0.000344486 0.000331628 0.000444894
threshold=3.3842466058243152 3.7256208424938388 3.5114340430413216 3.5972184255501678 4.2190915858887967 2.9174053685313028 4.1820210059610323 3.802948177271793 5.1059271080903725
decision_type=2 2 2 2 2 2 2 2 2
left_child=1 7 6 5 -5 -4 -2 8 -1
right_child=2 -3 3 4 -6 -7 -8 -9 -10
leaf_value=-5.2708171842765021e-06 -2.5575051549822084e-05 -0.00067139980715832546 -0.00070156594520085478 0.00058486735769769274 -2.8761118221501376e-05 0.00015506773585608852 0.00074289597418848122 -0.00047841693574030486 0.00059183161401261508
leaf_weight=311 10.000000000000002 13.999999999999998 16.000000000000004 21 105 11.999999999999998 13.999999999999998 13.999999999999998 12.999999999999998
leaf_count=311 10 14 16 21 105 12 14 14 13
internal_value=0 -2.85308e-05 5.64205e-05 -6.61982e-07 7.35103e-05 -0.000334437 0.0004227 -1.90311e-06 1.8687e-05
internal_weight=0 352 178 154 126 28 24 338 324
internal_count=530 352 178 154 126 28 24 338 324
is_linear=0
shrinkage=0.1


Tree=544
num_leaves=12
num_cat=0
split_feature=68 68 39 36 98 98 36 100 67 3 61
split_gain=7.77914e-05 0.00107251 0.000410288 0.000456751 0.000308996 0.000531726 0.00112961 0.000733619 0.000462585 0.000243974 0.000243004
threshold=2.9732350229833044 2.9251019346482314 3.2769667020129059 1.8688348091416842 1.7005986908310777 1.2424533248940004 3.4175922930736511 4.5798392285869785 3.5114340430413216 2.8617925509761908 1.9362424430189262
decision_type=2 2 2 2 2 2 2 2 2 2 2
left_child=1 2 3 -1 5 7 -7 -2 9 -6 -10
right_child=4 -3 -4 -5 8 6 -8 -9 10 -11 -12
leaf_value=1.9291576568256987e-05 0.00014682474016231803 -0.00096671539358794689 -0.00056628290214575825 0.00071179405997761269 -0.00084836090682074397 -8.9453459562112864e-06 0.0013252159257800405 -0.00072288314642553978 0.00042075320435777447 -0.00014982818334829061 -2.1733694739206814e-05
leaf_weight=71 82 11.999999999999998 9.9999999999999982 10.999999999999998 10.000000000000002 15.000000000000002 10.999999999999998 10.999999999999998 12.999999999999998 9.9999999999999982 274
leaf_count=71 82 12 10 11 10 15 11 11 13 10 274
internal_value=0 -7.75382e-05 3.84414e-05 0.000112188 1.89295e-05 0.000155724 0.000555507 4.39561e-05 -3.40949e-05 -0.000499095 -1.69073e-06
internal_weight=0 104 92 82 426 119 26 93 307 20 287
internal_count=530 104 92 82 426 119 26 93 307 20 287
is_linear=0
shrinkage=0.1


Tree=545
num_leaves=8
num_cat=0
split_feature=86 5 104 80 50 70 50
split_gain=8.17522e-05 0.000102313 0.000490646 0.000308185 0.000302094 0.000271344 0.000182983
threshold=0.69099487511415081 3.3842466058243152 3.7256208424938388 1.9321161707958991 8.8350534014812574 3.802948177271793 7.566306192404392
decision_type=2 2 2 2 2 2 2
left_child=1 2 5 4 -3 -1 -5
right_child=-2 3 -4 6 -6 -7 -8
leaf_value=1.8360837693474005e-05 -0.00024767682614485522 0.00022287326374498663 -0.00060524706828540993 2.5372561261368287e-05 -8.0212966000841828e-05 -0.00043156249116041835 -0.00051614563339031662
leaf_weight=315 12.999999999999998 100 13.999999999999998 12.000000000000002 49 13.999999999999998 12.999999999999998
leaf_count=315 13 100 14 12 49 14 13
internal_value=0 6.22785e-06 -2.54568e-05 6.86866e-05 0.000123201 -7.84836e-07 -0.000256217
internal_weight=0 517 343 174 149 329 25
internal_count=530 517 343 174 149 329 25
is_linear=0
shrinkage=0.1


Tree=546
num_leaves=6
num_cat=0
split_feature=99 44 44 53 84
split_gain=8.66338e-05 0.000174987 0.000140652 0.000523301 0.000167028
threshold=5.1444770070688017 5.814019136035367 5.2257322209664565 1.5119428067218517 0.67531773170116216
decision_type=2 2 2 2 2
left_child=1 2 4 -4 -1
right_child=-2 -3 3 -5 -6
leaf_value=6.6110548257231612e-06 0.00027771097904240544 -0.00042015061102574692 -0.00019564161921152841 0.00078384070715401325 -0.00022975165347816073
leaf_weight=455 10.999999999999998 9.9999999999999982 12.000000000000002 9.9999999999999982 32
leaf_count=455 11 10 12 10 32
internal_value=0 -5.88598e-06 2.25282e-06 0.000249578 -8.91997e-06
internal_weight=0 519 509 22 487
internal_count=530 519 509 22 487
is_linear=0
shrinkage=0.1


Tree=547
num_leaves=9
num_cat=0
split_feature=96 89 44 86 96 5 96 101
split_gain=8.13295e-05 0.00047623 0.000516244 0.000198724 0.000215786 0.000346943 0.000169037 0.00010169
threshold=4.330646767694998 0.35192794872177058 2.0126758453675748 0.68763835309583687 5.5391444897808926 1.8688348091416844 5.6732701237373151 2.2499048351651334
decision_type=2 2 2 2 2 2 2 2
left_child=1 2 -1 4 5 -2 -6 -5
right_child=3 -3 -4 7 6 -7 -8 -9
leaf_value=0.00066318758747001966 -8.4892070541779188e-06 -0.00066204351945392168 -0.00025272492730437078 -8.028358934097922e-05 -0.00032204346183182988 0.00073090092787011108 1.9456668568911778e-05 -0.00052089221309870482
leaf_weight=10.000000000000002 15.000000000000002 11.999999999999998 15.999999999999998 11.000000000000002 14.999999999999998 10.999999999999998 430 9.9999999999999982
leaf_count=10 15 12 16 11 15 11 430 10
internal_value=0 -0.000140954 9.95491e-05 1.08867e-05 2.43063e-05 0.00030433 7.94543e-06 -0.000290097
internal_weight=0 38 26 492 471 26 445 21
internal_count=530 38 26 492 471 26 445 21
is_linear=0
shrinkage=0.1


Tree=548
num_leaves=6
num_cat=0
split_feature=84 89 65 13 65
split_gain=7.71032e-05 0.000124701 0.000129814 0.000429501 0.000358607
threshold=0.69183111499432737 0.68714873750689331 2.1830610728485409 3.0201273556387074 2.3177628202545173
decision_type=2 2 2 2 2
left_child=1 2 3 -1 -4
right_child=-2 -3 4 -5 -6
leaf_value=-1.6468302862287335e-05 -0.00025059514725095746 0.0002721626919725061 0.000420680408735114 -0.00052573059863214827 3.7422902232307775e-06
leaf_weight=129 11.999999999999998 17 22 19 331
leaf_count=129 12 17 22 19 331
internal_value=0 5.80529e-06 -3.23279e-06 -8.18466e-05 2.97271e-05
internal_weight=0 518 501 148 353
internal_count=530 518 501 148 353
is_linear=0
shrinkage=0.1


Tree=549
num_leaves=10
num_cat=0
split_feature=34 34 34 36 32 40 40 28 40
split_gain=7.53241e-05 0.00120174 0.000461008 0.000279361 0.000632957 0.000557998 0.000189839 0.000464921 0.000408222
threshold=7.2754532773251155 7.3465451993519082 7.0444416188210859 3.0201273556387074 2.524928003624769 3.3842466058243152 3.0677824455408698 2.9174053685313028 2.6735537653587347
decision_type=2 2 2 2 2 2 2 2 2
left_child=2 -2 6 4 -3 -5 8 -8 -1
right_child=1 3 -4 5 -6 -7 7 -9 -10
leaf_value=2.0313641229188095e-05 0.0011106268095318228 0.00022177520816815864 -0.00054442678126232586 0.00042976232981903106 -0.00063755549861525655 -2.2543815508732722e-05 -0.00024387656277130264 0.00061204580260285492 -0.00041438526241108778
leaf_weight=159 9.9999999999999982 14.999999999999998 17 31 20 227 11.000000000000002 14.999999999999998 25
leaf_count=159 10 15 17 31 20 227 11 15 25
internal_value=0 3.26303e-05 -4.35549e-05 -4.16142e-06 -0.000269271 3.1803e-05 -3.00818e-06 0.000249925 -3.87487e-05
internal_weight=0 303 227 293 35 258 210 26 184
internal_count=530 303 227 293 35 258 210 26 184
is_linear=0
shrinkage=0.1


Tree=550
num_leaves=9
num_cat=0
split_feature=66 26 50 50 17 17 11 34
split_gain=7.78328e-05 0.000477492 0.000328609 0.000350089 0.000314587 0.000614979 0.000382205 0.000313236
threshold=3.6242520361853052 8.4149412149085823 8.7949003355510769 8.9316746038133203 4.3241107269113215 4.0163424379838117 4.4127799275304271 8.9683302942775107
decision_type=2 2 2 2 2 2 2 2
left_child=4 -2 7 -4 5 6 -1 -3
right_child=1 2 3 -5 -6 -7 -8 -9
leaf_value=7.5260772790818963e-06 0.00073610518018540471 -0.00038127818864908212 0.00068909648689441372 -2.5429037668800448e-05 -0.00048385818829826477 0.00062681717972736808 -0.00031088732385320503 0.0001050228981302308
leaf_weight=368 9.9999999999999982 27 12.000000000000002 15.999999999999998 13.999999999999998 14.999999999999998 42 26
leaf_count=368 10 27 12 16 14 15 42 26
internal_value=0 8.41696e-05 3.68367e-06 0.000280796 -1.74474e-05 -2.08333e-06 -2.50919e-05 -0.000142715
internal_weight=0 91 81 28 439 425 410 53
internal_count=530 91 81 28 439 425 410 53
is_linear=0
shrinkage=0.1


Tree=551
num_leaves=11
num_cat=0
split_feature=80 99 52 0 97 52 0 77 75 53
split_gain=7.79327e-05 0.000369387 0.000664279 0.000573057 0.000512638 0.000498766 0.000314182 0.000200258 0.000423073 0.00041866
threshold=1.0000000180025095e-35 0.69314718055994573 2.9311048556253598 2.524928003624769 2.524928003624769 3.1462473185396322 2.524928003624769 3.7494348669884658 3.0201273556387074 2.5107131538834042
decision_type=2 2 2 2 2 2 2 2 2 2
left_child=7 3 6 -2 -5 -4 -3 8 9 -1
right_child=1 2 5 4 -6 -7 -8 -9 -10 -11
leaf_value=-8.0970453745231078e-05 0.00098670485633192587 -0.00015760653203709377 0.00069149710301038192 0.00055644085540817187 -0.00040899618867446083 2.2460393176096171e-05 -0.00081066945791602712 -0.00035696303966687993 0.00045614809172952347 0.00039493731488619236
leaf_weight=244 9.9999999999999982 17.000000000000004 11.999999999999998 11.000000000000002 10.999999999999998 156 12.999999999999998 18 18 20
leaf_count=244 10 17 12 11 11 156 13 18 18 20
internal_value=0 4.37944e-05 -7.15266e-06 0.000359029 7.37223e-05 7.02487e-05 -0.0004406 -3.35757e-05 -1.2934e-05 -4.49168e-05
internal_weight=0 230 198 32 22 168 30 300 282 264
internal_count=530 230 198 32 22 168 30 300 282 264
is_linear=0
shrinkage=0.1


Tree=552
num_leaves=11
num_cat=0
split_feature=19 27 11 9 5 23 42 86 87 99
split_gain=8.00598e-05 0.000471042 0.00074511 0.000561645 0.000503911 0.000310435 0.000455224 0.000428795 0.000389154 0.000387813
threshold=3.4152368433293397e-18 0.34657359027997314 1.4978661367769959 0.69314718055994551 1.2424533248940006 1.5937771935536918e-17 7.2754532773251155 0.24928733333188283 0.022289016848914333 1.7005986908310777
decision_type=2 2 2 2 2 2 2 2 2 2
left_child=5 2 -2 -3 -5 6 9 -7 -8 -1
right_child=1 3 -4 4 -6 7 8 -9 -10 -11
leaf_value=-0.00046928290539653976 0.00093161329880656117 -0.0006121780343528371 -6.7343673435971141e-05 0.00052817801705613322 -1.2967191750786508e-05 2.9850353312212966e-05 0.00080081225711513618 -0.00089621095219627022 -4.0349070596593353e-05 0.00022569262932497971
leaf_weight=21 14.000000000000002 14.999999999999998 15.999999999999998 18 391 10.000000000000002 11.000000000000002 9.9999999999999982 10.999999999999998 12.999999999999998
leaf_count=21 14 15 16 18 391 10 11 10 11 13
internal_value=0 1.59019e-05 0.000398836 -1.11925e-05 1.08485e-05 -9.49927e-05 2.57885e-05 -0.00043318 0.000380232 -0.000203557
internal_weight=0 454 30 424 409 76 56 20 22 34
internal_count=530 454 30 424 409 76 56 20 22 34
is_linear=0
shrinkage=0.1


Tree=553
num_leaves=8
num_cat=0
split_feature=23 29 103 7 1 9 104
split_gain=8.48453e-05 0.000573321 0.000371836 0.000551777 0.000301375 0.000255218 0.00030874
threshold=0.69314718055994573 2.4414009612931857 4.2413008733233104 7.1150767569361238e-19 1.0000000180025095e-35 1.2424533248940006 1.2212453270876714e-15
decision_type=2 2 2 2 2 2 2
left_child=1 2 3 -1 -2 -6 -7
right_child=4 -3 -4 -5 5 6 -8
leaf_value=0.00017294571322096555 0.00044534690809996393 -0.00067635570646546383 0.00055645902387120507 -0.00036613457311485787 -0.00040191213134676223 0.00042294915458316814 -9.2377844468938031e-07
leaf_weight=43 15.999999999999998 13.999999999999998 10.999999999999998 34 14.999999999999998 18 379
leaf_count=43 16 14 11 34 15 18 379
internal_value=0 -8.19592e-05 1.26039e-05 -6.50897e-05 1.95323e-05 2.99585e-06 1.82946e-05
internal_weight=0 102 88 77 428 412 397
internal_count=530 102 88 77 428 412 397
is_linear=0
shrinkage=0.1


Tree=554
num_leaves=11
num_cat=0
split_feature=3 97 57 15 20 63 37 49 53 87
split_gain=8.16713e-05 0.000415482 0.000621279 0.000345825 0.000494565 0.000481718 0.000412928 0.000200502 0.00038687 0.000285226
threshold=2.524928003624769 2.7058230259275202 1.8239285224305608 2.9174053685313033 3.3140206880897671 3.4811217321331038 3.2769667020129059 2.1383330595080285 1.6568253193173701 0.053353963967756303
decision_type=2 2 2 2 2 2 2 2 2 2
left_child=3 2 -2 4 5 -1 -5 8 -3 -9
right_child=1 7 -4 6 -6 -7 -8 9 -10 -11
leaf_value=1.0087064325606691e-06 0.00078173139470035327 -0.00041058042902477612 -0.00013661772961943197 -0.00089638482939335495 0.00054750279077173526 -0.00066252702620962127 -7.7234268428583166e-05 0.00013734525963159146 7.0492545866207882e-05 -7.3865677915173662e-05
leaf_weight=124 17.000000000000004 32 12.999999999999998 10.000000000000002 14.999999999999998 11.999999999999998 15.999999999999998 132 35 124
leaf_count=124 17 32 13 10 15 12 16 132 35 124
internal_value=0 2.77969e-05 0.00038378 -5.54367e-05 2.56488e-06 -5.75386e-05 -0.000392292 -5.26658e-06 -0.000159274 3.504e-05
internal_weight=0 353 30 177 151 136 26 323 67 256
internal_count=530 353 30 177 151 136 26 323 67 256
is_linear=0
shrinkage=0.1


Tree=555
num_leaves=11
num_cat=0
split_feature=11 49 48 61 15 55 102 55 20 51
split_gain=8.12013e-05 0.000307135 0.000347466 0.00041184 0.000354046 0.000241992 0.000695502 0.00062514 0.000620696 0.000398117
threshold=2.3502401828962087 3.2384861814448418 3.1567740231385479 2.3461028674448139 2.3502401828962087 1.8688348091416842 1.8688348091416846 1.4978661367769959 2.8029010331479989 2.3502401828962087
decision_type=2 2 2 2 2 2 2 2 2 2
left_child=1 2 4 -4 -1 7 9 -2 -8 -7
right_child=5 -3 3 -5 -6 6 8 -9 -10 -11
leaf_value=-1.9948249542416048e-05 -3.3109204057262479e-05 -0.0005243358560479605 0.00065451991938364994 -0.00017397270508809015 -0.00050943138930426143 -0.00091389882357113751 0.00044838078739953095 0.00094370268052443871 1.4554213264598049e-08 -0.00019197700507356786
leaf_weight=113 19.000000000000004 12.999999999999998 15.000000000000002 9.9999999999999982 17 10.999999999999998 35 9.9999999999999982 262 25
leaf_count=113 19 13 15 10 17 11 35 10 262 25
internal_value=0 -5.7457e-05 -1.82994e-05 0.000323123 -8.39576e-05 2.66651e-05 2.53702e-06 0.000303722 5.28523e-05 -0.000412564
internal_weight=0 168 155 25 130 362 333 29 297 36
internal_count=530 168 155 25 130 362 333 29 297 36
is_linear=0
shrinkage=0.1


Tree=556
num_leaves=10
num_cat=0
split_feature=23 29 103 7 1 60 1 5 10
split_gain=7.45037e-05 0.000462082 0.000301109 0.000461215 0.000252963 0.000310085 0.000256586 0.000701488 0.000360927
threshold=0.69314718055994573 2.4414009612931857 4.2413008733233104 7.1150767569361238e-19 9.5756735873919732e-16 2.1473655632068476 1.700598690831078 1.2424533248940006 5.5391444897808926
decision_type=2 2 2 2 2 2 2 2 2
left_child=1 2 3 -1 5 -2 7 -6 -8
right_child=4 -3 -4 -5 6 -7 8 -9 -10
leaf_value=0.00015580430599795872 -2.6865009303120043e-05 -0.00061042795381841387 0.00049749898131598135 -0.00033705566630113244 0.00034883727247898399 0.00072399502969346943 0.00052394663964930386 -0.00055681228672619905 6.2586151766044873e-06
leaf_weight=43 11.000000000000002 13.999999999999998 10.999999999999998 34 12.999999999999998 10.999999999999998 13.999999999999998 25 354
leaf_count=43 11 14 11 34 13 11 14 25 354
internal_value=0 -7.68021e-05 8.09297e-06 -6.18222e-05 1.83033e-05 0.000348565 4.0734e-07 -0.000246985 2.59533e-05
internal_weight=0 102 88 77 428 22 406 38 368
internal_count=530 102 88 77 428 22 406 38 368
is_linear=0
shrinkage=0.1


Tree=557
num_leaves=11
num_cat=0
split_feature=100 45 74 29 100 16 104 0 9 102
split_gain=7.16957e-05 0.000514955 0.000594961 0.000447179 0.000225288 0.000398415 0.000207158 0.000166078 0.000610663 0.000419366
threshold=1.8688348091416842 1.700598690831078 0.55161561726220232 2.4414009612931857 2.6735537653587351 1.4978661367769959 1.2212453270876714e-15 1.162264728904461e-16 2.3502401828962087 1.8688348091416846
decision_type=2 2 2 2 2 2 2 2 2 2
left_child=1 2 -1 6 5 -2 -3 8 -6 -9
right_child=4 3 -4 -5 7 -7 -8 9 -10 -11
leaf_value=-0.00088686094802272082 -0.00021725254831835621 0.00059618502071998578 7.2708394145593044e-05 -0.00032797204663178757 0.0004517642605260962 0.00056999358639586717 1.5985155187081546e-05 -0.00029832907695185435 -0.00031780559052094762 1.4476142444154957e-05
leaf_weight=14.000000000000002 10.000000000000002 16.000000000000004 11.999999999999998 13.999999999999998 29 18 9.9999999999999982 49 15.999999999999998 342
leaf_count=14 10 16 12 14 29 18 10 49 16 342
internal_value=0 -9.75204e-05 -0.000443983 0.00012768 1.38714e-05 0.000288834 0.000373031 -3.78672e-06 0.000178139 -2.47245e-05
internal_weight=0 66 26 40 464 28 26 436 45 391
internal_count=530 66 26 40 464 28 26 436 45 391
is_linear=0
shrinkage=0.1


Tree=558
num_leaves=8
num_cat=0
split_feature=96 89 44 2 14 14 13
split_gain=8.76303e-05 0.000406047 0.000368882 0.000152343 0.000113846 0.000362026 0.000360648
threshold=4.330646767694998 0.35192794872177058 2.0126758453675748 4.996846910211139 5.5154246272451131 5.6185859816918615 1.8688348091416844
decision_type=2 2 2 2 2 2 2
left_child=1 2 -1 -2 6 -6 -5
right_child=3 -3 -4 4 5 -7 -8
leaf_value=0.00055221320071723295 0.00032509232095132273 -0.00062747543173221254 -0.00022201778328962974 3.5319066713176045e-05 0.00060982315801084042 1.2292085500707202e-06 -0.00067946632974781097
leaf_weight=10.000000000000002 14.999999999999998 11.999999999999998 15.999999999999998 24 9.9999999999999982 433 9.9999999999999982
leaf_count=10 15 12 16 24 10 433 10
internal_value=0 -0.000146312 7.57634e-05 1.13005e-05 1.43286e-06 1.49672e-05 -0.000174912
internal_weight=0 38 26 492 477 443 34
internal_count=530 38 26 492 477 443 34
is_linear=0
shrinkage=0.1


Tree=559
num_leaves=11
num_cat=0
split_feature=99 53 57 49 51 5 84 19 29 102
split_gain=7.53395e-05 0.000333778 0.000455098 0.00033225 0.000603019 0.000359681 0.000310384 0.000533938 0.000424871 0.000340804
threshold=1.1858461261560207e-19 1.0000000180025095e-35 0.79113330590631492 2.0126758453675753 3.4498615536424366 3.3842466058243152 0.15978469646755555 2.524928003624769 2.9174053685313028 1.0000000180025095e-35
decision_type=2 2 2 2 2 2 2 2 2 2
left_child=6 2 -2 5 -5 -3 7 9 -8 -1
right_child=1 3 -4 4 -6 -7 8 -9 -10 -11
leaf_value=-0.00038870258550045752 0.00078495504052485685 -0.00024783290813671602 -3.6717039932097709e-05 0.00033410185856761626 -2.2038367856370173e-05 0.00018999179319507676 0.00069650322918526127 -0.00085444594151340425 -0.00014793150050816342 8.1070588388916184e-05
leaf_weight=23 13.000000000000002 86 13.999999999999998 60 229 24 11.000000000000002 9.9999999999999982 12.999999999999998 47
leaf_count=23 13 86 14 60 229 24 11 10 13 47
internal_value=0 1.86288e-05 0.000358903 -4.39725e-06 5.19008e-05 -0.000152308 -7.63065e-05 -0.000170929 0.000239101 -7.32835e-05
internal_weight=0 426 27 399 289 110 104 80 24 70
internal_count=530 426 27 399 289 110 104 80 24 70
is_linear=0
shrinkage=0.1


Tree=560
num_leaves=5
num_cat=0
split_feature=47 45 17 23
split_gain=7.9333e-05 0.000192266 0.000187675 0.000244726
threshold=6.4216103699850091 5.24435769543829 5.4160905255636633 5.8997622255478577
decision_type=2 2 2 2
left_child=1 2 3 -1
right_child=-2 -3 -4 -5
leaf_value=-4.5716577941607853e-06 -0.00023488199159536245 0.00041996855923736643 -0.00043153990758582951 0.00047243408520113335
leaf_weight=484 13.999999999999998 10.999999999999998 9.9999999999999982 10.999999999999998
leaf_count=484 14 11 10 11
internal_value=0 6.37277e-06 -2.63625e-06 6.02847e-06
internal_weight=0 516 505 495
internal_count=530 516 505 495
is_linear=0
shrinkage=0.1


Tree=561
num_leaves=7
num_cat=0
split_feature=99 5 3 3 100 96
split_gain=7.77231e-05 0.000162208 0.000174513 0.000336371 0.000276136 0.000164515
threshold=5.1444770070688017 4.7621374077860157 5.0106130713801926 5.2094712223428914 5.7557372063514576 9.4594425831919864
decision_type=2 2 2 2 2 2
left_child=1 2 4 -4 -1 -3
right_child=-2 5 3 -5 -6 -7
leaf_value=2.5685207011849878e-06 0.00026304157006300309 -0.00048147337157778162 0.00064766311891920243 3.1836571040056534e-05 -0.00043385773218081641 3.5315010675483131e-05
leaf_weight=433 10.999999999999998 14.000000000000002 11.999999999999998 34 14.999999999999998 10.999999999999998
leaf_count=433 11 14 12 34 15 11
internal_value=0 -5.57506e-06 7.00143e-06 0.000192487 -1.2044e-05 -0.000254086
internal_weight=0 519 494 46 448 25
internal_count=530 519 494 46 448 25
is_linear=0
shrinkage=0.1


Tree=562
num_leaves=6
num_cat=0
split_feature=31 34 51 72 49
split_gain=7.31524e-05 0.000202593 0.000117263 0.000346727 0.000225807
threshold=6.4800257426481824 9.6133219892231541 5.6780422514550422 0.079257161557515846 4.3630783395783075
decision_type=2 2 2 2 2
left_child=1 2 4 -4 -1
right_child=-2 -3 3 -5 -6
leaf_value=1.0281509152439086e-05 0.00025518996408209206 -0.00045115496468497442 0.00066405839577782884 -0.0001332283295293261 -0.00027745917393296056
leaf_weight=458 10.999999999999998 9.9999999999999982 10.000000000000002 11.999999999999998 29
leaf_count=458 11 10 10 12 29
internal_value=0 -5.40865e-06 3.34864e-06 0.000229175 -6.85295e-06
internal_weight=0 519 509 22 487
internal_count=530 519 509 22 487
is_linear=0
shrinkage=0.1


Tree=563
num_leaves=12
num_cat=0
split_feature=95 53 89 14 103 51 98 103 101 53 9
split_gain=7.47086e-05 0.000499777 0.000355149 0.000650545 0.000304488 0.000845702 0.000408532 0.000298675 0.000266806 0.000254028 0.000185957
threshold=1.8688348091416844 1.6568253193173852 0.30486309676337192 5.5702057285008761 6.0715321659188238e-16 3.3497501700808394 3.0677824455408698 2.7058230259275207 3.6505739029280164 2.088285792223123 1.4978661367769959
decision_type=2 2 2 2 2 2 2 2 2 2 2
left_child=1 2 8 -4 5 -2 -7 -6 -1 -3 -9
right_child=4 9 3 -5 7 6 -8 10 -10 -11 -12
leaf_value=0.0002488780645366871 0.00076806898133853756 -0.00087734388420358269 -0.00079489755265128154 6.6126243392419497e-05 -0.00052127730609341104 -0.00061476344621041773 0.00025066996652943393 0.00034095784913006359 -0.00031187985819997266 -0.00018095154022872026 -8.0035770604727478e-06
leaf_weight=56 19 10.000000000000002 12.999999999999998 27 10.999999999999998 10.000000000000002 11.999999999999998 15.999999999999998 9.9999999999999982 10.999999999999998 335
leaf_count=56 19 10 13 27 11 10 12 16 10 11 335
internal_value=0 -6.68803e-05 2.14162e-05 -0.000213706 2.10764e-05 0.000279359 -0.000142709 -8.17658e-06 0.000163915 -0.000512567 7.9035e-06
internal_weight=0 127 106 40 403 41 22 362 66 21 351
internal_count=530 127 106 40 403 41 22 362 66 21 351
is_linear=0
shrinkage=0.1


Tree=564
num_leaves=10
num_cat=0
split_feature=89 45 34 32 95 15 29 104 57
split_gain=7.3882e-05 0.0003212 0.000299231 0.000421405 0.000243735 0.000580753 0.000485299 0.000423289 0.000282586
threshold=0.19942679443578884 5.3028591759145582 9.2107883712129119 4.867504863781412 1.8688348091416844 2.249904835165133 1.1362438767648089e-16 1.2424533248940006 3.0658731623425326
decision_type=2 2 2 2 2 2 2 2 2
left_child=1 2 3 -1 5 6 -2 -6 -9
right_child=4 -3 -4 -5 7 -7 -8 8 -10
leaf_value=-6.0430482907584189e-05 -0.0004431930438537772 0.00052436953526921579 -0.0005409786754171364 0.00048456596375520656 0.00057579591178663961 -0.0005882796310623618 0.00032110835869658601 0.00013068043547125697 -0.00017509102705467165
leaf_weight=262 11.999999999999998 9.9999999999999982 11.999999999999998 14.999999999999998 17 19 27 115 41
leaf_count=262 12 10 12 15 17 19 27 115 41
internal_value=0 -3.28172e-05 -5.2097e-05 -3.0918e-05 4.24777e-05 -0.000134926 8.59387e-05 0.000101954 5.03174e-05
internal_weight=0 299 289 277 231 58 39 173 156
internal_count=530 299 289 277 231 58 39 173 156
is_linear=0
shrinkage=0.1


Tree=565
num_leaves=11
num_cat=0
split_feature=99 103 59 59 53 57 49 99 56 52
split_gain=8.06949e-05 0.000253378 0.000442105 0.000454087 0.000247936 0.000370278 0.000275133 0.000489427 0.000316449 0.000179867
threshold=1.1858461261560207e-19 4.7050052835523761 1.4978661367769959 0.69314718055994562 1.0000000180025095e-35 0.79113330590631492 2.0126758453675753 1.1657341758564138e-15 2.9894428824505614 1.4451858789480827
decision_type=2 2 2 2 2 2 2 2 2 2
left_child=1 2 3 -1 5 -2 8 -8 -6 -4
right_child=4 -3 9 -5 6 -7 7 -9 -10 -11
leaf_value=-6.4183352052085948e-05 0.00069685444065656214 -0.00049194042311193282 0.00051332128350622952 -0.00081070081563666468 -0.00031105921678420791 -4.4302189157211355e-05 0.00073804563377052553 2.6027744640216509e-05 2.8388682408388518e-05 6.4245071685449656e-05
leaf_weight=44 13.000000000000002 12.999999999999998 14.999999999999998 9.9999999999999982 53 13.999999999999998 9.9999999999999982 279 57 22
leaf_count=44 13 13 15 10 53 14 10 279 57 22
internal_value=0 -7.8972e-05 -1.99765e-05 -0.000202427 1.92796e-05 0.000312551 -5.65881e-07 5.0665e-05 -0.000135163 0.000246303
internal_weight=0 104 91 54 426 27 399 289 110 37
internal_count=530 104 91 54 426 27 399 289 110 37
is_linear=0
shrinkage=0.1


Tree=566
num_leaves=9
num_cat=0
split_feature=69 101 101 41 60 19 23 36
split_gain=8.28504e-05 0.000589729 0.00063163 0.000408477 0.000306314 0.000145912 0.000578317 0.000369108
threshold=0.9593767796217848 1.0000000180025095e-35 0.89587973461402726 2.249904835165133 1.1190232859282376 2.249904835165133 2.0126758453675753 3.4498615536424366
decision_type=2 2 2 2 2 2 2 2
left_child=1 3 -3 -1 -2 7 -7 -6
right_child=4 2 -4 -5 5 6 -8 -9
leaf_value=-0.00094659501496194417 0.00049155578733636783 0.00076674281577156331 -0.00019508583419438868 -6.3520590774714957e-05 -3.1313131952022859e-05 0.00063819792965659873 3.8048212424299151e-06 -0.00058094691630685704
leaf_weight=11.000000000000002 12.999999999999998 11.000000000000002 18 9.9999999999999982 96 14.999999999999998 342 13.999999999999998
leaf_count=11 13 11 18 10 96 15 342 14
internal_value=0 -0.000122503 0.000169746 -0.000526083 1.27607e-05 -5.67665e-07 3.046e-05 -0.000101267
internal_weight=0 50 29 21 480 467 357 110
internal_count=530 50 29 21 480 467 357 110
is_linear=0
shrinkage=0.1


Tree=567
num_leaves=15
num_cat=0
split_feature=80 99 52 35 52 50 89 1 5 95 53 55 95 86
split_gain=7.3009e-05 0.000265251 0.000410365 0.000379874 0.000371052 0.000259281 0.000229196 0.000207645 0.000505849 0.00044451 0.000304148 0.000390315 0.000324797 0.000270439
threshold=1.0000000180025095e-35 0.69314718055994573 2.9311048556253598 3.7494348669884658 3.1462473185396322 5.8860885991132372 0.089274759505070161 3.2769667020129059 2.9700856263602158 3.2769667020129059 2.5665492523447075 4.6051201834879256 3.9019216517693867 0.68476950597767339
decision_type=2 2 2 2 2 2 2 2 2 2 2 2 2 2
left_child=7 3 5 6 -4 -3 -2 8 13 -10 12 -12 -9 -1
right_child=1 2 4 -5 -6 -7 -8 10 9 -11 11 -13 -14 -15
leaf_value=-7.6826590908319277e-05 -0.00029588735131255809 -4.7479303745300651e-05 0.00059589057940077819 0.00075432259376005586 1.8833260475777284e-05 -0.00063544912288004225 0.00038115844654385 -0.00051866998579615969 0.00013834854478773196 0.00092721692635677755 0.0005461343119598246 -0.00026323182660584844 3.6101813930145002e-05 0.00045715551175817387
leaf_weight=184 10.000000000000002 15.000000000000002 11.999999999999998 11.999999999999998 156 14.999999999999998 9.9999999999999982 31 25 9.9999999999999982 11.000000000000002 12.999999999999998 15.999999999999998 9.9999999999999982
leaf_count=184 10 15 12 12 156 15 10 31 25 10 11 13 16 10
internal_value=0 4.23884e-05 -7.84095e-07 0.000309518 6.00516e-05 -0.000341464 4.26355e-05 -3.24978e-05 1.38268e-05 0.00036374 -0.000181911 0.000107728 -0.000329812 -4.93017e-05
internal_weight=0 230 198 32 168 30 20 300 229 35 71 24 47 194
internal_count=530 230 198 32 168 30 20 300 229 35 71 24 47 194
is_linear=0
shrinkage=0.1


Tree=568
num_leaves=6
num_cat=0
split_feature=47 38 38 13 21
split_gain=6.90121e-05 0.000142393 0.000116827 0.000223197 0.000170133
threshold=6.4216103699850091 9.6133219892231541 9.158047031070609 3.7726948748059121 3.5694334999727624
decision_type=2 2 2 2 2
left_child=1 2 4 -4 -1
right_child=-2 -3 3 -5 -6
leaf_value=-2.4179859600881076e-05 -0.00021907129537014825 0.00036187785656445411 0.00010337455790828572 -0.0005202466418268159 0.00011605795678132487
leaf_weight=369 13.999999999999998 10.999999999999998 11.000000000000002 11.999999999999998 113
leaf_count=369 14 11 11 12 113
internal_value=0 5.94379e-06 -1.80923e-06 -0.000221993 8.69747e-06
internal_weight=0 516 505 23 482
internal_count=530 516 505 23 482
is_linear=0
shrinkage=0.1


Tree=569
num_leaves=11
num_cat=0
split_feature=46 46 65 68 53 21 95 34 34 34
split_gain=6.39048e-05 0.000438697 0.000191878 0.000380372 0.000224173 0.000285386 0.000209764 0.000175615 0.000497587 0.000441992
threshold=6.7154340724707451 6.8905076909263032 0.93250480604331165 1.8443984105843512 0.88137358701954338 2.1383330595080285 1.4978661367769959 7.2754532773251155 7.0142550158288124 7.3789956586643362
decision_type=2 2 2 2 2 2 2 2 2 2
left_child=2 -2 3 -1 5 -4 -6 8 -3 -9
right_child=1 7 4 -5 6 -7 -8 9 -10 -11
leaf_value=0.00014540891745127733 0.00055391541837404178 1.7627194918329931e-06 0.00056502425577491504 -0.00067493622594226447 -0.0004270504079093891 -0.00011562894003211775 -1.746525165364226e-05 0.00068355236784555017 -0.00076672268941448162 6.9176978305681929e-06
leaf_weight=10.000000000000002 14.999999999999998 36 14.000000000000002 12.999999999999998 13.999999999999998 10.999999999999998 117 9.9999999999999982 10.999999999999998 279
leaf_count=10 15 36 14 13 14 11 117 10 11 279
internal_value=0 2.47972e-05 -4.86246e-05 -0.000318264 -8.86999e-06 0.000265537 -6.12377e-05 1.1758e-06 -0.000178096 3.03307e-05
internal_weight=0 351 179 23 156 25 131 336 47 289
internal_count=530 351 179 23 156 25 131 336 47 289
is_linear=0
shrinkage=0.1


Tree=570
num_leaves=9
num_cat=0
split_feature=89 45 31 103 68 89 16 45
split_gain=6.278e-05 0.000270484 0.000273749 0.000323082 0.000209464 0.000380058 0.000396881 0.00032142
threshold=0.19942679443578884 5.3028591759145582 5.6221699441047184 6.1903133062787319 2.1842073921524539 0.49721651427453734 2.249904835165133 4.135134555718313
decision_type=2 2 2 2 2 2 2 2
left_child=1 2 3 -1 -2 6 -6 -7
right_child=4 -3 -4 -5 5 7 -8 -9
leaf_value=-6.0218974779623514e-05 -0.00035078992547753912 0.00048105857043992726 -0.00056202226960522239 0.00034766720657769057 0.00067065815682701001 3.120109553880165e-05 0.00012012438868017246 -0.00038406465009757087
leaf_weight=258 12.999999999999998 9.9999999999999982 9.9999999999999982 21 17 122 57 22
leaf_count=258 13 10 10 21 17 122 57 22
internal_value=0 -3.02512e-05 -4.79436e-05 -2.95179e-05 3.91564e-05 6.241e-05 0.000246598 -3.22423e-05
internal_weight=0 299 289 279 231 218 74 144
internal_count=530 299 289 279 231 218 74 144
is_linear=0
shrinkage=0.1


Tree=571
num_leaves=10
num_cat=0
split_feature=75 57 35 22 73 72 73 51 7
split_gain=7.3922e-05 0.000247409 0.000195986 0.000180045 0.000179665 0.000462349 0.000216164 0.000189453 0.000156225
threshold=3.4498615536424366 2.7655058732022781 3.0677824455408698 8.3105297257100812 2.9700856263602158 0.24734812091805355 2.8029010331479989 5.2600927804663344 3.7494348669884658
decision_type=2 2 2 2 2 2 2 2 2
left_child=4 -2 8 -4 6 -6 7 -1 -3
right_child=1 2 3 -5 5 -7 -8 -9 -10
leaf_value=-3.3800567092946629e-06 -0.00050905234966194259 -4.656532012935106e-05 -0.00045713976903173788 1.639092723572893e-05 0.00079818484839051936 -0.00010624958891779758 -0.00045935255111544397 0.00031966094638368023 0.0004637038434642212
leaf_weight=408 11.999999999999998 12.000000000000002 12.999999999999998 21 10.000000000000002 12.999999999999998 9.9999999999999982 19 11.999999999999998
leaf_count=408 12 12 13 21 10 13 10 19 12
internal_value=0 -9.57368e-05 -1.02232e-05 -0.000164665 1.45686e-05 0.000286983 2.31051e-07 1.09941e-05 0.000208569
internal_weight=0 70 58 34 460 23 437 427 24
internal_count=530 70 58 34 460 23 437 427 24
is_linear=0
shrinkage=0.1


Tree=572
num_leaves=9
num_cat=0
split_feature=5 53 0 3 100 3 9 88
split_gain=6.8262e-05 0.000242553 0.000237763 0.000142401 0.000254158 0.000241424 0.000178439 0.000101269
threshold=4.7621374077860157 3.2886655146990402 5.7163726239213508 5.0106130713801926 5.7557372063514576 5.2094712223428914 3.7726948748059121 0.5204310804849247
decision_type=2 2 2 2 2 2 2 2
left_child=3 -2 -3 4 6 -5 -1 -7
right_child=1 2 -4 5 -6 7 -8 -9
leaf_value=-1.4571776500583745e-05 -0.00047742366172874779 0.00036750022748795641 -0.00029272597865201536 0.00056220227464412649 -0.00041250899919153508 -6.5152235401910735e-05 0.00020468565944167674 0.00031138022255618127
leaf_weight=392 12.999999999999998 12.000000000000002 9.9999999999999982 11.999999999999998 14.999999999999998 25 41 9.9999999999999982
leaf_count=392 13 12 10 12 15 25 41 10
internal_value=0 -0.000134965 6.73974e-05 9.54296e-06 -7.8296e-06 0.000175137 6.18932e-06 4.24285e-05
internal_weight=0 35 22 495 448 47 433 35
internal_count=530 35 22 495 448 47 433 35
is_linear=0
shrinkage=0.1


Tree=573
num_leaves=9
num_cat=0
split_feature=24 28 18 20 20 66 21 3
split_gain=6.64424e-05 0.000413478 0.000223263 0.000146768 0.000227245 0.000209059 0.000115843 0.000238511
threshold=4.7094896185437563 4.7360445312007302 8.8350534014812574 4.4367340276668159 4.1820210059610323 3.8393944990995772 4.3882378946731615 4.867504863781412
decision_type=2 2 2 2 2 2 2 2
left_child=1 3 -2 4 -1 -5 -4 -8
right_child=2 -3 6 5 -6 -7 7 -9
leaf_value=-5.0568292018786975e-06 -0.00043256852387761076 0.0006197290881325237 0.00026330564619106905 -0.00058894217931083383 0.00033229950322060005 5.7677904551383114e-05 -0.00050576218636706478 4.9811227526173325e-05
leaf_weight=406 14.999999999999998 10.999999999999998 12.999999999999998 10.000000000000002 21 9.9999999999999982 9.9999999999999982 34
leaf_count=406 15 11 13 10 21 10 10 34
internal_value=0 1.40384e-05 -8.92999e-05 -8.66724e-07 1.15345e-05 -0.000265632 1.03392e-06 -7.64555e-05
internal_weight=0 458 72 447 427 20 57 44
internal_count=530 458 72 447 427 20 57 44
is_linear=0
shrinkage=0.1


Tree=574
num_leaves=10
num_cat=0
split_feature=75 57 35 50 73 72 73 51 7
split_gain=5.75631e-05 0.000205738 0.000152469 0.000157462 0.000144024 0.000371541 0.000175127 0.000154538 0.000121429
threshold=3.4498615536424366 2.7655058732022781 3.0677824455408698 8.7949003355510769 2.9700856263602158 0.24734812091805355 2.8029010331479989 5.2600927804663344 3.7494348669884658
decision_type=2 2 2 2 2 2 2 2 2
left_child=4 -2 8 -4 6 -6 7 -1 -3
right_child=1 2 3 -5 5 -7 -8 -9 -10
leaf_value=-3.2755586403254711e-06 -0.00046138626736744003 -3.845692505516732e-05 -0.00038492596553017702 4.8490574657702573e-05 0.00071501738857477877 -9.5749072632035973e-05 -0.00041364701202837749 0.00028848415761450796 0.0004114124859067185
leaf_weight=408 11.999999999999998 12.000000000000002 14.999999999999998 19 10.000000000000002 12.999999999999998 9.9999999999999982 19 11.999999999999998
leaf_count=408 12 12 15 19 10 13 10 19 12
internal_value=0 -8.4482e-05 -6.50176e-06 -0.000142723 1.28559e-05 0.000256758 1.89953e-08 9.70672e-06 0.000186478
internal_weight=0 70 58 34 460 23 437 427 24
internal_count=530 70 58 34 460 23 437 427 24
is_linear=0
shrinkage=0.1


Tree=575
num_leaves=12
num_cat=0
split_feature=99 65 99 72 32 7 25 31 45 13 92
split_gain=5.94279e-05 0.000195271 0.000147425 0.000228722 0.000310874 0.000202476 0.000259689 0.000181572 0.000135747 0.000170011 0.00016931
threshold=3.8815106545092593 3.8341825184967671 3.5972184255501678 0.14101810060795336 4.4005842009683471 4.7621374077860157 4.3882378946731615 5.4636881475041514 3.5114340430413216 5.3028591759145582 4.0478138592460935
decision_type=2 2 2 2 2 2 2 2 2 2 2
left_child=2 -2 5 4 -4 6 -1 -7 9 -3 -10
right_child=1 8 3 -5 -6 7 -8 -9 10 -11 -12
leaf_value=9.1646180421983837e-07 -0.00045335491789349667 1.9264598769950682e-05 0.00078073221533982574 -0.00013791456537243601 2.8916991802609779e-05 -0.00051773385140612446 0.00051693985442398122 4.0178521012421697e-05 0.00049100260890554625 -0.00045249734539538623 -9.0907341800630106e-05
leaf_weight=394 11.999999999999998 25 11.000000000000002 11.999999999999998 10.999999999999998 14.000000000000002 9.9999999999999982 9.9999999999999982 10.000000000000002 10.999999999999998 9.9999999999999982
leaf_count=394 12 25 11 12 11 14 10 10 10 11 10
internal_value=0 -8.72818e-05 1.28467e-05 0.00021327 0.000404825 -3.07478e-06 1.36893e-05 -0.00028527 -8.83756e-06 -0.000124885 0.000200048
internal_weight=0 68 462 34 22 428 404 24 56 36 20
internal_count=530 68 462 34 22 428 404 24 56 36 20
is_linear=0
shrinkage=0.1


Tree=576
num_leaves=11
num_cat=0
split_feature=24 16 104 12 85 1 18 35 39 41
split_gain=6.29138e-05 0.000312812 0.000852393 0.000243612 0.000707825 0.00030115 0.0001746 0.000112856 0.00020297 6.86697e-05
threshold=4.7094896185437563 4.4367340276668159 4.2268071048866842 4.0859410030639109 0.5204218067884937 4.0942056540395164 8.8350534014812574 6.4216103699850091 5.4636881475041514 3.4175922930736511
decision_type=2 2 2 2 2 2 2 2 2 2
left_child=1 3 -3 5 -5 -1 -2 8 -8 -4
right_child=6 2 9 4 -6 -7 7 -9 -10 -11
leaf_value=-1.3457842436206414e-06 -0.00039045831021212508 0.0010810170301556355 -0.00020534865484064945 -0.00097322886809706691 1.6753681456276144e-05 0.00052944546074617062 -5.0142436757104829e-05 -0.00031206343206577005 0.00045762431735056456 0.00014055838546482848
leaf_weight=378 14.999999999999998 9.9999999999999982 11.000000000000002 9.9999999999999982 26 10.999999999999998 37 9.9999999999999982 9.9999999999999982 11.999999999999998
leaf_count=378 15 10 11 10 26 11 37 10 10 12
internal_value=0 1.36606e-05 0.000310244 -9.36823e-06 -0.000258241 1.36637e-05 -8.68963e-05 -7.0116e-06 5.7893e-05 -2.48754e-05
internal_weight=0 458 33 425 36 389 72 57 47 23
internal_count=530 458 33 425 36 389 72 57 47 23
is_linear=0
shrinkage=0.1


Tree=577
num_leaves=6
num_cat=0
split_feature=65 0 95 1 89
split_gain=6.02333e-05 0.000146982 0.000131892 0.000209814 0.000207217
threshold=5.3344645682746181 5.614936330451056 4.6298509007569537 4.5591125415341898 0.17853517573474983
decision_type=2 2 2 2 2
left_child=1 2 3 -1 -4
right_child=-2 -3 4 -5 -6
leaf_value=1.5904324252441249e-06 0.0002430984249804169 -0.00036632834949572996 0.00052451279188971947 -0.00046125091554131362 -7.6369345928965649e-05
leaf_weight=476 9.9999999999999982 10.999999999999998 12.000000000000002 9.9999999999999982 10.999999999999998
leaf_count=476 10 11 12 10 11
internal_value=0 -4.67497e-06 3.14072e-06 -7.93305e-06 0.000237134
internal_weight=0 520 509 486 23
internal_count=530 520 509 486 23
is_linear=0
shrinkage=0.1


Tree=578
num_leaves=8
num_cat=0
split_feature=37 29 6 82 82 53 11
split_gain=5.56117e-05 0.000237282 0.000277144 0.000227219 0.000339747 0.00021972 0.000161796
threshold=1.8214596497756478e-17 1.1362438767648089e-16 3.8857805861880384e-15 1.2370422053105976 19.316560478565211 1.9965979714881412 2.249904835165133
decision_type=2 2 2 2 2 2 2
left_child=3 -2 -3 -1 -5 -6 -4
right_child=1 2 6 4 5 -7 -8
leaf_value=0.00037738309597204391 -0.00037872742344488336 0.00052243001729948449 -0.00012550028063981842 -0.00044389972587980867 0.00033334045659839397 -0.00023617595303221606 2.1925931216787303e-05
leaf_weight=19 17 9.9999999999999982 95 13.999999999999998 21.000000000000004 9.9999999999999982 344
leaf_count=19 17 10 95 14 21 10 344
internal_value=0 -1.20044e-05 1.88039e-06 8.74074e-05 -3.50268e-05 0.000149625 -9.97724e-06
internal_weight=0 466 449 64 45 31 439
internal_count=530 466 449 64 45 31 439
is_linear=0
shrinkage=0.1


Tree=579
num_leaves=11
num_cat=0
split_feature=85 97 85 48 50 31 50 102 104 1
split_gain=5.7517e-05 0.000152229 0.000135286 0.000431308 0.000162539 0.000281456 0.000240656 0.000105711 0.000151268 0.000119306
threshold=0.65110456946941209 4.4127799275304271 0.60829731397041964 4.0859410030639109 8.7949003355510769 4.6959141240107813 8.104850396881865 5.1269313471631675 5.0434043048315838 3.795426061844291
decision_type=2 2 2 2 2 2 2 2 2 2
left_child=2 -2 4 -4 6 -6 -1 9 -9 -3
right_child=1 7 3 -5 5 -7 -8 8 -10 -11
leaf_value=1.459507438001352e-05 -0.00044593653496121987 -4.6267228317446996e-05 0.00061140642251952403 -0.00020560013120605924 0.00059901786104698347 -3.3523814465083624e-05 -0.000205422621591675 -0.00027493292116105296 0.00018798811521264725 0.00039965106989257041
leaf_weight=348 9.9999999999999982 15.000000000000002 14.000000000000002 11.999999999999998 12.000000000000002 17 58 24 9.9999999999999982 9.9999999999999982
leaf_count=348 10 15 14 12 12 17 58 24 10 10
internal_value=0 -8.51503e-05 1.27448e-05 0.000234326 -4.99119e-07 0.000228218 -1.6836e-05 -2.40001e-05 -0.00013878 0.0001321
internal_weight=0 69 461 26 435 29 406 59 34 25
internal_count=530 69 461 26 435 29 406 59 34 25
is_linear=0
shrinkage=0.1


Tree=580
num_leaves=11
num_cat=0
split_feature=17 21 57 65 27 97 6 88 70 50
split_gain=5.32266e-05 0.000439917 0.000363316 0.000337453 0.000260819 0.000350534 0.000217924 0.000141397 0.000411456 0.000293191
threshold=3.1984648276080736 3.2384861814448418 1.9373860418252324 2.2098636013844009 4.1971736807086968 4.2972622671762819 7.4914760745935558 0.27765751993965909 3.4387325824253323 5.4227230155794315
decision_type=2 2 2 2 2 2 2 2 2 2
left_child=1 4 -3 -2 5 -1 -6 8 -5 -9
right_child=3 2 -4 7 6 -7 -8 9 -10 -11
leaf_value=5.0950976591707762e-05 -0.00060663888230919841 0.00090396633859199903 7.1138057815419006e-05 0.00059084830080302294 6.8228311138227566e-05 -0.00043114033396705057 -0.00052008649761452999 -0.00056773388496367261 -7.5378664570797075e-06 -3.2180278166365959e-05
leaf_weight=263 9.9999999999999982 10.000000000000002 10.999999999999998 12.999999999999998 10.000000000000002 15.999999999999998 17 11.999999999999998 99 69
leaf_count=263 10 10 11 13 10 16 17 12 99 69
internal_value=0 2.4969e-05 0.000467723 -4.0221e-05 -5.4161e-06 2.33042e-05 -0.000302192 -1.08729e-05 6.19177e-05 -0.000111522
internal_weight=0 327 21 203 306 279 27 193 112 81
internal_count=530 327 21 203 306 279 27 193 112 81
is_linear=0
shrinkage=0.1


Tree=581
num_leaves=12
num_cat=0
split_feature=100 9 33 25 88 20 66 24 101 0 21
split_gain=6.114e-05 0.000303844 0.000222675 0.000391263 0.000319677 0.000199098 0.000511204 0.000334378 0.000233371 0.000208305 0.000202321
threshold=3.7256208424938388 3.1567740231385479 2.249904835165133 1.4978661367769959 0.43200791280506023 2.8617925509761908 2.1383330595080281 3.0201273556387074 3.0677824455408698 3.5408542930527882 2.6735537653587347
decision_type=2 2 2 2 2 2 2 2 2 2 2
left_child=1 2 3 -1 -4 6 8 9 -2 -7 -9
right_child=5 -3 4 -5 -6 7 -8 10 -10 -11 -12
leaf_value=6.6271278163705058e-05 -7.5126295772721431e-05 -0.00051432880102835886 -7.3551802992502738e-06 -0.00034322144891348218 0.00050841186243547683 -0.00054797351541411546 0.00064620584187864824 0.00031761898218454526 0.00032682492048479616 -3.3664219621901531e-05 -7.1859953893934345e-06
leaf_weight=56 52 12.999999999999998 41 40 17 18 17 21 20 13.999999999999998 221
leaf_count=56 52 13 41 40 17 18 17 21 20 14 221
internal_value=0 -5.00749e-05 -1.08846e-05 -0.000104351 0.000143818 2.30372e-05 0.000152982 -1.91713e-05 3.65268e-05 -0.000322963 2.09996e-05
internal_weight=0 167 154 96 58 363 89 274 72 32 242
internal_count=530 167 154 96 58 363 89 274 72 32 242
is_linear=0
shrinkage=0.1


Tree=582
num_leaves=10
num_cat=0
split_feature=19 9 9 5 23 42 61 87 86
split_gain=5.95519e-05 0.000321078 0.000312698 0.000293296 0.000160192 0.000226833 0.000278259 0.000222463 0.00020059
threshold=3.4152368433293397e-18 1.1362438767648089e-16 0.69314718055994551 1.2424533248940006 1.5937771935536918e-17 7.2754532773251155 1.6470739451376541 0.022289016848914333 0.24928733333188283
decision_type=2 2 2 2 2 2 2 2 2
left_child=4 -2 -3 -4 5 6 -1 -7 -6
right_child=1 2 3 -5 8 7 -8 -9 -10
leaf_value=-0.00057072716722772888 0.00048516901338838841 -0.0005047490579878892 0.00039690454830538092 -5.012360433704183e-06 -8.170207729563114e-06 0.00057302807743491758 4.0782653757006582e-05 -6.2957811645570808e-05 -0.00064155820378800858
leaf_weight=10.999999999999998 13.999999999999998 11.999999999999998 19 409 10.000000000000002 11.000000000000002 23 10.999999999999998 9.9999999999999982
leaf_count=11 14 12 19 409 10 11 23 11 10
internal_value=0 1.37148e-05 -1.28604e-06 1.28297e-05 -8.19277e-05 4.83527e-06 -0.000157059 0.000255035 -0.000324864
internal_weight=0 454 440 428 76 56 34 22 20
internal_count=530 454 440 428 76 56 34 22 20
is_linear=0
shrinkage=0.1


Tree=583
num_leaves=10
num_cat=0
split_feature=96 7 25 102 57 7 21 100 89
split_gain=5.63956e-05 0.000279459 0.000188619 0.000116802 0.000364229 0.000204364 0.000290081 0.000223579 0.000188238
threshold=4.330646767694998 7.1150767569361238e-19 1.0000000180025095e-35 0.89587973461402759 0.40546510810476355 0.69314718055994573 2.1383330595080285 2.6735537653587351 0.065471168630690413
decision_type=2 2 2 2 2 2 2 2 2
left_child=1 2 -1 4 -2 6 -5 -7 -6
right_child=3 -3 -4 5 8 7 -8 -9 -10
leaf_value=0.00037448673538165156 0.00069105755537748339 -0.00054224155451679105 -0.00016343416154995793 -3.2703321007180163e-05 0.00020574063886737417 0.00029124475603802474 -0.00059019841885726365 -6.9986837428547046e-06 -0.00018831549188524316
leaf_weight=11.000000000000002 9.9999999999999982 10.999999999999998 15.999999999999998 28 27 27 13.999999999999998 364 22
leaf_count=11 10 11 16 28 27 27 14 364 22
internal_value=0 -0.000117375 5.57188e-05 9.06555e-06 0.000141062 -8.92005e-06 -0.000218535 1.35961e-05 2.88175e-05
internal_weight=0 38 27 492 59 433 42 391 49
internal_count=530 38 27 492 59 433 42 391 49
is_linear=0
shrinkage=0.1


Tree=584
num_leaves=12
num_cat=0
split_feature=100 9 71 24 18 57 53 92 53 80 8
split_gain=5.89766e-05 0.000248747 0.000203714 0.00048652 0.000358521 0.000182785 0.000866023 0.000239746 0.000232607 0.000269383 0.000168335
threshold=3.7256208424938388 3.1567740231385479 1.0000000180025095e-35 3.0201273556387074 4.8471850864775066 1.8328988137386639 1.7833487763553064 3.9852197273265229 1.3424540464535359 1.9321161707958991 3.3140206880897671
decision_type=2 2 2 2 2 2 2 2 2 2 2
left_child=1 2 4 -4 -1 6 7 -2 10 -10 -7
right_child=5 -3 3 -5 -6 8 -8 -9 9 -11 -12
leaf_value=-0.00032661358195850082 -8.7501037851325238e-05 -0.00046923873400933538 -1.8539437708871752e-05 -0.00072247776624863042 0.00018465039191295561 -9.2284736698881409e-05 0.00093361661032152678 0.00025143561483673696 -1.8768707362678239e-05 -0.00035046555271297359 0.00036642886764942282
leaf_weight=17 60 12.999999999999998 54 11.999999999999998 71 11.999999999999998 11.999999999999998 32 195 28 24
leaf_count=17 60 13 54 12 71 12 12 32 195 28 24
internal_value=0 -4.9181e-05 -1.37215e-05 -0.000146528 8.58835e-05 2.26259e-05 0.000134608 3.039e-05 -2.234e-05 -6.04167e-05 0.000213524
internal_weight=0 167 154 66 88 363 104 92 259 223 36
internal_count=530 167 154 66 88 363 104 92 259 223 36
is_linear=0
shrinkage=0.1


Tree=585
num_leaves=10
num_cat=0
split_feature=35 35 31 45 38 35 31 47 92
split_gain=5.32734e-05 0.000187777 0.000332159 0.000285012 0.000220756 0.000183914 0.000169806 9.77314e-05 0.00012929
threshold=5.2652741739841078 4.7405652883788738 4.7229433450037179 4.0517471391904856 8.9933631558035643 5.4636881475041514 4.1971736807086968 6.4216103699850091 4.0669466417390705
decision_type=2 2 2 2 2 2 2 2 2
left_child=1 3 -3 6 -4 -2 -1 8 -7
right_child=5 2 4 -5 -6 7 -8 -9 -10
leaf_value=-2.0455727679852057e-05 -0.00043867069180123511 0.00071324955817544835 0.00025931092065796041 -0.00043745551432948558 -0.00024865183087448322 -4.9476902327464468e-05 0.00016173806545945505 -0.00025151971009715151 0.00034734662258415486
leaf_weight=347 11.999999999999998 9.9999999999999982 22 14.999999999999998 13.999999999999998 26 60 11.999999999999998 11.999999999999998
leaf_count=347 12 10 22 15 14 26 60 12 12
internal_value=0 1.15396e-05 0.000203396 -9.37366e-06 6.17699e-05 -8.71052e-05 6.40331e-06 -2.72953e-06 7.58358e-05
internal_weight=0 468 46 422 36 62 407 50 38
internal_count=530 468 46 422 36 62 407 50 38
is_linear=0
shrinkage=0.1


Tree=586
num_leaves=7
num_cat=0
split_feature=67 69 92 60 22 69
split_gain=5.36432e-05 0.000208816 0.000263964 0.000232154 0.000206571 0.000114043
threshold=1.2424533248940004 0.9593767796217848 3.8720511086177325 1.1190232859282376 5.6185859816918615 1.5711918682704302
decision_type=2 2 2 2 2 2
left_child=4 2 -2 -3 -1 -5
right_child=1 3 -4 5 -6 -7
leaf_value=0.00045930092032490797 3.4962316463601636e-05 0.00042568935381356052 -0.00057911500334739685 -0.00023047570650219101 -0.00015354855621064253 7.984057704015052e-06
leaf_weight=11.000000000000002 14.000000000000002 12.999999999999998 13.999999999999998 21 10.999999999999998 446
leaf_count=11 14 13 14 21 11 446
internal_value=0 -6.62062e-06 -0.000272076 8.86429e-06 0.000152876 -2.73897e-06
internal_weight=0 508 28 480 22 467
internal_count=530 508 28 480 22 467
is_linear=0
shrinkage=0.1


Tree=587
num_leaves=5
num_cat=0
split_feature=65 13 9 5
split_gain=5.15292e-05 0.000100448 0.000133671 0.000125672
threshold=5.3344645682746181 5.3659650969185444 4.9765196656826882 4.7621374077860157
decision_type=2 2 2 2
left_child=1 2 3 -1
right_child=-2 -3 -4 -5
leaf_value=1.3798587712290381e-06 0.00022484882851131263 -0.00030329617418994371 0.00033193419082332793 -0.00035674308484885843
leaf_weight=487 9.9999999999999982 10.999999999999998 11.999999999999998 9.9999999999999982
leaf_count=487 10 11 12 10
internal_value=0 -4.32401e-06 2.13707e-06 -5.82583e-06
internal_weight=0 520 509 497
internal_count=530 520 509 497
is_linear=0
shrinkage=0.1


Tree=588
num_leaves=6
num_cat=0
split_feature=21 18 100 41 102
split_gain=5.08262e-05 0.000140678 0.000102801 0.000135682 0.000122192
threshold=5.4160905255636633 9.5188769219551848 5.9476940157565394 3.3140206880897671 5.1532748880139918
decision_type=2 2 2 2 2
left_child=1 2 4 -4 -1
right_child=-2 -3 3 -5 -6
leaf_value=7.6189519433517661e-06 0.00021271267270838671 -0.00030629475989068551 -2.1714706478329992e-05 0.00041114907570382844 -0.0001865178202777835
leaf_weight=440 10.999999999999998 14.999999999999998 15.000000000000002 13.999999999999998 35
leaf_count=440 11 15 15 14 35
internal_value=0 -4.50836e-06 4.47338e-06 0.000187254 -6.68586e-06
internal_weight=0 519 504 29 475
internal_count=530 519 504 29 475
is_linear=0
shrinkage=0.1


Tree=589
num_leaves=11
num_cat=0
split_feature=89 45 34 32 95 104 18 35 46 21
split_gain=5.07257e-05 0.00019498 0.000203458 0.000255897 0.00017443 0.000388571 0.000304402 0.000398188 0.000294248 0.000207141
threshold=0.19942679443578884 5.3028591759145582 9.2721573370693324 5.0845003501084243 2.0126758453675753 1.2424533248940006 5.7959838361550915 3.9415346756528771 5.7364422077165234 2.0126758453675753
decision_type=2 2 2 2 2 2 2 2 2 2
left_child=1 2 3 -1 6 -6 8 -8 -2 -7
right_child=4 -3 -4 -5 5 9 7 -9 -10 -11
leaf_value=-4.5731363670100436e-05 -4.5446595759131005e-05 0.00040692667127586904 -0.00048540436284383759 0.0004463889401945794 0.00055716149490763205 -0.00024470559609736402 0.00028926980247398693 -0.0003331263769616592 -0.00081258207443170262 8.709126405077629e-05
leaf_weight=268 10.000000000000002 9.9999999999999982 9.9999999999999982 10.999999999999998 15.999999999999998 22 26 17 9.9999999999999982 130
leaf_count=268 10 10 10 11 16 22 26 17 10 130
internal_value=0 -2.71923e-05 -4.22137e-05 -2.63288e-05 3.5197e-05 8.84103e-05 -0.000106705 4.32062e-05 -0.000429014 3.9068e-05
internal_weight=0 299 289 279 231 168 63 43 20 152
internal_count=530 299 289 279 231 168 63 43 20 152
is_linear=0
shrinkage=0.1


Tree=590
num_leaves=11
num_cat=0
split_feature=40 29 103 32 38 37 36 26 18 42
split_gain=5.52318e-05 0.000227068 0.000384881 0.000258857 0.000238583 0.000218708 0.000184271 0.000181321 0.000205796 0.000211033
threshold=1.4978661367769959 1.4978661367769959 3.1132683346437333 7.5894152073985326e-18 6.1783958649385831 2.249904835165133 0.69314718055994573 5.5154246272451131 5.6869696108313716 5.905358135785149
decision_type=2 2 2 2 2 2 2 2 2 2
left_child=1 3 -3 4 -1 -4 -5 -2 -9 -10
right_child=7 2 5 6 -6 -7 -8 8 9 -11
leaf_value=-4.1348807821915939e-05 -0.00041822426415323707 0.00068870476579132418 0.00025792676068427366 -0.00063193119660189196 0.00050615296495379878 -0.00022351147858898913 -5.3105746469968426e-05 0.00036994183200087199 -0.00028993373580979773 7.5149799824789061e-08
leaf_weight=39 10.999999999999998 12.999999999999998 23 11.000000000000002 9.9999999999999982 15.999999999999998 10.999999999999998 13.999999999999998 27 355
leaf_count=39 11 13 23 11 10 16 11 14 27 355
internal_value=0 5.87221e-05 0.000217486 -5.75561e-05 7.03862e-05 6.04136e-05 -0.000342518 -1.77465e-05 -6.62209e-06 -2.04229e-05
internal_weight=0 123 52 71 49 39 22 407 396 382
internal_count=530 123 52 71 49 39 22 407 396 382
is_linear=0
shrinkage=0.1


Tree=591
num_leaves=9
num_cat=0
split_feature=33 33 30 4 18 89 48 81
split_gain=5.26096e-05 0.000218649 0.000188685 0.00023773 0.00023536 0.00010001 0.000245711 0.000189521
threshold=4.2696729980286863 4.135134555718313 8.8684732016442744 3.5408542930527882 8.9808621585217967 0.2444714479475863 4.7360445312007302 0.41608448907513146
decision_type=2 2 2 2 2 2 2 2
left_child=1 5 -2 -4 -5 7 -7 -1
right_child=2 -3 3 4 -6 6 -8 -9
leaf_value=-9.7424550096750155e-05 -0.00044233150935421393 0.00041611776082740669 -0.00041703747913495381 0.00045875445491849233 -5.3305423722937629e-05 9.5336641013654168e-05 -0.00027544792283151764 8.4484895182868058e-05
leaf_weight=180 11.999999999999998 12.999999999999998 10.999999999999998 12.999999999999998 29 168 20 84
leaf_count=180 12 13 11 13 29 168 20 84
internal_value=0 1.17794e-05 -8.42683e-05 -3.19739e-06 0.000105189 1.50242e-07 5.58915e-05 -3.95443e-05
internal_weight=0 465 65 53 42 452 188 264
internal_count=530 465 65 53 42 452 188 264
is_linear=0
shrinkage=0.1


Tree=592
num_leaves=11
num_cat=0
split_feature=19 27 11 23 86 23 42 61 41 10
split_gain=4.76726e-05 0.000275869 0.000410985 0.000254426 0.000146832 0.000130426 0.00015436 0.000216847 0.000151838 0.000147867
threshold=3.4152368433293397e-18 0.34657359027997314 1.4978661367769959 0.34657359027997314 0.68476950597767339 1.5937771935536918e-17 7.2754532773251155 1.6470739451376541 2.4414009612931857 6.6319800785872394
decision_type=2 2 2 2 2 2 2 2 2 2
left_child=5 2 -2 -3 -5 6 7 -1 -8 -7
right_child=1 3 -4 4 -6 9 8 -9 -10 -11
leaf_value=-0.00049374317961998961 0.00070100773965740305 -0.0005068868736270815 -4.0899644955061379e-05 1.7341702182339704e-05 -0.00025405506423253215 -0.00056441672320943308 0.0004991675169367225 4.6086007078765368e-05 -2.8439314337447286e-05 -2.0601582946255803e-05
leaf_weight=10.999999999999998 14.000000000000002 9.9999999999999982 15.999999999999998 393 21 10.000000000000002 10.000000000000002 23 11.999999999999998 9.9999999999999982
leaf_count=11 14 10 16 393 21 10 10 23 12 10
internal_value=0 1.22709e-05 0.000305324 -8.464e-06 3.5752e-06 -7.33023e-05 4.98583e-06 -0.000128565 0.000211382 -0.000292509
internal_weight=0 454 30 424 414 76 56 34 22 20
internal_count=530 454 30 424 414 76 56 34 22 20
is_linear=0
shrinkage=0.1


Tree=593
num_leaves=11
num_cat=0
split_feature=99 101 89 68 89 89 53 100 68 102
split_gain=4.95719e-05 0.000223517 0.000317336 0.000281002 0.000376438 0.000216422 0.000156109 0.000233723 0.000181224 0.000189384
threshold=1.7046538063492797e-20 1.386294361119891 0.19942679443578884 3.0381044756711275 0.25411493024883131 0.21468655699188241 1.0000000180025095e-35 2.8617925509761908 2.6398624094963972 1.8688348091416846
decision_type=2 2 2 2 2 2 2 2 2 2
left_child=1 3 -3 5 -5 -1 7 -2 -8 -10
right_child=6 2 -4 4 -6 -7 8 -9 9 -11
leaf_value=0.00010643912726663984 -0.00012428023937073617 -0.00061712267032514002 3.3349619091798865e-05 1.1705746357237282e-05 0.0007697052380535752 -0.00034807660373520447 0.0003086760277963347 0.00046080247557256371 -0.00021116616515593541 9.3899915084192364e-06
leaf_weight=20 11.000000000000002 15.000000000000002 14.999999999999998 19.000000000000004 9.9999999999999982 22 18 18 44 338
leaf_count=20 11 15 15 19 10 22 18 18 44 338
internal_value=0 -6.30301e-05 -0.000291887 3.36698e-05 0.000273085 -0.000131641 1.48392e-05 0.000238875 -1.40331e-06 -1.60144e-05
internal_weight=0 101 30 71 29 42 429 29 400 382
internal_count=530 101 30 71 29 42 429 29 400 382
is_linear=0
shrinkage=0.1


Tree=594
num_leaves=12
num_cat=0
split_feature=37 68 41 31 68 22 40 74 74 53 47
split_gain=4.89463e-05 0.000423283 0.000353549 0.000495497 0.000461197 0.000427392 0.000290504 0.000126838 0.000255484 0.000163587 0.000122848
threshold=3.1567740231385479 3.1455029678897288 3.1132683346437333 3.7726948748059121 3.2628847770838627 7.8244362585234226 3.0677824455408698 0.027914224776470934 0.099735043975926613 1.5843840630196182 4.2972622671762819
decision_type=2 2 2 2 2 2 2 2 2 2 2
left_child=2 -2 3 6 -4 -5 -1 9 -9 -3 -6
right_child=1 7 4 5 10 -7 -8 8 -10 -11 -12
leaf_value=-1.9783243647427026e-05 -0.00067221907200291757 0.00018563448949648507 0.00090605042758397738 -0.00090105367866768051 0.00032214600811130361 -6.8095810378768624e-05 0.00024817892731516622 -0.00059614993748255082 -3.1035378633532673e-05 -3.3714473497906617e-05 -0.00017353082686895506
leaf_weight=212 9.9999999999999982 51 10.000000000000002 11.000000000000002 10.000000000000002 13.999999999999998 50 9.9999999999999982 40 102 9.9999999999999982
leaf_count=212 10 51 10 11 10 14 50 10 40 102 10
internal_value=0 -3.70733e-05 2.49105e-05 -9.23356e-06 0.000351555 -0.000434597 3.13546e-05 -5.78538e-06 -0.000144058 3.94018e-05 7.43076e-05
internal_weight=0 213 317 287 30 25 262 203 50 153 20
internal_count=530 213 317 287 30 25 262 203 50 153 20
is_linear=0
shrinkage=0.1


Tree=595
num_leaves=13
num_cat=0
split_feature=44 69 40 32 26 36 77 48 32 88 14 81
split_gain=5.24125e-05 0.000227156 0.000199327 0.000163553 0.000297568 0.000278382 0.000161716 0.000720364 0.000403162 0.000122908 0.000173165 0.000144514
threshold=1.8688348091416842 0.9593767796217848 2.3502401828962087 2.9700856263602158 7.4914760745935558 2.9174053685313028 1.0000000180025095e-35 2.8029010331479989 7.5894152073985326e-18 0.35192429014739562 5.9518752981694396 1.5598420138618188
decision_type=2 2 2 2 2 2 2 2 2 2 2 2
left_child=6 2 -2 5 -5 -3 7 8 -1 10 -8 -11
right_child=1 3 -4 4 -6 -7 9 -9 -10 11 -12 -13
leaf_value=0.00025249151601908828 -0.00063270844938498067 -1.1940956335618265e-05 -1.5834634978091345e-05 -0.00026405223291070063 1.0288647534610913e-05 0.00040425041131675245 -0.00028502708291447171 0.00091142582982270566 -0.00051594229933636432 -3.1829844572877681e-05 4.2714355521112392e-05 0.00037070050598382907
leaf_weight=18.000000000000004 11.000000000000002 45 9.9999999999999982 47 249 25 28 10.999999999999998 10.999999999999998 22 38 14.999999999999998
leaf_count=18 11 45 10 47 249 25 28 11 11 22 38 15
internal_value=0 -1.91158e-05 -0.000338959 -7.64111e-07 -3.32722e-05 0.000136699 5.17329e-05 0.000222379 -3.89834e-05 -1.45375e-05 -9.63275e-05 0.000131358
internal_weight=0 387 21 366 296 70 143 40 29 103 66 37
internal_count=530 387 21 366 296 70 143 40 29 103 66 37
is_linear=0
shrinkage=0.1


Tree=596
num_leaves=13
num_cat=0
split_feature=42 46 46 47 45 43 42 20 26 65 34 84
split_gain=4.94507e-05 0.000271727 0.000425388 0.000246764 0.000411793 0.000327754 0.000193745 0.000234814 0.000386441 0.00019231 0.000142141 0.000118508
threshold=8.4756358473943063 8.0940731014520217 8.0405938267077257 4.3819485035697312 3.3842466058243152 4.4601277074540464 8.8350534014812574 3.5114340430413216 8.5681665189468355 3.7575747236883132 8.1028887224174948 0.60376515262171582
decision_type=2 2 2 2 2 2 2 2 2 2 2 2
left_child=1 2 10 4 -3 -5 9 -8 -9 11 -1 -2
right_child=6 3 -4 5 -6 -7 7 8 -10 -11 -12 -13
leaf_value=-1.0393668603463142e-05 -0.0002791808897099044 0.00014663984042676424 -0.00057530111919801969 -0.00043999087138217857 0.00094699422246776518 0.00032150300707703888 -0.00039217074094763534 0.00068094186819507747 1.1777484028171452e-05 -0.00055999753482562184 0.00024221391404353199 8.3690713573661131e-05
leaf_weight=310 18 18.000000000000004 12.999999999999998 10.000000000000002 9.9999999999999982 12.999999999999998 10.999999999999998 9.9999999999999982 63 11.999999999999998 24 18
leaf_count=310 18 18 13 10 10 13 11 10 63 12 24 18
internal_value=0 1.75911e-05 -1.40859e-05 0.000233119 0.000432481 -9.58129e-06 -5.30399e-05 3.85419e-05 0.000103444 -0.000213308 7.75777e-06 -9.77451e-05
internal_weight=0 398 347 51 28 23 132 84 73 48 334 36
internal_count=530 398 347 51 28 23 132 84 73 48 334 36
is_linear=0
shrinkage=0.1


Tree=597
num_leaves=10
num_cat=0
split_feature=16 61 54 77 61 100 17 13 13
split_gain=4.83873e-05 0.000254091 0.000323288 0.000326175 0.00023236 0.000229955 0.00018377 0.000356462 0.000114879
threshold=3.4175922930736511 2.4926226823477564 3.1567740231385479 2.602003343538398 2.5849632186080265 5.0205801788306017 3.2769667020129059 3.1132683346437333 2.3502401828962087
decision_type=2 2 2 2 2 2 2 2 2
left_child=5 2 -2 -4 -3 6 7 -1 -6
right_child=1 4 3 -5 8 -7 -8 -9 -10
leaf_value=-5.7623404180568678e-06 -0.00076579871587455271 0.00047812856268137694 0.00034463664283975945 -0.00041502078910035873 -0.00034629548143129798 0.00047558303181590008 -0.00037338398396968842 0.0004328449332388118 1.8294825857303074e-06
leaf_weight=252 9.9999999999999982 9.9999999999999982 10.000000000000002 12.999999999999998 9.9999999999999982 10.999999999999998 11.999999999999998 20 182
leaf_count=252 10 10 10 13 10 11 12 20 182
internal_value=0 -3.38536e-05 -0.000291118 -8.47349e-05 8.17474e-06 2.69681e-05 9.59219e-06 2.64882e-05 -1.6302e-05
internal_weight=0 235 33 23 202 295 284 272 192
internal_count=530 235 33 23 202 295 284 272 192
is_linear=0
shrinkage=0.1


Tree=598
num_leaves=12
num_cat=0
split_feature=40 29 103 32 38 6 45 69 40 41 36
split_gain=4.51277e-05 0.000183549 0.000269396 0.000201911 0.000193451 0.000180989 0.000155266 0.000165518 0.000218301 0.000207349 0.00014395
threshold=1.4978661367769959 1.4978661367769959 3.1132683346437333 7.5894152073985326e-18 6.1783958649385831 5.7120799114421201 9.5756735873919732e-16 0.9593767796217848 2.3502401828962087 1.4978661367769959 0.69314718055994573
decision_type=2 2 2 2 2 2 2 2 2 2 2
left_child=1 3 -3 4 -1 -4 -2 8 -8 -9 -5
right_child=6 2 5 10 -6 -7 7 9 -10 -11 -12
leaf_value=-3.9080599899767921e-05 -0.00038663055721289394 0.00059005552404694476 -0.00018065458588192569 -0.00055893357864327041 0.00045392469527996584 0.00025377831949630162 -0.00061737930249364562 0.00034106673815080692 1.5248273606024063e-05 -6.80968814620382e-06 -4.7341230674646796e-05
leaf_weight=39 10.999999999999998 12.999999999999998 17 11.000000000000002 9.9999999999999982 22 10.000000000000002 18 11.999999999999998 356 10.999999999999998
leaf_count=39 11 13 17 11 10 22 10 18 12 356 11
internal_value=0 5.30797e-05 0.000195821 -5.14637e-05 6.15327e-05 6.44101e-05 -1.60413e-05 -5.74712e-06 -0.00027231 9.93303e-06 -0.000303137
internal_weight=0 123 52 71 49 39 407 396 22 374 22
internal_count=530 123 52 71 49 39 407 396 22 374 22
is_linear=0
shrinkage=0.1


Tree=599
num_leaves=10
num_cat=0
split_feature=9 56 5 8 8 77 100 86 102
split_gain=4.39038e-05 0.000297882 0.00014544 0.000269902 0.000229914 0.000146587 0.000151573 0.000111549 0.000134098
threshold=2.9700856263602158 2.825805801163646 2.8617925509761908 3.1132683346437333 2.740319461670996 3.5114340430413216 4.7664292796317111 0.68662364609322568 3.0201273556387074
decision_type=2 2 2 2 2 2 2 2 2
left_child=2 -2 5 4 -4 6 -1 8 -3
right_child=1 7 3 -5 -6 -7 -8 -9 -10
leaf_value=3.8207870966289198e-05 -0.00053954312390529094 0.00029696182464249436 0.00015167119026255718 -8.0346590287885391e-05 0.00078945658868178725 -0.00035968150345566262 -0.00025662207086785013 -0.00031802089400695302 -1.2577428578313623e-05
leaf_weight=212 10.999999999999998 14.999999999999998 13.000000000000002 19 9.9999999999999982 10.999999999999998 19 10.999999999999998 209
leaf_count=212 11 15 13 19 10 11 19 11 209
internal_value=0 -3.09246e-05 2.67868e-05 0.000198564 0.000428969 -3.02582e-06 1.39578e-05 -7.11696e-06 8.15065e-06
internal_weight=0 246 284 42 23 242 231 235 224
internal_count=530 246 284 42 23 242 231 235 224
is_linear=0
shrinkage=0.1


Tree=600
num_leaves=11
num_cat=0
split_feature=86 86 51 50 0 97 40 44 38 80
split_gain=4.70688e-05 0.000281288 0.000216385 0.000442564 0.000200048 0.000168947 0.00016788 0.000258538 0.000256867 0.000141053
threshold=0.54205585727546068 0.52229563671786405 3.6242520361853052 7.7200154778615948 4.7706487139546434 3.6242520361853052 3.2769667020129059 3.2384861814448418 7.3465451993519082 2.8429425869645697
decision_type=2 2 2 2 2 2 2 2 2 2
left_child=1 6 3 9 5 -4 7 -1 -8 -2
right_child=2 -3 4 -5 -6 -7 8 -9 -10 -11
leaf_value=1.5727059355615187e-05 4.9716327868571339e-06 -0.00054075303021818401 0.00015047977900725198 0.00078238309899461469 0.00028555547323776408 -0.00030038397229445229 -0.00052054908301215621 0.00035307105326165376 -4.1928610445923942e-05 0.00041325898258946835
leaf_weight=180 55 9.9999999999999982 10.999999999999998 9.9999999999999982 10.999999999999998 34 11.999999999999998 26 171 9.9999999999999982
leaf_count=180 55 10 11 10 11 34 12 26 171 10
internal_value=0 -1.70757e-05 5.20091e-05 0.000163065 -9.67262e-05 -0.000190173 -3.61353e-06 5.83045e-05 -7.33136e-05 6.77851e-05
internal_weight=0 399 131 75 56 45 389 206 183 65
internal_count=530 399 131 75 56 45 389 206 183 65
is_linear=0
shrinkage=0.1


Tree=601
num_leaves=6
num_cat=0
split_feature=21 18 100 79 100
split_gain=4.40303e-05 0.000105948 6.6859e-05 0.000110733 0.00010807
threshold=5.4160905255636633 9.5188769219551848 5.9476940157565394 4.4127799275304271 5.7316890070658078
decision_type=2 2 2 2 2
left_child=1 2 4 -4 -1
right_child=-2 -3 3 -5 -6
leaf_value=5.3586744669161893e-06 0.00019798185147175737 -0.00026609473473702868 0.00042035282467622876 9.2407957134511023e-06 -0.00021685237057365316
leaf_weight=452 10.999999999999998 14.999999999999998 10.000000000000002 19 23
leaf_count=452 11 15 10 19 23
internal_value=0 -4.19615e-06 3.59845e-06 0.000151004 -5.40102e-06
internal_weight=0 519 504 29 475
internal_count=530 519 504 29 475
is_linear=0
shrinkage=0.1


Tree=602
num_leaves=5
num_cat=0
split_feature=65 13 10 61
split_gain=4.40809e-05 8.56703e-05 9.10022e-05 9.08991e-05
threshold=5.3344645682746181 5.3659650969185444 9.412013838488722 4.3457504100143449
decision_type=2 2 2 2
left_child=1 2 3 -1
right_child=-2 -3 -4 -5
leaf_value=3.8764611210492058e-06 0.00020796444732695818 -0.00028010541626082903 0.00025339104571945166 -0.00020873344761812839
leaf_weight=474 9.9999999999999982 10.999999999999998 13.999999999999998 21
leaf_count=474 10 11 14 21
internal_value=0 -3.99932e-06 1.96761e-06 -5.14335e-06
internal_weight=0 520 509 495
internal_count=530 520 509 495
is_linear=0
shrinkage=0.1


Tree=603
num_leaves=5
num_cat=0
split_feature=31 7 10 99
split_gain=3.88566e-05 0.000112337 6.9676e-05 7.93644e-05
threshold=6.4800257426481824 6.4216103699850091 9.412013838488722 3.8815106545092593
decision_type=2 2 2 2
left_child=1 2 3 -1
right_child=-2 -3 -4 -5
leaf_value=9.0525865812397788e-06 0.00018598670662454839 -0.00030634877430202323 0.00022320263243561352 -0.00013625060184006921
leaf_weight=452 10.999999999999998 11.999999999999998 13.999999999999998 41
leaf_count=452 11 12 14 41
internal_value=0 -3.94192e-06 3.21564e-06 -3.03145e-06
internal_weight=0 519 507 493
internal_count=530 519 507 493
is_linear=0
shrinkage=0.1


Tree=604
num_leaves=6
num_cat=0
split_feature=99 44 99 9 65
split_gain=4.06214e-05 8.35721e-05 5.70922e-05 0.00014196 9.55947e-05
threshold=5.1444770070688017 5.814019136035367 3.8815106545092593 4.2696729980286863 3.8341825184967671
decision_type=2 2 2 2 2
left_child=1 2 3 -1 -4
right_child=-2 -3 4 -5 -6
leaf_value=3.2764783909235785e-06 0.00019016337411647494 -0.00029032031219685452 -0.00034419061557855457 0.00032673644392551592 -2.4982949354861917e-05
leaf_weight=440 10.999999999999998 9.9999999999999982 11.999999999999998 13.999999999999998 43
leaf_count=440 11 10 12 14 43
internal_value=0 -4.03044e-06 1.59412e-06 1.3251e-05 -9.46283e-05
internal_weight=0 519 509 454 55
internal_count=530 519 509 454 55
is_linear=0
shrinkage=0.1


Tree=605
num_leaves=11
num_cat=0
split_feature=99 101 29 45 2 102 101 49 51 22
split_gain=4.00842e-05 0.000172094 0.000256086 0.000247246 0.000239133 0.000120967 0.000332688 0.000147136 0.000210868 0.000190741
threshold=1.7046538063492797e-20 1.386294361119891 2.3502401828962087 1.700598690831078 4.330646767694998 8.3266726846886741e-17 2.0126758453675753 2.0126758453675753 3.4498615536424366 6.8007253126915543
decision_type=2 2 2 2 2 2 2 2 2 2
left_child=1 3 -3 -1 -5 6 -2 9 -9 -7
right_child=5 2 -4 4 -6 7 -8 8 -10 -11
leaf_value=-0.00031781283414602515 -0.00010877184998077736 0.00010034029958963703 -0.00049604474980798031 0.00054585297158072624 2.4564475378693631e-05 9.4994572838699888e-05 0.00060877576373362299 0.00019850323927433542 -7.7035339999746734e-06 -0.00019176153315403436
leaf_weight=15.999999999999998 14.000000000000002 12.000000000000002 18 10.999999999999998 44 34 11.999999999999998 63 233 73
leaf_count=16 14 12 18 11 44 34 12 63 233 73
internal_value=0 -5.66783e-05 -0.000257491 2.8172e-05 0.000128822 1.33438e-05 0.000222404 -1.4391e-07 3.61851e-05 -0.000100643
internal_weight=0 101 30 71 55 429 26 403 296 107
internal_count=530 101 30 71 55 429 26 403 296 107
is_linear=0
shrinkage=0.1


Tree=606
num_leaves=11
num_cat=0
split_feature=3 97 57 49 46 23 25 27 7 7
split_gain=4.69623e-05 0.000226391 0.000254172 0.000145646 0.000381589 0.000127505 0.000321526 0.000153375 0.000117971 0.000221642
threshold=2.524928003624769 2.7058230259275202 1.8239285224305608 2.602003343538398 5.7364422077165234 0.69314718055994573 1.4978661367769959 4.1971736807086968 2.3502401828962087 2.9700856263602162
decision_type=2 2 2 2 2 2 2 2 2 2
left_child=3 2 -2 5 -5 6 -1 -7 -3 -10
right_child=1 8 -4 4 -6 7 -8 -9 9 -11
leaf_value=2.4101233330107861e-05 0.0005383889969808103 0.00030433580541284756 -4.9003197938628343e-05 0.00011380951851606367 -0.00059948257190020138 0.00015001327374753042 -0.00047807149398174857 -0.00021488328181606321 -0.00036626999619115584 5.1008168988997561e-06
leaf_weight=51 17.000000000000004 11.999999999999998 12.999999999999998 15.000000000000002 14.999999999999998 65 17 13.999999999999998 17 294
leaf_count=51 17 12 13 15 15 65 17 14 17 294
internal_value=0 2.10783e-05 0.000283852 -4.20376e-05 -0.000242837 -1.0582e-06 -0.000101442 8.53481e-05 -3.32793e-06 -1.51992e-05
internal_weight=0 353 30 177 30 147 68 79 323 311
internal_count=530 353 30 177 30 147 68 79 323 311
is_linear=0
shrinkage=0.1


Tree=607
num_leaves=8
num_cat=0
split_feature=26 26 30 26 30 7 25
split_gain=4.58349e-05 0.000343596 0.000342632 0.000184213 0.000188618 0.000169221 0.000142694
threshold=7.4914760745935558 7.566306192404392 7.4914760745935558 7.6218971959182094 7.6898260528985487 4.3241107269113215 2.4414009612931857
decision_type=2 2 2 2 2 2 2
left_child=2 -2 5 -3 -5 6 -1
right_child=1 3 -4 4 -6 -7 -8
leaf_value=-3.2408215731436484e-05 0.00051100739157326259 -0.00041842517348413823 -0.00051141555886715653 0.00034084402489979233 -4.1874175040461547e-06 -0.00032789954333566133 0.00014141930912331583
leaf_weight=160 13.999999999999998 9.9999999999999982 13.999999999999998 17 233 14.999999999999998 67
leaf_count=160 14 10 14 17 233 15 67
internal_value=0 2.84253e-05 -3.0424e-05 2.44011e-06 1.92747e-05 -2.59799e-06 1.88977e-05
internal_weight=0 274 256 260 250 242 227
internal_count=530 274 256 260 250 242 227
is_linear=0
shrinkage=0.1


Tree=608
num_leaves=10
num_cat=0
split_feature=33 64 64 12 33 19 62 21 77
split_gain=4.25888e-05 0.000250302 0.000269659 0.000247774 0.000207916 0.000181658 0.000312738 0.000153962 0.000141896
threshold=2.8029010331479989 3.1300296806630548 3.212164314702131 2.9700856263602158 2.740319461670996 3.9415346756528771 3.1984648276080736 2.8029010331479989 1.0000000180025095e-35
decision_type=2 2 2 2 2 2 2 2 2
left_child=4 3 -3 8 5 6 -1 -4 -2
right_child=1 2 7 -5 -6 -7 -8 -9 -10
leaf_value=-1.6428100236060509e-05 -5.1199819828415738e-07 -0.00052534652757458395 -0.00029233517634565944 0.0006488800493322991 -0.00047623548889532687 -0.00034838786465115848 0.00050781479203578785 3.0219982665566658e-05 0.0004363236378412694
leaf_weight=220 29 9.9999999999999982 15.999999999999998 10.999999999999998 9.9999999999999982 14.999999999999998 11.999999999999998 197 9.9999999999999982
leaf_count=220 29 10 16 11 10 15 12 197 10
internal_value=0 2.75039e-05 -1.78363e-05 0.000229721 -2.92163e-05 -1.11183e-05 1.06879e-05 5.99049e-06 0.000111497
internal_weight=0 273 223 50 257 247 232 213 39
internal_count=530 273 223 50 257 247 232 213 39
is_linear=0
shrinkage=0.1


Tree=609
num_leaves=14
num_cat=0
split_feature=47 39 21 43 47 92 87 45 74 87 101 19 62
split_gain=4.22182e-05 0.000251583 0.00035921 0.00019716 0.000183006 0.000296515 0.000450632 0.000214967 0.000189339 0.000241321 0.000163596 0.000114532 0.000241046
threshold=3.6762205501217919 3.2769667020129059 3.1132683346437333 3.6762205501217919 4.1510089048756029 3.9873641528738468 0.067463288770553395 3.4175922930736511 0.027914224776470934 0.5556069708080712 3.1132683346437333 4.0163424379838117 3.1984648276080736
decision_type=2 2 2 2 2 2 2 2 2 2 2 2 2
left_child=1 11 -3 -4 5 6 -2 -7 10 -10 -6 12 -1
right_child=4 2 3 -5 8 7 -8 -9 9 -11 -12 -13 -14
leaf_value=7.8120784181628738e-06 0.00070073944032054362 -0.00064297695804270926 0.00021272338490234684 -0.0002999945289722443 0.00013165479620794659 -0.00023873385020124261 -8.2013025015233634e-05 0.00028360979810643656 -0.00039806342415249669 0.00016399602199354297 -7.3820698076022573e-05 -0.00022003106940868939 0.00043724385260637588
leaf_weight=197 19.000000000000004 14.999999999999998 15.000000000000002 14.999999999999998 77 20 11.999999999999998 12.999999999999998 25 10.999999999999998 78 19 13.999999999999998
leaf_count=197 19 15 15 15 77 20 12 13 25 11 78 19 14
internal_value=0 -2.71779e-05 -0.000243416 -4.36356e-05 2.93095e-05 0.000175658 0.000397738 -3.29621e-05 -1.97289e-05 -0.000226323 2.82542e-05 1.51296e-05 3.63052e-05
internal_weight=0 275 45 30 255 64 31 33 191 36 155 230 211
internal_count=530 275 45 30 255 64 31 33 191 36 155 230 211
is_linear=0
shrinkage=0.1


Tree=610
num_leaves=9
num_cat=0
split_feature=5 104 103 70 100 68 42 68
split_gain=3.93375e-05 0.000225399 0.000184624 0.000154189 0.000161463 0.000123662 0.000457614 0.000141251
threshold=3.3842466058243152 3.7256208424938388 3.8393944990995776 3.802948177271793 5.1059271080903725 4.2190915858887967 7.955199711512468 4.3305708740509088
decision_type=2 2 2 2 2 2 2 2
left_child=1 3 -2 4 -1 6 -4 -7
right_child=2 -3 5 -5 -6 7 -8 -9
leaf_value=-3.4806802654541565e-06 0.00035172810380840126 -0.0004125599616340229 -2.3154498740041164e-05 -0.00032800776493136907 0.00035623325624888264 -0.00041280151704995664 0.00070514195831492552 -1.86233676631673e-05
leaf_weight=311 17 13.999999999999998 40 13.999999999999998 12.999999999999998 9.9999999999999982 10.999999999999998 100
leaf_count=311 17 14 40 14 13 10 11 100
internal_value=0 -1.93733e-05 3.83113e-05 -3.08748e-06 1.09523e-05 5.21758e-06 0.000133929 -5.44577e-05
internal_weight=0 352 178 338 324 161 51 110
internal_count=530 352 178 338 324 161 51 110
is_linear=0
shrinkage=0.1


Tree=611
num_leaves=9
num_cat=0
split_feature=86 86 21 103 35 32 45 24
split_gain=3.84411e-05 0.000216981 0.000183907 0.000296082 0.000153582 0.000117077 0.000273582 0.000253404
threshold=0.54205585727546068 0.52229563671786405 1.0000000180025095e-35 1.9640576464459089e-20 2.4414009612931857 3.4175922930736511 3.3842466058243152 3.6762205501217919
decision_type=2 2 2 2 2 2 2 2
left_child=1 5 -2 -4 -5 6 -1 -7
right_child=2 -3 3 4 -6 7 -8 -9
leaf_value=9.2941574575660298e-06 -0.00025982435755020778 -0.00047536963713355361 0.00045311770855302089 0.00022781530636935854 -5.7365736258519894e-05 -0.00027569679904297309 0.00039728733623633166 5.1668509764195334e-06
leaf_weight=199 17 9.9999999999999982 19 26 69 43 20 127
leaf_count=199 17 10 19 26 69 43 20 127
internal_value=0 -1.54315e-05 4.70014e-05 9.27561e-05 2.06838e-05 -3.60794e-06 4.47273e-05 -6.58751e-05
internal_weight=0 399 131 114 95 389 219 170
internal_count=530 399 131 114 95 389 219 170
is_linear=0
shrinkage=0.1


Tree=612
num_leaves=10
num_cat=0
split_feature=38 40 57 11 32 68 35 34 47
split_gain=4.0214e-05 0.000154147 0.000125888 0.000135899 9.85197e-05 0.000234399 7.42588e-05 0.000256478 0.000204706
threshold=9.158047031070609 5.0466405620843924 3.3438337626903061 4.7405652883788738 4.9451504953659766 4.6394323284453129 4.8081027000528378 8.5230704732322558 4.867504863781412
decision_type=2 2 2 2 2 2 2 2 2
left_child=4 -2 3 -3 6 -6 7 -1 -8
right_child=1 2 -4 -5 5 -7 8 -9 -10
leaf_value=6.9005522614088018e-06 -0.00043667760895914397 8.6939686346643896e-05 0.00030865801149047915 -0.00037581791720268405 0.00053888367309065687 -0.00013006293680518864 0.00047467729503599304 -0.00031164061640285786 -1.898009317561186e-05
leaf_weight=396 9.9999999999999982 15.000000000000002 9.9999999999999982 10.999999999999998 11.000000000000002 9.9999999999999982 11.999999999999998 27 28
leaf_count=396 10 15 10 11 11 10 12 27 28
internal_value=0 -8.935e-05 7.12995e-06 -0.000108842 8.49194e-06 0.000220338 -1.11662e-06 -1.34319e-05 0.000129117
internal_weight=0 46 36 26 484 21 463 423 40
internal_count=530 46 36 26 484 21 463 423 40
is_linear=0
shrinkage=0.1


Tree=613
num_leaves=13
num_cat=0
split_feature=11 7 7 11 15 9 100 8 80 7 17 13
split_gain=3.72791e-05 0.00013273 0.000161539 0.000132287 0.000195143 0.000188785 0.000181481 0.000180055 0.00017279 0.000121356 0.000162003 8.5112e-05
threshold=2.3502401828962087 2.524928003624769 2.1383330595080281 1.2424533248940006 2.3502401828962087 2.0126758453675753 3.8176519431297078 7.5894152073985326e-18 0.3299106210440475 2.8029010331479989 1.8688348091416844 2.4414009612931857
decision_type=2 2 2 2 2 2 2 2 2 2 2 2
left_child=3 2 11 6 5 -5 8 -8 -1 -3 -11 -2
right_child=1 9 -4 4 -6 -7 7 -9 -10 10 -12 -13
leaf_value=-0.00013596253561830716 -0.00015442329924553628 -0.00032735594378953631 0.00054577299277298159 0.00014745071190797415 -0.00042238100370588271 -0.00028096596037762036 0.0005586895622069608 5.0307755928339535e-05 0.00021798737563787858 -0.0002809430821798742 2.7899196314582129e-05 0.00024059409940188441
leaf_weight=59 10.000000000000002 10.999999999999998 9.9999999999999982 24 19 18 11.000000000000002 19 18 18 301 11.999999999999998
leaf_count=59 10 11 10 24 19 18 11 19 18 18 301 12
internal_value=0 1.80674e-05 0.00021252 -3.89309e-05 -0.000156456 -3.61564e-05 2.80693e-05 0.000236714 -5.3221e-05 -7.88584e-07 1.04724e-05 6.10407e-05
internal_weight=0 362 32 168 61 42 107 30 77 330 319 22
internal_count=530 362 32 168 61 42 107 30 77 330 319 22
is_linear=0
shrinkage=0.1


Tree=614
num_leaves=8
num_cat=0
split_feature=37 41 41 34 57 41 38
split_gain=4.05125e-05 0.000233283 0.000178922 0.000132813 8.65003e-05 7.48078e-05 0.000116652
threshold=4.0942056540395164 4.135134555718313 4.3241107269113215 8.9808621585217967 3.4306622201124024 3.9607678160667752 8.5681665189468355
decision_type=2 2 2 2 2 2 2
left_child=3 -2 -3 5 -4 6 -1
right_child=1 2 4 -5 -6 -7 -8
leaf_value=8.667426442714979e-06 -0.00049320021908814938 0.0003536645274531717 -0.00012628127366648794 0.00037209734786301855 0.00019701606361195446 0.0002157861535124539 -0.00021402477531228217
leaf_weight=398 10.999999999999998 11.999999999999998 48 9.9999999999999982 9.9999999999999982 15.999999999999998 25
leaf_count=398 11 12 48 10 10 16 25
internal_value=0 -6.50934e-05 2.18048e-06 1.17429e-05 -7.05404e-05 3.53438e-06 -4.49405e-06
internal_weight=0 81 70 449 58 439 423
internal_count=530 81 70 449 58 439 423
is_linear=0
shrinkage=0.1


Tree=615
num_leaves=10
num_cat=0
split_feature=24 16 104 28 25 18 17 2 43
split_gain=3.84015e-05 0.000185563 0.000517911 0.000155013 0.000157644 9.98357e-05 7.18535e-05 0.00013983 4.08066e-05
threshold=4.7094896185437563 4.4367340276668159 4.2268071048866842 4.5798392285869785 3.5972184255501678 8.8350534014812574 4.135134555718313 8.8031957863788737 3.7012257604091228
decision_type=2 2 2 2 2 2 2 2 2
left_child=1 3 -3 4 -1 -2 -7 -8 -4
right_child=5 2 8 -5 -6 6 7 -9 -10
leaf_value=-1.4286736479191046e-05 -0.00029743485240032899 0.0008399073175678496 0.00011700289277624421 -0.00034705464763996695 0.0002168243051528407 0.00023592551282490605 -0.00029936058962221068 6.4645015053458577e-05 -0.0001496475825357872
leaf_weight=380 14.999999999999998 9.9999999999999982 11.000000000000002 12.999999999999998 32 9.9999999999999982 15.999999999999998 31 11.999999999999998
leaf_count=380 15 10 11 13 32 10 16 31 12
internal_value=0 1.06726e-05 0.000239101 -7.06422e-06 3.66364e-06 -6.78895e-05 -7.48279e-06 -5.92718e-05 -2.21191e-05
internal_weight=0 458 33 425 412 72 57 47 23
internal_count=530 458 33 425 412 72 57 47 23
is_linear=0
shrinkage=0.1


Tree=616
num_leaves=8
num_cat=0
split_feature=37 34 39 32 35 26 22
split_gain=3.38888e-05 0.000212099 0.000193876 0.000169435 0.000247386 0.000113631 0.000140253
threshold=1.4978661367769959 5.4094089116575796 2.249904835165133 2.9174053685313028 0.34657359027997314 5.5154246272451131 5.5702057285008761
decision_type=2 2 2 2 2 2 2
left_child=2 -2 3 4 -1 -3 -7
right_child=1 5 -4 -5 -6 6 -8
leaf_value=-3.32867044107843e-05 0.00042694611377858864 -0.00029048902752737584 -0.00042922728880512295 -0.00039047705009579662 0.00042832435740690149 0.00036205722188407729 -1.8392316306768081e-08
leaf_weight=68 11.999999999999998 12.999999999999998 11.999999999999998 9.9999999999999982 13.999999999999998 10.999999999999998 390
leaf_count=68 12 13 12 10 14 11 390
internal_value=0 1.2494e-05 -5.11774e-05 -1.86658e-06 4.55249e-05 4.80916e-07 9.91386e-06
internal_weight=0 426 104 92 82 414 401
internal_count=530 426 104 92 82 414 401
is_linear=0
shrinkage=0.1


Tree=617
num_leaves=10
num_cat=0
split_feature=9 56 1 86 51 13 101 17 17
split_gain=3.41483e-05 0.000208777 0.000120159 0.000248361 0.000115772 0.000206064 0.000182057 0.000112863 0.000200914
threshold=2.9700856263602158 2.825805801163646 3.0201273556387074 0.16521148734654009 1.0000000180025095e-35 2.524928003624769 3.4811217321331038 2.3502401828962087 3.1132683346437333
decision_type=2 2 2 2 2 2 2 2 2
left_child=2 -2 4 -4 5 -1 -6 -3 -9
right_child=1 7 3 -5 6 -7 -8 8 -10
leaf_value=3.4326773382761874e-05 -0.00045307931405576794 -0.00029372425140956275 0.00045987551600453164 -0.00014994211484339428 -1.8499097272721867e-05 0.00048105592528978986 -0.0004391612475790846 0.00025983735374341321 -2.6713403318335059e-05
leaf_weight=74 10.999999999999998 12.999999999999998 17.000000000000004 10.999999999999998 159 11.999999999999998 10.999999999999998 28 194
leaf_count=74 11 13 17 11 159 12 11 28 194
internal_value=0 -2.72733e-05 2.36241e-05 0.000220304 2.1122e-06 9.66611e-05 -4.57184e-05 -7.342e-06 9.42813e-06
internal_weight=0 246 284 28 256 86 170 235 222
internal_count=530 246 284 28 256 86 170 235 222
is_linear=0
shrinkage=0.1


Tree=618
num_leaves=12
num_cat=0
split_feature=86 86 45 23 100 104 101 40 43 44 64
split_gain=3.50658e-05 0.000174081 0.000157434 0.000384856 0.000411217 0.00019726 0.000134389 9.71321e-05 0.000191226 0.000189667 3.99744e-05
threshold=0.54205585727546068 0.52229563671786405 2.9174053685313028 4.6395599436855051 4.5271940351011493 3.5114340430413216 4.9331198848090459e-18 3.2769667020129059 3.4175922930736511 3.1984648276080736 4.6371480204983948
decision_type=2 2 2 2 2 2 2 2 2 2 2
left_child=1 7 5 4 -4 6 -2 9 -9 -1 -5
right_child=2 -3 3 10 -6 -7 -8 8 -10 -11 -12
leaf_value=5.6830720831126278e-06 -0.00020106556714899351 -0.00042670686147175727 8.0891917483919901e-05 -0.00014614586341647534 0.00092736336571926428 -0.00038932198214232426 0.00012551918773083128 -0.00037659598079592209 -2.4452159449132719e-05 0.00029001234161788256 7.1091443561499543e-05
leaf_weight=179 18 9.9999999999999982 12.000000000000002 18 10.999999999999998 13.999999999999998 42 17 166 27 15.999999999999998
leaf_count=179 18 10 12 18 11 14 42 17 166 27 16
internal_value=0 -1.47385e-05 4.48905e-05 0.000169799 0.000485726 -5.13227e-05 2.75438e-05 -4.14804e-06 -5.7165e-05 4.29495e-05 -4.39165e-05
internal_weight=0 399 131 57 23 74 60 389 183 206 34
internal_count=530 399 131 57 23 74 60 389 183 206 34
is_linear=0
shrinkage=0.1


Tree=619
num_leaves=11
num_cat=0
split_feature=33 65 31 9 98 37 35 27 17 19
split_gain=3.61461e-05 0.000277147 0.000187054 0.000221769 0.000215939 0.000193996 0.000208632 0.000154687 0.000148085 0.000172573
threshold=3.1567740231385479 2.0995307658629145 3.7726948748059121 2.9174053685313028 3.5408542930527882 3.1567740231385479 3.4811217321331038 3.9219243190762363 2.4414009612931857 3.9415346756528771
decision_type=2 2 2 2 2 2 2 2 2 2
left_child=2 -2 5 7 -5 6 -1 -4 -3 -10
right_child=1 8 3 4 -6 -7 -8 -9 9 -11
leaf_value=-7.1202815996588537e-06 0.00054580026539042593 0.00038176149711944163 -0.00027839545509777958 -0.0007876141695305702 -0.00013043989456491546 -0.00042419712059199816 0.00027285146585199983 0.00026503048879517754 -0.00032740953156462638 1.5530555739559466e-05
leaf_weight=236 9.9999999999999982 9.9999999999999982 10.000000000000002 10.000000000000002 9.9999999999999982 9.9999999999999982 30 10.999999999999998 15.999999999999998 177
leaf_count=236 10 10 10 10 10 10 30 11 16 177
internal_value=0 3.1859e-05 -2.14069e-05 -0.000220711 -0.000459027 8.19995e-06 2.44555e-05 6.25623e-06 6.54173e-06 -1.28997e-05
internal_weight=0 213 317 41 20 276 266 21 203 193
internal_count=530 213 317 41 20 276 266 21 203 193
is_linear=0
shrinkage=0.1


Tree=620
num_leaves=7
num_cat=0
split_feature=95 88 82 70 98 99
split_gain=3.50465e-05 0.00013774 0.00016996 0.000102142 7.99719e-05 8.73664e-05
threshold=4.6298509007569537 0.34363806881130859 1.4224100242747868 4.9924608643107247 4.4484992763719129 3.8815106545092593
decision_type=2 2 2 2 2 2
left_child=3 2 -2 4 5 -1
right_child=1 -3 -4 -5 -6 -7
leaf_value=6.5908567908731385e-07 0.00055143074830993994 -0.00015250518762816988 2.589708731193241e-05 -0.00028400038701455253 0.00023556977976113558 -0.00025302323961763515
leaf_weight=448 10.000000000000002 14.999999999999998 15.999999999999998 12.999999999999998 13.999999999999998 13.999999999999998
leaf_count=448 10 15 16 13 14 14
internal_value=0 8.88069e-05 0.000228025 -7.44598e-06 1.06979e-07 -7.02826e-06
internal_weight=0 41 26 489 476 462
internal_count=530 41 26 489 476 462
is_linear=0
shrinkage=0.1


Tree=621
num_leaves=9
num_cat=0
split_feature=33 40 0 39 5 16 1 16
split_gain=3.29605e-05 0.0001748 0.000213022 0.000160197 0.000154963 0.000141935 0.000141812 0.000175817
threshold=2.8029010331479989 2.602003343538398 3.4811217321331038 4.2972622671762819 1.4978661367769959 2.8617925509761908 4.0942056540395164 3.1984648276080736
decision_type=2 2 2 2 2 2 2 2
left_child=3 2 -2 6 -3 -6 7 -1
right_child=1 4 -4 -5 5 -7 -8 -9
leaf_value=1.2934747424687407e-05 0.0006351559031463692 0.00038749282713979483 -1.7564020381541923e-05 -0.00041808466776274147 -0.00022595696779847331 1.3402162126852958e-05 0.00029929976486268322 -0.00021098763934068577
leaf_weight=190 10.000000000000002 9.9999999999999982 9.9999999999999982 9.9999999999999982 28 215 13.999999999999998 43
leaf_count=190 10 10 10 10 28 215 14 43
internal_value=0 2.4196e-05 0.000308796 -2.57024e-05 1.69802e-06 -1.41783e-05 -9.81648e-06 -2.839e-05
internal_weight=0 273 20 257 253 243 247 233
internal_count=530 273 20 257 253 243 247 233
is_linear=0
shrinkage=0.1


Tree=622
num_leaves=15
num_cat=0
split_feature=11 11 88 3 20 65 13 49 42 48 61 34 99 86
split_gain=3.29329e-05 0.000103108 0.000309926 0.000355868 0.00016308 0.00034215 0.000132939 0.000101324 0.00028205 0.000210958 0.000402641 0.000206065 0.000123609 0.000121509
threshold=2.3502401828962087 2.9700856263602162 0.041058849910378711 2.524928003624769 1.4978661367769959 1.9841099832694284 2.3502401828962087 1.700598690831078 5.6185859816918615 1.4978661367769959 1.832712310925775 5.7364422077165234 1.4978661367769959 0.3136831544630328
decision_type=2 2 2 2 2 2 2 2 2 2 2 2 2 2
left_child=7 2 6 -4 -3 -6 -2 9 13 12 -11 -10 -1 -9
right_child=1 4 3 -5 5 -7 -8 8 11 10 -12 -13 -14 -15
leaf_value=-9.7962517707749034e-05 -0.00039852622605394565 0.00037434920456937766 2.773937002140363e-05 0.00075433134029131348 -0.00051951244138483447 4.8826299299152793e-06 0.00010525305683999746 0.00031359382223204838 -0.00065449904056246551 0.00076957304903771699 -8.9597819169284776e-05 -0.00015352383779827506 0.00027858342364197599 -8.9810445570037703e-05
leaf_weight=68 10.000000000000002 10.999999999999998 14.000000000000002 12.999999999999998 12.999999999999998 290 10.999999999999998 14.000000000000002 11.999999999999998 10.000000000000002 11.999999999999998 26 9.9999999999999982 15.999999999999998
leaf_count=68 10 11 14 13 13 290 11 14 12 10 12 26 10 16
internal_value=0 1.69816e-05 0.000153483 0.00037758 -3.8849e-06 -1.76162e-05 -0.000134642 -3.65912e-05 -0.000130769 2.74494e-05 0.000300934 -0.000311727 -4.96874e-05 9.84449e-05
internal_weight=0 362 48 27 314 303 21 168 68 100 22 38 78 30
internal_count=530 362 48 27 314 303 21 168 68 100 22 38 78 30
is_linear=0
shrinkage=0.1


Tree=623
num_leaves=9
num_cat=0
split_feature=92 10 92 84 29 89 32 88
split_gain=3.07279e-05 7.65324e-05 5.28146e-05 0.00019734 0.000122786 0.000131288 0.000119664 8.60323e-05
threshold=4.2344969400280812 8.6052910742775399 4.0669466417390705 0.67214356505925299 4.6298509007569537 0.065471168630690413 4.6867395546766826 0.5204310804849247
decision_type=2 2 2 2 2 2 2 2
left_child=2 -2 4 7 6 -6 -1 -4
right_child=1 -3 3 -5 5 -7 -8 -9
leaf_value=-6.1606891863231715e-06 -0.00031876436420134261 6.3475518519143486e-05 -0.00010821940892268546 0.0004559124853888837 -0.0005040562694193794 8.3654845366254462e-06 0.00023844561143223907 0.00023692069109529257
leaf_weight=420 10.000000000000002 10.999999999999998 26 11.999999999999998 10.000000000000002 9.9999999999999982 21 9.9999999999999982
leaf_count=420 10 11 26 12 10 10 21 10
internal_value=0 -0.000118543 4.89079e-06 0.000104718 -5.50334e-06 -0.000247845 5.48723e-06 -1.23472e-05
internal_weight=0 21 509 48 461 20 441 36
internal_count=530 21 509 48 461 20 441 36
is_linear=0
shrinkage=0.1


Tree=624
num_leaves=5
num_cat=0
split_feature=35 35 34 32
split_gain=3.35581e-05 0.000129501 0.000119276 0.000107237
threshold=6.4216103699850091 5.9888074996960983 9.3980403144047564 5.1179758838799021
decision_type=2 2 2 2
left_child=1 2 3 -1
right_child=-2 -3 -4 -5
leaf_value=-3.6790927706552684e-06 -0.00015276410413207487 0.00032880986524711869 -0.00031508148240391167 0.00028740323166577861
leaf_weight=479 13.999999999999998 11.999999999999998 11.999999999999998 12.999999999999998
leaf_count=479 14 12 12 13
internal_value=0 4.14476e-06 -3.58536e-06 4.01211e-06
internal_weight=0 516 504 492
internal_count=530 516 504 492
is_linear=0
shrinkage=0.1


Tree=625
num_leaves=8
num_cat=0
split_feature=24 28 28 14 31 95 66
split_gain=3.08453e-05 0.000172848 0.000115735 8.15274e-05 7.71071e-05 0.00010839 0.000177874
threshold=4.7094896185437563 4.6490840411708527 4.4826034013851794 8.8684732016442744 4.9126278521332782 3.3140206880897671 4.2625806805327082
decision_type=2 2 2 2 2 2 2
left_child=1 2 3 -1 -2 -6 -7
right_child=4 -3 -4 -5 5 6 -8
leaf_value=-3.5203530284160072e-06 -0.00023368391986495178 0.00034341818691852196 -0.00033807584841270003 0.00020321075957326686 -0.000190185071551241 0.00033674687729217116 -0.00012070644528755698
leaf_weight=413 19 14.999999999999998 9.9999999999999982 20 19 17 17
leaf_count=413 19 15 10 20 19 17 17
internal_value=0 9.56512e-06 -1.73916e-06 6.02843e-06 -6.08448e-05 1.11643e-06 0.00010802
internal_weight=0 458 443 433 72 53 34
internal_count=530 458 443 433 72 53 34
is_linear=0
shrinkage=0.1


Tree=626
num_leaves=14
num_cat=0
split_feature=72 83 36 78 38 68 73 88 45 58 37 29 104
split_gain=2.98289e-05 0.000101723 0.000272387 0.000111655 0.000129609 0.000102199 0.000101156 0.000137604 0.000198246 0.000117323 9.39732e-05 0.000201773 8.32142e-05
threshold=0.19014861820061882 0.17647353646274655 3.3140206880897671 0.87571351361104177 4.330646767694998 3.2519801631689549 1.4978661367769956 1.0000000180025095e-35 2.9700856263602158 2.8617925509761908 1.0000000180025095e-35 1.1362438767648089e-16 2.602003343538398
decision_type=2 2 2 2 2 2 2 2 2 2 2 2 2
left_child=6 2 -2 5 -5 -3 10 8 -8 -9 -1 -12 -4
right_child=1 3 12 4 -6 -7 7 9 -10 -11 11 -13 -14
leaf_value=0.00020328503596829252 0.00036675338143188704 -2.646880986338311e-05 -0.00036595405166735864 -0.00024841331913577099 5.9265419058276018e-05 -0.00041765262003001921 9.3738450934700986e-05 0.00021658375751160619 0.00056369391386397189 -0.00014014498015900176 -0.00041133584910802221 -8.3265769093746452e-06 4.2002315603895118e-05
leaf_weight=19 19 11.000000000000002 10.000000000000002 19 49 17 29 13.999999999999998 12.999999999999998 27 12.999999999999998 280 9.9999999999999982
leaf_count=19 19 11 10 19 49 17 29 14 13 27 13 280 10
internal_value=0 -4.058e-05 9.56102e-05 -9.59073e-05 -2.67036e-05 -0.000263973 1.38691e-05 0.000111984 0.000239201 -1.83352e-05 -1.2232e-05 -2.62075e-05 -0.000161976
internal_weight=0 135 39 96 68 28 395 83 42 41 312 293 20
internal_count=530 135 39 96 68 28 395 83 42 41 312 293 20
is_linear=0
shrinkage=0.1


Tree=627
num_leaves=10
num_cat=0
split_feature=19 22 86 15 22 11 7 47 57
split_gain=2.84918e-05 0.000203495 0.000249967 0.000110312 0.000109557 0.000275353 0.000169663 8.33943e-05 0.000100984
threshold=4.7405652883788738 8.4149412149085823 0.26518084560044003 4.7405652883788738 8.0871791040414465 3.8815106545092593 4.4484992763719129 3.7494348669884658 3.5850582005954617
decision_type=2 2 2 2 2 2 2 2 2
left_child=1 4 -3 -2 6 -6 -1 -5 -9
right_child=3 2 -4 7 5 -7 -8 8 -10
leaf_value=2.8544072272375035e-05 -0.00033168584365436498 -2.4390284347140955e-05 0.0005026209190772433 -0.0001977294797574072 -0.000544309779518069 3.9908573061468146e-06 -0.00025267688878280432 -3.1637625139218903e-05 0.00022953017803956758
leaf_weight=319 11.999999999999998 18 18 19 12.999999999999998 31 23 57 20
leaf_count=319 12 18 18 19 13 31 23 57 20
internal_value=0 1.17295e-05 0.000239115 -4.58318e-05 -9.47751e-06 -0.000158007 9.63155e-06 -1.01e-05 3.61982e-05
internal_weight=0 422 36 108 386 44 342 96 77
internal_count=530 422 36 108 386 44 342 96 77
is_linear=0
shrinkage=0.1


Tree=628
num_leaves=11
num_cat=0
split_feature=37 41 41 31 31 75 43 76 36 89
split_gain=3.09659e-05 0.000175373 0.000108844 9.25995e-05 0.00019413 0.000176715 0.0002698 0.000129126 7.7341e-05 7.59012e-05
threshold=4.0942056540395164 4.135134555718313 4.3241107269113215 4.1971736807086968 4.0689902272260703 2.249904835165133 4.5538214868689204 0.43781495534808906 3.9796379800581989 0.49721651427453734
decision_type=2 2 2 2 2 2 2 2 2 2
left_child=3 -2 -3 4 8 6 -5 -7 -1 -4
right_child=1 2 9 5 -6 7 -8 -9 -10 -11
leaf_value=1.0540239462386581e-05 -0.00042809544088826944 0.00027556254062801602 1.2265528020243225e-05 0.00040726830715169044 -0.0003546885252944776 -0.00042094197124242766 2.5251831667607319e-05 5.7026563948826296e-05 -0.00027187419822439552 -0.0002489857609907631
leaf_weight=320 10.999999999999998 11.999999999999998 43 29 15.999999999999998 10.000000000000002 51 12.999999999999998 9.9999999999999982 14.999999999999998
leaf_count=320 11 12 43 29 16 10 51 13 10 15
internal_value=0 -5.69095e-05 1.41974e-06 1.02665e-05 -1.45112e-05 9.35005e-05 0.000163733 -0.000150786 1.98223e-06 -5.52995e-05
internal_weight=0 81 70 449 346 103 80 23 330 58
internal_count=530 81 70 449 346 103 80 23 330 58
is_linear=0
shrinkage=0.1


Tree=629
num_leaves=8
num_cat=0
split_feature=51 49 77 17 51 87 51
split_gain=2.95623e-05 7.27972e-05 0.000107455 6.91147e-05 5.26579e-05 0.00015694 0.000142396
threshold=5.6780422514550422 4.3630783395783075 3.7494348669884658 3.5694334999727624 4.1820210059610323 0.10096399824287748 3.9415346756528771
decision_type=2 2 2 2 2 2 2
left_child=1 4 -3 -2 6 -6 -1
right_child=3 2 -4 -5 5 -7 -8
leaf_value=2.8983862464537241e-06 0.00030978571972809725 -8.5976123955333595e-06 -0.00040531338679350242 -2.9612542809142419e-05 0.00020096930141638345 -3.6674544444946207e-05 -0.00024001268197585326
leaf_weight=336 10.000000000000002 18.000000000000004 10.999999999999998 14.999999999999998 48 66 26
leaf_count=336 10 18 11 15 48 66 26
internal_value=0 -5.25479e-06 -0.000159076 0.000106147 4.11667e-06 6.3386e-05 -1.45483e-05
internal_weight=0 505 29 25 476 114 362
internal_count=530 505 29 25 476 114 362
is_linear=0
shrinkage=0.1


Tree=630
num_leaves=8
num_cat=0
split_feature=95 88 82 55 54 55 52
split_gain=2.90787e-05 9.8576e-05 0.000129123 9.41518e-05 5.81284e-05 0.00013806 9.2432e-05
threshold=4.6298509007569537 0.34363806881130859 1.4224100242747868 5.1149547266519209 4.5798392285869785 4.8940944640863338 4.5459473083848509
decision_type=2 2 2 2 2 2 2
left_child=3 2 -2 4 6 -6 -1
right_child=1 -3 -4 -5 5 -7 -8
leaf_value=-2.5078178559292581e-07 0.0004805548215517773 -0.00012324987833077709 2.2488756530947285e-05 -0.00028343106647904883 0.00043642366625135749 -4.3263161254193018e-05 -0.00027081874398460904
leaf_weight=439 10.000000000000002 14.999999999999998 15.999999999999998 11.999999999999998 10.000000000000002 14.999999999999998 12.999999999999998
leaf_count=439 10 15 16 12 10 15 13
internal_value=0 8.08932e-05 0.000198668 -6.78245e-06 1.77259e-07 0.000148612 -8.0326e-06
internal_weight=0 41 26 489 477 25 452
internal_count=530 41 26 489 477 25 452
is_linear=0
shrinkage=0.1


Tree=631
num_leaves=6
num_cat=0
split_feature=39 39 42 48 38
split_gain=2.83137e-05 9.32928e-05 5.53142e-05 0.000221694 0.000157427
threshold=6.4216103699850091 5.9888074996960983 8.9683302942775107 1.8688348091416842 8.9683302942775107
decision_type=2 2 2 2 2
left_child=1 2 4 -4 -1
right_child=-2 -3 3 -5 -6
leaf_value=1.2287593874336584e-06 0.00014032057058232437 -0.00027937202248722314 0.00037964508519507947 -7.6896908621375382e-05 -0.00039992571575567129
leaf_weight=450 13.999999999999998 11.999999999999998 18 26 9.9999999999999982
leaf_count=450 14 12 18 26 10
internal_value=0 -3.80715e-06 2.75392e-06 0.00010987 -7.49199e-06
internal_weight=0 516 504 44 460
internal_count=530 516 504 44 460
is_linear=0
shrinkage=0.1


Tree=632
num_leaves=12
num_cat=0
split_feature=48 9 55 59 54 68 68 68 26 68 88
split_gain=2.85429e-05 0.00016936 0.000154527 0.000323954 0.000200933 9.14651e-05 0.00033367 0.000205627 0.000168222 0.000166183 0.000129187
threshold=3.1567740231385479 1.4978661367769959 3.4811217321331038 3.6632328069201612 2.9174053685313028 2.9578707502732562 2.9009282554306473 3.058687613540513 5.4227230155794315 3.1974810936064695 0.089250971907882948
decision_type=2 2 2 2 2 2 2 2 2 2 2
left_child=5 -2 4 -4 -3 6 8 10 -1 -9 -7
right_child=1 2 3 -5 -6 7 -8 9 -10 -11 -12
leaf_value=-0.00023097922436742617 0.00032038040096975034 -2.7380658970547043e-05 0.0005257394126741789 7.0201791481431319e-06 -0.00047563655035836363 0.00057129463530145573 -0.00059979773178990103 -0.00030904107241238108 0.00010719496183714672 1.005173994885159e-05 6.2988995341584084e-05
leaf_weight=24 18 35 12.999999999999998 163 13.999999999999998 10.000000000000002 11.999999999999998 18 38 175 9.9999999999999982
leaf_count=24 18 35 13 163 14 10 12 18 38 175 10
internal_value=0 2.52202e-05 1.60741e-06 4.53347e-05 -0.000155454 -2.13537e-05 -0.000117131 1.19209e-05 -2.37112e-05 -1.97082e-05 0.000317142
internal_weight=0 243 225 176 49 287 74 213 62 193 20
internal_count=530 243 225 176 49 287 74 213 62 193 20
is_linear=0
shrinkage=0.1


Tree=633
num_leaves=13
num_cat=0
split_feature=11 7 29 2 11 15 9 100 8 89 7 17
split_gain=2.75492e-05 0.000104457 0.000128311 0.000106044 0.000102655 0.000155609 0.000136054 0.000118574 0.000132516 0.000112076 9.92405e-05 0.000108471
threshold=2.3502401828962087 2.524928003624769 2.9174053685313028 6.4582940601256071 1.2424533248940006 2.3502401828962087 2.0126758453675753 3.8176519431297078 7.5894152073985326e-18 0.64748280886543996 2.8029010331479989 1.8688348091416844
decision_type=2 2 2 2 2 2 2 2 2 2 2 2
left_child=4 2 3 -2 7 6 -6 9 -9 -1 -3 -12
right_child=1 10 -4 -5 5 -7 -8 8 -10 -11 11 -13
leaf_value=9.0997615629793003e-06 0.00011870245798490937 -0.00029651157489173454 -8.8640624546149584e-05 0.0005686433985829354 0.00012629812299564948 -0.00037446188285493443 -0.00023739737290371624 0.00047042441649616432 3.4288108183414139e-05 -0.00033567291896112944 -0.0002294682946133738 2.3247146561344047e-05
leaf_weight=66 11.000000000000002 10.999999999999998 10.999999999999998 9.9999999999999982 24 19 18 11.000000000000002 19 10.999999999999998 18 301
leaf_count=66 11 11 11 10 24 19 18 11 19 11 18 301
internal_value=0 1.55316e-05 0.000188035 0.00033296 -3.3467e-05 -0.000136996 -2.95714e-05 2.55544e-05 0.000194205 -4.01535e-05 -1.19596e-06 8.98734e-06
internal_weight=0 362 32 21 168 61 42 107 30 77 330 319
internal_count=530 362 32 21 168 61 42 107 30 77 330 319
is_linear=0
shrinkage=0.1


Tree=634
num_leaves=8
num_cat=0
split_feature=19 9 9 5 101 96 61
split_gain=2.73227e-05 0.00013959 0.000165685 0.000176279 8.56821e-05 8.0546e-05 0.000115159
threshold=3.4152368433293397e-18 1.1362438767648089e-16 0.69314718055994551 1.2424533248940006 3.7132745361986528 1.0000000180025095e-35 0.88137358701962631
decision_type=2 2 2 2 2 2 2
left_child=4 -2 -3 -4 5 -1 -7
right_child=1 2 3 -5 -6 6 -8
leaf_value=0.00018299215080332944 0.00032014769603847529 -0.00036707779266483464 0.00030743180296236749 -4.1584521317160014e-06 -0.00031360017971813001 -0.00037817411939613523 2.2035107040443486e-06
leaf_weight=15.999999999999998 13.999999999999998 11.999999999999998 19 409 10.999999999999998 9.9999999999999982 39
leaf_count=16 14 12 19 409 11 10 39
internal_value=0 9.28972e-06 -6.01219e-07 9.67383e-06 -5.54938e-05 -1.18143e-05 -7.54246e-05
internal_weight=0 454 440 428 76 65 49
internal_count=530 454 440 428 76 65 49
is_linear=0
shrinkage=0.1


Tree=635
num_leaves=11
num_cat=0
split_feature=33 36 96 25 8 1 60 75 38 39
split_gain=2.82479e-05 0.00016252 0.000141471 0.000130169 8.07682e-05 0.000205813 0.000180155 7.42832e-05 0.000155455 8.83631e-05
threshold=2.249904835165133 3.4498615536424366 5.5391444897808926 2.0126758453675753 2.524928003624769 2.8029010331479989 2.8586166361901628 5.1851968899119256e-17 5.7364422077165234 2.0126758453675753
decision_type=2 2 2 2 2 2 2 2 2 2
left_child=1 7 3 -2 5 -4 -6 8 -1 -9
right_child=2 -3 4 -5 6 -7 -8 9 -10 -11
leaf_value=-0.00013914627128369398 7.0339623198378817e-06 -0.00042404275911394506 -1.896214348057078e-05 0.00050553564850071623 0.00038595522268084241 -0.00052050861646421261 4.5667620544488019e-06 -6.6733816843557949e-06 0.00019832394863419139 -0.00021524727964316735
leaf_weight=21 10.000000000000002 9.9999999999999982 45 10.999999999999998 12.999999999999998 9.9999999999999982 262 82 39 27
leaf_count=21 10 10 45 11 13 10 262 82 39 27
internal_value=0 -3.23283e-05 1.64865e-05 0.000268154 4.71294e-07 -0.000110152 2.2596e-05 -9.14989e-06 8.02094e-05 -5.83385e-05
internal_weight=0 179 351 21 330 55 275 169 60 109
internal_count=530 179 351 21 330 55 275 169 60 109
is_linear=0
shrinkage=0.1


Tree=636
num_leaves=10
num_cat=0
split_feature=62 62 75 8 9 38 98 83 43
split_gain=2.74888e-05 0.000121379 0.00015431 0.000123907 0.000295517 0.000157145 9.32169e-05 6.54019e-05 5.8722e-05
threshold=4.0342014792848504 3.8393944990995772 2.249904835165133 4.0342014792848504 3.6505739029280164 8.9933631558035643 4.2413008733233104 0.34630924945973779 3.7494348669884658
decision_type=2 2 2 2 2 2 2 2 2
left_child=1 3 -3 4 -1 -5 -2 -8 -9
right_child=6 2 -4 5 -6 -7 7 8 -10
leaf_value=-8.7670031690628914e-07 -0.00024748668279483499 0.00041568243550500479 -3.8921870249656167e-05 -5.3453124860425308e-05 0.00054995734366457326 -0.0004915933378718116 0.00019606961910280268 0.00011955467769159722 -0.00013913374816722893
leaf_weight=374 19 16.000000000000004 13.999999999999998 32 9.9999999999999982 10.999999999999998 13.999999999999998 12.999999999999998 27
leaf_count=374 19 16 14 32 10 11 14 13 27
internal_value=0 9.10213e-06 0.000203534 -4.55817e-06 1.34679e-05 -0.000165536 -5.69818e-05 1.00477e-05 -5.506e-05
internal_weight=0 457 30 427 384 43 73 54 40
internal_count=530 457 30 427 384 43 73 54 40
is_linear=0
shrinkage=0.1


Tree=637
num_leaves=9
num_cat=0
split_feature=17 11 87 25 29 21 89 48
split_gain=2.66217e-05 8.30975e-05 9.45986e-05 9.01368e-05 0.000171435 5.78474e-05 4.66318e-05 5.47511e-05
threshold=4.5591125415341898 5.1647696471263407 0.37477125873046097 4.3882378946731615 4.3241107269113215 5.4160905255636633 0.37211895442936754 4.3630783395783075
decision_type=2 2 2 2 2 2 2 2
left_child=1 3 -3 4 -1 6 7 -2
right_child=5 2 -4 -5 -6 -7 -8 -9
leaf_value=-1.3548543653437244e-06 -0.000341300740339128 0.00032390057150384079 -2.71217722001893e-05 0.00024590711348407372 -0.00038461337971966718 0.00012885396876795727 2.77838434461349e-05 -3.4936478477902711e-05
leaf_weight=426 14.000000000000002 17.000000000000004 13.999999999999998 13.999999999999998 11.999999999999998 10.999999999999998 11.999999999999998 9.9999999999999982
leaf_count=426 14 17 14 14 12 11 12 10
internal_value=0 6.99125e-06 0.000165374 -3.8713e-06 -1.18551e-05 -7.18463e-05 -0.000133171 -0.000213649
internal_weight=0 483 31 452 438 47 36 24
internal_count=530 483 31 452 438 47 36 24
is_linear=0
shrinkage=0.1


Tree=638
num_leaves=10
num_cat=0
split_feature=88 48 92 51 99 69 28 101 28
split_gain=2.67349e-05 0.000185833 0.000184873 0.000160641 0.000102687 9.38785e-05 9.45136e-05 0.000192603 0.000171274
threshold=0.56452790820442755 4.867504863781412 3.917948300682744 1.4978661367769959 1.9922214919421152e-18 0.283880377083782 2.0126758453675748 2.740319461670996 0.69314718055994573
decision_type=2 2 2 2 2 2 2 2 2
left_child=5 2 3 -2 -4 -1 8 -8 -7
right_child=1 -3 4 -5 -6 6 7 -9 -10
leaf_value=0.00029056034400127829 0.00049162829721656942 0.00045431343954987824 0.00017173802468907807 3.6780458388172773e-05 -0.00013737779343706103 -1.0835285897233656e-05 0.00010697287095657279 -5.7324458779558806e-05 -0.00028176536542429988
leaf_weight=9.9999999999999982 11.999999999999998 9.9999999999999982 12.999999999999998 22 62 70 120 176 35
leaf_count=10 12 10 13 22 62 70 120 176 35
internal_value=0 4.17396e-05 3.88881e-06 0.000197315 -8.37977e-05 -1.20852e-05 -1.96325e-05 9.28257e-06 -0.000101145
internal_weight=0 119 109 34 75 411 401 296 105
internal_count=530 119 109 34 75 411 401 296 105
is_linear=0
shrinkage=0.1


Tree=639
num_leaves=9
num_cat=0
split_feature=5 104 103 70 95 68 42 8
split_gain=2.98435e-05 0.000150433 0.000129074 0.000102614 0.00012061 7.72e-05 0.000285062 6.50774e-05
threshold=3.3842466058243152 3.7256208424938388 3.8393944990995776 3.802948177271793 3.2769667020129059 4.2321181817396996 7.955199711512468 4.867504863781412
decision_type=2 2 2 2 2 2 2 2
left_child=1 3 -2 4 -1 6 -4 -7
right_child=2 -3 5 -5 -6 7 -8 -9
leaf_value=-8.1783985505992838e-06 0.00029542782628114395 -0.00033808864619848985 -1.5321448580191541e-05 -0.00026863477739555365 0.00023963972725184811 -0.00012606458761604244 0.00055798020568379966 2.9001726986696332e-05
leaf_weight=303 17 13.999999999999998 41 13.999999999999998 21 50 10.999999999999998 59
leaf_count=303 17 14 41 14 21 50 11 59
internal_value=0 -1.68743e-05 3.33694e-05 -3.56955e-06 7.88389e-06 5.6986e-06 0.000105954 -4.21296e-05
internal_weight=0 352 178 338 324 161 52 109
internal_count=530 352 178 338 324 161 52 109
is_linear=0
shrinkage=0.1


Tree=640
num_leaves=9
num_cat=0
split_feature=63 12 17 16 9 24 96 41
split_gain=2.98809e-05 0.00023778 0.000154438 0.000170892 0.00014882 0.000220318 0.000132105 0.000105139
threshold=3.5408542930527882 2.3502401828962087 2.1383330595080285 3.0201273556387074 3.1132683346437333 3.3497501700808394 7.3465451993519082 1.4978661367769959
decision_type=2 2 2 2 2 2 2 2
left_child=4 -2 7 -4 5 6 -1 -3
right_child=1 2 3 -5 -6 -7 -8 -9
leaf_value=4.9264171602412288e-05 0.00045673923450522129 -5.2667641284642734e-05 0.00031246388810502959 1.4147450882777763e-06 -0.00033188725423921524 -0.00037527660732545584 -0.00022821142499053262 -0.00049170578349730929
leaf_weight=177 11.999999999999998 12.000000000000002 19 251 14.999999999999998 14.999999999999998 19 9.9999999999999982
leaf_count=177 12 12 19 251 15 15 19 10
internal_value=0 2.04728e-05 2.54399e-06 2.33034e-05 -2.75386e-05 -5.90241e-06 2.2366e-05 -0.00025223
internal_weight=0 304 292 270 226 211 196 22
internal_count=530 304 292 270 226 211 196 22
is_linear=0
shrinkage=0.1


Tree=641
num_leaves=13
num_cat=0
split_feature=11 13 85 57 11 57 47 29 41 29 92 101
split_gain=2.90165e-05 8.78999e-05 0.000227324 0.000191908 0.000178381 0.000117581 8.0002e-05 0.000177687 0.000118053 0.00016409 0.00016407 8.72188e-05
threshold=2.3502401828962087 2.8029010331479989 0.55559635964731313 1.3424540464533583 3.6762205501217919 2.4397519697083188 1.0000000180025095e-35 2.8102520310824275e-16 2.6735537653587347 2.524928003624769 3.9970762870565557 1.8688348091416846
decision_type=2 2 2 2 2 2 2 2 2 2 2 2
left_child=6 2 5 -3 -5 -2 7 11 9 -8 -10 -1
right_child=1 3 -4 4 -6 -7 8 -9 10 -11 -12 -13
leaf_value=-0.00016636417130939664 7.7612472367395702e-05 -0.00044484505662694573 0.00048471276822965593 0.00026107248171077424 -2.5788066655455364e-05 -0.00028583994169821385 -9.0882896903862921e-05 0.00045311822963412852 0.00025047499326650392 -0.00050717979320324957 -0.00012396543764043599 0.00016978454181683519
leaf_weight=19 81 9.9999999999999982 12.999999999999998 24 224 9.9999999999999982 68 9.9999999999999982 22 10.999999999999998 25 12.999999999999998
leaf_count=19 81 10 13 24 224 10 68 10 22 11 25 13
internal_value=0 1.59399e-05 9.35527e-05 -1.53459e-05 1.97263e-06 3.76726e-05 -3.43467e-05 8.51777e-05 -7.41881e-05 -0.000148848 5.13046e-05 -2.98038e-05
internal_weight=0 362 104 258 248 91 168 42 126 79 47 32
internal_count=530 362 104 258 248 91 168 42 126 79 47 32
is_linear=0
shrinkage=0.1


Tree=642
num_leaves=9
num_cat=0
split_feature=26 30 26 34 34 26 30 45
split_gain=2.83345e-05 0.000195493 0.00015084 0.000132308 0.00026813 9.36208e-05 0.000105489 6.4878e-05
threshold=7.4914760745935558 7.4914760745935558 7.566306192404392 7.2754532773251155 7.0444416188210859 7.6218971959182094 7.699812767097904 2.4414009612931857
decision_type=2 2 2 2 2 2 2 2
left_child=1 3 -2 4 -1 -4 -7 -5
right_child=2 -3 5 7 -6 6 -8 -9
leaf_value=-3.5917796775236903e-06 0.00034209553726083998 -0.00038724101198438026 -0.00029490108703612351 1.227947465271096e-05 -0.00051050693410533397 0.00023164027737775108 -2.5373416793909243e-06 0.00032395802276476068
leaf_weight=203 13.999999999999998 13.999999999999998 9.9999999999999982 11.000000000000002 10.999999999999998 21 229 17
leaf_count=203 14 14 10 11 11 21 229 17
internal_value=0 -2.39208e-05 2.23493e-05 -2.90226e-06 -2.96482e-05 5.13225e-06 1.71336e-05 0.000201513
internal_weight=0 256 274 242 214 260 250 28
internal_count=530 256 274 242 214 260 250 28
is_linear=0
shrinkage=0.1


Tree=643
num_leaves=9
num_cat=0
split_feature=33 65 19 62 25 88 17 19
split_gain=2.64593e-05 0.000161621 0.000100332 0.000151444 0.000166306 0.000111736 0.000100288 0.000111088
threshold=3.1567740231385479 2.0995307658629145 3.9415346756528771 3.1984648276080736 3.0677824455408698 1.0000000180025095e-35 2.4414009612931857 3.9415346756528771
decision_type=2 2 2 2 2 2 2 2
left_child=2 -2 3 4 -1 -4 -3 -8
right_child=1 6 5 -5 -6 -7 7 -9
leaf_value=4.7658224753277525e-07 0.00041972803504904729 0.00031670861528255046 3.9695094948491227e-05 0.00029943234949314501 -0.00036616270036364979 -0.00034077652288894904 -0.00026041208445803932 1.4735237564412268e-05
leaf_weight=256 9.9999999999999982 9.9999999999999982 12.999999999999998 15.999999999999998 12.999999999999998 19 15.999999999999998 177
leaf_count=256 10 10 13 16 13 19 16 177
internal_value=0 2.72578e-05 -1.83152e-05 5.36167e-07 -1.7242e-05 -0.00018621 7.92428e-06 -8.0749e-06
internal_weight=0 213 317 285 269 32 203 193
internal_count=530 213 317 285 269 32 203 193
is_linear=0
shrinkage=0.1


Tree=644
num_leaves=14
num_cat=0
split_feature=80 86 19 17 61 97 11 60 24 46 104 54 53
split_gain=2.57537e-05 9.06744e-05 0.000132199 0.000182537 0.00011268 0.000117606 8.19927e-05 0.000167444 0.000103394 8.30727e-05 7.55003e-05 7.20369e-05 4.60168e-05
threshold=0.53397373095073164 1.0000000180025095e-35 5.0937313815282925 3.8606743063089755 2.2388552375479116 1.4978661367769959 4.4484992763719129 4.2157972262735095 4.0859410030639109 7.4142614184158591 4.1587609981435856 2.8617925509761908 2.2497412681276407
decision_type=2 2 2 2 2 2 2 2 2 2 2 2 2
left_child=6 4 3 -3 11 -6 8 -8 9 -1 -9 -2 -4
right_child=1 2 12 -5 5 -7 7 10 -10 -11 -12 -13 -14
leaf_value=3.4140617871953811e-05 -0.00043432233855128277 0.00010651394316028018 8.0898148007690885e-05 0.00056412091018335727 0.00034165343502536418 -2.9672507398886253e-05 -0.00037617044355202882 0.00013636983078054311 0.00027248539512843956 -7.9682092965789838e-05 -0.00012189634554878076 -6.3478583681651139e-05 -0.00017815354067352018
leaf_weight=182 10.000000000000002 42 12.000000000000002 10.999999999999998 9.9999999999999982 58 18 19 13.999999999999998 99 28 10.999999999999998 15.999999999999998
leaf_count=182 10 42 12 11 10 58 18 19 14 99 28 11 16
internal_value=0 3.20781e-05 0.000108633 0.000201489 -3.7595e-05 2.49342e-05 -1.5148e-05 -0.000116818 7.25377e-06 -5.96062e-06 -1.74909e-05 -0.000240071 -6.71314e-05
internal_weight=0 170 81 53 89 68 360 65 295 281 47 21 28
internal_count=530 170 81 53 89 68 360 65 295 281 47 21 28
is_linear=0
shrinkage=0.1


Tree=645
num_leaves=13
num_cat=0
split_feature=72 73 73 83 36 53 27 88 104 44 14 22
split_gain=2.53835e-05 8.40773e-05 0.000174303 7.77457e-05 0.000185864 9.39482e-05 0.000162235 9.49773e-05 7.48445e-05 7.02377e-05 0.000316953 0.00015115
threshold=0.19014861820061882 2.8617925509761908 3.3497501700808394 0.17647353646274655 3.3140206880897671 2.3216411824281225 2.4414009612931857 0.46755264059697182 2.602003343538398 1.8688348091416842 5.5391444897808926 5.6185859816918615
decision_type=2 2 2 2 2 2 2 2 2 2 2 2
left_child=1 9 -3 4 -2 6 -5 -7 -6 11 -11 -1
right_child=3 2 -4 5 8 7 -8 -9 -10 10 -12 -13
leaf_value=0.00022784546729924749 0.00030560493132246566 0.00046719115453015532 -4.4135514763183898e-05 -5.830589286614991e-05 -0.00032459817055496376 -6.8367714897919391e-05 -0.0004589185056587061 0.00025434239796595648 6.2298419834405649e-05 -0.00050537071208684489 -2.1782731699496409e-08 -4.5883086940468572e-05
leaf_weight=38 19 12.000000000000002 14.999999999999998 31 10.000000000000002 38 14.999999999999998 11.999999999999998 9.9999999999999982 12.999999999999998 274 43
leaf_count=38 19 12 15 31 10 38 15 12 10 13 274 43
internal_value=0 1.2794e-05 0.000183121 -3.74343e-05 8.16281e-05 -8.58034e-05 -0.00018894 9.08271e-06 -0.00013115 2.97194e-07 -2.29122e-05 8.25328e-05
internal_weight=0 395 27 135 39 96 46 50 20 368 287 81
internal_count=530 395 27 135 39 96 46 50 20 368 287 81
is_linear=0
shrinkage=0.1


Tree=646
num_leaves=10
num_cat=0
split_feature=68 68 88 25 15 61 47 88 95
split_gain=2.69376e-05 0.000302916 0.00010682 0.000177839 0.000147983 7.64024e-05 0.000119151 5.30648e-05 6.444e-05
threshold=2.9732350229833044 2.9251019346482314 1.0000000180025095e-35 2.0126758453675753 7.1150767569361238e-19 1.6267163146682455 3.9219243190762363 0.69080285955649068 2.9174053685313028
decision_type=2 2 2 2 2 2 2 2 2
left_child=1 2 3 -1 -4 6 -2 8 -7
right_child=5 -3 4 -5 -6 7 -8 -9 -10
leaf_value=-0.000236254159535747 0.00035213492828916053 -0.00051817757678994283 0.00041175092964504774 0.00016133785771267465 9.7942173353306233e-06 5.6365045203460339e-05 -4.0170977008529008e-05 -0.00021728269242554568 -2.7499204294503991e-05
leaf_weight=30 16.000000000000004 11.999999999999998 12.999999999999998 18 31 151 14.999999999999998 10.999999999999998 233
leaf_count=30 16 12 13 18 31 151 15 11 233
internal_value=0 -4.56278e-05 1.60091e-05 -8.71572e-05 0.000128554 1.11392e-05 0.000162309 -7.24816e-07 5.47866e-06
internal_weight=0 104 92 48 44 426 31 395 384
internal_count=530 104 92 48 44 426 31 395 384
is_linear=0
shrinkage=0.1


Tree=647
num_leaves=12
num_cat=0
split_feature=48 64 67 65 35 48 97 3 11 12 103
split_gain=2.65563e-05 0.000136781 0.000120514 0.000147244 7.70002e-05 0.000250612 0.000135433 0.000190461 0.000117079 9.69956e-05 5.52227e-05
threshold=3.1567740231385479 1.82586995358224 3.4811217321331038 2.1488367209718233 2.9700856263602162 2.9174053685313028 2.9700856263602162 3.0201273556387078 4.5798392285869785 1.0000000180025095e-35 3.9981586158983733
decision_type=2 2 2 2 2 2 2 2 2 2 2
left_child=4 -2 10 -4 5 9 7 -6 -8 -1 -3
right_child=1 2 3 -5 6 -7 8 -9 -10 -11 -12
leaf_value=-0.00014923332504533792 0.00033990081999665843 -6.1900972796138362e-05 0.00040330512681975962 1.0104906593369378e-05 5.3028003528127627e-05 -0.0004795686204618376 -0.00017682497068149548 0.00048663979105185718 5.0153554826813872e-05 4.7776879486605143e-05 -0.00039423426234861834
leaf_weight=41 12.999999999999998 10.000000000000002 9.9999999999999982 200 65 13.999999999999998 44 11.999999999999998 47 64 9.9999999999999982
leaf_count=41 13 10 10 200 65 14 44 12 47 64 10
internal_value=0 2.43267e-05 6.48991e-06 2.88287e-05 -2.05972e-05 -8.21412e-05 2.29965e-05 0.000120604 -5.95943e-05 -2.91509e-05 -0.000228068
internal_weight=0 243 230 210 287 119 168 77 91 105 20
internal_count=530 243 230 210 287 119 168 77 91 105 20
is_linear=0
shrinkage=0.1


Tree=648
num_leaves=6
num_cat=0
split_feature=57 13 104 5 77
split_gain=2.47998e-05 7.11271e-05 5.22521e-05 6.15292e-05 4.22572e-05
threshold=4.7441134930380349 5.3659650969185444 5.0434043048315838 4.6298509007569537 4.8322343260318155
decision_type=2 2 2 2 2
left_child=1 2 3 -1 -4
right_child=-2 -3 4 -5 -6
leaf_value=5.5207116805066019e-07 0.00013132479736149044 -0.00026766278431750835 0.00030542196505848544 -0.00023867793643148616 1.4708473172504456e-05
leaf_weight=475 13.999999999999998 9.9999999999999982 10.000000000000002 10.999999999999998 9.9999999999999982
leaf_count=475 14 10 10 11 10
internal_value=0 -3.56308e-06 1.65629e-06 -4.8626e-06 0.000160065
internal_weight=0 516 506 486 20
internal_count=530 516 506 486 20
is_linear=0
shrinkage=0.1


Tree=649
num_leaves=11
num_cat=0
split_feature=99 84 19 29 4 49 0 0 102 101
split_gain=2.39165e-05 8.75886e-05 0.000153902 8.61069e-05 8.0807e-05 0.000119082 0.000153429 0.000126709 0.000116543 8.00515e-05
threshold=1.7046538063492797e-20 0.35395520241704337 2.8617925509761908 2.249904835165133 1.700598690831078 2.0126758453675753 2.8029010331479989 3.2384861814448418 8.3266726846886741e-17 2.602003343538398
decision_type=2 2 2 2 2 2 2 2 2 2
left_child=1 2 3 -1 8 6 -6 -7 -2 -10
right_child=4 -3 -4 -5 5 7 -8 -9 9 -11
leaf_value=5.3074112788345565e-05 0.00036335721838743972 0.00018836443607921996 -0.00043073854123411531 -0.0001660437517847609 -0.00028815907076932488 0.00015052211299077431 -1.7860177161180347e-05 -8.8113390281018103e-06 0.0001277799880578338 -0.00020897858659736811
leaf_weight=47 14.999999999999998 13.999999999999998 10.999999999999998 29 30 65 70 215 24 9.9999999999999982
leaf_count=47 15 14 11 29 30 65 70 215 24 10
internal_value=0 -4.37803e-05 -8.11369e-05 -3.05367e-05 1.03072e-05 -5.27759e-06 -9.89498e-05 2.81768e-05 0.000131169 2.87333e-05
internal_weight=0 101 87 76 429 380 100 280 49 34
internal_count=530 101 87 76 429 380 100 280 49 34
is_linear=0
shrinkage=0.1


Tree=650
num_leaves=9
num_cat=0
split_feature=29 18 23 100 48 25 21 27
split_gain=2.40029e-05 9.82777e-05 8.32037e-05 0.000136516 8.2579e-05 0.000104591 8.11377e-05 0.000117661
threshold=1.8688348091416844 5.5391444897808926 2.602003343538398 3.2384861814448418 4.0163424379838117 2.8102520310824275e-16 1.2424533248940006 0.34657359027997314
decision_type=2 2 2 2 2 2 2 2
left_child=2 -2 4 -4 5 -1 -3 -8
right_child=1 6 3 -5 -6 -7 7 -9
leaf_value=4.8687820806382941e-05 0.00030715349976989355 -0.00025193417580643049 -0.00048742121492978169 4.0332214736666251e-06 0.0002734110661549494 -0.00016192739223353439 0.00032029357462306509 1.9868699124951188e-06
leaf_weight=65 10.999999999999998 11.999999999999998 10.000000000000002 12.999999999999998 9.9999999999999982 37 11.999999999999998 360
leaf_count=65 11 12 10 13 10 37 12 360
internal_value=0 1.24412e-05 -3.6402e-05 -0.000209643 -8.25844e-07 -2.77118e-05 3.99892e-06 1.22548e-05
internal_weight=0 395 135 23 112 102 384 372
internal_count=530 395 135 23 112 102 384 372
is_linear=0
shrinkage=0.1


Tree=651
num_leaves=8
num_cat=0
split_feature=23 24 1 9 104 103 7
split_gain=2.51626e-05 0.000125288 8.69913e-05 8.12826e-05 0.000103135 6.781e-05 9.03664e-05
threshold=0.69314718055994573 3.1132683346437333 1.0000000180025095e-35 1.2424533248940006 1.2212453270876714e-15 4.2413008733233104 7.1150767569361238e-19
decision_type=2 2 2 2 2 2 2
left_child=1 5 -2 -4 -5 6 -1
right_child=2 -3 3 4 -6 -7 -8
leaf_value=5.5621400679228831e-05 0.00023940988667163767 -0.00036340422461349095 -0.00022675451725566139 0.0002442656587744649 -7.2137339942241433e-07 0.00022669486140578307 -0.00015862233421233085
leaf_weight=45 15.999999999999998 10.999999999999998 14.999999999999998 18 379 10.999999999999998 35
leaf_count=45 16 11 15 18 379 11 35
internal_value=0 -4.46335e-05 1.0637e-05 1.75258e-06 1.03864e-05 -6.10083e-06 -3.81102e-05
internal_weight=0 102 428 412 397 91 80
internal_count=530 102 428 412 397 91 80
is_linear=0
shrinkage=0.1


Tree=652
num_leaves=10
num_cat=0
split_feature=98 4 9 17 11 103 57 45 54
split_gain=2.37527e-05 7.48267e-05 0.000136729 0.000205513 0.00011096 7.21788e-05 7.85983e-05 8.54933e-05 6.18132e-05
threshold=4.3757372435704527 4.6490840411708527 3.7726948748059121 4.3630783395783075 4.4484992763719129 5.6002703899390385 3.3438337626903061 3.4498615536424366 4.5900436644025815
decision_type=2 2 2 2 2 2 2 2 2
left_child=1 2 4 -4 -1 -2 -7 -8 -3
right_child=5 8 3 -5 -6 6 7 -9 -10
leaf_value=4.2890708660085518e-06 0.00024926865376376857 -0.0003230863523920282 0.0003806585801199121 -0.00010945351303754642 -0.0001692628130002981 -0.00025109651644015683 -3.7203243371787603e-05 0.00031303136405767877 -4.0098848196641105e-05
leaf_weight=363 14.999999999999998 12.999999999999998 22 13.999999999999998 41 9.9999999999999982 23 9.9999999999999982 19
leaf_count=363 15 13 22 14 41 10 23 10 19
internal_value=0 -7.42098e-06 3.31658e-06 0.000190059 -1.33239e-05 6.03914e-05 -5.49596e-06 6.89285e-05 -0.000155063
internal_weight=0 472 440 36 404 58 43 33 32
internal_count=530 472 440 36 404 58 43 33 32
is_linear=0
shrinkage=0.1


Tree=653
num_leaves=5
num_cat=0
split_feature=65 56 96 5
split_gain=2.42859e-05 5.09427e-05 6.18921e-05 6.23453e-05
threshold=5.3344645682746181 5.633870790719814 9.4594425831919864 4.7621374077860157
decision_type=2 2 2 2
left_child=1 2 3 -1
right_child=-2 -3 -4 -5
leaf_value=1.7906111214603121e-06 0.00015436214744113386 -0.00022649272097623906 0.00023604595586551691 -0.0002289356098723753
leaf_weight=487 9.9999999999999982 9.9999999999999982 10.999999999999998 11.999999999999998
leaf_count=487 10 10 11 12
internal_value=0 -2.9685e-06 1.41433e-06 -3.75792e-06
internal_weight=0 520 510 499
internal_count=530 520 510 499
is_linear=0
shrinkage=0.1


Tree=654
num_leaves=14
num_cat=0
split_feature=80 29 31 86 19 17 45 40 35 88 88 88 53
split_gain=2.3211e-05 7.22506e-05 0.000178335 6.92915e-05 0.000102925 0.000145212 9.04661e-05 0.000195804 0.0001077 5.88296e-05 0.000210349 0.000185621 3.58585e-05
threshold=0.53397373095073164 4.3630783395783075 5.2652741739841078 1.0000000180025095e-35 5.0937313815282925 3.8606743063089755 3.5694334999727624 4.4826034013851794 3.7012257604091228 0.56926050640888715 0.61332162530546985 0.48190259902034888 2.2497412681276407
decision_type=2 2 2 2 2 2 2 2 2 2 2 2 2
left_child=1 9 -3 6 5 -5 8 -8 -2 11 -11 -1 -6
right_child=3 2 -4 4 12 -7 7 -9 -10 10 -12 -13 -14
leaf_value=-1.7584034464422507e-06 -2.7162147528019201e-05 -0.00048166616205972692 4.1384621545148549e-05 9.4598467053618238e-05 7.2960579927894273e-05 0.00050274654270403762 0.00041759407091982825 -6.0358019588117411e-05 -0.00035816856501956604 0.00048028839069460947 6.902817017362395e-06 -0.00034365151111748725 -0.00015571747649119062
leaf_weight=241 33 11.000000000000002 15.999999999999998 42 12.000000000000002 10.999999999999998 11.999999999999998 30 13.999999999999998 10.999999999999998 64 17 15.999999999999998
leaf_count=241 33 11 16 42 12 11 12 30 14 11 64 17 16
internal_value=0 -1.43808e-05 -0.00017171 3.04534e-05 9.73752e-05 0.000179308 -3.04531e-05 7.61997e-05 -0.00012576 -1.62432e-06 7.63327e-05 -2.42862e-05 -5.77126e-05
internal_weight=0 360 27 170 81 53 89 42 47 333 75 258 28
internal_count=530 360 27 170 81 53 89 42 47 333 75 258 28
is_linear=0
shrinkage=0.1


Tree=655
num_leaves=11
num_cat=0
split_feature=3 97 57 49 53 53 25 24 1 19
split_gain=2.43221e-05 0.000112363 0.000138417 7.05663e-05 0.000156786 9.70287e-05 6.66827e-05 0.000136998 0.000130689 7.16679e-05
threshold=2.524928003624769 2.7058230259275202 1.8239285224305608 2.1383330595080285 1.6568253193173701 1.5119428067218552 2.9700856263602158 3.3497501700808394 2.3502401828962087 2.8617925509761908
decision_type=2 2 2 2 2 2 2 2 2 2
left_child=6 2 -2 4 -3 -5 7 9 -8 -1
right_child=1 3 -4 5 -6 -7 8 -9 -10 -11
leaf_value=5.7505392760504044e-06 0.00038813174572115871 -0.00025337370461784306 -4.5338884060933758e-05 0.00012030442659225729 5.288047695233087e-05 -1.6624421715752524e-05 0.00035807536090336109 -0.00031370694535629208 -0.0001086318951517266 -0.00022609189773599306
leaf_weight=120 17.000000000000004 32 12.999999999999998 72 35 184 12.000000000000002 18 11.999999999999998 14.999999999999998
leaf_count=120 17 32 13 72 35 184 12 18 12 15
internal_value=0 1.51692e-05 0.000200294 -2.02513e-06 -9.33902e-05 2.18868e-05 -3.02526e-05 -5.45623e-05 0.000124722 -2.00097e-05
internal_weight=0 353 30 323 67 256 177 153 24 135
internal_count=530 353 30 323 67 256 177 153 24 135
is_linear=0
shrinkage=0.1


Tree=656
num_leaves=8
num_cat=0
split_feature=2 6 16 8 1 9 69
split_gain=2.37227e-05 0.000201978 0.000152545 0.000123549 0.00011061 7.35266e-05 0.000156783
threshold=8.3890118165967387 8.3387528517229743 4.2972622671762819 3.8606743063089755 3.3842466058243152 3.5972184255501678 4.3681238589305353
decision_type=2 2 2 2 2 2 2
left_child=1 2 3 -1 -2 -6 -7
right_child=4 -3 -4 -5 5 6 -8
leaf_value=2.00600926897702e-06 0.00033962411266243598 -0.0004166220200810737 0.00038547401665709911 -0.00028213856116963146 -0.00018451775692536853 0.00039723200924609875 -1.3513444191274032e-07
leaf_weight=351 10.999999999999998 11.999999999999998 9.9999999999999982 15.999999999999998 17 10.999999999999998 102
leaf_count=351 11 12 10 16 17 11 102
internal_value=0 -1.27374e-05 1.18388e-07 -1.03818e-05 3.51407e-05 9.37667e-06 3.85466e-05
internal_weight=0 389 377 367 141 130 113
internal_count=530 389 377 367 141 130 113
is_linear=0
shrinkage=0.1


Tree=657
num_leaves=12
num_cat=0
split_feature=99 84 19 29 43 4 19 99 95 51 72
split_gain=2.35412e-05 7.07524e-05 0.000133263 0.000102525 8.15497e-05 6.12351e-05 0.000101292 0.000107961 8.85701e-05 7.59157e-05 7.01535e-05
threshold=1.7046538063492797e-20 0.15978469646755555 2.524928003624769 2.9174053685313028 3.0201273556387078 1.700598690831078 2.9700856263602162 1.4978661367769959 1.4978661367769959 7.1150767569361238e-19 0.44824581052765455
decision_type=2 2 2 2 2 2 2 2 2 2 2
left_child=1 2 4 -3 -1 6 7 -2 9 -7 -10
right_child=5 3 -4 -5 -6 8 -8 -9 10 -11 -12
leaf_value=3.6973859701190485e-05 -7.8358859173022221e-05 0.00033121540883175008 -0.00042973377334419637 -9.1445496392831654e-05 -0.00019711211895231495 5.3981832752469913e-06 0.00035469737597920291 0.00030827317910734568 -4.5154367752782267e-06 -0.00036766857374459505 0.00015772882781738158
leaf_weight=46 26 11.000000000000002 9.9999999999999982 11.999999999999998 22 10.000000000000002 12.999999999999998 9.9999999999999982 329 11.999999999999998 29
leaf_count=46 26 11 10 12 22 10 13 10 329 12 29
internal_value=0 -4.34355e-05 -8.88847e-05 0.000110697 -3.87598e-05 1.02261e-05 0.000115438 2.90389e-05 -3.34075e-06 -0.000198093 8.62726e-06
internal_weight=0 101 78 23 68 429 49 36 380 22 358
internal_count=530 101 78 23 68 429 49 36 380 22 358
is_linear=0
shrinkage=0.1


Tree=658
num_leaves=12
num_cat=0
split_feature=28 33 29 33 10 46 42 0 22 89 95
split_gain=2.48336e-05 8.44008e-05 0.000163538 0.000119844 0.000197019 7.5067e-05 0.000130264 0.000121843 7.35183e-05 6.89399e-05 3.48259e-05
threshold=2.0126758453675748 1.4978661367769959 1.4978661367769959 1.700598690831078 5.4227230155794315 5.7667560492893086 5.9518752981694396 3.3140206880897671 6.1002787324210326 0.68714873750689331 3.8393944990995772
decision_type=2 2 2 2 2 2 2 2 2 2 2
left_child=1 2 8 -3 -5 7 -7 -2 -1 -8 -9
right_child=5 3 -4 4 -6 6 9 10 -10 -11 -12
leaf_value=2.8482594881841747e-05 0.00041042572944813104 -0.00036563411054279035 0.00039352848437953402 0.00035454645752906803 -0.00013718119715287519 -0.00033983833246483384 1.9183794654896427e-06 -9.9807797232642751e-05 -0.00023594030913395381 0.00026851594164327257 0.00013234990595784829
leaf_weight=55 11.999999999999998 14.999999999999998 10.999999999999998 9.9999999999999982 44 10.999999999999998 323 12.000000000000002 12.999999999999998 9.9999999999999982 13.999999999999998
leaf_count=55 12 15 11 10 44 11 323 12 13 10 14
internal_value=0 -3.47763e-05 3.57991e-05 -0.00011558 -4.61205e-05 1.34735e-05 -1.25996e-06 0.00014685 -2.20688e-05 9.92431e-06 2.52002e-05
internal_weight=0 148 79 69 54 382 344 38 68 333 26
internal_count=530 148 79 69 54 382 344 38 68 333 26
is_linear=0
shrinkage=0.1


Tree=659
num_leaves=12
num_cat=0
split_feature=72 73 57 83 36 78 26 38 1 44 104
split_gain=2.51335e-05 6.43415e-05 0.000131471 6.08817e-05 0.0001392 7.54379e-05 8.28073e-05 7.36494e-05 5.39227e-05 9.69739e-05 4.39975e-05
threshold=0.19014861820061882 2.8617925509761908 3.3170589623487126 0.17647353646274655 3.3140206880897671 0.87571351361104177 7.0761756490541474 4.330646767694998 5.24435769543829 5.814019136035367 2.602003343538398
decision_type=2 2 2 2 2 2 2 2 2 2 2
left_child=1 8 -3 4 -2 6 -5 -7 9 -1 -6
right_child=3 2 -4 5 10 7 -8 -9 -10 -11 -12
leaf_value=4.2236503842972547e-06 0.0002619434915495252 0.00044944398745428761 -7.5107158730080462e-06 -0.00043198527068439435 -0.00026434872008394443 -0.00019029811833445962 -7.9863747711950804e-05 4.1635843986949451e-05 0.00023083461273927243 -0.00031162526574917142 3.2290893141180281e-05
leaf_weight=348 19 10.000000000000002 17 11.000000000000002 10.000000000000002 19 17 49 9.9999999999999982 9.9999999999999982 9.9999999999999982
leaf_count=348 19 10 17 11 10 19 17 49 10 10 10
internal_value=0 1.27308e-05 0.000161732 -3.72495e-05 6.81115e-05 -8.00524e-05 -0.000218197 -2.31692e-05 1.79871e-06 -4.59895e-06 -0.000116029
internal_weight=0 395 27 135 39 96 28 68 368 358 20
internal_count=530 395 27 135 39 96 28 68 368 358 20
is_linear=0
shrinkage=0.1


Tree=660
num_leaves=6
num_cat=0
split_feature=31 29 29 48 37
split_gain=2.51703e-05 6.30377e-05 3.6236e-05 0.000175438 6.26985e-05
threshold=6.4800257426481824 5.3028591759145582 4.3882378946731615 1.8688348091416842 4.135134555718313
decision_type=2 2 2 2 2
left_child=1 2 4 -4 -1
right_child=-2 -3 3 -5 -6
leaf_value=3.7464933209551249e-06 0.00014969024129889228 -0.00025181521661579606 0.00045389739098027353 -4.169607773656026e-05 -0.00014800696558738531
leaf_weight=445 10.999999999999998 9.9999999999999982 9.9999999999999982 25 29
leaf_count=445 11 10 10 25 29
internal_value=0 -3.17263e-06 1.7123e-06 9.99021e-05 -5.538e-06
internal_weight=0 519 509 35 474
internal_count=530 519 509 35 474
is_linear=0
shrinkage=0.1


Tree=661
num_leaves=6
num_cat=0
split_feature=21 13 3 102 7
split_gain=2.3271e-05 4.99608e-05 3.46448e-05 9.87013e-05 7.5228e-05
threshold=5.4160905255636633 5.3028591759145582 5.0106130713801926 5.1817677692072932 4.8081027000528378
decision_type=2 2 2 2 2
left_child=1 2 4 -4 -1
right_child=-2 -3 3 -5 -6
leaf_value=2.5825947442901685e-06 0.00014393171507187866 -0.00022440587345045062 0.00026101655578378611 -1.5792678314028309e-05 -0.00016393345812785217
leaf_weight=421 10.999999999999998 9.9999999999999982 19 40 29
leaf_count=421 11 10 19 40 29
internal_value=0 -3.05058e-06 1.29825e-06 7.33493e-05 -8.14844e-06
internal_weight=0 519 509 59 450
internal_count=530 519 509 59 450
is_linear=0
shrinkage=0.1


Tree=662
num_leaves=13
num_cat=0
split_feature=28 61 20 20 42 103 88 22 71 41 14 17
split_gain=2.25704e-05 8.24368e-05 0.000113157 0.000159792 8.15856e-05 7.24081e-05 6.22679e-05 0.000171269 0.000171131 0.0001328 7.15927e-05 9.34717e-05
threshold=2.6735537653587347 1.8642477370638604 2.3502401828962087 2.8029010331479989 8.0591145210306667 3.5694334999727624 0.2493053510117233 5.5702057285008761 1.5785983631388947e-16 2.6735537653587347 7.6056075025107122 2.1383330595080285
decision_type=2 2 2 2 2 2 2 2 2 2 2 2
left_child=6 4 -3 -4 5 -2 10 8 -8 -9 11 -1
right_child=1 2 3 -5 -6 -7 7 9 -10 -11 -12 -13
leaf_value=-0.00011671466419247209 0.00027937113831285378 -0.00033265587699133904 0.00032737631952234857 -7.6083716149466758e-06 0.00040022118038905317 -5.9746934130089362e-05 0.00048144076302248447 -0.00018255380802491511 9.3157964035045195e-06 0.00023342989152297378 -0.00033009998907800763 8.5864407917731172e-05
leaf_weight=69 10.000000000000002 9.9999999999999982 14.999999999999998 281 9.9999999999999982 17 14.000000000000002 33 17 9.9999999999999982 9.9999999999999982 34
leaf_count=69 10 10 15 281 10 17 14 33 17 10 10 34
internal_value=0 1.52372e-05 -1.81002e-06 9.3672e-06 0.000156222 6.58524e-05 -2.79484e-05 4.3359e-05 0.000222534 -8.58134e-05 -7.46453e-05 -4.98439e-05
internal_weight=0 343 306 296 37 27 187 74 31 43 113 103
internal_count=530 343 306 296 37 27 187 74 31 43 113 103
is_linear=0
shrinkage=0.1


Tree=663
num_leaves=11
num_cat=0
split_feature=68 68 5 88 55 52 86 54 70 13
split_gain=2.26401e-05 0.000174296 8.55662e-05 0.000101623 6.12703e-05 0.000157069 8.18841e-05 6.95268e-05 5.54622e-05 3.795e-05
threshold=2.9578707502732562 2.9144083877517208 2.740319461670996 0.19426832083509774 1.8688348091416842 1.0074515102711328 0.5555920488497792 1.8688348091416842 2.7218883830391021 2.249904835165133
decision_type=2 2 2 2 2 2 2 2 2 2
left_child=1 2 3 -1 5 6 -2 9 -9 -6
right_child=4 -3 -4 -5 7 -7 -8 8 -10 -11
leaf_value=-0.00014071613626938639 -4.2660720921687881e-05 -0.0004003529447800247 0.00025401756332333513 8.9532944934944686e-05 -3.7857702955079725e-05 0.00046584235125919805 0.00025795128021854907 0.00016409596475049123 -3.6012807407884942e-06 -0.0002844692306937829
leaf_weight=41 37 11.999999999999998 11.999999999999998 36 12.000000000000002 9.9999999999999982 11.999999999999998 21 324 12.999999999999998
leaf_count=41 37 12 12 36 12 10 12 21 324 13
internal_value=0 -4.2596e-05 5.64084e-06 -3.30672e-05 1.00284e-05 0.000104668 3.09585e-05 -5.06268e-06 6.60638e-06 -0.000166096
internal_weight=0 101 89 77 429 59 49 370 345 25
internal_count=530 101 89 77 429 59 49 370 345 25
is_linear=0
shrinkage=0.1


Tree=664
num_leaves=9
num_cat=0
split_feature=6 68 74 44 48 30 18 18
split_gain=2.53079e-05 8.42384e-05 8.02282e-05 0.000106684 0.000190158 0.000157063 4.10553e-05 5.83998e-05
threshold=5.7120799114421201 2.5568616490828346 0.76766497014018931 2.0126758453675748 2.8029010331479989 6.1783958649385831 5.6489184425466847 6.0037773156930498
decision_type=2 2 2 2 2 2 2 2
left_child=2 -2 3 4 -1 -5 -3 -8
right_child=1 6 -4 5 -6 -7 7 -9
leaf_value=-5.7810512476737198e-05 0.00026053496493169893 -0.00014155394789045923 -0.00026849330960041179 -0.0004764414791134184 0.00038075916604915017 8.9392653535469445e-06 0.00017124499687010291 4.1333910922943626e-08
leaf_weight=29 12.999999999999998 19 13.999999999999998 10.000000000000002 14.999999999999998 20 21 389
leaf_count=29 13 19 14 10 15 20 21 389
internal_value=0 9.75035e-06 -4.89733e-05 -7.44253e-06 9.17019e-05 -0.000152854 2.15081e-06 8.8103e-06
internal_weight=0 442 88 74 44 30 429 410
internal_count=530 442 88 74 44 30 429 410
is_linear=0
shrinkage=0.1


Tree=665
num_leaves=12
num_cat=0
split_feature=68 39 27 100 11 55 52 102 1 20 101
split_gain=2.18617e-05 0.000152617 0.00012402 8.75017e-05 5.20883e-05 4.89813e-05 0.000128075 7.46782e-05 5.77856e-05 0.000127766 7.70916e-05
threshold=2.9578707502732562 3.2769667020129059 2.524928003624769 2.397895272798372 2.524928003624769 1.8688348091416842 1.0074515102711328 3.0677824455408698 2.9174053685313028 2.8029010331479989 3.1132683346437333
decision_type=2 2 2 2 2 2 2 2 2 2 2
left_child=1 2 3 -1 -4 6 7 -2 10 -10 -7
right_child=5 -3 4 -5 -6 8 -8 -9 9 -11 -12
leaf_value=-0.00020210640418722673 9.0425544513914836e-05 -0.0003766262354474748 6.5537098668177001e-05 2.9733819566190061e-05 0.00038088011438958347 -2.5671776006037425e-05 0.00042061219573952258 -0.00021588545496342704 0.00023893327615223827 3.1120038678238094e-07 -0.00024425665504072401
leaf_weight=27 39 11.999999999999998 11.000000000000002 41 9.9999999999999982 107 9.9999999999999982 9.9999999999999982 25 219 19
leaf_count=27 39 12 11 41 10 107 10 10 25 219 19
internal_value=0 -4.18573e-05 3.28003e-06 -6.23204e-05 0.0002157 9.85453e-06 9.44723e-05 2.79131e-05 -3.63857e-06 2.47602e-05 -5.8633e-05
internal_weight=0 101 89 68 21 429 59 49 370 244 126
internal_count=530 101 89 68 21 429 59 49 370 244 126
is_linear=0
shrinkage=0.1


Tree=666
num_leaves=12
num_cat=0
split_feature=80 36 77 22 86 29 31 80 78 33 97
split_gain=2.19147e-05 6.27559e-05 0.000111981 0.000105283 0.000242063 5.65867e-05 0.000141747 5.4869e-05 5.17474e-05 5.16838e-05 5.66879e-05
threshold=0.53397373095073164 3.4498615536424366 1.3862943611198912 8.5096593973617747 0.5555920488497792 4.3630783395783075 5.2652741739841078 1.9321161707958991 0.64901998794533211 3.9981586158983733 4.2268071048866842
decision_type=2 2 2 2 2 2 2 2 2 2 2
left_child=5 2 -2 4 -3 9 -7 -5 -4 10 -1
right_child=1 3 8 7 -6 6 -8 -9 -10 -11 -12
leaf_value=1.1601330888657775e-05 -0.00029944641189233933 4.8535260268383555e-05 0.00022438390267780055 5.8873737696558235e-05 0.00060505100349969739 -0.00042954454283145326 3.6773985266336245e-05 -0.00013710666333281553 -3.1282256225638677e-05 0.00017870982507398975 -8.9283313066819883e-05
leaf_weight=246 13.999999999999998 27 9.9999999999999982 50 10.999999999999998 11.000000000000002 15.999999999999998 20 38 14.999999999999998 72
leaf_count=246 14 27 10 50 11 11 16 20 38 15 72
internal_value=0 2.95908e-05 -5.0599e-05 7.56256e-05 0.000209632 -1.39734e-05 -0.000153208 2.87934e-06 2.19815e-05 -2.68416e-06 -1.12405e-05
internal_weight=0 170 62 108 38 360 27 70 48 333 318
internal_count=530 170 62 108 38 360 27 70 48 333 318
is_linear=0
shrinkage=0.1


Tree=667
num_leaves=7
num_cat=0
split_feature=21 22 25 30 39 3
split_gain=2.41615e-05 3.90469e-05 0.000108056 6.86431e-05 6.45476e-05 3.63673e-05
threshold=5.4160905255636633 9.1334875375465199 4.3241107269113215 8.9683302942775107 4.6395599436855051 4.867504863781412
decision_type=2 2 2 2 2 2
left_child=1 2 3 -1 -3 -6
right_child=-2 4 -4 -5 5 -7
leaf_value=4.0113133632261107e-06 0.00014665976209058003 -0.00030458907184021723 0.00025232093175873164 -0.00018102981723911531 -0.00013266665963393667 9.5266122246227632e-05
leaf_weight=442 10.999999999999998 10.999999999999998 17 21 14.000000000000002 13.999999999999998
leaf_count=442 11 11 17 21 14 14
internal_value=0 -3.1084e-06 4.71006e-06 -4.38148e-06 -9.93356e-05 -1.87003e-05
internal_weight=0 519 480 463 39 28
internal_count=530 519 480 463 39 28
is_linear=0
shrinkage=0.1


Tree=668
num_leaves=13
num_cat=0
split_feature=72 73 76 80 76 72 57 77 7 15 8 23
split_gain=2.3067e-05 5.41964e-05 7.53367e-05 0.00011036 8.37355e-05 6.38684e-05 0.000200855 5.93732e-05 5.04534e-05 6.11464e-05 9.60962e-05 8.16051e-05
threshold=0.19014861820061882 1.4978661367769956 1.0000000180025095e-35 0.64087525268431034 0.23500181462286776 0.019833741086715016 2.1012436889689434 1.0972125985553305e-16 4.8081027000528378 1.7917594692280556 2.9174053685313028 2.602003343538398
decision_type=2 2 2 2 2 2 2 2 2 2 2 2
left_child=1 5 3 -3 -4 7 -7 -1 9 10 -2 -11
right_child=8 2 4 -5 -6 6 -8 -9 -10 11 -12 -13
leaf_value=3.1300597056563337e-05 -2.110557728277248e-05 0.000447112841963341 -0.00023779326977091842 -2.6950046594720338e-06 7.8678348583315378e-05 -0.00045522738788955988 0.00011211978764129947 -7.6785058560992851e-05 -0.00022296323776782421 0.0001621726243077622 -0.00039007208426482975 -4.09813058562075e-05
leaf_weight=221 24 12.000000000000002 9.9999999999999982 9.9999999999999982 51 12.000000000000002 12.999999999999998 66 12.999999999999998 30 9.9999999999999982 58
leaf_count=221 24 12 10 10 51 12 13 66 13 30 10 58
internal_value=0 1.21962e-05 8.40129e-05 0.000242655 2.67978e-05 -6.90882e-06 -0.000160207 6.44466e-06 -3.56853e-05 -1.57294e-05 -0.000129625 2.82757e-05
internal_weight=0 395 83 22 61 312 25 287 135 122 34 88
internal_count=530 395 83 22 61 312 25 287 135 122 34 88
is_linear=0
shrinkage=0.1


Tree=669
num_leaves=12
num_cat=0
split_feature=99 9 84 20 25 0 19 102 49 0 51
split_gain=2.48111e-05 5.75672e-05 7.38658e-05 0.000110181 5.77238e-05 4.64589e-05 0.000142595 0.000169857 0.000111542 0.000163143 0.000152949
threshold=1.7046538063492797e-20 2.3502401828962087 0.17940317382877791 0.69314718055994573 2.524928003624769 4.7357950894166834e-16 3.4152368433293397e-18 5.5511151231257817e-16 2.0126758453675753 2.8029010331479989 3.4498615536424366
decision_type=2 2 2 2 2 2 2 2 2 2 2
left_child=1 2 3 -1 -3 6 -2 -8 9 -7 -10
right_child=5 4 -4 -5 -6 8 7 -9 10 -11 -12
leaf_value=5.5921326438692635e-05 -0.00015049247400990379 -0.00036022012529429037 0.00022810812509609001 -0.00022269596163162282 -5.7434649437816593e-05 -0.00029016592588018757 0.00057991533569293078 1.0466056383765218e-05 0.00017440944034509206 -8.6804812025560834e-06 -4.3985589515722177e-06
leaf_weight=40 11.999999999999998 10.000000000000002 11.999999999999998 22 17 29 10.000000000000002 10.999999999999998 60 71 236
leaf_count=40 12 10 12 22 17 29 10 11 60 71 236
internal_value=0 -4.45916e-05 1.01134e-06 -4.29429e-05 -0.000169577 1.04983e-05 0.000124496 0.000281632 9.98436e-07 -9.03113e-05 3.18463e-05
internal_weight=0 101 74 62 27 429 33 21 396 100 296
internal_count=530 101 74 62 27 429 33 21 396 100 296
is_linear=0
shrinkage=0.1


Tree=670
num_leaves=5
num_cat=0
split_feature=57 12 23 30
split_gain=2.35308e-05 5.15569e-05 6.83085e-05 4.05055e-05
threshold=4.7441134930380349 5.7163726239213508 6.1125453256829685 9.4594425831919864
decision_type=2 2 2 2
left_child=1 2 3 -1
right_child=-2 -3 -4 -5
leaf_value=-2.3538825804597353e-07 0.00012792090284554952 -0.00022832126880530267 0.00023671389450707163 -0.00018623248276223119
leaf_weight=482 13.999999999999998 9.9999999999999982 11.999999999999998 11.999999999999998
leaf_count=482 14 10 12 12
internal_value=0 -3.47072e-06 9.72964e-07 -4.75354e-06
internal_weight=0 516 506 494
internal_count=530 516 506 494
is_linear=0
shrinkage=0.1


Tree=671
num_leaves=6
num_cat=0
split_feature=65 28 17 22 12
split_gain=2.32058e-05 3.12447e-05 3.26252e-05 0.000118654 6.99173e-05
threshold=5.3344645682746181 5.7163726239213508 3.9415346756528771 8.5096593973617747 4.2972622671762819
decision_type=2 2 2 2 2
left_child=1 2 4 -4 -1
right_child=-2 -3 3 -5 -6
leaf_value=-1.237568528890487e-07 0.00015089063352206723 -0.00016238970565609636 0.00027770915690588917 -9.6236066475917064e-06 -0.00017577773912004586
leaf_weight=406 9.9999999999999982 11.999999999999998 19 59 24
leaf_count=406 10 12 19 59 24
internal_value=0 -2.90174e-06 8.65689e-07 6.03677e-05 -9.9277e-06
internal_weight=0 520 508 78 430
internal_count=530 520 508 78 430
is_linear=0
shrinkage=0.1


Tree=672
num_leaves=10
num_cat=0
split_feature=20 24 20 28 16 72 35 27 89
split_gain=2.31159e-05 0.000199508 8.34176e-05 0.000211399 7.43231e-05 5.86824e-05 0.000133427 9.12161e-05 5.54568e-05
threshold=2.524928003624769 2.740319461670996 2.8029010331479989 2.9174053685313028 2.6735537653587347 0.27359104265956324 2.602003343538398 1.7917594692280556 0.67727089201096924
decision_type=2 2 2 2 2 2 2 2 2
left_child=1 4 3 -2 8 7 -7 -4 -1
right_child=2 -3 5 -5 -6 6 -8 -9 -10
leaf_value=5.7871019128240819e-06 -5.7128467997245015e-05 -0.00035528195277198825 0.00018178047592906903 0.00052003198890650476 0.00024453246102590733 -0.00037574152530186648 1.4199510149881935e-05 -2.3762081008708968e-06 -0.0002036056240155761
leaf_weight=131 15.000000000000002 17 30 10.999999999999998 11.999999999999998 12.999999999999998 27 260 13.999999999999998
leaf_count=131 15 17 30 11 12 13 27 260 14
internal_value=0 -2.98723e-05 1.46005e-05 0.000187055 5.36319e-06 1.01317e-06 -0.000112531 1.66745e-05 -1.44301e-05
internal_weight=0 174 356 26 157 330 40 290 145
internal_count=530 174 356 26 157 330 40 290 145
is_linear=0
shrinkage=0.1


Tree=673
num_leaves=14
num_cat=0
split_feature=6 9 88 88 6 2 53 96 13 1 0 0 27
split_gain=2.2444e-05 0.000125065 0.000194407 0.000189094 0.000107694 0.000123062 0.000117756 8.59684e-05 8.21284e-05 8.0287e-05 6.19018e-05 6.06765e-05 5.17898e-05
threshold=8.0719859764778956 3.1567740231385479 0.5147796107324073 0.041058849910378711 8.2474446498432314 8.3890118165967387 1.5119428067218685 8.1028887224174948 3.0677824455408698 3.3842466058243152 3.3140206880897671 2.9700856263602158 4.1971736807086968
decision_type=2 2 2 2 2 2 2 2 2 2 2 2 2
left_child=1 8 3 -3 6 7 -2 -6 12 -7 -8 -10 -1
right_child=4 2 -4 -5 5 9 10 -9 11 -11 -12 -13 -14
leaf_value=7.6023827317346143e-06 0.0004816080602176951 -0.0001323817546931206 0.00020425600640010093 -0.00066071795401512646 -1.8466148685547519e-05 0.00030206152354367083 -0.00011459907604148609 -0.00042358533458106899 0.00037263587350025765 7.8517082897633372e-06 0.00023725815408397468 5.0119509562916526e-05 -0.00012590848297501606
leaf_weight=243 10.000000000000002 21.000000000000004 9.9999999999999982 9.9999999999999982 10.000000000000002 9.9999999999999982 10.000000000000002 10.999999999999998 10.000000000000002 128 9.9999999999999982 13.999999999999998 33
leaf_count=243 10 21 10 10 10 10 10 11 10 128 10 14 33
internal_value=0 -1.53203e-05 -0.000179137 -0.000302813 2.76413e-05 -5.14759e-06 0.000201422 -0.000230671 7.0681e-06 2.91713e-05 6.13295e-05 0.000184501 -8.36087e-06
internal_weight=0 341 41 31 189 159 30 21 300 138 20 24 276
internal_count=530 341 41 31 189 159 30 21 300 138 20 24 276
is_linear=0
shrinkage=0.1


Tree=674
num_leaves=6
num_cat=0
split_feature=99 99 98 103 4
split_gain=2.17121e-05 2.95388e-05 3.79073e-05 4.39055e-05 4.14635e-05
threshold=5.1444770070688017 4.5642939350519631 4.3757372435704527 5.6002703899390385 4.6490840411708527
decision_type=2 2 2 2 2
left_child=1 2 4 -4 -1
right_child=-2 -3 3 -5 -6
leaf_value=2.1917180457303011e-06 0.00013902742648497224 -0.00012532956408042658 0.00024835349389692199 1.2289447022340028e-05 -0.00011934017311432399
leaf_weight=437 10.999999999999998 19 12.999999999999998 20 30
leaf_count=437 11 19 13 20 30
internal_value=0 -2.94663e-06 1.70392e-06 0.000105284 -5.61547e-06
internal_weight=0 519 500 33 467
internal_count=530 519 500 33 467
is_linear=0
shrinkage=0.1


Tree=675
num_leaves=9
num_cat=0
split_feature=5 104 103 103 5 70 100 50
split_gain=2.15342e-05 8.82954e-05 8.23516e-05 4.79572e-05 0.000102717 4.23785e-05 6.93364e-05 3.43295e-05
threshold=3.3842466058243152 3.7256208424938388 3.8393944990995776 4.5642939350519631 3.5972184255501678 3.802948177271793 5.1059271080903725 8.1832569446635652
decision_type=2 2 2 2 2 2 2 2
left_child=1 5 -2 7 -5 6 -1 -4
right_child=2 -3 3 4 -6 -7 -8 -9
leaf_value=-6.2384258426888324e-06 0.00023766752462560205 -0.00026042286221386997 -0.00026457113795913745 0.00028619090007850904 2.0347990625925349e-07 -0.00017448333259478336 0.00022948422075177614 -2.537278342060745e-05
leaf_weight=311 17 13.999999999999998 10.000000000000002 13.999999999999998 122 13.999999999999998 12.999999999999998 14.999999999999998
leaf_count=311 17 14 10 14 122 14 13 15
internal_value=0 -1.43339e-05 2.83457e-05 6.24344e-06 2.96434e-05 -4.14089e-06 3.21958e-06 -0.000121052
internal_weight=0 352 178 161 136 338 324 25
internal_count=530 352 178 161 136 338 324 25
is_linear=0
shrinkage=0.1


Tree=676
num_leaves=11
num_cat=0
split_feature=80 87 97 48 13 103 104 72 72 3
split_gain=2.01752e-05 4.55185e-05 4.49563e-05 0.000108728 0.000101411 0.000107436 7.6785e-05 4.09802e-05 5.01027e-05 4.9751e-05
threshold=0.3143043297111871 0.69155384640118911 2.3502401828962087 1.0000000180025095e-35 2.8102520310824275e-16 1.5178830414797065e-17 2.5249280036247694 0.60536479339440796 0.19014861820061882 2.524928003624769
decision_type=2 2 2 2 2 2 2 2 2 2
left_child=1 7 4 -4 -2 -6 -5 8 -1 -9
right_child=2 -3 3 6 5 -7 -8 9 -10 -11
leaf_value=-1.1134625765036468e-05 -8.0866068310569977e-05 0.00019525651267031209 -0.00022345697997432006 0.00025378072095918471 0.00049623987666564046 7.8407167688965276e-05 6.3030451231801029e-06 -3.9949517072686405e-05 -0.00011449513240849824 0.0002608101119139147
leaf_weight=245 15.999999999999998 9.9999999999999982 19 13.999999999999998 10.000000000000002 15.999999999999998 120 11.000000000000002 58 10.999999999999998
leaf_count=245 16 10 19 14 10 16 120 11 58 11
internal_value=0 -1.48856e-05 2.55727e-05 4.15771e-07 0.000117216 0.000239112 3.21589e-05 -2.13515e-05 -3.09198e-05 0.00011043
internal_weight=0 335 195 153 42 26 134 325 303 22
internal_count=530 335 195 153 42 26 134 325 303 22
is_linear=0
shrinkage=0.1


Tree=677
num_leaves=8
num_cat=0
split_feature=96 96 59 1 9 55 65
split_gain=2.16107e-05 0.000120554 8.52283e-05 8.29493e-05 9.19092e-05 5.73834e-05 8.77637e-05
threshold=7.77883922098541 7.9244299962216731 3.9219243190762363 3.1567740231385479 3.1567740231385479 3.4175922930736511 2.2453670957356713
decision_type=2 2 2 2 2 2 2
left_child=2 -2 3 4 -1 -3 -7
right_child=1 5 -4 -5 -6 6 -8
leaf_value=-4.0713324702400141e-06 0.00027160879431499372 -0.00022038702207448132 -0.00026802102799522871 0.00024057590131773256 -0.00025861836523593715 0.00030295116259367207 -1.0345642978175193e-06
leaf_weight=261 18 10.999999999999998 12.999999999999998 12.999999999999998 14.999999999999998 9.9999999999999982 189
leaf_count=261 18 11 13 13 15 10 189
internal_value=0 2.32398e-05 -1.75453e-05 -6.27822e-06 -1.79054e-05 1.95106e-06 1.42411e-05
internal_weight=0 228 302 289 276 210 199
internal_count=530 228 302 289 276 210 199
is_linear=0
shrinkage=0.1


Tree=678
num_leaves=10
num_cat=0
split_feature=8 12 52 102 9 80 87 58 8
split_gain=1.98767e-05 0.000159349 0.000102778 9.99658e-05 9.71079e-05 7.89987e-05 7.27558e-05 6.24157e-05 4.23322e-05
threshold=3.2769667020129059 3.3140206880897671 3.1462473185396322 3.9415346756528771 3.1132683346437333 1.1226292989011639 0.4079280669968775 3.0677824455408698 3.8606743063089755
decision_type=2 2 2 2 2 2 2 2 2
left_child=1 3 5 4 -1 -2 -3 -4 -9
right_child=2 6 7 -5 -6 -7 -8 8 -10
leaf_value=1.0556343627306362e-05 7.7632967134520992e-05 -0.00010250209511771874 -0.00024686661083251238 0.00031620277353795246 -0.00024448690655844987 0.00042487489597988317 -0.00043285598694637885 9.0380586219425269e-05 -1.5399138080382214e-05
leaf_weight=223 19.000000000000004 15.000000000000002 9.9999999999999982 9.9999999999999982 15.999999999999998 9.9999999999999982 11.999999999999998 49 166
leaf_count=223 19 15 10 10 16 10 12 49 166
internal_value=0 -1.85779e-05 2.0187e-05 6.44298e-06 -6.51768e-06 0.000197372 -0.000249326 -2.65011e-06 8.7088e-06
internal_weight=0 276 254 249 239 29 27 225 215
internal_count=530 276 254 249 239 29 27 225 215
is_linear=0
shrinkage=0.1


Tree=679
num_leaves=9
num_cat=0
split_feature=5 65 9 61 104 104 88 68
split_gain=2.19054e-05 0.000106105 6.48735e-05 7.23985e-05 5.49045e-05 0.000134185 6.26368e-05 4.58024e-05
threshold=2.9700856263602158 2.0405229234146725 3.1567740231385479 3.037066305090832 2.8029010331479989 2.1383330595080285 1.0000000180025095e-35 2.9732350229833044
decision_type=2 2 2 2 2 2 2 2
left_child=2 -2 3 7 5 -3 -6 -1
right_child=1 4 -4 -5 6 -7 -8 -9
leaf_value=-5.3666160399045213e-05 0.00029988290804724852 -8.0449213485487455e-05 -0.00024646670450844489 -0.0002601891161413567 4.3891620769650341e-05 0.00042568360400764511 -6.486378534972776e-05 3.3399859126715105e-05
leaf_weight=95 12.999999999999998 11.000000000000002 11.999999999999998 10.999999999999998 109 9.9999999999999982 103 166
leaf_count=95 13 11 12 11 109 10 103 166
internal_value=0 2.18439e-05 -1.89211e-05 -8.88231e-06 6.33095e-06 0.000160566 -8.94709e-06 1.70916e-06
internal_weight=0 246 284 272 233 21 212 261
internal_count=530 246 284 272 233 21 212 261
is_linear=0
shrinkage=0.1


Tree=680
num_leaves=8
num_cat=0
split_feature=0 8 16 11 103 103 4
split_gain=2.18214e-05 9.13678e-05 0.000122568 7.52204e-05 5.49108e-05 3.58398e-05 6.7624e-05
threshold=3.9415346756528771 4.0342014792848504 4.1190041246092024 4.4127799275304271 4.0163424379838117 4.5642939350519631 4.0859410030639109
decision_type=2 2 2 2 2 2 2
left_child=1 2 3 -1 -2 -6 -7
right_child=4 -3 -4 -5 5 6 -8
leaf_value=-3.5311741660105052e-06 0.00022810461792127732 -0.00025495413535585006 0.00028700948563969829 -0.00020823627708427682 -0.00012285088904558078 0.00025765427788352707 8.1874281243907038e-06
leaf_weight=325 12.999999999999998 14.999999999999998 13.999999999999998 19 17 11.999999999999998 115
leaf_count=325 13 15 14 19 17 12 115
internal_value=0 -1.31643e-05 -3.03349e-06 -1.48376e-05 3.12758e-05 1.35065e-05 3.17591e-05
internal_weight=0 373 358 344 157 144 127
internal_count=530 373 358 344 157 144 127
is_linear=0
shrinkage=0.1


Tree=681
num_leaves=5
num_cat=0
split_feature=57 13 96 70
split_gain=1.95872e-05 4.83625e-05 3.27375e-05 5.41973e-05
threshold=4.7441134930380349 5.3659650969185444 9.4284934014359933 5.0253348477932169
decision_type=2 2 2 2
left_child=1 2 3 -1
right_child=-2 -3 -4 -5
leaf_value=3.1592377958930007e-06 0.00011671024590863713 -0.00022093995183240626 0.00018027557729510593 -0.00019643230708814893
leaf_weight=482 13.999999999999998 9.9999999999999982 9.9999999999999982 13.999999999999998
leaf_count=482 14 10 10 14
internal_value=0 -3.16656e-06 1.13727e-06 -2.47439e-06
internal_weight=0 516 506 496
internal_count=530 516 506 496
is_linear=0
shrinkage=0.1


Tree=682
num_leaves=11
num_cat=0
split_feature=79 79 80 36 32 74 59 45 45 80
split_gain=2.02796e-05 0.000115308 4.48142e-05 4.05968e-05 0.00014185 9.78774e-05 9.54074e-05 7.59017e-05 6.92179e-05 3.58433e-05
threshold=3.6105525490912482 3.8393944990995772 0.64087525268431034 3.8393944990995772 3.8176519431297078 0.027914224776470934 4.0517471391904856 3.6505739029280164 3.4175922930736511 1.9321161707958991
decision_type=2 2 2 2 2 2 2 2 2 2
left_child=3 -2 -3 4 8 7 -7 -5 -1 -4
right_child=1 2 9 5 -6 6 -8 -9 -10 -11
leaf_value=-1.5926922333645206e-05 0.00033202796524468191 -0.00019912572315661237 8.4003073238929544e-05 -0.00021615342648146908 0.00038102676335256548 -5.8239379177393838e-05 -0.00047646610590163624 2.0833700546063483e-05 0.00015454160105456629 -7.4220527378863403e-05
leaf_weight=284 11.999999999999998 9.9999999999999982 41 15.999999999999998 9.9999999999999982 12.000000000000002 9.9999999999999982 87 26 22
leaf_count=284 12 10 41 16 10 12 10 87 26 22
internal_value=0 4.47571e-05 -2.46552e-06 -8.54911e-06 1.03284e-05 -5.68757e-05 -0.000248342 -1.59798e-05 -1.62956e-06 2.87504e-05
internal_weight=0 85 73 445 320 125 22 103 310 63
internal_count=530 85 73 445 320 125 22 103 310 63
is_linear=0
shrinkage=0.1


Tree=683
num_leaves=7
num_cat=0
split_feature=21 22 25 32 39 3
split_gain=1.9892e-05 3.73374e-05 7.49185e-05 5.22963e-05 4.81305e-05 2.44375e-05
threshold=5.4160905255636633 9.1334875375465199 4.3241107269113215 4.8940944640863338 4.6395599436855051 4.867504863781412
decision_type=2 2 2 2 2 2
left_child=1 2 3 -1 -3 -6
right_child=-2 4 -4 -5 5 -7
leaf_value=2.9670566218555905e-06 0.00013307246210222896 -0.00027415712459266867 0.00021100191447390792 -0.00020047838479513304 -0.00012070982567300752 6.6134285693156673e-05
leaf_weight=450 10.999999999999998 10.999999999999998 17 12.999999999999998 14.000000000000002 13.999999999999998
leaf_count=450 11 11 17 13 14 14
internal_value=0 -2.82042e-06 4.82498e-06 -2.74523e-06 -9.69176e-05 -2.72878e-05
internal_weight=0 519 480 463 39 28
internal_count=530 519 480 463 39 28
is_linear=0
shrinkage=0.1


Tree=684
num_leaves=8
num_cat=0
split_feature=66 17 41 16 17 17 28
split_gain=1.97329e-05 0.000104523 8.38715e-05 5.74288e-05 4.17756e-05 0.000109565 6.31857e-05
threshold=3.6242520361853052 3.5694334999727624 3.4175922930736511 4.6051201834879256 4.3241107269113215 4.0163424379838117 3.5972184255501678
decision_type=2 2 2 2 2 2 2
left_child=4 -2 -3 -4 5 6 -1
right_child=1 2 3 -5 -6 -7 -8
leaf_value=7.1784506004545479e-06 0.0003474004159943434 0.00021817151119951934 -0.00024166546112004049 1.8634054868016393e-07 -0.00017875005287351089 0.00026226636347322102 -8.9660532077473097e-05
leaf_weight=325 9.9999999999999982 14.999999999999998 11.999999999999998 54 13.999999999999998 14.999999999999998 85
leaf_count=325 10 15 12 54 14 15 85
internal_value=0 4.23808e-05 4.72407e-06 -4.37867e-05 -8.78509e-06 -3.18624e-06 -1.28979e-05
internal_weight=0 91 81 66 439 425 410
internal_count=530 91 81 66 439 425 410
is_linear=0
shrinkage=0.1


Tree=685
num_leaves=6
num_cat=0
split_feature=99 44 44 29 36
split_gain=1.9488e-05 2.64366e-05 2.79764e-05 7.54457e-05 3.20741e-05
threshold=5.1444770070688017 5.814019136035367 5.2257322209664565 4.1971736807086968 5.0005339404374967
decision_type=2 2 2 2 2
left_child=1 2 4 -4 -1
right_child=-2 -3 3 -5 -6
leaf_value=6.9980867441002745e-07 0.00013171437259932811 -0.00016381099092541263 -9.2184508393984257e-05 0.00027972560371078241 -0.00012862105399108262
leaf_weight=467 10.999999999999998 9.9999999999999982 10.000000000000002 11.999999999999998 20
leaf_count=467 11 10 10 12 20
internal_value=0 -2.79163e-06 3.71811e-07 0.000110676 -4.61111e-06
internal_weight=0 519 509 22 487
internal_count=530 519 509 22 487
is_linear=0
shrinkage=0.1


Tree=686
num_leaves=5
num_cat=0
split_feature=45 43 38 33
split_gain=1.8527e-05 4.96677e-05 3.25503e-05 6.3284e-05
threshold=5.3028591759145582 6.059865067854056 9.412013838488722 4.6051201834879256
decision_type=2 2 2 2
left_child=1 2 3 -1
right_child=-2 -3 -4 -5
leaf_value=4.1315936288214777e-06 0.00010270661253290362 -0.00022408315431675873 0.00017959834018256517 -0.0001922236740082393
leaf_weight=476 17 9.9999999999999982 9.9999999999999982 17
leaf_count=476 17 10 10 17
internal_value=0 -3.40353e-06 9.83737e-07 -2.63928e-06
internal_weight=0 513 503 493
internal_count=530 513 503 493
is_linear=0
shrinkage=0.1


Tree=687
num_leaves=9
num_cat=0
split_feature=31 31 65 47 43 37 61 33
split_gain=1.83292e-05 0.0001179 0.000111947 5.25857e-05 0.000146022 4.3634e-05 8.17252e-05 5.21305e-05
threshold=4.1820210059610323 4.0689902272260703 2.3719763247282022 3.6762205501217919 3.9981586158983733 3.1567740231385479 2.3185719068070543 2.249904835165133
decision_type=2 2 2 2 2 2 2 2
left_child=1 5 -2 -4 -5 7 -7 -1
right_child=2 -3 3 4 -6 6 -8 -9
leaf_value=-2.3650999641728724e-05 0.00028718800167553126 -0.00030912107831682079 -0.00018341524264542386 0.00038863377296365797 -6.1929302220862061e-06 -0.00031921465949077781 2.7123988136578273e-06 6.2280783845186614e-05
leaf_weight=178 14.999999999999998 12.999999999999998 13.999999999999998 9.9999999999999982 148 11.999999999999998 23 117
leaf_count=178 15 13 14 10 148 12 23 117
internal_value=0 -1.37312e-05 2.5186e-05 2.33704e-06 1.87961e-05 -2.0946e-06 -0.000107663 1.04304e-05
internal_weight=0 343 187 172 158 330 35 295
internal_count=530 343 187 172 158 330 35 295
is_linear=0
shrinkage=0.1


Tree=688
num_leaves=12
num_cat=0
split_feature=21 22 40 17 21 22 21 26 0 0 26
split_gain=1.81809e-05 0.000103657 0.000205002 5.66197e-05 0.000133056 6.79462e-05 6.34179e-05 4.87314e-05 5.09683e-05 4.37783e-05 3.81541e-05
threshold=3.5694334999727624 8.5230704732322558 3.4498615536424366 3.2769667020129059 3.2384861814448418 8.0871791040414465 3.4175922930736511 8.5426184686125701 3.6762205501217919 4.3630783395783075 7.699812767097904
decision_type=2 2 2 2 2 2 2 2 2 2 2
left_child=3 2 10 4 5 -1 9 -3 -9 -5 -2
right_child=1 7 -4 6 -6 -7 -8 8 -10 -11 -12
leaf_value=1.3899707016430419e-06 -0.00011403759294458161 -0.00022991145960986616 0.00049424029958362772 4.7569208739635845e-05 0.00028519911259081713 -0.0001937311247609997 -0.00025377817602068384 -0.00013281180316963319 3.953023532141323e-05 -0.00020146749637206087 0.00013323618068170618
leaf_weight=294 13.000000000000002 9.9999999999999982 12.999999999999998 24 15.999999999999998 19 19 22 78 9.9999999999999982 11.999999999999998
leaf_count=294 13 10 13 24 16 19 19 22 78 10 12
internal_value=0 2.97558e-05 0.000172144 -1.15284e-05 3.92385e-06 -1.04544e-05 -0.000107449 -1.94329e-05 1.61499e-06 -2.56769e-05 4.65382e-06
internal_weight=0 148 38 382 329 313 53 110 100 34 25
internal_count=530 148 38 382 329 313 53 110 100 34 25
is_linear=0
shrinkage=0.1


Tree=689
num_leaves=5
num_cat=0
split_feature=43 42 44 36
split_gain=1.8217e-05 6.47208e-05 3.33097e-05 2.83633e-05
threshold=6.4800257426481824 9.6133219892231541 5.2257322209664565 5.0005339404374967
decision_type=2 2 2 2
left_child=1 2 3 -1
right_child=-2 -3 -4 -5
leaf_value=2.9661130900718738e-06 0.00012734666356250686 -0.0002546390565112233 0.00014905683890295527 -0.00011319456303185275
leaf_weight=472 10.999999999999998 9.9999999999999982 14.999999999999998 22
leaf_count=472 11 10 15 22
internal_value=0 -2.69906e-06 2.25064e-06 -2.20703e-06
internal_weight=0 519 509 494
internal_count=530 519 509 494
is_linear=0
shrinkage=0.1


Tree=690
num_leaves=9
num_cat=0
split_feature=8 9 75 69 28 102 17 104
split_gain=1.74104e-05 0.000107005 0.00014549 0.000101146 9.58709e-05 9.92652e-05 5.8306e-05 5.40612e-05
threshold=3.3140206880897671 3.1567740231385479 1.6094379124341009 3.181123715924326 3.7012257604091228 3.8176519431297078 2.1383330595080285 2.5249280036247694
decision_type=2 2 2 2 2 2 2 2
left_child=1 4 -3 -2 5 -1 -5 -8
right_child=3 2 -4 6 -6 -7 7 -9
leaf_value=-1.6157752088882656e-07 0.00029076645441818985 -0.00048519185561004126 4.1832262650132182e-05 -0.00022053862419191069 -0.00021575642374380935 0.0002505228450472179 0.0001867162956520641 1.2779299001422216e-06
leaf_weight=223 12.999999999999998 11.000000000000002 9.9999999999999982 10.999999999999998 19 17 17 209
leaf_count=223 13 11 10 11 19 17 17 209
internal_value=0 -1.71261e-05 -0.000234228 1.91812e-05 4.76774e-07 1.75952e-05 4.28413e-06 1.52268e-05
internal_weight=0 280 21 250 259 240 237 226
internal_count=530 280 21 250 259 240 237 226
is_linear=0
shrinkage=0.1


Tree=691
num_leaves=12
num_cat=0
split_feature=20 27 24 73 31 33 44 21 22 13 13
split_gain=1.89639e-05 0.000172308 8.49341e-05 0.000130655 0.000136515 0.00010187 7.87274e-05 7.45772e-05 6.0962e-05 5.92559e-05 6.66601e-05
threshold=3.1567740231385479 1.7917594692280556 2.9174053685313028 5.2041704279304219e-17 2.9174053685313033 2.8029010331479989 3.4498615536424366 2.8617925509761908 7.3004671152190621 2.3502401828962087 2.9174053685313028
decision_type=2 2 2 2 2 2 2 2 2 2 2
left_child=2 -2 5 6 -5 7 -4 -1 -7 -3 -11
right_child=1 9 3 4 -6 8 -8 -9 -10 10 -12
leaf_value=-2.8945394132016787e-06 0.00032658445065060412 -0.00018848572235583561 -0.00012952186437112021 -0.00016681768504081684 0.00026401007756552043 7.818236669041461e-05 -0.00050786132844884621 -0.0002842349717684556 0.00038321895774060975 0.00014973769550124418 -9.5243394770357486e-06
leaf_weight=163 17 15.999999999999998 11.000000000000002 19.000000000000004 11.999999999999998 19.000000000000004 10.999999999999998 9.9999999999999982 9.9999999999999982 30 212
leaf_count=163 17 16 11 19 12 19 11 10 10 30 212
internal_value=0 1.8215e-05 -1.96437e-05 -0.000132314 -4.56479e-08 9.91829e-06 -0.000318692 -1.9157e-05 0.000183367 -2.10388e-06 1.02189e-05
internal_weight=0 275 255 53 31 202 22 173 29 258 242
internal_count=530 275 255 53 31 202 22 173 29 258 242
is_linear=0
shrinkage=0.1


Tree=692
num_leaves=10
num_cat=0
split_feature=5 98 97 97 98 99 68 61 37
split_gain=1.78367e-05 5.63625e-05 8.13753e-05 5.37479e-05 0.000119036 5.2143e-05 5.07781e-05 5.92258e-05 4.91491e-05
threshold=3.3842466058243152 3.4175922930736511 4.2835627800822236 4.2268071048866842 2.9174053685313028 2.8029010331479989 3.6507699060521732 3.2014052826702653 3.1567740231385479
decision_type=2 2 2 2 2 2 2 2 2
left_child=1 5 -3 4 -2 8 -5 -8 -1
right_child=3 2 -4 6 -6 -7 7 -9 -10
leaf_value=1.1260994745918233e-05 -0.00012364564347080884 -0.00037884875782765435 -5.3510049058656613e-06 -0.00020476899491603199 0.0003066657143386288 0.0001683150709141046 0.0001428468981369709 -1.5821035641580372e-05 -8.0844272234607131e-05
leaf_weight=234 10.000000000000002 10.000000000000002 13.999999999999998 10.999999999999998 18 17 30 109 77
leaf_count=234 10 10 14 11 18 17 30 109 77
internal_value=0 -1.30454e-05 -0.000160975 2.57976e-05 0.000152983 -2.22128e-06 2.05637e-06 1.84238e-05 -1.15432e-05
internal_weight=0 352 24 178 28 328 150 139 311
internal_count=530 352 24 178 28 328 150 139 311
is_linear=0
shrinkage=0.1


Tree=693
num_leaves=6
num_cat=0
split_feature=21 26 103 103 89
split_gain=1.78656e-05 2.65818e-05 2.38081e-05 5.05564e-05 3.49749e-05
threshold=5.4160905255636633 9.6816402102362797 6.1903133062787319 5.880517381151094 0.2444714479475863
decision_type=2 2 2 2 2
left_child=1 2 3 -1 -4
right_child=-2 -3 4 -5 -6
leaf_value=1.658986390517241e-06 0.00012611240963451565 -0.00014977589610983463 0.000188843144223938 -0.00016920114717827852 -2.0246997701178773e-05
leaf_weight=457 10.999999999999998 11.999999999999998 15.999999999999998 18 15.999999999999998
leaf_count=457 11 12 16 18 16
internal_value=0 -2.6729e-06 8.08825e-07 -4.81571e-06 8.42981e-05
internal_weight=0 519 507 475 32
internal_count=530 519 507 475 32
is_linear=0
shrinkage=0.1


Tree=694
num_leaves=10
num_cat=0
split_feature=6 68 74 44 48 41 92 39 23
split_gain=1.73858e-05 6.1469e-05 6.1015e-05 9.22242e-05 0.000167171 0.000102179 3.33646e-05 7.14997e-05 4.95758e-05
threshold=5.7120799114421201 2.5568616490828346 0.76766497014018931 1.8688348091416842 2.8029010331479989 2.1383330595080285 3.8610499708688715 2.524928003624769 3.5214886562329184e-16
decision_type=2 2 2 2 2 2 2 2 2
left_child=2 -2 3 4 -1 -5 7 -3 -8
right_child=1 6 -4 5 -6 -7 8 -9 -10
leaf_value=-4.8000496774745575e-05 0.00022230837404584657 1.4177588430660156e-07 -0.00023202920362694259 -0.00032250099776623149 0.00037521550797724298 3.5583293313667294e-05 -0.00010566675729986694 -0.00031812110508326445 2.0643972223843873e-05
leaf_weight=28 12.999999999999998 24 13.999999999999998 14.999999999999998 13.999999999999998 17 34 9.9999999999999982 361
leaf_count=28 13 24 14 15 14 17 34 10 361
internal_value=0 8.08146e-06 -4.0591e-05 -4.37292e-06 9.30715e-05 -0.000132269 1.58973e-06 -9.3465e-05 9.77166e-06
internal_weight=0 442 88 74 42 32 429 34 395
internal_count=530 442 88 74 42 32 429 34 395
is_linear=0
shrinkage=0.1


Tree=695
num_leaves=9
num_cat=0
split_feature=89 65 80 89 69 97 19 19
split_gain=1.71162e-05 5.65666e-05 2.38257e-05 4.20126e-05 4.53907e-05 3.82024e-05 8.60352e-05 7.09951e-05
threshold=0.68437450589092885 2.716824689651856 0.3299106210440475 0.67383840827011465 0.283880377083782 2.3502401828962087 2.524928003624769 3.7012257604091228
decision_type=2 2 2 2 2 2 2 2
left_child=2 -2 3 4 -1 6 -4 -7
right_child=1 -3 5 -5 -6 7 -8 -9
leaf_value=0.00015028815614641646 0.00022876930810385735 -5.6228611404852322e-05 1.9102381390569335e-05 -0.00020442222042523406 -2.2742966086241465e-05 -0.00013083078438285158 0.00034916400697759608 3.7732594820115266e-05
leaf_weight=15.999999999999998 13.000000000000002 14.999999999999998 28 11.999999999999998 289 32 10.999999999999998 114
leaf_count=16 13 15 28 12 289 32 11 114
internal_value=0 7.60919e-05 -4.24417e-06 -2.0887e-05 -1.36659e-05 2.42735e-05 0.000112197 7.87197e-07
internal_weight=0 28 502 317 305 185 39 146
internal_count=530 28 502 317 305 185 39 146
is_linear=0
shrinkage=0.1


Tree=696
num_leaves=8
num_cat=0
split_feature=69 101 101 41 60 2 2
split_gain=1.65053e-05 0.000129837 0.000123534 8.93592e-05 6.71554e-05 3.77305e-05 4.1668e-05
threshold=0.9593767796217848 1.0000000180025095e-35 0.89587973461402726 2.249904835165133 1.1190232859282376 5.4227230155794315 5.6489184425466847
decision_type=2 2 2 2 2 2 2
left_child=1 3 -3 -1 -2 -6 -7
right_child=4 2 -4 -5 5 6 -8
leaf_value=-0.00044072570625840754 0.00022988057107795612 0.00034646780563476061 -7.8894618652864472e-05 -2.7694320888258517e-05 -0.00013856756957370396 0.00016916384920477869 -3.6775579181636626e-07
leaf_weight=11.000000000000002 12.999999999999998 11.000000000000002 18 9.9999999999999982 19 14.999999999999998 433
leaf_count=11 13 11 18 10 19 15 433
internal_value=0 -5.46777e-05 8.24497e-05 -0.000244044 5.69559e-06 -5.45106e-07 5.30853e-06
internal_weight=0 50 29 21 480 467 448
internal_count=530 50 29 21 480 467 448
is_linear=0
shrinkage=0.1


Tree=697
num_leaves=6
num_cat=0
split_feature=31 29 51 51 72
split_gain=1.57728e-05 4.06996e-05 2.83187e-05 4.58061e-05 4.23718e-05
threshold=6.4800257426481824 5.3028591759145582 5.6780422514550422 5.1647696471263407 0.079257161557515846
decision_type=2 2 2 2 2
left_child=1 2 3 -1 -4
right_child=-2 -3 4 -5 -6
leaf_value=3.6837180228450606e-06 0.00011849613193507221 -0.0002022999205019005 0.00026441603171406308 -0.00013273974308014238 -1.4298258702183376e-05
leaf_weight=461 10.999999999999998 9.9999999999999982 10.000000000000002 26 11.999999999999998
leaf_count=461 11 10 10 26 12
internal_value=0 -2.51148e-06 1.41364e-06 -3.59967e-06 0.00011239
internal_weight=0 519 509 487 22
internal_count=530 519 509 487 22
is_linear=0
shrinkage=0.1


Tree=698
num_leaves=8
num_cat=0
split_feature=95 88 23 1 3 102 100
split_gain=1.52238e-05 6.19059e-05 5.04225e-05 4.2519e-05 2.78892e-05 4.5431e-05 3.63215e-05
threshold=4.6298509007569537 0.34363806881130859 4.8081027000528378 4.5591125415341898 5.0106130713801926 5.222760551713157 5.7557372063514576
decision_type=2 2 2 2 2 2 2
left_child=3 2 -2 4 6 -6 -1
right_child=1 -3 -4 -5 5 -7 -8
leaf_value=-2.0734674165084782e-06 4.1769039762584717e-05 -0.00010324544976659429 0.00032801479916088282 -0.00020898965725791641 0.00019601662214780745 -3.1938519190161436e-05 -0.00016038006365609668
leaf_weight=429 16.000000000000004 14.999999999999998 9.9999999999999982 9.9999999999999982 18 17 14.999999999999998
leaf_count=429 16 15 10 10 18 17 15
internal_value=0 5.8531e-05 0.000151864 -4.90751e-06 -6.46919e-07 8.52956e-05 -7.42166e-06
internal_weight=0 41 26 489 479 35 444
internal_count=530 41 26 489 479 35 444
is_linear=0
shrinkage=0.1


Tree=699
num_leaves=6
num_cat=0
split_feature=74 6 74 72 99
split_gain=1.51472e-05 4.90202e-05 3.56762e-05 3.0653e-05 2.53525e-05
threshold=1.3650145539104928 5.8860885991132372 1.0841115373326031 0.77975360085780265 1.7046538063492797e-20
decision_type=2 2 2 2 2
left_child=2 -2 3 4 -1
right_child=1 -3 -4 -5 -6
leaf_value=-5.2593745974826604e-05 -7.1188333095051335e-05 0.00024192573233449365 -0.00015031069242468222 0.0001529334199753626 7.8774240898866527e-06
leaf_weight=84 10.000000000000002 9.9999999999999982 15.999999999999998 12.999999999999998 397
leaf_count=84 10 10 16 13 397
internal_value=0 8.53687e-05 -3.34779e-06 1.41214e-06 -2.68303e-06
internal_weight=0 20 510 494 481
internal_count=530 20 510 494 481
is_linear=0
shrinkage=0.1


Tree=700
num_leaves=6
num_cat=0
split_feature=43 46 40 42 36
split_gain=1.43269e-05 5.06888e-05 3.06825e-05 7.38128e-05 5.64692e-05
threshold=6.4800257426481824 9.5188769219551848 5.1179758838799021 9.230795975246556 5.0005339404374967
decision_type=2 2 2 2 2
left_child=1 2 4 -4 -1
right_child=-2 -3 3 -5 -6
leaf_value=3.2707496939594347e-06 0.00011293417717917526 -0.00020552894032637901 0.00030108952943754203 -6.525070639327169e-05 -0.000193827172042802
leaf_weight=470 10.999999999999998 11.999999999999998 11.000000000000002 10.999999999999998 14.999999999999998
leaf_count=470 11 12 11 11 15
internal_value=0 -2.39359e-06 2.41434e-06 0.000117919 -2.82506e-06
internal_weight=0 519 507 22 485
internal_count=530 519 507 22 485
is_linear=0
shrinkage=0.1


Tree=701
num_leaves=7
num_cat=0
split_feature=21 22 25 39 30 3
split_gain=1.37605e-05 2.78388e-05 5.17319e-05 3.56475e-05 3.02985e-05 1.69922e-05
threshold=5.4160905255636633 9.1334875375465199 4.3241107269113215 4.6395599436855051 8.9683302942775107 4.867504863781412
decision_type=2 2 2 2 2 2
left_child=1 2 4 -3 -1 -5
right_child=-2 3 -4 5 -6 -7
leaf_value=3.5412035801123631e-06 0.00011067941298030995 -0.00023613053080308338 0.00017558236106518001 -0.00010157468828505701 -0.00011939523443461874 5.4228307635639798e-05
leaf_weight=442 10.999999999999998 10.999999999999998 17 14.000000000000002 21 13.999999999999998
leaf_count=442 11 11 17 14 21 14
internal_value=0 -2.34581e-06 4.25586e-06 -8.35971e-05 -2.03475e-06 -2.36732e-05
internal_weight=0 519 480 39 463 28
internal_count=530 519 480 39 463 28
is_linear=0
shrinkage=0.1


Tree=702
num_leaves=9
num_cat=0
split_feature=54 56 54 9 60 11 57 45
split_gain=1.4506e-05 5.57259e-05 4.98751e-05 3.54148e-05 0.000125861 6.12268e-05 2.22742e-05 3.96384e-05
threshold=4.5900436644025815 4.7394341471624966 4.4484992763719129 3.7726948748059121 4.2714061020169298 4.4484992763719129 3.2952977231565357 3.5114340430413216
decision_type=2 2 2 2 2 2 2 2
left_child=2 -2 3 5 -5 -1 -3 -8
right_child=1 6 -4 4 -6 -7 7 -9
leaf_value=2.0100190744819378e-06 0.00026078297931235288 -9.9704616683690488e-05 -0.00021692107018845327 0.00036020514028981177 -1.5087831239465492e-05 -0.00012840258172218456 -1.9560912158505581e-05 0.00018124927300959827
leaf_weight=360 9.9999999999999982 14.999999999999998 10.999999999999998 11.999999999999998 35 40 33 13.999999999999998
leaf_count=360 10 15 11 12 35 40 33 14
internal_value=0 4.17256e-05 -6.55948e-06 -1.38279e-06 8.07317e-05 -1.10312e-05 6.39372e-06 4.02549e-05
internal_weight=0 72 458 447 47 400 62 47
internal_count=530 72 458 447 47 400 62 47
is_linear=0
shrinkage=0.1


Tree=703
num_leaves=10
num_cat=0
split_feature=31 65 31 25 28 6 37 31 35
split_gain=1.45566e-05 8.32687e-05 5.77391e-05 4.24646e-05 9.34201e-05 7.48732e-05 2.98724e-05 6.17838e-05 4.13867e-05
threshold=4.1971736807086968 2.3719763247282022 4.0689902272260703 3.1132683346437333 3.9219243190762363 7.4914760745935558 3.1567740231385479 3.5972184255501678 2.602003343538398
decision_type=2 2 2 2 2 2 2 2 2
left_child=2 -2 6 5 -5 -3 8 -8 -1
right_child=1 3 -4 4 -6 -7 7 -9 -10
leaf_value=-2.0463912393030049e-05 0.00024856906229009233 5.9385157219367077e-05 -0.00019175775301204448 0.00023465968345893394 -8.4169167516497862e-06 -0.0003275855284300633 -0.00027406529407016935 5.843560270675327e-06 5.7601278048131685e-05
leaf_weight=189 14.999999999999998 10.000000000000002 17 18 130 9.9999999999999982 11.999999999999998 23 106
leaf_count=189 15 10 17 18 130 10 12 23 106
internal_value=0 2.28208e-05 -1.20352e-05 2.66471e-06 2.11465e-05 -0.0001341 -2.77674e-06 -9.01252e-05 7.58663e-06
internal_weight=0 183 347 168 148 20 330 35 295
internal_count=530 183 347 168 148 20 330 35 295
is_linear=0
shrinkage=0.1


Tree=704
num_leaves=9
num_cat=0
split_feature=63 12 17 14 28 9 49 12
split_gain=1.49624e-05 9.45742e-05 7.99954e-05 7.95723e-05 7.86274e-05 8.05423e-05 6.34119e-05 5.94249e-05
threshold=3.5408542930527882 2.3502401828962087 2.1383330595080285 7.2754532773251155 3.5694334999727624 3.1567740231385479 3.1984648276080736 3.1132683346437333
decision_type=2 2 2 2 2 2 2 2
left_child=4 -2 7 -4 5 6 -1 -3
right_child=1 2 3 -5 -6 -7 -8 -9
leaf_value=2.6327656301933142e-05 0.0002896248898726602 -0.00033021435738191931 0.00019602381045210086 1.5548170891847637e-06 -0.00029361897009948733 -0.00028394815744832159 -0.00014984138090411484 -1.4520104741677641e-07
leaf_weight=183 11.999999999999998 12.000000000000002 23 247 9.9999999999999982 9.9999999999999982 23 9.9999999999999982
leaf_count=183 12 12 23 247 10 10 23 10
internal_value=0 1.4487e-05 3.18001e-06 1.81207e-05 -1.9487e-05 -6.7957e-06 6.6583e-06 -0.000180183
internal_weight=0 304 292 270 226 216 206 22
internal_count=530 304 292 270 226 216 206 22
is_linear=0
shrinkage=0.1


Tree=705
num_leaves=9
num_cat=0
split_feature=42 47 38 50 34 89 89 89
split_gain=1.39426e-05 0.000108801 5.83794e-05 4.5561e-05 4.09502e-05 3.22058e-05 0.000112307 0.000100599
threshold=8.9404231003657895 4.9662804000109189 8.9404231003657895 7.2214592484050657 9.119156665053497 0.56689715819657438 0.5232227682289422 0.60177272049383101
decision_type=2 2 2 2 2 2 2 2
left_child=2 -2 5 -3 -5 6 -1 -7
right_child=1 3 -4 4 -6 7 -8 -9
leaf_value=-1.1162696167996323e-06 0.00034693628826062197 0.00014073181063092003 -0.00023388383984142408 -0.00018266102832807091 1.546800334903377e-05 0.00026332651573789513 -0.00024518010835834048 2.5416988444112029e-06
leaf_weight=329 9.9999999999999982 14.999999999999998 10.999999999999998 17 27 18 20 83
leaf_count=329 10 15 11 17 27 18 20 83
internal_value=0 4.19237e-05 -6.27492e-06 -9.77329e-06 -6.10818e-05 -7.11148e-07 -1.51027e-05 4.90182e-05
internal_weight=0 69 461 59 44 450 349 101
internal_count=530 69 461 59 44 450 349 101
is_linear=0
shrinkage=0.1


Tree=706
num_leaves=10
num_cat=0
split_feature=48 48 55 52 54 46 88 38 89
split_gain=1.43935e-05 0.000104789 4.17061e-05 0.00010687 5.02744e-05 3.37256e-05 7.74711e-05 6.7733e-05 4.42703e-05
threshold=3.1984648276080736 3.3140206880897671 3.5408542930527882 3.5694334999727624 2.6735537653587347 9.119156665053497 0.26833448407523952 8.8928122467075443 0.68714873750689331
decision_type=2 2 2 2 2 2 2 2 2
left_child=5 -2 4 -4 -3 7 -7 8 -1
right_child=1 2 3 -5 -6 6 -8 -9 -10
leaf_value=-2.2748191113350913e-05 0.00029448471390284029 1.9482326042634667e-05 0.00032928435380612925 6.434027819216001e-06 -0.00016683263209935312 -3.0731516246879962e-05 0.00031313667946960779 -0.00024833569097189377 0.00019190795486792925
leaf_weight=245 12.999999999999998 30 10.999999999999998 151 28 19.000000000000004 9.9999999999999982 12.999999999999998 9.9999999999999982
leaf_count=245 13 30 11 151 28 19 10 13 10
internal_value=0 1.86057e-05 2.30374e-06 2.8356e-05 -7.04628e-05 -1.45964e-05 8.78437e-05 -2.56813e-05 -1.43303e-05
internal_weight=0 233 220 162 58 297 29 268 255
internal_count=530 233 220 162 58 297 29 268 255
is_linear=0
shrinkage=0.1


Tree=707
num_leaves=13
num_cat=0
split_feature=68 68 46 101 51 100 40 29 21 65 83 101
split_gain=1.4386e-05 0.000112898 8.39786e-05 8.56822e-05 6.303e-05 2.82231e-05 9.36639e-05 6.14447e-05 9.66633e-05 8.02996e-05 4.85018e-05 3.60336e-05
threshold=2.9578707502732562 2.9144083877517208 6.6669365588036706 1.8214596497756478e-17 2.0126758453675753 3.0201273556387074 2.249904835165133 2.3502401828962087 2.4414009612931857 2.0670343166931224 1.7070922881696469 1.0408340855860844e-16
decision_type=2 2 2 2 2 2 2 2 2 2 2 2
left_child=1 2 4 -4 -1 6 10 9 -9 -7 -2 -8
right_child=5 -3 3 -5 -6 7 11 8 -10 -11 -12 -13
leaf_value=-0.00023019610291612482 0.00040192397529608564 -0.00032188508636560678 -1.9594990070410336e-05 0.00033693118020892147 2.2944447624942532e-07 -0.00032179820937017212 0.00010723891361976713 0.00020975785555492623 2.4238237024922351e-07 -3.8426323993310995e-05 9.7630873576483949e-05 -7.9700702021400199e-05
leaf_weight=15.999999999999998 10.000000000000002 11.999999999999998 14.000000000000002 12.999999999999998 46 11.999999999999998 15.999999999999998 24 267 60 10.999999999999998 29
leaf_count=16 10 12 14 13 46 12 16 24 267 60 11 29
internal_value=0 -3.39547e-05 4.86733e-06 0.000152066 -5.92352e-05 7.99401e-06 6.81467e-05 -2.94285e-06 1.7522e-05 -8.5655e-05 0.000242532 -1.32333e-05
internal_weight=0 101 89 27 62 429 66 363 291 72 21 45
internal_count=530 101 89 27 62 429 66 363 291 72 21 45
is_linear=0
shrinkage=0.1


Tree=708
num_leaves=9
num_cat=0
split_feature=46 23 15 42 34 5 46 75
split_gain=1.39435e-05 6.63173e-05 5.57229e-05 3.94325e-05 3.48361e-05 6.85298e-05 6.52588e-05 1.92866e-05
threshold=4.330646767694998 2.8029010331479989 2.524928003624769 4.996846910211139 5.7120799114421201 1.700598690831078 5.8215644129176907 2.249904835165133
decision_type=2 2 2 2 2 2 2 2
left_child=1 2 7 -2 5 -5 -6 -1
right_child=3 -3 -4 4 6 -7 -8 -9
leaf_value=1.7908725385495921e-05 0.00018422913514465716 -0.0002445486366363744 0.00017530499649832823 -0.00024903835765144322 0.00017363567546809742 4.4309888892257735e-06 3.8091965265500159e-07 -0.00016540891665499659
leaf_weight=11.000000000000002 11.999999999999998 12.999999999999998 13.999999999999998 15.999999999999998 23 32 397 11.999999999999998
leaf_count=11 12 13 14 16 23 32 397 12
internal_value=0 -5.02555e-05 1.80097e-05 5.23494e-06 6.45349e-07 -8.00588e-05 9.86868e-06 -7.77353e-05
internal_weight=0 50 37 480 468 48 420 23
internal_count=530 50 37 480 468 48 420 23
is_linear=0
shrinkage=0.1


Tree=709
num_leaves=10
num_cat=0
split_feature=26 30 26 34 34 75 75 30 65
split_gain=1.36288e-05 9.67335e-05 7.52835e-05 5.10211e-05 0.00010971 3.94424e-05 6.13848e-05 5.90565e-05 3.8181e-05
threshold=7.4914760745935558 7.536596417682853 7.566306192404392 7.2754532773251155 7.0444416188210859 2.1383330595080285 2.8029010331479989 7.699812767097904 1.8779222892538936
decision_type=2 2 2 2 2 2 2 2 2
left_child=1 3 -2 4 -1 7 -7 -4 -5
right_child=2 -3 5 8 -6 6 -8 -9 -10
leaf_value=-3.2433904702593103e-06 0.00024139023776764852 -0.00030669494787037945 0.00026252621464664119 0.00026686799088069651 -0.00031441807417043798 -0.00025848324836400796 -1.5534937759954258e-05 1.3029221926125182e-05 3.2762596866201709e-05
leaf_weight=203 13.999999999999998 10.999999999999998 9.9999999999999982 11.000000000000002 11.999999999999998 12.999999999999998 52 185 19
leaf_count=203 14 11 10 11 12 13 52 185 19
internal_value=0 -1.659e-05 1.55001e-05 -3.56485e-06 -2.06113e-05 3.3368e-06 -6.41246e-05 2.58239e-05 0.000118601
internal_weight=0 256 274 245 215 260 65 195 30
internal_count=530 256 274 245 215 260 65 195 30
is_linear=0
shrinkage=0.1


Tree=710
num_leaves=8
num_cat=0
split_feature=22 77 29 82 25 21 5
split_gain=1.34217e-05 6.90313e-05 5.11332e-05 6.24941e-05 4.51245e-05 6.53998e-05 4.25076e-05
threshold=4.8471850864775066 1.0000000180025095e-35 1.8214596497756478e-17 0.88828262671975977 9.5756735873919732e-16 0.3465735902799737 1.4978661367769959
decision_type=2 2 2 2 2 2 2
left_child=1 -1 3 -2 -4 -6 -3
right_child=2 6 4 -5 5 -7 -8
leaf_value=0.00024753507817737186 -0.00032279024466829874 -0.00013046352962394142 0.00017276034632232042 7.1963867715870343e-06 -0.00023386389621009586 2.8232358591742733e-06 8.3983905757409761e-05
leaf_weight=12.999999999999998 11.000000000000002 18 14.999999999999998 11.999999999999998 11.999999999999998 430 19
leaf_count=13 11 18 15 12 12 430 19
internal_value=0 4.93061e-05 -5.13605e-06 -0.000150623 2.18606e-06 -3.60266e-06 -2.03419e-05
internal_weight=0 50 480 23 457 442 37
internal_count=530 50 480 23 457 442 37
is_linear=0
shrinkage=0.1


Tree=711
num_leaves=5
num_cat=0
split_feature=35 35 31 31
split_gain=1.3455e-05 4.67727e-05 3.40191e-05 3.40425e-05
threshold=6.4216103699850091 5.9888074996960983 5.6780422514550422 5.2652741739841078
decision_type=2 2 2 2
left_child=1 2 3 -1
right_child=-2 -3 -4 -5
leaf_value=-3.3444857097640483e-06 -9.6730865126508955e-05 0.00019774194806814195 -0.00015572334377793597 0.00012393975524570454
leaf_weight=468 13.999999999999998 11.999999999999998 13.999999999999998 22
leaf_count=468 14 12 14 22
internal_value=0 2.62448e-06 -2.02117e-06 2.37032e-06
internal_weight=0 516 504 490
internal_count=530 516 504 490
is_linear=0
shrinkage=0.1


Tree=712
num_leaves=12
num_cat=0
split_feature=28 33 29 33 10 22 24 20 20 70 3
split_gain=1.27212e-05 6.93375e-05 9.43956e-05 6.97367e-05 0.000104134 5.28019e-05 4.2686e-05 9.13443e-05 7.21589e-05 2.00483e-05 4.66659e-05
threshold=2.0126758453675748 1.4978661367769959 1.4978661367769959 1.700598690831078 5.4227230155794315 6.1002787324210326 2.6735537653587347 2.524928003624769 2.8029010331479989 0.67331944283467882 2.8617925509761908
decision_type=2 2 2 2 2 2 2 2 2 2 2
left_child=1 2 5 -3 -5 -1 9 -8 -9 -2 -11
right_child=6 3 -4 4 -6 -7 7 8 -10 10 -12
leaf_value=3.7954449759457605e-05 -1.3843036348199739e-06 -0.00028887595341075211 0.00031085996515685111 0.00024614594280137681 -0.00011134607676384886 -0.00018613741561309256 -0.0002287210345350425 0.00022329107460488255 -1.4030499098808165e-06 0.00027996204309082326 3.9350878719951174e-05
leaf_weight=55 13.999999999999998 14.999999999999998 10.999999999999998 9.9999999999999982 44 12.999999999999998 17 14.999999999999998 303 13.999999999999998 19
leaf_count=55 14 15 11 10 44 13 17 15 303 14 19
internal_value=0 -2.48901e-05 3.90781e-05 -9.81291e-05 -4.51439e-05 -4.88664e-06 9.6433e-06 -2.87766e-06 9.19573e-06 9.88884e-05 0.000141428
internal_weight=0 148 79 69 54 68 382 335 318 47 33
internal_count=530 148 79 69 54 68 382 335 318 47 33
is_linear=0
shrinkage=0.1


Tree=713
num_leaves=14
num_cat=0
split_feature=72 47 36 92 26 38 46 43 39 28 50 102 38
split_gain=1.28465e-05 3.67425e-05 8.17104e-05 0.000144678 5.54797e-05 4.8849e-05 0.000119226 3.05893e-05 8.49684e-05 5.85108e-05 7.22426e-05 4.43945e-05 3.53795e-05
threshold=0.19014861820061882 2.0126758453675753 1.700598690831078 3.8720511086177325 5.6869696108313716 7.2754532773251155 6.6669365588036706 2.0126758453675753 2.0126758453675753 3.3842466058243152 8.2900073123853399 3.5114340430413216 8.1517544617349813
decision_type=2 2 2 2 2 2 2 2 2 2 2 2 2
left_child=1 5 3 -3 -4 6 -1 8 11 10 -9 -2 -11
right_child=7 2 4 -5 -6 -7 -8 9 -10 12 -12 -13 -14
leaf_value=2.9094298673898625e-05 -0.00010753465055664681 6.0576460236916297e-05 0.00023864475486334416 -0.00043047414850055552 -1.2668479129037435e-06 -0.00013434071390127595 0.00032607480354593415 1.9839891662871069e-05 -0.00032968614223963499 -0.00023708489150687284 0.0003246076539835485 7.6329763426959596e-05 -9.7167833397785826e-07
leaf_weight=66 29 12.000000000000002 9.9999999999999982 11.999999999999998 267 10.999999999999998 17 35 10.999999999999998 11.000000000000002 9.9999999999999982 24 14.999999999999998
leaf_count=66 29 12 10 12 267 11 17 35 11 11 10 24 15
internal_value=0 9.10171e-06 -7.9421e-06 -0.000184949 7.39422e-06 6.36782e-05 8.99216e-05 -2.66309e-05 -7.67678e-05 1.85629e-05 8.75661e-05 -2.42753e-05 -0.000100866
internal_weight=0 395 301 24 277 94 83 135 64 71 45 53 26
internal_count=530 395 301 24 277 94 83 135 64 71 45 53 26
is_linear=0
shrinkage=0.1


Tree=714
num_leaves=11
num_cat=0
split_feature=21 22 39 20 23 26 23 7 7 46
split_gain=1.30649e-05 6.80092e-05 0.000142424 3.88435e-05 3.48533e-05 3.29062e-05 2.80036e-05 2.72593e-05 6.83515e-05 3.88273e-05
threshold=3.5694334999727624 8.5230704732322558 4.0517471391904856 4.0342014792848504 4.7405652883788738 7.699812767097904 4.9416169117544309 4.3241107269113215 4.1820210059610323 7.4676420139001936
decision_type=2 2 2 2 2 2 2 2 2 2
left_child=3 2 5 7 -3 -2 -6 8 -1 -9
right_child=1 4 -4 -5 6 -7 -8 9 -10 -11
leaf_value=-3.8349598037574013e-06 -9.1586960255741473e-05 -0.00014187608019508642 0.00046450866211671387 -0.00017966314150656289 0.00012214415635551428 0.0001257836286580035 -1.6930673044388077e-05 -0.00019596611269020396 0.00023921994992027372 1.776064957940595e-05
leaf_weight=323 13.000000000000002 18 9.9999999999999982 12.999999999999998 18 14.999999999999998 74 17 11.999999999999998 17
leaf_count=323 13 18 10 13 18 15 74 17 12 17
internal_value=0 2.52241e-05 0.000140558 -9.77269e-06 -1.46186e-05 2.48616e-05 1.02796e-05 -3.78739e-06 4.87148e-06 -8.91027e-05
internal_weight=0 148 38 382 110 28 92 369 335 34
internal_count=530 148 38 382 110 28 92 369 335 34
is_linear=0
shrinkage=0.1


Tree=715
num_leaves=5
num_cat=0
split_feature=45 17 3 16
split_gain=1.29544e-05 3.46113e-05 3.68425e-05 1.89719e-05
threshold=5.3028591759145582 5.4160905255636633 6.059865067854056 4.4367340276668159
decision_type=2 2 2 2
left_child=1 2 3 -1
right_child=-2 -3 -4 -5
leaf_value=-1.1355141258662735e-05 8.588267908849315e-05 -0.00018706490336626303 0.00016697266736837965 4.6281501701025375e-05
leaf_weight=424 17 9.9999999999999982 12.999999999999998 66
leaf_count=424 17 10 13 66
internal_value=0 -2.84601e-06 8.16389e-07 -3.59184e-06
internal_weight=0 513 503 490
internal_count=530 513 503 490
is_linear=0
shrinkage=0.1


Tree=716
num_leaves=6
num_cat=0
split_feature=74 6 74 70 69
split_gain=1.14792e-05 3.59523e-05 2.41177e-05 1.80968e-05 3.8299e-05
threshold=1.3650145539104928 5.8860885991132372 1.0841115373326031 0.017943753505510068 0.55286540177206422
decision_type=2 2 2 2 2
left_child=2 -2 3 -1 -5
right_child=1 -3 -4 4 -6
leaf_value=-0.00012030326579406393 -5.975841864710672e-05 0.00020839202443312388 -0.0001237476823007455 0.00016699718954831563 -8.561845159868963e-07
leaf_weight=11.999999999999998 10.000000000000002 9.9999999999999982 15.999999999999998 13.999999999999998 468
leaf_count=12 10 10 16 14 468
internal_value=0 7.43168e-05 -2.91438e-06 9.99245e-07 4.01922e-06
internal_weight=0 20 510 494 482
internal_count=530 20 510 494 482
is_linear=0
shrinkage=0.1


Tree=717
num_leaves=12
num_cat=0
split_feature=68 68 46 101 42 55 52 86 54 35 13
split_gain=1.16134e-05 7.59326e-05 5.0509e-05 6.48685e-05 5.28266e-05 2.70382e-05 7.20925e-05 4.83748e-05 3.1254e-05 2.78591e-05 1.80355e-05
threshold=2.9578707502732562 2.9144083877517208 6.6669365588036706 1.8214596497756478e-17 5.6185859816918615 1.8688348091416842 1.0074515102711328 0.5555920488497792 1.8688348091416842 6.4216103699850091 2.249904835165133
decision_type=2 2 2 2 2 2 2 2 2 2 2
left_child=1 2 4 -4 -1 6 7 -2 10 -10 -7
right_child=5 -3 3 -5 -6 8 -8 -9 9 -11 -12
leaf_value=1.767841849203517e-05 -3.647059791153486e-05 -0.00026664130081523277 -3.38751111745036e-05 0.00027634001587732482 -0.00017736013313489303 -2.2405037877130472e-05 0.00031474169569264634 0.00019458492230720975 9.8907989114584085e-06 -0.00015949267079122366 -0.00019241386057379157
leaf_weight=41 37 11.999999999999998 14.000000000000002 12.999999999999998 21 12.000000000000002 9.9999999999999982 11.999999999999998 335 9.9999999999999982 12.999999999999998
leaf_count=41 37 12 14 13 21 12 10 12 335 10 13
internal_value=0 -3.05077e-05 1.33057e-06 0.000115488 -4.8383e-05 7.18246e-06 7.00513e-05 2.01144e-05 -2.84257e-06 4.98113e-06 -0.00011081
internal_weight=0 101 89 27 62 429 59 49 370 345 25
internal_count=530 101 89 27 62 429 59 49 370 345 25
is_linear=0
shrinkage=0.1


Tree=718
num_leaves=6
num_cat=0
split_feature=45 44 32 45 29
split_gain=1.26742e-05 3.07313e-05 4.4985e-05 9.36882e-05 6.8411e-05
threshold=5.3028591759145582 5.2652741739841078 4.9451504953659766 4.1971736807086968 4.3630783395783075
decision_type=2 2 2 2 2
left_child=1 2 4 -4 -1
right_child=-2 -3 3 -5 -6
leaf_value=4.2714158013580719e-07 8.4948746938179657e-05 -0.00013502014613443275 -7.8289106328922655e-06 0.00037032160995295274 -0.00024146688956534491
leaf_weight=455 17 17 19.000000000000004 9.9999999999999982 11.999999999999998
leaf_count=455 17 17 19 10 12
internal_value=0 -2.81507e-06 1.71616e-06 0.000122568 -5.78855e-06
internal_weight=0 513 496 29 467
internal_count=530 513 496 29 467
is_linear=0
shrinkage=0.1


Tree=719
num_leaves=11
num_cat=0
split_feature=46 12 0 76 76 8 12 61 101 21
split_gain=1.17155e-05 4.61684e-05 6.67107e-05 2.93331e-05 3.8987e-05 2.68791e-05 0.000102732 6.68637e-05 2.38934e-05 2.3863e-05
threshold=4.330646767694998 3.0677824455408698 3.2384861814448418 1.1929174125529312 1.3975307890459201 3.2769667020129059 3.3140206880897671 2.0439003700751464 2.0126758453675753 2.249904835165133
decision_type=2 2 2 2 2 2 2 2 2 2
left_child=1 2 -1 5 -5 6 -2 -7 -6 -3
right_child=3 9 -4 4 8 7 -8 -9 -10 -11
leaf_value=9.9108941088031427e-06 -4.6808083189298982e-06 0.0001719335545203648 -0.00031140322292534016 0.00024356218213638801 -6.8610040664983285e-05 0.00023210665281762238 -0.00022877763524023899 6.3315330508500599e-06 9.2276469073719153e-05 -3.0323910764959043e-05
leaf_weight=14.000000000000002 185 10.000000000000002 11.999999999999998 10.999999999999998 14.999999999999998 13.999999999999998 23 208 24 13.999999999999998
leaf_count=14 185 10 12 11 15 14 23 208 24 14
internal_value=0 -4.60657e-05 -0.000138388 4.79851e-06 7.72934e-05 -3.63112e-06 -2.94607e-05 2.05696e-05 3.0397e-05 5.395e-05
internal_weight=0 50 26 480 50 430 208 222 39 24
internal_count=530 50 26 480 50 430 208 222 39 24
is_linear=0
shrinkage=0.1


Tree=720
num_leaves=10
num_cat=0
split_feature=45 45 65 57 4 89 89 101 89
split_gain=1.15049e-05 7.77931e-05 6.19203e-05 4.09422e-05 5.52367e-05 3.79342e-05 2.75946e-05 8.43118e-05 7.60506e-05
threshold=3.3842466058243152 3.3140206880897671 2.1065079057813194 3.4306622201124024 4.5538214868689204 0.17853517573474983 0.56689715819657438 3.4972025275692372e-15 0.5232227682289422
decision_type=2 2 2 2 2 2 2 2 2
left_child=1 6 -2 4 -4 -5 8 -8 -1
right_child=2 -3 3 5 -6 -7 7 -9 -10
leaf_value=-2.2661769273855176e-06 0.00026246577035635713 -0.00026071206663497528 1.1473489398593332e-05 0.00026336369549178257 -0.00016411353374548658 1.5207395128007711e-05 -0.00015085978543538658 0.00010843030856982485 -0.00021514377282680168
leaf_weight=248 9.9999999999999982 11.999999999999998 122 11.000000000000002 21 13.999999999999998 15.999999999999998 58 18
leaf_count=248 10 12 122 11 21 14 16 58 18
internal_value=0 -1.04771e-05 2.07188e-05 6.32908e-06 -1.4312e-05 0.000124396 -1.64529e-06 5.23676e-05 -1.66714e-05
internal_weight=0 352 178 168 143 25 340 74 266
internal_count=530 352 178 168 143 25 340 74 266
is_linear=0
shrinkage=0.1


Tree=721
num_leaves=11
num_cat=0
split_feature=51 51 51 51 51 21 7 43 43 76
split_gain=1.22709e-05 4.05029e-05 7.91683e-05 3.98301e-05 4.71542e-05 3.94252e-05 3.71087e-05 4.916e-05 2.80934e-05 2.06881e-05
threshold=4.9662804000109189 4.7140145363037149 4.8081027000528378 4.5325416796595226 4.2555875595453383 3.3140206880897671 4.0163424379838117 3.7494348669884658 3.1984648276080736 0.39816570839758808
decision_type=2 2 2 2 2 2 2 2 2 2
left_child=1 3 -3 4 -1 -5 -2 8 -8 -9
right_child=6 2 -4 5 -6 -7 7 9 -10 -11
leaf_value=-5.4663594211771544e-06 -0.00020782183968218637 0.00034800456574885164 -2.9237054453309004e-06 -0.00026664938539562908 0.0001114516396467623 1.0859165658158334e-06 1.2448740530731701e-05 -0.00015403190966026159 0.00022368078443832929 2.2127689444459978e-05
leaf_weight=374 10.999999999999998 10.000000000000002 18 11.000000000000002 38 10.999999999999998 17.000000000000004 20.000000000000004 9.9999999999999982 9.9999999999999982
leaf_count=374 11 10 18 11 38 11 17 20 10 10
internal_value=0 5.83759e-06 0.000122408 -1.68307e-06 5.31734e-06 -0.000132782 -3.96613e-05 -7.20921e-06 9.06828e-05 -9.5312e-05
internal_weight=0 462 28 434 412 22 68 57 27 30
internal_count=530 462 28 434 412 22 68 57 27 30
is_linear=0
shrinkage=0.1


Tree=722
num_leaves=8
num_cat=0
split_feature=25 21 17 9 52 88 43
split_gain=1.09232e-05 7.79025e-05 4.75747e-05 5.76577e-05 4.25064e-05 2.31587e-05 2.88869e-05
threshold=2.8102520310824275e-16 0.3465735902799737 0.3465735902799737 0.69314718055994551 7.8929918156944735e-17 0.3681464551373767 3.4152368433293397e-18
decision_type=2 2 2 2 2 2 2
left_child=4 -2 -3 -4 -1 6 -6
right_child=1 2 3 -5 5 -7 -8
leaf_value=0.00020007491246080744 -0.00023775853016039556 0.00020718435569671621 -0.0001692453766736435 4.5597918662796647e-06 -0.00011942829184011896 8.7540807649738313e-05 6.8590699251776997e-05
leaf_weight=12.999999999999998 13.999999999999998 10.999999999999998 20 418 22 19 12.999999999999998
leaf_count=13 14 11 20 418 22 19 13
internal_value=0 -5.46114e-06 1.78199e-06 -3.37652e-06 3.77389e-05 -1.342e-06 -4.95927e-05
internal_weight=0 463 449 438 67 54 35
internal_count=530 463 449 438 67 54 35
is_linear=0
shrinkage=0.1


Tree=723
num_leaves=10
num_cat=0
split_feature=6 87 44 68 77 68 5 23 7
split_gain=1.14249e-05 4.57166e-05 4.90889e-05 7.10891e-05 7.04077e-05 4.05595e-05 2.29319e-05 6.80347e-05 3.7082e-05
threshold=5.7120799114421201 0.5963809262587102 1.8688348091416842 3.0381044756711275 1.0000000180025095e-35 2.5568616490828346 1.8688348091416844 0.69314718055994573 2.9700856263602162
decision_type=2 2 2 2 2 2 2 2 2
left_child=1 2 4 -4 -1 -2 7 -7 -8
right_child=5 -3 3 -5 -6 6 8 -9 -10
leaf_value=0.00018621834536568951 0.0001805684081493662 -0.00020602760352910713 -0.00031775292591191829 3.8092876572839239e-06 -7.0327654648281174e-05 -7.043262675534396e-05 -7.4555240269915705e-05 0.0001373554325675741 6.9032939491142338e-06
leaf_weight=23 12.999999999999998 12.999999999999998 9.9999999999999982 22 20 26 69 40 294
leaf_count=23 13 13 10 22 20 26 69 40 294
internal_value=0 -3.29047e-05 -2.89675e-06 -9.66789e-05 6.68946e-05 6.55117e-06 1.27792e-06 5.54995e-05 -8.58056e-06
internal_weight=0 88 75 32 43 442 429 66 363
internal_count=530 88 75 32 43 442 429 66 363
is_linear=0
shrinkage=0.1


Tree=724
num_leaves=5
num_cat=0
split_feature=47 47 42 40
split_gain=1.08666e-05 3.95685e-05 3.24382e-05 2.96243e-05
threshold=6.4216103699850091 5.9888074996960983 9.412013838488722 5.1179758838799021
decision_type=2 2 2 2
left_child=1 2 3 -1
right_child=-2 -3 -4 -5
leaf_value=-2.3156236722897198e-06 -8.6930192316815789e-05 0.00018182150694580441 -0.0001717543531082232 0.00014526043102835372
leaf_weight=479 13.999999999999998 11.999999999999998 10.999999999999998 13.999999999999998
leaf_count=479 14 12 11 14
internal_value=0 2.35857e-06 -1.91436e-06 1.87518e-06
internal_weight=0 516 504 493
internal_count=530 516 504 493
is_linear=0
shrinkage=0.1


Tree=725
num_leaves=8
num_cat=0
split_feature=25 21 17 9 29 4 4
split_gain=1.08837e-05 6.07122e-05 3.70137e-05 4.84589e-05 3.50594e-05 5.41799e-05 4.31457e-05
threshold=2.8102520310824275e-16 0.3465735902799737 0.3465735902799737 0.69314718055994551 1.8214596497756478e-17 1.162264728904461e-16 2.249904835165133
decision_type=2 2 2 2 2 2 2
left_child=4 -2 -3 -4 5 -1 -7
right_child=1 2 3 -5 -6 6 -8
leaf_value=-0.00014861004550338671 -0.00021052344984907125 0.00018211828243114395 -0.00015566988557111472 3.6686221052872733e-06 0.00016681950577321914 0.00022256345879820099 -1.3161902395288715e-05
leaf_weight=17 13.999999999999998 10.999999999999998 20 418 15.999999999999998 11.999999999999998 22
leaf_count=17 14 11 20 418 16 12 22
internal_value=0 -5.45128e-06 9.42956e-07 -3.60711e-06 3.76708e-05 -2.84649e-06 7.00353e-05
internal_weight=0 463 449 438 67 51 34
internal_count=530 463 449 438 67 51 34
is_linear=0
shrinkage=0.1


Tree=726
num_leaves=11
num_cat=0
split_feature=5 19 50 102 70 96 5 18 53 89
split_gain=1.1215e-05 7.30223e-05 6.49579e-05 5.60662e-05 5.37235e-05 5.31399e-05 4.82189e-05 2.86462e-05 3.67952e-05 2.779e-05
threshold=1.2424533248940006 1.0000000180025095e-35 6.5359075343019937 1.0000000180025095e-35 1.0393278016844485 4.8471850864775066 1.4978661367769959 5.4094089116575796 0.88137358701954338 0.22974486851048764
decision_type=2 2 2 2 2 2 2 2 2 2
left_child=1 3 4 -1 -3 -5 -2 8 -8 -9
right_child=6 2 -4 5 -6 -7 7 9 -10 -11
leaf_value=-0.0002388842832563872 -0.00019603837997867512 0.00018144743128990131 0.00033929097355047072 0.00016069611603078166 -9.6296158265501562e-05 -9.9071571922751102e-05 0.00025104501808527853 -2.9648280018823533e-05 1.1802413589773804e-05 2.3339434544901687e-05
leaf_weight=11.999999999999998 12.999999999999998 15.000000000000002 10.999999999999998 13.999999999999998 12.999999999999998 18 10.000000000000002 235 18 171
leaf_count=12 13 15 11 14 13 18 10 235 18 171
internal_value=0 3.37579e-05 0.000133386 -5.4549e-05 5.24951e-05 1.45768e-05 -6.26825e-06 -5.83891e-07 9.72462e-05 -7.33079e-06
internal_weight=0 83 39 44 28 32 447 434 28 406
internal_count=530 83 39 44 28 32 447 434 28 406
is_linear=0
shrinkage=0.1


Tree=727
num_leaves=8
num_cat=0
split_feature=99 51 72 72 51 51 48
split_gain=1.05391e-05 2.15071e-05 4.2476e-05 4.8554e-05 3.3141e-05 6.35815e-05 3.29511e-05
threshold=5.1444770070688017 4.9662804000109189 0.3712091147833641 0.14101810060795336 4.7140145363037149 4.8081027000528378 4.4005842009683471
decision_type=2 2 2 2 2 2 2
left_child=1 4 3 -3 6 -6 -1
right_child=-2 2 -4 -5 5 -7 -8
leaf_value=3.4584350468926525e-06 9.6861682620576838e-05 -4.8927091031785226e-05 0.00010902680860453985 -0.00029727507744610194 0.00031284092729038081 -1.6500834640788122e-06 -0.00015250578414582248
leaf_weight=418 10.999999999999998 37 11.999999999999998 9.9999999999999982 10.000000000000002 18 13.999999999999998
leaf_count=418 11 37 12 10 10 18 14
internal_value=0 -2.05295e-06 -5.88938e-05 -0.000101767 5.23751e-06 0.000110668 -1.59596e-06
internal_weight=0 519 59 47 460 28 432
internal_count=530 519 59 47 460 28 432
is_linear=0
shrinkage=0.1


Tree=728
num_leaves=10
num_cat=0
split_feature=33 29 30 49 98 30 35 35 38
split_gain=1.07513e-05 5.32384e-05 4.27114e-05 3.33349e-05 9.07717e-05 3.25918e-05 1.69536e-05 6.22502e-05 5.70423e-05
threshold=4.2696729980286863 4.2696729980286863 8.8684732016442744 3.1984648276080736 3.6762205501217919 9.6133219892231541 4.8081027000528378 4.9126278521332782 8.6586018407184806
decision_type=2 2 2 2 2 2 2 2 2
left_child=1 6 -2 4 -4 -5 8 -8 -1
right_child=2 -3 3 5 -6 -7 7 -9 -10
leaf_value=5.6612744064102922e-07 -0.00020845250207154702 0.00021322030864515305 -5.3080418329045639e-05 2.387366621405817e-05 0.00031591492646839472 -0.0002144302738915113 0.00027812565244630607 -6.6792813110320528e-06 -0.00020482372461369132
leaf_weight=396 11.999999999999998 11.999999999999998 20.000000000000004 12.000000000000002 9.9999999999999982 10.999999999999998 9.9999999999999982 33 13.999999999999998
leaf_count=396 12 12 20 12 10 11 10 33 14
internal_value=0 5.32503e-06 -3.80944e-05 4.77205e-07 6.9918e-05 -9.00978e-05 -1.82131e-07 5.95544e-05 -6.44718e-06
internal_weight=0 465 65 53 30 23 453 43 410
internal_count=530 465 65 53 30 23 453 43 410
is_linear=0
shrinkage=0.1


Tree=729
num_leaves=6
num_cat=0
split_feature=45 33 32 44 29
split_gain=9.82532e-06 3.16034e-05 5.14998e-05 3.82177e-05 2.34422e-05
threshold=5.3028591759145582 4.6051201834879256 4.9451504953659766 4.8241040655959244 4.3630783395783075
decision_type=2 2 2 2 2
left_child=1 2 4 -3 -1
right_child=-2 3 -4 -5 -6
leaf_value=1.2599858414234957e-06 7.4794496450682785e-05 -3.9989463402889663e-07 0.00019259837666010885 -0.0002312338619433901 -0.00015350383177064944
leaf_weight=460 17 16.000000000000004 13.999999999999998 12.999999999999998 9.9999999999999982
leaf_count=460 17 16 14 13 10
internal_value=0 -2.47857e-06 3.59697e-06 -0.000103877 -2.03286e-06
internal_weight=0 513 484 29 470
internal_count=530 513 484 29 470
is_linear=0
shrinkage=0.1


Tree=730
num_leaves=7
num_cat=0
split_feature=70 70 57 41 96 8
split_gain=9.56268e-06 1.88248e-05 3.11266e-05 7.85641e-05 3.18278e-05 2.75435e-05
threshold=0.017943753505510068 0.20572448607019578 0.67163091077141346 2.740319461670996 5.6185859816918615 1.0000000180025095e-35
decision_type=2 2 2 2 2 2
left_child=-1 5 3 -3 -4 -2
right_child=1 2 4 -5 -6 -7
leaf_value=-8.1547894348789536e-05 0.00016096262224891684 -0.00020961843891365625 0.00011690354749589461 9.3413169932838561e-05 -1.4327312293552007e-06 -4.819161280465778e-05
leaf_weight=13.999999999999998 17.000000000000004 22 24 13.999999999999998 429 9.9999999999999982
leaf_count=14 17 22 24 14 429 10
internal_value=0 2.21254e-06 -2.27562e-06 -9.17728e-05 4.83674e-06 8.34981e-05
internal_weight=0 516 489 36 453 27
internal_count=530 516 489 36 453 27
is_linear=0
shrinkage=0.1


Tree=731
num_leaves=9
num_cat=0
split_feature=37 29 10 74 19 64 1 19
split_gain=9.5725e-06 4.53345e-05 5.45464e-05 4.36446e-05 6.85031e-05 3.04467e-05 2.56033e-05 1.1822e-05
threshold=1.8214596497756478e-17 1.1362438767648089e-16 4.1895399446433013 0.11240127588506103 1.0000000180025095e-35 1.178326157132161 2.249904835165133 1.0000000180025095e-35
decision_type=2 2 2 2 2 2 2 2
left_child=3 -2 -3 4 -1 -4 -5 -8
right_child=1 2 5 6 -6 -7 7 -9
leaf_value=-5.5574929319845966e-06 -0.00016527555765017443 0.00023202490323456006 -0.00012166617199822906 5.7722463679965585e-05 0.00031051264571336411 1.7309045520768879e-06 -3.5111168399453151e-05 -0.00018887727332185023
leaf_weight=16.000000000000004 17 9.9999999999999982 21 15.999999999999998 11.999999999999998 418 10.000000000000002 9.9999999999999982
leaf_count=16 17 10 21 16 12 418 10 10
internal_value=0 -4.98049e-06 1.08859e-06 3.62642e-05 0.000129901 -4.17192e-06 -3.65646e-05 -0.000111994
internal_weight=0 466 449 64 28 439 36 20
internal_count=530 466 449 64 28 439 36 20
is_linear=0
shrinkage=0.1


Tree=732
num_leaves=7
num_cat=0
split_feature=99 51 72 72 48 54
split_gain=9.47273e-06 1.73945e-05 3.25032e-05 3.98824e-05 2.96913e-05 2.29209e-05
threshold=5.1444770070688017 4.9662804000109189 0.3712091147833641 0.14101810060795336 4.867504863781412 4.5900436644025815
decision_type=2 2 2 2 2 2
left_child=1 4 3 -3 5 -1
right_child=-2 2 -4 -5 -6 -7
leaf_value=-5.2089247193569988e-06 9.1830510857769044e-05 -4.2679015628842488e-05 9.3826586574626469e-05 -0.00026775999576784671 0.00017503862181911245 8.5267694321373706e-05
leaf_weight=420 10.999999999999998 37 11.999999999999998 9.9999999999999982 9.9999999999999982 30
leaf_count=420 11 37 12 10 10 30
internal_value=0 -1.94631e-06 -5.30645e-05 -9.05686e-05 4.61015e-06 8.2285e-07
internal_weight=0 519 59 47 460 450
internal_count=530 519 59 47 460 450
is_linear=0
shrinkage=0.1


Tree=733
num_leaves=12
num_cat=0
split_feature=86 61 81 24 8 64 42 6 23 83 23
split_gain=9.59305e-06 3.74563e-05 3.01005e-05 6.3047e-05 6.32787e-05 1.84947e-05 5.58941e-05 3.44204e-05 1.43484e-05 1.73952e-05 1.24827e-05
threshold=0.63109085467141146 9.6483880954106233e-07 0.067621128088439994 4.2972622671762819 3.2769667020129059 1.0845268501847618 6.1002787324210326 4.330646767694998 1.4978661367769959 1.1445885771037998 5.2094712223428914
decision_type=2 2 2 2 2 2 2 2 2 2 2
left_child=1 -1 3 4 -2 6 -3 -7 -4 -10 -5
right_child=2 5 8 10 -6 7 -8 -9 9 -11 -12
leaf_value=-0.00018019079858883441 7.0878730766708032e-05 0.00021017459221184251 -0.00014682247609016481 -0.00014565212710294868 0.00036851974669843912 -0.00016670292791856741 -6.7651147089366396e-05 -1.2949171239084442e-06 -9.6741413508425432e-05 8.5492244993061334e-05 1.2352223930065522e-05
leaf_weight=11.999999999999998 25 15.000000000000002 10.000000000000002 10.000000000000002 9.9999999999999982 12.999999999999998 13.999999999999998 390 10.000000000000002 10.999999999999998 9.9999999999999982
leaf_count=12 25 15 10 10 10 13 14 390 10 11 10
internal_value=0 -5.92104e-06 3.05691e-05 7.49848e-05 0.000155919 -1.08022e-06 7.60518e-05 -6.63066e-06 -4.8233e-05 -1.28569e-06 -6.665e-05
internal_weight=0 444 86 55 35 432 29 403 31 21 20
internal_count=530 444 86 55 35 432 29 403 31 21 20
is_linear=0
shrinkage=0.1


Tree=734
num_leaves=8
num_cat=0
split_feature=35 31 39 38 32 44 57
split_gain=1.04001e-05 3.87546e-05 3.78933e-05 5.04318e-05 7.70938e-05 2.62594e-05 2.92543e-05
threshold=5.2652741739841078 5.2907605476430133 5.2094712223428914 8.9933631558035643 4.867504863781412 4.4367340276668159 3.4306622201124024
decision_type=2 2 2 2 2 2 2
left_child=2 -2 3 4 -1 -3 -7
right_child=1 5 -4 -5 -6 6 -8
leaf_value=-9.437920479861558e-07 -0.00021877469436731189 -0.00014945039816666395 0.0001885074656456709 -0.00022141561523312701 0.00026711123275824573 -1.5795313242961128e-05 0.00018015449211816303
leaf_weight=436 9.9999999999999982 9.9999999999999982 10.999999999999998 9.9999999999999982 10.999999999999998 32 9.9999999999999982
leaf_count=436 10 10 11 10 11 32 10
internal_value=0 -3.84864e-05 5.09862e-06 6.8397e-07 5.65264e-06 -3.81556e-06 3.08594e-05
internal_weight=0 62 468 457 447 52 42
internal_count=530 62 468 457 447 52 42
is_linear=0
shrinkage=0.1


Tree=735
num_leaves=9
num_cat=0
split_feature=25 21 101 22 17 9 22 1
split_gain=1.02111e-05 4.69295e-05 3.19442e-05 7.83906e-05 2.94162e-05 3.77417e-05 2.84419e-05 2.45244e-05
threshold=2.8102520310824275e-16 0.3465735902799737 8.7430063189231058e-16 1.0000000180025095e-35 0.3465735902799737 0.69314718055994551 5.5702057285008761 1.8688348091416844
decision_type=2 2 2 2 2 2 2 2
left_child=2 -2 3 -1 -3 -6 7 -4
right_child=1 4 6 -5 5 -7 -8 -9
leaf_value=-4.3308088594737143e-05 -0.00018557844045322523 0.00016185596124904063 0.00015552864980153652 0.00028571121136857462 -0.00013791293762551506 2.7063190141430198e-06 -0.00012527949984360022 -5.5634441642641006e-05
leaf_weight=15.000000000000002 13.999999999999998 10.999999999999998 11.000000000000002 13.999999999999998 20 418 15.999999999999998 10.999999999999998
leaf_count=15 14 11 11 14 20 418 16 11
internal_value=0 -5.28013e-06 3.64881e-05 0.000115529 3.41644e-07 -3.71465e-06 -2.38325e-05 4.99471e-05
internal_weight=0 463 67 29 449 438 38 22
internal_count=530 463 67 29 449 438 38 22
is_linear=0
shrinkage=0.1


Tree=736
num_leaves=10
num_cat=0
split_feature=5 4 77 49 5 89 100 39 1
split_gain=1.01426e-05 5.26326e-05 9.31715e-05 5.3853e-05 3.9719e-05 3.28395e-05 2.22279e-05 3.57986e-05 2.99073e-05
threshold=1.2424533248940006 1.162264728904461e-16 1.700598690831078 1.0000000180025095e-35 1.4978661367769959 0.5232227682289422 2.6735537653587351 2.0126758453675753 1.8688348091416844
decision_type=2 2 2 2 2 2 2 2 2
left_child=1 3 -3 5 -2 -1 7 -6 -8
right_child=4 2 -4 -5 6 -7 8 -9 -10
leaf_value=8.5784828492992192e-05 -0.00017819484368933797 0.00029291724400964622 -4.9020052344227838e-05 -0.00022692834556272085 0.00018572130047687097 -0.00010766769600405286 -0.00012183492739991794 4.9975450868563114e-07 -1.7874945502835097e-06
leaf_weight=27 12.999999999999998 17 14.999999999999998 10.999999999999998 15.999999999999998 12.999999999999998 22 30 366
leaf_count=27 13 17 15 11 16 13 22 30 366
internal_value=0 3.21035e-05 0.000132634 -3.09745e-05 -5.96105e-06 2.29128e-05 -8.01977e-07 6.49246e-05 -8.59431e-06
internal_weight=0 83 32 51 447 40 434 46 388
internal_count=530 83 32 51 447 40 434 46 388
is_linear=0
shrinkage=0.1


Tree=737
num_leaves=8
num_cat=0
split_feature=25 10 52 18 6 96 83
split_gain=9.19923e-06 4.12399e-05 2.89757e-05 2.58759e-05 2.80177e-05 1.35113e-05 2.49847e-05
threshold=2.8102520310824275e-16 4.5217294998350539 5.811323644522305e-17 5.4094089116575796 5.7120799114421201 5.8860885991132372 19.663134068239213
decision_type=2 2 2 2 2 2 2
left_child=2 -2 -1 -3 -5 -4 -7
right_child=1 3 5 4 -6 6 -8
leaf_value=0.00017542254378592287 -0.00018797593705433731 0.0001589230695162769 9.3003714125818366e-05 -8.8292577765969332e-05 3.7644380945830901e-06 -0.00010851890830580441 4.6441569682666225e-05
leaf_weight=11.999999999999998 11.999999999999998 9.9999999999999982 12.999999999999998 36 405 19 23
leaf_count=12 12 10 13 36 405 19 23
internal_value=0 -5.0117e-06 3.46331e-05 -1.43469e-07 -3.75042e-06 3.91537e-06 -2.36596e-05
internal_weight=0 463 67 451 441 55 42
internal_count=530 463 67 451 441 55 42
is_linear=0
shrinkage=0.1


Tree=738
num_leaves=11
num_cat=0
split_feature=70 55 33 58 51 102 97 2 72 17
split_gain=9.73299e-06 8.68871e-05 0.000129263 8.11533e-05 2.6479e-05 4.99074e-05 4.05354e-05 2.36357e-05 3.84432e-05 3.83128e-05
threshold=2.7218883830391021 2.9700856263602158 3.0677824455408698 2.1383330595080281 1.0000000180025095e-35 2.602003343538398 3.4152368433293397e-18 6.6319800785872394 0.41539667985787027 2.8029010331479989
decision_type=2 2 2 2 2 2 2 2 2 2
left_child=3 2 -2 4 5 -1 -6 8 -3 -9
right_child=1 7 -4 -5 6 -7 -8 9 -10 -11
leaf_value=0.00011006710669789755 -0.00040674234777935233 1.9413988304543582e-06 5.9031013271041131e-05 0.00025966572597658691 -0.00015593404407679504 -7.7304183157268978e-05 8.0437345916704681e-07 -6.5638454620248494e-05 0.0002490382888936438 1.6391648494847871e-05
leaf_weight=44 13.000000000000002 17.000000000000004 10.999999999999998 12.999999999999998 21 21 77 76 9.9999999999999982 227
leaf_count=44 13 17 11 13 21 21 77 76 10 227
internal_value=0 -9.5552e-06 -0.000193263 1.9219e-05 4.22496e-08 4.95318e-05 -3.27824e-05 3.80536e-06 9.34588e-05 -4.18356e-06
internal_weight=0 354 24 176 163 65 98 330 27 303
internal_count=530 354 24 176 163 65 98 330 27 303
is_linear=0
shrinkage=0.1


Tree=739
num_leaves=9
num_cat=0
split_feature=33 33 30 42 42 89 66 84
split_gain=9.61511e-06 4.09553e-05 3.30774e-05 3.02604e-05 4.27005e-05 1.81601e-05 6.07042e-05 3.65075e-05
threshold=4.2696729980286863 4.135134555718313 8.8684732016442744 8.9162152217939674 9.4284934014359933 0.2444714479475863 3.6242520361853052 0.67531773170116216
decision_type=2 2 2 2 2 2 2 2
left_child=1 5 -2 -4 -5 7 -7 -1
right_child=2 -3 3 4 -6 6 -8 -9
leaf_value=-7.1562071517192347e-06 -0.00018594436502705021 0.00018003097345801788 -0.00011698694961523871 0.00016412886350949789 -5.1435977366054433e-05 4.7024691503421966e-06 0.00019322706510521177 -0.00015865873797070784
leaf_weight=247 11.999999999999998 12.999999999999998 15.999999999999998 17 20 169 19 17
leaf_count=247 12 13 16 17 20 169 19 17
internal_value=0 5.03581e-06 -3.60254e-05 -2.08151e-06 4.76073e-05 2.76507e-09 2.37555e-05 -1.69121e-05
internal_weight=0 465 65 53 37 452 188 264
internal_count=530 465 65 53 37 452 188 264
is_linear=0
shrinkage=0.1


Tree=740
num_leaves=9
num_cat=0
split_feature=38 39 36 57 13 45 46 34
split_gain=9.37675e-06 4.3304e-05 3.83579e-05 3.49463e-05 5.61241e-05 2.52285e-05 3.93876e-05 1.62503e-05
threshold=8.9808621585217967 5.2094712223428914 4.8241040655959244 3.4306622201124024 3.7726948748059121 4.0517471391904856 8.8543690245937814 8.7819392060842816
decision_type=2 2 2 2 2 2 2 2
left_child=2 -2 5 4 -3 6 -1 -7
right_child=1 3 -4 -5 -6 7 -8 -9
leaf_value=1.500945668622994e-07 -0.00019880893143216292 4.164375561511126e-05 0.00017425108403061203 0.00015483121290647736 -0.00021980647021943394 -0.00017573126018620452 0.00017689970857016026 -6.1711960006505249e-06
leaf_weight=418 12.999999999999998 26 12.999999999999998 11.999999999999998 11.999999999999998 13.000000000000002 12.999999999999998 9.9999999999999982
leaf_count=418 13 26 13 12 12 13 13 10
internal_value=0 -3.6214e-05 4.8854e-06 6.06069e-06 -4.09195e-05 3.57211e-08 5.48129e-06 -0.000102009
internal_weight=0 63 467 50 38 454 431 23
internal_count=530 63 467 50 38 454 431 23
is_linear=0
shrinkage=0.1


Tree=741
num_leaves=9
num_cat=0
split_feature=35 35 39 38 32 49 99 30
split_gain=9.31796e-06 3.12694e-05 2.66225e-05 3.65986e-05 5.64516e-05 1.97068e-05 3.19995e-05 2.77219e-05
threshold=5.2652741739841078 5.5234569284970156 5.2094712223428914 8.9933631558035643 4.867504863781412 3.1984648276080736 3.4498615536424366 8.8684732016442744
decision_type=2 2 2 2 2 2 2 2
left_child=2 -2 3 4 -1 7 -7 -3
right_child=1 5 -4 -5 -6 6 -8 -9
leaf_value=-2.8615981545536929e-07 -0.00016213849162644088 -7.2694278933340651e-05 0.00015855777708731529 -0.00018807727217790671 0.00022909204602580182 5.4944857123473394e-05 -0.0001980353822000325 0.00013713623383784364
leaf_weight=436 14.999999999999998 10.000000000000002 10.999999999999998 9.9999999999999982 10.999999999999998 10.000000000000002 9.9999999999999982 17
leaf_count=436 15 10 11 10 11 10 10 17
internal_value=0 -3.64292e-05 4.82609e-06 1.12576e-06 5.35849e-06 3.69081e-06 -7.15453e-05 5.94212e-05
internal_weight=0 62 468 457 447 47 20 27
internal_count=530 62 468 457 447 47 20 27
is_linear=0
shrinkage=0.1


Tree=742
num_leaves=5
num_cat=0
split_feature=47 47 17 51
split_gain=9.30052e-06 2.80412e-05 2.28746e-05 2.26702e-05
threshold=6.4216103699850091 5.9888074996960983 5.4160905255636633 5.6780422514550422
decision_type=2 2 2 2
left_child=1 2 3 -1
right_child=-2 -3 -4 -5
leaf_value=-2.8977908204094534e-06 -8.0422304095658807e-05 0.00015325882007649247 -0.00015115048401639799 0.0001032841101256227
leaf_weight=473 13.999999999999998 11.999999999999998 9.9999999999999982 21
leaf_count=473 14 12 10 21
internal_value=0 2.182e-06 -1.41507e-06 1.61601e-06
internal_weight=0 516 504 494
internal_count=530 516 504 494
is_linear=0
shrinkage=0.1


Tree=743
num_leaves=10
num_cat=0
split_feature=75 57 75 47 47 41 53 88 48
split_gain=9.2143e-06 4.83136e-05 3.00202e-05 3.1742e-05 9.56167e-05 6.23508e-05 1.34148e-05 1.39256e-05 1.11346e-05
threshold=3.4498615536424366 2.7655058732022781 3.1567740231385479 0.34657359027997314 1.2424533248940006 1.0000000180025095e-35 3.412561619978375 0.18117684839793091 4.2555875595453383
decision_type=2 2 2 2 2 2 2 2 2
left_child=2 -2 3 5 -5 -1 8 -8 -3
right_child=1 6 -4 4 -6 -7 7 -9 -10
leaf_value=-1.285639776798171e-05 -0.00021644607401564522 -1.1839858780149371e-05 0.00013555179962970536 -0.00030190620349127462 -2.6310525229429857e-06 0.00018103294078847048 1.2906962421346597e-05 -0.00014405697391339344 0.00010101258480169824
leaf_weight=43 11.999999999999998 18 17 10.999999999999998 362 27 13.000000000000002 9.9999999999999982 17
leaf_count=43 12 18 17 11 362 27 13 10 17
internal_value=0 -3.38005e-05 5.14356e-06 1.39176e-07 -1.14569e-05 6.19295e-05 3.98823e-06 -5.53382e-05 4.29742e-05
internal_weight=0 70 460 443 373 70 58 23 35
internal_count=530 70 460 443 373 70 58 23 35
is_linear=0
shrinkage=0.1


Tree=744
num_leaves=9
num_cat=0
split_feature=37 33 33 26 74 19 1 19
split_gain=9.02157e-06 3.12747e-05 4.94452e-05 3.98635e-05 3.01686e-05 4.6008e-05 1.85508e-05 9.57919e-06
threshold=1.8214596497756478e-17 0.3465735902799737 1.2424533248940006 5.198054235823637 0.11240127588506103 1.0000000180025095e-35 2.249904835165133 1.0000000180025095e-35
decision_type=2 2 2 2 2 2 2 2
left_child=4 -2 -3 -4 5 -1 -6 -8
right_child=1 2 3 -5 6 -7 7 -9
leaf_value=2.0437699731701283e-06 -0.00013049031227925107 0.0001926742206705967 -0.00020259495388017966 -5.9582104793937011e-07 5.4912455925659746e-05 0.00026107073972525541 -2.0344069489510724e-05 -0.00015875789278652519
leaf_weight=16.000000000000004 19 12.999999999999998 9.9999999999999982 424 15.999999999999998 11.999999999999998 10.000000000000002 9.9999999999999982
leaf_count=16 19 13 10 424 16 12 10 10
internal_value=0 -4.83504e-06 5.06012e-07 -5.25018e-06 3.52051e-05 0.000113055 -2.5345e-05 -8.9551e-05
internal_weight=0 466 447 434 64 28 36 20
internal_count=530 466 447 434 64 28 36 20
is_linear=0
shrinkage=0.1


Tree=745
num_leaves=7
num_cat=0
split_feature=22 77 14 18 18 83
split_gain=8.86627e-06 4.0382e-05 3.4528e-05 2.146e-05 1.80605e-05 1.75434e-05
threshold=4.8471850864775066 1.0000000180025095e-35 4.8471850864775066 5.4616545636185885 5.6039197429949557 19.663134068239213
decision_type=2 2 2 2 2 2
left_child=1 -1 -2 -4 -5 -3
right_child=2 5 3 4 -6 -7
leaf_value=0.00019168809477168209 -0.00017166761487411958 -8.3940351396449847e-05 0.000138144025483846 -0.00012978559071515601 -7.9946685147228583e-08 5.3826617773953137e-05
leaf_weight=12.999999999999998 11.999999999999998 18 10.999999999999998 10.999999999999998 446 19
leaf_count=13 12 18 11 11 446 19
internal_value=0 4.00745e-05 -4.17443e-06 1.2027e-07 -3.20196e-06 -1.31952e-05
internal_weight=0 50 480 468 457 37
internal_count=530 50 480 468 457 37
is_linear=0
shrinkage=0.1


Tree=746
num_leaves=9
num_cat=0
split_feature=70 55 95 89 25 58 86 52
split_gain=9.30059e-06 0.000110217 8.31925e-05 3.45112e-05 4.73955e-05 2.52175e-05 2.02208e-05 2.56287e-05
threshold=2.8054163065627864 2.9700856263602158 2.8617925509761908 0.65541501693949999 2.9174053685313028 0.34657359027997309 0.68763835309583687 3.1462473185396322
decision_type=2 2 2 2 2 2 2 2
left_child=2 -2 3 4 -1 -5 7 -3
right_child=1 6 -4 5 -6 -7 -8 -9
leaf_value=-6.9922219002667891e-06 -0.00028460110136490713 7.7920357361191162e-05 0.00028470862201753665 -0.00019683845317298873 0.00013900586992450473 1.1080000767833553e-05 -0.0001156813278482462 -4.3834700098462541e-06
leaf_weight=126 13.999999999999998 44 10.999999999999998 14.000000000000002 27 9.9999999999999982 13.999999999999998 270
leaf_count=126 14 44 11 14 27 10 14 270
internal_value=0 -9.82162e-06 1.7867e-05 1.28362e-06 1.87721e-05 -0.000110206 1.90677e-06 7.14955e-06
internal_weight=0 342 188 177 153 24 328 314
internal_count=530 342 188 177 153 24 328 314
is_linear=0
shrinkage=0.1


Tree=747
num_leaves=9
num_cat=0
split_feature=35 31 39 38 38 49 99 85
split_gain=8.02687e-06 2.96136e-05 2.11277e-05 2.93361e-05 4.68005e-05 1.97432e-05 2.93105e-05 2.24457e-05
threshold=5.2652741739841078 5.2907605476430133 5.2094712223428914 8.9933631558035643 8.8928122467075443 3.1984648276080736 3.5114340430413216 0.12384260260940112
decision_type=2 2 2 2 2 2 2 2
left_child=2 -2 3 4 -1 7 -7 -3
right_child=1 5 -4 -5 -6 6 -8 -9
leaf_value=-1.6710966750397682e-07 -0.00019140956796036336 -1.245425523130076e-05 0.00014143012257673864 -0.00016821074099425461 0.00020868528610497544 5.6018255709204805e-05 -0.00017170320931584755 0.00017263832443859429
leaf_weight=436 9.9999999999999982 19.000000000000004 10.999999999999998 9.9999999999999982 10.999999999999998 10.000000000000002 12.999999999999998 9.9999999999999982
leaf_count=436 10 19 11 10 11 10 13 10
internal_value=0 -3.38113e-05 4.47928e-06 1.18287e-06 4.97243e-06 -3.50398e-06 -7.26939e-05 5.13708e-05
internal_weight=0 62 468 457 447 52 23 29
internal_count=530 62 468 457 447 52 23 29
is_linear=0
shrinkage=0.1


Tree=748
num_leaves=6
num_cat=0
split_feature=99 99 16 19 36
split_gain=8.52206e-06 1.66928e-05 1.44133e-05 0.000106141 2.84039e-05
threshold=5.1444770070688017 4.5642939350519631 4.3241107269113215 4.7405652883788738 3.8393944990995772
decision_type=2 2 2 2 2
left_child=1 2 4 -4 -1
right_child=-2 -3 3 -5 -6
leaf_value=6.9731852671766856e-06 8.7100724604996776e-05 -9.3846393326059218e-05 0.0003020175844610024 -1.0598861861195255e-05 -5.8921150129107341e-05
leaf_weight=340 10.999999999999998 19 12.999999999999998 66 81
leaf_count=340 11 19 13 66 81
internal_value=0 -1.84607e-06 1.64995e-06 4.08444e-05 -5.70482e-06
internal_weight=0 519 500 79 421
internal_count=530 519 500 79 421
is_linear=0
shrinkage=0.1


Tree=749
num_leaves=6
num_cat=0
split_feature=89 65 13 3 99
split_gain=8.11894e-06 3.3264e-05 1.18491e-05 2.81928e-05 1.84926e-05
threshold=0.68437450589092885 2.716824689651856 5.3659650969185444 6.059865067854056 4.5642939350519631
decision_type=2 2 2 2 2
left_child=2 -2 3 4 -1
right_child=1 -3 -4 -5 -6
leaf_value=-8.7506714123415931e-07 0.0001694862433046532 -4.9062761730359248e-05 -9.7149642869436112e-05 0.00016576339665334673 -0.00013204884173980894
leaf_weight=468 13.000000000000002 14.999999999999998 12.999999999999998 9.9999999999999982 10.999999999999998
leaf_count=468 13 15 13 10 11
internal_value=0 5.24064e-05 -2.92307e-06 -4.18067e-07 -3.88741e-06
internal_weight=0 28 502 489 479
internal_count=530 28 502 489 479
is_linear=0
shrinkage=0.1


Tree=750
num_leaves=10
num_cat=0
split_feature=0 57 99 102 101 38 29 57 57
split_gain=7.88445e-06 4.86057e-05 4.41925e-05 5.1623e-05 3.63521e-05 5.32835e-05 3.42815e-05 2.57589e-05 1.93546e-05
threshold=4.7357950894166834e-16 0.67163091077141346 7.6327832942979524e-17 1.3947176746853523e-15 0.89587973461402726 7.2754532773251155 2.3502401828962087 0.89883215944608208 1.2733591527591461
decision_type=2 2 2 2 2 2 2 2 2
left_child=2 -2 4 -4 5 -1 -6 -3 -9
right_child=1 7 3 -5 6 -7 -8 8 -10
leaf_value=0.0002136985061672301 -0.00016164302681940363 0.00013520769160615083 0.00031826294711208893 -3.0563582549802958e-06 8.7236689848525973e-06 -4.9039467443148366e-05 -0.00021679178204906817 -9.3982397216181709e-05 2.3830503855525984e-06
leaf_weight=12.999999999999998 19 13.999999999999998 10.000000000000002 9.9999999999999982 14.000000000000002 19 12.999999999999998 22 396
leaf_count=13 19 14 10 10 14 19 13 22 396
internal_value=0 -5.10473e-06 2.91422e-05 0.000157603 -1.44039e-05 5.76978e-05 -9.98578e-05 1.78005e-06 -2.68882e-06
internal_weight=0 451 79 20 59 32 27 432 418
internal_count=530 451 79 20 59 32 27 432 418
is_linear=0
shrinkage=0.1


Tree=751
num_leaves=6
num_cat=0
split_feature=70 70 88 96 95
split_gain=7.85121e-06 1.66068e-05 2.26011e-05 2.17339e-05 1.42729e-05
threshold=0.017943753505510068 0.20572448607019578 0.06544680800334933 4.330646767694998 2.8102520310824275e-16
decision_type=2 2 2 2 2
left_child=-1 2 -2 -3 -5
right_child=1 3 -4 4 -6
leaf_value=-7.3890935060002706e-05 -9.8123915384868642e-06 -0.00012501045067827882 0.0001732972819389453 7.0669025227029379e-05 -2.9297640842679039e-06
leaf_weight=13.999999999999998 14.000000000000002 13.999999999999998 12.999999999999998 28 447
leaf_count=14 14 14 13 28 447
internal_value=0 2.00479e-06 7.83515e-05 -2.21067e-06 1.40869e-06
internal_weight=0 516 27 489 475
internal_count=530 516 27 489 475
is_linear=0
shrinkage=0.1


Tree=752
num_leaves=6
num_cat=0
split_feature=21 22 51 49 17
split_gain=7.76771e-06 2.03904e-05 9.92981e-06 2.62544e-05 1.3878e-05
threshold=5.4160905255636633 9.759659876131753 5.6780422514550422 4.6630384352293905 3.5694334999727624
decision_type=2 2 2 2 2
left_child=1 2 3 -1 -4
right_child=-2 -3 4 -5 -6
leaf_value=2.0203368848353972e-06 8.3156456821598115e-05 -0.00014317494196802727 0.0001533803879283368 -0.00014201886638497504 -1.3221043045632542e-05
leaf_weight=476 10.999999999999998 9.9999999999999982 10.000000000000002 12.999999999999998 9.9999999999999982
leaf_count=476 11 10 10 13 10
internal_value=0 -1.76247e-06 1.01577e-06 -1.80893e-06 7.00797e-05
internal_weight=0 519 509 489 20
internal_count=530 519 509 489 20
is_linear=0
shrinkage=0.1


Tree=753
num_leaves=10
num_cat=0
split_feature=86 61 14 81 101 61 42 61 76
split_gain=7.92445e-06 2.77779e-05 2.70578e-05 4.03584e-05 4.13213e-05 1.56705e-05 4.87393e-05 3.86831e-05 1.06947e-05
threshold=0.63109085467141146 9.6483880954106233e-07 9.158047031070609 0.039732085271108518 3.4175922930736511 1.8214806459275565 8.1318150588007718 2.1999442933789548 0.3823179867365864
decision_type=2 2 2 2 2 2 2 2 2
left_child=1 -1 3 4 -2 6 -3 -7 -5
right_child=2 5 -4 8 -6 7 -8 -9 -10
leaf_value=-0.00015545682532926248 5.4375978340561105e-05 5.5707474332752775e-06 -0.00011868050529632126 -0.00012080602384892034 0.00027657165244983681 -7.7234629118590556e-05 0.00021510553492239874 6.0907187539727696e-06 4.3497399625872886e-06
leaf_weight=11.999999999999998 35 76 10.999999999999998 11.000000000000002 10.999999999999998 70 12.999999999999998 273 18
leaf_count=12 35 76 11 11 11 70 13 273 18
internal_value=0 -5.38151e-06 2.77836e-05 4.9265e-05 0.00010751 -1.21275e-06 3.6177e-05 -1.09145e-05 -4.31231e-05
internal_weight=0 444 86 75 46 432 89 343 29
internal_count=530 444 86 75 46 432 89 343 29
is_linear=0
shrinkage=0.1


Tree=754
num_leaves=9
num_cat=0
split_feature=92 0 17 63 97 88 85 53
split_gain=7.49635e-06 2.71819e-05 1.46685e-05 9.70966e-05 2.46553e-05 5.03247e-05 4.21374e-05 1.34299e-05
threshold=4.2344969400280812 4.4826034013851794 3.9415346756528771 4.9870196042435371 4.2268071048866842 0.46755264059697182 0.55559635964731313 4.0022629749130543
decision_type=2 2 2 2 2 2 2 2
left_child=2 -2 4 -4 6 -6 -1 -5
right_child=1 -3 3 7 5 -7 -8 -9
leaf_value=-2.139381905782504e-06 -0.00016702734071507368 6.0772425604227466e-05 0.00033323549068882131 -1.9396914222883864e-05 -0.00010103731352325169 6.4711051471441852e-05 0.00013800880190936604 0.00010112082395194607
leaf_weight=319 11.000000000000002 9.9999999999999982 9.9999999999999982 58 62 26 23 10.999999999999998
leaf_count=319 11 10 10 58 62 26 23 11
internal_value=0 -5.85513e-05 2.41567e-06 4.2021e-05 -4.86067e-06 -5.20662e-05 7.28579e-06 -1.83941e-07
internal_weight=0 21 509 79 430 88 342 69
internal_count=530 21 509 79 430 88 342 69
is_linear=0
shrinkage=0.1


Tree=755
num_leaves=5
num_cat=0
split_feature=43 46 44 36
split_gain=7.2036e-06 2.68671e-05 2.09368e-05 2.11908e-05
threshold=6.4800257426481824 9.5188769219551848 5.2257322209664565 5.0005339404374967
decision_type=2 2 2 2
left_child=1 2 3 -1
right_child=-2 -3 -4 -5
leaf_value=2.8593946817231101e-06 8.0080029544081881e-05 -0.00014958759432677957 0.00012239299451591382 -9.7550278786167667e-05
leaf_weight=471 10.999999999999998 11.999999999999998 13.999999999999998 22
leaf_count=471 11 12 14 22
internal_value=0 -1.69726e-06 1.8031e-06 -1.62136e-06
internal_weight=0 519 507 493
internal_count=530 519 507 493
is_linear=0
shrinkage=0.1


Tree=756
num_leaves=10
num_cat=0
split_feature=7 13 3 24 18 98 9 79 92
split_gain=6.94073e-06 5.20406e-05 4.00106e-05 3.91834e-05 3.09083e-05 4.39614e-05 2.90931e-05 2.18653e-05 1.84782e-05
threshold=2.249904835165133 1.4978661367769959 2.1383330595080281 3.3140206880897671 5.4094089116575796 1.2424533248940004 2.3502401828962087 1.2424533248940004 3.9263088360039959
decision_type=2 2 2 2 2 2 2 2 2
left_child=2 -2 3 6 -3 -6 -1 8 -4
right_child=1 4 7 -5 5 -7 -8 -9 -10
leaf_value=3.9306066557381222e-05 -0.00019001964101335035 0.00015789723632527361 8.7802578392173996e-05 -0.00014010674073544675 -9.6318370442136461e-05 8.7866000705108205e-06 -9.389910392428647e-05 3.2020219474692233e-06 0.0002756233158288524
leaf_weight=91 14.999999999999998 11.999999999999998 11.000000000000002 19 46 295 20 10.999999999999998 9.9999999999999982
leaf_count=91 15 12 11 19 46 295 20 11 10
internal_value=0 -7.59273e-06 1.72477e-05 -7.40891e-06 1.59118e-07 -5.39178e-06 1.53051e-05 0.000117415 0.000177241
internal_weight=0 368 162 130 353 341 111 32 21
internal_count=530 368 162 130 353 341 111 32 21
is_linear=0
shrinkage=0.1


Tree=757
num_leaves=9
num_cat=0
split_feature=75 57 75 47 47 41 75 37
split_gain=7.22801e-06 3.72541e-05 2.30295e-05 2.11755e-05 7.54585e-05 4.83122e-05 1.0817e-05 1.40402e-05
threshold=3.4498615536424366 2.7655058732022781 3.1567740231385479 0.34657359027997314 1.2424533248940006 1.0000000180025095e-35 3.7726948748059121 3.4175922930736511
decision_type=2 2 2 2 2 2 2 2
left_child=2 -2 3 5 -5 -1 -3 -8
right_child=1 6 -4 4 -6 -7 7 -9
leaf_value=-1.5189533266049357e-05 -0.00019032058407901788 9.7861399117391565e-05 0.0001187752828734708 -0.00026732150681709756 -1.4584346912499455e-06 0.00015548208329063426 -4.5954169136135735e-05 8.2725551419571278e-05
leaf_weight=43 11.999999999999998 9.9999999999999982 17 10.999999999999998 362 27 37 10.999999999999998
leaf_count=43 12 10 17 11 362 27 37 11
internal_value=0 -2.99365e-05 4.55556e-06 1.72407e-07 -9.2989e-06 5.06409e-05 3.24639e-06 -1.64651e-05
internal_weight=0 70 460 443 373 70 58 48
internal_count=530 70 460 443 373 70 58 48
is_linear=0
shrinkage=0.1


Tree=758
num_leaves=10
num_cat=0
split_feature=41 32 13 8 52 30 56 66 86
split_gain=7.271e-06 3.60618e-05 3.58166e-05 4.72135e-05 4.57354e-05 4.88585e-05 3.63335e-05 2.07812e-05 2.31148e-05
threshold=2.6735537653587347 3.6762205501217919 2.8029010331479989 2.524928003624769 3.5189529817235914 7.7200154778615948 2.8972684189623332 2.8617925509761908 0.68662364609322568
decision_type=2 2 2 2 2 2 2 2 2
left_child=1 7 4 -4 5 -2 -5 8 -1
right_child=2 -3 3 6 -6 -7 -8 -9 -10
leaf_value=-2.0677174823112589e-05 0.00013760719218529024 -0.00018986507731659171 -0.00019647083245217801 0.00014002824487654246 0.0002658161148428917 -2.6428027669443629e-05 -1.2987681222941239e-05 0.00010540930061324616 0.00012825527287945574
leaf_weight=198 30 10.999999999999998 12.999999999999998 17 9.9999999999999982 46 178 15.999999999999998 10.999999999999998
leaf_count=198 30 11 13 17 10 46 178 16 11
internal_value=0 -1.3073e-05 1.0494e-05 -1.19493e-05 6.47754e-05 3.83227e-05 3.52169e-07 -4.42988e-06 -1.28386e-05
internal_weight=0 236 294 208 86 76 195 225 209
internal_count=530 236 294 208 86 76 195 225 209
is_linear=0
shrinkage=0.1


Tree=759
num_leaves=8
num_cat=0
split_feature=42 47 36 50 34 34 32
split_gain=7.20867e-06 6.25002e-05 3.66519e-05 2.09035e-05 2.19007e-05 1.81565e-05 1.66747e-05
threshold=8.9404231003657895 4.9662804000109189 4.867504863781412 7.2214592484050657 9.119156665053497 8.9683302942775107 4.3630783395783075
decision_type=2 2 2 2 2 2 2
left_child=2 -2 5 -3 -5 6 -1
right_child=1 3 -4 4 -6 -7 -8
leaf_value=2.0335680379714069e-06 0.00026132063605473378 9.2907398939132688e-05 -0.00016383832214289995 -0.00013270299258532332 1.2190373167363255e-05 0.00013370851607760414 -8.544575223071582e-05
leaf_weight=414 9.9999999999999982 14.999999999999998 13.999999999999998 17 27 9.9999999999999982 23
leaf_count=414 10 15 14 17 27 10 23
internal_value=0 3.0145e-05 -4.51194e-06 -9.03728e-06 -4.37912e-05 4.78143e-07 -2.57061e-06
internal_weight=0 69 461 59 44 447 437
internal_count=530 69 461 59 44 447 437
is_linear=0
shrinkage=0.1


Tree=760
num_leaves=9
num_cat=0
split_feature=70 62 59 0 51 13 2 40
split_gain=7.38013e-06 5.56521e-05 5.45947e-05 2.45767e-05 2.92122e-05 2.16155e-05 4.92128e-05 2.58334e-05
threshold=2.7218883830391021 2.1383330595080281 3.0201273556387074 2.524928003624769 1.0000000180025095e-35 1.8688348091416844 6.6319800785872394 1.2424533248940002
decision_type=2 2 2 2 2 2 2 2
left_child=1 3 -2 4 -1 7 -7 -4
right_child=2 -3 5 -5 -6 6 -8 -9
leaf_value=6.665525141801544e-05 -0.00022761322172961879 0.00022461693733930588 -2.0700758523162224e-05 -0.00015039002260891721 -2.2933792918736704e-05 0.00016295223698474922 -3.1756278662967442e-06 -0.00021200491901254284
leaf_weight=59 10.999999999999998 11.999999999999998 24 9.9999999999999982 95 19 290 9.9999999999999982
leaf_count=59 11 12 24 10 95 19 290 10
internal_value=0 1.67355e-05 -8.32049e-06 1.52469e-06 1.13893e-05 -1.28778e-06 7.03935e-06 -7.69667e-05
internal_weight=0 176 354 164 154 343 309 34
internal_count=530 176 354 164 154 343 309 34
is_linear=0
shrinkage=0.1


Tree=761
num_leaves=6
num_cat=0
split_feature=70 64 42 65 64
split_gain=6.71185e-06 1.32789e-05 4.15511e-05 2.22959e-05 1.32807e-05
threshold=0.017943753505510068 1.0845268501847618 6.1002787324210326 1.0614975449977708 1.3966040047212587
decision_type=2 2 2 2 2
left_child=-1 2 -2 -3 -5
right_child=1 3 -4 4 -6
leaf_value=-6.8319410742593144e-05 0.00017650782610871825 -0.00014288096413524315 -5.9392252920328503e-05 0.0001049911825854603 -1.564503679011121e-06
leaf_weight=13.999999999999998 16.000000000000004 10.999999999999998 13.999999999999998 11.999999999999998 463
leaf_count=14 16 11 14 12 463
internal_value=0 1.85363e-06 6.64211e-05 -2.13202e-06 1.12743e-06
internal_weight=0 516 30 486 475
internal_count=530 516 30 486 475
is_linear=0
shrinkage=0.1


Tree=762
num_leaves=8
num_cat=0
split_feature=69 101 101 42 60 96 69
split_gain=6.87348e-06 5.28607e-05 5.70131e-05 4.97361e-05 3.24263e-05 1.57523e-05 2.50833e-05
threshold=0.9593767796217848 1.0000000180025095e-35 0.89587973461402726 7.3004671152190621 1.1190232859282376 5.4094089116575796 1.9452978202162063
decision_type=2 2 2 2 2 2 2
left_child=1 3 -3 -1 -2 -6 -7
right_child=4 2 -4 -5 5 6 -8
leaf_value=-0.0003028472881520759 0.00015945661322733101 0.00023157316989619913 -5.7397412375495262e-05 5.2935918211005635e-06 -9.816934671107447e-05 8.9603897058329883e-05 -3.6088441120254864e-06
leaf_weight=11.000000000000002 12.999999999999998 11.000000000000002 18 9.9999999999999982 15.999999999999998 31 420
leaf_count=11 13 11 18 10 16 31 420
internal_value=0 -3.52847e-05 5.22121e-05 -0.000156114 3.67548e-06 -6.61035e-07 2.79824e-06
internal_weight=0 50 29 21 480 467 451
internal_count=530 50 29 21 480 467 451
is_linear=0
shrinkage=0.1


Tree=763
num_leaves=12
num_cat=0
split_feature=72 47 36 92 26 38 46 50 50 50 13
split_gain=7.03827e-06 2.20003e-05 4.53458e-05 8.28295e-05 4.55424e-05 2.94814e-05 6.25651e-05 2.02391e-05 4.40223e-05 4.23941e-05 2.63721e-05
threshold=0.19014861820061882 2.0126758453675753 1.700598690831078 3.8720511086177325 5.6869696108313716 7.2754532773251155 6.6669365588036706 9.2107883712129119 8.5426184686125701 8.2900073123853399 3.5114340430413216
decision_type=2 2 2 2 2 2 2 2 2 2 2
left_child=1 5 3 -3 -4 6 -1 8 9 -2 -10
right_child=7 2 4 -5 -6 -7 -8 -9 10 -11 -12
leaf_value=2.5292471649539619e-05 -2.649978348036963e-05 4.7461283975280809e-05 0.00021449238265631722 -0.00032408846715649512 -2.8738803602573854e-06 -0.00010486595671285284 0.0002404262665764049 0.0001171820804302115 -0.00028146936150733368 0.000180985516569556 -5.1808382031595109e-05
leaf_weight=66 94 12.000000000000002 9.9999999999999982 11.999999999999998 267 10.999999999999998 17 9.9999999999999982 10.000000000000002 10.999999999999998 9.9999999999999982
leaf_count=66 94 12 10 12 267 11 17 10 10 11 10
internal_value=0 6.73695e-06 -6.45159e-06 -0.000138314 4.97328e-06 4.89683e-05 6.9356e-05 -1.97118e-05 -3.06633e-05 -4.76323e-06 -0.000166639
internal_weight=0 395 301 24 277 94 83 135 125 105 20
internal_count=530 395 301 24 277 94 83 135 125 105 20
is_linear=0
shrinkage=0.1


Tree=764
num_leaves=14
num_cat=0
split_feature=81 40 40 86 3 37 48 65 18 101 0 89 88
split_gain=7.11965e-06 3.47566e-05 4.34234e-05 3.81938e-05 3.5059e-05 3.43966e-05 2.90357e-05 9.52279e-05 4.50188e-05 4.66948e-05 3.77917e-05 2.33511e-05 8.94985e-06
threshold=0.15970367196262827 3.2769667020129059 3.1132683346437333 0.068497689240783338 4.2972622671762819 3.0677824455408698 3.1984648276080736 2.0995307658629145 4.8471850864775066 1.386294361119891 3.4175922930736511 0.62059306640517031 0.40297250541915836
decision_type=2 2 2 2 2 2 2 2 2 2 2 2 2
left_child=6 2 11 5 -4 -3 8 -8 -1 -10 -9 -2 -5
right_child=1 3 4 12 -6 -7 7 10 9 -11 -12 -13 -14
leaf_value=-0.00018605602373489611 9.3005771304888195e-06 -0.00029637492953042959 0.00027918024163227519 6.1613924966271336e-05 1.4382293643393495e-05 -6.1592425649555833e-05 0.00034461697941878811 -8.56268438292318e-05 5.7718045404109026e-05 -4.1404163810353647e-05 5.5441987825804377e-05 -9.6261429787930931e-05 -5.4251418284062917e-05
leaf_weight=13.999999999999998 108 12.000000000000002 10.000000000000002 12.000000000000002 9.9999999999999982 12.999999999999998 9.9999999999999982 25 81 115 79 26 14.999999999999998
leaf_count=14 108 12 10 12 10 13 10 25 81 115 79 26 15
internal_value=0 -1.45355e-05 9.33306e-06 -8.52232e-05 0.000146781 -0.000174288 9.24171e-06 4.98721e-05 -1.28148e-05 -4.40394e-07 2.15312e-05 -1.11816e-05 -2.75571e-06
internal_weight=0 206 154 52 20 25 324 114 210 196 104 134 27
internal_count=530 206 154 52 20 25 324 114 210 196 104 134 27
is_linear=0
shrinkage=0.1


Tree=765
num_leaves=9
num_cat=0
split_feature=26 28 26 26 31 30 25 34
split_gain=7.42069e-06 5.89993e-05 4.19953e-05 2.79007e-05 5.33824e-05 3.9119e-05 2.41111e-05 2.00383e-05
threshold=7.4914760745935558 3.5114340430413216 7.5860255664172387 7.699812767097904 3.5408542930527882 7.699812767097904 3.1567740231385479 7.2754532773251155
decision_type=2 2 2 2 2 2 2 2
left_child=1 6 -2 4 -4 -5 7 -1
right_child=2 -3 3 5 -6 -7 -8 -9
leaf_value=-7.7453067480298644e-06 0.00016365587036810158 -0.00025034794995008267 6.4320454257540391e-05 0.0001955642946499707 -0.00024851775766971209 2.4085288064920215e-06 -0.00014081033708256049 7.430459276032967e-05
leaf_weight=199 17 9.9999999999999982 10.000000000000002 10.999999999999998 11.999999999999998 224 11.999999999999998 35
leaf_count=199 17 10 10 11 12 224 12 35
internal_value=0 -1.22416e-05 1.14374e-05 1.36852e-06 -0.000106319 1.14499e-05 -2.56252e-06 4.52711e-06
internal_weight=0 256 274 257 22 235 246 234
internal_count=530 256 274 257 22 235 246 234
is_linear=0
shrinkage=0.1


Tree=766
num_leaves=12
num_cat=0
split_feature=68 39 27 11 11 55 52 51 70 70 11
split_gain=6.99343e-06 6.04012e-05 4.17784e-05 3.34445e-05 2.25003e-05 1.66485e-05 4.29327e-05 2.29385e-05 1.74339e-05 3.17462e-05 1.18839e-05
threshold=2.9578707502732562 3.2769667020129059 2.524928003624769 0.69314718055994573 2.524928003624769 1.8688348091416842 1.0074515102711328 1.4571677198205182e-16 2.5511851699208292 2.7218883830391021 3.4175922930736511
decision_type=2 2 2 2 2 2 2 2 2 2 2
left_child=1 2 3 -1 -4 6 7 -2 10 -10 -7
right_child=5 -3 4 -5 -6 8 -8 -9 9 -11 -12
leaf_value=2.532267721107928e-05 6.6239360205599954e-05 -0.00023427814812748693 2.9317965858023265e-05 -0.000117175002820399 0.00023657397272472739 -0.00014230220092161156 0.00024373407257371584 -7.7501793309827066e-05 0.00015751504867624207 -1.83973123369977e-06 -1.7887578980983511e-05
leaf_weight=40 32 11.999999999999998 11.000000000000002 28 9.9999999999999982 14.000000000000002 9.9999999999999982 17 12.999999999999998 326 17
leaf_count=40 32 12 11 28 10 14 10 17 13 326 17
internal_value=0 -2.36742e-05 4.72185e-06 -3.33528e-05 0.000128011 5.57364e-06 5.49063e-05 1.637e-05 -2.29291e-06 4.27122e-06 -7.40748e-05
internal_weight=0 101 89 68 21 429 59 49 370 339 31
internal_count=530 101 89 68 21 429 59 49 370 339 31
is_linear=0
shrinkage=0.1


Tree=767
num_leaves=9
num_cat=0
split_feature=22 77 14 75 4 49 48 51
split_gain=6.42258e-06 3.14811e-05 2.11376e-05 1.36449e-05 1.6929e-05 1.24183e-05 3.17377e-05 3.00125e-05
threshold=4.8471850864775066 1.0000000180025095e-35 4.5217294998350539 1.6094379124341009 1.700598690831078 2.0126758453675753 2.740319461670996 3.1984648276080736
decision_type=2 2 2 2 2 2 2 2
left_child=1 -1 -2 -3 -5 6 -4 -7
right_child=2 3 5 4 -6 7 -8 -9
leaf_value=0.00016797327642472317 -0.00014057702990777959 -0.00010628924633651463 -6.0991939670760202e-06 0.00012864134972915048 -3.721870857589238e-05 7.4117609083110508e-05 -0.00014095281169829833 -4.0859211207772388e-06
leaf_weight=12.999999999999998 10.999999999999998 10.999999999999998 137 10.000000000000002 15.999999999999998 61 20 251
leaf_count=13 11 11 137 10 16 61 20 251
internal_value=0 3.41077e-05 -3.55289e-06 -1.29261e-05 2.65736e-05 -3.391e-07 -2.3278e-05 1.12039e-05
internal_weight=0 50 480 37 26 469 157 312
internal_count=530 50 480 37 26 469 157 312
is_linear=0
shrinkage=0.1


Tree=768
num_leaves=10
num_cat=0
split_feature=2 6 10 11 2 40 76 21 83
split_gain=6.51256e-06 4.12803e-05 6.54289e-05 4.47633e-05 3.43564e-05 2.32969e-05 1.4338e-05 3.50412e-05 1.82275e-05
threshold=8.4582675799256961 8.2836186497455682 8.2836186497455682 4.4127799275304271 8.5230704732322558 4.9451504953659766 0.078744790546386542 4.0942056540395164 1.1224230720619399
decision_type=2 2 2 2 2 2 2 2 2
left_child=1 2 3 -1 -2 -3 7 -6 -8
right_child=4 5 -4 -5 6 -7 8 -9 -10
leaf_value=1.4393861353267283e-06 0.00018047123254897696 -3.2439214701298609e-05 0.00024145338948900727 -0.00016963684470283624 0.00017417661791634082 -0.00024333247062961825 -0.00013423233218158462 -2.3934059610933457e-06 -7.5436808545323165e-07
leaf_weight=347 11.999999999999998 10.000000000000002 10.999999999999998 15.999999999999998 13.999999999999998 10.999999999999998 13.999999999999998 57 38
leaf_count=347 12 10 11 16 14 11 14 57 38
internal_value=0 -6.48047e-06 1.17985e-06 -6.10116e-06 1.89614e-05 -0.000142907 3.20431e-06 3.24232e-05 -3.66907e-05
internal_weight=0 395 374 363 135 21 123 71 52
internal_count=530 395 374 363 135 21 123 71 52
is_linear=0
shrinkage=0.1


Tree=769
num_leaves=11
num_cat=0
split_feature=84 25 49 37 54 49 66 77 28 22
split_gain=7.27253e-06 3.7547e-05 2.2957e-05 1.69561e-05 4.01092e-05 4.56131e-05 3.1098e-05 5.93112e-05 1.98775e-05 1.74316e-05
threshold=0.67754957416236838 4.3882378946731615 3.3842466058243152 4.135134555718313 3.4175922930736511 2.4414009612931857 3.6242520361853052 2.1383330595080281 3.5972184255501678 8.6586018407184806
decision_type=2 2 2 2 2 2 2 2 2 2
left_child=3 2 -2 6 9 -6 8 -8 -1 -5
right_child=1 -3 -4 4 5 -7 7 -9 -10 -11
leaf_value=4.1450545617419765e-06 4.5911545021226624e-05 0.00016678180152666756 -0.00014175335924268109 -6.7595253058243515e-05 -0.00030547728500096132 -4.9655398594910846e-05 0.00025275849475292489 7.1201696162902273e-06 -5.7735287289013354e-05 9.8794449107064054e-05
leaf_weight=319 16.000000000000004 14.999999999999998 10.999999999999998 10.000000000000002 9.9999999999999982 23 13.999999999999998 33 62 17
leaf_count=319 16 15 11 10 10 23 14 33 62 17
internal_value=0 3.99292e-05 -3.05445e-05 -3.43653e-06 -5.32216e-05 -0.000127177 3.54268e-06 8.0289e-05 -5.92471e-06 3.71686e-05
internal_weight=0 42 27 488 60 33 428 47 381 27
internal_count=530 42 27 488 60 33 428 47 381 27
is_linear=0
shrinkage=0.1


Tree=770
num_leaves=11
num_cat=0
split_feature=45 45 35 61 74 49 57 32 32 37
split_gain=7.12763e-06 4.54454e-05 3.88741e-05 4.08014e-05 2.65418e-05 5.33723e-05 2.83567e-05 1.67462e-05 5.48093e-05 4.86382e-05
threshold=3.3842466058243152 3.3140206880897671 4.1820210059610323 2.3597700784017439 0.027914224776470934 2.6735537653587347 3.5850582005954617 3.795426061844291 3.6762205501217919 3.1567740231385479
decision_type=2 2 2 2 2 2 2 2 2 2
left_child=1 7 3 -2 6 -6 -4 8 -1 -9
right_child=2 -3 4 -5 5 -7 -8 9 -10 -11
leaf_value=-1.3024488038552307e-06 0.00028948565799510098 -0.00019950579699070661 1.6267236723436816e-07 2.0809050021433417e-05 -0.00027510972155141638 1.6039324306321388e-05 0.00014649768835321689 0.00025041912856977434 -0.00023936446348670872 -9.0903834531603097e-06
leaf_weight=294 10.000000000000002 11.999999999999998 113 12.999999999999998 10.000000000000002 17 14.999999999999998 9.9999999999999982 9.9999999999999982 26
leaf_count=294 10 12 113 13 10 17 15 10 10 26
internal_value=0 -8.24657e-06 1.63078e-05 0.000137625 -1.69407e-06 -9.17937e-05 1.73113e-05 -1.49624e-06 -9.13344e-06 6.29956e-05
internal_weight=0 352 178 23 155 27 128 340 304 36
internal_count=530 352 178 23 155 27 128 340 304 36
is_linear=0
shrinkage=0.1


Tree=771
num_leaves=6
num_cat=0
split_feature=37 45 33 32 85
split_gain=7.31361e-06 2.1803e-05 1.68171e-05 3.433e-05 2.28067e-05
threshold=5.4160905255636633 5.3028591759145582 4.6051201834879256 4.9451504953659766 0.3773854192802773
decision_type=2 2 2 2 2
left_child=1 2 3 -1 -4
right_child=-2 -3 4 -5 -6
leaf_value=-1.6281259448736279e-06 -8.068920664796183e-05 0.00014793904738326092 -0.00018889341246738857 0.00015728029829915614 3.522367374638894e-06
leaf_weight=470 10.999999999999998 9.9999999999999982 11.000000000000002 13.999999999999998 13.999999999999998
leaf_count=470 11 10 11 14 14
internal_value=0 1.71018e-06 -1.16269e-06 2.9684e-06 -8.11406e-05
internal_weight=0 519 509 484 25
internal_count=530 519 509 484 25
is_linear=0
shrinkage=0.1


Tree=772
num_leaves=5
num_cat=0
split_feature=35 35 31 31
split_gain=7.0551e-06 2.03625e-05 1.45345e-05 1.40775e-05
threshold=6.4216103699850091 5.9888074996960983 5.6780422514550422 5.2652741739841078
decision_type=2 2 2 2
left_child=1 2 3 -1
right_child=-2 -3 -4 -5
leaf_value=-1.9693238813581561e-06 -7.0044578439722372e-05 0.00013064110732254148 -0.00010163071742031857 7.9882030860806659e-05
leaf_weight=468 13.999999999999998 11.999999999999998 13.999999999999998 22
leaf_count=468 14 12 14 22
internal_value=0 1.90043e-06 -1.16482e-06 1.70563e-06
internal_weight=0 516 504 490
internal_count=530 516 504 490
is_linear=0
shrinkage=0.1


Tree=773
num_leaves=12
num_cat=0
split_feature=57 12 35 39 31 51 61 0 57 57 57
split_gain=6.48922e-06 3.56087e-05 2.73688e-05 5.58964e-05 4.35443e-05 1.57166e-05 4.79553e-05 3.99324e-05 2.44714e-05 3.88828e-05 2.53812e-05
threshold=1.4099366508103299 2.9174053685313028 3.4811217321331038 3.4175922930736511 3.5972184255501678 3.9415346756528771 2.1800396131925823 3.2384861814448418 1.8239285224305608 1.7533701159943555 2.6893389595994521
decision_type=2 2 2 2 2 2 2 2 2 2 2
left_child=1 2 3 -1 -4 8 -7 -8 9 -2 -10
right_child=5 -3 4 -5 -6 6 7 -9 10 -11 -12
leaf_value=-8.0725007342473062e-07 4.2787419636591008e-05 -0.0001542366592997603 0.00023860780159090861 -0.00025333269790280612 1.26100936680674e-06 -0.00022853460628539325 0.00017265200986003038 -1.6786533681214694e-05 -1.9195813089633402e-05 0.00025745760838617575 7.6540425410106172e-05
leaf_weight=71 54 17 10.999999999999998 9.9999999999999982 26 9.9999999999999982 11.999999999999998 153 120 9.9999999999999982 36
leaf_count=71 54 17 11 10 26 10 12 153 120 10 36
internal_value=0 -1.89274e-05 5.66359e-07 -3.19832e-05 7.18236e-05 6.46884e-06 -1.58964e-05 -3.00919e-06 2.42593e-05 7.63296e-05 2.89717e-06
internal_weight=0 135 118 81 37 395 175 165 220 64 156
internal_count=530 135 118 81 37 395 175 165 220 64 156
is_linear=0
shrinkage=0.1


Tree=774
num_leaves=5
num_cat=0
split_feature=47 47 17 3
split_gain=5.79818e-06 2.32403e-05 1.53195e-05 1.70273e-05
threshold=6.4216103699850091 5.9888074996960983 5.4160905255636633 6.059865067854056
decision_type=2 2 2 2
left_child=1 2 3 -1
right_child=-2 -3 -4 -5
leaf_value=-2.1234937129503385e-06 -6.3499265005313127e-05 0.00013926012279625867 -0.00012408979935571551 0.00011385894881991239
leaf_weight=481 13.999999999999998 11.999999999999998 9.9999999999999982 12.999999999999998
leaf_count=481 14 12 10 13
internal_value=0 1.72285e-06 -1.55185e-06 9.28676e-07
internal_weight=0 516 504 494
internal_count=530 516 504 494
is_linear=0
shrinkage=0.1


Tree=775
num_leaves=11
num_cat=0
split_feature=99 7 11 11 53 101 49 51 65 87
split_gain=5.86789e-06 2.61166e-05 4.21025e-05 4.659e-05 1.60979e-05 2.9962e-05 2.72382e-05 5.03228e-05 3.4511e-05 1.38275e-05
threshold=1.7046538063492797e-20 3.0201273556387078 2.249904835165133 1.2424533248940006 1.0000000180025095e-35 3.1132683346437333 2.0126758453675753 3.4498615536424366 2.3989089521833336 1.0000000180025095e-35
decision_type=2 2 2 2 2 2 2 2 2 2
left_child=1 2 3 -1 5 -2 8 -8 -6 -4
right_child=4 -3 9 -5 6 -7 7 -9 -10 -11
leaf_value=8.0360289897586127e-06 0.00015078938932243832 -0.00017508321052446264 0.00020647864352213213 -0.00017494112122987742 -0.00011950013706250741 -6.305990187684074e-05 9.7584017295654729e-05 -5.2976059024176452e-06 -1.9868489725424348e-06 4.0180990908993407e-05
leaf_weight=52 19.000000000000004 9.9999999999999982 10.000000000000002 19 38 9.9999999999999982 60 229 73 9.9999999999999982
leaf_count=52 19 10 10 19 38 10 60 229 73 10
internal_value=0 -2.16856e-05 -4.8287e-06 -4.09297e-05 5.10546e-06 7.70483e-05 -1.1039e-07 1.60619e-05 -4.22166e-05 0.00012333
internal_weight=0 101 91 71 429 29 400 289 111 20
internal_count=530 101 91 71 429 29 400 289 111 20
is_linear=0
shrinkage=0.1


Tree=776
num_leaves=9
num_cat=0
split_feature=25 21 101 22 17 9 22 95
split_gain=5.57382e-06 2.60034e-05 1.93736e-05 4.87921e-05 1.57482e-05 3.06758e-05 1.55401e-05 1.28806e-05
threshold=2.8102520310824275e-16 0.3465735902799737 8.7430063189231058e-16 1.0000000180025095e-35 0.3465735902799737 0.69314718055994551 5.5702057285008761 2.249904835165133
decision_type=2 2 2 2 2 2 2 2
left_child=2 -2 3 -1 -3 -6 7 -4
right_child=1 4 6 -5 5 -7 -8 -9
leaf_value=-3.6799531274785596e-05 -0.00013811062162858435 0.00011846068652878537 -3.5331510419685695e-05 0.00022277613898040728 -0.00012366999337245943 3.104495246271397e-06 -9.500481528448291e-05 0.00011833841737825425
leaf_weight=15.000000000000002 13.999999999999998 10.999999999999998 12.000000000000002 13.999999999999998 20 418 15.999999999999998 9.9999999999999982
leaf_count=15 14 11 12 14 20 418 16 10
internal_value=0 -3.90108e-06 2.69582e-05 8.85129e-05 2.83623e-07 -2.68429e-06 -2.00177e-05 3.45185e-05
internal_weight=0 463 67 29 449 438 38 22
internal_count=530 463 67 29 449 438 38 22
is_linear=0
shrinkage=0.1


Tree=777
num_leaves=11
num_cat=0
split_feature=68 39 41 101 15 61 47 57 60 95
split_gain=5.6839e-06 4.62859e-05 3.39005e-05 3.19565e-05 2.57135e-05 1.58007e-05 2.7869e-05 1.08423e-05 3.30312e-05 1.43724e-05
threshold=2.9578707502732562 3.2769667020129059 2.249904835165133 1.0000000180025095e-35 1.700598690831078 1.6267163146682455 3.9219243190762363 1.1380602584769293 2.8586166361901628 1.1362438767648089e-16
decision_type=2 2 2 2 2 2 2 2 2 2
left_child=1 2 3 -1 -4 6 -2 8 -7 -9
right_child=5 -3 4 -5 -6 7 -8 9 -10 -11
leaf_value=-0.00011777827592730453 0.0001655949280120694 -0.00020570348679029851 4.824350526178022e-06 2.5304240006261281e-05 0.00020782086309433604 1.8219281072991799e-05 -2.4134873968553923e-05 0.00010757306467544719 -0.00020631577324820686 5.2437412951226337e-07
leaf_weight=27 16.000000000000004 11.999999999999998 13.000000000000002 37 11.999999999999998 19.000000000000004 14.999999999999998 12.999999999999998 9.9999999999999982 356
leaf_count=27 16 12 13 37 12 19 15 13 10 356
internal_value=0 -2.13429e-05 3.51472e-06 -3.50587e-05 0.000102263 5.02478e-06 7.37902e-05 -3.31317e-07 -5.92066e-05 4.29574e-06
internal_weight=0 101 89 64 25 429 31 398 29 369
internal_count=530 101 89 64 25 429 31 398 29 369
is_linear=0
shrinkage=0.1


Tree=778
num_leaves=9
num_cat=0
split_feature=35 35 35 74 49 36 35 97
split_gain=6.03117e-06 3.96078e-05 2.58504e-05 3.8139e-05 2.52833e-05 2.85334e-05 2.5018e-05 1.75597e-05
threshold=2.7058230259275202 2.9174053685313033 2.4414009612931857 0.19105523676270933 4.2413008733233104 3.3497501700808394 3.0677824455408698 2.9700856263602162
decision_type=2 2 2 2 2 2 2 2
left_child=2 -2 4 -4 5 -1 -3 -8
right_child=1 6 3 -5 -6 -7 7 -9
leaf_value=1.853334223533982e-05 0.00016708714586760229 -0.00014084916389644301 -0.0002596249862108379 1.6559797272748257e-05 -0.00015627923661668322 -0.00014138047933253499 4.4908999626212634e-05 -8.7104779025386854e-06
leaf_weight=159 14.999999999999998 11.999999999999998 10.000000000000002 9.9999999999999982 9.9999999999999982 11.999999999999998 85 217
leaf_count=159 15 12 10 10 10 12 85 217
internal_value=0 8.33802e-06 -1.36478e-05 -0.000121533 -1.72683e-06 7.31132e-06 7.54463e-07 6.3811e-06
internal_weight=0 329 201 20 181 171 314 302
internal_count=530 329 201 20 181 171 314 302
is_linear=0
shrinkage=0.1


Tree=779
num_leaves=10
num_cat=0
split_feature=2 8 12 61 49 4 7 65 61
split_gain=5.80506e-06 3.98812e-05 5.59287e-05 2.70537e-05 4.31095e-05 2.68308e-05 2.56668e-05 1.75662e-05 1.54792e-05
threshold=8.3890118165967387 4.0342014792848504 4.0342014792848504 3.2014052826702653 4.2696729980286863 4.1190041246092024 4.4484992763719129 3.5116718800774005 3.5187497611680798
decision_type=2 2 2 2 2 2 2 2 2
left_child=1 2 6 4 -2 -3 -1 -5 -9
right_child=3 5 -4 7 -6 -7 -8 8 -10
leaf_value=6.1727039022329933e-07 0.00020011248248516088 -0.00025965885550249357 0.0002344195630575996 -0.00011051426845369861 -3.8866213155695457e-05 -2.8009194211335852e-05 -0.00012527402970376631 0.00011085291939357726 -6.5013884544984094e-06
leaf_weight=342 18.000000000000004 10.000000000000002 9.9999999999999982 13.999999999999998 12.999999999999998 9.9999999999999982 17 12.999999999999998 83
leaf_count=342 18 10 10 14 13 10 17 13 83
internal_value=0 -6.30087e-06 1.15351e-06 1.73832e-05 9.98956e-05 -0.000143834 -5.34416e-06 -5.87025e-06 9.39034e-06
internal_weight=0 389 369 141 31 20 359 110 96
internal_count=530 389 369 141 31 20 359 110 96
is_linear=0
shrinkage=0.1


Tree=780
num_leaves=10
num_cat=0
split_feature=5 65 9 104 57 88 51 13 51
split_gain=5.62769e-06 4.11852e-05 3.04785e-05 2.13555e-05 5.21894e-05 2.08554e-05 1.87154e-05 4.00141e-05 2.92661e-05
threshold=2.9700856263602158 2.0405229234146725 3.1567740231385479 2.8029010331479989 2.1934470738425271 1.0000000180025095e-35 1.0000000180025095e-35 2.524928003624769 1.2424533248940006
decision_type=2 2 2 2 2 2 2 2 2
left_child=2 -2 6 4 -3 -5 7 -1 -8
right_child=1 3 -4 5 -6 -7 8 -9 -10
leaf_value=7.1463534744301186e-06 0.00018429626674892812 -6.7741924197548515e-05 -0.00016555703768972307 2.2367808978200331e-05 0.00024790720357982949 -4.0386763345664913e-05 -0.00010616092589991627 0.00019718659733860899 -2.2057814473272396e-06
leaf_weight=75 12.999999999999998 10.000000000000002 11.999999999999998 109 10.999999999999998 103 33 12.999999999999998 151
leaf_count=75 13 10 12 109 11 103 33 13 151
internal_value=0 1.10718e-05 -9.59037e-06 1.40693e-06 9.75981e-05 -8.12144e-06 -2.70949e-06 3.52205e-05 -2.08499e-05
internal_weight=0 246 284 233 21 212 272 88 184
internal_count=530 246 284 233 21 212 272 88 184
is_linear=0
shrinkage=0.1


Tree=781
num_leaves=7
num_cat=0
split_feature=99 5 3 102 7 24
split_gain=5.86897e-06 1.18756e-05 1.45374e-05 2.01292e-05 1.67683e-05 1.42625e-05
threshold=5.1444770070688017 4.7621374077860157 5.0106130713801926 5.1817677692072932 4.8081027000528378 4.2972622671762819
decision_type=2 2 2 2 2 2
left_child=1 2 4 -4 -1 -3
right_child=-2 5 3 -5 -6 -7
leaf_value=1.4637401688922699e-06 7.2282029379328557e-05 -1.8220145648228933e-06 0.00013426316045776109 -8.5668553192927335e-08 -7.7164212466570848e-05 -0.00015398420430508188
leaf_weight=419 10.999999999999998 14.000000000000002 19 27 29 10.999999999999998
leaf_count=419 11 14 19 27 29 11
internal_value=0 -1.53199e-06 1.87091e-06 5.54062e-05 -3.62602e-06 -6.87734e-05
internal_weight=0 519 494 46 448 25
internal_count=530 519 494 46 448 25
is_linear=0
shrinkage=0.1


Tree=782
num_leaves=10
num_cat=0
split_feature=99 69 103 55 103 37 13 9 11
split_gain=5.87278e-06 2.63304e-05 2.54301e-05 4.32577e-05 2.01874e-05 3.86835e-05 1.96626e-05 4.65938e-05 1.96061e-05
threshold=2.4414009612931862 3.1934870672020614 2.015938414465235e-19 3.4811217321331038 5.4868673298236716 2.8029010331479989 3.1132683346437333 3.1132683346437333 3.5972184255501678
decision_type=2 2 2 2 2 2 2 2 2
left_child=4 -2 -3 -4 6 -6 7 -1 -8
right_child=1 2 3 -5 5 -7 8 -9 -10
leaf_value=-2.7395514545891032e-06 0.00012808996980311351 0.00013770796929468186 -0.00019941015965411102 4.5552467762670291e-06 3.274921909905969e-05 -0.00024540009297197685 0.00018657984779565595 -0.00021335227515506137 1.9920530379143506e-05
leaf_weight=233 18 12.999999999999998 10.999999999999998 190 10.000000000000002 9.9999999999999982 9.9999999999999982 10.999999999999998 24
leaf_count=233 18 13 11 190 10 10 10 11 24
internal_value=0 1.19302e-05 2.15976e-06 -6.60704e-06 -9.28795e-06 -0.000106325 -2.30683e-06 -1.22344e-05 6.8938e-05
internal_weight=0 232 214 201 298 20 278 244 34
internal_count=530 232 214 201 298 20 278 244 34
is_linear=0
shrinkage=0.1


Tree=783
num_leaves=12
num_cat=0
split_feature=6 9 88 65 6 0 2 96 61 75 51
split_gain=5.5317e-06 2.92418e-05 5.8099e-05 5.593e-05 2.75654e-05 3.07148e-05 2.85387e-05 2.93656e-05 2.36154e-05 2.00966e-05 3.46015e-05
threshold=8.0719859764778956 3.1567740231385479 0.5147796107324073 2.3989089521833336 8.2474446498432314 3.1984648276080736 8.3890118165967387 8.1028887224174948 3.2014052826702653 3.4498615536424366 4.7140145363037149
decision_type=2 2 2 2 2 2 2 2 2 2 2
left_child=1 9 3 -3 5 -2 7 -6 -8 10 -1
right_child=4 2 -4 -5 6 -7 8 -9 -10 -11 -12
leaf_value=1.9290926014972482e-06 -6.5275783916669216e-06 -0.0003490770827920641 0.0001227730157552287 -6.1738603922311164e-05 1.2553295528050507e-05 0.00019629218513728119 9.0515223799288397e-05 -0.00022421983197670094 -8.6055769409362027e-06 -0.0001235762694098715 0.00019126000144751743
leaf_weight=278 14.000000000000002 10.000000000000002 9.9999999999999982 21 10.000000000000002 15.999999999999998 31 10.999999999999998 107 11.999999999999998 9.9999999999999982
leaf_count=278 14 10 10 21 10 16 31 11 107 12 10
internal_value=0 -7.6058e-06 -8.68183e-05 -0.000154428 1.37226e-05 0.000101643 -2.8661e-06 -0.000111471 1.36607e-05 3.21991e-06 8.50308e-06
internal_weight=0 341 41 31 189 30 159 21 138 300 288
internal_count=530 341 41 31 189 30 159 21 138 300 288
is_linear=0
shrinkage=0.1


Tree=784
num_leaves=11
num_cat=0
split_feature=41 102 102 96 20 101 36 80 86 70
split_gain=5.76699e-06 2.30108e-05 2.78446e-05 5.63806e-05 3.28645e-05 2.63104e-05 2.25998e-05 2.3481e-05 1.75663e-05 4.07674e-05
threshold=2.6735537653587347 0.89587973461402759 1.8688348091416846 6.2671555386121431 2.8029010331479989 2.0126758453675753 3.3140206880897671 0.092826752449715902 0.68662364609322568 0.017943753505510068
decision_type=2 2 2 2 2 2 2 2 2 2
left_child=6 5 3 -3 -4 -2 8 -8 9 -1
right_child=1 2 4 -5 -6 -7 7 -9 -10 -11
leaf_value=-0.00020401811518240719 -7.1341373768518679e-06 2.7454923256300382e-05 0.0001239513006547223 -0.00027060898957477714 -1.8733728390710076e-06 0.00017457156153635452 -0.00019462159118400167 -4.5569528223355656e-06 0.00012858950005465887 3.1364546068265265e-06
leaf_weight=9.9999999999999982 14.999999999999998 15.000000000000002 23 10.999999999999998 213 17 13.000000000000002 12.999999999999998 9.9999999999999982 190
leaf_count=10 15 15 23 11 213 17 13 13 10 190
internal_value=0 9.34585e-06 -4.31388e-07 -9.8649e-05 1.03892e-05 8.9397e-05 -1.16427e-05 -9.95893e-05 -7.54094e-07 -7.22127e-06
internal_weight=0 294 262 26 236 32 236 26 210 200
internal_count=530 294 262 26 236 32 236 26 210 200
is_linear=0
shrinkage=0.1


Tree=785
num_leaves=10
num_cat=0
split_feature=98 50 50 99 99 53 7 49 88
split_gain=5.56947e-06 2.89529e-05 1.66883e-05 1.48907e-05 1.60228e-05 2.51676e-05 1.77776e-05 1.42891e-05 1.37902e-05
threshold=4.4484992763719129 8.4756358473943063 8.7949003355510769 3.8815106545092593 3.5972184255501678 2.5929905588627791 4.7621374077860157 4.1971736807086968 0.27765751993965909
decision_type=2 2 2 2 2 2 2 2 2
left_child=3 -2 -3 4 6 -6 -1 -4 -5
right_child=1 2 7 8 5 -7 -8 -9 -10
leaf_value=1.0219109104645807e-06 0.00016032245251923228 -0.00011636612186769278 0.00010573552762462684 -0.00013915409013861787 0.00016850427335677001 -2.4722581908393367e-05 -8.7575739841364944e-05 -3.7504318849338844e-05 1.2449313653632998e-05
leaf_weight=402 12.999999999999998 10.999999999999998 13.000000000000002 15.000000000000002 14.000000000000002 12.999999999999998 24 14.999999999999998 9.9999999999999982
leaf_count=402 13 11 13 15 14 13 24 15 10
internal_value=0 3.108e-05 -1.20008e-05 -3.38109e-06 7.65247e-07 7.54691e-05 -3.96951e-06 2.89999e-05 -7.85127e-05
internal_weight=0 52 39 478 453 27 426 28 25
internal_count=530 52 39 478 453 27 426 28 25
is_linear=0
shrinkage=0.1


Tree=786
num_leaves=12
num_cat=0
split_feature=46 46 44 61 0 35 47 21 86 37 56
split_gain=5.4992e-06 3.09187e-05 1.79075e-05 4.48688e-05 4.55343e-05 2.81004e-05 3.33241e-05 2.89387e-05 1.17354e-05 2.78787e-05 1.94955e-05
threshold=6.7154340724707451 6.8905076909263032 1.8688348091416842 2.1042023391457207 3.2384861814448418 2.249904835165133 2.0126758453675753 1.8688348091416844 0.63109085467141146 3.1567740231385479 9.7832305407871701e-20
decision_type=2 2 2 2 2 2 2 2 2 2 2
left_child=2 -2 5 -4 -5 6 -1 -7 10 -10 -3
right_child=1 8 3 4 -6 7 -8 -9 9 -11 -12
leaf_value=1.7528999303032856e-06 0.00014774340078777947 -0.00013197451033496085 -0.00019090244564318306 0.00017259913054824046 -6.4219954806650359e-05 0.00022097376601199023 -0.00019200545735657216 1.716288258505397e-05 0.00014532104729596542 -6.4121807185615218e-06 -1.7016488842023052e-06
leaf_weight=79 14.999999999999998 11.999999999999998 18 10.999999999999998 31 11.000000000000002 9.9999999999999982 19 18 37 269
leaf_count=79 15 12 18 11 31 11 10 19 18 37 269
internal_value=0 7.27419e-06 -1.42639e-05 -5.88079e-05 -2.19591e-06 8.19522e-06 -2.00177e-05 9.18935e-05 1.00325e-06 4.3246e-05 -7.2649e-06
internal_weight=0 351 179 60 42 119 89 30 336 55 281
internal_count=530 351 179 60 42 119 89 30 336 55 281
is_linear=0
shrinkage=0.1


Tree=787
num_leaves=10
num_cat=0
split_feature=5 104 1 98 0 61 25 25 92
split_gain=5.47081e-06 3.31039e-05 2.14232e-05 5.99781e-05 1.96867e-05 1.816e-05 1.59426e-05 5.66944e-05 2.80893e-05
threshold=3.3842466058243152 3.7256208424938388 3.3842466058243152 3.3140206880897671 3.9607678160667752 3.2014052826702653 3.3140206880897671 3.1567740231385479 3.934352259141872
decision_type=2 2 2 2 2 2 2 2 2
left_child=1 6 3 -2 -4 -6 7 -1 -8
right_child=2 -3 4 -5 5 -7 8 -9 -10
leaf_value=-1.2089635260458131e-06 -6.4317928097972797e-05 -0.00015790726985349986 -0.00011217748186546878 0.00025895807618023052 7.4608279901440256e-05 -8.4685990306649554e-06 0.00018336902570202559 -0.00022334667592076586 1.076637189808852e-05
leaf_weight=270 11.000000000000002 13.999999999999998 13.999999999999998 11.999999999999998 35 106 11.999999999999998 11.999999999999998 44
leaf_count=270 11 14 14 12 35 106 12 12 44
internal_value=0 -7.22481e-06 1.42873e-05 0.000104348 9.23442e-07 1.21533e-05 -9.83525e-07 -1.06616e-05 4.77527e-05
internal_weight=0 352 178 23 155 141 338 282 56
internal_count=530 352 178 23 155 141 338 282 56
is_linear=0
shrinkage=0.1


Tree=788
num_leaves=8
num_cat=0
split_feature=41 41 45 37 87 87 31
split_gain=5.2751e-06 3.45292e-05 3.33666e-05 2.55274e-05 1.9671e-05 2.41253e-05 1.80244e-05
threshold=4.135134555718313 4.3241107269113215 4.135134555718313 4.0942056540395164 0.56373159625432556 0.31370216019643088 4.1971736807086968
decision_type=2 2 2 2 2 2 2
left_child=2 -2 3 6 5 -3 -1
right_child=1 4 -4 -5 -6 -7 -8
leaf_value=-6.5848015178862687e-06 0.00015004960553008405 -3.0123025862849319e-06 -0.00018477779362001458 -0.0001580128021305427 0.00010996182853969832 -0.00017666894593276086 4.4569832753992628e-05
leaf_weight=346 17 40 9.9999999999999982 9.9999999999999982 10.999999999999998 9.9999999999999982 86
leaf_count=346 17 40 10 10 11 10 86
internal_value=0 2.40159e-05 -4.14434e-06 -5.76102e-08 -1.11082e-05 -3.77436e-05 3.59876e-06
internal_weight=0 78 452 442 61 50 432
internal_count=530 78 452 442 61 50 432
is_linear=0
shrinkage=0.1


Tree=789
num_leaves=6
num_cat=0
split_feature=101 5 3 102 7
split_gain=5.55768e-06 1.29976e-05 9.4817e-06 1.72181e-05 1.17218e-05
threshold=5.3149863963532926 4.7621374077860157 5.0106130713801926 5.1817677692072932 4.8081027000528378
decision_type=2 2 2 2 2
left_child=1 2 4 -4 -1
right_child=-2 -3 3 -5 -6
leaf_value=1.0644399218305975e-06 5.3105858195952982e-05 -8.31317904349386e-05 0.00011721259575815088 -9.07828294839419e-06 -6.4675517607046742e-05
leaf_weight=419 19 19 19 25 29
leaf_count=419 19 19 19 25 29
internal_value=0 -1.97458e-06 1.15954e-06 4.54564e-05 -3.19105e-06
internal_weight=0 511 492 44 448
internal_count=530 511 492 44 448
is_linear=0
shrinkage=0.1


Tree=790
num_leaves=14
num_cat=0
split_feature=72 47 36 103 65 76 44 43 39 28 61 15 72
split_gain=5.17229e-06 1.71934e-05 3.03386e-05 5.00952e-05 4.52056e-05 1.63087e-05 2.69787e-05 1.56673e-05 3.89499e-05 2.25046e-05 2.48923e-05 1.89651e-05 1.22808e-05
threshold=0.19014861820061882 2.0126758453675753 3.0201273556387074 4.3630783395783075 2.0405229234146725 1.0166260796052307 3.1132683346437333 2.0126758453675753 2.0126758453675753 3.3140206880897671 1.9362424430189262 1.7917594692280556 0.24186184699409977
decision_type=2 2 2 2 2 2 2 2 2 2 2 2 2
left_child=1 5 3 -3 -4 6 -1 8 11 10 -9 -2 -11
right_child=7 2 4 -5 -6 -7 -8 9 -10 12 -12 -13 -14
leaf_value=4.6029662365926378e-05 -6.9616385735571393e-05 -1.2504733158807383e-05 0.00022068674748879858 -0.00019603861563609825 3.1369089430493451e-06 0.00012869780972929828 -0.00013022704340983181 -3.6834983038716018e-06 -0.00022401917568376202 2.8007674501912488e-05 0.00015054360732038834 5.1079140053922822e-05 -0.00010759586268036133
leaf_weight=66 30 58 9.9999999999999982 20 213 18 9.9999999999999982 25 10.999999999999998 11.000000000000002 18 23 17
leaf_count=66 30 58 10 20 213 18 10 25 11 11 18 23 17
internal_value=0 5.77527e-06 -5.88378e-06 -5.95647e-05 1.28925e-05 4.3109e-05 2.2838e-05 -1.6898e-05 -5.27794e-05 1.54458e-05 6.08767e-05 -1.72391e-05 -5.4323e-05
internal_weight=0 395 301 78 223 94 76 135 64 71 43 53 28
internal_count=530 395 301 78 223 94 76 135 64 71 43 53 28
is_linear=0
shrinkage=0.1


Tree=791
num_leaves=8
num_cat=0
split_feature=95 88 23 1 2 95 101
split_gain=5.00026e-06 1.88061e-05 2.39957e-05 1.82008e-05 9.29128e-06 2.27728e-05 1.89203e-05
threshold=4.6298509007569537 0.34363806881130859 4.8081027000528378 4.5591125415341898 8.8350534014812574 3.7494348669884658 4.3819485035697312
decision_type=2 2 2 2 2 2 2
left_child=3 2 -2 4 6 -6 -1
right_child=1 -3 -4 -5 5 -7 -8
leaf_value=3.7801334549380051e-07 9.0376502498656915e-06 -5.5621328162184602e-05 0.00020650403632316739 -0.00013633630062031445 0.00016857446118427274 3.6774579408908419e-07 -9.6902039478577323e-05
leaf_weight=417 16.000000000000004 14.999999999999998 9.9999999999999982 9.9999999999999982 10.999999999999998 30 21
leaf_count=417 16 15 10 10 11 30 21
internal_value=0 3.35445e-05 8.49863e-05 -2.81252e-06 -2.49683e-08 4.54964e-05 -4.2861e-06
internal_weight=0 41 26 489 479 41 438
internal_count=530 41 26 489 479 41 438
is_linear=0
shrinkage=0.1


Tree=792
num_leaves=11
num_cat=0
split_feature=88 88 92 88 103 18 14 22 92 37
split_gain=4.94158e-06 6.95511e-05 2.25499e-05 2.38572e-05 2.24288e-05 2.15648e-05 4.17546e-05 3.17531e-05 1.56546e-05 1.52375e-05
threshold=0.2493053510117233 0.29140599236096953 4.0491404379957201 0.65418046831921017 5.7698810594618948 5.6185859816918615 5.7364422077165234 4.8471850864775066 4.0513172089649032 1.0000000180025095e-35
decision_type=2 2 2 2 2 2 2 2 2 2
left_child=5 -2 4 -4 -3 7 -7 9 -8 -1
right_child=1 2 3 -5 -6 6 8 -9 -10 -11
leaf_value=-7.0602368251617418e-05 0.00025659292904575443 6.6311575160585097e-08 -0.00013504038894176991 2.7062831125779974e-05 0.00010837653469996606 0.00017753261255655582 -1.8584990970580026e-05 -0.00018518674914957955 4.3357729423316383e-05 7.6574770537263256e-05
leaf_weight=17.000000000000004 10.999999999999998 146 23 14.999999999999998 22 12.999999999999998 204 15.999999999999998 51 11.999999999999998
leaf_count=17 11 146 23 15 22 13 204 16 51 12
internal_value=0 1.15968e-05 -1.48554e-06 -7.10523e-05 1.42498e-05 -8.03994e-06 2.71578e-06 -7.20962e-05 -6.19645e-06 -9.70148e-06
internal_weight=0 217 206 38 168 313 268 45 255 29
internal_count=530 217 206 38 168 313 268 45 255 29
is_linear=0
shrinkage=0.1


Tree=793
num_leaves=5
num_cat=0
split_feature=6 101 5 2
split_gain=4.88438e-06 1.63936e-05 9.95214e-06 7.80331e-06
threshold=10.18815057630662 5.2493731161384751 4.7621374077860157 8.4582675799256961
decision_type=2 2 2 2
left_child=1 2 3 -1
right_child=-2 -3 -4 -5
leaf_value=-4.9733877089986285e-06 -6.3072624531438726e-05 0.0001169809783580907 -7.8889062638154439e-05 2.6821247293658718e-05
leaf_weight=394 11.999999999999998 11.999999999999998 15.999999999999998 96
leaf_count=394 12 12 16 96
internal_value=0 1.46114e-06 -1.27846e-06 1.25577e-06
internal_weight=0 518 506 490
internal_count=530 518 506 490
is_linear=0
shrinkage=0.1


Tree=794
num_leaves=12
num_cat=0
split_feature=2 27 89 39 20 57 35 57 32 95 95
split_gain=5.07421e-06 2.10844e-05 4.09861e-05 4.11103e-05 2.14846e-05 2.08926e-05 3.83155e-05 4.15579e-05 2.02431e-05 1.4942e-05 1.59377e-05
threshold=5.6185859816918615 1.0000000180025095e-35 0.15165382572991423 2.524928003624769 1.4978661367769959 1.2733591527591461 1.4978661367769959 0.79113330590631492 9.4867690092481657e-19 1.1362438767648089e-16 1.700598690831078
decision_type=2 2 2 2 2 2 2 2 2 2 2
left_child=1 8 4 -4 -3 6 -2 -8 -1 -7 -11
right_child=5 2 3 -5 -6 9 7 -9 -10 10 -12
leaf_value=2.8385437583304281e-05 -0.0002378732923534699 0.00015349458729230846 -0.00025281957152236073 2.0577435762706128e-05 -2.8851187865560252e-05 0.00011418202581504982 4.4041470687261608e-05 -0.00014943382659968099 0.00020769182890944651 -6.7882128543363167e-05 6.9020545660538849e-06
leaf_weight=17.000000000000004 9.9999999999999982 14.000000000000002 11.000000000000002 10.999999999999998 11.999999999999998 11.999999999999998 32 17 9.9999999999999982 31 353
leaf_count=17 10 14 11 11 12 12 32 17 10 31 353
internal_value=0 2.41002e-05 -1.56657e-05 -0.000116121 6.9335e-05 -3.97257e-06 -5.94878e-05 -2.30826e-05 9.47952e-05 4.29865e-06 8.6479e-07
internal_weight=0 75 48 22 26 455 59 49 27 396 384
internal_count=530 75 48 22 26 455 59 49 27 396 384
is_linear=0
shrinkage=0.1


Tree=795
num_leaves=6
num_cat=0
split_feature=31 7 103 36 103
split_gain=4.57211e-06 1.67639e-05 8.3621e-06 1.90948e-05 1.38899e-05
threshold=6.4800257426481824 6.4216103699850091 6.1903133062787319 3.4498615536424366 5.880517381151094
decision_type=2 2 2 2 2
left_child=1 2 4 -4 -1
right_child=-2 -3 3 -5 -6
leaf_value=1.6677051866575444e-06 6.379808076996018e-05 -0.00011817230782374584 -3.7908508966211222e-06 0.00016544921643799171 -8.558923038531488e-05
leaf_weight=458 10.999999999999998 11.999999999999998 20.000000000000004 9.9999999999999982 19
leaf_count=458 11 12 20 10 19
internal_value=0 -1.35218e-06 1.4128e-06 5.26225e-05 -1.80794e-06
internal_weight=0 519 507 30 477
internal_count=530 519 507 30 477
is_linear=0
shrinkage=0.1


Tree=796
num_leaves=9
num_cat=0
split_feature=38 49 36 45 45 101 26 57
split_gain=4.70984e-06 2.33695e-05 2.20633e-05 1.07922e-05 1.74068e-05 1.39606e-05 1.01992e-05 1.19574e-05
threshold=8.9808621585217967 2.249904835165133 4.8241040655959244 4.0163424379838117 3.6505739029280164 3.1984648276080736 8.9933631558035643 3.4306622201124024
decision_type=2 2 2 2 2 2 2 2
left_child=2 -2 3 4 -1 -5 -3 -8
right_child=1 6 -4 5 -6 -7 7 -9
leaf_value=-2.2446281254700278e-06 -0.00013461616753678149 8.4016809705644849e-05 0.00013191202264211966 1.0505731020552605e-05 7.3356115257356035e-05 -0.00013604729588573367 -6.193115879558836e-05 6.1208414899738278e-05
leaf_weight=395 14.999999999999998 12.999999999999998 12.999999999999998 13.000000000000002 33 12.999999999999998 23 11.999999999999998
leaf_count=395 15 13 13 13 33 13 23 12
internal_value=0 -2.56657e-05 3.4624e-06 -2.15675e-07 3.5844e-06 -6.27708e-05 8.38131e-06 -1.97119e-05
internal_weight=0 63 467 454 428 26 48 35
internal_count=530 63 467 454 428 26 48 35
is_linear=0
shrinkage=0.1


Tree=797
num_leaves=5
num_cat=0
split_feature=47 47 17 51
split_gain=4.61127e-06 1.43628e-05 1.22867e-05 1.12735e-05
threshold=6.4216103699850091 5.9888074996960983 5.4160905255636633 5.6780422514550422
decision_type=2 2 2 2
left_child=1 2 3 -1
right_child=-2 -3 -4 -5
leaf_value=-1.9995447170930703e-06 -5.6628236883885365e-05 0.000109659788843904 -0.00011077823495725171 7.2878319874039992e-05
leaf_weight=473 13.999999999999998 11.999999999999998 9.9999999999999982 21
leaf_count=473 14 12 10 21
internal_value=0 1.53642e-06 -1.03794e-06 1.18352e-06
internal_weight=0 516 504 494
internal_count=530 516 504 494
is_linear=0
shrinkage=0.1


Tree=798
num_leaves=10
num_cat=0
split_feature=75 57 73 72 73 47 53 48 88
split_gain=4.97502e-06 2.61995e-05 1.61165e-05 2.30249e-05 1.25206e-05 9.12746e-06 5.70413e-06 6.54466e-06 6.39004e-06
threshold=3.4498615536424366 2.7655058732022781 2.9700856263602158 0.24734812091805355 2.8029010331479989 0.34657359027997314 3.412561619978375 4.2555875595453383 0.18117684839793091
decision_type=2 2 2 2 2 2 2 2 2
left_child=2 -2 4 -4 5 -1 7 -3 -8
right_child=1 6 3 -5 -6 -7 8 -9 -10
leaf_value=3.5669015969955684e-05 -0.00015933609593048461 -1.3610909607248486e-05 0.00019944816100178283 -2.3845078046109011e-06 -0.00011112266816780902 -4.2874623439123997e-06 1.053453715240511e-05 7.2909176656942116e-05 -9.5792598585831001e-05
leaf_weight=68 11.999999999999998 18 10.000000000000002 12.999999999999998 9.9999999999999982 359 13.000000000000002 17 9.9999999999999982
leaf_count=68 12 18 10 13 10 359 13 17 10
internal_value=0 -2.48364e-05 3.77946e-06 8.53688e-05 -5.1472e-07 2.07563e-06 2.99108e-06 2.84131e-05 -3.56947e-05
internal_weight=0 70 460 23 437 427 58 35 23
internal_count=530 70 460 23 437 427 58 35 23
is_linear=0
shrinkage=0.1


Tree=799
num_leaves=11
num_cat=0
split_feature=77 5 49 47 74 76 70 75 9 8
split_gain=4.41829e-06 2.18216e-05 1.4938e-05 1.64192e-05 1.59101e-05 1.16519e-05 3.05894e-05 1.65809e-05 1.47824e-05 1.40185e-05
threshold=3.5114340430413216 2.740319461670996 3.7012257604091228 3.6762205501217919 0.22683360496302116 1.0166260796052307 3.0618346887015546 2.9700856263602158 1.4978661367769959 3.2769667020129059
decision_type=2 2 2 2 2 2 2 2 2 2
left_child=5 -2 3 -3 -4 7 8 9 -7 -1
right_child=1 2 4 -5 -6 6 -8 -9 -10 -11
leaf_value=-1.3477927935706579e-05 -0.0001587644785468001 6.4495966812087735e-06 -0.00010165108706923606 0.00015271876894985327 7.387212750131767e-06 6.6865104193258192e-05 0.0002074356778757647 -0.00012782818645064252 -7.4791729163665045e-05 2.6012234290742766e-05
leaf_weight=220 9.9999999999999982 33 23 9.9999999999999982 32 17.000000000000004 9.9999999999999982 9.9999999999999982 12.999999999999998 152
leaf_count=220 10 33 23 10 32 17 10 10 13 152
internal_value=0 -1.80482e-05 -3.68939e-06 4.04657e-05 -3.82106e-05 4.61897e-06 5.59693e-05 -7.58027e-07 5.48048e-06 2.65784e-06
internal_weight=0 108 98 43 55 422 40 382 30 372
internal_count=530 108 98 43 55 422 40 382 30 372
is_linear=0
shrinkage=0.1


Tree=800
num_leaves=10
num_cat=0
split_feature=70 55 95 89 86 58 24 31 60
split_gain=4.67471e-06 4.96671e-05 3.54013e-05 1.74615e-05 2.08365e-05 1.6654e-05 1.25783e-05 3.4235e-05 3.2628e-05
threshold=2.8054163065627864 2.9700856263602158 2.8617925509761908 0.65541501693949999 0.55060599904129914 0.34657359027997309 3.0201273556387074 2.8029010331479989 3.3433009666970088
decision_type=2 2 2 2 2 2 2 2 2
left_child=2 -2 3 4 -1 -5 7 -3 -8
right_child=1 6 -4 5 -6 -7 8 -9 -10
leaf_value=-9.1576212221423366e-06 -0.00019141969532938675 -1.6307790058097265e-06 0.00018673568609466946 -0.00014785730364792467 7.2372551916156553e-05 2.110924673615955e-05 0.00011069536916693325 -0.00015842480458077798 -9.9797984211024828e-07
leaf_weight=109 13.999999999999998 77 10.999999999999998 14.000000000000002 44 9.9999999999999982 30 17 204
leaf_count=109 14 77 11 14 44 10 30 17 204
internal_value=0 -6.96314e-06 1.2667e-05 1.84916e-06 1.4289e-05 -7.74546e-05 9.10005e-07 -2.99871e-05 1.33217e-05
internal_weight=0 342 188 177 153 24 328 94 234
internal_count=530 342 188 177 153 24 328 94 234
is_linear=0
shrinkage=0.1


Tree=801
num_leaves=7
num_cat=0
split_feature=89 65 92 88 88 18
split_gain=4.47536e-06 1.89598e-05 8.3709e-06 1.08238e-05 6.53014e-05 1.54878e-05
threshold=0.68437450589092885 2.716824689651856 4.2647637620524463 0.2493053510117233 0.29140599236096953 5.6039197429949557
decision_type=2 2 2 2 2 2
left_child=2 -2 3 5 -5 -1
right_child=1 -3 -4 4 -6 -7
leaf_value=-7.2477663257143981e-05 0.00012730054190447282 -3.769722514941047e-05 -8.8443959380542355e-05 0.0002662785031134263 4.4575656128341255e-06 -3.8064857825935361e-06
leaf_weight=38 13.000000000000002 14.999999999999998 10.999999999999998 9.9999999999999982 201 242
leaf_count=38 13 15 11 10 201 242
internal_value=0 3.89089e-05 -2.17022e-06 -2.37403e-07 1.68661e-05 -1.31261e-05
internal_weight=0 28 502 491 211 280
internal_count=530 28 502 491 211 280
is_linear=0
shrinkage=0.1


Tree=802
num_leaves=6
num_cat=0
split_feature=35 35 35 89 32
split_gain=4.45778e-06 1.25486e-05 1.10229e-05 2.08684e-05 1.24518e-05
threshold=6.4216103699850091 5.9888074996960983 5.2652741739841078 0.43202479755473649 5.1179758838799021
decision_type=2 2 2 2 2
left_child=1 2 4 -4 -1
right_child=-2 -3 3 -5 -6
leaf_value=6.7536378468964962e-07 -5.5677804851127032e-05 0.00010257477830843225 -3.7139675114303829e-06 -0.00016899757301044622 0.00010834302136738023
leaf_weight=457 13.999999999999998 11.999999999999998 25 10.999999999999998 10.999999999999998
leaf_count=457 14 12 25 11 11
internal_value=0 1.51064e-06 -8.95651e-07 -5.42173e-05 3.20601e-06
internal_weight=0 516 504 36 468
internal_count=530 516 504 36 468
is_linear=0
shrinkage=0.1


Tree=803
num_leaves=10
num_cat=0
split_feature=22 25 14 99 22 88 35 46 32
split_gain=4.39269e-06 2.14981e-05 1.37965e-05 3.46594e-05 1.44176e-05 1.41894e-05 1.37547e-05 1.68052e-05 1.28894e-05
threshold=9.1334875375465199 4.6298509007569537 8.8543690245937814 3.7256208424938388 8.8928122467075443 0.015992802156241357 6.4216103699850091 8.5096593973617747 4.5798392285869785
decision_type=2 2 2 2 2 2 2 2 2
left_child=2 -2 4 -4 8 -5 7 -3 -1
right_child=1 6 3 5 -6 -7 -8 -9 -10
leaf_value=-3.6656325969914167e-06 -0.00013314184034243226 -1.5570143711686663e-05 0.00022058084345189855 -5.2955650265657276e-05 -0.0001150670981256884 9.7164706094190489e-05 -8.4440012069535446e-05 0.00015416176873259246 6.6483061732469648e-05
leaf_weight=406 13.999999999999998 14.000000000000002 9.9999999999999982 17.000000000000004 10.999999999999998 9.9999999999999982 9.9999999999999982 9.9999999999999982 28
leaf_count=406 14 14 10 17 11 10 10 10 28
internal_value=0 -2.8849e-05 2.87293e-06 6.15462e-05 -2.00553e-06 2.64448e-06 1.40952e-05 5.51515e-05 8.6009e-07
internal_weight=0 48 482 37 445 27 34 24 434
internal_count=530 48 482 37 445 27 34 24 434
is_linear=0
shrinkage=0.1


Tree=804
num_leaves=8
num_cat=0
split_feature=22 77 14 5 86 48 86
split_gain=4.47983e-06 2.05992e-05 1.27998e-05 1.01647e-05 9.47494e-06 1.17831e-05 9.51854e-06
threshold=4.8471850864775066 1.0000000180025095e-35 4.5217294998350539 1.4978661367769959 0.68763835309583687 3.1132683346437333 0.59222352234340792
decision_type=2 2 2 2 2 2 2
left_child=1 -1 -2 -3 6 -6 -4
right_child=2 3 4 -5 5 -7 -8
leaf_value=0.00013677093822759791 -0.00010959503481651402 -6.3410471820033202e-05 -4.0296459972381554e-06 4.1455598961635446e-05 -0.00013753656980539246 1.2446924083633348e-05 3.4606323089218526e-05
leaf_weight=12.999999999999998 10.999999999999998 18 371 19 11.000000000000002 9.9999999999999982 77
leaf_count=13 11 18 371 19 11 10 77
internal_value=0 2.84858e-05 -2.96727e-06 -9.56033e-06 -4.66407e-07 -6.61159e-05 2.61091e-06
internal_weight=0 50 480 37 469 21 448
internal_count=530 50 480 37 469 21 448
is_linear=0
shrinkage=0.1


Tree=805
num_leaves=9
num_cat=0
split_feature=12 14 29 19 23 102 69 57
split_gain=4.44863e-06 4.49199e-05 2.66944e-05 2.41363e-05 3.04446e-05 1.68838e-05 1.1271e-05 1.61024e-05
threshold=1.4978661367769959 5.4094089116575796 2.740319461670996 1.0000000180025095e-35 3.4152368433293397e-18 1.3862943611198915 1.7681510115420778 1.2527629684945552
decision_type=2 2 2 2 2 2 2 2
left_child=2 -2 3 4 -1 -5 -3 -8
right_child=1 6 -4 5 -6 -7 7 -9
leaf_value=2.7679032916095919e-05 -0.00021421736964839512 0.00010517566435737537 -0.00013887506618630142 0.00011348023473170217 -0.00014960778481998627 -8.5096516954763508e-06 -7.5418302029512622e-05 3.2633976473900409e-06
leaf_weight=38 9.9999999999999982 9.9999999999999982 9.9999999999999982 39 12.999999999999998 15.999999999999998 28 366
leaf_count=38 10 10 10 39 13 16 28 366
internal_value=0 -4.84958e-06 1.7308e-05 3.20422e-05 -1.75117e-05 7.79923e-05 3.32791e-07 -2.3282e-06
internal_weight=0 414 116 106 51 55 404 394
internal_count=530 414 116 106 51 55 404 394
is_linear=0
shrinkage=0.1


Tree=806
num_leaves=6
num_cat=0
split_feature=39 39 40 36 49
split_gain=4.48474e-06 1.43166e-05 7.81222e-06 2.06462e-05 1.62518e-05
threshold=6.4216103699850091 5.9888074996960983 5.1179758838799021 5.0005339404374967 2.524928003624769
decision_type=2 2 2 2 2
left_child=1 2 3 -1 -4
right_child=-2 -3 4 -5 -6
leaf_value=2.1043861350998295e-06 5.5845904716989027e-05 -0.00010946440573510093 0.00015348250133683902 -0.00011708562892939274 -1.9129899677257833e-05
leaf_weight=467 13.999999999999998 11.999999999999998 10.000000000000002 14.999999999999998 11.999999999999998
leaf_count=467 14 12 10 15 12
internal_value=0 -1.5152e-06 1.05502e-06 -1.60485e-06 5.93303e-05
internal_weight=0 516 504 482 22
internal_count=530 516 504 482 22
is_linear=0
shrinkage=0.1


Tree=807
num_leaves=9
num_cat=0
split_feature=25 21 101 22 22 29 27 1
split_gain=4.39405e-06 2.07187e-05 1.7102e-05 3.25835e-05 1.1448e-05 1.10806e-05 1.864e-05 8.13026e-06
threshold=2.8102520310824275e-16 0.3465735902799737 8.7430063189231058e-16 1.0000000180025095e-35 5.5702057285008761 0.69314718055994551 0.34657359027997314 1.8688348091416844
decision_type=2 2 2 2 2 2 2 2
left_child=2 -2 3 -1 7 -3 -7 -4
right_child=1 5 4 -5 -6 6 -8 -9
leaf_value=-2.0635188945258654e-05 -0.00012326169879608125 -7.6599082199714364e-05 8.7399191926868436e-05 0.00019148813756016483 -8.4561524499804366e-05 0.00010939481244349737 -6.0136485699440976e-07 -3.4183280889589116e-05
leaf_weight=15.000000000000002 13.999999999999998 18 11.000000000000002 13.999999999999998 15.999999999999998 15.999999999999998 415 10.999999999999998
leaf_count=15 14 18 11 14 16 16 415 11
internal_value=0 -3.46371e-06 2.39358e-05 8.17692e-05 -2.02002e-05 2.71642e-07 3.48202e-06 2.6608e-05
internal_weight=0 463 67 29 38 449 431 22
internal_count=530 463 67 29 38 449 431 22
is_linear=0
shrinkage=0.1


Tree=808
num_leaves=6
num_cat=0
split_feature=31 7 103 36 103
split_gain=4.1168e-06 1.22014e-05 6.64336e-06 1.28379e-05 9.37845e-06
threshold=6.4800257426481824 6.4216103699850091 6.1903133062787319 3.4498615536424366 5.880517381151094
decision_type=2 2 2 2 2
left_child=1 2 4 -4 -1
right_child=-2 -3 3 -5 -6
leaf_value=1.061037721236729e-06 6.0538148219083351e-05 -0.00010094630930931696 4.6386929170694196e-07 0.00013923316597356462 -7.063832469468349e-05
leaf_weight=458 10.999999999999998 11.999999999999998 20.000000000000004 9.9999999999999982 19
leaf_count=458 11 12 20 10 19
internal_value=0 -1.28308e-06 1.07581e-06 4.67203e-05 -1.79491e-06
internal_weight=0 519 507 30 477
internal_count=530 519 507 30 477
is_linear=0
shrinkage=0.1


Tree=809
num_leaves=9
num_cat=0
split_feature=38 47 32 89 49 29 13 31
split_gain=3.83666e-06 1.90743e-05 1.84351e-05 1.32886e-05 1.07273e-05 8.04496e-06 1.68814e-05 1.34442e-05
threshold=8.9808621585217967 4.7405652883788738 4.9451504953659766 0.571582639492208 3.1984648276080736 3.9981586158983733 4.4425820475484112 4.1971736807086968
decision_type=2 2 2 2 2 2 2 2
left_child=2 -2 5 4 -3 7 -7 -1
right_child=1 3 -4 -5 -6 6 -8 -9
leaf_value=-5.4160572281435797e-06 -0.00014280002426610074 6.5765120477105185e-05 0.00011614343612953754 -9.0152008851873688e-05 -4.480078054117397e-05 -0.00012602767373512812 1.9521358284263818e-05 3.9918268732525361e-05
leaf_weight=340 10.999999999999998 27 13.999999999999998 11.999999999999998 12.999999999999998 14.999999999999998 17 81
leaf_count=340 11 27 14 12 13 15 17 81
internal_value=0 -2.31647e-05 3.125e-06 2.14277e-06 2.98312e-05 -3.6784e-07 -4.87048e-05 3.30622e-06
internal_weight=0 63 467 52 40 453 32 421
internal_count=530 63 467 52 40 453 32 421
is_linear=0
shrinkage=0.1


Tree=810
num_leaves=6
num_cat=0
split_feature=99 5 84 9 17
split_gain=3.8967e-06 6.2991e-06 1.15723e-05 6.21372e-06 6.58217e-06
threshold=5.1444770070688017 4.7621374077860157 0.33872733190418275 4.6298509007569537 4.2413008733233104
decision_type=2 2 2 2 2
left_child=1 3 -3 4 -1
right_child=-2 2 -4 -5 -6
leaf_value=2.5766503476789797e-06 5.8897607430646366e-05 5.3309138699357074e-06 -0.00013354752474697309 7.230967912619235e-05 -4.436158765201981e-05
leaf_weight=450 10.999999999999998 15.000000000000002 9.9999999999999982 11.999999999999998 32
leaf_count=450 11 15 10 12 32
internal_value=0 -1.24831e-06 -5.02205e-05 1.23004e-06 -5.39581e-07
internal_weight=0 519 25 494 482
internal_count=530 519 25 494 482
is_linear=0
shrinkage=0.1


Tree=811
num_leaves=7
num_cat=0
split_feature=74 74 10 101 64 6
split_gain=3.82644e-06 1.00012e-05 8.64887e-06 2.80726e-05 2.14591e-05 6.89915e-06
threshold=1.3650145539104928 1.0841115373326031 1.0000000180025095e-35 4.9331198848090459e-18 1.178326157132161 5.8860885991132372
decision_type=2 2 2 2 2 2
left_child=1 2 3 -1 -4 -2
right_child=5 -3 4 -5 -6 -7
leaf_value=-6.5249894105363611e-05 -1.5825926900561165e-05 -7.9494135934510279e-05 -9.8515301777462653e-05 0.00015761100348754553 2.6384306881091249e-06 0.00010164025588892401
leaf_weight=10.000000000000002 10.000000000000002 15.999999999999998 22 12.999999999999998 449 9.9999999999999982
leaf_count=10 10 16 22 13 449 10
internal_value=0 -1.68263e-06 8.37577e-07 6.0715e-05 -2.08637e-06 4.29072e-05
internal_weight=0 510 494 23 471 20
internal_count=530 510 494 23 471 20
is_linear=0
shrinkage=0.1


Tree=812
num_leaves=10
num_cat=0
split_feature=70 55 95 89 47 97 17 13 45
split_gain=3.69686e-06 4.1773e-05 2.69797e-05 1.44446e-05 2.09282e-05 1.15102e-05 1.07554e-05 3.75913e-05 2.43352e-05
threshold=2.8054163065627864 2.9700856263602158 2.8617925509761908 0.65541501693949999 1.4978661367769959 1.7917594692280556 2.740319461670996 2.9174053685313028 2.249904835165133
decision_type=2 2 2 2 2 2 2 2 2
left_child=2 -2 3 4 -1 -5 8 -8 -3
right_child=1 6 -4 5 -6 -7 7 -9 -10
leaf_value=8.9612212017025988e-05 -0.00017535599732322485 2.4046082930558793e-06 0.00016322479138828139 -0.00013956025686638892 -4.7508983962254736e-06 -1.0552549307855467e-06 0.00012089312316285422 -2.3896855614626509e-06 -0.00011727995779833493
leaf_weight=29 13.999999999999998 65 10.999999999999998 12.000000000000002 124 11.999999999999998 28 212 23
leaf_count=29 14 65 11 12 124 12 28 212 23
internal_value=0 -6.19219e-06 1.12645e-05 1.82066e-06 1.31349e-05 -7.03078e-05 1.02822e-06 1.19933e-05 -2.88766e-05
internal_weight=0 342 188 177 153 24 328 240 88
internal_count=530 342 188 177 153 24 328 240 88
is_linear=0
shrinkage=0.1


Tree=813
num_leaves=10
num_cat=0
split_feature=89 65 24 20 28 50 102 75 33
split_gain=3.79633e-06 1.59788e-05 7.10049e-06 4.19693e-05 3.09656e-05 2.80842e-05 1.70757e-05 1.56342e-05 1.41094e-05
threshold=0.68437450589092885 2.716824689651856 2.6735537653587347 2.602003343538398 2.602003343538398 6.0037773156930498 2.5249280036247694 0.69314718055994562 1.4978661367769959
decision_type=2 2 2 2 2 2 2 2 2
left_child=2 -2 4 5 8 -4 -5 -6 -1
right_child=1 -3 3 6 7 -7 -8 -9 -10
leaf_value=2.8301494207757846e-05 0.00011698186326611901 -3.4490840456176859e-05 -0.00026958365469909035 5.6856980302464488e-05 0.00020648859360583376 -3.2584949967713331e-05 -1.1116146589896737e-05 4.7176815912410223e-05 -3.2846488466020674e-05
leaf_weight=74 13.000000000000002 14.999999999999998 10.000000000000002 43 11.000000000000002 9.9999999999999982 263 13.999999999999998 77
leaf_count=74 13 15 10 43 11 10 263 14 77
internal_value=0 3.58358e-05 -1.99881e-06 -1.07374e-05 1.41874e-05 -0.000151084 -1.56437e-06 0.000117274 -2.87993e-06
internal_weight=0 28 502 326 176 20 306 25 151
internal_count=530 28 502 326 176 20 306 25 151
is_linear=0
shrinkage=0.1


Tree=814
num_leaves=9
num_cat=0
split_feature=46 75 33 46 89 88 88 88
split_gain=3.97168e-06 1.98615e-05 2.15188e-05 1.13462e-05 9.55006e-06 7.25022e-06 2.11132e-05 9.02869e-06
threshold=4.330646767694998 2.602003343538398 1.4978661367769959 5.198054235823637 0.028591544580249383 0.6788470300363445 0.68552979521950808 0.56452790820442755
decision_type=2 2 2 2 2 2 2 2
left_child=1 4 -3 -2 -1 7 -7 -5
right_child=3 2 -4 5 -6 6 -8 -9
leaf_value=-2.9798002651659764e-05 9.8808449668770962e-05 -9.4687701736499241e-06 -0.0001936111978879622 -2.3234324769194019e-06 9.6804042102751112e-05 -0.00015823599146229259 8.014200197067113e-06 3.7372783453172496e-05
leaf_weight=11.000000000000002 11.999999999999998 15.000000000000002 10.999999999999998 364 12.999999999999998 10.999999999999998 25 68
leaf_count=11 12 15 11 364 13 11 25 68
internal_value=0 -2.68216e-05 -8.73752e-05 2.79392e-06 3.87781e-05 3.32006e-07 -4.27845e-05 3.92505e-06
internal_weight=0 50 26 480 24 468 36 432
internal_count=530 50 26 480 24 468 36 432
is_linear=0
shrinkage=0.1


Tree=815
num_leaves=9
num_cat=0
split_feature=9 12 101 88 104 57 9 8
split_gain=3.80902e-06 3.08115e-05 2.5177e-05 3.38645e-05 1.75792e-05 3.09834e-05 1.0246e-05 1.21131e-05
threshold=1.2424533248940006 1.4978661367769959 3.6505739029280164 0.2493053510117233 1.2212453270876714e-15 1.7480438975903958 1.4978661367769959 2.524928003624769
decision_type=2 2 2 2 2 2 2 2
left_child=1 2 3 -1 5 -2 -6 -8
right_child=4 -3 -4 -5 6 -7 7 -9
leaf_value=-2.4320639584568034e-05 0.000211185303421437 -0.00013155454373765295 -0.00013274753873702139 0.00013585079994465394 9.8445127077866361e-05 -1.8397659813571308e-06 -3.9444327059101905e-05 4.3865008469530622e-06
leaf_weight=33 11.000000000000002 19 9.9999999999999982 22 9.9999999999999982 18 78 329
leaf_count=33 11 19 10 22 10 18 78 329
internal_value=0 -1.95342e-05 1.32102e-05 3.97479e-05 3.67909e-06 7.89628e-05 -1.55647e-06 -4.01351e-06
internal_weight=0 84 65 55 446 29 417 407
internal_count=530 84 65 55 446 29 417 407
is_linear=0
shrinkage=0.1


Tree=816
num_leaves=11
num_cat=0
split_feature=35 31 25 44 21 23 86 97 56 23
split_gain=3.8522e-06 2.38256e-05 3.51341e-05 2.54635e-05 2.15633e-05 3.69726e-05 1.86672e-05 1.79261e-05 1.58155e-05 1.77367e-05
threshold=2.7058230259275202 3.2384861814448418 2.3502401828962087 2.9700856263602158 2.0126758453675753 3.4811217321331038 0.68476950597767339 1.7917594692280556 9.7832305407871701e-20 2.602003343538398
decision_type=2 2 2 2 2 2 2 2 2 2
left_child=6 2 7 -4 -3 -6 8 -2 -1 -10
right_child=1 4 3 -5 5 -7 -8 -9 9 -11
leaf_value=-0.0001243592565462957 -0.00011358944349922236 0.00014063281763810665 6.6004832539571598e-05 0.00028206769144162536 -0.00012000911554726675 3.1674735393607992e-06 0.00012227872590301559 7.5757075683213779e-05 7.7115141239455965e-06 -6.6035656145898032e-05
leaf_weight=12.999999999999998 10.000000000000002 9.9999999999999982 12.000000000000002 9.9999999999999982 27 250 9.9999999999999982 9.9999999999999982 135 43
leaf_count=13 10 10 12 10 27 250 10 10 135 43
internal_value=0 6.66371e-06 7.70098e-05 0.000164215 -3.63083e-06 -8.83891e-06 -1.09073e-05 -1.89162e-05 -1.78804e-05 -1.01038e-05
internal_weight=0 329 42 22 287 277 201 20 191 178
internal_count=530 329 42 22 287 277 201 20 191 178
is_linear=0
shrinkage=0.1


Tree=817
num_leaves=12
num_cat=0
split_feature=50 50 88 88 80 31 69 53 45 78 104
split_gain=3.77225e-06 1.89928e-05 1.88194e-05 2.73426e-05 5.05137e-05 1.92611e-05 1.64016e-05 2.15351e-05 1.52644e-05 1.75421e-05 1.23666e-05
threshold=5.8215644129176907 5.9518752981694396 0.14064083802960775 0.57615951478317129 0.57518167686027788 1.2424533248940006 0.9593767796217848 1.5843840630196182 2.4414009612931857 0.25016367978676651 1.2424533248940006
decision_type=2 2 2 2 2 2 2 2 2 2 2
left_child=2 -2 8 4 -4 -5 -3 -8 10 -10 -1
right_child=1 6 3 5 -6 -7 7 -9 9 -11 -12
leaf_value=4.2220893042480486e-05 -0.00011960931972550628 -0.00012118764372479003 -0.00016302144556539134 0.00015569953195154087 0.00010290923877619208 -1.053971705993678e-05 3.4239867937112991e-05 -1.6495341236474238e-05 0.00010534239655223861 -4.1700605361256752e-05 -9.0368550824374935e-05
leaf_weight=17.000000000000004 13.999999999999998 10.999999999999998 25 9.9999999999999982 9.9999999999999982 23 135 220 43 9.9999999999999982 11.999999999999998
leaf_count=17 14 11 25 10 10 23 135 220 43 10 12
internal_value=0 -5.30049e-06 1.34279e-05 -2.54686e-05 -8.70413e-05 3.98358e-05 -9.28025e-07 2.79833e-06 4.56835e-05 7.75984e-05 -1.26437e-05
internal_weight=0 380 150 68 35 33 366 355 82 53 29
internal_count=530 380 150 68 35 33 366 355 82 53 29
is_linear=0
shrinkage=0.1


Tree=818
num_leaves=9
num_cat=0
split_feature=98 50 99 9 4 50 101 23
split_gain=3.83836e-06 2.14661e-05 9.86471e-06 9.50495e-06 1.58437e-05 8.87876e-06 8.10532e-06 6.29042e-06
threshold=4.4484992763719129 8.4756358473943063 3.8815106545092593 4.3241107269113215 4.6490840411708527 8.7949003355510769 4.5591125415341898 4.7621374077860157
decision_type=2 2 2 2 2 2 2 2
left_child=2 -2 3 4 -1 -3 -4 -7
right_child=1 5 6 -5 -6 7 -8 -9
leaf_value=1.2136744882060585e-06 0.00013708634757606959 -8.7418141563168979e-05 -0.00013369500054977829 7.8841901219372335e-05 -0.00011085880250902847 -2.5512306941285101e-05 -1.7467342671200942e-05 6.9526620007729021e-05
leaf_weight=425 12.999999999999998 10.999999999999998 10.000000000000002 14.999999999999998 12.999999999999998 15.000000000000002 14.999999999999998 12.999999999999998
leaf_count=425 13 11 10 15 13 15 15 13
internal_value=0 2.58016e-05 -2.80687e-06 5.67938e-07 -2.11268e-06 -1.12933e-05 -6.39584e-05 1.86129e-05
internal_weight=0 52 478 453 438 39 25 28
internal_count=530 52 478 453 438 39 25 28
is_linear=0
shrinkage=0.1


Tree=819
num_leaves=6
num_cat=0
split_feature=4 28 28 28 24
split_gain=3.83815e-06 1.08197e-05 7.67137e-06 2.63392e-05 1.66137e-05
threshold=5.7163726239213508 5.7163726239213508 4.7360445312007302 4.5798392285869785 4.7094896185437563
decision_type=2 2 2 2 2
left_child=1 2 3 -1 -4
right_child=-2 -3 4 -5 -6
leaf_value=1.3165501556332778e-06 4.9863272264095336e-05 -0.0001044550447477377 0.00014609115208837796 -0.00012212736805344726 7.6876110297900327e-06
leaf_weight=435 14.999999999999998 9.9999999999999982 10.999999999999998 18 41
leaf_count=435 15 10 11 18 41
internal_value=0 -1.45233e-06 5.8733e-07 -3.58851e-06 3.69653e-05
internal_weight=0 515 505 453 52
internal_count=530 515 505 453 52
is_linear=0
shrinkage=0.1


Tree=820
num_leaves=6
num_cat=0
split_feature=21 13 95 95 85
split_gain=3.89376e-06 9.19925e-06 5.98566e-06 2.06903e-05 1.53158e-05
threshold=5.4160905255636633 5.3028591759145582 3.6242520361853052 3.7494348669884658 0.66149921729477024
decision_type=2 2 2 2 2
left_child=1 2 4 -4 -1
right_child=-2 -3 3 -5 -6
leaf_value=-1.6453524082111601e-06 5.887544354085218e-05 -9.6232055511791259e-05 0.00013453081722088558 4.9639061005100567e-06 -0.00011203344015834422
leaf_weight=379 10.999999999999998 9.9999999999999982 13.999999999999998 103 12.999999999999998
leaf_count=379 11 10 14 103 13
internal_value=0 -1.24784e-06 6.18252e-07 2.04676e-05 -5.30618e-06
internal_weight=0 519 509 117 392
internal_count=530 519 509 117 392
is_linear=0
shrinkage=0.1


Tree=821
num_leaves=10
num_cat=0
split_feature=5 65 9 16 44 28 104 57 102
split_gain=3.59827e-06 2.64205e-05 1.6743e-05 2.07551e-05 3.31995e-05 2.05399e-05 1.45477e-05 3.27056e-05 1.55869e-05
threshold=2.9700856263602158 2.0405229234146725 3.1567740231385479 3.4498615536424366 4.6490840411708527 2.524928003624769 2.8029010331479989 2.1934470738425271 3.9796379800581989
decision_type=2 2 2 2 2 2 2 2 2
left_child=2 -2 3 5 -5 -1 7 -3 -8
right_child=1 6 -4 4 -6 -7 8 -9 -10
leaf_value=-1.3862894982594298e-05 0.00014759568999019954 -5.0382923163851942e-05 -0.00012326687015047356 -0.00018070625699238008 1.0497721779670211e-05 4.7665846597223049e-05 -5.8261622400649415e-05 0.00019949295462786472 7.5215970040166635e-06
leaf_weight=150 12.999999999999998 10.000000000000002 11.999999999999998 15.999999999999998 21 85 46 10.999999999999998 166
leaf_count=150 13 10 12 16 21 85 46 11 166
internal_value=0 8.8532e-06 -7.66862e-06 -2.5687e-06 -7.21851e-05 8.39218e-06 1.1122e-06 8.05044e-05 -6.75212e-06
internal_weight=0 246 284 272 37 235 233 21 212
internal_count=530 246 284 272 37 235 233 21 212
is_linear=0
shrinkage=0.1


Tree=822
num_leaves=11
num_cat=0
split_feature=6 9 88 78 96 68 22 68 88 88
split_gain=3.51497e-06 2.17833e-05 3.61579e-05 3.17358e-05 1.99115e-05 1.37695e-05 2.23496e-05 1.71901e-05 1.33835e-05 1.32072e-05
threshold=8.0871791040414465 3.1567740231385479 0.5147796107324073 0.14485215891627456 7.8363647651728687 4.2190915858887967 8.4149412149085823 4.2968389415356647 0.68376670610559087 1.0000000180025095e-35
decision_type=2 2 2 2 2 2 2 2 2 2
left_child=1 8 3 -3 -2 6 -6 -7 9 -1
right_child=4 2 -4 -5 5 7 -8 -9 -10 -11
leaf_value=-1.1449935041524661e-05 0.00014833767461823301 -0.00023047118855174634 9.4014232963672846e-05 -3.3523955294691005e-05 6.9795601190820046e-06 -0.00012878374967234169 0.00015427079852088356 -2.792847380004713e-06 -7.7713333532875898e-05 3.1902185466214679e-05
leaf_weight=149 9.9999999999999982 14.999999999999998 9.9999999999999982 18 39 11.999999999999998 13.999999999999998 111 19 133
leaf_count=149 10 15 10 18 39 12 14 111 19 133
internal_value=0 -5.98825e-06 -7.25664e-05 -0.000123045 1.10751e-05 3.27604e-06 4.58867e-05 -1.50846e-05 3.52291e-06 8.99628e-06
internal_weight=0 344 43 33 186 176 53 123 301 282
internal_count=530 344 43 33 186 176 53 123 301 282
is_linear=0
shrinkage=0.1


Tree=823
num_leaves=11
num_cat=0
split_feature=89 88 89 47 81 7 4 68 89 49
split_gain=3.89982e-06 3.02363e-05 1.95713e-05 1.89654e-05 3.05408e-05 1.82905e-05 3.30781e-05 1.57582e-05 2.78214e-05 8.25944e-06
threshold=0.56689715819657438 0.44588797597619106 0.49721651427453734 4.7229433450037179 0.25131442780471563 2.4414009612931857 3.6505739029280169 1.9224965483636116 0.2444714479475863 2.249904835165133
decision_type=2 2 2 2 2 2 2 2 2 2
left_child=2 3 7 4 -2 -4 -7 -1 -9 -5
right_child=1 -3 5 9 -6 6 -8 8 -10 -11
leaf_value=-0.00010624295134151069 7.8179605039218188e-05 0.00017390548362692987 2.8794602291203445e-05 -0.00013245754475624727 -4.3573892365824773e-05 -0.00026472030869626899 -2.2805499947235848e-05 -7.0517963764208013e-06 6.5111865478684197e-05 -1.4720589718887243e-05
leaf_weight=12.999999999999998 45 10.999999999999998 10.999999999999998 13.000000000000002 38 10.000000000000002 12.999999999999998 300 65 10.999999999999998
leaf_count=13 45 11 11 13 38 10 13 300 65 11
internal_value=0 1.60285e-05 -4.59068e-06 -2.01872e-07 2.2437e-05 -7.72628e-05 -0.000127986 1.94596e-06 5.79927e-06 -7.84948e-05
internal_weight=0 118 412 107 83 34 23 378 365 24
internal_count=530 118 412 107 83 34 23 378 365 24
is_linear=0
shrinkage=0.1


Tree=824
num_leaves=5
num_cat=0
split_feature=47 45 17 32
split_gain=3.55842e-06 1.0397e-05 9.0695e-06 1.39579e-05
threshold=6.4216103699850091 5.24435769543829 5.4160905255636633 5.1179758838799021
decision_type=2 2 2 2
left_child=1 2 3 -1
right_child=-2 -3 -4 -5
leaf_value=-2.2862138009115467e-06 -4.9745217324925761e-05 9.7528440396259112e-05 -9.5031598611967645e-05 8.299438188259957e-05
leaf_weight=475 13.999999999999998 10.999999999999998 9.9999999999999982 20
leaf_count=475 14 11 10 20
internal_value=0 1.34968e-06 -7.45307e-07 1.15947e-06
internal_weight=0 516 505 495
internal_count=530 516 505 495
is_linear=0
shrinkage=0.1


Tree=825
num_leaves=8
num_cat=0
split_feature=99 51 51 88 17 51 103
split_gain=3.67159e-06 4.89827e-06 4.03189e-05 1.68079e-05 1.28693e-05 1.01421e-05 5.20681e-06
threshold=5.1444770070688017 4.8081027000528378 4.7140145363037149 0.46755264059697182 3.2384861814448418 4.5325416796595226 5.6002703899390385
decision_type=2 2 2 2 2 2 2
left_child=1 2 5 4 -3 -1 -5
right_child=-2 3 -4 6 -6 -7 -8
leaf_value=1.7972320645199255e-06 5.7171108941970901e-05 -0.00013957933392353322 0.00020135436614509674 0.00010541017138166349 -2.6334894156124477e-05 -6.7898031623123898e-05 3.3630392863415184e-06
leaf_weight=410 10.999999999999998 12.999999999999998 9.9999999999999982 10.000000000000002 44 22 9.9999999999999982
leaf_count=410 11 13 10 10 44 22 10
internal_value=0 -1.21172e-06 2.8431e-06 -2.44875e-05 -5.21626e-05 -1.75206e-06 5.43866e-05
internal_weight=0 519 442 77 57 432 20
internal_count=530 519 442 77 57 432 20
is_linear=0
shrinkage=0.1


Tree=826
num_leaves=8
num_cat=0
split_feature=35 31 44 39 38 32 57
split_gain=3.4181e-06 1.43925e-05 9.88789e-06 9.45316e-06 1.4164e-05 2.03598e-05 8.72966e-06
threshold=5.2652741739841078 5.2907605476430133 4.4367340276668159 5.2094712223428914 8.9933631558035643 4.867504863781412 3.4306622201124024
decision_type=2 2 2 2 2 2 2
left_child=3 -2 -3 4 5 -1 -4
right_child=1 2 6 -5 -6 -7 -8
leaf_value=-3.8699068737314357e-08 -0.00013193262286222309 -9.0301761229056869e-05 -5.1433704356895765e-06 9.4529726022136117e-05 -0.00011698515503667296 0.00013771430822089316 0.0001018971718440298
leaf_weight=436 9.9999999999999982 9.9999999999999982 32 10.999999999999998 9.9999999999999982 10.999999999999998 9.9999999999999982
leaf_count=436 10 10 32 11 10 11 10
internal_value=0 -2.20639e-05 -9.35264e-07 2.92299e-06 7.18015e-07 3.3512e-06 2.03425e-05
internal_weight=0 62 52 468 457 447 42
internal_count=530 62 52 468 457 447 42
is_linear=0
shrinkage=0.1


Tree=827
num_leaves=5
num_cat=0
split_feature=37 35 35 40
split_gain=3.90934e-06 1.14594e-05 1.09548e-05 7.65097e-06
threshold=5.4160905255636633 6.1125453256829685 5.74454174524233 5.1179758838799021
decision_type=2 2 2 2
left_child=1 2 3 -1
right_child=-2 -3 -4 -5
leaf_value=-9.2803322753196992e-07 -5.8993084596956829e-05 9.7835467022378006e-05 -9.1648727315119834e-05 6.937073028439045e-05
leaf_weight=478 10.999999999999998 11.999999999999998 12.999999999999998 15.999999999999998
leaf_count=478 11 12 13 16
internal_value=0 1.25034e-06 -1.0357e-06 1.34885e-06
internal_weight=0 519 507 494
internal_count=530 519 507 494
is_linear=0
shrinkage=0.1


Tree=828
num_leaves=9
num_cat=0
split_feature=89 88 101 47 89 80 68 89
split_gain=3.42456e-06 2.45792e-05 1.61217e-05 2.97401e-05 1.56335e-05 1.46707e-05 1.26708e-05 2.16618e-05
threshold=0.56689715819657438 0.44588797597619106 3.4972025275692372e-15 0.34657359027997314 0.49721651427453734 0.56423262590889556 1.9224965483636116 0.2444714479475863
decision_type=2 2 2 2 2 2 2 2
left_child=4 2 -2 -4 6 -6 -1 -8
right_child=1 -3 3 -5 5 -7 7 -9
leaf_value=-9.5473082043239497e-05 -8.3150307680051293e-05 0.00015736387762114068 0.00016472347945182265 -4.6771095870362367e-06 -0.00013118400586083429 4.1981027152360186e-07 -6.3440147915040749e-06 5.7332021589480487e-05
leaf_weight=12.999999999999998 19 10.999999999999998 11.999999999999998 76 18 15.999999999999998 300 65
leaf_count=13 19 11 12 76 18 16 300 65
internal_value=0 1.50201e-05 3.86594e-07 1.8423e-05 -4.30186e-06 -6.92528e-05 1.54028e-06 4.99555e-06
internal_weight=0 118 107 88 412 34 378 365
internal_count=530 118 107 88 412 34 378 365
is_linear=0
shrinkage=0.1


Tree=829
num_leaves=12
num_cat=0
split_feature=61 53 29 29 98 98 5 69 11 100 98
split_gain=3.57139e-06 1.97652e-05 1.55478e-05 1.38797e-05 1.25099e-05 2.9723e-05 2.61084e-05 4.33494e-05 2.6362e-05 2.07671e-05 1.30055e-05
threshold=1.8214806459275565 1.7833487763553064 2.8029010331479989 1.1362438767648089e-16 1.2424533248940004 1.7005986908310777 2.3502401828962087 2.7935390597270717 2.8617925509761908 4.2121001622835372 2.3502401828962087
decision_type=2 2 2 2 2 2 2 2 2 2 2
left_child=1 2 3 -1 6 9 7 -2 -8 -6 -7
right_child=4 -3 -4 -5 5 10 8 -9 -10 -11 -12
leaf_value=-5.3698812102777007e-05 -5.4898645032301066e-05 0.00014962377041229048 -8.5232377408401053e-05 3.8017818911470535e-05 2.5413961226989222e-05 -5.2382758468638713e-05 -1.7985604730104867e-05 0.0001573789937538095 -0.00022352580921366239 0.00021210598285754465 4.3055292646726254e-06
leaf_weight=21 37 9.9999999999999982 17 77 13.000000000000002 48 12.000000000000002 12.999999999999998 12.999999999999998 10.999999999999998 258
leaf_count=21 37 10 17 77 13 48 12 13 13 11 258
internal_value=0 1.47759e-05 3.04997e-06 1.83643e-05 -4.56045e-06 3.81819e-06 -4.14265e-05 2.93541e-07 -0.000124867 0.000110981 -4.58675e-06
internal_weight=0 125 115 98 405 330 75 50 25 24 306
internal_count=530 125 115 98 405 330 75 50 25 24 306
is_linear=0
shrinkage=0.1


Tree=830
num_leaves=8
num_cat=0
split_feature=22 77 26 29 10 82 5
split_gain=3.43607e-06 1.60357e-05 1.31061e-05 9.78688e-06 2.77654e-05 1.90002e-05 8.24643e-06
threshold=4.8471850864775066 1.0000000180025095e-35 5.198054235823637 0.69314718055994551 5.4227230155794315 1.1232478124228382 1.4978661367769959
decision_type=2 2 2 2 2 2 2
left_child=1 -1 -2 5 -5 -4 -3
right_child=2 6 3 4 -6 -7 -8
leaf_value=0.00012048809674944585 -0.00010579135091575154 -5.7124162796955919e-05 -0.00013067050522295177 0.00014797359416171766 -4.0400342437950501e-07 2.1157506452094395e-05 3.7329942173719727e-05
leaf_weight=12.999999999999998 11.999999999999998 18 15.999999999999998 12.999999999999998 422 17 19
leaf_count=13 12 18 16 13 422 17 19
internal_value=0 2.49476e-05 -2.59871e-06 4.72581e-08 4.03027e-06 -5.24561e-05 -8.6207e-06
internal_weight=0 50 480 468 435 33 37
internal_count=530 50 480 468 435 33 37
is_linear=0
shrinkage=0.1


Tree=831
num_leaves=5
num_cat=0
split_feature=35 61 46 44
split_gain=3.10699e-06 8.16674e-06 5.85057e-06 1.36451e-05
threshold=6.4216103699850091 5.0503904647658251 9.5188769219551848 5.2257322209664565
decision_type=2 2 2 2
left_child=1 2 3 -1
right_child=-2 -3 -4 -5
leaf_value=-1.3396254505376864e-06 -4.6482821614647824e-05 9.0751245338651656e-05 -6.9499070893167903e-05 0.00011129773285409268
leaf_weight=483 13.999999999999998 9.9999999999999982 11.999999999999998 10.999999999999998
leaf_count=483 14 10 12 11
internal_value=0 1.26116e-06 -5.07417e-07 1.16849e-06
internal_weight=0 516 506 494
internal_count=530 516 506 494
is_linear=0
shrinkage=0.1


Tree=832
num_leaves=5
num_cat=0
split_feature=0 96 5 98
split_gain=3.1769e-06 1.16076e-05 9.77683e-06 5.61594e-06
threshold=5.7163726239213508 9.4594425831919864 4.7621374077860157 4.4484992763719129
decision_type=2 2 2 2
left_child=1 2 3 -1
right_child=-2 -3 -4 -5
leaf_value=-1.1760552818996773e-06 -4.5365075056906793e-05 9.4614091638224921e-05 -9.0272003702314895e-05 5.1682227266220645e-05
leaf_weight=469 14.999999999999998 12.999999999999998 11.999999999999998 21
leaf_count=469 15 13 12 21
internal_value=0 1.32131e-06 -1.09464e-06 1.0893e-06
internal_weight=0 515 502 490
internal_count=530 515 502 490
is_linear=0
shrinkage=0.1


Tree=833
num_leaves=8
num_cat=0
split_feature=22 25 25 32 32 87 31
split_gain=3.15661e-06 1.23272e-05 9.39113e-06 1.2718e-05 9.44097e-06 9.1707e-06 8.74637e-06
threshold=9.1334875375465199 4.6298509007569537 4.3241107269113215 4.8940944640863338 4.5798392285869785 0.54721705926580488 6.1125453256829685
decision_type=2 2 2 2 2 2 2
left_child=2 -2 3 4 -1 6 -3
right_child=1 5 -4 -5 -6 -7 -8
leaf_value=-6.1641539951228362e-07 -0.00010343010248366877 2.5559971827858259e-05 7.1340122054894693e-05 -9.790307941819686e-05 7.1411211645586037e-05 8.8521222351118923e-05 -9.6889079704851619e-05
leaf_weight=431 13.999999999999998 14.000000000000002 19 12.999999999999998 19 9.9999999999999982 9.9999999999999982
leaf_count=431 14 14 19 13 19 10 10
internal_value=0 -2.44554e-05 2.43539e-06 -3.92229e-07 2.42475e-06 8.06356e-06 -2.54605e-05
internal_weight=0 48 482 463 450 34 24
internal_count=530 48 482 463 450 34 24
is_linear=0
shrinkage=0.1


Tree=834
num_leaves=10
num_cat=0
split_feature=70 56 56 58 9 56 0 51 102
split_gain=3.13941e-06 2.44951e-05 2.45256e-05 2.01474e-05 1.80139e-05 1.75881e-05 1.26255e-05 1.36336e-05 8.60627e-06
threshold=2.769034522633699 2.9894428824505614 2.9109679060563902 2.1383330595080281 2.8617925509761908 3.107928658911312 2.524928003624769 1.0000000180025095e-35 2.7403194616709965
decision_type=2 2 2 2 2 2 2 2 2
left_child=3 2 4 6 -2 -3 7 -1 -7
right_child=1 5 -4 -5 -6 8 -8 -9 -10
leaf_value=4.5766844087373072e-05 4.7542807570768185e-05 0.00010681892581487773 -0.00017352897316413873 0.00011781104130932364 -0.00010883258431791686 -5.1593281246672035e-05 -9.8483199053589487e-05 -1.5436879395182541e-05 5.018893572161787e-06
leaf_weight=59 17.000000000000004 15.999999999999998 15.999999999999998 15.999999999999998 12.999999999999998 30 11.999999999999998 95 256
leaf_count=59 17 16 16 16 13 30 12 95 256
internal_value=0 -5.56586e-06 -7.35448e-05 1.06424e-05 -2.02199e-05 4.78855e-06 3.12903e-07 8.0113e-06 -9.19446e-07
internal_weight=0 348 46 182 30 302 166 154 286
internal_count=530 348 46 182 30 302 166 154 286
is_linear=0
shrinkage=0.1


Tree=835
num_leaves=10
num_cat=0
split_feature=44 38 46 89 96 43 4 26 32
split_gain=3.03544e-06 2.15383e-05 2.6534e-05 1.75197e-05 2.45101e-05 2.80726e-05 1.39534e-05 1.20826e-05 1.09202e-05
threshold=1.8688348091416842 5.905358135785149 5.7364422077165234 0.68312215049854697 5.6039197429949557 2.524928003624769 1.162264728904461e-16 6.0649412535860643 3.6429192995512961e-17
decision_type=2 2 2 2 2 2 2 2 2
left_child=3 2 -2 4 5 -1 -6 -3 -9
right_child=1 7 -4 -5 6 -7 -8 8 -10
leaf_value=0.00019830803386867041 1.4805354439886281e-05 9.9735340442445413e-05 -0.00021026324882934041 -0.00011520033958731802 -9.2625720779843893e-05 -6.8966477556386966e-06 1.4534963193198011e-05 -0.00010037085938330909 8.5068137883863309e-07
leaf_weight=15.000000000000002 10.000000000000002 11.999999999999998 10.999999999999998 9.9999999999999982 13.999999999999998 11.999999999999998 92 10.999999999999998 343
leaf_count=15 10 12 11 10 14 12 92 11 343
internal_value=0 -4.60029e-06 -0.000103088 1.24497e-05 2.20475e-05 0.000107106 3.81665e-07 1.05062e-06 -2.29462e-06
internal_weight=0 387 21 143 133 27 106 366 354
internal_count=530 387 21 143 133 27 106 366 354
is_linear=0
shrinkage=0.1


Tree=836
num_leaves=6
num_cat=0
split_feature=43 15 32 80 20
split_gain=3.01432e-06 1.10644e-05 4.24467e-06 1.86477e-05 8.71641e-06
threshold=6.4800257426481824 6.4800257426481824 5.1179758838799021 1.1226292989011639 4.4367340276668159
decision_type=2 2 2 2 2
left_child=1 2 4 -4 -1
right_child=-2 -3 3 -5 -6
leaf_value=3.9062848037127471e-06 5.1801715744659309e-05 -0.00010526719415793195 -3.9083210643953999e-05 0.000137825724827549 -3.7105513689250267e-05
leaf_weight=426 10.999999999999998 9.9999999999999982 13.000000000000002 10.999999999999998 59
leaf_count=426 11 10 13 11 59
internal_value=0 -1.09792e-06 9.48631e-07 4.20001e-05 -1.08278e-06
internal_weight=0 519 509 24 485
internal_count=530 519 509 24 485
is_linear=0
shrinkage=0.1


Tree=837
num_leaves=8
num_cat=0
split_feature=92 0 92 53 89 22 103
split_gain=3.11947e-06 1.13777e-05 6.56911e-06 2.03406e-05 4.45842e-06 1.73735e-05 1.61079e-05
threshold=4.2344969400280812 4.4826034013851794 4.0866108836452506 1.5843840630196182 0.22974486851048764 6.0037773156930498 6.1903133062787319
decision_type=2 2 2 2 2 2 2
left_child=2 -2 4 -4 6 -6 -1
right_child=1 -3 3 -5 5 -7 -8
leaf_value=-1.6894790954640686e-05 -0.0001079515321180224 3.9428822242371103e-05 0.00013319661910437777 -4.0514890245573886e-05 -4.268689274150954e-05 2.6008639800158009e-05 6.8842190254751287e-05
leaf_weight=252 11.000000000000002 9.9999999999999982 14.000000000000002 12.999999999999998 48 158 24
leaf_count=252 11 10 14 13 48 158 24
internal_value=0 -3.77704e-05 1.55831e-06 4.95577e-05 -1.13046e-06 1.00019e-05 -9.4394e-06
internal_weight=0 21 509 27 482 206 276
internal_count=530 21 509 27 482 206 276
is_linear=0
shrinkage=0.1


Tree=838
num_leaves=7
num_cat=0
split_feature=74 79 74 2 2 27
split_gain=3.00787e-06 8.84118e-06 8.00442e-06 5.47679e-06 2.88422e-05 1.30316e-05
threshold=1.3169711144742442 2.602003343538398 1.0841115373326031 5.7667560492893086 5.905358135785149 1.0000000180025095e-35
decision_type=2 2 2 2 2 2
left_child=2 -2 3 5 -5 -1
right_child=1 -3 -4 4 -6 -7
leaf_value=8.4218003790738298e-05 9.4730146459672416e-05 -2.938709488530962e-05 -7.9060129525907136e-05 -0.00014040960976368903 8.5780173119726698e-07 -2.1503023194311716e-06
leaf_weight=25 12.000000000000002 10.999999999999998 12.999999999999998 14.999999999999998 396 58
leaf_count=25 12 11 13 15 396 58
internal_value=0 3.53697e-05 -1.60454e-06 4.33761e-07 -4.29794e-06 2.38642e-05
internal_weight=0 23 507 494 411 83
internal_count=530 23 507 494 411 83
is_linear=0
shrinkage=0.1


Tree=839
num_leaves=10
num_cat=0
split_feature=9 51 51 104 2 102 86 86 103
split_gain=3.1425e-06 2.48136e-05 3.90304e-05 1.40701e-05 1.93974e-05 1.33169e-05 8.34489e-06 9.49757e-06 3.46959e-06
threshold=1.2424533248940006 2.3502401828962087 0.34657359027997314 1.2212453270876714e-15 7.0609031579534198 2.602003343538398 0.68763835309583687 0.59222352234340792 4.6539149966267201
decision_type=2 2 2 2 2 2 2 2 2
left_child=1 2 5 4 -2 -1 7 -5 -8
right_child=3 -3 -4 6 -6 -7 8 -9 -10
leaf_value=2.6302317480546728e-05 0.00013940685226664163 0.00013010688300710171 -0.00021152656541248275 -5.2612068366104773e-06 -2.6649681967683139e-05 -7.0140282762374485e-05 -2.2717753781762434e-05 3.5555695538515347e-05 -0.0001060195179161383
leaf_weight=41 17.000000000000004 9.9999999999999982 10.999999999999998 328 11.999999999999998 22 10.000000000000002 69 9.9999999999999982
leaf_count=41 17 10 11 328 12 22 10 69 10
internal_value=0 -1.7743e-05 -3.77227e-05 3.34174e-06 7.06938e-05 -7.37605e-06 -1.34222e-06 1.83291e-06 -6.43686e-05
internal_weight=0 84 74 446 29 63 417 397 20
internal_count=530 84 74 446 29 63 417 397 20
is_linear=0
shrinkage=0.1


Tree=840
num_leaves=10
num_cat=0
split_feature=101 99 101 100 99 6 16 5 20
split_gain=3.13344e-06 2.71954e-05 2.00016e-05 1.62745e-05 3.36663e-05 2.08946e-05 1.55624e-05 2.67418e-05 1.99227e-05
threshold=2.740319461670996 2.8029010331479989 2.9174053685313028 3.8176519431297078 1.0000000180025095e-35 7.536596417682853 3.4498615536424366 2.602003343538398 3.3497501700808394
decision_type=2 2 2 2 2 2 2 2 2
left_child=1 6 -2 4 -4 -5 8 -8 -1
right_child=2 -3 3 5 -6 -7 7 -9 -10
leaf_value=1.2095444874083312e-06 -0.00012416811883407978 0.00014859535173785006 4.0466996680069383e-05 9.5038838844629941e-05 -0.00020694253325928005 -3.8151560625474497e-06 -0.00019887153190211392 -9.2322870151637574e-06 0.0001058403624483617
leaf_weight=202 13.999999999999998 12.999999999999998 11.000000000000002 24 10.999999999999998 196 9.9999999999999982 29 20
leaf_count=202 14 13 11 24 11 196 10 29 20
internal_value=0 7.4322e-06 -7.95478e-06 -1.23169e-06 -8.32378e-05 6.96892e-06 4.01087e-07 -5.78577e-05 1.06357e-05
internal_weight=0 274 256 242 22 220 261 39 222
internal_count=530 274 256 242 22 220 261 39 222
is_linear=0
shrinkage=0.1


Tree=841
num_leaves=10
num_cat=0
split_feature=96 89 44 102 57 13 1 17 37
split_gain=2.91648e-06 2.96748e-05 1.89948e-05 7.16467e-06 1.68264e-05 1.4123e-05 1.06101e-05 1.20289e-05 7.48946e-06
threshold=4.330646767694998 0.35192794872177058 2.0126758453675748 0.89587973461402759 0.40546510810476355 2.524928003624769 0.69314718055994551 1.4978661367769959 3.1567740231385479
decision_type=2 2 2 2 2 2 2 2 2
left_child=1 2 -1 4 -2 -6 7 -5 -8
right_child=3 -3 -4 6 5 -7 8 -9 -10
leaf_value=0.00014145925168122626 0.00015296649682568388 -0.00015676833484879656 -3.4229431817323076e-05 -5.0566763652918417e-06 -2.1633849448537349e-05 9.9967594276397285e-05 1.4123430405645735e-05 -0.00015094007569132375 -1.2946649918170074e-05
leaf_weight=10.000000000000002 9.9999999999999982 11.999999999999998 15.999999999999998 13.000000000000002 36 12.999999999999998 216 9.9999999999999982 194
leaf_count=10 10 12 16 13 36 13 216 10 194
internal_value=0 -2.66921e-05 3.33431e-05 2.06158e-06 3.4753e-05 1.06278e-05 -2.3929e-06 -6.84842e-05 1.31466e-06
internal_weight=0 38 26 492 59 49 433 23 410
internal_count=530 38 26 492 59 49 433 23 410
is_linear=0
shrinkage=0.1


Tree=842
num_leaves=10
num_cat=0
split_feature=99 101 89 45 2 99 51 0 49
split_gain=2.94079e-06 1.69289e-05 2.26049e-05 2.12726e-05 2.62508e-05 8.46674e-06 2.64609e-05 7.63577e-06 1.08611e-05
threshold=1.7046538063492797e-20 1.386294361119891 0.19942679443578884 1.700598690831078 4.330646767694998 1.1657341758564138e-15 1.2424533248940006 4.7357950894166834e-16 2.1383330595080285
decision_type=2 2 2 2 2 2 2 2 2
left_child=1 3 -3 -1 -5 6 -2 -7 -9
right_child=5 2 -4 4 -6 7 -8 8 -10
leaf_value=-9.0224432051400077e-05 -5.2859700493475715e-05 -0.00016513893487475189 8.4692878590431068e-06 0.00017895553747538626 6.2405045272581365e-06 6.3629997304006898e-05 0.00014636731270002202 -3.024629093138152e-05 7.3745182795954601e-06
leaf_weight=15.999999999999998 12.000000000000002 15.000000000000002 14.999999999999998 10.999999999999998 44 18 14.999999999999998 106 278
leaf_count=16 12 15 15 11 44 18 15 106 278
internal_value=0 -1.53519e-05 -7.83348e-05 1.12606e-05 4.07835e-05 3.61432e-06 5.7822e-05 -2.64945e-08 -3.01039e-06
internal_weight=0 101 30 71 55 429 27 402 384
internal_count=530 101 30 71 55 429 27 402 384
is_linear=0
shrinkage=0.1


Tree=843
num_leaves=15
num_cat=0
split_feature=72 47 36 92 34 29 33 8 83 20 78 68 102 38
split_gain=2.84654e-06 1.19248e-05 2.00695e-05 3.27987e-05 1.84216e-05 1.20615e-05 2.0302e-05 2.00187e-05 1.09752e-05 2.02798e-05 1.20969e-05 1.11092e-05 8.71674e-06 8.07489e-06
threshold=0.19014861820061882 2.0126758453675753 1.700598690831078 3.8720511086177325 6.0649412535860643 1.2424533248940006 1.0000000180025095e-35 3.0201273556387074 0.17647353646274655 2.9174053685313028 0.74738750205698046 3.2519801631689549 2.1383330595080285 4.330646767694998
decision_type=2 2 2 2 2 2 2 2 2 2 2 2 2 2
left_child=1 5 3 -3 -4 6 -1 -7 9 12 11 -10 -2 -12
right_child=8 2 4 -5 -6 7 -8 -9 10 -11 13 -13 -14 -15
leaf_value=3.461569119075824e-05 3.1388607385451896e-05 2.3752745861808455e-05 0.00013542899090680295 -0.00021005176701388941 -2.8155009578754305e-06 0.00016034110940381653 -0.0001292470183398109 2.6467459721626821e-05 -2.4752068367723202e-05 -4.5689772782174666e-05 -6.7556679297060905e-05 -0.00016687369788996877 0.00016038877140751786 8.0614663999189041e-06
leaf_weight=31 10.000000000000002 12.000000000000002 9.9999999999999982 11.999999999999998 267 15.999999999999998 9.9999999999999982 37 11.000000000000002 18 19 10.999999999999998 10.999999999999998 55
leaf_count=31 10 12 10 12 267 16 10 37 11 18 19 11 11 55
internal_value=0 4.28439e-06 -5.42537e-06 -9.31495e-05 2.17527e-06 3.53763e-05 -5.35082e-06 6.68821e-05 -1.25358e-05 3.21986e-05 -3.07092e-05 -9.58129e-05 9.89601e-05 -1.1354e-05
internal_weight=0 395 301 24 277 94 41 53 135 39 96 22 21 74
internal_count=530 395 301 24 277 94 41 53 135 39 96 22 21 74
is_linear=0
shrinkage=0.1


Tree=844
num_leaves=9
num_cat=0
split_feature=45 45 65 38 53 15 41 33
split_gain=2.87449e-06 2.24545e-05 2.23181e-05 2.02285e-05 1.16886e-05 1.12452e-05 7.5921e-06 1.37545e-05
threshold=3.3842466058243152 3.3140206880897671 2.5789985129466135 8.0591145210306667 3.412561619978375 2.249904835165133 3.4811217321331038 3.6505739029280164
decision_type=2 2 2 2 2 2 2 2
left_child=1 6 3 -2 5 -4 7 -1
right_child=2 -3 4 -5 -6 -7 -8 -9
leaf_value=-1.4484487356906699e-06 9.3117330106906565e-06 -0.00013967707030436335 9.3086186607251877e-05 0.00021045082088676283 0.00010239454437396489 -1.6731990138435756e-05 -7.8616661509537761e-05 0.00011229679036081177
leaf_weight=317 10.000000000000002 11.999999999999998 9.9999999999999982 9.9999999999999982 9.9999999999999982 138 11.999999999999998 10.999999999999998
leaf_count=317 10 12 10 10 10 138 12 11
internal_value=0 -5.23698e-06 1.03563e-05 0.000109881 -2.24182e-06 -9.31184e-06 -4.9204e-07 2.36618e-06
internal_weight=0 352 178 20 158 148 340 328
internal_count=530 352 178 20 158 148 340 328
is_linear=0
shrinkage=0.1


Tree=845
num_leaves=6
num_cat=0
split_feature=13 101 101 101 46
split_gain=2.84189e-06 7.40371e-06 6.48616e-06 1.8043e-05 7.47759e-06
threshold=5.3659650969185444 5.3149863963532926 4.791641144189394 4.6199495871088647 8.4756358473943063
decision_type=2 2 2 2 2
left_child=1 2 3 -1 -4
right_child=-2 -3 4 -5 -6
leaf_value=-1.1399397376117042e-06 -4.4455597006682575e-05 8.6413147655548528e-05 -7.5650478696764407e-05 0.00010379731829743833 1.9234316054140578e-05
leaf_weight=453 13.999999999999998 9.9999999999999982 23 17 12.999999999999998
leaf_count=453 14 10 23 17 13
internal_value=0 1.20616e-06 -4.77773e-07 2.65566e-06 -4.13865e-05
internal_weight=0 516 506 470 36
internal_count=530 516 506 470 36
is_linear=0
shrinkage=0.1


Tree=846
num_leaves=10
num_cat=0
split_feature=41 40 67 31 38 22 39 47 41
split_gain=2.79066e-06 2.67248e-05 2.46835e-05 2.46111e-05 1.88181e-05 1.80304e-05 1.76179e-05 1.29782e-05 7.87506e-06
threshold=3.1132683346437333 3.0201273556387074 3.5114340430413216 3.7726948748059121 8.1099756358206658 7.8244362585234226 3.8815106545092593 3.7726948748059121 2.8617925509761908
decision_type=2 2 2 2 2 2 2 2 2
left_child=3 -2 -3 6 -4 -5 7 -1 -7
right_child=1 2 4 5 -6 8 -8 -9 -10
leaf_value=4.20258823354367e-06 0.00013741314294748007 -0.00015407766128191724 7.3496901157860914e-05 -0.0001855614371985818 -7.2746743393420228e-06 3.2324365893146013e-05 0.00010900797504291404 -7.7819946091040046e-05 -9.0289651416242131e-05
leaf_weight=237 14.999999999999998 9.9999999999999982 35 11.999999999999998 164 10.000000000000002 14.999999999999998 21 10.999999999999998
leaf_count=237 15 10 35 12 164 10 15 21 11
internal_value=0 8.4811e-06 -7.724e-07 -6.20838e-06 6.93138e-06 -8.77782e-05 3.6517e-06 -2.47366e-06 -3.1902e-05
internal_weight=0 224 209 306 199 33 273 258 21
internal_count=530 224 209 306 199 33 273 258 21
is_linear=0
shrinkage=0.1


Tree=847
num_leaves=11
num_cat=0
split_feature=44 30 34 72 41 38 41 35 13 26
split_gain=3.11143e-06 1.61328e-05 2.03009e-05 1.93849e-05 1.329e-05 1.01595e-05 8.05829e-06 1.6667e-05 1.55243e-05 4.07089e-06
threshold=3.2384861814448418 7.4914760745935558 7.699812767097904 0.1597506537947983 2.8617925509761908 7.8244362585234226 3.1132683346437333 3.7494348669884658 3.3140206880897671 6.7867163136587552
decision_type=2 2 2 2 2 2 2 2 2 2
left_child=5 3 -3 9 -4 6 7 -1 -8 -2
right_child=1 2 4 -5 -6 -7 8 -9 -10 -11
leaf_value=-3.2498611326445828e-06 -2.6776959980038959e-05 -0.00011833572228040016 0.00010395244025158508 0.00017452936117479112 -3.9111106252676116e-07 -9.7462944177095784e-05 0.00013896571161405347 -0.00013518817941076124 -2.5502917863680827e-05 6.138026480130065e-05
leaf_weight=225 11.000000000000002 13.999999999999998 12.999999999999998 11.999999999999998 200 11.999999999999998 11.000000000000002 9.9999999999999982 11.999999999999998 9.9999999999999982
leaf_count=225 11 14 13 12 200 12 11 10 12 10
internal_value=0 7.80795e-06 -1.68961e-06 7.31396e-05 5.97727e-06 -7.51877e-06 -3.33532e-06 -8.86426e-06 5.3156e-05 1.52027e-05
internal_weight=0 260 227 33 213 270 258 235 23 21
internal_count=530 260 227 33 213 270 258 235 23 21
is_linear=0
shrinkage=0.1


Tree=848
num_leaves=5
num_cat=0
split_feature=43 42 44 36
split_gain=2.82198e-06 1.02484e-05 6.92407e-06 7.75265e-06
threshold=6.4800257426481824 9.6133219892231541 5.2257322209664565 5.0005339404374967
decision_type=2 2 2 2
left_child=1 2 3 -1
right_child=-2 -3 -4 -5
leaf_value=1.5795453337613391e-06 5.0121735760264783e-05 -0.00010131688250112348 6.7840230864627912e-05 -5.9150870914560407e-05
leaf_weight=472 10.999999999999998 9.9999999999999982 14.999999999999998 22
leaf_count=472 11 10 15 22
internal_value=0 -1.06231e-06 9.07328e-07 -1.12505e-06
internal_weight=0 519 509 494
internal_count=530 519 509 494
is_linear=0
shrinkage=0.1


Tree=849
num_leaves=8
num_cat=0
split_feature=42 47 36 50 34 34 38
split_gain=2.91952e-06 2.26625e-05 1.36051e-05 7.63806e-06 7.98277e-06 6.84156e-06 7.08404e-06
threshold=8.9404231003657895 4.9662804000109189 4.867504863781412 7.2214592484050657 9.119156665053497 8.9683302942775107 8.6586018407184806
decision_type=2 2 2 2 2 2 2
left_child=2 -2 5 -3 -5 6 -1
right_child=1 3 -4 4 -6 -7 -8
leaf_value=1.1580358155072192e-06 0.00015838938314118424 5.7213580003008243e-05 -9.9942510912244748e-05 -7.9097299107268228e-05 8.3802700154828251e-06 8.195212460123004e-05 -5.837046337546781e-05
leaf_weight=416 9.9999999999999982 14.999999999999998 13.999999999999998 17 27 9.9999999999999982 21
leaf_count=416 10 15 14 17 27 10 21
internal_value=0 1.91842e-05 -2.87139e-06 -4.40988e-06 -2.54179e-05 1.68869e-07 -1.7026e-06
internal_weight=0 69 461 59 44 447 437
internal_count=530 69 461 59 44 447 437
is_linear=0
shrinkage=0.1


Tree=850
num_leaves=12
num_cat=0
split_feature=23 27 16 19 8 19 69 19 95 20 54
split_gain=2.79736e-06 2.57507e-05 3.61516e-05 2.31709e-05 3.44377e-05 2.17251e-05 1.4455e-05 1.11281e-05 2.40565e-05 1.00087e-05 7.37276e-06
threshold=3.0201273556387078 2.9174053685313033 2.524928003624769 3.4811217321331038 2.740319461670996 3.0677824455408698 1.640206322902575 3.7012257604091228 2.1383330595080285 3.1984648276080736 1.0000000180025095e-35
decision_type=2 2 2 2 2 2 2 2 2 2 2
left_child=1 5 -3 4 6 9 -2 8 -5 -1 -9
right_child=3 2 -4 7 -6 -7 -8 10 -10 -11 -12
leaf_value=-1.2540695284613766e-05 7.2746214573271556e-05 1.2354175291525627e-06 -0.00025166876417642925 4.2264463263563796e-05 0.00018509984288624874 0.00013345180056300402 -9.3374055577442053e-05 -7.8069713278885257e-05 -0.00016774398318375461 6.7891656619715771e-05 5.6933273887633292e-06
leaf_weight=172 11.000000000000002 13.000000000000002 9.9999999999999982 10.000000000000002 17 11.999999999999998 9.9999999999999982 10.999999999999998 11.999999999999998 17 235
leaf_count=172 11 13 10 10 17 12 10 11 12 17 235
internal_value=0 -8.49128e-06 -0.000108723 6.21584e-06 7.92938e-05 2.97801e-06 -6.35868e-06 -4.14596e-06 -7.22856e-05 -5.30604e-06 1.94783e-06
internal_weight=0 224 23 306 38 201 21 268 22 189 246
internal_count=530 224 23 306 38 201 21 268 22 189 246
is_linear=0
shrinkage=0.1


Tree=851
num_leaves=10
num_cat=0
split_feature=86 14 89 66 32 70 64 42 69
split_gain=2.91869e-06 8.83391e-06 1.38916e-05 1.05889e-05 9.47736e-06 8.16229e-06 6.47461e-06 1.61484e-05 1.42197e-05
threshold=0.63109085467141146 9.158047031070609 0.26832255140569977 0.34657359027997309 3.3497501700808394 0.027788760828740138 1.0845268501847618 6.1002787324210326 0.9593767796217848
decision_type=2 2 2 2 2 2 2 2 2
left_child=5 2 4 -4 -2 -1 7 -7 -8
right_child=1 -3 3 -5 -6 6 8 -9 -10
leaf_value=-8.8333169829142715e-05 -5.4304942010606862e-05 -6.6826110659431759e-05 0.0001577977907965595 3.7633862633480351e-05 4.0808523481246089e-05 0.00012134405312411086 -0.00012208498625113862 -3.0541418943487646e-05 -1.3387774789073693e-06
leaf_weight=10.999999999999998 22 10.999999999999998 10.999999999999998 22 20 14.000000000000002 9.9999999999999982 13.999999999999998 395
leaf_count=11 22 11 11 22 20 14 10 14 395
internal_value=0 1.68616e-05 2.91358e-05 7.76885e-05 -9.01282e-06 -3.26598e-06 -1.10492e-06 4.54013e-05 -4.32017e-06
internal_weight=0 86 75 33 42 444 433 28 405
internal_count=530 86 75 33 42 444 433 28 405
is_linear=0
shrinkage=0.1


Tree=852
num_leaves=14
num_cat=0
split_feature=72 74 103 1 82 18 16 83 36 78 26 49 23
split_gain=2.93672e-06 8.65786e-06 1.6238e-05 1.41655e-05 7.87634e-06 1.33852e-05 1.26845e-05 7.75938e-06 1.58061e-05 1.02969e-05 1.02149e-05 7.43636e-06 6.86472e-06
threshold=0.19014861820061882 0.22683360496302116 4.945201156493737 1.8688348091416844 0.082529819652884986 4.8471850864775066 2.6735537653587347 0.17647353646274655 3.3140206880897671 0.87571351361104177 7.0761756490541474 4.2413008733233104 4.1971736807086968
decision_type=2 2 2 2 2 2 2 2 2 2 2 2 2
left_child=1 4 3 -3 5 -1 -6 8 -2 10 -9 -11 -10
right_child=7 2 -4 -5 6 -7 -8 9 12 11 -12 -13 -14
leaf_value=-9.9385738758428493e-05 9.0196920829935389e-05 9.7317675979204731e-05 0.00011592214575916604 -3.8056040928215504e-05 -9.0256342556803369e-05 1.3577172605630395e-05 -5.8724959407173414e-06 -0.00015413875675717874 -9.5755069633014463e-05 1.1345697828346601e-05 -3.0465701028708066e-05 -6.6614533147912885e-05 2.1417589014163241e-05
leaf_weight=10.999999999999998 19 10.999999999999998 19 26 23 226 79 11.000000000000002 10.000000000000002 52 17 15.999999999999998 9.9999999999999982
leaf_count=11 19 11 19 26 23 226 79 11 10 52 17 16 10
internal_value=0 4.35173e-06 4.07778e-05 2.1902e-06 -1.66556e-06 8.33417e-06 -2.49002e-05 -1.27328e-05 2.48812e-05 -2.80135e-05 -7.90515e-05 -6.99789e-06 -3.71687e-05
internal_weight=0 395 56 37 339 237 102 135 39 96 28 68 20
internal_count=530 395 56 37 339 237 102 135 39 96 28 68 20
is_linear=0
shrinkage=0.1


Tree=853
num_leaves=10
num_cat=0
split_feature=25 6 23 15 27 1 47 49 57
split_gain=3.37323e-06 1.39825e-05 9.19329e-06 1.60225e-05 1.35524e-05 8.80786e-06 9.97604e-06 1.56582e-05 5.50346e-06
threshold=2.8102520310824275e-16 4.330646767694998 0.34657359027997314 3.4152368433293397e-18 0.34657359027997314 2.249904835165133 2.3502401828962087 1.4978661367769959 2.223934134636361
decision_type=2 2 2 2 2 2 2 2 2
left_child=5 -2 3 -3 -4 6 7 -1 -7
right_child=1 2 4 -5 -6 8 -8 -9 -10
leaf_value=0.00014097457152435229 -0.0001144321440237532 1.4601695584133264e-05 0.00011837476849905216 -0.00013707776408689544 5.6249500405479424e-07 -8.706670749234033e-05 -2.9883464650573356e-05 5.248882670832031e-06 1.7847190101747404e-05
leaf_weight=17 10.999999999999998 15.000000000000002 9.9999999999999982 12.999999999999998 414 10.000000000000002 12.999999999999998 17 9.9999999999999982
leaf_count=17 11 15 10 13 414 10 13 17 10
internal_value=0 -3.03481e-06 -3.23816e-07 -5.58209e-05 3.34109e-06 2.09719e-05 4.46237e-05 7.31117e-05 -3.46098e-05
internal_weight=0 463 452 28 424 67 47 34 20
internal_count=530 463 452 28 424 67 47 34 20
is_linear=0
shrinkage=0.1


Tree=854
num_leaves=5
num_cat=0
split_feature=85 50 49 23
split_gain=2.95055e-06 5.53736e-06 9.35065e-06 4.54837e-06
threshold=0.69188692861401335 9.3980403144047564 4.4425820475484112 2.7058230259275202
decision_type=2 2 2 2
left_child=1 2 3 -1
right_child=-2 -3 -4 -5
leaf_value=-9.9684200745052542e-06 -4.9021640218901064e-05 6.1007780022919188e-05 -7.35503256745527e-05 9.7855205665351385e-06
leaf_weight=194 11.999999999999998 14.999999999999998 17 292
leaf_count=194 12 15 17 292
internal_value=0 1.13564e-06 -6.49815e-07 1.9002e-06
internal_weight=0 518 503 486
internal_count=530 518 503 486
is_linear=0
shrinkage=0.1


Tree=855
num_leaves=8
num_cat=0
split_feature=25 14 10 14 29 4 8
split_gain=3.01956e-06 1.15653e-05 1.07557e-05 8.15043e-06 7.99623e-06 6.48791e-06 1.1113e-05
threshold=2.8102520310824275e-16 4.8471850864775066 5.4227230155794315 5.5391444897808926 1.8214596497756478e-17 1.162264728904461e-16 2.9174053685313028
decision_type=2 2 2 2 2 2 2
left_child=4 -2 -3 -4 5 -1 -7
right_child=1 2 3 -5 -6 6 -8
leaf_value=-4.9948727829520499e-05 -0.00010418346187593256 8.9235965816232446e-05 -8.8053375524892044e-05 -8.7589285790357703e-07 8.1520103890397877e-05 6.5250045230166753e-05 -5.695679131101563e-05
leaf_weight=17 10.999999999999998 12.999999999999998 10.999999999999998 428 15.999999999999998 23 10.999999999999998
leaf_count=17 11 13 11 428 16 23 11
internal_value=0 -2.87132e-06 -4.05756e-07 -3.06029e-06 1.98421e-05 4.92117e-07 2.57125e-05
internal_weight=0 463 452 439 67 51 34
internal_count=530 463 452 439 67 51 34
is_linear=0
shrinkage=0.1


Tree=856
num_leaves=7
num_cat=0
split_feature=22 77 14 18 92 5
split_gain=2.84298e-06 9.09207e-06 7.62895e-06 7.94115e-06 5.67328e-06 4.38526e-06
threshold=4.8471850864775066 1.0000000180025095e-35 4.8471850864775066 5.4616545636185885 3.8523632917388531 1.4978661367769959
decision_type=2 2 2 2 2 2
left_child=1 -1 -2 -4 -5 -3
right_child=2 5 3 4 -6 -7
leaf_value=9.4633462364212252e-05 -8.109448475200528e-05 -3.7954087004739753e-05 8.3616469849155032e-05 -3.9363691284004177e-05 9.8935926995216684e-07 3.0924733073334211e-05
leaf_weight=12.999999999999998 11.999999999999998 18 10.999999999999998 38 419 19
leaf_count=13 12 18 11 38 419 19
internal_value=0 2.26926e-05 -2.36382e-06 -3.4508e-07 -2.36604e-06 -2.58388e-06
internal_weight=0 50 480 468 457 37
internal_count=530 50 480 468 457 37
is_linear=0
shrinkage=0.1


Tree=857
num_leaves=10
num_cat=0
split_feature=5 23 29 16 5 29 68 6 68
split_gain=2.93316e-06 1.25342e-05 2.39874e-05 1.71466e-05 1.23756e-05 1.1774e-05 6.96521e-06 1.5807e-05 8.23244e-06
threshold=1.2424533248940006 1.7917594692280556 2.249904835165133 2.524928003624769 1.4978661367769959 1.4978661367769959 2.6398624094963972 5.7120799114421201 2.9578707502732562
decision_type=2 2 2 2 2 2 2 2 2
left_child=1 2 5 -3 -2 -1 7 -6 -8
right_child=4 3 -4 -5 6 -7 8 -9 -10
leaf_value=-1.6595716937071978e-06 -9.9345445274733594e-05 4.302276871525323e-06 -0.00014024567208252849 0.00017847526440164076 -5.0587547775649002e-06 0.00011996670411463129 -5.6417041430125076e-05 0.00013550691401178482 -1.7953650629695748e-07
leaf_weight=39 12.999999999999998 13.000000000000002 10.999999999999998 9.9999999999999982 24 9.9999999999999982 28 11.999999999999998 370
leaf_count=39 13 13 11 10 24 10 28 12 370
internal_value=0 1.72641e-05 -6.79598e-06 8.00297e-05 -3.20565e-06 2.31621e-05 -3.25882e-07 4.17965e-05 -4.13594e-06
internal_weight=0 83 60 23 447 49 434 36 398
internal_count=530 83 60 23 447 49 434 36 398
is_linear=0
shrinkage=0.1


Tree=858
num_leaves=12
num_cat=0
split_feature=50 50 88 88 100 88 28 61 53 0 57
split_gain=2.60978e-06 1.08132e-05 8.83625e-06 3.53344e-05 2.31742e-05 8.7227e-06 1.7451e-05 1.60688e-05 8.54181e-06 1.75335e-05 1.63207e-05
threshold=5.8215644129176907 5.9518752981694396 0.2493053510117233 0.30484392240904995 1.0986122886681102 0.14064083802960775 3.7012257604091228 0.30273327561163416 1.2403550728974653 2.524928003624769 1.8239285224305608
decision_type=2 2 2 2 2 2 2 2 2 2 2
left_child=5 -2 4 -4 -3 8 7 -7 9 -1 -10
right_child=1 2 3 -5 -6 6 -8 -9 10 -11 -12
leaf_value=4.0859204399465753e-05 -9.0659414906570296e-05 -0.00013390786426801548 0.0001901257511979731 3.8929538667933073e-06 -5.0796769111984044e-06 -7.8794972211783591e-05 -0.00010663864517255207 4.6529829983467752e-05 0.00017881088482681664 -9.871736359248946e-05 2.6754835926112722e-05
leaf_weight=36 13.999999999999998 14.999999999999998 10.999999999999998 138 202 13.999999999999998 15.999999999999998 38 9.9999999999999982 11.999999999999998 24
leaf_count=36 14 15 11 138 202 14 16 38 10 12 24
internal_value=0 -4.40877e-06 -1.10957e-06 1.76417e-05 -1.39849e-05 1.11689e-05 -1.5312e-05 1.27885e-05 3.31286e-05 5.96506e-06 7.14772e-05
internal_weight=0 380 366 149 217 150 68 52 82 48 34
internal_count=530 380 366 149 217 150 68 52 82 48 34
is_linear=0
shrinkage=0.1


Tree=859
num_leaves=11
num_cat=0
split_feature=5 4 75 23 28 5 102 37 7 41
split_gain=2.69036e-06 1.08455e-05 1.83932e-05 1.0782e-05 1.41583e-05 1.00206e-05 8.95058e-06 5.72061e-06 3.00582e-05 2.18489e-05
threshold=1.2424533248940006 1.162264728904461e-16 5.1851968899119256e-17 3.4152368433293397e-18 7.5894152073985326e-18 1.4978661367769959 1.9732479539236187e-17 3.1567740231385479 3.0201273556387078 3.1132683346437333
decision_type=2 2 2 2 2 2 2 2 2 2
left_child=1 3 -3 4 -1 -2 -5 9 -9 -7
right_child=5 2 -4 6 -6 7 -8 8 -10 -11
leaf_value=-2.1803096976890671e-05 -8.9580273757187227e-05 0.00014813476534202762 -4.6933042995078725e-06 -0.00013624114304548125 0.00012276644119992852 5.6921923563717332e-07 -2.4459441192448139e-06 -0.00012032814398559784 9.9917865104993774e-07 0.0001075955730427614
leaf_weight=21.000000000000004 12.999999999999998 13.999999999999998 18 10.000000000000002 9.9999999999999982 208 9.9999999999999982 23 182 21
leaf_count=21 13 14 18 10 10 208 10 23 182 21
internal_value=0 1.65342e-05 6.2169e-05 -1.20994e-05 2.48322e-05 -3.0701e-06 -6.93435e-05 -4.78784e-07 -1.26132e-05 1.03839e-05
internal_weight=0 83 32 51 31 447 20 434 205 229
internal_count=530 83 32 51 31 447 20 434 205 229
is_linear=0
shrinkage=0.1


Tree=860
num_leaves=10
num_cat=0
split_feature=51 51 50 53 91 61 51 21 51
split_gain=2.83903e-06 2.67943e-05 8.08883e-06 1.71002e-05 1.00124e-05 1.0555e-05 7.90002e-06 9.54674e-06 8.30696e-06
threshold=4.8081027000528378 4.7140145363037149 8.7949003355510769 3.2619313371723346 1.0000000180025095e-35 2.4926226823477564 4.5325416796595226 3.3140206880897671 4.2555875595453383
decision_type=2 2 2 2 2 2 2 2 2
left_child=1 6 3 -2 -4 -6 8 -8 -1
right_child=2 -3 4 -5 5 -7 7 -9 -10
leaf_value=-1.9162910944105728e-06 -0.00016480901918839659 0.00016505689041878212 9.2423100213636657e-05 2.0124741467952845e-05 -0.00010401644183068791 5.2582515450517859e-06 -0.00012476783952231261 6.980809187304907e-06 4.7156649261045176e-05
leaf_weight=374 10.000000000000002 9.9999999999999982 9.9999999999999982 9.9999999999999982 10.999999999999998 45 11.000000000000002 10.999999999999998 38
leaf_count=374 10 10 10 10 11 45 11 11 38
internal_value=0 3.22111e-06 -1.66299e-05 -7.23421e-05 2.52598e-07 -1.62064e-05 -5.07828e-07 -5.88935e-05 2.60985e-06
internal_weight=0 444 86 20 66 56 434 22 412
internal_count=530 444 86 20 66 56 434 22 412
is_linear=0
shrinkage=0.1


Tree=861
num_leaves=11
num_cat=0
split_feature=4 54 57 45 89 35 9 60 13 100
split_gain=2.94261e-06 8.77596e-06 8.08167e-06 1.12796e-05 1.0451e-05 9.83174e-06 7.69114e-06 2.72256e-05 1.21998e-05 5.38765e-06
threshold=4.6490840411708527 4.5900436644025815 3.2952977231565357 3.5114340430413216 0.25411493024883131 3.7494348669884658 3.7726948748059121 4.2714061020169298 3.7726948748059121 5.7853612818482238
decision_type=2 2 2 2 2 2 2 2 2 2
left_child=1 6 9 5 -5 -4 8 -8 -1 -2
right_child=2 -3 3 4 -6 -7 7 -9 -10 -11
leaf_value=-5.7249177063731164e-07 -2.4111362593733545e-05 8.4088609527008468e-05 9.7801319250059109e-06 0.00013429969112621618 -6.9513044350473635e-06 -9.7418950495661448e-05 0.00016830098223484432 -1.3796142985274157e-05 -0.00011243230546824634 -0.00012349628872470933
leaf_weight=390 12.000000000000002 12.999999999999998 22 10.000000000000002 10.999999999999998 13.999999999999998 11.999999999999998 26 9.9999999999999982 9.9999999999999982
leaf_count=390 12 13 22 10 11 14 12 26 10 10
internal_value=0 3.11856e-06 -1.78034e-05 2.0672e-06 6.03111e-05 -3.19084e-05 7.15336e-07 4.37082e-05 -3.36899e-06 -6.92863e-05
internal_weight=0 451 79 57 21 36 438 38 400 22
internal_count=530 451 79 57 21 36 438 38 400 22
is_linear=0
shrinkage=0.1


Tree=862
num_leaves=13
num_cat=0
split_feature=97 3 87 86 89 49 53 70 53 28 3 85
split_gain=2.74527e-06 2.12625e-05 8.48123e-06 2.11493e-05 1.8978e-05 7.93214e-06 2.19249e-05 3.01339e-05 1.22773e-05 1.41796e-05 1.16498e-05 6.61568e-06
threshold=2.7058230259275202 3.0201273556387078 0.52226169627124419 0.28989573464372648 0.35192794872177058 2.1383330595080285 1.6568253193173701 2.8054163065627864 1.5119428067218552 3.9796379800581989 3.3497501700808394 0.10864525163407342
decision_type=2 2 2 2 2 2 2 2 2 2 2 2
left_child=1 2 4 -4 -1 6 7 -2 9 -7 -10 -8
right_child=5 -3 3 -5 -6 8 11 -9 10 -11 -12 -13
leaf_value=3.9523324967926233e-05 1.5536007655706877e-05 0.0001384339266830163 8.1342705291745272e-06 -0.00013854726509764857 -4.1742159079322375e-05 1.3362204073056697e-05 -4.2231982418646416e-05 -0.00017196374945342542 6.7804205868656828e-05 0.00011682346675490193 -1.8972318388858735e-05 4.8097064383910039e-05
leaf_weight=91 14.999999999999998 11.999999999999998 33 13.999999999999998 42 60 11.999999999999998 20 17 17 172 25
leaf_count=91 15 12 33 14 42 60 12 20 17 17 172 25
internal_value=0 9.54911e-06 9.56784e-07 -3.55581e-05 1.38605e-05 -5.42434e-06 -3.48693e-05 -9.16067e-05 2.54573e-06 3.62043e-05 -1.1167e-05 1.88012e-05
internal_weight=0 192 180 47 133 338 72 35 266 77 189 37
internal_count=530 192 180 47 133 338 72 35 266 77 189 37
is_linear=0
shrinkage=0.1


Tree=863
num_leaves=10
num_cat=0
split_feature=22 22 18 57 61 14 16 65 50
split_gain=2.68085e-06 7.86063e-06 7.64032e-06 4.42095e-05 1.78353e-05 1.51447e-05 6.78819e-06 6.5184e-06 4.26141e-06
threshold=4.8471850864775066 1.0000000180025095e-35 5.6185859816918615 0.67163091077141346 1.0577877482447482 5.6732701237373151 1.162264728904461e-16 1.8503793398678348 6.3296954855368641
decision_type=2 2 2 2 2 2 2 2 2
left_child=1 6 3 -2 -5 -4 8 -7 -1
right_child=2 -3 5 4 -6 7 -8 -9 -10
leaf_value=5.2578793574039895e-06 -0.00021241667167156599 7.4902774971027017e-05 0.00010349879433176415 0.00011530843015255714 -6.5517409893800505e-05 -4.6360559609902637e-05 6.0613083333009862e-05 1.2299685890447839e-06 -8.2764939493658456e-05
leaf_weight=11.000000000000002 10.999999999999998 18 13.999999999999998 12.000000000000002 9.9999999999999982 31 9.9999999999999982 402 10.999999999999998
leaf_count=11 11 18 14 12 10 31 10 402 11
internal_value=0 2.20361e-05 -2.29542e-06 -4.8729e-05 3.31149e-05 1.13256e-06 -7.70146e-06 -2.17721e-06 -3.87535e-05
internal_weight=0 50 480 33 22 447 32 433 22
internal_count=530 50 480 33 22 447 32 433 22
is_linear=0
shrinkage=0.1


Tree=864
num_leaves=10
num_cat=0
split_feature=49 50 3 3 5 95 49 50 57
split_gain=2.55119e-06 1.58929e-05 8.92395e-06 8.94157e-06 1.4206e-05 1.00203e-05 7.10014e-06 1.03695e-05 6.20015e-06
threshold=2.8617925509761908 7.8244362585234226 2.4414009612931857 3.3497501700808394 2.249904835165133 3.3140206880897671 2.6735537653587347 5.8215644129176907 1.8239285224305608
decision_type=2 2 2 2 2 2 2 2 2
left_child=1 6 -2 4 -4 -5 7 -1 -8
right_child=2 -3 3 5 -6 -7 8 -9 -10
leaf_value=1.3723092827053158e-05 -7.5434371440981837e-05 9.7245376754371036e-05 -1.3949556887382639e-07 -4.6620035082182938e-05 0.00014583638087060536 4.4585059945399184e-06 0.00011316309930407439 -2.6772067582151627e-05 4.3667467087454335e-06
leaf_weight=142 18 18 20.000000000000004 54 9.9999999999999982 133 10.000000000000002 114 10.999999999999998
leaf_count=142 18 18 20 54 10 133 10 114 11
internal_value=0 6.19236e-06 -7.77338e-06 -2.16095e-06 4.85191e-05 -1.02914e-05 2.75555e-07 -4.30991e-06 5.61745e-05
internal_weight=0 295 235 217 30 187 277 256 21
internal_count=530 295 235 217 30 187 277 256 21
is_linear=0
shrinkage=0.1


Tree=865
num_leaves=10
num_cat=0
split_feature=22 18 47 22 56 77 8 32 0
split_gain=2.51894e-06 6.98107e-06 2.90317e-05 1.74066e-05 1.0273e-05 6.85517e-06 5.10626e-06 3.09668e-06 3.6075e-06
threshold=4.8471850864775066 5.6039197429949557 2.4414009612931857 5.5154246272451131 5.0398460361630876e-20 1.0000000180025095e-35 2.524928003624769 1.0000000180025095e-35 2.249904835165133
decision_type=2 2 2 2 2 2 2 2 2
left_child=5 2 -2 -4 -3 -1 -6 8 -7
right_child=1 4 3 -5 6 7 -8 -9 -10
leaf_value=8.3827625181024472e-05 -0.00018805283092660825 0.00010111204683198594 0.00011391925901989449 -7.2663760074647148e-05 -2.1781415659442399e-05 -1.9381975157144049e-05 4.3019073128234174e-06 -3.7668365101645971e-05 5.9901036183873661e-05
leaf_weight=12.999999999999998 10.000000000000002 9.9999999999999982 10.000000000000002 9.9999999999999982 96 11.000000000000002 344 13.999999999999998 11.999999999999998
leaf_count=13 10 10 10 10 96 11 344 14 12
internal_value=0 -2.22503e-06 -4.89324e-05 2.06277e-05 8.88802e-07 2.13603e-05 -1.389e-06 -5.87741e-07 2.19831e-05
internal_weight=0 480 30 20 450 50 440 37 23
internal_count=530 480 30 20 450 50 440 37 23
is_linear=0
shrinkage=0.1


Tree=866
num_leaves=9
num_cat=0
split_feature=7 57 0 6 16 25 3 74
split_gain=2.77862e-06 1.44529e-05 1.11536e-05 2.07318e-05 1.09594e-05 1.36729e-05 8.6837e-06 8.56607e-06
threshold=2.249904835165133 0.67163091077141346 2.524928003624769 6.5560373146472513 3.4498615536424366 2.9700856263602158 2.1383330595080281 0.60429867647836233
decision_type=2 2 2 2 2 2 2 2
left_child=4 -2 7 -4 5 6 -1 -3
right_child=1 2 3 -5 -6 -7 -8 -9
leaf_value=-2.7195874123110896e-06 -0.00011274559268107016 5.9680942790278509e-05 -0.00014341173876098105 -3.556259303870564e-06 -8.1045295034224787e-05 0.00012065409170342417 6.1430356296253961e-05 -4.2851489997701722e-05
leaf_weight=112 11.999999999999998 44 10.999999999999998 291 11.999999999999998 11.999999999999998 26 9.9999999999999982
leaf_count=112 12 44 11 291 12 12 26 10
internal_value=0 -4.80408e-06 -1.1656e-06 -8.65033e-06 1.0913e-05 1.82696e-05 9.36663e-06 4.06935e-05
internal_weight=0 368 356 302 162 150 138 54
internal_count=530 368 356 302 162 150 138 54
is_linear=0
shrinkage=0.1


Tree=867
num_leaves=8
num_cat=0
split_feature=0 56 9 11 104 53 53
split_gain=2.60715e-06 1.45259e-05 7.4183e-06 1.53051e-05 1.43475e-05 4.88232e-06 7.91351e-06
threshold=4.7357950894166834e-16 0.8109302162163291 2.3502401828962087 7.1150767569361238e-19 1.5937771935536921e-17 1.0000000180025095e-35 0.53479999673981382
decision_type=2 2 2 2 2 2 2
left_child=2 -2 3 4 -1 -3 -7
right_child=1 5 -4 -5 -6 6 -8
leaf_value=-4.1614867325279195e-05 -0.00011644014884950594 5.5972829189461971e-05 -3.9653566758109568e-05 0.00010787730030929915 8.237041641093259e-05 -5.9124592371517796e-05 1.1871655434826871e-06
leaf_weight=28 10.999999999999998 14.999999999999998 18 19 13.999999999999998 23 402
leaf_count=28 11 15 18 19 14 23 402
internal_value=0 -2.93542e-06 1.67579e-05 3.34039e-05 -2.86439e-07 -9.78015e-08 -2.07676e-06
internal_weight=0 451 79 61 42 440 425
internal_count=530 451 79 61 42 440 425
is_linear=0
shrinkage=0.1


Tree=868
num_leaves=10
num_cat=0
split_feature=62 16 24 12 54 47 53 1 70
split_gain=2.55405e-06 9.20884e-06 2.6439e-05 1.05785e-05 8.51206e-06 7.62919e-06 1.06906e-05 6.09431e-06 4.78524e-06
threshold=4.0859410030639109 4.4005842009683471 4.7360445312007302 4.234001473612734 4.3819485035697312 3.7494348669884658 3.4581187465193355 4.0517471391904856 4.2146051295059177
decision_type=2 2 2 2 2 2 2 2 2
left_child=1 3 -3 7 -2 -6 -7 -1 -4
right_child=4 2 8 -5 5 6 -8 -9 -10
leaf_value=-9.4844822767074149e-07 -0.00010356577753555031 0.00017265043995090917 -3.336715932451433e-05 -7.4811305957585953e-05 -6.2981478240544685e-05 -1.1148114208481276e-05 0.00010988954582444421 6.2018277867537114e-05 4.9510899539613592e-05
leaf_weight=391 9.9999999999999982 11.999999999999998 19.000000000000004 19 14.999999999999998 27 9.9999999999999982 15.999999999999998 10.999999999999998
leaf_count=391 10 12 19 19 15 27 10 16 11
internal_value=0 2.52667e-06 4.72012e-05 -1.87785e-06 -1.90723e-05 -2.82357e-06 2.15648e-05 1.5269e-06 -2.97854e-06
internal_weight=0 468 42 426 62 52 37 407 30
internal_count=530 468 42 426 62 52 37 407 30
is_linear=0
shrinkage=0.1


Tree=869
num_leaves=6
num_cat=0
split_feature=37 35 38 3 37
split_gain=2.6275e-06 7.67079e-06 7.95024e-06 1.3792e-05 1.09096e-05
threshold=5.4160905255636633 6.1125453256829685 9.158047031070609 4.1510089048756029 4.3241107269113215
decision_type=2 2 2 2 2
left_child=1 2 4 -4 -1
right_child=-2 -3 3 -5 -6
leaf_value=-9.0336562881289767e-07 -4.8363825970392848e-05 8.0047363492970669e-05 1.2724062227269831e-05 -0.000133374410658386 7.8447119105678421e-05
leaf_weight=463 10.999999999999998 11.999999999999998 14.000000000000002 11.999999999999998 18
leaf_count=463 11 12 14 12 18
internal_value=0 1.02505e-06 -8.45298e-07 -5.4706e-05 2.06609e-06
internal_weight=0 519 507 26 481
internal_count=530 519 507 26 481
is_linear=0
shrinkage=0.1


Tree=870
num_leaves=12
num_cat=0
split_feature=97 3 8 64 49 4 70 53 9 3 101
split_gain=2.58504e-06 1.67372e-05 7.18695e-06 1.44037e-05 7.05307e-06 1.72512e-05 2.07177e-05 9.83056e-06 1.1659e-05 8.34665e-06 7.00297e-06
threshold=2.7058230259275202 2.9700856263602162 3.3140206880897671 3.1300296806630548 2.1383330595080285 4.0342014792848504 2.8054163065627864 1.5119428067218674 3.1567740231385479 3.3497501700808394 4.1190041246092024
decision_type=2 2 2 2 2 2 2 2 2 2 2
left_child=1 2 3 -1 5 6 -2 8 -6 -9 -7
right_child=4 -3 -4 -5 7 10 -8 9 -10 -11 -12
leaf_value=4.652567739968379e-06 1.8768085002799732e-05 0.00011882450761242161 6.7565011340775535e-05 -9.8153853711361702e-05 2.5718030783536964e-06 9.1247077883357006e-05 -0.00011611324462724189 5.6565713234971664e-05 8.2272184226894754e-05 -1.6924237684981884e-05 -1.9216249513027088e-05
leaf_weight=149 18 12.999999999999998 14.999999999999998 14.999999999999998 50 12.000000000000002 31 17 29 170 10.999999999999998
leaf_count=149 18 13 15 15 50 12 31 17 29 170 11
internal_value=0 9.26624e-06 1.3095e-06 -4.75046e-06 -5.26366e-06 -3.30292e-05 -6.6565e-05 2.25181e-06 3.18289e-05 -1.02433e-05 3.84168e-05
internal_weight=0 192 179 164 338 72 49 266 79 187 23
internal_count=530 192 179 164 338 72 49 266 79 187 23
is_linear=0
shrinkage=0.1


Tree=871
num_leaves=9
num_cat=0
split_feature=25 10 1 47 22 89 10 10
split_gain=2.4701e-06 8.89369e-06 7.46643e-06 7.29896e-06 1.23907e-05 7.14905e-06 7.11208e-06 5.25333e-06
threshold=2.8102520310824275e-16 4.5217294998350539 1.700598690831078 2.3502401828962087 1.0000000180025095e-35 0.028591544580249383 5.4227230155794315 5.6039197429949557
decision_type=2 2 2 2 2 2 2 2
left_child=2 -2 3 4 -1 -4 -3 -8
right_child=1 6 5 -5 -6 -7 7 -9
leaf_value=6.8246982274493854e-06 -8.7563561767941195e-05 7.5617943669688742e-05 -8.4268065984360852e-05 -2.2789113559569657e-05 0.00013986974372528493 1.9194281305638417e-05 -6.503317339453274e-05 -5.0144870626777258e-07
leaf_weight=14.000000000000002 11.999999999999998 11.999999999999998 11.000000000000002 10.999999999999998 13.999999999999998 17 12.999999999999998 426
leaf_count=14 12 12 11 11 14 17 13 426
internal_value=0 -2.59697e-06 1.79462e-05 4.62318e-05 7.33472e-05 -2.14516e-05 -3.36215e-07 -2.41241e-06
internal_weight=0 463 67 39 28 28 451 439
internal_count=530 463 67 39 28 28 451 439
is_linear=0
shrinkage=0.1


Tree=872
num_leaves=9
num_cat=0
split_feature=22 19 22 43 33 35 38 72
split_gain=2.45769e-06 6.59194e-06 6.13436e-06 4.54513e-06 7.78836e-06 6.52582e-06 4.53013e-06 2.479e-06
threshold=4.8471850864775066 3.4152368433293397e-18 5.4616545636185885 1.0000000180025095e-35 0.69314718055994551 1.4571677198205182e-16 6.1783958649385831 0.1597506537947983
decision_type=2 2 2 2 2 2 2 2
left_child=1 6 -2 4 -4 -5 7 -1
right_child=2 -3 3 5 -6 -7 -8 -9
leaf_value=-6.2143579937886279e-05 -6.5140423733585834e-05 6.9511778699254335e-05 1.4103215480212211e-05 5.8813983368963821e-05 -6.9286797695629806e-05 2.8148522176252298e-07 4.9674174319989107e-05 5.2717469952767724e-06
leaf_weight=12.000000000000002 14.999999999999998 18 21 20 24 400 9.9999999999999982 9.9999999999999982
leaf_count=12 15 18 21 20 24 400 10 10
internal_value=0 2.1099e-05 -2.19781e-06 -1.67402e-07 -3.03715e-05 3.06875e-06 -6.13324e-06 -3.15002e-05
internal_weight=0 50 480 465 45 420 32 22
internal_count=530 50 480 465 45 420 32 22
is_linear=0
shrinkage=0.1


Tree=873
num_leaves=10
num_cat=0
split_feature=5 53 0 101 101 45 44 100 51
split_gain=2.30081e-06 1.20117e-05 8.4776e-06 4.67992e-06 1.23692e-05 9.11503e-06 1.18081e-05 6.21652e-06 5.60352e-06
threshold=4.7621374077860157 3.2886655146990402 5.7163726239213508 4.5379471377116305 4.3819485035697312 3.2769667020129059 4.1820210059610323 5.7698810594618948 5.6780422514550422
decision_type=2 2 2 2 2 2 2 2 2
left_child=3 -2 -3 4 7 8 -7 -1 -5
right_child=1 2 -4 5 -6 6 -8 -9 -10
leaf_value=3.5547881233423945e-06 -0.00010098742079138062 7.6921930379588344e-05 -4.7746670461492619e-05 -5.0017305366054633e-05 -9.0772071756267301e-05 0.00015819402839724713 1.5918006647552831e-05 -7.2601308982649991e-05 4.3949656140863561e-05
leaf_weight=419 12.999999999999998 12.000000000000002 9.9999999999999982 15.000000000000002 14.999999999999998 10.000000000000002 13.999999999999998 10.999999999999998 10.999999999999998
leaf_count=419 13 12 10 15 15 10 14 11 11
internal_value=0 -2.47783e-05 2.02544e-05 1.752e-06 -1.50728e-06 3.07596e-05 7.51997e-05 1.60661e-06 -1.02621e-05
internal_weight=0 35 22 495 445 50 24 430 26
internal_count=530 35 22 495 445 50 24 430 26
is_linear=0
shrinkage=0.1


Tree=874
num_leaves=5
num_cat=0
split_feature=65 13 9 99
split_gain=2.32563e-06 5.30111e-06 4.92237e-06 5.43259e-06
threshold=5.3344645682746181 5.3659650969185444 4.9765196656826882 3.8815106545092593
decision_type=2 2 2 2
left_child=1 2 3 -1
right_child=-2 -3 -4 -5
leaf_value=2.0027763422030665e-06 4.7767620926606469e-05 -6.9600843099496248e-05 6.3852892769015546e-05 -3.7826450013223652e-05
leaf_weight=460 9.9999999999999982 10.999999999999998 11.999999999999998 37
leaf_count=460 10 11 12 37
internal_value=0 -9.18608e-07 5.65684e-07 -9.62377e-07
internal_weight=0 520 509 497
internal_count=530 520 509 497
is_linear=0
shrinkage=0.1


Tree=875
num_leaves=7
num_cat=0
split_feature=99 5 24 11 15 7
split_gain=2.29282e-06 4.4183e-06 5.38258e-06 3.70766e-06 8.3753e-06 6.5919e-06
threshold=5.1444770070688017 4.7621374077860157 4.2972622671762819 5.0369315191558419 5.4636881475041514 4.8081027000528378
decision_type=2 2 2 2 2 2
left_child=1 3 -3 5 -5 -1
right_child=-2 2 -4 4 -6 -7
leaf_value=1.0452614797589564e-06 4.5178774532608013e-05 -8.4217350117147089e-07 -9.4319160284199327e-05 8.948303217039212e-05 -6.3636396479330765e-07 -5.5095534976730552e-05
leaf_weight=424 10.999999999999998 14.000000000000002 10.999999999999998 14.999999999999998 33 22
leaf_count=424 11 14 11 15 33 22
internal_value=0 -9.57546e-07 -4.1972e-05 1.11809e-06 2.75259e-05 -1.72402e-06
internal_weight=0 519 25 494 48 446
internal_count=530 519 25 494 48 446
is_linear=0
shrinkage=0.1


Tree=876
num_leaves=12
num_cat=0
split_feature=35 35 39 33 44 43 47 37 40 40 45
split_gain=2.0978e-06 1.48771e-05 1.14383e-05 1.72041e-05 2.12087e-05 8.09105e-06 2.06478e-05 9.96692e-06 6.24455e-06 1.02568e-05 4.30981e-06
threshold=2.7058230259275202 2.9174053685313033 2.0126758453675753 1.700598690831078 2.740319461670996 3.2769667020129059 2.9174053685313033 2.1383330595080285 3.0677824455408698 2.6735537653587347 2.1383330595080285
decision_type=2 2 2 2 2 2 2 2 2 2 2
left_child=2 -2 8 -4 -5 6 -3 -7 9 -1 -10
right_child=1 5 3 4 -6 7 -8 -9 10 -11 -12
leaf_value=8.876487879454297e-06 0.00010221013166301419 -2.6242185109974039e-07 -0.00013842153207709393 7.6012610406905878e-05 -7.3909284654528966e-05 9.9661181758909322e-05 -0.00016618542817013805 2.502499726432353e-06 0.00010440835918416267 -7.6814298245153631e-05 1.3700994102030316e-05
leaf_weight=110 14.999999999999998 30 14.999999999999998 15.999999999999998 23 10.999999999999998 9.9999999999999982 263 10.000000000000002 15.999999999999998 10.999999999999998
leaf_count=110 15 30 15 16 23 11 10 263 10 16 11
internal_value=0 4.91749e-06 -8.04903e-06 -4.74081e-05 -1.24029e-05 2.69756e-07 -4.17432e-05 6.40303e-06 6.40938e-06 -2.00488e-06 5.6895e-05
internal_weight=0 329 201 54 39 314 40 274 147 126 21
internal_count=530 329 201 54 39 314 40 274 147 126 21
is_linear=0
shrinkage=0.1


Tree=877
num_leaves=10
num_cat=0
split_feature=88 92 49 15 50 67 53 88 49
split_gain=2.11583e-06 1.36795e-05 1.47304e-05 1.2937e-05 9.17893e-06 6.69229e-06 8.56614e-06 1.55721e-05 1.38972e-05
threshold=0.56926050640888715 3.917948300682744 3.9019216517693867 2.602003343538398 8.104850396881865 1.2424533248940004 1.1382560993414053 0.48190259902034888 4.6630384352293905
decision_type=2 2 2 2 2 2 2 2 2
left_child=5 3 4 -2 -3 -1 7 -7 -8
right_child=1 2 -4 -5 -6 6 8 -9 -10
leaf_value=6.0067101139793527e-05 -2.0744078028656077e-06 -1.0251216323152991e-05 8.2653755881827761e-05 0.00011996895819289708 -9.9045747047057377e-05 -1.4817941730870723e-05 1.1031763681815197e-05 -0.00012621767494920278 -7.7759384906752737e-05
leaf_weight=15.999999999999998 15.999999999999998 52 13.999999999999998 19 14.999999999999998 121 244 13.999999999999998 19
leaf_count=16 16 52 14 19 15 121 244 14 19
internal_value=0 1.19364e-05 -1.0637e-05 6.41777e-05 -3.01306e-05 -3.3445e-06 -5.89371e-06 -2.63705e-05 4.61719e-06
internal_weight=0 116 81 35 67 414 398 135 263
internal_count=530 116 81 35 67 414 398 135 263
is_linear=0
shrinkage=0.1


Tree=878
num_leaves=6
num_cat=0
split_feature=37 35 38 98 37
split_gain=2.2361e-06 6.48199e-06 6.11883e-06 1.0273e-05 9.89465e-06
threshold=5.4160905255636633 6.1125453256829685 9.158047031070609 3.4175922930736511 4.3241107269113215
decision_type=2 2 2 2 2
left_child=1 2 4 -4 -1
right_child=-2 -3 3 -5 -6
leaf_value=-1.0475173601401624e-06 -4.461640184713774e-05 7.3586986074284749e-05 1.6685202353983183e-06 -0.00012753530798363501 7.4521879731845626e-05
leaf_weight=463 10.999999999999998 11.999999999999998 16.000000000000004 9.9999999999999982 18
leaf_count=463 11 12 16 10 18
internal_value=0 9.45627e-07 -7.73695e-07 -4.80253e-05 1.78044e-06
internal_weight=0 519 507 26 481
internal_count=530 519 507 26 481
is_linear=0
shrinkage=0.1


Tree=879
num_leaves=6
num_cat=0
split_feature=65 28 25 48 30
split_gain=2.1118e-06 4.51566e-06 4.1363e-06 1.02537e-05 8.58731e-06
threshold=5.3344645682746181 5.7163726239213508 4.3241107269113215 1.8688348091416842 8.9683302942775107
decision_type=2 2 2 2 2
left_child=1 2 4 -4 -1
right_child=-2 -3 3 -5 -6
leaf_value=8.8499170798304323e-07 4.5518762126448566e-05 -6.1507128339144399e-05 0.00011347274359484966 1.98847752527041e-06 -6.1791448230075701e-05
leaf_weight=441 9.9999999999999982 11.999999999999998 10.999999999999998 33 23
leaf_count=441 10 12 11 33 23
internal_value=0 -8.75361e-07 5.56886e-07 2.98595e-05 -2.22181e-06
internal_weight=0 520 508 44 464
internal_count=530 520 508 44 464
is_linear=0
shrinkage=0.1


Tree=880
num_leaves=8
num_cat=0
split_feature=42 47 36 39 49 34 38
split_gain=2.15654e-06 1.6175e-05 9.23965e-06 6.28961e-06 7.292e-06 3.8781e-06 5.55965e-06
threshold=8.9404231003657895 4.9662804000109189 4.867504863781412 5.2094712223428914 3.3140206880897671 8.9683302942775107 8.5681665189468355
decision_type=2 2 2 2 2 2 2
left_child=2 -2 5 -3 -5 6 -1
right_child=1 3 -4 4 -6 -7 -8
leaf_value=1.5231163261865378e-06 0.00013409247010713444 -6.1981703480081969e-05 -8.2463581679803621e-05 4.3230782127163061e-05 -4.216244194443183e-05 6.1611497076228259e-05 -4.532482222788093e-05
leaf_weight=410 9.9999999999999982 13.999999999999998 13.999999999999998 30 14.999999999999998 9.9999999999999982 27
leaf_count=410 10 14 14 30 15 10 27
internal_value=0 1.64879e-05 -2.46783e-06 -3.44503e-06 1.47664e-05 3.76341e-08 -1.37138e-06
internal_weight=0 69 461 59 45 447 437
internal_count=530 69 461 59 45 447 437
is_linear=0
shrinkage=0.1


Tree=881
num_leaves=7
num_cat=0
split_feature=89 65 89 53 56 50
split_gain=2.09638e-06 7.29509e-06 3.14926e-06 8.94075e-06 5.5375e-06 5.04451e-06
threshold=0.68437450589092885 2.716824689651856 0.67383840827011465 1.7833487763553098 1.0000000180025095e-35 9.3980403144047564
decision_type=2 2 2 2 2 2
left_child=2 -2 4 -4 -1 -6
right_child=1 -3 3 -5 5 -7
leaf_value=6.7247658686634779e-05 8.1458873095331132e-05 -2.088855690089986e-05 -0.00010160494950303635 2.9042287478660002e-05 -3.4317742338396883e-06 5.5509886054399739e-05
leaf_weight=11.999999999999998 13.000000000000002 14.999999999999998 11.000000000000002 9.9999999999999982 454 14.999999999999998
leaf_count=12 13 15 11 10 454 15
internal_value=0 2.66299e-05 -1.48533e-06 -3.9392e-05 1.69636e-07 -1.54665e-06
internal_weight=0 28 502 21 481 469
internal_count=530 28 502 21 481 469
is_linear=0
shrinkage=0.1


Tree=882
num_leaves=15
num_cat=0
split_feature=72 6 30 20 47 33 65 9 11 19 48 79 61 98
split_gain=2.09383e-06 6.38986e-06 1.32173e-05 1.3644e-05 6.23481e-06 1.18557e-05 2.18575e-05 1.85751e-05 7.39153e-06 2.09671e-05 5.77087e-06 5.25228e-06 9.96484e-06 6.06155e-06
threshold=0.19014861820061882 7.472784916384879 7.1252196590781418 2.9700856263602158 2.0126758453675753 3.1567740231385479 2.2453670957356713 2.9700856263602158 3.8815106545092593 2.8029010331479989 4.3241107269113215 3.0201273556387074 2.1042023391457207 4.3437210834879627
decision_type=2 2 2 2 2 2 2 2 2 2 2 2 2 2
left_child=4 2 3 -2 8 7 -7 -6 9 -1 -10 12 -3 -13
right_child=1 11 -4 -5 5 6 -8 -9 10 -11 -12 13 -14 -15
leaf_value=1.7523628594062759e-05 8.5708834859007989e-06 2.4285991094075145e-05 8.9320998540642904e-05 -0.00011960267773247323 -6.7044620091110126e-06 0.00014383353021306297 3.9627489676615679e-06 -0.00010017726811013374 -7.1326797236300374e-05 0.0001623237978492398 3.1531943986919944e-05 5.5482985970394842e-05 -9.3827438482549038e-05 -4.3714694480253722e-05
leaf_weight=60 49 9.9999999999999982 15.999999999999998 9.9999999999999982 100 11.999999999999998 162 27 12.000000000000002 11.999999999999998 9.9999999999999982 11.000000000000002 25 13.999999999999998
leaf_count=60 49 10 16 10 100 12 162 27 12 12 10 11 25 14
internal_value=0 -1.07514e-05 8.70777e-06 -1.31534e-05 3.67452e-06 -3.34639e-06 1.3609e-05 -2.65766e-05 2.61564e-05 4.1657e-05 -2.45728e-05 -3.50753e-05 -6.00807e-05 -6.77151e-08
internal_weight=0 135 75 59 395 301 174 127 94 72 22 60 35 25
internal_count=530 135 75 59 395 301 174 127 94 72 22 60 35 25
is_linear=0
shrinkage=0.1


Tree=883
num_leaves=13
num_cat=0
split_feature=80 19 19 15 99 10 5 97 48 53 87 52
split_gain=2.00798e-06 6.0089e-06 2.07641e-05 1.01478e-05 8.64178e-06 8.63671e-06 6.95411e-06 5.97076e-06 1.4926e-05 1.02478e-05 1.36599e-05 8.23597e-06
threshold=0.56423262590889556 4.5538214868689204 4.3502571242716384 4.7405652883788738 2.740319461670996 8.8684732016442744 4.0163424379838117 1.2424533248940006 9.4867690092481657e-19 1.3424540464535542 0.32239255231084707 3.1462473185396322
decision_type=2 2 2 2 2 2 2 2 2 2 2 2
left_child=1 2 6 4 -3 -5 -1 8 -2 10 -9 -11
right_child=7 3 -4 5 -6 -7 -8 9 -10 11 -12 -13
leaf_value=-8.1535256330206838e-06 0.00013936937744305888 -2.5386582565261047e-05 0.00010584196275481697 7.1551195816771902e-05 -0.00015685353962908267 -3.1587521950695515e-05 6.9621110712129544e-05 2.0420808339068849e-06 -2.9435291035042615e-05 8.3575592680062985e-05 -0.00012620277602064351 5.7775499371828223e-06
leaf_weight=274 11.000000000000002 10.000000000000002 18 10.999999999999998 9.9999999999999982 31 11.999999999999998 23 9.9999999999999982 15.999999999999998 12.999999999999998 91
leaf_count=274 11 10 18 11 10 31 12 23 10 16 13 91
internal_value=0 -4.12024e-06 1.66626e-06 -3.24928e-05 -9.11201e-05 -4.575e-06 -4.89025e-06 9.19517e-06 5.89862e-05 1.8832e-06 -4.42686e-05 1.74109e-05
internal_weight=0 366 304 62 20 42 286 164 21 143 36 107
internal_count=530 366 304 62 20 42 286 164 21 143 36 107
is_linear=0
shrinkage=0.1


Tree=884
num_leaves=6
num_cat=0
split_feature=37 23 31 35 73
split_gain=1.86518e-06 6.12067e-06 3.27019e-06 2.1152e-05 8.7994e-06
threshold=5.4160905255636633 6.1125453256829685 4.6959141240107813 4.7405652883788738 1.3045120539345581e-15
decision_type=2 2 2 2 2
left_child=1 2 3 -1 -4
right_child=-2 -3 4 -5 -6
leaf_value=-6.6148437267116561e-07 -4.0748351602815097e-05 7.4662806318056863e-05 -4.7341109701490133e-06 0.00013988255342899886 -9.075233348474805e-05
leaf_weight=404 10.999999999999998 10.999999999999998 79 10.999999999999998 13.999999999999998
leaf_count=404 11 11 79 11 14
internal_value=0 8.63645e-07 -7.34368e-07 3.06378e-06 -1.76831e-05
internal_weight=0 519 508 415 93
internal_count=530 519 508 415 93
is_linear=0
shrinkage=0.1


Tree=885
num_leaves=5
num_cat=0
split_feature=13 3 2 98
split_gain=1.833e-06 4.33682e-06 4.1737e-06 4.10958e-06
threshold=5.3659650969185444 6.059865067854056 9.412013838488722 4.4484992763719129
decision_type=2 2 2 2
left_child=1 2 3 -1
right_child=-2 -3 -4 -5
leaf_value=-1.1035648885442659e-06 -3.5702956984096092e-05 6.3085626044829214e-05 -6.4345683840656419e-05 4.2184299530598093e-05
leaf_weight=472 13.999999999999998 10.999999999999998 9.9999999999999982 23
leaf_count=472 14 11 10 23
internal_value=0 9.68685e-07 -3.84358e-07 9.0779e-07
internal_weight=0 516 505 495
internal_count=530 516 505 495
is_linear=0
shrinkage=0.1


Tree=886
num_leaves=13
num_cat=0
split_feature=2 45 37 22 36 81 8 4 69 69 12 52
split_gain=1.80229e-06 8.11284e-06 1.27933e-05 1.08402e-05 2.53729e-05 6.53048e-06 6.20791e-06 1.7448e-05 1.36371e-05 6.67095e-06 1.80558e-05 6.62318e-06
threshold=5.6185859816918615 2.4414009612931857 2.1383330595080285 4.8471850864775066 1.700598690831078 1.3704200066501007 2.524928003624769 2.740319461670996 2.7935390597270717 2.9126867914300196 2.9700856263602158 2.9311048556253598
decision_type=2 2 2 2 2 2 2 2 2 2 2 2
left_child=1 3 -3 5 -5 -1 7 8 -2 10 -8 -11
right_child=6 2 -4 4 -6 -7 9 -9 -10 11 -12 -13
leaf_value=0.00010306757467333223 -2.1726264685016822e-05 0.00014796555042266842 5.4216350717444375e-06 -0.00016038736481884062 3.1972197788832091e-05 -1.1216981511097403e-05 -1.6909817364457442e-05 -0.00012391660345504837 0.00010279341484420001 -4.1694487278748842e-05 0.00013275666715344416 4.3653856818416575e-06
leaf_weight=10.000000000000002 73 10.000000000000002 17 12.000000000000002 15.999999999999998 9.9999999999999982 19 14.999999999999998 9.9999999999999982 35 13.999999999999998 289
leaf_count=10 73 10 17 12 16 10 19 15 10 35 14 289
internal_value=0 1.43631e-05 5.82157e-05 -1.03039e-05 -5.04676e-05 4.59253e-05 -2.36755e-06 -2.46616e-05 -6.72389e-06 3.75237e-06 4.65851e-05 -6.10218e-07
internal_weight=0 75 27 48 28 20 455 98 83 357 33 324
internal_count=530 75 27 48 28 20 455 98 83 357 33 324
is_linear=0
shrinkage=0.1


Tree=887
num_leaves=9
num_cat=0
split_feature=86 86 2 17 30 32 20 43
split_gain=1.81348e-06 5.76519e-06 5.45092e-06 8.32677e-06 5.96216e-06 2.9448e-06 1.78837e-05 1.29677e-05
threshold=0.63109085467141146 0.60309373993985582 8.9404231003657895 3.7012257604091228 6.8674505948844944 3.4175922930736511 3.1132683346437333 4.2268071048866842
decision_type=2 2 2 2 2 2 2 2
left_child=1 5 3 4 -2 7 -7 -1
right_child=2 -3 -4 -5 -6 6 -8 -9
leaf_value=-1.7412490706731132e-06 -1.3367500209174717e-05 -7.0944583664337799e-05 8.2696370882331407e-05 -6.2591106980107726e-05 4.9370522933576002e-05 -0.00010477753615608283 -1.0027200810977125e-07 7.0687408728125383e-05
leaf_weight=211 28 11.999999999999998 9.9999999999999982 14.999999999999998 33 18 175 28
leaf_count=211 28 12 10 15 33 18 175 28
internal_value=0 -2.5744e-06 1.32911e-05 4.15882e-06 2.05727e-05 -6.7523e-07 -9.86292e-06 6.74412e-06
internal_weight=0 444 86 76 61 432 193 239
internal_count=530 444 86 76 61 432 193 239
is_linear=0
shrinkage=0.1


Tree=888
num_leaves=9
num_cat=0
split_feature=41 37 30 88 45 2 57 31
split_gain=1.82311e-06 1.43866e-05 1.26315e-05 9.81779e-06 9.78404e-06 8.49146e-06 7.95909e-06 6.57222e-06
threshold=4.135134555718313 4.135134555718313 8.7819392060842816 0.015992802156241357 4.0942056540395164 8.4939240406580563 2.4791869664663539 4.1971736807086968
decision_type=2 2 2 2 2 2 2 2
left_child=1 4 -2 5 7 -4 -5 -1
right_child=2 -3 3 6 -6 -7 -8 -9
leaf_value=-3.5938978224573401e-06 0.00010410260225538738 -0.00012104627927328693 -5.7601549749299675e-06 9.2074929852969924e-06 -9.7541864452068704e-05 9.6179265081166085e-05 -9.4037345434117015e-05 2.7431950331768298e-05
leaf_weight=347 12.999999999999998 9.9999999999999982 22 14.000000000000002 9.9999999999999982 12.999999999999998 15.999999999999998 85
leaf_count=347 13 10 22 14 10 13 16 85
internal_value=0 -2.43639e-06 1.41186e-05 -3.87824e-06 2.47092e-07 3.21031e-05 -4.58564e-05 2.51073e-06
internal_weight=0 452 78 65 442 35 30 432
internal_count=530 452 78 65 442 35 30 432
is_linear=0
shrinkage=0.1


Tree=889
num_leaves=8
num_cat=0
split_feature=81 81 76 76 89 50 11
split_gain=1.75291e-06 4.73546e-06 6.07274e-06 6.06996e-06 3.62421e-06 3.56913e-06 2.43556e-06
threshold=1.4295702167865769 1.2147089813181282 1.0754252284321966 0.89717339639650306 0.63872327784652427 6.9294861326874058 0.69314718055994573
decision_type=2 2 2 2 2 2 2
left_child=1 2 3 -1 5 6 -2
right_child=4 -3 -4 -5 -6 -7 -8
leaf_value=-2.6640062562113725e-07 2.8398469617564435e-05 -6.4031200236058797e-05 6.9805810562684206e-05 -6.9611498922593176e-05 -3.8360418166121235e-05 6.1504033491425954e-05 -3.1327864813978195e-05
leaf_weight=435 18.000000000000004 11.999999999999998 11.999999999999998 12.999999999999998 9.9999999999999982 19 10.999999999999998
leaf_count=435 18 12 12 13 10 19 11
internal_value=0 -2.01597e-06 -3.98183e-07 -2.27865e-06 1.64058e-05 2.78155e-05 5.74365e-06
internal_weight=0 472 460 448 58 48 29
internal_count=530 472 460 448 58 48 29
is_linear=0
shrinkage=0.1


Tree=890
num_leaves=7
num_cat=0
split_feature=89 14 92 17 63 84
split_gain=1.83046e-06 5.63057e-06 2.90345e-06 3.39481e-06 1.73902e-05 6.00091e-06
threshold=0.68437450589092885 7.9355850814437998 4.2647637620524463 3.9415346756528771 4.8903208612686422 0.67531773170116216
decision_type=2 2 2 2 2 2
left_child=2 -2 3 5 -5 -1
right_child=1 -3 -4 4 -6 -7
leaf_value=-1.1345620997232723e-06 -1.3951687446933645e-05 7.6664279595206616e-05 -5.2197992111111745e-05 0.00014192143949912862 1.0686596691760917e-06 -5.6014815016256072e-05
leaf_weight=389 16.000000000000004 11.999999999999998 10.999999999999998 9.9999999999999982 71 21
leaf_count=389 16 12 11 10 71 21
internal_value=0 2.48837e-05 -1.38794e-06 -2.49626e-07 1.84579e-05 -3.9455e-06
internal_weight=0 28 502 491 81 410
internal_count=530 28 502 491 81 410
is_linear=0
shrinkage=0.1


Tree=891
num_leaves=6
num_cat=0
split_feature=5 32 61 5 98
split_gain=1.72032e-06 7.30497e-06 3.76799e-06 2.83929e-06 3.52555e-06
threshold=5.24435769543829 5.7163726239213508 4.7731581320414262 4.7621374077860157 4.4484992763719129
decision_type=2 2 2 2 2
left_child=1 3 -2 4 -1
right_child=2 -3 -4 -5 -6
leaf_value=-1.2687484203428276e-06 1.4635261104558589e-05 8.5755253967363383e-05 -7.2174806846305727e-05 -4.4963411353039979e-05 3.7288941421138595e-05
leaf_weight=461 10.000000000000002 9.9999999999999982 9.9999999999999982 13.999999999999998 25
leaf_count=461 10 10 10 14 25
internal_value=0 1.12823e-06 -2.87698e-05 -5.64314e-07 7.14672e-07
internal_weight=0 510 20 500 486
internal_count=530 510 20 500 486
is_linear=0
shrinkage=0.1


Tree=892
num_leaves=7
num_cat=0
split_feature=99 88 103 24 88 103
split_gain=1.72646e-06 3.0503e-06 1.39941e-05 8.12179e-06 6.60837e-06 7.45801e-06
threshold=5.1444770070688017 0.56926050640888715 5.7698810594618948 3.2769667020129059 0.53003753148509369 5.7104215351291225
decision_type=2 2 2 2 2 2
left_child=1 4 3 -3 5 -1
right_child=-2 2 -4 -5 -6 -7
leaf_value=3.6848906894661151e-06 3.9203704165464101e-05 2.5565522355464056e-05 0.00010728131736479035 -3.2219480732068368e-05 -6.4108418316916673e-05 -3.5197813272604658e-05
leaf_weight=330 10.999999999999998 56 13.999999999999998 43 18 58
leaf_count=330 11 56 14 43 18 58
internal_value=0 -8.30907e-07 1.37006e-05 4.66986e-07 -4.8754e-06 -2.12747e-06
internal_weight=0 519 113 99 406 388
internal_count=530 519 113 99 406 388
is_linear=0
shrinkage=0.1


Tree=893
num_leaves=9
num_cat=0
split_feature=89 88 46 88 50 47 46 89
split_gain=1.64881e-06 1.23892e-05 8.25844e-06 8.88418e-06 8.11812e-06 8.51058e-06 1.65172e-05 1.05194e-05
threshold=0.56689715819657438 0.44588797597619106 8.9683302942775107 0.27765751993965909 9.3980403144047564 4.6774800307930642 8.3890118165967387 0.25411493024883131
decision_type=2 2 2 2 2 2 2 2
left_child=4 2 3 -2 5 6 -1 -7
right_child=1 -3 -4 -5 -6 7 -8 -9
leaf_value=-7.1930863712540858e-06 2.4365813302933814e-05 0.00011148121927610853 -7.1570708392495617e-05 -5.9668602383074667e-05 7.4781773191017031e-05 1.5765348437338725e-06 -9.9067101490661678e-05 7.981085125562538e-05
leaf_weight=287 78 10.999999999999998 13.999999999999998 14.999999999999998 12.999999999999998 68 21 23
leaf_count=287 78 11 14 15 13 68 21 23
internal_value=0 1.04221e-05 3.28456e-08 1.08119e-05 -2.98497e-06 -5.51872e-06 -1.34572e-05 2.135e-05
internal_weight=0 118 107 93 412 399 308 91
internal_count=530 118 107 93 412 399 308 91
is_linear=0
shrinkage=0.1


Tree=894
num_leaves=15
num_cat=0
split_feature=72 16 100 82 56 9 47 23 19 76 39 39 33 12
split_gain=1.69529e-06 5.85442e-06 8.72165e-06 7.11766e-06 1.05341e-05 6.98641e-06 5.24508e-06 9.48595e-06 2.08178e-05 8.72023e-06 6.73471e-06 1.46955e-05 9.9287e-06 4.45335e-06
threshold=0.19014861820061882 3.0201273556387074 4.3882378946731615 2.8617925434761911 2.9894428824505614 1.2424533248940006 2.0126758453675753 2.7058230259275202 2.524928003624769 0.16143078978647724 0.69314718055994573 7.1150767569361238e-19 2.9174053685313028 4.0163424379838117
decision_type=2 2 2 2 2 2 2 2 2 2 2 2 2 2
left_child=6 3 -3 4 -2 -5 10 8 -8 -9 11 -1 -12 -4
right_child=1 2 13 5 -6 -7 7 9 -10 -11 12 -13 -14 -15
leaf_value=2.8693701346509085e-05 -1.507808738097083e-06 -0.00011779803957324476 8.2631989390656895e-06 2.5632348357855025e-05 9.896716130839423e-05 -7.6737629763859639e-05 -8.8162221525738651e-06 1.499928023151416e-05 -0.00015003088181121994 -3.6257409597055812e-05 8.7338465540856959e-05 -9.6461328575969679e-05 -2.4786734138615431e-05 -5.1379098095778669e-05
leaf_weight=43 30 9.9999999999999982 31 12.000000000000002 15.999999999999998 14.999999999999998 53 195 12.999999999999998 40 28 11.999999999999998 10.999999999999998 21
leaf_count=43 30 10 31 12 16 15 53 195 13 40 28 12 11 21
internal_value=0 -9.67421e-06 -3.22707e-05 9.51732e-06 3.344e-05 -3.12399e-05 3.30638e-06 -3.13322e-06 -3.66312e-05 6.27474e-06 2.39268e-05 1.38715e-06 5.57134e-05 -1.58231e-05
internal_weight=0 135 62 73 46 27 395 301 66 235 94 55 39 52
internal_count=530 135 62 73 46 27 395 301 66 235 94 55 39 52
is_linear=0
shrinkage=0.1


Tree=895
num_leaves=5
num_cat=0
split_feature=37 35 35 40
split_gain=1.7795e-06 4.44013e-06 4.5583e-06 4.10982e-06
threshold=5.4160905255636633 6.1125453256829685 5.74454174524233 5.1179758838799021
decision_type=2 2 2 2
left_child=1 2 3 -1
right_child=-2 -3 -4 -5
leaf_value=-7.0999687121527507e-07 -3.9801403810005556e-05 6.0964782460359859e-05 -5.9030047703764965e-05 5.0812953955414744e-05
leaf_weight=478 10.999999999999998 11.999999999999998 12.999999999999998 15.999999999999998
leaf_count=478 11 12 13 16
internal_value=0 8.43575e-07 -5.79412e-07 9.58763e-07
internal_weight=0 519 507 494
internal_count=530 519 507 494
is_linear=0
shrinkage=0.1


Tree=896
num_leaves=5
num_cat=0
split_feature=35 41 37 37
split_gain=1.80443e-06 4.65499e-06 3.73784e-06 6.43578e-06
threshold=6.4216103699850091 5.1297411325849991 4.6298509007569537 4.3241107269113215
decision_type=2 2 2 2
left_child=1 2 3 -1
right_child=-2 -3 -4 -5
leaf_value=-1.3191304315814006e-06 -3.5423626832198353e-05 6.2515493361085337e-05 -4.806482423873604e-05 5.6606755133543626e-05
leaf_weight=468 13.999999999999998 11.999999999999998 15.999999999999998 20
leaf_count=468 14 12 16 20
internal_value=0 9.61106e-07 -5.04474e-07 1.05488e-06
internal_weight=0 516 504 488
internal_count=530 516 504 488
is_linear=0
shrinkage=0.1


Tree=897
num_leaves=11
num_cat=0
split_feature=37 68 41 31 86 22 35 86 31 38
split_gain=1.62726e-06 1.60412e-05 1.14929e-05 1.55539e-05 1.35738e-05 1.2927e-05 1.2098e-05 6.61077e-06 7.53365e-06 6.97336e-06
threshold=3.1567740231385479 3.1455029678897288 3.1132683346437333 3.7726948748059121 0.022320104092382376 7.8244362585234226 3.4811217321331038 0.67071494108184804 4.8081027000528378 8.1099756358206658
decision_type=2 2 2 2 2 2 2 2 2 2
left_child=2 -2 3 6 -4 -5 -1 9 -9 -3
right_child=1 7 4 5 -6 -7 -8 8 -10 -11
leaf_value=-1.8561292330186684e-06 -0.00013040478079346941 4.5438306276212516e-05 4.6135145727449145e-06 -0.00015810066653846821 0.00014035603166680981 -1.3237402475039875e-05 6.7697612056300782e-05 -0.00011663024866720656 6.1186909991306494e-06 -4.1959686780968254e-06
leaf_weight=234 9.9999999999999982 35 17.000000000000004 11.000000000000002 12.999999999999998 13.999999999999998 28 10.000000000000002 9.9999999999999982 148
leaf_count=234 10 35 17 11 13 14 28 10 10 148
internal_value=0 -6.75975e-06 4.54204e-06 -1.61405e-06 6.34353e-05 -7.69772e-05 5.5771e-06 -6.68858e-07 -5.52558e-05 5.29693e-06
internal_weight=0 213 317 287 30 25 262 203 20 183
internal_count=530 213 317 287 30 25 262 203 20 183
is_linear=0
shrinkage=0.1


Tree=898
num_leaves=10
num_cat=0
split_feature=86 7 39 29 38 43 56 96 57
split_gain=1.76345e-06 5.14904e-06 7.10509e-06 1.18849e-05 5.2006e-06 4.77073e-06 4.36724e-06 5.89406e-06 3.71963e-06
threshold=0.61668663354228437 1.7917594692280556 3.8815106545092593 3.6505739029280164 7.4142614184158591 3.7012257604091228 9.7832305407871701e-20 3.8857805861880384e-15 0.67163091077141346
decision_type=2 2 2 2 2 2 2 2 2
left_child=6 4 5 -4 -2 -3 -1 -8 -9
right_child=1 2 3 -5 -6 -7 7 8 -10
leaf_value=-5.7595891796933893e-05 0.00010827905211044706 -8.1900968992461762e-06 0.00011914393015269355 -1.0265922001053695e-05 8.6376314522402197e-06 -8.7945793093240359e-05 7.141506668465974e-05 -3.1733388914290118e-05 3.5443439574936538e-07
leaf_weight=13.999999999999998 10.000000000000002 30 11.000000000000002 20 10.999999999999998 9.9999999999999982 10.999999999999998 40 373
leaf_count=14 10 30 11 20 11 10 11 40 373
internal_value=0 1.2586e-05 -2.80226e-07 3.56537e-05 5.60859e-05 -2.8129e-05 -2.64363e-06 -8.29165e-07 -2.75335e-06
internal_weight=0 92 71 31 21 40 438 424 413
internal_count=530 92 71 31 21 40 438 424 413
is_linear=0
shrinkage=0.1


Tree=899
num_leaves=11
num_cat=0
split_feature=61 42 21 4 8 13 19 8 9 61
split_gain=1.54734e-06 1.03646e-05 1.01292e-05 6.16763e-06 5.86915e-06 1.93596e-05 1.0455e-05 7.19552e-06 1.19598e-05 7.34091e-06
threshold=1.8214806459275565 8.1318150588007718 3.0201273556387074 1.4978661367769959 2.524928003624769 2.6735537653587347 3.1984648276080736 3.0201273556387074 2.1383330595080285 1.9109189711447931
decision_type=2 2 2 2 2 2 2 2 2 2
left_child=1 2 3 -1 5 6 -2 8 -6 -9
right_child=4 -3 -4 -5 7 -7 -8 9 -10 -11
leaf_value=-6.166958825803069e-06 -3.4279396840713341e-05 9.4245563825377476e-05 -9.6130329184234155e-05 4.8345875043666858e-05 -3.073620480588741e-05 -0.00015837624254345429 6.1032724966025858e-05 7.2539351458544848e-05 6.909597297837738e-05 -7.3812972061659822e-06
leaf_weight=73 41 12.999999999999998 9.9999999999999982 29 18 9.9999999999999982 15.999999999999998 11.999999999999998 36 272
leaf_count=73 41 13 10 29 18 10 16 12 36 272
internal_value=0 9.72585e-06 -8.44724e-08 9.33179e-06 -3.00181e-06 -3.00402e-05 -7.52512e-06 2.35788e-06 3.58186e-05 -4.00437e-06
internal_weight=0 125 112 102 405 67 57 338 54 284
internal_count=530 125 112 102 405 67 57 338 54 284
is_linear=0
shrinkage=0.1


end of trees

feature_importances:
month_cos=153
Mississippi_lag_12=140
Mississippi_lag_52=131
Maryland_current=127
Mississippi_lag_2=123
quarter_sin=123
Mississippi_lag_3=122
Missouri_lag_9=121
Florida_current=119
Missouri_lag_12=118
US_lag_52=118
Alabama_cumulative_mean=118
Alabama_roll_std_4=117
Alabama_roll_std_12=117
Pennsylvania_current=113
US_lag_6=112
month_sin=112
US_lag_10=110
West_Virginia_current=106
Missouri_lag_52=105
Alabama_roll_std_2=105
Missouri_lag_10=104
Mississippi_lag_7=103
Alabama_lag_9=99
Alabama_lag_12=96
Alabama_ewm_alpha_0.1=95
Mississippi_lag_5=94
Alabama_lag_10=94
Missouri_lag_8=93
US_lag_1=92
Missouri_lag_2=92
US_lag_12=92
US_lag_5=91
quarter_cos=91
Kansas_current=90
Mississippi_lag_10=88
US_lag_11=88
Mississippi_lag_9=87
Alabama_roll_std_8=87
Mississippi_current=87
Indiana_current=86
Mississippi_lag_1=85
Mississippi_lag_8=85
Alabama_lag_52=85
Alabama_pct_change_52=85
US_current=85
Missouri_lag_1=80
Mississippi_lag_6=80
Mississippi_lag_11=80
Alabama_ewm_alpha_0.5=80
Alabama_lag_5=79
US_lag_9=79
Mississippi_lag_4=78
Alabama_pct_change_1=78
Missouri_lag_6=77
Alabama_lag_1=76
US_lag_7=74
Missouri_lag_5=71
Alabama_lag_8=69
Alabama_lag_11=69
Arkansas_current=69
Missouri_current=68
US_lag_2=66
Missouri_lag_11=66
Missouri_lag_4=64
Missouri_lag_7=64
Missouri_lag_3=63
US_lag_8=63
Alabama_lag_6=61
Alabama_lag_3=60
Alabama_diff_8=59
Alabama_lag_7=57
Alabama_diff_4=57
Alabama_roll_mean_8=56
Alabama_roll_min_2=55
Alabama_lag_2=53
Alabama_roll_mean_2=52
Alabama_ewm_alpha_0.3=51
week_cos=51
US_lag_3=48
Alabama_lag_4=45
US_lag_4=45
Alabama_roll_mean_4=41
week_sin=37
Alabama_roll_mean_12=36
Alabama_roll_max_2=35
Alabama_momentum_12=34
Alabama_pct_change_2=32
Alabama_pct_change_4=32
Alabama_momentum_4=30
Alabama_pct_change_8=28
Alabama_roll_min_12=26
Alabama_diff_2=25
Alabama_roll_max_12=24
Alabama_diff_52=21
Alabama_roll_max_4=20
Alabama_roll_max_8=18
Alabama_roll_min_4=16
Alabama_momentum_8=15
Alabama_diff_1=13
Alabama_roll_min_8=12
is_flu_season=10
is_peak_flu=1

parameters:
[boosting: gbdt]
[objective: regression]
[metric: l1]
[tree_learner: serial]
[device_type: cpu]
[data_sample_strategy: bagging]
[data: ]
[valid: ]
[num_iterations: 900]
[learning_rate: 0.1]
[num_leaves: 16]
[num_threads: 16]
[seed: 0]
[deterministic: 0]
[force_col_wise: 0]
[force_row_wise: 0]
[histogram_pool_size: -1]
[max_depth: 4]
[min_data_in_leaf: 10]
[min_sum_hessian_in_leaf: 0.001]
[bagging_fraction: 1]
[pos_bagging_fraction: 1]
[neg_bagging_fraction: 1]
[bagging_freq: 0]
[bagging_seed: 3]
[feature_fraction: 1]
[feature_fraction_bynode: 1]
[feature_fraction_seed: 2]
[extra_trees: 0]
[extra_seed: 6]
[early_stopping_round: 0]
[first_metric_only: 0]
[max_delta_step: 0]
[lambda_l1: 0]
[lambda_l2: 0]
[linear_lambda: 0]
[min_gain_to_split: 0]
[drop_rate: 0.1]
[max_drop: 50]
[skip_drop: 0.5]
[xgboost_dart_mode: 0]
[uniform_drop: 0]
[drop_seed: 4]
[top_rate: 0.2]
[other_rate: 0.1]
[min_data_per_group: 100]
[max_cat_threshold: 32]
[cat_l2: 10]
[cat_smooth: 10]
[max_cat_to_onehot: 4]
[top_k: 20]
[monotone_constraints: ]
[monotone_constraints_method: basic]
[monotone_penalty: 0]
[feature_contri: ]
[forcedsplits_filename: ]
[refit_decay_rate: 0.9]
[cegb_tradeoff: 1]
[cegb_penalty_split: 0]
[cegb_penalty_feature_lazy: ]
[cegb_penalty_feature_coupled: ]
[path_smooth: 0]
[interaction_constraints: ]
[verbosity: -1]
[saved_feature_importance_type: 0]
[use_quantized_grad: 0]
[num_grad_quant_bins: 4]
[quant_train_renew_leaf: 0]
[stochastic_rounding: 1]
[linear_tree: 0]
[max_bin: 255]
[max_bin_by_feature: ]
[min_data_in_bin: 3]
[bin_construct_sample_cnt: 200000]
[data_random_seed: 1]
[is_enable_sparse: 1]
[enable_bundle: 1]
[use_missing: 1]
[zero_as_missing: 0]
[feature_pre_filter: 1]
[pre_partition: 0]
[two_round: 0]
[header: 0]
[label_column: ]
[weight_column: ]
[group_column: ]
[ignore_column: ]
[categorical_feature: ]
[forcedbins_filename: ]
[precise_float_parser: 0]
[parser_config_file: ]
[objective_seed: 5]
[num_class: 1]
[is_unbalance: 0]
[scale_pos_weight: 1]
[sigmoid: 1]
[boost_from_average: 1]
[reg_sqrt: 0]
[alpha: 0.9]
[fair_c: 1]
[poisson_max_delta_step: 0.7]
[tweedie_variance_power: 1.5]
[lambdarank_truncation_level: 30]
[lambdarank_norm: 1]
[label_gain: ]
[lambdarank_position_bias_regularization: 0]
[eval_at: ]
[multi_error_top_k: 1]
[auc_mu_weights: ]
[num_machines: 1]
[local_listen_port: 12400]
[time_out: 120]
[machine_list_filename: ]
[machines: ]
[gpu_platform_id: -1]
[gpu_device_id: -1]
[gpu_use_dp: 0]
[num_gpu: 1]

end of parameters

pandas_categorical:[]
