reference_date,horizon,target,target_end_date,location,output_type,output_type_id,value
2025-09-20,2,wk inc flu hosp,2025-10-11,01,quantile,0.01,15.433694139333554
2025-09-20,2,wk inc flu hosp,2025-10-11,01,quantile,0.025,15.433694139333554
2025-09-20,2,wk inc flu hosp,2025-10-11,01,quantile,0.05,15.433694139333554
2025-09-20,2,wk inc flu hosp,2025-10-11,01,quantile,0.1,15.433694139333554
2025-09-20,2,wk inc flu hosp,2025-10-11,01,quantile,0.15,15.433694139333554
2025-09-20,2,wk inc flu hosp,2025-10-11,01,quantile,0.2,15.433694139333554
2025-09-20,2,wk inc flu hosp,2025-10-11,01,quantile,0.25,15.433694139333554
2025-09-20,2,wk inc flu hosp,2025-10-11,01,quantile,0.3,15.433694139333554
2025-09-20,2,wk inc flu hosp,2025-10-11,01,quantile,0.35,15.433694139333554
2025-09-20,2,wk inc flu hosp,2025-10-11,01,quantile,0.4,15.433694139333554
2025-09-20,2,wk inc flu hosp,2025-10-11,01,quantile,0.45,15.433694139333554
2025-09-20,2,wk inc flu hosp,2025-10-11,01,quantile,0.5,15.433694139333554
2025-09-20,2,wk inc flu hosp,2025-10-11,01,quantile,0.55,15.433694139333554
2025-09-20,2,wk inc flu hosp,2025-10-11,01,quantile,0.6,15.433694139333554
2025-09-20,2,wk inc flu hosp,2025-10-11,01,quantile,0.65,15.433694139333554
2025-09-20,2,wk inc flu hosp,2025-10-11,01,quantile,0.7,15.433694139333554
2025-09-20,2,wk inc flu hosp,2025-10-11,01,quantile,0.75,15.433694139333554
2025-09-20,2,wk inc flu hosp,2025-10-11,01,quantile,0.8,15.433694139333554
2025-09-20,2,wk inc flu hosp,2025-10-11,01,quantile,0.85,15.433694139333554
2025-09-20,2,wk inc flu hosp,2025-10-11,01,quantile,0.9,15.433694139333554
2025-09-20,2,wk inc flu hosp,2025-10-11,01,quantile,0.95,15.433694139333554
2025-09-20,2,wk inc flu hosp,2025-10-11,01,quantile,0.975,15.433694139333554
2025-09-20,2,wk inc flu hosp,2025-10-11,01,quantile,0.99,15.433694139333554
2025-09-27,2,wk inc flu hosp,2025-10-18,01,quantile,0.01,14.869674479476704
2025-09-27,2,wk inc flu hosp,2025-10-18,01,quantile,0.025,14.869674479476704
2025-09-27,2,wk inc flu hosp,2025-10-18,01,quantile,0.05,14.869674479476704
2025-09-27,2,wk inc flu hosp,2025-10-18,01,quantile,0.1,14.869674479476704
2025-09-27,2,wk inc flu hosp,2025-10-18,01,quantile,0.15,14.869674479476704
2025-09-27,2,wk inc flu hosp,2025-10-18,01,quantile,0.2,14.869674479476704
2025-09-27,2,wk inc flu hosp,2025-10-18,01,quantile,0.25,14.869674479476704
2025-09-27,2,wk inc flu hosp,2025-10-18,01,quantile,0.3,14.869674479476704
2025-09-27,2,wk inc flu hosp,2025-10-18,01,quantile,0.35,14.869674479476704
2025-09-27,2,wk inc flu hosp,2025-10-18,01,quantile,0.4,14.869674479476704
2025-09-27,2,wk inc flu hosp,2025-10-18,01,quantile,0.45,14.869674479476704
2025-09-27,2,wk inc flu hosp,2025-10-18,01,quantile,0.5,14.869674479476704
2025-09-27,2,wk inc flu hosp,2025-10-18,01,quantile,0.55,14.869674479476704
2025-09-27,2,wk inc flu hosp,2025-10-18,01,quantile,0.6,14.869674479476704
2025-09-27,2,wk inc flu hosp,2025-10-18,01,quantile,0.65,14.869674479476704
2025-09-27,2,wk inc flu hosp,2025-10-18,01,quantile,0.7,14.869674479476704
2025-09-27,2,wk inc flu hosp,2025-10-18,01,quantile,0.75,14.869674479476704
2025-09-27,2,wk inc flu hosp,2025-10-18,01,quantile,0.8,14.869674479476704
2025-09-27,2,wk inc flu hosp,2025-10-18,01,quantile,0.85,14.869674479476704
2025-09-27,2,wk inc flu hosp,2025-10-18,01,quantile,0.9,14.869674479476704
2025-09-27,2,wk inc flu hosp,2025-10-18,01,quantile,0.95,14.869674479476704
2025-09-27,2,wk inc flu hosp,2025-10-18,01,quantile,0.975,14.869674479476704
2025-09-27,2,wk inc flu hosp,2025-10-18,01,quantile,0.99,14.869674479476704
2025-10-04,2,wk inc flu hosp,2025-10-25,01,quantile,0.01,18.191307266546538
2025-10-04,2,wk inc flu hosp,2025-10-25,01,quantile,0.025,18.191307266546538
2025-10-04,2,wk inc flu hosp,2025-10-25,01,quantile,0.05,18.191307266546538
2025-10-04,2,wk inc flu hosp,2025-10-25,01,quantile,0.1,18.191307266546538
2025-10-04,2,wk inc flu hosp,2025-10-25,01,quantile,0.15,18.191307266546538
2025-10-04,2,wk inc flu hosp,2025-10-25,01,quantile,0.2,18.191307266546538
2025-10-04,2,wk inc flu hosp,2025-10-25,01,quantile,0.25,18.191307266546538
2025-10-04,2,wk inc flu hosp,2025-10-25,01,quantile,0.3,18.191307266546538
2025-10-04,2,wk inc flu hosp,2025-10-25,01,quantile,0.35,18.191307266546538
2025-10-04,2,wk inc flu hosp,2025-10-25,01,quantile,0.4,18.191307266546538
2025-10-04,2,wk inc flu hosp,2025-10-25,01,quantile,0.45,18.191307266546538
2025-10-04,2,wk inc flu hosp,2025-10-25,01,quantile,0.5,18.191307266546538
2025-10-04,2,wk inc flu hosp,2025-10-25,01,quantile,0.55,18.191307266546538
2025-10-04,2,wk inc flu hosp,2025-10-25,01,quantile,0.6,18.191307266546538
2025-10-04,2,wk inc flu hosp,2025-10-25,01,quantile,0.65,18.191307266546538
2025-10-04,2,wk inc flu hosp,2025-10-25,01,quantile,0.7,18.191307266546538
2025-10-04,2,wk inc flu hosp,2025-10-25,01,quantile,0.75,18.191307266546538
2025-10-04,2,wk inc flu hosp,2025-10-25,01,quantile,0.8,18.191307266546538
2025-10-04,2,wk inc flu hosp,2025-10-25,01,quantile,0.85,18.191307266546538
2025-10-04,2,wk inc flu hosp,2025-10-25,01,quantile,0.9,18.191307266546538
2025-10-04,2,wk inc flu hosp,2025-10-25,01,quantile,0.95,18.191307266546538
2025-10-04,2,wk inc flu hosp,2025-10-25,01,quantile,0.975,18.191307266546538
2025-10-04,2,wk inc flu hosp,2025-10-25,01,quantile,0.99,18.191307266546538
2025-10-11,2,wk inc flu hosp,2025-11-01,01,quantile,0.01,10.46462100124535
2025-10-11,2,wk inc flu hosp,2025-11-01,01,quantile,0.025,10.46462100124535
2025-10-11,2,wk inc flu hosp,2025-11-01,01,quantile,0.05,10.46462100124535
2025-10-11,2,wk inc flu hosp,2025-11-01,01,quantile,0.1,10.46462100124535
2025-10-11,2,wk inc flu hosp,2025-11-01,01,quantile,0.15,10.46462100124535
2025-10-11,2,wk inc flu hosp,2025-11-01,01,quantile,0.2,10.46462100124535
2025-10-11,2,wk inc flu hosp,2025-11-01,01,quantile,0.25,10.46462100124535
2025-10-11,2,wk inc flu hosp,2025-11-01,01,quantile,0.3,10.46462100124535
2025-10-11,2,wk inc flu hosp,2025-11-01,01,quantile,0.35,10.46462100124535
2025-10-11,2,wk inc flu hosp,2025-11-01,01,quantile,0.4,10.46462100124535
2025-10-11,2,wk inc flu hosp,2025-11-01,01,quantile,0.45,10.46462100124535
2025-10-11,2,wk inc flu hosp,2025-11-01,01,quantile,0.5,10.46462100124535
2025-10-11,2,wk inc flu hosp,2025-11-01,01,quantile,0.55,10.46462100124535
2025-10-11,2,wk inc flu hosp,2025-11-01,01,quantile,0.6,10.46462100124535
2025-10-11,2,wk inc flu hosp,2025-11-01,01,quantile,0.65,10.46462100124535
2025-10-11,2,wk inc flu hosp,2025-11-01,01,quantile,0.7,10.46462100124535
2025-10-11,2,wk inc flu hosp,2025-11-01,01,quantile,0.75,10.46462100124535
2025-10-11,2,wk inc flu hosp,2025-11-01,01,quantile,0.8,10.46462100124535
2025-10-11,2,wk inc flu hosp,2025-11-01,01,quantile,0.85,10.46462100124535
2025-10-11,2,wk inc flu hosp,2025-11-01,01,quantile,0.9,10.46462100124535
2025-10-11,2,wk inc flu hosp,2025-11-01,01,quantile,0.95,10.46462100124535
2025-10-11,2,wk inc flu hosp,2025-11-01,01,quantile,0.975,10.46462100124535
2025-10-11,2,wk inc flu hosp,2025-11-01,01,quantile,0.99,10.46462100124535
2025-10-18,2,wk inc flu hosp,2025-11-08,01,quantile,0.01,10.010643171202748
2025-10-18,2,wk inc flu hosp,2025-11-08,01,quantile,0.025,10.010643171202748
2025-10-18,2,wk inc flu hosp,2025-11-08,01,quantile,0.05,10.010643171202748
2025-10-18,2,wk inc flu hosp,2025-11-08,01,quantile,0.1,10.010643171202748
2025-10-18,2,wk inc flu hosp,2025-11-08,01,quantile,0.15,10.010643171202748
2025-10-18,2,wk inc flu hosp,2025-11-08,01,quantile,0.2,10.010643171202748
2025-10-18,2,wk inc flu hosp,2025-11-08,01,quantile,0.25,10.010643171202748
2025-10-18,2,wk inc flu hosp,2025-11-08,01,quantile,0.3,10.010643171202748
2025-10-18,2,wk inc flu hosp,2025-11-08,01,quantile,0.35,10.010643171202748
2025-10-18,2,wk inc flu hosp,2025-11-08,01,quantile,0.4,10.010643171202748
2025-10-18,2,wk inc flu hosp,2025-11-08,01,quantile,0.45,10.010643171202748
2025-10-18,2,wk inc flu hosp,2025-11-08,01,quantile,0.5,10.010643171202748
2025-10-18,2,wk inc flu hosp,2025-11-08,01,quantile,0.55,10.010643171202748
2025-10-18,2,wk inc flu hosp,2025-11-08,01,quantile,0.6,10.010643171202748
2025-10-18,2,wk inc flu hosp,2025-11-08,01,quantile,0.65,10.010643171202748
2025-10-18,2,wk inc flu hosp,2025-11-08,01,quantile,0.7,10.010643171202748
2025-10-18,2,wk inc flu hosp,2025-11-08,01,quantile,0.75,10.010643171202748
2025-10-18,2,wk inc flu hosp,2025-11-08,01,quantile,0.8,10.010643171202748
2025-10-18,2,wk inc flu hosp,2025-11-08,01,quantile,0.85,10.010643171202748
2025-10-18,2,wk inc flu hosp,2025-11-08,01,quantile,0.9,10.010643171202748
2025-10-18,2,wk inc flu hosp,2025-11-08,01,quantile,0.95,10.010643171202748
2025-10-18,2,wk inc flu hosp,2025-11-08,01,quantile,0.975,10.010643171202748
2025-10-18,2,wk inc flu hosp,2025-11-08,01,quantile,0.99,10.010643171202748
2025-10-25,2,wk inc flu hosp,2025-11-15,01,quantile,0.01,11.114525229813113
2025-10-25,2,wk inc flu hosp,2025-11-15,01,quantile,0.025,11.114525229813113
2025-10-25,2,wk inc flu hosp,2025-11-15,01,quantile,0.05,11.114525229813113
2025-10-25,2,wk inc flu hosp,2025-11-15,01,quantile,0.1,11.114525229813113
2025-10-25,2,wk inc flu hosp,2025-11-15,01,quantile,0.15,11.114525229813113
2025-10-25,2,wk inc flu hosp,2025-11-15,01,quantile,0.2,11.114525229813113
2025-10-25,2,wk inc flu hosp,2025-11-15,01,quantile,0.25,11.114525229813113
2025-10-25,2,wk inc flu hosp,2025-11-15,01,quantile,0.3,11.114525229813113
2025-10-25,2,wk inc flu hosp,2025-11-15,01,quantile,0.35,11.114525229813113
2025-10-25,2,wk inc flu hosp,2025-11-15,01,quantile,0.4,11.114525229813113
2025-10-25,2,wk inc flu hosp,2025-11-15,01,quantile,0.45,11.114525229813113
2025-10-25,2,wk inc flu hosp,2025-11-15,01,quantile,0.5,11.114525229813113
2025-10-25,2,wk inc flu hosp,2025-11-15,01,quantile,0.55,11.114525229813113
2025-10-25,2,wk inc flu hosp,2025-11-15,01,quantile,0.6,11.114525229813113
2025-10-25,2,wk inc flu hosp,2025-11-15,01,quantile,0.65,11.114525229813113
2025-10-25,2,wk inc flu hosp,2025-11-15,01,quantile,0.7,11.114525229813113
2025-10-25,2,wk inc flu hosp,2025-11-15,01,quantile,0.75,11.114525229813113
2025-10-25,2,wk inc flu hosp,2025-11-15,01,quantile,0.8,11.114525229813113
2025-10-25,2,wk inc flu hosp,2025-11-15,01,quantile,0.85,11.114525229813113
2025-10-25,2,wk inc flu hosp,2025-11-15,01,quantile,0.9,11.114525229813113
2025-10-25,2,wk inc flu hosp,2025-11-15,01,quantile,0.95,11.114525229813113
2025-10-25,2,wk inc flu hosp,2025-11-15,01,quantile,0.975,11.114525229813113
2025-10-25,2,wk inc flu hosp,2025-11-15,01,quantile,0.99,11.114525229813113
2025-11-01,2,wk inc flu hosp,2025-11-22,01,quantile,0.01,30.749399269915873
2025-11-01,2,wk inc flu hosp,2025-11-22,01,quantile,0.025,30.749399269915873
2025-11-01,2,wk inc flu hosp,2025-11-22,01,quantile,0.05,30.749399269915873
2025-11-01,2,wk inc flu hosp,2025-11-22,01,quantile,0.1,30.749399269915873
2025-11-01,2,wk inc flu hosp,2025-11-22,01,quantile,0.15,30.749399269915873
2025-11-01,2,wk inc flu hosp,2025-11-22,01,quantile,0.2,30.749399269915873
2025-11-01,2,wk inc flu hosp,2025-11-22,01,quantile,0.25,30.749399269915873
2025-11-01,2,wk inc flu hosp,2025-11-22,01,quantile,0.3,30.749399269915873
2025-11-01,2,wk inc flu hosp,2025-11-22,01,quantile,0.35,30.749399269915873
2025-11-01,2,wk inc flu hosp,2025-11-22,01,quantile,0.4,30.749399269915873
2025-11-01,2,wk inc flu hosp,2025-11-22,01,quantile,0.45,30.749399269915873
2025-11-01,2,wk inc flu hosp,2025-11-22,01,quantile,0.5,30.749399269915873
2025-11-01,2,wk inc flu hosp,2025-11-22,01,quantile,0.55,30.749399269915873
2025-11-01,2,wk inc flu hosp,2025-11-22,01,quantile,0.6,30.749399269915873
2025-11-01,2,wk inc flu hosp,2025-11-22,01,quantile,0.65,30.749399269915873
2025-11-01,2,wk inc flu hosp,2025-11-22,01,quantile,0.7,30.749399269915873
2025-11-01,2,wk inc flu hosp,2025-11-22,01,quantile,0.75,30.749399269915873
2025-11-01,2,wk inc flu hosp,2025-11-22,01,quantile,0.8,30.749399269915873
2025-11-01,2,wk inc flu hosp,2025-11-22,01,quantile,0.85,30.749399269915873
2025-11-01,2,wk inc flu hosp,2025-11-22,01,quantile,0.9,30.749399269915873
2025-11-01,2,wk inc flu hosp,2025-11-22,01,quantile,0.95,30.749399269915873
2025-11-01,2,wk inc flu hosp,2025-11-22,01,quantile,0.975,30.749399269915873
2025-11-01,2,wk inc flu hosp,2025-11-22,01,quantile,0.99,30.749399269915873
2025-09-20,2,wk inc flu hosp,2025-10-11,02,quantile,0.01,0.6483680274394439
2025-09-20,2,wk inc flu hosp,2025-10-11,02,quantile,0.025,0.6483680274394439
2025-09-20,2,wk inc flu hosp,2025-10-11,02,quantile,0.05,0.6483680274394439
2025-09-20,2,wk inc flu hosp,2025-10-11,02,quantile,0.1,0.6483680274394439
2025-09-20,2,wk inc flu hosp,2025-10-11,02,quantile,0.15,0.6483680274394439
2025-09-20,2,wk inc flu hosp,2025-10-11,02,quantile,0.2,0.6483680274394439
2025-09-20,2,wk inc flu hosp,2025-10-11,02,quantile,0.25,0.6483680274394439
2025-09-20,2,wk inc flu hosp,2025-10-11,02,quantile,0.3,0.6483680274394439
2025-09-20,2,wk inc flu hosp,2025-10-11,02,quantile,0.35,0.6483680274394439
2025-09-20,2,wk inc flu hosp,2025-10-11,02,quantile,0.4,0.6483680274394439
2025-09-20,2,wk inc flu hosp,2025-10-11,02,quantile,0.45,0.6483680274394439
2025-09-20,2,wk inc flu hosp,2025-10-11,02,quantile,0.5,0.6483680274394439
2025-09-20,2,wk inc flu hosp,2025-10-11,02,quantile,0.55,0.6483680274394439
2025-09-20,2,wk inc flu hosp,2025-10-11,02,quantile,0.6,0.6483680274394439
2025-09-20,2,wk inc flu hosp,2025-10-11,02,quantile,0.65,0.6483680274394439
2025-09-20,2,wk inc flu hosp,2025-10-11,02,quantile,0.7,0.6483680274394439
2025-09-20,2,wk inc flu hosp,2025-10-11,02,quantile,0.75,0.6483680274394439
2025-09-20,2,wk inc flu hosp,2025-10-11,02,quantile,0.8,0.6483680274394439
2025-09-20,2,wk inc flu hosp,2025-10-11,02,quantile,0.85,0.6483680274394439
2025-09-20,2,wk inc flu hosp,2025-10-11,02,quantile,0.9,0.6483680274394439
2025-09-20,2,wk inc flu hosp,2025-10-11,02,quantile,0.95,0.6483680274394439
2025-09-20,2,wk inc flu hosp,2025-10-11,02,quantile,0.975,0.6483680274394439
2025-09-20,2,wk inc flu hosp,2025-10-11,02,quantile,0.99,0.6483680274394439
2025-09-27,2,wk inc flu hosp,2025-10-18,02,quantile,0.01,0.555555555555556
2025-09-27,2,wk inc flu hosp,2025-10-18,02,quantile,0.025,0.555555555555556
2025-09-27,2,wk inc flu hosp,2025-10-18,02,quantile,0.05,0.555555555555556
2025-09-27,2,wk inc flu hosp,2025-10-18,02,quantile,0.1,0.555555555555556
2025-09-27,2,wk inc flu hosp,2025-10-18,02,quantile,0.15,0.555555555555556
2025-09-27,2,wk inc flu hosp,2025-10-18,02,quantile,0.2,0.555555555555556
2025-09-27,2,wk inc flu hosp,2025-10-18,02,quantile,0.25,0.555555555555556
2025-09-27,2,wk inc flu hosp,2025-10-18,02,quantile,0.3,0.555555555555556
2025-09-27,2,wk inc flu hosp,2025-10-18,02,quantile,0.35,0.555555555555556
2025-09-27,2,wk inc flu hosp,2025-10-18,02,quantile,0.4,0.555555555555556
2025-09-27,2,wk inc flu hosp,2025-10-18,02,quantile,0.45,0.555555555555556
2025-09-27,2,wk inc flu hosp,2025-10-18,02,quantile,0.5,0.555555555555556
2025-09-27,2,wk inc flu hosp,2025-10-18,02,quantile,0.55,0.555555555555556
2025-09-27,2,wk inc flu hosp,2025-10-18,02,quantile,0.6,0.555555555555556
2025-09-27,2,wk inc flu hosp,2025-10-18,02,quantile,0.65,0.555555555555556
2025-09-27,2,wk inc flu hosp,2025-10-18,02,quantile,0.7,0.555555555555556
2025-09-27,2,wk inc flu hosp,2025-10-18,02,quantile,0.75,0.555555555555556
2025-09-27,2,wk inc flu hosp,2025-10-18,02,quantile,0.8,0.555555555555556
2025-09-27,2,wk inc flu hosp,2025-10-18,02,quantile,0.85,0.555555555555556
2025-09-27,2,wk inc flu hosp,2025-10-18,02,quantile,0.9,0.555555555555556
2025-09-27,2,wk inc flu hosp,2025-10-18,02,quantile,0.95,0.555555555555556
2025-09-27,2,wk inc flu hosp,2025-10-18,02,quantile,0.975,0.555555555555556
2025-09-27,2,wk inc flu hosp,2025-10-18,02,quantile,0.99,0.555555555555556
2025-10-04,2,wk inc flu hosp,2025-10-25,02,quantile,0.01,1.1111111111111112
2025-10-04,2,wk inc flu hosp,2025-10-25,02,quantile,0.025,1.1111111111111112
2025-10-04,2,wk inc flu hosp,2025-10-25,02,quantile,0.05,1.1111111111111112
2025-10-04,2,wk inc flu hosp,2025-10-25,02,quantile,0.1,1.1111111111111112
2025-10-04,2,wk inc flu hosp,2025-10-25,02,quantile,0.15,1.1111111111111112
2025-10-04,2,wk inc flu hosp,2025-10-25,02,quantile,0.2,1.1111111111111112
2025-10-04,2,wk inc flu hosp,2025-10-25,02,quantile,0.25,1.1111111111111112
2025-10-04,2,wk inc flu hosp,2025-10-25,02,quantile,0.3,1.1111111111111112
2025-10-04,2,wk inc flu hosp,2025-10-25,02,quantile,0.35,1.1111111111111112
2025-10-04,2,wk inc flu hosp,2025-10-25,02,quantile,0.4,1.1111111111111112
2025-10-04,2,wk inc flu hosp,2025-10-25,02,quantile,0.45,1.1111111111111112
2025-10-04,2,wk inc flu hosp,2025-10-25,02,quantile,0.5,1.1111111111111112
2025-10-04,2,wk inc flu hosp,2025-10-25,02,quantile,0.55,1.1111111111111112
2025-10-04,2,wk inc flu hosp,2025-10-25,02,quantile,0.6,1.1111111111111112
2025-10-04,2,wk inc flu hosp,2025-10-25,02,quantile,0.65,1.1111111111111112
2025-10-04,2,wk inc flu hosp,2025-10-25,02,quantile,0.7,1.1111111111111112
2025-10-04,2,wk inc flu hosp,2025-10-25,02,quantile,0.75,1.1111111111111112
2025-10-04,2,wk inc flu hosp,2025-10-25,02,quantile,0.8,1.1111111111111112
2025-10-04,2,wk inc flu hosp,2025-10-25,02,quantile,0.85,1.1111111111111112
2025-10-04,2,wk inc flu hosp,2025-10-25,02,quantile,0.9,1.1111111111111112
2025-10-04,2,wk inc flu hosp,2025-10-25,02,quantile,0.95,1.1111111111111112
2025-10-04,2,wk inc flu hosp,2025-10-25,02,quantile,0.975,1.1111111111111112
2025-10-04,2,wk inc flu hosp,2025-10-25,02,quantile,0.99,1.1111111111111112
2025-10-11,2,wk inc flu hosp,2025-11-01,02,quantile,0.01,0.926960248561451
2025-10-11,2,wk inc flu hosp,2025-11-01,02,quantile,0.025,0.926960248561451
2025-10-11,2,wk inc flu hosp,2025-11-01,02,quantile,0.05,0.926960248561451
2025-10-11,2,wk inc flu hosp,2025-11-01,02,quantile,0.1,0.926960248561451
2025-10-11,2,wk inc flu hosp,2025-11-01,02,quantile,0.15,0.926960248561451
2025-10-11,2,wk inc flu hosp,2025-11-01,02,quantile,0.2,0.926960248561451
2025-10-11,2,wk inc flu hosp,2025-11-01,02,quantile,0.25,0.926960248561451
2025-10-11,2,wk inc flu hosp,2025-11-01,02,quantile,0.3,0.926960248561451
2025-10-11,2,wk inc flu hosp,2025-11-01,02,quantile,0.35,0.926960248561451
2025-10-11,2,wk inc flu hosp,2025-11-01,02,quantile,0.4,0.926960248561451
2025-10-11,2,wk inc flu hosp,2025-11-01,02,quantile,0.45,0.926960248561451
2025-10-11,2,wk inc flu hosp,2025-11-01,02,quantile,0.5,0.926960248561451
2025-10-11,2,wk inc flu hosp,2025-11-01,02,quantile,0.55,0.926960248561451
2025-10-11,2,wk inc flu hosp,2025-11-01,02,quantile,0.6,0.926960248561451
2025-10-11,2,wk inc flu hosp,2025-11-01,02,quantile,0.65,0.926960248561451
2025-10-11,2,wk inc flu hosp,2025-11-01,02,quantile,0.7,0.926960248561451
2025-10-11,2,wk inc flu hosp,2025-11-01,02,quantile,0.75,0.926960248561451
2025-10-11,2,wk inc flu hosp,2025-11-01,02,quantile,0.8,0.926960248561451
2025-10-11,2,wk inc flu hosp,2025-11-01,02,quantile,0.85,0.926960248561451
2025-10-11,2,wk inc flu hosp,2025-11-01,02,quantile,0.9,0.926960248561451
2025-10-11,2,wk inc flu hosp,2025-11-01,02,quantile,0.95,0.926960248561451
2025-10-11,2,wk inc flu hosp,2025-11-01,02,quantile,0.975,0.926960248561451
2025-10-11,2,wk inc flu hosp,2025-11-01,02,quantile,0.99,0.926960248561451
2025-10-18,2,wk inc flu hosp,2025-11-08,02,quantile,0.01,0.0
2025-10-18,2,wk inc flu hosp,2025-11-08,02,quantile,0.025,0.0
2025-10-18,2,wk inc flu hosp,2025-11-08,02,quantile,0.05,0.0
2025-10-18,2,wk inc flu hosp,2025-11-08,02,quantile,0.1,0.0
2025-10-18,2,wk inc flu hosp,2025-11-08,02,quantile,0.15,0.0
2025-10-18,2,wk inc flu hosp,2025-11-08,02,quantile,0.2,0.0
2025-10-18,2,wk inc flu hosp,2025-11-08,02,quantile,0.25,0.0
2025-10-18,2,wk inc flu hosp,2025-11-08,02,quantile,0.3,0.0
2025-10-18,2,wk inc flu hosp,2025-11-08,02,quantile,0.35,0.0
2025-10-18,2,wk inc flu hosp,2025-11-08,02,quantile,0.4,0.0
2025-10-18,2,wk inc flu hosp,2025-11-08,02,quantile,0.45,0.0
2025-10-18,2,wk inc flu hosp,2025-11-08,02,quantile,0.5,0.0
2025-10-18,2,wk inc flu hosp,2025-11-08,02,quantile,0.55,0.0
2025-10-18,2,wk inc flu hosp,2025-11-08,02,quantile,0.6,0.0
2025-10-18,2,wk inc flu hosp,2025-11-08,02,quantile,0.65,0.0
2025-10-18,2,wk inc flu hosp,2025-11-08,02,quantile,0.7,0.0
2025-10-18,2,wk inc flu hosp,2025-11-08,02,quantile,0.75,0.0
2025-10-18,2,wk inc flu hosp,2025-11-08,02,quantile,0.8,0.0
2025-10-18,2,wk inc flu hosp,2025-11-08,02,quantile,0.85,0.0
2025-10-18,2,wk inc flu hosp,2025-11-08,02,quantile,0.9,0.0
2025-10-18,2,wk inc flu hosp,2025-11-08,02,quantile,0.95,0.0
2025-10-18,2,wk inc flu hosp,2025-11-08,02,quantile,0.975,0.0
2025-10-18,2,wk inc flu hosp,2025-11-08,02,quantile,0.99,0.0
2025-10-25,2,wk inc flu hosp,2025-11-15,02,quantile,0.01,2.2065314351361707
2025-10-25,2,wk inc flu hosp,2025-11-15,02,quantile,0.025,2.2065314351361707
2025-10-25,2,wk inc flu hosp,2025-11-15,02,quantile,0.05,2.2065314351361707
2025-10-25,2,wk inc flu hosp,2025-11-15,02,quantile,0.1,2.2065314351361707
2025-10-25,2,wk inc flu hosp,2025-11-15,02,quantile,0.15,2.2065314351361707
2025-10-25,2,wk inc flu hosp,2025-11-15,02,quantile,0.2,2.2065314351361707
2025-10-25,2,wk inc flu hosp,2025-11-15,02,quantile,0.25,2.2065314351361707
2025-10-25,2,wk inc flu hosp,2025-11-15,02,quantile,0.3,2.2065314351361707
2025-10-25,2,wk inc flu hosp,2025-11-15,02,quantile,0.35,2.2065314351361707
2025-10-25,2,wk inc flu hosp,2025-11-15,02,quantile,0.4,2.2065314351361707
2025-10-25,2,wk inc flu hosp,2025-11-15,02,quantile,0.45,2.2065314351361707
2025-10-25,2,wk inc flu hosp,2025-11-15,02,quantile,0.5,2.2065314351361707
2025-10-25,2,wk inc flu hosp,2025-11-15,02,quantile,0.55,2.2065314351361707
2025-10-25,2,wk inc flu hosp,2025-11-15,02,quantile,0.6,2.2065314351361707
2025-10-25,2,wk inc flu hosp,2025-11-15,02,quantile,0.65,2.2065314351361707
2025-10-25,2,wk inc flu hosp,2025-11-15,02,quantile,0.7,2.2065314351361707
2025-10-25,2,wk inc flu hosp,2025-11-15,02,quantile,0.75,2.2065314351361707
2025-10-25,2,wk inc flu hosp,2025-11-15,02,quantile,0.8,2.2065314351361707
2025-10-25,2,wk inc flu hosp,2025-11-15,02,quantile,0.85,2.2065314351361707
2025-10-25,2,wk inc flu hosp,2025-11-15,02,quantile,0.9,2.2065314351361707
2025-10-25,2,wk inc flu hosp,2025-11-15,02,quantile,0.95,2.2065314351361707
2025-10-25,2,wk inc flu hosp,2025-11-15,02,quantile,0.975,2.2065314351361707
2025-10-25,2,wk inc flu hosp,2025-11-15,02,quantile,0.99,2.2065314351361707
2025-11-01,2,wk inc flu hosp,2025-11-22,02,quantile,0.01,0.0
2025-11-01,2,wk inc flu hosp,2025-11-22,02,quantile,0.025,0.0
2025-11-01,2,wk inc flu hosp,2025-11-22,02,quantile,0.05,0.0
2025-11-01,2,wk inc flu hosp,2025-11-22,02,quantile,0.1,0.0
2025-11-01,2,wk inc flu hosp,2025-11-22,02,quantile,0.15,0.0
2025-11-01,2,wk inc flu hosp,2025-11-22,02,quantile,0.2,0.0
2025-11-01,2,wk inc flu hosp,2025-11-22,02,quantile,0.25,0.0
2025-11-01,2,wk inc flu hosp,2025-11-22,02,quantile,0.3,0.0
2025-11-01,2,wk inc flu hosp,2025-11-22,02,quantile,0.35,0.0
2025-11-01,2,wk inc flu hosp,2025-11-22,02,quantile,0.4,0.0
2025-11-01,2,wk inc flu hosp,2025-11-22,02,quantile,0.45,0.0
2025-11-01,2,wk inc flu hosp,2025-11-22,02,quantile,0.5,0.0
2025-11-01,2,wk inc flu hosp,2025-11-22,02,quantile,0.55,0.0
2025-11-01,2,wk inc flu hosp,2025-11-22,02,quantile,0.6,0.0
2025-11-01,2,wk inc flu hosp,2025-11-22,02,quantile,0.65,0.0
2025-11-01,2,wk inc flu hosp,2025-11-22,02,quantile,0.7,0.0
2025-11-01,2,wk inc flu hosp,2025-11-22,02,quantile,0.75,0.0
2025-11-01,2,wk inc flu hosp,2025-11-22,02,quantile,0.8,0.0
2025-11-01,2,wk inc flu hosp,2025-11-22,02,quantile,0.85,0.0
2025-11-01,2,wk inc flu hosp,2025-11-22,02,quantile,0.9,0.0
2025-11-01,2,wk inc flu hosp,2025-11-22,02,quantile,0.95,0.0
2025-11-01,2,wk inc flu hosp,2025-11-22,02,quantile,0.975,0.0
2025-11-01,2,wk inc flu hosp,2025-11-22,02,quantile,0.99,0.0
2025-09-20,2,wk inc flu hosp,2025-10-11,04,quantile,0.01,16.997989161761936
2025-09-20,2,wk inc flu hosp,2025-10-11,04,quantile,0.025,16.997989161761936
2025-09-20,2,wk inc flu hosp,2025-10-11,04,quantile,0.05,16.997989161761936
2025-09-20,2,wk inc flu hosp,2025-10-11,04,quantile,0.1,16.997989161761936
2025-09-20,2,wk inc flu hosp,2025-10-11,04,quantile,0.15,16.997989161761936
2025-09-20,2,wk inc flu hosp,2025-10-11,04,quantile,0.2,16.997989161761936
2025-09-20,2,wk inc flu hosp,2025-10-11,04,quantile,0.25,16.997989161761936
2025-09-20,2,wk inc flu hosp,2025-10-11,04,quantile,0.3,16.997989161761936
2025-09-20,2,wk inc flu hosp,2025-10-11,04,quantile,0.35,16.997989161761936
2025-09-20,2,wk inc flu hosp,2025-10-11,04,quantile,0.4,16.997989161761936
2025-09-20,2,wk inc flu hosp,2025-10-11,04,quantile,0.45,16.997989161761936
2025-09-20,2,wk inc flu hosp,2025-10-11,04,quantile,0.5,16.997989161761936
2025-09-20,2,wk inc flu hosp,2025-10-11,04,quantile,0.55,16.997989161761936
2025-09-20,2,wk inc flu hosp,2025-10-11,04,quantile,0.6,16.997989161761936
2025-09-20,2,wk inc flu hosp,2025-10-11,04,quantile,0.65,16.997989161761936
2025-09-20,2,wk inc flu hosp,2025-10-11,04,quantile,0.7,16.997989161761936
2025-09-20,2,wk inc flu hosp,2025-10-11,04,quantile,0.75,16.997989161761936
2025-09-20,2,wk inc flu hosp,2025-10-11,04,quantile,0.8,16.997989161761936
2025-09-20,2,wk inc flu hosp,2025-10-11,04,quantile,0.85,16.997989161761936
2025-09-20,2,wk inc flu hosp,2025-10-11,04,quantile,0.9,16.997989161761936
2025-09-20,2,wk inc flu hosp,2025-10-11,04,quantile,0.95,16.997989161761936
2025-09-20,2,wk inc flu hosp,2025-10-11,04,quantile,0.975,16.997989161761936
2025-09-20,2,wk inc flu hosp,2025-10-11,04,quantile,0.99,16.997989161761936
2025-09-27,2,wk inc flu hosp,2025-10-18,04,quantile,0.01,6.916667473717718
2025-09-27,2,wk inc flu hosp,2025-10-18,04,quantile,0.025,6.916667473717718
2025-09-27,2,wk inc flu hosp,2025-10-18,04,quantile,0.05,6.916667473717718
2025-09-27,2,wk inc flu hosp,2025-10-18,04,quantile,0.1,6.916667473717718
2025-09-27,2,wk inc flu hosp,2025-10-18,04,quantile,0.15,6.916667473717718
2025-09-27,2,wk inc flu hosp,2025-10-18,04,quantile,0.2,6.916667473717718
2025-09-27,2,wk inc flu hosp,2025-10-18,04,quantile,0.25,6.916667473717718
2025-09-27,2,wk inc flu hosp,2025-10-18,04,quantile,0.3,6.916667473717718
2025-09-27,2,wk inc flu hosp,2025-10-18,04,quantile,0.35,6.916667473717718
2025-09-27,2,wk inc flu hosp,2025-10-18,04,quantile,0.4,6.916667473717718
2025-09-27,2,wk inc flu hosp,2025-10-18,04,quantile,0.45,6.916667473717718
2025-09-27,2,wk inc flu hosp,2025-10-18,04,quantile,0.5,6.916667473717718
2025-09-27,2,wk inc flu hosp,2025-10-18,04,quantile,0.55,6.916667473717718
2025-09-27,2,wk inc flu hosp,2025-10-18,04,quantile,0.6,6.916667473717718
2025-09-27,2,wk inc flu hosp,2025-10-18,04,quantile,0.65,6.916667473717718
2025-09-27,2,wk inc flu hosp,2025-10-18,04,quantile,0.7,6.916667473717718
2025-09-27,2,wk inc flu hosp,2025-10-18,04,quantile,0.75,6.916667473717718
2025-09-27,2,wk inc flu hosp,2025-10-18,04,quantile,0.8,6.916667473717718
2025-09-27,2,wk inc flu hosp,2025-10-18,04,quantile,0.85,6.916667473717718
2025-09-27,2,wk inc flu hosp,2025-10-18,04,quantile,0.9,6.916667473717718
2025-09-27,2,wk inc flu hosp,2025-10-18,04,quantile,0.95,6.916667473717718
2025-09-27,2,wk inc flu hosp,2025-10-18,04,quantile,0.975,6.916667473717718
2025-09-27,2,wk inc flu hosp,2025-10-18,04,quantile,0.99,6.916667473717718
2025-10-04,2,wk inc flu hosp,2025-10-25,04,quantile,0.01,8.333333333333332
2025-10-04,2,wk inc flu hosp,2025-10-25,04,quantile,0.025,8.333333333333332
2025-10-04,2,wk inc flu hosp,2025-10-25,04,quantile,0.05,8.333333333333332
2025-10-04,2,wk inc flu hosp,2025-10-25,04,quantile,0.1,8.333333333333332
2025-10-04,2,wk inc flu hosp,2025-10-25,04,quantile,0.15,8.333333333333332
2025-10-04,2,wk inc flu hosp,2025-10-25,04,quantile,0.2,8.333333333333332
2025-10-04,2,wk inc flu hosp,2025-10-25,04,quantile,0.25,8.333333333333332
2025-10-04,2,wk inc flu hosp,2025-10-25,04,quantile,0.3,8.333333333333332
2025-10-04,2,wk inc flu hosp,2025-10-25,04,quantile,0.35,8.333333333333332
2025-10-04,2,wk inc flu hosp,2025-10-25,04,quantile,0.4,8.333333333333332
2025-10-04,2,wk inc flu hosp,2025-10-25,04,quantile,0.45,8.333333333333332
2025-10-04,2,wk inc flu hosp,2025-10-25,04,quantile,0.5,8.333333333333332
2025-10-04,2,wk inc flu hosp,2025-10-25,04,quantile,0.55,8.333333333333332
2025-10-04,2,wk inc flu hosp,2025-10-25,04,quantile,0.6,8.333333333333332
2025-10-04,2,wk inc flu hosp,2025-10-25,04,quantile,0.65,8.333333333333332
2025-10-04,2,wk inc flu hosp,2025-10-25,04,quantile,0.7,8.333333333333332
2025-10-04,2,wk inc flu hosp,2025-10-25,04,quantile,0.75,8.333333333333332
2025-10-04,2,wk inc flu hosp,2025-10-25,04,quantile,0.8,8.333333333333332
2025-10-04,2,wk inc flu hosp,2025-10-25,04,quantile,0.85,8.333333333333332
2025-10-04,2,wk inc flu hosp,2025-10-25,04,quantile,0.9,8.333333333333332
2025-10-04,2,wk inc flu hosp,2025-10-25,04,quantile,0.95,8.333333333333332
2025-10-04,2,wk inc flu hosp,2025-10-25,04,quantile,0.975,8.333333333333332
2025-10-04,2,wk inc flu hosp,2025-10-25,04,quantile,0.99,8.333333333333332
2025-10-11,2,wk inc flu hosp,2025-11-01,04,quantile,0.01,47.802630970879385
2025-10-11,2,wk inc flu hosp,2025-11-01,04,quantile,0.025,47.802630970879385
2025-10-11,2,wk inc flu hosp,2025-11-01,04,quantile,0.05,47.802630970879385
2025-10-11,2,wk inc flu hosp,2025-11-01,04,quantile,0.1,47.802630970879385
2025-10-11,2,wk inc flu hosp,2025-11-01,04,quantile,0.15,47.802630970879385
2025-10-11,2,wk inc flu hosp,2025-11-01,04,quantile,0.2,47.802630970879385
2025-10-11,2,wk inc flu hosp,2025-11-01,04,quantile,0.25,47.802630970879385
2025-10-11,2,wk inc flu hosp,2025-11-01,04,quantile,0.3,47.802630970879385
2025-10-11,2,wk inc flu hosp,2025-11-01,04,quantile,0.35,47.802630970879385
2025-10-11,2,wk inc flu hosp,2025-11-01,04,quantile,0.4,47.802630970879385
2025-10-11,2,wk inc flu hosp,2025-11-01,04,quantile,0.45,47.802630970879385
2025-10-11,2,wk inc flu hosp,2025-11-01,04,quantile,0.5,47.802630970879385
2025-10-11,2,wk inc flu hosp,2025-11-01,04,quantile,0.55,47.802630970879385
2025-10-11,2,wk inc flu hosp,2025-11-01,04,quantile,0.6,47.802630970879385
2025-10-11,2,wk inc flu hosp,2025-11-01,04,quantile,0.65,47.802630970879385
2025-10-11,2,wk inc flu hosp,2025-11-01,04,quantile,0.7,47.802630970879385
2025-10-11,2,wk inc flu hosp,2025-11-01,04,quantile,0.75,47.802630970879385
2025-10-11,2,wk inc flu hosp,2025-11-01,04,quantile,0.8,47.802630970879385
2025-10-11,2,wk inc flu hosp,2025-11-01,04,quantile,0.85,47.802630970879385
2025-10-11,2,wk inc flu hosp,2025-11-01,04,quantile,0.9,47.802630970879385
2025-10-11,2,wk inc flu hosp,2025-11-01,04,quantile,0.95,47.802630970879385
2025-10-11,2,wk inc flu hosp,2025-11-01,04,quantile,0.975,47.802630970879385
2025-10-11,2,wk inc flu hosp,2025-11-01,04,quantile,0.99,47.802630970879385
2025-10-18,2,wk inc flu hosp,2025-11-08,04,quantile,0.01,5.534755783575401
2025-10-18,2,wk inc flu hosp,2025-11-08,04,quantile,0.025,5.534755783575401
2025-10-18,2,wk inc flu hosp,2025-11-08,04,quantile,0.05,5.534755783575401
2025-10-18,2,wk inc flu hosp,2025-11-08,04,quantile,0.1,5.534755783575401
2025-10-18,2,wk inc flu hosp,2025-11-08,04,quantile,0.15,5.534755783575401
2025-10-18,2,wk inc flu hosp,2025-11-08,04,quantile,0.2,5.534755783575401
2025-10-18,2,wk inc flu hosp,2025-11-08,04,quantile,0.25,5.534755783575401
2025-10-18,2,wk inc flu hosp,2025-11-08,04,quantile,0.3,5.534755783575401
2025-10-18,2,wk inc flu hosp,2025-11-08,04,quantile,0.35,5.534755783575401
2025-10-18,2,wk inc flu hosp,2025-11-08,04,quantile,0.4,5.534755783575401
2025-10-18,2,wk inc flu hosp,2025-11-08,04,quantile,0.45,5.534755783575401
2025-10-18,2,wk inc flu hosp,2025-11-08,04,quantile,0.5,5.534755783575401
2025-10-18,2,wk inc flu hosp,2025-11-08,04,quantile,0.55,5.534755783575401
2025-10-18,2,wk inc flu hosp,2025-11-08,04,quantile,0.6,5.534755783575401
2025-10-18,2,wk inc flu hosp,2025-11-08,04,quantile,0.65,5.534755783575401
2025-10-18,2,wk inc flu hosp,2025-11-08,04,quantile,0.7,5.534755783575401
2025-10-18,2,wk inc flu hosp,2025-11-08,04,quantile,0.75,5.534755783575401
2025-10-18,2,wk inc flu hosp,2025-11-08,04,quantile,0.8,5.534755783575401
2025-10-18,2,wk inc flu hosp,2025-11-08,04,quantile,0.85,5.534755783575401
2025-10-18,2,wk inc flu hosp,2025-11-08,04,quantile,0.9,5.534755783575401
2025-10-18,2,wk inc flu hosp,2025-11-08,04,quantile,0.95,5.534755783575401
2025-10-18,2,wk inc flu hosp,2025-11-08,04,quantile,0.975,5.534755783575401
2025-10-18,2,wk inc flu hosp,2025-11-08,04,quantile,0.99,5.534755783575401
2025-10-25,2,wk inc flu hosp,2025-11-15,04,quantile,0.01,15.07709812983808
2025-10-25,2,wk inc flu hosp,2025-11-15,04,quantile,0.025,15.07709812983808
2025-10-25,2,wk inc flu hosp,2025-11-15,04,quantile,0.05,15.07709812983808
2025-10-25,2,wk inc flu hosp,2025-11-15,04,quantile,0.1,15.07709812983808
2025-10-25,2,wk inc flu hosp,2025-11-15,04,quantile,0.15,15.07709812983808
2025-10-25,2,wk inc flu hosp,2025-11-15,04,quantile,0.2,15.07709812983808
2025-10-25,2,wk inc flu hosp,2025-11-15,04,quantile,0.25,15.07709812983808
2025-10-25,2,wk inc flu hosp,2025-11-15,04,quantile,0.3,15.07709812983808
2025-10-25,2,wk inc flu hosp,2025-11-15,04,quantile,0.35,15.07709812983808
2025-10-25,2,wk inc flu hosp,2025-11-15,04,quantile,0.4,15.07709812983808
2025-10-25,2,wk inc flu hosp,2025-11-15,04,quantile,0.45,15.07709812983808
2025-10-25,2,wk inc flu hosp,2025-11-15,04,quantile,0.5,15.07709812983808
2025-10-25,2,wk inc flu hosp,2025-11-15,04,quantile,0.55,15.07709812983808
2025-10-25,2,wk inc flu hosp,2025-11-15,04,quantile,0.6,15.07709812983808
2025-10-25,2,wk inc flu hosp,2025-11-15,04,quantile,0.65,15.07709812983808
2025-10-25,2,wk inc flu hosp,2025-11-15,04,quantile,0.7,15.07709812983808
2025-10-25,2,wk inc flu hosp,2025-11-15,04,quantile,0.75,15.07709812983808
2025-10-25,2,wk inc flu hosp,2025-11-15,04,quantile,0.8,15.07709812983808
2025-10-25,2,wk inc flu hosp,2025-11-15,04,quantile,0.85,15.07709812983808
2025-10-25,2,wk inc flu hosp,2025-11-15,04,quantile,0.9,15.07709812983808
2025-10-25,2,wk inc flu hosp,2025-11-15,04,quantile,0.95,15.07709812983808
2025-10-25,2,wk inc flu hosp,2025-11-15,04,quantile,0.975,15.07709812983808
2025-10-25,2,wk inc flu hosp,2025-11-15,04,quantile,0.99,15.07709812983808
2025-11-01,2,wk inc flu hosp,2025-11-22,04,quantile,0.01,7.333169705911607
2025-11-01,2,wk inc flu hosp,2025-11-22,04,quantile,0.025,7.333169705911607
2025-11-01,2,wk inc flu hosp,2025-11-22,04,quantile,0.05,7.333169705911607
2025-11-01,2,wk inc flu hosp,2025-11-22,04,quantile,0.1,7.333169705911607
2025-11-01,2,wk inc flu hosp,2025-11-22,04,quantile,0.15,7.333169705911607
2025-11-01,2,wk inc flu hosp,2025-11-22,04,quantile,0.2,7.333169705911607
2025-11-01,2,wk inc flu hosp,2025-11-22,04,quantile,0.25,7.333169705911607
2025-11-01,2,wk inc flu hosp,2025-11-22,04,quantile,0.3,7.333169705911607
2025-11-01,2,wk inc flu hosp,2025-11-22,04,quantile,0.35,7.333169705911607
2025-11-01,2,wk inc flu hosp,2025-11-22,04,quantile,0.4,7.333169705911607
2025-11-01,2,wk inc flu hosp,2025-11-22,04,quantile,0.45,7.333169705911607
2025-11-01,2,wk inc flu hosp,2025-11-22,04,quantile,0.5,7.333169705911607
2025-11-01,2,wk inc flu hosp,2025-11-22,04,quantile,0.55,7.333169705911607
2025-11-01,2,wk inc flu hosp,2025-11-22,04,quantile,0.6,7.333169705911607
2025-11-01,2,wk inc flu hosp,2025-11-22,04,quantile,0.65,7.333169705911607
2025-11-01,2,wk inc flu hosp,2025-11-22,04,quantile,0.7,7.333169705911607
2025-11-01,2,wk inc flu hosp,2025-11-22,04,quantile,0.75,7.333169705911607
2025-11-01,2,wk inc flu hosp,2025-11-22,04,quantile,0.8,7.333169705911607
2025-11-01,2,wk inc flu hosp,2025-11-22,04,quantile,0.85,7.333169705911607
2025-11-01,2,wk inc flu hosp,2025-11-22,04,quantile,0.9,7.333169705911607
2025-11-01,2,wk inc flu hosp,2025-11-22,04,quantile,0.95,7.333169705911607
2025-11-01,2,wk inc flu hosp,2025-11-22,04,quantile,0.975,7.333169705911607
2025-11-01,2,wk inc flu hosp,2025-11-22,04,quantile,0.99,7.333169705911607
2025-09-20,2,wk inc flu hosp,2025-10-11,05,quantile,0.01,5.485363197193327
2025-09-20,2,wk inc flu hosp,2025-10-11,05,quantile,0.025,5.485363197193327
2025-09-20,2,wk inc flu hosp,2025-10-11,05,quantile,0.05,5.485363197193327
2025-09-20,2,wk inc flu hosp,2025-10-11,05,quantile,0.1,5.485363197193327
2025-09-20,2,wk inc flu hosp,2025-10-11,05,quantile,0.15,5.485363197193327
2025-09-20,2,wk inc flu hosp,2025-10-11,05,quantile,0.2,5.485363197193327
2025-09-20,2,wk inc flu hosp,2025-10-11,05,quantile,0.25,5.485363197193327
2025-09-20,2,wk inc flu hosp,2025-10-11,05,quantile,0.3,5.485363197193327
2025-09-20,2,wk inc flu hosp,2025-10-11,05,quantile,0.35,5.485363197193327
2025-09-20,2,wk inc flu hosp,2025-10-11,05,quantile,0.4,5.485363197193327
2025-09-20,2,wk inc flu hosp,2025-10-11,05,quantile,0.45,5.485363197193327
2025-09-20,2,wk inc flu hosp,2025-10-11,05,quantile,0.5,5.485363197193327
2025-09-20,2,wk inc flu hosp,2025-10-11,05,quantile,0.55,5.485363197193327
2025-09-20,2,wk inc flu hosp,2025-10-11,05,quantile,0.6,5.485363197193327
2025-09-20,2,wk inc flu hosp,2025-10-11,05,quantile,0.65,5.485363197193327
2025-09-20,2,wk inc flu hosp,2025-10-11,05,quantile,0.7,5.485363197193327
2025-09-20,2,wk inc flu hosp,2025-10-11,05,quantile,0.75,5.485363197193327
2025-09-20,2,wk inc flu hosp,2025-10-11,05,quantile,0.8,5.485363197193327
2025-09-20,2,wk inc flu hosp,2025-10-11,05,quantile,0.85,5.485363197193327
2025-09-20,2,wk inc flu hosp,2025-10-11,05,quantile,0.9,5.485363197193327
2025-09-20,2,wk inc flu hosp,2025-10-11,05,quantile,0.95,5.485363197193327
2025-09-20,2,wk inc flu hosp,2025-10-11,05,quantile,0.975,5.485363197193327
2025-09-20,2,wk inc flu hosp,2025-10-11,05,quantile,0.99,5.485363197193327
2025-09-27,2,wk inc flu hosp,2025-10-18,05,quantile,0.01,7.263331704268192
2025-09-27,2,wk inc flu hosp,2025-10-18,05,quantile,0.025,7.263331704268192
2025-09-27,2,wk inc flu hosp,2025-10-18,05,quantile,0.05,7.263331704268192
2025-09-27,2,wk inc flu hosp,2025-10-18,05,quantile,0.1,7.263331704268192
2025-09-27,2,wk inc flu hosp,2025-10-18,05,quantile,0.15,7.263331704268192
2025-09-27,2,wk inc flu hosp,2025-10-18,05,quantile,0.2,7.263331704268192
2025-09-27,2,wk inc flu hosp,2025-10-18,05,quantile,0.25,7.263331704268192
2025-09-27,2,wk inc flu hosp,2025-10-18,05,quantile,0.3,7.263331704268192
2025-09-27,2,wk inc flu hosp,2025-10-18,05,quantile,0.35,7.263331704268192
2025-09-27,2,wk inc flu hosp,2025-10-18,05,quantile,0.4,7.263331704268192
2025-09-27,2,wk inc flu hosp,2025-10-18,05,quantile,0.45,7.263331704268192
2025-09-27,2,wk inc flu hosp,2025-10-18,05,quantile,0.5,7.263331704268192
2025-09-27,2,wk inc flu hosp,2025-10-18,05,quantile,0.55,7.263331704268192
2025-09-27,2,wk inc flu hosp,2025-10-18,05,quantile,0.6,7.263331704268192
2025-09-27,2,wk inc flu hosp,2025-10-18,05,quantile,0.65,7.263331704268192
2025-09-27,2,wk inc flu hosp,2025-10-18,05,quantile,0.7,7.263331704268192
2025-09-27,2,wk inc flu hosp,2025-10-18,05,quantile,0.75,7.263331704268192
2025-09-27,2,wk inc flu hosp,2025-10-18,05,quantile,0.8,7.263331704268192
2025-09-27,2,wk inc flu hosp,2025-10-18,05,quantile,0.85,7.263331704268192
2025-09-27,2,wk inc flu hosp,2025-10-18,05,quantile,0.9,7.263331704268192
2025-09-27,2,wk inc flu hosp,2025-10-18,05,quantile,0.95,7.263331704268192
2025-09-27,2,wk inc flu hosp,2025-10-18,05,quantile,0.975,7.263331704268192
2025-09-27,2,wk inc flu hosp,2025-10-18,05,quantile,0.99,7.263331704268192
2025-10-04,2,wk inc flu hosp,2025-10-25,05,quantile,0.01,5.398860279687926
2025-10-04,2,wk inc flu hosp,2025-10-25,05,quantile,0.025,5.398860279687926
2025-10-04,2,wk inc flu hosp,2025-10-25,05,quantile,0.05,5.398860279687926
2025-10-04,2,wk inc flu hosp,2025-10-25,05,quantile,0.1,5.398860279687926
2025-10-04,2,wk inc flu hosp,2025-10-25,05,quantile,0.15,5.398860279687926
2025-10-04,2,wk inc flu hosp,2025-10-25,05,quantile,0.2,5.398860279687926
2025-10-04,2,wk inc flu hosp,2025-10-25,05,quantile,0.25,5.398860279687926
2025-10-04,2,wk inc flu hosp,2025-10-25,05,quantile,0.3,5.398860279687926
2025-10-04,2,wk inc flu hosp,2025-10-25,05,quantile,0.35,5.398860279687926
2025-10-04,2,wk inc flu hosp,2025-10-25,05,quantile,0.4,5.398860279687926
2025-10-04,2,wk inc flu hosp,2025-10-25,05,quantile,0.45,5.398860279687926
2025-10-04,2,wk inc flu hosp,2025-10-25,05,quantile,0.5,5.398860279687926
2025-10-04,2,wk inc flu hosp,2025-10-25,05,quantile,0.55,5.398860279687926
2025-10-04,2,wk inc flu hosp,2025-10-25,05,quantile,0.6,5.398860279687926
2025-10-04,2,wk inc flu hosp,2025-10-25,05,quantile,0.65,5.398860279687926
2025-10-04,2,wk inc flu hosp,2025-10-25,05,quantile,0.7,5.398860279687926
2025-10-04,2,wk inc flu hosp,2025-10-25,05,quantile,0.75,5.398860279687926
2025-10-04,2,wk inc flu hosp,2025-10-25,05,quantile,0.8,5.398860279687926
2025-10-04,2,wk inc flu hosp,2025-10-25,05,quantile,0.85,5.398860279687926
2025-10-04,2,wk inc flu hosp,2025-10-25,05,quantile,0.9,5.398860279687926
2025-10-04,2,wk inc flu hosp,2025-10-25,05,quantile,0.95,5.398860279687926
2025-10-04,2,wk inc flu hosp,2025-10-25,05,quantile,0.975,5.398860279687926
2025-10-04,2,wk inc flu hosp,2025-10-25,05,quantile,0.99,5.398860279687926
2025-10-11,2,wk inc flu hosp,2025-11-01,05,quantile,0.01,4.8975415034554235
2025-10-11,2,wk inc flu hosp,2025-11-01,05,quantile,0.025,4.8975415034554235
2025-10-11,2,wk inc flu hosp,2025-11-01,05,quantile,0.05,4.8975415034554235
2025-10-11,2,wk inc flu hosp,2025-11-01,05,quantile,0.1,4.8975415034554235
2025-10-11,2,wk inc flu hosp,2025-11-01,05,quantile,0.15,4.8975415034554235
2025-10-11,2,wk inc flu hosp,2025-11-01,05,quantile,0.2,4.8975415034554235
2025-10-11,2,wk inc flu hosp,2025-11-01,05,quantile,0.25,4.8975415034554235
2025-10-11,2,wk inc flu hosp,2025-11-01,05,quantile,0.3,4.8975415034554235
2025-10-11,2,wk inc flu hosp,2025-11-01,05,quantile,0.35,4.8975415034554235
2025-10-11,2,wk inc flu hosp,2025-11-01,05,quantile,0.4,4.8975415034554235
2025-10-11,2,wk inc flu hosp,2025-11-01,05,quantile,0.45,4.8975415034554235
2025-10-11,2,wk inc flu hosp,2025-11-01,05,quantile,0.5,4.8975415034554235
2025-10-11,2,wk inc flu hosp,2025-11-01,05,quantile,0.55,4.8975415034554235
2025-10-11,2,wk inc flu hosp,2025-11-01,05,quantile,0.6,4.8975415034554235
2025-10-11,2,wk inc flu hosp,2025-11-01,05,quantile,0.65,4.8975415034554235
2025-10-11,2,wk inc flu hosp,2025-11-01,05,quantile,0.7,4.8975415034554235
2025-10-11,2,wk inc flu hosp,2025-11-01,05,quantile,0.75,4.8975415034554235
2025-10-11,2,wk inc flu hosp,2025-11-01,05,quantile,0.8,4.8975415034554235
2025-10-11,2,wk inc flu hosp,2025-11-01,05,quantile,0.85,4.8975415034554235
2025-10-11,2,wk inc flu hosp,2025-11-01,05,quantile,0.9,4.8975415034554235
2025-10-11,2,wk inc flu hosp,2025-11-01,05,quantile,0.95,4.8975415034554235
2025-10-11,2,wk inc flu hosp,2025-11-01,05,quantile,0.975,4.8975415034554235
2025-10-11,2,wk inc flu hosp,2025-11-01,05,quantile,0.99,4.8975415034554235
2025-10-18,2,wk inc flu hosp,2025-11-08,05,quantile,0.01,4.156033522337421
2025-10-18,2,wk inc flu hosp,2025-11-08,05,quantile,0.025,4.156033522337421
2025-10-18,2,wk inc flu hosp,2025-11-08,05,quantile,0.05,4.156033522337421
2025-10-18,2,wk inc flu hosp,2025-11-08,05,quantile,0.1,4.156033522337421
2025-10-18,2,wk inc flu hosp,2025-11-08,05,quantile,0.15,4.156033522337421
2025-10-18,2,wk inc flu hosp,2025-11-08,05,quantile,0.2,4.156033522337421
2025-10-18,2,wk inc flu hosp,2025-11-08,05,quantile,0.25,4.156033522337421
2025-10-18,2,wk inc flu hosp,2025-11-08,05,quantile,0.3,4.156033522337421
2025-10-18,2,wk inc flu hosp,2025-11-08,05,quantile,0.35,4.156033522337421
2025-10-18,2,wk inc flu hosp,2025-11-08,05,quantile,0.4,4.156033522337421
2025-10-18,2,wk inc flu hosp,2025-11-08,05,quantile,0.45,4.156033522337421
2025-10-18,2,wk inc flu hosp,2025-11-08,05,quantile,0.5,4.156033522337421
2025-10-18,2,wk inc flu hosp,2025-11-08,05,quantile,0.55,4.156033522337421
2025-10-18,2,wk inc flu hosp,2025-11-08,05,quantile,0.6,4.156033522337421
2025-10-18,2,wk inc flu hosp,2025-11-08,05,quantile,0.65,4.156033522337421
2025-10-18,2,wk inc flu hosp,2025-11-08,05,quantile,0.7,4.156033522337421
2025-10-18,2,wk inc flu hosp,2025-11-08,05,quantile,0.75,4.156033522337421
2025-10-18,2,wk inc flu hosp,2025-11-08,05,quantile,0.8,4.156033522337421
2025-10-18,2,wk inc flu hosp,2025-11-08,05,quantile,0.85,4.156033522337421
2025-10-18,2,wk inc flu hosp,2025-11-08,05,quantile,0.9,4.156033522337421
2025-10-18,2,wk inc flu hosp,2025-11-08,05,quantile,0.95,4.156033522337421
2025-10-18,2,wk inc flu hosp,2025-11-08,05,quantile,0.975,4.156033522337421
2025-10-18,2,wk inc flu hosp,2025-11-08,05,quantile,0.99,4.156033522337421
2025-10-25,2,wk inc flu hosp,2025-11-15,05,quantile,0.01,5.2379322144608675
2025-10-25,2,wk inc flu hosp,2025-11-15,05,quantile,0.025,5.2379322144608675
2025-10-25,2,wk inc flu hosp,2025-11-15,05,quantile,0.05,5.2379322144608675
2025-10-25,2,wk inc flu hosp,2025-11-15,05,quantile,0.1,5.2379322144608675
2025-10-25,2,wk inc flu hosp,2025-11-15,05,quantile,0.15,5.2379322144608675
2025-10-25,2,wk inc flu hosp,2025-11-15,05,quantile,0.2,5.2379322144608675
2025-10-25,2,wk inc flu hosp,2025-11-15,05,quantile,0.25,5.2379322144608675
2025-10-25,2,wk inc flu hosp,2025-11-15,05,quantile,0.3,5.2379322144608675
2025-10-25,2,wk inc flu hosp,2025-11-15,05,quantile,0.35,5.2379322144608675
2025-10-25,2,wk inc flu hosp,2025-11-15,05,quantile,0.4,5.2379322144608675
2025-10-25,2,wk inc flu hosp,2025-11-15,05,quantile,0.45,5.2379322144608675
2025-10-25,2,wk inc flu hosp,2025-11-15,05,quantile,0.5,5.2379322144608675
2025-10-25,2,wk inc flu hosp,2025-11-15,05,quantile,0.55,5.2379322144608675
2025-10-25,2,wk inc flu hosp,2025-11-15,05,quantile,0.6,5.2379322144608675
2025-10-25,2,wk inc flu hosp,2025-11-15,05,quantile,0.65,5.2379322144608675
2025-10-25,2,wk inc flu hosp,2025-11-15,05,quantile,0.7,5.2379322144608675
2025-10-25,2,wk inc flu hosp,2025-11-15,05,quantile,0.75,5.2379322144608675
2025-10-25,2,wk inc flu hosp,2025-11-15,05,quantile,0.8,5.2379322144608675
2025-10-25,2,wk inc flu hosp,2025-11-15,05,quantile,0.85,5.2379322144608675
2025-10-25,2,wk inc flu hosp,2025-11-15,05,quantile,0.9,5.2379322144608675
2025-10-25,2,wk inc flu hosp,2025-11-15,05,quantile,0.95,5.2379322144608675
2025-10-25,2,wk inc flu hosp,2025-11-15,05,quantile,0.975,5.2379322144608675
2025-10-25,2,wk inc flu hosp,2025-11-15,05,quantile,0.99,5.2379322144608675
2025-11-01,2,wk inc flu hosp,2025-11-22,05,quantile,0.01,15.098455351657876
2025-11-01,2,wk inc flu hosp,2025-11-22,05,quantile,0.025,15.098455351657876
2025-11-01,2,wk inc flu hosp,2025-11-22,05,quantile,0.05,15.098455351657876
2025-11-01,2,wk inc flu hosp,2025-11-22,05,quantile,0.1,15.098455351657876
2025-11-01,2,wk inc flu hosp,2025-11-22,05,quantile,0.15,15.098455351657876
2025-11-01,2,wk inc flu hosp,2025-11-22,05,quantile,0.2,15.098455351657876
2025-11-01,2,wk inc flu hosp,2025-11-22,05,quantile,0.25,15.098455351657876
2025-11-01,2,wk inc flu hosp,2025-11-22,05,quantile,0.3,15.098455351657876
2025-11-01,2,wk inc flu hosp,2025-11-22,05,quantile,0.35,15.098455351657876
2025-11-01,2,wk inc flu hosp,2025-11-22,05,quantile,0.4,15.098455351657876
2025-11-01,2,wk inc flu hosp,2025-11-22,05,quantile,0.45,15.098455351657876
2025-11-01,2,wk inc flu hosp,2025-11-22,05,quantile,0.5,15.098455351657876
2025-11-01,2,wk inc flu hosp,2025-11-22,05,quantile,0.55,15.098455351657876
2025-11-01,2,wk inc flu hosp,2025-11-22,05,quantile,0.6,15.098455351657876
2025-11-01,2,wk inc flu hosp,2025-11-22,05,quantile,0.65,15.098455351657876
2025-11-01,2,wk inc flu hosp,2025-11-22,05,quantile,0.7,15.098455351657876
2025-11-01,2,wk inc flu hosp,2025-11-22,05,quantile,0.75,15.098455351657876
2025-11-01,2,wk inc flu hosp,2025-11-22,05,quantile,0.8,15.098455351657876
2025-11-01,2,wk inc flu hosp,2025-11-22,05,quantile,0.85,15.098455351657876
2025-11-01,2,wk inc flu hosp,2025-11-22,05,quantile,0.9,15.098455351657876
2025-11-01,2,wk inc flu hosp,2025-11-22,05,quantile,0.95,15.098455351657876
2025-11-01,2,wk inc flu hosp,2025-11-22,05,quantile,0.975,15.098455351657876
2025-11-01,2,wk inc flu hosp,2025-11-22,05,quantile,0.99,15.098455351657876
2025-09-20,2,wk inc flu hosp,2025-10-11,06,quantile,0.01,80.2912419969092
2025-09-20,2,wk inc flu hosp,2025-10-11,06,quantile,0.025,80.2912419969092
2025-09-20,2,wk inc flu hosp,2025-10-11,06,quantile,0.05,80.2912419969092
2025-09-20,2,wk inc flu hosp,2025-10-11,06,quantile,0.1,80.2912419969092
2025-09-20,2,wk inc flu hosp,2025-10-11,06,quantile,0.15,80.2912419969092
2025-09-20,2,wk inc flu hosp,2025-10-11,06,quantile,0.2,80.2912419969092
2025-09-20,2,wk inc flu hosp,2025-10-11,06,quantile,0.25,80.2912419969092
2025-09-20,2,wk inc flu hosp,2025-10-11,06,quantile,0.3,80.2912419969092
2025-09-20,2,wk inc flu hosp,2025-10-11,06,quantile,0.35,80.2912419969092
2025-09-20,2,wk inc flu hosp,2025-10-11,06,quantile,0.4,80.2912419969092
2025-09-20,2,wk inc flu hosp,2025-10-11,06,quantile,0.45,80.2912419969092
2025-09-20,2,wk inc flu hosp,2025-10-11,06,quantile,0.5,80.2912419969092
2025-09-20,2,wk inc flu hosp,2025-10-11,06,quantile,0.55,80.2912419969092
2025-09-20,2,wk inc flu hosp,2025-10-11,06,quantile,0.6,80.2912419969092
2025-09-20,2,wk inc flu hosp,2025-10-11,06,quantile,0.65,80.2912419969092
2025-09-20,2,wk inc flu hosp,2025-10-11,06,quantile,0.7,80.2912419969092
2025-09-20,2,wk inc flu hosp,2025-10-11,06,quantile,0.75,80.2912419969092
2025-09-20,2,wk inc flu hosp,2025-10-11,06,quantile,0.8,80.2912419969092
2025-09-20,2,wk inc flu hosp,2025-10-11,06,quantile,0.85,80.2912419969092
2025-09-20,2,wk inc flu hosp,2025-10-11,06,quantile,0.9,80.2912419969092
2025-09-20,2,wk inc flu hosp,2025-10-11,06,quantile,0.95,80.2912419969092
2025-09-20,2,wk inc flu hosp,2025-10-11,06,quantile,0.975,80.2912419969092
2025-09-20,2,wk inc flu hosp,2025-10-11,06,quantile,0.99,80.2912419969092
2025-09-27,2,wk inc flu hosp,2025-10-18,06,quantile,0.01,94.60695658212248
2025-09-27,2,wk inc flu hosp,2025-10-18,06,quantile,0.025,94.60695658212248
2025-09-27,2,wk inc flu hosp,2025-10-18,06,quantile,0.05,94.60695658212248
2025-09-27,2,wk inc flu hosp,2025-10-18,06,quantile,0.1,94.60695658212248
2025-09-27,2,wk inc flu hosp,2025-10-18,06,quantile,0.15,94.60695658212248
2025-09-27,2,wk inc flu hosp,2025-10-18,06,quantile,0.2,94.60695658212248
2025-09-27,2,wk inc flu hosp,2025-10-18,06,quantile,0.25,94.60695658212248
2025-09-27,2,wk inc flu hosp,2025-10-18,06,quantile,0.3,94.60695658212248
2025-09-27,2,wk inc flu hosp,2025-10-18,06,quantile,0.35,94.60695658212248
2025-09-27,2,wk inc flu hosp,2025-10-18,06,quantile,0.4,94.60695658212248
2025-09-27,2,wk inc flu hosp,2025-10-18,06,quantile,0.45,94.60695658212248
2025-09-27,2,wk inc flu hosp,2025-10-18,06,quantile,0.5,94.60695658212248
2025-09-27,2,wk inc flu hosp,2025-10-18,06,quantile,0.55,94.60695658212248
2025-09-27,2,wk inc flu hosp,2025-10-18,06,quantile,0.6,94.60695658212248
2025-09-27,2,wk inc flu hosp,2025-10-18,06,quantile,0.65,94.60695658212248
2025-09-27,2,wk inc flu hosp,2025-10-18,06,quantile,0.7,94.60695658212248
2025-09-27,2,wk inc flu hosp,2025-10-18,06,quantile,0.75,94.60695658212248
2025-09-27,2,wk inc flu hosp,2025-10-18,06,quantile,0.8,94.60695658212248
2025-09-27,2,wk inc flu hosp,2025-10-18,06,quantile,0.85,94.60695658212248
2025-09-27,2,wk inc flu hosp,2025-10-18,06,quantile,0.9,94.60695658212248
2025-09-27,2,wk inc flu hosp,2025-10-18,06,quantile,0.95,94.60695658212248
2025-09-27,2,wk inc flu hosp,2025-10-18,06,quantile,0.975,94.60695658212248
2025-09-27,2,wk inc flu hosp,2025-10-18,06,quantile,0.99,94.60695658212248
2025-10-04,2,wk inc flu hosp,2025-10-25,06,quantile,0.01,63.29725634085695
2025-10-04,2,wk inc flu hosp,2025-10-25,06,quantile,0.025,63.29725634085695
2025-10-04,2,wk inc flu hosp,2025-10-25,06,quantile,0.05,63.29725634085695
2025-10-04,2,wk inc flu hosp,2025-10-25,06,quantile,0.1,63.29725634085695
2025-10-04,2,wk inc flu hosp,2025-10-25,06,quantile,0.15,63.29725634085695
2025-10-04,2,wk inc flu hosp,2025-10-25,06,quantile,0.2,63.29725634085695
2025-10-04,2,wk inc flu hosp,2025-10-25,06,quantile,0.25,63.29725634085695
2025-10-04,2,wk inc flu hosp,2025-10-25,06,quantile,0.3,63.29725634085695
2025-10-04,2,wk inc flu hosp,2025-10-25,06,quantile,0.35,63.29725634085695
2025-10-04,2,wk inc flu hosp,2025-10-25,06,quantile,0.4,63.29725634085695
2025-10-04,2,wk inc flu hosp,2025-10-25,06,quantile,0.45,63.29725634085695
2025-10-04,2,wk inc flu hosp,2025-10-25,06,quantile,0.5,63.29725634085695
2025-10-04,2,wk inc flu hosp,2025-10-25,06,quantile,0.55,63.29725634085695
2025-10-04,2,wk inc flu hosp,2025-10-25,06,quantile,0.6,63.29725634085695
2025-10-04,2,wk inc flu hosp,2025-10-25,06,quantile,0.65,63.29725634085695
2025-10-04,2,wk inc flu hosp,2025-10-25,06,quantile,0.7,63.29725634085695
2025-10-04,2,wk inc flu hosp,2025-10-25,06,quantile,0.75,63.29725634085695
2025-10-04,2,wk inc flu hosp,2025-10-25,06,quantile,0.8,63.29725634085695
2025-10-04,2,wk inc flu hosp,2025-10-25,06,quantile,0.85,63.29725634085695
2025-10-04,2,wk inc flu hosp,2025-10-25,06,quantile,0.9,63.29725634085695
2025-10-04,2,wk inc flu hosp,2025-10-25,06,quantile,0.95,63.29725634085695
2025-10-04,2,wk inc flu hosp,2025-10-25,06,quantile,0.975,63.29725634085695
2025-10-04,2,wk inc flu hosp,2025-10-25,06,quantile,0.99,63.29725634085695
2025-10-11,2,wk inc flu hosp,2025-11-01,06,quantile,0.01,83.96861580243184
2025-10-11,2,wk inc flu hosp,2025-11-01,06,quantile,0.025,83.96861580243184
2025-10-11,2,wk inc flu hosp,2025-11-01,06,quantile,0.05,83.96861580243184
2025-10-11,2,wk inc flu hosp,2025-11-01,06,quantile,0.1,83.96861580243184
2025-10-11,2,wk inc flu hosp,2025-11-01,06,quantile,0.15,83.96861580243184
2025-10-11,2,wk inc flu hosp,2025-11-01,06,quantile,0.2,83.96861580243184
2025-10-11,2,wk inc flu hosp,2025-11-01,06,quantile,0.25,83.96861580243184
2025-10-11,2,wk inc flu hosp,2025-11-01,06,quantile,0.3,83.96861580243184
2025-10-11,2,wk inc flu hosp,2025-11-01,06,quantile,0.35,83.96861580243184
2025-10-11,2,wk inc flu hosp,2025-11-01,06,quantile,0.4,83.96861580243184
2025-10-11,2,wk inc flu hosp,2025-11-01,06,quantile,0.45,83.96861580243184
2025-10-11,2,wk inc flu hosp,2025-11-01,06,quantile,0.5,83.96861580243184
2025-10-11,2,wk inc flu hosp,2025-11-01,06,quantile,0.55,83.96861580243184
2025-10-11,2,wk inc flu hosp,2025-11-01,06,quantile,0.6,83.96861580243184
2025-10-11,2,wk inc flu hosp,2025-11-01,06,quantile,0.65,83.96861580243184
2025-10-11,2,wk inc flu hosp,2025-11-01,06,quantile,0.7,83.96861580243184
2025-10-11,2,wk inc flu hosp,2025-11-01,06,quantile,0.75,83.96861580243184
2025-10-11,2,wk inc flu hosp,2025-11-01,06,quantile,0.8,83.96861580243184
2025-10-11,2,wk inc flu hosp,2025-11-01,06,quantile,0.85,83.96861580243184
2025-10-11,2,wk inc flu hosp,2025-11-01,06,quantile,0.9,83.96861580243184
2025-10-11,2,wk inc flu hosp,2025-11-01,06,quantile,0.95,83.96861580243184
2025-10-11,2,wk inc flu hosp,2025-11-01,06,quantile,0.975,83.96861580243184
2025-10-11,2,wk inc flu hosp,2025-11-01,06,quantile,0.99,83.96861580243184
2025-10-18,2,wk inc flu hosp,2025-11-08,06,quantile,0.01,101.74760890840234
2025-10-18,2,wk inc flu hosp,2025-11-08,06,quantile,0.025,101.74760890840234
2025-10-18,2,wk inc flu hosp,2025-11-08,06,quantile,0.05,101.74760890840234
2025-10-18,2,wk inc flu hosp,2025-11-08,06,quantile,0.1,101.74760890840234
2025-10-18,2,wk inc flu hosp,2025-11-08,06,quantile,0.15,101.74760890840234
2025-10-18,2,wk inc flu hosp,2025-11-08,06,quantile,0.2,101.74760890840234
2025-10-18,2,wk inc flu hosp,2025-11-08,06,quantile,0.25,101.74760890840234
2025-10-18,2,wk inc flu hosp,2025-11-08,06,quantile,0.3,101.74760890840234
2025-10-18,2,wk inc flu hosp,2025-11-08,06,quantile,0.35,101.74760890840234
2025-10-18,2,wk inc flu hosp,2025-11-08,06,quantile,0.4,101.74760890840234
2025-10-18,2,wk inc flu hosp,2025-11-08,06,quantile,0.45,101.74760890840234
2025-10-18,2,wk inc flu hosp,2025-11-08,06,quantile,0.5,101.74760890840234
2025-10-18,2,wk inc flu hosp,2025-11-08,06,quantile,0.55,101.74760890840234
2025-10-18,2,wk inc flu hosp,2025-11-08,06,quantile,0.6,101.74760890840234
2025-10-18,2,wk inc flu hosp,2025-11-08,06,quantile,0.65,101.74760890840234
2025-10-18,2,wk inc flu hosp,2025-11-08,06,quantile,0.7,101.74760890840234
2025-10-18,2,wk inc flu hosp,2025-11-08,06,quantile,0.75,101.74760890840234
2025-10-18,2,wk inc flu hosp,2025-11-08,06,quantile,0.8,101.74760890840234
2025-10-18,2,wk inc flu hosp,2025-11-08,06,quantile,0.85,101.74760890840234
2025-10-18,2,wk inc flu hosp,2025-11-08,06,quantile,0.9,101.74760890840234
2025-10-18,2,wk inc flu hosp,2025-11-08,06,quantile,0.95,101.74760890840234
2025-10-18,2,wk inc flu hosp,2025-11-08,06,quantile,0.975,101.74760890840234
2025-10-18,2,wk inc flu hosp,2025-11-08,06,quantile,0.99,101.74760890840234
2025-10-25,2,wk inc flu hosp,2025-11-15,06,quantile,0.01,140.62081125398646
2025-10-25,2,wk inc flu hosp,2025-11-15,06,quantile,0.025,140.62081125398646
2025-10-25,2,wk inc flu hosp,2025-11-15,06,quantile,0.05,140.62081125398646
2025-10-25,2,wk inc flu hosp,2025-11-15,06,quantile,0.1,140.62081125398646
2025-10-25,2,wk inc flu hosp,2025-11-15,06,quantile,0.15,140.62081125398646
2025-10-25,2,wk inc flu hosp,2025-11-15,06,quantile,0.2,140.62081125398646
2025-10-25,2,wk inc flu hosp,2025-11-15,06,quantile,0.25,140.62081125398646
2025-10-25,2,wk inc flu hosp,2025-11-15,06,quantile,0.3,140.62081125398646
2025-10-25,2,wk inc flu hosp,2025-11-15,06,quantile,0.35,140.62081125398646
2025-10-25,2,wk inc flu hosp,2025-11-15,06,quantile,0.4,140.62081125398646
2025-10-25,2,wk inc flu hosp,2025-11-15,06,quantile,0.45,140.62081125398646
2025-10-25,2,wk inc flu hosp,2025-11-15,06,quantile,0.5,140.62081125398646
2025-10-25,2,wk inc flu hosp,2025-11-15,06,quantile,0.55,140.62081125398646
2025-10-25,2,wk inc flu hosp,2025-11-15,06,quantile,0.6,140.62081125398646
2025-10-25,2,wk inc flu hosp,2025-11-15,06,quantile,0.65,140.62081125398646
2025-10-25,2,wk inc flu hosp,2025-11-15,06,quantile,0.7,140.62081125398646
2025-10-25,2,wk inc flu hosp,2025-11-15,06,quantile,0.75,140.62081125398646
2025-10-25,2,wk inc flu hosp,2025-11-15,06,quantile,0.8,140.62081125398646
2025-10-25,2,wk inc flu hosp,2025-11-15,06,quantile,0.85,140.62081125398646
2025-10-25,2,wk inc flu hosp,2025-11-15,06,quantile,0.9,140.62081125398646
2025-10-25,2,wk inc flu hosp,2025-11-15,06,quantile,0.95,140.62081125398646
2025-10-25,2,wk inc flu hosp,2025-11-15,06,quantile,0.975,140.62081125398646
2025-10-25,2,wk inc flu hosp,2025-11-15,06,quantile,0.99,140.62081125398646
2025-11-01,2,wk inc flu hosp,2025-11-22,06,quantile,0.01,127.30825847649487
2025-11-01,2,wk inc flu hosp,2025-11-22,06,quantile,0.025,127.30825847649487
2025-11-01,2,wk inc flu hosp,2025-11-22,06,quantile,0.05,127.30825847649487
2025-11-01,2,wk inc flu hosp,2025-11-22,06,quantile,0.1,127.30825847649487
2025-11-01,2,wk inc flu hosp,2025-11-22,06,quantile,0.15,127.30825847649487
2025-11-01,2,wk inc flu hosp,2025-11-22,06,quantile,0.2,127.30825847649487
2025-11-01,2,wk inc flu hosp,2025-11-22,06,quantile,0.25,127.30825847649487
2025-11-01,2,wk inc flu hosp,2025-11-22,06,quantile,0.3,127.30825847649487
2025-11-01,2,wk inc flu hosp,2025-11-22,06,quantile,0.35,127.30825847649487
2025-11-01,2,wk inc flu hosp,2025-11-22,06,quantile,0.4,127.30825847649487
2025-11-01,2,wk inc flu hosp,2025-11-22,06,quantile,0.45,127.30825847649487
2025-11-01,2,wk inc flu hosp,2025-11-22,06,quantile,0.5,127.30825847649487
2025-11-01,2,wk inc flu hosp,2025-11-22,06,quantile,0.55,127.30825847649487
2025-11-01,2,wk inc flu hosp,2025-11-22,06,quantile,0.6,127.30825847649487
2025-11-01,2,wk inc flu hosp,2025-11-22,06,quantile,0.65,127.30825847649487
2025-11-01,2,wk inc flu hosp,2025-11-22,06,quantile,0.7,127.30825847649487
2025-11-01,2,wk inc flu hosp,2025-11-22,06,quantile,0.75,127.30825847649487
2025-11-01,2,wk inc flu hosp,2025-11-22,06,quantile,0.8,127.30825847649487
2025-11-01,2,wk inc flu hosp,2025-11-22,06,quantile,0.85,127.30825847649487
2025-11-01,2,wk inc flu hosp,2025-11-22,06,quantile,0.9,127.30825847649487
2025-11-01,2,wk inc flu hosp,2025-11-22,06,quantile,0.95,127.30825847649487
2025-11-01,2,wk inc flu hosp,2025-11-22,06,quantile,0.975,127.30825847649487
2025-11-01,2,wk inc flu hosp,2025-11-22,06,quantile,0.99,127.30825847649487
2025-09-20,2,wk inc flu hosp,2025-10-11,08,quantile,0.01,4.376142068216577
2025-09-20,2,wk inc flu hosp,2025-10-11,08,quantile,0.025,4.376142068216577
2025-09-20,2,wk inc flu hosp,2025-10-11,08,quantile,0.05,4.376142068216577
2025-09-20,2,wk inc flu hosp,2025-10-11,08,quantile,0.1,4.376142068216577
2025-09-20,2,wk inc flu hosp,2025-10-11,08,quantile,0.15,4.376142068216577
2025-09-20,2,wk inc flu hosp,2025-10-11,08,quantile,0.2,4.376142068216577
2025-09-20,2,wk inc flu hosp,2025-10-11,08,quantile,0.25,4.376142068216577
2025-09-20,2,wk inc flu hosp,2025-10-11,08,quantile,0.3,4.376142068216577
2025-09-20,2,wk inc flu hosp,2025-10-11,08,quantile,0.35,4.376142068216577
2025-09-20,2,wk inc flu hosp,2025-10-11,08,quantile,0.4,4.376142068216577
2025-09-20,2,wk inc flu hosp,2025-10-11,08,quantile,0.45,4.376142068216577
2025-09-20,2,wk inc flu hosp,2025-10-11,08,quantile,0.5,4.376142068216577
2025-09-20,2,wk inc flu hosp,2025-10-11,08,quantile,0.55,4.376142068216577
2025-09-20,2,wk inc flu hosp,2025-10-11,08,quantile,0.6,4.376142068216577
2025-09-20,2,wk inc flu hosp,2025-10-11,08,quantile,0.65,4.376142068216577
2025-09-20,2,wk inc flu hosp,2025-10-11,08,quantile,0.7,4.376142068216577
2025-09-20,2,wk inc flu hosp,2025-10-11,08,quantile,0.75,4.376142068216577
2025-09-20,2,wk inc flu hosp,2025-10-11,08,quantile,0.8,4.376142068216577
2025-09-20,2,wk inc flu hosp,2025-10-11,08,quantile,0.85,4.376142068216577
2025-09-20,2,wk inc flu hosp,2025-10-11,08,quantile,0.9,4.376142068216577
2025-09-20,2,wk inc flu hosp,2025-10-11,08,quantile,0.95,4.376142068216577
2025-09-20,2,wk inc flu hosp,2025-10-11,08,quantile,0.975,4.376142068216577
2025-09-20,2,wk inc flu hosp,2025-10-11,08,quantile,0.99,4.376142068216577
2025-09-27,2,wk inc flu hosp,2025-10-18,08,quantile,0.01,9.658017140564096
2025-09-27,2,wk inc flu hosp,2025-10-18,08,quantile,0.025,9.658017140564096
2025-09-27,2,wk inc flu hosp,2025-10-18,08,quantile,0.05,9.658017140564096
2025-09-27,2,wk inc flu hosp,2025-10-18,08,quantile,0.1,9.658017140564096
2025-09-27,2,wk inc flu hosp,2025-10-18,08,quantile,0.15,9.658017140564096
2025-09-27,2,wk inc flu hosp,2025-10-18,08,quantile,0.2,9.658017140564096
2025-09-27,2,wk inc flu hosp,2025-10-18,08,quantile,0.25,9.658017140564096
2025-09-27,2,wk inc flu hosp,2025-10-18,08,quantile,0.3,9.658017140564096
2025-09-27,2,wk inc flu hosp,2025-10-18,08,quantile,0.35,9.658017140564096
2025-09-27,2,wk inc flu hosp,2025-10-18,08,quantile,0.4,9.658017140564096
2025-09-27,2,wk inc flu hosp,2025-10-18,08,quantile,0.45,9.658017140564096
2025-09-27,2,wk inc flu hosp,2025-10-18,08,quantile,0.5,9.658017140564096
2025-09-27,2,wk inc flu hosp,2025-10-18,08,quantile,0.55,9.658017140564096
2025-09-27,2,wk inc flu hosp,2025-10-18,08,quantile,0.6,9.658017140564096
2025-09-27,2,wk inc flu hosp,2025-10-18,08,quantile,0.65,9.658017140564096
2025-09-27,2,wk inc flu hosp,2025-10-18,08,quantile,0.7,9.658017140564096
2025-09-27,2,wk inc flu hosp,2025-10-18,08,quantile,0.75,9.658017140564096
2025-09-27,2,wk inc flu hosp,2025-10-18,08,quantile,0.8,9.658017140564096
2025-09-27,2,wk inc flu hosp,2025-10-18,08,quantile,0.85,9.658017140564096
2025-09-27,2,wk inc flu hosp,2025-10-18,08,quantile,0.9,9.658017140564096
2025-09-27,2,wk inc flu hosp,2025-10-18,08,quantile,0.95,9.658017140564096
2025-09-27,2,wk inc flu hosp,2025-10-18,08,quantile,0.975,9.658017140564096
2025-09-27,2,wk inc flu hosp,2025-10-18,08,quantile,0.99,9.658017140564096
2025-10-04,2,wk inc flu hosp,2025-10-25,08,quantile,0.01,5.7160405531384635
2025-10-04,2,wk inc flu hosp,2025-10-25,08,quantile,0.025,5.7160405531384635
2025-10-04,2,wk inc flu hosp,2025-10-25,08,quantile,0.05,5.7160405531384635
2025-10-04,2,wk inc flu hosp,2025-10-25,08,quantile,0.1,5.7160405531384635
2025-10-04,2,wk inc flu hosp,2025-10-25,08,quantile,0.15,5.7160405531384635
2025-10-04,2,wk inc flu hosp,2025-10-25,08,quantile,0.2,5.7160405531384635
2025-10-04,2,wk inc flu hosp,2025-10-25,08,quantile,0.25,5.7160405531384635
2025-10-04,2,wk inc flu hosp,2025-10-25,08,quantile,0.3,5.7160405531384635
2025-10-04,2,wk inc flu hosp,2025-10-25,08,quantile,0.35,5.7160405531384635
2025-10-04,2,wk inc flu hosp,2025-10-25,08,quantile,0.4,5.7160405531384635
2025-10-04,2,wk inc flu hosp,2025-10-25,08,quantile,0.45,5.7160405531384635
2025-10-04,2,wk inc flu hosp,2025-10-25,08,quantile,0.5,5.7160405531384635
2025-10-04,2,wk inc flu hosp,2025-10-25,08,quantile,0.55,5.7160405531384635
2025-10-04,2,wk inc flu hosp,2025-10-25,08,quantile,0.6,5.7160405531384635
2025-10-04,2,wk inc flu hosp,2025-10-25,08,quantile,0.65,5.7160405531384635
2025-10-04,2,wk inc flu hosp,2025-10-25,08,quantile,0.7,5.7160405531384635
2025-10-04,2,wk inc flu hosp,2025-10-25,08,quantile,0.75,5.7160405531384635
2025-10-04,2,wk inc flu hosp,2025-10-25,08,quantile,0.8,5.7160405531384635
2025-10-04,2,wk inc flu hosp,2025-10-25,08,quantile,0.85,5.7160405531384635
2025-10-04,2,wk inc flu hosp,2025-10-25,08,quantile,0.9,5.7160405531384635
2025-10-04,2,wk inc flu hosp,2025-10-25,08,quantile,0.95,5.7160405531384635
2025-10-04,2,wk inc flu hosp,2025-10-25,08,quantile,0.975,5.7160405531384635
2025-10-04,2,wk inc flu hosp,2025-10-25,08,quantile,0.99,5.7160405531384635
2025-10-11,2,wk inc flu hosp,2025-11-01,08,quantile,0.01,3.4171514001545145
2025-10-11,2,wk inc flu hosp,2025-11-01,08,quantile,0.025,3.4171514001545145
2025-10-11,2,wk inc flu hosp,2025-11-01,08,quantile,0.05,3.4171514001545145
2025-10-11,2,wk inc flu hosp,2025-11-01,08,quantile,0.1,3.4171514001545145
2025-10-11,2,wk inc flu hosp,2025-11-01,08,quantile,0.15,3.4171514001545145
2025-10-11,2,wk inc flu hosp,2025-11-01,08,quantile,0.2,3.4171514001545145
2025-10-11,2,wk inc flu hosp,2025-11-01,08,quantile,0.25,3.4171514001545145
2025-10-11,2,wk inc flu hosp,2025-11-01,08,quantile,0.3,3.4171514001545145
2025-10-11,2,wk inc flu hosp,2025-11-01,08,quantile,0.35,3.4171514001545145
2025-10-11,2,wk inc flu hosp,2025-11-01,08,quantile,0.4,3.4171514001545145
2025-10-11,2,wk inc flu hosp,2025-11-01,08,quantile,0.45,3.4171514001545145
2025-10-11,2,wk inc flu hosp,2025-11-01,08,quantile,0.5,3.4171514001545145
2025-10-11,2,wk inc flu hosp,2025-11-01,08,quantile,0.55,3.4171514001545145
2025-10-11,2,wk inc flu hosp,2025-11-01,08,quantile,0.6,3.4171514001545145
2025-10-11,2,wk inc flu hosp,2025-11-01,08,quantile,0.65,3.4171514001545145
2025-10-11,2,wk inc flu hosp,2025-11-01,08,quantile,0.7,3.4171514001545145
2025-10-11,2,wk inc flu hosp,2025-11-01,08,quantile,0.75,3.4171514001545145
2025-10-11,2,wk inc flu hosp,2025-11-01,08,quantile,0.8,3.4171514001545145
2025-10-11,2,wk inc flu hosp,2025-11-01,08,quantile,0.85,3.4171514001545145
2025-10-11,2,wk inc flu hosp,2025-11-01,08,quantile,0.9,3.4171514001545145
2025-10-11,2,wk inc flu hosp,2025-11-01,08,quantile,0.95,3.4171514001545145
2025-10-11,2,wk inc flu hosp,2025-11-01,08,quantile,0.975,3.4171514001545145
2025-10-11,2,wk inc flu hosp,2025-11-01,08,quantile,0.99,3.4171514001545145
2025-10-18,2,wk inc flu hosp,2025-11-08,08,quantile,0.01,9.966180303268231
2025-10-18,2,wk inc flu hosp,2025-11-08,08,quantile,0.025,9.966180303268231
2025-10-18,2,wk inc flu hosp,2025-11-08,08,quantile,0.05,9.966180303268231
2025-10-18,2,wk inc flu hosp,2025-11-08,08,quantile,0.1,9.966180303268231
2025-10-18,2,wk inc flu hosp,2025-11-08,08,quantile,0.15,9.966180303268231
2025-10-18,2,wk inc flu hosp,2025-11-08,08,quantile,0.2,9.966180303268231
2025-10-18,2,wk inc flu hosp,2025-11-08,08,quantile,0.25,9.966180303268231
2025-10-18,2,wk inc flu hosp,2025-11-08,08,quantile,0.3,9.966180303268231
2025-10-18,2,wk inc flu hosp,2025-11-08,08,quantile,0.35,9.966180303268231
2025-10-18,2,wk inc flu hosp,2025-11-08,08,quantile,0.4,9.966180303268231
2025-10-18,2,wk inc flu hosp,2025-11-08,08,quantile,0.45,9.966180303268231
2025-10-18,2,wk inc flu hosp,2025-11-08,08,quantile,0.5,9.966180303268231
2025-10-18,2,wk inc flu hosp,2025-11-08,08,quantile,0.55,9.966180303268231
2025-10-18,2,wk inc flu hosp,2025-11-08,08,quantile,0.6,9.966180303268231
2025-10-18,2,wk inc flu hosp,2025-11-08,08,quantile,0.65,9.966180303268231
2025-10-18,2,wk inc flu hosp,2025-11-08,08,quantile,0.7,9.966180303268231
2025-10-18,2,wk inc flu hosp,2025-11-08,08,quantile,0.75,9.966180303268231
2025-10-18,2,wk inc flu hosp,2025-11-08,08,quantile,0.8,9.966180303268231
2025-10-18,2,wk inc flu hosp,2025-11-08,08,quantile,0.85,9.966180303268231
2025-10-18,2,wk inc flu hosp,2025-11-08,08,quantile,0.9,9.966180303268231
2025-10-18,2,wk inc flu hosp,2025-11-08,08,quantile,0.95,9.966180303268231
2025-10-18,2,wk inc flu hosp,2025-11-08,08,quantile,0.975,9.966180303268231
2025-10-18,2,wk inc flu hosp,2025-11-08,08,quantile,0.99,9.966180303268231
2025-10-25,2,wk inc flu hosp,2025-11-15,08,quantile,0.01,15.246925396126374
2025-10-25,2,wk inc flu hosp,2025-11-15,08,quantile,0.025,15.246925396126374
2025-10-25,2,wk inc flu hosp,2025-11-15,08,quantile,0.05,15.246925396126374
2025-10-25,2,wk inc flu hosp,2025-11-15,08,quantile,0.1,15.246925396126374
2025-10-25,2,wk inc flu hosp,2025-11-15,08,quantile,0.15,15.246925396126374
2025-10-25,2,wk inc flu hosp,2025-11-15,08,quantile,0.2,15.246925396126374
2025-10-25,2,wk inc flu hosp,2025-11-15,08,quantile,0.25,15.246925396126374
2025-10-25,2,wk inc flu hosp,2025-11-15,08,quantile,0.3,15.246925396126374
2025-10-25,2,wk inc flu hosp,2025-11-15,08,quantile,0.35,15.246925396126374
2025-10-25,2,wk inc flu hosp,2025-11-15,08,quantile,0.4,15.246925396126374
2025-10-25,2,wk inc flu hosp,2025-11-15,08,quantile,0.45,15.246925396126374
2025-10-25,2,wk inc flu hosp,2025-11-15,08,quantile,0.5,15.246925396126374
2025-10-25,2,wk inc flu hosp,2025-11-15,08,quantile,0.55,15.246925396126374
2025-10-25,2,wk inc flu hosp,2025-11-15,08,quantile,0.6,15.246925396126374
2025-10-25,2,wk inc flu hosp,2025-11-15,08,quantile,0.65,15.246925396126374
2025-10-25,2,wk inc flu hosp,2025-11-15,08,quantile,0.7,15.246925396126374
2025-10-25,2,wk inc flu hosp,2025-11-15,08,quantile,0.75,15.246925396126374
2025-10-25,2,wk inc flu hosp,2025-11-15,08,quantile,0.8,15.246925396126374
2025-10-25,2,wk inc flu hosp,2025-11-15,08,quantile,0.85,15.246925396126374
2025-10-25,2,wk inc flu hosp,2025-11-15,08,quantile,0.9,15.246925396126374
2025-10-25,2,wk inc flu hosp,2025-11-15,08,quantile,0.95,15.246925396126374
2025-10-25,2,wk inc flu hosp,2025-11-15,08,quantile,0.975,15.246925396126374
2025-10-25,2,wk inc flu hosp,2025-11-15,08,quantile,0.99,15.246925396126374
2025-11-01,2,wk inc flu hosp,2025-11-22,08,quantile,0.01,30.175368177090427
2025-11-01,2,wk inc flu hosp,2025-11-22,08,quantile,0.025,30.175368177090427
2025-11-01,2,wk inc flu hosp,2025-11-22,08,quantile,0.05,30.175368177090427
2025-11-01,2,wk inc flu hosp,2025-11-22,08,quantile,0.1,30.175368177090427
2025-11-01,2,wk inc flu hosp,2025-11-22,08,quantile,0.15,30.175368177090427
2025-11-01,2,wk inc flu hosp,2025-11-22,08,quantile,0.2,30.175368177090427
2025-11-01,2,wk inc flu hosp,2025-11-22,08,quantile,0.25,30.175368177090427
2025-11-01,2,wk inc flu hosp,2025-11-22,08,quantile,0.3,30.175368177090427
2025-11-01,2,wk inc flu hosp,2025-11-22,08,quantile,0.35,30.175368177090427
2025-11-01,2,wk inc flu hosp,2025-11-22,08,quantile,0.4,30.175368177090427
2025-11-01,2,wk inc flu hosp,2025-11-22,08,quantile,0.45,30.175368177090427
2025-11-01,2,wk inc flu hosp,2025-11-22,08,quantile,0.5,30.175368177090427
2025-11-01,2,wk inc flu hosp,2025-11-22,08,quantile,0.55,30.175368177090427
2025-11-01,2,wk inc flu hosp,2025-11-22,08,quantile,0.6,30.175368177090427
2025-11-01,2,wk inc flu hosp,2025-11-22,08,quantile,0.65,30.175368177090427
2025-11-01,2,wk inc flu hosp,2025-11-22,08,quantile,0.7,30.175368177090427
2025-11-01,2,wk inc flu hosp,2025-11-22,08,quantile,0.75,30.175368177090427
2025-11-01,2,wk inc flu hosp,2025-11-22,08,quantile,0.8,30.175368177090427
2025-11-01,2,wk inc flu hosp,2025-11-22,08,quantile,0.85,30.175368177090427
2025-11-01,2,wk inc flu hosp,2025-11-22,08,quantile,0.9,30.175368177090427
2025-11-01,2,wk inc flu hosp,2025-11-22,08,quantile,0.95,30.175368177090427
2025-11-01,2,wk inc flu hosp,2025-11-22,08,quantile,0.975,30.175368177090427
2025-11-01,2,wk inc flu hosp,2025-11-22,08,quantile,0.99,30.175368177090427
2025-09-20,2,wk inc flu hosp,2025-10-11,09,quantile,0.01,8.99076658243979
2025-09-20,2,wk inc flu hosp,2025-10-11,09,quantile,0.025,8.99076658243979
2025-09-20,2,wk inc flu hosp,2025-10-11,09,quantile,0.05,8.99076658243979
2025-09-20,2,wk inc flu hosp,2025-10-11,09,quantile,0.1,8.99076658243979
2025-09-20,2,wk inc flu hosp,2025-10-11,09,quantile,0.15,8.99076658243979
2025-09-20,2,wk inc flu hosp,2025-10-11,09,quantile,0.2,8.99076658243979
2025-09-20,2,wk inc flu hosp,2025-10-11,09,quantile,0.25,8.99076658243979
2025-09-20,2,wk inc flu hosp,2025-10-11,09,quantile,0.3,8.99076658243979
2025-09-20,2,wk inc flu hosp,2025-10-11,09,quantile,0.35,8.99076658243979
2025-09-20,2,wk inc flu hosp,2025-10-11,09,quantile,0.4,8.99076658243979
2025-09-20,2,wk inc flu hosp,2025-10-11,09,quantile,0.45,8.99076658243979
2025-09-20,2,wk inc flu hosp,2025-10-11,09,quantile,0.5,8.99076658243979
2025-09-20,2,wk inc flu hosp,2025-10-11,09,quantile,0.55,8.99076658243979
2025-09-20,2,wk inc flu hosp,2025-10-11,09,quantile,0.6,8.99076658243979
2025-09-20,2,wk inc flu hosp,2025-10-11,09,quantile,0.65,8.99076658243979
2025-09-20,2,wk inc flu hosp,2025-10-11,09,quantile,0.7,8.99076658243979
2025-09-20,2,wk inc flu hosp,2025-10-11,09,quantile,0.75,8.99076658243979
2025-09-20,2,wk inc flu hosp,2025-10-11,09,quantile,0.8,8.99076658243979
2025-09-20,2,wk inc flu hosp,2025-10-11,09,quantile,0.85,8.99076658243979
2025-09-20,2,wk inc flu hosp,2025-10-11,09,quantile,0.9,8.99076658243979
2025-09-20,2,wk inc flu hosp,2025-10-11,09,quantile,0.95,8.99076658243979
2025-09-20,2,wk inc flu hosp,2025-10-11,09,quantile,0.975,8.99076658243979
2025-09-20,2,wk inc flu hosp,2025-10-11,09,quantile,0.99,8.99076658243979
2025-09-27,2,wk inc flu hosp,2025-10-18,09,quantile,0.01,5.295141710223088
2025-09-27,2,wk inc flu hosp,2025-10-18,09,quantile,0.025,5.295141710223088
2025-09-27,2,wk inc flu hosp,2025-10-18,09,quantile,0.05,5.295141710223088
2025-09-27,2,wk inc flu hosp,2025-10-18,09,quantile,0.1,5.295141710223088
2025-09-27,2,wk inc flu hosp,2025-10-18,09,quantile,0.15,5.295141710223088
2025-09-27,2,wk inc flu hosp,2025-10-18,09,quantile,0.2,5.295141710223088
2025-09-27,2,wk inc flu hosp,2025-10-18,09,quantile,0.25,5.295141710223088
2025-09-27,2,wk inc flu hosp,2025-10-18,09,quantile,0.3,5.295141710223088
2025-09-27,2,wk inc flu hosp,2025-10-18,09,quantile,0.35,5.295141710223088
2025-09-27,2,wk inc flu hosp,2025-10-18,09,quantile,0.4,5.295141710223088
2025-09-27,2,wk inc flu hosp,2025-10-18,09,quantile,0.45,5.295141710223088
2025-09-27,2,wk inc flu hosp,2025-10-18,09,quantile,0.5,5.295141710223088
2025-09-27,2,wk inc flu hosp,2025-10-18,09,quantile,0.55,5.295141710223088
2025-09-27,2,wk inc flu hosp,2025-10-18,09,quantile,0.6,5.295141710223088
2025-09-27,2,wk inc flu hosp,2025-10-18,09,quantile,0.65,5.295141710223088
2025-09-27,2,wk inc flu hosp,2025-10-18,09,quantile,0.7,5.295141710223088
2025-09-27,2,wk inc flu hosp,2025-10-18,09,quantile,0.75,5.295141710223088
2025-09-27,2,wk inc flu hosp,2025-10-18,09,quantile,0.8,5.295141710223088
2025-09-27,2,wk inc flu hosp,2025-10-18,09,quantile,0.85,5.295141710223088
2025-09-27,2,wk inc flu hosp,2025-10-18,09,quantile,0.9,5.295141710223088
2025-09-27,2,wk inc flu hosp,2025-10-18,09,quantile,0.95,5.295141710223088
2025-09-27,2,wk inc flu hosp,2025-10-18,09,quantile,0.975,5.295141710223088
2025-09-27,2,wk inc flu hosp,2025-10-18,09,quantile,0.99,5.295141710223088
2025-10-04,2,wk inc flu hosp,2025-10-25,09,quantile,0.01,6.2874649494542405
2025-10-04,2,wk inc flu hosp,2025-10-25,09,quantile,0.025,6.2874649494542405
2025-10-04,2,wk inc flu hosp,2025-10-25,09,quantile,0.05,6.2874649494542405
2025-10-04,2,wk inc flu hosp,2025-10-25,09,quantile,0.1,6.2874649494542405
2025-10-04,2,wk inc flu hosp,2025-10-25,09,quantile,0.15,6.2874649494542405
2025-10-04,2,wk inc flu hosp,2025-10-25,09,quantile,0.2,6.2874649494542405
2025-10-04,2,wk inc flu hosp,2025-10-25,09,quantile,0.25,6.2874649494542405
2025-10-04,2,wk inc flu hosp,2025-10-25,09,quantile,0.3,6.2874649494542405
2025-10-04,2,wk inc flu hosp,2025-10-25,09,quantile,0.35,6.2874649494542405
2025-10-04,2,wk inc flu hosp,2025-10-25,09,quantile,0.4,6.2874649494542405
2025-10-04,2,wk inc flu hosp,2025-10-25,09,quantile,0.45,6.2874649494542405
2025-10-04,2,wk inc flu hosp,2025-10-25,09,quantile,0.5,6.2874649494542405
2025-10-04,2,wk inc flu hosp,2025-10-25,09,quantile,0.55,6.2874649494542405
2025-10-04,2,wk inc flu hosp,2025-10-25,09,quantile,0.6,6.2874649494542405
2025-10-04,2,wk inc flu hosp,2025-10-25,09,quantile,0.65,6.2874649494542405
2025-10-04,2,wk inc flu hosp,2025-10-25,09,quantile,0.7,6.2874649494542405
2025-10-04,2,wk inc flu hosp,2025-10-25,09,quantile,0.75,6.2874649494542405
2025-10-04,2,wk inc flu hosp,2025-10-25,09,quantile,0.8,6.2874649494542405
2025-10-04,2,wk inc flu hosp,2025-10-25,09,quantile,0.85,6.2874649494542405
2025-10-04,2,wk inc flu hosp,2025-10-25,09,quantile,0.9,6.2874649494542405
2025-10-04,2,wk inc flu hosp,2025-10-25,09,quantile,0.95,6.2874649494542405
2025-10-04,2,wk inc flu hosp,2025-10-25,09,quantile,0.975,6.2874649494542405
2025-10-04,2,wk inc flu hosp,2025-10-25,09,quantile,0.99,6.2874649494542405
2025-10-11,2,wk inc flu hosp,2025-11-01,09,quantile,0.01,3.252713270373447
2025-10-11,2,wk inc flu hosp,2025-11-01,09,quantile,0.025,3.252713270373447
2025-10-11,2,wk inc flu hosp,2025-11-01,09,quantile,0.05,3.252713270373447
2025-10-11,2,wk inc flu hosp,2025-11-01,09,quantile,0.1,3.252713270373447
2025-10-11,2,wk inc flu hosp,2025-11-01,09,quantile,0.15,3.252713270373447
2025-10-11,2,wk inc flu hosp,2025-11-01,09,quantile,0.2,3.252713270373447
2025-10-11,2,wk inc flu hosp,2025-11-01,09,quantile,0.25,3.252713270373447
2025-10-11,2,wk inc flu hosp,2025-11-01,09,quantile,0.3,3.252713270373447
2025-10-11,2,wk inc flu hosp,2025-11-01,09,quantile,0.35,3.252713270373447
2025-10-11,2,wk inc flu hosp,2025-11-01,09,quantile,0.4,3.252713270373447
2025-10-11,2,wk inc flu hosp,2025-11-01,09,quantile,0.45,3.252713270373447
2025-10-11,2,wk inc flu hosp,2025-11-01,09,quantile,0.5,3.252713270373447
2025-10-11,2,wk inc flu hosp,2025-11-01,09,quantile,0.55,3.252713270373447
2025-10-11,2,wk inc flu hosp,2025-11-01,09,quantile,0.6,3.252713270373447
2025-10-11,2,wk inc flu hosp,2025-11-01,09,quantile,0.65,3.252713270373447
2025-10-11,2,wk inc flu hosp,2025-11-01,09,quantile,0.7,3.252713270373447
2025-10-11,2,wk inc flu hosp,2025-11-01,09,quantile,0.75,3.252713270373447
2025-10-11,2,wk inc flu hosp,2025-11-01,09,quantile,0.8,3.252713270373447
2025-10-11,2,wk inc flu hosp,2025-11-01,09,quantile,0.85,3.252713270373447
2025-10-11,2,wk inc flu hosp,2025-11-01,09,quantile,0.9,3.252713270373447
2025-10-11,2,wk inc flu hosp,2025-11-01,09,quantile,0.95,3.252713270373447
2025-10-11,2,wk inc flu hosp,2025-11-01,09,quantile,0.975,3.252713270373447
2025-10-11,2,wk inc flu hosp,2025-11-01,09,quantile,0.99,3.252713270373447
2025-10-18,2,wk inc flu hosp,2025-11-08,09,quantile,0.01,4.350380860075234
2025-10-18,2,wk inc flu hosp,2025-11-08,09,quantile,0.025,4.350380860075234
2025-10-18,2,wk inc flu hosp,2025-11-08,09,quantile,0.05,4.350380860075234
2025-10-18,2,wk inc flu hosp,2025-11-08,09,quantile,0.1,4.350380860075234
2025-10-18,2,wk inc flu hosp,2025-11-08,09,quantile,0.15,4.350380860075234
2025-10-18,2,wk inc flu hosp,2025-11-08,09,quantile,0.2,4.350380860075234
2025-10-18,2,wk inc flu hosp,2025-11-08,09,quantile,0.25,4.350380860075234
2025-10-18,2,wk inc flu hosp,2025-11-08,09,quantile,0.3,4.350380860075234
2025-10-18,2,wk inc flu hosp,2025-11-08,09,quantile,0.35,4.350380860075234
2025-10-18,2,wk inc flu hosp,2025-11-08,09,quantile,0.4,4.350380860075234
2025-10-18,2,wk inc flu hosp,2025-11-08,09,quantile,0.45,4.350380860075234
2025-10-18,2,wk inc flu hosp,2025-11-08,09,quantile,0.5,4.350380860075234
2025-10-18,2,wk inc flu hosp,2025-11-08,09,quantile,0.55,4.350380860075234
2025-10-18,2,wk inc flu hosp,2025-11-08,09,quantile,0.6,4.350380860075234
2025-10-18,2,wk inc flu hosp,2025-11-08,09,quantile,0.65,4.350380860075234
2025-10-18,2,wk inc flu hosp,2025-11-08,09,quantile,0.7,4.350380860075234
2025-10-18,2,wk inc flu hosp,2025-11-08,09,quantile,0.75,4.350380860075234
2025-10-18,2,wk inc flu hosp,2025-11-08,09,quantile,0.8,4.350380860075234
2025-10-18,2,wk inc flu hosp,2025-11-08,09,quantile,0.85,4.350380860075234
2025-10-18,2,wk inc flu hosp,2025-11-08,09,quantile,0.9,4.350380860075234
2025-10-18,2,wk inc flu hosp,2025-11-08,09,quantile,0.95,4.350380860075234
2025-10-18,2,wk inc flu hosp,2025-11-08,09,quantile,0.975,4.350380860075234
2025-10-18,2,wk inc flu hosp,2025-11-08,09,quantile,0.99,4.350380860075234
2025-10-25,2,wk inc flu hosp,2025-11-15,09,quantile,0.01,7.818611757441704
2025-10-25,2,wk inc flu hosp,2025-11-15,09,quantile,0.025,7.818611757441704
2025-10-25,2,wk inc flu hosp,2025-11-15,09,quantile,0.05,7.818611757441704
2025-10-25,2,wk inc flu hosp,2025-11-15,09,quantile,0.1,7.818611757441704
2025-10-25,2,wk inc flu hosp,2025-11-15,09,quantile,0.15,7.818611757441704
2025-10-25,2,wk inc flu hosp,2025-11-15,09,quantile,0.2,7.818611757441704
2025-10-25,2,wk inc flu hosp,2025-11-15,09,quantile,0.25,7.818611757441704
2025-10-25,2,wk inc flu hosp,2025-11-15,09,quantile,0.3,7.818611757441704
2025-10-25,2,wk inc flu hosp,2025-11-15,09,quantile,0.35,7.818611757441704
2025-10-25,2,wk inc flu hosp,2025-11-15,09,quantile,0.4,7.818611757441704
2025-10-25,2,wk inc flu hosp,2025-11-15,09,quantile,0.45,7.818611757441704
2025-10-25,2,wk inc flu hosp,2025-11-15,09,quantile,0.5,7.818611757441704
2025-10-25,2,wk inc flu hosp,2025-11-15,09,quantile,0.55,7.818611757441704
2025-10-25,2,wk inc flu hosp,2025-11-15,09,quantile,0.6,7.818611757441704
2025-10-25,2,wk inc flu hosp,2025-11-15,09,quantile,0.65,7.818611757441704
2025-10-25,2,wk inc flu hosp,2025-11-15,09,quantile,0.7,7.818611757441704
2025-10-25,2,wk inc flu hosp,2025-11-15,09,quantile,0.75,7.818611757441704
2025-10-25,2,wk inc flu hosp,2025-11-15,09,quantile,0.8,7.818611757441704
2025-10-25,2,wk inc flu hosp,2025-11-15,09,quantile,0.85,7.818611757441704
2025-10-25,2,wk inc flu hosp,2025-11-15,09,quantile,0.9,7.818611757441704
2025-10-25,2,wk inc flu hosp,2025-11-15,09,quantile,0.95,7.818611757441704
2025-10-25,2,wk inc flu hosp,2025-11-15,09,quantile,0.975,7.818611757441704
2025-10-25,2,wk inc flu hosp,2025-11-15,09,quantile,0.99,7.818611757441704
2025-11-01,2,wk inc flu hosp,2025-11-22,09,quantile,0.01,12.05842754144586
2025-11-01,2,wk inc flu hosp,2025-11-22,09,quantile,0.025,12.05842754144586
2025-11-01,2,wk inc flu hosp,2025-11-22,09,quantile,0.05,12.05842754144586
2025-11-01,2,wk inc flu hosp,2025-11-22,09,quantile,0.1,12.05842754144586
2025-11-01,2,wk inc flu hosp,2025-11-22,09,quantile,0.15,12.05842754144586
2025-11-01,2,wk inc flu hosp,2025-11-22,09,quantile,0.2,12.05842754144586
2025-11-01,2,wk inc flu hosp,2025-11-22,09,quantile,0.25,12.05842754144586
2025-11-01,2,wk inc flu hosp,2025-11-22,09,quantile,0.3,12.05842754144586
2025-11-01,2,wk inc flu hosp,2025-11-22,09,quantile,0.35,12.05842754144586
2025-11-01,2,wk inc flu hosp,2025-11-22,09,quantile,0.4,12.05842754144586
2025-11-01,2,wk inc flu hosp,2025-11-22,09,quantile,0.45,12.05842754144586
2025-11-01,2,wk inc flu hosp,2025-11-22,09,quantile,0.5,12.05842754144586
2025-11-01,2,wk inc flu hosp,2025-11-22,09,quantile,0.55,12.05842754144586
2025-11-01,2,wk inc flu hosp,2025-11-22,09,quantile,0.6,12.05842754144586
2025-11-01,2,wk inc flu hosp,2025-11-22,09,quantile,0.65,12.05842754144586
2025-11-01,2,wk inc flu hosp,2025-11-22,09,quantile,0.7,12.05842754144586
2025-11-01,2,wk inc flu hosp,2025-11-22,09,quantile,0.75,12.05842754144586
2025-11-01,2,wk inc flu hosp,2025-11-22,09,quantile,0.8,12.05842754144586
2025-11-01,2,wk inc flu hosp,2025-11-22,09,quantile,0.85,12.05842754144586
2025-11-01,2,wk inc flu hosp,2025-11-22,09,quantile,0.9,12.05842754144586
2025-11-01,2,wk inc flu hosp,2025-11-22,09,quantile,0.95,12.05842754144586
2025-11-01,2,wk inc flu hosp,2025-11-22,09,quantile,0.975,12.05842754144586
2025-11-01,2,wk inc flu hosp,2025-11-22,09,quantile,0.99,12.05842754144586
2025-09-20,2,wk inc flu hosp,2025-10-11,10,quantile,0.01,1.7790875575617977
2025-09-20,2,wk inc flu hosp,2025-10-11,10,quantile,0.025,1.7790875575617977
2025-09-20,2,wk inc flu hosp,2025-10-11,10,quantile,0.05,1.7790875575617977
2025-09-20,2,wk inc flu hosp,2025-10-11,10,quantile,0.1,1.7790875575617977
2025-09-20,2,wk inc flu hosp,2025-10-11,10,quantile,0.15,1.7790875575617977
2025-09-20,2,wk inc flu hosp,2025-10-11,10,quantile,0.2,1.7790875575617977
2025-09-20,2,wk inc flu hosp,2025-10-11,10,quantile,0.25,1.7790875575617977
2025-09-20,2,wk inc flu hosp,2025-10-11,10,quantile,0.3,1.7790875575617977
2025-09-20,2,wk inc flu hosp,2025-10-11,10,quantile,0.35,1.7790875575617977
2025-09-20,2,wk inc flu hosp,2025-10-11,10,quantile,0.4,1.7790875575617977
2025-09-20,2,wk inc flu hosp,2025-10-11,10,quantile,0.45,1.7790875575617977
2025-09-20,2,wk inc flu hosp,2025-10-11,10,quantile,0.5,1.7790875575617977
2025-09-20,2,wk inc flu hosp,2025-10-11,10,quantile,0.55,1.7790875575617977
2025-09-20,2,wk inc flu hosp,2025-10-11,10,quantile,0.6,1.7790875575617977
2025-09-20,2,wk inc flu hosp,2025-10-11,10,quantile,0.65,1.7790875575617977
2025-09-20,2,wk inc flu hosp,2025-10-11,10,quantile,0.7,1.7790875575617977
2025-09-20,2,wk inc flu hosp,2025-10-11,10,quantile,0.75,1.7790875575617977
2025-09-20,2,wk inc flu hosp,2025-10-11,10,quantile,0.8,1.7790875575617977
2025-09-20,2,wk inc flu hosp,2025-10-11,10,quantile,0.85,1.7790875575617977
2025-09-20,2,wk inc flu hosp,2025-10-11,10,quantile,0.9,1.7790875575617977
2025-09-20,2,wk inc flu hosp,2025-10-11,10,quantile,0.95,1.7790875575617977
2025-09-20,2,wk inc flu hosp,2025-10-11,10,quantile,0.975,1.7790875575617977
2025-09-20,2,wk inc flu hosp,2025-10-11,10,quantile,0.99,1.7790875575617977
2025-09-27,2,wk inc flu hosp,2025-10-18,10,quantile,0.01,1.0825528458066578
2025-09-27,2,wk inc flu hosp,2025-10-18,10,quantile,0.025,1.0825528458066578
2025-09-27,2,wk inc flu hosp,2025-10-18,10,quantile,0.05,1.0825528458066578
2025-09-27,2,wk inc flu hosp,2025-10-18,10,quantile,0.1,1.0825528458066578
2025-09-27,2,wk inc flu hosp,2025-10-18,10,quantile,0.15,1.0825528458066578
2025-09-27,2,wk inc flu hosp,2025-10-18,10,quantile,0.2,1.0825528458066578
2025-09-27,2,wk inc flu hosp,2025-10-18,10,quantile,0.25,1.0825528458066578
2025-09-27,2,wk inc flu hosp,2025-10-18,10,quantile,0.3,1.0825528458066578
2025-09-27,2,wk inc flu hosp,2025-10-18,10,quantile,0.35,1.0825528458066578
2025-09-27,2,wk inc flu hosp,2025-10-18,10,quantile,0.4,1.0825528458066578
2025-09-27,2,wk inc flu hosp,2025-10-18,10,quantile,0.45,1.0825528458066578
2025-09-27,2,wk inc flu hosp,2025-10-18,10,quantile,0.5,1.0825528458066578
2025-09-27,2,wk inc flu hosp,2025-10-18,10,quantile,0.55,1.0825528458066578
2025-09-27,2,wk inc flu hosp,2025-10-18,10,quantile,0.6,1.0825528458066578
2025-09-27,2,wk inc flu hosp,2025-10-18,10,quantile,0.65,1.0825528458066578
2025-09-27,2,wk inc flu hosp,2025-10-18,10,quantile,0.7,1.0825528458066578
2025-09-27,2,wk inc flu hosp,2025-10-18,10,quantile,0.75,1.0825528458066578
2025-09-27,2,wk inc flu hosp,2025-10-18,10,quantile,0.8,1.0825528458066578
2025-09-27,2,wk inc flu hosp,2025-10-18,10,quantile,0.85,1.0825528458066578
2025-09-27,2,wk inc flu hosp,2025-10-18,10,quantile,0.9,1.0825528458066578
2025-09-27,2,wk inc flu hosp,2025-10-18,10,quantile,0.95,1.0825528458066578
2025-09-27,2,wk inc flu hosp,2025-10-18,10,quantile,0.975,1.0825528458066578
2025-09-27,2,wk inc flu hosp,2025-10-18,10,quantile,0.99,1.0825528458066578
2025-10-04,2,wk inc flu hosp,2025-10-25,10,quantile,0.01,0.5555555555555556
2025-10-04,2,wk inc flu hosp,2025-10-25,10,quantile,0.025,0.5555555555555556
2025-10-04,2,wk inc flu hosp,2025-10-25,10,quantile,0.05,0.5555555555555556
2025-10-04,2,wk inc flu hosp,2025-10-25,10,quantile,0.1,0.5555555555555556
2025-10-04,2,wk inc flu hosp,2025-10-25,10,quantile,0.15,0.5555555555555556
2025-10-04,2,wk inc flu hosp,2025-10-25,10,quantile,0.2,0.5555555555555556
2025-10-04,2,wk inc flu hosp,2025-10-25,10,quantile,0.25,0.5555555555555556
2025-10-04,2,wk inc flu hosp,2025-10-25,10,quantile,0.3,0.5555555555555556
2025-10-04,2,wk inc flu hosp,2025-10-25,10,quantile,0.35,0.5555555555555556
2025-10-04,2,wk inc flu hosp,2025-10-25,10,quantile,0.4,0.5555555555555556
2025-10-04,2,wk inc flu hosp,2025-10-25,10,quantile,0.45,0.5555555555555556
2025-10-04,2,wk inc flu hosp,2025-10-25,10,quantile,0.5,0.5555555555555556
2025-10-04,2,wk inc flu hosp,2025-10-25,10,quantile,0.55,0.5555555555555556
2025-10-04,2,wk inc flu hosp,2025-10-25,10,quantile,0.6,0.5555555555555556
2025-10-04,2,wk inc flu hosp,2025-10-25,10,quantile,0.65,0.5555555555555556
2025-10-04,2,wk inc flu hosp,2025-10-25,10,quantile,0.7,0.5555555555555556
2025-10-04,2,wk inc flu hosp,2025-10-25,10,quantile,0.75,0.5555555555555556
2025-10-04,2,wk inc flu hosp,2025-10-25,10,quantile,0.8,0.5555555555555556
2025-10-04,2,wk inc flu hosp,2025-10-25,10,quantile,0.85,0.5555555555555556
2025-10-04,2,wk inc flu hosp,2025-10-25,10,quantile,0.9,0.5555555555555556
2025-10-04,2,wk inc flu hosp,2025-10-25,10,quantile,0.95,0.5555555555555556
2025-10-04,2,wk inc flu hosp,2025-10-25,10,quantile,0.975,0.5555555555555556
2025-10-04,2,wk inc flu hosp,2025-10-25,10,quantile,0.99,0.5555555555555556
2025-10-11,2,wk inc flu hosp,2025-11-01,10,quantile,0.01,4.975360005842163
2025-10-11,2,wk inc flu hosp,2025-11-01,10,quantile,0.025,4.975360005842163
2025-10-11,2,wk inc flu hosp,2025-11-01,10,quantile,0.05,4.975360005842163
2025-10-11,2,wk inc flu hosp,2025-11-01,10,quantile,0.1,4.975360005842163
2025-10-11,2,wk inc flu hosp,2025-11-01,10,quantile,0.15,4.975360005842163
2025-10-11,2,wk inc flu hosp,2025-11-01,10,quantile,0.2,4.975360005842163
2025-10-11,2,wk inc flu hosp,2025-11-01,10,quantile,0.25,4.975360005842163
2025-10-11,2,wk inc flu hosp,2025-11-01,10,quantile,0.3,4.975360005842163
2025-10-11,2,wk inc flu hosp,2025-11-01,10,quantile,0.35,4.975360005842163
2025-10-11,2,wk inc flu hosp,2025-11-01,10,quantile,0.4,4.975360005842163
2025-10-11,2,wk inc flu hosp,2025-11-01,10,quantile,0.45,4.975360005842163
2025-10-11,2,wk inc flu hosp,2025-11-01,10,quantile,0.5,4.975360005842163
2025-10-11,2,wk inc flu hosp,2025-11-01,10,quantile,0.55,4.975360005842163
2025-10-11,2,wk inc flu hosp,2025-11-01,10,quantile,0.6,4.975360005842163
2025-10-11,2,wk inc flu hosp,2025-11-01,10,quantile,0.65,4.975360005842163
2025-10-11,2,wk inc flu hosp,2025-11-01,10,quantile,0.7,4.975360005842163
2025-10-11,2,wk inc flu hosp,2025-11-01,10,quantile,0.75,4.975360005842163
2025-10-11,2,wk inc flu hosp,2025-11-01,10,quantile,0.8,4.975360005842163
2025-10-11,2,wk inc flu hosp,2025-11-01,10,quantile,0.85,4.975360005842163
2025-10-11,2,wk inc flu hosp,2025-11-01,10,quantile,0.9,4.975360005842163
2025-10-11,2,wk inc flu hosp,2025-11-01,10,quantile,0.95,4.975360005842163
2025-10-11,2,wk inc flu hosp,2025-11-01,10,quantile,0.975,4.975360005842163
2025-10-11,2,wk inc flu hosp,2025-11-01,10,quantile,0.99,4.975360005842163
2025-10-18,2,wk inc flu hosp,2025-11-08,10,quantile,0.01,1.26623691661303
2025-10-18,2,wk inc flu hosp,2025-11-08,10,quantile,0.025,1.26623691661303
2025-10-18,2,wk inc flu hosp,2025-11-08,10,quantile,0.05,1.26623691661303
2025-10-18,2,wk inc flu hosp,2025-11-08,10,quantile,0.1,1.26623691661303
2025-10-18,2,wk inc flu hosp,2025-11-08,10,quantile,0.15,1.26623691661303
2025-10-18,2,wk inc flu hosp,2025-11-08,10,quantile,0.2,1.26623691661303
2025-10-18,2,wk inc flu hosp,2025-11-08,10,quantile,0.25,1.26623691661303
2025-10-18,2,wk inc flu hosp,2025-11-08,10,quantile,0.3,1.26623691661303
2025-10-18,2,wk inc flu hosp,2025-11-08,10,quantile,0.35,1.26623691661303
2025-10-18,2,wk inc flu hosp,2025-11-08,10,quantile,0.4,1.26623691661303
2025-10-18,2,wk inc flu hosp,2025-11-08,10,quantile,0.45,1.26623691661303
2025-10-18,2,wk inc flu hosp,2025-11-08,10,quantile,0.5,1.26623691661303
2025-10-18,2,wk inc flu hosp,2025-11-08,10,quantile,0.55,1.26623691661303
2025-10-18,2,wk inc flu hosp,2025-11-08,10,quantile,0.6,1.26623691661303
2025-10-18,2,wk inc flu hosp,2025-11-08,10,quantile,0.65,1.26623691661303
2025-10-18,2,wk inc flu hosp,2025-11-08,10,quantile,0.7,1.26623691661303
2025-10-18,2,wk inc flu hosp,2025-11-08,10,quantile,0.75,1.26623691661303
2025-10-18,2,wk inc flu hosp,2025-11-08,10,quantile,0.8,1.26623691661303
2025-10-18,2,wk inc flu hosp,2025-11-08,10,quantile,0.85,1.26623691661303
2025-10-18,2,wk inc flu hosp,2025-11-08,10,quantile,0.9,1.26623691661303
2025-10-18,2,wk inc flu hosp,2025-11-08,10,quantile,0.95,1.26623691661303
2025-10-18,2,wk inc flu hosp,2025-11-08,10,quantile,0.975,1.26623691661303
2025-10-18,2,wk inc flu hosp,2025-11-08,10,quantile,0.99,1.26623691661303
2025-10-25,2,wk inc flu hosp,2025-11-15,10,quantile,0.01,0.39925970730081384
2025-10-25,2,wk inc flu hosp,2025-11-15,10,quantile,0.025,0.39925970730081384
2025-10-25,2,wk inc flu hosp,2025-11-15,10,quantile,0.05,0.39925970730081384
2025-10-25,2,wk inc flu hosp,2025-11-15,10,quantile,0.1,0.39925970730081384
2025-10-25,2,wk inc flu hosp,2025-11-15,10,quantile,0.15,0.39925970730081384
2025-10-25,2,wk inc flu hosp,2025-11-15,10,quantile,0.2,0.39925970730081384
2025-10-25,2,wk inc flu hosp,2025-11-15,10,quantile,0.25,0.39925970730081384
2025-10-25,2,wk inc flu hosp,2025-11-15,10,quantile,0.3,0.39925970730081384
2025-10-25,2,wk inc flu hosp,2025-11-15,10,quantile,0.35,0.39925970730081384
2025-10-25,2,wk inc flu hosp,2025-11-15,10,quantile,0.4,0.39925970730081384
2025-10-25,2,wk inc flu hosp,2025-11-15,10,quantile,0.45,0.39925970730081384
2025-10-25,2,wk inc flu hosp,2025-11-15,10,quantile,0.5,0.39925970730081384
2025-10-25,2,wk inc flu hosp,2025-11-15,10,quantile,0.55,0.39925970730081384
2025-10-25,2,wk inc flu hosp,2025-11-15,10,quantile,0.6,0.39925970730081384
2025-10-25,2,wk inc flu hosp,2025-11-15,10,quantile,0.65,0.39925970730081384
2025-10-25,2,wk inc flu hosp,2025-11-15,10,quantile,0.7,0.39925970730081384
2025-10-25,2,wk inc flu hosp,2025-11-15,10,quantile,0.75,0.39925970730081384
2025-10-25,2,wk inc flu hosp,2025-11-15,10,quantile,0.8,0.39925970730081384
2025-10-25,2,wk inc flu hosp,2025-11-15,10,quantile,0.85,0.39925970730081384
2025-10-25,2,wk inc flu hosp,2025-11-15,10,quantile,0.9,0.39925970730081384
2025-10-25,2,wk inc flu hosp,2025-11-15,10,quantile,0.95,0.39925970730081384
2025-10-25,2,wk inc flu hosp,2025-11-15,10,quantile,0.975,0.39925970730081384
2025-10-25,2,wk inc flu hosp,2025-11-15,10,quantile,0.99,0.39925970730081384
2025-11-01,2,wk inc flu hosp,2025-11-22,10,quantile,0.01,2.4379189621216972
2025-11-01,2,wk inc flu hosp,2025-11-22,10,quantile,0.025,2.4379189621216972
2025-11-01,2,wk inc flu hosp,2025-11-22,10,quantile,0.05,2.4379189621216972
2025-11-01,2,wk inc flu hosp,2025-11-22,10,quantile,0.1,2.4379189621216972
2025-11-01,2,wk inc flu hosp,2025-11-22,10,quantile,0.15,2.4379189621216972
2025-11-01,2,wk inc flu hosp,2025-11-22,10,quantile,0.2,2.4379189621216972
2025-11-01,2,wk inc flu hosp,2025-11-22,10,quantile,0.25,2.4379189621216972
2025-11-01,2,wk inc flu hosp,2025-11-22,10,quantile,0.3,2.4379189621216972
2025-11-01,2,wk inc flu hosp,2025-11-22,10,quantile,0.35,2.4379189621216972
2025-11-01,2,wk inc flu hosp,2025-11-22,10,quantile,0.4,2.4379189621216972
2025-11-01,2,wk inc flu hosp,2025-11-22,10,quantile,0.45,2.4379189621216972
2025-11-01,2,wk inc flu hosp,2025-11-22,10,quantile,0.5,2.4379189621216972
2025-11-01,2,wk inc flu hosp,2025-11-22,10,quantile,0.55,2.4379189621216972
2025-11-01,2,wk inc flu hosp,2025-11-22,10,quantile,0.6,2.4379189621216972
2025-11-01,2,wk inc flu hosp,2025-11-22,10,quantile,0.65,2.4379189621216972
2025-11-01,2,wk inc flu hosp,2025-11-22,10,quantile,0.7,2.4379189621216972
2025-11-01,2,wk inc flu hosp,2025-11-22,10,quantile,0.75,2.4379189621216972
2025-11-01,2,wk inc flu hosp,2025-11-22,10,quantile,0.8,2.4379189621216972
2025-11-01,2,wk inc flu hosp,2025-11-22,10,quantile,0.85,2.4379189621216972
2025-11-01,2,wk inc flu hosp,2025-11-22,10,quantile,0.9,2.4379189621216972
2025-11-01,2,wk inc flu hosp,2025-11-22,10,quantile,0.95,2.4379189621216972
2025-11-01,2,wk inc flu hosp,2025-11-22,10,quantile,0.975,2.4379189621216972
2025-11-01,2,wk inc flu hosp,2025-11-22,10,quantile,0.99,2.4379189621216972
2025-09-20,2,wk inc flu hosp,2025-10-11,11,quantile,0.01,0.1700516760260468
2025-09-20,2,wk inc flu hosp,2025-10-11,11,quantile,0.025,0.1700516760260468
2025-09-20,2,wk inc flu hosp,2025-10-11,11,quantile,0.05,0.1700516760260468
2025-09-20,2,wk inc flu hosp,2025-10-11,11,quantile,0.1,0.1700516760260468
2025-09-20,2,wk inc flu hosp,2025-10-11,11,quantile,0.15,0.1700516760260468
2025-09-20,2,wk inc flu hosp,2025-10-11,11,quantile,0.2,0.1700516760260468
2025-09-20,2,wk inc flu hosp,2025-10-11,11,quantile,0.25,0.1700516760260468
2025-09-20,2,wk inc flu hosp,2025-10-11,11,quantile,0.3,0.1700516760260468
2025-09-20,2,wk inc flu hosp,2025-10-11,11,quantile,0.35,0.1700516760260468
2025-09-20,2,wk inc flu hosp,2025-10-11,11,quantile,0.4,0.1700516760260468
2025-09-20,2,wk inc flu hosp,2025-10-11,11,quantile,0.45,0.1700516760260468
2025-09-20,2,wk inc flu hosp,2025-10-11,11,quantile,0.5,0.1700516760260468
2025-09-20,2,wk inc flu hosp,2025-10-11,11,quantile,0.55,0.1700516760260468
2025-09-20,2,wk inc flu hosp,2025-10-11,11,quantile,0.6,0.1700516760260468
2025-09-20,2,wk inc flu hosp,2025-10-11,11,quantile,0.65,0.1700516760260468
2025-09-20,2,wk inc flu hosp,2025-10-11,11,quantile,0.7,0.1700516760260468
2025-09-20,2,wk inc flu hosp,2025-10-11,11,quantile,0.75,0.1700516760260468
2025-09-20,2,wk inc flu hosp,2025-10-11,11,quantile,0.8,0.1700516760260468
2025-09-20,2,wk inc flu hosp,2025-10-11,11,quantile,0.85,0.1700516760260468
2025-09-20,2,wk inc flu hosp,2025-10-11,11,quantile,0.9,0.1700516760260468
2025-09-20,2,wk inc flu hosp,2025-10-11,11,quantile,0.95,0.1700516760260468
2025-09-20,2,wk inc flu hosp,2025-10-11,11,quantile,0.975,0.1700516760260468
2025-09-20,2,wk inc flu hosp,2025-10-11,11,quantile,0.99,0.1700516760260468
2025-09-27,2,wk inc flu hosp,2025-10-18,11,quantile,0.01,1.4926990076134907
2025-09-27,2,wk inc flu hosp,2025-10-18,11,quantile,0.025,1.4926990076134907
2025-09-27,2,wk inc flu hosp,2025-10-18,11,quantile,0.05,1.4926990076134907
2025-09-27,2,wk inc flu hosp,2025-10-18,11,quantile,0.1,1.4926990076134907
2025-09-27,2,wk inc flu hosp,2025-10-18,11,quantile,0.15,1.4926990076134907
2025-09-27,2,wk inc flu hosp,2025-10-18,11,quantile,0.2,1.4926990076134907
2025-09-27,2,wk inc flu hosp,2025-10-18,11,quantile,0.25,1.4926990076134907
2025-09-27,2,wk inc flu hosp,2025-10-18,11,quantile,0.3,1.4926990076134907
2025-09-27,2,wk inc flu hosp,2025-10-18,11,quantile,0.35,1.4926990076134907
2025-09-27,2,wk inc flu hosp,2025-10-18,11,quantile,0.4,1.4926990076134907
2025-09-27,2,wk inc flu hosp,2025-10-18,11,quantile,0.45,1.4926990076134907
2025-09-27,2,wk inc flu hosp,2025-10-18,11,quantile,0.5,1.4926990076134907
2025-09-27,2,wk inc flu hosp,2025-10-18,11,quantile,0.55,1.4926990076134907
2025-09-27,2,wk inc flu hosp,2025-10-18,11,quantile,0.6,1.4926990076134907
2025-09-27,2,wk inc flu hosp,2025-10-18,11,quantile,0.65,1.4926990076134907
2025-09-27,2,wk inc flu hosp,2025-10-18,11,quantile,0.7,1.4926990076134907
2025-09-27,2,wk inc flu hosp,2025-10-18,11,quantile,0.75,1.4926990076134907
2025-09-27,2,wk inc flu hosp,2025-10-18,11,quantile,0.8,1.4926990076134907
2025-09-27,2,wk inc flu hosp,2025-10-18,11,quantile,0.85,1.4926990076134907
2025-09-27,2,wk inc flu hosp,2025-10-18,11,quantile,0.9,1.4926990076134907
2025-09-27,2,wk inc flu hosp,2025-10-18,11,quantile,0.95,1.4926990076134907
2025-09-27,2,wk inc flu hosp,2025-10-18,11,quantile,0.975,1.4926990076134907
2025-09-27,2,wk inc flu hosp,2025-10-18,11,quantile,0.99,1.4926990076134907
2025-10-04,2,wk inc flu hosp,2025-10-25,11,quantile,0.01,3.333333333333333
2025-10-04,2,wk inc flu hosp,2025-10-25,11,quantile,0.025,3.333333333333333
2025-10-04,2,wk inc flu hosp,2025-10-25,11,quantile,0.05,3.333333333333333
2025-10-04,2,wk inc flu hosp,2025-10-25,11,quantile,0.1,3.333333333333333
2025-10-04,2,wk inc flu hosp,2025-10-25,11,quantile,0.15,3.333333333333333
2025-10-04,2,wk inc flu hosp,2025-10-25,11,quantile,0.2,3.333333333333333
2025-10-04,2,wk inc flu hosp,2025-10-25,11,quantile,0.25,3.333333333333333
2025-10-04,2,wk inc flu hosp,2025-10-25,11,quantile,0.3,3.333333333333333
2025-10-04,2,wk inc flu hosp,2025-10-25,11,quantile,0.35,3.333333333333333
2025-10-04,2,wk inc flu hosp,2025-10-25,11,quantile,0.4,3.333333333333333
2025-10-04,2,wk inc flu hosp,2025-10-25,11,quantile,0.45,3.333333333333333
2025-10-04,2,wk inc flu hosp,2025-10-25,11,quantile,0.5,3.333333333333333
2025-10-04,2,wk inc flu hosp,2025-10-25,11,quantile,0.55,3.333333333333333
2025-10-04,2,wk inc flu hosp,2025-10-25,11,quantile,0.6,3.333333333333333
2025-10-04,2,wk inc flu hosp,2025-10-25,11,quantile,0.65,3.333333333333333
2025-10-04,2,wk inc flu hosp,2025-10-25,11,quantile,0.7,3.333333333333333
2025-10-04,2,wk inc flu hosp,2025-10-25,11,quantile,0.75,3.333333333333333
2025-10-04,2,wk inc flu hosp,2025-10-25,11,quantile,0.8,3.333333333333333
2025-10-04,2,wk inc flu hosp,2025-10-25,11,quantile,0.85,3.333333333333333
2025-10-04,2,wk inc flu hosp,2025-10-25,11,quantile,0.9,3.333333333333333
2025-10-04,2,wk inc flu hosp,2025-10-25,11,quantile,0.95,3.333333333333333
2025-10-04,2,wk inc flu hosp,2025-10-25,11,quantile,0.975,3.333333333333333
2025-10-04,2,wk inc flu hosp,2025-10-25,11,quantile,0.99,3.333333333333333
2025-10-11,2,wk inc flu hosp,2025-11-01,11,quantile,0.01,2.295850312542642
2025-10-11,2,wk inc flu hosp,2025-11-01,11,quantile,0.025,2.295850312542642
2025-10-11,2,wk inc flu hosp,2025-11-01,11,quantile,0.05,2.295850312542642
2025-10-11,2,wk inc flu hosp,2025-11-01,11,quantile,0.1,2.295850312542642
2025-10-11,2,wk inc flu hosp,2025-11-01,11,quantile,0.15,2.295850312542642
2025-10-11,2,wk inc flu hosp,2025-11-01,11,quantile,0.2,2.295850312542642
2025-10-11,2,wk inc flu hosp,2025-11-01,11,quantile,0.25,2.295850312542642
2025-10-11,2,wk inc flu hosp,2025-11-01,11,quantile,0.3,2.295850312542642
2025-10-11,2,wk inc flu hosp,2025-11-01,11,quantile,0.35,2.295850312542642
2025-10-11,2,wk inc flu hosp,2025-11-01,11,quantile,0.4,2.295850312542642
2025-10-11,2,wk inc flu hosp,2025-11-01,11,quantile,0.45,2.295850312542642
2025-10-11,2,wk inc flu hosp,2025-11-01,11,quantile,0.5,2.295850312542642
2025-10-11,2,wk inc flu hosp,2025-11-01,11,quantile,0.55,2.295850312542642
2025-10-11,2,wk inc flu hosp,2025-11-01,11,quantile,0.6,2.295850312542642
2025-10-11,2,wk inc flu hosp,2025-11-01,11,quantile,0.65,2.295850312542642
2025-10-11,2,wk inc flu hosp,2025-11-01,11,quantile,0.7,2.295850312542642
2025-10-11,2,wk inc flu hosp,2025-11-01,11,quantile,0.75,2.295850312542642
2025-10-11,2,wk inc flu hosp,2025-11-01,11,quantile,0.8,2.295850312542642
2025-10-11,2,wk inc flu hosp,2025-11-01,11,quantile,0.85,2.295850312542642
2025-10-11,2,wk inc flu hosp,2025-11-01,11,quantile,0.9,2.295850312542642
2025-10-11,2,wk inc flu hosp,2025-11-01,11,quantile,0.95,2.295850312542642
2025-10-11,2,wk inc flu hosp,2025-11-01,11,quantile,0.975,2.295850312542642
2025-10-11,2,wk inc flu hosp,2025-11-01,11,quantile,0.99,2.295850312542642
2025-10-18,2,wk inc flu hosp,2025-11-08,11,quantile,0.01,1.1121243901501856
2025-10-18,2,wk inc flu hosp,2025-11-08,11,quantile,0.025,1.1121243901501856
2025-10-18,2,wk inc flu hosp,2025-11-08,11,quantile,0.05,1.1121243901501856
2025-10-18,2,wk inc flu hosp,2025-11-08,11,quantile,0.1,1.1121243901501856
2025-10-18,2,wk inc flu hosp,2025-11-08,11,quantile,0.15,1.1121243901501856
2025-10-18,2,wk inc flu hosp,2025-11-08,11,quantile,0.2,1.1121243901501856
2025-10-18,2,wk inc flu hosp,2025-11-08,11,quantile,0.25,1.1121243901501856
2025-10-18,2,wk inc flu hosp,2025-11-08,11,quantile,0.3,1.1121243901501856
2025-10-18,2,wk inc flu hosp,2025-11-08,11,quantile,0.35,1.1121243901501856
2025-10-18,2,wk inc flu hosp,2025-11-08,11,quantile,0.4,1.1121243901501856
2025-10-18,2,wk inc flu hosp,2025-11-08,11,quantile,0.45,1.1121243901501856
2025-10-18,2,wk inc flu hosp,2025-11-08,11,quantile,0.5,1.1121243901501856
2025-10-18,2,wk inc flu hosp,2025-11-08,11,quantile,0.55,1.1121243901501856
2025-10-18,2,wk inc flu hosp,2025-11-08,11,quantile,0.6,1.1121243901501856
2025-10-18,2,wk inc flu hosp,2025-11-08,11,quantile,0.65,1.1121243901501856
2025-10-18,2,wk inc flu hosp,2025-11-08,11,quantile,0.7,1.1121243901501856
2025-10-18,2,wk inc flu hosp,2025-11-08,11,quantile,0.75,1.1121243901501856
2025-10-18,2,wk inc flu hosp,2025-11-08,11,quantile,0.8,1.1121243901501856
2025-10-18,2,wk inc flu hosp,2025-11-08,11,quantile,0.85,1.1121243901501856
2025-10-18,2,wk inc flu hosp,2025-11-08,11,quantile,0.9,1.1121243901501856
2025-10-18,2,wk inc flu hosp,2025-11-08,11,quantile,0.95,1.1121243901501856
2025-10-18,2,wk inc flu hosp,2025-11-08,11,quantile,0.975,1.1121243901501856
2025-10-18,2,wk inc flu hosp,2025-11-08,11,quantile,0.99,1.1121243901501856
2025-10-25,2,wk inc flu hosp,2025-11-15,11,quantile,0.01,2.2600833678592167
2025-10-25,2,wk inc flu hosp,2025-11-15,11,quantile,0.025,2.2600833678592167
2025-10-25,2,wk inc flu hosp,2025-11-15,11,quantile,0.05,2.2600833678592167
2025-10-25,2,wk inc flu hosp,2025-11-15,11,quantile,0.1,2.2600833678592167
2025-10-25,2,wk inc flu hosp,2025-11-15,11,quantile,0.15,2.2600833678592167
2025-10-25,2,wk inc flu hosp,2025-11-15,11,quantile,0.2,2.2600833678592167
2025-10-25,2,wk inc flu hosp,2025-11-15,11,quantile,0.25,2.2600833678592167
2025-10-25,2,wk inc flu hosp,2025-11-15,11,quantile,0.3,2.2600833678592167
2025-10-25,2,wk inc flu hosp,2025-11-15,11,quantile,0.35,2.2600833678592167
2025-10-25,2,wk inc flu hosp,2025-11-15,11,quantile,0.4,2.2600833678592167
2025-10-25,2,wk inc flu hosp,2025-11-15,11,quantile,0.45,2.2600833678592167
2025-10-25,2,wk inc flu hosp,2025-11-15,11,quantile,0.5,2.2600833678592167
2025-10-25,2,wk inc flu hosp,2025-11-15,11,quantile,0.55,2.2600833678592167
2025-10-25,2,wk inc flu hosp,2025-11-15,11,quantile,0.6,2.2600833678592167
2025-10-25,2,wk inc flu hosp,2025-11-15,11,quantile,0.65,2.2600833678592167
2025-10-25,2,wk inc flu hosp,2025-11-15,11,quantile,0.7,2.2600833678592167
2025-10-25,2,wk inc flu hosp,2025-11-15,11,quantile,0.75,2.2600833678592167
2025-10-25,2,wk inc flu hosp,2025-11-15,11,quantile,0.8,2.2600833678592167
2025-10-25,2,wk inc flu hosp,2025-11-15,11,quantile,0.85,2.2600833678592167
2025-10-25,2,wk inc flu hosp,2025-11-15,11,quantile,0.9,2.2600833678592167
2025-10-25,2,wk inc flu hosp,2025-11-15,11,quantile,0.95,2.2600833678592167
2025-10-25,2,wk inc flu hosp,2025-11-15,11,quantile,0.975,2.2600833678592167
2025-10-25,2,wk inc flu hosp,2025-11-15,11,quantile,0.99,2.2600833678592167
2025-11-01,2,wk inc flu hosp,2025-11-22,11,quantile,0.01,0.2531851071511839
2025-11-01,2,wk inc flu hosp,2025-11-22,11,quantile,0.025,0.2531851071511839
2025-11-01,2,wk inc flu hosp,2025-11-22,11,quantile,0.05,0.2531851071511839
2025-11-01,2,wk inc flu hosp,2025-11-22,11,quantile,0.1,0.2531851071511839
2025-11-01,2,wk inc flu hosp,2025-11-22,11,quantile,0.15,0.2531851071511839
2025-11-01,2,wk inc flu hosp,2025-11-22,11,quantile,0.2,0.2531851071511839
2025-11-01,2,wk inc flu hosp,2025-11-22,11,quantile,0.25,0.2531851071511839
2025-11-01,2,wk inc flu hosp,2025-11-22,11,quantile,0.3,0.2531851071511839
2025-11-01,2,wk inc flu hosp,2025-11-22,11,quantile,0.35,0.2531851071511839
2025-11-01,2,wk inc flu hosp,2025-11-22,11,quantile,0.4,0.2531851071511839
2025-11-01,2,wk inc flu hosp,2025-11-22,11,quantile,0.45,0.2531851071511839
2025-11-01,2,wk inc flu hosp,2025-11-22,11,quantile,0.5,0.2531851071511839
2025-11-01,2,wk inc flu hosp,2025-11-22,11,quantile,0.55,0.2531851071511839
2025-11-01,2,wk inc flu hosp,2025-11-22,11,quantile,0.6,0.2531851071511839
2025-11-01,2,wk inc flu hosp,2025-11-22,11,quantile,0.65,0.2531851071511839
2025-11-01,2,wk inc flu hosp,2025-11-22,11,quantile,0.7,0.2531851071511839
2025-11-01,2,wk inc flu hosp,2025-11-22,11,quantile,0.75,0.2531851071511839
2025-11-01,2,wk inc flu hosp,2025-11-22,11,quantile,0.8,0.2531851071511839
2025-11-01,2,wk inc flu hosp,2025-11-22,11,quantile,0.85,0.2531851071511839
2025-11-01,2,wk inc flu hosp,2025-11-22,11,quantile,0.9,0.2531851071511839
2025-11-01,2,wk inc flu hosp,2025-11-22,11,quantile,0.95,0.2531851071511839
2025-11-01,2,wk inc flu hosp,2025-11-22,11,quantile,0.975,0.2531851071511839
2025-11-01,2,wk inc flu hosp,2025-11-22,11,quantile,0.99,0.2531851071511839
2025-09-20,2,wk inc flu hosp,2025-10-11,12,quantile,0.01,126.38150935203498
2025-09-20,2,wk inc flu hosp,2025-10-11,12,quantile,0.025,126.38150935203498
2025-09-20,2,wk inc flu hosp,2025-10-11,12,quantile,0.05,126.38150935203498
2025-09-20,2,wk inc flu hosp,2025-10-11,12,quantile,0.1,126.38150935203498
2025-09-20,2,wk inc flu hosp,2025-10-11,12,quantile,0.15,126.38150935203498
2025-09-20,2,wk inc flu hosp,2025-10-11,12,quantile,0.2,126.38150935203498
2025-09-20,2,wk inc flu hosp,2025-10-11,12,quantile,0.25,126.38150935203498
2025-09-20,2,wk inc flu hosp,2025-10-11,12,quantile,0.3,126.38150935203498
2025-09-20,2,wk inc flu hosp,2025-10-11,12,quantile,0.35,126.38150935203498
2025-09-20,2,wk inc flu hosp,2025-10-11,12,quantile,0.4,126.38150935203498
2025-09-20,2,wk inc flu hosp,2025-10-11,12,quantile,0.45,126.38150935203498
2025-09-20,2,wk inc flu hosp,2025-10-11,12,quantile,0.5,126.38150935203498
2025-09-20,2,wk inc flu hosp,2025-10-11,12,quantile,0.55,126.38150935203498
2025-09-20,2,wk inc flu hosp,2025-10-11,12,quantile,0.6,126.38150935203498
2025-09-20,2,wk inc flu hosp,2025-10-11,12,quantile,0.65,126.38150935203498
2025-09-20,2,wk inc flu hosp,2025-10-11,12,quantile,0.7,126.38150935203498
2025-09-20,2,wk inc flu hosp,2025-10-11,12,quantile,0.75,126.38150935203498
2025-09-20,2,wk inc flu hosp,2025-10-11,12,quantile,0.8,126.38150935203498
2025-09-20,2,wk inc flu hosp,2025-10-11,12,quantile,0.85,126.38150935203498
2025-09-20,2,wk inc flu hosp,2025-10-11,12,quantile,0.9,126.38150935203498
2025-09-20,2,wk inc flu hosp,2025-10-11,12,quantile,0.95,126.38150935203498
2025-09-20,2,wk inc flu hosp,2025-10-11,12,quantile,0.975,126.38150935203498
2025-09-20,2,wk inc flu hosp,2025-10-11,12,quantile,0.99,126.38150935203498
2025-09-27,2,wk inc flu hosp,2025-10-18,12,quantile,0.01,193.55532197431705
2025-09-27,2,wk inc flu hosp,2025-10-18,12,quantile,0.025,193.55532197431705
2025-09-27,2,wk inc flu hosp,2025-10-18,12,quantile,0.05,193.55532197431705
2025-09-27,2,wk inc flu hosp,2025-10-18,12,quantile,0.1,193.55532197431705
2025-09-27,2,wk inc flu hosp,2025-10-18,12,quantile,0.15,193.55532197431705
2025-09-27,2,wk inc flu hosp,2025-10-18,12,quantile,0.2,193.55532197431705
2025-09-27,2,wk inc flu hosp,2025-10-18,12,quantile,0.25,193.55532197431705
2025-09-27,2,wk inc flu hosp,2025-10-18,12,quantile,0.3,193.55532197431705
2025-09-27,2,wk inc flu hosp,2025-10-18,12,quantile,0.35,193.55532197431705
2025-09-27,2,wk inc flu hosp,2025-10-18,12,quantile,0.4,193.55532197431705
2025-09-27,2,wk inc flu hosp,2025-10-18,12,quantile,0.45,193.55532197431705
2025-09-27,2,wk inc flu hosp,2025-10-18,12,quantile,0.5,193.55532197431705
2025-09-27,2,wk inc flu hosp,2025-10-18,12,quantile,0.55,193.55532197431705
2025-09-27,2,wk inc flu hosp,2025-10-18,12,quantile,0.6,193.55532197431705
2025-09-27,2,wk inc flu hosp,2025-10-18,12,quantile,0.65,193.55532197431705
2025-09-27,2,wk inc flu hosp,2025-10-18,12,quantile,0.7,193.55532197431705
2025-09-27,2,wk inc flu hosp,2025-10-18,12,quantile,0.75,193.55532197431705
2025-09-27,2,wk inc flu hosp,2025-10-18,12,quantile,0.8,193.55532197431705
2025-09-27,2,wk inc flu hosp,2025-10-18,12,quantile,0.85,193.55532197431705
2025-09-27,2,wk inc flu hosp,2025-10-18,12,quantile,0.9,193.55532197431705
2025-09-27,2,wk inc flu hosp,2025-10-18,12,quantile,0.95,193.55532197431705
2025-09-27,2,wk inc flu hosp,2025-10-18,12,quantile,0.975,193.55532197431705
2025-09-27,2,wk inc flu hosp,2025-10-18,12,quantile,0.99,193.55532197431705
2025-10-04,2,wk inc flu hosp,2025-10-25,12,quantile,0.01,112.52893748050366
2025-10-04,2,wk inc flu hosp,2025-10-25,12,quantile,0.025,112.52893748050366
2025-10-04,2,wk inc flu hosp,2025-10-25,12,quantile,0.05,112.52893748050366
2025-10-04,2,wk inc flu hosp,2025-10-25,12,quantile,0.1,112.52893748050366
2025-10-04,2,wk inc flu hosp,2025-10-25,12,quantile,0.15,112.52893748050366
2025-10-04,2,wk inc flu hosp,2025-10-25,12,quantile,0.2,112.52893748050366
2025-10-04,2,wk inc flu hosp,2025-10-25,12,quantile,0.25,112.52893748050366
2025-10-04,2,wk inc flu hosp,2025-10-25,12,quantile,0.3,112.52893748050366
2025-10-04,2,wk inc flu hosp,2025-10-25,12,quantile,0.35,112.52893748050366
2025-10-04,2,wk inc flu hosp,2025-10-25,12,quantile,0.4,112.52893748050366
2025-10-04,2,wk inc flu hosp,2025-10-25,12,quantile,0.45,112.52893748050366
2025-10-04,2,wk inc flu hosp,2025-10-25,12,quantile,0.5,112.52893748050366
2025-10-04,2,wk inc flu hosp,2025-10-25,12,quantile,0.55,112.52893748050366
2025-10-04,2,wk inc flu hosp,2025-10-25,12,quantile,0.6,112.52893748050366
2025-10-04,2,wk inc flu hosp,2025-10-25,12,quantile,0.65,112.52893748050366
2025-10-04,2,wk inc flu hosp,2025-10-25,12,quantile,0.7,112.52893748050366
2025-10-04,2,wk inc flu hosp,2025-10-25,12,quantile,0.75,112.52893748050366
2025-10-04,2,wk inc flu hosp,2025-10-25,12,quantile,0.8,112.52893748050366
2025-10-04,2,wk inc flu hosp,2025-10-25,12,quantile,0.85,112.52893748050366
2025-10-04,2,wk inc flu hosp,2025-10-25,12,quantile,0.9,112.52893748050366
2025-10-04,2,wk inc flu hosp,2025-10-25,12,quantile,0.95,112.52893748050366
2025-10-04,2,wk inc flu hosp,2025-10-25,12,quantile,0.975,112.52893748050366
2025-10-04,2,wk inc flu hosp,2025-10-25,12,quantile,0.99,112.52893748050366
2025-10-11,2,wk inc flu hosp,2025-11-01,12,quantile,0.01,149.1506305735676
2025-10-11,2,wk inc flu hosp,2025-11-01,12,quantile,0.025,149.1506305735676
2025-10-11,2,wk inc flu hosp,2025-11-01,12,quantile,0.05,149.1506305735676
2025-10-11,2,wk inc flu hosp,2025-11-01,12,quantile,0.1,149.1506305735676
2025-10-11,2,wk inc flu hosp,2025-11-01,12,quantile,0.15,149.1506305735676
2025-10-11,2,wk inc flu hosp,2025-11-01,12,quantile,0.2,149.1506305735676
2025-10-11,2,wk inc flu hosp,2025-11-01,12,quantile,0.25,149.1506305735676
2025-10-11,2,wk inc flu hosp,2025-11-01,12,quantile,0.3,149.1506305735676
2025-10-11,2,wk inc flu hosp,2025-11-01,12,quantile,0.35,149.1506305735676
2025-10-11,2,wk inc flu hosp,2025-11-01,12,quantile,0.4,149.1506305735676
2025-10-11,2,wk inc flu hosp,2025-11-01,12,quantile,0.45,149.1506305735676
2025-10-11,2,wk inc flu hosp,2025-11-01,12,quantile,0.5,149.1506305735676
2025-10-11,2,wk inc flu hosp,2025-11-01,12,quantile,0.55,149.1506305735676
2025-10-11,2,wk inc flu hosp,2025-11-01,12,quantile,0.6,149.1506305735676
2025-10-11,2,wk inc flu hosp,2025-11-01,12,quantile,0.65,149.1506305735676
2025-10-11,2,wk inc flu hosp,2025-11-01,12,quantile,0.7,149.1506305735676
2025-10-11,2,wk inc flu hosp,2025-11-01,12,quantile,0.75,149.1506305735676
2025-10-11,2,wk inc flu hosp,2025-11-01,12,quantile,0.8,149.1506305735676
2025-10-11,2,wk inc flu hosp,2025-11-01,12,quantile,0.85,149.1506305735676
2025-10-11,2,wk inc flu hosp,2025-11-01,12,quantile,0.9,149.1506305735676
2025-10-11,2,wk inc flu hosp,2025-11-01,12,quantile,0.95,149.1506305735676
2025-10-11,2,wk inc flu hosp,2025-11-01,12,quantile,0.975,149.1506305735676
2025-10-11,2,wk inc flu hosp,2025-11-01,12,quantile,0.99,149.1506305735676
2025-10-18,2,wk inc flu hosp,2025-11-08,12,quantile,0.01,246.21239345282848
2025-10-18,2,wk inc flu hosp,2025-11-08,12,quantile,0.025,246.21239345282848
2025-10-18,2,wk inc flu hosp,2025-11-08,12,quantile,0.05,246.21239345282848
2025-10-18,2,wk inc flu hosp,2025-11-08,12,quantile,0.1,246.21239345282848
2025-10-18,2,wk inc flu hosp,2025-11-08,12,quantile,0.15,246.21239345282848
2025-10-18,2,wk inc flu hosp,2025-11-08,12,quantile,0.2,246.21239345282848
2025-10-18,2,wk inc flu hosp,2025-11-08,12,quantile,0.25,246.21239345282848
2025-10-18,2,wk inc flu hosp,2025-11-08,12,quantile,0.3,246.21239345282848
2025-10-18,2,wk inc flu hosp,2025-11-08,12,quantile,0.35,246.21239345282848
2025-10-18,2,wk inc flu hosp,2025-11-08,12,quantile,0.4,246.21239345282848
2025-10-18,2,wk inc flu hosp,2025-11-08,12,quantile,0.45,246.21239345282848
2025-10-18,2,wk inc flu hosp,2025-11-08,12,quantile,0.5,246.21239345282848
2025-10-18,2,wk inc flu hosp,2025-11-08,12,quantile,0.55,246.21239345282848
2025-10-18,2,wk inc flu hosp,2025-11-08,12,quantile,0.6,246.21239345282848
2025-10-18,2,wk inc flu hosp,2025-11-08,12,quantile,0.65,246.21239345282848
2025-10-18,2,wk inc flu hosp,2025-11-08,12,quantile,0.7,246.21239345282848
2025-10-18,2,wk inc flu hosp,2025-11-08,12,quantile,0.75,246.21239345282848
2025-10-18,2,wk inc flu hosp,2025-11-08,12,quantile,0.8,246.21239345282848
2025-10-18,2,wk inc flu hosp,2025-11-08,12,quantile,0.85,246.21239345282848
2025-10-18,2,wk inc flu hosp,2025-11-08,12,quantile,0.9,246.21239345282848
2025-10-18,2,wk inc flu hosp,2025-11-08,12,quantile,0.95,246.21239345282848
2025-10-18,2,wk inc flu hosp,2025-11-08,12,quantile,0.975,246.21239345282848
2025-10-18,2,wk inc flu hosp,2025-11-08,12,quantile,0.99,246.21239345282848
2025-10-25,2,wk inc flu hosp,2025-11-15,12,quantile,0.01,196.780293697079
2025-10-25,2,wk inc flu hosp,2025-11-15,12,quantile,0.025,196.780293697079
2025-10-25,2,wk inc flu hosp,2025-11-15,12,quantile,0.05,196.780293697079
2025-10-25,2,wk inc flu hosp,2025-11-15,12,quantile,0.1,196.780293697079
2025-10-25,2,wk inc flu hosp,2025-11-15,12,quantile,0.15,196.780293697079
2025-10-25,2,wk inc flu hosp,2025-11-15,12,quantile,0.2,196.780293697079
2025-10-25,2,wk inc flu hosp,2025-11-15,12,quantile,0.25,196.780293697079
2025-10-25,2,wk inc flu hosp,2025-11-15,12,quantile,0.3,196.780293697079
2025-10-25,2,wk inc flu hosp,2025-11-15,12,quantile,0.35,196.780293697079
2025-10-25,2,wk inc flu hosp,2025-11-15,12,quantile,0.4,196.780293697079
2025-10-25,2,wk inc flu hosp,2025-11-15,12,quantile,0.45,196.780293697079
2025-10-25,2,wk inc flu hosp,2025-11-15,12,quantile,0.5,196.780293697079
2025-10-25,2,wk inc flu hosp,2025-11-15,12,quantile,0.55,196.780293697079
2025-10-25,2,wk inc flu hosp,2025-11-15,12,quantile,0.6,196.780293697079
2025-10-25,2,wk inc flu hosp,2025-11-15,12,quantile,0.65,196.780293697079
2025-10-25,2,wk inc flu hosp,2025-11-15,12,quantile,0.7,196.780293697079
2025-10-25,2,wk inc flu hosp,2025-11-15,12,quantile,0.75,196.780293697079
2025-10-25,2,wk inc flu hosp,2025-11-15,12,quantile,0.8,196.780293697079
2025-10-25,2,wk inc flu hosp,2025-11-15,12,quantile,0.85,196.780293697079
2025-10-25,2,wk inc flu hosp,2025-11-15,12,quantile,0.9,196.780293697079
2025-10-25,2,wk inc flu hosp,2025-11-15,12,quantile,0.95,196.780293697079
2025-10-25,2,wk inc flu hosp,2025-11-15,12,quantile,0.975,196.780293697079
2025-10-25,2,wk inc flu hosp,2025-11-15,12,quantile,0.99,196.780293697079
2025-11-01,2,wk inc flu hosp,2025-11-22,12,quantile,0.01,367.53038715793525
2025-11-01,2,wk inc flu hosp,2025-11-22,12,quantile,0.025,367.53038715793525
2025-11-01,2,wk inc flu hosp,2025-11-22,12,quantile,0.05,367.53038715793525
2025-11-01,2,wk inc flu hosp,2025-11-22,12,quantile,0.1,367.53038715793525
2025-11-01,2,wk inc flu hosp,2025-11-22,12,quantile,0.15,367.53038715793525
2025-11-01,2,wk inc flu hosp,2025-11-22,12,quantile,0.2,367.53038715793525
2025-11-01,2,wk inc flu hosp,2025-11-22,12,quantile,0.25,367.53038715793525
2025-11-01,2,wk inc flu hosp,2025-11-22,12,quantile,0.3,367.53038715793525
2025-11-01,2,wk inc flu hosp,2025-11-22,12,quantile,0.35,367.53038715793525
2025-11-01,2,wk inc flu hosp,2025-11-22,12,quantile,0.4,367.53038715793525
2025-11-01,2,wk inc flu hosp,2025-11-22,12,quantile,0.45,367.53038715793525
2025-11-01,2,wk inc flu hosp,2025-11-22,12,quantile,0.5,367.53038715793525
2025-11-01,2,wk inc flu hosp,2025-11-22,12,quantile,0.55,367.53038715793525
2025-11-01,2,wk inc flu hosp,2025-11-22,12,quantile,0.6,367.53038715793525
2025-11-01,2,wk inc flu hosp,2025-11-22,12,quantile,0.65,367.53038715793525
2025-11-01,2,wk inc flu hosp,2025-11-22,12,quantile,0.7,367.53038715793525
2025-11-01,2,wk inc flu hosp,2025-11-22,12,quantile,0.75,367.53038715793525
2025-11-01,2,wk inc flu hosp,2025-11-22,12,quantile,0.8,367.53038715793525
2025-11-01,2,wk inc flu hosp,2025-11-22,12,quantile,0.85,367.53038715793525
2025-11-01,2,wk inc flu hosp,2025-11-22,12,quantile,0.9,367.53038715793525
2025-11-01,2,wk inc flu hosp,2025-11-22,12,quantile,0.95,367.53038715793525
2025-11-01,2,wk inc flu hosp,2025-11-22,12,quantile,0.975,367.53038715793525
2025-11-01,2,wk inc flu hosp,2025-11-22,12,quantile,0.99,367.53038715793525
2025-09-20,2,wk inc flu hosp,2025-10-11,13,quantile,0.01,19.16505768719186
2025-09-20,2,wk inc flu hosp,2025-10-11,13,quantile,0.025,19.16505768719186
2025-09-20,2,wk inc flu hosp,2025-10-11,13,quantile,0.05,19.16505768719186
2025-09-20,2,wk inc flu hosp,2025-10-11,13,quantile,0.1,19.16505768719186
2025-09-20,2,wk inc flu hosp,2025-10-11,13,quantile,0.15,19.16505768719186
2025-09-20,2,wk inc flu hosp,2025-10-11,13,quantile,0.2,19.16505768719186
2025-09-20,2,wk inc flu hosp,2025-10-11,13,quantile,0.25,19.16505768719186
2025-09-20,2,wk inc flu hosp,2025-10-11,13,quantile,0.3,19.16505768719186
2025-09-20,2,wk inc flu hosp,2025-10-11,13,quantile,0.35,19.16505768719186
2025-09-20,2,wk inc flu hosp,2025-10-11,13,quantile,0.4,19.16505768719186
2025-09-20,2,wk inc flu hosp,2025-10-11,13,quantile,0.45,19.16505768719186
2025-09-20,2,wk inc flu hosp,2025-10-11,13,quantile,0.5,19.16505768719186
2025-09-20,2,wk inc flu hosp,2025-10-11,13,quantile,0.55,19.16505768719186
2025-09-20,2,wk inc flu hosp,2025-10-11,13,quantile,0.6,19.16505768719186
2025-09-20,2,wk inc flu hosp,2025-10-11,13,quantile,0.65,19.16505768719186
2025-09-20,2,wk inc flu hosp,2025-10-11,13,quantile,0.7,19.16505768719186
2025-09-20,2,wk inc flu hosp,2025-10-11,13,quantile,0.75,19.16505768719186
2025-09-20,2,wk inc flu hosp,2025-10-11,13,quantile,0.8,19.16505768719186
2025-09-20,2,wk inc flu hosp,2025-10-11,13,quantile,0.85,19.16505768719186
2025-09-20,2,wk inc flu hosp,2025-10-11,13,quantile,0.9,19.16505768719186
2025-09-20,2,wk inc flu hosp,2025-10-11,13,quantile,0.95,19.16505768719186
2025-09-20,2,wk inc flu hosp,2025-10-11,13,quantile,0.975,19.16505768719186
2025-09-20,2,wk inc flu hosp,2025-10-11,13,quantile,0.99,19.16505768719186
2025-09-27,2,wk inc flu hosp,2025-10-18,13,quantile,0.01,19.506932806646592
2025-09-27,2,wk inc flu hosp,2025-10-18,13,quantile,0.025,19.506932806646592
2025-09-27,2,wk inc flu hosp,2025-10-18,13,quantile,0.05,19.506932806646592
2025-09-27,2,wk inc flu hosp,2025-10-18,13,quantile,0.1,19.506932806646592
2025-09-27,2,wk inc flu hosp,2025-10-18,13,quantile,0.15,19.506932806646592
2025-09-27,2,wk inc flu hosp,2025-10-18,13,quantile,0.2,19.506932806646592
2025-09-27,2,wk inc flu hosp,2025-10-18,13,quantile,0.25,19.506932806646592
2025-09-27,2,wk inc flu hosp,2025-10-18,13,quantile,0.3,19.506932806646592
2025-09-27,2,wk inc flu hosp,2025-10-18,13,quantile,0.35,19.506932806646592
2025-09-27,2,wk inc flu hosp,2025-10-18,13,quantile,0.4,19.506932806646592
2025-09-27,2,wk inc flu hosp,2025-10-18,13,quantile,0.45,19.506932806646592
2025-09-27,2,wk inc flu hosp,2025-10-18,13,quantile,0.5,19.506932806646592
2025-09-27,2,wk inc flu hosp,2025-10-18,13,quantile,0.55,19.506932806646592
2025-09-27,2,wk inc flu hosp,2025-10-18,13,quantile,0.6,19.506932806646592
2025-09-27,2,wk inc flu hosp,2025-10-18,13,quantile,0.65,19.506932806646592
2025-09-27,2,wk inc flu hosp,2025-10-18,13,quantile,0.7,19.506932806646592
2025-09-27,2,wk inc flu hosp,2025-10-18,13,quantile,0.75,19.506932806646592
2025-09-27,2,wk inc flu hosp,2025-10-18,13,quantile,0.8,19.506932806646592
2025-09-27,2,wk inc flu hosp,2025-10-18,13,quantile,0.85,19.506932806646592
2025-09-27,2,wk inc flu hosp,2025-10-18,13,quantile,0.9,19.506932806646592
2025-09-27,2,wk inc flu hosp,2025-10-18,13,quantile,0.95,19.506932806646592
2025-09-27,2,wk inc flu hosp,2025-10-18,13,quantile,0.975,19.506932806646592
2025-09-27,2,wk inc flu hosp,2025-10-18,13,quantile,0.99,19.506932806646592
2025-10-04,2,wk inc flu hosp,2025-10-25,13,quantile,0.01,19.157659785609933
2025-10-04,2,wk inc flu hosp,2025-10-25,13,quantile,0.025,19.157659785609933
2025-10-04,2,wk inc flu hosp,2025-10-25,13,quantile,0.05,19.157659785609933
2025-10-04,2,wk inc flu hosp,2025-10-25,13,quantile,0.1,19.157659785609933
2025-10-04,2,wk inc flu hosp,2025-10-25,13,quantile,0.15,19.157659785609933
2025-10-04,2,wk inc flu hosp,2025-10-25,13,quantile,0.2,19.157659785609933
2025-10-04,2,wk inc flu hosp,2025-10-25,13,quantile,0.25,19.157659785609933
2025-10-04,2,wk inc flu hosp,2025-10-25,13,quantile,0.3,19.157659785609933
2025-10-04,2,wk inc flu hosp,2025-10-25,13,quantile,0.35,19.157659785609933
2025-10-04,2,wk inc flu hosp,2025-10-25,13,quantile,0.4,19.157659785609933
2025-10-04,2,wk inc flu hosp,2025-10-25,13,quantile,0.45,19.157659785609933
2025-10-04,2,wk inc flu hosp,2025-10-25,13,quantile,0.5,19.157659785609933
2025-10-04,2,wk inc flu hosp,2025-10-25,13,quantile,0.55,19.157659785609933
2025-10-04,2,wk inc flu hosp,2025-10-25,13,quantile,0.6,19.157659785609933
2025-10-04,2,wk inc flu hosp,2025-10-25,13,quantile,0.65,19.157659785609933
2025-10-04,2,wk inc flu hosp,2025-10-25,13,quantile,0.7,19.157659785609933
2025-10-04,2,wk inc flu hosp,2025-10-25,13,quantile,0.75,19.157659785609933
2025-10-04,2,wk inc flu hosp,2025-10-25,13,quantile,0.8,19.157659785609933
2025-10-04,2,wk inc flu hosp,2025-10-25,13,quantile,0.85,19.157659785609933
2025-10-04,2,wk inc flu hosp,2025-10-25,13,quantile,0.9,19.157659785609933
2025-10-04,2,wk inc flu hosp,2025-10-25,13,quantile,0.95,19.157659785609933
2025-10-04,2,wk inc flu hosp,2025-10-25,13,quantile,0.975,19.157659785609933
2025-10-04,2,wk inc flu hosp,2025-10-25,13,quantile,0.99,19.157659785609933
2025-10-11,2,wk inc flu hosp,2025-11-01,13,quantile,0.01,20.61156985228667
2025-10-11,2,wk inc flu hosp,2025-11-01,13,quantile,0.025,20.61156985228667
2025-10-11,2,wk inc flu hosp,2025-11-01,13,quantile,0.05,20.61156985228667
2025-10-11,2,wk inc flu hosp,2025-11-01,13,quantile,0.1,20.61156985228667
2025-10-11,2,wk inc flu hosp,2025-11-01,13,quantile,0.15,20.61156985228667
2025-10-11,2,wk inc flu hosp,2025-11-01,13,quantile,0.2,20.61156985228667
2025-10-11,2,wk inc flu hosp,2025-11-01,13,quantile,0.25,20.61156985228667
2025-10-11,2,wk inc flu hosp,2025-11-01,13,quantile,0.3,20.61156985228667
2025-10-11,2,wk inc flu hosp,2025-11-01,13,quantile,0.35,20.61156985228667
2025-10-11,2,wk inc flu hosp,2025-11-01,13,quantile,0.4,20.61156985228667
2025-10-11,2,wk inc flu hosp,2025-11-01,13,quantile,0.45,20.61156985228667
2025-10-11,2,wk inc flu hosp,2025-11-01,13,quantile,0.5,20.61156985228667
2025-10-11,2,wk inc flu hosp,2025-11-01,13,quantile,0.55,20.61156985228667
2025-10-11,2,wk inc flu hosp,2025-11-01,13,quantile,0.6,20.61156985228667
2025-10-11,2,wk inc flu hosp,2025-11-01,13,quantile,0.65,20.61156985228667
2025-10-11,2,wk inc flu hosp,2025-11-01,13,quantile,0.7,20.61156985228667
2025-10-11,2,wk inc flu hosp,2025-11-01,13,quantile,0.75,20.61156985228667
2025-10-11,2,wk inc flu hosp,2025-11-01,13,quantile,0.8,20.61156985228667
2025-10-11,2,wk inc flu hosp,2025-11-01,13,quantile,0.85,20.61156985228667
2025-10-11,2,wk inc flu hosp,2025-11-01,13,quantile,0.9,20.61156985228667
2025-10-11,2,wk inc flu hosp,2025-11-01,13,quantile,0.95,20.61156985228667
2025-10-11,2,wk inc flu hosp,2025-11-01,13,quantile,0.975,20.61156985228667
2025-10-11,2,wk inc flu hosp,2025-11-01,13,quantile,0.99,20.61156985228667
2025-10-18,2,wk inc flu hosp,2025-11-08,13,quantile,0.01,24.808948679395368
2025-10-18,2,wk inc flu hosp,2025-11-08,13,quantile,0.025,24.808948679395368
2025-10-18,2,wk inc flu hosp,2025-11-08,13,quantile,0.05,24.808948679395368
2025-10-18,2,wk inc flu hosp,2025-11-08,13,quantile,0.1,24.808948679395368
2025-10-18,2,wk inc flu hosp,2025-11-08,13,quantile,0.15,24.808948679395368
2025-10-18,2,wk inc flu hosp,2025-11-08,13,quantile,0.2,24.808948679395368
2025-10-18,2,wk inc flu hosp,2025-11-08,13,quantile,0.25,24.808948679395368
2025-10-18,2,wk inc flu hosp,2025-11-08,13,quantile,0.3,24.808948679395368
2025-10-18,2,wk inc flu hosp,2025-11-08,13,quantile,0.35,24.808948679395368
2025-10-18,2,wk inc flu hosp,2025-11-08,13,quantile,0.4,24.808948679395368
2025-10-18,2,wk inc flu hosp,2025-11-08,13,quantile,0.45,24.808948679395368
2025-10-18,2,wk inc flu hosp,2025-11-08,13,quantile,0.5,24.808948679395368
2025-10-18,2,wk inc flu hosp,2025-11-08,13,quantile,0.55,24.808948679395368
2025-10-18,2,wk inc flu hosp,2025-11-08,13,quantile,0.6,24.808948679395368
2025-10-18,2,wk inc flu hosp,2025-11-08,13,quantile,0.65,24.808948679395368
2025-10-18,2,wk inc flu hosp,2025-11-08,13,quantile,0.7,24.808948679395368
2025-10-18,2,wk inc flu hosp,2025-11-08,13,quantile,0.75,24.808948679395368
2025-10-18,2,wk inc flu hosp,2025-11-08,13,quantile,0.8,24.808948679395368
2025-10-18,2,wk inc flu hosp,2025-11-08,13,quantile,0.85,24.808948679395368
2025-10-18,2,wk inc flu hosp,2025-11-08,13,quantile,0.9,24.808948679395368
2025-10-18,2,wk inc flu hosp,2025-11-08,13,quantile,0.95,24.808948679395368
2025-10-18,2,wk inc flu hosp,2025-11-08,13,quantile,0.975,24.808948679395368
2025-10-18,2,wk inc flu hosp,2025-11-08,13,quantile,0.99,24.808948679395368
2025-10-25,2,wk inc flu hosp,2025-11-15,13,quantile,0.01,35.54784370801258
2025-10-25,2,wk inc flu hosp,2025-11-15,13,quantile,0.025,35.54784370801258
2025-10-25,2,wk inc flu hosp,2025-11-15,13,quantile,0.05,35.54784370801258
2025-10-25,2,wk inc flu hosp,2025-11-15,13,quantile,0.1,35.54784370801258
2025-10-25,2,wk inc flu hosp,2025-11-15,13,quantile,0.15,35.54784370801258
2025-10-25,2,wk inc flu hosp,2025-11-15,13,quantile,0.2,35.54784370801258
2025-10-25,2,wk inc flu hosp,2025-11-15,13,quantile,0.25,35.54784370801258
2025-10-25,2,wk inc flu hosp,2025-11-15,13,quantile,0.3,35.54784370801258
2025-10-25,2,wk inc flu hosp,2025-11-15,13,quantile,0.35,35.54784370801258
2025-10-25,2,wk inc flu hosp,2025-11-15,13,quantile,0.4,35.54784370801258
2025-10-25,2,wk inc flu hosp,2025-11-15,13,quantile,0.45,35.54784370801258
2025-10-25,2,wk inc flu hosp,2025-11-15,13,quantile,0.5,35.54784370801258
2025-10-25,2,wk inc flu hosp,2025-11-15,13,quantile,0.55,35.54784370801258
2025-10-25,2,wk inc flu hosp,2025-11-15,13,quantile,0.6,35.54784370801258
2025-10-25,2,wk inc flu hosp,2025-11-15,13,quantile,0.65,35.54784370801258
2025-10-25,2,wk inc flu hosp,2025-11-15,13,quantile,0.7,35.54784370801258
2025-10-25,2,wk inc flu hosp,2025-11-15,13,quantile,0.75,35.54784370801258
2025-10-25,2,wk inc flu hosp,2025-11-15,13,quantile,0.8,35.54784370801258
2025-10-25,2,wk inc flu hosp,2025-11-15,13,quantile,0.85,35.54784370801258
2025-10-25,2,wk inc flu hosp,2025-11-15,13,quantile,0.9,35.54784370801258
2025-10-25,2,wk inc flu hosp,2025-11-15,13,quantile,0.95,35.54784370801258
2025-10-25,2,wk inc flu hosp,2025-11-15,13,quantile,0.975,35.54784370801258
2025-10-25,2,wk inc flu hosp,2025-11-15,13,quantile,0.99,35.54784370801258
2025-11-01,2,wk inc flu hosp,2025-11-22,13,quantile,0.01,50.640448881055505
2025-11-01,2,wk inc flu hosp,2025-11-22,13,quantile,0.025,50.640448881055505
2025-11-01,2,wk inc flu hosp,2025-11-22,13,quantile,0.05,50.640448881055505
2025-11-01,2,wk inc flu hosp,2025-11-22,13,quantile,0.1,50.640448881055505
2025-11-01,2,wk inc flu hosp,2025-11-22,13,quantile,0.15,50.640448881055505
2025-11-01,2,wk inc flu hosp,2025-11-22,13,quantile,0.2,50.640448881055505
2025-11-01,2,wk inc flu hosp,2025-11-22,13,quantile,0.25,50.640448881055505
2025-11-01,2,wk inc flu hosp,2025-11-22,13,quantile,0.3,50.640448881055505
2025-11-01,2,wk inc flu hosp,2025-11-22,13,quantile,0.35,50.640448881055505
2025-11-01,2,wk inc flu hosp,2025-11-22,13,quantile,0.4,50.640448881055505
2025-11-01,2,wk inc flu hosp,2025-11-22,13,quantile,0.45,50.640448881055505
2025-11-01,2,wk inc flu hosp,2025-11-22,13,quantile,0.5,50.640448881055505
2025-11-01,2,wk inc flu hosp,2025-11-22,13,quantile,0.55,50.640448881055505
2025-11-01,2,wk inc flu hosp,2025-11-22,13,quantile,0.6,50.640448881055505
2025-11-01,2,wk inc flu hosp,2025-11-22,13,quantile,0.65,50.640448881055505
2025-11-01,2,wk inc flu hosp,2025-11-22,13,quantile,0.7,50.640448881055505
2025-11-01,2,wk inc flu hosp,2025-11-22,13,quantile,0.75,50.640448881055505
2025-11-01,2,wk inc flu hosp,2025-11-22,13,quantile,0.8,50.640448881055505
2025-11-01,2,wk inc flu hosp,2025-11-22,13,quantile,0.85,50.640448881055505
2025-11-01,2,wk inc flu hosp,2025-11-22,13,quantile,0.9,50.640448881055505
2025-11-01,2,wk inc flu hosp,2025-11-22,13,quantile,0.95,50.640448881055505
2025-11-01,2,wk inc flu hosp,2025-11-22,13,quantile,0.975,50.640448881055505
2025-11-01,2,wk inc flu hosp,2025-11-22,13,quantile,0.99,50.640448881055505
2025-09-20,2,wk inc flu hosp,2025-10-11,15,quantile,0.01,1.013166938380595
2025-09-20,2,wk inc flu hosp,2025-10-11,15,quantile,0.025,1.013166938380595
2025-09-20,2,wk inc flu hosp,2025-10-11,15,quantile,0.05,1.013166938380595
2025-09-20,2,wk inc flu hosp,2025-10-11,15,quantile,0.1,1.013166938380595
2025-09-20,2,wk inc flu hosp,2025-10-11,15,quantile,0.15,1.013166938380595
2025-09-20,2,wk inc flu hosp,2025-10-11,15,quantile,0.2,1.013166938380595
2025-09-20,2,wk inc flu hosp,2025-10-11,15,quantile,0.25,1.013166938380595
2025-09-20,2,wk inc flu hosp,2025-10-11,15,quantile,0.3,1.013166938380595
2025-09-20,2,wk inc flu hosp,2025-10-11,15,quantile,0.35,1.013166938380595
2025-09-20,2,wk inc flu hosp,2025-10-11,15,quantile,0.4,1.013166938380595
2025-09-20,2,wk inc flu hosp,2025-10-11,15,quantile,0.45,1.013166938380595
2025-09-20,2,wk inc flu hosp,2025-10-11,15,quantile,0.5,1.013166938380595
2025-09-20,2,wk inc flu hosp,2025-10-11,15,quantile,0.55,1.013166938380595
2025-09-20,2,wk inc flu hosp,2025-10-11,15,quantile,0.6,1.013166938380595
2025-09-20,2,wk inc flu hosp,2025-10-11,15,quantile,0.65,1.013166938380595
2025-09-20,2,wk inc flu hosp,2025-10-11,15,quantile,0.7,1.013166938380595
2025-09-20,2,wk inc flu hosp,2025-10-11,15,quantile,0.75,1.013166938380595
2025-09-20,2,wk inc flu hosp,2025-10-11,15,quantile,0.8,1.013166938380595
2025-09-20,2,wk inc flu hosp,2025-10-11,15,quantile,0.85,1.013166938380595
2025-09-20,2,wk inc flu hosp,2025-10-11,15,quantile,0.9,1.013166938380595
2025-09-20,2,wk inc flu hosp,2025-10-11,15,quantile,0.95,1.013166938380595
2025-09-20,2,wk inc flu hosp,2025-10-11,15,quantile,0.975,1.013166938380595
2025-09-20,2,wk inc flu hosp,2025-10-11,15,quantile,0.99,1.013166938380595
2025-09-27,2,wk inc flu hosp,2025-10-18,15,quantile,0.01,3.638870632569526
2025-09-27,2,wk inc flu hosp,2025-10-18,15,quantile,0.025,3.638870632569526
2025-09-27,2,wk inc flu hosp,2025-10-18,15,quantile,0.05,3.638870632569526
2025-09-27,2,wk inc flu hosp,2025-10-18,15,quantile,0.1,3.638870632569526
2025-09-27,2,wk inc flu hosp,2025-10-18,15,quantile,0.15,3.638870632569526
2025-09-27,2,wk inc flu hosp,2025-10-18,15,quantile,0.2,3.638870632569526
2025-09-27,2,wk inc flu hosp,2025-10-18,15,quantile,0.25,3.638870632569526
2025-09-27,2,wk inc flu hosp,2025-10-18,15,quantile,0.3,3.638870632569526
2025-09-27,2,wk inc flu hosp,2025-10-18,15,quantile,0.35,3.638870632569526
2025-09-27,2,wk inc flu hosp,2025-10-18,15,quantile,0.4,3.638870632569526
2025-09-27,2,wk inc flu hosp,2025-10-18,15,quantile,0.45,3.638870632569526
2025-09-27,2,wk inc flu hosp,2025-10-18,15,quantile,0.5,3.638870632569526
2025-09-27,2,wk inc flu hosp,2025-10-18,15,quantile,0.55,3.638870632569526
2025-09-27,2,wk inc flu hosp,2025-10-18,15,quantile,0.6,3.638870632569526
2025-09-27,2,wk inc flu hosp,2025-10-18,15,quantile,0.65,3.638870632569526
2025-09-27,2,wk inc flu hosp,2025-10-18,15,quantile,0.7,3.638870632569526
2025-09-27,2,wk inc flu hosp,2025-10-18,15,quantile,0.75,3.638870632569526
2025-09-27,2,wk inc flu hosp,2025-10-18,15,quantile,0.8,3.638870632569526
2025-09-27,2,wk inc flu hosp,2025-10-18,15,quantile,0.85,3.638870632569526
2025-09-27,2,wk inc flu hosp,2025-10-18,15,quantile,0.9,3.638870632569526
2025-09-27,2,wk inc flu hosp,2025-10-18,15,quantile,0.95,3.638870632569526
2025-09-27,2,wk inc flu hosp,2025-10-18,15,quantile,0.975,3.638870632569526
2025-09-27,2,wk inc flu hosp,2025-10-18,15,quantile,0.99,3.638870632569526
2025-10-04,2,wk inc flu hosp,2025-10-25,15,quantile,0.01,0.9752987832769451
2025-10-04,2,wk inc flu hosp,2025-10-25,15,quantile,0.025,0.9752987832769451
2025-10-04,2,wk inc flu hosp,2025-10-25,15,quantile,0.05,0.9752987832769451
2025-10-04,2,wk inc flu hosp,2025-10-25,15,quantile,0.1,0.9752987832769451
2025-10-04,2,wk inc flu hosp,2025-10-25,15,quantile,0.15,0.9752987832769451
2025-10-04,2,wk inc flu hosp,2025-10-25,15,quantile,0.2,0.9752987832769451
2025-10-04,2,wk inc flu hosp,2025-10-25,15,quantile,0.25,0.9752987832769451
2025-10-04,2,wk inc flu hosp,2025-10-25,15,quantile,0.3,0.9752987832769451
2025-10-04,2,wk inc flu hosp,2025-10-25,15,quantile,0.35,0.9752987832769451
2025-10-04,2,wk inc flu hosp,2025-10-25,15,quantile,0.4,0.9752987832769451
2025-10-04,2,wk inc flu hosp,2025-10-25,15,quantile,0.45,0.9752987832769451
2025-10-04,2,wk inc flu hosp,2025-10-25,15,quantile,0.5,0.9752987832769451
2025-10-04,2,wk inc flu hosp,2025-10-25,15,quantile,0.55,0.9752987832769451
2025-10-04,2,wk inc flu hosp,2025-10-25,15,quantile,0.6,0.9752987832769451
2025-10-04,2,wk inc flu hosp,2025-10-25,15,quantile,0.65,0.9752987832769451
2025-10-04,2,wk inc flu hosp,2025-10-25,15,quantile,0.7,0.9752987832769451
2025-10-04,2,wk inc flu hosp,2025-10-25,15,quantile,0.75,0.9752987832769451
2025-10-04,2,wk inc flu hosp,2025-10-25,15,quantile,0.8,0.9752987832769451
2025-10-04,2,wk inc flu hosp,2025-10-25,15,quantile,0.85,0.9752987832769451
2025-10-04,2,wk inc flu hosp,2025-10-25,15,quantile,0.9,0.9752987832769451
2025-10-04,2,wk inc flu hosp,2025-10-25,15,quantile,0.95,0.9752987832769451
2025-10-04,2,wk inc flu hosp,2025-10-25,15,quantile,0.975,0.9752987832769451
2025-10-04,2,wk inc flu hosp,2025-10-25,15,quantile,0.99,0.9752987832769451
2025-10-11,2,wk inc flu hosp,2025-11-01,15,quantile,0.01,2.8506307823179586
2025-10-11,2,wk inc flu hosp,2025-11-01,15,quantile,0.025,2.8506307823179586
2025-10-11,2,wk inc flu hosp,2025-11-01,15,quantile,0.05,2.8506307823179586
2025-10-11,2,wk inc flu hosp,2025-11-01,15,quantile,0.1,2.8506307823179586
2025-10-11,2,wk inc flu hosp,2025-11-01,15,quantile,0.15,2.8506307823179586
2025-10-11,2,wk inc flu hosp,2025-11-01,15,quantile,0.2,2.8506307823179586
2025-10-11,2,wk inc flu hosp,2025-11-01,15,quantile,0.25,2.8506307823179586
2025-10-11,2,wk inc flu hosp,2025-11-01,15,quantile,0.3,2.8506307823179586
2025-10-11,2,wk inc flu hosp,2025-11-01,15,quantile,0.35,2.8506307823179586
2025-10-11,2,wk inc flu hosp,2025-11-01,15,quantile,0.4,2.8506307823179586
2025-10-11,2,wk inc flu hosp,2025-11-01,15,quantile,0.45,2.8506307823179586
2025-10-11,2,wk inc flu hosp,2025-11-01,15,quantile,0.5,2.8506307823179586
2025-10-11,2,wk inc flu hosp,2025-11-01,15,quantile,0.55,2.8506307823179586
2025-10-11,2,wk inc flu hosp,2025-11-01,15,quantile,0.6,2.8506307823179586
2025-10-11,2,wk inc flu hosp,2025-11-01,15,quantile,0.65,2.8506307823179586
2025-10-11,2,wk inc flu hosp,2025-11-01,15,quantile,0.7,2.8506307823179586
2025-10-11,2,wk inc flu hosp,2025-11-01,15,quantile,0.75,2.8506307823179586
2025-10-11,2,wk inc flu hosp,2025-11-01,15,quantile,0.8,2.8506307823179586
2025-10-11,2,wk inc flu hosp,2025-11-01,15,quantile,0.85,2.8506307823179586
2025-10-11,2,wk inc flu hosp,2025-11-01,15,quantile,0.9,2.8506307823179586
2025-10-11,2,wk inc flu hosp,2025-11-01,15,quantile,0.95,2.8506307823179586
2025-10-11,2,wk inc flu hosp,2025-11-01,15,quantile,0.975,2.8506307823179586
2025-10-11,2,wk inc flu hosp,2025-11-01,15,quantile,0.99,2.8506307823179586
2025-10-18,2,wk inc flu hosp,2025-11-08,15,quantile,0.01,5.935892289725
2025-10-18,2,wk inc flu hosp,2025-11-08,15,quantile,0.025,5.935892289725
2025-10-18,2,wk inc flu hosp,2025-11-08,15,quantile,0.05,5.935892289725
2025-10-18,2,wk inc flu hosp,2025-11-08,15,quantile,0.1,5.935892289725
2025-10-18,2,wk inc flu hosp,2025-11-08,15,quantile,0.15,5.935892289725
2025-10-18,2,wk inc flu hosp,2025-11-08,15,quantile,0.2,5.935892289725
2025-10-18,2,wk inc flu hosp,2025-11-08,15,quantile,0.25,5.935892289725
2025-10-18,2,wk inc flu hosp,2025-11-08,15,quantile,0.3,5.935892289725
2025-10-18,2,wk inc flu hosp,2025-11-08,15,quantile,0.35,5.935892289725
2025-10-18,2,wk inc flu hosp,2025-11-08,15,quantile,0.4,5.935892289725
2025-10-18,2,wk inc flu hosp,2025-11-08,15,quantile,0.45,5.935892289725
2025-10-18,2,wk inc flu hosp,2025-11-08,15,quantile,0.5,5.935892289725
2025-10-18,2,wk inc flu hosp,2025-11-08,15,quantile,0.55,5.935892289725
2025-10-18,2,wk inc flu hosp,2025-11-08,15,quantile,0.6,5.935892289725
2025-10-18,2,wk inc flu hosp,2025-11-08,15,quantile,0.65,5.935892289725
2025-10-18,2,wk inc flu hosp,2025-11-08,15,quantile,0.7,5.935892289725
2025-10-18,2,wk inc flu hosp,2025-11-08,15,quantile,0.75,5.935892289725
2025-10-18,2,wk inc flu hosp,2025-11-08,15,quantile,0.8,5.935892289725
2025-10-18,2,wk inc flu hosp,2025-11-08,15,quantile,0.85,5.935892289725
2025-10-18,2,wk inc flu hosp,2025-11-08,15,quantile,0.9,5.935892289725
2025-10-18,2,wk inc flu hosp,2025-11-08,15,quantile,0.95,5.935892289725
2025-10-18,2,wk inc flu hosp,2025-11-08,15,quantile,0.975,5.935892289725
2025-10-18,2,wk inc flu hosp,2025-11-08,15,quantile,0.99,5.935892289725
2025-10-25,2,wk inc flu hosp,2025-11-15,15,quantile,0.01,8.455617201521719
2025-10-25,2,wk inc flu hosp,2025-11-15,15,quantile,0.025,8.455617201521719
2025-10-25,2,wk inc flu hosp,2025-11-15,15,quantile,0.05,8.455617201521719
2025-10-25,2,wk inc flu hosp,2025-11-15,15,quantile,0.1,8.455617201521719
2025-10-25,2,wk inc flu hosp,2025-11-15,15,quantile,0.15,8.455617201521719
2025-10-25,2,wk inc flu hosp,2025-11-15,15,quantile,0.2,8.455617201521719
2025-10-25,2,wk inc flu hosp,2025-11-15,15,quantile,0.25,8.455617201521719
2025-10-25,2,wk inc flu hosp,2025-11-15,15,quantile,0.3,8.455617201521719
2025-10-25,2,wk inc flu hosp,2025-11-15,15,quantile,0.35,8.455617201521719
2025-10-25,2,wk inc flu hosp,2025-11-15,15,quantile,0.4,8.455617201521719
2025-10-25,2,wk inc flu hosp,2025-11-15,15,quantile,0.45,8.455617201521719
2025-10-25,2,wk inc flu hosp,2025-11-15,15,quantile,0.5,8.455617201521719
2025-10-25,2,wk inc flu hosp,2025-11-15,15,quantile,0.55,8.455617201521719
2025-10-25,2,wk inc flu hosp,2025-11-15,15,quantile,0.6,8.455617201521719
2025-10-25,2,wk inc flu hosp,2025-11-15,15,quantile,0.65,8.455617201521719
2025-10-25,2,wk inc flu hosp,2025-11-15,15,quantile,0.7,8.455617201521719
2025-10-25,2,wk inc flu hosp,2025-11-15,15,quantile,0.75,8.455617201521719
2025-10-25,2,wk inc flu hosp,2025-11-15,15,quantile,0.8,8.455617201521719
2025-10-25,2,wk inc flu hosp,2025-11-15,15,quantile,0.85,8.455617201521719
2025-10-25,2,wk inc flu hosp,2025-11-15,15,quantile,0.9,8.455617201521719
2025-10-25,2,wk inc flu hosp,2025-11-15,15,quantile,0.95,8.455617201521719
2025-10-25,2,wk inc flu hosp,2025-11-15,15,quantile,0.975,8.455617201521719
2025-10-25,2,wk inc flu hosp,2025-11-15,15,quantile,0.99,8.455617201521719
2025-11-01,2,wk inc flu hosp,2025-11-22,15,quantile,0.01,12.666048992708905
2025-11-01,2,wk inc flu hosp,2025-11-22,15,quantile,0.025,12.666048992708905
2025-11-01,2,wk inc flu hosp,2025-11-22,15,quantile,0.05,12.666048992708905
2025-11-01,2,wk inc flu hosp,2025-11-22,15,quantile,0.1,12.666048992708905
2025-11-01,2,wk inc flu hosp,2025-11-22,15,quantile,0.15,12.666048992708905
2025-11-01,2,wk inc flu hosp,2025-11-22,15,quantile,0.2,12.666048992708905
2025-11-01,2,wk inc flu hosp,2025-11-22,15,quantile,0.25,12.666048992708905
2025-11-01,2,wk inc flu hosp,2025-11-22,15,quantile,0.3,12.666048992708905
2025-11-01,2,wk inc flu hosp,2025-11-22,15,quantile,0.35,12.666048992708905
2025-11-01,2,wk inc flu hosp,2025-11-22,15,quantile,0.4,12.666048992708905
2025-11-01,2,wk inc flu hosp,2025-11-22,15,quantile,0.45,12.666048992708905
2025-11-01,2,wk inc flu hosp,2025-11-22,15,quantile,0.5,12.666048992708905
2025-11-01,2,wk inc flu hosp,2025-11-22,15,quantile,0.55,12.666048992708905
2025-11-01,2,wk inc flu hosp,2025-11-22,15,quantile,0.6,12.666048992708905
2025-11-01,2,wk inc flu hosp,2025-11-22,15,quantile,0.65,12.666048992708905
2025-11-01,2,wk inc flu hosp,2025-11-22,15,quantile,0.7,12.666048992708905
2025-11-01,2,wk inc flu hosp,2025-11-22,15,quantile,0.75,12.666048992708905
2025-11-01,2,wk inc flu hosp,2025-11-22,15,quantile,0.8,12.666048992708905
2025-11-01,2,wk inc flu hosp,2025-11-22,15,quantile,0.85,12.666048992708905
2025-11-01,2,wk inc flu hosp,2025-11-22,15,quantile,0.9,12.666048992708905
2025-11-01,2,wk inc flu hosp,2025-11-22,15,quantile,0.95,12.666048992708905
2025-11-01,2,wk inc flu hosp,2025-11-22,15,quantile,0.975,12.666048992708905
2025-11-01,2,wk inc flu hosp,2025-11-22,15,quantile,0.99,12.666048992708905
2025-09-20,2,wk inc flu hosp,2025-10-11,16,quantile,0.01,2.1124299241361766
2025-09-20,2,wk inc flu hosp,2025-10-11,16,quantile,0.025,2.1124299241361766
2025-09-20,2,wk inc flu hosp,2025-10-11,16,quantile,0.05,2.1124299241361766
2025-09-20,2,wk inc flu hosp,2025-10-11,16,quantile,0.1,2.1124299241361766
2025-09-20,2,wk inc flu hosp,2025-10-11,16,quantile,0.15,2.1124299241361766
2025-09-20,2,wk inc flu hosp,2025-10-11,16,quantile,0.2,2.1124299241361766
2025-09-20,2,wk inc flu hosp,2025-10-11,16,quantile,0.25,2.1124299241361766
2025-09-20,2,wk inc flu hosp,2025-10-11,16,quantile,0.3,2.1124299241361766
2025-09-20,2,wk inc flu hosp,2025-10-11,16,quantile,0.35,2.1124299241361766
2025-09-20,2,wk inc flu hosp,2025-10-11,16,quantile,0.4,2.1124299241361766
2025-09-20,2,wk inc flu hosp,2025-10-11,16,quantile,0.45,2.1124299241361766
2025-09-20,2,wk inc flu hosp,2025-10-11,16,quantile,0.5,2.1124299241361766
2025-09-20,2,wk inc flu hosp,2025-10-11,16,quantile,0.55,2.1124299241361766
2025-09-20,2,wk inc flu hosp,2025-10-11,16,quantile,0.6,2.1124299241361766
2025-09-20,2,wk inc flu hosp,2025-10-11,16,quantile,0.65,2.1124299241361766
2025-09-20,2,wk inc flu hosp,2025-10-11,16,quantile,0.7,2.1124299241361766
2025-09-20,2,wk inc flu hosp,2025-10-11,16,quantile,0.75,2.1124299241361766
2025-09-20,2,wk inc flu hosp,2025-10-11,16,quantile,0.8,2.1124299241361766
2025-09-20,2,wk inc flu hosp,2025-10-11,16,quantile,0.85,2.1124299241361766
2025-09-20,2,wk inc flu hosp,2025-10-11,16,quantile,0.9,2.1124299241361766
2025-09-20,2,wk inc flu hosp,2025-10-11,16,quantile,0.95,2.1124299241361766
2025-09-20,2,wk inc flu hosp,2025-10-11,16,quantile,0.975,2.1124299241361766
2025-09-20,2,wk inc flu hosp,2025-10-11,16,quantile,0.99,2.1124299241361766
2025-09-27,2,wk inc flu hosp,2025-10-18,16,quantile,0.01,0.8857561835951274
2025-09-27,2,wk inc flu hosp,2025-10-18,16,quantile,0.025,0.8857561835951274
2025-09-27,2,wk inc flu hosp,2025-10-18,16,quantile,0.05,0.8857561835951274
2025-09-27,2,wk inc flu hosp,2025-10-18,16,quantile,0.1,0.8857561835951274
2025-09-27,2,wk inc flu hosp,2025-10-18,16,quantile,0.15,0.8857561835951274
2025-09-27,2,wk inc flu hosp,2025-10-18,16,quantile,0.2,0.8857561835951274
2025-09-27,2,wk inc flu hosp,2025-10-18,16,quantile,0.25,0.8857561835951274
2025-09-27,2,wk inc flu hosp,2025-10-18,16,quantile,0.3,0.8857561835951274
2025-09-27,2,wk inc flu hosp,2025-10-18,16,quantile,0.35,0.8857561835951274
2025-09-27,2,wk inc flu hosp,2025-10-18,16,quantile,0.4,0.8857561835951274
2025-09-27,2,wk inc flu hosp,2025-10-18,16,quantile,0.45,0.8857561835951274
2025-09-27,2,wk inc flu hosp,2025-10-18,16,quantile,0.5,0.8857561835951274
2025-09-27,2,wk inc flu hosp,2025-10-18,16,quantile,0.55,0.8857561835951274
2025-09-27,2,wk inc flu hosp,2025-10-18,16,quantile,0.6,0.8857561835951274
2025-09-27,2,wk inc flu hosp,2025-10-18,16,quantile,0.65,0.8857561835951274
2025-09-27,2,wk inc flu hosp,2025-10-18,16,quantile,0.7,0.8857561835951274
2025-09-27,2,wk inc flu hosp,2025-10-18,16,quantile,0.75,0.8857561835951274
2025-09-27,2,wk inc flu hosp,2025-10-18,16,quantile,0.8,0.8857561835951274
2025-09-27,2,wk inc flu hosp,2025-10-18,16,quantile,0.85,0.8857561835951274
2025-09-27,2,wk inc flu hosp,2025-10-18,16,quantile,0.9,0.8857561835951274
2025-09-27,2,wk inc flu hosp,2025-10-18,16,quantile,0.95,0.8857561835951274
2025-09-27,2,wk inc flu hosp,2025-10-18,16,quantile,0.975,0.8857561835951274
2025-09-27,2,wk inc flu hosp,2025-10-18,16,quantile,0.99,0.8857561835951274
2025-10-04,2,wk inc flu hosp,2025-10-25,16,quantile,0.01,1.5646530957489952
2025-10-04,2,wk inc flu hosp,2025-10-25,16,quantile,0.025,1.5646530957489952
2025-10-04,2,wk inc flu hosp,2025-10-25,16,quantile,0.05,1.5646530957489952
2025-10-04,2,wk inc flu hosp,2025-10-25,16,quantile,0.1,1.5646530957489952
2025-10-04,2,wk inc flu hosp,2025-10-25,16,quantile,0.15,1.5646530957489952
2025-10-04,2,wk inc flu hosp,2025-10-25,16,quantile,0.2,1.5646530957489952
2025-10-04,2,wk inc flu hosp,2025-10-25,16,quantile,0.25,1.5646530957489952
2025-10-04,2,wk inc flu hosp,2025-10-25,16,quantile,0.3,1.5646530957489952
2025-10-04,2,wk inc flu hosp,2025-10-25,16,quantile,0.35,1.5646530957489952
2025-10-04,2,wk inc flu hosp,2025-10-25,16,quantile,0.4,1.5646530957489952
2025-10-04,2,wk inc flu hosp,2025-10-25,16,quantile,0.45,1.5646530957489952
2025-10-04,2,wk inc flu hosp,2025-10-25,16,quantile,0.5,1.5646530957489952
2025-10-04,2,wk inc flu hosp,2025-10-25,16,quantile,0.55,1.5646530957489952
2025-10-04,2,wk inc flu hosp,2025-10-25,16,quantile,0.6,1.5646530957489952
2025-10-04,2,wk inc flu hosp,2025-10-25,16,quantile,0.65,1.5646530957489952
2025-10-04,2,wk inc flu hosp,2025-10-25,16,quantile,0.7,1.5646530957489952
2025-10-04,2,wk inc flu hosp,2025-10-25,16,quantile,0.75,1.5646530957489952
2025-10-04,2,wk inc flu hosp,2025-10-25,16,quantile,0.8,1.5646530957489952
2025-10-04,2,wk inc flu hosp,2025-10-25,16,quantile,0.85,1.5646530957489952
2025-10-04,2,wk inc flu hosp,2025-10-25,16,quantile,0.9,1.5646530957489952
2025-10-04,2,wk inc flu hosp,2025-10-25,16,quantile,0.95,1.5646530957489952
2025-10-04,2,wk inc flu hosp,2025-10-25,16,quantile,0.975,1.5646530957489952
2025-10-04,2,wk inc flu hosp,2025-10-25,16,quantile,0.99,1.5646530957489952
2025-10-11,2,wk inc flu hosp,2025-11-01,16,quantile,0.01,1.3666894827044098
2025-10-11,2,wk inc flu hosp,2025-11-01,16,quantile,0.025,1.3666894827044098
2025-10-11,2,wk inc flu hosp,2025-11-01,16,quantile,0.05,1.3666894827044098
2025-10-11,2,wk inc flu hosp,2025-11-01,16,quantile,0.1,1.3666894827044098
2025-10-11,2,wk inc flu hosp,2025-11-01,16,quantile,0.15,1.3666894827044098
2025-10-11,2,wk inc flu hosp,2025-11-01,16,quantile,0.2,1.3666894827044098
2025-10-11,2,wk inc flu hosp,2025-11-01,16,quantile,0.25,1.3666894827044098
2025-10-11,2,wk inc flu hosp,2025-11-01,16,quantile,0.3,1.3666894827044098
2025-10-11,2,wk inc flu hosp,2025-11-01,16,quantile,0.35,1.3666894827044098
2025-10-11,2,wk inc flu hosp,2025-11-01,16,quantile,0.4,1.3666894827044098
2025-10-11,2,wk inc flu hosp,2025-11-01,16,quantile,0.45,1.3666894827044098
2025-10-11,2,wk inc flu hosp,2025-11-01,16,quantile,0.5,1.3666894827044098
2025-10-11,2,wk inc flu hosp,2025-11-01,16,quantile,0.55,1.3666894827044098
2025-10-11,2,wk inc flu hosp,2025-11-01,16,quantile,0.6,1.3666894827044098
2025-10-11,2,wk inc flu hosp,2025-11-01,16,quantile,0.65,1.3666894827044098
2025-10-11,2,wk inc flu hosp,2025-11-01,16,quantile,0.7,1.3666894827044098
2025-10-11,2,wk inc flu hosp,2025-11-01,16,quantile,0.75,1.3666894827044098
2025-10-11,2,wk inc flu hosp,2025-11-01,16,quantile,0.8,1.3666894827044098
2025-10-11,2,wk inc flu hosp,2025-11-01,16,quantile,0.85,1.3666894827044098
2025-10-11,2,wk inc flu hosp,2025-11-01,16,quantile,0.9,1.3666894827044098
2025-10-11,2,wk inc flu hosp,2025-11-01,16,quantile,0.95,1.3666894827044098
2025-10-11,2,wk inc flu hosp,2025-11-01,16,quantile,0.975,1.3666894827044098
2025-10-11,2,wk inc flu hosp,2025-11-01,16,quantile,0.99,1.3666894827044098
2025-10-18,2,wk inc flu hosp,2025-11-08,16,quantile,0.01,6.504466010466488
2025-10-18,2,wk inc flu hosp,2025-11-08,16,quantile,0.025,6.504466010466488
2025-10-18,2,wk inc flu hosp,2025-11-08,16,quantile,0.05,6.504466010466488
2025-10-18,2,wk inc flu hosp,2025-11-08,16,quantile,0.1,6.504466010466488
2025-10-18,2,wk inc flu hosp,2025-11-08,16,quantile,0.15,6.504466010466488
2025-10-18,2,wk inc flu hosp,2025-11-08,16,quantile,0.2,6.504466010466488
2025-10-18,2,wk inc flu hosp,2025-11-08,16,quantile,0.25,6.504466010466488
2025-10-18,2,wk inc flu hosp,2025-11-08,16,quantile,0.3,6.504466010466488
2025-10-18,2,wk inc flu hosp,2025-11-08,16,quantile,0.35,6.504466010466488
2025-10-18,2,wk inc flu hosp,2025-11-08,16,quantile,0.4,6.504466010466488
2025-10-18,2,wk inc flu hosp,2025-11-08,16,quantile,0.45,6.504466010466488
2025-10-18,2,wk inc flu hosp,2025-11-08,16,quantile,0.5,6.504466010466488
2025-10-18,2,wk inc flu hosp,2025-11-08,16,quantile,0.55,6.504466010466488
2025-10-18,2,wk inc flu hosp,2025-11-08,16,quantile,0.6,6.504466010466488
2025-10-18,2,wk inc flu hosp,2025-11-08,16,quantile,0.65,6.504466010466488
2025-10-18,2,wk inc flu hosp,2025-11-08,16,quantile,0.7,6.504466010466488
2025-10-18,2,wk inc flu hosp,2025-11-08,16,quantile,0.75,6.504466010466488
2025-10-18,2,wk inc flu hosp,2025-11-08,16,quantile,0.8,6.504466010466488
2025-10-18,2,wk inc flu hosp,2025-11-08,16,quantile,0.85,6.504466010466488
2025-10-18,2,wk inc flu hosp,2025-11-08,16,quantile,0.9,6.504466010466488
2025-10-18,2,wk inc flu hosp,2025-11-08,16,quantile,0.95,6.504466010466488
2025-10-18,2,wk inc flu hosp,2025-11-08,16,quantile,0.975,6.504466010466488
2025-10-18,2,wk inc flu hosp,2025-11-08,16,quantile,0.99,6.504466010466488
2025-10-25,2,wk inc flu hosp,2025-11-15,16,quantile,0.01,8.876025363663809
2025-10-25,2,wk inc flu hosp,2025-11-15,16,quantile,0.025,8.876025363663809
2025-10-25,2,wk inc flu hosp,2025-11-15,16,quantile,0.05,8.876025363663809
2025-10-25,2,wk inc flu hosp,2025-11-15,16,quantile,0.1,8.876025363663809
2025-10-25,2,wk inc flu hosp,2025-11-15,16,quantile,0.15,8.876025363663809
2025-10-25,2,wk inc flu hosp,2025-11-15,16,quantile,0.2,8.876025363663809
2025-10-25,2,wk inc flu hosp,2025-11-15,16,quantile,0.25,8.876025363663809
2025-10-25,2,wk inc flu hosp,2025-11-15,16,quantile,0.3,8.876025363663809
2025-10-25,2,wk inc flu hosp,2025-11-15,16,quantile,0.35,8.876025363663809
2025-10-25,2,wk inc flu hosp,2025-11-15,16,quantile,0.4,8.876025363663809
2025-10-25,2,wk inc flu hosp,2025-11-15,16,quantile,0.45,8.876025363663809
2025-10-25,2,wk inc flu hosp,2025-11-15,16,quantile,0.5,8.876025363663809
2025-10-25,2,wk inc flu hosp,2025-11-15,16,quantile,0.55,8.876025363663809
2025-10-25,2,wk inc flu hosp,2025-11-15,16,quantile,0.6,8.876025363663809
2025-10-25,2,wk inc flu hosp,2025-11-15,16,quantile,0.65,8.876025363663809
2025-10-25,2,wk inc flu hosp,2025-11-15,16,quantile,0.7,8.876025363663809
2025-10-25,2,wk inc flu hosp,2025-11-15,16,quantile,0.75,8.876025363663809
2025-10-25,2,wk inc flu hosp,2025-11-15,16,quantile,0.8,8.876025363663809
2025-10-25,2,wk inc flu hosp,2025-11-15,16,quantile,0.85,8.876025363663809
2025-10-25,2,wk inc flu hosp,2025-11-15,16,quantile,0.9,8.876025363663809
2025-10-25,2,wk inc flu hosp,2025-11-15,16,quantile,0.95,8.876025363663809
2025-10-25,2,wk inc flu hosp,2025-11-15,16,quantile,0.975,8.876025363663809
2025-10-25,2,wk inc flu hosp,2025-11-15,16,quantile,0.99,8.876025363663809
2025-11-01,2,wk inc flu hosp,2025-11-22,16,quantile,0.01,9.152747889059658
2025-11-01,2,wk inc flu hosp,2025-11-22,16,quantile,0.025,9.152747889059658
2025-11-01,2,wk inc flu hosp,2025-11-22,16,quantile,0.05,9.152747889059658
2025-11-01,2,wk inc flu hosp,2025-11-22,16,quantile,0.1,9.152747889059658
2025-11-01,2,wk inc flu hosp,2025-11-22,16,quantile,0.15,9.152747889059658
2025-11-01,2,wk inc flu hosp,2025-11-22,16,quantile,0.2,9.152747889059658
2025-11-01,2,wk inc flu hosp,2025-11-22,16,quantile,0.25,9.152747889059658
2025-11-01,2,wk inc flu hosp,2025-11-22,16,quantile,0.3,9.152747889059658
2025-11-01,2,wk inc flu hosp,2025-11-22,16,quantile,0.35,9.152747889059658
2025-11-01,2,wk inc flu hosp,2025-11-22,16,quantile,0.4,9.152747889059658
2025-11-01,2,wk inc flu hosp,2025-11-22,16,quantile,0.45,9.152747889059658
2025-11-01,2,wk inc flu hosp,2025-11-22,16,quantile,0.5,9.152747889059658
2025-11-01,2,wk inc flu hosp,2025-11-22,16,quantile,0.55,9.152747889059658
2025-11-01,2,wk inc flu hosp,2025-11-22,16,quantile,0.6,9.152747889059658
2025-11-01,2,wk inc flu hosp,2025-11-22,16,quantile,0.65,9.152747889059658
2025-11-01,2,wk inc flu hosp,2025-11-22,16,quantile,0.7,9.152747889059658
2025-11-01,2,wk inc flu hosp,2025-11-22,16,quantile,0.75,9.152747889059658
2025-11-01,2,wk inc flu hosp,2025-11-22,16,quantile,0.8,9.152747889059658
2025-11-01,2,wk inc flu hosp,2025-11-22,16,quantile,0.85,9.152747889059658
2025-11-01,2,wk inc flu hosp,2025-11-22,16,quantile,0.9,9.152747889059658
2025-11-01,2,wk inc flu hosp,2025-11-22,16,quantile,0.95,9.152747889059658
2025-11-01,2,wk inc flu hosp,2025-11-22,16,quantile,0.975,9.152747889059658
2025-11-01,2,wk inc flu hosp,2025-11-22,16,quantile,0.99,9.152747889059658
2025-09-20,2,wk inc flu hosp,2025-10-11,17,quantile,0.01,11.057643642199464
2025-09-20,2,wk inc flu hosp,2025-10-11,17,quantile,0.025,11.057643642199464
2025-09-20,2,wk inc flu hosp,2025-10-11,17,quantile,0.05,11.057643642199464
2025-09-20,2,wk inc flu hosp,2025-10-11,17,quantile,0.1,11.057643642199464
2025-09-20,2,wk inc flu hosp,2025-10-11,17,quantile,0.15,11.057643642199464
2025-09-20,2,wk inc flu hosp,2025-10-11,17,quantile,0.2,11.057643642199464
2025-09-20,2,wk inc flu hosp,2025-10-11,17,quantile,0.25,11.057643642199464
2025-09-20,2,wk inc flu hosp,2025-10-11,17,quantile,0.3,11.057643642199464
2025-09-20,2,wk inc flu hosp,2025-10-11,17,quantile,0.35,11.057643642199464
2025-09-20,2,wk inc flu hosp,2025-10-11,17,quantile,0.4,11.057643642199464
2025-09-20,2,wk inc flu hosp,2025-10-11,17,quantile,0.45,11.057643642199464
2025-09-20,2,wk inc flu hosp,2025-10-11,17,quantile,0.5,11.057643642199464
2025-09-20,2,wk inc flu hosp,2025-10-11,17,quantile,0.55,11.057643642199464
2025-09-20,2,wk inc flu hosp,2025-10-11,17,quantile,0.6,11.057643642199464
2025-09-20,2,wk inc flu hosp,2025-10-11,17,quantile,0.65,11.057643642199464
2025-09-20,2,wk inc flu hosp,2025-10-11,17,quantile,0.7,11.057643642199464
2025-09-20,2,wk inc flu hosp,2025-10-11,17,quantile,0.75,11.057643642199464
2025-09-20,2,wk inc flu hosp,2025-10-11,17,quantile,0.8,11.057643642199464
2025-09-20,2,wk inc flu hosp,2025-10-11,17,quantile,0.85,11.057643642199464
2025-09-20,2,wk inc flu hosp,2025-10-11,17,quantile,0.9,11.057643642199464
2025-09-20,2,wk inc flu hosp,2025-10-11,17,quantile,0.95,11.057643642199464
2025-09-20,2,wk inc flu hosp,2025-10-11,17,quantile,0.975,11.057643642199464
2025-09-20,2,wk inc flu hosp,2025-10-11,17,quantile,0.99,11.057643642199464
2025-09-27,2,wk inc flu hosp,2025-10-18,17,quantile,0.01,9.740650572810326
2025-09-27,2,wk inc flu hosp,2025-10-18,17,quantile,0.025,9.740650572810326
2025-09-27,2,wk inc flu hosp,2025-10-18,17,quantile,0.05,9.740650572810326
2025-09-27,2,wk inc flu hosp,2025-10-18,17,quantile,0.1,9.740650572810326
2025-09-27,2,wk inc flu hosp,2025-10-18,17,quantile,0.15,9.740650572810326
2025-09-27,2,wk inc flu hosp,2025-10-18,17,quantile,0.2,9.740650572810326
2025-09-27,2,wk inc flu hosp,2025-10-18,17,quantile,0.25,9.740650572810326
2025-09-27,2,wk inc flu hosp,2025-10-18,17,quantile,0.3,9.740650572810326
2025-09-27,2,wk inc flu hosp,2025-10-18,17,quantile,0.35,9.740650572810326
2025-09-27,2,wk inc flu hosp,2025-10-18,17,quantile,0.4,9.740650572810326
2025-09-27,2,wk inc flu hosp,2025-10-18,17,quantile,0.45,9.740650572810326
2025-09-27,2,wk inc flu hosp,2025-10-18,17,quantile,0.5,9.740650572810326
2025-09-27,2,wk inc flu hosp,2025-10-18,17,quantile,0.55,9.740650572810326
2025-09-27,2,wk inc flu hosp,2025-10-18,17,quantile,0.6,9.740650572810326
2025-09-27,2,wk inc flu hosp,2025-10-18,17,quantile,0.65,9.740650572810326
2025-09-27,2,wk inc flu hosp,2025-10-18,17,quantile,0.7,9.740650572810326
2025-09-27,2,wk inc flu hosp,2025-10-18,17,quantile,0.75,9.740650572810326
2025-09-27,2,wk inc flu hosp,2025-10-18,17,quantile,0.8,9.740650572810326
2025-09-27,2,wk inc flu hosp,2025-10-18,17,quantile,0.85,9.740650572810326
2025-09-27,2,wk inc flu hosp,2025-10-18,17,quantile,0.9,9.740650572810326
2025-09-27,2,wk inc flu hosp,2025-10-18,17,quantile,0.95,9.740650572810326
2025-09-27,2,wk inc flu hosp,2025-10-18,17,quantile,0.975,9.740650572810326
2025-09-27,2,wk inc flu hosp,2025-10-18,17,quantile,0.99,9.740650572810326
2025-10-04,2,wk inc flu hosp,2025-10-25,17,quantile,0.01,11.769603720330384
2025-10-04,2,wk inc flu hosp,2025-10-25,17,quantile,0.025,11.769603720330384
2025-10-04,2,wk inc flu hosp,2025-10-25,17,quantile,0.05,11.769603720330384
2025-10-04,2,wk inc flu hosp,2025-10-25,17,quantile,0.1,11.769603720330384
2025-10-04,2,wk inc flu hosp,2025-10-25,17,quantile,0.15,11.769603720330384
2025-10-04,2,wk inc flu hosp,2025-10-25,17,quantile,0.2,11.769603720330384
2025-10-04,2,wk inc flu hosp,2025-10-25,17,quantile,0.25,11.769603720330384
2025-10-04,2,wk inc flu hosp,2025-10-25,17,quantile,0.3,11.769603720330384
2025-10-04,2,wk inc flu hosp,2025-10-25,17,quantile,0.35,11.769603720330384
2025-10-04,2,wk inc flu hosp,2025-10-25,17,quantile,0.4,11.769603720330384
2025-10-04,2,wk inc flu hosp,2025-10-25,17,quantile,0.45,11.769603720330384
2025-10-04,2,wk inc flu hosp,2025-10-25,17,quantile,0.5,11.769603720330384
2025-10-04,2,wk inc flu hosp,2025-10-25,17,quantile,0.55,11.769603720330384
2025-10-04,2,wk inc flu hosp,2025-10-25,17,quantile,0.6,11.769603720330384
2025-10-04,2,wk inc flu hosp,2025-10-25,17,quantile,0.65,11.769603720330384
2025-10-04,2,wk inc flu hosp,2025-10-25,17,quantile,0.7,11.769603720330384
2025-10-04,2,wk inc flu hosp,2025-10-25,17,quantile,0.75,11.769603720330384
2025-10-04,2,wk inc flu hosp,2025-10-25,17,quantile,0.8,11.769603720330384
2025-10-04,2,wk inc flu hosp,2025-10-25,17,quantile,0.85,11.769603720330384
2025-10-04,2,wk inc flu hosp,2025-10-25,17,quantile,0.9,11.769603720330384
2025-10-04,2,wk inc flu hosp,2025-10-25,17,quantile,0.95,11.769603720330384
2025-10-04,2,wk inc flu hosp,2025-10-25,17,quantile,0.975,11.769603720330384
2025-10-04,2,wk inc flu hosp,2025-10-25,17,quantile,0.99,11.769603720330384
2025-10-11,2,wk inc flu hosp,2025-11-01,17,quantile,0.01,13.247301156773823
2025-10-11,2,wk inc flu hosp,2025-11-01,17,quantile,0.025,13.247301156773823
2025-10-11,2,wk inc flu hosp,2025-11-01,17,quantile,0.05,13.247301156773823
2025-10-11,2,wk inc flu hosp,2025-11-01,17,quantile,0.1,13.247301156773823
2025-10-11,2,wk inc flu hosp,2025-11-01,17,quantile,0.15,13.247301156773823
2025-10-11,2,wk inc flu hosp,2025-11-01,17,quantile,0.2,13.247301156773823
2025-10-11,2,wk inc flu hosp,2025-11-01,17,quantile,0.25,13.247301156773823
2025-10-11,2,wk inc flu hosp,2025-11-01,17,quantile,0.3,13.247301156773823
2025-10-11,2,wk inc flu hosp,2025-11-01,17,quantile,0.35,13.247301156773823
2025-10-11,2,wk inc flu hosp,2025-11-01,17,quantile,0.4,13.247301156773823
2025-10-11,2,wk inc flu hosp,2025-11-01,17,quantile,0.45,13.247301156773823
2025-10-11,2,wk inc flu hosp,2025-11-01,17,quantile,0.5,13.247301156773823
2025-10-11,2,wk inc flu hosp,2025-11-01,17,quantile,0.55,13.247301156773823
2025-10-11,2,wk inc flu hosp,2025-11-01,17,quantile,0.6,13.247301156773823
2025-10-11,2,wk inc flu hosp,2025-11-01,17,quantile,0.65,13.247301156773823
2025-10-11,2,wk inc flu hosp,2025-11-01,17,quantile,0.7,13.247301156773823
2025-10-11,2,wk inc flu hosp,2025-11-01,17,quantile,0.75,13.247301156773823
2025-10-11,2,wk inc flu hosp,2025-11-01,17,quantile,0.8,13.247301156773823
2025-10-11,2,wk inc flu hosp,2025-11-01,17,quantile,0.85,13.247301156773823
2025-10-11,2,wk inc flu hosp,2025-11-01,17,quantile,0.9,13.247301156773823
2025-10-11,2,wk inc flu hosp,2025-11-01,17,quantile,0.95,13.247301156773823
2025-10-11,2,wk inc flu hosp,2025-11-01,17,quantile,0.975,13.247301156773823
2025-10-11,2,wk inc flu hosp,2025-11-01,17,quantile,0.99,13.247301156773823
2025-10-18,2,wk inc flu hosp,2025-11-08,17,quantile,0.01,41.24056085158851
2025-10-18,2,wk inc flu hosp,2025-11-08,17,quantile,0.025,41.24056085158851
2025-10-18,2,wk inc flu hosp,2025-11-08,17,quantile,0.05,41.24056085158851
2025-10-18,2,wk inc flu hosp,2025-11-08,17,quantile,0.1,41.24056085158851
2025-10-18,2,wk inc flu hosp,2025-11-08,17,quantile,0.15,41.24056085158851
2025-10-18,2,wk inc flu hosp,2025-11-08,17,quantile,0.2,41.24056085158851
2025-10-18,2,wk inc flu hosp,2025-11-08,17,quantile,0.25,41.24056085158851
2025-10-18,2,wk inc flu hosp,2025-11-08,17,quantile,0.3,41.24056085158851
2025-10-18,2,wk inc flu hosp,2025-11-08,17,quantile,0.35,41.24056085158851
2025-10-18,2,wk inc flu hosp,2025-11-08,17,quantile,0.4,41.24056085158851
2025-10-18,2,wk inc flu hosp,2025-11-08,17,quantile,0.45,41.24056085158851
2025-10-18,2,wk inc flu hosp,2025-11-08,17,quantile,0.5,41.24056085158851
2025-10-18,2,wk inc flu hosp,2025-11-08,17,quantile,0.55,41.24056085158851
2025-10-18,2,wk inc flu hosp,2025-11-08,17,quantile,0.6,41.24056085158851
2025-10-18,2,wk inc flu hosp,2025-11-08,17,quantile,0.65,41.24056085158851
2025-10-18,2,wk inc flu hosp,2025-11-08,17,quantile,0.7,41.24056085158851
2025-10-18,2,wk inc flu hosp,2025-11-08,17,quantile,0.75,41.24056085158851
2025-10-18,2,wk inc flu hosp,2025-11-08,17,quantile,0.8,41.24056085158851
2025-10-18,2,wk inc flu hosp,2025-11-08,17,quantile,0.85,41.24056085158851
2025-10-18,2,wk inc flu hosp,2025-11-08,17,quantile,0.9,41.24056085158851
2025-10-18,2,wk inc flu hosp,2025-11-08,17,quantile,0.95,41.24056085158851
2025-10-18,2,wk inc flu hosp,2025-11-08,17,quantile,0.975,41.24056085158851
2025-10-18,2,wk inc flu hosp,2025-11-08,17,quantile,0.99,41.24056085158851
2025-10-25,2,wk inc flu hosp,2025-11-15,17,quantile,0.01,19.815831777833502
2025-10-25,2,wk inc flu hosp,2025-11-15,17,quantile,0.025,19.815831777833502
2025-10-25,2,wk inc flu hosp,2025-11-15,17,quantile,0.05,19.815831777833502
2025-10-25,2,wk inc flu hosp,2025-11-15,17,quantile,0.1,19.815831777833502
2025-10-25,2,wk inc flu hosp,2025-11-15,17,quantile,0.15,19.815831777833502
2025-10-25,2,wk inc flu hosp,2025-11-15,17,quantile,0.2,19.815831777833502
2025-10-25,2,wk inc flu hosp,2025-11-15,17,quantile,0.25,19.815831777833502
2025-10-25,2,wk inc flu hosp,2025-11-15,17,quantile,0.3,19.815831777833502
2025-10-25,2,wk inc flu hosp,2025-11-15,17,quantile,0.35,19.815831777833502
2025-10-25,2,wk inc flu hosp,2025-11-15,17,quantile,0.4,19.815831777833502
2025-10-25,2,wk inc flu hosp,2025-11-15,17,quantile,0.45,19.815831777833502
2025-10-25,2,wk inc flu hosp,2025-11-15,17,quantile,0.5,19.815831777833502
2025-10-25,2,wk inc flu hosp,2025-11-15,17,quantile,0.55,19.815831777833502
2025-10-25,2,wk inc flu hosp,2025-11-15,17,quantile,0.6,19.815831777833502
2025-10-25,2,wk inc flu hosp,2025-11-15,17,quantile,0.65,19.815831777833502
2025-10-25,2,wk inc flu hosp,2025-11-15,17,quantile,0.7,19.815831777833502
2025-10-25,2,wk inc flu hosp,2025-11-15,17,quantile,0.75,19.815831777833502
2025-10-25,2,wk inc flu hosp,2025-11-15,17,quantile,0.8,19.815831777833502
2025-10-25,2,wk inc flu hosp,2025-11-15,17,quantile,0.85,19.815831777833502
2025-10-25,2,wk inc flu hosp,2025-11-15,17,quantile,0.9,19.815831777833502
2025-10-25,2,wk inc flu hosp,2025-11-15,17,quantile,0.95,19.815831777833502
2025-10-25,2,wk inc flu hosp,2025-11-15,17,quantile,0.975,19.815831777833502
2025-10-25,2,wk inc flu hosp,2025-11-15,17,quantile,0.99,19.815831777833502
2025-11-01,2,wk inc flu hosp,2025-11-22,17,quantile,0.01,91.72181867134645
2025-11-01,2,wk inc flu hosp,2025-11-22,17,quantile,0.025,91.72181867134645
2025-11-01,2,wk inc flu hosp,2025-11-22,17,quantile,0.05,91.72181867134645
2025-11-01,2,wk inc flu hosp,2025-11-22,17,quantile,0.1,91.72181867134645
2025-11-01,2,wk inc flu hosp,2025-11-22,17,quantile,0.15,91.72181867134645
2025-11-01,2,wk inc flu hosp,2025-11-22,17,quantile,0.2,91.72181867134645
2025-11-01,2,wk inc flu hosp,2025-11-22,17,quantile,0.25,91.72181867134645
2025-11-01,2,wk inc flu hosp,2025-11-22,17,quantile,0.3,91.72181867134645
2025-11-01,2,wk inc flu hosp,2025-11-22,17,quantile,0.35,91.72181867134645
2025-11-01,2,wk inc flu hosp,2025-11-22,17,quantile,0.4,91.72181867134645
2025-11-01,2,wk inc flu hosp,2025-11-22,17,quantile,0.45,91.72181867134645
2025-11-01,2,wk inc flu hosp,2025-11-22,17,quantile,0.5,91.72181867134645
2025-11-01,2,wk inc flu hosp,2025-11-22,17,quantile,0.55,91.72181867134645
2025-11-01,2,wk inc flu hosp,2025-11-22,17,quantile,0.6,91.72181867134645
2025-11-01,2,wk inc flu hosp,2025-11-22,17,quantile,0.65,91.72181867134645
2025-11-01,2,wk inc flu hosp,2025-11-22,17,quantile,0.7,91.72181867134645
2025-11-01,2,wk inc flu hosp,2025-11-22,17,quantile,0.75,91.72181867134645
2025-11-01,2,wk inc flu hosp,2025-11-22,17,quantile,0.8,91.72181867134645
2025-11-01,2,wk inc flu hosp,2025-11-22,17,quantile,0.85,91.72181867134645
2025-11-01,2,wk inc flu hosp,2025-11-22,17,quantile,0.9,91.72181867134645
2025-11-01,2,wk inc flu hosp,2025-11-22,17,quantile,0.95,91.72181867134645
2025-11-01,2,wk inc flu hosp,2025-11-22,17,quantile,0.975,91.72181867134645
2025-11-01,2,wk inc flu hosp,2025-11-22,17,quantile,0.99,91.72181867134645
2025-09-20,2,wk inc flu hosp,2025-10-11,18,quantile,0.01,12.728394500727745
2025-09-20,2,wk inc flu hosp,2025-10-11,18,quantile,0.025,12.728394500727745
2025-09-20,2,wk inc flu hosp,2025-10-11,18,quantile,0.05,12.728394500727745
2025-09-20,2,wk inc flu hosp,2025-10-11,18,quantile,0.1,12.728394500727745
2025-09-20,2,wk inc flu hosp,2025-10-11,18,quantile,0.15,12.728394500727745
2025-09-20,2,wk inc flu hosp,2025-10-11,18,quantile,0.2,12.728394500727745
2025-09-20,2,wk inc flu hosp,2025-10-11,18,quantile,0.25,12.728394500727745
2025-09-20,2,wk inc flu hosp,2025-10-11,18,quantile,0.3,12.728394500727745
2025-09-20,2,wk inc flu hosp,2025-10-11,18,quantile,0.35,12.728394500727745
2025-09-20,2,wk inc flu hosp,2025-10-11,18,quantile,0.4,12.728394500727745
2025-09-20,2,wk inc flu hosp,2025-10-11,18,quantile,0.45,12.728394500727745
2025-09-20,2,wk inc flu hosp,2025-10-11,18,quantile,0.5,12.728394500727745
2025-09-20,2,wk inc flu hosp,2025-10-11,18,quantile,0.55,12.728394500727745
2025-09-20,2,wk inc flu hosp,2025-10-11,18,quantile,0.6,12.728394500727745
2025-09-20,2,wk inc flu hosp,2025-10-11,18,quantile,0.65,12.728394500727745
2025-09-20,2,wk inc flu hosp,2025-10-11,18,quantile,0.7,12.728394500727745
2025-09-20,2,wk inc flu hosp,2025-10-11,18,quantile,0.75,12.728394500727745
2025-09-20,2,wk inc flu hosp,2025-10-11,18,quantile,0.8,12.728394500727745
2025-09-20,2,wk inc flu hosp,2025-10-11,18,quantile,0.85,12.728394500727745
2025-09-20,2,wk inc flu hosp,2025-10-11,18,quantile,0.9,12.728394500727745
2025-09-20,2,wk inc flu hosp,2025-10-11,18,quantile,0.95,12.728394500727745
2025-09-20,2,wk inc flu hosp,2025-10-11,18,quantile,0.975,12.728394500727745
2025-09-20,2,wk inc flu hosp,2025-10-11,18,quantile,0.99,12.728394500727745
2025-09-27,2,wk inc flu hosp,2025-10-18,18,quantile,0.01,9.671911933326772
2025-09-27,2,wk inc flu hosp,2025-10-18,18,quantile,0.025,9.671911933326772
2025-09-27,2,wk inc flu hosp,2025-10-18,18,quantile,0.05,9.671911933326772
2025-09-27,2,wk inc flu hosp,2025-10-18,18,quantile,0.1,9.671911933326772
2025-09-27,2,wk inc flu hosp,2025-10-18,18,quantile,0.15,9.671911933326772
2025-09-27,2,wk inc flu hosp,2025-10-18,18,quantile,0.2,9.671911933326772
2025-09-27,2,wk inc flu hosp,2025-10-18,18,quantile,0.25,9.671911933326772
2025-09-27,2,wk inc flu hosp,2025-10-18,18,quantile,0.3,9.671911933326772
2025-09-27,2,wk inc flu hosp,2025-10-18,18,quantile,0.35,9.671911933326772
2025-09-27,2,wk inc flu hosp,2025-10-18,18,quantile,0.4,9.671911933326772
2025-09-27,2,wk inc flu hosp,2025-10-18,18,quantile,0.45,9.671911933326772
2025-09-27,2,wk inc flu hosp,2025-10-18,18,quantile,0.5,9.671911933326772
2025-09-27,2,wk inc flu hosp,2025-10-18,18,quantile,0.55,9.671911933326772
2025-09-27,2,wk inc flu hosp,2025-10-18,18,quantile,0.6,9.671911933326772
2025-09-27,2,wk inc flu hosp,2025-10-18,18,quantile,0.65,9.671911933326772
2025-09-27,2,wk inc flu hosp,2025-10-18,18,quantile,0.7,9.671911933326772
2025-09-27,2,wk inc flu hosp,2025-10-18,18,quantile,0.75,9.671911933326772
2025-09-27,2,wk inc flu hosp,2025-10-18,18,quantile,0.8,9.671911933326772
2025-09-27,2,wk inc flu hosp,2025-10-18,18,quantile,0.85,9.671911933326772
2025-09-27,2,wk inc flu hosp,2025-10-18,18,quantile,0.9,9.671911933326772
2025-09-27,2,wk inc flu hosp,2025-10-18,18,quantile,0.95,9.671911933326772
2025-09-27,2,wk inc flu hosp,2025-10-18,18,quantile,0.975,9.671911933326772
2025-09-27,2,wk inc flu hosp,2025-10-18,18,quantile,0.99,9.671911933326772
2025-10-04,2,wk inc flu hosp,2025-10-25,18,quantile,0.01,12.109270440153717
2025-10-04,2,wk inc flu hosp,2025-10-25,18,quantile,0.025,12.109270440153717
2025-10-04,2,wk inc flu hosp,2025-10-25,18,quantile,0.05,12.109270440153717
2025-10-04,2,wk inc flu hosp,2025-10-25,18,quantile,0.1,12.109270440153717
2025-10-04,2,wk inc flu hosp,2025-10-25,18,quantile,0.15,12.109270440153717
2025-10-04,2,wk inc flu hosp,2025-10-25,18,quantile,0.2,12.109270440153717
2025-10-04,2,wk inc flu hosp,2025-10-25,18,quantile,0.25,12.109270440153717
2025-10-04,2,wk inc flu hosp,2025-10-25,18,quantile,0.3,12.109270440153717
2025-10-04,2,wk inc flu hosp,2025-10-25,18,quantile,0.35,12.109270440153717
2025-10-04,2,wk inc flu hosp,2025-10-25,18,quantile,0.4,12.109270440153717
2025-10-04,2,wk inc flu hosp,2025-10-25,18,quantile,0.45,12.109270440153717
2025-10-04,2,wk inc flu hosp,2025-10-25,18,quantile,0.5,12.109270440153717
2025-10-04,2,wk inc flu hosp,2025-10-25,18,quantile,0.55,12.109270440153717
2025-10-04,2,wk inc flu hosp,2025-10-25,18,quantile,0.6,12.109270440153717
2025-10-04,2,wk inc flu hosp,2025-10-25,18,quantile,0.65,12.109270440153717
2025-10-04,2,wk inc flu hosp,2025-10-25,18,quantile,0.7,12.109270440153717
2025-10-04,2,wk inc flu hosp,2025-10-25,18,quantile,0.75,12.109270440153717
2025-10-04,2,wk inc flu hosp,2025-10-25,18,quantile,0.8,12.109270440153717
2025-10-04,2,wk inc flu hosp,2025-10-25,18,quantile,0.85,12.109270440153717
2025-10-04,2,wk inc flu hosp,2025-10-25,18,quantile,0.9,12.109270440153717
2025-10-04,2,wk inc flu hosp,2025-10-25,18,quantile,0.95,12.109270440153717
2025-10-04,2,wk inc flu hosp,2025-10-25,18,quantile,0.975,12.109270440153717
2025-10-04,2,wk inc flu hosp,2025-10-25,18,quantile,0.99,12.109270440153717
2025-10-11,2,wk inc flu hosp,2025-11-01,18,quantile,0.01,9.573723256428568
2025-10-11,2,wk inc flu hosp,2025-11-01,18,quantile,0.025,9.573723256428568
2025-10-11,2,wk inc flu hosp,2025-11-01,18,quantile,0.05,9.573723256428568
2025-10-11,2,wk inc flu hosp,2025-11-01,18,quantile,0.1,9.573723256428568
2025-10-11,2,wk inc flu hosp,2025-11-01,18,quantile,0.15,9.573723256428568
2025-10-11,2,wk inc flu hosp,2025-11-01,18,quantile,0.2,9.573723256428568
2025-10-11,2,wk inc flu hosp,2025-11-01,18,quantile,0.25,9.573723256428568
2025-10-11,2,wk inc flu hosp,2025-11-01,18,quantile,0.3,9.573723256428568
2025-10-11,2,wk inc flu hosp,2025-11-01,18,quantile,0.35,9.573723256428568
2025-10-11,2,wk inc flu hosp,2025-11-01,18,quantile,0.4,9.573723256428568
2025-10-11,2,wk inc flu hosp,2025-11-01,18,quantile,0.45,9.573723256428568
2025-10-11,2,wk inc flu hosp,2025-11-01,18,quantile,0.5,9.573723256428568
2025-10-11,2,wk inc flu hosp,2025-11-01,18,quantile,0.55,9.573723256428568
2025-10-11,2,wk inc flu hosp,2025-11-01,18,quantile,0.6,9.573723256428568
2025-10-11,2,wk inc flu hosp,2025-11-01,18,quantile,0.65,9.573723256428568
2025-10-11,2,wk inc flu hosp,2025-11-01,18,quantile,0.7,9.573723256428568
2025-10-11,2,wk inc flu hosp,2025-11-01,18,quantile,0.75,9.573723256428568
2025-10-11,2,wk inc flu hosp,2025-11-01,18,quantile,0.8,9.573723256428568
2025-10-11,2,wk inc flu hosp,2025-11-01,18,quantile,0.85,9.573723256428568
2025-10-11,2,wk inc flu hosp,2025-11-01,18,quantile,0.9,9.573723256428568
2025-10-11,2,wk inc flu hosp,2025-11-01,18,quantile,0.95,9.573723256428568
2025-10-11,2,wk inc flu hosp,2025-11-01,18,quantile,0.975,9.573723256428568
2025-10-11,2,wk inc flu hosp,2025-11-01,18,quantile,0.99,9.573723256428568
2025-10-18,2,wk inc flu hosp,2025-11-08,18,quantile,0.01,15.576381348723535
2025-10-18,2,wk inc flu hosp,2025-11-08,18,quantile,0.025,15.576381348723535
2025-10-18,2,wk inc flu hosp,2025-11-08,18,quantile,0.05,15.576381348723535
2025-10-18,2,wk inc flu hosp,2025-11-08,18,quantile,0.1,15.576381348723535
2025-10-18,2,wk inc flu hosp,2025-11-08,18,quantile,0.15,15.576381348723535
2025-10-18,2,wk inc flu hosp,2025-11-08,18,quantile,0.2,15.576381348723535
2025-10-18,2,wk inc flu hosp,2025-11-08,18,quantile,0.25,15.576381348723535
2025-10-18,2,wk inc flu hosp,2025-11-08,18,quantile,0.3,15.576381348723535
2025-10-18,2,wk inc flu hosp,2025-11-08,18,quantile,0.35,15.576381348723535
2025-10-18,2,wk inc flu hosp,2025-11-08,18,quantile,0.4,15.576381348723535
2025-10-18,2,wk inc flu hosp,2025-11-08,18,quantile,0.45,15.576381348723535
2025-10-18,2,wk inc flu hosp,2025-11-08,18,quantile,0.5,15.576381348723535
2025-10-18,2,wk inc flu hosp,2025-11-08,18,quantile,0.55,15.576381348723535
2025-10-18,2,wk inc flu hosp,2025-11-08,18,quantile,0.6,15.576381348723535
2025-10-18,2,wk inc flu hosp,2025-11-08,18,quantile,0.65,15.576381348723535
2025-10-18,2,wk inc flu hosp,2025-11-08,18,quantile,0.7,15.576381348723535
2025-10-18,2,wk inc flu hosp,2025-11-08,18,quantile,0.75,15.576381348723535
2025-10-18,2,wk inc flu hosp,2025-11-08,18,quantile,0.8,15.576381348723535
2025-10-18,2,wk inc flu hosp,2025-11-08,18,quantile,0.85,15.576381348723535
2025-10-18,2,wk inc flu hosp,2025-11-08,18,quantile,0.9,15.576381348723535
2025-10-18,2,wk inc flu hosp,2025-11-08,18,quantile,0.95,15.576381348723535
2025-10-18,2,wk inc flu hosp,2025-11-08,18,quantile,0.975,15.576381348723535
2025-10-18,2,wk inc flu hosp,2025-11-08,18,quantile,0.99,15.576381348723535
2025-10-25,2,wk inc flu hosp,2025-11-15,18,quantile,0.01,17.410244309615088
2025-10-25,2,wk inc flu hosp,2025-11-15,18,quantile,0.025,17.410244309615088
2025-10-25,2,wk inc flu hosp,2025-11-15,18,quantile,0.05,17.410244309615088
2025-10-25,2,wk inc flu hosp,2025-11-15,18,quantile,0.1,17.410244309615088
2025-10-25,2,wk inc flu hosp,2025-11-15,18,quantile,0.15,17.410244309615088
2025-10-25,2,wk inc flu hosp,2025-11-15,18,quantile,0.2,17.410244309615088
2025-10-25,2,wk inc flu hosp,2025-11-15,18,quantile,0.25,17.410244309615088
2025-10-25,2,wk inc flu hosp,2025-11-15,18,quantile,0.3,17.410244309615088
2025-10-25,2,wk inc flu hosp,2025-11-15,18,quantile,0.35,17.410244309615088
2025-10-25,2,wk inc flu hosp,2025-11-15,18,quantile,0.4,17.410244309615088
2025-10-25,2,wk inc flu hosp,2025-11-15,18,quantile,0.45,17.410244309615088
2025-10-25,2,wk inc flu hosp,2025-11-15,18,quantile,0.5,17.410244309615088
2025-10-25,2,wk inc flu hosp,2025-11-15,18,quantile,0.55,17.410244309615088
2025-10-25,2,wk inc flu hosp,2025-11-15,18,quantile,0.6,17.410244309615088
2025-10-25,2,wk inc flu hosp,2025-11-15,18,quantile,0.65,17.410244309615088
2025-10-25,2,wk inc flu hosp,2025-11-15,18,quantile,0.7,17.410244309615088
2025-10-25,2,wk inc flu hosp,2025-11-15,18,quantile,0.75,17.410244309615088
2025-10-25,2,wk inc flu hosp,2025-11-15,18,quantile,0.8,17.410244309615088
2025-10-25,2,wk inc flu hosp,2025-11-15,18,quantile,0.85,17.410244309615088
2025-10-25,2,wk inc flu hosp,2025-11-15,18,quantile,0.9,17.410244309615088
2025-10-25,2,wk inc flu hosp,2025-11-15,18,quantile,0.95,17.410244309615088
2025-10-25,2,wk inc flu hosp,2025-11-15,18,quantile,0.975,17.410244309615088
2025-10-25,2,wk inc flu hosp,2025-11-15,18,quantile,0.99,17.410244309615088
2025-11-01,2,wk inc flu hosp,2025-11-22,18,quantile,0.01,43.69648072729371
2025-11-01,2,wk inc flu hosp,2025-11-22,18,quantile,0.025,43.69648072729371
2025-11-01,2,wk inc flu hosp,2025-11-22,18,quantile,0.05,43.69648072729371
2025-11-01,2,wk inc flu hosp,2025-11-22,18,quantile,0.1,43.69648072729371
2025-11-01,2,wk inc flu hosp,2025-11-22,18,quantile,0.15,43.69648072729371
2025-11-01,2,wk inc flu hosp,2025-11-22,18,quantile,0.2,43.69648072729371
2025-11-01,2,wk inc flu hosp,2025-11-22,18,quantile,0.25,43.69648072729371
2025-11-01,2,wk inc flu hosp,2025-11-22,18,quantile,0.3,43.69648072729371
2025-11-01,2,wk inc flu hosp,2025-11-22,18,quantile,0.35,43.69648072729371
2025-11-01,2,wk inc flu hosp,2025-11-22,18,quantile,0.4,43.69648072729371
2025-11-01,2,wk inc flu hosp,2025-11-22,18,quantile,0.45,43.69648072729371
2025-11-01,2,wk inc flu hosp,2025-11-22,18,quantile,0.5,43.69648072729371
2025-11-01,2,wk inc flu hosp,2025-11-22,18,quantile,0.55,43.69648072729371
2025-11-01,2,wk inc flu hosp,2025-11-22,18,quantile,0.6,43.69648072729371
2025-11-01,2,wk inc flu hosp,2025-11-22,18,quantile,0.65,43.69648072729371
2025-11-01,2,wk inc flu hosp,2025-11-22,18,quantile,0.7,43.69648072729371
2025-11-01,2,wk inc flu hosp,2025-11-22,18,quantile,0.75,43.69648072729371
2025-11-01,2,wk inc flu hosp,2025-11-22,18,quantile,0.8,43.69648072729371
2025-11-01,2,wk inc flu hosp,2025-11-22,18,quantile,0.85,43.69648072729371
2025-11-01,2,wk inc flu hosp,2025-11-22,18,quantile,0.9,43.69648072729371
2025-11-01,2,wk inc flu hosp,2025-11-22,18,quantile,0.95,43.69648072729371
2025-11-01,2,wk inc flu hosp,2025-11-22,18,quantile,0.975,43.69648072729371
2025-11-01,2,wk inc flu hosp,2025-11-22,18,quantile,0.99,43.69648072729371
2025-09-20,2,wk inc flu hosp,2025-10-11,19,quantile,0.01,2.3309263922824717
2025-09-20,2,wk inc flu hosp,2025-10-11,19,quantile,0.025,2.3309263922824717
2025-09-20,2,wk inc flu hosp,2025-10-11,19,quantile,0.05,2.3309263922824717
2025-09-20,2,wk inc flu hosp,2025-10-11,19,quantile,0.1,2.3309263922824717
2025-09-20,2,wk inc flu hosp,2025-10-11,19,quantile,0.15,2.3309263922824717
2025-09-20,2,wk inc flu hosp,2025-10-11,19,quantile,0.2,2.3309263922824717
2025-09-20,2,wk inc flu hosp,2025-10-11,19,quantile,0.25,2.3309263922824717
2025-09-20,2,wk inc flu hosp,2025-10-11,19,quantile,0.3,2.3309263922824717
2025-09-20,2,wk inc flu hosp,2025-10-11,19,quantile,0.35,2.3309263922824717
2025-09-20,2,wk inc flu hosp,2025-10-11,19,quantile,0.4,2.3309263922824717
2025-09-20,2,wk inc flu hosp,2025-10-11,19,quantile,0.45,2.3309263922824717
2025-09-20,2,wk inc flu hosp,2025-10-11,19,quantile,0.5,2.3309263922824717
2025-09-20,2,wk inc flu hosp,2025-10-11,19,quantile,0.55,2.3309263922824717
2025-09-20,2,wk inc flu hosp,2025-10-11,19,quantile,0.6,2.3309263922824717
2025-09-20,2,wk inc flu hosp,2025-10-11,19,quantile,0.65,2.3309263922824717
2025-09-20,2,wk inc flu hosp,2025-10-11,19,quantile,0.7,2.3309263922824717
2025-09-20,2,wk inc flu hosp,2025-10-11,19,quantile,0.75,2.3309263922824717
2025-09-20,2,wk inc flu hosp,2025-10-11,19,quantile,0.8,2.3309263922824717
2025-09-20,2,wk inc flu hosp,2025-10-11,19,quantile,0.85,2.3309263922824717
2025-09-20,2,wk inc flu hosp,2025-10-11,19,quantile,0.9,2.3309263922824717
2025-09-20,2,wk inc flu hosp,2025-10-11,19,quantile,0.95,2.3309263922824717
2025-09-20,2,wk inc flu hosp,2025-10-11,19,quantile,0.975,2.3309263922824717
2025-09-20,2,wk inc flu hosp,2025-10-11,19,quantile,0.99,2.3309263922824717
2025-09-27,2,wk inc flu hosp,2025-10-18,19,quantile,0.01,4.787535797219007
2025-09-27,2,wk inc flu hosp,2025-10-18,19,quantile,0.025,4.787535797219007
2025-09-27,2,wk inc flu hosp,2025-10-18,19,quantile,0.05,4.787535797219007
2025-09-27,2,wk inc flu hosp,2025-10-18,19,quantile,0.1,4.787535797219007
2025-09-27,2,wk inc flu hosp,2025-10-18,19,quantile,0.15,4.787535797219007
2025-09-27,2,wk inc flu hosp,2025-10-18,19,quantile,0.2,4.787535797219007
2025-09-27,2,wk inc flu hosp,2025-10-18,19,quantile,0.25,4.787535797219007
2025-09-27,2,wk inc flu hosp,2025-10-18,19,quantile,0.3,4.787535797219007
2025-09-27,2,wk inc flu hosp,2025-10-18,19,quantile,0.35,4.787535797219007
2025-09-27,2,wk inc flu hosp,2025-10-18,19,quantile,0.4,4.787535797219007
2025-09-27,2,wk inc flu hosp,2025-10-18,19,quantile,0.45,4.787535797219007
2025-09-27,2,wk inc flu hosp,2025-10-18,19,quantile,0.5,4.787535797219007
2025-09-27,2,wk inc flu hosp,2025-10-18,19,quantile,0.55,4.787535797219007
2025-09-27,2,wk inc flu hosp,2025-10-18,19,quantile,0.6,4.787535797219007
2025-09-27,2,wk inc flu hosp,2025-10-18,19,quantile,0.65,4.787535797219007
2025-09-27,2,wk inc flu hosp,2025-10-18,19,quantile,0.7,4.787535797219007
2025-09-27,2,wk inc flu hosp,2025-10-18,19,quantile,0.75,4.787535797219007
2025-09-27,2,wk inc flu hosp,2025-10-18,19,quantile,0.8,4.787535797219007
2025-09-27,2,wk inc flu hosp,2025-10-18,19,quantile,0.85,4.787535797219007
2025-09-27,2,wk inc flu hosp,2025-10-18,19,quantile,0.9,4.787535797219007
2025-09-27,2,wk inc flu hosp,2025-10-18,19,quantile,0.95,4.787535797219007
2025-09-27,2,wk inc flu hosp,2025-10-18,19,quantile,0.975,4.787535797219007
2025-09-27,2,wk inc flu hosp,2025-10-18,19,quantile,0.99,4.787535797219007
2025-10-04,2,wk inc flu hosp,2025-10-25,19,quantile,0.01,0.5555555555555556
2025-10-04,2,wk inc flu hosp,2025-10-25,19,quantile,0.025,0.5555555555555556
2025-10-04,2,wk inc flu hosp,2025-10-25,19,quantile,0.05,0.5555555555555556
2025-10-04,2,wk inc flu hosp,2025-10-25,19,quantile,0.1,0.5555555555555556
2025-10-04,2,wk inc flu hosp,2025-10-25,19,quantile,0.15,0.5555555555555556
2025-10-04,2,wk inc flu hosp,2025-10-25,19,quantile,0.2,0.5555555555555556
2025-10-04,2,wk inc flu hosp,2025-10-25,19,quantile,0.25,0.5555555555555556
2025-10-04,2,wk inc flu hosp,2025-10-25,19,quantile,0.3,0.5555555555555556
2025-10-04,2,wk inc flu hosp,2025-10-25,19,quantile,0.35,0.5555555555555556
2025-10-04,2,wk inc flu hosp,2025-10-25,19,quantile,0.4,0.5555555555555556
2025-10-04,2,wk inc flu hosp,2025-10-25,19,quantile,0.45,0.5555555555555556
2025-10-04,2,wk inc flu hosp,2025-10-25,19,quantile,0.5,0.5555555555555556
2025-10-04,2,wk inc flu hosp,2025-10-25,19,quantile,0.55,0.5555555555555556
2025-10-04,2,wk inc flu hosp,2025-10-25,19,quantile,0.6,0.5555555555555556
2025-10-04,2,wk inc flu hosp,2025-10-25,19,quantile,0.65,0.5555555555555556
2025-10-04,2,wk inc flu hosp,2025-10-25,19,quantile,0.7,0.5555555555555556
2025-10-04,2,wk inc flu hosp,2025-10-25,19,quantile,0.75,0.5555555555555556
2025-10-04,2,wk inc flu hosp,2025-10-25,19,quantile,0.8,0.5555555555555556
2025-10-04,2,wk inc flu hosp,2025-10-25,19,quantile,0.85,0.5555555555555556
2025-10-04,2,wk inc flu hosp,2025-10-25,19,quantile,0.9,0.5555555555555556
2025-10-04,2,wk inc flu hosp,2025-10-25,19,quantile,0.95,0.5555555555555556
2025-10-04,2,wk inc flu hosp,2025-10-25,19,quantile,0.975,0.5555555555555556
2025-10-04,2,wk inc flu hosp,2025-10-25,19,quantile,0.99,0.5555555555555556
2025-10-11,2,wk inc flu hosp,2025-11-01,19,quantile,0.01,2.534654116397765
2025-10-11,2,wk inc flu hosp,2025-11-01,19,quantile,0.025,2.534654116397765
2025-10-11,2,wk inc flu hosp,2025-11-01,19,quantile,0.05,2.534654116397765
2025-10-11,2,wk inc flu hosp,2025-11-01,19,quantile,0.1,2.534654116397765
2025-10-11,2,wk inc flu hosp,2025-11-01,19,quantile,0.15,2.534654116397765
2025-10-11,2,wk inc flu hosp,2025-11-01,19,quantile,0.2,2.534654116397765
2025-10-11,2,wk inc flu hosp,2025-11-01,19,quantile,0.25,2.534654116397765
2025-10-11,2,wk inc flu hosp,2025-11-01,19,quantile,0.3,2.534654116397765
2025-10-11,2,wk inc flu hosp,2025-11-01,19,quantile,0.35,2.534654116397765
2025-10-11,2,wk inc flu hosp,2025-11-01,19,quantile,0.4,2.534654116397765
2025-10-11,2,wk inc flu hosp,2025-11-01,19,quantile,0.45,2.534654116397765
2025-10-11,2,wk inc flu hosp,2025-11-01,19,quantile,0.5,2.534654116397765
2025-10-11,2,wk inc flu hosp,2025-11-01,19,quantile,0.55,2.534654116397765
2025-10-11,2,wk inc flu hosp,2025-11-01,19,quantile,0.6,2.534654116397765
2025-10-11,2,wk inc flu hosp,2025-11-01,19,quantile,0.65,2.534654116397765
2025-10-11,2,wk inc flu hosp,2025-11-01,19,quantile,0.7,2.534654116397765
2025-10-11,2,wk inc flu hosp,2025-11-01,19,quantile,0.75,2.534654116397765
2025-10-11,2,wk inc flu hosp,2025-11-01,19,quantile,0.8,2.534654116397765
2025-10-11,2,wk inc flu hosp,2025-11-01,19,quantile,0.85,2.534654116397765
2025-10-11,2,wk inc flu hosp,2025-11-01,19,quantile,0.9,2.534654116397765
2025-10-11,2,wk inc flu hosp,2025-11-01,19,quantile,0.95,2.534654116397765
2025-10-11,2,wk inc flu hosp,2025-11-01,19,quantile,0.975,2.534654116397765
2025-10-11,2,wk inc flu hosp,2025-11-01,19,quantile,0.99,2.534654116397765
2025-10-18,2,wk inc flu hosp,2025-11-08,19,quantile,0.01,0.730787949632949
2025-10-18,2,wk inc flu hosp,2025-11-08,19,quantile,0.025,0.730787949632949
2025-10-18,2,wk inc flu hosp,2025-11-08,19,quantile,0.05,0.730787949632949
2025-10-18,2,wk inc flu hosp,2025-11-08,19,quantile,0.1,0.730787949632949
2025-10-18,2,wk inc flu hosp,2025-11-08,19,quantile,0.15,0.730787949632949
2025-10-18,2,wk inc flu hosp,2025-11-08,19,quantile,0.2,0.730787949632949
2025-10-18,2,wk inc flu hosp,2025-11-08,19,quantile,0.25,0.730787949632949
2025-10-18,2,wk inc flu hosp,2025-11-08,19,quantile,0.3,0.730787949632949
2025-10-18,2,wk inc flu hosp,2025-11-08,19,quantile,0.35,0.730787949632949
2025-10-18,2,wk inc flu hosp,2025-11-08,19,quantile,0.4,0.730787949632949
2025-10-18,2,wk inc flu hosp,2025-11-08,19,quantile,0.45,0.730787949632949
2025-10-18,2,wk inc flu hosp,2025-11-08,19,quantile,0.5,0.730787949632949
2025-10-18,2,wk inc flu hosp,2025-11-08,19,quantile,0.55,0.730787949632949
2025-10-18,2,wk inc flu hosp,2025-11-08,19,quantile,0.6,0.730787949632949
2025-10-18,2,wk inc flu hosp,2025-11-08,19,quantile,0.65,0.730787949632949
2025-10-18,2,wk inc flu hosp,2025-11-08,19,quantile,0.7,0.730787949632949
2025-10-18,2,wk inc flu hosp,2025-11-08,19,quantile,0.75,0.730787949632949
2025-10-18,2,wk inc flu hosp,2025-11-08,19,quantile,0.8,0.730787949632949
2025-10-18,2,wk inc flu hosp,2025-11-08,19,quantile,0.85,0.730787949632949
2025-10-18,2,wk inc flu hosp,2025-11-08,19,quantile,0.9,0.730787949632949
2025-10-18,2,wk inc flu hosp,2025-11-08,19,quantile,0.95,0.730787949632949
2025-10-18,2,wk inc flu hosp,2025-11-08,19,quantile,0.975,0.730787949632949
2025-10-18,2,wk inc flu hosp,2025-11-08,19,quantile,0.99,0.730787949632949
2025-10-25,2,wk inc flu hosp,2025-11-15,19,quantile,0.01,0.5555555555555556
2025-10-25,2,wk inc flu hosp,2025-11-15,19,quantile,0.025,0.5555555555555556
2025-10-25,2,wk inc flu hosp,2025-11-15,19,quantile,0.05,0.5555555555555556
2025-10-25,2,wk inc flu hosp,2025-11-15,19,quantile,0.1,0.5555555555555556
2025-10-25,2,wk inc flu hosp,2025-11-15,19,quantile,0.15,0.5555555555555556
2025-10-25,2,wk inc flu hosp,2025-11-15,19,quantile,0.2,0.5555555555555556
2025-10-25,2,wk inc flu hosp,2025-11-15,19,quantile,0.25,0.5555555555555556
2025-10-25,2,wk inc flu hosp,2025-11-15,19,quantile,0.3,0.5555555555555556
2025-10-25,2,wk inc flu hosp,2025-11-15,19,quantile,0.35,0.5555555555555556
2025-10-25,2,wk inc flu hosp,2025-11-15,19,quantile,0.4,0.5555555555555556
2025-10-25,2,wk inc flu hosp,2025-11-15,19,quantile,0.45,0.5555555555555556
2025-10-25,2,wk inc flu hosp,2025-11-15,19,quantile,0.5,0.5555555555555556
2025-10-25,2,wk inc flu hosp,2025-11-15,19,quantile,0.55,0.5555555555555556
2025-10-25,2,wk inc flu hosp,2025-11-15,19,quantile,0.6,0.5555555555555556
2025-10-25,2,wk inc flu hosp,2025-11-15,19,quantile,0.65,0.5555555555555556
2025-10-25,2,wk inc flu hosp,2025-11-15,19,quantile,0.7,0.5555555555555556
2025-10-25,2,wk inc flu hosp,2025-11-15,19,quantile,0.75,0.5555555555555556
2025-10-25,2,wk inc flu hosp,2025-11-15,19,quantile,0.8,0.5555555555555556
2025-10-25,2,wk inc flu hosp,2025-11-15,19,quantile,0.85,0.5555555555555556
2025-10-25,2,wk inc flu hosp,2025-11-15,19,quantile,0.9,0.5555555555555556
2025-10-25,2,wk inc flu hosp,2025-11-15,19,quantile,0.95,0.5555555555555556
2025-10-25,2,wk inc flu hosp,2025-11-15,19,quantile,0.975,0.5555555555555556
2025-10-25,2,wk inc flu hosp,2025-11-15,19,quantile,0.99,0.5555555555555556
2025-11-01,2,wk inc flu hosp,2025-11-22,19,quantile,0.01,11.286041185946209
2025-11-01,2,wk inc flu hosp,2025-11-22,19,quantile,0.025,11.286041185946209
2025-11-01,2,wk inc flu hosp,2025-11-22,19,quantile,0.05,11.286041185946209
2025-11-01,2,wk inc flu hosp,2025-11-22,19,quantile,0.1,11.286041185946209
2025-11-01,2,wk inc flu hosp,2025-11-22,19,quantile,0.15,11.286041185946209
2025-11-01,2,wk inc flu hosp,2025-11-22,19,quantile,0.2,11.286041185946209
2025-11-01,2,wk inc flu hosp,2025-11-22,19,quantile,0.25,11.286041185946209
2025-11-01,2,wk inc flu hosp,2025-11-22,19,quantile,0.3,11.286041185946209
2025-11-01,2,wk inc flu hosp,2025-11-22,19,quantile,0.35,11.286041185946209
2025-11-01,2,wk inc flu hosp,2025-11-22,19,quantile,0.4,11.286041185946209
2025-11-01,2,wk inc flu hosp,2025-11-22,19,quantile,0.45,11.286041185946209
2025-11-01,2,wk inc flu hosp,2025-11-22,19,quantile,0.5,11.286041185946209
2025-11-01,2,wk inc flu hosp,2025-11-22,19,quantile,0.55,11.286041185946209
2025-11-01,2,wk inc flu hosp,2025-11-22,19,quantile,0.6,11.286041185946209
2025-11-01,2,wk inc flu hosp,2025-11-22,19,quantile,0.65,11.286041185946209
2025-11-01,2,wk inc flu hosp,2025-11-22,19,quantile,0.7,11.286041185946209
2025-11-01,2,wk inc flu hosp,2025-11-22,19,quantile,0.75,11.286041185946209
2025-11-01,2,wk inc flu hosp,2025-11-22,19,quantile,0.8,11.286041185946209
2025-11-01,2,wk inc flu hosp,2025-11-22,19,quantile,0.85,11.286041185946209
2025-11-01,2,wk inc flu hosp,2025-11-22,19,quantile,0.9,11.286041185946209
2025-11-01,2,wk inc flu hosp,2025-11-22,19,quantile,0.95,11.286041185946209
2025-11-01,2,wk inc flu hosp,2025-11-22,19,quantile,0.975,11.286041185946209
2025-11-01,2,wk inc flu hosp,2025-11-22,19,quantile,0.99,11.286041185946209
2025-09-20,2,wk inc flu hosp,2025-10-11,20,quantile,0.01,30.629293240530064
2025-09-20,2,wk inc flu hosp,2025-10-11,20,quantile,0.025,30.629293240530064
2025-09-20,2,wk inc flu hosp,2025-10-11,20,quantile,0.05,30.629293240530064
2025-09-20,2,wk inc flu hosp,2025-10-11,20,quantile,0.1,30.629293240530064
2025-09-20,2,wk inc flu hosp,2025-10-11,20,quantile,0.15,30.629293240530064
2025-09-20,2,wk inc flu hosp,2025-10-11,20,quantile,0.2,30.629293240530064
2025-09-20,2,wk inc flu hosp,2025-10-11,20,quantile,0.25,30.629293240530064
2025-09-20,2,wk inc flu hosp,2025-10-11,20,quantile,0.3,30.629293240530064
2025-09-20,2,wk inc flu hosp,2025-10-11,20,quantile,0.35,30.629293240530064
2025-09-20,2,wk inc flu hosp,2025-10-11,20,quantile,0.4,30.629293240530064
2025-09-20,2,wk inc flu hosp,2025-10-11,20,quantile,0.45,30.629293240530064
2025-09-20,2,wk inc flu hosp,2025-10-11,20,quantile,0.5,30.629293240530064
2025-09-20,2,wk inc flu hosp,2025-10-11,20,quantile,0.55,30.629293240530064
2025-09-20,2,wk inc flu hosp,2025-10-11,20,quantile,0.6,30.629293240530064
2025-09-20,2,wk inc flu hosp,2025-10-11,20,quantile,0.65,30.629293240530064
2025-09-20,2,wk inc flu hosp,2025-10-11,20,quantile,0.7,30.629293240530064
2025-09-20,2,wk inc flu hosp,2025-10-11,20,quantile,0.75,30.629293240530064
2025-09-20,2,wk inc flu hosp,2025-10-11,20,quantile,0.8,30.629293240530064
2025-09-20,2,wk inc flu hosp,2025-10-11,20,quantile,0.85,30.629293240530064
2025-09-20,2,wk inc flu hosp,2025-10-11,20,quantile,0.9,30.629293240530064
2025-09-20,2,wk inc flu hosp,2025-10-11,20,quantile,0.95,30.629293240530064
2025-09-20,2,wk inc flu hosp,2025-10-11,20,quantile,0.975,30.629293240530064
2025-09-20,2,wk inc flu hosp,2025-10-11,20,quantile,0.99,30.629293240530064
2025-09-27,2,wk inc flu hosp,2025-10-18,20,quantile,0.01,13.680047637563426
2025-09-27,2,wk inc flu hosp,2025-10-18,20,quantile,0.025,13.680047637563426
2025-09-27,2,wk inc flu hosp,2025-10-18,20,quantile,0.05,13.680047637563426
2025-09-27,2,wk inc flu hosp,2025-10-18,20,quantile,0.1,13.680047637563426
2025-09-27,2,wk inc flu hosp,2025-10-18,20,quantile,0.15,13.680047637563426
2025-09-27,2,wk inc flu hosp,2025-10-18,20,quantile,0.2,13.680047637563426
2025-09-27,2,wk inc flu hosp,2025-10-18,20,quantile,0.25,13.680047637563426
2025-09-27,2,wk inc flu hosp,2025-10-18,20,quantile,0.3,13.680047637563426
2025-09-27,2,wk inc flu hosp,2025-10-18,20,quantile,0.35,13.680047637563426
2025-09-27,2,wk inc flu hosp,2025-10-18,20,quantile,0.4,13.680047637563426
2025-09-27,2,wk inc flu hosp,2025-10-18,20,quantile,0.45,13.680047637563426
2025-09-27,2,wk inc flu hosp,2025-10-18,20,quantile,0.5,13.680047637563426
2025-09-27,2,wk inc flu hosp,2025-10-18,20,quantile,0.55,13.680047637563426
2025-09-27,2,wk inc flu hosp,2025-10-18,20,quantile,0.6,13.680047637563426
2025-09-27,2,wk inc flu hosp,2025-10-18,20,quantile,0.65,13.680047637563426
2025-09-27,2,wk inc flu hosp,2025-10-18,20,quantile,0.7,13.680047637563426
2025-09-27,2,wk inc flu hosp,2025-10-18,20,quantile,0.75,13.680047637563426
2025-09-27,2,wk inc flu hosp,2025-10-18,20,quantile,0.8,13.680047637563426
2025-09-27,2,wk inc flu hosp,2025-10-18,20,quantile,0.85,13.680047637563426
2025-09-27,2,wk inc flu hosp,2025-10-18,20,quantile,0.9,13.680047637563426
2025-09-27,2,wk inc flu hosp,2025-10-18,20,quantile,0.95,13.680047637563426
2025-09-27,2,wk inc flu hosp,2025-10-18,20,quantile,0.975,13.680047637563426
2025-09-27,2,wk inc flu hosp,2025-10-18,20,quantile,0.99,13.680047637563426
2025-10-04,2,wk inc flu hosp,2025-10-25,20,quantile,0.01,7.39899046304055
2025-10-04,2,wk inc flu hosp,2025-10-25,20,quantile,0.025,7.39899046304055
2025-10-04,2,wk inc flu hosp,2025-10-25,20,quantile,0.05,7.39899046304055
2025-10-04,2,wk inc flu hosp,2025-10-25,20,quantile,0.1,7.39899046304055
2025-10-04,2,wk inc flu hosp,2025-10-25,20,quantile,0.15,7.39899046304055
2025-10-04,2,wk inc flu hosp,2025-10-25,20,quantile,0.2,7.39899046304055
2025-10-04,2,wk inc flu hosp,2025-10-25,20,quantile,0.25,7.39899046304055
2025-10-04,2,wk inc flu hosp,2025-10-25,20,quantile,0.3,7.39899046304055
2025-10-04,2,wk inc flu hosp,2025-10-25,20,quantile,0.35,7.39899046304055
2025-10-04,2,wk inc flu hosp,2025-10-25,20,quantile,0.4,7.39899046304055
2025-10-04,2,wk inc flu hosp,2025-10-25,20,quantile,0.45,7.39899046304055
2025-10-04,2,wk inc flu hosp,2025-10-25,20,quantile,0.5,7.39899046304055
2025-10-04,2,wk inc flu hosp,2025-10-25,20,quantile,0.55,7.39899046304055
2025-10-04,2,wk inc flu hosp,2025-10-25,20,quantile,0.6,7.39899046304055
2025-10-04,2,wk inc flu hosp,2025-10-25,20,quantile,0.65,7.39899046304055
2025-10-04,2,wk inc flu hosp,2025-10-25,20,quantile,0.7,7.39899046304055
2025-10-04,2,wk inc flu hosp,2025-10-25,20,quantile,0.75,7.39899046304055
2025-10-04,2,wk inc flu hosp,2025-10-25,20,quantile,0.8,7.39899046304055
2025-10-04,2,wk inc flu hosp,2025-10-25,20,quantile,0.85,7.39899046304055
2025-10-04,2,wk inc flu hosp,2025-10-25,20,quantile,0.9,7.39899046304055
2025-10-04,2,wk inc flu hosp,2025-10-25,20,quantile,0.95,7.39899046304055
2025-10-04,2,wk inc flu hosp,2025-10-25,20,quantile,0.975,7.39899046304055
2025-10-04,2,wk inc flu hosp,2025-10-25,20,quantile,0.99,7.39899046304055
2025-10-11,2,wk inc flu hosp,2025-11-01,20,quantile,0.01,11.318290113259238
2025-10-11,2,wk inc flu hosp,2025-11-01,20,quantile,0.025,11.318290113259238
2025-10-11,2,wk inc flu hosp,2025-11-01,20,quantile,0.05,11.318290113259238
2025-10-11,2,wk inc flu hosp,2025-11-01,20,quantile,0.1,11.318290113259238
2025-10-11,2,wk inc flu hosp,2025-11-01,20,quantile,0.15,11.318290113259238
2025-10-11,2,wk inc flu hosp,2025-11-01,20,quantile,0.2,11.318290113259238
2025-10-11,2,wk inc flu hosp,2025-11-01,20,quantile,0.25,11.318290113259238
2025-10-11,2,wk inc flu hosp,2025-11-01,20,quantile,0.3,11.318290113259238
2025-10-11,2,wk inc flu hosp,2025-11-01,20,quantile,0.35,11.318290113259238
2025-10-11,2,wk inc flu hosp,2025-11-01,20,quantile,0.4,11.318290113259238
2025-10-11,2,wk inc flu hosp,2025-11-01,20,quantile,0.45,11.318290113259238
2025-10-11,2,wk inc flu hosp,2025-11-01,20,quantile,0.5,11.318290113259238
2025-10-11,2,wk inc flu hosp,2025-11-01,20,quantile,0.55,11.318290113259238
2025-10-11,2,wk inc flu hosp,2025-11-01,20,quantile,0.6,11.318290113259238
2025-10-11,2,wk inc flu hosp,2025-11-01,20,quantile,0.65,11.318290113259238
2025-10-11,2,wk inc flu hosp,2025-11-01,20,quantile,0.7,11.318290113259238
2025-10-11,2,wk inc flu hosp,2025-11-01,20,quantile,0.75,11.318290113259238
2025-10-11,2,wk inc flu hosp,2025-11-01,20,quantile,0.8,11.318290113259238
2025-10-11,2,wk inc flu hosp,2025-11-01,20,quantile,0.85,11.318290113259238
2025-10-11,2,wk inc flu hosp,2025-11-01,20,quantile,0.9,11.318290113259238
2025-10-11,2,wk inc flu hosp,2025-11-01,20,quantile,0.95,11.318290113259238
2025-10-11,2,wk inc flu hosp,2025-11-01,20,quantile,0.975,11.318290113259238
2025-10-11,2,wk inc flu hosp,2025-11-01,20,quantile,0.99,11.318290113259238
2025-10-18,2,wk inc flu hosp,2025-11-08,20,quantile,0.01,7.774234307409421
2025-10-18,2,wk inc flu hosp,2025-11-08,20,quantile,0.025,7.774234307409421
2025-10-18,2,wk inc flu hosp,2025-11-08,20,quantile,0.05,7.774234307409421
2025-10-18,2,wk inc flu hosp,2025-11-08,20,quantile,0.1,7.774234307409421
2025-10-18,2,wk inc flu hosp,2025-11-08,20,quantile,0.15,7.774234307409421
2025-10-18,2,wk inc flu hosp,2025-11-08,20,quantile,0.2,7.774234307409421
2025-10-18,2,wk inc flu hosp,2025-11-08,20,quantile,0.25,7.774234307409421
2025-10-18,2,wk inc flu hosp,2025-11-08,20,quantile,0.3,7.774234307409421
2025-10-18,2,wk inc flu hosp,2025-11-08,20,quantile,0.35,7.774234307409421
2025-10-18,2,wk inc flu hosp,2025-11-08,20,quantile,0.4,7.774234307409421
2025-10-18,2,wk inc flu hosp,2025-11-08,20,quantile,0.45,7.774234307409421
2025-10-18,2,wk inc flu hosp,2025-11-08,20,quantile,0.5,7.774234307409421
2025-10-18,2,wk inc flu hosp,2025-11-08,20,quantile,0.55,7.774234307409421
2025-10-18,2,wk inc flu hosp,2025-11-08,20,quantile,0.6,7.774234307409421
2025-10-18,2,wk inc flu hosp,2025-11-08,20,quantile,0.65,7.774234307409421
2025-10-18,2,wk inc flu hosp,2025-11-08,20,quantile,0.7,7.774234307409421
2025-10-18,2,wk inc flu hosp,2025-11-08,20,quantile,0.75,7.774234307409421
2025-10-18,2,wk inc flu hosp,2025-11-08,20,quantile,0.8,7.774234307409421
2025-10-18,2,wk inc flu hosp,2025-11-08,20,quantile,0.85,7.774234307409421
2025-10-18,2,wk inc flu hosp,2025-11-08,20,quantile,0.9,7.774234307409421
2025-10-18,2,wk inc flu hosp,2025-11-08,20,quantile,0.95,7.774234307409421
2025-10-18,2,wk inc flu hosp,2025-11-08,20,quantile,0.975,7.774234307409421
2025-10-18,2,wk inc flu hosp,2025-11-08,20,quantile,0.99,7.774234307409421
2025-10-25,2,wk inc flu hosp,2025-11-15,20,quantile,0.01,5.525135923183643
2025-10-25,2,wk inc flu hosp,2025-11-15,20,quantile,0.025,5.525135923183643
2025-10-25,2,wk inc flu hosp,2025-11-15,20,quantile,0.05,5.525135923183643
2025-10-25,2,wk inc flu hosp,2025-11-15,20,quantile,0.1,5.525135923183643
2025-10-25,2,wk inc flu hosp,2025-11-15,20,quantile,0.15,5.525135923183643
2025-10-25,2,wk inc flu hosp,2025-11-15,20,quantile,0.2,5.525135923183643
2025-10-25,2,wk inc flu hosp,2025-11-15,20,quantile,0.25,5.525135923183643
2025-10-25,2,wk inc flu hosp,2025-11-15,20,quantile,0.3,5.525135923183643
2025-10-25,2,wk inc flu hosp,2025-11-15,20,quantile,0.35,5.525135923183643
2025-10-25,2,wk inc flu hosp,2025-11-15,20,quantile,0.4,5.525135923183643
2025-10-25,2,wk inc flu hosp,2025-11-15,20,quantile,0.45,5.525135923183643
2025-10-25,2,wk inc flu hosp,2025-11-15,20,quantile,0.5,5.525135923183643
2025-10-25,2,wk inc flu hosp,2025-11-15,20,quantile,0.55,5.525135923183643
2025-10-25,2,wk inc flu hosp,2025-11-15,20,quantile,0.6,5.525135923183643
2025-10-25,2,wk inc flu hosp,2025-11-15,20,quantile,0.65,5.525135923183643
2025-10-25,2,wk inc flu hosp,2025-11-15,20,quantile,0.7,5.525135923183643
2025-10-25,2,wk inc flu hosp,2025-11-15,20,quantile,0.75,5.525135923183643
2025-10-25,2,wk inc flu hosp,2025-11-15,20,quantile,0.8,5.525135923183643
2025-10-25,2,wk inc flu hosp,2025-11-15,20,quantile,0.85,5.525135923183643
2025-10-25,2,wk inc flu hosp,2025-11-15,20,quantile,0.9,5.525135923183643
2025-10-25,2,wk inc flu hosp,2025-11-15,20,quantile,0.95,5.525135923183643
2025-10-25,2,wk inc flu hosp,2025-11-15,20,quantile,0.975,5.525135923183643
2025-10-25,2,wk inc flu hosp,2025-11-15,20,quantile,0.99,5.525135923183643
2025-11-01,2,wk inc flu hosp,2025-11-22,20,quantile,0.01,10.407522438488098
2025-11-01,2,wk inc flu hosp,2025-11-22,20,quantile,0.025,10.407522438488098
2025-11-01,2,wk inc flu hosp,2025-11-22,20,quantile,0.05,10.407522438488098
2025-11-01,2,wk inc flu hosp,2025-11-22,20,quantile,0.1,10.407522438488098
2025-11-01,2,wk inc flu hosp,2025-11-22,20,quantile,0.15,10.407522438488098
2025-11-01,2,wk inc flu hosp,2025-11-22,20,quantile,0.2,10.407522438488098
2025-11-01,2,wk inc flu hosp,2025-11-22,20,quantile,0.25,10.407522438488098
2025-11-01,2,wk inc flu hosp,2025-11-22,20,quantile,0.3,10.407522438488098
2025-11-01,2,wk inc flu hosp,2025-11-22,20,quantile,0.35,10.407522438488098
2025-11-01,2,wk inc flu hosp,2025-11-22,20,quantile,0.4,10.407522438488098
2025-11-01,2,wk inc flu hosp,2025-11-22,20,quantile,0.45,10.407522438488098
2025-11-01,2,wk inc flu hosp,2025-11-22,20,quantile,0.5,10.407522438488098
2025-11-01,2,wk inc flu hosp,2025-11-22,20,quantile,0.55,10.407522438488098
2025-11-01,2,wk inc flu hosp,2025-11-22,20,quantile,0.6,10.407522438488098
2025-11-01,2,wk inc flu hosp,2025-11-22,20,quantile,0.65,10.407522438488098
2025-11-01,2,wk inc flu hosp,2025-11-22,20,quantile,0.7,10.407522438488098
2025-11-01,2,wk inc flu hosp,2025-11-22,20,quantile,0.75,10.407522438488098
2025-11-01,2,wk inc flu hosp,2025-11-22,20,quantile,0.8,10.407522438488098
2025-11-01,2,wk inc flu hosp,2025-11-22,20,quantile,0.85,10.407522438488098
2025-11-01,2,wk inc flu hosp,2025-11-22,20,quantile,0.9,10.407522438488098
2025-11-01,2,wk inc flu hosp,2025-11-22,20,quantile,0.95,10.407522438488098
2025-11-01,2,wk inc flu hosp,2025-11-22,20,quantile,0.975,10.407522438488098
2025-11-01,2,wk inc flu hosp,2025-11-22,20,quantile,0.99,10.407522438488098
2025-09-20,2,wk inc flu hosp,2025-10-11,21,quantile,0.01,8.418093071857005
2025-09-20,2,wk inc flu hosp,2025-10-11,21,quantile,0.025,8.418093071857005
2025-09-20,2,wk inc flu hosp,2025-10-11,21,quantile,0.05,8.418093071857005
2025-09-20,2,wk inc flu hosp,2025-10-11,21,quantile,0.1,8.418093071857005
2025-09-20,2,wk inc flu hosp,2025-10-11,21,quantile,0.15,8.418093071857005
2025-09-20,2,wk inc flu hosp,2025-10-11,21,quantile,0.2,8.418093071857005
2025-09-20,2,wk inc flu hosp,2025-10-11,21,quantile,0.25,8.418093071857005
2025-09-20,2,wk inc flu hosp,2025-10-11,21,quantile,0.3,8.418093071857005
2025-09-20,2,wk inc flu hosp,2025-10-11,21,quantile,0.35,8.418093071857005
2025-09-20,2,wk inc flu hosp,2025-10-11,21,quantile,0.4,8.418093071857005
2025-09-20,2,wk inc flu hosp,2025-10-11,21,quantile,0.45,8.418093071857005
2025-09-20,2,wk inc flu hosp,2025-10-11,21,quantile,0.5,8.418093071857005
2025-09-20,2,wk inc flu hosp,2025-10-11,21,quantile,0.55,8.418093071857005
2025-09-20,2,wk inc flu hosp,2025-10-11,21,quantile,0.6,8.418093071857005
2025-09-20,2,wk inc flu hosp,2025-10-11,21,quantile,0.65,8.418093071857005
2025-09-20,2,wk inc flu hosp,2025-10-11,21,quantile,0.7,8.418093071857005
2025-09-20,2,wk inc flu hosp,2025-10-11,21,quantile,0.75,8.418093071857005
2025-09-20,2,wk inc flu hosp,2025-10-11,21,quantile,0.8,8.418093071857005
2025-09-20,2,wk inc flu hosp,2025-10-11,21,quantile,0.85,8.418093071857005
2025-09-20,2,wk inc flu hosp,2025-10-11,21,quantile,0.9,8.418093071857005
2025-09-20,2,wk inc flu hosp,2025-10-11,21,quantile,0.95,8.418093071857005
2025-09-20,2,wk inc flu hosp,2025-10-11,21,quantile,0.975,8.418093071857005
2025-09-20,2,wk inc flu hosp,2025-10-11,21,quantile,0.99,8.418093071857005
2025-09-27,2,wk inc flu hosp,2025-10-18,21,quantile,0.01,105.11754830176226
2025-09-27,2,wk inc flu hosp,2025-10-18,21,quantile,0.025,105.11754830176226
2025-09-27,2,wk inc flu hosp,2025-10-18,21,quantile,0.05,105.11754830176226
2025-09-27,2,wk inc flu hosp,2025-10-18,21,quantile,0.1,105.11754830176226
2025-09-27,2,wk inc flu hosp,2025-10-18,21,quantile,0.15,105.11754830176226
2025-09-27,2,wk inc flu hosp,2025-10-18,21,quantile,0.2,105.11754830176226
2025-09-27,2,wk inc flu hosp,2025-10-18,21,quantile,0.25,105.11754830176226
2025-09-27,2,wk inc flu hosp,2025-10-18,21,quantile,0.3,105.11754830176226
2025-09-27,2,wk inc flu hosp,2025-10-18,21,quantile,0.35,105.11754830176226
2025-09-27,2,wk inc flu hosp,2025-10-18,21,quantile,0.4,105.11754830176226
2025-09-27,2,wk inc flu hosp,2025-10-18,21,quantile,0.45,105.11754830176226
2025-09-27,2,wk inc flu hosp,2025-10-18,21,quantile,0.5,105.11754830176226
2025-09-27,2,wk inc flu hosp,2025-10-18,21,quantile,0.55,105.11754830176226
2025-09-27,2,wk inc flu hosp,2025-10-18,21,quantile,0.6,105.11754830176226
2025-09-27,2,wk inc flu hosp,2025-10-18,21,quantile,0.65,105.11754830176226
2025-09-27,2,wk inc flu hosp,2025-10-18,21,quantile,0.7,105.11754830176226
2025-09-27,2,wk inc flu hosp,2025-10-18,21,quantile,0.75,105.11754830176226
2025-09-27,2,wk inc flu hosp,2025-10-18,21,quantile,0.8,105.11754830176226
2025-09-27,2,wk inc flu hosp,2025-10-18,21,quantile,0.85,105.11754830176226
2025-09-27,2,wk inc flu hosp,2025-10-18,21,quantile,0.9,105.11754830176226
2025-09-27,2,wk inc flu hosp,2025-10-18,21,quantile,0.95,105.11754830176226
2025-09-27,2,wk inc flu hosp,2025-10-18,21,quantile,0.975,105.11754830176226
2025-09-27,2,wk inc flu hosp,2025-10-18,21,quantile,0.99,105.11754830176226
2025-10-04,2,wk inc flu hosp,2025-10-25,21,quantile,0.01,11.053776577996238
2025-10-04,2,wk inc flu hosp,2025-10-25,21,quantile,0.025,11.053776577996238
2025-10-04,2,wk inc flu hosp,2025-10-25,21,quantile,0.05,11.053776577996238
2025-10-04,2,wk inc flu hosp,2025-10-25,21,quantile,0.1,11.053776577996238
2025-10-04,2,wk inc flu hosp,2025-10-25,21,quantile,0.15,11.053776577996238
2025-10-04,2,wk inc flu hosp,2025-10-25,21,quantile,0.2,11.053776577996238
2025-10-04,2,wk inc flu hosp,2025-10-25,21,quantile,0.25,11.053776577996238
2025-10-04,2,wk inc flu hosp,2025-10-25,21,quantile,0.3,11.053776577996238
2025-10-04,2,wk inc flu hosp,2025-10-25,21,quantile,0.35,11.053776577996238
2025-10-04,2,wk inc flu hosp,2025-10-25,21,quantile,0.4,11.053776577996238
2025-10-04,2,wk inc flu hosp,2025-10-25,21,quantile,0.45,11.053776577996238
2025-10-04,2,wk inc flu hosp,2025-10-25,21,quantile,0.5,11.053776577996238
2025-10-04,2,wk inc flu hosp,2025-10-25,21,quantile,0.55,11.053776577996238
2025-10-04,2,wk inc flu hosp,2025-10-25,21,quantile,0.6,11.053776577996238
2025-10-04,2,wk inc flu hosp,2025-10-25,21,quantile,0.65,11.053776577996238
2025-10-04,2,wk inc flu hosp,2025-10-25,21,quantile,0.7,11.053776577996238
2025-10-04,2,wk inc flu hosp,2025-10-25,21,quantile,0.75,11.053776577996238
2025-10-04,2,wk inc flu hosp,2025-10-25,21,quantile,0.8,11.053776577996238
2025-10-04,2,wk inc flu hosp,2025-10-25,21,quantile,0.85,11.053776577996238
2025-10-04,2,wk inc flu hosp,2025-10-25,21,quantile,0.9,11.053776577996238
2025-10-04,2,wk inc flu hosp,2025-10-25,21,quantile,0.95,11.053776577996238
2025-10-04,2,wk inc flu hosp,2025-10-25,21,quantile,0.975,11.053776577996238
2025-10-04,2,wk inc flu hosp,2025-10-25,21,quantile,0.99,11.053776577996238
2025-10-11,2,wk inc flu hosp,2025-11-01,21,quantile,0.01,18.782982905751417
2025-10-11,2,wk inc flu hosp,2025-11-01,21,quantile,0.025,18.782982905751417
2025-10-11,2,wk inc flu hosp,2025-11-01,21,quantile,0.05,18.782982905751417
2025-10-11,2,wk inc flu hosp,2025-11-01,21,quantile,0.1,18.782982905751417
2025-10-11,2,wk inc flu hosp,2025-11-01,21,quantile,0.15,18.782982905751417
2025-10-11,2,wk inc flu hosp,2025-11-01,21,quantile,0.2,18.782982905751417
2025-10-11,2,wk inc flu hosp,2025-11-01,21,quantile,0.25,18.782982905751417
2025-10-11,2,wk inc flu hosp,2025-11-01,21,quantile,0.3,18.782982905751417
2025-10-11,2,wk inc flu hosp,2025-11-01,21,quantile,0.35,18.782982905751417
2025-10-11,2,wk inc flu hosp,2025-11-01,21,quantile,0.4,18.782982905751417
2025-10-11,2,wk inc flu hosp,2025-11-01,21,quantile,0.45,18.782982905751417
2025-10-11,2,wk inc flu hosp,2025-11-01,21,quantile,0.5,18.782982905751417
2025-10-11,2,wk inc flu hosp,2025-11-01,21,quantile,0.55,18.782982905751417
2025-10-11,2,wk inc flu hosp,2025-11-01,21,quantile,0.6,18.782982905751417
2025-10-11,2,wk inc flu hosp,2025-11-01,21,quantile,0.65,18.782982905751417
2025-10-11,2,wk inc flu hosp,2025-11-01,21,quantile,0.7,18.782982905751417
2025-10-11,2,wk inc flu hosp,2025-11-01,21,quantile,0.75,18.782982905751417
2025-10-11,2,wk inc flu hosp,2025-11-01,21,quantile,0.8,18.782982905751417
2025-10-11,2,wk inc flu hosp,2025-11-01,21,quantile,0.85,18.782982905751417
2025-10-11,2,wk inc flu hosp,2025-11-01,21,quantile,0.9,18.782982905751417
2025-10-11,2,wk inc flu hosp,2025-11-01,21,quantile,0.95,18.782982905751417
2025-10-11,2,wk inc flu hosp,2025-11-01,21,quantile,0.975,18.782982905751417
2025-10-11,2,wk inc flu hosp,2025-11-01,21,quantile,0.99,18.782982905751417
2025-10-18,2,wk inc flu hosp,2025-11-08,21,quantile,0.01,16.72954376070381
2025-10-18,2,wk inc flu hosp,2025-11-08,21,quantile,0.025,16.72954376070381
2025-10-18,2,wk inc flu hosp,2025-11-08,21,quantile,0.05,16.72954376070381
2025-10-18,2,wk inc flu hosp,2025-11-08,21,quantile,0.1,16.72954376070381
2025-10-18,2,wk inc flu hosp,2025-11-08,21,quantile,0.15,16.72954376070381
2025-10-18,2,wk inc flu hosp,2025-11-08,21,quantile,0.2,16.72954376070381
2025-10-18,2,wk inc flu hosp,2025-11-08,21,quantile,0.25,16.72954376070381
2025-10-18,2,wk inc flu hosp,2025-11-08,21,quantile,0.3,16.72954376070381
2025-10-18,2,wk inc flu hosp,2025-11-08,21,quantile,0.35,16.72954376070381
2025-10-18,2,wk inc flu hosp,2025-11-08,21,quantile,0.4,16.72954376070381
2025-10-18,2,wk inc flu hosp,2025-11-08,21,quantile,0.45,16.72954376070381
2025-10-18,2,wk inc flu hosp,2025-11-08,21,quantile,0.5,16.72954376070381
2025-10-18,2,wk inc flu hosp,2025-11-08,21,quantile,0.55,16.72954376070381
2025-10-18,2,wk inc flu hosp,2025-11-08,21,quantile,0.6,16.72954376070381
2025-10-18,2,wk inc flu hosp,2025-11-08,21,quantile,0.65,16.72954376070381
2025-10-18,2,wk inc flu hosp,2025-11-08,21,quantile,0.7,16.72954376070381
2025-10-18,2,wk inc flu hosp,2025-11-08,21,quantile,0.75,16.72954376070381
2025-10-18,2,wk inc flu hosp,2025-11-08,21,quantile,0.8,16.72954376070381
2025-10-18,2,wk inc flu hosp,2025-11-08,21,quantile,0.85,16.72954376070381
2025-10-18,2,wk inc flu hosp,2025-11-08,21,quantile,0.9,16.72954376070381
2025-10-18,2,wk inc flu hosp,2025-11-08,21,quantile,0.95,16.72954376070381
2025-10-18,2,wk inc flu hosp,2025-11-08,21,quantile,0.975,16.72954376070381
2025-10-18,2,wk inc flu hosp,2025-11-08,21,quantile,0.99,16.72954376070381
2025-10-25,2,wk inc flu hosp,2025-11-15,21,quantile,0.01,14.568057899562652
2025-10-25,2,wk inc flu hosp,2025-11-15,21,quantile,0.025,14.568057899562652
2025-10-25,2,wk inc flu hosp,2025-11-15,21,quantile,0.05,14.568057899562652
2025-10-25,2,wk inc flu hosp,2025-11-15,21,quantile,0.1,14.568057899562652
2025-10-25,2,wk inc flu hosp,2025-11-15,21,quantile,0.15,14.568057899562652
2025-10-25,2,wk inc flu hosp,2025-11-15,21,quantile,0.2,14.568057899562652
2025-10-25,2,wk inc flu hosp,2025-11-15,21,quantile,0.25,14.568057899562652
2025-10-25,2,wk inc flu hosp,2025-11-15,21,quantile,0.3,14.568057899562652
2025-10-25,2,wk inc flu hosp,2025-11-15,21,quantile,0.35,14.568057899562652
2025-10-25,2,wk inc flu hosp,2025-11-15,21,quantile,0.4,14.568057899562652
2025-10-25,2,wk inc flu hosp,2025-11-15,21,quantile,0.45,14.568057899562652
2025-10-25,2,wk inc flu hosp,2025-11-15,21,quantile,0.5,14.568057899562652
2025-10-25,2,wk inc flu hosp,2025-11-15,21,quantile,0.55,14.568057899562652
2025-10-25,2,wk inc flu hosp,2025-11-15,21,quantile,0.6,14.568057899562652
2025-10-25,2,wk inc flu hosp,2025-11-15,21,quantile,0.65,14.568057899562652
2025-10-25,2,wk inc flu hosp,2025-11-15,21,quantile,0.7,14.568057899562652
2025-10-25,2,wk inc flu hosp,2025-11-15,21,quantile,0.75,14.568057899562652
2025-10-25,2,wk inc flu hosp,2025-11-15,21,quantile,0.8,14.568057899562652
2025-10-25,2,wk inc flu hosp,2025-11-15,21,quantile,0.85,14.568057899562652
2025-10-25,2,wk inc flu hosp,2025-11-15,21,quantile,0.9,14.568057899562652
2025-10-25,2,wk inc flu hosp,2025-11-15,21,quantile,0.95,14.568057899562652
2025-10-25,2,wk inc flu hosp,2025-11-15,21,quantile,0.975,14.568057899562652
2025-10-25,2,wk inc flu hosp,2025-11-15,21,quantile,0.99,14.568057899562652
2025-11-01,2,wk inc flu hosp,2025-11-22,21,quantile,0.01,13.79037711584797
2025-11-01,2,wk inc flu hosp,2025-11-22,21,quantile,0.025,13.79037711584797
2025-11-01,2,wk inc flu hosp,2025-11-22,21,quantile,0.05,13.79037711584797
2025-11-01,2,wk inc flu hosp,2025-11-22,21,quantile,0.1,13.79037711584797
2025-11-01,2,wk inc flu hosp,2025-11-22,21,quantile,0.15,13.79037711584797
2025-11-01,2,wk inc flu hosp,2025-11-22,21,quantile,0.2,13.79037711584797
2025-11-01,2,wk inc flu hosp,2025-11-22,21,quantile,0.25,13.79037711584797
2025-11-01,2,wk inc flu hosp,2025-11-22,21,quantile,0.3,13.79037711584797
2025-11-01,2,wk inc flu hosp,2025-11-22,21,quantile,0.35,13.79037711584797
2025-11-01,2,wk inc flu hosp,2025-11-22,21,quantile,0.4,13.79037711584797
2025-11-01,2,wk inc flu hosp,2025-11-22,21,quantile,0.45,13.79037711584797
2025-11-01,2,wk inc flu hosp,2025-11-22,21,quantile,0.5,13.79037711584797
2025-11-01,2,wk inc flu hosp,2025-11-22,21,quantile,0.55,13.79037711584797
2025-11-01,2,wk inc flu hosp,2025-11-22,21,quantile,0.6,13.79037711584797
2025-11-01,2,wk inc flu hosp,2025-11-22,21,quantile,0.65,13.79037711584797
2025-11-01,2,wk inc flu hosp,2025-11-22,21,quantile,0.7,13.79037711584797
2025-11-01,2,wk inc flu hosp,2025-11-22,21,quantile,0.75,13.79037711584797
2025-11-01,2,wk inc flu hosp,2025-11-22,21,quantile,0.8,13.79037711584797
2025-11-01,2,wk inc flu hosp,2025-11-22,21,quantile,0.85,13.79037711584797
2025-11-01,2,wk inc flu hosp,2025-11-22,21,quantile,0.9,13.79037711584797
2025-11-01,2,wk inc flu hosp,2025-11-22,21,quantile,0.95,13.79037711584797
2025-11-01,2,wk inc flu hosp,2025-11-22,21,quantile,0.975,13.79037711584797
2025-11-01,2,wk inc flu hosp,2025-11-22,21,quantile,0.99,13.79037711584797
2025-09-20,2,wk inc flu hosp,2025-10-11,22,quantile,0.01,30.06560648045294
2025-09-20,2,wk inc flu hosp,2025-10-11,22,quantile,0.025,30.06560648045294
2025-09-20,2,wk inc flu hosp,2025-10-11,22,quantile,0.05,30.06560648045294
2025-09-20,2,wk inc flu hosp,2025-10-11,22,quantile,0.1,30.06560648045294
2025-09-20,2,wk inc flu hosp,2025-10-11,22,quantile,0.15,30.06560648045294
2025-09-20,2,wk inc flu hosp,2025-10-11,22,quantile,0.2,30.06560648045294
2025-09-20,2,wk inc flu hosp,2025-10-11,22,quantile,0.25,30.06560648045294
2025-09-20,2,wk inc flu hosp,2025-10-11,22,quantile,0.3,30.06560648045294
2025-09-20,2,wk inc flu hosp,2025-10-11,22,quantile,0.35,30.06560648045294
2025-09-20,2,wk inc flu hosp,2025-10-11,22,quantile,0.4,30.06560648045294
2025-09-20,2,wk inc flu hosp,2025-10-11,22,quantile,0.45,30.06560648045294
2025-09-20,2,wk inc flu hosp,2025-10-11,22,quantile,0.5,30.06560648045294
2025-09-20,2,wk inc flu hosp,2025-10-11,22,quantile,0.55,30.06560648045294
2025-09-20,2,wk inc flu hosp,2025-10-11,22,quantile,0.6,30.06560648045294
2025-09-20,2,wk inc flu hosp,2025-10-11,22,quantile,0.65,30.06560648045294
2025-09-20,2,wk inc flu hosp,2025-10-11,22,quantile,0.7,30.06560648045294
2025-09-20,2,wk inc flu hosp,2025-10-11,22,quantile,0.75,30.06560648045294
2025-09-20,2,wk inc flu hosp,2025-10-11,22,quantile,0.8,30.06560648045294
2025-09-20,2,wk inc flu hosp,2025-10-11,22,quantile,0.85,30.06560648045294
2025-09-20,2,wk inc flu hosp,2025-10-11,22,quantile,0.9,30.06560648045294
2025-09-20,2,wk inc flu hosp,2025-10-11,22,quantile,0.95,30.06560648045294
2025-09-20,2,wk inc flu hosp,2025-10-11,22,quantile,0.975,30.06560648045294
2025-09-20,2,wk inc flu hosp,2025-10-11,22,quantile,0.99,30.06560648045294
2025-09-27,2,wk inc flu hosp,2025-10-18,22,quantile,0.01,33.992793460777385
2025-09-27,2,wk inc flu hosp,2025-10-18,22,quantile,0.025,33.992793460777385
2025-09-27,2,wk inc flu hosp,2025-10-18,22,quantile,0.05,33.992793460777385
2025-09-27,2,wk inc flu hosp,2025-10-18,22,quantile,0.1,33.992793460777385
2025-09-27,2,wk inc flu hosp,2025-10-18,22,quantile,0.15,33.992793460777385
2025-09-27,2,wk inc flu hosp,2025-10-18,22,quantile,0.2,33.992793460777385
2025-09-27,2,wk inc flu hosp,2025-10-18,22,quantile,0.25,33.992793460777385
2025-09-27,2,wk inc flu hosp,2025-10-18,22,quantile,0.3,33.992793460777385
2025-09-27,2,wk inc flu hosp,2025-10-18,22,quantile,0.35,33.992793460777385
2025-09-27,2,wk inc flu hosp,2025-10-18,22,quantile,0.4,33.992793460777385
2025-09-27,2,wk inc flu hosp,2025-10-18,22,quantile,0.45,33.992793460777385
2025-09-27,2,wk inc flu hosp,2025-10-18,22,quantile,0.5,33.992793460777385
2025-09-27,2,wk inc flu hosp,2025-10-18,22,quantile,0.55,33.992793460777385
2025-09-27,2,wk inc flu hosp,2025-10-18,22,quantile,0.6,33.992793460777385
2025-09-27,2,wk inc flu hosp,2025-10-18,22,quantile,0.65,33.992793460777385
2025-09-27,2,wk inc flu hosp,2025-10-18,22,quantile,0.7,33.992793460777385
2025-09-27,2,wk inc flu hosp,2025-10-18,22,quantile,0.75,33.992793460777385
2025-09-27,2,wk inc flu hosp,2025-10-18,22,quantile,0.8,33.992793460777385
2025-09-27,2,wk inc flu hosp,2025-10-18,22,quantile,0.85,33.992793460777385
2025-09-27,2,wk inc flu hosp,2025-10-18,22,quantile,0.9,33.992793460777385
2025-09-27,2,wk inc flu hosp,2025-10-18,22,quantile,0.95,33.992793460777385
2025-09-27,2,wk inc flu hosp,2025-10-18,22,quantile,0.975,33.992793460777385
2025-09-27,2,wk inc flu hosp,2025-10-18,22,quantile,0.99,33.992793460777385
2025-10-04,2,wk inc flu hosp,2025-10-25,22,quantile,0.01,31.05905776049884
2025-10-04,2,wk inc flu hosp,2025-10-25,22,quantile,0.025,31.05905776049884
2025-10-04,2,wk inc flu hosp,2025-10-25,22,quantile,0.05,31.05905776049884
2025-10-04,2,wk inc flu hosp,2025-10-25,22,quantile,0.1,31.05905776049884
2025-10-04,2,wk inc flu hosp,2025-10-25,22,quantile,0.15,31.05905776049884
2025-10-04,2,wk inc flu hosp,2025-10-25,22,quantile,0.2,31.05905776049884
2025-10-04,2,wk inc flu hosp,2025-10-25,22,quantile,0.25,31.05905776049884
2025-10-04,2,wk inc flu hosp,2025-10-25,22,quantile,0.3,31.05905776049884
2025-10-04,2,wk inc flu hosp,2025-10-25,22,quantile,0.35,31.05905776049884
2025-10-04,2,wk inc flu hosp,2025-10-25,22,quantile,0.4,31.05905776049884
2025-10-04,2,wk inc flu hosp,2025-10-25,22,quantile,0.45,31.05905776049884
2025-10-04,2,wk inc flu hosp,2025-10-25,22,quantile,0.5,31.05905776049884
2025-10-04,2,wk inc flu hosp,2025-10-25,22,quantile,0.55,31.05905776049884
2025-10-04,2,wk inc flu hosp,2025-10-25,22,quantile,0.6,31.05905776049884
2025-10-04,2,wk inc flu hosp,2025-10-25,22,quantile,0.65,31.05905776049884
2025-10-04,2,wk inc flu hosp,2025-10-25,22,quantile,0.7,31.05905776049884
2025-10-04,2,wk inc flu hosp,2025-10-25,22,quantile,0.75,31.05905776049884
2025-10-04,2,wk inc flu hosp,2025-10-25,22,quantile,0.8,31.05905776049884
2025-10-04,2,wk inc flu hosp,2025-10-25,22,quantile,0.85,31.05905776049884
2025-10-04,2,wk inc flu hosp,2025-10-25,22,quantile,0.9,31.05905776049884
2025-10-04,2,wk inc flu hosp,2025-10-25,22,quantile,0.95,31.05905776049884
2025-10-04,2,wk inc flu hosp,2025-10-25,22,quantile,0.975,31.05905776049884
2025-10-04,2,wk inc flu hosp,2025-10-25,22,quantile,0.99,31.05905776049884
2025-10-11,2,wk inc flu hosp,2025-11-01,22,quantile,0.01,42.20238187362793
2025-10-11,2,wk inc flu hosp,2025-11-01,22,quantile,0.025,42.20238187362793
2025-10-11,2,wk inc flu hosp,2025-11-01,22,quantile,0.05,42.20238187362793
2025-10-11,2,wk inc flu hosp,2025-11-01,22,quantile,0.1,42.20238187362793
2025-10-11,2,wk inc flu hosp,2025-11-01,22,quantile,0.15,42.20238187362793
2025-10-11,2,wk inc flu hosp,2025-11-01,22,quantile,0.2,42.20238187362793
2025-10-11,2,wk inc flu hosp,2025-11-01,22,quantile,0.25,42.20238187362793
2025-10-11,2,wk inc flu hosp,2025-11-01,22,quantile,0.3,42.20238187362793
2025-10-11,2,wk inc flu hosp,2025-11-01,22,quantile,0.35,42.20238187362793
2025-10-11,2,wk inc flu hosp,2025-11-01,22,quantile,0.4,42.20238187362793
2025-10-11,2,wk inc flu hosp,2025-11-01,22,quantile,0.45,42.20238187362793
2025-10-11,2,wk inc flu hosp,2025-11-01,22,quantile,0.5,42.20238187362793
2025-10-11,2,wk inc flu hosp,2025-11-01,22,quantile,0.55,42.20238187362793
2025-10-11,2,wk inc flu hosp,2025-11-01,22,quantile,0.6,42.20238187362793
2025-10-11,2,wk inc flu hosp,2025-11-01,22,quantile,0.65,42.20238187362793
2025-10-11,2,wk inc flu hosp,2025-11-01,22,quantile,0.7,42.20238187362793
2025-10-11,2,wk inc flu hosp,2025-11-01,22,quantile,0.75,42.20238187362793
2025-10-11,2,wk inc flu hosp,2025-11-01,22,quantile,0.8,42.20238187362793
2025-10-11,2,wk inc flu hosp,2025-11-01,22,quantile,0.85,42.20238187362793
2025-10-11,2,wk inc flu hosp,2025-11-01,22,quantile,0.9,42.20238187362793
2025-10-11,2,wk inc flu hosp,2025-11-01,22,quantile,0.95,42.20238187362793
2025-10-11,2,wk inc flu hosp,2025-11-01,22,quantile,0.975,42.20238187362793
2025-10-11,2,wk inc flu hosp,2025-11-01,22,quantile,0.99,42.20238187362793
2025-10-18,2,wk inc flu hosp,2025-11-08,22,quantile,0.01,40.79329315110562
2025-10-18,2,wk inc flu hosp,2025-11-08,22,quantile,0.025,40.79329315110562
2025-10-18,2,wk inc flu hosp,2025-11-08,22,quantile,0.05,40.79329315110562
2025-10-18,2,wk inc flu hosp,2025-11-08,22,quantile,0.1,40.79329315110562
2025-10-18,2,wk inc flu hosp,2025-11-08,22,quantile,0.15,40.79329315110562
2025-10-18,2,wk inc flu hosp,2025-11-08,22,quantile,0.2,40.79329315110562
2025-10-18,2,wk inc flu hosp,2025-11-08,22,quantile,0.25,40.79329315110562
2025-10-18,2,wk inc flu hosp,2025-11-08,22,quantile,0.3,40.79329315110562
2025-10-18,2,wk inc flu hosp,2025-11-08,22,quantile,0.35,40.79329315110562
2025-10-18,2,wk inc flu hosp,2025-11-08,22,quantile,0.4,40.79329315110562
2025-10-18,2,wk inc flu hosp,2025-11-08,22,quantile,0.45,40.79329315110562
2025-10-18,2,wk inc flu hosp,2025-11-08,22,quantile,0.5,40.79329315110562
2025-10-18,2,wk inc flu hosp,2025-11-08,22,quantile,0.55,40.79329315110562
2025-10-18,2,wk inc flu hosp,2025-11-08,22,quantile,0.6,40.79329315110562
2025-10-18,2,wk inc flu hosp,2025-11-08,22,quantile,0.65,40.79329315110562
2025-10-18,2,wk inc flu hosp,2025-11-08,22,quantile,0.7,40.79329315110562
2025-10-18,2,wk inc flu hosp,2025-11-08,22,quantile,0.75,40.79329315110562
2025-10-18,2,wk inc flu hosp,2025-11-08,22,quantile,0.8,40.79329315110562
2025-10-18,2,wk inc flu hosp,2025-11-08,22,quantile,0.85,40.79329315110562
2025-10-18,2,wk inc flu hosp,2025-11-08,22,quantile,0.9,40.79329315110562
2025-10-18,2,wk inc flu hosp,2025-11-08,22,quantile,0.95,40.79329315110562
2025-10-18,2,wk inc flu hosp,2025-11-08,22,quantile,0.975,40.79329315110562
2025-10-18,2,wk inc flu hosp,2025-11-08,22,quantile,0.99,40.79329315110562
2025-10-25,2,wk inc flu hosp,2025-11-15,22,quantile,0.01,57.58574726789459
2025-10-25,2,wk inc flu hosp,2025-11-15,22,quantile,0.025,57.58574726789459
2025-10-25,2,wk inc flu hosp,2025-11-15,22,quantile,0.05,57.58574726789459
2025-10-25,2,wk inc flu hosp,2025-11-15,22,quantile,0.1,57.58574726789459
2025-10-25,2,wk inc flu hosp,2025-11-15,22,quantile,0.15,57.58574726789459
2025-10-25,2,wk inc flu hosp,2025-11-15,22,quantile,0.2,57.58574726789459
2025-10-25,2,wk inc flu hosp,2025-11-15,22,quantile,0.25,57.58574726789459
2025-10-25,2,wk inc flu hosp,2025-11-15,22,quantile,0.3,57.58574726789459
2025-10-25,2,wk inc flu hosp,2025-11-15,22,quantile,0.35,57.58574726789459
2025-10-25,2,wk inc flu hosp,2025-11-15,22,quantile,0.4,57.58574726789459
2025-10-25,2,wk inc flu hosp,2025-11-15,22,quantile,0.45,57.58574726789459
2025-10-25,2,wk inc flu hosp,2025-11-15,22,quantile,0.5,57.58574726789459
2025-10-25,2,wk inc flu hosp,2025-11-15,22,quantile,0.55,57.58574726789459
2025-10-25,2,wk inc flu hosp,2025-11-15,22,quantile,0.6,57.58574726789459
2025-10-25,2,wk inc flu hosp,2025-11-15,22,quantile,0.65,57.58574726789459
2025-10-25,2,wk inc flu hosp,2025-11-15,22,quantile,0.7,57.58574726789459
2025-10-25,2,wk inc flu hosp,2025-11-15,22,quantile,0.75,57.58574726789459
2025-10-25,2,wk inc flu hosp,2025-11-15,22,quantile,0.8,57.58574726789459
2025-10-25,2,wk inc flu hosp,2025-11-15,22,quantile,0.85,57.58574726789459
2025-10-25,2,wk inc flu hosp,2025-11-15,22,quantile,0.9,57.58574726789459
2025-10-25,2,wk inc flu hosp,2025-11-15,22,quantile,0.95,57.58574726789459
2025-10-25,2,wk inc flu hosp,2025-11-15,22,quantile,0.975,57.58574726789459
2025-10-25,2,wk inc flu hosp,2025-11-15,22,quantile,0.99,57.58574726789459
2025-11-01,2,wk inc flu hosp,2025-11-22,22,quantile,0.01,94.0757706851494
2025-11-01,2,wk inc flu hosp,2025-11-22,22,quantile,0.025,94.0757706851494
2025-11-01,2,wk inc flu hosp,2025-11-22,22,quantile,0.05,94.0757706851494
2025-11-01,2,wk inc flu hosp,2025-11-22,22,quantile,0.1,94.0757706851494
2025-11-01,2,wk inc flu hosp,2025-11-22,22,quantile,0.15,94.0757706851494
2025-11-01,2,wk inc flu hosp,2025-11-22,22,quantile,0.2,94.0757706851494
2025-11-01,2,wk inc flu hosp,2025-11-22,22,quantile,0.25,94.0757706851494
2025-11-01,2,wk inc flu hosp,2025-11-22,22,quantile,0.3,94.0757706851494
2025-11-01,2,wk inc flu hosp,2025-11-22,22,quantile,0.35,94.0757706851494
2025-11-01,2,wk inc flu hosp,2025-11-22,22,quantile,0.4,94.0757706851494
2025-11-01,2,wk inc flu hosp,2025-11-22,22,quantile,0.45,94.0757706851494
2025-11-01,2,wk inc flu hosp,2025-11-22,22,quantile,0.5,94.0757706851494
2025-11-01,2,wk inc flu hosp,2025-11-22,22,quantile,0.55,94.0757706851494
2025-11-01,2,wk inc flu hosp,2025-11-22,22,quantile,0.6,94.0757706851494
2025-11-01,2,wk inc flu hosp,2025-11-22,22,quantile,0.65,94.0757706851494
2025-11-01,2,wk inc flu hosp,2025-11-22,22,quantile,0.7,94.0757706851494
2025-11-01,2,wk inc flu hosp,2025-11-22,22,quantile,0.75,94.0757706851494
2025-11-01,2,wk inc flu hosp,2025-11-22,22,quantile,0.8,94.0757706851494
2025-11-01,2,wk inc flu hosp,2025-11-22,22,quantile,0.85,94.0757706851494
2025-11-01,2,wk inc flu hosp,2025-11-22,22,quantile,0.9,94.0757706851494
2025-11-01,2,wk inc flu hosp,2025-11-22,22,quantile,0.95,94.0757706851494
2025-11-01,2,wk inc flu hosp,2025-11-22,22,quantile,0.975,94.0757706851494
2025-11-01,2,wk inc flu hosp,2025-11-22,22,quantile,0.99,94.0757706851494
2025-09-20,2,wk inc flu hosp,2025-10-11,23,quantile,0.01,0.0
2025-09-20,2,wk inc flu hosp,2025-10-11,23,quantile,0.025,0.0
2025-09-20,2,wk inc flu hosp,2025-10-11,23,quantile,0.05,0.0
2025-09-20,2,wk inc flu hosp,2025-10-11,23,quantile,0.1,0.0
2025-09-20,2,wk inc flu hosp,2025-10-11,23,quantile,0.15,0.0
2025-09-20,2,wk inc flu hosp,2025-10-11,23,quantile,0.2,0.0
2025-09-20,2,wk inc flu hosp,2025-10-11,23,quantile,0.25,0.0
2025-09-20,2,wk inc flu hosp,2025-10-11,23,quantile,0.3,0.0
2025-09-20,2,wk inc flu hosp,2025-10-11,23,quantile,0.35,0.0
2025-09-20,2,wk inc flu hosp,2025-10-11,23,quantile,0.4,0.0
2025-09-20,2,wk inc flu hosp,2025-10-11,23,quantile,0.45,0.0
2025-09-20,2,wk inc flu hosp,2025-10-11,23,quantile,0.5,0.0
2025-09-20,2,wk inc flu hosp,2025-10-11,23,quantile,0.55,0.0
2025-09-20,2,wk inc flu hosp,2025-10-11,23,quantile,0.6,0.0
2025-09-20,2,wk inc flu hosp,2025-10-11,23,quantile,0.65,0.0
2025-09-20,2,wk inc flu hosp,2025-10-11,23,quantile,0.7,0.0
2025-09-20,2,wk inc flu hosp,2025-10-11,23,quantile,0.75,0.0
2025-09-20,2,wk inc flu hosp,2025-10-11,23,quantile,0.8,0.0
2025-09-20,2,wk inc flu hosp,2025-10-11,23,quantile,0.85,0.0
2025-09-20,2,wk inc flu hosp,2025-10-11,23,quantile,0.9,0.0
2025-09-20,2,wk inc flu hosp,2025-10-11,23,quantile,0.95,0.0
2025-09-20,2,wk inc flu hosp,2025-10-11,23,quantile,0.975,0.0
2025-09-20,2,wk inc flu hosp,2025-10-11,23,quantile,0.99,0.0
2025-09-27,2,wk inc flu hosp,2025-10-18,23,quantile,0.01,0.11255446618645873
2025-09-27,2,wk inc flu hosp,2025-10-18,23,quantile,0.025,0.11255446618645873
2025-09-27,2,wk inc flu hosp,2025-10-18,23,quantile,0.05,0.11255446618645873
2025-09-27,2,wk inc flu hosp,2025-10-18,23,quantile,0.1,0.11255446618645873
2025-09-27,2,wk inc flu hosp,2025-10-18,23,quantile,0.15,0.11255446618645873
2025-09-27,2,wk inc flu hosp,2025-10-18,23,quantile,0.2,0.11255446618645873
2025-09-27,2,wk inc flu hosp,2025-10-18,23,quantile,0.25,0.11255446618645873
2025-09-27,2,wk inc flu hosp,2025-10-18,23,quantile,0.3,0.11255446618645873
2025-09-27,2,wk inc flu hosp,2025-10-18,23,quantile,0.35,0.11255446618645873
2025-09-27,2,wk inc flu hosp,2025-10-18,23,quantile,0.4,0.11255446618645873
2025-09-27,2,wk inc flu hosp,2025-10-18,23,quantile,0.45,0.11255446618645873
2025-09-27,2,wk inc flu hosp,2025-10-18,23,quantile,0.5,0.11255446618645873
2025-09-27,2,wk inc flu hosp,2025-10-18,23,quantile,0.55,0.11255446618645873
2025-09-27,2,wk inc flu hosp,2025-10-18,23,quantile,0.6,0.11255446618645873
2025-09-27,2,wk inc flu hosp,2025-10-18,23,quantile,0.65,0.11255446618645873
2025-09-27,2,wk inc flu hosp,2025-10-18,23,quantile,0.7,0.11255446618645873
2025-09-27,2,wk inc flu hosp,2025-10-18,23,quantile,0.75,0.11255446618645873
2025-09-27,2,wk inc flu hosp,2025-10-18,23,quantile,0.8,0.11255446618645873
2025-09-27,2,wk inc flu hosp,2025-10-18,23,quantile,0.85,0.11255446618645873
2025-09-27,2,wk inc flu hosp,2025-10-18,23,quantile,0.9,0.11255446618645873
2025-09-27,2,wk inc flu hosp,2025-10-18,23,quantile,0.95,0.11255446618645873
2025-09-27,2,wk inc flu hosp,2025-10-18,23,quantile,0.975,0.11255446618645873
2025-09-27,2,wk inc flu hosp,2025-10-18,23,quantile,0.99,0.11255446618645873
2025-10-04,2,wk inc flu hosp,2025-10-25,23,quantile,0.01,2.3955251445204797
2025-10-04,2,wk inc flu hosp,2025-10-25,23,quantile,0.025,2.3955251445204797
2025-10-04,2,wk inc flu hosp,2025-10-25,23,quantile,0.05,2.3955251445204797
2025-10-04,2,wk inc flu hosp,2025-10-25,23,quantile,0.1,2.3955251445204797
2025-10-04,2,wk inc flu hosp,2025-10-25,23,quantile,0.15,2.3955251445204797
2025-10-04,2,wk inc flu hosp,2025-10-25,23,quantile,0.2,2.3955251445204797
2025-10-04,2,wk inc flu hosp,2025-10-25,23,quantile,0.25,2.3955251445204797
2025-10-04,2,wk inc flu hosp,2025-10-25,23,quantile,0.3,2.3955251445204797
2025-10-04,2,wk inc flu hosp,2025-10-25,23,quantile,0.35,2.3955251445204797
2025-10-04,2,wk inc flu hosp,2025-10-25,23,quantile,0.4,2.3955251445204797
2025-10-04,2,wk inc flu hosp,2025-10-25,23,quantile,0.45,2.3955251445204797
2025-10-04,2,wk inc flu hosp,2025-10-25,23,quantile,0.5,2.3955251445204797
2025-10-04,2,wk inc flu hosp,2025-10-25,23,quantile,0.55,2.3955251445204797
2025-10-04,2,wk inc flu hosp,2025-10-25,23,quantile,0.6,2.3955251445204797
2025-10-04,2,wk inc flu hosp,2025-10-25,23,quantile,0.65,2.3955251445204797
2025-10-04,2,wk inc flu hosp,2025-10-25,23,quantile,0.7,2.3955251445204797
2025-10-04,2,wk inc flu hosp,2025-10-25,23,quantile,0.75,2.3955251445204797
2025-10-04,2,wk inc flu hosp,2025-10-25,23,quantile,0.8,2.3955251445204797
2025-10-04,2,wk inc flu hosp,2025-10-25,23,quantile,0.85,2.3955251445204797
2025-10-04,2,wk inc flu hosp,2025-10-25,23,quantile,0.9,2.3955251445204797
2025-10-04,2,wk inc flu hosp,2025-10-25,23,quantile,0.95,2.3955251445204797
2025-10-04,2,wk inc flu hosp,2025-10-25,23,quantile,0.975,2.3955251445204797
2025-10-04,2,wk inc flu hosp,2025-10-25,23,quantile,0.99,2.3955251445204797
2025-10-11,2,wk inc flu hosp,2025-11-01,23,quantile,0.01,0.8110166969345625
2025-10-11,2,wk inc flu hosp,2025-11-01,23,quantile,0.025,0.8110166969345625
2025-10-11,2,wk inc flu hosp,2025-11-01,23,quantile,0.05,0.8110166969345625
2025-10-11,2,wk inc flu hosp,2025-11-01,23,quantile,0.1,0.8110166969345625
2025-10-11,2,wk inc flu hosp,2025-11-01,23,quantile,0.15,0.8110166969345625
2025-10-11,2,wk inc flu hosp,2025-11-01,23,quantile,0.2,0.8110166969345625
2025-10-11,2,wk inc flu hosp,2025-11-01,23,quantile,0.25,0.8110166969345625
2025-10-11,2,wk inc flu hosp,2025-11-01,23,quantile,0.3,0.8110166969345625
2025-10-11,2,wk inc flu hosp,2025-11-01,23,quantile,0.35,0.8110166969345625
2025-10-11,2,wk inc flu hosp,2025-11-01,23,quantile,0.4,0.8110166969345625
2025-10-11,2,wk inc flu hosp,2025-11-01,23,quantile,0.45,0.8110166969345625
2025-10-11,2,wk inc flu hosp,2025-11-01,23,quantile,0.5,0.8110166969345625
2025-10-11,2,wk inc flu hosp,2025-11-01,23,quantile,0.55,0.8110166969345625
2025-10-11,2,wk inc flu hosp,2025-11-01,23,quantile,0.6,0.8110166969345625
2025-10-11,2,wk inc flu hosp,2025-11-01,23,quantile,0.65,0.8110166969345625
2025-10-11,2,wk inc flu hosp,2025-11-01,23,quantile,0.7,0.8110166969345625
2025-10-11,2,wk inc flu hosp,2025-11-01,23,quantile,0.75,0.8110166969345625
2025-10-11,2,wk inc flu hosp,2025-11-01,23,quantile,0.8,0.8110166969345625
2025-10-11,2,wk inc flu hosp,2025-11-01,23,quantile,0.85,0.8110166969345625
2025-10-11,2,wk inc flu hosp,2025-11-01,23,quantile,0.9,0.8110166969345625
2025-10-11,2,wk inc flu hosp,2025-11-01,23,quantile,0.95,0.8110166969345625
2025-10-11,2,wk inc flu hosp,2025-11-01,23,quantile,0.975,0.8110166969345625
2025-10-11,2,wk inc flu hosp,2025-11-01,23,quantile,0.99,0.8110166969345625
2025-10-18,2,wk inc flu hosp,2025-11-08,23,quantile,0.01,7.889900682066164
2025-10-18,2,wk inc flu hosp,2025-11-08,23,quantile,0.025,7.889900682066164
2025-10-18,2,wk inc flu hosp,2025-11-08,23,quantile,0.05,7.889900682066164
2025-10-18,2,wk inc flu hosp,2025-11-08,23,quantile,0.1,7.889900682066164
2025-10-18,2,wk inc flu hosp,2025-11-08,23,quantile,0.15,7.889900682066164
2025-10-18,2,wk inc flu hosp,2025-11-08,23,quantile,0.2,7.889900682066164
2025-10-18,2,wk inc flu hosp,2025-11-08,23,quantile,0.25,7.889900682066164
2025-10-18,2,wk inc flu hosp,2025-11-08,23,quantile,0.3,7.889900682066164
2025-10-18,2,wk inc flu hosp,2025-11-08,23,quantile,0.35,7.889900682066164
2025-10-18,2,wk inc flu hosp,2025-11-08,23,quantile,0.4,7.889900682066164
2025-10-18,2,wk inc flu hosp,2025-11-08,23,quantile,0.45,7.889900682066164
2025-10-18,2,wk inc flu hosp,2025-11-08,23,quantile,0.5,7.889900682066164
2025-10-18,2,wk inc flu hosp,2025-11-08,23,quantile,0.55,7.889900682066164
2025-10-18,2,wk inc flu hosp,2025-11-08,23,quantile,0.6,7.889900682066164
2025-10-18,2,wk inc flu hosp,2025-11-08,23,quantile,0.65,7.889900682066164
2025-10-18,2,wk inc flu hosp,2025-11-08,23,quantile,0.7,7.889900682066164
2025-10-18,2,wk inc flu hosp,2025-11-08,23,quantile,0.75,7.889900682066164
2025-10-18,2,wk inc flu hosp,2025-11-08,23,quantile,0.8,7.889900682066164
2025-10-18,2,wk inc flu hosp,2025-11-08,23,quantile,0.85,7.889900682066164
2025-10-18,2,wk inc flu hosp,2025-11-08,23,quantile,0.9,7.889900682066164
2025-10-18,2,wk inc flu hosp,2025-11-08,23,quantile,0.95,7.889900682066164
2025-10-18,2,wk inc flu hosp,2025-11-08,23,quantile,0.975,7.889900682066164
2025-10-18,2,wk inc flu hosp,2025-11-08,23,quantile,0.99,7.889900682066164
2025-10-25,2,wk inc flu hosp,2025-11-15,23,quantile,0.01,3.350507042707245
2025-10-25,2,wk inc flu hosp,2025-11-15,23,quantile,0.025,3.350507042707245
2025-10-25,2,wk inc flu hosp,2025-11-15,23,quantile,0.05,3.350507042707245
2025-10-25,2,wk inc flu hosp,2025-11-15,23,quantile,0.1,3.350507042707245
2025-10-25,2,wk inc flu hosp,2025-11-15,23,quantile,0.15,3.350507042707245
2025-10-25,2,wk inc flu hosp,2025-11-15,23,quantile,0.2,3.350507042707245
2025-10-25,2,wk inc flu hosp,2025-11-15,23,quantile,0.25,3.350507042707245
2025-10-25,2,wk inc flu hosp,2025-11-15,23,quantile,0.3,3.350507042707245
2025-10-25,2,wk inc flu hosp,2025-11-15,23,quantile,0.35,3.350507042707245
2025-10-25,2,wk inc flu hosp,2025-11-15,23,quantile,0.4,3.350507042707245
2025-10-25,2,wk inc flu hosp,2025-11-15,23,quantile,0.45,3.350507042707245
2025-10-25,2,wk inc flu hosp,2025-11-15,23,quantile,0.5,3.350507042707245
2025-10-25,2,wk inc flu hosp,2025-11-15,23,quantile,0.55,3.350507042707245
2025-10-25,2,wk inc flu hosp,2025-11-15,23,quantile,0.6,3.350507042707245
2025-10-25,2,wk inc flu hosp,2025-11-15,23,quantile,0.65,3.350507042707245
2025-10-25,2,wk inc flu hosp,2025-11-15,23,quantile,0.7,3.350507042707245
2025-10-25,2,wk inc flu hosp,2025-11-15,23,quantile,0.75,3.350507042707245
2025-10-25,2,wk inc flu hosp,2025-11-15,23,quantile,0.8,3.350507042707245
2025-10-25,2,wk inc flu hosp,2025-11-15,23,quantile,0.85,3.350507042707245
2025-10-25,2,wk inc flu hosp,2025-11-15,23,quantile,0.9,3.350507042707245
2025-10-25,2,wk inc flu hosp,2025-11-15,23,quantile,0.95,3.350507042707245
2025-10-25,2,wk inc flu hosp,2025-11-15,23,quantile,0.975,3.350507042707245
2025-10-25,2,wk inc flu hosp,2025-11-15,23,quantile,0.99,3.350507042707245
2025-11-01,2,wk inc flu hosp,2025-11-22,23,quantile,0.01,3.1795831484232844
2025-11-01,2,wk inc flu hosp,2025-11-22,23,quantile,0.025,3.1795831484232844
2025-11-01,2,wk inc flu hosp,2025-11-22,23,quantile,0.05,3.1795831484232844
2025-11-01,2,wk inc flu hosp,2025-11-22,23,quantile,0.1,3.1795831484232844
2025-11-01,2,wk inc flu hosp,2025-11-22,23,quantile,0.15,3.1795831484232844
2025-11-01,2,wk inc flu hosp,2025-11-22,23,quantile,0.2,3.1795831484232844
2025-11-01,2,wk inc flu hosp,2025-11-22,23,quantile,0.25,3.1795831484232844
2025-11-01,2,wk inc flu hosp,2025-11-22,23,quantile,0.3,3.1795831484232844
2025-11-01,2,wk inc flu hosp,2025-11-22,23,quantile,0.35,3.1795831484232844
2025-11-01,2,wk inc flu hosp,2025-11-22,23,quantile,0.4,3.1795831484232844
2025-11-01,2,wk inc flu hosp,2025-11-22,23,quantile,0.45,3.1795831484232844
2025-11-01,2,wk inc flu hosp,2025-11-22,23,quantile,0.5,3.1795831484232844
2025-11-01,2,wk inc flu hosp,2025-11-22,23,quantile,0.55,3.1795831484232844
2025-11-01,2,wk inc flu hosp,2025-11-22,23,quantile,0.6,3.1795831484232844
2025-11-01,2,wk inc flu hosp,2025-11-22,23,quantile,0.65,3.1795831484232844
2025-11-01,2,wk inc flu hosp,2025-11-22,23,quantile,0.7,3.1795831484232844
2025-11-01,2,wk inc flu hosp,2025-11-22,23,quantile,0.75,3.1795831484232844
2025-11-01,2,wk inc flu hosp,2025-11-22,23,quantile,0.8,3.1795831484232844
2025-11-01,2,wk inc flu hosp,2025-11-22,23,quantile,0.85,3.1795831484232844
2025-11-01,2,wk inc flu hosp,2025-11-22,23,quantile,0.9,3.1795831484232844
2025-11-01,2,wk inc flu hosp,2025-11-22,23,quantile,0.95,3.1795831484232844
2025-11-01,2,wk inc flu hosp,2025-11-22,23,quantile,0.975,3.1795831484232844
2025-11-01,2,wk inc flu hosp,2025-11-22,23,quantile,0.99,3.1795831484232844
2025-09-20,2,wk inc flu hosp,2025-10-11,24,quantile,0.01,4.4365451936893745
2025-09-20,2,wk inc flu hosp,2025-10-11,24,quantile,0.025,4.4365451936893745
2025-09-20,2,wk inc flu hosp,2025-10-11,24,quantile,0.05,4.4365451936893745
2025-09-20,2,wk inc flu hosp,2025-10-11,24,quantile,0.1,4.4365451936893745
2025-09-20,2,wk inc flu hosp,2025-10-11,24,quantile,0.15,4.4365451936893745
2025-09-20,2,wk inc flu hosp,2025-10-11,24,quantile,0.2,4.4365451936893745
2025-09-20,2,wk inc flu hosp,2025-10-11,24,quantile,0.25,4.4365451936893745
2025-09-20,2,wk inc flu hosp,2025-10-11,24,quantile,0.3,4.4365451936893745
2025-09-20,2,wk inc flu hosp,2025-10-11,24,quantile,0.35,4.4365451936893745
2025-09-20,2,wk inc flu hosp,2025-10-11,24,quantile,0.4,4.4365451936893745
2025-09-20,2,wk inc flu hosp,2025-10-11,24,quantile,0.45,4.4365451936893745
2025-09-20,2,wk inc flu hosp,2025-10-11,24,quantile,0.5,4.4365451936893745
2025-09-20,2,wk inc flu hosp,2025-10-11,24,quantile,0.55,4.4365451936893745
2025-09-20,2,wk inc flu hosp,2025-10-11,24,quantile,0.6,4.4365451936893745
2025-09-20,2,wk inc flu hosp,2025-10-11,24,quantile,0.65,4.4365451936893745
2025-09-20,2,wk inc flu hosp,2025-10-11,24,quantile,0.7,4.4365451936893745
2025-09-20,2,wk inc flu hosp,2025-10-11,24,quantile,0.75,4.4365451936893745
2025-09-20,2,wk inc flu hosp,2025-10-11,24,quantile,0.8,4.4365451936893745
2025-09-20,2,wk inc flu hosp,2025-10-11,24,quantile,0.85,4.4365451936893745
2025-09-20,2,wk inc flu hosp,2025-10-11,24,quantile,0.9,4.4365451936893745
2025-09-20,2,wk inc flu hosp,2025-10-11,24,quantile,0.95,4.4365451936893745
2025-09-20,2,wk inc flu hosp,2025-10-11,24,quantile,0.975,4.4365451936893745
2025-09-20,2,wk inc flu hosp,2025-10-11,24,quantile,0.99,4.4365451936893745
2025-09-27,2,wk inc flu hosp,2025-10-18,24,quantile,0.01,5.0249807880018285
2025-09-27,2,wk inc flu hosp,2025-10-18,24,quantile,0.025,5.0249807880018285
2025-09-27,2,wk inc flu hosp,2025-10-18,24,quantile,0.05,5.0249807880018285
2025-09-27,2,wk inc flu hosp,2025-10-18,24,quantile,0.1,5.0249807880018285
2025-09-27,2,wk inc flu hosp,2025-10-18,24,quantile,0.15,5.0249807880018285
2025-09-27,2,wk inc flu hosp,2025-10-18,24,quantile,0.2,5.0249807880018285
2025-09-27,2,wk inc flu hosp,2025-10-18,24,quantile,0.25,5.0249807880018285
2025-09-27,2,wk inc flu hosp,2025-10-18,24,quantile,0.3,5.0249807880018285
2025-09-27,2,wk inc flu hosp,2025-10-18,24,quantile,0.35,5.0249807880018285
2025-09-27,2,wk inc flu hosp,2025-10-18,24,quantile,0.4,5.0249807880018285
2025-09-27,2,wk inc flu hosp,2025-10-18,24,quantile,0.45,5.0249807880018285
2025-09-27,2,wk inc flu hosp,2025-10-18,24,quantile,0.5,5.0249807880018285
2025-09-27,2,wk inc flu hosp,2025-10-18,24,quantile,0.55,5.0249807880018285
2025-09-27,2,wk inc flu hosp,2025-10-18,24,quantile,0.6,5.0249807880018285
2025-09-27,2,wk inc flu hosp,2025-10-18,24,quantile,0.65,5.0249807880018285
2025-09-27,2,wk inc flu hosp,2025-10-18,24,quantile,0.7,5.0249807880018285
2025-09-27,2,wk inc flu hosp,2025-10-18,24,quantile,0.75,5.0249807880018285
2025-09-27,2,wk inc flu hosp,2025-10-18,24,quantile,0.8,5.0249807880018285
2025-09-27,2,wk inc flu hosp,2025-10-18,24,quantile,0.85,5.0249807880018285
2025-09-27,2,wk inc flu hosp,2025-10-18,24,quantile,0.9,5.0249807880018285
2025-09-27,2,wk inc flu hosp,2025-10-18,24,quantile,0.95,5.0249807880018285
2025-09-27,2,wk inc flu hosp,2025-10-18,24,quantile,0.975,5.0249807880018285
2025-09-27,2,wk inc flu hosp,2025-10-18,24,quantile,0.99,5.0249807880018285
2025-10-04,2,wk inc flu hosp,2025-10-25,24,quantile,0.01,1.6666666666666665
2025-10-04,2,wk inc flu hosp,2025-10-25,24,quantile,0.025,1.6666666666666665
2025-10-04,2,wk inc flu hosp,2025-10-25,24,quantile,0.05,1.6666666666666665
2025-10-04,2,wk inc flu hosp,2025-10-25,24,quantile,0.1,1.6666666666666665
2025-10-04,2,wk inc flu hosp,2025-10-25,24,quantile,0.15,1.6666666666666665
2025-10-04,2,wk inc flu hosp,2025-10-25,24,quantile,0.2,1.6666666666666665
2025-10-04,2,wk inc flu hosp,2025-10-25,24,quantile,0.25,1.6666666666666665
2025-10-04,2,wk inc flu hosp,2025-10-25,24,quantile,0.3,1.6666666666666665
2025-10-04,2,wk inc flu hosp,2025-10-25,24,quantile,0.35,1.6666666666666665
2025-10-04,2,wk inc flu hosp,2025-10-25,24,quantile,0.4,1.6666666666666665
2025-10-04,2,wk inc flu hosp,2025-10-25,24,quantile,0.45,1.6666666666666665
2025-10-04,2,wk inc flu hosp,2025-10-25,24,quantile,0.5,1.6666666666666665
2025-10-04,2,wk inc flu hosp,2025-10-25,24,quantile,0.55,1.6666666666666665
2025-10-04,2,wk inc flu hosp,2025-10-25,24,quantile,0.6,1.6666666666666665
2025-10-04,2,wk inc flu hosp,2025-10-25,24,quantile,0.65,1.6666666666666665
2025-10-04,2,wk inc flu hosp,2025-10-25,24,quantile,0.7,1.6666666666666665
2025-10-04,2,wk inc flu hosp,2025-10-25,24,quantile,0.75,1.6666666666666665
2025-10-04,2,wk inc flu hosp,2025-10-25,24,quantile,0.8,1.6666666666666665
2025-10-04,2,wk inc flu hosp,2025-10-25,24,quantile,0.85,1.6666666666666665
2025-10-04,2,wk inc flu hosp,2025-10-25,24,quantile,0.9,1.6666666666666665
2025-10-04,2,wk inc flu hosp,2025-10-25,24,quantile,0.95,1.6666666666666665
2025-10-04,2,wk inc flu hosp,2025-10-25,24,quantile,0.975,1.6666666666666665
2025-10-04,2,wk inc flu hosp,2025-10-25,24,quantile,0.99,1.6666666666666665
2025-10-11,2,wk inc flu hosp,2025-11-01,24,quantile,0.01,6.866681860123501
2025-10-11,2,wk inc flu hosp,2025-11-01,24,quantile,0.025,6.866681860123501
2025-10-11,2,wk inc flu hosp,2025-11-01,24,quantile,0.05,6.866681860123501
2025-10-11,2,wk inc flu hosp,2025-11-01,24,quantile,0.1,6.866681860123501
2025-10-11,2,wk inc flu hosp,2025-11-01,24,quantile,0.15,6.866681860123501
2025-10-11,2,wk inc flu hosp,2025-11-01,24,quantile,0.2,6.866681860123501
2025-10-11,2,wk inc flu hosp,2025-11-01,24,quantile,0.25,6.866681860123501
2025-10-11,2,wk inc flu hosp,2025-11-01,24,quantile,0.3,6.866681860123501
2025-10-11,2,wk inc flu hosp,2025-11-01,24,quantile,0.35,6.866681860123501
2025-10-11,2,wk inc flu hosp,2025-11-01,24,quantile,0.4,6.866681860123501
2025-10-11,2,wk inc flu hosp,2025-11-01,24,quantile,0.45,6.866681860123501
2025-10-11,2,wk inc flu hosp,2025-11-01,24,quantile,0.5,6.866681860123501
2025-10-11,2,wk inc flu hosp,2025-11-01,24,quantile,0.55,6.866681860123501
2025-10-11,2,wk inc flu hosp,2025-11-01,24,quantile,0.6,6.866681860123501
2025-10-11,2,wk inc flu hosp,2025-11-01,24,quantile,0.65,6.866681860123501
2025-10-11,2,wk inc flu hosp,2025-11-01,24,quantile,0.7,6.866681860123501
2025-10-11,2,wk inc flu hosp,2025-11-01,24,quantile,0.75,6.866681860123501
2025-10-11,2,wk inc flu hosp,2025-11-01,24,quantile,0.8,6.866681860123501
2025-10-11,2,wk inc flu hosp,2025-11-01,24,quantile,0.85,6.866681860123501
2025-10-11,2,wk inc flu hosp,2025-11-01,24,quantile,0.9,6.866681860123501
2025-10-11,2,wk inc flu hosp,2025-11-01,24,quantile,0.95,6.866681860123501
2025-10-11,2,wk inc flu hosp,2025-11-01,24,quantile,0.975,6.866681860123501
2025-10-11,2,wk inc flu hosp,2025-11-01,24,quantile,0.99,6.866681860123501
2025-10-18,2,wk inc flu hosp,2025-11-08,24,quantile,0.01,10.069413898099207
2025-10-18,2,wk inc flu hosp,2025-11-08,24,quantile,0.025,10.069413898099207
2025-10-18,2,wk inc flu hosp,2025-11-08,24,quantile,0.05,10.069413898099207
2025-10-18,2,wk inc flu hosp,2025-11-08,24,quantile,0.1,10.069413898099207
2025-10-18,2,wk inc flu hosp,2025-11-08,24,quantile,0.15,10.069413898099207
2025-10-18,2,wk inc flu hosp,2025-11-08,24,quantile,0.2,10.069413898099207
2025-10-18,2,wk inc flu hosp,2025-11-08,24,quantile,0.25,10.069413898099207
2025-10-18,2,wk inc flu hosp,2025-11-08,24,quantile,0.3,10.069413898099207
2025-10-18,2,wk inc flu hosp,2025-11-08,24,quantile,0.35,10.069413898099207
2025-10-18,2,wk inc flu hosp,2025-11-08,24,quantile,0.4,10.069413898099207
2025-10-18,2,wk inc flu hosp,2025-11-08,24,quantile,0.45,10.069413898099207
2025-10-18,2,wk inc flu hosp,2025-11-08,24,quantile,0.5,10.069413898099207
2025-10-18,2,wk inc flu hosp,2025-11-08,24,quantile,0.55,10.069413898099207
2025-10-18,2,wk inc flu hosp,2025-11-08,24,quantile,0.6,10.069413898099207
2025-10-18,2,wk inc flu hosp,2025-11-08,24,quantile,0.65,10.069413898099207
2025-10-18,2,wk inc flu hosp,2025-11-08,24,quantile,0.7,10.069413898099207
2025-10-18,2,wk inc flu hosp,2025-11-08,24,quantile,0.75,10.069413898099207
2025-10-18,2,wk inc flu hosp,2025-11-08,24,quantile,0.8,10.069413898099207
2025-10-18,2,wk inc flu hosp,2025-11-08,24,quantile,0.85,10.069413898099207
2025-10-18,2,wk inc flu hosp,2025-11-08,24,quantile,0.9,10.069413898099207
2025-10-18,2,wk inc flu hosp,2025-11-08,24,quantile,0.95,10.069413898099207
2025-10-18,2,wk inc flu hosp,2025-11-08,24,quantile,0.975,10.069413898099207
2025-10-18,2,wk inc flu hosp,2025-11-08,24,quantile,0.99,10.069413898099207
2025-10-25,2,wk inc flu hosp,2025-11-15,24,quantile,0.01,32.595203943887554
2025-10-25,2,wk inc flu hosp,2025-11-15,24,quantile,0.025,32.595203943887554
2025-10-25,2,wk inc flu hosp,2025-11-15,24,quantile,0.05,32.595203943887554
2025-10-25,2,wk inc flu hosp,2025-11-15,24,quantile,0.1,32.595203943887554
2025-10-25,2,wk inc flu hosp,2025-11-15,24,quantile,0.15,32.595203943887554
2025-10-25,2,wk inc flu hosp,2025-11-15,24,quantile,0.2,32.595203943887554
2025-10-25,2,wk inc flu hosp,2025-11-15,24,quantile,0.25,32.595203943887554
2025-10-25,2,wk inc flu hosp,2025-11-15,24,quantile,0.3,32.595203943887554
2025-10-25,2,wk inc flu hosp,2025-11-15,24,quantile,0.35,32.595203943887554
2025-10-25,2,wk inc flu hosp,2025-11-15,24,quantile,0.4,32.595203943887554
2025-10-25,2,wk inc flu hosp,2025-11-15,24,quantile,0.45,32.595203943887554
2025-10-25,2,wk inc flu hosp,2025-11-15,24,quantile,0.5,32.595203943887554
2025-10-25,2,wk inc flu hosp,2025-11-15,24,quantile,0.55,32.595203943887554
2025-10-25,2,wk inc flu hosp,2025-11-15,24,quantile,0.6,32.595203943887554
2025-10-25,2,wk inc flu hosp,2025-11-15,24,quantile,0.65,32.595203943887554
2025-10-25,2,wk inc flu hosp,2025-11-15,24,quantile,0.7,32.595203943887554
2025-10-25,2,wk inc flu hosp,2025-11-15,24,quantile,0.75,32.595203943887554
2025-10-25,2,wk inc flu hosp,2025-11-15,24,quantile,0.8,32.595203943887554
2025-10-25,2,wk inc flu hosp,2025-11-15,24,quantile,0.85,32.595203943887554
2025-10-25,2,wk inc flu hosp,2025-11-15,24,quantile,0.9,32.595203943887554
2025-10-25,2,wk inc flu hosp,2025-11-15,24,quantile,0.95,32.595203943887554
2025-10-25,2,wk inc flu hosp,2025-11-15,24,quantile,0.975,32.595203943887554
2025-10-25,2,wk inc flu hosp,2025-11-15,24,quantile,0.99,32.595203943887554
2025-11-01,2,wk inc flu hosp,2025-11-22,24,quantile,0.01,16.09165313736035
2025-11-01,2,wk inc flu hosp,2025-11-22,24,quantile,0.025,16.09165313736035
2025-11-01,2,wk inc flu hosp,2025-11-22,24,quantile,0.05,16.09165313736035
2025-11-01,2,wk inc flu hosp,2025-11-22,24,quantile,0.1,16.09165313736035
2025-11-01,2,wk inc flu hosp,2025-11-22,24,quantile,0.15,16.09165313736035
2025-11-01,2,wk inc flu hosp,2025-11-22,24,quantile,0.2,16.09165313736035
2025-11-01,2,wk inc flu hosp,2025-11-22,24,quantile,0.25,16.09165313736035
2025-11-01,2,wk inc flu hosp,2025-11-22,24,quantile,0.3,16.09165313736035
2025-11-01,2,wk inc flu hosp,2025-11-22,24,quantile,0.35,16.09165313736035
2025-11-01,2,wk inc flu hosp,2025-11-22,24,quantile,0.4,16.09165313736035
2025-11-01,2,wk inc flu hosp,2025-11-22,24,quantile,0.45,16.09165313736035
2025-11-01,2,wk inc flu hosp,2025-11-22,24,quantile,0.5,16.09165313736035
2025-11-01,2,wk inc flu hosp,2025-11-22,24,quantile,0.55,16.09165313736035
2025-11-01,2,wk inc flu hosp,2025-11-22,24,quantile,0.6,16.09165313736035
2025-11-01,2,wk inc flu hosp,2025-11-22,24,quantile,0.65,16.09165313736035
2025-11-01,2,wk inc flu hosp,2025-11-22,24,quantile,0.7,16.09165313736035
2025-11-01,2,wk inc flu hosp,2025-11-22,24,quantile,0.75,16.09165313736035
2025-11-01,2,wk inc flu hosp,2025-11-22,24,quantile,0.8,16.09165313736035
2025-11-01,2,wk inc flu hosp,2025-11-22,24,quantile,0.85,16.09165313736035
2025-11-01,2,wk inc flu hosp,2025-11-22,24,quantile,0.9,16.09165313736035
2025-11-01,2,wk inc flu hosp,2025-11-22,24,quantile,0.95,16.09165313736035
2025-11-01,2,wk inc flu hosp,2025-11-22,24,quantile,0.975,16.09165313736035
2025-11-01,2,wk inc flu hosp,2025-11-22,24,quantile,0.99,16.09165313736035
2025-09-20,2,wk inc flu hosp,2025-10-11,25,quantile,0.01,15.066971157283788
2025-09-20,2,wk inc flu hosp,2025-10-11,25,quantile,0.025,15.066971157283788
2025-09-20,2,wk inc flu hosp,2025-10-11,25,quantile,0.05,15.066971157283788
2025-09-20,2,wk inc flu hosp,2025-10-11,25,quantile,0.1,15.066971157283788
2025-09-20,2,wk inc flu hosp,2025-10-11,25,quantile,0.15,15.066971157283788
2025-09-20,2,wk inc flu hosp,2025-10-11,25,quantile,0.2,15.066971157283788
2025-09-20,2,wk inc flu hosp,2025-10-11,25,quantile,0.25,15.066971157283788
2025-09-20,2,wk inc flu hosp,2025-10-11,25,quantile,0.3,15.066971157283788
2025-09-20,2,wk inc flu hosp,2025-10-11,25,quantile,0.35,15.066971157283788
2025-09-20,2,wk inc flu hosp,2025-10-11,25,quantile,0.4,15.066971157283788
2025-09-20,2,wk inc flu hosp,2025-10-11,25,quantile,0.45,15.066971157283788
2025-09-20,2,wk inc flu hosp,2025-10-11,25,quantile,0.5,15.066971157283788
2025-09-20,2,wk inc flu hosp,2025-10-11,25,quantile,0.55,15.066971157283788
2025-09-20,2,wk inc flu hosp,2025-10-11,25,quantile,0.6,15.066971157283788
2025-09-20,2,wk inc flu hosp,2025-10-11,25,quantile,0.65,15.066971157283788
2025-09-20,2,wk inc flu hosp,2025-10-11,25,quantile,0.7,15.066971157283788
2025-09-20,2,wk inc flu hosp,2025-10-11,25,quantile,0.75,15.066971157283788
2025-09-20,2,wk inc flu hosp,2025-10-11,25,quantile,0.8,15.066971157283788
2025-09-20,2,wk inc flu hosp,2025-10-11,25,quantile,0.85,15.066971157283788
2025-09-20,2,wk inc flu hosp,2025-10-11,25,quantile,0.9,15.066971157283788
2025-09-20,2,wk inc flu hosp,2025-10-11,25,quantile,0.95,15.066971157283788
2025-09-20,2,wk inc flu hosp,2025-10-11,25,quantile,0.975,15.066971157283788
2025-09-20,2,wk inc flu hosp,2025-10-11,25,quantile,0.99,15.066971157283788
2025-09-27,2,wk inc flu hosp,2025-10-18,25,quantile,0.01,16.498000082337132
2025-09-27,2,wk inc flu hosp,2025-10-18,25,quantile,0.025,16.498000082337132
2025-09-27,2,wk inc flu hosp,2025-10-18,25,quantile,0.05,16.498000082337132
2025-09-27,2,wk inc flu hosp,2025-10-18,25,quantile,0.1,16.498000082337132
2025-09-27,2,wk inc flu hosp,2025-10-18,25,quantile,0.15,16.498000082337132
2025-09-27,2,wk inc flu hosp,2025-10-18,25,quantile,0.2,16.498000082337132
2025-09-27,2,wk inc flu hosp,2025-10-18,25,quantile,0.25,16.498000082337132
2025-09-27,2,wk inc flu hosp,2025-10-18,25,quantile,0.3,16.498000082337132
2025-09-27,2,wk inc flu hosp,2025-10-18,25,quantile,0.35,16.498000082337132
2025-09-27,2,wk inc flu hosp,2025-10-18,25,quantile,0.4,16.498000082337132
2025-09-27,2,wk inc flu hosp,2025-10-18,25,quantile,0.45,16.498000082337132
2025-09-27,2,wk inc flu hosp,2025-10-18,25,quantile,0.5,16.498000082337132
2025-09-27,2,wk inc flu hosp,2025-10-18,25,quantile,0.55,16.498000082337132
2025-09-27,2,wk inc flu hosp,2025-10-18,25,quantile,0.6,16.498000082337132
2025-09-27,2,wk inc flu hosp,2025-10-18,25,quantile,0.65,16.498000082337132
2025-09-27,2,wk inc flu hosp,2025-10-18,25,quantile,0.7,16.498000082337132
2025-09-27,2,wk inc flu hosp,2025-10-18,25,quantile,0.75,16.498000082337132
2025-09-27,2,wk inc flu hosp,2025-10-18,25,quantile,0.8,16.498000082337132
2025-09-27,2,wk inc flu hosp,2025-10-18,25,quantile,0.85,16.498000082337132
2025-09-27,2,wk inc flu hosp,2025-10-18,25,quantile,0.9,16.498000082337132
2025-09-27,2,wk inc flu hosp,2025-10-18,25,quantile,0.95,16.498000082337132
2025-09-27,2,wk inc flu hosp,2025-10-18,25,quantile,0.975,16.498000082337132
2025-09-27,2,wk inc flu hosp,2025-10-18,25,quantile,0.99,16.498000082337132
2025-10-04,2,wk inc flu hosp,2025-10-25,25,quantile,0.01,14.235702992185432
2025-10-04,2,wk inc flu hosp,2025-10-25,25,quantile,0.025,14.235702992185432
2025-10-04,2,wk inc flu hosp,2025-10-25,25,quantile,0.05,14.235702992185432
2025-10-04,2,wk inc flu hosp,2025-10-25,25,quantile,0.1,14.235702992185432
2025-10-04,2,wk inc flu hosp,2025-10-25,25,quantile,0.15,14.235702992185432
2025-10-04,2,wk inc flu hosp,2025-10-25,25,quantile,0.2,14.235702992185432
2025-10-04,2,wk inc flu hosp,2025-10-25,25,quantile,0.25,14.235702992185432
2025-10-04,2,wk inc flu hosp,2025-10-25,25,quantile,0.3,14.235702992185432
2025-10-04,2,wk inc flu hosp,2025-10-25,25,quantile,0.35,14.235702992185432
2025-10-04,2,wk inc flu hosp,2025-10-25,25,quantile,0.4,14.235702992185432
2025-10-04,2,wk inc flu hosp,2025-10-25,25,quantile,0.45,14.235702992185432
2025-10-04,2,wk inc flu hosp,2025-10-25,25,quantile,0.5,14.235702992185432
2025-10-04,2,wk inc flu hosp,2025-10-25,25,quantile,0.55,14.235702992185432
2025-10-04,2,wk inc flu hosp,2025-10-25,25,quantile,0.6,14.235702992185432
2025-10-04,2,wk inc flu hosp,2025-10-25,25,quantile,0.65,14.235702992185432
2025-10-04,2,wk inc flu hosp,2025-10-25,25,quantile,0.7,14.235702992185432
2025-10-04,2,wk inc flu hosp,2025-10-25,25,quantile,0.75,14.235702992185432
2025-10-04,2,wk inc flu hosp,2025-10-25,25,quantile,0.8,14.235702992185432
2025-10-04,2,wk inc flu hosp,2025-10-25,25,quantile,0.85,14.235702992185432
2025-10-04,2,wk inc flu hosp,2025-10-25,25,quantile,0.9,14.235702992185432
2025-10-04,2,wk inc flu hosp,2025-10-25,25,quantile,0.95,14.235702992185432
2025-10-04,2,wk inc flu hosp,2025-10-25,25,quantile,0.975,14.235702992185432
2025-10-04,2,wk inc flu hosp,2025-10-25,25,quantile,0.99,14.235702992185432
2025-10-11,2,wk inc flu hosp,2025-11-01,25,quantile,0.01,4.384109463735557
2025-10-11,2,wk inc flu hosp,2025-11-01,25,quantile,0.025,4.384109463735557
2025-10-11,2,wk inc flu hosp,2025-11-01,25,quantile,0.05,4.384109463735557
2025-10-11,2,wk inc flu hosp,2025-11-01,25,quantile,0.1,4.384109463735557
2025-10-11,2,wk inc flu hosp,2025-11-01,25,quantile,0.15,4.384109463735557
2025-10-11,2,wk inc flu hosp,2025-11-01,25,quantile,0.2,4.384109463735557
2025-10-11,2,wk inc flu hosp,2025-11-01,25,quantile,0.25,4.384109463735557
2025-10-11,2,wk inc flu hosp,2025-11-01,25,quantile,0.3,4.384109463735557
2025-10-11,2,wk inc flu hosp,2025-11-01,25,quantile,0.35,4.384109463735557
2025-10-11,2,wk inc flu hosp,2025-11-01,25,quantile,0.4,4.384109463735557
2025-10-11,2,wk inc flu hosp,2025-11-01,25,quantile,0.45,4.384109463735557
2025-10-11,2,wk inc flu hosp,2025-11-01,25,quantile,0.5,4.384109463735557
2025-10-11,2,wk inc flu hosp,2025-11-01,25,quantile,0.55,4.384109463735557
2025-10-11,2,wk inc flu hosp,2025-11-01,25,quantile,0.6,4.384109463735557
2025-10-11,2,wk inc flu hosp,2025-11-01,25,quantile,0.65,4.384109463735557
2025-10-11,2,wk inc flu hosp,2025-11-01,25,quantile,0.7,4.384109463735557
2025-10-11,2,wk inc flu hosp,2025-11-01,25,quantile,0.75,4.384109463735557
2025-10-11,2,wk inc flu hosp,2025-11-01,25,quantile,0.8,4.384109463735557
2025-10-11,2,wk inc flu hosp,2025-11-01,25,quantile,0.85,4.384109463735557
2025-10-11,2,wk inc flu hosp,2025-11-01,25,quantile,0.9,4.384109463735557
2025-10-11,2,wk inc flu hosp,2025-11-01,25,quantile,0.95,4.384109463735557
2025-10-11,2,wk inc flu hosp,2025-11-01,25,quantile,0.975,4.384109463735557
2025-10-11,2,wk inc flu hosp,2025-11-01,25,quantile,0.99,4.384109463735557
2025-10-18,2,wk inc flu hosp,2025-11-08,25,quantile,0.01,12.140486419119302
2025-10-18,2,wk inc flu hosp,2025-11-08,25,quantile,0.025,12.140486419119302
2025-10-18,2,wk inc flu hosp,2025-11-08,25,quantile,0.05,12.140486419119302
2025-10-18,2,wk inc flu hosp,2025-11-08,25,quantile,0.1,12.140486419119302
2025-10-18,2,wk inc flu hosp,2025-11-08,25,quantile,0.15,12.140486419119302
2025-10-18,2,wk inc flu hosp,2025-11-08,25,quantile,0.2,12.140486419119302
2025-10-18,2,wk inc flu hosp,2025-11-08,25,quantile,0.25,12.140486419119302
2025-10-18,2,wk inc flu hosp,2025-11-08,25,quantile,0.3,12.140486419119302
2025-10-18,2,wk inc flu hosp,2025-11-08,25,quantile,0.35,12.140486419119302
2025-10-18,2,wk inc flu hosp,2025-11-08,25,quantile,0.4,12.140486419119302
2025-10-18,2,wk inc flu hosp,2025-11-08,25,quantile,0.45,12.140486419119302
2025-10-18,2,wk inc flu hosp,2025-11-08,25,quantile,0.5,12.140486419119302
2025-10-18,2,wk inc flu hosp,2025-11-08,25,quantile,0.55,12.140486419119302
2025-10-18,2,wk inc flu hosp,2025-11-08,25,quantile,0.6,12.140486419119302
2025-10-18,2,wk inc flu hosp,2025-11-08,25,quantile,0.65,12.140486419119302
2025-10-18,2,wk inc flu hosp,2025-11-08,25,quantile,0.7,12.140486419119302
2025-10-18,2,wk inc flu hosp,2025-11-08,25,quantile,0.75,12.140486419119302
2025-10-18,2,wk inc flu hosp,2025-11-08,25,quantile,0.8,12.140486419119302
2025-10-18,2,wk inc flu hosp,2025-11-08,25,quantile,0.85,12.140486419119302
2025-10-18,2,wk inc flu hosp,2025-11-08,25,quantile,0.9,12.140486419119302
2025-10-18,2,wk inc flu hosp,2025-11-08,25,quantile,0.95,12.140486419119302
2025-10-18,2,wk inc flu hosp,2025-11-08,25,quantile,0.975,12.140486419119302
2025-10-18,2,wk inc flu hosp,2025-11-08,25,quantile,0.99,12.140486419119302
2025-10-25,2,wk inc flu hosp,2025-11-15,25,quantile,0.01,9.105970725430204
2025-10-25,2,wk inc flu hosp,2025-11-15,25,quantile,0.025,9.105970725430204
2025-10-25,2,wk inc flu hosp,2025-11-15,25,quantile,0.05,9.105970725430204
2025-10-25,2,wk inc flu hosp,2025-11-15,25,quantile,0.1,9.105970725430204
2025-10-25,2,wk inc flu hosp,2025-11-15,25,quantile,0.15,9.105970725430204
2025-10-25,2,wk inc flu hosp,2025-11-15,25,quantile,0.2,9.105970725430204
2025-10-25,2,wk inc flu hosp,2025-11-15,25,quantile,0.25,9.105970725430204
2025-10-25,2,wk inc flu hosp,2025-11-15,25,quantile,0.3,9.105970725430204
2025-10-25,2,wk inc flu hosp,2025-11-15,25,quantile,0.35,9.105970725430204
2025-10-25,2,wk inc flu hosp,2025-11-15,25,quantile,0.4,9.105970725430204
2025-10-25,2,wk inc flu hosp,2025-11-15,25,quantile,0.45,9.105970725430204
2025-10-25,2,wk inc flu hosp,2025-11-15,25,quantile,0.5,9.105970725430204
2025-10-25,2,wk inc flu hosp,2025-11-15,25,quantile,0.55,9.105970725430204
2025-10-25,2,wk inc flu hosp,2025-11-15,25,quantile,0.6,9.105970725430204
2025-10-25,2,wk inc flu hosp,2025-11-15,25,quantile,0.65,9.105970725430204
2025-10-25,2,wk inc flu hosp,2025-11-15,25,quantile,0.7,9.105970725430204
2025-10-25,2,wk inc flu hosp,2025-11-15,25,quantile,0.75,9.105970725430204
2025-10-25,2,wk inc flu hosp,2025-11-15,25,quantile,0.8,9.105970725430204
2025-10-25,2,wk inc flu hosp,2025-11-15,25,quantile,0.85,9.105970725430204
2025-10-25,2,wk inc flu hosp,2025-11-15,25,quantile,0.9,9.105970725430204
2025-10-25,2,wk inc flu hosp,2025-11-15,25,quantile,0.95,9.105970725430204
2025-10-25,2,wk inc flu hosp,2025-11-15,25,quantile,0.975,9.105970725430204
2025-10-25,2,wk inc flu hosp,2025-11-15,25,quantile,0.99,9.105970725430204
2025-11-01,2,wk inc flu hosp,2025-11-22,25,quantile,0.01,53.01710019376043
2025-11-01,2,wk inc flu hosp,2025-11-22,25,quantile,0.025,53.01710019376043
2025-11-01,2,wk inc flu hosp,2025-11-22,25,quantile,0.05,53.01710019376043
2025-11-01,2,wk inc flu hosp,2025-11-22,25,quantile,0.1,53.01710019376043
2025-11-01,2,wk inc flu hosp,2025-11-22,25,quantile,0.15,53.01710019376043
2025-11-01,2,wk inc flu hosp,2025-11-22,25,quantile,0.2,53.01710019376043
2025-11-01,2,wk inc flu hosp,2025-11-22,25,quantile,0.25,53.01710019376043
2025-11-01,2,wk inc flu hosp,2025-11-22,25,quantile,0.3,53.01710019376043
2025-11-01,2,wk inc flu hosp,2025-11-22,25,quantile,0.35,53.01710019376043
2025-11-01,2,wk inc flu hosp,2025-11-22,25,quantile,0.4,53.01710019376043
2025-11-01,2,wk inc flu hosp,2025-11-22,25,quantile,0.45,53.01710019376043
2025-11-01,2,wk inc flu hosp,2025-11-22,25,quantile,0.5,53.01710019376043
2025-11-01,2,wk inc flu hosp,2025-11-22,25,quantile,0.55,53.01710019376043
2025-11-01,2,wk inc flu hosp,2025-11-22,25,quantile,0.6,53.01710019376043
2025-11-01,2,wk inc flu hosp,2025-11-22,25,quantile,0.65,53.01710019376043
2025-11-01,2,wk inc flu hosp,2025-11-22,25,quantile,0.7,53.01710019376043
2025-11-01,2,wk inc flu hosp,2025-11-22,25,quantile,0.75,53.01710019376043
2025-11-01,2,wk inc flu hosp,2025-11-22,25,quantile,0.8,53.01710019376043
2025-11-01,2,wk inc flu hosp,2025-11-22,25,quantile,0.85,53.01710019376043
2025-11-01,2,wk inc flu hosp,2025-11-22,25,quantile,0.9,53.01710019376043
2025-11-01,2,wk inc flu hosp,2025-11-22,25,quantile,0.95,53.01710019376043
2025-11-01,2,wk inc flu hosp,2025-11-22,25,quantile,0.975,53.01710019376043
2025-11-01,2,wk inc flu hosp,2025-11-22,25,quantile,0.99,53.01710019376043
2025-09-20,2,wk inc flu hosp,2025-10-11,26,quantile,0.01,15.840917220955339
2025-09-20,2,wk inc flu hosp,2025-10-11,26,quantile,0.025,15.840917220955339
2025-09-20,2,wk inc flu hosp,2025-10-11,26,quantile,0.05,15.840917220955339
2025-09-20,2,wk inc flu hosp,2025-10-11,26,quantile,0.1,15.840917220955339
2025-09-20,2,wk inc flu hosp,2025-10-11,26,quantile,0.15,15.840917220955339
2025-09-20,2,wk inc flu hosp,2025-10-11,26,quantile,0.2,15.840917220955339
2025-09-20,2,wk inc flu hosp,2025-10-11,26,quantile,0.25,15.840917220955339
2025-09-20,2,wk inc flu hosp,2025-10-11,26,quantile,0.3,15.840917220955339
2025-09-20,2,wk inc flu hosp,2025-10-11,26,quantile,0.35,15.840917220955339
2025-09-20,2,wk inc flu hosp,2025-10-11,26,quantile,0.4,15.840917220955339
2025-09-20,2,wk inc flu hosp,2025-10-11,26,quantile,0.45,15.840917220955339
2025-09-20,2,wk inc flu hosp,2025-10-11,26,quantile,0.5,15.840917220955339
2025-09-20,2,wk inc flu hosp,2025-10-11,26,quantile,0.55,15.840917220955339
2025-09-20,2,wk inc flu hosp,2025-10-11,26,quantile,0.6,15.840917220955339
2025-09-20,2,wk inc flu hosp,2025-10-11,26,quantile,0.65,15.840917220955339
2025-09-20,2,wk inc flu hosp,2025-10-11,26,quantile,0.7,15.840917220955339
2025-09-20,2,wk inc flu hosp,2025-10-11,26,quantile,0.75,15.840917220955339
2025-09-20,2,wk inc flu hosp,2025-10-11,26,quantile,0.8,15.840917220955339
2025-09-20,2,wk inc flu hosp,2025-10-11,26,quantile,0.85,15.840917220955339
2025-09-20,2,wk inc flu hosp,2025-10-11,26,quantile,0.9,15.840917220955339
2025-09-20,2,wk inc flu hosp,2025-10-11,26,quantile,0.95,15.840917220955339
2025-09-20,2,wk inc flu hosp,2025-10-11,26,quantile,0.975,15.840917220955339
2025-09-20,2,wk inc flu hosp,2025-10-11,26,quantile,0.99,15.840917220955339
2025-09-27,2,wk inc flu hosp,2025-10-18,26,quantile,0.01,22.26823314089728
2025-09-27,2,wk inc flu hosp,2025-10-18,26,quantile,0.025,22.26823314089728
2025-09-27,2,wk inc flu hosp,2025-10-18,26,quantile,0.05,22.26823314089728
2025-09-27,2,wk inc flu hosp,2025-10-18,26,quantile,0.1,22.26823314089728
2025-09-27,2,wk inc flu hosp,2025-10-18,26,quantile,0.15,22.26823314089728
2025-09-27,2,wk inc flu hosp,2025-10-18,26,quantile,0.2,22.26823314089728
2025-09-27,2,wk inc flu hosp,2025-10-18,26,quantile,0.25,22.26823314089728
2025-09-27,2,wk inc flu hosp,2025-10-18,26,quantile,0.3,22.26823314089728
2025-09-27,2,wk inc flu hosp,2025-10-18,26,quantile,0.35,22.26823314089728
2025-09-27,2,wk inc flu hosp,2025-10-18,26,quantile,0.4,22.26823314089728
2025-09-27,2,wk inc flu hosp,2025-10-18,26,quantile,0.45,22.26823314089728
2025-09-27,2,wk inc flu hosp,2025-10-18,26,quantile,0.5,22.26823314089728
2025-09-27,2,wk inc flu hosp,2025-10-18,26,quantile,0.55,22.26823314089728
2025-09-27,2,wk inc flu hosp,2025-10-18,26,quantile,0.6,22.26823314089728
2025-09-27,2,wk inc flu hosp,2025-10-18,26,quantile,0.65,22.26823314089728
2025-09-27,2,wk inc flu hosp,2025-10-18,26,quantile,0.7,22.26823314089728
2025-09-27,2,wk inc flu hosp,2025-10-18,26,quantile,0.75,22.26823314089728
2025-09-27,2,wk inc flu hosp,2025-10-18,26,quantile,0.8,22.26823314089728
2025-09-27,2,wk inc flu hosp,2025-10-18,26,quantile,0.85,22.26823314089728
2025-09-27,2,wk inc flu hosp,2025-10-18,26,quantile,0.9,22.26823314089728
2025-09-27,2,wk inc flu hosp,2025-10-18,26,quantile,0.95,22.26823314089728
2025-09-27,2,wk inc flu hosp,2025-10-18,26,quantile,0.975,22.26823314089728
2025-09-27,2,wk inc flu hosp,2025-10-18,26,quantile,0.99,22.26823314089728
2025-10-04,2,wk inc flu hosp,2025-10-25,26,quantile,0.01,12.871240826617571
2025-10-04,2,wk inc flu hosp,2025-10-25,26,quantile,0.025,12.871240826617571
2025-10-04,2,wk inc flu hosp,2025-10-25,26,quantile,0.05,12.871240826617571
2025-10-04,2,wk inc flu hosp,2025-10-25,26,quantile,0.1,12.871240826617571
2025-10-04,2,wk inc flu hosp,2025-10-25,26,quantile,0.15,12.871240826617571
2025-10-04,2,wk inc flu hosp,2025-10-25,26,quantile,0.2,12.871240826617571
2025-10-04,2,wk inc flu hosp,2025-10-25,26,quantile,0.25,12.871240826617571
2025-10-04,2,wk inc flu hosp,2025-10-25,26,quantile,0.3,12.871240826617571
2025-10-04,2,wk inc flu hosp,2025-10-25,26,quantile,0.35,12.871240826617571
2025-10-04,2,wk inc flu hosp,2025-10-25,26,quantile,0.4,12.871240826617571
2025-10-04,2,wk inc flu hosp,2025-10-25,26,quantile,0.45,12.871240826617571
2025-10-04,2,wk inc flu hosp,2025-10-25,26,quantile,0.5,12.871240826617571
2025-10-04,2,wk inc flu hosp,2025-10-25,26,quantile,0.55,12.871240826617571
2025-10-04,2,wk inc flu hosp,2025-10-25,26,quantile,0.6,12.871240826617571
2025-10-04,2,wk inc flu hosp,2025-10-25,26,quantile,0.65,12.871240826617571
2025-10-04,2,wk inc flu hosp,2025-10-25,26,quantile,0.7,12.871240826617571
2025-10-04,2,wk inc flu hosp,2025-10-25,26,quantile,0.75,12.871240826617571
2025-10-04,2,wk inc flu hosp,2025-10-25,26,quantile,0.8,12.871240826617571
2025-10-04,2,wk inc flu hosp,2025-10-25,26,quantile,0.85,12.871240826617571
2025-10-04,2,wk inc flu hosp,2025-10-25,26,quantile,0.9,12.871240826617571
2025-10-04,2,wk inc flu hosp,2025-10-25,26,quantile,0.95,12.871240826617571
2025-10-04,2,wk inc flu hosp,2025-10-25,26,quantile,0.975,12.871240826617571
2025-10-04,2,wk inc flu hosp,2025-10-25,26,quantile,0.99,12.871240826617571
2025-10-11,2,wk inc flu hosp,2025-11-01,26,quantile,0.01,10.964668915904376
2025-10-11,2,wk inc flu hosp,2025-11-01,26,quantile,0.025,10.964668915904376
2025-10-11,2,wk inc flu hosp,2025-11-01,26,quantile,0.05,10.964668915904376
2025-10-11,2,wk inc flu hosp,2025-11-01,26,quantile,0.1,10.964668915904376
2025-10-11,2,wk inc flu hosp,2025-11-01,26,quantile,0.15,10.964668915904376
2025-10-11,2,wk inc flu hosp,2025-11-01,26,quantile,0.2,10.964668915904376
2025-10-11,2,wk inc flu hosp,2025-11-01,26,quantile,0.25,10.964668915904376
2025-10-11,2,wk inc flu hosp,2025-11-01,26,quantile,0.3,10.964668915904376
2025-10-11,2,wk inc flu hosp,2025-11-01,26,quantile,0.35,10.964668915904376
2025-10-11,2,wk inc flu hosp,2025-11-01,26,quantile,0.4,10.964668915904376
2025-10-11,2,wk inc flu hosp,2025-11-01,26,quantile,0.45,10.964668915904376
2025-10-11,2,wk inc flu hosp,2025-11-01,26,quantile,0.5,10.964668915904376
2025-10-11,2,wk inc flu hosp,2025-11-01,26,quantile,0.55,10.964668915904376
2025-10-11,2,wk inc flu hosp,2025-11-01,26,quantile,0.6,10.964668915904376
2025-10-11,2,wk inc flu hosp,2025-11-01,26,quantile,0.65,10.964668915904376
2025-10-11,2,wk inc flu hosp,2025-11-01,26,quantile,0.7,10.964668915904376
2025-10-11,2,wk inc flu hosp,2025-11-01,26,quantile,0.75,10.964668915904376
2025-10-11,2,wk inc flu hosp,2025-11-01,26,quantile,0.8,10.964668915904376
2025-10-11,2,wk inc flu hosp,2025-11-01,26,quantile,0.85,10.964668915904376
2025-10-11,2,wk inc flu hosp,2025-11-01,26,quantile,0.9,10.964668915904376
2025-10-11,2,wk inc flu hosp,2025-11-01,26,quantile,0.95,10.964668915904376
2025-10-11,2,wk inc flu hosp,2025-11-01,26,quantile,0.975,10.964668915904376
2025-10-11,2,wk inc flu hosp,2025-11-01,26,quantile,0.99,10.964668915904376
2025-10-18,2,wk inc flu hosp,2025-11-08,26,quantile,0.01,17.280393637530814
2025-10-18,2,wk inc flu hosp,2025-11-08,26,quantile,0.025,17.280393637530814
2025-10-18,2,wk inc flu hosp,2025-11-08,26,quantile,0.05,17.280393637530814
2025-10-18,2,wk inc flu hosp,2025-11-08,26,quantile,0.1,17.280393637530814
2025-10-18,2,wk inc flu hosp,2025-11-08,26,quantile,0.15,17.280393637530814
2025-10-18,2,wk inc flu hosp,2025-11-08,26,quantile,0.2,17.280393637530814
2025-10-18,2,wk inc flu hosp,2025-11-08,26,quantile,0.25,17.280393637530814
2025-10-18,2,wk inc flu hosp,2025-11-08,26,quantile,0.3,17.280393637530814
2025-10-18,2,wk inc flu hosp,2025-11-08,26,quantile,0.35,17.280393637530814
2025-10-18,2,wk inc flu hosp,2025-11-08,26,quantile,0.4,17.280393637530814
2025-10-18,2,wk inc flu hosp,2025-11-08,26,quantile,0.45,17.280393637530814
2025-10-18,2,wk inc flu hosp,2025-11-08,26,quantile,0.5,17.280393637530814
2025-10-18,2,wk inc flu hosp,2025-11-08,26,quantile,0.55,17.280393637530814
2025-10-18,2,wk inc flu hosp,2025-11-08,26,quantile,0.6,17.280393637530814
2025-10-18,2,wk inc flu hosp,2025-11-08,26,quantile,0.65,17.280393637530814
2025-10-18,2,wk inc flu hosp,2025-11-08,26,quantile,0.7,17.280393637530814
2025-10-18,2,wk inc flu hosp,2025-11-08,26,quantile,0.75,17.280393637530814
2025-10-18,2,wk inc flu hosp,2025-11-08,26,quantile,0.8,17.280393637530814
2025-10-18,2,wk inc flu hosp,2025-11-08,26,quantile,0.85,17.280393637530814
2025-10-18,2,wk inc flu hosp,2025-11-08,26,quantile,0.9,17.280393637530814
2025-10-18,2,wk inc flu hosp,2025-11-08,26,quantile,0.95,17.280393637530814
2025-10-18,2,wk inc flu hosp,2025-11-08,26,quantile,0.975,17.280393637530814
2025-10-18,2,wk inc flu hosp,2025-11-08,26,quantile,0.99,17.280393637530814
2025-10-25,2,wk inc flu hosp,2025-11-15,26,quantile,0.01,25.865239017287635
2025-10-25,2,wk inc flu hosp,2025-11-15,26,quantile,0.025,25.865239017287635
2025-10-25,2,wk inc flu hosp,2025-11-15,26,quantile,0.05,25.865239017287635
2025-10-25,2,wk inc flu hosp,2025-11-15,26,quantile,0.1,25.865239017287635
2025-10-25,2,wk inc flu hosp,2025-11-15,26,quantile,0.15,25.865239017287635
2025-10-25,2,wk inc flu hosp,2025-11-15,26,quantile,0.2,25.865239017287635
2025-10-25,2,wk inc flu hosp,2025-11-15,26,quantile,0.25,25.865239017287635
2025-10-25,2,wk inc flu hosp,2025-11-15,26,quantile,0.3,25.865239017287635
2025-10-25,2,wk inc flu hosp,2025-11-15,26,quantile,0.35,25.865239017287635
2025-10-25,2,wk inc flu hosp,2025-11-15,26,quantile,0.4,25.865239017287635
2025-10-25,2,wk inc flu hosp,2025-11-15,26,quantile,0.45,25.865239017287635
2025-10-25,2,wk inc flu hosp,2025-11-15,26,quantile,0.5,25.865239017287635
2025-10-25,2,wk inc flu hosp,2025-11-15,26,quantile,0.55,25.865239017287635
2025-10-25,2,wk inc flu hosp,2025-11-15,26,quantile,0.6,25.865239017287635
2025-10-25,2,wk inc flu hosp,2025-11-15,26,quantile,0.65,25.865239017287635
2025-10-25,2,wk inc flu hosp,2025-11-15,26,quantile,0.7,25.865239017287635
2025-10-25,2,wk inc flu hosp,2025-11-15,26,quantile,0.75,25.865239017287635
2025-10-25,2,wk inc flu hosp,2025-11-15,26,quantile,0.8,25.865239017287635
2025-10-25,2,wk inc flu hosp,2025-11-15,26,quantile,0.85,25.865239017287635
2025-10-25,2,wk inc flu hosp,2025-11-15,26,quantile,0.9,25.865239017287635
2025-10-25,2,wk inc flu hosp,2025-11-15,26,quantile,0.95,25.865239017287635
2025-10-25,2,wk inc flu hosp,2025-11-15,26,quantile,0.975,25.865239017287635
2025-10-25,2,wk inc flu hosp,2025-11-15,26,quantile,0.99,25.865239017287635
2025-11-01,2,wk inc flu hosp,2025-11-22,26,quantile,0.01,31.408825855595214
2025-11-01,2,wk inc flu hosp,2025-11-22,26,quantile,0.025,31.408825855595214
2025-11-01,2,wk inc flu hosp,2025-11-22,26,quantile,0.05,31.408825855595214
2025-11-01,2,wk inc flu hosp,2025-11-22,26,quantile,0.1,31.408825855595214
2025-11-01,2,wk inc flu hosp,2025-11-22,26,quantile,0.15,31.408825855595214
2025-11-01,2,wk inc flu hosp,2025-11-22,26,quantile,0.2,31.408825855595214
2025-11-01,2,wk inc flu hosp,2025-11-22,26,quantile,0.25,31.408825855595214
2025-11-01,2,wk inc flu hosp,2025-11-22,26,quantile,0.3,31.408825855595214
2025-11-01,2,wk inc flu hosp,2025-11-22,26,quantile,0.35,31.408825855595214
2025-11-01,2,wk inc flu hosp,2025-11-22,26,quantile,0.4,31.408825855595214
2025-11-01,2,wk inc flu hosp,2025-11-22,26,quantile,0.45,31.408825855595214
2025-11-01,2,wk inc flu hosp,2025-11-22,26,quantile,0.5,31.408825855595214
2025-11-01,2,wk inc flu hosp,2025-11-22,26,quantile,0.55,31.408825855595214
2025-11-01,2,wk inc flu hosp,2025-11-22,26,quantile,0.6,31.408825855595214
2025-11-01,2,wk inc flu hosp,2025-11-22,26,quantile,0.65,31.408825855595214
2025-11-01,2,wk inc flu hosp,2025-11-22,26,quantile,0.7,31.408825855595214
2025-11-01,2,wk inc flu hosp,2025-11-22,26,quantile,0.75,31.408825855595214
2025-11-01,2,wk inc flu hosp,2025-11-22,26,quantile,0.8,31.408825855595214
2025-11-01,2,wk inc flu hosp,2025-11-22,26,quantile,0.85,31.408825855595214
2025-11-01,2,wk inc flu hosp,2025-11-22,26,quantile,0.9,31.408825855595214
2025-11-01,2,wk inc flu hosp,2025-11-22,26,quantile,0.95,31.408825855595214
2025-11-01,2,wk inc flu hosp,2025-11-22,26,quantile,0.975,31.408825855595214
2025-11-01,2,wk inc flu hosp,2025-11-22,26,quantile,0.99,31.408825855595214
2025-09-20,2,wk inc flu hosp,2025-10-11,27,quantile,0.01,2.2222222222222223
2025-09-20,2,wk inc flu hosp,2025-10-11,27,quantile,0.025,2.2222222222222223
2025-09-20,2,wk inc flu hosp,2025-10-11,27,quantile,0.05,2.2222222222222223
2025-09-20,2,wk inc flu hosp,2025-10-11,27,quantile,0.1,2.2222222222222223
2025-09-20,2,wk inc flu hosp,2025-10-11,27,quantile,0.15,2.2222222222222223
2025-09-20,2,wk inc flu hosp,2025-10-11,27,quantile,0.2,2.2222222222222223
2025-09-20,2,wk inc flu hosp,2025-10-11,27,quantile,0.25,2.2222222222222223
2025-09-20,2,wk inc flu hosp,2025-10-11,27,quantile,0.3,2.2222222222222223
2025-09-20,2,wk inc flu hosp,2025-10-11,27,quantile,0.35,2.2222222222222223
2025-09-20,2,wk inc flu hosp,2025-10-11,27,quantile,0.4,2.2222222222222223
2025-09-20,2,wk inc flu hosp,2025-10-11,27,quantile,0.45,2.2222222222222223
2025-09-20,2,wk inc flu hosp,2025-10-11,27,quantile,0.5,2.2222222222222223
2025-09-20,2,wk inc flu hosp,2025-10-11,27,quantile,0.55,2.2222222222222223
2025-09-20,2,wk inc flu hosp,2025-10-11,27,quantile,0.6,2.2222222222222223
2025-09-20,2,wk inc flu hosp,2025-10-11,27,quantile,0.65,2.2222222222222223
2025-09-20,2,wk inc flu hosp,2025-10-11,27,quantile,0.7,2.2222222222222223
2025-09-20,2,wk inc flu hosp,2025-10-11,27,quantile,0.75,2.2222222222222223
2025-09-20,2,wk inc flu hosp,2025-10-11,27,quantile,0.8,2.2222222222222223
2025-09-20,2,wk inc flu hosp,2025-10-11,27,quantile,0.85,2.2222222222222223
2025-09-20,2,wk inc flu hosp,2025-10-11,27,quantile,0.9,2.2222222222222223
2025-09-20,2,wk inc flu hosp,2025-10-11,27,quantile,0.95,2.2222222222222223
2025-09-20,2,wk inc flu hosp,2025-10-11,27,quantile,0.975,2.2222222222222223
2025-09-20,2,wk inc flu hosp,2025-10-11,27,quantile,0.99,2.2222222222222223
2025-09-27,2,wk inc flu hosp,2025-10-18,27,quantile,0.01,1.624183378794213
2025-09-27,2,wk inc flu hosp,2025-10-18,27,quantile,0.025,1.624183378794213
2025-09-27,2,wk inc flu hosp,2025-10-18,27,quantile,0.05,1.624183378794213
2025-09-27,2,wk inc flu hosp,2025-10-18,27,quantile,0.1,1.624183378794213
2025-09-27,2,wk inc flu hosp,2025-10-18,27,quantile,0.15,1.624183378794213
2025-09-27,2,wk inc flu hosp,2025-10-18,27,quantile,0.2,1.624183378794213
2025-09-27,2,wk inc flu hosp,2025-10-18,27,quantile,0.25,1.624183378794213
2025-09-27,2,wk inc flu hosp,2025-10-18,27,quantile,0.3,1.624183378794213
2025-09-27,2,wk inc flu hosp,2025-10-18,27,quantile,0.35,1.624183378794213
2025-09-27,2,wk inc flu hosp,2025-10-18,27,quantile,0.4,1.624183378794213
2025-09-27,2,wk inc flu hosp,2025-10-18,27,quantile,0.45,1.624183378794213
2025-09-27,2,wk inc flu hosp,2025-10-18,27,quantile,0.5,1.624183378794213
2025-09-27,2,wk inc flu hosp,2025-10-18,27,quantile,0.55,1.624183378794213
2025-09-27,2,wk inc flu hosp,2025-10-18,27,quantile,0.6,1.624183378794213
2025-09-27,2,wk inc flu hosp,2025-10-18,27,quantile,0.65,1.624183378794213
2025-09-27,2,wk inc flu hosp,2025-10-18,27,quantile,0.7,1.624183378794213
2025-09-27,2,wk inc flu hosp,2025-10-18,27,quantile,0.75,1.624183378794213
2025-09-27,2,wk inc flu hosp,2025-10-18,27,quantile,0.8,1.624183378794213
2025-09-27,2,wk inc flu hosp,2025-10-18,27,quantile,0.85,1.624183378794213
2025-09-27,2,wk inc flu hosp,2025-10-18,27,quantile,0.9,1.624183378794213
2025-09-27,2,wk inc flu hosp,2025-10-18,27,quantile,0.95,1.624183378794213
2025-09-27,2,wk inc flu hosp,2025-10-18,27,quantile,0.975,1.624183378794213
2025-09-27,2,wk inc flu hosp,2025-10-18,27,quantile,0.99,1.624183378794213
2025-10-04,2,wk inc flu hosp,2025-10-25,27,quantile,0.01,1.7550570831104386
2025-10-04,2,wk inc flu hosp,2025-10-25,27,quantile,0.025,1.7550570831104386
2025-10-04,2,wk inc flu hosp,2025-10-25,27,quantile,0.05,1.7550570831104386
2025-10-04,2,wk inc flu hosp,2025-10-25,27,quantile,0.1,1.7550570831104386
2025-10-04,2,wk inc flu hosp,2025-10-25,27,quantile,0.15,1.7550570831104386
2025-10-04,2,wk inc flu hosp,2025-10-25,27,quantile,0.2,1.7550570831104386
2025-10-04,2,wk inc flu hosp,2025-10-25,27,quantile,0.25,1.7550570831104386
2025-10-04,2,wk inc flu hosp,2025-10-25,27,quantile,0.3,1.7550570831104386
2025-10-04,2,wk inc flu hosp,2025-10-25,27,quantile,0.35,1.7550570831104386
2025-10-04,2,wk inc flu hosp,2025-10-25,27,quantile,0.4,1.7550570831104386
2025-10-04,2,wk inc flu hosp,2025-10-25,27,quantile,0.45,1.7550570831104386
2025-10-04,2,wk inc flu hosp,2025-10-25,27,quantile,0.5,1.7550570831104386
2025-10-04,2,wk inc flu hosp,2025-10-25,27,quantile,0.55,1.7550570831104386
2025-10-04,2,wk inc flu hosp,2025-10-25,27,quantile,0.6,1.7550570831104386
2025-10-04,2,wk inc flu hosp,2025-10-25,27,quantile,0.65,1.7550570831104386
2025-10-04,2,wk inc flu hosp,2025-10-25,27,quantile,0.7,1.7550570831104386
2025-10-04,2,wk inc flu hosp,2025-10-25,27,quantile,0.75,1.7550570831104386
2025-10-04,2,wk inc flu hosp,2025-10-25,27,quantile,0.8,1.7550570831104386
2025-10-04,2,wk inc flu hosp,2025-10-25,27,quantile,0.85,1.7550570831104386
2025-10-04,2,wk inc flu hosp,2025-10-25,27,quantile,0.9,1.7550570831104386
2025-10-04,2,wk inc flu hosp,2025-10-25,27,quantile,0.95,1.7550570831104386
2025-10-04,2,wk inc flu hosp,2025-10-25,27,quantile,0.975,1.7550570831104386
2025-10-04,2,wk inc flu hosp,2025-10-25,27,quantile,0.99,1.7550570831104386
2025-10-11,2,wk inc flu hosp,2025-11-01,27,quantile,0.01,5.389605378502245
2025-10-11,2,wk inc flu hosp,2025-11-01,27,quantile,0.025,5.389605378502245
2025-10-11,2,wk inc flu hosp,2025-11-01,27,quantile,0.05,5.389605378502245
2025-10-11,2,wk inc flu hosp,2025-11-01,27,quantile,0.1,5.389605378502245
2025-10-11,2,wk inc flu hosp,2025-11-01,27,quantile,0.15,5.389605378502245
2025-10-11,2,wk inc flu hosp,2025-11-01,27,quantile,0.2,5.389605378502245
2025-10-11,2,wk inc flu hosp,2025-11-01,27,quantile,0.25,5.389605378502245
2025-10-11,2,wk inc flu hosp,2025-11-01,27,quantile,0.3,5.389605378502245
2025-10-11,2,wk inc flu hosp,2025-11-01,27,quantile,0.35,5.389605378502245
2025-10-11,2,wk inc flu hosp,2025-11-01,27,quantile,0.4,5.389605378502245
2025-10-11,2,wk inc flu hosp,2025-11-01,27,quantile,0.45,5.389605378502245
2025-10-11,2,wk inc flu hosp,2025-11-01,27,quantile,0.5,5.389605378502245
2025-10-11,2,wk inc flu hosp,2025-11-01,27,quantile,0.55,5.389605378502245
2025-10-11,2,wk inc flu hosp,2025-11-01,27,quantile,0.6,5.389605378502245
2025-10-11,2,wk inc flu hosp,2025-11-01,27,quantile,0.65,5.389605378502245
2025-10-11,2,wk inc flu hosp,2025-11-01,27,quantile,0.7,5.389605378502245
2025-10-11,2,wk inc flu hosp,2025-11-01,27,quantile,0.75,5.389605378502245
2025-10-11,2,wk inc flu hosp,2025-11-01,27,quantile,0.8,5.389605378502245
2025-10-11,2,wk inc flu hosp,2025-11-01,27,quantile,0.85,5.389605378502245
2025-10-11,2,wk inc flu hosp,2025-11-01,27,quantile,0.9,5.389605378502245
2025-10-11,2,wk inc flu hosp,2025-11-01,27,quantile,0.95,5.389605378502245
2025-10-11,2,wk inc flu hosp,2025-11-01,27,quantile,0.975,5.389605378502245
2025-10-11,2,wk inc flu hosp,2025-11-01,27,quantile,0.99,5.389605378502245
2025-10-18,2,wk inc flu hosp,2025-11-08,27,quantile,0.01,0.5555555555555556
2025-10-18,2,wk inc flu hosp,2025-11-08,27,quantile,0.025,0.5555555555555556
2025-10-18,2,wk inc flu hosp,2025-11-08,27,quantile,0.05,0.5555555555555556
2025-10-18,2,wk inc flu hosp,2025-11-08,27,quantile,0.1,0.5555555555555556
2025-10-18,2,wk inc flu hosp,2025-11-08,27,quantile,0.15,0.5555555555555556
2025-10-18,2,wk inc flu hosp,2025-11-08,27,quantile,0.2,0.5555555555555556
2025-10-18,2,wk inc flu hosp,2025-11-08,27,quantile,0.25,0.5555555555555556
2025-10-18,2,wk inc flu hosp,2025-11-08,27,quantile,0.3,0.5555555555555556
2025-10-18,2,wk inc flu hosp,2025-11-08,27,quantile,0.35,0.5555555555555556
2025-10-18,2,wk inc flu hosp,2025-11-08,27,quantile,0.4,0.5555555555555556
2025-10-18,2,wk inc flu hosp,2025-11-08,27,quantile,0.45,0.5555555555555556
2025-10-18,2,wk inc flu hosp,2025-11-08,27,quantile,0.5,0.5555555555555556
2025-10-18,2,wk inc flu hosp,2025-11-08,27,quantile,0.55,0.5555555555555556
2025-10-18,2,wk inc flu hosp,2025-11-08,27,quantile,0.6,0.5555555555555556
2025-10-18,2,wk inc flu hosp,2025-11-08,27,quantile,0.65,0.5555555555555556
2025-10-18,2,wk inc flu hosp,2025-11-08,27,quantile,0.7,0.5555555555555556
2025-10-18,2,wk inc flu hosp,2025-11-08,27,quantile,0.75,0.5555555555555556
2025-10-18,2,wk inc flu hosp,2025-11-08,27,quantile,0.8,0.5555555555555556
2025-10-18,2,wk inc flu hosp,2025-11-08,27,quantile,0.85,0.5555555555555556
2025-10-18,2,wk inc flu hosp,2025-11-08,27,quantile,0.9,0.5555555555555556
2025-10-18,2,wk inc flu hosp,2025-11-08,27,quantile,0.95,0.5555555555555556
2025-10-18,2,wk inc flu hosp,2025-11-08,27,quantile,0.975,0.5555555555555556
2025-10-18,2,wk inc flu hosp,2025-11-08,27,quantile,0.99,0.5555555555555556
2025-10-25,2,wk inc flu hosp,2025-11-15,27,quantile,0.01,49.75035430027571
2025-10-25,2,wk inc flu hosp,2025-11-15,27,quantile,0.025,49.75035430027571
2025-10-25,2,wk inc flu hosp,2025-11-15,27,quantile,0.05,49.75035430027571
2025-10-25,2,wk inc flu hosp,2025-11-15,27,quantile,0.1,49.75035430027571
2025-10-25,2,wk inc flu hosp,2025-11-15,27,quantile,0.15,49.75035430027571
2025-10-25,2,wk inc flu hosp,2025-11-15,27,quantile,0.2,49.75035430027571
2025-10-25,2,wk inc flu hosp,2025-11-15,27,quantile,0.25,49.75035430027571
2025-10-25,2,wk inc flu hosp,2025-11-15,27,quantile,0.3,49.75035430027571
2025-10-25,2,wk inc flu hosp,2025-11-15,27,quantile,0.35,49.75035430027571
2025-10-25,2,wk inc flu hosp,2025-11-15,27,quantile,0.4,49.75035430027571
2025-10-25,2,wk inc flu hosp,2025-11-15,27,quantile,0.45,49.75035430027571
2025-10-25,2,wk inc flu hosp,2025-11-15,27,quantile,0.5,49.75035430027571
2025-10-25,2,wk inc flu hosp,2025-11-15,27,quantile,0.55,49.75035430027571
2025-10-25,2,wk inc flu hosp,2025-11-15,27,quantile,0.6,49.75035430027571
2025-10-25,2,wk inc flu hosp,2025-11-15,27,quantile,0.65,49.75035430027571
2025-10-25,2,wk inc flu hosp,2025-11-15,27,quantile,0.7,49.75035430027571
2025-10-25,2,wk inc flu hosp,2025-11-15,27,quantile,0.75,49.75035430027571
2025-10-25,2,wk inc flu hosp,2025-11-15,27,quantile,0.8,49.75035430027571
2025-10-25,2,wk inc flu hosp,2025-11-15,27,quantile,0.85,49.75035430027571
2025-10-25,2,wk inc flu hosp,2025-11-15,27,quantile,0.9,49.75035430027571
2025-10-25,2,wk inc flu hosp,2025-11-15,27,quantile,0.95,49.75035430027571
2025-10-25,2,wk inc flu hosp,2025-11-15,27,quantile,0.975,49.75035430027571
2025-10-25,2,wk inc flu hosp,2025-11-15,27,quantile,0.99,49.75035430027571
2025-11-01,2,wk inc flu hosp,2025-11-22,27,quantile,0.01,3.014083379132571
2025-11-01,2,wk inc flu hosp,2025-11-22,27,quantile,0.025,3.014083379132571
2025-11-01,2,wk inc flu hosp,2025-11-22,27,quantile,0.05,3.014083379132571
2025-11-01,2,wk inc flu hosp,2025-11-22,27,quantile,0.1,3.014083379132571
2025-11-01,2,wk inc flu hosp,2025-11-22,27,quantile,0.15,3.014083379132571
2025-11-01,2,wk inc flu hosp,2025-11-22,27,quantile,0.2,3.014083379132571
2025-11-01,2,wk inc flu hosp,2025-11-22,27,quantile,0.25,3.014083379132571
2025-11-01,2,wk inc flu hosp,2025-11-22,27,quantile,0.3,3.014083379132571
2025-11-01,2,wk inc flu hosp,2025-11-22,27,quantile,0.35,3.014083379132571
2025-11-01,2,wk inc flu hosp,2025-11-22,27,quantile,0.4,3.014083379132571
2025-11-01,2,wk inc flu hosp,2025-11-22,27,quantile,0.45,3.014083379132571
2025-11-01,2,wk inc flu hosp,2025-11-22,27,quantile,0.5,3.014083379132571
2025-11-01,2,wk inc flu hosp,2025-11-22,27,quantile,0.55,3.014083379132571
2025-11-01,2,wk inc flu hosp,2025-11-22,27,quantile,0.6,3.014083379132571
2025-11-01,2,wk inc flu hosp,2025-11-22,27,quantile,0.65,3.014083379132571
2025-11-01,2,wk inc flu hosp,2025-11-22,27,quantile,0.7,3.014083379132571
2025-11-01,2,wk inc flu hosp,2025-11-22,27,quantile,0.75,3.014083379132571
2025-11-01,2,wk inc flu hosp,2025-11-22,27,quantile,0.8,3.014083379132571
2025-11-01,2,wk inc flu hosp,2025-11-22,27,quantile,0.85,3.014083379132571
2025-11-01,2,wk inc flu hosp,2025-11-22,27,quantile,0.9,3.014083379132571
2025-11-01,2,wk inc flu hosp,2025-11-22,27,quantile,0.95,3.014083379132571
2025-11-01,2,wk inc flu hosp,2025-11-22,27,quantile,0.975,3.014083379132571
2025-11-01,2,wk inc flu hosp,2025-11-22,27,quantile,0.99,3.014083379132571
2025-09-20,2,wk inc flu hosp,2025-10-11,28,quantile,0.01,12.091295729513218
2025-09-20,2,wk inc flu hosp,2025-10-11,28,quantile,0.025,12.091295729513218
2025-09-20,2,wk inc flu hosp,2025-10-11,28,quantile,0.05,12.091295729513218
2025-09-20,2,wk inc flu hosp,2025-10-11,28,quantile,0.1,12.091295729513218
2025-09-20,2,wk inc flu hosp,2025-10-11,28,quantile,0.15,12.091295729513218
2025-09-20,2,wk inc flu hosp,2025-10-11,28,quantile,0.2,12.091295729513218
2025-09-20,2,wk inc flu hosp,2025-10-11,28,quantile,0.25,12.091295729513218
2025-09-20,2,wk inc flu hosp,2025-10-11,28,quantile,0.3,12.091295729513218
2025-09-20,2,wk inc flu hosp,2025-10-11,28,quantile,0.35,12.091295729513218
2025-09-20,2,wk inc flu hosp,2025-10-11,28,quantile,0.4,12.091295729513218
2025-09-20,2,wk inc flu hosp,2025-10-11,28,quantile,0.45,12.091295729513218
2025-09-20,2,wk inc flu hosp,2025-10-11,28,quantile,0.5,12.091295729513218
2025-09-20,2,wk inc flu hosp,2025-10-11,28,quantile,0.55,12.091295729513218
2025-09-20,2,wk inc flu hosp,2025-10-11,28,quantile,0.6,12.091295729513218
2025-09-20,2,wk inc flu hosp,2025-10-11,28,quantile,0.65,12.091295729513218
2025-09-20,2,wk inc flu hosp,2025-10-11,28,quantile,0.7,12.091295729513218
2025-09-20,2,wk inc flu hosp,2025-10-11,28,quantile,0.75,12.091295729513218
2025-09-20,2,wk inc flu hosp,2025-10-11,28,quantile,0.8,12.091295729513218
2025-09-20,2,wk inc flu hosp,2025-10-11,28,quantile,0.85,12.091295729513218
2025-09-20,2,wk inc flu hosp,2025-10-11,28,quantile,0.9,12.091295729513218
2025-09-20,2,wk inc flu hosp,2025-10-11,28,quantile,0.95,12.091295729513218
2025-09-20,2,wk inc flu hosp,2025-10-11,28,quantile,0.975,12.091295729513218
2025-09-20,2,wk inc flu hosp,2025-10-11,28,quantile,0.99,12.091295729513218
2025-09-27,2,wk inc flu hosp,2025-10-18,28,quantile,0.01,9.514477056713716
2025-09-27,2,wk inc flu hosp,2025-10-18,28,quantile,0.025,9.514477056713716
2025-09-27,2,wk inc flu hosp,2025-10-18,28,quantile,0.05,9.514477056713716
2025-09-27,2,wk inc flu hosp,2025-10-18,28,quantile,0.1,9.514477056713716
2025-09-27,2,wk inc flu hosp,2025-10-18,28,quantile,0.15,9.514477056713716
2025-09-27,2,wk inc flu hosp,2025-10-18,28,quantile,0.2,9.514477056713716
2025-09-27,2,wk inc flu hosp,2025-10-18,28,quantile,0.25,9.514477056713716
2025-09-27,2,wk inc flu hosp,2025-10-18,28,quantile,0.3,9.514477056713716
2025-09-27,2,wk inc flu hosp,2025-10-18,28,quantile,0.35,9.514477056713716
2025-09-27,2,wk inc flu hosp,2025-10-18,28,quantile,0.4,9.514477056713716
2025-09-27,2,wk inc flu hosp,2025-10-18,28,quantile,0.45,9.514477056713716
2025-09-27,2,wk inc flu hosp,2025-10-18,28,quantile,0.5,9.514477056713716
2025-09-27,2,wk inc flu hosp,2025-10-18,28,quantile,0.55,9.514477056713716
2025-09-27,2,wk inc flu hosp,2025-10-18,28,quantile,0.6,9.514477056713716
2025-09-27,2,wk inc flu hosp,2025-10-18,28,quantile,0.65,9.514477056713716
2025-09-27,2,wk inc flu hosp,2025-10-18,28,quantile,0.7,9.514477056713716
2025-09-27,2,wk inc flu hosp,2025-10-18,28,quantile,0.75,9.514477056713716
2025-09-27,2,wk inc flu hosp,2025-10-18,28,quantile,0.8,9.514477056713716
2025-09-27,2,wk inc flu hosp,2025-10-18,28,quantile,0.85,9.514477056713716
2025-09-27,2,wk inc flu hosp,2025-10-18,28,quantile,0.9,9.514477056713716
2025-09-27,2,wk inc flu hosp,2025-10-18,28,quantile,0.95,9.514477056713716
2025-09-27,2,wk inc flu hosp,2025-10-18,28,quantile,0.975,9.514477056713716
2025-09-27,2,wk inc flu hosp,2025-10-18,28,quantile,0.99,9.514477056713716
2025-10-04,2,wk inc flu hosp,2025-10-25,28,quantile,0.01,20.187628190056703
2025-10-04,2,wk inc flu hosp,2025-10-25,28,quantile,0.025,20.187628190056703
2025-10-04,2,wk inc flu hosp,2025-10-25,28,quantile,0.05,20.187628190056703
2025-10-04,2,wk inc flu hosp,2025-10-25,28,quantile,0.1,20.187628190056703
2025-10-04,2,wk inc flu hosp,2025-10-25,28,quantile,0.15,20.187628190056703
2025-10-04,2,wk inc flu hosp,2025-10-25,28,quantile,0.2,20.187628190056703
2025-10-04,2,wk inc flu hosp,2025-10-25,28,quantile,0.25,20.187628190056703
2025-10-04,2,wk inc flu hosp,2025-10-25,28,quantile,0.3,20.187628190056703
2025-10-04,2,wk inc flu hosp,2025-10-25,28,quantile,0.35,20.187628190056703
2025-10-04,2,wk inc flu hosp,2025-10-25,28,quantile,0.4,20.187628190056703
2025-10-04,2,wk inc flu hosp,2025-10-25,28,quantile,0.45,20.187628190056703
2025-10-04,2,wk inc flu hosp,2025-10-25,28,quantile,0.5,20.187628190056703
2025-10-04,2,wk inc flu hosp,2025-10-25,28,quantile,0.55,20.187628190056703
2025-10-04,2,wk inc flu hosp,2025-10-25,28,quantile,0.6,20.187628190056703
2025-10-04,2,wk inc flu hosp,2025-10-25,28,quantile,0.65,20.187628190056703
2025-10-04,2,wk inc flu hosp,2025-10-25,28,quantile,0.7,20.187628190056703
2025-10-04,2,wk inc flu hosp,2025-10-25,28,quantile,0.75,20.187628190056703
2025-10-04,2,wk inc flu hosp,2025-10-25,28,quantile,0.8,20.187628190056703
2025-10-04,2,wk inc flu hosp,2025-10-25,28,quantile,0.85,20.187628190056703
2025-10-04,2,wk inc flu hosp,2025-10-25,28,quantile,0.9,20.187628190056703
2025-10-04,2,wk inc flu hosp,2025-10-25,28,quantile,0.95,20.187628190056703
2025-10-04,2,wk inc flu hosp,2025-10-25,28,quantile,0.975,20.187628190056703
2025-10-04,2,wk inc flu hosp,2025-10-25,28,quantile,0.99,20.187628190056703
2025-10-11,2,wk inc flu hosp,2025-11-01,28,quantile,0.01,25.341519480583827
2025-10-11,2,wk inc flu hosp,2025-11-01,28,quantile,0.025,25.341519480583827
2025-10-11,2,wk inc flu hosp,2025-11-01,28,quantile,0.05,25.341519480583827
2025-10-11,2,wk inc flu hosp,2025-11-01,28,quantile,0.1,25.341519480583827
2025-10-11,2,wk inc flu hosp,2025-11-01,28,quantile,0.15,25.341519480583827
2025-10-11,2,wk inc flu hosp,2025-11-01,28,quantile,0.2,25.341519480583827
2025-10-11,2,wk inc flu hosp,2025-11-01,28,quantile,0.25,25.341519480583827
2025-10-11,2,wk inc flu hosp,2025-11-01,28,quantile,0.3,25.341519480583827
2025-10-11,2,wk inc flu hosp,2025-11-01,28,quantile,0.35,25.341519480583827
2025-10-11,2,wk inc flu hosp,2025-11-01,28,quantile,0.4,25.341519480583827
2025-10-11,2,wk inc flu hosp,2025-11-01,28,quantile,0.45,25.341519480583827
2025-10-11,2,wk inc flu hosp,2025-11-01,28,quantile,0.5,25.341519480583827
2025-10-11,2,wk inc flu hosp,2025-11-01,28,quantile,0.55,25.341519480583827
2025-10-11,2,wk inc flu hosp,2025-11-01,28,quantile,0.6,25.341519480583827
2025-10-11,2,wk inc flu hosp,2025-11-01,28,quantile,0.65,25.341519480583827
2025-10-11,2,wk inc flu hosp,2025-11-01,28,quantile,0.7,25.341519480583827
2025-10-11,2,wk inc flu hosp,2025-11-01,28,quantile,0.75,25.341519480583827
2025-10-11,2,wk inc flu hosp,2025-11-01,28,quantile,0.8,25.341519480583827
2025-10-11,2,wk inc flu hosp,2025-11-01,28,quantile,0.85,25.341519480583827
2025-10-11,2,wk inc flu hosp,2025-11-01,28,quantile,0.9,25.341519480583827
2025-10-11,2,wk inc flu hosp,2025-11-01,28,quantile,0.95,25.341519480583827
2025-10-11,2,wk inc flu hosp,2025-11-01,28,quantile,0.975,25.341519480583827
2025-10-11,2,wk inc flu hosp,2025-11-01,28,quantile,0.99,25.341519480583827
2025-10-18,2,wk inc flu hosp,2025-11-08,28,quantile,0.01,13.665451323474992
2025-10-18,2,wk inc flu hosp,2025-11-08,28,quantile,0.025,13.665451323474992
2025-10-18,2,wk inc flu hosp,2025-11-08,28,quantile,0.05,13.665451323474992
2025-10-18,2,wk inc flu hosp,2025-11-08,28,quantile,0.1,13.665451323474992
2025-10-18,2,wk inc flu hosp,2025-11-08,28,quantile,0.15,13.665451323474992
2025-10-18,2,wk inc flu hosp,2025-11-08,28,quantile,0.2,13.665451323474992
2025-10-18,2,wk inc flu hosp,2025-11-08,28,quantile,0.25,13.665451323474992
2025-10-18,2,wk inc flu hosp,2025-11-08,28,quantile,0.3,13.665451323474992
2025-10-18,2,wk inc flu hosp,2025-11-08,28,quantile,0.35,13.665451323474992
2025-10-18,2,wk inc flu hosp,2025-11-08,28,quantile,0.4,13.665451323474992
2025-10-18,2,wk inc flu hosp,2025-11-08,28,quantile,0.45,13.665451323474992
2025-10-18,2,wk inc flu hosp,2025-11-08,28,quantile,0.5,13.665451323474992
2025-10-18,2,wk inc flu hosp,2025-11-08,28,quantile,0.55,13.665451323474992
2025-10-18,2,wk inc flu hosp,2025-11-08,28,quantile,0.6,13.665451323474992
2025-10-18,2,wk inc flu hosp,2025-11-08,28,quantile,0.65,13.665451323474992
2025-10-18,2,wk inc flu hosp,2025-11-08,28,quantile,0.7,13.665451323474992
2025-10-18,2,wk inc flu hosp,2025-11-08,28,quantile,0.75,13.665451323474992
2025-10-18,2,wk inc flu hosp,2025-11-08,28,quantile,0.8,13.665451323474992
2025-10-18,2,wk inc flu hosp,2025-11-08,28,quantile,0.85,13.665451323474992
2025-10-18,2,wk inc flu hosp,2025-11-08,28,quantile,0.9,13.665451323474992
2025-10-18,2,wk inc flu hosp,2025-11-08,28,quantile,0.95,13.665451323474992
2025-10-18,2,wk inc flu hosp,2025-11-08,28,quantile,0.975,13.665451323474992
2025-10-18,2,wk inc flu hosp,2025-11-08,28,quantile,0.99,13.665451323474992
2025-10-25,2,wk inc flu hosp,2025-11-15,28,quantile,0.01,19.346226563576785
2025-10-25,2,wk inc flu hosp,2025-11-15,28,quantile,0.025,19.346226563576785
2025-10-25,2,wk inc flu hosp,2025-11-15,28,quantile,0.05,19.346226563576785
2025-10-25,2,wk inc flu hosp,2025-11-15,28,quantile,0.1,19.346226563576785
2025-10-25,2,wk inc flu hosp,2025-11-15,28,quantile,0.15,19.346226563576785
2025-10-25,2,wk inc flu hosp,2025-11-15,28,quantile,0.2,19.346226563576785
2025-10-25,2,wk inc flu hosp,2025-11-15,28,quantile,0.25,19.346226563576785
2025-10-25,2,wk inc flu hosp,2025-11-15,28,quantile,0.3,19.346226563576785
2025-10-25,2,wk inc flu hosp,2025-11-15,28,quantile,0.35,19.346226563576785
2025-10-25,2,wk inc flu hosp,2025-11-15,28,quantile,0.4,19.346226563576785
2025-10-25,2,wk inc flu hosp,2025-11-15,28,quantile,0.45,19.346226563576785
2025-10-25,2,wk inc flu hosp,2025-11-15,28,quantile,0.5,19.346226563576785
2025-10-25,2,wk inc flu hosp,2025-11-15,28,quantile,0.55,19.346226563576785
2025-10-25,2,wk inc flu hosp,2025-11-15,28,quantile,0.6,19.346226563576785
2025-10-25,2,wk inc flu hosp,2025-11-15,28,quantile,0.65,19.346226563576785
2025-10-25,2,wk inc flu hosp,2025-11-15,28,quantile,0.7,19.346226563576785
2025-10-25,2,wk inc flu hosp,2025-11-15,28,quantile,0.75,19.346226563576785
2025-10-25,2,wk inc flu hosp,2025-11-15,28,quantile,0.8,19.346226563576785
2025-10-25,2,wk inc flu hosp,2025-11-15,28,quantile,0.85,19.346226563576785
2025-10-25,2,wk inc flu hosp,2025-11-15,28,quantile,0.9,19.346226563576785
2025-10-25,2,wk inc flu hosp,2025-11-15,28,quantile,0.95,19.346226563576785
2025-10-25,2,wk inc flu hosp,2025-11-15,28,quantile,0.975,19.346226563576785
2025-10-25,2,wk inc flu hosp,2025-11-15,28,quantile,0.99,19.346226563576785
2025-11-01,2,wk inc flu hosp,2025-11-22,28,quantile,0.01,13.273963091859383
2025-11-01,2,wk inc flu hosp,2025-11-22,28,quantile,0.025,13.273963091859383
2025-11-01,2,wk inc flu hosp,2025-11-22,28,quantile,0.05,13.273963091859383
2025-11-01,2,wk inc flu hosp,2025-11-22,28,quantile,0.1,13.273963091859383
2025-11-01,2,wk inc flu hosp,2025-11-22,28,quantile,0.15,13.273963091859383
2025-11-01,2,wk inc flu hosp,2025-11-22,28,quantile,0.2,13.273963091859383
2025-11-01,2,wk inc flu hosp,2025-11-22,28,quantile,0.25,13.273963091859383
2025-11-01,2,wk inc flu hosp,2025-11-22,28,quantile,0.3,13.273963091859383
2025-11-01,2,wk inc flu hosp,2025-11-22,28,quantile,0.35,13.273963091859383
2025-11-01,2,wk inc flu hosp,2025-11-22,28,quantile,0.4,13.273963091859383
2025-11-01,2,wk inc flu hosp,2025-11-22,28,quantile,0.45,13.273963091859383
2025-11-01,2,wk inc flu hosp,2025-11-22,28,quantile,0.5,13.273963091859383
2025-11-01,2,wk inc flu hosp,2025-11-22,28,quantile,0.55,13.273963091859383
2025-11-01,2,wk inc flu hosp,2025-11-22,28,quantile,0.6,13.273963091859383
2025-11-01,2,wk inc flu hosp,2025-11-22,28,quantile,0.65,13.273963091859383
2025-11-01,2,wk inc flu hosp,2025-11-22,28,quantile,0.7,13.273963091859383
2025-11-01,2,wk inc flu hosp,2025-11-22,28,quantile,0.75,13.273963091859383
2025-11-01,2,wk inc flu hosp,2025-11-22,28,quantile,0.8,13.273963091859383
2025-11-01,2,wk inc flu hosp,2025-11-22,28,quantile,0.85,13.273963091859383
2025-11-01,2,wk inc flu hosp,2025-11-22,28,quantile,0.9,13.273963091859383
2025-11-01,2,wk inc flu hosp,2025-11-22,28,quantile,0.95,13.273963091859383
2025-11-01,2,wk inc flu hosp,2025-11-22,28,quantile,0.975,13.273963091859383
2025-11-01,2,wk inc flu hosp,2025-11-22,28,quantile,0.99,13.273963091859383
2025-09-20,2,wk inc flu hosp,2025-10-11,29,quantile,0.01,22.34903557977732
2025-09-20,2,wk inc flu hosp,2025-10-11,29,quantile,0.025,22.34903557977732
2025-09-20,2,wk inc flu hosp,2025-10-11,29,quantile,0.05,22.34903557977732
2025-09-20,2,wk inc flu hosp,2025-10-11,29,quantile,0.1,22.34903557977732
2025-09-20,2,wk inc flu hosp,2025-10-11,29,quantile,0.15,22.34903557977732
2025-09-20,2,wk inc flu hosp,2025-10-11,29,quantile,0.2,22.34903557977732
2025-09-20,2,wk inc flu hosp,2025-10-11,29,quantile,0.25,22.34903557977732
2025-09-20,2,wk inc flu hosp,2025-10-11,29,quantile,0.3,22.34903557977732
2025-09-20,2,wk inc flu hosp,2025-10-11,29,quantile,0.35,22.34903557977732
2025-09-20,2,wk inc flu hosp,2025-10-11,29,quantile,0.4,22.34903557977732
2025-09-20,2,wk inc flu hosp,2025-10-11,29,quantile,0.45,22.34903557977732
2025-09-20,2,wk inc flu hosp,2025-10-11,29,quantile,0.5,22.34903557977732
2025-09-20,2,wk inc flu hosp,2025-10-11,29,quantile,0.55,22.34903557977732
2025-09-20,2,wk inc flu hosp,2025-10-11,29,quantile,0.6,22.34903557977732
2025-09-20,2,wk inc flu hosp,2025-10-11,29,quantile,0.65,22.34903557977732
2025-09-20,2,wk inc flu hosp,2025-10-11,29,quantile,0.7,22.34903557977732
2025-09-20,2,wk inc flu hosp,2025-10-11,29,quantile,0.75,22.34903557977732
2025-09-20,2,wk inc flu hosp,2025-10-11,29,quantile,0.8,22.34903557977732
2025-09-20,2,wk inc flu hosp,2025-10-11,29,quantile,0.85,22.34903557977732
2025-09-20,2,wk inc flu hosp,2025-10-11,29,quantile,0.9,22.34903557977732
2025-09-20,2,wk inc flu hosp,2025-10-11,29,quantile,0.95,22.34903557977732
2025-09-20,2,wk inc flu hosp,2025-10-11,29,quantile,0.975,22.34903557977732
2025-09-20,2,wk inc flu hosp,2025-10-11,29,quantile,0.99,22.34903557977732
2025-09-27,2,wk inc flu hosp,2025-10-18,29,quantile,0.01,25.490369774128993
2025-09-27,2,wk inc flu hosp,2025-10-18,29,quantile,0.025,25.490369774128993
2025-09-27,2,wk inc flu hosp,2025-10-18,29,quantile,0.05,25.490369774128993
2025-09-27,2,wk inc flu hosp,2025-10-18,29,quantile,0.1,25.490369774128993
2025-09-27,2,wk inc flu hosp,2025-10-18,29,quantile,0.15,25.490369774128993
2025-09-27,2,wk inc flu hosp,2025-10-18,29,quantile,0.2,25.490369774128993
2025-09-27,2,wk inc flu hosp,2025-10-18,29,quantile,0.25,25.490369774128993
2025-09-27,2,wk inc flu hosp,2025-10-18,29,quantile,0.3,25.490369774128993
2025-09-27,2,wk inc flu hosp,2025-10-18,29,quantile,0.35,25.490369774128993
2025-09-27,2,wk inc flu hosp,2025-10-18,29,quantile,0.4,25.490369774128993
2025-09-27,2,wk inc flu hosp,2025-10-18,29,quantile,0.45,25.490369774128993
2025-09-27,2,wk inc flu hosp,2025-10-18,29,quantile,0.5,25.490369774128993
2025-09-27,2,wk inc flu hosp,2025-10-18,29,quantile,0.55,25.490369774128993
2025-09-27,2,wk inc flu hosp,2025-10-18,29,quantile,0.6,25.490369774128993
2025-09-27,2,wk inc flu hosp,2025-10-18,29,quantile,0.65,25.490369774128993
2025-09-27,2,wk inc flu hosp,2025-10-18,29,quantile,0.7,25.490369774128993
2025-09-27,2,wk inc flu hosp,2025-10-18,29,quantile,0.75,25.490369774128993
2025-09-27,2,wk inc flu hosp,2025-10-18,29,quantile,0.8,25.490369774128993
2025-09-27,2,wk inc flu hosp,2025-10-18,29,quantile,0.85,25.490369774128993
2025-09-27,2,wk inc flu hosp,2025-10-18,29,quantile,0.9,25.490369774128993
2025-09-27,2,wk inc flu hosp,2025-10-18,29,quantile,0.95,25.490369774128993
2025-09-27,2,wk inc flu hosp,2025-10-18,29,quantile,0.975,25.490369774128993
2025-09-27,2,wk inc flu hosp,2025-10-18,29,quantile,0.99,25.490369774128993
2025-10-04,2,wk inc flu hosp,2025-10-25,29,quantile,0.01,14.399194281590876
2025-10-04,2,wk inc flu hosp,2025-10-25,29,quantile,0.025,14.399194281590876
2025-10-04,2,wk inc flu hosp,2025-10-25,29,quantile,0.05,14.399194281590876
2025-10-04,2,wk inc flu hosp,2025-10-25,29,quantile,0.1,14.399194281590876
2025-10-04,2,wk inc flu hosp,2025-10-25,29,quantile,0.15,14.399194281590876
2025-10-04,2,wk inc flu hosp,2025-10-25,29,quantile,0.2,14.399194281590876
2025-10-04,2,wk inc flu hosp,2025-10-25,29,quantile,0.25,14.399194281590876
2025-10-04,2,wk inc flu hosp,2025-10-25,29,quantile,0.3,14.399194281590876
2025-10-04,2,wk inc flu hosp,2025-10-25,29,quantile,0.35,14.399194281590876
2025-10-04,2,wk inc flu hosp,2025-10-25,29,quantile,0.4,14.399194281590876
2025-10-04,2,wk inc flu hosp,2025-10-25,29,quantile,0.45,14.399194281590876
2025-10-04,2,wk inc flu hosp,2025-10-25,29,quantile,0.5,14.399194281590876
2025-10-04,2,wk inc flu hosp,2025-10-25,29,quantile,0.55,14.399194281590876
2025-10-04,2,wk inc flu hosp,2025-10-25,29,quantile,0.6,14.399194281590876
2025-10-04,2,wk inc flu hosp,2025-10-25,29,quantile,0.65,14.399194281590876
2025-10-04,2,wk inc flu hosp,2025-10-25,29,quantile,0.7,14.399194281590876
2025-10-04,2,wk inc flu hosp,2025-10-25,29,quantile,0.75,14.399194281590876
2025-10-04,2,wk inc flu hosp,2025-10-25,29,quantile,0.8,14.399194281590876
2025-10-04,2,wk inc flu hosp,2025-10-25,29,quantile,0.85,14.399194281590876
2025-10-04,2,wk inc flu hosp,2025-10-25,29,quantile,0.9,14.399194281590876
2025-10-04,2,wk inc flu hosp,2025-10-25,29,quantile,0.95,14.399194281590876
2025-10-04,2,wk inc flu hosp,2025-10-25,29,quantile,0.975,14.399194281590876
2025-10-04,2,wk inc flu hosp,2025-10-25,29,quantile,0.99,14.399194281590876
2025-10-11,2,wk inc flu hosp,2025-11-01,29,quantile,0.01,20.43745320174195
2025-10-11,2,wk inc flu hosp,2025-11-01,29,quantile,0.025,20.43745320174195
2025-10-11,2,wk inc flu hosp,2025-11-01,29,quantile,0.05,20.43745320174195
2025-10-11,2,wk inc flu hosp,2025-11-01,29,quantile,0.1,20.43745320174195
2025-10-11,2,wk inc flu hosp,2025-11-01,29,quantile,0.15,20.43745320174195
2025-10-11,2,wk inc flu hosp,2025-11-01,29,quantile,0.2,20.43745320174195
2025-10-11,2,wk inc flu hosp,2025-11-01,29,quantile,0.25,20.43745320174195
2025-10-11,2,wk inc flu hosp,2025-11-01,29,quantile,0.3,20.43745320174195
2025-10-11,2,wk inc flu hosp,2025-11-01,29,quantile,0.35,20.43745320174195
2025-10-11,2,wk inc flu hosp,2025-11-01,29,quantile,0.4,20.43745320174195
2025-10-11,2,wk inc flu hosp,2025-11-01,29,quantile,0.45,20.43745320174195
2025-10-11,2,wk inc flu hosp,2025-11-01,29,quantile,0.5,20.43745320174195
2025-10-11,2,wk inc flu hosp,2025-11-01,29,quantile,0.55,20.43745320174195
2025-10-11,2,wk inc flu hosp,2025-11-01,29,quantile,0.6,20.43745320174195
2025-10-11,2,wk inc flu hosp,2025-11-01,29,quantile,0.65,20.43745320174195
2025-10-11,2,wk inc flu hosp,2025-11-01,29,quantile,0.7,20.43745320174195
2025-10-11,2,wk inc flu hosp,2025-11-01,29,quantile,0.75,20.43745320174195
2025-10-11,2,wk inc flu hosp,2025-11-01,29,quantile,0.8,20.43745320174195
2025-10-11,2,wk inc flu hosp,2025-11-01,29,quantile,0.85,20.43745320174195
2025-10-11,2,wk inc flu hosp,2025-11-01,29,quantile,0.9,20.43745320174195
2025-10-11,2,wk inc flu hosp,2025-11-01,29,quantile,0.95,20.43745320174195
2025-10-11,2,wk inc flu hosp,2025-11-01,29,quantile,0.975,20.43745320174195
2025-10-11,2,wk inc flu hosp,2025-11-01,29,quantile,0.99,20.43745320174195
2025-10-18,2,wk inc flu hosp,2025-11-08,29,quantile,0.01,20.636356072927864
2025-10-18,2,wk inc flu hosp,2025-11-08,29,quantile,0.025,20.636356072927864
2025-10-18,2,wk inc flu hosp,2025-11-08,29,quantile,0.05,20.636356072927864
2025-10-18,2,wk inc flu hosp,2025-11-08,29,quantile,0.1,20.636356072927864
2025-10-18,2,wk inc flu hosp,2025-11-08,29,quantile,0.15,20.636356072927864
2025-10-18,2,wk inc flu hosp,2025-11-08,29,quantile,0.2,20.636356072927864
2025-10-18,2,wk inc flu hosp,2025-11-08,29,quantile,0.25,20.636356072927864
2025-10-18,2,wk inc flu hosp,2025-11-08,29,quantile,0.3,20.636356072927864
2025-10-18,2,wk inc flu hosp,2025-11-08,29,quantile,0.35,20.636356072927864
2025-10-18,2,wk inc flu hosp,2025-11-08,29,quantile,0.4,20.636356072927864
2025-10-18,2,wk inc flu hosp,2025-11-08,29,quantile,0.45,20.636356072927864
2025-10-18,2,wk inc flu hosp,2025-11-08,29,quantile,0.5,20.636356072927864
2025-10-18,2,wk inc flu hosp,2025-11-08,29,quantile,0.55,20.636356072927864
2025-10-18,2,wk inc flu hosp,2025-11-08,29,quantile,0.6,20.636356072927864
2025-10-18,2,wk inc flu hosp,2025-11-08,29,quantile,0.65,20.636356072927864
2025-10-18,2,wk inc flu hosp,2025-11-08,29,quantile,0.7,20.636356072927864
2025-10-18,2,wk inc flu hosp,2025-11-08,29,quantile,0.75,20.636356072927864
2025-10-18,2,wk inc flu hosp,2025-11-08,29,quantile,0.8,20.636356072927864
2025-10-18,2,wk inc flu hosp,2025-11-08,29,quantile,0.85,20.636356072927864
2025-10-18,2,wk inc flu hosp,2025-11-08,29,quantile,0.9,20.636356072927864
2025-10-18,2,wk inc flu hosp,2025-11-08,29,quantile,0.95,20.636356072927864
2025-10-18,2,wk inc flu hosp,2025-11-08,29,quantile,0.975,20.636356072927864
2025-10-18,2,wk inc flu hosp,2025-11-08,29,quantile,0.99,20.636356072927864
2025-10-25,2,wk inc flu hosp,2025-11-15,29,quantile,0.01,26.36537229146667
2025-10-25,2,wk inc flu hosp,2025-11-15,29,quantile,0.025,26.36537229146667
2025-10-25,2,wk inc flu hosp,2025-11-15,29,quantile,0.05,26.36537229146667
2025-10-25,2,wk inc flu hosp,2025-11-15,29,quantile,0.1,26.36537229146667
2025-10-25,2,wk inc flu hosp,2025-11-15,29,quantile,0.15,26.36537229146667
2025-10-25,2,wk inc flu hosp,2025-11-15,29,quantile,0.2,26.36537229146667
2025-10-25,2,wk inc flu hosp,2025-11-15,29,quantile,0.25,26.36537229146667
2025-10-25,2,wk inc flu hosp,2025-11-15,29,quantile,0.3,26.36537229146667
2025-10-25,2,wk inc flu hosp,2025-11-15,29,quantile,0.35,26.36537229146667
2025-10-25,2,wk inc flu hosp,2025-11-15,29,quantile,0.4,26.36537229146667
2025-10-25,2,wk inc flu hosp,2025-11-15,29,quantile,0.45,26.36537229146667
2025-10-25,2,wk inc flu hosp,2025-11-15,29,quantile,0.5,26.36537229146667
2025-10-25,2,wk inc flu hosp,2025-11-15,29,quantile,0.55,26.36537229146667
2025-10-25,2,wk inc flu hosp,2025-11-15,29,quantile,0.6,26.36537229146667
2025-10-25,2,wk inc flu hosp,2025-11-15,29,quantile,0.65,26.36537229146667
2025-10-25,2,wk inc flu hosp,2025-11-15,29,quantile,0.7,26.36537229146667
2025-10-25,2,wk inc flu hosp,2025-11-15,29,quantile,0.75,26.36537229146667
2025-10-25,2,wk inc flu hosp,2025-11-15,29,quantile,0.8,26.36537229146667
2025-10-25,2,wk inc flu hosp,2025-11-15,29,quantile,0.85,26.36537229146667
2025-10-25,2,wk inc flu hosp,2025-11-15,29,quantile,0.9,26.36537229146667
2025-10-25,2,wk inc flu hosp,2025-11-15,29,quantile,0.95,26.36537229146667
2025-10-25,2,wk inc flu hosp,2025-11-15,29,quantile,0.975,26.36537229146667
2025-10-25,2,wk inc flu hosp,2025-11-15,29,quantile,0.99,26.36537229146667
2025-11-01,2,wk inc flu hosp,2025-11-22,29,quantile,0.01,22.25829661281346
2025-11-01,2,wk inc flu hosp,2025-11-22,29,quantile,0.025,22.25829661281346
2025-11-01,2,wk inc flu hosp,2025-11-22,29,quantile,0.05,22.25829661281346
2025-11-01,2,wk inc flu hosp,2025-11-22,29,quantile,0.1,22.25829661281346
2025-11-01,2,wk inc flu hosp,2025-11-22,29,quantile,0.15,22.25829661281346
2025-11-01,2,wk inc flu hosp,2025-11-22,29,quantile,0.2,22.25829661281346
2025-11-01,2,wk inc flu hosp,2025-11-22,29,quantile,0.25,22.25829661281346
2025-11-01,2,wk inc flu hosp,2025-11-22,29,quantile,0.3,22.25829661281346
2025-11-01,2,wk inc flu hosp,2025-11-22,29,quantile,0.35,22.25829661281346
2025-11-01,2,wk inc flu hosp,2025-11-22,29,quantile,0.4,22.25829661281346
2025-11-01,2,wk inc flu hosp,2025-11-22,29,quantile,0.45,22.25829661281346
2025-11-01,2,wk inc flu hosp,2025-11-22,29,quantile,0.5,22.25829661281346
2025-11-01,2,wk inc flu hosp,2025-11-22,29,quantile,0.55,22.25829661281346
2025-11-01,2,wk inc flu hosp,2025-11-22,29,quantile,0.6,22.25829661281346
2025-11-01,2,wk inc flu hosp,2025-11-22,29,quantile,0.65,22.25829661281346
2025-11-01,2,wk inc flu hosp,2025-11-22,29,quantile,0.7,22.25829661281346
2025-11-01,2,wk inc flu hosp,2025-11-22,29,quantile,0.75,22.25829661281346
2025-11-01,2,wk inc flu hosp,2025-11-22,29,quantile,0.8,22.25829661281346
2025-11-01,2,wk inc flu hosp,2025-11-22,29,quantile,0.85,22.25829661281346
2025-11-01,2,wk inc flu hosp,2025-11-22,29,quantile,0.9,22.25829661281346
2025-11-01,2,wk inc flu hosp,2025-11-22,29,quantile,0.95,22.25829661281346
2025-11-01,2,wk inc flu hosp,2025-11-22,29,quantile,0.975,22.25829661281346
2025-11-01,2,wk inc flu hosp,2025-11-22,29,quantile,0.99,22.25829661281346
2025-09-20,2,wk inc flu hosp,2025-10-11,30,quantile,0.01,0.5839923912238802
2025-09-20,2,wk inc flu hosp,2025-10-11,30,quantile,0.025,0.5839923912238802
2025-09-20,2,wk inc flu hosp,2025-10-11,30,quantile,0.05,0.5839923912238802
2025-09-20,2,wk inc flu hosp,2025-10-11,30,quantile,0.1,0.5839923912238802
2025-09-20,2,wk inc flu hosp,2025-10-11,30,quantile,0.15,0.5839923912238802
2025-09-20,2,wk inc flu hosp,2025-10-11,30,quantile,0.2,0.5839923912238802
2025-09-20,2,wk inc flu hosp,2025-10-11,30,quantile,0.25,0.5839923912238802
2025-09-20,2,wk inc flu hosp,2025-10-11,30,quantile,0.3,0.5839923912238802
2025-09-20,2,wk inc flu hosp,2025-10-11,30,quantile,0.35,0.5839923912238802
2025-09-20,2,wk inc flu hosp,2025-10-11,30,quantile,0.4,0.5839923912238802
2025-09-20,2,wk inc flu hosp,2025-10-11,30,quantile,0.45,0.5839923912238802
2025-09-20,2,wk inc flu hosp,2025-10-11,30,quantile,0.5,0.5839923912238802
2025-09-20,2,wk inc flu hosp,2025-10-11,30,quantile,0.55,0.5839923912238802
2025-09-20,2,wk inc flu hosp,2025-10-11,30,quantile,0.6,0.5839923912238802
2025-09-20,2,wk inc flu hosp,2025-10-11,30,quantile,0.65,0.5839923912238802
2025-09-20,2,wk inc flu hosp,2025-10-11,30,quantile,0.7,0.5839923912238802
2025-09-20,2,wk inc flu hosp,2025-10-11,30,quantile,0.75,0.5839923912238802
2025-09-20,2,wk inc flu hosp,2025-10-11,30,quantile,0.8,0.5839923912238802
2025-09-20,2,wk inc flu hosp,2025-10-11,30,quantile,0.85,0.5839923912238802
2025-09-20,2,wk inc flu hosp,2025-10-11,30,quantile,0.9,0.5839923912238802
2025-09-20,2,wk inc flu hosp,2025-10-11,30,quantile,0.95,0.5839923912238802
2025-09-20,2,wk inc flu hosp,2025-10-11,30,quantile,0.975,0.5839923912238802
2025-09-20,2,wk inc flu hosp,2025-10-11,30,quantile,0.99,0.5839923912238802
2025-09-27,2,wk inc flu hosp,2025-10-18,30,quantile,0.01,0.832178244003914
2025-09-27,2,wk inc flu hosp,2025-10-18,30,quantile,0.025,0.832178244003914
2025-09-27,2,wk inc flu hosp,2025-10-18,30,quantile,0.05,0.832178244003914
2025-09-27,2,wk inc flu hosp,2025-10-18,30,quantile,0.1,0.832178244003914
2025-09-27,2,wk inc flu hosp,2025-10-18,30,quantile,0.15,0.832178244003914
2025-09-27,2,wk inc flu hosp,2025-10-18,30,quantile,0.2,0.832178244003914
2025-09-27,2,wk inc flu hosp,2025-10-18,30,quantile,0.25,0.832178244003914
2025-09-27,2,wk inc flu hosp,2025-10-18,30,quantile,0.3,0.832178244003914
2025-09-27,2,wk inc flu hosp,2025-10-18,30,quantile,0.35,0.832178244003914
2025-09-27,2,wk inc flu hosp,2025-10-18,30,quantile,0.4,0.832178244003914
2025-09-27,2,wk inc flu hosp,2025-10-18,30,quantile,0.45,0.832178244003914
2025-09-27,2,wk inc flu hosp,2025-10-18,30,quantile,0.5,0.832178244003914
2025-09-27,2,wk inc flu hosp,2025-10-18,30,quantile,0.55,0.832178244003914
2025-09-27,2,wk inc flu hosp,2025-10-18,30,quantile,0.6,0.832178244003914
2025-09-27,2,wk inc flu hosp,2025-10-18,30,quantile,0.65,0.832178244003914
2025-09-27,2,wk inc flu hosp,2025-10-18,30,quantile,0.7,0.832178244003914
2025-09-27,2,wk inc flu hosp,2025-10-18,30,quantile,0.75,0.832178244003914
2025-09-27,2,wk inc flu hosp,2025-10-18,30,quantile,0.8,0.832178244003914
2025-09-27,2,wk inc flu hosp,2025-10-18,30,quantile,0.85,0.832178244003914
2025-09-27,2,wk inc flu hosp,2025-10-18,30,quantile,0.9,0.832178244003914
2025-09-27,2,wk inc flu hosp,2025-10-18,30,quantile,0.95,0.832178244003914
2025-09-27,2,wk inc flu hosp,2025-10-18,30,quantile,0.975,0.832178244003914
2025-09-27,2,wk inc flu hosp,2025-10-18,30,quantile,0.99,0.832178244003914
2025-10-04,2,wk inc flu hosp,2025-10-25,30,quantile,0.01,3.791449766288334
2025-10-04,2,wk inc flu hosp,2025-10-25,30,quantile,0.025,3.791449766288334
2025-10-04,2,wk inc flu hosp,2025-10-25,30,quantile,0.05,3.791449766288334
2025-10-04,2,wk inc flu hosp,2025-10-25,30,quantile,0.1,3.791449766288334
2025-10-04,2,wk inc flu hosp,2025-10-25,30,quantile,0.15,3.791449766288334
2025-10-04,2,wk inc flu hosp,2025-10-25,30,quantile,0.2,3.791449766288334
2025-10-04,2,wk inc flu hosp,2025-10-25,30,quantile,0.25,3.791449766288334
2025-10-04,2,wk inc flu hosp,2025-10-25,30,quantile,0.3,3.791449766288334
2025-10-04,2,wk inc flu hosp,2025-10-25,30,quantile,0.35,3.791449766288334
2025-10-04,2,wk inc flu hosp,2025-10-25,30,quantile,0.4,3.791449766288334
2025-10-04,2,wk inc flu hosp,2025-10-25,30,quantile,0.45,3.791449766288334
2025-10-04,2,wk inc flu hosp,2025-10-25,30,quantile,0.5,3.791449766288334
2025-10-04,2,wk inc flu hosp,2025-10-25,30,quantile,0.55,3.791449766288334
2025-10-04,2,wk inc flu hosp,2025-10-25,30,quantile,0.6,3.791449766288334
2025-10-04,2,wk inc flu hosp,2025-10-25,30,quantile,0.65,3.791449766288334
2025-10-04,2,wk inc flu hosp,2025-10-25,30,quantile,0.7,3.791449766288334
2025-10-04,2,wk inc flu hosp,2025-10-25,30,quantile,0.75,3.791449766288334
2025-10-04,2,wk inc flu hosp,2025-10-25,30,quantile,0.8,3.791449766288334
2025-10-04,2,wk inc flu hosp,2025-10-25,30,quantile,0.85,3.791449766288334
2025-10-04,2,wk inc flu hosp,2025-10-25,30,quantile,0.9,3.791449766288334
2025-10-04,2,wk inc flu hosp,2025-10-25,30,quantile,0.95,3.791449766288334
2025-10-04,2,wk inc flu hosp,2025-10-25,30,quantile,0.975,3.791449766288334
2025-10-04,2,wk inc flu hosp,2025-10-25,30,quantile,0.99,3.791449766288334
2025-10-11,2,wk inc flu hosp,2025-11-01,30,quantile,0.01,1.9015061899979342
2025-10-11,2,wk inc flu hosp,2025-11-01,30,quantile,0.025,1.9015061899979342
2025-10-11,2,wk inc flu hosp,2025-11-01,30,quantile,0.05,1.9015061899979342
2025-10-11,2,wk inc flu hosp,2025-11-01,30,quantile,0.1,1.9015061899979342
2025-10-11,2,wk inc flu hosp,2025-11-01,30,quantile,0.15,1.9015061899979342
2025-10-11,2,wk inc flu hosp,2025-11-01,30,quantile,0.2,1.9015061899979342
2025-10-11,2,wk inc flu hosp,2025-11-01,30,quantile,0.25,1.9015061899979342
2025-10-11,2,wk inc flu hosp,2025-11-01,30,quantile,0.3,1.9015061899979342
2025-10-11,2,wk inc flu hosp,2025-11-01,30,quantile,0.35,1.9015061899979342
2025-10-11,2,wk inc flu hosp,2025-11-01,30,quantile,0.4,1.9015061899979342
2025-10-11,2,wk inc flu hosp,2025-11-01,30,quantile,0.45,1.9015061899979342
2025-10-11,2,wk inc flu hosp,2025-11-01,30,quantile,0.5,1.9015061899979342
2025-10-11,2,wk inc flu hosp,2025-11-01,30,quantile,0.55,1.9015061899979342
2025-10-11,2,wk inc flu hosp,2025-11-01,30,quantile,0.6,1.9015061899979342
2025-10-11,2,wk inc flu hosp,2025-11-01,30,quantile,0.65,1.9015061899979342
2025-10-11,2,wk inc flu hosp,2025-11-01,30,quantile,0.7,1.9015061899979342
2025-10-11,2,wk inc flu hosp,2025-11-01,30,quantile,0.75,1.9015061899979342
2025-10-11,2,wk inc flu hosp,2025-11-01,30,quantile,0.8,1.9015061899979342
2025-10-11,2,wk inc flu hosp,2025-11-01,30,quantile,0.85,1.9015061899979342
2025-10-11,2,wk inc flu hosp,2025-11-01,30,quantile,0.9,1.9015061899979342
2025-10-11,2,wk inc flu hosp,2025-11-01,30,quantile,0.95,1.9015061899979342
2025-10-11,2,wk inc flu hosp,2025-11-01,30,quantile,0.975,1.9015061899979342
2025-10-11,2,wk inc flu hosp,2025-11-01,30,quantile,0.99,1.9015061899979342
2025-10-18,2,wk inc flu hosp,2025-11-08,30,quantile,0.01,5.193863665876198
2025-10-18,2,wk inc flu hosp,2025-11-08,30,quantile,0.025,5.193863665876198
2025-10-18,2,wk inc flu hosp,2025-11-08,30,quantile,0.05,5.193863665876198
2025-10-18,2,wk inc flu hosp,2025-11-08,30,quantile,0.1,5.193863665876198
2025-10-18,2,wk inc flu hosp,2025-11-08,30,quantile,0.15,5.193863665876198
2025-10-18,2,wk inc flu hosp,2025-11-08,30,quantile,0.2,5.193863665876198
2025-10-18,2,wk inc flu hosp,2025-11-08,30,quantile,0.25,5.193863665876198
2025-10-18,2,wk inc flu hosp,2025-11-08,30,quantile,0.3,5.193863665876198
2025-10-18,2,wk inc flu hosp,2025-11-08,30,quantile,0.35,5.193863665876198
2025-10-18,2,wk inc flu hosp,2025-11-08,30,quantile,0.4,5.193863665876198
2025-10-18,2,wk inc flu hosp,2025-11-08,30,quantile,0.45,5.193863665876198
2025-10-18,2,wk inc flu hosp,2025-11-08,30,quantile,0.5,5.193863665876198
2025-10-18,2,wk inc flu hosp,2025-11-08,30,quantile,0.55,5.193863665876198
2025-10-18,2,wk inc flu hosp,2025-11-08,30,quantile,0.6,5.193863665876198
2025-10-18,2,wk inc flu hosp,2025-11-08,30,quantile,0.65,5.193863665876198
2025-10-18,2,wk inc flu hosp,2025-11-08,30,quantile,0.7,5.193863665876198
2025-10-18,2,wk inc flu hosp,2025-11-08,30,quantile,0.75,5.193863665876198
2025-10-18,2,wk inc flu hosp,2025-11-08,30,quantile,0.8,5.193863665876198
2025-10-18,2,wk inc flu hosp,2025-11-08,30,quantile,0.85,5.193863665876198
2025-10-18,2,wk inc flu hosp,2025-11-08,30,quantile,0.9,5.193863665876198
2025-10-18,2,wk inc flu hosp,2025-11-08,30,quantile,0.95,5.193863665876198
2025-10-18,2,wk inc flu hosp,2025-11-08,30,quantile,0.975,5.193863665876198
2025-10-18,2,wk inc flu hosp,2025-11-08,30,quantile,0.99,5.193863665876198
2025-10-25,2,wk inc flu hosp,2025-11-15,30,quantile,0.01,3.7143349438691553
2025-10-25,2,wk inc flu hosp,2025-11-15,30,quantile,0.025,3.7143349438691553
2025-10-25,2,wk inc flu hosp,2025-11-15,30,quantile,0.05,3.7143349438691553
2025-10-25,2,wk inc flu hosp,2025-11-15,30,quantile,0.1,3.7143349438691553
2025-10-25,2,wk inc flu hosp,2025-11-15,30,quantile,0.15,3.7143349438691553
2025-10-25,2,wk inc flu hosp,2025-11-15,30,quantile,0.2,3.7143349438691553
2025-10-25,2,wk inc flu hosp,2025-11-15,30,quantile,0.25,3.7143349438691553
2025-10-25,2,wk inc flu hosp,2025-11-15,30,quantile,0.3,3.7143349438691553
2025-10-25,2,wk inc flu hosp,2025-11-15,30,quantile,0.35,3.7143349438691553
2025-10-25,2,wk inc flu hosp,2025-11-15,30,quantile,0.4,3.7143349438691553
2025-10-25,2,wk inc flu hosp,2025-11-15,30,quantile,0.45,3.7143349438691553
2025-10-25,2,wk inc flu hosp,2025-11-15,30,quantile,0.5,3.7143349438691553
2025-10-25,2,wk inc flu hosp,2025-11-15,30,quantile,0.55,3.7143349438691553
2025-10-25,2,wk inc flu hosp,2025-11-15,30,quantile,0.6,3.7143349438691553
2025-10-25,2,wk inc flu hosp,2025-11-15,30,quantile,0.65,3.7143349438691553
2025-10-25,2,wk inc flu hosp,2025-11-15,30,quantile,0.7,3.7143349438691553
2025-10-25,2,wk inc flu hosp,2025-11-15,30,quantile,0.75,3.7143349438691553
2025-10-25,2,wk inc flu hosp,2025-11-15,30,quantile,0.8,3.7143349438691553
2025-10-25,2,wk inc flu hosp,2025-11-15,30,quantile,0.85,3.7143349438691553
2025-10-25,2,wk inc flu hosp,2025-11-15,30,quantile,0.9,3.7143349438691553
2025-10-25,2,wk inc flu hosp,2025-11-15,30,quantile,0.95,3.7143349438691553
2025-10-25,2,wk inc flu hosp,2025-11-15,30,quantile,0.975,3.7143349438691553
2025-10-25,2,wk inc flu hosp,2025-11-15,30,quantile,0.99,3.7143349438691553
2025-11-01,2,wk inc flu hosp,2025-11-22,30,quantile,0.01,3.4808089197413907
2025-11-01,2,wk inc flu hosp,2025-11-22,30,quantile,0.025,3.4808089197413907
2025-11-01,2,wk inc flu hosp,2025-11-22,30,quantile,0.05,3.4808089197413907
2025-11-01,2,wk inc flu hosp,2025-11-22,30,quantile,0.1,3.4808089197413907
2025-11-01,2,wk inc flu hosp,2025-11-22,30,quantile,0.15,3.4808089197413907
2025-11-01,2,wk inc flu hosp,2025-11-22,30,quantile,0.2,3.4808089197413907
2025-11-01,2,wk inc flu hosp,2025-11-22,30,quantile,0.25,3.4808089197413907
2025-11-01,2,wk inc flu hosp,2025-11-22,30,quantile,0.3,3.4808089197413907
2025-11-01,2,wk inc flu hosp,2025-11-22,30,quantile,0.35,3.4808089197413907
2025-11-01,2,wk inc flu hosp,2025-11-22,30,quantile,0.4,3.4808089197413907
2025-11-01,2,wk inc flu hosp,2025-11-22,30,quantile,0.45,3.4808089197413907
2025-11-01,2,wk inc flu hosp,2025-11-22,30,quantile,0.5,3.4808089197413907
2025-11-01,2,wk inc flu hosp,2025-11-22,30,quantile,0.55,3.4808089197413907
2025-11-01,2,wk inc flu hosp,2025-11-22,30,quantile,0.6,3.4808089197413907
2025-11-01,2,wk inc flu hosp,2025-11-22,30,quantile,0.65,3.4808089197413907
2025-11-01,2,wk inc flu hosp,2025-11-22,30,quantile,0.7,3.4808089197413907
2025-11-01,2,wk inc flu hosp,2025-11-22,30,quantile,0.75,3.4808089197413907
2025-11-01,2,wk inc flu hosp,2025-11-22,30,quantile,0.8,3.4808089197413907
2025-11-01,2,wk inc flu hosp,2025-11-22,30,quantile,0.85,3.4808089197413907
2025-11-01,2,wk inc flu hosp,2025-11-22,30,quantile,0.9,3.4808089197413907
2025-11-01,2,wk inc flu hosp,2025-11-22,30,quantile,0.95,3.4808089197413907
2025-11-01,2,wk inc flu hosp,2025-11-22,30,quantile,0.975,3.4808089197413907
2025-11-01,2,wk inc flu hosp,2025-11-22,30,quantile,0.99,3.4808089197413907
2025-09-20,2,wk inc flu hosp,2025-10-11,31,quantile,0.01,1.6666666666666665
2025-09-20,2,wk inc flu hosp,2025-10-11,31,quantile,0.025,1.6666666666666665
2025-09-20,2,wk inc flu hosp,2025-10-11,31,quantile,0.05,1.6666666666666665
2025-09-20,2,wk inc flu hosp,2025-10-11,31,quantile,0.1,1.6666666666666665
2025-09-20,2,wk inc flu hosp,2025-10-11,31,quantile,0.15,1.6666666666666665
2025-09-20,2,wk inc flu hosp,2025-10-11,31,quantile,0.2,1.6666666666666665
2025-09-20,2,wk inc flu hosp,2025-10-11,31,quantile,0.25,1.6666666666666665
2025-09-20,2,wk inc flu hosp,2025-10-11,31,quantile,0.3,1.6666666666666665
2025-09-20,2,wk inc flu hosp,2025-10-11,31,quantile,0.35,1.6666666666666665
2025-09-20,2,wk inc flu hosp,2025-10-11,31,quantile,0.4,1.6666666666666665
2025-09-20,2,wk inc flu hosp,2025-10-11,31,quantile,0.45,1.6666666666666665
2025-09-20,2,wk inc flu hosp,2025-10-11,31,quantile,0.5,1.6666666666666665
2025-09-20,2,wk inc flu hosp,2025-10-11,31,quantile,0.55,1.6666666666666665
2025-09-20,2,wk inc flu hosp,2025-10-11,31,quantile,0.6,1.6666666666666665
2025-09-20,2,wk inc flu hosp,2025-10-11,31,quantile,0.65,1.6666666666666665
2025-09-20,2,wk inc flu hosp,2025-10-11,31,quantile,0.7,1.6666666666666665
2025-09-20,2,wk inc flu hosp,2025-10-11,31,quantile,0.75,1.6666666666666665
2025-09-20,2,wk inc flu hosp,2025-10-11,31,quantile,0.8,1.6666666666666665
2025-09-20,2,wk inc flu hosp,2025-10-11,31,quantile,0.85,1.6666666666666665
2025-09-20,2,wk inc flu hosp,2025-10-11,31,quantile,0.9,1.6666666666666665
2025-09-20,2,wk inc flu hosp,2025-10-11,31,quantile,0.95,1.6666666666666665
2025-09-20,2,wk inc flu hosp,2025-10-11,31,quantile,0.975,1.6666666666666665
2025-09-20,2,wk inc flu hosp,2025-10-11,31,quantile,0.99,1.6666666666666665
2025-09-27,2,wk inc flu hosp,2025-10-18,31,quantile,0.01,3.7628522947854757
2025-09-27,2,wk inc flu hosp,2025-10-18,31,quantile,0.025,3.7628522947854757
2025-09-27,2,wk inc flu hosp,2025-10-18,31,quantile,0.05,3.7628522947854757
2025-09-27,2,wk inc flu hosp,2025-10-18,31,quantile,0.1,3.7628522947854757
2025-09-27,2,wk inc flu hosp,2025-10-18,31,quantile,0.15,3.7628522947854757
2025-09-27,2,wk inc flu hosp,2025-10-18,31,quantile,0.2,3.7628522947854757
2025-09-27,2,wk inc flu hosp,2025-10-18,31,quantile,0.25,3.7628522947854757
2025-09-27,2,wk inc flu hosp,2025-10-18,31,quantile,0.3,3.7628522947854757
2025-09-27,2,wk inc flu hosp,2025-10-18,31,quantile,0.35,3.7628522947854757
2025-09-27,2,wk inc flu hosp,2025-10-18,31,quantile,0.4,3.7628522947854757
2025-09-27,2,wk inc flu hosp,2025-10-18,31,quantile,0.45,3.7628522947854757
2025-09-27,2,wk inc flu hosp,2025-10-18,31,quantile,0.5,3.7628522947854757
2025-09-27,2,wk inc flu hosp,2025-10-18,31,quantile,0.55,3.7628522947854757
2025-09-27,2,wk inc flu hosp,2025-10-18,31,quantile,0.6,3.7628522947854757
2025-09-27,2,wk inc flu hosp,2025-10-18,31,quantile,0.65,3.7628522947854757
2025-09-27,2,wk inc flu hosp,2025-10-18,31,quantile,0.7,3.7628522947854757
2025-09-27,2,wk inc flu hosp,2025-10-18,31,quantile,0.75,3.7628522947854757
2025-09-27,2,wk inc flu hosp,2025-10-18,31,quantile,0.8,3.7628522947854757
2025-09-27,2,wk inc flu hosp,2025-10-18,31,quantile,0.85,3.7628522947854757
2025-09-27,2,wk inc flu hosp,2025-10-18,31,quantile,0.9,3.7628522947854757
2025-09-27,2,wk inc flu hosp,2025-10-18,31,quantile,0.95,3.7628522947854757
2025-09-27,2,wk inc flu hosp,2025-10-18,31,quantile,0.975,3.7628522947854757
2025-09-27,2,wk inc flu hosp,2025-10-18,31,quantile,0.99,3.7628522947854757
2025-10-04,2,wk inc flu hosp,2025-10-25,31,quantile,0.01,0.5555555555555556
2025-10-04,2,wk inc flu hosp,2025-10-25,31,quantile,0.025,0.5555555555555556
2025-10-04,2,wk inc flu hosp,2025-10-25,31,quantile,0.05,0.5555555555555556
2025-10-04,2,wk inc flu hosp,2025-10-25,31,quantile,0.1,0.5555555555555556
2025-10-04,2,wk inc flu hosp,2025-10-25,31,quantile,0.15,0.5555555555555556
2025-10-04,2,wk inc flu hosp,2025-10-25,31,quantile,0.2,0.5555555555555556
2025-10-04,2,wk inc flu hosp,2025-10-25,31,quantile,0.25,0.5555555555555556
2025-10-04,2,wk inc flu hosp,2025-10-25,31,quantile,0.3,0.5555555555555556
2025-10-04,2,wk inc flu hosp,2025-10-25,31,quantile,0.35,0.5555555555555556
2025-10-04,2,wk inc flu hosp,2025-10-25,31,quantile,0.4,0.5555555555555556
2025-10-04,2,wk inc flu hosp,2025-10-25,31,quantile,0.45,0.5555555555555556
2025-10-04,2,wk inc flu hosp,2025-10-25,31,quantile,0.5,0.5555555555555556
2025-10-04,2,wk inc flu hosp,2025-10-25,31,quantile,0.55,0.5555555555555556
2025-10-04,2,wk inc flu hosp,2025-10-25,31,quantile,0.6,0.5555555555555556
2025-10-04,2,wk inc flu hosp,2025-10-25,31,quantile,0.65,0.5555555555555556
2025-10-04,2,wk inc flu hosp,2025-10-25,31,quantile,0.7,0.5555555555555556
2025-10-04,2,wk inc flu hosp,2025-10-25,31,quantile,0.75,0.5555555555555556
2025-10-04,2,wk inc flu hosp,2025-10-25,31,quantile,0.8,0.5555555555555556
2025-10-04,2,wk inc flu hosp,2025-10-25,31,quantile,0.85,0.5555555555555556
2025-10-04,2,wk inc flu hosp,2025-10-25,31,quantile,0.9,0.5555555555555556
2025-10-04,2,wk inc flu hosp,2025-10-25,31,quantile,0.95,0.5555555555555556
2025-10-04,2,wk inc flu hosp,2025-10-25,31,quantile,0.975,0.5555555555555556
2025-10-04,2,wk inc flu hosp,2025-10-25,31,quantile,0.99,0.5555555555555556
2025-10-11,2,wk inc flu hosp,2025-11-01,31,quantile,0.01,2.777777777777777
2025-10-11,2,wk inc flu hosp,2025-11-01,31,quantile,0.025,2.777777777777777
2025-10-11,2,wk inc flu hosp,2025-11-01,31,quantile,0.05,2.777777777777777
2025-10-11,2,wk inc flu hosp,2025-11-01,31,quantile,0.1,2.777777777777777
2025-10-11,2,wk inc flu hosp,2025-11-01,31,quantile,0.15,2.777777777777777
2025-10-11,2,wk inc flu hosp,2025-11-01,31,quantile,0.2,2.777777777777777
2025-10-11,2,wk inc flu hosp,2025-11-01,31,quantile,0.25,2.777777777777777
2025-10-11,2,wk inc flu hosp,2025-11-01,31,quantile,0.3,2.777777777777777
2025-10-11,2,wk inc flu hosp,2025-11-01,31,quantile,0.35,2.777777777777777
2025-10-11,2,wk inc flu hosp,2025-11-01,31,quantile,0.4,2.777777777777777
2025-10-11,2,wk inc flu hosp,2025-11-01,31,quantile,0.45,2.777777777777777
2025-10-11,2,wk inc flu hosp,2025-11-01,31,quantile,0.5,2.777777777777777
2025-10-11,2,wk inc flu hosp,2025-11-01,31,quantile,0.55,2.777777777777777
2025-10-11,2,wk inc flu hosp,2025-11-01,31,quantile,0.6,2.777777777777777
2025-10-11,2,wk inc flu hosp,2025-11-01,31,quantile,0.65,2.777777777777777
2025-10-11,2,wk inc flu hosp,2025-11-01,31,quantile,0.7,2.777777777777777
2025-10-11,2,wk inc flu hosp,2025-11-01,31,quantile,0.75,2.777777777777777
2025-10-11,2,wk inc flu hosp,2025-11-01,31,quantile,0.8,2.777777777777777
2025-10-11,2,wk inc flu hosp,2025-11-01,31,quantile,0.85,2.777777777777777
2025-10-11,2,wk inc flu hosp,2025-11-01,31,quantile,0.9,2.777777777777777
2025-10-11,2,wk inc flu hosp,2025-11-01,31,quantile,0.95,2.777777777777777
2025-10-11,2,wk inc flu hosp,2025-11-01,31,quantile,0.975,2.777777777777777
2025-10-11,2,wk inc flu hosp,2025-11-01,31,quantile,0.99,2.777777777777777
2025-10-18,2,wk inc flu hosp,2025-11-08,31,quantile,0.01,0.6670975371064376
2025-10-18,2,wk inc flu hosp,2025-11-08,31,quantile,0.025,0.6670975371064376
2025-10-18,2,wk inc flu hosp,2025-11-08,31,quantile,0.05,0.6670975371064376
2025-10-18,2,wk inc flu hosp,2025-11-08,31,quantile,0.1,0.6670975371064376
2025-10-18,2,wk inc flu hosp,2025-11-08,31,quantile,0.15,0.6670975371064376
2025-10-18,2,wk inc flu hosp,2025-11-08,31,quantile,0.2,0.6670975371064376
2025-10-18,2,wk inc flu hosp,2025-11-08,31,quantile,0.25,0.6670975371064376
2025-10-18,2,wk inc flu hosp,2025-11-08,31,quantile,0.3,0.6670975371064376
2025-10-18,2,wk inc flu hosp,2025-11-08,31,quantile,0.35,0.6670975371064376
2025-10-18,2,wk inc flu hosp,2025-11-08,31,quantile,0.4,0.6670975371064376
2025-10-18,2,wk inc flu hosp,2025-11-08,31,quantile,0.45,0.6670975371064376
2025-10-18,2,wk inc flu hosp,2025-11-08,31,quantile,0.5,0.6670975371064376
2025-10-18,2,wk inc flu hosp,2025-11-08,31,quantile,0.55,0.6670975371064376
2025-10-18,2,wk inc flu hosp,2025-11-08,31,quantile,0.6,0.6670975371064376
2025-10-18,2,wk inc flu hosp,2025-11-08,31,quantile,0.65,0.6670975371064376
2025-10-18,2,wk inc flu hosp,2025-11-08,31,quantile,0.7,0.6670975371064376
2025-10-18,2,wk inc flu hosp,2025-11-08,31,quantile,0.75,0.6670975371064376
2025-10-18,2,wk inc flu hosp,2025-11-08,31,quantile,0.8,0.6670975371064376
2025-10-18,2,wk inc flu hosp,2025-11-08,31,quantile,0.85,0.6670975371064376
2025-10-18,2,wk inc flu hosp,2025-11-08,31,quantile,0.9,0.6670975371064376
2025-10-18,2,wk inc flu hosp,2025-11-08,31,quantile,0.95,0.6670975371064376
2025-10-18,2,wk inc flu hosp,2025-11-08,31,quantile,0.975,0.6670975371064376
2025-10-18,2,wk inc flu hosp,2025-11-08,31,quantile,0.99,0.6670975371064376
2025-10-25,2,wk inc flu hosp,2025-11-15,31,quantile,0.01,2.500217377259682
2025-10-25,2,wk inc flu hosp,2025-11-15,31,quantile,0.025,2.500217377259682
2025-10-25,2,wk inc flu hosp,2025-11-15,31,quantile,0.05,2.500217377259682
2025-10-25,2,wk inc flu hosp,2025-11-15,31,quantile,0.1,2.500217377259682
2025-10-25,2,wk inc flu hosp,2025-11-15,31,quantile,0.15,2.500217377259682
2025-10-25,2,wk inc flu hosp,2025-11-15,31,quantile,0.2,2.500217377259682
2025-10-25,2,wk inc flu hosp,2025-11-15,31,quantile,0.25,2.500217377259682
2025-10-25,2,wk inc flu hosp,2025-11-15,31,quantile,0.3,2.500217377259682
2025-10-25,2,wk inc flu hosp,2025-11-15,31,quantile,0.35,2.500217377259682
2025-10-25,2,wk inc flu hosp,2025-11-15,31,quantile,0.4,2.500217377259682
2025-10-25,2,wk inc flu hosp,2025-11-15,31,quantile,0.45,2.500217377259682
2025-10-25,2,wk inc flu hosp,2025-11-15,31,quantile,0.5,2.500217377259682
2025-10-25,2,wk inc flu hosp,2025-11-15,31,quantile,0.55,2.500217377259682
2025-10-25,2,wk inc flu hosp,2025-11-15,31,quantile,0.6,2.500217377259682
2025-10-25,2,wk inc flu hosp,2025-11-15,31,quantile,0.65,2.500217377259682
2025-10-25,2,wk inc flu hosp,2025-11-15,31,quantile,0.7,2.500217377259682
2025-10-25,2,wk inc flu hosp,2025-11-15,31,quantile,0.75,2.500217377259682
2025-10-25,2,wk inc flu hosp,2025-11-15,31,quantile,0.8,2.500217377259682
2025-10-25,2,wk inc flu hosp,2025-11-15,31,quantile,0.85,2.500217377259682
2025-10-25,2,wk inc flu hosp,2025-11-15,31,quantile,0.9,2.500217377259682
2025-10-25,2,wk inc flu hosp,2025-11-15,31,quantile,0.95,2.500217377259682
2025-10-25,2,wk inc flu hosp,2025-11-15,31,quantile,0.975,2.500217377259682
2025-10-25,2,wk inc flu hosp,2025-11-15,31,quantile,0.99,2.500217377259682
2025-11-01,2,wk inc flu hosp,2025-11-22,31,quantile,0.01,0.5840514315713318
2025-11-01,2,wk inc flu hosp,2025-11-22,31,quantile,0.025,0.5840514315713318
2025-11-01,2,wk inc flu hosp,2025-11-22,31,quantile,0.05,0.5840514315713318
2025-11-01,2,wk inc flu hosp,2025-11-22,31,quantile,0.1,0.5840514315713318
2025-11-01,2,wk inc flu hosp,2025-11-22,31,quantile,0.15,0.5840514315713318
2025-11-01,2,wk inc flu hosp,2025-11-22,31,quantile,0.2,0.5840514315713318
2025-11-01,2,wk inc flu hosp,2025-11-22,31,quantile,0.25,0.5840514315713318
2025-11-01,2,wk inc flu hosp,2025-11-22,31,quantile,0.3,0.5840514315713318
2025-11-01,2,wk inc flu hosp,2025-11-22,31,quantile,0.35,0.5840514315713318
2025-11-01,2,wk inc flu hosp,2025-11-22,31,quantile,0.4,0.5840514315713318
2025-11-01,2,wk inc flu hosp,2025-11-22,31,quantile,0.45,0.5840514315713318
2025-11-01,2,wk inc flu hosp,2025-11-22,31,quantile,0.5,0.5840514315713318
2025-11-01,2,wk inc flu hosp,2025-11-22,31,quantile,0.55,0.5840514315713318
2025-11-01,2,wk inc flu hosp,2025-11-22,31,quantile,0.6,0.5840514315713318
2025-11-01,2,wk inc flu hosp,2025-11-22,31,quantile,0.65,0.5840514315713318
2025-11-01,2,wk inc flu hosp,2025-11-22,31,quantile,0.7,0.5840514315713318
2025-11-01,2,wk inc flu hosp,2025-11-22,31,quantile,0.75,0.5840514315713318
2025-11-01,2,wk inc flu hosp,2025-11-22,31,quantile,0.8,0.5840514315713318
2025-11-01,2,wk inc flu hosp,2025-11-22,31,quantile,0.85,0.5840514315713318
2025-11-01,2,wk inc flu hosp,2025-11-22,31,quantile,0.9,0.5840514315713318
2025-11-01,2,wk inc flu hosp,2025-11-22,31,quantile,0.95,0.5840514315713318
2025-11-01,2,wk inc flu hosp,2025-11-22,31,quantile,0.975,0.5840514315713318
2025-11-01,2,wk inc flu hosp,2025-11-22,31,quantile,0.99,0.5840514315713318
2025-09-20,2,wk inc flu hosp,2025-10-11,32,quantile,0.01,10.146822963224093
2025-09-20,2,wk inc flu hosp,2025-10-11,32,quantile,0.025,10.146822963224093
2025-09-20,2,wk inc flu hosp,2025-10-11,32,quantile,0.05,10.146822963224093
2025-09-20,2,wk inc flu hosp,2025-10-11,32,quantile,0.1,10.146822963224093
2025-09-20,2,wk inc flu hosp,2025-10-11,32,quantile,0.15,10.146822963224093
2025-09-20,2,wk inc flu hosp,2025-10-11,32,quantile,0.2,10.146822963224093
2025-09-20,2,wk inc flu hosp,2025-10-11,32,quantile,0.25,10.146822963224093
2025-09-20,2,wk inc flu hosp,2025-10-11,32,quantile,0.3,10.146822963224093
2025-09-20,2,wk inc flu hosp,2025-10-11,32,quantile,0.35,10.146822963224093
2025-09-20,2,wk inc flu hosp,2025-10-11,32,quantile,0.4,10.146822963224093
2025-09-20,2,wk inc flu hosp,2025-10-11,32,quantile,0.45,10.146822963224093
2025-09-20,2,wk inc flu hosp,2025-10-11,32,quantile,0.5,10.146822963224093
2025-09-20,2,wk inc flu hosp,2025-10-11,32,quantile,0.55,10.146822963224093
2025-09-20,2,wk inc flu hosp,2025-10-11,32,quantile,0.6,10.146822963224093
2025-09-20,2,wk inc flu hosp,2025-10-11,32,quantile,0.65,10.146822963224093
2025-09-20,2,wk inc flu hosp,2025-10-11,32,quantile,0.7,10.146822963224093
2025-09-20,2,wk inc flu hosp,2025-10-11,32,quantile,0.75,10.146822963224093
2025-09-20,2,wk inc flu hosp,2025-10-11,32,quantile,0.8,10.146822963224093
2025-09-20,2,wk inc flu hosp,2025-10-11,32,quantile,0.85,10.146822963224093
2025-09-20,2,wk inc flu hosp,2025-10-11,32,quantile,0.9,10.146822963224093
2025-09-20,2,wk inc flu hosp,2025-10-11,32,quantile,0.95,10.146822963224093
2025-09-20,2,wk inc flu hosp,2025-10-11,32,quantile,0.975,10.146822963224093
2025-09-20,2,wk inc flu hosp,2025-10-11,32,quantile,0.99,10.146822963224093
2025-09-27,2,wk inc flu hosp,2025-10-18,32,quantile,0.01,3.828615371834699
2025-09-27,2,wk inc flu hosp,2025-10-18,32,quantile,0.025,3.828615371834699
2025-09-27,2,wk inc flu hosp,2025-10-18,32,quantile,0.05,3.828615371834699
2025-09-27,2,wk inc flu hosp,2025-10-18,32,quantile,0.1,3.828615371834699
2025-09-27,2,wk inc flu hosp,2025-10-18,32,quantile,0.15,3.828615371834699
2025-09-27,2,wk inc flu hosp,2025-10-18,32,quantile,0.2,3.828615371834699
2025-09-27,2,wk inc flu hosp,2025-10-18,32,quantile,0.25,3.828615371834699
2025-09-27,2,wk inc flu hosp,2025-10-18,32,quantile,0.3,3.828615371834699
2025-09-27,2,wk inc flu hosp,2025-10-18,32,quantile,0.35,3.828615371834699
2025-09-27,2,wk inc flu hosp,2025-10-18,32,quantile,0.4,3.828615371834699
2025-09-27,2,wk inc flu hosp,2025-10-18,32,quantile,0.45,3.828615371834699
2025-09-27,2,wk inc flu hosp,2025-10-18,32,quantile,0.5,3.828615371834699
2025-09-27,2,wk inc flu hosp,2025-10-18,32,quantile,0.55,3.828615371834699
2025-09-27,2,wk inc flu hosp,2025-10-18,32,quantile,0.6,3.828615371834699
2025-09-27,2,wk inc flu hosp,2025-10-18,32,quantile,0.65,3.828615371834699
2025-09-27,2,wk inc flu hosp,2025-10-18,32,quantile,0.7,3.828615371834699
2025-09-27,2,wk inc flu hosp,2025-10-18,32,quantile,0.75,3.828615371834699
2025-09-27,2,wk inc flu hosp,2025-10-18,32,quantile,0.8,3.828615371834699
2025-09-27,2,wk inc flu hosp,2025-10-18,32,quantile,0.85,3.828615371834699
2025-09-27,2,wk inc flu hosp,2025-10-18,32,quantile,0.9,3.828615371834699
2025-09-27,2,wk inc flu hosp,2025-10-18,32,quantile,0.95,3.828615371834699
2025-09-27,2,wk inc flu hosp,2025-10-18,32,quantile,0.975,3.828615371834699
2025-09-27,2,wk inc flu hosp,2025-10-18,32,quantile,0.99,3.828615371834699
2025-10-04,2,wk inc flu hosp,2025-10-25,32,quantile,0.01,8.393393446464483
2025-10-04,2,wk inc flu hosp,2025-10-25,32,quantile,0.025,8.393393446464483
2025-10-04,2,wk inc flu hosp,2025-10-25,32,quantile,0.05,8.393393446464483
2025-10-04,2,wk inc flu hosp,2025-10-25,32,quantile,0.1,8.393393446464483
2025-10-04,2,wk inc flu hosp,2025-10-25,32,quantile,0.15,8.393393446464483
2025-10-04,2,wk inc flu hosp,2025-10-25,32,quantile,0.2,8.393393446464483
2025-10-04,2,wk inc flu hosp,2025-10-25,32,quantile,0.25,8.393393446464483
2025-10-04,2,wk inc flu hosp,2025-10-25,32,quantile,0.3,8.393393446464483
2025-10-04,2,wk inc flu hosp,2025-10-25,32,quantile,0.35,8.393393446464483
2025-10-04,2,wk inc flu hosp,2025-10-25,32,quantile,0.4,8.393393446464483
2025-10-04,2,wk inc flu hosp,2025-10-25,32,quantile,0.45,8.393393446464483
2025-10-04,2,wk inc flu hosp,2025-10-25,32,quantile,0.5,8.393393446464483
2025-10-04,2,wk inc flu hosp,2025-10-25,32,quantile,0.55,8.393393446464483
2025-10-04,2,wk inc flu hosp,2025-10-25,32,quantile,0.6,8.393393446464483
2025-10-04,2,wk inc flu hosp,2025-10-25,32,quantile,0.65,8.393393446464483
2025-10-04,2,wk inc flu hosp,2025-10-25,32,quantile,0.7,8.393393446464483
2025-10-04,2,wk inc flu hosp,2025-10-25,32,quantile,0.75,8.393393446464483
2025-10-04,2,wk inc flu hosp,2025-10-25,32,quantile,0.8,8.393393446464483
2025-10-04,2,wk inc flu hosp,2025-10-25,32,quantile,0.85,8.393393446464483
2025-10-04,2,wk inc flu hosp,2025-10-25,32,quantile,0.9,8.393393446464483
2025-10-04,2,wk inc flu hosp,2025-10-25,32,quantile,0.95,8.393393446464483
2025-10-04,2,wk inc flu hosp,2025-10-25,32,quantile,0.975,8.393393446464483
2025-10-04,2,wk inc flu hosp,2025-10-25,32,quantile,0.99,8.393393446464483
2025-10-11,2,wk inc flu hosp,2025-11-01,32,quantile,0.01,8.624798330381527
2025-10-11,2,wk inc flu hosp,2025-11-01,32,quantile,0.025,8.624798330381527
2025-10-11,2,wk inc flu hosp,2025-11-01,32,quantile,0.05,8.624798330381527
2025-10-11,2,wk inc flu hosp,2025-11-01,32,quantile,0.1,8.624798330381527
2025-10-11,2,wk inc flu hosp,2025-11-01,32,quantile,0.15,8.624798330381527
2025-10-11,2,wk inc flu hosp,2025-11-01,32,quantile,0.2,8.624798330381527
2025-10-11,2,wk inc flu hosp,2025-11-01,32,quantile,0.25,8.624798330381527
2025-10-11,2,wk inc flu hosp,2025-11-01,32,quantile,0.3,8.624798330381527
2025-10-11,2,wk inc flu hosp,2025-11-01,32,quantile,0.35,8.624798330381527
2025-10-11,2,wk inc flu hosp,2025-11-01,32,quantile,0.4,8.624798330381527
2025-10-11,2,wk inc flu hosp,2025-11-01,32,quantile,0.45,8.624798330381527
2025-10-11,2,wk inc flu hosp,2025-11-01,32,quantile,0.5,8.624798330381527
2025-10-11,2,wk inc flu hosp,2025-11-01,32,quantile,0.55,8.624798330381527
2025-10-11,2,wk inc flu hosp,2025-11-01,32,quantile,0.6,8.624798330381527
2025-10-11,2,wk inc flu hosp,2025-11-01,32,quantile,0.65,8.624798330381527
2025-10-11,2,wk inc flu hosp,2025-11-01,32,quantile,0.7,8.624798330381527
2025-10-11,2,wk inc flu hosp,2025-11-01,32,quantile,0.75,8.624798330381527
2025-10-11,2,wk inc flu hosp,2025-11-01,32,quantile,0.8,8.624798330381527
2025-10-11,2,wk inc flu hosp,2025-11-01,32,quantile,0.85,8.624798330381527
2025-10-11,2,wk inc flu hosp,2025-11-01,32,quantile,0.9,8.624798330381527
2025-10-11,2,wk inc flu hosp,2025-11-01,32,quantile,0.95,8.624798330381527
2025-10-11,2,wk inc flu hosp,2025-11-01,32,quantile,0.975,8.624798330381527
2025-10-11,2,wk inc flu hosp,2025-11-01,32,quantile,0.99,8.624798330381527
2025-10-18,2,wk inc flu hosp,2025-11-08,32,quantile,0.01,8.295748204931776
2025-10-18,2,wk inc flu hosp,2025-11-08,32,quantile,0.025,8.295748204931776
2025-10-18,2,wk inc flu hosp,2025-11-08,32,quantile,0.05,8.295748204931776
2025-10-18,2,wk inc flu hosp,2025-11-08,32,quantile,0.1,8.295748204931776
2025-10-18,2,wk inc flu hosp,2025-11-08,32,quantile,0.15,8.295748204931776
2025-10-18,2,wk inc flu hosp,2025-11-08,32,quantile,0.2,8.295748204931776
2025-10-18,2,wk inc flu hosp,2025-11-08,32,quantile,0.25,8.295748204931776
2025-10-18,2,wk inc flu hosp,2025-11-08,32,quantile,0.3,8.295748204931776
2025-10-18,2,wk inc flu hosp,2025-11-08,32,quantile,0.35,8.295748204931776
2025-10-18,2,wk inc flu hosp,2025-11-08,32,quantile,0.4,8.295748204931776
2025-10-18,2,wk inc flu hosp,2025-11-08,32,quantile,0.45,8.295748204931776
2025-10-18,2,wk inc flu hosp,2025-11-08,32,quantile,0.5,8.295748204931776
2025-10-18,2,wk inc flu hosp,2025-11-08,32,quantile,0.55,8.295748204931776
2025-10-18,2,wk inc flu hosp,2025-11-08,32,quantile,0.6,8.295748204931776
2025-10-18,2,wk inc flu hosp,2025-11-08,32,quantile,0.65,8.295748204931776
2025-10-18,2,wk inc flu hosp,2025-11-08,32,quantile,0.7,8.295748204931776
2025-10-18,2,wk inc flu hosp,2025-11-08,32,quantile,0.75,8.295748204931776
2025-10-18,2,wk inc flu hosp,2025-11-08,32,quantile,0.8,8.295748204931776
2025-10-18,2,wk inc flu hosp,2025-11-08,32,quantile,0.85,8.295748204931776
2025-10-18,2,wk inc flu hosp,2025-11-08,32,quantile,0.9,8.295748204931776
2025-10-18,2,wk inc flu hosp,2025-11-08,32,quantile,0.95,8.295748204931776
2025-10-18,2,wk inc flu hosp,2025-11-08,32,quantile,0.975,8.295748204931776
2025-10-18,2,wk inc flu hosp,2025-11-08,32,quantile,0.99,8.295748204931776
2025-10-25,2,wk inc flu hosp,2025-11-15,32,quantile,0.01,13.518720237997478
2025-10-25,2,wk inc flu hosp,2025-11-15,32,quantile,0.025,13.518720237997478
2025-10-25,2,wk inc flu hosp,2025-11-15,32,quantile,0.05,13.518720237997478
2025-10-25,2,wk inc flu hosp,2025-11-15,32,quantile,0.1,13.518720237997478
2025-10-25,2,wk inc flu hosp,2025-11-15,32,quantile,0.15,13.518720237997478
2025-10-25,2,wk inc flu hosp,2025-11-15,32,quantile,0.2,13.518720237997478
2025-10-25,2,wk inc flu hosp,2025-11-15,32,quantile,0.25,13.518720237997478
2025-10-25,2,wk inc flu hosp,2025-11-15,32,quantile,0.3,13.518720237997478
2025-10-25,2,wk inc flu hosp,2025-11-15,32,quantile,0.35,13.518720237997478
2025-10-25,2,wk inc flu hosp,2025-11-15,32,quantile,0.4,13.518720237997478
2025-10-25,2,wk inc flu hosp,2025-11-15,32,quantile,0.45,13.518720237997478
2025-10-25,2,wk inc flu hosp,2025-11-15,32,quantile,0.5,13.518720237997478
2025-10-25,2,wk inc flu hosp,2025-11-15,32,quantile,0.55,13.518720237997478
2025-10-25,2,wk inc flu hosp,2025-11-15,32,quantile,0.6,13.518720237997478
2025-10-25,2,wk inc flu hosp,2025-11-15,32,quantile,0.65,13.518720237997478
2025-10-25,2,wk inc flu hosp,2025-11-15,32,quantile,0.7,13.518720237997478
2025-10-25,2,wk inc flu hosp,2025-11-15,32,quantile,0.75,13.518720237997478
2025-10-25,2,wk inc flu hosp,2025-11-15,32,quantile,0.8,13.518720237997478
2025-10-25,2,wk inc flu hosp,2025-11-15,32,quantile,0.85,13.518720237997478
2025-10-25,2,wk inc flu hosp,2025-11-15,32,quantile,0.9,13.518720237997478
2025-10-25,2,wk inc flu hosp,2025-11-15,32,quantile,0.95,13.518720237997478
2025-10-25,2,wk inc flu hosp,2025-11-15,32,quantile,0.975,13.518720237997478
2025-10-25,2,wk inc flu hosp,2025-11-15,32,quantile,0.99,13.518720237997478
2025-11-01,2,wk inc flu hosp,2025-11-22,32,quantile,0.01,11.799474409910495
2025-11-01,2,wk inc flu hosp,2025-11-22,32,quantile,0.025,11.799474409910495
2025-11-01,2,wk inc flu hosp,2025-11-22,32,quantile,0.05,11.799474409910495
2025-11-01,2,wk inc flu hosp,2025-11-22,32,quantile,0.1,11.799474409910495
2025-11-01,2,wk inc flu hosp,2025-11-22,32,quantile,0.15,11.799474409910495
2025-11-01,2,wk inc flu hosp,2025-11-22,32,quantile,0.2,11.799474409910495
2025-11-01,2,wk inc flu hosp,2025-11-22,32,quantile,0.25,11.799474409910495
2025-11-01,2,wk inc flu hosp,2025-11-22,32,quantile,0.3,11.799474409910495
2025-11-01,2,wk inc flu hosp,2025-11-22,32,quantile,0.35,11.799474409910495
2025-11-01,2,wk inc flu hosp,2025-11-22,32,quantile,0.4,11.799474409910495
2025-11-01,2,wk inc flu hosp,2025-11-22,32,quantile,0.45,11.799474409910495
2025-11-01,2,wk inc flu hosp,2025-11-22,32,quantile,0.5,11.799474409910495
2025-11-01,2,wk inc flu hosp,2025-11-22,32,quantile,0.55,11.799474409910495
2025-11-01,2,wk inc flu hosp,2025-11-22,32,quantile,0.6,11.799474409910495
2025-11-01,2,wk inc flu hosp,2025-11-22,32,quantile,0.65,11.799474409910495
2025-11-01,2,wk inc flu hosp,2025-11-22,32,quantile,0.7,11.799474409910495
2025-11-01,2,wk inc flu hosp,2025-11-22,32,quantile,0.75,11.799474409910495
2025-11-01,2,wk inc flu hosp,2025-11-22,32,quantile,0.8,11.799474409910495
2025-11-01,2,wk inc flu hosp,2025-11-22,32,quantile,0.85,11.799474409910495
2025-11-01,2,wk inc flu hosp,2025-11-22,32,quantile,0.9,11.799474409910495
2025-11-01,2,wk inc flu hosp,2025-11-22,32,quantile,0.95,11.799474409910495
2025-11-01,2,wk inc flu hosp,2025-11-22,32,quantile,0.975,11.799474409910495
2025-11-01,2,wk inc flu hosp,2025-11-22,32,quantile,0.99,11.799474409910495
2025-09-20,2,wk inc flu hosp,2025-10-11,33,quantile,0.01,1.216036740079324
2025-09-20,2,wk inc flu hosp,2025-10-11,33,quantile,0.025,1.216036740079324
2025-09-20,2,wk inc flu hosp,2025-10-11,33,quantile,0.05,1.216036740079324
2025-09-20,2,wk inc flu hosp,2025-10-11,33,quantile,0.1,1.216036740079324
2025-09-20,2,wk inc flu hosp,2025-10-11,33,quantile,0.15,1.216036740079324
2025-09-20,2,wk inc flu hosp,2025-10-11,33,quantile,0.2,1.216036740079324
2025-09-20,2,wk inc flu hosp,2025-10-11,33,quantile,0.25,1.216036740079324
2025-09-20,2,wk inc flu hosp,2025-10-11,33,quantile,0.3,1.216036740079324
2025-09-20,2,wk inc flu hosp,2025-10-11,33,quantile,0.35,1.216036740079324
2025-09-20,2,wk inc flu hosp,2025-10-11,33,quantile,0.4,1.216036740079324
2025-09-20,2,wk inc flu hosp,2025-10-11,33,quantile,0.45,1.216036740079324
2025-09-20,2,wk inc flu hosp,2025-10-11,33,quantile,0.5,1.216036740079324
2025-09-20,2,wk inc flu hosp,2025-10-11,33,quantile,0.55,1.216036740079324
2025-09-20,2,wk inc flu hosp,2025-10-11,33,quantile,0.6,1.216036740079324
2025-09-20,2,wk inc flu hosp,2025-10-11,33,quantile,0.65,1.216036740079324
2025-09-20,2,wk inc flu hosp,2025-10-11,33,quantile,0.7,1.216036740079324
2025-09-20,2,wk inc flu hosp,2025-10-11,33,quantile,0.75,1.216036740079324
2025-09-20,2,wk inc flu hosp,2025-10-11,33,quantile,0.8,1.216036740079324
2025-09-20,2,wk inc flu hosp,2025-10-11,33,quantile,0.85,1.216036740079324
2025-09-20,2,wk inc flu hosp,2025-10-11,33,quantile,0.9,1.216036740079324
2025-09-20,2,wk inc flu hosp,2025-10-11,33,quantile,0.95,1.216036740079324
2025-09-20,2,wk inc flu hosp,2025-10-11,33,quantile,0.975,1.216036740079324
2025-09-20,2,wk inc flu hosp,2025-10-11,33,quantile,0.99,1.216036740079324
2025-09-27,2,wk inc flu hosp,2025-10-18,33,quantile,0.01,0.040266743364126875
2025-09-27,2,wk inc flu hosp,2025-10-18,33,quantile,0.025,0.040266743364126875
2025-09-27,2,wk inc flu hosp,2025-10-18,33,quantile,0.05,0.040266743364126875
2025-09-27,2,wk inc flu hosp,2025-10-18,33,quantile,0.1,0.040266743364126875
2025-09-27,2,wk inc flu hosp,2025-10-18,33,quantile,0.15,0.040266743364126875
2025-09-27,2,wk inc flu hosp,2025-10-18,33,quantile,0.2,0.040266743364126875
2025-09-27,2,wk inc flu hosp,2025-10-18,33,quantile,0.25,0.040266743364126875
2025-09-27,2,wk inc flu hosp,2025-10-18,33,quantile,0.3,0.040266743364126875
2025-09-27,2,wk inc flu hosp,2025-10-18,33,quantile,0.35,0.040266743364126875
2025-09-27,2,wk inc flu hosp,2025-10-18,33,quantile,0.4,0.040266743364126875
2025-09-27,2,wk inc flu hosp,2025-10-18,33,quantile,0.45,0.040266743364126875
2025-09-27,2,wk inc flu hosp,2025-10-18,33,quantile,0.5,0.040266743364126875
2025-09-27,2,wk inc flu hosp,2025-10-18,33,quantile,0.55,0.040266743364126875
2025-09-27,2,wk inc flu hosp,2025-10-18,33,quantile,0.6,0.040266743364126875
2025-09-27,2,wk inc flu hosp,2025-10-18,33,quantile,0.65,0.040266743364126875
2025-09-27,2,wk inc flu hosp,2025-10-18,33,quantile,0.7,0.040266743364126875
2025-09-27,2,wk inc flu hosp,2025-10-18,33,quantile,0.75,0.040266743364126875
2025-09-27,2,wk inc flu hosp,2025-10-18,33,quantile,0.8,0.040266743364126875
2025-09-27,2,wk inc flu hosp,2025-10-18,33,quantile,0.85,0.040266743364126875
2025-09-27,2,wk inc flu hosp,2025-10-18,33,quantile,0.9,0.040266743364126875
2025-09-27,2,wk inc flu hosp,2025-10-18,33,quantile,0.95,0.040266743364126875
2025-09-27,2,wk inc flu hosp,2025-10-18,33,quantile,0.975,0.040266743364126875
2025-09-27,2,wk inc flu hosp,2025-10-18,33,quantile,0.99,0.040266743364126875
2025-10-04,2,wk inc flu hosp,2025-10-25,33,quantile,0.01,2.3646334053806832
2025-10-04,2,wk inc flu hosp,2025-10-25,33,quantile,0.025,2.3646334053806832
2025-10-04,2,wk inc flu hosp,2025-10-25,33,quantile,0.05,2.3646334053806832
2025-10-04,2,wk inc flu hosp,2025-10-25,33,quantile,0.1,2.3646334053806832
2025-10-04,2,wk inc flu hosp,2025-10-25,33,quantile,0.15,2.3646334053806832
2025-10-04,2,wk inc flu hosp,2025-10-25,33,quantile,0.2,2.3646334053806832
2025-10-04,2,wk inc flu hosp,2025-10-25,33,quantile,0.25,2.3646334053806832
2025-10-04,2,wk inc flu hosp,2025-10-25,33,quantile,0.3,2.3646334053806832
2025-10-04,2,wk inc flu hosp,2025-10-25,33,quantile,0.35,2.3646334053806832
2025-10-04,2,wk inc flu hosp,2025-10-25,33,quantile,0.4,2.3646334053806832
2025-10-04,2,wk inc flu hosp,2025-10-25,33,quantile,0.45,2.3646334053806832
2025-10-04,2,wk inc flu hosp,2025-10-25,33,quantile,0.5,2.3646334053806832
2025-10-04,2,wk inc flu hosp,2025-10-25,33,quantile,0.55,2.3646334053806832
2025-10-04,2,wk inc flu hosp,2025-10-25,33,quantile,0.6,2.3646334053806832
2025-10-04,2,wk inc flu hosp,2025-10-25,33,quantile,0.65,2.3646334053806832
2025-10-04,2,wk inc flu hosp,2025-10-25,33,quantile,0.7,2.3646334053806832
2025-10-04,2,wk inc flu hosp,2025-10-25,33,quantile,0.75,2.3646334053806832
2025-10-04,2,wk inc flu hosp,2025-10-25,33,quantile,0.8,2.3646334053806832
2025-10-04,2,wk inc flu hosp,2025-10-25,33,quantile,0.85,2.3646334053806832
2025-10-04,2,wk inc flu hosp,2025-10-25,33,quantile,0.9,2.3646334053806832
2025-10-04,2,wk inc flu hosp,2025-10-25,33,quantile,0.95,2.3646334053806832
2025-10-04,2,wk inc flu hosp,2025-10-25,33,quantile,0.975,2.3646334053806832
2025-10-04,2,wk inc flu hosp,2025-10-25,33,quantile,0.99,2.3646334053806832
2025-10-11,2,wk inc flu hosp,2025-11-01,33,quantile,0.01,2.2222222222222223
2025-10-11,2,wk inc flu hosp,2025-11-01,33,quantile,0.025,2.2222222222222223
2025-10-11,2,wk inc flu hosp,2025-11-01,33,quantile,0.05,2.2222222222222223
2025-10-11,2,wk inc flu hosp,2025-11-01,33,quantile,0.1,2.2222222222222223
2025-10-11,2,wk inc flu hosp,2025-11-01,33,quantile,0.15,2.2222222222222223
2025-10-11,2,wk inc flu hosp,2025-11-01,33,quantile,0.2,2.2222222222222223
2025-10-11,2,wk inc flu hosp,2025-11-01,33,quantile,0.25,2.2222222222222223
2025-10-11,2,wk inc flu hosp,2025-11-01,33,quantile,0.3,2.2222222222222223
2025-10-11,2,wk inc flu hosp,2025-11-01,33,quantile,0.35,2.2222222222222223
2025-10-11,2,wk inc flu hosp,2025-11-01,33,quantile,0.4,2.2222222222222223
2025-10-11,2,wk inc flu hosp,2025-11-01,33,quantile,0.45,2.2222222222222223
2025-10-11,2,wk inc flu hosp,2025-11-01,33,quantile,0.5,2.2222222222222223
2025-10-11,2,wk inc flu hosp,2025-11-01,33,quantile,0.55,2.2222222222222223
2025-10-11,2,wk inc flu hosp,2025-11-01,33,quantile,0.6,2.2222222222222223
2025-10-11,2,wk inc flu hosp,2025-11-01,33,quantile,0.65,2.2222222222222223
2025-10-11,2,wk inc flu hosp,2025-11-01,33,quantile,0.7,2.2222222222222223
2025-10-11,2,wk inc flu hosp,2025-11-01,33,quantile,0.75,2.2222222222222223
2025-10-11,2,wk inc flu hosp,2025-11-01,33,quantile,0.8,2.2222222222222223
2025-10-11,2,wk inc flu hosp,2025-11-01,33,quantile,0.85,2.2222222222222223
2025-10-11,2,wk inc flu hosp,2025-11-01,33,quantile,0.9,2.2222222222222223
2025-10-11,2,wk inc flu hosp,2025-11-01,33,quantile,0.95,2.2222222222222223
2025-10-11,2,wk inc flu hosp,2025-11-01,33,quantile,0.975,2.2222222222222223
2025-10-11,2,wk inc flu hosp,2025-11-01,33,quantile,0.99,2.2222222222222223
2025-10-18,2,wk inc flu hosp,2025-11-08,33,quantile,0.01,1.2154401623465625
2025-10-18,2,wk inc flu hosp,2025-11-08,33,quantile,0.025,1.2154401623465625
2025-10-18,2,wk inc flu hosp,2025-11-08,33,quantile,0.05,1.2154401623465625
2025-10-18,2,wk inc flu hosp,2025-11-08,33,quantile,0.1,1.2154401623465625
2025-10-18,2,wk inc flu hosp,2025-11-08,33,quantile,0.15,1.2154401623465625
2025-10-18,2,wk inc flu hosp,2025-11-08,33,quantile,0.2,1.2154401623465625
2025-10-18,2,wk inc flu hosp,2025-11-08,33,quantile,0.25,1.2154401623465625
2025-10-18,2,wk inc flu hosp,2025-11-08,33,quantile,0.3,1.2154401623465625
2025-10-18,2,wk inc flu hosp,2025-11-08,33,quantile,0.35,1.2154401623465625
2025-10-18,2,wk inc flu hosp,2025-11-08,33,quantile,0.4,1.2154401623465625
2025-10-18,2,wk inc flu hosp,2025-11-08,33,quantile,0.45,1.2154401623465625
2025-10-18,2,wk inc flu hosp,2025-11-08,33,quantile,0.5,1.2154401623465625
2025-10-18,2,wk inc flu hosp,2025-11-08,33,quantile,0.55,1.2154401623465625
2025-10-18,2,wk inc flu hosp,2025-11-08,33,quantile,0.6,1.2154401623465625
2025-10-18,2,wk inc flu hosp,2025-11-08,33,quantile,0.65,1.2154401623465625
2025-10-18,2,wk inc flu hosp,2025-11-08,33,quantile,0.7,1.2154401623465625
2025-10-18,2,wk inc flu hosp,2025-11-08,33,quantile,0.75,1.2154401623465625
2025-10-18,2,wk inc flu hosp,2025-11-08,33,quantile,0.8,1.2154401623465625
2025-10-18,2,wk inc flu hosp,2025-11-08,33,quantile,0.85,1.2154401623465625
2025-10-18,2,wk inc flu hosp,2025-11-08,33,quantile,0.9,1.2154401623465625
2025-10-18,2,wk inc flu hosp,2025-11-08,33,quantile,0.95,1.2154401623465625
2025-10-18,2,wk inc flu hosp,2025-11-08,33,quantile,0.975,1.2154401623465625
2025-10-18,2,wk inc flu hosp,2025-11-08,33,quantile,0.99,1.2154401623465625
2025-10-25,2,wk inc flu hosp,2025-11-15,33,quantile,0.01,0.5947767818970154
2025-10-25,2,wk inc flu hosp,2025-11-15,33,quantile,0.025,0.5947767818970154
2025-10-25,2,wk inc flu hosp,2025-11-15,33,quantile,0.05,0.5947767818970154
2025-10-25,2,wk inc flu hosp,2025-11-15,33,quantile,0.1,0.5947767818970154
2025-10-25,2,wk inc flu hosp,2025-11-15,33,quantile,0.15,0.5947767818970154
2025-10-25,2,wk inc flu hosp,2025-11-15,33,quantile,0.2,0.5947767818970154
2025-10-25,2,wk inc flu hosp,2025-11-15,33,quantile,0.25,0.5947767818970154
2025-10-25,2,wk inc flu hosp,2025-11-15,33,quantile,0.3,0.5947767818970154
2025-10-25,2,wk inc flu hosp,2025-11-15,33,quantile,0.35,0.5947767818970154
2025-10-25,2,wk inc flu hosp,2025-11-15,33,quantile,0.4,0.5947767818970154
2025-10-25,2,wk inc flu hosp,2025-11-15,33,quantile,0.45,0.5947767818970154
2025-10-25,2,wk inc flu hosp,2025-11-15,33,quantile,0.5,0.5947767818970154
2025-10-25,2,wk inc flu hosp,2025-11-15,33,quantile,0.55,0.5947767818970154
2025-10-25,2,wk inc flu hosp,2025-11-15,33,quantile,0.6,0.5947767818970154
2025-10-25,2,wk inc flu hosp,2025-11-15,33,quantile,0.65,0.5947767818970154
2025-10-25,2,wk inc flu hosp,2025-11-15,33,quantile,0.7,0.5947767818970154
2025-10-25,2,wk inc flu hosp,2025-11-15,33,quantile,0.75,0.5947767818970154
2025-10-25,2,wk inc flu hosp,2025-11-15,33,quantile,0.8,0.5947767818970154
2025-10-25,2,wk inc flu hosp,2025-11-15,33,quantile,0.85,0.5947767818970154
2025-10-25,2,wk inc flu hosp,2025-11-15,33,quantile,0.9,0.5947767818970154
2025-10-25,2,wk inc flu hosp,2025-11-15,33,quantile,0.95,0.5947767818970154
2025-10-25,2,wk inc flu hosp,2025-11-15,33,quantile,0.975,0.5947767818970154
2025-10-25,2,wk inc flu hosp,2025-11-15,33,quantile,0.99,0.5947767818970154
2025-11-01,2,wk inc flu hosp,2025-11-22,33,quantile,0.01,4.8063406051267386
2025-11-01,2,wk inc flu hosp,2025-11-22,33,quantile,0.025,4.8063406051267386
2025-11-01,2,wk inc flu hosp,2025-11-22,33,quantile,0.05,4.8063406051267386
2025-11-01,2,wk inc flu hosp,2025-11-22,33,quantile,0.1,4.8063406051267386
2025-11-01,2,wk inc flu hosp,2025-11-22,33,quantile,0.15,4.8063406051267386
2025-11-01,2,wk inc flu hosp,2025-11-22,33,quantile,0.2,4.8063406051267386
2025-11-01,2,wk inc flu hosp,2025-11-22,33,quantile,0.25,4.8063406051267386
2025-11-01,2,wk inc flu hosp,2025-11-22,33,quantile,0.3,4.8063406051267386
2025-11-01,2,wk inc flu hosp,2025-11-22,33,quantile,0.35,4.8063406051267386
2025-11-01,2,wk inc flu hosp,2025-11-22,33,quantile,0.4,4.8063406051267386
2025-11-01,2,wk inc flu hosp,2025-11-22,33,quantile,0.45,4.8063406051267386
2025-11-01,2,wk inc flu hosp,2025-11-22,33,quantile,0.5,4.8063406051267386
2025-11-01,2,wk inc flu hosp,2025-11-22,33,quantile,0.55,4.8063406051267386
2025-11-01,2,wk inc flu hosp,2025-11-22,33,quantile,0.6,4.8063406051267386
2025-11-01,2,wk inc flu hosp,2025-11-22,33,quantile,0.65,4.8063406051267386
2025-11-01,2,wk inc flu hosp,2025-11-22,33,quantile,0.7,4.8063406051267386
2025-11-01,2,wk inc flu hosp,2025-11-22,33,quantile,0.75,4.8063406051267386
2025-11-01,2,wk inc flu hosp,2025-11-22,33,quantile,0.8,4.8063406051267386
2025-11-01,2,wk inc flu hosp,2025-11-22,33,quantile,0.85,4.8063406051267386
2025-11-01,2,wk inc flu hosp,2025-11-22,33,quantile,0.9,4.8063406051267386
2025-11-01,2,wk inc flu hosp,2025-11-22,33,quantile,0.95,4.8063406051267386
2025-11-01,2,wk inc flu hosp,2025-11-22,33,quantile,0.975,4.8063406051267386
2025-11-01,2,wk inc flu hosp,2025-11-22,33,quantile,0.99,4.8063406051267386
2025-09-20,2,wk inc flu hosp,2025-10-11,34,quantile,0.01,8.649729295484716
2025-09-20,2,wk inc flu hosp,2025-10-11,34,quantile,0.025,8.649729295484716
2025-09-20,2,wk inc flu hosp,2025-10-11,34,quantile,0.05,8.649729295484716
2025-09-20,2,wk inc flu hosp,2025-10-11,34,quantile,0.1,8.649729295484716
2025-09-20,2,wk inc flu hosp,2025-10-11,34,quantile,0.15,8.649729295484716
2025-09-20,2,wk inc flu hosp,2025-10-11,34,quantile,0.2,8.649729295484716
2025-09-20,2,wk inc flu hosp,2025-10-11,34,quantile,0.25,8.649729295484716
2025-09-20,2,wk inc flu hosp,2025-10-11,34,quantile,0.3,8.649729295484716
2025-09-20,2,wk inc flu hosp,2025-10-11,34,quantile,0.35,8.649729295484716
2025-09-20,2,wk inc flu hosp,2025-10-11,34,quantile,0.4,8.649729295484716
2025-09-20,2,wk inc flu hosp,2025-10-11,34,quantile,0.45,8.649729295484716
2025-09-20,2,wk inc flu hosp,2025-10-11,34,quantile,0.5,8.649729295484716
2025-09-20,2,wk inc flu hosp,2025-10-11,34,quantile,0.55,8.649729295484716
2025-09-20,2,wk inc flu hosp,2025-10-11,34,quantile,0.6,8.649729295484716
2025-09-20,2,wk inc flu hosp,2025-10-11,34,quantile,0.65,8.649729295484716
2025-09-20,2,wk inc flu hosp,2025-10-11,34,quantile,0.7,8.649729295484716
2025-09-20,2,wk inc flu hosp,2025-10-11,34,quantile,0.75,8.649729295484716
2025-09-20,2,wk inc flu hosp,2025-10-11,34,quantile,0.8,8.649729295484716
2025-09-20,2,wk inc flu hosp,2025-10-11,34,quantile,0.85,8.649729295484716
2025-09-20,2,wk inc flu hosp,2025-10-11,34,quantile,0.9,8.649729295484716
2025-09-20,2,wk inc flu hosp,2025-10-11,34,quantile,0.95,8.649729295484716
2025-09-20,2,wk inc flu hosp,2025-10-11,34,quantile,0.975,8.649729295484716
2025-09-20,2,wk inc flu hosp,2025-10-11,34,quantile,0.99,8.649729295484716
2025-09-27,2,wk inc flu hosp,2025-10-18,34,quantile,0.01,15.74979135190937
2025-09-27,2,wk inc flu hosp,2025-10-18,34,quantile,0.025,15.74979135190937
2025-09-27,2,wk inc flu hosp,2025-10-18,34,quantile,0.05,15.74979135190937
2025-09-27,2,wk inc flu hosp,2025-10-18,34,quantile,0.1,15.74979135190937
2025-09-27,2,wk inc flu hosp,2025-10-18,34,quantile,0.15,15.74979135190937
2025-09-27,2,wk inc flu hosp,2025-10-18,34,quantile,0.2,15.74979135190937
2025-09-27,2,wk inc flu hosp,2025-10-18,34,quantile,0.25,15.74979135190937
2025-09-27,2,wk inc flu hosp,2025-10-18,34,quantile,0.3,15.74979135190937
2025-09-27,2,wk inc flu hosp,2025-10-18,34,quantile,0.35,15.74979135190937
2025-09-27,2,wk inc flu hosp,2025-10-18,34,quantile,0.4,15.74979135190937
2025-09-27,2,wk inc flu hosp,2025-10-18,34,quantile,0.45,15.74979135190937
2025-09-27,2,wk inc flu hosp,2025-10-18,34,quantile,0.5,15.74979135190937
2025-09-27,2,wk inc flu hosp,2025-10-18,34,quantile,0.55,15.74979135190937
2025-09-27,2,wk inc flu hosp,2025-10-18,34,quantile,0.6,15.74979135190937
2025-09-27,2,wk inc flu hosp,2025-10-18,34,quantile,0.65,15.74979135190937
2025-09-27,2,wk inc flu hosp,2025-10-18,34,quantile,0.7,15.74979135190937
2025-09-27,2,wk inc flu hosp,2025-10-18,34,quantile,0.75,15.74979135190937
2025-09-27,2,wk inc flu hosp,2025-10-18,34,quantile,0.8,15.74979135190937
2025-09-27,2,wk inc flu hosp,2025-10-18,34,quantile,0.85,15.74979135190937
2025-09-27,2,wk inc flu hosp,2025-10-18,34,quantile,0.9,15.74979135190937
2025-09-27,2,wk inc flu hosp,2025-10-18,34,quantile,0.95,15.74979135190937
2025-09-27,2,wk inc flu hosp,2025-10-18,34,quantile,0.975,15.74979135190937
2025-09-27,2,wk inc flu hosp,2025-10-18,34,quantile,0.99,15.74979135190937
2025-10-04,2,wk inc flu hosp,2025-10-25,34,quantile,0.01,30.345479334956828
2025-10-04,2,wk inc flu hosp,2025-10-25,34,quantile,0.025,30.345479334956828
2025-10-04,2,wk inc flu hosp,2025-10-25,34,quantile,0.05,30.345479334956828
2025-10-04,2,wk inc flu hosp,2025-10-25,34,quantile,0.1,30.345479334956828
2025-10-04,2,wk inc flu hosp,2025-10-25,34,quantile,0.15,30.345479334956828
2025-10-04,2,wk inc flu hosp,2025-10-25,34,quantile,0.2,30.345479334956828
2025-10-04,2,wk inc flu hosp,2025-10-25,34,quantile,0.25,30.345479334956828
2025-10-04,2,wk inc flu hosp,2025-10-25,34,quantile,0.3,30.345479334956828
2025-10-04,2,wk inc flu hosp,2025-10-25,34,quantile,0.35,30.345479334956828
2025-10-04,2,wk inc flu hosp,2025-10-25,34,quantile,0.4,30.345479334956828
2025-10-04,2,wk inc flu hosp,2025-10-25,34,quantile,0.45,30.345479334956828
2025-10-04,2,wk inc flu hosp,2025-10-25,34,quantile,0.5,30.345479334956828
2025-10-04,2,wk inc flu hosp,2025-10-25,34,quantile,0.55,30.345479334956828
2025-10-04,2,wk inc flu hosp,2025-10-25,34,quantile,0.6,30.345479334956828
2025-10-04,2,wk inc flu hosp,2025-10-25,34,quantile,0.65,30.345479334956828
2025-10-04,2,wk inc flu hosp,2025-10-25,34,quantile,0.7,30.345479334956828
2025-10-04,2,wk inc flu hosp,2025-10-25,34,quantile,0.75,30.345479334956828
2025-10-04,2,wk inc flu hosp,2025-10-25,34,quantile,0.8,30.345479334956828
2025-10-04,2,wk inc flu hosp,2025-10-25,34,quantile,0.85,30.345479334956828
2025-10-04,2,wk inc flu hosp,2025-10-25,34,quantile,0.9,30.345479334956828
2025-10-04,2,wk inc flu hosp,2025-10-25,34,quantile,0.95,30.345479334956828
2025-10-04,2,wk inc flu hosp,2025-10-25,34,quantile,0.975,30.345479334956828
2025-10-04,2,wk inc flu hosp,2025-10-25,34,quantile,0.99,30.345479334956828
2025-10-11,2,wk inc flu hosp,2025-11-01,34,quantile,0.01,13.696788435839776
2025-10-11,2,wk inc flu hosp,2025-11-01,34,quantile,0.025,13.696788435839776
2025-10-11,2,wk inc flu hosp,2025-11-01,34,quantile,0.05,13.696788435839776
2025-10-11,2,wk inc flu hosp,2025-11-01,34,quantile,0.1,13.696788435839776
2025-10-11,2,wk inc flu hosp,2025-11-01,34,quantile,0.15,13.696788435839776
2025-10-11,2,wk inc flu hosp,2025-11-01,34,quantile,0.2,13.696788435839776
2025-10-11,2,wk inc flu hosp,2025-11-01,34,quantile,0.25,13.696788435839776
2025-10-11,2,wk inc flu hosp,2025-11-01,34,quantile,0.3,13.696788435839776
2025-10-11,2,wk inc flu hosp,2025-11-01,34,quantile,0.35,13.696788435839776
2025-10-11,2,wk inc flu hosp,2025-11-01,34,quantile,0.4,13.696788435839776
2025-10-11,2,wk inc flu hosp,2025-11-01,34,quantile,0.45,13.696788435839776
2025-10-11,2,wk inc flu hosp,2025-11-01,34,quantile,0.5,13.696788435839776
2025-10-11,2,wk inc flu hosp,2025-11-01,34,quantile,0.55,13.696788435839776
2025-10-11,2,wk inc flu hosp,2025-11-01,34,quantile,0.6,13.696788435839776
2025-10-11,2,wk inc flu hosp,2025-11-01,34,quantile,0.65,13.696788435839776
2025-10-11,2,wk inc flu hosp,2025-11-01,34,quantile,0.7,13.696788435839776
2025-10-11,2,wk inc flu hosp,2025-11-01,34,quantile,0.75,13.696788435839776
2025-10-11,2,wk inc flu hosp,2025-11-01,34,quantile,0.8,13.696788435839776
2025-10-11,2,wk inc flu hosp,2025-11-01,34,quantile,0.85,13.696788435839776
2025-10-11,2,wk inc flu hosp,2025-11-01,34,quantile,0.9,13.696788435839776
2025-10-11,2,wk inc flu hosp,2025-11-01,34,quantile,0.95,13.696788435839776
2025-10-11,2,wk inc flu hosp,2025-11-01,34,quantile,0.975,13.696788435839776
2025-10-11,2,wk inc flu hosp,2025-11-01,34,quantile,0.99,13.696788435839776
2025-10-18,2,wk inc flu hosp,2025-11-08,34,quantile,0.01,45.19900877297063
2025-10-18,2,wk inc flu hosp,2025-11-08,34,quantile,0.025,45.19900877297063
2025-10-18,2,wk inc flu hosp,2025-11-08,34,quantile,0.05,45.19900877297063
2025-10-18,2,wk inc flu hosp,2025-11-08,34,quantile,0.1,45.19900877297063
2025-10-18,2,wk inc flu hosp,2025-11-08,34,quantile,0.15,45.19900877297063
2025-10-18,2,wk inc flu hosp,2025-11-08,34,quantile,0.2,45.19900877297063
2025-10-18,2,wk inc flu hosp,2025-11-08,34,quantile,0.25,45.19900877297063
2025-10-18,2,wk inc flu hosp,2025-11-08,34,quantile,0.3,45.19900877297063
2025-10-18,2,wk inc flu hosp,2025-11-08,34,quantile,0.35,45.19900877297063
2025-10-18,2,wk inc flu hosp,2025-11-08,34,quantile,0.4,45.19900877297063
2025-10-18,2,wk inc flu hosp,2025-11-08,34,quantile,0.45,45.19900877297063
2025-10-18,2,wk inc flu hosp,2025-11-08,34,quantile,0.5,45.19900877297063
2025-10-18,2,wk inc flu hosp,2025-11-08,34,quantile,0.55,45.19900877297063
2025-10-18,2,wk inc flu hosp,2025-11-08,34,quantile,0.6,45.19900877297063
2025-10-18,2,wk inc flu hosp,2025-11-08,34,quantile,0.65,45.19900877297063
2025-10-18,2,wk inc flu hosp,2025-11-08,34,quantile,0.7,45.19900877297063
2025-10-18,2,wk inc flu hosp,2025-11-08,34,quantile,0.75,45.19900877297063
2025-10-18,2,wk inc flu hosp,2025-11-08,34,quantile,0.8,45.19900877297063
2025-10-18,2,wk inc flu hosp,2025-11-08,34,quantile,0.85,45.19900877297063
2025-10-18,2,wk inc flu hosp,2025-11-08,34,quantile,0.9,45.19900877297063
2025-10-18,2,wk inc flu hosp,2025-11-08,34,quantile,0.95,45.19900877297063
2025-10-18,2,wk inc flu hosp,2025-11-08,34,quantile,0.975,45.19900877297063
2025-10-18,2,wk inc flu hosp,2025-11-08,34,quantile,0.99,45.19900877297063
2025-10-25,2,wk inc flu hosp,2025-11-15,34,quantile,0.01,48.35709608684903
2025-10-25,2,wk inc flu hosp,2025-11-15,34,quantile,0.025,48.35709608684903
2025-10-25,2,wk inc flu hosp,2025-11-15,34,quantile,0.05,48.35709608684903
2025-10-25,2,wk inc flu hosp,2025-11-15,34,quantile,0.1,48.35709608684903
2025-10-25,2,wk inc flu hosp,2025-11-15,34,quantile,0.15,48.35709608684903
2025-10-25,2,wk inc flu hosp,2025-11-15,34,quantile,0.2,48.35709608684903
2025-10-25,2,wk inc flu hosp,2025-11-15,34,quantile,0.25,48.35709608684903
2025-10-25,2,wk inc flu hosp,2025-11-15,34,quantile,0.3,48.35709608684903
2025-10-25,2,wk inc flu hosp,2025-11-15,34,quantile,0.35,48.35709608684903
2025-10-25,2,wk inc flu hosp,2025-11-15,34,quantile,0.4,48.35709608684903
2025-10-25,2,wk inc flu hosp,2025-11-15,34,quantile,0.45,48.35709608684903
2025-10-25,2,wk inc flu hosp,2025-11-15,34,quantile,0.5,48.35709608684903
2025-10-25,2,wk inc flu hosp,2025-11-15,34,quantile,0.55,48.35709608684903
2025-10-25,2,wk inc flu hosp,2025-11-15,34,quantile,0.6,48.35709608684903
2025-10-25,2,wk inc flu hosp,2025-11-15,34,quantile,0.65,48.35709608684903
2025-10-25,2,wk inc flu hosp,2025-11-15,34,quantile,0.7,48.35709608684903
2025-10-25,2,wk inc flu hosp,2025-11-15,34,quantile,0.75,48.35709608684903
2025-10-25,2,wk inc flu hosp,2025-11-15,34,quantile,0.8,48.35709608684903
2025-10-25,2,wk inc flu hosp,2025-11-15,34,quantile,0.85,48.35709608684903
2025-10-25,2,wk inc flu hosp,2025-11-15,34,quantile,0.9,48.35709608684903
2025-10-25,2,wk inc flu hosp,2025-11-15,34,quantile,0.95,48.35709608684903
2025-10-25,2,wk inc flu hosp,2025-11-15,34,quantile,0.975,48.35709608684903
2025-10-25,2,wk inc flu hosp,2025-11-15,34,quantile,0.99,48.35709608684903
2025-11-01,2,wk inc flu hosp,2025-11-22,34,quantile,0.01,43.54438110263422
2025-11-01,2,wk inc flu hosp,2025-11-22,34,quantile,0.025,43.54438110263422
2025-11-01,2,wk inc flu hosp,2025-11-22,34,quantile,0.05,43.54438110263422
2025-11-01,2,wk inc flu hosp,2025-11-22,34,quantile,0.1,43.54438110263422
2025-11-01,2,wk inc flu hosp,2025-11-22,34,quantile,0.15,43.54438110263422
2025-11-01,2,wk inc flu hosp,2025-11-22,34,quantile,0.2,43.54438110263422
2025-11-01,2,wk inc flu hosp,2025-11-22,34,quantile,0.25,43.54438110263422
2025-11-01,2,wk inc flu hosp,2025-11-22,34,quantile,0.3,43.54438110263422
2025-11-01,2,wk inc flu hosp,2025-11-22,34,quantile,0.35,43.54438110263422
2025-11-01,2,wk inc flu hosp,2025-11-22,34,quantile,0.4,43.54438110263422
2025-11-01,2,wk inc flu hosp,2025-11-22,34,quantile,0.45,43.54438110263422
2025-11-01,2,wk inc flu hosp,2025-11-22,34,quantile,0.5,43.54438110263422
2025-11-01,2,wk inc flu hosp,2025-11-22,34,quantile,0.55,43.54438110263422
2025-11-01,2,wk inc flu hosp,2025-11-22,34,quantile,0.6,43.54438110263422
2025-11-01,2,wk inc flu hosp,2025-11-22,34,quantile,0.65,43.54438110263422
2025-11-01,2,wk inc flu hosp,2025-11-22,34,quantile,0.7,43.54438110263422
2025-11-01,2,wk inc flu hosp,2025-11-22,34,quantile,0.75,43.54438110263422
2025-11-01,2,wk inc flu hosp,2025-11-22,34,quantile,0.8,43.54438110263422
2025-11-01,2,wk inc flu hosp,2025-11-22,34,quantile,0.85,43.54438110263422
2025-11-01,2,wk inc flu hosp,2025-11-22,34,quantile,0.9,43.54438110263422
2025-11-01,2,wk inc flu hosp,2025-11-22,34,quantile,0.95,43.54438110263422
2025-11-01,2,wk inc flu hosp,2025-11-22,34,quantile,0.975,43.54438110263422
2025-11-01,2,wk inc flu hosp,2025-11-22,34,quantile,0.99,43.54438110263422
2025-09-20,2,wk inc flu hosp,2025-10-11,35,quantile,0.01,0.5555555555555556
2025-09-20,2,wk inc flu hosp,2025-10-11,35,quantile,0.025,0.5555555555555556
2025-09-20,2,wk inc flu hosp,2025-10-11,35,quantile,0.05,0.5555555555555556
2025-09-20,2,wk inc flu hosp,2025-10-11,35,quantile,0.1,0.5555555555555556
2025-09-20,2,wk inc flu hosp,2025-10-11,35,quantile,0.15,0.5555555555555556
2025-09-20,2,wk inc flu hosp,2025-10-11,35,quantile,0.2,0.5555555555555556
2025-09-20,2,wk inc flu hosp,2025-10-11,35,quantile,0.25,0.5555555555555556
2025-09-20,2,wk inc flu hosp,2025-10-11,35,quantile,0.3,0.5555555555555556
2025-09-20,2,wk inc flu hosp,2025-10-11,35,quantile,0.35,0.5555555555555556
2025-09-20,2,wk inc flu hosp,2025-10-11,35,quantile,0.4,0.5555555555555556
2025-09-20,2,wk inc flu hosp,2025-10-11,35,quantile,0.45,0.5555555555555556
2025-09-20,2,wk inc flu hosp,2025-10-11,35,quantile,0.5,0.5555555555555556
2025-09-20,2,wk inc flu hosp,2025-10-11,35,quantile,0.55,0.5555555555555556
2025-09-20,2,wk inc flu hosp,2025-10-11,35,quantile,0.6,0.5555555555555556
2025-09-20,2,wk inc flu hosp,2025-10-11,35,quantile,0.65,0.5555555555555556
2025-09-20,2,wk inc flu hosp,2025-10-11,35,quantile,0.7,0.5555555555555556
2025-09-20,2,wk inc flu hosp,2025-10-11,35,quantile,0.75,0.5555555555555556
2025-09-20,2,wk inc flu hosp,2025-10-11,35,quantile,0.8,0.5555555555555556
2025-09-20,2,wk inc flu hosp,2025-10-11,35,quantile,0.85,0.5555555555555556
2025-09-20,2,wk inc flu hosp,2025-10-11,35,quantile,0.9,0.5555555555555556
2025-09-20,2,wk inc flu hosp,2025-10-11,35,quantile,0.95,0.5555555555555556
2025-09-20,2,wk inc flu hosp,2025-10-11,35,quantile,0.975,0.5555555555555556
2025-09-20,2,wk inc flu hosp,2025-10-11,35,quantile,0.99,0.5555555555555556
2025-09-27,2,wk inc flu hosp,2025-10-18,35,quantile,0.01,2.9343195002517626
2025-09-27,2,wk inc flu hosp,2025-10-18,35,quantile,0.025,2.9343195002517626
2025-09-27,2,wk inc flu hosp,2025-10-18,35,quantile,0.05,2.9343195002517626
2025-09-27,2,wk inc flu hosp,2025-10-18,35,quantile,0.1,2.9343195002517626
2025-09-27,2,wk inc flu hosp,2025-10-18,35,quantile,0.15,2.9343195002517626
2025-09-27,2,wk inc flu hosp,2025-10-18,35,quantile,0.2,2.9343195002517626
2025-09-27,2,wk inc flu hosp,2025-10-18,35,quantile,0.25,2.9343195002517626
2025-09-27,2,wk inc flu hosp,2025-10-18,35,quantile,0.3,2.9343195002517626
2025-09-27,2,wk inc flu hosp,2025-10-18,35,quantile,0.35,2.9343195002517626
2025-09-27,2,wk inc flu hosp,2025-10-18,35,quantile,0.4,2.9343195002517626
2025-09-27,2,wk inc flu hosp,2025-10-18,35,quantile,0.45,2.9343195002517626
2025-09-27,2,wk inc flu hosp,2025-10-18,35,quantile,0.5,2.9343195002517626
2025-09-27,2,wk inc flu hosp,2025-10-18,35,quantile,0.55,2.9343195002517626
2025-09-27,2,wk inc flu hosp,2025-10-18,35,quantile,0.6,2.9343195002517626
2025-09-27,2,wk inc flu hosp,2025-10-18,35,quantile,0.65,2.9343195002517626
2025-09-27,2,wk inc flu hosp,2025-10-18,35,quantile,0.7,2.9343195002517626
2025-09-27,2,wk inc flu hosp,2025-10-18,35,quantile,0.75,2.9343195002517626
2025-09-27,2,wk inc flu hosp,2025-10-18,35,quantile,0.8,2.9343195002517626
2025-09-27,2,wk inc flu hosp,2025-10-18,35,quantile,0.85,2.9343195002517626
2025-09-27,2,wk inc flu hosp,2025-10-18,35,quantile,0.9,2.9343195002517626
2025-09-27,2,wk inc flu hosp,2025-10-18,35,quantile,0.95,2.9343195002517626
2025-09-27,2,wk inc flu hosp,2025-10-18,35,quantile,0.975,2.9343195002517626
2025-09-27,2,wk inc flu hosp,2025-10-18,35,quantile,0.99,2.9343195002517626
2025-10-04,2,wk inc flu hosp,2025-10-25,35,quantile,0.01,0.5100427194950626
2025-10-04,2,wk inc flu hosp,2025-10-25,35,quantile,0.025,0.5100427194950626
2025-10-04,2,wk inc flu hosp,2025-10-25,35,quantile,0.05,0.5100427194950626
2025-10-04,2,wk inc flu hosp,2025-10-25,35,quantile,0.1,0.5100427194950626
2025-10-04,2,wk inc flu hosp,2025-10-25,35,quantile,0.15,0.5100427194950626
2025-10-04,2,wk inc flu hosp,2025-10-25,35,quantile,0.2,0.5100427194950626
2025-10-04,2,wk inc flu hosp,2025-10-25,35,quantile,0.25,0.5100427194950626
2025-10-04,2,wk inc flu hosp,2025-10-25,35,quantile,0.3,0.5100427194950626
2025-10-04,2,wk inc flu hosp,2025-10-25,35,quantile,0.35,0.5100427194950626
2025-10-04,2,wk inc flu hosp,2025-10-25,35,quantile,0.4,0.5100427194950626
2025-10-04,2,wk inc flu hosp,2025-10-25,35,quantile,0.45,0.5100427194950626
2025-10-04,2,wk inc flu hosp,2025-10-25,35,quantile,0.5,0.5100427194950626
2025-10-04,2,wk inc flu hosp,2025-10-25,35,quantile,0.55,0.5100427194950626
2025-10-04,2,wk inc flu hosp,2025-10-25,35,quantile,0.6,0.5100427194950626
2025-10-04,2,wk inc flu hosp,2025-10-25,35,quantile,0.65,0.5100427194950626
2025-10-04,2,wk inc flu hosp,2025-10-25,35,quantile,0.7,0.5100427194950626
2025-10-04,2,wk inc flu hosp,2025-10-25,35,quantile,0.75,0.5100427194950626
2025-10-04,2,wk inc flu hosp,2025-10-25,35,quantile,0.8,0.5100427194950626
2025-10-04,2,wk inc flu hosp,2025-10-25,35,quantile,0.85,0.5100427194950626
2025-10-04,2,wk inc flu hosp,2025-10-25,35,quantile,0.9,0.5100427194950626
2025-10-04,2,wk inc flu hosp,2025-10-25,35,quantile,0.95,0.5100427194950626
2025-10-04,2,wk inc flu hosp,2025-10-25,35,quantile,0.975,0.5100427194950626
2025-10-04,2,wk inc flu hosp,2025-10-25,35,quantile,0.99,0.5100427194950626
2025-10-11,2,wk inc flu hosp,2025-11-01,35,quantile,0.01,12.258530290363204
2025-10-11,2,wk inc flu hosp,2025-11-01,35,quantile,0.025,12.258530290363204
2025-10-11,2,wk inc flu hosp,2025-11-01,35,quantile,0.05,12.258530290363204
2025-10-11,2,wk inc flu hosp,2025-11-01,35,quantile,0.1,12.258530290363204
2025-10-11,2,wk inc flu hosp,2025-11-01,35,quantile,0.15,12.258530290363204
2025-10-11,2,wk inc flu hosp,2025-11-01,35,quantile,0.2,12.258530290363204
2025-10-11,2,wk inc flu hosp,2025-11-01,35,quantile,0.25,12.258530290363204
2025-10-11,2,wk inc flu hosp,2025-11-01,35,quantile,0.3,12.258530290363204
2025-10-11,2,wk inc flu hosp,2025-11-01,35,quantile,0.35,12.258530290363204
2025-10-11,2,wk inc flu hosp,2025-11-01,35,quantile,0.4,12.258530290363204
2025-10-11,2,wk inc flu hosp,2025-11-01,35,quantile,0.45,12.258530290363204
2025-10-11,2,wk inc flu hosp,2025-11-01,35,quantile,0.5,12.258530290363204
2025-10-11,2,wk inc flu hosp,2025-11-01,35,quantile,0.55,12.258530290363204
2025-10-11,2,wk inc flu hosp,2025-11-01,35,quantile,0.6,12.258530290363204
2025-10-11,2,wk inc flu hosp,2025-11-01,35,quantile,0.65,12.258530290363204
2025-10-11,2,wk inc flu hosp,2025-11-01,35,quantile,0.7,12.258530290363204
2025-10-11,2,wk inc flu hosp,2025-11-01,35,quantile,0.75,12.258530290363204
2025-10-11,2,wk inc flu hosp,2025-11-01,35,quantile,0.8,12.258530290363204
2025-10-11,2,wk inc flu hosp,2025-11-01,35,quantile,0.85,12.258530290363204
2025-10-11,2,wk inc flu hosp,2025-11-01,35,quantile,0.9,12.258530290363204
2025-10-11,2,wk inc flu hosp,2025-11-01,35,quantile,0.95,12.258530290363204
2025-10-11,2,wk inc flu hosp,2025-11-01,35,quantile,0.975,12.258530290363204
2025-10-11,2,wk inc flu hosp,2025-11-01,35,quantile,0.99,12.258530290363204
2025-10-18,2,wk inc flu hosp,2025-11-08,35,quantile,0.01,3.322616557528563
2025-10-18,2,wk inc flu hosp,2025-11-08,35,quantile,0.025,3.322616557528563
2025-10-18,2,wk inc flu hosp,2025-11-08,35,quantile,0.05,3.322616557528563
2025-10-18,2,wk inc flu hosp,2025-11-08,35,quantile,0.1,3.322616557528563
2025-10-18,2,wk inc flu hosp,2025-11-08,35,quantile,0.15,3.322616557528563
2025-10-18,2,wk inc flu hosp,2025-11-08,35,quantile,0.2,3.322616557528563
2025-10-18,2,wk inc flu hosp,2025-11-08,35,quantile,0.25,3.322616557528563
2025-10-18,2,wk inc flu hosp,2025-11-08,35,quantile,0.3,3.322616557528563
2025-10-18,2,wk inc flu hosp,2025-11-08,35,quantile,0.35,3.322616557528563
2025-10-18,2,wk inc flu hosp,2025-11-08,35,quantile,0.4,3.322616557528563
2025-10-18,2,wk inc flu hosp,2025-11-08,35,quantile,0.45,3.322616557528563
2025-10-18,2,wk inc flu hosp,2025-11-08,35,quantile,0.5,3.322616557528563
2025-10-18,2,wk inc flu hosp,2025-11-08,35,quantile,0.55,3.322616557528563
2025-10-18,2,wk inc flu hosp,2025-11-08,35,quantile,0.6,3.322616557528563
2025-10-18,2,wk inc flu hosp,2025-11-08,35,quantile,0.65,3.322616557528563
2025-10-18,2,wk inc flu hosp,2025-11-08,35,quantile,0.7,3.322616557528563
2025-10-18,2,wk inc flu hosp,2025-11-08,35,quantile,0.75,3.322616557528563
2025-10-18,2,wk inc flu hosp,2025-11-08,35,quantile,0.8,3.322616557528563
2025-10-18,2,wk inc flu hosp,2025-11-08,35,quantile,0.85,3.322616557528563
2025-10-18,2,wk inc flu hosp,2025-11-08,35,quantile,0.9,3.322616557528563
2025-10-18,2,wk inc flu hosp,2025-11-08,35,quantile,0.95,3.322616557528563
2025-10-18,2,wk inc flu hosp,2025-11-08,35,quantile,0.975,3.322616557528563
2025-10-18,2,wk inc flu hosp,2025-11-08,35,quantile,0.99,3.322616557528563
2025-10-25,2,wk inc flu hosp,2025-11-15,35,quantile,0.01,5.703058097232747
2025-10-25,2,wk inc flu hosp,2025-11-15,35,quantile,0.025,5.703058097232747
2025-10-25,2,wk inc flu hosp,2025-11-15,35,quantile,0.05,5.703058097232747
2025-10-25,2,wk inc flu hosp,2025-11-15,35,quantile,0.1,5.703058097232747
2025-10-25,2,wk inc flu hosp,2025-11-15,35,quantile,0.15,5.703058097232747
2025-10-25,2,wk inc flu hosp,2025-11-15,35,quantile,0.2,5.703058097232747
2025-10-25,2,wk inc flu hosp,2025-11-15,35,quantile,0.25,5.703058097232747
2025-10-25,2,wk inc flu hosp,2025-11-15,35,quantile,0.3,5.703058097232747
2025-10-25,2,wk inc flu hosp,2025-11-15,35,quantile,0.35,5.703058097232747
2025-10-25,2,wk inc flu hosp,2025-11-15,35,quantile,0.4,5.703058097232747
2025-10-25,2,wk inc flu hosp,2025-11-15,35,quantile,0.45,5.703058097232747
2025-10-25,2,wk inc flu hosp,2025-11-15,35,quantile,0.5,5.703058097232747
2025-10-25,2,wk inc flu hosp,2025-11-15,35,quantile,0.55,5.703058097232747
2025-10-25,2,wk inc flu hosp,2025-11-15,35,quantile,0.6,5.703058097232747
2025-10-25,2,wk inc flu hosp,2025-11-15,35,quantile,0.65,5.703058097232747
2025-10-25,2,wk inc flu hosp,2025-11-15,35,quantile,0.7,5.703058097232747
2025-10-25,2,wk inc flu hosp,2025-11-15,35,quantile,0.75,5.703058097232747
2025-10-25,2,wk inc flu hosp,2025-11-15,35,quantile,0.8,5.703058097232747
2025-10-25,2,wk inc flu hosp,2025-11-15,35,quantile,0.85,5.703058097232747
2025-10-25,2,wk inc flu hosp,2025-11-15,35,quantile,0.9,5.703058097232747
2025-10-25,2,wk inc flu hosp,2025-11-15,35,quantile,0.95,5.703058097232747
2025-10-25,2,wk inc flu hosp,2025-11-15,35,quantile,0.975,5.703058097232747
2025-10-25,2,wk inc flu hosp,2025-11-15,35,quantile,0.99,5.703058097232747
2025-11-01,2,wk inc flu hosp,2025-11-22,35,quantile,0.01,14.467308630328642
2025-11-01,2,wk inc flu hosp,2025-11-22,35,quantile,0.025,14.467308630328642
2025-11-01,2,wk inc flu hosp,2025-11-22,35,quantile,0.05,14.467308630328642
2025-11-01,2,wk inc flu hosp,2025-11-22,35,quantile,0.1,14.467308630328642
2025-11-01,2,wk inc flu hosp,2025-11-22,35,quantile,0.15,14.467308630328642
2025-11-01,2,wk inc flu hosp,2025-11-22,35,quantile,0.2,14.467308630328642
2025-11-01,2,wk inc flu hosp,2025-11-22,35,quantile,0.25,14.467308630328642
2025-11-01,2,wk inc flu hosp,2025-11-22,35,quantile,0.3,14.467308630328642
2025-11-01,2,wk inc flu hosp,2025-11-22,35,quantile,0.35,14.467308630328642
2025-11-01,2,wk inc flu hosp,2025-11-22,35,quantile,0.4,14.467308630328642
2025-11-01,2,wk inc flu hosp,2025-11-22,35,quantile,0.45,14.467308630328642
2025-11-01,2,wk inc flu hosp,2025-11-22,35,quantile,0.5,14.467308630328642
2025-11-01,2,wk inc flu hosp,2025-11-22,35,quantile,0.55,14.467308630328642
2025-11-01,2,wk inc flu hosp,2025-11-22,35,quantile,0.6,14.467308630328642
2025-11-01,2,wk inc flu hosp,2025-11-22,35,quantile,0.65,14.467308630328642
2025-11-01,2,wk inc flu hosp,2025-11-22,35,quantile,0.7,14.467308630328642
2025-11-01,2,wk inc flu hosp,2025-11-22,35,quantile,0.75,14.467308630328642
2025-11-01,2,wk inc flu hosp,2025-11-22,35,quantile,0.8,14.467308630328642
2025-11-01,2,wk inc flu hosp,2025-11-22,35,quantile,0.85,14.467308630328642
2025-11-01,2,wk inc flu hosp,2025-11-22,35,quantile,0.9,14.467308630328642
2025-11-01,2,wk inc flu hosp,2025-11-22,35,quantile,0.95,14.467308630328642
2025-11-01,2,wk inc flu hosp,2025-11-22,35,quantile,0.975,14.467308630328642
2025-11-01,2,wk inc flu hosp,2025-11-22,35,quantile,0.99,14.467308630328642
2025-09-20,2,wk inc flu hosp,2025-10-11,36,quantile,0.01,14.84532978795968
2025-09-20,2,wk inc flu hosp,2025-10-11,36,quantile,0.025,14.84532978795968
2025-09-20,2,wk inc flu hosp,2025-10-11,36,quantile,0.05,14.84532978795968
2025-09-20,2,wk inc flu hosp,2025-10-11,36,quantile,0.1,14.84532978795968
2025-09-20,2,wk inc flu hosp,2025-10-11,36,quantile,0.15,14.84532978795968
2025-09-20,2,wk inc flu hosp,2025-10-11,36,quantile,0.2,14.84532978795968
2025-09-20,2,wk inc flu hosp,2025-10-11,36,quantile,0.25,14.84532978795968
2025-09-20,2,wk inc flu hosp,2025-10-11,36,quantile,0.3,14.84532978795968
2025-09-20,2,wk inc flu hosp,2025-10-11,36,quantile,0.35,14.84532978795968
2025-09-20,2,wk inc flu hosp,2025-10-11,36,quantile,0.4,14.84532978795968
2025-09-20,2,wk inc flu hosp,2025-10-11,36,quantile,0.45,14.84532978795968
2025-09-20,2,wk inc flu hosp,2025-10-11,36,quantile,0.5,14.84532978795968
2025-09-20,2,wk inc flu hosp,2025-10-11,36,quantile,0.55,14.84532978795968
2025-09-20,2,wk inc flu hosp,2025-10-11,36,quantile,0.6,14.84532978795968
2025-09-20,2,wk inc flu hosp,2025-10-11,36,quantile,0.65,14.84532978795968
2025-09-20,2,wk inc flu hosp,2025-10-11,36,quantile,0.7,14.84532978795968
2025-09-20,2,wk inc flu hosp,2025-10-11,36,quantile,0.75,14.84532978795968
2025-09-20,2,wk inc flu hosp,2025-10-11,36,quantile,0.8,14.84532978795968
2025-09-20,2,wk inc flu hosp,2025-10-11,36,quantile,0.85,14.84532978795968
2025-09-20,2,wk inc flu hosp,2025-10-11,36,quantile,0.9,14.84532978795968
2025-09-20,2,wk inc flu hosp,2025-10-11,36,quantile,0.95,14.84532978795968
2025-09-20,2,wk inc flu hosp,2025-10-11,36,quantile,0.975,14.84532978795968
2025-09-20,2,wk inc flu hosp,2025-10-11,36,quantile,0.99,14.84532978795968
2025-09-27,2,wk inc flu hosp,2025-10-18,36,quantile,0.01,34.134653913029645
2025-09-27,2,wk inc flu hosp,2025-10-18,36,quantile,0.025,34.134653913029645
2025-09-27,2,wk inc flu hosp,2025-10-18,36,quantile,0.05,34.134653913029645
2025-09-27,2,wk inc flu hosp,2025-10-18,36,quantile,0.1,34.134653913029645
2025-09-27,2,wk inc flu hosp,2025-10-18,36,quantile,0.15,34.134653913029645
2025-09-27,2,wk inc flu hosp,2025-10-18,36,quantile,0.2,34.134653913029645
2025-09-27,2,wk inc flu hosp,2025-10-18,36,quantile,0.25,34.134653913029645
2025-09-27,2,wk inc flu hosp,2025-10-18,36,quantile,0.3,34.134653913029645
2025-09-27,2,wk inc flu hosp,2025-10-18,36,quantile,0.35,34.134653913029645
2025-09-27,2,wk inc flu hosp,2025-10-18,36,quantile,0.4,34.134653913029645
2025-09-27,2,wk inc flu hosp,2025-10-18,36,quantile,0.45,34.134653913029645
2025-09-27,2,wk inc flu hosp,2025-10-18,36,quantile,0.5,34.134653913029645
2025-09-27,2,wk inc flu hosp,2025-10-18,36,quantile,0.55,34.134653913029645
2025-09-27,2,wk inc flu hosp,2025-10-18,36,quantile,0.6,34.134653913029645
2025-09-27,2,wk inc flu hosp,2025-10-18,36,quantile,0.65,34.134653913029645
2025-09-27,2,wk inc flu hosp,2025-10-18,36,quantile,0.7,34.134653913029645
2025-09-27,2,wk inc flu hosp,2025-10-18,36,quantile,0.75,34.134653913029645
2025-09-27,2,wk inc flu hosp,2025-10-18,36,quantile,0.8,34.134653913029645
2025-09-27,2,wk inc flu hosp,2025-10-18,36,quantile,0.85,34.134653913029645
2025-09-27,2,wk inc flu hosp,2025-10-18,36,quantile,0.9,34.134653913029645
2025-09-27,2,wk inc flu hosp,2025-10-18,36,quantile,0.95,34.134653913029645
2025-09-27,2,wk inc flu hosp,2025-10-18,36,quantile,0.975,34.134653913029645
2025-09-27,2,wk inc flu hosp,2025-10-18,36,quantile,0.99,34.134653913029645
2025-10-04,2,wk inc flu hosp,2025-10-25,36,quantile,0.01,20.74926696964446
2025-10-04,2,wk inc flu hosp,2025-10-25,36,quantile,0.025,20.74926696964446
2025-10-04,2,wk inc flu hosp,2025-10-25,36,quantile,0.05,20.74926696964446
2025-10-04,2,wk inc flu hosp,2025-10-25,36,quantile,0.1,20.74926696964446
2025-10-04,2,wk inc flu hosp,2025-10-25,36,quantile,0.15,20.74926696964446
2025-10-04,2,wk inc flu hosp,2025-10-25,36,quantile,0.2,20.74926696964446
2025-10-04,2,wk inc flu hosp,2025-10-25,36,quantile,0.25,20.74926696964446
2025-10-04,2,wk inc flu hosp,2025-10-25,36,quantile,0.3,20.74926696964446
2025-10-04,2,wk inc flu hosp,2025-10-25,36,quantile,0.35,20.74926696964446
2025-10-04,2,wk inc flu hosp,2025-10-25,36,quantile,0.4,20.74926696964446
2025-10-04,2,wk inc flu hosp,2025-10-25,36,quantile,0.45,20.74926696964446
2025-10-04,2,wk inc flu hosp,2025-10-25,36,quantile,0.5,20.74926696964446
2025-10-04,2,wk inc flu hosp,2025-10-25,36,quantile,0.55,20.74926696964446
2025-10-04,2,wk inc flu hosp,2025-10-25,36,quantile,0.6,20.74926696964446
2025-10-04,2,wk inc flu hosp,2025-10-25,36,quantile,0.65,20.74926696964446
2025-10-04,2,wk inc flu hosp,2025-10-25,36,quantile,0.7,20.74926696964446
2025-10-04,2,wk inc flu hosp,2025-10-25,36,quantile,0.75,20.74926696964446
2025-10-04,2,wk inc flu hosp,2025-10-25,36,quantile,0.8,20.74926696964446
2025-10-04,2,wk inc flu hosp,2025-10-25,36,quantile,0.85,20.74926696964446
2025-10-04,2,wk inc flu hosp,2025-10-25,36,quantile,0.9,20.74926696964446
2025-10-04,2,wk inc flu hosp,2025-10-25,36,quantile,0.95,20.74926696964446
2025-10-04,2,wk inc flu hosp,2025-10-25,36,quantile,0.975,20.74926696964446
2025-10-04,2,wk inc flu hosp,2025-10-25,36,quantile,0.99,20.74926696964446
2025-10-11,2,wk inc flu hosp,2025-11-01,36,quantile,0.01,31.21334247207554
2025-10-11,2,wk inc flu hosp,2025-11-01,36,quantile,0.025,31.21334247207554
2025-10-11,2,wk inc flu hosp,2025-11-01,36,quantile,0.05,31.21334247207554
2025-10-11,2,wk inc flu hosp,2025-11-01,36,quantile,0.1,31.21334247207554
2025-10-11,2,wk inc flu hosp,2025-11-01,36,quantile,0.15,31.21334247207554
2025-10-11,2,wk inc flu hosp,2025-11-01,36,quantile,0.2,31.21334247207554
2025-10-11,2,wk inc flu hosp,2025-11-01,36,quantile,0.25,31.21334247207554
2025-10-11,2,wk inc flu hosp,2025-11-01,36,quantile,0.3,31.21334247207554
2025-10-11,2,wk inc flu hosp,2025-11-01,36,quantile,0.35,31.21334247207554
2025-10-11,2,wk inc flu hosp,2025-11-01,36,quantile,0.4,31.21334247207554
2025-10-11,2,wk inc flu hosp,2025-11-01,36,quantile,0.45,31.21334247207554
2025-10-11,2,wk inc flu hosp,2025-11-01,36,quantile,0.5,31.21334247207554
2025-10-11,2,wk inc flu hosp,2025-11-01,36,quantile,0.55,31.21334247207554
2025-10-11,2,wk inc flu hosp,2025-11-01,36,quantile,0.6,31.21334247207554
2025-10-11,2,wk inc flu hosp,2025-11-01,36,quantile,0.65,31.21334247207554
2025-10-11,2,wk inc flu hosp,2025-11-01,36,quantile,0.7,31.21334247207554
2025-10-11,2,wk inc flu hosp,2025-11-01,36,quantile,0.75,31.21334247207554
2025-10-11,2,wk inc flu hosp,2025-11-01,36,quantile,0.8,31.21334247207554
2025-10-11,2,wk inc flu hosp,2025-11-01,36,quantile,0.85,31.21334247207554
2025-10-11,2,wk inc flu hosp,2025-11-01,36,quantile,0.9,31.21334247207554
2025-10-11,2,wk inc flu hosp,2025-11-01,36,quantile,0.95,31.21334247207554
2025-10-11,2,wk inc flu hosp,2025-11-01,36,quantile,0.975,31.21334247207554
2025-10-11,2,wk inc flu hosp,2025-11-01,36,quantile,0.99,31.21334247207554
2025-10-18,2,wk inc flu hosp,2025-11-08,36,quantile,0.01,50.160440704240536
2025-10-18,2,wk inc flu hosp,2025-11-08,36,quantile,0.025,50.160440704240536
2025-10-18,2,wk inc flu hosp,2025-11-08,36,quantile,0.05,50.160440704240536
2025-10-18,2,wk inc flu hosp,2025-11-08,36,quantile,0.1,50.160440704240536
2025-10-18,2,wk inc flu hosp,2025-11-08,36,quantile,0.15,50.160440704240536
2025-10-18,2,wk inc flu hosp,2025-11-08,36,quantile,0.2,50.160440704240536
2025-10-18,2,wk inc flu hosp,2025-11-08,36,quantile,0.25,50.160440704240536
2025-10-18,2,wk inc flu hosp,2025-11-08,36,quantile,0.3,50.160440704240536
2025-10-18,2,wk inc flu hosp,2025-11-08,36,quantile,0.35,50.160440704240536
2025-10-18,2,wk inc flu hosp,2025-11-08,36,quantile,0.4,50.160440704240536
2025-10-18,2,wk inc flu hosp,2025-11-08,36,quantile,0.45,50.160440704240536
2025-10-18,2,wk inc flu hosp,2025-11-08,36,quantile,0.5,50.160440704240536
2025-10-18,2,wk inc flu hosp,2025-11-08,36,quantile,0.55,50.160440704240536
2025-10-18,2,wk inc flu hosp,2025-11-08,36,quantile,0.6,50.160440704240536
2025-10-18,2,wk inc flu hosp,2025-11-08,36,quantile,0.65,50.160440704240536
2025-10-18,2,wk inc flu hosp,2025-11-08,36,quantile,0.7,50.160440704240536
2025-10-18,2,wk inc flu hosp,2025-11-08,36,quantile,0.75,50.160440704240536
2025-10-18,2,wk inc flu hosp,2025-11-08,36,quantile,0.8,50.160440704240536
2025-10-18,2,wk inc flu hosp,2025-11-08,36,quantile,0.85,50.160440704240536
2025-10-18,2,wk inc flu hosp,2025-11-08,36,quantile,0.9,50.160440704240536
2025-10-18,2,wk inc flu hosp,2025-11-08,36,quantile,0.95,50.160440704240536
2025-10-18,2,wk inc flu hosp,2025-11-08,36,quantile,0.975,50.160440704240536
2025-10-18,2,wk inc flu hosp,2025-11-08,36,quantile,0.99,50.160440704240536
2025-10-25,2,wk inc flu hosp,2025-11-15,36,quantile,0.01,35.99720192651186
2025-10-25,2,wk inc flu hosp,2025-11-15,36,quantile,0.025,35.99720192651186
2025-10-25,2,wk inc flu hosp,2025-11-15,36,quantile,0.05,35.99720192651186
2025-10-25,2,wk inc flu hosp,2025-11-15,36,quantile,0.1,35.99720192651186
2025-10-25,2,wk inc flu hosp,2025-11-15,36,quantile,0.15,35.99720192651186
2025-10-25,2,wk inc flu hosp,2025-11-15,36,quantile,0.2,35.99720192651186
2025-10-25,2,wk inc flu hosp,2025-11-15,36,quantile,0.25,35.99720192651186
2025-10-25,2,wk inc flu hosp,2025-11-15,36,quantile,0.3,35.99720192651186
2025-10-25,2,wk inc flu hosp,2025-11-15,36,quantile,0.35,35.99720192651186
2025-10-25,2,wk inc flu hosp,2025-11-15,36,quantile,0.4,35.99720192651186
2025-10-25,2,wk inc flu hosp,2025-11-15,36,quantile,0.45,35.99720192651186
2025-10-25,2,wk inc flu hosp,2025-11-15,36,quantile,0.5,35.99720192651186
2025-10-25,2,wk inc flu hosp,2025-11-15,36,quantile,0.55,35.99720192651186
2025-10-25,2,wk inc flu hosp,2025-11-15,36,quantile,0.6,35.99720192651186
2025-10-25,2,wk inc flu hosp,2025-11-15,36,quantile,0.65,35.99720192651186
2025-10-25,2,wk inc flu hosp,2025-11-15,36,quantile,0.7,35.99720192651186
2025-10-25,2,wk inc flu hosp,2025-11-15,36,quantile,0.75,35.99720192651186
2025-10-25,2,wk inc flu hosp,2025-11-15,36,quantile,0.8,35.99720192651186
2025-10-25,2,wk inc flu hosp,2025-11-15,36,quantile,0.85,35.99720192651186
2025-10-25,2,wk inc flu hosp,2025-11-15,36,quantile,0.9,35.99720192651186
2025-10-25,2,wk inc flu hosp,2025-11-15,36,quantile,0.95,35.99720192651186
2025-10-25,2,wk inc flu hosp,2025-11-15,36,quantile,0.975,35.99720192651186
2025-10-25,2,wk inc flu hosp,2025-11-15,36,quantile,0.99,35.99720192651186
2025-11-01,2,wk inc flu hosp,2025-11-22,36,quantile,0.01,156.01877504664472
2025-11-01,2,wk inc flu hosp,2025-11-22,36,quantile,0.025,156.01877504664472
2025-11-01,2,wk inc flu hosp,2025-11-22,36,quantile,0.05,156.01877504664472
2025-11-01,2,wk inc flu hosp,2025-11-22,36,quantile,0.1,156.01877504664472
2025-11-01,2,wk inc flu hosp,2025-11-22,36,quantile,0.15,156.01877504664472
2025-11-01,2,wk inc flu hosp,2025-11-22,36,quantile,0.2,156.01877504664472
2025-11-01,2,wk inc flu hosp,2025-11-22,36,quantile,0.25,156.01877504664472
2025-11-01,2,wk inc flu hosp,2025-11-22,36,quantile,0.3,156.01877504664472
2025-11-01,2,wk inc flu hosp,2025-11-22,36,quantile,0.35,156.01877504664472
2025-11-01,2,wk inc flu hosp,2025-11-22,36,quantile,0.4,156.01877504664472
2025-11-01,2,wk inc flu hosp,2025-11-22,36,quantile,0.45,156.01877504664472
2025-11-01,2,wk inc flu hosp,2025-11-22,36,quantile,0.5,156.01877504664472
2025-11-01,2,wk inc flu hosp,2025-11-22,36,quantile,0.55,156.01877504664472
2025-11-01,2,wk inc flu hosp,2025-11-22,36,quantile,0.6,156.01877504664472
2025-11-01,2,wk inc flu hosp,2025-11-22,36,quantile,0.65,156.01877504664472
2025-11-01,2,wk inc flu hosp,2025-11-22,36,quantile,0.7,156.01877504664472
2025-11-01,2,wk inc flu hosp,2025-11-22,36,quantile,0.75,156.01877504664472
2025-11-01,2,wk inc flu hosp,2025-11-22,36,quantile,0.8,156.01877504664472
2025-11-01,2,wk inc flu hosp,2025-11-22,36,quantile,0.85,156.01877504664472
2025-11-01,2,wk inc flu hosp,2025-11-22,36,quantile,0.9,156.01877504664472
2025-11-01,2,wk inc flu hosp,2025-11-22,36,quantile,0.95,156.01877504664472
2025-11-01,2,wk inc flu hosp,2025-11-22,36,quantile,0.975,156.01877504664472
2025-11-01,2,wk inc flu hosp,2025-11-22,36,quantile,0.99,156.01877504664472
2025-09-20,2,wk inc flu hosp,2025-10-11,37,quantile,0.01,12.55884318349603
2025-09-20,2,wk inc flu hosp,2025-10-11,37,quantile,0.025,12.55884318349603
2025-09-20,2,wk inc flu hosp,2025-10-11,37,quantile,0.05,12.55884318349603
2025-09-20,2,wk inc flu hosp,2025-10-11,37,quantile,0.1,12.55884318349603
2025-09-20,2,wk inc flu hosp,2025-10-11,37,quantile,0.15,12.55884318349603
2025-09-20,2,wk inc flu hosp,2025-10-11,37,quantile,0.2,12.55884318349603
2025-09-20,2,wk inc flu hosp,2025-10-11,37,quantile,0.25,12.55884318349603
2025-09-20,2,wk inc flu hosp,2025-10-11,37,quantile,0.3,12.55884318349603
2025-09-20,2,wk inc flu hosp,2025-10-11,37,quantile,0.35,12.55884318349603
2025-09-20,2,wk inc flu hosp,2025-10-11,37,quantile,0.4,12.55884318349603
2025-09-20,2,wk inc flu hosp,2025-10-11,37,quantile,0.45,12.55884318349603
2025-09-20,2,wk inc flu hosp,2025-10-11,37,quantile,0.5,12.55884318349603
2025-09-20,2,wk inc flu hosp,2025-10-11,37,quantile,0.55,12.55884318349603
2025-09-20,2,wk inc flu hosp,2025-10-11,37,quantile,0.6,12.55884318349603
2025-09-20,2,wk inc flu hosp,2025-10-11,37,quantile,0.65,12.55884318349603
2025-09-20,2,wk inc flu hosp,2025-10-11,37,quantile,0.7,12.55884318349603
2025-09-20,2,wk inc flu hosp,2025-10-11,37,quantile,0.75,12.55884318349603
2025-09-20,2,wk inc flu hosp,2025-10-11,37,quantile,0.8,12.55884318349603
2025-09-20,2,wk inc flu hosp,2025-10-11,37,quantile,0.85,12.55884318349603
2025-09-20,2,wk inc flu hosp,2025-10-11,37,quantile,0.9,12.55884318349603
2025-09-20,2,wk inc flu hosp,2025-10-11,37,quantile,0.95,12.55884318349603
2025-09-20,2,wk inc flu hosp,2025-10-11,37,quantile,0.975,12.55884318349603
2025-09-20,2,wk inc flu hosp,2025-10-11,37,quantile,0.99,12.55884318349603
2025-09-27,2,wk inc flu hosp,2025-10-18,37,quantile,0.01,60.6344051934119
2025-09-27,2,wk inc flu hosp,2025-10-18,37,quantile,0.025,60.6344051934119
2025-09-27,2,wk inc flu hosp,2025-10-18,37,quantile,0.05,60.6344051934119
2025-09-27,2,wk inc flu hosp,2025-10-18,37,quantile,0.1,60.6344051934119
2025-09-27,2,wk inc flu hosp,2025-10-18,37,quantile,0.15,60.6344051934119
2025-09-27,2,wk inc flu hosp,2025-10-18,37,quantile,0.2,60.6344051934119
2025-09-27,2,wk inc flu hosp,2025-10-18,37,quantile,0.25,60.6344051934119
2025-09-27,2,wk inc flu hosp,2025-10-18,37,quantile,0.3,60.6344051934119
2025-09-27,2,wk inc flu hosp,2025-10-18,37,quantile,0.35,60.6344051934119
2025-09-27,2,wk inc flu hosp,2025-10-18,37,quantile,0.4,60.6344051934119
2025-09-27,2,wk inc flu hosp,2025-10-18,37,quantile,0.45,60.6344051934119
2025-09-27,2,wk inc flu hosp,2025-10-18,37,quantile,0.5,60.6344051934119
2025-09-27,2,wk inc flu hosp,2025-10-18,37,quantile,0.55,60.6344051934119
2025-09-27,2,wk inc flu hosp,2025-10-18,37,quantile,0.6,60.6344051934119
2025-09-27,2,wk inc flu hosp,2025-10-18,37,quantile,0.65,60.6344051934119
2025-09-27,2,wk inc flu hosp,2025-10-18,37,quantile,0.7,60.6344051934119
2025-09-27,2,wk inc flu hosp,2025-10-18,37,quantile,0.75,60.6344051934119
2025-09-27,2,wk inc flu hosp,2025-10-18,37,quantile,0.8,60.6344051934119
2025-09-27,2,wk inc flu hosp,2025-10-18,37,quantile,0.85,60.6344051934119
2025-09-27,2,wk inc flu hosp,2025-10-18,37,quantile,0.9,60.6344051934119
2025-09-27,2,wk inc flu hosp,2025-10-18,37,quantile,0.95,60.6344051934119
2025-09-27,2,wk inc flu hosp,2025-10-18,37,quantile,0.975,60.6344051934119
2025-09-27,2,wk inc flu hosp,2025-10-18,37,quantile,0.99,60.6344051934119
2025-10-04,2,wk inc flu hosp,2025-10-25,37,quantile,0.01,17.48816905738152
2025-10-04,2,wk inc flu hosp,2025-10-25,37,quantile,0.025,17.48816905738152
2025-10-04,2,wk inc flu hosp,2025-10-25,37,quantile,0.05,17.48816905738152
2025-10-04,2,wk inc flu hosp,2025-10-25,37,quantile,0.1,17.48816905738152
2025-10-04,2,wk inc flu hosp,2025-10-25,37,quantile,0.15,17.48816905738152
2025-10-04,2,wk inc flu hosp,2025-10-25,37,quantile,0.2,17.48816905738152
2025-10-04,2,wk inc flu hosp,2025-10-25,37,quantile,0.25,17.48816905738152
2025-10-04,2,wk inc flu hosp,2025-10-25,37,quantile,0.3,17.48816905738152
2025-10-04,2,wk inc flu hosp,2025-10-25,37,quantile,0.35,17.48816905738152
2025-10-04,2,wk inc flu hosp,2025-10-25,37,quantile,0.4,17.48816905738152
2025-10-04,2,wk inc flu hosp,2025-10-25,37,quantile,0.45,17.48816905738152
2025-10-04,2,wk inc flu hosp,2025-10-25,37,quantile,0.5,17.48816905738152
2025-10-04,2,wk inc flu hosp,2025-10-25,37,quantile,0.55,17.48816905738152
2025-10-04,2,wk inc flu hosp,2025-10-25,37,quantile,0.6,17.48816905738152
2025-10-04,2,wk inc flu hosp,2025-10-25,37,quantile,0.65,17.48816905738152
2025-10-04,2,wk inc flu hosp,2025-10-25,37,quantile,0.7,17.48816905738152
2025-10-04,2,wk inc flu hosp,2025-10-25,37,quantile,0.75,17.48816905738152
2025-10-04,2,wk inc flu hosp,2025-10-25,37,quantile,0.8,17.48816905738152
2025-10-04,2,wk inc flu hosp,2025-10-25,37,quantile,0.85,17.48816905738152
2025-10-04,2,wk inc flu hosp,2025-10-25,37,quantile,0.9,17.48816905738152
2025-10-04,2,wk inc flu hosp,2025-10-25,37,quantile,0.95,17.48816905738152
2025-10-04,2,wk inc flu hosp,2025-10-25,37,quantile,0.975,17.48816905738152
2025-10-04,2,wk inc flu hosp,2025-10-25,37,quantile,0.99,17.48816905738152
2025-10-11,2,wk inc flu hosp,2025-11-01,37,quantile,0.01,18.123053614350972
2025-10-11,2,wk inc flu hosp,2025-11-01,37,quantile,0.025,18.123053614350972
2025-10-11,2,wk inc flu hosp,2025-11-01,37,quantile,0.05,18.123053614350972
2025-10-11,2,wk inc flu hosp,2025-11-01,37,quantile,0.1,18.123053614350972
2025-10-11,2,wk inc flu hosp,2025-11-01,37,quantile,0.15,18.123053614350972
2025-10-11,2,wk inc flu hosp,2025-11-01,37,quantile,0.2,18.123053614350972
2025-10-11,2,wk inc flu hosp,2025-11-01,37,quantile,0.25,18.123053614350972
2025-10-11,2,wk inc flu hosp,2025-11-01,37,quantile,0.3,18.123053614350972
2025-10-11,2,wk inc flu hosp,2025-11-01,37,quantile,0.35,18.123053614350972
2025-10-11,2,wk inc flu hosp,2025-11-01,37,quantile,0.4,18.123053614350972
2025-10-11,2,wk inc flu hosp,2025-11-01,37,quantile,0.45,18.123053614350972
2025-10-11,2,wk inc flu hosp,2025-11-01,37,quantile,0.5,18.123053614350972
2025-10-11,2,wk inc flu hosp,2025-11-01,37,quantile,0.55,18.123053614350972
2025-10-11,2,wk inc flu hosp,2025-11-01,37,quantile,0.6,18.123053614350972
2025-10-11,2,wk inc flu hosp,2025-11-01,37,quantile,0.65,18.123053614350972
2025-10-11,2,wk inc flu hosp,2025-11-01,37,quantile,0.7,18.123053614350972
2025-10-11,2,wk inc flu hosp,2025-11-01,37,quantile,0.75,18.123053614350972
2025-10-11,2,wk inc flu hosp,2025-11-01,37,quantile,0.8,18.123053614350972
2025-10-11,2,wk inc flu hosp,2025-11-01,37,quantile,0.85,18.123053614350972
2025-10-11,2,wk inc flu hosp,2025-11-01,37,quantile,0.9,18.123053614350972
2025-10-11,2,wk inc flu hosp,2025-11-01,37,quantile,0.95,18.123053614350972
2025-10-11,2,wk inc flu hosp,2025-11-01,37,quantile,0.975,18.123053614350972
2025-10-11,2,wk inc flu hosp,2025-11-01,37,quantile,0.99,18.123053614350972
2025-10-18,2,wk inc flu hosp,2025-11-08,37,quantile,0.01,34.745564871698626
2025-10-18,2,wk inc flu hosp,2025-11-08,37,quantile,0.025,34.745564871698626
2025-10-18,2,wk inc flu hosp,2025-11-08,37,quantile,0.05,34.745564871698626
2025-10-18,2,wk inc flu hosp,2025-11-08,37,quantile,0.1,34.745564871698626
2025-10-18,2,wk inc flu hosp,2025-11-08,37,quantile,0.15,34.745564871698626
2025-10-18,2,wk inc flu hosp,2025-11-08,37,quantile,0.2,34.745564871698626
2025-10-18,2,wk inc flu hosp,2025-11-08,37,quantile,0.25,34.745564871698626
2025-10-18,2,wk inc flu hosp,2025-11-08,37,quantile,0.3,34.745564871698626
2025-10-18,2,wk inc flu hosp,2025-11-08,37,quantile,0.35,34.745564871698626
2025-10-18,2,wk inc flu hosp,2025-11-08,37,quantile,0.4,34.745564871698626
2025-10-18,2,wk inc flu hosp,2025-11-08,37,quantile,0.45,34.745564871698626
2025-10-18,2,wk inc flu hosp,2025-11-08,37,quantile,0.5,34.745564871698626
2025-10-18,2,wk inc flu hosp,2025-11-08,37,quantile,0.55,34.745564871698626
2025-10-18,2,wk inc flu hosp,2025-11-08,37,quantile,0.6,34.745564871698626
2025-10-18,2,wk inc flu hosp,2025-11-08,37,quantile,0.65,34.745564871698626
2025-10-18,2,wk inc flu hosp,2025-11-08,37,quantile,0.7,34.745564871698626
2025-10-18,2,wk inc flu hosp,2025-11-08,37,quantile,0.75,34.745564871698626
2025-10-18,2,wk inc flu hosp,2025-11-08,37,quantile,0.8,34.745564871698626
2025-10-18,2,wk inc flu hosp,2025-11-08,37,quantile,0.85,34.745564871698626
2025-10-18,2,wk inc flu hosp,2025-11-08,37,quantile,0.9,34.745564871698626
2025-10-18,2,wk inc flu hosp,2025-11-08,37,quantile,0.95,34.745564871698626
2025-10-18,2,wk inc flu hosp,2025-11-08,37,quantile,0.975,34.745564871698626
2025-10-18,2,wk inc flu hosp,2025-11-08,37,quantile,0.99,34.745564871698626
2025-10-25,2,wk inc flu hosp,2025-11-15,37,quantile,0.01,26.141035771024463
2025-10-25,2,wk inc flu hosp,2025-11-15,37,quantile,0.025,26.141035771024463
2025-10-25,2,wk inc flu hosp,2025-11-15,37,quantile,0.05,26.141035771024463
2025-10-25,2,wk inc flu hosp,2025-11-15,37,quantile,0.1,26.141035771024463
2025-10-25,2,wk inc flu hosp,2025-11-15,37,quantile,0.15,26.141035771024463
2025-10-25,2,wk inc flu hosp,2025-11-15,37,quantile,0.2,26.141035771024463
2025-10-25,2,wk inc flu hosp,2025-11-15,37,quantile,0.25,26.141035771024463
2025-10-25,2,wk inc flu hosp,2025-11-15,37,quantile,0.3,26.141035771024463
2025-10-25,2,wk inc flu hosp,2025-11-15,37,quantile,0.35,26.141035771024463
2025-10-25,2,wk inc flu hosp,2025-11-15,37,quantile,0.4,26.141035771024463
2025-10-25,2,wk inc flu hosp,2025-11-15,37,quantile,0.45,26.141035771024463
2025-10-25,2,wk inc flu hosp,2025-11-15,37,quantile,0.5,26.141035771024463
2025-10-25,2,wk inc flu hosp,2025-11-15,37,quantile,0.55,26.141035771024463
2025-10-25,2,wk inc flu hosp,2025-11-15,37,quantile,0.6,26.141035771024463
2025-10-25,2,wk inc flu hosp,2025-11-15,37,quantile,0.65,26.141035771024463
2025-10-25,2,wk inc flu hosp,2025-11-15,37,quantile,0.7,26.141035771024463
2025-10-25,2,wk inc flu hosp,2025-11-15,37,quantile,0.75,26.141035771024463
2025-10-25,2,wk inc flu hosp,2025-11-15,37,quantile,0.8,26.141035771024463
2025-10-25,2,wk inc flu hosp,2025-11-15,37,quantile,0.85,26.141035771024463
2025-10-25,2,wk inc flu hosp,2025-11-15,37,quantile,0.9,26.141035771024463
2025-10-25,2,wk inc flu hosp,2025-11-15,37,quantile,0.95,26.141035771024463
2025-10-25,2,wk inc flu hosp,2025-11-15,37,quantile,0.975,26.141035771024463
2025-10-25,2,wk inc flu hosp,2025-11-15,37,quantile,0.99,26.141035771024463
2025-11-01,2,wk inc flu hosp,2025-11-22,37,quantile,0.01,59.53046366198747
2025-11-01,2,wk inc flu hosp,2025-11-22,37,quantile,0.025,59.53046366198747
2025-11-01,2,wk inc flu hosp,2025-11-22,37,quantile,0.05,59.53046366198747
2025-11-01,2,wk inc flu hosp,2025-11-22,37,quantile,0.1,59.53046366198747
2025-11-01,2,wk inc flu hosp,2025-11-22,37,quantile,0.15,59.53046366198747
2025-11-01,2,wk inc flu hosp,2025-11-22,37,quantile,0.2,59.53046366198747
2025-11-01,2,wk inc flu hosp,2025-11-22,37,quantile,0.25,59.53046366198747
2025-11-01,2,wk inc flu hosp,2025-11-22,37,quantile,0.3,59.53046366198747
2025-11-01,2,wk inc flu hosp,2025-11-22,37,quantile,0.35,59.53046366198747
2025-11-01,2,wk inc flu hosp,2025-11-22,37,quantile,0.4,59.53046366198747
2025-11-01,2,wk inc flu hosp,2025-11-22,37,quantile,0.45,59.53046366198747
2025-11-01,2,wk inc flu hosp,2025-11-22,37,quantile,0.5,59.53046366198747
2025-11-01,2,wk inc flu hosp,2025-11-22,37,quantile,0.55,59.53046366198747
2025-11-01,2,wk inc flu hosp,2025-11-22,37,quantile,0.6,59.53046366198747
2025-11-01,2,wk inc flu hosp,2025-11-22,37,quantile,0.65,59.53046366198747
2025-11-01,2,wk inc flu hosp,2025-11-22,37,quantile,0.7,59.53046366198747
2025-11-01,2,wk inc flu hosp,2025-11-22,37,quantile,0.75,59.53046366198747
2025-11-01,2,wk inc flu hosp,2025-11-22,37,quantile,0.8,59.53046366198747
2025-11-01,2,wk inc flu hosp,2025-11-22,37,quantile,0.85,59.53046366198747
2025-11-01,2,wk inc flu hosp,2025-11-22,37,quantile,0.9,59.53046366198747
2025-11-01,2,wk inc flu hosp,2025-11-22,37,quantile,0.95,59.53046366198747
2025-11-01,2,wk inc flu hosp,2025-11-22,37,quantile,0.975,59.53046366198747
2025-11-01,2,wk inc flu hosp,2025-11-22,37,quantile,0.99,59.53046366198747
2025-09-20,2,wk inc flu hosp,2025-10-11,38,quantile,0.01,1.9681813732641
2025-09-20,2,wk inc flu hosp,2025-10-11,38,quantile,0.025,1.9681813732641
2025-09-20,2,wk inc flu hosp,2025-10-11,38,quantile,0.05,1.9681813732641
2025-09-20,2,wk inc flu hosp,2025-10-11,38,quantile,0.1,1.9681813732641
2025-09-20,2,wk inc flu hosp,2025-10-11,38,quantile,0.15,1.9681813732641
2025-09-20,2,wk inc flu hosp,2025-10-11,38,quantile,0.2,1.9681813732641
2025-09-20,2,wk inc flu hosp,2025-10-11,38,quantile,0.25,1.9681813732641
2025-09-20,2,wk inc flu hosp,2025-10-11,38,quantile,0.3,1.9681813732641
2025-09-20,2,wk inc flu hosp,2025-10-11,38,quantile,0.35,1.9681813732641
2025-09-20,2,wk inc flu hosp,2025-10-11,38,quantile,0.4,1.9681813732641
2025-09-20,2,wk inc flu hosp,2025-10-11,38,quantile,0.45,1.9681813732641
2025-09-20,2,wk inc flu hosp,2025-10-11,38,quantile,0.5,1.9681813732641
2025-09-20,2,wk inc flu hosp,2025-10-11,38,quantile,0.55,1.9681813732641
2025-09-20,2,wk inc flu hosp,2025-10-11,38,quantile,0.6,1.9681813732641
2025-09-20,2,wk inc flu hosp,2025-10-11,38,quantile,0.65,1.9681813732641
2025-09-20,2,wk inc flu hosp,2025-10-11,38,quantile,0.7,1.9681813732641
2025-09-20,2,wk inc flu hosp,2025-10-11,38,quantile,0.75,1.9681813732641
2025-09-20,2,wk inc flu hosp,2025-10-11,38,quantile,0.8,1.9681813732641
2025-09-20,2,wk inc flu hosp,2025-10-11,38,quantile,0.85,1.9681813732641
2025-09-20,2,wk inc flu hosp,2025-10-11,38,quantile,0.9,1.9681813732641
2025-09-20,2,wk inc flu hosp,2025-10-11,38,quantile,0.95,1.9681813732641
2025-09-20,2,wk inc flu hosp,2025-10-11,38,quantile,0.975,1.9681813732641
2025-09-20,2,wk inc flu hosp,2025-10-11,38,quantile,0.99,1.9681813732641
2025-09-27,2,wk inc flu hosp,2025-10-18,38,quantile,0.01,1.3828453916569479
2025-09-27,2,wk inc flu hosp,2025-10-18,38,quantile,0.025,1.3828453916569479
2025-09-27,2,wk inc flu hosp,2025-10-18,38,quantile,0.05,1.3828453916569479
2025-09-27,2,wk inc flu hosp,2025-10-18,38,quantile,0.1,1.3828453916569479
2025-09-27,2,wk inc flu hosp,2025-10-18,38,quantile,0.15,1.3828453916569479
2025-09-27,2,wk inc flu hosp,2025-10-18,38,quantile,0.2,1.3828453916569479
2025-09-27,2,wk inc flu hosp,2025-10-18,38,quantile,0.25,1.3828453916569479
2025-09-27,2,wk inc flu hosp,2025-10-18,38,quantile,0.3,1.3828453916569479
2025-09-27,2,wk inc flu hosp,2025-10-18,38,quantile,0.35,1.3828453916569479
2025-09-27,2,wk inc flu hosp,2025-10-18,38,quantile,0.4,1.3828453916569479
2025-09-27,2,wk inc flu hosp,2025-10-18,38,quantile,0.45,1.3828453916569479
2025-09-27,2,wk inc flu hosp,2025-10-18,38,quantile,0.5,1.3828453916569479
2025-09-27,2,wk inc flu hosp,2025-10-18,38,quantile,0.55,1.3828453916569479
2025-09-27,2,wk inc flu hosp,2025-10-18,38,quantile,0.6,1.3828453916569479
2025-09-27,2,wk inc flu hosp,2025-10-18,38,quantile,0.65,1.3828453916569479
2025-09-27,2,wk inc flu hosp,2025-10-18,38,quantile,0.7,1.3828453916569479
2025-09-27,2,wk inc flu hosp,2025-10-18,38,quantile,0.75,1.3828453916569479
2025-09-27,2,wk inc flu hosp,2025-10-18,38,quantile,0.8,1.3828453916569479
2025-09-27,2,wk inc flu hosp,2025-10-18,38,quantile,0.85,1.3828453916569479
2025-09-27,2,wk inc flu hosp,2025-10-18,38,quantile,0.9,1.3828453916569479
2025-09-27,2,wk inc flu hosp,2025-10-18,38,quantile,0.95,1.3828453916569479
2025-09-27,2,wk inc flu hosp,2025-10-18,38,quantile,0.975,1.3828453916569479
2025-09-27,2,wk inc flu hosp,2025-10-18,38,quantile,0.99,1.3828453916569479
2025-10-04,2,wk inc flu hosp,2025-10-25,38,quantile,0.01,2.1559532498968577
2025-10-04,2,wk inc flu hosp,2025-10-25,38,quantile,0.025,2.1559532498968577
2025-10-04,2,wk inc flu hosp,2025-10-25,38,quantile,0.05,2.1559532498968577
2025-10-04,2,wk inc flu hosp,2025-10-25,38,quantile,0.1,2.1559532498968577
2025-10-04,2,wk inc flu hosp,2025-10-25,38,quantile,0.15,2.1559532498968577
2025-10-04,2,wk inc flu hosp,2025-10-25,38,quantile,0.2,2.1559532498968577
2025-10-04,2,wk inc flu hosp,2025-10-25,38,quantile,0.25,2.1559532498968577
2025-10-04,2,wk inc flu hosp,2025-10-25,38,quantile,0.3,2.1559532498968577
2025-10-04,2,wk inc flu hosp,2025-10-25,38,quantile,0.35,2.1559532498968577
2025-10-04,2,wk inc flu hosp,2025-10-25,38,quantile,0.4,2.1559532498968577
2025-10-04,2,wk inc flu hosp,2025-10-25,38,quantile,0.45,2.1559532498968577
2025-10-04,2,wk inc flu hosp,2025-10-25,38,quantile,0.5,2.1559532498968577
2025-10-04,2,wk inc flu hosp,2025-10-25,38,quantile,0.55,2.1559532498968577
2025-10-04,2,wk inc flu hosp,2025-10-25,38,quantile,0.6,2.1559532498968577
2025-10-04,2,wk inc flu hosp,2025-10-25,38,quantile,0.65,2.1559532498968577
2025-10-04,2,wk inc flu hosp,2025-10-25,38,quantile,0.7,2.1559532498968577
2025-10-04,2,wk inc flu hosp,2025-10-25,38,quantile,0.75,2.1559532498968577
2025-10-04,2,wk inc flu hosp,2025-10-25,38,quantile,0.8,2.1559532498968577
2025-10-04,2,wk inc flu hosp,2025-10-25,38,quantile,0.85,2.1559532498968577
2025-10-04,2,wk inc flu hosp,2025-10-25,38,quantile,0.9,2.1559532498968577
2025-10-04,2,wk inc flu hosp,2025-10-25,38,quantile,0.95,2.1559532498968577
2025-10-04,2,wk inc flu hosp,2025-10-25,38,quantile,0.975,2.1559532498968577
2025-10-04,2,wk inc flu hosp,2025-10-25,38,quantile,0.99,2.1559532498968577
2025-10-11,2,wk inc flu hosp,2025-11-01,38,quantile,0.01,2.594791024755691
2025-10-11,2,wk inc flu hosp,2025-11-01,38,quantile,0.025,2.594791024755691
2025-10-11,2,wk inc flu hosp,2025-11-01,38,quantile,0.05,2.594791024755691
2025-10-11,2,wk inc flu hosp,2025-11-01,38,quantile,0.1,2.594791024755691
2025-10-11,2,wk inc flu hosp,2025-11-01,38,quantile,0.15,2.594791024755691
2025-10-11,2,wk inc flu hosp,2025-11-01,38,quantile,0.2,2.594791024755691
2025-10-11,2,wk inc flu hosp,2025-11-01,38,quantile,0.25,2.594791024755691
2025-10-11,2,wk inc flu hosp,2025-11-01,38,quantile,0.3,2.594791024755691
2025-10-11,2,wk inc flu hosp,2025-11-01,38,quantile,0.35,2.594791024755691
2025-10-11,2,wk inc flu hosp,2025-11-01,38,quantile,0.4,2.594791024755691
2025-10-11,2,wk inc flu hosp,2025-11-01,38,quantile,0.45,2.594791024755691
2025-10-11,2,wk inc flu hosp,2025-11-01,38,quantile,0.5,2.594791024755691
2025-10-11,2,wk inc flu hosp,2025-11-01,38,quantile,0.55,2.594791024755691
2025-10-11,2,wk inc flu hosp,2025-11-01,38,quantile,0.6,2.594791024755691
2025-10-11,2,wk inc flu hosp,2025-11-01,38,quantile,0.65,2.594791024755691
2025-10-11,2,wk inc flu hosp,2025-11-01,38,quantile,0.7,2.594791024755691
2025-10-11,2,wk inc flu hosp,2025-11-01,38,quantile,0.75,2.594791024755691
2025-10-11,2,wk inc flu hosp,2025-11-01,38,quantile,0.8,2.594791024755691
2025-10-11,2,wk inc flu hosp,2025-11-01,38,quantile,0.85,2.594791024755691
2025-10-11,2,wk inc flu hosp,2025-11-01,38,quantile,0.9,2.594791024755691
2025-10-11,2,wk inc flu hosp,2025-11-01,38,quantile,0.95,2.594791024755691
2025-10-11,2,wk inc flu hosp,2025-11-01,38,quantile,0.975,2.594791024755691
2025-10-11,2,wk inc flu hosp,2025-11-01,38,quantile,0.99,2.594791024755691
2025-10-18,2,wk inc flu hosp,2025-11-08,38,quantile,0.01,1.3886653338597628
2025-10-18,2,wk inc flu hosp,2025-11-08,38,quantile,0.025,1.3886653338597628
2025-10-18,2,wk inc flu hosp,2025-11-08,38,quantile,0.05,1.3886653338597628
2025-10-18,2,wk inc flu hosp,2025-11-08,38,quantile,0.1,1.3886653338597628
2025-10-18,2,wk inc flu hosp,2025-11-08,38,quantile,0.15,1.3886653338597628
2025-10-18,2,wk inc flu hosp,2025-11-08,38,quantile,0.2,1.3886653338597628
2025-10-18,2,wk inc flu hosp,2025-11-08,38,quantile,0.25,1.3886653338597628
2025-10-18,2,wk inc flu hosp,2025-11-08,38,quantile,0.3,1.3886653338597628
2025-10-18,2,wk inc flu hosp,2025-11-08,38,quantile,0.35,1.3886653338597628
2025-10-18,2,wk inc flu hosp,2025-11-08,38,quantile,0.4,1.3886653338597628
2025-10-18,2,wk inc flu hosp,2025-11-08,38,quantile,0.45,1.3886653338597628
2025-10-18,2,wk inc flu hosp,2025-11-08,38,quantile,0.5,1.3886653338597628
2025-10-18,2,wk inc flu hosp,2025-11-08,38,quantile,0.55,1.3886653338597628
2025-10-18,2,wk inc flu hosp,2025-11-08,38,quantile,0.6,1.3886653338597628
2025-10-18,2,wk inc flu hosp,2025-11-08,38,quantile,0.65,1.3886653338597628
2025-10-18,2,wk inc flu hosp,2025-11-08,38,quantile,0.7,1.3886653338597628
2025-10-18,2,wk inc flu hosp,2025-11-08,38,quantile,0.75,1.3886653338597628
2025-10-18,2,wk inc flu hosp,2025-11-08,38,quantile,0.8,1.3886653338597628
2025-10-18,2,wk inc flu hosp,2025-11-08,38,quantile,0.85,1.3886653338597628
2025-10-18,2,wk inc flu hosp,2025-11-08,38,quantile,0.9,1.3886653338597628
2025-10-18,2,wk inc flu hosp,2025-11-08,38,quantile,0.95,1.3886653338597628
2025-10-18,2,wk inc flu hosp,2025-11-08,38,quantile,0.975,1.3886653338597628
2025-10-18,2,wk inc flu hosp,2025-11-08,38,quantile,0.99,1.3886653338597628
2025-10-25,2,wk inc flu hosp,2025-11-15,38,quantile,0.01,2.2554642215029173
2025-10-25,2,wk inc flu hosp,2025-11-15,38,quantile,0.025,2.2554642215029173
2025-10-25,2,wk inc flu hosp,2025-11-15,38,quantile,0.05,2.2554642215029173
2025-10-25,2,wk inc flu hosp,2025-11-15,38,quantile,0.1,2.2554642215029173
2025-10-25,2,wk inc flu hosp,2025-11-15,38,quantile,0.15,2.2554642215029173
2025-10-25,2,wk inc flu hosp,2025-11-15,38,quantile,0.2,2.2554642215029173
2025-10-25,2,wk inc flu hosp,2025-11-15,38,quantile,0.25,2.2554642215029173
2025-10-25,2,wk inc flu hosp,2025-11-15,38,quantile,0.3,2.2554642215029173
2025-10-25,2,wk inc flu hosp,2025-11-15,38,quantile,0.35,2.2554642215029173
2025-10-25,2,wk inc flu hosp,2025-11-15,38,quantile,0.4,2.2554642215029173
2025-10-25,2,wk inc flu hosp,2025-11-15,38,quantile,0.45,2.2554642215029173
2025-10-25,2,wk inc flu hosp,2025-11-15,38,quantile,0.5,2.2554642215029173
2025-10-25,2,wk inc flu hosp,2025-11-15,38,quantile,0.55,2.2554642215029173
2025-10-25,2,wk inc flu hosp,2025-11-15,38,quantile,0.6,2.2554642215029173
2025-10-25,2,wk inc flu hosp,2025-11-15,38,quantile,0.65,2.2554642215029173
2025-10-25,2,wk inc flu hosp,2025-11-15,38,quantile,0.7,2.2554642215029173
2025-10-25,2,wk inc flu hosp,2025-11-15,38,quantile,0.75,2.2554642215029173
2025-10-25,2,wk inc flu hosp,2025-11-15,38,quantile,0.8,2.2554642215029173
2025-10-25,2,wk inc flu hosp,2025-11-15,38,quantile,0.85,2.2554642215029173
2025-10-25,2,wk inc flu hosp,2025-11-15,38,quantile,0.9,2.2554642215029173
2025-10-25,2,wk inc flu hosp,2025-11-15,38,quantile,0.95,2.2554642215029173
2025-10-25,2,wk inc flu hosp,2025-11-15,38,quantile,0.975,2.2554642215029173
2025-10-25,2,wk inc flu hosp,2025-11-15,38,quantile,0.99,2.2554642215029173
2025-11-01,2,wk inc flu hosp,2025-11-22,38,quantile,0.01,0.6666666666666666
2025-11-01,2,wk inc flu hosp,2025-11-22,38,quantile,0.025,0.6666666666666666
2025-11-01,2,wk inc flu hosp,2025-11-22,38,quantile,0.05,0.6666666666666666
2025-11-01,2,wk inc flu hosp,2025-11-22,38,quantile,0.1,0.6666666666666666
2025-11-01,2,wk inc flu hosp,2025-11-22,38,quantile,0.15,0.6666666666666666
2025-11-01,2,wk inc flu hosp,2025-11-22,38,quantile,0.2,0.6666666666666666
2025-11-01,2,wk inc flu hosp,2025-11-22,38,quantile,0.25,0.6666666666666666
2025-11-01,2,wk inc flu hosp,2025-11-22,38,quantile,0.3,0.6666666666666666
2025-11-01,2,wk inc flu hosp,2025-11-22,38,quantile,0.35,0.6666666666666666
2025-11-01,2,wk inc flu hosp,2025-11-22,38,quantile,0.4,0.6666666666666666
2025-11-01,2,wk inc flu hosp,2025-11-22,38,quantile,0.45,0.6666666666666666
2025-11-01,2,wk inc flu hosp,2025-11-22,38,quantile,0.5,0.6666666666666666
2025-11-01,2,wk inc flu hosp,2025-11-22,38,quantile,0.55,0.6666666666666666
2025-11-01,2,wk inc flu hosp,2025-11-22,38,quantile,0.6,0.6666666666666666
2025-11-01,2,wk inc flu hosp,2025-11-22,38,quantile,0.65,0.6666666666666666
2025-11-01,2,wk inc flu hosp,2025-11-22,38,quantile,0.7,0.6666666666666666
2025-11-01,2,wk inc flu hosp,2025-11-22,38,quantile,0.75,0.6666666666666666
2025-11-01,2,wk inc flu hosp,2025-11-22,38,quantile,0.8,0.6666666666666666
2025-11-01,2,wk inc flu hosp,2025-11-22,38,quantile,0.85,0.6666666666666666
2025-11-01,2,wk inc flu hosp,2025-11-22,38,quantile,0.9,0.6666666666666666
2025-11-01,2,wk inc flu hosp,2025-11-22,38,quantile,0.95,0.6666666666666666
2025-11-01,2,wk inc flu hosp,2025-11-22,38,quantile,0.975,0.6666666666666666
2025-11-01,2,wk inc flu hosp,2025-11-22,38,quantile,0.99,0.6666666666666666
2025-09-20,2,wk inc flu hosp,2025-10-11,39,quantile,0.01,16.85287696980064
2025-09-20,2,wk inc flu hosp,2025-10-11,39,quantile,0.025,16.85287696980064
2025-09-20,2,wk inc flu hosp,2025-10-11,39,quantile,0.05,16.85287696980064
2025-09-20,2,wk inc flu hosp,2025-10-11,39,quantile,0.1,16.85287696980064
2025-09-20,2,wk inc flu hosp,2025-10-11,39,quantile,0.15,16.85287696980064
2025-09-20,2,wk inc flu hosp,2025-10-11,39,quantile,0.2,16.85287696980064
2025-09-20,2,wk inc flu hosp,2025-10-11,39,quantile,0.25,16.85287696980064
2025-09-20,2,wk inc flu hosp,2025-10-11,39,quantile,0.3,16.85287696980064
2025-09-20,2,wk inc flu hosp,2025-10-11,39,quantile,0.35,16.85287696980064
2025-09-20,2,wk inc flu hosp,2025-10-11,39,quantile,0.4,16.85287696980064
2025-09-20,2,wk inc flu hosp,2025-10-11,39,quantile,0.45,16.85287696980064
2025-09-20,2,wk inc flu hosp,2025-10-11,39,quantile,0.5,16.85287696980064
2025-09-20,2,wk inc flu hosp,2025-10-11,39,quantile,0.55,16.85287696980064
2025-09-20,2,wk inc flu hosp,2025-10-11,39,quantile,0.6,16.85287696980064
2025-09-20,2,wk inc flu hosp,2025-10-11,39,quantile,0.65,16.85287696980064
2025-09-20,2,wk inc flu hosp,2025-10-11,39,quantile,0.7,16.85287696980064
2025-09-20,2,wk inc flu hosp,2025-10-11,39,quantile,0.75,16.85287696980064
2025-09-20,2,wk inc flu hosp,2025-10-11,39,quantile,0.8,16.85287696980064
2025-09-20,2,wk inc flu hosp,2025-10-11,39,quantile,0.85,16.85287696980064
2025-09-20,2,wk inc flu hosp,2025-10-11,39,quantile,0.9,16.85287696980064
2025-09-20,2,wk inc flu hosp,2025-10-11,39,quantile,0.95,16.85287696980064
2025-09-20,2,wk inc flu hosp,2025-10-11,39,quantile,0.975,16.85287696980064
2025-09-20,2,wk inc flu hosp,2025-10-11,39,quantile,0.99,16.85287696980064
2025-09-27,2,wk inc flu hosp,2025-10-18,39,quantile,0.01,12.929564258300367
2025-09-27,2,wk inc flu hosp,2025-10-18,39,quantile,0.025,12.929564258300367
2025-09-27,2,wk inc flu hosp,2025-10-18,39,quantile,0.05,12.929564258300367
2025-09-27,2,wk inc flu hosp,2025-10-18,39,quantile,0.1,12.929564258300367
2025-09-27,2,wk inc flu hosp,2025-10-18,39,quantile,0.15,12.929564258300367
2025-09-27,2,wk inc flu hosp,2025-10-18,39,quantile,0.2,12.929564258300367
2025-09-27,2,wk inc flu hosp,2025-10-18,39,quantile,0.25,12.929564258300367
2025-09-27,2,wk inc flu hosp,2025-10-18,39,quantile,0.3,12.929564258300367
2025-09-27,2,wk inc flu hosp,2025-10-18,39,quantile,0.35,12.929564258300367
2025-09-27,2,wk inc flu hosp,2025-10-18,39,quantile,0.4,12.929564258300367
2025-09-27,2,wk inc flu hosp,2025-10-18,39,quantile,0.45,12.929564258300367
2025-09-27,2,wk inc flu hosp,2025-10-18,39,quantile,0.5,12.929564258300367
2025-09-27,2,wk inc flu hosp,2025-10-18,39,quantile,0.55,12.929564258300367
2025-09-27,2,wk inc flu hosp,2025-10-18,39,quantile,0.6,12.929564258300367
2025-09-27,2,wk inc flu hosp,2025-10-18,39,quantile,0.65,12.929564258300367
2025-09-27,2,wk inc flu hosp,2025-10-18,39,quantile,0.7,12.929564258300367
2025-09-27,2,wk inc flu hosp,2025-10-18,39,quantile,0.75,12.929564258300367
2025-09-27,2,wk inc flu hosp,2025-10-18,39,quantile,0.8,12.929564258300367
2025-09-27,2,wk inc flu hosp,2025-10-18,39,quantile,0.85,12.929564258300367
2025-09-27,2,wk inc flu hosp,2025-10-18,39,quantile,0.9,12.929564258300367
2025-09-27,2,wk inc flu hosp,2025-10-18,39,quantile,0.95,12.929564258300367
2025-09-27,2,wk inc flu hosp,2025-10-18,39,quantile,0.975,12.929564258300367
2025-09-27,2,wk inc flu hosp,2025-10-18,39,quantile,0.99,12.929564258300367
2025-10-04,2,wk inc flu hosp,2025-10-25,39,quantile,0.01,16.356484950769193
2025-10-04,2,wk inc flu hosp,2025-10-25,39,quantile,0.025,16.356484950769193
2025-10-04,2,wk inc flu hosp,2025-10-25,39,quantile,0.05,16.356484950769193
2025-10-04,2,wk inc flu hosp,2025-10-25,39,quantile,0.1,16.356484950769193
2025-10-04,2,wk inc flu hosp,2025-10-25,39,quantile,0.15,16.356484950769193
2025-10-04,2,wk inc flu hosp,2025-10-25,39,quantile,0.2,16.356484950769193
2025-10-04,2,wk inc flu hosp,2025-10-25,39,quantile,0.25,16.356484950769193
2025-10-04,2,wk inc flu hosp,2025-10-25,39,quantile,0.3,16.356484950769193
2025-10-04,2,wk inc flu hosp,2025-10-25,39,quantile,0.35,16.356484950769193
2025-10-04,2,wk inc flu hosp,2025-10-25,39,quantile,0.4,16.356484950769193
2025-10-04,2,wk inc flu hosp,2025-10-25,39,quantile,0.45,16.356484950769193
2025-10-04,2,wk inc flu hosp,2025-10-25,39,quantile,0.5,16.356484950769193
2025-10-04,2,wk inc flu hosp,2025-10-25,39,quantile,0.55,16.356484950769193
2025-10-04,2,wk inc flu hosp,2025-10-25,39,quantile,0.6,16.356484950769193
2025-10-04,2,wk inc flu hosp,2025-10-25,39,quantile,0.65,16.356484950769193
2025-10-04,2,wk inc flu hosp,2025-10-25,39,quantile,0.7,16.356484950769193
2025-10-04,2,wk inc flu hosp,2025-10-25,39,quantile,0.75,16.356484950769193
2025-10-04,2,wk inc flu hosp,2025-10-25,39,quantile,0.8,16.356484950769193
2025-10-04,2,wk inc flu hosp,2025-10-25,39,quantile,0.85,16.356484950769193
2025-10-04,2,wk inc flu hosp,2025-10-25,39,quantile,0.9,16.356484950769193
2025-10-04,2,wk inc flu hosp,2025-10-25,39,quantile,0.95,16.356484950769193
2025-10-04,2,wk inc flu hosp,2025-10-25,39,quantile,0.975,16.356484950769193
2025-10-04,2,wk inc flu hosp,2025-10-25,39,quantile,0.99,16.356484950769193
2025-10-11,2,wk inc flu hosp,2025-11-01,39,quantile,0.01,11.918955821288353
2025-10-11,2,wk inc flu hosp,2025-11-01,39,quantile,0.025,11.918955821288353
2025-10-11,2,wk inc flu hosp,2025-11-01,39,quantile,0.05,11.918955821288353
2025-10-11,2,wk inc flu hosp,2025-11-01,39,quantile,0.1,11.918955821288353
2025-10-11,2,wk inc flu hosp,2025-11-01,39,quantile,0.15,11.918955821288353
2025-10-11,2,wk inc flu hosp,2025-11-01,39,quantile,0.2,11.918955821288353
2025-10-11,2,wk inc flu hosp,2025-11-01,39,quantile,0.25,11.918955821288353
2025-10-11,2,wk inc flu hosp,2025-11-01,39,quantile,0.3,11.918955821288353
2025-10-11,2,wk inc flu hosp,2025-11-01,39,quantile,0.35,11.918955821288353
2025-10-11,2,wk inc flu hosp,2025-11-01,39,quantile,0.4,11.918955821288353
2025-10-11,2,wk inc flu hosp,2025-11-01,39,quantile,0.45,11.918955821288353
2025-10-11,2,wk inc flu hosp,2025-11-01,39,quantile,0.5,11.918955821288353
2025-10-11,2,wk inc flu hosp,2025-11-01,39,quantile,0.55,11.918955821288353
2025-10-11,2,wk inc flu hosp,2025-11-01,39,quantile,0.6,11.918955821288353
2025-10-11,2,wk inc flu hosp,2025-11-01,39,quantile,0.65,11.918955821288353
2025-10-11,2,wk inc flu hosp,2025-11-01,39,quantile,0.7,11.918955821288353
2025-10-11,2,wk inc flu hosp,2025-11-01,39,quantile,0.75,11.918955821288353
2025-10-11,2,wk inc flu hosp,2025-11-01,39,quantile,0.8,11.918955821288353
2025-10-11,2,wk inc flu hosp,2025-11-01,39,quantile,0.85,11.918955821288353
2025-10-11,2,wk inc flu hosp,2025-11-01,39,quantile,0.9,11.918955821288353
2025-10-11,2,wk inc flu hosp,2025-11-01,39,quantile,0.95,11.918955821288353
2025-10-11,2,wk inc flu hosp,2025-11-01,39,quantile,0.975,11.918955821288353
2025-10-11,2,wk inc flu hosp,2025-11-01,39,quantile,0.99,11.918955821288353
2025-10-18,2,wk inc flu hosp,2025-11-08,39,quantile,0.01,11.239964666394807
2025-10-18,2,wk inc flu hosp,2025-11-08,39,quantile,0.025,11.239964666394807
2025-10-18,2,wk inc flu hosp,2025-11-08,39,quantile,0.05,11.239964666394807
2025-10-18,2,wk inc flu hosp,2025-11-08,39,quantile,0.1,11.239964666394807
2025-10-18,2,wk inc flu hosp,2025-11-08,39,quantile,0.15,11.239964666394807
2025-10-18,2,wk inc flu hosp,2025-11-08,39,quantile,0.2,11.239964666394807
2025-10-18,2,wk inc flu hosp,2025-11-08,39,quantile,0.25,11.239964666394807
2025-10-18,2,wk inc flu hosp,2025-11-08,39,quantile,0.3,11.239964666394807
2025-10-18,2,wk inc flu hosp,2025-11-08,39,quantile,0.35,11.239964666394807
2025-10-18,2,wk inc flu hosp,2025-11-08,39,quantile,0.4,11.239964666394807
2025-10-18,2,wk inc flu hosp,2025-11-08,39,quantile,0.45,11.239964666394807
2025-10-18,2,wk inc flu hosp,2025-11-08,39,quantile,0.5,11.239964666394807
2025-10-18,2,wk inc flu hosp,2025-11-08,39,quantile,0.55,11.239964666394807
2025-10-18,2,wk inc flu hosp,2025-11-08,39,quantile,0.6,11.239964666394807
2025-10-18,2,wk inc flu hosp,2025-11-08,39,quantile,0.65,11.239964666394807
2025-10-18,2,wk inc flu hosp,2025-11-08,39,quantile,0.7,11.239964666394807
2025-10-18,2,wk inc flu hosp,2025-11-08,39,quantile,0.75,11.239964666394807
2025-10-18,2,wk inc flu hosp,2025-11-08,39,quantile,0.8,11.239964666394807
2025-10-18,2,wk inc flu hosp,2025-11-08,39,quantile,0.85,11.239964666394807
2025-10-18,2,wk inc flu hosp,2025-11-08,39,quantile,0.9,11.239964666394807
2025-10-18,2,wk inc flu hosp,2025-11-08,39,quantile,0.95,11.239964666394807
2025-10-18,2,wk inc flu hosp,2025-11-08,39,quantile,0.975,11.239964666394807
2025-10-18,2,wk inc flu hosp,2025-11-08,39,quantile,0.99,11.239964666394807
2025-10-25,2,wk inc flu hosp,2025-11-15,39,quantile,0.01,17.065478532793342
2025-10-25,2,wk inc flu hosp,2025-11-15,39,quantile,0.025,17.065478532793342
2025-10-25,2,wk inc flu hosp,2025-11-15,39,quantile,0.05,17.065478532793342
2025-10-25,2,wk inc flu hosp,2025-11-15,39,quantile,0.1,17.065478532793342
2025-10-25,2,wk inc flu hosp,2025-11-15,39,quantile,0.15,17.065478532793342
2025-10-25,2,wk inc flu hosp,2025-11-15,39,quantile,0.2,17.065478532793342
2025-10-25,2,wk inc flu hosp,2025-11-15,39,quantile,0.25,17.065478532793342
2025-10-25,2,wk inc flu hosp,2025-11-15,39,quantile,0.3,17.065478532793342
2025-10-25,2,wk inc flu hosp,2025-11-15,39,quantile,0.35,17.065478532793342
2025-10-25,2,wk inc flu hosp,2025-11-15,39,quantile,0.4,17.065478532793342
2025-10-25,2,wk inc flu hosp,2025-11-15,39,quantile,0.45,17.065478532793342
2025-10-25,2,wk inc flu hosp,2025-11-15,39,quantile,0.5,17.065478532793342
2025-10-25,2,wk inc flu hosp,2025-11-15,39,quantile,0.55,17.065478532793342
2025-10-25,2,wk inc flu hosp,2025-11-15,39,quantile,0.6,17.065478532793342
2025-10-25,2,wk inc flu hosp,2025-11-15,39,quantile,0.65,17.065478532793342
2025-10-25,2,wk inc flu hosp,2025-11-15,39,quantile,0.7,17.065478532793342
2025-10-25,2,wk inc flu hosp,2025-11-15,39,quantile,0.75,17.065478532793342
2025-10-25,2,wk inc flu hosp,2025-11-15,39,quantile,0.8,17.065478532793342
2025-10-25,2,wk inc flu hosp,2025-11-15,39,quantile,0.85,17.065478532793342
2025-10-25,2,wk inc flu hosp,2025-11-15,39,quantile,0.9,17.065478532793342
2025-10-25,2,wk inc flu hosp,2025-11-15,39,quantile,0.95,17.065478532793342
2025-10-25,2,wk inc flu hosp,2025-11-15,39,quantile,0.975,17.065478532793342
2025-10-25,2,wk inc flu hosp,2025-11-15,39,quantile,0.99,17.065478532793342
2025-11-01,2,wk inc flu hosp,2025-11-22,39,quantile,0.01,61.315357134099315
2025-11-01,2,wk inc flu hosp,2025-11-22,39,quantile,0.025,61.315357134099315
2025-11-01,2,wk inc flu hosp,2025-11-22,39,quantile,0.05,61.315357134099315
2025-11-01,2,wk inc flu hosp,2025-11-22,39,quantile,0.1,61.315357134099315
2025-11-01,2,wk inc flu hosp,2025-11-22,39,quantile,0.15,61.315357134099315
2025-11-01,2,wk inc flu hosp,2025-11-22,39,quantile,0.2,61.315357134099315
2025-11-01,2,wk inc flu hosp,2025-11-22,39,quantile,0.25,61.315357134099315
2025-11-01,2,wk inc flu hosp,2025-11-22,39,quantile,0.3,61.315357134099315
2025-11-01,2,wk inc flu hosp,2025-11-22,39,quantile,0.35,61.315357134099315
2025-11-01,2,wk inc flu hosp,2025-11-22,39,quantile,0.4,61.315357134099315
2025-11-01,2,wk inc flu hosp,2025-11-22,39,quantile,0.45,61.315357134099315
2025-11-01,2,wk inc flu hosp,2025-11-22,39,quantile,0.5,61.315357134099315
2025-11-01,2,wk inc flu hosp,2025-11-22,39,quantile,0.55,61.315357134099315
2025-11-01,2,wk inc flu hosp,2025-11-22,39,quantile,0.6,61.315357134099315
2025-11-01,2,wk inc flu hosp,2025-11-22,39,quantile,0.65,61.315357134099315
2025-11-01,2,wk inc flu hosp,2025-11-22,39,quantile,0.7,61.315357134099315
2025-11-01,2,wk inc flu hosp,2025-11-22,39,quantile,0.75,61.315357134099315
2025-11-01,2,wk inc flu hosp,2025-11-22,39,quantile,0.8,61.315357134099315
2025-11-01,2,wk inc flu hosp,2025-11-22,39,quantile,0.85,61.315357134099315
2025-11-01,2,wk inc flu hosp,2025-11-22,39,quantile,0.9,61.315357134099315
2025-11-01,2,wk inc flu hosp,2025-11-22,39,quantile,0.95,61.315357134099315
2025-11-01,2,wk inc flu hosp,2025-11-22,39,quantile,0.975,61.315357134099315
2025-11-01,2,wk inc flu hosp,2025-11-22,39,quantile,0.99,61.315357134099315
2025-09-20,2,wk inc flu hosp,2025-10-11,40,quantile,0.01,7.856502829100242
2025-09-20,2,wk inc flu hosp,2025-10-11,40,quantile,0.025,7.856502829100242
2025-09-20,2,wk inc flu hosp,2025-10-11,40,quantile,0.05,7.856502829100242
2025-09-20,2,wk inc flu hosp,2025-10-11,40,quantile,0.1,7.856502829100242
2025-09-20,2,wk inc flu hosp,2025-10-11,40,quantile,0.15,7.856502829100242
2025-09-20,2,wk inc flu hosp,2025-10-11,40,quantile,0.2,7.856502829100242
2025-09-20,2,wk inc flu hosp,2025-10-11,40,quantile,0.25,7.856502829100242
2025-09-20,2,wk inc flu hosp,2025-10-11,40,quantile,0.3,7.856502829100242
2025-09-20,2,wk inc flu hosp,2025-10-11,40,quantile,0.35,7.856502829100242
2025-09-20,2,wk inc flu hosp,2025-10-11,40,quantile,0.4,7.856502829100242
2025-09-20,2,wk inc flu hosp,2025-10-11,40,quantile,0.45,7.856502829100242
2025-09-20,2,wk inc flu hosp,2025-10-11,40,quantile,0.5,7.856502829100242
2025-09-20,2,wk inc flu hosp,2025-10-11,40,quantile,0.55,7.856502829100242
2025-09-20,2,wk inc flu hosp,2025-10-11,40,quantile,0.6,7.856502829100242
2025-09-20,2,wk inc flu hosp,2025-10-11,40,quantile,0.65,7.856502829100242
2025-09-20,2,wk inc flu hosp,2025-10-11,40,quantile,0.7,7.856502829100242
2025-09-20,2,wk inc flu hosp,2025-10-11,40,quantile,0.75,7.856502829100242
2025-09-20,2,wk inc flu hosp,2025-10-11,40,quantile,0.8,7.856502829100242
2025-09-20,2,wk inc flu hosp,2025-10-11,40,quantile,0.85,7.856502829100242
2025-09-20,2,wk inc flu hosp,2025-10-11,40,quantile,0.9,7.856502829100242
2025-09-20,2,wk inc flu hosp,2025-10-11,40,quantile,0.95,7.856502829100242
2025-09-20,2,wk inc flu hosp,2025-10-11,40,quantile,0.975,7.856502829100242
2025-09-20,2,wk inc flu hosp,2025-10-11,40,quantile,0.99,7.856502829100242
2025-09-27,2,wk inc flu hosp,2025-10-18,40,quantile,0.01,24.535262581682026
2025-09-27,2,wk inc flu hosp,2025-10-18,40,quantile,0.025,24.535262581682026
2025-09-27,2,wk inc flu hosp,2025-10-18,40,quantile,0.05,24.535262581682026
2025-09-27,2,wk inc flu hosp,2025-10-18,40,quantile,0.1,24.535262581682026
2025-09-27,2,wk inc flu hosp,2025-10-18,40,quantile,0.15,24.535262581682026
2025-09-27,2,wk inc flu hosp,2025-10-18,40,quantile,0.2,24.535262581682026
2025-09-27,2,wk inc flu hosp,2025-10-18,40,quantile,0.25,24.535262581682026
2025-09-27,2,wk inc flu hosp,2025-10-18,40,quantile,0.3,24.535262581682026
2025-09-27,2,wk inc flu hosp,2025-10-18,40,quantile,0.35,24.535262581682026
2025-09-27,2,wk inc flu hosp,2025-10-18,40,quantile,0.4,24.535262581682026
2025-09-27,2,wk inc flu hosp,2025-10-18,40,quantile,0.45,24.535262581682026
2025-09-27,2,wk inc flu hosp,2025-10-18,40,quantile,0.5,24.535262581682026
2025-09-27,2,wk inc flu hosp,2025-10-18,40,quantile,0.55,24.535262581682026
2025-09-27,2,wk inc flu hosp,2025-10-18,40,quantile,0.6,24.535262581682026
2025-09-27,2,wk inc flu hosp,2025-10-18,40,quantile,0.65,24.535262581682026
2025-09-27,2,wk inc flu hosp,2025-10-18,40,quantile,0.7,24.535262581682026
2025-09-27,2,wk inc flu hosp,2025-10-18,40,quantile,0.75,24.535262581682026
2025-09-27,2,wk inc flu hosp,2025-10-18,40,quantile,0.8,24.535262581682026
2025-09-27,2,wk inc flu hosp,2025-10-18,40,quantile,0.85,24.535262581682026
2025-09-27,2,wk inc flu hosp,2025-10-18,40,quantile,0.9,24.535262581682026
2025-09-27,2,wk inc flu hosp,2025-10-18,40,quantile,0.95,24.535262581682026
2025-09-27,2,wk inc flu hosp,2025-10-18,40,quantile,0.975,24.535262581682026
2025-09-27,2,wk inc flu hosp,2025-10-18,40,quantile,0.99,24.535262581682026
2025-10-04,2,wk inc flu hosp,2025-10-25,40,quantile,0.01,11.131996062792032
2025-10-04,2,wk inc flu hosp,2025-10-25,40,quantile,0.025,11.131996062792032
2025-10-04,2,wk inc flu hosp,2025-10-25,40,quantile,0.05,11.131996062792032
2025-10-04,2,wk inc flu hosp,2025-10-25,40,quantile,0.1,11.131996062792032
2025-10-04,2,wk inc flu hosp,2025-10-25,40,quantile,0.15,11.131996062792032
2025-10-04,2,wk inc flu hosp,2025-10-25,40,quantile,0.2,11.131996062792032
2025-10-04,2,wk inc flu hosp,2025-10-25,40,quantile,0.25,11.131996062792032
2025-10-04,2,wk inc flu hosp,2025-10-25,40,quantile,0.3,11.131996062792032
2025-10-04,2,wk inc flu hosp,2025-10-25,40,quantile,0.35,11.131996062792032
2025-10-04,2,wk inc flu hosp,2025-10-25,40,quantile,0.4,11.131996062792032
2025-10-04,2,wk inc flu hosp,2025-10-25,40,quantile,0.45,11.131996062792032
2025-10-04,2,wk inc flu hosp,2025-10-25,40,quantile,0.5,11.131996062792032
2025-10-04,2,wk inc flu hosp,2025-10-25,40,quantile,0.55,11.131996062792032
2025-10-04,2,wk inc flu hosp,2025-10-25,40,quantile,0.6,11.131996062792032
2025-10-04,2,wk inc flu hosp,2025-10-25,40,quantile,0.65,11.131996062792032
2025-10-04,2,wk inc flu hosp,2025-10-25,40,quantile,0.7,11.131996062792032
2025-10-04,2,wk inc flu hosp,2025-10-25,40,quantile,0.75,11.131996062792032
2025-10-04,2,wk inc flu hosp,2025-10-25,40,quantile,0.8,11.131996062792032
2025-10-04,2,wk inc flu hosp,2025-10-25,40,quantile,0.85,11.131996062792032
2025-10-04,2,wk inc flu hosp,2025-10-25,40,quantile,0.9,11.131996062792032
2025-10-04,2,wk inc flu hosp,2025-10-25,40,quantile,0.95,11.131996062792032
2025-10-04,2,wk inc flu hosp,2025-10-25,40,quantile,0.975,11.131996062792032
2025-10-04,2,wk inc flu hosp,2025-10-25,40,quantile,0.99,11.131996062792032
2025-10-11,2,wk inc flu hosp,2025-11-01,40,quantile,0.01,6.952233038651965
2025-10-11,2,wk inc flu hosp,2025-11-01,40,quantile,0.025,6.952233038651965
2025-10-11,2,wk inc flu hosp,2025-11-01,40,quantile,0.05,6.952233038651965
2025-10-11,2,wk inc flu hosp,2025-11-01,40,quantile,0.1,6.952233038651965
2025-10-11,2,wk inc flu hosp,2025-11-01,40,quantile,0.15,6.952233038651965
2025-10-11,2,wk inc flu hosp,2025-11-01,40,quantile,0.2,6.952233038651965
2025-10-11,2,wk inc flu hosp,2025-11-01,40,quantile,0.25,6.952233038651965
2025-10-11,2,wk inc flu hosp,2025-11-01,40,quantile,0.3,6.952233038651965
2025-10-11,2,wk inc flu hosp,2025-11-01,40,quantile,0.35,6.952233038651965
2025-10-11,2,wk inc flu hosp,2025-11-01,40,quantile,0.4,6.952233038651965
2025-10-11,2,wk inc flu hosp,2025-11-01,40,quantile,0.45,6.952233038651965
2025-10-11,2,wk inc flu hosp,2025-11-01,40,quantile,0.5,6.952233038651965
2025-10-11,2,wk inc flu hosp,2025-11-01,40,quantile,0.55,6.952233038651965
2025-10-11,2,wk inc flu hosp,2025-11-01,40,quantile,0.6,6.952233038651965
2025-10-11,2,wk inc flu hosp,2025-11-01,40,quantile,0.65,6.952233038651965
2025-10-11,2,wk inc flu hosp,2025-11-01,40,quantile,0.7,6.952233038651965
2025-10-11,2,wk inc flu hosp,2025-11-01,40,quantile,0.75,6.952233038651965
2025-10-11,2,wk inc flu hosp,2025-11-01,40,quantile,0.8,6.952233038651965
2025-10-11,2,wk inc flu hosp,2025-11-01,40,quantile,0.85,6.952233038651965
2025-10-11,2,wk inc flu hosp,2025-11-01,40,quantile,0.9,6.952233038651965
2025-10-11,2,wk inc flu hosp,2025-11-01,40,quantile,0.95,6.952233038651965
2025-10-11,2,wk inc flu hosp,2025-11-01,40,quantile,0.975,6.952233038651965
2025-10-11,2,wk inc flu hosp,2025-11-01,40,quantile,0.99,6.952233038651965
2025-10-18,2,wk inc flu hosp,2025-11-08,40,quantile,0.01,11.184720666617991
2025-10-18,2,wk inc flu hosp,2025-11-08,40,quantile,0.025,11.184720666617991
2025-10-18,2,wk inc flu hosp,2025-11-08,40,quantile,0.05,11.184720666617991
2025-10-18,2,wk inc flu hosp,2025-11-08,40,quantile,0.1,11.184720666617991
2025-10-18,2,wk inc flu hosp,2025-11-08,40,quantile,0.15,11.184720666617991
2025-10-18,2,wk inc flu hosp,2025-11-08,40,quantile,0.2,11.184720666617991
2025-10-18,2,wk inc flu hosp,2025-11-08,40,quantile,0.25,11.184720666617991
2025-10-18,2,wk inc flu hosp,2025-11-08,40,quantile,0.3,11.184720666617991
2025-10-18,2,wk inc flu hosp,2025-11-08,40,quantile,0.35,11.184720666617991
2025-10-18,2,wk inc flu hosp,2025-11-08,40,quantile,0.4,11.184720666617991
2025-10-18,2,wk inc flu hosp,2025-11-08,40,quantile,0.45,11.184720666617991
2025-10-18,2,wk inc flu hosp,2025-11-08,40,quantile,0.5,11.184720666617991
2025-10-18,2,wk inc flu hosp,2025-11-08,40,quantile,0.55,11.184720666617991
2025-10-18,2,wk inc flu hosp,2025-11-08,40,quantile,0.6,11.184720666617991
2025-10-18,2,wk inc flu hosp,2025-11-08,40,quantile,0.65,11.184720666617991
2025-10-18,2,wk inc flu hosp,2025-11-08,40,quantile,0.7,11.184720666617991
2025-10-18,2,wk inc flu hosp,2025-11-08,40,quantile,0.75,11.184720666617991
2025-10-18,2,wk inc flu hosp,2025-11-08,40,quantile,0.8,11.184720666617991
2025-10-18,2,wk inc flu hosp,2025-11-08,40,quantile,0.85,11.184720666617991
2025-10-18,2,wk inc flu hosp,2025-11-08,40,quantile,0.9,11.184720666617991
2025-10-18,2,wk inc flu hosp,2025-11-08,40,quantile,0.95,11.184720666617991
2025-10-18,2,wk inc flu hosp,2025-11-08,40,quantile,0.975,11.184720666617991
2025-10-18,2,wk inc flu hosp,2025-11-08,40,quantile,0.99,11.184720666617991
2025-10-25,2,wk inc flu hosp,2025-11-15,40,quantile,0.01,30.37267790018563
2025-10-25,2,wk inc flu hosp,2025-11-15,40,quantile,0.025,30.37267790018563
2025-10-25,2,wk inc flu hosp,2025-11-15,40,quantile,0.05,30.37267790018563
2025-10-25,2,wk inc flu hosp,2025-11-15,40,quantile,0.1,30.37267790018563
2025-10-25,2,wk inc flu hosp,2025-11-15,40,quantile,0.15,30.37267790018563
2025-10-25,2,wk inc flu hosp,2025-11-15,40,quantile,0.2,30.37267790018563
2025-10-25,2,wk inc flu hosp,2025-11-15,40,quantile,0.25,30.37267790018563
2025-10-25,2,wk inc flu hosp,2025-11-15,40,quantile,0.3,30.37267790018563
2025-10-25,2,wk inc flu hosp,2025-11-15,40,quantile,0.35,30.37267790018563
2025-10-25,2,wk inc flu hosp,2025-11-15,40,quantile,0.4,30.37267790018563
2025-10-25,2,wk inc flu hosp,2025-11-15,40,quantile,0.45,30.37267790018563
2025-10-25,2,wk inc flu hosp,2025-11-15,40,quantile,0.5,30.37267790018563
2025-10-25,2,wk inc flu hosp,2025-11-15,40,quantile,0.55,30.37267790018563
2025-10-25,2,wk inc flu hosp,2025-11-15,40,quantile,0.6,30.37267790018563
2025-10-25,2,wk inc flu hosp,2025-11-15,40,quantile,0.65,30.37267790018563
2025-10-25,2,wk inc flu hosp,2025-11-15,40,quantile,0.7,30.37267790018563
2025-10-25,2,wk inc flu hosp,2025-11-15,40,quantile,0.75,30.37267790018563
2025-10-25,2,wk inc flu hosp,2025-11-15,40,quantile,0.8,30.37267790018563
2025-10-25,2,wk inc flu hosp,2025-11-15,40,quantile,0.85,30.37267790018563
2025-10-25,2,wk inc flu hosp,2025-11-15,40,quantile,0.9,30.37267790018563
2025-10-25,2,wk inc flu hosp,2025-11-15,40,quantile,0.95,30.37267790018563
2025-10-25,2,wk inc flu hosp,2025-11-15,40,quantile,0.975,30.37267790018563
2025-10-25,2,wk inc flu hosp,2025-11-15,40,quantile,0.99,30.37267790018563
2025-11-01,2,wk inc flu hosp,2025-11-22,40,quantile,0.01,4.842050822968879
2025-11-01,2,wk inc flu hosp,2025-11-22,40,quantile,0.025,4.842050822968879
2025-11-01,2,wk inc flu hosp,2025-11-22,40,quantile,0.05,4.842050822968879
2025-11-01,2,wk inc flu hosp,2025-11-22,40,quantile,0.1,4.842050822968879
2025-11-01,2,wk inc flu hosp,2025-11-22,40,quantile,0.15,4.842050822968879
2025-11-01,2,wk inc flu hosp,2025-11-22,40,quantile,0.2,4.842050822968879
2025-11-01,2,wk inc flu hosp,2025-11-22,40,quantile,0.25,4.842050822968879
2025-11-01,2,wk inc flu hosp,2025-11-22,40,quantile,0.3,4.842050822968879
2025-11-01,2,wk inc flu hosp,2025-11-22,40,quantile,0.35,4.842050822968879
2025-11-01,2,wk inc flu hosp,2025-11-22,40,quantile,0.4,4.842050822968879
2025-11-01,2,wk inc flu hosp,2025-11-22,40,quantile,0.45,4.842050822968879
2025-11-01,2,wk inc flu hosp,2025-11-22,40,quantile,0.5,4.842050822968879
2025-11-01,2,wk inc flu hosp,2025-11-22,40,quantile,0.55,4.842050822968879
2025-11-01,2,wk inc flu hosp,2025-11-22,40,quantile,0.6,4.842050822968879
2025-11-01,2,wk inc flu hosp,2025-11-22,40,quantile,0.65,4.842050822968879
2025-11-01,2,wk inc flu hosp,2025-11-22,40,quantile,0.7,4.842050822968879
2025-11-01,2,wk inc flu hosp,2025-11-22,40,quantile,0.75,4.842050822968879
2025-11-01,2,wk inc flu hosp,2025-11-22,40,quantile,0.8,4.842050822968879
2025-11-01,2,wk inc flu hosp,2025-11-22,40,quantile,0.85,4.842050822968879
2025-11-01,2,wk inc flu hosp,2025-11-22,40,quantile,0.9,4.842050822968879
2025-11-01,2,wk inc flu hosp,2025-11-22,40,quantile,0.95,4.842050822968879
2025-11-01,2,wk inc flu hosp,2025-11-22,40,quantile,0.975,4.842050822968879
2025-11-01,2,wk inc flu hosp,2025-11-22,40,quantile,0.99,4.842050822968879
2025-09-20,2,wk inc flu hosp,2025-10-11,41,quantile,0.01,0.5555555555555556
2025-09-20,2,wk inc flu hosp,2025-10-11,41,quantile,0.025,0.5555555555555556
2025-09-20,2,wk inc flu hosp,2025-10-11,41,quantile,0.05,0.5555555555555556
2025-09-20,2,wk inc flu hosp,2025-10-11,41,quantile,0.1,0.5555555555555556
2025-09-20,2,wk inc flu hosp,2025-10-11,41,quantile,0.15,0.5555555555555556
2025-09-20,2,wk inc flu hosp,2025-10-11,41,quantile,0.2,0.5555555555555556
2025-09-20,2,wk inc flu hosp,2025-10-11,41,quantile,0.25,0.5555555555555556
2025-09-20,2,wk inc flu hosp,2025-10-11,41,quantile,0.3,0.5555555555555556
2025-09-20,2,wk inc flu hosp,2025-10-11,41,quantile,0.35,0.5555555555555556
2025-09-20,2,wk inc flu hosp,2025-10-11,41,quantile,0.4,0.5555555555555556
2025-09-20,2,wk inc flu hosp,2025-10-11,41,quantile,0.45,0.5555555555555556
2025-09-20,2,wk inc flu hosp,2025-10-11,41,quantile,0.5,0.5555555555555556
2025-09-20,2,wk inc flu hosp,2025-10-11,41,quantile,0.55,0.5555555555555556
2025-09-20,2,wk inc flu hosp,2025-10-11,41,quantile,0.6,0.5555555555555556
2025-09-20,2,wk inc flu hosp,2025-10-11,41,quantile,0.65,0.5555555555555556
2025-09-20,2,wk inc flu hosp,2025-10-11,41,quantile,0.7,0.5555555555555556
2025-09-20,2,wk inc flu hosp,2025-10-11,41,quantile,0.75,0.5555555555555556
2025-09-20,2,wk inc flu hosp,2025-10-11,41,quantile,0.8,0.5555555555555556
2025-09-20,2,wk inc flu hosp,2025-10-11,41,quantile,0.85,0.5555555555555556
2025-09-20,2,wk inc flu hosp,2025-10-11,41,quantile,0.9,0.5555555555555556
2025-09-20,2,wk inc flu hosp,2025-10-11,41,quantile,0.95,0.5555555555555556
2025-09-20,2,wk inc flu hosp,2025-10-11,41,quantile,0.975,0.5555555555555556
2025-09-20,2,wk inc flu hosp,2025-10-11,41,quantile,0.99,0.5555555555555556
2025-09-27,2,wk inc flu hosp,2025-10-18,41,quantile,0.01,3.7159050692709847
2025-09-27,2,wk inc flu hosp,2025-10-18,41,quantile,0.025,3.7159050692709847
2025-09-27,2,wk inc flu hosp,2025-10-18,41,quantile,0.05,3.7159050692709847
2025-09-27,2,wk inc flu hosp,2025-10-18,41,quantile,0.1,3.7159050692709847
2025-09-27,2,wk inc flu hosp,2025-10-18,41,quantile,0.15,3.7159050692709847
2025-09-27,2,wk inc flu hosp,2025-10-18,41,quantile,0.2,3.7159050692709847
2025-09-27,2,wk inc flu hosp,2025-10-18,41,quantile,0.25,3.7159050692709847
2025-09-27,2,wk inc flu hosp,2025-10-18,41,quantile,0.3,3.7159050692709847
2025-09-27,2,wk inc flu hosp,2025-10-18,41,quantile,0.35,3.7159050692709847
2025-09-27,2,wk inc flu hosp,2025-10-18,41,quantile,0.4,3.7159050692709847
2025-09-27,2,wk inc flu hosp,2025-10-18,41,quantile,0.45,3.7159050692709847
2025-09-27,2,wk inc flu hosp,2025-10-18,41,quantile,0.5,3.7159050692709847
2025-09-27,2,wk inc flu hosp,2025-10-18,41,quantile,0.55,3.7159050692709847
2025-09-27,2,wk inc flu hosp,2025-10-18,41,quantile,0.6,3.7159050692709847
2025-09-27,2,wk inc flu hosp,2025-10-18,41,quantile,0.65,3.7159050692709847
2025-09-27,2,wk inc flu hosp,2025-10-18,41,quantile,0.7,3.7159050692709847
2025-09-27,2,wk inc flu hosp,2025-10-18,41,quantile,0.75,3.7159050692709847
2025-09-27,2,wk inc flu hosp,2025-10-18,41,quantile,0.8,3.7159050692709847
2025-09-27,2,wk inc flu hosp,2025-10-18,41,quantile,0.85,3.7159050692709847
2025-09-27,2,wk inc flu hosp,2025-10-18,41,quantile,0.9,3.7159050692709847
2025-09-27,2,wk inc flu hosp,2025-10-18,41,quantile,0.95,3.7159050692709847
2025-09-27,2,wk inc flu hosp,2025-10-18,41,quantile,0.975,3.7159050692709847
2025-09-27,2,wk inc flu hosp,2025-10-18,41,quantile,0.99,3.7159050692709847
2025-10-04,2,wk inc flu hosp,2025-10-25,41,quantile,0.01,2.6543907522831356
2025-10-04,2,wk inc flu hosp,2025-10-25,41,quantile,0.025,2.6543907522831356
2025-10-04,2,wk inc flu hosp,2025-10-25,41,quantile,0.05,2.6543907522831356
2025-10-04,2,wk inc flu hosp,2025-10-25,41,quantile,0.1,2.6543907522831356
2025-10-04,2,wk inc flu hosp,2025-10-25,41,quantile,0.15,2.6543907522831356
2025-10-04,2,wk inc flu hosp,2025-10-25,41,quantile,0.2,2.6543907522831356
2025-10-04,2,wk inc flu hosp,2025-10-25,41,quantile,0.25,2.6543907522831356
2025-10-04,2,wk inc flu hosp,2025-10-25,41,quantile,0.3,2.6543907522831356
2025-10-04,2,wk inc flu hosp,2025-10-25,41,quantile,0.35,2.6543907522831356
2025-10-04,2,wk inc flu hosp,2025-10-25,41,quantile,0.4,2.6543907522831356
2025-10-04,2,wk inc flu hosp,2025-10-25,41,quantile,0.45,2.6543907522831356
2025-10-04,2,wk inc flu hosp,2025-10-25,41,quantile,0.5,2.6543907522831356
2025-10-04,2,wk inc flu hosp,2025-10-25,41,quantile,0.55,2.6543907522831356
2025-10-04,2,wk inc flu hosp,2025-10-25,41,quantile,0.6,2.6543907522831356
2025-10-04,2,wk inc flu hosp,2025-10-25,41,quantile,0.65,2.6543907522831356
2025-10-04,2,wk inc flu hosp,2025-10-25,41,quantile,0.7,2.6543907522831356
2025-10-04,2,wk inc flu hosp,2025-10-25,41,quantile,0.75,2.6543907522831356
2025-10-04,2,wk inc flu hosp,2025-10-25,41,quantile,0.8,2.6543907522831356
2025-10-04,2,wk inc flu hosp,2025-10-25,41,quantile,0.85,2.6543907522831356
2025-10-04,2,wk inc flu hosp,2025-10-25,41,quantile,0.9,2.6543907522831356
2025-10-04,2,wk inc flu hosp,2025-10-25,41,quantile,0.95,2.6543907522831356
2025-10-04,2,wk inc flu hosp,2025-10-25,41,quantile,0.975,2.6543907522831356
2025-10-04,2,wk inc flu hosp,2025-10-25,41,quantile,0.99,2.6543907522831356
2025-10-11,2,wk inc flu hosp,2025-11-01,41,quantile,0.01,5.417001988796317
2025-10-11,2,wk inc flu hosp,2025-11-01,41,quantile,0.025,5.417001988796317
2025-10-11,2,wk inc flu hosp,2025-11-01,41,quantile,0.05,5.417001988796317
2025-10-11,2,wk inc flu hosp,2025-11-01,41,quantile,0.1,5.417001988796317
2025-10-11,2,wk inc flu hosp,2025-11-01,41,quantile,0.15,5.417001988796317
2025-10-11,2,wk inc flu hosp,2025-11-01,41,quantile,0.2,5.417001988796317
2025-10-11,2,wk inc flu hosp,2025-11-01,41,quantile,0.25,5.417001988796317
2025-10-11,2,wk inc flu hosp,2025-11-01,41,quantile,0.3,5.417001988796317
2025-10-11,2,wk inc flu hosp,2025-11-01,41,quantile,0.35,5.417001988796317
2025-10-11,2,wk inc flu hosp,2025-11-01,41,quantile,0.4,5.417001988796317
2025-10-11,2,wk inc flu hosp,2025-11-01,41,quantile,0.45,5.417001988796317
2025-10-11,2,wk inc flu hosp,2025-11-01,41,quantile,0.5,5.417001988796317
2025-10-11,2,wk inc flu hosp,2025-11-01,41,quantile,0.55,5.417001988796317
2025-10-11,2,wk inc flu hosp,2025-11-01,41,quantile,0.6,5.417001988796317
2025-10-11,2,wk inc flu hosp,2025-11-01,41,quantile,0.65,5.417001988796317
2025-10-11,2,wk inc flu hosp,2025-11-01,41,quantile,0.7,5.417001988796317
2025-10-11,2,wk inc flu hosp,2025-11-01,41,quantile,0.75,5.417001988796317
2025-10-11,2,wk inc flu hosp,2025-11-01,41,quantile,0.8,5.417001988796317
2025-10-11,2,wk inc flu hosp,2025-11-01,41,quantile,0.85,5.417001988796317
2025-10-11,2,wk inc flu hosp,2025-11-01,41,quantile,0.9,5.417001988796317
2025-10-11,2,wk inc flu hosp,2025-11-01,41,quantile,0.95,5.417001988796317
2025-10-11,2,wk inc flu hosp,2025-11-01,41,quantile,0.975,5.417001988796317
2025-10-11,2,wk inc flu hosp,2025-11-01,41,quantile,0.99,5.417001988796317
2025-10-18,2,wk inc flu hosp,2025-11-08,41,quantile,0.01,3.957592514468208
2025-10-18,2,wk inc flu hosp,2025-11-08,41,quantile,0.025,3.957592514468208
2025-10-18,2,wk inc flu hosp,2025-11-08,41,quantile,0.05,3.957592514468208
2025-10-18,2,wk inc flu hosp,2025-11-08,41,quantile,0.1,3.957592514468208
2025-10-18,2,wk inc flu hosp,2025-11-08,41,quantile,0.15,3.957592514468208
2025-10-18,2,wk inc flu hosp,2025-11-08,41,quantile,0.2,3.957592514468208
2025-10-18,2,wk inc flu hosp,2025-11-08,41,quantile,0.25,3.957592514468208
2025-10-18,2,wk inc flu hosp,2025-11-08,41,quantile,0.3,3.957592514468208
2025-10-18,2,wk inc flu hosp,2025-11-08,41,quantile,0.35,3.957592514468208
2025-10-18,2,wk inc flu hosp,2025-11-08,41,quantile,0.4,3.957592514468208
2025-10-18,2,wk inc flu hosp,2025-11-08,41,quantile,0.45,3.957592514468208
2025-10-18,2,wk inc flu hosp,2025-11-08,41,quantile,0.5,3.957592514468208
2025-10-18,2,wk inc flu hosp,2025-11-08,41,quantile,0.55,3.957592514468208
2025-10-18,2,wk inc flu hosp,2025-11-08,41,quantile,0.6,3.957592514468208
2025-10-18,2,wk inc flu hosp,2025-11-08,41,quantile,0.65,3.957592514468208
2025-10-18,2,wk inc flu hosp,2025-11-08,41,quantile,0.7,3.957592514468208
2025-10-18,2,wk inc flu hosp,2025-11-08,41,quantile,0.75,3.957592514468208
2025-10-18,2,wk inc flu hosp,2025-11-08,41,quantile,0.8,3.957592514468208
2025-10-18,2,wk inc flu hosp,2025-11-08,41,quantile,0.85,3.957592514468208
2025-10-18,2,wk inc flu hosp,2025-11-08,41,quantile,0.9,3.957592514468208
2025-10-18,2,wk inc flu hosp,2025-11-08,41,quantile,0.95,3.957592514468208
2025-10-18,2,wk inc flu hosp,2025-11-08,41,quantile,0.975,3.957592514468208
2025-10-18,2,wk inc flu hosp,2025-11-08,41,quantile,0.99,3.957592514468208
2025-10-25,2,wk inc flu hosp,2025-11-15,41,quantile,0.01,7.461205087093887
2025-10-25,2,wk inc flu hosp,2025-11-15,41,quantile,0.025,7.461205087093887
2025-10-25,2,wk inc flu hosp,2025-11-15,41,quantile,0.05,7.461205087093887
2025-10-25,2,wk inc flu hosp,2025-11-15,41,quantile,0.1,7.461205087093887
2025-10-25,2,wk inc flu hosp,2025-11-15,41,quantile,0.15,7.461205087093887
2025-10-25,2,wk inc flu hosp,2025-11-15,41,quantile,0.2,7.461205087093887
2025-10-25,2,wk inc flu hosp,2025-11-15,41,quantile,0.25,7.461205087093887
2025-10-25,2,wk inc flu hosp,2025-11-15,41,quantile,0.3,7.461205087093887
2025-10-25,2,wk inc flu hosp,2025-11-15,41,quantile,0.35,7.461205087093887
2025-10-25,2,wk inc flu hosp,2025-11-15,41,quantile,0.4,7.461205087093887
2025-10-25,2,wk inc flu hosp,2025-11-15,41,quantile,0.45,7.461205087093887
2025-10-25,2,wk inc flu hosp,2025-11-15,41,quantile,0.5,7.461205087093887
2025-10-25,2,wk inc flu hosp,2025-11-15,41,quantile,0.55,7.461205087093887
2025-10-25,2,wk inc flu hosp,2025-11-15,41,quantile,0.6,7.461205087093887
2025-10-25,2,wk inc flu hosp,2025-11-15,41,quantile,0.65,7.461205087093887
2025-10-25,2,wk inc flu hosp,2025-11-15,41,quantile,0.7,7.461205087093887
2025-10-25,2,wk inc flu hosp,2025-11-15,41,quantile,0.75,7.461205087093887
2025-10-25,2,wk inc flu hosp,2025-11-15,41,quantile,0.8,7.461205087093887
2025-10-25,2,wk inc flu hosp,2025-11-15,41,quantile,0.85,7.461205087093887
2025-10-25,2,wk inc flu hosp,2025-11-15,41,quantile,0.9,7.461205087093887
2025-10-25,2,wk inc flu hosp,2025-11-15,41,quantile,0.95,7.461205087093887
2025-10-25,2,wk inc flu hosp,2025-11-15,41,quantile,0.975,7.461205087093887
2025-10-25,2,wk inc flu hosp,2025-11-15,41,quantile,0.99,7.461205087093887
2025-11-01,2,wk inc flu hosp,2025-11-22,41,quantile,0.01,12.967738448374007
2025-11-01,2,wk inc flu hosp,2025-11-22,41,quantile,0.025,12.967738448374007
2025-11-01,2,wk inc flu hosp,2025-11-22,41,quantile,0.05,12.967738448374007
2025-11-01,2,wk inc flu hosp,2025-11-22,41,quantile,0.1,12.967738448374007
2025-11-01,2,wk inc flu hosp,2025-11-22,41,quantile,0.15,12.967738448374007
2025-11-01,2,wk inc flu hosp,2025-11-22,41,quantile,0.2,12.967738448374007
2025-11-01,2,wk inc flu hosp,2025-11-22,41,quantile,0.25,12.967738448374007
2025-11-01,2,wk inc flu hosp,2025-11-22,41,quantile,0.3,12.967738448374007
2025-11-01,2,wk inc flu hosp,2025-11-22,41,quantile,0.35,12.967738448374007
2025-11-01,2,wk inc flu hosp,2025-11-22,41,quantile,0.4,12.967738448374007
2025-11-01,2,wk inc flu hosp,2025-11-22,41,quantile,0.45,12.967738448374007
2025-11-01,2,wk inc flu hosp,2025-11-22,41,quantile,0.5,12.967738448374007
2025-11-01,2,wk inc flu hosp,2025-11-22,41,quantile,0.55,12.967738448374007
2025-11-01,2,wk inc flu hosp,2025-11-22,41,quantile,0.6,12.967738448374007
2025-11-01,2,wk inc flu hosp,2025-11-22,41,quantile,0.65,12.967738448374007
2025-11-01,2,wk inc flu hosp,2025-11-22,41,quantile,0.7,12.967738448374007
2025-11-01,2,wk inc flu hosp,2025-11-22,41,quantile,0.75,12.967738448374007
2025-11-01,2,wk inc flu hosp,2025-11-22,41,quantile,0.8,12.967738448374007
2025-11-01,2,wk inc flu hosp,2025-11-22,41,quantile,0.85,12.967738448374007
2025-11-01,2,wk inc flu hosp,2025-11-22,41,quantile,0.9,12.967738448374007
2025-11-01,2,wk inc flu hosp,2025-11-22,41,quantile,0.95,12.967738448374007
2025-11-01,2,wk inc flu hosp,2025-11-22,41,quantile,0.975,12.967738448374007
2025-11-01,2,wk inc flu hosp,2025-11-22,41,quantile,0.99,12.967738448374007
2025-09-20,2,wk inc flu hosp,2025-10-11,42,quantile,0.01,135.77054009669007
2025-09-20,2,wk inc flu hosp,2025-10-11,42,quantile,0.025,135.77054009669007
2025-09-20,2,wk inc flu hosp,2025-10-11,42,quantile,0.05,135.77054009669007
2025-09-20,2,wk inc flu hosp,2025-10-11,42,quantile,0.1,135.77054009669007
2025-09-20,2,wk inc flu hosp,2025-10-11,42,quantile,0.15,135.77054009669007
2025-09-20,2,wk inc flu hosp,2025-10-11,42,quantile,0.2,135.77054009669007
2025-09-20,2,wk inc flu hosp,2025-10-11,42,quantile,0.25,135.77054009669007
2025-09-20,2,wk inc flu hosp,2025-10-11,42,quantile,0.3,135.77054009669007
2025-09-20,2,wk inc flu hosp,2025-10-11,42,quantile,0.35,135.77054009669007
2025-09-20,2,wk inc flu hosp,2025-10-11,42,quantile,0.4,135.77054009669007
2025-09-20,2,wk inc flu hosp,2025-10-11,42,quantile,0.45,135.77054009669007
2025-09-20,2,wk inc flu hosp,2025-10-11,42,quantile,0.5,135.77054009669007
2025-09-20,2,wk inc flu hosp,2025-10-11,42,quantile,0.55,135.77054009669007
2025-09-20,2,wk inc flu hosp,2025-10-11,42,quantile,0.6,135.77054009669007
2025-09-20,2,wk inc flu hosp,2025-10-11,42,quantile,0.65,135.77054009669007
2025-09-20,2,wk inc flu hosp,2025-10-11,42,quantile,0.7,135.77054009669007
2025-09-20,2,wk inc flu hosp,2025-10-11,42,quantile,0.75,135.77054009669007
2025-09-20,2,wk inc flu hosp,2025-10-11,42,quantile,0.8,135.77054009669007
2025-09-20,2,wk inc flu hosp,2025-10-11,42,quantile,0.85,135.77054009669007
2025-09-20,2,wk inc flu hosp,2025-10-11,42,quantile,0.9,135.77054009669007
2025-09-20,2,wk inc flu hosp,2025-10-11,42,quantile,0.95,135.77054009669007
2025-09-20,2,wk inc flu hosp,2025-10-11,42,quantile,0.975,135.77054009669007
2025-09-20,2,wk inc flu hosp,2025-10-11,42,quantile,0.99,135.77054009669007
2025-09-27,2,wk inc flu hosp,2025-10-18,42,quantile,0.01,127.60839973728037
2025-09-27,2,wk inc flu hosp,2025-10-18,42,quantile,0.025,127.60839973728037
2025-09-27,2,wk inc flu hosp,2025-10-18,42,quantile,0.05,127.60839973728037
2025-09-27,2,wk inc flu hosp,2025-10-18,42,quantile,0.1,127.60839973728037
2025-09-27,2,wk inc flu hosp,2025-10-18,42,quantile,0.15,127.60839973728037
2025-09-27,2,wk inc flu hosp,2025-10-18,42,quantile,0.2,127.60839973728037
2025-09-27,2,wk inc flu hosp,2025-10-18,42,quantile,0.25,127.60839973728037
2025-09-27,2,wk inc flu hosp,2025-10-18,42,quantile,0.3,127.60839973728037
2025-09-27,2,wk inc flu hosp,2025-10-18,42,quantile,0.35,127.60839973728037
2025-09-27,2,wk inc flu hosp,2025-10-18,42,quantile,0.4,127.60839973728037
2025-09-27,2,wk inc flu hosp,2025-10-18,42,quantile,0.45,127.60839973728037
2025-09-27,2,wk inc flu hosp,2025-10-18,42,quantile,0.5,127.60839973728037
2025-09-27,2,wk inc flu hosp,2025-10-18,42,quantile,0.55,127.60839973728037
2025-09-27,2,wk inc flu hosp,2025-10-18,42,quantile,0.6,127.60839973728037
2025-09-27,2,wk inc flu hosp,2025-10-18,42,quantile,0.65,127.60839973728037
2025-09-27,2,wk inc flu hosp,2025-10-18,42,quantile,0.7,127.60839973728037
2025-09-27,2,wk inc flu hosp,2025-10-18,42,quantile,0.75,127.60839973728037
2025-09-27,2,wk inc flu hosp,2025-10-18,42,quantile,0.8,127.60839973728037
2025-09-27,2,wk inc flu hosp,2025-10-18,42,quantile,0.85,127.60839973728037
2025-09-27,2,wk inc flu hosp,2025-10-18,42,quantile,0.9,127.60839973728037
2025-09-27,2,wk inc flu hosp,2025-10-18,42,quantile,0.95,127.60839973728037
2025-09-27,2,wk inc flu hosp,2025-10-18,42,quantile,0.975,127.60839973728037
2025-09-27,2,wk inc flu hosp,2025-10-18,42,quantile,0.99,127.60839973728037
2025-10-04,2,wk inc flu hosp,2025-10-25,42,quantile,0.01,100.71646816664106
2025-10-04,2,wk inc flu hosp,2025-10-25,42,quantile,0.025,100.71646816664106
2025-10-04,2,wk inc flu hosp,2025-10-25,42,quantile,0.05,100.71646816664106
2025-10-04,2,wk inc flu hosp,2025-10-25,42,quantile,0.1,100.71646816664106
2025-10-04,2,wk inc flu hosp,2025-10-25,42,quantile,0.15,100.71646816664106
2025-10-04,2,wk inc flu hosp,2025-10-25,42,quantile,0.2,100.71646816664106
2025-10-04,2,wk inc flu hosp,2025-10-25,42,quantile,0.25,100.71646816664106
2025-10-04,2,wk inc flu hosp,2025-10-25,42,quantile,0.3,100.71646816664106
2025-10-04,2,wk inc flu hosp,2025-10-25,42,quantile,0.35,100.71646816664106
2025-10-04,2,wk inc flu hosp,2025-10-25,42,quantile,0.4,100.71646816664106
2025-10-04,2,wk inc flu hosp,2025-10-25,42,quantile,0.45,100.71646816664106
2025-10-04,2,wk inc flu hosp,2025-10-25,42,quantile,0.5,100.71646816664106
2025-10-04,2,wk inc flu hosp,2025-10-25,42,quantile,0.55,100.71646816664106
2025-10-04,2,wk inc flu hosp,2025-10-25,42,quantile,0.6,100.71646816664106
2025-10-04,2,wk inc flu hosp,2025-10-25,42,quantile,0.65,100.71646816664106
2025-10-04,2,wk inc flu hosp,2025-10-25,42,quantile,0.7,100.71646816664106
2025-10-04,2,wk inc flu hosp,2025-10-25,42,quantile,0.75,100.71646816664106
2025-10-04,2,wk inc flu hosp,2025-10-25,42,quantile,0.8,100.71646816664106
2025-10-04,2,wk inc flu hosp,2025-10-25,42,quantile,0.85,100.71646816664106
2025-10-04,2,wk inc flu hosp,2025-10-25,42,quantile,0.9,100.71646816664106
2025-10-04,2,wk inc flu hosp,2025-10-25,42,quantile,0.95,100.71646816664106
2025-10-04,2,wk inc flu hosp,2025-10-25,42,quantile,0.975,100.71646816664106
2025-10-04,2,wk inc flu hosp,2025-10-25,42,quantile,0.99,100.71646816664106
2025-10-11,2,wk inc flu hosp,2025-11-01,42,quantile,0.01,124.38051549785666
2025-10-11,2,wk inc flu hosp,2025-11-01,42,quantile,0.025,124.38051549785666
2025-10-11,2,wk inc flu hosp,2025-11-01,42,quantile,0.05,124.38051549785666
2025-10-11,2,wk inc flu hosp,2025-11-01,42,quantile,0.1,124.38051549785666
2025-10-11,2,wk inc flu hosp,2025-11-01,42,quantile,0.15,124.38051549785666
2025-10-11,2,wk inc flu hosp,2025-11-01,42,quantile,0.2,124.38051549785666
2025-10-11,2,wk inc flu hosp,2025-11-01,42,quantile,0.25,124.38051549785666
2025-10-11,2,wk inc flu hosp,2025-11-01,42,quantile,0.3,124.38051549785666
2025-10-11,2,wk inc flu hosp,2025-11-01,42,quantile,0.35,124.38051549785666
2025-10-11,2,wk inc flu hosp,2025-11-01,42,quantile,0.4,124.38051549785666
2025-10-11,2,wk inc flu hosp,2025-11-01,42,quantile,0.45,124.38051549785666
2025-10-11,2,wk inc flu hosp,2025-11-01,42,quantile,0.5,124.38051549785666
2025-10-11,2,wk inc flu hosp,2025-11-01,42,quantile,0.55,124.38051549785666
2025-10-11,2,wk inc flu hosp,2025-11-01,42,quantile,0.6,124.38051549785666
2025-10-11,2,wk inc flu hosp,2025-11-01,42,quantile,0.65,124.38051549785666
2025-10-11,2,wk inc flu hosp,2025-11-01,42,quantile,0.7,124.38051549785666
2025-10-11,2,wk inc flu hosp,2025-11-01,42,quantile,0.75,124.38051549785666
2025-10-11,2,wk inc flu hosp,2025-11-01,42,quantile,0.8,124.38051549785666
2025-10-11,2,wk inc flu hosp,2025-11-01,42,quantile,0.85,124.38051549785666
2025-10-11,2,wk inc flu hosp,2025-11-01,42,quantile,0.9,124.38051549785666
2025-10-11,2,wk inc flu hosp,2025-11-01,42,quantile,0.95,124.38051549785666
2025-10-11,2,wk inc flu hosp,2025-11-01,42,quantile,0.975,124.38051549785666
2025-10-11,2,wk inc flu hosp,2025-11-01,42,quantile,0.99,124.38051549785666
2025-10-18,2,wk inc flu hosp,2025-11-08,42,quantile,0.01,90.0847413184739
2025-10-18,2,wk inc flu hosp,2025-11-08,42,quantile,0.025,90.0847413184739
2025-10-18,2,wk inc flu hosp,2025-11-08,42,quantile,0.05,90.0847413184739
2025-10-18,2,wk inc flu hosp,2025-11-08,42,quantile,0.1,90.0847413184739
2025-10-18,2,wk inc flu hosp,2025-11-08,42,quantile,0.15,90.0847413184739
2025-10-18,2,wk inc flu hosp,2025-11-08,42,quantile,0.2,90.0847413184739
2025-10-18,2,wk inc flu hosp,2025-11-08,42,quantile,0.25,90.0847413184739
2025-10-18,2,wk inc flu hosp,2025-11-08,42,quantile,0.3,90.0847413184739
2025-10-18,2,wk inc flu hosp,2025-11-08,42,quantile,0.35,90.0847413184739
2025-10-18,2,wk inc flu hosp,2025-11-08,42,quantile,0.4,90.0847413184739
2025-10-18,2,wk inc flu hosp,2025-11-08,42,quantile,0.45,90.0847413184739
2025-10-18,2,wk inc flu hosp,2025-11-08,42,quantile,0.5,90.0847413184739
2025-10-18,2,wk inc flu hosp,2025-11-08,42,quantile,0.55,90.0847413184739
2025-10-18,2,wk inc flu hosp,2025-11-08,42,quantile,0.6,90.0847413184739
2025-10-18,2,wk inc flu hosp,2025-11-08,42,quantile,0.65,90.0847413184739
2025-10-18,2,wk inc flu hosp,2025-11-08,42,quantile,0.7,90.0847413184739
2025-10-18,2,wk inc flu hosp,2025-11-08,42,quantile,0.75,90.0847413184739
2025-10-18,2,wk inc flu hosp,2025-11-08,42,quantile,0.8,90.0847413184739
2025-10-18,2,wk inc flu hosp,2025-11-08,42,quantile,0.85,90.0847413184739
2025-10-18,2,wk inc flu hosp,2025-11-08,42,quantile,0.9,90.0847413184739
2025-10-18,2,wk inc flu hosp,2025-11-08,42,quantile,0.95,90.0847413184739
2025-10-18,2,wk inc flu hosp,2025-11-08,42,quantile,0.975,90.0847413184739
2025-10-18,2,wk inc flu hosp,2025-11-08,42,quantile,0.99,90.0847413184739
2025-10-25,2,wk inc flu hosp,2025-11-15,42,quantile,0.01,131.7123163625438
2025-10-25,2,wk inc flu hosp,2025-11-15,42,quantile,0.025,131.7123163625438
2025-10-25,2,wk inc flu hosp,2025-11-15,42,quantile,0.05,131.7123163625438
2025-10-25,2,wk inc flu hosp,2025-11-15,42,quantile,0.1,131.7123163625438
2025-10-25,2,wk inc flu hosp,2025-11-15,42,quantile,0.15,131.7123163625438
2025-10-25,2,wk inc flu hosp,2025-11-15,42,quantile,0.2,131.7123163625438
2025-10-25,2,wk inc flu hosp,2025-11-15,42,quantile,0.25,131.7123163625438
2025-10-25,2,wk inc flu hosp,2025-11-15,42,quantile,0.3,131.7123163625438
2025-10-25,2,wk inc flu hosp,2025-11-15,42,quantile,0.35,131.7123163625438
2025-10-25,2,wk inc flu hosp,2025-11-15,42,quantile,0.4,131.7123163625438
2025-10-25,2,wk inc flu hosp,2025-11-15,42,quantile,0.45,131.7123163625438
2025-10-25,2,wk inc flu hosp,2025-11-15,42,quantile,0.5,131.7123163625438
2025-10-25,2,wk inc flu hosp,2025-11-15,42,quantile,0.55,131.7123163625438
2025-10-25,2,wk inc flu hosp,2025-11-15,42,quantile,0.6,131.7123163625438
2025-10-25,2,wk inc flu hosp,2025-11-15,42,quantile,0.65,131.7123163625438
2025-10-25,2,wk inc flu hosp,2025-11-15,42,quantile,0.7,131.7123163625438
2025-10-25,2,wk inc flu hosp,2025-11-15,42,quantile,0.75,131.7123163625438
2025-10-25,2,wk inc flu hosp,2025-11-15,42,quantile,0.8,131.7123163625438
2025-10-25,2,wk inc flu hosp,2025-11-15,42,quantile,0.85,131.7123163625438
2025-10-25,2,wk inc flu hosp,2025-11-15,42,quantile,0.9,131.7123163625438
2025-10-25,2,wk inc flu hosp,2025-11-15,42,quantile,0.95,131.7123163625438
2025-10-25,2,wk inc flu hosp,2025-11-15,42,quantile,0.975,131.7123163625438
2025-10-25,2,wk inc flu hosp,2025-11-15,42,quantile,0.99,131.7123163625438
2025-11-01,2,wk inc flu hosp,2025-11-22,42,quantile,0.01,114.25262855007983
2025-11-01,2,wk inc flu hosp,2025-11-22,42,quantile,0.025,114.25262855007983
2025-11-01,2,wk inc flu hosp,2025-11-22,42,quantile,0.05,114.25262855007983
2025-11-01,2,wk inc flu hosp,2025-11-22,42,quantile,0.1,114.25262855007983
2025-11-01,2,wk inc flu hosp,2025-11-22,42,quantile,0.15,114.25262855007983
2025-11-01,2,wk inc flu hosp,2025-11-22,42,quantile,0.2,114.25262855007983
2025-11-01,2,wk inc flu hosp,2025-11-22,42,quantile,0.25,114.25262855007983
2025-11-01,2,wk inc flu hosp,2025-11-22,42,quantile,0.3,114.25262855007983
2025-11-01,2,wk inc flu hosp,2025-11-22,42,quantile,0.35,114.25262855007983
2025-11-01,2,wk inc flu hosp,2025-11-22,42,quantile,0.4,114.25262855007983
2025-11-01,2,wk inc flu hosp,2025-11-22,42,quantile,0.45,114.25262855007983
2025-11-01,2,wk inc flu hosp,2025-11-22,42,quantile,0.5,114.25262855007983
2025-11-01,2,wk inc flu hosp,2025-11-22,42,quantile,0.55,114.25262855007983
2025-11-01,2,wk inc flu hosp,2025-11-22,42,quantile,0.6,114.25262855007983
2025-11-01,2,wk inc flu hosp,2025-11-22,42,quantile,0.65,114.25262855007983
2025-11-01,2,wk inc flu hosp,2025-11-22,42,quantile,0.7,114.25262855007983
2025-11-01,2,wk inc flu hosp,2025-11-22,42,quantile,0.75,114.25262855007983
2025-11-01,2,wk inc flu hosp,2025-11-22,42,quantile,0.8,114.25262855007983
2025-11-01,2,wk inc flu hosp,2025-11-22,42,quantile,0.85,114.25262855007983
2025-11-01,2,wk inc flu hosp,2025-11-22,42,quantile,0.9,114.25262855007983
2025-11-01,2,wk inc flu hosp,2025-11-22,42,quantile,0.95,114.25262855007983
2025-11-01,2,wk inc flu hosp,2025-11-22,42,quantile,0.975,114.25262855007983
2025-11-01,2,wk inc flu hosp,2025-11-22,42,quantile,0.99,114.25262855007983
2025-09-20,2,wk inc flu hosp,2025-10-11,72,quantile,0.01,63.3962638188873
2025-09-20,2,wk inc flu hosp,2025-10-11,72,quantile,0.025,63.3962638188873
2025-09-20,2,wk inc flu hosp,2025-10-11,72,quantile,0.05,63.3962638188873
2025-09-20,2,wk inc flu hosp,2025-10-11,72,quantile,0.1,63.3962638188873
2025-09-20,2,wk inc flu hosp,2025-10-11,72,quantile,0.15,63.3962638188873
2025-09-20,2,wk inc flu hosp,2025-10-11,72,quantile,0.2,63.3962638188873
2025-09-20,2,wk inc flu hosp,2025-10-11,72,quantile,0.25,63.3962638188873
2025-09-20,2,wk inc flu hosp,2025-10-11,72,quantile,0.3,63.3962638188873
2025-09-20,2,wk inc flu hosp,2025-10-11,72,quantile,0.35,63.3962638188873
2025-09-20,2,wk inc flu hosp,2025-10-11,72,quantile,0.4,63.3962638188873
2025-09-20,2,wk inc flu hosp,2025-10-11,72,quantile,0.45,63.3962638188873
2025-09-20,2,wk inc flu hosp,2025-10-11,72,quantile,0.5,63.3962638188873
2025-09-20,2,wk inc flu hosp,2025-10-11,72,quantile,0.55,63.3962638188873
2025-09-20,2,wk inc flu hosp,2025-10-11,72,quantile,0.6,63.3962638188873
2025-09-20,2,wk inc flu hosp,2025-10-11,72,quantile,0.65,63.3962638188873
2025-09-20,2,wk inc flu hosp,2025-10-11,72,quantile,0.7,63.3962638188873
2025-09-20,2,wk inc flu hosp,2025-10-11,72,quantile,0.75,63.3962638188873
2025-09-20,2,wk inc flu hosp,2025-10-11,72,quantile,0.8,63.3962638188873
2025-09-20,2,wk inc flu hosp,2025-10-11,72,quantile,0.85,63.3962638188873
2025-09-20,2,wk inc flu hosp,2025-10-11,72,quantile,0.9,63.3962638188873
2025-09-20,2,wk inc flu hosp,2025-10-11,72,quantile,0.95,63.3962638188873
2025-09-20,2,wk inc flu hosp,2025-10-11,72,quantile,0.975,63.3962638188873
2025-09-20,2,wk inc flu hosp,2025-10-11,72,quantile,0.99,63.3962638188873
2025-09-27,2,wk inc flu hosp,2025-10-18,72,quantile,0.01,49.1178982643514
2025-09-27,2,wk inc flu hosp,2025-10-18,72,quantile,0.025,49.1178982643514
2025-09-27,2,wk inc flu hosp,2025-10-18,72,quantile,0.05,49.1178982643514
2025-09-27,2,wk inc flu hosp,2025-10-18,72,quantile,0.1,49.1178982643514
2025-09-27,2,wk inc flu hosp,2025-10-18,72,quantile,0.15,49.1178982643514
2025-09-27,2,wk inc flu hosp,2025-10-18,72,quantile,0.2,49.1178982643514
2025-09-27,2,wk inc flu hosp,2025-10-18,72,quantile,0.25,49.1178982643514
2025-09-27,2,wk inc flu hosp,2025-10-18,72,quantile,0.3,49.1178982643514
2025-09-27,2,wk inc flu hosp,2025-10-18,72,quantile,0.35,49.1178982643514
2025-09-27,2,wk inc flu hosp,2025-10-18,72,quantile,0.4,49.1178982643514
2025-09-27,2,wk inc flu hosp,2025-10-18,72,quantile,0.45,49.1178982643514
2025-09-27,2,wk inc flu hosp,2025-10-18,72,quantile,0.5,49.1178982643514
2025-09-27,2,wk inc flu hosp,2025-10-18,72,quantile,0.55,49.1178982643514
2025-09-27,2,wk inc flu hosp,2025-10-18,72,quantile,0.6,49.1178982643514
2025-09-27,2,wk inc flu hosp,2025-10-18,72,quantile,0.65,49.1178982643514
2025-09-27,2,wk inc flu hosp,2025-10-18,72,quantile,0.7,49.1178982643514
2025-09-27,2,wk inc flu hosp,2025-10-18,72,quantile,0.75,49.1178982643514
2025-09-27,2,wk inc flu hosp,2025-10-18,72,quantile,0.8,49.1178982643514
2025-09-27,2,wk inc flu hosp,2025-10-18,72,quantile,0.85,49.1178982643514
2025-09-27,2,wk inc flu hosp,2025-10-18,72,quantile,0.9,49.1178982643514
2025-09-27,2,wk inc flu hosp,2025-10-18,72,quantile,0.95,49.1178982643514
2025-09-27,2,wk inc flu hosp,2025-10-18,72,quantile,0.975,49.1178982643514
2025-09-27,2,wk inc flu hosp,2025-10-18,72,quantile,0.99,49.1178982643514
2025-10-04,2,wk inc flu hosp,2025-10-25,72,quantile,0.01,51.66059377344031
2025-10-04,2,wk inc flu hosp,2025-10-25,72,quantile,0.025,51.66059377344031
2025-10-04,2,wk inc flu hosp,2025-10-25,72,quantile,0.05,51.66059377344031
2025-10-04,2,wk inc flu hosp,2025-10-25,72,quantile,0.1,51.66059377344031
2025-10-04,2,wk inc flu hosp,2025-10-25,72,quantile,0.15,51.66059377344031
2025-10-04,2,wk inc flu hosp,2025-10-25,72,quantile,0.2,51.66059377344031
2025-10-04,2,wk inc flu hosp,2025-10-25,72,quantile,0.25,51.66059377344031
2025-10-04,2,wk inc flu hosp,2025-10-25,72,quantile,0.3,51.66059377344031
2025-10-04,2,wk inc flu hosp,2025-10-25,72,quantile,0.35,51.66059377344031
2025-10-04,2,wk inc flu hosp,2025-10-25,72,quantile,0.4,51.66059377344031
2025-10-04,2,wk inc flu hosp,2025-10-25,72,quantile,0.45,51.66059377344031
2025-10-04,2,wk inc flu hosp,2025-10-25,72,quantile,0.5,51.66059377344031
2025-10-04,2,wk inc flu hosp,2025-10-25,72,quantile,0.55,51.66059377344031
2025-10-04,2,wk inc flu hosp,2025-10-25,72,quantile,0.6,51.66059377344031
2025-10-04,2,wk inc flu hosp,2025-10-25,72,quantile,0.65,51.66059377344031
2025-10-04,2,wk inc flu hosp,2025-10-25,72,quantile,0.7,51.66059377344031
2025-10-04,2,wk inc flu hosp,2025-10-25,72,quantile,0.75,51.66059377344031
2025-10-04,2,wk inc flu hosp,2025-10-25,72,quantile,0.8,51.66059377344031
2025-10-04,2,wk inc flu hosp,2025-10-25,72,quantile,0.85,51.66059377344031
2025-10-04,2,wk inc flu hosp,2025-10-25,72,quantile,0.9,51.66059377344031
2025-10-04,2,wk inc flu hosp,2025-10-25,72,quantile,0.95,51.66059377344031
2025-10-04,2,wk inc flu hosp,2025-10-25,72,quantile,0.975,51.66059377344031
2025-10-04,2,wk inc flu hosp,2025-10-25,72,quantile,0.99,51.66059377344031
2025-10-11,2,wk inc flu hosp,2025-11-01,72,quantile,0.01,52.12684936084336
2025-10-11,2,wk inc flu hosp,2025-11-01,72,quantile,0.025,52.12684936084336
2025-10-11,2,wk inc flu hosp,2025-11-01,72,quantile,0.05,52.12684936084336
2025-10-11,2,wk inc flu hosp,2025-11-01,72,quantile,0.1,52.12684936084336
2025-10-11,2,wk inc flu hosp,2025-11-01,72,quantile,0.15,52.12684936084336
2025-10-11,2,wk inc flu hosp,2025-11-01,72,quantile,0.2,52.12684936084336
2025-10-11,2,wk inc flu hosp,2025-11-01,72,quantile,0.25,52.12684936084336
2025-10-11,2,wk inc flu hosp,2025-11-01,72,quantile,0.3,52.12684936084336
2025-10-11,2,wk inc flu hosp,2025-11-01,72,quantile,0.35,52.12684936084336
2025-10-11,2,wk inc flu hosp,2025-11-01,72,quantile,0.4,52.12684936084336
2025-10-11,2,wk inc flu hosp,2025-11-01,72,quantile,0.45,52.12684936084336
2025-10-11,2,wk inc flu hosp,2025-11-01,72,quantile,0.5,52.12684936084336
2025-10-11,2,wk inc flu hosp,2025-11-01,72,quantile,0.55,52.12684936084336
2025-10-11,2,wk inc flu hosp,2025-11-01,72,quantile,0.6,52.12684936084336
2025-10-11,2,wk inc flu hosp,2025-11-01,72,quantile,0.65,52.12684936084336
2025-10-11,2,wk inc flu hosp,2025-11-01,72,quantile,0.7,52.12684936084336
2025-10-11,2,wk inc flu hosp,2025-11-01,72,quantile,0.75,52.12684936084336
2025-10-11,2,wk inc flu hosp,2025-11-01,72,quantile,0.8,52.12684936084336
2025-10-11,2,wk inc flu hosp,2025-11-01,72,quantile,0.85,52.12684936084336
2025-10-11,2,wk inc flu hosp,2025-11-01,72,quantile,0.9,52.12684936084336
2025-10-11,2,wk inc flu hosp,2025-11-01,72,quantile,0.95,52.12684936084336
2025-10-11,2,wk inc flu hosp,2025-11-01,72,quantile,0.975,52.12684936084336
2025-10-11,2,wk inc flu hosp,2025-11-01,72,quantile,0.99,52.12684936084336
2025-10-18,2,wk inc flu hosp,2025-11-08,72,quantile,0.01,71.86583717197067
2025-10-18,2,wk inc flu hosp,2025-11-08,72,quantile,0.025,71.86583717197067
2025-10-18,2,wk inc flu hosp,2025-11-08,72,quantile,0.05,71.86583717197067
2025-10-18,2,wk inc flu hosp,2025-11-08,72,quantile,0.1,71.86583717197067
2025-10-18,2,wk inc flu hosp,2025-11-08,72,quantile,0.15,71.86583717197067
2025-10-18,2,wk inc flu hosp,2025-11-08,72,quantile,0.2,71.86583717197067
2025-10-18,2,wk inc flu hosp,2025-11-08,72,quantile,0.25,71.86583717197067
2025-10-18,2,wk inc flu hosp,2025-11-08,72,quantile,0.3,71.86583717197067
2025-10-18,2,wk inc flu hosp,2025-11-08,72,quantile,0.35,71.86583717197067
2025-10-18,2,wk inc flu hosp,2025-11-08,72,quantile,0.4,71.86583717197067
2025-10-18,2,wk inc flu hosp,2025-11-08,72,quantile,0.45,71.86583717197067
2025-10-18,2,wk inc flu hosp,2025-11-08,72,quantile,0.5,71.86583717197067
2025-10-18,2,wk inc flu hosp,2025-11-08,72,quantile,0.55,71.86583717197067
2025-10-18,2,wk inc flu hosp,2025-11-08,72,quantile,0.6,71.86583717197067
2025-10-18,2,wk inc flu hosp,2025-11-08,72,quantile,0.65,71.86583717197067
2025-10-18,2,wk inc flu hosp,2025-11-08,72,quantile,0.7,71.86583717197067
2025-10-18,2,wk inc flu hosp,2025-11-08,72,quantile,0.75,71.86583717197067
2025-10-18,2,wk inc flu hosp,2025-11-08,72,quantile,0.8,71.86583717197067
2025-10-18,2,wk inc flu hosp,2025-11-08,72,quantile,0.85,71.86583717197067
2025-10-18,2,wk inc flu hosp,2025-11-08,72,quantile,0.9,71.86583717197067
2025-10-18,2,wk inc flu hosp,2025-11-08,72,quantile,0.95,71.86583717197067
2025-10-18,2,wk inc flu hosp,2025-11-08,72,quantile,0.975,71.86583717197067
2025-10-18,2,wk inc flu hosp,2025-11-08,72,quantile,0.99,71.86583717197067
2025-10-25,2,wk inc flu hosp,2025-11-15,72,quantile,0.01,50.97363110008883
2025-10-25,2,wk inc flu hosp,2025-11-15,72,quantile,0.025,50.97363110008883
2025-10-25,2,wk inc flu hosp,2025-11-15,72,quantile,0.05,50.97363110008883
2025-10-25,2,wk inc flu hosp,2025-11-15,72,quantile,0.1,50.97363110008883
2025-10-25,2,wk inc flu hosp,2025-11-15,72,quantile,0.15,50.97363110008883
2025-10-25,2,wk inc flu hosp,2025-11-15,72,quantile,0.2,50.97363110008883
2025-10-25,2,wk inc flu hosp,2025-11-15,72,quantile,0.25,50.97363110008883
2025-10-25,2,wk inc flu hosp,2025-11-15,72,quantile,0.3,50.97363110008883
2025-10-25,2,wk inc flu hosp,2025-11-15,72,quantile,0.35,50.97363110008883
2025-10-25,2,wk inc flu hosp,2025-11-15,72,quantile,0.4,50.97363110008883
2025-10-25,2,wk inc flu hosp,2025-11-15,72,quantile,0.45,50.97363110008883
2025-10-25,2,wk inc flu hosp,2025-11-15,72,quantile,0.5,50.97363110008883
2025-10-25,2,wk inc flu hosp,2025-11-15,72,quantile,0.55,50.97363110008883
2025-10-25,2,wk inc flu hosp,2025-11-15,72,quantile,0.6,50.97363110008883
2025-10-25,2,wk inc flu hosp,2025-11-15,72,quantile,0.65,50.97363110008883
2025-10-25,2,wk inc flu hosp,2025-11-15,72,quantile,0.7,50.97363110008883
2025-10-25,2,wk inc flu hosp,2025-11-15,72,quantile,0.75,50.97363110008883
2025-10-25,2,wk inc flu hosp,2025-11-15,72,quantile,0.8,50.97363110008883
2025-10-25,2,wk inc flu hosp,2025-11-15,72,quantile,0.85,50.97363110008883
2025-10-25,2,wk inc flu hosp,2025-11-15,72,quantile,0.9,50.97363110008883
2025-10-25,2,wk inc flu hosp,2025-11-15,72,quantile,0.95,50.97363110008883
2025-10-25,2,wk inc flu hosp,2025-11-15,72,quantile,0.975,50.97363110008883
2025-10-25,2,wk inc flu hosp,2025-11-15,72,quantile,0.99,50.97363110008883
2025-11-01,2,wk inc flu hosp,2025-11-22,72,quantile,0.01,99.59397101332424
2025-11-01,2,wk inc flu hosp,2025-11-22,72,quantile,0.025,99.59397101332424
2025-11-01,2,wk inc flu hosp,2025-11-22,72,quantile,0.05,99.59397101332424
2025-11-01,2,wk inc flu hosp,2025-11-22,72,quantile,0.1,99.59397101332424
2025-11-01,2,wk inc flu hosp,2025-11-22,72,quantile,0.15,99.59397101332424
2025-11-01,2,wk inc flu hosp,2025-11-22,72,quantile,0.2,99.59397101332424
2025-11-01,2,wk inc flu hosp,2025-11-22,72,quantile,0.25,99.59397101332424
2025-11-01,2,wk inc flu hosp,2025-11-22,72,quantile,0.3,99.59397101332424
2025-11-01,2,wk inc flu hosp,2025-11-22,72,quantile,0.35,99.59397101332424
2025-11-01,2,wk inc flu hosp,2025-11-22,72,quantile,0.4,99.59397101332424
2025-11-01,2,wk inc flu hosp,2025-11-22,72,quantile,0.45,99.59397101332424
2025-11-01,2,wk inc flu hosp,2025-11-22,72,quantile,0.5,99.59397101332424
2025-11-01,2,wk inc flu hosp,2025-11-22,72,quantile,0.55,99.59397101332424
2025-11-01,2,wk inc flu hosp,2025-11-22,72,quantile,0.6,99.59397101332424
2025-11-01,2,wk inc flu hosp,2025-11-22,72,quantile,0.65,99.59397101332424
2025-11-01,2,wk inc flu hosp,2025-11-22,72,quantile,0.7,99.59397101332424
2025-11-01,2,wk inc flu hosp,2025-11-22,72,quantile,0.75,99.59397101332424
2025-11-01,2,wk inc flu hosp,2025-11-22,72,quantile,0.8,99.59397101332424
2025-11-01,2,wk inc flu hosp,2025-11-22,72,quantile,0.85,99.59397101332424
2025-11-01,2,wk inc flu hosp,2025-11-22,72,quantile,0.9,99.59397101332424
2025-11-01,2,wk inc flu hosp,2025-11-22,72,quantile,0.95,99.59397101332424
2025-11-01,2,wk inc flu hosp,2025-11-22,72,quantile,0.975,99.59397101332424
2025-11-01,2,wk inc flu hosp,2025-11-22,72,quantile,0.99,99.59397101332424
2025-09-20,2,wk inc flu hosp,2025-10-11,44,quantile,0.01,0.5744765164597787
2025-09-20,2,wk inc flu hosp,2025-10-11,44,quantile,0.025,0.5744765164597787
2025-09-20,2,wk inc flu hosp,2025-10-11,44,quantile,0.05,0.5744765164597787
2025-09-20,2,wk inc flu hosp,2025-10-11,44,quantile,0.1,0.5744765164597787
2025-09-20,2,wk inc flu hosp,2025-10-11,44,quantile,0.15,0.5744765164597787
2025-09-20,2,wk inc flu hosp,2025-10-11,44,quantile,0.2,0.5744765164597787
2025-09-20,2,wk inc flu hosp,2025-10-11,44,quantile,0.25,0.5744765164597787
2025-09-20,2,wk inc flu hosp,2025-10-11,44,quantile,0.3,0.5744765164597787
2025-09-20,2,wk inc flu hosp,2025-10-11,44,quantile,0.35,0.5744765164597787
2025-09-20,2,wk inc flu hosp,2025-10-11,44,quantile,0.4,0.5744765164597787
2025-09-20,2,wk inc flu hosp,2025-10-11,44,quantile,0.45,0.5744765164597787
2025-09-20,2,wk inc flu hosp,2025-10-11,44,quantile,0.5,0.5744765164597787
2025-09-20,2,wk inc flu hosp,2025-10-11,44,quantile,0.55,0.5744765164597787
2025-09-20,2,wk inc flu hosp,2025-10-11,44,quantile,0.6,0.5744765164597787
2025-09-20,2,wk inc flu hosp,2025-10-11,44,quantile,0.65,0.5744765164597787
2025-09-20,2,wk inc flu hosp,2025-10-11,44,quantile,0.7,0.5744765164597787
2025-09-20,2,wk inc flu hosp,2025-10-11,44,quantile,0.75,0.5744765164597787
2025-09-20,2,wk inc flu hosp,2025-10-11,44,quantile,0.8,0.5744765164597787
2025-09-20,2,wk inc flu hosp,2025-10-11,44,quantile,0.85,0.5744765164597787
2025-09-20,2,wk inc flu hosp,2025-10-11,44,quantile,0.9,0.5744765164597787
2025-09-20,2,wk inc flu hosp,2025-10-11,44,quantile,0.95,0.5744765164597787
2025-09-20,2,wk inc flu hosp,2025-10-11,44,quantile,0.975,0.5744765164597787
2025-09-20,2,wk inc flu hosp,2025-10-11,44,quantile,0.99,0.5744765164597787
2025-09-27,2,wk inc flu hosp,2025-10-18,44,quantile,0.01,2.1463076314062457
2025-09-27,2,wk inc flu hosp,2025-10-18,44,quantile,0.025,2.1463076314062457
2025-09-27,2,wk inc flu hosp,2025-10-18,44,quantile,0.05,2.1463076314062457
2025-09-27,2,wk inc flu hosp,2025-10-18,44,quantile,0.1,2.1463076314062457
2025-09-27,2,wk inc flu hosp,2025-10-18,44,quantile,0.15,2.1463076314062457
2025-09-27,2,wk inc flu hosp,2025-10-18,44,quantile,0.2,2.1463076314062457
2025-09-27,2,wk inc flu hosp,2025-10-18,44,quantile,0.25,2.1463076314062457
2025-09-27,2,wk inc flu hosp,2025-10-18,44,quantile,0.3,2.1463076314062457
2025-09-27,2,wk inc flu hosp,2025-10-18,44,quantile,0.35,2.1463076314062457
2025-09-27,2,wk inc flu hosp,2025-10-18,44,quantile,0.4,2.1463076314062457
2025-09-27,2,wk inc flu hosp,2025-10-18,44,quantile,0.45,2.1463076314062457
2025-09-27,2,wk inc flu hosp,2025-10-18,44,quantile,0.5,2.1463076314062457
2025-09-27,2,wk inc flu hosp,2025-10-18,44,quantile,0.55,2.1463076314062457
2025-09-27,2,wk inc flu hosp,2025-10-18,44,quantile,0.6,2.1463076314062457
2025-09-27,2,wk inc flu hosp,2025-10-18,44,quantile,0.65,2.1463076314062457
2025-09-27,2,wk inc flu hosp,2025-10-18,44,quantile,0.7,2.1463076314062457
2025-09-27,2,wk inc flu hosp,2025-10-18,44,quantile,0.75,2.1463076314062457
2025-09-27,2,wk inc flu hosp,2025-10-18,44,quantile,0.8,2.1463076314062457
2025-09-27,2,wk inc flu hosp,2025-10-18,44,quantile,0.85,2.1463076314062457
2025-09-27,2,wk inc flu hosp,2025-10-18,44,quantile,0.9,2.1463076314062457
2025-09-27,2,wk inc flu hosp,2025-10-18,44,quantile,0.95,2.1463076314062457
2025-09-27,2,wk inc flu hosp,2025-10-18,44,quantile,0.975,2.1463076314062457
2025-09-27,2,wk inc flu hosp,2025-10-18,44,quantile,0.99,2.1463076314062457
2025-10-04,2,wk inc flu hosp,2025-10-25,44,quantile,0.01,0.5555555555555556
2025-10-04,2,wk inc flu hosp,2025-10-25,44,quantile,0.025,0.5555555555555556
2025-10-04,2,wk inc flu hosp,2025-10-25,44,quantile,0.05,0.5555555555555556
2025-10-04,2,wk inc flu hosp,2025-10-25,44,quantile,0.1,0.5555555555555556
2025-10-04,2,wk inc flu hosp,2025-10-25,44,quantile,0.15,0.5555555555555556
2025-10-04,2,wk inc flu hosp,2025-10-25,44,quantile,0.2,0.5555555555555556
2025-10-04,2,wk inc flu hosp,2025-10-25,44,quantile,0.25,0.5555555555555556
2025-10-04,2,wk inc flu hosp,2025-10-25,44,quantile,0.3,0.5555555555555556
2025-10-04,2,wk inc flu hosp,2025-10-25,44,quantile,0.35,0.5555555555555556
2025-10-04,2,wk inc flu hosp,2025-10-25,44,quantile,0.4,0.5555555555555556
2025-10-04,2,wk inc flu hosp,2025-10-25,44,quantile,0.45,0.5555555555555556
2025-10-04,2,wk inc flu hosp,2025-10-25,44,quantile,0.5,0.5555555555555556
2025-10-04,2,wk inc flu hosp,2025-10-25,44,quantile,0.55,0.5555555555555556
2025-10-04,2,wk inc flu hosp,2025-10-25,44,quantile,0.6,0.5555555555555556
2025-10-04,2,wk inc flu hosp,2025-10-25,44,quantile,0.65,0.5555555555555556
2025-10-04,2,wk inc flu hosp,2025-10-25,44,quantile,0.7,0.5555555555555556
2025-10-04,2,wk inc flu hosp,2025-10-25,44,quantile,0.75,0.5555555555555556
2025-10-04,2,wk inc flu hosp,2025-10-25,44,quantile,0.8,0.5555555555555556
2025-10-04,2,wk inc flu hosp,2025-10-25,44,quantile,0.85,0.5555555555555556
2025-10-04,2,wk inc flu hosp,2025-10-25,44,quantile,0.9,0.5555555555555556
2025-10-04,2,wk inc flu hosp,2025-10-25,44,quantile,0.95,0.5555555555555556
2025-10-04,2,wk inc flu hosp,2025-10-25,44,quantile,0.975,0.5555555555555556
2025-10-04,2,wk inc flu hosp,2025-10-25,44,quantile,0.99,0.5555555555555556
2025-10-11,2,wk inc flu hosp,2025-11-01,44,quantile,0.01,1.1111111111111112
2025-10-11,2,wk inc flu hosp,2025-11-01,44,quantile,0.025,1.1111111111111112
2025-10-11,2,wk inc flu hosp,2025-11-01,44,quantile,0.05,1.1111111111111112
2025-10-11,2,wk inc flu hosp,2025-11-01,44,quantile,0.1,1.1111111111111112
2025-10-11,2,wk inc flu hosp,2025-11-01,44,quantile,0.15,1.1111111111111112
2025-10-11,2,wk inc flu hosp,2025-11-01,44,quantile,0.2,1.1111111111111112
2025-10-11,2,wk inc flu hosp,2025-11-01,44,quantile,0.25,1.1111111111111112
2025-10-11,2,wk inc flu hosp,2025-11-01,44,quantile,0.3,1.1111111111111112
2025-10-11,2,wk inc flu hosp,2025-11-01,44,quantile,0.35,1.1111111111111112
2025-10-11,2,wk inc flu hosp,2025-11-01,44,quantile,0.4,1.1111111111111112
2025-10-11,2,wk inc flu hosp,2025-11-01,44,quantile,0.45,1.1111111111111112
2025-10-11,2,wk inc flu hosp,2025-11-01,44,quantile,0.5,1.1111111111111112
2025-10-11,2,wk inc flu hosp,2025-11-01,44,quantile,0.55,1.1111111111111112
2025-10-11,2,wk inc flu hosp,2025-11-01,44,quantile,0.6,1.1111111111111112
2025-10-11,2,wk inc flu hosp,2025-11-01,44,quantile,0.65,1.1111111111111112
2025-10-11,2,wk inc flu hosp,2025-11-01,44,quantile,0.7,1.1111111111111112
2025-10-11,2,wk inc flu hosp,2025-11-01,44,quantile,0.75,1.1111111111111112
2025-10-11,2,wk inc flu hosp,2025-11-01,44,quantile,0.8,1.1111111111111112
2025-10-11,2,wk inc flu hosp,2025-11-01,44,quantile,0.85,1.1111111111111112
2025-10-11,2,wk inc flu hosp,2025-11-01,44,quantile,0.9,1.1111111111111112
2025-10-11,2,wk inc flu hosp,2025-11-01,44,quantile,0.95,1.1111111111111112
2025-10-11,2,wk inc flu hosp,2025-11-01,44,quantile,0.975,1.1111111111111112
2025-10-11,2,wk inc flu hosp,2025-11-01,44,quantile,0.99,1.1111111111111112
2025-10-18,2,wk inc flu hosp,2025-11-08,44,quantile,0.01,1.3589174209773383
2025-10-18,2,wk inc flu hosp,2025-11-08,44,quantile,0.025,1.3589174209773383
2025-10-18,2,wk inc flu hosp,2025-11-08,44,quantile,0.05,1.3589174209773383
2025-10-18,2,wk inc flu hosp,2025-11-08,44,quantile,0.1,1.3589174209773383
2025-10-18,2,wk inc flu hosp,2025-11-08,44,quantile,0.15,1.3589174209773383
2025-10-18,2,wk inc flu hosp,2025-11-08,44,quantile,0.2,1.3589174209773383
2025-10-18,2,wk inc flu hosp,2025-11-08,44,quantile,0.25,1.3589174209773383
2025-10-18,2,wk inc flu hosp,2025-11-08,44,quantile,0.3,1.3589174209773383
2025-10-18,2,wk inc flu hosp,2025-11-08,44,quantile,0.35,1.3589174209773383
2025-10-18,2,wk inc flu hosp,2025-11-08,44,quantile,0.4,1.3589174209773383
2025-10-18,2,wk inc flu hosp,2025-11-08,44,quantile,0.45,1.3589174209773383
2025-10-18,2,wk inc flu hosp,2025-11-08,44,quantile,0.5,1.3589174209773383
2025-10-18,2,wk inc flu hosp,2025-11-08,44,quantile,0.55,1.3589174209773383
2025-10-18,2,wk inc flu hosp,2025-11-08,44,quantile,0.6,1.3589174209773383
2025-10-18,2,wk inc flu hosp,2025-11-08,44,quantile,0.65,1.3589174209773383
2025-10-18,2,wk inc flu hosp,2025-11-08,44,quantile,0.7,1.3589174209773383
2025-10-18,2,wk inc flu hosp,2025-11-08,44,quantile,0.75,1.3589174209773383
2025-10-18,2,wk inc flu hosp,2025-11-08,44,quantile,0.8,1.3589174209773383
2025-10-18,2,wk inc flu hosp,2025-11-08,44,quantile,0.85,1.3589174209773383
2025-10-18,2,wk inc flu hosp,2025-11-08,44,quantile,0.9,1.3589174209773383
2025-10-18,2,wk inc flu hosp,2025-11-08,44,quantile,0.95,1.3589174209773383
2025-10-18,2,wk inc flu hosp,2025-11-08,44,quantile,0.975,1.3589174209773383
2025-10-18,2,wk inc flu hosp,2025-11-08,44,quantile,0.99,1.3589174209773383
2025-10-25,2,wk inc flu hosp,2025-11-15,44,quantile,0.01,0.15283977051620695
2025-10-25,2,wk inc flu hosp,2025-11-15,44,quantile,0.025,0.15283977051620695
2025-10-25,2,wk inc flu hosp,2025-11-15,44,quantile,0.05,0.15283977051620695
2025-10-25,2,wk inc flu hosp,2025-11-15,44,quantile,0.1,0.15283977051620695
2025-10-25,2,wk inc flu hosp,2025-11-15,44,quantile,0.15,0.15283977051620695
2025-10-25,2,wk inc flu hosp,2025-11-15,44,quantile,0.2,0.15283977051620695
2025-10-25,2,wk inc flu hosp,2025-11-15,44,quantile,0.25,0.15283977051620695
2025-10-25,2,wk inc flu hosp,2025-11-15,44,quantile,0.3,0.15283977051620695
2025-10-25,2,wk inc flu hosp,2025-11-15,44,quantile,0.35,0.15283977051620695
2025-10-25,2,wk inc flu hosp,2025-11-15,44,quantile,0.4,0.15283977051620695
2025-10-25,2,wk inc flu hosp,2025-11-15,44,quantile,0.45,0.15283977051620695
2025-10-25,2,wk inc flu hosp,2025-11-15,44,quantile,0.5,0.15283977051620695
2025-10-25,2,wk inc flu hosp,2025-11-15,44,quantile,0.55,0.15283977051620695
2025-10-25,2,wk inc flu hosp,2025-11-15,44,quantile,0.6,0.15283977051620695
2025-10-25,2,wk inc flu hosp,2025-11-15,44,quantile,0.65,0.15283977051620695
2025-10-25,2,wk inc flu hosp,2025-11-15,44,quantile,0.7,0.15283977051620695
2025-10-25,2,wk inc flu hosp,2025-11-15,44,quantile,0.75,0.15283977051620695
2025-10-25,2,wk inc flu hosp,2025-11-15,44,quantile,0.8,0.15283977051620695
2025-10-25,2,wk inc flu hosp,2025-11-15,44,quantile,0.85,0.15283977051620695
2025-10-25,2,wk inc flu hosp,2025-11-15,44,quantile,0.9,0.15283977051620695
2025-10-25,2,wk inc flu hosp,2025-11-15,44,quantile,0.95,0.15283977051620695
2025-10-25,2,wk inc flu hosp,2025-11-15,44,quantile,0.975,0.15283977051620695
2025-10-25,2,wk inc flu hosp,2025-11-15,44,quantile,0.99,0.15283977051620695
2025-11-01,2,wk inc flu hosp,2025-11-22,44,quantile,0.01,1.683464158248688
2025-11-01,2,wk inc flu hosp,2025-11-22,44,quantile,0.025,1.683464158248688
2025-11-01,2,wk inc flu hosp,2025-11-22,44,quantile,0.05,1.683464158248688
2025-11-01,2,wk inc flu hosp,2025-11-22,44,quantile,0.1,1.683464158248688
2025-11-01,2,wk inc flu hosp,2025-11-22,44,quantile,0.15,1.683464158248688
2025-11-01,2,wk inc flu hosp,2025-11-22,44,quantile,0.2,1.683464158248688
2025-11-01,2,wk inc flu hosp,2025-11-22,44,quantile,0.25,1.683464158248688
2025-11-01,2,wk inc flu hosp,2025-11-22,44,quantile,0.3,1.683464158248688
2025-11-01,2,wk inc flu hosp,2025-11-22,44,quantile,0.35,1.683464158248688
2025-11-01,2,wk inc flu hosp,2025-11-22,44,quantile,0.4,1.683464158248688
2025-11-01,2,wk inc flu hosp,2025-11-22,44,quantile,0.45,1.683464158248688
2025-11-01,2,wk inc flu hosp,2025-11-22,44,quantile,0.5,1.683464158248688
2025-11-01,2,wk inc flu hosp,2025-11-22,44,quantile,0.55,1.683464158248688
2025-11-01,2,wk inc flu hosp,2025-11-22,44,quantile,0.6,1.683464158248688
2025-11-01,2,wk inc flu hosp,2025-11-22,44,quantile,0.65,1.683464158248688
2025-11-01,2,wk inc flu hosp,2025-11-22,44,quantile,0.7,1.683464158248688
2025-11-01,2,wk inc flu hosp,2025-11-22,44,quantile,0.75,1.683464158248688
2025-11-01,2,wk inc flu hosp,2025-11-22,44,quantile,0.8,1.683464158248688
2025-11-01,2,wk inc flu hosp,2025-11-22,44,quantile,0.85,1.683464158248688
2025-11-01,2,wk inc flu hosp,2025-11-22,44,quantile,0.9,1.683464158248688
2025-11-01,2,wk inc flu hosp,2025-11-22,44,quantile,0.95,1.683464158248688
2025-11-01,2,wk inc flu hosp,2025-11-22,44,quantile,0.975,1.683464158248688
2025-11-01,2,wk inc flu hosp,2025-11-22,44,quantile,0.99,1.683464158248688
2025-09-20,2,wk inc flu hosp,2025-10-11,45,quantile,0.01,5.444190797487975
2025-09-20,2,wk inc flu hosp,2025-10-11,45,quantile,0.025,5.444190797487975
2025-09-20,2,wk inc flu hosp,2025-10-11,45,quantile,0.05,5.444190797487975
2025-09-20,2,wk inc flu hosp,2025-10-11,45,quantile,0.1,5.444190797487975
2025-09-20,2,wk inc flu hosp,2025-10-11,45,quantile,0.15,5.444190797487975
2025-09-20,2,wk inc flu hosp,2025-10-11,45,quantile,0.2,5.444190797487975
2025-09-20,2,wk inc flu hosp,2025-10-11,45,quantile,0.25,5.444190797487975
2025-09-20,2,wk inc flu hosp,2025-10-11,45,quantile,0.3,5.444190797487975
2025-09-20,2,wk inc flu hosp,2025-10-11,45,quantile,0.35,5.444190797487975
2025-09-20,2,wk inc flu hosp,2025-10-11,45,quantile,0.4,5.444190797487975
2025-09-20,2,wk inc flu hosp,2025-10-11,45,quantile,0.45,5.444190797487975
2025-09-20,2,wk inc flu hosp,2025-10-11,45,quantile,0.5,5.444190797487975
2025-09-20,2,wk inc flu hosp,2025-10-11,45,quantile,0.55,5.444190797487975
2025-09-20,2,wk inc flu hosp,2025-10-11,45,quantile,0.6,5.444190797487975
2025-09-20,2,wk inc flu hosp,2025-10-11,45,quantile,0.65,5.444190797487975
2025-09-20,2,wk inc flu hosp,2025-10-11,45,quantile,0.7,5.444190797487975
2025-09-20,2,wk inc flu hosp,2025-10-11,45,quantile,0.75,5.444190797487975
2025-09-20,2,wk inc flu hosp,2025-10-11,45,quantile,0.8,5.444190797487975
2025-09-20,2,wk inc flu hosp,2025-10-11,45,quantile,0.85,5.444190797487975
2025-09-20,2,wk inc flu hosp,2025-10-11,45,quantile,0.9,5.444190797487975
2025-09-20,2,wk inc flu hosp,2025-10-11,45,quantile,0.95,5.444190797487975
2025-09-20,2,wk inc flu hosp,2025-10-11,45,quantile,0.975,5.444190797487975
2025-09-20,2,wk inc flu hosp,2025-10-11,45,quantile,0.99,5.444190797487975
2025-09-27,2,wk inc flu hosp,2025-10-18,45,quantile,0.01,25.08468178072524
2025-09-27,2,wk inc flu hosp,2025-10-18,45,quantile,0.025,25.08468178072524
2025-09-27,2,wk inc flu hosp,2025-10-18,45,quantile,0.05,25.08468178072524
2025-09-27,2,wk inc flu hosp,2025-10-18,45,quantile,0.1,25.08468178072524
2025-09-27,2,wk inc flu hosp,2025-10-18,45,quantile,0.15,25.08468178072524
2025-09-27,2,wk inc flu hosp,2025-10-18,45,quantile,0.2,25.08468178072524
2025-09-27,2,wk inc flu hosp,2025-10-18,45,quantile,0.25,25.08468178072524
2025-09-27,2,wk inc flu hosp,2025-10-18,45,quantile,0.3,25.08468178072524
2025-09-27,2,wk inc flu hosp,2025-10-18,45,quantile,0.35,25.08468178072524
2025-09-27,2,wk inc flu hosp,2025-10-18,45,quantile,0.4,25.08468178072524
2025-09-27,2,wk inc flu hosp,2025-10-18,45,quantile,0.45,25.08468178072524
2025-09-27,2,wk inc flu hosp,2025-10-18,45,quantile,0.5,25.08468178072524
2025-09-27,2,wk inc flu hosp,2025-10-18,45,quantile,0.55,25.08468178072524
2025-09-27,2,wk inc flu hosp,2025-10-18,45,quantile,0.6,25.08468178072524
2025-09-27,2,wk inc flu hosp,2025-10-18,45,quantile,0.65,25.08468178072524
2025-09-27,2,wk inc flu hosp,2025-10-18,45,quantile,0.7,25.08468178072524
2025-09-27,2,wk inc flu hosp,2025-10-18,45,quantile,0.75,25.08468178072524
2025-09-27,2,wk inc flu hosp,2025-10-18,45,quantile,0.8,25.08468178072524
2025-09-27,2,wk inc flu hosp,2025-10-18,45,quantile,0.85,25.08468178072524
2025-09-27,2,wk inc flu hosp,2025-10-18,45,quantile,0.9,25.08468178072524
2025-09-27,2,wk inc flu hosp,2025-10-18,45,quantile,0.95,25.08468178072524
2025-09-27,2,wk inc flu hosp,2025-10-18,45,quantile,0.975,25.08468178072524
2025-09-27,2,wk inc flu hosp,2025-10-18,45,quantile,0.99,25.08468178072524
2025-10-04,2,wk inc flu hosp,2025-10-25,45,quantile,0.01,10.996957315428014
2025-10-04,2,wk inc flu hosp,2025-10-25,45,quantile,0.025,10.996957315428014
2025-10-04,2,wk inc flu hosp,2025-10-25,45,quantile,0.05,10.996957315428014
2025-10-04,2,wk inc flu hosp,2025-10-25,45,quantile,0.1,10.996957315428014
2025-10-04,2,wk inc flu hosp,2025-10-25,45,quantile,0.15,10.996957315428014
2025-10-04,2,wk inc flu hosp,2025-10-25,45,quantile,0.2,10.996957315428014
2025-10-04,2,wk inc flu hosp,2025-10-25,45,quantile,0.25,10.996957315428014
2025-10-04,2,wk inc flu hosp,2025-10-25,45,quantile,0.3,10.996957315428014
2025-10-04,2,wk inc flu hosp,2025-10-25,45,quantile,0.35,10.996957315428014
2025-10-04,2,wk inc flu hosp,2025-10-25,45,quantile,0.4,10.996957315428014
2025-10-04,2,wk inc flu hosp,2025-10-25,45,quantile,0.45,10.996957315428014
2025-10-04,2,wk inc flu hosp,2025-10-25,45,quantile,0.5,10.996957315428014
2025-10-04,2,wk inc flu hosp,2025-10-25,45,quantile,0.55,10.996957315428014
2025-10-04,2,wk inc flu hosp,2025-10-25,45,quantile,0.6,10.996957315428014
2025-10-04,2,wk inc flu hosp,2025-10-25,45,quantile,0.65,10.996957315428014
2025-10-04,2,wk inc flu hosp,2025-10-25,45,quantile,0.7,10.996957315428014
2025-10-04,2,wk inc flu hosp,2025-10-25,45,quantile,0.75,10.996957315428014
2025-10-04,2,wk inc flu hosp,2025-10-25,45,quantile,0.8,10.996957315428014
2025-10-04,2,wk inc flu hosp,2025-10-25,45,quantile,0.85,10.996957315428014
2025-10-04,2,wk inc flu hosp,2025-10-25,45,quantile,0.9,10.996957315428014
2025-10-04,2,wk inc flu hosp,2025-10-25,45,quantile,0.95,10.996957315428014
2025-10-04,2,wk inc flu hosp,2025-10-25,45,quantile,0.975,10.996957315428014
2025-10-04,2,wk inc flu hosp,2025-10-25,45,quantile,0.99,10.996957315428014
2025-10-11,2,wk inc flu hosp,2025-11-01,45,quantile,0.01,11.429093046835892
2025-10-11,2,wk inc flu hosp,2025-11-01,45,quantile,0.025,11.429093046835892
2025-10-11,2,wk inc flu hosp,2025-11-01,45,quantile,0.05,11.429093046835892
2025-10-11,2,wk inc flu hosp,2025-11-01,45,quantile,0.1,11.429093046835892
2025-10-11,2,wk inc flu hosp,2025-11-01,45,quantile,0.15,11.429093046835892
2025-10-11,2,wk inc flu hosp,2025-11-01,45,quantile,0.2,11.429093046835892
2025-10-11,2,wk inc flu hosp,2025-11-01,45,quantile,0.25,11.429093046835892
2025-10-11,2,wk inc flu hosp,2025-11-01,45,quantile,0.3,11.429093046835892
2025-10-11,2,wk inc flu hosp,2025-11-01,45,quantile,0.35,11.429093046835892
2025-10-11,2,wk inc flu hosp,2025-11-01,45,quantile,0.4,11.429093046835892
2025-10-11,2,wk inc flu hosp,2025-11-01,45,quantile,0.45,11.429093046835892
2025-10-11,2,wk inc flu hosp,2025-11-01,45,quantile,0.5,11.429093046835892
2025-10-11,2,wk inc flu hosp,2025-11-01,45,quantile,0.55,11.429093046835892
2025-10-11,2,wk inc flu hosp,2025-11-01,45,quantile,0.6,11.429093046835892
2025-10-11,2,wk inc flu hosp,2025-11-01,45,quantile,0.65,11.429093046835892
2025-10-11,2,wk inc flu hosp,2025-11-01,45,quantile,0.7,11.429093046835892
2025-10-11,2,wk inc flu hosp,2025-11-01,45,quantile,0.75,11.429093046835892
2025-10-11,2,wk inc flu hosp,2025-11-01,45,quantile,0.8,11.429093046835892
2025-10-11,2,wk inc flu hosp,2025-11-01,45,quantile,0.85,11.429093046835892
2025-10-11,2,wk inc flu hosp,2025-11-01,45,quantile,0.9,11.429093046835892
2025-10-11,2,wk inc flu hosp,2025-11-01,45,quantile,0.95,11.429093046835892
2025-10-11,2,wk inc flu hosp,2025-11-01,45,quantile,0.975,11.429093046835892
2025-10-11,2,wk inc flu hosp,2025-11-01,45,quantile,0.99,11.429093046835892
2025-10-18,2,wk inc flu hosp,2025-11-08,45,quantile,0.01,7.239161571347597
2025-10-18,2,wk inc flu hosp,2025-11-08,45,quantile,0.025,7.239161571347597
2025-10-18,2,wk inc flu hosp,2025-11-08,45,quantile,0.05,7.239161571347597
2025-10-18,2,wk inc flu hosp,2025-11-08,45,quantile,0.1,7.239161571347597
2025-10-18,2,wk inc flu hosp,2025-11-08,45,quantile,0.15,7.239161571347597
2025-10-18,2,wk inc flu hosp,2025-11-08,45,quantile,0.2,7.239161571347597
2025-10-18,2,wk inc flu hosp,2025-11-08,45,quantile,0.25,7.239161571347597
2025-10-18,2,wk inc flu hosp,2025-11-08,45,quantile,0.3,7.239161571347597
2025-10-18,2,wk inc flu hosp,2025-11-08,45,quantile,0.35,7.239161571347597
2025-10-18,2,wk inc flu hosp,2025-11-08,45,quantile,0.4,7.239161571347597
2025-10-18,2,wk inc flu hosp,2025-11-08,45,quantile,0.45,7.239161571347597
2025-10-18,2,wk inc flu hosp,2025-11-08,45,quantile,0.5,7.239161571347597
2025-10-18,2,wk inc flu hosp,2025-11-08,45,quantile,0.55,7.239161571347597
2025-10-18,2,wk inc flu hosp,2025-11-08,45,quantile,0.6,7.239161571347597
2025-10-18,2,wk inc flu hosp,2025-11-08,45,quantile,0.65,7.239161571347597
2025-10-18,2,wk inc flu hosp,2025-11-08,45,quantile,0.7,7.239161571347597
2025-10-18,2,wk inc flu hosp,2025-11-08,45,quantile,0.75,7.239161571347597
2025-10-18,2,wk inc flu hosp,2025-11-08,45,quantile,0.8,7.239161571347597
2025-10-18,2,wk inc flu hosp,2025-11-08,45,quantile,0.85,7.239161571347597
2025-10-18,2,wk inc flu hosp,2025-11-08,45,quantile,0.9,7.239161571347597
2025-10-18,2,wk inc flu hosp,2025-11-08,45,quantile,0.95,7.239161571347597
2025-10-18,2,wk inc flu hosp,2025-11-08,45,quantile,0.975,7.239161571347597
2025-10-18,2,wk inc flu hosp,2025-11-08,45,quantile,0.99,7.239161571347597
2025-10-25,2,wk inc flu hosp,2025-11-15,45,quantile,0.01,8.280630012096166
2025-10-25,2,wk inc flu hosp,2025-11-15,45,quantile,0.025,8.280630012096166
2025-10-25,2,wk inc flu hosp,2025-11-15,45,quantile,0.05,8.280630012096166
2025-10-25,2,wk inc flu hosp,2025-11-15,45,quantile,0.1,8.280630012096166
2025-10-25,2,wk inc flu hosp,2025-11-15,45,quantile,0.15,8.280630012096166
2025-10-25,2,wk inc flu hosp,2025-11-15,45,quantile,0.2,8.280630012096166
2025-10-25,2,wk inc flu hosp,2025-11-15,45,quantile,0.25,8.280630012096166
2025-10-25,2,wk inc flu hosp,2025-11-15,45,quantile,0.3,8.280630012096166
2025-10-25,2,wk inc flu hosp,2025-11-15,45,quantile,0.35,8.280630012096166
2025-10-25,2,wk inc flu hosp,2025-11-15,45,quantile,0.4,8.280630012096166
2025-10-25,2,wk inc flu hosp,2025-11-15,45,quantile,0.45,8.280630012096166
2025-10-25,2,wk inc flu hosp,2025-11-15,45,quantile,0.5,8.280630012096166
2025-10-25,2,wk inc flu hosp,2025-11-15,45,quantile,0.55,8.280630012096166
2025-10-25,2,wk inc flu hosp,2025-11-15,45,quantile,0.6,8.280630012096166
2025-10-25,2,wk inc flu hosp,2025-11-15,45,quantile,0.65,8.280630012096166
2025-10-25,2,wk inc flu hosp,2025-11-15,45,quantile,0.7,8.280630012096166
2025-10-25,2,wk inc flu hosp,2025-11-15,45,quantile,0.75,8.280630012096166
2025-10-25,2,wk inc flu hosp,2025-11-15,45,quantile,0.8,8.280630012096166
2025-10-25,2,wk inc flu hosp,2025-11-15,45,quantile,0.85,8.280630012096166
2025-10-25,2,wk inc flu hosp,2025-11-15,45,quantile,0.9,8.280630012096166
2025-10-25,2,wk inc flu hosp,2025-11-15,45,quantile,0.95,8.280630012096166
2025-10-25,2,wk inc flu hosp,2025-11-15,45,quantile,0.975,8.280630012096166
2025-10-25,2,wk inc flu hosp,2025-11-15,45,quantile,0.99,8.280630012096166
2025-11-01,2,wk inc flu hosp,2025-11-22,45,quantile,0.01,20.910245015993908
2025-11-01,2,wk inc flu hosp,2025-11-22,45,quantile,0.025,20.910245015993908
2025-11-01,2,wk inc flu hosp,2025-11-22,45,quantile,0.05,20.910245015993908
2025-11-01,2,wk inc flu hosp,2025-11-22,45,quantile,0.1,20.910245015993908
2025-11-01,2,wk inc flu hosp,2025-11-22,45,quantile,0.15,20.910245015993908
2025-11-01,2,wk inc flu hosp,2025-11-22,45,quantile,0.2,20.910245015993908
2025-11-01,2,wk inc flu hosp,2025-11-22,45,quantile,0.25,20.910245015993908
2025-11-01,2,wk inc flu hosp,2025-11-22,45,quantile,0.3,20.910245015993908
2025-11-01,2,wk inc flu hosp,2025-11-22,45,quantile,0.35,20.910245015993908
2025-11-01,2,wk inc flu hosp,2025-11-22,45,quantile,0.4,20.910245015993908
2025-11-01,2,wk inc flu hosp,2025-11-22,45,quantile,0.45,20.910245015993908
2025-11-01,2,wk inc flu hosp,2025-11-22,45,quantile,0.5,20.910245015993908
2025-11-01,2,wk inc flu hosp,2025-11-22,45,quantile,0.55,20.910245015993908
2025-11-01,2,wk inc flu hosp,2025-11-22,45,quantile,0.6,20.910245015993908
2025-11-01,2,wk inc flu hosp,2025-11-22,45,quantile,0.65,20.910245015993908
2025-11-01,2,wk inc flu hosp,2025-11-22,45,quantile,0.7,20.910245015993908
2025-11-01,2,wk inc flu hosp,2025-11-22,45,quantile,0.75,20.910245015993908
2025-11-01,2,wk inc flu hosp,2025-11-22,45,quantile,0.8,20.910245015993908
2025-11-01,2,wk inc flu hosp,2025-11-22,45,quantile,0.85,20.910245015993908
2025-11-01,2,wk inc flu hosp,2025-11-22,45,quantile,0.9,20.910245015993908
2025-11-01,2,wk inc flu hosp,2025-11-22,45,quantile,0.95,20.910245015993908
2025-11-01,2,wk inc flu hosp,2025-11-22,45,quantile,0.975,20.910245015993908
2025-11-01,2,wk inc flu hosp,2025-11-22,45,quantile,0.99,20.910245015993908
2025-09-20,2,wk inc flu hosp,2025-10-11,46,quantile,0.01,1.3170683108225814
2025-09-20,2,wk inc flu hosp,2025-10-11,46,quantile,0.025,1.3170683108225814
2025-09-20,2,wk inc flu hosp,2025-10-11,46,quantile,0.05,1.3170683108225814
2025-09-20,2,wk inc flu hosp,2025-10-11,46,quantile,0.1,1.3170683108225814
2025-09-20,2,wk inc flu hosp,2025-10-11,46,quantile,0.15,1.3170683108225814
2025-09-20,2,wk inc flu hosp,2025-10-11,46,quantile,0.2,1.3170683108225814
2025-09-20,2,wk inc flu hosp,2025-10-11,46,quantile,0.25,1.3170683108225814
2025-09-20,2,wk inc flu hosp,2025-10-11,46,quantile,0.3,1.3170683108225814
2025-09-20,2,wk inc flu hosp,2025-10-11,46,quantile,0.35,1.3170683108225814
2025-09-20,2,wk inc flu hosp,2025-10-11,46,quantile,0.4,1.3170683108225814
2025-09-20,2,wk inc flu hosp,2025-10-11,46,quantile,0.45,1.3170683108225814
2025-09-20,2,wk inc flu hosp,2025-10-11,46,quantile,0.5,1.3170683108225814
2025-09-20,2,wk inc flu hosp,2025-10-11,46,quantile,0.55,1.3170683108225814
2025-09-20,2,wk inc flu hosp,2025-10-11,46,quantile,0.6,1.3170683108225814
2025-09-20,2,wk inc flu hosp,2025-10-11,46,quantile,0.65,1.3170683108225814
2025-09-20,2,wk inc flu hosp,2025-10-11,46,quantile,0.7,1.3170683108225814
2025-09-20,2,wk inc flu hosp,2025-10-11,46,quantile,0.75,1.3170683108225814
2025-09-20,2,wk inc flu hosp,2025-10-11,46,quantile,0.8,1.3170683108225814
2025-09-20,2,wk inc flu hosp,2025-10-11,46,quantile,0.85,1.3170683108225814
2025-09-20,2,wk inc flu hosp,2025-10-11,46,quantile,0.9,1.3170683108225814
2025-09-20,2,wk inc flu hosp,2025-10-11,46,quantile,0.95,1.3170683108225814
2025-09-20,2,wk inc flu hosp,2025-10-11,46,quantile,0.975,1.3170683108225814
2025-09-20,2,wk inc flu hosp,2025-10-11,46,quantile,0.99,1.3170683108225814
2025-09-27,2,wk inc flu hosp,2025-10-18,46,quantile,0.01,1.57142608790403
2025-09-27,2,wk inc flu hosp,2025-10-18,46,quantile,0.025,1.57142608790403
2025-09-27,2,wk inc flu hosp,2025-10-18,46,quantile,0.05,1.57142608790403
2025-09-27,2,wk inc flu hosp,2025-10-18,46,quantile,0.1,1.57142608790403
2025-09-27,2,wk inc flu hosp,2025-10-18,46,quantile,0.15,1.57142608790403
2025-09-27,2,wk inc flu hosp,2025-10-18,46,quantile,0.2,1.57142608790403
2025-09-27,2,wk inc flu hosp,2025-10-18,46,quantile,0.25,1.57142608790403
2025-09-27,2,wk inc flu hosp,2025-10-18,46,quantile,0.3,1.57142608790403
2025-09-27,2,wk inc flu hosp,2025-10-18,46,quantile,0.35,1.57142608790403
2025-09-27,2,wk inc flu hosp,2025-10-18,46,quantile,0.4,1.57142608790403
2025-09-27,2,wk inc flu hosp,2025-10-18,46,quantile,0.45,1.57142608790403
2025-09-27,2,wk inc flu hosp,2025-10-18,46,quantile,0.5,1.57142608790403
2025-09-27,2,wk inc flu hosp,2025-10-18,46,quantile,0.55,1.57142608790403
2025-09-27,2,wk inc flu hosp,2025-10-18,46,quantile,0.6,1.57142608790403
2025-09-27,2,wk inc flu hosp,2025-10-18,46,quantile,0.65,1.57142608790403
2025-09-27,2,wk inc flu hosp,2025-10-18,46,quantile,0.7,1.57142608790403
2025-09-27,2,wk inc flu hosp,2025-10-18,46,quantile,0.75,1.57142608790403
2025-09-27,2,wk inc flu hosp,2025-10-18,46,quantile,0.8,1.57142608790403
2025-09-27,2,wk inc flu hosp,2025-10-18,46,quantile,0.85,1.57142608790403
2025-09-27,2,wk inc flu hosp,2025-10-18,46,quantile,0.9,1.57142608790403
2025-09-27,2,wk inc flu hosp,2025-10-18,46,quantile,0.95,1.57142608790403
2025-09-27,2,wk inc flu hosp,2025-10-18,46,quantile,0.975,1.57142608790403
2025-09-27,2,wk inc flu hosp,2025-10-18,46,quantile,0.99,1.57142608790403
2025-10-04,2,wk inc flu hosp,2025-10-25,46,quantile,0.01,0.691919993591112
2025-10-04,2,wk inc flu hosp,2025-10-25,46,quantile,0.025,0.691919993591112
2025-10-04,2,wk inc flu hosp,2025-10-25,46,quantile,0.05,0.691919993591112
2025-10-04,2,wk inc flu hosp,2025-10-25,46,quantile,0.1,0.691919993591112
2025-10-04,2,wk inc flu hosp,2025-10-25,46,quantile,0.15,0.691919993591112
2025-10-04,2,wk inc flu hosp,2025-10-25,46,quantile,0.2,0.691919993591112
2025-10-04,2,wk inc flu hosp,2025-10-25,46,quantile,0.25,0.691919993591112
2025-10-04,2,wk inc flu hosp,2025-10-25,46,quantile,0.3,0.691919993591112
2025-10-04,2,wk inc flu hosp,2025-10-25,46,quantile,0.35,0.691919993591112
2025-10-04,2,wk inc flu hosp,2025-10-25,46,quantile,0.4,0.691919993591112
2025-10-04,2,wk inc flu hosp,2025-10-25,46,quantile,0.45,0.691919993591112
2025-10-04,2,wk inc flu hosp,2025-10-25,46,quantile,0.5,0.691919993591112
2025-10-04,2,wk inc flu hosp,2025-10-25,46,quantile,0.55,0.691919993591112
2025-10-04,2,wk inc flu hosp,2025-10-25,46,quantile,0.6,0.691919993591112
2025-10-04,2,wk inc flu hosp,2025-10-25,46,quantile,0.65,0.691919993591112
2025-10-04,2,wk inc flu hosp,2025-10-25,46,quantile,0.7,0.691919993591112
2025-10-04,2,wk inc flu hosp,2025-10-25,46,quantile,0.75,0.691919993591112
2025-10-04,2,wk inc flu hosp,2025-10-25,46,quantile,0.8,0.691919993591112
2025-10-04,2,wk inc flu hosp,2025-10-25,46,quantile,0.85,0.691919993591112
2025-10-04,2,wk inc flu hosp,2025-10-25,46,quantile,0.9,0.691919993591112
2025-10-04,2,wk inc flu hosp,2025-10-25,46,quantile,0.95,0.691919993591112
2025-10-04,2,wk inc flu hosp,2025-10-25,46,quantile,0.975,0.691919993591112
2025-10-04,2,wk inc flu hosp,2025-10-25,46,quantile,0.99,0.691919993591112
2025-10-11,2,wk inc flu hosp,2025-11-01,46,quantile,0.01,1.262046603425106
2025-10-11,2,wk inc flu hosp,2025-11-01,46,quantile,0.025,1.262046603425106
2025-10-11,2,wk inc flu hosp,2025-11-01,46,quantile,0.05,1.262046603425106
2025-10-11,2,wk inc flu hosp,2025-11-01,46,quantile,0.1,1.262046603425106
2025-10-11,2,wk inc flu hosp,2025-11-01,46,quantile,0.15,1.262046603425106
2025-10-11,2,wk inc flu hosp,2025-11-01,46,quantile,0.2,1.262046603425106
2025-10-11,2,wk inc flu hosp,2025-11-01,46,quantile,0.25,1.262046603425106
2025-10-11,2,wk inc flu hosp,2025-11-01,46,quantile,0.3,1.262046603425106
2025-10-11,2,wk inc flu hosp,2025-11-01,46,quantile,0.35,1.262046603425106
2025-10-11,2,wk inc flu hosp,2025-11-01,46,quantile,0.4,1.262046603425106
2025-10-11,2,wk inc flu hosp,2025-11-01,46,quantile,0.45,1.262046603425106
2025-10-11,2,wk inc flu hosp,2025-11-01,46,quantile,0.5,1.262046603425106
2025-10-11,2,wk inc flu hosp,2025-11-01,46,quantile,0.55,1.262046603425106
2025-10-11,2,wk inc flu hosp,2025-11-01,46,quantile,0.6,1.262046603425106
2025-10-11,2,wk inc flu hosp,2025-11-01,46,quantile,0.65,1.262046603425106
2025-10-11,2,wk inc flu hosp,2025-11-01,46,quantile,0.7,1.262046603425106
2025-10-11,2,wk inc flu hosp,2025-11-01,46,quantile,0.75,1.262046603425106
2025-10-11,2,wk inc flu hosp,2025-11-01,46,quantile,0.8,1.262046603425106
2025-10-11,2,wk inc flu hosp,2025-11-01,46,quantile,0.85,1.262046603425106
2025-10-11,2,wk inc flu hosp,2025-11-01,46,quantile,0.9,1.262046603425106
2025-10-11,2,wk inc flu hosp,2025-11-01,46,quantile,0.95,1.262046603425106
2025-10-11,2,wk inc flu hosp,2025-11-01,46,quantile,0.975,1.262046603425106
2025-10-11,2,wk inc flu hosp,2025-11-01,46,quantile,0.99,1.262046603425106
2025-10-18,2,wk inc flu hosp,2025-11-08,46,quantile,0.01,1.1111111111111112
2025-10-18,2,wk inc flu hosp,2025-11-08,46,quantile,0.025,1.1111111111111112
2025-10-18,2,wk inc flu hosp,2025-11-08,46,quantile,0.05,1.1111111111111112
2025-10-18,2,wk inc flu hosp,2025-11-08,46,quantile,0.1,1.1111111111111112
2025-10-18,2,wk inc flu hosp,2025-11-08,46,quantile,0.15,1.1111111111111112
2025-10-18,2,wk inc flu hosp,2025-11-08,46,quantile,0.2,1.1111111111111112
2025-10-18,2,wk inc flu hosp,2025-11-08,46,quantile,0.25,1.1111111111111112
2025-10-18,2,wk inc flu hosp,2025-11-08,46,quantile,0.3,1.1111111111111112
2025-10-18,2,wk inc flu hosp,2025-11-08,46,quantile,0.35,1.1111111111111112
2025-10-18,2,wk inc flu hosp,2025-11-08,46,quantile,0.4,1.1111111111111112
2025-10-18,2,wk inc flu hosp,2025-11-08,46,quantile,0.45,1.1111111111111112
2025-10-18,2,wk inc flu hosp,2025-11-08,46,quantile,0.5,1.1111111111111112
2025-10-18,2,wk inc flu hosp,2025-11-08,46,quantile,0.55,1.1111111111111112
2025-10-18,2,wk inc flu hosp,2025-11-08,46,quantile,0.6,1.1111111111111112
2025-10-18,2,wk inc flu hosp,2025-11-08,46,quantile,0.65,1.1111111111111112
2025-10-18,2,wk inc flu hosp,2025-11-08,46,quantile,0.7,1.1111111111111112
2025-10-18,2,wk inc flu hosp,2025-11-08,46,quantile,0.75,1.1111111111111112
2025-10-18,2,wk inc flu hosp,2025-11-08,46,quantile,0.8,1.1111111111111112
2025-10-18,2,wk inc flu hosp,2025-11-08,46,quantile,0.85,1.1111111111111112
2025-10-18,2,wk inc flu hosp,2025-11-08,46,quantile,0.9,1.1111111111111112
2025-10-18,2,wk inc flu hosp,2025-11-08,46,quantile,0.95,1.1111111111111112
2025-10-18,2,wk inc flu hosp,2025-11-08,46,quantile,0.975,1.1111111111111112
2025-10-18,2,wk inc flu hosp,2025-11-08,46,quantile,0.99,1.1111111111111112
2025-10-25,2,wk inc flu hosp,2025-11-15,46,quantile,0.01,1.1111111111111112
2025-10-25,2,wk inc flu hosp,2025-11-15,46,quantile,0.025,1.1111111111111112
2025-10-25,2,wk inc flu hosp,2025-11-15,46,quantile,0.05,1.1111111111111112
2025-10-25,2,wk inc flu hosp,2025-11-15,46,quantile,0.1,1.1111111111111112
2025-10-25,2,wk inc flu hosp,2025-11-15,46,quantile,0.15,1.1111111111111112
2025-10-25,2,wk inc flu hosp,2025-11-15,46,quantile,0.2,1.1111111111111112
2025-10-25,2,wk inc flu hosp,2025-11-15,46,quantile,0.25,1.1111111111111112
2025-10-25,2,wk inc flu hosp,2025-11-15,46,quantile,0.3,1.1111111111111112
2025-10-25,2,wk inc flu hosp,2025-11-15,46,quantile,0.35,1.1111111111111112
2025-10-25,2,wk inc flu hosp,2025-11-15,46,quantile,0.4,1.1111111111111112
2025-10-25,2,wk inc flu hosp,2025-11-15,46,quantile,0.45,1.1111111111111112
2025-10-25,2,wk inc flu hosp,2025-11-15,46,quantile,0.5,1.1111111111111112
2025-10-25,2,wk inc flu hosp,2025-11-15,46,quantile,0.55,1.1111111111111112
2025-10-25,2,wk inc flu hosp,2025-11-15,46,quantile,0.6,1.1111111111111112
2025-10-25,2,wk inc flu hosp,2025-11-15,46,quantile,0.65,1.1111111111111112
2025-10-25,2,wk inc flu hosp,2025-11-15,46,quantile,0.7,1.1111111111111112
2025-10-25,2,wk inc flu hosp,2025-11-15,46,quantile,0.75,1.1111111111111112
2025-10-25,2,wk inc flu hosp,2025-11-15,46,quantile,0.8,1.1111111111111112
2025-10-25,2,wk inc flu hosp,2025-11-15,46,quantile,0.85,1.1111111111111112
2025-10-25,2,wk inc flu hosp,2025-11-15,46,quantile,0.9,1.1111111111111112
2025-10-25,2,wk inc flu hosp,2025-11-15,46,quantile,0.95,1.1111111111111112
2025-10-25,2,wk inc flu hosp,2025-11-15,46,quantile,0.975,1.1111111111111112
2025-10-25,2,wk inc flu hosp,2025-11-15,46,quantile,0.99,1.1111111111111112
2025-11-01,2,wk inc flu hosp,2025-11-22,46,quantile,0.01,1.3710521361766799
2025-11-01,2,wk inc flu hosp,2025-11-22,46,quantile,0.025,1.3710521361766799
2025-11-01,2,wk inc flu hosp,2025-11-22,46,quantile,0.05,1.3710521361766799
2025-11-01,2,wk inc flu hosp,2025-11-22,46,quantile,0.1,1.3710521361766799
2025-11-01,2,wk inc flu hosp,2025-11-22,46,quantile,0.15,1.3710521361766799
2025-11-01,2,wk inc flu hosp,2025-11-22,46,quantile,0.2,1.3710521361766799
2025-11-01,2,wk inc flu hosp,2025-11-22,46,quantile,0.25,1.3710521361766799
2025-11-01,2,wk inc flu hosp,2025-11-22,46,quantile,0.3,1.3710521361766799
2025-11-01,2,wk inc flu hosp,2025-11-22,46,quantile,0.35,1.3710521361766799
2025-11-01,2,wk inc flu hosp,2025-11-22,46,quantile,0.4,1.3710521361766799
2025-11-01,2,wk inc flu hosp,2025-11-22,46,quantile,0.45,1.3710521361766799
2025-11-01,2,wk inc flu hosp,2025-11-22,46,quantile,0.5,1.3710521361766799
2025-11-01,2,wk inc flu hosp,2025-11-22,46,quantile,0.55,1.3710521361766799
2025-11-01,2,wk inc flu hosp,2025-11-22,46,quantile,0.6,1.3710521361766799
2025-11-01,2,wk inc flu hosp,2025-11-22,46,quantile,0.65,1.3710521361766799
2025-11-01,2,wk inc flu hosp,2025-11-22,46,quantile,0.7,1.3710521361766799
2025-11-01,2,wk inc flu hosp,2025-11-22,46,quantile,0.75,1.3710521361766799
2025-11-01,2,wk inc flu hosp,2025-11-22,46,quantile,0.8,1.3710521361766799
2025-11-01,2,wk inc flu hosp,2025-11-22,46,quantile,0.85,1.3710521361766799
2025-11-01,2,wk inc flu hosp,2025-11-22,46,quantile,0.9,1.3710521361766799
2025-11-01,2,wk inc flu hosp,2025-11-22,46,quantile,0.95,1.3710521361766799
2025-11-01,2,wk inc flu hosp,2025-11-22,46,quantile,0.975,1.3710521361766799
2025-11-01,2,wk inc flu hosp,2025-11-22,46,quantile,0.99,1.3710521361766799
2025-09-20,2,wk inc flu hosp,2025-10-11,47,quantile,0.01,51.49505997304914
2025-09-20,2,wk inc flu hosp,2025-10-11,47,quantile,0.025,51.49505997304914
2025-09-20,2,wk inc flu hosp,2025-10-11,47,quantile,0.05,51.49505997304914
2025-09-20,2,wk inc flu hosp,2025-10-11,47,quantile,0.1,51.49505997304914
2025-09-20,2,wk inc flu hosp,2025-10-11,47,quantile,0.15,51.49505997304914
2025-09-20,2,wk inc flu hosp,2025-10-11,47,quantile,0.2,51.49505997304914
2025-09-20,2,wk inc flu hosp,2025-10-11,47,quantile,0.25,51.49505997304914
2025-09-20,2,wk inc flu hosp,2025-10-11,47,quantile,0.3,51.49505997304914
2025-09-20,2,wk inc flu hosp,2025-10-11,47,quantile,0.35,51.49505997304914
2025-09-20,2,wk inc flu hosp,2025-10-11,47,quantile,0.4,51.49505997304914
2025-09-20,2,wk inc flu hosp,2025-10-11,47,quantile,0.45,51.49505997304914
2025-09-20,2,wk inc flu hosp,2025-10-11,47,quantile,0.5,51.49505997304914
2025-09-20,2,wk inc flu hosp,2025-10-11,47,quantile,0.55,51.49505997304914
2025-09-20,2,wk inc flu hosp,2025-10-11,47,quantile,0.6,51.49505997304914
2025-09-20,2,wk inc flu hosp,2025-10-11,47,quantile,0.65,51.49505997304914
2025-09-20,2,wk inc flu hosp,2025-10-11,47,quantile,0.7,51.49505997304914
2025-09-20,2,wk inc flu hosp,2025-10-11,47,quantile,0.75,51.49505997304914
2025-09-20,2,wk inc flu hosp,2025-10-11,47,quantile,0.8,51.49505997304914
2025-09-20,2,wk inc flu hosp,2025-10-11,47,quantile,0.85,51.49505997304914
2025-09-20,2,wk inc flu hosp,2025-10-11,47,quantile,0.9,51.49505997304914
2025-09-20,2,wk inc flu hosp,2025-10-11,47,quantile,0.95,51.49505997304914
2025-09-20,2,wk inc flu hosp,2025-10-11,47,quantile,0.975,51.49505997304914
2025-09-20,2,wk inc flu hosp,2025-10-11,47,quantile,0.99,51.49505997304914
2025-09-27,2,wk inc flu hosp,2025-10-18,47,quantile,0.01,46.69143525374253
2025-09-27,2,wk inc flu hosp,2025-10-18,47,quantile,0.025,46.69143525374253
2025-09-27,2,wk inc flu hosp,2025-10-18,47,quantile,0.05,46.69143525374253
2025-09-27,2,wk inc flu hosp,2025-10-18,47,quantile,0.1,46.69143525374253
2025-09-27,2,wk inc flu hosp,2025-10-18,47,quantile,0.15,46.69143525374253
2025-09-27,2,wk inc flu hosp,2025-10-18,47,quantile,0.2,46.69143525374253
2025-09-27,2,wk inc flu hosp,2025-10-18,47,quantile,0.25,46.69143525374253
2025-09-27,2,wk inc flu hosp,2025-10-18,47,quantile,0.3,46.69143525374253
2025-09-27,2,wk inc flu hosp,2025-10-18,47,quantile,0.35,46.69143525374253
2025-09-27,2,wk inc flu hosp,2025-10-18,47,quantile,0.4,46.69143525374253
2025-09-27,2,wk inc flu hosp,2025-10-18,47,quantile,0.45,46.69143525374253
2025-09-27,2,wk inc flu hosp,2025-10-18,47,quantile,0.5,46.69143525374253
2025-09-27,2,wk inc flu hosp,2025-10-18,47,quantile,0.55,46.69143525374253
2025-09-27,2,wk inc flu hosp,2025-10-18,47,quantile,0.6,46.69143525374253
2025-09-27,2,wk inc flu hosp,2025-10-18,47,quantile,0.65,46.69143525374253
2025-09-27,2,wk inc flu hosp,2025-10-18,47,quantile,0.7,46.69143525374253
2025-09-27,2,wk inc flu hosp,2025-10-18,47,quantile,0.75,46.69143525374253
2025-09-27,2,wk inc flu hosp,2025-10-18,47,quantile,0.8,46.69143525374253
2025-09-27,2,wk inc flu hosp,2025-10-18,47,quantile,0.85,46.69143525374253
2025-09-27,2,wk inc flu hosp,2025-10-18,47,quantile,0.9,46.69143525374253
2025-09-27,2,wk inc flu hosp,2025-10-18,47,quantile,0.95,46.69143525374253
2025-09-27,2,wk inc flu hosp,2025-10-18,47,quantile,0.975,46.69143525374253
2025-09-27,2,wk inc flu hosp,2025-10-18,47,quantile,0.99,46.69143525374253
2025-10-04,2,wk inc flu hosp,2025-10-25,47,quantile,0.01,16.975565236463
2025-10-04,2,wk inc flu hosp,2025-10-25,47,quantile,0.025,16.975565236463
2025-10-04,2,wk inc flu hosp,2025-10-25,47,quantile,0.05,16.975565236463
2025-10-04,2,wk inc flu hosp,2025-10-25,47,quantile,0.1,16.975565236463
2025-10-04,2,wk inc flu hosp,2025-10-25,47,quantile,0.15,16.975565236463
2025-10-04,2,wk inc flu hosp,2025-10-25,47,quantile,0.2,16.975565236463
2025-10-04,2,wk inc flu hosp,2025-10-25,47,quantile,0.25,16.975565236463
2025-10-04,2,wk inc flu hosp,2025-10-25,47,quantile,0.3,16.975565236463
2025-10-04,2,wk inc flu hosp,2025-10-25,47,quantile,0.35,16.975565236463
2025-10-04,2,wk inc flu hosp,2025-10-25,47,quantile,0.4,16.975565236463
2025-10-04,2,wk inc flu hosp,2025-10-25,47,quantile,0.45,16.975565236463
2025-10-04,2,wk inc flu hosp,2025-10-25,47,quantile,0.5,16.975565236463
2025-10-04,2,wk inc flu hosp,2025-10-25,47,quantile,0.55,16.975565236463
2025-10-04,2,wk inc flu hosp,2025-10-25,47,quantile,0.6,16.975565236463
2025-10-04,2,wk inc flu hosp,2025-10-25,47,quantile,0.65,16.975565236463
2025-10-04,2,wk inc flu hosp,2025-10-25,47,quantile,0.7,16.975565236463
2025-10-04,2,wk inc flu hosp,2025-10-25,47,quantile,0.75,16.975565236463
2025-10-04,2,wk inc flu hosp,2025-10-25,47,quantile,0.8,16.975565236463
2025-10-04,2,wk inc flu hosp,2025-10-25,47,quantile,0.85,16.975565236463
2025-10-04,2,wk inc flu hosp,2025-10-25,47,quantile,0.9,16.975565236463
2025-10-04,2,wk inc flu hosp,2025-10-25,47,quantile,0.95,16.975565236463
2025-10-04,2,wk inc flu hosp,2025-10-25,47,quantile,0.975,16.975565236463
2025-10-04,2,wk inc flu hosp,2025-10-25,47,quantile,0.99,16.975565236463
2025-10-11,2,wk inc flu hosp,2025-11-01,47,quantile,0.01,21.324144379415024
2025-10-11,2,wk inc flu hosp,2025-11-01,47,quantile,0.025,21.324144379415024
2025-10-11,2,wk inc flu hosp,2025-11-01,47,quantile,0.05,21.324144379415024
2025-10-11,2,wk inc flu hosp,2025-11-01,47,quantile,0.1,21.324144379415024
2025-10-11,2,wk inc flu hosp,2025-11-01,47,quantile,0.15,21.324144379415024
2025-10-11,2,wk inc flu hosp,2025-11-01,47,quantile,0.2,21.324144379415024
2025-10-11,2,wk inc flu hosp,2025-11-01,47,quantile,0.25,21.324144379415024
2025-10-11,2,wk inc flu hosp,2025-11-01,47,quantile,0.3,21.324144379415024
2025-10-11,2,wk inc flu hosp,2025-11-01,47,quantile,0.35,21.324144379415024
2025-10-11,2,wk inc flu hosp,2025-11-01,47,quantile,0.4,21.324144379415024
2025-10-11,2,wk inc flu hosp,2025-11-01,47,quantile,0.45,21.324144379415024
2025-10-11,2,wk inc flu hosp,2025-11-01,47,quantile,0.5,21.324144379415024
2025-10-11,2,wk inc flu hosp,2025-11-01,47,quantile,0.55,21.324144379415024
2025-10-11,2,wk inc flu hosp,2025-11-01,47,quantile,0.6,21.324144379415024
2025-10-11,2,wk inc flu hosp,2025-11-01,47,quantile,0.65,21.324144379415024
2025-10-11,2,wk inc flu hosp,2025-11-01,47,quantile,0.7,21.324144379415024
2025-10-11,2,wk inc flu hosp,2025-11-01,47,quantile,0.75,21.324144379415024
2025-10-11,2,wk inc flu hosp,2025-11-01,47,quantile,0.8,21.324144379415024
2025-10-11,2,wk inc flu hosp,2025-11-01,47,quantile,0.85,21.324144379415024
2025-10-11,2,wk inc flu hosp,2025-11-01,47,quantile,0.9,21.324144379415024
2025-10-11,2,wk inc flu hosp,2025-11-01,47,quantile,0.95,21.324144379415024
2025-10-11,2,wk inc flu hosp,2025-11-01,47,quantile,0.975,21.324144379415024
2025-10-11,2,wk inc flu hosp,2025-11-01,47,quantile,0.99,21.324144379415024
2025-10-18,2,wk inc flu hosp,2025-11-08,47,quantile,0.01,40.27613103061939
2025-10-18,2,wk inc flu hosp,2025-11-08,47,quantile,0.025,40.27613103061939
2025-10-18,2,wk inc flu hosp,2025-11-08,47,quantile,0.05,40.27613103061939
2025-10-18,2,wk inc flu hosp,2025-11-08,47,quantile,0.1,40.27613103061939
2025-10-18,2,wk inc flu hosp,2025-11-08,47,quantile,0.15,40.27613103061939
2025-10-18,2,wk inc flu hosp,2025-11-08,47,quantile,0.2,40.27613103061939
2025-10-18,2,wk inc flu hosp,2025-11-08,47,quantile,0.25,40.27613103061939
2025-10-18,2,wk inc flu hosp,2025-11-08,47,quantile,0.3,40.27613103061939
2025-10-18,2,wk inc flu hosp,2025-11-08,47,quantile,0.35,40.27613103061939
2025-10-18,2,wk inc flu hosp,2025-11-08,47,quantile,0.4,40.27613103061939
2025-10-18,2,wk inc flu hosp,2025-11-08,47,quantile,0.45,40.27613103061939
2025-10-18,2,wk inc flu hosp,2025-11-08,47,quantile,0.5,40.27613103061939
2025-10-18,2,wk inc flu hosp,2025-11-08,47,quantile,0.55,40.27613103061939
2025-10-18,2,wk inc flu hosp,2025-11-08,47,quantile,0.6,40.27613103061939
2025-10-18,2,wk inc flu hosp,2025-11-08,47,quantile,0.65,40.27613103061939
2025-10-18,2,wk inc flu hosp,2025-11-08,47,quantile,0.7,40.27613103061939
2025-10-18,2,wk inc flu hosp,2025-11-08,47,quantile,0.75,40.27613103061939
2025-10-18,2,wk inc flu hosp,2025-11-08,47,quantile,0.8,40.27613103061939
2025-10-18,2,wk inc flu hosp,2025-11-08,47,quantile,0.85,40.27613103061939
2025-10-18,2,wk inc flu hosp,2025-11-08,47,quantile,0.9,40.27613103061939
2025-10-18,2,wk inc flu hosp,2025-11-08,47,quantile,0.95,40.27613103061939
2025-10-18,2,wk inc flu hosp,2025-11-08,47,quantile,0.975,40.27613103061939
2025-10-18,2,wk inc flu hosp,2025-11-08,47,quantile,0.99,40.27613103061939
2025-10-25,2,wk inc flu hosp,2025-11-15,47,quantile,0.01,28.750339133388145
2025-10-25,2,wk inc flu hosp,2025-11-15,47,quantile,0.025,28.750339133388145
2025-10-25,2,wk inc flu hosp,2025-11-15,47,quantile,0.05,28.750339133388145
2025-10-25,2,wk inc flu hosp,2025-11-15,47,quantile,0.1,28.750339133388145
2025-10-25,2,wk inc flu hosp,2025-11-15,47,quantile,0.15,28.750339133388145
2025-10-25,2,wk inc flu hosp,2025-11-15,47,quantile,0.2,28.750339133388145
2025-10-25,2,wk inc flu hosp,2025-11-15,47,quantile,0.25,28.750339133388145
2025-10-25,2,wk inc flu hosp,2025-11-15,47,quantile,0.3,28.750339133388145
2025-10-25,2,wk inc flu hosp,2025-11-15,47,quantile,0.35,28.750339133388145
2025-10-25,2,wk inc flu hosp,2025-11-15,47,quantile,0.4,28.750339133388145
2025-10-25,2,wk inc flu hosp,2025-11-15,47,quantile,0.45,28.750339133388145
2025-10-25,2,wk inc flu hosp,2025-11-15,47,quantile,0.5,28.750339133388145
2025-10-25,2,wk inc flu hosp,2025-11-15,47,quantile,0.55,28.750339133388145
2025-10-25,2,wk inc flu hosp,2025-11-15,47,quantile,0.6,28.750339133388145
2025-10-25,2,wk inc flu hosp,2025-11-15,47,quantile,0.65,28.750339133388145
2025-10-25,2,wk inc flu hosp,2025-11-15,47,quantile,0.7,28.750339133388145
2025-10-25,2,wk inc flu hosp,2025-11-15,47,quantile,0.75,28.750339133388145
2025-10-25,2,wk inc flu hosp,2025-11-15,47,quantile,0.8,28.750339133388145
2025-10-25,2,wk inc flu hosp,2025-11-15,47,quantile,0.85,28.750339133388145
2025-10-25,2,wk inc flu hosp,2025-11-15,47,quantile,0.9,28.750339133388145
2025-10-25,2,wk inc flu hosp,2025-11-15,47,quantile,0.95,28.750339133388145
2025-10-25,2,wk inc flu hosp,2025-11-15,47,quantile,0.975,28.750339133388145
2025-10-25,2,wk inc flu hosp,2025-11-15,47,quantile,0.99,28.750339133388145
2025-11-01,2,wk inc flu hosp,2025-11-22,47,quantile,0.01,41.65410032669318
2025-11-01,2,wk inc flu hosp,2025-11-22,47,quantile,0.025,41.65410032669318
2025-11-01,2,wk inc flu hosp,2025-11-22,47,quantile,0.05,41.65410032669318
2025-11-01,2,wk inc flu hosp,2025-11-22,47,quantile,0.1,41.65410032669318
2025-11-01,2,wk inc flu hosp,2025-11-22,47,quantile,0.15,41.65410032669318
2025-11-01,2,wk inc flu hosp,2025-11-22,47,quantile,0.2,41.65410032669318
2025-11-01,2,wk inc flu hosp,2025-11-22,47,quantile,0.25,41.65410032669318
2025-11-01,2,wk inc flu hosp,2025-11-22,47,quantile,0.3,41.65410032669318
2025-11-01,2,wk inc flu hosp,2025-11-22,47,quantile,0.35,41.65410032669318
2025-11-01,2,wk inc flu hosp,2025-11-22,47,quantile,0.4,41.65410032669318
2025-11-01,2,wk inc flu hosp,2025-11-22,47,quantile,0.45,41.65410032669318
2025-11-01,2,wk inc flu hosp,2025-11-22,47,quantile,0.5,41.65410032669318
2025-11-01,2,wk inc flu hosp,2025-11-22,47,quantile,0.55,41.65410032669318
2025-11-01,2,wk inc flu hosp,2025-11-22,47,quantile,0.6,41.65410032669318
2025-11-01,2,wk inc flu hosp,2025-11-22,47,quantile,0.65,41.65410032669318
2025-11-01,2,wk inc flu hosp,2025-11-22,47,quantile,0.7,41.65410032669318
2025-11-01,2,wk inc flu hosp,2025-11-22,47,quantile,0.75,41.65410032669318
2025-11-01,2,wk inc flu hosp,2025-11-22,47,quantile,0.8,41.65410032669318
2025-11-01,2,wk inc flu hosp,2025-11-22,47,quantile,0.85,41.65410032669318
2025-11-01,2,wk inc flu hosp,2025-11-22,47,quantile,0.9,41.65410032669318
2025-11-01,2,wk inc flu hosp,2025-11-22,47,quantile,0.95,41.65410032669318
2025-11-01,2,wk inc flu hosp,2025-11-22,47,quantile,0.975,41.65410032669318
2025-11-01,2,wk inc flu hosp,2025-11-22,47,quantile,0.99,41.65410032669318
2025-09-20,2,wk inc flu hosp,2025-10-11,48,quantile,0.01,100.07974555747514
2025-09-20,2,wk inc flu hosp,2025-10-11,48,quantile,0.025,100.07974555747514
2025-09-20,2,wk inc flu hosp,2025-10-11,48,quantile,0.05,100.07974555747514
2025-09-20,2,wk inc flu hosp,2025-10-11,48,quantile,0.1,100.07974555747514
2025-09-20,2,wk inc flu hosp,2025-10-11,48,quantile,0.15,100.07974555747514
2025-09-20,2,wk inc flu hosp,2025-10-11,48,quantile,0.2,100.07974555747514
2025-09-20,2,wk inc flu hosp,2025-10-11,48,quantile,0.25,100.07974555747514
2025-09-20,2,wk inc flu hosp,2025-10-11,48,quantile,0.3,100.07974555747514
2025-09-20,2,wk inc flu hosp,2025-10-11,48,quantile,0.35,100.07974555747514
2025-09-20,2,wk inc flu hosp,2025-10-11,48,quantile,0.4,100.07974555747514
2025-09-20,2,wk inc flu hosp,2025-10-11,48,quantile,0.45,100.07974555747514
2025-09-20,2,wk inc flu hosp,2025-10-11,48,quantile,0.5,100.07974555747514
2025-09-20,2,wk inc flu hosp,2025-10-11,48,quantile,0.55,100.07974555747514
2025-09-20,2,wk inc flu hosp,2025-10-11,48,quantile,0.6,100.07974555747514
2025-09-20,2,wk inc flu hosp,2025-10-11,48,quantile,0.65,100.07974555747514
2025-09-20,2,wk inc flu hosp,2025-10-11,48,quantile,0.7,100.07974555747514
2025-09-20,2,wk inc flu hosp,2025-10-11,48,quantile,0.75,100.07974555747514
2025-09-20,2,wk inc flu hosp,2025-10-11,48,quantile,0.8,100.07974555747514
2025-09-20,2,wk inc flu hosp,2025-10-11,48,quantile,0.85,100.07974555747514
2025-09-20,2,wk inc flu hosp,2025-10-11,48,quantile,0.9,100.07974555747514
2025-09-20,2,wk inc flu hosp,2025-10-11,48,quantile,0.95,100.07974555747514
2025-09-20,2,wk inc flu hosp,2025-10-11,48,quantile,0.975,100.07974555747514
2025-09-20,2,wk inc flu hosp,2025-10-11,48,quantile,0.99,100.07974555747514
2025-09-27,2,wk inc flu hosp,2025-10-18,48,quantile,0.01,123.8358791881287
2025-09-27,2,wk inc flu hosp,2025-10-18,48,quantile,0.025,123.8358791881287
2025-09-27,2,wk inc flu hosp,2025-10-18,48,quantile,0.05,123.8358791881287
2025-09-27,2,wk inc flu hosp,2025-10-18,48,quantile,0.1,123.8358791881287
2025-09-27,2,wk inc flu hosp,2025-10-18,48,quantile,0.15,123.8358791881287
2025-09-27,2,wk inc flu hosp,2025-10-18,48,quantile,0.2,123.8358791881287
2025-09-27,2,wk inc flu hosp,2025-10-18,48,quantile,0.25,123.8358791881287
2025-09-27,2,wk inc flu hosp,2025-10-18,48,quantile,0.3,123.8358791881287
2025-09-27,2,wk inc flu hosp,2025-10-18,48,quantile,0.35,123.8358791881287
2025-09-27,2,wk inc flu hosp,2025-10-18,48,quantile,0.4,123.8358791881287
2025-09-27,2,wk inc flu hosp,2025-10-18,48,quantile,0.45,123.8358791881287
2025-09-27,2,wk inc flu hosp,2025-10-18,48,quantile,0.5,123.8358791881287
2025-09-27,2,wk inc flu hosp,2025-10-18,48,quantile,0.55,123.8358791881287
2025-09-27,2,wk inc flu hosp,2025-10-18,48,quantile,0.6,123.8358791881287
2025-09-27,2,wk inc flu hosp,2025-10-18,48,quantile,0.65,123.8358791881287
2025-09-27,2,wk inc flu hosp,2025-10-18,48,quantile,0.7,123.8358791881287
2025-09-27,2,wk inc flu hosp,2025-10-18,48,quantile,0.75,123.8358791881287
2025-09-27,2,wk inc flu hosp,2025-10-18,48,quantile,0.8,123.8358791881287
2025-09-27,2,wk inc flu hosp,2025-10-18,48,quantile,0.85,123.8358791881287
2025-09-27,2,wk inc flu hosp,2025-10-18,48,quantile,0.9,123.8358791881287
2025-09-27,2,wk inc flu hosp,2025-10-18,48,quantile,0.95,123.8358791881287
2025-09-27,2,wk inc flu hosp,2025-10-18,48,quantile,0.975,123.8358791881287
2025-09-27,2,wk inc flu hosp,2025-10-18,48,quantile,0.99,123.8358791881287
2025-10-04,2,wk inc flu hosp,2025-10-25,48,quantile,0.01,100.37413724897159
2025-10-04,2,wk inc flu hosp,2025-10-25,48,quantile,0.025,100.37413724897159
2025-10-04,2,wk inc flu hosp,2025-10-25,48,quantile,0.05,100.37413724897159
2025-10-04,2,wk inc flu hosp,2025-10-25,48,quantile,0.1,100.37413724897159
2025-10-04,2,wk inc flu hosp,2025-10-25,48,quantile,0.15,100.37413724897159
2025-10-04,2,wk inc flu hosp,2025-10-25,48,quantile,0.2,100.37413724897159
2025-10-04,2,wk inc flu hosp,2025-10-25,48,quantile,0.25,100.37413724897159
2025-10-04,2,wk inc flu hosp,2025-10-25,48,quantile,0.3,100.37413724897159
2025-10-04,2,wk inc flu hosp,2025-10-25,48,quantile,0.35,100.37413724897159
2025-10-04,2,wk inc flu hosp,2025-10-25,48,quantile,0.4,100.37413724897159
2025-10-04,2,wk inc flu hosp,2025-10-25,48,quantile,0.45,100.37413724897159
2025-10-04,2,wk inc flu hosp,2025-10-25,48,quantile,0.5,100.37413724897159
2025-10-04,2,wk inc flu hosp,2025-10-25,48,quantile,0.55,100.37413724897159
2025-10-04,2,wk inc flu hosp,2025-10-25,48,quantile,0.6,100.37413724897159
2025-10-04,2,wk inc flu hosp,2025-10-25,48,quantile,0.65,100.37413724897159
2025-10-04,2,wk inc flu hosp,2025-10-25,48,quantile,0.7,100.37413724897159
2025-10-04,2,wk inc flu hosp,2025-10-25,48,quantile,0.75,100.37413724897159
2025-10-04,2,wk inc flu hosp,2025-10-25,48,quantile,0.8,100.37413724897159
2025-10-04,2,wk inc flu hosp,2025-10-25,48,quantile,0.85,100.37413724897159
2025-10-04,2,wk inc flu hosp,2025-10-25,48,quantile,0.9,100.37413724897159
2025-10-04,2,wk inc flu hosp,2025-10-25,48,quantile,0.95,100.37413724897159
2025-10-04,2,wk inc flu hosp,2025-10-25,48,quantile,0.975,100.37413724897159
2025-10-04,2,wk inc flu hosp,2025-10-25,48,quantile,0.99,100.37413724897159
2025-10-11,2,wk inc flu hosp,2025-11-01,48,quantile,0.01,136.48046496579178
2025-10-11,2,wk inc flu hosp,2025-11-01,48,quantile,0.025,136.48046496579178
2025-10-11,2,wk inc flu hosp,2025-11-01,48,quantile,0.05,136.48046496579178
2025-10-11,2,wk inc flu hosp,2025-11-01,48,quantile,0.1,136.48046496579178
2025-10-11,2,wk inc flu hosp,2025-11-01,48,quantile,0.15,136.48046496579178
2025-10-11,2,wk inc flu hosp,2025-11-01,48,quantile,0.2,136.48046496579178
2025-10-11,2,wk inc flu hosp,2025-11-01,48,quantile,0.25,136.48046496579178
2025-10-11,2,wk inc flu hosp,2025-11-01,48,quantile,0.3,136.48046496579178
2025-10-11,2,wk inc flu hosp,2025-11-01,48,quantile,0.35,136.48046496579178
2025-10-11,2,wk inc flu hosp,2025-11-01,48,quantile,0.4,136.48046496579178
2025-10-11,2,wk inc flu hosp,2025-11-01,48,quantile,0.45,136.48046496579178
2025-10-11,2,wk inc flu hosp,2025-11-01,48,quantile,0.5,136.48046496579178
2025-10-11,2,wk inc flu hosp,2025-11-01,48,quantile,0.55,136.48046496579178
2025-10-11,2,wk inc flu hosp,2025-11-01,48,quantile,0.6,136.48046496579178
2025-10-11,2,wk inc flu hosp,2025-11-01,48,quantile,0.65,136.48046496579178
2025-10-11,2,wk inc flu hosp,2025-11-01,48,quantile,0.7,136.48046496579178
2025-10-11,2,wk inc flu hosp,2025-11-01,48,quantile,0.75,136.48046496579178
2025-10-11,2,wk inc flu hosp,2025-11-01,48,quantile,0.8,136.48046496579178
2025-10-11,2,wk inc flu hosp,2025-11-01,48,quantile,0.85,136.48046496579178
2025-10-11,2,wk inc flu hosp,2025-11-01,48,quantile,0.9,136.48046496579178
2025-10-11,2,wk inc flu hosp,2025-11-01,48,quantile,0.95,136.48046496579178
2025-10-11,2,wk inc flu hosp,2025-11-01,48,quantile,0.975,136.48046496579178
2025-10-11,2,wk inc flu hosp,2025-11-01,48,quantile,0.99,136.48046496579178
2025-10-18,2,wk inc flu hosp,2025-11-08,48,quantile,0.01,142.9851849097622
2025-10-18,2,wk inc flu hosp,2025-11-08,48,quantile,0.025,142.9851849097622
2025-10-18,2,wk inc flu hosp,2025-11-08,48,quantile,0.05,142.9851849097622
2025-10-18,2,wk inc flu hosp,2025-11-08,48,quantile,0.1,142.9851849097622
2025-10-18,2,wk inc flu hosp,2025-11-08,48,quantile,0.15,142.9851849097622
2025-10-18,2,wk inc flu hosp,2025-11-08,48,quantile,0.2,142.9851849097622
2025-10-18,2,wk inc flu hosp,2025-11-08,48,quantile,0.25,142.9851849097622
2025-10-18,2,wk inc flu hosp,2025-11-08,48,quantile,0.3,142.9851849097622
2025-10-18,2,wk inc flu hosp,2025-11-08,48,quantile,0.35,142.9851849097622
2025-10-18,2,wk inc flu hosp,2025-11-08,48,quantile,0.4,142.9851849097622
2025-10-18,2,wk inc flu hosp,2025-11-08,48,quantile,0.45,142.9851849097622
2025-10-18,2,wk inc flu hosp,2025-11-08,48,quantile,0.5,142.9851849097622
2025-10-18,2,wk inc flu hosp,2025-11-08,48,quantile,0.55,142.9851849097622
2025-10-18,2,wk inc flu hosp,2025-11-08,48,quantile,0.6,142.9851849097622
2025-10-18,2,wk inc flu hosp,2025-11-08,48,quantile,0.65,142.9851849097622
2025-10-18,2,wk inc flu hosp,2025-11-08,48,quantile,0.7,142.9851849097622
2025-10-18,2,wk inc flu hosp,2025-11-08,48,quantile,0.75,142.9851849097622
2025-10-18,2,wk inc flu hosp,2025-11-08,48,quantile,0.8,142.9851849097622
2025-10-18,2,wk inc flu hosp,2025-11-08,48,quantile,0.85,142.9851849097622
2025-10-18,2,wk inc flu hosp,2025-11-08,48,quantile,0.9,142.9851849097622
2025-10-18,2,wk inc flu hosp,2025-11-08,48,quantile,0.95,142.9851849097622
2025-10-18,2,wk inc flu hosp,2025-11-08,48,quantile,0.975,142.9851849097622
2025-10-18,2,wk inc flu hosp,2025-11-08,48,quantile,0.99,142.9851849097622
2025-10-25,2,wk inc flu hosp,2025-11-15,48,quantile,0.01,175.1041299486662
2025-10-25,2,wk inc flu hosp,2025-11-15,48,quantile,0.025,175.1041299486662
2025-10-25,2,wk inc flu hosp,2025-11-15,48,quantile,0.05,175.1041299486662
2025-10-25,2,wk inc flu hosp,2025-11-15,48,quantile,0.1,175.1041299486662
2025-10-25,2,wk inc flu hosp,2025-11-15,48,quantile,0.15,175.1041299486662
2025-10-25,2,wk inc flu hosp,2025-11-15,48,quantile,0.2,175.1041299486662
2025-10-25,2,wk inc flu hosp,2025-11-15,48,quantile,0.25,175.1041299486662
2025-10-25,2,wk inc flu hosp,2025-11-15,48,quantile,0.3,175.1041299486662
2025-10-25,2,wk inc flu hosp,2025-11-15,48,quantile,0.35,175.1041299486662
2025-10-25,2,wk inc flu hosp,2025-11-15,48,quantile,0.4,175.1041299486662
2025-10-25,2,wk inc flu hosp,2025-11-15,48,quantile,0.45,175.1041299486662
2025-10-25,2,wk inc flu hosp,2025-11-15,48,quantile,0.5,175.1041299486662
2025-10-25,2,wk inc flu hosp,2025-11-15,48,quantile,0.55,175.1041299486662
2025-10-25,2,wk inc flu hosp,2025-11-15,48,quantile,0.6,175.1041299486662
2025-10-25,2,wk inc flu hosp,2025-11-15,48,quantile,0.65,175.1041299486662
2025-10-25,2,wk inc flu hosp,2025-11-15,48,quantile,0.7,175.1041299486662
2025-10-25,2,wk inc flu hosp,2025-11-15,48,quantile,0.75,175.1041299486662
2025-10-25,2,wk inc flu hosp,2025-11-15,48,quantile,0.8,175.1041299486662
2025-10-25,2,wk inc flu hosp,2025-11-15,48,quantile,0.85,175.1041299486662
2025-10-25,2,wk inc flu hosp,2025-11-15,48,quantile,0.9,175.1041299486662
2025-10-25,2,wk inc flu hosp,2025-11-15,48,quantile,0.95,175.1041299486662
2025-10-25,2,wk inc flu hosp,2025-11-15,48,quantile,0.975,175.1041299486662
2025-10-25,2,wk inc flu hosp,2025-11-15,48,quantile,0.99,175.1041299486662
2025-11-01,2,wk inc flu hosp,2025-11-22,48,quantile,0.01,304.85122963696426
2025-11-01,2,wk inc flu hosp,2025-11-22,48,quantile,0.025,304.85122963696426
2025-11-01,2,wk inc flu hosp,2025-11-22,48,quantile,0.05,304.85122963696426
2025-11-01,2,wk inc flu hosp,2025-11-22,48,quantile,0.1,304.85122963696426
2025-11-01,2,wk inc flu hosp,2025-11-22,48,quantile,0.15,304.85122963696426
2025-11-01,2,wk inc flu hosp,2025-11-22,48,quantile,0.2,304.85122963696426
2025-11-01,2,wk inc flu hosp,2025-11-22,48,quantile,0.25,304.85122963696426
2025-11-01,2,wk inc flu hosp,2025-11-22,48,quantile,0.3,304.85122963696426
2025-11-01,2,wk inc flu hosp,2025-11-22,48,quantile,0.35,304.85122963696426
2025-11-01,2,wk inc flu hosp,2025-11-22,48,quantile,0.4,304.85122963696426
2025-11-01,2,wk inc flu hosp,2025-11-22,48,quantile,0.45,304.85122963696426
2025-11-01,2,wk inc flu hosp,2025-11-22,48,quantile,0.5,304.85122963696426
2025-11-01,2,wk inc flu hosp,2025-11-22,48,quantile,0.55,304.85122963696426
2025-11-01,2,wk inc flu hosp,2025-11-22,48,quantile,0.6,304.85122963696426
2025-11-01,2,wk inc flu hosp,2025-11-22,48,quantile,0.65,304.85122963696426
2025-11-01,2,wk inc flu hosp,2025-11-22,48,quantile,0.7,304.85122963696426
2025-11-01,2,wk inc flu hosp,2025-11-22,48,quantile,0.75,304.85122963696426
2025-11-01,2,wk inc flu hosp,2025-11-22,48,quantile,0.8,304.85122963696426
2025-11-01,2,wk inc flu hosp,2025-11-22,48,quantile,0.85,304.85122963696426
2025-11-01,2,wk inc flu hosp,2025-11-22,48,quantile,0.9,304.85122963696426
2025-11-01,2,wk inc flu hosp,2025-11-22,48,quantile,0.95,304.85122963696426
2025-11-01,2,wk inc flu hosp,2025-11-22,48,quantile,0.975,304.85122963696426
2025-11-01,2,wk inc flu hosp,2025-11-22,48,quantile,0.99,304.85122963696426
2025-09-20,2,wk inc flu hosp,2025-10-11,US,quantile,0.01,799.5052040381032
2025-09-20,2,wk inc flu hosp,2025-10-11,US,quantile,0.025,799.5052040381032
2025-09-20,2,wk inc flu hosp,2025-10-11,US,quantile,0.05,799.5052040381032
2025-09-20,2,wk inc flu hosp,2025-10-11,US,quantile,0.1,799.5052040381032
2025-09-20,2,wk inc flu hosp,2025-10-11,US,quantile,0.15,799.5052040381032
2025-09-20,2,wk inc flu hosp,2025-10-11,US,quantile,0.2,799.5052040381032
2025-09-20,2,wk inc flu hosp,2025-10-11,US,quantile,0.25,799.5052040381032
2025-09-20,2,wk inc flu hosp,2025-10-11,US,quantile,0.3,799.5052040381032
2025-09-20,2,wk inc flu hosp,2025-10-11,US,quantile,0.35,799.5052040381032
2025-09-20,2,wk inc flu hosp,2025-10-11,US,quantile,0.4,799.5052040381032
2025-09-20,2,wk inc flu hosp,2025-10-11,US,quantile,0.45,799.5052040381032
2025-09-20,2,wk inc flu hosp,2025-10-11,US,quantile,0.5,799.5052040381032
2025-09-20,2,wk inc flu hosp,2025-10-11,US,quantile,0.55,799.5052040381032
2025-09-20,2,wk inc flu hosp,2025-10-11,US,quantile,0.6,799.5052040381032
2025-09-20,2,wk inc flu hosp,2025-10-11,US,quantile,0.65,799.5052040381032
2025-09-20,2,wk inc flu hosp,2025-10-11,US,quantile,0.7,799.5052040381032
2025-09-20,2,wk inc flu hosp,2025-10-11,US,quantile,0.75,799.5052040381032
2025-09-20,2,wk inc flu hosp,2025-10-11,US,quantile,0.8,799.5052040381032
2025-09-20,2,wk inc flu hosp,2025-10-11,US,quantile,0.85,799.5052040381032
2025-09-20,2,wk inc flu hosp,2025-10-11,US,quantile,0.9,799.5052040381032
2025-09-20,2,wk inc flu hosp,2025-10-11,US,quantile,0.95,799.5052040381032
2025-09-20,2,wk inc flu hosp,2025-10-11,US,quantile,0.975,799.5052040381032
2025-09-20,2,wk inc flu hosp,2025-10-11,US,quantile,0.99,799.5052040381032
2025-09-27,2,wk inc flu hosp,2025-10-18,US,quantile,0.01,949.6272206133981
2025-09-27,2,wk inc flu hosp,2025-10-18,US,quantile,0.025,949.6272206133981
2025-09-27,2,wk inc flu hosp,2025-10-18,US,quantile,0.05,949.6272206133981
2025-09-27,2,wk inc flu hosp,2025-10-18,US,quantile,0.1,949.6272206133981
2025-09-27,2,wk inc flu hosp,2025-10-18,US,quantile,0.15,949.6272206133981
2025-09-27,2,wk inc flu hosp,2025-10-18,US,quantile,0.2,949.6272206133981
2025-09-27,2,wk inc flu hosp,2025-10-18,US,quantile,0.25,949.6272206133981
2025-09-27,2,wk inc flu hosp,2025-10-18,US,quantile,0.3,949.6272206133981
2025-09-27,2,wk inc flu hosp,2025-10-18,US,quantile,0.35,949.6272206133981
2025-09-27,2,wk inc flu hosp,2025-10-18,US,quantile,0.4,949.6272206133981
2025-09-27,2,wk inc flu hosp,2025-10-18,US,quantile,0.45,949.6272206133981
2025-09-27,2,wk inc flu hosp,2025-10-18,US,quantile,0.5,949.6272206133981
2025-09-27,2,wk inc flu hosp,2025-10-18,US,quantile,0.55,949.6272206133981
2025-09-27,2,wk inc flu hosp,2025-10-18,US,quantile,0.6,949.6272206133981
2025-09-27,2,wk inc flu hosp,2025-10-18,US,quantile,0.65,949.6272206133981
2025-09-27,2,wk inc flu hosp,2025-10-18,US,quantile,0.7,949.6272206133981
2025-09-27,2,wk inc flu hosp,2025-10-18,US,quantile,0.75,949.6272206133981
2025-09-27,2,wk inc flu hosp,2025-10-18,US,quantile,0.8,949.6272206133981
2025-09-27,2,wk inc flu hosp,2025-10-18,US,quantile,0.85,949.6272206133981
2025-09-27,2,wk inc flu hosp,2025-10-18,US,quantile,0.9,949.6272206133981
2025-09-27,2,wk inc flu hosp,2025-10-18,US,quantile,0.95,949.6272206133981
2025-09-27,2,wk inc flu hosp,2025-10-18,US,quantile,0.975,949.6272206133981
2025-09-27,2,wk inc flu hosp,2025-10-18,US,quantile,0.99,949.6272206133981
2025-10-04,2,wk inc flu hosp,2025-10-25,US,quantile,0.01,898.1378164210165
2025-10-04,2,wk inc flu hosp,2025-10-25,US,quantile,0.025,898.1378164210165
2025-10-04,2,wk inc flu hosp,2025-10-25,US,quantile,0.05,898.1378164210165
2025-10-04,2,wk inc flu hosp,2025-10-25,US,quantile,0.1,898.1378164210165
2025-10-04,2,wk inc flu hosp,2025-10-25,US,quantile,0.15,898.1378164210165
2025-10-04,2,wk inc flu hosp,2025-10-25,US,quantile,0.2,898.1378164210165
2025-10-04,2,wk inc flu hosp,2025-10-25,US,quantile,0.25,898.1378164210165
2025-10-04,2,wk inc flu hosp,2025-10-25,US,quantile,0.3,898.1378164210165
2025-10-04,2,wk inc flu hosp,2025-10-25,US,quantile,0.35,898.1378164210165
2025-10-04,2,wk inc flu hosp,2025-10-25,US,quantile,0.4,898.1378164210165
2025-10-04,2,wk inc flu hosp,2025-10-25,US,quantile,0.45,898.1378164210165
2025-10-04,2,wk inc flu hosp,2025-10-25,US,quantile,0.5,898.1378164210165
2025-10-04,2,wk inc flu hosp,2025-10-25,US,quantile,0.55,898.1378164210165
2025-10-04,2,wk inc flu hosp,2025-10-25,US,quantile,0.6,898.1378164210165
2025-10-04,2,wk inc flu hosp,2025-10-25,US,quantile,0.65,898.1378164210165
2025-10-04,2,wk inc flu hosp,2025-10-25,US,quantile,0.7,898.1378164210165
2025-10-04,2,wk inc flu hosp,2025-10-25,US,quantile,0.75,898.1378164210165
2025-10-04,2,wk inc flu hosp,2025-10-25,US,quantile,0.8,898.1378164210165
2025-10-04,2,wk inc flu hosp,2025-10-25,US,quantile,0.85,898.1378164210165
2025-10-04,2,wk inc flu hosp,2025-10-25,US,quantile,0.9,898.1378164210165
2025-10-04,2,wk inc flu hosp,2025-10-25,US,quantile,0.95,898.1378164210165
2025-10-04,2,wk inc flu hosp,2025-10-25,US,quantile,0.975,898.1378164210165
2025-10-04,2,wk inc flu hosp,2025-10-25,US,quantile,0.99,898.1378164210165
2025-10-11,2,wk inc flu hosp,2025-11-01,US,quantile,0.01,960.4064242866082
2025-10-11,2,wk inc flu hosp,2025-11-01,US,quantile,0.025,960.4064242866082
2025-10-11,2,wk inc flu hosp,2025-11-01,US,quantile,0.05,960.4064242866082
2025-10-11,2,wk inc flu hosp,2025-11-01,US,quantile,0.1,960.4064242866082
2025-10-11,2,wk inc flu hosp,2025-11-01,US,quantile,0.15,960.4064242866082
2025-10-11,2,wk inc flu hosp,2025-11-01,US,quantile,0.2,960.4064242866082
2025-10-11,2,wk inc flu hosp,2025-11-01,US,quantile,0.25,960.4064242866082
2025-10-11,2,wk inc flu hosp,2025-11-01,US,quantile,0.3,960.4064242866082
2025-10-11,2,wk inc flu hosp,2025-11-01,US,quantile,0.35,960.4064242866082
2025-10-11,2,wk inc flu hosp,2025-11-01,US,quantile,0.4,960.4064242866082
2025-10-11,2,wk inc flu hosp,2025-11-01,US,quantile,0.45,960.4064242866082
2025-10-11,2,wk inc flu hosp,2025-11-01,US,quantile,0.5,960.4064242866082
2025-10-11,2,wk inc flu hosp,2025-11-01,US,quantile,0.55,960.4064242866082
2025-10-11,2,wk inc flu hosp,2025-11-01,US,quantile,0.6,960.4064242866082
2025-10-11,2,wk inc flu hosp,2025-11-01,US,quantile,0.65,960.4064242866082
2025-10-11,2,wk inc flu hosp,2025-11-01,US,quantile,0.7,960.4064242866082
2025-10-11,2,wk inc flu hosp,2025-11-01,US,quantile,0.75,960.4064242866082
2025-10-11,2,wk inc flu hosp,2025-11-01,US,quantile,0.8,960.4064242866082
2025-10-11,2,wk inc flu hosp,2025-11-01,US,quantile,0.85,960.4064242866082
2025-10-11,2,wk inc flu hosp,2025-11-01,US,quantile,0.9,960.4064242866082
2025-10-11,2,wk inc flu hosp,2025-11-01,US,quantile,0.95,960.4064242866082
2025-10-11,2,wk inc flu hosp,2025-11-01,US,quantile,0.975,960.4064242866082
2025-10-11,2,wk inc flu hosp,2025-11-01,US,quantile,0.99,960.4064242866082
2025-10-18,2,wk inc flu hosp,2025-11-08,US,quantile,0.01,1228.6326308754335
2025-10-18,2,wk inc flu hosp,2025-11-08,US,quantile,0.025,1228.6326308754335
2025-10-18,2,wk inc flu hosp,2025-11-08,US,quantile,0.05,1228.6326308754335
2025-10-18,2,wk inc flu hosp,2025-11-08,US,quantile,0.1,1228.6326308754335
2025-10-18,2,wk inc flu hosp,2025-11-08,US,quantile,0.15,1228.6326308754335
2025-10-18,2,wk inc flu hosp,2025-11-08,US,quantile,0.2,1228.6326308754335
2025-10-18,2,wk inc flu hosp,2025-11-08,US,quantile,0.25,1228.6326308754335
2025-10-18,2,wk inc flu hosp,2025-11-08,US,quantile,0.3,1228.6326308754335
2025-10-18,2,wk inc flu hosp,2025-11-08,US,quantile,0.35,1228.6326308754335
2025-10-18,2,wk inc flu hosp,2025-11-08,US,quantile,0.4,1228.6326308754335
2025-10-18,2,wk inc flu hosp,2025-11-08,US,quantile,0.45,1228.6326308754335
2025-10-18,2,wk inc flu hosp,2025-11-08,US,quantile,0.5,1228.6326308754335
2025-10-18,2,wk inc flu hosp,2025-11-08,US,quantile,0.55,1228.6326308754335
2025-10-18,2,wk inc flu hosp,2025-11-08,US,quantile,0.6,1228.6326308754335
2025-10-18,2,wk inc flu hosp,2025-11-08,US,quantile,0.65,1228.6326308754335
2025-10-18,2,wk inc flu hosp,2025-11-08,US,quantile,0.7,1228.6326308754335
2025-10-18,2,wk inc flu hosp,2025-11-08,US,quantile,0.75,1228.6326308754335
2025-10-18,2,wk inc flu hosp,2025-11-08,US,quantile,0.8,1228.6326308754335
2025-10-18,2,wk inc flu hosp,2025-11-08,US,quantile,0.85,1228.6326308754335
2025-10-18,2,wk inc flu hosp,2025-11-08,US,quantile,0.9,1228.6326308754335
2025-10-18,2,wk inc flu hosp,2025-11-08,US,quantile,0.95,1228.6326308754335
2025-10-18,2,wk inc flu hosp,2025-11-08,US,quantile,0.975,1228.6326308754335
2025-10-18,2,wk inc flu hosp,2025-11-08,US,quantile,0.99,1228.6326308754335
2025-10-25,2,wk inc flu hosp,2025-11-15,US,quantile,0.01,1478.035795551207
2025-10-25,2,wk inc flu hosp,2025-11-15,US,quantile,0.025,1478.035795551207
2025-10-25,2,wk inc flu hosp,2025-11-15,US,quantile,0.05,1478.035795551207
2025-10-25,2,wk inc flu hosp,2025-11-15,US,quantile,0.1,1478.035795551207
2025-10-25,2,wk inc flu hosp,2025-11-15,US,quantile,0.15,1478.035795551207
2025-10-25,2,wk inc flu hosp,2025-11-15,US,quantile,0.2,1478.035795551207
2025-10-25,2,wk inc flu hosp,2025-11-15,US,quantile,0.25,1478.035795551207
2025-10-25,2,wk inc flu hosp,2025-11-15,US,quantile,0.3,1478.035795551207
2025-10-25,2,wk inc flu hosp,2025-11-15,US,quantile,0.35,1478.035795551207
2025-10-25,2,wk inc flu hosp,2025-11-15,US,quantile,0.4,1478.035795551207
2025-10-25,2,wk inc flu hosp,2025-11-15,US,quantile,0.45,1478.035795551207
2025-10-25,2,wk inc flu hosp,2025-11-15,US,quantile,0.5,1478.035795551207
2025-10-25,2,wk inc flu hosp,2025-11-15,US,quantile,0.55,1478.035795551207
2025-10-25,2,wk inc flu hosp,2025-11-15,US,quantile,0.6,1478.035795551207
2025-10-25,2,wk inc flu hosp,2025-11-15,US,quantile,0.65,1478.035795551207
2025-10-25,2,wk inc flu hosp,2025-11-15,US,quantile,0.7,1478.035795551207
2025-10-25,2,wk inc flu hosp,2025-11-15,US,quantile,0.75,1478.035795551207
2025-10-25,2,wk inc flu hosp,2025-11-15,US,quantile,0.8,1478.035795551207
2025-10-25,2,wk inc flu hosp,2025-11-15,US,quantile,0.85,1478.035795551207
2025-10-25,2,wk inc flu hosp,2025-11-15,US,quantile,0.9,1478.035795551207
2025-10-25,2,wk inc flu hosp,2025-11-15,US,quantile,0.95,1478.035795551207
2025-10-25,2,wk inc flu hosp,2025-11-15,US,quantile,0.975,1478.035795551207
2025-10-25,2,wk inc flu hosp,2025-11-15,US,quantile,0.99,1478.035795551207
2025-11-01,2,wk inc flu hosp,2025-11-22,US,quantile,0.01,2213.2707142900354
2025-11-01,2,wk inc flu hosp,2025-11-22,US,quantile,0.025,2213.2707142900354
2025-11-01,2,wk inc flu hosp,2025-11-22,US,quantile,0.05,2213.2707142900354
2025-11-01,2,wk inc flu hosp,2025-11-22,US,quantile,0.1,2213.2707142900354
2025-11-01,2,wk inc flu hosp,2025-11-22,US,quantile,0.15,2213.2707142900354
2025-11-01,2,wk inc flu hosp,2025-11-22,US,quantile,0.2,2213.2707142900354
2025-11-01,2,wk inc flu hosp,2025-11-22,US,quantile,0.25,2213.2707142900354
2025-11-01,2,wk inc flu hosp,2025-11-22,US,quantile,0.3,2213.2707142900354
2025-11-01,2,wk inc flu hosp,2025-11-22,US,quantile,0.35,2213.2707142900354
2025-11-01,2,wk inc flu hosp,2025-11-22,US,quantile,0.4,2213.2707142900354
2025-11-01,2,wk inc flu hosp,2025-11-22,US,quantile,0.45,2213.2707142900354
2025-11-01,2,wk inc flu hosp,2025-11-22,US,quantile,0.5,2213.2707142900354
2025-11-01,2,wk inc flu hosp,2025-11-22,US,quantile,0.55,2213.2707142900354
2025-11-01,2,wk inc flu hosp,2025-11-22,US,quantile,0.6,2213.2707142900354
2025-11-01,2,wk inc flu hosp,2025-11-22,US,quantile,0.65,2213.2707142900354
2025-11-01,2,wk inc flu hosp,2025-11-22,US,quantile,0.7,2213.2707142900354
2025-11-01,2,wk inc flu hosp,2025-11-22,US,quantile,0.75,2213.2707142900354
2025-11-01,2,wk inc flu hosp,2025-11-22,US,quantile,0.8,2213.2707142900354
2025-11-01,2,wk inc flu hosp,2025-11-22,US,quantile,0.85,2213.2707142900354
2025-11-01,2,wk inc flu hosp,2025-11-22,US,quantile,0.9,2213.2707142900354
2025-11-01,2,wk inc flu hosp,2025-11-22,US,quantile,0.95,2213.2707142900354
2025-11-01,2,wk inc flu hosp,2025-11-22,US,quantile,0.975,2213.2707142900354
2025-11-01,2,wk inc flu hosp,2025-11-22,US,quantile,0.99,2213.2707142900354
2025-09-20,2,wk inc flu hosp,2025-10-11,49,quantile,0.01,0.9440814056511031
2025-09-20,2,wk inc flu hosp,2025-10-11,49,quantile,0.025,0.9440814056511031
2025-09-20,2,wk inc flu hosp,2025-10-11,49,quantile,0.05,0.9440814056511031
2025-09-20,2,wk inc flu hosp,2025-10-11,49,quantile,0.1,0.9440814056511031
2025-09-20,2,wk inc flu hosp,2025-10-11,49,quantile,0.15,0.9440814056511031
2025-09-20,2,wk inc flu hosp,2025-10-11,49,quantile,0.2,0.9440814056511031
2025-09-20,2,wk inc flu hosp,2025-10-11,49,quantile,0.25,0.9440814056511031
2025-09-20,2,wk inc flu hosp,2025-10-11,49,quantile,0.3,0.9440814056511031
2025-09-20,2,wk inc flu hosp,2025-10-11,49,quantile,0.35,0.9440814056511031
2025-09-20,2,wk inc flu hosp,2025-10-11,49,quantile,0.4,0.9440814056511031
2025-09-20,2,wk inc flu hosp,2025-10-11,49,quantile,0.45,0.9440814056511031
2025-09-20,2,wk inc flu hosp,2025-10-11,49,quantile,0.5,0.9440814056511031
2025-09-20,2,wk inc flu hosp,2025-10-11,49,quantile,0.55,0.9440814056511031
2025-09-20,2,wk inc flu hosp,2025-10-11,49,quantile,0.6,0.9440814056511031
2025-09-20,2,wk inc flu hosp,2025-10-11,49,quantile,0.65,0.9440814056511031
2025-09-20,2,wk inc flu hosp,2025-10-11,49,quantile,0.7,0.9440814056511031
2025-09-20,2,wk inc flu hosp,2025-10-11,49,quantile,0.75,0.9440814056511031
2025-09-20,2,wk inc flu hosp,2025-10-11,49,quantile,0.8,0.9440814056511031
2025-09-20,2,wk inc flu hosp,2025-10-11,49,quantile,0.85,0.9440814056511031
2025-09-20,2,wk inc flu hosp,2025-10-11,49,quantile,0.9,0.9440814056511031
2025-09-20,2,wk inc flu hosp,2025-10-11,49,quantile,0.95,0.9440814056511031
2025-09-20,2,wk inc flu hosp,2025-10-11,49,quantile,0.975,0.9440814056511031
2025-09-20,2,wk inc flu hosp,2025-10-11,49,quantile,0.99,0.9440814056511031
2025-09-27,2,wk inc flu hosp,2025-10-18,49,quantile,0.01,1.3321780996028623
2025-09-27,2,wk inc flu hosp,2025-10-18,49,quantile,0.025,1.3321780996028623
2025-09-27,2,wk inc flu hosp,2025-10-18,49,quantile,0.05,1.3321780996028623
2025-09-27,2,wk inc flu hosp,2025-10-18,49,quantile,0.1,1.3321780996028623
2025-09-27,2,wk inc flu hosp,2025-10-18,49,quantile,0.15,1.3321780996028623
2025-09-27,2,wk inc flu hosp,2025-10-18,49,quantile,0.2,1.3321780996028623
2025-09-27,2,wk inc flu hosp,2025-10-18,49,quantile,0.25,1.3321780996028623
2025-09-27,2,wk inc flu hosp,2025-10-18,49,quantile,0.3,1.3321780996028623
2025-09-27,2,wk inc flu hosp,2025-10-18,49,quantile,0.35,1.3321780996028623
2025-09-27,2,wk inc flu hosp,2025-10-18,49,quantile,0.4,1.3321780996028623
2025-09-27,2,wk inc flu hosp,2025-10-18,49,quantile,0.45,1.3321780996028623
2025-09-27,2,wk inc flu hosp,2025-10-18,49,quantile,0.5,1.3321780996028623
2025-09-27,2,wk inc flu hosp,2025-10-18,49,quantile,0.55,1.3321780996028623
2025-09-27,2,wk inc flu hosp,2025-10-18,49,quantile,0.6,1.3321780996028623
2025-09-27,2,wk inc flu hosp,2025-10-18,49,quantile,0.65,1.3321780996028623
2025-09-27,2,wk inc flu hosp,2025-10-18,49,quantile,0.7,1.3321780996028623
2025-09-27,2,wk inc flu hosp,2025-10-18,49,quantile,0.75,1.3321780996028623
2025-09-27,2,wk inc flu hosp,2025-10-18,49,quantile,0.8,1.3321780996028623
2025-09-27,2,wk inc flu hosp,2025-10-18,49,quantile,0.85,1.3321780996028623
2025-09-27,2,wk inc flu hosp,2025-10-18,49,quantile,0.9,1.3321780996028623
2025-09-27,2,wk inc flu hosp,2025-10-18,49,quantile,0.95,1.3321780996028623
2025-09-27,2,wk inc flu hosp,2025-10-18,49,quantile,0.975,1.3321780996028623
2025-09-27,2,wk inc flu hosp,2025-10-18,49,quantile,0.99,1.3321780996028623
2025-10-04,2,wk inc flu hosp,2025-10-25,49,quantile,0.01,1.7943226740489449
2025-10-04,2,wk inc flu hosp,2025-10-25,49,quantile,0.025,1.7943226740489449
2025-10-04,2,wk inc flu hosp,2025-10-25,49,quantile,0.05,1.7943226740489449
2025-10-04,2,wk inc flu hosp,2025-10-25,49,quantile,0.1,1.7943226740489449
2025-10-04,2,wk inc flu hosp,2025-10-25,49,quantile,0.15,1.7943226740489449
2025-10-04,2,wk inc flu hosp,2025-10-25,49,quantile,0.2,1.7943226740489449
2025-10-04,2,wk inc flu hosp,2025-10-25,49,quantile,0.25,1.7943226740489449
2025-10-04,2,wk inc flu hosp,2025-10-25,49,quantile,0.3,1.7943226740489449
2025-10-04,2,wk inc flu hosp,2025-10-25,49,quantile,0.35,1.7943226740489449
2025-10-04,2,wk inc flu hosp,2025-10-25,49,quantile,0.4,1.7943226740489449
2025-10-04,2,wk inc flu hosp,2025-10-25,49,quantile,0.45,1.7943226740489449
2025-10-04,2,wk inc flu hosp,2025-10-25,49,quantile,0.5,1.7943226740489449
2025-10-04,2,wk inc flu hosp,2025-10-25,49,quantile,0.55,1.7943226740489449
2025-10-04,2,wk inc flu hosp,2025-10-25,49,quantile,0.6,1.7943226740489449
2025-10-04,2,wk inc flu hosp,2025-10-25,49,quantile,0.65,1.7943226740489449
2025-10-04,2,wk inc flu hosp,2025-10-25,49,quantile,0.7,1.7943226740489449
2025-10-04,2,wk inc flu hosp,2025-10-25,49,quantile,0.75,1.7943226740489449
2025-10-04,2,wk inc flu hosp,2025-10-25,49,quantile,0.8,1.7943226740489449
2025-10-04,2,wk inc flu hosp,2025-10-25,49,quantile,0.85,1.7943226740489449
2025-10-04,2,wk inc flu hosp,2025-10-25,49,quantile,0.9,1.7943226740489449
2025-10-04,2,wk inc flu hosp,2025-10-25,49,quantile,0.95,1.7943226740489449
2025-10-04,2,wk inc flu hosp,2025-10-25,49,quantile,0.975,1.7943226740489449
2025-10-04,2,wk inc flu hosp,2025-10-25,49,quantile,0.99,1.7943226740489449
2025-10-11,2,wk inc flu hosp,2025-11-01,49,quantile,0.01,0.5555555555555556
2025-10-11,2,wk inc flu hosp,2025-11-01,49,quantile,0.025,0.5555555555555556
2025-10-11,2,wk inc flu hosp,2025-11-01,49,quantile,0.05,0.5555555555555556
2025-10-11,2,wk inc flu hosp,2025-11-01,49,quantile,0.1,0.5555555555555556
2025-10-11,2,wk inc flu hosp,2025-11-01,49,quantile,0.15,0.5555555555555556
2025-10-11,2,wk inc flu hosp,2025-11-01,49,quantile,0.2,0.5555555555555556
2025-10-11,2,wk inc flu hosp,2025-11-01,49,quantile,0.25,0.5555555555555556
2025-10-11,2,wk inc flu hosp,2025-11-01,49,quantile,0.3,0.5555555555555556
2025-10-11,2,wk inc flu hosp,2025-11-01,49,quantile,0.35,0.5555555555555556
2025-10-11,2,wk inc flu hosp,2025-11-01,49,quantile,0.4,0.5555555555555556
2025-10-11,2,wk inc flu hosp,2025-11-01,49,quantile,0.45,0.5555555555555556
2025-10-11,2,wk inc flu hosp,2025-11-01,49,quantile,0.5,0.5555555555555556
2025-10-11,2,wk inc flu hosp,2025-11-01,49,quantile,0.55,0.5555555555555556
2025-10-11,2,wk inc flu hosp,2025-11-01,49,quantile,0.6,0.5555555555555556
2025-10-11,2,wk inc flu hosp,2025-11-01,49,quantile,0.65,0.5555555555555556
2025-10-11,2,wk inc flu hosp,2025-11-01,49,quantile,0.7,0.5555555555555556
2025-10-11,2,wk inc flu hosp,2025-11-01,49,quantile,0.75,0.5555555555555556
2025-10-11,2,wk inc flu hosp,2025-11-01,49,quantile,0.8,0.5555555555555556
2025-10-11,2,wk inc flu hosp,2025-11-01,49,quantile,0.85,0.5555555555555556
2025-10-11,2,wk inc flu hosp,2025-11-01,49,quantile,0.9,0.5555555555555556
2025-10-11,2,wk inc flu hosp,2025-11-01,49,quantile,0.95,0.5555555555555556
2025-10-11,2,wk inc flu hosp,2025-11-01,49,quantile,0.975,0.5555555555555556
2025-10-11,2,wk inc flu hosp,2025-11-01,49,quantile,0.99,0.5555555555555556
2025-10-18,2,wk inc flu hosp,2025-11-08,49,quantile,0.01,2.67050678077787
2025-10-18,2,wk inc flu hosp,2025-11-08,49,quantile,0.025,2.67050678077787
2025-10-18,2,wk inc flu hosp,2025-11-08,49,quantile,0.05,2.67050678077787
2025-10-18,2,wk inc flu hosp,2025-11-08,49,quantile,0.1,2.67050678077787
2025-10-18,2,wk inc flu hosp,2025-11-08,49,quantile,0.15,2.67050678077787
2025-10-18,2,wk inc flu hosp,2025-11-08,49,quantile,0.2,2.67050678077787
2025-10-18,2,wk inc flu hosp,2025-11-08,49,quantile,0.25,2.67050678077787
2025-10-18,2,wk inc flu hosp,2025-11-08,49,quantile,0.3,2.67050678077787
2025-10-18,2,wk inc flu hosp,2025-11-08,49,quantile,0.35,2.67050678077787
2025-10-18,2,wk inc flu hosp,2025-11-08,49,quantile,0.4,2.67050678077787
2025-10-18,2,wk inc flu hosp,2025-11-08,49,quantile,0.45,2.67050678077787
2025-10-18,2,wk inc flu hosp,2025-11-08,49,quantile,0.5,2.67050678077787
2025-10-18,2,wk inc flu hosp,2025-11-08,49,quantile,0.55,2.67050678077787
2025-10-18,2,wk inc flu hosp,2025-11-08,49,quantile,0.6,2.67050678077787
2025-10-18,2,wk inc flu hosp,2025-11-08,49,quantile,0.65,2.67050678077787
2025-10-18,2,wk inc flu hosp,2025-11-08,49,quantile,0.7,2.67050678077787
2025-10-18,2,wk inc flu hosp,2025-11-08,49,quantile,0.75,2.67050678077787
2025-10-18,2,wk inc flu hosp,2025-11-08,49,quantile,0.8,2.67050678077787
2025-10-18,2,wk inc flu hosp,2025-11-08,49,quantile,0.85,2.67050678077787
2025-10-18,2,wk inc flu hosp,2025-11-08,49,quantile,0.9,2.67050678077787
2025-10-18,2,wk inc flu hosp,2025-11-08,49,quantile,0.95,2.67050678077787
2025-10-18,2,wk inc flu hosp,2025-11-08,49,quantile,0.975,2.67050678077787
2025-10-18,2,wk inc flu hosp,2025-11-08,49,quantile,0.99,2.67050678077787
2025-10-25,2,wk inc flu hosp,2025-11-15,49,quantile,0.01,0.6764710410989674
2025-10-25,2,wk inc flu hosp,2025-11-15,49,quantile,0.025,0.6764710410989674
2025-10-25,2,wk inc flu hosp,2025-11-15,49,quantile,0.05,0.6764710410989674
2025-10-25,2,wk inc flu hosp,2025-11-15,49,quantile,0.1,0.6764710410989674
2025-10-25,2,wk inc flu hosp,2025-11-15,49,quantile,0.15,0.6764710410989674
2025-10-25,2,wk inc flu hosp,2025-11-15,49,quantile,0.2,0.6764710410989674
2025-10-25,2,wk inc flu hosp,2025-11-15,49,quantile,0.25,0.6764710410989674
2025-10-25,2,wk inc flu hosp,2025-11-15,49,quantile,0.3,0.6764710410989674
2025-10-25,2,wk inc flu hosp,2025-11-15,49,quantile,0.35,0.6764710410989674
2025-10-25,2,wk inc flu hosp,2025-11-15,49,quantile,0.4,0.6764710410989674
2025-10-25,2,wk inc flu hosp,2025-11-15,49,quantile,0.45,0.6764710410989674
2025-10-25,2,wk inc flu hosp,2025-11-15,49,quantile,0.5,0.6764710410989674
2025-10-25,2,wk inc flu hosp,2025-11-15,49,quantile,0.55,0.6764710410989674
2025-10-25,2,wk inc flu hosp,2025-11-15,49,quantile,0.6,0.6764710410989674
2025-10-25,2,wk inc flu hosp,2025-11-15,49,quantile,0.65,0.6764710410989674
2025-10-25,2,wk inc flu hosp,2025-11-15,49,quantile,0.7,0.6764710410989674
2025-10-25,2,wk inc flu hosp,2025-11-15,49,quantile,0.75,0.6764710410989674
2025-10-25,2,wk inc flu hosp,2025-11-15,49,quantile,0.8,0.6764710410989674
2025-10-25,2,wk inc flu hosp,2025-11-15,49,quantile,0.85,0.6764710410989674
2025-10-25,2,wk inc flu hosp,2025-11-15,49,quantile,0.9,0.6764710410989674
2025-10-25,2,wk inc flu hosp,2025-11-15,49,quantile,0.95,0.6764710410989674
2025-10-25,2,wk inc flu hosp,2025-11-15,49,quantile,0.975,0.6764710410989674
2025-10-25,2,wk inc flu hosp,2025-11-15,49,quantile,0.99,0.6764710410989674
2025-11-01,2,wk inc flu hosp,2025-11-22,49,quantile,0.01,2.99061426425787
2025-11-01,2,wk inc flu hosp,2025-11-22,49,quantile,0.025,2.99061426425787
2025-11-01,2,wk inc flu hosp,2025-11-22,49,quantile,0.05,2.99061426425787
2025-11-01,2,wk inc flu hosp,2025-11-22,49,quantile,0.1,2.99061426425787
2025-11-01,2,wk inc flu hosp,2025-11-22,49,quantile,0.15,2.99061426425787
2025-11-01,2,wk inc flu hosp,2025-11-22,49,quantile,0.2,2.99061426425787
2025-11-01,2,wk inc flu hosp,2025-11-22,49,quantile,0.25,2.99061426425787
2025-11-01,2,wk inc flu hosp,2025-11-22,49,quantile,0.3,2.99061426425787
2025-11-01,2,wk inc flu hosp,2025-11-22,49,quantile,0.35,2.99061426425787
2025-11-01,2,wk inc flu hosp,2025-11-22,49,quantile,0.4,2.99061426425787
2025-11-01,2,wk inc flu hosp,2025-11-22,49,quantile,0.45,2.99061426425787
2025-11-01,2,wk inc flu hosp,2025-11-22,49,quantile,0.5,2.99061426425787
2025-11-01,2,wk inc flu hosp,2025-11-22,49,quantile,0.55,2.99061426425787
2025-11-01,2,wk inc flu hosp,2025-11-22,49,quantile,0.6,2.99061426425787
2025-11-01,2,wk inc flu hosp,2025-11-22,49,quantile,0.65,2.99061426425787
2025-11-01,2,wk inc flu hosp,2025-11-22,49,quantile,0.7,2.99061426425787
2025-11-01,2,wk inc flu hosp,2025-11-22,49,quantile,0.75,2.99061426425787
2025-11-01,2,wk inc flu hosp,2025-11-22,49,quantile,0.8,2.99061426425787
2025-11-01,2,wk inc flu hosp,2025-11-22,49,quantile,0.85,2.99061426425787
2025-11-01,2,wk inc flu hosp,2025-11-22,49,quantile,0.9,2.99061426425787
2025-11-01,2,wk inc flu hosp,2025-11-22,49,quantile,0.95,2.99061426425787
2025-11-01,2,wk inc flu hosp,2025-11-22,49,quantile,0.975,2.99061426425787
2025-11-01,2,wk inc flu hosp,2025-11-22,49,quantile,0.99,2.99061426425787
2025-09-20,2,wk inc flu hosp,2025-10-11,50,quantile,0.01,0.0
2025-09-20,2,wk inc flu hosp,2025-10-11,50,quantile,0.025,0.0
2025-09-20,2,wk inc flu hosp,2025-10-11,50,quantile,0.05,0.0
2025-09-20,2,wk inc flu hosp,2025-10-11,50,quantile,0.1,0.0
2025-09-20,2,wk inc flu hosp,2025-10-11,50,quantile,0.15,0.0
2025-09-20,2,wk inc flu hosp,2025-10-11,50,quantile,0.2,0.0
2025-09-20,2,wk inc flu hosp,2025-10-11,50,quantile,0.25,0.0
2025-09-20,2,wk inc flu hosp,2025-10-11,50,quantile,0.3,0.0
2025-09-20,2,wk inc flu hosp,2025-10-11,50,quantile,0.35,0.0
2025-09-20,2,wk inc flu hosp,2025-10-11,50,quantile,0.4,0.0
2025-09-20,2,wk inc flu hosp,2025-10-11,50,quantile,0.45,0.0
2025-09-20,2,wk inc flu hosp,2025-10-11,50,quantile,0.5,0.0
2025-09-20,2,wk inc flu hosp,2025-10-11,50,quantile,0.55,0.0
2025-09-20,2,wk inc flu hosp,2025-10-11,50,quantile,0.6,0.0
2025-09-20,2,wk inc flu hosp,2025-10-11,50,quantile,0.65,0.0
2025-09-20,2,wk inc flu hosp,2025-10-11,50,quantile,0.7,0.0
2025-09-20,2,wk inc flu hosp,2025-10-11,50,quantile,0.75,0.0
2025-09-20,2,wk inc flu hosp,2025-10-11,50,quantile,0.8,0.0
2025-09-20,2,wk inc flu hosp,2025-10-11,50,quantile,0.85,0.0
2025-09-20,2,wk inc flu hosp,2025-10-11,50,quantile,0.9,0.0
2025-09-20,2,wk inc flu hosp,2025-10-11,50,quantile,0.95,0.0
2025-09-20,2,wk inc flu hosp,2025-10-11,50,quantile,0.975,0.0
2025-09-20,2,wk inc flu hosp,2025-10-11,50,quantile,0.99,0.0
2025-09-27,2,wk inc flu hosp,2025-10-18,50,quantile,0.01,1.8446495295760335e-19
2025-09-27,2,wk inc flu hosp,2025-10-18,50,quantile,0.025,1.8446495295760335e-19
2025-09-27,2,wk inc flu hosp,2025-10-18,50,quantile,0.05,1.8446495295760335e-19
2025-09-27,2,wk inc flu hosp,2025-10-18,50,quantile,0.1,1.8446495295760335e-19
2025-09-27,2,wk inc flu hosp,2025-10-18,50,quantile,0.15,1.8446495295760335e-19
2025-09-27,2,wk inc flu hosp,2025-10-18,50,quantile,0.2,1.8446495295760335e-19
2025-09-27,2,wk inc flu hosp,2025-10-18,50,quantile,0.25,1.8446495295760335e-19
2025-09-27,2,wk inc flu hosp,2025-10-18,50,quantile,0.3,1.8446495295760335e-19
2025-09-27,2,wk inc flu hosp,2025-10-18,50,quantile,0.35,1.8446495295760335e-19
2025-09-27,2,wk inc flu hosp,2025-10-18,50,quantile,0.4,1.8446495295760335e-19
2025-09-27,2,wk inc flu hosp,2025-10-18,50,quantile,0.45,1.8446495295760335e-19
2025-09-27,2,wk inc flu hosp,2025-10-18,50,quantile,0.5,1.8446495295760335e-19
2025-09-27,2,wk inc flu hosp,2025-10-18,50,quantile,0.55,1.8446495295760335e-19
2025-09-27,2,wk inc flu hosp,2025-10-18,50,quantile,0.6,1.8446495295760335e-19
2025-09-27,2,wk inc flu hosp,2025-10-18,50,quantile,0.65,1.8446495295760335e-19
2025-09-27,2,wk inc flu hosp,2025-10-18,50,quantile,0.7,1.8446495295760335e-19
2025-09-27,2,wk inc flu hosp,2025-10-18,50,quantile,0.75,1.8446495295760335e-19
2025-09-27,2,wk inc flu hosp,2025-10-18,50,quantile,0.8,1.8446495295760335e-19
2025-09-27,2,wk inc flu hosp,2025-10-18,50,quantile,0.85,1.8446495295760335e-19
2025-09-27,2,wk inc flu hosp,2025-10-18,50,quantile,0.9,1.8446495295760335e-19
2025-09-27,2,wk inc flu hosp,2025-10-18,50,quantile,0.95,1.8446495295760335e-19
2025-09-27,2,wk inc flu hosp,2025-10-18,50,quantile,0.975,1.8446495295760335e-19
2025-09-27,2,wk inc flu hosp,2025-10-18,50,quantile,0.99,1.8446495295760335e-19
2025-10-04,2,wk inc flu hosp,2025-10-25,50,quantile,0.01,0.0
2025-10-04,2,wk inc flu hosp,2025-10-25,50,quantile,0.025,0.0
2025-10-04,2,wk inc flu hosp,2025-10-25,50,quantile,0.05,0.0
2025-10-04,2,wk inc flu hosp,2025-10-25,50,quantile,0.1,0.0
2025-10-04,2,wk inc flu hosp,2025-10-25,50,quantile,0.15,0.0
2025-10-04,2,wk inc flu hosp,2025-10-25,50,quantile,0.2,0.0
2025-10-04,2,wk inc flu hosp,2025-10-25,50,quantile,0.25,0.0
2025-10-04,2,wk inc flu hosp,2025-10-25,50,quantile,0.3,0.0
2025-10-04,2,wk inc flu hosp,2025-10-25,50,quantile,0.35,0.0
2025-10-04,2,wk inc flu hosp,2025-10-25,50,quantile,0.4,0.0
2025-10-04,2,wk inc flu hosp,2025-10-25,50,quantile,0.45,0.0
2025-10-04,2,wk inc flu hosp,2025-10-25,50,quantile,0.5,0.0
2025-10-04,2,wk inc flu hosp,2025-10-25,50,quantile,0.55,0.0
2025-10-04,2,wk inc flu hosp,2025-10-25,50,quantile,0.6,0.0
2025-10-04,2,wk inc flu hosp,2025-10-25,50,quantile,0.65,0.0
2025-10-04,2,wk inc flu hosp,2025-10-25,50,quantile,0.7,0.0
2025-10-04,2,wk inc flu hosp,2025-10-25,50,quantile,0.75,0.0
2025-10-04,2,wk inc flu hosp,2025-10-25,50,quantile,0.8,0.0
2025-10-04,2,wk inc flu hosp,2025-10-25,50,quantile,0.85,0.0
2025-10-04,2,wk inc flu hosp,2025-10-25,50,quantile,0.9,0.0
2025-10-04,2,wk inc flu hosp,2025-10-25,50,quantile,0.95,0.0
2025-10-04,2,wk inc flu hosp,2025-10-25,50,quantile,0.975,0.0
2025-10-04,2,wk inc flu hosp,2025-10-25,50,quantile,0.99,0.0
2025-10-11,2,wk inc flu hosp,2025-11-01,50,quantile,0.01,0.19948960668849158
2025-10-11,2,wk inc flu hosp,2025-11-01,50,quantile,0.025,0.19948960668849158
2025-10-11,2,wk inc flu hosp,2025-11-01,50,quantile,0.05,0.19948960668849158
2025-10-11,2,wk inc flu hosp,2025-11-01,50,quantile,0.1,0.19948960668849158
2025-10-11,2,wk inc flu hosp,2025-11-01,50,quantile,0.15,0.19948960668849158
2025-10-11,2,wk inc flu hosp,2025-11-01,50,quantile,0.2,0.19948960668849158
2025-10-11,2,wk inc flu hosp,2025-11-01,50,quantile,0.25,0.19948960668849158
2025-10-11,2,wk inc flu hosp,2025-11-01,50,quantile,0.3,0.19948960668849158
2025-10-11,2,wk inc flu hosp,2025-11-01,50,quantile,0.35,0.19948960668849158
2025-10-11,2,wk inc flu hosp,2025-11-01,50,quantile,0.4,0.19948960668849158
2025-10-11,2,wk inc flu hosp,2025-11-01,50,quantile,0.45,0.19948960668849158
2025-10-11,2,wk inc flu hosp,2025-11-01,50,quantile,0.5,0.19948960668849158
2025-10-11,2,wk inc flu hosp,2025-11-01,50,quantile,0.55,0.19948960668849158
2025-10-11,2,wk inc flu hosp,2025-11-01,50,quantile,0.6,0.19948960668849158
2025-10-11,2,wk inc flu hosp,2025-11-01,50,quantile,0.65,0.19948960668849158
2025-10-11,2,wk inc flu hosp,2025-11-01,50,quantile,0.7,0.19948960668849158
2025-10-11,2,wk inc flu hosp,2025-11-01,50,quantile,0.75,0.19948960668849158
2025-10-11,2,wk inc flu hosp,2025-11-01,50,quantile,0.8,0.19948960668849158
2025-10-11,2,wk inc flu hosp,2025-11-01,50,quantile,0.85,0.19948960668849158
2025-10-11,2,wk inc flu hosp,2025-11-01,50,quantile,0.9,0.19948960668849158
2025-10-11,2,wk inc flu hosp,2025-11-01,50,quantile,0.95,0.19948960668849158
2025-10-11,2,wk inc flu hosp,2025-11-01,50,quantile,0.975,0.19948960668849158
2025-10-11,2,wk inc flu hosp,2025-11-01,50,quantile,0.99,0.19948960668849158
2025-10-18,2,wk inc flu hosp,2025-11-08,50,quantile,0.01,0.0
2025-10-18,2,wk inc flu hosp,2025-11-08,50,quantile,0.025,0.0
2025-10-18,2,wk inc flu hosp,2025-11-08,50,quantile,0.05,0.0
2025-10-18,2,wk inc flu hosp,2025-11-08,50,quantile,0.1,0.0
2025-10-18,2,wk inc flu hosp,2025-11-08,50,quantile,0.15,0.0
2025-10-18,2,wk inc flu hosp,2025-11-08,50,quantile,0.2,0.0
2025-10-18,2,wk inc flu hosp,2025-11-08,50,quantile,0.25,0.0
2025-10-18,2,wk inc flu hosp,2025-11-08,50,quantile,0.3,0.0
2025-10-18,2,wk inc flu hosp,2025-11-08,50,quantile,0.35,0.0
2025-10-18,2,wk inc flu hosp,2025-11-08,50,quantile,0.4,0.0
2025-10-18,2,wk inc flu hosp,2025-11-08,50,quantile,0.45,0.0
2025-10-18,2,wk inc flu hosp,2025-11-08,50,quantile,0.5,0.0
2025-10-18,2,wk inc flu hosp,2025-11-08,50,quantile,0.55,0.0
2025-10-18,2,wk inc flu hosp,2025-11-08,50,quantile,0.6,0.0
2025-10-18,2,wk inc flu hosp,2025-11-08,50,quantile,0.65,0.0
2025-10-18,2,wk inc flu hosp,2025-11-08,50,quantile,0.7,0.0
2025-10-18,2,wk inc flu hosp,2025-11-08,50,quantile,0.75,0.0
2025-10-18,2,wk inc flu hosp,2025-11-08,50,quantile,0.8,0.0
2025-10-18,2,wk inc flu hosp,2025-11-08,50,quantile,0.85,0.0
2025-10-18,2,wk inc flu hosp,2025-11-08,50,quantile,0.9,0.0
2025-10-18,2,wk inc flu hosp,2025-11-08,50,quantile,0.95,0.0
2025-10-18,2,wk inc flu hosp,2025-11-08,50,quantile,0.975,0.0
2025-10-18,2,wk inc flu hosp,2025-11-08,50,quantile,0.99,0.0
2025-10-25,2,wk inc flu hosp,2025-11-15,50,quantile,0.01,1.2453618717456374
2025-10-25,2,wk inc flu hosp,2025-11-15,50,quantile,0.025,1.2453618717456374
2025-10-25,2,wk inc flu hosp,2025-11-15,50,quantile,0.05,1.2453618717456374
2025-10-25,2,wk inc flu hosp,2025-11-15,50,quantile,0.1,1.2453618717456374
2025-10-25,2,wk inc flu hosp,2025-11-15,50,quantile,0.15,1.2453618717456374
2025-10-25,2,wk inc flu hosp,2025-11-15,50,quantile,0.2,1.2453618717456374
2025-10-25,2,wk inc flu hosp,2025-11-15,50,quantile,0.25,1.2453618717456374
2025-10-25,2,wk inc flu hosp,2025-11-15,50,quantile,0.3,1.2453618717456374
2025-10-25,2,wk inc flu hosp,2025-11-15,50,quantile,0.35,1.2453618717456374
2025-10-25,2,wk inc flu hosp,2025-11-15,50,quantile,0.4,1.2453618717456374
2025-10-25,2,wk inc flu hosp,2025-11-15,50,quantile,0.45,1.2453618717456374
2025-10-25,2,wk inc flu hosp,2025-11-15,50,quantile,0.5,1.2453618717456374
2025-10-25,2,wk inc flu hosp,2025-11-15,50,quantile,0.55,1.2453618717456374
2025-10-25,2,wk inc flu hosp,2025-11-15,50,quantile,0.6,1.2453618717456374
2025-10-25,2,wk inc flu hosp,2025-11-15,50,quantile,0.65,1.2453618717456374
2025-10-25,2,wk inc flu hosp,2025-11-15,50,quantile,0.7,1.2453618717456374
2025-10-25,2,wk inc flu hosp,2025-11-15,50,quantile,0.75,1.2453618717456374
2025-10-25,2,wk inc flu hosp,2025-11-15,50,quantile,0.8,1.2453618717456374
2025-10-25,2,wk inc flu hosp,2025-11-15,50,quantile,0.85,1.2453618717456374
2025-10-25,2,wk inc flu hosp,2025-11-15,50,quantile,0.9,1.2453618717456374
2025-10-25,2,wk inc flu hosp,2025-11-15,50,quantile,0.95,1.2453618717456374
2025-10-25,2,wk inc flu hosp,2025-11-15,50,quantile,0.975,1.2453618717456374
2025-10-25,2,wk inc flu hosp,2025-11-15,50,quantile,0.99,1.2453618717456374
2025-11-01,2,wk inc flu hosp,2025-11-22,50,quantile,0.01,0.6156448159340342
2025-11-01,2,wk inc flu hosp,2025-11-22,50,quantile,0.025,0.6156448159340342
2025-11-01,2,wk inc flu hosp,2025-11-22,50,quantile,0.05,0.6156448159340342
2025-11-01,2,wk inc flu hosp,2025-11-22,50,quantile,0.1,0.6156448159340342
2025-11-01,2,wk inc flu hosp,2025-11-22,50,quantile,0.15,0.6156448159340342
2025-11-01,2,wk inc flu hosp,2025-11-22,50,quantile,0.2,0.6156448159340342
2025-11-01,2,wk inc flu hosp,2025-11-22,50,quantile,0.25,0.6156448159340342
2025-11-01,2,wk inc flu hosp,2025-11-22,50,quantile,0.3,0.6156448159340342
2025-11-01,2,wk inc flu hosp,2025-11-22,50,quantile,0.35,0.6156448159340342
2025-11-01,2,wk inc flu hosp,2025-11-22,50,quantile,0.4,0.6156448159340342
2025-11-01,2,wk inc flu hosp,2025-11-22,50,quantile,0.45,0.6156448159340342
2025-11-01,2,wk inc flu hosp,2025-11-22,50,quantile,0.5,0.6156448159340342
2025-11-01,2,wk inc flu hosp,2025-11-22,50,quantile,0.55,0.6156448159340342
2025-11-01,2,wk inc flu hosp,2025-11-22,50,quantile,0.6,0.6156448159340342
2025-11-01,2,wk inc flu hosp,2025-11-22,50,quantile,0.65,0.6156448159340342
2025-11-01,2,wk inc flu hosp,2025-11-22,50,quantile,0.7,0.6156448159340342
2025-11-01,2,wk inc flu hosp,2025-11-22,50,quantile,0.75,0.6156448159340342
2025-11-01,2,wk inc flu hosp,2025-11-22,50,quantile,0.8,0.6156448159340342
2025-11-01,2,wk inc flu hosp,2025-11-22,50,quantile,0.85,0.6156448159340342
2025-11-01,2,wk inc flu hosp,2025-11-22,50,quantile,0.9,0.6156448159340342
2025-11-01,2,wk inc flu hosp,2025-11-22,50,quantile,0.95,0.6156448159340342
2025-11-01,2,wk inc flu hosp,2025-11-22,50,quantile,0.975,0.6156448159340342
2025-11-01,2,wk inc flu hosp,2025-11-22,50,quantile,0.99,0.6156448159340342
2025-09-20,2,wk inc flu hosp,2025-10-11,51,quantile,0.01,18.300265274523785
2025-09-20,2,wk inc flu hosp,2025-10-11,51,quantile,0.025,18.300265274523785
2025-09-20,2,wk inc flu hosp,2025-10-11,51,quantile,0.05,18.300265274523785
2025-09-20,2,wk inc flu hosp,2025-10-11,51,quantile,0.1,18.300265274523785
2025-09-20,2,wk inc flu hosp,2025-10-11,51,quantile,0.15,18.300265274523785
2025-09-20,2,wk inc flu hosp,2025-10-11,51,quantile,0.2,18.300265274523785
2025-09-20,2,wk inc flu hosp,2025-10-11,51,quantile,0.25,18.300265274523785
2025-09-20,2,wk inc flu hosp,2025-10-11,51,quantile,0.3,18.300265274523785
2025-09-20,2,wk inc flu hosp,2025-10-11,51,quantile,0.35,18.300265274523785
2025-09-20,2,wk inc flu hosp,2025-10-11,51,quantile,0.4,18.300265274523785
2025-09-20,2,wk inc flu hosp,2025-10-11,51,quantile,0.45,18.300265274523785
2025-09-20,2,wk inc flu hosp,2025-10-11,51,quantile,0.5,18.300265274523785
2025-09-20,2,wk inc flu hosp,2025-10-11,51,quantile,0.55,18.300265274523785
2025-09-20,2,wk inc flu hosp,2025-10-11,51,quantile,0.6,18.300265274523785
2025-09-20,2,wk inc flu hosp,2025-10-11,51,quantile,0.65,18.300265274523785
2025-09-20,2,wk inc flu hosp,2025-10-11,51,quantile,0.7,18.300265274523785
2025-09-20,2,wk inc flu hosp,2025-10-11,51,quantile,0.75,18.300265274523785
2025-09-20,2,wk inc flu hosp,2025-10-11,51,quantile,0.8,18.300265274523785
2025-09-20,2,wk inc flu hosp,2025-10-11,51,quantile,0.85,18.300265274523785
2025-09-20,2,wk inc flu hosp,2025-10-11,51,quantile,0.9,18.300265274523785
2025-09-20,2,wk inc flu hosp,2025-10-11,51,quantile,0.95,18.300265274523785
2025-09-20,2,wk inc flu hosp,2025-10-11,51,quantile,0.975,18.300265274523785
2025-09-20,2,wk inc flu hosp,2025-10-11,51,quantile,0.99,18.300265274523785
2025-09-27,2,wk inc flu hosp,2025-10-18,51,quantile,0.01,18.58735237965556
2025-09-27,2,wk inc flu hosp,2025-10-18,51,quantile,0.025,18.58735237965556
2025-09-27,2,wk inc flu hosp,2025-10-18,51,quantile,0.05,18.58735237965556
2025-09-27,2,wk inc flu hosp,2025-10-18,51,quantile,0.1,18.58735237965556
2025-09-27,2,wk inc flu hosp,2025-10-18,51,quantile,0.15,18.58735237965556
2025-09-27,2,wk inc flu hosp,2025-10-18,51,quantile,0.2,18.58735237965556
2025-09-27,2,wk inc flu hosp,2025-10-18,51,quantile,0.25,18.58735237965556
2025-09-27,2,wk inc flu hosp,2025-10-18,51,quantile,0.3,18.58735237965556
2025-09-27,2,wk inc flu hosp,2025-10-18,51,quantile,0.35,18.58735237965556
2025-09-27,2,wk inc flu hosp,2025-10-18,51,quantile,0.4,18.58735237965556
2025-09-27,2,wk inc flu hosp,2025-10-18,51,quantile,0.45,18.58735237965556
2025-09-27,2,wk inc flu hosp,2025-10-18,51,quantile,0.5,18.58735237965556
2025-09-27,2,wk inc flu hosp,2025-10-18,51,quantile,0.55,18.58735237965556
2025-09-27,2,wk inc flu hosp,2025-10-18,51,quantile,0.6,18.58735237965556
2025-09-27,2,wk inc flu hosp,2025-10-18,51,quantile,0.65,18.58735237965556
2025-09-27,2,wk inc flu hosp,2025-10-18,51,quantile,0.7,18.58735237965556
2025-09-27,2,wk inc flu hosp,2025-10-18,51,quantile,0.75,18.58735237965556
2025-09-27,2,wk inc flu hosp,2025-10-18,51,quantile,0.8,18.58735237965556
2025-09-27,2,wk inc flu hosp,2025-10-18,51,quantile,0.85,18.58735237965556
2025-09-27,2,wk inc flu hosp,2025-10-18,51,quantile,0.9,18.58735237965556
2025-09-27,2,wk inc flu hosp,2025-10-18,51,quantile,0.95,18.58735237965556
2025-09-27,2,wk inc flu hosp,2025-10-18,51,quantile,0.975,18.58735237965556
2025-09-27,2,wk inc flu hosp,2025-10-18,51,quantile,0.99,18.58735237965556
2025-10-04,2,wk inc flu hosp,2025-10-25,51,quantile,0.01,11.564962986989837
2025-10-04,2,wk inc flu hosp,2025-10-25,51,quantile,0.025,11.564962986989837
2025-10-04,2,wk inc flu hosp,2025-10-25,51,quantile,0.05,11.564962986989837
2025-10-04,2,wk inc flu hosp,2025-10-25,51,quantile,0.1,11.564962986989837
2025-10-04,2,wk inc flu hosp,2025-10-25,51,quantile,0.15,11.564962986989837
2025-10-04,2,wk inc flu hosp,2025-10-25,51,quantile,0.2,11.564962986989837
2025-10-04,2,wk inc flu hosp,2025-10-25,51,quantile,0.25,11.564962986989837
2025-10-04,2,wk inc flu hosp,2025-10-25,51,quantile,0.3,11.564962986989837
2025-10-04,2,wk inc flu hosp,2025-10-25,51,quantile,0.35,11.564962986989837
2025-10-04,2,wk inc flu hosp,2025-10-25,51,quantile,0.4,11.564962986989837
2025-10-04,2,wk inc flu hosp,2025-10-25,51,quantile,0.45,11.564962986989837
2025-10-04,2,wk inc flu hosp,2025-10-25,51,quantile,0.5,11.564962986989837
2025-10-04,2,wk inc flu hosp,2025-10-25,51,quantile,0.55,11.564962986989837
2025-10-04,2,wk inc flu hosp,2025-10-25,51,quantile,0.6,11.564962986989837
2025-10-04,2,wk inc flu hosp,2025-10-25,51,quantile,0.65,11.564962986989837
2025-10-04,2,wk inc flu hosp,2025-10-25,51,quantile,0.7,11.564962986989837
2025-10-04,2,wk inc flu hosp,2025-10-25,51,quantile,0.75,11.564962986989837
2025-10-04,2,wk inc flu hosp,2025-10-25,51,quantile,0.8,11.564962986989837
2025-10-04,2,wk inc flu hosp,2025-10-25,51,quantile,0.85,11.564962986989837
2025-10-04,2,wk inc flu hosp,2025-10-25,51,quantile,0.9,11.564962986989837
2025-10-04,2,wk inc flu hosp,2025-10-25,51,quantile,0.95,11.564962986989837
2025-10-04,2,wk inc flu hosp,2025-10-25,51,quantile,0.975,11.564962986989837
2025-10-04,2,wk inc flu hosp,2025-10-25,51,quantile,0.99,11.564962986989837
2025-10-11,2,wk inc flu hosp,2025-11-01,51,quantile,0.01,14.497505885176981
2025-10-11,2,wk inc flu hosp,2025-11-01,51,quantile,0.025,14.497505885176981
2025-10-11,2,wk inc flu hosp,2025-11-01,51,quantile,0.05,14.497505885176981
2025-10-11,2,wk inc flu hosp,2025-11-01,51,quantile,0.1,14.497505885176981
2025-10-11,2,wk inc flu hosp,2025-11-01,51,quantile,0.15,14.497505885176981
2025-10-11,2,wk inc flu hosp,2025-11-01,51,quantile,0.2,14.497505885176981
2025-10-11,2,wk inc flu hosp,2025-11-01,51,quantile,0.25,14.497505885176981
2025-10-11,2,wk inc flu hosp,2025-11-01,51,quantile,0.3,14.497505885176981
2025-10-11,2,wk inc flu hosp,2025-11-01,51,quantile,0.35,14.497505885176981
2025-10-11,2,wk inc flu hosp,2025-11-01,51,quantile,0.4,14.497505885176981
2025-10-11,2,wk inc flu hosp,2025-11-01,51,quantile,0.45,14.497505885176981
2025-10-11,2,wk inc flu hosp,2025-11-01,51,quantile,0.5,14.497505885176981
2025-10-11,2,wk inc flu hosp,2025-11-01,51,quantile,0.55,14.497505885176981
2025-10-11,2,wk inc flu hosp,2025-11-01,51,quantile,0.6,14.497505885176981
2025-10-11,2,wk inc flu hosp,2025-11-01,51,quantile,0.65,14.497505885176981
2025-10-11,2,wk inc flu hosp,2025-11-01,51,quantile,0.7,14.497505885176981
2025-10-11,2,wk inc flu hosp,2025-11-01,51,quantile,0.75,14.497505885176981
2025-10-11,2,wk inc flu hosp,2025-11-01,51,quantile,0.8,14.497505885176981
2025-10-11,2,wk inc flu hosp,2025-11-01,51,quantile,0.85,14.497505885176981
2025-10-11,2,wk inc flu hosp,2025-11-01,51,quantile,0.9,14.497505885176981
2025-10-11,2,wk inc flu hosp,2025-11-01,51,quantile,0.95,14.497505885176981
2025-10-11,2,wk inc flu hosp,2025-11-01,51,quantile,0.975,14.497505885176981
2025-10-11,2,wk inc flu hosp,2025-11-01,51,quantile,0.99,14.497505885176981
2025-10-18,2,wk inc flu hosp,2025-11-08,51,quantile,0.01,15.292206870434597
2025-10-18,2,wk inc flu hosp,2025-11-08,51,quantile,0.025,15.292206870434597
2025-10-18,2,wk inc flu hosp,2025-11-08,51,quantile,0.05,15.292206870434597
2025-10-18,2,wk inc flu hosp,2025-11-08,51,quantile,0.1,15.292206870434597
2025-10-18,2,wk inc flu hosp,2025-11-08,51,quantile,0.15,15.292206870434597
2025-10-18,2,wk inc flu hosp,2025-11-08,51,quantile,0.2,15.292206870434597
2025-10-18,2,wk inc flu hosp,2025-11-08,51,quantile,0.25,15.292206870434597
2025-10-18,2,wk inc flu hosp,2025-11-08,51,quantile,0.3,15.292206870434597
2025-10-18,2,wk inc flu hosp,2025-11-08,51,quantile,0.35,15.292206870434597
2025-10-18,2,wk inc flu hosp,2025-11-08,51,quantile,0.4,15.292206870434597
2025-10-18,2,wk inc flu hosp,2025-11-08,51,quantile,0.45,15.292206870434597
2025-10-18,2,wk inc flu hosp,2025-11-08,51,quantile,0.5,15.292206870434597
2025-10-18,2,wk inc flu hosp,2025-11-08,51,quantile,0.55,15.292206870434597
2025-10-18,2,wk inc flu hosp,2025-11-08,51,quantile,0.6,15.292206870434597
2025-10-18,2,wk inc flu hosp,2025-11-08,51,quantile,0.65,15.292206870434597
2025-10-18,2,wk inc flu hosp,2025-11-08,51,quantile,0.7,15.292206870434597
2025-10-18,2,wk inc flu hosp,2025-11-08,51,quantile,0.75,15.292206870434597
2025-10-18,2,wk inc flu hosp,2025-11-08,51,quantile,0.8,15.292206870434597
2025-10-18,2,wk inc flu hosp,2025-11-08,51,quantile,0.85,15.292206870434597
2025-10-18,2,wk inc flu hosp,2025-11-08,51,quantile,0.9,15.292206870434597
2025-10-18,2,wk inc flu hosp,2025-11-08,51,quantile,0.95,15.292206870434597
2025-10-18,2,wk inc flu hosp,2025-11-08,51,quantile,0.975,15.292206870434597
2025-10-18,2,wk inc flu hosp,2025-11-08,51,quantile,0.99,15.292206870434597
2025-10-25,2,wk inc flu hosp,2025-11-15,51,quantile,0.01,19.840100558613212
2025-10-25,2,wk inc flu hosp,2025-11-15,51,quantile,0.025,19.840100558613212
2025-10-25,2,wk inc flu hosp,2025-11-15,51,quantile,0.05,19.840100558613212
2025-10-25,2,wk inc flu hosp,2025-11-15,51,quantile,0.1,19.840100558613212
2025-10-25,2,wk inc flu hosp,2025-11-15,51,quantile,0.15,19.840100558613212
2025-10-25,2,wk inc flu hosp,2025-11-15,51,quantile,0.2,19.840100558613212
2025-10-25,2,wk inc flu hosp,2025-11-15,51,quantile,0.25,19.840100558613212
2025-10-25,2,wk inc flu hosp,2025-11-15,51,quantile,0.3,19.840100558613212
2025-10-25,2,wk inc flu hosp,2025-11-15,51,quantile,0.35,19.840100558613212
2025-10-25,2,wk inc flu hosp,2025-11-15,51,quantile,0.4,19.840100558613212
2025-10-25,2,wk inc flu hosp,2025-11-15,51,quantile,0.45,19.840100558613212
2025-10-25,2,wk inc flu hosp,2025-11-15,51,quantile,0.5,19.840100558613212
2025-10-25,2,wk inc flu hosp,2025-11-15,51,quantile,0.55,19.840100558613212
2025-10-25,2,wk inc flu hosp,2025-11-15,51,quantile,0.6,19.840100558613212
2025-10-25,2,wk inc flu hosp,2025-11-15,51,quantile,0.65,19.840100558613212
2025-10-25,2,wk inc flu hosp,2025-11-15,51,quantile,0.7,19.840100558613212
2025-10-25,2,wk inc flu hosp,2025-11-15,51,quantile,0.75,19.840100558613212
2025-10-25,2,wk inc flu hosp,2025-11-15,51,quantile,0.8,19.840100558613212
2025-10-25,2,wk inc flu hosp,2025-11-15,51,quantile,0.85,19.840100558613212
2025-10-25,2,wk inc flu hosp,2025-11-15,51,quantile,0.9,19.840100558613212
2025-10-25,2,wk inc flu hosp,2025-11-15,51,quantile,0.95,19.840100558613212
2025-10-25,2,wk inc flu hosp,2025-11-15,51,quantile,0.975,19.840100558613212
2025-10-25,2,wk inc flu hosp,2025-11-15,51,quantile,0.99,19.840100558613212
2025-11-01,2,wk inc flu hosp,2025-11-22,51,quantile,0.01,19.979393320287972
2025-11-01,2,wk inc flu hosp,2025-11-22,51,quantile,0.025,19.979393320287972
2025-11-01,2,wk inc flu hosp,2025-11-22,51,quantile,0.05,19.979393320287972
2025-11-01,2,wk inc flu hosp,2025-11-22,51,quantile,0.1,19.979393320287972
2025-11-01,2,wk inc flu hosp,2025-11-22,51,quantile,0.15,19.979393320287972
2025-11-01,2,wk inc flu hosp,2025-11-22,51,quantile,0.2,19.979393320287972
2025-11-01,2,wk inc flu hosp,2025-11-22,51,quantile,0.25,19.979393320287972
2025-11-01,2,wk inc flu hosp,2025-11-22,51,quantile,0.3,19.979393320287972
2025-11-01,2,wk inc flu hosp,2025-11-22,51,quantile,0.35,19.979393320287972
2025-11-01,2,wk inc flu hosp,2025-11-22,51,quantile,0.4,19.979393320287972
2025-11-01,2,wk inc flu hosp,2025-11-22,51,quantile,0.45,19.979393320287972
2025-11-01,2,wk inc flu hosp,2025-11-22,51,quantile,0.5,19.979393320287972
2025-11-01,2,wk inc flu hosp,2025-11-22,51,quantile,0.55,19.979393320287972
2025-11-01,2,wk inc flu hosp,2025-11-22,51,quantile,0.6,19.979393320287972
2025-11-01,2,wk inc flu hosp,2025-11-22,51,quantile,0.65,19.979393320287972
2025-11-01,2,wk inc flu hosp,2025-11-22,51,quantile,0.7,19.979393320287972
2025-11-01,2,wk inc flu hosp,2025-11-22,51,quantile,0.75,19.979393320287972
2025-11-01,2,wk inc flu hosp,2025-11-22,51,quantile,0.8,19.979393320287972
2025-11-01,2,wk inc flu hosp,2025-11-22,51,quantile,0.85,19.979393320287972
2025-11-01,2,wk inc flu hosp,2025-11-22,51,quantile,0.9,19.979393320287972
2025-11-01,2,wk inc flu hosp,2025-11-22,51,quantile,0.95,19.979393320287972
2025-11-01,2,wk inc flu hosp,2025-11-22,51,quantile,0.975,19.979393320287972
2025-11-01,2,wk inc flu hosp,2025-11-22,51,quantile,0.99,19.979393320287972
2025-09-20,2,wk inc flu hosp,2025-10-11,53,quantile,0.01,6.428283642356629
2025-09-20,2,wk inc flu hosp,2025-10-11,53,quantile,0.025,6.428283642356629
2025-09-20,2,wk inc flu hosp,2025-10-11,53,quantile,0.05,6.428283642356629
2025-09-20,2,wk inc flu hosp,2025-10-11,53,quantile,0.1,6.428283642356629
2025-09-20,2,wk inc flu hosp,2025-10-11,53,quantile,0.15,6.428283642356629
2025-09-20,2,wk inc flu hosp,2025-10-11,53,quantile,0.2,6.428283642356629
2025-09-20,2,wk inc flu hosp,2025-10-11,53,quantile,0.25,6.428283642356629
2025-09-20,2,wk inc flu hosp,2025-10-11,53,quantile,0.3,6.428283642356629
2025-09-20,2,wk inc flu hosp,2025-10-11,53,quantile,0.35,6.428283642356629
2025-09-20,2,wk inc flu hosp,2025-10-11,53,quantile,0.4,6.428283642356629
2025-09-20,2,wk inc flu hosp,2025-10-11,53,quantile,0.45,6.428283642356629
2025-09-20,2,wk inc flu hosp,2025-10-11,53,quantile,0.5,6.428283642356629
2025-09-20,2,wk inc flu hosp,2025-10-11,53,quantile,0.55,6.428283642356629
2025-09-20,2,wk inc flu hosp,2025-10-11,53,quantile,0.6,6.428283642356629
2025-09-20,2,wk inc flu hosp,2025-10-11,53,quantile,0.65,6.428283642356629
2025-09-20,2,wk inc flu hosp,2025-10-11,53,quantile,0.7,6.428283642356629
2025-09-20,2,wk inc flu hosp,2025-10-11,53,quantile,0.75,6.428283642356629
2025-09-20,2,wk inc flu hosp,2025-10-11,53,quantile,0.8,6.428283642356629
2025-09-20,2,wk inc flu hosp,2025-10-11,53,quantile,0.85,6.428283642356629
2025-09-20,2,wk inc flu hosp,2025-10-11,53,quantile,0.9,6.428283642356629
2025-09-20,2,wk inc flu hosp,2025-10-11,53,quantile,0.95,6.428283642356629
2025-09-20,2,wk inc flu hosp,2025-10-11,53,quantile,0.975,6.428283642356629
2025-09-20,2,wk inc flu hosp,2025-10-11,53,quantile,0.99,6.428283642356629
2025-09-27,2,wk inc flu hosp,2025-10-18,53,quantile,0.01,7.744603370501402
2025-09-27,2,wk inc flu hosp,2025-10-18,53,quantile,0.025,7.744603370501402
2025-09-27,2,wk inc flu hosp,2025-10-18,53,quantile,0.05,7.744603370501402
2025-09-27,2,wk inc flu hosp,2025-10-18,53,quantile,0.1,7.744603370501402
2025-09-27,2,wk inc flu hosp,2025-10-18,53,quantile,0.15,7.744603370501402
2025-09-27,2,wk inc flu hosp,2025-10-18,53,quantile,0.2,7.744603370501402
2025-09-27,2,wk inc flu hosp,2025-10-18,53,quantile,0.25,7.744603370501402
2025-09-27,2,wk inc flu hosp,2025-10-18,53,quantile,0.3,7.744603370501402
2025-09-27,2,wk inc flu hosp,2025-10-18,53,quantile,0.35,7.744603370501402
2025-09-27,2,wk inc flu hosp,2025-10-18,53,quantile,0.4,7.744603370501402
2025-09-27,2,wk inc flu hosp,2025-10-18,53,quantile,0.45,7.744603370501402
2025-09-27,2,wk inc flu hosp,2025-10-18,53,quantile,0.5,7.744603370501402
2025-09-27,2,wk inc flu hosp,2025-10-18,53,quantile,0.55,7.744603370501402
2025-09-27,2,wk inc flu hosp,2025-10-18,53,quantile,0.6,7.744603370501402
2025-09-27,2,wk inc flu hosp,2025-10-18,53,quantile,0.65,7.744603370501402
2025-09-27,2,wk inc flu hosp,2025-10-18,53,quantile,0.7,7.744603370501402
2025-09-27,2,wk inc flu hosp,2025-10-18,53,quantile,0.75,7.744603370501402
2025-09-27,2,wk inc flu hosp,2025-10-18,53,quantile,0.8,7.744603370501402
2025-09-27,2,wk inc flu hosp,2025-10-18,53,quantile,0.85,7.744603370501402
2025-09-27,2,wk inc flu hosp,2025-10-18,53,quantile,0.9,7.744603370501402
2025-09-27,2,wk inc flu hosp,2025-10-18,53,quantile,0.95,7.744603370501402
2025-09-27,2,wk inc flu hosp,2025-10-18,53,quantile,0.975,7.744603370501402
2025-09-27,2,wk inc flu hosp,2025-10-18,53,quantile,0.99,7.744603370501402
2025-10-04,2,wk inc flu hosp,2025-10-25,53,quantile,0.01,5.694931018506733
2025-10-04,2,wk inc flu hosp,2025-10-25,53,quantile,0.025,5.694931018506733
2025-10-04,2,wk inc flu hosp,2025-10-25,53,quantile,0.05,5.694931018506733
2025-10-04,2,wk inc flu hosp,2025-10-25,53,quantile,0.1,5.694931018506733
2025-10-04,2,wk inc flu hosp,2025-10-25,53,quantile,0.15,5.694931018506733
2025-10-04,2,wk inc flu hosp,2025-10-25,53,quantile,0.2,5.694931018506733
2025-10-04,2,wk inc flu hosp,2025-10-25,53,quantile,0.25,5.694931018506733
2025-10-04,2,wk inc flu hosp,2025-10-25,53,quantile,0.3,5.694931018506733
2025-10-04,2,wk inc flu hosp,2025-10-25,53,quantile,0.35,5.694931018506733
2025-10-04,2,wk inc flu hosp,2025-10-25,53,quantile,0.4,5.694931018506733
2025-10-04,2,wk inc flu hosp,2025-10-25,53,quantile,0.45,5.694931018506733
2025-10-04,2,wk inc flu hosp,2025-10-25,53,quantile,0.5,5.694931018506733
2025-10-04,2,wk inc flu hosp,2025-10-25,53,quantile,0.55,5.694931018506733
2025-10-04,2,wk inc flu hosp,2025-10-25,53,quantile,0.6,5.694931018506733
2025-10-04,2,wk inc flu hosp,2025-10-25,53,quantile,0.65,5.694931018506733
2025-10-04,2,wk inc flu hosp,2025-10-25,53,quantile,0.7,5.694931018506733
2025-10-04,2,wk inc flu hosp,2025-10-25,53,quantile,0.75,5.694931018506733
2025-10-04,2,wk inc flu hosp,2025-10-25,53,quantile,0.8,5.694931018506733
2025-10-04,2,wk inc flu hosp,2025-10-25,53,quantile,0.85,5.694931018506733
2025-10-04,2,wk inc flu hosp,2025-10-25,53,quantile,0.9,5.694931018506733
2025-10-04,2,wk inc flu hosp,2025-10-25,53,quantile,0.95,5.694931018506733
2025-10-04,2,wk inc flu hosp,2025-10-25,53,quantile,0.975,5.694931018506733
2025-10-04,2,wk inc flu hosp,2025-10-25,53,quantile,0.99,5.694931018506733
2025-10-11,2,wk inc flu hosp,2025-11-01,53,quantile,0.01,7.50463087252271
2025-10-11,2,wk inc flu hosp,2025-11-01,53,quantile,0.025,7.50463087252271
2025-10-11,2,wk inc flu hosp,2025-11-01,53,quantile,0.05,7.50463087252271
2025-10-11,2,wk inc flu hosp,2025-11-01,53,quantile,0.1,7.50463087252271
2025-10-11,2,wk inc flu hosp,2025-11-01,53,quantile,0.15,7.50463087252271
2025-10-11,2,wk inc flu hosp,2025-11-01,53,quantile,0.2,7.50463087252271
2025-10-11,2,wk inc flu hosp,2025-11-01,53,quantile,0.25,7.50463087252271
2025-10-11,2,wk inc flu hosp,2025-11-01,53,quantile,0.3,7.50463087252271
2025-10-11,2,wk inc flu hosp,2025-11-01,53,quantile,0.35,7.50463087252271
2025-10-11,2,wk inc flu hosp,2025-11-01,53,quantile,0.4,7.50463087252271
2025-10-11,2,wk inc flu hosp,2025-11-01,53,quantile,0.45,7.50463087252271
2025-10-11,2,wk inc flu hosp,2025-11-01,53,quantile,0.5,7.50463087252271
2025-10-11,2,wk inc flu hosp,2025-11-01,53,quantile,0.55,7.50463087252271
2025-10-11,2,wk inc flu hosp,2025-11-01,53,quantile,0.6,7.50463087252271
2025-10-11,2,wk inc flu hosp,2025-11-01,53,quantile,0.65,7.50463087252271
2025-10-11,2,wk inc flu hosp,2025-11-01,53,quantile,0.7,7.50463087252271
2025-10-11,2,wk inc flu hosp,2025-11-01,53,quantile,0.75,7.50463087252271
2025-10-11,2,wk inc flu hosp,2025-11-01,53,quantile,0.8,7.50463087252271
2025-10-11,2,wk inc flu hosp,2025-11-01,53,quantile,0.85,7.50463087252271
2025-10-11,2,wk inc flu hosp,2025-11-01,53,quantile,0.9,7.50463087252271
2025-10-11,2,wk inc flu hosp,2025-11-01,53,quantile,0.95,7.50463087252271
2025-10-11,2,wk inc flu hosp,2025-11-01,53,quantile,0.975,7.50463087252271
2025-10-11,2,wk inc flu hosp,2025-11-01,53,quantile,0.99,7.50463087252271
2025-10-18,2,wk inc flu hosp,2025-11-08,53,quantile,0.01,10.420932762339474
2025-10-18,2,wk inc flu hosp,2025-11-08,53,quantile,0.025,10.420932762339474
2025-10-18,2,wk inc flu hosp,2025-11-08,53,quantile,0.05,10.420932762339474
2025-10-18,2,wk inc flu hosp,2025-11-08,53,quantile,0.1,10.420932762339474
2025-10-18,2,wk inc flu hosp,2025-11-08,53,quantile,0.15,10.420932762339474
2025-10-18,2,wk inc flu hosp,2025-11-08,53,quantile,0.2,10.420932762339474
2025-10-18,2,wk inc flu hosp,2025-11-08,53,quantile,0.25,10.420932762339474
2025-10-18,2,wk inc flu hosp,2025-11-08,53,quantile,0.3,10.420932762339474
2025-10-18,2,wk inc flu hosp,2025-11-08,53,quantile,0.35,10.420932762339474
2025-10-18,2,wk inc flu hosp,2025-11-08,53,quantile,0.4,10.420932762339474
2025-10-18,2,wk inc flu hosp,2025-11-08,53,quantile,0.45,10.420932762339474
2025-10-18,2,wk inc flu hosp,2025-11-08,53,quantile,0.5,10.420932762339474
2025-10-18,2,wk inc flu hosp,2025-11-08,53,quantile,0.55,10.420932762339474
2025-10-18,2,wk inc flu hosp,2025-11-08,53,quantile,0.6,10.420932762339474
2025-10-18,2,wk inc flu hosp,2025-11-08,53,quantile,0.65,10.420932762339474
2025-10-18,2,wk inc flu hosp,2025-11-08,53,quantile,0.7,10.420932762339474
2025-10-18,2,wk inc flu hosp,2025-11-08,53,quantile,0.75,10.420932762339474
2025-10-18,2,wk inc flu hosp,2025-11-08,53,quantile,0.8,10.420932762339474
2025-10-18,2,wk inc flu hosp,2025-11-08,53,quantile,0.85,10.420932762339474
2025-10-18,2,wk inc flu hosp,2025-11-08,53,quantile,0.9,10.420932762339474
2025-10-18,2,wk inc flu hosp,2025-11-08,53,quantile,0.95,10.420932762339474
2025-10-18,2,wk inc flu hosp,2025-11-08,53,quantile,0.975,10.420932762339474
2025-10-18,2,wk inc flu hosp,2025-11-08,53,quantile,0.99,10.420932762339474
2025-10-25,2,wk inc flu hosp,2025-11-15,53,quantile,0.01,18.90590514149192
2025-10-25,2,wk inc flu hosp,2025-11-15,53,quantile,0.025,18.90590514149192
2025-10-25,2,wk inc flu hosp,2025-11-15,53,quantile,0.05,18.90590514149192
2025-10-25,2,wk inc flu hosp,2025-11-15,53,quantile,0.1,18.90590514149192
2025-10-25,2,wk inc flu hosp,2025-11-15,53,quantile,0.15,18.90590514149192
2025-10-25,2,wk inc flu hosp,2025-11-15,53,quantile,0.2,18.90590514149192
2025-10-25,2,wk inc flu hosp,2025-11-15,53,quantile,0.25,18.90590514149192
2025-10-25,2,wk inc flu hosp,2025-11-15,53,quantile,0.3,18.90590514149192
2025-10-25,2,wk inc flu hosp,2025-11-15,53,quantile,0.35,18.90590514149192
2025-10-25,2,wk inc flu hosp,2025-11-15,53,quantile,0.4,18.90590514149192
2025-10-25,2,wk inc flu hosp,2025-11-15,53,quantile,0.45,18.90590514149192
2025-10-25,2,wk inc flu hosp,2025-11-15,53,quantile,0.5,18.90590514149192
2025-10-25,2,wk inc flu hosp,2025-11-15,53,quantile,0.55,18.90590514149192
2025-10-25,2,wk inc flu hosp,2025-11-15,53,quantile,0.6,18.90590514149192
2025-10-25,2,wk inc flu hosp,2025-11-15,53,quantile,0.65,18.90590514149192
2025-10-25,2,wk inc flu hosp,2025-11-15,53,quantile,0.7,18.90590514149192
2025-10-25,2,wk inc flu hosp,2025-11-15,53,quantile,0.75,18.90590514149192
2025-10-25,2,wk inc flu hosp,2025-11-15,53,quantile,0.8,18.90590514149192
2025-10-25,2,wk inc flu hosp,2025-11-15,53,quantile,0.85,18.90590514149192
2025-10-25,2,wk inc flu hosp,2025-11-15,53,quantile,0.9,18.90590514149192
2025-10-25,2,wk inc flu hosp,2025-11-15,53,quantile,0.95,18.90590514149192
2025-10-25,2,wk inc flu hosp,2025-11-15,53,quantile,0.975,18.90590514149192
2025-10-25,2,wk inc flu hosp,2025-11-15,53,quantile,0.99,18.90590514149192
2025-11-01,2,wk inc flu hosp,2025-11-22,53,quantile,0.01,21.895736172308837
2025-11-01,2,wk inc flu hosp,2025-11-22,53,quantile,0.025,21.895736172308837
2025-11-01,2,wk inc flu hosp,2025-11-22,53,quantile,0.05,21.895736172308837
2025-11-01,2,wk inc flu hosp,2025-11-22,53,quantile,0.1,21.895736172308837
2025-11-01,2,wk inc flu hosp,2025-11-22,53,quantile,0.15,21.895736172308837
2025-11-01,2,wk inc flu hosp,2025-11-22,53,quantile,0.2,21.895736172308837
2025-11-01,2,wk inc flu hosp,2025-11-22,53,quantile,0.25,21.895736172308837
2025-11-01,2,wk inc flu hosp,2025-11-22,53,quantile,0.3,21.895736172308837
2025-11-01,2,wk inc flu hosp,2025-11-22,53,quantile,0.35,21.895736172308837
2025-11-01,2,wk inc flu hosp,2025-11-22,53,quantile,0.4,21.895736172308837
2025-11-01,2,wk inc flu hosp,2025-11-22,53,quantile,0.45,21.895736172308837
2025-11-01,2,wk inc flu hosp,2025-11-22,53,quantile,0.5,21.895736172308837
2025-11-01,2,wk inc flu hosp,2025-11-22,53,quantile,0.55,21.895736172308837
2025-11-01,2,wk inc flu hosp,2025-11-22,53,quantile,0.6,21.895736172308837
2025-11-01,2,wk inc flu hosp,2025-11-22,53,quantile,0.65,21.895736172308837
2025-11-01,2,wk inc flu hosp,2025-11-22,53,quantile,0.7,21.895736172308837
2025-11-01,2,wk inc flu hosp,2025-11-22,53,quantile,0.75,21.895736172308837
2025-11-01,2,wk inc flu hosp,2025-11-22,53,quantile,0.8,21.895736172308837
2025-11-01,2,wk inc flu hosp,2025-11-22,53,quantile,0.85,21.895736172308837
2025-11-01,2,wk inc flu hosp,2025-11-22,53,quantile,0.9,21.895736172308837
2025-11-01,2,wk inc flu hosp,2025-11-22,53,quantile,0.95,21.895736172308837
2025-11-01,2,wk inc flu hosp,2025-11-22,53,quantile,0.975,21.895736172308837
2025-11-01,2,wk inc flu hosp,2025-11-22,53,quantile,0.99,21.895736172308837
2025-09-20,2,wk inc flu hosp,2025-10-11,54,quantile,0.01,0.6637812459072053
2025-09-20,2,wk inc flu hosp,2025-10-11,54,quantile,0.025,0.6637812459072053
2025-09-20,2,wk inc flu hosp,2025-10-11,54,quantile,0.05,0.6637812459072053
2025-09-20,2,wk inc flu hosp,2025-10-11,54,quantile,0.1,0.6637812459072053
2025-09-20,2,wk inc flu hosp,2025-10-11,54,quantile,0.15,0.6637812459072053
2025-09-20,2,wk inc flu hosp,2025-10-11,54,quantile,0.2,0.6637812459072053
2025-09-20,2,wk inc flu hosp,2025-10-11,54,quantile,0.25,0.6637812459072053
2025-09-20,2,wk inc flu hosp,2025-10-11,54,quantile,0.3,0.6637812459072053
2025-09-20,2,wk inc flu hosp,2025-10-11,54,quantile,0.35,0.6637812459072053
2025-09-20,2,wk inc flu hosp,2025-10-11,54,quantile,0.4,0.6637812459072053
2025-09-20,2,wk inc flu hosp,2025-10-11,54,quantile,0.45,0.6637812459072053
2025-09-20,2,wk inc flu hosp,2025-10-11,54,quantile,0.5,0.6637812459072053
2025-09-20,2,wk inc flu hosp,2025-10-11,54,quantile,0.55,0.6637812459072053
2025-09-20,2,wk inc flu hosp,2025-10-11,54,quantile,0.6,0.6637812459072053
2025-09-20,2,wk inc flu hosp,2025-10-11,54,quantile,0.65,0.6637812459072053
2025-09-20,2,wk inc flu hosp,2025-10-11,54,quantile,0.7,0.6637812459072053
2025-09-20,2,wk inc flu hosp,2025-10-11,54,quantile,0.75,0.6637812459072053
2025-09-20,2,wk inc flu hosp,2025-10-11,54,quantile,0.8,0.6637812459072053
2025-09-20,2,wk inc flu hosp,2025-10-11,54,quantile,0.85,0.6637812459072053
2025-09-20,2,wk inc flu hosp,2025-10-11,54,quantile,0.9,0.6637812459072053
2025-09-20,2,wk inc flu hosp,2025-10-11,54,quantile,0.95,0.6637812459072053
2025-09-20,2,wk inc flu hosp,2025-10-11,54,quantile,0.975,0.6637812459072053
2025-09-20,2,wk inc flu hosp,2025-10-11,54,quantile,0.99,0.6637812459072053
2025-09-27,2,wk inc flu hosp,2025-10-18,54,quantile,0.01,1.3290849467143149
2025-09-27,2,wk inc flu hosp,2025-10-18,54,quantile,0.025,1.3290849467143149
2025-09-27,2,wk inc flu hosp,2025-10-18,54,quantile,0.05,1.3290849467143149
2025-09-27,2,wk inc flu hosp,2025-10-18,54,quantile,0.1,1.3290849467143149
2025-09-27,2,wk inc flu hosp,2025-10-18,54,quantile,0.15,1.3290849467143149
2025-09-27,2,wk inc flu hosp,2025-10-18,54,quantile,0.2,1.3290849467143149
2025-09-27,2,wk inc flu hosp,2025-10-18,54,quantile,0.25,1.3290849467143149
2025-09-27,2,wk inc flu hosp,2025-10-18,54,quantile,0.3,1.3290849467143149
2025-09-27,2,wk inc flu hosp,2025-10-18,54,quantile,0.35,1.3290849467143149
2025-09-27,2,wk inc flu hosp,2025-10-18,54,quantile,0.4,1.3290849467143149
2025-09-27,2,wk inc flu hosp,2025-10-18,54,quantile,0.45,1.3290849467143149
2025-09-27,2,wk inc flu hosp,2025-10-18,54,quantile,0.5,1.3290849467143149
2025-09-27,2,wk inc flu hosp,2025-10-18,54,quantile,0.55,1.3290849467143149
2025-09-27,2,wk inc flu hosp,2025-10-18,54,quantile,0.6,1.3290849467143149
2025-09-27,2,wk inc flu hosp,2025-10-18,54,quantile,0.65,1.3290849467143149
2025-09-27,2,wk inc flu hosp,2025-10-18,54,quantile,0.7,1.3290849467143149
2025-09-27,2,wk inc flu hosp,2025-10-18,54,quantile,0.75,1.3290849467143149
2025-09-27,2,wk inc flu hosp,2025-10-18,54,quantile,0.8,1.3290849467143149
2025-09-27,2,wk inc flu hosp,2025-10-18,54,quantile,0.85,1.3290849467143149
2025-09-27,2,wk inc flu hosp,2025-10-18,54,quantile,0.9,1.3290849467143149
2025-09-27,2,wk inc flu hosp,2025-10-18,54,quantile,0.95,1.3290849467143149
2025-09-27,2,wk inc flu hosp,2025-10-18,54,quantile,0.975,1.3290849467143149
2025-09-27,2,wk inc flu hosp,2025-10-18,54,quantile,0.99,1.3290849467143149
2025-10-04,2,wk inc flu hosp,2025-10-25,54,quantile,0.01,0.3324856736674115
2025-10-04,2,wk inc flu hosp,2025-10-25,54,quantile,0.025,0.3324856736674115
2025-10-04,2,wk inc flu hosp,2025-10-25,54,quantile,0.05,0.3324856736674115
2025-10-04,2,wk inc flu hosp,2025-10-25,54,quantile,0.1,0.3324856736674115
2025-10-04,2,wk inc flu hosp,2025-10-25,54,quantile,0.15,0.3324856736674115
2025-10-04,2,wk inc flu hosp,2025-10-25,54,quantile,0.2,0.3324856736674115
2025-10-04,2,wk inc flu hosp,2025-10-25,54,quantile,0.25,0.3324856736674115
2025-10-04,2,wk inc flu hosp,2025-10-25,54,quantile,0.3,0.3324856736674115
2025-10-04,2,wk inc flu hosp,2025-10-25,54,quantile,0.35,0.3324856736674115
2025-10-04,2,wk inc flu hosp,2025-10-25,54,quantile,0.4,0.3324856736674115
2025-10-04,2,wk inc flu hosp,2025-10-25,54,quantile,0.45,0.3324856736674115
2025-10-04,2,wk inc flu hosp,2025-10-25,54,quantile,0.5,0.3324856736674115
2025-10-04,2,wk inc flu hosp,2025-10-25,54,quantile,0.55,0.3324856736674115
2025-10-04,2,wk inc flu hosp,2025-10-25,54,quantile,0.6,0.3324856736674115
2025-10-04,2,wk inc flu hosp,2025-10-25,54,quantile,0.65,0.3324856736674115
2025-10-04,2,wk inc flu hosp,2025-10-25,54,quantile,0.7,0.3324856736674115
2025-10-04,2,wk inc flu hosp,2025-10-25,54,quantile,0.75,0.3324856736674115
2025-10-04,2,wk inc flu hosp,2025-10-25,54,quantile,0.8,0.3324856736674115
2025-10-04,2,wk inc flu hosp,2025-10-25,54,quantile,0.85,0.3324856736674115
2025-10-04,2,wk inc flu hosp,2025-10-25,54,quantile,0.9,0.3324856736674115
2025-10-04,2,wk inc flu hosp,2025-10-25,54,quantile,0.95,0.3324856736674115
2025-10-04,2,wk inc flu hosp,2025-10-25,54,quantile,0.975,0.3324856736674115
2025-10-04,2,wk inc flu hosp,2025-10-25,54,quantile,0.99,0.3324856736674115
2025-10-11,2,wk inc flu hosp,2025-11-01,54,quantile,0.01,2.6142788422279026
2025-10-11,2,wk inc flu hosp,2025-11-01,54,quantile,0.025,2.6142788422279026
2025-10-11,2,wk inc flu hosp,2025-11-01,54,quantile,0.05,2.6142788422279026
2025-10-11,2,wk inc flu hosp,2025-11-01,54,quantile,0.1,2.6142788422279026
2025-10-11,2,wk inc flu hosp,2025-11-01,54,quantile,0.15,2.6142788422279026
2025-10-11,2,wk inc flu hosp,2025-11-01,54,quantile,0.2,2.6142788422279026
2025-10-11,2,wk inc flu hosp,2025-11-01,54,quantile,0.25,2.6142788422279026
2025-10-11,2,wk inc flu hosp,2025-11-01,54,quantile,0.3,2.6142788422279026
2025-10-11,2,wk inc flu hosp,2025-11-01,54,quantile,0.35,2.6142788422279026
2025-10-11,2,wk inc flu hosp,2025-11-01,54,quantile,0.4,2.6142788422279026
2025-10-11,2,wk inc flu hosp,2025-11-01,54,quantile,0.45,2.6142788422279026
2025-10-11,2,wk inc flu hosp,2025-11-01,54,quantile,0.5,2.6142788422279026
2025-10-11,2,wk inc flu hosp,2025-11-01,54,quantile,0.55,2.6142788422279026
2025-10-11,2,wk inc flu hosp,2025-11-01,54,quantile,0.6,2.6142788422279026
2025-10-11,2,wk inc flu hosp,2025-11-01,54,quantile,0.65,2.6142788422279026
2025-10-11,2,wk inc flu hosp,2025-11-01,54,quantile,0.7,2.6142788422279026
2025-10-11,2,wk inc flu hosp,2025-11-01,54,quantile,0.75,2.6142788422279026
2025-10-11,2,wk inc flu hosp,2025-11-01,54,quantile,0.8,2.6142788422279026
2025-10-11,2,wk inc flu hosp,2025-11-01,54,quantile,0.85,2.6142788422279026
2025-10-11,2,wk inc flu hosp,2025-11-01,54,quantile,0.9,2.6142788422279026
2025-10-11,2,wk inc flu hosp,2025-11-01,54,quantile,0.95,2.6142788422279026
2025-10-11,2,wk inc flu hosp,2025-11-01,54,quantile,0.975,2.6142788422279026
2025-10-11,2,wk inc flu hosp,2025-11-01,54,quantile,0.99,2.6142788422279026
2025-10-18,2,wk inc flu hosp,2025-11-08,54,quantile,0.01,1.433006718388793
2025-10-18,2,wk inc flu hosp,2025-11-08,54,quantile,0.025,1.433006718388793
2025-10-18,2,wk inc flu hosp,2025-11-08,54,quantile,0.05,1.433006718388793
2025-10-18,2,wk inc flu hosp,2025-11-08,54,quantile,0.1,1.433006718388793
2025-10-18,2,wk inc flu hosp,2025-11-08,54,quantile,0.15,1.433006718388793
2025-10-18,2,wk inc flu hosp,2025-11-08,54,quantile,0.2,1.433006718388793
2025-10-18,2,wk inc flu hosp,2025-11-08,54,quantile,0.25,1.433006718388793
2025-10-18,2,wk inc flu hosp,2025-11-08,54,quantile,0.3,1.433006718388793
2025-10-18,2,wk inc flu hosp,2025-11-08,54,quantile,0.35,1.433006718388793
2025-10-18,2,wk inc flu hosp,2025-11-08,54,quantile,0.4,1.433006718388793
2025-10-18,2,wk inc flu hosp,2025-11-08,54,quantile,0.45,1.433006718388793
2025-10-18,2,wk inc flu hosp,2025-11-08,54,quantile,0.5,1.433006718388793
2025-10-18,2,wk inc flu hosp,2025-11-08,54,quantile,0.55,1.433006718388793
2025-10-18,2,wk inc flu hosp,2025-11-08,54,quantile,0.6,1.433006718388793
2025-10-18,2,wk inc flu hosp,2025-11-08,54,quantile,0.65,1.433006718388793
2025-10-18,2,wk inc flu hosp,2025-11-08,54,quantile,0.7,1.433006718388793
2025-10-18,2,wk inc flu hosp,2025-11-08,54,quantile,0.75,1.433006718388793
2025-10-18,2,wk inc flu hosp,2025-11-08,54,quantile,0.8,1.433006718388793
2025-10-18,2,wk inc flu hosp,2025-11-08,54,quantile,0.85,1.433006718388793
2025-10-18,2,wk inc flu hosp,2025-11-08,54,quantile,0.9,1.433006718388793
2025-10-18,2,wk inc flu hosp,2025-11-08,54,quantile,0.95,1.433006718388793
2025-10-18,2,wk inc flu hosp,2025-11-08,54,quantile,0.975,1.433006718388793
2025-10-18,2,wk inc flu hosp,2025-11-08,54,quantile,0.99,1.433006718388793
2025-10-25,2,wk inc flu hosp,2025-11-15,54,quantile,0.01,1.134632603032295
2025-10-25,2,wk inc flu hosp,2025-11-15,54,quantile,0.025,1.134632603032295
2025-10-25,2,wk inc flu hosp,2025-11-15,54,quantile,0.05,1.134632603032295
2025-10-25,2,wk inc flu hosp,2025-11-15,54,quantile,0.1,1.134632603032295
2025-10-25,2,wk inc flu hosp,2025-11-15,54,quantile,0.15,1.134632603032295
2025-10-25,2,wk inc flu hosp,2025-11-15,54,quantile,0.2,1.134632603032295
2025-10-25,2,wk inc flu hosp,2025-11-15,54,quantile,0.25,1.134632603032295
2025-10-25,2,wk inc flu hosp,2025-11-15,54,quantile,0.3,1.134632603032295
2025-10-25,2,wk inc flu hosp,2025-11-15,54,quantile,0.35,1.134632603032295
2025-10-25,2,wk inc flu hosp,2025-11-15,54,quantile,0.4,1.134632603032295
2025-10-25,2,wk inc flu hosp,2025-11-15,54,quantile,0.45,1.134632603032295
2025-10-25,2,wk inc flu hosp,2025-11-15,54,quantile,0.5,1.134632603032295
2025-10-25,2,wk inc flu hosp,2025-11-15,54,quantile,0.55,1.134632603032295
2025-10-25,2,wk inc flu hosp,2025-11-15,54,quantile,0.6,1.134632603032295
2025-10-25,2,wk inc flu hosp,2025-11-15,54,quantile,0.65,1.134632603032295
2025-10-25,2,wk inc flu hosp,2025-11-15,54,quantile,0.7,1.134632603032295
2025-10-25,2,wk inc flu hosp,2025-11-15,54,quantile,0.75,1.134632603032295
2025-10-25,2,wk inc flu hosp,2025-11-15,54,quantile,0.8,1.134632603032295
2025-10-25,2,wk inc flu hosp,2025-11-15,54,quantile,0.85,1.134632603032295
2025-10-25,2,wk inc flu hosp,2025-11-15,54,quantile,0.9,1.134632603032295
2025-10-25,2,wk inc flu hosp,2025-11-15,54,quantile,0.95,1.134632603032295
2025-10-25,2,wk inc flu hosp,2025-11-15,54,quantile,0.975,1.134632603032295
2025-10-25,2,wk inc flu hosp,2025-11-15,54,quantile,0.99,1.134632603032295
2025-11-01,2,wk inc flu hosp,2025-11-22,54,quantile,0.01,0.3333333333333333
2025-11-01,2,wk inc flu hosp,2025-11-22,54,quantile,0.025,0.3333333333333333
2025-11-01,2,wk inc flu hosp,2025-11-22,54,quantile,0.05,0.3333333333333333
2025-11-01,2,wk inc flu hosp,2025-11-22,54,quantile,0.1,0.3333333333333333
2025-11-01,2,wk inc flu hosp,2025-11-22,54,quantile,0.15,0.3333333333333333
2025-11-01,2,wk inc flu hosp,2025-11-22,54,quantile,0.2,0.3333333333333333
2025-11-01,2,wk inc flu hosp,2025-11-22,54,quantile,0.25,0.3333333333333333
2025-11-01,2,wk inc flu hosp,2025-11-22,54,quantile,0.3,0.3333333333333333
2025-11-01,2,wk inc flu hosp,2025-11-22,54,quantile,0.35,0.3333333333333333
2025-11-01,2,wk inc flu hosp,2025-11-22,54,quantile,0.4,0.3333333333333333
2025-11-01,2,wk inc flu hosp,2025-11-22,54,quantile,0.45,0.3333333333333333
2025-11-01,2,wk inc flu hosp,2025-11-22,54,quantile,0.5,0.3333333333333333
2025-11-01,2,wk inc flu hosp,2025-11-22,54,quantile,0.55,0.3333333333333333
2025-11-01,2,wk inc flu hosp,2025-11-22,54,quantile,0.6,0.3333333333333333
2025-11-01,2,wk inc flu hosp,2025-11-22,54,quantile,0.65,0.3333333333333333
2025-11-01,2,wk inc flu hosp,2025-11-22,54,quantile,0.7,0.3333333333333333
2025-11-01,2,wk inc flu hosp,2025-11-22,54,quantile,0.75,0.3333333333333333
2025-11-01,2,wk inc flu hosp,2025-11-22,54,quantile,0.8,0.3333333333333333
2025-11-01,2,wk inc flu hosp,2025-11-22,54,quantile,0.85,0.3333333333333333
2025-11-01,2,wk inc flu hosp,2025-11-22,54,quantile,0.9,0.3333333333333333
2025-11-01,2,wk inc flu hosp,2025-11-22,54,quantile,0.95,0.3333333333333333
2025-11-01,2,wk inc flu hosp,2025-11-22,54,quantile,0.975,0.3333333333333333
2025-11-01,2,wk inc flu hosp,2025-11-22,54,quantile,0.99,0.3333333333333333
2025-09-20,2,wk inc flu hosp,2025-10-11,55,quantile,0.01,4.136962092806894
2025-09-20,2,wk inc flu hosp,2025-10-11,55,quantile,0.025,4.136962092806894
2025-09-20,2,wk inc flu hosp,2025-10-11,55,quantile,0.05,4.136962092806894
2025-09-20,2,wk inc flu hosp,2025-10-11,55,quantile,0.1,4.136962092806894
2025-09-20,2,wk inc flu hosp,2025-10-11,55,quantile,0.15,4.136962092806894
2025-09-20,2,wk inc flu hosp,2025-10-11,55,quantile,0.2,4.136962092806894
2025-09-20,2,wk inc flu hosp,2025-10-11,55,quantile,0.25,4.136962092806894
2025-09-20,2,wk inc flu hosp,2025-10-11,55,quantile,0.3,4.136962092806894
2025-09-20,2,wk inc flu hosp,2025-10-11,55,quantile,0.35,4.136962092806894
2025-09-20,2,wk inc flu hosp,2025-10-11,55,quantile,0.4,4.136962092806894
2025-09-20,2,wk inc flu hosp,2025-10-11,55,quantile,0.45,4.136962092806894
2025-09-20,2,wk inc flu hosp,2025-10-11,55,quantile,0.5,4.136962092806894
2025-09-20,2,wk inc flu hosp,2025-10-11,55,quantile,0.55,4.136962092806894
2025-09-20,2,wk inc flu hosp,2025-10-11,55,quantile,0.6,4.136962092806894
2025-09-20,2,wk inc flu hosp,2025-10-11,55,quantile,0.65,4.136962092806894
2025-09-20,2,wk inc flu hosp,2025-10-11,55,quantile,0.7,4.136962092806894
2025-09-20,2,wk inc flu hosp,2025-10-11,55,quantile,0.75,4.136962092806894
2025-09-20,2,wk inc flu hosp,2025-10-11,55,quantile,0.8,4.136962092806894
2025-09-20,2,wk inc flu hosp,2025-10-11,55,quantile,0.85,4.136962092806894
2025-09-20,2,wk inc flu hosp,2025-10-11,55,quantile,0.9,4.136962092806894
2025-09-20,2,wk inc flu hosp,2025-10-11,55,quantile,0.95,4.136962092806894
2025-09-20,2,wk inc flu hosp,2025-10-11,55,quantile,0.975,4.136962092806894
2025-09-20,2,wk inc flu hosp,2025-10-11,55,quantile,0.99,4.136962092806894
2025-09-27,2,wk inc flu hosp,2025-10-18,55,quantile,0.01,4.818059229377142
2025-09-27,2,wk inc flu hosp,2025-10-18,55,quantile,0.025,4.818059229377142
2025-09-27,2,wk inc flu hosp,2025-10-18,55,quantile,0.05,4.818059229377142
2025-09-27,2,wk inc flu hosp,2025-10-18,55,quantile,0.1,4.818059229377142
2025-09-27,2,wk inc flu hosp,2025-10-18,55,quantile,0.15,4.818059229377142
2025-09-27,2,wk inc flu hosp,2025-10-18,55,quantile,0.2,4.818059229377142
2025-09-27,2,wk inc flu hosp,2025-10-18,55,quantile,0.25,4.818059229377142
2025-09-27,2,wk inc flu hosp,2025-10-18,55,quantile,0.3,4.818059229377142
2025-09-27,2,wk inc flu hosp,2025-10-18,55,quantile,0.35,4.818059229377142
2025-09-27,2,wk inc flu hosp,2025-10-18,55,quantile,0.4,4.818059229377142
2025-09-27,2,wk inc flu hosp,2025-10-18,55,quantile,0.45,4.818059229377142
2025-09-27,2,wk inc flu hosp,2025-10-18,55,quantile,0.5,4.818059229377142
2025-09-27,2,wk inc flu hosp,2025-10-18,55,quantile,0.55,4.818059229377142
2025-09-27,2,wk inc flu hosp,2025-10-18,55,quantile,0.6,4.818059229377142
2025-09-27,2,wk inc flu hosp,2025-10-18,55,quantile,0.65,4.818059229377142
2025-09-27,2,wk inc flu hosp,2025-10-18,55,quantile,0.7,4.818059229377142
2025-09-27,2,wk inc flu hosp,2025-10-18,55,quantile,0.75,4.818059229377142
2025-09-27,2,wk inc flu hosp,2025-10-18,55,quantile,0.8,4.818059229377142
2025-09-27,2,wk inc flu hosp,2025-10-18,55,quantile,0.85,4.818059229377142
2025-09-27,2,wk inc flu hosp,2025-10-18,55,quantile,0.9,4.818059229377142
2025-09-27,2,wk inc flu hosp,2025-10-18,55,quantile,0.95,4.818059229377142
2025-09-27,2,wk inc flu hosp,2025-10-18,55,quantile,0.975,4.818059229377142
2025-09-27,2,wk inc flu hosp,2025-10-18,55,quantile,0.99,4.818059229377142
2025-10-04,2,wk inc flu hosp,2025-10-25,55,quantile,0.01,5.372183360923116
2025-10-04,2,wk inc flu hosp,2025-10-25,55,quantile,0.025,5.372183360923116
2025-10-04,2,wk inc flu hosp,2025-10-25,55,quantile,0.05,5.372183360923116
2025-10-04,2,wk inc flu hosp,2025-10-25,55,quantile,0.1,5.372183360923116
2025-10-04,2,wk inc flu hosp,2025-10-25,55,quantile,0.15,5.372183360923116
2025-10-04,2,wk inc flu hosp,2025-10-25,55,quantile,0.2,5.372183360923116
2025-10-04,2,wk inc flu hosp,2025-10-25,55,quantile,0.25,5.372183360923116
2025-10-04,2,wk inc flu hosp,2025-10-25,55,quantile,0.3,5.372183360923116
2025-10-04,2,wk inc flu hosp,2025-10-25,55,quantile,0.35,5.372183360923116
2025-10-04,2,wk inc flu hosp,2025-10-25,55,quantile,0.4,5.372183360923116
2025-10-04,2,wk inc flu hosp,2025-10-25,55,quantile,0.45,5.372183360923116
2025-10-04,2,wk inc flu hosp,2025-10-25,55,quantile,0.5,5.372183360923116
2025-10-04,2,wk inc flu hosp,2025-10-25,55,quantile,0.55,5.372183360923116
2025-10-04,2,wk inc flu hosp,2025-10-25,55,quantile,0.6,5.372183360923116
2025-10-04,2,wk inc flu hosp,2025-10-25,55,quantile,0.65,5.372183360923116
2025-10-04,2,wk inc flu hosp,2025-10-25,55,quantile,0.7,5.372183360923116
2025-10-04,2,wk inc flu hosp,2025-10-25,55,quantile,0.75,5.372183360923116
2025-10-04,2,wk inc flu hosp,2025-10-25,55,quantile,0.8,5.372183360923116
2025-10-04,2,wk inc flu hosp,2025-10-25,55,quantile,0.85,5.372183360923116
2025-10-04,2,wk inc flu hosp,2025-10-25,55,quantile,0.9,5.372183360923116
2025-10-04,2,wk inc flu hosp,2025-10-25,55,quantile,0.95,5.372183360923116
2025-10-04,2,wk inc flu hosp,2025-10-25,55,quantile,0.975,5.372183360923116
2025-10-04,2,wk inc flu hosp,2025-10-25,55,quantile,0.99,5.372183360923116
2025-10-11,2,wk inc flu hosp,2025-11-01,55,quantile,0.01,3.4251544289710325
2025-10-11,2,wk inc flu hosp,2025-11-01,55,quantile,0.025,3.4251544289710325
2025-10-11,2,wk inc flu hosp,2025-11-01,55,quantile,0.05,3.4251544289710325
2025-10-11,2,wk inc flu hosp,2025-11-01,55,quantile,0.1,3.4251544289710325
2025-10-11,2,wk inc flu hosp,2025-11-01,55,quantile,0.15,3.4251544289710325
2025-10-11,2,wk inc flu hosp,2025-11-01,55,quantile,0.2,3.4251544289710325
2025-10-11,2,wk inc flu hosp,2025-11-01,55,quantile,0.25,3.4251544289710325
2025-10-11,2,wk inc flu hosp,2025-11-01,55,quantile,0.3,3.4251544289710325
2025-10-11,2,wk inc flu hosp,2025-11-01,55,quantile,0.35,3.4251544289710325
2025-10-11,2,wk inc flu hosp,2025-11-01,55,quantile,0.4,3.4251544289710325
2025-10-11,2,wk inc flu hosp,2025-11-01,55,quantile,0.45,3.4251544289710325
2025-10-11,2,wk inc flu hosp,2025-11-01,55,quantile,0.5,3.4251544289710325
2025-10-11,2,wk inc flu hosp,2025-11-01,55,quantile,0.55,3.4251544289710325
2025-10-11,2,wk inc flu hosp,2025-11-01,55,quantile,0.6,3.4251544289710325
2025-10-11,2,wk inc flu hosp,2025-11-01,55,quantile,0.65,3.4251544289710325
2025-10-11,2,wk inc flu hosp,2025-11-01,55,quantile,0.7,3.4251544289710325
2025-10-11,2,wk inc flu hosp,2025-11-01,55,quantile,0.75,3.4251544289710325
2025-10-11,2,wk inc flu hosp,2025-11-01,55,quantile,0.8,3.4251544289710325
2025-10-11,2,wk inc flu hosp,2025-11-01,55,quantile,0.85,3.4251544289710325
2025-10-11,2,wk inc flu hosp,2025-11-01,55,quantile,0.9,3.4251544289710325
2025-10-11,2,wk inc flu hosp,2025-11-01,55,quantile,0.95,3.4251544289710325
2025-10-11,2,wk inc flu hosp,2025-11-01,55,quantile,0.975,3.4251544289710325
2025-10-11,2,wk inc flu hosp,2025-11-01,55,quantile,0.99,3.4251544289710325
2025-10-18,2,wk inc flu hosp,2025-11-08,55,quantile,0.01,10.460330780137848
2025-10-18,2,wk inc flu hosp,2025-11-08,55,quantile,0.025,10.460330780137848
2025-10-18,2,wk inc flu hosp,2025-11-08,55,quantile,0.05,10.460330780137848
2025-10-18,2,wk inc flu hosp,2025-11-08,55,quantile,0.1,10.460330780137848
2025-10-18,2,wk inc flu hosp,2025-11-08,55,quantile,0.15,10.460330780137848
2025-10-18,2,wk inc flu hosp,2025-11-08,55,quantile,0.2,10.460330780137848
2025-10-18,2,wk inc flu hosp,2025-11-08,55,quantile,0.25,10.460330780137848
2025-10-18,2,wk inc flu hosp,2025-11-08,55,quantile,0.3,10.460330780137848
2025-10-18,2,wk inc flu hosp,2025-11-08,55,quantile,0.35,10.460330780137848
2025-10-18,2,wk inc flu hosp,2025-11-08,55,quantile,0.4,10.460330780137848
2025-10-18,2,wk inc flu hosp,2025-11-08,55,quantile,0.45,10.460330780137848
2025-10-18,2,wk inc flu hosp,2025-11-08,55,quantile,0.5,10.460330780137848
2025-10-18,2,wk inc flu hosp,2025-11-08,55,quantile,0.55,10.460330780137848
2025-10-18,2,wk inc flu hosp,2025-11-08,55,quantile,0.6,10.460330780137848
2025-10-18,2,wk inc flu hosp,2025-11-08,55,quantile,0.65,10.460330780137848
2025-10-18,2,wk inc flu hosp,2025-11-08,55,quantile,0.7,10.460330780137848
2025-10-18,2,wk inc flu hosp,2025-11-08,55,quantile,0.75,10.460330780137848
2025-10-18,2,wk inc flu hosp,2025-11-08,55,quantile,0.8,10.460330780137848
2025-10-18,2,wk inc flu hosp,2025-11-08,55,quantile,0.85,10.460330780137848
2025-10-18,2,wk inc flu hosp,2025-11-08,55,quantile,0.9,10.460330780137848
2025-10-18,2,wk inc flu hosp,2025-11-08,55,quantile,0.95,10.460330780137848
2025-10-18,2,wk inc flu hosp,2025-11-08,55,quantile,0.975,10.460330780137848
2025-10-18,2,wk inc flu hosp,2025-11-08,55,quantile,0.99,10.460330780137848
2025-10-25,2,wk inc flu hosp,2025-11-15,55,quantile,0.01,7.495081324947616
2025-10-25,2,wk inc flu hosp,2025-11-15,55,quantile,0.025,7.495081324947616
2025-10-25,2,wk inc flu hosp,2025-11-15,55,quantile,0.05,7.495081324947616
2025-10-25,2,wk inc flu hosp,2025-11-15,55,quantile,0.1,7.495081324947616
2025-10-25,2,wk inc flu hosp,2025-11-15,55,quantile,0.15,7.495081324947616
2025-10-25,2,wk inc flu hosp,2025-11-15,55,quantile,0.2,7.495081324947616
2025-10-25,2,wk inc flu hosp,2025-11-15,55,quantile,0.25,7.495081324947616
2025-10-25,2,wk inc flu hosp,2025-11-15,55,quantile,0.3,7.495081324947616
2025-10-25,2,wk inc flu hosp,2025-11-15,55,quantile,0.35,7.495081324947616
2025-10-25,2,wk inc flu hosp,2025-11-15,55,quantile,0.4,7.495081324947616
2025-10-25,2,wk inc flu hosp,2025-11-15,55,quantile,0.45,7.495081324947616
2025-10-25,2,wk inc flu hosp,2025-11-15,55,quantile,0.5,7.495081324947616
2025-10-25,2,wk inc flu hosp,2025-11-15,55,quantile,0.55,7.495081324947616
2025-10-25,2,wk inc flu hosp,2025-11-15,55,quantile,0.6,7.495081324947616
2025-10-25,2,wk inc flu hosp,2025-11-15,55,quantile,0.65,7.495081324947616
2025-10-25,2,wk inc flu hosp,2025-11-15,55,quantile,0.7,7.495081324947616
2025-10-25,2,wk inc flu hosp,2025-11-15,55,quantile,0.75,7.495081324947616
2025-10-25,2,wk inc flu hosp,2025-11-15,55,quantile,0.8,7.495081324947616
2025-10-25,2,wk inc flu hosp,2025-11-15,55,quantile,0.85,7.495081324947616
2025-10-25,2,wk inc flu hosp,2025-11-15,55,quantile,0.9,7.495081324947616
2025-10-25,2,wk inc flu hosp,2025-11-15,55,quantile,0.95,7.495081324947616
2025-10-25,2,wk inc flu hosp,2025-11-15,55,quantile,0.975,7.495081324947616
2025-10-25,2,wk inc flu hosp,2025-11-15,55,quantile,0.99,7.495081324947616
2025-11-01,2,wk inc flu hosp,2025-11-22,55,quantile,0.01,3.877175849379489
2025-11-01,2,wk inc flu hosp,2025-11-22,55,quantile,0.025,3.877175849379489
2025-11-01,2,wk inc flu hosp,2025-11-22,55,quantile,0.05,3.877175849379489
2025-11-01,2,wk inc flu hosp,2025-11-22,55,quantile,0.1,3.877175849379489
2025-11-01,2,wk inc flu hosp,2025-11-22,55,quantile,0.15,3.877175849379489
2025-11-01,2,wk inc flu hosp,2025-11-22,55,quantile,0.2,3.877175849379489
2025-11-01,2,wk inc flu hosp,2025-11-22,55,quantile,0.25,3.877175849379489
2025-11-01,2,wk inc flu hosp,2025-11-22,55,quantile,0.3,3.877175849379489
2025-11-01,2,wk inc flu hosp,2025-11-22,55,quantile,0.35,3.877175849379489
2025-11-01,2,wk inc flu hosp,2025-11-22,55,quantile,0.4,3.877175849379489
2025-11-01,2,wk inc flu hosp,2025-11-22,55,quantile,0.45,3.877175849379489
2025-11-01,2,wk inc flu hosp,2025-11-22,55,quantile,0.5,3.877175849379489
2025-11-01,2,wk inc flu hosp,2025-11-22,55,quantile,0.55,3.877175849379489
2025-11-01,2,wk inc flu hosp,2025-11-22,55,quantile,0.6,3.877175849379489
2025-11-01,2,wk inc flu hosp,2025-11-22,55,quantile,0.65,3.877175849379489
2025-11-01,2,wk inc flu hosp,2025-11-22,55,quantile,0.7,3.877175849379489
2025-11-01,2,wk inc flu hosp,2025-11-22,55,quantile,0.75,3.877175849379489
2025-11-01,2,wk inc flu hosp,2025-11-22,55,quantile,0.8,3.877175849379489
2025-11-01,2,wk inc flu hosp,2025-11-22,55,quantile,0.85,3.877175849379489
2025-11-01,2,wk inc flu hosp,2025-11-22,55,quantile,0.9,3.877175849379489
2025-11-01,2,wk inc flu hosp,2025-11-22,55,quantile,0.95,3.877175849379489
2025-11-01,2,wk inc flu hosp,2025-11-22,55,quantile,0.975,3.877175849379489
2025-11-01,2,wk inc flu hosp,2025-11-22,55,quantile,0.99,3.877175849379489
2025-09-20,2,wk inc flu hosp,2025-10-11,56,quantile,0.01,1.2478791854601243
2025-09-20,2,wk inc flu hosp,2025-10-11,56,quantile,0.025,1.2478791854601243
2025-09-20,2,wk inc flu hosp,2025-10-11,56,quantile,0.05,1.2478791854601243
2025-09-20,2,wk inc flu hosp,2025-10-11,56,quantile,0.1,1.2478791854601243
2025-09-20,2,wk inc flu hosp,2025-10-11,56,quantile,0.15,1.2478791854601243
2025-09-20,2,wk inc flu hosp,2025-10-11,56,quantile,0.2,1.2478791854601243
2025-09-20,2,wk inc flu hosp,2025-10-11,56,quantile,0.25,1.2478791854601243
2025-09-20,2,wk inc flu hosp,2025-10-11,56,quantile,0.3,1.2478791854601243
2025-09-20,2,wk inc flu hosp,2025-10-11,56,quantile,0.35,1.2478791854601243
2025-09-20,2,wk inc flu hosp,2025-10-11,56,quantile,0.4,1.2478791854601243
2025-09-20,2,wk inc flu hosp,2025-10-11,56,quantile,0.45,1.2478791854601243
2025-09-20,2,wk inc flu hosp,2025-10-11,56,quantile,0.5,1.2478791854601243
2025-09-20,2,wk inc flu hosp,2025-10-11,56,quantile,0.55,1.2478791854601243
2025-09-20,2,wk inc flu hosp,2025-10-11,56,quantile,0.6,1.2478791854601243
2025-09-20,2,wk inc flu hosp,2025-10-11,56,quantile,0.65,1.2478791854601243
2025-09-20,2,wk inc flu hosp,2025-10-11,56,quantile,0.7,1.2478791854601243
2025-09-20,2,wk inc flu hosp,2025-10-11,56,quantile,0.75,1.2478791854601243
2025-09-20,2,wk inc flu hosp,2025-10-11,56,quantile,0.8,1.2478791854601243
2025-09-20,2,wk inc flu hosp,2025-10-11,56,quantile,0.85,1.2478791854601243
2025-09-20,2,wk inc flu hosp,2025-10-11,56,quantile,0.9,1.2478791854601243
2025-09-20,2,wk inc flu hosp,2025-10-11,56,quantile,0.95,1.2478791854601243
2025-09-20,2,wk inc flu hosp,2025-10-11,56,quantile,0.975,1.2478791854601243
2025-09-20,2,wk inc flu hosp,2025-10-11,56,quantile,0.99,1.2478791854601243
2025-09-27,2,wk inc flu hosp,2025-10-18,56,quantile,0.01,0.6851652737855132
2025-09-27,2,wk inc flu hosp,2025-10-18,56,quantile,0.025,0.6851652737855132
2025-09-27,2,wk inc flu hosp,2025-10-18,56,quantile,0.05,0.6851652737855132
2025-09-27,2,wk inc flu hosp,2025-10-18,56,quantile,0.1,0.6851652737855132
2025-09-27,2,wk inc flu hosp,2025-10-18,56,quantile,0.15,0.6851652737855132
2025-09-27,2,wk inc flu hosp,2025-10-18,56,quantile,0.2,0.6851652737855132
2025-09-27,2,wk inc flu hosp,2025-10-18,56,quantile,0.25,0.6851652737855132
2025-09-27,2,wk inc flu hosp,2025-10-18,56,quantile,0.3,0.6851652737855132
2025-09-27,2,wk inc flu hosp,2025-10-18,56,quantile,0.35,0.6851652737855132
2025-09-27,2,wk inc flu hosp,2025-10-18,56,quantile,0.4,0.6851652737855132
2025-09-27,2,wk inc flu hosp,2025-10-18,56,quantile,0.45,0.6851652737855132
2025-09-27,2,wk inc flu hosp,2025-10-18,56,quantile,0.5,0.6851652737855132
2025-09-27,2,wk inc flu hosp,2025-10-18,56,quantile,0.55,0.6851652737855132
2025-09-27,2,wk inc flu hosp,2025-10-18,56,quantile,0.6,0.6851652737855132
2025-09-27,2,wk inc flu hosp,2025-10-18,56,quantile,0.65,0.6851652737855132
2025-09-27,2,wk inc flu hosp,2025-10-18,56,quantile,0.7,0.6851652737855132
2025-09-27,2,wk inc flu hosp,2025-10-18,56,quantile,0.75,0.6851652737855132
2025-09-27,2,wk inc flu hosp,2025-10-18,56,quantile,0.8,0.6851652737855132
2025-09-27,2,wk inc flu hosp,2025-10-18,56,quantile,0.85,0.6851652737855132
2025-09-27,2,wk inc flu hosp,2025-10-18,56,quantile,0.9,0.6851652737855132
2025-09-27,2,wk inc flu hosp,2025-10-18,56,quantile,0.95,0.6851652737855132
2025-09-27,2,wk inc flu hosp,2025-10-18,56,quantile,0.975,0.6851652737855132
2025-09-27,2,wk inc flu hosp,2025-10-18,56,quantile,0.99,0.6851652737855132
2025-10-04,2,wk inc flu hosp,2025-10-25,56,quantile,0.01,1.1111111111111112
2025-10-04,2,wk inc flu hosp,2025-10-25,56,quantile,0.025,1.1111111111111112
2025-10-04,2,wk inc flu hosp,2025-10-25,56,quantile,0.05,1.1111111111111112
2025-10-04,2,wk inc flu hosp,2025-10-25,56,quantile,0.1,1.1111111111111112
2025-10-04,2,wk inc flu hosp,2025-10-25,56,quantile,0.15,1.1111111111111112
2025-10-04,2,wk inc flu hosp,2025-10-25,56,quantile,0.2,1.1111111111111112
2025-10-04,2,wk inc flu hosp,2025-10-25,56,quantile,0.25,1.1111111111111112
2025-10-04,2,wk inc flu hosp,2025-10-25,56,quantile,0.3,1.1111111111111112
2025-10-04,2,wk inc flu hosp,2025-10-25,56,quantile,0.35,1.1111111111111112
2025-10-04,2,wk inc flu hosp,2025-10-25,56,quantile,0.4,1.1111111111111112
2025-10-04,2,wk inc flu hosp,2025-10-25,56,quantile,0.45,1.1111111111111112
2025-10-04,2,wk inc flu hosp,2025-10-25,56,quantile,0.5,1.1111111111111112
2025-10-04,2,wk inc flu hosp,2025-10-25,56,quantile,0.55,1.1111111111111112
2025-10-04,2,wk inc flu hosp,2025-10-25,56,quantile,0.6,1.1111111111111112
2025-10-04,2,wk inc flu hosp,2025-10-25,56,quantile,0.65,1.1111111111111112
2025-10-04,2,wk inc flu hosp,2025-10-25,56,quantile,0.7,1.1111111111111112
2025-10-04,2,wk inc flu hosp,2025-10-25,56,quantile,0.75,1.1111111111111112
2025-10-04,2,wk inc flu hosp,2025-10-25,56,quantile,0.8,1.1111111111111112
2025-10-04,2,wk inc flu hosp,2025-10-25,56,quantile,0.85,1.1111111111111112
2025-10-04,2,wk inc flu hosp,2025-10-25,56,quantile,0.9,1.1111111111111112
2025-10-04,2,wk inc flu hosp,2025-10-25,56,quantile,0.95,1.1111111111111112
2025-10-04,2,wk inc flu hosp,2025-10-25,56,quantile,0.975,1.1111111111111112
2025-10-04,2,wk inc flu hosp,2025-10-25,56,quantile,0.99,1.1111111111111112
2025-10-11,2,wk inc flu hosp,2025-11-01,56,quantile,0.01,0.3984350288824875
2025-10-11,2,wk inc flu hosp,2025-11-01,56,quantile,0.025,0.3984350288824875
2025-10-11,2,wk inc flu hosp,2025-11-01,56,quantile,0.05,0.3984350288824875
2025-10-11,2,wk inc flu hosp,2025-11-01,56,quantile,0.1,0.3984350288824875
2025-10-11,2,wk inc flu hosp,2025-11-01,56,quantile,0.15,0.3984350288824875
2025-10-11,2,wk inc flu hosp,2025-11-01,56,quantile,0.2,0.3984350288824875
2025-10-11,2,wk inc flu hosp,2025-11-01,56,quantile,0.25,0.3984350288824875
2025-10-11,2,wk inc flu hosp,2025-11-01,56,quantile,0.3,0.3984350288824875
2025-10-11,2,wk inc flu hosp,2025-11-01,56,quantile,0.35,0.3984350288824875
2025-10-11,2,wk inc flu hosp,2025-11-01,56,quantile,0.4,0.3984350288824875
2025-10-11,2,wk inc flu hosp,2025-11-01,56,quantile,0.45,0.3984350288824875
2025-10-11,2,wk inc flu hosp,2025-11-01,56,quantile,0.5,0.3984350288824875
2025-10-11,2,wk inc flu hosp,2025-11-01,56,quantile,0.55,0.3984350288824875
2025-10-11,2,wk inc flu hosp,2025-11-01,56,quantile,0.6,0.3984350288824875
2025-10-11,2,wk inc flu hosp,2025-11-01,56,quantile,0.65,0.3984350288824875
2025-10-11,2,wk inc flu hosp,2025-11-01,56,quantile,0.7,0.3984350288824875
2025-10-11,2,wk inc flu hosp,2025-11-01,56,quantile,0.75,0.3984350288824875
2025-10-11,2,wk inc flu hosp,2025-11-01,56,quantile,0.8,0.3984350288824875
2025-10-11,2,wk inc flu hosp,2025-11-01,56,quantile,0.85,0.3984350288824875
2025-10-11,2,wk inc flu hosp,2025-11-01,56,quantile,0.9,0.3984350288824875
2025-10-11,2,wk inc flu hosp,2025-11-01,56,quantile,0.95,0.3984350288824875
2025-10-11,2,wk inc flu hosp,2025-11-01,56,quantile,0.975,0.3984350288824875
2025-10-11,2,wk inc flu hosp,2025-11-01,56,quantile,0.99,0.3984350288824875
2025-10-18,2,wk inc flu hosp,2025-11-08,56,quantile,0.01,3.6808532416136246
2025-10-18,2,wk inc flu hosp,2025-11-08,56,quantile,0.025,3.6808532416136246
2025-10-18,2,wk inc flu hosp,2025-11-08,56,quantile,0.05,3.6808532416136246
2025-10-18,2,wk inc flu hosp,2025-11-08,56,quantile,0.1,3.6808532416136246
2025-10-18,2,wk inc flu hosp,2025-11-08,56,quantile,0.15,3.6808532416136246
2025-10-18,2,wk inc flu hosp,2025-11-08,56,quantile,0.2,3.6808532416136246
2025-10-18,2,wk inc flu hosp,2025-11-08,56,quantile,0.25,3.6808532416136246
2025-10-18,2,wk inc flu hosp,2025-11-08,56,quantile,0.3,3.6808532416136246
2025-10-18,2,wk inc flu hosp,2025-11-08,56,quantile,0.35,3.6808532416136246
2025-10-18,2,wk inc flu hosp,2025-11-08,56,quantile,0.4,3.6808532416136246
2025-10-18,2,wk inc flu hosp,2025-11-08,56,quantile,0.45,3.6808532416136246
2025-10-18,2,wk inc flu hosp,2025-11-08,56,quantile,0.5,3.6808532416136246
2025-10-18,2,wk inc flu hosp,2025-11-08,56,quantile,0.55,3.6808532416136246
2025-10-18,2,wk inc flu hosp,2025-11-08,56,quantile,0.6,3.6808532416136246
2025-10-18,2,wk inc flu hosp,2025-11-08,56,quantile,0.65,3.6808532416136246
2025-10-18,2,wk inc flu hosp,2025-11-08,56,quantile,0.7,3.6808532416136246
2025-10-18,2,wk inc flu hosp,2025-11-08,56,quantile,0.75,3.6808532416136246
2025-10-18,2,wk inc flu hosp,2025-11-08,56,quantile,0.8,3.6808532416136246
2025-10-18,2,wk inc flu hosp,2025-11-08,56,quantile,0.85,3.6808532416136246
2025-10-18,2,wk inc flu hosp,2025-11-08,56,quantile,0.9,3.6808532416136246
2025-10-18,2,wk inc flu hosp,2025-11-08,56,quantile,0.95,3.6808532416136246
2025-10-18,2,wk inc flu hosp,2025-11-08,56,quantile,0.975,3.6808532416136246
2025-10-18,2,wk inc flu hosp,2025-11-08,56,quantile,0.99,3.6808532416136246
2025-10-25,2,wk inc flu hosp,2025-11-15,56,quantile,0.01,2.877265618161302
2025-10-25,2,wk inc flu hosp,2025-11-15,56,quantile,0.025,2.877265618161302
2025-10-25,2,wk inc flu hosp,2025-11-15,56,quantile,0.05,2.877265618161302
2025-10-25,2,wk inc flu hosp,2025-11-15,56,quantile,0.1,2.877265618161302
2025-10-25,2,wk inc flu hosp,2025-11-15,56,quantile,0.15,2.877265618161302
2025-10-25,2,wk inc flu hosp,2025-11-15,56,quantile,0.2,2.877265618161302
2025-10-25,2,wk inc flu hosp,2025-11-15,56,quantile,0.25,2.877265618161302
2025-10-25,2,wk inc flu hosp,2025-11-15,56,quantile,0.3,2.877265618161302
2025-10-25,2,wk inc flu hosp,2025-11-15,56,quantile,0.35,2.877265618161302
2025-10-25,2,wk inc flu hosp,2025-11-15,56,quantile,0.4,2.877265618161302
2025-10-25,2,wk inc flu hosp,2025-11-15,56,quantile,0.45,2.877265618161302
2025-10-25,2,wk inc flu hosp,2025-11-15,56,quantile,0.5,2.877265618161302
2025-10-25,2,wk inc flu hosp,2025-11-15,56,quantile,0.55,2.877265618161302
2025-10-25,2,wk inc flu hosp,2025-11-15,56,quantile,0.6,2.877265618161302
2025-10-25,2,wk inc flu hosp,2025-11-15,56,quantile,0.65,2.877265618161302
2025-10-25,2,wk inc flu hosp,2025-11-15,56,quantile,0.7,2.877265618161302
2025-10-25,2,wk inc flu hosp,2025-11-15,56,quantile,0.75,2.877265618161302
2025-10-25,2,wk inc flu hosp,2025-11-15,56,quantile,0.8,2.877265618161302
2025-10-25,2,wk inc flu hosp,2025-11-15,56,quantile,0.85,2.877265618161302
2025-10-25,2,wk inc flu hosp,2025-11-15,56,quantile,0.9,2.877265618161302
2025-10-25,2,wk inc flu hosp,2025-11-15,56,quantile,0.95,2.877265618161302
2025-10-25,2,wk inc flu hosp,2025-11-15,56,quantile,0.975,2.877265618161302
2025-10-25,2,wk inc flu hosp,2025-11-15,56,quantile,0.99,2.877265618161302
2025-11-01,2,wk inc flu hosp,2025-11-22,56,quantile,0.01,6.157593864275876
2025-11-01,2,wk inc flu hosp,2025-11-22,56,quantile,0.025,6.157593864275876
2025-11-01,2,wk inc flu hosp,2025-11-22,56,quantile,0.05,6.157593864275876
2025-11-01,2,wk inc flu hosp,2025-11-22,56,quantile,0.1,6.157593864275876
2025-11-01,2,wk inc flu hosp,2025-11-22,56,quantile,0.15,6.157593864275876
2025-11-01,2,wk inc flu hosp,2025-11-22,56,quantile,0.2,6.157593864275876
2025-11-01,2,wk inc flu hosp,2025-11-22,56,quantile,0.25,6.157593864275876
2025-11-01,2,wk inc flu hosp,2025-11-22,56,quantile,0.3,6.157593864275876
2025-11-01,2,wk inc flu hosp,2025-11-22,56,quantile,0.35,6.157593864275876
2025-11-01,2,wk inc flu hosp,2025-11-22,56,quantile,0.4,6.157593864275876
2025-11-01,2,wk inc flu hosp,2025-11-22,56,quantile,0.45,6.157593864275876
2025-11-01,2,wk inc flu hosp,2025-11-22,56,quantile,0.5,6.157593864275876
2025-11-01,2,wk inc flu hosp,2025-11-22,56,quantile,0.55,6.157593864275876
2025-11-01,2,wk inc flu hosp,2025-11-22,56,quantile,0.6,6.157593864275876
2025-11-01,2,wk inc flu hosp,2025-11-22,56,quantile,0.65,6.157593864275876
2025-11-01,2,wk inc flu hosp,2025-11-22,56,quantile,0.7,6.157593864275876
2025-11-01,2,wk inc flu hosp,2025-11-22,56,quantile,0.75,6.157593864275876
2025-11-01,2,wk inc flu hosp,2025-11-22,56,quantile,0.8,6.157593864275876
2025-11-01,2,wk inc flu hosp,2025-11-22,56,quantile,0.85,6.157593864275876
2025-11-01,2,wk inc flu hosp,2025-11-22,56,quantile,0.9,6.157593864275876
2025-11-01,2,wk inc flu hosp,2025-11-22,56,quantile,0.95,6.157593864275876
2025-11-01,2,wk inc flu hosp,2025-11-22,56,quantile,0.975,6.157593864275876
2025-11-01,2,wk inc flu hosp,2025-11-22,56,quantile,0.99,6.157593864275876
