reference_date,horizon,target,target_end_date,location,output_type,output_type_id,value
2025-09-13,0,wk inc flu hosp,2025-09-20,01,quantile,0.01,0.0
2025-09-13,0,wk inc flu hosp,2025-09-20,01,quantile,0.025,0.0
2025-09-13,0,wk inc flu hosp,2025-09-20,01,quantile,0.05,0.0
2025-09-13,0,wk inc flu hosp,2025-09-20,01,quantile,0.1,0.0
2025-09-13,0,wk inc flu hosp,2025-09-20,01,quantile,0.15,0.0
2025-09-13,0,wk inc flu hosp,2025-09-20,01,quantile,0.2,0.0
2025-09-13,0,wk inc flu hosp,2025-09-20,01,quantile,0.25,1.3651931645249782
2025-09-13,0,wk inc flu hosp,2025-09-20,01,quantile,0.3,6.5022753454070426
2025-09-13,0,wk inc flu hosp,2025-09-20,01,quantile,0.35,11.262547564281777
2025-09-13,0,wk inc flu hosp,2025-09-20,01,quantile,0.4,15.779580391958678
2025-09-13,0,wk inc flu hosp,2025-09-20,01,quantile,0.45,20.14986192793111
2025-09-13,0,wk inc flu hosp,2025-09-20,01,quantile,0.5,24.450854301260193
2025-09-13,0,wk inc flu hosp,2025-09-20,01,quantile,0.55,28.75184667458928
2025-09-13,0,wk inc flu hosp,2025-09-20,01,quantile,0.6,33.12212821056171
2025-09-13,0,wk inc flu hosp,2025-09-20,01,quantile,0.65,37.63916103823861
2025-09-13,0,wk inc flu hosp,2025-09-20,01,quantile,0.7,42.39943325711334
2025-09-13,0,wk inc flu hosp,2025-09-20,01,quantile,0.75,47.536515437995405
2025-09-13,0,wk inc flu hosp,2025-09-20,01,quantile,0.8,53.25690005376724
2025-09-13,0,wk inc flu hosp,2025-09-20,01,quantile,0.85,59.92470696350712
2025-09-13,0,wk inc flu hosp,2025-09-20,01,quantile,0.9,68.31433059992051
2025-09-13,0,wk inc flu hosp,2025-09-20,01,quantile,0.95,80.74901663848256
2025-09-13,0,wk inc flu hosp,2025-09-20,01,quantile,0.975,91.53425234273259
2025-09-13,0,wk inc flu hosp,2025-09-20,01,quantile,0.99,104.07441965663958
2025-09-20,0,wk inc flu hosp,2025-09-27,01,quantile,0.01,0.0
2025-09-20,0,wk inc flu hosp,2025-09-27,01,quantile,0.025,0.0
2025-09-20,0,wk inc flu hosp,2025-09-27,01,quantile,0.05,0.0
2025-09-20,0,wk inc flu hosp,2025-09-27,01,quantile,0.1,0.0
2025-09-20,0,wk inc flu hosp,2025-09-27,01,quantile,0.15,0.0
2025-09-20,0,wk inc flu hosp,2025-09-27,01,quantile,0.2,0.0
2025-09-20,0,wk inc flu hosp,2025-09-27,01,quantile,0.25,0.0
2025-09-20,0,wk inc flu hosp,2025-09-27,01,quantile,0.3,0.0
2025-09-20,0,wk inc flu hosp,2025-09-27,01,quantile,0.35,4.20661881784952
2025-09-20,0,wk inc flu hosp,2025-09-27,01,quantile,0.4,9.588182796338698
2025-09-20,0,wk inc flu hosp,2025-09-27,01,quantile,0.45,14.794908225859505
2025-09-20,0,wk inc flu hosp,2025-09-27,01,quantile,0.5,19.919082990816534
2025-09-20,0,wk inc flu hosp,2025-09-27,01,quantile,0.55,25.04325775577357
2025-09-20,0,wk inc flu hosp,2025-09-27,01,quantile,0.6,30.24998318529437
2025-09-20,0,wk inc flu hosp,2025-09-27,01,quantile,0.65,35.63154716378355
2025-09-20,0,wk inc flu hosp,2025-09-27,01,quantile,0.7,41.302904994953906
2025-09-20,0,wk inc flu hosp,2025-09-27,01,quantile,0.75,47.42319180132445
2025-09-20,0,wk inc flu hosp,2025-09-27,01,quantile,0.8,54.238421392465995
2025-09-20,0,wk inc flu hosp,2025-09-27,01,quantile,0.85,62.18240383623141
2025-09-20,0,wk inc flu hosp,2025-09-27,01,quantile,0.9,72.17774769961085
2025-09-20,0,wk inc flu hosp,2025-09-27,01,quantile,0.95,86.99235299956025
2025-09-20,0,wk inc flu hosp,2025-09-27,01,quantile,0.975,99.84181373623547
2025-09-20,0,wk inc flu hosp,2025-09-27,01,quantile,0.99,114.7820887520044
2025-09-27,0,wk inc flu hosp,2025-10-04,01,quantile,0.01,0.0
2025-09-27,0,wk inc flu hosp,2025-10-04,01,quantile,0.025,0.0
2025-09-27,0,wk inc flu hosp,2025-10-04,01,quantile,0.05,0.0
2025-09-27,0,wk inc flu hosp,2025-10-04,01,quantile,0.1,0.0
2025-09-27,0,wk inc flu hosp,2025-10-04,01,quantile,0.15,0.0
2025-09-27,0,wk inc flu hosp,2025-10-04,01,quantile,0.2,0.0
2025-09-27,0,wk inc flu hosp,2025-10-04,01,quantile,0.25,0.0
2025-09-27,0,wk inc flu hosp,2025-10-04,01,quantile,0.3,0.0
2025-09-27,0,wk inc flu hosp,2025-10-04,01,quantile,0.35,2.5493341286212363
2025-09-27,0,wk inc flu hosp,2025-10-04,01,quantile,0.4,8.354951343159668
2025-09-27,0,wk inc flu hosp,2025-10-04,01,quantile,0.45,13.97195318608625
2025-09-27,0,wk inc flu hosp,2025-10-04,01,quantile,0.5,19.49989958691854
2025-09-27,0,wk inc flu hosp,2025-10-04,01,quantile,0.55,25.02784598775084
2025-09-27,0,wk inc flu hosp,2025-10-04,01,quantile,0.6,30.644847830677413
2025-09-27,0,wk inc flu hosp,2025-10-04,01,quantile,0.65,36.45046504521585
2025-09-27,0,wk inc flu hosp,2025-10-04,01,quantile,0.7,42.568711113841715
2025-09-27,0,wk inc flu hosp,2025-10-04,01,quantile,0.75,49.17126059258128
2025-09-27,0,wk inc flu hosp,2025-10-04,01,quantile,0.8,56.52351253895151
2025-09-27,0,wk inc flu hosp,2025-10-04,01,quantile,0.85,65.09346012516664
2025-09-27,0,wk inc flu hosp,2025-10-04,01,quantile,0.9,75.87641107221788
2025-09-27,0,wk inc flu hosp,2025-10-04,01,quantile,0.95,91.85836871497075
2025-09-27,0,wk inc flu hosp,2025-10-04,01,quantile,0.975,105.72033351712854
2025-09-27,0,wk inc flu hosp,2025-10-04,01,quantile,0.99,121.83786332225358
2025-10-04,0,wk inc flu hosp,2025-10-11,01,quantile,0.01,0.0
2025-10-04,0,wk inc flu hosp,2025-10-11,01,quantile,0.025,0.0
2025-10-04,0,wk inc flu hosp,2025-10-11,01,quantile,0.05,0.0
2025-10-04,0,wk inc flu hosp,2025-10-11,01,quantile,0.1,0.0
2025-10-04,0,wk inc flu hosp,2025-10-11,01,quantile,0.15,0.0
2025-10-04,0,wk inc flu hosp,2025-10-11,01,quantile,0.2,0.0
2025-10-04,0,wk inc flu hosp,2025-10-11,01,quantile,0.25,0.0
2025-10-04,0,wk inc flu hosp,2025-10-11,01,quantile,0.3,0.836526874294691
2025-10-04,0,wk inc flu hosp,2025-10-11,01,quantile,0.35,6.697703205241101
2025-10-04,0,wk inc flu hosp,2025-10-11,01,quantile,0.4,12.259386377626178
2025-10-04,0,wk inc flu hosp,2025-10-11,01,quantile,0.45,17.640379211743713
2025-10-04,0,wk inc flu hosp,2025-10-11,01,quantile,0.5,22.936058437436504
2025-10-04,0,wk inc flu hosp,2025-10-11,01,quantile,0.55,28.231737663129298
2025-10-04,0,wk inc flu hosp,2025-10-11,01,quantile,0.6,33.61273049724683
2025-10-04,0,wk inc flu hosp,2025-10-11,01,quantile,0.65,39.1744136696319
2025-10-04,0,wk inc flu hosp,2025-10-11,01,quantile,0.7,45.03559000057831
2025-10-04,0,wk inc flu hosp,2025-10-11,01,quantile,0.75,51.360720813334645
2025-10-04,0,wk inc flu hosp,2025-10-11,01,quantile,0.8,58.404053919565584
2025-10-04,0,wk inc flu hosp,2025-10-11,01,quantile,0.85,66.61391886882821
2025-10-04,0,wk inc flu hosp,2025-10-11,01,quantile,0.9,76.94380363640956
2025-10-04,0,wk inc flu hosp,2025-10-11,01,quantile,0.95,92.25424895148817
2025-10-04,0,wk inc flu hosp,2025-10-11,01,quantile,0.975,105.53377695469369
2025-10-04,0,wk inc flu hosp,2025-10-11,01,quantile,0.99,120.97409811005694
2025-10-11,0,wk inc flu hosp,2025-10-18,01,quantile,0.01,0.0
2025-10-11,0,wk inc flu hosp,2025-10-18,01,quantile,0.025,0.0
2025-10-11,0,wk inc flu hosp,2025-10-18,01,quantile,0.05,0.0
2025-10-11,0,wk inc flu hosp,2025-10-18,01,quantile,0.1,0.0
2025-10-11,0,wk inc flu hosp,2025-10-18,01,quantile,0.15,0.0
2025-10-11,0,wk inc flu hosp,2025-10-18,01,quantile,0.2,0.0
2025-10-11,0,wk inc flu hosp,2025-10-18,01,quantile,0.25,0.0
2025-10-11,0,wk inc flu hosp,2025-10-18,01,quantile,0.3,0.6282527279717129
2025-10-11,0,wk inc flu hosp,2025-10-18,01,quantile,0.35,5.589193158791543
2025-10-11,0,wk inc flu hosp,2025-10-18,01,quantile,0.4,10.29664049621711
2025-10-11,0,wk inc flu hosp,2025-10-18,01,quantile,0.45,14.851150274020544
2025-10-11,0,wk inc flu hosp,2025-10-18,01,quantile,0.5,19.333450020008552
2025-10-11,0,wk inc flu hosp,2025-10-18,01,quantile,0.55,23.815749765996564
2025-10-11,0,wk inc flu hosp,2025-10-18,01,quantile,0.6,28.370259543799996
2025-10-11,0,wk inc flu hosp,2025-10-18,01,quantile,0.65,33.07770688122556
2025-10-11,0,wk inc flu hosp,2025-10-18,01,quantile,0.7,38.038647312045384
2025-10-11,0,wk inc flu hosp,2025-10-18,01,quantile,0.75,43.39228204464189
2025-10-11,0,wk inc flu hosp,2025-10-18,01,quantile,0.8,49.353808195961555
2025-10-11,0,wk inc flu hosp,2025-10-18,01,quantile,0.85,56.302695016398005
2025-10-11,0,wk inc flu hosp,2025-10-18,01,quantile,0.9,65.0459813629682
2025-10-11,0,wk inc flu hosp,2025-10-18,01,quantile,0.95,78.00484881358544
2025-10-11,0,wk inc flu hosp,2025-10-18,01,quantile,0.975,89.24473371953383
2025-10-11,0,wk inc flu hosp,2025-10-18,01,quantile,0.99,102.31352898509375
2025-10-18,0,wk inc flu hosp,2025-10-25,01,quantile,0.01,0.0
2025-10-18,0,wk inc flu hosp,2025-10-25,01,quantile,0.025,0.0
2025-10-18,0,wk inc flu hosp,2025-10-25,01,quantile,0.05,0.0
2025-10-18,0,wk inc flu hosp,2025-10-25,01,quantile,0.1,0.0
2025-10-18,0,wk inc flu hosp,2025-10-25,01,quantile,0.15,0.0
2025-10-18,0,wk inc flu hosp,2025-10-25,01,quantile,0.2,0.0
2025-10-18,0,wk inc flu hosp,2025-10-25,01,quantile,0.25,0.0
2025-10-18,0,wk inc flu hosp,2025-10-25,01,quantile,0.3,0.0
2025-10-18,0,wk inc flu hosp,2025-10-25,01,quantile,0.35,0.14706655040373917
2025-10-18,0,wk inc flu hosp,2025-10-25,01,quantile,0.4,5.450039762773422
2025-10-18,0,wk inc flu hosp,2025-10-25,01,quantile,0.45,10.58072771655009
2025-10-18,0,wk inc flu hosp,2025-10-25,01,quantile,0.5,15.630070551213647
2025-10-18,0,wk inc flu hosp,2025-10-25,01,quantile,0.55,20.67941338587721
2025-10-18,0,wk inc flu hosp,2025-10-25,01,quantile,0.6,25.810101339653873
2025-10-18,0,wk inc flu hosp,2025-10-25,01,quantile,0.65,31.113074552023555
2025-10-18,0,wk inc flu hosp,2025-10-25,01,quantile,0.7,36.70160955349774
2025-10-18,0,wk inc flu hosp,2025-10-25,01,quantile,0.75,42.732517504407994
2025-10-18,0,wk inc flu hosp,2025-10-25,01,quantile,0.8,49.448219501528726
2025-10-18,0,wk inc flu hosp,2025-10-25,01,quantile,0.85,57.27619037899281
2025-10-18,0,wk inc flu hosp,2025-10-25,01,quantile,0.9,67.12556520158954
2025-10-18,0,wk inc flu hosp,2025-10-25,01,quantile,0.95,81.72382239438372
2025-10-18,0,wk inc flu hosp,2025-10-25,01,quantile,0.975,94.38563341295574
2025-10-18,0,wk inc flu hosp,2025-10-25,01,quantile,0.99,109.10772507826772
2025-10-25,0,wk inc flu hosp,2025-11-01,01,quantile,0.01,0.0
2025-10-25,0,wk inc flu hosp,2025-11-01,01,quantile,0.025,0.0
2025-10-25,0,wk inc flu hosp,2025-11-01,01,quantile,0.05,0.0
2025-10-25,0,wk inc flu hosp,2025-11-01,01,quantile,0.1,0.0
2025-10-25,0,wk inc flu hosp,2025-11-01,01,quantile,0.15,0.0
2025-10-25,0,wk inc flu hosp,2025-11-01,01,quantile,0.2,0.0
2025-10-25,0,wk inc flu hosp,2025-11-01,01,quantile,0.25,0.0
2025-10-25,0,wk inc flu hosp,2025-11-01,01,quantile,0.3,0.0
2025-10-25,0,wk inc flu hosp,2025-11-01,01,quantile,0.35,0.9473341519544487
2025-10-25,0,wk inc flu hosp,2025-11-01,01,quantile,0.4,5.773651357247587
2025-10-25,0,wk inc flu hosp,2025-11-01,01,quantile,0.45,10.443169107882671
2025-10-25,0,wk inc flu hosp,2025-11-01,01,quantile,0.5,15.038653418743545
2025-10-25,0,wk inc flu hosp,2025-11-01,01,quantile,0.55,19.634137729604426
2025-10-25,0,wk inc flu hosp,2025-11-01,01,quantile,0.6,24.303655480239502
2025-10-25,0,wk inc flu hosp,2025-11-01,01,quantile,0.65,29.129972685532643
2025-10-25,0,wk inc flu hosp,2025-11-01,01,quantile,0.7,34.216184052220854
2025-10-25,0,wk inc flu hosp,2025-11-01,01,quantile,0.75,39.7050058209453
2025-10-25,0,wk inc flu hosp,2025-11-01,01,quantile,0.8,45.81706914774488
2025-10-25,0,wk inc flu hosp,2025-11-01,01,quantile,0.85,52.941425431557995
2025-10-25,0,wk inc flu hosp,2025-11-01,01,quantile,0.9,61.90549243019887
2025-10-25,0,wk inc flu hosp,2025-11-01,01,quantile,0.95,75.19159006548996
2025-10-25,0,wk inc flu hosp,2025-11-01,01,quantile,0.975,86.71529835550355
2025-10-25,0,wk inc flu hosp,2025-11-01,01,quantile,0.99,100.11409964238521
2025-11-01,0,wk inc flu hosp,2025-11-08,01,quantile,0.01,0.0
2025-11-01,0,wk inc flu hosp,2025-11-08,01,quantile,0.025,0.0
2025-11-01,0,wk inc flu hosp,2025-11-08,01,quantile,0.05,0.0
2025-11-01,0,wk inc flu hosp,2025-11-08,01,quantile,0.1,0.0
2025-11-01,0,wk inc flu hosp,2025-11-08,01,quantile,0.15,0.0
2025-11-01,0,wk inc flu hosp,2025-11-08,01,quantile,0.2,0.0
2025-11-01,0,wk inc flu hosp,2025-11-08,01,quantile,0.25,0.0
2025-11-01,0,wk inc flu hosp,2025-11-08,01,quantile,0.3,0.0
2025-11-01,0,wk inc flu hosp,2025-11-08,01,quantile,0.35,0.18785220160031102
2025-11-01,0,wk inc flu hosp,2025-11-08,01,quantile,0.4,5.393948253829956
2025-11-01,0,wk inc flu hosp,2025-11-08,01,quantile,0.45,10.430906434020898
2025-11-01,0,wk inc flu hosp,2025-11-08,01,quantile,0.5,15.388005545247458
2025-11-01,0,wk inc flu hosp,2025-11-08,01,quantile,0.55,20.34510465647402
2025-11-01,0,wk inc flu hosp,2025-11-08,01,quantile,0.6,25.382062836664957
2025-11-01,0,wk inc flu hosp,2025-11-08,01,quantile,0.65,30.588158888894604
2025-11-01,0,wk inc flu hosp,2025-11-08,01,quantile,0.7,36.07459995577694
2025-11-01,0,wk inc flu hosp,2025-11-08,01,quantile,0.75,41.995332499052225
2025-11-01,0,wk inc flu hosp,2025-11-08,01,quantile,0.8,48.58834895510512
2025-11-01,0,wk inc flu hosp,2025-11-08,01,quantile,0.85,56.27331485066609
2025-11-01,0,wk inc flu hosp,2025-11-08,01,quantile,0.9,65.94275675190801
2025-11-01,0,wk inc flu hosp,2025-11-08,01,quantile,0.95,80.27432625023431
2025-11-01,0,wk inc flu hosp,2025-11-08,01,quantile,0.975,92.7048254660524
2025-11-01,0,wk inc flu hosp,2025-11-08,01,quantile,0.99,107.15796717164558
2025-11-08,0,wk inc flu hosp,2025-11-15,01,quantile,0.01,0.0
2025-11-08,0,wk inc flu hosp,2025-11-15,01,quantile,0.025,0.0
2025-11-08,0,wk inc flu hosp,2025-11-15,01,quantile,0.05,0.0
2025-11-08,0,wk inc flu hosp,2025-11-15,01,quantile,0.1,0.0
2025-11-08,0,wk inc flu hosp,2025-11-15,01,quantile,0.15,0.0
2025-11-08,0,wk inc flu hosp,2025-11-15,01,quantile,0.2,0.41809280299117546
2025-11-08,0,wk inc flu hosp,2025-11-15,01,quantile,0.25,4.244030094135809
2025-11-08,0,wk inc flu hosp,2025-11-15,01,quantile,0.3,7.679840027146659
2025-11-08,0,wk inc flu hosp,2025-11-15,01,quantile,0.35,10.863629968119941
2025-11-08,0,wk inc flu hosp,2025-11-15,01,quantile,0.4,13.884735278606442
2025-11-08,0,wk inc flu hosp,2025-11-15,01,quantile,0.45,16.80768962946905
2025-11-08,0,wk inc flu hosp,2025-11-15,01,quantile,0.5,19.68430164340234
2025-11-08,0,wk inc flu hosp,2025-11-15,01,quantile,0.55,22.560913657335632
2025-11-08,0,wk inc flu hosp,2025-11-15,01,quantile,0.6,25.483868008198236
2025-11-08,0,wk inc flu hosp,2025-11-15,01,quantile,0.65,28.504973318684737
2025-11-08,0,wk inc flu hosp,2025-11-15,01,quantile,0.7,31.688763259658014
2025-11-08,0,wk inc flu hosp,2025-11-15,01,quantile,0.75,35.12457319266887
2025-11-08,0,wk inc flu hosp,2025-11-15,01,quantile,0.8,38.9505104838135
2025-11-08,0,wk inc flu hosp,2025-11-15,01,quantile,0.85,43.41010766470754
2025-11-08,0,wk inc flu hosp,2025-11-15,01,quantile,0.9,49.02129923401632
2025-11-08,0,wk inc flu hosp,2025-11-15,01,quantile,0.95,57.337930407284205
2025-11-08,0,wk inc flu hosp,2025-11-15,01,quantile,0.975,64.55136765779804
2025-11-08,0,wk inc flu hosp,2025-11-15,01,quantile,0.99,72.93854736441928
2025-09-13,0,wk inc flu hosp,2025-09-20,02,quantile,0.01,0.0
2025-09-13,0,wk inc flu hosp,2025-09-20,02,quantile,0.025,0.0
2025-09-13,0,wk inc flu hosp,2025-09-20,02,quantile,0.05,0.0
2025-09-13,0,wk inc flu hosp,2025-09-20,02,quantile,0.1,0.71786116026035
2025-09-13,0,wk inc flu hosp,2025-09-20,02,quantile,0.15,1.6237640224642402
2025-09-13,0,wk inc flu hosp,2025-09-20,02,quantile,0.2,2.343746899638755
2025-09-13,0,wk inc flu hosp,2025-09-20,02,quantile,0.25,2.9614280997635047
2025-09-13,0,wk inc flu hosp,2025-09-20,02,quantile,0.3,3.5161249077155645
2025-09-13,0,wk inc flu hosp,2025-09-20,02,quantile,0.35,4.030134166632909
2025-09-13,0,wk inc flu hosp,2025-09-20,02,quantile,0.4,4.5178786882704465
2025-09-13,0,wk inc flu hosp,2025-09-20,02,quantile,0.45,4.9897771575761265
2025-09-13,0,wk inc flu hosp,2025-09-20,02,quantile,0.5,5.454193854936057
2025-09-13,0,wk inc flu hosp,2025-09-20,02,quantile,0.55,5.918610552295988
2025-09-13,0,wk inc flu hosp,2025-09-20,02,quantile,0.6,6.390509021601668
2025-09-13,0,wk inc flu hosp,2025-09-20,02,quantile,0.65,6.878253543239206
2025-09-13,0,wk inc flu hosp,2025-09-20,02,quantile,0.7,7.392262802156549
2025-09-13,0,wk inc flu hosp,2025-09-20,02,quantile,0.75,7.9469596101086095
2025-09-13,0,wk inc flu hosp,2025-09-20,02,quantile,0.8,8.56464081023336
2025-09-13,0,wk inc flu hosp,2025-09-20,02,quantile,0.85,9.284623687407874
2025-09-13,0,wk inc flu hosp,2025-09-20,02,quantile,0.9,10.190526549611764
2025-09-13,0,wk inc flu hosp,2025-09-20,02,quantile,0.95,11.533211056226387
2025-09-13,0,wk inc flu hosp,2025-09-20,02,quantile,0.975,12.697789625831991
2025-09-13,0,wk inc flu hosp,2025-09-20,02,quantile,0.99,14.051863891199222
2025-09-20,0,wk inc flu hosp,2025-09-27,02,quantile,0.01,0.0
2025-09-20,0,wk inc flu hosp,2025-09-27,02,quantile,0.025,0.0
2025-09-20,0,wk inc flu hosp,2025-09-27,02,quantile,0.05,0.0
2025-09-20,0,wk inc flu hosp,2025-09-27,02,quantile,0.1,0.0
2025-09-20,0,wk inc flu hosp,2025-09-27,02,quantile,0.15,0.0
2025-09-20,0,wk inc flu hosp,2025-09-27,02,quantile,0.2,0.0
2025-09-20,0,wk inc flu hosp,2025-09-27,02,quantile,0.25,0.0
2025-09-20,0,wk inc flu hosp,2025-09-27,02,quantile,0.3,0.6712681979662976
2025-09-20,0,wk inc flu hosp,2025-09-27,02,quantile,0.35,1.6073029754051014
2025-09-20,0,wk inc flu hosp,2025-09-27,02,quantile,0.4,2.4955084441540683
2025-09-20,0,wk inc flu hosp,2025-09-27,02,quantile,0.45,3.3548575142868398
2025-09-20,0,wk inc flu hosp,2025-09-27,02,quantile,0.5,4.200581929578103
2025-09-20,0,wk inc flu hosp,2025-09-27,02,quantile,0.55,5.046306344869367
2025-09-20,0,wk inc flu hosp,2025-09-27,02,quantile,0.6,5.905655415002138
2025-09-20,0,wk inc flu hosp,2025-09-27,02,quantile,0.65,6.793860883751105
2025-09-20,0,wk inc flu hosp,2025-09-27,02,quantile,0.7,7.729895661189907
2025-09-20,0,wk inc flu hosp,2025-09-27,02,quantile,0.75,8.740024358620463
2025-09-20,0,wk inc flu hosp,2025-09-27,02,quantile,0.8,9.864850564873446
2025-09-20,0,wk inc flu hosp,2025-09-27,02,quantile,0.85,11.175972885150887
2025-09-20,0,wk inc flu hosp,2025-09-27,02,quantile,0.9,12.825664149059715
2025-09-20,0,wk inc flu hosp,2025-09-27,02,quantile,0.95,15.270755110974955
2025-09-20,0,wk inc flu hosp,2025-09-27,02,quantile,0.975,17.391506874293043
2025-09-20,0,wk inc flu hosp,2025-09-27,02,quantile,0.99,19.85733911686446
2025-09-27,0,wk inc flu hosp,2025-10-04,02,quantile,0.01,0.0
2025-09-27,0,wk inc flu hosp,2025-10-04,02,quantile,0.025,0.0
2025-09-27,0,wk inc flu hosp,2025-10-04,02,quantile,0.05,0.0
2025-09-27,0,wk inc flu hosp,2025-10-04,02,quantile,0.1,0.0
2025-09-27,0,wk inc flu hosp,2025-10-04,02,quantile,0.15,0.0
2025-09-27,0,wk inc flu hosp,2025-10-04,02,quantile,0.2,0.0
2025-09-27,0,wk inc flu hosp,2025-10-04,02,quantile,0.25,0.0
2025-09-27,0,wk inc flu hosp,2025-10-04,02,quantile,0.3,0.0
2025-09-27,0,wk inc flu hosp,2025-10-04,02,quantile,0.35,0.0
2025-09-27,0,wk inc flu hosp,2025-10-04,02,quantile,0.4,0.0
2025-09-27,0,wk inc flu hosp,2025-10-04,02,quantile,0.45,0.0
2025-09-27,0,wk inc flu hosp,2025-10-04,02,quantile,0.5,0.8481373345559374
2025-09-27,0,wk inc flu hosp,2025-10-04,02,quantile,0.55,1.890717883024256
2025-09-27,0,wk inc flu hosp,2025-10-04,02,quantile,0.6,2.950094446672598
2025-09-27,0,wk inc flu hosp,2025-10-04,02,quantile,0.65,4.045044205740317
2025-09-27,0,wk inc flu hosp,2025-10-04,02,quantile,0.7,5.198956324159498
2025-09-27,0,wk inc flu hosp,2025-10-04,02,quantile,0.75,6.444208929321711
2025-09-27,0,wk inc flu hosp,2025-10-04,02,quantile,0.8,7.830856756726448
2025-09-27,0,wk inc flu hosp,2025-10-04,02,quantile,0.85,9.447164153164964
2025-09-27,0,wk inc flu hosp,2025-10-04,02,quantile,0.9,11.480847929619637
2025-09-27,0,wk inc flu hosp,2025-10-04,02,quantile,0.95,14.495073639599383
2025-09-27,0,wk inc flu hosp,2025-10-04,02,quantile,0.975,17.10946491953405
2025-09-27,0,wk inc flu hosp,2025-10-04,02,quantile,0.99,20.149259781085476
2025-10-04,0,wk inc flu hosp,2025-10-11,02,quantile,0.01,0.0
2025-10-04,0,wk inc flu hosp,2025-10-11,02,quantile,0.025,0.0
2025-10-04,0,wk inc flu hosp,2025-10-11,02,quantile,0.05,0.0
2025-10-04,0,wk inc flu hosp,2025-10-11,02,quantile,0.1,0.0
2025-10-04,0,wk inc flu hosp,2025-10-11,02,quantile,0.15,0.0
2025-10-04,0,wk inc flu hosp,2025-10-11,02,quantile,0.2,0.0
2025-10-04,0,wk inc flu hosp,2025-10-11,02,quantile,0.25,0.0
2025-10-04,0,wk inc flu hosp,2025-10-11,02,quantile,0.3,0.0
2025-10-04,0,wk inc flu hosp,2025-10-11,02,quantile,0.35,0.0
2025-10-04,0,wk inc flu hosp,2025-10-11,02,quantile,0.4,0.4763500032571577
2025-10-04,0,wk inc flu hosp,2025-10-11,02,quantile,0.45,1.3564058639717724
2025-10-04,0,wk inc flu hosp,2025-10-11,02,quantile,0.5,2.2225087715033105
2025-10-04,0,wk inc flu hosp,2025-10-11,02,quantile,0.55,3.08861167903485
2025-10-04,0,wk inc flu hosp,2025-10-11,02,quantile,0.6,3.9686675397494633
2025-10-04,0,wk inc flu hosp,2025-10-11,02,quantile,0.65,4.878275120020109
2025-10-04,0,wk inc flu hosp,2025-10-11,02,quantile,0.7,5.836864499293474
2025-10-04,0,wk inc flu hosp,2025-10-11,02,quantile,0.75,6.871333158359379
2025-10-04,0,wk inc flu hosp,2025-10-11,02,quantile,0.8,8.023263066127104
2025-10-04,0,wk inc flu hosp,2025-10-11,02,quantile,0.85,9.365978060739984
2025-10-04,0,wk inc flu hosp,2025-10-11,02,quantile,0.9,11.055420122914269
2025-10-04,0,wk inc flu hosp,2025-10-11,02,quantile,0.95,13.559427755902549
2025-10-04,0,wk inc flu hosp,2025-10-11,02,quantile,0.975,15.731280944898934
2025-10-04,0,wk inc flu hosp,2025-10-11,02,quantile,0.99,18.256529638399883
2025-10-11,0,wk inc flu hosp,2025-10-18,02,quantile,0.01,0.0
2025-10-11,0,wk inc flu hosp,2025-10-18,02,quantile,0.025,0.0
2025-10-11,0,wk inc flu hosp,2025-10-18,02,quantile,0.05,0.0
2025-10-11,0,wk inc flu hosp,2025-10-18,02,quantile,0.1,0.0
2025-10-11,0,wk inc flu hosp,2025-10-18,02,quantile,0.15,0.0
2025-10-11,0,wk inc flu hosp,2025-10-18,02,quantile,0.2,0.0
2025-10-11,0,wk inc flu hosp,2025-10-18,02,quantile,0.25,0.0
2025-10-11,0,wk inc flu hosp,2025-10-18,02,quantile,0.3,0.0
2025-10-11,0,wk inc flu hosp,2025-10-18,02,quantile,0.35,0.0
2025-10-11,0,wk inc flu hosp,2025-10-18,02,quantile,0.4,0.0
2025-10-11,0,wk inc flu hosp,2025-10-18,02,quantile,0.45,0.2636028858723718
2025-10-11,0,wk inc flu hosp,2025-10-18,02,quantile,0.5,1.2573651726433235
2025-10-11,0,wk inc flu hosp,2025-10-18,02,quantile,0.55,2.2511274594142763
2025-10-11,0,wk inc flu hosp,2025-10-18,02,quantile,0.6,3.2608992971771995
2025-10-11,0,wk inc flu hosp,2025-10-18,02,quantile,0.65,4.3045786350173545
2025-10-11,0,wk inc flu hosp,2025-10-18,02,quantile,0.7,5.404459452108781
2025-10-11,0,wk inc flu hosp,2025-10-18,02,quantile,0.75,6.591403787806879
2025-10-11,0,wk inc flu hosp,2025-10-18,02,quantile,0.8,7.913122592106611
2025-10-11,0,wk inc flu hosp,2025-10-18,02,quantile,0.85,9.453747282226995
2025-10-11,0,wk inc flu hosp,2025-10-18,02,quantile,0.9,11.392204932552128
2025-10-11,0,wk inc flu hosp,2025-10-18,02,quantile,0.95,14.265291178784063
2025-10-11,0,wk inc flu hosp,2025-10-18,02,quantile,0.975,16.757265022607278
2025-10-11,0,wk inc flu hosp,2025-10-18,02,quantile,0.99,19.65472315892866
2025-10-18,0,wk inc flu hosp,2025-10-25,02,quantile,0.01,0.0
2025-10-18,0,wk inc flu hosp,2025-10-25,02,quantile,0.025,0.0
2025-10-18,0,wk inc flu hosp,2025-10-25,02,quantile,0.05,0.0
2025-10-18,0,wk inc flu hosp,2025-10-25,02,quantile,0.1,0.0
2025-10-18,0,wk inc flu hosp,2025-10-25,02,quantile,0.15,0.0
2025-10-18,0,wk inc flu hosp,2025-10-25,02,quantile,0.2,0.0
2025-10-18,0,wk inc flu hosp,2025-10-25,02,quantile,0.25,0.0
2025-10-18,0,wk inc flu hosp,2025-10-25,02,quantile,0.3,0.0
2025-10-18,0,wk inc flu hosp,2025-10-25,02,quantile,0.35,0.0
2025-10-18,0,wk inc flu hosp,2025-10-25,02,quantile,0.4,0.0
2025-10-18,0,wk inc flu hosp,2025-10-25,02,quantile,0.45,0.0
2025-10-18,0,wk inc flu hosp,2025-10-25,02,quantile,0.5,0.8012376713444457
2025-10-18,0,wk inc flu hosp,2025-10-25,02,quantile,0.55,1.6543490840978112
2025-10-18,0,wk inc flu hosp,2025-10-25,02,quantile,0.6,2.521204156523236
2025-10-18,0,wk inc flu hosp,2025-10-25,02,quantile,0.65,3.417167674377612
2025-10-18,0,wk inc flu hosp,2025-10-25,02,quantile,0.7,4.3613782670114825
2025-10-18,0,wk inc flu hosp,2025-10-25,02,quantile,0.75,5.3803299545194205
2025-10-18,0,wk inc flu hosp,2025-10-25,02,quantile,0.8,6.514980978621649
2025-10-18,0,wk inc flu hosp,2025-10-25,02,quantile,0.85,7.837555324023678
2025-10-18,0,wk inc flu hosp,2025-10-25,02,quantile,0.9,9.501655850523736
2025-10-18,0,wk inc flu hosp,2025-10-25,02,quantile,0.95,11.968103510204468
2025-10-18,0,wk inc flu hosp,2025-10-25,02,quantile,0.975,14.107379023824814
2025-10-18,0,wk inc flu hosp,2025-10-25,02,quantile,0.99,16.594749129308195
2025-10-25,0,wk inc flu hosp,2025-11-01,02,quantile,0.01,0.0
2025-10-25,0,wk inc flu hosp,2025-11-01,02,quantile,0.025,0.0
2025-10-25,0,wk inc flu hosp,2025-11-01,02,quantile,0.05,0.0
2025-10-25,0,wk inc flu hosp,2025-11-01,02,quantile,0.1,0.0
2025-10-25,0,wk inc flu hosp,2025-11-01,02,quantile,0.15,0.0
2025-10-25,0,wk inc flu hosp,2025-11-01,02,quantile,0.2,0.0
2025-10-25,0,wk inc flu hosp,2025-11-01,02,quantile,0.25,0.0
2025-10-25,0,wk inc flu hosp,2025-11-01,02,quantile,0.3,0.0
2025-10-25,0,wk inc flu hosp,2025-11-01,02,quantile,0.35,0.0
2025-10-25,0,wk inc flu hosp,2025-11-01,02,quantile,0.4,0.0
2025-10-25,0,wk inc flu hosp,2025-11-01,02,quantile,0.45,0.0
2025-10-25,0,wk inc flu hosp,2025-11-01,02,quantile,0.5,0.7122156114926442
2025-10-25,0,wk inc flu hosp,2025-11-01,02,quantile,0.55,1.6777774492846305
2025-10-25,0,wk inc flu hosp,2025-11-01,02,quantile,0.6,2.6588945276847706
2025-10-25,0,wk inc flu hosp,2025-11-01,02,quantile,0.65,3.672956897454224
2025-10-25,0,wk inc flu hosp,2025-11-01,02,quantile,0.7,4.741625891277416
2025-10-25,0,wk inc flu hosp,2025-11-01,02,quantile,0.75,5.894887762239918
2025-10-25,0,wk inc flu hosp,2025-11-01,02,quantile,0.8,7.179099544788698
2025-10-25,0,wk inc flu hosp,2025-11-01,02,quantile,0.85,8.67600522026359
2025-10-25,0,wk inc flu hosp,2025-11-01,02,quantile,0.9,10.559454367253878
2025-10-25,0,wk inc flu hosp,2025-11-01,02,quantile,0.95,13.351009725085628
2025-10-25,0,wk inc flu hosp,2025-11-01,02,quantile,0.975,15.772267682247458
2025-10-25,0,wk inc flu hosp,2025-11-01,02,quantile,0.99,18.587503317846338
2025-11-01,0,wk inc flu hosp,2025-11-08,02,quantile,0.01,0.0
2025-11-01,0,wk inc flu hosp,2025-11-08,02,quantile,0.025,0.0
2025-11-01,0,wk inc flu hosp,2025-11-08,02,quantile,0.05,0.0
2025-11-01,0,wk inc flu hosp,2025-11-08,02,quantile,0.1,0.0
2025-11-01,0,wk inc flu hosp,2025-11-08,02,quantile,0.15,0.0
2025-11-01,0,wk inc flu hosp,2025-11-08,02,quantile,0.2,0.0
2025-11-01,0,wk inc flu hosp,2025-11-08,02,quantile,0.25,0.0
2025-11-01,0,wk inc flu hosp,2025-11-08,02,quantile,0.3,0.0
2025-11-01,0,wk inc flu hosp,2025-11-08,02,quantile,0.35,0.0
2025-11-01,0,wk inc flu hosp,2025-11-08,02,quantile,0.4,0.0
2025-11-01,0,wk inc flu hosp,2025-11-08,02,quantile,0.45,0.0
2025-11-01,0,wk inc flu hosp,2025-11-08,02,quantile,0.5,0.7012200128374865
2025-11-01,0,wk inc flu hosp,2025-11-08,02,quantile,0.55,1.5585061717981308
2025-11-01,0,wk inc flu hosp,2025-11-08,02,quantile,0.6,2.4296032457625905
2025-11-01,0,wk inc flu hosp,2025-11-08,02,quantile,0.65,3.3299512088864893
2025-11-01,0,wk inc flu hosp,2025-11-08,02,quantile,0.7,4.278782346424042
2025-11-01,0,wk inc flu hosp,2025-11-08,02,quantile,0.75,5.302720328370469
2025-11-01,0,wk inc flu hosp,2025-11-08,02,quantile,0.8,6.442923827786758
2025-11-01,0,wk inc flu hosp,2025-11-08,02,quantile,0.85,7.77197026130034
2025-11-01,0,wk inc flu hosp,2025-11-08,02,quantile,0.9,9.444214152497764
2025-11-01,0,wk inc flu hosp,2025-11-08,02,quantile,0.95,11.922731505373047
2025-11-01,0,wk inc flu hosp,2025-11-08,02,quantile,0.975,14.0724756778383
2025-11-01,0,wk inc flu hosp,2025-11-08,02,quantile,0.99,16.572017861620864
2025-11-08,0,wk inc flu hosp,2025-11-15,02,quantile,0.01,0.0
2025-11-08,0,wk inc flu hosp,2025-11-15,02,quantile,0.025,0.0
2025-11-08,0,wk inc flu hosp,2025-11-15,02,quantile,0.05,0.0
2025-11-08,0,wk inc flu hosp,2025-11-15,02,quantile,0.1,0.0
2025-11-08,0,wk inc flu hosp,2025-11-15,02,quantile,0.15,0.0
2025-11-08,0,wk inc flu hosp,2025-11-15,02,quantile,0.2,0.0
2025-11-08,0,wk inc flu hosp,2025-11-15,02,quantile,0.25,0.0
2025-11-08,0,wk inc flu hosp,2025-11-15,02,quantile,0.3,0.0
2025-11-08,0,wk inc flu hosp,2025-11-15,02,quantile,0.35,0.0
2025-11-08,0,wk inc flu hosp,2025-11-15,02,quantile,0.4,0.0
2025-11-08,0,wk inc flu hosp,2025-11-15,02,quantile,0.45,0.42085614084767853
2025-11-08,0,wk inc flu hosp,2025-11-15,02,quantile,0.5,1.26654891837919
2025-11-08,0,wk inc flu hosp,2025-11-15,02,quantile,0.55,2.1122416959107024
2025-11-08,0,wk inc flu hosp,2025-11-15,02,quantile,0.6,2.97155861859812
2025-11-08,0,wk inc flu hosp,2025-11-15,02,quantile,0.65,3.8597308604108385
2025-11-08,0,wk inc flu hosp,2025-11-15,02,quantile,0.7,4.795730621663667
2025-11-08,0,wk inc flu hosp,2025-11-15,02,quantile,0.75,5.805821531123969
2025-11-08,0,wk inc flu hosp,2025-11-15,02,quantile,0.8,6.930605658680118
2025-11-08,0,wk inc flu hosp,2025-11-15,02,quantile,0.85,8.241678931097258
2025-11-08,0,wk inc flu hosp,2025-11-15,02,quantile,0.9,9.891308481598115
2025-11-08,0,wk inc flu hosp,2025-11-15,02,quantile,0.95,12.336307974946257
2025-11-08,0,wk inc flu hosp,2025-11-15,02,quantile,0.975,14.456980402923463
2025-11-08,0,wk inc flu hosp,2025-11-15,02,quantile,0.99,16.922720401015866
2025-09-13,0,wk inc flu hosp,2025-09-20,04,quantile,0.01,0.0
2025-09-13,0,wk inc flu hosp,2025-09-20,04,quantile,0.025,0.0
2025-09-13,0,wk inc flu hosp,2025-09-20,04,quantile,0.05,0.0
2025-09-13,0,wk inc flu hosp,2025-09-20,04,quantile,0.1,0.0
2025-09-13,0,wk inc flu hosp,2025-09-20,04,quantile,0.15,0.0
2025-09-13,0,wk inc flu hosp,2025-09-20,04,quantile,0.2,0.0
2025-09-13,0,wk inc flu hosp,2025-09-20,04,quantile,0.25,0.0
2025-09-13,0,wk inc flu hosp,2025-09-20,04,quantile,0.3,0.0
2025-09-13,0,wk inc flu hosp,2025-09-20,04,quantile,0.35,0.0
2025-09-13,0,wk inc flu hosp,2025-09-20,04,quantile,0.4,0.0
2025-09-13,0,wk inc flu hosp,2025-09-20,04,quantile,0.45,0.0
2025-09-13,0,wk inc flu hosp,2025-09-20,04,quantile,0.5,10.37466176848783
2025-09-13,0,wk inc flu hosp,2025-09-20,04,quantile,0.55,24.1453667664739
2025-09-13,0,wk inc flu hosp,2025-09-20,04,quantile,0.6,38.13791838391359
2025-09-13,0,wk inc flu hosp,2025-09-20,04,quantile,0.65,52.600331040556085
2025-09-13,0,wk inc flu hosp,2025-09-20,04,quantile,0.7,67.84153556877828
2025-09-13,0,wk inc flu hosp,2025-09-20,04,quantile,0.75,84.2891916264853
2025-09-13,0,wk inc flu hosp,2025-09-20,04,quantile,0.8,102.60443661675687
2025-09-13,0,wk inc flu hosp,2025-09-20,04,quantile,0.85,123.95309152415663
2025-09-13,0,wk inc flu hosp,2025-09-20,04,quantile,0.9,150.8145742037355
2025-09-13,0,wk inc flu hosp,2025-09-20,04,quantile,0.95,190.62733793739298
2025-09-13,0,wk inc flu hosp,2025-09-20,04,quantile,0.975,225.15897304048312
2025-09-13,0,wk inc flu hosp,2025-09-20,04,quantile,0.99,265.3094615128763
2025-09-20,0,wk inc flu hosp,2025-09-27,04,quantile,0.01,0.0
2025-09-20,0,wk inc flu hosp,2025-09-27,04,quantile,0.025,0.0
2025-09-20,0,wk inc flu hosp,2025-09-27,04,quantile,0.05,0.0
2025-09-20,0,wk inc flu hosp,2025-09-27,04,quantile,0.1,0.0
2025-09-20,0,wk inc flu hosp,2025-09-27,04,quantile,0.15,0.0
2025-09-20,0,wk inc flu hosp,2025-09-27,04,quantile,0.2,0.0
2025-09-20,0,wk inc flu hosp,2025-09-27,04,quantile,0.25,0.0
2025-09-20,0,wk inc flu hosp,2025-09-27,04,quantile,0.3,0.0
2025-09-20,0,wk inc flu hosp,2025-09-27,04,quantile,0.35,0.0
2025-09-20,0,wk inc flu hosp,2025-09-27,04,quantile,0.4,0.0
2025-09-20,0,wk inc flu hosp,2025-09-27,04,quantile,0.45,0.0
2025-09-20,0,wk inc flu hosp,2025-09-27,04,quantile,0.5,13.313037479132277
2025-09-20,0,wk inc flu hosp,2025-09-27,04,quantile,0.55,26.762345021717437
2025-09-20,0,wk inc flu hosp,2025-09-27,04,quantile,0.6,40.42832145763457
2025-09-20,0,wk inc flu hosp,2025-09-27,04,quantile,0.65,54.553192744573586
2025-09-20,0,wk inc flu hosp,2025-09-27,04,quantile,0.7,69.43867951155322
2025-09-20,0,wk inc flu hosp,2025-09-27,04,quantile,0.75,85.50246017544204
2025-09-20,0,wk inc flu hosp,2025-09-27,04,quantile,0.8,103.39024171080854
2025-09-20,0,wk inc flu hosp,2025-09-27,04,quantile,0.85,124.24063575469594
2025-09-20,0,wk inc flu hosp,2025-09-27,04,quantile,0.9,150.47519249382552
2025-09-20,0,wk inc flu hosp,2025-09-27,04,quantile,0.95,189.35875754387556
2025-09-20,0,wk inc flu hosp,2025-09-27,04,quantile,0.975,223.0844513640329
2025-09-20,0,wk inc flu hosp,2025-09-27,04,quantile,0.99,262.2978589222668
2025-09-27,0,wk inc flu hosp,2025-10-04,04,quantile,0.01,0.0
2025-09-27,0,wk inc flu hosp,2025-10-04,04,quantile,0.025,0.0
2025-09-27,0,wk inc flu hosp,2025-10-04,04,quantile,0.05,0.0
2025-09-27,0,wk inc flu hosp,2025-10-04,04,quantile,0.1,0.0
2025-09-27,0,wk inc flu hosp,2025-10-04,04,quantile,0.15,0.0
2025-09-27,0,wk inc flu hosp,2025-10-04,04,quantile,0.2,0.0
2025-09-27,0,wk inc flu hosp,2025-10-04,04,quantile,0.25,0.0
2025-09-27,0,wk inc flu hosp,2025-10-04,04,quantile,0.3,0.0
2025-09-27,0,wk inc flu hosp,2025-10-04,04,quantile,0.35,0.0
2025-09-27,0,wk inc flu hosp,2025-10-04,04,quantile,0.4,0.0
2025-09-27,0,wk inc flu hosp,2025-10-04,04,quantile,0.45,0.0
2025-09-27,0,wk inc flu hosp,2025-10-04,04,quantile,0.5,11.938578022589494
2025-09-27,0,wk inc flu hosp,2025-10-04,04,quantile,0.55,25.189681711368166
2025-09-27,0,wk inc flu hosp,2025-10-04,04,quantile,0.6,38.65426122130595
2025-09-27,0,wk inc flu hosp,2025-10-04,04,quantile,0.65,52.570972800785874
2025-09-27,0,wk inc flu hosp,2025-10-04,04,quantile,0.7,67.23709059031748
2025-09-27,0,wk inc flu hosp,2025-10-04,04,quantile,0.75,83.06413763619634
2025-09-27,0,wk inc flu hosp,2025-10-04,04,quantile,0.8,100.68830506168155
2025-09-27,0,wk inc flu hosp,2025-10-04,04,quantile,0.85,121.231424664874
2025-09-27,0,wk inc flu hosp,2025-10-04,04,quantile,0.9,147.07935999378327
2025-09-27,0,wk inc flu hosp,2025-10-04,04,quantile,0.95,185.38989387339927
2025-09-27,0,wk inc flu hosp,2025-10-04,04,quantile,0.975,218.6185686116234
2025-09-27,0,wk inc flu hosp,2025-10-04,04,quantile,0.99,257.2540840758356
2025-10-04,0,wk inc flu hosp,2025-10-11,04,quantile,0.01,0.0
2025-10-04,0,wk inc flu hosp,2025-10-11,04,quantile,0.025,0.0
2025-10-04,0,wk inc flu hosp,2025-10-11,04,quantile,0.05,0.0
2025-10-04,0,wk inc flu hosp,2025-10-11,04,quantile,0.1,0.0
2025-10-04,0,wk inc flu hosp,2025-10-11,04,quantile,0.15,0.0
2025-10-04,0,wk inc flu hosp,2025-10-11,04,quantile,0.2,0.0
2025-10-04,0,wk inc flu hosp,2025-10-11,04,quantile,0.25,0.0
2025-10-04,0,wk inc flu hosp,2025-10-11,04,quantile,0.3,0.0
2025-10-04,0,wk inc flu hosp,2025-10-11,04,quantile,0.35,0.0
2025-10-04,0,wk inc flu hosp,2025-10-11,04,quantile,0.4,0.0
2025-10-04,0,wk inc flu hosp,2025-10-11,04,quantile,0.45,2.7912757571647617
2025-10-04,0,wk inc flu hosp,2025-10-11,04,quantile,0.5,13.70029553214053
2025-10-04,0,wk inc flu hosp,2025-10-11,04,quantile,0.55,24.60931530711631
2025-10-04,0,wk inc flu hosp,2025-10-11,04,quantile,0.6,35.69407983582729
2025-10-04,0,wk inc flu hosp,2025-10-11,04,quantile,0.65,47.15106375119303
2025-10-04,0,wk inc flu hosp,2025-10-11,04,quantile,0.7,59.224999081093884
2025-10-04,0,wk inc flu hosp,2025-10-11,04,quantile,0.75,72.2546736846648
2025-10-04,0,wk inc flu hosp,2025-10-11,04,quantile,0.8,86.76383424046925
2025-10-04,0,wk inc flu hosp,2025-10-11,04,quantile,0.85,103.67603289609491
2025-10-04,0,wk inc flu hosp,2025-10-11,04,quantile,0.9,124.9554405792564
2025-10-04,0,wk inc flu hosp,2025-10-11,04,quantile,0.95,156.49472828677946
2025-10-04,0,wk inc flu hosp,2025-10-11,04,quantile,0.975,183.8503567935952
2025-10-04,0,wk inc flu hosp,2025-10-11,04,quantile,0.99,215.65718678409542
2025-10-11,0,wk inc flu hosp,2025-10-18,04,quantile,0.01,0.0
2025-10-11,0,wk inc flu hosp,2025-10-18,04,quantile,0.025,0.0
2025-10-11,0,wk inc flu hosp,2025-10-18,04,quantile,0.05,0.0
2025-10-11,0,wk inc flu hosp,2025-10-18,04,quantile,0.1,0.0
2025-10-11,0,wk inc flu hosp,2025-10-18,04,quantile,0.15,0.0
2025-10-11,0,wk inc flu hosp,2025-10-18,04,quantile,0.2,0.0
2025-10-11,0,wk inc flu hosp,2025-10-18,04,quantile,0.25,0.0
2025-10-11,0,wk inc flu hosp,2025-10-18,04,quantile,0.3,0.0
2025-10-11,0,wk inc flu hosp,2025-10-18,04,quantile,0.35,0.0
2025-10-11,0,wk inc flu hosp,2025-10-18,04,quantile,0.4,0.0
2025-10-11,0,wk inc flu hosp,2025-10-18,04,quantile,0.45,0.0
2025-10-11,0,wk inc flu hosp,2025-10-18,04,quantile,0.5,7.719581582765989
2025-10-11,0,wk inc flu hosp,2025-10-18,04,quantile,0.55,21.533890124730295
2025-10-11,0,wk inc flu hosp,2025-10-18,04,quantile,0.6,35.57074774102103
2025-10-11,0,wk inc flu hosp,2025-10-18,04,quantile,0.65,50.078954163952005
2025-10-11,0,wk inc flu hosp,2025-10-18,04,quantile,0.7,65.36841842412146
2025-10-11,0,wk inc flu hosp,2025-10-18,04,quantile,0.75,81.86815432046826
2025-10-11,0,wk inc flu hosp,2025-10-18,04,quantile,0.8,100.24139268076136
2025-10-11,0,wk inc flu hosp,2025-10-18,04,quantile,0.85,121.65764594374764
2025-10-11,0,wk inc flu hosp,2025-10-18,04,quantile,0.9,148.60418279023452
2025-10-11,0,wk inc flu hosp,2025-10-18,04,quantile,0.95,188.54300961177384
2025-10-11,0,wk inc flu hosp,2025-10-18,04,quantile,0.975,223.18398564331156
2025-10-11,0,wk inc flu hosp,2025-10-18,04,quantile,0.99,263.4616065747989
2025-10-18,0,wk inc flu hosp,2025-10-25,04,quantile,0.01,0.0
2025-10-18,0,wk inc flu hosp,2025-10-25,04,quantile,0.025,0.0
2025-10-18,0,wk inc flu hosp,2025-10-25,04,quantile,0.05,0.0
2025-10-18,0,wk inc flu hosp,2025-10-25,04,quantile,0.1,0.0
2025-10-18,0,wk inc flu hosp,2025-10-25,04,quantile,0.15,0.0
2025-10-18,0,wk inc flu hosp,2025-10-25,04,quantile,0.2,0.0
2025-10-18,0,wk inc flu hosp,2025-10-25,04,quantile,0.25,0.0
2025-10-18,0,wk inc flu hosp,2025-10-25,04,quantile,0.3,0.0
2025-10-18,0,wk inc flu hosp,2025-10-25,04,quantile,0.35,0.0
2025-10-18,0,wk inc flu hosp,2025-10-25,04,quantile,0.4,0.0
2025-10-18,0,wk inc flu hosp,2025-10-25,04,quantile,0.45,0.10439042646529906
2025-10-18,0,wk inc flu hosp,2025-10-25,04,quantile,0.5,13.674373971944595
2025-10-18,0,wk inc flu hosp,2025-10-25,04,quantile,0.55,27.244357517423907
2025-10-18,0,wk inc flu hosp,2025-10-25,04,quantile,0.6,41.03295405156619
2025-10-18,0,wk inc flu hosp,2025-10-25,04,quantile,0.65,55.28456294212569
2025-10-18,0,wk inc flu hosp,2025-10-25,04,quantile,0.7,70.30361205337361
2025-10-18,0,wk inc flu hosp,2025-10-25,04,quantile,0.75,86.51152748671048
2025-10-18,0,wk inc flu hosp,2025-10-25,04,quantile,0.8,104.55980992292238
2025-10-18,0,wk inc flu hosp,2025-10-25,04,quantile,0.85,125.59728736898624
2025-10-18,0,wk inc flu hosp,2025-10-25,04,quantile,0.9,152.0672377471529
2025-10-18,0,wk inc flu hosp,2025-10-25,04,quantile,0.95,191.29969162985526
2025-10-18,0,wk inc flu hosp,2025-10-25,04,quantile,0.975,225.32799448115875
2025-10-18,0,wk inc flu hosp,2025-10-25,04,quantile,0.99,264.8932504352304
2025-10-25,0,wk inc flu hosp,2025-11-01,04,quantile,0.01,0.0
2025-10-25,0,wk inc flu hosp,2025-11-01,04,quantile,0.025,0.0
2025-10-25,0,wk inc flu hosp,2025-11-01,04,quantile,0.05,0.0
2025-10-25,0,wk inc flu hosp,2025-11-01,04,quantile,0.1,0.0
2025-10-25,0,wk inc flu hosp,2025-11-01,04,quantile,0.15,0.0
2025-10-25,0,wk inc flu hosp,2025-11-01,04,quantile,0.2,0.0
2025-10-25,0,wk inc flu hosp,2025-11-01,04,quantile,0.25,0.0
2025-10-25,0,wk inc flu hosp,2025-11-01,04,quantile,0.3,0.0
2025-10-25,0,wk inc flu hosp,2025-11-01,04,quantile,0.35,0.0
2025-10-25,0,wk inc flu hosp,2025-11-01,04,quantile,0.4,1.487152127970191
2025-10-25,0,wk inc flu hosp,2025-11-01,04,quantile,0.45,11.416432260885403
2025-10-25,0,wk inc flu hosp,2025-11-01,04,quantile,0.5,21.188287408614197
2025-10-25,0,wk inc flu hosp,2025-11-01,04,quantile,0.55,30.960142556343
2025-10-25,0,wk inc flu hosp,2025-11-01,04,quantile,0.6,40.889422689258204
2025-10-25,0,wk inc flu hosp,2025-11-01,04,quantile,0.65,51.15212177315104
2025-10-25,0,wk inc flu hosp,2025-11-01,04,quantile,0.7,61.96746078073831
2025-10-25,0,wk inc flu hosp,2025-11-01,04,quantile,0.75,73.63891206366702
2025-10-25,0,wk inc flu hosp,2025-11-01,04,quantile,0.8,86.63562654315619
2025-10-25,0,wk inc flu hosp,2025-11-01,04,quantile,0.85,101.7848845792894
2025-10-25,0,wk inc flu hosp,2025-11-01,04,quantile,0.9,120.84611040879187
2025-10-25,0,wk inc flu hosp,2025-11-01,04,quantile,0.95,149.0977184632051
2025-10-25,0,wk inc flu hosp,2025-11-01,04,quantile,0.975,173.60177517569537
2025-10-25,0,wk inc flu hosp,2025-11-01,04,quantile,0.99,202.09303669935454
2025-11-01,0,wk inc flu hosp,2025-11-08,04,quantile,0.01,0.0
2025-11-01,0,wk inc flu hosp,2025-11-08,04,quantile,0.025,0.0
2025-11-01,0,wk inc flu hosp,2025-11-08,04,quantile,0.05,0.0
2025-11-01,0,wk inc flu hosp,2025-11-08,04,quantile,0.1,0.0
2025-11-01,0,wk inc flu hosp,2025-11-08,04,quantile,0.15,0.0
2025-11-01,0,wk inc flu hosp,2025-11-08,04,quantile,0.2,0.0
2025-11-01,0,wk inc flu hosp,2025-11-08,04,quantile,0.25,0.0
2025-11-01,0,wk inc flu hosp,2025-11-08,04,quantile,0.3,0.0
2025-11-01,0,wk inc flu hosp,2025-11-08,04,quantile,0.35,0.0
2025-11-01,0,wk inc flu hosp,2025-11-08,04,quantile,0.4,0.0
2025-11-01,0,wk inc flu hosp,2025-11-08,04,quantile,0.45,3.229447542175153
2025-11-01,0,wk inc flu hosp,2025-11-08,04,quantile,0.5,15.676051895179427
2025-11-01,0,wk inc flu hosp,2025-11-08,04,quantile,0.55,28.122656248183716
2025-11-01,0,wk inc flu hosp,2025-11-08,04,quantile,0.6,40.769775905218886
2025-11-01,0,wk inc flu hosp,2025-11-08,04,quantile,0.65,53.841577846618144
2025-11-01,0,wk inc flu hosp,2025-11-08,04,quantile,0.7,67.617288142768
2025-11-01,0,wk inc flu hosp,2025-11-08,04,quantile,0.75,82.48344550468325
2025-11-01,0,wk inc flu hosp,2025-11-08,04,quantile,0.8,99.03761670039131
2025-11-01,0,wk inc flu hosp,2025-11-08,04,quantile,0.85,118.33352501736482
2025-11-01,0,wk inc flu hosp,2025-11-08,04,quantile,0.9,142.6121837568187
2025-11-01,0,wk inc flu hosp,2025-11-08,04,quantile,0.95,178.59681333569233
2025-11-01,0,wk inc flu hosp,2025-11-08,04,quantile,0.975,209.80811296438486
2025-11-01,0,wk inc flu hosp,2025-11-08,04,quantile,0.99,246.09799388688108
2025-11-08,0,wk inc flu hosp,2025-11-15,04,quantile,0.01,0.0
2025-11-08,0,wk inc flu hosp,2025-11-15,04,quantile,0.025,0.0
2025-11-08,0,wk inc flu hosp,2025-11-15,04,quantile,0.05,0.0
2025-11-08,0,wk inc flu hosp,2025-11-15,04,quantile,0.1,0.0
2025-11-08,0,wk inc flu hosp,2025-11-15,04,quantile,0.15,0.0
2025-11-08,0,wk inc flu hosp,2025-11-15,04,quantile,0.2,0.0
2025-11-08,0,wk inc flu hosp,2025-11-15,04,quantile,0.25,0.0
2025-11-08,0,wk inc flu hosp,2025-11-15,04,quantile,0.3,0.0
2025-11-08,0,wk inc flu hosp,2025-11-15,04,quantile,0.35,0.0
2025-11-08,0,wk inc flu hosp,2025-11-15,04,quantile,0.4,5.448348664939299
2025-11-08,0,wk inc flu hosp,2025-11-15,04,quantile,0.45,17.912163588573613
2025-11-08,0,wk inc flu hosp,2025-11-15,04,quantile,0.5,30.17836943547184
2025-11-08,0,wk inc flu hosp,2025-11-15,04,quantile,0.55,42.44457528237008
2025-11-08,0,wk inc flu hosp,2025-11-15,04,quantile,0.6,54.908390206004384
2025-11-08,0,wk inc flu hosp,2025-11-15,04,quantile,0.65,67.79073215691447
2025-11-08,0,wk inc flu hosp,2025-11-15,04,quantile,0.7,81.36678016064357
2025-11-08,0,wk inc flu hosp,2025-11-15,04,quantile,0.75,96.01747051617167
2025-11-08,0,wk inc flu hosp,2025-11-15,04,quantile,0.8,112.33170898253185
2025-11-08,0,wk inc flu hosp,2025-11-15,04,quantile,0.85,131.34794640006837
2025-11-08,0,wk inc flu hosp,2025-11-15,04,quantile,0.9,155.27471528726716
2025-11-08,0,wk inc flu hosp,2025-11-15,04,quantile,0.95,190.73779109655854
2025-11-08,0,wk inc flu hosp,2025-11-15,04,quantile,0.975,221.49672061152722
2025-11-08,0,wk inc flu hosp,2025-11-15,04,quantile,0.99,257.2606235146768
2025-09-13,0,wk inc flu hosp,2025-09-20,05,quantile,0.01,0.0
2025-09-13,0,wk inc flu hosp,2025-09-20,05,quantile,0.025,0.0
2025-09-13,0,wk inc flu hosp,2025-09-20,05,quantile,0.05,0.0
2025-09-13,0,wk inc flu hosp,2025-09-20,05,quantile,0.1,0.0
2025-09-13,0,wk inc flu hosp,2025-09-20,05,quantile,0.15,0.0
2025-09-13,0,wk inc flu hosp,2025-09-20,05,quantile,0.2,0.0
2025-09-13,0,wk inc flu hosp,2025-09-20,05,quantile,0.25,0.0
2025-09-13,0,wk inc flu hosp,2025-09-20,05,quantile,0.3,0.0
2025-09-13,0,wk inc flu hosp,2025-09-20,05,quantile,0.35,0.0
2025-09-13,0,wk inc flu hosp,2025-09-20,05,quantile,0.4,0.0
2025-09-13,0,wk inc flu hosp,2025-09-20,05,quantile,0.45,0.0
2025-09-13,0,wk inc flu hosp,2025-09-20,05,quantile,0.5,2.1098190179965393
2025-09-13,0,wk inc flu hosp,2025-09-20,05,quantile,0.55,7.009959136389545
2025-09-13,0,wk inc flu hosp,2025-09-20,05,quantile,0.6,11.98904071204807
2025-09-13,0,wk inc flu hosp,2025-09-20,05,quantile,0.65,17.1353166999465
2025-09-13,0,wk inc flu hosp,2025-09-20,05,quantile,0.7,22.558716429466312
2025-09-13,0,wk inc flu hosp,2025-09-20,05,quantile,0.75,28.41141745774968
2025-09-13,0,wk inc flu hosp,2025-09-20,05,quantile,0.8,34.928677595712955
2025-09-13,0,wk inc flu hosp,2025-09-20,05,quantile,0.85,42.52534025029574
2025-09-13,0,wk inc flu hosp,2025-09-20,05,quantile,0.9,52.08367651100083
2025-09-13,0,wk inc flu hosp,2025-09-20,05,quantile,0.95,66.25057071314433
2025-09-13,0,wk inc flu hosp,2025-09-20,05,quantile,0.975,78.53823866820593
2025-09-13,0,wk inc flu hosp,2025-09-20,05,quantile,0.99,92.82530816576782
2025-09-20,0,wk inc flu hosp,2025-09-27,05,quantile,0.01,0.0
2025-09-20,0,wk inc flu hosp,2025-09-27,05,quantile,0.025,0.0
2025-09-20,0,wk inc flu hosp,2025-09-27,05,quantile,0.05,0.0
2025-09-20,0,wk inc flu hosp,2025-09-27,05,quantile,0.1,0.0
2025-09-20,0,wk inc flu hosp,2025-09-27,05,quantile,0.15,0.0
2025-09-20,0,wk inc flu hosp,2025-09-27,05,quantile,0.2,0.0
2025-09-20,0,wk inc flu hosp,2025-09-27,05,quantile,0.25,0.0
2025-09-20,0,wk inc flu hosp,2025-09-27,05,quantile,0.3,0.0
2025-09-20,0,wk inc flu hosp,2025-09-27,05,quantile,0.35,0.0
2025-09-20,0,wk inc flu hosp,2025-09-27,05,quantile,0.4,0.0
2025-09-20,0,wk inc flu hosp,2025-09-27,05,quantile,0.45,0.0
2025-09-20,0,wk inc flu hosp,2025-09-27,05,quantile,0.5,3.9789946727378775
2025-09-20,0,wk inc flu hosp,2025-09-27,05,quantile,0.55,8.150911697318652
2025-09-20,0,wk inc flu hosp,2025-09-27,05,quantile,0.6,12.390038475407298
2025-09-20,0,wk inc flu hosp,2025-09-27,05,quantile,0.65,16.771512451328157
2025-09-20,0,wk inc flu hosp,2025-09-27,05,quantile,0.7,21.388926059106907
2025-09-20,0,wk inc flu hosp,2025-09-27,05,quantile,0.75,26.37184133698355
2025-09-20,0,wk inc flu hosp,2025-09-27,05,quantile,0.8,31.92055379545655
2025-09-20,0,wk inc flu hosp,2025-09-27,05,quantile,0.85,38.38825583925942
2025-09-20,0,wk inc flu hosp,2025-09-27,05,quantile,0.9,46.52610186187087
2025-09-20,0,wk inc flu hosp,2025-09-27,05,quantile,0.95,58.58761554910394
2025-09-20,0,wk inc flu hosp,2025-09-27,05,quantile,0.975,69.04917989125357
2025-09-20,0,wk inc flu hosp,2025-09-27,05,quantile,0.99,81.21300929778783
2025-09-27,0,wk inc flu hosp,2025-10-04,05,quantile,0.01,0.0
2025-09-27,0,wk inc flu hosp,2025-10-04,05,quantile,0.025,0.0
2025-09-27,0,wk inc flu hosp,2025-10-04,05,quantile,0.05,0.0
2025-09-27,0,wk inc flu hosp,2025-10-04,05,quantile,0.1,0.0
2025-09-27,0,wk inc flu hosp,2025-10-04,05,quantile,0.15,0.0
2025-09-27,0,wk inc flu hosp,2025-10-04,05,quantile,0.2,0.0
2025-09-27,0,wk inc flu hosp,2025-10-04,05,quantile,0.25,0.0
2025-09-27,0,wk inc flu hosp,2025-10-04,05,quantile,0.3,0.0
2025-09-27,0,wk inc flu hosp,2025-10-04,05,quantile,0.35,0.0
2025-09-27,0,wk inc flu hosp,2025-10-04,05,quantile,0.4,0.0
2025-09-27,0,wk inc flu hosp,2025-10-04,05,quantile,0.45,0.0
2025-09-27,0,wk inc flu hosp,2025-10-04,05,quantile,0.5,4.149057811977975
2025-09-27,0,wk inc flu hosp,2025-10-04,05,quantile,0.55,8.513928739686387
2025-09-27,0,wk inc flu hosp,2025-10-04,05,quantile,0.6,12.949117916155856
2025-09-27,0,wk inc flu hosp,2025-10-04,05,quantile,0.65,17.53323794187227
2025-09-27,0,wk inc flu hosp,2025-10-04,05,quantile,0.7,22.364209962420535
2025-09-27,0,wk inc flu hosp,2025-10-04,05,quantile,0.75,27.577588345425035
2025-09-27,0,wk inc flu hosp,2025-10-04,05,quantile,0.8,33.382932400328905
2025-09-27,0,wk inc flu hosp,2025-10-04,05,quantile,0.85,40.149769912614346
2025-09-27,0,wk inc flu hosp,2025-10-04,05,quantile,0.9,48.66399665992931
2025-09-27,0,wk inc flu hosp,2025-10-04,05,quantile,0.95,61.283363279008
2025-09-27,0,wk inc flu hosp,2025-10-04,05,quantile,0.975,72.22878184470645
2025-09-27,0,wk inc flu hosp,2025-10-04,05,quantile,0.99,84.95519635232033
2025-10-04,0,wk inc flu hosp,2025-10-11,05,quantile,0.01,0.0
2025-10-04,0,wk inc flu hosp,2025-10-11,05,quantile,0.025,0.0
2025-10-04,0,wk inc flu hosp,2025-10-11,05,quantile,0.05,0.0
2025-10-04,0,wk inc flu hosp,2025-10-11,05,quantile,0.1,0.0
2025-10-04,0,wk inc flu hosp,2025-10-11,05,quantile,0.15,0.0
2025-10-04,0,wk inc flu hosp,2025-10-11,05,quantile,0.2,0.0
2025-10-04,0,wk inc flu hosp,2025-10-11,05,quantile,0.25,0.0
2025-10-04,0,wk inc flu hosp,2025-10-11,05,quantile,0.3,0.0
2025-10-04,0,wk inc flu hosp,2025-10-11,05,quantile,0.35,0.0
2025-10-04,0,wk inc flu hosp,2025-10-11,05,quantile,0.4,0.0
2025-10-04,0,wk inc flu hosp,2025-10-11,05,quantile,0.45,1.3354024568501748
2025-10-04,0,wk inc flu hosp,2025-10-11,05,quantile,0.5,5.684202840684542
2025-10-04,0,wk inc flu hosp,2025-10-11,05,quantile,0.55,10.033003224518914
2025-10-04,0,wk inc flu hosp,2025-10-11,05,quantile,0.6,14.451862959996749
2025-10-04,0,wk inc flu hosp,2025-10-11,05,quantile,0.65,19.019105212414186
2025-10-04,0,wk inc flu hosp,2025-10-11,05,quantile,0.7,23.832290602132744
2025-10-04,0,wk inc flu hosp,2025-10-11,05,quantile,0.75,29.026474413883328
2025-10-04,0,wk inc flu hosp,2025-10-11,05,quantile,0.8,34.810444403463535
2025-10-04,0,wk inc flu hosp,2025-10-11,05,quantile,0.85,41.552367832164194
2025-10-04,0,wk inc flu hosp,2025-10-11,05,quantile,0.9,50.0352469733844
2025-10-04,0,wk inc flu hosp,2025-10-11,05,quantile,0.95,62.60815171804038
2025-10-04,0,wk inc flu hosp,2025-10-11,05,quantile,0.975,73.51327153672135
2025-10-04,0,wk inc flu hosp,2025-10-11,05,quantile,0.99,86.19283004192619
2025-10-11,0,wk inc flu hosp,2025-10-18,05,quantile,0.01,0.0
2025-10-11,0,wk inc flu hosp,2025-10-18,05,quantile,0.025,0.0
2025-10-11,0,wk inc flu hosp,2025-10-18,05,quantile,0.05,0.0
2025-10-11,0,wk inc flu hosp,2025-10-18,05,quantile,0.1,0.0
2025-10-11,0,wk inc flu hosp,2025-10-18,05,quantile,0.15,0.0
2025-10-11,0,wk inc flu hosp,2025-10-18,05,quantile,0.2,0.0
2025-10-11,0,wk inc flu hosp,2025-10-18,05,quantile,0.25,0.0
2025-10-11,0,wk inc flu hosp,2025-10-18,05,quantile,0.3,0.0
2025-10-11,0,wk inc flu hosp,2025-10-18,05,quantile,0.35,0.0
2025-10-11,0,wk inc flu hosp,2025-10-18,05,quantile,0.4,0.0
2025-10-11,0,wk inc flu hosp,2025-10-18,05,quantile,0.45,3.124290471984435
2025-10-11,0,wk inc flu hosp,2025-10-18,05,quantile,0.5,7.339850348063133
2025-10-11,0,wk inc flu hosp,2025-10-18,05,quantile,0.55,11.555410224141836
2025-10-11,0,wk inc flu hosp,2025-10-18,05,quantile,0.6,15.838882941846961
2025-10-11,0,wk inc flu hosp,2025-10-18,05,quantile,0.65,20.266191966007394
2025-10-11,0,wk inc flu hosp,2025-10-18,05,quantile,0.7,24.931908810691745
2025-10-11,0,wk inc flu hosp,2025-10-18,05,quantile,0.75,29.966950875898487
2025-10-11,0,wk inc flu hosp,2025-10-18,05,quantile,0.8,35.573708983986045
2025-10-11,0,wk inc flu hosp,2025-10-18,05,quantile,0.85,42.10907032162612
2025-10-11,0,wk inc flu hosp,2025-10-18,05,quantile,0.9,50.33204718537973
2025-10-11,0,wk inc flu hosp,2025-10-18,05,quantile,0.95,62.51973760325979
2025-10-11,0,wk inc flu hosp,2025-10-18,05,quantile,0.975,73.09074144200784
2025-10-11,0,wk inc flu hosp,2025-10-18,05,quantile,0.99,85.38181791441319
2025-10-18,0,wk inc flu hosp,2025-10-25,05,quantile,0.01,0.0
2025-10-18,0,wk inc flu hosp,2025-10-25,05,quantile,0.025,0.0
2025-10-18,0,wk inc flu hosp,2025-10-25,05,quantile,0.05,0.0
2025-10-18,0,wk inc flu hosp,2025-10-25,05,quantile,0.1,0.0
2025-10-18,0,wk inc flu hosp,2025-10-25,05,quantile,0.15,0.0
2025-10-18,0,wk inc flu hosp,2025-10-25,05,quantile,0.2,0.0
2025-10-18,0,wk inc flu hosp,2025-10-25,05,quantile,0.25,0.0
2025-10-18,0,wk inc flu hosp,2025-10-25,05,quantile,0.3,0.0
2025-10-18,0,wk inc flu hosp,2025-10-25,05,quantile,0.35,0.0
2025-10-18,0,wk inc flu hosp,2025-10-25,05,quantile,0.4,0.0
2025-10-18,0,wk inc flu hosp,2025-10-25,05,quantile,0.45,3.8677662564726702
2025-10-18,0,wk inc flu hosp,2025-10-25,05,quantile,0.5,7.80283390370985
2025-10-18,0,wk inc flu hosp,2025-10-25,05,quantile,0.55,11.737901550947033
2025-10-18,0,wk inc flu hosp,2025-10-25,05,quantile,0.6,15.73636329855806
2025-10-18,0,wk inc flu hosp,2025-10-25,05,quantile,0.65,19.869090864392234
2025-10-18,0,wk inc flu hosp,2025-10-25,05,quantile,0.7,24.224363223556363
2025-10-18,0,wk inc flu hosp,2025-10-25,05,quantile,0.75,28.924386877758028
2025-10-18,0,wk inc flu hosp,2025-10-25,05,quantile,0.8,34.15808609816692
2025-10-18,0,wk inc flu hosp,2025-10-25,05,quantile,0.85,40.25860173991701
2025-10-18,0,wk inc flu hosp,2025-10-25,05,quantile,0.9,47.93444342447066
2025-10-18,0,wk inc flu hosp,2025-10-25,05,quantile,0.95,59.311197086561705
2025-10-18,0,wk inc flu hosp,2025-10-25,05,quantile,0.975,69.17883422788762
2025-10-18,0,wk inc flu hosp,2025-10-25,05,quantile,0.99,80.65209490928268
2025-10-25,0,wk inc flu hosp,2025-11-01,05,quantile,0.01,0.0
2025-10-25,0,wk inc flu hosp,2025-11-01,05,quantile,0.025,0.0
2025-10-25,0,wk inc flu hosp,2025-11-01,05,quantile,0.05,0.0
2025-10-25,0,wk inc flu hosp,2025-11-01,05,quantile,0.1,0.0
2025-10-25,0,wk inc flu hosp,2025-11-01,05,quantile,0.15,0.0
2025-10-25,0,wk inc flu hosp,2025-11-01,05,quantile,0.2,0.0
2025-10-25,0,wk inc flu hosp,2025-11-01,05,quantile,0.25,0.0
2025-10-25,0,wk inc flu hosp,2025-11-01,05,quantile,0.3,0.0
2025-10-25,0,wk inc flu hosp,2025-11-01,05,quantile,0.35,0.0
2025-10-25,0,wk inc flu hosp,2025-11-01,05,quantile,0.4,0.0
2025-10-25,0,wk inc flu hosp,2025-11-01,05,quantile,0.45,1.6902011275389452
2025-10-25,0,wk inc flu hosp,2025-11-01,05,quantile,0.5,5.683543371119372
2025-10-25,0,wk inc flu hosp,2025-11-01,05,quantile,0.55,9.676885614699803
2025-10-25,0,wk inc flu hosp,2025-11-01,05,quantile,0.6,13.734560764779157
2025-10-25,0,wk inc flu hosp,2025-11-01,05,quantile,0.65,17.92849008171021
2025-10-25,0,wk inc flu hosp,2025-11-01,05,quantile,0.7,22.348259867970256
2025-10-25,0,wk inc flu hosp,2025-11-01,05,quantile,0.75,27.117886386926898
2025-10-25,0,wk inc flu hosp,2025-11-01,05,quantile,0.8,32.429091697902095
2025-10-25,0,wk inc flu hosp,2025-11-01,05,quantile,0.85,38.61995015415455
2025-10-25,0,wk inc flu hosp,2025-11-01,05,quantile,0.9,46.409463728459855
2025-10-25,0,wk inc flu hosp,2025-11-01,05,quantile,0.95,57.9546962546488
2025-10-25,0,wk inc flu hosp,2025-11-01,05,quantile,0.975,67.96846368465633
2025-10-25,0,wk inc flu hosp,2025-11-01,05,quantile,0.99,79.61163240700172
2025-11-01,0,wk inc flu hosp,2025-11-08,05,quantile,0.01,0.0
2025-11-01,0,wk inc flu hosp,2025-11-08,05,quantile,0.025,0.0
2025-11-01,0,wk inc flu hosp,2025-11-08,05,quantile,0.05,0.0
2025-11-01,0,wk inc flu hosp,2025-11-08,05,quantile,0.1,0.0
2025-11-01,0,wk inc flu hosp,2025-11-08,05,quantile,0.15,0.0
2025-11-01,0,wk inc flu hosp,2025-11-08,05,quantile,0.2,0.0
2025-11-01,0,wk inc flu hosp,2025-11-08,05,quantile,0.25,0.0
2025-11-01,0,wk inc flu hosp,2025-11-08,05,quantile,0.3,0.0
2025-11-01,0,wk inc flu hosp,2025-11-08,05,quantile,0.35,0.0
2025-11-01,0,wk inc flu hosp,2025-11-08,05,quantile,0.4,0.0
2025-11-01,0,wk inc flu hosp,2025-11-08,05,quantile,0.45,3.4058747511866527
2025-11-01,0,wk inc flu hosp,2025-11-08,05,quantile,0.5,7.404552031845264
2025-11-01,0,wk inc flu hosp,2025-11-08,05,quantile,0.55,11.403229312503878
2025-11-01,0,wk inc flu hosp,2025-11-08,05,quantile,0.6,15.46632544732645
2025-11-01,0,wk inc flu hosp,2025-11-08,05,quantile,0.65,19.66585778224202
2025-11-01,0,wk inc flu hosp,2025-11-08,05,quantile,0.7,24.091532305498916
2025-11-01,0,wk inc flu hosp,2025-11-08,05,quantile,0.75,28.86753096407585
2025-11-01,0,wk inc flu hosp,2025-11-08,05,quantile,0.8,34.1858319546937
2025-11-01,0,wk inc flu hosp,2025-11-08,05,quantile,0.85,40.38496129217678
2025-11-01,0,wk inc flu hosp,2025-11-08,05,quantile,0.9,48.18488152366424
2025-11-01,0,wk inc flu hosp,2025-11-08,05,quantile,0.95,59.745538283451616
2025-11-01,0,wk inc flu hosp,2025-11-08,05,quantile,0.975,69.77268393582845
2025-11-01,0,wk inc flu hosp,2025-11-08,05,quantile,0.99,81.43140773285876
2025-11-08,0,wk inc flu hosp,2025-11-15,05,quantile,0.01,0.0
2025-11-08,0,wk inc flu hosp,2025-11-15,05,quantile,0.025,0.0
2025-11-08,0,wk inc flu hosp,2025-11-15,05,quantile,0.05,0.0
2025-11-08,0,wk inc flu hosp,2025-11-15,05,quantile,0.1,0.0
2025-11-08,0,wk inc flu hosp,2025-11-15,05,quantile,0.15,0.0
2025-11-08,0,wk inc flu hosp,2025-11-15,05,quantile,0.2,0.0
2025-11-08,0,wk inc flu hosp,2025-11-15,05,quantile,0.25,0.0
2025-11-08,0,wk inc flu hosp,2025-11-15,05,quantile,0.3,0.0
2025-11-08,0,wk inc flu hosp,2025-11-15,05,quantile,0.35,0.0
2025-11-08,0,wk inc flu hosp,2025-11-15,05,quantile,0.4,0.0
2025-11-08,0,wk inc flu hosp,2025-11-15,05,quantile,0.45,2.273227822113672
2025-11-08,0,wk inc flu hosp,2025-11-15,05,quantile,0.5,5.657199009990312
2025-11-08,0,wk inc flu hosp,2025-11-15,05,quantile,0.55,9.041170197866956
2025-11-08,0,wk inc flu hosp,2025-11-15,05,quantile,0.6,12.479657299668755
2025-11-08,0,wk inc flu hosp,2025-11-15,05,quantile,0.65,16.033606625024145
2025-11-08,0,wk inc flu hosp,2025-11-15,05,quantile,0.7,19.778933897635227
2025-11-08,0,wk inc flu hosp,2025-11-15,05,quantile,0.75,23.82073090189356
2025-11-08,0,wk inc flu hosp,2025-11-15,05,quantile,0.8,28.321463533595796
2025-11-08,0,wk inc flu hosp,2025-11-15,05,quantile,0.85,33.567617097783504
2025-11-08,0,wk inc flu hosp,2025-11-15,05,quantile,0.9,40.1684762015575
2025-11-08,0,wk inc flu hosp,2025-11-15,05,quantile,0.95,49.95194374400651
2025-11-08,0,wk inc flu hosp,2025-11-15,05,quantile,0.975,58.43764278964116
2025-11-08,0,wk inc flu hosp,2025-11-15,05,quantile,0.99,68.30410178281706
2025-09-13,0,wk inc flu hosp,2025-09-20,06,quantile,0.01,0.0
2025-09-13,0,wk inc flu hosp,2025-09-20,06,quantile,0.025,0.0
2025-09-13,0,wk inc flu hosp,2025-09-20,06,quantile,0.05,0.0
2025-09-13,0,wk inc flu hosp,2025-09-20,06,quantile,0.1,0.0
2025-09-13,0,wk inc flu hosp,2025-09-20,06,quantile,0.15,0.0
2025-09-13,0,wk inc flu hosp,2025-09-20,06,quantile,0.2,0.0
2025-09-13,0,wk inc flu hosp,2025-09-20,06,quantile,0.25,0.0
2025-09-13,0,wk inc flu hosp,2025-09-20,06,quantile,0.3,0.0
2025-09-13,0,wk inc flu hosp,2025-09-20,06,quantile,0.35,0.0
2025-09-13,0,wk inc flu hosp,2025-09-20,06,quantile,0.4,0.0
2025-09-13,0,wk inc flu hosp,2025-09-20,06,quantile,0.45,30.47802654528563
2025-09-13,0,wk inc flu hosp,2025-09-20,06,quantile,0.5,62.92177069035354
2025-09-13,0,wk inc flu hosp,2025-09-20,06,quantile,0.55,95.3655148354215
2025-09-13,0,wk inc flu hosp,2025-09-20,06,quantile,0.6,128.33192902258637
2025-09-13,0,wk inc flu hosp,2025-09-20,06,quantile,0.65,162.40533456145477
2025-09-13,0,wk inc flu hosp,2025-09-20,06,quantile,0.7,198.31357166686144
2025-09-13,0,wk inc flu hosp,2025-09-20,06,quantile,0.75,237.06420534904146
2025-09-13,0,wk inc flu hosp,2025-09-20,06,quantile,0.8,280.2148735614177
2025-09-13,0,wk inc flu hosp,2025-09-20,06,quantile,0.85,330.5122474255969
2025-09-13,0,wk inc flu hosp,2025-09-20,06,quantile,0.9,393.7978287767974
2025-09-13,0,wk inc flu hosp,2025-09-20,06,quantile,0.95,487.59659365279526
2025-09-13,0,wk inc flu hosp,2025-09-20,06,quantile,0.975,568.9530335997224
2025-09-13,0,wk inc flu hosp,2025-09-20,06,quantile,0.99,663.5474770569261
2025-09-20,0,wk inc flu hosp,2025-09-27,06,quantile,0.01,0.0
2025-09-20,0,wk inc flu hosp,2025-09-27,06,quantile,0.025,0.0
2025-09-20,0,wk inc flu hosp,2025-09-27,06,quantile,0.05,0.0
2025-09-20,0,wk inc flu hosp,2025-09-27,06,quantile,0.1,0.0
2025-09-20,0,wk inc flu hosp,2025-09-27,06,quantile,0.15,0.0
2025-09-20,0,wk inc flu hosp,2025-09-27,06,quantile,0.2,0.0
2025-09-20,0,wk inc flu hosp,2025-09-27,06,quantile,0.25,0.0
2025-09-20,0,wk inc flu hosp,2025-09-27,06,quantile,0.3,0.0
2025-09-20,0,wk inc flu hosp,2025-09-27,06,quantile,0.35,0.0
2025-09-20,0,wk inc flu hosp,2025-09-27,06,quantile,0.4,3.1933461981660898
2025-09-20,0,wk inc flu hosp,2025-09-27,06,quantile,0.45,34.802824510315276
2025-09-20,0,wk inc flu hosp,2025-09-27,06,quantile,0.5,65.91114648601014
2025-09-20,0,wk inc flu hosp,2025-09-27,06,quantile,0.55,97.01946846170505
2025-09-20,0,wk inc flu hosp,2025-09-27,06,quantile,0.6,128.62894677385418
2025-09-20,0,wk inc flu hosp,2025-09-27,06,quantile,0.65,161.29985138868668
2025-09-20,0,wk inc flu hosp,2025-09-27,06,quantile,0.7,195.73006377292518
2025-09-20,0,wk inc flu hosp,2025-09-27,06,quantile,0.75,232.88567639141263
2025-09-20,0,wk inc flu hosp,2025-09-27,06,quantile,0.8,274.26021301131885
2025-09-20,0,wk inc flu hosp,2025-09-27,06,quantile,0.85,322.48728858257806
2025-09-20,0,wk inc flu hosp,2025-09-27,06,quantile,0.9,383.16796194411603
2025-09-20,0,wk inc flu hosp,2025-09-27,06,quantile,0.95,473.1058607771834
2025-09-20,0,wk inc flu hosp,2025-09-27,06,quantile,0.975,551.1135752181825
2025-09-20,0,wk inc flu hosp,2025-09-27,06,quantile,0.99,641.8144015784378
2025-09-27,0,wk inc flu hosp,2025-10-04,06,quantile,0.01,0.0
2025-09-27,0,wk inc flu hosp,2025-10-04,06,quantile,0.025,0.0
2025-09-27,0,wk inc flu hosp,2025-10-04,06,quantile,0.05,0.0
2025-09-27,0,wk inc flu hosp,2025-10-04,06,quantile,0.1,0.0
2025-09-27,0,wk inc flu hosp,2025-10-04,06,quantile,0.15,0.0
2025-09-27,0,wk inc flu hosp,2025-10-04,06,quantile,0.2,0.0
2025-09-27,0,wk inc flu hosp,2025-10-04,06,quantile,0.25,0.0
2025-09-27,0,wk inc flu hosp,2025-10-04,06,quantile,0.3,0.0
2025-09-27,0,wk inc flu hosp,2025-10-04,06,quantile,0.35,0.0
2025-09-27,0,wk inc flu hosp,2025-10-04,06,quantile,0.4,25.405638987064144
2025-09-27,0,wk inc flu hosp,2025-10-04,06,quantile,0.45,54.967886149295
2025-09-27,0,wk inc flu hosp,2025-10-04,06,quantile,0.5,84.06143505150153
2025-09-27,0,wk inc flu hosp,2025-10-04,06,quantile,0.55,113.1549839537081
2025-09-27,0,wk inc flu hosp,2025-10-04,06,quantile,0.6,142.71723111593892
2025-09-27,0,wk inc flu hosp,2025-10-04,06,quantile,0.65,173.2721598528086
2025-09-27,0,wk inc flu hosp,2025-10-04,06,quantile,0.7,205.47245238214634
2025-09-27,0,wk inc flu hosp,2025-10-04,06,quantile,0.75,240.2216308673115
2025-09-27,0,wk inc flu hosp,2025-10-04,06,quantile,0.8,278.91648896341394
2025-09-27,0,wk inc flu hosp,2025-10-04,06,quantile,0.85,324.0200719415986
2025-09-27,0,wk inc flu hosp,2025-10-04,06,quantile,0.9,380.77067839481896
2025-09-27,0,wk inc flu hosp,2025-10-04,06,quantile,0.95,464.88362604612354
2025-09-27,0,wk inc flu hosp,2025-10-04,06,quantile,0.975,537.8390640350888
2025-09-27,0,wk inc flu hosp,2025-10-04,06,quantile,0.99,622.6655271675055
2025-10-04,0,wk inc flu hosp,2025-10-11,06,quantile,0.01,0.0
2025-10-04,0,wk inc flu hosp,2025-10-11,06,quantile,0.025,0.0
2025-10-04,0,wk inc flu hosp,2025-10-11,06,quantile,0.05,0.0
2025-10-04,0,wk inc flu hosp,2025-10-11,06,quantile,0.1,0.0
2025-10-04,0,wk inc flu hosp,2025-10-11,06,quantile,0.15,0.0
2025-10-04,0,wk inc flu hosp,2025-10-11,06,quantile,0.2,0.0
2025-10-04,0,wk inc flu hosp,2025-10-11,06,quantile,0.25,0.0
2025-10-04,0,wk inc flu hosp,2025-10-11,06,quantile,0.3,0.0
2025-10-04,0,wk inc flu hosp,2025-10-11,06,quantile,0.35,0.0
2025-10-04,0,wk inc flu hosp,2025-10-11,06,quantile,0.4,15.108341619825687
2025-10-04,0,wk inc flu hosp,2025-10-11,06,quantile,0.45,46.276901158157955
2025-10-04,0,wk inc flu hosp,2025-10-11,06,quantile,0.5,76.95129496061392
2025-10-04,0,wk inc flu hosp,2025-10-11,06,quantile,0.55,107.62568876306992
2025-10-04,0,wk inc flu hosp,2025-10-11,06,quantile,0.6,138.79424830140215
2025-10-04,0,wk inc flu hosp,2025-10-11,06,quantile,0.65,171.00942836867938
2025-10-04,0,wk inc flu hosp,2025-10-11,06,quantile,0.7,204.9593757236504
2025-10-04,0,wk inc flu hosp,2025-10-11,06,quantile,0.75,241.5967068635769
2025-10-04,0,wk inc flu hosp,2025-10-11,06,quantile,0.8,282.3941124794994
2025-10-04,0,wk inc flu hosp,2025-10-11,06,quantile,0.85,329.94847137964916
2025-10-04,0,wk inc flu hosp,2025-10-11,06,quantile,0.9,389.7827135590986
2025-10-04,0,wk inc flu hosp,2025-10-11,06,quantile,0.95,478.4660738742713
2025-10-04,0,wk inc flu hosp,2025-10-11,06,quantile,0.975,555.3856632453173
2025-10-04,0,wk inc flu hosp,2025-10-11,06,quantile,0.99,644.8213090559913
2025-10-11,0,wk inc flu hosp,2025-10-18,06,quantile,0.01,0.0
2025-10-11,0,wk inc flu hosp,2025-10-18,06,quantile,0.025,0.0
2025-10-11,0,wk inc flu hosp,2025-10-18,06,quantile,0.05,0.0
2025-10-11,0,wk inc flu hosp,2025-10-18,06,quantile,0.1,0.0
2025-10-11,0,wk inc flu hosp,2025-10-18,06,quantile,0.15,0.0
2025-10-11,0,wk inc flu hosp,2025-10-18,06,quantile,0.2,0.0
2025-10-11,0,wk inc flu hosp,2025-10-18,06,quantile,0.25,0.0
2025-10-11,0,wk inc flu hosp,2025-10-18,06,quantile,0.3,0.0
2025-10-11,0,wk inc flu hosp,2025-10-18,06,quantile,0.35,5.817305126718537
2025-10-11,0,wk inc flu hosp,2025-10-18,06,quantile,0.4,34.773814840908635
2025-10-11,0,wk inc flu hosp,2025-10-18,06,quantile,0.45,62.78957310034435
2025-10-11,0,wk inc flu hosp,2025-10-18,06,quantile,0.5,90.36115209703999
2025-10-11,0,wk inc flu hosp,2025-10-18,06,quantile,0.55,117.93273109373567
2025-10-11,0,wk inc flu hosp,2025-10-18,06,quantile,0.6,145.94848935317134
2025-10-11,0,wk inc flu hosp,2025-10-18,06,quantile,0.65,174.90499906736144
2025-10-11,0,wk inc flu hosp,2025-10-18,06,quantile,0.7,205.4207987098729
2025-10-11,0,wk inc flu hosp,2025-10-18,06,quantile,0.75,238.35214451764898
2025-10-11,0,wk inc flu hosp,2025-10-18,06,quantile,0.8,275.02275972340345
2025-10-11,0,wk inc flu hosp,2025-10-18,06,quantile,0.85,317.7668403887471
2025-10-11,0,wk inc flu hosp,2025-10-18,06,quantile,0.9,371.54865415766403
2025-10-11,0,wk inc flu hosp,2025-10-18,06,quantile,0.95,451.26140383314214
2025-10-11,0,wk inc flu hosp,2025-10-18,06,quantile,0.975,520.4003262971089
2025-10-11,0,wk inc flu hosp,2025-10-18,06,quantile,0.99,600.7892653408547
2025-10-18,0,wk inc flu hosp,2025-10-25,06,quantile,0.01,0.0
2025-10-18,0,wk inc flu hosp,2025-10-25,06,quantile,0.025,0.0
2025-10-18,0,wk inc flu hosp,2025-10-25,06,quantile,0.05,0.0
2025-10-18,0,wk inc flu hosp,2025-10-25,06,quantile,0.1,0.0
2025-10-18,0,wk inc flu hosp,2025-10-25,06,quantile,0.15,0.0
2025-10-18,0,wk inc flu hosp,2025-10-25,06,quantile,0.2,0.0
2025-10-18,0,wk inc flu hosp,2025-10-25,06,quantile,0.25,0.0
2025-10-18,0,wk inc flu hosp,2025-10-25,06,quantile,0.3,0.0
2025-10-18,0,wk inc flu hosp,2025-10-25,06,quantile,0.35,8.108915563317069
2025-10-18,0,wk inc flu hosp,2025-10-25,06,quantile,0.4,38.88295278657817
2025-10-18,0,wk inc flu hosp,2025-10-25,06,quantile,0.45,68.65718994511457
2025-10-18,0,wk inc flu hosp,2025-10-25,06,quantile,0.5,97.95936782232589
2025-10-18,0,wk inc flu hosp,2025-10-25,06,quantile,0.55,127.26154569953724
2025-10-18,0,wk inc flu hosp,2025-10-25,06,quantile,0.6,157.03578285807362
2025-10-18,0,wk inc flu hosp,2025-10-25,06,quantile,0.65,187.8098200813347
2025-10-18,0,wk inc flu hosp,2025-10-25,06,quantile,0.7,220.241019951947
2025-10-18,0,wk inc flu hosp,2025-10-25,06,quantile,0.75,255.23938376386576
2025-10-18,0,wk inc flu hosp,2025-10-25,06,quantile,0.8,294.2117215380123
2025-10-18,0,wk inc flu hosp,2025-10-25,06,quantile,0.85,339.6387409700106
2025-10-18,0,wk inc flu hosp,2025-10-25,06,quantile,0.9,396.79630433642956
2025-10-18,0,wk inc flu hosp,2025-10-25,06,quantile,0.95,481.51242343691376
2025-10-18,0,wk inc flu hosp,2025-10-25,06,quantile,0.975,554.9910227046843
2025-10-18,0,wk inc flu hosp,2025-10-25,06,quantile,0.99,640.425773884602
2025-10-25,0,wk inc flu hosp,2025-11-01,06,quantile,0.01,0.0
2025-10-25,0,wk inc flu hosp,2025-11-01,06,quantile,0.025,0.0
2025-10-25,0,wk inc flu hosp,2025-11-01,06,quantile,0.05,0.0
2025-10-25,0,wk inc flu hosp,2025-11-01,06,quantile,0.1,0.0
2025-10-25,0,wk inc flu hosp,2025-11-01,06,quantile,0.15,0.0
2025-10-25,0,wk inc flu hosp,2025-11-01,06,quantile,0.2,0.0
2025-10-25,0,wk inc flu hosp,2025-11-01,06,quantile,0.25,0.0
2025-10-25,0,wk inc flu hosp,2025-11-01,06,quantile,0.3,15.682447464424612
2025-10-25,0,wk inc flu hosp,2025-11-01,06,quantile,0.35,46.37229240657594
2025-10-25,0,wk inc flu hosp,2025-11-01,06,quantile,0.4,75.49395409019726
2025-10-25,0,wk inc flu hosp,2025-11-01,06,quantile,0.45,103.66949879134584
2025-10-25,0,wk inc flu hosp,2025-11-01,06,quantile,0.5,131.39833087608895
2025-10-25,0,wk inc flu hosp,2025-11-01,06,quantile,0.55,159.1271629608321
2025-10-25,0,wk inc flu hosp,2025-11-01,06,quantile,0.6,187.30270766198063
2025-10-25,0,wk inc flu hosp,2025-11-01,06,quantile,0.65,216.42436934560197
2025-10-25,0,wk inc flu hosp,2025-11-01,06,quantile,0.7,247.1142142877532
2025-10-25,0,wk inc flu hosp,2025-11-01,06,quantile,0.75,280.2333823389508
2025-10-25,0,wk inc flu hosp,2025-11-01,06,quantile,0.8,317.11314651953893
2025-10-25,0,wk inc flu hosp,2025-11-01,06,quantile,0.85,360.1010158587623
2025-10-25,0,wk inc flu hosp,2025-11-01,06,quantile,0.9,414.1895714467448
2025-10-25,0,wk inc flu hosp,2025-11-01,06,quantile,0.95,494.3569587055374
2025-10-25,0,wk inc flu hosp,2025-11-01,06,quantile,0.975,563.8902114711179
2025-10-25,0,wk inc flu hosp,2025-11-01,06,quantile,0.99,644.7376447095924
2025-11-01,0,wk inc flu hosp,2025-11-08,06,quantile,0.01,0.0
2025-11-01,0,wk inc flu hosp,2025-11-08,06,quantile,0.025,0.0
2025-11-01,0,wk inc flu hosp,2025-11-08,06,quantile,0.05,0.0
2025-11-01,0,wk inc flu hosp,2025-11-08,06,quantile,0.1,0.0
2025-11-01,0,wk inc flu hosp,2025-11-08,06,quantile,0.15,0.0
2025-11-01,0,wk inc flu hosp,2025-11-08,06,quantile,0.2,0.0
2025-11-01,0,wk inc flu hosp,2025-11-08,06,quantile,0.25,0.0
2025-11-01,0,wk inc flu hosp,2025-11-08,06,quantile,0.3,21.888772273538194
2025-11-01,0,wk inc flu hosp,2025-11-08,06,quantile,0.35,50.414080007677015
2025-11-01,0,wk inc flu hosp,2025-11-08,06,quantile,0.4,77.48180755144956
2025-11-01,0,wk inc flu hosp,2025-11-08,06,quantile,0.45,103.6701472023083
2025-11-01,0,wk inc flu hosp,2025-11-08,06,quantile,0.5,129.44328062206006
2025-11-01,0,wk inc flu hosp,2025-11-08,06,quantile,0.55,155.21641404181184
2025-11-01,0,wk inc flu hosp,2025-11-08,06,quantile,0.6,181.40475369267057
2025-11-01,0,wk inc flu hosp,2025-11-08,06,quantile,0.65,208.47248123644312
2025-11-01,0,wk inc flu hosp,2025-11-08,06,quantile,0.7,236.9977889705819
2025-11-01,0,wk inc flu hosp,2025-11-08,06,quantile,0.75,267.781081044551
2025-11-01,0,wk inc flu hosp,2025-11-08,06,quantile,0.8,302.0597365541088
2025-11-01,0,wk inc flu hosp,2025-11-08,06,quantile,0.85,342.01569605953136
2025-11-01,0,wk inc flu hosp,2025-11-08,06,quantile,0.9,392.2894167626025
2025-11-01,0,wk inc flu hosp,2025-11-08,06,quantile,0.95,466.80264405682414
2025-11-01,0,wk inc flu hosp,2025-11-08,06,quantile,0.975,531.4317562805109
2025-11-01,0,wk inc flu hosp,2025-11-08,06,quantile,0.99,606.5770663004796
2025-11-08,0,wk inc flu hosp,2025-11-15,06,quantile,0.01,0.0
2025-11-08,0,wk inc flu hosp,2025-11-15,06,quantile,0.025,0.0
2025-11-08,0,wk inc flu hosp,2025-11-15,06,quantile,0.05,0.0
2025-11-08,0,wk inc flu hosp,2025-11-15,06,quantile,0.1,0.0
2025-11-08,0,wk inc flu hosp,2025-11-15,06,quantile,0.15,0.0
2025-11-08,0,wk inc flu hosp,2025-11-15,06,quantile,0.2,29.066127488329528
2025-11-08,0,wk inc flu hosp,2025-11-15,06,quantile,0.25,61.23520706058383
2025-11-08,0,wk inc flu hosp,2025-11-15,06,quantile,0.3,90.12403474366918
2025-11-08,0,wk inc flu hosp,2025-11-15,06,quantile,0.35,116.89383888802061
2025-11-08,0,wk inc flu hosp,2025-11-15,06,quantile,0.4,142.29576519615526
2025-11-08,0,wk inc flu hosp,2025-11-15,06,quantile,0.45,166.8724228733737
2025-11-08,0,wk inc flu hosp,2025-11-15,06,quantile,0.5,191.05942692827742
2025-11-08,0,wk inc flu hosp,2025-11-15,06,quantile,0.55,215.24643098318117
2025-11-08,0,wk inc flu hosp,2025-11-15,06,quantile,0.6,239.82308866039958
2025-11-08,0,wk inc flu hosp,2025-11-15,06,quantile,0.65,265.2250149685342
2025-11-08,0,wk inc flu hosp,2025-11-15,06,quantile,0.7,291.9948191128856
2025-11-08,0,wk inc flu hosp,2025-11-15,06,quantile,0.75,320.883646795971
2025-11-08,0,wk inc flu hosp,2025-11-15,06,quantile,0.8,353.0527263682253
2025-11-08,0,wk inc flu hosp,2025-11-15,06,quantile,0.85,390.54971747271384
2025-11-08,0,wk inc flu hosp,2025-11-15,06,quantile,0.9,437.72949444032133
2025-11-08,0,wk inc flu hosp,2025-11-15,06,quantile,0.95,507.657031048195
2025-11-08,0,wk inc flu hosp,2025-11-15,06,quantile,0.975,568.3087404837719
2025-11-08,0,wk inc flu hosp,2025-11-15,06,quantile,0.99,638.8294602022006
2025-09-13,0,wk inc flu hosp,2025-09-20,08,quantile,0.01,0.0
2025-09-13,0,wk inc flu hosp,2025-09-20,08,quantile,0.025,0.0
2025-09-13,0,wk inc flu hosp,2025-09-20,08,quantile,0.05,0.0
2025-09-13,0,wk inc flu hosp,2025-09-20,08,quantile,0.1,0.0
2025-09-13,0,wk inc flu hosp,2025-09-20,08,quantile,0.15,0.0
2025-09-13,0,wk inc flu hosp,2025-09-20,08,quantile,0.2,0.0
2025-09-13,0,wk inc flu hosp,2025-09-20,08,quantile,0.25,0.0
2025-09-13,0,wk inc flu hosp,2025-09-20,08,quantile,0.3,0.0
2025-09-13,0,wk inc flu hosp,2025-09-20,08,quantile,0.35,0.0
2025-09-13,0,wk inc flu hosp,2025-09-20,08,quantile,0.4,0.0
2025-09-13,0,wk inc flu hosp,2025-09-20,08,quantile,0.45,0.0
2025-09-13,0,wk inc flu hosp,2025-09-20,08,quantile,0.5,3.8248243778896236
2025-09-13,0,wk inc flu hosp,2025-09-20,08,quantile,0.55,9.660305622391483
2025-09-13,0,wk inc flu hosp,2025-09-20,08,quantile,0.6,15.589796707868596
2025-09-13,0,wk inc flu hosp,2025-09-20,08,quantile,0.65,21.71839635621094
2025-09-13,0,wk inc flu hosp,2025-09-20,08,quantile,0.7,28.17701726059199
2025-09-13,0,wk inc flu hosp,2025-09-20,08,quantile,0.75,35.14688470418356
2025-09-13,0,wk inc flu hosp,2025-09-20,08,quantile,0.8,42.9081626231294
2025-09-13,0,wk inc flu hosp,2025-09-20,08,quantile,0.85,51.9548799354016
2025-09-13,0,wk inc flu hosp,2025-09-20,08,quantile,0.9,63.33771606464249
2025-09-13,0,wk inc flu hosp,2025-09-20,08,quantile,0.95,80.20879391385351
2025-09-13,0,wk inc flu hosp,2025-09-20,08,quantile,0.975,94.84193789707983
2025-09-13,0,wk inc flu hosp,2025-09-20,08,quantile,0.99,111.8561301604755
2025-09-20,0,wk inc flu hosp,2025-09-27,08,quantile,0.01,0.0
2025-09-20,0,wk inc flu hosp,2025-09-27,08,quantile,0.025,0.0
2025-09-20,0,wk inc flu hosp,2025-09-27,08,quantile,0.05,0.0
2025-09-20,0,wk inc flu hosp,2025-09-27,08,quantile,0.1,0.0
2025-09-20,0,wk inc flu hosp,2025-09-27,08,quantile,0.15,0.0
2025-09-20,0,wk inc flu hosp,2025-09-27,08,quantile,0.2,0.0
2025-09-20,0,wk inc flu hosp,2025-09-27,08,quantile,0.25,0.0
2025-09-20,0,wk inc flu hosp,2025-09-27,08,quantile,0.3,0.0
2025-09-20,0,wk inc flu hosp,2025-09-27,08,quantile,0.35,0.0
2025-09-20,0,wk inc flu hosp,2025-09-27,08,quantile,0.4,0.0
2025-09-20,0,wk inc flu hosp,2025-09-27,08,quantile,0.45,0.0
2025-09-20,0,wk inc flu hosp,2025-09-27,08,quantile,0.5,0.8068556414893678
2025-09-20,0,wk inc flu hosp,2025-09-27,08,quantile,0.55,6.233363235436738
2025-09-20,0,wk inc flu hosp,2025-09-27,08,quantile,0.6,11.74729208816009
2025-09-20,0,wk inc flu hosp,2025-09-27,08,quantile,0.65,17.446375186632434
2025-09-20,0,wk inc flu hosp,2025-09-27,08,quantile,0.7,23.452350343706705
2025-09-20,0,wk inc flu hosp,2025-09-27,08,quantile,0.75,29.93374185654753
2025-09-20,0,wk inc flu hosp,2025-09-27,08,quantile,0.8,37.15107866241553
2025-09-20,0,wk inc flu hosp,2025-09-27,08,quantile,0.85,45.56376617496547
2025-09-20,0,wk inc flu hosp,2025-09-27,08,quantile,0.9,56.148848040181385
2025-09-20,0,wk inc flu hosp,2025-09-27,08,quantile,0.95,71.83753389673852
2025-09-20,0,wk inc flu hosp,2025-09-27,08,quantile,0.975,85.44512916115983
2025-09-20,0,wk inc flu hosp,2025-09-27,08,quantile,0.99,101.26689940661946
2025-09-27,0,wk inc flu hosp,2025-10-04,08,quantile,0.01,0.0
2025-09-27,0,wk inc flu hosp,2025-10-04,08,quantile,0.025,0.0
2025-09-27,0,wk inc flu hosp,2025-10-04,08,quantile,0.05,0.0
2025-09-27,0,wk inc flu hosp,2025-10-04,08,quantile,0.1,0.0
2025-09-27,0,wk inc flu hosp,2025-10-04,08,quantile,0.15,0.0
2025-09-27,0,wk inc flu hosp,2025-10-04,08,quantile,0.2,0.0
2025-09-27,0,wk inc flu hosp,2025-10-04,08,quantile,0.25,0.0
2025-09-27,0,wk inc flu hosp,2025-10-04,08,quantile,0.3,0.0
2025-09-27,0,wk inc flu hosp,2025-10-04,08,quantile,0.35,0.0
2025-09-27,0,wk inc flu hosp,2025-10-04,08,quantile,0.4,0.0
2025-09-27,0,wk inc flu hosp,2025-10-04,08,quantile,0.45,3.7018695481371466
2025-09-27,0,wk inc flu hosp,2025-10-04,08,quantile,0.5,8.223229464059003
2025-09-27,0,wk inc flu hosp,2025-10-04,08,quantile,0.55,12.744589379980864
2025-09-27,0,wk inc flu hosp,2025-10-04,08,quantile,0.6,17.33878858864969
2025-09-27,0,wk inc flu hosp,2025-10-04,08,quantile,0.65,22.087258102943075
2025-09-27,0,wk inc flu hosp,2025-10-04,08,quantile,0.7,27.091429729185062
2025-09-27,0,wk inc flu hosp,2025-10-04,08,quantile,0.75,32.491717718874895
2025-09-27,0,wk inc flu hosp,2025-10-04,08,quantile,0.8,38.505194484328314
2025-09-27,0,wk inc flu hosp,2025-10-04,08,quantile,0.85,45.51463609035229
2025-09-27,0,wk inc flu hosp,2025-10-04,08,quantile,0.9,54.334114184425104
2025-09-27,0,wk inc flu hosp,2025-10-04,08,quantile,0.95,67.40590928233419
2025-09-27,0,wk inc flu hosp,2025-10-04,08,quantile,0.975,78.74374208095892
2025-09-27,0,wk inc flu hosp,2025-10-04,08,quantile,0.99,91.92642293936889
2025-10-04,0,wk inc flu hosp,2025-10-11,08,quantile,0.01,0.0
2025-10-04,0,wk inc flu hosp,2025-10-11,08,quantile,0.025,0.0
2025-10-04,0,wk inc flu hosp,2025-10-11,08,quantile,0.05,0.0
2025-10-04,0,wk inc flu hosp,2025-10-11,08,quantile,0.1,0.0
2025-10-04,0,wk inc flu hosp,2025-10-11,08,quantile,0.15,0.0
2025-10-04,0,wk inc flu hosp,2025-10-11,08,quantile,0.2,0.0
2025-10-04,0,wk inc flu hosp,2025-10-11,08,quantile,0.25,0.0
2025-10-04,0,wk inc flu hosp,2025-10-11,08,quantile,0.3,0.0
2025-10-04,0,wk inc flu hosp,2025-10-11,08,quantile,0.35,0.0
2025-10-04,0,wk inc flu hosp,2025-10-11,08,quantile,0.4,0.0
2025-10-04,0,wk inc flu hosp,2025-10-11,08,quantile,0.45,1.6086670312944582
2025-10-04,0,wk inc flu hosp,2025-10-11,08,quantile,0.5,7.036563331150938
2025-10-04,0,wk inc flu hosp,2025-10-11,08,quantile,0.55,12.464459631007422
2025-10-04,0,wk inc flu hosp,2025-10-11,08,quantile,0.6,17.979799561748756
2025-10-04,0,wk inc flu hosp,2025-10-11,08,quantile,0.65,23.680341121347038
2025-10-04,0,wk inc flu hosp,2025-10-11,08,quantile,0.7,29.687853276766234
2025-10-04,0,wk inc flu hosp,2025-10-11,08,quantile,0.75,36.1709034524832
2025-10-04,0,wk inc flu hosp,2025-10-11,08,quantile,0.8,43.390087258119806
2025-10-04,0,wk inc flu hosp,2025-10-11,08,quantile,0.85,51.80492767447721
2025-10-04,0,wk inc flu hosp,2025-10-11,08,quantile,0.9,62.39271838428243
2025-10-04,0,wk inc flu hosp,2025-10-11,08,quantile,0.95,78.08541915658016
2025-10-04,0,wk inc flu hosp,2025-10-11,08,quantile,0.975,91.69649676164605
2025-10-04,0,wk inc flu hosp,2025-10-11,08,quantile,0.99,107.522315980677
2025-10-11,0,wk inc flu hosp,2025-10-18,08,quantile,0.01,0.0
2025-10-11,0,wk inc flu hosp,2025-10-18,08,quantile,0.025,0.0
2025-10-11,0,wk inc flu hosp,2025-10-18,08,quantile,0.05,0.0
2025-10-11,0,wk inc flu hosp,2025-10-18,08,quantile,0.1,0.0
2025-10-11,0,wk inc flu hosp,2025-10-18,08,quantile,0.15,0.0
2025-10-11,0,wk inc flu hosp,2025-10-18,08,quantile,0.2,0.0
2025-10-11,0,wk inc flu hosp,2025-10-18,08,quantile,0.25,0.0
2025-10-11,0,wk inc flu hosp,2025-10-18,08,quantile,0.3,0.0
2025-10-11,0,wk inc flu hosp,2025-10-18,08,quantile,0.35,0.0
2025-10-11,0,wk inc flu hosp,2025-10-18,08,quantile,0.4,0.0
2025-10-11,0,wk inc flu hosp,2025-10-18,08,quantile,0.45,0.0
2025-10-11,0,wk inc flu hosp,2025-10-18,08,quantile,0.5,0.09586382647234988
2025-10-11,0,wk inc flu hosp,2025-10-18,08,quantile,0.55,5.998792939885558
2025-10-11,0,wk inc flu hosp,2025-10-18,08,quantile,0.6,11.9968184821945
2025-10-11,0,wk inc flu hosp,2025-10-18,08,quantile,0.65,18.196253931111304
2025-10-11,0,wk inc flu hosp,2025-10-18,08,quantile,0.7,24.72952509960163
2025-10-11,0,wk inc flu hosp,2025-10-18,08,quantile,0.75,31.779951915414255
2025-10-11,0,wk inc flu hosp,2025-10-18,08,quantile,0.8,39.63093651556223
2025-10-11,0,wk inc flu hosp,2025-10-18,08,quantile,0.85,48.782217920801244
2025-10-11,0,wk inc flu hosp,2025-10-18,08,quantile,0.9,60.29661955542488
2025-10-11,0,wk inc flu hosp,2025-10-18,08,quantile,0.95,77.36269730258584
2025-10-11,0,wk inc flu hosp,2025-10-18,08,quantile,0.975,92.16497461617313
2025-10-11,0,wk inc flu hosp,2025-10-18,08,quantile,0.99,109.37582092768098
2025-10-18,0,wk inc flu hosp,2025-10-25,08,quantile,0.01,0.0
2025-10-18,0,wk inc flu hosp,2025-10-25,08,quantile,0.025,0.0
2025-10-18,0,wk inc flu hosp,2025-10-25,08,quantile,0.05,0.0
2025-10-18,0,wk inc flu hosp,2025-10-25,08,quantile,0.1,0.0
2025-10-18,0,wk inc flu hosp,2025-10-25,08,quantile,0.15,0.0
2025-10-18,0,wk inc flu hosp,2025-10-25,08,quantile,0.2,0.0
2025-10-18,0,wk inc flu hosp,2025-10-25,08,quantile,0.25,0.0
2025-10-18,0,wk inc flu hosp,2025-10-25,08,quantile,0.3,0.0
2025-10-18,0,wk inc flu hosp,2025-10-25,08,quantile,0.35,0.0
2025-10-18,0,wk inc flu hosp,2025-10-25,08,quantile,0.4,0.0
2025-10-18,0,wk inc flu hosp,2025-10-25,08,quantile,0.45,3.3367091840723475
2025-10-18,0,wk inc flu hosp,2025-10-25,08,quantile,0.5,8.476148209389738
2025-10-18,0,wk inc flu hosp,2025-10-25,08,quantile,0.55,13.615587234707133
2025-10-18,0,wk inc flu hosp,2025-10-25,08,quantile,0.6,18.837822832445582
2025-10-18,0,wk inc flu hosp,2025-10-25,08,quantile,0.65,24.235417800797823
2025-10-18,0,wk inc flu hosp,2025-10-25,08,quantile,0.7,29.92366988060384
2025-10-18,0,wk inc flu hosp,2025-10-25,08,quantile,0.75,36.062188237531835
2025-10-18,0,wk inc flu hosp,2025-10-25,08,quantile,0.8,42.89771952478378
2025-10-18,0,wk inc flu hosp,2025-10-25,08,quantile,0.85,50.865366074845696
2025-10-18,0,wk inc flu hosp,2025-10-25,08,quantile,0.9,60.89048478746824
2025-10-18,0,wk inc flu hosp,2025-10-25,08,quantile,0.95,75.74922089926679
2025-10-18,0,wk inc flu hosp,2025-10-25,08,quantile,0.975,88.63695853381756
2025-10-18,0,wk inc flu hosp,2025-10-25,08,quantile,0.99,103.62173871542426
2025-10-25,0,wk inc flu hosp,2025-11-01,08,quantile,0.01,0.0
2025-10-25,0,wk inc flu hosp,2025-11-01,08,quantile,0.025,0.0
2025-10-25,0,wk inc flu hosp,2025-11-01,08,quantile,0.05,0.0
2025-10-25,0,wk inc flu hosp,2025-11-01,08,quantile,0.1,0.0
2025-10-25,0,wk inc flu hosp,2025-11-01,08,quantile,0.15,0.0
2025-10-25,0,wk inc flu hosp,2025-11-01,08,quantile,0.2,0.0
2025-10-25,0,wk inc flu hosp,2025-11-01,08,quantile,0.25,0.0
2025-10-25,0,wk inc flu hosp,2025-11-01,08,quantile,0.3,0.0
2025-10-25,0,wk inc flu hosp,2025-11-01,08,quantile,0.35,0.0
2025-10-25,0,wk inc flu hosp,2025-11-01,08,quantile,0.4,0.0
2025-10-25,0,wk inc flu hosp,2025-11-01,08,quantile,0.45,0.9389900768732424
2025-10-25,0,wk inc flu hosp,2025-11-01,08,quantile,0.5,5.9620922659824735
2025-10-25,0,wk inc flu hosp,2025-11-01,08,quantile,0.55,10.98519445509171
2025-10-25,0,wk inc flu hosp,2025-11-01,08,quantile,0.6,16.08921902544337
2025-10-25,0,wk inc flu hosp,2025-11-01,08,quantile,0.65,21.36463351482546
2025-10-25,0,wk inc flu hosp,2025-11-01,08,quantile,0.7,26.924125773324278
2025-10-25,0,wk inc flu hosp,2025-11-01,08,quantile,0.75,32.92369203817903
2025-10-25,0,wk inc flu hosp,2025-11-01,08,quantile,0.8,39.604493581611976
2025-10-25,0,wk inc flu hosp,2025-11-01,08,quantile,0.85,47.391783717852675
2025-10-25,0,wk inc flu hosp,2025-11-01,08,quantile,0.9,57.18997287884663
2025-10-25,0,wk inc flu hosp,2025-11-01,08,quantile,0.95,71.71236521055883
2025-10-25,0,wk inc flu hosp,2025-11-01,08,quantile,0.975,84.30837477617082
2025-10-25,0,wk inc flu hosp,2025-11-01,08,quantile,0.99,98.95395803200113
2025-11-01,0,wk inc flu hosp,2025-11-08,08,quantile,0.01,0.0
2025-11-01,0,wk inc flu hosp,2025-11-08,08,quantile,0.025,0.0
2025-11-01,0,wk inc flu hosp,2025-11-08,08,quantile,0.05,0.0
2025-11-01,0,wk inc flu hosp,2025-11-08,08,quantile,0.1,0.0
2025-11-01,0,wk inc flu hosp,2025-11-08,08,quantile,0.15,0.0
2025-11-01,0,wk inc flu hosp,2025-11-08,08,quantile,0.2,0.0
2025-11-01,0,wk inc flu hosp,2025-11-08,08,quantile,0.25,0.0
2025-11-01,0,wk inc flu hosp,2025-11-08,08,quantile,0.3,0.0
2025-11-01,0,wk inc flu hosp,2025-11-08,08,quantile,0.35,2.217581975782
2025-11-01,0,wk inc flu hosp,2025-11-08,08,quantile,0.4,6.44880626317911
2025-11-01,0,wk inc flu hosp,2025-11-08,08,quantile,0.45,10.542564728795556
2025-11-01,0,wk inc flu hosp,2025-11-08,08,quantile,0.5,14.571418200577648
2025-11-01,0,wk inc flu hosp,2025-11-08,08,quantile,0.55,18.600271672359746
2025-11-01,0,wk inc flu hosp,2025-11-08,08,quantile,0.6,22.694030137976185
2025-11-01,0,wk inc flu hosp,2025-11-08,08,quantile,0.65,26.925254425373296
2025-11-01,0,wk inc flu hosp,2025-11-08,08,quantile,0.7,31.38432749292135
2025-11-01,0,wk inc flu hosp,2025-11-08,08,quantile,0.75,36.19636843203535
2025-11-01,0,wk inc flu hosp,2025-11-08,08,quantile,0.8,41.55480421120474
2025-11-01,0,wk inc flu hosp,2025-11-08,08,quantile,0.85,47.800715546472915
2025-11-01,0,wk inc flu hosp,2025-11-08,08,quantile,0.9,55.659498213494174
2025-11-01,0,wk inc flu hosp,2025-11-08,08,quantile,0.95,67.30739796975534
2025-11-01,0,wk inc flu hosp,2025-11-08,08,quantile,0.975,77.41021391067801
2025-11-01,0,wk inc flu hosp,2025-11-08,08,quantile,0.99,89.15692077132208
2025-11-08,0,wk inc flu hosp,2025-11-15,08,quantile,0.01,0.0
2025-11-08,0,wk inc flu hosp,2025-11-15,08,quantile,0.025,0.0
2025-11-08,0,wk inc flu hosp,2025-11-15,08,quantile,0.05,0.0
2025-11-08,0,wk inc flu hosp,2025-11-15,08,quantile,0.1,3.9476709766076397
2025-11-08,0,wk inc flu hosp,2025-11-15,08,quantile,0.15,8.74336146936718
2025-11-08,0,wk inc flu hosp,2025-11-15,08,quantile,0.2,12.554824246530103
2025-11-08,0,wk inc flu hosp,2025-11-15,08,quantile,0.25,15.82471993025504
2025-11-08,0,wk inc flu hosp,2025-11-15,08,quantile,0.3,18.761187314614666
2025-11-08,0,wk inc flu hosp,2025-11-15,08,quantile,0.35,21.482261967346567
2025-11-08,0,wk inc flu hosp,2025-11-15,08,quantile,0.4,24.064295718318686
2025-11-08,0,wk inc flu hosp,2025-11-15,08,quantile,0.45,26.562443254017367
2025-11-08,0,wk inc flu hosp,2025-11-15,08,quantile,0.5,29.020983604347478
2025-11-08,0,wk inc flu hosp,2025-11-15,08,quantile,0.55,31.479523954677592
2025-11-08,0,wk inc flu hosp,2025-11-15,08,quantile,0.6,33.97767149037627
2025-11-08,0,wk inc flu hosp,2025-11-15,08,quantile,0.65,36.55970524134839
2025-11-08,0,wk inc flu hosp,2025-11-15,08,quantile,0.7,39.28077989408028
2025-11-08,0,wk inc flu hosp,2025-11-15,08,quantile,0.75,42.21724727843991
2025-11-08,0,wk inc flu hosp,2025-11-15,08,quantile,0.8,45.48714296216485
2025-11-08,0,wk inc flu hosp,2025-11-15,08,quantile,0.85,49.298605739327776
2025-11-08,0,wk inc flu hosp,2025-11-15,08,quantile,0.9,54.094296232087316
2025-11-08,0,wk inc flu hosp,2025-11-15,08,quantile,0.95,61.20223196316799
2025-11-08,0,wk inc flu hosp,2025-11-15,08,quantile,0.975,67.3673061751447
2025-11-08,0,wk inc flu hosp,2025-11-15,08,quantile,0.99,74.53553728671663
2025-09-13,0,wk inc flu hosp,2025-09-20,09,quantile,0.01,0.0
2025-09-13,0,wk inc flu hosp,2025-09-20,09,quantile,0.025,0.0
2025-09-13,0,wk inc flu hosp,2025-09-20,09,quantile,0.05,0.0
2025-09-13,0,wk inc flu hosp,2025-09-20,09,quantile,0.1,0.0
2025-09-13,0,wk inc flu hosp,2025-09-20,09,quantile,0.15,0.0
2025-09-13,0,wk inc flu hosp,2025-09-20,09,quantile,0.2,0.0
2025-09-13,0,wk inc flu hosp,2025-09-20,09,quantile,0.25,0.0
2025-09-13,0,wk inc flu hosp,2025-09-20,09,quantile,0.3,0.0
2025-09-13,0,wk inc flu hosp,2025-09-20,09,quantile,0.35,0.0
2025-09-13,0,wk inc flu hosp,2025-09-20,09,quantile,0.4,2.604305738282271
2025-09-13,0,wk inc flu hosp,2025-09-20,09,quantile,0.45,6.726849805799498
2025-09-13,0,wk inc flu hosp,2025-09-20,09,quantile,0.5,10.784032494639547
2025-09-13,0,wk inc flu hosp,2025-09-20,09,quantile,0.55,14.841215183479601
2025-09-13,0,wk inc flu hosp,2025-09-20,09,quantile,0.6,18.963759250996823
2025-09-13,0,wk inc flu hosp,2025-09-20,09,quantile,0.65,23.22473574261236
2025-09-13,0,wk inc flu hosp,2025-09-20,09,quantile,0.7,27.715163151958297
2025-09-13,0,wk inc flu hosp,2025-09-20,09,quantile,0.75,32.56104035570955
2025-09-13,0,wk inc flu hosp,2025-09-20,09,quantile,0.8,37.95715442011379
2025-09-13,0,wk inc flu hosp,2025-09-20,09,quantile,0.85,44.246984398534636
2025-09-13,0,wk inc flu hosp,2025-09-20,09,quantile,0.9,52.16102674713644
2025-09-13,0,wk inc flu hosp,2025-09-20,09,quantile,0.95,63.89082967579531
2025-09-13,0,wk inc flu hosp,2025-09-20,09,quantile,0.975,74.06468440422702
2025-09-13,0,wk inc flu hosp,2025-09-20,09,quantile,0.99,85.8939892076114
2025-09-20,0,wk inc flu hosp,2025-09-27,09,quantile,0.01,0.0
2025-09-20,0,wk inc flu hosp,2025-09-27,09,quantile,0.025,0.0
2025-09-20,0,wk inc flu hosp,2025-09-27,09,quantile,0.05,0.0
2025-09-20,0,wk inc flu hosp,2025-09-27,09,quantile,0.1,0.0
2025-09-20,0,wk inc flu hosp,2025-09-27,09,quantile,0.15,0.0
2025-09-20,0,wk inc flu hosp,2025-09-27,09,quantile,0.2,0.0
2025-09-20,0,wk inc flu hosp,2025-09-27,09,quantile,0.25,0.0
2025-09-20,0,wk inc flu hosp,2025-09-27,09,quantile,0.3,0.0
2025-09-20,0,wk inc flu hosp,2025-09-27,09,quantile,0.35,0.0
2025-09-20,0,wk inc flu hosp,2025-09-27,09,quantile,0.4,0.0
2025-09-20,0,wk inc flu hosp,2025-09-27,09,quantile,0.45,0.0
2025-09-20,0,wk inc flu hosp,2025-09-27,09,quantile,0.5,2.9179565221525867
2025-09-20,0,wk inc flu hosp,2025-09-27,09,quantile,0.55,7.4216433937329676
2025-09-20,0,wk inc flu hosp,2025-09-27,09,quantile,0.6,11.997884844594797
2025-09-20,0,wk inc flu hosp,2025-09-27,09,quantile,0.65,16.727793590924374
2025-09-20,0,wk inc flu hosp,2025-09-27,09,quantile,0.7,21.71240496346227
2025-09-20,0,wk inc flu hosp,2025-09-27,09,quantile,0.75,27.091584363950332
2025-09-20,0,wk inc flu hosp,2025-09-27,09,quantile,0.8,33.08155571432984
2025-09-20,0,wk inc flu hosp,2025-09-27,09,quantile,0.85,40.06359888832984
2025-09-20,0,wk inc flu hosp,2025-09-27,09,quantile,0.9,48.848603498688966
2025-09-20,0,wk inc flu hosp,2025-09-27,09,quantile,0.95,61.8693037006632
2025-09-20,0,wk inc flu hosp,2025-09-27,09,quantile,0.975,73.16281929704957
2025-09-20,0,wk inc flu hosp,2025-09-27,09,quantile,0.99,86.293971830424
2025-09-27,0,wk inc flu hosp,2025-10-04,09,quantile,0.01,0.0
2025-09-27,0,wk inc flu hosp,2025-10-04,09,quantile,0.025,0.0
2025-09-27,0,wk inc flu hosp,2025-10-04,09,quantile,0.05,0.0
2025-09-27,0,wk inc flu hosp,2025-10-04,09,quantile,0.1,0.0
2025-09-27,0,wk inc flu hosp,2025-10-04,09,quantile,0.15,0.0
2025-09-27,0,wk inc flu hosp,2025-10-04,09,quantile,0.2,0.0
2025-09-27,0,wk inc flu hosp,2025-10-04,09,quantile,0.25,0.0
2025-09-27,0,wk inc flu hosp,2025-10-04,09,quantile,0.3,0.0
2025-09-27,0,wk inc flu hosp,2025-10-04,09,quantile,0.35,0.0
2025-09-27,0,wk inc flu hosp,2025-10-04,09,quantile,0.4,0.0
2025-09-27,0,wk inc flu hosp,2025-10-04,09,quantile,0.45,3.718241320530775
2025-09-27,0,wk inc flu hosp,2025-10-04,09,quantile,0.5,8.162361001538036
2025-09-27,0,wk inc flu hosp,2025-10-04,09,quantile,0.55,12.606480682545302
2025-09-27,0,wk inc flu hosp,2025-10-04,09,quantile,0.6,17.122195312963143
2025-09-27,0,wk inc flu hosp,2025-10-04,09,quantile,0.65,21.789544786474718
2025-09-27,0,wk inc flu hosp,2025-10-04,09,quantile,0.7,26.708228108500364
2025-09-27,0,wk inc flu hosp,2025-10-04,09,quantile,0.75,32.01626077663059
2025-09-27,0,wk inc flu hosp,2025-10-04,09,quantile,0.8,37.92700686665572
2025-09-27,0,wk inc flu hosp,2025-10-04,09,quantile,0.85,44.81670332380028
2025-09-27,0,wk inc flu hosp,2025-10-04,09,quantile,0.9,53.48551467767146
2025-09-27,0,wk inc flu hosp,2025-10-04,09,quantile,0.95,66.33399897022696
2025-09-27,0,wk inc flu hosp,2025-10-04,09,quantile,0.975,77.47814294843633
2025-09-27,0,wk inc flu hosp,2025-10-04,09,quantile,0.99,90.43561869483518
2025-10-04,0,wk inc flu hosp,2025-10-11,09,quantile,0.01,0.0
2025-10-04,0,wk inc flu hosp,2025-10-11,09,quantile,0.025,0.0
2025-10-04,0,wk inc flu hosp,2025-10-11,09,quantile,0.05,0.0
2025-10-04,0,wk inc flu hosp,2025-10-11,09,quantile,0.1,0.0
2025-10-04,0,wk inc flu hosp,2025-10-11,09,quantile,0.15,0.0
2025-10-04,0,wk inc flu hosp,2025-10-11,09,quantile,0.2,0.0
2025-10-04,0,wk inc flu hosp,2025-10-11,09,quantile,0.25,0.0
2025-10-04,0,wk inc flu hosp,2025-10-11,09,quantile,0.3,0.0
2025-10-04,0,wk inc flu hosp,2025-10-11,09,quantile,0.35,0.0
2025-10-04,0,wk inc flu hosp,2025-10-11,09,quantile,0.4,0.0
2025-10-04,0,wk inc flu hosp,2025-10-11,09,quantile,0.45,2.761772809422415
2025-10-04,0,wk inc flu hosp,2025-10-11,09,quantile,0.5,6.938555337965048
2025-10-04,0,wk inc flu hosp,2025-10-11,09,quantile,0.55,11.115337866507685
2025-10-04,0,wk inc flu hosp,2025-10-11,09,quantile,0.6,15.359408532025565
2025-10-04,0,wk inc flu hosp,2025-10-11,09,quantile,0.65,19.74599240799071
2025-10-04,0,wk inc flu hosp,2025-10-11,09,quantile,0.7,24.368791080733565
2025-10-04,0,wk inc flu hosp,2025-10-11,09,quantile,0.75,29.35751769039924
2025-10-04,0,wk inc flu hosp,2025-10-11,09,quantile,0.8,34.9127013424005
2025-10-04,0,wk inc flu hosp,2025-10-11,09,quantile,0.85,41.38794635259817
2025-10-04,0,wk inc flu hosp,2025-10-11,09,quantile,0.9,49.535283149314374
2025-10-04,0,wk inc flu hosp,2025-10-11,09,quantile,0.95,61.61086359345692
2025-10-04,0,wk inc flu hosp,2025-10-11,09,quantile,0.975,72.08462874939408
2025-10-04,0,wk inc flu hosp,2025-10-11,09,quantile,0.99,84.26264423868605
2025-10-11,0,wk inc flu hosp,2025-10-18,09,quantile,0.01,0.0
2025-10-11,0,wk inc flu hosp,2025-10-18,09,quantile,0.025,0.0
2025-10-11,0,wk inc flu hosp,2025-10-18,09,quantile,0.05,0.0
2025-10-11,0,wk inc flu hosp,2025-10-18,09,quantile,0.1,0.0
2025-10-11,0,wk inc flu hosp,2025-10-18,09,quantile,0.15,0.0
2025-10-11,0,wk inc flu hosp,2025-10-18,09,quantile,0.2,0.0
2025-10-11,0,wk inc flu hosp,2025-10-18,09,quantile,0.25,0.0
2025-10-11,0,wk inc flu hosp,2025-10-18,09,quantile,0.3,0.0
2025-10-11,0,wk inc flu hosp,2025-10-18,09,quantile,0.35,0.0
2025-10-11,0,wk inc flu hosp,2025-10-18,09,quantile,0.4,0.0
2025-10-11,0,wk inc flu hosp,2025-10-18,09,quantile,0.45,3.3055901465686324
2025-10-11,0,wk inc flu hosp,2025-10-18,09,quantile,0.5,8.119731164195688
2025-10-11,0,wk inc flu hosp,2025-10-18,09,quantile,0.55,12.93387218182275
2025-10-11,0,wk inc flu hosp,2025-10-18,09,quantile,0.6,17.82556920769266
2025-10-11,0,wk inc flu hosp,2025-10-18,09,quantile,0.65,22.88152632785272
2025-10-11,0,wk inc flu hosp,2025-10-18,09,quantile,0.7,28.209743575124257
2025-10-11,0,wk inc flu hosp,2025-10-18,09,quantile,0.75,33.959727739537755
2025-10-11,0,wk inc flu hosp,2025-10-18,09,quantile,0.8,40.362607778609814
2025-10-11,0,wk inc flu hosp,2025-10-18,09,quantile,0.85,47.825946458503765
2025-10-11,0,wk inc flu hosp,2025-10-18,09,quantile,0.9,57.216530715515404
2025-10-11,0,wk inc flu hosp,2025-10-18,09,quantile,0.95,71.13479117809347
2025-10-11,0,wk inc flu hosp,2025-10-18,09,quantile,0.975,83.20680644382088
2025-10-11,0,wk inc flu hosp,2025-10-18,09,quantile,0.99,97.24313308512056
2025-10-18,0,wk inc flu hosp,2025-10-25,09,quantile,0.01,0.0
2025-10-18,0,wk inc flu hosp,2025-10-25,09,quantile,0.025,0.0
2025-10-18,0,wk inc flu hosp,2025-10-25,09,quantile,0.05,0.0
2025-10-18,0,wk inc flu hosp,2025-10-25,09,quantile,0.1,0.0
2025-10-18,0,wk inc flu hosp,2025-10-25,09,quantile,0.15,0.0
2025-10-18,0,wk inc flu hosp,2025-10-25,09,quantile,0.2,0.0
2025-10-18,0,wk inc flu hosp,2025-10-25,09,quantile,0.25,0.0
2025-10-18,0,wk inc flu hosp,2025-10-25,09,quantile,0.3,0.0
2025-10-18,0,wk inc flu hosp,2025-10-25,09,quantile,0.35,0.0
2025-10-18,0,wk inc flu hosp,2025-10-25,09,quantile,0.4,0.0
2025-10-18,0,wk inc flu hosp,2025-10-25,09,quantile,0.45,0.776999045456706
2025-10-18,0,wk inc flu hosp,2025-10-25,09,quantile,0.5,4.784382462367079
2025-10-18,0,wk inc flu hosp,2025-10-25,09,quantile,0.55,8.791765879277456
2025-10-18,0,wk inc flu hosp,2025-10-25,09,quantile,0.6,12.863708406562074
2025-10-18,0,wk inc flu hosp,2025-10-25,09,quantile,0.65,17.072384190207128
2025-10-18,0,wk inc flu hosp,2025-10-25,09,quantile,0.7,21.507694531185997
2025-10-18,0,wk inc flu hosp,2025-10-25,09,quantile,0.75,26.294091752122768
2025-10-18,0,wk inc flu hosp,2025-10-25,09,quantile,0.8,31.623972035042136
2025-10-18,0,wk inc flu hosp,2025-10-25,09,quantile,0.85,37.83659845190082
2025-10-18,0,wk inc flu hosp,2025-10-25,09,quantile,0.9,45.65350109120014
2025-10-18,0,wk inc flu hosp,2025-10-25,09,quantile,0.95,57.23932833758752
2025-10-18,0,wk inc flu hosp,2025-10-25,09,quantile,0.975,67.28830563331505
2025-10-18,0,wk inc flu hosp,2025-10-25,09,quantile,0.99,78.9724134337981
2025-10-25,0,wk inc flu hosp,2025-11-01,09,quantile,0.01,0.0
2025-10-25,0,wk inc flu hosp,2025-11-01,09,quantile,0.025,0.0
2025-10-25,0,wk inc flu hosp,2025-11-01,09,quantile,0.05,0.0
2025-10-25,0,wk inc flu hosp,2025-11-01,09,quantile,0.1,0.0
2025-10-25,0,wk inc flu hosp,2025-11-01,09,quantile,0.15,0.0
2025-10-25,0,wk inc flu hosp,2025-11-01,09,quantile,0.2,0.0
2025-10-25,0,wk inc flu hosp,2025-11-01,09,quantile,0.25,0.0
2025-10-25,0,wk inc flu hosp,2025-11-01,09,quantile,0.3,0.0
2025-10-25,0,wk inc flu hosp,2025-11-01,09,quantile,0.35,0.0
2025-10-25,0,wk inc flu hosp,2025-11-01,09,quantile,0.4,0.0
2025-10-25,0,wk inc flu hosp,2025-11-01,09,quantile,0.45,3.347035755567147
2025-10-25,0,wk inc flu hosp,2025-11-01,09,quantile,0.5,7.13934855784323
2025-10-25,0,wk inc flu hosp,2025-11-01,09,quantile,0.55,10.931661360119318
2025-10-25,0,wk inc flu hosp,2025-11-01,09,quantile,0.6,14.78506847639158
2025-10-25,0,wk inc flu hosp,2025-11-01,09,quantile,0.65,18.76787056804964
2025-10-25,0,wk inc flu hosp,2025-11-01,09,quantile,0.7,22.965144060070447
2025-10-25,0,wk inc flu hosp,2025-11-01,09,quantile,0.75,27.49466209449195
2025-10-25,0,wk inc flu hosp,2025-11-01,09,quantile,0.8,32.53849522166937
2025-10-25,0,wk inc flu hosp,2025-11-01,09,quantile,0.85,38.417698743097404
2025-10-25,0,wk inc flu hosp,2025-11-01,09,quantile,0.9,45.8150792453144
2025-10-25,0,wk inc flu hosp,2025-11-01,09,quantile,0.95,56.77911148790643
2025-10-25,0,wk inc flu hosp,2025-11-01,09,quantile,0.975,66.28877434860432
2025-10-25,0,wk inc flu hosp,2025-11-01,09,quantile,0.99,77.3458125666014
2025-11-01,0,wk inc flu hosp,2025-11-08,09,quantile,0.01,0.0
2025-11-01,0,wk inc flu hosp,2025-11-08,09,quantile,0.025,0.0
2025-11-01,0,wk inc flu hosp,2025-11-08,09,quantile,0.05,0.0
2025-11-01,0,wk inc flu hosp,2025-11-08,09,quantile,0.1,0.0
2025-11-01,0,wk inc flu hosp,2025-11-08,09,quantile,0.15,0.0
2025-11-01,0,wk inc flu hosp,2025-11-08,09,quantile,0.2,0.0
2025-11-01,0,wk inc flu hosp,2025-11-08,09,quantile,0.25,0.0
2025-11-01,0,wk inc flu hosp,2025-11-08,09,quantile,0.3,0.0
2025-11-01,0,wk inc flu hosp,2025-11-08,09,quantile,0.35,0.0
2025-11-01,0,wk inc flu hosp,2025-11-08,09,quantile,0.4,0.0
2025-11-01,0,wk inc flu hosp,2025-11-08,09,quantile,0.45,3.822253802953033
2025-11-01,0,wk inc flu hosp,2025-11-08,09,quantile,0.5,8.92551648807397
2025-11-01,0,wk inc flu hosp,2025-11-08,09,quantile,0.55,14.028779173194915
2025-11-01,0,wk inc flu hosp,2025-11-08,09,quantile,0.6,19.214255628420112
2025-11-01,0,wk inc flu hosp,2025-11-08,09,quantile,0.65,24.573857105487434
2025-11-01,0,wk inc flu hosp,2025-11-08,09,quantile,0.7,30.222069768277596
2025-11-01,0,wk inc flu hosp,2025-11-08,09,quantile,0.75,36.317379298855386
2025-11-01,0,wk inc flu hosp,2025-11-08,09,quantile,0.8,43.104795508945614
2025-11-01,0,wk inc flu hosp,2025-11-08,09,quantile,0.85,51.0163580602014
2025-11-01,0,wk inc flu hosp,2025-11-08,09,quantile,0.9,60.97091029596311
2025-11-01,0,wk inc flu hosp,2025-11-08,09,quantile,0.95,75.72505625894935
2025-11-01,0,wk inc flu hosp,2025-11-08,09,quantile,0.975,88.52207753735047
2025-11-01,0,wk inc flu hosp,2025-11-08,09,quantile,0.99,103.40138035013375
2025-11-08,0,wk inc flu hosp,2025-11-15,09,quantile,0.01,0.0
2025-11-08,0,wk inc flu hosp,2025-11-15,09,quantile,0.025,0.0
2025-11-08,0,wk inc flu hosp,2025-11-15,09,quantile,0.05,0.0
2025-11-08,0,wk inc flu hosp,2025-11-15,09,quantile,0.1,0.0
2025-11-08,0,wk inc flu hosp,2025-11-15,09,quantile,0.15,0.0
2025-11-08,0,wk inc flu hosp,2025-11-15,09,quantile,0.2,0.0
2025-11-08,0,wk inc flu hosp,2025-11-15,09,quantile,0.25,1.4242637729850287
2025-11-08,0,wk inc flu hosp,2025-11-15,09,quantile,0.3,5.162225743600214
2025-11-08,0,wk inc flu hosp,2025-11-15,09,quantile,0.35,8.62600457706915
2025-11-08,0,wk inc flu hosp,2025-11-15,09,quantile,0.4,11.91279196636053
2025-11-08,0,wk inc flu hosp,2025-11-15,09,quantile,0.45,15.092796803180505
2025-11-08,0,wk inc flu hosp,2025-11-15,09,quantile,0.5,18.222383864730993
2025-11-08,0,wk inc flu hosp,2025-11-15,09,quantile,0.55,21.351970926281485
2025-11-08,0,wk inc flu hosp,2025-11-15,09,quantile,0.6,24.531975763101457
2025-11-08,0,wk inc flu hosp,2025-11-15,09,quantile,0.65,27.818763152392837
2025-11-08,0,wk inc flu hosp,2025-11-15,09,quantile,0.7,31.28254198586177
2025-11-08,0,wk inc flu hosp,2025-11-15,09,quantile,0.75,35.02050395647696
2025-11-08,0,wk inc flu hosp,2025-11-15,09,quantile,0.8,39.182901869950825
2025-11-08,0,wk inc flu hosp,2025-11-15,09,quantile,0.85,44.03468499866325
2025-11-08,0,wk inc flu hosp,2025-11-15,09,quantile,0.9,50.13933604306271
2025-11-08,0,wk inc flu hosp,2025-11-15,09,quantile,0.95,59.18734849294405
2025-11-08,0,wk inc flu hosp,2025-11-15,09,quantile,0.975,67.03514992712033
2025-11-08,0,wk inc flu hosp,2025-11-15,09,quantile,0.99,76.15991509030627
2025-09-13,0,wk inc flu hosp,2025-09-20,10,quantile,0.01,0.0
2025-09-13,0,wk inc flu hosp,2025-09-20,10,quantile,0.025,0.0
2025-09-13,0,wk inc flu hosp,2025-09-20,10,quantile,0.05,0.0
2025-09-13,0,wk inc flu hosp,2025-09-20,10,quantile,0.1,0.0
2025-09-13,0,wk inc flu hosp,2025-09-20,10,quantile,0.15,0.0
2025-09-13,0,wk inc flu hosp,2025-09-20,10,quantile,0.2,0.0
2025-09-13,0,wk inc flu hosp,2025-09-20,10,quantile,0.25,0.0
2025-09-13,0,wk inc flu hosp,2025-09-20,10,quantile,0.3,0.0
2025-09-13,0,wk inc flu hosp,2025-09-20,10,quantile,0.35,0.0
2025-09-13,0,wk inc flu hosp,2025-09-20,10,quantile,0.4,0.0
2025-09-13,0,wk inc flu hosp,2025-09-20,10,quantile,0.45,0.0
2025-09-13,0,wk inc flu hosp,2025-09-20,10,quantile,0.5,0.9903548857356005
2025-09-13,0,wk inc flu hosp,2025-09-20,10,quantile,0.55,2.2050708525347322
2025-09-13,0,wk inc flu hosp,2025-09-20,10,quantile,0.6,3.439355943127463
2025-09-13,0,wk inc flu hosp,2025-09-20,10,quantile,0.65,4.715087546921947
2025-09-13,0,wk inc flu hosp,2025-09-20,10,quantile,0.7,6.059516499280619
2025-09-13,0,wk inc flu hosp,2025-09-20,10,quantile,0.75,7.510366723189932
2025-09-13,0,wk inc flu hosp,2025-09-20,10,quantile,0.8,9.125957248785706
2025-09-13,0,wk inc flu hosp,2025-09-20,10,quantile,0.85,11.009125321117203
2025-09-13,0,wk inc flu hosp,2025-09-20,10,quantile,0.9,13.378580763489593
2025-09-13,0,wk inc flu hosp,2025-09-20,10,quantile,0.95,16.890470662862782
2025-09-13,0,wk inc flu hosp,2025-09-20,10,quantile,0.975,19.936511408455655
2025-09-13,0,wk inc flu hosp,2025-09-20,10,quantile,0.99,23.478192058018127
2025-09-20,0,wk inc flu hosp,2025-09-27,10,quantile,0.01,0.0
2025-09-20,0,wk inc flu hosp,2025-09-27,10,quantile,0.025,0.0
2025-09-20,0,wk inc flu hosp,2025-09-27,10,quantile,0.05,0.0
2025-09-20,0,wk inc flu hosp,2025-09-27,10,quantile,0.1,0.0
2025-09-20,0,wk inc flu hosp,2025-09-27,10,quantile,0.15,0.0
2025-09-20,0,wk inc flu hosp,2025-09-27,10,quantile,0.2,0.0
2025-09-20,0,wk inc flu hosp,2025-09-27,10,quantile,0.25,0.0
2025-09-20,0,wk inc flu hosp,2025-09-27,10,quantile,0.3,0.0
2025-09-20,0,wk inc flu hosp,2025-09-27,10,quantile,0.35,0.0
2025-09-20,0,wk inc flu hosp,2025-09-27,10,quantile,0.4,0.0
2025-09-20,0,wk inc flu hosp,2025-09-27,10,quantile,0.45,0.0
2025-09-20,0,wk inc flu hosp,2025-09-27,10,quantile,0.5,0.31204142564761966
2025-09-20,0,wk inc flu hosp,2025-09-27,10,quantile,0.55,1.545121074702818
2025-09-20,0,wk inc flu hosp,2025-09-27,10,quantile,0.6,2.798065687222121
2025-09-20,0,wk inc flu hosp,2025-09-27,10,quantile,0.65,4.093083387895562
2025-09-20,0,wk inc flu hosp,2025-09-27,10,quantile,0.7,5.45783698138168
2025-09-20,0,wk inc flu hosp,2025-09-27,10,quantile,0.75,6.930620688707054
2025-09-20,0,wk inc flu hosp,2025-09-27,10,quantile,0.8,8.570635188201953
2025-09-20,0,wk inc flu hosp,2025-09-27,10,quantile,0.85,10.482272385053308
2025-09-20,0,wk inc flu hosp,2025-09-27,10,quantile,0.9,12.887548486783862
2025-09-20,0,wk inc flu hosp,2025-09-27,10,quantile,0.95,16.452529999335002
2025-09-20,0,wk inc flu hosp,2025-09-27,10,quantile,0.975,19.544619801596237
2025-09-20,0,wk inc flu hosp,2025-09-27,10,quantile,0.99,23.139842431241846
2025-09-27,0,wk inc flu hosp,2025-10-04,10,quantile,0.01,0.0
2025-09-27,0,wk inc flu hosp,2025-10-04,10,quantile,0.025,0.0
2025-09-27,0,wk inc flu hosp,2025-10-04,10,quantile,0.05,0.0
2025-09-27,0,wk inc flu hosp,2025-10-04,10,quantile,0.1,0.0
2025-09-27,0,wk inc flu hosp,2025-10-04,10,quantile,0.15,0.0
2025-09-27,0,wk inc flu hosp,2025-10-04,10,quantile,0.2,0.0
2025-09-27,0,wk inc flu hosp,2025-10-04,10,quantile,0.25,0.0
2025-09-27,0,wk inc flu hosp,2025-10-04,10,quantile,0.3,0.0
2025-09-27,0,wk inc flu hosp,2025-10-04,10,quantile,0.35,0.0
2025-09-27,0,wk inc flu hosp,2025-10-04,10,quantile,0.4,0.0
2025-09-27,0,wk inc flu hosp,2025-10-04,10,quantile,0.45,0.0
2025-09-27,0,wk inc flu hosp,2025-10-04,10,quantile,0.5,0.7899990297597841
2025-09-27,0,wk inc flu hosp,2025-10-04,10,quantile,0.55,2.013139868332882
2025-09-27,0,wk inc flu hosp,2025-10-04,10,quantile,0.6,3.2559855557276487
2025-09-27,0,wk inc flu hosp,2025-10-04,10,quantile,0.65,4.5405652157539835
2025-09-27,0,wk inc flu hosp,2025-10-04,10,quantile,0.7,5.894318686635842
2025-09-27,0,wk inc flu hosp,2025-10-04,10,quantile,0.75,7.355231532123988
2025-09-27,0,wk inc flu hosp,2025-10-04,10,quantile,0.8,8.982027264030869
2025-09-27,0,wk inc flu hosp,2025-10-04,10,quantile,0.85,10.878256372828385
2025-09-27,0,wk inc flu hosp,2025-10-04,10,quantile,0.9,13.26414558146526
2025-09-27,0,wk inc flu hosp,2025-10-04,10,quantile,0.95,16.800392798018095
2025-09-27,0,wk inc flu hosp,2025-10-04,10,quantile,0.975,19.867559883760688
2025-09-27,0,wk inc flu hosp,2025-10-04,10,quantile,0.99,23.43380446938101
2025-10-04,0,wk inc flu hosp,2025-10-11,10,quantile,0.01,0.0
2025-10-04,0,wk inc flu hosp,2025-10-11,10,quantile,0.025,0.0
2025-10-04,0,wk inc flu hosp,2025-10-11,10,quantile,0.05,0.0
2025-10-04,0,wk inc flu hosp,2025-10-11,10,quantile,0.1,0.0
2025-10-04,0,wk inc flu hosp,2025-10-11,10,quantile,0.15,0.0
2025-10-04,0,wk inc flu hosp,2025-10-11,10,quantile,0.2,0.0
2025-10-04,0,wk inc flu hosp,2025-10-11,10,quantile,0.25,0.0
2025-10-04,0,wk inc flu hosp,2025-10-11,10,quantile,0.3,0.0
2025-10-04,0,wk inc flu hosp,2025-10-11,10,quantile,0.35,0.0
2025-10-04,0,wk inc flu hosp,2025-10-11,10,quantile,0.4,0.0
2025-10-04,0,wk inc flu hosp,2025-10-11,10,quantile,0.45,0.0
2025-10-04,0,wk inc flu hosp,2025-10-11,10,quantile,0.5,0.9106100550274548
2025-10-04,0,wk inc flu hosp,2025-10-11,10,quantile,0.55,2.305362850815469
2025-10-04,0,wk inc flu hosp,2025-10-11,10,quantile,0.6,3.72258517105879
2025-10-04,0,wk inc flu hosp,2025-10-11,10,quantile,0.65,5.187396921048504
2025-10-04,0,wk inc flu hosp,2025-10-11,10,quantile,0.7,6.731087867156473
2025-10-04,0,wk inc flu hosp,2025-10-11,10,quantile,0.75,8.396973112247522
2025-10-04,0,wk inc flu hosp,2025-10-11,10,quantile,0.8,10.252015331179638
2025-10-04,0,wk inc flu hosp,2025-10-11,10,quantile,0.85,12.414293596726973
2025-10-04,0,wk inc flu hosp,2025-10-11,10,quantile,0.9,15.134933394895121
2025-10-04,0,wk inc flu hosp,2025-10-11,10,quantile,0.95,19.167331411822172
2025-10-04,0,wk inc flu hosp,2025-10-11,10,quantile,0.975,22.664835323946512
2025-10-04,0,wk inc flu hosp,2025-10-11,10,quantile,0.99,26.731439470743258
2025-10-11,0,wk inc flu hosp,2025-10-18,10,quantile,0.01,0.0
2025-10-11,0,wk inc flu hosp,2025-10-18,10,quantile,0.025,0.0
2025-10-11,0,wk inc flu hosp,2025-10-18,10,quantile,0.05,0.0
2025-10-11,0,wk inc flu hosp,2025-10-18,10,quantile,0.1,0.0
2025-10-11,0,wk inc flu hosp,2025-10-18,10,quantile,0.15,0.0
2025-10-11,0,wk inc flu hosp,2025-10-18,10,quantile,0.2,0.0
2025-10-11,0,wk inc flu hosp,2025-10-18,10,quantile,0.25,0.0
2025-10-11,0,wk inc flu hosp,2025-10-18,10,quantile,0.3,0.0
2025-10-11,0,wk inc flu hosp,2025-10-18,10,quantile,0.35,0.0
2025-10-11,0,wk inc flu hosp,2025-10-18,10,quantile,0.4,0.0
2025-10-11,0,wk inc flu hosp,2025-10-18,10,quantile,0.45,0.0
2025-10-11,0,wk inc flu hosp,2025-10-18,10,quantile,0.5,0.0
2025-10-11,0,wk inc flu hosp,2025-10-18,10,quantile,0.55,0.6402551535249876
2025-10-11,0,wk inc flu hosp,2025-10-18,10,quantile,0.6,1.464600404723138
2025-10-11,0,wk inc flu hosp,2025-10-18,10,quantile,0.65,2.31662664842212
2025-10-11,0,wk inc flu hosp,2025-10-18,10,quantile,0.7,3.2145339721814605
2025-10-11,0,wk inc flu hosp,2025-10-18,10,quantile,0.75,4.183517152319421
2025-10-11,0,wk inc flu hosp,2025-10-18,10,quantile,0.8,5.262525873891224
2025-10-11,0,wk inc flu hosp,2025-10-18,10,quantile,0.85,6.520242320007377
2025-10-11,0,wk inc flu hosp,2025-10-18,10,quantile,0.9,8.10273679938839
2025-10-11,0,wk inc flu hosp,2025-10-18,10,quantile,0.95,10.448232004137877
2025-10-11,0,wk inc flu hosp,2025-10-18,10,quantile,0.975,12.482599301226204
2025-10-11,0,wk inc flu hosp,2025-10-18,10,quantile,0.99,14.847990933174996
2025-10-18,0,wk inc flu hosp,2025-10-25,10,quantile,0.01,0.0
2025-10-18,0,wk inc flu hosp,2025-10-25,10,quantile,0.025,0.0
2025-10-18,0,wk inc flu hosp,2025-10-25,10,quantile,0.05,0.0
2025-10-18,0,wk inc flu hosp,2025-10-25,10,quantile,0.1,0.0
2025-10-18,0,wk inc flu hosp,2025-10-25,10,quantile,0.15,0.0
2025-10-18,0,wk inc flu hosp,2025-10-25,10,quantile,0.2,0.0
2025-10-18,0,wk inc flu hosp,2025-10-25,10,quantile,0.25,0.0
2025-10-18,0,wk inc flu hosp,2025-10-25,10,quantile,0.3,0.0
2025-10-18,0,wk inc flu hosp,2025-10-25,10,quantile,0.35,0.0
2025-10-18,0,wk inc flu hosp,2025-10-25,10,quantile,0.4,0.0
2025-10-18,0,wk inc flu hosp,2025-10-25,10,quantile,0.45,0.3983005011724384
2025-10-18,0,wk inc flu hosp,2025-10-25,10,quantile,0.5,1.2615072953666762
2025-10-18,0,wk inc flu hosp,2025-10-25,10,quantile,0.55,2.124714089560915
2025-10-18,0,wk inc flu hosp,2025-10-25,10,quantile,0.6,3.0018271804341836
2025-10-18,0,wk inc flu hosp,2025-10-25,10,quantile,0.65,3.9083931745122147
2025-10-18,0,wk inc flu hosp,2025-10-25,10,quantile,0.7,4.863777180079793
2025-10-18,0,wk inc flu hosp,2025-10-25,10,quantile,0.75,5.894786736936839
2025-10-18,0,wk inc flu hosp,2025-10-25,10,quantile,0.8,7.0428647703597145
2025-10-18,0,wk inc flu hosp,2025-10-25,10,quantile,0.85,8.381089934987868
2025-10-18,0,wk inc flu hosp,2025-10-25,10,quantile,0.9,10.064882765822192
2025-10-18,0,wk inc flu hosp,2025-10-25,10,quantile,0.95,12.560517386966803
2025-10-18,0,wk inc flu hosp,2025-10-25,10,quantile,0.975,14.725108236889373
2025-10-18,0,wk inc flu hosp,2025-10-25,10,quantile,0.99,17.24191289174589
2025-10-25,0,wk inc flu hosp,2025-11-01,10,quantile,0.01,0.0
2025-10-25,0,wk inc flu hosp,2025-11-01,10,quantile,0.025,0.0
2025-10-25,0,wk inc flu hosp,2025-11-01,10,quantile,0.05,0.0
2025-10-25,0,wk inc flu hosp,2025-11-01,10,quantile,0.1,0.0
2025-10-25,0,wk inc flu hosp,2025-11-01,10,quantile,0.15,0.0
2025-10-25,0,wk inc flu hosp,2025-11-01,10,quantile,0.2,0.0
2025-10-25,0,wk inc flu hosp,2025-11-01,10,quantile,0.25,0.0
2025-10-25,0,wk inc flu hosp,2025-11-01,10,quantile,0.3,0.0
2025-10-25,0,wk inc flu hosp,2025-11-01,10,quantile,0.35,0.0
2025-10-25,0,wk inc flu hosp,2025-11-01,10,quantile,0.4,0.0
2025-10-25,0,wk inc flu hosp,2025-11-01,10,quantile,0.45,0.5099211164198085
2025-10-25,0,wk inc flu hosp,2025-11-01,10,quantile,0.5,1.4915052624862117
2025-10-25,0,wk inc flu hosp,2025-11-01,10,quantile,0.55,2.473089408552616
2025-10-25,0,wk inc flu hosp,2025-11-01,10,quantile,0.6,3.470486915267292
2025-10-25,0,wk inc flu hosp,2025-11-01,10,quantile,0.65,4.5013763998439
2025-10-25,0,wk inc flu hosp,2025-11-01,10,quantile,0.7,5.587778638076898
2025-10-25,0,wk inc flu hosp,2025-11-01,10,quantile,0.75,6.760177467952304
2025-10-25,0,wk inc flu hosp,2025-11-01,10,quantile,0.8,8.065699161750983
2025-10-25,0,wk inc flu hosp,2025-11-01,10,quantile,0.85,9.587444141402427
2025-10-25,0,wk inc flu hosp,2025-11-01,10,quantile,0.9,11.502146804916606
2025-10-25,0,wk inc flu hosp,2025-11-01,10,quantile,0.95,14.340024582253422
2025-10-25,0,wk inc flu hosp,2025-11-01,10,quantile,0.975,16.801460330089174
2025-10-25,0,wk inc flu hosp,2025-11-01,10,quantile,0.99,19.663411330207676
2025-11-01,0,wk inc flu hosp,2025-11-08,10,quantile,0.01,0.0
2025-11-01,0,wk inc flu hosp,2025-11-08,10,quantile,0.025,0.0
2025-11-01,0,wk inc flu hosp,2025-11-08,10,quantile,0.05,0.0
2025-11-01,0,wk inc flu hosp,2025-11-08,10,quantile,0.1,0.0
2025-11-01,0,wk inc flu hosp,2025-11-08,10,quantile,0.15,0.0
2025-11-01,0,wk inc flu hosp,2025-11-08,10,quantile,0.2,0.0
2025-11-01,0,wk inc flu hosp,2025-11-08,10,quantile,0.25,0.0
2025-11-01,0,wk inc flu hosp,2025-11-08,10,quantile,0.3,0.0
2025-11-01,0,wk inc flu hosp,2025-11-08,10,quantile,0.35,0.0
2025-11-01,0,wk inc flu hosp,2025-11-08,10,quantile,0.4,0.251379759412647
2025-11-01,0,wk inc flu hosp,2025-11-08,10,quantile,0.45,0.9997385567590938
2025-11-01,0,wk inc flu hosp,2025-11-08,10,quantile,0.5,1.7362324081065
2025-11-01,0,wk inc flu hosp,2025-11-08,10,quantile,0.55,2.472726259453907
2025-11-01,0,wk inc flu hosp,2025-11-08,10,quantile,0.6,3.221085056800353
2025-11-01,0,wk inc flu hosp,2025-11-08,10,quantile,0.65,3.994573269555173
2025-11-01,0,wk inc flu hosp,2025-11-08,10,quantile,0.7,4.809713338549864
2025-11-01,0,wk inc flu hosp,2025-11-08,10,quantile,0.75,5.689377637316684
2025-11-01,0,wk inc flu hosp,2025-11-08,10,quantile,0.8,6.668925548860003
2025-11-01,0,wk inc flu hosp,2025-11-08,10,quantile,0.85,7.810708273574318
2025-11-01,0,wk inc flu hosp,2025-11-08,10,quantile,0.9,9.247331658831497
2025-11-01,0,wk inc flu hosp,2025-11-08,10,quantile,0.95,11.376623928128822
2025-11-01,0,wk inc flu hosp,2025-11-08,10,quantile,0.975,13.223467421916364
2025-11-01,0,wk inc flu hosp,2025-11-08,10,quantile,0.99,15.370822106577545
2025-11-08,0,wk inc flu hosp,2025-11-15,10,quantile,0.01,0.0
2025-11-08,0,wk inc flu hosp,2025-11-15,10,quantile,0.025,0.0
2025-11-08,0,wk inc flu hosp,2025-11-15,10,quantile,0.05,0.0
2025-11-08,0,wk inc flu hosp,2025-11-15,10,quantile,0.1,0.0
2025-11-08,0,wk inc flu hosp,2025-11-15,10,quantile,0.15,0.0
2025-11-08,0,wk inc flu hosp,2025-11-15,10,quantile,0.2,0.0
2025-11-08,0,wk inc flu hosp,2025-11-15,10,quantile,0.25,0.0
2025-11-08,0,wk inc flu hosp,2025-11-15,10,quantile,0.3,0.0
2025-11-08,0,wk inc flu hosp,2025-11-15,10,quantile,0.35,0.0
2025-11-08,0,wk inc flu hosp,2025-11-15,10,quantile,0.4,0.0
2025-11-08,0,wk inc flu hosp,2025-11-15,10,quantile,0.45,0.254448953448529
2025-11-08,0,wk inc flu hosp,2025-11-15,10,quantile,0.5,1.4144463361965403
2025-11-08,0,wk inc flu hosp,2025-11-15,10,quantile,0.55,2.574443718944553
2025-11-08,0,wk inc flu hosp,2025-11-15,10,quantile,0.6,3.7531287068642203
2025-11-08,0,wk inc flu hosp,2025-11-15,10,quantile,0.65,4.971393191680395
2025-11-08,0,wk inc flu hosp,2025-11-15,10,quantile,0.7,6.255260456664326
2025-11-08,0,wk inc flu hosp,2025-11-15,10,quantile,0.75,7.640755097793441
2025-11-08,0,wk inc flu hosp,2025-11-15,10,quantile,0.8,9.18356908271366
2025-11-08,0,wk inc flu hosp,2025-11-15,10,quantile,0.85,10.981907208568217
2025-11-08,0,wk inc flu hosp,2025-11-15,10,quantile,0.9,13.244627207987238
2025-11-08,0,wk inc flu hosp,2025-11-15,10,quantile,0.95,16.598319102321025
2025-11-08,0,wk inc flu hosp,2025-11-15,10,quantile,0.975,19.50714667124013
2025-11-08,0,wk inc flu hosp,2025-11-15,10,quantile,0.99,22.889287349647063
2025-09-13,0,wk inc flu hosp,2025-09-20,11,quantile,0.01,0.0
2025-09-13,0,wk inc flu hosp,2025-09-20,11,quantile,0.025,0.0
2025-09-13,0,wk inc flu hosp,2025-09-20,11,quantile,0.05,0.0
2025-09-13,0,wk inc flu hosp,2025-09-20,11,quantile,0.1,0.0
2025-09-13,0,wk inc flu hosp,2025-09-20,11,quantile,0.15,0.0
2025-09-13,0,wk inc flu hosp,2025-09-20,11,quantile,0.2,0.0
2025-09-13,0,wk inc flu hosp,2025-09-20,11,quantile,0.25,0.0
2025-09-13,0,wk inc flu hosp,2025-09-20,11,quantile,0.3,0.0
2025-09-13,0,wk inc flu hosp,2025-09-20,11,quantile,0.35,0.0
2025-09-13,0,wk inc flu hosp,2025-09-20,11,quantile,0.4,0.0
2025-09-13,0,wk inc flu hosp,2025-09-20,11,quantile,0.45,0.0
2025-09-13,0,wk inc flu hosp,2025-09-20,11,quantile,0.5,0.5864159239866864
2025-09-13,0,wk inc flu hosp,2025-09-20,11,quantile,0.55,1.896067460281719
2025-09-13,0,wk inc flu hosp,2025-09-20,11,quantile,0.6,3.2268175362689306
2025-09-13,0,wk inc flu hosp,2025-09-20,11,quantile,0.65,4.602253358695931
2025-09-13,0,wk inc flu hosp,2025-09-20,11,quantile,0.7,6.051755539469697
2025-09-13,0,wk inc flu hosp,2025-09-20,11,quantile,0.75,7.615996297483072
2025-09-13,0,wk inc flu hosp,2025-09-20,11,quantile,0.8,9.357852559935651
2025-09-13,0,wk inc flu hosp,2025-09-20,11,quantile,0.85,11.388198769617548
2025-09-13,0,wk inc flu hosp,2025-09-20,11,quantile,0.9,13.94283791580634
2025-09-13,0,wk inc flu hosp,2025-09-20,11,quantile,0.95,17.729197960231165
2025-09-13,0,wk inc flu hosp,2025-09-20,11,quantile,0.975,21.01330062383157
2025-09-13,0,wk inc flu hosp,2025-09-20,11,quantile,0.99,24.831779700869085
2025-09-20,0,wk inc flu hosp,2025-09-27,11,quantile,0.01,0.0
2025-09-20,0,wk inc flu hosp,2025-09-27,11,quantile,0.025,0.0
2025-09-20,0,wk inc flu hosp,2025-09-27,11,quantile,0.05,0.0
2025-09-20,0,wk inc flu hosp,2025-09-27,11,quantile,0.1,0.0
2025-09-20,0,wk inc flu hosp,2025-09-27,11,quantile,0.15,0.0
2025-09-20,0,wk inc flu hosp,2025-09-27,11,quantile,0.2,0.0
2025-09-20,0,wk inc flu hosp,2025-09-27,11,quantile,0.25,0.0
2025-09-20,0,wk inc flu hosp,2025-09-27,11,quantile,0.3,0.0
2025-09-20,0,wk inc flu hosp,2025-09-27,11,quantile,0.35,0.0
2025-09-20,0,wk inc flu hosp,2025-09-27,11,quantile,0.4,0.0
2025-09-20,0,wk inc flu hosp,2025-09-27,11,quantile,0.45,0.0
2025-09-20,0,wk inc flu hosp,2025-09-27,11,quantile,0.5,0.32542276051764596
2025-09-20,0,wk inc flu hosp,2025-09-27,11,quantile,0.55,1.6769656867243365
2025-09-20,0,wk inc flu hosp,2025-09-27,11,quantile,0.6,3.050282024624129
2025-09-20,0,wk inc flu hosp,2025-09-27,11,quantile,0.65,4.469713457134368
2025-09-20,0,wk inc flu hosp,2025-09-27,11,quantile,0.7,5.9655803840637205
2025-09-20,0,wk inc flu hosp,2025-09-27,11,quantile,0.75,7.579855993099394
2025-09-20,0,wk inc flu hosp,2025-09-27,11,quantile,0.8,9.377428434885363
2025-09-20,0,wk inc flu hosp,2025-09-27,11,quantile,0.85,11.47271865628969
2025-09-20,0,wk inc flu hosp,2025-09-27,11,quantile,0.9,14.109072198705839
2025-09-20,0,wk inc flu hosp,2025-09-27,11,quantile,0.95,18.016545287762092
2025-09-20,0,wk inc flu hosp,2025-09-27,11,quantile,0.975,21.40569545551005
2025-09-20,0,wk inc flu hosp,2025-09-27,11,quantile,0.99,25.346314958036785
2025-09-27,0,wk inc flu hosp,2025-10-04,11,quantile,0.01,0.0
2025-09-27,0,wk inc flu hosp,2025-10-04,11,quantile,0.025,0.0
2025-09-27,0,wk inc flu hosp,2025-10-04,11,quantile,0.05,0.0
2025-09-27,0,wk inc flu hosp,2025-10-04,11,quantile,0.1,0.0
2025-09-27,0,wk inc flu hosp,2025-10-04,11,quantile,0.15,0.0
2025-09-27,0,wk inc flu hosp,2025-10-04,11,quantile,0.2,0.0
2025-09-27,0,wk inc flu hosp,2025-10-04,11,quantile,0.25,0.0
2025-09-27,0,wk inc flu hosp,2025-10-04,11,quantile,0.3,0.0
2025-09-27,0,wk inc flu hosp,2025-10-04,11,quantile,0.35,0.0
2025-09-27,0,wk inc flu hosp,2025-10-04,11,quantile,0.4,0.0
2025-09-27,0,wk inc flu hosp,2025-10-04,11,quantile,0.45,0.0
2025-09-27,0,wk inc flu hosp,2025-10-04,11,quantile,0.5,0.7201410231127862
2025-09-27,0,wk inc flu hosp,2025-10-04,11,quantile,0.55,1.4987983610897182
2025-09-27,0,wk inc flu hosp,2025-10-04,11,quantile,0.6,2.289999900555841
2025-09-27,0,wk inc flu hosp,2025-10-04,11,quantile,0.65,3.1077694876315984
2025-09-27,0,wk inc flu hosp,2025-10-04,11,quantile,0.7,3.9695754552449545
2025-09-27,0,wk inc flu hosp,2025-10-04,11,quantile,0.75,4.89959959589188
2025-09-27,0,wk inc flu hosp,2025-10-04,11,quantile,0.8,5.935225579500263
2025-09-27,0,wk inc flu hosp,2025-10-04,11,quantile,0.85,7.142374146114331
2025-09-27,0,wk inc flu hosp,2025-10-04,11,quantile,0.9,8.661242686283714
2025-09-27,0,wk inc flu hosp,2025-10-04,11,quantile,0.95,10.912434664536683
2025-09-27,0,wk inc flu hosp,2025-10-04,11,quantile,0.975,12.865007976454647
2025-09-27,0,wk inc flu hosp,2025-10-04,11,quantile,0.99,15.135296424065674
2025-10-04,0,wk inc flu hosp,2025-10-11,11,quantile,0.01,0.0
2025-10-04,0,wk inc flu hosp,2025-10-11,11,quantile,0.025,0.0
2025-10-04,0,wk inc flu hosp,2025-10-11,11,quantile,0.05,0.0
2025-10-04,0,wk inc flu hosp,2025-10-11,11,quantile,0.1,1.4921502527144916
2025-10-04,0,wk inc flu hosp,2025-10-11,11,quantile,0.15,2.6844388014288656
2025-10-04,0,wk inc flu hosp,2025-10-11,11,quantile,0.2,3.6320319436309
2025-10-04,0,wk inc flu hosp,2025-10-11,11,quantile,0.25,4.444982484346973
2025-10-04,0,wk inc flu hosp,2025-10-11,11,quantile,0.3,5.175037195202722
2025-10-04,0,wk inc flu hosp,2025-10-11,11,quantile,0.35,5.851541684712082
2025-10-04,0,wk inc flu hosp,2025-10-11,11,quantile,0.4,6.493478289738198
2025-10-04,0,wk inc flu hosp,2025-10-11,11,quantile,0.45,7.114559384172771
2025-10-04,0,wk inc flu hosp,2025-10-11,11,quantile,0.5,7.725793472501955
2025-10-04,0,wk inc flu hosp,2025-10-11,11,quantile,0.55,8.33702756083114
2025-10-04,0,wk inc flu hosp,2025-10-11,11,quantile,0.6,8.958108655265713
2025-10-04,0,wk inc flu hosp,2025-10-11,11,quantile,0.65,9.600045260291829
2025-10-04,0,wk inc flu hosp,2025-10-11,11,quantile,0.7,10.276549749801188
2025-10-04,0,wk inc flu hosp,2025-10-11,11,quantile,0.75,11.006604460656938
2025-10-04,0,wk inc flu hosp,2025-10-11,11,quantile,0.8,11.819555001373011
2025-10-04,0,wk inc flu hosp,2025-10-11,11,quantile,0.85,12.767148143575046
2025-10-04,0,wk inc flu hosp,2025-10-11,11,quantile,0.9,13.959436692289419
2025-10-04,0,wk inc flu hosp,2025-10-11,11,quantile,0.95,15.726587927332671
2025-10-04,0,wk inc flu hosp,2025-10-11,11,quantile,0.975,17.259328081438085
2025-10-04,0,wk inc flu hosp,2025-10-11,11,quantile,0.99,19.041469752542348
2025-10-11,0,wk inc flu hosp,2025-10-18,11,quantile,0.01,0.0
2025-10-11,0,wk inc flu hosp,2025-10-18,11,quantile,0.025,0.0
2025-10-11,0,wk inc flu hosp,2025-10-18,11,quantile,0.05,0.0
2025-10-11,0,wk inc flu hosp,2025-10-18,11,quantile,0.1,0.0
2025-10-11,0,wk inc flu hosp,2025-10-18,11,quantile,0.15,0.0
2025-10-11,0,wk inc flu hosp,2025-10-18,11,quantile,0.2,0.0
2025-10-11,0,wk inc flu hosp,2025-10-18,11,quantile,0.25,0.0
2025-10-11,0,wk inc flu hosp,2025-10-18,11,quantile,0.3,0.0
2025-10-11,0,wk inc flu hosp,2025-10-18,11,quantile,0.35,0.2629079025975072
2025-10-11,0,wk inc flu hosp,2025-10-18,11,quantile,0.4,1.0175093080765842
2025-10-11,0,wk inc flu hosp,2025-10-18,11,quantile,0.45,1.7475949008085099
2025-10-11,0,wk inc flu hosp,2025-10-18,11,quantile,0.5,2.4661052622968693
2025-10-11,0,wk inc flu hosp,2025-10-18,11,quantile,0.55,3.1846156237852297
2025-10-11,0,wk inc flu hosp,2025-10-18,11,quantile,0.6,3.9147012165171544
2025-10-11,0,wk inc flu hosp,2025-10-18,11,quantile,0.65,4.6693026219962315
2025-10-11,0,wk inc flu hosp,2025-10-18,11,quantile,0.7,5.464538840961964
2025-10-11,0,wk inc flu hosp,2025-10-18,11,quantile,0.75,6.322723756068898
2025-10-11,0,wk inc flu hosp,2025-10-18,11,quantile,0.8,7.278353355325615
2025-10-11,0,wk inc flu hosp,2025-10-18,11,quantile,0.85,8.392256365886759
2025-10-11,0,wk inc flu hosp,2025-10-18,11,quantile,0.9,9.793800704614526
2025-10-11,0,wk inc flu hosp,2025-10-18,11,quantile,0.95,11.871100542662356
2025-10-11,0,wk inc flu hosp,2025-10-18,11,quantile,0.975,13.672848356179095
2025-10-11,0,wk inc flu hosp,2025-10-18,11,quantile,0.99,15.767769566854403
2025-10-18,0,wk inc flu hosp,2025-10-25,11,quantile,0.01,0.0
2025-10-18,0,wk inc flu hosp,2025-10-25,11,quantile,0.025,0.0
2025-10-18,0,wk inc flu hosp,2025-10-25,11,quantile,0.05,0.0
2025-10-18,0,wk inc flu hosp,2025-10-25,11,quantile,0.1,0.0
2025-10-18,0,wk inc flu hosp,2025-10-25,11,quantile,0.15,0.0
2025-10-18,0,wk inc flu hosp,2025-10-25,11,quantile,0.2,0.0
2025-10-18,0,wk inc flu hosp,2025-10-25,11,quantile,0.25,0.0
2025-10-18,0,wk inc flu hosp,2025-10-25,11,quantile,0.3,0.35971804656929196
2025-10-18,0,wk inc flu hosp,2025-10-25,11,quantile,0.35,1.083881820018712
2025-10-18,0,wk inc flu hosp,2025-10-25,11,quantile,0.4,1.7710424248924066
2025-10-18,0,wk inc flu hosp,2025-10-25,11,quantile,0.45,2.435878262552598
2025-10-18,0,wk inc flu hosp,2025-10-25,11,quantile,0.5,3.090173379184273
2025-10-18,0,wk inc flu hosp,2025-10-25,11,quantile,0.55,3.7444684958159486
2025-10-18,0,wk inc flu hosp,2025-10-25,11,quantile,0.6,4.40930433347614
2025-10-18,0,wk inc flu hosp,2025-10-25,11,quantile,0.65,5.096464938349834
2025-10-18,0,wk inc flu hosp,2025-10-25,11,quantile,0.7,5.8206287117992535
2025-10-18,0,wk inc flu hosp,2025-10-25,11,quantile,0.75,6.602115283486684
2025-10-18,0,wk inc flu hosp,2025-10-25,11,quantile,0.8,7.472337640206984
2025-10-18,0,wk inc flu hosp,2025-10-25,11,quantile,0.85,8.486688078663791
2025-10-18,0,wk inc flu hosp,2025-10-25,11,quantile,0.9,9.762972549597205
2025-10-18,0,wk inc flu hosp,2025-10-25,11,quantile,0.95,11.654618394479687
2025-10-18,0,wk inc flu hosp,2025-10-25,11,quantile,0.975,13.295339056244144
2025-10-18,0,wk inc flu hosp,2025-10-25,11,quantile,0.99,15.20303140327396
2025-10-25,0,wk inc flu hosp,2025-11-01,11,quantile,0.01,0.0
2025-10-25,0,wk inc flu hosp,2025-11-01,11,quantile,0.025,0.0
2025-10-25,0,wk inc flu hosp,2025-11-01,11,quantile,0.05,0.0
2025-10-25,0,wk inc flu hosp,2025-11-01,11,quantile,0.1,0.0
2025-10-25,0,wk inc flu hosp,2025-11-01,11,quantile,0.15,0.0
2025-10-25,0,wk inc flu hosp,2025-11-01,11,quantile,0.2,0.0
2025-10-25,0,wk inc flu hosp,2025-11-01,11,quantile,0.25,0.0
2025-10-25,0,wk inc flu hosp,2025-11-01,11,quantile,0.3,0.003807473140637896
2025-10-25,0,wk inc flu hosp,2025-11-01,11,quantile,0.35,0.9168701735730918
2025-10-25,0,wk inc flu hosp,2025-11-01,11,quantile,0.4,1.7832773876873407
2025-10-25,0,wk inc flu hosp,2025-11-01,11,quantile,0.45,2.6215363941918772
2025-10-25,0,wk inc flu hosp,2025-11-01,11,quantile,0.5,3.4465051208458224
2025-10-25,0,wk inc flu hosp,2025-11-01,11,quantile,0.55,4.271473847499768
2025-10-25,0,wk inc flu hosp,2025-11-01,11,quantile,0.6,5.109732854004304
2025-10-25,0,wk inc flu hosp,2025-11-01,11,quantile,0.65,5.9761400681185535
2025-10-25,0,wk inc flu hosp,2025-11-01,11,quantile,0.7,6.889202768551005
2025-10-25,0,wk inc flu hosp,2025-11-01,11,quantile,0.75,7.874540982996311
2025-10-25,0,wk inc flu hosp,2025-11-01,11,quantile,0.8,8.97176181084711
2025-10-25,0,wk inc flu hosp,2025-11-01,11,quantile,0.85,10.250706691106167
2025-10-25,0,wk inc flu hosp,2025-11-01,11,quantile,0.9,11.859911387993511
2025-10-25,0,wk inc flu hosp,2025-11-01,11,quantile,0.95,14.244995158703379
2025-10-25,0,wk inc flu hosp,2025-11-01,11,quantile,0.975,16.31369963276198
2025-10-25,0,wk inc flu hosp,2025-11-01,11,quantile,0.99,18.71901565357924
2025-11-01,0,wk inc flu hosp,2025-11-08,11,quantile,0.01,0.0
2025-11-01,0,wk inc flu hosp,2025-11-08,11,quantile,0.025,0.0
2025-11-01,0,wk inc flu hosp,2025-11-08,11,quantile,0.05,0.0
2025-11-01,0,wk inc flu hosp,2025-11-08,11,quantile,0.1,0.0
2025-11-01,0,wk inc flu hosp,2025-11-08,11,quantile,0.15,0.0
2025-11-01,0,wk inc flu hosp,2025-11-08,11,quantile,0.2,0.0
2025-11-01,0,wk inc flu hosp,2025-11-08,11,quantile,0.25,0.0
2025-11-01,0,wk inc flu hosp,2025-11-08,11,quantile,0.3,0.0
2025-11-01,0,wk inc flu hosp,2025-11-08,11,quantile,0.35,0.0
2025-11-01,0,wk inc flu hosp,2025-11-08,11,quantile,0.4,0.0
2025-11-01,0,wk inc flu hosp,2025-11-08,11,quantile,0.45,0.0
2025-11-01,0,wk inc flu hosp,2025-11-08,11,quantile,0.5,1.0046754579711414
2025-11-01,0,wk inc flu hosp,2025-11-08,11,quantile,0.55,2.251634256677556
2025-11-01,0,wk inc flu hosp,2025-11-08,11,quantile,0.6,3.5186816125153175
2025-11-01,0,wk inc flu hosp,2025-11-08,11,quantile,0.65,4.828275617714092
2025-11-01,0,wk inc flu hosp,2025-11-08,11,quantile,0.7,6.208390440602984
2025-11-01,0,wk inc flu hosp,2025-11-08,11,quantile,0.75,7.697751329697196
2025-11-01,0,wk inc flu hosp,2025-11-08,11,quantile,0.8,9.356225307203992
2025-11-01,0,wk inc flu hosp,2025-11-08,11,quantile,0.85,11.289379280164871
2025-11-01,0,wk inc flu hosp,2025-11-08,11,quantile,0.9,13.721728399436499
2025-11-01,0,wk inc flu hosp,2025-11-08,11,quantile,0.95,17.326836202251556
2025-11-01,0,wk inc flu hosp,2025-11-08,11,quantile,0.975,20.45372957712342
2025-11-01,0,wk inc flu hosp,2025-11-08,11,quantile,0.99,24.08941888136261
2025-11-08,0,wk inc flu hosp,2025-11-15,11,quantile,0.01,0.0
2025-11-08,0,wk inc flu hosp,2025-11-15,11,quantile,0.025,0.0
2025-11-08,0,wk inc flu hosp,2025-11-15,11,quantile,0.05,0.0
2025-11-08,0,wk inc flu hosp,2025-11-15,11,quantile,0.1,0.0
2025-11-08,0,wk inc flu hosp,2025-11-15,11,quantile,0.15,0.0
2025-11-08,0,wk inc flu hosp,2025-11-15,11,quantile,0.2,0.0
2025-11-08,0,wk inc flu hosp,2025-11-15,11,quantile,0.25,0.0
2025-11-08,0,wk inc flu hosp,2025-11-15,11,quantile,0.3,0.0
2025-11-08,0,wk inc flu hosp,2025-11-15,11,quantile,0.35,0.0
2025-11-08,0,wk inc flu hosp,2025-11-15,11,quantile,0.4,0.0
2025-11-08,0,wk inc flu hosp,2025-11-15,11,quantile,0.45,0.0
2025-11-08,0,wk inc flu hosp,2025-11-15,11,quantile,0.5,0.7236223164043326
2025-11-08,0,wk inc flu hosp,2025-11-15,11,quantile,0.55,1.7278867215729705
2025-11-08,0,wk inc flu hosp,2025-11-15,11,quantile,0.6,2.748329867289522
2025-11-08,0,wk inc flu hosp,2025-11-15,11,quantile,0.65,3.803038848859497
2025-11-08,0,wk inc flu hosp,2025-11-15,11,quantile,0.7,4.914543249093698
2025-11-08,0,wk inc flu hosp,2025-11-15,11,quantile,0.75,6.114031258576667
2025-11-08,0,wk inc flu hosp,2025-11-15,11,quantile,0.8,7.44971803847377
2025-11-08,0,wk inc flu hosp,2025-11-15,11,quantile,0.85,9.006624110084907
2025-11-08,0,wk inc flu hosp,2025-11-15,11,quantile,0.9,10.965567456057398
2025-11-08,0,wk inc flu hosp,2025-11-15,11,quantile,0.95,13.869016589195345
2025-11-08,0,wk inc flu hosp,2025-11-15,11,quantile,0.975,16.3873257092714
2025-11-08,0,wk inc flu hosp,2025-11-15,11,quantile,0.99,19.315404295578723
2025-09-13,0,wk inc flu hosp,2025-09-20,12,quantile,0.01,71.48713759167906
2025-09-13,0,wk inc flu hosp,2025-09-20,12,quantile,0.025,86.45262050780441
2025-09-13,0,wk inc flu hosp,2025-09-20,12,quantile,0.05,99.32376142945225
2025-09-13,0,wk inc flu hosp,2025-09-20,12,quantile,0.1,114.16336259419178
2025-09-13,0,wk inc flu hosp,2025-09-20,12,quantile,0.15,124.17557104887695
2025-09-13,0,wk inc flu hosp,2025-09-20,12,quantile,0.2,132.13295693519376
2025-09-13,0,wk inc flu hosp,2025-09-20,12,quantile,0.25,138.95968548657922
2025-09-13,0,wk inc flu hosp,2025-09-20,12,quantile,0.3,145.09029871463912
2025-09-13,0,wk inc flu hosp,2025-09-20,12,quantile,0.35,150.77122551444916
2025-09-13,0,wk inc flu hosp,2025-09-20,12,quantile,0.4,156.16186950842587
2025-09-13,0,wk inc flu hosp,2025-09-20,12,quantile,0.45,161.37737995801305
2025-09-13,0,wk inc flu hosp,2025-09-20,12,quantile,0.5,166.51020045986232
2025-09-13,0,wk inc flu hosp,2025-09-20,12,quantile,0.55,171.64302096171158
2025-09-13,0,wk inc flu hosp,2025-09-20,12,quantile,0.6,176.85853141129877
2025-09-13,0,wk inc flu hosp,2025-09-20,12,quantile,0.65,182.24917540527548
2025-09-13,0,wk inc flu hosp,2025-09-20,12,quantile,0.7,187.93010220508552
2025-09-13,0,wk inc flu hosp,2025-09-20,12,quantile,0.75,194.06071543314542
2025-09-13,0,wk inc flu hosp,2025-09-20,12,quantile,0.8,200.88744398453088
2025-09-13,0,wk inc flu hosp,2025-09-20,12,quantile,0.85,208.8448298708477
2025-09-13,0,wk inc flu hosp,2025-09-20,12,quantile,0.9,218.85703832553287
2025-09-13,0,wk inc flu hosp,2025-09-20,12,quantile,0.95,233.6966394902724
2025-09-13,0,wk inc flu hosp,2025-09-20,12,quantile,0.975,246.5677804119202
2025-09-13,0,wk inc flu hosp,2025-09-20,12,quantile,0.99,261.53326332804556
2025-09-20,0,wk inc flu hosp,2025-09-27,12,quantile,0.01,85.57745466329733
2025-09-20,0,wk inc flu hosp,2025-09-27,12,quantile,0.025,98.54731912275669
2025-09-20,0,wk inc flu hosp,2025-09-27,12,quantile,0.05,109.70211807765696
2025-09-20,0,wk inc flu hosp,2025-09-27,12,quantile,0.1,122.562886875951
2025-09-20,0,wk inc flu hosp,2025-09-27,12,quantile,0.15,131.23998652752312
2025-09-20,0,wk inc flu hosp,2025-09-27,12,quantile,0.2,138.136270260936
2025-09-20,0,wk inc flu hosp,2025-09-27,12,quantile,0.25,144.05266764745713
2025-09-20,0,wk inc flu hosp,2025-09-27,12,quantile,0.3,149.36577535450144
2025-09-20,0,wk inc flu hosp,2025-09-27,12,quantile,0.35,154.28916145641298
2025-09-20,0,wk inc flu hosp,2025-09-27,12,quantile,0.4,158.9609734081504
2025-09-20,0,wk inc flu hosp,2025-09-27,12,quantile,0.45,163.48100553789564
2025-09-20,0,wk inc flu hosp,2025-09-27,12,quantile,0.5,167.9293742659096
2025-09-20,0,wk inc flu hosp,2025-09-27,12,quantile,0.55,172.37774299392356
2025-09-20,0,wk inc flu hosp,2025-09-27,12,quantile,0.6,176.89777512366877
2025-09-20,0,wk inc flu hosp,2025-09-27,12,quantile,0.65,181.5695870754062
2025-09-20,0,wk inc flu hosp,2025-09-27,12,quantile,0.7,186.49297317731774
2025-09-20,0,wk inc flu hosp,2025-09-27,12,quantile,0.75,191.80608088436205
2025-09-20,0,wk inc flu hosp,2025-09-27,12,quantile,0.8,197.7224782708832
2025-09-20,0,wk inc flu hosp,2025-09-27,12,quantile,0.85,204.61876200429606
2025-09-20,0,wk inc flu hosp,2025-09-27,12,quantile,0.9,213.29586165586818
2025-09-20,0,wk inc flu hosp,2025-09-27,12,quantile,0.95,226.15663045416218
2025-09-20,0,wk inc flu hosp,2025-09-27,12,quantile,0.975,237.31142940906247
2025-09-20,0,wk inc flu hosp,2025-09-27,12,quantile,0.99,250.28129386852186
2025-09-27,0,wk inc flu hosp,2025-10-04,12,quantile,0.01,90.79952146984678
2025-09-27,0,wk inc flu hosp,2025-10-04,12,quantile,0.025,102.34217585586853
2025-09-27,0,wk inc flu hosp,2025-10-04,12,quantile,0.05,112.2694954114761
2025-09-27,0,wk inc flu hosp,2025-10-04,12,quantile,0.1,123.71505907494
2025-09-27,0,wk inc flu hosp,2025-10-04,12,quantile,0.15,131.4373265407437
2025-09-27,0,wk inc flu hosp,2025-10-04,12,quantile,0.2,137.5747399217041
2025-09-27,0,wk inc flu hosp,2025-10-04,12,quantile,0.25,142.84009411691844
2025-09-27,0,wk inc flu hosp,2025-10-04,12,quantile,0.3,147.56854491683353
2025-09-27,0,wk inc flu hosp,2025-10-04,12,quantile,0.35,151.95015926299277
2025-09-27,0,wk inc flu hosp,2025-10-04,12,quantile,0.4,156.10788279849675
2025-09-27,0,wk inc flu hosp,2025-10-04,12,quantile,0.45,160.13052843603933
2025-09-27,0,wk inc flu hosp,2025-10-04,12,quantile,0.5,164.08939654676996
2025-09-27,0,wk inc flu hosp,2025-10-04,12,quantile,0.55,168.0482646575006
2025-09-27,0,wk inc flu hosp,2025-10-04,12,quantile,0.6,172.07091029504318
2025-09-27,0,wk inc flu hosp,2025-10-04,12,quantile,0.65,176.22863383054715
2025-09-27,0,wk inc flu hosp,2025-10-04,12,quantile,0.7,180.6102481767064
2025-09-27,0,wk inc flu hosp,2025-10-04,12,quantile,0.75,185.3386989766215
2025-09-27,0,wk inc flu hosp,2025-10-04,12,quantile,0.8,190.60405317183583
2025-09-27,0,wk inc flu hosp,2025-10-04,12,quantile,0.85,196.74146655279623
2025-09-27,0,wk inc flu hosp,2025-10-04,12,quantile,0.9,204.46373401859992
2025-09-27,0,wk inc flu hosp,2025-10-04,12,quantile,0.95,215.90929768206382
2025-09-27,0,wk inc flu hosp,2025-10-04,12,quantile,0.975,225.8366172376714
2025-09-27,0,wk inc flu hosp,2025-10-04,12,quantile,0.99,237.37927162369314
2025-10-04,0,wk inc flu hosp,2025-10-11,12,quantile,0.01,46.2290646903038
2025-10-04,0,wk inc flu hosp,2025-10-11,12,quantile,0.025,61.931100204357605
2025-10-04,0,wk inc flu hosp,2025-10-11,12,quantile,0.05,75.4357169942601
2025-10-04,0,wk inc flu hosp,2025-10-11,12,quantile,0.1,91.00567526483908
2025-10-04,0,wk inc flu hosp,2025-10-11,12,quantile,0.15,101.51065219145599
2025-10-04,0,wk inc flu hosp,2025-10-11,12,quantile,0.2,109.8596748381857
2025-10-04,0,wk inc flu hosp,2025-10-11,12,quantile,0.25,117.02239285800704
2025-10-04,0,wk inc flu hosp,2025-10-11,12,quantile,0.3,123.45473501291343
2025-10-04,0,wk inc flu hosp,2025-10-11,12,quantile,0.35,129.41525863004586
2025-10-04,0,wk inc flu hosp,2025-10-11,12,quantile,0.4,135.07121266182918
2025-10-04,0,wk inc flu hosp,2025-10-11,12,quantile,0.45,140.5434136434023
2025-10-04,0,wk inc flu hosp,2025-10-11,12,quantile,0.5,145.92885494583152
2025-10-04,0,wk inc flu hosp,2025-10-11,12,quantile,0.55,151.31429624826077
2025-10-04,0,wk inc flu hosp,2025-10-11,12,quantile,0.6,156.78649722983386
2025-10-04,0,wk inc flu hosp,2025-10-11,12,quantile,0.65,162.44245126161718
2025-10-04,0,wk inc flu hosp,2025-10-11,12,quantile,0.7,168.4029748787496
2025-10-04,0,wk inc flu hosp,2025-10-11,12,quantile,0.75,174.835317033656
2025-10-04,0,wk inc flu hosp,2025-10-11,12,quantile,0.8,181.99803505347734
2025-10-04,0,wk inc flu hosp,2025-10-11,12,quantile,0.85,190.34705770020705
2025-10-04,0,wk inc flu hosp,2025-10-11,12,quantile,0.9,200.85203462682395
2025-10-04,0,wk inc flu hosp,2025-10-11,12,quantile,0.95,216.4219928974029
2025-10-04,0,wk inc flu hosp,2025-10-11,12,quantile,0.975,229.92660968730542
2025-10-04,0,wk inc flu hosp,2025-10-11,12,quantile,0.99,245.62864520135923
2025-10-11,0,wk inc flu hosp,2025-10-18,12,quantile,0.01,66.74019532552694
2025-10-11,0,wk inc flu hosp,2025-10-18,12,quantile,0.025,80.51485512801916
2025-10-11,0,wk inc flu hosp,2025-10-18,12,quantile,0.05,92.36182247677066
2025-10-11,0,wk inc flu hosp,2025-10-18,12,quantile,0.1,106.02061710401932
2025-10-11,0,wk inc flu hosp,2025-10-18,12,quantile,0.15,115.23614099375104
2025-10-11,0,wk inc flu hosp,2025-10-18,12,quantile,0.2,122.56034724325747
2025-10-11,0,wk inc flu hosp,2025-10-18,12,quantile,0.25,128.84386404564353
2025-10-11,0,wk inc flu hosp,2025-10-18,12,quantile,0.3,134.4866563344371
2025-10-11,0,wk inc flu hosp,2025-10-18,12,quantile,0.35,139.71554433416387
2025-10-11,0,wk inc flu hosp,2025-10-18,12,quantile,0.4,144.67724771183225
2025-10-11,0,wk inc flu hosp,2025-10-18,12,quantile,0.45,149.4777531510518
2025-10-11,0,wk inc flu hosp,2025-10-18,12,quantile,0.5,154.20214839018226
2025-10-11,0,wk inc flu hosp,2025-10-18,12,quantile,0.55,158.92654362931273
2025-10-11,0,wk inc flu hosp,2025-10-18,12,quantile,0.6,163.72704906853227
2025-10-11,0,wk inc flu hosp,2025-10-18,12,quantile,0.65,168.68875244620065
2025-10-11,0,wk inc flu hosp,2025-10-18,12,quantile,0.7,173.91764044592742
2025-10-11,0,wk inc flu hosp,2025-10-18,12,quantile,0.75,179.560432734721
2025-10-11,0,wk inc flu hosp,2025-10-18,12,quantile,0.8,185.84394953710705
2025-10-11,0,wk inc flu hosp,2025-10-18,12,quantile,0.85,193.16815578661348
2025-10-11,0,wk inc flu hosp,2025-10-18,12,quantile,0.9,202.3836796763452
2025-10-11,0,wk inc flu hosp,2025-10-18,12,quantile,0.95,216.04247430359385
2025-10-11,0,wk inc flu hosp,2025-10-18,12,quantile,0.975,227.88944165234534
2025-10-11,0,wk inc flu hosp,2025-10-18,12,quantile,0.99,241.66410145483758
2025-10-18,0,wk inc flu hosp,2025-10-25,12,quantile,0.01,22.167189709250692
2025-10-18,0,wk inc flu hosp,2025-10-25,12,quantile,0.025,40.45661856808404
2025-10-18,0,wk inc flu hosp,2025-10-25,12,quantile,0.05,56.18653637547041
2025-10-18,0,wk inc flu hosp,2025-10-25,12,quantile,0.1,74.32212420227697
2025-10-18,0,wk inc flu hosp,2025-10-25,12,quantile,0.15,86.55811921012696
2025-10-18,0,wk inc flu hosp,2025-10-25,12,quantile,0.2,96.28290015343084
2025-10-18,0,wk inc flu hosp,2025-10-25,12,quantile,0.25,104.62589629187133
2025-10-18,0,wk inc flu hosp,2025-10-25,12,quantile,0.3,112.11816467532648
2025-10-18,0,wk inc flu hosp,2025-10-25,12,quantile,0.35,119.06086790379442
2025-10-18,0,wk inc flu hosp,2025-10-25,12,quantile,0.4,125.64881433918153
2025-10-18,0,wk inc flu hosp,2025-10-25,12,quantile,0.45,132.02272875710153
2025-10-18,0,wk inc flu hosp,2025-10-25,12,quantile,0.5,138.29558717001524
2025-10-18,0,wk inc flu hosp,2025-10-25,12,quantile,0.55,144.56844558292897
2025-10-18,0,wk inc flu hosp,2025-10-25,12,quantile,0.6,150.94236000084894
2025-10-18,0,wk inc flu hosp,2025-10-25,12,quantile,0.65,157.53030643623606
2025-10-18,0,wk inc flu hosp,2025-10-25,12,quantile,0.7,164.473009664704
2025-10-18,0,wk inc flu hosp,2025-10-25,12,quantile,0.75,171.96527804815915
2025-10-18,0,wk inc flu hosp,2025-10-25,12,quantile,0.8,180.30827418659965
2025-10-18,0,wk inc flu hosp,2025-10-25,12,quantile,0.85,190.03305512990352
2025-10-18,0,wk inc flu hosp,2025-10-25,12,quantile,0.9,202.2690501377535
2025-10-18,0,wk inc flu hosp,2025-10-25,12,quantile,0.95,220.40463796456004
2025-10-18,0,wk inc flu hosp,2025-10-25,12,quantile,0.975,236.13455577194642
2025-10-18,0,wk inc flu hosp,2025-10-25,12,quantile,0.99,254.42398463077978
2025-10-25,0,wk inc flu hosp,2025-11-01,12,quantile,0.01,22.391715684574052
2025-10-25,0,wk inc flu hosp,2025-11-01,12,quantile,0.025,40.87704945453848
2025-10-25,0,wk inc flu hosp,2025-11-01,12,quantile,0.05,56.77545629315378
2025-10-25,0,wk inc flu hosp,2025-11-01,12,quantile,0.1,75.10530118227447
2025-10-25,0,wk inc flu hosp,2025-11-01,12,quantile,0.15,87.47236050783036
2025-10-25,0,wk inc flu hosp,2025-11-01,12,quantile,0.2,97.30130721602345
2025-10-25,0,wk inc flu hosp,2025-11-01,12,quantile,0.25,105.7336683056433
2025-10-25,0,wk inc flu hosp,2025-11-01,12,quantile,0.3,113.30618917719744
2025-10-25,0,wk inc flu hosp,2025-11-01,12,quantile,0.35,120.3232582959007
2025-10-25,0,wk inc flu hosp,2025-11-01,12,quantile,0.4,126.98177068886486
2025-10-25,0,wk inc flu hosp,2025-11-01,12,quantile,0.45,133.4239584873938
2025-10-25,0,wk inc flu hosp,2025-11-01,12,quantile,0.5,139.7640078322609
2025-10-25,0,wk inc flu hosp,2025-11-01,12,quantile,0.55,146.10405717712797
2025-10-25,0,wk inc flu hosp,2025-11-01,12,quantile,0.6,152.54624497565692
2025-10-25,0,wk inc flu hosp,2025-11-01,12,quantile,0.65,159.20475736862107
2025-10-25,0,wk inc flu hosp,2025-11-01,12,quantile,0.7,166.2218264873243
2025-10-25,0,wk inc flu hosp,2025-11-01,12,quantile,0.75,173.79434735887847
2025-10-25,0,wk inc flu hosp,2025-11-01,12,quantile,0.8,182.22670844849833
2025-10-25,0,wk inc flu hosp,2025-11-01,12,quantile,0.85,192.05565515669142
2025-10-25,0,wk inc flu hosp,2025-11-01,12,quantile,0.9,204.4227144822473
2025-10-25,0,wk inc flu hosp,2025-11-01,12,quantile,0.95,222.75255937136797
2025-10-25,0,wk inc flu hosp,2025-11-01,12,quantile,0.975,238.65096620998327
2025-10-25,0,wk inc flu hosp,2025-11-01,12,quantile,0.99,257.1362999799477
2025-11-01,0,wk inc flu hosp,2025-11-08,12,quantile,0.01,187.48284573710552
2025-11-01,0,wk inc flu hosp,2025-11-08,12,quantile,0.025,199.60613928568694
2025-11-01,0,wk inc flu hosp,2025-11-08,12,quantile,0.05,210.03284055372023
2025-11-01,0,wk inc flu hosp,2025-11-08,12,quantile,0.1,222.0541593492641
2025-11-01,0,wk inc flu hosp,2025-11-08,12,quantile,0.15,230.1648860692785
2025-11-01,0,wk inc flu hosp,2025-11-08,12,quantile,0.2,236.6110345510766
2025-11-01,0,wk inc flu hosp,2025-11-08,12,quantile,0.25,242.1412559725151
2025-11-01,0,wk inc flu hosp,2025-11-08,12,quantile,0.3,247.1075657276452
2025-11-01,0,wk inc flu hosp,2025-11-08,12,quantile,0.35,251.7095918438817
2025-11-01,0,wk inc flu hosp,2025-11-08,12,quantile,0.4,256.07646459507504
2025-11-01,0,wk inc flu hosp,2025-11-08,12,quantile,0.45,260.30146451926123
2025-11-01,0,wk inc flu hosp,2025-11-08,12,quantile,0.5,264.45947866587096
2025-11-01,0,wk inc flu hosp,2025-11-08,12,quantile,0.55,268.6174928124807
2025-11-01,0,wk inc flu hosp,2025-11-08,12,quantile,0.6,272.8424927366669
2025-11-01,0,wk inc flu hosp,2025-11-08,12,quantile,0.65,277.2093654878602
2025-11-01,0,wk inc flu hosp,2025-11-08,12,quantile,0.7,281.81139160409674
2025-11-01,0,wk inc flu hosp,2025-11-08,12,quantile,0.75,286.77770135922685
2025-11-01,0,wk inc flu hosp,2025-11-08,12,quantile,0.8,292.3079227806653
2025-11-01,0,wk inc flu hosp,2025-11-08,12,quantile,0.85,298.7540712624634
2025-11-01,0,wk inc flu hosp,2025-11-08,12,quantile,0.9,306.86479798247785
2025-11-01,0,wk inc flu hosp,2025-11-08,12,quantile,0.95,318.88611677802163
2025-11-01,0,wk inc flu hosp,2025-11-08,12,quantile,0.975,329.312818046055
2025-11-01,0,wk inc flu hosp,2025-11-08,12,quantile,0.99,341.4361115946364
2025-11-08,0,wk inc flu hosp,2025-11-15,12,quantile,0.01,263.19432725269746
2025-11-08,0,wk inc flu hosp,2025-11-15,12,quantile,0.025,275.1422724325321
2025-11-08,0,wk inc flu hosp,2025-11-15,12,quantile,0.05,285.41816442984754
2025-11-08,0,wk inc flu hosp,2025-11-15,12,quantile,0.1,297.26560979466586
2025-11-08,0,wk inc flu hosp,2025-11-15,12,quantile,0.15,305.25902493643576
2025-11-08,0,wk inc flu hosp,2025-11-15,12,quantile,0.2,311.6119378946978
2025-11-08,0,wk inc flu hosp,2025-11-15,12,quantile,0.25,317.0621715387908
2025-11-08,0,wk inc flu hosp,2025-11-15,12,quantile,0.3,321.95664979773846
2025-11-08,0,wk inc flu hosp,2025-11-15,12,quantile,0.35,326.49211332772904
2025-11-08,0,wk inc flu hosp,2025-11-15,12,quantile,0.4,330.79582469374446
2025-11-08,0,wk inc flu hosp,2025-11-15,12,quantile,0.45,334.9597152468103
2025-11-08,0,wk inc flu hosp,2025-11-15,12,quantile,0.5,339.0575888882914
2025-11-08,0,wk inc flu hosp,2025-11-15,12,quantile,0.55,343.1554625297725
2025-11-08,0,wk inc flu hosp,2025-11-15,12,quantile,0.6,347.3193530828383
2025-11-08,0,wk inc flu hosp,2025-11-15,12,quantile,0.65,351.6230644488537
2025-11-08,0,wk inc flu hosp,2025-11-15,12,quantile,0.7,356.1585279788443
2025-11-08,0,wk inc flu hosp,2025-11-15,12,quantile,0.75,361.053006237792
2025-11-08,0,wk inc flu hosp,2025-11-15,12,quantile,0.8,366.50323988188495
2025-11-08,0,wk inc flu hosp,2025-11-15,12,quantile,0.85,372.856152840147
2025-11-08,0,wk inc flu hosp,2025-11-15,12,quantile,0.9,380.8495679819169
2025-11-08,0,wk inc flu hosp,2025-11-15,12,quantile,0.95,392.6970133467352
2025-11-08,0,wk inc flu hosp,2025-11-15,12,quantile,0.975,402.9729053440507
2025-11-08,0,wk inc flu hosp,2025-11-15,12,quantile,0.99,414.9208505238853
2025-09-13,0,wk inc flu hosp,2025-09-20,13,quantile,0.01,0.0
2025-09-13,0,wk inc flu hosp,2025-09-20,13,quantile,0.025,0.0
2025-09-13,0,wk inc flu hosp,2025-09-20,13,quantile,0.05,0.0
2025-09-13,0,wk inc flu hosp,2025-09-20,13,quantile,0.1,0.0
2025-09-13,0,wk inc flu hosp,2025-09-20,13,quantile,0.15,0.0
2025-09-13,0,wk inc flu hosp,2025-09-20,13,quantile,0.2,0.0
2025-09-13,0,wk inc flu hosp,2025-09-20,13,quantile,0.25,0.0
2025-09-13,0,wk inc flu hosp,2025-09-20,13,quantile,0.3,0.0
2025-09-13,0,wk inc flu hosp,2025-09-20,13,quantile,0.35,0.0
2025-09-13,0,wk inc flu hosp,2025-09-20,13,quantile,0.4,0.0
2025-09-13,0,wk inc flu hosp,2025-09-20,13,quantile,0.45,2.058560577128892
2025-09-13,0,wk inc flu hosp,2025-09-20,13,quantile,0.5,11.86532751338405
2025-09-13,0,wk inc flu hosp,2025-09-20,13,quantile,0.55,21.672094449639218
2025-09-13,0,wk inc flu hosp,2025-09-20,13,quantile,0.6,31.636848801418573
2025-09-13,0,wk inc flu hosp,2025-09-20,13,quantile,0.65,41.93621330602325
2025-09-13,0,wk inc flu hosp,2025-09-20,13,quantile,0.7,52.79019214428398
2025-09-13,0,wk inc flu hosp,2025-09-20,13,quantile,0.75,64.50334187984274
2025-09-13,0,wk inc flu hosp,2025-09-20,13,quantile,0.8,77.5464895637323
2025-09-13,0,wk inc flu hosp,2025-09-20,13,quantile,0.85,92.7498711705584
2025-09-13,0,wk inc flu hosp,2025-09-20,13,quantile,0.9,111.87919681070608
2025-09-13,0,wk inc flu hosp,2025-09-20,13,quantile,0.95,140.23173904302251
2025-09-13,0,wk inc flu hosp,2025-09-20,13,quantile,0.975,164.8233411021283
2025-09-13,0,wk inc flu hosp,2025-09-20,13,quantile,0.99,193.41639301073752
2025-09-20,0,wk inc flu hosp,2025-09-27,13,quantile,0.01,0.0
2025-09-20,0,wk inc flu hosp,2025-09-27,13,quantile,0.025,0.0
2025-09-20,0,wk inc flu hosp,2025-09-27,13,quantile,0.05,0.0
2025-09-20,0,wk inc flu hosp,2025-09-27,13,quantile,0.1,0.0
2025-09-20,0,wk inc flu hosp,2025-09-27,13,quantile,0.15,0.0
2025-09-20,0,wk inc flu hosp,2025-09-27,13,quantile,0.2,0.0
2025-09-20,0,wk inc flu hosp,2025-09-27,13,quantile,0.25,0.0
2025-09-20,0,wk inc flu hosp,2025-09-27,13,quantile,0.3,0.0
2025-09-20,0,wk inc flu hosp,2025-09-27,13,quantile,0.35,0.0
2025-09-20,0,wk inc flu hosp,2025-09-27,13,quantile,0.4,0.0
2025-09-20,0,wk inc flu hosp,2025-09-27,13,quantile,0.45,4.953479413637835
2025-09-20,0,wk inc flu hosp,2025-09-27,13,quantile,0.5,14.12691688157699
2025-09-20,0,wk inc flu hosp,2025-09-27,13,quantile,0.55,23.300354349516155
2025-09-20,0,wk inc flu hosp,2025-09-27,13,quantile,0.6,32.6215762694009
2025-09-20,0,wk inc flu hosp,2025-09-27,13,quantile,0.65,42.25579892979806
2025-09-20,0,wk inc flu hosp,2025-09-27,13,quantile,0.7,52.408818451759
2025-09-20,0,wk inc flu hosp,2025-09-27,13,quantile,0.75,63.365522873327265
2025-09-20,0,wk inc flu hosp,2025-09-27,13,quantile,0.8,75.56633282843225
2025-09-20,0,wk inc flu hosp,2025-09-27,13,quantile,0.85,89.78786693625646
2025-09-20,0,wk inc flu hosp,2025-09-27,13,quantile,0.9,107.68180422510876
2025-09-20,0,wk inc flu hosp,2025-09-27,13,quantile,0.95,134.20331482242065
2025-09-20,0,wk inc flu hosp,2025-09-27,13,quantile,0.975,157.20677000719277
2025-09-20,0,wk inc flu hosp,2025-09-27,13,quantile,0.99,183.95325795843254
2025-09-27,0,wk inc flu hosp,2025-10-04,13,quantile,0.01,0.0
2025-09-27,0,wk inc flu hosp,2025-10-04,13,quantile,0.025,0.0
2025-09-27,0,wk inc flu hosp,2025-10-04,13,quantile,0.05,0.0
2025-09-27,0,wk inc flu hosp,2025-10-04,13,quantile,0.1,0.0
2025-09-27,0,wk inc flu hosp,2025-10-04,13,quantile,0.15,0.0
2025-09-27,0,wk inc flu hosp,2025-10-04,13,quantile,0.2,0.0
2025-09-27,0,wk inc flu hosp,2025-10-04,13,quantile,0.25,0.0
2025-09-27,0,wk inc flu hosp,2025-10-04,13,quantile,0.3,0.0
2025-09-27,0,wk inc flu hosp,2025-10-04,13,quantile,0.35,0.0
2025-09-27,0,wk inc flu hosp,2025-10-04,13,quantile,0.4,0.8880917628533247
2025-09-27,0,wk inc flu hosp,2025-10-04,13,quantile,0.45,10.558124180629562
2025-09-27,0,wk inc flu hosp,2025-10-04,13,quantile,0.5,20.074841887798108
2025-09-27,0,wk inc flu hosp,2025-10-04,13,quantile,0.55,29.591559594966665
2025-09-27,0,wk inc flu hosp,2025-10-04,13,quantile,0.6,39.261592012742895
2025-09-27,0,wk inc flu hosp,2025-10-04,13,quantile,0.65,49.25633800708211
2025-09-27,0,wk inc flu hosp,2025-10-04,13,quantile,0.7,59.78929481891726
2025-09-27,0,wk inc flu hosp,2025-10-04,13,quantile,0.75,71.1560113137293
2025-09-27,0,wk inc flu hosp,2025-10-04,13,quantile,0.8,83.81338915571622
2025-09-27,0,wk inc flu hosp,2025-10-04,13,quantile,0.85,98.56710889709439
2025-09-27,0,wk inc flu hosp,2025-10-04,13,quantile,0.9,117.13065723357647
2025-09-27,0,wk inc flu hosp,2025-10-04,13,quantile,0.95,144.64463227340397
2025-09-27,0,wk inc flu hosp,2025-10-04,13,quantile,0.975,168.50890235188737
2025-09-27,0,wk inc flu hosp,2025-10-04,13,quantile,0.99,196.2562736486055
2025-10-04,0,wk inc flu hosp,2025-10-11,13,quantile,0.01,0.0
2025-10-04,0,wk inc flu hosp,2025-10-11,13,quantile,0.025,0.0
2025-10-04,0,wk inc flu hosp,2025-10-11,13,quantile,0.05,0.0
2025-10-04,0,wk inc flu hosp,2025-10-11,13,quantile,0.1,0.0
2025-10-04,0,wk inc flu hosp,2025-10-11,13,quantile,0.15,0.0
2025-10-04,0,wk inc flu hosp,2025-10-11,13,quantile,0.2,0.0
2025-10-04,0,wk inc flu hosp,2025-10-11,13,quantile,0.25,0.0
2025-10-04,0,wk inc flu hosp,2025-10-11,13,quantile,0.3,0.0
2025-10-04,0,wk inc flu hosp,2025-10-11,13,quantile,0.35,2.260665453383023
2025-10-04,0,wk inc flu hosp,2025-10-11,13,quantile,0.4,10.95779789265438
2025-10-04,0,wk inc flu hosp,2025-10-11,13,quantile,0.45,19.372374178743136
2025-10-04,0,wk inc flu hosp,2025-10-11,13,quantile,0.5,27.65354053687586
2025-10-04,0,wk inc flu hosp,2025-10-11,13,quantile,0.55,35.93470689500859
2025-10-04,0,wk inc flu hosp,2025-10-11,13,quantile,0.6,44.349283181097334
2025-10-04,0,wk inc flu hosp,2025-10-11,13,quantile,0.65,53.04641562036869
2025-10-04,0,wk inc flu hosp,2025-10-11,13,quantile,0.7,62.211883199188556
2025-10-04,0,wk inc flu hosp,2025-10-11,13,quantile,0.75,72.10286380149913
2025-10-04,0,wk inc flu hosp,2025-10-11,13,quantile,0.8,83.116939745801
2025-10-04,0,wk inc flu hosp,2025-10-11,13,quantile,0.85,95.95519042624178
2025-10-04,0,wk inc flu hosp,2025-10-11,13,quantile,0.9,112.10864130099552
2025-10-04,0,wk inc flu hosp,2025-10-11,13,quantile,0.95,136.0504888464675
2025-10-04,0,wk inc flu hosp,2025-10-11,13,quantile,0.975,156.81647104918306
2025-10-04,0,wk inc flu hosp,2025-10-11,13,quantile,0.99,180.9614131163325
2025-10-11,0,wk inc flu hosp,2025-10-18,13,quantile,0.01,0.0
2025-10-11,0,wk inc flu hosp,2025-10-18,13,quantile,0.025,0.0
2025-10-11,0,wk inc flu hosp,2025-10-18,13,quantile,0.05,0.0
2025-10-11,0,wk inc flu hosp,2025-10-18,13,quantile,0.1,0.0
2025-10-11,0,wk inc flu hosp,2025-10-18,13,quantile,0.15,0.0
2025-10-11,0,wk inc flu hosp,2025-10-18,13,quantile,0.2,0.0
2025-10-11,0,wk inc flu hosp,2025-10-18,13,quantile,0.25,0.0
2025-10-11,0,wk inc flu hosp,2025-10-18,13,quantile,0.3,0.0
2025-10-11,0,wk inc flu hosp,2025-10-18,13,quantile,0.35,0.0
2025-10-11,0,wk inc flu hosp,2025-10-18,13,quantile,0.4,0.8971988573015004
2025-10-11,0,wk inc flu hosp,2025-10-18,13,quantile,0.45,8.810371438224806
2025-10-11,0,wk inc flu hosp,2025-10-18,13,quantile,0.5,16.598083657505192
2025-10-11,0,wk inc flu hosp,2025-10-18,13,quantile,0.55,24.385795876785586
2025-10-11,0,wk inc flu hosp,2025-10-18,13,quantile,0.6,32.29896845770888
2025-10-11,0,wk inc flu hosp,2025-10-18,13,quantile,0.65,40.477860372311795
2025-10-11,0,wk inc flu hosp,2025-10-18,13,quantile,0.7,49.097180498503334
2025-10-11,0,wk inc flu hosp,2025-10-18,13,quantile,0.75,58.398782128765475
2025-10-11,0,wk inc flu hosp,2025-10-18,13,quantile,0.8,68.75655663854633
2025-10-11,0,wk inc flu hosp,2025-10-18,13,quantile,0.85,80.82980784187049
2025-10-11,0,wk inc flu hosp,2025-10-18,13,quantile,0.9,96.02071469248841
2025-10-11,0,wk inc flu hosp,2025-10-18,13,quantile,0.95,118.5359269969617
2025-10-11,0,wk inc flu hosp,2025-10-18,13,quantile,0.975,138.06451588790054
2025-10-11,0,wk inc flu hosp,2025-10-18,13,quantile,0.99,160.77072081584444
2025-10-18,0,wk inc flu hosp,2025-10-25,13,quantile,0.01,0.0
2025-10-18,0,wk inc flu hosp,2025-10-25,13,quantile,0.025,0.0
2025-10-18,0,wk inc flu hosp,2025-10-25,13,quantile,0.05,0.0
2025-10-18,0,wk inc flu hosp,2025-10-25,13,quantile,0.1,0.0
2025-10-18,0,wk inc flu hosp,2025-10-25,13,quantile,0.15,0.0
2025-10-18,0,wk inc flu hosp,2025-10-25,13,quantile,0.2,0.0
2025-10-18,0,wk inc flu hosp,2025-10-25,13,quantile,0.25,0.0
2025-10-18,0,wk inc flu hosp,2025-10-25,13,quantile,0.3,0.0
2025-10-18,0,wk inc flu hosp,2025-10-25,13,quantile,0.35,0.0
2025-10-18,0,wk inc flu hosp,2025-10-25,13,quantile,0.4,8.500835744504798
2025-10-18,0,wk inc flu hosp,2025-10-25,13,quantile,0.45,18.013342757557965
2025-10-18,0,wk inc flu hosp,2025-10-25,13,quantile,0.5,27.37503256578161
2025-10-18,0,wk inc flu hosp,2025-10-25,13,quantile,0.55,36.73672237400527
2025-10-18,0,wk inc flu hosp,2025-10-25,13,quantile,0.6,46.24922938705842
2025-10-18,0,wk inc flu hosp,2025-10-25,13,quantile,0.65,56.08116037314923
2025-10-18,0,wk inc flu hosp,2025-10-25,13,quantile,0.7,66.44253469042471
2025-10-18,0,wk inc flu hosp,2025-10-25,13,quantile,0.75,77.62408669572312
2025-10-18,0,wk inc flu hosp,2025-10-25,13,quantile,0.8,90.07527509788703
2025-10-18,0,wk inc flu hosp,2025-10-25,13,quantile,0.85,104.58865586489331
2025-10-18,0,wk inc flu hosp,2025-10-25,13,quantile,0.9,122.84980289200386
2025-10-18,0,wk inc flu hosp,2025-10-25,13,quantile,0.95,149.91557363773592
2025-10-18,0,wk inc flu hosp,2025-10-25,13,quantile,0.975,173.39109333358118
2025-10-18,0,wk inc flu hosp,2025-10-25,13,quantile,0.99,200.68645829726142
2025-10-25,0,wk inc flu hosp,2025-11-01,13,quantile,0.01,0.0
2025-10-25,0,wk inc flu hosp,2025-11-01,13,quantile,0.025,0.0
2025-10-25,0,wk inc flu hosp,2025-11-01,13,quantile,0.05,0.0
2025-10-25,0,wk inc flu hosp,2025-11-01,13,quantile,0.1,0.0
2025-10-25,0,wk inc flu hosp,2025-11-01,13,quantile,0.15,0.0
2025-10-25,0,wk inc flu hosp,2025-11-01,13,quantile,0.2,0.0
2025-10-25,0,wk inc flu hosp,2025-11-01,13,quantile,0.25,0.0
2025-10-25,0,wk inc flu hosp,2025-11-01,13,quantile,0.3,0.0
2025-10-25,0,wk inc flu hosp,2025-11-01,13,quantile,0.35,2.2546757588707003
2025-10-25,0,wk inc flu hosp,2025-11-01,13,quantile,0.4,11.733407433270123
2025-10-25,0,wk inc flu hosp,2025-11-01,13,quantile,0.45,20.90419002471954
2025-10-25,0,wk inc flu hosp,2025-11-01,13,quantile,0.5,29.929573322939135
2025-10-25,0,wk inc flu hosp,2025-11-01,13,quantile,0.55,38.95495662115874
2025-10-25,0,wk inc flu hosp,2025-11-01,13,quantile,0.6,48.125739212608146
2025-10-25,0,wk inc flu hosp,2025-11-01,13,quantile,0.65,57.604470887007565
2025-10-25,0,wk inc flu hosp,2025-11-01,13,quantile,0.7,67.59362633067462
2025-10-25,0,wk inc flu hosp,2025-11-01,13,quantile,0.75,78.37349564744522
2025-10-25,0,wk inc flu hosp,2025-11-01,13,quantile,0.8,90.37739132759901
2025-10-25,0,wk inc flu hosp,2025-11-01,13,quantile,0.85,104.36939779850074
2025-10-25,0,wk inc flu hosp,2025-11-01,13,quantile,0.9,121.97453690918111
2025-10-25,0,wk inc flu hosp,2025-11-01,13,quantile,0.95,148.06800510200537
2025-10-25,0,wk inc flu hosp,2025-11-01,13,quantile,0.975,170.7001973365513
2025-10-25,0,wk inc flu hosp,2025-11-01,13,quantile,0.99,197.015011874158
2025-11-01,0,wk inc flu hosp,2025-11-08,13,quantile,0.01,0.0
2025-11-01,0,wk inc flu hosp,2025-11-08,13,quantile,0.025,0.0
2025-11-01,0,wk inc flu hosp,2025-11-08,13,quantile,0.05,0.0
2025-11-01,0,wk inc flu hosp,2025-11-08,13,quantile,0.1,0.0
2025-11-01,0,wk inc flu hosp,2025-11-08,13,quantile,0.15,0.0
2025-11-01,0,wk inc flu hosp,2025-11-08,13,quantile,0.2,0.0
2025-11-01,0,wk inc flu hosp,2025-11-08,13,quantile,0.25,0.0
2025-11-01,0,wk inc flu hosp,2025-11-08,13,quantile,0.3,0.0
2025-11-01,0,wk inc flu hosp,2025-11-08,13,quantile,0.35,0.0
2025-11-01,0,wk inc flu hosp,2025-11-08,13,quantile,0.4,8.146904166657706
2025-11-01,0,wk inc flu hosp,2025-11-08,13,quantile,0.45,18.61710598256188
2025-11-01,0,wk inc flu hosp,2025-11-08,13,quantile,0.5,28.921306704358184
2025-11-01,0,wk inc flu hosp,2025-11-08,13,quantile,0.55,39.22550742615449
2025-11-01,0,wk inc flu hosp,2025-11-08,13,quantile,0.6,49.69570924205866
2025-11-01,0,wk inc flu hosp,2025-11-08,13,quantile,0.65,60.5174938171611
2025-11-01,0,wk inc flu hosp,2025-11-08,13,quantile,0.7,71.922024719807
2025-11-01,0,wk inc flu hosp,2025-11-08,13,quantile,0.75,84.22930669603613
2025-11-01,0,wk inc flu hosp,2025-11-08,13,quantile,0.8,97.93404880446361
2025-11-01,0,wk inc flu hosp,2025-11-08,13,quantile,0.85,113.9085995147127
2025-11-01,0,wk inc flu hosp,2025-11-08,13,quantile,0.9,134.00823197767772
2025-11-01,0,wk inc flu hosp,2025-11-08,13,quantile,0.95,163.79891508802365
2025-11-01,0,wk inc flu hosp,2025-11-08,13,quantile,0.975,189.63788988314897
2025-11-01,0,wk inc flu hosp,2025-11-08,13,quantile,0.99,219.68128216830894
2025-11-08,0,wk inc flu hosp,2025-11-15,13,quantile,0.01,0.0
2025-11-08,0,wk inc flu hosp,2025-11-15,13,quantile,0.025,0.0
2025-11-08,0,wk inc flu hosp,2025-11-15,13,quantile,0.05,0.0
2025-11-08,0,wk inc flu hosp,2025-11-15,13,quantile,0.1,3.219765856591863
2025-11-08,0,wk inc flu hosp,2025-11-15,13,quantile,0.15,13.064135347781423
2025-11-08,0,wk inc flu hosp,2025-11-15,13,quantile,0.2,20.888128146515335
2025-11-08,0,wk inc flu hosp,2025-11-15,13,quantile,0.25,27.600417306300415
2025-11-08,0,wk inc flu hosp,2025-11-15,13,quantile,0.3,33.628260423805074
2025-11-08,0,wk inc flu hosp,2025-11-15,13,quantile,0.35,39.21395540037751
2025-11-08,0,wk inc flu hosp,2025-11-15,13,quantile,0.4,44.51423370684206
2025-11-08,0,wk inc flu hosp,2025-11-15,13,quantile,0.45,49.64231430796763
2025-11-08,0,wk inc flu hosp,2025-11-15,13,quantile,0.5,54.6890911285713
2025-11-08,0,wk inc flu hosp,2025-11-15,13,quantile,0.55,59.735867949174974
2025-11-08,0,wk inc flu hosp,2025-11-15,13,quantile,0.6,64.86394855030053
2025-11-08,0,wk inc flu hosp,2025-11-15,13,quantile,0.65,70.16422685676508
2025-11-08,0,wk inc flu hosp,2025-11-15,13,quantile,0.7,75.74992183333751
2025-11-08,0,wk inc flu hosp,2025-11-15,13,quantile,0.75,81.77776495084218
2025-11-08,0,wk inc flu hosp,2025-11-15,13,quantile,0.8,88.49005411062726
2025-11-08,0,wk inc flu hosp,2025-11-15,13,quantile,0.85,96.31404690936117
2025-11-08,0,wk inc flu hosp,2025-11-15,13,quantile,0.9,106.15841640055073
2025-11-08,0,wk inc flu hosp,2025-11-15,13,quantile,0.95,120.74925493819848
2025-11-08,0,wk inc flu hosp,2025-11-15,13,quantile,0.975,133.4046313798045
2025-11-08,0,wk inc flu hosp,2025-11-15,13,quantile,0.99,148.11924145881088
2025-09-13,0,wk inc flu hosp,2025-09-20,15,quantile,0.01,0.0
2025-09-13,0,wk inc flu hosp,2025-09-20,15,quantile,0.025,0.0
2025-09-13,0,wk inc flu hosp,2025-09-20,15,quantile,0.05,0.0
2025-09-13,0,wk inc flu hosp,2025-09-20,15,quantile,0.1,0.0
2025-09-13,0,wk inc flu hosp,2025-09-20,15,quantile,0.15,0.0
2025-09-13,0,wk inc flu hosp,2025-09-20,15,quantile,0.2,0.0
2025-09-13,0,wk inc flu hosp,2025-09-20,15,quantile,0.25,0.0
2025-09-13,0,wk inc flu hosp,2025-09-20,15,quantile,0.3,0.0
2025-09-13,0,wk inc flu hosp,2025-09-20,15,quantile,0.35,0.0
2025-09-13,0,wk inc flu hosp,2025-09-20,15,quantile,0.4,1.0246477166891585
2025-09-13,0,wk inc flu hosp,2025-09-20,15,quantile,0.45,2.782149406513505
2025-09-13,0,wk inc flu hosp,2025-09-20,15,quantile,0.5,4.511786571036715
2025-09-13,0,wk inc flu hosp,2025-09-20,15,quantile,0.55,6.241423735559926
2025-09-13,0,wk inc flu hosp,2025-09-20,15,quantile,0.6,7.998925425384271
2025-09-13,0,wk inc flu hosp,2025-09-20,15,quantile,0.65,9.81544291110908
2025-09-13,0,wk inc flu hosp,2025-09-20,15,quantile,0.7,11.729778726738557
2025-09-13,0,wk inc flu hosp,2025-09-20,15,quantile,0.75,13.795648062467258
2025-09-13,0,wk inc flu hosp,2025-09-20,15,quantile,0.8,16.096091534108993
2025-09-13,0,wk inc flu hosp,2025-09-20,15,quantile,0.85,18.777539357282876
2025-09-13,0,wk inc flu hosp,2025-09-20,15,quantile,0.9,22.151413007440286
2025-09-13,0,wk inc flu hosp,2025-09-20,15,quantile,0.95,27.152001995889805
2025-09-13,0,wk inc flu hosp,2025-09-20,15,quantile,0.975,31.48926718563818
2025-09-13,0,wk inc flu hosp,2025-09-20,15,quantile,0.99,36.532275299294554
2025-09-20,0,wk inc flu hosp,2025-09-27,15,quantile,0.01,0.0
2025-09-20,0,wk inc flu hosp,2025-09-27,15,quantile,0.025,0.0
2025-09-20,0,wk inc flu hosp,2025-09-27,15,quantile,0.05,0.0
2025-09-20,0,wk inc flu hosp,2025-09-27,15,quantile,0.1,0.0
2025-09-20,0,wk inc flu hosp,2025-09-27,15,quantile,0.15,0.0
2025-09-20,0,wk inc flu hosp,2025-09-27,15,quantile,0.2,0.0
2025-09-20,0,wk inc flu hosp,2025-09-27,15,quantile,0.25,0.0
2025-09-20,0,wk inc flu hosp,2025-09-27,15,quantile,0.3,0.0
2025-09-20,0,wk inc flu hosp,2025-09-27,15,quantile,0.35,0.0
2025-09-20,0,wk inc flu hosp,2025-09-27,15,quantile,0.4,1.0743871654002306
2025-09-20,0,wk inc flu hosp,2025-09-27,15,quantile,0.45,2.8187852398952042
2025-09-20,0,wk inc flu hosp,2025-09-27,15,quantile,0.5,4.535526541959491
2025-09-20,0,wk inc flu hosp,2025-09-27,15,quantile,0.55,6.252267844023779
2025-09-20,0,wk inc flu hosp,2025-09-27,15,quantile,0.6,7.996665918518751
2025-09-20,0,wk inc flu hosp,2025-09-27,15,quantile,0.65,9.79963977779368
2025-09-20,0,wk inc flu hosp,2025-09-27,15,quantile,0.7,11.699702651163989
2025-09-20,0,wk inc flu hosp,2025-09-27,15,quantile,0.75,13.750169238062991
2025-09-20,0,wk inc flu hosp,2025-09-27,15,quantile,0.8,16.03346101846375
2025-09-20,0,wk inc flu hosp,2025-09-27,15,quantile,0.85,18.694916450731785
2025-09-20,0,wk inc flu hosp,2025-09-27,15,quantile,0.9,22.043635108016336
2025-09-20,0,wk inc flu hosp,2025-09-27,15,quantile,0.95,27.006940607690666
2025-09-20,0,wk inc flu hosp,2025-09-27,15,quantile,0.975,31.311867931161586
2025-09-20,0,wk inc flu hosp,2025-09-27,15,quantile,0.99,36.317276286702864
2025-09-27,0,wk inc flu hosp,2025-10-04,15,quantile,0.01,0.0
2025-09-27,0,wk inc flu hosp,2025-10-04,15,quantile,0.025,0.0
2025-09-27,0,wk inc flu hosp,2025-10-04,15,quantile,0.05,0.0
2025-09-27,0,wk inc flu hosp,2025-10-04,15,quantile,0.1,0.0
2025-09-27,0,wk inc flu hosp,2025-10-04,15,quantile,0.15,0.0
2025-09-27,0,wk inc flu hosp,2025-10-04,15,quantile,0.2,0.0
2025-09-27,0,wk inc flu hosp,2025-10-04,15,quantile,0.25,0.0
2025-09-27,0,wk inc flu hosp,2025-10-04,15,quantile,0.3,0.0
2025-09-27,0,wk inc flu hosp,2025-10-04,15,quantile,0.35,0.0
2025-09-27,0,wk inc flu hosp,2025-10-04,15,quantile,0.4,0.0
2025-09-27,0,wk inc flu hosp,2025-10-04,15,quantile,0.45,0.0
2025-09-27,0,wk inc flu hosp,2025-10-04,15,quantile,0.5,1.6135372402372212
2025-09-27,0,wk inc flu hosp,2025-10-04,15,quantile,0.55,3.6894057039666928
2025-09-27,0,wk inc flu hosp,2025-10-04,15,quantile,0.6,5.798716493356044
2025-09-27,0,wk inc flu hosp,2025-10-04,15,quantile,0.65,7.97885660584533
2025-09-27,0,wk inc flu hosp,2025-10-04,15,quantile,0.7,10.276395899150529
2025-09-27,0,wk inc flu hosp,2025-10-04,15,quantile,0.75,12.75580203830291
2025-09-27,0,wk inc flu hosp,2025-10-04,15,quantile,0.8,15.516738351029401
2025-09-27,0,wk inc flu hosp,2025-10-04,15,quantile,0.85,18.73494682124177
2025-09-27,0,wk inc flu hosp,2025-10-04,15,quantile,0.9,22.784187930662682
2025-09-27,0,wk inc flu hosp,2025-10-04,15,quantile,0.95,28.785773230812442
2025-09-27,0,wk inc flu hosp,2025-10-04,15,quantile,0.975,33.99125343839817
2025-09-27,0,wk inc flu hosp,2025-10-04,15,quantile,0.99,40.04374914107745
2025-10-04,0,wk inc flu hosp,2025-10-11,15,quantile,0.01,0.0
2025-10-04,0,wk inc flu hosp,2025-10-11,15,quantile,0.025,0.0
2025-10-04,0,wk inc flu hosp,2025-10-11,15,quantile,0.05,0.0
2025-10-04,0,wk inc flu hosp,2025-10-11,15,quantile,0.1,0.0
2025-10-04,0,wk inc flu hosp,2025-10-11,15,quantile,0.15,0.0
2025-10-04,0,wk inc flu hosp,2025-10-11,15,quantile,0.2,0.0
2025-10-04,0,wk inc flu hosp,2025-10-11,15,quantile,0.25,0.0
2025-10-04,0,wk inc flu hosp,2025-10-11,15,quantile,0.3,0.0
2025-10-04,0,wk inc flu hosp,2025-10-11,15,quantile,0.35,0.0
2025-10-04,0,wk inc flu hosp,2025-10-11,15,quantile,0.4,0.0
2025-10-04,0,wk inc flu hosp,2025-10-11,15,quantile,0.45,0.2687702027129073
2025-10-04,0,wk inc flu hosp,2025-10-11,15,quantile,0.5,2.303395011725642
2025-10-04,0,wk inc flu hosp,2025-10-11,15,quantile,0.55,4.338019820738379
2025-10-04,0,wk inc flu hosp,2025-10-11,15,quantile,0.6,6.405422518450494
2025-10-04,0,wk inc flu hosp,2025-10-11,15,quantile,0.65,8.542247292032386
2025-10-04,0,wk inc flu hosp,2025-10-11,15,quantile,0.7,10.79413874253498
2025-10-04,0,wk inc flu hosp,2025-10-11,15,quantile,0.75,13.224283682101508
2025-10-04,0,wk inc flu hosp,2025-10-11,15,quantile,0.8,15.930365313056686
2025-10-04,0,wk inc flu hosp,2025-10-11,15,quantile,0.85,19.08463395217135
2025-10-04,0,wk inc flu hosp,2025-10-11,15,quantile,0.9,23.053424153887963
2025-10-04,0,wk inc flu hosp,2025-10-11,15,quantile,0.95,28.935769089728847
2025-10-04,0,wk inc flu hosp,2025-10-11,15,quantile,0.975,34.03782606406658
2025-10-04,0,wk inc flu hosp,2025-10-11,15,quantile,0.99,39.97006990720012
2025-10-11,0,wk inc flu hosp,2025-10-18,15,quantile,0.01,0.0
2025-10-11,0,wk inc flu hosp,2025-10-18,15,quantile,0.025,0.0
2025-10-11,0,wk inc flu hosp,2025-10-18,15,quantile,0.05,0.0
2025-10-11,0,wk inc flu hosp,2025-10-18,15,quantile,0.1,0.0
2025-10-11,0,wk inc flu hosp,2025-10-18,15,quantile,0.15,0.0
2025-10-11,0,wk inc flu hosp,2025-10-18,15,quantile,0.2,0.0
2025-10-11,0,wk inc flu hosp,2025-10-18,15,quantile,0.25,0.0
2025-10-11,0,wk inc flu hosp,2025-10-18,15,quantile,0.3,0.0
2025-10-11,0,wk inc flu hosp,2025-10-18,15,quantile,0.35,0.0
2025-10-11,0,wk inc flu hosp,2025-10-18,15,quantile,0.4,0.0
2025-10-11,0,wk inc flu hosp,2025-10-18,15,quantile,0.45,1.5754830825258699
2025-10-11,0,wk inc flu hosp,2025-10-18,15,quantile,0.5,3.4006334453404525
2025-10-11,0,wk inc flu hosp,2025-10-18,15,quantile,0.55,5.225783808155037
2025-10-11,0,wk inc flu hosp,2025-10-18,15,quantile,0.6,7.080337417792801
2025-10-11,0,wk inc flu hosp,2025-10-18,15,quantile,0.65,8.997165765455875
2025-10-11,0,wk inc flu hosp,2025-10-18,15,quantile,0.7,11.0172141201686
2025-10-11,0,wk inc flu hosp,2025-10-18,15,quantile,0.75,13.197163906731
2025-10-11,0,wk inc flu hosp,2025-10-18,15,quantile,0.8,15.624641370224765
2025-10-11,0,wk inc flu hosp,2025-10-18,15,quantile,0.85,18.454162825774244
2025-10-11,0,wk inc flu hosp,2025-10-18,15,quantile,0.9,22.01434691696936
2025-10-11,0,wk inc flu hosp,2025-10-18,15,quantile,0.95,27.291076044763706
2025-10-11,0,wk inc flu hosp,2025-10-18,15,quantile,0.975,31.86785162351607
2025-10-11,0,wk inc flu hosp,2025-10-18,15,quantile,0.99,37.18934232521133
2025-10-18,0,wk inc flu hosp,2025-10-25,15,quantile,0.01,0.0
2025-10-18,0,wk inc flu hosp,2025-10-25,15,quantile,0.025,0.0
2025-10-18,0,wk inc flu hosp,2025-10-25,15,quantile,0.05,0.0
2025-10-18,0,wk inc flu hosp,2025-10-25,15,quantile,0.1,0.0
2025-10-18,0,wk inc flu hosp,2025-10-25,15,quantile,0.15,0.0
2025-10-18,0,wk inc flu hosp,2025-10-25,15,quantile,0.2,0.0
2025-10-18,0,wk inc flu hosp,2025-10-25,15,quantile,0.25,0.0
2025-10-18,0,wk inc flu hosp,2025-10-25,15,quantile,0.3,0.0
2025-10-18,0,wk inc flu hosp,2025-10-25,15,quantile,0.35,0.0
2025-10-18,0,wk inc flu hosp,2025-10-25,15,quantile,0.4,0.0
2025-10-18,0,wk inc flu hosp,2025-10-25,15,quantile,0.45,1.0690611809761876
2025-10-18,0,wk inc flu hosp,2025-10-25,15,quantile,0.5,2.722417070257285
2025-10-18,0,wk inc flu hosp,2025-10-25,15,quantile,0.55,4.375772959538384
2025-10-18,0,wk inc flu hosp,2025-10-25,15,quantile,0.6,6.055764479663685
2025-10-18,0,wk inc flu hosp,2025-10-25,15,quantile,0.65,7.792169053181915
2025-10-18,0,wk inc flu hosp,2025-10-25,15,quantile,0.7,9.62207792641384
2025-10-18,0,wk inc flu hosp,2025-10-25,15,quantile,0.75,11.596837316863123
2025-10-18,0,wk inc flu hosp,2025-10-25,15,quantile,0.8,13.795825543879841
2025-10-18,0,wk inc flu hosp,2025-10-25,15,quantile,0.85,16.359014888546024
2025-10-18,0,wk inc flu hosp,2025-10-25,15,quantile,0.9,19.58409236929948
2025-10-18,0,wk inc flu hosp,2025-10-25,15,quantile,0.95,24.364143020099586
2025-10-18,0,wk inc flu hosp,2025-10-25,15,quantile,0.975,28.51012409169684
2025-10-18,0,wk inc flu hosp,2025-10-25,15,quantile,0.99,33.3307230794068
2025-10-25,0,wk inc flu hosp,2025-11-01,15,quantile,0.01,0.0
2025-10-25,0,wk inc flu hosp,2025-11-01,15,quantile,0.025,0.0
2025-10-25,0,wk inc flu hosp,2025-11-01,15,quantile,0.05,0.0
2025-10-25,0,wk inc flu hosp,2025-11-01,15,quantile,0.1,0.0
2025-10-25,0,wk inc flu hosp,2025-11-01,15,quantile,0.15,0.0
2025-10-25,0,wk inc flu hosp,2025-11-01,15,quantile,0.2,0.0
2025-10-25,0,wk inc flu hosp,2025-11-01,15,quantile,0.25,0.0
2025-10-25,0,wk inc flu hosp,2025-11-01,15,quantile,0.3,0.0
2025-10-25,0,wk inc flu hosp,2025-11-01,15,quantile,0.35,0.9399949396870362
2025-10-25,0,wk inc flu hosp,2025-11-01,15,quantile,0.4,2.6007517222763
2025-10-25,0,wk inc flu hosp,2025-11-01,15,quantile,0.45,4.207553129213075
2025-10-25,0,wk inc flu hosp,2025-11-01,15,quantile,0.5,5.788879306898736
2025-10-25,0,wk inc flu hosp,2025-11-01,15,quantile,0.55,7.3702054845844
2025-10-25,0,wk inc flu hosp,2025-11-01,15,quantile,0.6,8.977006891521173
2025-10-25,0,wk inc flu hosp,2025-11-01,15,quantile,0.65,10.637763674110436
2025-10-25,0,wk inc flu hosp,2025-11-01,15,quantile,0.7,12.387951170209131
2025-10-25,0,wk inc flu hosp,2025-11-01,15,quantile,0.75,14.27667866015435
2025-10-25,0,wk inc flu hosp,2025-11-01,15,quantile,0.8,16.379866286211136
2025-10-25,0,wk inc flu hosp,2025-11-01,15,quantile,0.85,18.83138833017228
2025-10-25,0,wk inc flu hosp,2025-11-01,15,quantile,0.9,21.915962848243808
2025-10-25,0,wk inc flu hosp,2025-11-01,15,quantile,0.95,26.487766943041738
2025-10-25,0,wk inc flu hosp,2025-11-01,15,quantile,0.975,30.453125183944547
2025-10-25,0,wk inc flu hosp,2025-11-01,15,quantile,0.99,35.06371109639763
2025-11-01,0,wk inc flu hosp,2025-11-08,15,quantile,0.01,0.0
2025-11-01,0,wk inc flu hosp,2025-11-08,15,quantile,0.025,0.0
2025-11-01,0,wk inc flu hosp,2025-11-08,15,quantile,0.05,0.0
2025-11-01,0,wk inc flu hosp,2025-11-08,15,quantile,0.1,0.0
2025-11-01,0,wk inc flu hosp,2025-11-08,15,quantile,0.15,0.0
2025-11-01,0,wk inc flu hosp,2025-11-08,15,quantile,0.2,0.0
2025-11-01,0,wk inc flu hosp,2025-11-08,15,quantile,0.25,0.0
2025-11-01,0,wk inc flu hosp,2025-11-08,15,quantile,0.3,1.667474571588591
2025-11-01,0,wk inc flu hosp,2025-11-08,15,quantile,0.35,3.2916784728521016
2025-11-01,0,wk inc flu hosp,2025-11-08,15,quantile,0.4,4.832889143905371
2025-11-01,0,wk inc flu hosp,2025-11-08,15,quantile,0.45,6.324028304435194
2025-11-01,0,wk inc flu hosp,2025-11-08,15,quantile,0.5,7.7915260169330365
2025-11-01,0,wk inc flu hosp,2025-11-08,15,quantile,0.55,9.259023729430881
2025-11-01,0,wk inc flu hosp,2025-11-08,15,quantile,0.6,10.750162889960702
2025-11-01,0,wk inc flu hosp,2025-11-08,15,quantile,0.65,12.291373561013971
2025-11-01,0,wk inc flu hosp,2025-11-08,15,quantile,0.7,13.91557746227748
2025-11-01,0,wk inc flu hosp,2025-11-08,15,quantile,0.75,15.668348845018329
2025-11-01,0,wk inc flu hosp,2025-11-08,15,quantile,0.8,17.620142898481234
2025-11-01,0,wk inc flu hosp,2025-11-08,15,quantile,0.85,19.895197243636172
2025-11-01,0,wk inc flu hosp,2025-11-08,15,quantile,0.9,22.75773510152706
2025-11-01,0,wk inc flu hosp,2025-11-08,15,quantile,0.95,27.000447418427616
2025-11-01,0,wk inc flu hosp,2025-11-08,15,quantile,0.975,30.68036762077064
2025-11-01,0,wk inc flu hosp,2025-11-08,15,quantile,0.99,34.959070127107466
2025-11-08,0,wk inc flu hosp,2025-11-15,15,quantile,0.01,0.0
2025-11-08,0,wk inc flu hosp,2025-11-15,15,quantile,0.025,0.0
2025-11-08,0,wk inc flu hosp,2025-11-15,15,quantile,0.05,0.0
2025-11-08,0,wk inc flu hosp,2025-11-15,15,quantile,0.1,0.0
2025-11-08,0,wk inc flu hosp,2025-11-15,15,quantile,0.15,0.0
2025-11-08,0,wk inc flu hosp,2025-11-15,15,quantile,0.2,0.0
2025-11-08,0,wk inc flu hosp,2025-11-15,15,quantile,0.25,0.0
2025-11-08,0,wk inc flu hosp,2025-11-15,15,quantile,0.3,0.0
2025-11-08,0,wk inc flu hosp,2025-11-15,15,quantile,0.35,1.4080968079110754
2025-11-08,0,wk inc flu hosp,2025-11-15,15,quantile,0.4,2.8745599618042634
2025-11-08,0,wk inc flu hosp,2025-11-15,15,quantile,0.45,4.293380034435739
2025-11-08,0,wk inc flu hosp,2025-11-15,15,quantile,0.5,5.689705250851427
2025-11-08,0,wk inc flu hosp,2025-11-15,15,quantile,0.55,7.086030467267117
2025-11-08,0,wk inc flu hosp,2025-11-15,15,quantile,0.6,8.504850539898591
2025-11-08,0,wk inc flu hosp,2025-11-15,15,quantile,0.65,9.971313693791778
2025-11-08,0,wk inc flu hosp,2025-11-15,15,quantile,0.7,11.516744970870043
2025-11-08,0,wk inc flu hosp,2025-11-15,15,quantile,0.75,13.184508306709954
2025-11-08,0,wk inc flu hosp,2025-11-15,15,quantile,0.8,15.041641868752526
2025-11-08,0,wk inc flu hosp,2025-11-15,15,quantile,0.85,17.206357850114294
2025-11-08,0,wk inc flu hosp,2025-11-15,15,quantile,0.9,19.930064851411224
2025-11-08,0,wk inc flu hosp,2025-11-15,15,quantile,0.95,23.967008925417318
2025-11-08,0,wk inc flu hosp,2025-11-15,15,quantile,0.975,27.468455864086152
2025-11-08,0,wk inc flu hosp,2025-11-15,15,quantile,0.99,31.539644631372155
2025-09-13,0,wk inc flu hosp,2025-09-20,16,quantile,0.01,0.0
2025-09-13,0,wk inc flu hosp,2025-09-20,16,quantile,0.025,0.0
2025-09-13,0,wk inc flu hosp,2025-09-20,16,quantile,0.05,0.0
2025-09-13,0,wk inc flu hosp,2025-09-20,16,quantile,0.1,0.0
2025-09-13,0,wk inc flu hosp,2025-09-20,16,quantile,0.15,0.0
2025-09-13,0,wk inc flu hosp,2025-09-20,16,quantile,0.2,0.0
2025-09-13,0,wk inc flu hosp,2025-09-20,16,quantile,0.25,0.0
2025-09-13,0,wk inc flu hosp,2025-09-20,16,quantile,0.3,0.0
2025-09-13,0,wk inc flu hosp,2025-09-20,16,quantile,0.35,0.0
2025-09-13,0,wk inc flu hosp,2025-09-20,16,quantile,0.4,0.0
2025-09-13,0,wk inc flu hosp,2025-09-20,16,quantile,0.45,0.0
2025-09-13,0,wk inc flu hosp,2025-09-20,16,quantile,0.5,0.9552886716990451
2025-09-13,0,wk inc flu hosp,2025-09-20,16,quantile,0.55,2.916652413125998
2025-09-13,0,wk inc flu hosp,2025-09-20,16,quantile,0.6,4.9096138044639845
2025-09-13,0,wk inc flu hosp,2025-09-20,16,quantile,0.65,6.969497579654964
2025-09-13,0,wk inc flu hosp,2025-09-20,16,quantile,0.7,9.140304807149791
2025-09-13,0,wk inc flu hosp,2025-09-20,16,quantile,0.75,11.482947121233627
2025-09-13,0,wk inc flu hosp,2025-09-20,16,quantile,0.8,14.09159042922141
2025-09-13,0,wk inc flu hosp,2025-09-20,16,quantile,0.85,17.132282802613638
2025-09-13,0,wk inc flu hosp,2025-09-20,16,quantile,0.9,20.958168127758512
2025-09-13,0,wk inc flu hosp,2025-09-20,16,quantile,0.95,26.628706509389215
2025-09-13,0,wk inc flu hosp,2025-09-20,16,quantile,0.975,31.547052885503753
2025-09-13,0,wk inc flu hosp,2025-09-20,16,quantile,0.99,37.26569345632782
2025-09-20,0,wk inc flu hosp,2025-09-27,16,quantile,0.01,0.0
2025-09-20,0,wk inc flu hosp,2025-09-27,16,quantile,0.025,0.0
2025-09-20,0,wk inc flu hosp,2025-09-27,16,quantile,0.05,0.0
2025-09-20,0,wk inc flu hosp,2025-09-27,16,quantile,0.1,0.0
2025-09-20,0,wk inc flu hosp,2025-09-27,16,quantile,0.15,0.0
2025-09-20,0,wk inc flu hosp,2025-09-27,16,quantile,0.2,0.0
2025-09-20,0,wk inc flu hosp,2025-09-27,16,quantile,0.25,0.0
2025-09-20,0,wk inc flu hosp,2025-09-27,16,quantile,0.3,0.0
2025-09-20,0,wk inc flu hosp,2025-09-27,16,quantile,0.35,0.0
2025-09-20,0,wk inc flu hosp,2025-09-27,16,quantile,0.4,0.0
2025-09-20,0,wk inc flu hosp,2025-09-27,16,quantile,0.45,0.0
2025-09-20,0,wk inc flu hosp,2025-09-27,16,quantile,0.5,0.809407402448311
2025-09-20,0,wk inc flu hosp,2025-09-27,16,quantile,0.55,2.9865929156236657
2025-09-20,0,wk inc flu hosp,2025-09-27,16,quantile,0.6,5.198852976259881
2025-09-20,0,wk inc flu hosp,2025-09-27,16,quantile,0.65,7.485399331454541
2025-09-20,0,wk inc flu hosp,2025-09-27,16,quantile,0.7,9.895074777050167
2025-09-20,0,wk inc flu hosp,2025-09-27,16,quantile,0.75,12.495493455670301
2025-09-20,0,wk inc flu hosp,2025-09-27,16,quantile,0.8,15.391182969671833
2025-09-20,0,wk inc flu hosp,2025-09-27,16,quantile,0.85,18.766462753602163
2025-09-20,0,wk inc flu hosp,2025-09-27,16,quantile,0.9,23.01333544174287
2025-09-20,0,wk inc flu hosp,2025-09-27,16,quantile,0.95,29.307840512693772
2025-09-20,0,wk inc flu hosp,2025-09-27,16,quantile,0.975,34.76738493715864
2025-09-20,0,wk inc flu hosp,2025-09-27,16,quantile,0.99,41.115285198023486
2025-09-27,0,wk inc flu hosp,2025-10-04,16,quantile,0.01,0.0
2025-09-27,0,wk inc flu hosp,2025-10-04,16,quantile,0.025,0.0
2025-09-27,0,wk inc flu hosp,2025-10-04,16,quantile,0.05,0.0
2025-09-27,0,wk inc flu hosp,2025-10-04,16,quantile,0.1,0.0
2025-09-27,0,wk inc flu hosp,2025-10-04,16,quantile,0.15,0.0
2025-09-27,0,wk inc flu hosp,2025-10-04,16,quantile,0.2,0.0
2025-09-27,0,wk inc flu hosp,2025-10-04,16,quantile,0.25,0.0
2025-09-27,0,wk inc flu hosp,2025-10-04,16,quantile,0.3,0.0
2025-09-27,0,wk inc flu hosp,2025-10-04,16,quantile,0.35,0.0
2025-09-27,0,wk inc flu hosp,2025-10-04,16,quantile,0.4,0.0
2025-09-27,0,wk inc flu hosp,2025-10-04,16,quantile,0.45,0.0
2025-09-27,0,wk inc flu hosp,2025-10-04,16,quantile,0.5,0.639655390213083
2025-09-27,0,wk inc flu hosp,2025-10-04,16,quantile,0.55,2.73549399138603
2025-09-27,0,wk inc flu hosp,2025-10-04,16,quantile,0.6,4.865096637947985
2025-09-27,0,wk inc flu hosp,2025-10-04,16,quantile,0.65,7.066209995348091
2025-09-27,0,wk inc flu hosp,2025-10-04,16,quantile,0.7,9.385851929678365
2025-09-27,0,wk inc flu hosp,2025-10-04,16,quantile,0.75,11.889110293690944
2025-09-27,0,wk inc flu hosp,2025-10-04,16,quantile,0.8,14.676607189903912
2025-09-27,0,wk inc flu hosp,2025-10-04,16,quantile,0.85,17.925775264057872
2025-09-27,0,wk inc flu hosp,2025-10-04,16,quantile,0.9,22.013970624631874
2025-09-27,0,wk inc flu hosp,2025-10-04,16,quantile,0.95,28.07329199304263
2025-09-27,0,wk inc flu hosp,2025-10-04,16,quantile,0.975,33.328849629435204
2025-09-27,0,wk inc flu hosp,2025-10-04,16,quantile,0.99,39.439571165383995
2025-10-04,0,wk inc flu hosp,2025-10-11,16,quantile,0.01,0.0
2025-10-04,0,wk inc flu hosp,2025-10-11,16,quantile,0.025,0.0
2025-10-04,0,wk inc flu hosp,2025-10-11,16,quantile,0.05,0.0
2025-10-04,0,wk inc flu hosp,2025-10-11,16,quantile,0.1,0.0
2025-10-04,0,wk inc flu hosp,2025-10-11,16,quantile,0.15,0.0
2025-10-04,0,wk inc flu hosp,2025-10-11,16,quantile,0.2,0.0
2025-10-04,0,wk inc flu hosp,2025-10-11,16,quantile,0.25,0.0
2025-10-04,0,wk inc flu hosp,2025-10-11,16,quantile,0.3,0.0
2025-10-04,0,wk inc flu hosp,2025-10-11,16,quantile,0.35,0.0
2025-10-04,0,wk inc flu hosp,2025-10-11,16,quantile,0.4,0.0
2025-10-04,0,wk inc flu hosp,2025-10-11,16,quantile,0.45,0.0
2025-10-04,0,wk inc flu hosp,2025-10-11,16,quantile,0.5,0.0
2025-10-04,0,wk inc flu hosp,2025-10-11,16,quantile,0.55,1.6090541326242036
2025-10-04,0,wk inc flu hosp,2025-10-11,16,quantile,0.6,3.4859974637850852
2025-10-04,0,wk inc flu hosp,2025-10-11,16,quantile,0.65,5.425967365668411
2025-10-04,0,wk inc flu hosp,2025-10-11,16,quantile,0.7,7.470403432815116
2025-10-04,0,wk inc flu hosp,2025-10-11,16,quantile,0.75,9.676671395569276
2025-10-04,0,wk inc flu hosp,2025-10-11,16,quantile,0.8,12.133455396295947
2025-10-04,0,wk inc flu hosp,2025-10-11,16,quantile,0.85,14.997137200246364
2025-10-04,0,wk inc flu hosp,2025-10-11,16,quantile,0.9,18.600302809990545
2025-10-04,0,wk inc flu hosp,2025-10-11,16,quantile,0.95,23.940737022992604
2025-10-04,0,wk inc flu hosp,2025-10-11,16,quantile,0.975,28.572767262569837
2025-10-04,0,wk inc flu hosp,2025-10-11,16,quantile,0.99,33.958503448612184
2025-10-11,0,wk inc flu hosp,2025-10-18,16,quantile,0.01,0.0
2025-10-11,0,wk inc flu hosp,2025-10-18,16,quantile,0.025,0.0
2025-10-11,0,wk inc flu hosp,2025-10-18,16,quantile,0.05,0.0
2025-10-11,0,wk inc flu hosp,2025-10-18,16,quantile,0.1,0.0
2025-10-11,0,wk inc flu hosp,2025-10-18,16,quantile,0.15,0.0
2025-10-11,0,wk inc flu hosp,2025-10-18,16,quantile,0.2,0.0
2025-10-11,0,wk inc flu hosp,2025-10-18,16,quantile,0.25,0.0
2025-10-11,0,wk inc flu hosp,2025-10-18,16,quantile,0.3,0.0
2025-10-11,0,wk inc flu hosp,2025-10-18,16,quantile,0.35,0.0
2025-10-11,0,wk inc flu hosp,2025-10-18,16,quantile,0.4,0.0
2025-10-11,0,wk inc flu hosp,2025-10-18,16,quantile,0.45,0.0
2025-10-11,0,wk inc flu hosp,2025-10-18,16,quantile,0.5,1.1650892537745685
2025-10-11,0,wk inc flu hosp,2025-10-18,16,quantile,0.55,3.2894758998437577
2025-10-11,0,wk inc flu hosp,2025-10-18,16,quantile,0.6,5.448086501470183
2025-10-11,0,wk inc flu hosp,2025-10-18,16,quantile,0.65,7.6791818827311
2025-10-11,0,wk inc flu hosp,2025-10-18,16,quantile,0.7,10.03042035414558
2025-10-11,0,wk inc flu hosp,2025-10-18,16,quantile,0.75,12.567776349589668
2025-10-11,0,wk inc flu hosp,2025-10-18,16,quantile,0.8,15.393242575357252
2025-10-11,0,wk inc flu hosp,2025-10-18,16,quantile,0.85,18.68666854036429
2025-10-11,0,wk inc flu hosp,2025-10-18,16,quantile,0.9,22.830550433590645
2025-10-11,0,wk inc flu hosp,2025-10-18,16,quantile,0.95,28.972407631988183
2025-10-11,0,wk inc flu hosp,2025-10-18,16,quantile,0.975,34.29955279199758
2025-10-11,0,wk inc flu hosp,2025-10-18,16,quantile,0.99,40.49351029499988
2025-10-18,0,wk inc flu hosp,2025-10-25,16,quantile,0.01,0.0
2025-10-18,0,wk inc flu hosp,2025-10-25,16,quantile,0.025,0.0
2025-10-18,0,wk inc flu hosp,2025-10-25,16,quantile,0.05,0.0
2025-10-18,0,wk inc flu hosp,2025-10-25,16,quantile,0.1,0.0
2025-10-18,0,wk inc flu hosp,2025-10-25,16,quantile,0.15,0.0
2025-10-18,0,wk inc flu hosp,2025-10-25,16,quantile,0.2,0.0
2025-10-18,0,wk inc flu hosp,2025-10-25,16,quantile,0.25,0.0
2025-10-18,0,wk inc flu hosp,2025-10-25,16,quantile,0.3,0.0
2025-10-18,0,wk inc flu hosp,2025-10-25,16,quantile,0.35,0.0
2025-10-18,0,wk inc flu hosp,2025-10-25,16,quantile,0.4,0.0
2025-10-18,0,wk inc flu hosp,2025-10-25,16,quantile,0.45,0.0
2025-10-18,0,wk inc flu hosp,2025-10-25,16,quantile,0.5,0.3082773551058275
2025-10-18,0,wk inc flu hosp,2025-10-25,16,quantile,0.55,2.43343289460899
2025-10-18,0,wk inc flu hosp,2025-10-25,16,quantile,0.6,4.592824776573986
2025-10-18,0,wk inc flu hosp,2025-10-25,16,quantile,0.65,6.824727673073427
2025-10-18,0,wk inc flu hosp,2025-10-25,16,quantile,0.7,9.176817143916717
2025-10-18,0,wk inc flu hosp,2025-10-25,16,quantile,0.75,11.715091501546974
2025-10-18,0,wk inc flu hosp,2025-10-25,16,quantile,0.8,14.54158036715883
2025-10-18,0,wk inc flu hosp,2025-10-25,16,quantile,0.85,17.836198343801062
2025-10-18,0,wk inc flu hosp,2025-10-25,16,quantile,0.9,21.98158005985146
2025-10-18,0,wk inc flu hosp,2025-10-25,16,quantile,0.95,28.12566022160691
2025-10-18,0,wk inc flu hosp,2025-10-25,16,quantile,0.975,33.45473347080993
2025-10-18,0,wk inc flu hosp,2025-10-25,16,quantile,0.99,39.65093279418103
2025-10-25,0,wk inc flu hosp,2025-11-01,16,quantile,0.01,0.0
2025-10-25,0,wk inc flu hosp,2025-11-01,16,quantile,0.025,0.0
2025-10-25,0,wk inc flu hosp,2025-11-01,16,quantile,0.05,0.0
2025-10-25,0,wk inc flu hosp,2025-11-01,16,quantile,0.1,0.0
2025-10-25,0,wk inc flu hosp,2025-11-01,16,quantile,0.15,0.0
2025-10-25,0,wk inc flu hosp,2025-11-01,16,quantile,0.2,0.0
2025-10-25,0,wk inc flu hosp,2025-11-01,16,quantile,0.25,0.0
2025-10-25,0,wk inc flu hosp,2025-11-01,16,quantile,0.3,0.0
2025-10-25,0,wk inc flu hosp,2025-11-01,16,quantile,0.35,0.0
2025-10-25,0,wk inc flu hosp,2025-11-01,16,quantile,0.4,0.0
2025-10-25,0,wk inc flu hosp,2025-11-01,16,quantile,0.45,0.0
2025-10-25,0,wk inc flu hosp,2025-11-01,16,quantile,0.5,0.34687962556197915
2025-10-25,0,wk inc flu hosp,2025-11-01,16,quantile,0.55,2.313511653187639
2025-10-25,0,wk inc flu hosp,2025-11-01,16,quantile,0.6,4.311826203029976
2025-10-25,0,wk inc flu hosp,2025-11-01,16,quantile,0.65,6.377242892404372
2025-10-25,0,wk inc flu hosp,2025-11-01,16,quantile,0.7,8.553880978049124
2025-10-25,0,wk inc flu hosp,2025-11-01,16,quantile,0.75,10.902815704861471
2025-10-25,0,wk inc flu hosp,2025-11-01,16,quantile,0.8,13.518465912817144
2025-10-25,0,wk inc flu hosp,2025-11-01,16,quantile,0.85,16.567325683886256
2025-10-25,0,wk inc flu hosp,2025-11-01,16,quantile,0.9,20.403487460272977
2025-10-25,0,wk inc flu hosp,2025-11-01,16,quantile,0.95,26.089257090684413
2025-10-25,0,wk inc flu hosp,2025-11-01,16,quantile,0.975,31.020814303619506
2025-10-25,0,wk inc flu hosp,2025-11-01,16,quantile,0.99,36.75481532725419
2025-11-01,0,wk inc flu hosp,2025-11-08,16,quantile,0.01,0.0
2025-11-01,0,wk inc flu hosp,2025-11-08,16,quantile,0.025,0.0
2025-11-01,0,wk inc flu hosp,2025-11-08,16,quantile,0.05,0.0
2025-11-01,0,wk inc flu hosp,2025-11-08,16,quantile,0.1,0.0
2025-11-01,0,wk inc flu hosp,2025-11-08,16,quantile,0.15,0.0
2025-11-01,0,wk inc flu hosp,2025-11-08,16,quantile,0.2,0.0
2025-11-01,0,wk inc flu hosp,2025-11-08,16,quantile,0.25,0.0
2025-11-01,0,wk inc flu hosp,2025-11-08,16,quantile,0.3,0.26603953856321816
2025-11-01,0,wk inc flu hosp,2025-11-08,16,quantile,0.35,1.474868178102533
2025-11-01,0,wk inc flu hosp,2025-11-08,16,quantile,0.4,2.6219283454149473
2025-11-01,0,wk inc flu hosp,2025-11-08,16,quantile,0.45,3.731722332108875
2025-11-01,0,wk inc flu hosp,2025-11-08,16,quantile,0.5,4.823920954428289
2025-11-01,0,wk inc flu hosp,2025-11-08,16,quantile,0.55,5.916119576747704
2025-11-01,0,wk inc flu hosp,2025-11-08,16,quantile,0.6,7.02591356344163
2025-11-01,0,wk inc flu hosp,2025-11-08,16,quantile,0.65,8.172973730754045
2025-11-01,0,wk inc flu hosp,2025-11-08,16,quantile,0.7,9.381802370293357
2025-11-01,0,wk inc flu hosp,2025-11-08,16,quantile,0.75,10.6863185362586
2025-11-01,0,wk inc flu hosp,2025-11-08,16,quantile,0.8,12.138959148975427
2025-11-01,0,wk inc flu hosp,2025-11-08,16,quantile,0.85,13.832189196503473
2025-11-01,0,wk inc flu hosp,2025-11-08,16,quantile,0.9,15.962659232742247
2025-11-01,0,wk inc flu hosp,2025-11-08,16,quantile,0.95,19.120336759563745
2025-11-01,0,wk inc flu hosp,2025-11-08,16,quantile,0.975,21.859151097068438
2025-11-01,0,wk inc flu hosp,2025-11-08,16,quantile,0.99,25.043614652232293
2025-11-08,0,wk inc flu hosp,2025-11-15,16,quantile,0.01,2.9585104703250504
2025-11-08,0,wk inc flu hosp,2025-11-15,16,quantile,0.025,5.122867140230236
2025-11-08,0,wk inc flu hosp,2025-11-15,16,quantile,0.05,6.984333279290892
2025-11-08,0,wk inc flu hosp,2025-11-15,16,quantile,0.1,9.130484522097053
2025-11-08,0,wk inc flu hosp,2025-11-15,16,quantile,0.15,10.578482576742484
2025-11-08,0,wk inc flu hosp,2025-11-15,16,quantile,0.2,11.729305528102225
2025-11-08,0,wk inc flu hosp,2025-11-15,16,quantile,0.25,12.716609149150274
2025-11-08,0,wk inc flu hosp,2025-11-15,16,quantile,0.3,13.603238314752621
2025-11-08,0,wk inc flu hosp,2025-11-15,16,quantile,0.35,14.424832370843085
2025-11-08,0,wk inc flu hosp,2025-11-15,16,quantile,0.4,15.204444786215017
2025-11-08,0,wk inc flu hosp,2025-11-15,16,quantile,0.45,15.95872882046834
2025-11-08,0,wk inc flu hosp,2025-11-15,16,quantile,0.5,16.70105396633004
2025-11-08,0,wk inc flu hosp,2025-11-15,16,quantile,0.55,17.443379112191742
2025-11-08,0,wk inc flu hosp,2025-11-15,16,quantile,0.6,18.197663146445063
2025-11-08,0,wk inc flu hosp,2025-11-15,16,quantile,0.65,18.977275561816995
2025-11-08,0,wk inc flu hosp,2025-11-15,16,quantile,0.7,19.798869617907457
2025-11-08,0,wk inc flu hosp,2025-11-15,16,quantile,0.75,20.685498783509804
2025-11-08,0,wk inc flu hosp,2025-11-15,16,quantile,0.8,21.672802404557856
2025-11-08,0,wk inc flu hosp,2025-11-15,16,quantile,0.85,22.823625355917596
2025-11-08,0,wk inc flu hosp,2025-11-15,16,quantile,0.9,24.271623410563027
2025-11-08,0,wk inc flu hosp,2025-11-15,16,quantile,0.95,26.417774653369186
2025-11-08,0,wk inc flu hosp,2025-11-15,16,quantile,0.975,28.279240792429842
2025-11-08,0,wk inc flu hosp,2025-11-15,16,quantile,0.99,30.443597462335028
2025-09-13,0,wk inc flu hosp,2025-09-20,17,quantile,0.01,0.0
2025-09-13,0,wk inc flu hosp,2025-09-20,17,quantile,0.025,0.0
2025-09-13,0,wk inc flu hosp,2025-09-20,17,quantile,0.05,0.0
2025-09-13,0,wk inc flu hosp,2025-09-20,17,quantile,0.1,0.0
2025-09-13,0,wk inc flu hosp,2025-09-20,17,quantile,0.15,0.0
2025-09-13,0,wk inc flu hosp,2025-09-20,17,quantile,0.2,0.0
2025-09-13,0,wk inc flu hosp,2025-09-20,17,quantile,0.25,0.0
2025-09-13,0,wk inc flu hosp,2025-09-20,17,quantile,0.3,0.0
2025-09-13,0,wk inc flu hosp,2025-09-20,17,quantile,0.35,0.0
2025-09-13,0,wk inc flu hosp,2025-09-20,17,quantile,0.4,0.0
2025-09-13,0,wk inc flu hosp,2025-09-20,17,quantile,0.45,0.0
2025-09-13,0,wk inc flu hosp,2025-09-20,17,quantile,0.5,6.708850887642615
2025-09-13,0,wk inc flu hosp,2025-09-20,17,quantile,0.55,22.55767063030055
2025-09-13,0,wk inc flu hosp,2025-09-20,17,quantile,0.6,38.66181550574964
2025-09-13,0,wk inc flu hosp,2025-09-20,17,quantile,0.65,55.30672738735505
2025-09-13,0,wk inc flu hosp,2025-09-20,17,quantile,0.7,72.84795735808657
2025-09-13,0,wk inc flu hosp,2025-09-20,17,quantile,0.75,91.777702500834
2025-09-13,0,wk inc flu hosp,2025-09-20,17,quantile,0.8,112.85687139130727
2025-09-13,0,wk inc flu hosp,2025-09-20,17,quantile,0.85,137.4272171670008
2025-09-13,0,wk inc flu hosp,2025-09-20,17,quantile,0.9,168.34232260796657
2025-09-13,0,wk inc flu hosp,2025-09-20,17,quantile,0.95,214.16316591003763
2025-09-13,0,wk inc flu hosp,2025-09-20,17,quantile,0.975,253.9059140299163
2025-09-13,0,wk inc flu hosp,2025-09-20,17,quantile,0.99,300.11544756299884
2025-09-20,0,wk inc flu hosp,2025-09-27,17,quantile,0.01,0.0
2025-09-20,0,wk inc flu hosp,2025-09-27,17,quantile,0.025,0.0
2025-09-20,0,wk inc flu hosp,2025-09-27,17,quantile,0.05,0.0
2025-09-20,0,wk inc flu hosp,2025-09-27,17,quantile,0.1,0.0
2025-09-20,0,wk inc flu hosp,2025-09-27,17,quantile,0.15,0.0
2025-09-20,0,wk inc flu hosp,2025-09-27,17,quantile,0.2,0.0
2025-09-20,0,wk inc flu hosp,2025-09-27,17,quantile,0.25,0.0
2025-09-20,0,wk inc flu hosp,2025-09-27,17,quantile,0.3,0.0
2025-09-20,0,wk inc flu hosp,2025-09-27,17,quantile,0.35,0.0
2025-09-20,0,wk inc flu hosp,2025-09-27,17,quantile,0.4,0.0
2025-09-20,0,wk inc flu hosp,2025-09-27,17,quantile,0.45,0.0
2025-09-20,0,wk inc flu hosp,2025-09-27,17,quantile,0.5,5.9391035523913285
2025-09-20,0,wk inc flu hosp,2025-09-27,17,quantile,0.55,22.991894407532612
2025-09-20,0,wk inc flu hosp,2025-09-27,17,quantile,0.6,40.31940641921716
2025-09-20,0,wk inc flu hosp,2025-09-27,17,quantile,0.65,58.22876533225327
2025-09-20,0,wk inc flu hosp,2025-09-27,17,quantile,0.7,77.10253201581928
2025-09-20,0,wk inc flu hosp,2025-09-27,17,quantile,0.75,97.47029378621482
2025-09-20,0,wk inc flu hosp,2025-09-27,17,quantile,0.8,120.1507623842606
2025-09-20,0,wk inc flu hosp,2025-09-27,17,quantile,0.85,146.58761853851817
2025-09-20,0,wk inc flu hosp,2025-09-27,17,quantile,0.9,179.85122023943683
2025-09-20,0,wk inc flu hosp,2025-09-27,17,quantile,0.95,229.1528887752529
2025-09-20,0,wk inc flu hosp,2025-09-27,17,quantile,0.975,271.91473367608916
2025-09-20,0,wk inc flu hosp,2025-09-27,17,quantile,0.99,321.63461967695946
2025-09-27,0,wk inc flu hosp,2025-10-04,17,quantile,0.01,0.0
2025-09-27,0,wk inc flu hosp,2025-10-04,17,quantile,0.025,0.0
2025-09-27,0,wk inc flu hosp,2025-10-04,17,quantile,0.05,0.0
2025-09-27,0,wk inc flu hosp,2025-10-04,17,quantile,0.1,0.0
2025-09-27,0,wk inc flu hosp,2025-10-04,17,quantile,0.15,0.0
2025-09-27,0,wk inc flu hosp,2025-10-04,17,quantile,0.2,0.0
2025-09-27,0,wk inc flu hosp,2025-10-04,17,quantile,0.25,0.0
2025-09-27,0,wk inc flu hosp,2025-10-04,17,quantile,0.3,0.0
2025-09-27,0,wk inc flu hosp,2025-10-04,17,quantile,0.35,0.0
2025-09-27,0,wk inc flu hosp,2025-10-04,17,quantile,0.4,0.0
2025-09-27,0,wk inc flu hosp,2025-10-04,17,quantile,0.45,0.0
2025-09-27,0,wk inc flu hosp,2025-10-04,17,quantile,0.5,6.117450181333943
2025-09-27,0,wk inc flu hosp,2025-10-04,17,quantile,0.55,22.611963045330974
2025-09-27,0,wk inc flu hosp,2025-10-04,17,quantile,0.6,39.37220318465249
2025-09-27,0,wk inc flu hosp,2025-10-04,17,quantile,0.65,56.69524159440061
2025-09-27,0,wk inc flu hosp,2025-10-04,17,quantile,0.7,74.95111478247173
2025-09-27,0,wk inc flu hosp,2025-10-04,17,quantile,0.75,94.65207231994884
2025-09-27,0,wk inc flu hosp,2025-10-04,17,quantile,0.8,116.59002278388465
2025-09-27,0,wk inc flu hosp,2025-10-04,17,quantile,0.85,142.16138336786616
2025-09-27,0,wk inc flu hosp,2025-10-04,17,quantile,0.9,174.3359940119214
2025-09-27,0,wk inc flu hosp,2025-10-04,17,quantile,0.95,222.0236137563083
2025-09-27,0,wk inc flu hosp,2025-10-04,17,quantile,0.975,263.3855120400978
2025-09-27,0,wk inc flu hosp,2025-10-04,17,quantile,0.99,311.47765755483425
2025-10-04,0,wk inc flu hosp,2025-10-11,17,quantile,0.01,0.0
2025-10-04,0,wk inc flu hosp,2025-10-11,17,quantile,0.025,0.0
2025-10-04,0,wk inc flu hosp,2025-10-11,17,quantile,0.05,0.0
2025-10-04,0,wk inc flu hosp,2025-10-11,17,quantile,0.1,0.0
2025-10-04,0,wk inc flu hosp,2025-10-11,17,quantile,0.15,0.0
2025-10-04,0,wk inc flu hosp,2025-10-11,17,quantile,0.2,0.0
2025-10-04,0,wk inc flu hosp,2025-10-11,17,quantile,0.25,0.0
2025-10-04,0,wk inc flu hosp,2025-10-11,17,quantile,0.3,0.0
2025-10-04,0,wk inc flu hosp,2025-10-11,17,quantile,0.35,0.0
2025-10-04,0,wk inc flu hosp,2025-10-11,17,quantile,0.4,0.0
2025-10-04,0,wk inc flu hosp,2025-10-11,17,quantile,0.45,0.0
2025-10-04,0,wk inc flu hosp,2025-10-11,17,quantile,0.5,7.84517693040537
2025-10-04,0,wk inc flu hosp,2025-10-11,17,quantile,0.55,23.418751998100653
2025-10-04,0,wk inc flu hosp,2025-10-11,17,quantile,0.6,39.243217995641636
2025-10-04,0,wk inc flu hosp,2025-10-11,17,quantile,0.65,55.59905955939221
2025-10-04,0,wk inc flu hosp,2025-10-11,17,quantile,0.7,72.83565295654064
2025-10-04,0,wk inc flu hosp,2025-10-11,17,quantile,0.75,91.4366473384401
2025-10-04,0,wk inc flu hosp,2025-10-11,17,quantile,0.8,112.14973666690504
2025-10-04,0,wk inc flu hosp,2025-10-11,17,quantile,0.85,136.29337200317394
2025-10-04,0,wk inc flu hosp,2025-10-11,17,quantile,0.9,166.67157827519833
2025-10-04,0,wk inc flu hosp,2025-10-11,17,quantile,0.95,211.69665613063194
2025-10-04,0,wk inc flu hosp,2025-10-11,17,quantile,0.975,250.74919640121973
2025-10-04,0,wk inc flu hosp,2025-10-11,17,quantile,0.99,296.15621414801603
2025-10-11,0,wk inc flu hosp,2025-10-18,17,quantile,0.01,0.0
2025-10-11,0,wk inc flu hosp,2025-10-18,17,quantile,0.025,0.0
2025-10-11,0,wk inc flu hosp,2025-10-18,17,quantile,0.05,0.0
2025-10-11,0,wk inc flu hosp,2025-10-18,17,quantile,0.1,0.0
2025-10-11,0,wk inc flu hosp,2025-10-18,17,quantile,0.15,0.0
2025-10-11,0,wk inc flu hosp,2025-10-18,17,quantile,0.2,0.0
2025-10-11,0,wk inc flu hosp,2025-10-18,17,quantile,0.25,0.0
2025-10-11,0,wk inc flu hosp,2025-10-18,17,quantile,0.3,0.0
2025-10-11,0,wk inc flu hosp,2025-10-18,17,quantile,0.35,0.0
2025-10-11,0,wk inc flu hosp,2025-10-18,17,quantile,0.4,0.0
2025-10-11,0,wk inc flu hosp,2025-10-18,17,quantile,0.45,0.0
2025-10-11,0,wk inc flu hosp,2025-10-18,17,quantile,0.5,9.514666450969818
2025-10-11,0,wk inc flu hosp,2025-10-18,17,quantile,0.55,24.933367014919
2025-10-11,0,wk inc flu hosp,2025-10-18,17,quantile,0.6,40.60046347413862
2025-10-11,0,wk inc flu hosp,2025-10-18,17,quantile,0.65,56.79365112993775
2025-10-11,0,wk inc flu hosp,2025-10-18,17,quantile,0.7,73.85883180797366
2025-10-11,0,wk inc flu hosp,2025-10-18,17,quantile,0.75,92.27484491476072
2025-10-11,0,wk inc flu hosp,2025-10-18,17,quantile,0.8,112.78194882132668
2025-10-11,0,wk inc flu hosp,2025-10-18,17,quantile,0.85,136.68548299103122
2025-10-11,0,wk inc flu hosp,2025-10-18,17,quantile,0.9,166.7615871702076
2025-10-11,0,wk inc flu hosp,2025-10-18,17,quantile,0.95,211.33890421550745
2025-10-11,0,wk inc flu hosp,2025-10-18,17,quantile,0.975,250.00307875965535
2025-10-11,0,wk inc flu hosp,2025-10-18,17,quantile,0.99,294.95853741937253
2025-10-18,0,wk inc flu hosp,2025-10-25,17,quantile,0.01,0.0
2025-10-18,0,wk inc flu hosp,2025-10-25,17,quantile,0.025,0.0
2025-10-18,0,wk inc flu hosp,2025-10-25,17,quantile,0.05,0.0
2025-10-18,0,wk inc flu hosp,2025-10-25,17,quantile,0.1,0.0
2025-10-18,0,wk inc flu hosp,2025-10-25,17,quantile,0.15,0.0
2025-10-18,0,wk inc flu hosp,2025-10-25,17,quantile,0.2,0.0
2025-10-18,0,wk inc flu hosp,2025-10-25,17,quantile,0.25,0.0
2025-10-18,0,wk inc flu hosp,2025-10-25,17,quantile,0.3,0.0
2025-10-18,0,wk inc flu hosp,2025-10-25,17,quantile,0.35,0.0
2025-10-18,0,wk inc flu hosp,2025-10-25,17,quantile,0.4,0.0
2025-10-18,0,wk inc flu hosp,2025-10-25,17,quantile,0.45,8.830399008819471
2025-10-18,0,wk inc flu hosp,2025-10-25,17,quantile,0.5,23.088699407783782
2025-10-18,0,wk inc flu hosp,2025-10-25,17,quantile,0.55,37.34699980674811
2025-10-18,0,wk inc flu hosp,2025-10-25,17,quantile,0.6,51.83500200697294
2025-10-18,0,wk inc flu hosp,2025-10-25,17,quantile,0.65,66.80950216381677
2025-10-18,0,wk inc flu hosp,2025-10-25,17,quantile,0.7,82.59036978368293
2025-10-18,0,wk inc flu hosp,2025-10-25,17,quantile,0.75,99.62040716840139
2025-10-18,0,wk inc flu hosp,2025-10-25,17,quantile,0.8,118.58416138360752
2025-10-18,0,wk inc flu hosp,2025-10-25,17,quantile,0.85,140.68873299617542
2025-10-18,0,wk inc flu hosp,2025-10-25,17,quantile,0.9,168.50133149879568
2025-10-18,0,wk inc flu hosp,2025-10-25,17,quantile,0.95,209.7237921578905
2025-10-18,0,wk inc flu hosp,2025-10-25,17,quantile,0.975,245.47812911008626
2025-10-18,0,wk inc flu hosp,2025-10-25,17,quantile,0.99,287.0502727213436
2025-10-25,0,wk inc flu hosp,2025-11-01,17,quantile,0.01,0.0
2025-10-25,0,wk inc flu hosp,2025-11-01,17,quantile,0.025,0.0
2025-10-25,0,wk inc flu hosp,2025-11-01,17,quantile,0.05,0.0
2025-10-25,0,wk inc flu hosp,2025-11-01,17,quantile,0.1,0.0
2025-10-25,0,wk inc flu hosp,2025-11-01,17,quantile,0.15,0.0
2025-10-25,0,wk inc flu hosp,2025-11-01,17,quantile,0.2,0.0
2025-10-25,0,wk inc flu hosp,2025-11-01,17,quantile,0.25,0.0
2025-10-25,0,wk inc flu hosp,2025-11-01,17,quantile,0.3,0.0
2025-10-25,0,wk inc flu hosp,2025-11-01,17,quantile,0.35,1.6919156668314272
2025-10-25,0,wk inc flu hosp,2025-11-01,17,quantile,0.4,12.667101958455376
2025-10-25,0,wk inc flu hosp,2025-11-01,17,quantile,0.45,23.285721710397713
2025-10-25,0,wk inc flu hosp,2025-11-01,17,quantile,0.5,33.73598725792917
2025-10-25,0,wk inc flu hosp,2025-11-01,17,quantile,0.55,44.18625280546063
2025-10-25,0,wk inc flu hosp,2025-11-01,17,quantile,0.6,54.80487255740296
2025-10-25,0,wk inc flu hosp,2025-11-01,17,quantile,0.65,65.78005884902691
2025-10-25,0,wk inc flu hosp,2025-11-01,17,quantile,0.7,77.34625205463654
2025-10-25,0,wk inc flu hosp,2025-11-01,17,quantile,0.75,89.82799307389737
2025-10-25,0,wk inc flu hosp,2025-11-01,17,quantile,0.8,103.7270035998236
2025-10-25,0,wk inc flu hosp,2025-11-01,17,quantile,0.85,119.9279978769914
2025-10-25,0,wk inc flu hosp,2025-11-01,17,quantile,0.9,140.31254805383924
2025-10-25,0,wk inc flu hosp,2025-11-01,17,quantile,0.95,170.52552213604474
2025-10-25,0,wk inc flu hosp,2025-11-01,17,quantile,0.975,196.73077137132546
2025-10-25,0,wk inc flu hosp,2025-11-01,17,quantile,0.99,227.20003684908954
2025-11-01,0,wk inc flu hosp,2025-11-08,17,quantile,0.01,0.0
2025-11-01,0,wk inc flu hosp,2025-11-08,17,quantile,0.025,0.0
2025-11-01,0,wk inc flu hosp,2025-11-08,17,quantile,0.05,0.0
2025-11-01,0,wk inc flu hosp,2025-11-08,17,quantile,0.1,0.0
2025-11-01,0,wk inc flu hosp,2025-11-08,17,quantile,0.15,0.0
2025-11-01,0,wk inc flu hosp,2025-11-08,17,quantile,0.2,0.0
2025-11-01,0,wk inc flu hosp,2025-11-08,17,quantile,0.25,0.0
2025-11-01,0,wk inc flu hosp,2025-11-08,17,quantile,0.3,0.0
2025-11-01,0,wk inc flu hosp,2025-11-08,17,quantile,0.35,0.0
2025-11-01,0,wk inc flu hosp,2025-11-08,17,quantile,0.4,13.112464175516578
2025-11-01,0,wk inc flu hosp,2025-11-08,17,quantile,0.45,27.216609317425483
2025-11-01,0,wk inc flu hosp,2025-11-08,17,quantile,0.5,41.09713856671074
2025-11-01,0,wk inc flu hosp,2025-11-08,17,quantile,0.55,54.977667815996014
2025-11-01,0,wk inc flu hosp,2025-11-08,17,quantile,0.6,69.0818129579049
2025-11-01,0,wk inc flu hosp,2025-11-08,17,quantile,0.65,83.65956637903463
2025-11-01,0,wk inc flu hosp,2025-11-08,17,quantile,0.7,99.02232269973621
2025-11-01,0,wk inc flu hosp,2025-11-08,17,quantile,0.75,115.60115225309424
2025-11-01,0,wk inc flu hosp,2025-11-08,17,quantile,0.8,134.0624651511971
2025-11-01,0,wk inc flu hosp,2025-11-08,17,quantile,0.85,155.58138004469004
2025-11-01,0,wk inc flu hosp,2025-11-08,17,quantile,0.9,182.65708866437166
2025-11-01,0,wk inc flu hosp,2025-11-08,17,quantile,0.95,222.78736751216752
2025-11-01,0,wk inc flu hosp,2025-11-08,17,quantile,0.975,257.5943996244804
2025-11-01,0,wk inc flu hosp,2025-11-08,17,quantile,0.99,298.06509663640895
2025-11-08,0,wk inc flu hosp,2025-11-15,17,quantile,0.01,0.0
2025-11-08,0,wk inc flu hosp,2025-11-15,17,quantile,0.025,0.0
2025-11-08,0,wk inc flu hosp,2025-11-15,17,quantile,0.05,0.0
2025-11-08,0,wk inc flu hosp,2025-11-15,17,quantile,0.1,0.0
2025-11-08,0,wk inc flu hosp,2025-11-15,17,quantile,0.15,0.0
2025-11-08,0,wk inc flu hosp,2025-11-15,17,quantile,0.2,0.0
2025-11-08,0,wk inc flu hosp,2025-11-15,17,quantile,0.25,0.0
2025-11-08,0,wk inc flu hosp,2025-11-15,17,quantile,0.3,0.0
2025-11-08,0,wk inc flu hosp,2025-11-15,17,quantile,0.35,0.0
2025-11-08,0,wk inc flu hosp,2025-11-15,17,quantile,0.4,8.064445799689157
2025-11-08,0,wk inc flu hosp,2025-11-15,17,quantile,0.45,22.632662695223974
2025-11-08,0,wk inc flu hosp,2025-11-15,17,quantile,0.5,36.969906015809535
2025-11-08,0,wk inc flu hosp,2025-11-15,17,quantile,0.55,51.30714933639511
2025-11-08,0,wk inc flu hosp,2025-11-15,17,quantile,0.6,65.87536623192992
2025-11-08,0,wk inc flu hosp,2025-11-15,17,quantile,0.65,80.93277464285183
2025-11-08,0,wk inc flu hosp,2025-11-15,17,quantile,0.7,96.80101507439763
2025-11-08,0,wk inc flu hosp,2025-11-15,17,quantile,0.75,113.92534146052935
2025-11-08,0,wk inc flu hosp,2025-11-15,17,quantile,0.8,132.99409095012066
2025-11-08,0,wk inc flu hosp,2025-11-15,17,quantile,0.85,155.22104737823145
2025-11-08,0,wk inc flu hosp,2025-11-15,17,quantile,0.9,183.1876339244642
2025-11-08,0,wk inc flu hosp,2025-11-15,17,quantile,0.95,224.63832806088723
2025-11-08,0,wk inc flu hosp,2025-11-15,17,quantile,0.975,260.5906235172987
2025-11-08,0,wk inc flu hosp,2025-11-15,17,quantile,0.99,302.3929366707106
2025-09-13,0,wk inc flu hosp,2025-09-20,18,quantile,0.01,0.0
2025-09-13,0,wk inc flu hosp,2025-09-20,18,quantile,0.025,0.0
2025-09-13,0,wk inc flu hosp,2025-09-20,18,quantile,0.05,0.0
2025-09-13,0,wk inc flu hosp,2025-09-20,18,quantile,0.1,0.0
2025-09-13,0,wk inc flu hosp,2025-09-20,18,quantile,0.15,0.0
2025-09-13,0,wk inc flu hosp,2025-09-20,18,quantile,0.2,0.0
2025-09-13,0,wk inc flu hosp,2025-09-20,18,quantile,0.25,0.0
2025-09-13,0,wk inc flu hosp,2025-09-20,18,quantile,0.3,0.0
2025-09-13,0,wk inc flu hosp,2025-09-20,18,quantile,0.35,0.0
2025-09-13,0,wk inc flu hosp,2025-09-20,18,quantile,0.4,0.0
2025-09-13,0,wk inc flu hosp,2025-09-20,18,quantile,0.45,3.055350567829569
2025-09-13,0,wk inc flu hosp,2025-09-20,18,quantile,0.5,15.898539991645432
2025-09-13,0,wk inc flu hosp,2025-09-20,18,quantile,0.55,28.741729415461307
2025-09-13,0,wk inc flu hosp,2025-09-20,18,quantile,0.6,41.791823144982146
2025-09-13,0,wk inc flu hosp,2025-09-20,18,quantile,0.65,55.28013077351797
2025-09-13,0,wk inc flu hosp,2025-09-20,18,quantile,0.7,69.49477532742463
2025-09-13,0,wk inc flu hosp,2025-09-20,18,quantile,0.75,84.83461176701124
2025-09-13,0,wk inc flu hosp,2025-09-20,18,quantile,0.8,101.91624707820654
2025-09-13,0,wk inc flu hosp,2025-09-20,18,quantile,0.85,121.82697924184743
2025-09-13,0,wk inc flu hosp,2025-09-20,18,quantile,0.9,146.87922677084714
2025-09-13,0,wk inc flu hosp,2025-09-20,18,quantile,0.95,184.01043146891962
2025-09-13,0,wk inc flu hosp,2025-09-20,18,quantile,0.975,216.21621402020776
2025-09-13,0,wk inc flu hosp,2025-09-20,18,quantile,0.99,253.6623962588873
2025-09-20,0,wk inc flu hosp,2025-09-27,18,quantile,0.01,0.0
2025-09-20,0,wk inc flu hosp,2025-09-27,18,quantile,0.025,0.0
2025-09-20,0,wk inc flu hosp,2025-09-27,18,quantile,0.05,0.0
2025-09-20,0,wk inc flu hosp,2025-09-27,18,quantile,0.1,0.0
2025-09-20,0,wk inc flu hosp,2025-09-27,18,quantile,0.15,0.0
2025-09-20,0,wk inc flu hosp,2025-09-27,18,quantile,0.2,0.0
2025-09-20,0,wk inc flu hosp,2025-09-27,18,quantile,0.25,0.0
2025-09-20,0,wk inc flu hosp,2025-09-27,18,quantile,0.3,0.0
2025-09-20,0,wk inc flu hosp,2025-09-27,18,quantile,0.35,0.0
2025-09-20,0,wk inc flu hosp,2025-09-27,18,quantile,0.4,0.0
2025-09-20,0,wk inc flu hosp,2025-09-27,18,quantile,0.45,0.0
2025-09-20,0,wk inc flu hosp,2025-09-27,18,quantile,0.5,10.268754653729264
2025-09-20,0,wk inc flu hosp,2025-09-27,18,quantile,0.55,23.11194407754514
2025-09-20,0,wk inc flu hosp,2025-09-27,18,quantile,0.6,36.162037807065985
2025-09-20,0,wk inc flu hosp,2025-09-27,18,quantile,0.65,49.65034543560179
2025-09-20,0,wk inc flu hosp,2025-09-27,18,quantile,0.7,63.86498998950846
2025-09-20,0,wk inc flu hosp,2025-09-27,18,quantile,0.75,79.20482642909506
2025-09-20,0,wk inc flu hosp,2025-09-27,18,quantile,0.8,96.28646174029036
2025-09-20,0,wk inc flu hosp,2025-09-27,18,quantile,0.85,116.19719390393125
2025-09-20,0,wk inc flu hosp,2025-09-27,18,quantile,0.9,141.24944143293098
2025-09-20,0,wk inc flu hosp,2025-09-27,18,quantile,0.95,178.38064613100346
2025-09-20,0,wk inc flu hosp,2025-09-27,18,quantile,0.975,210.5864286822916
2025-09-20,0,wk inc flu hosp,2025-09-27,18,quantile,0.99,248.03261092097114
2025-09-27,0,wk inc flu hosp,2025-10-04,18,quantile,0.01,0.0
2025-09-27,0,wk inc flu hosp,2025-10-04,18,quantile,0.025,0.0
2025-09-27,0,wk inc flu hosp,2025-10-04,18,quantile,0.05,0.0
2025-09-27,0,wk inc flu hosp,2025-10-04,18,quantile,0.1,0.0
2025-09-27,0,wk inc flu hosp,2025-10-04,18,quantile,0.15,0.0
2025-09-27,0,wk inc flu hosp,2025-10-04,18,quantile,0.2,0.0
2025-09-27,0,wk inc flu hosp,2025-10-04,18,quantile,0.25,0.0
2025-09-27,0,wk inc flu hosp,2025-10-04,18,quantile,0.3,0.0
2025-09-27,0,wk inc flu hosp,2025-10-04,18,quantile,0.35,0.0
2025-09-27,0,wk inc flu hosp,2025-10-04,18,quantile,0.4,0.0
2025-09-27,0,wk inc flu hosp,2025-10-04,18,quantile,0.45,0.0
2025-09-27,0,wk inc flu hosp,2025-10-04,18,quantile,0.5,10.499910105491786
2025-09-27,0,wk inc flu hosp,2025-10-04,18,quantile,0.55,21.62378286566356
2025-09-27,0,wk inc flu hosp,2025-10-04,18,quantile,0.6,32.926861669929465
2025-09-27,0,wk inc flu hosp,2025-10-04,18,quantile,0.65,44.60949071623588
2025-09-27,0,wk inc flu hosp,2025-10-04,18,quantile,0.7,56.92122202617917
2025-09-27,0,wk inc flu hosp,2025-10-04,18,quantile,0.75,70.20751588083363
2025-09-27,0,wk inc flu hosp,2025-10-04,18,quantile,0.8,85.00243414195026
2025-09-27,0,wk inc flu hosp,2025-10-04,18,quantile,0.85,102.24771830317965
2025-09-27,0,wk inc flu hosp,2025-10-04,18,quantile,0.9,123.94622360998076
2025-09-27,0,wk inc flu hosp,2025-10-04,18,quantile,0.95,156.10667712842852
2025-09-27,0,wk inc flu hosp,2025-10-04,18,quantile,0.975,184.00107433929267
2025-09-27,0,wk inc flu hosp,2025-10-04,18,quantile,0.99,216.43433938207474
2025-10-04,0,wk inc flu hosp,2025-10-11,18,quantile,0.01,0.0
2025-10-04,0,wk inc flu hosp,2025-10-11,18,quantile,0.025,0.0
2025-10-04,0,wk inc flu hosp,2025-10-11,18,quantile,0.05,0.0
2025-10-04,0,wk inc flu hosp,2025-10-11,18,quantile,0.1,0.0
2025-10-04,0,wk inc flu hosp,2025-10-11,18,quantile,0.15,0.0
2025-10-04,0,wk inc flu hosp,2025-10-11,18,quantile,0.2,0.0
2025-10-04,0,wk inc flu hosp,2025-10-11,18,quantile,0.25,0.0
2025-10-04,0,wk inc flu hosp,2025-10-11,18,quantile,0.3,0.0
2025-10-04,0,wk inc flu hosp,2025-10-11,18,quantile,0.35,0.0
2025-10-04,0,wk inc flu hosp,2025-10-11,18,quantile,0.4,0.0
2025-10-04,0,wk inc flu hosp,2025-10-11,18,quantile,0.45,1.476020721459859
2025-10-04,0,wk inc flu hosp,2025-10-11,18,quantile,0.5,10.580388166260382
2025-10-04,0,wk inc flu hosp,2025-10-11,18,quantile,0.55,19.684755611060915
2025-10-04,0,wk inc flu hosp,2025-10-11,18,quantile,0.6,28.935794786915743
2025-10-04,0,wk inc flu hosp,2025-10-11,18,quantile,0.65,38.49747801109807
2025-10-04,0,wk inc flu hosp,2025-10-11,18,quantile,0.7,48.574051893596184
2025-10-04,0,wk inc flu hosp,2025-10-11,18,quantile,0.75,59.44825945065038
2025-10-04,0,wk inc flu hosp,2025-10-11,18,quantile,0.8,71.55720523500645
2025-10-04,0,wk inc flu hosp,2025-10-11,18,quantile,0.85,85.67166043229932
2025-10-04,0,wk inc flu hosp,2025-10-11,18,quantile,0.9,103.43086800103288
2025-10-04,0,wk inc flu hosp,2025-10-11,18,quantile,0.95,129.75268885750006
2025-10-04,0,wk inc flu hosp,2025-10-11,18,quantile,0.975,152.58294297261497
2025-10-04,0,wk inc flu hosp,2025-10-11,18,quantile,0.99,179.12804724972756
2025-10-11,0,wk inc flu hosp,2025-10-18,18,quantile,0.01,0.0
2025-10-11,0,wk inc flu hosp,2025-10-18,18,quantile,0.025,0.0
2025-10-11,0,wk inc flu hosp,2025-10-18,18,quantile,0.05,0.0
2025-10-11,0,wk inc flu hosp,2025-10-18,18,quantile,0.1,0.0
2025-10-11,0,wk inc flu hosp,2025-10-18,18,quantile,0.15,0.0
2025-10-11,0,wk inc flu hosp,2025-10-18,18,quantile,0.2,0.0
2025-10-11,0,wk inc flu hosp,2025-10-18,18,quantile,0.25,0.0
2025-10-11,0,wk inc flu hosp,2025-10-18,18,quantile,0.3,0.0
2025-10-11,0,wk inc flu hosp,2025-10-18,18,quantile,0.35,0.0
2025-10-11,0,wk inc flu hosp,2025-10-18,18,quantile,0.4,0.0
2025-10-11,0,wk inc flu hosp,2025-10-18,18,quantile,0.45,3.229900111644529
2025-10-11,0,wk inc flu hosp,2025-10-18,18,quantile,0.5,13.815901235712097
2025-10-11,0,wk inc flu hosp,2025-10-18,18,quantile,0.55,24.401902359779676
2025-10-11,0,wk inc flu hosp,2025-10-18,18,quantile,0.6,35.15844439393503
2025-10-11,0,wk inc flu hosp,2025-10-18,18,quantile,0.65,46.276184310833756
2025-10-11,0,wk inc flu hosp,2025-10-18,18,quantile,0.7,57.99260756523505
2025-10-11,0,wk inc flu hosp,2025-10-18,18,quantile,0.75,70.63647042778474
2025-10-11,0,wk inc flu hosp,2025-10-18,18,quantile,0.8,84.71601131424939
2025-10-11,0,wk inc flu hosp,2025-10-18,18,quantile,0.85,101.12743577509698
2025-10-11,0,wk inc flu hosp,2025-10-18,18,quantile,0.9,121.77675517317644
2025-10-11,0,wk inc flu hosp,2025-10-18,18,quantile,0.95,152.38215712597204
2025-10-11,0,wk inc flu hosp,2025-10-18,18,quantile,0.975,178.92777901466
2025-10-11,0,wk inc flu hosp,2025-10-18,18,quantile,0.99,209.7928012602732
2025-10-18,0,wk inc flu hosp,2025-10-25,18,quantile,0.01,0.0
2025-10-18,0,wk inc flu hosp,2025-10-25,18,quantile,0.025,0.0
2025-10-18,0,wk inc flu hosp,2025-10-25,18,quantile,0.05,0.0
2025-10-18,0,wk inc flu hosp,2025-10-25,18,quantile,0.1,0.0
2025-10-18,0,wk inc flu hosp,2025-10-25,18,quantile,0.15,0.0
2025-10-18,0,wk inc flu hosp,2025-10-25,18,quantile,0.2,0.0
2025-10-18,0,wk inc flu hosp,2025-10-25,18,quantile,0.25,0.0
2025-10-18,0,wk inc flu hosp,2025-10-25,18,quantile,0.3,0.0
2025-10-18,0,wk inc flu hosp,2025-10-25,18,quantile,0.35,0.0
2025-10-18,0,wk inc flu hosp,2025-10-25,18,quantile,0.4,0.0
2025-10-18,0,wk inc flu hosp,2025-10-25,18,quantile,0.45,7.009374795696738
2025-10-18,0,wk inc flu hosp,2025-10-25,18,quantile,0.5,15.588968636930405
2025-10-18,0,wk inc flu hosp,2025-10-25,18,quantile,0.55,24.16856247816408
2025-10-18,0,wk inc flu hosp,2025-10-25,18,quantile,0.6,32.88637392628435
2025-10-18,0,wk inc flu hosp,2025-10-25,18,quantile,0.65,41.89692397266589
2025-10-18,0,wk inc flu hosp,2025-10-25,18,quantile,0.7,51.39268650061502
2025-10-18,0,wk inc flu hosp,2025-10-25,18,quantile,0.75,61.64010728524955
2025-10-18,0,wk inc flu hosp,2025-10-25,18,quantile,0.8,73.05109627544292
2025-10-18,0,wk inc flu hosp,2025-10-25,18,quantile,0.85,86.35199758651865
2025-10-18,0,wk inc flu hosp,2025-10-25,18,quantile,0.9,103.08756859743087
2025-10-18,0,wk inc flu hosp,2025-10-25,18,quantile,0.95,127.89220587502372
2025-10-18,0,wk inc flu hosp,2025-10-25,18,quantile,0.975,149.40652949908866
2025-10-18,0,wk inc flu hosp,2025-10-25,18,quantile,0.99,174.42158019334482
2025-10-25,0,wk inc flu hosp,2025-11-01,18,quantile,0.01,0.0
2025-10-25,0,wk inc flu hosp,2025-11-01,18,quantile,0.025,0.0
2025-10-25,0,wk inc flu hosp,2025-11-01,18,quantile,0.05,0.0
2025-10-25,0,wk inc flu hosp,2025-11-01,18,quantile,0.1,0.0
2025-10-25,0,wk inc flu hosp,2025-11-01,18,quantile,0.15,0.0
2025-10-25,0,wk inc flu hosp,2025-11-01,18,quantile,0.2,0.0
2025-10-25,0,wk inc flu hosp,2025-11-01,18,quantile,0.25,0.0
2025-10-25,0,wk inc flu hosp,2025-11-01,18,quantile,0.3,0.0
2025-10-25,0,wk inc flu hosp,2025-11-01,18,quantile,0.35,0.0
2025-10-25,0,wk inc flu hosp,2025-11-01,18,quantile,0.4,7.222064141804234
2025-10-25,0,wk inc flu hosp,2025-11-01,18,quantile,0.45,14.806067339781519
2025-10-25,0,wk inc flu hosp,2025-11-01,18,quantile,0.5,22.26982903232101
2025-10-25,0,wk inc flu hosp,2025-11-01,18,quantile,0.55,29.73359072486051
2025-10-25,0,wk inc flu hosp,2025-11-01,18,quantile,0.6,37.31759392283779
2025-10-25,0,wk inc flu hosp,2025-11-01,18,quantile,0.65,45.156263154669645
2025-10-25,0,wk inc flu hosp,2025-11-01,18,quantile,0.7,53.41703981952021
2025-10-25,0,wk inc flu hosp,2025-11-01,18,quantile,0.75,62.33171668127366
2025-10-25,0,wk inc flu hosp,2025-11-01,18,quantile,0.8,72.25863211282615
2025-10-25,0,wk inc flu hosp,2025-11-01,18,quantile,0.85,83.82966443894155
2025-10-25,0,wk inc flu hosp,2025-11-01,18,quantile,0.9,98.38866526409718
2025-10-25,0,wk inc flu hosp,2025-11-01,18,quantile,0.95,119.96729764877585
2025-10-25,0,wk inc flu hosp,2025-11-01,18,quantile,0.975,138.68354313518265
2025-10-25,0,wk inc flu hosp,2025-11-01,18,quantile,0.99,160.44522329903944
2025-11-01,0,wk inc flu hosp,2025-11-08,18,quantile,0.01,0.0
2025-11-01,0,wk inc flu hosp,2025-11-08,18,quantile,0.025,0.0
2025-11-01,0,wk inc flu hosp,2025-11-08,18,quantile,0.05,0.0
2025-11-01,0,wk inc flu hosp,2025-11-08,18,quantile,0.1,0.0
2025-11-01,0,wk inc flu hosp,2025-11-08,18,quantile,0.15,0.0
2025-11-01,0,wk inc flu hosp,2025-11-08,18,quantile,0.2,0.0
2025-11-01,0,wk inc flu hosp,2025-11-08,18,quantile,0.25,0.0
2025-11-01,0,wk inc flu hosp,2025-11-08,18,quantile,0.3,0.0
2025-11-01,0,wk inc flu hosp,2025-11-08,18,quantile,0.35,0.0
2025-11-01,0,wk inc flu hosp,2025-11-08,18,quantile,0.4,6.876125173288475
2025-11-01,0,wk inc flu hosp,2025-11-08,18,quantile,0.45,15.113642097859872
2025-11-01,0,wk inc flu hosp,2025-11-08,18,quantile,0.5,23.22055630375837
2025-11-01,0,wk inc flu hosp,2025-11-08,18,quantile,0.55,31.32747050965688
2025-11-01,0,wk inc flu hosp,2025-11-08,18,quantile,0.6,39.56498743422827
2025-11-01,0,wk inc flu hosp,2025-11-08,18,quantile,0.65,48.079114970534384
2025-11-01,0,wk inc flu hosp,2025-11-08,18,quantile,0.7,57.051722946881235
2025-11-01,0,wk inc flu hosp,2025-11-08,18,quantile,0.75,66.73457771484398
2025-11-01,0,wk inc flu hosp,2025-11-08,18,quantile,0.8,77.516895672992
2025-11-01,0,wk inc flu hosp,2025-11-08,18,quantile,0.85,90.08500411558339
2025-11-01,0,wk inc flu hosp,2025-11-08,18,quantile,0.9,105.89855437015801
2025-11-01,0,wk inc flu hosp,2025-11-08,18,quantile,0.95,129.33661799403723
2025-11-01,0,wk inc flu hosp,2025-11-08,18,quantile,0.975,149.6656427760717
2025-11-01,0,wk inc flu hosp,2025-11-08,18,quantile,0.99,173.30252741038868
2025-11-08,0,wk inc flu hosp,2025-11-15,18,quantile,0.01,0.0
2025-11-08,0,wk inc flu hosp,2025-11-15,18,quantile,0.025,0.0
2025-11-08,0,wk inc flu hosp,2025-11-15,18,quantile,0.05,0.0
2025-11-08,0,wk inc flu hosp,2025-11-15,18,quantile,0.1,0.0
2025-11-08,0,wk inc flu hosp,2025-11-15,18,quantile,0.15,0.0
2025-11-08,0,wk inc flu hosp,2025-11-15,18,quantile,0.2,0.0
2025-11-08,0,wk inc flu hosp,2025-11-15,18,quantile,0.25,5.0783240991696275
2025-11-08,0,wk inc flu hosp,2025-11-15,18,quantile,0.3,11.805187411869102
2025-11-08,0,wk inc flu hosp,2025-11-15,18,quantile,0.35,18.038628774123634
2025-11-08,0,wk inc flu hosp,2025-11-15,18,quantile,0.4,23.953555057343337
2025-11-08,0,wk inc flu hosp,2025-11-15,18,quantile,0.45,29.67631468924259
2025-11-08,0,wk inc flu hosp,2025-11-15,18,quantile,0.5,35.3083421292591
2025-11-08,0,wk inc flu hosp,2025-11-15,18,quantile,0.55,40.94036956927562
2025-11-08,0,wk inc flu hosp,2025-11-15,18,quantile,0.6,46.66312920117487
2025-11-08,0,wk inc flu hosp,2025-11-15,18,quantile,0.65,52.57805548439457
2025-11-08,0,wk inc flu hosp,2025-11-15,18,quantile,0.7,58.81149684664909
2025-11-08,0,wk inc flu hosp,2025-11-15,18,quantile,0.75,65.53836015934857
2025-11-08,0,wk inc flu hosp,2025-11-15,18,quantile,0.8,73.02904145496272
2025-11-08,0,wk inc flu hosp,2025-11-15,18,quantile,0.85,81.76034535432757
2025-11-08,0,wk inc flu hosp,2025-11-15,18,quantile,0.9,92.74631938783142
2025-11-08,0,wk inc flu hosp,2025-11-15,18,quantile,0.95,109.02918782801993
2025-11-08,0,wk inc flu hosp,2025-11-15,18,quantile,0.975,123.15214787092867
2025-11-08,0,wk inc flu hosp,2025-11-15,18,quantile,0.99,139.57314104736054
2025-09-13,0,wk inc flu hosp,2025-09-20,19,quantile,0.01,0.0
2025-09-13,0,wk inc flu hosp,2025-09-20,19,quantile,0.025,0.0
2025-09-13,0,wk inc flu hosp,2025-09-20,19,quantile,0.05,0.0
2025-09-13,0,wk inc flu hosp,2025-09-20,19,quantile,0.1,0.0
2025-09-13,0,wk inc flu hosp,2025-09-20,19,quantile,0.15,0.0
2025-09-13,0,wk inc flu hosp,2025-09-20,19,quantile,0.2,0.0
2025-09-13,0,wk inc flu hosp,2025-09-20,19,quantile,0.25,0.0
2025-09-13,0,wk inc flu hosp,2025-09-20,19,quantile,0.3,0.0
2025-09-13,0,wk inc flu hosp,2025-09-20,19,quantile,0.35,0.0
2025-09-13,0,wk inc flu hosp,2025-09-20,19,quantile,0.4,0.0
2025-09-13,0,wk inc flu hosp,2025-09-20,19,quantile,0.45,0.0
2025-09-13,0,wk inc flu hosp,2025-09-20,19,quantile,0.5,1.3877321530421496
2025-09-13,0,wk inc flu hosp,2025-09-20,19,quantile,0.55,4.470673891758244
2025-09-13,0,wk inc flu hosp,2025-09-20,19,quantile,0.6,7.603281947689518
2025-09-13,0,wk inc flu hosp,2025-09-20,19,quantile,0.65,10.841081002147495
2025-09-13,0,wk inc flu hosp,2025-09-20,19,quantile,0.7,14.25323350960712
2025-09-13,0,wk inc flu hosp,2025-09-20,19,quantile,0.75,17.93548255726063
2025-09-13,0,wk inc flu hosp,2025-09-20,19,quantile,0.8,22.035841489034777
2025-09-13,0,wk inc flu hosp,2025-09-20,19,quantile,0.85,26.815310607652478
2025-09-13,0,wk inc flu hosp,2025-09-20,19,quantile,0.9,32.8289741149881
2025-09-13,0,wk inc flu hosp,2025-09-20,19,quantile,0.95,41.74212932861627
2025-09-13,0,wk inc flu hosp,2025-09-20,19,quantile,0.975,49.47296222213914
2025-09-13,0,wk inc flu hosp,2025-09-20,19,quantile,0.99,58.46172617863106
2025-09-20,0,wk inc flu hosp,2025-09-27,19,quantile,0.01,0.0
2025-09-20,0,wk inc flu hosp,2025-09-27,19,quantile,0.025,0.0
2025-09-20,0,wk inc flu hosp,2025-09-27,19,quantile,0.05,0.0
2025-09-20,0,wk inc flu hosp,2025-09-27,19,quantile,0.1,0.0
2025-09-20,0,wk inc flu hosp,2025-09-27,19,quantile,0.15,0.0
2025-09-20,0,wk inc flu hosp,2025-09-27,19,quantile,0.2,0.0
2025-09-20,0,wk inc flu hosp,2025-09-27,19,quantile,0.25,0.0
2025-09-20,0,wk inc flu hosp,2025-09-27,19,quantile,0.3,0.0
2025-09-20,0,wk inc flu hosp,2025-09-27,19,quantile,0.35,0.0
2025-09-20,0,wk inc flu hosp,2025-09-27,19,quantile,0.4,0.0
2025-09-20,0,wk inc flu hosp,2025-09-27,19,quantile,0.45,0.10439241351485551
2025-09-20,0,wk inc flu hosp,2025-09-27,19,quantile,0.5,2.8846456381234002
2025-09-20,0,wk inc flu hosp,2025-09-27,19,quantile,0.55,5.664898862731948
2025-09-20,0,wk inc flu hosp,2025-09-27,19,quantile,0.6,8.489942080241706
2025-09-20,0,wk inc flu hosp,2025-09-27,19,quantile,0.65,11.409848463402934
2025-09-20,0,wk inc flu hosp,2025-09-27,19,quantile,0.7,14.486989978140583
2025-09-20,0,wk inc flu hosp,2025-09-27,19,quantile,0.75,17.80770949093096
2025-09-20,0,wk inc flu hosp,2025-09-27,19,quantile,0.8,21.505488141417274
2025-09-20,0,wk inc flu hosp,2025-09-27,19,quantile,0.85,25.81570077439676
2025-09-20,0,wk inc flu hosp,2025-09-27,19,quantile,0.9,31.238932471582032
2025-09-20,0,wk inc flu hosp,2025-09-27,19,quantile,0.95,39.27697880016634
2025-09-20,0,wk inc flu hosp,2025-09-27,19,quantile,0.975,46.24878524438345
2025-09-20,0,wk inc flu hosp,2025-09-27,19,quantile,0.99,54.355016919617576
2025-09-27,0,wk inc flu hosp,2025-10-04,19,quantile,0.01,0.0
2025-09-27,0,wk inc flu hosp,2025-10-04,19,quantile,0.025,0.0
2025-09-27,0,wk inc flu hosp,2025-10-04,19,quantile,0.05,0.0
2025-09-27,0,wk inc flu hosp,2025-10-04,19,quantile,0.1,0.0
2025-09-27,0,wk inc flu hosp,2025-10-04,19,quantile,0.15,0.0
2025-09-27,0,wk inc flu hosp,2025-10-04,19,quantile,0.2,0.0
2025-09-27,0,wk inc flu hosp,2025-10-04,19,quantile,0.25,0.0
2025-09-27,0,wk inc flu hosp,2025-10-04,19,quantile,0.3,0.0
2025-09-27,0,wk inc flu hosp,2025-10-04,19,quantile,0.35,0.0
2025-09-27,0,wk inc flu hosp,2025-10-04,19,quantile,0.4,0.0
2025-09-27,0,wk inc flu hosp,2025-10-04,19,quantile,0.45,0.0
2025-09-27,0,wk inc flu hosp,2025-10-04,19,quantile,0.5,1.9151176673260635
2025-09-27,0,wk inc flu hosp,2025-10-04,19,quantile,0.55,4.913598811184154
2025-09-27,0,wk inc flu hosp,2025-10-04,19,quantile,0.6,7.960385608627711
2025-09-27,0,wk inc flu hosp,2025-10-04,19,quantile,0.65,11.109481580982008
2025-09-27,0,wk inc flu hosp,2025-10-04,19,quantile,0.7,14.428154400873392
2025-09-27,0,wk inc flu hosp,2025-10-04,19,quantile,0.75,18.00952416784687
2025-09-27,0,wk inc flu hosp,2025-10-04,19,quantile,0.8,21.997549236752363
2025-09-27,0,wk inc flu hosp,2025-10-04,19,quantile,0.85,26.64607951867573
2025-09-27,0,wk inc flu hosp,2025-10-04,19,quantile,0.9,32.49499207054342
2025-09-27,0,wk inc flu hosp,2025-10-04,19,quantile,0.95,41.16396155015307
2025-09-27,0,wk inc flu hosp,2025-10-04,19,quantile,0.975,48.682999735804906
2025-09-27,0,wk inc flu hosp,2025-10-04,19,quantile,0.99,57.42550657323766
2025-10-04,0,wk inc flu hosp,2025-10-11,19,quantile,0.01,0.0
2025-10-04,0,wk inc flu hosp,2025-10-11,19,quantile,0.025,0.0
2025-10-04,0,wk inc flu hosp,2025-10-11,19,quantile,0.05,0.0
2025-10-04,0,wk inc flu hosp,2025-10-11,19,quantile,0.1,0.0
2025-10-04,0,wk inc flu hosp,2025-10-11,19,quantile,0.15,0.0
2025-10-04,0,wk inc flu hosp,2025-10-11,19,quantile,0.2,0.0
2025-10-04,0,wk inc flu hosp,2025-10-11,19,quantile,0.25,0.0
2025-10-04,0,wk inc flu hosp,2025-10-11,19,quantile,0.3,0.0
2025-10-04,0,wk inc flu hosp,2025-10-11,19,quantile,0.35,0.0
2025-10-04,0,wk inc flu hosp,2025-10-11,19,quantile,0.4,0.0
2025-10-04,0,wk inc flu hosp,2025-10-11,19,quantile,0.45,2.4153635100262187
2025-10-04,0,wk inc flu hosp,2025-10-11,19,quantile,0.5,5.502019569673196
2025-10-04,0,wk inc flu hosp,2025-10-11,19,quantile,0.55,8.588675629320178
2025-10-04,0,wk inc flu hosp,2025-10-11,19,quantile,0.6,11.725057844044105
2025-10-04,0,wk inc flu hosp,2025-10-11,19,quantile,0.65,14.966757791161506
2025-10-04,0,wk inc flu hosp,2025-10-11,19,quantile,0.7,18.38302125190924
2025-10-04,0,wk inc flu hosp,2025-10-11,19,quantile,0.75,22.06970666452505
2025-10-04,0,wk inc flu hosp,2025-10-11,19,quantile,0.8,26.175005699063114
2025-10-04,0,wk inc flu hosp,2025-10-11,19,quantile,0.85,30.96023311079511
2025-10-04,0,wk inc flu hosp,2025-10-11,19,quantile,0.9,36.98114186573178
2025-10-04,0,wk inc flu hosp,2025-10-11,19,quantile,0.95,45.90503562772578
2025-10-04,0,wk inc flu hosp,2025-10-11,19,quantile,0.975,53.64518261047355
2025-10-04,0,wk inc flu hosp,2025-10-11,19,quantile,0.99,62.64477620856626
2025-10-11,0,wk inc flu hosp,2025-10-18,19,quantile,0.01,0.0
2025-10-11,0,wk inc flu hosp,2025-10-18,19,quantile,0.025,0.0
2025-10-11,0,wk inc flu hosp,2025-10-18,19,quantile,0.05,0.0
2025-10-11,0,wk inc flu hosp,2025-10-18,19,quantile,0.1,0.0
2025-10-11,0,wk inc flu hosp,2025-10-18,19,quantile,0.15,0.0
2025-10-11,0,wk inc flu hosp,2025-10-18,19,quantile,0.2,0.0
2025-10-11,0,wk inc flu hosp,2025-10-18,19,quantile,0.25,0.0
2025-10-11,0,wk inc flu hosp,2025-10-18,19,quantile,0.3,0.0
2025-10-11,0,wk inc flu hosp,2025-10-18,19,quantile,0.35,0.0
2025-10-11,0,wk inc flu hosp,2025-10-18,19,quantile,0.4,0.03668637550397147
2025-10-11,0,wk inc flu hosp,2025-10-18,19,quantile,0.45,2.7693110455323917
2025-10-11,0,wk inc flu hosp,2025-10-18,19,quantile,0.5,5.458610983813823
2025-10-11,0,wk inc flu hosp,2025-10-18,19,quantile,0.55,8.147910922095257
2025-10-11,0,wk inc flu hosp,2025-10-18,19,quantile,0.6,10.880535592123675
2025-10-11,0,wk inc flu hosp,2025-10-18,19,quantile,0.65,13.704920071393065
2025-10-11,0,wk inc flu hosp,2025-10-18,19,quantile,0.7,16.681395887487962
2025-10-11,0,wk inc flu hosp,2025-10-18,19,quantile,0.75,19.89348128379372
2025-10-11,0,wk inc flu hosp,2025-10-18,19,quantile,0.8,23.470290693998216
2025-10-11,0,wk inc flu hosp,2025-10-18,19,quantile,0.85,27.639498903255355
2025-10-11,0,wk inc flu hosp,2025-10-18,19,quantile,0.9,32.88531483808977
2025-10-11,0,wk inc flu hosp,2025-10-18,19,quantile,0.95,40.66040428103382
2025-10-11,0,wk inc flu hosp,2025-10-18,19,quantile,0.975,47.404134842764584
2025-10-11,0,wk inc flu hosp,2025-10-18,19,quantile,0.99,55.24517901490884
2025-10-18,0,wk inc flu hosp,2025-10-25,19,quantile,0.01,0.0
2025-10-18,0,wk inc flu hosp,2025-10-25,19,quantile,0.025,0.0
2025-10-18,0,wk inc flu hosp,2025-10-25,19,quantile,0.05,0.0
2025-10-18,0,wk inc flu hosp,2025-10-25,19,quantile,0.1,0.0
2025-10-18,0,wk inc flu hosp,2025-10-25,19,quantile,0.15,0.0
2025-10-18,0,wk inc flu hosp,2025-10-25,19,quantile,0.2,0.0
2025-10-18,0,wk inc flu hosp,2025-10-25,19,quantile,0.25,0.0
2025-10-18,0,wk inc flu hosp,2025-10-25,19,quantile,0.3,0.0
2025-10-18,0,wk inc flu hosp,2025-10-25,19,quantile,0.35,0.0
2025-10-18,0,wk inc flu hosp,2025-10-25,19,quantile,0.4,0.0
2025-10-18,0,wk inc flu hosp,2025-10-25,19,quantile,0.45,0.6132257091156612
2025-10-18,0,wk inc flu hosp,2025-10-25,19,quantile,0.5,3.522372605033945
2025-10-18,0,wk inc flu hosp,2025-10-25,19,quantile,0.55,6.431519500952232
2025-10-18,0,wk inc flu hosp,2025-10-25,19,quantile,0.6,9.387532872076246
2025-10-18,0,wk inc flu hosp,2025-10-25,19,quantile,0.65,12.442807303829301
2025-10-18,0,wk inc flu hosp,2025-10-25,19,quantile,0.7,15.662606351867714
2025-10-18,0,wk inc flu hosp,2025-10-25,19,quantile,0.75,19.13727577310706
2025-10-18,0,wk inc flu hosp,2025-10-25,19,quantile,0.8,23.00648494716342
2025-10-18,0,wk inc flu hosp,2025-10-25,19,quantile,0.85,27.516520792457875
2025-10-18,0,wk inc flu hosp,2025-10-25,19,quantile,0.9,33.19117571887508
2025-10-18,0,wk inc flu hosp,2025-10-25,19,quantile,0.95,41.60186914747125
2025-10-18,0,wk inc flu hosp,2025-10-25,19,quantile,0.975,48.89689137660398
2025-10-18,0,wk inc flu hosp,2025-10-25,19,quantile,0.99,57.37893125227831
2025-10-25,0,wk inc flu hosp,2025-11-01,19,quantile,0.01,0.0
2025-10-25,0,wk inc flu hosp,2025-11-01,19,quantile,0.025,0.0
2025-10-25,0,wk inc flu hosp,2025-11-01,19,quantile,0.05,0.0
2025-10-25,0,wk inc flu hosp,2025-11-01,19,quantile,0.1,0.0
2025-10-25,0,wk inc flu hosp,2025-11-01,19,quantile,0.15,0.0
2025-10-25,0,wk inc flu hosp,2025-11-01,19,quantile,0.2,0.0
2025-10-25,0,wk inc flu hosp,2025-11-01,19,quantile,0.25,0.0
2025-10-25,0,wk inc flu hosp,2025-11-01,19,quantile,0.3,0.0
2025-10-25,0,wk inc flu hosp,2025-11-01,19,quantile,0.35,0.0
2025-10-25,0,wk inc flu hosp,2025-11-01,19,quantile,0.4,0.0
2025-10-25,0,wk inc flu hosp,2025-11-01,19,quantile,0.45,0.0
2025-10-25,0,wk inc flu hosp,2025-11-01,19,quantile,0.5,1.0311077869380347
2025-10-25,0,wk inc flu hosp,2025-11-01,19,quantile,0.55,3.9541415022674777
2025-10-25,0,wk inc flu hosp,2025-11-01,19,quantile,0.6,6.924265410030035
2025-10-25,0,wk inc flu hosp,2025-11-01,19,quantile,0.65,9.994124201323274
2025-10-25,0,wk inc flu hosp,2025-11-01,19,quantile,0.7,13.229292967536818
2025-10-25,0,wk inc flu hosp,2025-11-01,19,quantile,0.75,16.720548731265062
2025-10-25,0,wk inc flu hosp,2025-11-01,19,quantile,0.8,20.60822758422952
2025-10-25,0,wk inc flu hosp,2025-11-01,19,quantile,0.85,25.13979209602388
2025-10-25,0,wk inc flu hosp,2025-11-01,19,quantile,0.9,30.84153500080833
2025-10-25,0,wk inc flu hosp,2025-11-01,19,quantile,0.95,39.2923768938665
2025-10-25,0,wk inc flu hosp,2025-11-01,19,quantile,0.975,46.622221928419776
2025-10-25,0,wk inc flu hosp,2025-11-01,19,quantile,0.99,55.14475084098564
2025-11-01,0,wk inc flu hosp,2025-11-08,19,quantile,0.01,0.0
2025-11-01,0,wk inc flu hosp,2025-11-08,19,quantile,0.025,0.0
2025-11-01,0,wk inc flu hosp,2025-11-08,19,quantile,0.05,0.0
2025-11-01,0,wk inc flu hosp,2025-11-08,19,quantile,0.1,0.0
2025-11-01,0,wk inc flu hosp,2025-11-08,19,quantile,0.15,0.0
2025-11-01,0,wk inc flu hosp,2025-11-08,19,quantile,0.2,0.0
2025-11-01,0,wk inc flu hosp,2025-11-08,19,quantile,0.25,0.0
2025-11-01,0,wk inc flu hosp,2025-11-08,19,quantile,0.3,0.0
2025-11-01,0,wk inc flu hosp,2025-11-08,19,quantile,0.35,0.0
2025-11-01,0,wk inc flu hosp,2025-11-08,19,quantile,0.4,0.0
2025-11-01,0,wk inc flu hosp,2025-11-08,19,quantile,0.45,0.009974283570483689
2025-11-01,0,wk inc flu hosp,2025-11-08,19,quantile,0.5,2.6695177104051444
2025-11-01,0,wk inc flu hosp,2025-11-08,19,quantile,0.55,5.329061137239808
2025-11-01,0,wk inc flu hosp,2025-11-08,19,quantile,0.6,8.031449917207784
2025-11-01,0,wk inc flu hosp,2025-11-08,19,quantile,0.65,10.824583204339355
2025-11-01,0,wk inc flu hosp,2025-11-08,19,quantile,0.7,13.768124971155515
2025-11-01,0,wk inc flu hosp,2025-11-08,19,quantile,0.75,16.94466935007507
2025-11-01,0,wk inc flu hosp,2025-11-08,19,quantile,0.8,20.481902152017092
2025-11-01,0,wk inc flu hosp,2025-11-08,19,quantile,0.85,24.604978990787526
2025-11-01,0,wk inc flu hosp,2025-11-08,19,quantile,0.9,29.792751127795395
2025-11-01,0,wk inc flu hosp,2025-11-08,19,quantile,0.95,37.481810918667065
2025-11-01,0,wk inc flu hosp,2025-11-08,19,quantile,0.975,44.15092358716934
2025-11-01,0,wk inc flu hosp,2025-11-08,19,quantile,0.99,51.90520833269042
2025-11-08,0,wk inc flu hosp,2025-11-15,19,quantile,0.01,0.0
2025-11-08,0,wk inc flu hosp,2025-11-15,19,quantile,0.025,0.0
2025-11-08,0,wk inc flu hosp,2025-11-15,19,quantile,0.05,0.0
2025-11-08,0,wk inc flu hosp,2025-11-15,19,quantile,0.1,0.0
2025-11-08,0,wk inc flu hosp,2025-11-15,19,quantile,0.15,0.0
2025-11-08,0,wk inc flu hosp,2025-11-15,19,quantile,0.2,0.0
2025-11-08,0,wk inc flu hosp,2025-11-15,19,quantile,0.25,0.0
2025-11-08,0,wk inc flu hosp,2025-11-15,19,quantile,0.3,0.0
2025-11-08,0,wk inc flu hosp,2025-11-15,19,quantile,0.35,0.0
2025-11-08,0,wk inc flu hosp,2025-11-15,19,quantile,0.4,0.0
2025-11-08,0,wk inc flu hosp,2025-11-15,19,quantile,0.45,0.6616387751925736
2025-11-08,0,wk inc flu hosp,2025-11-15,19,quantile,0.5,3.2084192342710636
2025-11-08,0,wk inc flu hosp,2025-11-15,19,quantile,0.55,5.755199693349557
2025-11-08,0,wk inc flu hosp,2025-11-15,19,quantile,0.6,8.343008889549333
2025-11-08,0,wk inc flu hosp,2025-11-15,19,quantile,0.65,11.017715082910765
2025-11-08,0,wk inc flu hosp,2025-11-15,19,quantile,0.7,13.836452531064051
2025-11-08,0,wk inc flu hosp,2025-11-15,19,quantile,0.75,16.878313427186534
2025-11-08,0,wk inc flu hosp,2025-11-15,19,quantile,0.8,20.265569784161762
2025-11-08,0,wk inc flu hosp,2025-11-15,19,quantile,0.85,24.213830759451508
2025-11-08,0,wk inc flu hosp,2025-11-15,19,quantile,0.9,29.181644622302514
2025-11-08,0,wk inc flu hosp,2025-11-15,19,quantile,0.95,36.54469311645125
2025-11-08,0,wk inc flu hosp,2025-11-15,19,quantile,0.975,42.93103960440815
2025-11-08,0,wk inc flu hosp,2025-11-15,19,quantile,0.99,50.35654755617255
2025-09-13,0,wk inc flu hosp,2025-09-20,20,quantile,0.01,0.0
2025-09-13,0,wk inc flu hosp,2025-09-20,20,quantile,0.025,0.0
2025-09-13,0,wk inc flu hosp,2025-09-20,20,quantile,0.05,0.0
2025-09-13,0,wk inc flu hosp,2025-09-20,20,quantile,0.1,0.0
2025-09-13,0,wk inc flu hosp,2025-09-20,20,quantile,0.15,0.0
2025-09-13,0,wk inc flu hosp,2025-09-20,20,quantile,0.2,0.0
2025-09-13,0,wk inc flu hosp,2025-09-20,20,quantile,0.25,0.0
2025-09-13,0,wk inc flu hosp,2025-09-20,20,quantile,0.3,0.0
2025-09-13,0,wk inc flu hosp,2025-09-20,20,quantile,0.35,0.0
2025-09-13,0,wk inc flu hosp,2025-09-20,20,quantile,0.4,0.0
2025-09-13,0,wk inc flu hosp,2025-09-20,20,quantile,0.45,0.032109429674216816
2025-09-13,0,wk inc flu hosp,2025-09-20,20,quantile,0.5,3.807493633682985
2025-09-13,0,wk inc flu hosp,2025-09-20,20,quantile,0.55,7.582877837691758
2025-09-13,0,wk inc flu hosp,2025-09-20,20,quantile,0.6,11.419083635287821
2025-09-13,0,wk inc flu hosp,2025-09-20,20,quantile,0.65,15.384106798860774
2025-09-13,0,wk inc flu hosp,2025-09-20,20,quantile,0.7,19.562643978644406
2025-09-13,0,wk inc flu hosp,2025-09-20,20,quantile,0.75,24.07194258625511
2025-09-13,0,wk inc flu hosp,2025-09-20,20,quantile,0.8,29.09326042284624
2025-09-13,0,wk inc flu hosp,2025-09-20,20,quantile,0.85,34.94621962326618
2025-09-13,0,wk inc flu hosp,2025-09-20,20,quantile,0.9,42.3105787769601
2025-09-13,0,wk inc flu hosp,2025-09-20,20,quantile,0.95,53.22566840671878
2025-09-13,0,wk inc flu hosp,2025-09-20,20,quantile,0.975,62.692880849790335
2025-09-13,0,wk inc flu hosp,2025-09-20,20,quantile,0.99,73.70056128329597
2025-09-20,0,wk inc flu hosp,2025-09-27,20,quantile,0.01,0.0
2025-09-20,0,wk inc flu hosp,2025-09-27,20,quantile,0.025,0.0
2025-09-20,0,wk inc flu hosp,2025-09-27,20,quantile,0.05,0.0
2025-09-20,0,wk inc flu hosp,2025-09-27,20,quantile,0.1,0.0
2025-09-20,0,wk inc flu hosp,2025-09-27,20,quantile,0.15,0.0
2025-09-20,0,wk inc flu hosp,2025-09-27,20,quantile,0.2,0.0
2025-09-20,0,wk inc flu hosp,2025-09-27,20,quantile,0.25,0.0
2025-09-20,0,wk inc flu hosp,2025-09-27,20,quantile,0.3,0.0
2025-09-20,0,wk inc flu hosp,2025-09-27,20,quantile,0.35,0.0
2025-09-20,0,wk inc flu hosp,2025-09-27,20,quantile,0.4,0.0
2025-09-20,0,wk inc flu hosp,2025-09-27,20,quantile,0.45,2.8419978868790157
2025-09-20,0,wk inc flu hosp,2025-09-27,20,quantile,0.5,6.6981218934549505
2025-09-20,0,wk inc flu hosp,2025-09-27,20,quantile,0.55,10.554245900030889
2025-09-20,0,wk inc flu hosp,2025-09-27,20,quantile,0.6,14.472492221708194
2025-09-20,0,wk inc flu hosp,2025-09-27,20,quantile,0.65,18.522310778306633
2025-09-20,0,wk inc flu hosp,2025-09-27,20,quantile,0.7,22.790209529968713
2025-09-20,0,wk inc flu hosp,2025-09-27,20,quantile,0.75,27.3959433239396
2025-09-20,0,wk inc flu hosp,2025-09-27,20,quantile,0.8,32.52464631362929
2025-09-20,0,wk inc flu hosp,2025-09-27,20,quantile,0.85,38.5027760251124
2025-09-20,0,wk inc flu hosp,2025-09-27,20,quantile,0.9,46.02462826347611
2025-09-20,0,wk inc flu hosp,2025-09-27,20,quantile,0.95,57.17314636940786
2025-09-20,0,wk inc flu hosp,2025-09-27,20,quantile,0.975,66.84282320344215
2025-09-20,0,wk inc flu hosp,2025-09-27,20,quantile,0.99,78.08591224621729
2025-09-27,0,wk inc flu hosp,2025-10-04,20,quantile,0.01,0.0
2025-09-27,0,wk inc flu hosp,2025-10-04,20,quantile,0.025,0.0
2025-09-27,0,wk inc flu hosp,2025-10-04,20,quantile,0.05,0.0
2025-09-27,0,wk inc flu hosp,2025-10-04,20,quantile,0.1,0.0
2025-09-27,0,wk inc flu hosp,2025-10-04,20,quantile,0.15,0.0
2025-09-27,0,wk inc flu hosp,2025-10-04,20,quantile,0.2,0.0
2025-09-27,0,wk inc flu hosp,2025-10-04,20,quantile,0.25,0.0
2025-09-27,0,wk inc flu hosp,2025-10-04,20,quantile,0.3,0.0
2025-09-27,0,wk inc flu hosp,2025-10-04,20,quantile,0.35,0.0
2025-09-27,0,wk inc flu hosp,2025-10-04,20,quantile,0.4,0.0
2025-09-27,0,wk inc flu hosp,2025-10-04,20,quantile,0.45,3.073222768123539
2025-09-27,0,wk inc flu hosp,2025-10-04,20,quantile,0.5,6.790015758511542
2025-09-27,0,wk inc flu hosp,2025-10-04,20,quantile,0.55,10.506808748899548
2025-09-27,0,wk inc flu hosp,2025-10-04,20,quantile,0.6,14.283479426032505
2025-09-27,0,wk inc flu hosp,2025-10-04,20,quantile,0.65,18.18696831742688
2025-09-27,0,wk inc flu hosp,2025-10-04,20,quantile,0.7,22.30065764298072
2025-09-27,0,wk inc flu hosp,2025-10-04,20,quantile,0.75,26.739975219861414
2025-09-27,0,wk inc flu hosp,2025-10-04,20,quantile,0.8,31.683365860139894
2025-09-27,0,wk inc flu hosp,2025-10-04,20,quantile,0.85,37.44549139587974
2025-09-27,0,wk inc flu hosp,2025-10-04,20,quantile,0.9,44.69556105821648
2025-09-27,0,wk inc flu hosp,2025-10-04,20,quantile,0.95,55.44125644526261
2025-09-27,0,wk inc flu hosp,2025-10-04,20,quantile,0.975,64.7615446452184
2025-09-27,0,wk inc flu hosp,2025-10-04,20,quantile,0.99,75.59839389416173
2025-10-04,0,wk inc flu hosp,2025-10-11,20,quantile,0.01,0.0
2025-10-04,0,wk inc flu hosp,2025-10-11,20,quantile,0.025,0.0
2025-10-04,0,wk inc flu hosp,2025-10-11,20,quantile,0.05,0.0
2025-10-04,0,wk inc flu hosp,2025-10-11,20,quantile,0.1,0.0
2025-10-04,0,wk inc flu hosp,2025-10-11,20,quantile,0.15,0.0
2025-10-04,0,wk inc flu hosp,2025-10-11,20,quantile,0.2,0.0
2025-10-04,0,wk inc flu hosp,2025-10-11,20,quantile,0.25,0.0
2025-10-04,0,wk inc flu hosp,2025-10-11,20,quantile,0.3,0.0
2025-10-04,0,wk inc flu hosp,2025-10-11,20,quantile,0.35,0.2144161603309911
2025-10-04,0,wk inc flu hosp,2025-10-11,20,quantile,0.4,3.299594079550089
2025-10-04,0,wk inc flu hosp,2025-10-11,20,quantile,0.45,6.284539420867742
2025-10-04,0,wk inc flu hosp,2025-10-11,20,quantile,0.5,9.222159581522854
2025-10-04,0,wk inc flu hosp,2025-10-11,20,quantile,0.55,12.15977974217797
2025-10-04,0,wk inc flu hosp,2025-10-11,20,quantile,0.6,15.144725083495619
2025-10-04,0,wk inc flu hosp,2025-10-11,20,quantile,0.65,18.229903002714718
2025-10-04,0,wk inc flu hosp,2025-10-11,20,quantile,0.7,21.48121582230685
2025-10-04,0,wk inc flu hosp,2025-10-11,20,quantile,0.75,24.989893557957107
2025-10-04,0,wk inc flu hosp,2025-10-11,20,quantile,0.8,28.89697260283011
2025-10-04,0,wk inc flu hosp,2025-10-11,20,quantile,0.85,33.451150407671484
2025-10-04,0,wk inc flu hosp,2025-10-11,20,quantile,0.9,39.181345998685835
2025-10-04,0,wk inc flu hosp,2025-10-11,20,quantile,0.95,47.67435905883747
2025-10-04,0,wk inc flu hosp,2025-10-11,20,quantile,0.975,55.04078129169039
2025-10-04,0,wk inc flu hosp,2025-10-11,20,quantile,0.99,63.60583910201328
2025-10-11,0,wk inc flu hosp,2025-10-18,20,quantile,0.01,0.0
2025-10-11,0,wk inc flu hosp,2025-10-18,20,quantile,0.025,0.0
2025-10-11,0,wk inc flu hosp,2025-10-18,20,quantile,0.05,0.0
2025-10-11,0,wk inc flu hosp,2025-10-18,20,quantile,0.1,0.0
2025-10-11,0,wk inc flu hosp,2025-10-18,20,quantile,0.15,0.0
2025-10-11,0,wk inc flu hosp,2025-10-18,20,quantile,0.2,0.0
2025-10-11,0,wk inc flu hosp,2025-10-18,20,quantile,0.25,1.0802642804202396
2025-10-11,0,wk inc flu hosp,2025-10-18,20,quantile,0.3,3.4675953065529637
2025-10-11,0,wk inc flu hosp,2025-10-18,20,quantile,0.35,5.679813285710543
2025-10-11,0,wk inc flu hosp,2025-10-18,20,quantile,0.4,7.778991814663235
2025-10-11,0,wk inc flu hosp,2025-10-18,20,quantile,0.45,9.809971335020162
2025-10-11,0,wk inc flu hosp,2025-10-18,20,quantile,0.5,11.808750442393853
2025-10-11,0,wk inc flu hosp,2025-10-18,20,quantile,0.55,13.807529549767546
2025-10-11,0,wk inc flu hosp,2025-10-18,20,quantile,0.6,15.83850907012447
2025-10-11,0,wk inc flu hosp,2025-10-18,20,quantile,0.65,17.937687599077165
2025-10-11,0,wk inc flu hosp,2025-10-18,20,quantile,0.7,20.149905578234737
2025-10-11,0,wk inc flu hosp,2025-10-18,20,quantile,0.75,22.537236604367465
2025-10-11,0,wk inc flu hosp,2025-10-18,20,quantile,0.8,25.195642912420638
2025-10-11,0,wk inc flu hosp,2025-10-18,20,quantile,0.85,28.294340140026783
2025-10-11,0,wk inc flu hosp,2025-10-18,20,quantile,0.9,32.19320881674846
2025-10-11,0,wk inc flu hosp,2025-10-18,20,quantile,0.95,37.97191951959756
2025-10-11,0,wk inc flu hosp,2025-10-18,20,quantile,0.975,42.98408925220041
2025-10-11,0,wk inc flu hosp,2025-10-18,20,quantile,0.99,48.81181975119843
2025-10-18,0,wk inc flu hosp,2025-10-25,20,quantile,0.01,0.0
2025-10-18,0,wk inc flu hosp,2025-10-25,20,quantile,0.025,0.0
2025-10-18,0,wk inc flu hosp,2025-10-25,20,quantile,0.05,0.0
2025-10-18,0,wk inc flu hosp,2025-10-25,20,quantile,0.1,0.0
2025-10-18,0,wk inc flu hosp,2025-10-25,20,quantile,0.15,0.0
2025-10-18,0,wk inc flu hosp,2025-10-25,20,quantile,0.2,0.0
2025-10-18,0,wk inc flu hosp,2025-10-25,20,quantile,0.25,0.0
2025-10-18,0,wk inc flu hosp,2025-10-25,20,quantile,0.3,0.0
2025-10-18,0,wk inc flu hosp,2025-10-25,20,quantile,0.35,0.049502851052801944
2025-10-18,0,wk inc flu hosp,2025-10-25,20,quantile,0.4,3.2136486117739738
2025-10-18,0,wk inc flu hosp,2025-10-25,20,quantile,0.45,6.274996253632268
2025-10-18,0,wk inc flu hosp,2025-10-25,20,quantile,0.5,9.287807385218038
2025-10-18,0,wk inc flu hosp,2025-10-25,20,quantile,0.55,12.30061851680381
2025-10-18,0,wk inc flu hosp,2025-10-25,20,quantile,0.6,15.361966158662103
2025-10-18,0,wk inc flu hosp,2025-10-25,20,quantile,0.65,18.526111919383276
2025-10-18,0,wk inc flu hosp,2025-10-25,20,quantile,0.7,21.860644949327554
2025-10-18,0,wk inc flu hosp,2025-10-25,20,quantile,0.75,25.459130376645984
2025-10-18,0,wk inc flu hosp,2025-10-25,20,quantile,0.8,29.466214544993264
2025-10-18,0,wk inc flu hosp,2025-10-25,20,quantile,0.85,34.13696053503544
2025-10-18,0,wk inc flu hosp,2025-10-25,20,quantile,0.9,40.01382552050781
2025-10-18,0,wk inc flu hosp,2025-10-25,20,quantile,0.95,48.72422471746249
2025-10-18,0,wk inc flu hosp,2025-10-25,20,quantile,0.975,56.27919700433256
2025-10-18,0,wk inc flu hosp,2025-10-25,20,quantile,0.99,65.06348500018487
2025-10-25,0,wk inc flu hosp,2025-11-01,20,quantile,0.01,0.0
2025-10-25,0,wk inc flu hosp,2025-11-01,20,quantile,0.025,0.0
2025-10-25,0,wk inc flu hosp,2025-11-01,20,quantile,0.05,0.0
2025-10-25,0,wk inc flu hosp,2025-11-01,20,quantile,0.1,0.0
2025-10-25,0,wk inc flu hosp,2025-11-01,20,quantile,0.15,0.0
2025-10-25,0,wk inc flu hosp,2025-11-01,20,quantile,0.2,0.0
2025-10-25,0,wk inc flu hosp,2025-11-01,20,quantile,0.25,0.0
2025-10-25,0,wk inc flu hosp,2025-11-01,20,quantile,0.3,0.0
2025-10-25,0,wk inc flu hosp,2025-11-01,20,quantile,0.35,0.0
2025-10-25,0,wk inc flu hosp,2025-11-01,20,quantile,0.4,1.4842802699058213
2025-10-25,0,wk inc flu hosp,2025-11-01,20,quantile,0.45,4.6069647504144875
2025-10-25,0,wk inc flu hosp,2025-11-01,20,quantile,0.5,7.680140248247125
2025-10-25,0,wk inc flu hosp,2025-11-01,20,quantile,0.55,10.753315746079766
2025-10-25,0,wk inc flu hosp,2025-11-01,20,quantile,0.6,13.876000226588427
2025-10-25,0,wk inc flu hosp,2025-11-01,20,quantile,0.65,17.103542478233383
2025-10-25,0,wk inc flu hosp,2025-11-01,20,quantile,0.7,20.504885860466786
2025-10-25,0,wk inc flu hosp,2025-11-01,20,quantile,0.75,24.175470162484448
2025-10-25,0,wk inc flu hosp,2025-11-01,20,quantile,0.8,28.262839846835124
2025-10-25,0,wk inc flu hosp,2025-11-01,20,quantile,0.85,33.02716841118245
2025-10-25,0,wk inc flu hosp,2025-11-01,20,quantile,0.9,39.02178164401333
2025-10-25,0,wk inc flu hosp,2025-11-01,20,quantile,0.95,47.90670148110009
2025-10-25,0,wk inc flu hosp,2025-11-01,20,quantile,0.975,55.61304439632732
2025-10-25,0,wk inc flu hosp,2025-11-01,20,quantile,0.99,64.57333346049768
2025-11-01,0,wk inc flu hosp,2025-11-08,20,quantile,0.01,0.0
2025-11-01,0,wk inc flu hosp,2025-11-08,20,quantile,0.025,0.0
2025-11-01,0,wk inc flu hosp,2025-11-08,20,quantile,0.05,0.0
2025-11-01,0,wk inc flu hosp,2025-11-08,20,quantile,0.1,0.0
2025-11-01,0,wk inc flu hosp,2025-11-08,20,quantile,0.15,0.0
2025-11-01,0,wk inc flu hosp,2025-11-08,20,quantile,0.2,0.0
2025-11-01,0,wk inc flu hosp,2025-11-08,20,quantile,0.25,0.0
2025-11-01,0,wk inc flu hosp,2025-11-08,20,quantile,0.3,0.20854194012300553
2025-11-01,0,wk inc flu hosp,2025-11-08,20,quantile,0.35,3.1414706192995734
2025-11-01,0,wk inc flu hosp,2025-11-08,20,quantile,0.4,5.9245331241172705
2025-11-01,0,wk inc flu hosp,2025-11-08,20,quantile,0.45,8.61717830564836
2025-11-01,0,wk inc flu hosp,2025-11-08,20,quantile,0.5,11.26713261511818
2025-11-01,0,wk inc flu hosp,2025-11-08,20,quantile,0.55,13.917086924588002
2025-11-01,0,wk inc flu hosp,2025-11-08,20,quantile,0.6,16.60973210611909
2025-11-01,0,wk inc flu hosp,2025-11-08,20,quantile,0.65,19.39279461093679
2025-11-01,0,wk inc flu hosp,2025-11-08,20,quantile,0.7,22.325723290113352
2025-11-01,0,wk inc flu hosp,2025-11-08,20,quantile,0.75,25.49081447877598
2025-11-01,0,wk inc flu hosp,2025-11-08,20,quantile,0.8,29.0152936102412
2025-11-01,0,wk inc flu hosp,2025-11-08,20,quantile,0.85,33.123504488444006
2025-11-01,0,wk inc flu hosp,2025-11-08,20,quantile,0.9,38.292571852526606
2025-11-01,0,wk inc flu hosp,2025-11-08,20,quantile,0.95,45.953908352243864
2025-11-01,0,wk inc flu hosp,2025-11-08,20,quantile,0.975,52.59897520015439
2025-11-01,0,wk inc flu hosp,2025-11-08,20,quantile,0.99,60.32530148267203
2025-11-08,0,wk inc flu hosp,2025-11-15,20,quantile,0.01,0.0
2025-11-08,0,wk inc flu hosp,2025-11-15,20,quantile,0.025,0.0
2025-11-08,0,wk inc flu hosp,2025-11-15,20,quantile,0.05,0.0
2025-11-08,0,wk inc flu hosp,2025-11-15,20,quantile,0.1,0.0
2025-11-08,0,wk inc flu hosp,2025-11-15,20,quantile,0.15,0.0
2025-11-08,0,wk inc flu hosp,2025-11-15,20,quantile,0.2,0.0
2025-11-08,0,wk inc flu hosp,2025-11-15,20,quantile,0.25,0.0
2025-11-08,0,wk inc flu hosp,2025-11-15,20,quantile,0.3,0.0
2025-11-08,0,wk inc flu hosp,2025-11-15,20,quantile,0.35,0.0
2025-11-08,0,wk inc flu hosp,2025-11-15,20,quantile,0.4,0.07060883519176286
2025-11-08,0,wk inc flu hosp,2025-11-15,20,quantile,0.45,3.4380045405499353
2025-11-08,0,wk inc flu hosp,2025-11-15,20,quantile,0.5,6.752011459214951
2025-11-08,0,wk inc flu hosp,2025-11-15,20,quantile,0.55,10.06601837787997
2025-11-08,0,wk inc flu hosp,2025-11-15,20,quantile,0.6,13.433414083238139
2025-11-08,0,wk inc flu hosp,2025-11-15,20,quantile,0.65,16.91388480799124
2025-11-08,0,wk inc flu hosp,2025-11-15,20,quantile,0.7,20.58177670333748
2025-11-08,0,wk inc flu hosp,2025-11-15,20,quantile,0.75,24.540008760377066
2025-11-08,0,wk inc flu hosp,2025-11-15,20,quantile,0.8,28.94768786058882
2025-11-08,0,wk inc flu hosp,2025-11-15,20,quantile,0.85,34.085376169042284
2025-11-08,0,wk inc flu hosp,2025-11-15,20,quantile,0.9,40.54976121387069
2025-11-08,0,wk inc flu hosp,2025-11-15,20,quantile,0.95,50.13095364256716
2025-11-08,0,wk inc flu hosp,2025-11-15,20,quantile,0.975,58.44120919311397
2025-11-08,0,wk inc flu hosp,2025-11-15,20,quantile,0.99,68.1036772079869
2025-09-13,0,wk inc flu hosp,2025-09-20,21,quantile,0.01,0.0
2025-09-13,0,wk inc flu hosp,2025-09-20,21,quantile,0.025,0.0
2025-09-13,0,wk inc flu hosp,2025-09-20,21,quantile,0.05,0.0
2025-09-13,0,wk inc flu hosp,2025-09-20,21,quantile,0.1,0.0
2025-09-13,0,wk inc flu hosp,2025-09-20,21,quantile,0.15,0.0
2025-09-13,0,wk inc flu hosp,2025-09-20,21,quantile,0.2,0.0
2025-09-13,0,wk inc flu hosp,2025-09-20,21,quantile,0.25,0.0
2025-09-13,0,wk inc flu hosp,2025-09-20,21,quantile,0.3,0.0
2025-09-13,0,wk inc flu hosp,2025-09-20,21,quantile,0.35,0.0
2025-09-13,0,wk inc flu hosp,2025-09-20,21,quantile,0.4,5.264042636123579
2025-09-13,0,wk inc flu hosp,2025-09-20,21,quantile,0.45,11.315454856430685
2025-09-13,0,wk inc flu hosp,2025-09-20,21,quantile,0.5,17.27092422223208
2025-09-13,0,wk inc flu hosp,2025-09-20,21,quantile,0.55,23.22639358803348
2025-09-13,0,wk inc flu hosp,2025-09-20,21,quantile,0.6,29.27780580834058
2025-09-13,0,wk inc flu hosp,2025-09-20,21,quantile,0.65,35.532420626159215
2025-09-13,0,wk inc flu hosp,2025-09-20,21,quantile,0.7,42.12384253803776
2025-09-13,0,wk inc flu hosp,2025-09-20,21,quantile,0.75,49.23702314899687
2025-09-13,0,wk inc flu hosp,2025-09-20,21,quantile,0.8,57.15788707590997
2025-09-13,0,wk inc flu hosp,2025-09-20,21,quantile,0.85,66.39062137097177
2025-09-13,0,wk inc flu hosp,2025-09-20,21,quantile,0.9,78.00750934015218
2025-09-13,0,wk inc flu hosp,2025-09-20,21,quantile,0.95,95.22548727362488
2025-09-13,0,wk inc flu hosp,2025-09-20,21,quantile,0.975,110.15951534535843
2025-09-13,0,wk inc flu hosp,2025-09-20,21,quantile,0.99,127.52355038599505
2025-09-20,0,wk inc flu hosp,2025-09-27,21,quantile,0.01,0.0
2025-09-20,0,wk inc flu hosp,2025-09-27,21,quantile,0.025,0.0
2025-09-20,0,wk inc flu hosp,2025-09-27,21,quantile,0.05,0.0
2025-09-20,0,wk inc flu hosp,2025-09-27,21,quantile,0.1,0.0
2025-09-20,0,wk inc flu hosp,2025-09-27,21,quantile,0.15,0.0
2025-09-20,0,wk inc flu hosp,2025-09-27,21,quantile,0.2,0.0
2025-09-20,0,wk inc flu hosp,2025-09-27,21,quantile,0.25,0.0
2025-09-20,0,wk inc flu hosp,2025-09-27,21,quantile,0.3,0.0
2025-09-20,0,wk inc flu hosp,2025-09-27,21,quantile,0.35,0.0
2025-09-20,0,wk inc flu hosp,2025-09-27,21,quantile,0.4,2.210399498423828
2025-09-20,0,wk inc flu hosp,2025-09-27,21,quantile,0.45,5.678461032243815
2025-09-20,0,wk inc flu hosp,2025-09-27,21,quantile,0.5,9.091537760692328
2025-09-20,0,wk inc flu hosp,2025-09-27,21,quantile,0.55,12.504614489140844
2025-09-20,0,wk inc flu hosp,2025-09-27,21,quantile,0.6,15.972676022960826
2025-09-20,0,wk inc flu hosp,2025-09-27,21,quantile,0.65,19.557192871068803
2025-09-20,0,wk inc flu hosp,2025-09-27,21,quantile,0.7,23.334733708404805
2025-09-20,0,wk inc flu hosp,2025-09-27,21,quantile,0.75,27.411294213934113
2025-09-20,0,wk inc flu hosp,2025-09-27,21,quantile,0.8,31.950737652833666
2025-09-20,0,wk inc flu hosp,2025-09-27,21,quantile,0.85,37.24201339062491
2025-09-20,0,wk inc flu hosp,2025-09-27,21,quantile,0.9,43.89964649210385
2025-09-20,0,wk inc flu hosp,2025-09-27,21,quantile,0.95,53.767261651562876
2025-09-20,0,wk inc flu hosp,2025-09-27,21,quantile,0.975,62.32594620568478
2025-09-20,0,wk inc flu hosp,2025-09-27,21,quantile,0.99,72.27726662544593
2025-09-27,0,wk inc flu hosp,2025-10-04,21,quantile,0.01,0.0
2025-09-27,0,wk inc flu hosp,2025-10-04,21,quantile,0.025,0.0
2025-09-27,0,wk inc flu hosp,2025-10-04,21,quantile,0.05,0.0
2025-09-27,0,wk inc flu hosp,2025-10-04,21,quantile,0.1,0.0
2025-09-27,0,wk inc flu hosp,2025-10-04,21,quantile,0.15,0.0
2025-09-27,0,wk inc flu hosp,2025-10-04,21,quantile,0.2,0.0
2025-09-27,0,wk inc flu hosp,2025-10-04,21,quantile,0.25,0.0
2025-09-27,0,wk inc flu hosp,2025-10-04,21,quantile,0.3,0.0
2025-09-27,0,wk inc flu hosp,2025-10-04,21,quantile,0.35,0.0
2025-09-27,0,wk inc flu hosp,2025-10-04,21,quantile,0.4,2.974637534451867
2025-09-27,0,wk inc flu hosp,2025-10-04,21,quantile,0.45,8.380903131441649
2025-09-27,0,wk inc flu hosp,2025-10-04,21,quantile,0.5,13.701454429899492
2025-09-27,0,wk inc flu hosp,2025-10-04,21,quantile,0.55,19.022005728357342
2025-09-27,0,wk inc flu hosp,2025-10-04,21,quantile,0.6,24.42827132534712
2025-09-27,0,wk inc flu hosp,2025-10-04,21,quantile,0.65,30.016075904007824
2025-09-27,0,wk inc flu hosp,2025-10-04,21,quantile,0.7,35.90478026261211
2025-09-27,0,wk inc flu hosp,2025-10-04,21,quantile,0.75,42.259618145437955
2025-09-27,0,wk inc flu hosp,2025-10-04,21,quantile,0.8,49.336031482940605
2025-09-27,0,wk inc flu hosp,2025-10-04,21,quantile,0.85,57.5844554818939
2025-09-27,0,wk inc flu hosp,2025-10-04,21,quantile,0.9,67.96285633865742
2025-09-27,0,wk inc flu hosp,2025-10-04,21,quantile,0.95,83.34520980634741
2025-09-27,0,wk inc flu hosp,2025-10-04,21,quantile,0.975,96.6871074079944
2025-09-27,0,wk inc flu hosp,2025-10-04,21,quantile,0.99,112.1999467003001
2025-10-04,0,wk inc flu hosp,2025-10-11,21,quantile,0.01,0.0
2025-10-04,0,wk inc flu hosp,2025-10-11,21,quantile,0.025,0.0
2025-10-04,0,wk inc flu hosp,2025-10-11,21,quantile,0.05,0.0
2025-10-04,0,wk inc flu hosp,2025-10-11,21,quantile,0.1,0.0
2025-10-04,0,wk inc flu hosp,2025-10-11,21,quantile,0.15,0.0
2025-10-04,0,wk inc flu hosp,2025-10-11,21,quantile,0.2,0.0
2025-10-04,0,wk inc flu hosp,2025-10-11,21,quantile,0.25,0.0
2025-10-04,0,wk inc flu hosp,2025-10-11,21,quantile,0.3,0.0
2025-10-04,0,wk inc flu hosp,2025-10-11,21,quantile,0.35,1.7060020339375015
2025-10-04,0,wk inc flu hosp,2025-10-11,21,quantile,0.4,7.556964954563483
2025-10-04,0,wk inc flu hosp,2025-10-11,21,quantile,0.45,13.21783929291135
2025-10-04,0,wk inc flu hosp,2025-10-11,21,quantile,0.5,18.788962607325224
2025-10-04,0,wk inc flu hosp,2025-10-11,21,quantile,0.55,24.360085921739106
2025-10-04,0,wk inc flu hosp,2025-10-11,21,quantile,0.6,30.020960260086966
2025-10-04,0,wk inc flu hosp,2025-10-11,21,quantile,0.65,35.87192318071295
2025-10-04,0,wk inc flu hosp,2025-10-11,21,quantile,0.7,42.03795679332371
2025-10-04,0,wk inc flu hosp,2025-10-11,21,quantile,0.75,48.69207654564963
2025-10-04,0,wk inc flu hosp,2025-10-11,21,quantile,0.8,56.101754437190145
2025-10-04,0,wk inc flu hosp,2025-10-11,21,quantile,0.85,64.73863897602713
2025-10-04,0,wk inc flu hosp,2025-10-11,21,quantile,0.9,75.60581189403041
2025-10-04,0,wk inc flu hosp,2025-10-11,21,quantile,0.95,91.71259918489667
2025-10-04,0,wk inc flu hosp,2025-10-11,21,quantile,0.975,105.68283509045077
2025-10-04,0,wk inc flu hosp,2025-10-11,21,quantile,0.99,121.92625345184683
2025-10-11,0,wk inc flu hosp,2025-10-18,21,quantile,0.01,0.0
2025-10-11,0,wk inc flu hosp,2025-10-18,21,quantile,0.025,0.0
2025-10-11,0,wk inc flu hosp,2025-10-18,21,quantile,0.05,0.0
2025-10-11,0,wk inc flu hosp,2025-10-18,21,quantile,0.1,0.0
2025-10-11,0,wk inc flu hosp,2025-10-18,21,quantile,0.15,0.0
2025-10-11,0,wk inc flu hosp,2025-10-18,21,quantile,0.2,0.0
2025-10-11,0,wk inc flu hosp,2025-10-18,21,quantile,0.25,0.0
2025-10-11,0,wk inc flu hosp,2025-10-18,21,quantile,0.3,0.9350524159446714
2025-10-11,0,wk inc flu hosp,2025-10-18,21,quantile,0.35,6.271256006359536
2025-10-11,0,wk inc flu hosp,2025-10-18,21,quantile,0.4,11.334791385176404
2025-10-11,0,wk inc flu hosp,2025-10-18,21,quantile,0.45,16.23382046399925
2025-10-11,0,wk inc flu hosp,2025-10-18,21,quantile,0.5,21.055177287649748
2025-10-11,0,wk inc flu hosp,2025-10-18,21,quantile,0.55,25.876534111300252
2025-10-11,0,wk inc flu hosp,2025-10-18,21,quantile,0.6,30.775563190123094
2025-10-11,0,wk inc flu hosp,2025-10-18,21,quantile,0.65,35.83909856893996
2025-10-11,0,wk inc flu hosp,2025-10-18,21,quantile,0.7,41.175302159354814
2025-10-11,0,wk inc flu hosp,2025-10-18,21,quantile,0.75,46.93390484371119
2025-10-11,0,wk inc flu hosp,2025-10-18,21,quantile,0.8,53.346382013441485
2025-10-11,0,wk inc flu hosp,2025-10-18,21,quantile,0.85,60.82090732123109
2025-10-11,0,wk inc flu hosp,2025-10-18,21,quantile,0.9,70.22556691051847
2025-10-11,0,wk inc flu hosp,2025-10-18,21,quantile,0.95,84.16468913583137
2025-10-11,0,wk inc flu hosp,2025-10-18,21,quantile,0.975,96.25479886953354
2025-10-11,0,wk inc flu hosp,2025-10-18,21,quantile,0.99,110.3121642402669
2025-10-18,0,wk inc flu hosp,2025-10-25,21,quantile,0.01,20.041895612749713
2025-10-18,0,wk inc flu hosp,2025-10-25,21,quantile,0.025,20.318991934859756
2025-10-18,0,wk inc flu hosp,2025-10-25,21,quantile,0.05,20.557310058687605
2025-10-18,0,wk inc flu hosp,2025-10-25,21,quantile,0.1,20.832075592641647
2025-10-18,0,wk inc flu hosp,2025-10-25,21,quantile,0.15,21.017458593948138
2025-10-18,0,wk inc flu hosp,2025-10-25,21,quantile,0.2,21.164795126625805
2025-10-18,0,wk inc flu hosp,2025-10-25,21,quantile,0.25,21.291196752569615
2025-10-18,0,wk inc flu hosp,2025-10-25,21,quantile,0.3,21.40470931927364
2025-10-18,0,wk inc flu hosp,2025-10-25,21,quantile,0.35,21.50989562907909
2025-10-18,0,wk inc flu hosp,2025-10-25,21,quantile,0.4,21.6097071508928
2025-10-18,0,wk inc flu hosp,2025-10-25,21,quantile,0.45,21.706275953356897
2025-10-18,0,wk inc flu hosp,2025-10-25,21,quantile,0.5,21.801313693941996
2025-10-18,0,wk inc flu hosp,2025-10-25,21,quantile,0.55,21.896351434527094
2025-10-18,0,wk inc flu hosp,2025-10-25,21,quantile,0.6,21.992920236991193
2025-10-18,0,wk inc flu hosp,2025-10-25,21,quantile,0.65,22.092731758804902
2025-10-18,0,wk inc flu hosp,2025-10-25,21,quantile,0.7,22.197918068610353
2025-10-18,0,wk inc flu hosp,2025-10-25,21,quantile,0.75,22.311430635314377
2025-10-18,0,wk inc flu hosp,2025-10-25,21,quantile,0.8,22.437832261258187
2025-10-18,0,wk inc flu hosp,2025-10-25,21,quantile,0.85,22.585168793935853
2025-10-18,0,wk inc flu hosp,2025-10-25,21,quantile,0.9,22.770551795242344
2025-10-18,0,wk inc flu hosp,2025-10-25,21,quantile,0.95,23.045317329196386
2025-10-18,0,wk inc flu hosp,2025-10-25,21,quantile,0.975,23.283635453024235
2025-10-18,0,wk inc flu hosp,2025-10-25,21,quantile,0.99,23.56073177513428
2025-10-25,0,wk inc flu hosp,2025-11-01,21,quantile,0.01,0.0
2025-10-25,0,wk inc flu hosp,2025-11-01,21,quantile,0.025,0.0
2025-10-25,0,wk inc flu hosp,2025-11-01,21,quantile,0.05,0.0
2025-10-25,0,wk inc flu hosp,2025-11-01,21,quantile,0.1,0.0
2025-10-25,0,wk inc flu hosp,2025-11-01,21,quantile,0.15,0.0
2025-10-25,0,wk inc flu hosp,2025-11-01,21,quantile,0.2,0.0
2025-10-25,0,wk inc flu hosp,2025-11-01,21,quantile,0.25,0.0
2025-10-25,0,wk inc flu hosp,2025-11-01,21,quantile,0.3,0.0
2025-10-25,0,wk inc flu hosp,2025-11-01,21,quantile,0.35,0.0
2025-10-25,0,wk inc flu hosp,2025-11-01,21,quantile,0.4,3.0881871016861915
2025-10-25,0,wk inc flu hosp,2025-11-01,21,quantile,0.45,7.556472073146231
2025-10-25,0,wk inc flu hosp,2025-11-01,21,quantile,0.5,11.953914074519348
2025-10-25,0,wk inc flu hosp,2025-11-01,21,quantile,0.55,16.35135607589247
2025-10-25,0,wk inc flu hosp,2025-11-01,21,quantile,0.6,20.819641047352505
2025-10-25,0,wk inc flu hosp,2025-11-01,21,quantile,0.65,25.437968203936784
2025-10-25,0,wk inc flu hosp,2025-11-01,21,quantile,0.7,30.30498938794475
2025-10-25,0,wk inc flu hosp,2025-11-01,21,quantile,0.75,35.55727048632553
2025-10-25,0,wk inc flu hosp,2025-11-01,21,quantile,0.8,41.40593455962008
2025-10-25,0,wk inc flu hosp,2025-11-01,21,quantile,0.85,48.22326684408552
2025-10-25,0,wk inc flu hosp,2025-11-01,21,quantile,0.9,56.801027544907434
2025-10-25,0,wk inc flu hosp,2025-11-01,21,quantile,0.95,69.5145610538116
2025-10-25,0,wk inc flu hosp,2025-11-01,21,quantile,0.975,80.54165535295074
2025-10-25,0,wk inc flu hosp,2025-11-01,21,quantile,0.99,93.36303555171112
2025-11-01,0,wk inc flu hosp,2025-11-08,21,quantile,0.01,0.0
2025-11-01,0,wk inc flu hosp,2025-11-08,21,quantile,0.025,0.0
2025-11-01,0,wk inc flu hosp,2025-11-08,21,quantile,0.05,0.0
2025-11-01,0,wk inc flu hosp,2025-11-08,21,quantile,0.1,0.0
2025-11-01,0,wk inc flu hosp,2025-11-08,21,quantile,0.15,0.0
2025-11-01,0,wk inc flu hosp,2025-11-08,21,quantile,0.2,0.0
2025-11-01,0,wk inc flu hosp,2025-11-08,21,quantile,0.25,0.0
2025-11-01,0,wk inc flu hosp,2025-11-08,21,quantile,0.3,0.0
2025-11-01,0,wk inc flu hosp,2025-11-08,21,quantile,0.35,0.0
2025-11-01,0,wk inc flu hosp,2025-11-08,21,quantile,0.4,0.0
2025-11-01,0,wk inc flu hosp,2025-11-08,21,quantile,0.45,0.0
2025-11-01,0,wk inc flu hosp,2025-11-08,21,quantile,0.5,8.507823853943329
2025-11-01,0,wk inc flu hosp,2025-11-08,21,quantile,0.55,21.03772371733475
2025-11-01,0,wk inc flu hosp,2025-11-08,21,quantile,0.6,33.7694807788284
2025-11-01,0,wk inc flu hosp,2025-11-08,21,quantile,0.65,46.92876219523207
2025-11-01,0,wk inc flu hosp,2025-11-08,21,quantile,0.7,60.796662681374286
2025-11-01,0,wk inc flu hosp,2025-11-08,21,quantile,0.75,75.76230775333772
2025-11-01,0,wk inc flu hosp,2025-11-08,21,quantile,0.8,92.42726323202572
2025-11-01,0,wk inc flu hosp,2025-11-08,21,quantile,0.85,111.8523041610805
2025-11-01,0,wk inc flu hosp,2025-11-08,21,quantile,0.9,136.29344121300116
2025-11-01,0,wk inc flu hosp,2025-11-08,21,quantile,0.95,172.51888812661565
2025-11-01,0,wk inc flu hosp,2025-11-08,21,quantile,0.975,203.9390608791486
2025-11-01,0,wk inc flu hosp,2025-11-08,21,quantile,0.99,240.47180194788206
2025-11-08,0,wk inc flu hosp,2025-11-15,21,quantile,0.01,0.0
2025-11-08,0,wk inc flu hosp,2025-11-15,21,quantile,0.025,0.0
2025-11-08,0,wk inc flu hosp,2025-11-15,21,quantile,0.05,0.0
2025-11-08,0,wk inc flu hosp,2025-11-15,21,quantile,0.1,0.0
2025-11-08,0,wk inc flu hosp,2025-11-15,21,quantile,0.15,0.0
2025-11-08,0,wk inc flu hosp,2025-11-15,21,quantile,0.2,0.0
2025-11-08,0,wk inc flu hosp,2025-11-15,21,quantile,0.25,0.0
2025-11-08,0,wk inc flu hosp,2025-11-15,21,quantile,0.3,0.0
2025-11-08,0,wk inc flu hosp,2025-11-15,21,quantile,0.35,0.0
2025-11-08,0,wk inc flu hosp,2025-11-15,21,quantile,0.4,0.0
2025-11-08,0,wk inc flu hosp,2025-11-15,21,quantile,0.45,2.401257364294981
2025-11-08,0,wk inc flu hosp,2025-11-15,21,quantile,0.5,11.802187581811063
2025-11-08,0,wk inc flu hosp,2025-11-15,21,quantile,0.55,21.203117799327156
2025-11-08,0,wk inc flu hosp,2025-11-15,21,quantile,0.6,30.75549738626772
2025-11-08,0,wk inc flu hosp,2025-11-15,21,quantile,0.65,40.62863984207527
2025-11-08,0,wk inc flu hosp,2025-11-15,21,quantile,0.7,51.033444840923316
2025-11-08,0,wk inc flu hosp,2025-11-15,21,quantile,0.75,62.26186538023651
2025-11-08,0,wk inc flu hosp,2025-11-15,21,quantile,0.8,74.76524411759492
2025-11-08,0,wk inc flu hosp,2025-11-15,21,quantile,0.85,89.33945909436257
2025-11-08,0,wk inc flu hosp,2025-11-15,21,quantile,0.9,107.67714944839084
2025-11-08,0,wk inc flu hosp,2025-11-15,21,quantile,0.95,134.85636893506972
2025-11-08,0,wk inc flu hosp,2025-11-15,21,quantile,0.975,158.43028849462428
2025-11-08,0,wk inc flu hosp,2025-11-15,21,quantile,0.99,185.84006456515618
2025-09-13,0,wk inc flu hosp,2025-09-20,22,quantile,0.01,0.0
2025-09-13,0,wk inc flu hosp,2025-09-20,22,quantile,0.025,0.0
2025-09-13,0,wk inc flu hosp,2025-09-20,22,quantile,0.05,0.0
2025-09-13,0,wk inc flu hosp,2025-09-20,22,quantile,0.1,0.0
2025-09-13,0,wk inc flu hosp,2025-09-20,22,quantile,0.15,0.0
2025-09-13,0,wk inc flu hosp,2025-09-20,22,quantile,0.2,0.0
2025-09-13,0,wk inc flu hosp,2025-09-20,22,quantile,0.25,0.0
2025-09-13,0,wk inc flu hosp,2025-09-20,22,quantile,0.3,0.0
2025-09-13,0,wk inc flu hosp,2025-09-20,22,quantile,0.35,0.7780015210675817
2025-09-13,0,wk inc flu hosp,2025-09-20,22,quantile,0.4,5.391697547552615
2025-09-13,0,wk inc flu hosp,2025-09-20,22,quantile,0.45,9.855501847046
2025-09-13,0,wk inc flu hosp,2025-09-20,22,quantile,0.5,14.248534215813681
2025-09-13,0,wk inc flu hosp,2025-09-20,22,quantile,0.55,18.641566584581366
2025-09-13,0,wk inc flu hosp,2025-09-20,22,quantile,0.6,23.105370884074745
2025-09-13,0,wk inc flu hosp,2025-09-20,22,quantile,0.65,27.719066910559782
2025-09-13,0,wk inc flu hosp,2025-09-20,22,quantile,0.7,32.58120758101062
2025-09-13,0,wk inc flu hosp,2025-09-20,22,quantile,0.75,37.828221837901026
2025-09-13,0,wk inc flu hosp,2025-09-20,22,quantile,0.8,43.67102103343532
2025-09-13,0,wk inc flu hosp,2025-09-20,22,quantile,0.85,50.48151708658395
2025-09-13,0,wk inc flu hosp,2025-09-20,22,quantile,0.9,59.050676247406884
2025-09-13,0,wk inc flu hosp,2025-09-20,22,quantile,0.95,71.75146097830019
2025-09-13,0,wk inc flu hosp,2025-09-20,22,quantile,0.975,82.76749761379088
2025-09-13,0,wk inc flu hosp,2025-09-20,22,quantile,0.99,95.57602088887757
2025-09-20,0,wk inc flu hosp,2025-09-27,22,quantile,0.01,0.0
2025-09-20,0,wk inc flu hosp,2025-09-27,22,quantile,0.025,0.0
2025-09-20,0,wk inc flu hosp,2025-09-27,22,quantile,0.05,0.0
2025-09-20,0,wk inc flu hosp,2025-09-27,22,quantile,0.1,0.0
2025-09-20,0,wk inc flu hosp,2025-09-27,22,quantile,0.15,0.0
2025-09-20,0,wk inc flu hosp,2025-09-27,22,quantile,0.2,0.0
2025-09-20,0,wk inc flu hosp,2025-09-27,22,quantile,0.25,0.0
2025-09-20,0,wk inc flu hosp,2025-09-27,22,quantile,0.3,0.0
2025-09-20,0,wk inc flu hosp,2025-09-27,22,quantile,0.35,4.327687563449363
2025-09-20,0,wk inc flu hosp,2025-09-27,22,quantile,0.4,8.683372905895503
2025-09-20,0,wk inc flu hosp,2025-09-27,22,quantile,0.45,12.897548882647943
2025-09-20,0,wk inc flu hosp,2025-09-27,22,quantile,0.5,17.044910691421173
2025-09-20,0,wk inc flu hosp,2025-09-27,22,quantile,0.55,21.192272500194406
2025-09-20,0,wk inc flu hosp,2025-09-27,22,quantile,0.6,25.406448476946842
2025-09-20,0,wk inc flu hosp,2025-09-27,22,quantile,0.65,29.762133819392982
2025-09-20,0,wk inc flu hosp,2025-09-27,22,quantile,0.7,34.35237009192187
2025-09-20,0,wk inc flu hosp,2025-09-27,22,quantile,0.75,39.30595675197653
2025-09-20,0,wk inc flu hosp,2025-09-27,22,quantile,0.8,44.82201040370217
2025-09-20,0,wk inc flu hosp,2025-09-27,22,quantile,0.85,51.25164461956679
2025-09-20,0,wk inc flu hosp,2025-09-27,22,quantile,0.9,59.34159262212742
2025-09-20,0,wk inc flu hosp,2025-09-27,22,quantile,0.95,71.33211422830745
2025-09-20,0,wk inc flu hosp,2025-09-27,22,quantile,0.975,81.73210352747506
2025-09-20,0,wk inc flu hosp,2025-09-27,22,quantile,0.99,93.82433863950067
2025-09-27,0,wk inc flu hosp,2025-10-04,22,quantile,0.01,0.0
2025-09-27,0,wk inc flu hosp,2025-10-04,22,quantile,0.025,0.0
2025-09-27,0,wk inc flu hosp,2025-10-04,22,quantile,0.05,0.0
2025-09-27,0,wk inc flu hosp,2025-10-04,22,quantile,0.1,0.0
2025-09-27,0,wk inc flu hosp,2025-10-04,22,quantile,0.15,0.0
2025-09-27,0,wk inc flu hosp,2025-10-04,22,quantile,0.2,0.0
2025-09-27,0,wk inc flu hosp,2025-10-04,22,quantile,0.25,1.9031104545322712
2025-09-27,0,wk inc flu hosp,2025-10-04,22,quantile,0.3,6.2301167446411405
2025-09-27,0,wk inc flu hosp,2025-10-04,22,quantile,0.35,10.239732925273227
2025-09-27,0,wk inc flu hosp,2025-10-04,22,quantile,0.4,14.04446657947188
2025-09-27,0,wk inc flu hosp,2025-10-04,22,quantile,0.45,17.72559042173293
2025-09-27,0,wk inc flu hosp,2025-10-04,22,quantile,0.5,21.348351436217953
2025-09-27,0,wk inc flu hosp,2025-10-04,22,quantile,0.55,24.97111245070298
2025-09-27,0,wk inc flu hosp,2025-10-04,22,quantile,0.6,28.652236292964027
2025-09-27,0,wk inc flu hosp,2025-10-04,22,quantile,0.65,32.456969947162676
2025-09-27,0,wk inc flu hosp,2025-10-04,22,quantile,0.7,36.466586127794756
2025-09-27,0,wk inc flu hosp,2025-10-04,22,quantile,0.75,40.79359241790364
2025-09-27,0,wk inc flu hosp,2025-10-04,22,quantile,0.8,45.61191911440913
2025-09-27,0,wk inc flu hosp,2025-10-04,22,quantile,0.85,51.228267349414764
2025-09-27,0,wk inc flu hosp,2025-10-04,22,quantile,0.9,58.294915880268825
2025-09-27,0,wk inc flu hosp,2025-10-04,22,quantile,0.95,68.76875351997509
2025-09-27,0,wk inc flu hosp,2025-10-04,22,quantile,0.975,77.85324566734103
2025-09-27,0,wk inc flu hosp,2025-10-04,22,quantile,0.99,88.41593104703576
2025-10-04,0,wk inc flu hosp,2025-10-11,22,quantile,0.01,0.0
2025-10-04,0,wk inc flu hosp,2025-10-11,22,quantile,0.025,3.352104030400959
2025-10-04,0,wk inc flu hosp,2025-10-11,22,quantile,0.05,8.077103569501375
2025-10-04,0,wk inc flu hosp,2025-10-11,22,quantile,0.1,13.524725430738176
2025-10-04,0,wk inc flu hosp,2025-10-11,22,quantile,0.15,17.20021003787183
2025-10-04,0,wk inc flu hosp,2025-10-11,22,quantile,0.2,20.12136868838853
2025-10-04,0,wk inc flu hosp,2025-10-11,22,quantile,0.25,22.627462705633608
2025-10-04,0,wk inc flu hosp,2025-10-11,22,quantile,0.3,24.878012587211423
2025-10-04,0,wk inc flu hosp,2025-10-11,22,quantile,0.35,26.963482451473393
2025-10-04,0,wk inc flu hosp,2025-10-11,22,quantile,0.4,28.942389414115333
2025-10-04,0,wk inc flu hosp,2025-10-11,22,quantile,0.45,30.857004802175105
2025-10-04,0,wk inc flu hosp,2025-10-11,22,quantile,0.5,32.74126468660639
2025-10-04,0,wk inc flu hosp,2025-10-11,22,quantile,0.55,34.62552457103768
2025-10-04,0,wk inc flu hosp,2025-10-11,22,quantile,0.6,36.54013995909745
2025-10-04,0,wk inc flu hosp,2025-10-11,22,quantile,0.65,38.51904692173939
2025-10-04,0,wk inc flu hosp,2025-10-11,22,quantile,0.7,40.604516786001355
2025-10-04,0,wk inc flu hosp,2025-10-11,22,quantile,0.75,42.85506666757918
2025-10-04,0,wk inc flu hosp,2025-10-11,22,quantile,0.8,45.361160684824256
2025-10-04,0,wk inc flu hosp,2025-10-11,22,quantile,0.85,48.28231933534096
2025-10-04,0,wk inc flu hosp,2025-10-11,22,quantile,0.9,51.95780394247461
2025-10-04,0,wk inc flu hosp,2025-10-11,22,quantile,0.95,57.405425803711395
2025-10-04,0,wk inc flu hosp,2025-10-11,22,quantile,0.975,62.13042534281182
2025-10-04,0,wk inc flu hosp,2025-10-11,22,quantile,0.99,67.62425843123508
2025-10-11,0,wk inc flu hosp,2025-10-18,22,quantile,0.01,0.0
2025-10-11,0,wk inc flu hosp,2025-10-18,22,quantile,0.025,3.485539132074898
2025-10-11,0,wk inc flu hosp,2025-10-18,22,quantile,0.05,9.313465792456409
2025-10-11,0,wk inc flu hosp,2025-10-18,22,quantile,0.1,16.03269198878819
2025-10-11,0,wk inc flu hosp,2025-10-18,22,quantile,0.15,20.566122003855305
2025-10-11,0,wk inc flu hosp,2025-10-18,22,quantile,0.2,24.16914846717462
2025-10-11,0,wk inc flu hosp,2025-10-18,22,quantile,0.25,27.26022435314304
2025-10-11,0,wk inc flu hosp,2025-10-18,22,quantile,0.3,30.03610603245913
2025-10-11,0,wk inc flu hosp,2025-10-18,22,quantile,0.35,32.608374097414014
2025-10-11,0,wk inc flu hosp,2025-10-18,22,quantile,0.4,35.049204948413696
2025-10-11,0,wk inc flu hosp,2025-10-18,22,quantile,0.45,37.41073704426119
2025-10-11,0,wk inc flu hosp,2025-10-18,22,quantile,0.5,39.73482794092511
2025-10-11,0,wk inc flu hosp,2025-10-18,22,quantile,0.55,42.058918837589026
2025-10-11,0,wk inc flu hosp,2025-10-18,22,quantile,0.6,44.42045093343652
2025-10-11,0,wk inc flu hosp,2025-10-18,22,quantile,0.65,46.8612817844362
2025-10-11,0,wk inc flu hosp,2025-10-18,22,quantile,0.7,49.433549849391085
2025-10-11,0,wk inc flu hosp,2025-10-18,22,quantile,0.75,52.20943152870717
2025-10-11,0,wk inc flu hosp,2025-10-18,22,quantile,0.8,55.3005074146756
2025-10-11,0,wk inc flu hosp,2025-10-18,22,quantile,0.85,58.90353387799491
2025-10-11,0,wk inc flu hosp,2025-10-18,22,quantile,0.9,63.43696389306203
2025-10-11,0,wk inc flu hosp,2025-10-18,22,quantile,0.95,70.15619008939379
2025-10-11,0,wk inc flu hosp,2025-10-18,22,quantile,0.975,75.98411674977531
2025-10-11,0,wk inc flu hosp,2025-10-18,22,quantile,0.99,82.76034097133444
2025-10-18,0,wk inc flu hosp,2025-10-25,22,quantile,0.01,6.673145090557185
2025-10-18,0,wk inc flu hosp,2025-10-25,22,quantile,0.025,12.671855972574093
2025-10-18,0,wk inc flu hosp,2025-10-25,22,quantile,0.05,17.831078267196325
2025-10-18,0,wk inc flu hosp,2025-10-25,22,quantile,0.1,23.779331156235827
2025-10-18,0,wk inc flu hosp,2025-10-25,22,quantile,0.15,27.792589141076828
2025-10-18,0,wk inc flu hosp,2025-10-25,22,quantile,0.2,30.982199364561353
2025-10-18,0,wk inc flu hosp,2025-10-25,22,quantile,0.25,33.71860092803152
2025-10-18,0,wk inc flu hosp,2025-10-25,22,quantile,0.3,36.17597410407342
2025-10-18,0,wk inc flu hosp,2025-10-25,22,quantile,0.35,38.45309657348886
2025-10-18,0,wk inc flu hosp,2025-10-25,22,quantile,0.4,40.61386311667232
2025-10-18,0,wk inc flu hosp,2025-10-25,22,quantile,0.45,42.7044297535498
2025-10-18,0,wk inc flu hosp,2025-10-25,22,quantile,0.5,44.761851246223856
2025-10-18,0,wk inc flu hosp,2025-10-25,22,quantile,0.55,46.819272738897915
2025-10-18,0,wk inc flu hosp,2025-10-25,22,quantile,0.6,48.90983937577539
2025-10-18,0,wk inc flu hosp,2025-10-25,22,quantile,0.65,51.070605918958854
2025-10-18,0,wk inc flu hosp,2025-10-25,22,quantile,0.7,53.347728388374286
2025-10-18,0,wk inc flu hosp,2025-10-25,22,quantile,0.75,55.80510156441619
2025-10-18,0,wk inc flu hosp,2025-10-25,22,quantile,0.8,58.54150312788636
2025-10-18,0,wk inc flu hosp,2025-10-25,22,quantile,0.85,61.73111335137088
2025-10-18,0,wk inc flu hosp,2025-10-25,22,quantile,0.9,65.74437133621188
2025-10-18,0,wk inc flu hosp,2025-10-25,22,quantile,0.95,71.69262422525138
2025-10-18,0,wk inc flu hosp,2025-10-25,22,quantile,0.975,76.85184651987362
2025-10-18,0,wk inc flu hosp,2025-10-25,22,quantile,0.99,82.85055740189053
2025-10-25,0,wk inc flu hosp,2025-11-01,22,quantile,0.01,8.221675500196923
2025-10-25,0,wk inc flu hosp,2025-11-01,22,quantile,0.025,14.930603181383347
2025-10-25,0,wk inc flu hosp,2025-11-01,22,quantile,0.05,20.700651104437704
2025-10-25,0,wk inc flu hosp,2025-11-01,22,quantile,0.1,27.353146823410704
2025-10-25,0,wk inc flu hosp,2025-11-01,22,quantile,0.15,31.8415541022075
2025-10-25,0,wk inc flu hosp,2025-11-01,22,quantile,0.2,35.40879792198895
2025-10-25,0,wk inc flu hosp,2025-11-01,22,quantile,0.25,38.469175485948874
2025-10-25,0,wk inc flu hosp,2025-11-01,22,quantile,0.3,41.21748912332981
2025-10-25,0,wk inc flu hosp,2025-11-01,22,quantile,0.35,43.76421128897223
2025-10-25,0,wk inc flu hosp,2025-11-01,22,quantile,0.4,46.18080157966331
2025-10-25,0,wk inc flu hosp,2025-11-01,22,quantile,0.45,48.51888065287853
2025-10-25,0,wk inc flu hosp,2025-11-01,22,quantile,0.5,50.81989036572335
2025-10-25,0,wk inc flu hosp,2025-11-01,22,quantile,0.55,53.120900078568184
2025-10-25,0,wk inc flu hosp,2025-11-01,22,quantile,0.6,55.458979151783396
2025-10-25,0,wk inc flu hosp,2025-11-01,22,quantile,0.65,57.87556944247448
2025-10-25,0,wk inc flu hosp,2025-11-01,22,quantile,0.7,60.42229160811689
2025-10-25,0,wk inc flu hosp,2025-11-01,22,quantile,0.75,63.17060524549783
2025-10-25,0,wk inc flu hosp,2025-11-01,22,quantile,0.8,66.23098280945776
2025-10-25,0,wk inc flu hosp,2025-11-01,22,quantile,0.85,69.79822662923921
2025-10-25,0,wk inc flu hosp,2025-11-01,22,quantile,0.9,74.28663390803601
2025-10-25,0,wk inc flu hosp,2025-11-01,22,quantile,0.95,80.93912962700898
2025-10-25,0,wk inc flu hosp,2025-11-01,22,quantile,0.975,86.70917755006334
2025-10-25,0,wk inc flu hosp,2025-11-01,22,quantile,0.99,93.41810523124978
2025-11-01,0,wk inc flu hosp,2025-11-08,22,quantile,0.01,10.060702026220952
2025-11-01,0,wk inc flu hosp,2025-11-08,22,quantile,0.025,16.032086878973125
2025-11-01,0,wk inc flu hosp,2025-11-08,22,quantile,0.05,21.16780728090892
2025-11-01,0,wk inc flu hosp,2025-11-08,22,quantile,0.1,27.08896399283357
2025-11-01,0,wk inc flu hosp,2025-11-08,22,quantile,0.15,31.083940315614566
2025-11-01,0,wk inc flu hosp,2025-11-08,22,quantile,0.2,34.25902085363428
2025-11-01,0,wk inc flu hosp,2025-11-08,22,quantile,0.25,36.982957240723366
2025-11-01,0,wk inc flu hosp,2025-11-08,22,quantile,0.3,39.42913630312258
2025-11-01,0,wk inc flu hosp,2025-11-08,22,quantile,0.35,41.695885757991654
2025-11-01,0,wk inc flu hosp,2025-11-08,22,quantile,0.4,43.84680932474991
2025-11-01,0,wk inc flu hosp,2025-11-08,22,quantile,0.45,45.927852768024174
2025-11-01,0,wk inc flu hosp,2025-11-08,22,quantile,0.5,47.97590205373169
2025-11-01,0,wk inc flu hosp,2025-11-08,22,quantile,0.55,50.0239513394392
2025-11-01,0,wk inc flu hosp,2025-11-08,22,quantile,0.6,52.10499478271346
2025-11-01,0,wk inc flu hosp,2025-11-08,22,quantile,0.65,54.25591834947172
2025-11-01,0,wk inc flu hosp,2025-11-08,22,quantile,0.7,56.522667804340784
2025-11-01,0,wk inc flu hosp,2025-11-08,22,quantile,0.75,58.96884686674001
2025-11-01,0,wk inc flu hosp,2025-11-08,22,quantile,0.8,61.69278325382909
2025-11-01,0,wk inc flu hosp,2025-11-08,22,quantile,0.85,64.8678637918488
2025-11-01,0,wk inc flu hosp,2025-11-08,22,quantile,0.9,68.8628401146298
2025-11-01,0,wk inc flu hosp,2025-11-08,22,quantile,0.95,74.78399682655444
2025-11-01,0,wk inc flu hosp,2025-11-08,22,quantile,0.975,79.91971722849024
2025-11-01,0,wk inc flu hosp,2025-11-08,22,quantile,0.99,85.89110208124242
2025-11-08,0,wk inc flu hosp,2025-11-15,22,quantile,0.01,0.0
2025-11-08,0,wk inc flu hosp,2025-11-15,22,quantile,0.025,0.0
2025-11-08,0,wk inc flu hosp,2025-11-15,22,quantile,0.05,6.439796022625643
2025-11-08,0,wk inc flu hosp,2025-11-15,22,quantile,0.1,25.664712118615242
2025-11-08,0,wk inc flu hosp,2025-11-15,22,quantile,0.15,38.63567173808549
2025-11-08,0,wk inc flu hosp,2025-11-15,22,quantile,0.2,48.94457925585283
2025-11-08,0,wk inc flu hosp,2025-11-15,22,quantile,0.25,57.78870398356654
2025-11-08,0,wk inc flu hosp,2025-11-15,22,quantile,0.3,65.73100132821921
2025-11-08,0,wk inc flu hosp,2025-11-15,22,quantile,0.35,73.09072345695901
2025-11-08,0,wk inc flu hosp,2025-11-15,22,quantile,0.4,80.07438004833695
2025-11-08,0,wk inc flu hosp,2025-11-15,22,quantile,0.45,86.83114862169438
2025-11-08,0,wk inc flu hosp,2025-11-15,22,quantile,0.5,93.48079118205489
2025-11-08,0,wk inc flu hosp,2025-11-15,22,quantile,0.55,100.1304337424154
2025-11-08,0,wk inc flu hosp,2025-11-15,22,quantile,0.6,106.88720231577283
2025-11-08,0,wk inc flu hosp,2025-11-15,22,quantile,0.65,113.87085890715076
2025-11-08,0,wk inc flu hosp,2025-11-15,22,quantile,0.7,121.23058103589057
2025-11-08,0,wk inc flu hosp,2025-11-15,22,quantile,0.75,129.17287838054324
2025-11-08,0,wk inc flu hosp,2025-11-15,22,quantile,0.8,138.01700310825694
2025-11-08,0,wk inc flu hosp,2025-11-15,22,quantile,0.85,148.32591062602427
2025-11-08,0,wk inc flu hosp,2025-11-15,22,quantile,0.9,161.29687024549452
2025-11-08,0,wk inc flu hosp,2025-11-15,22,quantile,0.95,180.5217863414841
2025-11-08,0,wk inc flu hosp,2025-11-15,22,quantile,0.975,197.1965339665279
2025-11-08,0,wk inc flu hosp,2025-11-15,22,quantile,0.99,216.5845316764735
2025-09-13,0,wk inc flu hosp,2025-09-20,23,quantile,0.01,0.0
2025-09-13,0,wk inc flu hosp,2025-09-20,23,quantile,0.025,0.0
2025-09-13,0,wk inc flu hosp,2025-09-20,23,quantile,0.05,0.0
2025-09-13,0,wk inc flu hosp,2025-09-20,23,quantile,0.1,0.0
2025-09-13,0,wk inc flu hosp,2025-09-20,23,quantile,0.15,0.0
2025-09-13,0,wk inc flu hosp,2025-09-20,23,quantile,0.2,0.0
2025-09-13,0,wk inc flu hosp,2025-09-20,23,quantile,0.25,0.0
2025-09-13,0,wk inc flu hosp,2025-09-20,23,quantile,0.3,0.0
2025-09-13,0,wk inc flu hosp,2025-09-20,23,quantile,0.35,0.0
2025-09-13,0,wk inc flu hosp,2025-09-20,23,quantile,0.4,0.0
2025-09-13,0,wk inc flu hosp,2025-09-20,23,quantile,0.45,0.0
2025-09-13,0,wk inc flu hosp,2025-09-20,23,quantile,0.5,1.5601031869596693
2025-09-13,0,wk inc flu hosp,2025-09-20,23,quantile,0.55,3.2163143840583888
2025-09-13,0,wk inc flu hosp,2025-09-20,23,quantile,0.6,4.899207211126766
2025-09-13,0,wk inc flu hosp,2025-09-20,23,quantile,0.65,6.638610515641428
2025-09-13,0,wk inc flu hosp,2025-09-20,23,quantile,0.7,8.47167959965746
2025-09-13,0,wk inc flu hosp,2025-09-20,23,quantile,0.75,10.449849354422147
2025-09-13,0,wk inc flu hosp,2025-09-20,23,quantile,0.8,12.65263518382814
2025-09-13,0,wk inc flu hosp,2025-09-20,23,quantile,0.85,15.220251097886498
2025-09-13,0,wk inc flu hosp,2025-09-20,23,quantile,0.9,18.450898213709408
2025-09-13,0,wk inc flu hosp,2025-09-20,23,quantile,0.95,23.23920390268994
2025-09-13,0,wk inc flu hosp,2025-09-20,23,quantile,0.975,27.39234498880203
2025-09-13,0,wk inc flu hosp,2025-09-20,23,quantile,0.99,32.22126904074315
2025-09-20,0,wk inc flu hosp,2025-09-27,23,quantile,0.01,0.0
2025-09-20,0,wk inc flu hosp,2025-09-27,23,quantile,0.025,0.0
2025-09-20,0,wk inc flu hosp,2025-09-27,23,quantile,0.05,0.0
2025-09-20,0,wk inc flu hosp,2025-09-27,23,quantile,0.1,0.0
2025-09-20,0,wk inc flu hosp,2025-09-27,23,quantile,0.15,0.0
2025-09-20,0,wk inc flu hosp,2025-09-27,23,quantile,0.2,0.0
2025-09-20,0,wk inc flu hosp,2025-09-27,23,quantile,0.25,0.0
2025-09-20,0,wk inc flu hosp,2025-09-27,23,quantile,0.3,0.0
2025-09-20,0,wk inc flu hosp,2025-09-27,23,quantile,0.35,0.0
2025-09-20,0,wk inc flu hosp,2025-09-27,23,quantile,0.4,0.0
2025-09-20,0,wk inc flu hosp,2025-09-27,23,quantile,0.45,0.0
2025-09-20,0,wk inc flu hosp,2025-09-27,23,quantile,0.5,0.744441767826048
2025-09-20,0,wk inc flu hosp,2025-09-27,23,quantile,0.55,2.1897961643374497
2025-09-20,0,wk inc flu hosp,2025-09-27,23,quantile,0.6,3.658435279156693
2025-09-20,0,wk inc flu hosp,2025-09-27,23,quantile,0.65,5.1763903671857685
2025-09-20,0,wk inc flu hosp,2025-09-27,23,quantile,0.7,6.776086386831612
2025-09-20,0,wk inc flu hosp,2025-09-27,23,quantile,0.75,8.502409911937331
2025-09-20,0,wk inc flu hosp,2025-09-27,23,quantile,0.8,10.424753021730469
2025-09-20,0,wk inc flu hosp,2025-09-27,23,quantile,0.85,12.665478695145708
2025-09-20,0,wk inc flu hosp,2025-09-27,23,quantile,0.9,15.48482324529199
2025-09-20,0,wk inc flu hosp,2025-09-27,23,quantile,0.95,19.663516573493204
2025-09-20,0,wk inc flu hosp,2025-09-27,23,quantile,0.975,23.287909850546054
2025-09-20,0,wk inc flu hosp,2025-09-27,23,quantile,0.99,27.502050306255537
2025-09-27,0,wk inc flu hosp,2025-10-04,23,quantile,0.01,0.0
2025-09-27,0,wk inc flu hosp,2025-10-04,23,quantile,0.025,0.0
2025-09-27,0,wk inc flu hosp,2025-10-04,23,quantile,0.05,0.0
2025-09-27,0,wk inc flu hosp,2025-10-04,23,quantile,0.1,0.0
2025-09-27,0,wk inc flu hosp,2025-10-04,23,quantile,0.15,0.0
2025-09-27,0,wk inc flu hosp,2025-10-04,23,quantile,0.2,0.0
2025-09-27,0,wk inc flu hosp,2025-10-04,23,quantile,0.25,0.0
2025-09-27,0,wk inc flu hosp,2025-10-04,23,quantile,0.3,0.0
2025-09-27,0,wk inc flu hosp,2025-10-04,23,quantile,0.35,0.0
2025-09-27,0,wk inc flu hosp,2025-10-04,23,quantile,0.4,0.0
2025-09-27,0,wk inc flu hosp,2025-10-04,23,quantile,0.45,0.5986448128086175
2025-09-27,0,wk inc flu hosp,2025-10-04,23,quantile,0.5,2.1689771086604486
2025-09-27,0,wk inc flu hosp,2025-10-04,23,quantile,0.55,3.7393094045122814
2025-09-27,0,wk inc flu hosp,2025-10-04,23,quantile,0.6,5.334939817730257
2025-09-27,0,wk inc flu hosp,2025-10-04,23,quantile,0.65,6.984150491692368
2025-09-27,0,wk inc flu hosp,2025-10-04,23,quantile,0.7,8.722170128439416
2025-09-27,0,wk inc flu hosp,2025-10-04,23,quantile,0.75,10.597766584993945
2025-09-27,0,wk inc flu hosp,2025-10-04,23,quantile,0.8,12.686332182678896
2025-09-27,0,wk inc flu hosp,2025-10-04,23,quantile,0.85,15.120810466760098
2025-09-27,0,wk inc flu hosp,2025-10-04,23,quantile,0.9,18.183940043087254
2025-09-27,0,wk inc flu hosp,2025-10-04,23,quantile,0.95,22.72395950376296
2025-09-27,0,wk inc flu hosp,2025-10-04,23,quantile,0.975,26.66174931473369
2025-09-27,0,wk inc flu hosp,2025-10-04,23,quantile,0.99,31.240280969550682
2025-10-04,0,wk inc flu hosp,2025-10-11,23,quantile,0.01,0.0
2025-10-04,0,wk inc flu hosp,2025-10-11,23,quantile,0.025,0.0
2025-10-04,0,wk inc flu hosp,2025-10-11,23,quantile,0.05,0.0
2025-10-04,0,wk inc flu hosp,2025-10-11,23,quantile,0.1,0.0
2025-10-04,0,wk inc flu hosp,2025-10-11,23,quantile,0.15,0.0
2025-10-04,0,wk inc flu hosp,2025-10-11,23,quantile,0.2,0.0
2025-10-04,0,wk inc flu hosp,2025-10-11,23,quantile,0.25,0.0
2025-10-04,0,wk inc flu hosp,2025-10-11,23,quantile,0.3,0.0
2025-10-04,0,wk inc flu hosp,2025-10-11,23,quantile,0.35,0.0
2025-10-04,0,wk inc flu hosp,2025-10-11,23,quantile,0.4,0.0
2025-10-04,0,wk inc flu hosp,2025-10-11,23,quantile,0.45,0.0
2025-10-04,0,wk inc flu hosp,2025-10-11,23,quantile,0.5,1.1813595096162923
2025-10-04,0,wk inc flu hosp,2025-10-11,23,quantile,0.55,2.6328352134397157
2025-10-04,0,wk inc flu hosp,2025-10-11,23,quantile,0.6,4.107694250081567
2025-10-04,0,wk inc flu hosp,2025-10-11,23,quantile,0.65,5.632078120976701
2025-10-04,0,wk inc flu hosp,2025-10-11,23,quantile,0.7,7.2385491094230705
2025-10-04,0,wk inc flu hosp,2025-10-11,23,quantile,0.75,8.972183891091644
2025-10-04,0,wk inc flu hosp,2025-10-11,23,quantile,0.8,10.902668431777158
2025-10-04,0,wk inc flu hosp,2025-10-11,23,quantile,0.85,13.152883937223919
2025-10-04,0,wk inc flu hosp,2025-10-11,23,quantile,0.9,15.984168862998194
2025-10-04,0,wk inc flu hosp,2025-10-11,23,quantile,0.95,20.18055962657329
2025-10-04,0,wk inc flu hosp,2025-10-11,23,quantile,0.975,23.820302789524032
2025-10-04,0,wk inc flu hosp,2025-10-11,23,quantile,0.99,28.052290804868495
2025-10-11,0,wk inc flu hosp,2025-10-18,23,quantile,0.01,0.0
2025-10-11,0,wk inc flu hosp,2025-10-18,23,quantile,0.025,0.0
2025-10-11,0,wk inc flu hosp,2025-10-18,23,quantile,0.05,0.0
2025-10-11,0,wk inc flu hosp,2025-10-18,23,quantile,0.1,0.0
2025-10-11,0,wk inc flu hosp,2025-10-18,23,quantile,0.15,0.0
2025-10-11,0,wk inc flu hosp,2025-10-18,23,quantile,0.2,0.0
2025-10-11,0,wk inc flu hosp,2025-10-18,23,quantile,0.25,0.0
2025-10-11,0,wk inc flu hosp,2025-10-18,23,quantile,0.3,0.0
2025-10-11,0,wk inc flu hosp,2025-10-18,23,quantile,0.35,0.0
2025-10-11,0,wk inc flu hosp,2025-10-18,23,quantile,0.4,0.0
2025-10-11,0,wk inc flu hosp,2025-10-18,23,quantile,0.45,0.0
2025-10-11,0,wk inc flu hosp,2025-10-18,23,quantile,0.5,1.207003294661198
2025-10-11,0,wk inc flu hosp,2025-10-18,23,quantile,0.55,2.9057273719067043
2025-10-11,0,wk inc flu hosp,2025-10-18,23,quantile,0.6,4.631817963355841
2025-10-11,0,wk inc flu hosp,2025-10-18,23,quantile,0.65,6.4158695858756545
2025-10-11,0,wk inc flu hosp,2025-10-18,23,quantile,0.7,8.295991271882341
2025-10-11,0,wk inc flu hosp,2025-10-18,23,quantile,0.75,10.324938182266813
2025-10-11,0,wk inc flu hosp,2025-10-18,23,quantile,0.8,12.58426678237658
2025-10-11,0,wk inc flu hosp,2025-10-18,23,quantile,0.85,15.217790201352525
2025-10-11,0,wk inc flu hosp,2025-10-18,23,quantile,0.9,18.531364007848783
2025-10-11,0,wk inc flu hosp,2025-10-18,23,quantile,0.95,23.442579544449234
2025-10-11,0,wk inc flu hosp,2025-10-18,23,quantile,0.975,27.70232659333701
2025-10-11,0,wk inc flu hosp,2025-10-18,23,quantile,0.99,32.65520311572255
2025-10-18,0,wk inc flu hosp,2025-10-25,23,quantile,0.01,0.0
2025-10-18,0,wk inc flu hosp,2025-10-25,23,quantile,0.025,0.0
2025-10-18,0,wk inc flu hosp,2025-10-25,23,quantile,0.05,0.0
2025-10-18,0,wk inc flu hosp,2025-10-25,23,quantile,0.1,0.0
2025-10-18,0,wk inc flu hosp,2025-10-25,23,quantile,0.15,0.0
2025-10-18,0,wk inc flu hosp,2025-10-25,23,quantile,0.2,0.0
2025-10-18,0,wk inc flu hosp,2025-10-25,23,quantile,0.25,0.0
2025-10-18,0,wk inc flu hosp,2025-10-25,23,quantile,0.3,0.0
2025-10-18,0,wk inc flu hosp,2025-10-25,23,quantile,0.35,0.0
2025-10-18,0,wk inc flu hosp,2025-10-25,23,quantile,0.4,0.0
2025-10-18,0,wk inc flu hosp,2025-10-25,23,quantile,0.45,0.007782395745620896
2025-10-18,0,wk inc flu hosp,2025-10-25,23,quantile,0.5,1.7276179665856544
2025-10-18,0,wk inc flu hosp,2025-10-25,23,quantile,0.55,3.44745353742569
2025-10-18,0,wk inc flu hosp,2025-10-25,23,quantile,0.6,5.194995729492653
2025-10-18,0,wk inc flu hosp,2025-10-25,23,quantile,0.65,7.001219283820373
2025-10-18,0,wk inc flu hosp,2025-10-25,23,quantile,0.7,8.904706846288544
2025-10-18,0,wk inc flu hosp,2025-10-25,23,quantile,0.75,10.95886921118737
2025-10-18,0,wk inc flu hosp,2025-10-25,23,quantile,0.8,13.246276415649703
2025-10-18,0,wk inc flu hosp,2025-10-25,23,quantile,0.85,15.912528877285068
2025-10-18,0,wk inc flu hosp,2025-10-25,23,quantile,0.9,19.267283292879583
2025-10-18,0,wk inc flu hosp,2025-10-25,23,quantile,0.95,24.23953469559339
2025-10-18,0,wk inc flu hosp,2025-10-25,23,quantile,0.975,28.55222125581295
2025-10-18,0,wk inc flu hosp,2025-10-25,23,quantile,0.99,33.566651400930674
2025-10-25,0,wk inc flu hosp,2025-11-01,23,quantile,0.01,0.0
2025-10-25,0,wk inc flu hosp,2025-11-01,23,quantile,0.025,0.0
2025-10-25,0,wk inc flu hosp,2025-11-01,23,quantile,0.05,0.0
2025-10-25,0,wk inc flu hosp,2025-11-01,23,quantile,0.1,0.0
2025-10-25,0,wk inc flu hosp,2025-11-01,23,quantile,0.15,0.0
2025-10-25,0,wk inc flu hosp,2025-11-01,23,quantile,0.2,0.0
2025-10-25,0,wk inc flu hosp,2025-11-01,23,quantile,0.25,0.0
2025-10-25,0,wk inc flu hosp,2025-11-01,23,quantile,0.3,0.0
2025-10-25,0,wk inc flu hosp,2025-11-01,23,quantile,0.35,0.0
2025-10-25,0,wk inc flu hosp,2025-11-01,23,quantile,0.4,0.0
2025-10-25,0,wk inc flu hosp,2025-11-01,23,quantile,0.45,0.0
2025-10-25,0,wk inc flu hosp,2025-11-01,23,quantile,0.5,0.0
2025-10-25,0,wk inc flu hosp,2025-11-01,23,quantile,0.55,1.3510920040640075
2025-10-25,0,wk inc flu hosp,2025-11-01,23,quantile,0.6,3.0519736404491002
2025-10-25,0,wk inc flu hosp,2025-11-01,23,quantile,0.65,4.809969807127351
2025-10-25,0,wk inc flu hosp,2025-11-01,23,quantile,0.7,6.662632967299837
2025-10-25,0,wk inc flu hosp,2025-11-01,23,quantile,0.75,8.661947811010291
2025-10-25,0,wk inc flu hosp,2025-11-01,23,quantile,0.8,10.888279699686006
2025-10-25,0,wk inc flu hosp,2025-11-01,23,quantile,0.85,13.483341421542486
2025-10-25,0,wk inc flu hosp,2025-11-01,23,quantile,0.9,16.748521630620875
2025-10-25,0,wk inc flu hosp,2025-11-01,23,quantile,0.95,21.588010565856763
2025-10-25,0,wk inc flu hosp,2025-11-01,23,quantile,0.975,25.785545484934214
2025-10-25,0,wk inc flu hosp,2025-11-01,23,quantile,0.99,30.666086961691732
2025-11-01,0,wk inc flu hosp,2025-11-08,23,quantile,0.01,0.0
2025-11-01,0,wk inc flu hosp,2025-11-08,23,quantile,0.025,0.0
2025-11-01,0,wk inc flu hosp,2025-11-08,23,quantile,0.05,0.0
2025-11-01,0,wk inc flu hosp,2025-11-08,23,quantile,0.1,0.0
2025-11-01,0,wk inc flu hosp,2025-11-08,23,quantile,0.15,0.0
2025-11-01,0,wk inc flu hosp,2025-11-08,23,quantile,0.2,0.0
2025-11-01,0,wk inc flu hosp,2025-11-08,23,quantile,0.25,0.0
2025-11-01,0,wk inc flu hosp,2025-11-08,23,quantile,0.3,0.0
2025-11-01,0,wk inc flu hosp,2025-11-08,23,quantile,0.35,0.0
2025-11-01,0,wk inc flu hosp,2025-11-08,23,quantile,0.4,0.0
2025-11-01,0,wk inc flu hosp,2025-11-08,23,quantile,0.45,0.0
2025-11-01,0,wk inc flu hosp,2025-11-08,23,quantile,0.5,1.571627187058205
2025-11-01,0,wk inc flu hosp,2025-11-08,23,quantile,0.55,3.1991108189420894
2025-11-01,0,wk inc flu hosp,2025-11-08,23,quantile,0.6,4.852813278547746
2025-11-01,0,wk inc flu hosp,2025-11-08,23,quantile,0.65,6.562046021510307
2025-11-01,0,wk inc flu hosp,2025-11-08,23,quantile,0.7,8.36331987811415
2025-11-01,0,wk inc flu hosp,2025-11-08,23,quantile,0.75,10.307177583343387
2025-11-01,0,wk inc flu hosp,2025-11-08,23,quantile,0.8,12.47175531846803
2025-11-01,0,wk inc flu hosp,2025-11-08,23,quantile,0.85,14.99483503222357
2025-11-01,0,wk inc flu hosp,2025-11-08,23,quantile,0.9,18.16944543855647
2025-11-01,0,wk inc flu hosp,2025-11-08,23,quantile,0.95,22.874696282726315
2025-11-01,0,wk inc flu hosp,2025-11-08,23,quantile,0.975,26.95579967726459
2025-11-01,0,wk inc flu hosp,2025-11-08,23,quantile,0.99,31.70096434461597
2025-11-08,0,wk inc flu hosp,2025-11-15,23,quantile,0.01,0.0
2025-11-08,0,wk inc flu hosp,2025-11-15,23,quantile,0.025,0.0
2025-11-08,0,wk inc flu hosp,2025-11-15,23,quantile,0.05,0.0
2025-11-08,0,wk inc flu hosp,2025-11-15,23,quantile,0.1,0.0
2025-11-08,0,wk inc flu hosp,2025-11-15,23,quantile,0.15,0.0
2025-11-08,0,wk inc flu hosp,2025-11-15,23,quantile,0.2,0.0
2025-11-08,0,wk inc flu hosp,2025-11-15,23,quantile,0.25,0.0
2025-11-08,0,wk inc flu hosp,2025-11-15,23,quantile,0.3,0.0
2025-11-08,0,wk inc flu hosp,2025-11-15,23,quantile,0.35,0.0
2025-11-08,0,wk inc flu hosp,2025-11-15,23,quantile,0.4,0.0
2025-11-08,0,wk inc flu hosp,2025-11-15,23,quantile,0.45,0.9494508900684735
2025-11-08,0,wk inc flu hosp,2025-11-15,23,quantile,0.5,2.5022806738974883
2025-11-08,0,wk inc flu hosp,2025-11-15,23,quantile,0.55,4.055110457726505
2025-11-08,0,wk inc flu hosp,2025-11-15,23,quantile,0.6,5.632956392738758
2025-11-08,0,wk inc flu hosp,2025-11-15,23,quantile,0.65,7.263785396957829
2025-11-08,0,wk inc flu hosp,2025-11-15,23,quantile,0.7,8.982433522548664
2025-11-08,0,wk inc flu hosp,2025-11-15,23,quantile,0.75,10.837125072786536
2025-11-08,0,wk inc flu hosp,2025-11-15,23,quantile,0.8,12.902412065949067
2025-11-08,0,wk inc flu hosp,2025-11-15,23,quantile,0.85,15.309756293404819
2025-11-08,0,wk inc flu hosp,2025-11-15,23,quantile,0.9,18.33874503063777
2025-11-08,0,wk inc flu hosp,2025-11-15,23,quantile,0.95,22.828162624814137
2025-11-08,0,wk inc flu hosp,2025-11-15,23,quantile,0.975,26.72206286305437
2025-11-08,0,wk inc flu hosp,2025-11-15,23,quantile,0.99,31.249563404554156
2025-09-13,0,wk inc flu hosp,2025-09-20,24,quantile,0.01,0.0
2025-09-13,0,wk inc flu hosp,2025-09-20,24,quantile,0.025,0.0
2025-09-13,0,wk inc flu hosp,2025-09-20,24,quantile,0.05,0.0
2025-09-13,0,wk inc flu hosp,2025-09-20,24,quantile,0.1,0.0
2025-09-13,0,wk inc flu hosp,2025-09-20,24,quantile,0.15,0.0
2025-09-13,0,wk inc flu hosp,2025-09-20,24,quantile,0.2,0.0
2025-09-13,0,wk inc flu hosp,2025-09-20,24,quantile,0.25,0.0
2025-09-13,0,wk inc flu hosp,2025-09-20,24,quantile,0.3,0.0
2025-09-13,0,wk inc flu hosp,2025-09-20,24,quantile,0.35,0.0
2025-09-13,0,wk inc flu hosp,2025-09-20,24,quantile,0.4,0.0
2025-09-13,0,wk inc flu hosp,2025-09-20,24,quantile,0.45,0.0
2025-09-13,0,wk inc flu hosp,2025-09-20,24,quantile,0.5,0.0
2025-09-13,0,wk inc flu hosp,2025-09-20,24,quantile,0.55,4.3019850442747565
2025-09-13,0,wk inc flu hosp,2025-09-20,24,quantile,0.6,9.861239359532833
2025-09-13,0,wk inc flu hosp,2025-09-20,24,quantile,0.65,15.607169920923477
2025-09-13,0,wk inc flu hosp,2025-09-20,24,quantile,0.7,21.66251524747899
2025-09-13,0,wk inc flu hosp,2025-09-20,24,quantile,0.75,28.197184935652647
2025-09-13,0,wk inc flu hosp,2025-09-20,24,quantile,0.8,35.473849516276616
2025-09-13,0,wk inc flu hosp,2025-09-20,24,quantile,0.85,43.95569079610416
2025-09-13,0,wk inc flu hosp,2025-09-20,24,quantile,0.9,54.62778389130209
2025-09-13,0,wk inc flu hosp,2025-09-20,24,quantile,0.95,70.44543349802791
2025-09-13,0,wk inc flu hosp,2025-09-20,24,quantile,0.975,84.16488558284337
2025-09-13,0,wk inc flu hosp,2025-09-20,24,quantile,0.99,100.11671355549682
2025-09-20,0,wk inc flu hosp,2025-09-27,24,quantile,0.01,0.0
2025-09-20,0,wk inc flu hosp,2025-09-27,24,quantile,0.025,0.0
2025-09-20,0,wk inc flu hosp,2025-09-27,24,quantile,0.05,0.0
2025-09-20,0,wk inc flu hosp,2025-09-27,24,quantile,0.1,0.0
2025-09-20,0,wk inc flu hosp,2025-09-27,24,quantile,0.15,0.0
2025-09-20,0,wk inc flu hosp,2025-09-27,24,quantile,0.2,0.0
2025-09-20,0,wk inc flu hosp,2025-09-27,24,quantile,0.25,0.0
2025-09-20,0,wk inc flu hosp,2025-09-27,24,quantile,0.3,0.0
2025-09-20,0,wk inc flu hosp,2025-09-27,24,quantile,0.35,0.0
2025-09-20,0,wk inc flu hosp,2025-09-27,24,quantile,0.4,0.0
2025-09-20,0,wk inc flu hosp,2025-09-27,24,quantile,0.45,0.0
2025-09-20,0,wk inc flu hosp,2025-09-27,24,quantile,0.5,0.0
2025-09-20,0,wk inc flu hosp,2025-09-27,24,quantile,0.55,5.139201781932864
2025-09-20,0,wk inc flu hosp,2025-09-27,24,quantile,0.6,11.782849340084343
2025-09-20,0,wk inc flu hosp,2025-09-27,24,quantile,0.65,18.64958638406481
2025-09-20,0,wk inc flu hosp,2025-09-27,24,quantile,0.7,25.886092920943206
2025-09-20,0,wk inc flu hosp,2025-09-27,24,quantile,0.75,33.69542126881282
2025-09-20,0,wk inc flu hosp,2025-09-27,24,quantile,0.8,42.3914787130396
2025-09-20,0,wk inc flu hosp,2025-09-27,24,quantile,0.85,52.527795728200054
2025-09-20,0,wk inc flu hosp,2025-09-27,24,quantile,0.9,65.28159708563726
2025-09-20,0,wk inc flu hosp,2025-09-27,24,quantile,0.95,84.18465192466404
2025-09-20,0,wk inc flu hosp,2025-09-27,24,quantile,0.975,100.58023290974245
2025-09-20,0,wk inc flu hosp,2025-09-27,24,quantile,0.99,119.64363906975578
2025-09-27,0,wk inc flu hosp,2025-10-04,24,quantile,0.01,0.0
2025-09-27,0,wk inc flu hosp,2025-10-04,24,quantile,0.025,0.0
2025-09-27,0,wk inc flu hosp,2025-10-04,24,quantile,0.05,0.0
2025-09-27,0,wk inc flu hosp,2025-10-04,24,quantile,0.1,0.0
2025-09-27,0,wk inc flu hosp,2025-10-04,24,quantile,0.15,0.0
2025-09-27,0,wk inc flu hosp,2025-10-04,24,quantile,0.2,0.0
2025-09-27,0,wk inc flu hosp,2025-10-04,24,quantile,0.25,0.0
2025-09-27,0,wk inc flu hosp,2025-10-04,24,quantile,0.3,0.0
2025-09-27,0,wk inc flu hosp,2025-10-04,24,quantile,0.35,0.0
2025-09-27,0,wk inc flu hosp,2025-10-04,24,quantile,0.4,0.0
2025-09-27,0,wk inc flu hosp,2025-10-04,24,quantile,0.45,0.0
2025-09-27,0,wk inc flu hosp,2025-10-04,24,quantile,0.5,1.4661909123594554
2025-09-27,0,wk inc flu hosp,2025-10-04,24,quantile,0.55,6.70326550235159
2025-09-27,0,wk inc flu hosp,2025-10-04,24,quantile,0.6,12.024709577695864
2025-09-27,0,wk inc flu hosp,2025-10-04,24,quantile,0.65,17.524844381626377
2025-09-27,0,wk inc flu hosp,2025-10-04,24,quantile,0.7,23.32115800299136
2025-09-27,0,wk inc flu hosp,2025-10-04,24,quantile,0.75,29.57629175375758
2025-09-27,0,wk inc flu hosp,2025-10-04,24,quantile,0.8,36.54167981210752
2025-09-27,0,wk inc flu hosp,2025-10-04,24,quantile,0.85,44.66069028850689
2025-09-27,0,wk inc flu hosp,2025-10-04,24,quantile,0.9,54.876259383285245
2025-09-27,0,wk inc flu hosp,2025-10-04,24,quantile,0.95,70.01727165080466
2025-09-27,0,wk inc flu hosp,2025-10-04,24,quantile,0.975,83.14984175347709
2025-09-27,0,wk inc flu hosp,2025-10-04,24,quantile,0.99,98.41929259025663
2025-10-04,0,wk inc flu hosp,2025-10-11,24,quantile,0.01,0.0
2025-10-04,0,wk inc flu hosp,2025-10-11,24,quantile,0.025,0.0
2025-10-04,0,wk inc flu hosp,2025-10-11,24,quantile,0.05,0.0
2025-10-04,0,wk inc flu hosp,2025-10-11,24,quantile,0.1,0.0
2025-10-04,0,wk inc flu hosp,2025-10-11,24,quantile,0.15,0.0
2025-10-04,0,wk inc flu hosp,2025-10-11,24,quantile,0.2,0.0
2025-10-04,0,wk inc flu hosp,2025-10-11,24,quantile,0.25,0.0
2025-10-04,0,wk inc flu hosp,2025-10-11,24,quantile,0.3,0.0
2025-10-04,0,wk inc flu hosp,2025-10-11,24,quantile,0.35,0.0
2025-10-04,0,wk inc flu hosp,2025-10-11,24,quantile,0.4,0.0
2025-10-04,0,wk inc flu hosp,2025-10-11,24,quantile,0.45,0.0
2025-10-04,0,wk inc flu hosp,2025-10-11,24,quantile,0.5,2.586859005180229
2025-10-04,0,wk inc flu hosp,2025-10-11,24,quantile,0.55,8.413568920470837
2025-10-04,0,wk inc flu hosp,2025-10-11,24,quantile,0.6,14.334147370265178
2025-10-04,0,wk inc flu hosp,2025-10-11,24,quantile,0.65,20.45353510225183
2025-10-04,0,wk inc flu hosp,2025-10-11,24,quantile,0.7,26.902448034345873
2025-10-04,0,wk inc flu hosp,2025-10-11,24,quantile,0.75,33.861839049457075
2025-10-04,0,wk inc flu hosp,2025-10-11,24,quantile,0.8,41.61145096848367
2025-10-04,0,wk inc flu hosp,2025-10-11,24,quantile,0.85,50.64457013306209
2025-10-04,0,wk inc flu hosp,2025-10-11,24,quantile,0.9,62.010296687468625
2025-10-04,0,wk inc flu hosp,2025-10-11,24,quantile,0.95,78.85601556939592
2025-10-04,0,wk inc flu hosp,2025-10-11,24,quantile,0.975,93.4671644303873
2025-10-04,0,wk inc flu hosp,2025-10-11,24,quantile,0.99,110.45578261079771
2025-10-11,0,wk inc flu hosp,2025-10-18,24,quantile,0.01,0.0
2025-10-11,0,wk inc flu hosp,2025-10-18,24,quantile,0.025,0.0
2025-10-11,0,wk inc flu hosp,2025-10-18,24,quantile,0.05,0.0
2025-10-11,0,wk inc flu hosp,2025-10-18,24,quantile,0.1,0.0
2025-10-11,0,wk inc flu hosp,2025-10-18,24,quantile,0.15,0.0
2025-10-11,0,wk inc flu hosp,2025-10-18,24,quantile,0.2,0.0
2025-10-11,0,wk inc flu hosp,2025-10-18,24,quantile,0.25,0.0
2025-10-11,0,wk inc flu hosp,2025-10-18,24,quantile,0.3,0.0
2025-10-11,0,wk inc flu hosp,2025-10-18,24,quantile,0.35,0.0
2025-10-11,0,wk inc flu hosp,2025-10-18,24,quantile,0.4,0.0
2025-10-11,0,wk inc flu hosp,2025-10-18,24,quantile,0.45,0.0
2025-10-11,0,wk inc flu hosp,2025-10-18,24,quantile,0.5,3.861545897989015
2025-10-11,0,wk inc flu hosp,2025-10-18,24,quantile,0.55,8.633517616746598
2025-10-11,0,wk inc flu hosp,2025-10-18,24,quantile,0.6,13.48236599462145
2025-10-11,0,wk inc flu hosp,2025-10-18,24,quantile,0.65,18.494035636269633
2025-10-11,0,wk inc flu hosp,2025-10-18,24,quantile,0.7,23.775580552024707
2025-10-11,0,wk inc flu hosp,2025-10-18,24,quantile,0.75,29.475197932449923
2025-10-11,0,wk inc flu hosp,2025-10-18,24,quantile,0.8,35.821992169090265
2025-10-11,0,wk inc flu hosp,2025-10-18,24,quantile,0.85,43.219955996398014
2025-10-11,0,wk inc flu hosp,2025-10-18,24,quantile,0.9,52.52828376099636
2025-10-11,0,wk inc flu hosp,2025-10-18,24,quantile,0.95,66.32462771073429
2025-10-11,0,wk inc flu hosp,2025-10-18,24,quantile,0.975,78.29089858346752
2025-10-11,0,wk inc flu hosp,2025-10-18,24,quantile,0.99,92.20427451538846
2025-10-18,0,wk inc flu hosp,2025-10-25,24,quantile,0.01,0.0
2025-10-18,0,wk inc flu hosp,2025-10-25,24,quantile,0.025,0.0
2025-10-18,0,wk inc flu hosp,2025-10-25,24,quantile,0.05,0.0
2025-10-18,0,wk inc flu hosp,2025-10-25,24,quantile,0.1,0.0
2025-10-18,0,wk inc flu hosp,2025-10-25,24,quantile,0.15,0.0
2025-10-18,0,wk inc flu hosp,2025-10-25,24,quantile,0.2,0.0
2025-10-18,0,wk inc flu hosp,2025-10-25,24,quantile,0.25,0.0
2025-10-18,0,wk inc flu hosp,2025-10-25,24,quantile,0.3,0.0
2025-10-18,0,wk inc flu hosp,2025-10-25,24,quantile,0.35,0.0
2025-10-18,0,wk inc flu hosp,2025-10-25,24,quantile,0.4,0.0
2025-10-18,0,wk inc flu hosp,2025-10-25,24,quantile,0.45,0.0
2025-10-18,0,wk inc flu hosp,2025-10-25,24,quantile,0.5,3.059034941304542
2025-10-18,0,wk inc flu hosp,2025-10-25,24,quantile,0.55,7.099566581315106
2025-10-18,0,wk inc flu hosp,2025-10-25,24,quantile,0.6,11.205191350926722
2025-10-18,0,wk inc flu hosp,2025-10-25,24,quantile,0.65,15.448680405306968
2025-10-18,0,wk inc flu hosp,2025-10-25,24,quantile,0.7,19.920678689865408
2025-10-18,0,wk inc flu hosp,2025-10-25,24,quantile,0.75,24.746667970363095
2025-10-18,0,wk inc flu hosp,2025-10-25,24,quantile,0.8,30.120635889112354
2025-10-18,0,wk inc flu hosp,2025-10-25,24,quantile,0.85,36.38465183002683
2025-10-18,0,wk inc flu hosp,2025-10-25,24,quantile,0.9,44.26621422500277
2025-10-18,0,wk inc flu hosp,2025-10-25,24,quantile,0.95,55.947876969621454
2025-10-18,0,wk inc flu hosp,2025-10-25,24,quantile,0.975,66.07997726773549
2025-10-18,0,wk inc flu hosp,2025-10-25,24,quantile,0.99,77.86073352228526
2025-10-25,0,wk inc flu hosp,2025-11-01,24,quantile,0.01,0.0
2025-10-25,0,wk inc flu hosp,2025-11-01,24,quantile,0.025,0.0
2025-10-25,0,wk inc flu hosp,2025-11-01,24,quantile,0.05,0.0
2025-10-25,0,wk inc flu hosp,2025-11-01,24,quantile,0.1,0.0
2025-10-25,0,wk inc flu hosp,2025-11-01,24,quantile,0.15,0.0
2025-10-25,0,wk inc flu hosp,2025-11-01,24,quantile,0.2,0.0
2025-10-25,0,wk inc flu hosp,2025-11-01,24,quantile,0.25,0.0
2025-10-25,0,wk inc flu hosp,2025-11-01,24,quantile,0.3,0.0
2025-10-25,0,wk inc flu hosp,2025-11-01,24,quantile,0.35,0.766108912883281
2025-10-25,0,wk inc flu hosp,2025-11-01,24,quantile,0.4,5.313876153151652
2025-10-25,0,wk inc flu hosp,2025-11-01,24,quantile,0.45,9.71389358899279
2025-10-25,0,wk inc flu hosp,2025-11-01,24,quantile,0.5,14.0441504107325
2025-10-25,0,wk inc flu hosp,2025-11-01,24,quantile,0.55,18.374407232472215
2025-10-25,0,wk inc flu hosp,2025-11-01,24,quantile,0.6,22.77442466831335
2025-10-25,0,wk inc flu hosp,2025-11-01,24,quantile,0.65,27.322191908581722
2025-10-25,0,wk inc flu hosp,2025-11-01,24,quantile,0.7,32.11485356893364
2025-10-25,0,wk inc flu hosp,2025-11-01,24,quantile,0.75,37.286889049755466
2025-10-25,0,wk inc flu hosp,2025-11-01,24,quantile,0.8,43.046195822542806
2025-10-25,0,wk inc flu hosp,2025-11-01,24,quantile,0.85,49.75937125991182
2025-10-25,0,wk inc flu hosp,2025-11-01,24,quantile,0.9,58.206078863647484
2025-10-25,0,wk inc flu hosp,2025-11-01,24,quantile,0.95,70.72537194088608
2025-10-25,0,wk inc flu hosp,2025-11-01,24,quantile,0.975,81.58399163340371
2025-10-25,0,wk inc flu hosp,2025-11-01,24,quantile,0.99,94.20948369275648
2025-11-01,0,wk inc flu hosp,2025-11-08,24,quantile,0.01,0.0
2025-11-01,0,wk inc flu hosp,2025-11-08,24,quantile,0.025,0.0
2025-11-01,0,wk inc flu hosp,2025-11-08,24,quantile,0.05,0.0
2025-11-01,0,wk inc flu hosp,2025-11-08,24,quantile,0.1,0.0
2025-11-01,0,wk inc flu hosp,2025-11-08,24,quantile,0.15,0.0
2025-11-01,0,wk inc flu hosp,2025-11-08,24,quantile,0.2,0.0
2025-11-01,0,wk inc flu hosp,2025-11-08,24,quantile,0.25,0.0
2025-11-01,0,wk inc flu hosp,2025-11-08,24,quantile,0.3,0.0
2025-11-01,0,wk inc flu hosp,2025-11-08,24,quantile,0.35,0.3444935861535825
2025-11-01,0,wk inc flu hosp,2025-11-08,24,quantile,0.4,5.0297699986480975
2025-11-01,0,wk inc flu hosp,2025-11-08,24,quantile,0.45,9.562829149998716
2025-11-01,0,wk inc flu hosp,2025-11-08,24,quantile,0.5,14.024018361112187
2025-11-01,0,wk inc flu hosp,2025-11-08,24,quantile,0.55,18.48520757222566
2025-11-01,0,wk inc flu hosp,2025-11-08,24,quantile,0.6,23.018266723576275
2025-11-01,0,wk inc flu hosp,2025-11-08,24,quantile,0.65,27.70354313607079
2025-11-01,0,wk inc flu hosp,2025-11-08,24,quantile,0.7,32.64111875152568
2025-11-01,0,wk inc flu hosp,2025-11-08,24,quantile,0.75,37.96953917469783
2025-11-01,0,wk inc flu hosp,2025-11-08,24,quantile,0.8,43.90298799677696
2025-11-01,0,wk inc flu hosp,2025-11-08,24,quantile,0.85,50.81914726085279
2025-11-01,0,wk inc flu hosp,2025-11-08,24,quantile,0.9,59.521254868428
2025-11-01,0,wk inc flu hosp,2025-11-08,24,quantile,0.95,72.41908922470664
2025-11-01,0,wk inc flu hosp,2025-11-08,24,quantile,0.975,83.60603702342448
2025-11-01,0,wk inc flu hosp,2025-11-08,24,quantile,0.99,96.61328146153946
2025-11-08,0,wk inc flu hosp,2025-11-15,24,quantile,0.01,0.0
2025-11-08,0,wk inc flu hosp,2025-11-15,24,quantile,0.025,0.0
2025-11-08,0,wk inc flu hosp,2025-11-15,24,quantile,0.05,0.0
2025-11-08,0,wk inc flu hosp,2025-11-15,24,quantile,0.1,0.0
2025-11-08,0,wk inc flu hosp,2025-11-15,24,quantile,0.15,0.0
2025-11-08,0,wk inc flu hosp,2025-11-15,24,quantile,0.2,0.0
2025-11-08,0,wk inc flu hosp,2025-11-15,24,quantile,0.25,0.0
2025-11-08,0,wk inc flu hosp,2025-11-15,24,quantile,0.3,0.0
2025-11-08,0,wk inc flu hosp,2025-11-15,24,quantile,0.35,0.19654028519221356
2025-11-08,0,wk inc flu hosp,2025-11-15,24,quantile,0.4,4.698274122480376
2025-11-08,0,wk inc flu hosp,2025-11-15,24,quantile,0.45,9.053753708197927
2025-11-08,0,wk inc flu hosp,2025-11-15,24,quantile,0.5,13.34017881060119
2025-11-08,0,wk inc flu hosp,2025-11-15,24,quantile,0.55,17.626603913004455
2025-11-08,0,wk inc flu hosp,2025-11-15,24,quantile,0.6,21.982083498722005
2025-11-08,0,wk inc flu hosp,2025-11-15,24,quantile,0.65,26.483817336010166
2025-11-08,0,wk inc flu hosp,2025-11-15,24,quantile,0.7,31.2279667234372
2025-11-08,0,wk inc flu hosp,2025-11-15,24,quantile,0.75,36.34764983419741
2025-11-08,0,wk inc flu hosp,2025-11-15,24,quantile,0.8,42.048659760301206
2025-11-08,0,wk inc flu hosp,2025-11-15,24,quantile,0.85,48.693883102970005
2025-11-08,0,wk inc flu hosp,2025-11-15,24,quantile,0.9,57.05509145521895
2025-11-08,0,wk inc flu hosp,2025-11-15,24,quantile,0.95,69.44766176218273
2025-11-08,0,wk inc flu hosp,2025-11-15,24,quantile,0.975,80.19636835015788
2025-11-08,0,wk inc flu hosp,2025-11-15,24,quantile,0.99,92.69406267205271
2025-09-13,0,wk inc flu hosp,2025-09-20,25,quantile,0.01,0.0
2025-09-13,0,wk inc flu hosp,2025-09-20,25,quantile,0.025,0.0
2025-09-13,0,wk inc flu hosp,2025-09-20,25,quantile,0.05,0.0
2025-09-13,0,wk inc flu hosp,2025-09-20,25,quantile,0.1,0.0
2025-09-13,0,wk inc flu hosp,2025-09-20,25,quantile,0.15,0.0
2025-09-13,0,wk inc flu hosp,2025-09-20,25,quantile,0.2,0.0
2025-09-13,0,wk inc flu hosp,2025-09-20,25,quantile,0.25,0.0
2025-09-13,0,wk inc flu hosp,2025-09-20,25,quantile,0.3,0.0
2025-09-13,0,wk inc flu hosp,2025-09-20,25,quantile,0.35,0.0
2025-09-13,0,wk inc flu hosp,2025-09-20,25,quantile,0.4,0.0
2025-09-13,0,wk inc flu hosp,2025-09-20,25,quantile,0.45,4.847018868782289
2025-09-13,0,wk inc flu hosp,2025-09-20,25,quantile,0.5,12.598453602907016
2025-09-13,0,wk inc flu hosp,2025-09-20,25,quantile,0.55,20.34988833703175
2025-09-13,0,wk inc flu hosp,2025-09-20,25,quantile,0.6,28.22619900103317
2025-09-13,0,wk inc flu hosp,2025-09-20,25,quantile,0.65,36.366991198842854
2025-09-13,0,wk inc flu hosp,2025-09-20,25,quantile,0.7,44.94615996233307
2025-09-13,0,wk inc flu hosp,2025-09-20,25,quantile,0.75,54.2044319592492
2025-09-13,0,wk inc flu hosp,2025-09-20,25,quantile,0.8,64.51395686754967
2025-09-13,0,wk inc flu hosp,2025-09-20,25,quantile,0.85,76.53096726754461
2025-09-13,0,wk inc flu hosp,2025-09-20,25,quantile,0.9,91.65111034540652
2025-09-13,0,wk inc flu hosp,2025-09-20,25,quantile,0.95,114.06144007883027
2025-09-13,0,wk inc flu hosp,2025-09-20,25,quantile,0.975,133.49905898093877
2025-09-13,0,wk inc flu hosp,2025-09-20,25,quantile,0.99,156.09949163725514
2025-09-20,0,wk inc flu hosp,2025-09-27,25,quantile,0.01,0.0
2025-09-20,0,wk inc flu hosp,2025-09-27,25,quantile,0.025,0.0
2025-09-20,0,wk inc flu hosp,2025-09-27,25,quantile,0.05,0.0
2025-09-20,0,wk inc flu hosp,2025-09-27,25,quantile,0.1,0.0
2025-09-20,0,wk inc flu hosp,2025-09-27,25,quantile,0.15,0.0
2025-09-20,0,wk inc flu hosp,2025-09-27,25,quantile,0.2,0.0
2025-09-20,0,wk inc flu hosp,2025-09-27,25,quantile,0.25,0.0
2025-09-20,0,wk inc flu hosp,2025-09-27,25,quantile,0.3,0.0
2025-09-20,0,wk inc flu hosp,2025-09-27,25,quantile,0.35,0.0
2025-09-20,0,wk inc flu hosp,2025-09-27,25,quantile,0.4,0.0
2025-09-20,0,wk inc flu hosp,2025-09-27,25,quantile,0.45,5.687418164713849
2025-09-20,0,wk inc flu hosp,2025-09-27,25,quantile,0.5,13.696014676662957
2025-09-20,0,wk inc flu hosp,2025-09-27,25,quantile,0.55,21.704611188612073
2025-09-20,0,wk inc flu hosp,2025-09-27,25,quantile,0.6,29.842226517172534
2025-09-20,0,wk inc flu hosp,2025-09-27,25,quantile,0.65,38.25309782501732
2025-09-20,0,wk inc flu hosp,2025-09-27,25,quantile,0.7,47.11688928961368
2025-09-20,0,wk inc flu hosp,2025-09-27,25,quantile,0.75,56.68231393219773
2025-09-20,0,wk inc flu hosp,2025-09-27,25,quantile,0.8,67.3338678770418
2025-09-20,0,wk inc flu hosp,2025-09-27,25,quantile,0.85,79.74955489170164
2025-09-20,0,wk inc flu hosp,2025-09-27,25,quantile,0.9,95.37132418564252
2025-09-20,0,wk inc flu hosp,2025-09-27,25,quantile,0.95,118.52513953605877
2025-09-20,0,wk inc flu hosp,2025-09-27,25,quantile,0.975,138.6076213319401
2025-09-20,0,wk inc flu hosp,2025-09-27,25,quantile,0.99,161.95784646421092
2025-09-27,0,wk inc flu hosp,2025-10-04,25,quantile,0.01,0.0
2025-09-27,0,wk inc flu hosp,2025-10-04,25,quantile,0.025,0.0
2025-09-27,0,wk inc flu hosp,2025-10-04,25,quantile,0.05,0.0
2025-09-27,0,wk inc flu hosp,2025-10-04,25,quantile,0.1,0.0
2025-09-27,0,wk inc flu hosp,2025-10-04,25,quantile,0.15,0.0
2025-09-27,0,wk inc flu hosp,2025-10-04,25,quantile,0.2,0.0
2025-09-27,0,wk inc flu hosp,2025-10-04,25,quantile,0.25,0.0
2025-09-27,0,wk inc flu hosp,2025-10-04,25,quantile,0.3,0.0
2025-09-27,0,wk inc flu hosp,2025-10-04,25,quantile,0.35,0.0
2025-09-27,0,wk inc flu hosp,2025-10-04,25,quantile,0.4,0.0
2025-09-27,0,wk inc flu hosp,2025-10-04,25,quantile,0.45,6.194570462541543
2025-09-27,0,wk inc flu hosp,2025-10-04,25,quantile,0.5,14.092807278075645
2025-09-27,0,wk inc flu hosp,2025-10-04,25,quantile,0.55,21.991044093609755
2025-09-27,0,wk inc flu hosp,2025-10-04,25,quantile,0.6,30.01652182654255
2025-09-27,0,wk inc flu hosp,2025-10-04,25,quantile,0.65,38.31149002917602
2025-09-27,0,wk inc flu hosp,2025-10-04,25,quantile,0.7,47.05313707887281
2025-09-27,0,wk inc flu hosp,2025-10-04,25,quantile,0.75,56.48674869303657
2025-09-27,0,wk inc flu hosp,2025-10-04,25,quantile,0.8,66.9915225799832
2025-09-27,0,wk inc flu hosp,2025-10-04,25,quantile,0.85,79.23611951067174
2025-09-27,0,wk inc flu hosp,2025-10-04,25,quantile,0.9,94.64261841183252
2025-09-27,0,wk inc flu hosp,2025-10-04,25,quantile,0.95,117.4773706119067
2025-09-27,0,wk inc flu hosp,2025-10-04,25,quantile,0.975,137.28311270802334
2025-09-27,0,wk inc flu hosp,2025-10-04,25,quantile,0.99,160.31156813283357
2025-10-04,0,wk inc flu hosp,2025-10-11,25,quantile,0.01,0.0
2025-10-04,0,wk inc flu hosp,2025-10-11,25,quantile,0.025,0.0
2025-10-04,0,wk inc flu hosp,2025-10-11,25,quantile,0.05,0.0
2025-10-04,0,wk inc flu hosp,2025-10-11,25,quantile,0.1,0.0
2025-10-04,0,wk inc flu hosp,2025-10-11,25,quantile,0.15,0.0
2025-10-04,0,wk inc flu hosp,2025-10-11,25,quantile,0.2,0.0
2025-10-04,0,wk inc flu hosp,2025-10-11,25,quantile,0.25,0.0
2025-10-04,0,wk inc flu hosp,2025-10-11,25,quantile,0.3,0.0
2025-10-04,0,wk inc flu hosp,2025-10-11,25,quantile,0.35,0.0
2025-10-04,0,wk inc flu hosp,2025-10-11,25,quantile,0.4,2.496991908947223
2025-10-04,0,wk inc flu hosp,2025-10-11,25,quantile,0.45,10.816395195986921
2025-10-04,0,wk inc flu hosp,2025-10-11,25,quantile,0.5,19.003897487013777
2025-10-04,0,wk inc flu hosp,2025-10-11,25,quantile,0.55,27.19139977804064
2025-10-04,0,wk inc flu hosp,2025-10-11,25,quantile,0.6,35.51080306508033
2025-10-04,0,wk inc flu hosp,2025-10-11,25,quantile,0.65,44.10956665614947
2025-10-04,0,wk inc flu hosp,2025-10-11,25,quantile,0.7,53.17136828584657
2025-10-04,0,wk inc flu hosp,2025-10-11,25,quantile,0.75,62.95047702967578
2025-10-04,0,wk inc flu hosp,2025-10-11,25,quantile,0.8,73.83997835444437
2025-10-04,0,wk inc flu hosp,2025-10-11,25,quantile,0.85,86.53302210131429
2025-10-04,0,wk inc flu hosp,2025-10-11,25,quantile,0.9,102.50376949671593
2025-10-04,0,wk inc flu hosp,2025-10-11,25,quantile,0.95,126.17482296341237
2025-10-04,0,wk inc flu hosp,2025-10-11,25,quantile,0.975,146.70593168738853
2025-10-04,0,wk inc flu hosp,2025-10-11,25,quantile,0.99,170.5777825767688
2025-10-11,0,wk inc flu hosp,2025-10-18,25,quantile,0.01,0.0
2025-10-11,0,wk inc flu hosp,2025-10-18,25,quantile,0.025,0.0
2025-10-11,0,wk inc flu hosp,2025-10-18,25,quantile,0.05,0.0
2025-10-11,0,wk inc flu hosp,2025-10-18,25,quantile,0.1,0.0
2025-10-11,0,wk inc flu hosp,2025-10-18,25,quantile,0.15,0.0
2025-10-11,0,wk inc flu hosp,2025-10-18,25,quantile,0.2,0.0
2025-10-11,0,wk inc flu hosp,2025-10-18,25,quantile,0.25,0.0
2025-10-11,0,wk inc flu hosp,2025-10-18,25,quantile,0.3,0.0
2025-10-11,0,wk inc flu hosp,2025-10-18,25,quantile,0.35,0.0
2025-10-11,0,wk inc flu hosp,2025-10-18,25,quantile,0.4,0.0
2025-10-11,0,wk inc flu hosp,2025-10-18,25,quantile,0.45,1.978375367509468
2025-10-11,0,wk inc flu hosp,2025-10-18,25,quantile,0.5,10.39490531882122
2025-10-11,0,wk inc flu hosp,2025-10-18,25,quantile,0.55,18.811435270132982
2025-10-11,0,wk inc flu hosp,2025-10-18,25,quantile,0.6,27.363555862410603
2025-10-11,0,wk inc flu hosp,2025-10-18,25,quantile,0.65,36.202851258736615
2025-10-11,0,wk inc flu hosp,2025-10-18,25,quantile,0.7,45.518137180888814
2025-10-11,0,wk inc flu hosp,2025-10-18,25,quantile,0.75,55.57079533156525
2025-10-11,0,wk inc flu hosp,2025-10-18,25,quantile,0.8,66.76490689293975
2025-10-11,0,wk inc flu hosp,2025-10-18,25,quantile,0.85,79.81301107312709
2025-10-11,0,wk inc flu hosp,2025-10-18,25,quantile,0.9,96.23050556904296
2025-10-11,0,wk inc flu hosp,2025-10-18,25,quantile,0.95,120.56370553649796
2025-10-11,0,wk inc flu hosp,2025-10-18,25,quantile,0.975,141.66912760134008
2025-10-11,0,wk inc flu hosp,2025-10-18,25,quantile,0.99,166.2087418648884
2025-10-18,0,wk inc flu hosp,2025-10-25,25,quantile,0.01,0.0
2025-10-18,0,wk inc flu hosp,2025-10-25,25,quantile,0.025,0.0
2025-10-18,0,wk inc flu hosp,2025-10-25,25,quantile,0.05,0.0
2025-10-18,0,wk inc flu hosp,2025-10-25,25,quantile,0.1,0.0
2025-10-18,0,wk inc flu hosp,2025-10-25,25,quantile,0.15,0.0
2025-10-18,0,wk inc flu hosp,2025-10-25,25,quantile,0.2,0.0
2025-10-18,0,wk inc flu hosp,2025-10-25,25,quantile,0.25,0.0
2025-10-18,0,wk inc flu hosp,2025-10-25,25,quantile,0.3,0.0
2025-10-18,0,wk inc flu hosp,2025-10-25,25,quantile,0.35,0.0
2025-10-18,0,wk inc flu hosp,2025-10-25,25,quantile,0.4,0.0
2025-10-18,0,wk inc flu hosp,2025-10-25,25,quantile,0.45,3.815871940483463
2025-10-18,0,wk inc flu hosp,2025-10-25,25,quantile,0.5,11.89437352068466
2025-10-18,0,wk inc flu hosp,2025-10-25,25,quantile,0.55,19.972875100885865
2025-10-18,0,wk inc flu hosp,2025-10-25,25,quantile,0.6,28.181521671200542
2025-10-18,0,wk inc flu hosp,2025-10-25,25,quantile,0.65,36.66580940500175
2025-10-18,0,wk inc flu hosp,2025-10-25,25,quantile,0.7,45.60697072415134
2025-10-18,0,wk inc flu hosp,2025-10-25,25,quantile,0.75,55.25588960464616
2025-10-18,0,wk inc flu hosp,2025-10-25,25,quantile,0.8,66.00041834281313
2025-10-18,0,wk inc flu hosp,2025-10-25,25,quantile,0.85,78.52447883425651
2025-10-18,0,wk inc flu hosp,2025-10-25,25,quantile,0.9,94.28260670826594
2025-10-18,0,wk inc flu hosp,2025-10-25,25,quantile,0.95,117.63852601534327
2025-10-18,0,wk inc flu hosp,2025-10-25,25,quantile,0.975,137.89630285306094
2025-10-18,0,wk inc flu hosp,2025-10-25,25,quantile,0.99,161.45034635464748
2025-10-25,0,wk inc flu hosp,2025-11-01,25,quantile,0.01,0.0
2025-10-25,0,wk inc flu hosp,2025-11-01,25,quantile,0.025,0.0
2025-10-25,0,wk inc flu hosp,2025-11-01,25,quantile,0.05,0.0
2025-10-25,0,wk inc flu hosp,2025-11-01,25,quantile,0.1,0.0
2025-10-25,0,wk inc flu hosp,2025-11-01,25,quantile,0.15,0.0
2025-10-25,0,wk inc flu hosp,2025-11-01,25,quantile,0.2,0.0
2025-10-25,0,wk inc flu hosp,2025-11-01,25,quantile,0.25,0.0
2025-10-25,0,wk inc flu hosp,2025-11-01,25,quantile,0.3,0.0
2025-10-25,0,wk inc flu hosp,2025-11-01,25,quantile,0.35,0.0
2025-10-25,0,wk inc flu hosp,2025-11-01,25,quantile,0.4,0.04089902781957022
2025-10-25,0,wk inc flu hosp,2025-11-01,25,quantile,0.45,8.13030926207372
2025-10-25,0,wk inc flu hosp,2025-11-01,25,quantile,0.5,16.091464953274667
2025-10-25,0,wk inc flu hosp,2025-11-01,25,quantile,0.55,24.052620644475624
2025-10-25,0,wk inc flu hosp,2025-11-01,25,quantile,0.6,32.14203087872976
2025-10-25,0,wk inc flu hosp,2025-11-01,25,quantile,0.65,40.503078395669874
2025-10-25,0,wk inc flu hosp,2025-11-01,25,quantile,0.7,49.314363089399
2025-10-25,0,wk inc flu hosp,2025-11-01,25,quantile,0.75,58.82312467058749
2025-10-25,0,wk inc flu hosp,2025-11-01,25,quantile,0.8,69.41158160952887
2025-10-25,0,wk inc flu hosp,2025-11-01,25,quantile,0.85,81.75372135766717
2025-10-25,0,wk inc flu hosp,2025-11-01,25,quantile,0.9,97.28295139635436
2025-10-25,0,wk inc flu hosp,2025-11-01,25,quantile,0.95,120.29960963040995
2025-10-25,0,wk inc flu hosp,2025-11-01,25,quantile,0.975,140.26312808263486
2025-10-25,0,wk inc flu hosp,2025-11-01,25,quantile,0.99,163.4750326186218
2025-11-01,0,wk inc flu hosp,2025-11-08,25,quantile,0.01,0.0
2025-11-01,0,wk inc flu hosp,2025-11-08,25,quantile,0.025,0.0
2025-11-01,0,wk inc flu hosp,2025-11-08,25,quantile,0.05,0.0
2025-11-01,0,wk inc flu hosp,2025-11-08,25,quantile,0.1,0.0
2025-11-01,0,wk inc flu hosp,2025-11-08,25,quantile,0.15,0.0
2025-11-01,0,wk inc flu hosp,2025-11-08,25,quantile,0.2,0.0
2025-11-01,0,wk inc flu hosp,2025-11-08,25,quantile,0.25,0.0
2025-11-01,0,wk inc flu hosp,2025-11-08,25,quantile,0.3,0.0
2025-11-01,0,wk inc flu hosp,2025-11-08,25,quantile,0.35,0.0
2025-11-01,0,wk inc flu hosp,2025-11-08,25,quantile,0.4,0.0
2025-11-01,0,wk inc flu hosp,2025-11-08,25,quantile,0.45,3.1179854527527784
2025-11-01,0,wk inc flu hosp,2025-11-08,25,quantile,0.5,11.20217799482937
2025-11-01,0,wk inc flu hosp,2025-11-08,25,quantile,0.55,19.28637053690597
2025-11-01,0,wk inc flu hosp,2025-11-08,25,quantile,0.6,27.500799750724084
2025-11-01,0,wk inc flu hosp,2025-11-08,25,quantile,0.65,35.99106430554261
2025-11-01,0,wk inc flu hosp,2025-11-08,25,quantile,0.7,44.938524293781235
2025-11-01,0,wk inc flu hosp,2025-11-08,25,quantile,0.75,54.59424042856171
2025-11-01,0,wk inc flu hosp,2025-11-08,25,quantile,0.8,65.34633823171072
2025-11-01,0,wk inc flu hosp,2025-11-08,25,quantile,0.85,77.87922139281312
2025-11-01,0,wk inc flu hosp,2025-11-08,25,quantile,0.9,93.64845019984438
2025-11-01,0,wk inc flu hosp,2025-11-08,25,quantile,0.95,117.02082276189998
2025-11-01,0,wk inc flu hosp,2025-11-08,25,quantile,0.975,137.2928703445719
2025-11-01,0,wk inc flu hosp,2025-11-08,25,quantile,0.99,160.86350667123224
2025-11-08,0,wk inc flu hosp,2025-11-15,25,quantile,0.01,0.0
2025-11-08,0,wk inc flu hosp,2025-11-15,25,quantile,0.025,0.0
2025-11-08,0,wk inc flu hosp,2025-11-15,25,quantile,0.05,0.0
2025-11-08,0,wk inc flu hosp,2025-11-15,25,quantile,0.1,0.0
2025-11-08,0,wk inc flu hosp,2025-11-15,25,quantile,0.15,0.0
2025-11-08,0,wk inc flu hosp,2025-11-15,25,quantile,0.2,0.0
2025-11-08,0,wk inc flu hosp,2025-11-15,25,quantile,0.25,0.0
2025-11-08,0,wk inc flu hosp,2025-11-15,25,quantile,0.3,0.0
2025-11-08,0,wk inc flu hosp,2025-11-15,25,quantile,0.35,0.0
2025-11-08,0,wk inc flu hosp,2025-11-15,25,quantile,0.4,2.927383597450577
2025-11-08,0,wk inc flu hosp,2025-11-15,25,quantile,0.45,10.867778245432513
2025-11-08,0,wk inc flu hosp,2025-11-15,25,quantile,0.5,18.682280936182917
2025-11-08,0,wk inc flu hosp,2025-11-15,25,quantile,0.55,26.49678362693333
2025-11-08,0,wk inc flu hosp,2025-11-15,25,quantile,0.6,34.437178274915254
2025-11-08,0,wk inc flu hosp,2025-11-15,25,quantile,0.65,42.64420635638269
2025-11-08,0,wk inc flu hosp,2025-11-15,25,quantile,0.7,51.29317776441795
2025-11-08,0,wk inc flu hosp,2025-11-15,25,quantile,0.75,60.626777789855
2025-11-08,0,wk inc flu hosp,2025-11-15,25,quantile,0.8,71.02018403007013
2025-11-08,0,wk inc flu hosp,2025-11-15,25,quantile,0.85,83.13496836697777
2025-11-08,0,wk inc flu hosp,2025-11-15,25,quantile,0.9,98.37813338342488
2025-11-08,0,wk inc flu hosp,2025-11-15,25,quantile,0.95,120.9708001618053
2025-11-08,0,wk inc flu hosp,2025-11-15,25,quantile,0.975,140.56656925776468
2025-11-08,0,wk inc flu hosp,2025-11-15,25,quantile,0.99,163.35088569242407
2025-09-13,0,wk inc flu hosp,2025-09-20,26,quantile,0.01,0.0
2025-09-13,0,wk inc flu hosp,2025-09-20,26,quantile,0.025,0.0
2025-09-13,0,wk inc flu hosp,2025-09-20,26,quantile,0.05,0.0
2025-09-13,0,wk inc flu hosp,2025-09-20,26,quantile,0.1,0.0
2025-09-13,0,wk inc flu hosp,2025-09-20,26,quantile,0.15,0.0
2025-09-13,0,wk inc flu hosp,2025-09-20,26,quantile,0.2,0.0
2025-09-13,0,wk inc flu hosp,2025-09-20,26,quantile,0.25,0.0
2025-09-13,0,wk inc flu hosp,2025-09-20,26,quantile,0.3,0.0
2025-09-13,0,wk inc flu hosp,2025-09-20,26,quantile,0.35,0.0
2025-09-13,0,wk inc flu hosp,2025-09-20,26,quantile,0.4,1.6293265527048426
2025-09-13,0,wk inc flu hosp,2025-09-20,26,quantile,0.45,13.573195514360297
2025-09-13,0,wk inc flu hosp,2025-09-20,26,quantile,0.5,25.327698946069216
2025-09-13,0,wk inc flu hosp,2025-09-20,26,quantile,0.55,37.082202377778145
2025-09-13,0,wk inc flu hosp,2025-09-20,26,quantile,0.6,49.026071339433585
2025-09-13,0,wk inc flu hosp,2025-09-20,26,quantile,0.65,61.371007871597826
2025-09-13,0,wk inc flu hosp,2025-09-20,26,quantile,0.7,74.38071151106772
2025-09-13,0,wk inc flu hosp,2025-09-20,26,quantile,0.75,88.420227251341
2025-09-13,0,wk inc flu hosp,2025-09-20,26,quantile,0.8,104.05389380089109
2025-09-13,0,wk inc flu hosp,2025-09-20,26,quantile,0.85,122.2768415300088
2025-09-13,0,wk inc flu hosp,2025-09-20,26,quantile,0.9,145.20547084739496
2025-09-13,0,wk inc flu hosp,2025-09-20,26,quantile,0.95,179.1891534548965
2025-09-13,0,wk inc flu hosp,2025-09-20,26,quantile,0.975,208.66492999510672
2025-09-13,0,wk inc flu hosp,2025-09-20,26,quantile,0.99,242.9368902616695
2025-09-20,0,wk inc flu hosp,2025-09-27,26,quantile,0.01,0.0
2025-09-20,0,wk inc flu hosp,2025-09-27,26,quantile,0.025,0.0
2025-09-20,0,wk inc flu hosp,2025-09-27,26,quantile,0.05,0.0
2025-09-20,0,wk inc flu hosp,2025-09-27,26,quantile,0.1,0.0
2025-09-20,0,wk inc flu hosp,2025-09-27,26,quantile,0.15,0.0
2025-09-20,0,wk inc flu hosp,2025-09-27,26,quantile,0.2,0.0
2025-09-20,0,wk inc flu hosp,2025-09-27,26,quantile,0.25,0.0
2025-09-20,0,wk inc flu hosp,2025-09-27,26,quantile,0.3,0.0
2025-09-20,0,wk inc flu hosp,2025-09-27,26,quantile,0.35,0.0
2025-09-20,0,wk inc flu hosp,2025-09-27,26,quantile,0.4,0.0
2025-09-20,0,wk inc flu hosp,2025-09-27,26,quantile,0.45,11.471214590994348
2025-09-20,0,wk inc flu hosp,2025-09-27,26,quantile,0.5,23.171017294812007
2025-09-20,0,wk inc flu hosp,2025-09-27,26,quantile,0.55,34.87081999862968
2025-09-20,0,wk inc flu hosp,2025-09-27,26,quantile,0.6,46.75910700143538
2025-09-20,0,wk inc flu hosp,2025-09-27,26,quantile,0.65,59.04659516770275
2025-09-20,0,wk inc flu hosp,2025-09-27,26,quantile,0.7,71.99575688272104
2025-09-20,0,wk inc flu hosp,2025-09-27,26,quantile,0.75,85.96993836751552
2025-09-20,0,wk inc flu hosp,2025-09-27,26,quantile,0.8,101.53085212535152
2025-09-20,0,wk inc flu hosp,2025-09-27,26,quantile,0.85,119.66899759030738
2025-09-20,0,wk inc flu hosp,2025-09-27,26,quantile,0.9,142.49092629541363
2025-09-20,0,wk inc flu hosp,2025-09-27,26,quantile,0.95,176.3164625221807
2025-09-20,0,wk inc flu hosp,2025-09-27,26,quantile,0.975,205.65507066210273
2025-09-20,0,wk inc flu hosp,2025-09-27,26,quantile,0.99,239.76754301973486
2025-09-27,0,wk inc flu hosp,2025-10-04,26,quantile,0.01,0.0
2025-09-27,0,wk inc flu hosp,2025-10-04,26,quantile,0.025,0.0
2025-09-27,0,wk inc flu hosp,2025-10-04,26,quantile,0.05,0.0
2025-09-27,0,wk inc flu hosp,2025-10-04,26,quantile,0.1,0.0
2025-09-27,0,wk inc flu hosp,2025-10-04,26,quantile,0.15,0.0
2025-09-27,0,wk inc flu hosp,2025-10-04,26,quantile,0.2,0.0
2025-09-27,0,wk inc flu hosp,2025-10-04,26,quantile,0.25,0.0
2025-09-27,0,wk inc flu hosp,2025-10-04,26,quantile,0.3,0.0
2025-09-27,0,wk inc flu hosp,2025-10-04,26,quantile,0.35,0.0
2025-09-27,0,wk inc flu hosp,2025-10-04,26,quantile,0.4,0.0
2025-09-27,0,wk inc flu hosp,2025-10-04,26,quantile,0.45,3.540874219812027
2025-09-27,0,wk inc flu hosp,2025-10-04,26,quantile,0.5,17.57284671399028
2025-09-27,0,wk inc flu hosp,2025-10-04,26,quantile,0.55,31.60481920816855
2025-09-27,0,wk inc flu hosp,2025-10-04,26,quantile,0.6,45.86284735182555
2025-09-27,0,wk inc flu hosp,2025-10-04,26,quantile,0.65,60.599651068639034
2025-09-27,0,wk inc flu hosp,2025-10-04,26,quantile,0.7,76.13002244391984
2025-09-27,0,wk inc flu hosp,2025-10-04,26,quantile,0.75,92.88973499525272
2025-09-27,0,wk inc flu hosp,2025-10-04,26,quantile,0.8,111.55246968931613
2025-09-27,0,wk inc flu hosp,2025-10-04,26,quantile,0.85,133.30616628597897
2025-09-27,0,wk inc flu hosp,2025-10-04,26,quantile,0.9,160.67728389889857
2025-09-27,0,wk inc flu hosp,2025-10-04,26,quantile,0.95,201.24540337496038
2025-09-27,0,wk inc flu hosp,2025-10-04,26,quantile,0.975,236.43219693537904
2025-09-27,0,wk inc flu hosp,2025-10-04,26,quantile,0.99,277.34444870134433
2025-10-04,0,wk inc flu hosp,2025-10-11,26,quantile,0.01,0.0
2025-10-04,0,wk inc flu hosp,2025-10-11,26,quantile,0.025,0.0
2025-10-04,0,wk inc flu hosp,2025-10-11,26,quantile,0.05,0.0
2025-10-04,0,wk inc flu hosp,2025-10-11,26,quantile,0.1,0.0
2025-10-04,0,wk inc flu hosp,2025-10-11,26,quantile,0.15,0.0
2025-10-04,0,wk inc flu hosp,2025-10-11,26,quantile,0.2,0.0
2025-10-04,0,wk inc flu hosp,2025-10-11,26,quantile,0.25,0.0
2025-10-04,0,wk inc flu hosp,2025-10-11,26,quantile,0.3,0.0
2025-10-04,0,wk inc flu hosp,2025-10-11,26,quantile,0.35,0.0
2025-10-04,0,wk inc flu hosp,2025-10-11,26,quantile,0.4,0.0
2025-10-04,0,wk inc flu hosp,2025-10-11,26,quantile,0.45,2.5152573611234033
2025-10-04,0,wk inc flu hosp,2025-10-11,26,quantile,0.5,16.110797505442388
2025-10-04,0,wk inc flu hosp,2025-10-11,26,quantile,0.55,29.706337649761387
2025-10-04,0,wk inc flu hosp,2025-10-11,26,quantile,0.6,43.52090250059355
2025-10-04,0,wk inc flu hosp,2025-10-11,26,quantile,0.65,57.799351707503874
2025-10-04,0,wk inc flu hosp,2025-10-11,26,quantile,0.7,72.84668646934256
2025-10-04,0,wk inc flu hosp,2025-10-11,26,quantile,0.75,89.08512656701443
2025-10-04,0,wk inc flu hosp,2025-10-11,26,quantile,0.8,107.1673996644841
2025-10-04,0,wk inc flu hosp,2025-10-11,26,quantile,0.85,128.24449737757968
2025-10-04,0,wk inc flu hosp,2025-10-11,26,quantile,0.9,154.7642990986646
2025-10-04,0,wk inc flu hosp,2025-10-11,26,quantile,0.95,194.07064018115736
2025-10-04,0,wk inc flu hosp,2025-10-11,26,quantile,0.975,228.16302915918692
2025-10-04,0,wk inc flu hosp,2025-10-11,26,quantile,0.99,267.80279908529246
2025-10-11,0,wk inc flu hosp,2025-10-18,26,quantile,0.01,0.0
2025-10-11,0,wk inc flu hosp,2025-10-18,26,quantile,0.025,0.0
2025-10-11,0,wk inc flu hosp,2025-10-18,26,quantile,0.05,0.0
2025-10-11,0,wk inc flu hosp,2025-10-18,26,quantile,0.1,0.0
2025-10-11,0,wk inc flu hosp,2025-10-18,26,quantile,0.15,0.0
2025-10-11,0,wk inc flu hosp,2025-10-18,26,quantile,0.2,0.0
2025-10-11,0,wk inc flu hosp,2025-10-18,26,quantile,0.25,0.0
2025-10-11,0,wk inc flu hosp,2025-10-18,26,quantile,0.3,0.0
2025-10-11,0,wk inc flu hosp,2025-10-18,26,quantile,0.35,0.0
2025-10-11,0,wk inc flu hosp,2025-10-18,26,quantile,0.4,0.0
2025-10-11,0,wk inc flu hosp,2025-10-18,26,quantile,0.45,6.074650440939337
2025-10-11,0,wk inc flu hosp,2025-10-18,26,quantile,0.5,18.330624828077756
2025-10-11,0,wk inc flu hosp,2025-10-18,26,quantile,0.55,30.58659921521619
2025-10-11,0,wk inc flu hosp,2025-10-18,26,quantile,0.6,43.04001784985644
2025-10-11,0,wk inc flu hosp,2025-10-18,26,quantile,0.65,55.91161441095913
2025-10-11,0,wk inc flu hosp,2025-10-18,26,quantile,0.7,69.47633839236372
2025-10-11,0,wk inc flu hosp,2025-10-18,26,quantile,0.75,84.11480834732974
2025-10-11,0,wk inc flu hosp,2025-10-18,26,quantile,0.8,100.41543881815619
2025-10-11,0,wk inc flu hosp,2025-10-18,26,quantile,0.85,119.41581445493108
2025-10-11,0,wk inc flu hosp,2025-10-18,26,quantile,0.9,143.32262560001246
2025-10-11,0,wk inc flu hosp,2025-10-18,26,quantile,0.95,178.7561210290599
2025-10-11,0,wk inc flu hosp,2025-10-18,26,quantile,0.975,209.48939397560676
2025-10-11,0,wk inc flu hosp,2025-10-18,26,quantile,0.99,245.22346557330013
2025-10-18,0,wk inc flu hosp,2025-10-25,26,quantile,0.01,0.0
2025-10-18,0,wk inc flu hosp,2025-10-25,26,quantile,0.025,0.0
2025-10-18,0,wk inc flu hosp,2025-10-25,26,quantile,0.05,0.0
2025-10-18,0,wk inc flu hosp,2025-10-25,26,quantile,0.1,0.0
2025-10-18,0,wk inc flu hosp,2025-10-25,26,quantile,0.15,0.0
2025-10-18,0,wk inc flu hosp,2025-10-25,26,quantile,0.2,0.0
2025-10-18,0,wk inc flu hosp,2025-10-25,26,quantile,0.25,0.0
2025-10-18,0,wk inc flu hosp,2025-10-25,26,quantile,0.3,0.0
2025-10-18,0,wk inc flu hosp,2025-10-25,26,quantile,0.35,0.0
2025-10-18,0,wk inc flu hosp,2025-10-25,26,quantile,0.4,0.0
2025-10-18,0,wk inc flu hosp,2025-10-25,26,quantile,0.45,9.513093796509555
2025-10-18,0,wk inc flu hosp,2025-10-25,26,quantile,0.5,21.24696078038022
2025-10-18,0,wk inc flu hosp,2025-10-25,26,quantile,0.55,32.9808277642509
2025-10-18,0,wk inc flu hosp,2025-10-25,26,quantile,0.6,44.90372782405131
2025-10-18,0,wk inc flu hosp,2025-10-25,26,quantile,0.65,57.22699133188979
2025-10-18,0,wk inc flu hosp,2025-10-25,26,quantile,0.7,70.21385486823607
2025-10-18,0,wk inc flu hosp,2025-10-25,26,quantile,0.75,84.22872254609382
2025-10-18,0,wk inc flu hosp,2025-10-25,26,quantile,0.8,99.83494230929986
2025-10-18,0,wk inc flu hosp,2025-10-25,26,quantile,0.85,118.02589745681206
2025-10-18,0,wk inc flu hosp,2025-10-25,26,quantile,0.9,140.91427280127118
2025-10-18,0,wk inc flu hosp,2025-10-25,26,quantile,0.95,174.83829295705323
2025-10-18,0,wk inc flu hosp,2025-10-25,26,quantile,0.975,204.26232121809554
2025-10-18,0,wk inc flu hosp,2025-10-25,26,quantile,0.99,238.47411292675497
2025-10-25,0,wk inc flu hosp,2025-11-01,26,quantile,0.01,0.0
2025-10-25,0,wk inc flu hosp,2025-11-01,26,quantile,0.025,0.0
2025-10-25,0,wk inc flu hosp,2025-11-01,26,quantile,0.05,0.0
2025-10-25,0,wk inc flu hosp,2025-11-01,26,quantile,0.1,0.0
2025-10-25,0,wk inc flu hosp,2025-11-01,26,quantile,0.15,0.0
2025-10-25,0,wk inc flu hosp,2025-11-01,26,quantile,0.2,0.0
2025-10-25,0,wk inc flu hosp,2025-11-01,26,quantile,0.25,0.0
2025-10-25,0,wk inc flu hosp,2025-11-01,26,quantile,0.3,0.0
2025-10-25,0,wk inc flu hosp,2025-11-01,26,quantile,0.35,0.0
2025-10-25,0,wk inc flu hosp,2025-11-01,26,quantile,0.4,0.0
2025-10-25,0,wk inc flu hosp,2025-11-01,26,quantile,0.45,6.050524293429669
2025-10-25,0,wk inc flu hosp,2025-11-01,26,quantile,0.5,18.79814946711456
2025-10-25,0,wk inc flu hosp,2025-11-01,26,quantile,0.55,31.545774640799465
2025-10-25,0,wk inc flu hosp,2025-11-01,26,quantile,0.6,44.49876457622007
2025-10-25,0,wk inc flu hosp,2025-11-01,26,quantile,0.65,57.88670772662503
2025-10-25,0,wk inc flu hosp,2025-11-01,26,quantile,0.7,71.99558323805745
2025-10-25,0,wk inc flu hosp,2025-11-01,26,quantile,0.75,87.22127825076744
2025-10-25,0,wk inc flu hosp,2025-11-01,26,quantile,0.8,104.17581167039538
2025-10-25,0,wk inc flu hosp,2025-11-01,26,quantile,0.85,123.93839105624971
2025-10-25,0,wk inc flu hosp,2025-11-01,26,quantile,0.9,148.8042285612125
2025-10-25,0,wk inc flu hosp,2025-11-01,26,quantile,0.95,185.65914552293415
2025-10-25,0,wk inc flu hosp,2025-11-01,26,quantile,0.975,217.62528966682734
2025-10-25,0,wk inc flu hosp,2025-11-01,26,quantile,0.99,254.79284046842233
2025-11-01,0,wk inc flu hosp,2025-11-08,26,quantile,0.01,0.0
2025-11-01,0,wk inc flu hosp,2025-11-08,26,quantile,0.025,0.0
2025-11-01,0,wk inc flu hosp,2025-11-08,26,quantile,0.05,0.0
2025-11-01,0,wk inc flu hosp,2025-11-08,26,quantile,0.1,0.0
2025-11-01,0,wk inc flu hosp,2025-11-08,26,quantile,0.15,0.0
2025-11-01,0,wk inc flu hosp,2025-11-08,26,quantile,0.2,0.0
2025-11-01,0,wk inc flu hosp,2025-11-08,26,quantile,0.25,0.0
2025-11-01,0,wk inc flu hosp,2025-11-08,26,quantile,0.3,0.0
2025-11-01,0,wk inc flu hosp,2025-11-08,26,quantile,0.35,0.0
2025-11-01,0,wk inc flu hosp,2025-11-08,26,quantile,0.4,1.5310820574312096
2025-11-01,0,wk inc flu hosp,2025-11-08,26,quantile,0.45,11.116702102866434
2025-11-01,0,wk inc flu hosp,2025-11-08,26,quantile,0.5,20.55034576396611
2025-11-01,0,wk inc flu hosp,2025-11-08,26,quantile,0.55,29.983989425065793
2025-11-01,0,wk inc flu hosp,2025-11-08,26,quantile,0.6,39.56960947050101
2025-11-01,0,wk inc flu hosp,2025-11-08,26,quantile,0.65,49.47710857838956
2025-11-01,0,wk inc flu hosp,2025-11-08,26,quantile,0.7,59.918120313534175
2025-11-01,0,wk inc flu hosp,2025-11-08,26,quantile,0.75,71.18561361408979
2025-11-01,0,wk inc flu hosp,2025-11-08,26,quantile,0.8,83.73250172397462
2025-11-01,0,wk inc flu hosp,2025-11-08,26,quantile,0.85,98.35743218829363
2025-11-01,0,wk inc flu hosp,2025-11-08,26,quantile,0.9,116.75893420616471
2025-11-01,0,wk inc flu hosp,2025-11-08,26,quantile,0.95,144.03273219122104
2025-11-01,0,wk inc flu hosp,2025-11-08,26,quantile,0.975,167.68868449325024
2025-11-01,0,wk inc flu hosp,2025-11-08,26,quantile,0.99,195.19384135508423
2025-11-08,0,wk inc flu hosp,2025-11-15,26,quantile,0.01,0.0
2025-11-08,0,wk inc flu hosp,2025-11-15,26,quantile,0.025,0.0
2025-11-08,0,wk inc flu hosp,2025-11-15,26,quantile,0.05,0.0
2025-11-08,0,wk inc flu hosp,2025-11-15,26,quantile,0.1,0.0
2025-11-08,0,wk inc flu hosp,2025-11-15,26,quantile,0.15,0.0
2025-11-08,0,wk inc flu hosp,2025-11-15,26,quantile,0.2,0.0
2025-11-08,0,wk inc flu hosp,2025-11-15,26,quantile,0.25,0.0
2025-11-08,0,wk inc flu hosp,2025-11-15,26,quantile,0.3,0.0
2025-11-08,0,wk inc flu hosp,2025-11-15,26,quantile,0.35,2.840125448436268
2025-11-08,0,wk inc flu hosp,2025-11-15,26,quantile,0.4,14.72143344972553
2025-11-08,0,wk inc flu hosp,2025-11-15,26,quantile,0.45,26.21673644223017
2025-11-08,0,wk inc flu hosp,2025-11-15,26,quantile,0.5,37.52978574875918
2025-11-08,0,wk inc flu hosp,2025-11-15,26,quantile,0.55,48.842835055288205
2025-11-08,0,wk inc flu hosp,2025-11-15,26,quantile,0.6,60.33813804779283
2025-11-08,0,wk inc flu hosp,2025-11-15,26,quantile,0.65,72.2194460490821
2025-11-08,0,wk inc flu hosp,2025-11-15,26,quantile,0.7,84.74055505140896
2025-11-08,0,wk inc flu hosp,2025-11-15,26,quantile,0.75,98.25280035656097
2025-11-08,0,wk inc flu hosp,2025-11-15,26,quantile,0.8,113.2993262727289
2025-11-08,0,wk inc flu hosp,2025-11-15,26,quantile,0.85,130.8378898851807
2025-11-08,0,wk inc flu hosp,2025-11-15,26,quantile,0.9,152.90540770979413
2025-11-08,0,wk inc flu hosp,2025-11-15,26,quantile,0.95,185.6127933675312
2025-11-08,0,wk inc flu hosp,2025-11-15,26,quantile,0.975,213.9815726430628
2025-11-08,0,wk inc flu hosp,2025-11-15,26,quantile,0.99,246.96640935518747
2025-09-13,0,wk inc flu hosp,2025-09-20,27,quantile,0.01,0.0
2025-09-13,0,wk inc flu hosp,2025-09-20,27,quantile,0.025,0.0
2025-09-13,0,wk inc flu hosp,2025-09-20,27,quantile,0.05,0.0
2025-09-13,0,wk inc flu hosp,2025-09-20,27,quantile,0.1,0.0
2025-09-13,0,wk inc flu hosp,2025-09-20,27,quantile,0.15,0.0
2025-09-13,0,wk inc flu hosp,2025-09-20,27,quantile,0.2,0.0
2025-09-13,0,wk inc flu hosp,2025-09-20,27,quantile,0.25,0.0
2025-09-13,0,wk inc flu hosp,2025-09-20,27,quantile,0.3,0.0
2025-09-13,0,wk inc flu hosp,2025-09-20,27,quantile,0.35,0.0
2025-09-13,0,wk inc flu hosp,2025-09-20,27,quantile,0.4,0.0
2025-09-13,0,wk inc flu hosp,2025-09-20,27,quantile,0.45,2.8937177773259943
2025-09-13,0,wk inc flu hosp,2025-09-20,27,quantile,0.5,11.238914167596853
2025-09-13,0,wk inc flu hosp,2025-09-20,27,quantile,0.55,19.58411055786772
2025-09-13,0,wk inc flu hosp,2025-09-20,27,quantile,0.6,28.0637484025252
2025-09-13,0,wk inc flu hosp,2025-09-20,27,quantile,0.65,36.828127126379314
2025-09-13,0,wk inc flu hosp,2025-09-20,27,quantile,0.7,46.06446216012677
2025-09-13,0,wk inc flu hosp,2025-09-20,27,quantile,0.75,56.03191988878099
2025-09-13,0,wk inc flu hosp,2025-09-20,27,quantile,0.8,67.1311567399149
2025-09-13,0,wk inc flu hosp,2025-09-20,27,quantile,0.85,80.06867285811117
2025-09-13,0,wk inc flu hosp,2025-09-20,27,quantile,0.9,96.34702232008343
2025-09-13,0,wk inc flu hosp,2025-09-20,27,quantile,0.95,120.4739883864842
2025-09-13,0,wk inc flu hosp,2025-09-20,27,quantile,0.975,141.40053329864395
2025-09-13,0,wk inc flu hosp,2025-09-20,27,quantile,0.99,165.73216421488465
2025-09-20,0,wk inc flu hosp,2025-09-27,27,quantile,0.01,0.0
2025-09-20,0,wk inc flu hosp,2025-09-27,27,quantile,0.025,0.0
2025-09-20,0,wk inc flu hosp,2025-09-27,27,quantile,0.05,0.0
2025-09-20,0,wk inc flu hosp,2025-09-27,27,quantile,0.1,0.0
2025-09-20,0,wk inc flu hosp,2025-09-27,27,quantile,0.15,0.0
2025-09-20,0,wk inc flu hosp,2025-09-27,27,quantile,0.2,0.0
2025-09-20,0,wk inc flu hosp,2025-09-27,27,quantile,0.25,0.0
2025-09-20,0,wk inc flu hosp,2025-09-27,27,quantile,0.3,0.0
2025-09-20,0,wk inc flu hosp,2025-09-27,27,quantile,0.35,0.0
2025-09-20,0,wk inc flu hosp,2025-09-27,27,quantile,0.4,0.0
2025-09-20,0,wk inc flu hosp,2025-09-27,27,quantile,0.45,1.4515106812434855
2025-09-20,0,wk inc flu hosp,2025-09-27,27,quantile,0.5,10.147218935647054
2025-09-20,0,wk inc flu hosp,2025-09-27,27,quantile,0.55,18.84292719005063
2025-09-20,0,wk inc flu hosp,2025-09-27,27,quantile,0.6,27.678723659275207
2025-09-20,0,wk inc flu hosp,2025-09-27,27,quantile,0.65,36.81122058919631
2025-09-20,0,wk inc flu hosp,2025-09-27,27,quantile,0.7,46.43549676405428
2025-09-20,0,wk inc flu hosp,2025-09-27,27,quantile,0.75,56.821603979880265
2025-09-20,0,wk inc flu hosp,2025-09-27,27,quantile,0.8,68.38702688790278
2025-09-20,0,wk inc flu hosp,2025-09-27,27,quantile,0.85,81.86793979147882
2025-09-20,0,wk inc flu hosp,2025-09-27,27,quantile,0.9,98.83000649006055
2025-09-20,0,wk inc flu hosp,2025-09-27,27,quantile,0.95,123.9703444959953
2025-09-20,0,wk inc flu hosp,2025-09-27,27,quantile,0.975,145.7758384375116
2025-09-20,0,wk inc flu hosp,2025-09-27,27,quantile,0.99,171.12943755090382
2025-09-27,0,wk inc flu hosp,2025-10-04,27,quantile,0.01,0.0
2025-09-27,0,wk inc flu hosp,2025-10-04,27,quantile,0.025,0.0
2025-09-27,0,wk inc flu hosp,2025-10-04,27,quantile,0.05,0.0
2025-09-27,0,wk inc flu hosp,2025-10-04,27,quantile,0.1,0.0
2025-09-27,0,wk inc flu hosp,2025-10-04,27,quantile,0.15,0.0
2025-09-27,0,wk inc flu hosp,2025-10-04,27,quantile,0.2,0.0
2025-09-27,0,wk inc flu hosp,2025-10-04,27,quantile,0.25,0.0
2025-09-27,0,wk inc flu hosp,2025-10-04,27,quantile,0.3,0.0
2025-09-27,0,wk inc flu hosp,2025-10-04,27,quantile,0.35,0.0
2025-09-27,0,wk inc flu hosp,2025-10-04,27,quantile,0.4,0.0
2025-09-27,0,wk inc flu hosp,2025-10-04,27,quantile,0.45,3.0909971127917117
2025-09-27,0,wk inc flu hosp,2025-10-04,27,quantile,0.5,10.11002873393697
2025-09-27,0,wk inc flu hosp,2025-10-04,27,quantile,0.55,17.129060355082235
2025-09-27,0,wk inc flu hosp,2025-10-04,27,quantile,0.6,24.26116886206718
2025-09-27,0,wk inc flu hosp,2025-10-04,27,quantile,0.65,31.632769064807057
2025-09-27,0,wk inc flu hosp,2025-10-04,27,quantile,0.7,39.40132532562155
2025-09-27,0,wk inc flu hosp,2025-10-04,27,quantile,0.75,47.78481897969742
2025-09-27,0,wk inc flu hosp,2025-10-04,27,quantile,0.8,57.12023672007741
2025-09-27,0,wk inc flu hosp,2025-10-04,27,quantile,0.85,68.0018062465375
2025-09-27,0,wk inc flu hosp,2025-10-04,27,quantile,0.9,81.6933054360404
2025-09-27,0,wk inc flu hosp,2025-10-04,27,quantile,0.95,101.986169716598
2025-09-27,0,wk inc flu hosp,2025-10-04,27,quantile,0.975,119.58720312439279
2025-09-27,0,wk inc flu hosp,2025-10-04,27,quantile,0.99,140.0522082373025
2025-10-04,0,wk inc flu hosp,2025-10-11,27,quantile,0.01,0.0
2025-10-04,0,wk inc flu hosp,2025-10-11,27,quantile,0.025,0.0
2025-10-04,0,wk inc flu hosp,2025-10-11,27,quantile,0.05,0.0
2025-10-04,0,wk inc flu hosp,2025-10-11,27,quantile,0.1,0.0
2025-10-04,0,wk inc flu hosp,2025-10-11,27,quantile,0.15,0.0
2025-10-04,0,wk inc flu hosp,2025-10-11,27,quantile,0.2,0.0
2025-10-04,0,wk inc flu hosp,2025-10-11,27,quantile,0.25,0.0
2025-10-04,0,wk inc flu hosp,2025-10-11,27,quantile,0.3,0.0
2025-10-04,0,wk inc flu hosp,2025-10-11,27,quantile,0.35,0.0
2025-10-04,0,wk inc flu hosp,2025-10-11,27,quantile,0.4,0.0
2025-10-04,0,wk inc flu hosp,2025-10-11,27,quantile,0.45,0.0
2025-10-04,0,wk inc flu hosp,2025-10-11,27,quantile,0.5,5.897716541691118
2025-10-04,0,wk inc flu hosp,2025-10-11,27,quantile,0.55,13.419597278255083
2025-10-04,0,wk inc flu hosp,2025-10-11,27,quantile,0.6,21.0626558204277
2025-10-04,0,wk inc flu hosp,2025-10-11,27,quantile,0.65,28.962363437586557
2025-10-04,0,wk inc flu hosp,2025-10-11,27,quantile,0.7,37.287465366618676
2025-10-04,0,wk inc flu hosp,2025-10-11,27,quantile,0.75,46.271559302273346
2025-10-04,0,wk inc flu hosp,2025-10-11,27,quantile,0.8,56.275773937466035
2025-10-04,0,wk inc flu hosp,2025-10-11,27,quantile,0.85,67.936907926104
2025-10-04,0,wk inc flu hosp,2025-10-11,27,quantile,0.9,82.60927721675543
2025-10-04,0,wk inc flu hosp,2025-10-11,27,quantile,0.95,104.35593874507711
2025-10-04,0,wk inc flu hosp,2025-10-11,27,quantile,0.975,123.21792445473949
2025-10-04,0,wk inc flu hosp,2025-10-11,27,quantile,0.99,145.14905912419147
2025-10-11,0,wk inc flu hosp,2025-10-18,27,quantile,0.01,0.0
2025-10-11,0,wk inc flu hosp,2025-10-18,27,quantile,0.025,0.0
2025-10-11,0,wk inc flu hosp,2025-10-18,27,quantile,0.05,0.0
2025-10-11,0,wk inc flu hosp,2025-10-18,27,quantile,0.1,0.0
2025-10-11,0,wk inc flu hosp,2025-10-18,27,quantile,0.15,0.0
2025-10-11,0,wk inc flu hosp,2025-10-18,27,quantile,0.2,0.0
2025-10-11,0,wk inc flu hosp,2025-10-18,27,quantile,0.25,0.0
2025-10-11,0,wk inc flu hosp,2025-10-18,27,quantile,0.3,0.0
2025-10-11,0,wk inc flu hosp,2025-10-18,27,quantile,0.35,0.0
2025-10-11,0,wk inc flu hosp,2025-10-18,27,quantile,0.4,4.092231537201188
2025-10-11,0,wk inc flu hosp,2025-10-18,27,quantile,0.45,9.259060038709322
2025-10-11,0,wk inc flu hosp,2025-10-18,27,quantile,0.5,14.343970426374103
2025-10-11,0,wk inc flu hosp,2025-10-18,27,quantile,0.55,19.42888081403889
2025-10-11,0,wk inc flu hosp,2025-10-18,27,quantile,0.6,24.59570931554702
2025-10-11,0,wk inc flu hosp,2025-10-18,27,quantile,0.65,29.936036652398048
2025-10-11,0,wk inc flu hosp,2025-10-18,27,quantile,0.7,35.56393727458223
2025-10-11,0,wk inc flu hosp,2025-10-18,27,quantile,0.75,41.63732691968781
2025-10-11,0,wk inc flu hosp,2025-10-18,27,quantile,0.8,48.400334297834206
2025-10-11,0,wk inc flu hosp,2025-10-18,27,quantile,0.85,56.28344537436834
2025-10-11,0,wk inc flu hosp,2025-10-18,27,quantile,0.9,66.20219915824825
2025-10-11,0,wk inc flu hosp,2025-10-18,27,quantile,0.95,80.90328642288182
2025-10-11,0,wk inc flu hosp,2025-10-18,27,quantile,0.975,93.65428719331679
2025-10-11,0,wk inc flu hosp,2025-10-18,27,quantile,0.99,108.48008122005294
2025-10-18,0,wk inc flu hosp,2025-10-25,27,quantile,0.01,0.0
2025-10-18,0,wk inc flu hosp,2025-10-25,27,quantile,0.025,0.0
2025-10-18,0,wk inc flu hosp,2025-10-25,27,quantile,0.05,0.0
2025-10-18,0,wk inc flu hosp,2025-10-25,27,quantile,0.1,0.0
2025-10-18,0,wk inc flu hosp,2025-10-25,27,quantile,0.15,0.0
2025-10-18,0,wk inc flu hosp,2025-10-25,27,quantile,0.2,0.0
2025-10-18,0,wk inc flu hosp,2025-10-25,27,quantile,0.25,0.0
2025-10-18,0,wk inc flu hosp,2025-10-25,27,quantile,0.3,0.0
2025-10-18,0,wk inc flu hosp,2025-10-25,27,quantile,0.35,0.0
2025-10-18,0,wk inc flu hosp,2025-10-25,27,quantile,0.4,3.9901737075876085
2025-10-18,0,wk inc flu hosp,2025-10-25,27,quantile,0.45,7.925857826497462
2025-10-18,0,wk inc flu hosp,2025-10-25,27,quantile,0.5,11.799143160618888
2025-10-18,0,wk inc flu hosp,2025-10-25,27,quantile,0.55,15.672428494740318
2025-10-18,0,wk inc flu hosp,2025-10-25,27,quantile,0.6,19.608112613650167
2025-10-18,0,wk inc flu hosp,2025-10-25,27,quantile,0.65,23.67595451769051
2025-10-18,0,wk inc flu hosp,2025-10-25,27,quantile,0.7,27.96284716277598
2025-10-18,0,wk inc flu hosp,2025-10-25,27,quantile,0.75,32.58907835415703
2025-10-18,0,wk inc flu hosp,2025-10-25,27,quantile,0.8,37.74060616787715
2025-10-18,0,wk inc flu hosp,2025-10-25,27,quantile,0.85,43.74534099940132
2025-10-18,0,wk inc flu hosp,2025-10-25,27,quantile,0.9,51.300668553857356
2025-10-18,0,wk inc flu hosp,2025-10-25,27,quantile,0.95,62.49880212094556
2025-10-18,0,wk inc flu hosp,2025-10-25,27,quantile,0.975,72.21151296818195
2025-10-18,0,wk inc flu hosp,2025-10-25,27,quantile,0.99,83.50463835142672
2025-10-25,0,wk inc flu hosp,2025-11-01,27,quantile,0.01,0.0
2025-10-25,0,wk inc flu hosp,2025-11-01,27,quantile,0.025,0.0
2025-10-25,0,wk inc flu hosp,2025-11-01,27,quantile,0.05,0.0
2025-10-25,0,wk inc flu hosp,2025-11-01,27,quantile,0.1,0.0
2025-10-25,0,wk inc flu hosp,2025-11-01,27,quantile,0.15,0.0
2025-10-25,0,wk inc flu hosp,2025-11-01,27,quantile,0.2,0.0
2025-10-25,0,wk inc flu hosp,2025-11-01,27,quantile,0.25,0.0
2025-10-25,0,wk inc flu hosp,2025-11-01,27,quantile,0.3,0.0
2025-10-25,0,wk inc flu hosp,2025-11-01,27,quantile,0.35,0.0
2025-10-25,0,wk inc flu hosp,2025-11-01,27,quantile,0.4,2.3732387449611885
2025-10-25,0,wk inc flu hosp,2025-11-01,27,quantile,0.45,10.504004232249011
2025-10-25,0,wk inc flu hosp,2025-11-01,27,quantile,0.5,18.505859504570957
2025-10-25,0,wk inc flu hosp,2025-11-01,27,quantile,0.55,26.50771477689291
2025-10-25,0,wk inc flu hosp,2025-11-01,27,quantile,0.6,34.63848026418073
2025-10-25,0,wk inc flu hosp,2025-11-01,27,quantile,0.65,43.04227171741243
2025-10-25,0,wk inc flu hosp,2025-11-01,27,quantile,0.7,51.898602081655085
2025-10-25,0,wk inc flu hosp,2025-11-01,27,quantile,0.75,61.45597502385006
2025-10-25,0,wk inc flu hosp,2025-11-01,27,quantile,0.8,72.09856301848839
2025-10-25,0,wk inc flu hosp,2025-11-01,27,quantile,0.85,84.50379912315711
2025-10-25,0,wk inc flu hosp,2025-11-01,27,quantile,0.9,100.11241878594183
2025-10-25,0,wk inc flu hosp,2025-11-01,27,quantile,0.95,123.2467444021297
2025-10-25,0,wk inc flu hosp,2025-11-01,27,quantile,0.975,143.3123217601495
2025-10-25,0,wk inc flu hosp,2025-11-01,27,quantile,0.99,166.6428918301719
2025-11-01,0,wk inc flu hosp,2025-11-08,27,quantile,0.01,0.0
2025-11-01,0,wk inc flu hosp,2025-11-08,27,quantile,0.025,0.0
2025-11-01,0,wk inc flu hosp,2025-11-08,27,quantile,0.05,0.0
2025-11-01,0,wk inc flu hosp,2025-11-08,27,quantile,0.1,0.0
2025-11-01,0,wk inc flu hosp,2025-11-08,27,quantile,0.15,0.0
2025-11-01,0,wk inc flu hosp,2025-11-08,27,quantile,0.2,0.0
2025-11-01,0,wk inc flu hosp,2025-11-08,27,quantile,0.25,0.0
2025-11-01,0,wk inc flu hosp,2025-11-08,27,quantile,0.3,0.0
2025-11-01,0,wk inc flu hosp,2025-11-08,27,quantile,0.35,0.0
2025-11-01,0,wk inc flu hosp,2025-11-08,27,quantile,0.4,0.0
2025-11-01,0,wk inc flu hosp,2025-11-08,27,quantile,0.45,0.9983247044193373
2025-11-01,0,wk inc flu hosp,2025-11-08,27,quantile,0.5,7.90561079940045
2025-11-01,0,wk inc flu hosp,2025-11-08,27,quantile,0.55,14.81289689438157
2025-11-01,0,wk inc flu hosp,2025-11-08,27,quantile,0.6,21.83145965021591
2025-11-01,0,wk inc flu hosp,2025-11-08,27,quantile,0.65,29.085701307249096
2025-11-01,0,wk inc flu hosp,2025-11-08,27,quantile,0.7,36.73057933810872
2025-11-01,0,wk inc flu hosp,2025-11-08,27,quantile,0.75,44.98060473615818
2025-11-01,0,wk inc flu hosp,2025-11-08,27,quantile,0.8,54.1673992442082
2025-11-01,0,wk inc flu hosp,2025-11-08,27,quantile,0.85,64.87573024178593
2025-11-01,0,wk inc flu hosp,2025-11-08,27,quantile,0.9,78.34925580422924
2025-11-01,0,wk inc flu hosp,2025-11-08,27,quantile,0.95,98.31905033402847
2025-11-01,0,wk inc flu hosp,2025-11-08,27,quantile,0.975,115.63986891371769
2025-11-01,0,wk inc flu hosp,2025-11-08,27,quantile,0.99,135.77906373145726
2025-11-08,0,wk inc flu hosp,2025-11-15,27,quantile,0.01,0.0
2025-11-08,0,wk inc flu hosp,2025-11-15,27,quantile,0.025,0.0
2025-11-08,0,wk inc flu hosp,2025-11-15,27,quantile,0.05,0.0
2025-11-08,0,wk inc flu hosp,2025-11-15,27,quantile,0.1,0.0
2025-11-08,0,wk inc flu hosp,2025-11-15,27,quantile,0.15,0.0
2025-11-08,0,wk inc flu hosp,2025-11-15,27,quantile,0.2,0.0
2025-11-08,0,wk inc flu hosp,2025-11-15,27,quantile,0.25,0.0
2025-11-08,0,wk inc flu hosp,2025-11-15,27,quantile,0.3,0.0
2025-11-08,0,wk inc flu hosp,2025-11-15,27,quantile,0.35,0.0
2025-11-08,0,wk inc flu hosp,2025-11-15,27,quantile,0.4,0.0
2025-11-08,0,wk inc flu hosp,2025-11-15,27,quantile,0.45,2.4251707760612105
2025-11-08,0,wk inc flu hosp,2025-11-15,27,quantile,0.5,8.9729392706602
2025-11-08,0,wk inc flu hosp,2025-11-15,27,quantile,0.55,15.520707765259196
2025-11-08,0,wk inc flu hosp,2025-11-15,27,quantile,0.6,22.173961077498554
2025-11-08,0,wk inc flu hosp,2025-11-15,27,quantile,0.65,29.05062643071777
2025-11-08,0,wk inc flu hosp,2025-11-15,27,quantile,0.7,36.29759591007469
2025-11-08,0,wk inc flu hosp,2025-11-15,27,quantile,0.75,44.118215417965146
2025-11-08,0,wk inc flu hosp,2025-11-15,27,quantile,0.8,52.82684610431714
2025-11-08,0,wk inc flu hosp,2025-11-15,27,quantile,0.85,62.97781876876545
2025-11-08,0,wk inc flu hosp,2025-11-15,27,quantile,0.9,75.75006027951495
2025-11-08,0,wk inc flu hosp,2025-11-15,27,quantile,0.95,94.68044620356753
2025-11-08,0,wk inc flu hosp,2025-11-15,27,quantile,0.975,111.0997328289124
2025-11-08,0,wk inc flu hosp,2025-11-15,27,quantile,0.99,130.19070191878427
2025-09-13,0,wk inc flu hosp,2025-09-20,28,quantile,0.01,0.0
2025-09-13,0,wk inc flu hosp,2025-09-20,28,quantile,0.025,0.0
2025-09-13,0,wk inc flu hosp,2025-09-20,28,quantile,0.05,0.0
2025-09-13,0,wk inc flu hosp,2025-09-20,28,quantile,0.1,0.0
2025-09-13,0,wk inc flu hosp,2025-09-20,28,quantile,0.15,0.0
2025-09-13,0,wk inc flu hosp,2025-09-20,28,quantile,0.2,0.0
2025-09-13,0,wk inc flu hosp,2025-09-20,28,quantile,0.25,2.0728246738143987
2025-09-13,0,wk inc flu hosp,2025-09-20,28,quantile,0.3,5.3531872069187205
2025-09-13,0,wk inc flu hosp,2025-09-20,28,quantile,0.35,8.392931965584973
2025-09-13,0,wk inc flu hosp,2025-09-20,28,quantile,0.4,11.277352484271193
2025-09-13,0,wk inc flu hosp,2025-09-20,28,quantile,0.45,14.068062717226816
2025-09-13,0,wk inc flu hosp,2025-09-20,28,quantile,0.5,16.814527293780195
2025-09-13,0,wk inc flu hosp,2025-09-20,28,quantile,0.55,19.560991870333577
2025-09-13,0,wk inc flu hosp,2025-09-20,28,quantile,0.6,22.3517021032892
2025-09-13,0,wk inc flu hosp,2025-09-20,28,quantile,0.65,25.23612262197542
2025-09-13,0,wk inc flu hosp,2025-09-20,28,quantile,0.7,28.275867380641664
2025-09-13,0,wk inc flu hosp,2025-09-20,28,quantile,0.75,31.55622991374599
2025-09-13,0,wk inc flu hosp,2025-09-20,28,quantile,0.8,35.20906915356953
2025-09-13,0,wk inc flu hosp,2025-09-20,28,quantile,0.85,39.46689941489681
2025-09-13,0,wk inc flu hosp,2025-09-20,28,quantile,0.9,44.824222127419866
2025-09-13,0,wk inc flu hosp,2025-09-20,28,quantile,0.95,52.764581412232864
2025-09-13,0,wk inc flu hosp,2025-09-20,28,quantile,0.975,59.65165891443586
2025-09-13,0,wk inc flu hosp,2025-09-20,28,quantile,0.99,67.65937488372501
2025-09-20,0,wk inc flu hosp,2025-09-27,28,quantile,0.01,0.0
2025-09-20,0,wk inc flu hosp,2025-09-27,28,quantile,0.025,0.0
2025-09-20,0,wk inc flu hosp,2025-09-27,28,quantile,0.05,0.0
2025-09-20,0,wk inc flu hosp,2025-09-27,28,quantile,0.1,0.0
2025-09-20,0,wk inc flu hosp,2025-09-27,28,quantile,0.15,0.3907196020576791
2025-09-20,0,wk inc flu hosp,2025-09-27,28,quantile,0.2,3.6045676431743416
2025-09-20,0,wk inc flu hosp,2025-09-27,28,quantile,0.25,6.361763095996682
2025-09-20,0,wk inc flu hosp,2025-09-27,28,quantile,0.3,8.837809827338996
2025-09-20,0,wk inc flu hosp,2025-09-27,28,quantile,0.35,11.132236128656329
2025-09-20,0,wk inc flu hosp,2025-09-27,28,quantile,0.4,13.309422316169277
2025-09-20,0,wk inc flu hosp,2025-09-27,28,quantile,0.45,15.415875148958529
2025-09-20,0,wk inc flu hosp,2025-09-27,28,quantile,0.5,17.488930967910044
2025-09-20,0,wk inc flu hosp,2025-09-27,28,quantile,0.55,19.56198678686156
2025-09-20,0,wk inc flu hosp,2025-09-27,28,quantile,0.6,21.668439619650812
2025-09-20,0,wk inc flu hosp,2025-09-27,28,quantile,0.65,23.845625807163756
2025-09-20,0,wk inc flu hosp,2025-09-27,28,quantile,0.7,26.140052108481086
2025-09-20,0,wk inc flu hosp,2025-09-27,28,quantile,0.75,28.616098839823405
2025-09-20,0,wk inc flu hosp,2025-09-27,28,quantile,0.8,31.373294292645745
2025-09-20,0,wk inc flu hosp,2025-09-27,28,quantile,0.85,34.58714233376241
2025-09-20,0,wk inc flu hosp,2025-09-27,28,quantile,0.9,38.630897027709466
2025-09-20,0,wk inc flu hosp,2025-09-27,28,quantile,0.95,44.62435063365564
2025-09-20,0,wk inc flu hosp,2025-09-27,28,quantile,0.975,49.82277780923167
2025-09-20,0,wk inc flu hosp,2025-09-27,28,quantile,0.99,55.8670728379621
2025-09-27,0,wk inc flu hosp,2025-10-04,28,quantile,0.01,0.0
2025-09-27,0,wk inc flu hosp,2025-10-04,28,quantile,0.025,0.0
2025-09-27,0,wk inc flu hosp,2025-10-04,28,quantile,0.05,0.0
2025-09-27,0,wk inc flu hosp,2025-10-04,28,quantile,0.1,0.0
2025-09-27,0,wk inc flu hosp,2025-10-04,28,quantile,0.15,0.0
2025-09-27,0,wk inc flu hosp,2025-10-04,28,quantile,0.2,0.0
2025-09-27,0,wk inc flu hosp,2025-10-04,28,quantile,0.25,1.0836252266776096
2025-09-27,0,wk inc flu hosp,2025-10-04,28,quantile,0.3,3.9658705952655673
2025-09-27,0,wk inc flu hosp,2025-10-04,28,quantile,0.35,6.636700469689296
2025-09-27,0,wk inc flu hosp,2025-10-04,28,quantile,0.4,9.171056839494547
2025-09-27,0,wk inc flu hosp,2025-10-04,28,quantile,0.45,11.623075957148446
2025-09-27,0,wk inc flu hosp,2025-10-04,28,quantile,0.5,14.036219238074375
2025-09-27,0,wk inc flu hosp,2025-10-04,28,quantile,0.55,16.449362519000307
2025-09-27,0,wk inc flu hosp,2025-10-04,28,quantile,0.6,18.901381636654204
2025-09-27,0,wk inc flu hosp,2025-10-04,28,quantile,0.65,21.435738006459456
2025-09-27,0,wk inc flu hosp,2025-10-04,28,quantile,0.7,24.10656788088318
2025-09-27,0,wk inc flu hosp,2025-10-04,28,quantile,0.75,26.988813249471143
2025-09-27,0,wk inc flu hosp,2025-10-04,28,quantile,0.8,30.198330147353268
2025-09-27,0,wk inc flu hosp,2025-10-04,28,quantile,0.85,33.93941407545517
2025-09-27,0,wk inc flu hosp,2025-10-04,28,quantile,0.9,38.64655190561084
2025-09-27,0,wk inc flu hosp,2025-10-04,28,quantile,0.95,45.62323925117651
2025-09-27,0,wk inc flu hosp,2025-10-04,28,quantile,0.975,51.67447506231288
2025-09-27,0,wk inc flu hosp,2025-10-04,28,quantile,0.99,58.710344431181035
2025-10-04,0,wk inc flu hosp,2025-10-11,28,quantile,0.01,0.0
2025-10-04,0,wk inc flu hosp,2025-10-11,28,quantile,0.025,0.0
2025-10-04,0,wk inc flu hosp,2025-10-11,28,quantile,0.05,0.0
2025-10-04,0,wk inc flu hosp,2025-10-11,28,quantile,0.1,0.0
2025-10-04,0,wk inc flu hosp,2025-10-11,28,quantile,0.15,0.0
2025-10-04,0,wk inc flu hosp,2025-10-11,28,quantile,0.2,0.0
2025-10-04,0,wk inc flu hosp,2025-10-11,28,quantile,0.25,0.0
2025-10-04,0,wk inc flu hosp,2025-10-11,28,quantile,0.3,0.6722101750976197
2025-10-04,0,wk inc flu hosp,2025-10-11,28,quantile,0.35,3.407845459889354
2025-10-04,0,wk inc flu hosp,2025-10-11,28,quantile,0.4,6.003695826798944
2025-10-04,0,wk inc flu hosp,2025-10-11,28,quantile,0.45,8.515211098315522
2025-10-04,0,wk inc flu hosp,2025-10-11,28,quantile,0.5,10.986907244062518
2025-10-04,0,wk inc flu hosp,2025-10-11,28,quantile,0.55,13.458603389809518
2025-10-04,0,wk inc flu hosp,2025-10-11,28,quantile,0.6,15.970118661326092
2025-10-04,0,wk inc flu hosp,2025-10-11,28,quantile,0.65,18.56596902823568
2025-10-04,0,wk inc flu hosp,2025-10-11,28,quantile,0.7,21.30160431302741
2025-10-04,0,wk inc flu hosp,2025-10-11,28,quantile,0.75,24.253784908745075
2025-10-04,0,wk inc flu hosp,2025-10-11,28,quantile,0.8,27.541177998458846
2025-10-04,0,wk inc flu hosp,2025-10-11,28,quantile,0.85,31.37303613928895
2025-10-04,0,wk inc flu hosp,2025-10-11,28,quantile,0.9,36.19438865667094
2025-10-04,0,wk inc flu hosp,2025-10-11,28,quantile,0.95,43.340359373958734
2025-10-04,0,wk inc flu hosp,2025-10-11,28,quantile,0.975,49.53842326416131
2025-10-04,0,wk inc flu hosp,2025-10-11,28,quantile,0.99,56.74501200610206
2025-10-11,0,wk inc flu hosp,2025-10-18,28,quantile,0.01,0.0
2025-10-11,0,wk inc flu hosp,2025-10-18,28,quantile,0.025,0.0
2025-10-11,0,wk inc flu hosp,2025-10-18,28,quantile,0.05,0.0
2025-10-11,0,wk inc flu hosp,2025-10-18,28,quantile,0.1,0.0
2025-10-11,0,wk inc flu hosp,2025-10-18,28,quantile,0.15,0.0
2025-10-11,0,wk inc flu hosp,2025-10-18,28,quantile,0.2,0.0
2025-10-11,0,wk inc flu hosp,2025-10-18,28,quantile,0.25,0.0
2025-10-11,0,wk inc flu hosp,2025-10-18,28,quantile,0.3,1.3667460666317393
2025-10-11,0,wk inc flu hosp,2025-10-18,28,quantile,0.35,4.183545952494496
2025-10-11,0,wk inc flu hosp,2025-10-18,28,quantile,0.4,6.856413588716842
2025-10-11,0,wk inc flu hosp,2025-10-18,28,quantile,0.45,9.442443959607107
2025-10-11,0,wk inc flu hosp,2025-10-18,28,quantile,0.5,11.98747379597932
2025-10-11,0,wk inc flu hosp,2025-10-18,28,quantile,0.55,14.532503632351533
2025-10-11,0,wk inc flu hosp,2025-10-18,28,quantile,0.6,17.1185340032418
2025-10-11,0,wk inc flu hosp,2025-10-18,28,quantile,0.65,19.79140163946414
2025-10-11,0,wk inc flu hosp,2025-10-18,28,quantile,0.7,22.608201525326894
2025-10-11,0,wk inc flu hosp,2025-10-18,28,quantile,0.75,25.647971487095333
2025-10-11,0,wk inc flu hosp,2025-10-18,28,quantile,0.8,29.032899489512413
2025-10-11,0,wk inc flu hosp,2025-10-18,28,quantile,0.85,32.97844648319883
2025-10-11,0,wk inc flu hosp,2025-10-18,28,quantile,0.9,37.9428455374754
2025-10-11,0,wk inc flu hosp,2025-10-18,28,quantile,0.95,45.300832770911484
2025-10-11,0,wk inc flu hosp,2025-10-18,28,quantile,0.975,51.6827893700061
2025-10-11,0,wk inc flu hosp,2025-10-18,28,quantile,0.99,59.10319312726497
2025-10-18,0,wk inc flu hosp,2025-10-25,28,quantile,0.01,0.0
2025-10-18,0,wk inc flu hosp,2025-10-25,28,quantile,0.025,0.0
2025-10-18,0,wk inc flu hosp,2025-10-25,28,quantile,0.05,0.0
2025-10-18,0,wk inc flu hosp,2025-10-25,28,quantile,0.1,0.0
2025-10-18,0,wk inc flu hosp,2025-10-25,28,quantile,0.15,0.0
2025-10-18,0,wk inc flu hosp,2025-10-25,28,quantile,0.2,0.0
2025-10-18,0,wk inc flu hosp,2025-10-25,28,quantile,0.25,3.1030402974353297
2025-10-18,0,wk inc flu hosp,2025-10-25,28,quantile,0.3,6.054684704756889
2025-10-18,0,wk inc flu hosp,2025-10-25,28,quantile,0.35,8.789823131091591
2025-10-18,0,wk inc flu hosp,2025-10-25,28,quantile,0.4,11.385202027913351
2025-10-18,0,wk inc flu hosp,2025-10-25,28,quantile,0.45,13.896261146663674
2025-10-18,0,wk inc flu hosp,2025-10-25,28,quantile,0.5,16.36750837177419
2025-10-18,0,wk inc flu hosp,2025-10-25,28,quantile,0.55,18.838755596884706
2025-10-18,0,wk inc flu hosp,2025-10-25,28,quantile,0.6,21.349814715635027
2025-10-18,0,wk inc flu hosp,2025-10-25,28,quantile,0.65,23.945193612456787
2025-10-18,0,wk inc flu hosp,2025-10-25,28,quantile,0.7,26.680332038791484
2025-10-18,0,wk inc flu hosp,2025-10-25,28,quantile,0.75,29.63197644611305
2025-10-18,0,wk inc flu hosp,2025-10-25,28,quantile,0.8,32.918772464620986
2025-10-18,0,wk inc flu hosp,2025-10-25,28,quantile,0.85,36.74993464603939
2025-10-18,0,wk inc flu hosp,2025-10-25,28,quantile,0.9,41.57041148756432
2025-10-18,0,wk inc flu hosp,2025-10-25,28,quantile,0.95,48.71508432132052
2025-10-18,0,wk inc flu hosp,2025-10-25,28,quantile,0.975,54.912022491117966
2025-10-18,0,wk inc flu hosp,2025-10-25,28,quantile,0.99,62.117302339807225
2025-10-25,0,wk inc flu hosp,2025-11-01,28,quantile,0.01,0.0
2025-10-25,0,wk inc flu hosp,2025-11-01,28,quantile,0.025,0.0
2025-10-25,0,wk inc flu hosp,2025-11-01,28,quantile,0.05,0.0
2025-10-25,0,wk inc flu hosp,2025-11-01,28,quantile,0.1,0.0
2025-10-25,0,wk inc flu hosp,2025-11-01,28,quantile,0.15,0.0
2025-10-25,0,wk inc flu hosp,2025-11-01,28,quantile,0.2,0.0
2025-10-25,0,wk inc flu hosp,2025-11-01,28,quantile,0.25,0.0
2025-10-25,0,wk inc flu hosp,2025-11-01,28,quantile,0.3,2.6129478424916837
2025-10-25,0,wk inc flu hosp,2025-11-01,28,quantile,0.35,5.757241117331702
2025-10-25,0,wk inc flu hosp,2025-11-01,28,quantile,0.4,8.740867954045136
2025-10-25,0,wk inc flu hosp,2025-11-01,28,quantile,0.45,11.627561447797456
2025-10-25,0,wk inc flu hosp,2025-11-01,28,quantile,0.5,14.468487506810451
2025-10-25,0,wk inc flu hosp,2025-11-01,28,quantile,0.55,17.309413565823448
2025-10-25,0,wk inc flu hosp,2025-11-01,28,quantile,0.6,20.196107059575766
2025-10-25,0,wk inc flu hosp,2025-11-01,28,quantile,0.65,23.1797338962892
2025-10-25,0,wk inc flu hosp,2025-11-01,28,quantile,0.7,26.324027171129213
2025-10-25,0,wk inc flu hosp,2025-11-01,28,quantile,0.75,29.717213991328798
2025-10-25,0,wk inc flu hosp,2025-11-01,28,quantile,0.8,33.49568842511265
2025-10-25,0,wk inc flu hosp,2025-11-01,28,quantile,0.85,37.89996184903521
2025-10-25,0,wk inc flu hosp,2025-11-01,28,quantile,0.9,43.441543499306725
2025-10-25,0,wk inc flu hosp,2025-11-01,28,quantile,0.95,51.65500228655229
2025-10-25,0,wk inc flu hosp,2025-11-01,28,quantile,0.975,58.77895287870018
2025-10-25,0,wk inc flu hosp,2025-11-01,28,quantile,0.99,67.06208500592275
2025-11-01,0,wk inc flu hosp,2025-11-08,28,quantile,0.01,0.0
2025-11-01,0,wk inc flu hosp,2025-11-08,28,quantile,0.025,0.0
2025-11-01,0,wk inc flu hosp,2025-11-08,28,quantile,0.05,0.0
2025-11-01,0,wk inc flu hosp,2025-11-08,28,quantile,0.1,0.0
2025-11-01,0,wk inc flu hosp,2025-11-08,28,quantile,0.15,0.0
2025-11-01,0,wk inc flu hosp,2025-11-08,28,quantile,0.2,0.0
2025-11-01,0,wk inc flu hosp,2025-11-08,28,quantile,0.25,0.0
2025-11-01,0,wk inc flu hosp,2025-11-08,28,quantile,0.3,0.0
2025-11-01,0,wk inc flu hosp,2025-11-08,28,quantile,0.35,0.0
2025-11-01,0,wk inc flu hosp,2025-11-08,28,quantile,0.4,2.3636064783626214
2025-11-01,0,wk inc flu hosp,2025-11-08,28,quantile,0.45,8.791227100404273
2025-11-01,0,wk inc flu hosp,2025-11-08,28,quantile,0.5,15.116940225863718
2025-11-01,0,wk inc flu hosp,2025-11-08,28,quantile,0.55,21.442653351323173
2025-11-01,0,wk inc flu hosp,2025-11-08,28,quantile,0.6,27.870273973364817
2025-11-01,0,wk inc flu hosp,2025-11-08,28,quantile,0.65,34.51373003326253
2025-11-01,0,wk inc flu hosp,2025-11-08,28,quantile,0.7,41.51493204478534
2025-11-01,0,wk inc flu hosp,2025-11-08,28,quantile,0.75,49.07032981290949
2025-11-01,0,wk inc flu hosp,2025-11-08,28,quantile,0.8,57.4836235148594
2025-11-01,0,wk inc flu hosp,2025-11-08,28,quantile,0.85,67.2903448539915
2025-11-01,0,wk inc flu hosp,2025-11-08,28,quantile,0.9,79.62943959027143
2025-11-01,0,wk inc flu hosp,2025-11-08,28,quantile,0.95,97.91783674551111
2025-11-01,0,wk inc flu hosp,2025-11-08,28,quantile,0.975,113.78029385625014
2025-11-01,0,wk inc flu hosp,2025-11-08,28,quantile,0.99,132.22382829842795
2025-11-08,0,wk inc flu hosp,2025-11-15,28,quantile,0.01,3.73546242991749
2025-11-08,0,wk inc flu hosp,2025-11-15,28,quantile,0.025,6.7308642865317765
2025-11-08,0,wk inc flu hosp,2025-11-15,28,quantile,0.05,9.307075133153084
2025-11-08,0,wk inc flu hosp,2025-11-15,28,quantile,0.1,12.277281248745968
2025-11-08,0,wk inc flu hosp,2025-11-15,28,quantile,0.15,14.281265213851315
2025-11-08,0,wk inc flu hosp,2025-11-15,28,quantile,0.2,15.873968141732565
2025-11-08,0,wk inc flu hosp,2025-11-15,28,quantile,0.25,17.2403654368969
2025-11-08,0,wk inc flu hosp,2025-11-15,28,quantile,0.3,18.467432438238223
2025-11-08,0,wk inc flu hosp,2025-11-15,28,quantile,0.35,19.604492884520603
2025-11-08,0,wk inc flu hosp,2025-11-15,28,quantile,0.4,20.683452054659107
2025-11-08,0,wk inc flu hosp,2025-11-15,28,quantile,0.45,21.727357538460854
2025-11-08,0,wk inc flu hosp,2025-11-15,28,quantile,0.5,22.75471229520851
2025-11-08,0,wk inc flu hosp,2025-11-15,28,quantile,0.55,23.782067051956165
2025-11-08,0,wk inc flu hosp,2025-11-15,28,quantile,0.6,24.825972535757913
2025-11-08,0,wk inc flu hosp,2025-11-15,28,quantile,0.65,25.904931705896416
2025-11-08,0,wk inc flu hosp,2025-11-15,28,quantile,0.7,27.041992152178796
2025-11-08,0,wk inc flu hosp,2025-11-15,28,quantile,0.75,28.269059153520118
2025-11-08,0,wk inc flu hosp,2025-11-15,28,quantile,0.8,29.635456448684458
2025-11-08,0,wk inc flu hosp,2025-11-15,28,quantile,0.85,31.228159376565706
2025-11-08,0,wk inc flu hosp,2025-11-15,28,quantile,0.9,33.23214334167105
2025-11-08,0,wk inc flu hosp,2025-11-15,28,quantile,0.95,36.20234945726393
2025-11-08,0,wk inc flu hosp,2025-11-15,28,quantile,0.975,38.77856030388524
2025-11-08,0,wk inc flu hosp,2025-11-15,28,quantile,0.99,41.77396216049953
2025-09-13,0,wk inc flu hosp,2025-09-20,29,quantile,0.01,0.0
2025-09-13,0,wk inc flu hosp,2025-09-20,29,quantile,0.025,0.0
2025-09-13,0,wk inc flu hosp,2025-09-20,29,quantile,0.05,0.0
2025-09-13,0,wk inc flu hosp,2025-09-20,29,quantile,0.1,0.0
2025-09-13,0,wk inc flu hosp,2025-09-20,29,quantile,0.15,0.0
2025-09-13,0,wk inc flu hosp,2025-09-20,29,quantile,0.2,0.0
2025-09-13,0,wk inc flu hosp,2025-09-20,29,quantile,0.25,0.0
2025-09-13,0,wk inc flu hosp,2025-09-20,29,quantile,0.3,0.0
2025-09-13,0,wk inc flu hosp,2025-09-20,29,quantile,0.35,0.0
2025-09-13,0,wk inc flu hosp,2025-09-20,29,quantile,0.4,0.0
2025-09-13,0,wk inc flu hosp,2025-09-20,29,quantile,0.45,0.0
2025-09-13,0,wk inc flu hosp,2025-09-20,29,quantile,0.5,9.622394691525857
2025-09-13,0,wk inc flu hosp,2025-09-20,29,quantile,0.55,20.223403618355807
2025-09-13,0,wk inc flu hosp,2025-09-20,29,quantile,0.6,30.99519523158844
2025-09-13,0,wk inc flu hosp,2025-09-20,29,quantile,0.65,42.12869679879125
2025-09-13,0,wk inc flu hosp,2025-09-20,29,quantile,0.7,53.86173045850251
2025-09-13,0,wk inc flu hosp,2025-09-20,29,quantile,0.75,66.5235185600326
2025-09-13,0,wk inc flu hosp,2025-09-20,29,quantile,0.8,80.6230200501409
2025-09-13,0,wk inc flu hosp,2025-09-20,29,quantile,0.85,97.05771103235678
2025-09-13,0,wk inc flu hosp,2025-09-20,29,quantile,0.9,117.73630502705413
2025-09-13,0,wk inc flu hosp,2025-09-20,29,quantile,0.95,148.38509634195046
2025-09-13,0,wk inc flu hosp,2025-09-20,29,quantile,0.975,174.96835203143257
2025-09-13,0,wk inc flu hosp,2025-09-20,29,quantile,0.99,205.87713170354604
2025-09-20,0,wk inc flu hosp,2025-09-27,29,quantile,0.01,0.0
2025-09-20,0,wk inc flu hosp,2025-09-27,29,quantile,0.025,0.0
2025-09-20,0,wk inc flu hosp,2025-09-27,29,quantile,0.05,0.0
2025-09-20,0,wk inc flu hosp,2025-09-27,29,quantile,0.1,0.0
2025-09-20,0,wk inc flu hosp,2025-09-27,29,quantile,0.15,0.0
2025-09-20,0,wk inc flu hosp,2025-09-27,29,quantile,0.2,0.0
2025-09-20,0,wk inc flu hosp,2025-09-27,29,quantile,0.25,0.0
2025-09-20,0,wk inc flu hosp,2025-09-27,29,quantile,0.3,0.0
2025-09-20,0,wk inc flu hosp,2025-09-27,29,quantile,0.35,0.0
2025-09-20,0,wk inc flu hosp,2025-09-27,29,quantile,0.4,0.0
2025-09-20,0,wk inc flu hosp,2025-09-27,29,quantile,0.45,0.0
2025-09-20,0,wk inc flu hosp,2025-09-27,29,quantile,0.5,9.697207406206804
2025-09-20,0,wk inc flu hosp,2025-09-27,29,quantile,0.55,19.91183971270515
2025-09-20,0,wk inc flu hosp,2025-09-27,29,quantile,0.6,30.29103016248591
2025-09-20,0,wk inc flu hosp,2025-09-27,29,quantile,0.65,41.01874726731503
2025-09-20,0,wk inc flu hosp,2025-09-27,29,quantile,0.7,52.32414522527692
2025-09-20,0,wk inc flu hosp,2025-09-27,29,quantile,0.75,64.52444716753755
2025-09-20,0,wk inc flu hosp,2025-09-27,29,quantile,0.8,78.11006193500371
2025-09-20,0,wk inc flu hosp,2025-09-27,29,quantile,0.85,93.94575518014273
2025-09-20,0,wk inc flu hosp,2025-09-27,29,quantile,0.9,113.87067324493312
2025-09-20,0,wk inc flu hosp,2025-09-27,29,quantile,0.95,143.40240329828032
2025-09-20,0,wk inc flu hosp,2025-09-27,29,quantile,0.975,169.0167749351589
2025-09-20,0,wk inc flu hosp,2025-09-27,29,quantile,0.99,198.7990175096514
2025-09-27,0,wk inc flu hosp,2025-10-04,29,quantile,0.01,0.0
2025-09-27,0,wk inc flu hosp,2025-10-04,29,quantile,0.025,0.0
2025-09-27,0,wk inc flu hosp,2025-10-04,29,quantile,0.05,0.0
2025-09-27,0,wk inc flu hosp,2025-10-04,29,quantile,0.1,0.0
2025-09-27,0,wk inc flu hosp,2025-10-04,29,quantile,0.15,0.0
2025-09-27,0,wk inc flu hosp,2025-10-04,29,quantile,0.2,0.0
2025-09-27,0,wk inc flu hosp,2025-10-04,29,quantile,0.25,0.0
2025-09-27,0,wk inc flu hosp,2025-10-04,29,quantile,0.3,0.0
2025-09-27,0,wk inc flu hosp,2025-10-04,29,quantile,0.35,0.0
2025-09-27,0,wk inc flu hosp,2025-10-04,29,quantile,0.4,0.0
2025-09-27,0,wk inc flu hosp,2025-10-04,29,quantile,0.45,4.033863569584492
2025-09-27,0,wk inc flu hosp,2025-10-04,29,quantile,0.5,13.633942938819654
2025-09-27,0,wk inc flu hosp,2025-10-04,29,quantile,0.55,23.234022308054826
2025-09-27,0,wk inc flu hosp,2025-10-04,29,quantile,0.6,32.98875934767527
2025-09-27,0,wk inc flu hosp,2025-10-04,29,quantile,0.65,43.07105429152196
2025-09-27,0,wk inc flu hosp,2025-10-04,29,quantile,0.7,53.69627450901105
2025-09-27,0,wk inc flu hosp,2025-10-04,29,quantile,0.75,65.1625577250818
2025-09-27,0,wk inc flu hosp,2025-10-04,29,quantile,0.8,77.93080783277841
2025-09-27,0,wk inc flu hosp,2025-10-04,29,quantile,0.85,92.81376274085486
2025-09-27,0,wk inc flu hosp,2025-10-04,29,quantile,0.9,111.53991842692948
2025-09-27,0,wk inc flu hosp,2025-10-04,29,quantile,0.95,139.29490205395626
2025-09-27,0,wk inc flu hosp,2025-10-04,29,quantile,0.975,163.36821113926558
2025-09-27,0,wk inc flu hosp,2025-10-04,29,quantile,0.99,191.35863545704072
2025-10-04,0,wk inc flu hosp,2025-10-11,29,quantile,0.01,0.0
2025-10-04,0,wk inc flu hosp,2025-10-11,29,quantile,0.025,0.0
2025-10-04,0,wk inc flu hosp,2025-10-11,29,quantile,0.05,0.0
2025-10-04,0,wk inc flu hosp,2025-10-11,29,quantile,0.1,0.0
2025-10-04,0,wk inc flu hosp,2025-10-11,29,quantile,0.15,0.0
2025-10-04,0,wk inc flu hosp,2025-10-11,29,quantile,0.2,0.0
2025-10-04,0,wk inc flu hosp,2025-10-11,29,quantile,0.25,0.0
2025-10-04,0,wk inc flu hosp,2025-10-11,29,quantile,0.3,0.0
2025-10-04,0,wk inc flu hosp,2025-10-11,29,quantile,0.35,0.0
2025-10-04,0,wk inc flu hosp,2025-10-11,29,quantile,0.4,7.0285096170383135
2025-10-04,0,wk inc flu hosp,2025-10-11,29,quantile,0.45,17.197948701708093
2025-10-04,0,wk inc flu hosp,2025-10-11,29,quantile,0.5,27.20615517174438
2025-10-04,0,wk inc flu hosp,2025-10-11,29,quantile,0.55,37.214361641780684
2025-10-04,0,wk inc flu hosp,2025-10-11,29,quantile,0.6,47.383800726450445
2025-10-04,0,wk inc flu hosp,2025-10-11,29,quantile,0.65,57.89472314790327
2025-10-04,0,wk inc flu hosp,2025-10-11,29,quantile,0.7,68.97165216445022
2025-10-04,0,wk inc flu hosp,2025-10-11,29,quantile,0.75,80.92540019679491
2025-10-04,0,wk inc flu hosp,2025-10-11,29,quantile,0.8,94.23646549365105
2025-10-04,0,wk inc flu hosp,2025-10-11,29,quantile,0.85,109.752137799612
2025-10-04,0,wk inc flu hosp,2025-10-11,29,quantile,0.9,129.27439644852254
2025-10-04,0,wk inc flu hosp,2025-10-11,29,quantile,0.95,158.20932459108968
2025-10-04,0,wk inc flu hosp,2025-10-11,29,quantile,0.975,183.30605957381005
2025-10-04,0,wk inc flu hosp,2025-10-11,29,quantile,0.99,212.48643767088575
2025-10-11,0,wk inc flu hosp,2025-10-18,29,quantile,0.01,0.0
2025-10-11,0,wk inc flu hosp,2025-10-18,29,quantile,0.025,0.0
2025-10-11,0,wk inc flu hosp,2025-10-18,29,quantile,0.05,0.0
2025-10-11,0,wk inc flu hosp,2025-10-18,29,quantile,0.1,0.0
2025-10-11,0,wk inc flu hosp,2025-10-18,29,quantile,0.15,0.0
2025-10-11,0,wk inc flu hosp,2025-10-18,29,quantile,0.2,0.0
2025-10-11,0,wk inc flu hosp,2025-10-18,29,quantile,0.25,0.0
2025-10-11,0,wk inc flu hosp,2025-10-18,29,quantile,0.3,0.0
2025-10-11,0,wk inc flu hosp,2025-10-18,29,quantile,0.35,7.993248702775361
2025-10-11,0,wk inc flu hosp,2025-10-18,29,quantile,0.4,17.145205541692686
2025-10-11,0,wk inc flu hosp,2025-10-18,29,quantile,0.45,25.999829698078813
2025-10-11,0,wk inc flu hosp,2025-10-18,29,quantile,0.5,34.71406713377715
2025-10-11,0,wk inc flu hosp,2025-10-18,29,quantile,0.55,43.4283045694755
2025-10-11,0,wk inc flu hosp,2025-10-18,29,quantile,0.6,52.28292872586161
2025-10-11,0,wk inc flu hosp,2025-10-18,29,quantile,0.65,61.43488556477894
2025-10-11,0,wk inc flu hosp,2025-10-18,29,quantile,0.7,71.07966955255537
2025-10-11,0,wk inc flu hosp,2025-10-18,29,quantile,0.75,81.48790792296
2025-10-11,0,wk inc flu hosp,2025-10-18,29,quantile,0.8,93.077974921095
2025-10-11,0,wk inc flu hosp,2025-10-18,29,quantile,0.85,106.58761352152074
2025-10-11,0,wk inc flu hosp,2025-10-18,29,quantile,0.9,123.58582370603796
2025-10-11,0,wk inc flu hosp,2025-10-18,29,quantile,0.95,148.7797318027687
2025-10-11,0,wk inc flu hosp,2025-10-18,29,quantile,0.975,170.6316898089297
2025-10-11,0,wk inc flu hosp,2025-10-18,29,quantile,0.99,196.03931343886535
2025-10-18,0,wk inc flu hosp,2025-10-25,29,quantile,0.01,0.0
2025-10-18,0,wk inc flu hosp,2025-10-25,29,quantile,0.025,0.0
2025-10-18,0,wk inc flu hosp,2025-10-25,29,quantile,0.05,0.0
2025-10-18,0,wk inc flu hosp,2025-10-25,29,quantile,0.1,0.0
2025-10-18,0,wk inc flu hosp,2025-10-25,29,quantile,0.15,0.0
2025-10-18,0,wk inc flu hosp,2025-10-25,29,quantile,0.2,0.0
2025-10-18,0,wk inc flu hosp,2025-10-25,29,quantile,0.25,0.0
2025-10-18,0,wk inc flu hosp,2025-10-25,29,quantile,0.3,0.0
2025-10-18,0,wk inc flu hosp,2025-10-25,29,quantile,0.35,4.268057438242202
2025-10-18,0,wk inc flu hosp,2025-10-25,29,quantile,0.4,13.392610109769333
2025-10-18,0,wk inc flu hosp,2025-10-25,29,quantile,0.45,22.220720417059596
2025-10-18,0,wk inc flu hosp,2025-10-25,29,quantile,0.5,30.908864370722455
2025-10-18,0,wk inc flu hosp,2025-10-25,29,quantile,0.55,39.59700832438532
2025-10-18,0,wk inc flu hosp,2025-10-25,29,quantile,0.6,48.42511863167557
2025-10-18,0,wk inc flu hosp,2025-10-25,29,quantile,0.65,57.54967130320271
2025-10-18,0,wk inc flu hosp,2025-10-25,29,quantile,0.7,67.16557542632339
2025-10-18,0,wk inc flu hosp,2025-10-25,29,quantile,0.75,77.5426478819887
2025-10-18,0,wk inc flu hosp,2025-10-25,29,quantile,0.8,89.09801015613178
2025-10-18,0,wk inc flu hosp,2025-10-25,29,quantile,0.85,102.56719616219947
2025-10-18,0,wk inc flu hosp,2025-10-25,29,quantile,0.9,119.51450774596614
2025-10-18,0,wk inc flu hosp,2025-10-25,29,quantile,0.95,144.63297644904065
2025-10-18,0,wk inc flu hosp,2025-10-25,29,quantile,0.975,166.41950203178178
2025-10-18,0,wk inc flu hosp,2025-10-25,29,quantile,0.99,191.75104632882756
2025-10-25,0,wk inc flu hosp,2025-11-01,29,quantile,0.01,0.0
2025-10-25,0,wk inc flu hosp,2025-11-01,29,quantile,0.025,0.0
2025-10-25,0,wk inc flu hosp,2025-11-01,29,quantile,0.05,0.0
2025-10-25,0,wk inc flu hosp,2025-11-01,29,quantile,0.1,0.0
2025-10-25,0,wk inc flu hosp,2025-11-01,29,quantile,0.15,0.0
2025-10-25,0,wk inc flu hosp,2025-11-01,29,quantile,0.2,0.0
2025-10-25,0,wk inc flu hosp,2025-11-01,29,quantile,0.25,0.0
2025-10-25,0,wk inc flu hosp,2025-11-01,29,quantile,0.3,3.0398529538136856
2025-10-25,0,wk inc flu hosp,2025-11-01,29,quantile,0.35,12.92677811198292
2025-10-25,0,wk inc flu hosp,2025-11-01,29,quantile,0.4,22.308503242566307
2025-10-25,0,wk inc flu hosp,2025-11-01,29,quantile,0.45,31.385430880226124
2025-10-25,0,wk inc flu hosp,2025-11-01,29,quantile,0.5,40.31844725948969
2025-10-25,0,wk inc flu hosp,2025-11-01,29,quantile,0.55,49.25146363875326
2025-10-25,0,wk inc flu hosp,2025-11-01,29,quantile,0.6,58.32839127641307
2025-10-25,0,wk inc flu hosp,2025-11-01,29,quantile,0.65,67.71011640699646
2025-10-25,0,wk inc flu hosp,2025-11-01,29,quantile,0.7,77.59704156516567
2025-10-25,0,wk inc flu hosp,2025-11-01,29,quantile,0.75,88.26658833023532
2025-10-25,0,wk inc flu hosp,2025-11-01,29,quantile,0.8,100.14763461742602
2025-10-25,0,wk inc flu hosp,2025-11-01,29,quantile,0.85,113.99644511702921
2025-10-25,0,wk inc flu hosp,2025-11-01,29,quantile,0.9,131.42141099808435
2025-10-25,0,wk inc flu hosp,2025-11-01,29,quantile,0.95,157.24783532338404
2025-10-25,0,wk inc flu hosp,2025-11-01,29,quantile,0.975,179.64840682816683
2025-10-25,0,wk inc flu hosp,2025-11-01,29,quantile,0.99,205.69391221164398
2025-11-01,0,wk inc flu hosp,2025-11-08,29,quantile,0.01,0.0
2025-11-01,0,wk inc flu hosp,2025-11-08,29,quantile,0.025,0.0
2025-11-01,0,wk inc flu hosp,2025-11-08,29,quantile,0.05,0.0
2025-11-01,0,wk inc flu hosp,2025-11-08,29,quantile,0.1,0.0
2025-11-01,0,wk inc flu hosp,2025-11-08,29,quantile,0.15,0.0
2025-11-01,0,wk inc flu hosp,2025-11-08,29,quantile,0.2,0.0
2025-11-01,0,wk inc flu hosp,2025-11-08,29,quantile,0.25,0.0
2025-11-01,0,wk inc flu hosp,2025-11-08,29,quantile,0.3,5.651631266776704
2025-11-01,0,wk inc flu hosp,2025-11-08,29,quantile,0.35,16.27905538178905
2025-11-01,0,wk inc flu hosp,2025-11-08,29,quantile,0.4,26.36344160886568
2025-11-01,0,wk inc flu hosp,2025-11-08,29,quantile,0.45,36.120201989213335
2025-11-01,0,wk inc flu hosp,2025-11-08,29,quantile,0.5,45.72227261987289
2025-11-01,0,wk inc flu hosp,2025-11-08,29,quantile,0.55,55.32434325053246
2025-11-01,0,wk inc flu hosp,2025-11-08,29,quantile,0.6,65.0811036308801
2025-11-01,0,wk inc flu hosp,2025-11-08,29,quantile,0.65,75.16548985795673
2025-11-01,0,wk inc flu hosp,2025-11-08,29,quantile,0.7,85.79291397296906
2025-11-01,0,wk inc flu hosp,2025-11-08,29,quantile,0.75,97.26157554098577
2025-11-01,0,wk inc flu hosp,2025-11-08,29,quantile,0.8,110.0324740563589
2025-11-01,0,wk inc flu hosp,2025-11-08,29,quantile,0.85,124.91851600703671
2025-11-01,0,wk inc flu hosp,2025-11-08,29,quantile,0.9,143.648555897607
2025-11-01,0,wk inc flu hosp,2025-11-08,29,quantile,0.95,171.40929650081137
2025-11-01,0,wk inc flu hosp,2025-11-08,29,quantile,0.975,195.4875989043939
2025-11-01,0,wk inc flu hosp,2025-11-08,29,quantile,0.99,223.48382903377254
2025-11-08,0,wk inc flu hosp,2025-11-15,29,quantile,0.01,0.0
2025-11-08,0,wk inc flu hosp,2025-11-15,29,quantile,0.025,0.0
2025-11-08,0,wk inc flu hosp,2025-11-15,29,quantile,0.05,0.0
2025-11-08,0,wk inc flu hosp,2025-11-15,29,quantile,0.1,0.0
2025-11-08,0,wk inc flu hosp,2025-11-15,29,quantile,0.15,0.0
2025-11-08,0,wk inc flu hosp,2025-11-15,29,quantile,0.2,0.0
2025-11-08,0,wk inc flu hosp,2025-11-15,29,quantile,0.25,0.0
2025-11-08,0,wk inc flu hosp,2025-11-15,29,quantile,0.3,0.0
2025-11-08,0,wk inc flu hosp,2025-11-15,29,quantile,0.35,0.0
2025-11-08,0,wk inc flu hosp,2025-11-15,29,quantile,0.4,5.739048821606662
2025-11-08,0,wk inc flu hosp,2025-11-15,29,quantile,0.45,14.184013211038778
2025-11-08,0,wk inc flu hosp,2025-11-15,29,quantile,0.5,22.495085880617097
2025-11-08,0,wk inc flu hosp,2025-11-15,29,quantile,0.55,30.806158550195427
2025-11-08,0,wk inc flu hosp,2025-11-15,29,quantile,0.6,39.251122939627535
2025-11-08,0,wk inc flu hosp,2025-11-15,29,quantile,0.65,47.97966389554546
2025-11-08,0,wk inc flu hosp,2025-11-15,29,quantile,0.7,57.17823131997916
2025-11-08,0,wk inc flu hosp,2025-11-15,29,quantile,0.75,67.10493185998965
2025-11-08,0,wk inc flu hosp,2025-11-15,29,quantile,0.8,78.15878364880794
2025-11-08,0,wk inc flu hosp,2025-11-15,29,quantile,0.85,91.04339793392246
2025-11-08,0,wk inc flu hosp,2025-11-15,29,quantile,0.9,107.25518481013897
2025-11-08,0,wk inc flu hosp,2025-11-15,29,quantile,0.95,131.28349509748963
2025-11-08,0,wk inc flu hosp,2025-11-15,29,quantile,0.975,152.1244708342523
2025-11-08,0,wk inc flu hosp,2025-11-15,29,quantile,0.99,176.3566090916566
2025-09-13,0,wk inc flu hosp,2025-09-20,30,quantile,0.01,0.0
2025-09-13,0,wk inc flu hosp,2025-09-20,30,quantile,0.025,0.0
2025-09-13,0,wk inc flu hosp,2025-09-20,30,quantile,0.05,0.0
2025-09-13,0,wk inc flu hosp,2025-09-20,30,quantile,0.1,0.0
2025-09-13,0,wk inc flu hosp,2025-09-20,30,quantile,0.15,0.0
2025-09-13,0,wk inc flu hosp,2025-09-20,30,quantile,0.2,0.0
2025-09-13,0,wk inc flu hosp,2025-09-20,30,quantile,0.25,0.0
2025-09-13,0,wk inc flu hosp,2025-09-20,30,quantile,0.3,0.0
2025-09-13,0,wk inc flu hosp,2025-09-20,30,quantile,0.35,0.0
2025-09-13,0,wk inc flu hosp,2025-09-20,30,quantile,0.4,0.0
2025-09-13,0,wk inc flu hosp,2025-09-20,30,quantile,0.45,0.0
2025-09-13,0,wk inc flu hosp,2025-09-20,30,quantile,0.5,0.9849258983893745
2025-09-13,0,wk inc flu hosp,2025-09-20,30,quantile,0.55,2.1016883649962597
2025-09-13,0,wk inc flu hosp,2025-09-20,30,quantile,0.6,3.236441920511495
2025-09-13,0,wk inc flu hosp,2025-09-20,30,quantile,0.65,4.409299783190331
2025-09-13,0,wk inc flu hosp,2025-09-20,30,quantile,0.7,5.645315307848415
2025-09-13,0,wk inc flu hosp,2025-09-20,30,quantile,0.75,6.979170397445706
2025-09-13,0,wk inc flu hosp,2025-09-20,30,quantile,0.8,8.464481292918116
2025-09-13,0,wk inc flu hosp,2025-09-20,30,quantile,0.85,10.19579254507359
2025-09-13,0,wk inc flu hosp,2025-09-20,30,quantile,0.9,12.374177432292635
2025-09-13,0,wk inc flu hosp,2025-09-20,30,quantile,0.95,15.602871986140013
2025-09-13,0,wk inc flu hosp,2025-09-20,30,quantile,0.975,18.40328300353786
2025-09-13,0,wk inc flu hosp,2025-09-20,30,quantile,0.99,21.659366010795562
2025-09-20,0,wk inc flu hosp,2025-09-27,30,quantile,0.01,0.0
2025-09-20,0,wk inc flu hosp,2025-09-27,30,quantile,0.025,0.0
2025-09-20,0,wk inc flu hosp,2025-09-27,30,quantile,0.05,0.0
2025-09-20,0,wk inc flu hosp,2025-09-27,30,quantile,0.1,0.0
2025-09-20,0,wk inc flu hosp,2025-09-27,30,quantile,0.15,0.0
2025-09-20,0,wk inc flu hosp,2025-09-27,30,quantile,0.2,0.0
2025-09-20,0,wk inc flu hosp,2025-09-27,30,quantile,0.25,0.0
2025-09-20,0,wk inc flu hosp,2025-09-27,30,quantile,0.3,0.0
2025-09-20,0,wk inc flu hosp,2025-09-27,30,quantile,0.35,0.0
2025-09-20,0,wk inc flu hosp,2025-09-27,30,quantile,0.4,0.0
2025-09-20,0,wk inc flu hosp,2025-09-27,30,quantile,0.45,0.6170457465819721
2025-09-20,0,wk inc flu hosp,2025-09-27,30,quantile,0.5,1.6929720144689275
2025-09-20,0,wk inc flu hosp,2025-09-27,30,quantile,0.55,2.768898282355884
2025-09-20,0,wk inc flu hosp,2025-09-27,30,quantile,0.6,3.8621577663234254
2025-09-20,0,wk inc flu hosp,2025-09-27,30,quantile,0.65,4.992128212758676
2025-09-20,0,wk inc flu hosp,2025-09-27,30,quantile,0.7,6.18294686064563
2025-09-20,0,wk inc flu hosp,2025-09-27,30,quantile,0.75,7.468027413910337
2025-09-20,0,wk inc flu hosp,2025-09-27,30,quantile,0.8,8.899025550222174
2025-09-20,0,wk inc flu hosp,2025-09-27,30,quantile,0.85,10.567028648268675
2025-09-20,0,wk inc flu hosp,2025-09-27,30,quantile,0.9,12.665757421673966
2025-09-20,0,wk inc flu hosp,2025-09-27,30,quantile,0.95,15.776389615485677
2025-09-20,0,wk inc flu hosp,2025-09-27,30,quantile,0.975,18.47439914266207
2025-09-20,0,wk inc flu hosp,2025-09-27,30,quantile,0.99,21.61141828745226
2025-09-27,0,wk inc flu hosp,2025-10-04,30,quantile,0.01,0.0
2025-09-27,0,wk inc flu hosp,2025-10-04,30,quantile,0.025,0.0
2025-09-27,0,wk inc flu hosp,2025-10-04,30,quantile,0.05,0.0
2025-09-27,0,wk inc flu hosp,2025-10-04,30,quantile,0.1,0.0
2025-09-27,0,wk inc flu hosp,2025-10-04,30,quantile,0.15,0.0
2025-09-27,0,wk inc flu hosp,2025-10-04,30,quantile,0.2,0.0
2025-09-27,0,wk inc flu hosp,2025-10-04,30,quantile,0.25,0.0
2025-09-27,0,wk inc flu hosp,2025-10-04,30,quantile,0.3,0.0
2025-09-27,0,wk inc flu hosp,2025-10-04,30,quantile,0.35,0.0
2025-09-27,0,wk inc flu hosp,2025-10-04,30,quantile,0.4,0.0
2025-09-27,0,wk inc flu hosp,2025-10-04,30,quantile,0.45,0.9809720220755087
2025-09-27,0,wk inc flu hosp,2025-10-04,30,quantile,0.5,2.1191273665947166
2025-09-27,0,wk inc flu hosp,2025-10-04,30,quantile,0.55,3.2572827111139255
2025-09-27,0,wk inc flu hosp,2025-10-04,30,quantile,0.6,4.413773784677623
2025-09-27,0,wk inc flu hosp,2025-10-04,30,quantile,0.65,5.609099097521607
2025-09-27,0,wk inc flu hosp,2025-10-04,30,quantile,0.7,6.86879193047703
2025-09-27,0,wk inc flu hosp,2025-10-04,30,quantile,0.75,8.228198558505932
2025-09-27,0,wk inc flu hosp,2025-10-04,30,quantile,0.8,9.741962303710325
2025-09-27,0,wk inc flu hosp,2025-10-04,30,quantile,0.85,11.506438827222143
2025-09-27,0,wk inc flu hosp,2025-10-04,30,quantile,0.9,13.72655319884974
2025-09-27,0,wk inc flu hosp,2025-10-04,30,quantile,0.95,17.01709713470268
2025-09-27,0,wk inc flu hosp,2025-10-04,30,quantile,0.975,19.871153267145935
2025-09-27,0,wk inc flu hosp,2025-10-04,30,quantile,0.99,23.189610313941607
2025-10-04,0,wk inc flu hosp,2025-10-11,30,quantile,0.01,0.0
2025-10-04,0,wk inc flu hosp,2025-10-11,30,quantile,0.025,0.0
2025-10-04,0,wk inc flu hosp,2025-10-11,30,quantile,0.05,0.0
2025-10-04,0,wk inc flu hosp,2025-10-11,30,quantile,0.1,0.0
2025-10-04,0,wk inc flu hosp,2025-10-11,30,quantile,0.15,0.0
2025-10-04,0,wk inc flu hosp,2025-10-11,30,quantile,0.2,0.0
2025-10-04,0,wk inc flu hosp,2025-10-11,30,quantile,0.25,0.8223967252864552
2025-10-04,0,wk inc flu hosp,2025-10-11,30,quantile,0.3,1.6166143361112653
2025-10-04,0,wk inc flu hosp,2025-10-11,30,quantile,0.35,2.3525753146255792
2025-10-04,0,wk inc flu hosp,2025-10-11,30,quantile,0.4,3.0509303134546597
2025-10-04,0,wk inc flu hosp,2025-10-11,30,quantile,0.45,3.726596856818353
2025-10-04,0,wk inc flu hosp,2025-10-11,30,quantile,0.5,4.391550962406483
2025-10-04,0,wk inc flu hosp,2025-10-11,30,quantile,0.55,5.056505067994614
2025-10-04,0,wk inc flu hosp,2025-10-11,30,quantile,0.6,5.732171611358306
2025-10-04,0,wk inc flu hosp,2025-10-11,30,quantile,0.65,6.430526610187387
2025-10-04,0,wk inc flu hosp,2025-10-11,30,quantile,0.7,7.166487588701699
2025-10-04,0,wk inc flu hosp,2025-10-11,30,quantile,0.75,7.960705199526511
2025-10-04,0,wk inc flu hosp,2025-10-11,30,quantile,0.8,8.845104172049314
2025-10-04,0,wk inc flu hosp,2025-10-11,30,quantile,0.85,9.875979187637535
2025-10-04,0,wk inc flu hosp,2025-10-11,30,quantile,0.9,11.173055349866168
2025-10-04,0,wk inc flu hosp,2025-10-11,30,quantile,0.95,13.095517613299847
2025-10-04,0,wk inc flu hosp,2025-10-11,30,quantile,0.975,14.762966922382365
2025-10-04,0,wk inc flu hosp,2025-10-11,30,quantile,0.99,16.701737098273238
2025-10-11,0,wk inc flu hosp,2025-10-18,30,quantile,0.01,0.0
2025-10-11,0,wk inc flu hosp,2025-10-18,30,quantile,0.025,0.0
2025-10-11,0,wk inc flu hosp,2025-10-18,30,quantile,0.05,0.0
2025-10-11,0,wk inc flu hosp,2025-10-18,30,quantile,0.1,0.0
2025-10-11,0,wk inc flu hosp,2025-10-18,30,quantile,0.15,0.0
2025-10-11,0,wk inc flu hosp,2025-10-18,30,quantile,0.2,0.0
2025-10-11,0,wk inc flu hosp,2025-10-18,30,quantile,0.25,0.0
2025-10-11,0,wk inc flu hosp,2025-10-18,30,quantile,0.3,0.0
2025-10-11,0,wk inc flu hosp,2025-10-18,30,quantile,0.35,0.0
2025-10-11,0,wk inc flu hosp,2025-10-18,30,quantile,0.4,0.0
2025-10-11,0,wk inc flu hosp,2025-10-18,30,quantile,0.45,0.0
2025-10-11,0,wk inc flu hosp,2025-10-18,30,quantile,0.5,0.30608685239795996
2025-10-11,0,wk inc flu hosp,2025-10-18,30,quantile,0.55,1.3417086516408205
2025-10-11,0,wk inc flu hosp,2025-10-18,30,quantile,0.6,2.3940143603297197
2025-10-11,0,wk inc flu hosp,2025-10-18,30,quantile,0.65,3.4816558295976514
2025-10-11,0,wk inc flu hosp,2025-10-18,30,quantile,0.7,4.627866111384553
2025-10-11,0,wk inc flu hosp,2025-10-18,30,quantile,0.75,5.8648072238621936
2025-10-11,0,wk inc flu hosp,2025-10-18,30,quantile,0.8,7.242199810020476
2025-10-11,0,wk inc flu hosp,2025-10-18,30,quantile,0.85,8.847719092428289
2025-10-11,0,wk inc flu hosp,2025-10-18,30,quantile,0.9,10.867828958046989
2025-10-11,0,wk inc flu hosp,2025-10-18,30,quantile,0.95,13.861936087399569
2025-10-11,0,wk inc flu hosp,2025-10-18,30,quantile,0.975,16.458877499004142
2025-10-11,0,wk inc flu hosp,2025-10-18,30,quantile,0.99,19.478383117513918
2025-10-18,0,wk inc flu hosp,2025-10-25,30,quantile,0.01,0.0
2025-10-18,0,wk inc flu hosp,2025-10-25,30,quantile,0.025,0.0
2025-10-18,0,wk inc flu hosp,2025-10-25,30,quantile,0.05,0.0
2025-10-18,0,wk inc flu hosp,2025-10-25,30,quantile,0.1,0.0
2025-10-18,0,wk inc flu hosp,2025-10-25,30,quantile,0.15,0.0
2025-10-18,0,wk inc flu hosp,2025-10-25,30,quantile,0.2,0.0
2025-10-18,0,wk inc flu hosp,2025-10-25,30,quantile,0.25,0.0
2025-10-18,0,wk inc flu hosp,2025-10-25,30,quantile,0.3,0.0
2025-10-18,0,wk inc flu hosp,2025-10-25,30,quantile,0.35,0.0
2025-10-18,0,wk inc flu hosp,2025-10-25,30,quantile,0.4,0.9533738430837853
2025-10-18,0,wk inc flu hosp,2025-10-25,30,quantile,0.45,1.960055812088751
2025-10-18,0,wk inc flu hosp,2025-10-25,30,quantile,0.5,2.950777218803537
2025-10-18,0,wk inc flu hosp,2025-10-25,30,quantile,0.55,3.941498625518324
2025-10-18,0,wk inc flu hosp,2025-10-25,30,quantile,0.6,4.948180594523289
2025-10-18,0,wk inc flu hosp,2025-10-25,30,quantile,0.65,5.988666307765571
2025-10-18,0,wk inc flu hosp,2025-10-25,30,quantile,0.7,7.085181525572965
2025-10-18,0,wk inc flu hosp,2025-10-25,30,quantile,0.75,8.268493850471046
2025-10-18,0,wk inc flu hosp,2025-10-25,30,quantile,0.8,9.586168238510112
2025-10-18,0,wk inc flu hosp,2025-10-25,30,quantile,0.85,11.122078667527424
2025-10-18,0,wk inc flu hosp,2025-10-25,30,quantile,0.9,13.054604700918542
2025-10-18,0,wk inc flu hosp,2025-10-25,30,quantile,0.95,15.91889939731797
2025-10-18,0,wk inc flu hosp,2025-10-25,30,quantile,0.975,18.403247882780295
2025-10-18,0,wk inc flu hosp,2025-10-25,30,quantile,0.99,21.291839892083573
2025-10-25,0,wk inc flu hosp,2025-11-01,30,quantile,0.01,0.0
2025-10-25,0,wk inc flu hosp,2025-11-01,30,quantile,0.025,0.0
2025-10-25,0,wk inc flu hosp,2025-11-01,30,quantile,0.05,0.0
2025-10-25,0,wk inc flu hosp,2025-11-01,30,quantile,0.1,0.0
2025-10-25,0,wk inc flu hosp,2025-11-01,30,quantile,0.15,0.0
2025-10-25,0,wk inc flu hosp,2025-11-01,30,quantile,0.2,0.0
2025-10-25,0,wk inc flu hosp,2025-11-01,30,quantile,0.25,0.0
2025-10-25,0,wk inc flu hosp,2025-11-01,30,quantile,0.3,0.5941254605086286
2025-10-25,0,wk inc flu hosp,2025-11-01,30,quantile,0.35,1.7388407899011873
2025-10-25,0,wk inc flu hosp,2025-11-01,30,quantile,0.4,2.8250636955385993
2025-10-25,0,wk inc flu hosp,2025-11-01,30,quantile,0.45,3.8759969274980683
2025-10-25,0,wk inc flu hosp,2025-11-01,30,quantile,0.5,4.910268010111515
2025-10-25,0,wk inc flu hosp,2025-11-01,30,quantile,0.55,5.944539092724962
2025-10-25,0,wk inc flu hosp,2025-11-01,30,quantile,0.6,6.99547232468443
2025-10-25,0,wk inc flu hosp,2025-11-01,30,quantile,0.65,8.081695230321841
2025-10-25,0,wk inc flu hosp,2025-11-01,30,quantile,0.7,9.226410559714399
2025-10-25,0,wk inc flu hosp,2025-11-01,30,quantile,0.75,10.461738383507454
2025-10-25,0,wk inc flu hosp,2025-11-01,30,quantile,0.8,11.837334496211128
2025-10-25,0,wk inc flu hosp,2025-11-01,30,quantile,0.85,13.44075976940131
2025-10-25,0,wk inc flu hosp,2025-11-01,30,quantile,0.9,15.458234893272852
2025-10-25,0,wk inc flu hosp,2025-11-01,30,quantile,0.95,18.448436938459746
2025-10-25,0,wk inc flu hosp,2025-11-01,30,quantile,0.975,21.04199127193133
2025-10-25,0,wk inc flu hosp,2025-11-01,30,quantile,0.99,24.05755868012677
2025-11-01,0,wk inc flu hosp,2025-11-08,30,quantile,0.01,0.0
2025-11-01,0,wk inc flu hosp,2025-11-08,30,quantile,0.025,0.0
2025-11-01,0,wk inc flu hosp,2025-11-08,30,quantile,0.05,0.0
2025-11-01,0,wk inc flu hosp,2025-11-08,30,quantile,0.1,0.0
2025-11-01,0,wk inc flu hosp,2025-11-08,30,quantile,0.15,0.0
2025-11-01,0,wk inc flu hosp,2025-11-08,30,quantile,0.2,0.0
2025-11-01,0,wk inc flu hosp,2025-11-08,30,quantile,0.25,0.0
2025-11-01,0,wk inc flu hosp,2025-11-08,30,quantile,0.3,0.0
2025-11-01,0,wk inc flu hosp,2025-11-08,30,quantile,0.35,0.0
2025-11-01,0,wk inc flu hosp,2025-11-08,30,quantile,0.4,0.0
2025-11-01,0,wk inc flu hosp,2025-11-08,30,quantile,0.45,0.0
2025-11-01,0,wk inc flu hosp,2025-11-08,30,quantile,0.5,1.009571212700746
2025-11-01,0,wk inc flu hosp,2025-11-08,30,quantile,0.55,2.087324081853386
2025-11-01,0,wk inc flu hosp,2025-11-08,30,quantile,0.6,3.182439593707538
2025-11-01,0,wk inc flu hosp,2025-11-08,30,quantile,0.65,4.314328392272713
2025-11-01,0,wk inc flu hosp,2025-11-08,30,quantile,0.7,5.507168694351363
2025-11-01,0,wk inc flu hosp,2025-11-08,30,quantile,0.75,6.794430930353224
2025-11-01,0,wk inc flu hosp,2025-11-08,30,quantile,0.8,8.227858473851215
2025-11-01,0,wk inc flu hosp,2025-11-08,30,quantile,0.85,9.898693342680707
2025-11-01,0,wk inc flu hosp,2025-11-08,30,quantile,0.9,12.00098513034473
2025-11-01,0,wk inc flu hosp,2025-11-08,30,quantile,0.95,15.116898248018863
2025-11-01,0,wk inc flu hosp,2025-11-08,30,quantile,0.975,17.819488189080722
2025-11-01,0,wk inc flu hosp,2025-11-08,30,quantile,0.99,20.96183305489044
2025-11-08,0,wk inc flu hosp,2025-11-15,30,quantile,0.01,0.0
2025-11-08,0,wk inc flu hosp,2025-11-15,30,quantile,0.025,0.0
2025-11-08,0,wk inc flu hosp,2025-11-15,30,quantile,0.05,0.0
2025-11-08,0,wk inc flu hosp,2025-11-15,30,quantile,0.1,0.0
2025-11-08,0,wk inc flu hosp,2025-11-15,30,quantile,0.15,0.0
2025-11-08,0,wk inc flu hosp,2025-11-15,30,quantile,0.2,0.0
2025-11-08,0,wk inc flu hosp,2025-11-15,30,quantile,0.25,0.0
2025-11-08,0,wk inc flu hosp,2025-11-15,30,quantile,0.3,0.0
2025-11-08,0,wk inc flu hosp,2025-11-15,30,quantile,0.35,0.0
2025-11-08,0,wk inc flu hosp,2025-11-15,30,quantile,0.4,0.0166025001181489
2025-11-08,0,wk inc flu hosp,2025-11-15,30,quantile,0.45,1.2048691315416795
2025-11-08,0,wk inc flu hosp,2025-11-15,30,quantile,0.5,2.374296244455781
2025-11-08,0,wk inc flu hosp,2025-11-15,30,quantile,0.55,3.543723357369884
2025-11-08,0,wk inc flu hosp,2025-11-15,30,quantile,0.6,4.731989988793414
2025-11-08,0,wk inc flu hosp,2025-11-15,30,quantile,0.65,5.960157862646151
2025-11-08,0,wk inc flu hosp,2025-11-15,30,quantile,0.7,7.254461807969129
2025-11-08,0,wk inc flu hosp,2025-11-15,30,quantile,0.75,8.651219268141391
2025-11-08,0,wk inc flu hosp,2025-11-15,30,quantile,0.8,10.206574936164207
2025-11-08,0,wk inc flu hosp,2025-11-15,30,quantile,0.85,12.019531925411393
2025-11-08,0,wk inc flu hosp,2025-11-15,30,quantile,0.9,14.300645793086728
2025-11-08,0,wk inc flu hosp,2025-11-15,30,quantile,0.95,17.681600171021003
2025-11-08,0,wk inc flu hosp,2025-11-15,30,quantile,0.975,20.614073878700875
2025-11-08,0,wk inc flu hosp,2025-11-15,30,quantile,0.99,24.02370830360712
2025-09-13,0,wk inc flu hosp,2025-09-20,31,quantile,0.01,0.0
2025-09-13,0,wk inc flu hosp,2025-09-20,31,quantile,0.025,0.0
2025-09-13,0,wk inc flu hosp,2025-09-20,31,quantile,0.05,0.0
2025-09-13,0,wk inc flu hosp,2025-09-20,31,quantile,0.1,0.0
2025-09-13,0,wk inc flu hosp,2025-09-20,31,quantile,0.15,0.0
2025-09-13,0,wk inc flu hosp,2025-09-20,31,quantile,0.2,0.0
2025-09-13,0,wk inc flu hosp,2025-09-20,31,quantile,0.25,0.0
2025-09-13,0,wk inc flu hosp,2025-09-20,31,quantile,0.3,0.0
2025-09-13,0,wk inc flu hosp,2025-09-20,31,quantile,0.35,0.0
2025-09-13,0,wk inc flu hosp,2025-09-20,31,quantile,0.4,0.0
2025-09-13,0,wk inc flu hosp,2025-09-20,31,quantile,0.45,1.1727693119704157
2025-09-13,0,wk inc flu hosp,2025-09-20,31,quantile,0.5,2.6980151636956315
2025-09-13,0,wk inc flu hosp,2025-09-20,31,quantile,0.55,4.223261015420849
2025-09-13,0,wk inc flu hosp,2025-09-20,31,quantile,0.6,5.773078640057504
2025-09-13,0,wk inc flu hosp,2025-09-20,31,quantile,0.65,7.374938160954095
2025-09-13,0,wk inc flu hosp,2025-09-20,31,quantile,0.7,9.063056814673441
2025-09-13,0,wk inc flu hosp,2025-09-20,31,quantile,0.75,10.884802264618788
2025-09-13,0,wk inc flu hosp,2025-09-20,31,quantile,0.8,12.913402212757118
2025-09-13,0,wk inc flu hosp,2025-09-20,31,quantile,0.85,15.277983208587527
2025-09-13,0,wk inc flu hosp,2025-09-20,31,quantile,0.9,18.253166035770903
2025-09-13,0,wk inc flu hosp,2025-09-20,31,quantile,0.95,22.662835165954004
2025-09-13,0,wk inc flu hosp,2025-09-20,31,quantile,0.975,26.487565504885804
2025-09-13,0,wk inc flu hosp,2025-09-20,31,quantile,0.99,30.93464109006572
2025-09-20,0,wk inc flu hosp,2025-09-27,31,quantile,0.01,0.0
2025-09-20,0,wk inc flu hosp,2025-09-27,31,quantile,0.025,0.0
2025-09-20,0,wk inc flu hosp,2025-09-27,31,quantile,0.05,0.0
2025-09-20,0,wk inc flu hosp,2025-09-27,31,quantile,0.1,0.0
2025-09-20,0,wk inc flu hosp,2025-09-27,31,quantile,0.15,0.0
2025-09-20,0,wk inc flu hosp,2025-09-27,31,quantile,0.2,0.0
2025-09-20,0,wk inc flu hosp,2025-09-27,31,quantile,0.25,0.0
2025-09-20,0,wk inc flu hosp,2025-09-27,31,quantile,0.3,0.0
2025-09-20,0,wk inc flu hosp,2025-09-27,31,quantile,0.35,0.0
2025-09-20,0,wk inc flu hosp,2025-09-27,31,quantile,0.4,0.0
2025-09-20,0,wk inc flu hosp,2025-09-27,31,quantile,0.45,0.5816880488431646
2025-09-20,0,wk inc flu hosp,2025-09-27,31,quantile,0.5,2.5068305100740154
2025-09-20,0,wk inc flu hosp,2025-09-27,31,quantile,0.55,4.431972971304868
2025-09-20,0,wk inc flu hosp,2025-09-27,31,quantile,0.6,6.388129556144728
2025-09-20,0,wk inc flu hosp,2025-09-27,31,quantile,0.65,8.409972642698163
2025-09-20,0,wk inc flu hosp,2025-09-27,31,quantile,0.7,10.540690714276606
2025-09-20,0,wk inc flu hosp,2025-09-27,31,quantile,0.75,12.84007052591613
2025-09-20,0,wk inc flu hosp,2025-09-27,31,quantile,0.8,15.400538985866005
2025-09-20,0,wk inc flu hosp,2025-09-27,31,quantile,0.85,18.38507769019598
2025-09-20,0,wk inc flu hosp,2025-09-27,31,quantile,0.9,22.140308877389167
2025-09-20,0,wk inc flu hosp,2025-09-27,31,quantile,0.95,27.706127183265664
2025-09-20,0,wk inc flu hosp,2025-09-27,31,quantile,0.975,32.53364451098497
2025-09-20,0,wk inc flu hosp,2025-09-27,31,quantile,0.99,38.14667668389612
2025-09-27,0,wk inc flu hosp,2025-10-04,31,quantile,0.01,0.0
2025-09-27,0,wk inc flu hosp,2025-10-04,31,quantile,0.025,0.0
2025-09-27,0,wk inc flu hosp,2025-10-04,31,quantile,0.05,0.0
2025-09-27,0,wk inc flu hosp,2025-10-04,31,quantile,0.1,0.0
2025-09-27,0,wk inc flu hosp,2025-10-04,31,quantile,0.15,0.0
2025-09-27,0,wk inc flu hosp,2025-10-04,31,quantile,0.2,0.0
2025-09-27,0,wk inc flu hosp,2025-10-04,31,quantile,0.25,0.0
2025-09-27,0,wk inc flu hosp,2025-10-04,31,quantile,0.3,0.0
2025-09-27,0,wk inc flu hosp,2025-10-04,31,quantile,0.35,0.0
2025-09-27,0,wk inc flu hosp,2025-10-04,31,quantile,0.4,0.0
2025-09-27,0,wk inc flu hosp,2025-10-04,31,quantile,0.45,0.0
2025-09-27,0,wk inc flu hosp,2025-10-04,31,quantile,0.5,1.818664120586459
2025-09-27,0,wk inc flu hosp,2025-10-04,31,quantile,0.55,4.054198051544483
2025-09-27,0,wk inc flu hosp,2025-10-04,31,quantile,0.6,6.325746525354847
2025-09-27,0,wk inc flu hosp,2025-10-04,31,quantile,0.65,8.673572161164302
2025-09-27,0,wk inc flu hosp,2025-10-04,31,quantile,0.7,11.147826738289783
2025-09-27,0,wk inc flu hosp,2025-10-04,31,quantile,0.75,13.817936453595483
2025-09-27,0,wk inc flu hosp,2025-10-04,31,quantile,0.8,16.791230241789265
2025-09-27,0,wk inc flu hosp,2025-10-04,31,quantile,0.85,20.256967285229337
2025-09-27,0,wk inc flu hosp,2025-10-04,31,quantile,0.9,24.617655861073633
2025-09-27,0,wk inc flu hosp,2025-10-04,31,quantile,0.95,31.080853222778995
2025-09-27,0,wk inc flu hosp,2025-10-04,31,quantile,0.975,36.686713051720865
2025-09-27,0,wk inc flu hosp,2025-10-04,31,quantile,0.99,43.20473659065376
2025-10-04,0,wk inc flu hosp,2025-10-11,31,quantile,0.01,0.0
2025-10-04,0,wk inc flu hosp,2025-10-11,31,quantile,0.025,0.0
2025-10-04,0,wk inc flu hosp,2025-10-11,31,quantile,0.05,0.0
2025-10-04,0,wk inc flu hosp,2025-10-11,31,quantile,0.1,0.0
2025-10-04,0,wk inc flu hosp,2025-10-11,31,quantile,0.15,0.0
2025-10-04,0,wk inc flu hosp,2025-10-11,31,quantile,0.2,0.0
2025-10-04,0,wk inc flu hosp,2025-10-11,31,quantile,0.25,0.0
2025-10-04,0,wk inc flu hosp,2025-10-11,31,quantile,0.3,0.0
2025-10-04,0,wk inc flu hosp,2025-10-11,31,quantile,0.35,0.0
2025-10-04,0,wk inc flu hosp,2025-10-11,31,quantile,0.4,0.0
2025-10-04,0,wk inc flu hosp,2025-10-11,31,quantile,0.45,0.0
2025-10-04,0,wk inc flu hosp,2025-10-11,31,quantile,0.5,0.8804711995385351
2025-10-04,0,wk inc flu hosp,2025-10-11,31,quantile,0.55,2.960813290432943
2025-10-04,0,wk inc flu hosp,2025-10-11,31,quantile,0.6,5.074669777303411
2025-10-04,0,wk inc flu hosp,2025-10-11,31,quantile,0.65,7.2595082289220825
2025-10-04,0,wk inc flu hosp,2025-10-11,31,quantile,0.7,9.561998863978758
2025-10-04,0,wk inc flu hosp,2025-10-11,31,quantile,0.75,12.046748279379527
2025-10-04,0,wk inc flu hosp,2025-10-11,31,quantile,0.8,14.813634583593958
2025-10-04,0,wk inc flu hosp,2025-10-11,31,quantile,0.85,18.038778495567847
2025-10-04,0,wk inc flu hosp,2025-10-11,31,quantile,0.9,22.09674597438113
2025-10-04,0,wk inc flu hosp,2025-10-11,31,quantile,0.95,28.111265068507024
2025-10-04,0,wk inc flu hosp,2025-10-11,31,quantile,0.975,33.32796341349889
2025-10-04,0,wk inc flu hosp,2025-10-11,31,quantile,0.99,39.39350262527533
2025-10-11,0,wk inc flu hosp,2025-10-18,31,quantile,0.01,0.0
2025-10-11,0,wk inc flu hosp,2025-10-18,31,quantile,0.025,0.0
2025-10-11,0,wk inc flu hosp,2025-10-18,31,quantile,0.05,0.0
2025-10-11,0,wk inc flu hosp,2025-10-18,31,quantile,0.1,0.0
2025-10-11,0,wk inc flu hosp,2025-10-18,31,quantile,0.15,0.0
2025-10-11,0,wk inc flu hosp,2025-10-18,31,quantile,0.2,0.0
2025-10-11,0,wk inc flu hosp,2025-10-18,31,quantile,0.25,0.0
2025-10-11,0,wk inc flu hosp,2025-10-18,31,quantile,0.3,0.0
2025-10-11,0,wk inc flu hosp,2025-10-18,31,quantile,0.35,0.0
2025-10-11,0,wk inc flu hosp,2025-10-18,31,quantile,0.4,0.0
2025-10-11,0,wk inc flu hosp,2025-10-18,31,quantile,0.45,0.3863783869741586
2025-10-11,0,wk inc flu hosp,2025-10-18,31,quantile,0.5,2.1659575528659256
2025-10-11,0,wk inc flu hosp,2025-10-18,31,quantile,0.55,3.9455367187576944
2025-10-11,0,wk inc flu hosp,2025-10-18,31,quantile,0.6,5.753784977630609
2025-10-11,0,wk inc flu hosp,2025-10-18,31,quantile,0.65,7.622753070117842
2025-10-11,0,wk inc flu hosp,2025-10-18,31,quantile,0.7,9.592363924862472
2025-10-11,0,wk inc flu hosp,2025-10-18,31,quantile,0.75,11.717883718680554
2025-10-11,0,wk inc flu hosp,2025-10-18,31,quantile,0.8,14.08475080410992
2025-10-11,0,wk inc flu hosp,2025-10-18,31,quantile,0.85,16.84362346157937
2025-10-11,0,wk inc flu hosp,2025-10-18,31,quantile,0.9,20.314915232663864
2025-10-11,0,wk inc flu hosp,2025-10-18,31,quantile,0.95,25.459892551352333
2025-10-11,0,wk inc flu hosp,2025-10-18,31,quantile,0.975,29.922393084376836
2025-10-11,0,wk inc flu hosp,2025-10-18,31,quantile,0.99,35.11101434932283
2025-10-18,0,wk inc flu hosp,2025-10-25,31,quantile,0.01,0.0
2025-10-18,0,wk inc flu hosp,2025-10-25,31,quantile,0.025,0.0
2025-10-18,0,wk inc flu hosp,2025-10-25,31,quantile,0.05,0.0
2025-10-18,0,wk inc flu hosp,2025-10-25,31,quantile,0.1,0.0
2025-10-18,0,wk inc flu hosp,2025-10-25,31,quantile,0.15,0.0
2025-10-18,0,wk inc flu hosp,2025-10-25,31,quantile,0.2,0.0
2025-10-18,0,wk inc flu hosp,2025-10-25,31,quantile,0.25,0.0
2025-10-18,0,wk inc flu hosp,2025-10-25,31,quantile,0.3,0.0
2025-10-18,0,wk inc flu hosp,2025-10-25,31,quantile,0.35,0.0
2025-10-18,0,wk inc flu hosp,2025-10-25,31,quantile,0.4,0.0
2025-10-18,0,wk inc flu hosp,2025-10-25,31,quantile,0.45,0.3838439679890575
2025-10-18,0,wk inc flu hosp,2025-10-25,31,quantile,0.5,2.659874231429671
2025-10-18,0,wk inc flu hosp,2025-10-25,31,quantile,0.55,4.935904494870287
2025-10-18,0,wk inc flu hosp,2025-10-25,31,quantile,0.6,7.248601698732058
2025-10-18,0,wk inc flu hosp,2025-10-25,31,quantile,0.65,9.638957812939639
2025-10-18,0,wk inc flu hosp,2025-10-25,31,quantile,0.7,12.158033108111173
2025-10-18,0,wk inc flu hosp,2025-10-25,31,quantile,0.75,14.876511425341729
2025-10-18,0,wk inc flu hosp,2025-10-25,31,quantile,0.8,17.903665945483123
2025-10-18,0,wk inc flu hosp,2025-10-25,31,quantile,0.85,21.432184250108637
2025-10-18,0,wk inc flu hosp,2025-10-25,31,quantile,0.9,25.871865988156806
2025-10-18,0,wk inc flu hosp,2025-10-25,31,quantile,0.95,32.45214311574524
2025-10-18,0,wk inc flu hosp,2025-10-25,31,quantile,0.975,38.159552181019365
2025-10-18,0,wk inc flu hosp,2025-10-25,31,quantile,0.99,44.79564865309216
2025-10-25,0,wk inc flu hosp,2025-11-01,31,quantile,0.01,0.0
2025-10-25,0,wk inc flu hosp,2025-11-01,31,quantile,0.025,0.0
2025-10-25,0,wk inc flu hosp,2025-11-01,31,quantile,0.05,0.0
2025-10-25,0,wk inc flu hosp,2025-11-01,31,quantile,0.1,0.0
2025-10-25,0,wk inc flu hosp,2025-11-01,31,quantile,0.15,0.0
2025-10-25,0,wk inc flu hosp,2025-11-01,31,quantile,0.2,0.0
2025-10-25,0,wk inc flu hosp,2025-11-01,31,quantile,0.25,0.0
2025-10-25,0,wk inc flu hosp,2025-11-01,31,quantile,0.3,0.0
2025-10-25,0,wk inc flu hosp,2025-11-01,31,quantile,0.35,0.0
2025-10-25,0,wk inc flu hosp,2025-11-01,31,quantile,0.4,0.0
2025-10-25,0,wk inc flu hosp,2025-11-01,31,quantile,0.45,0.0
2025-10-25,0,wk inc flu hosp,2025-11-01,31,quantile,0.5,0.0
2025-10-25,0,wk inc flu hosp,2025-11-01,31,quantile,0.55,1.312984083175631
2025-10-25,0,wk inc flu hosp,2025-11-01,31,quantile,0.6,3.0613672231880695
2025-10-25,0,wk inc flu hosp,2025-11-01,31,quantile,0.65,4.868459963961746
2025-10-25,0,wk inc flu hosp,2025-11-01,31,quantile,0.7,6.772863518022087
2025-10-25,0,wk inc flu hosp,2025-11-01,31,quantile,0.75,8.82801438187005
2025-10-25,0,wk inc flu hosp,2025-11-01,31,quantile,0.8,11.116522326788202
2025-10-25,0,wk inc flu hosp,2025-11-01,31,quantile,0.85,13.78405783586008
2025-10-25,0,wk inc flu hosp,2025-11-01,31,quantile,0.9,17.140426618104044
2025-10-25,0,wk inc flu hosp,2025-11-01,31,quantile,0.95,22.11507075537984
2025-10-25,0,wk inc flu hosp,2025-11-01,31,quantile,0.975,26.429832655993906
2025-10-25,0,wk inc flu hosp,2025-11-01,31,quantile,0.99,31.446675832824056
2025-11-01,0,wk inc flu hosp,2025-11-08,31,quantile,0.01,0.0
2025-11-01,0,wk inc flu hosp,2025-11-08,31,quantile,0.025,0.0
2025-11-01,0,wk inc flu hosp,2025-11-08,31,quantile,0.05,0.0
2025-11-01,0,wk inc flu hosp,2025-11-08,31,quantile,0.1,0.0
2025-11-01,0,wk inc flu hosp,2025-11-08,31,quantile,0.15,0.0
2025-11-01,0,wk inc flu hosp,2025-11-08,31,quantile,0.2,0.0
2025-11-01,0,wk inc flu hosp,2025-11-08,31,quantile,0.25,0.0
2025-11-01,0,wk inc flu hosp,2025-11-08,31,quantile,0.3,0.0
2025-11-01,0,wk inc flu hosp,2025-11-08,31,quantile,0.35,0.0
2025-11-01,0,wk inc flu hosp,2025-11-08,31,quantile,0.4,0.0
2025-11-01,0,wk inc flu hosp,2025-11-08,31,quantile,0.45,0.0
2025-11-01,0,wk inc flu hosp,2025-11-08,31,quantile,0.5,0.5667950794102505
2025-11-01,0,wk inc flu hosp,2025-11-08,31,quantile,0.55,2.2172074586344204
2025-11-01,0,wk inc flu hosp,2025-11-08,31,quantile,0.6,3.8942080486356607
2025-11-01,0,wk inc flu hosp,2025-11-08,31,quantile,0.65,5.627521258486707
2025-11-01,0,wk inc flu hosp,2025-11-08,31,quantile,0.7,7.454172300052418
2025-11-01,0,wk inc flu hosp,2025-11-08,31,quantile,0.75,9.425415977905589
2025-11-01,0,wk inc flu hosp,2025-11-08,31,quantile,0.8,11.620489292226706
2025-11-01,0,wk inc flu hosp,2025-11-08,31,quantile,0.85,14.179115328011386
2025-11-01,0,wk inc flu hosp,2025-11-08,31,quantile,0.9,17.39845112419438
2025-11-01,0,wk inc flu hosp,2025-11-08,31,quantile,0.95,22.169991733536094
2025-11-01,0,wk inc flu hosp,2025-11-08,31,quantile,0.975,26.308591613304536
2025-11-01,0,wk inc flu hosp,2025-11-08,31,quantile,0.99,31.120608370357
2025-11-08,0,wk inc flu hosp,2025-11-15,31,quantile,0.01,0.0
2025-11-08,0,wk inc flu hosp,2025-11-15,31,quantile,0.025,0.0
2025-11-08,0,wk inc flu hosp,2025-11-15,31,quantile,0.05,0.0
2025-11-08,0,wk inc flu hosp,2025-11-15,31,quantile,0.1,0.0
2025-11-08,0,wk inc flu hosp,2025-11-15,31,quantile,0.15,0.0
2025-11-08,0,wk inc flu hosp,2025-11-15,31,quantile,0.2,0.0
2025-11-08,0,wk inc flu hosp,2025-11-15,31,quantile,0.25,0.0
2025-11-08,0,wk inc flu hosp,2025-11-15,31,quantile,0.3,0.0
2025-11-08,0,wk inc flu hosp,2025-11-15,31,quantile,0.35,0.0
2025-11-08,0,wk inc flu hosp,2025-11-15,31,quantile,0.4,0.0
2025-11-08,0,wk inc flu hosp,2025-11-15,31,quantile,0.45,0.0
2025-11-08,0,wk inc flu hosp,2025-11-15,31,quantile,0.5,1.7561282788255765
2025-11-08,0,wk inc flu hosp,2025-11-15,31,quantile,0.55,3.832937246867677
2025-11-08,0,wk inc flu hosp,2025-11-15,31,quantile,0.6,5.943203692132511
2025-11-08,0,wk inc flu hosp,2025-11-15,31,quantile,0.65,8.12433155081755
2025-11-08,0,wk inc flu hosp,2025-11-15,31,quantile,0.7,10.42291177983305
2025-11-08,0,wk inc flu hosp,2025-11-15,31,quantile,0.75,12.903441252282976
2025-11-08,0,wk inc flu hosp,2025-11-15,31,quantile,0.8,15.665628449906263
2025-11-08,0,wk inc flu hosp,2025-11-15,31,quantile,0.85,18.885294979238495
2025-11-08,0,wk inc flu hosp,2025-11-15,31,quantile,0.9,22.93637065996911
2025-11-08,0,wk inc flu hosp,2025-11-15,31,quantile,0.95,28.94067507115891
2025-11-08,0,wk inc flu hosp,2025-11-15,31,quantile,0.975,34.14851370206003
2025-11-08,0,wk inc flu hosp,2025-11-15,31,quantile,0.99,40.203751581524585
2025-09-13,0,wk inc flu hosp,2025-09-20,32,quantile,0.01,0.0
2025-09-13,0,wk inc flu hosp,2025-09-20,32,quantile,0.025,0.0
2025-09-13,0,wk inc flu hosp,2025-09-20,32,quantile,0.05,0.0
2025-09-13,0,wk inc flu hosp,2025-09-20,32,quantile,0.1,0.0
2025-09-13,0,wk inc flu hosp,2025-09-20,32,quantile,0.15,0.0
2025-09-13,0,wk inc flu hosp,2025-09-20,32,quantile,0.2,0.0
2025-09-13,0,wk inc flu hosp,2025-09-20,32,quantile,0.25,0.0
2025-09-13,0,wk inc flu hosp,2025-09-20,32,quantile,0.3,0.0
2025-09-13,0,wk inc flu hosp,2025-09-20,32,quantile,0.35,0.0
2025-09-13,0,wk inc flu hosp,2025-09-20,32,quantile,0.4,0.06426638115069583
2025-09-13,0,wk inc flu hosp,2025-09-20,32,quantile,0.45,3.337008317410507
2025-09-13,0,wk inc flu hosp,2025-09-20,32,quantile,0.5,6.557862166725651
2025-09-13,0,wk inc flu hosp,2025-09-20,32,quantile,0.55,9.778716016040798
2025-09-13,0,wk inc flu hosp,2025-09-20,32,quantile,0.6,13.051457952300606
2025-09-13,0,wk inc flu hosp,2025-09-20,32,quantile,0.65,16.434096494215744
2025-09-13,0,wk inc flu hosp,2025-09-20,32,quantile,0.7,19.998888004897523
2025-09-13,0,wk inc flu hosp,2025-09-20,32,quantile,0.75,23.845858536429848
2025-09-13,0,wk inc flu hosp,2025-09-20,32,quantile,0.8,28.129642651817797
2025-09-13,0,wk inc flu hosp,2025-09-20,32,quantile,0.85,33.12291622395919
2025-09-13,0,wk inc flu hosp,2025-09-20,32,quantile,0.9,39.405594554479414
2025-09-13,0,wk inc flu hosp,2025-09-20,32,quantile,0.95,48.71747026034769
2025-09-13,0,wk inc flu hosp,2025-09-20,32,quantile,0.975,56.79413371811544
2025-09-13,0,wk inc flu hosp,2025-09-20,32,quantile,0.99,66.18500044331968
2025-09-20,0,wk inc flu hosp,2025-09-27,32,quantile,0.01,0.0
2025-09-20,0,wk inc flu hosp,2025-09-27,32,quantile,0.025,0.0
2025-09-20,0,wk inc flu hosp,2025-09-27,32,quantile,0.05,0.0
2025-09-20,0,wk inc flu hosp,2025-09-27,32,quantile,0.1,0.0
2025-09-20,0,wk inc flu hosp,2025-09-27,32,quantile,0.15,0.0
2025-09-20,0,wk inc flu hosp,2025-09-27,32,quantile,0.2,0.0
2025-09-20,0,wk inc flu hosp,2025-09-27,32,quantile,0.25,0.0
2025-09-20,0,wk inc flu hosp,2025-09-27,32,quantile,0.3,0.0
2025-09-20,0,wk inc flu hosp,2025-09-27,32,quantile,0.35,0.0
2025-09-20,0,wk inc flu hosp,2025-09-27,32,quantile,0.4,2.18805002397208
2025-09-20,0,wk inc flu hosp,2025-09-27,32,quantile,0.45,4.979222741766527
2025-09-20,0,wk inc flu hosp,2025-09-27,32,quantile,0.5,7.726142470636338
2025-09-20,0,wk inc flu hosp,2025-09-27,32,quantile,0.55,10.473062199506153
2025-09-20,0,wk inc flu hosp,2025-09-27,32,quantile,0.6,13.264234917300596
2025-09-20,0,wk inc flu hosp,2025-09-27,32,quantile,0.65,16.149133450774208
2025-09-20,0,wk inc flu hosp,2025-09-27,32,quantile,0.7,19.189381965025028
2025-09-20,0,wk inc flu hosp,2025-09-27,32,quantile,0.75,22.47028812961051
2025-09-20,0,wk inc flu hosp,2025-09-27,32,quantile,0.8,26.123732728868042
2025-09-20,0,wk inc flu hosp,2025-09-27,32,quantile,0.85,30.382268610549204
2025-09-20,0,wk inc flu hosp,2025-09-27,32,quantile,0.9,35.74047915460058
2025-09-20,0,wk inc flu hosp,2025-09-27,32,quantile,0.95,43.68215433948112
2025-09-20,0,wk inc flu hosp,2025-09-27,32,quantile,0.975,50.570373188747304
2025-09-20,0,wk inc flu hosp,2025-09-27,32,quantile,0.99,58.579416220655006
2025-09-27,0,wk inc flu hosp,2025-10-04,32,quantile,0.01,0.0
2025-09-27,0,wk inc flu hosp,2025-10-04,32,quantile,0.025,0.0
2025-09-27,0,wk inc flu hosp,2025-10-04,32,quantile,0.05,0.0
2025-09-27,0,wk inc flu hosp,2025-10-04,32,quantile,0.1,0.0
2025-09-27,0,wk inc flu hosp,2025-10-04,32,quantile,0.15,0.0
2025-09-27,0,wk inc flu hosp,2025-10-04,32,quantile,0.2,0.0
2025-09-27,0,wk inc flu hosp,2025-10-04,32,quantile,0.25,0.0
2025-09-27,0,wk inc flu hosp,2025-10-04,32,quantile,0.3,0.0
2025-09-27,0,wk inc flu hosp,2025-10-04,32,quantile,0.35,0.0
2025-09-27,0,wk inc flu hosp,2025-10-04,32,quantile,0.4,2.393060167339466
2025-09-27,0,wk inc flu hosp,2025-10-04,32,quantile,0.45,4.767939541539634
2025-09-27,0,wk inc flu hosp,2025-10-04,32,quantile,0.5,7.105166100500594
2025-09-27,0,wk inc flu hosp,2025-10-04,32,quantile,0.55,9.442392659461557
2025-09-27,0,wk inc flu hosp,2025-10-04,32,quantile,0.6,11.817272033661723
2025-09-27,0,wk inc flu hosp,2025-10-04,32,quantile,0.65,14.271898356184895
2025-09-27,0,wk inc flu hosp,2025-10-04,32,quantile,0.7,16.85870477017217
2025-09-27,0,wk inc flu hosp,2025-10-04,32,quantile,0.75,19.650275613956136
2025-09-27,0,wk inc flu hosp,2025-10-04,32,quantile,0.8,22.758822128560862
2025-09-27,0,wk inc flu hosp,2025-10-04,32,quantile,0.85,26.382212743272618
2025-09-27,0,wk inc flu hosp,2025-10-04,32,quantile,0.9,30.941265510793468
2025-09-27,0,wk inc flu hosp,2025-10-04,32,quantile,0.95,37.698468486062396
2025-09-27,0,wk inc flu hosp,2025-10-04,32,quantile,0.975,43.559334338543756
2025-09-27,0,wk inc flu hosp,2025-10-04,32,quantile,0.99,50.373857489439615
2025-10-04,0,wk inc flu hosp,2025-10-11,32,quantile,0.01,0.0
2025-10-04,0,wk inc flu hosp,2025-10-11,32,quantile,0.025,0.0
2025-10-04,0,wk inc flu hosp,2025-10-11,32,quantile,0.05,0.0
2025-10-04,0,wk inc flu hosp,2025-10-11,32,quantile,0.1,0.0
2025-10-04,0,wk inc flu hosp,2025-10-11,32,quantile,0.15,0.0
2025-10-04,0,wk inc flu hosp,2025-10-11,32,quantile,0.2,0.0
2025-10-04,0,wk inc flu hosp,2025-10-11,32,quantile,0.25,0.0
2025-10-04,0,wk inc flu hosp,2025-10-11,32,quantile,0.3,0.0
2025-10-04,0,wk inc flu hosp,2025-10-11,32,quantile,0.35,0.0
2025-10-04,0,wk inc flu hosp,2025-10-11,32,quantile,0.4,0.2313093791930969
2025-10-04,0,wk inc flu hosp,2025-10-11,32,quantile,0.45,2.6119314561312623
2025-10-04,0,wk inc flu hosp,2025-10-11,32,quantile,0.5,4.954809669447926
2025-10-04,0,wk inc flu hosp,2025-10-11,32,quantile,0.55,7.297687882764592
2025-10-04,0,wk inc flu hosp,2025-10-11,32,quantile,0.6,9.678309959702755
2025-10-04,0,wk inc flu hosp,2025-10-11,32,quantile,0.65,12.138871821292144
2025-10-04,0,wk inc flu hosp,2025-10-11,32,quantile,0.7,14.731933399410137
2025-10-04,0,wk inc flu hosp,2025-10-11,32,quantile,0.75,17.53025454878944
2025-10-04,0,wk inc flu hosp,2025-10-11,32,quantile,0.8,20.646317848783156
2025-10-04,0,wk inc flu hosp,2025-10-11,32,quantile,0.85,24.278470194903253
2025-10-04,0,wk inc flu hosp,2025-10-11,32,quantile,0.9,28.84854722121179
2025-10-04,0,wk inc flu hosp,2025-10-11,32,quantile,0.95,35.6220898086938
2025-10-04,0,wk inc flu hosp,2025-10-11,32,quantile,0.975,41.49712783797863
2025-10-04,0,wk inc flu hosp,2025-10-11,32,quantile,0.99,48.32812920717136
2025-10-11,0,wk inc flu hosp,2025-10-18,32,quantile,0.01,0.0
2025-10-11,0,wk inc flu hosp,2025-10-18,32,quantile,0.025,0.0
2025-10-11,0,wk inc flu hosp,2025-10-18,32,quantile,0.05,0.0
2025-10-11,0,wk inc flu hosp,2025-10-18,32,quantile,0.1,0.0
2025-10-11,0,wk inc flu hosp,2025-10-18,32,quantile,0.15,0.0
2025-10-11,0,wk inc flu hosp,2025-10-18,32,quantile,0.2,0.0
2025-10-11,0,wk inc flu hosp,2025-10-18,32,quantile,0.25,0.0
2025-10-11,0,wk inc flu hosp,2025-10-18,32,quantile,0.3,0.0
2025-10-11,0,wk inc flu hosp,2025-10-18,32,quantile,0.35,0.0
2025-10-11,0,wk inc flu hosp,2025-10-18,32,quantile,0.4,0.3728687703335041
2025-10-11,0,wk inc flu hosp,2025-10-18,32,quantile,0.45,3.229083076313965
2025-10-11,0,wk inc flu hosp,2025-10-18,32,quantile,0.5,6.040013183562066
2025-10-11,0,wk inc flu hosp,2025-10-18,32,quantile,0.55,8.85094329081017
2025-10-11,0,wk inc flu hosp,2025-10-18,32,quantile,0.6,11.707157596790628
2025-10-11,0,wk inc flu hosp,2025-10-18,32,quantile,0.65,14.659281773871452
2025-10-11,0,wk inc flu hosp,2025-10-18,32,quantile,0.7,17.770375990570702
2025-10-11,0,wk inc flu hosp,2025-10-18,32,quantile,0.75,21.127735807154664
2025-10-11,0,wk inc flu hosp,2025-10-18,32,quantile,0.8,24.86631517344772
2025-10-11,0,wk inc flu hosp,2025-10-18,32,quantile,0.85,29.22408602375903
2025-10-11,0,wk inc flu hosp,2025-10-18,32,quantile,0.9,34.70715681791185
2025-10-11,0,wk inc flu hosp,2025-10-18,32,quantile,0.95,42.83389370233861
2025-10-11,0,wk inc flu hosp,2025-10-18,32,quantile,0.975,49.88262597697358
2025-10-11,0,wk inc flu hosp,2025-10-18,32,quantile,0.99,58.07830055458406
2025-10-18,0,wk inc flu hosp,2025-10-25,32,quantile,0.01,0.0
2025-10-18,0,wk inc flu hosp,2025-10-25,32,quantile,0.025,0.0
2025-10-18,0,wk inc flu hosp,2025-10-25,32,quantile,0.05,0.0
2025-10-18,0,wk inc flu hosp,2025-10-25,32,quantile,0.1,0.0
2025-10-18,0,wk inc flu hosp,2025-10-25,32,quantile,0.15,0.0
2025-10-18,0,wk inc flu hosp,2025-10-25,32,quantile,0.2,0.0
2025-10-18,0,wk inc flu hosp,2025-10-25,32,quantile,0.25,0.0
2025-10-18,0,wk inc flu hosp,2025-10-25,32,quantile,0.3,0.0
2025-10-18,0,wk inc flu hosp,2025-10-25,32,quantile,0.35,0.0
2025-10-18,0,wk inc flu hosp,2025-10-25,32,quantile,0.4,1.3120674211430465
2025-10-18,0,wk inc flu hosp,2025-10-25,32,quantile,0.45,3.758959751886954
2025-10-18,0,wk inc flu hosp,2025-10-25,32,quantile,0.5,6.16705752917243
2025-10-18,0,wk inc flu hosp,2025-10-25,32,quantile,0.55,8.575155306457908
2025-10-18,0,wk inc flu hosp,2025-10-25,32,quantile,0.6,11.022047637201814
2025-10-18,0,wk inc flu hosp,2025-10-25,32,quantile,0.65,13.551105065833065
2025-10-18,0,wk inc flu hosp,2025-10-25,32,quantile,0.7,16.21635065441643
2025-10-18,0,wk inc flu hosp,2025-10-25,32,quantile,0.75,19.092569700566415
2025-10-18,0,wk inc flu hosp,2025-10-25,32,quantile,0.8,22.295376002637525
2025-10-18,0,wk inc flu hosp,2025-10-25,32,quantile,0.85,26.0286379117455
2025-10-18,0,wk inc flu hosp,2025-10-25,32,quantile,0.9,30.725933855907122
2025-10-18,0,wk inc flu hosp,2025-10-25,32,quantile,0.95,37.68803404385202
2025-10-18,0,wk inc flu hosp,2025-10-25,32,quantile,0.975,43.72661767119324
2025-10-18,0,wk inc flu hosp,2025-10-25,32,quantile,0.99,50.74777614212385
2025-10-25,0,wk inc flu hosp,2025-11-01,32,quantile,0.01,0.0
2025-10-25,0,wk inc flu hosp,2025-11-01,32,quantile,0.025,0.0
2025-10-25,0,wk inc flu hosp,2025-11-01,32,quantile,0.05,0.0
2025-10-25,0,wk inc flu hosp,2025-11-01,32,quantile,0.1,0.0
2025-10-25,0,wk inc flu hosp,2025-11-01,32,quantile,0.15,0.0
2025-10-25,0,wk inc flu hosp,2025-11-01,32,quantile,0.2,0.0
2025-10-25,0,wk inc flu hosp,2025-11-01,32,quantile,0.25,0.0
2025-10-25,0,wk inc flu hosp,2025-11-01,32,quantile,0.3,0.0
2025-10-25,0,wk inc flu hosp,2025-11-01,32,quantile,0.35,1.9109749416821682
2025-10-25,0,wk inc flu hosp,2025-11-01,32,quantile,0.4,3.8645303812645073
2025-10-25,0,wk inc flu hosp,2025-11-01,32,quantile,0.45,5.7546178773733345
2025-10-25,0,wk inc flu hosp,2025-11-01,32,quantile,0.5,7.61473875031382
2025-10-25,0,wk inc flu hosp,2025-11-01,32,quantile,0.55,9.474859623254307
2025-10-25,0,wk inc flu hosp,2025-11-01,32,quantile,0.6,11.364947119363134
2025-10-25,0,wk inc flu hosp,2025-11-01,32,quantile,0.65,13.318502558945472
2025-10-25,0,wk inc flu hosp,2025-11-01,32,quantile,0.7,15.377255736495016
2025-10-25,0,wk inc flu hosp,2025-11-01,32,quantile,0.75,17.598974112450442
2025-10-25,0,wk inc flu hosp,2025-11-01,32,quantile,0.8,20.072962880956144
2025-10-25,0,wk inc flu hosp,2025-11-01,32,quantile,0.85,22.95669894299983
2025-10-25,0,wk inc flu hosp,2025-11-01,32,quantile,0.9,26.585097388665567
2025-10-25,0,wk inc flu hosp,2025-11-01,32,quantile,0.95,31.962930465567215
2025-10-25,0,wk inc flu hosp,2025-11-01,32,quantile,0.975,36.62739864213598
2025-10-25,0,wk inc flu hosp,2025-11-01,32,quantile,0.99,42.050850940124896
2025-11-01,0,wk inc flu hosp,2025-11-08,32,quantile,0.01,0.0
2025-11-01,0,wk inc flu hosp,2025-11-08,32,quantile,0.025,0.0
2025-11-01,0,wk inc flu hosp,2025-11-08,32,quantile,0.05,0.0
2025-11-01,0,wk inc flu hosp,2025-11-08,32,quantile,0.1,0.0
2025-11-01,0,wk inc flu hosp,2025-11-08,32,quantile,0.15,0.0
2025-11-01,0,wk inc flu hosp,2025-11-08,32,quantile,0.2,0.0
2025-11-01,0,wk inc flu hosp,2025-11-08,32,quantile,0.25,0.0
2025-11-01,0,wk inc flu hosp,2025-11-08,32,quantile,0.3,0.0
2025-11-01,0,wk inc flu hosp,2025-11-08,32,quantile,0.35,1.6914522622729091
2025-11-01,0,wk inc flu hosp,2025-11-08,32,quantile,0.4,3.857012042729437
2025-11-01,0,wk inc flu hosp,2025-11-08,32,quantile,0.45,5.952216192140289
2025-11-01,0,wk inc flu hosp,2025-11-08,32,quantile,0.5,8.014201671338572
2025-11-01,0,wk inc flu hosp,2025-11-08,32,quantile,0.55,10.076187150536859
2025-11-01,0,wk inc flu hosp,2025-11-08,32,quantile,0.6,12.171391299947707
2025-11-01,0,wk inc flu hosp,2025-11-08,32,quantile,0.65,14.336951080404235
2025-11-01,0,wk inc flu hosp,2025-11-08,32,quantile,0.7,16.619124899920482
2025-11-01,0,wk inc flu hosp,2025-11-08,32,quantile,0.75,19.081949276943995
2025-11-01,0,wk inc flu hosp,2025-11-08,32,quantile,0.8,21.82442101121049
2025-11-01,0,wk inc flu hosp,2025-11-08,32,quantile,0.85,25.021106760118144
2025-11-01,0,wk inc flu hosp,2025-11-08,32,quantile,0.9,29.043267371584896
2025-11-01,0,wk inc flu hosp,2025-11-08,32,quantile,0.95,35.00471529437169
2025-11-01,0,wk inc flu hosp,2025-11-08,32,quantile,0.975,40.175382312941835
2025-11-01,0,wk inc flu hosp,2025-11-08,32,quantile,0.99,46.187400159878564
2025-11-08,0,wk inc flu hosp,2025-11-15,32,quantile,0.01,0.0
2025-11-08,0,wk inc flu hosp,2025-11-15,32,quantile,0.025,0.0
2025-11-08,0,wk inc flu hosp,2025-11-15,32,quantile,0.05,0.0
2025-11-08,0,wk inc flu hosp,2025-11-15,32,quantile,0.1,0.0
2025-11-08,0,wk inc flu hosp,2025-11-15,32,quantile,0.15,0.0
2025-11-08,0,wk inc flu hosp,2025-11-15,32,quantile,0.2,0.9821586245202365
2025-11-08,0,wk inc flu hosp,2025-11-15,32,quantile,0.25,3.287994226138851
2025-11-08,0,wk inc flu hosp,2025-11-15,32,quantile,0.3,5.358705861237573
2025-11-08,0,wk inc flu hosp,2025-11-15,32,quantile,0.35,7.277528788880245
2025-11-08,0,wk inc flu hosp,2025-11-15,32,quantile,0.4,9.098304105109934
2025-11-08,0,wk inc flu hosp,2025-11-15,32,quantile,0.45,10.85992529522322
2025-11-08,0,wk inc flu hosp,2025-11-15,32,quantile,0.5,12.593616646914654
2025-11-08,0,wk inc flu hosp,2025-11-15,32,quantile,0.55,14.32730799860609
2025-11-08,0,wk inc flu hosp,2025-11-15,32,quantile,0.6,16.088929188719376
2025-11-08,0,wk inc flu hosp,2025-11-15,32,quantile,0.65,17.90970450494906
2025-11-08,0,wk inc flu hosp,2025-11-15,32,quantile,0.7,19.828527432591734
2025-11-08,0,wk inc flu hosp,2025-11-15,32,quantile,0.75,21.89923906769046
2025-11-08,0,wk inc flu hosp,2025-11-15,32,quantile,0.8,24.205074669309074
2025-11-08,0,wk inc flu hosp,2025-11-15,32,quantile,0.85,26.892807678520786
2025-11-08,0,wk inc flu hosp,2025-11-15,32,quantile,0.9,30.274589527889123
2025-11-08,0,wk inc flu hosp,2025-11-15,32,quantile,0.95,35.28689965885706
2025-11-08,0,wk inc flu hosp,2025-11-15,32,quantile,0.975,39.63433119171955
2025-11-08,0,wk inc flu hosp,2025-11-15,32,quantile,0.99,44.68915987630431
2025-09-13,0,wk inc flu hosp,2025-09-20,33,quantile,0.01,0.0
2025-09-13,0,wk inc flu hosp,2025-09-20,33,quantile,0.025,0.0
2025-09-13,0,wk inc flu hosp,2025-09-20,33,quantile,0.05,0.0
2025-09-13,0,wk inc flu hosp,2025-09-20,33,quantile,0.1,0.0
2025-09-13,0,wk inc flu hosp,2025-09-20,33,quantile,0.15,0.0
2025-09-13,0,wk inc flu hosp,2025-09-20,33,quantile,0.2,0.0
2025-09-13,0,wk inc flu hosp,2025-09-20,33,quantile,0.25,0.0
2025-09-13,0,wk inc flu hosp,2025-09-20,33,quantile,0.3,0.0
2025-09-13,0,wk inc flu hosp,2025-09-20,33,quantile,0.35,0.0
2025-09-13,0,wk inc flu hosp,2025-09-20,33,quantile,0.4,0.0
2025-09-13,0,wk inc flu hosp,2025-09-20,33,quantile,0.45,0.0
2025-09-13,0,wk inc flu hosp,2025-09-20,33,quantile,0.5,1.0369288814195456
2025-09-13,0,wk inc flu hosp,2025-09-20,33,quantile,0.55,2.931019480653781
2025-09-13,0,wk inc flu hosp,2025-09-20,33,quantile,0.6,4.855623956733135
2025-09-13,0,wk inc flu hosp,2025-09-20,33,quantile,0.65,6.844855434656665
2025-09-13,0,wk inc flu hosp,2025-09-20,33,quantile,0.7,8.941205782887481
2025-09-13,0,wk inc flu hosp,2025-09-20,33,quantile,0.75,11.20349741740416
2025-09-13,0,wk inc flu hosp,2025-09-20,33,quantile,0.8,13.722666433356409
2025-09-13,0,wk inc flu hosp,2025-09-20,33,quantile,0.85,16.659065591737583
2025-09-13,0,wk inc flu hosp,2025-09-20,33,quantile,0.9,20.353726237821014
2025-09-13,0,wk inc flu hosp,2025-09-20,33,quantile,0.95,25.829769877451863
2025-09-13,0,wk inc flu hosp,2025-09-20,33,quantile,0.975,30.579421070656235
2025-09-13,0,wk inc flu hosp,2025-09-20,33,quantile,0.99,36.101917034468144
2025-09-20,0,wk inc flu hosp,2025-09-27,33,quantile,0.01,0.0
2025-09-20,0,wk inc flu hosp,2025-09-27,33,quantile,0.025,0.0
2025-09-20,0,wk inc flu hosp,2025-09-27,33,quantile,0.05,0.0
2025-09-20,0,wk inc flu hosp,2025-09-27,33,quantile,0.1,0.0
2025-09-20,0,wk inc flu hosp,2025-09-27,33,quantile,0.15,0.0
2025-09-20,0,wk inc flu hosp,2025-09-27,33,quantile,0.2,0.0
2025-09-20,0,wk inc flu hosp,2025-09-27,33,quantile,0.25,0.0
2025-09-20,0,wk inc flu hosp,2025-09-27,33,quantile,0.3,0.0
2025-09-20,0,wk inc flu hosp,2025-09-27,33,quantile,0.35,0.0
2025-09-20,0,wk inc flu hosp,2025-09-27,33,quantile,0.4,0.0
2025-09-20,0,wk inc flu hosp,2025-09-27,33,quantile,0.45,0.0
2025-09-20,0,wk inc flu hosp,2025-09-27,33,quantile,0.5,1.41105252180183
2025-09-20,0,wk inc flu hosp,2025-09-27,33,quantile,0.55,3.2209393432960494
2025-09-20,0,wk inc flu hosp,2025-09-27,33,quantile,0.6,5.0599835153399235
2025-09-20,0,wk inc flu hosp,2025-09-27,33,quantile,0.65,6.960781628297577
2025-09-20,0,wk inc flu hosp,2025-09-27,33,quantile,0.7,8.963936530197051
2025-09-20,0,wk inc flu hosp,2025-09-27,33,quantile,0.75,11.125655625019506
2025-09-20,0,wk inc flu hosp,2025-09-27,33,quantile,0.8,13.532832348736878
2025-09-20,0,wk inc flu hosp,2025-09-27,33,quantile,0.85,16.33869081271396
2025-09-20,0,wk inc flu hosp,2025-09-27,33,quantile,0.9,19.869101457243417
2025-09-20,0,wk inc flu hosp,2025-09-27,33,quantile,0.95,25.1017018520197
2025-09-20,0,wk inc flu hosp,2025-09-27,33,quantile,0.975,29.640202335972425
2025-09-20,0,wk inc flu hosp,2025-09-27,33,quantile,0.99,34.917189968295354
2025-09-27,0,wk inc flu hosp,2025-10-04,33,quantile,0.01,0.0
2025-09-27,0,wk inc flu hosp,2025-10-04,33,quantile,0.025,0.0
2025-09-27,0,wk inc flu hosp,2025-10-04,33,quantile,0.05,0.0
2025-09-27,0,wk inc flu hosp,2025-10-04,33,quantile,0.1,0.0
2025-09-27,0,wk inc flu hosp,2025-10-04,33,quantile,0.15,0.0
2025-09-27,0,wk inc flu hosp,2025-10-04,33,quantile,0.2,0.0
2025-09-27,0,wk inc flu hosp,2025-10-04,33,quantile,0.25,0.0
2025-09-27,0,wk inc flu hosp,2025-10-04,33,quantile,0.3,0.0
2025-09-27,0,wk inc flu hosp,2025-10-04,33,quantile,0.35,0.0
2025-09-27,0,wk inc flu hosp,2025-10-04,33,quantile,0.4,0.0
2025-09-27,0,wk inc flu hosp,2025-10-04,33,quantile,0.45,0.0
2025-09-27,0,wk inc flu hosp,2025-10-04,33,quantile,0.5,0.8992180313965336
2025-09-27,0,wk inc flu hosp,2025-10-04,33,quantile,0.55,2.6523308930157437
2025-09-27,0,wk inc flu hosp,2025-10-04,33,quantile,0.6,4.4336864743742685
2025-09-27,0,wk inc flu hosp,2025-10-04,33,quantile,0.65,6.274858850233921
2025-09-27,0,wk inc flu hosp,2025-10-04,33,quantile,0.7,8.21517720640399
2025-09-27,0,wk inc flu hosp,2025-10-04,33,quantile,0.75,10.30908578860601
2025-09-27,0,wk inc flu hosp,2025-10-04,33,quantile,0.8,12.640752290854639
2025-09-27,0,wk inc flu hosp,2025-10-04,33,quantile,0.85,15.358594369521354
2025-09-27,0,wk inc flu hosp,2025-10-04,33,quantile,0.9,18.778260303445457
2025-09-27,0,wk inc flu hosp,2025-10-04,33,quantile,0.95,23.8467203545677
2025-09-27,0,wk inc flu hosp,2025-10-04,33,quantile,0.975,28.242853569303055
2025-09-27,0,wk inc flu hosp,2025-10-04,33,quantile,0.99,33.354308484032586
2025-10-04,0,wk inc flu hosp,2025-10-11,33,quantile,0.01,0.0
2025-10-04,0,wk inc flu hosp,2025-10-11,33,quantile,0.025,0.0
2025-10-04,0,wk inc flu hosp,2025-10-11,33,quantile,0.05,0.0
2025-10-04,0,wk inc flu hosp,2025-10-11,33,quantile,0.1,0.0
2025-10-04,0,wk inc flu hosp,2025-10-11,33,quantile,0.15,0.0
2025-10-04,0,wk inc flu hosp,2025-10-11,33,quantile,0.2,0.0
2025-10-04,0,wk inc flu hosp,2025-10-11,33,quantile,0.25,0.0
2025-10-04,0,wk inc flu hosp,2025-10-11,33,quantile,0.3,0.0
2025-10-04,0,wk inc flu hosp,2025-10-11,33,quantile,0.35,0.0
2025-10-04,0,wk inc flu hosp,2025-10-11,33,quantile,0.4,0.0
2025-10-04,0,wk inc flu hosp,2025-10-11,33,quantile,0.45,0.0
2025-10-04,0,wk inc flu hosp,2025-10-11,33,quantile,0.5,1.6037254906258376
2025-10-04,0,wk inc flu hosp,2025-10-11,33,quantile,0.55,3.2382015467749157
2025-10-04,0,wk inc flu hosp,2025-10-11,33,quantile,0.6,4.8990090788860154
2025-10-04,0,wk inc flu hosp,2025-10-11,33,quantile,0.65,6.615585478197932
2025-10-04,0,wk inc flu hosp,2025-10-11,33,quantile,0.7,8.424598442450185
2025-10-04,0,wk inc flu hosp,2025-10-11,33,quantile,0.75,10.376807861650516
2025-10-04,0,wk inc flu hosp,2025-10-11,33,quantile,0.8,12.5506856263315
2025-10-04,0,wk inc flu hosp,2025-10-11,33,quantile,0.85,15.084605660362987
2025-10-04,0,wk inc flu hosp,2025-10-11,33,quantile,0.9,18.272855664909287
2025-10-04,0,wk inc flu hosp,2025-10-11,33,quantile,0.95,22.99832244829476
2025-10-04,0,wk inc flu hosp,2025-10-11,33,quantile,0.975,27.096960155219147
2025-10-04,0,wk inc flu hosp,2025-10-11,33,quantile,0.99,31.862512250076584
2025-10-11,0,wk inc flu hosp,2025-10-18,33,quantile,0.01,0.0
2025-10-11,0,wk inc flu hosp,2025-10-18,33,quantile,0.025,0.0
2025-10-11,0,wk inc flu hosp,2025-10-18,33,quantile,0.05,0.0
2025-10-11,0,wk inc flu hosp,2025-10-18,33,quantile,0.1,0.0
2025-10-11,0,wk inc flu hosp,2025-10-18,33,quantile,0.15,0.0
2025-10-11,0,wk inc flu hosp,2025-10-18,33,quantile,0.2,0.0
2025-10-11,0,wk inc flu hosp,2025-10-18,33,quantile,0.25,0.0
2025-10-11,0,wk inc flu hosp,2025-10-18,33,quantile,0.3,0.0
2025-10-11,0,wk inc flu hosp,2025-10-18,33,quantile,0.35,0.0
2025-10-11,0,wk inc flu hosp,2025-10-18,33,quantile,0.4,0.0
2025-10-11,0,wk inc flu hosp,2025-10-18,33,quantile,0.45,0.0
2025-10-11,0,wk inc flu hosp,2025-10-18,33,quantile,0.5,1.5399064296686098
2025-10-11,0,wk inc flu hosp,2025-10-18,33,quantile,0.55,3.375248944723309
2025-10-11,0,wk inc flu hosp,2025-10-18,33,quantile,0.6,5.240158902589684
2025-10-11,0,wk inc flu hosp,2025-10-18,33,quantile,0.65,7.167691358109067
2025-10-11,0,wk inc flu hosp,2025-10-18,33,quantile,0.7,9.199020230187974
2025-10-11,0,wk inc flu hosp,2025-10-18,33,quantile,0.75,11.391143468622134
2025-10-11,0,wk inc flu hosp,2025-10-18,33,quantile,0.8,13.832176648056597
2025-10-11,0,wk inc flu hosp,2025-10-18,33,quantile,0.85,16.677498946117023
2025-10-11,0,wk inc flu hosp,2025-10-18,33,quantile,0.9,20.257564105195407
2025-10-11,0,wk inc flu hosp,2025-10-18,33,quantile,0.95,25.563759970468517
2025-10-11,0,wk inc flu hosp,2025-10-18,33,quantile,0.975,30.16609354949191
2025-10-11,0,wk inc flu hosp,2025-10-18,33,quantile,0.99,35.517300949866396
2025-10-18,0,wk inc flu hosp,2025-10-25,33,quantile,0.01,0.0
2025-10-18,0,wk inc flu hosp,2025-10-25,33,quantile,0.025,0.0
2025-10-18,0,wk inc flu hosp,2025-10-25,33,quantile,0.05,0.0
2025-10-18,0,wk inc flu hosp,2025-10-25,33,quantile,0.1,0.0
2025-10-18,0,wk inc flu hosp,2025-10-25,33,quantile,0.15,0.0
2025-10-18,0,wk inc flu hosp,2025-10-25,33,quantile,0.2,0.0
2025-10-18,0,wk inc flu hosp,2025-10-25,33,quantile,0.25,0.0
2025-10-18,0,wk inc flu hosp,2025-10-25,33,quantile,0.3,0.0
2025-10-18,0,wk inc flu hosp,2025-10-25,33,quantile,0.35,0.0
2025-10-18,0,wk inc flu hosp,2025-10-25,33,quantile,0.4,1.1101752129406268
2025-10-18,0,wk inc flu hosp,2025-10-25,33,quantile,0.45,2.5819160691538983
2025-10-18,0,wk inc flu hosp,2025-10-25,33,quantile,0.5,4.030323030121373
2025-10-18,0,wk inc flu hosp,2025-10-25,33,quantile,0.55,5.47872999108885
2025-10-18,0,wk inc flu hosp,2025-10-25,33,quantile,0.6,6.950470847302119
2025-10-18,0,wk inc flu hosp,2025-10-25,33,quantile,0.65,8.47163183124075
2025-10-18,0,wk inc flu hosp,2025-10-25,33,quantile,0.7,10.074706382284763
2025-10-18,0,wk inc flu hosp,2025-10-25,33,quantile,0.75,11.804675873974968
2025-10-18,0,wk inc flu hosp,2025-10-25,33,quantile,0.8,13.73107894045658
2025-10-18,0,wk inc flu hosp,2025-10-25,33,quantile,0.85,15.976536989241481
2025-10-18,0,wk inc flu hosp,2025-10-25,33,quantile,0.9,18.8018359482054
2025-10-18,0,wk inc flu hosp,2025-10-25,33,quantile,0.95,22.989354607244017
2025-10-18,0,wk inc flu hosp,2025-10-25,33,quantile,0.975,26.621402542641608
2025-10-18,0,wk inc flu hosp,2025-10-25,33,quantile,0.99,30.84444319293247
2025-10-25,0,wk inc flu hosp,2025-11-01,33,quantile,0.01,0.0
2025-10-25,0,wk inc flu hosp,2025-11-01,33,quantile,0.025,0.0
2025-10-25,0,wk inc flu hosp,2025-11-01,33,quantile,0.05,0.0
2025-10-25,0,wk inc flu hosp,2025-11-01,33,quantile,0.1,0.0
2025-10-25,0,wk inc flu hosp,2025-11-01,33,quantile,0.15,0.0
2025-10-25,0,wk inc flu hosp,2025-11-01,33,quantile,0.2,0.0
2025-10-25,0,wk inc flu hosp,2025-11-01,33,quantile,0.25,0.0
2025-10-25,0,wk inc flu hosp,2025-11-01,33,quantile,0.3,0.0
2025-10-25,0,wk inc flu hosp,2025-11-01,33,quantile,0.35,0.0
2025-10-25,0,wk inc flu hosp,2025-11-01,33,quantile,0.4,0.0
2025-10-25,0,wk inc flu hosp,2025-11-01,33,quantile,0.45,1.205491537334347
2025-10-25,0,wk inc flu hosp,2025-11-01,33,quantile,0.5,3.0789262746504797
2025-10-25,0,wk inc flu hosp,2025-11-01,33,quantile,0.55,4.952361011966614
2025-10-25,0,wk inc flu hosp,2025-11-01,33,quantile,0.6,6.855976859349472
2025-10-25,0,wk inc flu hosp,2025-11-01,33,quantile,0.65,8.823514923690917
2025-10-25,0,wk inc flu hosp,2025-11-01,33,quantile,0.7,10.897003681593093
2025-10-25,0,wk inc flu hosp,2025-11-01,33,quantile,0.75,13.134624065621573
2025-10-25,0,wk inc flu hosp,2025-11-01,33,quantile,0.8,15.62632047421127
2025-10-25,0,wk inc flu hosp,2025-11-01,33,quantile,0.85,18.530696953436298
2025-10-25,0,wk inc flu hosp,2025-11-01,33,quantile,0.9,22.18506575700143
2025-10-25,0,wk inc flu hosp,2025-11-01,33,quantile,0.95,27.601390816473845
2025-10-25,0,wk inc flu hosp,2025-11-01,33,quantile,0.975,32.29924504746023
2025-10-25,0,wk inc flu hosp,2025-11-01,33,quantile,0.99,37.76151584880214
2025-11-01,0,wk inc flu hosp,2025-11-08,33,quantile,0.01,0.0
2025-11-01,0,wk inc flu hosp,2025-11-08,33,quantile,0.025,0.0
2025-11-01,0,wk inc flu hosp,2025-11-08,33,quantile,0.05,0.0
2025-11-01,0,wk inc flu hosp,2025-11-08,33,quantile,0.1,0.0
2025-11-01,0,wk inc flu hosp,2025-11-08,33,quantile,0.15,0.0
2025-11-01,0,wk inc flu hosp,2025-11-08,33,quantile,0.2,0.0
2025-11-01,0,wk inc flu hosp,2025-11-08,33,quantile,0.25,0.0
2025-11-01,0,wk inc flu hosp,2025-11-08,33,quantile,0.3,0.0
2025-11-01,0,wk inc flu hosp,2025-11-08,33,quantile,0.35,0.0
2025-11-01,0,wk inc flu hosp,2025-11-08,33,quantile,0.4,0.0
2025-11-01,0,wk inc flu hosp,2025-11-08,33,quantile,0.45,1.4653731378392365
2025-11-01,0,wk inc flu hosp,2025-11-08,33,quantile,0.5,3.1024905874076096
2025-11-01,0,wk inc flu hosp,2025-11-08,33,quantile,0.55,4.7396080369759845
2025-11-01,0,wk inc flu hosp,2025-11-08,33,quantile,0.6,6.403099515462153
2025-11-01,0,wk inc flu hosp,2025-11-08,33,quantile,0.65,8.122449986372
2025-11-01,0,wk inc flu hosp,2025-11-08,33,quantile,0.7,9.934386404241835
2025-11-01,0,wk inc flu hosp,2025-11-08,33,quantile,0.75,11.889750689549606
2025-11-01,0,wk inc flu hosp,2025-11-08,33,quantile,0.8,14.067141547249225
2025-11-01,0,wk inc flu hosp,2025-11-08,33,quantile,0.85,16.605156520253807
2025-11-01,0,wk inc flu hosp,2025-11-08,33,quantile,0.9,19.798558893077022
2025-11-01,0,wk inc flu hosp,2025-11-08,33,quantile,0.95,24.53166226239949
2025-11-01,0,wk inc flu hosp,2025-11-08,33,quantile,0.975,28.636923568749776
2025-11-01,0,wk inc flu hosp,2025-11-08,33,quantile,0.99,33.41017702937229
2025-11-08,0,wk inc flu hosp,2025-11-15,33,quantile,0.01,0.0
2025-11-08,0,wk inc flu hosp,2025-11-15,33,quantile,0.025,0.0
2025-11-08,0,wk inc flu hosp,2025-11-15,33,quantile,0.05,0.0
2025-11-08,0,wk inc flu hosp,2025-11-15,33,quantile,0.1,0.0
2025-11-08,0,wk inc flu hosp,2025-11-15,33,quantile,0.15,0.0
2025-11-08,0,wk inc flu hosp,2025-11-15,33,quantile,0.2,0.0
2025-11-08,0,wk inc flu hosp,2025-11-15,33,quantile,0.25,0.0
2025-11-08,0,wk inc flu hosp,2025-11-15,33,quantile,0.3,0.0
2025-11-08,0,wk inc flu hosp,2025-11-15,33,quantile,0.35,0.0
2025-11-08,0,wk inc flu hosp,2025-11-15,33,quantile,0.4,0.0
2025-11-08,0,wk inc flu hosp,2025-11-15,33,quantile,0.45,0.06511567804427076
2025-11-08,0,wk inc flu hosp,2025-11-15,33,quantile,0.5,1.8309247486839668
2025-11-08,0,wk inc flu hosp,2025-11-15,33,quantile,0.55,3.596733819323665
2025-11-08,0,wk inc flu hosp,2025-11-15,33,quantile,0.6,5.390990146148087
2025-11-08,0,wk inc flu hosp,2025-11-15,33,quantile,0.65,7.245496466352356
2025-11-08,0,wk inc flu hosp,2025-11-15,33,quantile,0.7,9.199866791426167
2025-11-08,0,wk inc flu hosp,2025-11-15,33,quantile,0.75,11.308939657463789
2025-11-08,0,wk inc flu hosp,2025-11-15,33,quantile,0.8,13.65749230887413
2025-11-08,0,wk inc flu hosp,2025-11-15,33,quantile,0.85,16.395017256722216
2025-11-08,0,wk inc flu hosp,2025-11-15,33,quantile,0.9,19.83944873451281
2025-11-08,0,wk inc flu hosp,2025-11-15,33,quantile,0.95,24.94461505231637
2025-11-08,0,wk inc flu hosp,2025-11-15,33,quantile,0.975,29.37258547924617
2025-11-08,0,wk inc flu hosp,2025-11-15,33,quantile,0.99,34.52105803352246
2025-09-13,0,wk inc flu hosp,2025-09-20,34,quantile,0.01,0.0
2025-09-13,0,wk inc flu hosp,2025-09-20,34,quantile,0.025,0.0
2025-09-13,0,wk inc flu hosp,2025-09-20,34,quantile,0.05,0.0
2025-09-13,0,wk inc flu hosp,2025-09-20,34,quantile,0.1,0.0
2025-09-13,0,wk inc flu hosp,2025-09-20,34,quantile,0.15,0.0
2025-09-13,0,wk inc flu hosp,2025-09-20,34,quantile,0.2,0.0
2025-09-13,0,wk inc flu hosp,2025-09-20,34,quantile,0.25,0.0
2025-09-13,0,wk inc flu hosp,2025-09-20,34,quantile,0.3,0.0
2025-09-13,0,wk inc flu hosp,2025-09-20,34,quantile,0.35,0.0
2025-09-13,0,wk inc flu hosp,2025-09-20,34,quantile,0.4,0.0
2025-09-13,0,wk inc flu hosp,2025-09-20,34,quantile,0.45,3.7767534845915804
2025-09-13,0,wk inc flu hosp,2025-09-20,34,quantile,0.5,14.307831457729632
2025-09-13,0,wk inc flu hosp,2025-09-20,34,quantile,0.55,24.838909430867695
2025-09-13,0,wk inc flu hosp,2025-09-20,34,quantile,0.6,35.53964349989082
2025-09-13,0,wk inc flu hosp,2025-09-20,34,quantile,0.65,46.599701455462096
2025-09-13,0,wk inc flu hosp,2025-09-20,34,quantile,0.7,58.25533661101343
2025-09-13,0,wk inc flu hosp,2025-09-20,34,quantile,0.75,70.83359955720255
2025-09-13,0,wk inc flu hosp,2025-09-20,34,quantile,0.8,84.84009182596324
2025-09-13,0,wk inc flu hosp,2025-09-20,34,quantile,0.85,101.16636920132808
2025-09-13,0,wk inc flu hosp,2025-09-20,34,quantile,0.9,121.70855412316854
2025-09-13,0,wk inc flu hosp,2025-09-20,34,quantile,0.95,152.15516664348525
2025-09-13,0,wk inc flu hosp,2025-09-20,34,quantile,0.975,178.56306238039755
2025-09-13,0,wk inc flu hosp,2025-09-20,34,quantile,0.99,209.26794821043976
2025-09-20,0,wk inc flu hosp,2025-09-27,34,quantile,0.01,0.0
2025-09-20,0,wk inc flu hosp,2025-09-27,34,quantile,0.025,0.0
2025-09-20,0,wk inc flu hosp,2025-09-27,34,quantile,0.05,0.0
2025-09-20,0,wk inc flu hosp,2025-09-27,34,quantile,0.1,0.0
2025-09-20,0,wk inc flu hosp,2025-09-27,34,quantile,0.15,0.0
2025-09-20,0,wk inc flu hosp,2025-09-27,34,quantile,0.2,0.0
2025-09-20,0,wk inc flu hosp,2025-09-27,34,quantile,0.25,0.0
2025-09-20,0,wk inc flu hosp,2025-09-27,34,quantile,0.3,0.0
2025-09-20,0,wk inc flu hosp,2025-09-27,34,quantile,0.35,0.0
2025-09-20,0,wk inc flu hosp,2025-09-27,34,quantile,0.4,0.0
2025-09-20,0,wk inc flu hosp,2025-09-27,34,quantile,0.45,4.157178327278098
2025-09-20,0,wk inc flu hosp,2025-09-27,34,quantile,0.5,15.22383851317829
2025-09-20,0,wk inc flu hosp,2025-09-27,34,quantile,0.55,26.290498699078494
2025-09-20,0,wk inc flu hosp,2025-09-27,34,quantile,0.6,37.535443232166664
2025-09-20,0,wk inc flu hosp,2025-09-27,34,quantile,0.65,49.15798589521344
2025-09-20,0,wk inc flu hosp,2025-09-27,34,quantile,0.7,61.40639520775815
2025-09-20,0,wk inc flu hosp,2025-09-27,34,quantile,0.75,74.62435467111365
2025-09-20,0,wk inc flu hosp,2025-09-27,34,quantile,0.8,89.34317934701
2025-09-20,0,wk inc flu hosp,2025-09-27,34,quantile,0.85,106.4997671412294
2025-09-20,0,wk inc flu hosp,2025-09-27,34,quantile,0.9,128.08667216517827
2025-09-20,0,wk inc flu hosp,2025-09-27,34,quantile,0.95,160.08171725301906
2025-09-20,0,wk inc flu hosp,2025-09-27,34,quantile,0.975,187.83264731834905
2025-09-20,0,wk inc flu hosp,2025-09-27,34,quantile,0.99,220.09910079962407
2025-09-27,0,wk inc flu hosp,2025-10-04,34,quantile,0.01,0.0
2025-09-27,0,wk inc flu hosp,2025-10-04,34,quantile,0.025,0.0
2025-09-27,0,wk inc flu hosp,2025-10-04,34,quantile,0.05,0.0
2025-09-27,0,wk inc flu hosp,2025-10-04,34,quantile,0.1,0.0
2025-09-27,0,wk inc flu hosp,2025-10-04,34,quantile,0.15,0.0
2025-09-27,0,wk inc flu hosp,2025-10-04,34,quantile,0.2,0.0
2025-09-27,0,wk inc flu hosp,2025-10-04,34,quantile,0.25,0.0
2025-09-27,0,wk inc flu hosp,2025-10-04,34,quantile,0.3,0.0
2025-09-27,0,wk inc flu hosp,2025-10-04,34,quantile,0.35,0.0
2025-09-27,0,wk inc flu hosp,2025-10-04,34,quantile,0.4,0.0
2025-09-27,0,wk inc flu hosp,2025-10-04,34,quantile,0.45,8.981063634111702
2025-09-27,0,wk inc flu hosp,2025-10-04,34,quantile,0.5,19.43491287697507
2025-09-27,0,wk inc flu hosp,2025-10-04,34,quantile,0.55,29.888762119838447
2025-09-27,0,wk inc flu hosp,2025-10-04,34,quantile,0.6,40.51102330059072
2025-09-27,0,wk inc flu hosp,2025-10-04,34,quantile,0.65,51.48997329790245
2025-09-27,0,wk inc flu hosp,2025-10-04,34,quantile,0.7,63.06013288239599
2025-09-27,0,wk inc flu hosp,2025-10-04,34,quantile,0.75,75.54615424810558
2025-09-27,0,wk inc flu hosp,2025-10-04,34,quantile,0.8,89.44993114278228
2025-09-27,0,wk inc flu hosp,2025-10-04,34,quantile,0.85,105.65648120485326
2025-09-27,0,wk inc flu hosp,2025-10-04,34,quantile,0.9,126.04802182773136
2025-09-27,0,wk inc flu hosp,2025-10-04,34,quantile,0.95,156.27135680399158
2025-09-27,0,wk inc flu hosp,2025-10-04,34,quantile,0.975,182.4855925697034
2025-09-27,0,wk inc flu hosp,2025-10-04,34,quantile,0.99,212.96530683118144
2025-10-04,0,wk inc flu hosp,2025-10-11,34,quantile,0.01,0.0
2025-10-04,0,wk inc flu hosp,2025-10-11,34,quantile,0.025,0.0
2025-10-04,0,wk inc flu hosp,2025-10-11,34,quantile,0.05,0.0
2025-10-04,0,wk inc flu hosp,2025-10-11,34,quantile,0.1,0.0
2025-10-04,0,wk inc flu hosp,2025-10-11,34,quantile,0.15,0.0
2025-10-04,0,wk inc flu hosp,2025-10-11,34,quantile,0.2,0.0
2025-10-04,0,wk inc flu hosp,2025-10-11,34,quantile,0.25,0.0
2025-10-04,0,wk inc flu hosp,2025-10-11,34,quantile,0.3,0.0
2025-10-04,0,wk inc flu hosp,2025-10-11,34,quantile,0.35,0.0
2025-10-04,0,wk inc flu hosp,2025-10-11,34,quantile,0.4,0.0
2025-10-04,0,wk inc flu hosp,2025-10-11,34,quantile,0.45,0.12071014677024294
2025-10-04,0,wk inc flu hosp,2025-10-11,34,quantile,0.5,10.929790073569333
2025-10-04,0,wk inc flu hosp,2025-10-11,34,quantile,0.55,21.738870000368436
2025-10-04,0,wk inc flu hosp,2025-10-11,34,quantile,0.6,32.7220846458704
2025-10-04,0,wk inc flu hosp,2025-10-11,34,quantile,0.65,44.074108697134434
2025-10-04,0,wk inc flu hosp,2025-10-11,34,quantile,0.7,56.037432139931255
2025-10-04,0,wk inc flu hosp,2025-10-11,34,quantile,0.75,68.94773912583047
2025-10-04,0,wk inc flu hosp,2025-10-11,34,quantile,0.8,83.32397817878417
2025-10-04,0,wk inc flu hosp,2025-10-11,34,quantile,0.85,100.08124058891379
2025-10-04,0,wk inc flu hosp,2025-10-11,34,quantile,0.9,121.16570309670553
2025-10-04,0,wk inc flu hosp,2025-10-11,34,quantile,0.95,152.41605268787086
2025-10-04,0,wk inc flu hosp,2025-10-11,34,quantile,0.975,179.5210704692372
2025-10-04,0,wk inc flu hosp,2025-10-11,34,quantile,0.99,211.03651133167628
2025-10-11,0,wk inc flu hosp,2025-10-18,34,quantile,0.01,0.0
2025-10-11,0,wk inc flu hosp,2025-10-18,34,quantile,0.025,0.0
2025-10-11,0,wk inc flu hosp,2025-10-18,34,quantile,0.05,0.0
2025-10-11,0,wk inc flu hosp,2025-10-18,34,quantile,0.1,0.0
2025-10-11,0,wk inc flu hosp,2025-10-18,34,quantile,0.15,0.0
2025-10-11,0,wk inc flu hosp,2025-10-18,34,quantile,0.2,0.0
2025-10-11,0,wk inc flu hosp,2025-10-18,34,quantile,0.25,0.0
2025-10-11,0,wk inc flu hosp,2025-10-18,34,quantile,0.3,0.0
2025-10-11,0,wk inc flu hosp,2025-10-18,34,quantile,0.35,0.0
2025-10-11,0,wk inc flu hosp,2025-10-18,34,quantile,0.4,0.0
2025-10-11,0,wk inc flu hosp,2025-10-18,34,quantile,0.45,6.3929635372307025
2025-10-11,0,wk inc flu hosp,2025-10-18,34,quantile,0.5,16.344464595871443
2025-10-11,0,wk inc flu hosp,2025-10-18,34,quantile,0.55,26.295965654512194
2025-10-11,0,wk inc flu hosp,2025-10-18,34,quantile,0.6,36.40778580129488
2025-10-11,0,wk inc flu hosp,2025-10-18,34,quantile,0.65,46.8591544773449
2025-10-11,0,wk inc flu hosp,2025-10-18,34,quantile,0.7,57.87332281656539
2025-10-11,0,wk inc flu hosp,2025-10-18,34,quantile,0.75,69.7593422102252
2025-10-11,0,wk inc flu hosp,2025-10-18,34,quantile,0.8,82.9949884561224
2025-10-11,0,wk inc flu hosp,2025-10-18,34,quantile,0.85,98.42275064713697
2025-10-11,0,wk inc flu hosp,2025-10-18,34,quantile,0.9,117.8343982978261
2025-10-11,0,wk inc flu hosp,2025-10-18,34,quantile,0.95,146.6053842786346
2025-10-11,0,wk inc flu hosp,2025-10-18,34,quantile,0.975,171.55992388537615
2025-10-11,0,wk inc flu hosp,2025-10-18,34,quantile,0.99,200.5749691278963
2025-10-18,0,wk inc flu hosp,2025-10-25,34,quantile,0.01,0.0
2025-10-18,0,wk inc flu hosp,2025-10-25,34,quantile,0.025,0.0
2025-10-18,0,wk inc flu hosp,2025-10-25,34,quantile,0.05,0.0
2025-10-18,0,wk inc flu hosp,2025-10-25,34,quantile,0.1,0.0
2025-10-18,0,wk inc flu hosp,2025-10-25,34,quantile,0.15,0.0
2025-10-18,0,wk inc flu hosp,2025-10-25,34,quantile,0.2,0.0
2025-10-18,0,wk inc flu hosp,2025-10-25,34,quantile,0.25,0.0
2025-10-18,0,wk inc flu hosp,2025-10-25,34,quantile,0.3,0.0
2025-10-18,0,wk inc flu hosp,2025-10-25,34,quantile,0.35,1.2334748213759887
2025-10-18,0,wk inc flu hosp,2025-10-25,34,quantile,0.4,9.785647199686679
2025-10-18,0,wk inc flu hosp,2025-10-25,34,quantile,0.45,18.05997294918687
2025-10-18,0,wk inc flu hosp,2025-10-25,34,quantile,0.5,26.20311239000144
2025-10-18,0,wk inc flu hosp,2025-10-25,34,quantile,0.55,34.346251830816016
2025-10-18,0,wk inc flu hosp,2025-10-25,34,quantile,0.6,42.6205775803162
2025-10-18,0,wk inc flu hosp,2025-10-25,34,quantile,0.65,51.172749958626895
2025-10-18,0,wk inc flu hosp,2025-10-25,34,quantile,0.7,60.18545146791337
2025-10-18,0,wk inc flu hosp,2025-10-25,34,quantile,0.75,69.91157346181672
2025-10-18,0,wk inc flu hosp,2025-10-25,34,quantile,0.8,80.74207152783976
2025-10-18,0,wk inc flu hosp,2025-10-25,34,quantile,0.85,93.36633977047592
2025-10-18,0,wk inc flu hosp,2025-10-25,34,quantile,0.9,109.25055187717822
2025-10-18,0,wk inc flu hosp,2025-10-25,34,quantile,0.95,132.79334701038255
2025-10-18,0,wk inc flu hosp,2025-10-25,34,quantile,0.975,153.21321075772985
2025-10-18,0,wk inc flu hosp,2025-10-25,34,quantile,0.99,176.95571532051963
2025-10-25,0,wk inc flu hosp,2025-11-01,34,quantile,0.01,0.0
2025-10-25,0,wk inc flu hosp,2025-11-01,34,quantile,0.025,0.0
2025-10-25,0,wk inc flu hosp,2025-11-01,34,quantile,0.05,0.0
2025-10-25,0,wk inc flu hosp,2025-11-01,34,quantile,0.1,0.0
2025-10-25,0,wk inc flu hosp,2025-11-01,34,quantile,0.15,0.0
2025-10-25,0,wk inc flu hosp,2025-11-01,34,quantile,0.2,0.0
2025-10-25,0,wk inc flu hosp,2025-11-01,34,quantile,0.25,0.0
2025-10-25,0,wk inc flu hosp,2025-11-01,34,quantile,0.3,0.0
2025-10-25,0,wk inc flu hosp,2025-11-01,34,quantile,0.35,3.4350494756021135
2025-10-25,0,wk inc flu hosp,2025-11-01,34,quantile,0.4,11.965679723578337
2025-10-25,0,wk inc flu hosp,2025-11-01,34,quantile,0.45,20.219163212674886
2025-10-25,0,wk inc flu hosp,2025-11-01,34,quantile,0.5,28.341790839250226
2025-10-25,0,wk inc flu hosp,2025-11-01,34,quantile,0.55,36.464418465825574
2025-10-25,0,wk inc flu hosp,2025-11-01,34,quantile,0.6,44.71790195492211
2025-10-25,0,wk inc flu hosp,2025-11-01,34,quantile,0.65,53.24853220289834
2025-10-25,0,wk inc flu hosp,2025-11-01,34,quantile,0.7,62.23853155161201
2025-10-25,0,wk inc flu hosp,2025-11-01,34,quantile,0.75,71.94015434480082
2025-10-25,0,wk inc flu hosp,2025-11-01,34,quantile,0.8,82.74337138904309
2025-10-25,0,wk inc flu hosp,2025-11-01,34,quantile,0.85,95.33584026891737
2025-10-25,0,wk inc flu hosp,2025-11-01,34,quantile,0.9,111.18004151611797
2025-10-25,0,wk inc flu hosp,2025-11-01,34,quantile,0.95,134.6635345283216
2025-10-25,0,wk inc flu hosp,2025-11-01,34,quantile,0.975,155.0319625296621
2025-10-25,0,wk inc flu hosp,2025-11-01,34,quantile,0.99,178.71466192189013
2025-11-01,0,wk inc flu hosp,2025-11-08,34,quantile,0.01,0.0
2025-11-01,0,wk inc flu hosp,2025-11-08,34,quantile,0.025,0.0
2025-11-01,0,wk inc flu hosp,2025-11-08,34,quantile,0.05,0.0
2025-11-01,0,wk inc flu hosp,2025-11-08,34,quantile,0.1,0.0
2025-11-01,0,wk inc flu hosp,2025-11-08,34,quantile,0.15,0.0
2025-11-01,0,wk inc flu hosp,2025-11-08,34,quantile,0.2,1.8424493255244165
2025-11-01,0,wk inc flu hosp,2025-11-08,34,quantile,0.25,7.996686982559957
2025-11-01,0,wk inc flu hosp,2025-11-08,34,quantile,0.3,13.52338260328877
2025-11-01,0,wk inc flu hosp,2025-11-08,34,quantile,0.35,18.644689738191317
2025-11-01,0,wk inc flu hosp,2025-11-08,34,quantile,0.4,23.504309395497195
2025-11-01,0,wk inc flu hosp,2025-11-08,34,quantile,0.45,28.20604765386074
2025-11-01,0,wk inc flu hosp,2025-11-08,34,quantile,0.5,32.833241628473075
2025-11-01,0,wk inc flu hosp,2025-11-08,34,quantile,0.55,37.460435603085415
2025-11-01,0,wk inc flu hosp,2025-11-08,34,quantile,0.6,42.162173861448956
2025-11-01,0,wk inc flu hosp,2025-11-08,34,quantile,0.65,47.02179351875483
2025-11-01,0,wk inc flu hosp,2025-11-08,34,quantile,0.7,52.14310065365737
2025-11-01,0,wk inc flu hosp,2025-11-08,34,quantile,0.75,57.669796274386194
2025-11-01,0,wk inc flu hosp,2025-11-08,34,quantile,0.8,63.82403393142174
2025-11-01,0,wk inc flu hosp,2025-11-08,34,quantile,0.85,70.99754954794575
2025-11-01,0,wk inc flu hosp,2025-11-08,34,quantile,0.9,80.02347021230379
2025-11-01,0,wk inc flu hosp,2025-11-08,34,quantile,0.95,93.40124429779809
2025-11-01,0,wk inc flu hosp,2025-11-08,34,quantile,0.975,105.00446823628916
2025-11-01,0,wk inc flu hosp,2025-11-08,34,quantile,0.99,118.49572364872958
2025-11-08,0,wk inc flu hosp,2025-11-15,34,quantile,0.01,0.0
2025-11-08,0,wk inc flu hosp,2025-11-15,34,quantile,0.025,0.0
2025-11-08,0,wk inc flu hosp,2025-11-15,34,quantile,0.05,0.0
2025-11-08,0,wk inc flu hosp,2025-11-15,34,quantile,0.1,5.985961550892462
2025-11-08,0,wk inc flu hosp,2025-11-15,34,quantile,0.15,13.05112054449048
2025-11-08,0,wk inc flu hosp,2025-11-15,34,quantile,0.2,18.666284942504298
2025-11-08,0,wk inc flu hosp,2025-11-15,34,quantile,0.25,23.48359601228166
2025-11-08,0,wk inc flu hosp,2025-11-15,34,quantile,0.3,27.8096902381994
2025-11-08,0,wk inc flu hosp,2025-11-15,34,quantile,0.35,31.818461255433675
2025-11-08,0,wk inc flu hosp,2025-11-15,34,quantile,0.4,35.62239293221651
2025-11-08,0,wk inc flu hosp,2025-11-15,34,quantile,0.45,39.302740852046554
2025-11-08,0,wk inc flu hosp,2025-11-15,34,quantile,0.5,42.92473824605756
2025-11-08,0,wk inc flu hosp,2025-11-15,34,quantile,0.55,46.54673564006857
2025-11-08,0,wk inc flu hosp,2025-11-15,34,quantile,0.6,50.2270835598986
2025-11-08,0,wk inc flu hosp,2025-11-15,34,quantile,0.65,54.03101523668144
2025-11-08,0,wk inc flu hosp,2025-11-15,34,quantile,0.7,58.03978625391571
2025-11-08,0,wk inc flu hosp,2025-11-15,34,quantile,0.75,62.36588047983346
2025-11-08,0,wk inc flu hosp,2025-11-15,34,quantile,0.8,67.18319154961083
2025-11-08,0,wk inc flu hosp,2025-11-15,34,quantile,0.85,72.79835594762463
2025-11-08,0,wk inc flu hosp,2025-11-15,34,quantile,0.9,79.86351494122266
2025-11-08,0,wk inc flu hosp,2025-11-15,34,quantile,0.95,90.33514486233219
2025-11-08,0,wk inc flu hosp,2025-11-15,34,quantile,0.975,99.41772214306133
2025-11-08,0,wk inc flu hosp,2025-11-15,34,quantile,0.99,109.97818107646708
2025-09-13,0,wk inc flu hosp,2025-09-20,35,quantile,0.01,0.0
2025-09-13,0,wk inc flu hosp,2025-09-20,35,quantile,0.025,0.0
2025-09-13,0,wk inc flu hosp,2025-09-20,35,quantile,0.05,0.0
2025-09-13,0,wk inc flu hosp,2025-09-20,35,quantile,0.1,0.0
2025-09-13,0,wk inc flu hosp,2025-09-20,35,quantile,0.15,0.0
2025-09-13,0,wk inc flu hosp,2025-09-20,35,quantile,0.2,0.0
2025-09-13,0,wk inc flu hosp,2025-09-20,35,quantile,0.25,0.0
2025-09-13,0,wk inc flu hosp,2025-09-20,35,quantile,0.3,0.0
2025-09-13,0,wk inc flu hosp,2025-09-20,35,quantile,0.35,0.0
2025-09-13,0,wk inc flu hosp,2025-09-20,35,quantile,0.4,0.0
2025-09-13,0,wk inc flu hosp,2025-09-20,35,quantile,0.45,0.0
2025-09-13,0,wk inc flu hosp,2025-09-20,35,quantile,0.5,2.070460044281873
2025-09-13,0,wk inc flu hosp,2025-09-20,35,quantile,0.55,4.400964777695521
2025-09-13,0,wk inc flu hosp,2025-09-20,35,quantile,0.6,6.76901403746451
2025-09-13,0,wk inc flu hosp,2025-09-20,35,quantile,0.65,9.216580894630937
2025-09-13,0,wk inc flu hosp,2025-09-20,35,quantile,0.7,11.795947695469533
2025-09-13,0,wk inc flu hosp,2025-09-20,35,quantile,0.75,14.579490026937076
2025-09-13,0,wk inc flu hosp,2025-09-20,35,quantile,0.8,17.67909641235459
2025-09-13,0,wk inc flu hosp,2025-09-20,35,quantile,0.85,21.292066214625855
2025-09-13,0,wk inc flu hosp,2025-09-20,35,quantile,0.9,25.838007220581794
2025-09-13,0,wk inc flu hosp,2025-09-20,35,quantile,0.95,32.57577659006124
2025-09-13,0,wk inc flu hosp,2025-09-20,35,quantile,0.975,38.419786687731175
2025-09-13,0,wk inc flu hosp,2025-09-20,35,quantile,0.99,45.21471138094528
2025-09-20,0,wk inc flu hosp,2025-09-27,35,quantile,0.01,0.0
2025-09-20,0,wk inc flu hosp,2025-09-27,35,quantile,0.025,0.0
2025-09-20,0,wk inc flu hosp,2025-09-27,35,quantile,0.05,0.0
2025-09-20,0,wk inc flu hosp,2025-09-27,35,quantile,0.1,0.0
2025-09-20,0,wk inc flu hosp,2025-09-27,35,quantile,0.15,0.0
2025-09-20,0,wk inc flu hosp,2025-09-27,35,quantile,0.2,0.0
2025-09-20,0,wk inc flu hosp,2025-09-27,35,quantile,0.25,0.0
2025-09-20,0,wk inc flu hosp,2025-09-27,35,quantile,0.3,0.0
2025-09-20,0,wk inc flu hosp,2025-09-27,35,quantile,0.35,0.0
2025-09-20,0,wk inc flu hosp,2025-09-27,35,quantile,0.4,0.0
2025-09-20,0,wk inc flu hosp,2025-09-27,35,quantile,0.45,0.24252462075860715
2025-09-20,0,wk inc flu hosp,2025-09-27,35,quantile,0.5,2.666606896798798
2025-09-20,0,wk inc flu hosp,2025-09-27,35,quantile,0.55,5.090689172838992
2025-09-20,0,wk inc flu hosp,2025-09-27,35,quantile,0.6,7.553823513264822
2025-09-20,0,wk inc flu hosp,2025-09-27,35,quantile,0.65,10.09966834799722
2025-09-20,0,wk inc flu hosp,2025-09-27,35,quantile,0.7,12.782605333995411
2025-09-20,0,wk inc flu hosp,2025-09-27,35,quantile,0.75,15.677916179571124
2025-09-20,0,wk inc flu hosp,2025-09-27,35,quantile,0.8,18.901982105661638
2025-09-20,0,wk inc flu hosp,2025-09-27,35,quantile,0.85,22.660024703037347
2025-09-20,0,wk inc flu hosp,2025-09-27,35,quantile,0.9,27.388500411525083
2025-09-20,0,wk inc flu hosp,2025-09-27,35,quantile,0.95,34.39681370710793
2025-09-20,0,wk inc flu hosp,2025-09-27,35,quantile,0.975,40.47548031338046
2025-09-20,0,wk inc flu hosp,2025-09-27,35,quantile,0.99,47.54324390969005
2025-09-27,0,wk inc flu hosp,2025-10-04,35,quantile,0.01,0.0
2025-09-27,0,wk inc flu hosp,2025-10-04,35,quantile,0.025,0.0
2025-09-27,0,wk inc flu hosp,2025-10-04,35,quantile,0.05,0.0
2025-09-27,0,wk inc flu hosp,2025-10-04,35,quantile,0.1,0.0
2025-09-27,0,wk inc flu hosp,2025-10-04,35,quantile,0.15,0.0
2025-09-27,0,wk inc flu hosp,2025-10-04,35,quantile,0.2,0.0
2025-09-27,0,wk inc flu hosp,2025-10-04,35,quantile,0.25,0.0
2025-09-27,0,wk inc flu hosp,2025-10-04,35,quantile,0.3,0.0
2025-09-27,0,wk inc flu hosp,2025-10-04,35,quantile,0.35,0.0
2025-09-27,0,wk inc flu hosp,2025-10-04,35,quantile,0.4,0.0
2025-09-27,0,wk inc flu hosp,2025-10-04,35,quantile,0.45,1.491534241339428
2025-09-27,0,wk inc flu hosp,2025-10-04,35,quantile,0.5,3.4462152250587574
2025-09-27,0,wk inc flu hosp,2025-10-04,35,quantile,0.55,5.400896208778089
2025-09-27,0,wk inc flu hosp,2025-10-04,35,quantile,0.6,7.3870671829090835
2025-09-27,0,wk inc flu hosp,2025-10-04,35,quantile,0.65,9.439932522975202
2025-09-27,0,wk inc flu hosp,2025-10-04,35,quantile,0.7,11.603343377005542
2025-09-27,0,wk inc flu hosp,2025-10-04,35,quantile,0.75,13.93800384119077
2025-09-27,0,wk inc flu hosp,2025-10-04,35,quantile,0.8,16.537758980806373
2025-09-27,0,wk inc flu hosp,2025-10-04,35,quantile,0.85,19.568091108434086
2025-09-27,0,wk inc flu hosp,2025-10-04,35,quantile,0.9,23.380940878722377
2025-09-27,0,wk inc flu hosp,2025-10-04,35,quantile,0.95,29.03215860438509
2025-09-27,0,wk inc flu hosp,2025-10-04,35,quantile,0.975,33.933747192813684
2025-09-27,0,wk inc flu hosp,2025-10-04,35,quantile,0.99,39.63290321391115
2025-10-04,0,wk inc flu hosp,2025-10-11,35,quantile,0.01,0.0
2025-10-04,0,wk inc flu hosp,2025-10-11,35,quantile,0.025,0.0
2025-10-04,0,wk inc flu hosp,2025-10-11,35,quantile,0.05,0.0
2025-10-04,0,wk inc flu hosp,2025-10-11,35,quantile,0.1,0.0
2025-10-04,0,wk inc flu hosp,2025-10-11,35,quantile,0.15,0.0
2025-10-04,0,wk inc flu hosp,2025-10-11,35,quantile,0.2,0.0
2025-10-04,0,wk inc flu hosp,2025-10-11,35,quantile,0.25,0.0
2025-10-04,0,wk inc flu hosp,2025-10-11,35,quantile,0.3,0.0
2025-10-04,0,wk inc flu hosp,2025-10-11,35,quantile,0.35,0.0
2025-10-04,0,wk inc flu hosp,2025-10-11,35,quantile,0.4,0.0
2025-10-04,0,wk inc flu hosp,2025-10-11,35,quantile,0.45,0.0
2025-10-04,0,wk inc flu hosp,2025-10-11,35,quantile,0.5,1.3060970768601656
2025-10-04,0,wk inc flu hosp,2025-10-11,35,quantile,0.55,3.7377355045211345
2025-10-04,0,wk inc flu hosp,2025-10-11,35,quantile,0.6,6.208547726478693
2025-10-04,0,wk inc flu hosp,2025-10-11,35,quantile,0.65,8.762328261151783
2025-10-04,0,wk inc flu hosp,2025-10-11,35,quantile,0.7,11.453628279566638
2025-10-04,0,wk inc flu hosp,2025-10-11,35,quantile,0.75,14.357964152037965
2025-10-04,0,wk inc flu hosp,2025-10-11,35,quantile,0.8,17.592079873555686
2025-10-04,0,wk inc flu hosp,2025-10-11,35,quantile,0.85,21.36183673489998
2025-10-04,0,wk inc flu hosp,2025-10-11,35,quantile,0.9,26.105051662324975
2025-10-04,0,wk inc flu hosp,2025-10-11,35,quantile,0.95,33.13521070068262
2025-10-04,0,wk inc flu hosp,2025-10-11,35,quantile,0.975,39.23282523086975
2025-10-04,0,wk inc flu hosp,2025-10-11,35,quantile,0.99,46.322619883584224
2025-10-11,0,wk inc flu hosp,2025-10-18,35,quantile,0.01,0.0
2025-10-11,0,wk inc flu hosp,2025-10-18,35,quantile,0.025,0.0
2025-10-11,0,wk inc flu hosp,2025-10-18,35,quantile,0.05,0.0
2025-10-11,0,wk inc flu hosp,2025-10-18,35,quantile,0.1,0.0
2025-10-11,0,wk inc flu hosp,2025-10-18,35,quantile,0.15,0.0
2025-10-11,0,wk inc flu hosp,2025-10-18,35,quantile,0.2,0.0
2025-10-11,0,wk inc flu hosp,2025-10-18,35,quantile,0.25,0.0
2025-10-11,0,wk inc flu hosp,2025-10-18,35,quantile,0.3,0.0
2025-10-11,0,wk inc flu hosp,2025-10-18,35,quantile,0.35,0.0
2025-10-11,0,wk inc flu hosp,2025-10-18,35,quantile,0.4,1.8559781036617378
2025-10-11,0,wk inc flu hosp,2025-10-18,35,quantile,0.45,3.741940498032812
2025-10-11,0,wk inc flu hosp,2025-10-18,35,quantile,0.5,5.598001671165117
2025-10-11,0,wk inc flu hosp,2025-10-18,35,quantile,0.55,7.454062844297425
2025-10-11,0,wk inc flu hosp,2025-10-18,35,quantile,0.6,9.340025238668497
2025-10-11,0,wk inc flu hosp,2025-10-18,35,quantile,0.65,11.289317058204034
2025-10-11,0,wk inc flu hosp,2025-10-18,35,quantile,0.7,13.343577022435255
2025-10-11,0,wk inc flu hosp,2025-10-18,35,quantile,0.75,15.560446514753117
2025-10-11,0,wk inc flu hosp,2025-10-18,35,quantile,0.8,18.02903582138779
2025-10-11,0,wk inc flu hosp,2025-10-18,35,quantile,0.85,20.906478151175563
2025-10-11,0,wk inc flu hosp,2025-10-18,35,quantile,0.9,24.52695764453656
2025-10-11,0,wk inc flu hosp,2025-10-18,35,quantile,0.95,29.89305364121492
2025-10-11,0,wk inc flu hosp,2025-10-18,35,quantile,0.975,34.54734165108744
2025-10-11,0,wk inc flu hosp,2025-10-18,35,quantile,0.99,39.958957305246315
2025-10-18,0,wk inc flu hosp,2025-10-25,35,quantile,0.01,0.0
2025-10-18,0,wk inc flu hosp,2025-10-25,35,quantile,0.025,0.0
2025-10-18,0,wk inc flu hosp,2025-10-25,35,quantile,0.05,0.0
2025-10-18,0,wk inc flu hosp,2025-10-25,35,quantile,0.1,0.0
2025-10-18,0,wk inc flu hosp,2025-10-25,35,quantile,0.15,0.0
2025-10-18,0,wk inc flu hosp,2025-10-25,35,quantile,0.2,0.0
2025-10-18,0,wk inc flu hosp,2025-10-25,35,quantile,0.25,0.0
2025-10-18,0,wk inc flu hosp,2025-10-25,35,quantile,0.3,0.0
2025-10-18,0,wk inc flu hosp,2025-10-25,35,quantile,0.35,0.4716340254025164
2025-10-18,0,wk inc flu hosp,2025-10-25,35,quantile,0.4,2.5515780599151223
2025-10-18,0,wk inc flu hosp,2025-10-25,35,quantile,0.45,4.563947984302275
2025-10-18,0,wk inc flu hosp,2025-10-25,35,quantile,0.5,6.544412543819514
2025-10-18,0,wk inc flu hosp,2025-10-25,35,quantile,0.55,8.524877103336756
2025-10-18,0,wk inc flu hosp,2025-10-25,35,quantile,0.6,10.537247027723906
2025-10-18,0,wk inc flu hosp,2025-10-25,35,quantile,0.65,12.617191062236511
2025-10-18,0,wk inc flu hosp,2025-10-25,35,quantile,0.7,14.809138781464554
2025-10-18,0,wk inc flu hosp,2025-10-25,35,quantile,0.75,17.174595010044115
2025-10-18,0,wk inc flu hosp,2025-10-25,35,quantile,0.8,19.808642693689457
2025-10-18,0,wk inc flu hosp,2025-10-25,35,quantile,0.85,22.87894696958909
2025-10-18,0,wk inc flu hosp,2025-10-25,35,quantile,0.9,26.74209082974529
2025-10-18,0,wk inc flu hosp,2025-10-25,35,quantile,0.95,32.467851972872914
2025-10-18,0,wk inc flu hosp,2025-10-25,35,quantile,0.975,37.43409585899589
2025-10-18,0,wk inc flu hosp,2025-10-25,35,quantile,0.99,43.20842763638197
2025-10-25,0,wk inc flu hosp,2025-11-01,35,quantile,0.01,0.0
2025-10-25,0,wk inc flu hosp,2025-11-01,35,quantile,0.025,0.0
2025-10-25,0,wk inc flu hosp,2025-11-01,35,quantile,0.05,0.0
2025-10-25,0,wk inc flu hosp,2025-11-01,35,quantile,0.1,0.0
2025-10-25,0,wk inc flu hosp,2025-11-01,35,quantile,0.15,0.0
2025-10-25,0,wk inc flu hosp,2025-11-01,35,quantile,0.2,0.0
2025-10-25,0,wk inc flu hosp,2025-11-01,35,quantile,0.25,0.0
2025-10-25,0,wk inc flu hosp,2025-11-01,35,quantile,0.3,0.0
2025-10-25,0,wk inc flu hosp,2025-11-01,35,quantile,0.35,0.0
2025-10-25,0,wk inc flu hosp,2025-11-01,35,quantile,0.4,0.4946826000101816
2025-10-25,0,wk inc flu hosp,2025-11-01,35,quantile,0.45,2.265216547576869
2025-10-25,0,wk inc flu hosp,2025-11-01,35,quantile,0.5,4.007679348319551
2025-10-25,0,wk inc flu hosp,2025-11-01,35,quantile,0.55,5.750142149062236
2025-10-25,0,wk inc flu hosp,2025-11-01,35,quantile,0.6,7.520676096628922
2025-10-25,0,wk inc flu hosp,2025-11-01,35,quantile,0.65,9.35066345507391
2025-10-25,0,wk inc flu hosp,2025-11-01,35,quantile,0.7,11.279194487640657
2025-10-25,0,wk inc flu hosp,2025-11-01,35,quantile,0.75,13.360382694355994
2025-10-25,0,wk inc flu hosp,2025-11-01,35,quantile,0.8,15.677884455282854
2025-10-25,0,wk inc flu hosp,2025-11-01,35,quantile,0.85,18.379215797975704
2025-10-25,0,wk inc flu hosp,2025-11-01,35,quantile,0.9,21.77810745594131
2025-10-25,0,wk inc flu hosp,2025-11-01,35,quantile,0.95,26.815776900664808
2025-10-25,0,wk inc flu hosp,2025-11-01,35,quantile,0.975,31.185203856274892
2025-10-25,0,wk inc flu hosp,2025-11-01,35,quantile,0.99,36.26560697325581
2025-11-01,0,wk inc flu hosp,2025-11-08,35,quantile,0.01,0.0
2025-11-01,0,wk inc flu hosp,2025-11-08,35,quantile,0.025,0.0
2025-11-01,0,wk inc flu hosp,2025-11-08,35,quantile,0.05,0.0
2025-11-01,0,wk inc flu hosp,2025-11-08,35,quantile,0.1,0.0
2025-11-01,0,wk inc flu hosp,2025-11-08,35,quantile,0.15,0.0
2025-11-01,0,wk inc flu hosp,2025-11-08,35,quantile,0.2,0.0
2025-11-01,0,wk inc flu hosp,2025-11-08,35,quantile,0.25,0.0
2025-11-01,0,wk inc flu hosp,2025-11-08,35,quantile,0.3,0.0
2025-11-01,0,wk inc flu hosp,2025-11-08,35,quantile,0.35,0.5202349877143346
2025-11-01,0,wk inc flu hosp,2025-11-08,35,quantile,0.4,2.2726938351229244
2025-11-01,0,wk inc flu hosp,2025-11-08,35,quantile,0.45,3.968218051031747
2025-11-01,0,wk inc flu hosp,2025-11-08,35,quantile,0.5,5.6368603710730305
2025-11-01,0,wk inc flu hosp,2025-11-08,35,quantile,0.55,7.305502691114316
2025-11-01,0,wk inc flu hosp,2025-11-08,35,quantile,0.6,9.001026907023137
2025-11-01,0,wk inc flu hosp,2025-11-08,35,quantile,0.65,10.753485754431725
2025-11-01,0,wk inc flu hosp,2025-11-08,35,quantile,0.7,12.600313414156904
2025-11-01,0,wk inc flu hosp,2025-11-08,35,quantile,0.75,14.593330835370063
2025-11-01,0,wk inc flu hosp,2025-11-08,35,quantile,0.8,16.81265024546278
2025-11-01,0,wk inc flu hosp,2025-11-08,35,quantile,0.85,19.39953806708514
2025-11-01,0,wk inc flu hosp,2025-11-08,35,quantile,0.9,22.654433643219868
2025-11-01,0,wk inc flu hosp,2025-11-08,35,quantile,0.95,27.478679203160443
2025-11-01,0,wk inc flu hosp,2025-11-08,35,quantile,0.975,31.662992767474417
2025-11-01,0,wk inc flu hosp,2025-11-08,35,quantile,0.99,36.52816156203963
2025-11-08,0,wk inc flu hosp,2025-11-15,35,quantile,0.01,0.0
2025-11-08,0,wk inc flu hosp,2025-11-15,35,quantile,0.025,0.0
2025-11-08,0,wk inc flu hosp,2025-11-15,35,quantile,0.05,0.0
2025-11-08,0,wk inc flu hosp,2025-11-15,35,quantile,0.1,0.0
2025-11-08,0,wk inc flu hosp,2025-11-15,35,quantile,0.15,0.0
2025-11-08,0,wk inc flu hosp,2025-11-15,35,quantile,0.2,0.0
2025-11-08,0,wk inc flu hosp,2025-11-15,35,quantile,0.25,0.0
2025-11-08,0,wk inc flu hosp,2025-11-15,35,quantile,0.3,1.105098685129204
2025-11-08,0,wk inc flu hosp,2025-11-15,35,quantile,0.35,2.555603734774736
2025-11-08,0,wk inc flu hosp,2025-11-15,35,quantile,0.4,3.9319911816902775
2025-11-08,0,wk inc flu hosp,2025-11-15,35,quantile,0.45,5.263661965383216
2025-11-08,0,wk inc flu hosp,2025-11-15,35,quantile,0.5,6.574219611911145
2025-11-08,0,wk inc flu hosp,2025-11-15,35,quantile,0.55,7.884777258439076
2025-11-08,0,wk inc flu hosp,2025-11-15,35,quantile,0.6,9.216448042132013
2025-11-08,0,wk inc flu hosp,2025-11-15,35,quantile,0.65,10.592835489047555
2025-11-08,0,wk inc flu hosp,2025-11-15,35,quantile,0.7,12.043340538693084
2025-11-08,0,wk inc flu hosp,2025-11-15,35,quantile,0.75,13.60866354989998
2025-11-08,0,wk inc flu hosp,2025-11-15,35,quantile,0.8,15.351724952605444
2025-11-08,0,wk inc flu hosp,2025-11-15,35,quantile,0.85,17.38347590043786
2025-11-08,0,wk inc flu hosp,2025-11-15,35,quantile,0.9,19.93988252798148
2025-11-08,0,wk inc flu hosp,2025-11-15,35,quantile,0.95,23.728862246026814
2025-11-08,0,wk inc flu hosp,2025-11-15,35,quantile,0.975,27.015237085810654
2025-11-08,0,wk inc flu hosp,2025-11-15,35,quantile,0.99,30.836358058703617
2025-09-13,0,wk inc flu hosp,2025-09-20,36,quantile,0.01,0.0
2025-09-13,0,wk inc flu hosp,2025-09-20,36,quantile,0.025,0.0
2025-09-13,0,wk inc flu hosp,2025-09-20,36,quantile,0.05,0.0
2025-09-13,0,wk inc flu hosp,2025-09-20,36,quantile,0.1,0.0
2025-09-13,0,wk inc flu hosp,2025-09-20,36,quantile,0.15,0.0
2025-09-13,0,wk inc flu hosp,2025-09-20,36,quantile,0.2,0.0
2025-09-13,0,wk inc flu hosp,2025-09-20,36,quantile,0.25,0.0
2025-09-13,0,wk inc flu hosp,2025-09-20,36,quantile,0.3,0.0
2025-09-13,0,wk inc flu hosp,2025-09-20,36,quantile,0.35,0.0
2025-09-13,0,wk inc flu hosp,2025-09-20,36,quantile,0.4,0.0
2025-09-13,0,wk inc flu hosp,2025-09-20,36,quantile,0.45,0.0
2025-09-13,0,wk inc flu hosp,2025-09-20,36,quantile,0.5,13.86027976226118
2025-09-13,0,wk inc flu hosp,2025-09-20,36,quantile,0.55,37.41740286466191
2025-09-13,0,wk inc flu hosp,2025-09-20,36,quantile,0.6,61.354032181529135
2025-09-13,0,wk inc flu hosp,2025-09-20,36,quantile,0.65,86.09443838150736
2025-09-13,0,wk inc flu hosp,2025-09-20,36,quantile,0.7,112.16709997383008
2025-09-13,0,wk inc flu hosp,2025-09-20,36,quantile,0.75,140.30360123168262
2025-09-13,0,wk inc flu hosp,2025-09-20,36,quantile,0.8,171.63492965310726
2025-09-13,0,wk inc flu hosp,2025-09-20,36,quantile,0.85,208.15541947536673
2025-09-13,0,wk inc flu hosp,2025-09-20,36,quantile,0.9,254.1065348531478
2025-09-13,0,wk inc flu hosp,2025-09-20,36,quantile,0.95,322.21300989983035
2025-09-13,0,wk inc flu hosp,2025-09-20,36,quantile,0.975,381.28522001323006
2025-09-13,0,wk inc flu hosp,2025-09-20,36,quantile,0.99,449.969430422502
2025-09-20,0,wk inc flu hosp,2025-09-27,36,quantile,0.01,0.0
2025-09-20,0,wk inc flu hosp,2025-09-27,36,quantile,0.025,0.0
2025-09-20,0,wk inc flu hosp,2025-09-27,36,quantile,0.05,0.0
2025-09-20,0,wk inc flu hosp,2025-09-27,36,quantile,0.1,0.0
2025-09-20,0,wk inc flu hosp,2025-09-27,36,quantile,0.15,0.0
2025-09-20,0,wk inc flu hosp,2025-09-27,36,quantile,0.2,0.0
2025-09-20,0,wk inc flu hosp,2025-09-27,36,quantile,0.25,0.0
2025-09-20,0,wk inc flu hosp,2025-09-27,36,quantile,0.3,0.0
2025-09-20,0,wk inc flu hosp,2025-09-27,36,quantile,0.35,0.0
2025-09-20,0,wk inc flu hosp,2025-09-27,36,quantile,0.4,0.0
2025-09-20,0,wk inc flu hosp,2025-09-27,36,quantile,0.45,0.0
2025-09-20,0,wk inc flu hosp,2025-09-27,36,quantile,0.5,15.305568240044018
2025-09-20,0,wk inc flu hosp,2025-09-27,36,quantile,0.55,39.97082976319923
2025-09-20,0,wk inc flu hosp,2025-09-27,36,quantile,0.6,65.03344965599868
2025-09-20,0,wk inc flu hosp,2025-09-27,36,quantile,0.65,90.93765648375705
2025-09-20,0,wk inc flu hosp,2025-09-27,36,quantile,0.7,118.23678863940751
2025-09-20,0,wk inc flu hosp,2025-09-27,36,quantile,0.75,147.6968444728294
2025-09-20,0,wk inc flu hosp,2025-09-27,36,quantile,0.8,180.50201367889213
2025-09-20,0,wk inc flu hosp,2025-09-27,36,quantile,0.85,218.74044493826597
2025-09-20,0,wk inc flu hosp,2025-09-27,36,quantile,0.9,266.85312292304684
2025-09-20,0,wk inc flu hosp,2025-09-27,36,quantile,0.95,338.1633593701906
2025-09-20,0,wk inc flu hosp,2025-09-27,36,quantile,0.975,400.0143547088061
2025-09-20,0,wk inc flu hosp,2025-09-27,36,quantile,0.99,471.9295034683532
2025-09-27,0,wk inc flu hosp,2025-10-04,36,quantile,0.01,0.0
2025-09-27,0,wk inc flu hosp,2025-10-04,36,quantile,0.025,0.0
2025-09-27,0,wk inc flu hosp,2025-10-04,36,quantile,0.05,0.0
2025-09-27,0,wk inc flu hosp,2025-10-04,36,quantile,0.1,0.0
2025-09-27,0,wk inc flu hosp,2025-10-04,36,quantile,0.15,0.0
2025-09-27,0,wk inc flu hosp,2025-10-04,36,quantile,0.2,0.0
2025-09-27,0,wk inc flu hosp,2025-10-04,36,quantile,0.25,0.0
2025-09-27,0,wk inc flu hosp,2025-10-04,36,quantile,0.3,0.0
2025-09-27,0,wk inc flu hosp,2025-10-04,36,quantile,0.35,0.0
2025-09-27,0,wk inc flu hosp,2025-10-04,36,quantile,0.4,0.0
2025-09-27,0,wk inc flu hosp,2025-10-04,36,quantile,0.45,1.3361395175958926
2025-09-27,0,wk inc flu hosp,2025-10-04,36,quantile,0.5,25.33787285139177
2025-09-27,0,wk inc flu hosp,2025-10-04,36,quantile,0.55,49.33960618518768
2025-09-27,0,wk inc flu hosp,2025-10-04,36,quantile,0.6,73.7280084224209
2025-09-27,0,wk inc flu hosp,2025-10-04,36,quantile,0.65,98.93535779188409
2025-09-27,0,wk inc flu hosp,2025-10-04,36,quantile,0.7,125.5001071511748
2025-09-27,0,wk inc flu hosp,2025-10-04,36,quantile,0.75,154.16764848045398
2025-09-27,0,wk inc flu hosp,2025-10-04,36,quantile,0.8,186.09031520404798
2025-09-27,0,wk inc flu hosp,2025-10-04,36,quantile,0.85,223.3000820386131
2025-09-27,0,wk inc flu hosp,2025-10-04,36,quantile,0.9,270.1184652891379
2025-09-27,0,wk inc flu hosp,2025-10-04,36,quantile,0.95,339.51036196809645
2025-09-27,0,wk inc flu hosp,2025-10-04,36,quantile,0.975,399.6974836474533
2025-09-27,0,wk inc flu hosp,2025-10-04,36,quantile,0.99,469.67801969676697
2025-10-04,0,wk inc flu hosp,2025-10-11,36,quantile,0.01,0.0
2025-10-04,0,wk inc flu hosp,2025-10-11,36,quantile,0.025,0.0
2025-10-04,0,wk inc flu hosp,2025-10-11,36,quantile,0.05,0.0
2025-10-04,0,wk inc flu hosp,2025-10-11,36,quantile,0.1,0.0
2025-10-04,0,wk inc flu hosp,2025-10-11,36,quantile,0.15,0.0
2025-10-04,0,wk inc flu hosp,2025-10-11,36,quantile,0.2,0.0
2025-10-04,0,wk inc flu hosp,2025-10-11,36,quantile,0.25,0.0
2025-10-04,0,wk inc flu hosp,2025-10-11,36,quantile,0.3,0.0
2025-10-04,0,wk inc flu hosp,2025-10-11,36,quantile,0.35,0.0
2025-10-04,0,wk inc flu hosp,2025-10-11,36,quantile,0.4,0.0
2025-10-04,0,wk inc flu hosp,2025-10-11,36,quantile,0.45,0.0
2025-10-04,0,wk inc flu hosp,2025-10-11,36,quantile,0.5,12.097510950848196
2025-10-04,0,wk inc flu hosp,2025-10-11,36,quantile,0.55,37.150753032882434
2025-10-04,0,wk inc flu hosp,2025-10-11,36,quantile,0.6,62.60760386719665
2025-10-04,0,wk inc flu hosp,2025-10-11,36,quantile,0.65,88.91927966230884
2025-10-04,0,wk inc flu hosp,2025-10-11,36,quantile,0.7,116.64782273422784
2025-10-04,0,wk inc flu hosp,2025-10-11,36,quantile,0.75,146.5712804625021
2025-10-04,0,wk inc flu hosp,2025-10-11,36,quantile,0.8,179.89246965362523
2025-10-04,0,wk inc flu hosp,2025-10-11,36,quantile,0.85,218.7323852279633
2025-10-04,0,wk inc flu hosp,2025-10-11,36,quantile,0.9,267.601867825425
2025-10-04,0,wk inc flu hosp,2025-10-11,36,quantile,0.95,340.0338027132922
2025-10-04,0,wk inc flu hosp,2025-10-11,36,quantile,0.975,402.85770416588383
2025-10-04,0,wk inc flu hosp,2025-10-11,36,quantile,0.99,475.9040665386093
2025-10-11,0,wk inc flu hosp,2025-10-18,36,quantile,0.01,0.0
2025-10-11,0,wk inc flu hosp,2025-10-18,36,quantile,0.025,0.0
2025-10-11,0,wk inc flu hosp,2025-10-18,36,quantile,0.05,0.0
2025-10-11,0,wk inc flu hosp,2025-10-18,36,quantile,0.1,0.0
2025-10-11,0,wk inc flu hosp,2025-10-18,36,quantile,0.15,0.0
2025-10-11,0,wk inc flu hosp,2025-10-18,36,quantile,0.2,0.0
2025-10-11,0,wk inc flu hosp,2025-10-18,36,quantile,0.25,0.0
2025-10-11,0,wk inc flu hosp,2025-10-18,36,quantile,0.3,0.0
2025-10-11,0,wk inc flu hosp,2025-10-18,36,quantile,0.35,0.0
2025-10-11,0,wk inc flu hosp,2025-10-18,36,quantile,0.4,0.0
2025-10-11,0,wk inc flu hosp,2025-10-18,36,quantile,0.45,0.0
2025-10-11,0,wk inc flu hosp,2025-10-18,36,quantile,0.5,11.414042949907493
2025-10-11,0,wk inc flu hosp,2025-10-18,36,quantile,0.55,38.34776252632267
2025-10-11,0,wk inc flu hosp,2025-10-18,36,quantile,0.6,65.71538542418824
2025-10-11,0,wk inc flu hosp,2025-10-18,36,quantile,0.65,94.00199580102617
2025-10-11,0,wk inc flu hosp,2025-10-18,36,quantile,0.7,123.81182244606437
2025-10-11,0,wk inc flu hosp,2025-10-18,36,quantile,0.75,155.9813123895636
2025-10-11,0,wk inc flu hosp,2025-10-18,36,quantile,0.8,191.80356496221407
2025-10-11,0,wk inc flu hosp,2025-10-18,36,quantile,0.85,233.55877536673998
2025-10-11,0,wk inc flu hosp,2025-10-18,36,quantile,0.9,286.09636454640196
2025-10-11,0,wk inc flu hosp,2025-10-18,36,quantile,0.95,363.9649859511321
2025-10-11,0,wk inc flu hosp,2025-10-18,36,quantile,0.975,431.50440216241134
2025-10-11,0,wk inc flu hosp,2025-10-18,36,quantile,0.99,510.033569516565
2025-10-18,0,wk inc flu hosp,2025-10-25,36,quantile,0.01,0.0
2025-10-18,0,wk inc flu hosp,2025-10-25,36,quantile,0.025,0.0
2025-10-18,0,wk inc flu hosp,2025-10-25,36,quantile,0.05,0.0
2025-10-18,0,wk inc flu hosp,2025-10-25,36,quantile,0.1,0.0
2025-10-18,0,wk inc flu hosp,2025-10-25,36,quantile,0.15,0.0
2025-10-18,0,wk inc flu hosp,2025-10-25,36,quantile,0.2,0.0
2025-10-18,0,wk inc flu hosp,2025-10-25,36,quantile,0.25,0.0
2025-10-18,0,wk inc flu hosp,2025-10-25,36,quantile,0.3,0.0
2025-10-18,0,wk inc flu hosp,2025-10-25,36,quantile,0.35,0.0
2025-10-18,0,wk inc flu hosp,2025-10-25,36,quantile,0.4,0.0
2025-10-18,0,wk inc flu hosp,2025-10-25,36,quantile,0.45,9.499904503254676
2025-10-18,0,wk inc flu hosp,2025-10-25,36,quantile,0.5,32.971433084726264
2025-10-18,0,wk inc flu hosp,2025-10-25,36,quantile,0.55,56.442961666197874
2025-10-18,0,wk inc flu hosp,2025-10-25,36,quantile,0.6,80.292617530911
2025-10-18,0,wk inc flu hosp,2025-10-25,36,quantile,0.65,104.9431297651841
2025-10-18,0,wk inc flu hosp,2025-10-25,36,quantile,0.7,130.92105665800037
2025-10-18,0,wk inc flu hosp,2025-10-25,36,quantile,0.75,158.9553242799663
2025-10-18,0,wk inc flu hosp,2025-10-25,36,quantile,0.8,190.17281069977443
2025-10-18,0,wk inc flu hosp,2025-10-25,36,quantile,0.85,226.56060376543738
2025-10-18,0,wk inc flu hosp,2025-10-25,36,quantile,0.9,272.3447563231057
2025-10-18,0,wk inc flu hosp,2025-10-25,36,quantile,0.95,340.20376731917173
2025-10-18,0,wk inc flu hosp,2025-10-25,36,quantile,0.975,399.0613392739601
2025-10-18,0,wk inc flu hosp,2025-10-25,36,quantile,0.99,467.4959864381863
2025-10-25,0,wk inc flu hosp,2025-11-01,36,quantile,0.01,0.0
2025-10-25,0,wk inc flu hosp,2025-11-01,36,quantile,0.025,0.0
2025-10-25,0,wk inc flu hosp,2025-11-01,36,quantile,0.05,0.0
2025-10-25,0,wk inc flu hosp,2025-11-01,36,quantile,0.1,0.0
2025-10-25,0,wk inc flu hosp,2025-11-01,36,quantile,0.15,0.0
2025-10-25,0,wk inc flu hosp,2025-11-01,36,quantile,0.2,0.0
2025-10-25,0,wk inc flu hosp,2025-11-01,36,quantile,0.25,0.0
2025-10-25,0,wk inc flu hosp,2025-11-01,36,quantile,0.3,0.0
2025-10-25,0,wk inc flu hosp,2025-11-01,36,quantile,0.35,0.0
2025-10-25,0,wk inc flu hosp,2025-11-01,36,quantile,0.4,0.0
2025-10-25,0,wk inc flu hosp,2025-11-01,36,quantile,0.45,0.0
2025-10-25,0,wk inc flu hosp,2025-11-01,36,quantile,0.5,19.594120189218593
2025-10-25,0,wk inc flu hosp,2025-11-01,36,quantile,0.55,42.97032899415731
2025-10-25,0,wk inc flu hosp,2025-11-01,36,quantile,0.6,66.72312947684793
2025-10-25,0,wk inc flu hosp,2025-11-01,36,quantile,0.65,91.27353398658843
2025-10-25,0,wk inc flu hosp,2025-11-01,36,quantile,0.7,117.14596241654937
2025-10-25,0,wk inc flu hosp,2025-11-01,36,quantile,0.75,145.06638060959065
2025-10-25,0,wk inc flu hosp,2025-11-01,36,quantile,0.8,176.15709029139782
2025-10-25,0,wk inc flu hosp,2025-11-01,36,quantile,0.85,212.3971095854675
2025-10-25,0,wk inc flu hosp,2025-11-01,36,quantile,0.9,257.9953289954332
2025-10-25,0,wk inc flu hosp,2025-11-01,36,quantile,0.95,325.5787590577124
2025-10-25,0,wk inc flu hosp,2025-11-01,36,quantile,0.975,384.19730565092163
2025-10-25,0,wk inc flu hosp,2025-11-01,36,quantile,0.99,452.3540341763103
2025-11-01,0,wk inc flu hosp,2025-11-08,36,quantile,0.01,0.0
2025-11-01,0,wk inc flu hosp,2025-11-08,36,quantile,0.025,0.0
2025-11-01,0,wk inc flu hosp,2025-11-08,36,quantile,0.05,0.0
2025-11-01,0,wk inc flu hosp,2025-11-08,36,quantile,0.1,0.0
2025-11-01,0,wk inc flu hosp,2025-11-08,36,quantile,0.15,0.0
2025-11-01,0,wk inc flu hosp,2025-11-08,36,quantile,0.2,0.0
2025-11-01,0,wk inc flu hosp,2025-11-08,36,quantile,0.25,0.0
2025-11-01,0,wk inc flu hosp,2025-11-08,36,quantile,0.3,0.0
2025-11-01,0,wk inc flu hosp,2025-11-08,36,quantile,0.35,0.0
2025-11-01,0,wk inc flu hosp,2025-11-08,36,quantile,0.4,8.11260725619075
2025-11-01,0,wk inc flu hosp,2025-11-08,36,quantile,0.45,27.081468462751083
2025-11-01,0,wk inc flu hosp,2025-11-08,36,quantile,0.5,45.74958554139152
2025-11-01,0,wk inc flu hosp,2025-11-08,36,quantile,0.55,64.41770262003197
2025-11-01,0,wk inc flu hosp,2025-11-08,36,quantile,0.6,83.3865638265923
2025-11-01,0,wk inc flu hosp,2025-11-08,36,quantile,0.65,102.99238740303942
2025-11-01,0,wk inc flu hosp,2025-11-08,36,quantile,0.7,123.65397231056363
2025-11-01,0,wk inc flu hosp,2025-11-08,36,quantile,0.75,145.95107104293714
2025-11-01,0,wk inc flu hosp,2025-11-08,36,quantile,0.8,170.77994783990405
2025-11-01,0,wk inc flu hosp,2025-11-08,36,quantile,0.85,199.7210361386597
2025-11-01,0,wk inc flu hosp,2025-11-08,36,quantile,0.9,236.13553370008356
2025-11-01,0,wk inc flu hosp,2025-11-08,36,quantile,0.95,290.1073045508036
2025-11-01,0,wk inc flu hosp,2025-11-08,36,quantile,0.975,336.91976673887996
2025-11-01,0,wk inc flu hosp,2025-11-08,36,quantile,0.99,391.34937071898537
2025-11-08,0,wk inc flu hosp,2025-11-15,36,quantile,0.01,0.0
2025-11-08,0,wk inc flu hosp,2025-11-15,36,quantile,0.025,0.0
2025-11-08,0,wk inc flu hosp,2025-11-15,36,quantile,0.05,0.0
2025-11-08,0,wk inc flu hosp,2025-11-15,36,quantile,0.1,0.0
2025-11-08,0,wk inc flu hosp,2025-11-15,36,quantile,0.15,0.0
2025-11-08,0,wk inc flu hosp,2025-11-15,36,quantile,0.2,0.0
2025-11-08,0,wk inc flu hosp,2025-11-15,36,quantile,0.25,0.0
2025-11-08,0,wk inc flu hosp,2025-11-15,36,quantile,0.3,0.0
2025-11-08,0,wk inc flu hosp,2025-11-15,36,quantile,0.35,7.218043446083932
2025-11-08,0,wk inc flu hosp,2025-11-15,36,quantile,0.4,23.980254467661545
2025-11-08,0,wk inc flu hosp,2025-11-15,36,quantile,0.45,40.19788761852563
2025-11-08,0,wk inc flu hosp,2025-11-15,36,quantile,0.5,56.15839632286813
2025-11-08,0,wk inc flu hosp,2025-11-15,36,quantile,0.55,72.11890502721064
2025-11-08,0,wk inc flu hosp,2025-11-15,36,quantile,0.6,88.3365381780747
2025-11-08,0,wk inc flu hosp,2025-11-15,36,quantile,0.65,105.09874919965233
2025-11-08,0,wk inc flu hosp,2025-11-15,36,quantile,0.7,122.76359479564258
2025-11-08,0,wk inc flu hosp,2025-11-15,36,quantile,0.75,141.82674063410596
2025-11-08,0,wk inc flu hosp,2025-11-15,36,quantile,0.8,163.0544575252997
2025-11-08,0,wk inc flu hosp,2025-11-15,36,quantile,0.85,187.79795413824655
2025-11-08,0,wk inc flu hosp,2025-11-15,36,quantile,0.9,218.93092287017888
2025-11-08,0,wk inc flu hosp,2025-11-15,36,quantile,0.95,265.0746723882975
2025-11-08,0,wk inc flu hosp,2025-11-15,36,quantile,0.975,305.09749349430854
2025-11-08,0,wk inc flu hosp,2025-11-15,36,quantile,0.99,351.63267240061396
2025-09-13,0,wk inc flu hosp,2025-09-20,37,quantile,0.01,0.0
2025-09-13,0,wk inc flu hosp,2025-09-20,37,quantile,0.025,0.0
2025-09-13,0,wk inc flu hosp,2025-09-20,37,quantile,0.05,0.0
2025-09-13,0,wk inc flu hosp,2025-09-20,37,quantile,0.1,0.0
2025-09-13,0,wk inc flu hosp,2025-09-20,37,quantile,0.15,0.0
2025-09-13,0,wk inc flu hosp,2025-09-20,37,quantile,0.2,0.0
2025-09-13,0,wk inc flu hosp,2025-09-20,37,quantile,0.25,0.0
2025-09-13,0,wk inc flu hosp,2025-09-20,37,quantile,0.3,0.0
2025-09-13,0,wk inc flu hosp,2025-09-20,37,quantile,0.35,0.0
2025-09-13,0,wk inc flu hosp,2025-09-20,37,quantile,0.4,0.0
2025-09-13,0,wk inc flu hosp,2025-09-20,37,quantile,0.45,0.0
2025-09-13,0,wk inc flu hosp,2025-09-20,37,quantile,0.5,8.259179539235651
2025-09-13,0,wk inc flu hosp,2025-09-20,37,quantile,0.55,21.433677665734752
2025-09-13,0,wk inc flu hosp,2025-09-20,37,quantile,0.6,34.820417494658635
2025-09-13,0,wk inc flu hosp,2025-09-20,37,quantile,0.65,48.65667558583542
2025-09-13,0,wk inc flu hosp,2025-09-20,37,quantile,0.7,63.23800751706325
2025-09-13,0,wk inc flu hosp,2025-09-20,37,quantile,0.75,78.97355729096758
2025-09-13,0,wk inc flu hosp,2025-09-20,37,quantile,0.8,96.49583816518523
2025-09-13,0,wk inc flu hosp,2025-09-20,37,quantile,0.85,116.92019654930189
2025-09-13,0,wk inc flu hosp,2025-09-20,37,quantile,0.9,142.6187031463755
2025-09-13,0,wk inc flu hosp,2025-09-20,37,quantile,0.95,180.70776113552935
2025-09-13,0,wk inc flu hosp,2025-09-20,37,quantile,0.975,213.7443385683583
2025-09-13,0,wk inc flu hosp,2025-09-20,37,quantile,0.99,252.15649940071418
2025-09-20,0,wk inc flu hosp,2025-09-27,37,quantile,0.01,0.0
2025-09-20,0,wk inc flu hosp,2025-09-27,37,quantile,0.025,0.0
2025-09-20,0,wk inc flu hosp,2025-09-27,37,quantile,0.05,0.0
2025-09-20,0,wk inc flu hosp,2025-09-27,37,quantile,0.1,0.0
2025-09-20,0,wk inc flu hosp,2025-09-27,37,quantile,0.15,0.0
2025-09-20,0,wk inc flu hosp,2025-09-27,37,quantile,0.2,0.0
2025-09-20,0,wk inc flu hosp,2025-09-27,37,quantile,0.25,0.0
2025-09-20,0,wk inc flu hosp,2025-09-27,37,quantile,0.3,0.0
2025-09-20,0,wk inc flu hosp,2025-09-27,37,quantile,0.35,0.0
2025-09-20,0,wk inc flu hosp,2025-09-27,37,quantile,0.4,1.3323988812115388
2025-09-20,0,wk inc flu hosp,2025-09-27,37,quantile,0.45,12.517833622126894
2025-09-20,0,wk inc flu hosp,2025-09-27,37,quantile,0.5,23.525927521126125
2025-09-20,0,wk inc flu hosp,2025-09-27,37,quantile,0.55,34.53402142012537
2025-09-20,0,wk inc flu hosp,2025-09-27,37,quantile,0.6,45.71945616104071
2025-09-20,0,wk inc flu hosp,2025-09-27,37,quantile,0.65,57.28049073070717
2025-09-20,0,wk inc flu hosp,2025-09-27,37,quantile,0.7,69.46407977753225
2025-09-20,0,wk inc flu hosp,2025-09-27,37,quantile,0.75,82.61208798249793
2025-09-20,0,wk inc flu hosp,2025-09-27,37,quantile,0.8,97.25301861499428
2025-09-20,0,wk inc flu hosp,2025-09-27,37,quantile,0.85,114.31881138830231
2025-09-20,0,wk inc flu hosp,2025-09-27,37,quantile,0.9,135.79147554357905
2025-09-20,0,wk inc flu hosp,2025-09-27,37,quantile,0.95,167.6171984548511
2025-09-20,0,wk inc flu hosp,2025-09-27,37,quantile,0.975,195.22126678369753
2025-09-20,0,wk inc flu hosp,2025-09-27,37,quantile,0.99,227.31696175787854
2025-09-27,0,wk inc flu hosp,2025-10-04,37,quantile,0.01,0.0
2025-09-27,0,wk inc flu hosp,2025-10-04,37,quantile,0.025,0.0
2025-09-27,0,wk inc flu hosp,2025-10-04,37,quantile,0.05,0.0
2025-09-27,0,wk inc flu hosp,2025-10-04,37,quantile,0.1,0.0
2025-09-27,0,wk inc flu hosp,2025-10-04,37,quantile,0.15,0.0
2025-09-27,0,wk inc flu hosp,2025-10-04,37,quantile,0.2,0.0
2025-09-27,0,wk inc flu hosp,2025-10-04,37,quantile,0.25,0.0
2025-09-27,0,wk inc flu hosp,2025-10-04,37,quantile,0.3,0.0
2025-09-27,0,wk inc flu hosp,2025-10-04,37,quantile,0.35,0.0
2025-09-27,0,wk inc flu hosp,2025-10-04,37,quantile,0.4,0.0
2025-09-27,0,wk inc flu hosp,2025-10-04,37,quantile,0.45,6.916751714459828
2025-09-27,0,wk inc flu hosp,2025-10-04,37,quantile,0.5,19.51331521380873
2025-09-27,0,wk inc flu hosp,2025-10-04,37,quantile,0.55,32.10987871315765
2025-09-27,0,wk inc flu hosp,2025-10-04,37,quantile,0.6,44.90937336450439
2025-09-27,0,wk inc flu hosp,2025-10-04,37,quantile,0.65,58.138666956214294
2025-09-27,0,wk inc flu hosp,2025-10-04,37,quantile,0.7,72.08034972949226
2025-09-27,0,wk inc flu hosp,2025-10-04,37,quantile,0.75,87.12561749005044
2025-09-27,0,wk inc flu hosp,2025-10-04,37,quantile,0.8,103.87923660830393
2025-09-27,0,wk inc flu hosp,2025-10-04,37,quantile,0.85,123.40762583790956
2025-09-27,0,wk inc flu hosp,2025-10-04,37,quantile,0.9,147.9787986507366
2025-09-27,0,wk inc flu hosp,2025-10-04,37,quantile,0.95,184.39697815054694
2025-09-27,0,wk inc flu hosp,2025-10-04,37,quantile,0.975,215.9843176786274
2025-09-27,0,wk inc flu hosp,2025-10-04,37,quantile,0.99,252.71142625050834
2025-10-04,0,wk inc flu hosp,2025-10-11,37,quantile,0.01,0.0
2025-10-04,0,wk inc flu hosp,2025-10-11,37,quantile,0.025,0.0
2025-10-04,0,wk inc flu hosp,2025-10-11,37,quantile,0.05,0.0
2025-10-04,0,wk inc flu hosp,2025-10-11,37,quantile,0.1,0.0
2025-10-04,0,wk inc flu hosp,2025-10-11,37,quantile,0.15,0.0
2025-10-04,0,wk inc flu hosp,2025-10-11,37,quantile,0.2,0.0
2025-10-04,0,wk inc flu hosp,2025-10-11,37,quantile,0.25,0.0
2025-10-04,0,wk inc flu hosp,2025-10-11,37,quantile,0.3,0.0
2025-10-04,0,wk inc flu hosp,2025-10-11,37,quantile,0.35,0.0
2025-10-04,0,wk inc flu hosp,2025-10-11,37,quantile,0.4,0.0
2025-10-04,0,wk inc flu hosp,2025-10-11,37,quantile,0.45,11.103770535118757
2025-10-04,0,wk inc flu hosp,2025-10-11,37,quantile,0.5,22.13756196479657
2025-10-04,0,wk inc flu hosp,2025-10-11,37,quantile,0.55,33.171353394474394
2025-10-04,0,wk inc flu hosp,2025-10-11,37,quantile,0.6,44.382899654336185
2025-10-04,0,wk inc flu hosp,2025-10-11,37,quantile,0.65,55.970922551251306
2025-10-04,0,wk inc flu hosp,2025-10-11,37,quantile,0.7,68.18295322985921
2025-10-04,0,wk inc flu hosp,2025-10-11,37,quantile,0.75,81.36165442739103
2025-10-04,0,wk inc flu hosp,2025-10-11,37,quantile,0.8,96.03676316261284
2025-10-04,0,wk inc flu hosp,2025-10-11,37,quantile,0.85,113.14239468887577
2025-10-04,0,wk inc flu hosp,2025-10-11,37,quantile,0.9,134.6651850922518
2025-10-04,0,wk inc flu hosp,2025-10-11,37,quantile,0.95,166.56520265420394
2025-10-04,0,wk inc flu hosp,2025-10-11,37,quantile,0.975,194.23371051265858
2025-10-04,0,wk inc flu hosp,2025-10-11,37,quantile,0.99,226.40433036609815
2025-10-11,0,wk inc flu hosp,2025-10-18,37,quantile,0.01,0.0
2025-10-11,0,wk inc flu hosp,2025-10-18,37,quantile,0.025,0.0
2025-10-11,0,wk inc flu hosp,2025-10-18,37,quantile,0.05,0.0
2025-10-11,0,wk inc flu hosp,2025-10-18,37,quantile,0.1,0.0
2025-10-11,0,wk inc flu hosp,2025-10-18,37,quantile,0.15,0.0
2025-10-11,0,wk inc flu hosp,2025-10-18,37,quantile,0.2,0.0
2025-10-11,0,wk inc flu hosp,2025-10-18,37,quantile,0.25,0.0
2025-10-11,0,wk inc flu hosp,2025-10-18,37,quantile,0.3,0.0
2025-10-11,0,wk inc flu hosp,2025-10-18,37,quantile,0.35,0.0
2025-10-11,0,wk inc flu hosp,2025-10-18,37,quantile,0.4,0.0
2025-10-11,0,wk inc flu hosp,2025-10-18,37,quantile,0.45,12.035790605730886
2025-10-11,0,wk inc flu hosp,2025-10-18,37,quantile,0.5,25.49144870954626
2025-10-11,0,wk inc flu hosp,2025-10-18,37,quantile,0.55,38.94710681336164
2025-10-11,0,wk inc flu hosp,2025-10-18,37,quantile,0.6,52.61953611830957
2025-10-11,0,wk inc flu hosp,2025-10-18,37,quantile,0.65,66.75107695754284
2025-10-11,0,wk inc flu hosp,2025-10-18,37,quantile,0.7,81.64359242803424
2025-10-11,0,wk inc flu hosp,2025-10-18,37,quantile,0.75,97.71495816813399
2025-10-11,0,wk inc flu hosp,2025-10-18,37,quantile,0.8,115.61118604555593
2025-10-11,0,wk inc flu hosp,2025-10-18,37,quantile,0.85,136.47142533267467
2025-10-11,0,wk inc flu hosp,2025-10-18,37,quantile,0.9,162.71836963587714
2025-10-11,0,wk inc flu hosp,2025-10-18,37,quantile,0.95,201.62029492194065
2025-10-11,0,wk inc flu hosp,2025-10-18,37,quantile,0.975,235.36191350870465
2025-10-11,0,wk inc flu hosp,2025-10-18,37,quantile,0.99,274.5938370496355
2025-10-18,0,wk inc flu hosp,2025-10-25,37,quantile,0.01,0.0
2025-10-18,0,wk inc flu hosp,2025-10-25,37,quantile,0.025,0.0
2025-10-18,0,wk inc flu hosp,2025-10-25,37,quantile,0.05,0.0
2025-10-18,0,wk inc flu hosp,2025-10-25,37,quantile,0.1,0.0
2025-10-18,0,wk inc flu hosp,2025-10-25,37,quantile,0.15,0.0
2025-10-18,0,wk inc flu hosp,2025-10-25,37,quantile,0.2,0.0
2025-10-18,0,wk inc flu hosp,2025-10-25,37,quantile,0.25,0.0
2025-10-18,0,wk inc flu hosp,2025-10-25,37,quantile,0.3,0.0
2025-10-18,0,wk inc flu hosp,2025-10-25,37,quantile,0.35,0.0
2025-10-18,0,wk inc flu hosp,2025-10-25,37,quantile,0.4,6.271621731736868
2025-10-18,0,wk inc flu hosp,2025-10-25,37,quantile,0.45,18.05084024578109
2025-10-18,0,wk inc flu hosp,2025-10-25,37,quantile,0.5,29.643303700520068
2025-10-18,0,wk inc flu hosp,2025-10-25,37,quantile,0.55,41.235767155259055
2025-10-18,0,wk inc flu hosp,2025-10-25,37,quantile,0.6,53.01498566930327
2025-10-18,0,wk inc flu hosp,2025-10-25,37,quantile,0.65,65.1897428958942
2025-10-18,0,wk inc flu hosp,2025-10-25,37,quantile,0.7,78.02010318067684
2025-10-18,0,wk inc flu hosp,2025-10-25,37,quantile,0.75,91.86607924312027
2025-10-18,0,wk inc flu hosp,2025-10-25,37,quantile,0.8,107.28423018349444
2025-10-18,0,wk inc flu hosp,2025-10-25,37,quantile,0.85,125.25596814883897
2025-10-18,0,wk inc flu hosp,2025-10-25,37,quantile,0.9,147.86851822152317
2025-10-18,0,wk inc flu hosp,2025-10-25,37,quantile,0.95,181.3837237743311
2025-10-18,0,wk inc flu hosp,2025-10-25,37,quantile,0.975,210.45316633544164
2025-10-18,0,wk inc flu hosp,2025-10-25,37,quantile,0.99,244.25267553807197
2025-10-25,0,wk inc flu hosp,2025-11-01,37,quantile,0.01,0.0
2025-10-25,0,wk inc flu hosp,2025-11-01,37,quantile,0.025,0.0
2025-10-25,0,wk inc flu hosp,2025-11-01,37,quantile,0.05,0.0
2025-10-25,0,wk inc flu hosp,2025-11-01,37,quantile,0.1,0.0
2025-10-25,0,wk inc flu hosp,2025-11-01,37,quantile,0.15,0.0
2025-10-25,0,wk inc flu hosp,2025-11-01,37,quantile,0.2,0.0
2025-10-25,0,wk inc flu hosp,2025-11-01,37,quantile,0.25,0.0
2025-10-25,0,wk inc flu hosp,2025-11-01,37,quantile,0.3,0.0
2025-10-25,0,wk inc flu hosp,2025-11-01,37,quantile,0.35,0.0
2025-10-25,0,wk inc flu hosp,2025-11-01,37,quantile,0.4,0.0
2025-10-25,0,wk inc flu hosp,2025-11-01,37,quantile,0.45,0.14462145066176646
2025-10-25,0,wk inc flu hosp,2025-11-01,37,quantile,0.5,13.697662496433857
2025-10-25,0,wk inc flu hosp,2025-11-01,37,quantile,0.55,27.25070354220596
2025-10-25,0,wk inc flu hosp,2025-11-01,37,quantile,0.6,41.022084632279395
2025-10-25,0,wk inc flu hosp,2025-11-01,37,quantile,0.65,55.25589999503937
2025-10-25,0,wk inc flu hosp,2025-11-01,37,quantile,0.7,70.25619740815023
2025-10-25,0,wk inc flu hosp,2025-11-01,37,quantile,0.75,86.44387681087119
2025-10-25,0,wk inc flu hosp,2025-11-01,37,quantile,0.8,104.46962546737242
2025-10-25,0,wk inc flu hosp,2025-11-01,37,quantile,0.85,125.48083704109564
2025-10-25,0,wk inc flu hosp,2025-11-01,37,quantile,0.9,151.91773895424174
2025-10-25,0,wk inc flu hosp,2025-11-01,37,quantile,0.95,191.10121003337676
2025-10-25,0,wk inc flu hosp,2025-11-01,37,quantile,0.975,225.08702760758595
2025-10-25,0,wk inc flu hosp,2025-11-01,37,quantile,0.99,264.60288524550117
2025-11-01,0,wk inc flu hosp,2025-11-08,37,quantile,0.01,0.0
2025-11-01,0,wk inc flu hosp,2025-11-08,37,quantile,0.025,0.0
2025-11-01,0,wk inc flu hosp,2025-11-08,37,quantile,0.05,0.0
2025-11-01,0,wk inc flu hosp,2025-11-08,37,quantile,0.1,0.0
2025-11-01,0,wk inc flu hosp,2025-11-08,37,quantile,0.15,0.0
2025-11-01,0,wk inc flu hosp,2025-11-08,37,quantile,0.2,0.0
2025-11-01,0,wk inc flu hosp,2025-11-08,37,quantile,0.25,0.0
2025-11-01,0,wk inc flu hosp,2025-11-08,37,quantile,0.3,3.157700351026172
2025-11-01,0,wk inc flu hosp,2025-11-08,37,quantile,0.35,12.791098772878527
2025-11-01,0,wk inc flu hosp,2025-11-08,37,quantile,0.4,21.932251823130798
2025-11-01,0,wk inc flu hosp,2025-11-08,37,quantile,0.45,30.776423188952258
2025-11-01,0,wk inc flu hosp,2025-11-08,37,quantile,0.5,39.48037355913122
2025-11-01,0,wk inc flu hosp,2025-11-08,37,quantile,0.55,48.184323929310196
2025-11-01,0,wk inc flu hosp,2025-11-08,37,quantile,0.6,57.02849529513165
2025-11-01,0,wk inc flu hosp,2025-11-08,37,quantile,0.65,66.16964834538392
2025-11-01,0,wk inc flu hosp,2025-11-08,37,quantile,0.7,75.80304676723625
2025-11-01,0,wk inc flu hosp,2025-11-08,37,quantile,0.75,86.19899832185835
2025-11-01,0,wk inc flu hosp,2025-11-08,37,quantile,0.8,97.77538336796215
2025-11-01,0,wk inc flu hosp,2025-11-08,37,quantile,0.85,111.26907398229605
2025-11-01,0,wk inc flu hosp,2025-11-08,37,quantile,0.9,128.24721795870607
2025-11-01,0,wk inc flu hosp,2025-11-08,37,quantile,0.95,153.41138491225675
2025-11-01,0,wk inc flu hosp,2025-11-08,37,quantile,0.975,175.23754691212406
2025-11-01,0,wk inc flu hosp,2025-11-08,37,quantile,0.99,200.6151771099435
2025-11-08,0,wk inc flu hosp,2025-11-15,37,quantile,0.01,0.0
2025-11-08,0,wk inc flu hosp,2025-11-15,37,quantile,0.025,0.0
2025-11-08,0,wk inc flu hosp,2025-11-15,37,quantile,0.05,0.0
2025-11-08,0,wk inc flu hosp,2025-11-15,37,quantile,0.1,0.0
2025-11-08,0,wk inc flu hosp,2025-11-15,37,quantile,0.15,0.0
2025-11-08,0,wk inc flu hosp,2025-11-15,37,quantile,0.2,3.1276723834438585
2025-11-08,0,wk inc flu hosp,2025-11-15,37,quantile,0.25,13.834043394254486
2025-11-08,0,wk inc flu hosp,2025-11-15,37,quantile,0.3,23.44869545626915
2025-11-08,0,wk inc flu hosp,2025-11-15,37,quantile,0.35,32.35810346132006
2025-11-08,0,wk inc flu hosp,2025-11-15,37,quantile,0.4,40.812260405204995
2025-11-08,0,wk inc flu hosp,2025-11-15,37,quantile,0.45,48.99175508757488
2025-11-08,0,wk inc flu hosp,2025-11-15,37,quantile,0.5,57.04156697200094
2025-11-08,0,wk inc flu hosp,2025-11-15,37,quantile,0.55,65.09137885642701
2025-11-08,0,wk inc flu hosp,2025-11-15,37,quantile,0.6,73.27087353879689
2025-11-08,0,wk inc flu hosp,2025-11-15,37,quantile,0.65,81.72503048268183
2025-11-08,0,wk inc flu hosp,2025-11-15,37,quantile,0.7,90.63443848773272
2025-11-08,0,wk inc flu hosp,2025-11-15,37,quantile,0.75,100.2490905497474
2025-11-08,0,wk inc flu hosp,2025-11-15,37,quantile,0.8,110.95546156055804
2025-11-08,0,wk inc flu hosp,2025-11-15,37,quantile,0.85,123.43504456050107
2025-11-08,0,wk inc flu hosp,2025-11-15,37,quantile,0.9,139.13720959409972
2025-11-08,0,wk inc flu hosp,2025-11-15,37,quantile,0.95,162.41018354146942
2025-11-08,0,wk inc flu hosp,2025-11-15,37,quantile,0.975,182.5960176496122
2025-11-08,0,wk inc flu hosp,2025-11-15,37,quantile,0.99,206.06641218045507
2025-09-13,0,wk inc flu hosp,2025-09-20,38,quantile,0.01,0.0
2025-09-13,0,wk inc flu hosp,2025-09-20,38,quantile,0.025,0.0
2025-09-13,0,wk inc flu hosp,2025-09-20,38,quantile,0.05,0.0
2025-09-13,0,wk inc flu hosp,2025-09-20,38,quantile,0.1,0.0
2025-09-13,0,wk inc flu hosp,2025-09-20,38,quantile,0.15,0.0
2025-09-13,0,wk inc flu hosp,2025-09-20,38,quantile,0.2,0.0
2025-09-13,0,wk inc flu hosp,2025-09-20,38,quantile,0.25,0.0
2025-09-13,0,wk inc flu hosp,2025-09-20,38,quantile,0.3,0.28023078779072774
2025-09-13,0,wk inc flu hosp,2025-09-20,38,quantile,0.35,0.9130496009641431
2025-09-13,0,wk inc flu hosp,2025-09-20,38,quantile,0.4,1.5135327711790505
2025-09-13,0,wk inc flu hosp,2025-09-20,38,quantile,0.45,2.0945071876970864
2025-09-13,0,wk inc flu hosp,2025-09-20,38,quantile,0.5,2.6662704743356405
2025-09-13,0,wk inc flu hosp,2025-09-20,38,quantile,0.55,3.2380337609741954
2025-09-13,0,wk inc flu hosp,2025-09-20,38,quantile,0.6,3.8190081774922304
2025-09-13,0,wk inc flu hosp,2025-09-20,38,quantile,0.65,4.419491347707138
2025-09-13,0,wk inc flu hosp,2025-09-20,38,quantile,0.7,5.052310160880552
2025-09-13,0,wk inc flu hosp,2025-09-20,38,quantile,0.75,5.735221158279048
2025-09-13,0,wk inc flu hosp,2025-09-20,38,quantile,0.8,6.495674938442045
2025-09-13,0,wk inc flu hosp,2025-09-20,38,quantile,0.85,7.382076694703061
2025-09-13,0,wk inc flu hosp,2025-09-20,38,quantile,0.9,8.49737250730719
2025-09-13,0,wk inc flu hosp,2025-09-20,38,quantile,0.95,10.15040890928148
2025-09-13,0,wk inc flu hosp,2025-09-20,38,quantile,0.975,11.584171464098652
2025-09-13,0,wk inc flu hosp,2025-09-20,38,quantile,0.99,13.251230285885647
2025-09-20,0,wk inc flu hosp,2025-09-27,38,quantile,0.01,0.0
2025-09-20,0,wk inc flu hosp,2025-09-27,38,quantile,0.025,0.0
2025-09-20,0,wk inc flu hosp,2025-09-27,38,quantile,0.05,0.0
2025-09-20,0,wk inc flu hosp,2025-09-27,38,quantile,0.1,0.0
2025-09-20,0,wk inc flu hosp,2025-09-27,38,quantile,0.15,0.0
2025-09-20,0,wk inc flu hosp,2025-09-27,38,quantile,0.2,0.0
2025-09-20,0,wk inc flu hosp,2025-09-27,38,quantile,0.25,0.0
2025-09-20,0,wk inc flu hosp,2025-09-27,38,quantile,0.3,0.0
2025-09-20,0,wk inc flu hosp,2025-09-27,38,quantile,0.35,0.3063453173228581
2025-09-20,0,wk inc flu hosp,2025-09-27,38,quantile,0.4,0.8770838978255635
2025-09-20,0,wk inc flu hosp,2025-09-27,38,quantile,0.45,1.4292800795657117
2025-09-20,0,wk inc flu hosp,2025-09-27,38,quantile,0.5,1.9727213994662518
2025-09-20,0,wk inc flu hosp,2025-09-27,38,quantile,0.55,2.5161627193667924
2025-09-20,0,wk inc flu hosp,2025-09-27,38,quantile,0.6,3.06835890110694
2025-09-20,0,wk inc flu hosp,2025-09-27,38,quantile,0.65,3.6390974816096455
2025-09-20,0,wk inc flu hosp,2025-09-27,38,quantile,0.7,4.240569977527792
2025-09-20,0,wk inc flu hosp,2025-09-27,38,quantile,0.75,4.889653370032216
2025-09-20,0,wk inc flu hosp,2025-09-27,38,quantile,0.8,5.612438507995057
2025-09-20,0,wk inc flu hosp,2025-09-27,38,quantile,0.85,6.454932861238061
2025-09-20,0,wk inc flu hosp,2025-09-27,38,quantile,0.9,7.514983134917638
2025-09-20,0,wk inc flu hosp,2025-09-27,38,quantile,0.95,9.086137326040852
2025-09-20,0,wk inc flu hosp,2025-09-27,38,quantile,0.975,10.448879274364602
2025-09-20,0,wk inc flu hosp,2025-09-27,38,quantile,0.99,12.033361292771055
2025-09-27,0,wk inc flu hosp,2025-10-04,38,quantile,0.01,0.0
2025-09-27,0,wk inc flu hosp,2025-10-04,38,quantile,0.025,0.0
2025-09-27,0,wk inc flu hosp,2025-10-04,38,quantile,0.05,0.0
2025-09-27,0,wk inc flu hosp,2025-10-04,38,quantile,0.1,0.0
2025-09-27,0,wk inc flu hosp,2025-10-04,38,quantile,0.15,0.0
2025-09-27,0,wk inc flu hosp,2025-10-04,38,quantile,0.2,0.0
2025-09-27,0,wk inc flu hosp,2025-10-04,38,quantile,0.25,0.0
2025-09-27,0,wk inc flu hosp,2025-10-04,38,quantile,0.3,0.0
2025-09-27,0,wk inc flu hosp,2025-10-04,38,quantile,0.35,0.0
2025-09-27,0,wk inc flu hosp,2025-10-04,38,quantile,0.4,0.399337599685313
2025-09-27,0,wk inc flu hosp,2025-10-04,38,quantile,0.45,1.0201511031685127
2025-09-27,0,wk inc flu hosp,2025-10-04,38,quantile,0.5,1.6311218430997612
2025-09-27,0,wk inc flu hosp,2025-10-04,38,quantile,0.55,2.2420925830310106
2025-09-27,0,wk inc flu hosp,2025-10-04,38,quantile,0.6,2.8629060865142093
2025-09-27,0,wk inc flu hosp,2025-10-04,38,quantile,0.65,3.5045661150539384
2025-09-27,0,wk inc flu hosp,2025-10-04,38,quantile,0.7,4.180779134606189
2025-09-27,0,wk inc flu hosp,2025-10-04,38,quantile,0.75,4.910519303550451
2025-09-27,0,wk inc flu hosp,2025-10-04,38,quantile,0.8,5.723119586932082
2025-09-27,0,wk inc flu hosp,2025-10-04,38,quantile,0.85,6.6703044614333145
2025-09-27,0,wk inc flu hosp,2025-10-04,38,quantile,0.9,7.862079316155196
2025-09-27,0,wk inc flu hosp,2025-10-04,38,quantile,0.95,9.628469179318927
2025-09-27,0,wk inc flu hosp,2025-10-04,38,quantile,0.975,11.160548956865274
2025-09-27,0,wk inc flu hosp,2025-10-04,38,quantile,0.99,12.941922797505004
2025-10-04,0,wk inc flu hosp,2025-10-11,38,quantile,0.01,0.0
2025-10-04,0,wk inc flu hosp,2025-10-11,38,quantile,0.025,0.0
2025-10-04,0,wk inc flu hosp,2025-10-11,38,quantile,0.05,0.0
2025-10-04,0,wk inc flu hosp,2025-10-11,38,quantile,0.1,0.0
2025-10-04,0,wk inc flu hosp,2025-10-11,38,quantile,0.15,0.0
2025-10-04,0,wk inc flu hosp,2025-10-11,38,quantile,0.2,0.0
2025-10-04,0,wk inc flu hosp,2025-10-11,38,quantile,0.25,0.0
2025-10-04,0,wk inc flu hosp,2025-10-11,38,quantile,0.3,0.0
2025-10-04,0,wk inc flu hosp,2025-10-11,38,quantile,0.35,0.0
2025-10-04,0,wk inc flu hosp,2025-10-11,38,quantile,0.4,0.0
2025-10-04,0,wk inc flu hosp,2025-10-11,38,quantile,0.45,0.0
2025-10-04,0,wk inc flu hosp,2025-10-11,38,quantile,0.5,0.6543083960171998
2025-10-04,0,wk inc flu hosp,2025-10-11,38,quantile,0.55,1.3113997393469585
2025-10-04,0,wk inc flu hosp,2025-10-11,38,quantile,0.6,1.9790768510314436
2025-10-04,0,wk inc flu hosp,2025-10-11,38,quantile,0.65,2.669174138115317
2025-10-04,0,wk inc flu hosp,2025-10-11,38,quantile,0.7,3.396432732274278
2025-10-04,0,wk inc flu hosp,2025-10-11,38,quantile,0.75,4.18125910210539
2025-10-04,0,wk inc flu hosp,2025-10-11,38,quantile,0.8,5.0552004824364065
2025-10-04,0,wk inc flu hosp,2025-10-11,38,quantile,0.85,6.073885897122025
2025-10-04,0,wk inc flu hosp,2025-10-11,38,quantile,0.9,7.355624758010763
2025-10-04,0,wk inc flu hosp,2025-10-11,38,quantile,0.95,9.255354830454058
2025-10-04,0,wk inc flu hosp,2025-10-11,38,quantile,0.975,10.903087353994497
2025-10-04,0,wk inc flu hosp,2025-10-11,38,quantile,0.99,12.818932505679124
2025-10-11,0,wk inc flu hosp,2025-10-18,38,quantile,0.01,0.0
2025-10-11,0,wk inc flu hosp,2025-10-18,38,quantile,0.025,0.0
2025-10-11,0,wk inc flu hosp,2025-10-18,38,quantile,0.05,0.0
2025-10-11,0,wk inc flu hosp,2025-10-18,38,quantile,0.1,0.0
2025-10-11,0,wk inc flu hosp,2025-10-18,38,quantile,0.15,0.0
2025-10-11,0,wk inc flu hosp,2025-10-18,38,quantile,0.2,0.0
2025-10-11,0,wk inc flu hosp,2025-10-18,38,quantile,0.25,0.0
2025-10-11,0,wk inc flu hosp,2025-10-18,38,quantile,0.3,0.0
2025-10-11,0,wk inc flu hosp,2025-10-18,38,quantile,0.35,0.0
2025-10-11,0,wk inc flu hosp,2025-10-18,38,quantile,0.4,0.3619285995402126
2025-10-11,0,wk inc flu hosp,2025-10-18,38,quantile,0.45,0.9600320029824051
2025-10-11,0,wk inc flu hosp,2025-10-18,38,quantile,0.5,1.548652702928832
2025-10-11,0,wk inc flu hosp,2025-10-18,38,quantile,0.55,2.1372734028752594
2025-10-11,0,wk inc flu hosp,2025-10-18,38,quantile,0.6,2.7353768063174515
2025-10-11,0,wk inc flu hosp,2025-10-18,38,quantile,0.65,3.353564144010907
2025-10-11,0,wk inc flu hosp,2025-10-18,38,quantile,0.7,4.005040483003053
2025-10-11,0,wk inc flu hosp,2025-10-18,38,quantile,0.75,4.708085884279276
2025-10-11,0,wk inc flu hosp,2025-10-18,38,quantile,0.8,5.490960277960689
2025-10-11,0,wk inc flu hosp,2025-10-18,38,quantile,0.85,6.4034959975441215
2025-10-11,0,wk inc flu hosp,2025-10-18,38,quantile,0.9,7.551674303503395
2025-10-11,0,wk inc flu hosp,2025-10-18,38,quantile,0.95,9.253447514035061
2025-10-11,0,wk inc flu hosp,2025-10-18,38,quantile,0.975,10.729481981961587
2025-10-11,0,wk inc flu hosp,2025-10-18,38,quantile,0.99,12.445691038162224
2025-10-18,0,wk inc flu hosp,2025-10-25,38,quantile,0.01,0.0
2025-10-18,0,wk inc flu hosp,2025-10-25,38,quantile,0.025,0.0
2025-10-18,0,wk inc flu hosp,2025-10-25,38,quantile,0.05,0.0
2025-10-18,0,wk inc flu hosp,2025-10-25,38,quantile,0.1,0.0
2025-10-18,0,wk inc flu hosp,2025-10-25,38,quantile,0.15,0.0
2025-10-18,0,wk inc flu hosp,2025-10-25,38,quantile,0.2,0.0
2025-10-18,0,wk inc flu hosp,2025-10-25,38,quantile,0.25,0.0
2025-10-18,0,wk inc flu hosp,2025-10-25,38,quantile,0.3,0.0
2025-10-18,0,wk inc flu hosp,2025-10-25,38,quantile,0.35,0.0
2025-10-18,0,wk inc flu hosp,2025-10-25,38,quantile,0.4,0.10558161741761163
2025-10-18,0,wk inc flu hosp,2025-10-25,38,quantile,0.45,0.7894895358864009
2025-10-18,0,wk inc flu hosp,2025-10-25,38,quantile,0.5,1.46255435269096
2025-10-18,0,wk inc flu hosp,2025-10-25,38,quantile,0.55,2.1356191694955196
2025-10-18,0,wk inc flu hosp,2025-10-25,38,quantile,0.6,2.819527087964308
2025-10-18,0,wk inc flu hosp,2025-10-25,38,quantile,0.65,3.5264002020654828
2025-10-18,0,wk inc flu hosp,2025-10-25,38,quantile,0.7,4.271337991029007
2025-10-18,0,wk inc flu hosp,2025-10-25,38,quantile,0.75,5.075242991750757
2025-10-18,0,wk inc flu hosp,2025-10-25,38,quantile,0.8,5.970429332312885
2025-10-18,0,wk inc flu hosp,2025-10-25,38,quantile,0.85,7.013878342830083
2025-10-18,0,wk inc flu hosp,2025-10-25,38,quantile,0.9,8.326775461857299
2025-10-18,0,wk inc flu hosp,2025-10-25,38,quantile,0.95,10.272686766528798
2025-10-18,0,wk inc flu hosp,2025-10-25,38,quantile,0.975,11.960474621836303
2025-10-18,0,wk inc flu hosp,2025-10-25,38,quantile,0.99,13.922892753096619
2025-10-25,0,wk inc flu hosp,2025-11-01,38,quantile,0.01,0.0
2025-10-25,0,wk inc flu hosp,2025-11-01,38,quantile,0.025,0.0
2025-10-25,0,wk inc flu hosp,2025-11-01,38,quantile,0.05,0.0
2025-10-25,0,wk inc flu hosp,2025-11-01,38,quantile,0.1,0.0
2025-10-25,0,wk inc flu hosp,2025-11-01,38,quantile,0.15,0.0
2025-10-25,0,wk inc flu hosp,2025-11-01,38,quantile,0.2,0.0
2025-10-25,0,wk inc flu hosp,2025-11-01,38,quantile,0.25,0.0
2025-10-25,0,wk inc flu hosp,2025-11-01,38,quantile,0.3,0.0
2025-10-25,0,wk inc flu hosp,2025-11-01,38,quantile,0.35,0.0
2025-10-25,0,wk inc flu hosp,2025-11-01,38,quantile,0.4,0.0
2025-10-25,0,wk inc flu hosp,2025-11-01,38,quantile,0.45,0.32689440701353517
2025-10-25,0,wk inc flu hosp,2025-11-01,38,quantile,0.5,0.8097756619487413
2025-10-25,0,wk inc flu hosp,2025-11-01,38,quantile,0.55,1.292656916883948
2025-10-25,0,wk inc flu hosp,2025-11-01,38,quantile,0.6,1.7833174085409178
2025-10-25,0,wk inc flu hosp,2025-11-01,38,quantile,0.65,2.290453969381607
2025-10-25,0,wk inc flu hosp,2025-11-01,38,quantile,0.7,2.8248995166784536
2025-10-25,0,wk inc flu hosp,2025-11-01,38,quantile,0.75,3.4016502929858223
2025-10-25,0,wk inc flu hosp,2025-11-01,38,quantile,0.8,4.043889632703108
2025-10-25,0,wk inc flu hosp,2025-11-01,38,quantile,0.85,4.7924980208990275
2025-10-25,0,wk inc flu hosp,2025-11-01,38,quantile,0.9,5.734418312389719
2025-10-25,0,wk inc flu hosp,2025-11-01,38,quantile,0.95,7.130486074857871
2025-10-25,0,wk inc flu hosp,2025-11-01,38,quantile,0.975,8.341366657659073
2025-10-25,0,wk inc flu hosp,2025-11-01,38,quantile,0.99,9.749277019739026
2025-11-01,0,wk inc flu hosp,2025-11-08,38,quantile,0.01,0.0
2025-11-01,0,wk inc flu hosp,2025-11-08,38,quantile,0.025,0.0
2025-11-01,0,wk inc flu hosp,2025-11-08,38,quantile,0.05,0.0
2025-11-01,0,wk inc flu hosp,2025-11-08,38,quantile,0.1,0.0
2025-11-01,0,wk inc flu hosp,2025-11-08,38,quantile,0.15,0.0
2025-11-01,0,wk inc flu hosp,2025-11-08,38,quantile,0.2,0.0
2025-11-01,0,wk inc flu hosp,2025-11-08,38,quantile,0.25,0.0
2025-11-01,0,wk inc flu hosp,2025-11-08,38,quantile,0.3,0.0
2025-11-01,0,wk inc flu hosp,2025-11-08,38,quantile,0.35,0.47556706462618736
2025-11-01,0,wk inc flu hosp,2025-11-08,38,quantile,0.4,1.0235253709105416
2025-11-01,0,wk inc flu hosp,2025-11-08,38,quantile,0.45,1.5536813737104693
2025-11-01,0,wk inc flu hosp,2025-11-08,38,quantile,0.5,2.07543195338102
2025-11-01,0,wk inc flu hosp,2025-11-08,38,quantile,0.55,2.597182533051571
2025-11-01,0,wk inc flu hosp,2025-11-08,38,quantile,0.6,3.1273385358514982
2025-11-01,0,wk inc flu hosp,2025-11-08,38,quantile,0.65,3.6752968421358525
2025-11-01,0,wk inc flu hosp,2025-11-08,38,quantile,0.7,4.252762360323944
2025-11-01,0,wk inc flu hosp,2025-11-08,38,quantile,0.75,4.875938449244993
2025-11-01,0,wk inc flu hosp,2025-11-08,38,quantile,0.8,5.5698745761084965
2025-11-01,0,wk inc flu hosp,2025-11-08,38,quantile,0.85,6.378741883537666
2025-11-01,0,wk inc flu hosp,2025-11-08,38,quantile,0.9,7.396481655098409
2025-11-01,0,wk inc flu hosp,2025-11-08,38,quantile,0.95,8.904925308445163
2025-11-01,0,wk inc flu hosp,2025-11-08,38,quantile,0.975,10.213275217519836
2025-11-01,0,wk inc flu hosp,2025-11-08,38,quantile,0.99,11.734514735583046
2025-11-08,0,wk inc flu hosp,2025-11-15,38,quantile,0.01,0.0
2025-11-08,0,wk inc flu hosp,2025-11-15,38,quantile,0.025,0.0
2025-11-08,0,wk inc flu hosp,2025-11-15,38,quantile,0.05,0.0
2025-11-08,0,wk inc flu hosp,2025-11-15,38,quantile,0.1,0.0
2025-11-08,0,wk inc flu hosp,2025-11-15,38,quantile,0.15,0.0
2025-11-08,0,wk inc flu hosp,2025-11-15,38,quantile,0.2,0.0
2025-11-08,0,wk inc flu hosp,2025-11-15,38,quantile,0.25,0.0
2025-11-08,0,wk inc flu hosp,2025-11-15,38,quantile,0.3,0.5183658353564824
2025-11-08,0,wk inc flu hosp,2025-11-15,38,quantile,0.35,1.0799028354016167
2025-11-08,0,wk inc flu hosp,2025-11-15,38,quantile,0.4,1.6127465356214892
2025-11-08,0,wk inc flu hosp,2025-11-15,38,quantile,0.45,2.12827898213412
2025-11-08,0,wk inc flu hosp,2025-11-15,38,quantile,0.5,2.635637856477472
2025-11-08,0,wk inc flu hosp,2025-11-15,38,quantile,0.55,3.1429967308208244
2025-11-08,0,wk inc flu hosp,2025-11-15,38,quantile,0.6,3.658529177333455
2025-11-08,0,wk inc flu hosp,2025-11-15,38,quantile,0.65,4.191372877553327
2025-11-08,0,wk inc flu hosp,2025-11-15,38,quantile,0.7,4.75290987759846
2025-11-08,0,wk inc flu hosp,2025-11-15,38,quantile,0.75,5.358896591005311
2025-11-08,0,wk inc flu hosp,2025-11-15,38,quantile,0.8,6.033691533090404
2025-11-08,0,wk inc flu hosp,2025-11-15,38,quantile,0.85,6.820247451915701
2025-11-08,0,wk inc flu hosp,2025-11-15,38,quantile,0.9,7.809914401973646
2025-11-08,0,wk inc flu hosp,2025-11-15,38,quantile,0.95,9.276749904975159
2025-11-08,0,wk inc flu hosp,2025-11-15,38,quantile,0.975,10.54901094881434
2025-11-08,0,wk inc flu hosp,2025-11-15,38,quantile,0.99,12.028289361841729
2025-09-13,0,wk inc flu hosp,2025-09-20,39,quantile,0.01,0.0
2025-09-13,0,wk inc flu hosp,2025-09-20,39,quantile,0.025,0.0
2025-09-13,0,wk inc flu hosp,2025-09-20,39,quantile,0.05,0.0
2025-09-13,0,wk inc flu hosp,2025-09-20,39,quantile,0.1,0.0
2025-09-13,0,wk inc flu hosp,2025-09-20,39,quantile,0.15,0.0
2025-09-13,0,wk inc flu hosp,2025-09-20,39,quantile,0.2,0.0
2025-09-13,0,wk inc flu hosp,2025-09-20,39,quantile,0.25,0.0
2025-09-13,0,wk inc flu hosp,2025-09-20,39,quantile,0.3,0.0
2025-09-13,0,wk inc flu hosp,2025-09-20,39,quantile,0.35,0.0
2025-09-13,0,wk inc flu hosp,2025-09-20,39,quantile,0.4,0.0
2025-09-13,0,wk inc flu hosp,2025-09-20,39,quantile,0.45,3.809888118060403
2025-09-13,0,wk inc flu hosp,2025-09-20,39,quantile,0.5,16.99024881731354
2025-09-13,0,wk inc flu hosp,2025-09-20,39,quantile,0.55,30.17060951656669
2025-09-13,0,wk inc flu hosp,2025-09-20,39,quantile,0.6,43.563306364530916
2025-09-13,0,wk inc flu hosp,2025-09-20,39,quantile,0.65,57.405721507682244
2025-09-13,0,wk inc flu hosp,2025-09-20,39,quantile,0.7,71.99354204428062
2025-09-13,0,wk inc flu hosp,2025-09-20,39,quantile,0.75,87.73609404358197
2025-09-13,0,wk inc flu hosp,2025-09-20,39,quantile,0.8,105.26617222783419
2025-09-13,0,wk inc flu hosp,2025-09-20,39,quantile,0.85,125.69961932909452
2025-09-13,0,wk inc flu hosp,2025-09-20,39,quantile,0.9,151.40956160767564
2025-09-13,0,wk inc flu hosp,2025-09-20,39,quantile,0.95,189.51556899948986
2025-09-13,0,wk inc flu hosp,2025-09-20,39,quantile,0.975,222.56684751139485
2025-09-13,0,wk inc flu hosp,2025-09-20,39,quantile,0.99,260.99610152524104
2025-09-20,0,wk inc flu hosp,2025-09-27,39,quantile,0.01,0.0
2025-09-20,0,wk inc flu hosp,2025-09-27,39,quantile,0.025,0.0
2025-09-20,0,wk inc flu hosp,2025-09-27,39,quantile,0.05,0.0
2025-09-20,0,wk inc flu hosp,2025-09-27,39,quantile,0.1,0.0
2025-09-20,0,wk inc flu hosp,2025-09-27,39,quantile,0.15,0.0
2025-09-20,0,wk inc flu hosp,2025-09-27,39,quantile,0.2,0.0
2025-09-20,0,wk inc flu hosp,2025-09-27,39,quantile,0.25,0.0
2025-09-20,0,wk inc flu hosp,2025-09-27,39,quantile,0.3,0.0
2025-09-20,0,wk inc flu hosp,2025-09-27,39,quantile,0.35,0.0
2025-09-20,0,wk inc flu hosp,2025-09-27,39,quantile,0.4,0.0
2025-09-20,0,wk inc flu hosp,2025-09-27,39,quantile,0.45,0.8767822714485849
2025-09-20,0,wk inc flu hosp,2025-09-27,39,quantile,0.5,14.854969615328404
2025-09-20,0,wk inc flu hosp,2025-09-27,39,quantile,0.55,28.83315695920824
2025-09-20,0,wk inc flu hosp,2025-09-27,39,quantile,0.6,43.036533471600706
2025-09-20,0,wk inc flu hosp,2025-09-27,39,quantile,0.65,57.716850389914825
2025-09-20,0,wk inc flu hosp,2025-09-27,39,quantile,0.7,73.18769318794418
2025-09-20,0,wk inc flu hosp,2025-09-27,39,quantile,0.75,89.8831650447556
2025-09-20,0,wk inc flu hosp,2025-09-27,39,quantile,0.8,108.47436467908905
2025-09-20,0,wk inc flu hosp,2025-09-27,39,quantile,0.85,130.14467842694117
2025-09-20,0,wk inc flu hosp,2025-09-27,39,quantile,0.9,157.41088137620548
2025-09-20,0,wk inc flu hosp,2025-09-27,39,quantile,0.95,197.82350151642908
2025-09-20,0,wk inc flu hosp,2025-09-27,39,quantile,0.975,232.87542259324272
2025-09-20,0,wk inc flu hosp,2025-09-27,39,quantile,0.99,273.6308559495944
2025-09-27,0,wk inc flu hosp,2025-10-04,39,quantile,0.01,0.0
2025-09-27,0,wk inc flu hosp,2025-10-04,39,quantile,0.025,0.0
2025-09-27,0,wk inc flu hosp,2025-10-04,39,quantile,0.05,0.0
2025-09-27,0,wk inc flu hosp,2025-10-04,39,quantile,0.1,0.0
2025-09-27,0,wk inc flu hosp,2025-10-04,39,quantile,0.15,0.0
2025-09-27,0,wk inc flu hosp,2025-10-04,39,quantile,0.2,0.0
2025-09-27,0,wk inc flu hosp,2025-10-04,39,quantile,0.25,0.0
2025-09-27,0,wk inc flu hosp,2025-10-04,39,quantile,0.3,0.0
2025-09-27,0,wk inc flu hosp,2025-10-04,39,quantile,0.35,0.0
2025-09-27,0,wk inc flu hosp,2025-10-04,39,quantile,0.4,0.0
2025-09-27,0,wk inc flu hosp,2025-10-04,39,quantile,0.45,2.6082039587092662
2025-09-27,0,wk inc flu hosp,2025-10-04,39,quantile,0.5,16.340568785475828
2025-09-27,0,wk inc flu hosp,2025-10-04,39,quantile,0.55,30.0729336122424
2025-09-27,0,wk inc flu hosp,2025-10-04,39,quantile,0.6,44.02652739673972
2025-09-27,0,wk inc flu hosp,2025-10-04,39,quantile,0.65,58.44867404103327
2025-09-27,0,wk inc flu hosp,2025-10-04,39,quantile,0.7,73.64744425733834
2025-09-27,0,wk inc flu hosp,2025-10-04,39,quantile,0.75,90.0493070205478
2025-09-27,0,wk inc flu hosp,2025-10-04,39,quantile,0.8,108.3135590058166
2025-09-27,0,wk inc flu hosp,2025-10-04,39,quantile,0.85,129.6027753380254
2025-09-27,0,wk inc flu hosp,2025-10-04,39,quantile,0.9,156.3894707176588
2025-09-27,0,wk inc flu hosp,2025-10-04,39,quantile,0.95,196.09138840686956
2025-09-27,0,wk inc flu hosp,2025-10-04,39,quantile,0.975,230.52688109731378
2025-09-27,0,wk inc flu hosp,2025-10-04,39,quantile,0.99,270.56558323757633
2025-10-04,0,wk inc flu hosp,2025-10-11,39,quantile,0.01,0.0
2025-10-04,0,wk inc flu hosp,2025-10-11,39,quantile,0.025,0.0
2025-10-04,0,wk inc flu hosp,2025-10-11,39,quantile,0.05,0.0
2025-10-04,0,wk inc flu hosp,2025-10-11,39,quantile,0.1,0.0
2025-10-04,0,wk inc flu hosp,2025-10-11,39,quantile,0.15,0.0
2025-10-04,0,wk inc flu hosp,2025-10-11,39,quantile,0.2,0.0
2025-10-04,0,wk inc flu hosp,2025-10-11,39,quantile,0.25,0.0
2025-10-04,0,wk inc flu hosp,2025-10-11,39,quantile,0.3,0.0
2025-10-04,0,wk inc flu hosp,2025-10-11,39,quantile,0.35,0.0
2025-10-04,0,wk inc flu hosp,2025-10-11,39,quantile,0.4,0.0
2025-10-04,0,wk inc flu hosp,2025-10-11,39,quantile,0.45,5.796171885820563
2025-10-04,0,wk inc flu hosp,2025-10-11,39,quantile,0.5,17.839499302465697
2025-10-04,0,wk inc flu hosp,2025-10-11,39,quantile,0.55,29.882826719110845
2025-10-04,0,wk inc flu hosp,2025-10-11,39,quantile,0.6,42.12017263188576
2025-10-04,0,wk inc flu hosp,2025-10-11,39,quantile,0.65,54.768440885693465
2025-10-04,0,wk inc flu hosp,2025-10-11,39,quantile,0.7,68.09781047020485
2025-10-04,0,wk inc flu hosp,2025-10-11,39,quantile,0.75,82.48229602619506
2025-10-04,0,wk inc flu hosp,2025-10-11,39,quantile,0.8,98.50010282447946
2025-10-04,0,wk inc flu hosp,2025-10-11,39,quantile,0.85,117.17081292918252
2025-10-04,0,wk inc flu hosp,2025-10-11,39,quantile,0.9,140.66282955825287
2025-10-04,0,wk inc flu hosp,2025-10-11,39,quantile,0.95,175.48153703009947
2025-10-04,0,wk inc flu hosp,2025-10-11,39,quantile,0.975,205.6815731095487
2025-10-04,0,wk inc flu hosp,2025-10-11,39,quantile,0.99,240.79564161090613
2025-10-11,0,wk inc flu hosp,2025-10-18,39,quantile,0.01,0.0
2025-10-11,0,wk inc flu hosp,2025-10-18,39,quantile,0.025,0.0
2025-10-11,0,wk inc flu hosp,2025-10-18,39,quantile,0.05,0.0
2025-10-11,0,wk inc flu hosp,2025-10-18,39,quantile,0.1,0.0
2025-10-11,0,wk inc flu hosp,2025-10-18,39,quantile,0.15,0.0
2025-10-11,0,wk inc flu hosp,2025-10-18,39,quantile,0.2,0.0
2025-10-11,0,wk inc flu hosp,2025-10-18,39,quantile,0.25,0.0
2025-10-11,0,wk inc flu hosp,2025-10-18,39,quantile,0.3,0.0
2025-10-11,0,wk inc flu hosp,2025-10-18,39,quantile,0.35,0.0
2025-10-11,0,wk inc flu hosp,2025-10-18,39,quantile,0.4,0.0
2025-10-11,0,wk inc flu hosp,2025-10-18,39,quantile,0.45,0.0
2025-10-11,0,wk inc flu hosp,2025-10-18,39,quantile,0.5,12.602184779472037
2025-10-11,0,wk inc flu hosp,2025-10-18,39,quantile,0.55,27.14582421619989
2025-10-11,0,wk inc flu hosp,2025-10-18,39,quantile,0.6,41.92376227773036
2025-10-11,0,wk inc flu hosp,2025-10-18,39,quantile,0.65,57.197934158846024
2025-10-11,0,wk inc flu hosp,2025-10-18,39,quantile,0.7,73.29461063781389
2025-10-11,0,wk inc flu hosp,2025-10-18,39,quantile,0.75,90.66545543607131
2025-10-11,0,wk inc flu hosp,2025-10-18,39,quantile,0.8,110.00871486779988
2025-10-11,0,wk inc flu hosp,2025-10-18,39,quantile,0.85,132.555646159826
2025-10-11,0,wk inc flu hosp,2025-10-18,39,quantile,0.9,160.92483414873718
2025-10-11,0,wk inc flu hosp,2025-10-18,39,quantile,0.95,202.97224427092266
2025-10-11,0,wk inc flu hosp,2025-10-18,39,quantile,0.975,239.44210185435395
2025-10-11,0,wk inc flu hosp,2025-10-18,39,quantile,0.99,281.8461928312781
2025-10-18,0,wk inc flu hosp,2025-10-25,39,quantile,0.01,0.0
2025-10-18,0,wk inc flu hosp,2025-10-25,39,quantile,0.025,0.0
2025-10-18,0,wk inc flu hosp,2025-10-25,39,quantile,0.05,0.0
2025-10-18,0,wk inc flu hosp,2025-10-25,39,quantile,0.1,0.0
2025-10-18,0,wk inc flu hosp,2025-10-25,39,quantile,0.15,0.0
2025-10-18,0,wk inc flu hosp,2025-10-25,39,quantile,0.2,0.0
2025-10-18,0,wk inc flu hosp,2025-10-25,39,quantile,0.25,0.0
2025-10-18,0,wk inc flu hosp,2025-10-25,39,quantile,0.3,0.0
2025-10-18,0,wk inc flu hosp,2025-10-25,39,quantile,0.35,0.0
2025-10-18,0,wk inc flu hosp,2025-10-25,39,quantile,0.4,0.0
2025-10-18,0,wk inc flu hosp,2025-10-25,39,quantile,0.45,8.030994382402742
2025-10-18,0,wk inc flu hosp,2025-10-25,39,quantile,0.5,21.05014823235941
2025-10-18,0,wk inc flu hosp,2025-10-25,39,quantile,0.55,34.069302082316085
2025-10-18,0,wk inc flu hosp,2025-10-25,39,quantile,0.6,47.298195032063376
2025-10-18,0,wk inc flu hosp,2025-10-25,39,quantile,0.65,60.971305845629274
2025-10-18,0,wk inc flu hosp,2025-10-25,39,quantile,0.7,75.3807051204377
2025-10-18,0,wk inc flu hosp,2025-10-25,39,quantile,0.75,90.93071252512587
2025-10-18,0,wk inc flu hosp,2025-10-25,39,quantile,0.8,108.24638317255216
2025-10-18,0,wk inc flu hosp,2025-10-25,39,quantile,0.85,128.4299121036939
2025-10-18,0,wk inc flu hosp,2025-10-25,39,quantile,0.9,153.8254002573163
2025-10-18,0,wk inc flu hosp,2025-10-25,39,quantile,0.95,191.46533926670375
2025-10-18,0,wk inc flu hosp,2025-10-25,39,quantile,0.975,224.1123729634857
2025-10-18,0,wk inc flu hosp,2025-10-25,39,quantile,0.99,262.07160501801354
2025-10-25,0,wk inc flu hosp,2025-11-01,39,quantile,0.01,0.0
2025-10-25,0,wk inc flu hosp,2025-11-01,39,quantile,0.025,0.0
2025-10-25,0,wk inc flu hosp,2025-11-01,39,quantile,0.05,0.0
2025-10-25,0,wk inc flu hosp,2025-11-01,39,quantile,0.1,0.0
2025-10-25,0,wk inc flu hosp,2025-11-01,39,quantile,0.15,0.0
2025-10-25,0,wk inc flu hosp,2025-11-01,39,quantile,0.2,0.0
2025-10-25,0,wk inc flu hosp,2025-11-01,39,quantile,0.25,0.0
2025-10-25,0,wk inc flu hosp,2025-11-01,39,quantile,0.3,0.0
2025-10-25,0,wk inc flu hosp,2025-11-01,39,quantile,0.35,0.0
2025-10-25,0,wk inc flu hosp,2025-11-01,39,quantile,0.4,0.0
2025-10-25,0,wk inc flu hosp,2025-11-01,39,quantile,0.45,0.0
2025-10-25,0,wk inc flu hosp,2025-11-01,39,quantile,0.5,15.593784575587291
2025-10-25,0,wk inc flu hosp,2025-11-01,39,quantile,0.55,95.5196396214534
2025-10-25,0,wk inc flu hosp,2025-11-01,39,quantile,0.6,176.73310345361324
2025-10-25,0,wk inc flu hosp,2025-11-01,39,quantile,0.65,260.673664069599
2025-10-25,0,wk inc flu hosp,2025-11-01,39,quantile,0.7,349.1343713482197
2025-10-25,0,wk inc flu hosp,2025-11-01,39,quantile,0.75,444.59738316241584
2025-10-25,0,wk inc flu hosp,2025-11-01,39,quantile,0.8,550.8999738021874
2025-10-25,0,wk inc flu hosp,2025-11-01,39,quantile,0.85,674.8086261044912
2025-10-25,0,wk inc flu hosp,2025-11-01,39,quantile,0.9,830.7140043170841
2025-10-25,0,wk inc flu hosp,2025-11-01,39,quantile,0.95,1061.789260349146
2025-10-25,0,wk inc flu hosp,2025-11-01,39,quantile,0.975,1262.2125837846536
2025-10-25,0,wk inc flu hosp,2025-11-01,39,quantile,0.99,1495.248010956649
2025-11-01,0,wk inc flu hosp,2025-11-08,39,quantile,0.01,0.0
2025-11-01,0,wk inc flu hosp,2025-11-08,39,quantile,0.025,0.0
2025-11-01,0,wk inc flu hosp,2025-11-08,39,quantile,0.05,0.0
2025-11-01,0,wk inc flu hosp,2025-11-08,39,quantile,0.1,0.0
2025-11-01,0,wk inc flu hosp,2025-11-08,39,quantile,0.15,0.0
2025-11-01,0,wk inc flu hosp,2025-11-08,39,quantile,0.2,0.0
2025-11-01,0,wk inc flu hosp,2025-11-08,39,quantile,0.25,0.0
2025-11-01,0,wk inc flu hosp,2025-11-08,39,quantile,0.3,0.0
2025-11-01,0,wk inc flu hosp,2025-11-08,39,quantile,0.35,0.0
2025-11-01,0,wk inc flu hosp,2025-11-08,39,quantile,0.4,5.179919469372397
2025-11-01,0,wk inc flu hosp,2025-11-08,39,quantile,0.45,16.165507180840407
2025-11-01,0,wk inc flu hosp,2025-11-08,39,quantile,0.5,26.976922549541193
2025-11-01,0,wk inc flu hosp,2025-11-08,39,quantile,0.55,37.78833791824199
2025-11-01,0,wk inc flu hosp,2025-11-08,39,quantile,0.6,48.77392562970999
2025-11-01,0,wk inc flu hosp,2025-11-08,39,quantile,0.65,60.12840243299527
2025-11-01,0,wk inc flu hosp,2025-11-08,39,quantile,0.7,72.09431070697488
2025-11-01,0,wk inc flu hosp,2025-11-08,39,quantile,0.75,85.00740713213281
2025-11-01,0,wk inc flu hosp,2025-11-08,39,quantile,0.8,99.3867523579801
2025-11-01,0,wk inc flu hosp,2025-11-08,39,quantile,0.85,116.14763539197921
2025-11-01,0,wk inc flu hosp,2025-11-08,39,quantile,0.9,137.2366534713412
2025-11-01,0,wk inc flu hosp,2025-11-08,39,quantile,0.95,168.4937551058231
2025-11-01,0,wk inc flu hosp,2025-11-08,39,quantile,0.975,195.60462927780748
2025-11-01,0,wk inc flu hosp,2025-11-08,39,quantile,0.99,227.12687945997024
2025-11-08,0,wk inc flu hosp,2025-11-15,39,quantile,0.01,0.0
2025-11-08,0,wk inc flu hosp,2025-11-15,39,quantile,0.025,0.0
2025-11-08,0,wk inc flu hosp,2025-11-15,39,quantile,0.05,0.0
2025-11-08,0,wk inc flu hosp,2025-11-15,39,quantile,0.1,0.0
2025-11-08,0,wk inc flu hosp,2025-11-15,39,quantile,0.15,0.0
2025-11-08,0,wk inc flu hosp,2025-11-15,39,quantile,0.2,0.0
2025-11-08,0,wk inc flu hosp,2025-11-15,39,quantile,0.25,0.0
2025-11-08,0,wk inc flu hosp,2025-11-15,39,quantile,0.3,0.0
2025-11-08,0,wk inc flu hosp,2025-11-15,39,quantile,0.35,10.022228639643536
2025-11-08,0,wk inc flu hosp,2025-11-15,39,quantile,0.4,21.434959310310504
2025-11-08,0,wk inc flu hosp,2025-11-15,39,quantile,0.45,32.4769083126368
2025-11-08,0,wk inc flu hosp,2025-11-15,39,quantile,0.5,43.343791385222836
2025-11-08,0,wk inc flu hosp,2025-11-15,39,quantile,0.55,54.21067445780888
2025-11-08,0,wk inc flu hosp,2025-11-15,39,quantile,0.6,65.25262346013517
2025-11-08,0,wk inc flu hosp,2025-11-15,39,quantile,0.65,76.66535413080214
2025-11-08,0,wk inc flu hosp,2025-11-15,39,quantile,0.7,88.69265320646905
2025-11-08,0,wk inc flu hosp,2025-11-15,39,quantile,0.75,101.67199995911196
2025-11-08,0,wk inc flu hosp,2025-11-15,39,quantile,0.8,116.12511806629354
2025-11-08,0,wk inc flu hosp,2025-11-15,39,quantile,0.85,132.9719924034921
2025-11-08,0,wk inc flu hosp,2025-11-15,39,quantile,0.9,154.16920717775153
2025-11-08,0,wk inc flu hosp,2025-11-15,39,quantile,0.95,185.5866726127763
2025-11-08,0,wk inc flu hosp,2025-11-15,39,quantile,0.975,212.83663846604
2025-11-08,0,wk inc flu hosp,2025-11-15,39,quantile,0.99,244.52061278692773
2025-09-13,0,wk inc flu hosp,2025-09-20,40,quantile,0.01,0.0
2025-09-13,0,wk inc flu hosp,2025-09-20,40,quantile,0.025,0.0
2025-09-13,0,wk inc flu hosp,2025-09-20,40,quantile,0.05,0.0
2025-09-13,0,wk inc flu hosp,2025-09-20,40,quantile,0.1,0.0
2025-09-13,0,wk inc flu hosp,2025-09-20,40,quantile,0.15,0.0
2025-09-13,0,wk inc flu hosp,2025-09-20,40,quantile,0.2,0.0
2025-09-13,0,wk inc flu hosp,2025-09-20,40,quantile,0.25,0.0
2025-09-13,0,wk inc flu hosp,2025-09-20,40,quantile,0.3,0.0
2025-09-13,0,wk inc flu hosp,2025-09-20,40,quantile,0.35,0.0
2025-09-13,0,wk inc flu hosp,2025-09-20,40,quantile,0.4,0.0
2025-09-13,0,wk inc flu hosp,2025-09-20,40,quantile,0.45,1.5563209889977045
2025-09-13,0,wk inc flu hosp,2025-09-20,40,quantile,0.5,8.449833633206772
2025-09-13,0,wk inc flu hosp,2025-09-20,40,quantile,0.55,15.343346277415847
2025-09-13,0,wk inc flu hosp,2025-09-20,40,quantile,0.6,22.347913691624157
2025-09-13,0,wk inc flu hosp,2025-09-20,40,quantile,0.65,29.587690052305383
2025-09-13,0,wk inc flu hosp,2025-09-20,40,quantile,0.7,37.217323839656274
2025-09-13,0,wk inc flu hosp,2025-09-20,40,quantile,0.75,45.450898302110254
2025-09-13,0,wk inc flu hosp,2025-09-20,40,quantile,0.8,54.61937391324916
2025-09-13,0,wk inc flu hosp,2025-09-20,40,quantile,0.85,65.30635199915974
2025-09-13,0,wk inc flu hosp,2025-09-20,40,quantile,0.9,78.75301072294769
2025-09-13,0,wk inc flu hosp,2025-09-20,40,quantile,0.95,98.68298455065036
2025-09-13,0,wk inc flu hosp,2025-09-20,40,quantile,0.975,115.96926460989053
2025-09-13,0,wk inc flu hosp,2025-09-20,40,quantile,0.99,136.06830093345505
2025-09-20,0,wk inc flu hosp,2025-09-27,40,quantile,0.01,0.0
2025-09-20,0,wk inc flu hosp,2025-09-27,40,quantile,0.025,0.0
2025-09-20,0,wk inc flu hosp,2025-09-27,40,quantile,0.05,0.0
2025-09-20,0,wk inc flu hosp,2025-09-27,40,quantile,0.1,0.0
2025-09-20,0,wk inc flu hosp,2025-09-27,40,quantile,0.15,0.0
2025-09-20,0,wk inc flu hosp,2025-09-27,40,quantile,0.2,0.0
2025-09-20,0,wk inc flu hosp,2025-09-27,40,quantile,0.25,0.0
2025-09-20,0,wk inc flu hosp,2025-09-27,40,quantile,0.3,0.0
2025-09-20,0,wk inc flu hosp,2025-09-27,40,quantile,0.35,0.0
2025-09-20,0,wk inc flu hosp,2025-09-27,40,quantile,0.4,0.0
2025-09-20,0,wk inc flu hosp,2025-09-27,40,quantile,0.45,0.6583794404996262
2025-09-20,0,wk inc flu hosp,2025-09-27,40,quantile,0.5,7.4368485617703985
2025-09-20,0,wk inc flu hosp,2025-09-27,40,quantile,0.55,14.215317683041178
2025-09-20,0,wk inc flu hosp,2025-09-27,40,quantile,0.6,21.102988218462116
2025-09-20,0,wk inc flu hosp,2025-09-27,40,quantile,0.65,28.22194237705196
2025-09-20,0,wk inc flu hosp,2025-09-27,40,quantile,0.7,35.724247762334386
2025-09-20,0,wk inc flu hosp,2025-09-27,40,quantile,0.75,43.82041485913549
2025-09-20,0,wk inc flu hosp,2025-09-27,40,quantile,0.8,52.83588085257749
2025-09-20,0,wk inc flu hosp,2025-09-27,40,quantile,0.85,63.34450754174401
2025-09-20,0,wk inc flu hosp,2025-09-27,40,quantile,0.9,76.56675948321715
2025-09-20,0,wk inc flu hosp,2025-09-27,40,quantile,0.95,96.16412865498535
2025-09-20,0,wk inc flu hosp,2025-09-27,40,quantile,0.975,113.16192377785806
2025-09-20,0,wk inc flu hosp,2025-09-27,40,quantile,0.99,132.92553401813683
2025-09-27,0,wk inc flu hosp,2025-10-04,40,quantile,0.01,0.0
2025-09-27,0,wk inc flu hosp,2025-10-04,40,quantile,0.025,0.0
2025-09-27,0,wk inc flu hosp,2025-10-04,40,quantile,0.05,0.0
2025-09-27,0,wk inc flu hosp,2025-10-04,40,quantile,0.1,0.0
2025-09-27,0,wk inc flu hosp,2025-10-04,40,quantile,0.15,0.0
2025-09-27,0,wk inc flu hosp,2025-10-04,40,quantile,0.2,0.0
2025-09-27,0,wk inc flu hosp,2025-10-04,40,quantile,0.25,0.0
2025-09-27,0,wk inc flu hosp,2025-10-04,40,quantile,0.3,0.0
2025-09-27,0,wk inc flu hosp,2025-10-04,40,quantile,0.35,0.0
2025-09-27,0,wk inc flu hosp,2025-10-04,40,quantile,0.4,0.0
2025-09-27,0,wk inc flu hosp,2025-10-04,40,quantile,0.45,2.0425621171271073
2025-09-27,0,wk inc flu hosp,2025-10-04,40,quantile,0.5,8.898010701474519
2025-09-27,0,wk inc flu hosp,2025-10-04,40,quantile,0.55,15.753459285821938
2025-09-27,0,wk inc flu hosp,2025-10-04,40,quantile,0.6,22.719349426610954
2025-09-27,0,wk inc flu hosp,2025-10-04,40,quantile,0.65,29.919149755477765
2025-09-27,0,wk inc flu hosp,2025-10-04,40,quantile,0.7,37.506654826716385
2025-09-27,0,wk inc flu hosp,2025-10-04,40,quantile,0.75,45.69476578059502
2025-09-27,0,wk inc flu hosp,2025-10-04,40,quantile,0.8,54.812615618994435
2025-09-27,0,wk inc flu hosp,2025-10-04,40,quantile,0.85,65.44058318376757
2025-09-27,0,wk inc flu hosp,2025-10-04,40,quantile,0.9,78.8129931973524
2025-09-27,0,wk inc flu hosp,2025-10-04,40,quantile,0.95,98.63291925173934
2025-09-27,0,wk inc flu hosp,2025-10-04,40,quantile,0.975,115.82374927949043
2025-09-27,0,wk inc flu hosp,2025-10-04,40,quantile,0.99,135.81180431365027
2025-10-04,0,wk inc flu hosp,2025-10-11,40,quantile,0.01,0.0
2025-10-04,0,wk inc flu hosp,2025-10-11,40,quantile,0.025,0.0
2025-10-04,0,wk inc flu hosp,2025-10-11,40,quantile,0.05,0.0
2025-10-04,0,wk inc flu hosp,2025-10-11,40,quantile,0.1,0.0
2025-10-04,0,wk inc flu hosp,2025-10-11,40,quantile,0.15,0.0
2025-10-04,0,wk inc flu hosp,2025-10-11,40,quantile,0.2,0.0
2025-10-04,0,wk inc flu hosp,2025-10-11,40,quantile,0.25,0.0
2025-10-04,0,wk inc flu hosp,2025-10-11,40,quantile,0.3,0.0
2025-10-04,0,wk inc flu hosp,2025-10-11,40,quantile,0.35,0.0
2025-10-04,0,wk inc flu hosp,2025-10-11,40,quantile,0.4,0.0
2025-10-04,0,wk inc flu hosp,2025-10-11,40,quantile,0.45,6.244544083246735
2025-10-04,0,wk inc flu hosp,2025-10-11,40,quantile,0.5,12.92052795476078
2025-10-04,0,wk inc flu hosp,2025-10-11,40,quantile,0.55,19.596511826274835
2025-10-04,0,wk inc flu hosp,2025-10-11,40,quantile,0.6,26.380046070383386
2025-10-04,0,wk inc flu hosp,2025-10-11,40,quantile,0.65,33.3913671068188
2025-10-04,0,wk inc flu hosp,2025-10-11,40,quantile,0.7,40.78024339367114
2025-10-04,0,wk inc flu hosp,2025-10-11,40,quantile,0.75,48.754002658830125
2025-10-04,0,wk inc flu hosp,2025-10-11,40,quantile,0.8,57.63316172699428
2025-10-04,0,wk inc flu hosp,2025-10-11,40,quantile,0.85,67.9829060473587
2025-10-04,0,wk inc flu hosp,2025-10-11,40,quantile,0.9,81.00524768927527
2025-10-04,0,wk inc flu hosp,2025-10-11,40,quantile,0.95,100.30631968269667
2025-10-04,0,wk inc flu hosp,2025-10-11,40,quantile,0.975,117.0471211913306
2025-10-04,0,wk inc flu hosp,2025-10-11,40,quantile,0.99,136.51192081591836
2025-10-11,0,wk inc flu hosp,2025-10-18,40,quantile,0.01,0.0
2025-10-11,0,wk inc flu hosp,2025-10-18,40,quantile,0.025,0.0
2025-10-11,0,wk inc flu hosp,2025-10-18,40,quantile,0.05,0.0
2025-10-11,0,wk inc flu hosp,2025-10-18,40,quantile,0.1,0.0
2025-10-11,0,wk inc flu hosp,2025-10-18,40,quantile,0.15,0.0
2025-10-11,0,wk inc flu hosp,2025-10-18,40,quantile,0.2,0.0
2025-10-11,0,wk inc flu hosp,2025-10-18,40,quantile,0.25,0.0
2025-10-11,0,wk inc flu hosp,2025-10-18,40,quantile,0.3,0.0
2025-10-11,0,wk inc flu hosp,2025-10-18,40,quantile,0.35,0.0
2025-10-11,0,wk inc flu hosp,2025-10-18,40,quantile,0.4,2.84439524503558
2025-10-11,0,wk inc flu hosp,2025-10-18,40,quantile,0.45,9.238366746360596
2025-10-11,0,wk inc flu hosp,2025-10-18,40,quantile,0.5,15.5309642451996
2025-10-11,0,wk inc flu hosp,2025-10-18,40,quantile,0.55,21.82356174403861
2025-10-11,0,wk inc flu hosp,2025-10-18,40,quantile,0.6,28.21753324536362
2025-10-11,0,wk inc flu hosp,2025-10-18,40,quantile,0.65,34.82621026833925
2025-10-11,0,wk inc flu hosp,2025-10-18,40,quantile,0.7,41.790760413564996
2025-10-11,0,wk inc flu hosp,2025-10-18,40,quantile,0.75,49.3066050551885
2025-10-11,0,wk inc flu hosp,2025-10-18,40,quantile,0.8,57.675854475117376
2025-10-11,0,wk inc flu hosp,2025-10-18,40,quantile,0.85,67.43123682435277
2025-10-11,0,wk inc flu hosp,2025-10-18,40,quantile,0.9,79.70573538846733
2025-10-11,0,wk inc flu hosp,2025-10-18,40,quantile,0.95,97.89839128581757
2025-10-11,0,wk inc flu hosp,2025-10-18,40,quantile,0.975,113.67780713361222
2025-10-11,0,wk inc flu hosp,2025-10-18,40,quantile,0.99,132.02478816148957
2025-10-18,0,wk inc flu hosp,2025-10-25,40,quantile,0.01,0.0
2025-10-18,0,wk inc flu hosp,2025-10-25,40,quantile,0.025,0.0
2025-10-18,0,wk inc flu hosp,2025-10-25,40,quantile,0.05,0.0
2025-10-18,0,wk inc flu hosp,2025-10-25,40,quantile,0.1,0.0
2025-10-18,0,wk inc flu hosp,2025-10-25,40,quantile,0.15,0.0
2025-10-18,0,wk inc flu hosp,2025-10-25,40,quantile,0.2,0.0
2025-10-18,0,wk inc flu hosp,2025-10-25,40,quantile,0.25,0.0
2025-10-18,0,wk inc flu hosp,2025-10-25,40,quantile,0.3,0.0
2025-10-18,0,wk inc flu hosp,2025-10-25,40,quantile,0.35,0.0
2025-10-18,0,wk inc flu hosp,2025-10-25,40,quantile,0.4,0.0
2025-10-18,0,wk inc flu hosp,2025-10-25,40,quantile,0.45,3.87027461304546
2025-10-18,0,wk inc flu hosp,2025-10-25,40,quantile,0.5,9.618702164789635
2025-10-18,0,wk inc flu hosp,2025-10-25,40,quantile,0.55,15.367129716533817
2025-10-18,0,wk inc flu hosp,2025-10-25,40,quantile,0.6,21.208164670710556
2025-10-18,0,wk inc flu hosp,2025-10-25,40,quantile,0.65,27.24533788677291
2025-10-18,0,wk inc flu hosp,2025-10-25,40,quantile,0.7,33.607609102706576
2025-10-18,0,wk inc flu hosp,2025-10-25,40,quantile,0.75,40.47350008341981
2025-10-18,0,wk inc flu hosp,2025-10-25,40,quantile,0.8,48.11899528024664
2025-10-18,0,wk inc flu hosp,2025-10-25,40,quantile,0.85,57.0307536891533
2025-10-18,0,wk inc flu hosp,2025-10-25,40,quantile,0.9,68.24378070110167
2025-10-18,0,wk inc flu hosp,2025-10-25,40,quantile,0.95,84.86317585851073
2025-10-18,0,wk inc flu hosp,2025-10-25,40,quantile,0.975,99.27802264104004
2025-10-18,0,wk inc flu hosp,2025-10-25,40,quantile,0.99,116.03839723220632
2025-10-25,0,wk inc flu hosp,2025-11-01,40,quantile,0.01,0.0
2025-10-25,0,wk inc flu hosp,2025-11-01,40,quantile,0.025,0.0
2025-10-25,0,wk inc flu hosp,2025-11-01,40,quantile,0.05,0.0
2025-10-25,0,wk inc flu hosp,2025-11-01,40,quantile,0.1,0.0
2025-10-25,0,wk inc flu hosp,2025-11-01,40,quantile,0.15,0.0
2025-10-25,0,wk inc flu hosp,2025-11-01,40,quantile,0.2,0.0
2025-10-25,0,wk inc flu hosp,2025-11-01,40,quantile,0.25,0.0
2025-10-25,0,wk inc flu hosp,2025-11-01,40,quantile,0.3,0.0
2025-10-25,0,wk inc flu hosp,2025-11-01,40,quantile,0.35,0.0
2025-10-25,0,wk inc flu hosp,2025-11-01,40,quantile,0.4,0.0
2025-10-25,0,wk inc flu hosp,2025-11-01,40,quantile,0.45,5.069366630354991
2025-10-25,0,wk inc flu hosp,2025-11-01,40,quantile,0.5,11.258262263766804
2025-10-25,0,wk inc flu hosp,2025-11-01,40,quantile,0.55,17.447157897178624
2025-10-25,0,wk inc flu hosp,2025-11-01,40,quantile,0.6,23.735756891792686
2025-10-25,0,wk inc flu hosp,2025-11-01,40,quantile,0.65,30.235523065883605
2025-10-25,0,wk inc flu hosp,2025-11-01,40,quantile,0.7,37.085297581164106
2025-10-25,0,wk inc flu hosp,2025-11-01,40,quantile,0.75,44.47728127192572
2025-10-25,0,wk inc flu hosp,2025-11-01,40,quantile,0.8,52.70860564941668
2025-10-25,0,wk inc flu hosp,2025-11-01,40,quantile,0.85,62.30321951667657
2025-10-25,0,wk inc flu hosp,2025-11-01,40,quantile,0.9,74.37543462018256
2025-10-25,0,wk inc flu hosp,2025-11-01,40,quantile,0.95,92.26827595701495
2025-10-25,0,wk inc flu hosp,2025-11-01,40,quantile,0.975,107.78764738609861
2025-10-25,0,wk inc flu hosp,2025-11-01,40,quantile,0.99,125.83227057877369
2025-11-01,0,wk inc flu hosp,2025-11-08,40,quantile,0.01,0.0
2025-11-01,0,wk inc flu hosp,2025-11-08,40,quantile,0.025,0.0
2025-11-01,0,wk inc flu hosp,2025-11-08,40,quantile,0.05,0.0
2025-11-01,0,wk inc flu hosp,2025-11-08,40,quantile,0.1,0.0
2025-11-01,0,wk inc flu hosp,2025-11-08,40,quantile,0.15,0.0
2025-11-01,0,wk inc flu hosp,2025-11-08,40,quantile,0.2,0.0
2025-11-01,0,wk inc flu hosp,2025-11-08,40,quantile,0.25,0.0
2025-11-01,0,wk inc flu hosp,2025-11-08,40,quantile,0.3,0.0
2025-11-01,0,wk inc flu hosp,2025-11-08,40,quantile,0.35,0.0
2025-11-01,0,wk inc flu hosp,2025-11-08,40,quantile,0.4,0.0
2025-11-01,0,wk inc flu hosp,2025-11-08,40,quantile,0.45,5.20443648427287
2025-11-01,0,wk inc flu hosp,2025-11-08,40,quantile,0.5,10.894137163517343
2025-11-01,0,wk inc flu hosp,2025-11-08,40,quantile,0.55,16.58383784276182
2025-11-01,0,wk inc flu hosp,2025-11-08,40,quantile,0.6,22.365199832126443
2025-11-01,0,wk inc flu hosp,2025-11-08,40,quantile,0.65,28.34069630293509
2025-11-01,0,wk inc flu hosp,2025-11-08,40,quantile,0.7,34.6379695194779
2025-11-01,0,wk inc flu hosp,2025-11-08,40,quantile,0.75,41.433717439225035
2025-11-01,0,wk inc flu hosp,2025-11-08,40,quantile,0.8,49.00110501138763
2025-11-01,0,wk inc flu hosp,2025-11-08,40,quantile,0.85,57.82181944433443
2025-11-01,0,wk inc flu hosp,2025-11-08,40,quantile,0.9,68.92029234531265
2025-11-01,0,wk inc flu hosp,2025-11-08,40,quantile,0.95,85.36990105388054
2025-11-01,0,wk inc flu hosp,2025-11-08,40,quantile,0.975,99.63748341296878
2025-11-01,0,wk inc flu hosp,2025-11-08,40,quantile,0.99,116.22663128642787
2025-11-08,0,wk inc flu hosp,2025-11-15,40,quantile,0.01,0.0
2025-11-08,0,wk inc flu hosp,2025-11-15,40,quantile,0.025,0.0
2025-11-08,0,wk inc flu hosp,2025-11-15,40,quantile,0.05,0.0
2025-11-08,0,wk inc flu hosp,2025-11-15,40,quantile,0.1,0.0
2025-11-08,0,wk inc flu hosp,2025-11-15,40,quantile,0.15,0.0
2025-11-08,0,wk inc flu hosp,2025-11-15,40,quantile,0.2,0.0
2025-11-08,0,wk inc flu hosp,2025-11-15,40,quantile,0.25,0.0
2025-11-08,0,wk inc flu hosp,2025-11-15,40,quantile,0.3,0.0
2025-11-08,0,wk inc flu hosp,2025-11-15,40,quantile,0.35,4.37593017382417
2025-11-08,0,wk inc flu hosp,2025-11-15,40,quantile,0.4,9.539635200100244
2025-11-08,0,wk inc flu hosp,2025-11-15,40,quantile,0.45,14.535579572093763
2025-11-08,0,wk inc flu hosp,2025-11-15,40,quantile,0.5,19.452315133556688
2025-11-08,0,wk inc flu hosp,2025-11-15,40,quantile,0.55,24.36905069501962
2025-11-08,0,wk inc flu hosp,2025-11-15,40,quantile,0.6,29.364995067013133
2025-11-08,0,wk inc flu hosp,2025-11-15,40,quantile,0.65,34.5287000932892
2025-11-08,0,wk inc flu hosp,2025-11-15,40,quantile,0.7,39.97046740399692
2025-11-08,0,wk inc flu hosp,2025-11-15,40,quantile,0.75,45.842989940313416
2025-11-08,0,wk inc flu hosp,2025-11-15,40,quantile,0.8,52.3823222674342
2025-11-08,0,wk inc flu hosp,2025-11-15,40,quantile,0.85,60.004712754193115
2025-11-08,0,wk inc flu hosp,2025-11-15,40,quantile,0.9,69.59542050253432
2025-11-08,0,wk inc flu hosp,2025-11-15,40,quantile,0.95,83.8102941257819
2025-11-08,0,wk inc flu hosp,2025-11-15,40,quantile,0.975,96.1395770732893
2025-11-08,0,wk inc flu hosp,2025-11-15,40,quantile,0.99,110.4750329930257
2025-09-13,0,wk inc flu hosp,2025-09-20,41,quantile,0.01,0.0
2025-09-13,0,wk inc flu hosp,2025-09-20,41,quantile,0.025,0.0
2025-09-13,0,wk inc flu hosp,2025-09-20,41,quantile,0.05,0.0
2025-09-13,0,wk inc flu hosp,2025-09-20,41,quantile,0.1,0.0
2025-09-13,0,wk inc flu hosp,2025-09-20,41,quantile,0.15,0.0
2025-09-13,0,wk inc flu hosp,2025-09-20,41,quantile,0.2,0.0
2025-09-13,0,wk inc flu hosp,2025-09-20,41,quantile,0.25,0.0
2025-09-13,0,wk inc flu hosp,2025-09-20,41,quantile,0.3,0.0
2025-09-13,0,wk inc flu hosp,2025-09-20,41,quantile,0.35,0.0
2025-09-13,0,wk inc flu hosp,2025-09-20,41,quantile,0.4,0.0
2025-09-13,0,wk inc flu hosp,2025-09-20,41,quantile,0.45,0.0
2025-09-13,0,wk inc flu hosp,2025-09-20,41,quantile,0.5,3.543089927476142
2025-09-13,0,wk inc flu hosp,2025-09-20,41,quantile,0.55,8.50546295738137
2025-09-13,0,wk inc flu hosp,2025-09-20,41,quantile,0.6,13.547780019296095
2025-09-13,0,wk inc flu hosp,2025-09-20,41,quantile,0.65,18.759414901110684
2025-09-13,0,wk inc flu hosp,2025-09-20,41,quantile,0.7,24.25169306008514
2025-09-13,0,wk inc flu hosp,2025-09-20,41,quantile,0.75,30.178724743492733
2025-09-13,0,wk inc flu hosp,2025-09-20,41,quantile,0.8,36.778755590796656
2025-09-13,0,wk inc flu hosp,2025-09-20,41,quantile,0.85,44.47189761603995
2025-09-13,0,wk inc flu hosp,2025-09-20,41,quantile,0.9,54.15162695538044
2025-09-13,0,wk inc flu hosp,2025-09-20,41,quantile,0.95,68.49844398666421
2025-09-13,0,wk inc flu hosp,2025-09-20,41,quantile,0.975,80.94216816339764
2025-09-13,0,wk inc flu hosp,2025-09-20,41,quantile,0.99,95.41068674411397
2025-09-20,0,wk inc flu hosp,2025-09-27,41,quantile,0.01,0.0
2025-09-20,0,wk inc flu hosp,2025-09-27,41,quantile,0.025,0.0
2025-09-20,0,wk inc flu hosp,2025-09-27,41,quantile,0.05,0.0
2025-09-20,0,wk inc flu hosp,2025-09-27,41,quantile,0.1,0.0
2025-09-20,0,wk inc flu hosp,2025-09-27,41,quantile,0.15,0.0
2025-09-20,0,wk inc flu hosp,2025-09-27,41,quantile,0.2,0.0
2025-09-20,0,wk inc flu hosp,2025-09-27,41,quantile,0.25,0.0
2025-09-20,0,wk inc flu hosp,2025-09-27,41,quantile,0.3,0.0
2025-09-20,0,wk inc flu hosp,2025-09-27,41,quantile,0.35,0.0
2025-09-20,0,wk inc flu hosp,2025-09-27,41,quantile,0.4,0.0
2025-09-20,0,wk inc flu hosp,2025-09-27,41,quantile,0.45,0.0
2025-09-20,0,wk inc flu hosp,2025-09-27,41,quantile,0.5,1.1950968691903245
2025-09-20,0,wk inc flu hosp,2025-09-27,41,quantile,0.55,6.023853093742833
2025-09-20,0,wk inc flu hosp,2025-09-27,41,quantile,0.6,10.930400778118154
2025-09-20,0,wk inc flu hosp,2025-09-27,41,quantile,0.65,16.00170723250975
2025-09-20,0,wk inc flu hosp,2025-09-27,41,quantile,0.7,21.346100366056227
2025-09-20,0,wk inc flu hosp,2025-09-27,41,quantile,0.75,27.113540855091955
2025-09-20,0,wk inc flu hosp,2025-09-27,41,quantile,0.8,33.53585933943332
2025-09-20,0,wk inc flu hosp,2025-09-27,41,quantile,0.85,41.0218559013382
2025-09-20,0,wk inc flu hosp,2025-09-27,41,quantile,0.9,50.44094894767789
2025-09-20,0,wk inc flu hosp,2025-09-27,41,quantile,0.95,64.40146373059224
2025-09-20,0,wk inc flu hosp,2025-09-27,41,quantile,0.975,76.51012831765647
2025-09-20,0,wk inc flu hosp,2025-09-27,41,quantile,0.99,90.58906771533047
2025-09-27,0,wk inc flu hosp,2025-10-04,41,quantile,0.01,0.0
2025-09-27,0,wk inc flu hosp,2025-10-04,41,quantile,0.025,0.0
2025-09-27,0,wk inc flu hosp,2025-10-04,41,quantile,0.05,0.0
2025-09-27,0,wk inc flu hosp,2025-10-04,41,quantile,0.1,0.0
2025-09-27,0,wk inc flu hosp,2025-10-04,41,quantile,0.15,0.0
2025-09-27,0,wk inc flu hosp,2025-10-04,41,quantile,0.2,0.0
2025-09-27,0,wk inc flu hosp,2025-10-04,41,quantile,0.25,0.0
2025-09-27,0,wk inc flu hosp,2025-10-04,41,quantile,0.3,0.0
2025-09-27,0,wk inc flu hosp,2025-10-04,41,quantile,0.35,0.0
2025-09-27,0,wk inc flu hosp,2025-10-04,41,quantile,0.4,0.0
2025-09-27,0,wk inc flu hosp,2025-10-04,41,quantile,0.45,0.0
2025-09-27,0,wk inc flu hosp,2025-10-04,41,quantile,0.5,0.0
2025-09-27,0,wk inc flu hosp,2025-10-04,41,quantile,0.55,4.897151384761856
2025-09-27,0,wk inc flu hosp,2025-10-04,41,quantile,0.6,10.125418038081467
2025-09-27,0,wk inc flu hosp,2025-10-04,41,quantile,0.65,15.529246581049305
2025-09-27,0,wk inc flu hosp,2025-10-04,41,quantile,0.7,21.224067909563257
2025-09-27,0,wk inc flu hosp,2025-10-04,41,quantile,0.75,27.369675518728865
2025-09-27,0,wk inc flu hosp,2025-10-04,41,quantile,0.8,34.21310102452929
2025-09-27,0,wk inc flu hosp,2025-10-04,41,quantile,0.85,42.189949250443455
2025-09-27,0,wk inc flu hosp,2025-10-04,41,quantile,0.9,52.22664577242215
2025-09-27,0,wk inc flu hosp,2025-10-04,41,quantile,0.95,67.1025419417629
2025-09-27,0,wk inc flu hosp,2025-10-04,41,quantile,0.975,80.00516336708385
2025-09-27,0,wk inc flu hosp,2025-10-04,41,quantile,0.99,95.00724917201131
2025-10-04,0,wk inc flu hosp,2025-10-11,41,quantile,0.01,0.0
2025-10-04,0,wk inc flu hosp,2025-10-11,41,quantile,0.025,0.0
2025-10-04,0,wk inc flu hosp,2025-10-11,41,quantile,0.05,0.0
2025-10-04,0,wk inc flu hosp,2025-10-11,41,quantile,0.1,0.0
2025-10-04,0,wk inc flu hosp,2025-10-11,41,quantile,0.15,0.0
2025-10-04,0,wk inc flu hosp,2025-10-11,41,quantile,0.2,0.0
2025-10-04,0,wk inc flu hosp,2025-10-11,41,quantile,0.25,0.0
2025-10-04,0,wk inc flu hosp,2025-10-11,41,quantile,0.3,0.0
2025-10-04,0,wk inc flu hosp,2025-10-11,41,quantile,0.35,0.0
2025-10-04,0,wk inc flu hosp,2025-10-11,41,quantile,0.4,0.0
2025-10-04,0,wk inc flu hosp,2025-10-11,41,quantile,0.45,0.0
2025-10-04,0,wk inc flu hosp,2025-10-11,41,quantile,0.5,1.135676927124245
2025-10-04,0,wk inc flu hosp,2025-10-11,41,quantile,0.55,6.013115035455188
2025-10-04,0,wk inc flu hosp,2025-10-11,41,quantile,0.6,10.969128870743155
2025-10-04,0,wk inc flu hosp,2025-10-11,41,quantile,0.65,16.091562518129553
2025-10-04,0,wk inc flu hosp,2025-10-11,41,quantile,0.7,21.4898360120203
2025-10-04,0,wk inc flu hosp,2025-10-11,41,quantile,0.75,27.315421881466555
2025-10-04,0,wk inc flu hosp,2025-10-11,41,quantile,0.8,33.80248800422733
2025-10-04,0,wk inc flu hosp,2025-10-11,41,quantile,0.85,41.363955846446466
2025-10-04,0,wk inc flu hosp,2025-10-11,41,quantile,0.9,50.87800899672527
2025-10-04,0,wk inc flu hosp,2025-10-11,41,quantile,0.95,64.97926895842775
2025-10-04,0,wk inc flu hosp,2025-10-11,41,quantile,0.975,77.2100089982022
2025-10-04,0,wk inc flu hosp,2025-10-11,41,quantile,0.99,91.43088749149595
2025-10-11,0,wk inc flu hosp,2025-10-18,41,quantile,0.01,0.0
2025-10-11,0,wk inc flu hosp,2025-10-18,41,quantile,0.025,0.0
2025-10-11,0,wk inc flu hosp,2025-10-18,41,quantile,0.05,0.0
2025-10-11,0,wk inc flu hosp,2025-10-18,41,quantile,0.1,0.0
2025-10-11,0,wk inc flu hosp,2025-10-18,41,quantile,0.15,0.0
2025-10-11,0,wk inc flu hosp,2025-10-18,41,quantile,0.2,0.0
2025-10-11,0,wk inc flu hosp,2025-10-18,41,quantile,0.25,0.0
2025-10-11,0,wk inc flu hosp,2025-10-18,41,quantile,0.3,0.0
2025-10-11,0,wk inc flu hosp,2025-10-18,41,quantile,0.35,0.0
2025-10-11,0,wk inc flu hosp,2025-10-18,41,quantile,0.4,0.0
2025-10-11,0,wk inc flu hosp,2025-10-18,41,quantile,0.45,0.0
2025-10-11,0,wk inc flu hosp,2025-10-18,41,quantile,0.5,2.9366428629797623
2025-10-11,0,wk inc flu hosp,2025-10-18,41,quantile,0.55,7.210026976685243
2025-10-11,0,wk inc flu hosp,2025-10-18,41,quantile,0.6,11.552255482844924
2025-10-11,0,wk inc flu hosp,2025-10-18,41,quantile,0.65,16.040293277699124
2025-10-11,0,wk inc flu hosp,2025-10-18,41,quantile,0.7,20.770009099377543
2025-10-11,0,wk inc flu hosp,2025-10-18,41,quantile,0.75,25.874116123308145
2025-10-11,0,wk inc flu hosp,2025-10-18,41,quantile,0.8,31.557781338088137
2025-10-11,0,wk inc flu hosp,2025-10-18,41,quantile,0.85,38.182787301370695
2025-10-11,0,wk inc flu hosp,2025-10-18,41,quantile,0.9,46.518557573863994
2025-10-11,0,wk inc flu hosp,2025-10-18,41,quantile,0.95,58.87342481464822
2025-10-11,0,wk inc flu hosp,2025-10-18,41,quantile,0.975,69.58942961552088
2025-10-11,0,wk inc flu hosp,2025-10-18,41,quantile,0.99,82.04910104269422
2025-10-18,0,wk inc flu hosp,2025-10-25,41,quantile,0.01,0.0
2025-10-18,0,wk inc flu hosp,2025-10-25,41,quantile,0.025,0.0
2025-10-18,0,wk inc flu hosp,2025-10-25,41,quantile,0.05,0.0
2025-10-18,0,wk inc flu hosp,2025-10-25,41,quantile,0.1,0.0
2025-10-18,0,wk inc flu hosp,2025-10-25,41,quantile,0.15,0.0
2025-10-18,0,wk inc flu hosp,2025-10-25,41,quantile,0.2,0.0
2025-10-18,0,wk inc flu hosp,2025-10-25,41,quantile,0.25,0.0
2025-10-18,0,wk inc flu hosp,2025-10-25,41,quantile,0.3,0.0
2025-10-18,0,wk inc flu hosp,2025-10-25,41,quantile,0.35,0.0
2025-10-18,0,wk inc flu hosp,2025-10-25,41,quantile,0.4,0.0
2025-10-18,0,wk inc flu hosp,2025-10-25,41,quantile,0.45,0.0
2025-10-18,0,wk inc flu hosp,2025-10-25,41,quantile,0.5,3.384616079025189
2025-10-18,0,wk inc flu hosp,2025-10-25,41,quantile,0.55,7.446898678865271
2025-10-18,0,wk inc flu hosp,2025-10-25,41,quantile,0.6,11.57462481715684
2025-10-18,0,wk inc flu hosp,2025-10-25,41,quantile,0.65,15.840957390207956
2025-10-18,0,wk inc flu hosp,2025-10-25,41,quantile,0.7,20.337029302623165
2025-10-18,0,wk inc flu hosp,2025-10-25,41,quantile,0.75,25.188997812670333
2025-10-18,0,wk inc flu hosp,2025-10-25,41,quantile,0.8,30.591894835493015
2025-10-18,0,wk inc flu hosp,2025-10-25,41,quantile,0.85,36.88963118036452
2025-10-18,0,wk inc flu hosp,2025-10-25,41,quantile,0.9,44.81362154332105
2025-10-18,0,wk inc flu hosp,2025-10-25,41,quantile,0.95,56.558168927818336
2025-10-18,0,wk inc flu hosp,2025-10-25,41,quantile,0.975,66.74481227279053
2025-10-18,0,wk inc flu hosp,2025-10-25,41,quantile,0.99,78.58898660666348
2025-10-25,0,wk inc flu hosp,2025-11-01,41,quantile,0.01,0.0
2025-10-25,0,wk inc flu hosp,2025-11-01,41,quantile,0.025,0.0
2025-10-25,0,wk inc flu hosp,2025-11-01,41,quantile,0.05,0.0
2025-10-25,0,wk inc flu hosp,2025-11-01,41,quantile,0.1,0.0
2025-10-25,0,wk inc flu hosp,2025-11-01,41,quantile,0.15,0.0
2025-10-25,0,wk inc flu hosp,2025-11-01,41,quantile,0.2,0.0
2025-10-25,0,wk inc flu hosp,2025-11-01,41,quantile,0.25,0.0
2025-10-25,0,wk inc flu hosp,2025-11-01,41,quantile,0.3,0.0
2025-10-25,0,wk inc flu hosp,2025-11-01,41,quantile,0.35,0.0
2025-10-25,0,wk inc flu hosp,2025-11-01,41,quantile,0.4,0.0
2025-10-25,0,wk inc flu hosp,2025-11-01,41,quantile,0.45,0.18521911502898103
2025-10-25,0,wk inc flu hosp,2025-11-01,41,quantile,0.5,3.9542601878874666
2025-10-25,0,wk inc flu hosp,2025-11-01,41,quantile,0.55,7.723301260745957
2025-10-25,0,wk inc flu hosp,2025-11-01,41,quantile,0.6,11.553061739090063
2025-10-25,0,wk inc flu hosp,2025-11-01,41,quantile,0.65,15.511423153664401
2025-10-25,0,wk inc flu hosp,2025-11-01,41,quantile,0.7,19.682939853434483
2025-10-25,0,wk inc flu hosp,2025-11-01,41,quantile,0.75,24.184662259281804
2025-10-25,0,wk inc flu hosp,2025-11-01,41,quantile,0.8,29.19754363593571
2025-10-25,0,wk inc flu hosp,2025-11-01,41,quantile,0.85,35.04066911193997
2025-10-25,0,wk inc flu hosp,2025-11-01,41,quantile,0.9,42.39265519486136
2025-10-25,0,wk inc flu hosp,2025-11-01,41,quantile,0.95,53.28940606986096
2025-10-25,0,wk inc flu hosp,2025-11-01,41,quantile,0.975,62.74071237811046
2025-10-25,0,wk inc flu hosp,2025-11-01,41,quantile,0.99,73.72989849239531
2025-11-01,0,wk inc flu hosp,2025-11-08,41,quantile,0.01,0.0
2025-11-01,0,wk inc flu hosp,2025-11-08,41,quantile,0.025,0.0
2025-11-01,0,wk inc flu hosp,2025-11-08,41,quantile,0.05,0.0
2025-11-01,0,wk inc flu hosp,2025-11-08,41,quantile,0.1,0.0
2025-11-01,0,wk inc flu hosp,2025-11-08,41,quantile,0.15,0.0
2025-11-01,0,wk inc flu hosp,2025-11-08,41,quantile,0.2,0.0
2025-11-01,0,wk inc flu hosp,2025-11-08,41,quantile,0.25,0.0
2025-11-01,0,wk inc flu hosp,2025-11-08,41,quantile,0.3,0.0
2025-11-01,0,wk inc flu hosp,2025-11-08,41,quantile,0.35,0.0
2025-11-01,0,wk inc flu hosp,2025-11-08,41,quantile,0.4,0.0
2025-11-01,0,wk inc flu hosp,2025-11-08,41,quantile,0.45,0.0
2025-11-01,0,wk inc flu hosp,2025-11-08,41,quantile,0.5,4.299403153508498
2025-11-01,0,wk inc flu hosp,2025-11-08,41,quantile,0.55,8.928426365866502
2025-11-01,0,wk inc flu hosp,2025-11-08,41,quantile,0.6,13.632023331070432
2025-11-01,0,wk inc flu hosp,2025-11-08,41,quantile,0.65,18.49356410941759
2025-11-01,0,wk inc flu hosp,2025-11-08,41,quantile,0.7,23.616895816527318
2025-11-01,0,wk inc flu hosp,2025-11-08,41,quantile,0.75,29.145776268990815
2025-11-01,0,wk inc flu hosp,2025-11-08,41,quantile,0.8,35.30244683977059
2025-11-01,0,wk inc flu hosp,2025-11-08,41,quantile,0.85,42.478798314399285
2025-11-01,0,wk inc flu hosp,2025-11-08,41,quantile,0.9,51.50828713580006
2025-11-01,0,wk inc flu hosp,2025-11-08,41,quantile,0.95,64.89134976753735
2025-11-01,0,wk inc flu hosp,2025-11-08,41,quantile,0.975,76.49916073119229
2025-11-01,0,wk inc flu hosp,2025-11-08,41,quantile,0.99,89.99574955169217
2025-11-08,0,wk inc flu hosp,2025-11-15,41,quantile,0.01,0.0
2025-11-08,0,wk inc flu hosp,2025-11-15,41,quantile,0.025,0.0
2025-11-08,0,wk inc flu hosp,2025-11-15,41,quantile,0.05,0.0
2025-11-08,0,wk inc flu hosp,2025-11-15,41,quantile,0.1,0.0
2025-11-08,0,wk inc flu hosp,2025-11-15,41,quantile,0.15,0.0
2025-11-08,0,wk inc flu hosp,2025-11-15,41,quantile,0.2,0.0
2025-11-08,0,wk inc flu hosp,2025-11-15,41,quantile,0.25,0.0
2025-11-08,0,wk inc flu hosp,2025-11-15,41,quantile,0.3,0.0
2025-11-08,0,wk inc flu hosp,2025-11-15,41,quantile,0.35,0.0
2025-11-08,0,wk inc flu hosp,2025-11-15,41,quantile,0.4,1.8769569061718485
2025-11-08,0,wk inc flu hosp,2025-11-15,41,quantile,0.45,6.100820466873061
2025-11-08,0,wk inc flu hosp,2025-11-15,41,quantile,0.5,10.257716266611565
2025-11-08,0,wk inc flu hosp,2025-11-15,41,quantile,0.55,14.414612066350074
2025-11-08,0,wk inc flu hosp,2025-11-15,41,quantile,0.6,18.63847562705128
2025-11-08,0,wk inc flu hosp,2025-11-15,41,quantile,0.65,23.00417385639208
2025-11-08,0,wk inc flu hosp,2025-11-15,41,quantile,0.7,27.60496220350924
2025-11-08,0,wk inc flu hosp,2025-11-15,41,quantile,0.75,32.56993621114538
2025-11-08,0,wk inc flu hosp,2025-11-15,41,quantile,0.8,38.098670214406376
2025-11-08,0,wk inc flu hosp,2025-11-15,41,quantile,0.85,44.54308492865779
2025-11-08,0,wk inc flu hosp,2025-11-15,41,quantile,0.9,52.651630173205554
2025-11-08,0,wk inc flu hosp,2025-11-15,41,quantile,0.95,64.66971569349127
2025-11-08,0,wk inc flu hosp,2025-11-15,41,quantile,0.975,75.0936125774294
2025-11-08,0,wk inc flu hosp,2025-11-15,41,quantile,0.99,87.21364542344197
2025-09-13,0,wk inc flu hosp,2025-09-20,42,quantile,0.01,0.0
2025-09-13,0,wk inc flu hosp,2025-09-20,42,quantile,0.025,0.0
2025-09-13,0,wk inc flu hosp,2025-09-20,42,quantile,0.05,0.0
2025-09-13,0,wk inc flu hosp,2025-09-20,42,quantile,0.1,7.125597187784379
2025-09-13,0,wk inc flu hosp,2025-09-20,42,quantile,0.15,29.28944964224175
2025-09-13,0,wk inc flu hosp,2025-09-20,42,quantile,0.2,46.90457696462359
2025-09-13,0,wk inc flu hosp,2025-09-20,42,quantile,0.25,62.01678772654951
2025-09-13,0,wk inc flu hosp,2025-09-20,42,quantile,0.3,75.58802005326766
2025-09-13,0,wk inc flu hosp,2025-09-20,42,quantile,0.35,88.16378932189916
2025-09-13,0,wk inc flu hosp,2025-09-20,42,quantile,0.4,100.09696457067238
2025-09-13,0,wk inc flu hosp,2025-09-20,42,quantile,0.45,111.64244972537253
2025-09-13,0,wk inc flu hosp,2025-09-20,42,quantile,0.5,123.00488557487445
2025-09-13,0,wk inc flu hosp,2025-09-20,42,quantile,0.55,134.36732142437637
2025-09-13,0,wk inc flu hosp,2025-09-20,42,quantile,0.6,145.91280657907652
2025-09-13,0,wk inc flu hosp,2025-09-20,42,quantile,0.65,157.84598182784976
2025-09-13,0,wk inc flu hosp,2025-09-20,42,quantile,0.7,170.42175109648122
2025-09-13,0,wk inc flu hosp,2025-09-20,42,quantile,0.75,183.9929834231994
2025-09-13,0,wk inc flu hosp,2025-09-20,42,quantile,0.8,199.1051941851253
2025-09-13,0,wk inc flu hosp,2025-09-20,42,quantile,0.85,216.72032150750715
2025-09-13,0,wk inc flu hosp,2025-09-20,42,quantile,0.9,238.8841739619645
2025-09-13,0,wk inc flu hosp,2025-09-20,42,quantile,0.95,271.7343420529387
2025-09-13,0,wk inc flu hosp,2025-09-20,42,quantile,0.975,300.22696379559113
2025-09-13,0,wk inc flu hosp,2025-09-20,42,quantile,0.99,333.3557941394591
2025-09-20,0,wk inc flu hosp,2025-09-27,42,quantile,0.01,0.0
2025-09-20,0,wk inc flu hosp,2025-09-27,42,quantile,0.025,0.0
2025-09-20,0,wk inc flu hosp,2025-09-27,42,quantile,0.05,0.0
2025-09-20,0,wk inc flu hosp,2025-09-27,42,quantile,0.1,0.0
2025-09-20,0,wk inc flu hosp,2025-09-27,42,quantile,0.15,16.944999188900212
2025-09-20,0,wk inc flu hosp,2025-09-27,42,quantile,0.2,36.03930593704814
2025-09-20,0,wk inc flu hosp,2025-09-27,42,quantile,0.25,52.42052093764791
2025-09-20,0,wk inc flu hosp,2025-09-27,42,quantile,0.3,67.13135829091996
2025-09-20,0,wk inc flu hosp,2025-09-27,42,quantile,0.35,80.7631414517534
2025-09-20,0,wk inc flu hosp,2025-09-27,42,quantile,0.4,93.69837061640261
2025-09-20,0,wk inc flu hosp,2025-09-27,42,quantile,0.45,106.21335453138826
2025-09-20,0,wk inc flu hosp,2025-09-27,42,quantile,0.5,118.52991810461178
2025-09-20,0,wk inc flu hosp,2025-09-27,42,quantile,0.55,130.84648167783533
2025-09-20,0,wk inc flu hosp,2025-09-27,42,quantile,0.6,143.36146559282093
2025-09-20,0,wk inc flu hosp,2025-09-27,42,quantile,0.65,156.29669475747016
2025-09-20,0,wk inc flu hosp,2025-09-27,42,quantile,0.7,169.92847791830357
2025-09-20,0,wk inc flu hosp,2025-09-27,42,quantile,0.75,184.63931527157564
2025-09-20,0,wk inc flu hosp,2025-09-27,42,quantile,0.8,201.02053027217542
2025-09-20,0,wk inc flu hosp,2025-09-27,42,quantile,0.85,220.11483702032336
2025-09-20,0,wk inc flu hosp,2025-09-27,42,quantile,0.9,244.1398349519805
2025-09-20,0,wk inc flu hosp,2025-09-27,42,quantile,0.95,279.74850100234136
2025-09-20,0,wk inc flu hosp,2025-09-27,42,quantile,0.975,310.6337083389859
2025-09-20,0,wk inc flu hosp,2025-09-27,42,quantile,0.99,346.54443649985575
2025-09-27,0,wk inc flu hosp,2025-10-04,42,quantile,0.01,0.0
2025-09-27,0,wk inc flu hosp,2025-10-04,42,quantile,0.025,0.0
2025-09-27,0,wk inc flu hosp,2025-10-04,42,quantile,0.05,0.0
2025-09-27,0,wk inc flu hosp,2025-10-04,42,quantile,0.1,0.0724470280927676
2025-09-27,0,wk inc flu hosp,2025-10-04,42,quantile,0.15,20.19009606597902
2025-09-27,0,wk inc flu hosp,2025-10-04,42,quantile,0.2,36.178965778838446
2025-09-27,0,wk inc flu hosp,2025-10-04,42,quantile,0.25,49.89599231651742
2025-09-27,0,wk inc flu hosp,2025-10-04,42,quantile,0.3,62.21430608988062
2025-09-27,0,wk inc flu hosp,2025-10-04,42,quantile,0.35,73.6290595966377
2025-09-27,0,wk inc flu hosp,2025-10-04,42,quantile,0.4,84.460544423371
2025-09-27,0,wk inc flu hosp,2025-10-04,42,quantile,0.45,94.94013134498813
2025-09-27,0,wk inc flu hosp,2025-10-04,42,quantile,0.5,105.25356837519205
2025-09-27,0,wk inc flu hosp,2025-10-04,42,quantile,0.55,115.56700540539596
2025-09-27,0,wk inc flu hosp,2025-10-04,42,quantile,0.6,126.04659232701309
2025-09-27,0,wk inc flu hosp,2025-10-04,42,quantile,0.65,136.8780771537464
2025-09-27,0,wk inc flu hosp,2025-10-04,42,quantile,0.7,148.29283066050345
2025-09-27,0,wk inc flu hosp,2025-10-04,42,quantile,0.75,160.61114443386668
2025-09-27,0,wk inc flu hosp,2025-10-04,42,quantile,0.8,174.32817097154566
2025-09-27,0,wk inc flu hosp,2025-10-04,42,quantile,0.85,190.31704068440507
2025-09-27,0,wk inc flu hosp,2025-10-04,42,quantile,0.9,210.43468972229132
2025-09-27,0,wk inc flu hosp,2025-10-04,42,quantile,0.95,240.2520761106798
2025-09-27,0,wk inc flu hosp,2025-10-04,42,quantile,0.975,266.1142120171409
2025-09-27,0,wk inc flu hosp,2025-10-04,42,quantile,0.99,296.184534099599
2025-10-04,0,wk inc flu hosp,2025-10-11,42,quantile,0.01,0.0
2025-10-04,0,wk inc flu hosp,2025-10-11,42,quantile,0.025,0.0
2025-10-04,0,wk inc flu hosp,2025-10-11,42,quantile,0.05,0.0
2025-10-04,0,wk inc flu hosp,2025-10-11,42,quantile,0.1,0.8794044089211042
2025-10-04,0,wk inc flu hosp,2025-10-11,42,quantile,0.15,18.836508175987433
2025-10-04,0,wk inc flu hosp,2025-10-11,42,quantile,0.2,33.10824499827805
2025-10-04,0,wk inc flu hosp,2025-10-11,42,quantile,0.25,45.35212441226073
2025-10-04,0,wk inc flu hosp,2025-10-11,42,quantile,0.3,56.34750653901875
2025-10-04,0,wk inc flu hosp,2025-10-11,42,quantile,0.35,66.53636671896838
2025-10-04,0,wk inc flu hosp,2025-10-11,42,quantile,0.4,76.2045986589312
2025-10-04,0,wk inc flu hosp,2025-10-11,42,quantile,0.45,85.55872495038192
2025-10-04,0,wk inc flu hosp,2025-10-11,42,quantile,0.5,94.76454510350726
2025-10-04,0,wk inc flu hosp,2025-10-11,42,quantile,0.55,103.97036525663262
2025-10-04,0,wk inc flu hosp,2025-10-11,42,quantile,0.6,113.32449154808332
2025-10-04,0,wk inc flu hosp,2025-10-11,42,quantile,0.65,122.99272348804614
2025-10-04,0,wk inc flu hosp,2025-10-11,42,quantile,0.7,133.18158366799577
2025-10-04,0,wk inc flu hosp,2025-10-11,42,quantile,0.75,144.17696579475378
2025-10-04,0,wk inc flu hosp,2025-10-11,42,quantile,0.8,156.42084520873647
2025-10-04,0,wk inc flu hosp,2025-10-11,42,quantile,0.85,170.6925820310271
2025-10-04,0,wk inc flu hosp,2025-10-11,42,quantile,0.9,188.6496857980934
2025-10-04,0,wk inc flu hosp,2025-10-11,42,quantile,0.95,215.26481863149036
2025-10-04,0,wk inc flu hosp,2025-10-11,42,quantile,0.975,238.3494771438097
2025-10-04,0,wk inc flu hosp,2025-10-11,42,quantile,0.99,265.19038151225277
2025-10-11,0,wk inc flu hosp,2025-10-18,42,quantile,0.01,0.0
2025-10-11,0,wk inc flu hosp,2025-10-18,42,quantile,0.025,0.0
2025-10-11,0,wk inc flu hosp,2025-10-18,42,quantile,0.05,0.0
2025-10-11,0,wk inc flu hosp,2025-10-18,42,quantile,0.1,0.0
2025-10-11,0,wk inc flu hosp,2025-10-18,42,quantile,0.15,0.0
2025-10-11,0,wk inc flu hosp,2025-10-18,42,quantile,0.2,17.16775066426375
2025-10-11,0,wk inc flu hosp,2025-10-18,42,quantile,0.25,33.10857767447027
2025-10-11,0,wk inc flu hosp,2025-10-18,42,quantile,0.3,47.42393300160615
2025-10-11,0,wk inc flu hosp,2025-10-18,42,quantile,0.35,60.689243126620454
2025-10-11,0,wk inc flu hosp,2025-10-18,42,quantile,0.4,73.2767252177536
2025-10-11,0,wk inc flu hosp,2025-10-18,42,quantile,0.45,85.45525981466835
2025-10-11,0,wk inc flu hosp,2025-10-18,42,quantile,0.5,97.44070834664714
2025-10-11,0,wk inc flu hosp,2025-10-18,42,quantile,0.55,109.42615687862595
2025-10-11,0,wk inc flu hosp,2025-10-18,42,quantile,0.6,121.60469147554069
2025-10-11,0,wk inc flu hosp,2025-10-18,42,quantile,0.65,134.19217356667383
2025-10-11,0,wk inc flu hosp,2025-10-18,42,quantile,0.7,147.4574836916881
2025-10-11,0,wk inc flu hosp,2025-10-18,42,quantile,0.75,161.77283901882402
2025-10-11,0,wk inc flu hosp,2025-10-18,42,quantile,0.8,177.71366602903055
2025-10-11,0,wk inc flu hosp,2025-10-18,42,quantile,0.85,196.2946467890597
2025-10-11,0,wk inc flu hosp,2025-10-18,42,quantile,0.9,219.67376341350385
2025-10-11,0,wk inc flu hosp,2025-10-18,42,quantile,0.95,254.32513607128493
2025-10-11,0,wk inc flu hosp,2025-10-18,42,quantile,0.975,284.38003415483894
2025-10-11,0,wk inc flu hosp,2025-10-18,42,quantile,0.99,319.3253483700555
2025-10-18,0,wk inc flu hosp,2025-10-25,42,quantile,0.01,0.0
2025-10-18,0,wk inc flu hosp,2025-10-25,42,quantile,0.025,0.0
2025-10-18,0,wk inc flu hosp,2025-10-25,42,quantile,0.05,0.0
2025-10-18,0,wk inc flu hosp,2025-10-25,42,quantile,0.1,0.0
2025-10-18,0,wk inc flu hosp,2025-10-25,42,quantile,0.15,7.921637562352174
2025-10-18,0,wk inc flu hosp,2025-10-25,42,quantile,0.2,25.150163704645365
2025-10-18,0,wk inc flu hosp,2025-10-25,42,quantile,0.25,39.930705077677025
2025-10-18,0,wk inc flu hosp,2025-10-25,42,quantile,0.3,53.20408804249474
2025-10-18,0,wk inc flu hosp,2025-10-25,42,quantile,0.35,65.5038554888971
2025-10-18,0,wk inc flu hosp,2025-10-25,42,quantile,0.4,77.17513199865193
2025-10-18,0,wk inc flu hosp,2025-10-25,42,quantile,0.45,88.46722709242236
2025-10-18,0,wk inc flu hosp,2025-10-25,42,quantile,0.5,99.58029028467885
2025-10-18,0,wk inc flu hosp,2025-10-25,42,quantile,0.55,110.69335347693536
2025-10-18,0,wk inc flu hosp,2025-10-25,42,quantile,0.6,121.98544857070577
2025-10-18,0,wk inc flu hosp,2025-10-25,42,quantile,0.65,133.6567250804606
2025-10-18,0,wk inc flu hosp,2025-10-25,42,quantile,0.7,145.95649252686295
2025-10-18,0,wk inc flu hosp,2025-10-25,42,quantile,0.75,159.22987549168067
2025-10-18,0,wk inc flu hosp,2025-10-25,42,quantile,0.8,174.01041686471234
2025-10-18,0,wk inc flu hosp,2025-10-25,42,quantile,0.85,191.23894300700553
2025-10-18,0,wk inc flu hosp,2025-10-25,42,quantile,0.9,212.9163628994163
2025-10-18,0,wk inc flu hosp,2025-10-25,42,quantile,0.95,245.04556465743954
2025-10-18,0,wk inc flu hosp,2025-10-25,42,quantile,0.975,272.9128556268348
2025-10-18,0,wk inc flu hosp,2025-10-25,42,quantile,0.99,305.3146038059532
2025-10-25,0,wk inc flu hosp,2025-11-01,42,quantile,0.01,0.0
2025-10-25,0,wk inc flu hosp,2025-11-01,42,quantile,0.025,0.0
2025-10-25,0,wk inc flu hosp,2025-11-01,42,quantile,0.05,0.0
2025-10-25,0,wk inc flu hosp,2025-11-01,42,quantile,0.1,0.0
2025-10-25,0,wk inc flu hosp,2025-11-01,42,quantile,0.15,19.28330023822113
2025-10-25,0,wk inc flu hosp,2025-11-01,42,quantile,0.2,38.25979105332817
2025-10-25,0,wk inc flu hosp,2025-11-01,42,quantile,0.25,54.53993047390844
2025-10-25,0,wk inc flu hosp,2025-11-01,42,quantile,0.3,69.15999883245087
2025-10-25,0,wk inc flu hosp,2025-11-01,42,quantile,0.35,82.70767099238293
2025-10-25,0,wk inc flu hosp,2025-11-01,42,quantile,0.4,95.56308704240944
2025-10-25,0,wk inc flu hosp,2025-11-01,42,quantile,0.45,108.00085084532796
2025-10-25,0,wk inc flu hosp,2025-11-01,42,quantile,0.5,120.24141860218714
2025-10-25,0,wk inc flu hosp,2025-11-01,42,quantile,0.55,132.48198635904632
2025-10-25,0,wk inc flu hosp,2025-11-01,42,quantile,0.6,144.91975016196486
2025-10-25,0,wk inc flu hosp,2025-11-01,42,quantile,0.65,157.77516621199135
2025-10-25,0,wk inc flu hosp,2025-11-01,42,quantile,0.7,171.3228383719234
2025-10-25,0,wk inc flu hosp,2025-11-01,42,quantile,0.75,185.94290673046584
2025-10-25,0,wk inc flu hosp,2025-11-01,42,quantile,0.8,202.2230461510461
2025-10-25,0,wk inc flu hosp,2025-11-01,42,quantile,0.85,221.19953696615315
2025-10-25,0,wk inc flu hosp,2025-11-01,42,quantile,0.9,245.07629555165556
2025-10-25,0,wk inc flu hosp,2025-11-01,42,quantile,0.95,280.4652485603019
2025-10-25,0,wk inc flu hosp,2025-11-01,42,quantile,0.975,311.1598875999392
2025-10-25,0,wk inc flu hosp,2025-11-01,42,quantile,0.99,346.84903893163926
2025-11-01,0,wk inc flu hosp,2025-11-08,42,quantile,0.01,0.0
2025-11-01,0,wk inc flu hosp,2025-11-08,42,quantile,0.025,0.0
2025-11-01,0,wk inc flu hosp,2025-11-08,42,quantile,0.05,9.125452986364365
2025-11-01,0,wk inc flu hosp,2025-11-08,42,quantile,0.1,38.78938283691316
2025-11-01,0,wk inc flu hosp,2025-11-08,42,quantile,0.15,58.803495477255495
2025-11-01,0,wk inc flu hosp,2025-11-08,42,quantile,0.2,74.7100777435176
2025-11-01,0,wk inc flu hosp,2025-11-08,42,quantile,0.25,88.35650897902926
2025-11-01,0,wk inc flu hosp,2025-11-08,42,quantile,0.3,100.61142598920668
2025-11-01,0,wk inc flu hosp,2025-11-08,42,quantile,0.35,111.96743294686571
2025-11-01,0,wk inc flu hosp,2025-11-08,42,quantile,0.4,122.74317304334252
2025-11-01,0,wk inc flu hosp,2025-11-08,42,quantile,0.45,133.168826293308
2025-11-01,0,wk inc flu hosp,2025-11-08,42,quantile,0.5,143.42918474984793
2025-11-01,0,wk inc flu hosp,2025-11-08,42,quantile,0.55,153.6895432063879
2025-11-01,0,wk inc flu hosp,2025-11-08,42,quantile,0.6,164.11519645635335
2025-11-01,0,wk inc flu hosp,2025-11-08,42,quantile,0.65,174.89093655283017
2025-11-01,0,wk inc flu hosp,2025-11-08,42,quantile,0.7,186.2469435104892
2025-11-01,0,wk inc flu hosp,2025-11-08,42,quantile,0.75,198.5018605206666
2025-11-01,0,wk inc flu hosp,2025-11-08,42,quantile,0.8,212.14829175617825
2025-11-01,0,wk inc flu hosp,2025-11-08,42,quantile,0.85,228.05487402244037
2025-11-01,0,wk inc flu hosp,2025-11-08,42,quantile,0.9,248.06898666278272
2025-11-01,0,wk inc flu hosp,2025-11-08,42,quantile,0.95,277.7329165133315
2025-11-01,0,wk inc flu hosp,2025-11-08,42,quantile,0.975,303.46195175880064
2025-11-01,0,wk inc flu hosp,2025-11-08,42,quantile,0.99,333.377515558343
2025-11-08,0,wk inc flu hosp,2025-11-15,42,quantile,0.01,0.0
2025-11-08,0,wk inc flu hosp,2025-11-15,42,quantile,0.025,0.0
2025-11-08,0,wk inc flu hosp,2025-11-15,42,quantile,0.05,0.0
2025-11-08,0,wk inc flu hosp,2025-11-15,42,quantile,0.1,9.247598621819733
2025-11-08,0,wk inc flu hosp,2025-11-15,42,quantile,0.15,29.699678227814857
2025-11-08,0,wk inc flu hosp,2025-11-15,42,quantile,0.2,45.954342754542466
2025-11-08,0,wk inc flu hosp,2025-11-15,42,quantile,0.25,59.89939757570136
2025-11-08,0,wk inc flu hosp,2025-11-15,42,quantile,0.3,72.42248779513989
2025-11-08,0,wk inc flu hosp,2025-11-15,42,quantile,0.35,84.02699719697688
2025-11-08,0,wk inc flu hosp,2025-11-15,42,quantile,0.4,95.03854181187158
2025-11-08,0,wk inc flu hosp,2025-11-15,42,quantile,0.45,105.69233866234981
2025-11-08,0,wk inc flu hosp,2025-11-15,42,quantile,0.5,116.17722358880992
2025-11-08,0,wk inc flu hosp,2025-11-15,42,quantile,0.55,126.66210851527005
2025-11-08,0,wk inc flu hosp,2025-11-15,42,quantile,0.6,137.31590536574828
2025-11-08,0,wk inc flu hosp,2025-11-15,42,quantile,0.65,148.32744998064297
2025-11-08,0,wk inc flu hosp,2025-11-15,42,quantile,0.7,159.93195938247993
2025-11-08,0,wk inc flu hosp,2025-11-15,42,quantile,0.75,172.4550496019185
2025-11-08,0,wk inc flu hosp,2025-11-15,42,quantile,0.8,186.40010442307738
2025-11-08,0,wk inc flu hosp,2025-11-15,42,quantile,0.85,202.65476894980497
2025-11-08,0,wk inc flu hosp,2025-11-15,42,quantile,0.9,223.10684855580013
2025-11-08,0,wk inc flu hosp,2025-11-15,42,quantile,0.95,253.41991142460694
2025-11-08,0,wk inc flu hosp,2025-11-15,42,quantile,0.975,279.71197275562525
2025-11-08,0,wk inc flu hosp,2025-11-15,42,quantile,0.99,310.2821760557303
2025-09-13,0,wk inc flu hosp,2025-09-20,72,quantile,0.01,17.325882474567905
2025-09-13,0,wk inc flu hosp,2025-09-20,72,quantile,0.025,29.75495249464963
2025-09-13,0,wk inc flu hosp,2025-09-20,72,quantile,0.05,40.44463839720913
2025-09-13,0,wk inc flu hosp,2025-09-20,72,quantile,0.1,52.769161633802916
2025-09-13,0,wk inc flu hosp,2025-09-20,72,quantile,0.15,61.0844589507274
2025-09-13,0,wk inc flu hosp,2025-09-20,72,quantile,0.2,67.69319365792977
2025-09-13,0,wk inc flu hosp,2025-09-20,72,quantile,0.25,73.36289958381306
2025-09-13,0,wk inc flu hosp,2025-09-20,72,quantile,0.3,78.45447073488445
2025-09-13,0,wk inc flu hosp,2025-09-20,72,quantile,0.35,83.17257020214032
2025-09-13,0,wk inc flu hosp,2025-09-20,72,quantile,0.4,87.64958521261327
2025-09-13,0,wk inc flu hosp,2025-09-20,72,quantile,0.45,91.98114904731847
2025-09-13,0,wk inc flu hosp,2025-09-20,72,quantile,0.5,96.24403757390621
2025-09-13,0,wk inc flu hosp,2025-09-20,72,quantile,0.55,100.50692610049396
2025-09-13,0,wk inc flu hosp,2025-09-20,72,quantile,0.6,104.83848993519915
2025-09-13,0,wk inc flu hosp,2025-09-20,72,quantile,0.65,109.3155049456721
2025-09-13,0,wk inc flu hosp,2025-09-20,72,quantile,0.7,114.03360441292796
2025-09-13,0,wk inc flu hosp,2025-09-20,72,quantile,0.75,119.12517556399936
2025-09-13,0,wk inc flu hosp,2025-09-20,72,quantile,0.8,124.79488148988267
2025-09-13,0,wk inc flu hosp,2025-09-20,72,quantile,0.85,131.40361619708503
2025-09-13,0,wk inc flu hosp,2025-09-20,72,quantile,0.9,139.7189135140095
2025-09-13,0,wk inc flu hosp,2025-09-20,72,quantile,0.95,152.04343675060326
2025-09-13,0,wk inc flu hosp,2025-09-20,72,quantile,0.975,162.73312265316278
2025-09-13,0,wk inc flu hosp,2025-09-20,72,quantile,0.99,175.16219267324453
2025-09-20,0,wk inc flu hosp,2025-09-27,72,quantile,0.01,37.10911453094451
2025-09-20,0,wk inc flu hosp,2025-09-27,72,quantile,0.025,43.563474005276824
2025-09-20,0,wk inc flu hosp,2025-09-27,72,quantile,0.05,49.11457922645152
2025-09-20,0,wk inc flu hosp,2025-09-27,72,quantile,0.1,55.51464803209936
2025-09-20,0,wk inc flu hosp,2025-09-27,72,quantile,0.15,59.83274407087514
2025-09-20,0,wk inc flu hosp,2025-09-27,72,quantile,0.2,63.26462991606405
2025-09-20,0,wk inc flu hosp,2025-09-27,72,quantile,0.25,66.20888239032618
2025-09-20,0,wk inc flu hosp,2025-09-27,72,quantile,0.3,68.85291210816172
2025-09-20,0,wk inc flu hosp,2025-09-27,72,quantile,0.35,71.3029996809345
2025-09-20,0,wk inc flu hosp,2025-09-27,72,quantile,0.4,73.62789319290977
2025-09-20,0,wk inc flu hosp,2025-09-27,72,quantile,0.45,75.87725457151925
2025-09-20,0,wk inc flu hosp,2025-09-27,72,quantile,0.5,78.0909531752884
2025-09-20,0,wk inc flu hosp,2025-09-27,72,quantile,0.55,80.30465177905758
2025-09-20,0,wk inc flu hosp,2025-09-27,72,quantile,0.6,82.55401315766704
2025-09-20,0,wk inc flu hosp,2025-09-27,72,quantile,0.65,84.8789066696423
2025-09-20,0,wk inc flu hosp,2025-09-27,72,quantile,0.7,87.32899424241509
2025-09-20,0,wk inc flu hosp,2025-09-27,72,quantile,0.75,89.97302396025063
2025-09-20,0,wk inc flu hosp,2025-09-27,72,quantile,0.8,92.91727643451276
2025-09-20,0,wk inc flu hosp,2025-09-27,72,quantile,0.85,96.34916227970167
2025-09-20,0,wk inc flu hosp,2025-09-27,72,quantile,0.9,100.66725831847745
2025-09-20,0,wk inc flu hosp,2025-09-27,72,quantile,0.95,107.06732712412528
2025-09-20,0,wk inc flu hosp,2025-09-27,72,quantile,0.975,112.61843234529998
2025-09-20,0,wk inc flu hosp,2025-09-27,72,quantile,0.99,119.0727918196323
2025-09-27,0,wk inc flu hosp,2025-10-04,72,quantile,0.01,25.402598936249774
2025-09-27,0,wk inc flu hosp,2025-10-04,72,quantile,0.025,32.159410586728804
2025-09-27,0,wk inc flu hosp,2025-10-04,72,quantile,0.05,37.970641365031284
2025-09-27,0,wk inc flu hosp,2025-10-04,72,quantile,0.1,44.67061827859516
2025-09-27,0,wk inc flu hosp,2025-10-04,72,quantile,0.15,49.19106089396493
2025-09-27,0,wk inc flu hosp,2025-10-04,72,quantile,0.2,52.78376538371376
2025-09-27,0,wk inc flu hosp,2025-10-04,72,quantile,0.25,55.86598593544465
2025-09-27,0,wk inc flu hosp,2025-10-04,72,quantile,0.3,58.63391525092983
2025-09-27,0,wk inc flu hosp,2025-10-04,72,quantile,0.35,61.19881426565625
2025-09-27,0,wk inc flu hosp,2025-10-04,72,quantile,0.4,63.63265260861011
2025-09-27,0,wk inc flu hosp,2025-10-04,72,quantile,0.45,65.98741937199964
2025-09-27,0,wk inc flu hosp,2025-10-04,72,quantile,0.5,68.30485219799574
2025-09-27,0,wk inc flu hosp,2025-10-04,72,quantile,0.55,70.62228502399185
2025-09-27,0,wk inc flu hosp,2025-10-04,72,quantile,0.6,72.97705178738137
2025-09-27,0,wk inc flu hosp,2025-10-04,72,quantile,0.65,75.41089013033523
2025-09-27,0,wk inc flu hosp,2025-10-04,72,quantile,0.7,77.97578914506165
2025-09-27,0,wk inc flu hosp,2025-10-04,72,quantile,0.75,80.74371846054683
2025-09-27,0,wk inc flu hosp,2025-10-04,72,quantile,0.8,83.82593901227773
2025-09-27,0,wk inc flu hosp,2025-10-04,72,quantile,0.85,87.41864350202655
2025-09-27,0,wk inc flu hosp,2025-10-04,72,quantile,0.9,91.93908611739633
2025-09-27,0,wk inc flu hosp,2025-10-04,72,quantile,0.95,98.63906303096019
2025-09-27,0,wk inc flu hosp,2025-10-04,72,quantile,0.975,104.45029380926267
2025-09-27,0,wk inc flu hosp,2025-10-04,72,quantile,0.99,111.20710545974171
2025-10-04,0,wk inc flu hosp,2025-10-11,72,quantile,0.01,14.435774077594978
2025-10-04,0,wk inc flu hosp,2025-10-11,72,quantile,0.025,20.383861608821242
2025-10-04,0,wk inc flu hosp,2025-10-11,72,quantile,0.05,25.499545028981203
2025-10-04,0,wk inc flu hosp,2025-10-11,72,quantile,0.1,31.39760038416455
2025-10-04,0,wk inc flu hosp,2025-10-11,72,quantile,0.15,35.37699033122613
2025-10-04,0,wk inc flu hosp,2025-10-11,72,quantile,0.2,38.53968331192222
2025-10-04,0,wk inc flu hosp,2025-10-11,72,quantile,0.25,41.252992277836654
2025-10-04,0,wk inc flu hosp,2025-10-11,72,quantile,0.3,43.68962758756677
2025-10-04,0,wk inc flu hosp,2025-10-11,72,quantile,0.35,45.94753333328445
2025-10-04,0,wk inc flu hosp,2025-10-11,72,quantile,0.4,48.09006508488624
2025-10-04,0,wk inc flu hosp,2025-10-11,72,quantile,0.45,50.16298934987893
2025-10-04,0,wk inc flu hosp,2025-10-11,72,quantile,0.5,52.203048183809074
2025-10-04,0,wk inc flu hosp,2025-10-11,72,quantile,0.55,54.24310701773922
2025-10-04,0,wk inc flu hosp,2025-10-11,72,quantile,0.6,56.316031282731906
2025-10-04,0,wk inc flu hosp,2025-10-11,72,quantile,0.65,58.4585630343337
2025-10-04,0,wk inc flu hosp,2025-10-11,72,quantile,0.7,60.71646878005137
2025-10-04,0,wk inc flu hosp,2025-10-11,72,quantile,0.75,63.15310408978149
2025-10-04,0,wk inc flu hosp,2025-10-11,72,quantile,0.8,65.86641305569593
2025-10-04,0,wk inc flu hosp,2025-10-11,72,quantile,0.85,69.02910603639202
2025-10-04,0,wk inc flu hosp,2025-10-11,72,quantile,0.9,73.0084959834536
2025-10-04,0,wk inc flu hosp,2025-10-11,72,quantile,0.95,78.90655133863693
2025-10-04,0,wk inc flu hosp,2025-10-11,72,quantile,0.975,84.0222347587969
2025-10-04,0,wk inc flu hosp,2025-10-11,72,quantile,0.99,89.97032229002318
2025-10-11,0,wk inc flu hosp,2025-10-18,72,quantile,0.01,33.75478652078351
2025-10-11,0,wk inc flu hosp,2025-10-18,72,quantile,0.025,37.23115842861388
2025-10-11,0,wk inc flu hosp,2025-10-18,72,quantile,0.05,40.22103005337313
2025-10-11,0,wk inc flu hosp,2025-10-18,72,quantile,0.1,43.66816055371409
2025-10-11,0,wk inc flu hosp,2025-10-18,72,quantile,0.15,45.99392313700537
2025-10-11,0,wk inc flu hosp,2025-10-18,72,quantile,0.2,47.84236551003102
2025-10-11,0,wk inc flu hosp,2025-10-18,72,quantile,0.25,49.428164477657276
2025-10-11,0,wk inc flu hosp,2025-10-18,72,quantile,0.3,50.85226096176315
2025-10-11,0,wk inc flu hosp,2025-10-18,72,quantile,0.35,52.17189858708967
2025-10-11,0,wk inc flu hosp,2025-10-18,72,quantile,0.4,53.42410564587979
2025-10-11,0,wk inc flu hosp,2025-10-18,72,quantile,0.45,54.63563046693347
2025-10-11,0,wk inc flu hosp,2025-10-18,72,quantile,0.5,55.827947019668166
2025-10-11,0,wk inc flu hosp,2025-10-18,72,quantile,0.55,57.02026357240286
2025-10-11,0,wk inc flu hosp,2025-10-18,72,quantile,0.6,58.23178839345654
2025-10-11,0,wk inc flu hosp,2025-10-18,72,quantile,0.65,59.48399545224666
2025-10-11,0,wk inc flu hosp,2025-10-18,72,quantile,0.7,60.80363307757318
2025-10-11,0,wk inc flu hosp,2025-10-18,72,quantile,0.75,62.227729561679055
2025-10-11,0,wk inc flu hosp,2025-10-18,72,quantile,0.8,63.813528529305316
2025-10-11,0,wk inc flu hosp,2025-10-18,72,quantile,0.85,65.66197090233096
2025-10-11,0,wk inc flu hosp,2025-10-18,72,quantile,0.9,67.98773348562224
2025-10-11,0,wk inc flu hosp,2025-10-18,72,quantile,0.95,71.4348639859632
2025-10-11,0,wk inc flu hosp,2025-10-18,72,quantile,0.975,74.42473561072245
2025-10-11,0,wk inc flu hosp,2025-10-18,72,quantile,0.99,77.90110751855282
2025-10-18,0,wk inc flu hosp,2025-10-25,72,quantile,0.01,25.980032465571185
2025-10-18,0,wk inc flu hosp,2025-10-25,72,quantile,0.025,31.79890225342012
2025-10-18,0,wk inc flu hosp,2025-10-25,72,quantile,0.05,36.803451285608226
2025-10-18,0,wk inc flu hosp,2025-10-25,72,quantile,0.1,42.57337580893842
2025-10-18,0,wk inc flu hosp,2025-10-25,72,quantile,0.15,46.46631649205118
2025-10-18,0,wk inc flu hosp,2025-10-25,72,quantile,0.2,49.560302338258175
2025-10-18,0,wk inc flu hosp,2025-10-25,72,quantile,0.25,52.214666700580224
2025-10-18,0,wk inc flu hosp,2025-10-25,72,quantile,0.3,54.59836793452482
2025-10-18,0,wk inc flu hosp,2025-10-25,72,quantile,0.35,56.807222370272925
2025-10-18,0,wk inc flu hosp,2025-10-25,72,quantile,0.4,58.903209225451654
2025-10-18,0,wk inc flu hosp,2025-10-25,72,quantile,0.45,60.931100764495326
2025-10-18,0,wk inc flu hosp,2025-10-25,72,quantile,0.5,62.92684084933284
2025-10-18,0,wk inc flu hosp,2025-10-25,72,quantile,0.55,64.92258093417036
2025-10-18,0,wk inc flu hosp,2025-10-25,72,quantile,0.6,66.95047247321403
2025-10-18,0,wk inc flu hosp,2025-10-25,72,quantile,0.65,69.04645932839276
2025-10-18,0,wk inc flu hosp,2025-10-25,72,quantile,0.7,71.25531376414085
2025-10-18,0,wk inc flu hosp,2025-10-25,72,quantile,0.75,73.63901499808546
2025-10-18,0,wk inc flu hosp,2025-10-25,72,quantile,0.8,76.29337936040751
2025-10-18,0,wk inc flu hosp,2025-10-25,72,quantile,0.85,79.3873652066145
2025-10-18,0,wk inc flu hosp,2025-10-25,72,quantile,0.9,83.28030588972726
2025-10-18,0,wk inc flu hosp,2025-10-25,72,quantile,0.95,89.05023041305745
2025-10-18,0,wk inc flu hosp,2025-10-25,72,quantile,0.975,94.05477944524556
2025-10-18,0,wk inc flu hosp,2025-10-25,72,quantile,0.99,99.8736492330945
2025-10-25,0,wk inc flu hosp,2025-11-01,72,quantile,0.01,41.32758406544312
2025-10-25,0,wk inc flu hosp,2025-11-01,72,quantile,0.025,44.898527528918734
2025-10-25,0,wk inc flu hosp,2025-11-01,72,quantile,0.05,47.969735908843965
2025-10-25,0,wk inc flu hosp,2025-11-01,72,quantile,0.1,51.510642478769185
2025-10-25,0,wk inc flu hosp,2025-11-01,72,quantile,0.15,53.89967533100608
2025-10-25,0,wk inc flu hosp,2025-11-01,72,quantile,0.2,55.79840290808136
2025-10-25,0,wk inc flu hosp,2025-11-01,72,quantile,0.25,57.42734210330273
2025-10-25,0,wk inc flu hosp,2025-11-01,72,quantile,0.3,58.8901798450938
2025-10-25,0,wk inc flu hosp,2025-11-01,72,quantile,0.35,60.24571701926722
2025-10-25,0,wk inc flu hosp,2025-11-01,72,quantile,0.4,61.531989239288514
2025-10-25,0,wk inc flu hosp,2025-11-01,72,quantile,0.45,62.77647249806625
2025-10-25,0,wk inc flu hosp,2025-11-01,72,quantile,0.5,64.00122494494671
2025-10-25,0,wk inc flu hosp,2025-11-01,72,quantile,0.55,65.22597739182719
2025-10-25,0,wk inc flu hosp,2025-11-01,72,quantile,0.6,66.4704606506049
2025-10-25,0,wk inc flu hosp,2025-11-01,72,quantile,0.65,67.75673287062621
2025-10-25,0,wk inc flu hosp,2025-11-01,72,quantile,0.7,69.11227004479963
2025-10-25,0,wk inc flu hosp,2025-11-01,72,quantile,0.75,70.5751077865907
2025-10-25,0,wk inc flu hosp,2025-11-01,72,quantile,0.8,72.20404698181207
2025-10-25,0,wk inc flu hosp,2025-11-01,72,quantile,0.85,74.10277455888735
2025-10-25,0,wk inc flu hosp,2025-11-01,72,quantile,0.9,76.49180741112424
2025-10-25,0,wk inc flu hosp,2025-11-01,72,quantile,0.95,80.03271398104945
2025-10-25,0,wk inc flu hosp,2025-11-01,72,quantile,0.975,83.10392236097468
2025-10-25,0,wk inc flu hosp,2025-11-01,72,quantile,0.99,86.67486582445031
2025-11-01,0,wk inc flu hosp,2025-11-08,72,quantile,0.01,31.749452081419268
2025-11-01,0,wk inc flu hosp,2025-11-08,72,quantile,0.025,35.163332547647464
2025-11-01,0,wk inc flu hosp,2025-11-08,72,quantile,0.05,38.09945808510926
2025-11-01,0,wk inc flu hosp,2025-11-08,72,quantile,0.1,41.48462278890473
2025-11-01,0,wk inc flu hosp,2025-11-08,72,quantile,0.15,43.76857734345003
2025-11-01,0,wk inc flu hosp,2025-11-08,72,quantile,0.2,45.583792020569874
2025-11-01,0,wk inc flu hosp,2025-11-08,72,quantile,0.25,47.14108458375908
2025-11-01,0,wk inc flu hosp,2025-11-08,72,quantile,0.3,48.53958143565302
2025-11-01,0,wk inc flu hosp,2025-11-08,72,quantile,0.35,49.83549718662733
2025-11-01,0,wk inc flu hosp,2025-11-08,72,quantile,0.4,51.065194506424355
2025-11-01,0,wk inc flu hosp,2025-11-08,72,quantile,0.45,52.254940894499114
2025-11-01,0,wk inc flu hosp,2025-11-08,72,quantile,0.5,53.425824303081804
2025-11-01,0,wk inc flu hosp,2025-11-08,72,quantile,0.55,54.59670771166449
2025-11-01,0,wk inc flu hosp,2025-11-08,72,quantile,0.6,55.78645409973925
2025-11-01,0,wk inc flu hosp,2025-11-08,72,quantile,0.65,57.01615141953628
2025-11-01,0,wk inc flu hosp,2025-11-08,72,quantile,0.7,58.31206717051059
2025-11-01,0,wk inc flu hosp,2025-11-08,72,quantile,0.75,59.710564022404526
2025-11-01,0,wk inc flu hosp,2025-11-08,72,quantile,0.8,61.267856585593734
2025-11-01,0,wk inc flu hosp,2025-11-08,72,quantile,0.85,63.083071262713574
2025-11-01,0,wk inc flu hosp,2025-11-08,72,quantile,0.9,65.36702581725888
2025-11-01,0,wk inc flu hosp,2025-11-08,72,quantile,0.95,68.75219052105433
2025-11-01,0,wk inc flu hosp,2025-11-08,72,quantile,0.975,71.68831605851614
2025-11-01,0,wk inc flu hosp,2025-11-08,72,quantile,0.99,75.10219652474434
2025-11-08,0,wk inc flu hosp,2025-11-15,72,quantile,0.01,46.67633255084638
2025-11-08,0,wk inc flu hosp,2025-11-15,72,quantile,0.025,50.85320553821177
2025-11-08,0,wk inc flu hosp,2025-11-15,72,quantile,0.05,54.44554673652193
2025-11-08,0,wk inc flu hosp,2025-11-15,72,quantile,0.1,58.587286070672626
2025-11-08,0,wk inc flu hosp,2025-11-15,72,quantile,0.15,61.38169793647249
2025-11-08,0,wk inc flu hosp,2025-11-15,72,quantile,0.2,63.60260790275138
2025-11-08,0,wk inc flu hosp,2025-11-15,72,quantile,0.25,65.50795090024555
2025-11-08,0,wk inc flu hosp,2025-11-15,72,quantile,0.3,67.21900779909622
2025-11-08,0,wk inc flu hosp,2025-11-15,72,quantile,0.35,68.80455701433465
2025-11-08,0,wk inc flu hosp,2025-11-15,72,quantile,0.4,70.3090881684001
2025-11-08,0,wk inc flu hosp,2025-11-15,72,quantile,0.45,71.76473947175562
2025-11-08,0,wk inc flu hosp,2025-11-15,72,quantile,0.5,73.1973119736472
2025-11-08,0,wk inc flu hosp,2025-11-15,72,quantile,0.55,74.62988447553879
2025-11-08,0,wk inc flu hosp,2025-11-15,72,quantile,0.6,76.08553577889431
2025-11-08,0,wk inc flu hosp,2025-11-15,72,quantile,0.65,77.59006693295976
2025-11-08,0,wk inc flu hosp,2025-11-15,72,quantile,0.7,79.17561614819817
2025-11-08,0,wk inc flu hosp,2025-11-15,72,quantile,0.75,80.88667304704886
2025-11-08,0,wk inc flu hosp,2025-11-15,72,quantile,0.8,82.79201604454303
2025-11-08,0,wk inc flu hosp,2025-11-15,72,quantile,0.85,85.01292601082191
2025-11-08,0,wk inc flu hosp,2025-11-15,72,quantile,0.9,87.80733787662179
2025-11-08,0,wk inc flu hosp,2025-11-15,72,quantile,0.95,91.94907721077246
2025-11-08,0,wk inc flu hosp,2025-11-15,72,quantile,0.975,95.54141840908264
2025-11-08,0,wk inc flu hosp,2025-11-15,72,quantile,0.99,99.71829139644802
2025-09-13,0,wk inc flu hosp,2025-09-20,44,quantile,0.01,0.0
2025-09-13,0,wk inc flu hosp,2025-09-20,44,quantile,0.025,0.0
2025-09-13,0,wk inc flu hosp,2025-09-20,44,quantile,0.05,0.0
2025-09-13,0,wk inc flu hosp,2025-09-20,44,quantile,0.1,0.0
2025-09-13,0,wk inc flu hosp,2025-09-20,44,quantile,0.15,0.0
2025-09-13,0,wk inc flu hosp,2025-09-20,44,quantile,0.2,0.0
2025-09-13,0,wk inc flu hosp,2025-09-20,44,quantile,0.25,0.0
2025-09-13,0,wk inc flu hosp,2025-09-20,44,quantile,0.3,0.0
2025-09-13,0,wk inc flu hosp,2025-09-20,44,quantile,0.35,0.0
2025-09-13,0,wk inc flu hosp,2025-09-20,44,quantile,0.4,0.0
2025-09-13,0,wk inc flu hosp,2025-09-20,44,quantile,0.45,0.0
2025-09-13,0,wk inc flu hosp,2025-09-20,44,quantile,0.5,0.0
2025-09-13,0,wk inc flu hosp,2025-09-20,44,quantile,0.55,1.0214981727535266
2025-09-13,0,wk inc flu hosp,2025-09-20,44,quantile,0.6,2.266545594843072
2025-09-13,0,wk inc flu hosp,2025-09-20,44,quantile,0.65,3.55340092242361
2025-09-13,0,wk inc flu hosp,2025-09-20,44,quantile,0.7,4.909552604133447
2025-09-13,0,wk inc flu hosp,2025-09-20,44,quantile,0.75,6.373053496175226
2025-09-13,0,wk inc flu hosp,2025-09-20,44,quantile,0.8,8.002731140648232
2025-09-13,0,wk inc flu hosp,2025-09-20,44,quantile,0.85,9.902319470514326
2025-09-13,0,wk inc flu hosp,2025-09-20,44,quantile,0.9,12.29243534630854
2025-09-13,0,wk inc flu hosp,2025-09-20,44,quantile,0.95,15.834947120291925
2025-09-13,0,wk inc flu hosp,2025-09-20,44,quantile,0.975,18.907547775347147
2025-09-13,0,wk inc flu hosp,2025-09-20,44,quantile,0.99,22.480110059547318
2025-09-20,0,wk inc flu hosp,2025-09-27,44,quantile,0.01,0.0
2025-09-20,0,wk inc flu hosp,2025-09-27,44,quantile,0.025,0.0
2025-09-20,0,wk inc flu hosp,2025-09-27,44,quantile,0.05,0.0
2025-09-20,0,wk inc flu hosp,2025-09-27,44,quantile,0.1,0.0
2025-09-20,0,wk inc flu hosp,2025-09-27,44,quantile,0.15,0.0
2025-09-20,0,wk inc flu hosp,2025-09-27,44,quantile,0.2,0.0
2025-09-20,0,wk inc flu hosp,2025-09-27,44,quantile,0.25,0.0
2025-09-20,0,wk inc flu hosp,2025-09-27,44,quantile,0.3,0.0
2025-09-20,0,wk inc flu hosp,2025-09-27,44,quantile,0.35,0.0
2025-09-20,0,wk inc flu hosp,2025-09-27,44,quantile,0.4,0.0
2025-09-20,0,wk inc flu hosp,2025-09-27,44,quantile,0.45,0.0
2025-09-20,0,wk inc flu hosp,2025-09-27,44,quantile,0.5,0.0
2025-09-20,0,wk inc flu hosp,2025-09-27,44,quantile,0.55,1.0619290725966317
2025-09-20,0,wk inc flu hosp,2025-09-27,44,quantile,0.6,2.3480587379756033
2025-09-20,0,wk inc flu hosp,2025-09-27,44,quantile,0.65,3.6773758246088466
2025-09-20,0,wk inc flu hosp,2025-09-27,44,quantile,0.7,5.078275804525562
2025-09-20,0,wk inc flu hosp,2025-09-27,44,quantile,0.75,6.590067146099173
2025-09-20,0,wk inc flu hosp,2025-09-27,44,quantile,0.8,8.273518496124066
2025-09-20,0,wk inc flu hosp,2025-09-27,44,quantile,0.85,10.235786647282703
2025-09-20,0,wk inc flu hosp,2025-09-27,44,quantile,0.9,12.704768050732486
2025-09-20,0,wk inc flu hosp,2025-09-27,44,quantile,0.95,16.364170416971543
2025-09-20,0,wk inc flu hosp,2025-09-27,44,quantile,0.975,19.538156228449463
2025-09-20,0,wk inc flu hosp,2025-09-27,44,quantile,0.99,23.22860066743521
2025-09-27,0,wk inc flu hosp,2025-10-04,44,quantile,0.01,0.0
2025-09-27,0,wk inc flu hosp,2025-10-04,44,quantile,0.025,0.0
2025-09-27,0,wk inc flu hosp,2025-10-04,44,quantile,0.05,0.0
2025-09-27,0,wk inc flu hosp,2025-10-04,44,quantile,0.1,0.0
2025-09-27,0,wk inc flu hosp,2025-10-04,44,quantile,0.15,0.0
2025-09-27,0,wk inc flu hosp,2025-10-04,44,quantile,0.2,0.0
2025-09-27,0,wk inc flu hosp,2025-10-04,44,quantile,0.25,0.0
2025-09-27,0,wk inc flu hosp,2025-10-04,44,quantile,0.3,0.0
2025-09-27,0,wk inc flu hosp,2025-10-04,44,quantile,0.35,0.0
2025-09-27,0,wk inc flu hosp,2025-10-04,44,quantile,0.4,0.0
2025-09-27,0,wk inc flu hosp,2025-10-04,44,quantile,0.45,0.0
2025-09-27,0,wk inc flu hosp,2025-10-04,44,quantile,0.5,0.15322958201023848
2025-09-27,0,wk inc flu hosp,2025-10-04,44,quantile,0.55,1.4658880237217031
2025-09-27,0,wk inc flu hosp,2025-10-04,44,quantile,0.6,2.7996934464943073
2025-09-27,0,wk inc flu hosp,2025-10-04,44,quantile,0.65,4.178287212320595
2025-09-27,0,wk inc flu hosp,2025-10-04,44,quantile,0.7,5.6311173897695905
2025-09-27,0,wk inc flu hosp,2025-10-04,44,quantile,0.75,7.198949579455838
2025-09-27,0,wk inc flu hosp,2025-10-04,44,quantile,0.8,8.944805071386687
2025-09-27,0,wk inc flu hosp,2025-10-04,44,quantile,0.85,10.979812871458037
2025-09-27,0,wk inc flu hosp,2025-10-04,44,quantile,0.9,13.540317362796147
2025-09-27,0,wk inc flu hosp,2025-10-04,44,quantile,0.95,17.3353707322854
2025-09-27,0,wk inc flu hosp,2025-10-04,44,quantile,0.975,20.62701355890904
2025-09-27,0,wk inc flu hosp,2025-10-04,44,quantile,0.99,24.454259704972994
2025-10-04,0,wk inc flu hosp,2025-10-11,44,quantile,0.01,0.0
2025-10-04,0,wk inc flu hosp,2025-10-11,44,quantile,0.025,0.0
2025-10-04,0,wk inc flu hosp,2025-10-11,44,quantile,0.05,0.0
2025-10-04,0,wk inc flu hosp,2025-10-11,44,quantile,0.1,0.0
2025-10-04,0,wk inc flu hosp,2025-10-11,44,quantile,0.15,0.0
2025-10-04,0,wk inc flu hosp,2025-10-11,44,quantile,0.2,0.0
2025-10-04,0,wk inc flu hosp,2025-10-11,44,quantile,0.25,0.0
2025-10-04,0,wk inc flu hosp,2025-10-11,44,quantile,0.3,0.0
2025-10-04,0,wk inc flu hosp,2025-10-11,44,quantile,0.35,0.0
2025-10-04,0,wk inc flu hosp,2025-10-11,44,quantile,0.4,0.0
2025-10-04,0,wk inc flu hosp,2025-10-11,44,quantile,0.45,0.0
2025-10-04,0,wk inc flu hosp,2025-10-11,44,quantile,0.5,0.37528103451709416
2025-10-04,0,wk inc flu hosp,2025-10-11,44,quantile,0.55,1.6769404412747684
2025-10-04,0,wk inc flu hosp,2025-10-11,44,quantile,0.6,2.999569634191644
2025-10-04,0,wk inc flu hosp,2025-10-11,44,quantile,0.65,4.366611879427677
2025-10-04,0,wk inc flu hosp,2025-10-11,44,quantile,0.7,5.807268494131098
2025-10-04,0,wk inc flu hosp,2025-10-11,44,quantile,0.75,7.361963495567862
2025-10-04,0,wk inc flu hosp,2025-10-11,44,quantile,0.8,9.093190105399742
2025-10-04,0,wk inc flu hosp,2025-10-11,44,quantile,0.85,11.111146156735117
2025-10-04,0,wk inc flu hosp,2025-10-11,44,quantile,0.9,13.650195654523765
2025-10-04,0,wk inc flu hosp,2025-10-11,44,quantile,0.95,17.41344949160146
2025-10-04,0,wk inc flu hosp,2025-10-11,44,quantile,0.975,20.677510966248864
2025-10-04,0,wk inc flu hosp,2025-10-11,44,quantile,0.99,24.472687830007793
2025-10-11,0,wk inc flu hosp,2025-10-18,44,quantile,0.01,0.0
2025-10-11,0,wk inc flu hosp,2025-10-18,44,quantile,0.025,0.0
2025-10-11,0,wk inc flu hosp,2025-10-18,44,quantile,0.05,0.0
2025-10-11,0,wk inc flu hosp,2025-10-18,44,quantile,0.1,0.0
2025-10-11,0,wk inc flu hosp,2025-10-18,44,quantile,0.15,0.0
2025-10-11,0,wk inc flu hosp,2025-10-18,44,quantile,0.2,0.0
2025-10-11,0,wk inc flu hosp,2025-10-18,44,quantile,0.25,0.0
2025-10-11,0,wk inc flu hosp,2025-10-18,44,quantile,0.3,0.0
2025-10-11,0,wk inc flu hosp,2025-10-18,44,quantile,0.35,0.0
2025-10-11,0,wk inc flu hosp,2025-10-18,44,quantile,0.4,0.0
2025-10-11,0,wk inc flu hosp,2025-10-18,44,quantile,0.45,0.0
2025-10-11,0,wk inc flu hosp,2025-10-18,44,quantile,0.5,0.678947991416154
2025-10-11,0,wk inc flu hosp,2025-10-18,44,quantile,0.55,1.7520828262049897
2025-10-11,0,wk inc flu hosp,2025-10-18,44,quantile,0.6,2.8425059069732903
2025-10-11,0,wk inc flu hosp,2025-10-18,44,quantile,0.65,3.9695447055826416
2025-10-11,0,wk inc flu hosp,2025-10-18,44,quantile,0.7,5.1572738382427765
2025-10-11,0,wk inc flu hosp,2025-10-18,44,quantile,0.75,6.439020318813842
2025-10-11,0,wk inc flu hosp,2025-10-18,44,quantile,0.8,7.866305807075088
2025-10-11,0,wk inc flu hosp,2025-10-18,44,quantile,0.85,9.529981360386762
2025-10-11,0,wk inc flu hosp,2025-10-18,44,quantile,0.9,11.623265094353089
2025-10-11,0,wk inc flu hosp,2025-10-18,44,quantile,0.95,14.725826919477788
2025-10-11,0,wk inc flu hosp,2025-10-18,44,quantile,0.975,17.416836605384393
2025-10-11,0,wk inc flu hosp,2025-10-18,44,quantile,0.99,20.54571692195599
2025-10-18,0,wk inc flu hosp,2025-10-25,44,quantile,0.01,0.0
2025-10-18,0,wk inc flu hosp,2025-10-25,44,quantile,0.025,0.0
2025-10-18,0,wk inc flu hosp,2025-10-25,44,quantile,0.05,0.0
2025-10-18,0,wk inc flu hosp,2025-10-25,44,quantile,0.1,0.0
2025-10-18,0,wk inc flu hosp,2025-10-25,44,quantile,0.15,0.0
2025-10-18,0,wk inc flu hosp,2025-10-25,44,quantile,0.2,0.0
2025-10-18,0,wk inc flu hosp,2025-10-25,44,quantile,0.25,0.0
2025-10-18,0,wk inc flu hosp,2025-10-25,44,quantile,0.3,0.0
2025-10-18,0,wk inc flu hosp,2025-10-25,44,quantile,0.35,0.0
2025-10-18,0,wk inc flu hosp,2025-10-25,44,quantile,0.4,0.0
2025-10-18,0,wk inc flu hosp,2025-10-25,44,quantile,0.45,0.0
2025-10-18,0,wk inc flu hosp,2025-10-25,44,quantile,0.5,0.19265753813451475
2025-10-18,0,wk inc flu hosp,2025-10-25,44,quantile,0.55,1.1640077677211318
2025-10-18,0,wk inc flu hosp,2025-10-25,44,quantile,0.6,2.1510064891439193
2025-10-18,0,wk inc flu hosp,2025-10-25,44,quantile,0.65,3.171148003791178
2025-10-18,0,wk inc flu hosp,2025-10-25,44,quantile,0.7,4.246223500639767
2025-10-18,0,wk inc flu hosp,2025-10-25,44,quantile,0.75,5.406398995659953
2025-10-18,0,wk inc flu hosp,2025-10-25,44,quantile,0.8,6.698309426450333
2025-10-18,0,wk inc flu hosp,2025-10-25,44,quantile,0.85,8.204188816699485
2025-10-18,0,wk inc flu hosp,2025-10-25,44,quantile,0.9,10.098928945956612
2025-10-18,0,wk inc flu hosp,2025-10-25,44,quantile,0.95,12.907219240376662
2025-10-18,0,wk inc flu hosp,2025-10-25,44,quantile,0.975,15.342992259281166
2025-10-18,0,wk inc flu hosp,2025-10-25,44,quantile,0.99,18.17510479101993
2025-10-25,0,wk inc flu hosp,2025-11-01,44,quantile,0.01,0.0
2025-10-25,0,wk inc flu hosp,2025-11-01,44,quantile,0.025,0.0
2025-10-25,0,wk inc flu hosp,2025-11-01,44,quantile,0.05,0.0
2025-10-25,0,wk inc flu hosp,2025-11-01,44,quantile,0.1,0.0
2025-10-25,0,wk inc flu hosp,2025-11-01,44,quantile,0.15,0.0
2025-10-25,0,wk inc flu hosp,2025-11-01,44,quantile,0.2,0.0
2025-10-25,0,wk inc flu hosp,2025-11-01,44,quantile,0.25,0.0
2025-10-25,0,wk inc flu hosp,2025-11-01,44,quantile,0.3,0.0
2025-10-25,0,wk inc flu hosp,2025-11-01,44,quantile,0.35,0.0
2025-10-25,0,wk inc flu hosp,2025-11-01,44,quantile,0.4,0.0
2025-10-25,0,wk inc flu hosp,2025-11-01,44,quantile,0.45,0.0
2025-10-25,0,wk inc flu hosp,2025-11-01,44,quantile,0.5,0.24017278774077142
2025-10-25,0,wk inc flu hosp,2025-11-01,44,quantile,0.55,1.2108877454923677
2025-10-25,0,wk inc flu hosp,2025-11-01,44,quantile,0.6,2.1972409608249492
2025-10-25,0,wk inc flu hosp,2025-11-01,44,quantile,0.65,3.21671529369549
2025-10-25,0,wk inc flu hosp,2025-11-01,44,quantile,0.7,4.29108768144618
2025-10-25,0,wk inc flu hosp,2025-11-01,44,quantile,0.75,5.45050441120002
2025-10-25,0,wk inc flu hosp,2025-11-01,44,quantile,0.8,6.741569920884652
2025-10-25,0,wk inc flu hosp,2025-11-01,44,quantile,0.85,8.24646445239344
2025-10-25,0,wk inc flu hosp,2025-11-01,44,quantile,0.9,10.139965404470042
2025-10-25,0,wk inc flu hosp,2025-11-01,44,quantile,0.95,12.946419051639422
2025-10-25,0,wk inc flu hosp,2025-11-01,44,quantile,0.975,15.380599052960482
2025-10-25,0,wk inc flu hosp,2025-11-01,44,quantile,0.99,18.210859357489923
2025-11-01,0,wk inc flu hosp,2025-11-08,44,quantile,0.01,0.0
2025-11-01,0,wk inc flu hosp,2025-11-08,44,quantile,0.025,0.0
2025-11-01,0,wk inc flu hosp,2025-11-08,44,quantile,0.05,0.0
2025-11-01,0,wk inc flu hosp,2025-11-08,44,quantile,0.1,0.0
2025-11-01,0,wk inc flu hosp,2025-11-08,44,quantile,0.15,0.0
2025-11-01,0,wk inc flu hosp,2025-11-08,44,quantile,0.2,0.0
2025-11-01,0,wk inc flu hosp,2025-11-08,44,quantile,0.25,0.0
2025-11-01,0,wk inc flu hosp,2025-11-08,44,quantile,0.3,0.0
2025-11-01,0,wk inc flu hosp,2025-11-08,44,quantile,0.35,0.0
2025-11-01,0,wk inc flu hosp,2025-11-08,44,quantile,0.4,0.0
2025-11-01,0,wk inc flu hosp,2025-11-08,44,quantile,0.45,0.0
2025-11-01,0,wk inc flu hosp,2025-11-08,44,quantile,0.5,0.6933349878006143
2025-11-01,0,wk inc flu hosp,2025-11-08,44,quantile,0.55,1.7765590322703715
2025-11-01,0,wk inc flu hosp,2025-11-08,44,quantile,0.6,2.8772338602992598
2025-11-01,0,wk inc flu hosp,2025-11-08,44,quantile,0.65,4.014868653362505
2025-11-01,0,wk inc flu hosp,2025-11-08,44,quantile,0.7,5.213764368147341
2025-11-01,0,wk inc flu hosp,2025-11-08,44,quantile,0.75,6.507561346550592
2025-11-01,0,wk inc flu hosp,2025-11-08,44,quantile,0.8,7.948265635598821
2025-11-01,0,wk inc flu hosp,2025-11-08,44,quantile,0.85,9.627582440088114
2025-11-01,0,wk inc flu hosp,2025-11-08,44,quantile,0.9,11.740546439598894
2025-11-01,0,wk inc flu hosp,2025-11-08,44,quantile,0.95,14.87227738288745
2025-11-01,0,wk inc flu hosp,2025-11-08,44,quantile,0.975,17.58858692869455
2025-11-01,0,wk inc flu hosp,2025-11-08,44,quantile,0.99,20.746883799977663
2025-11-08,0,wk inc flu hosp,2025-11-15,44,quantile,0.01,0.0
2025-11-08,0,wk inc flu hosp,2025-11-15,44,quantile,0.025,0.0
2025-11-08,0,wk inc flu hosp,2025-11-15,44,quantile,0.05,0.0
2025-11-08,0,wk inc flu hosp,2025-11-15,44,quantile,0.1,0.0
2025-11-08,0,wk inc flu hosp,2025-11-15,44,quantile,0.15,0.0
2025-11-08,0,wk inc flu hosp,2025-11-15,44,quantile,0.2,0.0
2025-11-08,0,wk inc flu hosp,2025-11-15,44,quantile,0.25,0.0
2025-11-08,0,wk inc flu hosp,2025-11-15,44,quantile,0.3,0.0
2025-11-08,0,wk inc flu hosp,2025-11-15,44,quantile,0.35,0.0
2025-11-08,0,wk inc flu hosp,2025-11-15,44,quantile,0.4,0.0
2025-11-08,0,wk inc flu hosp,2025-11-15,44,quantile,0.45,0.4873810381178527
2025-11-08,0,wk inc flu hosp,2025-11-15,44,quantile,0.5,1.3949658422842584
2025-11-08,0,wk inc flu hosp,2025-11-15,44,quantile,0.55,2.302550646450665
2025-11-08,0,wk inc flu hosp,2025-11-15,44,quantile,0.6,3.2247566788476703
2025-11-08,0,wk inc flu hosp,2025-11-15,44,quantile,0.65,4.177929806924428
2025-11-08,0,wk inc flu hosp,2025-11-15,44,quantile,0.7,5.182430711491747
2025-11-08,0,wk inc flu hosp,2025-11-15,44,quantile,0.75,6.2664451250104145
2025-11-08,0,wk inc flu hosp,2025-11-15,44,quantile,0.8,7.473546579887735
2025-11-08,0,wk inc flu hosp,2025-11-15,44,quantile,0.85,8.88057075084937
2025-11-08,0,wk inc flu hosp,2025-11-15,44,quantile,0.9,10.650928441391017
2025-11-08,0,wk inc flu hosp,2025-11-15,44,quantile,0.95,13.274865224716152
2025-11-08,0,wk inc flu hosp,2025-11-15,44,quantile,0.975,15.550739066118414
2025-11-08,0,wk inc flu hosp,2025-11-15,44,quantile,0.99,18.196934248044958
2025-09-13,0,wk inc flu hosp,2025-09-20,45,quantile,0.01,0.0
2025-09-13,0,wk inc flu hosp,2025-09-20,45,quantile,0.025,0.0
2025-09-13,0,wk inc flu hosp,2025-09-20,45,quantile,0.05,0.0
2025-09-13,0,wk inc flu hosp,2025-09-20,45,quantile,0.1,0.0
2025-09-13,0,wk inc flu hosp,2025-09-20,45,quantile,0.15,0.0
2025-09-13,0,wk inc flu hosp,2025-09-20,45,quantile,0.2,0.0
2025-09-13,0,wk inc flu hosp,2025-09-20,45,quantile,0.25,2.552547758469281
2025-09-13,0,wk inc flu hosp,2025-09-20,45,quantile,0.3,8.279948457751086
2025-09-13,0,wk inc flu hosp,2025-09-20,45,quantile,0.35,13.587238758969033
2025-09-13,0,wk inc flu hosp,2025-09-20,45,quantile,0.4,18.62333825377474
2025-09-13,0,wk inc flu hosp,2025-09-20,45,quantile,0.45,23.495822797303887
2025-09-13,0,wk inc flu hosp,2025-09-20,45,quantile,0.5,28.291055939239143
2025-09-13,0,wk inc flu hosp,2025-09-20,45,quantile,0.55,33.0862890811744
2025-09-13,0,wk inc flu hosp,2025-09-20,45,quantile,0.6,37.95877362470355
2025-09-13,0,wk inc flu hosp,2025-09-20,45,quantile,0.65,42.99487311950925
2025-09-13,0,wk inc flu hosp,2025-09-20,45,quantile,0.7,48.30216342072719
2025-09-13,0,wk inc flu hosp,2025-09-20,45,quantile,0.75,54.029564120009006
2025-09-13,0,wk inc flu hosp,2025-09-20,45,quantile,0.8,60.4072963997186
2025-09-13,0,wk inc flu hosp,2025-09-20,45,quantile,0.85,67.84132229473803
2025-09-13,0,wk inc flu hosp,2025-09-20,45,quantile,0.9,77.19502437502183
2025-09-13,0,wk inc flu hosp,2025-09-20,45,quantile,0.95,91.05861989577352
2025-09-13,0,wk inc flu hosp,2025-09-20,45,quantile,0.975,103.08322147686681
2025-09-13,0,wk inc flu hosp,2025-09-20,45,quantile,0.99,117.06441946316212
2025-09-20,0,wk inc flu hosp,2025-09-27,45,quantile,0.01,0.0
2025-09-20,0,wk inc flu hosp,2025-09-27,45,quantile,0.025,0.0
2025-09-20,0,wk inc flu hosp,2025-09-27,45,quantile,0.05,0.0
2025-09-20,0,wk inc flu hosp,2025-09-27,45,quantile,0.1,0.0
2025-09-20,0,wk inc flu hosp,2025-09-27,45,quantile,0.15,0.0
2025-09-20,0,wk inc flu hosp,2025-09-27,45,quantile,0.2,0.0
2025-09-20,0,wk inc flu hosp,2025-09-27,45,quantile,0.25,0.0
2025-09-20,0,wk inc flu hosp,2025-09-27,45,quantile,0.3,0.0
2025-09-20,0,wk inc flu hosp,2025-09-27,45,quantile,0.35,0.0
2025-09-20,0,wk inc flu hosp,2025-09-27,45,quantile,0.4,2.6513664904520073
2025-09-20,0,wk inc flu hosp,2025-09-27,45,quantile,0.45,7.697746307543806
2025-09-20,0,wk inc flu hosp,2025-09-27,45,quantile,0.5,12.66411767917769
2025-09-20,0,wk inc flu hosp,2025-09-27,45,quantile,0.55,17.63048905081158
2025-09-20,0,wk inc flu hosp,2025-09-27,45,quantile,0.6,22.676868867903373
2025-09-20,0,wk inc flu hosp,2025-09-27,45,quantile,0.65,27.892702929645978
2025-09-20,0,wk inc flu hosp,2025-09-27,45,quantile,0.7,33.389406391759906
2025-09-20,0,wk inc flu hosp,2025-09-27,45,quantile,0.75,39.32121367304457
2025-09-20,0,wk inc flu hosp,2025-09-27,45,quantile,0.8,45.92656237504991
2025-09-20,0,wk inc flu hosp,2025-09-27,45,quantile,0.85,53.625903009426096
2025-09-20,0,wk inc flu hosp,2025-09-27,45,quantile,0.9,63.31343161446193
2025-09-20,0,wk inc flu hosp,2025-09-27,45,quantile,0.95,77.67180833238432
2025-09-20,0,wk inc flu hosp,2025-09-27,45,quantile,0.975,90.12555881333469
2025-09-20,0,wk inc flu hosp,2025-09-27,45,quantile,0.99,104.60573513949753
2025-09-27,0,wk inc flu hosp,2025-10-04,45,quantile,0.01,0.0
2025-09-27,0,wk inc flu hosp,2025-10-04,45,quantile,0.025,0.0
2025-09-27,0,wk inc flu hosp,2025-10-04,45,quantile,0.05,0.0
2025-09-27,0,wk inc flu hosp,2025-10-04,45,quantile,0.1,0.0
2025-09-27,0,wk inc flu hosp,2025-10-04,45,quantile,0.15,0.0
2025-09-27,0,wk inc flu hosp,2025-10-04,45,quantile,0.2,0.0
2025-09-27,0,wk inc flu hosp,2025-10-04,45,quantile,0.25,0.0
2025-09-27,0,wk inc flu hosp,2025-10-04,45,quantile,0.3,0.617190487455197
2025-09-27,0,wk inc flu hosp,2025-10-04,45,quantile,0.35,5.259725025380293
2025-09-27,0,wk inc flu hosp,2025-10-04,45,quantile,0.4,9.66503630742891
2025-09-27,0,wk inc flu hosp,2025-10-04,45,quantile,0.45,13.927225955063063
2025-09-27,0,wk inc flu hosp,2025-10-04,45,quantile,0.5,18.121840196105932
2025-09-27,0,wk inc flu hosp,2025-10-04,45,quantile,0.55,22.316454437148806
2025-09-27,0,wk inc flu hosp,2025-10-04,45,quantile,0.6,26.578644084782955
2025-09-27,0,wk inc flu hosp,2025-10-04,45,quantile,0.65,30.983955366831573
2025-09-27,0,wk inc flu hosp,2025-10-04,45,quantile,0.7,35.62648990475666
2025-09-27,0,wk inc flu hosp,2025-10-04,45,quantile,0.75,40.63651461602038
2025-09-27,0,wk inc flu hosp,2025-10-04,45,quantile,0.8,46.21541471413575
2025-09-27,0,wk inc flu hosp,2025-10-04,45,quantile,0.85,52.71830413880828
2025-09-27,0,wk inc flu hosp,2025-10-04,45,quantile,0.9,60.900423921329676
2025-09-27,0,wk inc flu hosp,2025-10-04,45,quantile,0.95,73.02755799012994
2025-09-27,0,wk inc flu hosp,2025-10-04,45,quantile,0.975,83.54603822706054
2025-09-27,0,wk inc flu hosp,2025-10-04,45,quantile,0.99,95.77604466142672
2025-10-04,0,wk inc flu hosp,2025-10-11,45,quantile,0.01,0.0
2025-10-04,0,wk inc flu hosp,2025-10-11,45,quantile,0.025,0.0
2025-10-04,0,wk inc flu hosp,2025-10-11,45,quantile,0.05,0.0
2025-10-04,0,wk inc flu hosp,2025-10-11,45,quantile,0.1,0.0
2025-10-04,0,wk inc flu hosp,2025-10-11,45,quantile,0.15,0.0
2025-10-04,0,wk inc flu hosp,2025-10-11,45,quantile,0.2,0.6610651250890207
2025-10-04,0,wk inc flu hosp,2025-10-11,45,quantile,0.25,4.011061433573689
2025-10-04,0,wk inc flu hosp,2025-10-11,45,quantile,0.3,7.019461654581436
2025-10-04,0,wk inc flu hosp,2025-10-11,45,quantile,0.35,9.807192800603485
2025-10-04,0,wk inc flu hosp,2025-10-11,45,quantile,0.4,12.452477045355263
2025-10-04,0,wk inc flu hosp,2025-10-11,45,quantile,0.45,15.011820165777767
2025-10-04,0,wk inc flu hosp,2025-10-11,45,quantile,0.5,17.530585867955836
2025-10-04,0,wk inc flu hosp,2025-10-11,45,quantile,0.55,20.049351570133908
2025-10-04,0,wk inc flu hosp,2025-10-11,45,quantile,0.6,22.60869469055641
2025-10-04,0,wk inc flu hosp,2025-10-11,45,quantile,0.65,25.253978935308186
2025-10-04,0,wk inc flu hosp,2025-10-11,45,quantile,0.7,28.04171008133023
2025-10-04,0,wk inc flu hosp,2025-10-11,45,quantile,0.75,31.050110302337984
2025-10-04,0,wk inc flu hosp,2025-10-11,45,quantile,0.8,34.400106610822654
2025-10-04,0,wk inc flu hosp,2025-10-11,45,quantile,0.85,38.30493644896515
2025-10-04,0,wk inc flu hosp,2025-10-11,45,quantile,0.9,43.21810402410878
2025-10-04,0,wk inc flu hosp,2025-10-11,45,quantile,0.95,50.50015848798126
2025-10-04,0,wk inc flu hosp,2025-10-11,45,quantile,0.975,56.81625473363549
2025-10-04,0,wk inc flu hosp,2025-10-11,45,quantile,0.99,64.16008159687524
2025-10-11,0,wk inc flu hosp,2025-10-18,45,quantile,0.01,0.0
2025-10-11,0,wk inc flu hosp,2025-10-18,45,quantile,0.025,0.0
2025-10-11,0,wk inc flu hosp,2025-10-18,45,quantile,0.05,0.0
2025-10-11,0,wk inc flu hosp,2025-10-18,45,quantile,0.1,0.0
2025-10-11,0,wk inc flu hosp,2025-10-18,45,quantile,0.15,0.0
2025-10-11,0,wk inc flu hosp,2025-10-18,45,quantile,0.2,0.0
2025-10-11,0,wk inc flu hosp,2025-10-18,45,quantile,0.25,2.6105457651902064
2025-10-11,0,wk inc flu hosp,2025-10-18,45,quantile,0.3,6.322113124855621
2025-10-11,0,wk inc flu hosp,2025-10-18,45,quantile,0.35,9.761433417696217
2025-10-11,0,wk inc flu hosp,2025-10-18,45,quantile,0.4,13.02501204373721
2025-10-11,0,wk inc flu hosp,2025-10-18,45,quantile,0.45,16.182562133519603
2025-10-11,0,wk inc flu hosp,2025-10-18,45,quantile,0.5,19.2900504595633
2025-10-11,0,wk inc flu hosp,2025-10-18,45,quantile,0.55,22.397538785607
2025-10-11,0,wk inc flu hosp,2025-10-18,45,quantile,0.6,25.55508887538939
2025-10-11,0,wk inc flu hosp,2025-10-18,45,quantile,0.65,28.818667501430383
2025-10-11,0,wk inc flu hosp,2025-10-18,45,quantile,0.7,32.257987794270974
2025-10-11,0,wk inc flu hosp,2025-10-18,45,quantile,0.75,35.9695551539364
2025-10-11,0,wk inc flu hosp,2025-10-18,45,quantile,0.8,40.10256141644966
2025-10-11,0,wk inc flu hosp,2025-10-18,45,quantile,0.85,44.92008498631645
2025-10-11,0,wk inc flu hosp,2025-10-18,45,quantile,0.9,50.98162968277345
2025-10-11,0,wk inc flu hosp,2025-10-18,45,quantile,0.95,59.96575203148181
2025-10-11,0,wk inc flu hosp,2025-10-18,45,quantile,0.975,67.75813833107553
2025-10-11,0,wk inc flu hosp,2025-10-18,45,quantile,0.99,76.81847142449092
2025-10-18,0,wk inc flu hosp,2025-10-25,45,quantile,0.01,0.0
2025-10-18,0,wk inc flu hosp,2025-10-25,45,quantile,0.025,0.0
2025-10-18,0,wk inc flu hosp,2025-10-25,45,quantile,0.05,0.0
2025-10-18,0,wk inc flu hosp,2025-10-25,45,quantile,0.1,0.0
2025-10-18,0,wk inc flu hosp,2025-10-25,45,quantile,0.15,0.0
2025-10-18,0,wk inc flu hosp,2025-10-25,45,quantile,0.2,0.0
2025-10-18,0,wk inc flu hosp,2025-10-25,45,quantile,0.25,0.0
2025-10-18,0,wk inc flu hosp,2025-10-25,45,quantile,0.3,0.0
2025-10-18,0,wk inc flu hosp,2025-10-25,45,quantile,0.35,0.873954487153501
2025-10-18,0,wk inc flu hosp,2025-10-25,45,quantile,0.4,5.946027678270957
2025-10-18,0,wk inc flu hosp,2025-10-25,45,quantile,0.45,10.85331718930192
2025-10-18,0,wk inc flu hosp,2025-10-25,45,quantile,0.5,15.682803479128701
2025-10-18,0,wk inc flu hosp,2025-10-25,45,quantile,0.55,20.512289768955487
2025-10-18,0,wk inc flu hosp,2025-10-25,45,quantile,0.6,25.419579279986444
2025-10-18,0,wk inc flu hosp,2025-10-25,45,quantile,0.65,30.4916524711039
2025-10-18,0,wk inc flu hosp,2025-10-25,45,quantile,0.7,35.83685362966912
2025-10-18,0,wk inc flu hosp,2025-10-25,45,quantile,0.75,41.60516610474571
2025-10-18,0,wk inc flu hosp,2025-10-25,45,quantile,0.8,48.028455586894324
2025-10-18,0,wk inc flu hosp,2025-10-25,45,quantile,0.85,55.51558396533312
2025-10-18,0,wk inc flu hosp,2025-10-25,45,quantile,0.9,64.93610109531434
2025-10-18,0,wk inc flu hosp,2025-10-25,45,quantile,0.95,78.89872658470881
2025-10-18,0,wk inc flu hosp,2025-10-25,45,quantile,0.975,91.00922189486647
2025-10-18,0,wk inc flu hosp,2025-10-25,45,quantile,0.99,105.09028990377595
2025-10-25,0,wk inc flu hosp,2025-11-01,45,quantile,0.01,0.0
2025-10-25,0,wk inc flu hosp,2025-11-01,45,quantile,0.025,0.0
2025-10-25,0,wk inc flu hosp,2025-11-01,45,quantile,0.05,0.0
2025-10-25,0,wk inc flu hosp,2025-11-01,45,quantile,0.1,0.0
2025-10-25,0,wk inc flu hosp,2025-11-01,45,quantile,0.15,0.0
2025-10-25,0,wk inc flu hosp,2025-11-01,45,quantile,0.2,0.0
2025-10-25,0,wk inc flu hosp,2025-11-01,45,quantile,0.25,0.0
2025-10-25,0,wk inc flu hosp,2025-11-01,45,quantile,0.3,0.0
2025-10-25,0,wk inc flu hosp,2025-11-01,45,quantile,0.35,0.0
2025-10-25,0,wk inc flu hosp,2025-11-01,45,quantile,0.4,2.6461217544197027
2025-10-25,0,wk inc flu hosp,2025-11-01,45,quantile,0.45,8.072290516742825
2025-10-25,0,wk inc flu hosp,2025-11-01,45,quantile,0.5,13.412429423367142
2025-10-25,0,wk inc flu hosp,2025-11-01,45,quantile,0.55,18.752568329991465
2025-10-25,0,wk inc flu hosp,2025-11-01,45,quantile,0.6,24.17873709231458
2025-10-25,0,wk inc flu hosp,2025-11-01,45,quantile,0.65,29.787113172020554
2025-10-25,0,wk inc flu hosp,2025-11-01,45,quantile,0.7,35.6974967941286
2025-10-25,0,wk inc flu hosp,2025-11-01,45,quantile,0.75,42.07573001090158
2025-10-25,0,wk inc flu hosp,2025-11-01,45,quantile,0.8,49.17819516219262
2025-10-25,0,wk inc flu hosp,2025-11-01,45,quantile,0.85,57.4569857318675
2025-10-25,0,wk inc flu hosp,2025-11-01,45,quantile,0.9,67.87359466857863
2025-10-25,0,wk inc flu hosp,2025-11-01,45,quantile,0.95,83.31257826640018
2025-10-25,0,wk inc flu hosp,2025-11-01,45,quantile,0.975,96.70359406045971
2025-10-25,0,wk inc flu hosp,2025-11-01,45,quantile,0.99,112.27354386642499
2025-11-01,0,wk inc flu hosp,2025-11-08,45,quantile,0.01,0.0
2025-11-01,0,wk inc flu hosp,2025-11-08,45,quantile,0.025,0.0
2025-11-01,0,wk inc flu hosp,2025-11-08,45,quantile,0.05,0.0
2025-11-01,0,wk inc flu hosp,2025-11-08,45,quantile,0.1,0.0
2025-11-01,0,wk inc flu hosp,2025-11-08,45,quantile,0.15,0.0
2025-11-01,0,wk inc flu hosp,2025-11-08,45,quantile,0.2,0.0
2025-11-01,0,wk inc flu hosp,2025-11-08,45,quantile,0.25,0.0
2025-11-01,0,wk inc flu hosp,2025-11-08,45,quantile,0.3,0.0
2025-11-01,0,wk inc flu hosp,2025-11-08,45,quantile,0.35,0.0
2025-11-01,0,wk inc flu hosp,2025-11-08,45,quantile,0.4,0.0
2025-11-01,0,wk inc flu hosp,2025-11-08,45,quantile,0.45,3.6478593750358783
2025-11-01,0,wk inc flu hosp,2025-11-08,45,quantile,0.5,9.091389042449824
2025-11-01,0,wk inc flu hosp,2025-11-08,45,quantile,0.55,14.534918709863778
2025-11-01,0,wk inc flu hosp,2025-11-08,45,quantile,0.6,20.066143862351872
2025-11-01,0,wk inc flu hosp,2025-11-08,45,quantile,0.65,25.78310405940279
2025-11-01,0,wk inc flu hosp,2025-11-08,45,quantile,0.7,31.80791898562733
2025-11-01,0,wk inc flu hosp,2025-11-08,45,quantile,0.75,38.30964157155471
2025-11-01,0,wk inc flu hosp,2025-11-08,45,quantile,0.8,45.549617991431454
2025-11-01,0,wk inc flu hosp,2025-11-08,45,quantile,0.85,53.98869473912221
2025-11-01,0,wk inc flu hosp,2025-11-08,45,quantile,0.9,64.6069802879302
2025-11-01,0,wk inc flu hosp,2025-11-08,45,quantile,0.95,80.34487900535983
2025-11-01,0,wk inc flu hosp,2025-11-08,45,quantile,0.975,93.99515908727828
2025-11-01,0,wk inc flu hosp,2025-11-08,45,quantile,0.99,109.86655965773551
2025-11-08,0,wk inc flu hosp,2025-11-15,45,quantile,0.01,0.0
2025-11-08,0,wk inc flu hosp,2025-11-15,45,quantile,0.025,0.0
2025-11-08,0,wk inc flu hosp,2025-11-15,45,quantile,0.05,0.0
2025-11-08,0,wk inc flu hosp,2025-11-15,45,quantile,0.1,0.0
2025-11-08,0,wk inc flu hosp,2025-11-15,45,quantile,0.15,0.0
2025-11-08,0,wk inc flu hosp,2025-11-15,45,quantile,0.2,0.0
2025-11-08,0,wk inc flu hosp,2025-11-15,45,quantile,0.25,0.0
2025-11-08,0,wk inc flu hosp,2025-11-15,45,quantile,0.3,1.533964482688699
2025-11-08,0,wk inc flu hosp,2025-11-15,45,quantile,0.35,6.197621208431617
2025-11-08,0,wk inc flu hosp,2025-11-15,45,quantile,0.4,10.622975381176094
2025-11-08,0,wk inc flu hosp,2025-11-15,45,quantile,0.45,14.904556757512974
2025-11-08,0,wk inc flu hosp,2025-11-15,45,quantile,0.5,19.118255278726263
2025-11-08,0,wk inc flu hosp,2025-11-15,45,quantile,0.55,23.331953799939555
2025-11-08,0,wk inc flu hosp,2025-11-15,45,quantile,0.6,27.613535176276432
2025-11-08,0,wk inc flu hosp,2025-11-15,45,quantile,0.65,32.038889349020906
2025-11-08,0,wk inc flu hosp,2025-11-15,45,quantile,0.7,36.702546074763816
2025-11-08,0,wk inc flu hosp,2025-11-15,45,quantile,0.75,41.735364947720626
2025-11-08,0,wk inc flu hosp,2025-11-15,45,quantile,0.8,47.339647425811116
2025-11-08,0,wk inc flu hosp,2025-11-15,45,quantile,0.85,53.872123114336816
2025-11-08,0,wk inc flu hosp,2025-11-15,45,quantile,0.9,62.09146917258808
2025-11-08,0,wk inc flu hosp,2025-11-15,45,quantile,0.95,74.27377818977065
2025-11-08,0,wk inc flu hosp,2025-11-15,45,quantile,0.975,84.84011446596332
2025-11-08,0,wk inc flu hosp,2025-11-15,45,quantile,0.99,97.12576388818658
2025-09-13,0,wk inc flu hosp,2025-09-20,46,quantile,0.01,0.0
2025-09-13,0,wk inc flu hosp,2025-09-20,46,quantile,0.025,0.0
2025-09-13,0,wk inc flu hosp,2025-09-20,46,quantile,0.05,0.0
2025-09-13,0,wk inc flu hosp,2025-09-20,46,quantile,0.1,0.0
2025-09-13,0,wk inc flu hosp,2025-09-20,46,quantile,0.15,0.0
2025-09-13,0,wk inc flu hosp,2025-09-20,46,quantile,0.2,0.0
2025-09-13,0,wk inc flu hosp,2025-09-20,46,quantile,0.25,0.0
2025-09-13,0,wk inc flu hosp,2025-09-20,46,quantile,0.3,0.0
2025-09-13,0,wk inc flu hosp,2025-09-20,46,quantile,0.35,0.0
2025-09-13,0,wk inc flu hosp,2025-09-20,46,quantile,0.4,0.0
2025-09-13,0,wk inc flu hosp,2025-09-20,46,quantile,0.45,1.014172876302595
2025-09-13,0,wk inc flu hosp,2025-09-20,46,quantile,0.5,2.3407089097452864
2025-09-13,0,wk inc flu hosp,2025-09-20,46,quantile,0.55,3.6672449431879794
2025-09-13,0,wk inc flu hosp,2025-09-20,46,quantile,0.6,5.015151526260899
2025-09-13,0,wk inc flu hosp,2025-09-20,46,quantile,0.65,6.40831996043763
2025-09-13,0,wk inc flu hosp,2025-09-20,46,quantile,0.7,7.876509643007514
2025-09-13,0,wk inc flu hosp,2025-09-20,46,quantile,0.75,9.460917153691335
2025-09-13,0,wk inc flu hosp,2025-09-20,46,quantile,0.8,11.225230051577043
2025-09-13,0,wk inc flu hosp,2025-09-20,46,quantile,0.85,13.281752212522372
2025-09-13,0,wk inc flu hosp,2025-09-20,46,quantile,0.9,15.869326682483738
2025-09-13,0,wk inc flu hosp,2025-09-20,46,quantile,0.95,19.70450183810292
2025-09-13,0,wk inc flu hosp,2025-09-20,46,quantile,0.975,23.030944330672682
2025-09-13,0,wk inc flu hosp,2025-09-20,46,quantile,0.99,26.89865260898845
2025-09-20,0,wk inc flu hosp,2025-09-27,46,quantile,0.01,0.0
2025-09-20,0,wk inc flu hosp,2025-09-27,46,quantile,0.025,0.0
2025-09-20,0,wk inc flu hosp,2025-09-27,46,quantile,0.05,0.0
2025-09-20,0,wk inc flu hosp,2025-09-27,46,quantile,0.1,0.0
2025-09-20,0,wk inc flu hosp,2025-09-27,46,quantile,0.15,0.0
2025-09-20,0,wk inc flu hosp,2025-09-27,46,quantile,0.2,0.0
2025-09-20,0,wk inc flu hosp,2025-09-27,46,quantile,0.25,0.0
2025-09-20,0,wk inc flu hosp,2025-09-27,46,quantile,0.3,0.0
2025-09-20,0,wk inc flu hosp,2025-09-27,46,quantile,0.35,0.0
2025-09-20,0,wk inc flu hosp,2025-09-27,46,quantile,0.4,0.0
2025-09-20,0,wk inc flu hosp,2025-09-27,46,quantile,0.45,0.5514839145396881
2025-09-20,0,wk inc flu hosp,2025-09-27,46,quantile,0.5,1.947082301361073
2025-09-20,0,wk inc flu hosp,2025-09-27,46,quantile,0.55,3.342680688182459
2025-09-20,0,wk inc flu hosp,2025-09-27,46,quantile,0.6,4.760762221965207
2025-09-20,0,wk inc flu hosp,2025-09-27,46,quantile,0.65,6.226462037341927
2025-09-20,0,wk inc flu hosp,2025-09-27,46,quantile,0.7,7.771088870602278
2025-09-20,0,wk inc flu hosp,2025-09-27,46,quantile,0.75,9.43798408508011
2025-09-20,0,wk inc flu hosp,2025-09-27,46,quantile,0.8,11.29415095281852
2025-09-20,0,wk inc flu hosp,2025-09-27,46,quantile,0.85,13.45774013390481
2025-09-20,0,wk inc flu hosp,2025-09-27,46,quantile,0.9,16.180029363158752
2025-09-20,0,wk inc flu hosp,2025-09-27,46,quantile,0.95,20.214872085424552
2025-09-20,0,wk inc flu hosp,2025-09-27,46,quantile,0.975,23.714496414841626
2025-09-20,0,wk inc flu hosp,2025-09-27,46,quantile,0.99,27.783566004986604
2025-09-27,0,wk inc flu hosp,2025-10-04,46,quantile,0.01,0.0
2025-09-27,0,wk inc flu hosp,2025-10-04,46,quantile,0.025,0.0
2025-09-27,0,wk inc flu hosp,2025-10-04,46,quantile,0.05,0.0
2025-09-27,0,wk inc flu hosp,2025-10-04,46,quantile,0.1,0.0
2025-09-27,0,wk inc flu hosp,2025-10-04,46,quantile,0.15,0.0
2025-09-27,0,wk inc flu hosp,2025-10-04,46,quantile,0.2,0.0
2025-09-27,0,wk inc flu hosp,2025-10-04,46,quantile,0.25,0.0
2025-09-27,0,wk inc flu hosp,2025-10-04,46,quantile,0.3,0.0
2025-09-27,0,wk inc flu hosp,2025-10-04,46,quantile,0.35,0.0
2025-09-27,0,wk inc flu hosp,2025-10-04,46,quantile,0.4,0.0
2025-09-27,0,wk inc flu hosp,2025-10-04,46,quantile,0.45,0.10880361714099074
2025-09-27,0,wk inc flu hosp,2025-10-04,46,quantile,0.5,1.2449617082358528
2025-09-27,0,wk inc flu hosp,2025-10-04,46,quantile,0.55,2.3811197993307163
2025-09-27,0,wk inc flu hosp,2025-10-04,46,quantile,0.6,3.535581443635901
2025-09-27,0,wk inc flu hosp,2025-10-04,46,quantile,0.65,4.728809180269589
2025-09-27,0,wk inc flu hosp,2025-10-04,46,quantile,0.7,5.986291483848367
2025-09-27,0,wk inc flu hosp,2025-10-04,46,quantile,0.75,7.343312603118749
2025-09-27,0,wk inc flu hosp,2025-10-04,46,quantile,0.8,8.854419971196487
2025-09-27,0,wk inc flu hosp,2025-10-04,46,quantile,0.85,10.615800162739447
2025-09-27,0,wk inc flu hosp,2025-10-04,46,quantile,0.9,12.832018641725917
2025-09-27,0,wk inc flu hosp,2025-10-04,46,quantile,0.95,16.116788277809064
2025-09-27,0,wk inc flu hosp,2025-10-04,46,quantile,0.975,18.965836066346327
2025-09-27,0,wk inc flu hosp,2025-10-04,46,quantile,0.99,22.278469830993235
2025-10-04,0,wk inc flu hosp,2025-10-11,46,quantile,0.01,0.0
2025-10-04,0,wk inc flu hosp,2025-10-11,46,quantile,0.025,0.0
2025-10-04,0,wk inc flu hosp,2025-10-11,46,quantile,0.05,0.0
2025-10-04,0,wk inc flu hosp,2025-10-11,46,quantile,0.1,0.0
2025-10-04,0,wk inc flu hosp,2025-10-11,46,quantile,0.15,0.0
2025-10-04,0,wk inc flu hosp,2025-10-11,46,quantile,0.2,0.0
2025-10-04,0,wk inc flu hosp,2025-10-11,46,quantile,0.25,0.0
2025-10-04,0,wk inc flu hosp,2025-10-11,46,quantile,0.3,0.0
2025-10-04,0,wk inc flu hosp,2025-10-11,46,quantile,0.35,0.0
2025-10-04,0,wk inc flu hosp,2025-10-11,46,quantile,0.4,0.0
2025-10-04,0,wk inc flu hosp,2025-10-11,46,quantile,0.45,0.7242474338110508
2025-10-04,0,wk inc flu hosp,2025-10-11,46,quantile,0.5,1.718086478101401
2025-10-04,0,wk inc flu hosp,2025-10-11,46,quantile,0.55,2.711925522391752
2025-10-04,0,wk inc flu hosp,2025-10-11,46,quantile,0.6,3.721775354240844
2025-10-04,0,wk inc flu hosp,2025-10-11,46,quantile,0.65,4.7655353051592835
2025-10-04,0,wk inc flu hosp,2025-10-11,46,quantile,0.7,5.865501076292815
2025-10-04,0,wk inc flu hosp,2025-10-11,46,quantile,0.75,7.052537090759654
2025-10-04,0,wk inc flu hosp,2025-10-11,46,quantile,0.8,8.37435798371591
2025-10-04,0,wk inc flu hosp,2025-10-11,46,quantile,0.85,9.91510167063373
2025-10-04,0,wk inc flu hosp,2025-10-11,46,quantile,0.9,11.853709046102066
2025-10-04,0,wk inc flu hosp,2025-10-11,46,quantile,0.95,14.727017207550762
2025-10-04,0,wk inc flu hosp,2025-10-11,46,quantile,0.975,17.21918352972942
2025-10-04,0,wk inc flu hosp,2025-10-11,46,quantile,0.99,20.11686546373569
2025-10-11,0,wk inc flu hosp,2025-10-18,46,quantile,0.01,0.0
2025-10-11,0,wk inc flu hosp,2025-10-18,46,quantile,0.025,0.0
2025-10-11,0,wk inc flu hosp,2025-10-18,46,quantile,0.05,0.0
2025-10-11,0,wk inc flu hosp,2025-10-18,46,quantile,0.1,0.0
2025-10-11,0,wk inc flu hosp,2025-10-18,46,quantile,0.15,0.0
2025-10-11,0,wk inc flu hosp,2025-10-18,46,quantile,0.2,0.0
2025-10-11,0,wk inc flu hosp,2025-10-18,46,quantile,0.25,0.0
2025-10-11,0,wk inc flu hosp,2025-10-18,46,quantile,0.3,0.0
2025-10-11,0,wk inc flu hosp,2025-10-18,46,quantile,0.35,0.0
2025-10-11,0,wk inc flu hosp,2025-10-18,46,quantile,0.4,0.0
2025-10-11,0,wk inc flu hosp,2025-10-18,46,quantile,0.45,0.0
2025-10-11,0,wk inc flu hosp,2025-10-18,46,quantile,0.5,1.311095397705443
2025-10-11,0,wk inc flu hosp,2025-10-18,46,quantile,0.55,2.9685484967144284
2025-10-11,0,wk inc flu hosp,2025-10-18,46,quantile,0.6,4.652703232783525
2025-10-11,0,wk inc flu hosp,2025-10-18,46,quantile,0.65,6.393410820405548
2025-10-11,0,wk inc flu hosp,2025-10-18,46,quantile,0.7,8.227854422358106
2025-10-11,0,wk inc flu hosp,2025-10-18,46,quantile,0.75,10.207507498091507
2025-10-11,0,wk inc flu hosp,2025-10-18,46,quantile,0.8,12.411945075737242
2025-10-11,0,wk inc flu hosp,2025-10-18,46,quantile,0.85,14.981486304099768
2025-10-11,0,wk inc flu hosp,2025-10-18,46,quantile,0.9,18.21455590494848
2025-10-11,0,wk inc flu hosp,2025-10-18,46,quantile,0.95,23.00645208165938
2025-10-11,0,wk inc flu hosp,2025-10-18,46,quantile,0.975,27.162707380413845
2025-10-11,0,wk inc flu hosp,2025-10-18,46,quantile,0.99,31.995252377567226
2025-10-18,0,wk inc flu hosp,2025-10-25,46,quantile,0.01,0.0
2025-10-18,0,wk inc flu hosp,2025-10-25,46,quantile,0.025,0.0
2025-10-18,0,wk inc flu hosp,2025-10-25,46,quantile,0.05,0.0
2025-10-18,0,wk inc flu hosp,2025-10-25,46,quantile,0.1,0.0
2025-10-18,0,wk inc flu hosp,2025-10-25,46,quantile,0.15,0.0
2025-10-18,0,wk inc flu hosp,2025-10-25,46,quantile,0.2,0.0
2025-10-18,0,wk inc flu hosp,2025-10-25,46,quantile,0.25,0.0
2025-10-18,0,wk inc flu hosp,2025-10-25,46,quantile,0.3,0.0
2025-10-18,0,wk inc flu hosp,2025-10-25,46,quantile,0.35,0.0
2025-10-18,0,wk inc flu hosp,2025-10-25,46,quantile,0.4,0.0
2025-10-18,0,wk inc flu hosp,2025-10-25,46,quantile,0.45,0.07755294652056977
2025-10-18,0,wk inc flu hosp,2025-10-25,46,quantile,0.5,1.6278710038092712
2025-10-18,0,wk inc flu hosp,2025-10-25,46,quantile,0.55,3.1781890610979744
2025-10-18,0,wk inc flu hosp,2025-10-25,46,quantile,0.6,4.753482805552855
2025-10-18,0,wk inc flu hosp,2025-10-25,46,quantile,0.65,6.38167391826877
2025-10-18,0,wk inc flu hosp,2025-10-25,46,quantile,0.7,8.097542103549689
2025-10-18,0,wk inc flu hosp,2025-10-25,46,quantile,0.75,9.949233661103664
2025-10-18,0,wk inc flu hosp,2025-10-25,46,quantile,0.8,12.011180020148975
2025-10-18,0,wk inc flu hosp,2025-10-25,46,quantile,0.85,14.414630330543927
2025-10-18,0,wk inc flu hosp,2025-10-25,46,quantile,0.9,17.438719630967483
2025-10-18,0,wk inc flu hosp,2025-10-25,46,quantile,0.95,21.920875521743213
2025-10-18,0,wk inc flu hosp,2025-10-25,46,quantile,0.975,25.808477315250112
2025-10-18,0,wk inc flu hosp,2025-10-25,46,quantile,0.99,30.328654553584418
2025-10-25,0,wk inc flu hosp,2025-11-01,46,quantile,0.01,0.0
2025-10-25,0,wk inc flu hosp,2025-11-01,46,quantile,0.025,0.0
2025-10-25,0,wk inc flu hosp,2025-11-01,46,quantile,0.05,0.0
2025-10-25,0,wk inc flu hosp,2025-11-01,46,quantile,0.1,0.0
2025-10-25,0,wk inc flu hosp,2025-11-01,46,quantile,0.15,0.0
2025-10-25,0,wk inc flu hosp,2025-11-01,46,quantile,0.2,0.0
2025-10-25,0,wk inc flu hosp,2025-11-01,46,quantile,0.25,0.0
2025-10-25,0,wk inc flu hosp,2025-11-01,46,quantile,0.3,0.0
2025-10-25,0,wk inc flu hosp,2025-11-01,46,quantile,0.35,0.0
2025-10-25,0,wk inc flu hosp,2025-11-01,46,quantile,0.4,0.0
2025-10-25,0,wk inc flu hosp,2025-11-01,46,quantile,0.45,0.24094524103138149
2025-10-25,0,wk inc flu hosp,2025-11-01,46,quantile,0.5,1.51100379875674
2025-10-25,0,wk inc flu hosp,2025-11-01,46,quantile,0.55,2.7810623564820998
2025-10-25,0,wk inc flu hosp,2025-11-01,46,quantile,0.6,4.071581609399225
2025-10-25,0,wk inc flu hosp,2025-11-01,46,quantile,0.65,5.405435683145678
2025-10-25,0,wk inc flu hosp,2025-11-01,46,quantile,0.7,6.811116964092591
2025-10-25,0,wk inc flu hosp,2025-11-01,46,quantile,0.75,8.328068081240856
2025-10-25,0,wk inc flu hosp,2025-11-01,46,quantile,0.8,10.017265086051637
2025-10-25,0,wk inc flu hosp,2025-11-01,46,quantile,0.85,11.986230499589572
2025-10-25,0,wk inc flu hosp,2025-11-01,46,quantile,0.9,14.46363858838241
2025-10-25,0,wk inc flu hosp,2025-11-01,46,quantile,0.95,18.135530571692232
2025-10-25,0,wk inc flu hosp,2025-11-01,46,quantile,0.975,21.320349263352757
2025-10-25,0,wk inc flu hosp,2025-11-01,46,quantile,0.99,25.02338926665499
2025-11-01,0,wk inc flu hosp,2025-11-08,46,quantile,0.01,0.0
2025-11-01,0,wk inc flu hosp,2025-11-08,46,quantile,0.025,0.0
2025-11-01,0,wk inc flu hosp,2025-11-08,46,quantile,0.05,0.0
2025-11-01,0,wk inc flu hosp,2025-11-08,46,quantile,0.1,0.0
2025-11-01,0,wk inc flu hosp,2025-11-08,46,quantile,0.15,0.0
2025-11-01,0,wk inc flu hosp,2025-11-08,46,quantile,0.2,0.0
2025-11-01,0,wk inc flu hosp,2025-11-08,46,quantile,0.25,0.0
2025-11-01,0,wk inc flu hosp,2025-11-08,46,quantile,0.3,0.0
2025-11-01,0,wk inc flu hosp,2025-11-08,46,quantile,0.35,0.0
2025-11-01,0,wk inc flu hosp,2025-11-08,46,quantile,0.4,0.0
2025-11-01,0,wk inc flu hosp,2025-11-08,46,quantile,0.45,0.0
2025-11-01,0,wk inc flu hosp,2025-11-08,46,quantile,0.5,1.0055289924190611
2025-11-01,0,wk inc flu hosp,2025-11-08,46,quantile,0.55,2.336430077987541
2025-11-01,0,wk inc flu hosp,2025-11-08,46,quantile,0.6,3.688772034354118
2025-11-01,0,wk inc flu hosp,2025-11-08,46,quantile,0.65,5.08652477885629
2025-11-01,0,wk inc flu hosp,2025-11-08,46,quantile,0.7,6.55954563399397
2025-11-01,0,wk inc flu hosp,2025-11-08,46,quantile,0.75,8.149166739482807
2025-11-01,0,wk inc flu hosp,2025-11-08,46,quantile,0.8,9.91928522241959
2025-11-01,0,wk inc flu hosp,2025-11-08,46,quantile,0.85,11.982574501787678
2025-11-01,0,wk inc flu hosp,2025-11-08,46,quantile,0.9,14.578663551945876
2025-11-01,0,wk inc flu hosp,2025-11-08,46,quantile,0.95,18.42645859804957
2025-11-01,0,wk inc flu hosp,2025-11-08,46,quantile,0.975,21.763846963560162
2025-11-01,0,wk inc flu hosp,2025-11-08,46,quantile,0.99,25.644282184692834
2025-11-08,0,wk inc flu hosp,2025-11-15,46,quantile,0.01,0.0
2025-11-08,0,wk inc flu hosp,2025-11-15,46,quantile,0.025,0.0
2025-11-08,0,wk inc flu hosp,2025-11-15,46,quantile,0.05,0.0
2025-11-08,0,wk inc flu hosp,2025-11-15,46,quantile,0.1,0.0
2025-11-08,0,wk inc flu hosp,2025-11-15,46,quantile,0.15,0.0
2025-11-08,0,wk inc flu hosp,2025-11-15,46,quantile,0.2,0.0
2025-11-08,0,wk inc flu hosp,2025-11-15,46,quantile,0.25,0.0
2025-11-08,0,wk inc flu hosp,2025-11-15,46,quantile,0.3,0.0
2025-11-08,0,wk inc flu hosp,2025-11-15,46,quantile,0.35,0.0
2025-11-08,0,wk inc flu hosp,2025-11-15,46,quantile,0.4,0.0
2025-11-08,0,wk inc flu hosp,2025-11-15,46,quantile,0.45,0.0
2025-11-08,0,wk inc flu hosp,2025-11-15,46,quantile,0.5,1.042700543122911
2025-11-08,0,wk inc flu hosp,2025-11-15,46,quantile,0.55,2.5189526873921384
2025-11-08,0,wk inc flu hosp,2025-11-15,46,quantile,0.6,4.018987313946418
2025-11-08,0,wk inc flu hosp,2025-11-15,46,quantile,0.65,5.569392155150794
2025-11-08,0,wk inc flu hosp,2025-11-15,46,quantile,0.7,7.203285326874713
2025-11-08,0,wk inc flu hosp,2025-11-15,46,quantile,0.75,8.96651295588454
2025-11-08,0,wk inc flu hosp,2025-11-15,46,quantile,0.8,10.929950535417241
2025-11-08,0,wk inc flu hosp,2025-11-15,46,quantile,0.85,13.218576832249667
2025-11-08,0,wk inc flu hosp,2025-11-15,46,quantile,0.9,16.098191304404747
2025-11-08,0,wk inc flu hosp,2025-11-15,46,quantile,0.95,20.366213736058867
2025-11-08,0,wk inc flu hosp,2025-11-15,46,quantile,0.975,24.068086688352494
2025-11-08,0,wk inc flu hosp,2025-11-15,46,quantile,0.99,28.372314010736915
2025-09-13,0,wk inc flu hosp,2025-09-20,47,quantile,0.01,0.0
2025-09-13,0,wk inc flu hosp,2025-09-20,47,quantile,0.025,0.0
2025-09-13,0,wk inc flu hosp,2025-09-20,47,quantile,0.05,0.0
2025-09-13,0,wk inc flu hosp,2025-09-20,47,quantile,0.1,0.0
2025-09-13,0,wk inc flu hosp,2025-09-20,47,quantile,0.15,0.0
2025-09-13,0,wk inc flu hosp,2025-09-20,47,quantile,0.2,0.0
2025-09-13,0,wk inc flu hosp,2025-09-20,47,quantile,0.25,0.0
2025-09-13,0,wk inc flu hosp,2025-09-20,47,quantile,0.3,5.795578673311137
2025-09-13,0,wk inc flu hosp,2025-09-20,47,quantile,0.35,11.618825577720731
2025-09-13,0,wk inc flu hosp,2025-09-20,47,quantile,0.4,17.144517433449078
2025-09-13,0,wk inc flu hosp,2025-09-20,47,quantile,0.45,22.490688252177115
2025-09-13,0,wk inc flu hosp,2025-09-20,47,quantile,0.5,27.75209755237851
2025-09-13,0,wk inc flu hosp,2025-09-20,47,quantile,0.55,33.01350685257991
2025-09-13,0,wk inc flu hosp,2025-09-20,47,quantile,0.6,38.359677671307935
2025-09-13,0,wk inc flu hosp,2025-09-20,47,quantile,0.65,43.88536952703629
2025-09-13,0,wk inc flu hosp,2025-09-20,47,quantile,0.7,49.70861643144587
2025-09-13,0,wk inc flu hosp,2025-09-20,47,quantile,0.75,55.992815429332296
2025-09-13,0,wk inc flu hosp,2025-09-20,47,quantile,0.8,62.99056901866377
2025-09-13,0,wk inc flu hosp,2025-09-20,47,quantile,0.85,71.1473054742781
2025-09-13,0,wk inc flu hosp,2025-09-20,47,quantile,0.9,81.41034246535474
2025-09-13,0,wk inc flu hosp,2025-09-20,47,quantile,0.95,96.62170930573228
2025-09-13,0,wk inc flu hosp,2025-09-20,47,quantile,0.975,109.81530150810175
2025-09-13,0,wk inc flu hosp,2025-09-20,47,quantile,0.99,125.15570372332411
2025-09-20,0,wk inc flu hosp,2025-09-27,47,quantile,0.01,0.0
2025-09-20,0,wk inc flu hosp,2025-09-27,47,quantile,0.025,0.0
2025-09-20,0,wk inc flu hosp,2025-09-27,47,quantile,0.05,0.0
2025-09-20,0,wk inc flu hosp,2025-09-27,47,quantile,0.1,0.0
2025-09-20,0,wk inc flu hosp,2025-09-27,47,quantile,0.15,0.0
2025-09-20,0,wk inc flu hosp,2025-09-27,47,quantile,0.2,0.3041384147357178
2025-09-20,0,wk inc flu hosp,2025-09-27,47,quantile,0.25,6.96551490157562
2025-09-20,0,wk inc flu hosp,2025-09-27,47,quantile,0.3,12.947636865253205
2025-09-20,0,wk inc flu hosp,2025-09-27,47,quantile,0.35,18.49096437899082
2025-09-20,0,wk inc flu hosp,2025-09-27,47,quantile,0.4,23.751040106348356
2025-09-20,0,wk inc flu hosp,2025-09-27,47,quantile,0.45,28.84022424692722
2025-09-20,0,wk inc flu hosp,2025-09-27,47,quantile,0.5,33.84872129567093
2025-09-20,0,wk inc flu hosp,2025-09-27,47,quantile,0.55,38.85721834441464
2025-09-20,0,wk inc flu hosp,2025-09-27,47,quantile,0.6,43.9464024849935
2025-09-20,0,wk inc flu hosp,2025-09-27,47,quantile,0.65,49.20647821235103
2025-09-20,0,wk inc flu hosp,2025-09-27,47,quantile,0.7,54.74980572608864
2025-09-20,0,wk inc flu hosp,2025-09-27,47,quantile,0.75,60.73192768976624
2025-09-20,0,wk inc flu hosp,2025-09-27,47,quantile,0.8,67.39330417660614
2025-09-20,0,wk inc flu hosp,2025-09-27,47,quantile,0.85,75.15795203697328
2025-09-20,0,wk inc flu hosp,2025-09-27,47,quantile,0.9,84.92765204472354
2025-09-20,0,wk inc flu hosp,2025-09-27,47,quantile,0.95,99.40781915973444
2025-09-20,0,wk inc flu hosp,2025-09-27,47,quantile,0.975,111.96720464707262
2025-09-20,0,wk inc flu hosp,2025-09-27,47,quantile,0.99,126.57020449704466
2025-09-27,0,wk inc flu hosp,2025-10-04,47,quantile,0.01,0.0
2025-09-27,0,wk inc flu hosp,2025-10-04,47,quantile,0.025,0.0
2025-09-27,0,wk inc flu hosp,2025-10-04,47,quantile,0.05,0.0
2025-09-27,0,wk inc flu hosp,2025-10-04,47,quantile,0.1,0.0
2025-09-27,0,wk inc flu hosp,2025-10-04,47,quantile,0.15,0.0
2025-09-27,0,wk inc flu hosp,2025-10-04,47,quantile,0.2,5.474345915471176
2025-09-27,0,wk inc flu hosp,2025-10-04,47,quantile,0.25,11.087857016844588
2025-09-27,0,wk inc flu hosp,2025-10-04,47,quantile,0.3,16.128963478732054
2025-09-27,0,wk inc flu hosp,2025-10-04,47,quantile,0.35,20.80029989071688
2025-09-27,0,wk inc flu hosp,2025-10-04,47,quantile,0.4,25.232941334706773
2025-09-27,0,wk inc flu hosp,2025-10-04,47,quantile,0.45,29.5215732303085
2025-09-27,0,wk inc flu hosp,2025-10-04,47,quantile,0.5,33.7422104874674
2025-09-27,0,wk inc flu hosp,2025-10-04,47,quantile,0.55,37.96284774462631
2025-09-27,0,wk inc flu hosp,2025-10-04,47,quantile,0.6,42.251479640228034
2025-09-27,0,wk inc flu hosp,2025-10-04,47,quantile,0.65,46.68412108421793
2025-09-27,0,wk inc flu hosp,2025-10-04,47,quantile,0.7,51.355457496202746
2025-09-27,0,wk inc flu hosp,2025-10-04,47,quantile,0.75,56.39656395809022
2025-09-27,0,wk inc flu hosp,2025-10-04,47,quantile,0.8,62.01007505946363
2025-09-27,0,wk inc flu hosp,2025-10-04,47,quantile,0.85,68.55330783553265
2025-09-27,0,wk inc flu hosp,2025-10-04,47,quantile,0.9,76.78618876621408
2025-09-27,0,wk inc flu hosp,2025-10-04,47,quantile,0.95,88.9885585032257
2025-09-27,0,wk inc flu hosp,2025-10-04,47,quantile,0.975,99.5722944621351
2025-09-27,0,wk inc flu hosp,2025-10-04,47,quantile,0.99,111.87817477577882
2025-10-04,0,wk inc flu hosp,2025-10-11,47,quantile,0.01,0.0
2025-10-04,0,wk inc flu hosp,2025-10-11,47,quantile,0.025,0.0
2025-10-04,0,wk inc flu hosp,2025-10-11,47,quantile,0.05,0.0
2025-10-04,0,wk inc flu hosp,2025-10-11,47,quantile,0.1,0.0
2025-10-04,0,wk inc flu hosp,2025-10-11,47,quantile,0.15,0.0
2025-10-04,0,wk inc flu hosp,2025-10-11,47,quantile,0.2,0.0
2025-10-04,0,wk inc flu hosp,2025-10-11,47,quantile,0.25,0.7276898874047255
2025-10-04,0,wk inc flu hosp,2025-10-11,47,quantile,0.3,6.097754371431563
2025-10-04,0,wk inc flu hosp,2025-10-11,47,quantile,0.35,11.073919415474045
2025-10-04,0,wk inc flu hosp,2025-10-11,47,quantile,0.4,15.795813422029733
2025-10-04,0,wk inc flu hosp,2025-10-11,47,quantile,0.45,20.3643005194065
2025-10-04,0,wk inc flu hosp,2025-10-11,47,quantile,0.5,24.86035597984669
2025-10-04,0,wk inc flu hosp,2025-10-11,47,quantile,0.55,29.356411440286887
2025-10-04,0,wk inc flu hosp,2025-10-11,47,quantile,0.6,33.92489853766365
2025-10-04,0,wk inc flu hosp,2025-10-11,47,quantile,0.65,38.64679254421934
2025-10-04,0,wk inc flu hosp,2025-10-11,47,quantile,0.7,43.62295758826181
2025-10-04,0,wk inc flu hosp,2025-10-11,47,quantile,0.75,48.99302207228865
2025-10-04,0,wk inc flu hosp,2025-10-11,47,quantile,0.8,54.972843530946975
2025-10-04,0,wk inc flu hosp,2025-10-11,47,quantile,0.85,61.94305576652283
2025-10-04,0,wk inc flu hosp,2025-10-11,47,quantile,0.9,70.71317435483786
2025-10-04,0,wk inc flu hosp,2025-10-11,47,quantile,0.95,83.71181122971859
2025-10-04,0,wk inc flu hosp,2025-10-11,47,quantile,0.975,94.98619018024309
2025-10-04,0,wk inc flu hosp,2025-10-11,47,quantile,0.99,108.09509222716407
2025-10-11,0,wk inc flu hosp,2025-10-18,47,quantile,0.01,0.0
2025-10-11,0,wk inc flu hosp,2025-10-18,47,quantile,0.025,0.0
2025-10-11,0,wk inc flu hosp,2025-10-18,47,quantile,0.05,0.0
2025-10-11,0,wk inc flu hosp,2025-10-18,47,quantile,0.1,0.0
2025-10-11,0,wk inc flu hosp,2025-10-18,47,quantile,0.15,0.0
2025-10-11,0,wk inc flu hosp,2025-10-18,47,quantile,0.2,0.0
2025-10-11,0,wk inc flu hosp,2025-10-18,47,quantile,0.25,3.2335205324045297
2025-10-11,0,wk inc flu hosp,2025-10-18,47,quantile,0.3,8.542939331989054
2025-10-11,0,wk inc flu hosp,2025-10-18,47,quantile,0.35,13.46290711138201
2025-10-11,0,wk inc flu hosp,2025-10-18,47,quantile,0.4,18.13147540932779
2025-10-11,0,wk inc flu hosp,2025-10-18,47,quantile,0.45,22.648369266491077
2025-10-11,0,wk inc flu hosp,2025-10-18,47,quantile,0.5,27.09364947804924
2025-10-11,0,wk inc flu hosp,2025-10-18,47,quantile,0.55,31.53892968960741
2025-10-11,0,wk inc flu hosp,2025-10-18,47,quantile,0.6,36.05582354677069
2025-10-11,0,wk inc flu hosp,2025-10-18,47,quantile,0.65,40.72439184471647
2025-10-11,0,wk inc flu hosp,2025-10-18,47,quantile,0.7,45.64435962410942
2025-10-11,0,wk inc flu hosp,2025-10-18,47,quantile,0.75,50.95377842369395
2025-10-11,0,wk inc flu hosp,2025-10-18,47,quantile,0.8,56.866068036825666
2025-10-11,0,wk inc flu hosp,2025-10-18,47,quantile,0.85,63.75756365866401
2025-10-11,0,wk inc flu hosp,2025-10-18,47,quantile,0.9,72.42863877254578
2025-10-11,0,wk inc flu hosp,2025-10-18,47,quantile,0.95,85.28047829844887
2025-10-11,0,wk inc flu hosp,2025-10-18,47,quantile,0.975,96.42753244120796
2025-10-11,0,wk inc flu hosp,2025-10-18,47,quantile,0.99,109.38839188281435
2025-10-18,0,wk inc flu hosp,2025-10-25,47,quantile,0.01,0.0
2025-10-18,0,wk inc flu hosp,2025-10-25,47,quantile,0.025,0.0
2025-10-18,0,wk inc flu hosp,2025-10-25,47,quantile,0.05,0.0
2025-10-18,0,wk inc flu hosp,2025-10-25,47,quantile,0.1,0.24820433236397577
2025-10-18,0,wk inc flu hosp,2025-10-25,47,quantile,0.15,7.975337806881079
2025-10-18,0,wk inc flu hosp,2025-10-25,47,quantile,0.2,14.116618537311293
2025-10-18,0,wk inc flu hosp,2025-10-25,47,quantile,0.25,19.385290574015404
2025-10-18,0,wk inc flu hosp,2025-10-25,47,quantile,0.3,24.116720898130495
2025-10-18,0,wk inc flu hosp,2025-10-25,47,quantile,0.35,28.501096217498905
2025-10-18,0,wk inc flu hosp,2025-10-25,47,quantile,0.4,32.66143964658225
2025-10-18,0,wk inc flu hosp,2025-10-25,47,quantile,0.45,36.68662006148264
2025-10-18,0,wk inc flu hosp,2025-10-25,47,quantile,0.5,40.64798276163372
2025-10-18,0,wk inc flu hosp,2025-10-25,47,quantile,0.55,44.609345461784805
2025-10-18,0,wk inc flu hosp,2025-10-25,47,quantile,0.6,48.63452587668519
2025-10-18,0,wk inc flu hosp,2025-10-25,47,quantile,0.65,52.794869305768536
2025-10-18,0,wk inc flu hosp,2025-10-25,47,quantile,0.7,57.17924462513694
2025-10-18,0,wk inc flu hosp,2025-10-25,47,quantile,0.75,61.91067494925204
2025-10-18,0,wk inc flu hosp,2025-10-25,47,quantile,0.8,67.17934698595616
2025-10-18,0,wk inc flu hosp,2025-10-25,47,quantile,0.85,73.32062771638635
2025-10-18,0,wk inc flu hosp,2025-10-25,47,quantile,0.9,81.04776119090346
2025-10-18,0,wk inc flu hosp,2025-10-25,47,quantile,0.95,92.50053701229415
2025-10-18,0,wk inc flu hosp,2025-10-25,47,quantile,0.975,102.43411203932541
2025-10-18,0,wk inc flu hosp,2025-10-25,47,quantile,0.99,113.98403976275318
2025-10-25,0,wk inc flu hosp,2025-11-01,47,quantile,0.01,0.0
2025-10-25,0,wk inc flu hosp,2025-11-01,47,quantile,0.025,0.0
2025-10-25,0,wk inc flu hosp,2025-11-01,47,quantile,0.05,0.0
2025-10-25,0,wk inc flu hosp,2025-11-01,47,quantile,0.1,0.0
2025-10-25,0,wk inc flu hosp,2025-11-01,47,quantile,0.15,0.0
2025-10-25,0,wk inc flu hosp,2025-11-01,47,quantile,0.2,0.0
2025-10-25,0,wk inc flu hosp,2025-11-01,47,quantile,0.25,3.139128795456088
2025-10-25,0,wk inc flu hosp,2025-11-01,47,quantile,0.3,8.537990575541336
2025-10-25,0,wk inc flu hosp,2025-11-01,47,quantile,0.35,13.54084060603697
2025-10-25,0,wk inc flu hosp,2025-11-01,47,quantile,0.4,18.288056055206184
2025-10-25,0,wk inc flu hosp,2025-11-01,47,quantile,0.45,22.881041941354205
2025-10-25,0,wk inc flu hosp,2025-11-01,47,quantile,0.5,27.40120777152542
2025-10-25,0,wk inc flu hosp,2025-11-01,47,quantile,0.55,31.92137360169664
2025-10-25,0,wk inc flu hosp,2025-11-01,47,quantile,0.6,36.51435948784466
2025-10-25,0,wk inc flu hosp,2025-11-01,47,quantile,0.65,41.261574937013876
2025-10-25,0,wk inc flu hosp,2025-11-01,47,quantile,0.7,46.2644249675095
2025-10-25,0,wk inc flu hosp,2025-11-01,47,quantile,0.75,51.66328674759475
2025-10-25,0,wk inc flu hosp,2025-11-01,47,quantile,0.8,57.67517536102069
2025-10-25,0,wk inc flu hosp,2025-11-01,47,quantile,0.85,64.682765781893
2025-10-25,0,wk inc flu hosp,2025-11-01,47,quantile,0.9,73.4999146623407
2025-10-25,0,wk inc flu hosp,2025-11-01,47,quantile,0.95,86.56825751478561
2025-10-25,0,wk inc flu hosp,2025-11-01,47,quantile,0.975,97.90309600531725
2025-10-25,0,wk inc flu hosp,2025-11-01,47,quantile,0.99,111.08229533346619
2025-11-01,0,wk inc flu hosp,2025-11-08,47,quantile,0.01,0.0
2025-11-01,0,wk inc flu hosp,2025-11-08,47,quantile,0.025,0.0
2025-11-01,0,wk inc flu hosp,2025-11-08,47,quantile,0.05,0.0
2025-11-01,0,wk inc flu hosp,2025-11-08,47,quantile,0.1,0.0
2025-11-01,0,wk inc flu hosp,2025-11-08,47,quantile,0.15,0.0
2025-11-01,0,wk inc flu hosp,2025-11-08,47,quantile,0.2,0.0
2025-11-01,0,wk inc flu hosp,2025-11-08,47,quantile,0.25,6.6410908534457604
2025-11-01,0,wk inc flu hosp,2025-11-08,47,quantile,0.3,13.347779970389741
2025-11-01,0,wk inc flu hosp,2025-11-08,47,quantile,0.35,19.562526933720612
2025-11-01,0,wk inc flu hosp,2025-11-08,47,quantile,0.4,25.45971406049102
2025-11-01,0,wk inc flu hosp,2025-11-08,47,quantile,0.45,31.165310853231997
2025-11-01,0,wk inc flu hosp,2025-11-08,47,quantile,0.5,36.780447564420896
2025-11-01,0,wk inc flu hosp,2025-11-08,47,quantile,0.55,42.39558427560981
2025-11-01,0,wk inc flu hosp,2025-11-08,47,quantile,0.6,48.10118106835077
2025-11-01,0,wk inc flu hosp,2025-11-08,47,quantile,0.65,53.99836819512118
2025-11-01,0,wk inc flu hosp,2025-11-08,47,quantile,0.7,60.21311515845204
2025-11-01,0,wk inc flu hosp,2025-11-08,47,quantile,0.75,66.91980427539603
2025-11-01,0,wk inc flu hosp,2025-11-08,47,quantile,0.8,74.3880206473489
2025-11-01,0,wk inc flu hosp,2025-11-08,47,quantile,0.85,83.09313893450812
2025-11-01,0,wk inc flu hosp,2025-11-08,47,quantile,0.9,94.04616548856812
2025-11-01,0,wk inc flu hosp,2025-11-08,47,quantile,0.95,110.28020080102633
2025-11-01,0,wk inc flu hosp,2025-11-08,47,quantile,0.975,124.36080538830768
2025-11-01,0,wk inc flu hosp,2025-11-08,47,quantile,0.99,140.7325511940942
2025-11-08,0,wk inc flu hosp,2025-11-15,47,quantile,0.01,0.0
2025-11-08,0,wk inc flu hosp,2025-11-15,47,quantile,0.025,0.0
2025-11-08,0,wk inc flu hosp,2025-11-15,47,quantile,0.05,0.9644658667508246
2025-11-08,0,wk inc flu hosp,2025-11-15,47,quantile,0.1,7.453487160955987
2025-11-08,0,wk inc flu hosp,2025-11-15,47,quantile,0.15,11.831599021458498
2025-11-08,0,wk inc flu hosp,2025-11-15,47,quantile,0.2,15.311183539215557
2025-11-08,0,wk inc flu hosp,2025-11-15,47,quantile,0.25,18.296357227370816
2025-11-08,0,wk inc flu hosp,2025-11-15,47,quantile,0.3,20.977135460005663
2025-11-08,0,wk inc flu hosp,2025-11-15,47,quantile,0.35,23.461276008363527
2025-11-08,0,wk inc flu hosp,2025-11-15,47,quantile,0.4,25.81848246412127
2025-11-08,0,wk inc flu hosp,2025-11-15,47,quantile,0.45,28.099106989794954
2025-11-08,0,wk inc flu hosp,2025-11-15,47,quantile,0.5,30.343573075242965
2025-11-08,0,wk inc flu hosp,2025-11-15,47,quantile,0.55,32.58803916069098
2025-11-08,0,wk inc flu hosp,2025-11-15,47,quantile,0.6,34.868663686364656
2025-11-08,0,wk inc flu hosp,2025-11-15,47,quantile,0.65,37.2258701421224
2025-11-08,0,wk inc flu hosp,2025-11-15,47,quantile,0.7,39.71001069048026
2025-11-08,0,wk inc flu hosp,2025-11-15,47,quantile,0.75,42.39078892311511
2025-11-08,0,wk inc flu hosp,2025-11-15,47,quantile,0.8,45.375962611270374
2025-11-08,0,wk inc flu hosp,2025-11-15,47,quantile,0.85,48.85554712902743
2025-11-08,0,wk inc flu hosp,2025-11-15,47,quantile,0.9,53.23365898952994
2025-11-08,0,wk inc flu hosp,2025-11-15,47,quantile,0.95,59.722680283735095
2025-11-08,0,wk inc flu hosp,2025-11-15,47,quantile,0.975,65.35093852289472
2025-11-08,0,wk inc flu hosp,2025-11-15,47,quantile,0.99,71.89500505424786
2025-09-13,0,wk inc flu hosp,2025-09-20,48,quantile,0.01,0.0
2025-09-13,0,wk inc flu hosp,2025-09-20,48,quantile,0.025,0.0
2025-09-13,0,wk inc flu hosp,2025-09-20,48,quantile,0.05,0.0
2025-09-13,0,wk inc flu hosp,2025-09-20,48,quantile,0.1,0.0
2025-09-13,0,wk inc flu hosp,2025-09-20,48,quantile,0.15,0.0
2025-09-13,0,wk inc flu hosp,2025-09-20,48,quantile,0.2,0.0
2025-09-13,0,wk inc flu hosp,2025-09-20,48,quantile,0.25,0.0
2025-09-13,0,wk inc flu hosp,2025-09-20,48,quantile,0.3,0.0
2025-09-13,0,wk inc flu hosp,2025-09-20,48,quantile,0.35,18.282270955429297
2025-09-13,0,wk inc flu hosp,2025-09-20,48,quantile,0.4,48.80130654613572
2025-09-13,0,wk inc flu hosp,2025-09-20,48,quantile,0.45,78.32882667406561
2025-09-13,0,wk inc flu hosp,2025-09-20,48,quantile,0.5,107.38819912598002
2025-09-13,0,wk inc flu hosp,2025-09-20,48,quantile,0.55,136.44757157789445
2025-09-13,0,wk inc flu hosp,2025-09-20,48,quantile,0.6,165.97509170582433
2025-09-13,0,wk inc flu hosp,2025-09-20,48,quantile,0.65,196.49412729653073
2025-09-13,0,wk inc flu hosp,2025-09-20,48,quantile,0.7,228.65659385624477
2025-09-13,0,wk inc flu hosp,2025-09-20,48,quantile,0.75,263.3649521728158
2025-09-13,0,wk inc flu hosp,2025-09-20,48,quantile,0.8,302.0143550754412
2025-09-13,0,wk inc flu hosp,2025-09-20,48,quantile,0.85,347.06495447411027
2025-09-13,0,wk inc flu hosp,2025-09-20,48,quantile,0.9,403.74889548589493
2025-09-13,0,wk inc flu hosp,2025-09-20,48,quantile,0.95,487.7630349105376
2025-09-13,0,wk inc flu hosp,2025-09-20,48,quantile,0.975,560.6327714985375
2025-09-13,0,wk inc flu hosp,2025-09-20,48,quantile,0.99,645.3595882313195
2025-09-20,0,wk inc flu hosp,2025-09-27,48,quantile,0.01,0.0
2025-09-20,0,wk inc flu hosp,2025-09-27,48,quantile,0.025,0.0
2025-09-20,0,wk inc flu hosp,2025-09-27,48,quantile,0.05,0.0
2025-09-20,0,wk inc flu hosp,2025-09-27,48,quantile,0.1,0.0
2025-09-20,0,wk inc flu hosp,2025-09-27,48,quantile,0.15,0.0
2025-09-20,0,wk inc flu hosp,2025-09-27,48,quantile,0.2,0.0
2025-09-20,0,wk inc flu hosp,2025-09-27,48,quantile,0.25,0.0
2025-09-20,0,wk inc flu hosp,2025-09-27,48,quantile,0.3,0.0
2025-09-20,0,wk inc flu hosp,2025-09-27,48,quantile,0.35,11.224432099535974
2025-09-20,0,wk inc flu hosp,2025-09-27,48,quantile,0.4,38.62863775105205
2025-09-20,0,wk inc flu hosp,2025-09-27,48,quantile,0.45,65.14252386518207
2025-09-20,0,wk inc flu hosp,2025-09-27,48,quantile,0.5,91.23604233202266
2025-09-20,0,wk inc flu hosp,2025-09-27,48,quantile,0.55,117.32956079886328
2025-09-20,0,wk inc flu hosp,2025-09-27,48,quantile,0.6,143.84344691299327
2025-09-20,0,wk inc flu hosp,2025-09-27,48,quantile,0.65,171.24765256450934
2025-09-20,0,wk inc flu hosp,2025-09-27,48,quantile,0.7,200.12755754193955
2025-09-20,0,wk inc flu hosp,2025-09-27,48,quantile,0.75,231.2935157946788
2025-09-20,0,wk inc flu hosp,2025-09-27,48,quantile,0.8,265.9982882408429
2025-09-20,0,wk inc flu hosp,2025-09-27,48,quantile,0.85,306.4509390782482
2025-09-20,0,wk inc flu hosp,2025-09-27,48,quantile,0.9,357.3496108927136
2025-09-20,0,wk inc flu hosp,2025-09-27,48,quantile,0.95,432.7891098763955
2025-09-20,0,wk inc flu hosp,2025-09-27,48,quantile,0.975,498.2216246521068
2025-09-20,0,wk inc flu hosp,2025-09-27,48,quantile,0.99,574.3010637629063
2025-09-27,0,wk inc flu hosp,2025-10-04,48,quantile,0.01,0.0
2025-09-27,0,wk inc flu hosp,2025-10-04,48,quantile,0.025,0.0
2025-09-27,0,wk inc flu hosp,2025-10-04,48,quantile,0.05,0.0
2025-09-27,0,wk inc flu hosp,2025-10-04,48,quantile,0.1,0.0
2025-09-27,0,wk inc flu hosp,2025-10-04,48,quantile,0.15,0.0
2025-09-27,0,wk inc flu hosp,2025-10-04,48,quantile,0.2,0.0
2025-09-27,0,wk inc flu hosp,2025-10-04,48,quantile,0.25,7.93027307614841
2025-09-27,0,wk inc flu hosp,2025-10-04,48,quantile,0.3,42.399002987169936
2025-09-27,0,wk inc flu hosp,2025-10-04,48,quantile,0.35,74.33941811737112
2025-09-27,0,wk inc flu hosp,2025-10-04,48,quantile,0.4,104.64774861592643
2025-09-27,0,wk inc flu hosp,2025-10-04,48,quantile,0.45,133.97140912872996
2025-09-27,0,wk inc flu hosp,2025-10-04,48,quantile,0.5,162.83015408269688
2025-09-27,0,wk inc flu hosp,2025-10-04,48,quantile,0.55,191.68889903666383
2025-09-27,0,wk inc flu hosp,2025-10-04,48,quantile,0.6,221.0125595494673
2025-09-27,0,wk inc flu hosp,2025-10-04,48,quantile,0.65,251.32089004802265
2025-09-27,0,wk inc flu hosp,2025-10-04,48,quantile,0.7,283.2613051782238
2025-09-27,0,wk inc flu hosp,2025-10-04,48,quantile,0.75,317.73003508924535
2025-09-27,0,wk inc flu hosp,2025-10-04,48,quantile,0.8,356.1126003987896
2025-09-27,0,wk inc flu hosp,2025-10-04,48,quantile,0.85,400.8521679934049
2025-09-27,0,wk inc flu hosp,2025-10-04,48,quantile,0.9,457.14475997389803
2025-09-27,0,wk inc flu hosp,2025-10-04,48,quantile,0.95,540.5788611815121
2025-09-27,0,wk inc flu hosp,2025-10-04,48,quantile,0.975,612.9455011196468
2025-09-27,0,wk inc flu hosp,2025-10-04,48,quantile,0.99,697.0873592722571
2025-10-04,0,wk inc flu hosp,2025-10-11,48,quantile,0.01,0.0
2025-10-04,0,wk inc flu hosp,2025-10-11,48,quantile,0.025,0.0
2025-10-04,0,wk inc flu hosp,2025-10-11,48,quantile,0.05,0.0
2025-10-04,0,wk inc flu hosp,2025-10-11,48,quantile,0.1,0.0
2025-10-04,0,wk inc flu hosp,2025-10-11,48,quantile,0.15,0.0
2025-10-04,0,wk inc flu hosp,2025-10-11,48,quantile,0.2,0.0
2025-10-04,0,wk inc flu hosp,2025-10-11,48,quantile,0.25,0.0
2025-10-04,0,wk inc flu hosp,2025-10-11,48,quantile,0.3,22.21186118133342
2025-10-04,0,wk inc flu hosp,2025-10-11,48,quantile,0.35,50.06620361520011
2025-10-04,0,wk inc flu hosp,2025-10-11,48,quantile,0.4,76.49725070285416
2025-10-04,0,wk inc flu hosp,2025-10-11,48,quantile,0.45,102.06959464417535
2025-10-04,0,wk inc flu hosp,2025-10-11,48,quantile,0.5,127.2364987336387
2025-10-04,0,wk inc flu hosp,2025-10-11,48,quantile,0.55,152.40340282310206
2025-10-04,0,wk inc flu hosp,2025-10-11,48,quantile,0.6,177.97574676442323
2025-10-04,0,wk inc flu hosp,2025-10-11,48,quantile,0.65,204.40679385207727
2025-10-04,0,wk inc flu hosp,2025-10-11,48,quantile,0.7,232.26113628594393
2025-10-04,0,wk inc flu hosp,2025-10-11,48,quantile,0.75,262.32035130517
2025-10-04,0,wk inc flu hosp,2025-10-11,48,quantile,0.8,295.79271267756155
2025-10-04,0,wk inc flu hosp,2025-10-11,48,quantile,0.85,334.80883789207724
2025-10-04,0,wk inc flu hosp,2025-10-11,48,quantile,0.9,383.900032453039
2025-10-04,0,wk inc flu hosp,2025-10-11,48,quantile,0.95,456.6605778694108
2025-10-04,0,wk inc flu hosp,2025-10-11,48,quantile,0.975,519.7694999484846
2025-10-04,0,wk inc flu hosp,2025-10-11,48,quantile,0.99,593.1472603955788
2025-10-11,0,wk inc flu hosp,2025-10-18,48,quantile,0.01,0.0
2025-10-11,0,wk inc flu hosp,2025-10-18,48,quantile,0.025,0.0
2025-10-11,0,wk inc flu hosp,2025-10-18,48,quantile,0.05,0.0
2025-10-11,0,wk inc flu hosp,2025-10-18,48,quantile,0.1,0.0
2025-10-11,0,wk inc flu hosp,2025-10-18,48,quantile,0.15,0.0
2025-10-11,0,wk inc flu hosp,2025-10-18,48,quantile,0.2,0.0
2025-10-11,0,wk inc flu hosp,2025-10-18,48,quantile,0.25,0.0
2025-10-11,0,wk inc flu hosp,2025-10-18,48,quantile,0.3,23.396623634328463
2025-10-11,0,wk inc flu hosp,2025-10-18,48,quantile,0.35,53.680637347626444
2025-10-11,0,wk inc flu hosp,2025-10-18,48,quantile,0.4,82.41720488138836
2025-10-11,0,wk inc flu hosp,2025-10-18,48,quantile,0.45,110.22016653588966
2025-10-11,0,wk inc flu hosp,2025-10-18,48,quantile,0.5,137.58232273742675
2025-10-11,0,wk inc flu hosp,2025-10-18,48,quantile,0.55,164.94447893896387
2025-10-11,0,wk inc flu hosp,2025-10-18,48,quantile,0.6,192.74744059346514
2025-10-11,0,wk inc flu hosp,2025-10-18,48,quantile,0.65,221.48400812722707
2025-10-11,0,wk inc flu hosp,2025-10-18,48,quantile,0.7,251.768021840525
2025-10-11,0,wk inc flu hosp,2025-10-18,48,quantile,0.75,284.4492341870211
2025-10-11,0,wk inc flu hosp,2025-10-18,48,quantile,0.8,320.8413139219745
2025-10-11,0,wk inc flu hosp,2025-10-18,48,quantile,0.85,363.26072747810065
2025-10-11,0,wk inc flu hosp,2025-10-18,48,quantile,0.9,416.63403588830994
2025-10-11,0,wk inc flu hosp,2025-10-18,48,quantile,0.95,495.7413190851067
2025-10-11,0,wk inc flu hosp,2025-10-18,48,quantile,0.975,564.3550896744423
2025-10-11,0,wk inc flu hosp,2025-10-18,48,quantile,0.99,644.13342617285
2025-10-18,0,wk inc flu hosp,2025-10-25,48,quantile,0.01,0.0
2025-10-18,0,wk inc flu hosp,2025-10-25,48,quantile,0.025,0.0
2025-10-18,0,wk inc flu hosp,2025-10-25,48,quantile,0.05,0.0
2025-10-18,0,wk inc flu hosp,2025-10-25,48,quantile,0.1,0.0
2025-10-18,0,wk inc flu hosp,2025-10-25,48,quantile,0.15,0.0
2025-10-18,0,wk inc flu hosp,2025-10-25,48,quantile,0.2,0.0
2025-10-18,0,wk inc flu hosp,2025-10-25,48,quantile,0.25,0.0
2025-10-18,0,wk inc flu hosp,2025-10-25,48,quantile,0.3,23.422720330809284
2025-10-18,0,wk inc flu hosp,2025-10-25,48,quantile,0.35,53.57016030784527
2025-10-18,0,wk inc flu hosp,2025-10-25,48,quantile,0.4,82.17713272146932
2025-10-18,0,wk inc flu hosp,2025-10-25,48,quantile,0.45,109.85470959744514
2025-10-18,0,wk inc flu hosp,2025-10-25,48,quantile,0.5,137.0934689487494
2025-10-18,0,wk inc flu hosp,2025-10-25,48,quantile,0.55,164.33222830005369
2025-10-18,0,wk inc flu hosp,2025-10-25,48,quantile,0.6,192.0098051760295
2025-10-18,0,wk inc flu hosp,2025-10-25,48,quantile,0.65,220.61677758965354
2025-10-18,0,wk inc flu hosp,2025-10-25,48,quantile,0.7,250.76421756668947
2025-10-18,0,wk inc flu hosp,2025-10-25,48,quantile,0.75,283.2980453782957
2025-10-18,0,wk inc flu hosp,2025-10-25,48,quantile,0.8,319.526005444476
2025-10-18,0,wk inc flu hosp,2025-10-25,48,quantile,0.85,361.75411748243977
2025-10-18,0,wk inc flu hosp,2025-10-25,48,quantile,0.9,414.88672490052636
2025-10-18,0,wk inc flu hosp,2025-10-25,48,quantile,0.95,493.6372529679005
2025-10-18,0,wk inc flu hosp,2025-10-25,48,quantile,0.975,561.9415916867739
2025-10-18,0,wk inc flu hosp,2025-10-25,48,quantile,0.99,641.3601467641487
2025-10-25,0,wk inc flu hosp,2025-11-01,48,quantile,0.01,0.0
2025-10-25,0,wk inc flu hosp,2025-11-01,48,quantile,0.025,0.0
2025-10-25,0,wk inc flu hosp,2025-11-01,48,quantile,0.05,0.0
2025-10-25,0,wk inc flu hosp,2025-11-01,48,quantile,0.1,0.0
2025-10-25,0,wk inc flu hosp,2025-11-01,48,quantile,0.15,0.0
2025-10-25,0,wk inc flu hosp,2025-11-01,48,quantile,0.2,0.0
2025-10-25,0,wk inc flu hosp,2025-11-01,48,quantile,0.25,11.700364523722868
2025-10-25,0,wk inc flu hosp,2025-11-01,48,quantile,0.3,41.960845143060624
2025-10-25,0,wk inc flu hosp,2025-11-01,48,quantile,0.35,70.00169015000131
2025-10-25,0,wk inc flu hosp,2025-11-01,48,quantile,0.4,96.60970994137621
2025-10-25,0,wk inc flu hosp,2025-11-01,48,quantile,0.45,122.35327702163576
2025-10-25,0,wk inc flu hosp,2025-11-01,48,quantile,0.5,147.68868957185833
2025-10-25,0,wk inc flu hosp,2025-11-01,48,quantile,0.55,173.02410212208093
2025-10-25,0,wk inc flu hosp,2025-11-01,48,quantile,0.6,198.76766920234047
2025-10-25,0,wk inc flu hosp,2025-11-01,48,quantile,0.65,225.37568899371536
2025-10-25,0,wk inc flu hosp,2025-11-01,48,quantile,0.7,253.416534000656
2025-10-25,0,wk inc flu hosp,2025-11-01,48,quantile,0.75,283.67701461999377
2025-10-25,0,wk inc flu hosp,2025-11-01,48,quantile,0.8,317.3734947823958
2025-10-25,0,wk inc flu hosp,2025-11-01,48,quantile,0.85,356.65085781866804
2025-10-25,0,wk inc flu hosp,2025-11-01,48,quantile,0.9,406.0707492111071
2025-10-25,0,wk inc flu hosp,2025-11-01,48,quantile,0.95,479.3184728464816
2025-10-25,0,wk inc flu hosp,2025-11-01,48,quantile,0.975,542.8499493757141
2025-10-25,0,wk inc flu hosp,2025-11-01,48,quantile,0.99,616.7190206897685
2025-11-01,0,wk inc flu hosp,2025-11-08,48,quantile,0.01,0.0
2025-11-01,0,wk inc flu hosp,2025-11-08,48,quantile,0.025,0.0
2025-11-01,0,wk inc flu hosp,2025-11-08,48,quantile,0.05,0.0
2025-11-01,0,wk inc flu hosp,2025-11-08,48,quantile,0.1,0.0
2025-11-01,0,wk inc flu hosp,2025-11-08,48,quantile,0.15,0.0
2025-11-01,0,wk inc flu hosp,2025-11-08,48,quantile,0.2,25.211000663467956
2025-11-01,0,wk inc flu hosp,2025-11-08,48,quantile,0.25,53.67101397481022
2025-11-01,0,wk inc flu hosp,2025-11-08,48,quantile,0.3,79.22898552208461
2025-11-01,0,wk inc flu hosp,2025-11-08,48,quantile,0.35,102.91225505981102
2025-11-01,0,wk inc flu hosp,2025-11-08,48,quantile,0.4,125.38536185913576
2025-11-01,0,wk inc flu hosp,2025-11-08,48,quantile,0.45,147.12835276662858
2025-11-01,0,wk inc flu hosp,2025-11-08,48,quantile,0.5,168.52661676787028
2025-11-01,0,wk inc flu hosp,2025-11-08,48,quantile,0.55,189.924880769112
2025-11-01,0,wk inc flu hosp,2025-11-08,48,quantile,0.6,211.66787167660482
2025-11-01,0,wk inc flu hosp,2025-11-08,48,quantile,0.65,234.14097847592956
2025-11-01,0,wk inc flu hosp,2025-11-08,48,quantile,0.7,257.8242480136559
2025-11-01,0,wk inc flu hosp,2025-11-08,48,quantile,0.75,283.38221956093037
2025-11-01,0,wk inc flu hosp,2025-11-08,48,quantile,0.8,311.8422328722726
2025-11-01,0,wk inc flu hosp,2025-11-08,48,quantile,0.85,345.0158542552558
2025-11-01,0,wk inc flu hosp,2025-11-08,48,quantile,0.9,386.75584490398967
2025-11-01,0,wk inc flu hosp,2025-11-08,48,quantile,0.95,448.62079874015546
2025-11-01,0,wk inc flu hosp,2025-11-08,48,quantile,0.975,502.27942002632295
2025-11-01,0,wk inc flu hosp,2025-11-08,48,quantile,0.99,564.6691634880217
2025-11-08,0,wk inc flu hosp,2025-11-15,48,quantile,0.01,0.0
2025-11-08,0,wk inc flu hosp,2025-11-15,48,quantile,0.025,0.0
2025-11-08,0,wk inc flu hosp,2025-11-15,48,quantile,0.05,33.33250447188547
2025-11-08,0,wk inc flu hosp,2025-11-15,48,quantile,0.1,78.66731152615529
2025-11-08,0,wk inc flu hosp,2025-11-15,48,quantile,0.15,109.25449061819177
2025-11-08,0,wk inc flu hosp,2025-11-15,48,quantile,0.2,133.5642109272331
2025-11-08,0,wk inc flu hosp,2025-11-15,48,quantile,0.25,154.41978637385034
2025-11-08,0,wk inc flu hosp,2025-11-15,48,quantile,0.3,173.14873769356916
2025-11-08,0,wk inc flu hosp,2025-11-15,48,quantile,0.35,190.50390226300308
2025-11-08,0,wk inc flu hosp,2025-11-15,48,quantile,0.4,206.97225627415233
2025-11-08,0,wk inc flu hosp,2025-11-15,48,quantile,0.45,222.90557936664752
2025-11-08,0,wk inc flu hosp,2025-11-15,48,quantile,0.5,238.58628564118308
2025-11-08,0,wk inc flu hosp,2025-11-15,48,quantile,0.55,254.26699191571868
2025-11-08,0,wk inc flu hosp,2025-11-15,48,quantile,0.6,270.2003150082138
2025-11-08,0,wk inc flu hosp,2025-11-15,48,quantile,0.65,286.6686690193631
2025-11-08,0,wk inc flu hosp,2025-11-15,48,quantile,0.7,304.023833588797
2025-11-08,0,wk inc flu hosp,2025-11-15,48,quantile,0.75,322.7527849085158
2025-11-08,0,wk inc flu hosp,2025-11-15,48,quantile,0.8,343.6083603551331
2025-11-08,0,wk inc flu hosp,2025-11-15,48,quantile,0.85,367.9180806641744
2025-11-08,0,wk inc flu hosp,2025-11-15,48,quantile,0.9,398.5052597562109
2025-11-08,0,wk inc flu hosp,2025-11-15,48,quantile,0.95,443.8400668104806
2025-11-08,0,wk inc flu hosp,2025-11-15,48,quantile,0.975,483.161250969911
2025-11-08,0,wk inc flu hosp,2025-11-15,48,quantile,0.99,528.8806252943774
2025-09-13,0,wk inc flu hosp,2025-09-20,US,quantile,0.01,0.0
2025-09-13,0,wk inc flu hosp,2025-09-20,US,quantile,0.025,0.0
2025-09-13,0,wk inc flu hosp,2025-09-20,US,quantile,0.05,0.0
2025-09-13,0,wk inc flu hosp,2025-09-20,US,quantile,0.1,53.99562579453402
2025-09-13,0,wk inc flu hosp,2025-09-20,US,quantile,0.15,224.05895744542318
2025-09-13,0,wk inc flu hosp,2025-09-20,US,quantile,0.2,359.2199023242273
2025-09-13,0,wk inc flu hosp,2025-09-20,US,quantile,0.25,475.17595807150707
2025-09-13,0,wk inc flu hosp,2025-09-20,US,quantile,0.3,579.3080799051272
2025-09-13,0,wk inc flu hosp,2025-09-20,US,quantile,0.35,675.8020095724053
2025-09-13,0,wk inc flu hosp,2025-09-20,US,quantile,0.4,767.3653126646964
2025-09-13,0,wk inc flu hosp,2025-09-20,US,quantile,0.45,855.9538680599619
2025-09-13,0,wk inc flu hosp,2025-09-20,US,quantile,0.5,943.1378853785388
2025-09-13,0,wk inc flu hosp,2025-09-20,US,quantile,0.55,1030.321902697116
2025-09-13,0,wk inc flu hosp,2025-09-20,US,quantile,0.6,1118.9104580923813
2025-09-13,0,wk inc flu hosp,2025-09-20,US,quantile,0.65,1210.4737611846724
2025-09-13,0,wk inc flu hosp,2025-09-20,US,quantile,0.7,1306.9676908519502
2025-09-13,0,wk inc flu hosp,2025-09-20,US,quantile,0.75,1411.0998126855707
2025-09-13,0,wk inc flu hosp,2025-09-20,US,quantile,0.8,1527.0558684328505
2025-09-13,0,wk inc flu hosp,2025-09-20,US,quantile,0.85,1662.2168133116545
2025-09-13,0,wk inc flu hosp,2025-09-20,US,quantile,0.9,1832.2801449625435
2025-09-13,0,wk inc flu hosp,2025-09-20,US,quantile,0.95,2084.3396207383475
2025-09-13,0,wk inc flu hosp,2025-09-20,US,quantile,0.975,2302.963625341372
2025-09-13,0,wk inc flu hosp,2025-09-20,US,quantile,0.99,2557.1612777374103
2025-09-20,0,wk inc flu hosp,2025-09-27,US,quantile,0.01,0.0
2025-09-20,0,wk inc flu hosp,2025-09-27,US,quantile,0.025,0.0
2025-09-20,0,wk inc flu hosp,2025-09-27,US,quantile,0.05,0.0
2025-09-20,0,wk inc flu hosp,2025-09-27,US,quantile,0.1,0.0
2025-09-20,0,wk inc flu hosp,2025-09-27,US,quantile,0.15,113.4569147611794
2025-09-20,0,wk inc flu hosp,2025-09-27,US,quantile,0.2,261.44237097434484
2025-09-20,0,wk inc flu hosp,2025-09-27,US,quantile,0.25,388.4007155303648
2025-09-20,0,wk inc flu hosp,2025-09-27,US,quantile,0.3,502.4132327542644
2025-09-20,0,wk inc flu hosp,2025-09-27,US,quantile,0.35,608.0628212239035
2025-09-20,0,wk inc flu hosp,2025-09-27,US,quantile,0.4,708.3139491858091
2025-09-20,0,wk inc flu hosp,2025-09-27,US,quantile,0.45,805.3080756858045
2025-09-20,0,wk inc flu hosp,2025-09-27,US,quantile,0.5,900.7643969549036
2025-09-20,0,wk inc flu hosp,2025-09-27,US,quantile,0.55,996.2207182240029
2025-09-20,0,wk inc flu hosp,2025-09-27,US,quantile,0.6,1093.2148447239983
2025-09-20,0,wk inc flu hosp,2025-09-27,US,quantile,0.65,1193.4659726859038
2025-09-20,0,wk inc flu hosp,2025-09-27,US,quantile,0.7,1299.1155611555428
2025-09-20,0,wk inc flu hosp,2025-09-27,US,quantile,0.75,1413.1280783794425
2025-09-20,0,wk inc flu hosp,2025-09-27,US,quantile,0.8,1540.0864229354625
2025-09-20,0,wk inc flu hosp,2025-09-27,US,quantile,0.85,1688.0718791486279
2025-09-20,0,wk inc flu hosp,2025-09-27,US,quantile,0.9,1874.2713744396256
2025-09-20,0,wk inc flu hosp,2025-09-27,US,quantile,0.95,2150.2470754750157
2025-09-20,0,wk inc flu hosp,2025-09-27,US,quantile,0.975,2389.6148387689027
2025-09-20,0,wk inc flu hosp,2025-09-27,US,quantile,0.99,2667.9315935968175
2025-09-27,0,wk inc flu hosp,2025-10-04,US,quantile,0.01,0.0
2025-09-27,0,wk inc flu hosp,2025-10-04,US,quantile,0.025,0.0
2025-09-27,0,wk inc flu hosp,2025-10-04,US,quantile,0.05,0.0
2025-09-27,0,wk inc flu hosp,2025-10-04,US,quantile,0.1,0.0
2025-09-27,0,wk inc flu hosp,2025-10-04,US,quantile,0.15,0.0
2025-09-27,0,wk inc flu hosp,2025-10-04,US,quantile,0.2,0.0
2025-09-27,0,wk inc flu hosp,2025-10-04,US,quantile,0.25,0.0
2025-09-27,0,wk inc flu hosp,2025-10-04,US,quantile,0.3,0.0
2025-09-27,0,wk inc flu hosp,2025-10-04,US,quantile,0.35,0.0
2025-09-27,0,wk inc flu hosp,2025-10-04,US,quantile,0.4,51.5425480258624
2025-09-27,0,wk inc flu hosp,2025-10-04,US,quantile,0.45,433.79810244420463
2025-09-27,0,wk inc flu hosp,2025-10-04,US,quantile,0.5,809.9931394648909
2025-09-27,0,wk inc flu hosp,2025-10-04,US,quantile,0.55,1186.1881764855775
2025-09-27,0,wk inc flu hosp,2025-10-04,US,quantile,0.6,1568.4437309039195
2025-09-27,0,wk inc flu hosp,2025-10-04,US,quantile,0.65,1963.5351852317665
2025-09-27,0,wk inc flu hosp,2025-10-04,US,quantile,0.7,2379.9020671432545
2025-09-27,0,wk inc flu hosp,2025-10-04,US,quantile,0.75,2829.2273980132086
2025-09-27,0,wk inc flu hosp,2025-10-04,US,quantile,0.8,3329.5724615495938
2025-09-27,0,wk inc flu hosp,2025-10-04,US,quantile,0.85,3912.785741073457
2025-09-27,0,wk inc flu hosp,2025-10-04,US,quantile,0.9,4646.601219115617
2025-09-27,0,wk inc flu hosp,2025-10-04,US,quantile,0.95,5734.226299230944
2025-09-27,0,wk inc flu hosp,2025-10-04,US,quantile,0.975,6677.5788543754825
2025-09-27,0,wk inc flu hosp,2025-10-04,US,quantile,0.99,7774.430068563834
2025-10-04,0,wk inc flu hosp,2025-10-11,US,quantile,0.01,0.0
2025-10-04,0,wk inc flu hosp,2025-10-11,US,quantile,0.025,0.0
2025-10-04,0,wk inc flu hosp,2025-10-11,US,quantile,0.05,0.0
2025-10-04,0,wk inc flu hosp,2025-10-11,US,quantile,0.1,0.0
2025-10-04,0,wk inc flu hosp,2025-10-11,US,quantile,0.15,0.0
2025-10-04,0,wk inc flu hosp,2025-10-11,US,quantile,0.2,0.0
2025-10-04,0,wk inc flu hosp,2025-10-11,US,quantile,0.25,0.0
2025-10-04,0,wk inc flu hosp,2025-10-11,US,quantile,0.3,0.0
2025-10-04,0,wk inc flu hosp,2025-10-11,US,quantile,0.35,0.0
2025-10-04,0,wk inc flu hosp,2025-10-11,US,quantile,0.4,303.8492849766924
2025-10-04,0,wk inc flu hosp,2025-10-11,US,quantile,0.45,705.843885200694
2025-10-04,0,wk inc flu hosp,2025-10-11,US,quantile,0.5,1101.4650129132797
2025-10-04,0,wk inc flu hosp,2025-10-11,US,quantile,0.55,1497.086140625866
2025-10-04,0,wk inc flu hosp,2025-10-11,US,quantile,0.6,1899.080740849867
2025-10-04,0,wk inc flu hosp,2025-10-11,US,quantile,0.65,2314.574065665296
2025-10-04,0,wk inc flu hosp,2025-10-11,US,quantile,0.7,2752.441446023475
2025-10-04,0,wk inc flu hosp,2025-10-11,US,quantile,0.75,3224.969195236783
2025-10-04,0,wk inc flu hosp,2025-10-11,US,quantile,0.8,3751.1512518884374
2025-10-04,0,wk inc flu hosp,2025-10-11,US,quantile,0.85,4364.480702402956
2025-10-04,0,wk inc flu hosp,2025-10-11,US,quantile,0.9,5136.189200354314
2025-10-04,0,wk inc flu hosp,2025-10-11,US,quantile,0.95,6279.977444163751
2025-10-04,0,wk inc flu hosp,2025-10-11,US,quantile,0.975,7272.043167976874
2025-10-04,0,wk inc flu hosp,2025-10-11,US,quantile,0.99,8425.533968192436
2025-10-11,0,wk inc flu hosp,2025-10-18,US,quantile,0.01,0.0
2025-10-11,0,wk inc flu hosp,2025-10-18,US,quantile,0.025,0.0
2025-10-11,0,wk inc flu hosp,2025-10-18,US,quantile,0.05,0.0
2025-10-11,0,wk inc flu hosp,2025-10-18,US,quantile,0.1,0.0
2025-10-11,0,wk inc flu hosp,2025-10-18,US,quantile,0.15,0.0
2025-10-11,0,wk inc flu hosp,2025-10-18,US,quantile,0.2,0.0
2025-10-11,0,wk inc flu hosp,2025-10-18,US,quantile,0.25,0.0
2025-10-11,0,wk inc flu hosp,2025-10-18,US,quantile,0.3,0.0
2025-10-11,0,wk inc flu hosp,2025-10-18,US,quantile,0.35,0.0
2025-10-11,0,wk inc flu hosp,2025-10-18,US,quantile,0.4,282.1217994755456
2025-10-11,0,wk inc flu hosp,2025-10-18,US,quantile,0.45,697.74460970633
2025-10-11,0,wk inc flu hosp,2025-10-18,US,quantile,0.5,1106.7778773048321
2025-10-11,0,wk inc flu hosp,2025-10-18,US,quantile,0.55,1515.8111449033347
2025-10-11,0,wk inc flu hosp,2025-10-18,US,quantile,0.6,1931.4339551341186
2025-10-11,0,wk inc flu hosp,2025-10-18,US,quantile,0.65,2361.0131166345327
2025-10-11,0,wk inc flu hosp,2025-10-18,US,quantile,0.7,2813.7248471688486
2025-10-11,0,wk inc flu hosp,2025-10-18,US,quantile,0.75,3302.271984196627
2025-10-11,0,wk inc flu hosp,2025-10-18,US,quantile,0.8,3846.292388840652
2025-10-11,0,wk inc flu hosp,2025-10-18,US,quantile,0.85,4480.414612567296
2025-10-11,0,wk inc flu hosp,2025-10-18,US,quantile,0.9,5278.285167094139
2025-10-11,0,wk inc flu hosp,2025-10-18,US,quantile,0.95,6460.849519789713
2025-10-11,0,wk inc flu hosp,2025-10-18,US,quantile,0.975,7486.547735226161
2025-10-11,0,wk inc flu hosp,2025-10-18,US,quantile,0.99,8679.143575304126
2025-10-18,0,wk inc flu hosp,2025-10-25,US,quantile,0.01,0.0
2025-10-18,0,wk inc flu hosp,2025-10-25,US,quantile,0.025,0.0
2025-10-18,0,wk inc flu hosp,2025-10-25,US,quantile,0.05,0.0
2025-10-18,0,wk inc flu hosp,2025-10-25,US,quantile,0.1,0.0
2025-10-18,0,wk inc flu hosp,2025-10-25,US,quantile,0.15,0.0
2025-10-18,0,wk inc flu hosp,2025-10-25,US,quantile,0.2,0.0
2025-10-18,0,wk inc flu hosp,2025-10-25,US,quantile,0.25,0.0
2025-10-18,0,wk inc flu hosp,2025-10-25,US,quantile,0.3,0.0
2025-10-18,0,wk inc flu hosp,2025-10-25,US,quantile,0.35,15.181775851957354
2025-10-18,0,wk inc flu hosp,2025-10-25,US,quantile,0.4,410.9463716606331
2025-10-18,0,wk inc flu hosp,2025-10-25,US,quantile,0.45,793.8531982518798
2025-10-18,0,wk inc flu hosp,2025-10-25,US,quantile,0.5,1170.6891817712224
2025-10-18,0,wk inc flu hosp,2025-10-25,US,quantile,0.55,1547.5251652905654
2025-10-18,0,wk inc flu hosp,2025-10-25,US,quantile,0.6,1930.4319918818117
2025-10-18,0,wk inc flu hosp,2025-10-25,US,quantile,0.65,2326.1965876904874
2025-10-18,0,wk inc flu hosp,2025-10-25,US,quantile,0.7,2743.2728593303227
2025-10-18,0,wk inc flu hosp,2025-10-25,US,quantile,0.75,3193.363733254378
2025-10-18,0,wk inc flu hosp,2025-10-25,US,quantile,0.8,3694.5612652845884
2025-10-18,0,wk inc flu hosp,2025-10-25,US,quantile,0.85,4278.7682009513965
2025-10-18,0,wk inc flu hosp,2025-10-25,US,quantile,0.9,5013.833925315346
2025-10-18,0,wk inc flu hosp,2025-10-25,US,quantile,0.95,6103.312058816149
2025-10-18,0,wk inc flu hosp,2025-10-25,US,quantile,0.975,7048.271861419365
2025-10-18,0,wk inc flu hosp,2025-10-25,US,quantile,0.99,8146.99184812223
2025-10-25,0,wk inc flu hosp,2025-11-01,US,quantile,0.01,0.0
2025-10-25,0,wk inc flu hosp,2025-11-01,US,quantile,0.025,0.0
2025-10-25,0,wk inc flu hosp,2025-11-01,US,quantile,0.05,0.0
2025-10-25,0,wk inc flu hosp,2025-11-01,US,quantile,0.1,0.0
2025-10-25,0,wk inc flu hosp,2025-11-01,US,quantile,0.15,0.0
2025-10-25,0,wk inc flu hosp,2025-11-01,US,quantile,0.2,0.0
2025-10-25,0,wk inc flu hosp,2025-11-01,US,quantile,0.25,0.0
2025-10-25,0,wk inc flu hosp,2025-11-01,US,quantile,0.3,42.655143612897746
2025-10-25,0,wk inc flu hosp,2025-11-01,US,quantile,0.35,346.90201463459675
2025-10-25,0,wk inc flu hosp,2025-11-01,US,quantile,0.4,635.6025428678034
2025-10-25,0,wk inc flu hosp,2025-11-01,US,quantile,0.45,914.9236450374243
2025-10-25,0,wk inc flu hosp,2025-11-01,US,quantile,0.5,1189.816216660753
2025-10-25,0,wk inc flu hosp,2025-11-01,US,quantile,0.55,1464.7087882840822
2025-10-25,0,wk inc flu hosp,2025-11-01,US,quantile,0.6,1744.0298904537026
2025-10-25,0,wk inc flu hosp,2025-11-01,US,quantile,0.65,2032.7304186869094
2025-10-25,0,wk inc flu hosp,2025-11-01,US,quantile,0.7,2336.9772897086077
2025-10-25,0,wk inc flu hosp,2025-11-01,US,quantile,0.75,2665.307500220005
2025-10-25,0,wk inc flu hosp,2025-11-01,US,quantile,0.8,3030.9187594854793
2025-10-25,0,wk inc flu hosp,2025-11-01,US,quantile,0.85,3457.0833348686847
2025-10-25,0,wk inc flu hosp,2025-11-01,US,quantile,0.9,3993.295682202016
2025-10-25,0,wk inc flu hosp,2025-11-01,US,quantile,0.95,4788.043155753856
2025-10-25,0,wk inc flu hosp,2025-11-01,US,quantile,0.975,5477.368065207302
2025-10-25,0,wk inc flu hosp,2025-11-01,US,quantile,0.99,6278.857243119626
2025-11-01,0,wk inc flu hosp,2025-11-08,US,quantile,0.01,0.0
2025-11-01,0,wk inc flu hosp,2025-11-08,US,quantile,0.025,0.0
2025-11-01,0,wk inc flu hosp,2025-11-08,US,quantile,0.05,0.0
2025-11-01,0,wk inc flu hosp,2025-11-08,US,quantile,0.1,0.0
2025-11-01,0,wk inc flu hosp,2025-11-08,US,quantile,0.15,0.0
2025-11-01,0,wk inc flu hosp,2025-11-08,US,quantile,0.2,0.0
2025-11-01,0,wk inc flu hosp,2025-11-08,US,quantile,0.25,0.0
2025-11-01,0,wk inc flu hosp,2025-11-08,US,quantile,0.3,94.321021047268
2025-11-01,0,wk inc flu hosp,2025-11-08,US,quantile,0.35,426.37232264356635
2025-11-01,0,wk inc flu hosp,2025-11-08,US,quantile,0.4,741.4565364908739
2025-11-01,0,wk inc flu hosp,2025-11-08,US,quantile,0.45,1046.304159828043
2025-11-01,0,wk inc flu hosp,2025-11-08,US,quantile,0.5,1346.3185392698288
2025-11-01,0,wk inc flu hosp,2025-11-08,US,quantile,0.55,1646.3329187116146
2025-11-01,0,wk inc flu hosp,2025-11-08,US,quantile,0.6,1951.1805420487835
2025-11-01,0,wk inc flu hosp,2025-11-08,US,quantile,0.65,2266.264755896091
2025-11-01,0,wk inc flu hosp,2025-11-08,US,quantile,0.7,2598.316057492389
2025-11-01,0,wk inc flu hosp,2025-11-08,US,quantile,0.75,2956.6516202792304
2025-11-01,0,wk inc flu hosp,2025-11-08,US,quantile,0.8,3355.675262197651
2025-11-01,0,wk inc flu hosp,2025-11-08,US,quantile,0.85,3820.7860502725594
2025-11-01,0,wk inc flu hosp,2025-11-08,US,quantile,0.9,4406.00162624915
2025-11-01,0,wk inc flu hosp,2025-11-08,US,quantile,0.95,5273.379266476177
2025-11-01,0,wk inc flu hosp,2025-11-08,US,quantile,0.975,6025.7000138946205
2025-11-01,0,wk inc flu hosp,2025-11-08,US,quantile,0.99,6900.435467532709
2025-11-08,0,wk inc flu hosp,2025-11-15,US,quantile,0.01,0.0
2025-11-08,0,wk inc flu hosp,2025-11-15,US,quantile,0.025,0.0
2025-11-08,0,wk inc flu hosp,2025-11-15,US,quantile,0.05,0.0
2025-11-08,0,wk inc flu hosp,2025-11-15,US,quantile,0.1,0.0
2025-11-08,0,wk inc flu hosp,2025-11-15,US,quantile,0.15,0.0
2025-11-08,0,wk inc flu hosp,2025-11-15,US,quantile,0.2,0.0
2025-11-08,0,wk inc flu hosp,2025-11-15,US,quantile,0.25,183.39403125822628
2025-11-08,0,wk inc flu hosp,2025-11-15,US,quantile,0.3,478.6889446909486
2025-11-08,0,wk inc flu hosp,2025-11-15,US,quantile,0.35,752.3236897258128
2025-11-08,0,wk inc flu hosp,2025-11-15,US,quantile,0.4,1011.9763039638401
2025-11-08,0,wk inc flu hosp,2025-11-15,US,quantile,0.45,1263.1932131743552
2025-11-08,0,wk inc flu hosp,2025-11-15,US,quantile,0.5,1510.4271732000705
2025-11-08,0,wk inc flu hosp,2025-11-15,US,quantile,0.55,1757.661133225786
2025-11-08,0,wk inc flu hosp,2025-11-15,US,quantile,0.6,2008.8780424363008
2025-11-08,0,wk inc flu hosp,2025-11-15,US,quantile,0.65,2268.5306566743284
2025-11-08,0,wk inc flu hosp,2025-11-15,US,quantile,0.7,2542.165401709192
2025-11-08,0,wk inc flu hosp,2025-11-15,US,quantile,0.75,2837.4603151419146
2025-11-08,0,wk inc flu hosp,2025-11-15,US,quantile,0.8,3166.2852045319796
2025-11-08,0,wk inc flu hosp,2025-11-15,US,quantile,0.85,3549.57077304505
2025-11-08,0,wk inc flu hosp,2025-11-15,US,quantile,0.9,4031.831538634444
2025-11-08,0,wk inc flu hosp,2025-11-15,US,quantile,0.95,4746.614640798048
2025-11-08,0,wk inc flu hosp,2025-11-15,US,quantile,0.975,5366.582383477057
2025-11-08,0,wk inc flu hosp,2025-11-15,US,quantile,0.99,6087.4288661697265
2025-09-13,0,wk inc flu hosp,2025-09-20,49,quantile,0.01,0.0
2025-09-13,0,wk inc flu hosp,2025-09-20,49,quantile,0.025,0.0
2025-09-13,0,wk inc flu hosp,2025-09-20,49,quantile,0.05,0.0
2025-09-13,0,wk inc flu hosp,2025-09-20,49,quantile,0.1,0.0
2025-09-13,0,wk inc flu hosp,2025-09-20,49,quantile,0.15,0.0
2025-09-13,0,wk inc flu hosp,2025-09-20,49,quantile,0.2,0.0
2025-09-13,0,wk inc flu hosp,2025-09-20,49,quantile,0.25,0.0
2025-09-13,0,wk inc flu hosp,2025-09-20,49,quantile,0.3,0.0
2025-09-13,0,wk inc flu hosp,2025-09-20,49,quantile,0.35,0.0
2025-09-13,0,wk inc flu hosp,2025-09-20,49,quantile,0.4,0.0
2025-09-13,0,wk inc flu hosp,2025-09-20,49,quantile,0.45,1.6095847620471426
2025-09-13,0,wk inc flu hosp,2025-09-20,49,quantile,0.5,4.072329818584297
2025-09-13,0,wk inc flu hosp,2025-09-20,49,quantile,0.55,6.535074875121454
2025-09-13,0,wk inc flu hosp,2025-09-20,49,quantile,0.6,9.037494855015751
2025-09-13,0,wk inc flu hosp,2025-09-20,49,quantile,0.65,11.623944516159145
2025-09-13,0,wk inc flu hosp,2025-09-20,49,quantile,0.7,14.349672873061744
2025-09-13,0,wk inc flu hosp,2025-09-20,49,quantile,0.75,17.291162335922607
2025-09-13,0,wk inc flu hosp,2025-09-20,49,quantile,0.8,20.566650342212395
2025-09-13,0,wk inc flu hosp,2025-09-20,49,quantile,0.85,24.384631654324274
2025-09-13,0,wk inc flu hosp,2025-09-20,49,quantile,0.9,29.188523952508426
2025-09-13,0,wk inc flu hosp,2025-09-20,49,quantile,0.95,36.30861599474491
2025-09-13,0,wk inc flu hosp,2025-09-20,49,quantile,0.975,42.48423399373026
2025-09-13,0,wk inc flu hosp,2025-09-20,49,quantile,0.99,49.66472453632771
2025-09-20,0,wk inc flu hosp,2025-09-27,49,quantile,0.01,0.0
2025-09-20,0,wk inc flu hosp,2025-09-27,49,quantile,0.025,0.0
2025-09-20,0,wk inc flu hosp,2025-09-27,49,quantile,0.05,0.0
2025-09-20,0,wk inc flu hosp,2025-09-27,49,quantile,0.1,0.0
2025-09-20,0,wk inc flu hosp,2025-09-27,49,quantile,0.15,0.0
2025-09-20,0,wk inc flu hosp,2025-09-27,49,quantile,0.2,0.0
2025-09-20,0,wk inc flu hosp,2025-09-27,49,quantile,0.25,0.0
2025-09-20,0,wk inc flu hosp,2025-09-27,49,quantile,0.3,0.0
2025-09-20,0,wk inc flu hosp,2025-09-27,49,quantile,0.35,0.0
2025-09-20,0,wk inc flu hosp,2025-09-27,49,quantile,0.4,0.0
2025-09-20,0,wk inc flu hosp,2025-09-27,49,quantile,0.45,0.0
2025-09-20,0,wk inc flu hosp,2025-09-27,49,quantile,0.5,2.59438702994031
2025-09-20,0,wk inc flu hosp,2025-09-27,49,quantile,0.55,5.265299677485862
2025-09-20,0,wk inc flu hosp,2025-09-27,49,quantile,0.6,7.979240836774319
2025-09-20,0,wk inc flu hosp,2025-09-27,49,quantile,0.65,10.784314424822174
2025-09-20,0,wk inc flu hosp,2025-09-27,49,quantile,0.7,13.740439470287214
2025-09-20,0,wk inc flu hosp,2025-09-27,49,quantile,0.75,16.930563185335473
2025-09-20,0,wk inc flu hosp,2025-09-27,49,quantile,0.8,20.48291722200722
2025-09-20,0,wk inc flu hosp,2025-09-27,49,quantile,0.85,24.62361970663662
2025-09-20,0,wk inc flu hosp,2025-09-27,49,quantile,0.9,29.8335689308198
2025-09-20,0,wk inc flu hosp,2025-09-27,49,quantile,0.95,37.55549850563243
2025-09-20,0,wk inc flu hosp,2025-09-27,49,quantile,0.975,44.25312080970182
2025-09-20,0,wk inc flu hosp,2025-09-27,49,quantile,0.99,52.040554167814584
2025-09-27,0,wk inc flu hosp,2025-10-04,49,quantile,0.01,0.0
2025-09-27,0,wk inc flu hosp,2025-10-04,49,quantile,0.025,0.0
2025-09-27,0,wk inc flu hosp,2025-10-04,49,quantile,0.05,0.0
2025-09-27,0,wk inc flu hosp,2025-10-04,49,quantile,0.1,0.0
2025-09-27,0,wk inc flu hosp,2025-10-04,49,quantile,0.15,0.0
2025-09-27,0,wk inc flu hosp,2025-10-04,49,quantile,0.2,0.0
2025-09-27,0,wk inc flu hosp,2025-10-04,49,quantile,0.25,0.0
2025-09-27,0,wk inc flu hosp,2025-10-04,49,quantile,0.3,0.0
2025-09-27,0,wk inc flu hosp,2025-10-04,49,quantile,0.35,0.0
2025-09-27,0,wk inc flu hosp,2025-10-04,49,quantile,0.4,0.0
2025-09-27,0,wk inc flu hosp,2025-10-04,49,quantile,0.45,0.0
2025-09-27,0,wk inc flu hosp,2025-10-04,49,quantile,0.5,2.0826867332329453
2025-09-27,0,wk inc flu hosp,2025-10-04,49,quantile,0.55,5.020664017085261
2025-09-27,0,wk inc flu hosp,2025-10-04,49,quantile,0.6,8.005972234869393
2025-09-27,0,wk inc flu hosp,2025-10-04,49,quantile,0.65,11.091525215717356
2025-09-27,0,wk inc flu hosp,2025-10-04,49,quantile,0.7,14.343233293772371
2025-09-27,0,wk inc flu hosp,2025-10-04,49,quantile,0.75,17.85233757545049
2025-09-27,0,wk inc flu hosp,2025-10-04,49,quantile,0.8,21.759891599552915
2025-09-27,0,wk inc flu hosp,2025-10-04,49,quantile,0.85,26.31462305069617
2025-09-27,0,wk inc flu hosp,2025-10-04,49,quantile,0.9,32.04551525517929
2025-09-27,0,wk inc flu hosp,2025-10-04,49,quantile,0.95,40.53956080142921
2025-09-27,0,wk inc flu hosp,2025-10-04,49,quantile,0.975,47.90687856199363
2025-09-27,0,wk inc flu hosp,2025-10-04,49,quantile,0.99,56.472977616814504
2025-10-04,0,wk inc flu hosp,2025-10-11,49,quantile,0.01,0.0
2025-10-04,0,wk inc flu hosp,2025-10-11,49,quantile,0.025,0.0
2025-10-04,0,wk inc flu hosp,2025-10-11,49,quantile,0.05,0.0
2025-10-04,0,wk inc flu hosp,2025-10-11,49,quantile,0.1,0.0
2025-10-04,0,wk inc flu hosp,2025-10-11,49,quantile,0.15,0.0
2025-10-04,0,wk inc flu hosp,2025-10-11,49,quantile,0.2,0.0
2025-10-04,0,wk inc flu hosp,2025-10-11,49,quantile,0.25,0.0
2025-10-04,0,wk inc flu hosp,2025-10-11,49,quantile,0.3,0.0
2025-10-04,0,wk inc flu hosp,2025-10-11,49,quantile,0.35,0.0
2025-10-04,0,wk inc flu hosp,2025-10-11,49,quantile,0.4,0.0
2025-10-04,0,wk inc flu hosp,2025-10-11,49,quantile,0.45,0.0
2025-10-04,0,wk inc flu hosp,2025-10-11,49,quantile,0.5,1.560316255740949
2025-10-04,0,wk inc flu hosp,2025-10-11,49,quantile,0.55,4.4298447670097625
2025-10-04,0,wk inc flu hosp,2025-10-11,49,quantile,0.6,7.345601499690907
2025-10-04,0,wk inc flu hosp,2025-10-11,49,quantile,0.65,10.35926750052673
2025-10-04,0,wk inc flu hosp,2025-10-11,49,quantile,0.7,13.535217529679857
2025-10-04,0,wk inc flu hosp,2025-10-11,49,quantile,0.75,16.96256696516889
2025-10-04,0,wk inc flu hosp,2025-10-11,49,quantile,0.8,20.779083091114785
2025-10-04,0,wk inc flu hosp,2025-10-11,49,quantile,0.85,25.22769875334716
2025-10-04,0,wk inc flu hosp,2025-10-11,49,quantile,0.9,30.825073064631706
2025-10-04,0,wk inc flu hosp,2025-10-11,49,quantile,0.95,39.12122498008172
2025-10-04,0,wk inc flu hosp,2025-10-11,49,quantile,0.975,46.31689952859174
2025-10-04,0,wk inc flu hosp,2025-10-11,49,quantile,0.99,54.68342625541885
2025-10-11,0,wk inc flu hosp,2025-10-18,49,quantile,0.01,0.0
2025-10-11,0,wk inc flu hosp,2025-10-18,49,quantile,0.025,0.0
2025-10-11,0,wk inc flu hosp,2025-10-18,49,quantile,0.05,0.0
2025-10-11,0,wk inc flu hosp,2025-10-18,49,quantile,0.1,0.0
2025-10-11,0,wk inc flu hosp,2025-10-18,49,quantile,0.15,0.0
2025-10-11,0,wk inc flu hosp,2025-10-18,49,quantile,0.2,0.0
2025-10-11,0,wk inc flu hosp,2025-10-18,49,quantile,0.25,0.0
2025-10-11,0,wk inc flu hosp,2025-10-18,49,quantile,0.3,0.0
2025-10-11,0,wk inc flu hosp,2025-10-18,49,quantile,0.35,0.0
2025-10-11,0,wk inc flu hosp,2025-10-18,49,quantile,0.4,0.0
2025-10-11,0,wk inc flu hosp,2025-10-18,49,quantile,0.45,0.0
2025-10-11,0,wk inc flu hosp,2025-10-18,49,quantile,0.5,1.5913914541777077
2025-10-11,0,wk inc flu hosp,2025-10-18,49,quantile,0.55,4.598587842127489
2025-10-11,0,wk inc flu hosp,2025-10-18,49,quantile,0.6,7.6542302866006935
2025-10-11,0,wk inc flu hosp,2025-10-18,49,quantile,0.65,10.812479273014606
2025-10-11,0,wk inc flu hosp,2025-10-18,49,quantile,0.7,14.14079799104514
2025-10-11,0,wk inc flu hosp,2025-10-18,49,quantile,0.75,17.732577198733527
2025-10-11,0,wk inc flu hosp,2025-10-18,49,quantile,0.8,21.73219367350478
2025-10-11,0,wk inc flu hosp,2025-10-18,49,quantile,0.85,26.39423515464231
2025-10-11,0,wk inc flu hosp,2025-10-18,49,quantile,0.9,32.26014788030296
2025-10-11,0,wk inc flu hosp,2025-10-18,49,quantile,0.95,40.95431417837283
2025-10-11,0,wk inc flu hosp,2025-10-18,49,quantile,0.975,48.49520684633713
2025-10-11,0,wk inc flu hosp,2025-10-18,49,quantile,0.99,57.26312424245143
2025-10-18,0,wk inc flu hosp,2025-10-25,49,quantile,0.01,0.0
2025-10-18,0,wk inc flu hosp,2025-10-25,49,quantile,0.025,0.0
2025-10-18,0,wk inc flu hosp,2025-10-25,49,quantile,0.05,0.0
2025-10-18,0,wk inc flu hosp,2025-10-25,49,quantile,0.1,0.0
2025-10-18,0,wk inc flu hosp,2025-10-25,49,quantile,0.15,0.0
2025-10-18,0,wk inc flu hosp,2025-10-25,49,quantile,0.2,0.0
2025-10-18,0,wk inc flu hosp,2025-10-25,49,quantile,0.25,0.0
2025-10-18,0,wk inc flu hosp,2025-10-25,49,quantile,0.3,0.0
2025-10-18,0,wk inc flu hosp,2025-10-25,49,quantile,0.35,0.0
2025-10-18,0,wk inc flu hosp,2025-10-25,49,quantile,0.4,0.0
2025-10-18,0,wk inc flu hosp,2025-10-25,49,quantile,0.45,0.9303262058807702
2025-10-18,0,wk inc flu hosp,2025-10-25,49,quantile,0.5,2.6063431199442517
2025-10-18,0,wk inc flu hosp,2025-10-25,49,quantile,0.55,4.282360034007735
2025-10-18,0,wk inc flu hosp,2025-10-25,49,quantile,0.6,5.985377648949385
2025-10-18,0,wk inc flu hosp,2025-10-25,49,quantile,0.65,7.745581518994059
2025-10-18,0,wk inc flu hosp,2025-10-25,49,quantile,0.7,9.60057126597776
2025-10-18,0,wk inc flu hosp,2025-10-25,49,quantile,0.75,11.602396862666325
2025-10-18,0,wk inc flu hosp,2025-10-25,49,quantile,0.8,13.83152459384646
2025-10-18,0,wk inc flu hosp,2025-10-25,49,quantile,0.85,16.42984521160272
2025-10-18,0,wk inc flu hosp,2025-10-25,49,quantile,0.9,19.6991258558676
2025-10-18,0,wk inc flu hosp,2025-10-25,49,quantile,0.95,24.544692253737704
2025-10-18,0,wk inc flu hosp,2025-10-25,49,quantile,0.975,28.747498465294157
2025-10-18,0,wk inc flu hosp,2025-10-25,49,quantile,0.99,33.63416895874263
2025-10-25,0,wk inc flu hosp,2025-11-01,49,quantile,0.01,0.0
2025-10-25,0,wk inc flu hosp,2025-11-01,49,quantile,0.025,0.0
2025-10-25,0,wk inc flu hosp,2025-11-01,49,quantile,0.05,0.0
2025-10-25,0,wk inc flu hosp,2025-11-01,49,quantile,0.1,0.0
2025-10-25,0,wk inc flu hosp,2025-11-01,49,quantile,0.15,0.0
2025-10-25,0,wk inc flu hosp,2025-11-01,49,quantile,0.2,0.0
2025-10-25,0,wk inc flu hosp,2025-11-01,49,quantile,0.25,0.0
2025-10-25,0,wk inc flu hosp,2025-11-01,49,quantile,0.3,0.0
2025-10-25,0,wk inc flu hosp,2025-11-01,49,quantile,0.35,0.0
2025-10-25,0,wk inc flu hosp,2025-11-01,49,quantile,0.4,0.0
2025-10-25,0,wk inc flu hosp,2025-11-01,49,quantile,0.45,0.0
2025-10-25,0,wk inc flu hosp,2025-11-01,49,quantile,0.5,0.0
2025-10-25,0,wk inc flu hosp,2025-11-01,49,quantile,0.55,3.025642465919935
2025-10-25,0,wk inc flu hosp,2025-11-01,49,quantile,0.6,6.29506517844708
2025-10-25,0,wk inc flu hosp,2025-11-01,49,quantile,0.65,9.674273039194555
2025-10-25,0,wk inc flu hosp,2025-11-01,49,quantile,0.7,13.235449128674576
2025-10-25,0,wk inc flu hosp,2025-11-01,49,quantile,0.75,17.078518052278195
2025-10-25,0,wk inc flu hosp,2025-11-01,49,quantile,0.8,21.357957542218024
2025-10-25,0,wk inc flu hosp,2025-11-01,49,quantile,0.85,26.346166922783326
2025-10-25,0,wk inc flu hosp,2025-11-01,49,quantile,0.9,32.62247334393047
2025-10-25,0,wk inc flu hosp,2025-11-01,49,quantile,0.95,41.924904920246064
2025-10-25,0,wk inc flu hosp,2025-11-01,49,quantile,0.975,49.99337700406748
2025-10-25,0,wk inc flu hosp,2025-11-01,49,quantile,0.99,59.37471948681337
2025-11-01,0,wk inc flu hosp,2025-11-08,49,quantile,0.01,0.0
2025-11-01,0,wk inc flu hosp,2025-11-08,49,quantile,0.025,0.0
2025-11-01,0,wk inc flu hosp,2025-11-08,49,quantile,0.05,0.0
2025-11-01,0,wk inc flu hosp,2025-11-08,49,quantile,0.1,0.0
2025-11-01,0,wk inc flu hosp,2025-11-08,49,quantile,0.15,0.0
2025-11-01,0,wk inc flu hosp,2025-11-08,49,quantile,0.2,0.0
2025-11-01,0,wk inc flu hosp,2025-11-08,49,quantile,0.25,0.0
2025-11-01,0,wk inc flu hosp,2025-11-08,49,quantile,0.3,0.0
2025-11-01,0,wk inc flu hosp,2025-11-08,49,quantile,0.35,0.0
2025-11-01,0,wk inc flu hosp,2025-11-08,49,quantile,0.4,0.0
2025-11-01,0,wk inc flu hosp,2025-11-08,49,quantile,0.45,0.0
2025-11-01,0,wk inc flu hosp,2025-11-08,49,quantile,0.5,1.7224986511841667
2025-11-01,0,wk inc flu hosp,2025-11-08,49,quantile,0.55,4.751671058481701
2025-11-01,0,wk inc flu hosp,2025-11-08,49,quantile,0.6,7.829643556871119
2025-11-01,0,wk inc flu hosp,2025-11-08,49,quantile,0.65,11.010972426297851
2025-11-01,0,wk inc flu hosp,2025-11-08,49,quantile,0.7,14.363613864599005
2025-11-01,0,wk inc flu hosp,2025-11-08,49,quantile,0.75,17.981641111716183
2025-11-01,0,wk inc flu hosp,2025-11-08,49,quantile,0.8,22.010486023108797
2025-11-01,0,wk inc flu hosp,2025-11-08,49,quantile,0.85,26.706596816845945
2025-11-01,0,wk inc flu hosp,2025-11-08,49,quantile,0.9,32.61537651723026
2025-11-01,0,wk inc flu hosp,2025-11-08,49,quantile,0.95,41.373078129303764
2025-11-01,0,wk inc flu hosp,2025-11-08,49,quantile,0.975,48.96907820689205
2025-11-01,0,wk inc flu hosp,2025-11-08,49,quantile,0.99,57.801069876009805
2025-11-08,0,wk inc flu hosp,2025-11-15,49,quantile,0.01,0.0
2025-11-08,0,wk inc flu hosp,2025-11-15,49,quantile,0.025,0.0
2025-11-08,0,wk inc flu hosp,2025-11-15,49,quantile,0.05,0.0
2025-11-08,0,wk inc flu hosp,2025-11-15,49,quantile,0.1,0.0
2025-11-08,0,wk inc flu hosp,2025-11-15,49,quantile,0.15,0.0
2025-11-08,0,wk inc flu hosp,2025-11-15,49,quantile,0.2,0.0
2025-11-08,0,wk inc flu hosp,2025-11-15,49,quantile,0.25,0.0
2025-11-08,0,wk inc flu hosp,2025-11-15,49,quantile,0.3,0.0
2025-11-08,0,wk inc flu hosp,2025-11-15,49,quantile,0.35,0.0
2025-11-08,0,wk inc flu hosp,2025-11-15,49,quantile,0.4,0.0
2025-11-08,0,wk inc flu hosp,2025-11-15,49,quantile,0.45,0.0
2025-11-08,0,wk inc flu hosp,2025-11-15,49,quantile,0.5,0.8213792882488915
2025-11-08,0,wk inc flu hosp,2025-11-15,49,quantile,0.55,3.6773737890637834
2025-11-08,0,wk inc flu hosp,2025-11-15,49,quantile,0.6,6.579378477830317
2025-11-08,0,wk inc flu hosp,2025-11-15,49,quantile,0.65,9.578830649808973
2025-11-08,0,wk inc flu hosp,2025-11-15,49,quantile,0.7,12.739801444315399
2025-11-08,0,wk inc flu hosp,2025-11-15,49,quantile,0.75,16.15098593043836
2025-11-08,0,wk inc flu hosp,2025-11-15,49,quantile,0.8,19.949501618701458
2025-11-08,0,wk inc flu hosp,2025-11-15,49,quantile,0.85,24.37713557239123
2025-11-08,0,wk inc flu hosp,2025-11-15,49,quantile,0.9,29.948110103312576
2025-11-08,0,wk inc flu hosp,2025-11-15,49,quantile,0.95,38.20513356741245
2025-11-08,0,wk inc flu hosp,2025-11-15,49,quantile,0.975,45.366870019757854
2025-11-08,0,wk inc flu hosp,2025-11-15,49,quantile,0.99,53.69393637539882
2025-09-13,0,wk inc flu hosp,2025-09-20,50,quantile,0.01,0.0
2025-09-13,0,wk inc flu hosp,2025-09-20,50,quantile,0.025,0.0
2025-09-13,0,wk inc flu hosp,2025-09-20,50,quantile,0.05,0.0
2025-09-13,0,wk inc flu hosp,2025-09-20,50,quantile,0.1,0.0
2025-09-13,0,wk inc flu hosp,2025-09-20,50,quantile,0.15,0.0
2025-09-13,0,wk inc flu hosp,2025-09-20,50,quantile,0.2,0.0
2025-09-13,0,wk inc flu hosp,2025-09-20,50,quantile,0.25,0.0
2025-09-13,0,wk inc flu hosp,2025-09-20,50,quantile,0.3,0.0
2025-09-13,0,wk inc flu hosp,2025-09-20,50,quantile,0.35,0.0
2025-09-13,0,wk inc flu hosp,2025-09-20,50,quantile,0.4,0.0
2025-09-13,0,wk inc flu hosp,2025-09-20,50,quantile,0.45,0.0
2025-09-13,0,wk inc flu hosp,2025-09-20,50,quantile,0.5,0.0
2025-09-13,0,wk inc flu hosp,2025-09-20,50,quantile,0.55,0.4739216717215411
2025-09-13,0,wk inc flu hosp,2025-09-20,50,quantile,0.6,1.3913155725070068
2025-09-13,0,wk inc flu hosp,2025-09-20,50,quantile,0.65,2.3395149806342594
2025-09-13,0,wk inc flu hosp,2025-09-20,50,quantile,0.7,3.338774333545138
2025-09-13,0,wk inc flu hosp,2025-09-20,50,quantile,0.75,4.4171322886983155
2025-09-13,0,wk inc flu hosp,2025-09-20,50,quantile,0.8,5.617935008948784
2025-09-13,0,wk inc flu hosp,2025-09-20,50,quantile,0.85,7.01761723542792
2025-09-13,0,wk inc flu hosp,2025-09-20,50,quantile,0.9,8.778737083332334
2025-09-13,0,wk inc flu hosp,2025-09-20,50,quantile,0.95,11.388981992284345
2025-09-13,0,wk inc flu hosp,2025-09-20,50,quantile,0.975,13.652980174591617
2025-09-13,0,wk inc flu hosp,2025-09-20,50,quantile,0.99,16.28536733636007
2025-09-20,0,wk inc flu hosp,2025-09-27,50,quantile,0.01,0.0
2025-09-20,0,wk inc flu hosp,2025-09-27,50,quantile,0.025,0.0
2025-09-20,0,wk inc flu hosp,2025-09-27,50,quantile,0.05,0.0
2025-09-20,0,wk inc flu hosp,2025-09-27,50,quantile,0.1,0.0
2025-09-20,0,wk inc flu hosp,2025-09-27,50,quantile,0.15,0.0
2025-09-20,0,wk inc flu hosp,2025-09-27,50,quantile,0.2,0.0
2025-09-20,0,wk inc flu hosp,2025-09-27,50,quantile,0.25,0.0
2025-09-20,0,wk inc flu hosp,2025-09-27,50,quantile,0.3,0.0
2025-09-20,0,wk inc flu hosp,2025-09-27,50,quantile,0.35,0.0
2025-09-20,0,wk inc flu hosp,2025-09-27,50,quantile,0.4,0.0
2025-09-20,0,wk inc flu hosp,2025-09-27,50,quantile,0.45,0.0
2025-09-20,0,wk inc flu hosp,2025-09-27,50,quantile,0.5,0.35191893873196345
2025-09-20,0,wk inc flu hosp,2025-09-27,50,quantile,0.55,1.2247610486106812
2025-09-20,0,wk inc flu hosp,2025-09-27,50,quantile,0.6,2.1116646804972907
2025-09-20,0,wk inc flu hosp,2025-09-27,50,quantile,0.65,3.0283499757676955
2025-09-20,0,wk inc flu hosp,2025-09-27,50,quantile,0.7,3.994398200564617
2025-09-20,0,wk inc flu hosp,2025-09-27,50,quantile,0.75,5.036916126703332
2025-09-20,0,wk inc flu hosp,2025-09-27,50,quantile,0.8,6.197809275063725
2025-09-20,0,wk inc flu hosp,2025-09-27,50,quantile,0.85,7.55097202128279
2025-09-20,0,wk inc flu hosp,2025-09-27,50,quantile,0.9,9.25355974064379
2025-09-20,0,wk inc flu hosp,2025-09-27,50,quantile,0.95,11.777051217839086
2025-09-20,0,wk inc flu hosp,2025-09-27,50,quantile,0.975,13.96580373598185
2025-09-20,0,wk inc flu hosp,2025-09-27,50,quantile,0.99,16.51070155174583
2025-09-27,0,wk inc flu hosp,2025-10-04,50,quantile,0.01,0.0
2025-09-27,0,wk inc flu hosp,2025-10-04,50,quantile,0.025,0.0
2025-09-27,0,wk inc flu hosp,2025-10-04,50,quantile,0.05,0.0
2025-09-27,0,wk inc flu hosp,2025-10-04,50,quantile,0.1,0.0
2025-09-27,0,wk inc flu hosp,2025-10-04,50,quantile,0.15,0.0
2025-09-27,0,wk inc flu hosp,2025-10-04,50,quantile,0.2,0.0
2025-09-27,0,wk inc flu hosp,2025-10-04,50,quantile,0.25,0.0
2025-09-27,0,wk inc flu hosp,2025-10-04,50,quantile,0.3,0.0
2025-09-27,0,wk inc flu hosp,2025-10-04,50,quantile,0.35,0.0
2025-09-27,0,wk inc flu hosp,2025-10-04,50,quantile,0.4,0.0
2025-09-27,0,wk inc flu hosp,2025-10-04,50,quantile,0.45,0.0
2025-09-27,0,wk inc flu hosp,2025-10-04,50,quantile,0.5,0.6679871048945797
2025-09-27,0,wk inc flu hosp,2025-10-04,50,quantile,0.55,1.637415879856257
2025-09-27,0,wk inc flu hosp,2025-10-04,50,quantile,0.6,2.622462191941689
2025-09-27,0,wk inc flu hosp,2025-10-04,50,quantile,0.65,3.6405857365800807
2025-09-27,0,wk inc flu hosp,2025-10-04,50,quantile,0.7,4.713534596997587
2025-09-27,0,wk inc flu hosp,2025-10-04,50,quantile,0.75,5.8714151169379845
2025-09-27,0,wk inc flu hosp,2025-10-04,50,quantile,0.8,7.160769984146208
2025-09-27,0,wk inc flu hosp,2025-10-04,50,quantile,0.85,8.663670552925142
2025-09-27,0,wk inc flu hosp,2025-10-04,50,quantile,0.9,10.554662644581072
2025-09-27,0,wk inc flu hosp,2025-10-04,50,quantile,0.95,13.357397782673333
2025-09-27,0,wk inc flu hosp,2025-10-04,50,quantile,0.975,15.788352531926046
2025-09-27,0,wk inc flu hosp,2025-10-04,50,quantile,0.99,18.614862783913686
2025-10-04,0,wk inc flu hosp,2025-10-11,50,quantile,0.01,0.0
2025-10-04,0,wk inc flu hosp,2025-10-11,50,quantile,0.025,0.0
2025-10-04,0,wk inc flu hosp,2025-10-11,50,quantile,0.05,0.0
2025-10-04,0,wk inc flu hosp,2025-10-11,50,quantile,0.1,0.0
2025-10-04,0,wk inc flu hosp,2025-10-11,50,quantile,0.15,0.0
2025-10-04,0,wk inc flu hosp,2025-10-11,50,quantile,0.2,0.0
2025-10-04,0,wk inc flu hosp,2025-10-11,50,quantile,0.25,0.0
2025-10-04,0,wk inc flu hosp,2025-10-11,50,quantile,0.3,0.0
2025-10-04,0,wk inc flu hosp,2025-10-11,50,quantile,0.35,0.0
2025-10-04,0,wk inc flu hosp,2025-10-11,50,quantile,0.4,0.0
2025-10-04,0,wk inc flu hosp,2025-10-11,50,quantile,0.45,0.0
2025-10-04,0,wk inc flu hosp,2025-10-11,50,quantile,0.5,0.0
2025-10-04,0,wk inc flu hosp,2025-10-11,50,quantile,0.55,0.9356210185925667
2025-10-04,0,wk inc flu hosp,2025-10-11,50,quantile,0.6,1.8892898409956596
2025-10-04,0,wk inc flu hosp,2025-10-11,50,quantile,0.65,2.874982259680587
2025-10-04,0,wk inc flu hosp,2025-10-11,50,quantile,0.7,3.9137535983060947
2025-10-04,0,wk inc flu hosp,2025-10-11,50,quantile,0.75,5.034751198507526
2025-10-04,0,wk inc flu hosp,2025-10-11,50,quantile,0.8,6.2830351855486555
2025-10-04,0,wk inc flu hosp,2025-10-11,50,quantile,0.85,7.738062627438145
2025-10-04,0,wk inc flu hosp,2025-10-11,50,quantile,0.9,9.568819393995806
2025-10-04,0,wk inc flu hosp,2025-10-11,50,quantile,0.95,12.282276706468238
2025-10-04,0,wk inc flu hosp,2025-10-11,50,quantile,0.975,14.63579625635309
2025-10-04,0,wk inc flu hosp,2025-10-11,50,quantile,0.99,17.37227135447979
2025-10-11,0,wk inc flu hosp,2025-10-18,50,quantile,0.01,0.0
2025-10-11,0,wk inc flu hosp,2025-10-18,50,quantile,0.025,0.0
2025-10-11,0,wk inc flu hosp,2025-10-18,50,quantile,0.05,0.0
2025-10-11,0,wk inc flu hosp,2025-10-18,50,quantile,0.1,0.0
2025-10-11,0,wk inc flu hosp,2025-10-18,50,quantile,0.15,0.0
2025-10-11,0,wk inc flu hosp,2025-10-18,50,quantile,0.2,0.0
2025-10-11,0,wk inc flu hosp,2025-10-18,50,quantile,0.25,0.0
2025-10-11,0,wk inc flu hosp,2025-10-18,50,quantile,0.3,0.0
2025-10-11,0,wk inc flu hosp,2025-10-18,50,quantile,0.35,0.0
2025-10-11,0,wk inc flu hosp,2025-10-18,50,quantile,0.4,0.0
2025-10-11,0,wk inc flu hosp,2025-10-18,50,quantile,0.45,0.0
2025-10-11,0,wk inc flu hosp,2025-10-18,50,quantile,0.5,0.0
2025-10-11,0,wk inc flu hosp,2025-10-18,50,quantile,0.55,0.8656575720334302
2025-10-11,0,wk inc flu hosp,2025-10-18,50,quantile,0.6,1.8809058001745553
2025-10-11,0,wk inc flu hosp,2025-10-18,50,quantile,0.65,2.930245422120413
2025-10-11,0,wk inc flu hosp,2025-10-18,50,quantile,0.7,4.036091326074661
2025-10-11,0,wk inc flu hosp,2025-10-18,50,quantile,0.75,5.229472928387244
2025-10-11,0,wk inc flu hosp,2025-10-18,50,quantile,0.8,6.558359934326063
2025-10-11,0,wk inc flu hosp,2025-10-18,50,quantile,0.85,8.107340038921153
2025-10-11,0,wk inc flu hosp,2025-10-18,50,quantile,0.9,10.056310708552022
2025-10-11,0,wk inc flu hosp,2025-10-18,50,quantile,0.95,12.944978833071893
2025-10-11,0,wk inc flu hosp,2025-10-18,50,quantile,0.975,15.450467632522392
2025-10-11,0,wk inc flu hosp,2025-10-18,50,quantile,0.99,18.363639825490615
2025-10-18,0,wk inc flu hosp,2025-10-25,50,quantile,0.01,0.0
2025-10-18,0,wk inc flu hosp,2025-10-25,50,quantile,0.025,0.0
2025-10-18,0,wk inc flu hosp,2025-10-25,50,quantile,0.05,0.0
2025-10-18,0,wk inc flu hosp,2025-10-25,50,quantile,0.1,0.0
2025-10-18,0,wk inc flu hosp,2025-10-25,50,quantile,0.15,0.0
2025-10-18,0,wk inc flu hosp,2025-10-25,50,quantile,0.2,0.0
2025-10-18,0,wk inc flu hosp,2025-10-25,50,quantile,0.25,0.0
2025-10-18,0,wk inc flu hosp,2025-10-25,50,quantile,0.3,0.0
2025-10-18,0,wk inc flu hosp,2025-10-25,50,quantile,0.35,0.0
2025-10-18,0,wk inc flu hosp,2025-10-25,50,quantile,0.4,0.0
2025-10-18,0,wk inc flu hosp,2025-10-25,50,quantile,0.45,0.0
2025-10-18,0,wk inc flu hosp,2025-10-25,50,quantile,0.5,0.0
2025-10-18,0,wk inc flu hosp,2025-10-25,50,quantile,0.55,0.8116787572719815
2025-10-18,0,wk inc flu hosp,2025-10-25,50,quantile,0.6,1.6945108056111127
2025-10-18,0,wk inc flu hosp,2025-10-25,50,quantile,0.65,2.606987796131994
2025-10-18,0,wk inc flu hosp,2025-10-25,50,quantile,0.7,3.5686011016020127
2025-10-18,0,wk inc flu hosp,2025-10-25,50,quantile,0.75,4.60633305248546
2025-10-18,0,wk inc flu hosp,2025-10-25,50,quantile,0.8,5.761896790441714
2025-10-18,0,wk inc flu hosp,2025-10-25,50,quantile,0.85,7.1088474579450285
2025-10-18,0,wk inc flu hosp,2025-10-25,50,quantile,0.9,8.803618963799785
2025-10-18,0,wk inc flu hosp,2025-10-25,50,quantile,0.95,11.315525635147694
2025-10-18,0,wk inc flu hosp,2025-10-25,50,quantile,0.975,13.494230061906038
2025-10-18,0,wk inc flu hosp,2025-10-25,50,quantile,0.99,16.02744479993288
2025-10-25,0,wk inc flu hosp,2025-11-01,50,quantile,0.01,0.0
2025-10-25,0,wk inc flu hosp,2025-11-01,50,quantile,0.025,0.0
2025-10-25,0,wk inc flu hosp,2025-11-01,50,quantile,0.05,0.0
2025-10-25,0,wk inc flu hosp,2025-11-01,50,quantile,0.1,0.0
2025-10-25,0,wk inc flu hosp,2025-11-01,50,quantile,0.15,0.0
2025-10-25,0,wk inc flu hosp,2025-11-01,50,quantile,0.2,0.0
2025-10-25,0,wk inc flu hosp,2025-11-01,50,quantile,0.25,0.0
2025-10-25,0,wk inc flu hosp,2025-11-01,50,quantile,0.3,0.0
2025-10-25,0,wk inc flu hosp,2025-11-01,50,quantile,0.35,0.0
2025-10-25,0,wk inc flu hosp,2025-11-01,50,quantile,0.4,0.0
2025-10-25,0,wk inc flu hosp,2025-11-01,50,quantile,0.45,0.0
2025-10-25,0,wk inc flu hosp,2025-11-01,50,quantile,0.5,0.0
2025-10-25,0,wk inc flu hosp,2025-11-01,50,quantile,0.55,0.25867450963370897
2025-10-25,0,wk inc flu hosp,2025-11-01,50,quantile,0.6,0.6991799939448483
2025-10-25,0,wk inc flu hosp,2025-11-01,50,quantile,0.65,1.1544773739939314
2025-10-25,0,wk inc flu hosp,2025-11-01,50,quantile,0.7,1.6342922330523624
2025-10-25,0,wk inc flu hosp,2025-11-01,50,quantile,0.75,2.1520879071775223
2025-10-25,0,wk inc flu hosp,2025-11-01,50,quantile,0.8,2.7286779448845255
2025-10-25,0,wk inc flu hosp,2025-11-01,50,quantile,0.85,3.400764053729358
2025-10-25,0,wk inc flu hosp,2025-11-01,50,quantile,0.9,4.246401844504809
2025-10-25,0,wk inc flu hosp,2025-11-01,50,quantile,0.95,5.499764436957317
2025-10-25,0,wk inc flu hosp,2025-11-01,50,quantile,0.975,6.58686956695973
2025-10-25,0,wk inc flu hosp,2025-11-01,50,quantile,0.99,7.850864215928307
2025-11-01,0,wk inc flu hosp,2025-11-08,50,quantile,0.01,0.0
2025-11-01,0,wk inc flu hosp,2025-11-08,50,quantile,0.025,0.0
2025-11-01,0,wk inc flu hosp,2025-11-08,50,quantile,0.05,0.0
2025-11-01,0,wk inc flu hosp,2025-11-08,50,quantile,0.1,0.0
2025-11-01,0,wk inc flu hosp,2025-11-08,50,quantile,0.15,0.0
2025-11-01,0,wk inc flu hosp,2025-11-08,50,quantile,0.2,0.0
2025-11-01,0,wk inc flu hosp,2025-11-08,50,quantile,0.25,0.0
2025-11-01,0,wk inc flu hosp,2025-11-08,50,quantile,0.3,0.0
2025-11-01,0,wk inc flu hosp,2025-11-08,50,quantile,0.35,0.0
2025-11-01,0,wk inc flu hosp,2025-11-08,50,quantile,0.4,0.0
2025-11-01,0,wk inc flu hosp,2025-11-08,50,quantile,0.45,0.0
2025-11-01,0,wk inc flu hosp,2025-11-08,50,quantile,0.5,0.08309927364179305
2025-11-01,0,wk inc flu hosp,2025-11-08,50,quantile,0.55,0.9184762240541603
2025-11-01,0,wk inc flu hosp,2025-11-08,50,quantile,0.6,1.7673111312265894
2025-11-01,0,wk inc flu hosp,2025-11-08,50,quantile,0.65,2.6446493780685723
2025-11-01,0,wk inc flu hosp,2025-11-08,50,quantile,0.7,3.569231740500958
2025-11-01,0,wk inc flu hosp,2025-11-08,50,quantile,0.75,4.567001481478507
2025-11-01,0,wk inc flu hosp,2025-11-08,50,quantile,0.8,5.6780654036427
2025-11-01,0,wk inc flu hosp,2025-11-08,50,quantile,0.85,6.973146101004079
2025-11-01,0,wk inc flu hosp,2025-11-08,50,quantile,0.9,8.602653340299591
2025-11-01,0,wk inc flu hosp,2025-11-08,50,quantile,0.95,11.017828537224869
2025-11-01,0,wk inc flu hosp,2025-11-08,50,quantile,0.975,13.112632835871224
2025-11-01,0,wk inc flu hosp,2025-11-08,50,quantile,0.99,15.54829554323007
2025-11-08,0,wk inc flu hosp,2025-11-15,50,quantile,0.01,0.0
2025-11-08,0,wk inc flu hosp,2025-11-15,50,quantile,0.025,0.0
2025-11-08,0,wk inc flu hosp,2025-11-15,50,quantile,0.05,0.0
2025-11-08,0,wk inc flu hosp,2025-11-15,50,quantile,0.1,0.0
2025-11-08,0,wk inc flu hosp,2025-11-15,50,quantile,0.15,0.0
2025-11-08,0,wk inc flu hosp,2025-11-15,50,quantile,0.2,0.0
2025-11-08,0,wk inc flu hosp,2025-11-15,50,quantile,0.25,0.0
2025-11-08,0,wk inc flu hosp,2025-11-15,50,quantile,0.3,0.0
2025-11-08,0,wk inc flu hosp,2025-11-15,50,quantile,0.35,0.0
2025-11-08,0,wk inc flu hosp,2025-11-15,50,quantile,0.4,0.0
2025-11-08,0,wk inc flu hosp,2025-11-15,50,quantile,0.45,0.5365657556786002
2025-11-08,0,wk inc flu hosp,2025-11-15,50,quantile,0.5,1.2373284724260647
2025-11-08,0,wk inc flu hosp,2025-11-15,50,quantile,0.55,1.93809118917353
2025-11-08,0,wk inc flu hosp,2025-11-15,50,quantile,0.6,2.650143221883562
2025-11-08,0,wk inc flu hosp,2025-11-15,50,quantile,0.65,3.3861055117934757
2025-11-08,0,wk inc flu hosp,2025-11-15,50,quantile,0.7,4.161698910480235
2025-11-08,0,wk inc flu hosp,2025-11-15,50,quantile,0.75,4.998686134069175
2025-11-08,0,wk inc flu hosp,2025-11-15,50,quantile,0.8,5.930711098597508
2025-11-08,0,wk inc flu hosp,2025-11-15,50,quantile,0.85,7.01710002450954
2025-11-08,0,wk inc flu hosp,2025-11-15,50,quantile,0.9,8.384025362112776
2025-11-08,0,wk inc flu hosp,2025-11-15,50,quantile,0.95,10.410014625502194
2025-11-08,0,wk inc flu hosp,2025-11-15,50,quantile,0.975,12.167258167652907
2025-11-08,0,wk inc flu hosp,2025-11-15,50,quantile,0.99,14.210433545004094
2025-09-13,0,wk inc flu hosp,2025-09-20,51,quantile,0.01,0.0
2025-09-13,0,wk inc flu hosp,2025-09-20,51,quantile,0.025,0.0
2025-09-13,0,wk inc flu hosp,2025-09-20,51,quantile,0.05,0.0
2025-09-13,0,wk inc flu hosp,2025-09-20,51,quantile,0.1,0.0
2025-09-13,0,wk inc flu hosp,2025-09-20,51,quantile,0.15,0.0
2025-09-13,0,wk inc flu hosp,2025-09-20,51,quantile,0.2,0.0
2025-09-13,0,wk inc flu hosp,2025-09-20,51,quantile,0.25,0.0
2025-09-13,0,wk inc flu hosp,2025-09-20,51,quantile,0.3,0.0
2025-09-13,0,wk inc flu hosp,2025-09-20,51,quantile,0.35,0.0
2025-09-13,0,wk inc flu hosp,2025-09-20,51,quantile,0.4,0.0
2025-09-13,0,wk inc flu hosp,2025-09-20,51,quantile,0.45,3.6616303954289933
2025-09-13,0,wk inc flu hosp,2025-09-20,51,quantile,0.5,12.48139318198023
2025-09-13,0,wk inc flu hosp,2025-09-20,51,quantile,0.55,21.301155968531475
2025-09-13,0,wk inc flu hosp,2025-09-20,51,quantile,0.6,30.263005493478865
2025-09-13,0,wk inc flu hosp,2025-09-20,51,quantile,0.65,39.52578826106105
2025-09-13,0,wk inc flu hosp,2025-09-20,51,quantile,0.7,49.287366084410664
2025-09-13,0,wk inc flu hosp,2025-09-20,51,quantile,0.75,59.8216433668718
2025-09-13,0,wk inc flu hosp,2025-09-20,51,quantile,0.8,71.55206067051678
2025-09-13,0,wk inc flu hosp,2025-09-20,51,quantile,0.85,85.22529469322993
2025-09-13,0,wk inc flu hosp,2025-09-20,51,quantile,0.9,102.42934527477883
2025-09-13,0,wk inc flu hosp,2025-09-20,51,quantile,0.95,127.92833984762186
2025-09-13,0,wk inc flu hosp,2025-09-20,51,quantile,0.975,150.04491487305026
2025-09-13,0,wk inc flu hosp,2025-09-20,51,quantile,0.99,175.76021297452417
2025-09-20,0,wk inc flu hosp,2025-09-27,51,quantile,0.01,0.0
2025-09-20,0,wk inc flu hosp,2025-09-27,51,quantile,0.025,0.0
2025-09-20,0,wk inc flu hosp,2025-09-27,51,quantile,0.05,0.0
2025-09-20,0,wk inc flu hosp,2025-09-27,51,quantile,0.1,0.0
2025-09-20,0,wk inc flu hosp,2025-09-27,51,quantile,0.15,0.0
2025-09-20,0,wk inc flu hosp,2025-09-27,51,quantile,0.2,0.0
2025-09-20,0,wk inc flu hosp,2025-09-27,51,quantile,0.25,0.0
2025-09-20,0,wk inc flu hosp,2025-09-27,51,quantile,0.3,0.0
2025-09-20,0,wk inc flu hosp,2025-09-27,51,quantile,0.35,0.0
2025-09-20,0,wk inc flu hosp,2025-09-27,51,quantile,0.4,0.0
2025-09-20,0,wk inc flu hosp,2025-09-27,51,quantile,0.45,2.858350888162777
2025-09-20,0,wk inc flu hosp,2025-09-27,51,quantile,0.5,12.062792401938925
2025-09-20,0,wk inc flu hosp,2025-09-27,51,quantile,0.55,21.26723391571508
2025-09-20,0,wk inc flu hosp,2025-09-27,51,quantile,0.6,30.619959357880422
2025-09-20,0,wk inc flu hosp,2025-09-27,51,quantile,0.65,40.286743408924295
2025-09-20,0,wk inc flu hosp,2025-09-27,51,quantile,0.7,50.47407773204269
2025-09-20,0,wk inc flu hosp,2025-09-27,51,quantile,0.75,61.467813219369674
2025-09-20,0,wk inc flu hosp,2025-09-27,51,quantile,0.8,73.70985902226002
2025-09-20,0,wk inc flu hosp,2025-09-27,51,quantile,0.85,87.97945854688054
2025-09-20,0,wk inc flu hosp,2025-09-27,51,quantile,0.9,105.9338731054419
2025-09-20,0,wk inc flu hosp,2025-09-27,51,quantile,0.95,132.54502012673328
2025-09-20,0,wk inc flu hosp,2025-09-27,51,quantile,0.975,155.62622154147107
2025-09-20,0,wk inc flu hosp,2025-09-27,51,quantile,0.99,182.4631062868588
2025-09-27,0,wk inc flu hosp,2025-10-04,51,quantile,0.01,0.0
2025-09-27,0,wk inc flu hosp,2025-10-04,51,quantile,0.025,0.0
2025-09-27,0,wk inc flu hosp,2025-10-04,51,quantile,0.05,0.0
2025-09-27,0,wk inc flu hosp,2025-10-04,51,quantile,0.1,0.0
2025-09-27,0,wk inc flu hosp,2025-10-04,51,quantile,0.15,0.0
2025-09-27,0,wk inc flu hosp,2025-10-04,51,quantile,0.2,0.0
2025-09-27,0,wk inc flu hosp,2025-10-04,51,quantile,0.25,0.0
2025-09-27,0,wk inc flu hosp,2025-10-04,51,quantile,0.3,0.0
2025-09-27,0,wk inc flu hosp,2025-10-04,51,quantile,0.35,0.0
2025-09-27,0,wk inc flu hosp,2025-10-04,51,quantile,0.4,0.0
2025-09-27,0,wk inc flu hosp,2025-10-04,51,quantile,0.45,6.724498093893073
2025-09-27,0,wk inc flu hosp,2025-10-04,51,quantile,0.5,15.806335618870184
2025-09-27,0,wk inc flu hosp,2025-10-04,51,quantile,0.55,24.888173143847304
2025-09-27,0,wk inc flu hosp,2025-10-04,51,quantile,0.6,34.116319441951
2025-09-27,0,wk inc flu hosp,2025-10-04,51,quantile,0.65,43.65434106001694
2025-09-27,0,wk inc flu hosp,2025-10-04,51,quantile,0.7,53.70597917371576
2025-09-27,0,wk inc flu hosp,2025-10-04,51,quantile,0.75,64.55327711558922
2025-09-27,0,wk inc flu hosp,2025-10-04,51,quantile,0.8,76.63225776735133
2025-09-27,0,wk inc flu hosp,2025-10-04,51,quantile,0.85,90.71178494291462
2025-09-27,0,wk inc flu hosp,2025-10-04,51,quantile,0.9,108.42704508475917
2025-09-27,0,wk inc flu hosp,2025-10-04,51,quantile,0.95,134.68372923435487
2025-09-27,0,wk inc flu hosp,2025-10-04,51,quantile,0.975,157.457486970355
2025-09-27,0,wk inc flu hosp,2025-10-04,51,quantile,0.99,183.93690199725955
2025-10-04,0,wk inc flu hosp,2025-10-11,51,quantile,0.01,0.0
2025-10-04,0,wk inc flu hosp,2025-10-11,51,quantile,0.025,0.0
2025-10-04,0,wk inc flu hosp,2025-10-11,51,quantile,0.05,0.0
2025-10-04,0,wk inc flu hosp,2025-10-11,51,quantile,0.1,0.0
2025-10-04,0,wk inc flu hosp,2025-10-11,51,quantile,0.15,0.0
2025-10-04,0,wk inc flu hosp,2025-10-11,51,quantile,0.2,0.0
2025-10-04,0,wk inc flu hosp,2025-10-11,51,quantile,0.25,0.0
2025-10-04,0,wk inc flu hosp,2025-10-11,51,quantile,0.3,0.0
2025-10-04,0,wk inc flu hosp,2025-10-11,51,quantile,0.35,0.0
2025-10-04,0,wk inc flu hosp,2025-10-11,51,quantile,0.4,0.14231169772715546
2025-10-04,0,wk inc flu hosp,2025-10-11,51,quantile,0.45,9.467596859871481
2025-10-04,0,wk inc flu hosp,2025-10-11,51,quantile,0.5,18.645033148899294
2025-10-04,0,wk inc flu hosp,2025-10-11,51,quantile,0.55,27.82246943792712
2025-10-04,0,wk inc flu hosp,2025-10-11,51,quantile,0.6,37.14775460007144
2025-10-04,0,wk inc flu hosp,2025-10-11,51,quantile,0.65,46.78617694383504
2025-10-04,0,wk inc flu hosp,2025-10-11,51,quantile,0.7,56.943622299483714
2025-10-04,0,wk inc flu hosp,2025-10-11,51,quantile,0.75,67.90510289147406
2025-10-04,0,wk inc flu hosp,2025-10-11,51,quantile,0.8,80.11123133883646
2025-10-04,0,wk inc flu hosp,2025-10-11,51,quantile,0.85,94.33896479894298
2025-10-04,0,wk inc flu hosp,2025-10-11,51,quantile,0.9,112.24070228854225
2025-10-04,0,wk inc flu hosp,2025-10-11,51,quantile,0.95,138.77377395838013
2025-10-04,0,wk inc flu hosp,2025-10-11,51,quantile,0.975,161.78725664941985
2025-10-04,0,wk inc flu hosp,2025-10-11,51,quantile,0.99,188.54540374374972
2025-10-11,0,wk inc flu hosp,2025-10-18,51,quantile,0.01,0.0
2025-10-11,0,wk inc flu hosp,2025-10-18,51,quantile,0.025,0.0
2025-10-11,0,wk inc flu hosp,2025-10-18,51,quantile,0.05,0.0
2025-10-11,0,wk inc flu hosp,2025-10-18,51,quantile,0.1,0.0
2025-10-11,0,wk inc flu hosp,2025-10-18,51,quantile,0.15,0.0
2025-10-11,0,wk inc flu hosp,2025-10-18,51,quantile,0.2,0.0
2025-10-11,0,wk inc flu hosp,2025-10-18,51,quantile,0.25,0.0
2025-10-11,0,wk inc flu hosp,2025-10-18,51,quantile,0.3,0.0
2025-10-11,0,wk inc flu hosp,2025-10-18,51,quantile,0.35,0.0
2025-10-11,0,wk inc flu hosp,2025-10-18,51,quantile,0.4,2.1944477984242425
2025-10-11,0,wk inc flu hosp,2025-10-18,51,quantile,0.45,11.418339917926275
2025-10-11,0,wk inc flu hosp,2025-10-18,51,quantile,0.5,20.4959907126962
2025-10-11,0,wk inc flu hosp,2025-10-18,51,quantile,0.55,29.573641507466135
2025-10-11,0,wk inc flu hosp,2025-10-18,51,quantile,0.6,38.79753362696816
2025-10-11,0,wk inc flu hosp,2025-10-18,51,quantile,0.65,48.331158213803874
2025-10-11,0,wk inc flu hosp,2025-10-18,51,quantile,0.7,58.37816251889221
2025-10-11,0,wk inc flu hosp,2025-10-18,51,quantile,0.75,69.22045985270209
2025-10-11,0,wk inc flu hosp,2025-10-18,51,quantile,0.8,81.29387209024982
2025-10-11,0,wk inc flu hosp,2025-10-18,51,quantile,0.85,95.36690859896659
2025-10-11,0,wk inc flu hosp,2025-10-18,51,quantile,0.9,113.07400199982288
2025-10-11,0,wk inc flu hosp,2025-10-18,51,quantile,0.95,139.31858180903953
2025-10-11,0,wk inc flu hosp,2025-10-18,51,quantile,0.975,162.08184083492927
2025-10-11,0,wk inc flu hosp,2025-10-18,51,quantile,0.99,188.54904884244408
2025-10-18,0,wk inc flu hosp,2025-10-25,51,quantile,0.01,0.0
2025-10-18,0,wk inc flu hosp,2025-10-25,51,quantile,0.025,0.0
2025-10-18,0,wk inc flu hosp,2025-10-25,51,quantile,0.05,0.0
2025-10-18,0,wk inc flu hosp,2025-10-25,51,quantile,0.1,0.0
2025-10-18,0,wk inc flu hosp,2025-10-25,51,quantile,0.15,0.0
2025-10-18,0,wk inc flu hosp,2025-10-25,51,quantile,0.2,0.0
2025-10-18,0,wk inc flu hosp,2025-10-25,51,quantile,0.25,0.0
2025-10-18,0,wk inc flu hosp,2025-10-25,51,quantile,0.3,0.0
2025-10-18,0,wk inc flu hosp,2025-10-25,51,quantile,0.35,0.0
2025-10-18,0,wk inc flu hosp,2025-10-25,51,quantile,0.4,0.0
2025-10-18,0,wk inc flu hosp,2025-10-25,51,quantile,0.45,8.984702944638604
2025-10-18,0,wk inc flu hosp,2025-10-25,51,quantile,0.5,18.33950722587622
2025-10-18,0,wk inc flu hosp,2025-10-25,51,quantile,0.55,27.694311507113845
2025-10-18,0,wk inc flu hosp,2025-10-25,51,quantile,0.6,37.199822067060246
2025-10-18,0,wk inc flu hosp,2025-10-25,51,quantile,0.65,47.02452166357115
2025-10-18,0,wk inc flu hosp,2025-10-25,51,quantile,0.7,57.378275185462954
2025-10-18,0,wk inc flu hosp,2025-10-25,51,quantile,0.75,68.55160315432613
2025-10-18,0,wk inc flu hosp,2025-10-25,51,quantile,0.8,80.99363370192451
2025-10-18,0,wk inc flu hosp,2025-10-25,51,quantile,0.85,95.4963398709707
2025-10-18,0,wk inc flu hosp,2025-10-25,51,quantile,0.9,113.74405581638267
2025-10-18,0,wk inc flu hosp,2025-10-25,51,quantile,0.95,140.78991967578492
2025-10-18,0,wk inc flu hosp,2025-10-25,51,quantile,0.975,164.2481731165322
2025-10-18,0,wk inc flu hosp,2025-10-25,51,quantile,0.99,191.52346232723394
2025-10-25,0,wk inc flu hosp,2025-11-01,51,quantile,0.01,0.0
2025-10-25,0,wk inc flu hosp,2025-11-01,51,quantile,0.025,0.0
2025-10-25,0,wk inc flu hosp,2025-11-01,51,quantile,0.05,0.0
2025-10-25,0,wk inc flu hosp,2025-11-01,51,quantile,0.1,0.0
2025-10-25,0,wk inc flu hosp,2025-11-01,51,quantile,0.15,0.0
2025-10-25,0,wk inc flu hosp,2025-11-01,51,quantile,0.2,0.0
2025-10-25,0,wk inc flu hosp,2025-11-01,51,quantile,0.25,0.0
2025-10-25,0,wk inc flu hosp,2025-11-01,51,quantile,0.3,0.0
2025-10-25,0,wk inc flu hosp,2025-11-01,51,quantile,0.35,0.0
2025-10-25,0,wk inc flu hosp,2025-11-01,51,quantile,0.4,3.616747372752208
2025-10-25,0,wk inc flu hosp,2025-11-01,51,quantile,0.45,12.536483744287619
2025-10-25,0,wk inc flu hosp,2025-11-01,51,quantile,0.5,21.314801065563703
2025-10-25,0,wk inc flu hosp,2025-11-01,51,quantile,0.55,30.093118386839798
2025-10-25,0,wk inc flu hosp,2025-11-01,51,quantile,0.6,39.0128547583752
2025-10-25,0,wk inc flu hosp,2025-11-01,51,quantile,0.65,48.232110239471794
2025-10-25,0,wk inc flu hosp,2025-11-01,51,quantile,0.7,57.94781685919615
2025-10-25,0,wk inc flu hosp,2025-11-01,51,quantile,0.75,68.43259190062481
2025-10-25,0,wk inc flu hosp,2025-11-01,51,quantile,0.8,80.10788611141717
2025-10-25,0,wk inc flu hosp,2025-11-01,51,quantile,0.85,93.71686743713583
2025-10-25,0,wk inc flu hosp,2025-11-01,51,quantile,0.9,110.8400734542417
2025-10-25,0,wk inc flu hosp,2025-11-01,51,quantile,0.95,136.2192442041888
2025-10-25,0,wk inc flu hosp,2025-11-01,51,quantile,0.975,158.23188993305843
2025-10-25,0,wk inc flu hosp,2025-11-01,51,quantile,0.99,183.82634776702196
2025-11-01,0,wk inc flu hosp,2025-11-08,51,quantile,0.01,0.0
2025-11-01,0,wk inc flu hosp,2025-11-08,51,quantile,0.025,0.0
2025-11-01,0,wk inc flu hosp,2025-11-08,51,quantile,0.05,0.0
2025-11-01,0,wk inc flu hosp,2025-11-08,51,quantile,0.1,0.0
2025-11-01,0,wk inc flu hosp,2025-11-08,51,quantile,0.15,0.0
2025-11-01,0,wk inc flu hosp,2025-11-08,51,quantile,0.2,0.0
2025-11-01,0,wk inc flu hosp,2025-11-08,51,quantile,0.25,0.0
2025-11-01,0,wk inc flu hosp,2025-11-08,51,quantile,0.3,0.0
2025-11-01,0,wk inc flu hosp,2025-11-08,51,quantile,0.35,0.0
2025-11-01,0,wk inc flu hosp,2025-11-08,51,quantile,0.4,0.9787762510440459
2025-11-01,0,wk inc flu hosp,2025-11-08,51,quantile,0.45,10.157009256495195
2025-11-01,0,wk inc flu hosp,2025-11-08,51,quantile,0.5,19.18972484521732
2025-11-01,0,wk inc flu hosp,2025-11-08,51,quantile,0.55,28.222440433939454
2025-11-01,0,wk inc flu hosp,2025-11-08,51,quantile,0.6,37.400673439390594
2025-11-01,0,wk inc flu hosp,2025-11-08,51,quantile,0.65,46.88710570798483
2025-11-01,0,wk inc flu hosp,2025-11-08,51,quantile,0.7,56.88437641802537
2025-11-01,0,wk inc flu hosp,2025-11-08,51,quantile,0.75,67.67300338317479
2025-11-01,0,wk inc flu hosp,2025-11-08,51,quantile,0.8,79.68665112009788
2025-11-01,0,wk inc flu hosp,2025-11-08,51,quantile,0.85,93.69002480419908
2025-11-01,0,wk inc flu hosp,2025-11-08,51,quantile,0.9,111.30946646470275
2025-11-01,0,wk inc flu hosp,2025-11-08,51,quantile,0.95,137.42413319089522
2025-11-01,0,wk inc flu hosp,2025-11-08,51,quantile,0.975,160.0747119917165
2025-11-01,0,wk inc flu hosp,2025-11-08,51,quantile,0.99,186.4109048861568
2025-11-08,0,wk inc flu hosp,2025-11-15,51,quantile,0.01,0.0
2025-11-08,0,wk inc flu hosp,2025-11-15,51,quantile,0.025,0.0
2025-11-08,0,wk inc flu hosp,2025-11-15,51,quantile,0.05,0.0
2025-11-08,0,wk inc flu hosp,2025-11-15,51,quantile,0.1,0.0
2025-11-08,0,wk inc flu hosp,2025-11-15,51,quantile,0.15,0.0
2025-11-08,0,wk inc flu hosp,2025-11-15,51,quantile,0.2,0.0
2025-11-08,0,wk inc flu hosp,2025-11-15,51,quantile,0.25,0.0
2025-11-08,0,wk inc flu hosp,2025-11-15,51,quantile,0.3,1.8535451272590713
2025-11-08,0,wk inc flu hosp,2025-11-15,51,quantile,0.35,10.13343214087881
2025-11-08,0,wk inc flu hosp,2025-11-15,51,quantile,0.4,17.990235224887527
2025-11-08,0,wk inc flu hosp,2025-11-15,51,quantile,0.45,25.591783134707278
2025-11-08,0,wk inc flu hosp,2025-11-15,51,quantile,0.5,33.072811374311435
2025-11-08,0,wk inc flu hosp,2025-11-15,51,quantile,0.55,40.5538396139156
2025-11-08,0,wk inc flu hosp,2025-11-15,51,quantile,0.6,48.15538752373534
2025-11-08,0,wk inc flu hosp,2025-11-15,51,quantile,0.65,56.01219060774406
2025-11-08,0,wk inc flu hosp,2025-11-15,51,quantile,0.7,64.29207762136379
2025-11-08,0,wk inc flu hosp,2025-11-15,51,quantile,0.75,73.22737755415574
2025-11-08,0,wk inc flu hosp,2025-11-15,51,quantile,0.8,83.17725775328344
2025-11-08,0,wk inc flu hosp,2025-11-15,51,quantile,0.85,94.77505832073287
2025-11-08,0,wk inc flu hosp,2025-11-15,51,quantile,0.9,109.36773970581493
2025-11-08,0,wk inc flu hosp,2025-11-15,51,quantile,0.95,130.99629175393
2025-11-08,0,wk inc flu hosp,2025-11-15,51,quantile,0.975,149.75583510364987
2025-11-08,0,wk inc flu hosp,2025-11-15,51,quantile,0.99,171.5678583907512
2025-09-13,0,wk inc flu hosp,2025-09-20,53,quantile,0.01,0.0
2025-09-13,0,wk inc flu hosp,2025-09-20,53,quantile,0.025,0.0
2025-09-13,0,wk inc flu hosp,2025-09-20,53,quantile,0.05,0.0
2025-09-13,0,wk inc flu hosp,2025-09-20,53,quantile,0.1,0.0
2025-09-13,0,wk inc flu hosp,2025-09-20,53,quantile,0.15,0.0
2025-09-13,0,wk inc flu hosp,2025-09-20,53,quantile,0.2,0.0
2025-09-13,0,wk inc flu hosp,2025-09-20,53,quantile,0.25,0.0
2025-09-13,0,wk inc flu hosp,2025-09-20,53,quantile,0.3,0.0
2025-09-13,0,wk inc flu hosp,2025-09-20,53,quantile,0.35,0.0
2025-09-13,0,wk inc flu hosp,2025-09-20,53,quantile,0.4,2.5308655352641
2025-09-13,0,wk inc flu hosp,2025-09-20,53,quantile,0.45,8.128486365303068
2025-09-13,0,wk inc flu hosp,2025-09-20,53,quantile,0.5,13.637359031884861
2025-09-13,0,wk inc flu hosp,2025-09-20,53,quantile,0.55,19.146231698466657
2025-09-13,0,wk inc flu hosp,2025-09-20,53,quantile,0.6,24.74385252850562
2025-09-13,0,wk inc flu hosp,2025-09-20,53,quantile,0.65,30.529437927993612
2025-09-13,0,wk inc flu hosp,2025-09-20,53,quantile,0.7,36.62657348086365
2025-09-13,0,wk inc flu hosp,2025-09-20,53,quantile,0.75,43.206341393900196
2025-09-13,0,wk inc flu hosp,2025-09-20,53,quantile,0.8,50.5332249865276
2025-09-13,0,wk inc flu hosp,2025-09-20,53,quantile,0.85,59.073602658176334
2025-09-13,0,wk inc flu hosp,2025-09-20,53,quantile,0.9,69.81934790063367
2025-09-13,0,wk inc flu hosp,2025-09-20,53,quantile,0.95,85.7461610845266
2025-09-13,0,wk inc flu hosp,2025-09-20,53,quantile,0.975,99.56029629253595
2025-09-13,0,wk inc flu hosp,2025-09-20,53,quantile,0.99,115.62221385796359
2025-09-20,0,wk inc flu hosp,2025-09-27,53,quantile,0.01,0.0
2025-09-20,0,wk inc flu hosp,2025-09-27,53,quantile,0.025,0.0
2025-09-20,0,wk inc flu hosp,2025-09-27,53,quantile,0.05,0.0
2025-09-20,0,wk inc flu hosp,2025-09-27,53,quantile,0.1,0.0
2025-09-20,0,wk inc flu hosp,2025-09-27,53,quantile,0.15,0.0
2025-09-20,0,wk inc flu hosp,2025-09-27,53,quantile,0.2,0.0
2025-09-20,0,wk inc flu hosp,2025-09-27,53,quantile,0.25,0.0
2025-09-20,0,wk inc flu hosp,2025-09-27,53,quantile,0.3,0.0
2025-09-20,0,wk inc flu hosp,2025-09-27,53,quantile,0.35,0.0
2025-09-20,0,wk inc flu hosp,2025-09-27,53,quantile,0.4,0.0
2025-09-20,0,wk inc flu hosp,2025-09-27,53,quantile,0.45,3.627463075418503
2025-09-20,0,wk inc flu hosp,2025-09-27,53,quantile,0.5,9.362124846150573
2025-09-20,0,wk inc flu hosp,2025-09-27,53,quantile,0.55,15.09678661688265
2025-09-20,0,wk inc flu hosp,2025-09-27,53,quantile,0.6,20.923834022753447
2025-09-20,0,wk inc flu hosp,2025-09-27,53,quantile,0.65,26.94654999747869
2025-09-20,0,wk inc flu hosp,2025-09-27,53,quantile,0.7,33.293585458675985
2025-09-20,0,wk inc flu hosp,2025-09-27,53,quantile,0.75,40.14303466451379
2025-09-20,0,wk inc flu hosp,2025-09-27,53,quantile,0.8,47.77022116532571
2025-09-20,0,wk inc flu hosp,2025-09-27,53,quantile,0.85,56.66063855295559
2025-09-20,0,wk inc flu hosp,2025-09-27,53,quantile,0.9,67.84681368707479
2025-09-20,0,wk inc flu hosp,2025-09-27,53,quantile,0.95,84.42641031658536
2025-09-20,0,wk inc flu hosp,2025-09-27,53,quantile,0.975,98.80673781147554
2025-09-20,0,wk inc flu hosp,2025-09-27,53,quantile,0.99,115.5269762707647
2025-09-27,0,wk inc flu hosp,2025-10-04,53,quantile,0.01,0.0
2025-09-27,0,wk inc flu hosp,2025-10-04,53,quantile,0.025,0.0
2025-09-27,0,wk inc flu hosp,2025-10-04,53,quantile,0.05,0.0
2025-09-27,0,wk inc flu hosp,2025-10-04,53,quantile,0.1,0.0
2025-09-27,0,wk inc flu hosp,2025-10-04,53,quantile,0.15,0.0
2025-09-27,0,wk inc flu hosp,2025-10-04,53,quantile,0.2,0.0
2025-09-27,0,wk inc flu hosp,2025-10-04,53,quantile,0.25,0.0
2025-09-27,0,wk inc flu hosp,2025-10-04,53,quantile,0.3,0.0
2025-09-27,0,wk inc flu hosp,2025-10-04,53,quantile,0.35,0.0
2025-09-27,0,wk inc flu hosp,2025-10-04,53,quantile,0.4,0.0
2025-09-27,0,wk inc flu hosp,2025-10-04,53,quantile,0.45,0.27540404406072216
2025-09-27,0,wk inc flu hosp,2025-10-04,53,quantile,0.5,6.007362224413983
2025-09-27,0,wk inc flu hosp,2025-10-04,53,quantile,0.55,11.73932040476725
2025-09-27,0,wk inc flu hosp,2025-10-04,53,quantile,0.6,17.56362066530791
2025-09-27,0,wk inc flu hosp,2025-10-04,53,quantile,0.65,23.583497247299185
2025-09-27,0,wk inc flu hosp,2025-10-04,53,quantile,0.7,29.927540416240568
2025-09-27,0,wk inc flu hosp,2025-10-04,53,quantile,0.75,36.77376046825668
2025-09-27,0,wk inc flu hosp,2025-10-04,53,quantile,0.8,44.397351153157324
2025-09-27,0,wk inc flu hosp,2025-10-04,53,quantile,0.85,53.28357717817966
2025-09-27,0,wk inc flu hosp,2025-10-04,53,quantile,0.9,64.46447862107219
2025-09-27,0,wk inc flu hosp,2025-10-04,53,quantile,0.95,81.03625884575816
2025-09-27,0,wk inc flu hosp,2025-10-04,53,quantile,0.975,95.40980677515456
2025-09-27,0,wk inc flu hosp,2025-10-04,53,quantile,0.99,112.12216252441877
2025-10-04,0,wk inc flu hosp,2025-10-11,53,quantile,0.01,0.0
2025-10-04,0,wk inc flu hosp,2025-10-11,53,quantile,0.025,0.0
2025-10-04,0,wk inc flu hosp,2025-10-11,53,quantile,0.05,0.0
2025-10-04,0,wk inc flu hosp,2025-10-11,53,quantile,0.1,0.0
2025-10-04,0,wk inc flu hosp,2025-10-11,53,quantile,0.15,0.0
2025-10-04,0,wk inc flu hosp,2025-10-11,53,quantile,0.2,0.0
2025-10-04,0,wk inc flu hosp,2025-10-11,53,quantile,0.25,0.0
2025-10-04,0,wk inc flu hosp,2025-10-11,53,quantile,0.3,0.0
2025-10-04,0,wk inc flu hosp,2025-10-11,53,quantile,0.35,0.0
2025-10-04,0,wk inc flu hosp,2025-10-11,53,quantile,0.4,0.0
2025-10-04,0,wk inc flu hosp,2025-10-11,53,quantile,0.45,0.8748042657470565
2025-10-04,0,wk inc flu hosp,2025-10-11,53,quantile,0.5,6.605158028192893
2025-10-04,0,wk inc flu hosp,2025-10-11,53,quantile,0.55,12.335511790638735
2025-10-04,0,wk inc flu hosp,2025-10-11,53,quantile,0.6,18.15818178603401
2025-10-04,0,wk inc flu hosp,2025-10-11,53,quantile,0.65,24.176373359606742
2025-10-04,0,wk inc flu hosp,2025-10-11,53,quantile,0.7,30.518640783480652
2025-10-04,0,wk inc flu hosp,2025-10-11,53,quantile,0.75,37.362944527368896
2025-10-04,0,wk inc flu hosp,2025-10-11,53,quantile,0.8,44.98440131229525
2025-10-04,0,wk inc flu hosp,2025-10-11,53,quantile,0.85,53.86814001628079
2025-10-04,0,wk inc flu hosp,2025-10-11,53,quantile,0.9,65.04591184134783
2025-10-04,0,wk inc flu hosp,2025-10-11,53,quantile,0.95,81.61305350097213
2025-10-04,0,wk inc flu hosp,2025-10-11,53,quantile,0.975,95.9825781669452
2025-10-04,0,wk inc flu hosp,2025-10-11,53,quantile,0.99,112.69025600300841
2025-10-11,0,wk inc flu hosp,2025-10-18,53,quantile,0.01,0.0
2025-10-11,0,wk inc flu hosp,2025-10-18,53,quantile,0.025,0.0
2025-10-11,0,wk inc flu hosp,2025-10-18,53,quantile,0.05,0.0
2025-10-11,0,wk inc flu hosp,2025-10-18,53,quantile,0.1,0.0
2025-10-11,0,wk inc flu hosp,2025-10-18,53,quantile,0.15,0.0
2025-10-11,0,wk inc flu hosp,2025-10-18,53,quantile,0.2,0.0
2025-10-11,0,wk inc flu hosp,2025-10-18,53,quantile,0.25,0.0
2025-10-11,0,wk inc flu hosp,2025-10-18,53,quantile,0.3,0.0
2025-10-11,0,wk inc flu hosp,2025-10-18,53,quantile,0.35,0.0
2025-10-11,0,wk inc flu hosp,2025-10-18,53,quantile,0.4,0.0
2025-10-11,0,wk inc flu hosp,2025-10-18,53,quantile,0.45,0.0
2025-10-11,0,wk inc flu hosp,2025-10-18,53,quantile,0.5,4.565977870086739
2025-10-11,0,wk inc flu hosp,2025-10-18,53,quantile,0.55,10.495426616572088
2025-10-11,0,wk inc flu hosp,2025-10-18,53,quantile,0.6,16.520399024324142
2025-10-11,0,wk inc flu hosp,2025-10-18,53,quantile,0.65,22.747686197393634
2025-10-11,0,wk inc flu hosp,2025-10-18,53,quantile,0.7,29.310308887953823
2025-10-11,0,wk inc flu hosp,2025-10-18,53,quantile,0.75,36.392410611014185
2025-10-11,0,wk inc flu hosp,2025-10-18,53,quantile,0.8,44.27866672244931
2025-10-11,0,wk inc flu hosp,2025-10-18,53,quantile,0.85,53.47106138186163
2025-10-11,0,wk inc flu hosp,2025-10-18,53,quantile,0.9,65.03719287814016
2025-10-11,0,wk inc flu hosp,2025-10-18,53,quantile,0.95,82.1799420728384
2025-10-11,0,wk inc flu hosp,2025-10-18,53,quantile,0.975,97.04872043284625
2025-10-11,0,wk inc flu hosp,2025-10-18,53,quantile,0.99,114.33688858242346
2025-10-18,0,wk inc flu hosp,2025-10-25,53,quantile,0.01,0.0
2025-10-18,0,wk inc flu hosp,2025-10-25,53,quantile,0.025,0.0
2025-10-18,0,wk inc flu hosp,2025-10-25,53,quantile,0.05,0.0
2025-10-18,0,wk inc flu hosp,2025-10-25,53,quantile,0.1,0.0
2025-10-18,0,wk inc flu hosp,2025-10-25,53,quantile,0.15,0.0
2025-10-18,0,wk inc flu hosp,2025-10-25,53,quantile,0.2,0.0
2025-10-18,0,wk inc flu hosp,2025-10-25,53,quantile,0.25,0.0
2025-10-18,0,wk inc flu hosp,2025-10-25,53,quantile,0.3,0.0
2025-10-18,0,wk inc flu hosp,2025-10-25,53,quantile,0.35,0.0
2025-10-18,0,wk inc flu hosp,2025-10-25,53,quantile,0.4,2.0430074612801388
2025-10-18,0,wk inc flu hosp,2025-10-25,53,quantile,0.45,6.746113447318689
2025-10-18,0,wk inc flu hosp,2025-10-25,53,quantile,0.5,11.374653464800474
2025-10-18,0,wk inc flu hosp,2025-10-25,53,quantile,0.55,16.003193482282263
2025-10-18,0,wk inc flu hosp,2025-10-25,53,quantile,0.6,20.706299468320807
2025-10-18,0,wk inc flu hosp,2025-10-25,53,quantile,0.65,25.567332780732535
2025-10-18,0,wk inc flu hosp,2025-10-25,53,quantile,0.7,30.69012969518376
2025-10-18,0,wk inc flu hosp,2025-10-25,53,quantile,0.75,36.21843302228338
2025-10-18,0,wk inc flu hosp,2025-10-25,53,quantile,0.8,42.37446093660241
2025-10-18,0,wk inc flu hosp,2025-10-25,53,quantile,0.85,49.55006331663742
2025-10-18,0,wk inc flu hosp,2025-10-25,53,quantile,0.9,58.57860960598917
2025-10-18,0,wk inc flu hosp,2025-10-25,53,quantile,0.95,71.96027526324718
2025-10-18,0,wk inc flu hosp,2025-10-25,53,quantile,0.975,83.5668745598777
2025-10-18,0,wk inc flu hosp,2025-10-25,53,quantile,0.99,97.06205455560716
2025-10-25,0,wk inc flu hosp,2025-11-01,53,quantile,0.01,0.0
2025-10-25,0,wk inc flu hosp,2025-11-01,53,quantile,0.025,0.0
2025-10-25,0,wk inc flu hosp,2025-11-01,53,quantile,0.05,0.0
2025-10-25,0,wk inc flu hosp,2025-11-01,53,quantile,0.1,0.0
2025-10-25,0,wk inc flu hosp,2025-11-01,53,quantile,0.15,0.0
2025-10-25,0,wk inc flu hosp,2025-11-01,53,quantile,0.2,0.0
2025-10-25,0,wk inc flu hosp,2025-11-01,53,quantile,0.25,0.0
2025-10-25,0,wk inc flu hosp,2025-11-01,53,quantile,0.3,0.0
2025-10-25,0,wk inc flu hosp,2025-11-01,53,quantile,0.35,0.0
2025-10-25,0,wk inc flu hosp,2025-11-01,53,quantile,0.4,0.0
2025-10-25,0,wk inc flu hosp,2025-11-01,53,quantile,0.45,1.8335019578828957
2025-10-25,0,wk inc flu hosp,2025-11-01,53,quantile,0.5,7.434234859904692
2025-10-25,0,wk inc flu hosp,2025-11-01,53,quantile,0.55,13.034967761926495
2025-10-25,0,wk inc flu hosp,2025-11-01,53,quantile,0.6,18.72592869954691
2025-10-25,0,wk inc flu hosp,2025-11-01,53,quantile,0.65,24.607988508432523
2025-10-25,0,wk inc flu hosp,2025-11-01,53,quantile,0.7,30.806793557276556
2025-10-25,0,wk inc flu hosp,2025-11-01,53,quantile,0.75,37.496278841945
2025-10-25,0,wk inc flu hosp,2025-11-01,53,quantile,0.8,44.94533793083012
2025-10-25,0,wk inc flu hosp,2025-11-01,53,quantile,0.85,53.628126064863174
2025-10-25,0,wk inc flu hosp,2025-11-01,53,quantile,0.9,64.55305618736658
2025-10-25,0,wk inc flu hosp,2025-11-01,53,quantile,0.95,80.74544835582319
2025-10-25,0,wk inc flu hosp,2025-11-01,53,quantile,0.975,94.7899337260909
2025-10-25,0,wk inc flu hosp,2025-11-01,53,quantile,0.99,111.11968313634017
2025-11-01,0,wk inc flu hosp,2025-11-08,53,quantile,0.01,0.0
2025-11-01,0,wk inc flu hosp,2025-11-08,53,quantile,0.025,0.0
2025-11-01,0,wk inc flu hosp,2025-11-08,53,quantile,0.05,0.0
2025-11-01,0,wk inc flu hosp,2025-11-08,53,quantile,0.1,0.0
2025-11-01,0,wk inc flu hosp,2025-11-08,53,quantile,0.15,0.0
2025-11-01,0,wk inc flu hosp,2025-11-08,53,quantile,0.2,0.0
2025-11-01,0,wk inc flu hosp,2025-11-08,53,quantile,0.25,0.0
2025-11-01,0,wk inc flu hosp,2025-11-08,53,quantile,0.3,0.0
2025-11-01,0,wk inc flu hosp,2025-11-08,53,quantile,0.35,0.0
2025-11-01,0,wk inc flu hosp,2025-11-08,53,quantile,0.4,3.451094020821314
2025-11-01,0,wk inc flu hosp,2025-11-08,53,quantile,0.45,8.720608769023425
2025-11-01,0,wk inc flu hosp,2025-11-08,53,quantile,0.5,13.90657735173612
2025-11-01,0,wk inc flu hosp,2025-11-08,53,quantile,0.55,19.09254593444882
2025-11-01,0,wk inc flu hosp,2025-11-08,53,quantile,0.6,24.362060682650927
2025-11-01,0,wk inc flu hosp,2025-11-08,53,quantile,0.65,29.808522405456205
2025-11-01,0,wk inc flu hosp,2025-11-08,53,quantile,0.7,35.54827268386376
2025-11-01,0,wk inc flu hosp,2025-11-08,53,quantile,0.75,41.74236569413501
2025-11-01,0,wk inc flu hosp,2025-11-08,53,quantile,0.8,48.639781993309626
2025-11-01,0,wk inc flu hosp,2025-11-08,53,quantile,0.85,56.679563082886524
2025-11-01,0,wk inc flu hosp,2025-11-08,53,quantile,0.9,66.79544351760283
2025-11-01,0,wk inc flu hosp,2025-11-08,53,quantile,0.95,81.78870217385222
2025-11-01,0,wk inc flu hosp,2025-11-08,53,quantile,0.975,94.7931180538318
2025-11-01,0,wk inc flu hosp,2025-11-08,53,quantile,0.99,109.91356191119795
2025-11-08,0,wk inc flu hosp,2025-11-15,53,quantile,0.01,0.0
2025-11-08,0,wk inc flu hosp,2025-11-15,53,quantile,0.025,0.0
2025-11-08,0,wk inc flu hosp,2025-11-15,53,quantile,0.05,0.0
2025-11-08,0,wk inc flu hosp,2025-11-15,53,quantile,0.1,0.0
2025-11-08,0,wk inc flu hosp,2025-11-15,53,quantile,0.15,0.0
2025-11-08,0,wk inc flu hosp,2025-11-15,53,quantile,0.2,0.0
2025-11-08,0,wk inc flu hosp,2025-11-15,53,quantile,0.25,0.0
2025-11-08,0,wk inc flu hosp,2025-11-15,53,quantile,0.3,0.2870918980893187
2025-11-08,0,wk inc flu hosp,2025-11-15,53,quantile,0.35,6.303536364221394
2025-11-08,0,wk inc flu hosp,2025-11-15,53,quantile,0.4,12.012553813193625
2025-11-08,0,wk inc flu hosp,2025-11-15,53,quantile,0.45,17.536094264994922
2025-11-08,0,wk inc flu hosp,2025-11-15,53,quantile,0.5,22.972061069748147
2025-11-08,0,wk inc flu hosp,2025-11-15,53,quantile,0.55,28.408027874501375
2025-11-08,0,wk inc flu hosp,2025-11-15,53,quantile,0.6,33.93156832630267
2025-11-08,0,wk inc flu hosp,2025-11-15,53,quantile,0.65,39.6405857752749
2025-11-08,0,wk inc flu hosp,2025-11-15,53,quantile,0.7,45.657030241406964
2025-11-08,0,wk inc flu hosp,2025-11-15,53,quantile,0.75,52.149719784808674
2025-11-08,0,wk inc flu hosp,2025-11-15,53,quantile,0.8,59.37963748347404
2025-11-08,0,wk inc flu hosp,2025-11-15,53,quantile,0.85,67.80698956310462
2025-11-08,0,wk inc flu hosp,2025-11-15,53,quantile,0.9,78.41052280225246
2025-11-08,0,wk inc flu hosp,2025-11-15,53,quantile,0.95,94.12655637448398
2025-11-08,0,wk inc flu hosp,2025-11-15,53,quantile,0.975,107.75787170377916
2025-11-08,0,wk inc flu hosp,2025-11-15,53,quantile,0.99,123.6072216508208
2025-09-13,0,wk inc flu hosp,2025-09-20,54,quantile,0.01,0.0
2025-09-13,0,wk inc flu hosp,2025-09-20,54,quantile,0.025,0.0
2025-09-13,0,wk inc flu hosp,2025-09-20,54,quantile,0.05,0.0
2025-09-13,0,wk inc flu hosp,2025-09-20,54,quantile,0.1,0.0
2025-09-13,0,wk inc flu hosp,2025-09-20,54,quantile,0.15,0.0
2025-09-13,0,wk inc flu hosp,2025-09-20,54,quantile,0.2,0.0
2025-09-13,0,wk inc flu hosp,2025-09-20,54,quantile,0.25,0.0
2025-09-13,0,wk inc flu hosp,2025-09-20,54,quantile,0.3,0.0
2025-09-13,0,wk inc flu hosp,2025-09-20,54,quantile,0.35,0.0
2025-09-13,0,wk inc flu hosp,2025-09-20,54,quantile,0.4,0.0
2025-09-13,0,wk inc flu hosp,2025-09-20,54,quantile,0.45,0.0
2025-09-13,0,wk inc flu hosp,2025-09-20,54,quantile,0.5,2.3485416967313024
2025-09-13,0,wk inc flu hosp,2025-09-20,54,quantile,0.55,5.584261218569933
2025-09-13,0,wk inc flu hosp,2025-09-20,54,quantile,0.6,8.872108313944196
2025-09-13,0,wk inc flu hosp,2025-09-20,54,quantile,0.65,12.270359236669508
2025-09-13,0,wk inc flu hosp,2025-09-20,54,quantile,0.7,15.85160384509851
2025-09-13,0,wk inc flu hosp,2025-09-20,54,quantile,0.75,19.716329856017584
2025-09-13,0,wk inc flu hosp,2025-09-20,54,quantile,0.8,24.019885539691437
2025-09-13,0,wk inc flu hosp,2025-09-20,54,quantile,0.85,29.03620528940447
2025-09-13,0,wk inc flu hosp,2025-09-20,54,quantile,0.9,35.34788097373253
2025-09-13,0,wk inc flu hosp,2025-09-20,54,quantile,0.95,44.70273512609326
2025-09-13,0,wk inc flu hosp,2025-09-20,54,quantile,0.975,52.8166759766465
2025-09-13,0,wk inc flu hosp,2025-09-20,54,quantile,0.99,62.25088572701726
2025-09-20,0,wk inc flu hosp,2025-09-27,54,quantile,0.01,0.0
2025-09-20,0,wk inc flu hosp,2025-09-27,54,quantile,0.025,0.0
2025-09-20,0,wk inc flu hosp,2025-09-27,54,quantile,0.05,0.0
2025-09-20,0,wk inc flu hosp,2025-09-27,54,quantile,0.1,0.0
2025-09-20,0,wk inc flu hosp,2025-09-27,54,quantile,0.15,0.0
2025-09-20,0,wk inc flu hosp,2025-09-27,54,quantile,0.2,0.0
2025-09-20,0,wk inc flu hosp,2025-09-27,54,quantile,0.25,0.0
2025-09-20,0,wk inc flu hosp,2025-09-27,54,quantile,0.3,0.0
2025-09-20,0,wk inc flu hosp,2025-09-27,54,quantile,0.35,0.0
2025-09-20,0,wk inc flu hosp,2025-09-27,54,quantile,0.4,0.0
2025-09-20,0,wk inc flu hosp,2025-09-27,54,quantile,0.45,0.0
2025-09-20,0,wk inc flu hosp,2025-09-27,54,quantile,0.5,1.6385479096271476
2025-09-20,0,wk inc flu hosp,2025-09-27,54,quantile,0.55,4.787042607189441
2025-09-20,0,wk inc flu hosp,2025-09-27,54,quantile,0.6,7.9862596828089245
2025-09-20,0,wk inc flu hosp,2025-09-27,54,quantile,0.65,11.292904445735445
2025-09-20,0,wk inc flu hosp,2025-09-27,54,quantile,0.7,14.777609959983842
2025-09-20,0,wk inc flu hosp,2025-09-27,54,quantile,0.75,18.538155109458206
2025-09-20,0,wk inc flu hosp,2025-09-27,54,quantile,0.8,22.725700463516535
2025-09-20,0,wk inc flu hosp,2025-09-27,54,quantile,0.85,27.606796005528768
2025-09-20,0,wk inc flu hosp,2025-09-27,54,quantile,0.9,33.74832875913028
2025-09-20,0,wk inc flu hosp,2025-09-27,54,quantile,0.95,42.8510054578943
2025-09-20,0,wk inc flu hosp,2025-09-27,54,quantile,0.975,50.74621997567938
2025-09-20,0,wk inc flu hosp,2025-09-27,54,quantile,0.99,59.9261130950479
2025-09-27,0,wk inc flu hosp,2025-10-04,54,quantile,0.01,0.0
2025-09-27,0,wk inc flu hosp,2025-10-04,54,quantile,0.025,0.0
2025-09-27,0,wk inc flu hosp,2025-10-04,54,quantile,0.05,0.0
2025-09-27,0,wk inc flu hosp,2025-10-04,54,quantile,0.1,0.0
2025-09-27,0,wk inc flu hosp,2025-10-04,54,quantile,0.15,0.0
2025-09-27,0,wk inc flu hosp,2025-10-04,54,quantile,0.2,0.0
2025-09-27,0,wk inc flu hosp,2025-10-04,54,quantile,0.25,0.0
2025-09-27,0,wk inc flu hosp,2025-10-04,54,quantile,0.3,0.0
2025-09-27,0,wk inc flu hosp,2025-10-04,54,quantile,0.35,0.0
2025-09-27,0,wk inc flu hosp,2025-10-04,54,quantile,0.4,0.0
2025-09-27,0,wk inc flu hosp,2025-10-04,54,quantile,0.45,1.4472505211330957
2025-09-27,0,wk inc flu hosp,2025-10-04,54,quantile,0.5,3.8123787080353653
2025-09-27,0,wk inc flu hosp,2025-10-04,54,quantile,0.55,6.177506894937637
2025-09-27,0,wk inc flu hosp,2025-10-04,54,quantile,0.6,8.580737393443817
2025-09-27,0,wk inc flu hosp,2025-10-04,54,quantile,0.65,11.064666853107632
2025-09-27,0,wk inc flu hosp,2025-10-04,54,quantile,0.7,13.682354359833884
2025-09-27,0,wk inc flu hosp,2025-10-04,54,quantile,0.75,16.50725075811167
2025-09-27,0,wk inc flu hosp,2025-10-04,54,quantile,0.8,19.65290685798797
2025-09-27,0,wk inc flu hosp,2025-10-04,54,quantile,0.85,23.319553226588926
2025-09-27,0,wk inc flu hosp,2025-10-04,54,quantile,0.9,27.93303160963107
2025-09-27,0,wk inc flu hosp,2025-10-04,54,quantile,0.95,34.77090154575452
2025-09-27,0,wk inc flu hosp,2025-10-04,54,quantile,0.975,40.70173395659236
2025-09-27,0,wk inc flu hosp,2025-10-04,54,quantile,0.99,47.59760835211821
2025-10-04,0,wk inc flu hosp,2025-10-11,54,quantile,0.01,0.0
2025-10-04,0,wk inc flu hosp,2025-10-11,54,quantile,0.025,0.0
2025-10-04,0,wk inc flu hosp,2025-10-11,54,quantile,0.05,0.0
2025-10-04,0,wk inc flu hosp,2025-10-11,54,quantile,0.1,0.0
2025-10-04,0,wk inc flu hosp,2025-10-11,54,quantile,0.15,0.0
2025-10-04,0,wk inc flu hosp,2025-10-11,54,quantile,0.2,0.0
2025-10-04,0,wk inc flu hosp,2025-10-11,54,quantile,0.25,0.0
2025-10-04,0,wk inc flu hosp,2025-10-11,54,quantile,0.3,0.0
2025-10-04,0,wk inc flu hosp,2025-10-11,54,quantile,0.35,0.0
2025-10-04,0,wk inc flu hosp,2025-10-11,54,quantile,0.4,0.0
2025-10-04,0,wk inc flu hosp,2025-10-11,54,quantile,0.45,0.0
2025-10-04,0,wk inc flu hosp,2025-10-11,54,quantile,0.5,1.9248921024597982
2025-10-04,0,wk inc flu hosp,2025-10-11,54,quantile,0.55,4.937395005567987
2025-10-04,0,wk inc flu hosp,2025-10-11,54,quantile,0.6,7.998429453375342
2025-10-04,0,wk inc flu hosp,2025-10-11,54,quantile,0.65,11.162251503187306
2025-10-04,0,wk inc flu hosp,2025-10-11,54,quantile,0.7,14.49644339059248
2025-10-04,0,wk inc flu hosp,2025-10-11,54,quantile,0.75,18.094560671473435
2025-10-04,0,wk inc flu hosp,2025-10-11,54,quantile,0.8,22.10123489130459
2025-10-04,0,wk inc flu hosp,2025-10-11,54,quantile,0.85,26.77150303628353
2025-10-04,0,wk inc flu hosp,2025-10-11,54,quantile,0.9,32.64776678355399
2025-10-04,0,wk inc flu hosp,2025-10-11,54,quantile,0.95,41.357274854923176
2025-10-04,0,wk inc flu hosp,2025-10-11,54,quantile,0.975,48.91147422324494
2025-10-04,0,wk inc flu hosp,2025-10-11,54,quantile,0.99,57.69486353424866
2025-10-11,0,wk inc flu hosp,2025-10-18,54,quantile,0.01,0.0
2025-10-11,0,wk inc flu hosp,2025-10-18,54,quantile,0.025,0.0
2025-10-11,0,wk inc flu hosp,2025-10-18,54,quantile,0.05,0.0
2025-10-11,0,wk inc flu hosp,2025-10-18,54,quantile,0.1,0.0
2025-10-11,0,wk inc flu hosp,2025-10-18,54,quantile,0.15,0.0
2025-10-11,0,wk inc flu hosp,2025-10-18,54,quantile,0.2,0.0
2025-10-11,0,wk inc flu hosp,2025-10-18,54,quantile,0.25,0.0
2025-10-11,0,wk inc flu hosp,2025-10-18,54,quantile,0.3,0.0
2025-10-11,0,wk inc flu hosp,2025-10-18,54,quantile,0.35,0.0
2025-10-11,0,wk inc flu hosp,2025-10-18,54,quantile,0.4,0.0
2025-10-11,0,wk inc flu hosp,2025-10-18,54,quantile,0.45,0.0
2025-10-11,0,wk inc flu hosp,2025-10-18,54,quantile,0.5,3.2321153804685947
2025-10-11,0,wk inc flu hosp,2025-10-18,54,quantile,0.55,6.706555461396149
2025-10-11,0,wk inc flu hosp,2025-10-18,54,quantile,0.6,10.236968913807639
2025-10-11,0,wk inc flu hosp,2025-10-18,54,quantile,0.65,13.885931418523366
2025-10-11,0,wk inc flu hosp,2025-10-18,54,quantile,0.7,17.731388270748013
2025-10-11,0,wk inc flu hosp,2025-10-18,54,quantile,0.75,21.88124083476458
2025-10-11,0,wk inc flu hosp,2025-10-18,54,quantile,0.8,26.502298456397863
2025-10-11,0,wk inc flu hosp,2025-10-18,54,quantile,0.85,31.88870549184073
2025-10-11,0,wk inc flu hosp,2025-10-18,54,quantile,0.9,38.66603548828747
2025-10-11,0,wk inc flu hosp,2025-10-18,54,quantile,0.95,48.711059477179
2025-10-11,0,wk inc flu hosp,2025-10-18,54,quantile,0.975,57.423619733149025
2025-10-11,0,wk inc flu hosp,2025-10-18,54,quantile,0.99,67.55385391053532
2025-10-18,0,wk inc flu hosp,2025-10-25,54,quantile,0.01,0.0
2025-10-18,0,wk inc flu hosp,2025-10-25,54,quantile,0.025,0.0
2025-10-18,0,wk inc flu hosp,2025-10-25,54,quantile,0.05,0.0
2025-10-18,0,wk inc flu hosp,2025-10-25,54,quantile,0.1,0.0
2025-10-18,0,wk inc flu hosp,2025-10-25,54,quantile,0.15,0.0
2025-10-18,0,wk inc flu hosp,2025-10-25,54,quantile,0.2,0.0
2025-10-18,0,wk inc flu hosp,2025-10-25,54,quantile,0.25,0.0
2025-10-18,0,wk inc flu hosp,2025-10-25,54,quantile,0.3,0.0
2025-10-18,0,wk inc flu hosp,2025-10-25,54,quantile,0.35,0.0
2025-10-18,0,wk inc flu hosp,2025-10-25,54,quantile,0.4,0.0
2025-10-18,0,wk inc flu hosp,2025-10-25,54,quantile,0.45,0.0
2025-10-18,0,wk inc flu hosp,2025-10-25,54,quantile,0.5,2.45184593994398
2025-10-18,0,wk inc flu hosp,2025-10-25,54,quantile,0.55,6.132979579891483
2025-10-18,0,wk inc flu hosp,2025-10-25,54,quantile,0.6,9.873416432993201
2025-10-18,0,wk inc flu hosp,2025-10-25,54,quantile,0.65,13.739454791447262
2025-10-18,0,wk inc flu hosp,2025-10-25,54,quantile,0.7,17.813676896296954
2025-10-18,0,wk inc flu hosp,2025-10-25,54,quantile,0.75,22.210403136614087
2025-10-18,0,wk inc flu hosp,2025-10-25,54,quantile,0.8,27.10636630389047
2025-10-18,0,wk inc flu hosp,2025-10-25,54,quantile,0.85,32.81320932745047
2025-10-18,0,wk inc flu hosp,2025-10-25,54,quantile,0.9,39.99372096611574
2025-10-18,0,wk inc flu hosp,2025-10-25,54,quantile,0.95,50.636320883889155
2025-10-18,0,wk inc flu hosp,2025-10-25,54,quantile,0.975,59.867189139288385
2025-10-18,0,wk inc flu hosp,2025-10-25,54,quantile,0.99,70.60006837805403
2025-10-25,0,wk inc flu hosp,2025-11-01,54,quantile,0.01,0.0
2025-10-25,0,wk inc flu hosp,2025-11-01,54,quantile,0.025,0.0
2025-10-25,0,wk inc flu hosp,2025-11-01,54,quantile,0.05,0.0
2025-10-25,0,wk inc flu hosp,2025-11-01,54,quantile,0.1,0.0
2025-10-25,0,wk inc flu hosp,2025-11-01,54,quantile,0.15,0.0
2025-10-25,0,wk inc flu hosp,2025-11-01,54,quantile,0.2,0.0
2025-10-25,0,wk inc flu hosp,2025-11-01,54,quantile,0.25,0.0
2025-10-25,0,wk inc flu hosp,2025-11-01,54,quantile,0.3,0.0
2025-10-25,0,wk inc flu hosp,2025-11-01,54,quantile,0.35,0.0
2025-10-25,0,wk inc flu hosp,2025-11-01,54,quantile,0.4,0.0
2025-10-25,0,wk inc flu hosp,2025-11-01,54,quantile,0.45,0.0
2025-10-25,0,wk inc flu hosp,2025-11-01,54,quantile,0.5,1.588546523398358
2025-10-25,0,wk inc flu hosp,2025-11-01,54,quantile,0.55,4.8939247224510085
2025-10-25,0,wk inc flu hosp,2025-11-01,54,quantile,0.6,8.252552699171744
2025-10-25,0,wk inc flu hosp,2025-11-01,54,quantile,0.65,11.723961280501488
2025-10-25,0,wk inc flu hosp,2025-11-01,54,quantile,0.7,15.38230304167173
2025-10-25,0,wk inc flu hosp,2025-11-01,54,quantile,0.75,19.330229002369595
2025-10-25,0,wk inc flu hosp,2025-11-01,54,quantile,0.8,23.726431775575872
2025-10-25,0,wk inc flu hosp,2025-11-01,54,quantile,0.85,28.850743023281606
2025-10-25,0,wk inc flu hosp,2025-11-01,54,quantile,0.9,35.298296671137344
2025-10-25,0,wk inc flu hosp,2025-11-01,54,quantile,0.95,44.85454243404571
2025-10-25,0,wk inc flu hosp,2025-11-01,54,quantile,0.975,53.14316047241688
2025-10-25,0,wk inc flu hosp,2025-11-01,54,quantile,0.99,62.78047020328194
2025-11-01,0,wk inc flu hosp,2025-11-08,54,quantile,0.01,0.0
2025-11-01,0,wk inc flu hosp,2025-11-08,54,quantile,0.025,0.0
2025-11-01,0,wk inc flu hosp,2025-11-08,54,quantile,0.05,0.0
2025-11-01,0,wk inc flu hosp,2025-11-08,54,quantile,0.1,0.0
2025-11-01,0,wk inc flu hosp,2025-11-08,54,quantile,0.15,0.0
2025-11-01,0,wk inc flu hosp,2025-11-08,54,quantile,0.2,0.0
2025-11-01,0,wk inc flu hosp,2025-11-08,54,quantile,0.25,0.0
2025-11-01,0,wk inc flu hosp,2025-11-08,54,quantile,0.3,0.0
2025-11-01,0,wk inc flu hosp,2025-11-08,54,quantile,0.35,0.0
2025-11-01,0,wk inc flu hosp,2025-11-08,54,quantile,0.4,0.0
2025-11-01,0,wk inc flu hosp,2025-11-08,54,quantile,0.45,0.0
2025-11-01,0,wk inc flu hosp,2025-11-08,54,quantile,0.5,0.0
2025-11-01,0,wk inc flu hosp,2025-11-08,54,quantile,0.55,2.7158396860057863
2025-11-01,0,wk inc flu hosp,2025-11-08,54,quantile,0.6,5.827594765718302
2025-11-01,0,wk inc flu hosp,2025-11-08,54,quantile,0.65,9.043840614196395
2025-11-01,0,wk inc flu hosp,2025-11-08,54,quantile,0.7,12.433279289021225
2025-11-01,0,wk inc flu hosp,2025-11-08,54,quantile,0.75,16.091016539970106
2025-11-01,0,wk inc flu hosp,2025-11-08,54,quantile,0.8,20.164080423731214
2025-11-01,0,wk inc flu hosp,2025-11-08,54,quantile,0.85,24.911733830300257
2025-11-01,0,wk inc flu hosp,2025-11-08,54,quantile,0.9,30.885365906998185
2025-11-01,0,wk inc flu hosp,2025-11-08,54,quantile,0.95,39.739188510103325
2025-11-01,0,wk inc flu hosp,2025-11-08,54,quantile,0.975,47.41855921250572
2025-11-01,0,wk inc flu hosp,2025-11-08,54,quantile,0.99,56.347487250276224
2025-11-08,0,wk inc flu hosp,2025-11-15,54,quantile,0.01,0.0
2025-11-08,0,wk inc flu hosp,2025-11-15,54,quantile,0.025,0.0
2025-11-08,0,wk inc flu hosp,2025-11-15,54,quantile,0.05,0.0
2025-11-08,0,wk inc flu hosp,2025-11-15,54,quantile,0.1,0.0
2025-11-08,0,wk inc flu hosp,2025-11-15,54,quantile,0.15,0.0
2025-11-08,0,wk inc flu hosp,2025-11-15,54,quantile,0.2,0.0
2025-11-08,0,wk inc flu hosp,2025-11-15,54,quantile,0.25,0.0
2025-11-08,0,wk inc flu hosp,2025-11-15,54,quantile,0.3,0.0
2025-11-08,0,wk inc flu hosp,2025-11-15,54,quantile,0.35,0.0
2025-11-08,0,wk inc flu hosp,2025-11-15,54,quantile,0.4,0.0
2025-11-08,0,wk inc flu hosp,2025-11-15,54,quantile,0.45,0.0
2025-11-08,0,wk inc flu hosp,2025-11-15,54,quantile,0.5,1.7512116001750209
2025-11-08,0,wk inc flu hosp,2025-11-15,54,quantile,0.55,4.989748081031573
2025-11-08,0,wk inc flu hosp,2025-11-15,54,quantile,0.6,8.280457516748486
2025-11-08,0,wk inc flu hosp,2025-11-15,54,quantile,0.65,11.681666895395987
2025-11-08,0,wk inc flu hosp,2025-11-15,54,quantile,0.7,15.266029270747309
2025-11-08,0,wk inc flu hosp,2025-11-15,54,quantile,0.75,19.13411984238148
2025-11-08,0,wk inc flu hosp,2025-11-15,54,quantile,0.8,23.441422123963598
2025-11-08,0,wk inc flu hosp,2025-11-15,54,quantile,0.85,28.462108991116928
2025-11-08,0,wk inc flu hosp,2025-11-15,54,quantile,0.9,34.77927950638357
2025-11-08,0,wk inc flu hosp,2025-11-15,54,quantile,0.95,44.1422778259343
2025-11-08,0,wk inc flu hosp,2025-11-15,54,quantile,0.975,52.263282526952814
2025-11-08,0,wk inc flu hosp,2025-11-15,54,quantile,0.99,61.70570553006502
2025-09-13,0,wk inc flu hosp,2025-09-20,55,quantile,0.01,0.0
2025-09-13,0,wk inc flu hosp,2025-09-20,55,quantile,0.025,0.0
2025-09-13,0,wk inc flu hosp,2025-09-20,55,quantile,0.05,0.0
2025-09-13,0,wk inc flu hosp,2025-09-20,55,quantile,0.1,0.0
2025-09-13,0,wk inc flu hosp,2025-09-20,55,quantile,0.15,0.0
2025-09-13,0,wk inc flu hosp,2025-09-20,55,quantile,0.2,0.0
2025-09-13,0,wk inc flu hosp,2025-09-20,55,quantile,0.25,0.0
2025-09-13,0,wk inc flu hosp,2025-09-20,55,quantile,0.3,0.0
2025-09-13,0,wk inc flu hosp,2025-09-20,55,quantile,0.35,0.0
2025-09-13,0,wk inc flu hosp,2025-09-20,55,quantile,0.4,0.0
2025-09-13,0,wk inc flu hosp,2025-09-20,55,quantile,0.45,3.492121502651072
2025-09-13,0,wk inc flu hosp,2025-09-20,55,quantile,0.5,12.196914587703434
2025-09-13,0,wk inc flu hosp,2025-09-20,55,quantile,0.55,20.901707672755805
2025-09-13,0,wk inc flu hosp,2025-09-20,55,quantile,0.6,29.74673532962165
2025-09-13,0,wk inc flu hosp,2025-09-20,55,quantile,0.65,38.88877342463036
2025-09-13,0,wk inc flu hosp,2025-09-20,55,quantile,0.7,48.523104550345444
2025-09-13,0,wk inc flu hosp,2025-09-20,55,quantile,0.75,58.9200626390843
2025-09-13,0,wk inc flu hosp,2025-09-20,55,quantile,0.8,70.49756850865832
2025-09-13,0,wk inc flu hosp,2025-09-20,55,quantile,0.85,83.99256557963477
2025-09-13,0,wk inc flu hosp,2025-09-20,55,quantile,0.9,100.97235337682078
2025-09-13,0,wk inc flu hosp,2025-09-20,55,quantile,0.95,126.13895672038592
2025-09-13,0,wk inc flu hosp,2025-09-20,55,quantile,0.975,147.9672319252423
2025-09-13,0,wk inc flu hosp,2025-09-20,55,quantile,0.99,173.34731918054817
2025-09-20,0,wk inc flu hosp,2025-09-27,55,quantile,0.01,0.0
2025-09-20,0,wk inc flu hosp,2025-09-27,55,quantile,0.025,0.0
2025-09-20,0,wk inc flu hosp,2025-09-27,55,quantile,0.05,0.0
2025-09-20,0,wk inc flu hosp,2025-09-27,55,quantile,0.1,0.0
2025-09-20,0,wk inc flu hosp,2025-09-27,55,quantile,0.15,0.0
2025-09-20,0,wk inc flu hosp,2025-09-27,55,quantile,0.2,0.0
2025-09-20,0,wk inc flu hosp,2025-09-27,55,quantile,0.25,0.0
2025-09-20,0,wk inc flu hosp,2025-09-27,55,quantile,0.3,0.0
2025-09-20,0,wk inc flu hosp,2025-09-27,55,quantile,0.35,0.0
2025-09-20,0,wk inc flu hosp,2025-09-27,55,quantile,0.4,0.0
2025-09-20,0,wk inc flu hosp,2025-09-27,55,quantile,0.45,4.008466445450646
2025-09-20,0,wk inc flu hosp,2025-09-27,55,quantile,0.5,12.010676923529807
2025-09-20,0,wk inc flu hosp,2025-09-27,55,quantile,0.55,20.012887401608978
2025-09-20,0,wk inc flu hosp,2025-09-27,55,quantile,0.6,28.14401381703325
2025-09-20,0,wk inc flu hosp,2025-09-27,55,quantile,0.65,36.54817831814012
2025-09-20,0,wk inc flu hosp,2025-09-27,55,quantile,0.7,45.404901818652554
2025-09-20,0,wk inc flu hosp,2025-09-27,55,quantile,0.75,54.96269901669538
2025-09-20,0,wk inc flu hosp,2025-09-27,55,quantile,0.8,65.60575944033909
2025-09-20,0,wk inc flu hosp,2025-09-27,55,quantile,0.85,78.01154621871208
2025-09-20,0,wk inc flu hosp,2025-09-27,55,quantile,0.9,93.62085875475904
2025-09-20,0,wk inc flu hosp,2025-09-27,55,quantile,0.95,116.75621131349567
2025-09-20,0,wk inc flu hosp,2025-09-27,55,quantile,0.975,136.8226793910245
2025-09-20,0,wk inc flu hosp,2025-09-27,55,quantile,0.99,160.15428511497038
2025-09-27,0,wk inc flu hosp,2025-10-04,55,quantile,0.01,0.0
2025-09-27,0,wk inc flu hosp,2025-10-04,55,quantile,0.025,0.0
2025-09-27,0,wk inc flu hosp,2025-10-04,55,quantile,0.05,0.0
2025-09-27,0,wk inc flu hosp,2025-10-04,55,quantile,0.1,0.0
2025-09-27,0,wk inc flu hosp,2025-10-04,55,quantile,0.15,0.0
2025-09-27,0,wk inc flu hosp,2025-10-04,55,quantile,0.2,0.0
2025-09-27,0,wk inc flu hosp,2025-10-04,55,quantile,0.25,0.0
2025-09-27,0,wk inc flu hosp,2025-10-04,55,quantile,0.3,0.0
2025-09-27,0,wk inc flu hosp,2025-10-04,55,quantile,0.35,0.0
2025-09-27,0,wk inc flu hosp,2025-10-04,55,quantile,0.4,0.0
2025-09-27,0,wk inc flu hosp,2025-10-04,55,quantile,0.45,1.0241460823411028
2025-09-27,0,wk inc flu hosp,2025-10-04,55,quantile,0.5,9.283000150088707
2025-09-27,0,wk inc flu hosp,2025-10-04,55,quantile,0.55,17.54185421783632
2025-09-27,0,wk inc flu hosp,2025-10-04,55,quantile,0.6,25.933758761631356
2025-09-27,0,wk inc flu hosp,2025-10-04,55,quantile,0.65,34.607458155832646
2025-09-27,0,wk inc flu hosp,2025-10-04,55,quantile,0.7,43.74823083476885
2025-09-27,0,wk inc flu hosp,2025-10-04,55,quantile,0.75,53.61256175733044
2025-09-27,0,wk inc flu hosp,2025-10-04,55,quantile,0.8,64.59696201946808
2025-09-27,0,wk inc flu hosp,2025-10-04,55,quantile,0.85,77.40062206800621
2025-09-27,0,wk inc flu hosp,2025-10-04,55,quantile,0.9,93.51055002931366
2025-09-27,0,wk inc flu hosp,2025-10-04,55,quantile,0.95,117.38789006078476
2025-09-27,0,wk inc flu hosp,2025-10-04,55,quantile,0.975,138.09792161536677
2025-09-27,0,wk inc flu hosp,2025-10-04,55,quantile,0.99,162.1778089625123
2025-10-04,0,wk inc flu hosp,2025-10-11,55,quantile,0.01,0.0
2025-10-04,0,wk inc flu hosp,2025-10-11,55,quantile,0.025,0.0
2025-10-04,0,wk inc flu hosp,2025-10-11,55,quantile,0.05,0.0
2025-10-04,0,wk inc flu hosp,2025-10-11,55,quantile,0.1,0.0
2025-10-04,0,wk inc flu hosp,2025-10-11,55,quantile,0.15,0.0
2025-10-04,0,wk inc flu hosp,2025-10-11,55,quantile,0.2,0.0
2025-10-04,0,wk inc flu hosp,2025-10-11,55,quantile,0.25,0.0
2025-10-04,0,wk inc flu hosp,2025-10-11,55,quantile,0.3,0.0
2025-10-04,0,wk inc flu hosp,2025-10-11,55,quantile,0.35,0.0
2025-10-04,0,wk inc flu hosp,2025-10-11,55,quantile,0.4,0.0
2025-10-04,0,wk inc flu hosp,2025-10-11,55,quantile,0.45,4.26505746297789
2025-10-04,0,wk inc flu hosp,2025-10-11,55,quantile,0.5,11.585036083364344
2025-10-04,0,wk inc flu hosp,2025-10-11,55,quantile,0.55,18.905014703750805
2025-10-04,0,wk inc flu hosp,2025-10-11,55,quantile,0.6,26.342918478415356
2025-10-04,0,wk inc flu hosp,2025-10-11,55,quantile,0.65,34.03058236064303
2025-10-04,0,wk inc flu hosp,2025-10-11,55,quantile,0.7,42.13222213230613
2025-10-04,0,wk inc flu hosp,2025-10-11,55,quantile,0.75,50.87516526524617
2025-10-04,0,wk inc flu hosp,2025-10-11,55,quantile,0.8,60.610847045920075
2025-10-04,0,wk inc flu hosp,2025-10-11,55,quantile,0.85,71.95897319625364
2025-10-04,0,wk inc flu hosp,2025-10-11,55,quantile,0.9,86.23750715331353
2025-10-04,0,wk inc flu hosp,2025-10-11,55,quantile,0.95,107.40044539006256
2025-10-04,0,wk inc flu hosp,2025-10-11,55,quantile,0.975,125.75613819726259
2025-10-04,0,wk inc flu hosp,2025-10-11,55,quantile,0.99,147.0985979521534
2025-10-11,0,wk inc flu hosp,2025-10-18,55,quantile,0.01,0.0
2025-10-11,0,wk inc flu hosp,2025-10-18,55,quantile,0.025,0.0
2025-10-11,0,wk inc flu hosp,2025-10-18,55,quantile,0.05,0.0
2025-10-11,0,wk inc flu hosp,2025-10-18,55,quantile,0.1,0.0
2025-10-11,0,wk inc flu hosp,2025-10-18,55,quantile,0.15,0.0
2025-10-11,0,wk inc flu hosp,2025-10-18,55,quantile,0.2,0.0
2025-10-11,0,wk inc flu hosp,2025-10-18,55,quantile,0.25,0.0
2025-10-11,0,wk inc flu hosp,2025-10-18,55,quantile,0.3,0.0
2025-10-11,0,wk inc flu hosp,2025-10-18,55,quantile,0.35,0.0
2025-10-11,0,wk inc flu hosp,2025-10-18,55,quantile,0.4,0.0
2025-10-11,0,wk inc flu hosp,2025-10-18,55,quantile,0.45,0.0
2025-10-11,0,wk inc flu hosp,2025-10-18,55,quantile,0.5,5.066396245295085
2025-10-11,0,wk inc flu hosp,2025-10-18,55,quantile,0.55,13.37889549022223
2025-10-11,0,wk inc flu hosp,2025-10-18,55,quantile,0.6,21.82530943719024
2025-10-11,0,wk inc flu hosp,2025-10-18,55,quantile,0.65,30.55534862586992
2025-10-11,0,wk inc flu hosp,2025-10-18,55,quantile,0.7,39.75549496196206
2025-10-11,0,wk inc flu hosp,2025-10-18,55,quantile,0.75,49.68389939590398
2025-10-11,0,wk inc flu hosp,2025-10-18,55,quantile,0.8,60.73964855141588
2025-10-11,0,wk inc flu hosp,2025-10-18,55,quantile,0.85,73.62647444914036
2025-10-11,0,wk inc flu hosp,2025-10-18,55,quantile,0.9,89.8410440390254
2025-10-11,0,wk inc flu hosp,2025-10-18,55,quantile,0.95,113.87347872721969
2025-10-11,0,wk inc flu hosp,2025-10-18,55,quantile,0.975,134.71803176662587
2025-10-11,0,wk inc flu hosp,2025-10-18,55,quantile,0.99,158.95432941144762
2025-10-18,0,wk inc flu hosp,2025-10-25,55,quantile,0.01,0.0
2025-10-18,0,wk inc flu hosp,2025-10-25,55,quantile,0.025,0.0
2025-10-18,0,wk inc flu hosp,2025-10-25,55,quantile,0.05,0.0
2025-10-18,0,wk inc flu hosp,2025-10-25,55,quantile,0.1,0.0
2025-10-18,0,wk inc flu hosp,2025-10-25,55,quantile,0.15,0.0
2025-10-18,0,wk inc flu hosp,2025-10-25,55,quantile,0.2,0.0
2025-10-18,0,wk inc flu hosp,2025-10-25,55,quantile,0.25,0.0
2025-10-18,0,wk inc flu hosp,2025-10-25,55,quantile,0.3,0.0
2025-10-18,0,wk inc flu hosp,2025-10-25,55,quantile,0.35,0.0
2025-10-18,0,wk inc flu hosp,2025-10-25,55,quantile,0.4,0.0
2025-10-18,0,wk inc flu hosp,2025-10-25,55,quantile,0.45,0.0
2025-10-18,0,wk inc flu hosp,2025-10-25,55,quantile,0.5,7.1854013740279665
2025-10-18,0,wk inc flu hosp,2025-10-25,55,quantile,0.55,15.502182262441554
2025-10-18,0,wk inc flu hosp,2025-10-25,55,quantile,0.6,23.952946830347287
2025-10-18,0,wk inc flu hosp,2025-10-25,55,quantile,0.65,32.68748273106594
2025-10-18,0,wk inc flu hosp,2025-10-25,55,quantile,0.7,41.89236792432649
2025-10-18,0,wk inc flu hosp,2025-10-25,55,quantile,0.75,51.82588633024276
2025-10-18,0,wk inc flu hosp,2025-10-25,55,quantile,0.8,62.887330136059546
2025-10-18,0,wk inc flu hosp,2025-10-25,55,quantile,0.85,75.78079384421143
2025-10-18,0,wk inc flu hosp,2025-10-25,55,quantile,0.9,92.00371531530865
2025-10-18,0,wk inc flu hosp,2025-10-25,55,quantile,0.95,116.04852874958328
2025-10-18,0,wk inc flu hosp,2025-10-25,55,quantile,0.975,136.90381850512253
2025-10-18,0,wk inc flu hosp,2025-10-25,55,quantile,0.99,161.15259990277102
2025-10-25,0,wk inc flu hosp,2025-11-01,55,quantile,0.01,0.0
2025-10-25,0,wk inc flu hosp,2025-11-01,55,quantile,0.025,0.0
2025-10-25,0,wk inc flu hosp,2025-11-01,55,quantile,0.05,0.0
2025-10-25,0,wk inc flu hosp,2025-11-01,55,quantile,0.1,0.0
2025-10-25,0,wk inc flu hosp,2025-11-01,55,quantile,0.15,0.0
2025-10-25,0,wk inc flu hosp,2025-11-01,55,quantile,0.2,0.0
2025-10-25,0,wk inc flu hosp,2025-11-01,55,quantile,0.25,0.0
2025-10-25,0,wk inc flu hosp,2025-11-01,55,quantile,0.3,0.0
2025-10-25,0,wk inc flu hosp,2025-11-01,55,quantile,0.35,0.0
2025-10-25,0,wk inc flu hosp,2025-11-01,55,quantile,0.4,0.0
2025-10-25,0,wk inc flu hosp,2025-11-01,55,quantile,0.45,1.6537807968829252
2025-10-25,0,wk inc flu hosp,2025-11-01,55,quantile,0.5,9.947066334440658
2025-10-25,0,wk inc flu hosp,2025-11-01,55,quantile,0.55,18.2403518719984
2025-10-25,0,wk inc flu hosp,2025-11-01,55,quantile,0.6,26.66724257798724
2025-10-25,0,wk inc flu hosp,2025-11-01,55,quantile,0.65,35.377102947595496
2025-10-25,0,wk inc flu hosp,2025-11-01,55,quantile,0.7,44.55598384783629
2025-10-25,0,wk inc flu hosp,2025-11-01,55,quantile,0.75,54.46143953293408
2025-10-25,0,wk inc flu hosp,2025-11-01,55,quantile,0.8,65.49163416834746
2025-10-25,0,wk inc flu hosp,2025-11-01,55,quantile,0.85,78.34867315188117
2025-10-25,0,wk inc flu hosp,2025-11-01,55,quantile,0.9,94.52576400209463
2025-10-25,0,wk inc flu hosp,2025-11-01,55,quantile,0.95,118.50264955231395
2025-10-25,0,wk inc flu hosp,2025-11-01,55,quantile,0.975,139.29902199879078
2025-10-25,0,wk inc flu hosp,2025-11-01,55,quantile,0.99,163.47929929197764
2025-11-01,0,wk inc flu hosp,2025-11-08,55,quantile,0.01,0.0
2025-11-01,0,wk inc flu hosp,2025-11-08,55,quantile,0.025,0.0
2025-11-01,0,wk inc flu hosp,2025-11-08,55,quantile,0.05,0.0
2025-11-01,0,wk inc flu hosp,2025-11-08,55,quantile,0.1,0.0
2025-11-01,0,wk inc flu hosp,2025-11-08,55,quantile,0.15,0.0
2025-11-01,0,wk inc flu hosp,2025-11-08,55,quantile,0.2,0.0
2025-11-01,0,wk inc flu hosp,2025-11-08,55,quantile,0.25,0.0
2025-11-01,0,wk inc flu hosp,2025-11-08,55,quantile,0.3,0.0
2025-11-01,0,wk inc flu hosp,2025-11-08,55,quantile,0.35,0.0
2025-11-01,0,wk inc flu hosp,2025-11-08,55,quantile,0.4,0.0
2025-11-01,0,wk inc flu hosp,2025-11-08,55,quantile,0.45,2.4971390510253872
2025-11-01,0,wk inc flu hosp,2025-11-08,55,quantile,0.5,10.546148486817742
2025-11-01,0,wk inc flu hosp,2025-11-08,55,quantile,0.55,18.595157922610106
2025-11-01,0,wk inc flu hosp,2025-11-08,55,quantile,0.6,26.77383722886604
2025-11-01,0,wk inc flu hosp,2025-11-08,55,quantile,0.65,35.22715141682248
2025-11-01,0,wk inc flu hosp,2025-11-08,55,quantile,0.7,44.13567128406551
2025-11-01,0,wk inc flu hosp,2025-11-08,55,quantile,0.75,53.74936490574375
2025-11-01,0,wk inc flu hosp,2025-11-08,55,quantile,0.8,64.45466864778922
2025-11-01,0,wk inc flu hosp,2025-11-08,55,quantile,0.85,76.93300761563917
2025-11-01,0,wk inc flu hosp,2025-11-08,55,quantile,0.9,92.63360737279926
2025-11-01,0,wk inc flu hosp,2025-11-08,55,quantile,0.95,115.90426134469443
2025-11-01,0,wk inc flu hosp,2025-11-08,55,quantile,0.975,136.08808322010023
2025-11-01,0,wk inc flu hosp,2025-11-08,55,quantile,0.99,159.5561380955208
2025-11-08,0,wk inc flu hosp,2025-11-15,55,quantile,0.01,0.0
2025-11-08,0,wk inc flu hosp,2025-11-15,55,quantile,0.025,0.0
2025-11-08,0,wk inc flu hosp,2025-11-15,55,quantile,0.05,0.0
2025-11-08,0,wk inc flu hosp,2025-11-15,55,quantile,0.1,0.0
2025-11-08,0,wk inc flu hosp,2025-11-15,55,quantile,0.15,0.0
2025-11-08,0,wk inc flu hosp,2025-11-15,55,quantile,0.2,0.0
2025-11-08,0,wk inc flu hosp,2025-11-15,55,quantile,0.25,0.0
2025-11-08,0,wk inc flu hosp,2025-11-15,55,quantile,0.3,0.0
2025-11-08,0,wk inc flu hosp,2025-11-15,55,quantile,0.35,0.0
2025-11-08,0,wk inc flu hosp,2025-11-15,55,quantile,0.4,0.0
2025-11-08,0,wk inc flu hosp,2025-11-15,55,quantile,0.45,6.253610348180107
2025-11-08,0,wk inc flu hosp,2025-11-15,55,quantile,0.5,13.204062331462888
2025-11-08,0,wk inc flu hosp,2025-11-15,55,quantile,0.55,20.154514314745676
2025-11-08,0,wk inc flu hosp,2025-11-15,55,quantile,0.6,27.21693836310368
2025-11-08,0,wk inc flu hosp,2025-11-15,55,quantile,0.65,34.51651414714057
2025-11-08,0,wk inc flu hosp,2025-11-15,55,quantile,0.7,42.20916751937482
2025-11-08,0,wk inc flu hosp,2025-11-15,55,quantile,0.75,50.510750022475555
2025-11-08,0,wk inc flu hosp,2025-11-15,55,quantile,0.8,59.754955811907564
2025-11-08,0,wk inc flu hosp,2025-11-15,55,quantile,0.85,70.53020666967099
2025-11-08,0,wk inc flu hosp,2025-11-15,55,quantile,0.9,84.08793269687872
2025-11-08,0,wk inc flu hosp,2025-11-15,55,quantile,0.95,104.1825249993816
2025-11-08,0,wk inc flu hosp,2025-11-15,55,quantile,0.975,121.61158703530286
2025-11-08,0,wk inc flu hosp,2025-11-15,55,quantile,0.99,141.87663826351016
2025-09-13,0,wk inc flu hosp,2025-09-20,56,quantile,0.01,0.0
2025-09-13,0,wk inc flu hosp,2025-09-20,56,quantile,0.025,0.0
2025-09-13,0,wk inc flu hosp,2025-09-20,56,quantile,0.05,0.0
2025-09-13,0,wk inc flu hosp,2025-09-20,56,quantile,0.1,0.0
2025-09-13,0,wk inc flu hosp,2025-09-20,56,quantile,0.15,0.0
2025-09-13,0,wk inc flu hosp,2025-09-20,56,quantile,0.2,0.0
2025-09-13,0,wk inc flu hosp,2025-09-20,56,quantile,0.25,0.0
2025-09-13,0,wk inc flu hosp,2025-09-20,56,quantile,0.3,0.0
2025-09-13,0,wk inc flu hosp,2025-09-20,56,quantile,0.35,0.0
2025-09-13,0,wk inc flu hosp,2025-09-20,56,quantile,0.4,0.0
2025-09-13,0,wk inc flu hosp,2025-09-20,56,quantile,0.45,0.4471237507415454
2025-09-13,0,wk inc flu hosp,2025-09-20,56,quantile,0.5,1.1725601451356191
2025-09-13,0,wk inc flu hosp,2025-09-20,56,quantile,0.55,1.8979965395296938
2025-09-13,0,wk inc flu hosp,2025-09-20,56,quantile,0.6,2.6351197438400717
2025-09-13,0,wk inc flu hosp,2025-09-20,56,quantile,0.65,3.3969950794462243
2025-09-13,0,wk inc flu hosp,2025-09-20,56,quantile,0.7,4.199896925124651
2025-09-13,0,wk inc flu hosp,2025-09-20,56,quantile,0.75,5.066354256719644
2025-09-13,0,wk inc flu hosp,2025-09-20,56,quantile,0.8,6.031195584024954
2025-09-13,0,wk inc flu hosp,2025-09-20,56,quantile,0.85,7.155835988670351
2025-09-13,0,wk inc flu hosp,2025-09-20,56,quantile,0.9,8.57089042095994
2025-09-13,0,wk inc flu hosp,2025-09-20,56,quantile,0.95,10.668214252821238
2025-09-13,0,wk inc flu hosp,2025-09-20,56,quantile,0.975,12.487329894713293
2025-09-13,0,wk inc flu hosp,2025-09-20,56,quantile,0.99,14.602444959253088
2025-09-20,0,wk inc flu hosp,2025-09-27,56,quantile,0.01,0.0
2025-09-20,0,wk inc flu hosp,2025-09-27,56,quantile,0.025,0.0
2025-09-20,0,wk inc flu hosp,2025-09-27,56,quantile,0.05,0.0
2025-09-20,0,wk inc flu hosp,2025-09-27,56,quantile,0.1,0.0
2025-09-20,0,wk inc flu hosp,2025-09-27,56,quantile,0.15,0.0
2025-09-20,0,wk inc flu hosp,2025-09-27,56,quantile,0.2,0.0
2025-09-20,0,wk inc flu hosp,2025-09-27,56,quantile,0.25,0.0
2025-09-20,0,wk inc flu hosp,2025-09-27,56,quantile,0.3,0.0
2025-09-20,0,wk inc flu hosp,2025-09-27,56,quantile,0.35,0.0
2025-09-20,0,wk inc flu hosp,2025-09-27,56,quantile,0.4,0.08152958269478083
2025-09-20,0,wk inc flu hosp,2025-09-27,56,quantile,0.45,0.7524025644674505
2025-09-20,0,wk inc flu hosp,2025-09-27,56,quantile,0.5,1.4126391085725567
2025-09-20,0,wk inc flu hosp,2025-09-27,56,quantile,0.55,2.0728756526776637
2025-09-20,0,wk inc flu hosp,2025-09-27,56,quantile,0.6,2.7437486344503323
2025-09-20,0,wk inc flu hosp,2025-09-27,56,quantile,0.65,3.4371491069199744
2025-09-20,0,wk inc flu hosp,2025-09-27,56,quantile,0.7,4.1678887609307305
2025-09-20,0,wk inc flu hosp,2025-09-27,56,quantile,0.75,4.956471741668323
2025-09-20,0,wk inc flu hosp,2025-09-27,56,quantile,0.8,5.834596286387257
2025-09-20,0,wk inc flu hosp,2025-09-27,56,quantile,0.85,6.858157690063796
2025-09-20,0,wk inc flu hosp,2025-09-27,56,quantile,0.9,8.14603165849882
2025-09-20,0,wk inc flu hosp,2025-09-27,56,quantile,0.95,10.054854884515745
2025-09-20,0,wk inc flu hosp,2025-09-27,56,quantile,0.975,11.710474362683136
2025-09-20,0,wk inc flu hosp,2025-09-27,56,quantile,0.99,13.635489803578988
2025-09-27,0,wk inc flu hosp,2025-10-04,56,quantile,0.01,0.0
2025-09-27,0,wk inc flu hosp,2025-10-04,56,quantile,0.025,0.0
2025-09-27,0,wk inc flu hosp,2025-10-04,56,quantile,0.05,0.0
2025-09-27,0,wk inc flu hosp,2025-10-04,56,quantile,0.1,0.0
2025-09-27,0,wk inc flu hosp,2025-10-04,56,quantile,0.15,0.0
2025-09-27,0,wk inc flu hosp,2025-10-04,56,quantile,0.2,0.0
2025-09-27,0,wk inc flu hosp,2025-10-04,56,quantile,0.25,0.0
2025-09-27,0,wk inc flu hosp,2025-10-04,56,quantile,0.3,0.0
2025-09-27,0,wk inc flu hosp,2025-10-04,56,quantile,0.35,0.0
2025-09-27,0,wk inc flu hosp,2025-10-04,56,quantile,0.4,0.4256703743198713
2025-09-27,0,wk inc flu hosp,2025-10-04,56,quantile,0.45,1.0259377026773648
2025-09-27,0,wk inc flu hosp,2025-10-04,56,quantile,0.5,1.6166880193270998
2025-09-27,0,wk inc flu hosp,2025-10-04,56,quantile,0.55,2.2074383359768355
2025-09-27,0,wk inc flu hosp,2025-10-04,56,quantile,0.6,2.8077056643343283
2025-09-27,0,wk inc flu hosp,2025-10-04,56,quantile,0.65,3.428129590174014
2025-09-27,0,wk inc flu hosp,2025-10-04,56,quantile,0.7,4.0819629561844994
2025-09-27,0,wk inc flu hosp,2025-10-04,56,quantile,0.75,4.7875519602084315
2025-09-27,0,wk inc flu hosp,2025-10-04,56,quantile,0.8,5.573258776170488
2025-09-27,0,wk inc flu hosp,2025-10-04,56,quantile,0.85,6.489096029850439
2025-09-27,0,wk inc flu hosp,2025-10-04,56,quantile,0.9,7.6414284195838125
2025-09-27,0,wk inc flu hosp,2025-10-04,56,quantile,0.95,9.349358608038138
2025-09-27,0,wk inc flu hosp,2025-10-04,56,quantile,0.975,10.830733336097959
2025-09-27,0,wk inc flu hosp,2025-10-04,56,quantile,0.99,12.55315159879233
2025-10-04,0,wk inc flu hosp,2025-10-11,56,quantile,0.01,0.0
2025-10-04,0,wk inc flu hosp,2025-10-11,56,quantile,0.025,0.0
2025-10-04,0,wk inc flu hosp,2025-10-11,56,quantile,0.05,0.0
2025-10-04,0,wk inc flu hosp,2025-10-11,56,quantile,0.1,0.0
2025-10-04,0,wk inc flu hosp,2025-10-11,56,quantile,0.15,0.0
2025-10-04,0,wk inc flu hosp,2025-10-11,56,quantile,0.2,0.0
2025-10-04,0,wk inc flu hosp,2025-10-11,56,quantile,0.25,0.0
2025-10-04,0,wk inc flu hosp,2025-10-11,56,quantile,0.3,0.0
2025-10-04,0,wk inc flu hosp,2025-10-11,56,quantile,0.35,0.0
2025-10-04,0,wk inc flu hosp,2025-10-11,56,quantile,0.4,0.22831776198239706
2025-10-04,0,wk inc flu hosp,2025-10-11,56,quantile,0.45,0.7777773924369
2025-10-04,0,wk inc flu hosp,2025-10-11,56,quantile,0.5,1.318525548038549
2025-10-04,0,wk inc flu hosp,2025-10-11,56,quantile,0.55,1.8592737036401985
2025-10-04,0,wk inc flu hosp,2025-10-11,56,quantile,0.6,2.408733334094701
2025-10-04,0,wk inc flu hosp,2025-10-11,56,quantile,0.65,2.9766434716492496
2025-10-04,0,wk inc flu hosp,2025-10-11,56,quantile,0.7,3.5751352147364033
2025-10-04,0,wk inc flu hosp,2025-10-11,56,quantile,0.75,4.221001906272973
2025-10-04,0,wk inc flu hosp,2025-10-11,56,quantile,0.8,4.940205095167814
2025-10-04,0,wk inc flu hosp,2025-10-11,56,quantile,0.85,5.778524249302685
2025-10-04,0,wk inc flu hosp,2025-10-11,56,quantile,0.9,6.833321169128664
2025-10-04,0,wk inc flu hosp,2025-10-11,56,quantile,0.95,8.396689098477818
2025-10-04,0,wk inc flu hosp,2025-10-11,56,quantile,0.975,9.752677625908769
2025-10-04,0,wk inc flu hosp,2025-10-11,56,quantile,0.99,11.329307333039024
2025-10-11,0,wk inc flu hosp,2025-10-18,56,quantile,0.01,0.0
2025-10-11,0,wk inc flu hosp,2025-10-18,56,quantile,0.025,0.0
2025-10-11,0,wk inc flu hosp,2025-10-18,56,quantile,0.05,0.0
2025-10-11,0,wk inc flu hosp,2025-10-18,56,quantile,0.1,0.0
2025-10-11,0,wk inc flu hosp,2025-10-18,56,quantile,0.15,0.0
2025-10-11,0,wk inc flu hosp,2025-10-18,56,quantile,0.2,0.0
2025-10-11,0,wk inc flu hosp,2025-10-18,56,quantile,0.25,0.0
2025-10-11,0,wk inc flu hosp,2025-10-18,56,quantile,0.3,0.0
2025-10-11,0,wk inc flu hosp,2025-10-18,56,quantile,0.35,0.0
2025-10-11,0,wk inc flu hosp,2025-10-18,56,quantile,0.4,0.0
2025-10-11,0,wk inc flu hosp,2025-10-18,56,quantile,0.45,0.0
2025-10-11,0,wk inc flu hosp,2025-10-18,56,quantile,0.5,0.3570311426362602
2025-10-11,0,wk inc flu hosp,2025-10-18,56,quantile,0.55,1.086682908997295
2025-10-11,0,wk inc flu hosp,2025-10-18,56,quantile,0.6,1.828089395089036
2025-10-11,0,wk inc flu hosp,2025-10-18,56,quantile,0.65,2.5943918423714853
2025-10-11,0,wk inc flu hosp,2025-10-18,56,quantile,0.7,3.4019591969196736
2025-10-11,0,wk inc flu hosp,2025-10-18,56,quantile,0.75,4.273451346142232
2025-10-11,0,wk inc flu hosp,2025-10-18,56,quantile,0.8,5.243899181633672
2025-10-11,0,wk inc flu hosp,2025-10-18,56,quantile,0.85,6.375074656302146
2025-10-11,0,wk inc flu hosp,2025-10-18,56,quantile,0.9,7.798351698915246
2025-10-11,0,wk inc flu hosp,2025-10-18,56,quantile,0.95,9.90786267792657
2025-10-11,0,wk inc flu hosp,2025-10-18,56,quantile,0.975,11.73754885245353
2025-10-11,0,wk inc flu hosp,2025-10-18,56,quantile,0.99,13.86495444558943
2025-10-18,0,wk inc flu hosp,2025-10-25,56,quantile,0.01,0.0
2025-10-18,0,wk inc flu hosp,2025-10-25,56,quantile,0.025,0.0
2025-10-18,0,wk inc flu hosp,2025-10-25,56,quantile,0.05,0.0
2025-10-18,0,wk inc flu hosp,2025-10-25,56,quantile,0.1,0.0
2025-10-18,0,wk inc flu hosp,2025-10-25,56,quantile,0.15,0.0
2025-10-18,0,wk inc flu hosp,2025-10-25,56,quantile,0.2,0.0
2025-10-18,0,wk inc flu hosp,2025-10-25,56,quantile,0.25,0.0
2025-10-18,0,wk inc flu hosp,2025-10-25,56,quantile,0.3,0.0
2025-10-18,0,wk inc flu hosp,2025-10-25,56,quantile,0.35,0.0
2025-10-18,0,wk inc flu hosp,2025-10-25,56,quantile,0.4,0.0
2025-10-18,0,wk inc flu hosp,2025-10-25,56,quantile,0.45,0.04452126649250476
2025-10-18,0,wk inc flu hosp,2025-10-25,56,quantile,0.5,0.623927888351151
2025-10-18,0,wk inc flu hosp,2025-10-25,56,quantile,0.55,1.2033345102097979
2025-10-18,0,wk inc flu hosp,2025-10-25,56,quantile,0.6,1.7920753963902194
2025-10-18,0,wk inc flu hosp,2025-10-25,56,quantile,0.65,2.400585829409913
2025-10-18,0,wk inc flu hosp,2025-10-25,56,quantile,0.7,3.041864168467022
2025-10-18,0,wk inc flu hosp,2025-10-25,56,quantile,0.75,3.7339043243837065
2025-10-18,0,wk inc flu hosp,2025-10-25,56,quantile,0.8,4.504523855473707
2025-10-18,0,wk inc flu hosp,2025-10-25,56,quantile,0.85,5.40277503600016
2025-10-18,0,wk inc flu hosp,2025-10-25,56,quantile,0.9,6.532980130057835
2025-10-18,0,wk inc flu hosp,2025-10-25,56,quantile,0.95,8.208114333074205
2025-10-18,0,wk inc flu hosp,2025-10-25,56,quantile,0.975,9.66104343476239
2025-10-18,0,wk inc flu hosp,2025-10-25,56,quantile,0.99,11.350387509387918
2025-10-25,0,wk inc flu hosp,2025-11-01,56,quantile,0.01,0.0
2025-10-25,0,wk inc flu hosp,2025-11-01,56,quantile,0.025,0.0
2025-10-25,0,wk inc flu hosp,2025-11-01,56,quantile,0.05,0.0
2025-10-25,0,wk inc flu hosp,2025-11-01,56,quantile,0.1,0.0
2025-10-25,0,wk inc flu hosp,2025-11-01,56,quantile,0.15,0.0
2025-10-25,0,wk inc flu hosp,2025-11-01,56,quantile,0.2,0.0
2025-10-25,0,wk inc flu hosp,2025-11-01,56,quantile,0.25,0.0
2025-10-25,0,wk inc flu hosp,2025-11-01,56,quantile,0.3,0.0
2025-10-25,0,wk inc flu hosp,2025-11-01,56,quantile,0.35,0.0
2025-10-25,0,wk inc flu hosp,2025-11-01,56,quantile,0.4,0.3248665615847679
2025-10-25,0,wk inc flu hosp,2025-11-01,56,quantile,0.45,0.8923629789827611
2025-10-25,0,wk inc flu hosp,2025-11-01,56,quantile,0.5,1.4508619550852802
2025-10-25,0,wk inc flu hosp,2025-11-01,56,quantile,0.55,2.0093609311878
2025-10-25,0,wk inc flu hosp,2025-11-01,56,quantile,0.6,2.5768573485857926
2025-10-25,0,wk inc flu hosp,2025-11-01,56,quantile,0.65,3.16340993698909
2025-10-25,0,wk inc flu hosp,2025-11-01,56,quantile,0.7,3.7815480152375214
2025-10-25,0,wk inc flu hosp,2025-11-01,56,quantile,0.75,4.448616191402737
2025-10-25,0,wk inc flu hosp,2025-11-01,56,quantile,0.8,5.191428238834545
2025-10-25,0,wk inc flu hosp,2025-11-01,56,quantile,0.85,6.05726640098329
2025-10-25,0,wk inc flu hosp,2025-11-01,56,quantile,0.9,7.146688516650889
2025-10-25,0,wk inc flu hosp,2025-11-01,56,quantile,0.95,8.761376202162351
2025-10-25,0,wk inc flu hosp,2025-11-01,56,quantile,0.975,10.16187696454468
2025-10-25,0,wk inc flu hosp,2025-11-01,56,quantile,0.99,11.790261764388049
2025-11-01,0,wk inc flu hosp,2025-11-08,56,quantile,0.01,0.0
2025-11-01,0,wk inc flu hosp,2025-11-08,56,quantile,0.025,0.0
2025-11-01,0,wk inc flu hosp,2025-11-08,56,quantile,0.05,0.0
2025-11-01,0,wk inc flu hosp,2025-11-08,56,quantile,0.1,0.0
2025-11-01,0,wk inc flu hosp,2025-11-08,56,quantile,0.15,0.6294551641002832
2025-11-01,0,wk inc flu hosp,2025-11-08,56,quantile,0.2,1.2567050260726522
2025-11-01,0,wk inc flu hosp,2025-11-08,56,quantile,0.25,1.7948295562582026
2025-11-01,0,wk inc flu hosp,2025-11-08,56,quantile,0.3,2.27808201580261
2025-11-01,0,wk inc flu hosp,2025-11-08,56,quantile,0.35,2.725887438583901
2025-11-01,0,wk inc flu hosp,2025-11-08,56,quantile,0.4,3.150810993815575
2025-11-01,0,wk inc flu hosp,2025-11-08,56,quantile,0.45,3.5619294511024613
2025-11-01,0,wk inc flu hosp,2025-11-08,56,quantile,0.5,3.9665297805712285
2025-11-01,0,wk inc flu hosp,2025-11-08,56,quantile,0.55,4.371130110039997
2025-11-01,0,wk inc flu hosp,2025-11-08,56,quantile,0.6,4.7822485673268815
2025-11-01,0,wk inc flu hosp,2025-11-08,56,quantile,0.65,5.207172122558556
2025-11-01,0,wk inc flu hosp,2025-11-08,56,quantile,0.7,5.654977545339847
2025-11-01,0,wk inc flu hosp,2025-11-08,56,quantile,0.75,6.138230004884255
2025-11-01,0,wk inc flu hosp,2025-11-08,56,quantile,0.8,6.676354535069805
2025-11-01,0,wk inc flu hosp,2025-11-08,56,quantile,0.85,7.303604397042173
2025-11-01,0,wk inc flu hosp,2025-11-08,56,quantile,0.9,8.092827951229605
2025-11-01,0,wk inc flu hosp,2025-11-08,56,quantile,0.95,9.262576146841656
2025-11-01,0,wk inc flu hosp,2025-11-08,56,quantile,0.975,10.277158257332644
2025-11-01,0,wk inc flu hosp,2025-11-08,56,quantile,0.99,11.456829223099323
2025-11-08,0,wk inc flu hosp,2025-11-15,56,quantile,0.01,0.0
2025-11-08,0,wk inc flu hosp,2025-11-15,56,quantile,0.025,0.0
2025-11-08,0,wk inc flu hosp,2025-11-15,56,quantile,0.05,0.0
2025-11-08,0,wk inc flu hosp,2025-11-15,56,quantile,0.1,0.0
2025-11-08,0,wk inc flu hosp,2025-11-15,56,quantile,0.15,0.1057395074855787
2025-11-08,0,wk inc flu hosp,2025-11-15,56,quantile,0.2,0.47161991736417064
2025-11-08,0,wk inc flu hosp,2025-11-15,56,quantile,0.25,0.7855127304305642
2025-11-08,0,wk inc flu hosp,2025-11-15,56,quantile,0.3,1.0673981778294097
2025-11-08,0,wk inc flu hosp,2025-11-15,56,quantile,0.35,1.328607054173957
2025-11-08,0,wk inc flu hosp,2025-11-15,56,quantile,0.4,1.5764687341532222
2025-11-08,0,wk inc flu hosp,2025-11-15,56,quantile,0.45,1.8162777780130142
2025-11-08,0,wk inc flu hosp,2025-11-15,56,quantile,0.5,2.052284740083206
2025-11-08,0,wk inc flu hosp,2025-11-15,56,quantile,0.55,2.288291702153398
2025-11-08,0,wk inc flu hosp,2025-11-15,56,quantile,0.6,2.52810074601319
2025-11-08,0,wk inc flu hosp,2025-11-15,56,quantile,0.65,2.7759624259924554
2025-11-08,0,wk inc flu hosp,2025-11-15,56,quantile,0.7,3.037171302337002
2025-11-08,0,wk inc flu hosp,2025-11-15,56,quantile,0.75,3.319056749735848
2025-11-08,0,wk inc flu hosp,2025-11-15,56,quantile,0.8,3.6329495628022417
2025-11-08,0,wk inc flu hosp,2025-11-15,56,quantile,0.85,3.9988299726808334
2025-11-08,0,wk inc flu hosp,2025-11-15,56,quantile,0.9,4.459191074369935
2025-11-08,0,wk inc flu hosp,2025-11-15,56,quantile,0.95,5.141515575677093
2025-11-08,0,wk inc flu hosp,2025-11-15,56,quantile,0.975,5.733330322793423
2025-11-08,0,wk inc flu hosp,2025-11-15,56,quantile,0.99,6.421442863973384
