reference_date,horizon,target,target_end_date,location,output_type,output_type_id,value
2025-09-20,2,wk inc flu hosp,2025-10-11,01,quantile,0.01,0.0
2025-09-20,2,wk inc flu hosp,2025-10-11,01,quantile,0.025,0.0
2025-09-20,2,wk inc flu hosp,2025-10-11,01,quantile,0.05,0.0
2025-09-20,2,wk inc flu hosp,2025-10-11,01,quantile,0.1,0.0
2025-09-20,2,wk inc flu hosp,2025-10-11,01,quantile,0.15,0.0
2025-09-20,2,wk inc flu hosp,2025-10-11,01,quantile,0.2,0.0
2025-09-20,2,wk inc flu hosp,2025-10-11,01,quantile,0.25,0.7455454044865526
2025-09-20,2,wk inc flu hosp,2025-10-11,01,quantile,0.3,4.013990985880836
2025-09-20,2,wk inc flu hosp,2025-10-11,01,quantile,0.35,7.042692912806908
2025-09-20,2,wk inc flu hosp,2025-10-11,01,quantile,0.4,9.916634864052565
2025-09-20,2,wk inc flu hosp,2025-10-11,01,quantile,0.45,12.697206961741973
2025-09-20,2,wk inc flu hosp,2025-10-11,01,quantile,0.5,15.433694139333554
2025-09-20,2,wk inc flu hosp,2025-10-11,01,quantile,0.55,18.170181316925138
2025-09-20,2,wk inc flu hosp,2025-10-11,01,quantile,0.6,20.950753414614542
2025-09-20,2,wk inc flu hosp,2025-10-11,01,quantile,0.65,23.8246953658602
2025-09-20,2,wk inc flu hosp,2025-10-11,01,quantile,0.7,26.853397292786266
2025-09-20,2,wk inc flu hosp,2025-10-11,01,quantile,0.75,30.121842874180555
2025-09-20,2,wk inc flu hosp,2025-10-11,01,quantile,0.8,33.76141202315706
2025-09-20,2,wk inc flu hosp,2025-10-11,01,quantile,0.85,38.00377437290392
2025-09-20,2,wk inc flu hosp,2025-10-11,01,quantile,0.9,43.341634920676604
2025-09-20,2,wk inc flu hosp,2025-10-11,01,quantile,0.95,51.253148345557186
2025-09-20,2,wk inc flu hosp,2025-10-11,01,quantile,0.975,58.11520636616668
2025-09-20,2,wk inc flu hosp,2025-10-11,01,quantile,0.99,66.09383178111901
2025-09-27,2,wk inc flu hosp,2025-10-18,01,quantile,0.01,0.0
2025-09-27,2,wk inc flu hosp,2025-10-18,01,quantile,0.025,0.0
2025-09-27,2,wk inc flu hosp,2025-10-18,01,quantile,0.05,0.0
2025-09-27,2,wk inc flu hosp,2025-10-18,01,quantile,0.1,0.0
2025-09-27,2,wk inc flu hosp,2025-10-18,01,quantile,0.15,0.0
2025-09-27,2,wk inc flu hosp,2025-10-18,01,quantile,0.2,0.0
2025-09-27,2,wk inc flu hosp,2025-10-18,01,quantile,0.25,1.8360665157501153
2025-09-27,2,wk inc flu hosp,2025-10-18,01,quantile,0.3,4.7363393226016495
2025-09-27,2,wk inc flu hosp,2025-10-18,01,quantile,0.35,7.423874305201953
2025-09-27,2,wk inc flu hosp,2025-10-18,01,quantile,0.4,9.974082189070682
2025-09-27,2,wk inc flu hosp,2025-10-18,01,quantile,0.45,12.441437830029074
2025-09-27,2,wk inc flu hosp,2025-10-18,01,quantile,0.5,14.869674479476704
2025-09-27,2,wk inc flu hosp,2025-10-18,01,quantile,0.55,17.297911128924333
2025-09-27,2,wk inc flu hosp,2025-10-18,01,quantile,0.6,19.765266769882725
2025-09-27,2,wk inc flu hosp,2025-10-18,01,quantile,0.65,22.315474653751455
2025-09-27,2,wk inc flu hosp,2025-10-18,01,quantile,0.7,25.003009636351752
2025-09-27,2,wk inc flu hosp,2025-10-18,01,quantile,0.75,27.90328244320329
2025-09-27,2,wk inc flu hosp,2025-10-18,01,quantile,0.8,31.13287374847733
2025-09-27,2,wk inc flu hosp,2025-10-18,01,quantile,0.85,34.89735685011516
2025-09-27,2,wk inc flu hosp,2025-10-18,01,quantile,0.9,39.63393618360573
2025-09-27,2,wk inc flu hosp,2025-10-18,01,quantile,0.95,46.654260272169466
2025-09-27,2,wk inc flu hosp,2025-10-18,01,quantile,0.975,52.74334445013558
2025-09-27,2,wk inc flu hosp,2025-10-18,01,quantile,0.99,59.82322072489045
2025-10-04,2,wk inc flu hosp,2025-10-25,01,quantile,0.01,0.0
2025-10-04,2,wk inc flu hosp,2025-10-25,01,quantile,0.025,0.0
2025-10-04,2,wk inc flu hosp,2025-10-25,01,quantile,0.05,0.0
2025-10-04,2,wk inc flu hosp,2025-10-25,01,quantile,0.1,0.0
2025-10-04,2,wk inc flu hosp,2025-10-25,01,quantile,0.15,0.0
2025-10-04,2,wk inc flu hosp,2025-10-25,01,quantile,0.2,0.0
2025-10-04,2,wk inc flu hosp,2025-10-25,01,quantile,0.25,0.0
2025-10-04,2,wk inc flu hosp,2025-10-25,01,quantile,0.3,3.3214728704743024
2025-10-04,2,wk inc flu hosp,2025-10-25,01,quantile,0.35,7.26520901521279
2025-10-04,2,wk inc flu hosp,2025-10-25,01,quantile,0.4,11.007428957771173
2025-10-04,2,wk inc flu hosp,2025-10-25,01,quantile,0.45,14.628070060554974
2025-10-04,2,wk inc flu hosp,2025-10-25,01,quantile,0.5,18.191307266546538
2025-10-04,2,wk inc flu hosp,2025-10-25,01,quantile,0.55,21.754544472538107
2025-10-04,2,wk inc flu hosp,2025-10-25,01,quantile,0.6,25.3751855753219
2025-10-04,2,wk inc flu hosp,2025-10-25,01,quantile,0.65,29.117405517880286
2025-10-04,2,wk inc flu hosp,2025-10-25,01,quantile,0.7,33.061141662618766
2025-10-04,2,wk inc flu hosp,2025-10-25,01,quantile,0.75,37.31705303569265
2025-10-04,2,wk inc flu hosp,2025-10-25,01,quantile,0.8,42.05621217066291
2025-10-04,2,wk inc flu hosp,2025-10-25,01,quantile,0.85,47.580280943833664
2025-10-04,2,wk inc flu hosp,2025-10-25,01,quantile,0.9,54.53082084037283
2025-10-04,2,wk inc flu hosp,2025-10-25,01,quantile,0.95,64.83256799346827
2025-10-04,2,wk inc flu hosp,2025-10-25,01,quantile,0.975,73.7677973082383
2025-10-04,2,wk inc flu hosp,2025-10-25,01,quantile,0.99,84.15693238770518
2025-10-11,2,wk inc flu hosp,2025-11-01,01,quantile,0.01,0.0
2025-10-11,2,wk inc flu hosp,2025-11-01,01,quantile,0.025,0.0
2025-10-11,2,wk inc flu hosp,2025-11-01,01,quantile,0.05,0.0
2025-10-11,2,wk inc flu hosp,2025-11-01,01,quantile,0.1,0.0
2025-10-11,2,wk inc flu hosp,2025-11-01,01,quantile,0.15,0.0
2025-10-11,2,wk inc flu hosp,2025-11-01,01,quantile,0.2,0.0
2025-10-11,2,wk inc flu hosp,2025-11-01,01,quantile,0.25,0.0
2025-10-11,2,wk inc flu hosp,2025-11-01,01,quantile,0.3,0.0
2025-10-11,2,wk inc flu hosp,2025-11-01,01,quantile,0.35,0.0
2025-10-11,2,wk inc flu hosp,2025-11-01,01,quantile,0.4,0.8267799192749798
2025-10-11,2,wk inc flu hosp,2025-11-01,01,quantile,0.45,5.684206794233945
2025-10-11,2,wk inc flu hosp,2025-11-01,01,quantile,0.5,10.46462100124535
2025-10-11,2,wk inc flu hosp,2025-11-01,01,quantile,0.55,15.245035208256759
2025-10-11,2,wk inc flu hosp,2025-11-01,01,quantile,0.6,20.10246208321572
2025-10-11,2,wk inc flu hosp,2025-11-01,01,quantile,0.65,25.12299828245798
2025-10-11,2,wk inc flu hosp,2025-11-01,01,quantile,0.7,30.413887214385255
2025-10-11,2,wk inc flu hosp,2025-11-01,01,quantile,0.75,36.12358825741819
2025-10-11,2,wk inc flu hosp,2025-11-01,01,quantile,0.8,42.481611130553105
2025-10-11,2,wk inc flu hosp,2025-11-01,01,quantile,0.85,49.892663305067266
2025-10-11,2,wk inc flu hosp,2025-11-01,01,quantile,0.9,59.217459199077716
2025-10-11,2,wk inc flu hosp,2025-11-01,01,quantile,0.95,73.03821139735652
2025-10-11,2,wk inc flu hosp,2025-11-01,01,quantile,0.975,85.02565278559973
2025-10-11,2,wk inc flu hosp,2025-11-01,01,quantile,0.99,98.9636440169816
2025-10-18,2,wk inc flu hosp,2025-11-08,01,quantile,0.01,0.0
2025-10-18,2,wk inc flu hosp,2025-11-08,01,quantile,0.025,0.0
2025-10-18,2,wk inc flu hosp,2025-11-08,01,quantile,0.05,0.0
2025-10-18,2,wk inc flu hosp,2025-11-08,01,quantile,0.1,0.0
2025-10-18,2,wk inc flu hosp,2025-11-08,01,quantile,0.15,0.0
2025-10-18,2,wk inc flu hosp,2025-11-08,01,quantile,0.2,0.0
2025-10-18,2,wk inc flu hosp,2025-11-08,01,quantile,0.25,0.0
2025-10-18,2,wk inc flu hosp,2025-11-08,01,quantile,0.3,0.0
2025-10-18,2,wk inc flu hosp,2025-11-08,01,quantile,0.35,0.0
2025-10-18,2,wk inc flu hosp,2025-11-08,01,quantile,0.4,0.0
2025-10-18,2,wk inc flu hosp,2025-11-08,01,quantile,0.45,4.71963722611333
2025-10-18,2,wk inc flu hosp,2025-11-08,01,quantile,0.5,10.010643171202748
2025-10-18,2,wk inc flu hosp,2025-11-08,01,quantile,0.55,15.301649116292172
2025-10-18,2,wk inc flu hosp,2025-11-08,01,quantile,0.6,20.67789338306511
2025-10-18,2,wk inc flu hosp,2025-11-08,01,quantile,0.65,26.234668534215537
2025-10-18,2,wk inc flu hosp,2025-11-08,01,quantile,0.7,32.09067255005503
2025-10-18,2,wk inc flu hosp,2025-11-08,01,quantile,0.75,38.41022162156888
2025-10-18,2,wk inc flu hosp,2025-11-08,01,quantile,0.8,45.447339194232626
2025-10-18,2,wk inc flu hosp,2025-11-08,01,quantile,0.85,53.64995918000925
2025-10-18,2,wk inc flu hosp,2025-11-08,01,quantile,0.9,63.970728129191855
2025-10-18,2,wk inc flu hosp,2025-11-08,01,quantile,0.95,79.26766242820047
2025-10-18,2,wk inc flu hosp,2025-11-08,01,quantile,0.975,92.53547163991685
2025-10-18,2,wk inc flu hosp,2025-11-08,01,quantile,0.99,107.9621671676146
2025-10-25,2,wk inc flu hosp,2025-11-15,01,quantile,0.01,0.0
2025-10-25,2,wk inc flu hosp,2025-11-15,01,quantile,0.025,0.0
2025-10-25,2,wk inc flu hosp,2025-11-15,01,quantile,0.05,0.0
2025-10-25,2,wk inc flu hosp,2025-11-15,01,quantile,0.1,0.0
2025-10-25,2,wk inc flu hosp,2025-11-15,01,quantile,0.15,0.0
2025-10-25,2,wk inc flu hosp,2025-11-15,01,quantile,0.2,0.0
2025-10-25,2,wk inc flu hosp,2025-11-15,01,quantile,0.25,0.0
2025-10-25,2,wk inc flu hosp,2025-11-15,01,quantile,0.3,0.0
2025-10-25,2,wk inc flu hosp,2025-11-15,01,quantile,0.35,0.0
2025-10-25,2,wk inc flu hosp,2025-11-15,01,quantile,0.4,3.078964634302446
2025-10-25,2,wk inc flu hosp,2025-11-15,01,quantile,0.45,7.128849630332596
2025-10-25,2,wk inc flu hosp,2025-11-15,01,quantile,0.5,11.114525229813113
2025-10-25,2,wk inc flu hosp,2025-11-15,01,quantile,0.55,15.100200829293634
2025-10-25,2,wk inc flu hosp,2025-11-15,01,quantile,0.6,19.150085825323778
2025-10-25,2,wk inc flu hosp,2025-11-15,01,quantile,0.65,23.335963399756487
2025-10-25,2,wk inc flu hosp,2025-11-15,01,quantile,0.7,27.747247862223098
2025-10-25,2,wk inc flu hosp,2025-11-15,01,quantile,0.75,32.50771738266073
2025-10-25,2,wk inc flu hosp,2025-11-15,01,quantile,0.8,37.80872594154781
2025-10-25,2,wk inc flu hosp,2025-11-15,01,quantile,0.85,43.98769883789534
2025-10-25,2,wk inc flu hosp,2025-11-15,01,quantile,0.9,51.76225766386129
2025-10-25,2,wk inc flu hosp,2025-11-15,01,quantile,0.95,63.285325000234295
2025-10-25,2,wk inc flu hosp,2025-11-15,01,quantile,0.975,73.27986743365943
2025-10-25,2,wk inc flu hosp,2025-11-15,01,quantile,0.99,84.9006829427452
2025-11-01,2,wk inc flu hosp,2025-11-22,01,quantile,0.01,18.85236263207149
2025-11-01,2,wk inc flu hosp,2025-11-22,01,quantile,0.025,18.85236263207149
2025-11-01,2,wk inc flu hosp,2025-11-22,01,quantile,0.05,18.85236263207149
2025-11-01,2,wk inc flu hosp,2025-11-22,01,quantile,0.1,25.86612702891809
2025-11-01,2,wk inc flu hosp,2025-11-22,01,quantile,0.15,32.003907742539745
2025-11-01,2,wk inc flu hosp,2025-11-22,01,quantile,0.2,38.009872102956855
2025-11-01,2,wk inc flu hosp,2025-11-22,01,quantile,0.25,43.75244421412993
2025-11-01,2,wk inc flu hosp,2025-11-22,01,quantile,0.3,45.66215821050303
2025-11-01,2,wk inc flu hosp,2025-11-22,01,quantile,0.35,47.65336513116186
2025-11-01,2,wk inc flu hosp,2025-11-22,01,quantile,0.4,49.72954251081646
2025-11-01,2,wk inc flu hosp,2025-11-22,01,quantile,0.45,51.89431628046729
2025-11-01,2,wk inc flu hosp,2025-11-22,01,quantile,0.5,54.152541379516535
2025-11-01,2,wk inc flu hosp,2025-11-22,01,quantile,0.55,56.51311435406844
2025-11-01,2,wk inc flu hosp,2025-11-22,01,quantile,0.6,58.97472174387671
2025-11-01,2,wk inc flu hosp,2025-11-22,01,quantile,0.65,61.541687902891205
2025-11-01,2,wk inc flu hosp,2025-11-22,01,quantile,0.7,64.21852227087656
2025-11-01,2,wk inc flu hosp,2025-11-22,01,quantile,0.75,67.00992729523362
2025-11-01,2,wk inc flu hosp,2025-11-22,01,quantile,0.8,69.92080669188084
2025-11-01,2,wk inc flu hosp,2025-11-22,01,quantile,0.85,72.95627405970826
2025-11-01,2,wk inc flu hosp,2025-11-22,01,quantile,0.9,76.1216618637368
2025-11-01,2,wk inc flu hosp,2025-11-22,01,quantile,0.95,79.42253080276417
2025-11-01,2,wk inc flu hosp,2025-11-22,01,quantile,0.975,81.12557321944178
2025-11-01,2,wk inc flu hosp,2025-11-22,01,quantile,0.99,82.16466084355714
2025-09-20,2,wk inc flu hosp,2025-10-11,02,quantile,0.01,0.0
2025-09-20,2,wk inc flu hosp,2025-10-11,02,quantile,0.025,0.0
2025-09-20,2,wk inc flu hosp,2025-10-11,02,quantile,0.05,0.0
2025-09-20,2,wk inc flu hosp,2025-10-11,02,quantile,0.1,0.0
2025-09-20,2,wk inc flu hosp,2025-10-11,02,quantile,0.15,0.0
2025-09-20,2,wk inc flu hosp,2025-10-11,02,quantile,0.2,0.0
2025-09-20,2,wk inc flu hosp,2025-10-11,02,quantile,0.25,0.0
2025-09-20,2,wk inc flu hosp,2025-10-11,02,quantile,0.3,0.0
2025-09-20,2,wk inc flu hosp,2025-10-11,02,quantile,0.35,0.0
2025-09-20,2,wk inc flu hosp,2025-10-11,02,quantile,0.4,0.0
2025-09-20,2,wk inc flu hosp,2025-10-11,02,quantile,0.45,0.0
2025-09-20,2,wk inc flu hosp,2025-10-11,02,quantile,0.5,0.6483680274394439
2025-09-20,2,wk inc flu hosp,2025-10-11,02,quantile,0.55,1.630637838060474
2025-09-20,2,wk inc flu hosp,2025-10-11,02,quantile,0.6,2.6287320554137303
2025-09-20,2,wk inc flu hosp,2025-10-11,02,quantile,0.65,3.6603416457318003
2025-09-20,2,wk inc flu hosp,2025-10-11,02,quantile,0.7,4.747502766949826
2025-09-20,2,wk inc flu hosp,2025-10-11,02,quantile,0.75,5.920720550885108
2025-09-20,2,wk inc flu hosp,2025-10-11,02,quantile,0.8,7.227154188865363
2025-09-20,2,wk inc flu hosp,2025-10-11,02,quantile,0.85,8.749962150837689
2025-09-20,2,wk inc flu hosp,2025-10-11,02,quantile,0.9,10.66600228883562
2025-09-20,2,wk inc flu hosp,2025-10-11,02,quantile,0.95,13.505862404833954
2025-09-20,2,wk inc flu hosp,2025-10-11,02,quantile,0.975,15.969017535824522
2025-09-20,2,wk inc flu hosp,2025-10-11,02,quantile,0.99,18.83296769043805
2025-09-27,2,wk inc flu hosp,2025-10-18,02,quantile,0.01,0.0
2025-09-27,2,wk inc flu hosp,2025-10-18,02,quantile,0.025,0.0
2025-09-27,2,wk inc flu hosp,2025-10-18,02,quantile,0.05,0.0
2025-09-27,2,wk inc flu hosp,2025-10-18,02,quantile,0.1,0.0
2025-09-27,2,wk inc flu hosp,2025-10-18,02,quantile,0.15,0.0
2025-09-27,2,wk inc flu hosp,2025-10-18,02,quantile,0.2,0.0
2025-09-27,2,wk inc flu hosp,2025-10-18,02,quantile,0.25,0.0
2025-09-27,2,wk inc flu hosp,2025-10-18,02,quantile,0.3,0.0
2025-09-27,2,wk inc flu hosp,2025-10-18,02,quantile,0.35,0.0
2025-09-27,2,wk inc flu hosp,2025-10-18,02,quantile,0.4,0.0
2025-09-27,2,wk inc flu hosp,2025-10-18,02,quantile,0.45,0.0
2025-09-27,2,wk inc flu hosp,2025-10-18,02,quantile,0.5,0.555555555555556
2025-09-27,2,wk inc flu hosp,2025-10-18,02,quantile,0.55,1.4427987782013987
2025-09-27,2,wk inc flu hosp,2025-10-18,02,quantile,0.6,2.3443355253694724
2025-09-27,2,wk inc flu hosp,2025-10-18,02,quantile,0.65,3.2761453066835085
2025-09-27,2,wk inc flu hosp,2025-10-18,02,quantile,0.7,4.258132461633232
2025-09-27,2,wk inc flu hosp,2025-10-18,02,quantile,0.75,5.317850999481847
2025-09-27,2,wk inc flu hosp,2025-10-18,02,quantile,0.8,6.497897844657398
2025-09-27,2,wk inc flu hosp,2025-10-18,02,quantile,0.85,7.873386563787282
2025-09-27,2,wk inc flu hosp,2025-10-18,02,quantile,0.9,9.604065455039436
2025-09-27,2,wk inc flu hosp,2025-10-18,02,quantile,0.95,12.16919228061981
2025-09-27,2,wk inc flu hosp,2025-10-18,02,quantile,0.975,14.394057254241474
2025-09-27,2,wk inc flu hosp,2025-10-18,02,quantile,0.99,16.980943603797343
2025-10-04,2,wk inc flu hosp,2025-10-25,02,quantile,0.01,0.0
2025-10-04,2,wk inc flu hosp,2025-10-25,02,quantile,0.025,0.0
2025-10-04,2,wk inc flu hosp,2025-10-25,02,quantile,0.05,0.0
2025-10-04,2,wk inc flu hosp,2025-10-25,02,quantile,0.1,0.0
2025-10-04,2,wk inc flu hosp,2025-10-25,02,quantile,0.15,0.0
2025-10-04,2,wk inc flu hosp,2025-10-25,02,quantile,0.2,0.0
2025-10-04,2,wk inc flu hosp,2025-10-25,02,quantile,0.25,0.0
2025-10-04,2,wk inc flu hosp,2025-10-25,02,quantile,0.3,0.0
2025-10-04,2,wk inc flu hosp,2025-10-25,02,quantile,0.35,0.0
2025-10-04,2,wk inc flu hosp,2025-10-25,02,quantile,0.4,0.0
2025-10-04,2,wk inc flu hosp,2025-10-25,02,quantile,0.45,0.34660801550323983
2025-10-04,2,wk inc flu hosp,2025-10-25,02,quantile,0.5,1.1111111111111112
2025-10-04,2,wk inc flu hosp,2025-10-25,02,quantile,0.55,1.8756142067189834
2025-10-04,2,wk inc flu hosp,2025-10-25,02,quantile,0.6,2.6524334783938937
2025-10-04,2,wk inc flu hosp,2025-10-25,02,quantile,0.65,3.455337850216444
2025-10-04,2,wk inc flu hosp,2025-10-25,02,quantile,0.7,4.301478120037245
2025-10-04,2,wk inc flu hosp,2025-10-25,02,quantile,0.75,5.214596509651251
2025-10-04,2,wk inc flu hosp,2025-10-25,02,quantile,0.8,6.231397137790983
2025-10-04,2,wk inc flu hosp,2025-10-25,02,quantile,0.85,7.416602453434463
2025-10-04,2,wk inc flu hosp,2025-10-25,02,quantile,0.9,8.9078613733052
2025-10-04,2,wk inc flu hosp,2025-10-25,02,quantile,0.95,11.118131735173915
2025-10-04,2,wk inc flu hosp,2025-10-25,02,quantile,0.975,13.035211647682004
2025-10-04,2,wk inc flu hosp,2025-10-25,02,quantile,0.99,15.264231347966186
2025-10-11,2,wk inc flu hosp,2025-11-01,02,quantile,0.01,0.0
2025-10-11,2,wk inc flu hosp,2025-11-01,02,quantile,0.025,0.0
2025-10-11,2,wk inc flu hosp,2025-11-01,02,quantile,0.05,0.0
2025-10-11,2,wk inc flu hosp,2025-11-01,02,quantile,0.1,0.0
2025-10-11,2,wk inc flu hosp,2025-11-01,02,quantile,0.15,0.0
2025-10-11,2,wk inc flu hosp,2025-11-01,02,quantile,0.2,0.0
2025-10-11,2,wk inc flu hosp,2025-11-01,02,quantile,0.25,0.0
2025-10-11,2,wk inc flu hosp,2025-11-01,02,quantile,0.3,0.0
2025-10-11,2,wk inc flu hosp,2025-11-01,02,quantile,0.35,0.0
2025-10-11,2,wk inc flu hosp,2025-11-01,02,quantile,0.4,0.0
2025-10-11,2,wk inc flu hosp,2025-11-01,02,quantile,0.45,0.0
2025-10-11,2,wk inc flu hosp,2025-11-01,02,quantile,0.5,0.926960248561451
2025-10-11,2,wk inc flu hosp,2025-11-01,02,quantile,0.55,2.045292619156031
2025-10-11,2,wk inc flu hosp,2025-11-01,02,quantile,0.6,3.1816413698762664
2025-10-11,2,wk inc flu hosp,2025-11-01,02,quantile,0.65,4.356147993406829
2025-10-11,2,wk inc flu hosp,2025-11-01,02,quantile,0.7,5.593901063656778
2025-10-11,2,wk inc flu hosp,2025-11-01,02,quantile,0.75,6.929631238141663
2025-10-11,2,wk inc flu hosp,2025-11-01,02,quantile,0.8,8.41703012955546
2025-10-11,2,wk inc flu hosp,2025-11-01,02,quantile,0.85,10.15077519599103
2025-10-11,2,wk inc flu hosp,2025-11-01,02,quantile,0.9,12.332222377317764
2025-10-11,2,wk inc flu hosp,2025-11-01,02,quantile,0.95,15.565455712335444
2025-10-11,2,wk inc flu hosp,2025-11-01,02,quantile,0.975,18.369803445512034
2025-10-11,2,wk inc flu hosp,2025-11-01,02,quantile,0.99,21.630463735629977
2025-10-18,2,wk inc flu hosp,2025-11-08,02,quantile,0.01,0.0
2025-10-18,2,wk inc flu hosp,2025-11-08,02,quantile,0.025,0.0
2025-10-18,2,wk inc flu hosp,2025-11-08,02,quantile,0.05,0.0
2025-10-18,2,wk inc flu hosp,2025-11-08,02,quantile,0.1,0.0
2025-10-18,2,wk inc flu hosp,2025-11-08,02,quantile,0.15,0.0
2025-10-18,2,wk inc flu hosp,2025-11-08,02,quantile,0.2,0.0
2025-10-18,2,wk inc flu hosp,2025-11-08,02,quantile,0.25,0.0
2025-10-18,2,wk inc flu hosp,2025-11-08,02,quantile,0.3,0.0
2025-10-18,2,wk inc flu hosp,2025-11-08,02,quantile,0.35,0.0
2025-10-18,2,wk inc flu hosp,2025-11-08,02,quantile,0.4,0.0
2025-10-18,2,wk inc flu hosp,2025-11-08,02,quantile,0.45,0.0
2025-10-18,2,wk inc flu hosp,2025-11-08,02,quantile,0.5,0.0
2025-10-18,2,wk inc flu hosp,2025-11-08,02,quantile,0.55,0.95688176674002
2025-10-18,2,wk inc flu hosp,2025-11-08,02,quantile,0.6,1.9291789377893427
2025-10-18,2,wk inc flu hosp,2025-11-08,02,quantile,0.65,2.934125233293835
2025-10-18,2,wk inc flu hosp,2025-11-08,02,quantile,0.7,3.99318725795736
2025-10-18,2,wk inc flu hosp,2025-11-08,02,quantile,0.75,5.136081698694607
2025-10-18,2,wk inc flu hosp,2025-11-08,02,quantile,0.8,6.408748856050052
2025-10-18,2,wk inc flu hosp,2025-11-08,02,quantile,0.85,7.892197860897897
2025-10-18,2,wk inc flu hosp,2025-11-08,02,quantile,0.9,9.75871544350902
2025-10-18,2,wk inc flu hosp,2025-11-08,02,quantile,0.95,12.525175672367066
2025-10-18,2,wk inc flu hosp,2025-11-08,02,quantile,0.975,14.924667347680638
2025-10-18,2,wk inc flu hosp,2025-11-08,02,quantile,0.99,17.7145949766987
2025-10-25,2,wk inc flu hosp,2025-11-15,02,quantile,0.01,0.0
2025-10-25,2,wk inc flu hosp,2025-11-15,02,quantile,0.025,0.0
2025-10-25,2,wk inc flu hosp,2025-11-15,02,quantile,0.05,0.0
2025-10-25,2,wk inc flu hosp,2025-11-15,02,quantile,0.1,0.0
2025-10-25,2,wk inc flu hosp,2025-11-15,02,quantile,0.15,0.0
2025-10-25,2,wk inc flu hosp,2025-11-15,02,quantile,0.2,0.0
2025-10-25,2,wk inc flu hosp,2025-11-15,02,quantile,0.25,0.0
2025-10-25,2,wk inc flu hosp,2025-11-15,02,quantile,0.3,0.0
2025-10-25,2,wk inc flu hosp,2025-11-15,02,quantile,0.35,0.0
2025-10-25,2,wk inc flu hosp,2025-11-15,02,quantile,0.4,0.43762780503112597
2025-10-25,2,wk inc flu hosp,2025-11-15,02,quantile,0.45,1.3291469698530567
2025-10-25,2,wk inc flu hosp,2025-11-15,02,quantile,0.5,2.2065314351361707
2025-10-25,2,wk inc flu hosp,2025-11-15,02,quantile,0.55,3.0839159004192855
2025-10-25,2,wk inc flu hosp,2025-11-15,02,quantile,0.6,3.975435065241215
2025-10-25,2,wk inc flu hosp,2025-11-15,02,quantile,0.65,4.896890880125622
2025-10-25,2,wk inc flu hosp,2025-11-15,02,quantile,0.7,5.867966514032565
2025-10-25,2,wk inc flu hosp,2025-11-15,02,quantile,0.75,6.915909805059593
2025-10-25,2,wk inc flu hosp,2025-11-15,02,quantile,0.8,8.082844354501237
2025-10-25,2,wk inc flu hosp,2025-11-15,02,quantile,0.85,9.44304909152683
2025-10-25,2,wk inc flu hosp,2025-11-15,02,quantile,0.9,11.154497243308509
2025-10-25,2,wk inc flu hosp,2025-11-15,02,quantile,0.95,13.69112121608308
2025-10-25,2,wk inc flu hosp,2025-11-15,02,quantile,0.975,15.891264215639552
2025-10-25,2,wk inc flu hosp,2025-11-15,02,quantile,0.99,18.449405927654915
2025-11-01,2,wk inc flu hosp,2025-11-22,02,quantile,0.01,0.0
2025-11-01,2,wk inc flu hosp,2025-11-22,02,quantile,0.025,0.0
2025-11-01,2,wk inc flu hosp,2025-11-22,02,quantile,0.05,0.0
2025-11-01,2,wk inc flu hosp,2025-11-22,02,quantile,0.1,0.0
2025-11-01,2,wk inc flu hosp,2025-11-22,02,quantile,0.15,0.0
2025-11-01,2,wk inc flu hosp,2025-11-22,02,quantile,0.2,0.0
2025-11-01,2,wk inc flu hosp,2025-11-22,02,quantile,0.25,0.0
2025-11-01,2,wk inc flu hosp,2025-11-22,02,quantile,0.3,0.0
2025-11-01,2,wk inc flu hosp,2025-11-22,02,quantile,0.35,0.0
2025-11-01,2,wk inc flu hosp,2025-11-22,02,quantile,0.4,0.0
2025-11-01,2,wk inc flu hosp,2025-11-22,02,quantile,0.45,0.0
2025-11-01,2,wk inc flu hosp,2025-11-22,02,quantile,0.5,0.0
2025-11-01,2,wk inc flu hosp,2025-11-22,02,quantile,0.55,0.0
2025-11-01,2,wk inc flu hosp,2025-11-22,02,quantile,0.6,0.0
2025-11-01,2,wk inc flu hosp,2025-11-22,02,quantile,0.65,0.0
2025-11-01,2,wk inc flu hosp,2025-11-22,02,quantile,0.7,0.0
2025-11-01,2,wk inc flu hosp,2025-11-22,02,quantile,0.75,0.0
2025-11-01,2,wk inc flu hosp,2025-11-22,02,quantile,0.8,0.2103107860349547
2025-11-01,2,wk inc flu hosp,2025-11-22,02,quantile,0.85,0.5186335543141626
2025-11-01,2,wk inc flu hosp,2025-11-22,02,quantile,0.9,0.905500553163096
2025-11-01,2,wk inc flu hosp,2025-11-22,02,quantile,0.95,1.390920671935664
2025-11-01,2,wk inc flu hosp,2025-11-22,02,quantile,0.975,1.6782012649924192
2025-11-01,2,wk inc flu hosp,2025-11-22,02,quantile,0.99,1.8668834475319476
2025-09-20,2,wk inc flu hosp,2025-10-11,04,quantile,0.01,0.0
2025-09-20,2,wk inc flu hosp,2025-10-11,04,quantile,0.025,0.0
2025-09-20,2,wk inc flu hosp,2025-10-11,04,quantile,0.05,0.0
2025-09-20,2,wk inc flu hosp,2025-10-11,04,quantile,0.1,0.0
2025-09-20,2,wk inc flu hosp,2025-10-11,04,quantile,0.15,0.0
2025-09-20,2,wk inc flu hosp,2025-10-11,04,quantile,0.2,0.0
2025-09-20,2,wk inc flu hosp,2025-10-11,04,quantile,0.25,0.0
2025-09-20,2,wk inc flu hosp,2025-10-11,04,quantile,0.3,0.0
2025-09-20,2,wk inc flu hosp,2025-10-11,04,quantile,0.35,0.0
2025-09-20,2,wk inc flu hosp,2025-10-11,04,quantile,0.4,4.33063400497195
2025-09-20,2,wk inc flu hosp,2025-10-11,04,quantile,0.45,10.714921819008236
2025-09-20,2,wk inc flu hosp,2025-10-11,04,quantile,0.5,16.997989161761936
2025-09-20,2,wk inc flu hosp,2025-10-11,04,quantile,0.55,23.281056504515643
2025-09-20,2,wk inc flu hosp,2025-10-11,04,quantile,0.6,29.665344318551924
2025-09-20,2,wk inc flu hosp,2025-10-11,04,quantile,0.65,36.26401248214032
2025-09-20,2,wk inc flu hosp,2025-10-11,04,quantile,0.7,43.218014797163974
2025-09-20,2,wk inc flu hosp,2025-10-11,04,quantile,0.75,50.72247667156602
2025-09-20,2,wk inc flu hosp,2025-10-11,04,quantile,0.8,59.07905084040765
2025-09-20,2,wk inc flu hosp,2025-10-11,04,quantile,0.85,68.81965863645144
2025-09-20,2,wk inc flu hosp,2025-10-11,04,quantile,0.9,81.07556743899195
2025-09-20,2,wk inc flu hosp,2025-10-11,04,quantile,0.95,99.24067050933554
2025-09-20,2,wk inc flu hosp,2025-10-11,04,quantile,0.975,114.99618838876464
2025-09-20,2,wk inc flu hosp,2025-10-11,04,quantile,0.99,133.31538286380396
2025-09-27,2,wk inc flu hosp,2025-10-18,04,quantile,0.01,0.0
2025-09-27,2,wk inc flu hosp,2025-10-18,04,quantile,0.025,0.0
2025-09-27,2,wk inc flu hosp,2025-10-18,04,quantile,0.05,0.0
2025-09-27,2,wk inc flu hosp,2025-10-18,04,quantile,0.1,0.0
2025-09-27,2,wk inc flu hosp,2025-10-18,04,quantile,0.15,0.0
2025-09-27,2,wk inc flu hosp,2025-10-18,04,quantile,0.2,0.0
2025-09-27,2,wk inc flu hosp,2025-10-18,04,quantile,0.25,0.0
2025-09-27,2,wk inc flu hosp,2025-10-18,04,quantile,0.3,0.0
2025-09-27,2,wk inc flu hosp,2025-10-18,04,quantile,0.35,0.0
2025-09-27,2,wk inc flu hosp,2025-10-18,04,quantile,0.4,0.0
2025-09-27,2,wk inc flu hosp,2025-10-18,04,quantile,0.45,0.6336001309640169
2025-09-27,2,wk inc flu hosp,2025-10-18,04,quantile,0.5,6.916667473717718
2025-09-27,2,wk inc flu hosp,2025-10-18,04,quantile,0.55,13.199734816471427
2025-09-27,2,wk inc flu hosp,2025-10-18,04,quantile,0.6,19.584022630507704
2025-09-27,2,wk inc flu hosp,2025-10-18,04,quantile,0.65,26.182690794096104
2025-09-27,2,wk inc flu hosp,2025-10-18,04,quantile,0.7,33.136693109119754
2025-09-27,2,wk inc flu hosp,2025-10-18,04,quantile,0.75,40.6411549835218
2025-09-27,2,wk inc flu hosp,2025-10-18,04,quantile,0.8,48.99772915236343
2025-09-27,2,wk inc flu hosp,2025-10-18,04,quantile,0.85,58.73833694840721
2025-09-27,2,wk inc flu hosp,2025-10-18,04,quantile,0.9,70.99424575094774
2025-09-27,2,wk inc flu hosp,2025-10-18,04,quantile,0.95,89.15934882129133
2025-09-27,2,wk inc flu hosp,2025-10-18,04,quantile,0.975,104.91486670072042
2025-09-27,2,wk inc flu hosp,2025-10-18,04,quantile,0.99,123.23406117575976
2025-10-04,2,wk inc flu hosp,2025-10-25,04,quantile,0.01,0.0
2025-10-04,2,wk inc flu hosp,2025-10-25,04,quantile,0.025,0.0
2025-10-04,2,wk inc flu hosp,2025-10-25,04,quantile,0.05,0.0
2025-10-04,2,wk inc flu hosp,2025-10-25,04,quantile,0.1,0.0
2025-10-04,2,wk inc flu hosp,2025-10-25,04,quantile,0.15,0.0
2025-10-04,2,wk inc flu hosp,2025-10-25,04,quantile,0.2,0.0
2025-10-04,2,wk inc flu hosp,2025-10-25,04,quantile,0.25,0.0
2025-10-04,2,wk inc flu hosp,2025-10-25,04,quantile,0.3,0.0
2025-10-04,2,wk inc flu hosp,2025-10-25,04,quantile,0.35,0.0
2025-10-04,2,wk inc flu hosp,2025-10-25,04,quantile,0.4,0.0
2025-10-04,2,wk inc flu hosp,2025-10-25,04,quantile,0.45,2.050265990579631
2025-10-04,2,wk inc flu hosp,2025-10-25,04,quantile,0.5,8.333333333333332
2025-10-04,2,wk inc flu hosp,2025-10-25,04,quantile,0.55,14.61640067608704
2025-10-04,2,wk inc flu hosp,2025-10-25,04,quantile,0.6,21.000688490123316
2025-10-04,2,wk inc flu hosp,2025-10-25,04,quantile,0.65,27.59935665371172
2025-10-04,2,wk inc flu hosp,2025-10-25,04,quantile,0.7,34.55335896873537
2025-10-04,2,wk inc flu hosp,2025-10-25,04,quantile,0.75,42.05782084313742
2025-10-04,2,wk inc flu hosp,2025-10-25,04,quantile,0.8,50.41439501197905
2025-10-04,2,wk inc flu hosp,2025-10-25,04,quantile,0.85,60.15500280802283
2025-10-04,2,wk inc flu hosp,2025-10-25,04,quantile,0.9,72.41091161056335
2025-10-04,2,wk inc flu hosp,2025-10-25,04,quantile,0.95,90.57601468090694
2025-10-04,2,wk inc flu hosp,2025-10-25,04,quantile,0.975,106.33153256033603
2025-10-04,2,wk inc flu hosp,2025-10-25,04,quantile,0.99,124.65072703537537
2025-10-11,2,wk inc flu hosp,2025-11-01,04,quantile,0.01,0.0
2025-10-11,2,wk inc flu hosp,2025-11-01,04,quantile,0.025,0.0
2025-10-11,2,wk inc flu hosp,2025-11-01,04,quantile,0.05,0.0
2025-10-11,2,wk inc flu hosp,2025-11-01,04,quantile,0.1,0.0
2025-10-11,2,wk inc flu hosp,2025-11-01,04,quantile,0.15,0.0
2025-10-11,2,wk inc flu hosp,2025-11-01,04,quantile,0.2,5.721569292233674
2025-10-11,2,wk inc flu hosp,2025-11-01,04,quantile,0.25,14.0781434610753
2025-10-11,2,wk inc flu hosp,2025-11-01,04,quantile,0.3,21.58260533547734
2025-10-11,2,wk inc flu hosp,2025-11-01,04,quantile,0.35,28.536607650500997
2025-10-11,2,wk inc flu hosp,2025-11-01,04,quantile,0.4,35.1352758140894
2025-10-11,2,wk inc flu hosp,2025-11-01,04,quantile,0.45,41.51956362812568
2025-10-11,2,wk inc flu hosp,2025-11-01,04,quantile,0.5,47.802630970879385
2025-10-11,2,wk inc flu hosp,2025-11-01,04,quantile,0.55,54.085698313633095
2025-10-11,2,wk inc flu hosp,2025-11-01,04,quantile,0.6,60.46998612766937
2025-10-11,2,wk inc flu hosp,2025-11-01,04,quantile,0.65,67.06865429125777
2025-10-11,2,wk inc flu hosp,2025-11-01,04,quantile,0.7,74.02265660628142
2025-10-11,2,wk inc flu hosp,2025-11-01,04,quantile,0.75,81.52711848068347
2025-10-11,2,wk inc flu hosp,2025-11-01,04,quantile,0.8,89.8836926495251
2025-10-11,2,wk inc flu hosp,2025-11-01,04,quantile,0.85,99.62430044556888
2025-10-11,2,wk inc flu hosp,2025-11-01,04,quantile,0.9,111.8802092481094
2025-10-11,2,wk inc flu hosp,2025-11-01,04,quantile,0.95,130.045312318453
2025-10-11,2,wk inc flu hosp,2025-11-01,04,quantile,0.975,145.80083019788208
2025-10-11,2,wk inc flu hosp,2025-11-01,04,quantile,0.99,164.12002467292143
2025-10-18,2,wk inc flu hosp,2025-11-08,04,quantile,0.01,0.0
2025-10-18,2,wk inc flu hosp,2025-11-08,04,quantile,0.025,0.0
2025-10-18,2,wk inc flu hosp,2025-11-08,04,quantile,0.05,0.0
2025-10-18,2,wk inc flu hosp,2025-11-08,04,quantile,0.1,0.0
2025-10-18,2,wk inc flu hosp,2025-11-08,04,quantile,0.15,0.0
2025-10-18,2,wk inc flu hosp,2025-11-08,04,quantile,0.2,0.0
2025-10-18,2,wk inc flu hosp,2025-11-08,04,quantile,0.25,0.0
2025-10-18,2,wk inc flu hosp,2025-11-08,04,quantile,0.3,0.0
2025-10-18,2,wk inc flu hosp,2025-11-08,04,quantile,0.35,0.0
2025-10-18,2,wk inc flu hosp,2025-11-08,04,quantile,0.4,0.0
2025-10-18,2,wk inc flu hosp,2025-11-08,04,quantile,0.45,0.0
2025-10-18,2,wk inc flu hosp,2025-11-08,04,quantile,0.5,5.534755783575401
2025-10-18,2,wk inc flu hosp,2025-11-08,04,quantile,0.55,11.81782312632911
2025-10-18,2,wk inc flu hosp,2025-11-08,04,quantile,0.6,18.202110940365387
2025-10-18,2,wk inc flu hosp,2025-11-08,04,quantile,0.65,24.800779103953786
2025-10-18,2,wk inc flu hosp,2025-11-08,04,quantile,0.7,31.754781418977437
2025-10-18,2,wk inc flu hosp,2025-11-08,04,quantile,0.75,39.259243293379484
2025-10-18,2,wk inc flu hosp,2025-11-08,04,quantile,0.8,47.615817462221116
2025-10-18,2,wk inc flu hosp,2025-11-08,04,quantile,0.85,57.35642525826489
2025-10-18,2,wk inc flu hosp,2025-11-08,04,quantile,0.9,69.61233406080542
2025-10-18,2,wk inc flu hosp,2025-11-08,04,quantile,0.95,87.77743713114901
2025-10-18,2,wk inc flu hosp,2025-11-08,04,quantile,0.975,103.5329550105781
2025-10-18,2,wk inc flu hosp,2025-11-08,04,quantile,0.99,121.85214948561745
2025-10-25,2,wk inc flu hosp,2025-11-15,04,quantile,0.01,0.0
2025-10-25,2,wk inc flu hosp,2025-11-15,04,quantile,0.025,0.0
2025-10-25,2,wk inc flu hosp,2025-11-15,04,quantile,0.05,0.0
2025-10-25,2,wk inc flu hosp,2025-11-15,04,quantile,0.1,0.0
2025-10-25,2,wk inc flu hosp,2025-11-15,04,quantile,0.15,0.0
2025-10-25,2,wk inc flu hosp,2025-11-15,04,quantile,0.2,0.0
2025-10-25,2,wk inc flu hosp,2025-11-15,04,quantile,0.25,0.0
2025-10-25,2,wk inc flu hosp,2025-11-15,04,quantile,0.3,0.0
2025-10-25,2,wk inc flu hosp,2025-11-15,04,quantile,0.35,0.0
2025-10-25,2,wk inc flu hosp,2025-11-15,04,quantile,0.4,2.4097429730480933
2025-10-25,2,wk inc flu hosp,2025-11-15,04,quantile,0.45,8.794030787084377
2025-10-25,2,wk inc flu hosp,2025-11-15,04,quantile,0.5,15.07709812983808
2025-10-25,2,wk inc flu hosp,2025-11-15,04,quantile,0.55,21.360165472591788
2025-10-25,2,wk inc flu hosp,2025-11-15,04,quantile,0.6,27.744453286628065
2025-10-25,2,wk inc flu hosp,2025-11-15,04,quantile,0.65,34.343121450216465
2025-10-25,2,wk inc flu hosp,2025-11-15,04,quantile,0.7,41.297123765240116
2025-10-25,2,wk inc flu hosp,2025-11-15,04,quantile,0.75,48.80158563964216
2025-10-25,2,wk inc flu hosp,2025-11-15,04,quantile,0.8,57.158159808483795
2025-10-25,2,wk inc flu hosp,2025-11-15,04,quantile,0.85,66.89876760452758
2025-10-25,2,wk inc flu hosp,2025-11-15,04,quantile,0.9,79.1546764070681
2025-10-25,2,wk inc flu hosp,2025-11-15,04,quantile,0.95,97.31977947741169
2025-10-25,2,wk inc flu hosp,2025-11-15,04,quantile,0.975,113.07529735684078
2025-10-25,2,wk inc flu hosp,2025-11-15,04,quantile,0.99,131.39449183188012
2025-11-01,2,wk inc flu hosp,2025-11-22,04,quantile,0.01,0.7075246846597322
2025-11-01,2,wk inc flu hosp,2025-11-22,04,quantile,0.025,0.7075246846597322
2025-11-01,2,wk inc flu hosp,2025-11-22,04,quantile,0.05,0.7075246846597322
2025-11-01,2,wk inc flu hosp,2025-11-22,04,quantile,0.1,0.7075246846597322
2025-11-01,2,wk inc flu hosp,2025-11-22,04,quantile,0.15,3.540043652280748
2025-11-01,2,wk inc flu hosp,2025-11-22,04,quantile,0.2,7.273303945166933
2025-11-01,2,wk inc flu hosp,2025-11-22,04,quantile,0.25,8.003946416857245
2025-11-01,2,wk inc flu hosp,2025-11-22,04,quantile,0.3,8.091271713092368
2025-11-01,2,wk inc flu hosp,2025-11-22,04,quantile,0.35,8.179443938774813
2025-11-01,2,wk inc flu hosp,2025-11-22,04,quantile,0.4,8.268471307898919
2025-11-01,2,wk inc flu hosp,2025-11-22,04,quantile,0.45,8.358362114122919
2025-11-01,2,wk inc flu hosp,2025-11-22,04,quantile,0.5,8.44912473154158
2025-11-01,2,wk inc flu hosp,2025-11-22,04,quantile,0.55,8.540767615466304
2025-11-01,2,wk inc flu hosp,2025-11-22,04,quantile,0.6,8.633299303212828
2025-11-01,2,wk inc flu hosp,2025-11-22,04,quantile,0.65,8.726728414896535
2025-11-01,2,wk inc flu hosp,2025-11-22,04,quantile,0.7,8.821063654235497
2025-11-01,2,wk inc flu hosp,2025-11-22,04,quantile,0.75,9.62480614951705
2025-11-01,2,wk inc flu hosp,2025-11-22,04,quantile,0.8,10.950642003882667
2025-11-01,2,wk inc flu hosp,2025-11-22,04,quantile,0.85,12.441924708570463
2025-11-01,2,wk inc flu hosp,2025-11-22,04,quantile,0.9,14.119299851185731
2025-11-01,2,wk inc flu hosp,2025-11-22,04,quantile,0.95,16.005989316717102
2025-11-01,2,wk inc flu hosp,2025-11-22,04,quantile,0.975,17.03586653059272
2025-11-01,2,wk inc flu hosp,2025-11-22,04,quantile,0.99,17.683493242415576
2025-09-20,2,wk inc flu hosp,2025-10-11,05,quantile,0.01,0.0
2025-09-20,2,wk inc flu hosp,2025-10-11,05,quantile,0.025,0.0
2025-09-20,2,wk inc flu hosp,2025-10-11,05,quantile,0.05,0.0
2025-09-20,2,wk inc flu hosp,2025-10-11,05,quantile,0.1,0.0
2025-09-20,2,wk inc flu hosp,2025-10-11,05,quantile,0.15,0.0
2025-09-20,2,wk inc flu hosp,2025-10-11,05,quantile,0.2,0.0
2025-09-20,2,wk inc flu hosp,2025-10-11,05,quantile,0.25,0.0
2025-09-20,2,wk inc flu hosp,2025-10-11,05,quantile,0.3,0.0
2025-09-20,2,wk inc flu hosp,2025-10-11,05,quantile,0.35,0.0
2025-09-20,2,wk inc flu hosp,2025-10-11,05,quantile,0.4,0.0
2025-09-20,2,wk inc flu hosp,2025-10-11,05,quantile,0.45,1.6616707705231955
2025-09-20,2,wk inc flu hosp,2025-10-11,05,quantile,0.5,5.485363197193327
2025-09-20,2,wk inc flu hosp,2025-10-11,05,quantile,0.55,9.309055623863463
2025-09-20,2,wk inc flu hosp,2025-10-11,05,quantile,0.6,13.194347891559259
2025-09-20,2,wk inc flu hosp,2025-10-11,05,quantile,0.65,17.21010581787238
2025-09-20,2,wk inc flu hosp,2025-10-11,05,quantile,0.7,21.44210979562201
2025-09-20,2,wk inc flu hosp,2025-10-11,05,quantile,0.75,26.009107484812734
2025-09-20,2,wk inc flu hosp,2025-10-11,05,quantile,0.8,31.094675984911422
2025-09-20,2,wk inc flu hosp,2025-10-11,05,quantile,0.85,37.02252718068949
2025-09-20,2,wk inc flu hosp,2025-10-11,05,quantile,0.9,44.48111756557231
2025-09-20,2,wk inc flu hosp,2025-10-11,05,quantile,0.95,55.53587207490623
2025-09-20,2,wk inc flu hosp,2025-10-11,05,quantile,0.975,65.12422297223011
2025-09-20,2,wk inc flu hosp,2025-10-11,05,quantile,0.99,76.27275303815259
2025-09-27,2,wk inc flu hosp,2025-10-18,05,quantile,0.01,0.0
2025-09-27,2,wk inc flu hosp,2025-10-18,05,quantile,0.025,0.0
2025-09-27,2,wk inc flu hosp,2025-10-18,05,quantile,0.05,0.0
2025-09-27,2,wk inc flu hosp,2025-10-18,05,quantile,0.1,0.0
2025-09-27,2,wk inc flu hosp,2025-10-18,05,quantile,0.15,0.0
2025-09-27,2,wk inc flu hosp,2025-10-18,05,quantile,0.2,0.0
2025-09-27,2,wk inc flu hosp,2025-10-18,05,quantile,0.25,0.0
2025-09-27,2,wk inc flu hosp,2025-10-18,05,quantile,0.3,0.0
2025-09-27,2,wk inc flu hosp,2025-10-18,05,quantile,0.35,0.0
2025-09-27,2,wk inc flu hosp,2025-10-18,05,quantile,0.4,0.0
2025-09-27,2,wk inc flu hosp,2025-10-18,05,quantile,0.45,2.7063222647857543
2025-09-27,2,wk inc flu hosp,2025-10-18,05,quantile,0.5,7.263331704268192
2025-09-27,2,wk inc flu hosp,2025-10-18,05,quantile,0.55,11.820341143750635
2025-09-27,2,wk inc flu hosp,2025-10-18,05,quantile,0.6,16.450764191259342
2025-09-27,2,wk inc flu hosp,2025-10-18,05,quantile,0.65,21.236673918005263
2025-09-27,2,wk inc flu hosp,2025-10-18,05,quantile,0.7,26.28030188871182
2025-09-27,2,wk inc flu hosp,2025-10-18,05,quantile,0.75,31.72316947779263
2025-09-27,2,wk inc flu hosp,2025-10-18,05,quantile,0.8,37.784060646349886
2025-09-27,2,wk inc flu hosp,2025-10-18,05,quantile,0.85,44.84876952999104
2025-09-27,2,wk inc flu hosp,2025-10-18,05,quantile,0.9,53.73778647917678
2025-09-27,2,wk inc flu hosp,2025-10-18,05,quantile,0.95,66.9126486356673
2025-09-27,2,wk inc flu hosp,2025-10-18,05,quantile,0.975,78.3398767368109
2025-09-27,2,wk inc flu hosp,2025-10-18,05,quantile,0.99,91.62649895370431
2025-10-04,2,wk inc flu hosp,2025-10-25,05,quantile,0.01,0.0
2025-10-04,2,wk inc flu hosp,2025-10-25,05,quantile,0.025,0.0
2025-10-04,2,wk inc flu hosp,2025-10-25,05,quantile,0.05,0.0
2025-10-04,2,wk inc flu hosp,2025-10-25,05,quantile,0.1,0.0
2025-10-04,2,wk inc flu hosp,2025-10-25,05,quantile,0.15,0.0
2025-10-04,2,wk inc flu hosp,2025-10-25,05,quantile,0.2,0.0
2025-10-04,2,wk inc flu hosp,2025-10-25,05,quantile,0.25,0.0
2025-10-04,2,wk inc flu hosp,2025-10-25,05,quantile,0.3,0.0
2025-10-04,2,wk inc flu hosp,2025-10-25,05,quantile,0.35,0.0
2025-10-04,2,wk inc flu hosp,2025-10-25,05,quantile,0.4,0.0
2025-10-04,2,wk inc flu hosp,2025-10-25,05,quantile,0.45,1.5472321905167523
2025-10-04,2,wk inc flu hosp,2025-10-25,05,quantile,0.5,5.398860279687926
2025-10-04,2,wk inc flu hosp,2025-10-25,05,quantile,0.55,9.250488368859104
2025-10-04,2,wk inc flu hosp,2025-10-25,05,quantile,0.6,13.164166343718794
2025-10-04,2,wk inc flu hosp,2025-10-25,05,quantile,0.65,17.20926315130094
2025-10-04,2,wk inc flu hosp,2025-10-25,05,quantile,0.7,21.472185890716887
2025-10-04,2,wk inc flu hosp,2025-10-25,05,quantile,0.75,26.072549785096708
2025-10-04,2,wk inc flu hosp,2025-10-25,05,quantile,0.8,31.195273136943868
2025-10-04,2,wk inc flu hosp,2025-10-25,05,quantile,0.85,37.16643285021843
2025-10-04,2,wk inc flu hosp,2025-10-25,05,quantile,0.9,44.67951523928869
2025-10-04,2,wk inc flu hosp,2025-10-25,05,quantile,0.95,55.81503510748113
2025-10-04,2,wk inc flu hosp,2025-10-25,05,quantile,0.975,65.47343790875549
2025-10-04,2,wk inc flu hosp,2025-10-25,05,quantile,0.99,76.70341845200505
2025-10-11,2,wk inc flu hosp,2025-11-01,05,quantile,0.01,0.0
2025-10-11,2,wk inc flu hosp,2025-11-01,05,quantile,0.025,0.0
2025-10-11,2,wk inc flu hosp,2025-11-01,05,quantile,0.05,0.0
2025-10-11,2,wk inc flu hosp,2025-11-01,05,quantile,0.1,0.0
2025-10-11,2,wk inc flu hosp,2025-11-01,05,quantile,0.15,0.0
2025-10-11,2,wk inc flu hosp,2025-11-01,05,quantile,0.2,0.0
2025-10-11,2,wk inc flu hosp,2025-11-01,05,quantile,0.25,0.0
2025-10-11,2,wk inc flu hosp,2025-11-01,05,quantile,0.3,0.0
2025-10-11,2,wk inc flu hosp,2025-11-01,05,quantile,0.35,0.0
2025-10-11,2,wk inc flu hosp,2025-11-01,05,quantile,0.4,0.0
2025-10-11,2,wk inc flu hosp,2025-11-01,05,quantile,0.45,0.6256179996585001
2025-10-11,2,wk inc flu hosp,2025-11-01,05,quantile,0.5,4.8975415034554235
2025-10-11,2,wk inc flu hosp,2025-11-01,05,quantile,0.55,9.169465007252352
2025-10-11,2,wk inc flu hosp,2025-11-01,05,quantile,0.6,13.510209373018254
2025-10-11,2,wk inc flu hosp,2025-11-01,05,quantile,0.65,17.996713190982312
2025-10-11,2,wk inc flu hosp,2025-11-01,05,quantile,0.7,22.724812432074955
2025-10-11,2,wk inc flu hosp,2025-11-01,05,quantile,0.75,27.82717491137884
2025-10-11,2,wk inc flu hosp,2025-11-01,05,quantile,0.8,33.508897492988325
2025-10-11,2,wk inc flu hosp,2025-11-01,05,quantile,0.85,40.131639080053645
2025-10-11,2,wk inc flu hosp,2025-11-01,05,quantile,0.9,48.46456025021225
2025-10-11,2,wk inc flu hosp,2025-11-01,05,quantile,0.95,60.81520469214887
2025-10-11,2,wk inc flu hosp,2025-11-01,05,quantile,0.975,71.52754684478403
2025-10-11,2,wk inc flu hosp,2025-11-01,05,quantile,0.99,83.98295965184282
2025-10-18,2,wk inc flu hosp,2025-11-08,05,quantile,0.01,0.0
2025-10-18,2,wk inc flu hosp,2025-11-08,05,quantile,0.025,0.0
2025-10-18,2,wk inc flu hosp,2025-11-08,05,quantile,0.05,0.0
2025-10-18,2,wk inc flu hosp,2025-11-08,05,quantile,0.1,0.0
2025-10-18,2,wk inc flu hosp,2025-11-08,05,quantile,0.15,0.0
2025-10-18,2,wk inc flu hosp,2025-11-08,05,quantile,0.2,0.0
2025-10-18,2,wk inc flu hosp,2025-11-08,05,quantile,0.25,0.0
2025-10-18,2,wk inc flu hosp,2025-11-08,05,quantile,0.3,0.0
2025-10-18,2,wk inc flu hosp,2025-11-08,05,quantile,0.35,0.0
2025-10-18,2,wk inc flu hosp,2025-11-08,05,quantile,0.4,0.0
2025-10-18,2,wk inc flu hosp,2025-11-08,05,quantile,0.45,0.3835321893460568
2025-10-18,2,wk inc flu hosp,2025-11-08,05,quantile,0.5,4.156033522337421
2025-10-18,2,wk inc flu hosp,2025-11-08,05,quantile,0.55,7.92853485532879
2025-10-18,2,wk inc flu hosp,2025-11-08,05,quantile,0.6,11.761811338737719
2025-10-18,2,wk inc flu hosp,2025-11-08,05,quantile,0.65,15.72380682360463
2025-10-18,2,wk inc flu hosp,2025-11-08,05,quantile,0.7,19.899153286078498
2025-10-18,2,wk inc flu hosp,2025-11-08,05,quantile,0.75,24.405008608036074
2025-10-18,2,wk inc flu hosp,2025-11-08,05,quantile,0.8,29.4224921827672
2025-10-18,2,wk inc flu hosp,2025-11-08,05,quantile,0.85,35.270982082704556
2025-10-18,2,wk inc flu hosp,2025-11-08,05,quantile,0.9,42.62971783585995
2025-10-18,2,wk inc flu hosp,2025-11-08,05,quantile,0.95,53.536472738913844
2025-10-18,2,wk inc flu hosp,2025-11-08,05,quantile,0.975,62.99645604955994
2025-10-18,2,wk inc flu hosp,2025-11-08,05,quantile,0.99,73.9957310543262
2025-10-25,2,wk inc flu hosp,2025-11-15,05,quantile,0.01,0.0
2025-10-25,2,wk inc flu hosp,2025-11-15,05,quantile,0.025,0.0
2025-10-25,2,wk inc flu hosp,2025-11-15,05,quantile,0.05,0.0
2025-10-25,2,wk inc flu hosp,2025-11-15,05,quantile,0.1,0.0
2025-10-25,2,wk inc flu hosp,2025-11-15,05,quantile,0.15,0.0
2025-10-25,2,wk inc flu hosp,2025-11-15,05,quantile,0.2,0.0
2025-10-25,2,wk inc flu hosp,2025-11-15,05,quantile,0.25,0.0
2025-10-25,2,wk inc flu hosp,2025-11-15,05,quantile,0.3,0.0
2025-10-25,2,wk inc flu hosp,2025-11-15,05,quantile,0.35,0.0
2025-10-25,2,wk inc flu hosp,2025-11-15,05,quantile,0.4,0.0
2025-10-25,2,wk inc flu hosp,2025-11-15,05,quantile,0.45,2.2381016722133564
2025-10-25,2,wk inc flu hosp,2025-11-15,05,quantile,0.5,5.2379322144608675
2025-10-25,2,wk inc flu hosp,2025-11-15,05,quantile,0.55,8.237762756708381
2025-10-25,2,wk inc flu hosp,2025-11-15,05,quantile,0.6,11.285920691404481
2025-10-25,2,wk inc flu hosp,2025-11-15,05,quantile,0.65,14.43643384293362
2025-10-25,2,wk inc flu hosp,2025-11-15,05,quantile,0.7,17.7566001562116
2025-10-25,2,wk inc flu hosp,2025-11-15,05,quantile,0.75,21.339581637370898
2025-10-25,2,wk inc flu hosp,2025-11-15,05,quantile,0.8,25.329401426451973
2025-10-25,2,wk inc flu hosp,2025-11-15,05,quantile,0.85,29.980023673932116
2025-10-25,2,wk inc flu hosp,2025-11-15,05,quantile,0.9,35.83156839615497
2025-10-25,2,wk inc flu hosp,2025-11-15,05,quantile,0.95,44.504439148740005
2025-10-25,2,wk inc flu hosp,2025-11-15,05,quantile,0.975,52.02686110688563
2025-10-25,2,wk inc flu hosp,2025-11-15,05,quantile,0.99,60.773302311112765
2025-11-01,2,wk inc flu hosp,2025-11-22,05,quantile,0.01,4.844539198399602
2025-11-01,2,wk inc flu hosp,2025-11-22,05,quantile,0.025,4.844539198399602
2025-11-01,2,wk inc flu hosp,2025-11-22,05,quantile,0.05,5.83278527963782
2025-11-01,2,wk inc flu hosp,2025-11-22,05,quantile,0.1,10.319296771912045
2025-11-01,2,wk inc flu hosp,2025-11-22,05,quantile,0.15,16.929955814895102
2025-11-01,2,wk inc flu hosp,2025-11-22,05,quantile,0.2,21.76038413978145
2025-11-01,2,wk inc flu hosp,2025-11-22,05,quantile,0.25,26.46936404525131
2025-11-01,2,wk inc flu hosp,2025-11-22,05,quantile,0.3,27.205727090019185
2025-11-01,2,wk inc flu hosp,2025-11-22,05,quantile,0.35,27.961829599188423
2025-11-01,2,wk inc flu hosp,2025-11-22,05,quantile,0.4,28.738200722690756
2025-11-01,2,wk inc flu hosp,2025-11-22,05,quantile,0.45,29.535383795222206
2025-11-01,2,wk inc flu hosp,2025-11-22,05,quantile,0.5,30.61665768301153
2025-11-01,2,wk inc flu hosp,2025-11-22,05,quantile,0.55,33.21646138468208
2025-11-01,2,wk inc flu hosp,2025-11-22,05,quantile,0.6,36.0300441440565
2025-11-01,2,wk inc flu hosp,2025-11-22,05,quantile,0.65,39.074984782752495
2025-11-01,2,wk inc flu hosp,2025-11-22,05,quantile,0.7,42.37030760995233
2025-11-01,2,wk inc flu hosp,2025-11-22,05,quantile,0.75,45.93660128328803
2025-11-01,2,wk inc flu hosp,2025-11-22,05,quantile,0.8,49.79614744352921
2025-11-01,2,wk inc flu hosp,2025-11-22,05,quantile,0.85,53.97305992676268
2025-11-01,2,wk inc flu hosp,2025-11-22,05,quantile,0.9,58.49343542383965
2025-11-01,2,wk inc flu hosp,2025-11-22,05,quantile,0.95,63.385516528386766
2025-11-01,2,wk inc flu hosp,2025-11-22,05,quantile,0.975,65.98040239635004
2025-11-01,2,wk inc flu hosp,2025-11-22,05,quantile,0.99,67.58726626740713
2025-09-20,2,wk inc flu hosp,2025-10-11,06,quantile,0.01,0.0
2025-09-20,2,wk inc flu hosp,2025-10-11,06,quantile,0.025,0.0
2025-09-20,2,wk inc flu hosp,2025-10-11,06,quantile,0.05,0.0
2025-09-20,2,wk inc flu hosp,2025-10-11,06,quantile,0.1,0.0
2025-09-20,2,wk inc flu hosp,2025-10-11,06,quantile,0.15,0.0
2025-09-20,2,wk inc flu hosp,2025-10-11,06,quantile,0.2,12.716427862369102
2025-09-20,2,wk inc flu hosp,2025-10-11,06,quantile,0.25,26.135622239480774
2025-09-20,2,wk inc flu hosp,2025-10-11,06,quantile,0.3,38.18647352776463
2025-09-20,2,wk inc flu hosp,2025-10-11,06,quantile,0.35,49.35338318221726
2025-09-20,2,wk inc flu hosp,2025-10-11,06,quantile,0.4,59.949688429816796
2025-09-20,2,wk inc flu hosp,2025-10-11,06,quantile,0.45,70.20173638691091
2025-09-20,2,wk inc flu hosp,2025-10-11,06,quantile,0.5,80.2912419969092
2025-09-20,2,wk inc flu hosp,2025-10-11,06,quantile,0.55,90.3807476069075
2025-09-20,2,wk inc flu hosp,2025-10-11,06,quantile,0.6,100.63279556400161
2025-09-20,2,wk inc flu hosp,2025-10-11,06,quantile,0.65,111.22910081160116
2025-09-20,2,wk inc flu hosp,2025-10-11,06,quantile,0.7,122.39601046605375
2025-09-20,2,wk inc flu hosp,2025-10-11,06,quantile,0.75,134.44686175433765
2025-09-20,2,wk inc flu hosp,2025-10-11,06,quantile,0.8,147.8660561314493
2025-09-20,2,wk inc flu hosp,2025-10-11,06,quantile,0.85,163.50776608643196
2025-09-20,2,wk inc flu hosp,2025-10-11,06,quantile,0.9,183.18860887756858
2025-09-20,2,wk inc flu hosp,2025-10-11,06,quantile,0.95,212.35858260796368
2025-09-20,2,wk inc flu hosp,2025-10-11,06,quantile,0.975,237.6591845848411
2025-09-20,2,wk inc flu hosp,2025-10-11,06,quantile,0.99,267.0766021205176
2025-09-27,2,wk inc flu hosp,2025-10-18,06,quantile,0.01,0.0
2025-09-27,2,wk inc flu hosp,2025-10-18,06,quantile,0.025,0.0
2025-09-27,2,wk inc flu hosp,2025-10-18,06,quantile,0.05,0.0
2025-09-27,2,wk inc flu hosp,2025-10-18,06,quantile,0.1,0.0
2025-09-27,2,wk inc flu hosp,2025-10-18,06,quantile,0.15,0.0
2025-09-27,2,wk inc flu hosp,2025-10-18,06,quantile,0.2,14.98373307889743
2025-09-27,2,wk inc flu hosp,2025-10-18,06,quantile,0.25,30.795534070235142
2025-09-27,2,wk inc flu hosp,2025-10-18,06,quantile,0.3,44.99502004471009
2025-09-27,2,wk inc flu hosp,2025-10-18,06,quantile,0.35,58.152959946498534
2025-09-27,2,wk inc flu hosp,2025-10-18,06,quantile,0.4,70.63855819554738
2025-09-27,2,wk inc flu hosp,2025-10-18,06,quantile,0.45,82.71851899615346
2025-09-27,2,wk inc flu hosp,2025-10-18,06,quantile,0.5,94.60695658212248
2025-09-27,2,wk inc flu hosp,2025-10-18,06,quantile,0.55,106.49539416809151
2025-09-27,2,wk inc flu hosp,2025-10-18,06,quantile,0.6,118.57535496869758
2025-09-27,2,wk inc flu hosp,2025-10-18,06,quantile,0.65,131.06095321774643
2025-09-27,2,wk inc flu hosp,2025-10-18,06,quantile,0.7,144.21889311953484
2025-09-27,2,wk inc flu hosp,2025-10-18,06,quantile,0.75,158.41837909400982
2025-09-27,2,wk inc flu hosp,2025-10-18,06,quantile,0.8,174.23018008534754
2025-09-27,2,wk inc flu hosp,2025-10-18,06,quantile,0.85,192.6607652622235
2025-09-27,2,wk inc flu hosp,2025-10-18,06,quantile,0.9,215.85064990135157
2025-09-27,2,wk inc flu hosp,2025-10-18,06,quantile,0.95,250.2215522510671
2025-09-27,2,wk inc flu hosp,2025-10-18,06,quantile,0.975,280.03318417002714
2025-09-27,2,wk inc flu hosp,2025-10-18,06,quantile,0.99,314.6956488964172
2025-10-04,2,wk inc flu hosp,2025-10-25,06,quantile,0.01,0.0
2025-10-04,2,wk inc flu hosp,2025-10-25,06,quantile,0.025,0.0
2025-10-04,2,wk inc flu hosp,2025-10-25,06,quantile,0.05,0.0
2025-10-04,2,wk inc flu hosp,2025-10-25,06,quantile,0.1,0.0
2025-10-04,2,wk inc flu hosp,2025-10-25,06,quantile,0.15,0.0
2025-10-04,2,wk inc flu hosp,2025-10-25,06,quantile,0.2,10.024941377483962
2025-10-04,2,wk inc flu hosp,2025-10-25,06,quantile,0.25,20.603905723414996
2025-10-04,2,wk inc flu hosp,2025-10-25,06,quantile,0.3,30.104142662699275
2025-10-04,2,wk inc flu hosp,2025-10-25,06,quantile,0.35,38.90752800527858
2025-10-04,2,wk inc flu hosp,2025-10-25,06,quantile,0.4,47.26107981045671
2025-10-04,2,wk inc flu hosp,2025-10-25,06,quantile,0.45,55.34323785683399
2025-10-04,2,wk inc flu hosp,2025-10-25,06,quantile,0.5,63.29725634085695
2025-10-04,2,wk inc flu hosp,2025-10-25,06,quantile,0.55,71.25127482487991
2025-10-04,2,wk inc flu hosp,2025-10-25,06,quantile,0.6,79.33343287125719
2025-10-04,2,wk inc flu hosp,2025-10-25,06,quantile,0.65,87.68698467643532
2025-10-04,2,wk inc flu hosp,2025-10-25,06,quantile,0.7,96.4903700190146
2025-10-04,2,wk inc flu hosp,2025-10-25,06,quantile,0.75,105.9906069582989
2025-10-04,2,wk inc flu hosp,2025-10-25,06,quantile,0.8,116.56957130422994
2025-10-04,2,wk inc flu hosp,2025-10-25,06,quantile,0.85,128.9006462758686
2025-10-04,2,wk inc flu hosp,2025-10-25,06,quantile,0.9,144.41595429916003
2025-10-04,2,wk inc flu hosp,2025-10-25,06,quantile,0.95,167.41197800919258
2025-10-04,2,wk inc flu hosp,2025-10-25,06,quantile,0.975,187.35759908913613
2025-10-04,2,wk inc flu hosp,2025-10-25,06,quantile,0.99,210.5486940620276
2025-10-11,2,wk inc flu hosp,2025-11-01,06,quantile,0.01,0.0
2025-10-11,2,wk inc flu hosp,2025-11-01,06,quantile,0.025,0.0
2025-10-11,2,wk inc flu hosp,2025-11-01,06,quantile,0.05,0.0
2025-10-11,2,wk inc flu hosp,2025-11-01,06,quantile,0.1,0.0
2025-10-11,2,wk inc flu hosp,2025-11-01,06,quantile,0.15,0.0
2025-10-11,2,wk inc flu hosp,2025-11-01,06,quantile,0.2,13.298845789379058
2025-10-11,2,wk inc flu hosp,2025-11-01,06,quantile,0.25,27.33264510553883
2025-10-11,2,wk inc flu hosp,2025-11-01,06,quantile,0.3,39.93543062425208
2025-10-11,2,wk inc flu hosp,2025-11-01,06,quantile,0.35,51.61378959784094
2025-10-11,2,wk inc flu hosp,2025-11-01,06,quantile,0.4,62.6954102345628
2025-10-11,2,wk inc flu hosp,2025-11-01,06,quantile,0.45,73.417006447142
2025-10-11,2,wk inc flu hosp,2025-11-01,06,quantile,0.5,83.96861580243184
2025-10-11,2,wk inc flu hosp,2025-11-01,06,quantile,0.55,94.52022515772168
2025-10-11,2,wk inc flu hosp,2025-11-01,06,quantile,0.6,105.24182137030088
2025-10-11,2,wk inc flu hosp,2025-11-01,06,quantile,0.65,116.32344200702275
2025-10-11,2,wk inc flu hosp,2025-11-01,06,quantile,0.7,128.0018009806116
2025-10-11,2,wk inc flu hosp,2025-11-01,06,quantile,0.75,140.60458649932485
2025-10-11,2,wk inc flu hosp,2025-11-01,06,quantile,0.8,154.63838581548464
2025-10-11,2,wk inc flu hosp,2025-11-01,06,quantile,0.85,170.9964928896481
2025-10-11,2,wk inc flu hosp,2025-11-01,06,quantile,0.9,191.57872684065143
2025-10-11,2,wk inc flu hosp,2025-11-01,06,quantile,0.95,222.08469805515654
2025-10-11,2,wk inc flu hosp,2025-11-01,06,quantile,0.975,248.5440786068791
2025-10-11,2,wk inc flu hosp,2025-11-01,06,quantile,0.99,279.3088266605713
2025-10-18,2,wk inc flu hosp,2025-11-08,06,quantile,0.01,0.0
2025-10-18,2,wk inc flu hosp,2025-11-08,06,quantile,0.025,0.0
2025-10-18,2,wk inc flu hosp,2025-11-08,06,quantile,0.05,0.0
2025-10-18,2,wk inc flu hosp,2025-11-08,06,quantile,0.1,0.0
2025-10-18,2,wk inc flu hosp,2025-11-08,06,quantile,0.15,0.0
2025-10-18,2,wk inc flu hosp,2025-11-08,06,quantile,0.2,16.11466078581833
2025-10-18,2,wk inc flu hosp,2025-11-08,06,quantile,0.25,33.11988959272543
2025-10-18,2,wk inc flu hosp,2025-11-08,06,quantile,0.3,48.39111063001892
2025-10-18,2,wk inc flu hosp,2025-11-08,06,quantile,0.35,62.54217278796196
2025-10-18,2,wk inc flu hosp,2025-11-08,06,quantile,0.4,75.97014694046432
2025-10-18,2,wk inc flu hosp,2025-11-08,06,quantile,0.45,88.96186733368917
2025-10-18,2,wk inc flu hosp,2025-11-08,06,quantile,0.5,101.74760890840234
2025-10-18,2,wk inc flu hosp,2025-11-08,06,quantile,0.55,114.53335048311553
2025-10-18,2,wk inc flu hosp,2025-11-08,06,quantile,0.6,127.52507087634037
2025-10-18,2,wk inc flu hosp,2025-11-08,06,quantile,0.65,140.95304502884272
2025-10-18,2,wk inc flu hosp,2025-11-08,06,quantile,0.7,155.10410718678574
2025-10-18,2,wk inc flu hosp,2025-11-08,06,quantile,0.75,170.37532822407925
2025-10-18,2,wk inc flu hosp,2025-11-08,06,quantile,0.8,187.38055703098638
2025-10-18,2,wk inc flu hosp,2025-11-08,06,quantile,0.85,207.2022280822263
2025-10-18,2,wk inc flu hosp,2025-11-08,06,quantile,0.9,232.1424163953851
2025-10-18,2,wk inc flu hosp,2025-11-08,06,quantile,0.95,269.10753245502787
2025-10-18,2,wk inc flu hosp,2025-11-08,06,quantile,0.975,301.1692578819377
2025-10-18,2,wk inc flu hosp,2025-11-08,06,quantile,0.99,338.44794258120305
2025-10-25,2,wk inc flu hosp,2025-11-15,06,quantile,0.01,0.0
2025-10-25,2,wk inc flu hosp,2025-11-15,06,quantile,0.025,0.0
2025-10-25,2,wk inc flu hosp,2025-11-15,06,quantile,0.05,0.0
2025-10-25,2,wk inc flu hosp,2025-11-15,06,quantile,0.1,0.0
2025-10-25,2,wk inc flu hosp,2025-11-15,06,quantile,0.15,25.940965430640432
2025-10-25,2,wk inc flu hosp,2025-11-15,06,quantile,0.2,47.49664689747485
2025-10-25,2,wk inc flu hosp,2025-11-15,06,quantile,0.25,65.98950224174693
2025-10-25,2,wk inc flu hosp,2025-11-15,06,quantile,0.3,82.5966578866252
2025-10-25,2,wk inc flu hosp,2025-11-15,06,quantile,0.35,97.98566255255182
2025-10-25,2,wk inc flu hosp,2025-11-15,06,quantile,0.4,112.58832308646882
2025-10-25,2,wk inc flu hosp,2025-11-15,06,quantile,0.45,126.71656614824708
2025-10-25,2,wk inc flu hosp,2025-11-15,06,quantile,0.5,140.62081125398646
2025-10-25,2,wk inc flu hosp,2025-11-15,06,quantile,0.55,154.52505635972585
2025-10-25,2,wk inc flu hosp,2025-11-15,06,quantile,0.6,168.6532994215041
2025-10-25,2,wk inc flu hosp,2025-11-15,06,quantile,0.65,183.2559599554211
2025-10-25,2,wk inc flu hosp,2025-11-15,06,quantile,0.7,198.6449646213477
2025-10-25,2,wk inc flu hosp,2025-11-15,06,quantile,0.75,215.25212026622597
2025-10-25,2,wk inc flu hosp,2025-11-15,06,quantile,0.8,233.7449756104981
2025-10-25,2,wk inc flu hosp,2025-11-15,06,quantile,0.85,255.3006570773325
2025-10-25,2,wk inc flu hosp,2025-11-15,06,quantile,0.9,282.42262644165044
2025-10-25,2,wk inc flu hosp,2025-11-15,06,quantile,0.95,322.62147068169645
2025-10-25,2,wk inc flu hosp,2025-11-15,06,quantile,0.975,357.4879730463567
2025-10-25,2,wk inc flu hosp,2025-11-15,06,quantile,0.99,398.02781707881275
2025-11-01,2,wk inc flu hosp,2025-11-22,06,quantile,0.01,134.89979185303156
2025-11-01,2,wk inc flu hosp,2025-11-22,06,quantile,0.025,134.89979185303156
2025-11-01,2,wk inc flu hosp,2025-11-22,06,quantile,0.05,134.89979185303156
2025-11-01,2,wk inc flu hosp,2025-11-22,06,quantile,0.1,134.89979185303156
2025-11-01,2,wk inc flu hosp,2025-11-22,06,quantile,0.15,134.89979185303156
2025-11-01,2,wk inc flu hosp,2025-11-22,06,quantile,0.2,134.89979185303156
2025-11-01,2,wk inc flu hosp,2025-11-22,06,quantile,0.25,134.89979185303156
2025-11-01,2,wk inc flu hosp,2025-11-22,06,quantile,0.3,134.89979185303156
2025-11-01,2,wk inc flu hosp,2025-11-22,06,quantile,0.35,134.89979185303156
2025-11-01,2,wk inc flu hosp,2025-11-22,06,quantile,0.4,134.89979185303156
2025-11-01,2,wk inc flu hosp,2025-11-22,06,quantile,0.45,134.89979185303156
2025-11-01,2,wk inc flu hosp,2025-11-22,06,quantile,0.5,134.89979185303156
2025-11-01,2,wk inc flu hosp,2025-11-22,06,quantile,0.55,146.72346985829694
2025-11-01,2,wk inc flu hosp,2025-11-22,06,quantile,0.6,157.41734676990188
2025-11-01,2,wk inc flu hosp,2025-11-22,06,quantile,0.65,163.617273213251
2025-11-01,2,wk inc flu hosp,2025-11-22,06,quantile,0.7,170.05984409350492
2025-11-01,2,wk inc flu hosp,2025-11-22,06,quantile,0.75,176.75455570441795
2025-11-01,2,wk inc flu hosp,2025-11-22,06,quantile,0.8,183.7112759930005
2025-11-01,2,wk inc flu hosp,2025-11-22,06,quantile,0.85,197.25695522076936
2025-11-01,2,wk inc flu hosp,2025-11-22,06,quantile,0.9,205.45983781865448
2025-11-01,2,wk inc flu hosp,2025-11-22,06,quantile,0.95,207.17243612917503
2025-11-01,2,wk inc flu hosp,2025-11-22,06,quantile,0.975,208.03405523673743
2025-11-01,2,wk inc flu hosp,2025-11-22,06,quantile,0.99,208.5527375407621
2025-09-20,2,wk inc flu hosp,2025-10-11,08,quantile,0.01,0.0
2025-09-20,2,wk inc flu hosp,2025-10-11,08,quantile,0.025,0.0
2025-09-20,2,wk inc flu hosp,2025-10-11,08,quantile,0.05,0.0
2025-09-20,2,wk inc flu hosp,2025-10-11,08,quantile,0.1,0.0
2025-09-20,2,wk inc flu hosp,2025-10-11,08,quantile,0.15,0.0
2025-09-20,2,wk inc flu hosp,2025-10-11,08,quantile,0.2,0.0
2025-09-20,2,wk inc flu hosp,2025-10-11,08,quantile,0.25,0.0
2025-09-20,2,wk inc flu hosp,2025-10-11,08,quantile,0.3,0.0
2025-09-20,2,wk inc flu hosp,2025-10-11,08,quantile,0.35,0.0
2025-09-20,2,wk inc flu hosp,2025-10-11,08,quantile,0.4,0.0
2025-09-20,2,wk inc flu hosp,2025-10-11,08,quantile,0.45,0.0
2025-09-20,2,wk inc flu hosp,2025-10-11,08,quantile,0.5,4.376142068216577
2025-09-20,2,wk inc flu hosp,2025-10-11,08,quantile,0.55,9.47503874249174
2025-09-20,2,wk inc flu hosp,2025-10-11,08,quantile,0.6,14.656078850258272
2025-09-20,2,wk inc flu hosp,2025-10-11,08,quantile,0.65,20.011095010123295
2025-09-20,2,wk inc flu hosp,2025-10-11,08,quantile,0.7,25.65447543924912
2025-09-20,2,wk inc flu hosp,2025-10-11,08,quantile,0.75,31.744570229931888
2025-09-20,2,wk inc flu hosp,2025-10-11,08,quantile,0.8,38.52617957985902
2025-09-20,2,wk inc flu hosp,2025-10-11,08,quantile,0.85,46.43097352639323
2025-09-20,2,wk inc flu hosp,2025-10-11,08,quantile,0.9,56.37700931185485
2025-09-20,2,wk inc flu hosp,2025-10-11,08,quantile,0.95,71.11853261258183
2025-09-20,2,wk inc flu hosp,2025-10-11,08,quantile,0.975,83.90460561394087
2025-09-20,2,wk inc flu hosp,2025-10-11,08,quantile,0.99,98.77117868862
2025-09-27,2,wk inc flu hosp,2025-10-18,08,quantile,0.01,0.0
2025-09-27,2,wk inc flu hosp,2025-10-18,08,quantile,0.025,0.0
2025-09-27,2,wk inc flu hosp,2025-10-18,08,quantile,0.05,0.0
2025-09-27,2,wk inc flu hosp,2025-10-18,08,quantile,0.1,0.0
2025-09-27,2,wk inc flu hosp,2025-10-18,08,quantile,0.15,0.0
2025-09-27,2,wk inc flu hosp,2025-10-18,08,quantile,0.2,0.0
2025-09-27,2,wk inc flu hosp,2025-10-18,08,quantile,0.25,0.0
2025-09-27,2,wk inc flu hosp,2025-10-18,08,quantile,0.3,0.0
2025-09-27,2,wk inc flu hosp,2025-10-18,08,quantile,0.35,0.0
2025-09-27,2,wk inc flu hosp,2025-10-18,08,quantile,0.4,1.9233613172497819
2025-09-27,2,wk inc flu hosp,2025-10-18,08,quantile,0.45,5.821591713993765
2025-09-27,2,wk inc flu hosp,2025-10-18,08,quantile,0.5,9.658017140564096
2025-09-27,2,wk inc flu hosp,2025-10-18,08,quantile,0.55,13.494442567134431
2025-09-27,2,wk inc flu hosp,2025-10-18,08,quantile,0.6,17.39267296387841
2025-09-27,2,wk inc flu hosp,2025-10-18,08,quantile,0.65,21.421803473435496
2025-09-27,2,wk inc flu hosp,2025-10-18,08,quantile,0.7,25.667900139668774
2025-09-27,2,wk inc flu hosp,2025-10-18,08,quantile,0.75,30.250106055524142
2025-09-27,2,wk inc flu hosp,2025-10-18,08,quantile,0.8,35.35260963720851
2025-09-27,2,wk inc flu hosp,2025-10-18,08,quantile,0.85,41.30020073888428
2025-09-27,2,wk inc flu hosp,2025-10-18,08,quantile,0.9,48.783628432846655
2025-09-27,2,wk inc flu hosp,2025-10-18,08,quantile,0.95,59.87519557571832
2025-09-27,2,wk inc flu hosp,2025-10-18,08,quantile,0.975,69.49547594262171
2025-09-27,2,wk inc flu hosp,2025-10-18,08,quantile,0.99,80.68113091723887
2025-10-04,2,wk inc flu hosp,2025-10-25,08,quantile,0.01,0.0
2025-10-04,2,wk inc flu hosp,2025-10-25,08,quantile,0.025,0.0
2025-10-04,2,wk inc flu hosp,2025-10-25,08,quantile,0.05,0.0
2025-10-04,2,wk inc flu hosp,2025-10-25,08,quantile,0.1,0.0
2025-10-04,2,wk inc flu hosp,2025-10-25,08,quantile,0.15,0.0
2025-10-04,2,wk inc flu hosp,2025-10-25,08,quantile,0.2,0.0
2025-10-04,2,wk inc flu hosp,2025-10-25,08,quantile,0.25,0.0
2025-10-04,2,wk inc flu hosp,2025-10-25,08,quantile,0.3,0.0
2025-10-04,2,wk inc flu hosp,2025-10-25,08,quantile,0.35,0.0
2025-10-04,2,wk inc flu hosp,2025-10-25,08,quantile,0.4,0.0
2025-10-04,2,wk inc flu hosp,2025-10-25,08,quantile,0.45,1.662060468433312
2025-10-04,2,wk inc flu hosp,2025-10-25,08,quantile,0.5,5.7160405531384635
2025-10-04,2,wk inc flu hosp,2025-10-25,08,quantile,0.55,9.770020637843619
2025-10-04,2,wk inc flu hosp,2025-10-25,08,quantile,0.6,13.889310507142643
2025-10-04,2,wk inc flu hosp,2025-10-25,08,quantile,0.65,18.146923526620657
2025-10-04,2,wk inc flu hosp,2025-10-25,08,quantile,0.7,22.633806342959186
2025-10-04,2,wk inc flu hosp,2025-10-25,08,quantile,0.75,27.475858373539754
2025-10-04,2,wk inc flu hosp,2025-10-25,08,quantile,0.8,32.86771292622356
2025-10-04,2,wk inc flu hosp,2025-10-25,08,quantile,0.85,39.152577923513014
2025-10-04,2,wk inc flu hosp,2025-10-25,08,quantile,0.9,47.06037319213513
2025-10-04,2,wk inc flu hosp,2025-10-25,08,quantile,0.95,58.78091700720658
2025-10-04,2,wk inc flu hosp,2025-10-25,08,quantile,0.975,68.94674083544966
2025-10-04,2,wk inc flu hosp,2025-10-25,08,quantile,0.99,80.76670798179914
2025-10-11,2,wk inc flu hosp,2025-11-01,08,quantile,0.01,0.0
2025-10-11,2,wk inc flu hosp,2025-11-01,08,quantile,0.025,0.0
2025-10-11,2,wk inc flu hosp,2025-11-01,08,quantile,0.05,0.0
2025-10-11,2,wk inc flu hosp,2025-11-01,08,quantile,0.1,0.0
2025-10-11,2,wk inc flu hosp,2025-11-01,08,quantile,0.15,0.0
2025-10-11,2,wk inc flu hosp,2025-11-01,08,quantile,0.2,0.0
2025-10-11,2,wk inc flu hosp,2025-11-01,08,quantile,0.25,0.0
2025-10-11,2,wk inc flu hosp,2025-11-01,08,quantile,0.3,0.0
2025-10-11,2,wk inc flu hosp,2025-11-01,08,quantile,0.35,0.0
2025-10-11,2,wk inc flu hosp,2025-11-01,08,quantile,0.4,0.0
2025-10-11,2,wk inc flu hosp,2025-11-01,08,quantile,0.45,0.0
2025-10-11,2,wk inc flu hosp,2025-11-01,08,quantile,0.5,3.4171514001545145
2025-10-11,2,wk inc flu hosp,2025-11-01,08,quantile,0.55,8.914416364427293
2025-10-11,2,wk inc flu hosp,2025-11-01,08,quantile,0.6,14.500242491599366
2025-10-11,2,wk inc flu hosp,2025-11-01,08,quantile,0.65,20.273637129553137
2025-10-11,2,wk inc flu hosp,2025-11-01,08,quantile,0.7,26.357925456008815
2025-10-11,2,wk inc flu hosp,2025-11-01,08,quantile,0.75,32.92382919177725
2025-10-11,2,wk inc flu hosp,2025-11-01,08,quantile,0.8,40.23527436555863
2025-10-11,2,wk inc flu hosp,2025-11-01,08,quantile,0.85,48.75765667452265
2025-10-11,2,wk inc flu hosp,2025-11-01,08,quantile,0.9,59.4807596416158
2025-10-11,2,wk inc flu hosp,2025-11-01,08,quantile,0.95,75.3740135625961
2025-10-11,2,wk inc flu hosp,2025-11-01,08,quantile,0.975,89.15904111485514
2025-10-11,2,wk inc flu hosp,2025-11-01,08,quantile,0.99,105.18711473998943
2025-10-18,2,wk inc flu hosp,2025-11-08,08,quantile,0.01,0.0
2025-10-18,2,wk inc flu hosp,2025-11-08,08,quantile,0.025,0.0
2025-10-18,2,wk inc flu hosp,2025-11-08,08,quantile,0.05,0.0
2025-10-18,2,wk inc flu hosp,2025-11-08,08,quantile,0.1,0.0
2025-10-18,2,wk inc flu hosp,2025-11-08,08,quantile,0.15,0.0
2025-10-18,2,wk inc flu hosp,2025-11-08,08,quantile,0.2,0.0
2025-10-18,2,wk inc flu hosp,2025-11-08,08,quantile,0.25,0.0
2025-10-18,2,wk inc flu hosp,2025-11-08,08,quantile,0.3,0.0
2025-10-18,2,wk inc flu hosp,2025-11-08,08,quantile,0.35,0.0
2025-10-18,2,wk inc flu hosp,2025-11-08,08,quantile,0.4,0.0
2025-10-18,2,wk inc flu hosp,2025-11-08,08,quantile,0.45,4.032650285774878
2025-10-18,2,wk inc flu hosp,2025-11-08,08,quantile,0.5,9.966180303268231
2025-10-18,2,wk inc flu hosp,2025-11-08,08,quantile,0.55,15.899710320761592
2025-10-18,2,wk inc flu hosp,2025-11-08,08,quantile,0.6,21.928829748964137
2025-10-18,2,wk inc flu hosp,2025-11-08,08,quantile,0.65,28.160403196809696
2025-10-18,2,wk inc flu hosp,2025-11-08,08,quantile,0.7,34.727542975360464
2025-10-18,2,wk inc flu hosp,2025-11-08,08,quantile,0.75,41.814519346583566
2025-10-18,2,wk inc flu hosp,2025-11-08,08,quantile,0.8,49.706203609910276
2025-10-18,2,wk inc flu hosp,2025-11-08,08,quantile,0.85,58.90492544330145
2025-10-18,2,wk inc flu hosp,2025-11-08,08,quantile,0.9,70.47901796920834
2025-10-18,2,wk inc flu hosp,2025-11-08,08,quantile,0.95,87.63356660906199
2025-10-18,2,wk inc flu hosp,2025-11-08,08,quantile,0.975,102.51257922804393
2025-10-18,2,wk inc flu hosp,2025-11-08,08,quantile,0.99,119.81264691541415
2025-10-25,2,wk inc flu hosp,2025-11-15,08,quantile,0.01,0.0
2025-10-25,2,wk inc flu hosp,2025-11-15,08,quantile,0.025,0.0
2025-10-25,2,wk inc flu hosp,2025-11-15,08,quantile,0.05,0.0
2025-10-25,2,wk inc flu hosp,2025-11-15,08,quantile,0.1,0.0
2025-10-25,2,wk inc flu hosp,2025-11-15,08,quantile,0.15,0.0
2025-10-25,2,wk inc flu hosp,2025-11-15,08,quantile,0.2,0.0
2025-10-25,2,wk inc flu hosp,2025-11-15,08,quantile,0.25,0.0
2025-10-25,2,wk inc flu hosp,2025-11-15,08,quantile,0.3,1.939259170915074
2025-10-25,2,wk inc flu hosp,2025-11-15,08,quantile,0.35,5.468681415748151
2025-10-25,2,wk inc flu hosp,2025-11-15,08,quantile,0.4,8.817757983140911
2025-10-25,2,wk inc flu hosp,2025-11-15,08,quantile,0.45,12.058028320640755
2025-10-25,2,wk inc flu hosp,2025-11-15,08,quantile,0.5,15.246925396126374
2025-10-25,2,wk inc flu hosp,2025-11-15,08,quantile,0.55,18.435822471611996
2025-10-25,2,wk inc flu hosp,2025-11-15,08,quantile,0.6,21.676092809111836
2025-10-25,2,wk inc flu hosp,2025-11-15,08,quantile,0.65,25.025169376504596
2025-10-25,2,wk inc flu hosp,2025-11-15,08,quantile,0.7,28.554591621337668
2025-10-25,2,wk inc flu hosp,2025-11-15,08,quantile,0.75,32.363393153916135
2025-10-25,2,wk inc flu hosp,2025-11-15,08,quantile,0.8,36.604674278943605
2025-10-25,2,wk inc flu hosp,2025-11-15,08,quantile,0.85,41.54840542485917
2025-10-25,2,wk inc flu hosp,2025-11-15,08,quantile,0.9,47.76874807054391
2025-10-25,2,wk inc flu hosp,2025-11-15,08,quantile,0.95,56.98823290126447
2025-10-25,2,wk inc flu hosp,2025-11-15,08,quantile,0.975,64.9847610534604
2025-10-25,2,wk inc flu hosp,2025-11-15,08,quantile,0.99,74.28245316781901
2025-11-01,2,wk inc flu hosp,2025-11-22,08,quantile,0.01,22.400501437317367
2025-11-01,2,wk inc flu hosp,2025-11-22,08,quantile,0.025,22.400501437317367
2025-11-01,2,wk inc flu hosp,2025-11-22,08,quantile,0.05,39.79656722181901
2025-11-01,2,wk inc flu hosp,2025-11-22,08,quantile,0.1,44.34223135822349
2025-11-01,2,wk inc flu hosp,2025-11-22,08,quantile,0.15,49.686957096973586
2025-11-01,2,wk inc flu hosp,2025-11-22,08,quantile,0.2,55.755487088860924
2025-11-01,2,wk inc flu hosp,2025-11-22,08,quantile,0.25,62.550575911099415
2025-11-01,2,wk inc flu hosp,2025-11-22,08,quantile,0.3,70.15921130778308
2025-11-01,2,wk inc flu hosp,2025-11-22,08,quantile,0.35,78.67879568910935
2025-11-01,2,wk inc flu hosp,2025-11-22,08,quantile,0.4,81.83087209651255
2025-11-01,2,wk inc flu hosp,2025-11-22,08,quantile,0.45,82.38929805320076
2025-11-01,2,wk inc flu hosp,2025-11-22,08,quantile,0.5,82.95148878431681
2025-11-01,2,wk inc flu hosp,2025-11-22,08,quantile,0.55,83.51746967107071
2025-11-01,2,wk inc flu hosp,2025-11-22,08,quantile,0.6,84.08726626578654
2025-11-01,2,wk inc flu hosp,2025-11-22,08,quantile,0.65,84.66090429305606
2025-11-01,2,wk inc flu hosp,2025-11-22,08,quantile,0.7,85.23840965090007
2025-11-01,2,wk inc flu hosp,2025-11-22,08,quantile,0.75,85.81980841193766
2025-11-01,2,wk inc flu hosp,2025-11-22,08,quantile,0.8,86.40512682456325
2025-11-01,2,wk inc flu hosp,2025-11-22,08,quantile,0.85,86.99439131413172
2025-11-01,2,wk inc flu hosp,2025-11-22,08,quantile,0.9,95.47026666760652
2025-11-01,2,wk inc flu hosp,2025-11-22,08,quantile,0.95,112.73868242237238
2025-11-01,2,wk inc flu hosp,2025-11-22,08,quantile,0.975,122.49959970692235
2025-11-01,2,wk inc flu hosp,2025-11-22,08,quantile,0.99,128.75376372002071
2025-09-20,2,wk inc flu hosp,2025-10-11,09,quantile,0.01,0.0
2025-09-20,2,wk inc flu hosp,2025-10-11,09,quantile,0.025,0.0
2025-09-20,2,wk inc flu hosp,2025-10-11,09,quantile,0.05,0.0
2025-09-20,2,wk inc flu hosp,2025-10-11,09,quantile,0.1,0.0
2025-09-20,2,wk inc flu hosp,2025-10-11,09,quantile,0.15,0.0
2025-09-20,2,wk inc flu hosp,2025-10-11,09,quantile,0.2,0.0
2025-09-20,2,wk inc flu hosp,2025-10-11,09,quantile,0.25,0.0
2025-09-20,2,wk inc flu hosp,2025-10-11,09,quantile,0.3,0.0
2025-09-20,2,wk inc flu hosp,2025-10-11,09,quantile,0.35,0.0
2025-09-20,2,wk inc flu hosp,2025-10-11,09,quantile,0.4,1.333858642271827
2025-09-20,2,wk inc flu hosp,2025-10-11,09,quantile,0.45,5.1929044691672015
2025-09-20,2,wk inc flu hosp,2025-10-11,09,quantile,0.5,8.99076658243979
2025-09-20,2,wk inc flu hosp,2025-10-11,09,quantile,0.55,12.788628695712383
2025-09-20,2,wk inc flu hosp,2025-10-11,09,quantile,0.6,16.64767452260775
2025-09-20,2,wk inc flu hosp,2025-10-11,09,quantile,0.65,20.63630466922765
2025-09-20,2,wk inc flu hosp,2025-10-11,09,quantile,0.7,24.839720053323028
2025-09-20,2,wk inc flu hosp,2025-10-11,09,quantile,0.75,29.375866154981548
2025-09-20,2,wk inc flu hosp,2025-10-11,09,quantile,0.8,34.427079949339266
2025-09-20,2,wk inc flu hosp,2025-10-11,09,quantile,0.85,40.31488653977905
2025-09-20,2,wk inc flu hosp,2025-10-11,09,quantile,0.9,47.72309166725947
2025-09-20,2,wk inc flu hosp,2025-10-11,09,quantile,0.95,58.7031676351089
2025-09-20,2,wk inc flu hosp,2025-10-11,09,quantile,0.975,68.226746034803
2025-09-20,2,wk inc flu hosp,2025-10-11,09,quantile,0.99,79.29996407418376
2025-09-27,2,wk inc flu hosp,2025-10-18,09,quantile,0.01,0.0
2025-09-27,2,wk inc flu hosp,2025-10-18,09,quantile,0.025,0.0
2025-09-27,2,wk inc flu hosp,2025-10-18,09,quantile,0.05,0.0
2025-09-27,2,wk inc flu hosp,2025-10-18,09,quantile,0.1,0.0
2025-09-27,2,wk inc flu hosp,2025-10-18,09,quantile,0.15,0.0
2025-09-27,2,wk inc flu hosp,2025-10-18,09,quantile,0.2,0.0
2025-09-27,2,wk inc flu hosp,2025-10-18,09,quantile,0.25,0.0
2025-09-27,2,wk inc flu hosp,2025-10-18,09,quantile,0.3,0.0
2025-09-27,2,wk inc flu hosp,2025-10-18,09,quantile,0.35,0.0
2025-09-27,2,wk inc flu hosp,2025-10-18,09,quantile,0.4,0.0
2025-09-27,2,wk inc flu hosp,2025-10-18,09,quantile,0.45,1.4917866107535538
2025-09-27,2,wk inc flu hosp,2025-10-18,09,quantile,0.5,5.295141710223088
2025-09-27,2,wk inc flu hosp,2025-10-18,09,quantile,0.55,9.098496809692627
2025-09-27,2,wk inc flu hosp,2025-10-18,09,quantile,0.6,12.963124115016726
2025-09-27,2,wk inc flu hosp,2025-10-18,09,quantile,0.65,16.957523162583172
2025-09-27,2,wk inc flu hosp,2025-10-18,09,quantile,0.7,21.167018099331123
2025-09-27,2,wk inc flu hosp,2025-10-18,09,quantile,0.75,25.709724994188708
2025-09-27,2,wk inc flu hosp,2025-10-18,09,quantile,0.8,30.76824454289524
2025-09-27,2,wk inc flu hosp,2025-10-18,09,quantile,0.85,36.66456688229246
2025-09-27,2,wk inc flu hosp,2025-10-18,09,quantile,0.9,44.083486766469065
2025-09-27,2,wk inc flu hosp,2025-10-18,09,quantile,0.95,55.07944361780872
2025-09-27,2,wk inc flu hosp,2025-10-18,09,quantile,0.975,64.61679631555126
2025-09-27,2,wk inc flu hosp,2025-10-18,09,quantile,0.99,75.7060299531902
2025-10-04,2,wk inc flu hosp,2025-10-25,09,quantile,0.01,0.0
2025-10-04,2,wk inc flu hosp,2025-10-25,09,quantile,0.025,0.0
2025-10-04,2,wk inc flu hosp,2025-10-25,09,quantile,0.05,0.0
2025-10-04,2,wk inc flu hosp,2025-10-25,09,quantile,0.1,0.0
2025-10-04,2,wk inc flu hosp,2025-10-25,09,quantile,0.15,0.0
2025-10-04,2,wk inc flu hosp,2025-10-25,09,quantile,0.2,0.0
2025-10-04,2,wk inc flu hosp,2025-10-25,09,quantile,0.25,0.0
2025-10-04,2,wk inc flu hosp,2025-10-25,09,quantile,0.3,0.0
2025-10-04,2,wk inc flu hosp,2025-10-25,09,quantile,0.35,0.0
2025-10-04,2,wk inc flu hosp,2025-10-25,09,quantile,0.4,1.9810512831664449
2025-10-04,2,wk inc flu hosp,2025-10-25,09,quantile,0.45,4.151463650356089
2025-10-04,2,wk inc flu hosp,2025-10-25,09,quantile,0.5,6.2874649494542405
2025-10-04,2,wk inc flu hosp,2025-10-25,09,quantile,0.55,8.423466248552394
2025-10-04,2,wk inc flu hosp,2025-10-25,09,quantile,0.6,10.593878615742035
2025-10-04,2,wk inc flu hosp,2025-10-25,09,quantile,0.65,12.837172058394376
2025-10-04,2,wk inc flu hosp,2025-10-25,09,quantile,0.7,15.201265449173164
2025-10-04,2,wk inc flu hosp,2025-10-25,09,quantile,0.75,17.752493923787924
2025-10-04,2,wk inc flu hosp,2025-10-25,09,quantile,0.8,20.593407812963708
2025-10-04,2,wk inc flu hosp,2025-10-25,09,quantile,0.85,23.904839916321748
2025-10-04,2,wk inc flu hosp,2025-10-25,09,quantile,0.9,28.071377643161014
2025-10-04,2,wk inc flu hosp,2025-10-25,09,quantile,0.95,34.24681419983819
2025-10-04,2,wk inc flu hosp,2025-10-25,09,quantile,0.975,39.603084445331874
2025-10-04,2,wk inc flu hosp,2025-10-25,09,quantile,0.99,45.83090615446004
2025-10-11,2,wk inc flu hosp,2025-11-01,09,quantile,0.01,0.0
2025-10-11,2,wk inc flu hosp,2025-11-01,09,quantile,0.025,0.0
2025-10-11,2,wk inc flu hosp,2025-11-01,09,quantile,0.05,0.0
2025-10-11,2,wk inc flu hosp,2025-11-01,09,quantile,0.1,0.0
2025-10-11,2,wk inc flu hosp,2025-11-01,09,quantile,0.15,0.0
2025-10-11,2,wk inc flu hosp,2025-11-01,09,quantile,0.2,0.0
2025-10-11,2,wk inc flu hosp,2025-11-01,09,quantile,0.25,0.0
2025-10-11,2,wk inc flu hosp,2025-11-01,09,quantile,0.3,0.0
2025-10-11,2,wk inc flu hosp,2025-11-01,09,quantile,0.35,0.0
2025-10-11,2,wk inc flu hosp,2025-11-01,09,quantile,0.4,0.0
2025-10-11,2,wk inc flu hosp,2025-11-01,09,quantile,0.45,0.0
2025-10-11,2,wk inc flu hosp,2025-11-01,09,quantile,0.5,3.252713270373447
2025-10-11,2,wk inc flu hosp,2025-11-01,09,quantile,0.55,7.1169979015254246
2025-10-11,2,wk inc flu hosp,2025-11-01,09,quantile,0.6,11.043536315773695
2025-10-11,2,wk inc flu hosp,2025-11-01,09,quantile,0.65,15.10192540817054
2025-10-11,2,wk inc flu hosp,2025-11-01,09,quantile,0.7,19.378856213620693
2025-10-11,2,wk inc flu hosp,2025-11-01,09,quantile,0.75,23.994337013737045
2025-10-11,2,wk inc flu hosp,2025-11-01,09,quantile,0.8,29.133893756985874
2025-10-11,2,wk inc flu hosp,2025-11-01,09,quantile,0.85,35.12467484382908
2025-10-11,2,wk inc flu hosp,2025-11-01,09,quantile,0.9,42.66244540124296
2025-10-11,2,wk inc flu hosp,2025-11-01,09,quantile,0.95,53.834556853936
2025-10-11,2,wk inc flu hosp,2025-11-01,09,quantile,0.975,63.52469739771604
2025-10-11,2,wk inc flu hosp,2025-11-01,09,quantile,0.99,74.7915799255027
2025-10-18,2,wk inc flu hosp,2025-11-08,09,quantile,0.01,0.0
2025-10-18,2,wk inc flu hosp,2025-11-08,09,quantile,0.025,0.0
2025-10-18,2,wk inc flu hosp,2025-11-08,09,quantile,0.05,0.0
2025-10-18,2,wk inc flu hosp,2025-11-08,09,quantile,0.1,0.0
2025-10-18,2,wk inc flu hosp,2025-11-08,09,quantile,0.15,0.0
2025-10-18,2,wk inc flu hosp,2025-11-08,09,quantile,0.2,0.0
2025-10-18,2,wk inc flu hosp,2025-11-08,09,quantile,0.25,0.0
2025-10-18,2,wk inc flu hosp,2025-11-08,09,quantile,0.3,0.0
2025-10-18,2,wk inc flu hosp,2025-11-08,09,quantile,0.35,0.0
2025-10-18,2,wk inc flu hosp,2025-11-08,09,quantile,0.4,0.0
2025-10-18,2,wk inc flu hosp,2025-11-08,09,quantile,0.45,0.018697942346700636
2025-10-18,2,wk inc flu hosp,2025-11-08,09,quantile,0.5,4.350380860075234
2025-10-18,2,wk inc flu hosp,2025-11-08,09,quantile,0.55,8.682063777803773
2025-10-18,2,wk inc flu hosp,2025-11-08,09,quantile,0.6,13.083530284098302
2025-10-18,2,wk inc flu hosp,2025-11-08,09,quantile,0.65,17.632795253689995
2025-10-18,2,wk inc flu hosp,2025-11-08,09,quantile,0.7,22.427035295152084
2025-10-18,2,wk inc flu hosp,2025-11-08,09,quantile,0.75,27.600774097360354
2025-10-18,2,wk inc flu hosp,2025-11-08,09,quantile,0.8,33.36197759928528
2025-10-18,2,wk inc flu hosp,2025-11-08,09,quantile,0.85,40.07736390611485
2025-10-18,2,wk inc flu hosp,2025-11-08,09,quantile,0.9,48.526853288467414
2025-10-18,2,wk inc flu hosp,2025-11-08,09,quantile,0.95,61.050269380662236
2025-10-18,2,wk inc flu hosp,2025-11-08,09,quantile,0.975,71.91246517377279
2025-10-18,2,wk inc flu hosp,2025-11-08,09,quantile,0.99,84.54211522289935
2025-10-25,2,wk inc flu hosp,2025-11-15,09,quantile,0.01,0.0
2025-10-25,2,wk inc flu hosp,2025-11-15,09,quantile,0.025,0.0
2025-10-25,2,wk inc flu hosp,2025-11-15,09,quantile,0.05,0.0
2025-10-25,2,wk inc flu hosp,2025-11-15,09,quantile,0.1,0.0
2025-10-25,2,wk inc flu hosp,2025-11-15,09,quantile,0.15,0.0
2025-10-25,2,wk inc flu hosp,2025-11-15,09,quantile,0.2,0.0
2025-10-25,2,wk inc flu hosp,2025-11-15,09,quantile,0.25,0.0
2025-10-25,2,wk inc flu hosp,2025-11-15,09,quantile,0.3,0.0
2025-10-25,2,wk inc flu hosp,2025-11-15,09,quantile,0.35,0.0
2025-10-25,2,wk inc flu hosp,2025-11-15,09,quantile,0.4,1.0581638012137846
2025-10-25,2,wk inc flu hosp,2025-11-15,09,quantile,0.45,4.465397984683989
2025-10-25,2,wk inc flu hosp,2025-11-15,09,quantile,0.5,7.818611757441704
2025-10-25,2,wk inc flu hosp,2025-11-15,09,quantile,0.55,11.171825530199422
2025-10-25,2,wk inc flu hosp,2025-11-15,09,quantile,0.6,14.579059713669622
2025-10-25,2,wk inc flu hosp,2025-11-15,09,quantile,0.65,18.100706667449515
2025-10-25,2,wk inc flu hosp,2025-11-15,09,quantile,0.7,21.811992105989244
2025-10-25,2,wk inc flu hosp,2025-11-15,09,quantile,0.75,25.817052618893346
2025-10-25,2,wk inc flu hosp,2025-11-15,09,quantile,0.8,30.276877425378718
2025-10-25,2,wk inc flu hosp,2025-11-15,09,quantile,0.85,35.47534792313565
2025-10-25,2,wk inc flu hosp,2025-11-15,09,quantile,0.9,42.01621084126726
2025-10-25,2,wk inc flu hosp,2025-11-15,09,quantile,0.95,51.710754998793945
2025-10-25,2,wk inc flu hosp,2025-11-15,09,quantile,0.975,60.11932626950666
2025-10-25,2,wk inc flu hosp,2025-11-15,09,quantile,0.99,69.8961075561778
2025-11-01,2,wk inc flu hosp,2025-11-22,09,quantile,0.01,2.9211488228734903
2025-11-01,2,wk inc flu hosp,2025-11-22,09,quantile,0.025,3.8641144684779065
2025-11-01,2,wk inc flu hosp,2025-11-22,09,quantile,0.05,7.327135749374681
2025-11-01,2,wk inc flu hosp,2025-11-22,09,quantile,0.1,7.975353005989385
2025-11-01,2,wk inc flu hosp,2025-11-22,09,quantile,0.15,8.674030063479156
2025-11-01,2,wk inc flu hosp,2025-11-22,09,quantile,0.2,9.42709491277353
2025-11-01,2,wk inc flu hosp,2025-11-22,09,quantile,0.25,10.23878131518708
2025-11-01,2,wk inc flu hosp,2025-11-22,09,quantile,0.3,11.113652604798306
2025-11-01,2,wk inc flu hosp,2025-11-22,09,quantile,0.35,12.056627343700045
2025-11-01,2,wk inc flu hosp,2025-11-22,09,quantile,0.4,13.07300697435628
2025-11-01,2,wk inc flu hosp,2025-11-22,09,quantile,0.45,14.168505624528024
2025-11-01,2,wk inc flu hosp,2025-11-22,09,quantile,0.5,15.34928223233277
2025-11-01,2,wk inc flu hosp,2025-11-22,09,quantile,0.55,16.621975172045946
2025-11-01,2,wk inc flu hosp,2025-11-22,09,quantile,0.6,18.10717735672906
2025-11-01,2,wk inc flu hosp,2025-11-22,09,quantile,0.65,20.403258105982623
2025-11-01,2,wk inc flu hosp,2025-11-22,09,quantile,0.7,23.44931623318386
2025-11-01,2,wk inc flu hosp,2025-11-22,09,quantile,0.75,26.811532007909783
2025-11-01,2,wk inc flu hosp,2025-11-22,09,quantile,0.8,29.128045021543436
2025-11-01,2,wk inc flu hosp,2025-11-22,09,quantile,0.85,31.637507943179568
2025-11-01,2,wk inc flu hosp,2025-11-22,09,quantile,0.9,34.35599219861162
2025-11-01,2,wk inc flu hosp,2025-11-22,09,quantile,0.95,37.30090785499184
2025-11-01,2,wk inc flu hosp,2025-11-22,09,quantile,0.975,38.8641113915259
2025-11-01,2,wk inc flu hosp,2025-11-22,09,quantile,0.99,39.83249328968197
2025-09-20,2,wk inc flu hosp,2025-10-11,10,quantile,0.01,0.0
2025-09-20,2,wk inc flu hosp,2025-10-11,10,quantile,0.025,0.0
2025-09-20,2,wk inc flu hosp,2025-10-11,10,quantile,0.05,0.0
2025-09-20,2,wk inc flu hosp,2025-10-11,10,quantile,0.1,0.0
2025-09-20,2,wk inc flu hosp,2025-10-11,10,quantile,0.15,0.0
2025-09-20,2,wk inc flu hosp,2025-10-11,10,quantile,0.2,0.0
2025-09-20,2,wk inc flu hosp,2025-10-11,10,quantile,0.25,0.0
2025-09-20,2,wk inc flu hosp,2025-10-11,10,quantile,0.3,0.0
2025-09-20,2,wk inc flu hosp,2025-10-11,10,quantile,0.35,0.0
2025-09-20,2,wk inc flu hosp,2025-10-11,10,quantile,0.4,0.06701871970065665
2025-09-20,2,wk inc flu hosp,2025-10-11,10,quantile,0.45,0.9298934147777297
2025-09-20,2,wk inc flu hosp,2025-10-11,10,quantile,0.5,1.7790875575617977
2025-09-20,2,wk inc flu hosp,2025-10-11,10,quantile,0.55,2.628281700345867
2025-09-20,2,wk inc flu hosp,2025-10-11,10,quantile,0.6,3.491156395422939
2025-09-20,2,wk inc flu hosp,2025-10-11,10,quantile,0.65,4.383005877373435
2025-09-20,2,wk inc flu hosp,2025-10-11,10,quantile,0.7,5.322880895844397
2025-09-20,2,wk inc flu hosp,2025-10-11,10,quantile,0.75,6.337153817149035
2025-09-20,2,wk inc flu hosp,2025-10-11,10,quantile,0.8,7.466594813210493
2025-09-20,2,wk inc flu hosp,2025-10-11,10,quantile,0.85,8.78309623462164
2025-09-20,2,wk inc flu hosp,2025-10-11,10,quantile,0.9,10.439555636034283
2025-09-20,2,wk inc flu hosp,2025-10-11,10,quantile,0.95,12.894677997279578
2025-09-20,2,wk inc flu hosp,2025-10-11,10,quantile,0.975,15.024130503493998
2025-09-20,2,wk inc flu hosp,2025-10-11,10,quantile,0.99,17.500079240008358
2025-09-27,2,wk inc flu hosp,2025-10-18,10,quantile,0.01,0.0
2025-09-27,2,wk inc flu hosp,2025-10-18,10,quantile,0.025,0.0
2025-09-27,2,wk inc flu hosp,2025-10-18,10,quantile,0.05,0.0
2025-09-27,2,wk inc flu hosp,2025-10-18,10,quantile,0.1,0.0
2025-09-27,2,wk inc flu hosp,2025-10-18,10,quantile,0.15,0.0
2025-09-27,2,wk inc flu hosp,2025-10-18,10,quantile,0.2,0.0
2025-09-27,2,wk inc flu hosp,2025-10-18,10,quantile,0.25,0.0
2025-09-27,2,wk inc flu hosp,2025-10-18,10,quantile,0.3,0.0
2025-09-27,2,wk inc flu hosp,2025-10-18,10,quantile,0.35,0.0
2025-09-27,2,wk inc flu hosp,2025-10-18,10,quantile,0.4,0.0
2025-09-27,2,wk inc flu hosp,2025-10-18,10,quantile,0.45,0.09748021728759704
2025-09-27,2,wk inc flu hosp,2025-10-18,10,quantile,0.5,1.0825528458066578
2025-09-27,2,wk inc flu hosp,2025-10-18,10,quantile,0.55,2.0676254743257196
2025-09-27,2,wk inc flu hosp,2025-10-18,10,quantile,0.6,3.0685676630877183
2025-09-27,2,wk inc flu hosp,2025-10-18,10,quantile,0.65,4.103120857894352
2025-09-27,2,wk inc flu hosp,2025-10-18,10,quantile,0.7,5.193384094860665
2025-09-27,2,wk inc flu hosp,2025-10-18,10,quantile,0.75,6.36994954943343
2025-09-27,2,wk inc flu hosp,2025-10-18,10,quantile,0.8,7.680110977419577
2025-09-27,2,wk inc flu hosp,2025-10-18,10,quantile,0.85,9.207264133924943
2025-09-27,2,wk inc flu hosp,2025-10-18,10,quantile,0.9,11.12877151883819
2025-09-27,2,wk inc flu hosp,2025-10-18,10,quantile,0.95,13.976734918348816
2025-09-27,2,wk inc flu hosp,2025-10-18,10,quantile,0.975,16.446918439311386
2025-09-27,2,wk inc flu hosp,2025-10-18,10,quantile,0.99,19.31904061617952
2025-10-04,2,wk inc flu hosp,2025-10-25,10,quantile,0.01,0.0
2025-10-04,2,wk inc flu hosp,2025-10-25,10,quantile,0.025,0.0
2025-10-04,2,wk inc flu hosp,2025-10-25,10,quantile,0.05,0.0
2025-10-04,2,wk inc flu hosp,2025-10-25,10,quantile,0.1,0.0
2025-10-04,2,wk inc flu hosp,2025-10-25,10,quantile,0.15,0.0
2025-10-04,2,wk inc flu hosp,2025-10-25,10,quantile,0.2,0.0
2025-10-04,2,wk inc flu hosp,2025-10-25,10,quantile,0.25,0.0
2025-10-04,2,wk inc flu hosp,2025-10-25,10,quantile,0.3,0.0
2025-10-04,2,wk inc flu hosp,2025-10-25,10,quantile,0.35,0.0
2025-10-04,2,wk inc flu hosp,2025-10-25,10,quantile,0.4,0.0
2025-10-04,2,wk inc flu hosp,2025-10-25,10,quantile,0.45,0.0
2025-10-04,2,wk inc flu hosp,2025-10-25,10,quantile,0.5,0.5555555555555556
2025-10-04,2,wk inc flu hosp,2025-10-25,10,quantile,0.55,1.5829020433432774
2025-10-04,2,wk inc flu hosp,2025-10-25,10,quantile,0.6,2.626799124971808
2025-10-04,2,wk inc flu hosp,2025-10-25,10,quantile,0.65,3.7057496107974286
2025-10-04,2,wk inc flu hosp,2025-10-25,10,quantile,0.7,4.842800905122108
2025-10-04,2,wk inc flu hosp,2025-10-25,10,quantile,0.75,6.0698580300621146
2025-10-04,2,wk inc flu hosp,2025-10-25,10,quantile,0.8,7.436244327385234
2025-10-04,2,wk inc flu hosp,2025-10-25,10,quantile,0.85,9.028934435939359
2025-10-04,2,wk inc flu hosp,2025-10-25,10,quantile,0.9,11.032902271403985
2025-10-04,2,wk inc flu hosp,2025-10-25,10,quantile,0.95,14.003084480439556
2025-10-04,2,wk inc flu hosp,2025-10-25,10,quantile,0.975,16.579274591687682
2025-10-04,2,wk inc flu hosp,2025-10-25,10,quantile,0.99,19.5746523389495
2025-10-11,2,wk inc flu hosp,2025-11-01,10,quantile,0.01,0.0
2025-10-11,2,wk inc flu hosp,2025-11-01,10,quantile,0.025,0.0
2025-10-11,2,wk inc flu hosp,2025-11-01,10,quantile,0.05,0.0
2025-10-11,2,wk inc flu hosp,2025-11-01,10,quantile,0.1,0.0
2025-10-11,2,wk inc flu hosp,2025-11-01,10,quantile,0.15,0.8371344854595053
2025-10-11,2,wk inc flu hosp,2025-11-01,10,quantile,0.2,1.6149718684352532
2025-10-11,2,wk inc flu hosp,2025-11-01,10,quantile,0.25,2.2822870830745843
2025-10-11,2,wk inc flu hosp,2025-11-01,10,quantile,0.3,2.8815567700644453
2025-10-11,2,wk inc flu hosp,2025-11-01,10,quantile,0.35,3.436869444097192
2025-10-11,2,wk inc flu hosp,2025-11-01,10,quantile,0.4,3.9638068676094766
2025-10-11,2,wk inc flu hosp,2025-11-01,10,quantile,0.45,4.473624923054732
2025-10-11,2,wk inc flu hosp,2025-11-01,10,quantile,0.5,4.975360005842163
2025-10-11,2,wk inc flu hosp,2025-11-01,10,quantile,0.55,5.477095088629595
2025-10-11,2,wk inc flu hosp,2025-11-01,10,quantile,0.6,5.98691314407485
2025-10-11,2,wk inc flu hosp,2025-11-01,10,quantile,0.65,6.513850567587134
2025-10-11,2,wk inc flu hosp,2025-11-01,10,quantile,0.7,7.069163241619881
2025-10-11,2,wk inc flu hosp,2025-11-01,10,quantile,0.75,7.668432928609743
2025-10-11,2,wk inc flu hosp,2025-11-01,10,quantile,0.8,8.335748143249074
2025-10-11,2,wk inc flu hosp,2025-11-01,10,quantile,0.85,9.11358552622482
2025-10-11,2,wk inc flu hosp,2025-11-01,10,quantile,0.9,10.09228256737142
2025-10-11,2,wk inc flu hosp,2025-11-01,10,quantile,0.95,11.542859012863824
2025-10-11,2,wk inc flu hosp,2025-11-01,10,quantile,0.975,12.801017749091791
2025-10-11,2,wk inc flu hosp,2025-11-01,10,quantile,0.99,14.26389918185781
2025-10-18,2,wk inc flu hosp,2025-11-08,10,quantile,0.01,0.0
2025-10-18,2,wk inc flu hosp,2025-11-08,10,quantile,0.025,0.0
2025-10-18,2,wk inc flu hosp,2025-11-08,10,quantile,0.05,0.0
2025-10-18,2,wk inc flu hosp,2025-11-08,10,quantile,0.1,0.0
2025-10-18,2,wk inc flu hosp,2025-11-08,10,quantile,0.15,0.0
2025-10-18,2,wk inc flu hosp,2025-11-08,10,quantile,0.2,0.0
2025-10-18,2,wk inc flu hosp,2025-11-08,10,quantile,0.25,0.0
2025-10-18,2,wk inc flu hosp,2025-11-08,10,quantile,0.3,0.0
2025-10-18,2,wk inc flu hosp,2025-11-08,10,quantile,0.35,0.0
2025-10-18,2,wk inc flu hosp,2025-11-08,10,quantile,0.4,0.0
2025-10-18,2,wk inc flu hosp,2025-11-08,10,quantile,0.45,0.094512710596933
2025-10-18,2,wk inc flu hosp,2025-11-08,10,quantile,0.5,1.26623691661303
2025-10-18,2,wk inc flu hosp,2025-11-08,10,quantile,0.55,2.4379611226291287
2025-10-18,2,wk inc flu hosp,2025-11-08,10,quantile,0.6,3.628561853418263
2025-10-18,2,wk inc flu hosp,2025-11-08,10,quantile,0.65,4.859142204218015
2025-10-18,2,wk inc flu hosp,2025-11-08,10,quantile,0.7,6.155988536861978
2025-10-18,2,wk inc flu hosp,2025-11-08,10,quantile,0.75,7.555489632692666
2025-10-18,2,wk inc flu hosp,2025-11-08,10,quantile,0.8,9.11390046912804
2025-10-18,2,wk inc flu hosp,2025-11-08,10,quantile,0.85,10.930418630292847
2025-10-18,2,wk inc flu hosp,2025-11-08,10,quantile,0.9,13.21601326540759
2025-10-18,2,wk inc flu hosp,2025-11-08,10,quantile,0.95,16.603608815667997
2025-10-18,2,wk inc flu hosp,2025-11-08,10,quantile,0.975,19.541842749916334
2025-10-18,2,wk inc flu hosp,2025-11-08,10,quantile,0.99,22.958174683056555
2025-10-25,2,wk inc flu hosp,2025-11-15,10,quantile,0.01,0.0
2025-10-25,2,wk inc flu hosp,2025-11-15,10,quantile,0.025,0.0
2025-10-25,2,wk inc flu hosp,2025-11-15,10,quantile,0.05,0.0
2025-10-25,2,wk inc flu hosp,2025-11-15,10,quantile,0.1,0.0
2025-10-25,2,wk inc flu hosp,2025-11-15,10,quantile,0.15,0.0
2025-10-25,2,wk inc flu hosp,2025-11-15,10,quantile,0.2,0.0
2025-10-25,2,wk inc flu hosp,2025-11-15,10,quantile,0.25,0.0
2025-10-25,2,wk inc flu hosp,2025-11-15,10,quantile,0.3,0.0
2025-10-25,2,wk inc flu hosp,2025-11-15,10,quantile,0.35,0.0
2025-10-25,2,wk inc flu hosp,2025-11-15,10,quantile,0.4,0.0
2025-10-25,2,wk inc flu hosp,2025-11-15,10,quantile,0.45,0.0
2025-10-25,2,wk inc flu hosp,2025-11-15,10,quantile,0.5,0.39925970730081384
2025-10-25,2,wk inc flu hosp,2025-11-15,10,quantile,0.55,1.477214387011872
2025-10-25,2,wk inc flu hosp,2025-11-15,10,quantile,0.6,2.5725349606007732
2025-10-25,2,wk inc flu hosp,2025-11-15,10,quantile,0.65,3.70463570674414
2025-10-25,2,wk inc flu hosp,2025-11-15,10,quantile,0.7,4.897699369645439
2025-10-25,2,wk inc flu hosp,2025-11-15,10,quantile,0.75,6.185202647093919
2025-10-25,2,wk inc flu hosp,2025-11-15,10,quantile,0.8,7.618898601673232
2025-10-25,2,wk inc flu hosp,2025-11-15,10,quantile,0.85,9.290046336399492
2025-10-25,2,wk inc flu hosp,2025-11-15,10,quantile,0.9,11.392731780802245
2025-10-25,2,wk inc flu hosp,2025-11-15,10,quantile,0.95,14.509228357063462
2025-10-25,2,wk inc flu hosp,2025-11-15,10,quantile,0.975,17.212324361436114
2025-10-25,2,wk inc flu hosp,2025-11-15,10,quantile,0.99,20.35525763521046
2025-11-01,2,wk inc flu hosp,2025-11-22,10,quantile,0.01,1.210090761363948
2025-11-01,2,wk inc flu hosp,2025-11-22,10,quantile,0.025,1.210090761363948
2025-11-01,2,wk inc flu hosp,2025-11-22,10,quantile,0.05,1.210090761363948
2025-11-01,2,wk inc flu hosp,2025-11-22,10,quantile,0.1,1.235963828360994
2025-11-01,2,wk inc flu hosp,2025-11-22,10,quantile,0.15,1.27189086989113
2025-11-01,2,wk inc flu hosp,2025-11-22,10,quantile,0.2,1.564560599029927
2025-11-01,2,wk inc flu hosp,2025-11-22,10,quantile,0.25,2.419593669554687
2025-11-01,2,wk inc flu hosp,2025-11-22,10,quantile,0.3,2.6426322787057477
2025-11-01,2,wk inc flu hosp,2025-11-22,10,quantile,0.35,2.880218294940563
2025-11-01,2,wk inc flu hosp,2025-11-22,10,quantile,0.4,3.133300554219264
2025-11-01,2,wk inc flu hosp,2025-11-22,10,quantile,0.45,3.4028897791099593
2025-11-01,2,wk inc flu hosp,2025-11-22,10,quantile,0.5,3.65508411100608
2025-11-01,2,wk inc flu hosp,2025-11-22,10,quantile,0.55,3.881362182701811
2025-11-01,2,wk inc flu hosp,2025-11-22,10,quantile,0.6,4.118639360860361
2025-11-01,2,wk inc flu hosp,2025-11-22,10,quantile,0.65,4.367450298893234
2025-11-01,2,wk inc flu hosp,2025-11-22,10,quantile,0.7,4.628355639074884
2025-11-01,2,wk inc flu hosp,2025-11-22,10,quantile,0.75,4.90194327583026
2025-11-01,2,wk inc flu hosp,2025-11-22,10,quantile,0.8,5.188829680429258
2025-11-01,2,wk inc flu hosp,2025-11-22,10,quantile,0.85,5.489661290072972
2025-11-01,2,wk inc flu hosp,2025-11-22,10,quantile,0.9,5.80511596450178
2025-11-01,2,wk inc flu hosp,2025-11-22,10,quantile,0.95,6.135904513407394
2025-11-01,2,wk inc flu hosp,2025-11-22,10,quantile,0.975,6.307280521147698
2025-11-01,2,wk inc flu hosp,2025-11-22,10,quantile,0.99,7.2198813557250885
2025-09-20,2,wk inc flu hosp,2025-10-11,11,quantile,0.01,0.0
2025-09-20,2,wk inc flu hosp,2025-10-11,11,quantile,0.025,0.0
2025-09-20,2,wk inc flu hosp,2025-10-11,11,quantile,0.05,0.0
2025-09-20,2,wk inc flu hosp,2025-10-11,11,quantile,0.1,0.0
2025-09-20,2,wk inc flu hosp,2025-10-11,11,quantile,0.15,0.0
2025-09-20,2,wk inc flu hosp,2025-10-11,11,quantile,0.2,0.0
2025-09-20,2,wk inc flu hosp,2025-10-11,11,quantile,0.25,0.0
2025-09-20,2,wk inc flu hosp,2025-10-11,11,quantile,0.3,0.0
2025-09-20,2,wk inc flu hosp,2025-10-11,11,quantile,0.35,0.0
2025-09-20,2,wk inc flu hosp,2025-10-11,11,quantile,0.4,0.0
2025-09-20,2,wk inc flu hosp,2025-10-11,11,quantile,0.45,0.0
2025-09-20,2,wk inc flu hosp,2025-10-11,11,quantile,0.5,0.1700516760260468
2025-09-20,2,wk inc flu hosp,2025-10-11,11,quantile,0.55,1.3336466555458617
2025-09-20,2,wk inc flu hosp,2025-10-11,11,quantile,0.6,2.5159871976681307
2025-09-20,2,wk inc flu hosp,2025-10-11,11,quantile,0.65,3.738029987886507
2025-09-20,2,wk inc flu hosp,2025-10-11,11,quantile,0.7,5.025879017654239
2025-09-20,2,wk inc flu hosp,2025-10-11,11,quantile,0.75,6.415670609037216
2025-09-20,2,wk inc flu hosp,2025-10-11,11,quantile,0.8,7.963269451832278
2025-09-20,2,wk inc flu hosp,2025-10-11,11,quantile,0.85,9.767184913922591
2025-09-20,2,wk inc flu hosp,2025-10-11,11,quantile,0.9,12.03692247586931
2025-09-20,2,wk inc flu hosp,2025-10-11,11,quantile,0.95,15.401015454991837
2025-09-20,2,wk inc flu hosp,2025-10-11,11,quantile,0.975,18.31886441381001
2025-09-20,2,wk inc flu hosp,2025-10-11,11,quantile,0.99,21.71149440759591
2025-09-27,2,wk inc flu hosp,2025-10-18,11,quantile,0.01,0.0
2025-09-27,2,wk inc flu hosp,2025-10-18,11,quantile,0.025,0.0
2025-09-27,2,wk inc flu hosp,2025-10-18,11,quantile,0.05,0.0
2025-09-27,2,wk inc flu hosp,2025-10-18,11,quantile,0.1,0.0
2025-09-27,2,wk inc flu hosp,2025-10-18,11,quantile,0.15,0.0
2025-09-27,2,wk inc flu hosp,2025-10-18,11,quantile,0.2,0.0
2025-09-27,2,wk inc flu hosp,2025-10-18,11,quantile,0.25,0.0
2025-09-27,2,wk inc flu hosp,2025-10-18,11,quantile,0.3,0.0
2025-09-27,2,wk inc flu hosp,2025-10-18,11,quantile,0.35,0.0
2025-09-27,2,wk inc flu hosp,2025-10-18,11,quantile,0.4,0.0
2025-09-27,2,wk inc flu hosp,2025-10-18,11,quantile,0.45,0.28606984395097657
2025-09-27,2,wk inc flu hosp,2025-10-18,11,quantile,0.5,1.4926990076134907
2025-09-27,2,wk inc flu hosp,2025-10-18,11,quantile,0.55,2.699328171276006
2025-09-27,2,wk inc flu hosp,2025-10-18,11,quantile,0.6,3.9253961800035952
2025-09-27,2,wk inc flu hosp,2025-10-18,11,quantile,0.65,5.192634777517582
2025-09-27,2,wk inc flu hosp,2025-10-18,11,quantile,0.7,6.528113380522123
2025-09-27,2,wk inc flu hosp,2025-10-18,11,quantile,0.75,7.969304770216565
2025-09-27,2,wk inc flu hosp,2025-10-18,11,quantile,0.8,9.574139725879146
2025-09-27,2,wk inc flu hosp,2025-10-18,11,quantile,0.85,11.444770867857915
2025-09-27,2,wk inc flu hosp,2025-10-18,11,quantile,0.9,13.798451989132065
2025-09-27,2,wk inc flu hosp,2025-10-18,11,quantile,0.95,17.286961968400526
2025-09-27,2,wk inc flu hosp,2025-10-18,11,quantile,0.975,20.31272412004305
2025-09-27,2,wk inc flu hosp,2025-10-18,11,quantile,0.99,23.830826521711703
2025-10-04,2,wk inc flu hosp,2025-10-25,11,quantile,0.01,0.0
2025-10-04,2,wk inc flu hosp,2025-10-25,11,quantile,0.025,0.0
2025-10-04,2,wk inc flu hosp,2025-10-25,11,quantile,0.05,0.0
2025-10-04,2,wk inc flu hosp,2025-10-25,11,quantile,0.1,0.0
2025-10-04,2,wk inc flu hosp,2025-10-25,11,quantile,0.15,0.0
2025-10-04,2,wk inc flu hosp,2025-10-25,11,quantile,0.2,0.0
2025-10-04,2,wk inc flu hosp,2025-10-25,11,quantile,0.25,0.0
2025-10-04,2,wk inc flu hosp,2025-10-25,11,quantile,0.3,0.0
2025-10-04,2,wk inc flu hosp,2025-10-25,11,quantile,0.35,0.0
2025-10-04,2,wk inc flu hosp,2025-10-25,11,quantile,0.4,1.0450226706801993
2025-10-04,2,wk inc flu hosp,2025-10-25,11,quantile,0.45,2.198320553109494
2025-10-04,2,wk inc flu hosp,2025-10-25,11,quantile,0.5,3.333333333333333
2025-10-04,2,wk inc flu hosp,2025-10-25,11,quantile,0.55,4.468346113557173
2025-10-04,2,wk inc flu hosp,2025-10-25,11,quantile,0.6,5.621643995986467
2025-10-04,2,wk inc flu hosp,2025-10-25,11,quantile,0.65,6.813668892356036
2025-10-04,2,wk inc flu hosp,2025-10-25,11,quantile,0.7,8.06988358347516
2025-10-04,2,wk inc flu hosp,2025-10-25,11,quantile,0.75,9.425536749595103
2025-10-04,2,wk inc flu hosp,2025-10-25,11,quantile,0.8,10.935120836969649
2025-10-04,2,wk inc flu hosp,2025-10-25,11,quantile,0.85,12.69472545881224
2025-10-04,2,wk inc flu hosp,2025-10-25,11,quantile,0.9,14.908709865677547
2025-10-04,2,wk inc flu hosp,2025-10-25,11,quantile,0.95,18.19016827033745
2025-10-04,2,wk inc flu hosp,2025-10-25,11,quantile,0.975,21.036344059432157
2025-10-04,2,wk inc flu hosp,2025-10-25,11,quantile,0.99,24.34563850405652
2025-10-11,2,wk inc flu hosp,2025-11-01,11,quantile,0.01,0.0
2025-10-11,2,wk inc flu hosp,2025-11-01,11,quantile,0.025,0.0
2025-10-11,2,wk inc flu hosp,2025-11-01,11,quantile,0.05,0.0
2025-10-11,2,wk inc flu hosp,2025-11-01,11,quantile,0.1,0.0
2025-10-11,2,wk inc flu hosp,2025-11-01,11,quantile,0.15,0.0
2025-10-11,2,wk inc flu hosp,2025-11-01,11,quantile,0.2,0.0
2025-10-11,2,wk inc flu hosp,2025-11-01,11,quantile,0.25,0.0
2025-10-11,2,wk inc flu hosp,2025-11-01,11,quantile,0.3,0.0
2025-10-11,2,wk inc flu hosp,2025-11-01,11,quantile,0.35,0.0
2025-10-11,2,wk inc flu hosp,2025-11-01,11,quantile,0.4,0.4975461726809072
2025-10-11,2,wk inc flu hosp,2025-11-01,11,quantile,0.45,1.4038830570538272
2025-10-11,2,wk inc flu hosp,2025-11-01,11,quantile,0.5,2.295850312542642
2025-10-11,2,wk inc flu hosp,2025-11-01,11,quantile,0.55,3.187817568031458
2025-10-11,2,wk inc flu hosp,2025-11-01,11,quantile,0.6,4.094154452404377
2025-10-11,2,wk inc flu hosp,2025-11-01,11,quantile,0.65,5.03092555649663
2025-10-11,2,wk inc flu hosp,2025-11-01,11,quantile,0.7,6.018141198351587
2025-10-11,2,wk inc flu hosp,2025-11-01,11,quantile,0.75,7.083502095644971
2025-10-11,2,wk inc flu hosp,2025-11-01,11,quantile,0.8,8.269831975630563
2025-10-11,2,wk inc flu hosp,2025-11-01,11,quantile,0.85,9.65264433918901
2025-10-11,2,wk inc flu hosp,2025-11-01,11,quantile,0.9,11.392538047431858
2025-10-11,2,wk inc flu hosp,2025-11-01,11,quantile,0.95,13.971322619908623
2025-10-11,2,wk inc flu hosp,2025-11-01,11,quantile,0.975,16.20803365212877
2025-10-11,2,wk inc flu hosp,2025-11-01,11,quantile,0.99,18.80869360486855
2025-10-18,2,wk inc flu hosp,2025-11-08,11,quantile,0.01,0.0
2025-10-18,2,wk inc flu hosp,2025-11-08,11,quantile,0.025,0.0
2025-10-18,2,wk inc flu hosp,2025-11-08,11,quantile,0.05,0.0
2025-10-18,2,wk inc flu hosp,2025-11-08,11,quantile,0.1,0.0
2025-10-18,2,wk inc flu hosp,2025-11-08,11,quantile,0.15,0.0
2025-10-18,2,wk inc flu hosp,2025-11-08,11,quantile,0.2,0.0
2025-10-18,2,wk inc flu hosp,2025-11-08,11,quantile,0.25,0.0
2025-10-18,2,wk inc flu hosp,2025-11-08,11,quantile,0.3,0.0
2025-10-18,2,wk inc flu hosp,2025-11-08,11,quantile,0.35,0.0
2025-10-18,2,wk inc flu hosp,2025-11-08,11,quantile,0.4,0.0
2025-10-18,2,wk inc flu hosp,2025-11-08,11,quantile,0.45,0.005171426666415568
2025-10-18,2,wk inc flu hosp,2025-11-08,11,quantile,0.5,1.1121243901501856
2025-10-18,2,wk inc flu hosp,2025-11-08,11,quantile,0.55,2.219077353633957
2025-10-18,2,wk inc flu hosp,2025-11-08,11,quantile,0.6,3.3438633745304727
2025-10-18,2,wk inc flu hosp,2025-11-08,11,quantile,0.65,4.506418999078157
2025-10-18,2,wk inc flu hosp,2025-11-08,11,quantile,0.7,5.731577516528441
2025-10-18,2,wk inc flu hosp,2025-11-08,11,quantile,0.75,7.053716188303292
2025-10-18,2,wk inc flu hosp,2025-11-08,11,quantile,0.8,8.525980296922091
2025-10-18,2,wk inc flu hosp,2025-11-08,11,quantile,0.85,10.242083925573974
2025-10-18,2,wk inc flu hosp,2025-11-08,11,quantile,0.9,12.401334149878133
2025-10-18,2,wk inc flu hosp,2025-11-08,11,quantile,0.95,15.601668250848027
2025-10-18,2,wk inc flu hosp,2025-11-08,11,quantile,0.975,18.377480804881834
2025-10-18,2,wk inc flu hosp,2025-11-08,11,quantile,0.99,21.604962782481135
2025-10-25,2,wk inc flu hosp,2025-11-15,11,quantile,0.01,0.0
2025-10-25,2,wk inc flu hosp,2025-11-15,11,quantile,0.025,0.0
2025-10-25,2,wk inc flu hosp,2025-11-15,11,quantile,0.05,0.0
2025-10-25,2,wk inc flu hosp,2025-11-15,11,quantile,0.1,0.0
2025-10-25,2,wk inc flu hosp,2025-11-15,11,quantile,0.15,0.0
2025-10-25,2,wk inc flu hosp,2025-11-15,11,quantile,0.2,0.0
2025-10-25,2,wk inc flu hosp,2025-11-15,11,quantile,0.25,0.0
2025-10-25,2,wk inc flu hosp,2025-11-15,11,quantile,0.3,0.0
2025-10-25,2,wk inc flu hosp,2025-11-15,11,quantile,0.35,0.0
2025-10-25,2,wk inc flu hosp,2025-11-15,11,quantile,0.4,0.15982284555409043
2025-10-25,2,wk inc flu hosp,2025-11-15,11,quantile,0.45,1.2183443358643038
2025-10-25,2,wk inc flu hosp,2025-11-15,11,quantile,0.5,2.2600833678592167
2025-10-25,2,wk inc flu hosp,2025-11-15,11,quantile,0.55,3.3018223998541307
2025-10-25,2,wk inc flu hosp,2025-11-15,11,quantile,0.6,4.3603438901643425
2025-10-25,2,wk inc flu hosp,2025-11-15,11,quantile,0.65,5.454409863071693
2025-10-25,2,wk inc flu hosp,2025-11-15,11,quantile,0.7,6.607390603998808
2025-10-25,2,wk inc flu hosp,2025-11-15,11,quantile,0.75,7.85163810640677
2025-10-25,2,wk inc flu hosp,2025-11-15,11,quantile,0.8,9.237166704231322
2025-10-25,2,wk inc flu hosp,2025-11-15,11,quantile,0.85,10.852169501900766
2025-10-25,2,wk inc flu hosp,2025-11-15,11,quantile,0.9,12.884211795208554
2025-10-25,2,wk inc flu hosp,2025-11-15,11,quantile,0.95,15.896004579892281
2025-10-25,2,wk inc flu hosp,2025-11-15,11,quantile,0.975,18.508285659964482
2025-10-25,2,wk inc flu hosp,2025-11-15,11,quantile,0.99,21.545626958138456
2025-11-01,2,wk inc flu hosp,2025-11-22,11,quantile,0.01,0.0
2025-11-01,2,wk inc flu hosp,2025-11-22,11,quantile,0.025,0.0
2025-11-01,2,wk inc flu hosp,2025-11-22,11,quantile,0.05,0.0
2025-11-01,2,wk inc flu hosp,2025-11-22,11,quantile,0.1,0.0
2025-11-01,2,wk inc flu hosp,2025-11-22,11,quantile,0.15,0.0
2025-11-01,2,wk inc flu hosp,2025-11-22,11,quantile,0.2,0.0
2025-11-01,2,wk inc flu hosp,2025-11-22,11,quantile,0.25,0.0
2025-11-01,2,wk inc flu hosp,2025-11-22,11,quantile,0.3,0.0
2025-11-01,2,wk inc flu hosp,2025-11-22,11,quantile,0.35,0.0
2025-11-01,2,wk inc flu hosp,2025-11-22,11,quantile,0.4,0.0
2025-11-01,2,wk inc flu hosp,2025-11-22,11,quantile,0.45,0.21175685394379615
2025-11-01,2,wk inc flu hosp,2025-11-22,11,quantile,0.5,0.5594455898901718
2025-11-01,2,wk inc flu hosp,2025-11-22,11,quantile,0.55,0.6727373733977566
2025-11-01,2,wk inc flu hosp,2025-11-22,11,quantile,0.6,0.7942596641404371
2025-11-01,2,wk inc flu hosp,2025-11-22,11,quantile,0.65,0.9246103982372302
2025-11-01,2,wk inc flu hosp,2025-11-22,11,quantile,0.7,1.0644309511228842
2025-11-01,2,wk inc flu hosp,2025-11-22,11,quantile,0.75,1.214409293360168
2025-11-01,2,wk inc flu hosp,2025-11-22,11,quantile,0.8,1.3752833757179972
2025-11-01,2,wk inc flu hosp,2025-11-22,11,quantile,0.85,1.5478447601712755
2025-11-01,2,wk inc flu hosp,2025-11-22,11,quantile,0.9,1.7329425146883717
2025-11-01,2,wk inc flu hosp,2025-11-22,11,quantile,0.95,1.931487390970047
2025-11-01,2,wk inc flu hosp,2025-11-22,11,quantile,0.975,2.0361050725565994
2025-11-01,2,wk inc flu hosp,2025-11-22,11,quantile,0.99,2.4765954936243872
2025-09-20,2,wk inc flu hosp,2025-10-11,12,quantile,0.01,61.79130067174769
2025-09-20,2,wk inc flu hosp,2025-10-11,12,quantile,0.025,71.96381706279182
2025-09-20,2,wk inc flu hosp,2025-10-11,12,quantile,0.05,80.71274235512715
2025-09-20,2,wk inc flu hosp,2025-10-11,12,quantile,0.1,90.79969290198954
2025-09-20,2,wk inc flu hosp,2025-10-11,12,quantile,0.15,97.60531054805244
2025-09-20,2,wk inc flu hosp,2025-10-11,12,quantile,0.2,103.0141997106735
2025-09-20,2,wk inc flu hosp,2025-10-11,12,quantile,0.25,107.65454499557909
2025-09-20,2,wk inc flu hosp,2025-10-11,12,quantile,0.3,111.82171847732448
2025-09-20,2,wk inc flu hosp,2025-10-11,12,quantile,0.35,115.68322574115766
2025-09-20,2,wk inc flu hosp,2025-10-11,12,quantile,0.4,119.3474185169167
2025-09-20,2,wk inc flu hosp,2025-10-11,12,quantile,0.45,122.8925674328211
2025-09-20,2,wk inc flu hosp,2025-10-11,12,quantile,0.5,126.38150935203498
2025-09-20,2,wk inc flu hosp,2025-10-11,12,quantile,0.55,129.87045127124887
2025-09-20,2,wk inc flu hosp,2025-10-11,12,quantile,0.6,133.41560018715327
2025-09-20,2,wk inc flu hosp,2025-10-11,12,quantile,0.65,137.0797929629123
2025-09-20,2,wk inc flu hosp,2025-10-11,12,quantile,0.7,140.94130022674548
2025-09-20,2,wk inc flu hosp,2025-10-11,12,quantile,0.75,145.10847370849086
2025-09-20,2,wk inc flu hosp,2025-10-11,12,quantile,0.8,149.74881899339647
2025-09-20,2,wk inc flu hosp,2025-10-11,12,quantile,0.85,155.15770815601752
2025-09-20,2,wk inc flu hosp,2025-10-11,12,quantile,0.9,161.96332580208042
2025-09-20,2,wk inc flu hosp,2025-10-11,12,quantile,0.95,172.05027634894282
2025-09-20,2,wk inc flu hosp,2025-10-11,12,quantile,0.975,180.79920164127813
2025-09-20,2,wk inc flu hosp,2025-10-11,12,quantile,0.99,190.97171803232226
2025-09-27,2,wk inc flu hosp,2025-10-18,12,quantile,0.01,129.9589120955371
2025-09-27,2,wk inc flu hosp,2025-10-18,12,quantile,0.025,139.97491196798978
2025-09-27,2,wk inc flu hosp,2025-10-18,12,quantile,0.05,148.58922441965387
2025-09-27,2,wk inc flu hosp,2025-10-18,12,quantile,0.1,158.52097498235221
2025-09-27,2,wk inc flu hosp,2025-10-18,12,quantile,0.15,165.22187993591317
2025-09-27,2,wk inc flu hosp,2025-10-18,12,quantile,0.2,170.5475467699936
2025-09-27,2,wk inc flu hosp,2025-10-18,12,quantile,0.25,175.11649470726798
2025-09-27,2,wk inc flu hosp,2025-10-18,12,quantile,0.3,179.21955116421273
2025-09-27,2,wk inc flu hosp,2025-10-18,12,quantile,0.35,183.02164444922127
2025-09-27,2,wk inc flu hosp,2025-10-18,12,quantile,0.4,186.6294591691814
2025-09-27,2,wk inc flu hosp,2025-10-18,12,quantile,0.45,190.12006166364242
2025-09-27,2,wk inc flu hosp,2025-10-18,12,quantile,0.5,193.55532197431705
2025-09-27,2,wk inc flu hosp,2025-10-18,12,quantile,0.55,196.9905822849917
2025-09-27,2,wk inc flu hosp,2025-10-18,12,quantile,0.6,200.48118477945272
2025-09-27,2,wk inc flu hosp,2025-10-18,12,quantile,0.65,204.08899949941284
2025-09-27,2,wk inc flu hosp,2025-10-18,12,quantile,0.7,207.89109278442137
2025-09-27,2,wk inc flu hosp,2025-10-18,12,quantile,0.75,211.99414924136613
2025-09-27,2,wk inc flu hosp,2025-10-18,12,quantile,0.8,216.56309717864053
2025-09-27,2,wk inc flu hosp,2025-10-18,12,quantile,0.85,221.88876401272094
2025-09-27,2,wk inc flu hosp,2025-10-18,12,quantile,0.9,228.5896689662819
2025-09-27,2,wk inc flu hosp,2025-10-18,12,quantile,0.95,238.5214195289802
2025-09-27,2,wk inc flu hosp,2025-10-18,12,quantile,0.975,247.13573198064432
2025-09-27,2,wk inc flu hosp,2025-10-18,12,quantile,0.99,257.15173185309703
2025-10-04,2,wk inc flu hosp,2025-10-25,12,quantile,0.01,33.79366422087266
2025-10-04,2,wk inc flu hosp,2025-10-25,12,quantile,0.025,46.19393160120359
2025-10-04,2,wk inc flu hosp,2025-10-25,12,quantile,0.05,56.858845644597196
2025-10-04,2,wk inc flu hosp,2025-10-25,12,quantile,0.1,69.1548085140589
2025-10-04,2,wk inc flu hosp,2025-10-25,12,quantile,0.15,77.45083628687001
2025-10-04,2,wk inc flu hosp,2025-10-25,12,quantile,0.2,84.04425617126805
2025-10-04,2,wk inc flu hosp,2025-10-25,12,quantile,0.25,89.70082334284291
2025-10-04,2,wk inc flu hosp,2025-10-25,12,quantile,0.3,94.78059548647506
2025-10-04,2,wk inc flu hosp,2025-10-25,12,quantile,0.35,99.48776141493484
2025-10-04,2,wk inc flu hosp,2025-10-25,12,quantile,0.4,103.95440156628341
2025-10-04,2,wk inc flu hosp,2025-10-25,12,quantile,0.45,108.27592760471849
2025-10-04,2,wk inc flu hosp,2025-10-25,12,quantile,0.5,112.52893748050366
2025-10-04,2,wk inc flu hosp,2025-10-25,12,quantile,0.55,116.78194735628882
2025-10-04,2,wk inc flu hosp,2025-10-25,12,quantile,0.6,121.1034733947239
2025-10-04,2,wk inc flu hosp,2025-10-25,12,quantile,0.65,125.57011354607248
2025-10-04,2,wk inc flu hosp,2025-10-25,12,quantile,0.7,130.27727947453224
2025-10-04,2,wk inc flu hosp,2025-10-25,12,quantile,0.75,135.3570516181644
2025-10-04,2,wk inc flu hosp,2025-10-25,12,quantile,0.8,141.01361878973927
2025-10-04,2,wk inc flu hosp,2025-10-25,12,quantile,0.85,147.6070386741373
2025-10-04,2,wk inc flu hosp,2025-10-25,12,quantile,0.9,155.9030664469484
2025-10-04,2,wk inc flu hosp,2025-10-25,12,quantile,0.95,168.1990293164101
2025-10-04,2,wk inc flu hosp,2025-10-25,12,quantile,0.975,178.8639433598037
2025-10-04,2,wk inc flu hosp,2025-10-25,12,quantile,0.99,191.26421074013467
2025-10-11,2,wk inc flu hosp,2025-11-01,12,quantile,0.01,64.74344673227648
2025-10-11,2,wk inc flu hosp,2025-11-01,12,quantile,0.025,78.03700126153225
2025-10-11,2,wk inc flu hosp,2025-11-01,12,quantile,0.05,89.47019153374838
2025-10-11,2,wk inc flu hosp,2025-11-01,12,quantile,0.1,102.65192769164493
2025-10-11,2,wk inc flu hosp,2025-11-01,12,quantile,0.15,111.54558249694492
2025-10-11,2,wk inc flu hosp,2025-11-01,12,quantile,0.2,118.61397740160265
2025-10-11,2,wk inc flu hosp,2025-11-01,12,quantile,0.25,124.67803084798258
2025-10-11,2,wk inc flu hosp,2025-11-01,12,quantile,0.3,130.12373826028247
2025-10-11,2,wk inc flu hosp,2025-11-01,12,quantile,0.35,135.16999775041975
2025-10-11,2,wk inc flu hosp,2025-11-01,12,quantile,0.4,139.9584045317686
2025-10-11,2,wk inc flu hosp,2025-11-01,12,quantile,0.45,144.59124350850382
2025-10-11,2,wk inc flu hosp,2025-11-01,12,quantile,0.5,149.1506305735676
2025-10-11,2,wk inc flu hosp,2025-11-01,12,quantile,0.55,153.71001763863143
2025-10-11,2,wk inc flu hosp,2025-11-01,12,quantile,0.6,158.34285661536663
2025-10-11,2,wk inc flu hosp,2025-11-01,12,quantile,0.65,163.13126339671547
2025-10-11,2,wk inc flu hosp,2025-11-01,12,quantile,0.7,168.17752288685276
2025-10-11,2,wk inc flu hosp,2025-11-01,12,quantile,0.75,173.62323029915265
2025-10-11,2,wk inc flu hosp,2025-11-01,12,quantile,0.8,179.68728374553257
2025-10-11,2,wk inc flu hosp,2025-11-01,12,quantile,0.85,186.7556786501903
2025-10-11,2,wk inc flu hosp,2025-11-01,12,quantile,0.9,195.6493334554903
2025-10-11,2,wk inc flu hosp,2025-11-01,12,quantile,0.95,208.83106961338683
2025-10-11,2,wk inc flu hosp,2025-11-01,12,quantile,0.975,220.26425988560294
2025-10-11,2,wk inc flu hosp,2025-11-01,12,quantile,0.99,233.55781441485874
2025-10-18,2,wk inc flu hosp,2025-11-08,12,quantile,0.01,173.4717229767383
2025-10-18,2,wk inc flu hosp,2025-11-08,12,quantile,0.025,184.9278813919595
2025-10-18,2,wk inc flu hosp,2025-11-08,12,quantile,0.05,194.78080964088036
2025-10-18,2,wk inc flu hosp,2025-11-08,12,quantile,0.1,206.14060489204306
2025-10-18,2,wk inc flu hosp,2025-11-08,12,quantile,0.15,213.80500481725358
2025-10-18,2,wk inc flu hosp,2025-11-08,12,quantile,0.2,219.8964269113889
2025-10-18,2,wk inc flu hosp,2025-11-08,12,quantile,0.25,225.12232467764915
2025-10-18,2,wk inc flu hosp,2025-11-08,12,quantile,0.3,229.81534238491125
2025-10-18,2,wk inc flu hosp,2025-11-08,12,quantile,0.35,234.16412269014108
2025-10-18,2,wk inc flu hosp,2025-11-08,12,quantile,0.4,238.29068993165092
2025-10-18,2,wk inc flu hosp,2025-11-08,12,quantile,0.45,242.28319149418533
2025-10-18,2,wk inc flu hosp,2025-11-08,12,quantile,0.5,246.21239345282848
2025-10-18,2,wk inc flu hosp,2025-11-08,12,quantile,0.55,250.14159541147163
2025-10-18,2,wk inc flu hosp,2025-11-08,12,quantile,0.6,254.13409697400604
2025-10-18,2,wk inc flu hosp,2025-11-08,12,quantile,0.65,258.2606642155159
2025-10-18,2,wk inc flu hosp,2025-11-08,12,quantile,0.7,262.6094445207457
2025-10-18,2,wk inc flu hosp,2025-11-08,12,quantile,0.75,267.3024622280078
2025-10-18,2,wk inc flu hosp,2025-11-08,12,quantile,0.8,272.52835999426804
2025-10-18,2,wk inc flu hosp,2025-11-08,12,quantile,0.85,278.6197820884034
2025-10-18,2,wk inc flu hosp,2025-11-08,12,quantile,0.9,286.28418201361393
2025-10-18,2,wk inc flu hosp,2025-11-08,12,quantile,0.95,297.6439772647766
2025-10-18,2,wk inc flu hosp,2025-11-08,12,quantile,0.975,307.49690551369747
2025-10-18,2,wk inc flu hosp,2025-11-08,12,quantile,0.99,318.95306392891865
2025-10-25,2,wk inc flu hosp,2025-11-15,12,quantile,0.01,129.30230817593394
2025-10-25,2,wk inc flu hosp,2025-11-15,12,quantile,0.025,139.92962968136794
2025-10-25,2,wk inc flu hosp,2025-11-15,12,quantile,0.05,149.0697124627069
2025-10-25,2,wk inc flu hosp,2025-11-15,12,quantile,0.1,159.60764254314364
2025-10-25,2,wk inc flu hosp,2025-11-15,12,quantile,0.15,166.71753393947904
2025-10-25,2,wk inc flu hosp,2025-11-15,12,quantile,0.2,172.36825023314248
2025-10-25,2,wk inc flu hosp,2025-11-15,12,quantile,0.25,177.2160616637864
2025-10-25,2,wk inc flu hosp,2025-11-15,12,quantile,0.3,181.5695461564156
2025-10-25,2,wk inc flu hosp,2025-11-15,12,quantile,0.35,185.60369833772378
2025-10-25,2,wk inc flu hosp,2025-11-15,12,quantile,0.4,189.43171425718333
2025-10-25,2,wk inc flu hosp,2025-11-15,12,quantile,0.45,193.13536396052774
2025-10-25,2,wk inc flu hosp,2025-11-15,12,quantile,0.5,196.780293697079
2025-10-25,2,wk inc flu hosp,2025-11-15,12,quantile,0.55,200.42522343363026
2025-10-25,2,wk inc flu hosp,2025-11-15,12,quantile,0.6,204.12887313697468
2025-10-25,2,wk inc flu hosp,2025-11-15,12,quantile,0.65,207.95688905643422
2025-10-25,2,wk inc flu hosp,2025-11-15,12,quantile,0.7,211.9910412377424
2025-10-25,2,wk inc flu hosp,2025-11-15,12,quantile,0.75,216.3445257303716
2025-10-25,2,wk inc flu hosp,2025-11-15,12,quantile,0.8,221.19233716101553
2025-10-25,2,wk inc flu hosp,2025-11-15,12,quantile,0.85,226.84305345467897
2025-10-25,2,wk inc flu hosp,2025-11-15,12,quantile,0.9,233.95294485101437
2025-10-25,2,wk inc flu hosp,2025-11-15,12,quantile,0.95,244.49087493145112
2025-10-25,2,wk inc flu hosp,2025-11-15,12,quantile,0.975,253.63095771279006
2025-10-25,2,wk inc flu hosp,2025-11-15,12,quantile,0.99,264.25827921822406
2025-11-01,2,wk inc flu hosp,2025-11-22,12,quantile,0.01,351.32473373524414
2025-11-01,2,wk inc flu hosp,2025-11-22,12,quantile,0.025,351.32473373524414
2025-11-01,2,wk inc flu hosp,2025-11-22,12,quantile,0.05,354.3311713980919
2025-11-01,2,wk inc flu hosp,2025-11-22,12,quantile,0.1,362.69822277523974
2025-11-01,2,wk inc flu hosp,2025-11-22,12,quantile,0.15,371.2622947190673
2025-11-01,2,wk inc flu hosp,2025-11-22,12,quantile,0.2,380.0280265107199
2025-11-01,2,wk inc flu hosp,2025-11-22,12,quantile,0.25,389.0001666733872
2025-11-01,2,wk inc flu hosp,2025-11-22,12,quantile,0.3,465.03459299725347
2025-11-01,2,wk inc flu hosp,2025-11-22,12,quantile,0.35,497.4493366708992
2025-11-01,2,wk inc flu hosp,2025-11-22,12,quantile,0.4,523.485226502418
2025-11-01,2,wk inc flu hosp,2025-11-22,12,quantile,0.45,576.5113580089304
2025-11-01,2,wk inc flu hosp,2025-11-22,12,quantile,0.5,658.1489271701322
2025-11-01,2,wk inc flu hosp,2025-11-22,12,quantile,0.55,659.3048287970959
2025-11-01,2,wk inc flu hosp,2025-11-22,12,quantile,0.6,660.4627574448383
2025-11-01,2,wk inc flu hosp,2025-11-22,12,quantile,0.65,661.6227166679979
2025-11-01,2,wk inc flu hosp,2025-11-22,12,quantile,0.7,662.7847100274469
2025-11-01,2,wk inc flu hosp,2025-11-22,12,quantile,0.75,663.9487410903037
2025-11-01,2,wk inc flu hosp,2025-11-22,12,quantile,0.8,665.1148134299401
2025-11-01,2,wk inc flu hosp,2025-11-22,12,quantile,0.85,666.2829306259952
2025-11-01,2,wk inc flu hosp,2025-11-22,12,quantile,0.9,667.4530962643851
2025-11-01,2,wk inc flu hosp,2025-11-22,12,quantile,0.95,668.6253139373139
2025-11-01,2,wk inc flu hosp,2025-11-22,12,quantile,0.975,669.2121934110173
2025-11-01,2,wk inc flu hosp,2025-11-22,12,quantile,0.99,669.5645679585086
2025-09-20,2,wk inc flu hosp,2025-10-11,13,quantile,0.01,0.0
2025-09-20,2,wk inc flu hosp,2025-10-11,13,quantile,0.025,0.0
2025-09-20,2,wk inc flu hosp,2025-10-11,13,quantile,0.05,0.0
2025-09-20,2,wk inc flu hosp,2025-10-11,13,quantile,0.1,0.0
2025-09-20,2,wk inc flu hosp,2025-10-11,13,quantile,0.15,0.0
2025-09-20,2,wk inc flu hosp,2025-10-11,13,quantile,0.2,0.0
2025-09-20,2,wk inc flu hosp,2025-10-11,13,quantile,0.25,0.0
2025-09-20,2,wk inc flu hosp,2025-10-11,13,quantile,0.3,0.3045970826480229
2025-09-20,2,wk inc flu hosp,2025-10-11,13,quantile,0.35,5.306716017624391
2025-09-20,2,wk inc flu hosp,2025-10-11,13,quantile,0.4,10.053237728639811
2025-09-20,2,wk inc flu hosp,2025-10-11,13,quantile,0.45,14.64555241509547
2025-09-20,2,wk inc flu hosp,2025-10-11,13,quantile,0.5,19.16505768719186
2025-09-20,2,wk inc flu hosp,2025-10-11,13,quantile,0.55,23.68456295928826
2025-09-20,2,wk inc flu hosp,2025-10-11,13,quantile,0.6,28.276877645743912
2025-09-20,2,wk inc flu hosp,2025-10-11,13,quantile,0.65,33.023399356759334
2025-09-20,2,wk inc flu hosp,2025-10-11,13,quantile,0.7,38.02551829173569
2025-09-20,2,wk inc flu hosp,2025-10-11,13,quantile,0.75,43.42359110480565
2025-09-20,2,wk inc flu hosp,2025-10-11,13,quantile,0.8,49.43460116604618
2025-09-20,2,wk inc flu hosp,2025-10-11,13,quantile,0.85,56.44116752704734
2025-09-20,2,wk inc flu hosp,2025-10-11,13,quantile,0.9,65.25702790634072
2025-09-20,2,wk inc flu hosp,2025-10-11,13,quantile,0.95,78.32346100597564
2025-09-20,2,wk inc flu hosp,2025-10-11,13,quantile,0.975,89.65664307075367
2025-09-20,2,wk inc flu hosp,2025-10-11,13,quantile,0.99,102.83391644599227
2025-09-27,2,wk inc flu hosp,2025-10-18,13,quantile,0.01,0.0
2025-09-27,2,wk inc flu hosp,2025-10-18,13,quantile,0.025,0.0
2025-09-27,2,wk inc flu hosp,2025-10-18,13,quantile,0.05,0.0
2025-09-27,2,wk inc flu hosp,2025-10-18,13,quantile,0.1,0.0
2025-09-27,2,wk inc flu hosp,2025-10-18,13,quantile,0.15,0.0
2025-09-27,2,wk inc flu hosp,2025-10-18,13,quantile,0.2,0.0
2025-09-27,2,wk inc flu hosp,2025-10-18,13,quantile,0.25,0.0
2025-09-27,2,wk inc flu hosp,2025-10-18,13,quantile,0.3,0.0
2025-09-27,2,wk inc flu hosp,2025-10-18,13,quantile,0.35,0.24090948626820463
2025-09-27,2,wk inc flu hosp,2025-10-18,13,quantile,0.4,6.839577649856606
2025-09-27,2,wk inc flu hosp,2025-10-18,13,quantile,0.45,13.223865463892892
2025-09-27,2,wk inc flu hosp,2025-10-18,13,quantile,0.5,19.506932806646592
2025-09-27,2,wk inc flu hosp,2025-10-18,13,quantile,0.55,25.7900001494003
2025-09-27,2,wk inc flu hosp,2025-10-18,13,quantile,0.6,32.174287963436576
2025-09-27,2,wk inc flu hosp,2025-10-18,13,quantile,0.65,38.77295612702498
2025-09-27,2,wk inc flu hosp,2025-10-18,13,quantile,0.7,45.72695844204863
2025-09-27,2,wk inc flu hosp,2025-10-18,13,quantile,0.75,53.23142031645068
2025-09-27,2,wk inc flu hosp,2025-10-18,13,quantile,0.8,61.58799448529231
2025-09-27,2,wk inc flu hosp,2025-10-18,13,quantile,0.85,71.32860228133609
2025-09-27,2,wk inc flu hosp,2025-10-18,13,quantile,0.9,83.5845110838766
2025-09-27,2,wk inc flu hosp,2025-10-18,13,quantile,0.95,101.7496141542202
2025-09-27,2,wk inc flu hosp,2025-10-18,13,quantile,0.975,117.50513203364929
2025-09-27,2,wk inc flu hosp,2025-10-18,13,quantile,0.99,135.82432650868864
2025-10-04,2,wk inc flu hosp,2025-10-25,13,quantile,0.01,0.0
2025-10-04,2,wk inc flu hosp,2025-10-25,13,quantile,0.025,0.0
2025-10-04,2,wk inc flu hosp,2025-10-25,13,quantile,0.05,0.0
2025-10-04,2,wk inc flu hosp,2025-10-25,13,quantile,0.1,0.0
2025-10-04,2,wk inc flu hosp,2025-10-25,13,quantile,0.15,0.0
2025-10-04,2,wk inc flu hosp,2025-10-25,13,quantile,0.2,0.0
2025-10-04,2,wk inc flu hosp,2025-10-25,13,quantile,0.25,0.0
2025-10-04,2,wk inc flu hosp,2025-10-25,13,quantile,0.3,0.0
2025-10-04,2,wk inc flu hosp,2025-10-25,13,quantile,0.35,0.13289978125329682
2025-10-04,2,wk inc flu hosp,2025-10-25,13,quantile,0.4,6.648934568145295
2025-10-04,2,wk inc flu hosp,2025-10-25,13,quantile,0.45,12.953273633919533
2025-10-04,2,wk inc flu hosp,2025-10-25,13,quantile,0.5,19.157659785609933
2025-10-04,2,wk inc flu hosp,2025-10-25,13,quantile,0.55,25.36204593730034
2025-10-04,2,wk inc flu hosp,2025-10-25,13,quantile,0.6,31.666385003074573
2025-10-04,2,wk inc flu hosp,2025-10-25,13,quantile,0.65,38.18241978996657
2025-10-04,2,wk inc flu hosp,2025-10-25,13,quantile,0.7,45.04933897266727
2025-10-04,2,wk inc flu hosp,2025-10-25,13,quantile,0.75,52.459824455228144
2025-10-04,2,wk inc flu hosp,2025-10-25,13,quantile,0.8,60.71175145526749
2025-10-04,2,wk inc flu hosp,2025-10-25,13,quantile,0.85,70.33038019533997
2025-10-04,2,wk inc flu hosp,2025-10-25,13,quantile,0.9,82.43281149246123
2025-10-04,2,wk inc flu hosp,2025-10-25,13,quantile,0.95,100.37043777998622
2025-10-04,2,wk inc flu hosp,2025-10-25,13,quantile,0.975,115.92865347483784
2025-10-04,2,wk inc flu hosp,2025-10-25,13,quantile,0.99,134.01844152114
2025-10-11,2,wk inc flu hosp,2025-11-01,13,quantile,0.01,0.0
2025-10-11,2,wk inc flu hosp,2025-11-01,13,quantile,0.025,0.0
2025-10-11,2,wk inc flu hosp,2025-11-01,13,quantile,0.05,0.0
2025-10-11,2,wk inc flu hosp,2025-11-01,13,quantile,0.1,0.0
2025-10-11,2,wk inc flu hosp,2025-11-01,13,quantile,0.15,0.0
2025-10-11,2,wk inc flu hosp,2025-11-01,13,quantile,0.2,0.0
2025-10-11,2,wk inc flu hosp,2025-11-01,13,quantile,0.25,0.0
2025-10-11,2,wk inc flu hosp,2025-11-01,13,quantile,0.3,0.0
2025-10-11,2,wk inc flu hosp,2025-11-01,13,quantile,0.35,2.7785569682646383
2025-10-11,2,wk inc flu hosp,2025-11-01,13,quantile,0.4,8.886414953373048
2025-10-11,2,wk inc flu hosp,2025-11-01,13,quantile,0.45,14.79583823963002
2025-10-11,2,wk inc flu hosp,2025-11-01,13,quantile,0.5,20.61156985228667
2025-10-11,2,wk inc flu hosp,2025-11-01,13,quantile,0.55,26.427301464943326
2025-10-11,2,wk inc flu hosp,2025-11-01,13,quantile,0.6,32.33672475120029
2025-10-11,2,wk inc flu hosp,2025-11-01,13,quantile,0.65,38.4445827363087
2025-10-11,2,wk inc flu hosp,2025-11-01,13,quantile,0.7,44.88134505186994
2025-10-11,2,wk inc flu hosp,2025-11-01,13,quantile,0.75,51.827623641303084
2025-10-11,2,wk inc flu hosp,2025-11-01,13,quantile,0.8,59.56263425252826
2025-10-11,2,wk inc flu hosp,2025-11-01,13,quantile,0.85,68.57873380958219
2025-10-11,2,wk inc flu hosp,2025-11-01,13,quantile,0.9,79.92304581142251
2025-10-11,2,wk inc flu hosp,2025-11-01,13,quantile,0.95,96.73702510056745
2025-10-11,2,wk inc flu hosp,2025-11-01,13,quantile,0.975,111.32064459827188
2025-10-11,2,wk inc flu hosp,2025-11-01,13,quantile,0.99,128.2772539444639
2025-10-18,2,wk inc flu hosp,2025-11-08,13,quantile,0.01,0.0
2025-10-18,2,wk inc flu hosp,2025-11-08,13,quantile,0.025,0.0
2025-10-18,2,wk inc flu hosp,2025-11-08,13,quantile,0.05,0.0
2025-10-18,2,wk inc flu hosp,2025-11-08,13,quantile,0.1,0.0
2025-10-18,2,wk inc flu hosp,2025-11-08,13,quantile,0.15,0.0
2025-10-18,2,wk inc flu hosp,2025-11-08,13,quantile,0.2,0.0
2025-10-18,2,wk inc flu hosp,2025-11-08,13,quantile,0.25,0.0
2025-10-18,2,wk inc flu hosp,2025-11-08,13,quantile,0.3,0.0
2025-10-18,2,wk inc flu hosp,2025-11-08,13,quantile,0.35,5.54292535901698
2025-10-18,2,wk inc flu hosp,2025-11-08,13,quantile,0.4,12.141593522605381
2025-10-18,2,wk inc flu hosp,2025-11-08,13,quantile,0.45,18.525881336641667
2025-10-18,2,wk inc flu hosp,2025-11-08,13,quantile,0.5,24.808948679395368
2025-10-18,2,wk inc flu hosp,2025-11-08,13,quantile,0.55,31.092016022149075
2025-10-18,2,wk inc flu hosp,2025-11-08,13,quantile,0.6,37.47630383618535
2025-10-18,2,wk inc flu hosp,2025-11-08,13,quantile,0.65,44.07497199977375
2025-10-18,2,wk inc flu hosp,2025-11-08,13,quantile,0.7,51.0289743147974
2025-10-18,2,wk inc flu hosp,2025-11-08,13,quantile,0.75,58.53343618919945
2025-10-18,2,wk inc flu hosp,2025-11-08,13,quantile,0.8,66.89001035804108
2025-10-18,2,wk inc flu hosp,2025-11-08,13,quantile,0.85,76.63061815408486
2025-10-18,2,wk inc flu hosp,2025-11-08,13,quantile,0.9,88.88652695662539
2025-10-18,2,wk inc flu hosp,2025-11-08,13,quantile,0.95,107.05163002696898
2025-10-18,2,wk inc flu hosp,2025-11-08,13,quantile,0.975,122.80714790639807
2025-10-18,2,wk inc flu hosp,2025-11-08,13,quantile,0.99,141.1263423814374
2025-10-25,2,wk inc flu hosp,2025-11-15,13,quantile,0.01,0.0
2025-10-25,2,wk inc flu hosp,2025-11-15,13,quantile,0.025,0.0
2025-10-25,2,wk inc flu hosp,2025-11-15,13,quantile,0.05,0.0
2025-10-25,2,wk inc flu hosp,2025-11-15,13,quantile,0.1,0.0
2025-10-25,2,wk inc flu hosp,2025-11-15,13,quantile,0.15,0.0
2025-10-25,2,wk inc flu hosp,2025-11-15,13,quantile,0.2,0.0
2025-10-25,2,wk inc flu hosp,2025-11-15,13,quantile,0.25,1.8233561982084936
2025-10-25,2,wk inc flu hosp,2025-11-15,13,quantile,0.3,9.327818072610533
2025-10-25,2,wk inc flu hosp,2025-11-15,13,quantile,0.35,16.28182038763419
2025-10-25,2,wk inc flu hosp,2025-11-15,13,quantile,0.4,22.88048855122259
2025-10-25,2,wk inc flu hosp,2025-11-15,13,quantile,0.45,29.26477636525888
2025-10-25,2,wk inc flu hosp,2025-11-15,13,quantile,0.5,35.54784370801258
2025-10-25,2,wk inc flu hosp,2025-11-15,13,quantile,0.55,41.83091105076629
2025-10-25,2,wk inc flu hosp,2025-11-15,13,quantile,0.6,48.21519886480257
2025-10-25,2,wk inc flu hosp,2025-11-15,13,quantile,0.65,54.813867028390966
2025-10-25,2,wk inc flu hosp,2025-11-15,13,quantile,0.7,61.76786934341462
2025-10-25,2,wk inc flu hosp,2025-11-15,13,quantile,0.75,69.27233121781666
2025-10-25,2,wk inc flu hosp,2025-11-15,13,quantile,0.8,77.62890538665829
2025-10-25,2,wk inc flu hosp,2025-11-15,13,quantile,0.85,87.36951318270206
2025-10-25,2,wk inc flu hosp,2025-11-15,13,quantile,0.9,99.6254219852426
2025-10-25,2,wk inc flu hosp,2025-11-15,13,quantile,0.95,117.79052505558619
2025-10-25,2,wk inc flu hosp,2025-11-15,13,quantile,0.975,133.5460429350153
2025-10-25,2,wk inc flu hosp,2025-11-15,13,quantile,0.99,151.86523741005462
2025-11-01,2,wk inc flu hosp,2025-11-22,13,quantile,0.01,37.41331600592622
2025-11-01,2,wk inc flu hosp,2025-11-22,13,quantile,0.025,43.777649562118874
2025-11-01,2,wk inc flu hosp,2025-11-22,13,quantile,0.05,64.5427456296251
2025-11-01,2,wk inc flu hosp,2025-11-22,13,quantile,0.1,66.02336889762718
2025-11-01,2,wk inc flu hosp,2025-11-22,13,quantile,0.15,67.53743973088899
2025-11-01,2,wk inc flu hosp,2025-11-22,13,quantile,0.2,71.2253202054871
2025-11-01,2,wk inc flu hosp,2025-11-22,13,quantile,0.25,76.03175377305695
2025-11-01,2,wk inc flu hosp,2025-11-22,13,quantile,0.3,76.77930259234064
2025-11-01,2,wk inc flu hosp,2025-11-22,13,quantile,0.35,77.53410594251375
2025-11-01,2,wk inc flu hosp,2025-11-22,13,quantile,0.4,78.29623422462181
2025-11-01,2,wk inc flu hosp,2025-11-22,13,quantile,0.45,79.0657585229118
2025-11-01,2,wk inc flu hosp,2025-11-22,13,quantile,0.5,79.84275061146258
2025-11-01,2,wk inc flu hosp,2025-11-22,13,quantile,0.55,80.62728296087909
2025-11-01,2,wk inc flu hosp,2025-11-22,13,quantile,0.6,81.41942874505158
2025-11-01,2,wk inc flu hosp,2025-11-22,13,quantile,0.65,82.219261847981
2025-11-01,2,wk inc flu hosp,2025-11-22,13,quantile,0.7,83.02685687066992
2025-11-01,2,wk inc flu hosp,2025-11-22,13,quantile,0.75,83.91476647800809
2025-11-01,2,wk inc flu hosp,2025-11-22,13,quantile,0.8,85.66626614510734
2025-11-01,2,wk inc flu hosp,2025-11-22,13,quantile,0.85,87.45389322809764
2025-11-01,2,wk inc flu hosp,2025-11-22,13,quantile,0.9,89.27839291135083
2025-11-01,2,wk inc flu hosp,2025-11-22,13,quantile,0.95,91.14052574982989
2025-11-01,2,wk inc flu hosp,2025-11-22,13,quantile,0.975,92.08594655648989
2025-11-01,2,wk inc flu hosp,2025-11-22,13,quantile,0.99,92.65784899206733
2025-09-20,2,wk inc flu hosp,2025-10-11,15,quantile,0.01,0.0
2025-09-20,2,wk inc flu hosp,2025-10-11,15,quantile,0.025,0.0
2025-09-20,2,wk inc flu hosp,2025-10-11,15,quantile,0.05,0.0
2025-09-20,2,wk inc flu hosp,2025-10-11,15,quantile,0.1,0.0
2025-09-20,2,wk inc flu hosp,2025-10-11,15,quantile,0.15,0.0
2025-09-20,2,wk inc flu hosp,2025-10-11,15,quantile,0.2,0.0
2025-09-20,2,wk inc flu hosp,2025-10-11,15,quantile,0.25,0.0
2025-09-20,2,wk inc flu hosp,2025-10-11,15,quantile,0.3,0.0
2025-09-20,2,wk inc flu hosp,2025-10-11,15,quantile,0.35,0.0
2025-09-20,2,wk inc flu hosp,2025-10-11,15,quantile,0.4,0.0
2025-09-20,2,wk inc flu hosp,2025-10-11,15,quantile,0.45,0.0
2025-09-20,2,wk inc flu hosp,2025-10-11,15,quantile,0.5,1.013166938380595
2025-09-20,2,wk inc flu hosp,2025-10-11,15,quantile,0.55,2.624117324154066
2025-09-20,2,wk inc flu hosp,2025-10-11,15,quantile,0.6,4.261020186379804
2025-09-20,2,wk inc flu hosp,2025-10-11,15,quantile,0.65,5.952889212100757
2025-09-20,2,wk inc flu hosp,2025-10-11,15,quantile,0.7,7.735864326155028
2025-09-20,2,wk inc flu hosp,2025-10-11,15,quantile,0.75,9.65997481106539
2025-09-20,2,wk inc flu hosp,2025-10-11,15,quantile,0.8,11.802563079925163
2025-09-20,2,wk inc flu hosp,2025-10-11,15,quantile,0.85,14.300011385139022
2025-09-20,2,wk inc flu hosp,2025-10-11,15,quantile,0.9,17.442371626785583
2025-09-20,2,wk inc flu hosp,2025-10-11,15,quantile,0.95,22.099822868738944
2025-09-20,2,wk inc flu hosp,2025-10-11,15,quantile,0.975,26.139467236899275
2025-09-20,2,wk inc flu hosp,2025-10-11,15,quantile,0.99,30.836426826336016
2025-09-27,2,wk inc flu hosp,2025-10-18,15,quantile,0.01,0.0
2025-09-27,2,wk inc flu hosp,2025-10-18,15,quantile,0.025,0.0
2025-09-27,2,wk inc flu hosp,2025-10-18,15,quantile,0.05,0.0
2025-09-27,2,wk inc flu hosp,2025-10-18,15,quantile,0.1,0.0
2025-09-27,2,wk inc flu hosp,2025-10-18,15,quantile,0.15,0.0
2025-09-27,2,wk inc flu hosp,2025-10-18,15,quantile,0.2,0.0
2025-09-27,2,wk inc flu hosp,2025-10-18,15,quantile,0.25,0.0
2025-09-27,2,wk inc flu hosp,2025-10-18,15,quantile,0.3,0.0
2025-09-27,2,wk inc flu hosp,2025-10-18,15,quantile,0.35,0.0
2025-09-27,2,wk inc flu hosp,2025-10-18,15,quantile,0.4,0.02604641411194164
2025-09-27,2,wk inc flu hosp,2025-10-18,15,quantile,0.45,1.8468929402149379
2025-09-27,2,wk inc flu hosp,2025-10-18,15,quantile,0.5,3.638870632569526
2025-09-27,2,wk inc flu hosp,2025-10-18,15,quantile,0.55,5.430848324924116
2025-09-27,2,wk inc flu hosp,2025-10-18,15,quantile,0.6,7.251694851027111
2025-09-27,2,wk inc flu hosp,2025-10-18,15,quantile,0.65,9.133684252595165
2025-09-27,2,wk inc flu hosp,2025-10-18,15,quantile,0.7,11.117017605766426
2025-09-27,2,wk inc flu hosp,2025-10-18,15,quantile,0.75,13.257346132972717
2025-09-27,2,wk inc flu hosp,2025-10-18,15,quantile,0.8,15.640703445279946
2025-09-27,2,wk inc flu hosp,2025-10-18,15,quantile,0.85,18.418797476154296
2025-09-27,2,wk inc flu hosp,2025-10-18,15,quantile,0.9,21.914274124039366
2025-09-27,2,wk inc flu hosp,2025-10-18,15,quantile,0.95,27.09509707334602
2025-09-27,2,wk inc flu hosp,2025-10-18,15,quantile,0.975,31.588688345130286
2025-09-27,2,wk inc flu hosp,2025-10-18,15,quantile,0.99,36.81345931293412
2025-10-04,2,wk inc flu hosp,2025-10-25,15,quantile,0.01,0.0
2025-10-04,2,wk inc flu hosp,2025-10-25,15,quantile,0.025,0.0
2025-10-04,2,wk inc flu hosp,2025-10-25,15,quantile,0.05,0.0
2025-10-04,2,wk inc flu hosp,2025-10-25,15,quantile,0.1,0.0
2025-10-04,2,wk inc flu hosp,2025-10-25,15,quantile,0.15,0.0
2025-10-04,2,wk inc flu hosp,2025-10-25,15,quantile,0.2,0.0
2025-10-04,2,wk inc flu hosp,2025-10-25,15,quantile,0.25,0.0
2025-10-04,2,wk inc flu hosp,2025-10-25,15,quantile,0.3,0.0
2025-10-04,2,wk inc flu hosp,2025-10-25,15,quantile,0.35,0.0
2025-10-04,2,wk inc flu hosp,2025-10-25,15,quantile,0.4,0.0
2025-10-04,2,wk inc flu hosp,2025-10-25,15,quantile,0.45,0.0
2025-10-04,2,wk inc flu hosp,2025-10-25,15,quantile,0.5,0.9752987832769451
2025-10-04,2,wk inc flu hosp,2025-10-25,15,quantile,0.55,2.691850618302718
2025-10-04,2,wk inc flu hosp,2025-10-25,15,quantile,0.6,4.4360561734374535
2025-10-04,2,wk inc flu hosp,2025-10-25,15,quantile,0.65,6.238831048673711
2025-10-04,2,wk inc flu hosp,2025-10-25,15,quantile,0.7,8.138684222839384
2025-10-04,2,wk inc flu hosp,2025-10-25,15,quantile,0.75,10.188924511325617
2025-10-04,2,wk inc flu hosp,2025-10-25,15,quantile,0.8,12.471964297712383
2025-10-04,2,wk inc flu hosp,2025-10-25,15,quantile,0.85,15.13312600018066
2025-10-04,2,wk inc flu hosp,2025-10-25,15,quantile,0.9,18.481475078306104
2025-10-04,2,wk inc flu hosp,2025-10-25,15,quantile,0.95,23.44423280599339
2025-10-04,2,wk inc flu hosp,2025-10-25,15,quantile,0.975,27.74868501895697
2025-10-04,2,wk inc flu hosp,2025-10-25,15,quantile,0.99,32.75354095585687
2025-10-11,2,wk inc flu hosp,2025-11-01,15,quantile,0.01,0.0
2025-10-11,2,wk inc flu hosp,2025-11-01,15,quantile,0.025,0.0
2025-10-11,2,wk inc flu hosp,2025-11-01,15,quantile,0.05,0.0
2025-10-11,2,wk inc flu hosp,2025-11-01,15,quantile,0.1,0.0
2025-10-11,2,wk inc flu hosp,2025-11-01,15,quantile,0.15,0.0
2025-10-11,2,wk inc flu hosp,2025-11-01,15,quantile,0.2,0.0
2025-10-11,2,wk inc flu hosp,2025-11-01,15,quantile,0.25,0.0
2025-10-11,2,wk inc flu hosp,2025-11-01,15,quantile,0.3,0.0
2025-10-11,2,wk inc flu hosp,2025-11-01,15,quantile,0.35,0.0
2025-10-11,2,wk inc flu hosp,2025-11-01,15,quantile,0.4,0.0
2025-10-11,2,wk inc flu hosp,2025-11-01,15,quantile,0.45,1.1514498749960351
2025-10-11,2,wk inc flu hosp,2025-11-01,15,quantile,0.5,2.8506307823179586
2025-10-11,2,wk inc flu hosp,2025-11-01,15,quantile,0.55,4.549811689639884
2025-10-11,2,wk inc flu hosp,2025-11-01,15,quantile,0.6,6.276366470716614
2025-10-11,2,wk inc flu hosp,2025-11-01,15,quantile,0.65,8.06089787005832
2025-10-11,2,wk inc flu hosp,2025-11-01,15,quantile,0.7,9.941525168568532
2025-10-11,2,wk inc flu hosp,2025-11-01,15,quantile,0.75,11.971017714341668
2025-10-11,2,wk inc flu hosp,2025-11-01,15,quantile,0.8,14.230953905331479
2025-10-11,2,wk inc flu hosp,2025-11-01,15,quantile,0.85,16.865185545684195
2025-10-11,2,wk inc flu hosp,2025-11-01,15,quantile,0.9,20.179650456389503
2025-10-11,2,wk inc flu hosp,2025-11-01,15,quantile,0.95,25.092186743663326
2025-10-11,2,wk inc flu hosp,2025-11-01,15,quantile,0.975,29.353079346791446
2025-10-11,2,wk inc flu hosp,2025-11-01,15,quantile,0.99,34.30728782354823
2025-10-18,2,wk inc flu hosp,2025-11-08,15,quantile,0.01,0.0
2025-10-18,2,wk inc flu hosp,2025-11-08,15,quantile,0.025,0.0
2025-10-18,2,wk inc flu hosp,2025-11-08,15,quantile,0.05,0.0
2025-10-18,2,wk inc flu hosp,2025-11-08,15,quantile,0.1,0.0
2025-10-18,2,wk inc flu hosp,2025-11-08,15,quantile,0.15,0.0
2025-10-18,2,wk inc flu hosp,2025-11-08,15,quantile,0.2,0.0
2025-10-18,2,wk inc flu hosp,2025-11-08,15,quantile,0.25,0.0
2025-10-18,2,wk inc flu hosp,2025-11-08,15,quantile,0.3,0.0
2025-10-18,2,wk inc flu hosp,2025-11-08,15,quantile,0.35,0.0
2025-10-18,2,wk inc flu hosp,2025-11-08,15,quantile,0.4,1.8368375601350273
2025-10-18,2,wk inc flu hosp,2025-11-08,15,quantile,0.45,3.9027419920607085
2025-10-18,2,wk inc flu hosp,2025-11-08,15,quantile,0.5,5.935892289725
2025-10-18,2,wk inc flu hosp,2025-11-08,15,quantile,0.55,7.9690425873892945
2025-10-18,2,wk inc flu hosp,2025-11-08,15,quantile,0.6,10.034947019314973
2025-10-18,2,wk inc flu hosp,2025-11-08,15,quantile,0.65,12.170223216292314
2025-10-18,2,wk inc flu hosp,2025-11-08,15,quantile,0.7,14.420482700309233
2025-10-18,2,wk inc flu hosp,2025-11-08,15,quantile,0.75,16.848866491443935
2025-10-18,2,wk inc flu hosp,2025-11-08,15,quantile,0.8,19.55298700010424
2025-10-18,2,wk inc flu hosp,2025-11-08,15,quantile,0.85,22.704969711669115
2025-10-18,2,wk inc flu hosp,2025-11-08,15,quantile,0.9,26.670883694553588
2025-10-18,2,wk inc flu hosp,2025-11-08,15,quantile,0.95,32.54896564081284
2025-10-18,2,wk inc flu hosp,2025-11-08,15,quantile,0.975,37.6473251074451
2025-10-18,2,wk inc flu hosp,2025-11-08,15,quantile,0.99,43.57526979879907
2025-10-25,2,wk inc flu hosp,2025-11-15,15,quantile,0.01,0.0
2025-10-25,2,wk inc flu hosp,2025-11-15,15,quantile,0.025,0.0
2025-10-25,2,wk inc flu hosp,2025-11-15,15,quantile,0.05,0.0
2025-10-25,2,wk inc flu hosp,2025-11-15,15,quantile,0.1,0.0
2025-10-25,2,wk inc flu hosp,2025-11-15,15,quantile,0.15,0.0
2025-10-25,2,wk inc flu hosp,2025-11-15,15,quantile,0.2,0.32687493891578434
2025-10-25,2,wk inc flu hosp,2025-11-15,15,quantile,0.25,1.9411031667015557
2025-10-25,2,wk inc flu hosp,2025-11-15,15,quantile,0.3,3.3907300050739
2025-10-25,2,wk inc flu hosp,2025-11-15,15,quantile,0.35,4.734025308411683
2025-10-25,2,wk inc flu hosp,2025-11-15,15,quantile,0.4,6.00868119014512
2025-10-25,2,wk inc flu hosp,2025-11-15,15,quantile,0.45,7.24192550719456
2025-10-25,2,wk inc flu hosp,2025-11-15,15,quantile,0.5,8.455617201521719
2025-10-25,2,wk inc flu hosp,2025-11-15,15,quantile,0.55,9.669308895848879
2025-10-25,2,wk inc flu hosp,2025-11-15,15,quantile,0.6,10.902553212898317
2025-10-25,2,wk inc flu hosp,2025-11-15,15,quantile,0.65,12.177209094631754
2025-10-25,2,wk inc flu hosp,2025-11-15,15,quantile,0.7,13.520504397969535
2025-10-25,2,wk inc flu hosp,2025-11-15,15,quantile,0.75,14.970131236341881
2025-10-25,2,wk inc flu hosp,2025-11-15,15,quantile,0.8,16.58435946412765
2025-10-25,2,wk inc flu hosp,2025-11-15,15,quantile,0.85,18.465939611981902
2025-10-25,2,wk inc flu hosp,2025-11-15,15,quantile,0.9,20.833397082771203
2025-10-25,2,wk inc flu hosp,2025-11-15,15,quantile,0.95,24.342325687284657
2025-10-25,2,wk inc flu hosp,2025-11-15,15,quantile,0.975,27.385797951216386
2025-10-25,2,wk inc flu hosp,2025-11-15,15,quantile,0.99,30.92449218577073
2025-11-01,2,wk inc flu hosp,2025-11-22,15,quantile,0.01,10.822025275352777
2025-11-01,2,wk inc flu hosp,2025-11-22,15,quantile,0.025,10.822025275352777
2025-11-01,2,wk inc flu hosp,2025-11-22,15,quantile,0.05,10.822025275352777
2025-11-01,2,wk inc flu hosp,2025-11-22,15,quantile,0.1,10.822025275352777
2025-11-01,2,wk inc flu hosp,2025-11-22,15,quantile,0.15,10.822025275352777
2025-11-01,2,wk inc flu hosp,2025-11-22,15,quantile,0.2,10.822025275352777
2025-11-01,2,wk inc flu hosp,2025-11-22,15,quantile,0.25,10.822025275352777
2025-11-01,2,wk inc flu hosp,2025-11-22,15,quantile,0.3,16.84039235676834
2025-11-01,2,wk inc flu hosp,2025-11-22,15,quantile,0.35,17.42820087527448
2025-11-01,2,wk inc flu hosp,2025-11-22,15,quantile,0.4,18.035376616626326
2025-11-01,2,wk inc flu hosp,2025-11-22,15,quantile,0.45,18.66255769563329
2025-11-01,2,wk inc flu hosp,2025-11-22,15,quantile,0.5,19.310403251828518
2025-11-01,2,wk inc flu hosp,2025-11-22,15,quantile,0.55,19.97959414219536
2025-11-01,2,wk inc flu hosp,2025-11-22,15,quantile,0.6,20.670833656717885
2025-11-01,2,wk inc flu hosp,2025-11-22,15,quantile,0.65,21.384848257507514
2025-11-01,2,wk inc flu hosp,2025-11-22,15,quantile,0.7,22.122388342282516
2025-11-01,2,wk inc flu hosp,2025-11-22,15,quantile,0.75,22.88422903300277
2025-11-01,2,wk inc flu hosp,2025-11-22,15,quantile,0.8,23.748105922230106
2025-11-01,2,wk inc flu hosp,2025-11-22,15,quantile,0.85,25.198058024474467
2025-11-01,2,wk inc flu hosp,2025-11-22,15,quantile,0.9,26.73296051061525
2025-11-01,2,wk inc flu hosp,2025-11-22,15,quantile,0.95,39.29493818889997
2025-11-01,2,wk inc flu hosp,2025-11-22,15,quantile,0.975,54.37664980240069
2025-11-01,2,wk inc flu hosp,2025-11-22,15,quantile,0.99,66.0150565802256
2025-09-20,2,wk inc flu hosp,2025-10-11,16,quantile,0.01,0.0
2025-09-20,2,wk inc flu hosp,2025-10-11,16,quantile,0.025,0.0
2025-09-20,2,wk inc flu hosp,2025-10-11,16,quantile,0.05,0.0
2025-09-20,2,wk inc flu hosp,2025-10-11,16,quantile,0.1,0.0
2025-09-20,2,wk inc flu hosp,2025-10-11,16,quantile,0.15,0.0
2025-09-20,2,wk inc flu hosp,2025-10-11,16,quantile,0.2,0.0
2025-09-20,2,wk inc flu hosp,2025-10-11,16,quantile,0.25,0.0
2025-09-20,2,wk inc flu hosp,2025-10-11,16,quantile,0.3,0.0
2025-09-20,2,wk inc flu hosp,2025-10-11,16,quantile,0.35,0.0
2025-09-20,2,wk inc flu hosp,2025-10-11,16,quantile,0.4,0.0
2025-09-20,2,wk inc flu hosp,2025-10-11,16,quantile,0.45,0.22094764248149956
2025-09-20,2,wk inc flu hosp,2025-10-11,16,quantile,0.5,2.1124299241361766
2025-09-20,2,wk inc flu hosp,2025-10-11,16,quantile,0.55,4.003912205790856
2025-09-20,2,wk inc flu hosp,2025-10-11,16,quantile,0.6,5.925866344188011
2025-09-20,2,wk inc flu hosp,2025-10-11,16,quantile,0.65,7.912358487765141
2025-09-20,2,wk inc flu hosp,2025-10-11,16,quantile,0.7,10.005821990209165
2025-09-20,2,wk inc flu hosp,2025-10-11,16,quantile,0.75,12.26499826422367
2025-09-20,2,wk inc flu hosp,2025-10-11,16,quantile,0.8,14.780698178522158
2025-09-20,2,wk inc flu hosp,2025-10-11,16,quantile,0.85,17.713053675238733
2025-09-20,2,wk inc flu hosp,2025-10-11,16,quantile,0.9,21.402626471608126
2025-09-20,2,wk inc flu hosp,2025-10-11,16,quantile,0.95,26.87112915153122
2025-09-20,2,wk inc flu hosp,2025-10-11,16,quantile,0.975,31.614239686802435
2025-09-20,2,wk inc flu hosp,2025-10-11,16,quantile,0.99,37.12913072225914
2025-09-27,2,wk inc flu hosp,2025-10-18,16,quantile,0.01,0.0
2025-09-27,2,wk inc flu hosp,2025-10-18,16,quantile,0.025,0.0
2025-09-27,2,wk inc flu hosp,2025-10-18,16,quantile,0.05,0.0
2025-09-27,2,wk inc flu hosp,2025-10-18,16,quantile,0.1,0.0
2025-09-27,2,wk inc flu hosp,2025-10-18,16,quantile,0.15,0.0
2025-09-27,2,wk inc flu hosp,2025-10-18,16,quantile,0.2,0.0
2025-09-27,2,wk inc flu hosp,2025-10-18,16,quantile,0.25,0.0
2025-09-27,2,wk inc flu hosp,2025-10-18,16,quantile,0.3,0.0
2025-09-27,2,wk inc flu hosp,2025-10-18,16,quantile,0.35,0.0
2025-09-27,2,wk inc flu hosp,2025-10-18,16,quantile,0.4,0.0
2025-09-27,2,wk inc flu hosp,2025-10-18,16,quantile,0.45,0.0
2025-09-27,2,wk inc flu hosp,2025-10-18,16,quantile,0.5,0.8857561835951274
2025-09-27,2,wk inc flu hosp,2025-10-18,16,quantile,0.55,2.9900921597414722
2025-09-27,2,wk inc flu hosp,2025-10-18,16,quantile,0.6,5.128329074334396
2025-09-27,2,wk inc flu hosp,2025-10-18,16,quantile,0.65,7.3383666330285875
2025-09-27,2,wk inc flu hosp,2025-10-18,16,quantile,0.7,9.66741333130824
2025-09-27,2,wk inc flu hosp,2025-10-18,16,quantile,0.75,12.180820914331484
2025-09-27,2,wk inc flu hosp,2025-10-18,16,quantile,0.8,14.97961944720247
2025-09-27,2,wk inc flu hosp,2025-10-18,16,quantile,0.85,18.24196095916897
2025-09-27,2,wk inc flu hosp,2025-10-18,16,quantile,0.9,22.346731512567395
2025-09-27,2,wk inc flu hosp,2025-10-18,16,quantile,0.95,28.43061981362406
2025-09-27,2,wk inc flu hosp,2025-10-18,16,quantile,0.975,33.70748560032254
2025-09-27,2,wk inc flu hosp,2025-10-18,16,quantile,0.99,39.84298246592693
2025-10-04,2,wk inc flu hosp,2025-10-25,16,quantile,0.01,0.0
2025-10-04,2,wk inc flu hosp,2025-10-25,16,quantile,0.025,0.0
2025-10-04,2,wk inc flu hosp,2025-10-25,16,quantile,0.05,0.0
2025-10-04,2,wk inc flu hosp,2025-10-25,16,quantile,0.1,0.0
2025-10-04,2,wk inc flu hosp,2025-10-25,16,quantile,0.15,0.0
2025-10-04,2,wk inc flu hosp,2025-10-25,16,quantile,0.2,0.0
2025-10-04,2,wk inc flu hosp,2025-10-25,16,quantile,0.25,0.0
2025-10-04,2,wk inc flu hosp,2025-10-25,16,quantile,0.3,0.0
2025-10-04,2,wk inc flu hosp,2025-10-25,16,quantile,0.35,0.0
2025-10-04,2,wk inc flu hosp,2025-10-25,16,quantile,0.4,0.0
2025-10-04,2,wk inc flu hosp,2025-10-25,16,quantile,0.45,0.0
2025-10-04,2,wk inc flu hosp,2025-10-25,16,quantile,0.5,1.5646530957489952
2025-10-04,2,wk inc flu hosp,2025-10-25,16,quantile,0.55,3.806289039779192
2025-10-04,2,wk inc flu hosp,2025-10-25,16,quantile,0.6,6.084037830341325
2025-10-04,2,wk inc flu hosp,2025-10-25,16,quantile,0.65,8.438271985620108
2025-10-04,2,wk inc flu hosp,2025-10-25,16,quantile,0.7,10.919280176978159
2025-10-04,2,wk inc flu hosp,2025-10-25,16,quantile,0.75,13.596678103910307
2025-10-04,2,wk inc flu hosp,2025-10-25,16,quantile,0.8,16.578087661366958
2025-10-04,2,wk inc flu hosp,2025-10-25,16,quantile,0.85,20.05328462507526
2025-10-04,2,wk inc flu hosp,2025-10-25,16,quantile,0.9,24.4258759407192
2025-10-04,2,wk inc flu hosp,2025-10-25,16,quantile,0.95,30.906714955831387
2025-10-04,2,wk inc flu hosp,2025-10-25,16,quantile,0.975,36.52787628813371
2025-10-04,2,wk inc flu hosp,2025-10-25,16,quantile,0.99,43.06369113154582
2025-10-11,2,wk inc flu hosp,2025-11-01,16,quantile,0.01,0.0
2025-10-11,2,wk inc flu hosp,2025-11-01,16,quantile,0.025,0.0
2025-10-11,2,wk inc flu hosp,2025-11-01,16,quantile,0.05,0.0
2025-10-11,2,wk inc flu hosp,2025-11-01,16,quantile,0.1,0.0
2025-10-11,2,wk inc flu hosp,2025-11-01,16,quantile,0.15,0.0
2025-10-11,2,wk inc flu hosp,2025-11-01,16,quantile,0.2,0.0
2025-10-11,2,wk inc flu hosp,2025-11-01,16,quantile,0.25,0.0
2025-10-11,2,wk inc flu hosp,2025-11-01,16,quantile,0.3,0.0
2025-10-11,2,wk inc flu hosp,2025-11-01,16,quantile,0.35,0.0
2025-10-11,2,wk inc flu hosp,2025-11-01,16,quantile,0.4,0.0
2025-10-11,2,wk inc flu hosp,2025-11-01,16,quantile,0.45,0.0
2025-10-11,2,wk inc flu hosp,2025-11-01,16,quantile,0.5,1.3666894827044098
2025-10-11,2,wk inc flu hosp,2025-11-01,16,quantile,0.55,2.8908106360384425
2025-10-11,2,wk inc flu hosp,2025-11-01,16,quantile,0.6,4.4394854433469355
2025-10-11,2,wk inc flu hosp,2025-11-01,16,quantile,0.65,6.040163771831812
2025-10-11,2,wk inc flu hosp,2025-11-01,16,quantile,0.7,7.727037626667214
2025-10-11,2,wk inc flu hosp,2025-11-01,16,quantile,0.75,9.547439742897293
2025-10-11,2,wk inc flu hosp,2025-11-01,16,quantile,0.8,11.57454382524097
2025-10-11,2,wk inc flu hosp,2025-11-01,16,quantile,0.85,13.937381206795145
2025-10-11,2,wk inc flu hosp,2025-11-01,16,quantile,0.9,16.910370169077705
2025-10-11,2,wk inc flu hosp,2025-11-01,16,quantile,0.95,21.316787660994905
2025-10-11,2,wk inc flu hosp,2025-11-01,16,quantile,0.975,25.13869768866079
2025-10-11,2,wk inc flu hosp,2025-11-01,16,quantile,0.99,29.582494052493885
2025-10-18,2,wk inc flu hosp,2025-11-08,16,quantile,0.01,0.0
2025-10-18,2,wk inc flu hosp,2025-11-08,16,quantile,0.025,0.0
2025-10-18,2,wk inc flu hosp,2025-11-08,16,quantile,0.05,0.0
2025-10-18,2,wk inc flu hosp,2025-11-08,16,quantile,0.1,0.0
2025-10-18,2,wk inc flu hosp,2025-11-08,16,quantile,0.15,0.0
2025-10-18,2,wk inc flu hosp,2025-11-08,16,quantile,0.2,0.0
2025-10-18,2,wk inc flu hosp,2025-11-08,16,quantile,0.25,0.0
2025-10-18,2,wk inc flu hosp,2025-11-08,16,quantile,0.3,0.8769180923947122
2025-10-18,2,wk inc flu hosp,2025-11-08,16,quantile,0.35,2.3694407082894635
2025-10-18,2,wk inc flu hosp,2025-11-08,16,quantile,0.4,3.785698716668753
2025-10-18,2,wk inc flu hosp,2025-11-08,16,quantile,0.45,5.155944729996116
2025-10-18,2,wk inc flu hosp,2025-11-08,16,quantile,0.5,6.504466010466488
2025-10-18,2,wk inc flu hosp,2025-11-08,16,quantile,0.55,7.852987290936862
2025-10-18,2,wk inc flu hosp,2025-11-08,16,quantile,0.6,9.223233304264223
2025-10-18,2,wk inc flu hosp,2025-11-08,16,quantile,0.65,10.639491312643512
2025-10-18,2,wk inc flu hosp,2025-11-08,16,quantile,0.7,12.13201392853826
2025-10-18,2,wk inc flu hosp,2025-11-08,16,quantile,0.75,13.742680500142196
2025-10-18,2,wk inc flu hosp,2025-11-08,16,quantile,0.8,15.536234107602503
2025-10-18,2,wk inc flu hosp,2025-11-08,16,quantile,0.85,17.62683988677337
2025-10-18,2,wk inc flu hosp,2025-11-08,16,quantile,0.9,20.2572993312024
2025-10-18,2,wk inc flu hosp,2025-11-08,16,quantile,0.95,24.156036479157283
2025-10-18,2,wk inc flu hosp,2025-11-08,16,quantile,0.975,27.53760952082545
2025-10-18,2,wk inc flu hosp,2025-11-08,16,quantile,0.99,31.46941897678439
2025-10-25,2,wk inc flu hosp,2025-11-15,16,quantile,0.01,0.0
2025-10-25,2,wk inc flu hosp,2025-11-15,16,quantile,0.025,0.0
2025-10-25,2,wk inc flu hosp,2025-11-15,16,quantile,0.05,0.0
2025-10-25,2,wk inc flu hosp,2025-11-15,16,quantile,0.1,0.0
2025-10-25,2,wk inc flu hosp,2025-11-15,16,quantile,0.15,0.0
2025-10-25,2,wk inc flu hosp,2025-11-15,16,quantile,0.2,0.0
2025-10-25,2,wk inc flu hosp,2025-11-15,16,quantile,0.25,0.2903873797468748
2025-10-25,2,wk inc flu hosp,2025-11-15,16,quantile,0.3,2.2008861797358126
2025-10-25,2,wk inc flu hosp,2025-11-15,16,quantile,0.35,3.9712480391638207
2025-10-25,2,wk inc flu hosp,2025-11-15,16,quantile,0.4,5.651148319697308
2025-10-25,2,wk inc flu hosp,2025-11-15,16,quantile,0.45,7.276471282441016
2025-10-25,2,wk inc flu hosp,2025-11-15,16,quantile,0.5,8.876025363663809
2025-10-25,2,wk inc flu hosp,2025-11-15,16,quantile,0.55,10.475579444886604
2025-10-25,2,wk inc flu hosp,2025-11-15,16,quantile,0.6,12.10090240763031
2025-10-25,2,wk inc flu hosp,2025-11-15,16,quantile,0.65,13.780802688163796
2025-10-25,2,wk inc flu hosp,2025-11-15,16,quantile,0.7,15.551164547591803
2025-10-25,2,wk inc flu hosp,2025-11-15,16,quantile,0.75,17.461663347580743
2025-10-25,2,wk inc flu hosp,2025-11-15,16,quantile,0.8,19.58909435979607
2025-10-25,2,wk inc flu hosp,2025-11-15,16,quantile,0.85,22.06887503120995
2025-10-25,2,wk inc flu hosp,2025-11-15,16,quantile,0.9,25.189005355263767
2025-10-25,2,wk inc flu hosp,2025-11-15,16,quantile,0.95,29.81350851063919
2025-10-25,2,wk inc flu hosp,2025-11-15,16,quantile,0.975,33.8245753273724
2025-10-25,2,wk inc flu hosp,2025-11-15,16,quantile,0.99,38.48830733735284
2025-11-01,2,wk inc flu hosp,2025-11-22,16,quantile,0.01,5.524000948794024
2025-11-01,2,wk inc flu hosp,2025-11-22,16,quantile,0.025,5.5991105688967755
2025-11-01,2,wk inc flu hosp,2025-11-22,16,quantile,0.05,5.8093034653902915
2025-11-01,2,wk inc flu hosp,2025-11-22,16,quantile,0.1,6.24998750941018
2025-11-01,2,wk inc flu hosp,2025-11-22,16,quantile,0.15,6.719191713772576
2025-11-01,2,wk inc flu hosp,2025-11-22,16,quantile,0.2,7.218761844297686
2025-11-01,2,wk inc flu hosp,2025-11-22,16,quantile,0.25,7.750663120954014
2025-11-01,2,wk inc flu hosp,2025-11-22,16,quantile,0.3,8.316987948683902
2025-11-01,2,wk inc flu hosp,2025-11-22,16,quantile,0.35,8.919964148552129
2025-11-01,2,wk inc flu hosp,2025-11-22,16,quantile,0.4,9.561963721597401
2025-11-01,2,wk inc flu hosp,2025-11-22,16,quantile,0.45,10.245512179862232
2025-11-01,2,wk inc flu hosp,2025-11-22,16,quantile,0.5,10.973298481307756
2025-11-01,2,wk inc flu hosp,2025-11-22,16,quantile,0.55,13.992924734098462
2025-11-01,2,wk inc flu hosp,2025-11-22,16,quantile,0.6,21.38423273452654
2025-11-01,2,wk inc flu hosp,2025-11-22,16,quantile,0.65,26.097035066857345
2025-11-01,2,wk inc flu hosp,2025-11-22,16,quantile,0.7,26.38618947588812
2025-11-01,2,wk inc flu hosp,2025-11-22,16,quantile,0.75,26.678429472403113
2025-11-01,2,wk inc flu hosp,2025-11-22,16,quantile,0.8,26.97378798292819
2025-11-01,2,wk inc flu hosp,2025-11-22,16,quantile,0.85,27.272298285350498
2025-11-01,2,wk inc flu hosp,2025-11-22,16,quantile,0.9,29.324138336428657
2025-11-01,2,wk inc flu hosp,2025-11-22,16,quantile,0.95,33.216584012870634
2025-11-01,2,wk inc flu hosp,2025-11-22,16,quantile,0.975,35.34634463682786
2025-11-01,2,wk inc flu hosp,2025-11-22,16,quantile,0.99,36.68731472710954
2025-09-20,2,wk inc flu hosp,2025-10-11,17,quantile,0.01,0.0
2025-09-20,2,wk inc flu hosp,2025-10-11,17,quantile,0.025,0.0
2025-09-20,2,wk inc flu hosp,2025-10-11,17,quantile,0.05,0.0
2025-09-20,2,wk inc flu hosp,2025-10-11,17,quantile,0.1,0.0
2025-09-20,2,wk inc flu hosp,2025-10-11,17,quantile,0.15,0.0
2025-09-20,2,wk inc flu hosp,2025-10-11,17,quantile,0.2,0.0
2025-09-20,2,wk inc flu hosp,2025-10-11,17,quantile,0.25,0.0
2025-09-20,2,wk inc flu hosp,2025-10-11,17,quantile,0.3,0.0
2025-09-20,2,wk inc flu hosp,2025-10-11,17,quantile,0.35,0.0
2025-09-20,2,wk inc flu hosp,2025-10-11,17,quantile,0.4,0.0
2025-09-20,2,wk inc flu hosp,2025-10-11,17,quantile,0.45,4.774576299445763
2025-09-20,2,wk inc flu hosp,2025-10-11,17,quantile,0.5,11.057643642199464
2025-09-20,2,wk inc flu hosp,2025-10-11,17,quantile,0.55,17.340710984953173
2025-09-20,2,wk inc flu hosp,2025-10-11,17,quantile,0.6,23.72499879898945
2025-09-20,2,wk inc flu hosp,2025-10-11,17,quantile,0.65,30.323666962577853
2025-09-20,2,wk inc flu hosp,2025-10-11,17,quantile,0.7,37.2776692776015
2025-09-20,2,wk inc flu hosp,2025-10-11,17,quantile,0.75,44.78213115200355
2025-09-20,2,wk inc flu hosp,2025-10-11,17,quantile,0.8,53.13870532084518
2025-09-20,2,wk inc flu hosp,2025-10-11,17,quantile,0.85,62.87931311688896
2025-09-20,2,wk inc flu hosp,2025-10-11,17,quantile,0.9,75.13522191942948
2025-09-20,2,wk inc flu hosp,2025-10-11,17,quantile,0.95,93.30032498977307
2025-09-20,2,wk inc flu hosp,2025-10-11,17,quantile,0.975,109.05584286920217
2025-09-20,2,wk inc flu hosp,2025-10-11,17,quantile,0.99,127.3750373442415
2025-09-27,2,wk inc flu hosp,2025-10-18,17,quantile,0.01,0.0
2025-09-27,2,wk inc flu hosp,2025-10-18,17,quantile,0.025,0.0
2025-09-27,2,wk inc flu hosp,2025-10-18,17,quantile,0.05,0.0
2025-09-27,2,wk inc flu hosp,2025-10-18,17,quantile,0.1,0.0
2025-09-27,2,wk inc flu hosp,2025-10-18,17,quantile,0.15,0.0
2025-09-27,2,wk inc flu hosp,2025-10-18,17,quantile,0.2,0.0
2025-09-27,2,wk inc flu hosp,2025-10-18,17,quantile,0.25,0.0
2025-09-27,2,wk inc flu hosp,2025-10-18,17,quantile,0.3,0.0
2025-09-27,2,wk inc flu hosp,2025-10-18,17,quantile,0.35,0.0
2025-09-27,2,wk inc flu hosp,2025-10-18,17,quantile,0.4,0.0
2025-09-27,2,wk inc flu hosp,2025-10-18,17,quantile,0.45,3.457583230056625
2025-09-27,2,wk inc flu hosp,2025-10-18,17,quantile,0.5,9.740650572810326
2025-09-27,2,wk inc flu hosp,2025-10-18,17,quantile,0.55,16.023717915564035
2025-09-27,2,wk inc flu hosp,2025-10-18,17,quantile,0.6,22.408005729600312
2025-09-27,2,wk inc flu hosp,2025-10-18,17,quantile,0.65,29.00667389318871
2025-09-27,2,wk inc flu hosp,2025-10-18,17,quantile,0.7,35.96067620821236
2025-09-27,2,wk inc flu hosp,2025-10-18,17,quantile,0.75,43.46513808261441
2025-09-27,2,wk inc flu hosp,2025-10-18,17,quantile,0.8,51.82171225145604
2025-09-27,2,wk inc flu hosp,2025-10-18,17,quantile,0.85,61.56232004749982
2025-09-27,2,wk inc flu hosp,2025-10-18,17,quantile,0.9,73.81822885004034
2025-09-27,2,wk inc flu hosp,2025-10-18,17,quantile,0.95,91.98333192038393
2025-09-27,2,wk inc flu hosp,2025-10-18,17,quantile,0.975,107.73884979981302
2025-09-27,2,wk inc flu hosp,2025-10-18,17,quantile,0.99,126.05804427485236
2025-10-04,2,wk inc flu hosp,2025-10-25,17,quantile,0.01,0.0
2025-10-04,2,wk inc flu hosp,2025-10-25,17,quantile,0.025,0.0
2025-10-04,2,wk inc flu hosp,2025-10-25,17,quantile,0.05,0.0
2025-10-04,2,wk inc flu hosp,2025-10-25,17,quantile,0.1,0.0
2025-10-04,2,wk inc flu hosp,2025-10-25,17,quantile,0.15,0.0
2025-10-04,2,wk inc flu hosp,2025-10-25,17,quantile,0.2,0.0
2025-10-04,2,wk inc flu hosp,2025-10-25,17,quantile,0.25,0.0
2025-10-04,2,wk inc flu hosp,2025-10-25,17,quantile,0.3,0.0
2025-10-04,2,wk inc flu hosp,2025-10-25,17,quantile,0.35,0.0
2025-10-04,2,wk inc flu hosp,2025-10-25,17,quantile,0.4,0.0
2025-10-04,2,wk inc flu hosp,2025-10-25,17,quantile,0.45,5.486536377576683
2025-10-04,2,wk inc flu hosp,2025-10-25,17,quantile,0.5,11.769603720330384
2025-10-04,2,wk inc flu hosp,2025-10-25,17,quantile,0.55,18.05267106308409
2025-10-04,2,wk inc flu hosp,2025-10-25,17,quantile,0.6,24.436958877120368
2025-10-04,2,wk inc flu hosp,2025-10-25,17,quantile,0.65,31.03562704070877
2025-10-04,2,wk inc flu hosp,2025-10-25,17,quantile,0.7,37.98962935573242
2025-10-04,2,wk inc flu hosp,2025-10-25,17,quantile,0.75,45.49409123013447
2025-10-04,2,wk inc flu hosp,2025-10-25,17,quantile,0.8,53.850665398976105
2025-10-04,2,wk inc flu hosp,2025-10-25,17,quantile,0.85,63.59127319501988
2025-10-04,2,wk inc flu hosp,2025-10-25,17,quantile,0.9,75.8471819975604
2025-10-04,2,wk inc flu hosp,2025-10-25,17,quantile,0.95,94.01228506790399
2025-10-04,2,wk inc flu hosp,2025-10-25,17,quantile,0.975,109.76780294733308
2025-10-04,2,wk inc flu hosp,2025-10-25,17,quantile,0.99,128.08699742237243
2025-10-11,2,wk inc flu hosp,2025-11-01,17,quantile,0.01,0.0
2025-10-11,2,wk inc flu hosp,2025-11-01,17,quantile,0.025,0.0
2025-10-11,2,wk inc flu hosp,2025-11-01,17,quantile,0.05,0.0
2025-10-11,2,wk inc flu hosp,2025-11-01,17,quantile,0.1,0.0
2025-10-11,2,wk inc flu hosp,2025-11-01,17,quantile,0.15,0.0
2025-10-11,2,wk inc flu hosp,2025-11-01,17,quantile,0.2,0.0
2025-10-11,2,wk inc flu hosp,2025-11-01,17,quantile,0.25,0.0
2025-10-11,2,wk inc flu hosp,2025-11-01,17,quantile,0.3,0.0
2025-10-11,2,wk inc flu hosp,2025-11-01,17,quantile,0.35,0.0
2025-10-11,2,wk inc flu hosp,2025-11-01,17,quantile,0.4,0.5799459999838366
2025-10-11,2,wk inc flu hosp,2025-11-01,17,quantile,0.45,6.964233814020122
2025-10-11,2,wk inc flu hosp,2025-11-01,17,quantile,0.5,13.247301156773823
2025-10-11,2,wk inc flu hosp,2025-11-01,17,quantile,0.55,19.53036849952753
2025-10-11,2,wk inc flu hosp,2025-11-01,17,quantile,0.6,25.91465631356381
2025-10-11,2,wk inc flu hosp,2025-11-01,17,quantile,0.65,32.51332447715221
2025-10-11,2,wk inc flu hosp,2025-11-01,17,quantile,0.7,39.467326792175854
2025-10-11,2,wk inc flu hosp,2025-11-01,17,quantile,0.75,46.97178866657791
2025-10-11,2,wk inc flu hosp,2025-11-01,17,quantile,0.8,55.32836283541954
2025-10-11,2,wk inc flu hosp,2025-11-01,17,quantile,0.85,65.06897063146332
2025-10-11,2,wk inc flu hosp,2025-11-01,17,quantile,0.9,77.32487943400383
2025-10-11,2,wk inc flu hosp,2025-11-01,17,quantile,0.95,95.48998250434744
2025-10-11,2,wk inc flu hosp,2025-11-01,17,quantile,0.975,111.24550038377652
2025-10-11,2,wk inc flu hosp,2025-11-01,17,quantile,0.99,129.56469485881587
2025-10-18,2,wk inc flu hosp,2025-11-08,17,quantile,0.01,0.0
2025-10-18,2,wk inc flu hosp,2025-11-08,17,quantile,0.025,0.0
2025-10-18,2,wk inc flu hosp,2025-11-08,17,quantile,0.05,0.0
2025-10-18,2,wk inc flu hosp,2025-11-08,17,quantile,0.1,0.0
2025-10-18,2,wk inc flu hosp,2025-11-08,17,quantile,0.15,0.0
2025-10-18,2,wk inc flu hosp,2025-11-08,17,quantile,0.2,0.0
2025-10-18,2,wk inc flu hosp,2025-11-08,17,quantile,0.25,7.516073341784427
2025-10-18,2,wk inc flu hosp,2025-11-08,17,quantile,0.3,15.020535216186467
2025-10-18,2,wk inc flu hosp,2025-11-08,17,quantile,0.35,21.974537531210125
2025-10-18,2,wk inc flu hosp,2025-11-08,17,quantile,0.4,28.573205694798524
2025-10-18,2,wk inc flu hosp,2025-11-08,17,quantile,0.45,34.95749350883481
2025-10-18,2,wk inc flu hosp,2025-11-08,17,quantile,0.5,41.24056085158851
2025-10-18,2,wk inc flu hosp,2025-11-08,17,quantile,0.55,47.52362819434222
2025-10-18,2,wk inc flu hosp,2025-11-08,17,quantile,0.6,53.9079160083785
2025-10-18,2,wk inc flu hosp,2025-11-08,17,quantile,0.65,60.5065841719669
2025-10-18,2,wk inc flu hosp,2025-11-08,17,quantile,0.7,67.46058648699055
2025-10-18,2,wk inc flu hosp,2025-11-08,17,quantile,0.75,74.9650483613926
2025-10-18,2,wk inc flu hosp,2025-11-08,17,quantile,0.8,83.32162253023424
2025-10-18,2,wk inc flu hosp,2025-11-08,17,quantile,0.85,93.06223032627801
2025-10-18,2,wk inc flu hosp,2025-11-08,17,quantile,0.9,105.31813912881853
2025-10-18,2,wk inc flu hosp,2025-11-08,17,quantile,0.95,123.48324219916212
2025-10-18,2,wk inc flu hosp,2025-11-08,17,quantile,0.975,139.2387600785912
2025-10-18,2,wk inc flu hosp,2025-11-08,17,quantile,0.99,157.55795455363057
2025-10-25,2,wk inc flu hosp,2025-11-15,17,quantile,0.01,0.0
2025-10-25,2,wk inc flu hosp,2025-11-15,17,quantile,0.025,0.0
2025-10-25,2,wk inc flu hosp,2025-11-15,17,quantile,0.05,0.0
2025-10-25,2,wk inc flu hosp,2025-11-15,17,quantile,0.1,0.0
2025-10-25,2,wk inc flu hosp,2025-11-15,17,quantile,0.15,0.0
2025-10-25,2,wk inc flu hosp,2025-11-15,17,quantile,0.2,0.0
2025-10-25,2,wk inc flu hosp,2025-11-15,17,quantile,0.25,0.0
2025-10-25,2,wk inc flu hosp,2025-11-15,17,quantile,0.3,0.0
2025-10-25,2,wk inc flu hosp,2025-11-15,17,quantile,0.35,0.5498084574551143
2025-10-25,2,wk inc flu hosp,2025-11-15,17,quantile,0.4,7.148476621043516
2025-10-25,2,wk inc flu hosp,2025-11-15,17,quantile,0.45,13.532764435079802
2025-10-25,2,wk inc flu hosp,2025-11-15,17,quantile,0.5,19.815831777833502
2025-10-25,2,wk inc flu hosp,2025-11-15,17,quantile,0.55,26.09889912058721
2025-10-25,2,wk inc flu hosp,2025-11-15,17,quantile,0.6,32.48318693462349
2025-10-25,2,wk inc flu hosp,2025-11-15,17,quantile,0.65,39.08185509821189
2025-10-25,2,wk inc flu hosp,2025-11-15,17,quantile,0.7,46.03585741323553
2025-10-25,2,wk inc flu hosp,2025-11-15,17,quantile,0.75,53.54031928763759
2025-10-25,2,wk inc flu hosp,2025-11-15,17,quantile,0.8,61.89689345647922
2025-10-25,2,wk inc flu hosp,2025-11-15,17,quantile,0.85,71.637501252523
2025-10-25,2,wk inc flu hosp,2025-11-15,17,quantile,0.9,83.89341005506353
2025-10-25,2,wk inc flu hosp,2025-11-15,17,quantile,0.95,102.0585131254071
2025-10-25,2,wk inc flu hosp,2025-11-15,17,quantile,0.975,117.81403100483621
2025-10-25,2,wk inc flu hosp,2025-11-15,17,quantile,0.99,136.13322547987553
2025-11-01,2,wk inc flu hosp,2025-11-22,17,quantile,0.01,64.85269002259913
2025-11-01,2,wk inc flu hosp,2025-11-22,17,quantile,0.025,64.85269002259913
2025-11-01,2,wk inc flu hosp,2025-11-22,17,quantile,0.05,64.85269002259913
2025-11-01,2,wk inc flu hosp,2025-11-22,17,quantile,0.1,64.85269002259913
2025-11-01,2,wk inc flu hosp,2025-11-22,17,quantile,0.15,64.85269002259913
2025-11-01,2,wk inc flu hosp,2025-11-22,17,quantile,0.2,64.85269002259913
2025-11-01,2,wk inc flu hosp,2025-11-22,17,quantile,0.25,64.85269002259913
2025-11-01,2,wk inc flu hosp,2025-11-22,17,quantile,0.3,133.6429343885916
2025-11-01,2,wk inc flu hosp,2025-11-22,17,quantile,0.35,160.05523668846726
2025-11-01,2,wk inc flu hosp,2025-11-22,17,quantile,0.4,164.0508612721416
2025-11-01,2,wk inc flu hosp,2025-11-22,17,quantile,0.45,168.14561343553268
2025-11-01,2,wk inc flu hosp,2025-11-22,17,quantile,0.5,172.3419524379767
2025-11-01,2,wk inc flu hosp,2025-11-22,17,quantile,0.55,176.6423985506541
2025-11-01,2,wk inc flu hosp,2025-11-22,17,quantile,0.6,181.04953457023498
2025-11-01,2,wk inc flu hosp,2025-11-22,17,quantile,0.65,185.56600737007508
2025-11-01,2,wk inc flu hosp,2025-11-22,17,quantile,0.7,190.19452948989755
2025-11-01,2,wk inc flu hosp,2025-11-22,17,quantile,0.75,194.93788076491128
2025-11-01,2,wk inc flu hosp,2025-11-22,17,quantile,0.8,199.7989099953465
2025-11-01,2,wk inc flu hosp,2025-11-22,17,quantile,0.85,213.42772280175606
2025-11-01,2,wk inc flu hosp,2025-11-22,17,quantile,0.9,241.894756189913
2025-11-01,2,wk inc flu hosp,2025-11-22,17,quantile,0.95,244.0899686683219
2025-11-01,2,wk inc flu hosp,2025-11-22,17,quantile,0.975,245.19500362428863
2025-11-01,2,wk inc flu hosp,2025-11-22,17,quantile,0.99,245.86041464787024
2025-09-20,2,wk inc flu hosp,2025-10-11,18,quantile,0.01,0.0
2025-09-20,2,wk inc flu hosp,2025-10-11,18,quantile,0.025,0.0
2025-09-20,2,wk inc flu hosp,2025-10-11,18,quantile,0.05,0.0
2025-09-20,2,wk inc flu hosp,2025-10-11,18,quantile,0.1,0.0
2025-09-20,2,wk inc flu hosp,2025-10-11,18,quantile,0.15,0.0
2025-09-20,2,wk inc flu hosp,2025-10-11,18,quantile,0.2,0.0
2025-09-20,2,wk inc flu hosp,2025-10-11,18,quantile,0.25,0.0
2025-09-20,2,wk inc flu hosp,2025-10-11,18,quantile,0.3,0.0
2025-09-20,2,wk inc flu hosp,2025-10-11,18,quantile,0.35,0.0
2025-09-20,2,wk inc flu hosp,2025-10-11,18,quantile,0.4,0.06103934393775923
2025-09-20,2,wk inc flu hosp,2025-10-11,18,quantile,0.45,6.445327157974044
2025-09-20,2,wk inc flu hosp,2025-10-11,18,quantile,0.5,12.728394500727745
2025-09-20,2,wk inc flu hosp,2025-10-11,18,quantile,0.55,19.011461843481452
2025-09-20,2,wk inc flu hosp,2025-10-11,18,quantile,0.6,25.395749657517733
2025-09-20,2,wk inc flu hosp,2025-10-11,18,quantile,0.65,31.994417821106133
2025-09-20,2,wk inc flu hosp,2025-10-11,18,quantile,0.7,38.94842013612978
2025-09-20,2,wk inc flu hosp,2025-10-11,18,quantile,0.75,46.45288201053183
2025-09-20,2,wk inc flu hosp,2025-10-11,18,quantile,0.8,54.80945617937346
2025-09-20,2,wk inc flu hosp,2025-10-11,18,quantile,0.85,64.55006397541723
2025-09-20,2,wk inc flu hosp,2025-10-11,18,quantile,0.9,76.80597277795776
2025-09-20,2,wk inc flu hosp,2025-10-11,18,quantile,0.95,94.97107584830135
2025-09-20,2,wk inc flu hosp,2025-10-11,18,quantile,0.975,110.72659372773045
2025-09-20,2,wk inc flu hosp,2025-10-11,18,quantile,0.99,129.04578820276978
2025-09-27,2,wk inc flu hosp,2025-10-18,18,quantile,0.01,0.0
2025-09-27,2,wk inc flu hosp,2025-10-18,18,quantile,0.025,0.0
2025-09-27,2,wk inc flu hosp,2025-10-18,18,quantile,0.05,0.0
2025-09-27,2,wk inc flu hosp,2025-10-18,18,quantile,0.1,0.0
2025-09-27,2,wk inc flu hosp,2025-10-18,18,quantile,0.15,0.0
2025-09-27,2,wk inc flu hosp,2025-10-18,18,quantile,0.2,0.0
2025-09-27,2,wk inc flu hosp,2025-10-18,18,quantile,0.25,0.0
2025-09-27,2,wk inc flu hosp,2025-10-18,18,quantile,0.3,0.0
2025-09-27,2,wk inc flu hosp,2025-10-18,18,quantile,0.35,0.0
2025-09-27,2,wk inc flu hosp,2025-10-18,18,quantile,0.4,0.0
2025-09-27,2,wk inc flu hosp,2025-10-18,18,quantile,0.45,3.388844590573071
2025-09-27,2,wk inc flu hosp,2025-10-18,18,quantile,0.5,9.671911933326772
2025-09-27,2,wk inc flu hosp,2025-10-18,18,quantile,0.55,15.95497927608048
2025-09-27,2,wk inc flu hosp,2025-10-18,18,quantile,0.6,22.339267090116756
2025-09-27,2,wk inc flu hosp,2025-10-18,18,quantile,0.65,28.93793525370516
2025-09-27,2,wk inc flu hosp,2025-10-18,18,quantile,0.7,35.89193756872881
2025-09-27,2,wk inc flu hosp,2025-10-18,18,quantile,0.75,43.39639944313086
2025-09-27,2,wk inc flu hosp,2025-10-18,18,quantile,0.8,51.75297361197249
2025-09-27,2,wk inc flu hosp,2025-10-18,18,quantile,0.85,61.49358140801627
2025-09-27,2,wk inc flu hosp,2025-10-18,18,quantile,0.9,73.74949021055679
2025-09-27,2,wk inc flu hosp,2025-10-18,18,quantile,0.95,91.91459328090038
2025-09-27,2,wk inc flu hosp,2025-10-18,18,quantile,0.975,107.67011116032947
2025-09-27,2,wk inc flu hosp,2025-10-18,18,quantile,0.99,125.98930563536881
2025-10-04,2,wk inc flu hosp,2025-10-25,18,quantile,0.01,0.0
2025-10-04,2,wk inc flu hosp,2025-10-25,18,quantile,0.025,0.0
2025-10-04,2,wk inc flu hosp,2025-10-25,18,quantile,0.05,0.0
2025-10-04,2,wk inc flu hosp,2025-10-25,18,quantile,0.1,0.0
2025-10-04,2,wk inc flu hosp,2025-10-25,18,quantile,0.15,0.0
2025-10-04,2,wk inc flu hosp,2025-10-25,18,quantile,0.2,0.0
2025-10-04,2,wk inc flu hosp,2025-10-25,18,quantile,0.25,0.0
2025-10-04,2,wk inc flu hosp,2025-10-25,18,quantile,0.3,0.0
2025-10-04,2,wk inc flu hosp,2025-10-25,18,quantile,0.35,0.0
2025-10-04,2,wk inc flu hosp,2025-10-25,18,quantile,0.4,0.0
2025-10-04,2,wk inc flu hosp,2025-10-25,18,quantile,0.45,5.826203097400016
2025-10-04,2,wk inc flu hosp,2025-10-25,18,quantile,0.5,12.109270440153717
2025-10-04,2,wk inc flu hosp,2025-10-25,18,quantile,0.55,18.392337782907425
2025-10-04,2,wk inc flu hosp,2025-10-25,18,quantile,0.6,24.776625596943703
2025-10-04,2,wk inc flu hosp,2025-10-25,18,quantile,0.65,31.375293760532102
2025-10-04,2,wk inc flu hosp,2025-10-25,18,quantile,0.7,38.32929607555575
2025-10-04,2,wk inc flu hosp,2025-10-25,18,quantile,0.75,45.8337579499578
2025-10-04,2,wk inc flu hosp,2025-10-25,18,quantile,0.8,54.19033211879943
2025-10-04,2,wk inc flu hosp,2025-10-25,18,quantile,0.85,63.93093991484321
2025-10-04,2,wk inc flu hosp,2025-10-25,18,quantile,0.9,76.18684871738374
2025-10-04,2,wk inc flu hosp,2025-10-25,18,quantile,0.95,94.35195178772733
2025-10-04,2,wk inc flu hosp,2025-10-25,18,quantile,0.975,110.10746966715642
2025-10-04,2,wk inc flu hosp,2025-10-25,18,quantile,0.99,128.42666414219576
2025-10-11,2,wk inc flu hosp,2025-11-01,18,quantile,0.01,0.0
2025-10-11,2,wk inc flu hosp,2025-11-01,18,quantile,0.025,0.0
2025-10-11,2,wk inc flu hosp,2025-11-01,18,quantile,0.05,0.0
2025-10-11,2,wk inc flu hosp,2025-11-01,18,quantile,0.1,0.0
2025-10-11,2,wk inc flu hosp,2025-11-01,18,quantile,0.15,0.0
2025-10-11,2,wk inc flu hosp,2025-11-01,18,quantile,0.2,0.0
2025-10-11,2,wk inc flu hosp,2025-11-01,18,quantile,0.25,0.0
2025-10-11,2,wk inc flu hosp,2025-11-01,18,quantile,0.3,0.0
2025-10-11,2,wk inc flu hosp,2025-11-01,18,quantile,0.35,0.0
2025-10-11,2,wk inc flu hosp,2025-11-01,18,quantile,0.4,0.0
2025-10-11,2,wk inc flu hosp,2025-11-01,18,quantile,0.45,3.2906559136748674
2025-10-11,2,wk inc flu hosp,2025-11-01,18,quantile,0.5,9.573723256428568
2025-10-11,2,wk inc flu hosp,2025-11-01,18,quantile,0.55,15.856790599182276
2025-10-11,2,wk inc flu hosp,2025-11-01,18,quantile,0.6,22.241078413218553
2025-10-11,2,wk inc flu hosp,2025-11-01,18,quantile,0.65,28.839746576806956
2025-10-11,2,wk inc flu hosp,2025-11-01,18,quantile,0.7,35.7937488918306
2025-10-11,2,wk inc flu hosp,2025-11-01,18,quantile,0.75,43.29821076623266
2025-10-11,2,wk inc flu hosp,2025-11-01,18,quantile,0.8,51.65478493507429
2025-10-11,2,wk inc flu hosp,2025-11-01,18,quantile,0.85,61.395392731118065
2025-10-11,2,wk inc flu hosp,2025-11-01,18,quantile,0.9,73.65130153365858
2025-10-11,2,wk inc flu hosp,2025-11-01,18,quantile,0.95,91.81640460400217
2025-10-11,2,wk inc flu hosp,2025-11-01,18,quantile,0.975,107.57192248343127
2025-10-11,2,wk inc flu hosp,2025-11-01,18,quantile,0.99,125.8911169584706
2025-10-18,2,wk inc flu hosp,2025-11-08,18,quantile,0.01,0.0
2025-10-18,2,wk inc flu hosp,2025-11-08,18,quantile,0.025,0.0
2025-10-18,2,wk inc flu hosp,2025-11-08,18,quantile,0.05,0.0
2025-10-18,2,wk inc flu hosp,2025-11-08,18,quantile,0.1,0.0
2025-10-18,2,wk inc flu hosp,2025-11-08,18,quantile,0.15,0.0
2025-10-18,2,wk inc flu hosp,2025-11-08,18,quantile,0.2,0.0
2025-10-18,2,wk inc flu hosp,2025-11-08,18,quantile,0.25,0.0
2025-10-18,2,wk inc flu hosp,2025-11-08,18,quantile,0.3,0.0
2025-10-18,2,wk inc flu hosp,2025-11-08,18,quantile,0.35,0.0
2025-10-18,2,wk inc flu hosp,2025-11-08,18,quantile,0.4,2.909026191933549
2025-10-18,2,wk inc flu hosp,2025-11-08,18,quantile,0.45,9.293314005969833
2025-10-18,2,wk inc flu hosp,2025-11-08,18,quantile,0.5,15.576381348723535
2025-10-18,2,wk inc flu hosp,2025-11-08,18,quantile,0.55,21.859448691477244
2025-10-18,2,wk inc flu hosp,2025-11-08,18,quantile,0.6,28.24373650551352
2025-10-18,2,wk inc flu hosp,2025-11-08,18,quantile,0.65,34.842404669101924
2025-10-18,2,wk inc flu hosp,2025-11-08,18,quantile,0.7,41.79640698412557
2025-10-18,2,wk inc flu hosp,2025-11-08,18,quantile,0.75,49.30086885852762
2025-10-18,2,wk inc flu hosp,2025-11-08,18,quantile,0.8,57.657443027369254
2025-10-18,2,wk inc flu hosp,2025-11-08,18,quantile,0.85,67.39805082341303
2025-10-18,2,wk inc flu hosp,2025-11-08,18,quantile,0.9,79.65395962595355
2025-10-18,2,wk inc flu hosp,2025-11-08,18,quantile,0.95,97.81906269629714
2025-10-18,2,wk inc flu hosp,2025-11-08,18,quantile,0.975,113.57458057572623
2025-10-18,2,wk inc flu hosp,2025-11-08,18,quantile,0.99,131.89377505076558
2025-10-25,2,wk inc flu hosp,2025-11-15,18,quantile,0.01,0.0
2025-10-25,2,wk inc flu hosp,2025-11-15,18,quantile,0.025,0.0
2025-10-25,2,wk inc flu hosp,2025-11-15,18,quantile,0.05,0.0
2025-10-25,2,wk inc flu hosp,2025-11-15,18,quantile,0.1,0.0
2025-10-25,2,wk inc flu hosp,2025-11-15,18,quantile,0.15,0.0
2025-10-25,2,wk inc flu hosp,2025-11-15,18,quantile,0.2,0.0
2025-10-25,2,wk inc flu hosp,2025-11-15,18,quantile,0.25,0.0
2025-10-25,2,wk inc flu hosp,2025-11-15,18,quantile,0.3,0.0
2025-10-25,2,wk inc flu hosp,2025-11-15,18,quantile,0.35,0.0
2025-10-25,2,wk inc flu hosp,2025-11-15,18,quantile,0.4,4.742889152825102
2025-10-25,2,wk inc flu hosp,2025-11-15,18,quantile,0.45,11.127176966861388
2025-10-25,2,wk inc flu hosp,2025-11-15,18,quantile,0.5,17.410244309615088
2025-10-25,2,wk inc flu hosp,2025-11-15,18,quantile,0.55,23.693311652368795
2025-10-25,2,wk inc flu hosp,2025-11-15,18,quantile,0.6,30.077599466405076
2025-10-25,2,wk inc flu hosp,2025-11-15,18,quantile,0.65,36.676267629993475
2025-10-25,2,wk inc flu hosp,2025-11-15,18,quantile,0.7,43.63026994501712
2025-10-25,2,wk inc flu hosp,2025-11-15,18,quantile,0.75,51.13473181941917
2025-10-25,2,wk inc flu hosp,2025-11-15,18,quantile,0.8,59.491305988260805
2025-10-25,2,wk inc flu hosp,2025-11-15,18,quantile,0.85,69.23191378430458
2025-10-25,2,wk inc flu hosp,2025-11-15,18,quantile,0.9,81.48782258684511
2025-10-25,2,wk inc flu hosp,2025-11-15,18,quantile,0.95,99.65292565718869
2025-10-25,2,wk inc flu hosp,2025-11-15,18,quantile,0.975,115.4084435366178
2025-10-25,2,wk inc flu hosp,2025-11-15,18,quantile,0.99,133.72763801165712
2025-11-01,2,wk inc flu hosp,2025-11-22,18,quantile,0.01,41.3249965190042
2025-11-01,2,wk inc flu hosp,2025-11-22,18,quantile,0.025,43.6471686942947
2025-11-01,2,wk inc flu hosp,2025-11-22,18,quantile,0.05,50.68130965595119
2025-11-01,2,wk inc flu hosp,2025-11-22,18,quantile,0.1,60.42377751107227
2025-11-01,2,wk inc flu hosp,2025-11-22,18,quantile,0.15,60.55043777514241
2025-11-01,2,wk inc flu hosp,2025-11-22,18,quantile,0.2,60.677359221822044
2025-11-01,2,wk inc flu hosp,2025-11-22,18,quantile,0.25,60.80454238968849
2025-11-01,2,wk inc flu hosp,2025-11-22,18,quantile,0.3,60.93198781842985
2025-11-01,2,wk inc flu hosp,2025-11-22,18,quantile,0.35,67.71116673497436
2025-11-01,2,wk inc flu hosp,2025-11-22,18,quantile,0.4,76.80201452378004
2025-11-01,2,wk inc flu hosp,2025-11-22,18,quantile,0.45,80.39326726357947
2025-11-01,2,wk inc flu hosp,2025-11-22,18,quantile,0.5,83.79047496876287
2025-11-01,2,wk inc flu hosp,2025-11-22,18,quantile,0.55,85.36915447962636
2025-11-01,2,wk inc flu hosp,2025-11-22,18,quantile,0.6,86.97722678489187
2025-11-01,2,wk inc flu hosp,2025-11-22,18,quantile,0.65,88.6152391370937
2025-11-01,2,wk inc flu hosp,2025-11-22,18,quantile,0.7,90.28374897783907
2025-11-01,2,wk inc flu hosp,2025-11-22,18,quantile,0.75,91.98332412751482
2025-11-01,2,wk inc flu hosp,2025-11-22,18,quantile,0.8,93.7145429785256
2025-11-01,2,wk inc flu hosp,2025-11-22,18,quantile,0.85,95.47799469212994
2025-11-01,2,wk inc flu hosp,2025-11-22,18,quantile,0.9,97.27427939894123
2025-11-01,2,wk inc flu hosp,2025-11-22,18,quantile,0.95,99.1040084031617
2025-11-01,2,wk inc flu hosp,2025-11-22,18,quantile,0.975,100.03160865575917
2025-11-01,2,wk inc flu hosp,2025-11-22,18,quantile,0.99,100.5922895577349
2025-09-20,2,wk inc flu hosp,2025-10-11,19,quantile,0.01,0.0
2025-09-20,2,wk inc flu hosp,2025-10-11,19,quantile,0.025,0.0
2025-09-20,2,wk inc flu hosp,2025-10-11,19,quantile,0.05,0.0
2025-09-20,2,wk inc flu hosp,2025-10-11,19,quantile,0.1,0.0
2025-09-20,2,wk inc flu hosp,2025-10-11,19,quantile,0.15,0.0
2025-09-20,2,wk inc flu hosp,2025-10-11,19,quantile,0.2,0.0
2025-09-20,2,wk inc flu hosp,2025-10-11,19,quantile,0.25,0.0
2025-09-20,2,wk inc flu hosp,2025-10-11,19,quantile,0.3,0.0
2025-09-20,2,wk inc flu hosp,2025-10-11,19,quantile,0.35,0.0
2025-09-20,2,wk inc flu hosp,2025-10-11,19,quantile,0.4,0.0
2025-09-20,2,wk inc flu hosp,2025-10-11,19,quantile,0.45,0.0
2025-09-20,2,wk inc flu hosp,2025-10-11,19,quantile,0.5,2.3309263922824717
2025-09-20,2,wk inc flu hosp,2025-10-11,19,quantile,0.55,4.906575108734697
2025-09-20,2,wk inc flu hosp,2025-10-11,19,quantile,0.6,7.523717631112513
2025-09-20,2,wk inc flu hosp,2025-10-11,19,quantile,0.65,10.228742145204667
2025-09-20,2,wk inc flu hosp,2025-10-11,19,quantile,0.7,13.079430536688067
2025-09-20,2,wk inc flu hosp,2025-10-11,19,quantile,0.75,16.15577152430463
2025-09-20,2,wk inc flu hosp,2025-10-11,19,quantile,0.8,19.581423098250916
2025-09-20,2,wk inc flu hosp,2025-10-11,19,quantile,0.85,23.574438388191943
2025-09-20,2,wk inc flu hosp,2025-10-11,19,quantile,0.9,28.598563398188105
2025-09-20,2,wk inc flu hosp,2025-10-11,19,quantile,0.95,36.04507349509363
2025-09-20,2,wk inc flu hosp,2025-10-11,19,quantile,0.975,42.503810476481156
2025-09-20,2,wk inc flu hosp,2025-10-11,19,quantile,0.99,50.01348802123819
2025-09-27,2,wk inc flu hosp,2025-10-18,19,quantile,0.01,0.0
2025-09-27,2,wk inc flu hosp,2025-10-18,19,quantile,0.025,0.0
2025-09-27,2,wk inc flu hosp,2025-10-18,19,quantile,0.05,0.0
2025-09-27,2,wk inc flu hosp,2025-10-18,19,quantile,0.1,0.0
2025-09-27,2,wk inc flu hosp,2025-10-18,19,quantile,0.15,0.0
2025-09-27,2,wk inc flu hosp,2025-10-18,19,quantile,0.2,0.0
2025-09-27,2,wk inc flu hosp,2025-10-18,19,quantile,0.25,0.0
2025-09-27,2,wk inc flu hosp,2025-10-18,19,quantile,0.3,0.0
2025-09-27,2,wk inc flu hosp,2025-10-18,19,quantile,0.35,0.0
2025-09-27,2,wk inc flu hosp,2025-10-18,19,quantile,0.4,0.0
2025-09-27,2,wk inc flu hosp,2025-10-18,19,quantile,0.45,1.4121672038349407
2025-09-27,2,wk inc flu hosp,2025-10-18,19,quantile,0.5,4.787535797219007
2025-09-27,2,wk inc flu hosp,2025-10-18,19,quantile,0.55,8.162904390603078
2025-09-27,2,wk inc flu hosp,2025-10-18,19,quantile,0.6,11.592650309763986
2025-09-27,2,wk inc flu hosp,2025-10-18,19,quantile,0.65,15.137564929090342
2025-09-27,2,wk inc flu hosp,2025-10-18,19,quantile,0.7,18.87337098240627
2025-09-27,2,wk inc flu hosp,2025-10-18,19,quantile,0.75,22.904893094025596
2025-09-27,2,wk inc flu hosp,2025-10-18,19,quantile,0.8,27.394184145525042
2025-09-27,2,wk inc flu hosp,2025-10-18,19,quantile,0.85,32.627001150607235
2025-09-27,2,wk inc flu hosp,2025-10-18,19,quantile,0.9,39.21107981772272
2025-09-27,2,wk inc flu hosp,2025-10-18,19,quantile,0.95,48.96967622524586
2025-09-27,2,wk inc flu hosp,2025-10-18,19,quantile,0.975,57.43380327046362
2025-09-27,2,wk inc flu hosp,2025-10-18,19,quantile,0.99,67.27518015120901
2025-10-04,2,wk inc flu hosp,2025-10-25,19,quantile,0.01,0.0
2025-10-04,2,wk inc flu hosp,2025-10-25,19,quantile,0.025,0.0
2025-10-04,2,wk inc flu hosp,2025-10-25,19,quantile,0.05,0.0
2025-10-04,2,wk inc flu hosp,2025-10-25,19,quantile,0.1,0.0
2025-10-04,2,wk inc flu hosp,2025-10-25,19,quantile,0.15,0.0
2025-10-04,2,wk inc flu hosp,2025-10-25,19,quantile,0.2,0.0
2025-10-04,2,wk inc flu hosp,2025-10-25,19,quantile,0.25,0.0
2025-10-04,2,wk inc flu hosp,2025-10-25,19,quantile,0.3,0.0
2025-10-04,2,wk inc flu hosp,2025-10-25,19,quantile,0.35,0.0
2025-10-04,2,wk inc flu hosp,2025-10-25,19,quantile,0.4,0.0
2025-10-04,2,wk inc flu hosp,2025-10-25,19,quantile,0.45,0.0
2025-10-04,2,wk inc flu hosp,2025-10-25,19,quantile,0.5,0.5555555555555556
2025-10-04,2,wk inc flu hosp,2025-10-25,19,quantile,0.55,3.3921007435628905
2025-10-04,2,wk inc flu hosp,2025-10-25,19,quantile,0.6,6.274342790298875
2025-10-04,2,wk inc flu hosp,2025-10-25,19,quantile,0.65,9.253368703218742
2025-10-04,2,wk inc flu hosp,2025-10-25,19,quantile,0.7,12.392813297397973
2025-10-04,2,wk inc flu hosp,2025-10-25,19,quantile,0.75,15.780767628807416
2025-10-04,2,wk inc flu hosp,2025-10-25,19,quantile,0.8,19.553415438191767
2025-10-04,2,wk inc flu hosp,2025-10-25,19,quantile,0.85,23.950897219761423
2025-10-04,2,wk inc flu hosp,2025-10-25,19,quantile,0.9,29.483933433132123
2025-10-04,2,wk inc flu hosp,2025-10-25,19,quantile,0.95,37.68472659560964
2025-10-04,2,wk inc flu hosp,2025-10-25,19,quantile,0.975,44.797691647146245
2025-10-04,2,wk inc flu hosp,2025-10-25,19,quantile,0.99,53.06805070931241
2025-10-11,2,wk inc flu hosp,2025-11-01,19,quantile,0.01,0.0
2025-10-11,2,wk inc flu hosp,2025-11-01,19,quantile,0.025,0.0
2025-10-11,2,wk inc flu hosp,2025-11-01,19,quantile,0.05,0.0
2025-10-11,2,wk inc flu hosp,2025-11-01,19,quantile,0.1,0.0
2025-10-11,2,wk inc flu hosp,2025-11-01,19,quantile,0.15,0.0
2025-10-11,2,wk inc flu hosp,2025-11-01,19,quantile,0.2,0.0
2025-10-11,2,wk inc flu hosp,2025-11-01,19,quantile,0.25,0.0
2025-10-11,2,wk inc flu hosp,2025-11-01,19,quantile,0.3,0.0
2025-10-11,2,wk inc flu hosp,2025-11-01,19,quantile,0.35,0.0
2025-10-11,2,wk inc flu hosp,2025-11-01,19,quantile,0.4,0.0
2025-10-11,2,wk inc flu hosp,2025-11-01,19,quantile,0.45,0.0
2025-10-11,2,wk inc flu hosp,2025-11-01,19,quantile,0.5,2.534654116397765
2025-10-11,2,wk inc flu hosp,2025-11-01,19,quantile,0.55,5.691004565578486
2025-10-11,2,wk inc flu hosp,2025-11-01,19,quantile,0.6,8.898203949295535
2025-10-11,2,wk inc flu hosp,2025-11-01,19,quantile,0.65,12.213099061180252
2025-10-11,2,wk inc flu hosp,2025-11-01,19,quantile,0.7,15.70649920051552
2025-10-11,2,wk inc flu hosp,2025-11-01,19,quantile,0.75,19.476427217512903
2025-10-11,2,wk inc flu hosp,2025-11-01,19,quantile,0.8,23.674420839506336
2025-10-11,2,wk inc flu hosp,2025-11-01,19,quantile,0.85,28.567695113861216
2025-10-11,2,wk inc flu hosp,2025-11-01,19,quantile,0.9,34.72455149367245
2025-10-11,2,wk inc flu hosp,2025-11-01,19,quantile,0.95,43.849940114823916
2025-10-11,2,wk inc flu hosp,2025-11-01,19,quantile,0.975,51.76485383816077
2025-10-11,2,wk inc flu hosp,2025-11-01,19,quantile,0.99,60.96765154119757
2025-10-18,2,wk inc flu hosp,2025-11-08,19,quantile,0.01,0.0
2025-10-18,2,wk inc flu hosp,2025-11-08,19,quantile,0.025,0.0
2025-10-18,2,wk inc flu hosp,2025-11-08,19,quantile,0.05,0.0
2025-10-18,2,wk inc flu hosp,2025-11-08,19,quantile,0.1,0.0
2025-10-18,2,wk inc flu hosp,2025-11-08,19,quantile,0.15,0.0
2025-10-18,2,wk inc flu hosp,2025-11-08,19,quantile,0.2,0.0
2025-10-18,2,wk inc flu hosp,2025-11-08,19,quantile,0.25,0.0
2025-10-18,2,wk inc flu hosp,2025-11-08,19,quantile,0.3,0.0
2025-10-18,2,wk inc flu hosp,2025-11-08,19,quantile,0.35,0.0
2025-10-18,2,wk inc flu hosp,2025-11-08,19,quantile,0.4,0.0
2025-10-18,2,wk inc flu hosp,2025-11-08,19,quantile,0.45,0.0
2025-10-18,2,wk inc flu hosp,2025-11-08,19,quantile,0.5,0.730787949632949
2025-10-18,2,wk inc flu hosp,2025-11-08,19,quantile,0.55,3.6512911235422263
2025-10-18,2,wk inc flu hosp,2025-11-08,19,quantile,0.6,6.618843722759076
2025-10-18,2,wk inc flu hosp,2025-11-08,19,quantile,0.65,9.68604486259086
2025-10-18,2,wk inc flu hosp,2025-11-08,19,quantile,0.7,12.918412864474798
2025-10-18,2,wk inc flu hosp,2025-11-08,19,quantile,0.75,16.40664616312774
2025-10-18,2,wk inc flu hosp,2025-11-08,19,quantile,0.8,20.29095935790149
2025-10-18,2,wk inc flu hosp,2025-11-08,19,quantile,0.85,24.818600784021154
2025-10-18,2,wk inc flu hosp,2025-11-08,19,quantile,0.9,30.5154075512195
2025-10-18,2,wk inc flu hosp,2025-11-08,19,quantile,0.95,38.95893334479736
2025-10-18,2,wk inc flu hosp,2025-11-08,19,quantile,0.975,46.28243275413048
2025-10-18,2,wk inc flu hosp,2025-11-08,19,quantile,0.99,54.797583506018725
2025-10-25,2,wk inc flu hosp,2025-11-15,19,quantile,0.01,0.0
2025-10-25,2,wk inc flu hosp,2025-11-15,19,quantile,0.025,0.0
2025-10-25,2,wk inc flu hosp,2025-11-15,19,quantile,0.05,0.0
2025-10-25,2,wk inc flu hosp,2025-11-15,19,quantile,0.1,0.0
2025-10-25,2,wk inc flu hosp,2025-11-15,19,quantile,0.15,0.0
2025-10-25,2,wk inc flu hosp,2025-11-15,19,quantile,0.2,0.0
2025-10-25,2,wk inc flu hosp,2025-11-15,19,quantile,0.25,0.0
2025-10-25,2,wk inc flu hosp,2025-11-15,19,quantile,0.3,0.0
2025-10-25,2,wk inc flu hosp,2025-11-15,19,quantile,0.35,0.0
2025-10-25,2,wk inc flu hosp,2025-11-15,19,quantile,0.4,0.0
2025-10-25,2,wk inc flu hosp,2025-11-15,19,quantile,0.45,0.0
2025-10-25,2,wk inc flu hosp,2025-11-15,19,quantile,0.5,0.5555555555555556
2025-10-25,2,wk inc flu hosp,2025-11-15,19,quantile,0.55,2.8978901746364825
2025-10-25,2,wk inc flu hosp,2025-11-15,19,quantile,0.6,5.2779599000135855
2025-10-25,2,wk inc flu hosp,2025-11-15,19,quantile,0.65,7.737950862425613
2025-10-25,2,wk inc flu hosp,2025-11-15,19,quantile,0.7,10.33041079880279
2025-10-25,2,wk inc flu hosp,2025-11-15,19,quantile,0.75,13.128082682147731
2025-10-25,2,wk inc flu hosp,2025-11-15,19,quantile,0.8,16.24342299362312
2025-10-25,2,wk inc flu hosp,2025-11-15,19,quantile,0.85,19.874732608325314
2025-10-25,2,wk inc flu hosp,2025-11-15,19,quantile,0.9,24.4437492860787
2025-10-25,2,wk inc flu hosp,2025-11-15,19,quantile,0.95,31.215720277271515
2025-10-25,2,wk inc flu hosp,2025-11-15,19,quantile,0.975,37.089395181153876
2025-10-25,2,wk inc flu hosp,2025-11-15,19,quantile,0.99,43.91881162247988
2025-11-01,2,wk inc flu hosp,2025-11-22,19,quantile,0.01,3.245689915853245
2025-11-01,2,wk inc flu hosp,2025-11-22,19,quantile,0.025,3.245689915853245
2025-11-01,2,wk inc flu hosp,2025-11-22,19,quantile,0.05,3.8310884478698415
2025-11-01,2,wk inc flu hosp,2025-11-22,19,quantile,0.1,5.881786766144893
2025-11-01,2,wk inc flu hosp,2025-11-22,19,quantile,0.15,8.802964612574801
2025-11-01,2,wk inc flu hosp,2025-11-22,19,quantile,0.2,12.65925108481885
2025-11-01,2,wk inc flu hosp,2025-11-22,19,quantile,0.25,18.319427034745473
2025-11-01,2,wk inc flu hosp,2025-11-22,19,quantile,0.3,22.482207973256834
2025-11-01,2,wk inc flu hosp,2025-11-22,19,quantile,0.35,27.541948490893805
2025-11-01,2,wk inc flu hosp,2025-11-22,19,quantile,0.4,33.69191758222256
2025-11-01,2,wk inc flu hosp,2025-11-22,19,quantile,0.45,41.16702815211454
2025-11-01,2,wk inc flu hosp,2025-11-22,19,quantile,0.5,48.96844969682482
2025-11-01,2,wk inc flu hosp,2025-11-22,19,quantile,0.55,50.761062539679116
2025-11-01,2,wk inc flu hosp,2025-11-22,19,quantile,0.6,52.61798517849193
2025-11-01,2,wk inc flu hosp,2025-11-22,19,quantile,0.65,54.54152472038495
2025-11-01,2,wk inc flu hosp,2025-11-22,19,quantile,0.7,56.534071039703655
2025-11-01,2,wk inc flu hosp,2025-11-22,19,quantile,0.75,58.59809974728269
2025-11-01,2,wk inc flu hosp,2025-11-22,19,quantile,0.8,60.73617526623316
2025-11-01,2,wk inc flu hosp,2025-11-22,19,quantile,0.85,62.95095401807393
2025-11-01,2,wk inc flu hosp,2025-11-22,19,quantile,0.9,65.24518772316458
2025-11-01,2,wk inc flu hosp,2025-11-22,19,quantile,0.95,67.62172681954135
2025-11-01,2,wk inc flu hosp,2025-11-22,19,quantile,0.975,68.84177951341483
2025-11-01,2,wk inc flu hosp,2025-11-22,19,quantile,0.99,69.58419866196343
2025-09-20,2,wk inc flu hosp,2025-10-11,20,quantile,0.01,0.0
2025-09-20,2,wk inc flu hosp,2025-10-11,20,quantile,0.025,0.0
2025-09-20,2,wk inc flu hosp,2025-10-11,20,quantile,0.05,0.0
2025-09-20,2,wk inc flu hosp,2025-10-11,20,quantile,0.1,0.0
2025-09-20,2,wk inc flu hosp,2025-10-11,20,quantile,0.15,0.0
2025-09-20,2,wk inc flu hosp,2025-10-11,20,quantile,0.2,4.5740329896805285
2025-09-20,2,wk inc flu hosp,2025-10-11,20,quantile,0.25,9.748158976268577
2025-09-20,2,wk inc flu hosp,2025-10-11,20,quantile,0.3,14.394684025310923
2025-09-20,2,wk inc flu hosp,2025-10-11,20,quantile,0.35,18.700381953908973
2025-09-20,2,wk inc flu hosp,2025-10-11,20,quantile,0.4,22.786068233030065
2025-09-20,2,wk inc flu hosp,2025-10-11,20,quantile,0.45,26.739016991341813
2025-09-20,2,wk inc flu hosp,2025-10-11,20,quantile,0.5,30.629293240530064
2025-09-20,2,wk inc flu hosp,2025-10-11,20,quantile,0.55,34.51956948971832
2025-09-20,2,wk inc flu hosp,2025-10-11,20,quantile,0.6,38.47251824803006
2025-09-20,2,wk inc flu hosp,2025-10-11,20,quantile,0.65,42.558204527151155
2025-09-20,2,wk inc flu hosp,2025-10-11,20,quantile,0.7,46.8639024557492
2025-09-20,2,wk inc flu hosp,2025-10-11,20,quantile,0.75,51.51042750479155
2025-09-20,2,wk inc flu hosp,2025-10-11,20,quantile,0.8,56.6845534913796
2025-09-20,2,wk inc flu hosp,2025-10-11,20,quantile,0.85,62.715629253333674
2025-09-20,2,wk inc flu hosp,2025-10-11,20,quantile,0.9,70.30409971302547
2025-09-20,2,wk inc flu hosp,2025-10-11,20,quantile,0.95,81.55135605830644
2025-09-20,2,wk inc flu hosp,2025-10-11,20,quantile,0.975,91.3066735897497
2025-09-20,2,wk inc flu hosp,2025-10-11,20,quantile,0.99,102.6493384511567
2025-09-27,2,wk inc flu hosp,2025-10-18,20,quantile,0.01,0.0
2025-09-27,2,wk inc flu hosp,2025-10-18,20,quantile,0.025,0.0
2025-09-27,2,wk inc flu hosp,2025-10-18,20,quantile,0.05,0.0
2025-09-27,2,wk inc flu hosp,2025-10-18,20,quantile,0.1,0.0
2025-09-27,2,wk inc flu hosp,2025-10-18,20,quantile,0.15,0.0
2025-09-27,2,wk inc flu hosp,2025-10-18,20,quantile,0.2,0.0
2025-09-27,2,wk inc flu hosp,2025-10-18,20,quantile,0.25,0.0
2025-09-27,2,wk inc flu hosp,2025-10-18,20,quantile,0.3,0.0
2025-09-27,2,wk inc flu hosp,2025-10-18,20,quantile,0.35,3.2255878752872054
2025-09-27,2,wk inc flu hosp,2025-10-18,20,quantile,0.4,6.8062702846082574
2025-09-27,2,wk inc flu hosp,2025-10-18,20,quantile,0.45,10.270621954526296
2025-09-27,2,wk inc flu hosp,2025-10-18,20,quantile,0.5,13.680047637563426
2025-09-27,2,wk inc flu hosp,2025-10-18,20,quantile,0.55,17.089473320600558
2025-09-27,2,wk inc flu hosp,2025-10-18,20,quantile,0.6,20.553824990518596
2025-09-27,2,wk inc flu hosp,2025-10-18,20,quantile,0.65,24.13450739983965
2025-09-27,2,wk inc flu hosp,2025-10-18,20,quantile,0.7,27.90800731625948
2025-09-27,2,wk inc flu hosp,2025-10-18,20,quantile,0.75,31.980207032767005
2025-09-27,2,wk inc flu hosp,2025-10-18,20,quantile,0.8,36.514794526296306
2025-09-27,2,wk inc flu hosp,2025-10-18,20,quantile,0.85,41.80041006669386
2025-09-27,2,wk inc flu hosp,2025-10-18,20,quantile,0.9,48.45092134738769
2025-09-27,2,wk inc flu hosp,2025-10-18,20,quantile,0.95,58.30798089561508
2025-09-27,2,wk inc flu hosp,2025-10-18,20,quantile,0.975,66.85751003119384
2025-09-27,2,wk inc flu hosp,2025-10-18,20,quantile,0.99,76.79818529831223
2025-10-04,2,wk inc flu hosp,2025-10-25,20,quantile,0.01,0.0
2025-10-04,2,wk inc flu hosp,2025-10-25,20,quantile,0.025,0.0
2025-10-04,2,wk inc flu hosp,2025-10-25,20,quantile,0.05,0.0
2025-10-04,2,wk inc flu hosp,2025-10-25,20,quantile,0.1,0.0
2025-10-04,2,wk inc flu hosp,2025-10-25,20,quantile,0.15,0.0
2025-10-04,2,wk inc flu hosp,2025-10-25,20,quantile,0.2,0.0
2025-10-04,2,wk inc flu hosp,2025-10-25,20,quantile,0.25,0.0
2025-10-04,2,wk inc flu hosp,2025-10-25,20,quantile,0.3,0.0
2025-10-04,2,wk inc flu hosp,2025-10-25,20,quantile,0.35,0.0
2025-10-04,2,wk inc flu hosp,2025-10-25,20,quantile,0.4,0.0
2025-10-04,2,wk inc flu hosp,2025-10-25,20,quantile,0.45,3.6409063612961847
2025-10-04,2,wk inc flu hosp,2025-10-25,20,quantile,0.5,7.39899046304055
2025-10-04,2,wk inc flu hosp,2025-10-25,20,quantile,0.55,11.15707456478492
2025-10-04,2,wk inc flu hosp,2025-10-25,20,quantile,0.6,14.975701554763141
2025-10-04,2,wk inc flu hosp,2025-10-25,20,quantile,0.65,18.922555625469283
2025-10-04,2,wk inc flu hosp,2025-10-25,20,quantile,0.7,23.08194531810469
2025-10-04,2,wk inc flu hosp,2025-10-25,20,quantile,0.75,27.570580776526615
2025-10-04,2,wk inc flu hosp,2025-10-25,20,quantile,0.8,32.568889216621656
2025-10-04,2,wk inc flu hosp,2025-10-25,20,quantile,0.85,38.39502815524966
2025-10-04,2,wk inc flu hosp,2025-10-25,20,quantile,0.9,45.725641295402646
2025-10-04,2,wk inc flu hosp,2025-10-25,20,quantile,0.95,56.5907142496083
2025-10-04,2,wk inc flu hosp,2025-10-25,20,quantile,0.975,66.01454468582342
2025-10-04,2,wk inc flu hosp,2025-10-25,20,quantile,0.99,76.97178416103101
2025-10-11,2,wk inc flu hosp,2025-11-01,20,quantile,0.01,0.0
2025-10-11,2,wk inc flu hosp,2025-11-01,20,quantile,0.025,0.0
2025-10-11,2,wk inc flu hosp,2025-11-01,20,quantile,0.05,0.0
2025-10-11,2,wk inc flu hosp,2025-11-01,20,quantile,0.1,0.0
2025-10-11,2,wk inc flu hosp,2025-11-01,20,quantile,0.15,0.0
2025-10-11,2,wk inc flu hosp,2025-11-01,20,quantile,0.2,0.0
2025-10-11,2,wk inc flu hosp,2025-11-01,20,quantile,0.25,0.0
2025-10-11,2,wk inc flu hosp,2025-11-01,20,quantile,0.3,0.0
2025-10-11,2,wk inc flu hosp,2025-11-01,20,quantile,0.35,0.8986224325865138
2025-10-11,2,wk inc flu hosp,2025-11-01,20,quantile,0.4,4.467388454316613
2025-10-11,2,wk inc flu hosp,2025-11-01,20,quantile,0.45,7.920210881333176
2025-10-11,2,wk inc flu hosp,2025-11-01,20,quantile,0.5,11.318290113259238
2025-10-11,2,wk inc flu hosp,2025-11-01,20,quantile,0.55,14.716369345185303
2025-10-11,2,wk inc flu hosp,2025-11-01,20,quantile,0.6,18.169191772201863
2025-10-11,2,wk inc flu hosp,2025-11-01,20,quantile,0.65,21.73795779393196
2025-10-11,2,wk inc flu hosp,2025-11-01,20,quantile,0.7,25.498899632745854
2025-10-11,2,wk inc flu hosp,2025-11-01,20,quantile,0.75,29.55754720901236
2025-10-11,2,wk inc flu hosp,2025-11-01,20,quantile,0.8,34.07704375172253
2025-10-11,2,wk inc flu hosp,2025-11-01,20,quantile,0.85,39.34506894585755
2025-10-11,2,wk inc flu hosp,2025-11-01,20,quantile,0.9,45.97344755432877
2025-10-11,2,wk inc flu hosp,2025-11-01,20,quantile,0.95,55.79770314826577
2025-10-11,2,wk inc flu hosp,2025-11-01,20,quantile,0.975,64.31877974568184
2025-10-11,2,wk inc flu hosp,2025-11-01,20,quantile,0.99,74.22637278828057
2025-10-18,2,wk inc flu hosp,2025-11-08,20,quantile,0.01,0.0
2025-10-18,2,wk inc flu hosp,2025-11-08,20,quantile,0.025,0.0
2025-10-18,2,wk inc flu hosp,2025-11-08,20,quantile,0.05,0.0
2025-10-18,2,wk inc flu hosp,2025-11-08,20,quantile,0.1,0.0
2025-10-18,2,wk inc flu hosp,2025-11-08,20,quantile,0.15,0.0
2025-10-18,2,wk inc flu hosp,2025-11-08,20,quantile,0.2,0.0
2025-10-18,2,wk inc flu hosp,2025-11-08,20,quantile,0.25,0.0
2025-10-18,2,wk inc flu hosp,2025-11-08,20,quantile,0.3,0.0
2025-10-18,2,wk inc flu hosp,2025-11-08,20,quantile,0.35,0.0
2025-10-18,2,wk inc flu hosp,2025-11-08,20,quantile,0.4,0.9407730698504206
2025-10-18,2,wk inc flu hosp,2025-11-08,20,quantile,0.45,4.384805605975557
2025-10-18,2,wk inc flu hosp,2025-11-08,20,quantile,0.5,7.774234307409421
2025-10-18,2,wk inc flu hosp,2025-11-08,20,quantile,0.55,11.16366300884329
2025-10-18,2,wk inc flu hosp,2025-11-08,20,quantile,0.6,14.607695544968422
2025-10-18,2,wk inc flu hosp,2025-11-08,20,quantile,0.65,18.167376516826685
2025-10-18,2,wk inc flu hosp,2025-11-08,20,quantile,0.7,21.91874408151819
2025-10-18,2,wk inc flu hosp,2025-11-08,20,quantile,0.75,25.967059510645306
2025-10-18,2,wk inc flu hosp,2025-11-08,20,quantile,0.8,30.475050717551422
2025-10-18,2,wk inc flu hosp,2025-11-08,20,quantile,0.85,35.72966503764107
2025-10-18,2,wk inc flu hosp,2025-11-08,20,quantile,0.9,42.341169704290195
2025-10-18,2,wk inc flu hosp,2025-11-08,20,quantile,0.95,52.1404155745633
2025-10-18,2,wk inc flu hosp,2025-11-08,20,quantile,0.975,60.63979996650053
2025-10-18,2,wk inc flu hosp,2025-11-08,20,quantile,0.99,70.52217113230661
2025-10-25,2,wk inc flu hosp,2025-11-15,20,quantile,0.01,0.0
2025-10-25,2,wk inc flu hosp,2025-11-15,20,quantile,0.025,0.0
2025-10-25,2,wk inc flu hosp,2025-11-15,20,quantile,0.05,0.0
2025-10-25,2,wk inc flu hosp,2025-11-15,20,quantile,0.1,0.0
2025-10-25,2,wk inc flu hosp,2025-11-15,20,quantile,0.15,0.0
2025-10-25,2,wk inc flu hosp,2025-11-15,20,quantile,0.2,0.0
2025-10-25,2,wk inc flu hosp,2025-11-15,20,quantile,0.25,0.0
2025-10-25,2,wk inc flu hosp,2025-11-15,20,quantile,0.3,0.0
2025-10-25,2,wk inc flu hosp,2025-11-15,20,quantile,0.35,0.0
2025-10-25,2,wk inc flu hosp,2025-11-15,20,quantile,0.4,0.0
2025-10-25,2,wk inc flu hosp,2025-11-15,20,quantile,0.45,2.2401276478113377
2025-10-25,2,wk inc flu hosp,2025-11-15,20,quantile,0.5,5.525135923183643
2025-10-25,2,wk inc flu hosp,2025-11-15,20,quantile,0.55,8.810144198555951
2025-10-25,2,wk inc flu hosp,2025-11-15,20,quantile,0.6,12.148074091294628
2025-10-25,2,wk inc flu hosp,2025-11-15,20,quantile,0.65,15.598089560064594
2025-10-25,2,wk inc flu hosp,2025-11-15,20,quantile,0.7,19.23388620295064
2025-10-25,2,wk inc flu hosp,2025-11-15,20,quantile,0.75,23.1574824362551
2025-10-25,2,wk inc flu hosp,2025-11-15,20,quantile,0.8,27.52659290426036
2025-10-25,2,wk inc flu hosp,2025-11-15,20,quantile,0.85,32.61932476142616
2025-10-25,2,wk inc flu hosp,2025-11-15,20,quantile,0.9,39.02714432506443
2025-10-25,2,wk inc flu hosp,2025-11-15,20,quantile,0.95,48.52449818963668
2025-10-25,2,wk inc flu hosp,2025-11-15,20,quantile,0.975,56.76203628898437
2025-10-25,2,wk inc flu hosp,2025-11-15,20,quantile,0.99,66.33995455179964
2025-11-01,2,wk inc flu hosp,2025-11-22,20,quantile,0.01,4.0492849436858585
2025-11-01,2,wk inc flu hosp,2025-11-22,20,quantile,0.025,4.715571355064149
2025-11-01,2,wk inc flu hosp,2025-11-22,20,quantile,0.05,6.782285234265021
2025-11-01,2,wk inc flu hosp,2025-11-22,20,quantile,0.1,7.028159162040955
2025-11-01,2,wk inc flu hosp,2025-11-22,20,quantile,0.15,7.281801243584088
2025-11-01,2,wk inc flu hosp,2025-11-22,20,quantile,0.2,7.543456906351882
2025-11-01,2,wk inc flu hosp,2025-11-22,20,quantile,0.25,7.813379331849765
2025-11-01,2,wk inc flu hosp,2025-11-22,20,quantile,0.3,8.091829700612918
2025-11-01,2,wk inc flu hosp,2025-11-22,20,quantile,0.35,8.500438366672869
2025-11-01,2,wk inc flu hosp,2025-11-22,20,quantile,0.4,8.931596429523573
2025-11-01,2,wk inc flu hosp,2025-11-22,20,quantile,0.45,9.410954665576913
2025-11-01,2,wk inc flu hosp,2025-11-22,20,quantile,0.5,9.928651448370866
2025-11-01,2,wk inc flu hosp,2025-11-22,20,quantile,0.55,10.334290653904517
2025-11-01,2,wk inc flu hosp,2025-11-22,20,quantile,0.6,10.7549859865224
2025-11-01,2,wk inc flu hosp,2025-11-22,20,quantile,0.65,11.191296285113081
2025-11-01,2,wk inc flu hosp,2025-11-22,20,quantile,0.7,11.643801131011138
2025-11-01,2,wk inc flu hosp,2025-11-22,20,quantile,0.75,12.113101617895396
2025-11-01,2,wk inc flu hosp,2025-11-22,20,quantile,0.8,12.599821150263507
2025-11-01,2,wk inc flu hosp,2025-11-22,20,quantile,0.85,13.104606271543494
2025-11-01,2,wk inc flu hosp,2025-11-22,20,quantile,0.9,13.628127522942426
2025-11-01,2,wk inc flu hosp,2025-11-22,20,quantile,0.95,14.171080334172927
2025-11-01,2,wk inc flu hosp,2025-11-22,20,quantile,0.975,14.450067928601696
2025-11-01,2,wk inc flu hosp,2025-11-22,20,quantile,0.99,14.619917089285076
2025-09-20,2,wk inc flu hosp,2025-10-11,21,quantile,0.01,0.0
2025-09-20,2,wk inc flu hosp,2025-10-11,21,quantile,0.025,0.0
2025-09-20,2,wk inc flu hosp,2025-10-11,21,quantile,0.05,0.0
2025-09-20,2,wk inc flu hosp,2025-10-11,21,quantile,0.1,0.0
2025-09-20,2,wk inc flu hosp,2025-10-11,21,quantile,0.15,0.0
2025-09-20,2,wk inc flu hosp,2025-10-11,21,quantile,0.2,0.0
2025-09-20,2,wk inc flu hosp,2025-10-11,21,quantile,0.25,0.0
2025-09-20,2,wk inc flu hosp,2025-10-11,21,quantile,0.3,0.0
2025-09-20,2,wk inc flu hosp,2025-10-11,21,quantile,0.35,0.0
2025-09-20,2,wk inc flu hosp,2025-10-11,21,quantile,0.4,0.0
2025-09-20,2,wk inc flu hosp,2025-10-11,21,quantile,0.45,3.0009675117561043
2025-09-20,2,wk inc flu hosp,2025-10-11,21,quantile,0.5,8.418093071857005
2025-09-20,2,wk inc flu hosp,2025-10-11,21,quantile,0.55,13.835218631957911
2025-09-20,2,wk inc flu hosp,2025-10-11,21,quantile,0.6,19.339614305886684
2025-09-20,2,wk inc flu hosp,2025-10-11,21,quantile,0.65,25.02884410744605
2025-09-20,2,wk inc flu hosp,2025-10-11,21,quantile,0.7,31.02443537373437
2025-09-20,2,wk inc flu hosp,2025-10-11,21,quantile,0.75,37.494621035759934
2025-09-20,2,wk inc flu hosp,2025-10-11,21,quantile,0.8,44.69947959534859
2025-09-20,2,wk inc flu hosp,2025-10-11,21,quantile,0.85,53.09762218787105
2025-09-20,2,wk inc flu hosp,2025-10-11,21,quantile,0.9,63.66440322246842
2025-09-20,2,wk inc flu hosp,2025-10-11,21,quantile,0.95,79.32596449121942
2025-09-20,2,wk inc flu hosp,2025-10-11,21,quantile,0.975,92.91003322091659
2025-09-20,2,wk inc flu hosp,2025-10-11,21,quantile,0.99,108.70444878541724
2025-09-27,2,wk inc flu hosp,2025-10-18,21,quantile,0.01,0.0
2025-09-27,2,wk inc flu hosp,2025-10-18,21,quantile,0.025,15.284357882043821
2025-09-27,2,wk inc flu hosp,2025-10-18,21,quantile,0.05,29.727158351728747
2025-09-27,2,wk inc flu hosp,2025-10-18,21,quantile,0.1,46.37878232016541
2025-09-27,2,wk inc flu hosp,2025-10-18,21,quantile,0.15,57.61355395790748
2025-09-27,2,wk inc flu hosp,2025-10-18,21,quantile,0.2,66.54259430607631
2025-09-27,2,wk inc flu hosp,2025-10-18,21,quantile,0.25,74.20291586797701
2025-09-27,2,wk inc flu hosp,2025-10-18,21,quantile,0.3,81.08212138275466
2025-09-27,2,wk inc flu hosp,2025-10-18,21,quantile,0.35,87.45673049876126
2025-09-27,2,wk inc flu hosp,2025-10-18,21,quantile,0.4,93.50561117546695
2025-09-27,2,wk inc flu hosp,2025-10-18,21,quantile,0.45,99.35797323330546
2025-09-27,2,wk inc flu hosp,2025-10-18,21,quantile,0.5,105.11754830176226
2025-09-27,2,wk inc flu hosp,2025-10-18,21,quantile,0.55,110.87712337021907
2025-09-27,2,wk inc flu hosp,2025-10-18,21,quantile,0.6,116.72948542805756
2025-09-27,2,wk inc flu hosp,2025-10-18,21,quantile,0.65,122.77836610476325
2025-09-27,2,wk inc flu hosp,2025-10-18,21,quantile,0.7,129.15297522076983
2025-09-27,2,wk inc flu hosp,2025-10-18,21,quantile,0.75,136.03218073554748
2025-09-27,2,wk inc flu hosp,2025-10-18,21,quantile,0.8,143.69250229744821
2025-09-27,2,wk inc flu hosp,2025-10-18,21,quantile,0.85,152.62154264561704
2025-09-27,2,wk inc flu hosp,2025-10-18,21,quantile,0.9,163.8563142833591
2025-09-27,2,wk inc flu hosp,2025-10-18,21,quantile,0.95,180.50793825179574
2025-09-27,2,wk inc flu hosp,2025-10-18,21,quantile,0.975,194.95073872148066
2025-09-27,2,wk inc flu hosp,2025-10-18,21,quantile,0.99,211.7436155150637
2025-10-04,2,wk inc flu hosp,2025-10-25,21,quantile,0.01,0.0
2025-10-04,2,wk inc flu hosp,2025-10-25,21,quantile,0.025,0.0
2025-10-04,2,wk inc flu hosp,2025-10-25,21,quantile,0.05,0.0
2025-10-04,2,wk inc flu hosp,2025-10-25,21,quantile,0.1,0.0
2025-10-04,2,wk inc flu hosp,2025-10-25,21,quantile,0.15,0.0
2025-10-04,2,wk inc flu hosp,2025-10-25,21,quantile,0.2,0.0
2025-10-04,2,wk inc flu hosp,2025-10-25,21,quantile,0.25,0.0
2025-10-04,2,wk inc flu hosp,2025-10-25,21,quantile,0.3,0.0
2025-10-04,2,wk inc flu hosp,2025-10-25,21,quantile,0.35,0.0
2025-10-04,2,wk inc flu hosp,2025-10-25,21,quantile,0.4,3.4382057997273696
2025-10-04,2,wk inc flu hosp,2025-10-25,21,quantile,0.45,7.276417890162946
2025-10-04,2,wk inc flu hosp,2025-10-25,21,quantile,0.5,11.053776577996238
2025-10-04,2,wk inc flu hosp,2025-10-25,21,quantile,0.55,14.831135265829536
2025-10-04,2,wk inc flu hosp,2025-10-25,21,quantile,0.6,18.669347356265106
2025-10-04,2,wk inc flu hosp,2025-10-25,21,quantile,0.65,22.636444182723025
2025-10-04,2,wk inc flu hosp,2025-10-25,21,quantile,0.7,26.817166690840367
2025-10-04,2,wk inc flu hosp,2025-10-25,21,quantile,0.75,31.32882361132191
2025-10-04,2,wk inc flu hosp,2025-10-25,21,quantile,0.8,36.3527675411291
2025-10-04,2,wk inc flu hosp,2025-10-25,21,quantile,0.85,42.20878777392146
2025-10-04,2,wk inc flu hosp,2025-10-25,21,quantile,0.9,49.5769984053038
2025-10-04,2,wk inc flu hosp,2025-10-25,21,quantile,0.95,60.49779650518171
2025-10-04,2,wk inc flu hosp,2025-10-25,21,quantile,0.975,69.96996019475483
2025-10-04,2,wk inc flu hosp,2025-10-25,21,quantile,0.99,80.98339752233721
2025-10-11,2,wk inc flu hosp,2025-11-01,21,quantile,0.01,0.0
2025-10-11,2,wk inc flu hosp,2025-11-01,21,quantile,0.025,0.0
2025-10-11,2,wk inc flu hosp,2025-11-01,21,quantile,0.05,0.0
2025-10-11,2,wk inc flu hosp,2025-11-01,21,quantile,0.1,0.0
2025-10-11,2,wk inc flu hosp,2025-11-01,21,quantile,0.15,0.0
2025-10-11,2,wk inc flu hosp,2025-11-01,21,quantile,0.2,0.0
2025-10-11,2,wk inc flu hosp,2025-11-01,21,quantile,0.25,0.0
2025-10-11,2,wk inc flu hosp,2025-11-01,21,quantile,0.3,0.0
2025-10-11,2,wk inc flu hosp,2025-11-01,21,quantile,0.35,0.059951239336321294
2025-10-11,2,wk inc flu hosp,2025-11-01,21,quantile,0.4,6.472643206357374
2025-10-11,2,wk inc flu hosp,2025-11-01,21,quantile,0.45,12.676996897929765
2025-10-11,2,wk inc flu hosp,2025-11-01,21,quantile,0.5,18.782982905751417
2025-10-11,2,wk inc flu hosp,2025-11-01,21,quantile,0.55,24.888968913573077
2025-10-11,2,wk inc flu hosp,2025-11-01,21,quantile,0.6,31.09332260514546
2025-10-11,2,wk inc flu hosp,2025-11-01,21,quantile,0.65,37.506014572166514
2025-10-11,2,wk inc flu hosp,2025-11-01,21,quantile,0.7,44.264025988813884
2025-10-11,2,wk inc flu hosp,2025-11-01,21,quantile,0.75,51.55698286825541
2025-10-11,2,wk inc flu hosp,2025-11-01,21,quantile,0.8,59.67803619535661
2025-10-11,2,wk inc flu hosp,2025-11-01,21,quantile,0.85,69.14411568580101
2025-10-11,2,wk inc flu hosp,2025-11-01,21,quantile,0.9,81.05460519340716
2025-10-11,2,wk inc flu hosp,2025-11-01,21,quantile,0.95,98.70774483483979
2025-10-11,2,wk inc flu hosp,2025-11-01,21,quantile,0.975,114.01921079083169
2025-10-11,2,wk inc flu hosp,2025-11-01,21,quantile,0.99,131.8220989403848
2025-10-18,2,wk inc flu hosp,2025-11-08,21,quantile,0.01,0.0
2025-10-18,2,wk inc flu hosp,2025-11-08,21,quantile,0.025,0.0
2025-10-18,2,wk inc flu hosp,2025-11-08,21,quantile,0.05,0.0
2025-10-18,2,wk inc flu hosp,2025-11-08,21,quantile,0.1,0.0
2025-10-18,2,wk inc flu hosp,2025-11-08,21,quantile,0.15,0.0
2025-10-18,2,wk inc flu hosp,2025-11-08,21,quantile,0.2,0.0
2025-10-18,2,wk inc flu hosp,2025-11-08,21,quantile,0.25,0.0
2025-10-18,2,wk inc flu hosp,2025-11-08,21,quantile,0.3,0.0
2025-10-18,2,wk inc flu hosp,2025-11-08,21,quantile,0.35,0.9532441288454443
2025-10-18,2,wk inc flu hosp,2025-11-08,21,quantile,0.4,6.356671934824588
2025-10-18,2,wk inc flu hosp,2025-11-08,21,quantile,0.45,11.58455087046995
2025-10-18,2,wk inc flu hosp,2025-11-08,21,quantile,0.5,16.72954376070381
2025-10-18,2,wk inc flu hosp,2025-11-08,21,quantile,0.55,21.874536650937674
2025-10-18,2,wk inc flu hosp,2025-11-08,21,quantile,0.6,27.102415586583028
2025-10-18,2,wk inc flu hosp,2025-11-08,21,quantile,0.65,32.50584339256217
2025-10-18,2,wk inc flu hosp,2025-11-08,21,quantile,0.7,38.20024240465135
2025-10-18,2,wk inc flu hosp,2025-11-08,21,quantile,0.75,44.345394267993896
2025-10-18,2,wk inc flu hosp,2025-11-08,21,quantile,0.8,51.188312279208276
2025-10-18,2,wk inc flu hosp,2025-11-08,21,quantile,0.85,59.16456895820123
2025-10-18,2,wk inc flu hosp,2025-11-08,21,quantile,0.9,69.20052117907773
2025-10-18,2,wk inc flu hosp,2025-11-08,21,quantile,0.95,84.07531418206379
2025-10-18,2,wk inc flu hosp,2025-11-08,21,quantile,0.975,96.97697877509165
2025-10-18,2,wk inc flu hosp,2025-11-08,21,quantile,0.99,111.97795205569645
2025-10-25,2,wk inc flu hosp,2025-11-15,21,quantile,0.01,0.0
2025-10-25,2,wk inc flu hosp,2025-11-15,21,quantile,0.025,0.0
2025-10-25,2,wk inc flu hosp,2025-11-15,21,quantile,0.05,0.0
2025-10-25,2,wk inc flu hosp,2025-11-15,21,quantile,0.1,0.0
2025-10-25,2,wk inc flu hosp,2025-11-15,21,quantile,0.15,0.0
2025-10-25,2,wk inc flu hosp,2025-11-15,21,quantile,0.2,0.0
2025-10-25,2,wk inc flu hosp,2025-11-15,21,quantile,0.25,0.0
2025-10-25,2,wk inc flu hosp,2025-11-15,21,quantile,0.3,0.0
2025-10-25,2,wk inc flu hosp,2025-11-15,21,quantile,0.35,0.0
2025-10-25,2,wk inc flu hosp,2025-11-15,21,quantile,0.4,2.7461360122927125
2025-10-25,2,wk inc flu hosp,2025-11-15,21,quantile,0.45,8.704329408562199
2025-10-25,2,wk inc flu hosp,2025-11-15,21,quantile,0.5,14.568057899562652
2025-10-25,2,wk inc flu hosp,2025-11-15,21,quantile,0.55,20.43178639056311
2025-10-25,2,wk inc flu hosp,2025-11-15,21,quantile,0.6,26.38997978683259
2025-10-25,2,wk inc flu hosp,2025-11-15,21,quantile,0.65,32.54824555142217
2025-10-25,2,wk inc flu hosp,2025-11-15,21,quantile,0.7,39.038130073846546
2025-10-25,2,wk inc flu hosp,2025-11-15,21,quantile,0.75,46.041735876879706
2025-10-25,2,wk inc flu hosp,2025-11-15,21,quantile,0.8,53.84058305898223
2025-10-25,2,wk inc flu hosp,2025-11-15,21,quantile,0.85,62.93109193585995
2025-10-25,2,wk inc flu hosp,2025-11-15,21,quantile,0.9,74.36902785285164
2025-10-25,2,wk inc flu hosp,2025-11-15,21,quantile,0.95,91.32177188771834
2025-10-25,2,wk inc flu hosp,2025-11-15,21,quantile,0.975,106.02574910779776
2025-10-25,2,wk inc flu hosp,2025-11-15,21,quantile,0.99,123.12230031687449
2025-11-01,2,wk inc flu hosp,2025-11-22,21,quantile,0.01,1.7875459530574829
2025-11-01,2,wk inc flu hosp,2025-11-22,21,quantile,0.025,1.7875459530574829
2025-11-01,2,wk inc flu hosp,2025-11-22,21,quantile,0.05,2.3357484959122856
2025-11-01,2,wk inc flu hosp,2025-11-22,21,quantile,0.1,4.45464837038232
2025-11-01,2,wk inc flu hosp,2025-11-22,21,quantile,0.15,7.919494044882234
2025-11-01,2,wk inc flu hosp,2025-11-22,21,quantile,0.2,9.611247974800468
2025-11-01,2,wk inc flu hosp,2025-11-22,21,quantile,0.25,10.802370879413603
2025-11-01,2,wk inc flu hosp,2025-11-22,21,quantile,0.3,12.127198488436932
2025-11-01,2,wk inc flu hosp,2025-11-22,21,quantile,0.35,13.600739284968375
2025-11-01,2,wk inc flu hosp,2025-11-22,21,quantile,0.4,15.23968646892933
2025-11-01,2,wk inc flu hosp,2025-11-22,21,quantile,0.45,16.675029558058892
2025-11-01,2,wk inc flu hosp,2025-11-22,21,quantile,0.5,17.554136252439445
2025-11-01,2,wk inc flu hosp,2025-11-22,21,quantile,0.55,17.870213914465257
2025-11-01,2,wk inc flu hosp,2025-11-22,21,quantile,0.6,18.191676094911774
2025-11-01,2,wk inc flu hosp,2025-11-22,21,quantile,0.65,18.51861452135772
2025-11-01,2,wk inc flu hosp,2025-11-22,21,quantile,0.7,18.851122484000417
2025-11-01,2,wk inc flu hosp,2025-11-22,21,quantile,0.75,19.18929486227568
2025-11-01,2,wk inc flu hosp,2025-11-22,21,quantile,0.8,19.53322815193117
2025-11-01,2,wk inc flu hosp,2025-11-22,21,quantile,0.85,19.88302049256096
2025-11-01,2,wk inc flu hosp,2025-11-22,21,quantile,0.9,20.238771695609163
2025-11-01,2,wk inc flu hosp,2025-11-22,21,quantile,0.95,20.600583272850617
2025-11-01,2,wk inc flu hosp,2025-11-22,21,quantile,0.975,20.78379389627587
2025-11-01,2,wk inc flu hosp,2025-11-22,21,quantile,0.99,25.734492590187116
2025-09-20,2,wk inc flu hosp,2025-10-11,22,quantile,0.01,0.0
2025-09-20,2,wk inc flu hosp,2025-10-11,22,quantile,0.025,0.0
2025-09-20,2,wk inc flu hosp,2025-10-11,22,quantile,0.05,0.0
2025-09-20,2,wk inc flu hosp,2025-10-11,22,quantile,0.1,0.0
2025-09-20,2,wk inc flu hosp,2025-10-11,22,quantile,0.15,0.07849049812338649
2025-09-20,2,wk inc flu hosp,2025-10-11,22,quantile,0.2,5.714988485919996
2025-09-20,2,wk inc flu hosp,2025-10-11,22,quantile,0.25,10.550601876152143
2025-09-20,2,wk inc flu hosp,2025-10-11,22,quantile,0.3,14.893132151495275
2025-09-20,2,wk inc flu hosp,2025-10-11,22,quantile,0.35,18.917133617983193
2025-09-20,2,wk inc flu hosp,2025-10-11,22,quantile,0.4,22.73551750171886
2025-09-20,2,wk inc flu hosp,2025-10-11,22,quantile,0.45,26.42984809902979
2025-09-20,2,wk inc flu hosp,2025-10-11,22,quantile,0.5,30.06560648045294
2025-09-20,2,wk inc flu hosp,2025-10-11,22,quantile,0.55,33.70136486187609
2025-09-20,2,wk inc flu hosp,2025-10-11,22,quantile,0.6,37.39569545918702
2025-09-20,2,wk inc flu hosp,2025-10-11,22,quantile,0.65,41.21407934292269
2025-09-20,2,wk inc flu hosp,2025-10-11,22,quantile,0.7,45.2380808094106
2025-09-20,2,wk inc flu hosp,2025-10-11,22,quantile,0.75,49.580611084753734
2025-09-20,2,wk inc flu hosp,2025-10-11,22,quantile,0.8,54.41622447498588
2025-09-20,2,wk inc flu hosp,2025-10-11,22,quantile,0.85,60.05272246278249
2025-09-20,2,wk inc flu hosp,2025-10-11,22,quantile,0.9,67.14472398369332
2025-09-20,2,wk inc flu hosp,2025-10-11,22,quantile,0.95,77.65613857382755
2025-09-20,2,wk inc flu hosp,2025-10-11,22,quantile,0.975,86.77322312168961
2025-09-20,2,wk inc flu hosp,2025-10-11,22,quantile,0.99,97.37380421053628
2025-09-27,2,wk inc flu hosp,2025-10-18,22,quantile,0.01,0.0
2025-09-27,2,wk inc flu hosp,2025-10-18,22,quantile,0.025,1.0618822429549937
2025-09-27,2,wk inc flu hosp,2025-10-18,22,quantile,0.05,6.3563015748495
2025-09-27,2,wk inc flu hosp,2025-10-18,22,quantile,0.1,12.46042798931989
2025-09-27,2,wk inc flu hosp,2025-10-18,22,quantile,0.15,16.578853101757886
2025-09-27,2,wk inc flu hosp,2025-10-18,22,quantile,0.2,19.852046824390712
2025-09-27,2,wk inc flu hosp,2025-10-18,22,quantile,0.25,22.660155587714243
2025-09-27,2,wk inc flu hosp,2025-10-18,22,quantile,0.3,25.181924045428637
2025-09-27,2,wk inc flu hosp,2025-10-18,22,quantile,0.35,27.51871834012906
2025-09-27,2,wk inc flu hosp,2025-10-18,22,quantile,0.4,29.736107610187453
2025-09-27,2,wk inc flu hosp,2025-10-18,22,quantile,0.45,31.88145739060591
2025-09-27,2,wk inc flu hosp,2025-10-18,22,quantile,0.5,33.992793460777385
2025-09-27,2,wk inc flu hosp,2025-10-18,22,quantile,0.55,36.10412953094887
2025-09-27,2,wk inc flu hosp,2025-10-18,22,quantile,0.6,38.24947931136732
2025-09-27,2,wk inc flu hosp,2025-10-18,22,quantile,0.65,40.466868581425715
2025-09-27,2,wk inc flu hosp,2025-10-18,22,quantile,0.7,42.80366287612613
2025-09-27,2,wk inc flu hosp,2025-10-18,22,quantile,0.75,45.32543133384053
2025-09-27,2,wk inc flu hosp,2025-10-18,22,quantile,0.8,48.13354009716406
2025-09-27,2,wk inc flu hosp,2025-10-18,22,quantile,0.85,51.406733819796884
2025-09-27,2,wk inc flu hosp,2025-10-18,22,quantile,0.9,55.52515893223488
2025-09-27,2,wk inc flu hosp,2025-10-18,22,quantile,0.95,61.62928534670526
2025-09-27,2,wk inc flu hosp,2025-10-18,22,quantile,0.975,66.92370467859976
2025-09-27,2,wk inc flu hosp,2025-10-18,22,quantile,0.99,73.07961133400815
2025-10-04,2,wk inc flu hosp,2025-10-25,22,quantile,0.01,15.893690134960503
2025-10-04,2,wk inc flu hosp,2025-10-25,22,quantile,0.025,18.282131880219662
2025-10-04,2,wk inc flu hosp,2025-10-25,22,quantile,0.05,20.336323546380502
2025-10-04,2,wk inc flu hosp,2025-10-25,22,quantile,0.1,22.704674979040913
2025-10-04,2,wk inc flu hosp,2025-10-25,22,quantile,0.15,24.302590446883237
2025-10-04,2,wk inc flu hosp,2025-10-25,22,quantile,0.2,25.57256300577316
2025-10-04,2,wk inc flu hosp,2025-10-25,22,quantile,0.25,26.662086380799877
2025-10-04,2,wk inc flu hosp,2025-10-25,22,quantile,0.3,27.640512044709382
2025-10-04,2,wk inc flu hosp,2025-10-25,22,quantile,0.35,28.547169236894447
2025-10-04,2,wk inc flu hosp,2025-10-25,22,quantile,0.4,29.407498250077943
2025-10-04,2,wk inc flu hosp,2025-10-25,22,quantile,0.45,30.23987652683953
2025-10-04,2,wk inc flu hosp,2025-10-25,22,quantile,0.5,31.05905776049884
2025-10-04,2,wk inc flu hosp,2025-10-25,22,quantile,0.55,31.878238994158146
2025-10-04,2,wk inc flu hosp,2025-10-25,22,quantile,0.6,32.710617270919734
2025-10-04,2,wk inc flu hosp,2025-10-25,22,quantile,0.65,33.57094628410323
2025-10-04,2,wk inc flu hosp,2025-10-25,22,quantile,0.7,34.477603476288294
2025-10-04,2,wk inc flu hosp,2025-10-25,22,quantile,0.75,35.4560291401978
2025-10-04,2,wk inc flu hosp,2025-10-25,22,quantile,0.8,36.54555251522452
2025-10-04,2,wk inc flu hosp,2025-10-25,22,quantile,0.85,37.81552507411444
2025-10-04,2,wk inc flu hosp,2025-10-25,22,quantile,0.9,39.41344054195676
2025-10-04,2,wk inc flu hosp,2025-10-25,22,quantile,0.95,41.78179197461717
2025-10-04,2,wk inc flu hosp,2025-10-25,22,quantile,0.975,43.83598364077801
2025-10-04,2,wk inc flu hosp,2025-10-25,22,quantile,0.99,46.224425386037176
2025-10-11,2,wk inc flu hosp,2025-11-01,22,quantile,0.01,24.72567283711868
2025-10-11,2,wk inc flu hosp,2025-11-01,22,quantile,0.025,27.47813505651476
2025-10-11,2,wk inc flu hosp,2025-11-01,22,quantile,0.05,29.845404412666667
2025-10-11,2,wk inc flu hosp,2025-11-01,22,quantile,0.1,32.574714371173954
2025-10-11,2,wk inc flu hosp,2025-11-01,22,quantile,0.15,34.41616684275073
2025-10-11,2,wk inc flu hosp,2025-11-01,22,quantile,0.2,35.87969489192865
2025-10-11,2,wk inc flu hosp,2025-11-01,22,quantile,0.25,37.135271643114834
2025-10-11,2,wk inc flu hosp,2025-11-01,22,quantile,0.3,38.26281837091088
2025-10-11,2,wk inc flu hosp,2025-11-01,22,quantile,0.35,39.307658452267916
2025-10-11,2,wk inc flu hosp,2025-11-01,22,quantile,0.4,40.29910951434142
2025-10-11,2,wk inc flu hosp,2025-11-01,22,quantile,0.45,41.258349890867194
2025-10-11,2,wk inc flu hosp,2025-11-01,22,quantile,0.5,42.20238187362793
2025-10-11,2,wk inc flu hosp,2025-11-01,22,quantile,0.55,43.14641385638866
2025-10-11,2,wk inc flu hosp,2025-11-01,22,quantile,0.6,44.10565423291444
2025-10-11,2,wk inc flu hosp,2025-11-01,22,quantile,0.65,45.09710529498794
2025-10-11,2,wk inc flu hosp,2025-11-01,22,quantile,0.7,46.14194537634498
2025-10-11,2,wk inc flu hosp,2025-11-01,22,quantile,0.75,47.26949210414102
2025-10-11,2,wk inc flu hosp,2025-11-01,22,quantile,0.8,48.525068855327206
2025-10-11,2,wk inc flu hosp,2025-11-01,22,quantile,0.85,49.98859690450513
2025-10-11,2,wk inc flu hosp,2025-11-01,22,quantile,0.9,51.8300493760819
2025-10-11,2,wk inc flu hosp,2025-11-01,22,quantile,0.95,54.55935933458919
2025-10-11,2,wk inc flu hosp,2025-11-01,22,quantile,0.975,56.9266286907411
2025-10-11,2,wk inc flu hosp,2025-11-01,22,quantile,0.99,59.67909091013718
2025-10-18,2,wk inc flu hosp,2025-11-08,22,quantile,0.01,16.60657083369459
2025-10-18,2,wk inc flu hosp,2025-11-08,22,quantile,0.025,20.415814281681577
2025-10-18,2,wk inc flu hosp,2025-11-08,22,quantile,0.05,23.691973794788563
2025-10-18,2,wk inc flu hosp,2025-11-08,22,quantile,0.1,27.46917589540474
2025-10-18,2,wk inc flu hosp,2025-11-08,22,quantile,0.15,30.017636220383267
2025-10-18,2,wk inc flu hosp,2025-11-08,22,quantile,0.2,32.04307169883987
2025-10-18,2,wk inc flu hosp,2025-11-08,22,quantile,0.25,33.780714991160934
2025-10-18,2,wk inc flu hosp,2025-11-08,22,quantile,0.3,35.34117237178889
2025-10-18,2,wk inc flu hosp,2025-11-08,22,quantile,0.35,36.78716868957914
2025-10-18,2,wk inc flu hosp,2025-11-08,22,quantile,0.4,38.15927779087386
2025-10-18,2,wk inc flu hosp,2025-11-08,22,quantile,0.45,39.486809225665766
2025-10-18,2,wk inc flu hosp,2025-11-08,22,quantile,0.5,40.79329315110562
2025-10-18,2,wk inc flu hosp,2025-11-08,22,quantile,0.55,42.09977707654548
2025-10-18,2,wk inc flu hosp,2025-11-08,22,quantile,0.6,43.42730851133739
2025-10-18,2,wk inc flu hosp,2025-11-08,22,quantile,0.65,44.799417612632105
2025-10-18,2,wk inc flu hosp,2025-11-08,22,quantile,0.7,46.245413930422345
2025-10-18,2,wk inc flu hosp,2025-11-08,22,quantile,0.75,47.80587131105031
2025-10-18,2,wk inc flu hosp,2025-11-08,22,quantile,0.8,49.543514603371385
2025-10-18,2,wk inc flu hosp,2025-11-08,22,quantile,0.85,51.56895008182798
2025-10-18,2,wk inc flu hosp,2025-11-08,22,quantile,0.9,54.117410406806506
2025-10-18,2,wk inc flu hosp,2025-11-08,22,quantile,0.95,57.89461250742268
2025-10-18,2,wk inc flu hosp,2025-11-08,22,quantile,0.975,61.17077202052967
2025-10-18,2,wk inc flu hosp,2025-11-08,22,quantile,0.99,64.98001546851665
2025-10-25,2,wk inc flu hosp,2025-11-15,22,quantile,0.01,0.0
2025-10-25,2,wk inc flu hosp,2025-11-15,22,quantile,0.025,1.5458233592528572
2025-10-25,2,wk inc flu hosp,2025-11-15,22,quantile,0.05,10.555560579619687
2025-10-25,2,wk inc flu hosp,2025-11-15,22,quantile,0.1,20.943210576092234
2025-10-25,2,wk inc flu hosp,2025-11-15,22,quantile,0.15,27.95170871323326
2025-10-25,2,wk inc flu hosp,2025-11-15,22,quantile,0.2,33.52184085872076
2025-10-25,2,wk inc flu hosp,2025-11-15,22,quantile,0.25,38.30051826557833
2025-10-25,2,wk inc flu hosp,2025-11-15,22,quantile,0.3,42.59191826817056
2025-10-25,2,wk inc flu hosp,2025-11-15,22,quantile,0.35,46.56853991702087
2025-10-25,2,wk inc flu hosp,2025-11-15,22,quantile,0.4,50.34196498710091
2025-10-25,2,wk inc flu hosp,2025-11-15,22,quantile,0.45,53.992797411895914
2025-10-25,2,wk inc flu hosp,2025-11-15,22,quantile,0.5,57.58574726789459
2025-10-25,2,wk inc flu hosp,2025-11-15,22,quantile,0.55,61.17869712389327
2025-10-25,2,wk inc flu hosp,2025-11-15,22,quantile,0.6,64.82952954868827
2025-10-25,2,wk inc flu hosp,2025-11-15,22,quantile,0.65,68.60295461876831
2025-10-25,2,wk inc flu hosp,2025-11-15,22,quantile,0.7,72.5795762676186
2025-10-25,2,wk inc flu hosp,2025-11-15,22,quantile,0.75,76.87097627021085
2025-10-25,2,wk inc flu hosp,2025-11-15,22,quantile,0.8,81.64965367706843
2025-10-25,2,wk inc flu hosp,2025-11-15,22,quantile,0.85,87.21978582255592
2025-10-25,2,wk inc flu hosp,2025-11-15,22,quantile,0.9,94.22828395969694
2025-10-25,2,wk inc flu hosp,2025-11-15,22,quantile,0.95,104.61593395616947
2025-10-25,2,wk inc flu hosp,2025-11-15,22,quantile,0.975,113.62567117653631
2025-10-25,2,wk inc flu hosp,2025-11-15,22,quantile,0.99,124.10143779823501
2025-11-01,2,wk inc flu hosp,2025-11-22,22,quantile,0.01,95.83109422955707
2025-11-01,2,wk inc flu hosp,2025-11-22,22,quantile,0.025,95.83109422955707
2025-11-01,2,wk inc flu hosp,2025-11-22,22,quantile,0.05,95.83109422955707
2025-11-01,2,wk inc flu hosp,2025-11-22,22,quantile,0.1,95.83109422955707
2025-11-01,2,wk inc flu hosp,2025-11-22,22,quantile,0.15,113.62807033308383
2025-11-01,2,wk inc flu hosp,2025-11-22,22,quantile,0.2,133.3790277766434
2025-11-01,2,wk inc flu hosp,2025-11-22,22,quantile,0.25,159.44886907047106
2025-11-01,2,wk inc flu hosp,2025-11-22,22,quantile,0.3,160.73224689695965
2025-11-01,2,wk inc flu hosp,2025-11-22,22,quantile,0.35,162.0258900413346
2025-11-01,2,wk inc flu hosp,2025-11-22,22,quantile,0.4,163.32988061250342
2025-11-01,2,wk inc flu hosp,2025-11-22,22,quantile,0.45,164.64430137613604
2025-11-01,2,wk inc flu hosp,2025-11-22,22,quantile,0.5,165.96923575991755
2025-11-01,2,wk inc flu hosp,2025-11-22,22,quantile,0.55,167.30476785884375
2025-11-01,2,wk inc flu hosp,2025-11-22,22,quantile,0.6,168.65098244055858
2025-11-01,2,wk inc flu hosp,2025-11-22,22,quantile,0.65,170.007964950735
2025-11-01,2,wk inc flu hosp,2025-11-22,22,quantile,0.7,171.37580151849735
2025-11-01,2,wk inc flu hosp,2025-11-22,22,quantile,0.75,172.87217672911703
2025-11-01,2,wk inc flu hosp,2025-11-22,22,quantile,0.8,175.76339883135498
2025-11-01,2,wk inc flu hosp,2025-11-22,22,quantile,0.85,178.702697430947
2025-11-01,2,wk inc flu hosp,2025-11-22,22,quantile,0.9,181.69087196478063
2025-11-01,2,wk inc flu hosp,2025-11-22,22,quantile,0.95,184.72873516312663
2025-11-01,2,wk inc flu hosp,2025-11-22,22,quantile,0.975,186.2665576789347
2025-11-01,2,wk inc flu hosp,2025-11-22,22,quantile,0.99,187.19535633688872
2025-09-20,2,wk inc flu hosp,2025-10-11,23,quantile,0.01,0.0
2025-09-20,2,wk inc flu hosp,2025-10-11,23,quantile,0.025,0.0
2025-09-20,2,wk inc flu hosp,2025-10-11,23,quantile,0.05,0.0
2025-09-20,2,wk inc flu hosp,2025-10-11,23,quantile,0.1,0.0
2025-09-20,2,wk inc flu hosp,2025-10-11,23,quantile,0.15,0.0
2025-09-20,2,wk inc flu hosp,2025-10-11,23,quantile,0.2,0.0
2025-09-20,2,wk inc flu hosp,2025-10-11,23,quantile,0.25,0.0
2025-09-20,2,wk inc flu hosp,2025-10-11,23,quantile,0.3,0.0
2025-09-20,2,wk inc flu hosp,2025-10-11,23,quantile,0.35,0.0
2025-09-20,2,wk inc flu hosp,2025-10-11,23,quantile,0.4,0.0
2025-09-20,2,wk inc flu hosp,2025-10-11,23,quantile,0.45,0.0
2025-09-20,2,wk inc flu hosp,2025-10-11,23,quantile,0.5,0.0
2025-09-20,2,wk inc flu hosp,2025-10-11,23,quantile,0.55,1.7712783285168303
2025-09-20,2,wk inc flu hosp,2025-10-11,23,quantile,0.6,3.571092023185967
2025-09-20,2,wk inc flu hosp,2025-10-11,23,quantile,0.65,5.4313423241345955
2025-09-20,2,wk inc flu hosp,2025-10-11,23,quantile,0.7,7.3917659397215045
2025-09-20,2,wk inc flu hosp,2025-10-11,23,quantile,0.75,9.507371257980498
2025-09-20,2,wk inc flu hosp,2025-10-11,23,quantile,0.8,11.863198104717025
2025-09-20,2,wk inc flu hosp,2025-10-11,23,quantile,0.85,14.609202015627318
2025-09-20,2,wk inc flu hosp,2025-10-11,23,quantile,0.9,18.064301965058124
2025-09-20,2,wk inc flu hosp,2025-10-11,23,quantile,0.95,23.185280564926586
2025-09-20,2,wk inc flu hosp,2025-10-11,23,quantile,0.975,27.626965788399154
2025-09-20,2,wk inc flu hosp,2025-10-11,23,quantile,0.99,32.79138475757435
2025-09-27,2,wk inc flu hosp,2025-10-18,23,quantile,0.01,0.0
2025-09-27,2,wk inc flu hosp,2025-10-18,23,quantile,0.025,0.0
2025-09-27,2,wk inc flu hosp,2025-10-18,23,quantile,0.05,0.0
2025-09-27,2,wk inc flu hosp,2025-10-18,23,quantile,0.1,0.0
2025-09-27,2,wk inc flu hosp,2025-10-18,23,quantile,0.15,0.0
2025-09-27,2,wk inc flu hosp,2025-10-18,23,quantile,0.2,0.0
2025-09-27,2,wk inc flu hosp,2025-10-18,23,quantile,0.25,0.0
2025-09-27,2,wk inc flu hosp,2025-10-18,23,quantile,0.3,0.0
2025-09-27,2,wk inc flu hosp,2025-10-18,23,quantile,0.35,0.0
2025-09-27,2,wk inc flu hosp,2025-10-18,23,quantile,0.4,0.0
2025-09-27,2,wk inc flu hosp,2025-10-18,23,quantile,0.45,0.0
2025-09-27,2,wk inc flu hosp,2025-10-18,23,quantile,0.5,0.11255446618645873
2025-09-27,2,wk inc flu hosp,2025-10-18,23,quantile,0.55,1.6796384988637514
2025-09-27,2,wk inc flu hosp,2025-10-18,23,quantile,0.6,3.2719683192548943
2025-09-27,2,wk inc flu hosp,2025-10-18,23,quantile,0.65,4.917767568569214
2025-09-27,2,wk inc flu hosp,2025-10-18,23,quantile,0.7,6.6521920775859185
2025-09-27,2,wk inc flu hosp,2025-10-18,23,quantile,0.75,8.52390882605814
2025-09-27,2,wk inc flu hosp,2025-10-18,23,quantile,0.8,10.608154184812456
2025-09-27,2,wk inc flu hosp,2025-10-18,23,quantile,0.85,13.03759670278206
2025-09-27,2,wk inc flu hosp,2025-10-18,23,quantile,0.9,16.094390135461204
2025-09-27,2,wk inc flu hosp,2025-10-18,23,quantile,0.95,20.62501847677653
2025-09-27,2,wk inc flu hosp,2025-10-18,23,quantile,0.975,24.55466289223712
2025-09-27,2,wk inc flu hosp,2025-10-18,23,quantile,0.99,29.123723764464277
2025-10-04,2,wk inc flu hosp,2025-10-25,23,quantile,0.01,0.0
2025-10-04,2,wk inc flu hosp,2025-10-25,23,quantile,0.025,0.0
2025-10-04,2,wk inc flu hosp,2025-10-25,23,quantile,0.05,0.0
2025-10-04,2,wk inc flu hosp,2025-10-25,23,quantile,0.1,0.0
2025-10-04,2,wk inc flu hosp,2025-10-25,23,quantile,0.15,0.0
2025-10-04,2,wk inc flu hosp,2025-10-25,23,quantile,0.2,0.0
2025-10-04,2,wk inc flu hosp,2025-10-25,23,quantile,0.25,0.0
2025-10-04,2,wk inc flu hosp,2025-10-25,23,quantile,0.3,0.0
2025-10-04,2,wk inc flu hosp,2025-10-25,23,quantile,0.35,0.0
2025-10-04,2,wk inc flu hosp,2025-10-25,23,quantile,0.4,0.0
2025-10-04,2,wk inc flu hosp,2025-10-25,23,quantile,0.45,0.5186184027515603
2025-10-04,2,wk inc flu hosp,2025-10-25,23,quantile,0.5,2.3955251445204797
2025-10-04,2,wk inc flu hosp,2025-10-25,23,quantile,0.55,4.272431886289401
2025-10-04,2,wk inc flu hosp,2025-10-25,23,quantile,0.6,6.17957567225846
2025-10-04,2,wk inc flu hosp,2025-10-25,23,quantile,0.65,8.150760141133969
2025-10-04,2,wk inc flu hosp,2025-10-25,23,quantile,0.7,10.228091660172598
2025-10-04,2,wk inc flu hosp,2025-10-25,23,quantile,0.75,12.469858987663931
2025-10-04,2,wk inc flu hosp,2025-10-25,23,quantile,0.8,14.966173214453159
2025-10-04,2,wk inc flu hosp,2025-10-25,23,quantile,0.85,17.875932324771536
2025-10-04,2,wk inc flu hosp,2025-10-25,23,quantile,0.9,21.537073707335754
2025-10-04,2,wk inc flu hosp,2025-10-25,23,quantile,0.95,26.963436749103277
2025-10-04,2,wk inc flu hosp,2025-10-25,23,quantile,0.975,31.66999743272644
2025-10-04,2,wk inc flu hosp,2025-10-25,23,quantile,0.99,37.142391366818494
2025-10-11,2,wk inc flu hosp,2025-11-01,23,quantile,0.01,0.0
2025-10-11,2,wk inc flu hosp,2025-11-01,23,quantile,0.025,0.0
2025-10-11,2,wk inc flu hosp,2025-11-01,23,quantile,0.05,0.0
2025-10-11,2,wk inc flu hosp,2025-11-01,23,quantile,0.1,0.0
2025-10-11,2,wk inc flu hosp,2025-11-01,23,quantile,0.15,0.0
2025-10-11,2,wk inc flu hosp,2025-11-01,23,quantile,0.2,0.0
2025-10-11,2,wk inc flu hosp,2025-11-01,23,quantile,0.25,0.0
2025-10-11,2,wk inc flu hosp,2025-11-01,23,quantile,0.3,0.0
2025-10-11,2,wk inc flu hosp,2025-11-01,23,quantile,0.35,0.0
2025-10-11,2,wk inc flu hosp,2025-11-01,23,quantile,0.4,0.0
2025-10-11,2,wk inc flu hosp,2025-11-01,23,quantile,0.45,0.0
2025-10-11,2,wk inc flu hosp,2025-11-01,23,quantile,0.5,0.8110166969345625
2025-10-11,2,wk inc flu hosp,2025-11-01,23,quantile,0.55,2.031617526727569
2025-10-11,2,wk inc flu hosp,2025-11-01,23,quantile,0.6,3.271882285697148
2025-10-11,2,wk inc flu hosp,2025-11-01,23,quantile,0.65,4.553794351353074
2025-10-11,2,wk inc flu hosp,2025-11-01,23,quantile,0.7,5.904736579576948
2025-10-11,2,wk inc flu hosp,2025-11-01,23,quantile,0.75,7.362615652225969
2025-10-11,2,wk inc flu hosp,2025-11-01,23,quantile,0.8,8.986033134210887
2025-10-11,2,wk inc flu hosp,2025-11-01,23,quantile,0.85,10.878324480133092
2025-10-11,2,wk inc flu hosp,2025-11-01,23,quantile,0.9,13.25925908391405
2025-10-11,2,wk inc flu hosp,2025-11-01,23,quantile,0.95,16.788162829710814
2025-10-11,2,wk inc flu hosp,2025-11-01,23,quantile,0.975,19.848960549733523
2025-10-11,2,wk inc flu hosp,2025-11-01,23,quantile,0.99,23.4077993712147
2025-10-18,2,wk inc flu hosp,2025-11-08,23,quantile,0.01,0.0
2025-10-18,2,wk inc flu hosp,2025-11-08,23,quantile,0.025,0.0
2025-10-18,2,wk inc flu hosp,2025-11-08,23,quantile,0.05,0.0
2025-10-18,2,wk inc flu hosp,2025-11-08,23,quantile,0.1,0.0
2025-10-18,2,wk inc flu hosp,2025-11-08,23,quantile,0.15,0.0
2025-10-18,2,wk inc flu hosp,2025-11-08,23,quantile,0.2,0.0
2025-10-18,2,wk inc flu hosp,2025-11-08,23,quantile,0.25,0.0
2025-10-18,2,wk inc flu hosp,2025-11-08,23,quantile,0.3,0.0
2025-10-18,2,wk inc flu hosp,2025-11-08,23,quantile,0.35,0.6861090534444676
2025-10-18,2,wk inc flu hosp,2025-11-08,23,quantile,0.4,3.1534283173337956
2025-10-18,2,wk inc flu hosp,2025-11-08,23,quantile,0.45,5.540588259199932
2025-10-18,2,wk inc flu hosp,2025-11-08,23,quantile,0.5,7.889900682066164
2025-10-18,2,wk inc flu hosp,2025-11-08,23,quantile,0.55,10.2392131049324
2025-10-18,2,wk inc flu hosp,2025-11-08,23,quantile,0.6,12.626373046798534
2025-10-18,2,wk inc flu hosp,2025-11-08,23,quantile,0.65,15.09369231068786
2025-10-18,2,wk inc flu hosp,2025-11-08,23,quantile,0.7,17.69387517299114
2025-10-18,2,wk inc flu hosp,2025-11-08,23,quantile,0.75,20.49988130768456
2025-10-18,2,wk inc flu hosp,2025-11-08,23,quantile,0.8,23.624502203257904
2025-10-18,2,wk inc flu hosp,2025-11-08,23,quantile,0.85,27.26662947217939
2025-10-18,2,wk inc flu hosp,2025-11-08,23,quantile,0.9,31.849257229071277
2025-10-18,2,wk inc flu hosp,2025-11-08,23,quantile,0.95,38.641401889914626
2025-10-18,2,wk inc flu hosp,2025-11-08,23,quantile,0.975,44.5325744436392
2025-10-18,2,wk inc flu hosp,2025-11-08,23,quantile,0.99,51.38233568434081
2025-10-25,2,wk inc flu hosp,2025-11-15,23,quantile,0.01,0.0
2025-10-25,2,wk inc flu hosp,2025-11-15,23,quantile,0.025,0.0
2025-10-25,2,wk inc flu hosp,2025-11-15,23,quantile,0.05,0.0
2025-10-25,2,wk inc flu hosp,2025-11-15,23,quantile,0.1,0.0
2025-10-25,2,wk inc flu hosp,2025-11-15,23,quantile,0.15,0.0
2025-10-25,2,wk inc flu hosp,2025-11-15,23,quantile,0.2,0.0
2025-10-25,2,wk inc flu hosp,2025-11-15,23,quantile,0.25,0.0
2025-10-25,2,wk inc flu hosp,2025-11-15,23,quantile,0.3,0.0
2025-10-25,2,wk inc flu hosp,2025-11-15,23,quantile,0.35,0.0
2025-10-25,2,wk inc flu hosp,2025-11-15,23,quantile,0.4,0.36696494641370503
2025-10-25,2,wk inc flu hosp,2025-11-15,23,quantile,0.45,1.8706562231062258
2025-10-25,2,wk inc flu hosp,2025-11-15,23,quantile,0.5,3.350507042707245
2025-10-25,2,wk inc flu hosp,2025-11-15,23,quantile,0.55,4.830357862308267
2025-10-25,2,wk inc flu hosp,2025-11-15,23,quantile,0.6,6.334049139000785
2025-10-25,2,wk inc flu hosp,2025-11-15,23,quantile,0.65,7.888233418343825
2025-10-25,2,wk inc flu hosp,2025-11-15,23,quantile,0.7,9.526109548585158
2025-10-25,2,wk inc flu hosp,2025-11-15,23,quantile,0.75,11.293635416075105
2025-10-25,2,wk inc flu hosp,2025-11-15,23,quantile,0.8,13.261859287983675
2025-10-25,2,wk inc flu hosp,2025-11-15,23,quantile,0.85,15.556064593138007
2025-10-25,2,wk inc flu hosp,2025-11-15,23,quantile,0.9,18.442698731686967
2025-10-25,2,wk inc flu hosp,2025-11-15,23,quantile,0.95,22.72112536637643
2025-10-25,2,wk inc flu hosp,2025-11-15,23,quantile,0.975,26.432022413183024
2025-10-25,2,wk inc flu hosp,2025-11-15,23,quantile,0.99,30.746742195644558
2025-11-01,2,wk inc flu hosp,2025-11-22,23,quantile,0.01,0.8805983544247545
2025-11-01,2,wk inc flu hosp,2025-11-22,23,quantile,0.025,0.8805983544247545
2025-11-01,2,wk inc flu hosp,2025-11-22,23,quantile,0.05,0.8805983544247545
2025-11-01,2,wk inc flu hosp,2025-11-22,23,quantile,0.1,0.8805983544247545
2025-11-01,2,wk inc flu hosp,2025-11-22,23,quantile,0.15,0.8805983544247545
2025-11-01,2,wk inc flu hosp,2025-11-22,23,quantile,0.2,0.8805983544247545
2025-11-01,2,wk inc flu hosp,2025-11-22,23,quantile,0.25,0.8805983544247545
2025-11-01,2,wk inc flu hosp,2025-11-22,23,quantile,0.3,1.0474090932165976
2025-11-01,2,wk inc flu hosp,2025-11-22,23,quantile,0.35,1.2454065110457866
2025-11-01,2,wk inc flu hosp,2025-11-22,23,quantile,0.4,1.4625515323494904
2025-11-01,2,wk inc flu hosp,2025-11-22,23,quantile,0.45,1.7006958515732058
2025-11-01,2,wk inc flu hosp,2025-11-22,23,quantile,0.5,1.9618702337351044
2025-11-01,2,wk inc flu hosp,2025-11-22,23,quantile,0.55,2.2483018316837846
2025-11-01,2,wk inc flu hosp,2025-11-22,23,quantile,0.6,2.562433178044458
2025-11-01,2,wk inc flu hosp,2025-11-22,23,quantile,0.65,2.9069430138065346
2025-11-01,2,wk inc flu hosp,2025-11-22,23,quantile,0.7,3.284769131167461
2025-11-01,2,wk inc flu hosp,2025-11-22,23,quantile,0.75,3.699133425424128
2025-11-01,2,wk inc flu hosp,2025-11-22,23,quantile,0.8,3.8752494849304706
2025-11-01,2,wk inc flu hosp,2025-11-22,23,quantile,0.85,4.259807814080646
2025-11-01,2,wk inc flu hosp,2025-11-22,23,quantile,0.9,5.0153775948149475
2025-11-01,2,wk inc flu hosp,2025-11-22,23,quantile,0.95,5.87948474302313
2025-11-01,2,wk inc flu hosp,2025-11-22,23,quantile,0.975,8.468660974536627
2025-11-01,2,wk inc flu hosp,2025-11-22,23,quantile,0.99,11.49218578179989
2025-09-20,2,wk inc flu hosp,2025-10-11,24,quantile,0.01,0.0
2025-09-20,2,wk inc flu hosp,2025-10-11,24,quantile,0.025,0.0
2025-09-20,2,wk inc flu hosp,2025-10-11,24,quantile,0.05,0.0
2025-09-20,2,wk inc flu hosp,2025-10-11,24,quantile,0.1,0.0
2025-09-20,2,wk inc flu hosp,2025-10-11,24,quantile,0.15,0.0
2025-09-20,2,wk inc flu hosp,2025-10-11,24,quantile,0.2,0.0
2025-09-20,2,wk inc flu hosp,2025-10-11,24,quantile,0.25,0.0
2025-09-20,2,wk inc flu hosp,2025-10-11,24,quantile,0.3,0.0
2025-09-20,2,wk inc flu hosp,2025-10-11,24,quantile,0.35,0.0
2025-09-20,2,wk inc flu hosp,2025-10-11,24,quantile,0.4,0.0
2025-09-20,2,wk inc flu hosp,2025-10-11,24,quantile,0.45,0.26409224463280623
2025-09-20,2,wk inc flu hosp,2025-10-11,24,quantile,0.5,4.4365451936893745
2025-09-20,2,wk inc flu hosp,2025-10-11,24,quantile,0.55,8.608998142745946
2025-09-20,2,wk inc flu hosp,2025-10-11,24,quantile,0.6,12.848669479075568
2025-09-20,2,wk inc flu hosp,2025-10-11,24,quantile,0.65,17.23070629915894
2025-09-20,2,wk inc flu hosp,2025-10-11,24,quantile,0.7,21.848713059906153
2025-09-20,2,wk inc flu hosp,2025-10-11,24,quantile,0.75,26.832268443097092
2025-09-20,2,wk inc flu hosp,2025-10-11,24,quantile,0.8,32.38169368919222
2025-09-20,2,wk inc flu hosp,2025-10-11,24,quantile,0.85,38.85022657402262
2025-09-20,2,wk inc flu hosp,2025-10-11,24,quantile,0.9,46.98911798436305
2025-09-20,2,wk inc flu hosp,2025-10-11,24,quantile,0.95,59.052181093687224
2025-09-20,2,wk inc flu hosp,2025-10-11,24,quantile,0.975,69.5150893284294
2025-09-20,2,wk inc flu hosp,2025-10-11,24,quantile,0.99,81.68048130053245
2025-09-27,2,wk inc flu hosp,2025-10-18,24,quantile,0.01,0.0
2025-09-27,2,wk inc flu hosp,2025-10-18,24,quantile,0.025,0.0
2025-09-27,2,wk inc flu hosp,2025-10-18,24,quantile,0.05,0.0
2025-09-27,2,wk inc flu hosp,2025-10-18,24,quantile,0.1,0.0
2025-09-27,2,wk inc flu hosp,2025-10-18,24,quantile,0.15,0.0
2025-09-27,2,wk inc flu hosp,2025-10-18,24,quantile,0.2,0.0
2025-09-27,2,wk inc flu hosp,2025-10-18,24,quantile,0.25,0.0
2025-09-27,2,wk inc flu hosp,2025-10-18,24,quantile,0.3,0.0
2025-09-27,2,wk inc flu hosp,2025-10-18,24,quantile,0.35,0.0
2025-09-27,2,wk inc flu hosp,2025-10-18,24,quantile,0.4,0.0
2025-09-27,2,wk inc flu hosp,2025-10-18,24,quantile,0.45,0.24778068976523215
2025-09-27,2,wk inc flu hosp,2025-10-18,24,quantile,0.5,5.0249807880018285
2025-09-27,2,wk inc flu hosp,2025-10-18,24,quantile,0.55,9.80218088623843
2025-09-27,2,wk inc flu hosp,2025-10-18,24,quantile,0.6,14.656341872999064
2025-09-27,2,wk inc flu hosp,2025-10-18,24,quantile,0.65,19.673502517581532
2025-09-27,2,wk inc flu hosp,2025-10-18,24,quantile,0.7,24.960834123342856
2025-09-27,2,wk inc flu hosp,2025-10-18,24,quantile,0.75,30.666696252125014
2025-09-27,2,wk inc flu hosp,2025-10-18,24,quantile,0.8,37.020444312195195
2025-09-27,2,wk inc flu hosp,2025-10-18,24,quantile,0.85,44.4265136699924
2025-09-27,2,wk inc flu hosp,2025-10-18,24,quantile,0.9,53.7450400427839
2025-09-27,2,wk inc flu hosp,2025-10-18,24,quantile,0.95,67.55649986617817
2025-09-27,2,wk inc flu hosp,2025-10-18,24,quantile,0.975,79.53588150501788
2025-09-27,2,wk inc flu hosp,2025-10-18,24,quantile,0.99,93.46450153591795
2025-10-04,2,wk inc flu hosp,2025-10-25,24,quantile,0.01,0.0
2025-10-04,2,wk inc flu hosp,2025-10-25,24,quantile,0.025,0.0
2025-10-04,2,wk inc flu hosp,2025-10-25,24,quantile,0.05,0.0
2025-10-04,2,wk inc flu hosp,2025-10-25,24,quantile,0.1,0.0
2025-10-04,2,wk inc flu hosp,2025-10-25,24,quantile,0.15,0.0
2025-10-04,2,wk inc flu hosp,2025-10-25,24,quantile,0.2,0.0
2025-10-04,2,wk inc flu hosp,2025-10-25,24,quantile,0.25,0.0
2025-10-04,2,wk inc flu hosp,2025-10-25,24,quantile,0.3,0.0
2025-10-04,2,wk inc flu hosp,2025-10-25,24,quantile,0.35,0.0
2025-10-04,2,wk inc flu hosp,2025-10-25,24,quantile,0.4,0.0
2025-10-04,2,wk inc flu hosp,2025-10-25,24,quantile,0.45,0.0
2025-10-04,2,wk inc flu hosp,2025-10-25,24,quantile,0.5,1.6666666666666665
2025-10-04,2,wk inc flu hosp,2025-10-25,24,quantile,0.55,7.582845769736021
2025-10-04,2,wk inc flu hosp,2025-10-25,24,quantile,0.6,13.594334759575158
2025-10-04,2,wk inc flu hosp,2025-10-25,24,quantile,0.65,19.807685750080537
2025-10-04,2,wk inc flu hosp,2025-10-25,24,quantile,0.7,26.355621803366212
2025-10-04,2,wk inc flu hosp,2025-10-25,24,quantile,0.75,33.42187433563012
2025-10-04,2,wk inc flu hosp,2025-10-25,24,quantile,0.8,41.29048162152341
2025-10-04,2,wk inc flu hosp,2025-10-25,24,quantile,0.85,50.46230441928641
2025-10-04,2,wk inc flu hosp,2025-10-25,24,quantile,0.9,62.00255181617895
2025-10-04,2,wk inc flu hosp,2025-10-25,24,quantile,0.95,79.10693687641727
2025-10-04,2,wk inc flu hosp,2025-10-25,24,quantile,0.975,93.94244007117713
2025-10-04,2,wk inc flu hosp,2025-10-25,24,quantile,0.99,111.19191865002541
2025-10-11,2,wk inc flu hosp,2025-11-01,24,quantile,0.01,0.0
2025-10-11,2,wk inc flu hosp,2025-11-01,24,quantile,0.025,0.0
2025-10-11,2,wk inc flu hosp,2025-11-01,24,quantile,0.05,0.0
2025-10-11,2,wk inc flu hosp,2025-11-01,24,quantile,0.1,0.0
2025-10-11,2,wk inc flu hosp,2025-11-01,24,quantile,0.15,0.0
2025-10-11,2,wk inc flu hosp,2025-11-01,24,quantile,0.2,0.0
2025-10-11,2,wk inc flu hosp,2025-11-01,24,quantile,0.25,0.0
2025-10-11,2,wk inc flu hosp,2025-11-01,24,quantile,0.3,0.0
2025-10-11,2,wk inc flu hosp,2025-11-01,24,quantile,0.35,0.0
2025-10-11,2,wk inc flu hosp,2025-11-01,24,quantile,0.4,0.0
2025-10-11,2,wk inc flu hosp,2025-11-01,24,quantile,0.45,1.8752068848463779
2025-10-11,2,wk inc flu hosp,2025-11-01,24,quantile,0.5,6.866681860123501
2025-10-11,2,wk inc flu hosp,2025-11-01,24,quantile,0.55,11.85815683540063
2025-10-11,2,wk inc flu hosp,2025-11-01,24,quantile,0.6,16.93004467621475
2025-10-11,2,wk inc flu hosp,2025-11-01,24,quantile,0.65,22.172243304993714
2025-10-11,2,wk inc flu hosp,2025-11-01,24,quantile,0.7,27.696731049581047
2025-10-11,2,wk inc flu hosp,2025-11-01,24,quantile,0.75,33.65852194017209
2025-10-11,2,wk inc flu hosp,2025-11-01,24,quantile,0.8,40.29725881300324
2025-10-11,2,wk inc flu hosp,2025-11-01,24,quantile,0.85,48.035517438229576
2025-10-11,2,wk inc flu hosp,2025-11-01,24,quantile,0.9,57.77201376238775
2025-10-11,2,wk inc flu hosp,2025-11-01,24,quantile,0.95,72.20296801652617
2025-10-11,2,wk inc flu hosp,2025-11-01,24,quantile,0.975,84.71966868636721
2025-10-11,2,wk inc flu hosp,2025-11-01,24,quantile,0.99,99.27303821134164
2025-10-18,2,wk inc flu hosp,2025-11-08,24,quantile,0.01,0.0
2025-10-18,2,wk inc flu hosp,2025-11-08,24,quantile,0.025,0.0
2025-10-18,2,wk inc flu hosp,2025-11-08,24,quantile,0.05,0.0
2025-10-18,2,wk inc flu hosp,2025-11-08,24,quantile,0.1,0.0
2025-10-18,2,wk inc flu hosp,2025-11-08,24,quantile,0.15,0.0
2025-10-18,2,wk inc flu hosp,2025-11-08,24,quantile,0.2,0.0
2025-10-18,2,wk inc flu hosp,2025-11-08,24,quantile,0.25,0.0
2025-10-18,2,wk inc flu hosp,2025-11-08,24,quantile,0.3,0.0
2025-10-18,2,wk inc flu hosp,2025-11-08,24,quantile,0.35,0.0
2025-10-18,2,wk inc flu hosp,2025-11-08,24,quantile,0.4,0.0
2025-10-18,2,wk inc flu hosp,2025-11-08,24,quantile,0.45,5.009136861921349
2025-10-18,2,wk inc flu hosp,2025-11-08,24,quantile,0.5,10.069413898099207
2025-10-18,2,wk inc flu hosp,2025-11-08,24,quantile,0.55,15.129690934277068
2025-10-18,2,wk inc flu hosp,2025-11-08,24,quantile,0.6,20.271489240000612
2025-10-18,2,wk inc flu hosp,2025-11-08,24,quantile,0.65,25.58594588291316
2025-10-18,2,wk inc flu hosp,2025-11-08,24,quantile,0.7,31.186582690479085
2025-10-18,2,wk inc flu hosp,2025-11-08,24,quantile,0.75,37.23055039292706
2025-10-18,2,wk inc flu hosp,2025-11-08,24,quantile,0.8,43.96079504269604
2025-10-18,2,wk inc flu hosp,2025-11-08,24,quantile,0.85,51.80571715793996
2025-10-18,2,wk inc flu hosp,2025-11-08,24,quantile,0.9,61.676420508352386
2025-10-18,2,wk inc flu hosp,2025-11-08,24,quantile,0.95,76.30628979228996
2025-10-18,2,wk inc flu hosp,2025-11-08,24,quantile,0.975,88.99551958549193
2025-10-18,2,wk inc flu hosp,2025-11-08,24,quantile,0.99,103.74949150180913
2025-10-25,2,wk inc flu hosp,2025-11-15,24,quantile,0.01,0.0
2025-10-25,2,wk inc flu hosp,2025-11-15,24,quantile,0.025,0.0
2025-10-25,2,wk inc flu hosp,2025-11-15,24,quantile,0.05,0.0
2025-10-25,2,wk inc flu hosp,2025-11-15,24,quantile,0.1,0.0
2025-10-25,2,wk inc flu hosp,2025-11-15,24,quantile,0.15,0.0
2025-10-25,2,wk inc flu hosp,2025-11-15,24,quantile,0.2,1.963772709345129
2025-10-25,2,wk inc flu hosp,2025-11-15,24,quantile,0.25,8.04664744677413
2025-10-25,2,wk inc flu hosp,2025-11-15,24,quantile,0.3,13.509256960132529
2025-10-25,2,wk inc flu hosp,2025-11-15,24,quantile,0.35,18.571178765817145
2025-10-25,2,wk inc flu hosp,2025-11-15,24,quantile,0.4,23.374447552999214
2025-10-25,2,wk inc flu hosp,2025-11-15,24,quantile,0.45,28.02166569237467
2025-10-25,2,wk inc flu hosp,2025-11-15,24,quantile,0.5,32.595203943887554
2025-10-25,2,wk inc flu hosp,2025-11-15,24,quantile,0.55,37.16874219540045
2025-10-25,2,wk inc flu hosp,2025-11-15,24,quantile,0.6,41.815960334775895
2025-10-25,2,wk inc flu hosp,2025-11-15,24,quantile,0.65,46.619229121957964
2025-10-25,2,wk inc flu hosp,2025-11-15,24,quantile,0.7,51.68115092764258
2025-10-25,2,wk inc flu hosp,2025-11-15,24,quantile,0.75,57.14376044100098
2025-10-25,2,wk inc flu hosp,2025-11-15,24,quantile,0.8,63.22663517842999
2025-10-25,2,wk inc flu hosp,2025-11-15,24,quantile,0.85,70.31696859648088
2025-10-25,2,wk inc flu hosp,2025-11-15,24,quantile,0.9,79.23822706112534
2025-10-25,2,wk inc flu hosp,2025-11-15,24,quantile,0.95,92.46087600037407
2025-10-25,2,wk inc flu hosp,2025-11-15,24,quantile,0.975,103.92955200892737
2025-10-25,2,wk inc flu hosp,2025-11-15,24,quantile,0.99,117.26436637553192
2025-11-01,2,wk inc flu hosp,2025-11-22,24,quantile,0.01,16.297594253062503
2025-11-01,2,wk inc flu hosp,2025-11-22,24,quantile,0.025,16.297594253062503
2025-11-01,2,wk inc flu hosp,2025-11-22,24,quantile,0.05,16.297594253062503
2025-11-01,2,wk inc flu hosp,2025-11-22,24,quantile,0.1,16.297594253062503
2025-11-01,2,wk inc flu hosp,2025-11-22,24,quantile,0.15,16.297594253062503
2025-11-01,2,wk inc flu hosp,2025-11-22,24,quantile,0.2,16.297594253062503
2025-11-01,2,wk inc flu hosp,2025-11-22,24,quantile,0.25,16.297594253062503
2025-11-01,2,wk inc flu hosp,2025-11-22,24,quantile,0.3,16.297594253062503
2025-11-01,2,wk inc flu hosp,2025-11-22,24,quantile,0.35,16.297594253062503
2025-11-01,2,wk inc flu hosp,2025-11-22,24,quantile,0.4,16.297594253062503
2025-11-01,2,wk inc flu hosp,2025-11-22,24,quantile,0.45,16.297594253062503
2025-11-01,2,wk inc flu hosp,2025-11-22,24,quantile,0.5,16.297594253062503
2025-11-01,2,wk inc flu hosp,2025-11-22,24,quantile,0.55,25.76849468995036
2025-11-01,2,wk inc flu hosp,2025-11-22,24,quantile,0.6,30.608883826660087
2025-11-01,2,wk inc flu hosp,2025-11-22,24,quantile,0.65,30.80173133231991
2025-11-01,2,wk inc flu hosp,2025-11-22,24,quantile,0.7,30.995755411016706
2025-11-01,2,wk inc flu hosp,2025-11-22,24,quantile,0.75,31.190963241086056
2025-11-01,2,wk inc flu hosp,2025-11-22,24,quantile,0.8,31.387362044658946
2025-11-01,2,wk inc flu hosp,2025-11-22,24,quantile,0.85,31.477424640503173
2025-11-01,2,wk inc flu hosp,2025-11-22,24,quantile,0.9,31.542416859534157
2025-11-01,2,wk inc flu hosp,2025-11-22,24,quantile,0.95,40.57930281375362
2025-11-01,2,wk inc flu hosp,2025-11-22,24,quantile,0.975,64.29895962659505
2025-11-01,2,wk inc flu hosp,2025-11-22,24,quantile,0.99,84.60984235704517
2025-09-20,2,wk inc flu hosp,2025-10-11,25,quantile,0.01,0.0
2025-09-20,2,wk inc flu hosp,2025-10-11,25,quantile,0.025,0.0
2025-09-20,2,wk inc flu hosp,2025-10-11,25,quantile,0.05,0.0
2025-09-20,2,wk inc flu hosp,2025-10-11,25,quantile,0.1,0.0
2025-09-20,2,wk inc flu hosp,2025-10-11,25,quantile,0.15,0.0
2025-09-20,2,wk inc flu hosp,2025-10-11,25,quantile,0.2,0.0
2025-09-20,2,wk inc flu hosp,2025-10-11,25,quantile,0.25,0.0
2025-09-20,2,wk inc flu hosp,2025-10-11,25,quantile,0.3,0.0
2025-09-20,2,wk inc flu hosp,2025-10-11,25,quantile,0.35,0.0
2025-09-20,2,wk inc flu hosp,2025-10-11,25,quantile,0.4,2.3996160004938023
2025-09-20,2,wk inc flu hosp,2025-10-11,25,quantile,0.45,8.783903814530088
2025-09-20,2,wk inc flu hosp,2025-10-11,25,quantile,0.5,15.066971157283788
2025-09-20,2,wk inc flu hosp,2025-10-11,25,quantile,0.55,21.350038500037495
2025-09-20,2,wk inc flu hosp,2025-10-11,25,quantile,0.6,27.734326314073776
2025-09-20,2,wk inc flu hosp,2025-10-11,25,quantile,0.65,34.332994477662176
2025-09-20,2,wk inc flu hosp,2025-10-11,25,quantile,0.7,41.28699679268583
2025-09-20,2,wk inc flu hosp,2025-10-11,25,quantile,0.75,48.79145866708787
2025-09-20,2,wk inc flu hosp,2025-10-11,25,quantile,0.8,57.148032835929506
2025-09-20,2,wk inc flu hosp,2025-10-11,25,quantile,0.85,66.88864063197329
2025-09-20,2,wk inc flu hosp,2025-10-11,25,quantile,0.9,79.1445494345138
2025-09-20,2,wk inc flu hosp,2025-10-11,25,quantile,0.95,97.3096525048574
2025-09-20,2,wk inc flu hosp,2025-10-11,25,quantile,0.975,113.06517038428649
2025-09-20,2,wk inc flu hosp,2025-10-11,25,quantile,0.99,131.38436485932584
2025-09-27,2,wk inc flu hosp,2025-10-18,25,quantile,0.01,0.0
2025-09-27,2,wk inc flu hosp,2025-10-18,25,quantile,0.025,0.0
2025-09-27,2,wk inc flu hosp,2025-10-18,25,quantile,0.05,0.0
2025-09-27,2,wk inc flu hosp,2025-10-18,25,quantile,0.1,0.0
2025-09-27,2,wk inc flu hosp,2025-10-18,25,quantile,0.15,0.0
2025-09-27,2,wk inc flu hosp,2025-10-18,25,quantile,0.2,0.0
2025-09-27,2,wk inc flu hosp,2025-10-18,25,quantile,0.25,0.0
2025-09-27,2,wk inc flu hosp,2025-10-18,25,quantile,0.3,0.0
2025-09-27,2,wk inc flu hosp,2025-10-18,25,quantile,0.35,0.0
2025-09-27,2,wk inc flu hosp,2025-10-18,25,quantile,0.4,3.830644925547146
2025-09-27,2,wk inc flu hosp,2025-10-18,25,quantile,0.45,10.214932739583432
2025-09-27,2,wk inc flu hosp,2025-10-18,25,quantile,0.5,16.498000082337132
2025-09-27,2,wk inc flu hosp,2025-10-18,25,quantile,0.55,22.78106742509084
2025-09-27,2,wk inc flu hosp,2025-10-18,25,quantile,0.6,29.165355239127116
2025-09-27,2,wk inc flu hosp,2025-10-18,25,quantile,0.65,35.76402340271552
2025-09-27,2,wk inc flu hosp,2025-10-18,25,quantile,0.7,42.71802571773917
2025-09-27,2,wk inc flu hosp,2025-10-18,25,quantile,0.75,50.22248759214122
2025-09-27,2,wk inc flu hosp,2025-10-18,25,quantile,0.8,58.57906176098285
2025-09-27,2,wk inc flu hosp,2025-10-18,25,quantile,0.85,68.31966955702663
2025-09-27,2,wk inc flu hosp,2025-10-18,25,quantile,0.9,80.57557835956715
2025-09-27,2,wk inc flu hosp,2025-10-18,25,quantile,0.95,98.74068142991074
2025-09-27,2,wk inc flu hosp,2025-10-18,25,quantile,0.975,114.49619930933983
2025-09-27,2,wk inc flu hosp,2025-10-18,25,quantile,0.99,132.81539378437918
2025-10-04,2,wk inc flu hosp,2025-10-25,25,quantile,0.01,0.0
2025-10-04,2,wk inc flu hosp,2025-10-25,25,quantile,0.025,0.0
2025-10-04,2,wk inc flu hosp,2025-10-25,25,quantile,0.05,0.0
2025-10-04,2,wk inc flu hosp,2025-10-25,25,quantile,0.1,0.0
2025-10-04,2,wk inc flu hosp,2025-10-25,25,quantile,0.15,0.0
2025-10-04,2,wk inc flu hosp,2025-10-25,25,quantile,0.2,0.0
2025-10-04,2,wk inc flu hosp,2025-10-25,25,quantile,0.25,0.0
2025-10-04,2,wk inc flu hosp,2025-10-25,25,quantile,0.3,0.0
2025-10-04,2,wk inc flu hosp,2025-10-25,25,quantile,0.35,0.0
2025-10-04,2,wk inc flu hosp,2025-10-25,25,quantile,0.4,1.5683478353954463
2025-10-04,2,wk inc flu hosp,2025-10-25,25,quantile,0.45,7.952635649431731
2025-10-04,2,wk inc flu hosp,2025-10-25,25,quantile,0.5,14.235702992185432
2025-10-04,2,wk inc flu hosp,2025-10-25,25,quantile,0.55,20.51877033493914
2025-10-04,2,wk inc flu hosp,2025-10-25,25,quantile,0.6,26.90305814897542
2025-10-04,2,wk inc flu hosp,2025-10-25,25,quantile,0.65,33.50172631256382
2025-10-04,2,wk inc flu hosp,2025-10-25,25,quantile,0.7,40.45572862758747
2025-10-04,2,wk inc flu hosp,2025-10-25,25,quantile,0.75,47.960190501989516
2025-10-04,2,wk inc flu hosp,2025-10-25,25,quantile,0.8,56.31676467083115
2025-10-04,2,wk inc flu hosp,2025-10-25,25,quantile,0.85,66.05737246687492
2025-10-04,2,wk inc flu hosp,2025-10-25,25,quantile,0.9,78.31328126941546
2025-10-04,2,wk inc flu hosp,2025-10-25,25,quantile,0.95,96.47838433975905
2025-10-04,2,wk inc flu hosp,2025-10-25,25,quantile,0.975,112.23390221918814
2025-10-04,2,wk inc flu hosp,2025-10-25,25,quantile,0.99,130.55309669422746
2025-10-11,2,wk inc flu hosp,2025-11-01,25,quantile,0.01,0.0
2025-10-11,2,wk inc flu hosp,2025-11-01,25,quantile,0.025,0.0
2025-10-11,2,wk inc flu hosp,2025-11-01,25,quantile,0.05,0.0
2025-10-11,2,wk inc flu hosp,2025-11-01,25,quantile,0.1,0.0
2025-10-11,2,wk inc flu hosp,2025-11-01,25,quantile,0.15,0.0
2025-10-11,2,wk inc flu hosp,2025-11-01,25,quantile,0.2,0.0
2025-10-11,2,wk inc flu hosp,2025-11-01,25,quantile,0.25,0.0
2025-10-11,2,wk inc flu hosp,2025-11-01,25,quantile,0.3,0.0
2025-10-11,2,wk inc flu hosp,2025-11-01,25,quantile,0.35,0.0
2025-10-11,2,wk inc flu hosp,2025-11-01,25,quantile,0.4,0.0
2025-10-11,2,wk inc flu hosp,2025-11-01,25,quantile,0.45,0.0
2025-10-11,2,wk inc flu hosp,2025-11-01,25,quantile,0.5,4.384109463735557
2025-10-11,2,wk inc flu hosp,2025-11-01,25,quantile,0.55,10.667176806489266
2025-10-11,2,wk inc flu hosp,2025-11-01,25,quantile,0.6,17.051464620525543
2025-10-11,2,wk inc flu hosp,2025-11-01,25,quantile,0.65,23.650132784113943
2025-10-11,2,wk inc flu hosp,2025-11-01,25,quantile,0.7,30.604135099137594
2025-10-11,2,wk inc flu hosp,2025-11-01,25,quantile,0.75,38.10859697353964
2025-10-11,2,wk inc flu hosp,2025-11-01,25,quantile,0.8,46.46517114238127
2025-10-11,2,wk inc flu hosp,2025-11-01,25,quantile,0.85,56.20577893842505
2025-10-11,2,wk inc flu hosp,2025-11-01,25,quantile,0.9,68.46168774096557
2025-10-11,2,wk inc flu hosp,2025-11-01,25,quantile,0.95,86.62679081130916
2025-10-11,2,wk inc flu hosp,2025-11-01,25,quantile,0.975,102.38230869073826
2025-10-11,2,wk inc flu hosp,2025-11-01,25,quantile,0.99,120.7015031657776
2025-10-18,2,wk inc flu hosp,2025-11-08,25,quantile,0.01,0.0
2025-10-18,2,wk inc flu hosp,2025-11-08,25,quantile,0.025,0.0
2025-10-18,2,wk inc flu hosp,2025-11-08,25,quantile,0.05,0.0
2025-10-18,2,wk inc flu hosp,2025-11-08,25,quantile,0.1,0.0
2025-10-18,2,wk inc flu hosp,2025-11-08,25,quantile,0.15,0.0
2025-10-18,2,wk inc flu hosp,2025-11-08,25,quantile,0.2,0.0
2025-10-18,2,wk inc flu hosp,2025-11-08,25,quantile,0.25,0.0
2025-10-18,2,wk inc flu hosp,2025-11-08,25,quantile,0.3,0.0
2025-10-18,2,wk inc flu hosp,2025-11-08,25,quantile,0.35,0.0
2025-10-18,2,wk inc flu hosp,2025-11-08,25,quantile,0.4,0.0
2025-10-18,2,wk inc flu hosp,2025-11-08,25,quantile,0.45,5.857419076365601
2025-10-18,2,wk inc flu hosp,2025-11-08,25,quantile,0.5,12.140486419119302
2025-10-18,2,wk inc flu hosp,2025-11-08,25,quantile,0.55,18.42355376187301
2025-10-18,2,wk inc flu hosp,2025-11-08,25,quantile,0.6,24.807841575909286
2025-10-18,2,wk inc flu hosp,2025-11-08,25,quantile,0.65,31.40650973949769
2025-10-18,2,wk inc flu hosp,2025-11-08,25,quantile,0.7,38.36051205452134
2025-10-18,2,wk inc flu hosp,2025-11-08,25,quantile,0.75,45.86497392892339
2025-10-18,2,wk inc flu hosp,2025-11-08,25,quantile,0.8,54.22154809776502
2025-10-18,2,wk inc flu hosp,2025-11-08,25,quantile,0.85,63.9621558938088
2025-10-18,2,wk inc flu hosp,2025-11-08,25,quantile,0.9,76.21806469634932
2025-10-18,2,wk inc flu hosp,2025-11-08,25,quantile,0.95,94.3831677666929
2025-10-18,2,wk inc flu hosp,2025-11-08,25,quantile,0.975,110.138685646122
2025-10-18,2,wk inc flu hosp,2025-11-08,25,quantile,0.99,128.45788012116134
2025-10-25,2,wk inc flu hosp,2025-11-15,25,quantile,0.01,0.0
2025-10-25,2,wk inc flu hosp,2025-11-15,25,quantile,0.025,0.0
2025-10-25,2,wk inc flu hosp,2025-11-15,25,quantile,0.05,0.0
2025-10-25,2,wk inc flu hosp,2025-11-15,25,quantile,0.1,0.0
2025-10-25,2,wk inc flu hosp,2025-11-15,25,quantile,0.15,0.0
2025-10-25,2,wk inc flu hosp,2025-11-15,25,quantile,0.2,0.0
2025-10-25,2,wk inc flu hosp,2025-11-15,25,quantile,0.25,0.0
2025-10-25,2,wk inc flu hosp,2025-11-15,25,quantile,0.3,0.0
2025-10-25,2,wk inc flu hosp,2025-11-15,25,quantile,0.35,0.0
2025-10-25,2,wk inc flu hosp,2025-11-15,25,quantile,0.4,0.0
2025-10-25,2,wk inc flu hosp,2025-11-15,25,quantile,0.45,2.822903382676503
2025-10-25,2,wk inc flu hosp,2025-11-15,25,quantile,0.5,9.105970725430204
2025-10-25,2,wk inc flu hosp,2025-11-15,25,quantile,0.55,15.389038068183911
2025-10-25,2,wk inc flu hosp,2025-11-15,25,quantile,0.6,21.773325882220192
2025-10-25,2,wk inc flu hosp,2025-11-15,25,quantile,0.65,28.37199404580859
2025-10-25,2,wk inc flu hosp,2025-11-15,25,quantile,0.7,35.325996360832235
2025-10-25,2,wk inc flu hosp,2025-11-15,25,quantile,0.75,42.83045823523429
2025-10-25,2,wk inc flu hosp,2025-11-15,25,quantile,0.8,51.18703240407592
2025-10-25,2,wk inc flu hosp,2025-11-15,25,quantile,0.85,60.9276402001197
2025-10-25,2,wk inc flu hosp,2025-11-15,25,quantile,0.9,73.18354900266021
2025-10-25,2,wk inc flu hosp,2025-11-15,25,quantile,0.95,91.34865207300382
2025-10-25,2,wk inc flu hosp,2025-11-15,25,quantile,0.975,107.1041699524329
2025-10-25,2,wk inc flu hosp,2025-11-15,25,quantile,0.99,125.42336442747225
2025-11-01,2,wk inc flu hosp,2025-11-22,25,quantile,0.01,19.17197877495623
2025-11-01,2,wk inc flu hosp,2025-11-22,25,quantile,0.025,22.430269014054872
2025-11-01,2,wk inc flu hosp,2025-11-22,25,quantile,0.05,33.24580110402433
2025-11-01,2,wk inc flu hosp,2025-11-22,25,quantile,0.1,39.89921579340641
2025-11-01,2,wk inc flu hosp,2025-11-22,25,quantile,0.15,46.41367937692789
2025-11-01,2,wk inc flu hosp,2025-11-22,25,quantile,0.2,53.50058966002027
2025-11-01,2,wk inc flu hosp,2025-11-22,25,quantile,0.25,61.64677857368103
2025-11-01,2,wk inc flu hosp,2025-11-22,25,quantile,0.3,71.01057621838517
2025-11-01,2,wk inc flu hosp,2025-11-22,25,quantile,0.35,81.77397825340665
2025-11-01,2,wk inc flu hosp,2025-11-22,25,quantile,0.4,106.33661191499093
2025-11-01,2,wk inc flu hosp,2025-11-22,25,quantile,0.45,145.62581202671024
2025-11-01,2,wk inc flu hosp,2025-11-22,25,quantile,0.5,189.7307584413102
2025-11-01,2,wk inc flu hosp,2025-11-22,25,quantile,0.55,190.42301735100756
2025-11-01,2,wk inc flu hosp,2025-11-22,25,quantile,0.6,191.11778882030464
2025-11-01,2,wk inc flu hosp,2025-11-22,25,quantile,0.65,191.8150819685577
2025-11-01,2,wk inc flu hosp,2025-11-22,25,quantile,0.7,192.514905948222
2025-11-01,2,wk inc flu hosp,2025-11-22,25,quantile,0.75,193.2172699449717
2025-11-01,2,wk inc flu hosp,2025-11-22,25,quantile,0.8,193.9221831778203
2025-11-01,2,wk inc flu hosp,2025-11-22,25,quantile,0.85,194.6296548992418
2025-11-01,2,wk inc flu hosp,2025-11-22,25,quantile,0.9,195.33969439529258
2025-11-01,2,wk inc flu hosp,2025-11-22,25,quantile,0.95,196.05231098573228
2025-11-01,2,wk inc flu hosp,2025-11-22,25,quantile,0.975,196.40958861301877
2025-11-01,2,wk inc flu hosp,2025-11-22,25,quantile,0.99,196.62426605051414
2025-09-20,2,wk inc flu hosp,2025-10-11,26,quantile,0.01,0.0
2025-09-20,2,wk inc flu hosp,2025-10-11,26,quantile,0.025,0.0
2025-09-20,2,wk inc flu hosp,2025-10-11,26,quantile,0.05,0.0
2025-09-20,2,wk inc flu hosp,2025-10-11,26,quantile,0.1,0.0
2025-09-20,2,wk inc flu hosp,2025-10-11,26,quantile,0.15,0.0
2025-09-20,2,wk inc flu hosp,2025-10-11,26,quantile,0.2,0.0
2025-09-20,2,wk inc flu hosp,2025-10-11,26,quantile,0.25,0.0
2025-09-20,2,wk inc flu hosp,2025-10-11,26,quantile,0.3,0.0
2025-09-20,2,wk inc flu hosp,2025-10-11,26,quantile,0.35,0.0
2025-09-20,2,wk inc flu hosp,2025-10-11,26,quantile,0.4,3.1735620641653526
2025-09-20,2,wk inc flu hosp,2025-10-11,26,quantile,0.45,9.557849878201637
2025-09-20,2,wk inc flu hosp,2025-10-11,26,quantile,0.5,15.840917220955339
2025-09-20,2,wk inc flu hosp,2025-10-11,26,quantile,0.55,22.123984563709048
2025-09-20,2,wk inc flu hosp,2025-10-11,26,quantile,0.6,28.508272377745325
2025-09-20,2,wk inc flu hosp,2025-10-11,26,quantile,0.65,35.10694054133373
2025-09-20,2,wk inc flu hosp,2025-10-11,26,quantile,0.7,42.06094285635737
2025-09-20,2,wk inc flu hosp,2025-10-11,26,quantile,0.75,49.565404730759425
2025-09-20,2,wk inc flu hosp,2025-10-11,26,quantile,0.8,57.92197889960106
2025-09-20,2,wk inc flu hosp,2025-10-11,26,quantile,0.85,67.66258669564483
2025-09-20,2,wk inc flu hosp,2025-10-11,26,quantile,0.9,79.91849549818535
2025-09-20,2,wk inc flu hosp,2025-10-11,26,quantile,0.95,98.08359856852894
2025-09-20,2,wk inc flu hosp,2025-10-11,26,quantile,0.975,113.83911644795803
2025-09-20,2,wk inc flu hosp,2025-10-11,26,quantile,0.99,132.15831092299737
2025-09-27,2,wk inc flu hosp,2025-10-18,26,quantile,0.01,0.0
2025-09-27,2,wk inc flu hosp,2025-10-18,26,quantile,0.025,0.0
2025-09-27,2,wk inc flu hosp,2025-10-18,26,quantile,0.05,0.0
2025-09-27,2,wk inc flu hosp,2025-10-18,26,quantile,0.1,0.0
2025-09-27,2,wk inc flu hosp,2025-10-18,26,quantile,0.15,0.0
2025-09-27,2,wk inc flu hosp,2025-10-18,26,quantile,0.2,0.0
2025-09-27,2,wk inc flu hosp,2025-10-18,26,quantile,0.25,0.0
2025-09-27,2,wk inc flu hosp,2025-10-18,26,quantile,0.3,0.0
2025-09-27,2,wk inc flu hosp,2025-10-18,26,quantile,0.35,3.0022098205188925
2025-09-27,2,wk inc flu hosp,2025-10-18,26,quantile,0.4,9.600877984107294
2025-09-27,2,wk inc flu hosp,2025-10-18,26,quantile,0.45,15.98516579814358
2025-09-27,2,wk inc flu hosp,2025-10-18,26,quantile,0.5,22.26823314089728
2025-09-27,2,wk inc flu hosp,2025-10-18,26,quantile,0.55,28.551300483650987
2025-09-27,2,wk inc flu hosp,2025-10-18,26,quantile,0.6,34.93558829768727
2025-09-27,2,wk inc flu hosp,2025-10-18,26,quantile,0.65,41.53425646127567
2025-09-27,2,wk inc flu hosp,2025-10-18,26,quantile,0.7,48.48825877629932
2025-09-27,2,wk inc flu hosp,2025-10-18,26,quantile,0.75,55.992720650701365
2025-09-27,2,wk inc flu hosp,2025-10-18,26,quantile,0.8,64.34929481954299
2025-09-27,2,wk inc flu hosp,2025-10-18,26,quantile,0.85,74.08990261558677
2025-09-27,2,wk inc flu hosp,2025-10-18,26,quantile,0.9,86.3458114181273
2025-09-27,2,wk inc flu hosp,2025-10-18,26,quantile,0.95,104.51091448847089
2025-09-27,2,wk inc flu hosp,2025-10-18,26,quantile,0.975,120.26643236789998
2025-09-27,2,wk inc flu hosp,2025-10-18,26,quantile,0.99,138.58562684293932
2025-10-04,2,wk inc flu hosp,2025-10-25,26,quantile,0.01,0.0
2025-10-04,2,wk inc flu hosp,2025-10-25,26,quantile,0.025,0.0
2025-10-04,2,wk inc flu hosp,2025-10-25,26,quantile,0.05,0.0
2025-10-04,2,wk inc flu hosp,2025-10-25,26,quantile,0.1,0.0
2025-10-04,2,wk inc flu hosp,2025-10-25,26,quantile,0.15,0.0
2025-10-04,2,wk inc flu hosp,2025-10-25,26,quantile,0.2,0.0
2025-10-04,2,wk inc flu hosp,2025-10-25,26,quantile,0.25,0.0
2025-10-04,2,wk inc flu hosp,2025-10-25,26,quantile,0.3,0.0
2025-10-04,2,wk inc flu hosp,2025-10-25,26,quantile,0.35,0.0
2025-10-04,2,wk inc flu hosp,2025-10-25,26,quantile,0.4,0.20388566982758505
2025-10-04,2,wk inc flu hosp,2025-10-25,26,quantile,0.45,6.58817348386387
2025-10-04,2,wk inc flu hosp,2025-10-25,26,quantile,0.5,12.871240826617571
2025-10-04,2,wk inc flu hosp,2025-10-25,26,quantile,0.55,19.15430816937128
2025-10-04,2,wk inc flu hosp,2025-10-25,26,quantile,0.6,25.538595983407557
2025-10-04,2,wk inc flu hosp,2025-10-25,26,quantile,0.65,32.13726414699596
2025-10-04,2,wk inc flu hosp,2025-10-25,26,quantile,0.7,39.091266462019604
2025-10-04,2,wk inc flu hosp,2025-10-25,26,quantile,0.75,46.59572833642166
2025-10-04,2,wk inc flu hosp,2025-10-25,26,quantile,0.8,54.95230250526329
2025-10-04,2,wk inc flu hosp,2025-10-25,26,quantile,0.85,64.69291030130707
2025-10-04,2,wk inc flu hosp,2025-10-25,26,quantile,0.9,76.94881910384758
2025-10-04,2,wk inc flu hosp,2025-10-25,26,quantile,0.95,95.11392217419117
2025-10-04,2,wk inc flu hosp,2025-10-25,26,quantile,0.975,110.86944005362027
2025-10-04,2,wk inc flu hosp,2025-10-25,26,quantile,0.99,129.1886345286596
2025-10-11,2,wk inc flu hosp,2025-11-01,26,quantile,0.01,0.0
2025-10-11,2,wk inc flu hosp,2025-11-01,26,quantile,0.025,0.0
2025-10-11,2,wk inc flu hosp,2025-11-01,26,quantile,0.05,0.0
2025-10-11,2,wk inc flu hosp,2025-11-01,26,quantile,0.1,0.0
2025-10-11,2,wk inc flu hosp,2025-11-01,26,quantile,0.15,0.0
2025-10-11,2,wk inc flu hosp,2025-11-01,26,quantile,0.2,0.0
2025-10-11,2,wk inc flu hosp,2025-11-01,26,quantile,0.25,0.0
2025-10-11,2,wk inc flu hosp,2025-11-01,26,quantile,0.3,0.0
2025-10-11,2,wk inc flu hosp,2025-11-01,26,quantile,0.35,0.0
2025-10-11,2,wk inc flu hosp,2025-11-01,26,quantile,0.4,0.0
2025-10-11,2,wk inc flu hosp,2025-11-01,26,quantile,0.45,4.681601573150675
2025-10-11,2,wk inc flu hosp,2025-11-01,26,quantile,0.5,10.964668915904376
2025-10-11,2,wk inc flu hosp,2025-11-01,26,quantile,0.55,17.247736258658083
2025-10-11,2,wk inc flu hosp,2025-11-01,26,quantile,0.6,23.632024072694364
2025-10-11,2,wk inc flu hosp,2025-11-01,26,quantile,0.65,30.230692236282763
2025-10-11,2,wk inc flu hosp,2025-11-01,26,quantile,0.7,37.18469455130641
2025-10-11,2,wk inc flu hosp,2025-11-01,26,quantile,0.75,44.68915642570846
2025-10-11,2,wk inc flu hosp,2025-11-01,26,quantile,0.8,53.04573059455009
2025-10-11,2,wk inc flu hosp,2025-11-01,26,quantile,0.85,62.78633839059387
2025-10-11,2,wk inc flu hosp,2025-11-01,26,quantile,0.9,75.04224719313439
2025-10-11,2,wk inc flu hosp,2025-11-01,26,quantile,0.95,93.20735026347799
2025-10-11,2,wk inc flu hosp,2025-11-01,26,quantile,0.975,108.96286814290707
2025-10-11,2,wk inc flu hosp,2025-11-01,26,quantile,0.99,127.28206261794642
2025-10-18,2,wk inc flu hosp,2025-11-08,26,quantile,0.01,0.0
2025-10-18,2,wk inc flu hosp,2025-11-08,26,quantile,0.025,0.0
2025-10-18,2,wk inc flu hosp,2025-11-08,26,quantile,0.05,0.0
2025-10-18,2,wk inc flu hosp,2025-11-08,26,quantile,0.1,0.0
2025-10-18,2,wk inc flu hosp,2025-11-08,26,quantile,0.15,0.0
2025-10-18,2,wk inc flu hosp,2025-11-08,26,quantile,0.2,0.0
2025-10-18,2,wk inc flu hosp,2025-11-08,26,quantile,0.25,0.0
2025-10-18,2,wk inc flu hosp,2025-11-08,26,quantile,0.3,0.0
2025-10-18,2,wk inc flu hosp,2025-11-08,26,quantile,0.35,0.0
2025-10-18,2,wk inc flu hosp,2025-11-08,26,quantile,0.4,4.613038480740828
2025-10-18,2,wk inc flu hosp,2025-11-08,26,quantile,0.45,10.997326294777114
2025-10-18,2,wk inc flu hosp,2025-11-08,26,quantile,0.5,17.280393637530814
2025-10-18,2,wk inc flu hosp,2025-11-08,26,quantile,0.55,23.56346098028452
2025-10-18,2,wk inc flu hosp,2025-11-08,26,quantile,0.6,29.947748794320802
2025-10-18,2,wk inc flu hosp,2025-11-08,26,quantile,0.65,36.5464169579092
2025-10-18,2,wk inc flu hosp,2025-11-08,26,quantile,0.7,43.500419272932845
2025-10-18,2,wk inc flu hosp,2025-11-08,26,quantile,0.75,51.0048811473349
2025-10-18,2,wk inc flu hosp,2025-11-08,26,quantile,0.8,59.36145531617653
2025-10-18,2,wk inc flu hosp,2025-11-08,26,quantile,0.85,69.1020631122203
2025-10-18,2,wk inc flu hosp,2025-11-08,26,quantile,0.9,81.35797191476084
2025-10-18,2,wk inc flu hosp,2025-11-08,26,quantile,0.95,99.52307498510442
2025-10-18,2,wk inc flu hosp,2025-11-08,26,quantile,0.975,115.27859286453352
2025-10-18,2,wk inc flu hosp,2025-11-08,26,quantile,0.99,133.59778733957285
2025-10-25,2,wk inc flu hosp,2025-11-15,26,quantile,0.01,0.0
2025-10-25,2,wk inc flu hosp,2025-11-15,26,quantile,0.025,0.0
2025-10-25,2,wk inc flu hosp,2025-11-15,26,quantile,0.05,0.0
2025-10-25,2,wk inc flu hosp,2025-11-15,26,quantile,0.1,0.0
2025-10-25,2,wk inc flu hosp,2025-11-15,26,quantile,0.15,0.0
2025-10-25,2,wk inc flu hosp,2025-11-15,26,quantile,0.2,0.0
2025-10-25,2,wk inc flu hosp,2025-11-15,26,quantile,0.25,0.0
2025-10-25,2,wk inc flu hosp,2025-11-15,26,quantile,0.3,0.0
2025-10-25,2,wk inc flu hosp,2025-11-15,26,quantile,0.35,6.599215696909248
2025-10-25,2,wk inc flu hosp,2025-11-15,26,quantile,0.4,13.19788386049765
2025-10-25,2,wk inc flu hosp,2025-11-15,26,quantile,0.45,19.582171674533935
2025-10-25,2,wk inc flu hosp,2025-11-15,26,quantile,0.5,25.865239017287635
2025-10-25,2,wk inc flu hosp,2025-11-15,26,quantile,0.55,32.148306360041346
2025-10-25,2,wk inc flu hosp,2025-11-15,26,quantile,0.6,38.53259417407762
2025-10-25,2,wk inc flu hosp,2025-11-15,26,quantile,0.65,45.13126233766602
2025-10-25,2,wk inc flu hosp,2025-11-15,26,quantile,0.7,52.08526465268967
2025-10-25,2,wk inc flu hosp,2025-11-15,26,quantile,0.75,59.58972652709172
2025-10-25,2,wk inc flu hosp,2025-11-15,26,quantile,0.8,67.94630069593336
2025-10-25,2,wk inc flu hosp,2025-11-15,26,quantile,0.85,77.68690849197714
2025-10-25,2,wk inc flu hosp,2025-11-15,26,quantile,0.9,89.94281729451765
2025-10-25,2,wk inc flu hosp,2025-11-15,26,quantile,0.95,108.10792036486124
2025-10-25,2,wk inc flu hosp,2025-11-15,26,quantile,0.975,123.86343824429034
2025-10-25,2,wk inc flu hosp,2025-11-15,26,quantile,0.99,142.18263271932966
2025-11-01,2,wk inc flu hosp,2025-11-22,26,quantile,0.01,22.09291739663815
2025-11-01,2,wk inc flu hosp,2025-11-22,26,quantile,0.025,22.259690410620923
2025-11-01,2,wk inc flu hosp,2025-11-22,26,quantile,0.05,22.855059741570322
2025-11-01,2,wk inc flu hosp,2025-11-22,26,quantile,0.1,26.8898473471047
2025-11-01,2,wk inc flu hosp,2025-11-22,26,quantile,0.15,31.607069253711245
2025-11-01,2,wk inc flu hosp,2025-11-22,26,quantile,0.2,36.80522043093601
2025-11-01,2,wk inc flu hosp,2025-11-22,26,quantile,0.25,41.383440451024
2025-11-01,2,wk inc flu hosp,2025-11-22,26,quantile,0.3,42.78992673410861
2025-11-01,2,wk inc flu hosp,2025-11-22,26,quantile,0.35,44.243086992770834
2025-11-01,2,wk inc flu hosp,2025-11-22,26,quantile,0.4,45.744470093872984
2025-11-01,2,wk inc flu hosp,2025-11-22,26,quantile,0.45,47.29567630312501
2025-11-01,2,wk inc flu hosp,2025-11-22,26,quantile,0.5,48.70989042330274
2025-11-01,2,wk inc flu hosp,2025-11-22,26,quantile,0.55,49.14954943081776
2025-11-01,2,wk inc flu hosp,2025-11-22,26,quantile,0.6,49.59309700137814
2025-11-01,2,wk inc flu hosp,2025-11-22,26,quantile,0.65,50.04056752737049
2025-11-01,2,wk inc flu hosp,2025-11-22,26,quantile,0.7,50.49199570536477
2025-11-01,2,wk inc flu hosp,2025-11-22,26,quantile,0.75,50.94741653880471
2025-11-01,2,wk inc flu hosp,2025-11-22,26,quantile,0.8,51.406865340721886
2025-11-01,2,wk inc flu hosp,2025-11-22,26,quantile,0.85,51.8703777364739
2025-11-01,2,wk inc flu hosp,2025-11-22,26,quantile,0.9,52.33798966650676
2025-11-01,2,wk inc flu hosp,2025-11-22,26,quantile,0.95,52.809737389141645
2025-11-01,2,wk inc flu hosp,2025-11-22,26,quantile,0.975,53.047173591020574
2025-11-01,2,wk inc flu hosp,2025-11-22,26,quantile,0.99,53.1901379081689
2025-09-20,2,wk inc flu hosp,2025-10-11,27,quantile,0.01,0.0
2025-09-20,2,wk inc flu hosp,2025-10-11,27,quantile,0.025,0.0
2025-09-20,2,wk inc flu hosp,2025-10-11,27,quantile,0.05,0.0
2025-09-20,2,wk inc flu hosp,2025-10-11,27,quantile,0.1,0.0
2025-09-20,2,wk inc flu hosp,2025-10-11,27,quantile,0.15,0.0
2025-09-20,2,wk inc flu hosp,2025-10-11,27,quantile,0.2,0.0
2025-09-20,2,wk inc flu hosp,2025-10-11,27,quantile,0.25,0.0
2025-09-20,2,wk inc flu hosp,2025-10-11,27,quantile,0.3,0.0
2025-09-20,2,wk inc flu hosp,2025-10-11,27,quantile,0.35,0.0
2025-09-20,2,wk inc flu hosp,2025-10-11,27,quantile,0.4,0.0
2025-09-20,2,wk inc flu hosp,2025-10-11,27,quantile,0.45,0.0
2025-09-20,2,wk inc flu hosp,2025-10-11,27,quantile,0.5,2.2222222222222223
2025-09-20,2,wk inc flu hosp,2025-10-11,27,quantile,0.55,8.50528956497593
2025-09-20,2,wk inc flu hosp,2025-10-11,27,quantile,0.6,14.88957737901221
2025-09-20,2,wk inc flu hosp,2025-10-11,27,quantile,0.65,21.48824554260061
2025-09-20,2,wk inc flu hosp,2025-10-11,27,quantile,0.7,28.442247857624256
2025-09-20,2,wk inc flu hosp,2025-10-11,27,quantile,0.75,35.94670973202631
2025-09-20,2,wk inc flu hosp,2025-10-11,27,quantile,0.8,44.30328390086794
2025-09-20,2,wk inc flu hosp,2025-10-11,27,quantile,0.85,54.043891696911714
2025-09-20,2,wk inc flu hosp,2025-10-11,27,quantile,0.9,66.29980049945225
2025-09-20,2,wk inc flu hosp,2025-10-11,27,quantile,0.95,84.46490356979584
2025-09-20,2,wk inc flu hosp,2025-10-11,27,quantile,0.975,100.22042144922493
2025-09-20,2,wk inc flu hosp,2025-10-11,27,quantile,0.99,118.53961592426427
2025-09-27,2,wk inc flu hosp,2025-10-18,27,quantile,0.01,0.0
2025-09-27,2,wk inc flu hosp,2025-10-18,27,quantile,0.025,0.0
2025-09-27,2,wk inc flu hosp,2025-10-18,27,quantile,0.05,0.0
2025-09-27,2,wk inc flu hosp,2025-10-18,27,quantile,0.1,0.0
2025-09-27,2,wk inc flu hosp,2025-10-18,27,quantile,0.15,0.0
2025-09-27,2,wk inc flu hosp,2025-10-18,27,quantile,0.2,0.0
2025-09-27,2,wk inc flu hosp,2025-10-18,27,quantile,0.25,0.0
2025-09-27,2,wk inc flu hosp,2025-10-18,27,quantile,0.3,0.0
2025-09-27,2,wk inc flu hosp,2025-10-18,27,quantile,0.35,0.0
2025-09-27,2,wk inc flu hosp,2025-10-18,27,quantile,0.4,0.0
2025-09-27,2,wk inc flu hosp,2025-10-18,27,quantile,0.45,0.0
2025-09-27,2,wk inc flu hosp,2025-10-18,27,quantile,0.5,1.624183378794213
2025-09-27,2,wk inc flu hosp,2025-10-18,27,quantile,0.55,7.672050342591407
2025-09-27,2,wk inc flu hosp,2025-10-18,27,quantile,0.6,13.817348689968446
2025-09-27,2,wk inc flu hosp,2025-10-18,27,quantile,0.65,20.16900227166251
2025-09-27,2,wk inc flu hosp,2025-10-18,27,quantile,0.7,26.862688424128333
2025-09-27,2,wk inc flu hosp,2025-10-18,27,quantile,0.75,34.086228229668635
2025-09-27,2,wk inc flu hosp,2025-10-18,27,quantile,0.8,42.129982353129634
2025-09-27,2,wk inc flu hosp,2025-10-18,27,quantile,0.85,51.50596018105147
2025-09-27,2,wk inc flu hosp,2025-10-18,27,quantile,0.9,63.30308122316181
2025-09-27,2,wk inc flu hosp,2025-10-18,27,quantile,0.95,80.78819172095143
2025-09-27,2,wk inc flu hosp,2025-10-18,27,quantile,0.975,95.95391745368777
2025-09-27,2,wk inc flu hosp,2025-10-18,27,quantile,0.99,113.58735109764568
2025-10-04,2,wk inc flu hosp,2025-10-25,27,quantile,0.01,0.0
2025-10-04,2,wk inc flu hosp,2025-10-25,27,quantile,0.025,0.0
2025-10-04,2,wk inc flu hosp,2025-10-25,27,quantile,0.05,0.0
2025-10-04,2,wk inc flu hosp,2025-10-25,27,quantile,0.1,0.0
2025-10-04,2,wk inc flu hosp,2025-10-25,27,quantile,0.15,0.0
2025-10-04,2,wk inc flu hosp,2025-10-25,27,quantile,0.2,0.0
2025-10-04,2,wk inc flu hosp,2025-10-25,27,quantile,0.25,0.0
2025-10-04,2,wk inc flu hosp,2025-10-25,27,quantile,0.3,0.0
2025-10-04,2,wk inc flu hosp,2025-10-25,27,quantile,0.35,0.0
2025-10-04,2,wk inc flu hosp,2025-10-25,27,quantile,0.4,0.0
2025-10-04,2,wk inc flu hosp,2025-10-25,27,quantile,0.45,0.0
2025-10-04,2,wk inc flu hosp,2025-10-25,27,quantile,0.5,1.7550570831104386
2025-10-04,2,wk inc flu hosp,2025-10-25,27,quantile,0.55,7.964800562118854
2025-10-04,2,wk inc flu hosp,2025-10-25,27,quantile,0.6,14.274583261972804
2025-10-04,2,wk inc flu hosp,2025-10-25,27,quantile,0.65,20.796244476736224
2025-10-04,2,wk inc flu hosp,2025-10-25,27,quantile,0.7,27.66909306692843
2025-10-04,2,wk inc flu hosp,2025-10-25,27,quantile,0.75,35.085977312452286
2025-10-04,2,wk inc flu hosp,2025-10-25,27,quantile,0.8,43.34502963848886
2025-10-04,2,wk inc flu hosp,2025-10-25,27,quantile,0.85,52.971963816239
2025-10-04,2,wk inc flu hosp,2025-10-25,27,quantile,0.9,65.08484525044348
2025-10-04,2,wk inc flu hosp,2025-10-25,27,quantile,0.95,83.03796021533009
2025-10-04,2,wk inc flu hosp,2025-10-25,27,quantile,0.975,98.60961002790484
2025-10-04,2,wk inc flu hosp,2025-10-25,27,quantile,0.99,116.71501813932029
2025-10-11,2,wk inc flu hosp,2025-11-01,27,quantile,0.01,0.0
2025-10-11,2,wk inc flu hosp,2025-11-01,27,quantile,0.025,0.0
2025-10-11,2,wk inc flu hosp,2025-11-01,27,quantile,0.05,0.0
2025-10-11,2,wk inc flu hosp,2025-11-01,27,quantile,0.1,0.0
2025-10-11,2,wk inc flu hosp,2025-11-01,27,quantile,0.15,0.0
2025-10-11,2,wk inc flu hosp,2025-11-01,27,quantile,0.2,0.0
2025-10-11,2,wk inc flu hosp,2025-11-01,27,quantile,0.25,0.0
2025-10-11,2,wk inc flu hosp,2025-11-01,27,quantile,0.3,0.0
2025-10-11,2,wk inc flu hosp,2025-11-01,27,quantile,0.35,0.0
2025-10-11,2,wk inc flu hosp,2025-11-01,27,quantile,0.4,0.0
2025-10-11,2,wk inc flu hosp,2025-11-01,27,quantile,0.45,0.0
2025-10-11,2,wk inc flu hosp,2025-11-01,27,quantile,0.5,5.389605378502245
2025-10-11,2,wk inc flu hosp,2025-11-01,27,quantile,0.55,11.672672721255953
2025-10-11,2,wk inc flu hosp,2025-11-01,27,quantile,0.6,18.05696053529223
2025-10-11,2,wk inc flu hosp,2025-11-01,27,quantile,0.65,24.655628698880633
2025-10-11,2,wk inc flu hosp,2025-11-01,27,quantile,0.7,31.60963101390428
2025-10-11,2,wk inc flu hosp,2025-11-01,27,quantile,0.75,39.11409288830633
2025-10-11,2,wk inc flu hosp,2025-11-01,27,quantile,0.8,47.47066705714796
2025-10-11,2,wk inc flu hosp,2025-11-01,27,quantile,0.85,57.21127485319174
2025-10-11,2,wk inc flu hosp,2025-11-01,27,quantile,0.9,69.46718365573226
2025-10-11,2,wk inc flu hosp,2025-11-01,27,quantile,0.95,87.63228672607585
2025-10-11,2,wk inc flu hosp,2025-11-01,27,quantile,0.975,103.38780460550494
2025-10-11,2,wk inc flu hosp,2025-11-01,27,quantile,0.99,121.70699908054428
2025-10-18,2,wk inc flu hosp,2025-11-08,27,quantile,0.01,0.0
2025-10-18,2,wk inc flu hosp,2025-11-08,27,quantile,0.025,0.0
2025-10-18,2,wk inc flu hosp,2025-11-08,27,quantile,0.05,0.0
2025-10-18,2,wk inc flu hosp,2025-11-08,27,quantile,0.1,0.0
2025-10-18,2,wk inc flu hosp,2025-11-08,27,quantile,0.15,0.0
2025-10-18,2,wk inc flu hosp,2025-11-08,27,quantile,0.2,0.0
2025-10-18,2,wk inc flu hosp,2025-11-08,27,quantile,0.25,0.0
2025-10-18,2,wk inc flu hosp,2025-11-08,27,quantile,0.3,0.0
2025-10-18,2,wk inc flu hosp,2025-11-08,27,quantile,0.35,0.0
2025-10-18,2,wk inc flu hosp,2025-11-08,27,quantile,0.4,0.0
2025-10-18,2,wk inc flu hosp,2025-11-08,27,quantile,0.45,0.0
2025-10-18,2,wk inc flu hosp,2025-11-08,27,quantile,0.5,0.5555555555555556
2025-10-18,2,wk inc flu hosp,2025-11-08,27,quantile,0.55,6.262312822186346
2025-10-18,2,wk inc flu hosp,2025-11-08,27,quantile,0.6,12.061006181256094
2025-10-18,2,wk inc flu hosp,2025-11-08,27,quantile,0.65,18.05441599821013
2025-10-18,2,wk inc flu hosp,2025-11-08,27,quantile,0.7,24.37056718337882
2025-10-18,2,wk inc flu hosp,2025-11-08,27,quantile,0.75,31.18668739945278
2025-10-18,2,wk inc flu hosp,2025-11-08,27,quantile,0.8,38.77676048965704
2025-10-18,2,wk inc flu hosp,2025-11-08,27,quantile,0.85,47.623917664501334
2025-10-18,2,wk inc flu hosp,2025-11-08,27,quantile,0.9,58.75566157278943
2025-10-18,2,wk inc flu hosp,2025-11-08,27,quantile,0.95,75.25458292612119
2025-10-18,2,wk inc flu hosp,2025-11-08,27,quantile,0.975,89.56493665035117
2025-10-18,2,wk inc flu hosp,2025-11-08,27,quantile,0.99,106.20381547914863
2025-10-25,2,wk inc flu hosp,2025-11-15,27,quantile,0.01,0.0
2025-10-25,2,wk inc flu hosp,2025-11-15,27,quantile,0.025,0.0
2025-10-25,2,wk inc flu hosp,2025-11-15,27,quantile,0.05,0.0
2025-10-25,2,wk inc flu hosp,2025-11-15,27,quantile,0.1,0.0
2025-10-25,2,wk inc flu hosp,2025-11-15,27,quantile,0.15,0.713383943840121
2025-10-25,2,wk inc flu hosp,2025-11-15,27,quantile,0.2,9.930568580887673
2025-10-25,2,wk inc flu hosp,2025-11-15,27,quantile,0.25,17.83809228579235
2025-10-25,2,wk inc flu hosp,2025-11-15,27,quantile,0.3,24.939292965090978
2025-10-25,2,wk inc flu hosp,2025-11-15,27,quantile,0.35,31.519613684919406
2025-10-25,2,wk inc flu hosp,2025-11-15,27,quantile,0.4,37.763694557070394
2025-10-25,2,wk inc flu hosp,2025-11-15,27,quantile,0.45,43.8049150630357
2025-10-25,2,wk inc flu hosp,2025-11-15,27,quantile,0.5,49.75035430027571
2025-10-25,2,wk inc flu hosp,2025-11-15,27,quantile,0.55,55.695793537515726
2025-10-25,2,wk inc flu hosp,2025-11-15,27,quantile,0.6,61.737014043481025
2025-10-25,2,wk inc flu hosp,2025-11-15,27,quantile,0.65,67.98109491563201
2025-10-25,2,wk inc flu hosp,2025-11-15,27,quantile,0.7,74.56141563546043
2025-10-25,2,wk inc flu hosp,2025-11-15,27,quantile,0.75,81.66261631475908
2025-10-25,2,wk inc flu hosp,2025-11-15,27,quantile,0.8,89.57014001966374
2025-10-25,2,wk inc flu hosp,2025-11-15,27,quantile,0.85,98.78732465671129
2025-10-25,2,wk inc flu hosp,2025-11-15,27,quantile,0.9,110.38464760546138
2025-10-25,2,wk inc flu hosp,2025-11-15,27,quantile,0.95,127.57362723138982
2025-10-25,2,wk inc flu hosp,2025-11-15,27,quantile,0.975,142.48250359596173
2025-10-25,2,wk inc flu hosp,2025-11-15,27,quantile,0.99,159.81729434146317
2025-11-01,2,wk inc flu hosp,2025-11-22,27,quantile,0.01,0.5027990494857391
2025-11-01,2,wk inc flu hosp,2025-11-22,27,quantile,0.025,0.5027990494857391
2025-11-01,2,wk inc flu hosp,2025-11-22,27,quantile,0.05,0.5027990494857391
2025-11-01,2,wk inc flu hosp,2025-11-22,27,quantile,0.1,0.5027990494857391
2025-11-01,2,wk inc flu hosp,2025-11-22,27,quantile,0.15,0.5027990494857391
2025-11-01,2,wk inc flu hosp,2025-11-22,27,quantile,0.2,0.5027990494857391
2025-11-01,2,wk inc flu hosp,2025-11-22,27,quantile,0.25,0.5027990494857391
2025-11-01,2,wk inc flu hosp,2025-11-22,27,quantile,0.3,0.5027990494857391
2025-11-01,2,wk inc flu hosp,2025-11-22,27,quantile,0.35,0.5027990494857391
2025-11-01,2,wk inc flu hosp,2025-11-22,27,quantile,0.4,0.5027990494857391
2025-11-01,2,wk inc flu hosp,2025-11-22,27,quantile,0.45,0.5027990494857391
2025-11-01,2,wk inc flu hosp,2025-11-22,27,quantile,0.5,0.5027990494857391
2025-11-01,2,wk inc flu hosp,2025-11-22,27,quantile,0.55,2.06586721899972
2025-11-01,2,wk inc flu hosp,2025-11-22,27,quantile,0.6,2.097888459269621
2025-11-01,2,wk inc flu hosp,2025-11-22,27,quantile,0.65,2.130244143191246
2025-11-01,2,wk inc flu hosp,2025-11-22,27,quantile,0.7,4.375982104280017
2025-11-01,2,wk inc flu hosp,2025-11-22,27,quantile,0.75,9.08004813406972
2025-11-01,2,wk inc flu hosp,2025-11-22,27,quantile,0.8,10.633978443487985
2025-11-01,2,wk inc flu hosp,2025-11-22,27,quantile,0.85,12.427461121546958
2025-11-01,2,wk inc flu hosp,2025-11-22,27,quantile,0.9,14.497425325863011
2025-11-01,2,wk inc flu hosp,2025-11-22,27,quantile,0.95,16.886493176681086
2025-11-01,2,wk inc flu hosp,2025-11-22,27,quantile,0.975,18.215780341663436
2025-11-01,2,wk inc flu hosp,2025-11-22,27,quantile,0.99,19.06031370382532
2025-09-20,2,wk inc flu hosp,2025-10-11,28,quantile,0.01,0.0
2025-09-20,2,wk inc flu hosp,2025-10-11,28,quantile,0.025,0.0
2025-09-20,2,wk inc flu hosp,2025-10-11,28,quantile,0.05,0.0
2025-09-20,2,wk inc flu hosp,2025-10-11,28,quantile,0.1,0.0
2025-09-20,2,wk inc flu hosp,2025-10-11,28,quantile,0.15,2.212300718047942
2025-09-20,2,wk inc flu hosp,2025-10-11,28,quantile,0.2,4.069196043906853
2025-09-20,2,wk inc flu hosp,2025-10-11,28,quantile,0.25,5.662246892398851
2025-09-20,2,wk inc flu hosp,2025-10-11,28,quantile,0.3,7.092855789650966
2025-09-20,2,wk inc flu hosp,2025-10-11,28,quantile,0.35,8.41852813630105
2025-09-20,2,wk inc flu hosp,2025-10-11,28,quantile,0.4,9.676461555490556
2025-09-20,2,wk inc flu hosp,2025-10-11,28,quantile,0.45,10.89352669650126
2025-09-20,2,wk inc flu hosp,2025-10-11,28,quantile,0.5,12.091295729513218
2025-09-20,2,wk inc flu hosp,2025-10-11,28,quantile,0.55,13.289064762525179
2025-09-20,2,wk inc flu hosp,2025-10-11,28,quantile,0.6,14.50612990353588
2025-09-20,2,wk inc flu hosp,2025-10-11,28,quantile,0.65,15.764063322725386
2025-09-20,2,wk inc flu hosp,2025-10-11,28,quantile,0.7,17.089735669375468
2025-09-20,2,wk inc flu hosp,2025-10-11,28,quantile,0.75,18.520344566627585
2025-09-20,2,wk inc flu hosp,2025-10-11,28,quantile,0.8,20.113395415119584
2025-09-20,2,wk inc flu hosp,2025-10-11,28,quantile,0.85,21.970290740978495
2025-09-20,2,wk inc flu hosp,2025-10-11,28,quantile,0.9,24.30668906910273
2025-09-20,2,wk inc flu hosp,2025-10-11,28,quantile,0.95,27.769583345450283
2025-09-20,2,wk inc flu hosp,2025-10-11,28,quantile,0.975,30.77312769498061
2025-09-20,2,wk inc flu hosp,2025-10-11,28,quantile,0.99,34.26539710018314
2025-09-27,2,wk inc flu hosp,2025-10-18,28,quantile,0.01,0.0
2025-09-27,2,wk inc flu hosp,2025-10-18,28,quantile,0.025,0.0
2025-09-27,2,wk inc flu hosp,2025-10-18,28,quantile,0.05,0.0
2025-09-27,2,wk inc flu hosp,2025-10-18,28,quantile,0.1,0.0
2025-09-27,2,wk inc flu hosp,2025-10-18,28,quantile,0.15,0.0
2025-09-27,2,wk inc flu hosp,2025-10-18,28,quantile,0.2,0.0
2025-09-27,2,wk inc flu hosp,2025-10-18,28,quantile,0.25,0.0
2025-09-27,2,wk inc flu hosp,2025-10-18,28,quantile,0.3,0.0
2025-09-27,2,wk inc flu hosp,2025-10-18,28,quantile,0.35,2.3979066925732146
2025-09-27,2,wk inc flu hosp,2025-10-18,28,quantile,0.4,4.835352423582967
2025-09-27,2,wk inc flu hosp,2025-10-18,28,quantile,0.45,7.1936093766645355
2025-09-27,2,wk inc flu hosp,2025-10-18,28,quantile,0.5,9.514477056713716
2025-09-27,2,wk inc flu hosp,2025-10-18,28,quantile,0.55,11.835344736762899
2025-09-27,2,wk inc flu hosp,2025-10-18,28,quantile,0.6,14.193601689844463
2025-09-27,2,wk inc flu hosp,2025-10-18,28,quantile,0.65,16.631047420854216
2025-09-27,2,wk inc flu hosp,2025-10-18,28,quantile,0.7,19.19974807922598
2025-09-27,2,wk inc flu hosp,2025-10-18,28,quantile,0.75,21.971779965936218
2025-09-27,2,wk inc flu hosp,2025-10-18,28,quantile,0.8,25.058568925275665
2025-09-27,2,wk inc flu hosp,2025-10-18,28,quantile,0.85,28.65659845203945
2025-09-27,2,wk inc flu hosp,2025-10-18,28,quantile,0.9,33.183741179906534
2025-09-27,2,wk inc flu hosp,2025-10-18,28,quantile,0.95,39.89364866949354
2025-09-27,2,wk inc flu hosp,2025-10-18,28,quantile,0.975,45.71349274150978
2025-09-27,2,wk inc flu hosp,2025-10-18,28,quantile,0.99,52.480319207358306
2025-10-04,2,wk inc flu hosp,2025-10-25,28,quantile,0.01,0.0
2025-10-04,2,wk inc flu hosp,2025-10-25,28,quantile,0.025,0.0
2025-10-04,2,wk inc flu hosp,2025-10-25,28,quantile,0.05,0.0
2025-10-04,2,wk inc flu hosp,2025-10-25,28,quantile,0.1,0.0
2025-10-04,2,wk inc flu hosp,2025-10-25,28,quantile,0.15,0.0
2025-10-04,2,wk inc flu hosp,2025-10-25,28,quantile,0.2,0.0
2025-10-04,2,wk inc flu hosp,2025-10-25,28,quantile,0.25,1.9264982405803757
2025-10-04,2,wk inc flu hosp,2025-10-25,28,quantile,0.3,5.990013021924563
2025-10-04,2,wk inc flu hosp,2025-10-25,28,quantile,0.35,9.7554650516015
2025-10-04,2,wk inc flu hosp,2025-10-25,28,quantile,0.4,13.328510803408093
2025-10-04,2,wk inc flu hosp,2025-10-25,28,quantile,0.45,16.78547391880258
2025-10-04,2,wk inc flu hosp,2025-10-25,28,quantile,0.5,20.187628190056703
2025-10-04,2,wk inc flu hosp,2025-10-25,28,quantile,0.55,23.58978246131083
2025-10-04,2,wk inc flu hosp,2025-10-25,28,quantile,0.6,27.046745576705312
2025-10-04,2,wk inc flu hosp,2025-10-25,28,quantile,0.65,30.61979132851191
2025-10-04,2,wk inc flu hosp,2025-10-25,28,quantile,0.7,34.38524335818884
2025-10-04,2,wk inc flu hosp,2025-10-25,28,quantile,0.75,38.44875813953303
2025-10-04,2,wk inc flu hosp,2025-10-25,28,quantile,0.8,42.97367454590663
2025-10-04,2,wk inc flu hosp,2025-10-25,28,quantile,0.85,48.24801725307832
2025-10-04,2,wk inc flu hosp,2025-10-25,28,quantile,0.9,54.88434473550663
2025-10-04,2,wk inc flu hosp,2025-10-25,28,quantile,0.95,64.72038175806308
2025-10-04,2,wk inc flu hosp,2025-10-25,28,quantile,0.975,73.25167698779522
2025-10-04,2,wk inc flu hosp,2025-10-25,28,quantile,0.99,83.17115139881987
2025-10-11,2,wk inc flu hosp,2025-11-01,28,quantile,0.01,0.0
2025-10-11,2,wk inc flu hosp,2025-11-01,28,quantile,0.025,0.0
2025-10-11,2,wk inc flu hosp,2025-11-01,28,quantile,0.05,0.0
2025-10-11,2,wk inc flu hosp,2025-11-01,28,quantile,0.1,0.0
2025-10-11,2,wk inc flu hosp,2025-11-01,28,quantile,0.15,3.974798966772763
2025-10-11,2,wk inc flu hosp,2025-11-01,28,quantile,0.2,7.990973021419304
2025-10-11,2,wk inc flu hosp,2025-11-01,28,quantile,0.25,11.436492753387412
2025-10-11,2,wk inc flu hosp,2025-11-01,28,quantile,0.3,14.530675960958803
2025-10-11,2,wk inc flu hosp,2025-11-01,28,quantile,0.35,17.397897828252685
2025-10-11,2,wk inc flu hosp,2025-11-01,28,quantile,0.4,20.118610994076857
2025-10-11,2,wk inc flu hosp,2025-11-01,28,quantile,0.45,22.750932468568692
2025-10-11,2,wk inc flu hosp,2025-11-01,28,quantile,0.5,25.341519480583827
2025-10-11,2,wk inc flu hosp,2025-11-01,28,quantile,0.55,27.932106492598965
2025-10-11,2,wk inc flu hosp,2025-11-01,28,quantile,0.6,30.564427967090797
2025-10-11,2,wk inc flu hosp,2025-11-01,28,quantile,0.65,33.285141132914966
2025-10-11,2,wk inc flu hosp,2025-11-01,28,quantile,0.7,36.15236300020885
2025-10-11,2,wk inc flu hosp,2025-11-01,28,quantile,0.75,39.24654620778024
2025-10-11,2,wk inc flu hosp,2025-11-01,28,quantile,0.8,42.692065939748346
2025-10-11,2,wk inc flu hosp,2025-11-01,28,quantile,0.85,46.70823999439489
2025-10-11,2,wk inc flu hosp,2025-11-01,28,quantile,0.9,51.76150401852173
2025-10-11,2,wk inc flu hosp,2025-11-01,28,quantile,0.95,59.25120252385782
2025-10-11,2,wk inc flu hosp,2025-11-01,28,quantile,0.975,65.74739900869969
2025-10-11,2,wk inc flu hosp,2025-11-01,28,quantile,0.99,73.30063132163188
2025-10-18,2,wk inc flu hosp,2025-11-08,28,quantile,0.01,0.0
2025-10-18,2,wk inc flu hosp,2025-11-08,28,quantile,0.025,0.0
2025-10-18,2,wk inc flu hosp,2025-11-08,28,quantile,0.05,0.0
2025-10-18,2,wk inc flu hosp,2025-11-08,28,quantile,0.1,0.0
2025-10-18,2,wk inc flu hosp,2025-11-08,28,quantile,0.15,0.0
2025-10-18,2,wk inc flu hosp,2025-11-08,28,quantile,0.2,0.0
2025-10-18,2,wk inc flu hosp,2025-11-08,28,quantile,0.25,1.841043463438174
2025-10-18,2,wk inc flu hosp,2025-11-08,28,quantile,0.3,4.472241875192529
2025-10-18,2,wk inc flu hosp,2025-11-08,28,quantile,0.35,6.910439330634237
2025-10-18,2,wk inc flu hosp,2025-11-08,28,quantile,0.4,9.2240502839994
2025-10-18,2,wk inc flu hosp,2025-11-08,28,quantile,0.45,11.462495656581623
2025-10-18,2,wk inc flu hosp,2025-11-08,28,quantile,0.5,13.665451323474992
2025-10-18,2,wk inc flu hosp,2025-11-08,28,quantile,0.55,15.868406990368362
2025-10-18,2,wk inc flu hosp,2025-11-08,28,quantile,0.6,18.106852362950583
2025-10-18,2,wk inc flu hosp,2025-11-08,28,quantile,0.65,20.420463316315747
2025-10-18,2,wk inc flu hosp,2025-11-08,28,quantile,0.7,22.85866077175745
2025-10-18,2,wk inc flu hosp,2025-11-08,28,quantile,0.75,25.48985918351181
2025-10-18,2,wk inc flu hosp,2025-11-08,28,quantile,0.8,28.419823389974724
2025-10-18,2,wk inc flu hosp,2025-11-08,28,quantile,0.85,31.83505451399381
2025-10-18,2,wk inc flu hosp,2025-11-08,28,quantile,0.9,36.13219511055662
2025-10-18,2,wk inc flu hosp,2025-11-08,28,quantile,0.95,42.5012047941258
2025-10-18,2,wk inc flu hosp,2025-11-08,28,quantile,0.975,48.025370858867696
2025-10-18,2,wk inc flu hosp,2025-11-08,28,quantile,0.99,54.44840774199976
2025-10-25,2,wk inc flu hosp,2025-11-15,28,quantile,0.01,0.0
2025-10-25,2,wk inc flu hosp,2025-11-15,28,quantile,0.025,0.0
2025-10-25,2,wk inc flu hosp,2025-11-15,28,quantile,0.05,0.0
2025-10-25,2,wk inc flu hosp,2025-11-15,28,quantile,0.1,0.0
2025-10-25,2,wk inc flu hosp,2025-11-15,28,quantile,0.15,0.6939977022224397
2025-10-25,2,wk inc flu hosp,2025-11-15,28,quantile,0.2,4.1999450733166555
2025-10-25,2,wk inc flu hosp,2025-11-15,28,quantile,0.25,7.207735742242223
2025-10-25,2,wk inc flu hosp,2025-11-15,28,quantile,0.3,9.908824722615984
2025-10-25,2,wk inc flu hosp,2025-11-15,28,quantile,0.35,12.411786205660455
2025-10-25,2,wk inc flu hosp,2025-11-15,28,quantile,0.4,14.786851887932574
2025-10-25,2,wk inc flu hosp,2025-11-15,28,quantile,0.45,17.08475542194206
2025-10-25,2,wk inc flu hosp,2025-11-15,28,quantile,0.5,19.346226563576785
2025-10-25,2,wk inc flu hosp,2025-11-15,28,quantile,0.55,21.607697705211514
2025-10-25,2,wk inc flu hosp,2025-11-15,28,quantile,0.6,23.905601239220996
2025-10-25,2,wk inc flu hosp,2025-11-15,28,quantile,0.65,26.280666921493115
2025-10-25,2,wk inc flu hosp,2025-11-15,28,quantile,0.7,28.78362840453758
2025-10-25,2,wk inc flu hosp,2025-11-15,28,quantile,0.75,31.48471738491135
2025-10-25,2,wk inc flu hosp,2025-11-15,28,quantile,0.8,34.492508053836914
2025-10-25,2,wk inc flu hosp,2025-11-15,28,quantile,0.85,37.99845542493113
2025-10-25,2,wk inc flu hosp,2025-11-15,28,quantile,0.9,42.40973777469265
2025-10-25,2,wk inc flu hosp,2025-11-15,28,quantile,0.95,48.94792273076829
2025-10-25,2,wk inc flu hosp,2025-11-15,28,quantile,0.975,54.61882311462808
2025-10-25,2,wk inc flu hosp,2025-11-15,28,quantile,0.99,61.21247035463026
2025-11-01,2,wk inc flu hosp,2025-11-22,28,quantile,0.01,8.211973240210032
2025-11-01,2,wk inc flu hosp,2025-11-22,28,quantile,0.025,8.211973240210032
2025-11-01,2,wk inc flu hosp,2025-11-22,28,quantile,0.05,8.211973240210032
2025-11-01,2,wk inc flu hosp,2025-11-22,28,quantile,0.1,8.211973240210032
2025-11-01,2,wk inc flu hosp,2025-11-22,28,quantile,0.15,8.75182449065506
2025-11-01,2,wk inc flu hosp,2025-11-22,28,quantile,0.2,9.851889323815838
2025-11-01,2,wk inc flu hosp,2025-11-22,28,quantile,0.25,10.242214744623132
2025-11-01,2,wk inc flu hosp,2025-11-22,28,quantile,0.3,10.646579557980628
2025-11-01,2,wk inc flu hosp,2025-11-22,28,quantile,0.35,11.065488738795606
2025-11-01,2,wk inc flu hosp,2025-11-22,28,quantile,0.4,11.499465425129902
2025-11-01,2,wk inc flu hosp,2025-11-22,28,quantile,0.45,11.949051571500082
2025-11-01,2,wk inc flu hosp,2025-11-22,28,quantile,0.5,12.414808625675777
2025-11-01,2,wk inc flu hosp,2025-11-22,28,quantile,0.55,12.897318229821382
2025-11-01,2,wk inc flu hosp,2025-11-22,28,quantile,0.6,13.397182946856718
2025-11-01,2,wk inc flu hosp,2025-11-22,28,quantile,0.65,13.915027012943769
2025-11-01,2,wk inc flu hosp,2025-11-22,28,quantile,0.7,14.523882829927098
2025-11-01,2,wk inc flu hosp,2025-11-22,28,quantile,0.75,15.514044299702578
2025-11-01,2,wk inc flu hosp,2025-11-22,28,quantile,0.8,15.739165211029317
2025-11-01,2,wk inc flu hosp,2025-11-22,28,quantile,0.85,15.96735499051439
2025-11-01,2,wk inc flu hosp,2025-11-22,28,quantile,0.9,16.198655473239732
2025-11-01,2,wk inc flu hosp,2025-11-22,28,quantile,0.95,16.43310906458684
2025-11-01,2,wk inc flu hosp,2025-11-22,28,quantile,0.975,17.80310363746664
2025-11-01,2,wk inc flu hosp,2025-11-22,28,quantile,0.99,21.004396098802637
2025-09-20,2,wk inc flu hosp,2025-10-11,29,quantile,0.01,0.0
2025-09-20,2,wk inc flu hosp,2025-10-11,29,quantile,0.025,0.0
2025-09-20,2,wk inc flu hosp,2025-10-11,29,quantile,0.05,0.0
2025-09-20,2,wk inc flu hosp,2025-10-11,29,quantile,0.1,0.0
2025-09-20,2,wk inc flu hosp,2025-10-11,29,quantile,0.15,0.0
2025-09-20,2,wk inc flu hosp,2025-10-11,29,quantile,0.2,0.0
2025-09-20,2,wk inc flu hosp,2025-10-11,29,quantile,0.25,0.0
2025-09-20,2,wk inc flu hosp,2025-10-11,29,quantile,0.3,0.0
2025-09-20,2,wk inc flu hosp,2025-10-11,29,quantile,0.35,3.083012259398931
2025-09-20,2,wk inc flu hosp,2025-10-11,29,quantile,0.4,9.681680422987332
2025-09-20,2,wk inc flu hosp,2025-10-11,29,quantile,0.45,16.06596823702362
2025-09-20,2,wk inc flu hosp,2025-10-11,29,quantile,0.5,22.34903557977732
2025-09-20,2,wk inc flu hosp,2025-10-11,29,quantile,0.55,28.632102922531026
2025-09-20,2,wk inc flu hosp,2025-10-11,29,quantile,0.6,35.0163907365673
2025-09-20,2,wk inc flu hosp,2025-10-11,29,quantile,0.65,41.6150589001557
2025-09-20,2,wk inc flu hosp,2025-10-11,29,quantile,0.7,48.56906121517935
2025-09-20,2,wk inc flu hosp,2025-10-11,29,quantile,0.75,56.0735230895814
2025-09-20,2,wk inc flu hosp,2025-10-11,29,quantile,0.8,64.43009725842303
2025-09-20,2,wk inc flu hosp,2025-10-11,29,quantile,0.85,74.17070505446681
2025-09-20,2,wk inc flu hosp,2025-10-11,29,quantile,0.9,86.42661385700734
2025-09-20,2,wk inc flu hosp,2025-10-11,29,quantile,0.95,104.59171692735093
2025-09-20,2,wk inc flu hosp,2025-10-11,29,quantile,0.975,120.34723480678002
2025-09-20,2,wk inc flu hosp,2025-10-11,29,quantile,0.99,138.66642928181935
2025-09-27,2,wk inc flu hosp,2025-10-18,29,quantile,0.01,0.0
2025-09-27,2,wk inc flu hosp,2025-10-18,29,quantile,0.025,0.0
2025-09-27,2,wk inc flu hosp,2025-10-18,29,quantile,0.05,0.0
2025-09-27,2,wk inc flu hosp,2025-10-18,29,quantile,0.1,0.0
2025-09-27,2,wk inc flu hosp,2025-10-18,29,quantile,0.15,0.0
2025-09-27,2,wk inc flu hosp,2025-10-18,29,quantile,0.2,0.0
2025-09-27,2,wk inc flu hosp,2025-10-18,29,quantile,0.25,0.0
2025-09-27,2,wk inc flu hosp,2025-10-18,29,quantile,0.3,0.0
2025-09-27,2,wk inc flu hosp,2025-10-18,29,quantile,0.35,6.224346453750606
2025-09-27,2,wk inc flu hosp,2025-10-18,29,quantile,0.4,12.823014617339007
2025-09-27,2,wk inc flu hosp,2025-10-18,29,quantile,0.45,19.207302431375293
2025-09-27,2,wk inc flu hosp,2025-10-18,29,quantile,0.5,25.490369774128993
2025-09-27,2,wk inc flu hosp,2025-10-18,29,quantile,0.55,31.7734371168827
2025-09-27,2,wk inc flu hosp,2025-10-18,29,quantile,0.6,38.15772493091898
2025-09-27,2,wk inc flu hosp,2025-10-18,29,quantile,0.65,44.75639309450738
2025-09-27,2,wk inc flu hosp,2025-10-18,29,quantile,0.7,51.71039540953103
2025-09-27,2,wk inc flu hosp,2025-10-18,29,quantile,0.75,59.21485728393308
2025-09-27,2,wk inc flu hosp,2025-10-18,29,quantile,0.8,67.5714314527747
2025-09-27,2,wk inc flu hosp,2025-10-18,29,quantile,0.85,77.31203924881848
2025-09-27,2,wk inc flu hosp,2025-10-18,29,quantile,0.9,89.56794805135901
2025-09-27,2,wk inc flu hosp,2025-10-18,29,quantile,0.95,107.7330511217026
2025-09-27,2,wk inc flu hosp,2025-10-18,29,quantile,0.975,123.4885690011317
2025-09-27,2,wk inc flu hosp,2025-10-18,29,quantile,0.99,141.80776347617103
2025-10-04,2,wk inc flu hosp,2025-10-25,29,quantile,0.01,0.0
2025-10-04,2,wk inc flu hosp,2025-10-25,29,quantile,0.025,0.0
2025-10-04,2,wk inc flu hosp,2025-10-25,29,quantile,0.05,0.0
2025-10-04,2,wk inc flu hosp,2025-10-25,29,quantile,0.1,0.0
2025-10-04,2,wk inc flu hosp,2025-10-25,29,quantile,0.15,0.0
2025-10-04,2,wk inc flu hosp,2025-10-25,29,quantile,0.2,0.0
2025-10-04,2,wk inc flu hosp,2025-10-25,29,quantile,0.25,0.0
2025-10-04,2,wk inc flu hosp,2025-10-25,29,quantile,0.3,0.0
2025-10-04,2,wk inc flu hosp,2025-10-25,29,quantile,0.35,0.0
2025-10-04,2,wk inc flu hosp,2025-10-25,29,quantile,0.4,1.7318391248008904
2025-10-04,2,wk inc flu hosp,2025-10-25,29,quantile,0.45,8.116126938837176
2025-10-04,2,wk inc flu hosp,2025-10-25,29,quantile,0.5,14.399194281590876
2025-10-04,2,wk inc flu hosp,2025-10-25,29,quantile,0.55,20.682261624344584
2025-10-04,2,wk inc flu hosp,2025-10-25,29,quantile,0.6,27.06654943838086
2025-10-04,2,wk inc flu hosp,2025-10-25,29,quantile,0.65,33.66521760196926
2025-10-04,2,wk inc flu hosp,2025-10-25,29,quantile,0.7,40.61921991699291
2025-10-04,2,wk inc flu hosp,2025-10-25,29,quantile,0.75,48.12368179139496
2025-10-04,2,wk inc flu hosp,2025-10-25,29,quantile,0.8,56.48025596023659
2025-10-04,2,wk inc flu hosp,2025-10-25,29,quantile,0.85,66.22086375628037
2025-10-04,2,wk inc flu hosp,2025-10-25,29,quantile,0.9,78.4767725588209
2025-10-04,2,wk inc flu hosp,2025-10-25,29,quantile,0.95,96.64187562916449
2025-10-04,2,wk inc flu hosp,2025-10-25,29,quantile,0.975,112.39739350859358
2025-10-04,2,wk inc flu hosp,2025-10-25,29,quantile,0.99,130.7165879836329
2025-10-11,2,wk inc flu hosp,2025-11-01,29,quantile,0.01,0.0
2025-10-11,2,wk inc flu hosp,2025-11-01,29,quantile,0.025,0.0
2025-10-11,2,wk inc flu hosp,2025-11-01,29,quantile,0.05,0.0
2025-10-11,2,wk inc flu hosp,2025-11-01,29,quantile,0.1,0.0
2025-10-11,2,wk inc flu hosp,2025-11-01,29,quantile,0.15,0.0
2025-10-11,2,wk inc flu hosp,2025-11-01,29,quantile,0.2,0.0
2025-10-11,2,wk inc flu hosp,2025-11-01,29,quantile,0.25,0.0
2025-10-11,2,wk inc flu hosp,2025-11-01,29,quantile,0.3,0.0
2025-10-11,2,wk inc flu hosp,2025-11-01,29,quantile,0.35,1.1714298813635615
2025-10-11,2,wk inc flu hosp,2025-11-01,29,quantile,0.4,7.770098044951963
2025-10-11,2,wk inc flu hosp,2025-11-01,29,quantile,0.45,14.154385858988249
2025-10-11,2,wk inc flu hosp,2025-11-01,29,quantile,0.5,20.43745320174195
2025-10-11,2,wk inc flu hosp,2025-11-01,29,quantile,0.55,26.720520544495656
2025-10-11,2,wk inc flu hosp,2025-11-01,29,quantile,0.6,33.10480835853193
2025-10-11,2,wk inc flu hosp,2025-11-01,29,quantile,0.65,39.70347652212034
2025-10-11,2,wk inc flu hosp,2025-11-01,29,quantile,0.7,46.657478837143984
2025-10-11,2,wk inc flu hosp,2025-11-01,29,quantile,0.75,54.16194071154604
2025-10-11,2,wk inc flu hosp,2025-11-01,29,quantile,0.8,62.51851488038767
2025-10-11,2,wk inc flu hosp,2025-11-01,29,quantile,0.85,72.25912267643145
2025-10-11,2,wk inc flu hosp,2025-11-01,29,quantile,0.9,84.51503147897196
2025-10-11,2,wk inc flu hosp,2025-11-01,29,quantile,0.95,102.68013454931555
2025-10-11,2,wk inc flu hosp,2025-11-01,29,quantile,0.975,118.43565242874465
2025-10-11,2,wk inc flu hosp,2025-11-01,29,quantile,0.99,136.754846903784
2025-10-18,2,wk inc flu hosp,2025-11-08,29,quantile,0.01,0.0
2025-10-18,2,wk inc flu hosp,2025-11-08,29,quantile,0.025,0.0
2025-10-18,2,wk inc flu hosp,2025-11-08,29,quantile,0.05,0.0
2025-10-18,2,wk inc flu hosp,2025-11-08,29,quantile,0.1,0.0
2025-10-18,2,wk inc flu hosp,2025-11-08,29,quantile,0.15,0.0
2025-10-18,2,wk inc flu hosp,2025-11-08,29,quantile,0.2,0.0
2025-10-18,2,wk inc flu hosp,2025-11-08,29,quantile,0.25,0.0
2025-10-18,2,wk inc flu hosp,2025-11-08,29,quantile,0.3,0.0
2025-10-18,2,wk inc flu hosp,2025-11-08,29,quantile,0.35,1.3703327525494764
2025-10-18,2,wk inc flu hosp,2025-11-08,29,quantile,0.4,7.969000916137878
2025-10-18,2,wk inc flu hosp,2025-11-08,29,quantile,0.45,14.353288730174164
2025-10-18,2,wk inc flu hosp,2025-11-08,29,quantile,0.5,20.636356072927864
2025-10-18,2,wk inc flu hosp,2025-11-08,29,quantile,0.55,26.91942341568157
2025-10-18,2,wk inc flu hosp,2025-11-08,29,quantile,0.6,33.30371122971785
2025-10-18,2,wk inc flu hosp,2025-11-08,29,quantile,0.65,39.90237939330625
2025-10-18,2,wk inc flu hosp,2025-11-08,29,quantile,0.7,46.8563817083299
2025-10-18,2,wk inc flu hosp,2025-11-08,29,quantile,0.75,54.360843582731945
2025-10-18,2,wk inc flu hosp,2025-11-08,29,quantile,0.8,62.71741775157358
2025-10-18,2,wk inc flu hosp,2025-11-08,29,quantile,0.85,72.45802554761735
2025-10-18,2,wk inc flu hosp,2025-11-08,29,quantile,0.9,84.71393435015788
2025-10-18,2,wk inc flu hosp,2025-11-08,29,quantile,0.95,102.87903742050148
2025-10-18,2,wk inc flu hosp,2025-11-08,29,quantile,0.975,118.63455529993057
2025-10-18,2,wk inc flu hosp,2025-11-08,29,quantile,0.99,136.9537497749699
2025-10-25,2,wk inc flu hosp,2025-11-15,29,quantile,0.01,0.0
2025-10-25,2,wk inc flu hosp,2025-11-15,29,quantile,0.025,0.0
2025-10-25,2,wk inc flu hosp,2025-11-15,29,quantile,0.05,0.0
2025-10-25,2,wk inc flu hosp,2025-11-15,29,quantile,0.1,0.0
2025-10-25,2,wk inc flu hosp,2025-11-15,29,quantile,0.15,0.0
2025-10-25,2,wk inc flu hosp,2025-11-15,29,quantile,0.2,0.0
2025-10-25,2,wk inc flu hosp,2025-11-15,29,quantile,0.25,0.0
2025-10-25,2,wk inc flu hosp,2025-11-15,29,quantile,0.3,1.5999427468069278
2025-10-25,2,wk inc flu hosp,2025-11-15,29,quantile,0.35,8.16816112999534
2025-10-25,2,wk inc flu hosp,2025-11-15,29,quantile,0.4,14.40075806816504
2025-10-25,2,wk inc flu hosp,2025-11-15,29,quantile,0.45,20.430867735100954
2025-10-25,2,wk inc flu hosp,2025-11-15,29,quantile,0.5,26.36537229146667
2025-10-25,2,wk inc flu hosp,2025-11-15,29,quantile,0.55,32.299876847832394
2025-10-25,2,wk inc flu hosp,2025-11-15,29,quantile,0.6,38.3299865147683
2025-10-25,2,wk inc flu hosp,2025-11-15,29,quantile,0.65,44.562583452938
2025-10-25,2,wk inc flu hosp,2025-11-15,29,quantile,0.7,51.1308018361264
2025-10-25,2,wk inc flu hosp,2025-11-15,29,quantile,0.75,58.21894219134232
2025-10-25,2,wk inc flu hosp,2025-11-15,29,quantile,0.8,66.11192260604273
2025-10-25,2,wk inc flu hosp,2025-11-15,29,quantile,0.85,75.31215526216106
2025-10-25,2,wk inc flu hosp,2025-11-15,29,quantile,0.9,86.88814874804379
2025-10-25,2,wk inc flu hosp,2025-11-15,29,quantile,0.95,104.04551489694148
2025-10-25,2,wk inc flu hosp,2025-11-15,29,quantile,0.975,118.9269712848328
2025-10-25,2,wk inc flu hosp,2025-11-15,29,quantile,0.99,136.2298803816854
2025-11-01,2,wk inc flu hosp,2025-11-22,29,quantile,0.01,20.94976590655971
2025-11-01,2,wk inc flu hosp,2025-11-22,29,quantile,0.025,20.94976590655971
2025-11-01,2,wk inc flu hosp,2025-11-22,29,quantile,0.05,21.013620101169487
2025-11-01,2,wk inc flu hosp,2025-11-22,29,quantile,0.1,21.18947794084834
2025-11-01,2,wk inc flu hosp,2025-11-22,29,quantile,0.15,21.366740637140257
2025-11-01,2,wk inc flu hosp,2025-11-22,29,quantile,0.2,21.54541941287219
2025-11-01,2,wk inc flu hosp,2025-11-22,29,quantile,0.25,21.725525580525677
2025-11-01,2,wk inc flu hosp,2025-11-22,29,quantile,0.3,21.907070542953072
2025-11-01,2,wk inc flu hosp,2025-11-22,29,quantile,0.35,22.09006579409947
2025-11-01,2,wk inc flu hosp,2025-11-22,29,quantile,0.4,22.274522919730398
2025-11-01,2,wk inc flu hosp,2025-11-22,29,quantile,0.45,22.460453598165355
2025-11-01,2,wk inc flu hosp,2025-11-22,29,quantile,0.5,22.64786960101716
2025-11-01,2,wk inc flu hosp,2025-11-22,29,quantile,0.55,23.510317078515
2025-11-01,2,wk inc flu hosp,2025-11-22,29,quantile,0.6,25.013222187754234
2025-11-01,2,wk inc flu hosp,2025-11-22,29,quantile,0.65,26.321685152191264
2025-11-01,2,wk inc flu hosp,2025-11-22,29,quantile,0.7,27.334464480420912
2025-11-01,2,wk inc flu hosp,2025-11-22,29,quantile,0.75,27.698666433971503
2025-11-01,2,wk inc flu hosp,2025-11-22,29,quantile,0.8,28.067549720499517
2025-11-01,2,wk inc flu hosp,2025-11-22,29,quantile,0.85,28.44117451233033
2025-11-01,2,wk inc flu hosp,2025-11-22,29,quantile,0.9,28.819601755224706
2025-11-01,2,wk inc flu hosp,2025-11-22,29,quantile,0.95,30.584665884413702
2025-11-01,2,wk inc flu hosp,2025-11-22,29,quantile,0.975,33.53409673247845
2025-11-01,2,wk inc flu hosp,2025-11-22,29,quantile,0.99,35.434363726060155
2025-09-20,2,wk inc flu hosp,2025-10-11,30,quantile,0.01,0.0
2025-09-20,2,wk inc flu hosp,2025-10-11,30,quantile,0.025,0.0
2025-09-20,2,wk inc flu hosp,2025-10-11,30,quantile,0.05,0.0
2025-09-20,2,wk inc flu hosp,2025-10-11,30,quantile,0.1,0.0
2025-09-20,2,wk inc flu hosp,2025-10-11,30,quantile,0.15,0.0
2025-09-20,2,wk inc flu hosp,2025-10-11,30,quantile,0.2,0.0
2025-09-20,2,wk inc flu hosp,2025-10-11,30,quantile,0.25,0.0
2025-09-20,2,wk inc flu hosp,2025-10-11,30,quantile,0.3,0.0
2025-09-20,2,wk inc flu hosp,2025-10-11,30,quantile,0.35,0.0
2025-09-20,2,wk inc flu hosp,2025-10-11,30,quantile,0.4,0.0
2025-09-20,2,wk inc flu hosp,2025-10-11,30,quantile,0.45,0.0
2025-09-20,2,wk inc flu hosp,2025-10-11,30,quantile,0.5,0.5839923912238802
2025-09-20,2,wk inc flu hosp,2025-10-11,30,quantile,0.55,1.718891563128611
2025-09-20,2,wk inc flu hosp,2025-10-11,30,quantile,0.6,2.872074007004138
2025-09-20,2,wk inc flu hosp,2025-10-11,30,quantile,0.65,4.063979588466269
2025-09-20,2,wk inc flu hosp,2025-10-11,30,quantile,0.7,5.320068539644853
2025-09-20,2,wk inc flu hosp,2025-10-11,30,quantile,0.75,6.6755860125988855
2025-09-20,2,wk inc flu hosp,2025-10-11,30,quantile,0.8,8.185018999198435
2025-09-20,2,wk inc flu hosp,2025-10-11,30,quantile,0.85,9.944447494633579
2025-09-20,2,wk inc flu hosp,2025-10-11,30,quantile,0.9,12.158210294261172
2025-09-20,2,wk inc flu hosp,2025-10-11,30,quantile,0.95,15.439340243611953
2025-09-20,2,wk inc flu hosp,2025-10-11,30,quantile,0.975,18.28523114670985
2025-09-20,2,wk inc flu hosp,2025-10-11,30,quantile,0.99,21.59419434979593
2025-09-27,2,wk inc flu hosp,2025-10-18,30,quantile,0.01,0.0
2025-09-27,2,wk inc flu hosp,2025-10-18,30,quantile,0.025,0.0
2025-09-27,2,wk inc flu hosp,2025-10-18,30,quantile,0.05,0.0
2025-09-27,2,wk inc flu hosp,2025-10-18,30,quantile,0.1,0.0
2025-09-27,2,wk inc flu hosp,2025-10-18,30,quantile,0.15,0.0
2025-09-27,2,wk inc flu hosp,2025-10-18,30,quantile,0.2,0.0
2025-09-27,2,wk inc flu hosp,2025-10-18,30,quantile,0.25,0.0
2025-09-27,2,wk inc flu hosp,2025-10-18,30,quantile,0.3,0.0
2025-09-27,2,wk inc flu hosp,2025-10-18,30,quantile,0.35,0.0
2025-09-27,2,wk inc flu hosp,2025-10-18,30,quantile,0.4,0.0
2025-09-27,2,wk inc flu hosp,2025-10-18,30,quantile,0.45,0.0
2025-09-27,2,wk inc flu hosp,2025-10-18,30,quantile,0.5,0.832178244003914
2025-09-27,2,wk inc flu hosp,2025-10-18,30,quantile,0.55,1.900749092268522
2025-09-27,2,wk inc flu hosp,2025-10-18,30,quantile,0.6,2.986534660503449
2025-09-27,2,wk inc flu hosp,2025-10-18,30,quantile,0.65,4.1087802218397345
2025-09-27,2,wk inc flu hosp,2025-10-18,30,quantile,0.7,5.291458004399059
2025-09-27,2,wk inc flu hosp,2025-10-18,30,quantile,0.75,6.567753283988513
2025-09-27,2,wk inc flu hosp,2025-10-18,30,quantile,0.8,7.988968601453438
2025-09-27,2,wk inc flu hosp,2025-10-18,30,quantile,0.85,9.645568629341977
2025-09-27,2,wk inc flu hosp,2025-10-18,30,quantile,0.9,11.729949736682556
2025-09-27,2,wk inc flu hosp,2025-10-18,30,quantile,0.95,14.819316528059945
2025-09-27,2,wk inc flu hosp,2025-10-18,30,quantile,0.975,17.498881490018636
2025-09-27,2,wk inc flu hosp,2025-10-18,30,quantile,0.99,20.61445484167043
2025-10-04,2,wk inc flu hosp,2025-10-25,30,quantile,0.01,0.0
2025-10-04,2,wk inc flu hosp,2025-10-25,30,quantile,0.025,0.0
2025-10-04,2,wk inc flu hosp,2025-10-25,30,quantile,0.05,0.0
2025-10-04,2,wk inc flu hosp,2025-10-25,30,quantile,0.1,0.0
2025-10-04,2,wk inc flu hosp,2025-10-25,30,quantile,0.15,0.0
2025-10-04,2,wk inc flu hosp,2025-10-25,30,quantile,0.2,0.0
2025-10-04,2,wk inc flu hosp,2025-10-25,30,quantile,0.25,0.0
2025-10-04,2,wk inc flu hosp,2025-10-25,30,quantile,0.3,0.0
2025-10-04,2,wk inc flu hosp,2025-10-25,30,quantile,0.35,0.8280467096983752
2025-10-04,2,wk inc flu hosp,2025-10-25,30,quantile,0.4,1.8430207435311479
2025-10-04,2,wk inc flu hosp,2025-10-25,30,quantile,0.45,2.825019867463153
2025-10-04,2,wk inc flu hosp,2025-10-25,30,quantile,0.5,3.791449766288334
2025-10-04,2,wk inc flu hosp,2025-10-25,30,quantile,0.55,4.757879665113516
2025-10-04,2,wk inc flu hosp,2025-10-25,30,quantile,0.6,5.7398787890455205
2025-10-04,2,wk inc flu hosp,2025-10-25,30,quantile,0.65,6.754852822878293
2025-10-04,2,wk inc flu hosp,2025-10-25,30,quantile,0.7,7.824482573304132
2025-10-04,2,wk inc flu hosp,2025-10-25,30,quantile,0.75,8.978781251700472
2025-10-04,2,wk inc flu hosp,2025-10-25,30,quantile,0.8,10.264147568493637
2025-10-04,2,wk inc flu hosp,2025-10-25,30,quantile,0.85,11.762398994635543
2025-10-04,2,wk inc flu hosp,2025-10-25,30,quantile,0.9,13.647541403257057
2025-10-04,2,wk inc flu hosp,2025-10-25,30,quantile,0.95,16.441606429898506
2025-10-04,2,wk inc flu hosp,2025-10-25,30,quantile,0.975,18.865041150475857
2025-10-04,2,wk inc flu hosp,2025-10-25,30,quantile,0.99,21.682807743967725
2025-10-11,2,wk inc flu hosp,2025-11-01,30,quantile,0.01,0.0
2025-10-11,2,wk inc flu hosp,2025-11-01,30,quantile,0.025,0.0
2025-10-11,2,wk inc flu hosp,2025-11-01,30,quantile,0.05,0.0
2025-10-11,2,wk inc flu hosp,2025-11-01,30,quantile,0.1,0.0
2025-10-11,2,wk inc flu hosp,2025-11-01,30,quantile,0.15,0.0
2025-10-11,2,wk inc flu hosp,2025-11-01,30,quantile,0.2,0.0
2025-10-11,2,wk inc flu hosp,2025-11-01,30,quantile,0.25,0.0
2025-10-11,2,wk inc flu hosp,2025-11-01,30,quantile,0.3,0.0
2025-10-11,2,wk inc flu hosp,2025-11-01,30,quantile,0.35,0.0
2025-10-11,2,wk inc flu hosp,2025-11-01,30,quantile,0.4,0.0
2025-10-11,2,wk inc flu hosp,2025-11-01,30,quantile,0.45,0.842353806939506
2025-10-11,2,wk inc flu hosp,2025-11-01,30,quantile,0.5,1.9015061899979342
2025-10-11,2,wk inc flu hosp,2025-11-01,30,quantile,0.55,2.9606585730563637
2025-10-11,2,wk inc flu hosp,2025-11-01,30,quantile,0.6,4.036873944226304
2025-10-11,2,wk inc flu hosp,2025-11-01,30,quantile,0.65,5.149227947329086
2025-10-11,2,wk inc flu hosp,2025-11-01,30,quantile,0.7,6.321481517433761
2025-10-11,2,wk inc flu hosp,2025-11-01,30,quantile,0.75,7.586527432787661
2025-10-11,2,wk inc flu hosp,2025-11-01,30,quantile,0.8,8.995216049716285
2025-10-11,2,wk inc flu hosp,2025-11-01,30,quantile,0.85,10.637214678223057
2025-10-11,2,wk inc flu hosp,2025-11-01,30,quantile,0.9,12.703223891020766
2025-10-11,2,wk inc flu hosp,2025-11-01,30,quantile,0.95,15.765360767151108
2025-10-11,2,wk inc flu hosp,2025-11-01,30,quantile,0.975,18.42130783853859
2025-10-11,2,wk inc flu hosp,2025-11-01,30,quantile,0.99,21.50942028831618
2025-10-18,2,wk inc flu hosp,2025-11-08,30,quantile,0.01,0.0
2025-10-18,2,wk inc flu hosp,2025-11-08,30,quantile,0.025,0.0
2025-10-18,2,wk inc flu hosp,2025-11-08,30,quantile,0.05,0.0
2025-10-18,2,wk inc flu hosp,2025-11-08,30,quantile,0.1,0.0
2025-10-18,2,wk inc flu hosp,2025-11-08,30,quantile,0.15,0.0
2025-10-18,2,wk inc flu hosp,2025-11-08,30,quantile,0.2,0.0
2025-10-18,2,wk inc flu hosp,2025-11-08,30,quantile,0.25,0.0
2025-10-18,2,wk inc flu hosp,2025-11-08,30,quantile,0.3,0.526428744767995
2025-10-18,2,wk inc flu hosp,2025-11-08,30,quantile,0.35,1.7643128604412106
2025-10-18,2,wk inc flu hosp,2025-11-08,30,quantile,0.4,2.938943833263491
2025-10-18,2,wk inc flu hosp,2025-11-08,30,quantile,0.45,4.075412893362547
2025-10-18,2,wk inc flu hosp,2025-11-08,30,quantile,0.5,5.193863665876198
2025-10-18,2,wk inc flu hosp,2025-11-08,30,quantile,0.55,6.31231443838985
2025-10-18,2,wk inc flu hosp,2025-11-08,30,quantile,0.6,7.448783498488905
2025-10-18,2,wk inc flu hosp,2025-11-08,30,quantile,0.65,8.623414471311186
2025-10-18,2,wk inc flu hosp,2025-11-08,30,quantile,0.7,9.8612985869844
2025-10-18,2,wk inc flu hosp,2025-11-08,30,quantile,0.75,11.197170180085234
2025-10-18,2,wk inc flu hosp,2025-11-08,30,quantile,0.8,12.684726547834153
2025-10-18,2,wk inc flu hosp,2025-11-08,30,quantile,0.85,14.418655172171153
2025-10-18,2,wk inc flu hosp,2025-11-08,30,quantile,0.9,16.600333311251962
2025-10-18,2,wk inc flu hosp,2025-11-08,30,quantile,0.95,19.83390896045256
2025-10-18,2,wk inc flu hosp,2025-11-08,30,quantile,0.975,22.63855360013216
2025-10-18,2,wk inc flu hosp,2025-11-08,30,quantile,0.99,25.8995591082246
2025-10-25,2,wk inc flu hosp,2025-11-15,30,quantile,0.01,0.0
2025-10-25,2,wk inc flu hosp,2025-11-15,30,quantile,0.025,0.0
2025-10-25,2,wk inc flu hosp,2025-11-15,30,quantile,0.05,0.0
2025-10-25,2,wk inc flu hosp,2025-11-15,30,quantile,0.1,0.0
2025-10-25,2,wk inc flu hosp,2025-11-15,30,quantile,0.15,0.0
2025-10-25,2,wk inc flu hosp,2025-11-15,30,quantile,0.2,0.0
2025-10-25,2,wk inc flu hosp,2025-11-15,30,quantile,0.25,0.0
2025-10-25,2,wk inc flu hosp,2025-11-15,30,quantile,0.3,0.7287156145642562
2025-10-25,2,wk inc flu hosp,2025-11-15,30,quantile,0.35,1.5205532739345422
2025-10-25,2,wk inc flu hosp,2025-11-15,30,quantile,0.4,2.271929778703406
2025-10-25,2,wk inc flu hosp,2025-11-15,30,quantile,0.45,2.998895242676728
2025-10-25,2,wk inc flu hosp,2025-11-15,30,quantile,0.5,3.7143349438691553
2025-10-25,2,wk inc flu hosp,2025-11-15,30,quantile,0.55,4.429774645061583
2025-10-25,2,wk inc flu hosp,2025-11-15,30,quantile,0.6,5.156740109034905
2025-10-25,2,wk inc flu hosp,2025-11-15,30,quantile,0.65,5.908116613803768
2025-10-25,2,wk inc flu hosp,2025-11-15,30,quantile,0.7,6.699954273174053
2025-10-25,2,wk inc flu hosp,2025-11-15,30,quantile,0.75,7.554471608122604
2025-10-25,2,wk inc flu hosp,2025-11-15,30,quantile,0.8,8.50601718295137
2025-10-25,2,wk inc flu hosp,2025-11-15,30,quantile,0.85,9.615159764253058
2025-10-25,2,wk inc flu hosp,2025-11-15,30,quantile,0.9,11.010714395963928
2025-10-25,2,wk inc flu hosp,2025-11-15,30,quantile,0.95,13.079136585925756
2025-10-25,2,wk inc flu hosp,2025-11-15,30,quantile,0.975,14.873184363686871
2025-10-25,2,wk inc flu hosp,2025-11-15,30,quantile,0.99,16.959152618734088
2025-11-01,2,wk inc flu hosp,2025-11-22,30,quantile,0.01,0.4468542291066152
2025-11-01,2,wk inc flu hosp,2025-11-22,30,quantile,0.025,0.4468542291066152
2025-11-01,2,wk inc flu hosp,2025-11-22,30,quantile,0.05,0.4468542291066152
2025-11-01,2,wk inc flu hosp,2025-11-22,30,quantile,0.1,0.4468542291066152
2025-11-01,2,wk inc flu hosp,2025-11-22,30,quantile,0.15,0.4468542291066152
2025-11-01,2,wk inc flu hosp,2025-11-22,30,quantile,0.2,0.4468542291066152
2025-11-01,2,wk inc flu hosp,2025-11-22,30,quantile,0.25,0.4468542291066152
2025-11-01,2,wk inc flu hosp,2025-11-22,30,quantile,0.3,0.9046266375202573
2025-11-01,2,wk inc flu hosp,2025-11-22,30,quantile,0.35,1.5673598593045175
2025-11-01,2,wk inc flu hosp,2025-11-22,30,quantile,0.4,2.8692812636768505
2025-11-01,2,wk inc flu hosp,2025-11-22,30,quantile,0.45,5.556904871643443
2025-11-01,2,wk inc flu hosp,2025-11-22,30,quantile,0.5,5.6542805244369845
2025-11-01,2,wk inc flu hosp,2025-11-22,30,quantile,0.55,5.753102289068747
2025-11-01,2,wk inc flu hosp,2025-11-22,30,quantile,0.6,5.853391641538001
2025-11-01,2,wk inc flu hosp,2025-11-22,30,quantile,0.65,5.955170376781005
2025-11-01,2,wk inc flu hosp,2025-11-22,30,quantile,0.7,6.0584606134074805
2025-11-01,2,wk inc flu hosp,2025-11-22,30,quantile,0.75,6.163284798507452
2025-11-01,2,wk inc flu hosp,2025-11-22,30,quantile,0.8,6.2696657125294495
2025-11-01,2,wk inc flu hosp,2025-11-22,30,quantile,0.85,6.377626474231173
2025-11-01,2,wk inc flu hosp,2025-11-22,30,quantile,0.9,6.487190545703682
2025-11-01,2,wk inc flu hosp,2025-11-22,30,quantile,0.95,6.598381737470167
2025-11-01,2,wk inc flu hosp,2025-11-22,30,quantile,0.975,8.533675218852125
2025-11-01,2,wk inc flu hosp,2025-11-22,30,quantile,0.99,11.348895422036726
2025-09-20,2,wk inc flu hosp,2025-10-11,31,quantile,0.01,0.0
2025-09-20,2,wk inc flu hosp,2025-10-11,31,quantile,0.025,0.0
2025-09-20,2,wk inc flu hosp,2025-10-11,31,quantile,0.05,0.0
2025-09-20,2,wk inc flu hosp,2025-10-11,31,quantile,0.1,0.0
2025-09-20,2,wk inc flu hosp,2025-10-11,31,quantile,0.15,0.0
2025-09-20,2,wk inc flu hosp,2025-10-11,31,quantile,0.2,0.0
2025-09-20,2,wk inc flu hosp,2025-10-11,31,quantile,0.25,0.0
2025-09-20,2,wk inc flu hosp,2025-10-11,31,quantile,0.3,0.0
2025-09-20,2,wk inc flu hosp,2025-10-11,31,quantile,0.35,0.0
2025-09-20,2,wk inc flu hosp,2025-10-11,31,quantile,0.4,0.0
2025-09-20,2,wk inc flu hosp,2025-10-11,31,quantile,0.45,0.0
2025-09-20,2,wk inc flu hosp,2025-10-11,31,quantile,0.5,1.6666666666666665
2025-09-20,2,wk inc flu hosp,2025-10-11,31,quantile,0.55,3.355515448629575
2025-09-20,2,wk inc flu hosp,2025-10-11,31,quantile,0.6,5.071571653386133
2025-09-20,2,wk inc flu hosp,2025-10-11,31,quantile,0.65,6.8452519408505506
2025-09-20,2,wk inc flu hosp,2025-10-11,31,quantile,0.7,8.714443801899062
2025-09-20,2,wk inc flu hosp,2025-10-11,31,quantile,0.75,10.731595712659315
2025-09-20,2,wk inc flu hosp,2025-10-11,31,quantile,0.8,12.977790021352737
2025-09-20,2,wk inc flu hosp,2025-10-11,31,quantile,0.85,15.596003819570145
2025-09-20,2,wk inc flu hosp,2025-10-11,31,quantile,0.9,18.890314627314485
2025-09-20,2,wk inc flu hosp,2025-10-11,31,quantile,0.95,23.772979497994516
2025-09-20,2,wk inc flu hosp,2025-10-11,31,quantile,0.975,28.00796310207073
2025-09-20,2,wk inc flu hosp,2025-10-11,31,quantile,0.99,32.932046768210824
2025-09-27,2,wk inc flu hosp,2025-10-18,31,quantile,0.01,0.0
2025-09-27,2,wk inc flu hosp,2025-10-18,31,quantile,0.025,0.0
2025-09-27,2,wk inc flu hosp,2025-10-18,31,quantile,0.05,0.0
2025-09-27,2,wk inc flu hosp,2025-10-18,31,quantile,0.1,0.0
2025-09-27,2,wk inc flu hosp,2025-10-18,31,quantile,0.15,0.0
2025-09-27,2,wk inc flu hosp,2025-10-18,31,quantile,0.2,0.0
2025-09-27,2,wk inc flu hosp,2025-10-18,31,quantile,0.25,0.0
2025-09-27,2,wk inc flu hosp,2025-10-18,31,quantile,0.3,0.0
2025-09-27,2,wk inc flu hosp,2025-10-18,31,quantile,0.35,0.0
2025-09-27,2,wk inc flu hosp,2025-10-18,31,quantile,0.4,0.5646227283045846
2025-09-27,2,wk inc flu hosp,2025-10-18,31,quantile,0.45,2.176515486899087
2025-09-27,2,wk inc flu hosp,2025-10-18,31,quantile,0.5,3.7628522947854757
2025-09-27,2,wk inc flu hosp,2025-10-18,31,quantile,0.55,5.3491891026718665
2025-09-27,2,wk inc flu hosp,2025-10-18,31,quantile,0.6,6.961081861266367
2025-09-27,2,wk inc flu hosp,2025-10-18,31,quantile,0.65,8.627100959883993
2025-09-27,2,wk inc flu hosp,2025-10-18,31,quantile,0.7,10.382834144436238
2025-09-27,2,wk inc flu hosp,2025-10-18,31,quantile,0.75,12.2775463041704
2025-09-27,2,wk inc flu hosp,2025-10-18,31,quantile,0.8,14.387398143838283
2025-09-27,2,wk inc flu hosp,2025-10-18,31,quantile,0.85,16.846688142674616
2025-09-27,2,wk inc flu hosp,2025-10-18,31,quantile,0.9,19.941036521733675
2025-09-27,2,wk inc flu hosp,2025-10-18,31,quantile,0.95,24.527326950845456
2025-09-27,2,wk inc flu hosp,2025-10-18,31,quantile,0.975,28.50524992636086
2025-09-27,2,wk inc flu hosp,2025-10-18,31,quantile,0.99,33.13044505817803
2025-10-04,2,wk inc flu hosp,2025-10-25,31,quantile,0.01,0.0
2025-10-04,2,wk inc flu hosp,2025-10-25,31,quantile,0.025,0.0
2025-10-04,2,wk inc flu hosp,2025-10-25,31,quantile,0.05,0.0
2025-10-04,2,wk inc flu hosp,2025-10-25,31,quantile,0.1,0.0
2025-10-04,2,wk inc flu hosp,2025-10-25,31,quantile,0.15,0.0
2025-10-04,2,wk inc flu hosp,2025-10-25,31,quantile,0.2,0.0
2025-10-04,2,wk inc flu hosp,2025-10-25,31,quantile,0.25,0.0
2025-10-04,2,wk inc flu hosp,2025-10-25,31,quantile,0.3,0.0
2025-10-04,2,wk inc flu hosp,2025-10-25,31,quantile,0.35,0.0
2025-10-04,2,wk inc flu hosp,2025-10-25,31,quantile,0.4,0.0
2025-10-04,2,wk inc flu hosp,2025-10-25,31,quantile,0.45,0.0
2025-10-04,2,wk inc flu hosp,2025-10-25,31,quantile,0.5,0.5555555555555556
2025-10-04,2,wk inc flu hosp,2025-10-25,31,quantile,0.55,2.4559445856204243
2025-10-04,2,wk inc flu hosp,2025-10-25,31,quantile,0.6,4.386948960508111
2025-10-04,2,wk inc flu hosp,2025-10-25,31,quantile,0.65,6.382795241796847
2025-10-04,2,wk inc flu hosp,2025-10-25,31,quantile,0.7,8.486116596414814
2025-10-04,2,wk inc flu hosp,2025-10-25,31,quantile,0.75,10.755931042873268
2025-10-04,2,wk inc flu hosp,2025-10-25,31,quantile,0.8,13.283477066664565
2025-10-04,2,wk inc flu hosp,2025-10-25,31,quantile,0.85,16.229640650780006
2025-10-04,2,wk inc flu hosp,2025-10-25,31,quantile,0.9,19.936587174070908
2025-10-04,2,wk inc flu hosp,2025-10-25,31,quantile,0.95,25.43084033446264
2025-10-04,2,wk inc flu hosp,2025-10-25,31,quantile,0.975,30.196285571268792
2025-10-04,2,wk inc flu hosp,2025-10-25,31,quantile,0.99,35.73714552403381
2025-10-11,2,wk inc flu hosp,2025-11-01,31,quantile,0.01,0.0
2025-10-11,2,wk inc flu hosp,2025-11-01,31,quantile,0.025,0.0
2025-10-11,2,wk inc flu hosp,2025-11-01,31,quantile,0.05,0.0
2025-10-11,2,wk inc flu hosp,2025-11-01,31,quantile,0.1,0.0
2025-10-11,2,wk inc flu hosp,2025-11-01,31,quantile,0.15,0.0
2025-10-11,2,wk inc flu hosp,2025-11-01,31,quantile,0.2,0.0
2025-10-11,2,wk inc flu hosp,2025-11-01,31,quantile,0.25,0.0
2025-10-11,2,wk inc flu hosp,2025-11-01,31,quantile,0.3,0.0
2025-10-11,2,wk inc flu hosp,2025-11-01,31,quantile,0.35,0.0
2025-10-11,2,wk inc flu hosp,2025-11-01,31,quantile,0.4,0.0
2025-10-11,2,wk inc flu hosp,2025-11-01,31,quantile,0.45,0.8362313777954993
2025-10-11,2,wk inc flu hosp,2025-11-01,31,quantile,0.5,2.777777777777777
2025-10-11,2,wk inc flu hosp,2025-11-01,31,quantile,0.55,4.719324177760057
2025-10-11,2,wk inc flu hosp,2025-11-01,31,quantile,0.6,6.692148969474017
2025-10-11,2,wk inc flu hosp,2025-11-01,31,quantile,0.65,8.731219970753106
2025-10-11,2,wk inc flu hosp,2025-11-01,31,quantile,0.7,10.88009366948466
2025-10-11,2,wk inc flu hosp,2025-11-01,31,quantile,0.75,13.199066257428274
2025-10-11,2,wk inc flu hosp,2025-11-01,31,quantile,0.8,15.781352202908609
2025-10-11,2,wk inc flu hosp,2025-11-01,31,quantile,0.85,18.791321851230023
2025-10-11,2,wk inc flu hosp,2025-11-01,31,quantile,0.9,22.578550972930756
2025-10-11,2,wk inc flu hosp,2025-11-01,31,quantile,0.95,28.191795037902914
2025-10-11,2,wk inc flu hosp,2025-11-01,31,quantile,0.975,33.06044713884557
2025-10-11,2,wk inc flu hosp,2025-11-01,31,quantile,0.99,38.72130737530446
2025-10-18,2,wk inc flu hosp,2025-11-08,31,quantile,0.01,0.0
2025-10-18,2,wk inc flu hosp,2025-11-08,31,quantile,0.025,0.0
2025-10-18,2,wk inc flu hosp,2025-11-08,31,quantile,0.05,0.0
2025-10-18,2,wk inc flu hosp,2025-11-08,31,quantile,0.1,0.0
2025-10-18,2,wk inc flu hosp,2025-11-08,31,quantile,0.15,0.0
2025-10-18,2,wk inc flu hosp,2025-11-08,31,quantile,0.2,0.0
2025-10-18,2,wk inc flu hosp,2025-11-08,31,quantile,0.25,0.0
2025-10-18,2,wk inc flu hosp,2025-11-08,31,quantile,0.3,0.0
2025-10-18,2,wk inc flu hosp,2025-11-08,31,quantile,0.35,0.0
2025-10-18,2,wk inc flu hosp,2025-11-08,31,quantile,0.4,0.0
2025-10-18,2,wk inc flu hosp,2025-11-08,31,quantile,0.45,0.0
2025-10-18,2,wk inc flu hosp,2025-11-08,31,quantile,0.5,0.6670975371064376
2025-10-18,2,wk inc flu hosp,2025-11-08,31,quantile,0.55,2.9675703667554743
2025-10-18,2,wk inc flu hosp,2025-11-08,31,quantile,0.6,5.3051039075647015
2025-10-18,2,wk inc flu hosp,2025-11-08,31,quantile,0.65,7.72113034721642
2025-10-18,2,wk inc flu hosp,2025-11-08,31,quantile,0.7,10.267258298793827
2025-10-18,2,wk inc flu hosp,2025-11-08,31,quantile,0.75,13.014930685770459
2025-10-18,2,wk inc flu hosp,2025-11-08,31,quantile,0.8,16.074594186996237
2025-10-18,2,wk inc flu hosp,2025-11-08,31,quantile,0.85,19.64100567945136
2025-10-18,2,wk inc flu hosp,2025-11-08,31,quantile,0.9,24.128365700415905
2025-10-18,2,wk inc flu hosp,2025-11-08,31,quantile,0.95,30.779309225523015
2025-10-18,2,wk inc flu hosp,2025-11-08,31,quantile,0.975,36.548010851883575
2025-10-18,2,wk inc flu hosp,2025-11-08,31,quantile,0.99,43.255373172213986
2025-10-25,2,wk inc flu hosp,2025-11-15,31,quantile,0.01,0.0
2025-10-25,2,wk inc flu hosp,2025-11-15,31,quantile,0.025,0.0
2025-10-25,2,wk inc flu hosp,2025-11-15,31,quantile,0.05,0.0
2025-10-25,2,wk inc flu hosp,2025-11-15,31,quantile,0.1,0.0
2025-10-25,2,wk inc flu hosp,2025-11-15,31,quantile,0.15,0.0
2025-10-25,2,wk inc flu hosp,2025-11-15,31,quantile,0.2,0.0
2025-10-25,2,wk inc flu hosp,2025-11-15,31,quantile,0.25,0.0
2025-10-25,2,wk inc flu hosp,2025-11-15,31,quantile,0.3,0.0
2025-10-25,2,wk inc flu hosp,2025-11-15,31,quantile,0.35,0.0
2025-10-25,2,wk inc flu hosp,2025-11-15,31,quantile,0.4,0.0
2025-10-25,2,wk inc flu hosp,2025-11-15,31,quantile,0.45,0.5372570075252456
2025-10-25,2,wk inc flu hosp,2025-11-15,31,quantile,0.5,2.500217377259682
2025-10-25,2,wk inc flu hosp,2025-11-15,31,quantile,0.55,4.46317774699412
2025-10-25,2,wk inc flu hosp,2025-11-15,31,quantile,0.6,6.4577614883867795
2025-10-25,2,wk inc flu hosp,2025-11-15,31,quantile,0.65,8.519322091121847
2025-10-25,2,wk inc flu hosp,2025-11-15,31,quantile,0.7,10.691896442274723
2025-10-25,2,wk inc flu hosp,2025-11-15,31,quantile,0.75,13.036445760630118
2025-10-25,2,wk inc flu hosp,2025-11-15,31,quantile,0.8,15.647212608306994
2025-10-25,2,wk inc flu hosp,2025-11-15,31,quantile,0.85,18.69038022655828
2025-10-25,2,wk inc flu hosp,2025-11-15,31,quantile,0.9,22.519379974939547
2025-10-25,2,wk inc flu hosp,2025-11-15,31,quantile,0.95,28.194534400962
2025-10-25,2,wk inc flu hosp,2025-11-15,31,quantile,0.975,33.11688450717732
2025-10-25,2,wk inc flu hosp,2025-11-15,31,quantile,0.99,38.84018027949352
2025-11-01,2,wk inc flu hosp,2025-11-22,31,quantile,0.01,0.0
2025-11-01,2,wk inc flu hosp,2025-11-22,31,quantile,0.025,0.0
2025-11-01,2,wk inc flu hosp,2025-11-22,31,quantile,0.05,0.0
2025-11-01,2,wk inc flu hosp,2025-11-22,31,quantile,0.1,0.0
2025-11-01,2,wk inc flu hosp,2025-11-22,31,quantile,0.15,0.0
2025-11-01,2,wk inc flu hosp,2025-11-22,31,quantile,0.2,0.0
2025-11-01,2,wk inc flu hosp,2025-11-22,31,quantile,0.25,0.0
2025-11-01,2,wk inc flu hosp,2025-11-22,31,quantile,0.3,0.0
2025-11-01,2,wk inc flu hosp,2025-11-22,31,quantile,0.35,0.0
2025-11-01,2,wk inc flu hosp,2025-11-22,31,quantile,0.4,0.0
2025-11-01,2,wk inc flu hosp,2025-11-22,31,quantile,0.45,0.0
2025-11-01,2,wk inc flu hosp,2025-11-22,31,quantile,0.5,0.0
2025-11-01,2,wk inc flu hosp,2025-11-22,31,quantile,0.55,0.0
2025-11-01,2,wk inc flu hosp,2025-11-22,31,quantile,0.6,0.0
2025-11-01,2,wk inc flu hosp,2025-11-22,31,quantile,0.65,0.0
2025-11-01,2,wk inc flu hosp,2025-11-22,31,quantile,0.7,0.05219521760267965
2025-11-01,2,wk inc flu hosp,2025-11-22,31,quantile,0.75,0.31881665384364644
2025-11-01,2,wk inc flu hosp,2025-11-22,31,quantile,0.8,0.6529987376469167
2025-11-01,2,wk inc flu hosp,2025-11-22,31,quantile,0.85,1.0718610268522144
2025-11-01,2,wk inc flu hosp,2025-11-22,31,quantile,0.9,1.5968610966392782
2025-11-01,2,wk inc flu hosp,2025-11-22,31,quantile,0.95,2.6666975229340393
2025-11-01,2,wk inc flu hosp,2025-11-22,31,quantile,0.975,2.8646432895115943
2025-11-01,2,wk inc flu hosp,2025-11-22,31,quantile,0.99,2.988503814702543
2025-09-20,2,wk inc flu hosp,2025-10-11,32,quantile,0.01,0.0
2025-09-20,2,wk inc flu hosp,2025-10-11,32,quantile,0.025,0.0
2025-09-20,2,wk inc flu hosp,2025-10-11,32,quantile,0.05,0.0
2025-09-20,2,wk inc flu hosp,2025-10-11,32,quantile,0.1,0.0
2025-09-20,2,wk inc flu hosp,2025-10-11,32,quantile,0.15,0.0
2025-09-20,2,wk inc flu hosp,2025-10-11,32,quantile,0.2,0.0
2025-09-20,2,wk inc flu hosp,2025-10-11,32,quantile,0.25,0.0
2025-09-20,2,wk inc flu hosp,2025-10-11,32,quantile,0.3,0.7327771334103055
2025-09-20,2,wk inc flu hosp,2025-10-11,32,quantile,0.35,3.22954420010124
2025-09-20,2,wk inc flu hosp,2025-10-11,32,quantile,0.4,5.59873198700715
2025-09-20,2,wk inc flu hosp,2025-10-11,32,quantile,0.45,7.8909485892254985
2025-09-20,2,wk inc flu hosp,2025-10-11,32,quantile,0.5,10.146822963224093
2025-09-20,2,wk inc flu hosp,2025-10-11,32,quantile,0.55,12.402697337222689
2025-09-20,2,wk inc flu hosp,2025-10-11,32,quantile,0.6,14.694913939441037
2025-09-20,2,wk inc flu hosp,2025-10-11,32,quantile,0.65,17.064101726346944
2025-09-20,2,wk inc flu hosp,2025-10-11,32,quantile,0.7,19.560868793037876
2025-09-20,2,wk inc flu hosp,2025-10-11,32,quantile,0.75,22.255273024219242
2025-09-20,2,wk inc flu hosp,2025-10-11,32,quantile,0.8,25.255619907919264
2025-09-20,2,wk inc flu hosp,2025-10-11,32,quantile,0.85,28.75289063821127
2025-09-20,2,wk inc flu hosp,2025-10-11,32,quantile,0.9,33.15325579259742
2025-09-20,2,wk inc flu hosp,2025-10-11,32,quantile,0.95,39.67525982056502
2025-09-20,2,wk inc flu hosp,2025-10-11,32,quantile,0.975,45.332125662417255
2025-09-20,2,wk inc flu hosp,2025-10-11,32,quantile,0.99,51.909454714317235
2025-09-27,2,wk inc flu hosp,2025-10-18,32,quantile,0.01,0.0
2025-09-27,2,wk inc flu hosp,2025-10-18,32,quantile,0.025,0.0
2025-09-27,2,wk inc flu hosp,2025-10-18,32,quantile,0.05,0.0
2025-09-27,2,wk inc flu hosp,2025-10-18,32,quantile,0.1,0.0
2025-09-27,2,wk inc flu hosp,2025-10-18,32,quantile,0.15,0.0
2025-09-27,2,wk inc flu hosp,2025-10-18,32,quantile,0.2,0.0
2025-09-27,2,wk inc flu hosp,2025-10-18,32,quantile,0.25,0.0
2025-09-27,2,wk inc flu hosp,2025-10-18,32,quantile,0.3,0.0
2025-09-27,2,wk inc flu hosp,2025-10-18,32,quantile,0.35,0.0
2025-09-27,2,wk inc flu hosp,2025-10-18,32,quantile,0.4,0.0
2025-09-27,2,wk inc flu hosp,2025-10-18,32,quantile,0.45,1.4087052055218074
2025-09-27,2,wk inc flu hosp,2025-10-18,32,quantile,0.5,3.828615371834699
2025-09-27,2,wk inc flu hosp,2025-10-18,32,quantile,0.55,6.248525538147593
2025-09-27,2,wk inc flu hosp,2025-10-18,32,quantile,0.6,8.707420555988168
2025-09-27,2,wk inc flu hosp,2025-10-18,32,quantile,0.65,11.248883714362396
2025-09-27,2,wk inc flu hosp,2025-10-18,32,quantile,0.7,13.927203073472404
2025-09-27,2,wk inc flu hosp,2025-10-18,32,quantile,0.75,16.817530773607146
2025-09-27,2,wk inc flu hosp,2025-10-18,32,quantile,0.8,20.036047730941675
2025-09-27,2,wk inc flu hosp,2025-10-18,32,quantile,0.85,23.787622327527522
2025-09-27,2,wk inc flu hosp,2025-10-18,32,quantile,0.9,28.507959814101888
2025-09-27,2,wk inc flu hosp,2025-10-18,32,quantile,0.95,35.50421103887077
2025-09-27,2,wk inc flu hosp,2025-10-18,32,quantile,0.975,41.57241559757681
2025-09-27,2,wk inc flu hosp,2025-10-18,32,quantile,0.99,48.62801480262713
2025-10-04,2,wk inc flu hosp,2025-10-25,32,quantile,0.01,0.0
2025-10-04,2,wk inc flu hosp,2025-10-25,32,quantile,0.025,0.0
2025-10-04,2,wk inc flu hosp,2025-10-25,32,quantile,0.05,0.0
2025-10-04,2,wk inc flu hosp,2025-10-25,32,quantile,0.1,0.0
2025-10-04,2,wk inc flu hosp,2025-10-25,32,quantile,0.15,0.0
2025-10-04,2,wk inc flu hosp,2025-10-25,32,quantile,0.2,0.0
2025-10-04,2,wk inc flu hosp,2025-10-25,32,quantile,0.25,0.0
2025-10-04,2,wk inc flu hosp,2025-10-25,32,quantile,0.3,0.0
2025-10-04,2,wk inc flu hosp,2025-10-25,32,quantile,0.35,0.9613792854283973
2025-10-04,2,wk inc flu hosp,2025-10-25,32,quantile,0.4,3.506865420280839
2025-10-04,2,wk inc flu hosp,2025-10-25,32,quantile,0.45,5.969652714421615
2025-10-04,2,wk inc flu hosp,2025-10-25,32,quantile,0.5,8.393393446464483
2025-10-04,2,wk inc flu hosp,2025-10-25,32,quantile,0.55,10.817134178507352
2025-10-04,2,wk inc flu hosp,2025-10-25,32,quantile,0.6,13.279921472648127
2025-10-04,2,wk inc flu hosp,2025-10-25,32,quantile,0.65,15.82540760750057
2025-10-04,2,wk inc flu hosp,2025-10-25,32,quantile,0.7,18.507966577854727
2025-10-04,2,wk inc flu hosp,2025-10-25,32,quantile,0.75,21.4028694851152
2025-10-04,2,wk inc flu hosp,2025-10-25,32,quantile,0.8,24.62648115254671
2025-10-04,2,wk inc flu hosp,2025-10-25,32,quantile,0.85,28.38399425597599
2025-10-04,2,wk inc flu hosp,2025-10-25,32,quantile,0.9,33.111803740173116
2025-10-04,2,wk inc flu hosp,2025-10-25,32,quantile,0.95,40.119129590997545
2025-10-04,2,wk inc flu hosp,2025-10-25,32,quantile,0.975,46.1969397362037
2025-10-04,2,wk inc flu hosp,2025-10-25,32,quantile,0.99,53.26370751143301
2025-10-11,2,wk inc flu hosp,2025-11-01,32,quantile,0.01,0.0
2025-10-11,2,wk inc flu hosp,2025-11-01,32,quantile,0.025,0.0
2025-10-11,2,wk inc flu hosp,2025-11-01,32,quantile,0.05,0.0
2025-10-11,2,wk inc flu hosp,2025-11-01,32,quantile,0.1,0.0
2025-10-11,2,wk inc flu hosp,2025-11-01,32,quantile,0.15,0.0
2025-10-11,2,wk inc flu hosp,2025-11-01,32,quantile,0.2,0.0
2025-10-11,2,wk inc flu hosp,2025-11-01,32,quantile,0.25,0.0
2025-10-11,2,wk inc flu hosp,2025-11-01,32,quantile,0.3,0.0
2025-10-11,2,wk inc flu hosp,2025-11-01,32,quantile,0.35,0.7746772738628076
2025-10-11,2,wk inc flu hosp,2025-11-01,32,quantile,0.4,3.463366217842953
2025-10-11,2,wk inc flu hosp,2025-11-01,32,quantile,0.45,6.064703887087391
2025-10-11,2,wk inc flu hosp,2025-11-01,32,quantile,0.5,8.624798330381527
2025-10-11,2,wk inc flu hosp,2025-11-01,32,quantile,0.55,11.184892773675665
2025-10-11,2,wk inc flu hosp,2025-11-01,32,quantile,0.6,13.7862304429201
2025-10-11,2,wk inc flu hosp,2025-11-01,32,quantile,0.65,16.474919386900247
2025-10-11,2,wk inc flu hosp,2025-11-01,32,quantile,0.7,19.30839254804323
2025-10-11,2,wk inc flu hosp,2025-11-01,32,quantile,0.75,22.36615559537502
2025-10-11,2,wk inc flu hosp,2025-11-01,32,quantile,0.8,25.771119751823246
2025-10-11,2,wk inc flu hosp,2025-11-01,32,quantile,0.85,29.740021330081685
2025-10-11,2,wk inc flu hosp,2025-11-01,32,quantile,0.9,34.73380578459499
2025-10-11,2,wk inc flu hosp,2025-11-01,32,quantile,0.95,42.13534660778633
2025-10-11,2,wk inc flu hosp,2025-11-01,32,quantile,0.975,48.55507945067352
2025-10-11,2,wk inc flu hosp,2025-11-01,32,quantile,0.99,56.019406255201815
2025-10-18,2,wk inc flu hosp,2025-11-08,32,quantile,0.01,0.0
2025-10-18,2,wk inc flu hosp,2025-11-08,32,quantile,0.025,0.0
2025-10-18,2,wk inc flu hosp,2025-11-08,32,quantile,0.05,0.0
2025-10-18,2,wk inc flu hosp,2025-11-08,32,quantile,0.1,0.0
2025-10-18,2,wk inc flu hosp,2025-11-08,32,quantile,0.15,0.0
2025-10-18,2,wk inc flu hosp,2025-11-08,32,quantile,0.2,0.0
2025-10-18,2,wk inc flu hosp,2025-11-08,32,quantile,0.25,0.0
2025-10-18,2,wk inc flu hosp,2025-11-08,32,quantile,0.3,0.0
2025-10-18,2,wk inc flu hosp,2025-11-08,32,quantile,0.35,0.0
2025-10-18,2,wk inc flu hosp,2025-11-08,32,quantile,0.4,2.425694356282694
2025-10-18,2,wk inc flu hosp,2025-11-08,32,quantile,0.45,5.384174069672516
2025-10-18,2,wk inc flu hosp,2025-11-08,32,quantile,0.5,8.295748204931776
2025-10-18,2,wk inc flu hosp,2025-11-08,32,quantile,0.55,11.207322340191038
2025-10-18,2,wk inc flu hosp,2025-11-08,32,quantile,0.6,14.165802053580858
2025-10-18,2,wk inc flu hosp,2025-11-08,32,quantile,0.65,17.22362564581413
2025-10-18,2,wk inc flu hosp,2025-11-08,32,quantile,0.7,20.446111125029468
2025-10-18,2,wk inc flu hosp,2025-11-08,32,quantile,0.75,23.92367962789578
2025-10-18,2,wk inc flu hosp,2025-11-08,32,quantile,0.8,27.79611706682213
2025-10-18,2,wk inc flu hosp,2025-11-08,32,quantile,0.85,32.3099158490959
2025-10-18,2,wk inc flu hosp,2025-11-08,32,quantile,0.9,37.98930540947167
2025-10-18,2,wk inc flu hosp,2025-11-08,32,quantile,0.95,46.40701627881771
2025-10-18,2,wk inc flu hosp,2025-11-08,32,quantile,0.975,53.70812509126209
2025-10-18,2,wk inc flu hosp,2025-11-08,32,quantile,0.99,62.19724193541362
2025-10-25,2,wk inc flu hosp,2025-11-15,32,quantile,0.01,0.0
2025-10-25,2,wk inc flu hosp,2025-11-15,32,quantile,0.025,0.0
2025-10-25,2,wk inc flu hosp,2025-11-15,32,quantile,0.05,0.0
2025-10-25,2,wk inc flu hosp,2025-11-15,32,quantile,0.1,0.0
2025-10-25,2,wk inc flu hosp,2025-11-15,32,quantile,0.15,0.0
2025-10-25,2,wk inc flu hosp,2025-11-15,32,quantile,0.2,0.0
2025-10-25,2,wk inc flu hosp,2025-11-15,32,quantile,0.25,0.3019641108432225
2025-10-25,2,wk inc flu hosp,2025-11-15,32,quantile,0.3,3.242991529885977
2025-10-25,2,wk inc flu hosp,2025-11-15,32,quantile,0.35,5.968291734332811
2025-10-25,2,wk inc flu hosp,2025-11-15,32,quantile,0.4,8.554335120664803
2025-10-25,2,wk inc flu hosp,2025-11-15,32,quantile,0.45,11.056362024977291
2025-10-25,2,wk inc flu hosp,2025-11-15,32,quantile,0.5,13.518720237997478
2025-10-25,2,wk inc flu hosp,2025-11-15,32,quantile,0.55,15.981078451017666
2025-10-25,2,wk inc flu hosp,2025-11-15,32,quantile,0.6,18.483105355330153
2025-10-25,2,wk inc flu hosp,2025-11-15,32,quantile,0.65,21.069148741662143
2025-10-25,2,wk inc flu hosp,2025-11-15,32,quantile,0.7,23.794448946108975
2025-10-25,2,wk inc flu hosp,2025-11-15,32,quantile,0.75,26.735476365151733
2025-10-25,2,wk inc flu hosp,2025-11-15,32,quantile,0.8,30.010449863739325
2025-10-25,2,wk inc flu hosp,2025-11-15,32,quantile,0.85,33.82783145428661
2025-10-25,2,wk inc flu hosp,2025-11-15,32,quantile,0.9,38.630969165800565
2025-10-25,2,wk inc flu hosp,2025-11-15,32,quantile,0.95,45.74994279692119
2025-10-25,2,wk inc flu hosp,2025-11-15,32,quantile,0.975,51.924590741056626
2025-10-25,2,wk inc flu hosp,2025-11-15,32,quantile,0.99,59.10395338525157
2025-11-01,2,wk inc flu hosp,2025-11-22,32,quantile,0.01,3.593048423623082
2025-11-01,2,wk inc flu hosp,2025-11-22,32,quantile,0.025,3.8322800498188414
2025-11-01,2,wk inc flu hosp,2025-11-22,32,quantile,0.05,4.553321999168127
2025-11-01,2,wk inc flu hosp,2025-11-22,32,quantile,0.1,6.334227497547525
2025-11-01,2,wk inc flu hosp,2025-11-22,32,quantile,0.15,8.821339235555586
2025-11-01,2,wk inc flu hosp,2025-11-22,32,quantile,0.2,13.291438053779318
2025-11-01,2,wk inc flu hosp,2025-11-22,32,quantile,0.25,14.062301048248424
2025-11-01,2,wk inc flu hosp,2025-11-22,32,quantile,0.3,14.147118178365991
2025-11-01,2,wk inc flu hosp,2025-11-22,32,quantile,0.35,14.232412921136387
2025-11-01,2,wk inc flu hosp,2025-11-22,32,quantile,0.4,14.318187966038094
2025-11-01,2,wk inc flu hosp,2025-11-22,32,quantile,0.45,14.404446017694278
2025-11-01,2,wk inc flu hosp,2025-11-22,32,quantile,0.5,14.491189795958073
2025-11-01,2,wk inc flu hosp,2025-11-22,32,quantile,0.55,14.578422035998349
2025-11-01,2,wk inc flu hosp,2025-11-22,32,quantile,0.6,14.666145488385943
2025-11-01,2,wk inc flu hosp,2025-11-22,32,quantile,0.65,14.754362919180403
2025-11-01,2,wk inc flu hosp,2025-11-22,32,quantile,0.7,14.8430771100172
2025-11-01,2,wk inc flu hosp,2025-11-22,32,quantile,0.75,15.308688927764713
2025-11-01,2,wk inc flu hosp,2025-11-22,32,quantile,0.8,15.94551964477843
2025-11-01,2,wk inc flu hosp,2025-11-22,32,quantile,0.85,16.60721768030736
2025-11-01,2,wk inc flu hosp,2025-11-22,32,quantile,0.9,17.294754067176417
2025-11-01,2,wk inc flu hosp,2025-11-22,32,quantile,0.95,18.00913775563803
2025-11-01,2,wk inc flu hosp,2025-11-22,32,quantile,0.975,20.04881631314341
2025-11-01,2,wk inc flu hosp,2025-11-22,32,quantile,0.99,24.594602945278467
2025-09-20,2,wk inc flu hosp,2025-10-11,33,quantile,0.01,1.2160344136616343
2025-09-20,2,wk inc flu hosp,2025-10-11,33,quantile,0.025,1.2160347800565192
2025-09-20,2,wk inc flu hosp,2025-10-11,33,quantile,0.05,1.2160350951763337
2025-09-20,2,wk inc flu hosp,2025-10-11,33,quantile,0.1,1.216035458489298
2025-09-20,2,wk inc flu hosp,2025-10-11,33,quantile,0.15,1.2160357036148302
2025-09-20,2,wk inc flu hosp,2025-10-11,33,quantile,0.2,1.2160358984328326
2025-09-20,2,wk inc flu hosp,2025-10-11,33,quantile,0.25,1.2160360655693319
2025-09-20,2,wk inc flu hosp,2025-10-11,33,quantile,0.3,1.2160362156630735
2025-09-20,2,wk inc flu hosp,2025-10-11,33,quantile,0.35,1.2160363547472937
2025-09-20,2,wk inc flu hosp,2025-10-11,33,quantile,0.4,1.2160364867246176
2025-09-20,2,wk inc flu hosp,2025-10-11,33,quantile,0.45,1.2160366144142059
2025-09-20,2,wk inc flu hosp,2025-10-11,33,quantile,0.5,1.216036740079324
2025-09-20,2,wk inc flu hosp,2025-10-11,33,quantile,0.55,1.216036865744442
2025-09-20,2,wk inc flu hosp,2025-10-11,33,quantile,0.6,1.2160369934340303
2025-09-20,2,wk inc flu hosp,2025-10-11,33,quantile,0.65,1.2160371254113542
2025-09-20,2,wk inc flu hosp,2025-10-11,33,quantile,0.7,1.2160372644955744
2025-09-20,2,wk inc flu hosp,2025-10-11,33,quantile,0.75,1.216037414589316
2025-09-20,2,wk inc flu hosp,2025-10-11,33,quantile,0.8,1.2160375817258153
2025-09-20,2,wk inc flu hosp,2025-10-11,33,quantile,0.85,1.2160377765438177
2025-09-20,2,wk inc flu hosp,2025-10-11,33,quantile,0.9,1.2160380216693498
2025-09-20,2,wk inc flu hosp,2025-10-11,33,quantile,0.95,1.2160383849823142
2025-09-20,2,wk inc flu hosp,2025-10-11,33,quantile,0.975,1.2160387001021287
2025-09-20,2,wk inc flu hosp,2025-10-11,33,quantile,0.99,1.2160390664970135
2025-09-27,2,wk inc flu hosp,2025-10-18,33,quantile,0.01,0.04026441694643727
2025-09-27,2,wk inc flu hosp,2025-10-18,33,quantile,0.025,0.04026478334132225
2025-09-27,2,wk inc flu hosp,2025-10-18,33,quantile,0.05,0.04026509846113655
2025-09-27,2,wk inc flu hosp,2025-10-18,33,quantile,0.1,0.040265461774100945
2025-09-27,2,wk inc flu hosp,2025-10-18,33,quantile,0.15,0.040265706899633186
2025-09-27,2,wk inc flu hosp,2025-10-18,33,quantile,0.2,0.040265901717635576
2025-09-27,2,wk inc flu hosp,2025-10-18,33,quantile,0.25,0.0402660688541347
2025-09-27,2,wk inc flu hosp,2025-10-18,33,quantile,0.3,0.040266218947876485
2025-09-27,2,wk inc flu hosp,2025-10-18,33,quantile,0.35,0.040266358032096695
2025-09-27,2,wk inc flu hosp,2025-10-18,33,quantile,0.4,0.04026649000942059
2025-09-27,2,wk inc flu hosp,2025-10-18,33,quantile,0.45,0.04026661769900882
2025-09-27,2,wk inc flu hosp,2025-10-18,33,quantile,0.5,0.040266743364126875
2025-09-27,2,wk inc flu hosp,2025-10-18,33,quantile,0.55,0.04026686902924493
2025-09-27,2,wk inc flu hosp,2025-10-18,33,quantile,0.6,0.04026699671883316
2025-09-27,2,wk inc flu hosp,2025-10-18,33,quantile,0.65,0.040267128696157055
2025-09-27,2,wk inc flu hosp,2025-10-18,33,quantile,0.7,0.040267267780377265
2025-09-27,2,wk inc flu hosp,2025-10-18,33,quantile,0.75,0.04026741787411905
2025-09-27,2,wk inc flu hosp,2025-10-18,33,quantile,0.8,0.040267585010618175
2025-09-27,2,wk inc flu hosp,2025-10-18,33,quantile,0.85,0.040267779828620565
2025-09-27,2,wk inc flu hosp,2025-10-18,33,quantile,0.9,0.040268024954152805
2025-09-27,2,wk inc flu hosp,2025-10-18,33,quantile,0.95,0.0402683882671172
2025-09-27,2,wk inc flu hosp,2025-10-18,33,quantile,0.975,0.040268703386931504
2025-09-27,2,wk inc flu hosp,2025-10-18,33,quantile,0.99,0.04026906978181648
2025-10-04,2,wk inc flu hosp,2025-10-25,33,quantile,0.01,0.0
2025-10-04,2,wk inc flu hosp,2025-10-25,33,quantile,0.025,0.0
2025-10-04,2,wk inc flu hosp,2025-10-25,33,quantile,0.05,0.0
2025-10-04,2,wk inc flu hosp,2025-10-25,33,quantile,0.1,0.0
2025-10-04,2,wk inc flu hosp,2025-10-25,33,quantile,0.15,0.0
2025-10-04,2,wk inc flu hosp,2025-10-25,33,quantile,0.2,0.0
2025-10-04,2,wk inc flu hosp,2025-10-25,33,quantile,0.25,0.0
2025-10-04,2,wk inc flu hosp,2025-10-25,33,quantile,0.3,0.0
2025-10-04,2,wk inc flu hosp,2025-10-25,33,quantile,0.35,0.0
2025-10-04,2,wk inc flu hosp,2025-10-25,33,quantile,0.4,0.0
2025-10-04,2,wk inc flu hosp,2025-10-25,33,quantile,0.45,0.0
2025-10-04,2,wk inc flu hosp,2025-10-25,33,quantile,0.5,2.3646334053806832
2025-10-04,2,wk inc flu hosp,2025-10-25,33,quantile,0.55,8.64770074813439
2025-10-04,2,wk inc flu hosp,2025-10-25,33,quantile,0.6,15.03198856217067
2025-10-04,2,wk inc flu hosp,2025-10-25,33,quantile,0.65,21.63065672575907
2025-10-04,2,wk inc flu hosp,2025-10-25,33,quantile,0.7,28.584659040782718
2025-10-04,2,wk inc flu hosp,2025-10-25,33,quantile,0.75,36.089120915184765
2025-10-04,2,wk inc flu hosp,2025-10-25,33,quantile,0.8,44.4456950840264
2025-10-04,2,wk inc flu hosp,2025-10-25,33,quantile,0.85,54.18630288007017
2025-10-04,2,wk inc flu hosp,2025-10-25,33,quantile,0.9,66.4422116826107
2025-10-04,2,wk inc flu hosp,2025-10-25,33,quantile,0.95,84.6073147529543
2025-10-04,2,wk inc flu hosp,2025-10-25,33,quantile,0.975,100.36283263238339
2025-10-04,2,wk inc flu hosp,2025-10-25,33,quantile,0.99,118.68202710742273
2025-10-11,2,wk inc flu hosp,2025-11-01,33,quantile,0.01,2.2222198958182853
2025-10-11,2,wk inc flu hosp,2025-11-01,33,quantile,0.025,2.2222202622110045
2025-10-11,2,wk inc flu hosp,2025-11-01,33,quantile,0.05,2.222220577328956
2025-10-11,2,wk inc flu hosp,2025-11-01,33,quantile,0.1,2.2222209406397724
2025-10-11,2,wk inc flu hosp,2025-11-01,33,quantile,0.15,2.2222211857638556
2025-10-11,2,wk inc flu hosp,2025-11-01,33,quantile,0.2,2.2222213805807063
2025-10-11,2,wk inc flu hosp,2025-11-01,33,quantile,0.25,2.2222215477162175
2025-10-11,2,wk inc flu hosp,2025-11-01,33,quantile,0.3,2.222221697809072
2025-10-11,2,wk inc flu hosp,2025-11-01,33,quantile,0.35,2.22222183689247
2025-10-11,2,wk inc flu hosp,2025-11-01,33,quantile,0.4,2.2222219688690137
2025-10-11,2,wk inc flu hosp,2025-11-01,33,quantile,0.45,2.222222096557847
2025-10-11,2,wk inc flu hosp,2025-11-01,33,quantile,0.5,2.2222222222222223
2025-10-11,2,wk inc flu hosp,2025-11-01,33,quantile,0.55,2.2222223478865977
2025-10-11,2,wk inc flu hosp,2025-11-01,33,quantile,0.6,2.222222475575431
2025-10-11,2,wk inc flu hosp,2025-11-01,33,quantile,0.65,2.2222226075519744
2025-10-11,2,wk inc flu hosp,2025-11-01,33,quantile,0.7,2.2222227466353726
2025-10-11,2,wk inc flu hosp,2025-11-01,33,quantile,0.75,2.222222896728227
2025-10-11,2,wk inc flu hosp,2025-11-01,33,quantile,0.8,2.2222230638637384
2025-10-11,2,wk inc flu hosp,2025-11-01,33,quantile,0.85,2.222223258680589
2025-10-11,2,wk inc flu hosp,2025-11-01,33,quantile,0.9,2.2222235038046723
2025-10-11,2,wk inc flu hosp,2025-11-01,33,quantile,0.95,2.222223867115489
2025-10-11,2,wk inc flu hosp,2025-11-01,33,quantile,0.975,2.22222418223344
2025-10-11,2,wk inc flu hosp,2025-11-01,33,quantile,0.99,2.2222245486261594
2025-10-18,2,wk inc flu hosp,2025-11-08,33,quantile,0.01,1.21543783599843
2025-10-18,2,wk inc flu hosp,2025-11-08,33,quantile,0.025,1.21543820238236
2025-10-18,2,wk inc flu hosp,2025-11-08,33,quantile,0.05,1.2154385174927527
2025-10-18,2,wk inc flu hosp,2025-11-08,33,quantile,0.1,1.2154388807948544
2025-10-18,2,wk inc flu hosp,2025-11-08,33,quantile,0.15,1.2154391259130577
2025-10-18,2,wk inc flu hosp,2025-11-08,33,quantile,0.2,1.2154393207252354
2025-10-18,2,wk inc flu hosp,2025-11-08,33,quantile,0.25,1.2154394878567374
2025-10-18,2,wk inc flu hosp,2025-11-08,33,quantile,0.3,1.2154396379459915
2025-10-18,2,wk inc flu hosp,2025-11-08,33,quantile,0.35,1.2154397770260532
2025-10-18,2,wk inc flu hosp,2025-11-08,33,quantile,0.4,1.2154399089994312
2025-10-18,2,wk inc flu hosp,2025-11-08,33,quantile,0.45,1.2154400366852016
2025-10-18,2,wk inc flu hosp,2025-11-08,33,quantile,0.5,1.2154401623465625
2025-10-18,2,wk inc flu hosp,2025-11-08,33,quantile,0.55,1.2154402880079234
2025-10-18,2,wk inc flu hosp,2025-11-08,33,quantile,0.6,1.2154404156936938
2025-10-18,2,wk inc flu hosp,2025-11-08,33,quantile,0.65,1.2154405476670718
2025-10-18,2,wk inc flu hosp,2025-11-08,33,quantile,0.7,1.2154406867471335
2025-10-18,2,wk inc flu hosp,2025-11-08,33,quantile,0.75,1.2154408368363876
2025-10-18,2,wk inc flu hosp,2025-11-08,33,quantile,0.8,1.2154410039678896
2025-10-18,2,wk inc flu hosp,2025-11-08,33,quantile,0.85,1.2154411987800673
2025-10-18,2,wk inc flu hosp,2025-11-08,33,quantile,0.9,1.2154414438982706
2025-10-18,2,wk inc flu hosp,2025-11-08,33,quantile,0.95,1.2154418072003723
2025-10-18,2,wk inc flu hosp,2025-11-08,33,quantile,0.975,1.215442122310765
2025-10-18,2,wk inc flu hosp,2025-11-08,33,quantile,0.99,1.215442488694695
2025-10-25,2,wk inc flu hosp,2025-11-15,33,quantile,0.01,0.5947744555486183
2025-10-25,2,wk inc flu hosp,2025-11-15,33,quantile,0.025,0.5947748219325902
2025-10-25,2,wk inc flu hosp,2025-11-15,33,quantile,0.05,0.5947751370430187
2025-10-25,2,wk inc flu hosp,2025-11-15,33,quantile,0.1,0.5947755003451617
2025-10-25,2,wk inc flu hosp,2025-11-15,33,quantile,0.15,0.594775745463393
2025-10-25,2,wk inc flu hosp,2025-11-15,33,quantile,0.2,0.5947759402755927
2025-10-25,2,wk inc flu hosp,2025-11-15,33,quantile,0.25,0.5947761074071136
2025-10-25,2,wk inc flu hosp,2025-11-15,33,quantile,0.3,0.5947762574963849
2025-10-25,2,wk inc flu hosp,2025-11-15,33,quantile,0.35,0.5947763965764624
2025-10-25,2,wk inc flu hosp,2025-11-15,33,quantile,0.4,0.5947765285498553
2025-10-25,2,wk inc flu hosp,2025-11-15,33,quantile,0.45,0.5947766562356404
2025-10-25,2,wk inc flu hosp,2025-11-15,33,quantile,0.5,0.5947767818970154
2025-10-25,2,wk inc flu hosp,2025-11-15,33,quantile,0.55,0.5947769075583905
2025-10-25,2,wk inc flu hosp,2025-11-15,33,quantile,0.6,0.5947770352441756
2025-10-25,2,wk inc flu hosp,2025-11-15,33,quantile,0.65,0.5947771672175685
2025-10-25,2,wk inc flu hosp,2025-11-15,33,quantile,0.7,0.594777306297646
2025-10-25,2,wk inc flu hosp,2025-11-15,33,quantile,0.75,0.5947774563869173
2025-10-25,2,wk inc flu hosp,2025-11-15,33,quantile,0.8,0.5947776235184382
2025-10-25,2,wk inc flu hosp,2025-11-15,33,quantile,0.85,0.5947778183306379
2025-10-25,2,wk inc flu hosp,2025-11-15,33,quantile,0.9,0.5947780634488692
2025-10-25,2,wk inc flu hosp,2025-11-15,33,quantile,0.95,0.5947784267510122
2025-10-25,2,wk inc flu hosp,2025-11-15,33,quantile,0.975,0.5947787418614406
2025-10-25,2,wk inc flu hosp,2025-11-15,33,quantile,0.99,0.5947791082454126
2025-11-01,2,wk inc flu hosp,2025-11-22,33,quantile,0.01,0.7256978415066871
2025-11-01,2,wk inc flu hosp,2025-11-22,33,quantile,0.025,0.7256978415066871
2025-11-01,2,wk inc flu hosp,2025-11-22,33,quantile,0.05,0.7256978415066871
2025-11-01,2,wk inc flu hosp,2025-11-22,33,quantile,0.1,0.83253458311679
2025-11-01,2,wk inc flu hosp,2025-11-22,33,quantile,0.15,0.9896679622877664
2025-11-01,2,wk inc flu hosp,2025-11-22,33,quantile,0.2,1.160274974686279
2025-11-01,2,wk inc flu hosp,2025-11-22,33,quantile,0.25,1.3455109368549218
2025-11-01,2,wk inc flu hosp,2025-11-22,33,quantile,0.3,1.5466302296562895
2025-11-01,2,wk inc flu hosp,2025-11-22,33,quantile,0.35,2.1551070039824847
2025-11-01,2,wk inc flu hosp,2025-11-22,33,quantile,0.4,3.1958431781326198
2025-11-01,2,wk inc flu hosp,2025-11-22,33,quantile,0.45,6.369157236410835
2025-11-01,2,wk inc flu hosp,2025-11-22,33,quantile,0.5,15.814476179399916
2025-11-01,2,wk inc flu hosp,2025-11-22,33,quantile,0.55,16.260381618702656
2025-11-01,2,wk inc flu hosp,2025-11-22,33,quantile,0.6,16.718112086550924
2025-11-01,2,wk inc flu hosp,2025-11-22,33,quantile,0.65,17.18798117252625
2025-11-01,2,wk inc flu hosp,2025-11-22,33,quantile,0.7,17.67031078233599
2025-11-01,2,wk inc flu hosp,2025-11-22,33,quantile,0.75,18.165431358349863
2025-11-01,2,wk inc flu hosp,2025-11-22,33,quantile,0.8,18.673682105984888
2025-11-01,2,wk inc flu hosp,2025-11-22,33,quantile,0.85,19.195411226093857
2025-11-01,2,wk inc flu hosp,2025-11-22,33,quantile,0.9,19.730976153516536
2025-11-01,2,wk inc flu hosp,2025-11-22,33,quantile,0.95,20.28074380195707
2025-11-01,2,wk inc flu hosp,2025-11-22,33,quantile,0.975,20.561070960693545
2025-11-01,2,wk inc flu hosp,2025-11-22,33,quantile,0.99,20.731036651079453
2025-09-20,2,wk inc flu hosp,2025-10-11,34,quantile,0.01,0.0
2025-09-20,2,wk inc flu hosp,2025-10-11,34,quantile,0.025,0.0
2025-09-20,2,wk inc flu hosp,2025-10-11,34,quantile,0.05,0.0
2025-09-20,2,wk inc flu hosp,2025-10-11,34,quantile,0.1,0.0
2025-09-20,2,wk inc flu hosp,2025-10-11,34,quantile,0.15,0.0
2025-09-20,2,wk inc flu hosp,2025-10-11,34,quantile,0.2,0.0
2025-09-20,2,wk inc flu hosp,2025-10-11,34,quantile,0.25,0.0
2025-09-20,2,wk inc flu hosp,2025-10-11,34,quantile,0.3,0.0
2025-09-20,2,wk inc flu hosp,2025-10-11,34,quantile,0.35,0.0
2025-09-20,2,wk inc flu hosp,2025-10-11,34,quantile,0.4,0.0
2025-09-20,2,wk inc flu hosp,2025-10-11,34,quantile,0.45,2.3666619527310155
2025-09-20,2,wk inc flu hosp,2025-10-11,34,quantile,0.5,8.649729295484716
2025-09-20,2,wk inc flu hosp,2025-10-11,34,quantile,0.55,14.932796638238425
2025-09-20,2,wk inc flu hosp,2025-10-11,34,quantile,0.6,21.317084452274702
2025-09-20,2,wk inc flu hosp,2025-10-11,34,quantile,0.65,27.915752615863106
2025-09-20,2,wk inc flu hosp,2025-10-11,34,quantile,0.7,34.86975493088675
2025-09-20,2,wk inc flu hosp,2025-10-11,34,quantile,0.75,42.3742168052888
2025-09-20,2,wk inc flu hosp,2025-10-11,34,quantile,0.8,50.730790974130436
2025-09-20,2,wk inc flu hosp,2025-10-11,34,quantile,0.85,60.47139877017421
2025-09-20,2,wk inc flu hosp,2025-10-11,34,quantile,0.9,72.72730757271474
2025-09-20,2,wk inc flu hosp,2025-10-11,34,quantile,0.95,90.89241064305833
2025-09-20,2,wk inc flu hosp,2025-10-11,34,quantile,0.975,106.64792852248742
2025-09-20,2,wk inc flu hosp,2025-10-11,34,quantile,0.99,124.96712299752676
2025-09-27,2,wk inc flu hosp,2025-10-18,34,quantile,0.01,0.0
2025-09-27,2,wk inc flu hosp,2025-10-18,34,quantile,0.025,0.0
2025-09-27,2,wk inc flu hosp,2025-10-18,34,quantile,0.05,0.0
2025-09-27,2,wk inc flu hosp,2025-10-18,34,quantile,0.1,0.0
2025-09-27,2,wk inc flu hosp,2025-10-18,34,quantile,0.15,0.0
2025-09-27,2,wk inc flu hosp,2025-10-18,34,quantile,0.2,0.0
2025-09-27,2,wk inc flu hosp,2025-10-18,34,quantile,0.25,0.0
2025-09-27,2,wk inc flu hosp,2025-10-18,34,quantile,0.3,0.0
2025-09-27,2,wk inc flu hosp,2025-10-18,34,quantile,0.35,0.0
2025-09-27,2,wk inc flu hosp,2025-10-18,34,quantile,0.4,3.0824361951193833
2025-09-27,2,wk inc flu hosp,2025-10-18,34,quantile,0.45,9.46672400915567
2025-09-27,2,wk inc flu hosp,2025-10-18,34,quantile,0.5,15.74979135190937
2025-09-27,2,wk inc flu hosp,2025-10-18,34,quantile,0.55,22.032858694663076
2025-09-27,2,wk inc flu hosp,2025-10-18,34,quantile,0.6,28.417146508699354
2025-09-27,2,wk inc flu hosp,2025-10-18,34,quantile,0.65,35.01581467228776
2025-09-27,2,wk inc flu hosp,2025-10-18,34,quantile,0.7,41.969816987311404
2025-09-27,2,wk inc flu hosp,2025-10-18,34,quantile,0.75,49.47427886171346
2025-09-27,2,wk inc flu hosp,2025-10-18,34,quantile,0.8,57.83085303055509
2025-09-27,2,wk inc flu hosp,2025-10-18,34,quantile,0.85,67.57146082659887
2025-09-27,2,wk inc flu hosp,2025-10-18,34,quantile,0.9,79.82736962913938
2025-09-27,2,wk inc flu hosp,2025-10-18,34,quantile,0.95,97.99247269948297
2025-09-27,2,wk inc flu hosp,2025-10-18,34,quantile,0.975,113.74799057891207
2025-09-27,2,wk inc flu hosp,2025-10-18,34,quantile,0.99,132.06718505395142
2025-10-04,2,wk inc flu hosp,2025-10-25,34,quantile,0.01,0.0
2025-10-04,2,wk inc flu hosp,2025-10-25,34,quantile,0.025,0.0
2025-10-04,2,wk inc flu hosp,2025-10-25,34,quantile,0.05,0.0
2025-10-04,2,wk inc flu hosp,2025-10-25,34,quantile,0.1,0.0
2025-10-04,2,wk inc flu hosp,2025-10-25,34,quantile,0.15,0.0
2025-10-04,2,wk inc flu hosp,2025-10-25,34,quantile,0.2,0.0
2025-10-04,2,wk inc flu hosp,2025-10-25,34,quantile,0.25,0.0
2025-10-04,2,wk inc flu hosp,2025-10-25,34,quantile,0.3,4.125453699554782
2025-10-04,2,wk inc flu hosp,2025-10-25,34,quantile,0.35,11.07945601457844
2025-10-04,2,wk inc flu hosp,2025-10-25,34,quantile,0.4,17.67812417816684
2025-10-04,2,wk inc flu hosp,2025-10-25,34,quantile,0.45,24.062411992203128
2025-10-04,2,wk inc flu hosp,2025-10-25,34,quantile,0.5,30.345479334956828
2025-10-04,2,wk inc flu hosp,2025-10-25,34,quantile,0.55,36.62854667771054
2025-10-04,2,wk inc flu hosp,2025-10-25,34,quantile,0.6,43.012834491746816
2025-10-04,2,wk inc flu hosp,2025-10-25,34,quantile,0.65,49.611502655335215
2025-10-04,2,wk inc flu hosp,2025-10-25,34,quantile,0.7,56.56550497035886
2025-10-04,2,wk inc flu hosp,2025-10-25,34,quantile,0.75,64.06996684476091
2025-10-04,2,wk inc flu hosp,2025-10-25,34,quantile,0.8,72.42654101360255
2025-10-04,2,wk inc flu hosp,2025-10-25,34,quantile,0.85,82.16714880964632
2025-10-04,2,wk inc flu hosp,2025-10-25,34,quantile,0.9,94.42305761218685
2025-10-04,2,wk inc flu hosp,2025-10-25,34,quantile,0.95,112.58816068253043
2025-10-04,2,wk inc flu hosp,2025-10-25,34,quantile,0.975,128.34367856195954
2025-10-04,2,wk inc flu hosp,2025-10-25,34,quantile,0.99,146.66287303699886
2025-10-11,2,wk inc flu hosp,2025-11-01,34,quantile,0.01,0.0
2025-10-11,2,wk inc flu hosp,2025-11-01,34,quantile,0.025,0.0
2025-10-11,2,wk inc flu hosp,2025-11-01,34,quantile,0.05,0.0
2025-10-11,2,wk inc flu hosp,2025-11-01,34,quantile,0.1,0.0
2025-10-11,2,wk inc flu hosp,2025-11-01,34,quantile,0.15,0.0
2025-10-11,2,wk inc flu hosp,2025-11-01,34,quantile,0.2,0.0
2025-10-11,2,wk inc flu hosp,2025-11-01,34,quantile,0.25,0.0
2025-10-11,2,wk inc flu hosp,2025-11-01,34,quantile,0.3,0.0
2025-10-11,2,wk inc flu hosp,2025-11-01,34,quantile,0.35,0.0
2025-10-11,2,wk inc flu hosp,2025-11-01,34,quantile,0.4,1.0294332790497904
2025-10-11,2,wk inc flu hosp,2025-11-01,34,quantile,0.45,7.4137210930860755
2025-10-11,2,wk inc flu hosp,2025-11-01,34,quantile,0.5,13.696788435839776
2025-10-11,2,wk inc flu hosp,2025-11-01,34,quantile,0.55,19.979855778593485
2025-10-11,2,wk inc flu hosp,2025-11-01,34,quantile,0.6,26.364143592629762
2025-10-11,2,wk inc flu hosp,2025-11-01,34,quantile,0.65,32.962811756218166
2025-10-11,2,wk inc flu hosp,2025-11-01,34,quantile,0.7,39.91681407124181
2025-10-11,2,wk inc flu hosp,2025-11-01,34,quantile,0.75,47.42127594564386
2025-10-11,2,wk inc flu hosp,2025-11-01,34,quantile,0.8,55.777850114485496
2025-10-11,2,wk inc flu hosp,2025-11-01,34,quantile,0.85,65.51845791052926
2025-10-11,2,wk inc flu hosp,2025-11-01,34,quantile,0.9,77.7743667130698
2025-10-11,2,wk inc flu hosp,2025-11-01,34,quantile,0.95,95.93946978341339
2025-10-11,2,wk inc flu hosp,2025-11-01,34,quantile,0.975,111.69498766284248
2025-10-11,2,wk inc flu hosp,2025-11-01,34,quantile,0.99,130.01418213788182
2025-10-18,2,wk inc flu hosp,2025-11-08,34,quantile,0.01,0.0
2025-10-18,2,wk inc flu hosp,2025-11-08,34,quantile,0.025,0.0
2025-10-18,2,wk inc flu hosp,2025-11-08,34,quantile,0.05,0.0
2025-10-18,2,wk inc flu hosp,2025-11-08,34,quantile,0.1,0.0
2025-10-18,2,wk inc flu hosp,2025-11-08,34,quantile,0.15,0.0
2025-10-18,2,wk inc flu hosp,2025-11-08,34,quantile,0.2,3.1179470943249186
2025-10-18,2,wk inc flu hosp,2025-11-08,34,quantile,0.25,11.474521263166544
2025-10-18,2,wk inc flu hosp,2025-11-08,34,quantile,0.3,18.978983137568584
2025-10-18,2,wk inc flu hosp,2025-11-08,34,quantile,0.35,25.93298545259224
2025-10-18,2,wk inc flu hosp,2025-11-08,34,quantile,0.4,32.53165361618064
2025-10-18,2,wk inc flu hosp,2025-11-08,34,quantile,0.45,38.915941430216925
2025-10-18,2,wk inc flu hosp,2025-11-08,34,quantile,0.5,45.19900877297063
2025-10-18,2,wk inc flu hosp,2025-11-08,34,quantile,0.55,51.48207611572434
2025-10-18,2,wk inc flu hosp,2025-11-08,34,quantile,0.6,57.86636392976062
2025-10-18,2,wk inc flu hosp,2025-11-08,34,quantile,0.65,64.46503209334901
2025-10-18,2,wk inc flu hosp,2025-11-08,34,quantile,0.7,71.41903440837267
2025-10-18,2,wk inc flu hosp,2025-11-08,34,quantile,0.75,78.92349628277472
2025-10-18,2,wk inc flu hosp,2025-11-08,34,quantile,0.8,87.28007045161635
2025-10-18,2,wk inc flu hosp,2025-11-08,34,quantile,0.85,97.02067824766013
2025-10-18,2,wk inc flu hosp,2025-11-08,34,quantile,0.9,109.27658705020065
2025-10-18,2,wk inc flu hosp,2025-11-08,34,quantile,0.95,127.44169012054424
2025-10-18,2,wk inc flu hosp,2025-11-08,34,quantile,0.975,143.19720799997333
2025-10-18,2,wk inc flu hosp,2025-11-08,34,quantile,0.99,161.51640247501268
2025-10-25,2,wk inc flu hosp,2025-11-15,34,quantile,0.01,0.0
2025-10-25,2,wk inc flu hosp,2025-11-15,34,quantile,0.025,0.0
2025-10-25,2,wk inc flu hosp,2025-11-15,34,quantile,0.05,0.0
2025-10-25,2,wk inc flu hosp,2025-11-15,34,quantile,0.1,0.0
2025-10-25,2,wk inc flu hosp,2025-11-15,34,quantile,0.15,0.0
2025-10-25,2,wk inc flu hosp,2025-11-15,34,quantile,0.2,6.276034408203323
2025-10-25,2,wk inc flu hosp,2025-11-15,34,quantile,0.25,14.632608577044948
2025-10-25,2,wk inc flu hosp,2025-11-15,34,quantile,0.3,22.137070451446988
2025-10-25,2,wk inc flu hosp,2025-11-15,34,quantile,0.35,29.091072766470646
2025-10-25,2,wk inc flu hosp,2025-11-15,34,quantile,0.4,35.689740930059045
2025-10-25,2,wk inc flu hosp,2025-11-15,34,quantile,0.45,42.07402874409533
2025-10-25,2,wk inc flu hosp,2025-11-15,34,quantile,0.5,48.35709608684903
2025-10-25,2,wk inc flu hosp,2025-11-15,34,quantile,0.55,54.640163429602744
2025-10-25,2,wk inc flu hosp,2025-11-15,34,quantile,0.6,61.02445124363902
2025-10-25,2,wk inc flu hosp,2025-11-15,34,quantile,0.65,67.62311940722742
2025-10-25,2,wk inc flu hosp,2025-11-15,34,quantile,0.7,74.57712172225106
2025-10-25,2,wk inc flu hosp,2025-11-15,34,quantile,0.75,82.08158359665312
2025-10-25,2,wk inc flu hosp,2025-11-15,34,quantile,0.8,90.43815776549475
2025-10-25,2,wk inc flu hosp,2025-11-15,34,quantile,0.85,100.17876556153853
2025-10-25,2,wk inc flu hosp,2025-11-15,34,quantile,0.9,112.43467436407906
2025-10-25,2,wk inc flu hosp,2025-11-15,34,quantile,0.95,130.59977743442263
2025-10-25,2,wk inc flu hosp,2025-11-15,34,quantile,0.975,146.35529531385174
2025-10-25,2,wk inc flu hosp,2025-11-15,34,quantile,0.99,164.67448978889107
2025-11-01,2,wk inc flu hosp,2025-11-22,34,quantile,0.01,37.36911463114431
2025-11-01,2,wk inc flu hosp,2025-11-22,34,quantile,0.025,37.36911463114431
2025-11-01,2,wk inc flu hosp,2025-11-22,34,quantile,0.05,37.36911463114431
2025-11-01,2,wk inc flu hosp,2025-11-22,34,quantile,0.1,38.41720847275952
2025-11-01,2,wk inc flu hosp,2025-11-22,34,quantile,0.15,39.899252801189945
2025-11-01,2,wk inc flu hosp,2025-11-22,34,quantile,0.2,41.43702039051419
2025-11-01,2,wk inc flu hosp,2025-11-22,34,quantile,0.25,43.032606374963414
2025-11-01,2,wk inc flu hosp,2025-11-22,34,quantile,0.3,44.68818466354574
2025-11-01,2,wk inc flu hosp,2025-11-22,34,quantile,0.35,45.59540018762244
2025-11-01,2,wk inc flu hosp,2025-11-22,34,quantile,0.4,46.08287442701707
2025-11-01,2,wk inc flu hosp,2025-11-22,34,quantile,0.45,46.575448550372705
2025-11-01,2,wk inc flu hosp,2025-11-22,34,quantile,0.5,47.073175911926995
2025-11-01,2,wk inc flu hosp,2025-11-22,34,quantile,0.55,47.576110424101785
2025-11-01,2,wk inc flu hosp,2025-11-22,34,quantile,0.6,48.08430656334277
2025-11-01,2,wk inc flu hosp,2025-11-22,34,quantile,0.65,48.59781937602027
2025-11-01,2,wk inc flu hosp,2025-11-22,34,quantile,0.7,49.116704484391555
2025-11-01,2,wk inc flu hosp,2025-11-22,34,quantile,0.75,49.64101809262587
2025-11-01,2,wk inc flu hosp,2025-11-22,34,quantile,0.8,50.17081699289221
2025-11-01,2,wk inc flu hosp,2025-11-22,34,quantile,0.85,71.64529689719988
2025-11-01,2,wk inc flu hosp,2025-11-22,34,quantile,0.9,86.50087014568741
2025-11-01,2,wk inc flu hosp,2025-11-22,34,quantile,0.95,96.71082489750896
2025-11-01,2,wk inc flu hosp,2025-11-22,34,quantile,0.975,102.25422554908256
2025-11-01,2,wk inc flu hosp,2025-11-22,34,quantile,0.99,105.73010237644168
2025-09-20,2,wk inc flu hosp,2025-10-11,35,quantile,0.01,0.0
2025-09-20,2,wk inc flu hosp,2025-10-11,35,quantile,0.025,0.0
2025-09-20,2,wk inc flu hosp,2025-10-11,35,quantile,0.05,0.0
2025-09-20,2,wk inc flu hosp,2025-10-11,35,quantile,0.1,0.0
2025-09-20,2,wk inc flu hosp,2025-10-11,35,quantile,0.15,0.0
2025-09-20,2,wk inc flu hosp,2025-10-11,35,quantile,0.2,0.0
2025-09-20,2,wk inc flu hosp,2025-10-11,35,quantile,0.25,0.0
2025-09-20,2,wk inc flu hosp,2025-10-11,35,quantile,0.3,0.0
2025-09-20,2,wk inc flu hosp,2025-10-11,35,quantile,0.35,0.0
2025-09-20,2,wk inc flu hosp,2025-10-11,35,quantile,0.4,0.0
2025-09-20,2,wk inc flu hosp,2025-10-11,35,quantile,0.45,0.0
2025-09-20,2,wk inc flu hosp,2025-10-11,35,quantile,0.5,0.5555555555555556
2025-09-20,2,wk inc flu hosp,2025-10-11,35,quantile,0.55,3.683999103835009
2025-09-20,2,wk inc flu hosp,2025-10-11,35,quantile,0.6,6.862842005338485
2025-09-20,2,wk inc flu hosp,2025-10-11,35,quantile,0.65,10.148428442259853
2025-09-20,2,wk inc flu hosp,2025-10-11,35,quantile,0.7,13.610941652825149
2025-09-20,2,wk inc flu hosp,2025-10-11,35,quantile,0.75,17.34753781733367
2025-09-20,2,wk inc flu hosp,2025-10-11,35,quantile,0.8,21.508414840939388
2025-09-20,2,wk inc flu hosp,2025-10-11,35,quantile,0.85,26.358425186761686
2025-09-20,2,wk inc flu hosp,2025-10-11,35,quantile,0.9,32.460845665483625
2025-09-20,2,wk inc flu hosp,2025-10-11,35,quantile,0.95,41.50555208101939
2025-09-20,2,wk inc flu hosp,2025-10-11,35,quantile,0.975,49.35048602344294
2025-09-20,2,wk inc flu hosp,2025-10-11,35,quantile,0.99,58.471917107769926
2025-09-27,2,wk inc flu hosp,2025-10-18,35,quantile,0.01,0.0
2025-09-27,2,wk inc flu hosp,2025-10-18,35,quantile,0.025,0.0
2025-09-27,2,wk inc flu hosp,2025-10-18,35,quantile,0.05,0.0
2025-09-27,2,wk inc flu hosp,2025-10-18,35,quantile,0.1,0.0
2025-09-27,2,wk inc flu hosp,2025-10-18,35,quantile,0.15,0.0
2025-09-27,2,wk inc flu hosp,2025-10-18,35,quantile,0.2,0.0
2025-09-27,2,wk inc flu hosp,2025-10-18,35,quantile,0.25,0.0
2025-09-27,2,wk inc flu hosp,2025-10-18,35,quantile,0.3,0.0
2025-09-27,2,wk inc flu hosp,2025-10-18,35,quantile,0.35,0.0
2025-09-27,2,wk inc flu hosp,2025-10-18,35,quantile,0.4,0.0
2025-09-27,2,wk inc flu hosp,2025-10-18,35,quantile,0.45,0.03625588680660874
2025-09-27,2,wk inc flu hosp,2025-10-18,35,quantile,0.5,2.9343195002517626
2025-09-27,2,wk inc flu hosp,2025-10-18,35,quantile,0.55,5.8323831136969195
2025-09-27,2,wk inc flu hosp,2025-10-18,35,quantile,0.6,8.77713465021489
2025-09-27,2,wk inc flu hosp,2025-10-18,35,quantile,0.65,11.82076908207397
2025-09-27,2,wk inc flu hosp,2025-10-18,35,quantile,0.7,15.028301323507945
2025-09-27,2,wk inc flu hosp,2025-10-18,35,quantile,0.75,18.489732931713384
2025-09-27,2,wk inc flu hosp,2025-10-18,35,quantile,0.8,22.344201173201554
2025-09-27,2,wk inc flu hosp,2025-10-18,35,quantile,0.85,26.837054661253248
2025-09-27,2,wk inc flu hosp,2025-10-18,35,quantile,0.9,32.49009025879597
2025-09-27,2,wk inc flu hosp,2025-10-18,35,quantile,0.95,40.86874058527351
2025-09-27,2,wk inc flu hosp,2025-10-18,35,quantile,0.975,48.135970202033626
2025-09-27,2,wk inc flu hosp,2025-10-18,35,quantile,0.99,56.58569515953646
2025-10-04,2,wk inc flu hosp,2025-10-25,35,quantile,0.01,0.0
2025-10-04,2,wk inc flu hosp,2025-10-25,35,quantile,0.025,0.0
2025-10-04,2,wk inc flu hosp,2025-10-25,35,quantile,0.05,0.0
2025-10-04,2,wk inc flu hosp,2025-10-25,35,quantile,0.1,0.0
2025-10-04,2,wk inc flu hosp,2025-10-25,35,quantile,0.15,0.0
2025-10-04,2,wk inc flu hosp,2025-10-25,35,quantile,0.2,0.0
2025-10-04,2,wk inc flu hosp,2025-10-25,35,quantile,0.25,0.0
2025-10-04,2,wk inc flu hosp,2025-10-25,35,quantile,0.3,0.0
2025-10-04,2,wk inc flu hosp,2025-10-25,35,quantile,0.35,0.0
2025-10-04,2,wk inc flu hosp,2025-10-25,35,quantile,0.4,0.0
2025-10-04,2,wk inc flu hosp,2025-10-25,35,quantile,0.45,0.0
2025-10-04,2,wk inc flu hosp,2025-10-25,35,quantile,0.5,0.5100427194950626
2025-10-04,2,wk inc flu hosp,2025-10-25,35,quantile,0.55,3.2451196199776993
2025-10-04,2,wk inc flu hosp,2025-10-25,35,quantile,0.6,6.024258720936385
2025-10-04,2,wk inc flu hosp,2025-10-25,35,quantile,0.65,8.896719556326842
2025-10-04,2,wk inc flu hosp,2025-10-25,35,quantile,0.7,11.923860610235726
2025-10-04,2,wk inc flu hosp,2025-10-25,35,quantile,0.75,15.190621764228704
2025-10-04,2,wk inc flu hosp,2025-10-25,35,quantile,0.8,18.828315223416023
2025-10-04,2,wk inc flu hosp,2025-10-25,35,quantile,0.85,23.068491227632496
2025-10-04,2,wk inc flu hosp,2025-10-25,35,quantile,0.9,28.403600853492254
2025-10-04,2,wk inc flu hosp,2025-10-25,35,quantile,0.95,36.31103699770016
2025-10-04,2,wk inc flu hosp,2025-10-25,35,quantile,0.975,43.169558585387186
2025-10-04,2,wk inc flu hosp,2025-10-25,35,quantile,0.99,51.14407213280521
2025-10-11,2,wk inc flu hosp,2025-11-01,35,quantile,0.01,0.0
2025-10-11,2,wk inc flu hosp,2025-11-01,35,quantile,0.025,0.0
2025-10-11,2,wk inc flu hosp,2025-11-01,35,quantile,0.05,0.0
2025-10-11,2,wk inc flu hosp,2025-11-01,35,quantile,0.1,0.0
2025-10-11,2,wk inc flu hosp,2025-11-01,35,quantile,0.15,0.0
2025-10-11,2,wk inc flu hosp,2025-11-01,35,quantile,0.2,0.0
2025-10-11,2,wk inc flu hosp,2025-11-01,35,quantile,0.25,0.0
2025-10-11,2,wk inc flu hosp,2025-11-01,35,quantile,0.3,0.0
2025-10-11,2,wk inc flu hosp,2025-11-01,35,quantile,0.35,1.7823647963996638
2025-10-11,2,wk inc flu hosp,2025-11-01,35,quantile,0.4,5.370481480987113
2025-10-11,2,wk inc flu hosp,2025-11-01,35,quantile,0.45,8.842025898261557
2025-10-11,2,wk inc flu hosp,2025-11-01,35,quantile,0.5,12.258530290363204
2025-10-11,2,wk inc flu hosp,2025-11-01,35,quantile,0.55,15.675034682464855
2025-10-11,2,wk inc flu hosp,2025-11-01,35,quantile,0.6,19.146579099739295
2025-10-11,2,wk inc flu hosp,2025-11-01,35,quantile,0.65,22.734695784326746
2025-10-11,2,wk inc flu hosp,2025-11-01,35,quantile,0.7,26.51603030708401
2025-10-11,2,wk inc flu hosp,2025-11-01,35,quantile,0.75,30.596684795663315
2025-10-11,2,wk inc flu hosp,2025-11-01,35,quantile,0.8,35.140687078831235
2025-10-11,2,wk inc flu hosp,2025-11-01,35,quantile,0.85,40.43727670639647
2025-10-11,2,wk inc flu hosp,2025-11-01,35,quantile,0.9,47.10159589459816
2025-10-11,2,wk inc flu hosp,2025-11-01,35,quantile,0.95,56.97912084176963
2025-10-11,2,wk inc flu hosp,2025-11-01,35,quantile,0.975,65.54640065884601
2025-10-11,2,wk inc flu hosp,2025-11-01,35,quantile,0.99,75.50771492932232
2025-10-18,2,wk inc flu hosp,2025-11-08,35,quantile,0.01,0.0
2025-10-18,2,wk inc flu hosp,2025-11-08,35,quantile,0.025,0.0
2025-10-18,2,wk inc flu hosp,2025-11-08,35,quantile,0.05,0.0
2025-10-18,2,wk inc flu hosp,2025-11-08,35,quantile,0.1,0.0
2025-10-18,2,wk inc flu hosp,2025-11-08,35,quantile,0.15,0.0
2025-10-18,2,wk inc flu hosp,2025-11-08,35,quantile,0.2,0.0
2025-10-18,2,wk inc flu hosp,2025-11-08,35,quantile,0.25,0.0
2025-10-18,2,wk inc flu hosp,2025-11-08,35,quantile,0.3,0.0
2025-10-18,2,wk inc flu hosp,2025-11-08,35,quantile,0.35,0.0
2025-10-18,2,wk inc flu hosp,2025-11-08,35,quantile,0.4,0.0
2025-10-18,2,wk inc flu hosp,2025-11-08,35,quantile,0.45,0.3110968217726713
2025-10-18,2,wk inc flu hosp,2025-11-08,35,quantile,0.5,3.322616557528563
2025-10-18,2,wk inc flu hosp,2025-11-08,35,quantile,0.55,6.334136293284458
2025-10-18,2,wk inc flu hosp,2025-11-08,35,quantile,0.6,9.394171734873353
2025-10-18,2,wk inc flu hosp,2025-11-08,35,quantile,0.65,12.556961232469472
2025-10-18,2,wk inc flu hosp,2025-11-08,35,quantile,0.7,15.890064965368108
2025-10-18,2,wk inc flu hosp,2025-11-08,35,quantile,0.75,19.487007956446178
2025-10-18,2,wk inc flu hosp,2025-11-08,35,quantile,0.8,23.49237454889541
2025-10-18,2,wk inc flu hosp,2025-11-08,35,quantile,0.85,28.161118494458027
2025-10-18,2,wk inc flu hosp,2025-11-08,35,quantile,0.9,34.035464450823184
2025-10-18,2,wk inc flu hosp,2025-11-08,35,quantile,0.95,42.74213006717548
2025-10-18,2,wk inc flu hosp,2025-11-08,35,quantile,0.975,50.29386402967672
2025-10-18,2,wk inc flu hosp,2025-11-08,35,quantile,0.99,59.07438677361286
2025-10-25,2,wk inc flu hosp,2025-11-15,35,quantile,0.01,0.0
2025-10-25,2,wk inc flu hosp,2025-11-15,35,quantile,0.025,0.0
2025-10-25,2,wk inc flu hosp,2025-11-15,35,quantile,0.05,0.0
2025-10-25,2,wk inc flu hosp,2025-11-15,35,quantile,0.1,0.0
2025-10-25,2,wk inc flu hosp,2025-11-15,35,quantile,0.15,0.0
2025-10-25,2,wk inc flu hosp,2025-11-15,35,quantile,0.2,0.0
2025-10-25,2,wk inc flu hosp,2025-11-15,35,quantile,0.25,0.0
2025-10-25,2,wk inc flu hosp,2025-11-15,35,quantile,0.3,0.0
2025-10-25,2,wk inc flu hosp,2025-11-15,35,quantile,0.35,0.0
2025-10-25,2,wk inc flu hosp,2025-11-15,35,quantile,0.4,1.6918590313025899
2025-10-25,2,wk inc flu hosp,2025-11-15,35,quantile,0.45,3.7134846192269024
2025-10-25,2,wk inc flu hosp,2025-11-15,35,quantile,0.5,5.703058097232747
2025-10-25,2,wk inc flu hosp,2025-11-15,35,quantile,0.55,7.692631575238593
2025-10-25,2,wk inc flu hosp,2025-11-15,35,quantile,0.6,9.714257163162904
2025-10-25,2,wk inc flu hosp,2025-11-15,35,quantile,0.65,11.803767660544128
2025-10-25,2,wk inc flu hosp,2025-11-15,35,quantile,0.7,14.005796990679965
2025-10-25,2,wk inc flu hosp,2025-11-15,35,quantile,0.75,16.382132862558848
2025-10-25,2,wk inc flu hosp,2025-11-15,35,quantile,0.8,19.02829554494533
2025-10-25,2,wk inc flu hosp,2025-11-15,35,quantile,0.85,22.11272133150264
2025-10-25,2,wk inc flu hosp,2025-11-15,35,quantile,0.9,25.99363327660781
2025-10-25,2,wk inc flu hosp,2025-11-15,35,quantile,0.95,31.745729398206684
2025-10-25,2,wk inc flu hosp,2025-11-15,35,quantile,0.975,36.734814950713364
2025-10-25,2,wk inc flu hosp,2025-11-15,35,quantile,0.99,42.5357051016051
2025-11-01,2,wk inc flu hosp,2025-11-22,35,quantile,0.01,7.16615100174384
2025-11-01,2,wk inc flu hosp,2025-11-22,35,quantile,0.025,7.16615100174384
2025-11-01,2,wk inc flu hosp,2025-11-22,35,quantile,0.05,7.16615100174384
2025-11-01,2,wk inc flu hosp,2025-11-22,35,quantile,0.1,7.16615100174384
2025-11-01,2,wk inc flu hosp,2025-11-22,35,quantile,0.15,12.132381685546822
2025-11-01,2,wk inc flu hosp,2025-11-22,35,quantile,0.2,16.33324856198362
2025-11-01,2,wk inc flu hosp,2025-11-22,35,quantile,0.25,18.50282701829568
2025-11-01,2,wk inc flu hosp,2025-11-22,35,quantile,0.3,20.9439685726191
2025-11-01,2,wk inc flu hosp,2025-11-22,35,quantile,0.35,23.690664397749227
2025-11-01,2,wk inc flu hosp,2025-11-22,35,quantile,0.4,26.78116029399323
2025-11-01,2,wk inc flu hosp,2025-11-22,35,quantile,0.45,28.02784421212046
2025-11-01,2,wk inc flu hosp,2025-11-22,35,quantile,0.5,28.57558996440704
2025-11-01,2,wk inc flu hosp,2025-11-22,35,quantile,0.55,29.1336714966074
2025-11-01,2,wk inc flu hosp,2025-11-22,35,quantile,0.6,29.702283841446096
2025-11-01,2,wk inc flu hosp,2025-11-22,35,quantile,0.65,30.281625711850218
2025-11-01,2,wk inc flu hosp,2025-11-22,35,quantile,0.7,30.8718995703936
2025-11-01,2,wk inc flu hosp,2025-11-22,35,quantile,0.75,31.473311700051443
2025-11-01,2,wk inc flu hosp,2025-11-22,35,quantile,0.8,32.08607227628999
2025-11-01,2,wk inc flu hosp,2025-11-22,35,quantile,0.85,32.71039544051648
2025-11-01,2,wk inc flu hosp,2025-11-22,35,quantile,0.9,33.34649937491524
2025-11-01,2,wk inc flu hosp,2025-11-22,35,quantile,0.95,44.1392674905149
2025-11-01,2,wk inc flu hosp,2025-11-22,35,quantile,0.975,55.58920662782897
2025-11-01,2,wk inc flu hosp,2025-11-22,35,quantile,0.99,63.35398604085732
2025-09-20,2,wk inc flu hosp,2025-10-11,36,quantile,0.01,0.0
2025-09-20,2,wk inc flu hosp,2025-10-11,36,quantile,0.025,0.0
2025-09-20,2,wk inc flu hosp,2025-10-11,36,quantile,0.05,0.0
2025-09-20,2,wk inc flu hosp,2025-10-11,36,quantile,0.1,0.0
2025-09-20,2,wk inc flu hosp,2025-10-11,36,quantile,0.15,0.0
2025-09-20,2,wk inc flu hosp,2025-10-11,36,quantile,0.2,0.0
2025-09-20,2,wk inc flu hosp,2025-10-11,36,quantile,0.25,0.0
2025-09-20,2,wk inc flu hosp,2025-10-11,36,quantile,0.3,0.0
2025-09-20,2,wk inc flu hosp,2025-10-11,36,quantile,0.35,0.0
2025-09-20,2,wk inc flu hosp,2025-10-11,36,quantile,0.4,2.1779746311696933
2025-09-20,2,wk inc flu hosp,2025-10-11,36,quantile,0.45,8.562262445205977
2025-09-20,2,wk inc flu hosp,2025-10-11,36,quantile,0.5,14.84532978795968
2025-09-20,2,wk inc flu hosp,2025-10-11,36,quantile,0.55,21.128397130713388
2025-09-20,2,wk inc flu hosp,2025-10-11,36,quantile,0.6,27.512684944749665
2025-09-20,2,wk inc flu hosp,2025-10-11,36,quantile,0.65,34.111353108338065
2025-09-20,2,wk inc flu hosp,2025-10-11,36,quantile,0.7,41.065355423361716
2025-09-20,2,wk inc flu hosp,2025-10-11,36,quantile,0.75,48.56981729776376
2025-09-20,2,wk inc flu hosp,2025-10-11,36,quantile,0.8,56.926391466605395
2025-09-20,2,wk inc flu hosp,2025-10-11,36,quantile,0.85,66.66699926264917
2025-09-20,2,wk inc flu hosp,2025-10-11,36,quantile,0.9,78.9229080651897
2025-09-20,2,wk inc flu hosp,2025-10-11,36,quantile,0.95,97.08801113553329
2025-09-20,2,wk inc flu hosp,2025-10-11,36,quantile,0.975,112.84352901496239
2025-09-20,2,wk inc flu hosp,2025-10-11,36,quantile,0.99,131.16272349000172
2025-09-27,2,wk inc flu hosp,2025-10-18,36,quantile,0.01,0.0
2025-09-27,2,wk inc flu hosp,2025-10-18,36,quantile,0.025,0.0
2025-09-27,2,wk inc flu hosp,2025-10-18,36,quantile,0.05,0.0
2025-09-27,2,wk inc flu hosp,2025-10-18,36,quantile,0.1,0.0
2025-09-27,2,wk inc flu hosp,2025-10-18,36,quantile,0.15,0.0
2025-09-27,2,wk inc flu hosp,2025-10-18,36,quantile,0.2,0.0
2025-09-27,2,wk inc flu hosp,2025-10-18,36,quantile,0.25,0.41016640322555986
2025-09-27,2,wk inc flu hosp,2025-10-18,36,quantile,0.3,7.9146282776276
2025-09-27,2,wk inc flu hosp,2025-10-18,36,quantile,0.35,14.868630592651257
2025-09-27,2,wk inc flu hosp,2025-10-18,36,quantile,0.4,21.467298756239657
2025-09-27,2,wk inc flu hosp,2025-10-18,36,quantile,0.45,27.851586570275945
2025-09-27,2,wk inc flu hosp,2025-10-18,36,quantile,0.5,34.134653913029645
2025-09-27,2,wk inc flu hosp,2025-10-18,36,quantile,0.55,40.417721255783356
2025-09-27,2,wk inc flu hosp,2025-10-18,36,quantile,0.6,46.80200906981963
2025-09-27,2,wk inc flu hosp,2025-10-18,36,quantile,0.65,53.40067723340803
2025-09-27,2,wk inc flu hosp,2025-10-18,36,quantile,0.7,60.354679548431676
2025-09-27,2,wk inc flu hosp,2025-10-18,36,quantile,0.75,67.85914142283373
2025-09-27,2,wk inc flu hosp,2025-10-18,36,quantile,0.8,76.21571559167536
2025-09-27,2,wk inc flu hosp,2025-10-18,36,quantile,0.85,85.95632338771914
2025-09-27,2,wk inc flu hosp,2025-10-18,36,quantile,0.9,98.21223219025967
2025-09-27,2,wk inc flu hosp,2025-10-18,36,quantile,0.95,116.37733526060325
2025-09-27,2,wk inc flu hosp,2025-10-18,36,quantile,0.975,132.13285314003235
2025-09-27,2,wk inc flu hosp,2025-10-18,36,quantile,0.99,150.45204761507168
2025-10-04,2,wk inc flu hosp,2025-10-25,36,quantile,0.01,0.0
2025-10-04,2,wk inc flu hosp,2025-10-25,36,quantile,0.025,0.0
2025-10-04,2,wk inc flu hosp,2025-10-25,36,quantile,0.05,0.0
2025-10-04,2,wk inc flu hosp,2025-10-25,36,quantile,0.1,0.0
2025-10-04,2,wk inc flu hosp,2025-10-25,36,quantile,0.15,0.0
2025-10-04,2,wk inc flu hosp,2025-10-25,36,quantile,0.2,0.0
2025-10-04,2,wk inc flu hosp,2025-10-25,36,quantile,0.25,0.0
2025-10-04,2,wk inc flu hosp,2025-10-25,36,quantile,0.3,0.0
2025-10-04,2,wk inc flu hosp,2025-10-25,36,quantile,0.35,1.4832436492660719
2025-10-04,2,wk inc flu hosp,2025-10-25,36,quantile,0.4,8.081911812854473
2025-10-04,2,wk inc flu hosp,2025-10-25,36,quantile,0.45,14.46619962689076
2025-10-04,2,wk inc flu hosp,2025-10-25,36,quantile,0.5,20.74926696964446
2025-10-04,2,wk inc flu hosp,2025-10-25,36,quantile,0.55,27.032334312398167
2025-10-04,2,wk inc flu hosp,2025-10-25,36,quantile,0.6,33.41662212643445
2025-10-04,2,wk inc flu hosp,2025-10-25,36,quantile,0.65,40.01529029002285
2025-10-04,2,wk inc flu hosp,2025-10-25,36,quantile,0.7,46.96929260504649
2025-10-04,2,wk inc flu hosp,2025-10-25,36,quantile,0.75,54.473754479448544
2025-10-04,2,wk inc flu hosp,2025-10-25,36,quantile,0.8,62.83032864829018
2025-10-04,2,wk inc flu hosp,2025-10-25,36,quantile,0.85,72.57093644433395
2025-10-04,2,wk inc flu hosp,2025-10-25,36,quantile,0.9,84.82684524687448
2025-10-04,2,wk inc flu hosp,2025-10-25,36,quantile,0.95,102.99194831721806
2025-10-04,2,wk inc flu hosp,2025-10-25,36,quantile,0.975,118.74746619664717
2025-10-04,2,wk inc flu hosp,2025-10-25,36,quantile,0.99,137.0666606716865
2025-10-11,2,wk inc flu hosp,2025-11-01,36,quantile,0.01,0.0
2025-10-11,2,wk inc flu hosp,2025-11-01,36,quantile,0.025,0.0
2025-10-11,2,wk inc flu hosp,2025-11-01,36,quantile,0.05,0.0
2025-10-11,2,wk inc flu hosp,2025-11-01,36,quantile,0.1,0.0
2025-10-11,2,wk inc flu hosp,2025-11-01,36,quantile,0.15,0.0
2025-10-11,2,wk inc flu hosp,2025-11-01,36,quantile,0.2,0.0
2025-10-11,2,wk inc flu hosp,2025-11-01,36,quantile,0.25,0.0
2025-10-11,2,wk inc flu hosp,2025-11-01,36,quantile,0.3,4.993316836673493
2025-10-11,2,wk inc flu hosp,2025-11-01,36,quantile,0.35,11.947319151697151
2025-10-11,2,wk inc flu hosp,2025-11-01,36,quantile,0.4,18.54598731528555
2025-10-11,2,wk inc flu hosp,2025-11-01,36,quantile,0.45,24.93027512932184
2025-10-11,2,wk inc flu hosp,2025-11-01,36,quantile,0.5,31.21334247207554
2025-10-11,2,wk inc flu hosp,2025-11-01,36,quantile,0.55,37.49640981482925
2025-10-11,2,wk inc flu hosp,2025-11-01,36,quantile,0.6,43.880697628865526
2025-10-11,2,wk inc flu hosp,2025-11-01,36,quantile,0.65,50.479365792453926
2025-10-11,2,wk inc flu hosp,2025-11-01,36,quantile,0.7,57.43336810747758
2025-10-11,2,wk inc flu hosp,2025-11-01,36,quantile,0.75,64.93782998187962
2025-10-11,2,wk inc flu hosp,2025-11-01,36,quantile,0.8,73.29440415072125
2025-10-11,2,wk inc flu hosp,2025-11-01,36,quantile,0.85,83.03501194676502
2025-10-11,2,wk inc flu hosp,2025-11-01,36,quantile,0.9,95.29092074930556
2025-10-11,2,wk inc flu hosp,2025-11-01,36,quantile,0.95,113.45602381964915
2025-10-11,2,wk inc flu hosp,2025-11-01,36,quantile,0.975,129.21154169907823
2025-10-11,2,wk inc flu hosp,2025-11-01,36,quantile,0.99,147.53073617411758
2025-10-18,2,wk inc flu hosp,2025-11-08,36,quantile,0.01,0.0
2025-10-18,2,wk inc flu hosp,2025-11-08,36,quantile,0.025,0.0
2025-10-18,2,wk inc flu hosp,2025-11-08,36,quantile,0.05,0.0
2025-10-18,2,wk inc flu hosp,2025-11-08,36,quantile,0.1,0.0
2025-10-18,2,wk inc flu hosp,2025-11-08,36,quantile,0.15,0.0
2025-10-18,2,wk inc flu hosp,2025-11-08,36,quantile,0.2,7.944348722176599
2025-10-18,2,wk inc flu hosp,2025-11-08,36,quantile,0.25,16.32773758391197
2025-10-18,2,wk inc flu hosp,2025-11-08,36,quantile,0.3,23.856279881275515
2025-10-18,2,wk inc flu hosp,2025-11-08,36,quantile,0.35,30.832596296873426
2025-10-18,2,wk inc flu hosp,2025-11-08,36,quantile,0.4,37.452438359806145
2025-10-18,2,wk inc flu hosp,2025-11-08,36,quantile,0.45,43.85721216650159
2025-10-18,2,wk inc flu hosp,2025-11-08,36,quantile,0.5,50.160440704240536
2025-10-18,2,wk inc flu hosp,2025-11-08,36,quantile,0.55,56.46366924197949
2025-10-18,2,wk inc flu hosp,2025-11-08,36,quantile,0.6,62.868443048674926
2025-10-18,2,wk inc flu hosp,2025-11-08,36,quantile,0.65,69.48828511160764
2025-10-18,2,wk inc flu hosp,2025-11-08,36,quantile,0.7,76.46460152720555
2025-10-18,2,wk inc flu hosp,2025-11-08,36,quantile,0.75,83.9931438245691
2025-10-18,2,wk inc flu hosp,2025-11-08,36,quantile,0.8,92.37653268630447
2025-10-18,2,wk inc flu hosp,2025-11-08,36,quantile,0.85,102.14839628183881
2025-10-18,2,wk inc flu hosp,2025-11-08,36,quantile,0.9,114.44363201716709
2025-10-18,2,wk inc flu hosp,2025-11-08,36,quantile,0.95,132.66702352609485
2025-10-18,2,wk inc flu hosp,2025-11-08,36,quantile,0.975,148.47309793320892
2025-10-18,2,wk inc flu hosp,2025-11-08,36,quantile,0.99,166.85107529750215
2025-10-25,2,wk inc flu hosp,2025-11-15,36,quantile,0.01,0.0
2025-10-25,2,wk inc flu hosp,2025-11-15,36,quantile,0.025,0.0
2025-10-25,2,wk inc flu hosp,2025-11-15,36,quantile,0.05,0.0
2025-10-25,2,wk inc flu hosp,2025-11-15,36,quantile,0.1,0.0
2025-10-25,2,wk inc flu hosp,2025-11-15,36,quantile,0.15,0.0
2025-10-25,2,wk inc flu hosp,2025-11-15,36,quantile,0.2,0.0
2025-10-25,2,wk inc flu hosp,2025-11-15,36,quantile,0.25,2.272714416707778
2025-10-25,2,wk inc flu hosp,2025-11-15,36,quantile,0.3,9.777176291109818
2025-10-25,2,wk inc flu hosp,2025-11-15,36,quantile,0.35,16.731178606133476
2025-10-25,2,wk inc flu hosp,2025-11-15,36,quantile,0.4,23.329846769721875
2025-10-25,2,wk inc flu hosp,2025-11-15,36,quantile,0.45,29.714134583758163
2025-10-25,2,wk inc flu hosp,2025-11-15,36,quantile,0.5,35.99720192651186
2025-10-25,2,wk inc flu hosp,2025-11-15,36,quantile,0.55,42.280269269265574
2025-10-25,2,wk inc flu hosp,2025-11-15,36,quantile,0.6,48.66455708330185
2025-10-25,2,wk inc flu hosp,2025-11-15,36,quantile,0.65,55.26322524689025
2025-10-25,2,wk inc flu hosp,2025-11-15,36,quantile,0.7,62.2172275619139
2025-10-25,2,wk inc flu hosp,2025-11-15,36,quantile,0.75,69.72168943631596
2025-10-25,2,wk inc flu hosp,2025-11-15,36,quantile,0.8,78.07826360515759
2025-10-25,2,wk inc flu hosp,2025-11-15,36,quantile,0.85,87.81887140120136
2025-10-25,2,wk inc flu hosp,2025-11-15,36,quantile,0.9,100.07478020374188
2025-10-25,2,wk inc flu hosp,2025-11-15,36,quantile,0.95,118.23988327408547
2025-10-25,2,wk inc flu hosp,2025-11-15,36,quantile,0.975,133.99540115351456
2025-10-25,2,wk inc flu hosp,2025-11-15,36,quantile,0.99,152.3145956285539
2025-11-01,2,wk inc flu hosp,2025-11-22,36,quantile,0.01,137.54077055931532
2025-11-01,2,wk inc flu hosp,2025-11-22,36,quantile,0.025,137.54077055931532
2025-11-01,2,wk inc flu hosp,2025-11-22,36,quantile,0.05,159.48166043425664
2025-11-01,2,wk inc flu hosp,2025-11-22,36,quantile,0.1,230.12219163491693
2025-11-01,2,wk inc flu hosp,2025-11-22,36,quantile,0.15,231.15662484556452
2025-11-01,2,wk inc flu hosp,2025-11-22,36,quantile,0.2,232.1956878672213
2025-11-01,2,wk inc flu hosp,2025-11-22,36,quantile,0.25,233.23940142152466
2025-11-01,2,wk inc flu hosp,2025-11-22,36,quantile,0.3,234.28778632285594
2025-11-01,2,wk inc flu hosp,2025-11-22,36,quantile,0.35,235.39904011189572
2025-11-01,2,wk inc flu hosp,2025-11-22,36,quantile,0.4,249.58251649693733
2025-11-01,2,wk inc flu hosp,2025-11-22,36,quantile,0.45,269.04591204363663
2025-11-01,2,wk inc flu hosp,2025-11-22,36,quantile,0.5,290.85507303554215
2025-11-01,2,wk inc flu hosp,2025-11-22,36,quantile,0.55,319.2460024815453
2025-11-01,2,wk inc flu hosp,2025-11-22,36,quantile,0.6,350.3987303312023
2025-11-01,2,wk inc flu hosp,2025-11-22,36,quantile,0.65,384.5819174058134
2025-11-01,2,wk inc flu hosp,2025-11-22,36,quantile,0.7,422.0903591774934
2025-11-01,2,wk inc flu hosp,2025-11-22,36,quantile,0.75,463.2475280824503
2025-11-01,2,wk inc flu hosp,2025-11-22,36,quantile,0.8,508.40836314412127
2025-11-01,2,wk inc flu hosp,2025-11-22,36,quantile,0.85,557.9623309638529
2025-11-01,2,wk inc flu hosp,2025-11-22,36,quantile,0.9,612.3367844770718
2025-11-01,2,wk inc flu hosp,2025-11-22,36,quantile,0.95,672.0006484408351
2025-11-01,2,wk inc flu hosp,2025-11-22,36,quantile,0.975,703.9750029226441
2025-11-01,2,wk inc flu hosp,2025-11-22,36,quantile,0.99,723.8842425415368
2025-09-20,2,wk inc flu hosp,2025-10-11,37,quantile,0.01,0.0
2025-09-20,2,wk inc flu hosp,2025-10-11,37,quantile,0.025,0.0
2025-09-20,2,wk inc flu hosp,2025-10-11,37,quantile,0.05,0.0
2025-09-20,2,wk inc flu hosp,2025-10-11,37,quantile,0.1,0.0
2025-09-20,2,wk inc flu hosp,2025-10-11,37,quantile,0.15,0.0
2025-09-20,2,wk inc flu hosp,2025-10-11,37,quantile,0.2,0.0
2025-09-20,2,wk inc flu hosp,2025-10-11,37,quantile,0.25,0.0
2025-09-20,2,wk inc flu hosp,2025-10-11,37,quantile,0.3,0.0
2025-09-20,2,wk inc flu hosp,2025-10-11,37,quantile,0.35,0.0
2025-09-20,2,wk inc flu hosp,2025-10-11,37,quantile,0.4,0.0
2025-09-20,2,wk inc flu hosp,2025-10-11,37,quantile,0.45,6.275775840742329
2025-09-20,2,wk inc flu hosp,2025-10-11,37,quantile,0.5,12.55884318349603
2025-09-20,2,wk inc flu hosp,2025-10-11,37,quantile,0.55,18.841910526249738
2025-09-20,2,wk inc flu hosp,2025-10-11,37,quantile,0.6,25.226198340286018
2025-09-20,2,wk inc flu hosp,2025-10-11,37,quantile,0.65,31.824866503874418
2025-09-20,2,wk inc flu hosp,2025-10-11,37,quantile,0.7,38.77886881889806
2025-09-20,2,wk inc flu hosp,2025-10-11,37,quantile,0.75,46.283330693300115
2025-09-20,2,wk inc flu hosp,2025-10-11,37,quantile,0.8,54.63990486214175
2025-09-20,2,wk inc flu hosp,2025-10-11,37,quantile,0.85,64.38051265818552
2025-09-20,2,wk inc flu hosp,2025-10-11,37,quantile,0.9,76.63642146072604
2025-09-20,2,wk inc flu hosp,2025-10-11,37,quantile,0.95,94.80152453106965
2025-09-20,2,wk inc flu hosp,2025-10-11,37,quantile,0.975,110.55704241049872
2025-09-20,2,wk inc flu hosp,2025-10-11,37,quantile,0.99,128.87623688553808
2025-09-27,2,wk inc flu hosp,2025-10-18,37,quantile,0.01,0.0
2025-09-27,2,wk inc flu hosp,2025-10-18,37,quantile,0.025,0.0
2025-09-27,2,wk inc flu hosp,2025-10-18,37,quantile,0.05,0.0
2025-09-27,2,wk inc flu hosp,2025-10-18,37,quantile,0.1,0.0
2025-09-27,2,wk inc flu hosp,2025-10-18,37,quantile,0.15,0.0
2025-09-27,2,wk inc flu hosp,2025-10-18,37,quantile,0.2,9.603202297572665
2025-09-27,2,wk inc flu hosp,2025-10-18,37,quantile,0.25,19.737120381219512
2025-09-27,2,wk inc flu hosp,2025-10-18,37,quantile,0.3,28.837692022239604
2025-09-27,2,wk inc flu hosp,2025-10-18,37,quantile,0.35,37.27072790394098
2025-09-27,2,wk inc flu hosp,2025-10-18,37,quantile,0.4,45.272854287298706
2025-09-27,2,wk inc flu hosp,2025-10-18,37,quantile,0.45,53.015004171051466
2025-09-27,2,wk inc flu hosp,2025-10-18,37,quantile,0.5,60.6344051934119
2025-09-27,2,wk inc flu hosp,2025-10-18,37,quantile,0.55,68.25380621577234
2025-09-27,2,wk inc flu hosp,2025-10-18,37,quantile,0.6,75.9959560995251
2025-09-27,2,wk inc flu hosp,2025-10-18,37,quantile,0.65,83.99808248288282
2025-09-27,2,wk inc flu hosp,2025-10-18,37,quantile,0.7,92.4311183645842
2025-09-27,2,wk inc flu hosp,2025-10-18,37,quantile,0.75,101.53169000560429
2025-09-27,2,wk inc flu hosp,2025-10-18,37,quantile,0.8,111.66560808925115
2025-09-27,2,wk inc flu hosp,2025-10-18,37,quantile,0.85,123.47792728795966
2025-09-27,2,wk inc flu hosp,2025-10-18,37,quantile,0.9,138.34052209489457
2025-09-27,2,wk inc flu hosp,2025-10-18,37,quantile,0.95,160.36912649384064
2025-09-27,2,wk inc flu hosp,2025-10-18,37,quantile,0.975,179.47565559650764
2025-09-27,2,wk inc flu hosp,2025-10-18,37,quantile,0.99,201.6911248088366
2025-10-04,2,wk inc flu hosp,2025-10-25,37,quantile,0.01,0.0
2025-10-04,2,wk inc flu hosp,2025-10-25,37,quantile,0.025,0.0
2025-10-04,2,wk inc flu hosp,2025-10-25,37,quantile,0.05,0.0
2025-10-04,2,wk inc flu hosp,2025-10-25,37,quantile,0.1,0.0
2025-10-04,2,wk inc flu hosp,2025-10-25,37,quantile,0.15,0.0
2025-10-04,2,wk inc flu hosp,2025-10-25,37,quantile,0.2,0.0
2025-10-04,2,wk inc flu hosp,2025-10-25,37,quantile,0.25,0.0
2025-10-04,2,wk inc flu hosp,2025-10-25,37,quantile,0.3,0.0
2025-10-04,2,wk inc flu hosp,2025-10-25,37,quantile,0.35,0.0
2025-10-04,2,wk inc flu hosp,2025-10-25,37,quantile,0.4,4.820813900591533
2025-10-04,2,wk inc flu hosp,2025-10-25,37,quantile,0.45,11.20510171462782
2025-10-04,2,wk inc flu hosp,2025-10-25,37,quantile,0.5,17.48816905738152
2025-10-04,2,wk inc flu hosp,2025-10-25,37,quantile,0.55,23.771236400135226
2025-10-04,2,wk inc flu hosp,2025-10-25,37,quantile,0.6,30.155524214171507
2025-10-04,2,wk inc flu hosp,2025-10-25,37,quantile,0.65,36.75419237775991
2025-10-04,2,wk inc flu hosp,2025-10-25,37,quantile,0.7,43.70819469278355
2025-10-04,2,wk inc flu hosp,2025-10-25,37,quantile,0.75,51.212656567185604
2025-10-04,2,wk inc flu hosp,2025-10-25,37,quantile,0.8,59.56923073602724
2025-10-04,2,wk inc flu hosp,2025-10-25,37,quantile,0.85,69.30983853207101
2025-10-04,2,wk inc flu hosp,2025-10-25,37,quantile,0.9,81.56574733461153
2025-10-04,2,wk inc flu hosp,2025-10-25,37,quantile,0.95,99.73085040495513
2025-10-04,2,wk inc flu hosp,2025-10-25,37,quantile,0.975,115.48636828438421
2025-10-04,2,wk inc flu hosp,2025-10-25,37,quantile,0.99,133.80556275942357
2025-10-11,2,wk inc flu hosp,2025-11-01,37,quantile,0.01,0.0
2025-10-11,2,wk inc flu hosp,2025-11-01,37,quantile,0.025,0.0
2025-10-11,2,wk inc flu hosp,2025-11-01,37,quantile,0.05,0.0
2025-10-11,2,wk inc flu hosp,2025-11-01,37,quantile,0.1,0.0
2025-10-11,2,wk inc flu hosp,2025-11-01,37,quantile,0.15,0.0
2025-10-11,2,wk inc flu hosp,2025-11-01,37,quantile,0.2,0.0
2025-10-11,2,wk inc flu hosp,2025-11-01,37,quantile,0.25,0.0
2025-10-11,2,wk inc flu hosp,2025-11-01,37,quantile,0.3,0.0
2025-10-11,2,wk inc flu hosp,2025-11-01,37,quantile,0.35,0.0
2025-10-11,2,wk inc flu hosp,2025-11-01,37,quantile,0.4,5.455698457560986
2025-10-11,2,wk inc flu hosp,2025-11-01,37,quantile,0.45,11.839986271597272
2025-10-11,2,wk inc flu hosp,2025-11-01,37,quantile,0.5,18.123053614350972
2025-10-11,2,wk inc flu hosp,2025-11-01,37,quantile,0.55,24.40612095710468
2025-10-11,2,wk inc flu hosp,2025-11-01,37,quantile,0.6,30.79040877114096
2025-10-11,2,wk inc flu hosp,2025-11-01,37,quantile,0.65,37.38907693472936
2025-10-11,2,wk inc flu hosp,2025-11-01,37,quantile,0.7,44.343079249753
2025-10-11,2,wk inc flu hosp,2025-11-01,37,quantile,0.75,51.84754112415506
2025-10-11,2,wk inc flu hosp,2025-11-01,37,quantile,0.8,60.20411529299669
2025-10-11,2,wk inc flu hosp,2025-11-01,37,quantile,0.85,69.94472308904047
2025-10-11,2,wk inc flu hosp,2025-11-01,37,quantile,0.9,82.200631891581
2025-10-11,2,wk inc flu hosp,2025-11-01,37,quantile,0.95,100.36573496192457
2025-10-11,2,wk inc flu hosp,2025-11-01,37,quantile,0.975,116.12125284135368
2025-10-11,2,wk inc flu hosp,2025-11-01,37,quantile,0.99,134.440447316393
2025-10-18,2,wk inc flu hosp,2025-11-08,37,quantile,0.01,0.0
2025-10-18,2,wk inc flu hosp,2025-11-08,37,quantile,0.025,0.0
2025-10-18,2,wk inc flu hosp,2025-11-08,37,quantile,0.05,0.0
2025-10-18,2,wk inc flu hosp,2025-11-08,37,quantile,0.1,0.0
2025-10-18,2,wk inc flu hosp,2025-11-08,37,quantile,0.15,0.0
2025-10-18,2,wk inc flu hosp,2025-11-08,37,quantile,0.2,0.0
2025-10-18,2,wk inc flu hosp,2025-11-08,37,quantile,0.25,1.021077361894541
2025-10-18,2,wk inc flu hosp,2025-11-08,37,quantile,0.3,8.52553923629658
2025-10-18,2,wk inc flu hosp,2025-11-08,37,quantile,0.35,15.479541551320239
2025-10-18,2,wk inc flu hosp,2025-11-08,37,quantile,0.4,22.07820971490864
2025-10-18,2,wk inc flu hosp,2025-11-08,37,quantile,0.45,28.462497528944926
2025-10-18,2,wk inc flu hosp,2025-11-08,37,quantile,0.5,34.745564871698626
2025-10-18,2,wk inc flu hosp,2025-11-08,37,quantile,0.55,41.02863221445234
2025-10-18,2,wk inc flu hosp,2025-11-08,37,quantile,0.6,47.412920028488614
2025-10-18,2,wk inc flu hosp,2025-11-08,37,quantile,0.65,54.011588192077014
2025-10-18,2,wk inc flu hosp,2025-11-08,37,quantile,0.7,60.96559050710066
2025-10-18,2,wk inc flu hosp,2025-11-08,37,quantile,0.75,68.47005238150271
2025-10-18,2,wk inc flu hosp,2025-11-08,37,quantile,0.8,76.82662655034434
2025-10-18,2,wk inc flu hosp,2025-11-08,37,quantile,0.85,86.56723434638812
2025-10-18,2,wk inc flu hosp,2025-11-08,37,quantile,0.9,98.82314314892864
2025-10-18,2,wk inc flu hosp,2025-11-08,37,quantile,0.95,116.98824621927224
2025-10-18,2,wk inc flu hosp,2025-11-08,37,quantile,0.975,132.74376409870132
2025-10-18,2,wk inc flu hosp,2025-11-08,37,quantile,0.99,151.06295857374067
2025-10-25,2,wk inc flu hosp,2025-11-15,37,quantile,0.01,0.0
2025-10-25,2,wk inc flu hosp,2025-11-15,37,quantile,0.025,0.0
2025-10-25,2,wk inc flu hosp,2025-11-15,37,quantile,0.05,0.0
2025-10-25,2,wk inc flu hosp,2025-11-15,37,quantile,0.1,0.0
2025-10-25,2,wk inc flu hosp,2025-11-15,37,quantile,0.15,0.0
2025-10-25,2,wk inc flu hosp,2025-11-15,37,quantile,0.2,0.0
2025-10-25,2,wk inc flu hosp,2025-11-15,37,quantile,0.25,0.0
2025-10-25,2,wk inc flu hosp,2025-11-15,37,quantile,0.3,0.0
2025-10-25,2,wk inc flu hosp,2025-11-15,37,quantile,0.35,6.875012450646075
2025-10-25,2,wk inc flu hosp,2025-11-15,37,quantile,0.4,13.473680614234476
2025-10-25,2,wk inc flu hosp,2025-11-15,37,quantile,0.45,19.857968428270762
2025-10-25,2,wk inc flu hosp,2025-11-15,37,quantile,0.5,26.141035771024463
2025-10-25,2,wk inc flu hosp,2025-11-15,37,quantile,0.55,32.42410311377817
2025-10-25,2,wk inc flu hosp,2025-11-15,37,quantile,0.6,38.80839092781445
2025-10-25,2,wk inc flu hosp,2025-11-15,37,quantile,0.65,45.40705909140285
2025-10-25,2,wk inc flu hosp,2025-11-15,37,quantile,0.7,52.3610614064265
2025-10-25,2,wk inc flu hosp,2025-11-15,37,quantile,0.75,59.86552328082855
2025-10-25,2,wk inc flu hosp,2025-11-15,37,quantile,0.8,68.22209744967017
2025-10-25,2,wk inc flu hosp,2025-11-15,37,quantile,0.85,77.96270524571395
2025-10-25,2,wk inc flu hosp,2025-11-15,37,quantile,0.9,90.21861404825448
2025-10-25,2,wk inc flu hosp,2025-11-15,37,quantile,0.95,108.38371711859807
2025-10-25,2,wk inc flu hosp,2025-11-15,37,quantile,0.975,124.13923499802716
2025-10-25,2,wk inc flu hosp,2025-11-15,37,quantile,0.99,142.4584294730665
2025-11-01,2,wk inc flu hosp,2025-11-22,37,quantile,0.01,22.57013300167261
2025-11-01,2,wk inc flu hosp,2025-11-22,37,quantile,0.025,22.57013300167261
2025-11-01,2,wk inc flu hosp,2025-11-22,37,quantile,0.05,24.602844079590376
2025-11-01,2,wk inc flu hosp,2025-11-22,37,quantile,0.1,31.114021924850647
2025-11-01,2,wk inc flu hosp,2025-11-22,37,quantile,0.15,39.28108756135846
2025-11-01,2,wk inc flu hosp,2025-11-22,37,quantile,0.2,49.52515748176172
2025-11-01,2,wk inc flu hosp,2025-11-22,37,quantile,0.25,62.37444426415408
2025-11-01,2,wk inc flu hosp,2025-11-22,37,quantile,0.3,73.68618605879533
2025-11-01,2,wk inc flu hosp,2025-11-22,37,quantile,0.35,74.37897467546689
2025-11-01,2,wk inc flu hosp,2025-11-22,37,quantile,0.4,79.3738321297681
2025-11-01,2,wk inc flu hosp,2025-11-22,37,quantile,0.45,84.69966517900414
2025-11-01,2,wk inc flu hosp,2025-11-22,37,quantile,0.5,103.82436436922026
2025-11-01,2,wk inc flu hosp,2025-11-22,37,quantile,0.55,118.41403749978318
2025-11-01,2,wk inc flu hosp,2025-11-22,37,quantile,0.6,135.03433169194324
2025-11-01,2,wk inc flu hosp,2025-11-22,37,quantile,0.65,153.96787300996527
2025-11-01,2,wk inc flu hosp,2025-11-22,37,quantile,0.7,175.53662400177038
2025-11-01,2,wk inc flu hosp,2025-11-22,37,quantile,0.75,200.10735863257554
2025-11-01,2,wk inc flu hosp,2025-11-22,37,quantile,0.8,228.09789923118575
2025-11-01,2,wk inc flu hosp,2025-11-22,37,quantile,0.85,259.984221507451
2025-11-01,2,wk inc flu hosp,2025-11-22,37,quantile,0.9,296.30854846083463
2025-11-01,2,wk inc flu hosp,2025-11-22,37,quantile,0.95,337.68857081601277
2025-11-01,2,wk inc flu hosp,2025-11-22,37,quantile,0.975,360.4906876115004
2025-11-01,2,wk inc flu hosp,2025-11-22,37,quantile,0.99,374.9023643465413
2025-09-20,2,wk inc flu hosp,2025-10-11,38,quantile,0.01,0.0
2025-09-20,2,wk inc flu hosp,2025-10-11,38,quantile,0.025,0.0
2025-09-20,2,wk inc flu hosp,2025-10-11,38,quantile,0.05,0.0
2025-09-20,2,wk inc flu hosp,2025-10-11,38,quantile,0.1,0.0
2025-09-20,2,wk inc flu hosp,2025-10-11,38,quantile,0.15,0.0
2025-09-20,2,wk inc flu hosp,2025-10-11,38,quantile,0.2,0.0
2025-09-20,2,wk inc flu hosp,2025-10-11,38,quantile,0.25,0.0
2025-09-20,2,wk inc flu hosp,2025-10-11,38,quantile,0.3,0.0
2025-09-20,2,wk inc flu hosp,2025-10-11,38,quantile,0.35,0.39160638036845663
2025-09-20,2,wk inc flu hosp,2025-10-11,38,quantile,0.4,0.9315878306206289
2025-09-20,2,wk inc flu hosp,2025-10-11,38,quantile,0.45,1.4540261328940174
2025-09-20,2,wk inc flu hosp,2025-10-11,38,quantile,0.5,1.9681813732641
2025-09-20,2,wk inc flu hosp,2025-10-11,38,quantile,0.55,2.482336613634183
2025-09-20,2,wk inc flu hosp,2025-10-11,38,quantile,0.6,3.0047749159075714
2025-09-20,2,wk inc flu hosp,2025-10-11,38,quantile,0.65,3.5447563661597434
2025-09-20,2,wk inc flu hosp,2025-10-11,38,quantile,0.7,4.113815479609906
2025-09-20,2,wk inc flu hosp,2025-10-11,38,quantile,0.75,4.727919736081276
2025-09-20,2,wk inc flu hosp,2025-10-11,38,quantile,0.8,5.411753947313543
2025-09-20,2,wk inc flu hosp,2025-10-11,38,quantile,0.85,6.208846238310799
2025-09-20,2,wk inc flu hosp,2025-10-11,38,quantile,0.9,7.211770350463047
2025-09-20,2,wk inc flu hosp,2025-10-11,38,quantile,0.95,8.698254964741668
2025-09-20,2,wk inc flu hosp,2025-10-11,38,quantile,0.975,9.9875586822636
2025-09-20,2,wk inc flu hosp,2025-10-11,38,quantile,0.99,11.486652886555875
2025-09-27,2,wk inc flu hosp,2025-10-18,38,quantile,0.01,0.0
2025-09-27,2,wk inc flu hosp,2025-10-18,38,quantile,0.025,0.0
2025-09-27,2,wk inc flu hosp,2025-10-18,38,quantile,0.05,0.0
2025-09-27,2,wk inc flu hosp,2025-10-18,38,quantile,0.1,0.0
2025-09-27,2,wk inc flu hosp,2025-10-18,38,quantile,0.15,0.0
2025-09-27,2,wk inc flu hosp,2025-10-18,38,quantile,0.2,0.0
2025-09-27,2,wk inc flu hosp,2025-10-18,38,quantile,0.25,0.0
2025-09-27,2,wk inc flu hosp,2025-10-18,38,quantile,0.3,0.0
2025-09-27,2,wk inc flu hosp,2025-10-18,38,quantile,0.35,0.0
2025-09-27,2,wk inc flu hosp,2025-10-18,38,quantile,0.4,0.0
2025-09-27,2,wk inc flu hosp,2025-10-18,38,quantile,0.45,0.658712556852657
2025-09-27,2,wk inc flu hosp,2025-10-18,38,quantile,0.5,1.3828453916569479
2025-09-27,2,wk inc flu hosp,2025-10-18,38,quantile,0.55,2.10697822646124
2025-09-27,2,wk inc flu hosp,2025-10-18,38,quantile,0.6,2.8427768707836494
2025-09-27,2,wk inc flu hosp,2025-10-18,38,quantile,0.65,3.6032831685146376
2025-09-27,2,wk inc flu hosp,2025-10-18,38,quantile,0.7,4.40474225448501
2025-09-27,2,wk inc flu hosp,2025-10-18,38,quantile,0.75,5.269642621510171
2025-09-27,2,wk inc flu hosp,2025-10-18,38,quantile,0.8,6.232750194933615
2025-09-27,2,wk inc flu hosp,2025-10-18,38,quantile,0.85,7.355369697683461
2025-09-27,2,wk inc flu hosp,2025-10-18,38,quantile,0.9,8.767881373930575
2025-09-27,2,wk inc flu hosp,2025-10-18,38,quantile,0.95,10.86143645829722
2025-09-27,2,wk inc flu hosp,2025-10-18,38,quantile,0.975,12.677283273785973
2025-09-27,2,wk inc flu hosp,2025-10-18,38,quantile,0.99,14.788597621202692
2025-10-04,2,wk inc flu hosp,2025-10-25,38,quantile,0.01,0.0
2025-10-04,2,wk inc flu hosp,2025-10-25,38,quantile,0.025,0.0
2025-10-04,2,wk inc flu hosp,2025-10-25,38,quantile,0.05,0.0
2025-10-04,2,wk inc flu hosp,2025-10-25,38,quantile,0.1,0.0
2025-10-04,2,wk inc flu hosp,2025-10-25,38,quantile,0.15,0.0
2025-10-04,2,wk inc flu hosp,2025-10-25,38,quantile,0.2,0.0
2025-10-04,2,wk inc flu hosp,2025-10-25,38,quantile,0.25,0.0
2025-10-04,2,wk inc flu hosp,2025-10-25,38,quantile,0.3,0.0
2025-10-04,2,wk inc flu hosp,2025-10-25,38,quantile,0.35,0.42157955727485086
2025-10-04,2,wk inc flu hosp,2025-10-25,38,quantile,0.4,1.0156075141062306
2025-10-04,2,wk inc flu hosp,2025-10-25,38,quantile,0.45,1.5903364369701278
2025-10-04,2,wk inc flu hosp,2025-10-25,38,quantile,0.5,2.1559532498968577
2025-10-04,2,wk inc flu hosp,2025-10-25,38,quantile,0.55,2.721570062823588
2025-10-04,2,wk inc flu hosp,2025-10-25,38,quantile,0.6,3.2962989856874847
2025-10-04,2,wk inc flu hosp,2025-10-25,38,quantile,0.65,3.8903269425188647
2025-10-04,2,wk inc flu hosp,2025-10-25,38,quantile,0.7,4.516342933107454
2025-10-04,2,wk inc flu hosp,2025-10-25,38,quantile,0.75,5.191912615330393
2025-10-04,2,wk inc flu hosp,2025-10-25,38,quantile,0.8,5.944191492910351
2025-10-04,2,wk inc flu hosp,2025-10-25,38,quantile,0.85,6.821064401796425
2025-10-04,2,wk inc flu hosp,2025-10-25,38,quantile,0.9,7.924370748561675
2025-10-04,2,wk inc flu hosp,2025-10-25,38,quantile,0.95,9.559636956074621
2025-10-04,2,wk inc flu hosp,2025-10-25,38,quantile,0.975,10.97798651733638
2025-10-04,2,wk inc flu hosp,2025-10-25,38,quantile,0.99,12.627124403198268
2025-10-11,2,wk inc flu hosp,2025-11-01,38,quantile,0.01,0.0
2025-10-11,2,wk inc flu hosp,2025-11-01,38,quantile,0.025,0.0
2025-10-11,2,wk inc flu hosp,2025-11-01,38,quantile,0.05,0.0
2025-10-11,2,wk inc flu hosp,2025-11-01,38,quantile,0.1,0.0
2025-10-11,2,wk inc flu hosp,2025-11-01,38,quantile,0.15,0.0
2025-10-11,2,wk inc flu hosp,2025-11-01,38,quantile,0.2,0.0
2025-10-11,2,wk inc flu hosp,2025-11-01,38,quantile,0.25,0.0
2025-10-11,2,wk inc flu hosp,2025-11-01,38,quantile,0.3,0.0
2025-10-11,2,wk inc flu hosp,2025-11-01,38,quantile,0.35,0.6733150861949289
2025-10-11,2,wk inc flu hosp,2025-11-01,38,quantile,0.4,1.3314260981062869
2025-10-11,2,wk inc flu hosp,2025-11-01,38,quantile,0.45,1.9681561183872174
2025-10-11,2,wk inc flu hosp,2025-11-01,38,quantile,0.5,2.594791024755691
2025-10-11,2,wk inc flu hosp,2025-11-01,38,quantile,0.55,3.2214259311241658
2025-10-11,2,wk inc flu hosp,2025-11-01,38,quantile,0.6,3.858155951405095
2025-10-11,2,wk inc flu hosp,2025-11-01,38,quantile,0.65,4.516266963316453
2025-10-11,2,wk inc flu hosp,2025-11-01,38,quantile,0.7,5.209816841400549
2025-10-11,2,wk inc flu hosp,2025-11-01,38,quantile,0.75,5.958266206571718
2025-10-11,2,wk inc flu hosp,2025-11-01,38,quantile,0.8,6.791700067167307
2025-10-11,2,wk inc flu hosp,2025-11-01,38,quantile,0.85,7.763169020350734
2025-10-11,2,wk inc flu hosp,2025-11-01,38,quantile,0.9,8.985498791143005
2025-10-11,2,wk inc flu hosp,2025-11-01,38,quantile,0.95,10.79717564270284
2025-10-11,2,wk inc flu hosp,2025-11-01,38,quantile,0.975,12.368535128854043
2025-10-11,2,wk inc flu hosp,2025-11-01,38,quantile,0.99,14.195580119522724
2025-10-18,2,wk inc flu hosp,2025-11-08,38,quantile,0.01,0.0
2025-10-18,2,wk inc flu hosp,2025-11-08,38,quantile,0.025,0.0
2025-10-18,2,wk inc flu hosp,2025-11-08,38,quantile,0.05,0.0
2025-10-18,2,wk inc flu hosp,2025-11-08,38,quantile,0.1,0.0
2025-10-18,2,wk inc flu hosp,2025-11-08,38,quantile,0.15,0.0
2025-10-18,2,wk inc flu hosp,2025-11-08,38,quantile,0.2,0.0
2025-10-18,2,wk inc flu hosp,2025-11-08,38,quantile,0.25,0.0
2025-10-18,2,wk inc flu hosp,2025-11-08,38,quantile,0.3,0.0
2025-10-18,2,wk inc flu hosp,2025-11-08,38,quantile,0.35,0.0
2025-10-18,2,wk inc flu hosp,2025-11-08,38,quantile,0.4,0.3992906013747257
2025-10-18,2,wk inc flu hosp,2025-11-08,38,quantile,0.45,0.8979308439461098
2025-10-18,2,wk inc flu hosp,2025-11-08,38,quantile,0.5,1.3886653338597628
2025-10-18,2,wk inc flu hosp,2025-11-08,38,quantile,0.55,1.8793998237734162
2025-10-18,2,wk inc flu hosp,2025-11-08,38,quantile,0.6,2.3780400663448
2025-10-18,2,wk inc flu hosp,2025-11-08,38,quantile,0.65,2.8934243330919394
2025-10-18,2,wk inc flu hosp,2025-11-08,38,quantile,0.7,3.4365617200972256
2025-10-18,2,wk inc flu hosp,2025-11-08,38,quantile,0.75,4.022692358066342
2025-10-18,2,wk inc flu hosp,2025-11-08,38,quantile,0.8,4.675376618549663
2025-10-18,2,wk inc flu hosp,2025-11-08,38,quantile,0.85,5.436159837553889
2025-10-18,2,wk inc flu hosp,2025-11-08,38,quantile,0.9,6.393398846233212
2025-10-18,2,wk inc flu hosp,2025-11-08,38,quantile,0.95,7.812171255180068
2025-10-18,2,wk inc flu hosp,2025-11-08,38,quantile,0.975,9.042744732767282
2025-10-18,2,wk inc flu hosp,2025-11-08,38,quantile,0.99,10.473552340886506
2025-10-25,2,wk inc flu hosp,2025-11-15,38,quantile,0.01,0.0
2025-10-25,2,wk inc flu hosp,2025-11-15,38,quantile,0.025,0.0
2025-10-25,2,wk inc flu hosp,2025-11-15,38,quantile,0.05,0.0
2025-10-25,2,wk inc flu hosp,2025-11-15,38,quantile,0.1,0.0
2025-10-25,2,wk inc flu hosp,2025-11-15,38,quantile,0.15,0.0
2025-10-25,2,wk inc flu hosp,2025-11-15,38,quantile,0.2,0.0
2025-10-25,2,wk inc flu hosp,2025-11-15,38,quantile,0.25,0.0
2025-10-25,2,wk inc flu hosp,2025-11-15,38,quantile,0.3,0.0
2025-10-25,2,wk inc flu hosp,2025-11-15,38,quantile,0.35,0.5719822163062538
2025-10-25,2,wk inc flu hosp,2025-11-15,38,quantile,0.4,1.1485796244447075
2025-10-25,2,wk inc flu hosp,2025-11-15,38,quantile,0.45,1.706444289726102
2025-10-25,2,wk inc flu hosp,2025-11-15,38,quantile,0.5,2.2554642215029173
2025-10-25,2,wk inc flu hosp,2025-11-15,38,quantile,0.55,2.8044841532797333
2025-10-25,2,wk inc flu hosp,2025-11-15,38,quantile,0.6,3.362348818561127
2025-10-25,2,wk inc flu hosp,2025-11-15,38,quantile,0.65,3.9389462266995805
2025-10-25,2,wk inc flu hosp,2025-11-15,38,quantile,0.7,4.546593044455448
2025-10-25,2,wk inc flu hosp,2025-11-15,38,quantile,0.75,5.202339501010249
2025-10-25,2,wk inc flu hosp,2025-11-15,38,quantile,0.8,5.932544276764659
2025-10-25,2,wk inc flu hosp,2025-11-15,38,quantile,0.85,6.783687124026404
2025-10-25,2,wk inc flu hosp,2025-11-15,38,quantile,0.9,7.8546191780006405
2025-10-25,2,wk inc flu hosp,2025-11-15,38,quantile,0.95,9.441901806747374
2025-10-25,2,wk inc flu hosp,2025-11-15,38,quantile,0.975,10.818632769411456
2025-10-25,2,wk inc flu hosp,2025-11-15,38,quantile,0.99,12.41938004016796
2025-11-01,2,wk inc flu hosp,2025-11-22,38,quantile,0.01,0.023919510869164766
2025-11-01,2,wk inc flu hosp,2025-11-22,38,quantile,0.025,0.023919510869164766
2025-11-01,2,wk inc flu hosp,2025-11-22,38,quantile,0.05,0.023919510869164766
2025-11-01,2,wk inc flu hosp,2025-11-22,38,quantile,0.1,0.023919510869164766
2025-11-01,2,wk inc flu hosp,2025-11-22,38,quantile,0.15,0.023919510869164766
2025-11-01,2,wk inc flu hosp,2025-11-22,38,quantile,0.2,0.023919510869164766
2025-11-01,2,wk inc flu hosp,2025-11-22,38,quantile,0.25,0.023919510869164766
2025-11-01,2,wk inc flu hosp,2025-11-22,38,quantile,0.3,0.023919510869164766
2025-11-01,2,wk inc flu hosp,2025-11-22,38,quantile,0.35,0.023919510869164766
2025-11-01,2,wk inc flu hosp,2025-11-22,38,quantile,0.4,0.023919510869164766
2025-11-01,2,wk inc flu hosp,2025-11-22,38,quantile,0.45,0.023919510869164766
2025-11-01,2,wk inc flu hosp,2025-11-22,38,quantile,0.5,0.023919510869164766
2025-11-01,2,wk inc flu hosp,2025-11-22,38,quantile,0.55,0.1332668471137266
2025-11-01,2,wk inc flu hosp,2025-11-22,38,quantile,0.6,0.27853599085983083
2025-11-01,2,wk inc flu hosp,2025-11-22,38,quantile,0.65,0.3946892551601263
2025-11-01,2,wk inc flu hosp,2025-11-22,38,quantile,0.7,0.49335333433971235
2025-11-01,2,wk inc flu hosp,2025-11-22,38,quantile,0.75,1.2680034867827448
2025-11-01,2,wk inc flu hosp,2025-11-22,38,quantile,0.8,1.563798640805422
2025-11-01,2,wk inc flu hosp,2025-11-22,38,quantile,0.85,1.8981716778221915
2025-11-01,2,wk inc flu hosp,2025-11-22,38,quantile,0.9,2.276153961721428
2025-11-01,2,wk inc flu hosp,2025-11-22,38,quantile,0.95,2.7034330516156233
2025-11-01,2,wk inc flu hosp,2025-11-22,38,quantile,0.975,2.937536527760231
2025-11-01,2,wk inc flu hosp,2025-11-22,38,quantile,0.99,3.085043205388215
2025-09-20,2,wk inc flu hosp,2025-10-11,39,quantile,0.01,0.0
2025-09-20,2,wk inc flu hosp,2025-10-11,39,quantile,0.025,0.0
2025-09-20,2,wk inc flu hosp,2025-10-11,39,quantile,0.05,0.0
2025-09-20,2,wk inc flu hosp,2025-10-11,39,quantile,0.1,0.0
2025-09-20,2,wk inc flu hosp,2025-10-11,39,quantile,0.15,0.0
2025-09-20,2,wk inc flu hosp,2025-10-11,39,quantile,0.2,0.0
2025-09-20,2,wk inc flu hosp,2025-10-11,39,quantile,0.25,0.0
2025-09-20,2,wk inc flu hosp,2025-10-11,39,quantile,0.3,0.0
2025-09-20,2,wk inc flu hosp,2025-10-11,39,quantile,0.35,0.0
2025-09-20,2,wk inc flu hosp,2025-10-11,39,quantile,0.4,4.185521813010654
2025-09-20,2,wk inc flu hosp,2025-10-11,39,quantile,0.45,10.56980962704694
2025-09-20,2,wk inc flu hosp,2025-10-11,39,quantile,0.5,16.85287696980064
2025-09-20,2,wk inc flu hosp,2025-10-11,39,quantile,0.55,23.135944312554347
2025-09-20,2,wk inc flu hosp,2025-10-11,39,quantile,0.6,29.520232126590628
2025-09-20,2,wk inc flu hosp,2025-10-11,39,quantile,0.65,36.11890029017903
2025-09-20,2,wk inc flu hosp,2025-10-11,39,quantile,0.7,43.07290260520267
2025-09-20,2,wk inc flu hosp,2025-10-11,39,quantile,0.75,50.577364479604725
2025-09-20,2,wk inc flu hosp,2025-10-11,39,quantile,0.8,58.93393864844636
2025-09-20,2,wk inc flu hosp,2025-10-11,39,quantile,0.85,68.67454644449013
2025-09-20,2,wk inc flu hosp,2025-10-11,39,quantile,0.9,80.93045524703066
2025-09-20,2,wk inc flu hosp,2025-10-11,39,quantile,0.95,99.09555831737424
2025-09-20,2,wk inc flu hosp,2025-10-11,39,quantile,0.975,114.85107619680335
2025-09-20,2,wk inc flu hosp,2025-10-11,39,quantile,0.99,133.17027067184267
2025-09-27,2,wk inc flu hosp,2025-10-18,39,quantile,0.01,0.0
2025-09-27,2,wk inc flu hosp,2025-10-18,39,quantile,0.025,0.0
2025-09-27,2,wk inc flu hosp,2025-10-18,39,quantile,0.05,0.0
2025-09-27,2,wk inc flu hosp,2025-10-18,39,quantile,0.1,0.0
2025-09-27,2,wk inc flu hosp,2025-10-18,39,quantile,0.15,0.0
2025-09-27,2,wk inc flu hosp,2025-10-18,39,quantile,0.2,0.0
2025-09-27,2,wk inc flu hosp,2025-10-18,39,quantile,0.25,0.0
2025-09-27,2,wk inc flu hosp,2025-10-18,39,quantile,0.3,0.0
2025-09-27,2,wk inc flu hosp,2025-10-18,39,quantile,0.35,0.0
2025-09-27,2,wk inc flu hosp,2025-10-18,39,quantile,0.4,0.2622091015103809
2025-09-27,2,wk inc flu hosp,2025-10-18,39,quantile,0.45,6.646496915546666
2025-09-27,2,wk inc flu hosp,2025-10-18,39,quantile,0.5,12.929564258300367
2025-09-27,2,wk inc flu hosp,2025-10-18,39,quantile,0.55,19.212631601054074
2025-09-27,2,wk inc flu hosp,2025-10-18,39,quantile,0.6,25.596919415090355
2025-09-27,2,wk inc flu hosp,2025-10-18,39,quantile,0.65,32.195587578678754
2025-09-27,2,wk inc flu hosp,2025-10-18,39,quantile,0.7,39.1495898937024
2025-09-27,2,wk inc flu hosp,2025-10-18,39,quantile,0.75,46.65405176810445
2025-09-27,2,wk inc flu hosp,2025-10-18,39,quantile,0.8,55.010625936946084
2025-09-27,2,wk inc flu hosp,2025-10-18,39,quantile,0.85,64.75123373298986
2025-09-27,2,wk inc flu hosp,2025-10-18,39,quantile,0.9,77.00714253553039
2025-09-27,2,wk inc flu hosp,2025-10-18,39,quantile,0.95,95.17224560587397
2025-09-27,2,wk inc flu hosp,2025-10-18,39,quantile,0.975,110.92776348530307
2025-09-27,2,wk inc flu hosp,2025-10-18,39,quantile,0.99,129.2469579603424
2025-10-04,2,wk inc flu hosp,2025-10-25,39,quantile,0.01,0.0
2025-10-04,2,wk inc flu hosp,2025-10-25,39,quantile,0.025,0.0
2025-10-04,2,wk inc flu hosp,2025-10-25,39,quantile,0.05,0.0
2025-10-04,2,wk inc flu hosp,2025-10-25,39,quantile,0.1,0.0
2025-10-04,2,wk inc flu hosp,2025-10-25,39,quantile,0.15,0.0
2025-10-04,2,wk inc flu hosp,2025-10-25,39,quantile,0.2,0.0
2025-10-04,2,wk inc flu hosp,2025-10-25,39,quantile,0.25,0.0
2025-10-04,2,wk inc flu hosp,2025-10-25,39,quantile,0.3,0.0
2025-10-04,2,wk inc flu hosp,2025-10-25,39,quantile,0.35,0.0
2025-10-04,2,wk inc flu hosp,2025-10-25,39,quantile,0.4,3.689129793979207
2025-10-04,2,wk inc flu hosp,2025-10-25,39,quantile,0.45,10.073417608015493
2025-10-04,2,wk inc flu hosp,2025-10-25,39,quantile,0.5,16.356484950769193
2025-10-04,2,wk inc flu hosp,2025-10-25,39,quantile,0.55,22.6395522935229
2025-10-04,2,wk inc flu hosp,2025-10-25,39,quantile,0.6,29.02384010755918
2025-10-04,2,wk inc flu hosp,2025-10-25,39,quantile,0.65,35.62250827114758
2025-10-04,2,wk inc flu hosp,2025-10-25,39,quantile,0.7,42.576510586171224
2025-10-04,2,wk inc flu hosp,2025-10-25,39,quantile,0.75,50.08097246057328
2025-10-04,2,wk inc flu hosp,2025-10-25,39,quantile,0.8,58.43754662941491
2025-10-04,2,wk inc flu hosp,2025-10-25,39,quantile,0.85,68.17815442545869
2025-10-04,2,wk inc flu hosp,2025-10-25,39,quantile,0.9,80.43406322799922
2025-10-04,2,wk inc flu hosp,2025-10-25,39,quantile,0.95,98.5991662983428
2025-10-04,2,wk inc flu hosp,2025-10-25,39,quantile,0.975,114.3546841777719
2025-10-04,2,wk inc flu hosp,2025-10-25,39,quantile,0.99,132.67387865281123
2025-10-11,2,wk inc flu hosp,2025-11-01,39,quantile,0.01,0.0
2025-10-11,2,wk inc flu hosp,2025-11-01,39,quantile,0.025,0.0
2025-10-11,2,wk inc flu hosp,2025-11-01,39,quantile,0.05,0.0
2025-10-11,2,wk inc flu hosp,2025-11-01,39,quantile,0.1,0.0
2025-10-11,2,wk inc flu hosp,2025-11-01,39,quantile,0.15,0.0
2025-10-11,2,wk inc flu hosp,2025-11-01,39,quantile,0.2,0.0
2025-10-11,2,wk inc flu hosp,2025-11-01,39,quantile,0.25,0.0
2025-10-11,2,wk inc flu hosp,2025-11-01,39,quantile,0.3,0.0
2025-10-11,2,wk inc flu hosp,2025-11-01,39,quantile,0.35,0.0
2025-10-11,2,wk inc flu hosp,2025-11-01,39,quantile,0.4,0.0
2025-10-11,2,wk inc flu hosp,2025-11-01,39,quantile,0.45,5.635888478534652
2025-10-11,2,wk inc flu hosp,2025-11-01,39,quantile,0.5,11.918955821288353
2025-10-11,2,wk inc flu hosp,2025-11-01,39,quantile,0.55,18.20202316404206
2025-10-11,2,wk inc flu hosp,2025-11-01,39,quantile,0.6,24.586310978078338
2025-10-11,2,wk inc flu hosp,2025-11-01,39,quantile,0.65,31.18497914166674
2025-10-11,2,wk inc flu hosp,2025-11-01,39,quantile,0.7,38.13898145669039
2025-10-11,2,wk inc flu hosp,2025-11-01,39,quantile,0.75,45.64344333109244
2025-10-11,2,wk inc flu hosp,2025-11-01,39,quantile,0.8,54.000017499934074
2025-10-11,2,wk inc flu hosp,2025-11-01,39,quantile,0.85,63.74062529597785
2025-10-11,2,wk inc flu hosp,2025-11-01,39,quantile,0.9,75.99653409851837
2025-10-11,2,wk inc flu hosp,2025-11-01,39,quantile,0.95,94.16163716886196
2025-10-11,2,wk inc flu hosp,2025-11-01,39,quantile,0.975,109.91715504829105
2025-10-11,2,wk inc flu hosp,2025-11-01,39,quantile,0.99,128.2363495233304
2025-10-18,2,wk inc flu hosp,2025-11-08,39,quantile,0.01,0.0
2025-10-18,2,wk inc flu hosp,2025-11-08,39,quantile,0.025,0.0
2025-10-18,2,wk inc flu hosp,2025-11-08,39,quantile,0.05,0.0
2025-10-18,2,wk inc flu hosp,2025-11-08,39,quantile,0.1,0.0
2025-10-18,2,wk inc flu hosp,2025-11-08,39,quantile,0.15,0.0
2025-10-18,2,wk inc flu hosp,2025-11-08,39,quantile,0.2,0.0
2025-10-18,2,wk inc flu hosp,2025-11-08,39,quantile,0.25,0.0
2025-10-18,2,wk inc flu hosp,2025-11-08,39,quantile,0.3,0.0
2025-10-18,2,wk inc flu hosp,2025-11-08,39,quantile,0.35,0.0
2025-10-18,2,wk inc flu hosp,2025-11-08,39,quantile,0.4,0.0
2025-10-18,2,wk inc flu hosp,2025-11-08,39,quantile,0.45,4.956897323641106
2025-10-18,2,wk inc flu hosp,2025-11-08,39,quantile,0.5,11.239964666394807
2025-10-18,2,wk inc flu hosp,2025-11-08,39,quantile,0.55,17.523032009148515
2025-10-18,2,wk inc flu hosp,2025-11-08,39,quantile,0.6,23.907319823184793
2025-10-18,2,wk inc flu hosp,2025-11-08,39,quantile,0.65,30.505987986773192
2025-10-18,2,wk inc flu hosp,2025-11-08,39,quantile,0.7,37.45999030179684
2025-10-18,2,wk inc flu hosp,2025-11-08,39,quantile,0.75,44.96445217619889
2025-10-18,2,wk inc flu hosp,2025-11-08,39,quantile,0.8,53.32102634504052
2025-10-18,2,wk inc flu hosp,2025-11-08,39,quantile,0.85,63.0616341410843
2025-10-18,2,wk inc flu hosp,2025-11-08,39,quantile,0.9,75.31754294362483
2025-10-18,2,wk inc flu hosp,2025-11-08,39,quantile,0.95,93.48264601396842
2025-10-18,2,wk inc flu hosp,2025-11-08,39,quantile,0.975,109.23816389339751
2025-10-18,2,wk inc flu hosp,2025-11-08,39,quantile,0.99,127.55735836843685
2025-10-25,2,wk inc flu hosp,2025-11-15,39,quantile,0.01,0.0
2025-10-25,2,wk inc flu hosp,2025-11-15,39,quantile,0.025,0.0
2025-10-25,2,wk inc flu hosp,2025-11-15,39,quantile,0.05,0.0
2025-10-25,2,wk inc flu hosp,2025-11-15,39,quantile,0.1,0.0
2025-10-25,2,wk inc flu hosp,2025-11-15,39,quantile,0.15,0.0
2025-10-25,2,wk inc flu hosp,2025-11-15,39,quantile,0.2,0.0
2025-10-25,2,wk inc flu hosp,2025-11-15,39,quantile,0.25,0.0
2025-10-25,2,wk inc flu hosp,2025-11-15,39,quantile,0.3,0.0
2025-10-25,2,wk inc flu hosp,2025-11-15,39,quantile,0.35,0.0
2025-10-25,2,wk inc flu hosp,2025-11-15,39,quantile,0.4,4.3981233760033565
2025-10-25,2,wk inc flu hosp,2025-11-15,39,quantile,0.45,10.782411190039642
2025-10-25,2,wk inc flu hosp,2025-11-15,39,quantile,0.5,17.065478532793342
2025-10-25,2,wk inc flu hosp,2025-11-15,39,quantile,0.55,23.34854587554705
2025-10-25,2,wk inc flu hosp,2025-11-15,39,quantile,0.6,29.73283368958333
2025-10-25,2,wk inc flu hosp,2025-11-15,39,quantile,0.65,36.33150185317173
2025-10-25,2,wk inc flu hosp,2025-11-15,39,quantile,0.7,43.285504168195374
2025-10-25,2,wk inc flu hosp,2025-11-15,39,quantile,0.75,50.78996604259743
2025-10-25,2,wk inc flu hosp,2025-11-15,39,quantile,0.8,59.14654021143906
2025-10-25,2,wk inc flu hosp,2025-11-15,39,quantile,0.85,68.88714800748284
2025-10-25,2,wk inc flu hosp,2025-11-15,39,quantile,0.9,81.14305681002335
2025-10-25,2,wk inc flu hosp,2025-11-15,39,quantile,0.95,99.30815988036696
2025-10-25,2,wk inc flu hosp,2025-11-15,39,quantile,0.975,115.06367775979604
2025-10-25,2,wk inc flu hosp,2025-11-15,39,quantile,0.99,133.3828722348354
2025-11-01,2,wk inc flu hosp,2025-11-22,39,quantile,0.01,47.86691379507852
2025-11-01,2,wk inc flu hosp,2025-11-22,39,quantile,0.025,49.01631361134819
2025-11-01,2,wk inc flu hosp,2025-11-22,39,quantile,0.05,52.30501167028166
2025-11-01,2,wk inc flu hosp,2025-11-22,39,quantile,0.1,59.764410444771784
2025-11-01,2,wk inc flu hosp,2025-11-22,39,quantile,0.15,73.61574943988381
2025-11-01,2,wk inc flu hosp,2025-11-22,39,quantile,0.2,92.45499869435417
2025-11-01,2,wk inc flu hosp,2025-11-22,39,quantile,0.25,110.98789712072997
2025-11-01,2,wk inc flu hosp,2025-11-22,39,quantile,0.3,115.48996609830519
2025-11-01,2,wk inc flu hosp,2025-11-22,39,quantile,0.35,120.17302450063042
2025-11-01,2,wk inc flu hosp,2025-11-22,39,quantile,0.4,125.04434835391373
2025-11-01,2,wk inc flu hosp,2025-11-22,39,quantile,0.45,130.1115061907207
2025-11-01,2,wk inc flu hosp,2025-11-22,39,quantile,0.5,135.38237080913612
2025-11-01,2,wk inc flu hosp,2025-11-22,39,quantile,0.55,140.8651315046607
2025-11-01,2,wk inc flu hosp,2025-11-22,39,quantile,0.6,146.56830679384575
2025-11-01,2,wk inc flu hosp,2025-11-22,39,quantile,0.65,152.50075764943833
2025-11-01,2,wk inc flu hosp,2025-11-22,39,quantile,0.7,158.67170126759387
2025-11-01,2,wk inc flu hosp,2025-11-22,39,quantile,0.75,165.29611903335018
2025-11-01,2,wk inc flu hosp,2025-11-22,39,quantile,0.8,174.6961994003368
2025-11-01,2,wk inc flu hosp,2025-11-22,39,quantile,0.85,184.62763017657792
2025-11-01,2,wk inc flu hosp,2025-11-22,39,quantile,0.9,195.12044655819875
2025-11-01,2,wk inc flu hosp,2025-11-22,39,quantile,0.95,206.20638151550597
2025-11-01,2,wk inc flu hosp,2025-11-22,39,quantile,0.975,211.9821727557503
2025-11-01,2,wk inc flu hosp,2025-11-22,39,quantile,0.99,215.52464197689633
2025-09-20,2,wk inc flu hosp,2025-10-11,40,quantile,0.01,0.0
2025-09-20,2,wk inc flu hosp,2025-10-11,40,quantile,0.025,0.0
2025-09-20,2,wk inc flu hosp,2025-10-11,40,quantile,0.05,0.0
2025-09-20,2,wk inc flu hosp,2025-10-11,40,quantile,0.1,0.0
2025-09-20,2,wk inc flu hosp,2025-10-11,40,quantile,0.15,0.0
2025-09-20,2,wk inc flu hosp,2025-10-11,40,quantile,0.2,0.0
2025-09-20,2,wk inc flu hosp,2025-10-11,40,quantile,0.25,0.0
2025-09-20,2,wk inc flu hosp,2025-10-11,40,quantile,0.3,0.0
2025-09-20,2,wk inc flu hosp,2025-10-11,40,quantile,0.35,0.0
2025-09-20,2,wk inc flu hosp,2025-10-11,40,quantile,0.4,0.0
2025-09-20,2,wk inc flu hosp,2025-10-11,40,quantile,0.45,1.5734354863465407
2025-09-20,2,wk inc flu hosp,2025-10-11,40,quantile,0.5,7.856502829100242
2025-09-20,2,wk inc flu hosp,2025-10-11,40,quantile,0.55,14.13957017185395
2025-09-20,2,wk inc flu hosp,2025-10-11,40,quantile,0.6,20.523857985890228
2025-09-20,2,wk inc flu hosp,2025-10-11,40,quantile,0.65,27.12252614947863
2025-09-20,2,wk inc flu hosp,2025-10-11,40,quantile,0.7,34.076528464502275
2025-09-20,2,wk inc flu hosp,2025-10-11,40,quantile,0.75,41.58099033890433
2025-09-20,2,wk inc flu hosp,2025-10-11,40,quantile,0.8,49.93756450774596
2025-09-20,2,wk inc flu hosp,2025-10-11,40,quantile,0.85,59.67817230378974
2025-09-20,2,wk inc flu hosp,2025-10-11,40,quantile,0.9,71.93408110633025
2025-09-20,2,wk inc flu hosp,2025-10-11,40,quantile,0.95,90.09918417667384
2025-09-20,2,wk inc flu hosp,2025-10-11,40,quantile,0.975,105.85470205610294
2025-09-20,2,wk inc flu hosp,2025-10-11,40,quantile,0.99,124.17389653114228
2025-09-27,2,wk inc flu hosp,2025-10-18,40,quantile,0.01,0.0
2025-09-27,2,wk inc flu hosp,2025-10-18,40,quantile,0.025,0.0
2025-09-27,2,wk inc flu hosp,2025-10-18,40,quantile,0.05,0.0
2025-09-27,2,wk inc flu hosp,2025-10-18,40,quantile,0.1,0.0
2025-09-27,2,wk inc flu hosp,2025-10-18,40,quantile,0.15,0.0
2025-09-27,2,wk inc flu hosp,2025-10-18,40,quantile,0.2,0.0
2025-09-27,2,wk inc flu hosp,2025-10-18,40,quantile,0.25,0.0
2025-09-27,2,wk inc flu hosp,2025-10-18,40,quantile,0.3,0.0
2025-09-27,2,wk inc flu hosp,2025-10-18,40,quantile,0.35,5.269239261303639
2025-09-27,2,wk inc flu hosp,2025-10-18,40,quantile,0.4,11.86790742489204
2025-09-27,2,wk inc flu hosp,2025-10-18,40,quantile,0.45,18.252195238928326
2025-09-27,2,wk inc flu hosp,2025-10-18,40,quantile,0.5,24.535262581682026
2025-09-27,2,wk inc flu hosp,2025-10-18,40,quantile,0.55,30.818329924435734
2025-09-27,2,wk inc flu hosp,2025-10-18,40,quantile,0.6,37.202617738472014
2025-09-27,2,wk inc flu hosp,2025-10-18,40,quantile,0.65,43.801285902060414
2025-09-27,2,wk inc flu hosp,2025-10-18,40,quantile,0.7,50.75528821708406
2025-09-27,2,wk inc flu hosp,2025-10-18,40,quantile,0.75,58.25975009148611
2025-09-27,2,wk inc flu hosp,2025-10-18,40,quantile,0.8,66.61632426032774
2025-09-27,2,wk inc flu hosp,2025-10-18,40,quantile,0.85,76.35693205637152
2025-09-27,2,wk inc flu hosp,2025-10-18,40,quantile,0.9,88.61284085891205
2025-09-27,2,wk inc flu hosp,2025-10-18,40,quantile,0.95,106.77794392925563
2025-09-27,2,wk inc flu hosp,2025-10-18,40,quantile,0.975,122.53346180868473
2025-09-27,2,wk inc flu hosp,2025-10-18,40,quantile,0.99,140.85265628372406
2025-10-04,2,wk inc flu hosp,2025-10-25,40,quantile,0.01,0.0
2025-10-04,2,wk inc flu hosp,2025-10-25,40,quantile,0.025,0.0
2025-10-04,2,wk inc flu hosp,2025-10-25,40,quantile,0.05,0.0
2025-10-04,2,wk inc flu hosp,2025-10-25,40,quantile,0.1,0.0
2025-10-04,2,wk inc flu hosp,2025-10-25,40,quantile,0.15,0.0
2025-10-04,2,wk inc flu hosp,2025-10-25,40,quantile,0.2,0.0
2025-10-04,2,wk inc flu hosp,2025-10-25,40,quantile,0.25,0.0
2025-10-04,2,wk inc flu hosp,2025-10-25,40,quantile,0.3,0.0
2025-10-04,2,wk inc flu hosp,2025-10-25,40,quantile,0.35,0.0
2025-10-04,2,wk inc flu hosp,2025-10-25,40,quantile,0.4,0.0
2025-10-04,2,wk inc flu hosp,2025-10-25,40,quantile,0.45,4.848928720038331
2025-10-04,2,wk inc flu hosp,2025-10-25,40,quantile,0.5,11.131996062792032
2025-10-04,2,wk inc flu hosp,2025-10-25,40,quantile,0.55,17.41506340554574
2025-10-04,2,wk inc flu hosp,2025-10-25,40,quantile,0.6,23.799351219582018
2025-10-04,2,wk inc flu hosp,2025-10-25,40,quantile,0.65,30.39801938317042
2025-10-04,2,wk inc flu hosp,2025-10-25,40,quantile,0.7,37.352021698194065
2025-10-04,2,wk inc flu hosp,2025-10-25,40,quantile,0.75,44.85648357259612
2025-10-04,2,wk inc flu hosp,2025-10-25,40,quantile,0.8,53.21305774143775
2025-10-04,2,wk inc flu hosp,2025-10-25,40,quantile,0.85,62.95366553748153
2025-10-04,2,wk inc flu hosp,2025-10-25,40,quantile,0.9,75.20957434002204
2025-10-04,2,wk inc flu hosp,2025-10-25,40,quantile,0.95,93.37467741036563
2025-10-04,2,wk inc flu hosp,2025-10-25,40,quantile,0.975,109.13019528979473
2025-10-04,2,wk inc flu hosp,2025-10-25,40,quantile,0.99,127.44938976483407
2025-10-11,2,wk inc flu hosp,2025-11-01,40,quantile,0.01,0.0
2025-10-11,2,wk inc flu hosp,2025-11-01,40,quantile,0.025,0.0
2025-10-11,2,wk inc flu hosp,2025-11-01,40,quantile,0.05,0.0
2025-10-11,2,wk inc flu hosp,2025-11-01,40,quantile,0.1,0.0
2025-10-11,2,wk inc flu hosp,2025-11-01,40,quantile,0.15,0.0
2025-10-11,2,wk inc flu hosp,2025-11-01,40,quantile,0.2,0.0
2025-10-11,2,wk inc flu hosp,2025-11-01,40,quantile,0.25,0.0
2025-10-11,2,wk inc flu hosp,2025-11-01,40,quantile,0.3,0.0
2025-10-11,2,wk inc flu hosp,2025-11-01,40,quantile,0.35,0.0
2025-10-11,2,wk inc flu hosp,2025-11-01,40,quantile,0.4,0.0
2025-10-11,2,wk inc flu hosp,2025-11-01,40,quantile,0.45,0.9225903831919364
2025-10-11,2,wk inc flu hosp,2025-11-01,40,quantile,0.5,6.952233038651965
2025-10-11,2,wk inc flu hosp,2025-11-01,40,quantile,0.55,12.981875694111999
2025-10-11,2,wk inc flu hosp,2025-11-01,40,quantile,0.6,19.108656138800896
2025-10-11,2,wk inc flu hosp,2025-11-01,40,quantile,0.65,25.441169998338946
2025-10-11,2,wk inc flu hosp,2025-11-01,40,quantile,0.7,32.1146857665875
2025-10-11,2,wk inc flu hosp,2025-11-01,40,quantile,0.75,39.31645855617161
2025-10-11,2,wk inc flu hosp,2025-11-01,40,quantile,0.8,47.33597407514415
2025-10-11,2,wk inc flu hosp,2025-11-01,40,quantile,0.85,56.68369884923375
2025-10-11,2,wk inc flu hosp,2025-11-01,40,quantile,0.9,68.44527109824908
2025-10-11,2,wk inc flu hosp,2025-11-01,40,quantile,0.95,85.87769292961656
2025-10-11,2,wk inc flu hosp,2025-11-01,40,quantile,0.975,100.99771910190213
2025-10-11,2,wk inc flu hosp,2025-11-01,40,quantile,0.99,118.57801713065984
2025-10-18,2,wk inc flu hosp,2025-11-08,40,quantile,0.01,0.0
2025-10-18,2,wk inc flu hosp,2025-11-08,40,quantile,0.025,0.0
2025-10-18,2,wk inc flu hosp,2025-11-08,40,quantile,0.05,0.0
2025-10-18,2,wk inc flu hosp,2025-11-08,40,quantile,0.1,0.0
2025-10-18,2,wk inc flu hosp,2025-11-08,40,quantile,0.15,0.0
2025-10-18,2,wk inc flu hosp,2025-11-08,40,quantile,0.2,0.0
2025-10-18,2,wk inc flu hosp,2025-11-08,40,quantile,0.25,0.0
2025-10-18,2,wk inc flu hosp,2025-11-08,40,quantile,0.3,0.0
2025-10-18,2,wk inc flu hosp,2025-11-08,40,quantile,0.35,0.0
2025-10-18,2,wk inc flu hosp,2025-11-08,40,quantile,0.4,0.0
2025-10-18,2,wk inc flu hosp,2025-11-08,40,quantile,0.45,5.24460328405627
2025-10-18,2,wk inc flu hosp,2025-11-08,40,quantile,0.5,11.184720666617991
2025-10-18,2,wk inc flu hosp,2025-11-08,40,quantile,0.55,17.124838049179722
2025-10-18,2,wk inc flu hosp,2025-11-08,40,quantile,0.6,23.160650965170696
2025-10-18,2,wk inc flu hosp,2025-11-08,40,quantile,0.65,29.39914266389394
2025-10-18,2,wk inc flu hosp,2025-11-08,40,quantile,0.7,35.973573236803006
2025-10-18,2,wk inc flu hosp,2025-11-08,40,quantile,0.75,43.068417521468945
2025-10-18,2,wk inc flu hosp,2025-11-08,40,quantile,0.8,50.96886307952133
2025-10-18,2,wk inc flu hosp,2025-11-08,40,quantile,0.85,60.17779727194671
2025-10-18,2,wk inc flu hosp,2025-11-08,40,quantile,0.9,71.76473927743463
2025-10-18,2,wk inc flu hosp,2025-11-08,40,quantile,0.95,88.9383327816676
2025-10-18,2,wk inc flu hosp,2025-11-08,40,quantile,0.975,103.83386398026222
2025-10-18,2,wk inc flu hosp,2025-11-08,40,quantile,0.99,121.15313808627836
2025-10-25,2,wk inc flu hosp,2025-11-15,40,quantile,0.01,0.0
2025-10-25,2,wk inc flu hosp,2025-11-15,40,quantile,0.025,0.0
2025-10-25,2,wk inc flu hosp,2025-11-15,40,quantile,0.05,0.0
2025-10-25,2,wk inc flu hosp,2025-11-15,40,quantile,0.1,0.0
2025-10-25,2,wk inc flu hosp,2025-11-15,40,quantile,0.15,0.0
2025-10-25,2,wk inc flu hosp,2025-11-15,40,quantile,0.2,0.0
2025-10-25,2,wk inc flu hosp,2025-11-15,40,quantile,0.25,1.5762747840127567
2025-10-25,2,wk inc flu hosp,2025-11-15,40,quantile,0.3,7.984126326379659
2025-10-25,2,wk inc flu hosp,2025-11-15,40,quantile,0.35,13.92195574116337
2025-10-25,2,wk inc flu hosp,2025-11-15,40,quantile,0.4,19.55637519418864
2025-10-25,2,wk inc flu hosp,2025-11-15,40,quantile,0.45,25.007741221595676
2025-10-25,2,wk inc flu hosp,2025-11-15,40,quantile,0.5,30.37267790018563
2025-10-25,2,wk inc flu hosp,2025-11-15,40,quantile,0.55,35.73761457877559
2025-10-25,2,wk inc flu hosp,2025-11-15,40,quantile,0.6,41.18898060618262
2025-10-25,2,wk inc flu hosp,2025-11-15,40,quantile,0.65,46.823400059207884
2025-10-25,2,wk inc flu hosp,2025-11-15,40,quantile,0.7,52.76122947399159
2025-10-25,2,wk inc flu hosp,2025-11-15,40,quantile,0.75,59.169081016358504
2025-10-25,2,wk inc flu hosp,2025-11-15,40,quantile,0.8,66.3045275777393
2025-10-25,2,wk inc flu hosp,2025-11-15,40,quantile,0.85,74.62176200894805
2025-10-25,2,wk inc flu hosp,2025-11-15,40,quantile,0.9,85.08674210183781
2025-10-25,2,wk inc flu hosp,2025-11-15,40,quantile,0.95,100.59741903972679
2025-10-25,2,wk inc flu hosp,2025-11-15,40,quantile,0.975,114.05061811438176
2025-10-25,2,wk inc flu hosp,2025-11-15,40,quantile,0.99,129.69286942252816
2025-11-01,2,wk inc flu hosp,2025-11-22,40,quantile,0.01,0.6759314449981595
2025-11-01,2,wk inc flu hosp,2025-11-22,40,quantile,0.025,0.6759314449981595
2025-11-01,2,wk inc flu hosp,2025-11-22,40,quantile,0.05,0.6759314449981595
2025-11-01,2,wk inc flu hosp,2025-11-22,40,quantile,0.1,0.6759314449981595
2025-11-01,2,wk inc flu hosp,2025-11-22,40,quantile,0.15,0.6759314449981595
2025-11-01,2,wk inc flu hosp,2025-11-22,40,quantile,0.2,0.6759314449981595
2025-11-01,2,wk inc flu hosp,2025-11-22,40,quantile,0.25,0.6759314449981595
2025-11-01,2,wk inc flu hosp,2025-11-22,40,quantile,0.3,0.6759314449981595
2025-11-01,2,wk inc flu hosp,2025-11-22,40,quantile,0.35,0.6759314449981595
2025-11-01,2,wk inc flu hosp,2025-11-22,40,quantile,0.4,0.6759314449981595
2025-11-01,2,wk inc flu hosp,2025-11-22,40,quantile,0.45,0.6759314449981595
2025-11-01,2,wk inc flu hosp,2025-11-22,40,quantile,0.5,0.6759314449981595
2025-11-01,2,wk inc flu hosp,2025-11-22,40,quantile,0.55,2.93264613592035
2025-11-01,2,wk inc flu hosp,2025-11-22,40,quantile,0.6,5.3986475051790395
2025-11-01,2,wk inc flu hosp,2025-11-22,40,quantile,0.65,5.961432619059602
2025-11-01,2,wk inc flu hosp,2025-11-22,40,quantile,0.7,6.573716800383588
2025-11-01,2,wk inc flu hosp,2025-11-22,40,quantile,0.75,7.239853678302408
2025-11-01,2,wk inc flu hosp,2025-11-22,40,quantile,0.8,7.9645798000256605
2025-11-01,2,wk inc flu hosp,2025-11-22,40,quantile,0.85,8.134903601905695
2025-11-01,2,wk inc flu hosp,2025-11-22,40,quantile,0.9,8.233070787416548
2025-11-01,2,wk inc flu hosp,2025-11-22,40,quantile,0.95,8.390373680078945
2025-11-01,2,wk inc flu hosp,2025-11-22,40,quantile,0.975,8.470027273405748
2025-11-01,2,wk inc flu hosp,2025-11-22,40,quantile,0.99,8.518143380232473
2025-09-20,2,wk inc flu hosp,2025-10-11,41,quantile,0.01,0.0
2025-09-20,2,wk inc flu hosp,2025-10-11,41,quantile,0.025,0.0
2025-09-20,2,wk inc flu hosp,2025-10-11,41,quantile,0.05,0.0
2025-09-20,2,wk inc flu hosp,2025-10-11,41,quantile,0.1,0.0
2025-09-20,2,wk inc flu hosp,2025-10-11,41,quantile,0.15,0.0
2025-09-20,2,wk inc flu hosp,2025-10-11,41,quantile,0.2,0.0
2025-09-20,2,wk inc flu hosp,2025-10-11,41,quantile,0.25,0.0
2025-09-20,2,wk inc flu hosp,2025-10-11,41,quantile,0.3,0.0
2025-09-20,2,wk inc flu hosp,2025-10-11,41,quantile,0.35,0.0
2025-09-20,2,wk inc flu hosp,2025-10-11,41,quantile,0.4,0.0
2025-09-20,2,wk inc flu hosp,2025-10-11,41,quantile,0.45,0.0
2025-09-20,2,wk inc flu hosp,2025-10-11,41,quantile,0.5,0.5555555555555556
2025-09-20,2,wk inc flu hosp,2025-10-11,41,quantile,0.55,5.067950480827684
2025-09-20,2,wk inc flu hosp,2025-10-11,41,quantile,0.6,9.65304027248158
2025-09-20,2,wk inc flu hosp,2025-10-11,41,quantile,0.65,14.392094481294354
2025-09-20,2,wk inc flu hosp,2025-10-11,41,quantile,0.7,19.38634379374731
2025-09-20,2,wk inc flu hosp,2025-10-11,41,quantile,0.75,24.77592404677523
2025-09-20,2,wk inc flu hosp,2025-10-11,41,quantile,0.8,30.77747723968031
2025-09-20,2,wk inc flu hosp,2025-10-11,41,quantile,0.85,37.773020465653495
2025-09-20,2,wk inc flu hosp,2025-10-11,41,quantile,0.9,46.57501122403104
2025-09-20,2,wk inc flu hosp,2025-10-11,41,quantile,0.95,59.6208874561548
2025-09-20,2,wk inc flu hosp,2025-10-11,41,quantile,0.975,70.93623950409433
2025-09-20,2,wk inc flu hosp,2025-10-11,41,quantile,0.99,84.09278163149598
2025-09-27,2,wk inc flu hosp,2025-10-18,41,quantile,0.01,0.0
2025-09-27,2,wk inc flu hosp,2025-10-18,41,quantile,0.025,0.0
2025-09-27,2,wk inc flu hosp,2025-10-18,41,quantile,0.05,0.0
2025-09-27,2,wk inc flu hosp,2025-10-18,41,quantile,0.1,0.0
2025-09-27,2,wk inc flu hosp,2025-10-18,41,quantile,0.15,0.0
2025-09-27,2,wk inc flu hosp,2025-10-18,41,quantile,0.2,0.0
2025-09-27,2,wk inc flu hosp,2025-10-18,41,quantile,0.25,0.0
2025-09-27,2,wk inc flu hosp,2025-10-18,41,quantile,0.3,0.0
2025-09-27,2,wk inc flu hosp,2025-10-18,41,quantile,0.35,0.0
2025-09-27,2,wk inc flu hosp,2025-10-18,41,quantile,0.4,0.0
2025-09-27,2,wk inc flu hosp,2025-10-18,41,quantile,0.45,0.0
2025-09-27,2,wk inc flu hosp,2025-10-18,41,quantile,0.5,3.7159050692709847
2025-09-27,2,wk inc flu hosp,2025-10-18,41,quantile,0.55,7.485659669483882
2025-09-27,2,wk inc flu hosp,2025-10-18,41,quantile,0.6,11.316145170137194
2025-09-27,2,wk inc flu hosp,2025-10-18,41,quantile,0.65,15.27525595281162
2025-09-27,2,wk inc flu hosp,2025-10-18,41,quantile,0.7,19.44756237368506
2025-09-27,2,wk inc flu hosp,2025-10-18,41,quantile,0.75,23.950137012770604
2025-09-27,2,wk inc flu hosp,2025-10-18,41,quantile,0.8,28.96396739154932
2025-09-27,2,wk inc flu hosp,2025-10-18,41,quantile,0.85,34.808199045433255
2025-09-27,2,wk inc flu hosp,2025-10-18,41,quantile,0.9,42.16157695271474
2025-09-27,2,wk inc flu hosp,2025-10-18,41,quantile,0.95,53.06039072107983
2025-09-27,2,wk inc flu hosp,2025-10-18,41,quantile,0.975,62.51348628167641
2025-09-27,2,wk inc flu hosp,2025-10-18,41,quantile,0.99,73.50475278849177
2025-10-04,2,wk inc flu hosp,2025-10-25,41,quantile,0.01,0.0
2025-10-04,2,wk inc flu hosp,2025-10-25,41,quantile,0.025,0.0
2025-10-04,2,wk inc flu hosp,2025-10-25,41,quantile,0.05,0.0
2025-10-04,2,wk inc flu hosp,2025-10-25,41,quantile,0.1,0.0
2025-10-04,2,wk inc flu hosp,2025-10-25,41,quantile,0.15,0.0
2025-10-04,2,wk inc flu hosp,2025-10-25,41,quantile,0.2,0.0
2025-10-04,2,wk inc flu hosp,2025-10-25,41,quantile,0.25,0.0
2025-10-04,2,wk inc flu hosp,2025-10-25,41,quantile,0.3,0.0
2025-10-04,2,wk inc flu hosp,2025-10-25,41,quantile,0.35,0.0
2025-10-04,2,wk inc flu hosp,2025-10-25,41,quantile,0.4,0.0
2025-10-04,2,wk inc flu hosp,2025-10-25,41,quantile,0.45,0.0
2025-10-04,2,wk inc flu hosp,2025-10-25,41,quantile,0.5,2.6543907522831356
2025-10-04,2,wk inc flu hosp,2025-10-25,41,quantile,0.55,6.665999487880395
2025-10-04,2,wk inc flu hosp,2025-10-25,41,quantile,0.6,10.742235403908364
2025-10-04,2,wk inc flu hosp,2025-10-25,41,quantile,0.65,14.955348745577094
2025-10-04,2,wk inc flu hosp,2025-10-25,41,quantile,0.7,19.395335604302375
2025-10-04,2,wk inc flu hosp,2025-10-25,41,quantile,0.75,24.18677952317554
2025-10-04,2,wk inc flu hosp,2025-10-25,41,quantile,0.8,29.522279543568303
2025-10-04,2,wk inc flu hosp,2025-10-25,41,quantile,0.85,35.74145645080008
2025-10-04,2,wk inc flu hosp,2025-10-25,41,quantile,0.9,43.56660110274436
2025-10-04,2,wk inc flu hosp,2025-10-25,41,quantile,0.95,55.164644253444905
2025-10-04,2,wk inc flu hosp,2025-10-25,41,quantile,0.975,65.2242170243577
2025-10-04,2,wk inc flu hosp,2025-10-25,41,quantile,0.99,76.92064435454199
2025-10-11,2,wk inc flu hosp,2025-11-01,41,quantile,0.01,0.0
2025-10-11,2,wk inc flu hosp,2025-11-01,41,quantile,0.025,0.0
2025-10-11,2,wk inc flu hosp,2025-11-01,41,quantile,0.05,0.0
2025-10-11,2,wk inc flu hosp,2025-11-01,41,quantile,0.1,0.0
2025-10-11,2,wk inc flu hosp,2025-11-01,41,quantile,0.15,0.0
2025-10-11,2,wk inc flu hosp,2025-11-01,41,quantile,0.2,0.0
2025-10-11,2,wk inc flu hosp,2025-11-01,41,quantile,0.25,0.0
2025-10-11,2,wk inc flu hosp,2025-11-01,41,quantile,0.3,0.0
2025-10-11,2,wk inc flu hosp,2025-11-01,41,quantile,0.35,0.0
2025-10-11,2,wk inc flu hosp,2025-11-01,41,quantile,0.4,0.0
2025-10-11,2,wk inc flu hosp,2025-11-01,41,quantile,0.45,1.133493791970193
2025-10-11,2,wk inc flu hosp,2025-11-01,41,quantile,0.5,5.417001988796317
2025-10-11,2,wk inc flu hosp,2025-11-01,41,quantile,0.55,9.700510185622445
2025-10-11,2,wk inc flu hosp,2025-11-01,41,quantile,0.6,14.05302587429498
2025-10-11,2,wk inc flu hosp,2025-11-01,41,quantile,0.65,18.55169628874871
2025-10-11,2,wk inc flu hosp,2025-11-01,41,quantile,0.7,23.29261728993864
2025-10-11,2,wk inc flu hosp,2025-11-01,41,quantile,0.75,28.40881646435046
2025-10-11,2,wk inc flu hosp,2025-11-01,41,quantile,0.8,34.10594686211735
2025-10-11,2,wk inc flu hosp,2025-11-01,41,quantile,0.85,40.746648140696266
2025-10-11,2,wk inc flu hosp,2025-11-01,41,quantile,0.9,49.102166703740544
2025-10-11,2,wk inc flu hosp,2025-11-01,41,quantile,0.95,61.48630388599553
2025-10-11,2,wk inc flu hosp,2025-11-01,41,quantile,0.975,72.22769599595125
2025-10-11,2,wk inc flu hosp,2025-11-01,41,quantile,0.99,84.71688565640957
2025-10-18,2,wk inc flu hosp,2025-11-08,41,quantile,0.01,0.0
2025-10-18,2,wk inc flu hosp,2025-11-08,41,quantile,0.025,0.0
2025-10-18,2,wk inc flu hosp,2025-11-08,41,quantile,0.05,0.0
2025-10-18,2,wk inc flu hosp,2025-11-08,41,quantile,0.1,0.0
2025-10-18,2,wk inc flu hosp,2025-11-08,41,quantile,0.15,0.0
2025-10-18,2,wk inc flu hosp,2025-11-08,41,quantile,0.2,0.0
2025-10-18,2,wk inc flu hosp,2025-11-08,41,quantile,0.25,0.0
2025-10-18,2,wk inc flu hosp,2025-11-08,41,quantile,0.3,0.0
2025-10-18,2,wk inc flu hosp,2025-11-08,41,quantile,0.35,0.0
2025-10-18,2,wk inc flu hosp,2025-11-08,41,quantile,0.4,0.0
2025-10-18,2,wk inc flu hosp,2025-11-08,41,quantile,0.45,0.0
2025-10-18,2,wk inc flu hosp,2025-11-08,41,quantile,0.5,3.957592514468208
2025-10-18,2,wk inc flu hosp,2025-11-08,41,quantile,0.55,8.09528131787726
2025-10-18,2,wk inc flu hosp,2025-11-08,41,quantile,0.6,12.29962845675437
2025-10-18,2,wk inc flu hosp,2025-11-08,41,quantile,0.65,16.645154915161733
2025-10-18,2,wk inc flu hosp,2025-11-08,41,quantile,0.7,21.224685254103363
2025-10-18,2,wk inc flu hosp,2025-11-08,41,quantile,0.75,26.166718528525433
2025-10-18,2,wk inc flu hosp,2025-11-08,41,quantile,0.8,31.669906937472064
2025-10-18,2,wk inc flu hosp,2025-11-08,41,quantile,0.85,38.08454514162431
2025-10-18,2,wk inc flu hosp,2025-11-08,41,quantile,0.9,46.15562473722339
2025-10-18,2,wk inc flu hosp,2025-11-08,41,quantile,0.95,58.118180521957456
2025-10-18,2,wk inc flu hosp,2025-11-08,41,quantile,0.975,68.49391364167492
2025-10-18,2,wk inc flu hosp,2025-11-08,41,quantile,0.99,80.55794570306333
2025-10-25,2,wk inc flu hosp,2025-11-15,41,quantile,0.01,0.0
2025-10-25,2,wk inc flu hosp,2025-11-15,41,quantile,0.025,0.0
2025-10-25,2,wk inc flu hosp,2025-11-15,41,quantile,0.05,0.0
2025-10-25,2,wk inc flu hosp,2025-11-15,41,quantile,0.1,0.0
2025-10-25,2,wk inc flu hosp,2025-11-15,41,quantile,0.15,0.0
2025-10-25,2,wk inc flu hosp,2025-11-15,41,quantile,0.2,0.0
2025-10-25,2,wk inc flu hosp,2025-11-15,41,quantile,0.25,0.0
2025-10-25,2,wk inc flu hosp,2025-11-15,41,quantile,0.3,0.0
2025-10-25,2,wk inc flu hosp,2025-11-15,41,quantile,0.35,0.0
2025-10-25,2,wk inc flu hosp,2025-11-15,41,quantile,0.4,0.19732128548846628
2025-10-25,2,wk inc flu hosp,2025-11-15,41,quantile,0.45,3.858284782853357
2025-10-25,2,wk inc flu hosp,2025-11-15,41,quantile,0.5,7.461205087093887
2025-10-25,2,wk inc flu hosp,2025-11-15,41,quantile,0.55,11.064125391334422
2025-10-25,2,wk inc flu hosp,2025-11-15,41,quantile,0.6,14.725088888699307
2025-10-25,2,wk inc flu hosp,2025-11-15,41,quantile,0.65,18.508985226362704
2025-10-25,2,wk inc flu hosp,2025-11-15,41,quantile,0.7,22.496642014003235
2025-10-25,2,wk inc flu hosp,2025-11-15,41,quantile,0.75,26.799950666402953
2025-10-25,2,wk inc flu hosp,2025-11-15,41,quantile,0.8,31.591888919545386
2025-10-25,2,wk inc flu hosp,2025-11-15,41,quantile,0.85,37.17747820094702
2025-10-25,2,wk inc flu hosp,2025-11-15,41,quantile,0.9,44.205424944589694
2025-10-25,2,wk inc flu hosp,2025-11-15,41,quantile,0.95,54.621900705627624
2025-10-25,2,wk inc flu hosp,2025-11-15,41,quantile,0.975,63.656639977853985
2025-10-25,2,wk inc flu hosp,2025-11-15,41,quantile,0.99,74.16147688805698
2025-11-01,2,wk inc flu hosp,2025-11-22,41,quantile,0.01,9.88338329391264
2025-11-01,2,wk inc flu hosp,2025-11-22,41,quantile,0.025,9.88338329391264
2025-11-01,2,wk inc flu hosp,2025-11-22,41,quantile,0.05,9.88338329391264
2025-11-01,2,wk inc flu hosp,2025-11-22,41,quantile,0.1,9.88338329391264
2025-11-01,2,wk inc flu hosp,2025-11-22,41,quantile,0.15,14.529286048219406
2025-11-01,2,wk inc flu hosp,2025-11-22,41,quantile,0.2,17.045490497491365
2025-11-01,2,wk inc flu hosp,2025-11-22,41,quantile,0.25,17.38371069556871
2025-11-01,2,wk inc flu hosp,2025-11-22,41,quantile,0.3,17.728270034297463
2025-11-01,2,wk inc flu hosp,2025-11-22,41,quantile,0.35,18.079287325931993
2025-11-01,2,wk inc flu hosp,2025-11-22,41,quantile,0.4,18.43688360958237
2025-11-01,2,wk inc flu hosp,2025-11-22,41,quantile,0.45,18.80118219295161
2025-11-01,2,wk inc flu hosp,2025-11-22,41,quantile,0.5,19.172308694855037
2025-11-01,2,wk inc flu hosp,2025-11-22,41,quantile,0.55,19.5503910885367
2025-11-01,2,wk inc flu hosp,2025-11-22,41,quantile,0.6,19.935559745797516
2025-11-01,2,wk inc flu hosp,2025-11-22,41,quantile,0.65,20.32794748195065
2025-11-01,2,wk inc flu hosp,2025-11-22,41,quantile,0.7,23.094476003655718
2025-11-01,2,wk inc flu hosp,2025-11-22,41,quantile,0.75,25.863509784218564
2025-11-01,2,wk inc flu hosp,2025-11-22,41,quantile,0.8,26.138249614637193
2025-11-01,2,wk inc flu hosp,2025-11-22,41,quantile,0.85,26.415799277986245
2025-11-01,2,wk inc flu hosp,2025-11-22,41,quantile,0.9,26.696187511129555
2025-11-01,2,wk inc flu hosp,2025-11-22,41,quantile,0.95,26.979443344830038
2025-11-01,2,wk inc flu hosp,2025-11-22,41,quantile,0.975,27.12215576510475
2025-11-01,2,wk inc flu hosp,2025-11-22,41,quantile,0.99,34.81160542602727
2025-09-20,2,wk inc flu hosp,2025-10-11,42,quantile,0.01,0.0
2025-09-20,2,wk inc flu hosp,2025-10-11,42,quantile,0.025,0.0
2025-09-20,2,wk inc flu hosp,2025-10-11,42,quantile,0.05,11.390092602956145
2025-09-20,2,wk inc flu hosp,2025-10-11,42,quantile,0.1,38.862247105197426
2025-09-20,2,wk inc flu hosp,2025-10-11,42,quantile,0.15,57.39757932351348
2025-09-20,2,wk inc flu hosp,2025-10-11,42,quantile,0.2,72.12887378864248
2025-09-20,2,wk inc flu hosp,2025-10-11,42,quantile,0.25,84.76701274039206
2025-09-20,2,wk inc flu hosp,2025-10-11,42,quantile,0.3,96.11645211716802
2025-09-20,2,wk inc flu hosp,2025-10-11,42,quantile,0.35,106.63339910433751
2025-09-20,2,wk inc flu hosp,2025-10-11,42,quantile,0.4,116.61295334067316
2025-09-20,2,wk inc flu hosp,2025-10-11,42,quantile,0.45,126.26828755676814
2025-09-20,2,wk inc flu hosp,2025-10-11,42,quantile,0.5,135.77054009669007
2025-09-20,2,wk inc flu hosp,2025-10-11,42,quantile,0.55,145.272792636612
2025-09-20,2,wk inc flu hosp,2025-10-11,42,quantile,0.6,154.92812685270698
2025-09-20,2,wk inc flu hosp,2025-10-11,42,quantile,0.65,164.90768108904263
2025-09-20,2,wk inc flu hosp,2025-10-11,42,quantile,0.7,175.4246280762121
2025-09-20,2,wk inc flu hosp,2025-10-11,42,quantile,0.75,186.77406745298808
2025-09-20,2,wk inc flu hosp,2025-10-11,42,quantile,0.8,199.41220640473767
2025-09-20,2,wk inc flu hosp,2025-10-11,42,quantile,0.85,214.14350086986667
2025-09-20,2,wk inc flu hosp,2025-10-11,42,quantile,0.9,232.67883308818273
2025-09-20,2,wk inc flu hosp,2025-10-11,42,quantile,0.95,260.15098759042394
2025-09-20,2,wk inc flu hosp,2025-10-11,42,quantile,0.975,283.97898458941444
2025-09-20,2,wk inc flu hosp,2025-10-11,42,quantile,0.99,311.68418059221176
2025-09-27,2,wk inc flu hosp,2025-10-18,42,quantile,0.01,0.0
2025-09-27,2,wk inc flu hosp,2025-10-18,42,quantile,0.025,0.0
2025-09-27,2,wk inc flu hosp,2025-10-18,42,quantile,0.05,0.0
2025-09-27,2,wk inc flu hosp,2025-10-18,42,quantile,0.1,0.0
2025-09-27,2,wk inc flu hosp,2025-10-18,42,quantile,0.15,22.452817871231616
2025-09-27,2,wk inc flu hosp,2025-10-18,42,quantile,0.2,42.21828067675216
2025-09-27,2,wk inc flu hosp,2025-10-18,42,quantile,0.25,59.175287813709105
2025-09-27,2,wk inc flu hosp,2025-10-18,42,quantile,0.3,74.40320430103401
2025-09-27,2,wk inc flu hosp,2025-10-18,42,quantile,0.35,88.51413833976306
2025-09-27,2,wk inc flu hosp,2025-10-18,42,quantile,0.4,101.9040348312687
2025-09-27,2,wk inc flu hosp,2025-10-18,42,quantile,0.45,114.85891464681005
2025-09-27,2,wk inc flu hosp,2025-10-18,42,quantile,0.5,127.60839973728037
2025-09-27,2,wk inc flu hosp,2025-10-18,42,quantile,0.55,140.3578848277507
2025-09-27,2,wk inc flu hosp,2025-10-18,42,quantile,0.6,153.312764643292
2025-09-27,2,wk inc flu hosp,2025-10-18,42,quantile,0.65,166.70266113479767
2025-09-27,2,wk inc flu hosp,2025-10-18,42,quantile,0.7,180.8135951735267
2025-09-27,2,wk inc flu hosp,2025-10-18,42,quantile,0.75,196.04151166085163
2025-09-27,2,wk inc flu hosp,2025-10-18,42,quantile,0.8,212.99851879780857
2025-09-27,2,wk inc flu hosp,2025-10-18,42,quantile,0.85,232.7639816033291
2025-09-27,2,wk inc flu hosp,2025-10-18,42,quantile,0.9,257.6334471086393
2025-09-27,2,wk inc flu hosp,2025-10-18,42,quantile,0.95,294.4937413133963
2025-09-27,2,wk inc flu hosp,2025-10-18,42,quantile,0.975,326.464549413693
2025-09-27,2,wk inc flu hosp,2025-10-18,42,quantile,0.99,363.63752307253924
2025-10-04,2,wk inc flu hosp,2025-10-25,42,quantile,0.01,0.0
2025-10-04,2,wk inc flu hosp,2025-10-25,42,quantile,0.025,0.0
2025-10-04,2,wk inc flu hosp,2025-10-25,42,quantile,0.05,0.0
2025-10-04,2,wk inc flu hosp,2025-10-25,42,quantile,0.1,0.0
2025-10-04,2,wk inc flu hosp,2025-10-25,42,quantile,0.15,0.0
2025-10-04,2,wk inc flu hosp,2025-10-25,42,quantile,0.2,17.32445469283786
2025-10-04,2,wk inc flu hosp,2025-10-25,42,quantile,0.25,33.88467246976977
2025-10-04,2,wk inc flu hosp,2025-10-25,42,quantile,0.3,48.75625984850146
2025-10-04,2,wk inc flu hosp,2025-10-25,42,quantile,0.35,62.53700186446608
2025-10-04,2,wk inc flu hosp,2025-10-25,42,quantile,0.4,75.61357841591656
2025-10-04,2,wk inc flu hosp,2025-10-25,42,quantile,0.45,88.26531756343242
2025-10-04,2,wk inc flu hosp,2025-10-25,42,quantile,0.5,100.71646816664106
2025-10-04,2,wk inc flu hosp,2025-10-25,42,quantile,0.55,113.16761876984972
2025-10-04,2,wk inc flu hosp,2025-10-25,42,quantile,0.6,125.81935791736556
2025-10-04,2,wk inc flu hosp,2025-10-25,42,quantile,0.65,138.89593446881605
2025-10-04,2,wk inc flu hosp,2025-10-25,42,quantile,0.7,152.67667648478064
2025-10-04,2,wk inc flu hosp,2025-10-25,42,quantile,0.75,167.54826386351237
2025-10-04,2,wk inc flu hosp,2025-10-25,42,quantile,0.8,184.10848164044427
2025-10-04,2,wk inc flu hosp,2025-10-25,42,quantile,0.85,203.4114379863132
2025-10-04,2,wk inc flu hosp,2025-10-25,42,quantile,0.9,227.69896475548228
2025-10-04,2,wk inc flu hosp,2025-10-25,42,quantile,0.95,263.6967380902702
2025-10-04,2,wk inc flu hosp,2025-10-25,42,quantile,0.975,294.91943796703765
2025-10-04,2,wk inc flu hosp,2025-10-25,42,quantile,0.99,331.2225741416397
2025-10-11,2,wk inc flu hosp,2025-11-01,42,quantile,0.01,0.0
2025-10-11,2,wk inc flu hosp,2025-11-01,42,quantile,0.025,0.0
2025-10-11,2,wk inc flu hosp,2025-11-01,42,quantile,0.05,0.0
2025-10-11,2,wk inc flu hosp,2025-11-01,42,quantile,0.1,0.0
2025-10-11,2,wk inc flu hosp,2025-11-01,42,quantile,0.15,6.004248082918949
2025-10-11,2,wk inc flu hosp,2025-11-01,42,quantile,0.2,28.254723703193534
2025-10-11,2,wk inc flu hosp,2025-11-01,42,quantile,0.25,47.343650565472785
2025-10-11,2,wk inc flu hosp,2025-11-01,42,quantile,0.3,64.48609685588619
2025-10-11,2,wk inc flu hosp,2025-11-01,42,quantile,0.35,80.37112807915457
2025-10-11,2,wk inc flu hosp,2025-11-01,42,quantile,0.4,95.44446930944609
2025-10-11,2,wk inc flu hosp,2025-11-01,42,quantile,0.45,110.02810139211002
2025-10-11,2,wk inc flu hosp,2025-11-01,42,quantile,0.5,124.38051549785666
2025-10-11,2,wk inc flu hosp,2025-11-01,42,quantile,0.55,138.73292960360334
2025-10-11,2,wk inc flu hosp,2025-11-01,42,quantile,0.6,153.31656168626725
2025-10-11,2,wk inc flu hosp,2025-11-01,42,quantile,0.65,168.38990291655875
2025-10-11,2,wk inc flu hosp,2025-11-01,42,quantile,0.7,184.2749341398271
2025-10-11,2,wk inc flu hosp,2025-11-01,42,quantile,0.75,201.41738043024054
2025-10-11,2,wk inc flu hosp,2025-11-01,42,quantile,0.8,220.5063072925198
2025-10-11,2,wk inc flu hosp,2025-11-01,42,quantile,0.85,242.7567829127944
2025-10-11,2,wk inc flu hosp,2025-11-01,42,quantile,0.9,270.7529619732012
2025-10-11,2,wk inc flu hosp,2025-11-01,42,quantile,0.95,312.24751667343423
2025-10-11,2,wk inc flu hosp,2025-11-01,42,quantile,0.975,348.2378546278505
2025-10-11,2,wk inc flu hosp,2025-11-01,42,quantile,0.99,390.08440040659394
2025-10-18,2,wk inc flu hosp,2025-11-08,42,quantile,0.01,0.0
2025-10-18,2,wk inc flu hosp,2025-11-08,42,quantile,0.025,0.0
2025-10-18,2,wk inc flu hosp,2025-11-08,42,quantile,0.05,0.0
2025-10-18,2,wk inc flu hosp,2025-11-08,42,quantile,0.1,0.0
2025-10-18,2,wk inc flu hosp,2025-11-08,42,quantile,0.15,0.0
2025-10-18,2,wk inc flu hosp,2025-11-08,42,quantile,0.2,14.267510203923024
2025-10-18,2,wk inc flu hosp,2025-11-08,42,quantile,0.25,29.323506650097798
2025-10-18,2,wk inc flu hosp,2025-11-08,42,quantile,0.3,42.844256783894956
2025-10-18,2,wk inc flu hosp,2025-11-08,42,quantile,0.35,55.37324677743445
2025-10-18,2,wk inc flu hosp,2025-11-08,42,quantile,0.4,67.26203306870066
2025-10-18,2,wk inc flu hosp,2025-11-08,42,quantile,0.45,78.76457139330354
2025-10-18,2,wk inc flu hosp,2025-11-08,42,quantile,0.5,90.0847413184739
2025-10-18,2,wk inc flu hosp,2025-11-08,42,quantile,0.55,101.40491124364428
2025-10-18,2,wk inc flu hosp,2025-11-08,42,quantile,0.6,112.90744956824715
2025-10-18,2,wk inc flu hosp,2025-11-08,42,quantile,0.65,124.79623585951336
2025-10-18,2,wk inc flu hosp,2025-11-08,42,quantile,0.7,137.32522585305284
2025-10-18,2,wk inc flu hosp,2025-11-08,42,quantile,0.75,150.84597598685002
2025-10-18,2,wk inc flu hosp,2025-11-08,42,quantile,0.8,165.9019724330248
2025-10-18,2,wk inc flu hosp,2025-11-08,42,quantile,0.85,183.45157510485106
2025-10-18,2,wk inc flu hosp,2025-11-08,42,quantile,0.9,205.53298258684447
2025-10-18,2,wk inc flu hosp,2025-11-08,42,quantile,0.95,238.26095480915086
2025-10-18,2,wk inc flu hosp,2025-11-08,42,quantile,0.975,266.64758985929006
2025-10-18,2,wk inc flu hosp,2025-11-08,42,quantile,0.99,299.6531877682247
2025-10-25,2,wk inc flu hosp,2025-11-15,42,quantile,0.01,0.0
2025-10-25,2,wk inc flu hosp,2025-11-15,42,quantile,0.025,0.0
2025-10-25,2,wk inc flu hosp,2025-11-15,42,quantile,0.05,7.0614202564866275
2025-10-25,2,wk inc flu hosp,2025-11-15,42,quantile,0.1,34.593309276591214
2025-10-25,2,wk inc flu hosp,2025-11-15,42,quantile,0.15,53.16894409051939
2025-10-25,2,wk inc flu hosp,2025-11-15,42,quantile,0.2,67.93226978102261
2025-10-25,2,wk inc flu hosp,2025-11-15,42,quantile,0.25,80.59788867202889
2025-10-25,2,wk inc flu hosp,2025-11-15,42,quantile,0.3,91.9720058835606
2025-10-25,2,wk inc flu hosp,2025-11-15,42,quantile,0.35,102.51182056236385
2025-10-25,2,wk inc flu hosp,2025-11-15,42,quantile,0.4,112.5130740018235
2025-10-25,2,wk inc flu hosp,2025-11-15,42,quantile,0.45,122.1894024480638
2025-10-25,2,wk inc flu hosp,2025-11-15,42,quantile,0.5,131.7123163625438
2025-10-25,2,wk inc flu hosp,2025-11-15,42,quantile,0.55,141.2352302770238
2025-10-25,2,wk inc flu hosp,2025-11-15,42,quantile,0.6,150.91155872326408
2025-10-25,2,wk inc flu hosp,2025-11-15,42,quantile,0.65,160.91281216272372
2025-10-25,2,wk inc flu hosp,2025-11-15,42,quantile,0.7,171.45262684152695
2025-10-25,2,wk inc flu hosp,2025-11-15,42,quantile,0.75,182.8267440530587
2025-10-25,2,wk inc flu hosp,2025-11-15,42,quantile,0.8,195.49236294406498
2025-10-25,2,wk inc flu hosp,2025-11-15,42,quantile,0.85,210.25568863456817
2025-10-25,2,wk inc flu hosp,2025-11-15,42,quantile,0.9,228.83132344849636
2025-10-25,2,wk inc flu hosp,2025-11-15,42,quantile,0.95,256.3632124686009
2025-10-25,2,wk inc flu hosp,2025-11-15,42,quantile,0.975,280.2430202533915
2025-10-25,2,wk inc flu hosp,2025-11-15,42,quantile,0.99,308.0084574915604
2025-11-01,2,wk inc flu hosp,2025-11-22,42,quantile,0.01,93.09592236960586
2025-11-01,2,wk inc flu hosp,2025-11-22,42,quantile,0.025,93.09592236960586
2025-11-01,2,wk inc flu hosp,2025-11-22,42,quantile,0.05,100.25365510386764
2025-11-01,2,wk inc flu hosp,2025-11-22,42,quantile,0.1,103.08918855379476
2025-11-01,2,wk inc flu hosp,2025-11-22,42,quantile,0.15,106.00412901315187
2025-11-01,2,wk inc flu hosp,2025-11-22,42,quantile,0.2,107.64359339877355
2025-11-01,2,wk inc flu hosp,2025-11-22,42,quantile,0.25,107.98954951769448
2025-11-01,2,wk inc flu hosp,2025-11-22,42,quantile,0.3,108.33660727208684
2025-11-01,2,wk inc flu hosp,2025-11-22,42,quantile,0.35,108.68477016991191
2025-11-01,2,wk inc flu hosp,2025-11-22,42,quantile,0.4,109.03404173030157
2025-11-01,2,wk inc flu hosp,2025-11-22,42,quantile,0.45,109.38442548359365
2025-11-01,2,wk inc flu hosp,2025-11-22,42,quantile,0.5,109.735924971368
2025-11-01,2,wk inc flu hosp,2025-11-22,42,quantile,0.55,110.08854374648169
2025-11-01,2,wk inc flu hosp,2025-11-22,42,quantile,0.6,110.44228537310526
2025-11-01,2,wk inc flu hosp,2025-11-22,42,quantile,0.65,110.79715342675901
2025-11-01,2,wk inc flu hosp,2025-11-22,42,quantile,0.7,112.99262271094952
2025-11-01,2,wk inc flu hosp,2025-11-22,42,quantile,0.75,118.80910649499347
2025-11-01,2,wk inc flu hosp,2025-11-22,42,quantile,0.8,124.92237688509542
2025-11-01,2,wk inc flu hosp,2025-11-22,42,quantile,0.85,131.3475774444125
2025-11-01,2,wk inc flu hosp,2025-11-22,42,quantile,0.9,138.10062443776837
2025-11-01,2,wk inc flu hosp,2025-11-22,42,quantile,0.95,144.59545059704922
2025-11-01,2,wk inc flu hosp,2025-11-22,42,quantile,0.975,147.12538986474715
2025-11-01,2,wk inc flu hosp,2025-11-22,42,quantile,0.99,148.66440634523562
2025-09-20,2,wk inc flu hosp,2025-10-11,72,quantile,0.01,54.64980206117772
2025-09-20,2,wk inc flu hosp,2025-10-11,72,quantile,0.025,56.02731000567668
2025-09-20,2,wk inc flu hosp,2025-10-11,72,quantile,0.05,57.21204283212168
2025-09-20,2,wk inc flu hosp,2025-10-11,72,quantile,0.1,58.57796390611514
2025-09-20,2,wk inc flu hosp,2025-10-11,72,quantile,0.15,59.49954437001368
2025-09-20,2,wk inc flu hosp,2025-10-11,72,quantile,0.2,60.23198730802501
2025-09-20,2,wk inc flu hosp,2025-10-11,72,quantile,0.25,60.8603581308829
2025-09-20,2,wk inc flu hosp,2025-10-11,72,quantile,0.3,61.42465455042599
2025-09-20,2,wk inc flu hosp,2025-10-11,72,quantile,0.35,61.947559280110546
2025-09-20,2,wk inc flu hosp,2025-10-11,72,quantile,0.4,62.443744733616185
2025-09-20,2,wk inc flu hosp,2025-10-11,72,quantile,0.45,62.923809902190364
2025-09-20,2,wk inc flu hosp,2025-10-11,72,quantile,0.5,63.3962638188873
2025-09-20,2,wk inc flu hosp,2025-10-11,72,quantile,0.55,63.868717735584234
2025-09-20,2,wk inc flu hosp,2025-10-11,72,quantile,0.6,64.34878290415841
2025-09-20,2,wk inc flu hosp,2025-10-11,72,quantile,0.65,64.84496835766404
2025-09-20,2,wk inc flu hosp,2025-10-11,72,quantile,0.7,65.3678730873486
2025-09-20,2,wk inc flu hosp,2025-10-11,72,quantile,0.75,65.9321695068917
2025-09-20,2,wk inc flu hosp,2025-10-11,72,quantile,0.8,66.56054032974959
2025-09-20,2,wk inc flu hosp,2025-10-11,72,quantile,0.85,67.29298326776092
2025-09-20,2,wk inc flu hosp,2025-10-11,72,quantile,0.9,68.21456373165945
2025-09-20,2,wk inc flu hosp,2025-10-11,72,quantile,0.95,69.58048480565292
2025-09-20,2,wk inc flu hosp,2025-10-11,72,quantile,0.975,70.76521763209792
2025-09-20,2,wk inc flu hosp,2025-10-11,72,quantile,0.99,72.14272557659687
2025-09-27,2,wk inc flu hosp,2025-10-18,72,quantile,0.01,39.43568569493242
2025-09-27,2,wk inc flu hosp,2025-10-18,72,quantile,0.025,40.96056799638947
2025-09-27,2,wk inc flu hosp,2025-10-18,72,quantile,0.05,42.27205090014745
2025-09-27,2,wk inc flu hosp,2025-10-18,72,quantile,0.1,43.78410669571489
2025-09-27,2,wk inc flu hosp,2025-10-18,72,quantile,0.15,44.80428356248325
2025-09-27,2,wk inc flu hosp,2025-10-18,72,quantile,0.2,45.61508779592594
2025-09-27,2,wk inc flu hosp,2025-10-18,72,quantile,0.25,46.31068563284188
2025-09-27,2,wk inc flu hosp,2025-10-18,72,quantile,0.3,46.93535398874732
2025-09-27,2,wk inc flu hosp,2025-10-18,72,quantile,0.35,47.5142023146887
2025-09-27,2,wk inc flu hosp,2025-10-18,72,quantile,0.4,48.06347277030585
2025-09-27,2,wk inc flu hosp,2025-10-18,72,quantile,0.45,48.594898292770644
2025-09-27,2,wk inc flu hosp,2025-10-18,72,quantile,0.5,49.1178982643514
2025-09-27,2,wk inc flu hosp,2025-10-18,72,quantile,0.55,49.64089823593216
2025-09-27,2,wk inc flu hosp,2025-10-18,72,quantile,0.6,50.172323758396956
2025-09-27,2,wk inc flu hosp,2025-10-18,72,quantile,0.65,50.721594214014104
2025-09-27,2,wk inc flu hosp,2025-10-18,72,quantile,0.7,51.30044253995548
2025-09-27,2,wk inc flu hosp,2025-10-18,72,quantile,0.75,51.925110895860925
2025-09-27,2,wk inc flu hosp,2025-10-18,72,quantile,0.8,52.62070873277687
2025-09-27,2,wk inc flu hosp,2025-10-18,72,quantile,0.85,53.43151296621956
2025-09-27,2,wk inc flu hosp,2025-10-18,72,quantile,0.9,54.45168983298792
2025-09-27,2,wk inc flu hosp,2025-10-18,72,quantile,0.95,55.96374562855535
2025-09-27,2,wk inc flu hosp,2025-10-18,72,quantile,0.975,57.275228532313335
2025-09-27,2,wk inc flu hosp,2025-10-18,72,quantile,0.99,58.80011083377039
2025-10-04,2,wk inc flu hosp,2025-10-25,72,quantile,0.01,0.0
2025-10-04,2,wk inc flu hosp,2025-10-25,72,quantile,0.025,0.0
2025-10-04,2,wk inc flu hosp,2025-10-25,72,quantile,0.05,0.0
2025-10-04,2,wk inc flu hosp,2025-10-25,72,quantile,0.1,0.0
2025-10-04,2,wk inc flu hosp,2025-10-25,72,quantile,0.15,0.0
2025-10-04,2,wk inc flu hosp,2025-10-25,72,quantile,0.2,8.181941114728268
2025-10-04,2,wk inc flu hosp,2025-10-25,72,quantile,0.25,16.8160527842113
2025-10-04,2,wk inc flu hosp,2025-10-25,72,quantile,0.3,24.56975191184639
2025-10-04,2,wk inc flu hosp,2025-10-25,72,quantile,0.35,31.7547096857664
2025-10-04,2,wk inc flu hosp,2025-10-25,72,quantile,0.4,38.572531994663876
2025-10-04,2,wk inc flu hosp,2025-10-25,72,quantile,0.45,45.16885398053695
2025-10-04,2,wk inc flu hosp,2025-10-25,72,quantile,0.5,51.66059377344031
2025-10-04,2,wk inc flu hosp,2025-10-25,72,quantile,0.55,58.15233356634368
2025-10-04,2,wk inc flu hosp,2025-10-25,72,quantile,0.6,64.74865555221675
2025-10-04,2,wk inc flu hosp,2025-10-25,72,quantile,0.65,71.56647786111422
2025-10-04,2,wk inc flu hosp,2025-10-25,72,quantile,0.7,78.75143563503423
2025-10-04,2,wk inc flu hosp,2025-10-25,72,quantile,0.75,86.50513476266931
2025-10-04,2,wk inc flu hosp,2025-10-25,72,quantile,0.8,95.13924643215236
2025-10-04,2,wk inc flu hosp,2025-10-25,72,quantile,0.85,105.20335808130883
2025-10-04,2,wk inc flu hosp,2025-10-25,72,quantile,0.9,117.86630860075637
2025-10-04,2,wk inc flu hosp,2025-10-25,72,quantile,0.95,136.63470881215025
2025-10-04,2,wk inc flu hosp,2025-10-25,72,quantile,0.975,152.9134969893375
2025-10-04,2,wk inc flu hosp,2025-10-25,72,quantile,0.99,171.84110626997068
2025-10-11,2,wk inc flu hosp,2025-11-01,72,quantile,0.01,0.0
2025-10-11,2,wk inc flu hosp,2025-11-01,72,quantile,0.025,0.0
2025-10-11,2,wk inc flu hosp,2025-11-01,72,quantile,0.05,0.0
2025-10-11,2,wk inc flu hosp,2025-11-01,72,quantile,0.1,11.507170911089602
2025-10-11,2,wk inc flu hosp,2025-11-01,72,quantile,0.15,19.276363943242742
2025-10-11,2,wk inc flu hosp,2025-11-01,72,quantile,0.2,25.451072276766965
2025-10-11,2,wk inc flu hosp,2025-11-01,72,quantile,0.25,30.748422220475522
2025-10-11,2,wk inc flu hosp,2025-11-01,72,quantile,0.3,35.50560619140859
2025-10-11,2,wk inc flu hosp,2025-11-01,72,quantile,0.35,39.913846102614464
2025-10-11,2,wk inc flu hosp,2025-11-01,72,quantile,0.4,44.09683469562805
2025-10-11,2,wk inc flu hosp,2025-11-01,72,quantile,0.45,48.14392456870128
2025-10-11,2,wk inc flu hosp,2025-11-01,72,quantile,0.5,52.12684936084336
2025-10-11,2,wk inc flu hosp,2025-11-01,72,quantile,0.55,56.109774152985445
2025-10-11,2,wk inc flu hosp,2025-11-01,72,quantile,0.6,60.15686402605867
2025-10-11,2,wk inc flu hosp,2025-11-01,72,quantile,0.65,64.33985261907225
2025-10-11,2,wk inc flu hosp,2025-11-01,72,quantile,0.7,68.74809253027813
2025-10-11,2,wk inc flu hosp,2025-11-01,72,quantile,0.75,73.5052765012112
2025-10-11,2,wk inc flu hosp,2025-11-01,72,quantile,0.8,78.80262644491975
2025-10-11,2,wk inc flu hosp,2025-11-01,72,quantile,0.85,84.97733477844397
2025-10-11,2,wk inc flu hosp,2025-11-01,72,quantile,0.9,92.74652781059712
2025-10-11,2,wk inc flu hosp,2025-11-01,72,quantile,0.95,104.26164223223859
2025-10-11,2,wk inc flu hosp,2025-11-01,72,quantile,0.975,114.24928669818394
2025-10-11,2,wk inc flu hosp,2025-11-01,72,quantile,0.99,125.86208182934803
2025-10-18,2,wk inc flu hosp,2025-11-08,72,quantile,0.01,8.817109949365815
2025-10-18,2,wk inc flu hosp,2025-11-08,72,quantile,0.025,18.74685354689904
2025-10-18,2,wk inc flu hosp,2025-11-08,72,quantile,0.05,27.28698084355767
2025-10-18,2,wk inc flu hosp,2025-11-08,72,quantile,0.1,37.133200673640495
2025-10-18,2,wk inc flu hosp,2025-11-08,72,quantile,0.15,43.77639844796385
2025-10-18,2,wk inc flu hosp,2025-11-08,72,quantile,0.2,49.05620144534103
2025-10-18,2,wk inc flu hosp,2025-11-08,72,quantile,0.25,53.58580229451748
2025-10-18,2,wk inc flu hosp,2025-11-08,72,quantile,0.3,57.65352385027742
2025-10-18,2,wk inc flu hosp,2025-11-08,72,quantile,0.35,61.42287408338527
2025-10-18,2,wk inc flu hosp,2025-11-08,72,quantile,0.4,64.99961884904165
2025-10-18,2,wk inc flu hosp,2025-11-08,72,quantile,0.45,68.46016080314415
2025-10-18,2,wk inc flu hosp,2025-11-08,72,quantile,0.5,71.86583717197067
2025-10-18,2,wk inc flu hosp,2025-11-08,72,quantile,0.55,75.27151354079719
2025-10-18,2,wk inc flu hosp,2025-11-08,72,quantile,0.6,78.73205549489968
2025-10-18,2,wk inc flu hosp,2025-11-08,72,quantile,0.65,82.30880026055607
2025-10-18,2,wk inc flu hosp,2025-11-08,72,quantile,0.7,86.07815049366391
2025-10-18,2,wk inc flu hosp,2025-11-08,72,quantile,0.75,90.14587204942386
2025-10-18,2,wk inc flu hosp,2025-11-08,72,quantile,0.8,94.6754728986003
2025-10-18,2,wk inc flu hosp,2025-11-08,72,quantile,0.85,99.95527589597748
2025-10-18,2,wk inc flu hosp,2025-11-08,72,quantile,0.9,106.59847367030085
2025-10-18,2,wk inc flu hosp,2025-11-08,72,quantile,0.95,116.44469350038364
2025-10-18,2,wk inc flu hosp,2025-11-08,72,quantile,0.975,124.98482079704229
2025-10-18,2,wk inc flu hosp,2025-11-08,72,quantile,0.99,134.9145643945755
2025-10-25,2,wk inc flu hosp,2025-11-15,72,quantile,0.01,30.88994955854813
2025-10-25,2,wk inc flu hosp,2025-11-15,72,quantile,0.025,34.05299212874786
2025-10-25,2,wk inc flu hosp,2025-11-15,72,quantile,0.05,36.77338323743335
2025-10-25,2,wk inc flu hosp,2025-11-15,72,quantile,0.1,39.90981996132153
2025-10-25,2,wk inc flu hosp,2025-11-15,72,quantile,0.15,42.025958928662135
2025-10-25,2,wk inc flu hosp,2025-11-15,72,quantile,0.2,43.70779909693404
2025-10-25,2,wk inc flu hosp,2025-11-15,72,quantile,0.25,45.15066820742318
2025-10-25,2,wk inc flu hosp,2025-11-15,72,quantile,0.3,46.44640926238698
2025-10-25,2,wk inc flu hosp,2025-11-15,72,quantile,0.35,47.6471064538305
2025-10-25,2,wk inc flu hosp,2025-11-15,72,quantile,0.4,48.78645067207605
2025-10-25,2,wk inc flu hosp,2025-11-15,72,quantile,0.45,49.888779388751836
2025-10-25,2,wk inc flu hosp,2025-11-15,72,quantile,0.5,50.97363110008883
2025-10-25,2,wk inc flu hosp,2025-11-15,72,quantile,0.55,52.05848281142583
2025-10-25,2,wk inc flu hosp,2025-11-15,72,quantile,0.6,53.16081152810161
2025-10-25,2,wk inc flu hosp,2025-11-15,72,quantile,0.65,54.30015574634716
2025-10-25,2,wk inc flu hosp,2025-11-15,72,quantile,0.7,55.500852937790675
2025-10-25,2,wk inc flu hosp,2025-11-15,72,quantile,0.75,56.79659399275448
2025-10-25,2,wk inc flu hosp,2025-11-15,72,quantile,0.8,58.23946310324362
2025-10-25,2,wk inc flu hosp,2025-11-15,72,quantile,0.85,59.92130327151553
2025-10-25,2,wk inc flu hosp,2025-11-15,72,quantile,0.9,62.03744223885613
2025-10-25,2,wk inc flu hosp,2025-11-15,72,quantile,0.95,65.17387896274431
2025-10-25,2,wk inc flu hosp,2025-11-15,72,quantile,0.975,67.89427007142979
2025-10-25,2,wk inc flu hosp,2025-11-15,72,quantile,0.99,71.05731264162954
2025-11-01,2,wk inc flu hosp,2025-11-22,72,quantile,0.01,83.35387571547734
2025-11-01,2,wk inc flu hosp,2025-11-22,72,quantile,0.025,85.11856725860176
2025-11-01,2,wk inc flu hosp,2025-11-22,72,quantile,0.05,90.14364320922394
2025-11-01,2,wk inc flu hosp,2025-11-22,72,quantile,0.1,99.41943478340512
2025-11-01,2,wk inc flu hosp,2025-11-22,72,quantile,0.15,107.07091950332632
2025-11-01,2,wk inc flu hosp,2025-11-22,72,quantile,0.2,115.30541107391815
2025-11-01,2,wk inc flu hosp,2025-11-22,72,quantile,0.25,117.77076323496557
2025-11-01,2,wk inc flu hosp,2025-11-22,72,quantile,0.3,119.36646579294073
2025-11-01,2,wk inc flu hosp,2025-11-22,72,quantile,0.35,120.98360684793455
2025-11-01,2,wk inc flu hosp,2025-11-22,72,quantile,0.4,122.62247442928712
2025-11-01,2,wk inc flu hosp,2025-11-22,72,quantile,0.45,124.28336043605437
2025-11-01,2,wk inc flu hosp,2025-11-22,72,quantile,0.5,172.5491867982119
2025-11-01,2,wk inc flu hosp,2025-11-22,72,quantile,0.55,178.5544895157998
2025-11-01,2,wk inc flu hosp,2025-11-22,72,quantile,0.6,184.76759303842286
2025-11-01,2,wk inc flu hosp,2025-11-22,72,quantile,0.65,191.19568787363798
2025-11-01,2,wk inc flu hosp,2025-11-22,72,quantile,0.7,197.8462133413155
2025-11-01,2,wk inc flu hosp,2025-11-22,72,quantile,0.75,204.72686618326222
2025-11-01,2,wk inc flu hosp,2025-11-22,72,quantile,0.8,211.84560947076412
2025-11-01,2,wk inc flu hosp,2025-11-22,72,quantile,0.85,219.2106818203546
2025-11-01,2,wk inc flu hosp,2025-11-22,72,quantile,0.9,226.8306069284753
2025-11-01,2,wk inc flu hosp,2025-11-22,72,quantile,0.95,234.71420343606414
2025-11-01,2,wk inc flu hosp,2025-11-22,72,quantile,0.975,238.75771744326423
2025-11-01,2,wk inc flu hosp,2025-11-22,72,quantile,0.99,241.21704471670395
2025-09-20,2,wk inc flu hosp,2025-10-11,44,quantile,0.01,0.0
2025-09-20,2,wk inc flu hosp,2025-10-11,44,quantile,0.025,0.0
2025-09-20,2,wk inc flu hosp,2025-10-11,44,quantile,0.05,0.0
2025-09-20,2,wk inc flu hosp,2025-10-11,44,quantile,0.1,0.0
2025-09-20,2,wk inc flu hosp,2025-10-11,44,quantile,0.15,0.0
2025-09-20,2,wk inc flu hosp,2025-10-11,44,quantile,0.2,0.0
2025-09-20,2,wk inc flu hosp,2025-10-11,44,quantile,0.25,0.0
2025-09-20,2,wk inc flu hosp,2025-10-11,44,quantile,0.3,0.0
2025-09-20,2,wk inc flu hosp,2025-10-11,44,quantile,0.35,0.0
2025-09-20,2,wk inc flu hosp,2025-10-11,44,quantile,0.4,0.0
2025-09-20,2,wk inc flu hosp,2025-10-11,44,quantile,0.45,0.0
2025-09-20,2,wk inc flu hosp,2025-10-11,44,quantile,0.5,0.5744765164597787
2025-09-20,2,wk inc flu hosp,2025-10-11,44,quantile,0.55,1.776363371679464
2025-09-20,2,wk inc flu hosp,2025-10-11,44,quantile,0.6,2.9976126731816914
2025-09-20,2,wk inc flu hosp,2025-10-11,44,quantile,0.65,4.259870754327393
2025-09-20,2,wk inc flu hosp,2025-10-11,44,quantile,0.7,5.59010064327382
2025-09-20,2,wk inc flu hosp,2025-10-11,44,quantile,0.75,7.02562784524522
2025-09-20,2,wk inc flu hosp,2025-10-11,44,quantile,0.8,8.624155459274778
2025-09-20,2,wk inc flu hosp,2025-10-11,44,quantile,0.85,10.487434624254169
2025-09-20,2,wk inc flu hosp,2025-10-11,44,quantile,0.9,12.831865279694002
2025-09-20,2,wk inc flu hosp,2025-10-11,44,quantile,0.95,16.3066646751097
2025-09-20,2,wk inc flu hosp,2025-10-11,44,quantile,0.975,19.320534939973875
2025-09-20,2,wk inc flu hosp,2025-10-11,44,quantile,0.99,22.824810453295544
2025-09-27,2,wk inc flu hosp,2025-10-18,44,quantile,0.01,0.0
2025-09-27,2,wk inc flu hosp,2025-10-18,44,quantile,0.025,0.0
2025-09-27,2,wk inc flu hosp,2025-10-18,44,quantile,0.05,0.0
2025-09-27,2,wk inc flu hosp,2025-10-18,44,quantile,0.1,0.0
2025-09-27,2,wk inc flu hosp,2025-10-18,44,quantile,0.15,0.0
2025-09-27,2,wk inc flu hosp,2025-10-18,44,quantile,0.2,0.0
2025-09-27,2,wk inc flu hosp,2025-10-18,44,quantile,0.25,0.0
2025-09-27,2,wk inc flu hosp,2025-10-18,44,quantile,0.3,0.0
2025-09-27,2,wk inc flu hosp,2025-10-18,44,quantile,0.35,0.0
2025-09-27,2,wk inc flu hosp,2025-10-18,44,quantile,0.4,0.0
2025-09-27,2,wk inc flu hosp,2025-10-18,44,quantile,0.45,0.9115395566042825
2025-09-27,2,wk inc flu hosp,2025-10-18,44,quantile,0.5,2.1463076314062457
2025-09-27,2,wk inc flu hosp,2025-10-18,44,quantile,0.55,3.38107570620821
2025-09-27,2,wk inc flu hosp,2025-10-18,44,quantile,0.6,4.635735945081959
2025-09-27,2,wk inc flu hosp,2025-10-18,44,quantile,0.65,5.932526881758452
2025-09-27,2,wk inc flu hosp,2025-10-18,44,quantile,0.7,7.299149198896767
2025-09-27,2,wk inc flu hosp,2025-10-18,44,quantile,0.75,8.773949552861936
2025-09-27,2,wk inc flu hosp,2025-10-18,44,quantile,0.8,10.416209684022348
2025-09-27,2,wk inc flu hosp,2025-10-18,44,quantile,0.85,12.330464438842576
2025-09-27,2,wk inc flu hosp,2025-10-18,44,quantile,0.9,14.739034026197807
2025-09-27,2,wk inc flu hosp,2025-10-18,44,quantile,0.95,18.308896980574012
2025-09-27,2,wk inc flu hosp,2025-10-18,44,quantile,0.975,21.40522070562965
2025-09-27,2,wk inc flu hosp,2025-10-18,44,quantile,0.99,25.005366185520902
2025-10-04,2,wk inc flu hosp,2025-10-25,44,quantile,0.01,0.0
2025-10-04,2,wk inc flu hosp,2025-10-25,44,quantile,0.025,0.0
2025-10-04,2,wk inc flu hosp,2025-10-25,44,quantile,0.05,0.0
2025-10-04,2,wk inc flu hosp,2025-10-25,44,quantile,0.1,0.0
2025-10-04,2,wk inc flu hosp,2025-10-25,44,quantile,0.15,0.0
2025-10-04,2,wk inc flu hosp,2025-10-25,44,quantile,0.2,0.0
2025-10-04,2,wk inc flu hosp,2025-10-25,44,quantile,0.25,0.0
2025-10-04,2,wk inc flu hosp,2025-10-25,44,quantile,0.3,0.0
2025-10-04,2,wk inc flu hosp,2025-10-25,44,quantile,0.35,0.0
2025-10-04,2,wk inc flu hosp,2025-10-25,44,quantile,0.4,0.0
2025-10-04,2,wk inc flu hosp,2025-10-25,44,quantile,0.45,0.0
2025-10-04,2,wk inc flu hosp,2025-10-25,44,quantile,0.5,0.5555555555555556
2025-10-04,2,wk inc flu hosp,2025-10-25,44,quantile,0.55,1.5180781910513628
2025-10-04,2,wk inc flu hosp,2025-10-25,44,quantile,0.6,2.496107105482313
2025-10-04,2,wk inc flu hosp,2025-10-25,44,quantile,0.65,3.5069776126883916
2025-10-04,2,wk inc flu hosp,2025-10-25,44,quantile,0.7,4.572282864146506
2025-10-04,2,wk inc flu hosp,2025-10-25,44,quantile,0.75,5.721914728216503
2025-10-04,2,wk inc flu hosp,2025-10-25,44,quantile,0.8,7.002084325950659
2025-10-04,2,wk inc flu hosp,2025-10-25,44,quantile,0.85,8.494278341345376
2025-10-04,2,wk inc flu hosp,2025-10-25,44,quantile,0.9,10.371799144082376
2025-10-04,2,wk inc flu hosp,2025-10-25,44,quantile,0.95,13.15456780268745
2025-10-04,2,wk inc flu hosp,2025-10-25,44,quantile,0.975,15.568204608665557
2025-10-04,2,wk inc flu hosp,2025-10-25,44,quantile,0.99,18.374579008999003
2025-10-11,2,wk inc flu hosp,2025-11-01,44,quantile,0.01,0.0
2025-10-11,2,wk inc flu hosp,2025-11-01,44,quantile,0.025,0.0
2025-10-11,2,wk inc flu hosp,2025-11-01,44,quantile,0.05,0.0
2025-10-11,2,wk inc flu hosp,2025-11-01,44,quantile,0.1,0.0
2025-10-11,2,wk inc flu hosp,2025-11-01,44,quantile,0.15,0.0
2025-10-11,2,wk inc flu hosp,2025-11-01,44,quantile,0.2,0.0
2025-10-11,2,wk inc flu hosp,2025-11-01,44,quantile,0.25,0.0
2025-10-11,2,wk inc flu hosp,2025-11-01,44,quantile,0.3,0.0
2025-10-11,2,wk inc flu hosp,2025-11-01,44,quantile,0.35,0.0
2025-10-11,2,wk inc flu hosp,2025-11-01,44,quantile,0.4,0.0
2025-10-11,2,wk inc flu hosp,2025-11-01,44,quantile,0.45,0.0
2025-10-11,2,wk inc flu hosp,2025-11-01,44,quantile,0.5,1.1111111111111112
2025-10-11,2,wk inc flu hosp,2025-11-01,44,quantile,0.55,2.2538159415146612
2025-10-11,2,wk inc flu hosp,2025-11-01,44,quantile,0.6,3.414929793365947
2025-10-11,2,wk inc flu hosp,2025-11-01,44,quantile,0.65,4.615033114470549
2025-10-11,2,wk inc flu hosp,2025-11-01,44,quantile,0.7,5.879761248441543
2025-10-11,2,wk inc flu hosp,2025-11-01,44,quantile,0.75,7.244601757965691
2025-10-11,2,wk inc flu hosp,2025-11-01,44,quantile,0.8,8.764416387897024
2025-10-11,2,wk inc flu hosp,2025-11-01,44,quantile,0.85,10.535945956562673
2025-10-11,2,wk inc flu hosp,2025-11-01,44,quantile,0.9,12.76493466950403
2025-10-11,2,wk inc flu hosp,2025-11-01,44,quantile,0.95,16.068631716011026
2025-10-11,2,wk inc flu hosp,2025-11-01,44,quantile,0.975,18.934096210370953
2025-10-11,2,wk inc flu hosp,2025-11-01,44,quantile,0.99,22.265817943366876
2025-10-18,2,wk inc flu hosp,2025-11-08,44,quantile,0.01,0.0
2025-10-18,2,wk inc flu hosp,2025-11-08,44,quantile,0.025,0.0
2025-10-18,2,wk inc flu hosp,2025-11-08,44,quantile,0.05,0.0
2025-10-18,2,wk inc flu hosp,2025-11-08,44,quantile,0.1,0.0
2025-10-18,2,wk inc flu hosp,2025-11-08,44,quantile,0.15,0.0
2025-10-18,2,wk inc flu hosp,2025-11-08,44,quantile,0.2,0.0
2025-10-18,2,wk inc flu hosp,2025-11-08,44,quantile,0.25,0.0
2025-10-18,2,wk inc flu hosp,2025-11-08,44,quantile,0.3,0.0
2025-10-18,2,wk inc flu hosp,2025-11-08,44,quantile,0.35,0.0
2025-10-18,2,wk inc flu hosp,2025-11-08,44,quantile,0.4,0.0
2025-10-18,2,wk inc flu hosp,2025-11-08,44,quantile,0.45,0.3046474393206422
2025-10-18,2,wk inc flu hosp,2025-11-08,44,quantile,0.5,1.3589174209773383
2025-10-18,2,wk inc flu hosp,2025-11-08,44,quantile,0.55,2.413187402634035
2025-10-18,2,wk inc flu hosp,2025-11-08,44,quantile,0.6,3.484441716716428
2025-10-18,2,wk inc flu hosp,2025-11-08,44,quantile,0.65,4.5916680735703395
2025-10-18,2,wk inc flu hosp,2025-11-08,44,quantile,0.7,5.758517876884312
2025-10-18,2,wk inc flu hosp,2025-11-08,44,quantile,0.75,7.017732278237796
2025-10-18,2,wk inc flu hosp,2025-11-08,44,quantile,0.8,8.419927227788705
2025-10-18,2,wk inc flu hosp,2025-11-08,44,quantile,0.85,10.054356693884387
2025-10-18,2,wk inc flu hosp,2025-11-08,44,quantile,0.9,12.110842172007178
2025-10-18,2,wk inc flu hosp,2025-11-08,44,quantile,0.95,15.158863438697882
2025-10-18,2,wk inc flu hosp,2025-11-08,44,quantile,0.975,17.80256732401347
2025-10-18,2,wk inc flu hosp,2025-11-08,44,quantile,0.99,20.876444424095713
2025-10-25,2,wk inc flu hosp,2025-11-15,44,quantile,0.01,0.0
2025-10-25,2,wk inc flu hosp,2025-11-15,44,quantile,0.025,0.0
2025-10-25,2,wk inc flu hosp,2025-11-15,44,quantile,0.05,0.0
2025-10-25,2,wk inc flu hosp,2025-11-15,44,quantile,0.1,0.0
2025-10-25,2,wk inc flu hosp,2025-11-15,44,quantile,0.15,0.0
2025-10-25,2,wk inc flu hosp,2025-11-15,44,quantile,0.2,0.0
2025-10-25,2,wk inc flu hosp,2025-11-15,44,quantile,0.25,0.0
2025-10-25,2,wk inc flu hosp,2025-11-15,44,quantile,0.3,0.0
2025-10-25,2,wk inc flu hosp,2025-11-15,44,quantile,0.35,0.0
2025-10-25,2,wk inc flu hosp,2025-11-15,44,quantile,0.4,0.0
2025-10-25,2,wk inc flu hosp,2025-11-15,44,quantile,0.45,0.0
2025-10-25,2,wk inc flu hosp,2025-11-15,44,quantile,0.5,0.15283977051620695
2025-10-25,2,wk inc flu hosp,2025-11-15,44,quantile,0.55,0.9936672837658531
2025-10-25,2,wk inc flu hosp,2025-11-15,44,quantile,0.6,1.8480405625652887
2025-10-25,2,wk inc flu hosp,2025-11-15,44,quantile,0.65,2.731103156052938
2025-10-25,2,wk inc flu hosp,2025-11-15,44,quantile,0.7,3.6617181176158002
2025-10-25,2,wk inc flu hosp,2025-11-15,44,quantile,0.75,4.665997981559572
2025-10-25,2,wk inc flu hosp,2025-11-15,44,quantile,0.8,5.784311234365458
2025-10-25,2,wk inc flu hosp,2025-11-15,44,quantile,0.85,7.087841911962504
2025-10-25,2,wk inc flu hosp,2025-11-15,44,quantile,0.9,8.727981155884429
2025-10-25,2,wk inc flu hosp,2025-11-15,44,quantile,0.95,11.158914585266777
2025-10-25,2,wk inc flu hosp,2025-11-15,44,quantile,0.975,13.26738680048174
2025-10-25,2,wk inc flu hosp,2025-11-15,44,quantile,0.99,15.718941414638257
2025-11-01,2,wk inc flu hosp,2025-11-22,44,quantile,0.01,0.7057862565392633
2025-11-01,2,wk inc flu hosp,2025-11-22,44,quantile,0.025,0.7057862565392633
2025-11-01,2,wk inc flu hosp,2025-11-22,44,quantile,0.05,0.7113121696192432
2025-11-01,2,wk inc flu hosp,2025-11-22,44,quantile,0.1,0.7503521763803027
2025-11-01,2,wk inc flu hosp,2025-11-22,44,quantile,0.15,1.039081964506688
2025-11-01,2,wk inc flu hosp,2025-11-22,44,quantile,0.2,1.3754392482173645
2025-11-01,2,wk inc flu hosp,2025-11-22,44,quantile,0.25,4.138659906646216
2025-11-01,2,wk inc flu hosp,2025-11-22,44,quantile,0.3,4.247587813745686
2025-11-01,2,wk inc flu hosp,2025-11-22,44,quantile,0.35,4.358824744824293
2025-11-01,2,wk inc flu hosp,2025-11-22,44,quantile,0.4,4.4724196459407475
2025-11-01,2,wk inc flu hosp,2025-11-22,44,quantile,0.45,4.588422500698925
2025-11-01,2,wk inc flu hosp,2025-11-22,44,quantile,0.5,4.782222680070368
2025-11-01,2,wk inc flu hosp,2025-11-22,44,quantile,0.55,5.413392512514435
2025-11-01,2,wk inc flu hosp,2025-11-22,44,quantile,0.6,6.1134589232173315
2025-11-01,2,wk inc flu hosp,2025-11-22,44,quantile,0.65,6.88994245300941
2025-11-01,2,wk inc flu hosp,2025-11-22,44,quantile,0.7,7.751184562073021
2025-11-01,2,wk inc flu hosp,2025-11-22,44,quantile,0.75,8.706437239000975
2025-11-01,2,wk inc flu hosp,2025-11-22,44,quantile,0.8,9.765962391307031
2025-11-01,2,wk inc flu hosp,2025-11-22,44,quantile,0.85,10.941142085102166
2025-11-01,2,wk inc flu hosp,2025-11-22,44,quantile,0.9,12.24460081819838
2025-11-01,2,wk inc flu hosp,2025-11-22,44,quantile,0.95,13.690341140172462
2025-11-01,2,wk inc flu hosp,2025-11-22,44,quantile,0.975,14.471356194035806
2025-11-01,2,wk inc flu hosp,2025-11-22,44,quantile,0.99,14.959757463380203
2025-09-20,2,wk inc flu hosp,2025-10-11,45,quantile,0.01,0.0
2025-09-20,2,wk inc flu hosp,2025-10-11,45,quantile,0.025,0.0
2025-09-20,2,wk inc flu hosp,2025-10-11,45,quantile,0.05,0.0
2025-09-20,2,wk inc flu hosp,2025-10-11,45,quantile,0.1,0.0
2025-09-20,2,wk inc flu hosp,2025-10-11,45,quantile,0.15,0.0
2025-09-20,2,wk inc flu hosp,2025-10-11,45,quantile,0.2,0.0
2025-09-20,2,wk inc flu hosp,2025-10-11,45,quantile,0.25,0.0
2025-09-20,2,wk inc flu hosp,2025-10-11,45,quantile,0.3,0.0
2025-09-20,2,wk inc flu hosp,2025-10-11,45,quantile,0.35,0.0
2025-09-20,2,wk inc flu hosp,2025-10-11,45,quantile,0.4,0.0
2025-09-20,2,wk inc flu hosp,2025-10-11,45,quantile,0.45,1.0011482383922718
2025-09-20,2,wk inc flu hosp,2025-10-11,45,quantile,0.5,5.444190797487975
2025-09-20,2,wk inc flu hosp,2025-10-11,45,quantile,0.55,9.887233356583682
2025-09-20,2,wk inc flu hosp,2025-10-11,45,quantile,0.6,14.40185351261202
2025-09-20,2,wk inc flu hosp,2025-10-11,45,quantile,0.65,19.068071759975858
2025-09-20,2,wk inc flu hosp,2025-10-11,45,quantile,0.7,23.985562940033596
2025-09-20,2,wk inc flu hosp,2025-10-11,45,quantile,0.75,29.292309099540176
2025-09-20,2,wk inc flu hosp,2025-10-11,45,quantile,0.8,35.2016226012049
2025-09-20,2,wk inc flu hosp,2025-10-11,45,quantile,0.85,42.089649201651035
2025-09-20,2,wk inc flu hosp,2025-10-11,45,quantile,0.9,50.756359494496266
2025-09-20,2,wk inc flu hosp,2025-10-11,45,quantile,0.95,63.60172969810836
2025-09-20,2,wk inc flu hosp,2025-10-11,45,quantile,0.975,74.7431726685758
2025-09-20,2,wk inc flu hosp,2025-10-11,45,quantile,0.99,87.69750790975726
2025-09-27,2,wk inc flu hosp,2025-10-18,45,quantile,0.01,0.0
2025-09-27,2,wk inc flu hosp,2025-10-18,45,quantile,0.025,0.0
2025-09-27,2,wk inc flu hosp,2025-10-18,45,quantile,0.05,0.0
2025-09-27,2,wk inc flu hosp,2025-10-18,45,quantile,0.1,0.0
2025-09-27,2,wk inc flu hosp,2025-10-18,45,quantile,0.15,0.0
2025-09-27,2,wk inc flu hosp,2025-10-18,45,quantile,0.2,4.606481730216029
2025-09-27,2,wk inc flu hosp,2025-10-18,45,quantile,0.25,8.673099603911364
2025-09-27,2,wk inc flu hosp,2025-10-18,45,quantile,0.3,12.32504813859886
2025-09-27,2,wk inc flu hosp,2025-10-18,45,quantile,0.35,15.709122705116348
2025-09-27,2,wk inc flu hosp,2025-10-18,45,quantile,0.4,18.920278539368063
2025-09-27,2,wk inc flu hosp,2025-10-18,45,quantile,0.45,22.02710897141031
2025-09-27,2,wk inc flu hosp,2025-10-18,45,quantile,0.5,25.08468178072524
2025-09-27,2,wk inc flu hosp,2025-10-18,45,quantile,0.55,28.142254590040174
2025-09-27,2,wk inc flu hosp,2025-10-18,45,quantile,0.6,31.24908502208242
2025-09-27,2,wk inc flu hosp,2025-10-18,45,quantile,0.65,34.46024085633413
2025-09-27,2,wk inc flu hosp,2025-10-18,45,quantile,0.7,37.844315422851615
2025-09-27,2,wk inc flu hosp,2025-10-18,45,quantile,0.75,41.496263957539114
2025-09-27,2,wk inc flu hosp,2025-10-18,45,quantile,0.8,45.562881831234456
2025-09-27,2,wk inc flu hosp,2025-10-18,45,quantile,0.85,50.30302162580995
2025-09-27,2,wk inc flu hosp,2025-10-18,45,quantile,0.9,56.267199862942746
2025-09-27,2,wk inc flu hosp,2025-10-18,45,quantile,0.95,65.10701045168992
2025-09-27,2,wk inc flu hosp,2025-10-18,45,quantile,0.975,72.77422782130424
2025-09-27,2,wk inc flu hosp,2025-10-18,45,quantile,0.99,81.68902498324009
2025-10-04,2,wk inc flu hosp,2025-10-25,45,quantile,0.01,0.0
2025-10-04,2,wk inc flu hosp,2025-10-25,45,quantile,0.025,0.0
2025-10-04,2,wk inc flu hosp,2025-10-25,45,quantile,0.05,0.0
2025-10-04,2,wk inc flu hosp,2025-10-25,45,quantile,0.1,0.0
2025-10-04,2,wk inc flu hosp,2025-10-25,45,quantile,0.15,0.0
2025-10-04,2,wk inc flu hosp,2025-10-25,45,quantile,0.2,0.0
2025-10-04,2,wk inc flu hosp,2025-10-25,45,quantile,0.25,0.0
2025-10-04,2,wk inc flu hosp,2025-10-25,45,quantile,0.3,0.0
2025-10-04,2,wk inc flu hosp,2025-10-25,45,quantile,0.35,2.316684991838141
2025-10-04,2,wk inc flu hosp,2025-10-25,45,quantile,0.4,5.289703122277373
2025-10-04,2,wk inc flu hosp,2025-10-25,45,quantile,0.45,8.166132569935847
2025-10-04,2,wk inc flu hosp,2025-10-25,45,quantile,0.5,10.996957315428014
2025-10-04,2,wk inc flu hosp,2025-10-25,45,quantile,0.55,13.827782060920185
2025-10-04,2,wk inc flu hosp,2025-10-25,45,quantile,0.6,16.704211508578656
2025-10-04,2,wk inc flu hosp,2025-10-25,45,quantile,0.65,19.677229639017888
2025-10-04,2,wk inc flu hosp,2025-10-25,45,quantile,0.7,22.810342935389322
2025-10-04,2,wk inc flu hosp,2025-10-25,45,quantile,0.75,26.191464800995377
2025-10-04,2,wk inc flu hosp,2025-10-25,45,quantile,0.8,29.956504335702917
2025-10-04,2,wk inc flu hosp,2025-10-25,45,quantile,0.85,34.34511774392555
2025-10-04,2,wk inc flu hosp,2025-10-25,45,quantile,0.9,39.866995518598806
2025-10-04,2,wk inc flu hosp,2025-10-25,45,quantile,0.95,48.05125019402417
2025-10-04,2,wk inc flu hosp,2025-10-25,45,quantile,0.975,55.14987057449341
2025-10-04,2,wk inc flu hosp,2025-10-25,45,quantile,0.99,63.40355085650303
2025-10-11,2,wk inc flu hosp,2025-11-01,45,quantile,0.01,0.0
2025-10-11,2,wk inc flu hosp,2025-11-01,45,quantile,0.025,0.0
2025-10-11,2,wk inc flu hosp,2025-11-01,45,quantile,0.05,0.0
2025-10-11,2,wk inc flu hosp,2025-11-01,45,quantile,0.1,0.0
2025-10-11,2,wk inc flu hosp,2025-11-01,45,quantile,0.15,0.0
2025-10-11,2,wk inc flu hosp,2025-11-01,45,quantile,0.2,0.0
2025-10-11,2,wk inc flu hosp,2025-11-01,45,quantile,0.25,0.0
2025-10-11,2,wk inc flu hosp,2025-11-01,45,quantile,0.3,0.0
2025-10-11,2,wk inc flu hosp,2025-11-01,45,quantile,0.35,0.4628016364228511
2025-10-11,2,wk inc flu hosp,2025-11-01,45,quantile,0.4,4.218787851075905
2025-10-11,2,wk inc flu hosp,2025-11-01,45,quantile,0.45,7.852747981427067
2025-10-11,2,wk inc flu hosp,2025-11-01,45,quantile,0.5,11.429093046835892
2025-10-11,2,wk inc flu hosp,2025-11-01,45,quantile,0.55,15.005438112244722
2025-10-11,2,wk inc flu hosp,2025-11-01,45,quantile,0.6,18.639398242595878
2025-10-11,2,wk inc flu hosp,2025-11-01,45,quantile,0.65,22.39538445724893
2025-10-11,2,wk inc flu hosp,2025-11-01,45,quantile,0.7,26.353628179220014
2025-10-11,2,wk inc flu hosp,2025-11-01,45,quantile,0.75,30.625195509151546
2025-10-11,2,wk inc flu hosp,2025-11-01,45,quantile,0.8,35.38178829450938
2025-10-11,2,wk inc flu hosp,2025-11-01,45,quantile,0.85,40.92617811640746
2025-10-11,2,wk inc flu hosp,2025-11-01,45,quantile,0.9,47.90228653240548
2025-10-11,2,wk inc flu hosp,2025-11-01,45,quantile,0.95,58.24193008297003
2025-10-11,2,wk inc flu hosp,2025-11-01,45,quantile,0.975,67.21002887090395
2025-10-11,2,wk inc flu hosp,2025-11-01,45,quantile,0.99,77.63738181637751
2025-10-18,2,wk inc flu hosp,2025-11-08,45,quantile,0.01,0.0
2025-10-18,2,wk inc flu hosp,2025-11-08,45,quantile,0.025,0.0
2025-10-18,2,wk inc flu hosp,2025-11-08,45,quantile,0.05,0.0
2025-10-18,2,wk inc flu hosp,2025-11-08,45,quantile,0.1,0.0
2025-10-18,2,wk inc flu hosp,2025-11-08,45,quantile,0.15,0.0
2025-10-18,2,wk inc flu hosp,2025-11-08,45,quantile,0.2,0.0
2025-10-18,2,wk inc flu hosp,2025-11-08,45,quantile,0.25,0.0
2025-10-18,2,wk inc flu hosp,2025-11-08,45,quantile,0.3,0.0
2025-10-18,2,wk inc flu hosp,2025-11-08,45,quantile,0.35,0.0
2025-10-18,2,wk inc flu hosp,2025-11-08,45,quantile,0.4,0.0
2025-10-18,2,wk inc flu hosp,2025-11-08,45,quantile,0.45,2.2886330475895376
2025-10-18,2,wk inc flu hosp,2025-11-08,45,quantile,0.5,7.239161571347597
2025-10-18,2,wk inc flu hosp,2025-11-08,45,quantile,0.55,12.18969009510566
2025-10-18,2,wk inc flu hosp,2025-11-08,45,quantile,0.6,17.219971835395857
2025-10-18,2,wk inc flu hosp,2025-11-08,45,quantile,0.65,22.419167257092795
2025-10-18,2,wk inc flu hosp,2025-11-08,45,quantile,0.7,27.898336098806364
2025-10-18,2,wk inc flu hosp,2025-11-08,45,quantile,0.75,33.81122076771394
2025-10-18,2,wk inc flu hosp,2025-11-08,45,quantile,0.8,40.395498243501606
2025-10-18,2,wk inc flu hosp,2025-11-08,45,quantile,0.85,48.070277790257315
2025-10-18,2,wk inc flu hosp,2025-11-08,45,quantile,0.9,57.726902938725466
2025-10-18,2,wk inc flu hosp,2025-11-08,45,quantile,0.95,72.03947607873076
2025-10-18,2,wk inc flu hosp,2025-11-08,45,quantile,0.975,84.45349878670787
2025-10-18,2,wk inc flu hosp,2025-11-08,45,quantile,0.99,98.88748299118186
2025-10-25,2,wk inc flu hosp,2025-11-15,45,quantile,0.01,0.0
2025-10-25,2,wk inc flu hosp,2025-11-15,45,quantile,0.025,0.0
2025-10-25,2,wk inc flu hosp,2025-11-15,45,quantile,0.05,0.0
2025-10-25,2,wk inc flu hosp,2025-11-15,45,quantile,0.1,0.0
2025-10-25,2,wk inc flu hosp,2025-11-15,45,quantile,0.15,0.0
2025-10-25,2,wk inc flu hosp,2025-11-15,45,quantile,0.2,0.0
2025-10-25,2,wk inc flu hosp,2025-11-15,45,quantile,0.25,0.0
2025-10-25,2,wk inc flu hosp,2025-11-15,45,quantile,0.3,0.0
2025-10-25,2,wk inc flu hosp,2025-11-15,45,quantile,0.35,0.0
2025-10-25,2,wk inc flu hosp,2025-11-15,45,quantile,0.4,0.0
2025-10-25,2,wk inc flu hosp,2025-11-15,45,quantile,0.45,3.5561561579263046
2025-10-25,2,wk inc flu hosp,2025-11-15,45,quantile,0.5,8.280630012096166
2025-10-25,2,wk inc flu hosp,2025-11-15,45,quantile,0.55,13.005103866266033
2025-10-25,2,wk inc flu hosp,2025-11-15,45,quantile,0.6,17.805689187016434
2025-10-25,2,wk inc flu hosp,2025-11-15,45,quantile,0.65,22.767475128587
2025-10-25,2,wk inc flu hosp,2025-11-15,45,quantile,0.7,27.996450138230443
2025-10-25,2,wk inc flu hosp,2025-11-15,45,quantile,0.75,33.63933632440463
2025-10-25,2,wk inc flu hosp,2025-11-15,45,quantile,0.8,39.92295768597678
2025-10-25,2,wk inc flu hosp,2025-11-15,45,quantile,0.85,47.247285811984575
2025-10-25,2,wk inc flu hosp,2025-11-15,45,quantile,0.9,56.46296305018456
2025-10-25,2,wk inc flu hosp,2025-11-15,45,quantile,0.95,70.12198496296357
2025-10-25,2,wk inc flu hosp,2025-11-15,45,quantile,0.975,81.96914944801667
2025-10-25,2,wk inc flu hosp,2025-11-15,45,quantile,0.99,95.74403846406283
2025-11-01,2,wk inc flu hosp,2025-11-22,45,quantile,0.01,4.879761785144275
2025-11-01,2,wk inc flu hosp,2025-11-22,45,quantile,0.025,4.879761785144275
2025-11-01,2,wk inc flu hosp,2025-11-22,45,quantile,0.05,6.350851167340726
2025-11-01,2,wk inc flu hosp,2025-11-22,45,quantile,0.1,12.067110014863271
2025-11-01,2,wk inc flu hosp,2025-11-22,45,quantile,0.15,15.443191362402239
2025-11-01,2,wk inc flu hosp,2025-11-22,45,quantile,0.2,19.69153331326021
2025-11-01,2,wk inc flu hosp,2025-11-22,45,quantile,0.25,23.684455525352654
2025-11-01,2,wk inc flu hosp,2025-11-22,45,quantile,0.3,27.217197719396964
2025-11-01,2,wk inc flu hosp,2025-11-22,45,quantile,0.35,31.25553208243858
2025-11-01,2,wk inc flu hosp,2025-11-22,45,quantile,0.4,35.87181697727635
2025-11-01,2,wk inc flu hosp,2025-11-22,45,quantile,0.45,41.14876641101688
2025-11-01,2,wk inc flu hosp,2025-11-22,45,quantile,0.5,44.4037470418557
2025-11-01,2,wk inc flu hosp,2025-11-22,45,quantile,0.55,44.818057208087616
2025-11-01,2,wk inc flu hosp,2025-11-22,45,quantile,0.6,45.23614796347851
2025-11-01,2,wk inc flu hosp,2025-11-22,45,quantile,0.65,45.65805380598559
2025-11-01,2,wk inc flu hosp,2025-11-22,45,quantile,0.7,46.08380954836067
2025-11-01,2,wk inc flu hosp,2025-11-22,45,quantile,0.75,46.513450321022674
2025-11-01,2,wk inc flu hosp,2025-11-22,45,quantile,0.8,46.94701157495636
2025-11-01,2,wk inc flu hosp,2025-11-22,45,quantile,0.85,47.38452908463747
2025-11-01,2,wk inc flu hosp,2025-11-22,45,quantile,0.9,47.82603895098462
2025-11-01,2,wk inc flu hosp,2025-11-22,45,quantile,0.95,48.27157760433808
2025-11-01,2,wk inc flu hosp,2025-11-22,45,quantile,0.975,48.4958692014389
2025-11-01,2,wk inc flu hosp,2025-11-22,45,quantile,0.99,54.72632257479925
2025-09-20,2,wk inc flu hosp,2025-10-11,46,quantile,0.01,0.0
2025-09-20,2,wk inc flu hosp,2025-10-11,46,quantile,0.025,0.0
2025-09-20,2,wk inc flu hosp,2025-10-11,46,quantile,0.05,0.0
2025-09-20,2,wk inc flu hosp,2025-10-11,46,quantile,0.1,0.0
2025-09-20,2,wk inc flu hosp,2025-10-11,46,quantile,0.15,0.0
2025-09-20,2,wk inc flu hosp,2025-10-11,46,quantile,0.2,0.0
2025-09-20,2,wk inc flu hosp,2025-10-11,46,quantile,0.25,0.0
2025-09-20,2,wk inc flu hosp,2025-10-11,46,quantile,0.3,0.0
2025-09-20,2,wk inc flu hosp,2025-10-11,46,quantile,0.35,0.0
2025-09-20,2,wk inc flu hosp,2025-10-11,46,quantile,0.4,0.0
2025-09-20,2,wk inc flu hosp,2025-10-11,46,quantile,0.45,0.28727492993403914
2025-09-20,2,wk inc flu hosp,2025-10-11,46,quantile,0.5,1.3170683108225814
2025-09-20,2,wk inc flu hosp,2025-10-11,46,quantile,0.55,2.3468616917111245
2025-09-20,2,wk inc flu hosp,2025-10-11,46,quantile,0.6,3.3932450859881804
2025-09-20,2,wk inc flu hosp,2025-10-11,46,quantile,0.65,4.474765373269568
2025-09-20,2,wk inc flu hosp,2025-10-11,46,quantile,0.7,5.614524851250334
2025-09-20,2,wk inc flu hosp,2025-10-11,46,quantile,0.75,6.844504532162469
2025-09-20,2,wk inc flu hosp,2025-10-11,46,quantile,0.8,8.214145234152095
2025-09-20,2,wk inc flu hosp,2025-10-11,46,quantile,0.85,9.810628748810872
2025-09-20,2,wk inc flu hosp,2025-10-11,46,quantile,0.9,11.819369555351136
2025-09-20,2,wk inc flu hosp,2025-10-11,46,quantile,0.95,14.796626026519164
2025-09-20,2,wk inc flu hosp,2025-10-11,46,quantile,0.975,17.37895200515434
2025-09-20,2,wk inc flu hosp,2025-10-11,46,quantile,0.99,20.381464024281836
2025-09-27,2,wk inc flu hosp,2025-10-18,46,quantile,0.01,0.0
2025-09-27,2,wk inc flu hosp,2025-10-18,46,quantile,0.025,0.0
2025-09-27,2,wk inc flu hosp,2025-10-18,46,quantile,0.05,0.0
2025-09-27,2,wk inc flu hosp,2025-10-18,46,quantile,0.1,0.0
2025-09-27,2,wk inc flu hosp,2025-10-18,46,quantile,0.15,0.0
2025-09-27,2,wk inc flu hosp,2025-10-18,46,quantile,0.2,0.0
2025-09-27,2,wk inc flu hosp,2025-10-18,46,quantile,0.25,0.0
2025-09-27,2,wk inc flu hosp,2025-10-18,46,quantile,0.3,0.0
2025-09-27,2,wk inc flu hosp,2025-10-18,46,quantile,0.35,0.0
2025-09-27,2,wk inc flu hosp,2025-10-18,46,quantile,0.4,0.0
2025-09-27,2,wk inc flu hosp,2025-10-18,46,quantile,0.45,0.622284367263345
2025-09-27,2,wk inc flu hosp,2025-10-18,46,quantile,0.5,1.57142608790403
2025-09-27,2,wk inc flu hosp,2025-10-18,46,quantile,0.55,2.5205678085447163
2025-09-27,2,wk inc flu hosp,2025-10-18,46,quantile,0.6,3.4850002410361993
2025-09-27,2,wk inc flu hosp,2025-10-18,46,quantile,0.65,4.4818177050330545
2025-09-27,2,wk inc flu hosp,2025-10-18,46,quantile,0.7,5.532313165698943
2025-09-27,2,wk inc flu hosp,2025-10-18,46,quantile,0.75,6.665962936963474
2025-09-27,2,wk inc flu hosp,2025-10-18,46,quantile,0.8,7.928335716466368
2025-09-27,2,wk inc flu hosp,2025-10-18,46,quantile,0.85,9.399785366657628
2025-09-27,2,wk inc flu hosp,2025-10-18,46,quantile,0.9,11.251205021147655
2025-09-27,2,wk inc flu hosp,2025-10-18,46,quantile,0.95,13.995287846184658
2025-09-27,2,wk inc flu hosp,2025-10-18,46,quantile,0.975,16.375370460914738
2025-09-27,2,wk inc flu hosp,2025-10-18,46,quantile,0.99,19.14273086249364
2025-10-04,2,wk inc flu hosp,2025-10-25,46,quantile,0.01,0.0
2025-10-04,2,wk inc flu hosp,2025-10-25,46,quantile,0.025,0.0
2025-10-04,2,wk inc flu hosp,2025-10-25,46,quantile,0.05,0.0
2025-10-04,2,wk inc flu hosp,2025-10-25,46,quantile,0.1,0.0
2025-10-04,2,wk inc flu hosp,2025-10-25,46,quantile,0.15,0.0
2025-10-04,2,wk inc flu hosp,2025-10-25,46,quantile,0.2,0.0
2025-10-04,2,wk inc flu hosp,2025-10-25,46,quantile,0.25,0.0
2025-10-04,2,wk inc flu hosp,2025-10-25,46,quantile,0.3,0.0
2025-10-04,2,wk inc flu hosp,2025-10-25,46,quantile,0.35,0.0
2025-10-04,2,wk inc flu hosp,2025-10-25,46,quantile,0.4,0.0
2025-10-04,2,wk inc flu hosp,2025-10-25,46,quantile,0.45,0.0
2025-10-04,2,wk inc flu hosp,2025-10-25,46,quantile,0.5,0.691919993591112
2025-10-04,2,wk inc flu hosp,2025-10-25,46,quantile,0.55,1.4498605310104211
2025-10-04,2,wk inc flu hosp,2025-10-25,46,quantile,0.6,2.220011521416555
2025-10-04,2,wk inc flu hosp,2025-10-25,46,quantile,0.65,3.0160236953000665
2025-10-04,2,wk inc flu hosp,2025-10-25,46,quantile,0.7,3.8549006266356645
2025-10-04,2,wk inc flu hosp,2025-10-25,46,quantile,0.75,4.760180732010777
2025-10-04,2,wk inc flu hosp,2025-10-25,46,quantile,0.8,5.7682530589485
2025-10-04,2,wk inc flu hosp,2025-10-25,46,quantile,0.85,6.943284473539138
2025-10-04,2,wk inc flu hosp,2025-10-25,46,quantile,0.9,8.421742302751003
2025-10-04,2,wk inc flu hosp,2025-10-25,46,quantile,0.95,10.613039519912322
2025-10-04,2,wk inc flu hosp,2025-10-25,46,quantile,0.975,12.513663058927305
2025-10-04,2,wk inc flu hosp,2025-10-25,46,quantile,0.99,14.723548668622962
2025-10-11,2,wk inc flu hosp,2025-11-01,46,quantile,0.01,0.0
2025-10-11,2,wk inc flu hosp,2025-11-01,46,quantile,0.025,0.0
2025-10-11,2,wk inc flu hosp,2025-11-01,46,quantile,0.05,0.0
2025-10-11,2,wk inc flu hosp,2025-11-01,46,quantile,0.1,0.0
2025-10-11,2,wk inc flu hosp,2025-11-01,46,quantile,0.15,0.0
2025-10-11,2,wk inc flu hosp,2025-11-01,46,quantile,0.2,0.0
2025-10-11,2,wk inc flu hosp,2025-11-01,46,quantile,0.25,0.0
2025-10-11,2,wk inc flu hosp,2025-11-01,46,quantile,0.3,0.0
2025-10-11,2,wk inc flu hosp,2025-11-01,46,quantile,0.35,0.0
2025-10-11,2,wk inc flu hosp,2025-11-01,46,quantile,0.4,0.0
2025-10-11,2,wk inc flu hosp,2025-11-01,46,quantile,0.45,0.31091529912001536
2025-10-11,2,wk inc flu hosp,2025-11-01,46,quantile,0.5,1.262046603425106
2025-10-11,2,wk inc flu hosp,2025-11-01,46,quantile,0.55,2.213177907730198
2025-10-11,2,wk inc flu hosp,2025-11-01,46,quantile,0.6,3.179631976160109
2025-10-11,2,wk inc flu hosp,2025-11-01,46,quantile,0.65,4.1785389613524115
2025-10-11,2,wk inc flu hosp,2025-11-01,46,quantile,0.7,5.2312364626225865
2025-10-11,2,wk inc flu hosp,2025-11-01,46,quantile,0.75,6.367262581925579
2025-10-11,2,wk inc flu hosp,2025-11-01,46,quantile,0.8,7.632281537658924
2025-10-11,2,wk inc flu hosp,2025-11-01,46,quantile,0.85,9.106815629428667
2025-10-11,2,wk inc flu hosp,2025-11-01,46,quantile,0.9,10.962116215733644
2025-10-11,2,wk inc flu hosp,2025-11-01,46,quantile,0.95,13.711951166342352
2025-10-11,2,wk inc flu hosp,2025-11-01,46,quantile,0.975,16.097022892168518
2025-10-11,2,wk inc flu hosp,2025-11-01,46,quantile,0.99,18.870184213598236
2025-10-18,2,wk inc flu hosp,2025-11-08,46,quantile,0.01,0.0
2025-10-18,2,wk inc flu hosp,2025-11-08,46,quantile,0.025,0.0
2025-10-18,2,wk inc flu hosp,2025-11-08,46,quantile,0.05,0.0
2025-10-18,2,wk inc flu hosp,2025-11-08,46,quantile,0.1,0.0
2025-10-18,2,wk inc flu hosp,2025-11-08,46,quantile,0.15,0.0
2025-10-18,2,wk inc flu hosp,2025-11-08,46,quantile,0.2,0.0
2025-10-18,2,wk inc flu hosp,2025-11-08,46,quantile,0.25,0.0
2025-10-18,2,wk inc flu hosp,2025-11-08,46,quantile,0.3,0.0
2025-10-18,2,wk inc flu hosp,2025-11-08,46,quantile,0.35,0.0
2025-10-18,2,wk inc flu hosp,2025-11-08,46,quantile,0.4,0.0
2025-10-18,2,wk inc flu hosp,2025-11-08,46,quantile,0.45,0.0
2025-10-18,2,wk inc flu hosp,2025-11-08,46,quantile,0.5,1.1111111111111112
2025-10-18,2,wk inc flu hosp,2025-11-08,46,quantile,0.55,2.6042892171676737
2025-10-18,2,wk inc flu hosp,2025-11-08,46,quantile,0.6,4.121522483444375
2025-10-18,2,wk inc flu hosp,2025-11-08,46,quantile,0.65,5.689703483822504
2025-10-18,2,wk inc flu hosp,2025-11-08,46,quantile,0.7,7.342330049768098
2025-10-18,2,wk inc flu hosp,2025-11-08,46,quantile,0.75,9.125773956591201
2025-10-18,2,wk inc flu hosp,2025-11-08,46,quantile,0.8,11.111723320152123
2025-10-18,2,wk inc flu hosp,2025-11-08,46,quantile,0.85,13.426589850670952
2025-10-18,2,wk inc flu hosp,2025-11-08,46,quantile,0.9,16.339220528565118
2025-10-18,2,wk inc flu hosp,2025-11-08,46,quantile,0.95,20.656177950671985
2025-10-18,2,wk inc flu hosp,2025-11-08,46,quantile,0.975,24.400494709313552
2025-10-18,2,wk inc flu hosp,2025-11-08,46,quantile,0.99,28.75407212914948
2025-10-25,2,wk inc flu hosp,2025-11-15,46,quantile,0.01,0.0
2025-10-25,2,wk inc flu hosp,2025-11-15,46,quantile,0.025,0.0
2025-10-25,2,wk inc flu hosp,2025-11-15,46,quantile,0.05,0.0
2025-10-25,2,wk inc flu hosp,2025-11-15,46,quantile,0.1,0.0
2025-10-25,2,wk inc flu hosp,2025-11-15,46,quantile,0.15,0.0
2025-10-25,2,wk inc flu hosp,2025-11-15,46,quantile,0.2,0.0
2025-10-25,2,wk inc flu hosp,2025-11-15,46,quantile,0.25,0.0
2025-10-25,2,wk inc flu hosp,2025-11-15,46,quantile,0.3,0.0
2025-10-25,2,wk inc flu hosp,2025-11-15,46,quantile,0.35,0.0
2025-10-25,2,wk inc flu hosp,2025-11-15,46,quantile,0.4,0.0
2025-10-25,2,wk inc flu hosp,2025-11-15,46,quantile,0.45,0.0
2025-10-25,2,wk inc flu hosp,2025-11-15,46,quantile,0.5,1.1111111111111112
2025-10-25,2,wk inc flu hosp,2025-11-15,46,quantile,0.55,2.6458704611617625
2025-10-25,2,wk inc flu hosp,2025-11-15,46,quantile,0.6,4.205354846970088
2025-10-25,2,wk inc flu hosp,2025-11-15,46,quantile,0.65,5.817205732768535
2025-10-25,2,wk inc flu hosp,2025-11-15,46,quantile,0.7,7.515853780137519
2025-10-25,2,wk inc flu hosp,2025-11-15,46,quantile,0.75,9.348962101365434
2025-10-25,2,wk inc flu hosp,2025-11-15,46,quantile,0.8,11.39021514551957
2025-10-25,2,wk inc flu hosp,2025-11-15,46,quantile,0.85,13.769544870099995
2025-10-25,2,wk inc flu hosp,2025-11-15,46,quantile,0.9,16.763284965813067
2025-10-25,2,wk inc flu hosp,2025-11-15,46,quantile,0.95,21.200458763416346
2025-10-25,2,wk inc flu hosp,2025-11-15,46,quantile,0.975,25.049045299454672
2025-10-25,2,wk inc flu hosp,2025-11-15,46,quantile,0.99,29.523858869356747
2025-11-01,2,wk inc flu hosp,2025-11-22,46,quantile,0.01,0.04818889787085805
2025-11-01,2,wk inc flu hosp,2025-11-22,46,quantile,0.025,0.04818889787085805
2025-11-01,2,wk inc flu hosp,2025-11-22,46,quantile,0.05,0.04818889787085805
2025-11-01,2,wk inc flu hosp,2025-11-22,46,quantile,0.1,0.04818889787085805
2025-11-01,2,wk inc flu hosp,2025-11-22,46,quantile,0.15,0.054769202412172806
2025-11-01,2,wk inc flu hosp,2025-11-22,46,quantile,0.2,0.06920704522241276
2025-11-01,2,wk inc flu hosp,2025-11-22,46,quantile,0.25,0.08384251544207698
2025-11-01,2,wk inc flu hosp,2025-11-22,46,quantile,0.3,0.09867831822549278
2025-11-01,2,wk inc flu hosp,2025-11-22,46,quantile,0.35,0.11371719575555525
2025-11-01,2,wk inc flu hosp,2025-11-22,46,quantile,0.4,0.15270622086911403
2025-11-01,2,wk inc flu hosp,2025-11-22,46,quantile,0.45,0.2341026280191641
2025-11-01,2,wk inc flu hosp,2025-11-22,46,quantile,0.5,0.32124670528410376
2025-11-01,2,wk inc flu hosp,2025-11-22,46,quantile,0.55,0.4145443147026432
2025-11-01,2,wk inc flu hosp,2025-11-22,46,quantile,0.6,0.5144299775773633
2025-11-01,2,wk inc flu hosp,2025-11-22,46,quantile,0.65,0.6213688982003356
2025-11-01,2,wk inc flu hosp,2025-11-22,46,quantile,0.7,0.7358591304807145
2025-11-01,2,wk inc flu hosp,2025-11-22,46,quantile,0.75,0.858433897565088
2025-11-01,2,wk inc flu hosp,2025-11-22,46,quantile,0.8,0.9896640752539088
2025-11-01,2,wk inc flu hosp,2025-11-22,46,quantile,0.85,1.130160850780189
2025-11-01,2,wk inc flu hosp,2025-11-22,46,quantile,0.9,1.4160722347129011
2025-11-01,2,wk inc flu hosp,2025-11-22,46,quantile,0.95,2.2820282233461695
2025-11-01,2,wk inc flu hosp,2025-11-22,46,quantile,0.975,2.7146031577600493
2025-11-01,2,wk inc flu hosp,2025-11-22,46,quantile,0.99,3.0010547191273353
2025-09-20,2,wk inc flu hosp,2025-10-11,47,quantile,0.01,0.0
2025-09-20,2,wk inc flu hosp,2025-10-11,47,quantile,0.025,0.0
2025-09-20,2,wk inc flu hosp,2025-10-11,47,quantile,0.05,0.0
2025-09-20,2,wk inc flu hosp,2025-10-11,47,quantile,0.1,0.0
2025-09-20,2,wk inc flu hosp,2025-10-11,47,quantile,0.15,5.044895209002533
2025-09-20,2,wk inc flu hosp,2025-10-11,47,quantile,0.2,13.775853543897078
2025-09-20,2,wk inc flu hosp,2025-10-11,47,quantile,0.25,21.266238375965344
2025-09-20,2,wk inc flu hosp,2025-10-11,47,quantile,0.3,27.99283545523803
2025-09-20,2,wk inc flu hosp,2025-10-11,47,quantile,0.35,34.22603011254593
2025-09-20,2,wk inc flu hosp,2025-10-11,47,quantile,0.4,40.14072229689661
2025-09-20,2,wk inc flu hosp,2025-10-11,47,quantile,0.45,45.86325543543088
2025-09-20,2,wk inc flu hosp,2025-10-11,47,quantile,0.5,51.49505997304914
2025-09-20,2,wk inc flu hosp,2025-10-11,47,quantile,0.55,57.1268645106674
2025-09-20,2,wk inc flu hosp,2025-10-11,47,quantile,0.6,62.84939764920166
2025-09-20,2,wk inc flu hosp,2025-10-11,47,quantile,0.65,68.76408983355235
2025-09-20,2,wk inc flu hosp,2025-10-11,47,quantile,0.7,74.99728449086024
2025-09-20,2,wk inc flu hosp,2025-10-11,47,quantile,0.75,81.72388157013293
2025-09-20,2,wk inc flu hosp,2025-10-11,47,quantile,0.8,89.2142664022012
2025-09-20,2,wk inc flu hosp,2025-10-11,47,quantile,0.85,97.94522473709574
2025-09-20,2,wk inc flu hosp,2025-10-11,47,quantile,0.9,108.93076397158887
2025-09-20,2,wk inc flu hosp,2025-10-11,47,quantile,0.95,125.21298797414558
2025-09-20,2,wk inc flu hosp,2025-10-11,47,quantile,0.975,139.3353890635163
2025-09-20,2,wk inc flu hosp,2025-10-11,47,quantile,0.99,155.75573233566416
2025-09-27,2,wk inc flu hosp,2025-10-18,47,quantile,0.01,0.0
2025-09-27,2,wk inc flu hosp,2025-10-18,47,quantile,0.025,0.0
2025-09-27,2,wk inc flu hosp,2025-10-18,47,quantile,0.05,0.0
2025-09-27,2,wk inc flu hosp,2025-10-18,47,quantile,0.1,0.0
2025-09-27,2,wk inc flu hosp,2025-10-18,47,quantile,0.15,0.0
2025-09-27,2,wk inc flu hosp,2025-10-18,47,quantile,0.2,5.832782955753586
2025-09-27,2,wk inc flu hosp,2025-10-18,47,quantile,0.25,13.9466076727835
2025-09-27,2,wk inc flu hosp,2025-10-18,47,quantile,0.3,21.23307303697142
2025-09-27,2,wk inc flu hosp,2025-10-18,47,quantile,0.35,27.985069097307175
2025-09-27,2,wk inc flu hosp,2025-10-18,47,quantile,0.4,34.39205307943148
2025-09-27,2,wk inc flu hosp,2025-10-18,47,quantile,0.45,40.59088422955828
2025-09-27,2,wk inc flu hosp,2025-10-18,47,quantile,0.5,46.69143525374253
2025-09-27,2,wk inc flu hosp,2025-10-18,47,quantile,0.55,52.791986277926796
2025-09-27,2,wk inc flu hosp,2025-10-18,47,quantile,0.6,58.99081742805359
2025-09-27,2,wk inc flu hosp,2025-10-18,47,quantile,0.65,65.39780141017789
2025-09-27,2,wk inc flu hosp,2025-10-18,47,quantile,0.7,72.14979747051363
2025-09-27,2,wk inc flu hosp,2025-10-18,47,quantile,0.75,79.43626283470157
2025-09-27,2,wk inc flu hosp,2025-10-18,47,quantile,0.8,87.55008755173148
2025-09-27,2,wk inc flu hosp,2025-10-18,47,quantile,0.85,97.00774121429566
2025-09-27,2,wk inc flu hosp,2025-10-18,47,quantile,0.9,108.90762910645356
2025-09-27,2,wk inc flu hosp,2025-10-18,47,quantile,0.95,126.54505555676897
2025-09-27,2,wk inc flu hosp,2025-10-18,47,quantile,0.975,141.84289266283741
2025-09-27,2,wk inc flu hosp,2025-10-18,47,quantile,0.99,159.62993432901055
2025-10-04,2,wk inc flu hosp,2025-10-25,47,quantile,0.01,0.0
2025-10-04,2,wk inc flu hosp,2025-10-25,47,quantile,0.025,0.0
2025-10-04,2,wk inc flu hosp,2025-10-25,47,quantile,0.05,0.0
2025-10-04,2,wk inc flu hosp,2025-10-25,47,quantile,0.1,0.0
2025-10-04,2,wk inc flu hosp,2025-10-25,47,quantile,0.15,0.0
2025-10-04,2,wk inc flu hosp,2025-10-25,47,quantile,0.2,0.0
2025-10-04,2,wk inc flu hosp,2025-10-25,47,quantile,0.25,0.0
2025-10-04,2,wk inc flu hosp,2025-10-25,47,quantile,0.3,1.0486290340013191
2025-10-04,2,wk inc flu hosp,2025-10-25,47,quantile,0.35,5.272726781396766
2025-10-04,2,wk inc flu hosp,2025-10-25,47,quantile,0.4,9.280982468255706
2025-10-04,2,wk inc flu hosp,2025-10-25,47,quantile,0.45,13.15901623245688
2025-10-04,2,wk inc flu hosp,2025-10-25,47,quantile,0.5,16.975565236463
2025-10-04,2,wk inc flu hosp,2025-10-25,47,quantile,0.55,20.79211424046913
2025-10-04,2,wk inc flu hosp,2025-10-25,47,quantile,0.6,24.670148004670295
2025-10-04,2,wk inc flu hosp,2025-10-25,47,quantile,0.65,28.678403691529237
2025-10-04,2,wk inc flu hosp,2025-10-25,47,quantile,0.7,32.90250143892467
2025-10-04,2,wk inc flu hosp,2025-10-25,47,quantile,0.75,37.4609670624681
2025-10-04,2,wk inc flu hosp,2025-10-25,47,quantile,0.8,42.537034702866464
2025-10-04,2,wk inc flu hosp,2025-10-25,47,quantile,0.85,48.453811486308055
2025-10-04,2,wk inc flu hosp,2025-10-25,47,quantile,0.9,55.89846773171216
2025-10-04,2,wk inc flu hosp,2025-10-25,47,quantile,0.95,66.93256974730566
2025-10-04,2,wk inc flu hosp,2025-10-25,47,quantile,0.975,76.50300768629832
2025-10-04,2,wk inc flu hosp,2025-10-25,47,quantile,0.99,87.63071006697396
2025-10-11,2,wk inc flu hosp,2025-11-01,47,quantile,0.01,0.0
2025-10-11,2,wk inc flu hosp,2025-11-01,47,quantile,0.025,0.0
2025-10-11,2,wk inc flu hosp,2025-11-01,47,quantile,0.05,0.0
2025-10-11,2,wk inc flu hosp,2025-11-01,47,quantile,0.1,0.0
2025-10-11,2,wk inc flu hosp,2025-11-01,47,quantile,0.15,0.0
2025-10-11,2,wk inc flu hosp,2025-11-01,47,quantile,0.2,0.0
2025-10-11,2,wk inc flu hosp,2025-11-01,47,quantile,0.25,0.0
2025-10-11,2,wk inc flu hosp,2025-11-01,47,quantile,0.3,0.5860789255201411
2025-10-11,2,wk inc flu hosp,2025-11-01,47,quantile,0.35,6.086170999449417
2025-10-11,2,wk inc flu hosp,2025-11-01,47,quantile,0.4,11.30522052243171
2025-10-11,2,wk inc flu hosp,2025-11-01,47,quantile,0.45,16.35471133548514
2025-10-11,2,wk inc flu hosp,2025-11-01,47,quantile,0.5,21.324144379415024
2025-10-11,2,wk inc flu hosp,2025-11-01,47,quantile,0.55,26.293577423344917
2025-10-11,2,wk inc flu hosp,2025-11-01,47,quantile,0.6,31.343068236398338
2025-10-11,2,wk inc flu hosp,2025-11-01,47,quantile,0.65,36.562117759380634
2025-10-11,2,wk inc flu hosp,2025-11-01,47,quantile,0.7,42.06220983330989
2025-10-11,2,wk inc flu hosp,2025-11-01,47,quantile,0.75,47.997673959534126
2025-10-11,2,wk inc flu hosp,2025-11-01,47,quantile,0.8,54.60709473179218
2025-10-11,2,wk inc flu hosp,2025-11-01,47,quantile,0.85,62.3111818613766
2025-10-11,2,wk inc flu hosp,2025-11-01,47,quantile,0.9,72.00468264121116
2025-10-11,2,wk inc flu hosp,2025-11-01,47,quantile,0.95,86.37191102183118
2025-10-11,2,wk inc flu hosp,2025-11-01,47,quantile,0.975,98.83333900008805
2025-10-11,2,wk inc flu hosp,2025-11-01,47,quantile,0.99,113.32244207606107
2025-10-18,2,wk inc flu hosp,2025-11-08,47,quantile,0.01,0.0
2025-10-18,2,wk inc flu hosp,2025-11-08,47,quantile,0.025,0.0
2025-10-18,2,wk inc flu hosp,2025-11-08,47,quantile,0.05,0.0
2025-10-18,2,wk inc flu hosp,2025-11-08,47,quantile,0.1,0.0
2025-10-18,2,wk inc flu hosp,2025-11-08,47,quantile,0.15,0.0
2025-10-18,2,wk inc flu hosp,2025-11-08,47,quantile,0.2,0.0
2025-10-18,2,wk inc flu hosp,2025-11-08,47,quantile,0.25,6.551643520815304
2025-10-18,2,wk inc flu hosp,2025-11-08,47,quantile,0.3,14.056105395217344
2025-10-18,2,wk inc flu hosp,2025-11-08,47,quantile,0.35,21.010107710241
2025-10-18,2,wk inc flu hosp,2025-11-08,47,quantile,0.4,27.6087758738294
2025-10-18,2,wk inc flu hosp,2025-11-08,47,quantile,0.45,33.993063687865686
2025-10-18,2,wk inc flu hosp,2025-11-08,47,quantile,0.5,40.27613103061939
2025-10-18,2,wk inc flu hosp,2025-11-08,47,quantile,0.55,46.5591983733731
2025-10-18,2,wk inc flu hosp,2025-11-08,47,quantile,0.6,52.94348618740938
2025-10-18,2,wk inc flu hosp,2025-11-08,47,quantile,0.65,59.54215435099778
2025-10-18,2,wk inc flu hosp,2025-11-08,47,quantile,0.7,66.49615666602142
2025-10-18,2,wk inc flu hosp,2025-11-08,47,quantile,0.75,74.00061854042347
2025-10-18,2,wk inc flu hosp,2025-11-08,47,quantile,0.8,82.3571927092651
2025-10-18,2,wk inc flu hosp,2025-11-08,47,quantile,0.85,92.09780050530888
2025-10-18,2,wk inc flu hosp,2025-11-08,47,quantile,0.9,104.35370930784941
2025-10-18,2,wk inc flu hosp,2025-11-08,47,quantile,0.95,122.51881237819299
2025-10-18,2,wk inc flu hosp,2025-11-08,47,quantile,0.975,138.2743302576221
2025-10-18,2,wk inc flu hosp,2025-11-08,47,quantile,0.99,156.59352473266142
2025-10-25,2,wk inc flu hosp,2025-11-15,47,quantile,0.01,28.715637019025724
2025-10-25,2,wk inc flu hosp,2025-11-15,47,quantile,0.025,28.721102364847766
2025-10-25,2,wk inc flu hosp,2025-11-15,47,quantile,0.05,28.725802863766194
2025-10-25,2,wk inc flu hosp,2025-11-15,47,quantile,0.1,28.731222237980916
2025-10-25,2,wk inc flu hosp,2025-11-15,47,quantile,0.15,28.73487866403505
2025-10-25,2,wk inc flu hosp,2025-11-15,47,quantile,0.2,28.73778467555181
2025-10-25,2,wk inc flu hosp,2025-11-15,47,quantile,0.25,28.740277774677022
2025-10-25,2,wk inc flu hosp,2025-11-15,47,quantile,0.3,28.742516654743927
2025-10-25,2,wk inc flu hosp,2025-11-15,47,quantile,0.35,28.744591310785744
2025-10-25,2,wk inc flu hosp,2025-11-15,47,quantile,0.4,28.746559956488372
2025-10-25,2,wk inc flu hosp,2025-11-15,47,quantile,0.45,28.74846464398862
2025-10-25,2,wk inc flu hosp,2025-11-15,47,quantile,0.5,28.750339133388145
2025-10-25,2,wk inc flu hosp,2025-11-15,47,quantile,0.55,28.75221362278767
2025-10-25,2,wk inc flu hosp,2025-11-15,47,quantile,0.6,28.754118310287918
2025-10-25,2,wk inc flu hosp,2025-11-15,47,quantile,0.65,28.756086955990547
2025-10-25,2,wk inc flu hosp,2025-11-15,47,quantile,0.7,28.758161612032364
2025-10-25,2,wk inc flu hosp,2025-11-15,47,quantile,0.75,28.76040049209927
2025-10-25,2,wk inc flu hosp,2025-11-15,47,quantile,0.8,28.76289359122448
2025-10-25,2,wk inc flu hosp,2025-11-15,47,quantile,0.85,28.76579960274124
2025-10-25,2,wk inc flu hosp,2025-11-15,47,quantile,0.9,28.769456028795375
2025-10-25,2,wk inc flu hosp,2025-11-15,47,quantile,0.95,28.774875403010096
2025-10-25,2,wk inc flu hosp,2025-11-15,47,quantile,0.975,28.779575901928524
2025-10-25,2,wk inc flu hosp,2025-11-15,47,quantile,0.99,28.785041247750566
2025-11-01,2,wk inc flu hosp,2025-11-22,47,quantile,0.01,20.93845876949138
2025-11-01,2,wk inc flu hosp,2025-11-22,47,quantile,0.025,24.43002740661541
2025-11-01,2,wk inc flu hosp,2025-11-22,47,quantile,0.05,36.220359917845975
2025-11-01,2,wk inc flu hosp,2025-11-22,47,quantile,0.1,49.90767334512785
2025-11-01,2,wk inc flu hosp,2025-11-22,47,quantile,0.15,53.784021010149274
2025-11-01,2,wk inc flu hosp,2025-11-22,47,quantile,0.2,54.051930745277446
2025-11-01,2,wk inc flu hosp,2025-11-22,47,quantile,0.25,54.32115063663102
2025-11-01,2,wk inc flu hosp,2025-11-22,47,quantile,0.3,54.591687091253476
2025-11-01,2,wk inc flu hosp,2025-11-22,47,quantile,0.35,54.86354654752059
2025-11-01,2,wk inc flu hosp,2025-11-22,47,quantile,0.4,55.136735475293825
2025-11-01,2,wk inc flu hosp,2025-11-22,47,quantile,0.45,55.411260376073976
2025-11-01,2,wk inc flu hosp,2025-11-22,47,quantile,0.5,55.68712778315606
2025-11-01,2,wk inc flu hosp,2025-11-22,47,quantile,0.55,55.964344261784944
2025-11-01,2,wk inc flu hosp,2025-11-22,47,quantile,0.6,56.24291640931132
2025-11-01,2,wk inc flu hosp,2025-11-22,47,quantile,0.65,56.53651561047122
2025-11-01,2,wk inc flu hosp,2025-11-22,47,quantile,0.7,56.84007451535087
2025-11-01,2,wk inc flu hosp,2025-11-22,47,quantile,0.75,57.1452349772201
2025-11-01,2,wk inc flu hosp,2025-11-22,47,quantile,0.8,57.452005445789155
2025-11-01,2,wk inc flu hosp,2025-11-22,47,quantile,0.85,57.760394415348465
2025-11-01,2,wk inc flu hosp,2025-11-22,47,quantile,0.9,59.51305737842585
2025-11-01,2,wk inc flu hosp,2025-11-22,47,quantile,0.95,62.61383116166418
2025-11-01,2,wk inc flu hosp,2025-11-22,47,quantile,0.975,64.22330173144253
2025-11-01,2,wk inc flu hosp,2025-11-22,47,quantile,0.99,65.2084646178472
2025-09-20,2,wk inc flu hosp,2025-10-11,48,quantile,0.01,0.0
2025-09-20,2,wk inc flu hosp,2025-10-11,48,quantile,0.025,0.0
2025-09-20,2,wk inc flu hosp,2025-10-11,48,quantile,0.05,0.0
2025-09-20,2,wk inc flu hosp,2025-10-11,48,quantile,0.1,0.0
2025-09-20,2,wk inc flu hosp,2025-10-11,48,quantile,0.15,0.0
2025-09-20,2,wk inc flu hosp,2025-10-11,48,quantile,0.2,15.850506645729538
2025-09-20,2,wk inc flu hosp,2025-10-11,48,quantile,0.25,32.57698297672631
2025-09-20,2,wk inc flu hosp,2025-10-11,48,quantile,0.3,47.5978756754449
2025-09-20,2,wk inc flu hosp,2025-10-11,48,quantile,0.35,61.51697132131811
2025-09-20,2,wk inc flu hosp,2025-10-11,48,quantile,0.4,74.7248319379209
2025-09-20,2,wk inc flu hosp,2025-10-11,48,quantile,0.45,87.50358993780969
2025-09-20,2,wk inc flu hosp,2025-10-11,48,quantile,0.5,100.07974555747514
2025-09-20,2,wk inc flu hosp,2025-10-11,48,quantile,0.55,112.65590117714058
2025-09-20,2,wk inc flu hosp,2025-10-11,48,quantile,0.6,125.43465917702937
2025-09-20,2,wk inc flu hosp,2025-10-11,48,quantile,0.65,138.64251979363218
2025-09-20,2,wk inc flu hosp,2025-10-11,48,quantile,0.7,152.56161543950535
2025-09-20,2,wk inc flu hosp,2025-10-11,48,quantile,0.75,167.58250813822394
2025-09-20,2,wk inc flu hosp,2025-10-11,48,quantile,0.8,184.30898446922075
2025-09-20,2,wk inc flu hosp,2025-10-11,48,quantile,0.85,203.80573546528512
2025-09-20,2,wk inc flu hosp,2025-10-11,48,quantile,0.9,228.33710015596267
2025-09-20,2,wk inc flu hosp,2025-10-11,48,quantile,0.95,264.6962780220686
2025-09-20,2,wk inc flu hosp,2025-10-11,48,quantile,0.975,296.23244243205886
2025-09-20,2,wk inc flu hosp,2025-10-11,48,quantile,0.99,332.9000488696557
2025-09-27,2,wk inc flu hosp,2025-10-18,48,quantile,0.01,0.0
2025-09-27,2,wk inc flu hosp,2025-10-18,48,quantile,0.025,0.0
2025-09-27,2,wk inc flu hosp,2025-10-18,48,quantile,0.05,0.0
2025-09-27,2,wk inc flu hosp,2025-10-18,48,quantile,0.1,0.0
2025-09-27,2,wk inc flu hosp,2025-10-18,48,quantile,0.15,0.0
2025-09-27,2,wk inc flu hosp,2025-10-18,48,quantile,0.2,19.612973785229457
2025-09-27,2,wk inc flu hosp,2025-10-18,48,quantile,0.25,40.309847969215625
2025-09-27,2,wk inc flu hosp,2025-10-18,48,quantile,0.3,58.896280650223005
2025-09-27,2,wk inc flu hosp,2025-10-18,48,quantile,0.35,76.11938046136774
2025-09-27,2,wk inc flu hosp,2025-10-18,48,quantile,0.4,92.46241793154142
2025-09-27,2,wk inc flu hosp,2025-10-18,48,quantile,0.45,108.27449582036621
2025-09-27,2,wk inc flu hosp,2025-10-18,48,quantile,0.5,123.8358791881287
2025-09-27,2,wk inc flu hosp,2025-10-18,48,quantile,0.55,139.3972625558912
2025-09-27,2,wk inc flu hosp,2025-10-18,48,quantile,0.6,155.20934044471596
2025-09-27,2,wk inc flu hosp,2025-10-18,48,quantile,0.65,171.55237791488966
2025-09-27,2,wk inc flu hosp,2025-10-18,48,quantile,0.7,188.77547772603435
2025-09-27,2,wk inc flu hosp,2025-10-18,48,quantile,0.75,207.36191040704176
2025-09-27,2,wk inc flu hosp,2025-10-18,48,quantile,0.8,228.05878459102797
2025-09-27,2,wk inc flu hosp,2025-10-18,48,quantile,0.85,252.1835191960244
2025-09-27,2,wk inc flu hosp,2025-10-18,48,quantile,0.9,282.53794403226703
2025-09-27,2,wk inc flu hosp,2025-10-18,48,quantile,0.95,327.52777421744656
2025-09-27,2,wk inc flu hosp,2025-10-18,48,quantile,0.975,366.5497423907142
2025-09-27,2,wk inc flu hosp,2025-10-18,48,quantile,0.99,411.9212134674103
2025-10-04,2,wk inc flu hosp,2025-10-25,48,quantile,0.01,0.0
2025-10-04,2,wk inc flu hosp,2025-10-25,48,quantile,0.025,0.0
2025-10-04,2,wk inc flu hosp,2025-10-25,48,quantile,0.05,0.0
2025-10-04,2,wk inc flu hosp,2025-10-25,48,quantile,0.1,0.0
2025-10-04,2,wk inc flu hosp,2025-10-25,48,quantile,0.15,0.0
2025-10-04,2,wk inc flu hosp,2025-10-25,48,quantile,0.2,15.897132038675124
2025-10-04,2,wk inc flu hosp,2025-10-25,48,quantile,0.25,32.672810489765524
2025-10-04,2,wk inc flu hosp,2025-10-25,48,quantile,0.3,47.73788821298363
2025-10-04,2,wk inc flu hosp,2025-10-25,48,quantile,0.35,61.69792786894064
2025-10-04,2,wk inc flu hosp,2025-10-25,48,quantile,0.4,74.94464034718948
2025-10-04,2,wk inc flu hosp,2025-10-25,48,quantile,0.45,87.76098797284976
2025-10-04,2,wk inc flu hosp,2025-10-25,48,quantile,0.5,100.37413724897159
2025-10-04,2,wk inc flu hosp,2025-10-25,48,quantile,0.55,112.98728652509342
2025-10-04,2,wk inc flu hosp,2025-10-25,48,quantile,0.6,125.80363415075371
2025-10-04,2,wk inc flu hosp,2025-10-25,48,quantile,0.65,139.05034662900255
2025-10-04,2,wk inc flu hosp,2025-10-25,48,quantile,0.7,153.01038628495954
2025-10-04,2,wk inc flu hosp,2025-10-25,48,quantile,0.75,168.07546400817768
2025-10-04,2,wk inc flu hosp,2025-10-25,48,quantile,0.8,184.8511424592681
2025-10-04,2,wk inc flu hosp,2025-10-25,48,quantile,0.85,204.4052445354381
2025-10-04,2,wk inc flu hosp,2025-10-25,48,quantile,0.9,229.0087699805797
2025-10-04,2,wk inc flu hosp,2025-10-25,48,quantile,0.95,265.47490095506737
2025-10-04,2,wk inc flu hosp,2025-10-25,48,quantile,0.975,297.1038312362362
2025-10-04,2,wk inc flu hosp,2025-10-25,48,quantile,0.99,333.8792980468002
2025-10-11,2,wk inc flu hosp,2025-11-01,48,quantile,0.01,0.0
2025-10-11,2,wk inc flu hosp,2025-11-01,48,quantile,0.025,0.0
2025-10-11,2,wk inc flu hosp,2025-11-01,48,quantile,0.05,0.0
2025-10-11,2,wk inc flu hosp,2025-11-01,48,quantile,0.1,0.0
2025-10-11,2,wk inc flu hosp,2025-11-01,48,quantile,0.15,0.0
2025-10-11,2,wk inc flu hosp,2025-11-01,48,quantile,0.2,21.615607682677208
2025-10-11,2,wk inc flu hosp,2025-11-01,48,quantile,0.25,44.42579024436981
2025-10-11,2,wk inc flu hosp,2025-11-01,48,quantile,0.3,64.91003916309876
2025-10-11,2,wk inc flu hosp,2025-11-01,48,quantile,0.35,83.89174854965118
2025-10-11,2,wk inc flu hosp,2025-11-01,48,quantile,0.4,101.90353453208144
2025-10-11,2,wk inc flu hosp,2025-11-01,48,quantile,0.45,119.33014591878364
2025-10-11,2,wk inc flu hosp,2025-11-01,48,quantile,0.5,136.48046496579178
2025-10-11,2,wk inc flu hosp,2025-11-01,48,quantile,0.55,153.63078401279995
2025-10-11,2,wk inc flu hosp,2025-11-01,48,quantile,0.6,171.05739539950213
2025-10-11,2,wk inc flu hosp,2025-11-01,48,quantile,0.65,189.06918138193237
2025-10-11,2,wk inc flu hosp,2025-11-01,48,quantile,0.7,208.05089076848478
2025-10-11,2,wk inc flu hosp,2025-11-01,48,quantile,0.75,228.53513968721376
2025-10-11,2,wk inc flu hosp,2025-11-01,48,quantile,0.8,251.34532224890637
2025-10-11,2,wk inc flu hosp,2025-11-01,48,quantile,0.85,277.9333758699758
2025-10-11,2,wk inc flu hosp,2025-11-01,48,quantile,0.9,311.38721850895723
2025-10-11,2,wk inc flu hosp,2025-11-01,48,quantile,0.95,360.97085277279774
2025-10-11,2,wk inc flu hosp,2025-11-01,48,quantile,0.975,403.9772608920243
2025-10-11,2,wk inc flu hosp,2025-11-01,48,quantile,0.99,453.98150448706696
2025-10-18,2,wk inc flu hosp,2025-11-08,48,quantile,0.01,0.0
2025-10-18,2,wk inc flu hosp,2025-11-08,48,quantile,0.025,0.0
2025-10-18,2,wk inc flu hosp,2025-11-08,48,quantile,0.05,0.0
2025-10-18,2,wk inc flu hosp,2025-11-08,48,quantile,0.1,0.0
2025-10-18,2,wk inc flu hosp,2025-11-08,48,quantile,0.15,0.0
2025-10-18,2,wk inc flu hosp,2025-11-08,48,quantile,0.2,22.6458172033569
2025-10-18,2,wk inc flu hosp,2025-11-08,48,quantile,0.25,46.54314325823614
2025-10-18,2,wk inc flu hosp,2025-11-08,48,quantile,0.3,68.00368063342887
2025-10-18,2,wk inc flu hosp,2025-11-08,48,quantile,0.35,87.89006677096032
2025-10-18,2,wk inc flu hosp,2025-11-08,48,quantile,0.4,106.76030252153728
2025-10-18,2,wk inc flu hosp,2025-11-08,48,quantile,0.45,125.01747399367969
2025-10-18,2,wk inc flu hosp,2025-11-08,48,quantile,0.5,142.9851849097622
2025-10-18,2,wk inc flu hosp,2025-11-08,48,quantile,0.55,160.95289582584476
2025-10-18,2,wk inc flu hosp,2025-11-08,48,quantile,0.6,179.21006729798714
2025-10-18,2,wk inc flu hosp,2025-11-08,48,quantile,0.65,198.0803030485641
2025-10-18,2,wk inc flu hosp,2025-11-08,48,quantile,0.7,217.9666891860955
2025-10-18,2,wk inc flu hosp,2025-11-08,48,quantile,0.75,239.42722656128828
2025-10-18,2,wk inc flu hosp,2025-11-08,48,quantile,0.8,263.3245526161675
2025-10-18,2,wk inc flu hosp,2025-11-08,48,quantile,0.85,291.17980475318336
2025-10-18,2,wk inc flu hosp,2025-11-08,48,quantile,0.9,326.2280724805521
2025-10-18,2,wk inc flu hosp,2025-11-08,48,quantile,0.95,378.1748849089115
2025-10-18,2,wk inc flu hosp,2025-11-08,48,quantile,0.975,423.23099765569617
2025-10-18,2,wk inc flu hosp,2025-11-08,48,quantile,0.99,475.618465843924
2025-10-25,2,wk inc flu hosp,2025-11-15,48,quantile,0.01,0.0
2025-10-25,2,wk inc flu hosp,2025-11-15,48,quantile,0.025,0.0
2025-10-25,2,wk inc flu hosp,2025-11-15,48,quantile,0.05,0.0
2025-10-25,2,wk inc flu hosp,2025-11-15,48,quantile,0.1,0.0
2025-10-25,2,wk inc flu hosp,2025-11-15,48,quantile,0.15,0.0
2025-10-25,2,wk inc flu hosp,2025-11-15,48,quantile,0.2,27.73277609755789
2025-10-25,2,wk inc flu hosp,2025-11-15,48,quantile,0.25,56.9981890812881
2025-10-25,2,wk inc flu hosp,2025-11-15,48,quantile,0.3,83.27943442629024
2025-10-25,2,wk inc flu hosp,2025-11-15,48,quantile,0.35,107.6329249269548
2025-10-25,2,wk inc flu hosp,2025-11-15,48,quantile,0.4,130.742005879057
2025-10-25,2,wk inc flu hosp,2025-11-15,48,quantile,0.45,153.10030913943092
2025-10-25,2,wk inc flu hosp,2025-11-15,48,quantile,0.5,175.1041299486662
2025-10-25,2,wk inc flu hosp,2025-11-15,48,quantile,0.55,197.10795075790153
2025-10-25,2,wk inc flu hosp,2025-11-15,48,quantile,0.6,219.46625401827544
2025-10-25,2,wk inc flu hosp,2025-11-15,48,quantile,0.65,242.57533497037764
2025-10-25,2,wk inc flu hosp,2025-11-15,48,quantile,0.7,266.92882547104216
2025-10-25,2,wk inc flu hosp,2025-11-15,48,quantile,0.75,293.2100708160443
2025-10-25,2,wk inc flu hosp,2025-11-15,48,quantile,0.8,322.47548379977457
2025-10-25,2,wk inc flu hosp,2025-11-15,48,quantile,0.85,356.58789686572334
2025-10-25,2,wk inc flu hosp,2025-11-15,48,quantile,0.9,399.5091018177045
2025-10-25,2,wk inc flu hosp,2025-11-15,48,quantile,0.95,463.1247931889118
2025-10-25,2,wk inc flu hosp,2025-11-15,48,quantile,0.975,518.3019181922734
2025-10-25,2,wk inc flu hosp,2025-11-15,48,quantile,0.99,582.457250390517
2025-11-01,2,wk inc flu hosp,2025-11-22,48,quantile,0.01,312.60340991818236
2025-11-01,2,wk inc flu hosp,2025-11-22,48,quantile,0.025,312.60340991818236
2025-11-01,2,wk inc flu hosp,2025-11-22,48,quantile,0.05,350.130788676171
2025-11-01,2,wk inc flu hosp,2025-11-22,48,quantile,0.1,352.9405992279064
2025-11-01,2,wk inc flu hosp,2025-11-22,48,quantile,0.15,355.77289437965794
2025-11-01,2,wk inc flu hosp,2025-11-22,48,quantile,0.2,377.18635552678745
2025-11-01,2,wk inc flu hosp,2025-11-22,48,quantile,0.25,412.09107416479236
2025-11-01,2,wk inc flu hosp,2025-11-22,48,quantile,0.3,423.9383739355765
2025-11-01,2,wk inc flu hosp,2025-11-22,48,quantile,0.35,436.12544989770646
2025-11-01,2,wk inc flu hosp,2025-11-22,48,quantile,0.4,448.66204670713324
2025-11-01,2,wk inc flu hosp,2025-11-22,48,quantile,0.45,461.55818849294815
2025-11-01,2,wk inc flu hosp,2025-11-22,48,quantile,0.5,472.8612048224667
2025-11-01,2,wk inc flu hosp,2025-11-22,48,quantile,0.55,473.92007552507675
2025-11-01,2,wk inc flu hosp,2025-11-22,48,quantile,0.6,474.9813123364833
2025-11-01,2,wk inc flu hosp,2025-11-22,48,quantile,0.65,476.04492054389465
2025-11-01,2,wk inc flu hosp,2025-11-22,48,quantile,0.7,477.11090544633527
2025-11-01,2,wk inc flu hosp,2025-11-22,48,quantile,0.75,478.179272354669
2025-11-01,2,wk inc flu hosp,2025-11-22,48,quantile,0.8,479.2500265916285
2025-11-01,2,wk inc flu hosp,2025-11-22,48,quantile,0.85,480.3231734918401
2025-11-01,2,wk inc flu hosp,2025-11-22,48,quantile,0.9,481.39871840184975
2025-11-01,2,wk inc flu hosp,2025-11-22,48,quantile,0.95,482.4766666801519
2025-11-01,2,wk inc flu hosp,2025-11-22,48,quantile,0.975,483.01654376021503
2025-11-01,2,wk inc flu hosp,2025-11-22,48,quantile,0.99,483.3407593365149
2025-09-20,2,wk inc flu hosp,2025-10-11,US,quantile,0.01,0.0
2025-09-20,2,wk inc flu hosp,2025-10-11,US,quantile,0.025,0.0
2025-09-20,2,wk inc flu hosp,2025-10-11,US,quantile,0.05,0.0
2025-09-20,2,wk inc flu hosp,2025-10-11,US,quantile,0.1,0.0
2025-09-20,2,wk inc flu hosp,2025-10-11,US,quantile,0.15,0.0
2025-09-20,2,wk inc flu hosp,2025-10-11,US,quantile,0.2,126.62464796759036
2025-09-20,2,wk inc flu hosp,2025-10-11,US,quantile,0.25,260.24713868597564
2025-09-20,2,wk inc flu hosp,2025-10-11,US,quantile,0.3,380.24426512777507
2025-09-20,2,wk inc flu hosp,2025-10-11,US,quantile,0.35,491.4394859228637
2025-09-20,2,wk inc flu hosp,2025-10-11,US,quantile,0.4,596.9528766530533
2025-09-20,2,wk inc flu hosp,2025-10-11,US,quantile,0.45,699.0383032810344
2025-09-20,2,wk inc flu hosp,2025-10-11,US,quantile,0.5,799.5052040381032
2025-09-20,2,wk inc flu hosp,2025-10-11,US,quantile,0.55,899.9721047951722
2025-09-20,2,wk inc flu hosp,2025-10-11,US,quantile,0.6,1002.0575314231531
2025-09-20,2,wk inc flu hosp,2025-10-11,US,quantile,0.65,1107.5709221533427
2025-09-20,2,wk inc flu hosp,2025-10-11,US,quantile,0.7,1218.7661429484313
2025-09-20,2,wk inc flu hosp,2025-10-11,US,quantile,0.75,1338.7632693902308
2025-09-20,2,wk inc flu hosp,2025-10-11,US,quantile,0.8,1472.385760108616
2025-09-20,2,wk inc flu hosp,2025-10-11,US,quantile,0.85,1628.1390925772384
2025-09-20,2,wk inc flu hosp,2025-10-11,US,quantile,0.9,1824.1123499341898
2025-09-20,2,wk inc flu hosp,2025-10-11,US,quantile,0.95,2114.574238666754
2025-09-20,2,wk inc flu hosp,2025-10-11,US,quantile,0.975,2366.506609405133
2025-09-20,2,wk inc flu hosp,2025-10-11,US,quantile,0.99,2659.432435736733
2025-09-27,2,wk inc flu hosp,2025-10-18,US,quantile,0.01,0.0
2025-09-27,2,wk inc flu hosp,2025-10-18,US,quantile,0.025,0.0
2025-09-27,2,wk inc flu hosp,2025-10-18,US,quantile,0.05,0.0
2025-09-27,2,wk inc flu hosp,2025-10-18,US,quantile,0.1,0.0
2025-09-27,2,wk inc flu hosp,2025-10-18,US,quantile,0.15,0.0
2025-09-27,2,wk inc flu hosp,2025-10-18,US,quantile,0.2,150.4007877663321
2025-09-27,2,wk inc flu hosp,2025-10-18,US,quantile,0.25,309.11339380246784
2025-09-27,2,wk inc flu hosp,2025-10-18,US,quantile,0.3,451.6422192422203
2025-09-27,2,wk inc flu hosp,2025-10-18,US,quantile,0.35,583.7164170533213
2025-09-27,2,wk inc flu hosp,2025-10-18,US,quantile,0.4,709.0419152120927
2025-09-27,2,wk inc flu hosp,2025-10-18,US,quantile,0.45,830.295785060878
2025-09-27,2,wk inc flu hosp,2025-10-18,US,quantile,0.5,949.6272206133981
2025-09-27,2,wk inc flu hosp,2025-10-18,US,quantile,0.55,1068.9586561659185
2025-09-27,2,wk inc flu hosp,2025-10-18,US,quantile,0.6,1190.2125260147036
2025-09-27,2,wk inc flu hosp,2025-10-18,US,quantile,0.65,1315.538024173475
2025-09-27,2,wk inc flu hosp,2025-10-18,US,quantile,0.7,1447.6122219845756
2025-09-27,2,wk inc flu hosp,2025-10-18,US,quantile,0.75,1590.1410474243285
2025-09-27,2,wk inc flu hosp,2025-10-18,US,quantile,0.8,1748.853653460464
2025-09-27,2,wk inc flu hosp,2025-10-18,US,quantile,0.85,1933.8525796293093
2025-09-27,2,wk inc flu hosp,2025-10-18,US,quantile,0.9,2166.623471874266
2025-09-27,2,wk inc flu hosp,2025-10-18,US,quantile,0.95,2511.6249986911916
2025-09-27,2,wk inc flu hosp,2025-10-18,US,quantile,0.975,2810.8623717545306
2025-09-27,2,wk inc flu hosp,2025-10-18,US,quantile,0.99,3158.7904864186894
2025-10-04,2,wk inc flu hosp,2025-10-25,US,quantile,0.01,0.0
2025-10-04,2,wk inc flu hosp,2025-10-25,US,quantile,0.025,0.0
2025-10-04,2,wk inc flu hosp,2025-10-25,US,quantile,0.05,0.0
2025-10-04,2,wk inc flu hosp,2025-10-25,US,quantile,0.1,0.0
2025-10-04,2,wk inc flu hosp,2025-10-25,US,quantile,0.15,0.0
2025-10-04,2,wk inc flu hosp,2025-10-25,US,quantile,0.2,142.24595944627708
2025-10-04,2,wk inc flu hosp,2025-10-25,US,quantile,0.25,292.3530649815508
2025-10-04,2,wk inc flu hosp,2025-10-25,US,quantile,0.3,427.15388500735514
2025-10-04,2,wk inc flu hosp,2025-10-25,US,quantile,0.35,552.066934099396
2025-10-04,2,wk inc flu hosp,2025-10-25,US,quantile,0.4,670.5972024140393
2025-10-04,2,wk inc flu hosp,2025-10-25,US,quantile,0.45,785.2766087480763
2025-10-04,2,wk inc flu hosp,2025-10-25,US,quantile,0.5,898.1378164210165
2025-10-04,2,wk inc flu hosp,2025-10-25,US,quantile,0.55,1010.9990240939568
2025-10-04,2,wk inc flu hosp,2025-10-25,US,quantile,0.6,1125.6784304279938
2025-10-04,2,wk inc flu hosp,2025-10-25,US,quantile,0.65,1244.208698742637
2025-10-04,2,wk inc flu hosp,2025-10-25,US,quantile,0.7,1369.1217478346775
2025-10-04,2,wk inc flu hosp,2025-10-25,US,quantile,0.75,1503.922567860482
2025-10-04,2,wk inc flu hosp,2025-10-25,US,quantile,0.8,1654.0296733957562
2025-10-04,2,wk inc flu hosp,2025-10-25,US,quantile,0.85,1828.9978377268017
2025-10-04,2,wk inc flu hosp,2025-10-25,US,quantile,0.9,2049.147741130179
2025-10-04,2,wk inc flu hosp,2025-10-25,US,quantile,0.95,2375.443061263401
2025-10-04,2,wk inc flu hosp,2025-10-25,US,quantile,0.975,2658.4555897596556
2025-10-04,2,wk inc flu hosp,2025-10-25,US,quantile,0.99,2987.518816247731
2025-10-11,2,wk inc flu hosp,2025-11-01,US,quantile,0.01,0.0
2025-10-11,2,wk inc flu hosp,2025-11-01,US,quantile,0.025,0.0
2025-10-11,2,wk inc flu hosp,2025-11-01,US,quantile,0.05,0.0
2025-10-11,2,wk inc flu hosp,2025-11-01,US,quantile,0.1,0.0
2025-10-11,2,wk inc flu hosp,2025-11-01,US,quantile,0.15,0.0
2025-10-11,2,wk inc flu hosp,2025-11-01,US,quantile,0.2,152.10798474716137
2025-10-11,2,wk inc flu hosp,2025-11-01,US,quantile,0.25,312.6221350828217
2025-10-11,2,wk inc flu hosp,2025-11-01,US,quantile,0.3,456.7688029826146
2025-10-11,2,wk inc flu hosp,2025-11-01,US,quantile,0.35,590.342172939668
2025-10-11,2,wk inc flu hosp,2025-11-01,US,quantile,0.4,717.0902388605842
2025-10-11,2,wk inc flu hosp,2025-11-01,US,quantile,0.45,839.7204594824873
2025-10-11,2,wk inc flu hosp,2025-11-01,US,quantile,0.5,960.4064242866082
2025-10-11,2,wk inc flu hosp,2025-11-01,US,quantile,0.55,1081.092389090729
2025-10-11,2,wk inc flu hosp,2025-11-01,US,quantile,0.6,1203.7226097126322
2025-10-11,2,wk inc flu hosp,2025-11-01,US,quantile,0.65,1330.4706756335484
2025-10-11,2,wk inc flu hosp,2025-11-01,US,quantile,0.7,1464.0440455906014
2025-10-11,2,wk inc flu hosp,2025-11-01,US,quantile,0.75,1608.1907134903945
2025-10-11,2,wk inc flu hosp,2025-11-01,US,quantile,0.8,1768.704863826055
2025-10-11,2,wk inc flu hosp,2025-11-01,US,quantile,0.85,1955.8037099015883
2025-10-11,2,wk inc flu hosp,2025-11-01,US,quantile,0.9,2191.2167808902022
2025-10-11,2,wk inc flu hosp,2025-11-01,US,quantile,0.95,2540.13441462193
2025-10-11,2,wk inc flu hosp,2025-11-01,US,quantile,0.975,2842.7684264092545
2025-10-11,2,wk inc flu hosp,2025-11-01,US,quantile,0.99,3194.6458676409247
2025-10-18,2,wk inc flu hosp,2025-11-08,US,quantile,0.01,0.0
2025-10-18,2,wk inc flu hosp,2025-11-08,US,quantile,0.025,0.0
2025-10-18,2,wk inc flu hosp,2025-11-08,US,quantile,0.05,0.0
2025-10-18,2,wk inc flu hosp,2025-11-08,US,quantile,0.1,0.0
2025-10-18,2,wk inc flu hosp,2025-11-08,US,quantile,0.15,0.0
2025-10-18,2,wk inc flu hosp,2025-11-08,US,quantile,0.2,194.58932047011626
2025-10-18,2,wk inc flu hosp,2025-11-08,US,quantile,0.25,399.9325145935077
2025-10-18,2,wk inc flu hosp,2025-11-08,US,quantile,0.3,584.337049314527
2025-10-18,2,wk inc flu hosp,2025-11-08,US,quantile,0.35,755.2153325029544
2025-10-18,2,wk inc flu hosp,2025-11-08,US,quantile,0.4,917.362113025026
2025-10-18,2,wk inc flu hosp,2025-11-08,US,quantile,0.45,1074.2409996895335
2025-10-18,2,wk inc flu hosp,2025-11-08,US,quantile,0.5,1228.6326308754335
2025-10-18,2,wk inc flu hosp,2025-11-08,US,quantile,0.55,1383.0242620613337
2025-10-18,2,wk inc flu hosp,2025-11-08,US,quantile,0.6,1539.903148725841
2025-10-18,2,wk inc flu hosp,2025-11-08,US,quantile,0.65,1702.0499292479126
2025-10-18,2,wk inc flu hosp,2025-11-08,US,quantile,0.7,1872.9282124363397
2025-10-18,2,wk inc flu hosp,2025-11-08,US,quantile,0.75,2057.3327471573593
2025-10-18,2,wk inc flu hosp,2025-11-08,US,quantile,0.8,2262.675941280751
2025-10-18,2,wk inc flu hosp,2025-11-08,US,quantile,0.85,2502.0285129363315
2025-10-18,2,wk inc flu hosp,2025-11-08,US,quantile,0.9,2803.1887024530265
2025-10-18,2,wk inc flu hosp,2025-11-08,US,quantile,0.95,3249.5534699618197
2025-10-18,2,wk inc flu hosp,2025-11-08,US,quantile,0.975,3636.708337621978
2025-10-18,2,wk inc flu hosp,2025-11-08,US,quantile,0.99,4086.8595396897035
2025-10-25,2,wk inc flu hosp,2025-11-15,US,quantile,0.01,0.0
2025-10-25,2,wk inc flu hosp,2025-11-15,US,quantile,0.025,0.0
2025-10-25,2,wk inc flu hosp,2025-11-15,US,quantile,0.05,0.0
2025-10-25,2,wk inc flu hosp,2025-11-15,US,quantile,0.1,0.0
2025-10-25,2,wk inc flu hosp,2025-11-15,US,quantile,0.15,0.0
2025-10-25,2,wk inc flu hosp,2025-11-15,US,quantile,0.2,234.08948603447652
2025-10-25,2,wk inc flu hosp,2025-11-15,US,quantile,0.25,481.11580102900655
2025-10-25,2,wk inc flu hosp,2025-11-15,US,quantile,0.3,702.953066563317
2025-10-25,2,wk inc flu hosp,2025-11-15,US,quantile,0.35,908.5183534423355
2025-10-25,2,wk inc flu hosp,2025-11-15,US,quantile,0.4,1103.5797084172916
2025-10-25,2,wk inc flu hosp,2025-11-15,US,quantile,0.45,1292.3038267822315
2025-10-25,2,wk inc flu hosp,2025-11-15,US,quantile,0.5,1478.035795551207
2025-10-25,2,wk inc flu hosp,2025-11-15,US,quantile,0.55,1663.7677643201828
2025-10-25,2,wk inc flu hosp,2025-11-15,US,quantile,0.6,1852.4918826851224
2025-10-25,2,wk inc flu hosp,2025-11-15,US,quantile,0.65,2047.5532376600786
2025-10-25,2,wk inc flu hosp,2025-11-15,US,quantile,0.7,2253.1185245390966
2025-10-25,2,wk inc flu hosp,2025-11-15,US,quantile,0.75,2474.9557900734076
2025-10-25,2,wk inc flu hosp,2025-11-15,US,quantile,0.8,2721.9821050679375
2025-10-25,2,wk inc flu hosp,2025-11-15,US,quantile,0.85,3009.9214449274946
2025-10-25,2,wk inc flu hosp,2025-11-15,US,quantile,0.9,3372.2148832708153
2025-10-25,2,wk inc flu hosp,2025-11-15,US,quantile,0.95,3909.1883346277145
2025-10-25,2,wk inc flu hosp,2025-11-15,US,quantile,0.975,4374.93272269258
2025-10-25,2,wk inc flu hosp,2025-11-15,US,quantile,0.99,4916.46122628802
2025-11-01,2,wk inc flu hosp,2025-11-22,US,quantile,0.01,2526.2616572608463
2025-11-01,2,wk inc flu hosp,2025-11-22,US,quantile,0.025,2526.2616572608463
2025-11-01,2,wk inc flu hosp,2025-11-22,US,quantile,0.05,2711.379100111676
2025-11-01,2,wk inc flu hosp,2025-11-22,US,quantile,0.1,2804.9139567561124
2025-11-01,2,wk inc flu hosp,2025-11-22,US,quantile,0.15,2881.665677684011
2025-11-01,2,wk inc flu hosp,2025-11-22,US,quantile,0.2,2954.669774011853
2025-11-01,2,wk inc flu hosp,2025-11-22,US,quantile,0.25,3014.2964390806987
2025-11-01,2,wk inc flu hosp,2025-11-22,US,quantile,0.3,3025.9415010073562
2025-11-01,2,wk inc flu hosp,2025-11-22,US,quantile,0.35,3037.6315361132783
2025-11-01,2,wk inc flu hosp,2025-11-22,US,quantile,0.4,3049.3667180846805
2025-11-01,2,wk inc flu hosp,2025-11-22,US,quantile,0.45,3061.147221278569
2025-11-01,2,wk inc flu hosp,2025-11-22,US,quantile,0.5,3077.6697685714494
2025-11-01,2,wk inc flu hosp,2025-11-22,US,quantile,0.55,3119.4281868421563
2025-11-01,2,wk inc flu hosp,2025-11-22,US,quantile,0.6,3161.7530073669327
2025-11-01,2,wk inc flu hosp,2025-11-22,US,quantile,0.65,3204.651912704821
2025-11-01,2,wk inc flu hosp,2025-11-22,US,quantile,0.7,3248.132689619428
2025-11-01,2,wk inc flu hosp,2025-11-22,US,quantile,0.75,3292.2032304923823
2025-11-01,2,wk inc flu hosp,2025-11-22,US,quantile,0.8,3336.8715347558677
2025-11-01,2,wk inc flu hosp,2025-11-22,US,quantile,0.85,3382.145710344658
2025-11-01,2,wk inc flu hosp,2025-11-22,US,quantile,0.9,3428.0339751678366
2025-11-01,2,wk inc flu hosp,2025-11-22,US,quantile,0.95,3474.544658600424
2025-11-01,2,wk inc flu hosp,2025-11-22,US,quantile,0.975,3498.036041075576
2025-11-01,2,wk inc flu hosp,2025-11-22,US,quantile,0.99,3512.2070161713436
2025-09-20,2,wk inc flu hosp,2025-10-11,49,quantile,0.01,0.0
2025-09-20,2,wk inc flu hosp,2025-10-11,49,quantile,0.025,0.0
2025-09-20,2,wk inc flu hosp,2025-10-11,49,quantile,0.05,0.0
2025-09-20,2,wk inc flu hosp,2025-10-11,49,quantile,0.1,0.0
2025-09-20,2,wk inc flu hosp,2025-10-11,49,quantile,0.15,0.0
2025-09-20,2,wk inc flu hosp,2025-10-11,49,quantile,0.2,0.0
2025-09-20,2,wk inc flu hosp,2025-10-11,49,quantile,0.25,0.0
2025-09-20,2,wk inc flu hosp,2025-10-11,49,quantile,0.3,0.0
2025-09-20,2,wk inc flu hosp,2025-10-11,49,quantile,0.35,0.0
2025-09-20,2,wk inc flu hosp,2025-10-11,49,quantile,0.4,0.0
2025-09-20,2,wk inc flu hosp,2025-10-11,49,quantile,0.45,0.0
2025-09-20,2,wk inc flu hosp,2025-10-11,49,quantile,0.5,0.9440814056511031
2025-09-20,2,wk inc flu hosp,2025-10-11,49,quantile,0.55,4.109169628843338
2025-09-20,2,wk inc flu hosp,2025-10-11,49,quantile,0.6,7.325247552467786
2025-09-20,2,wk inc flu hosp,2025-10-11,49,quantile,0.65,10.649319340018236
2025-09-20,2,wk inc flu hosp,2025-10-11,49,quantile,0.7,14.15239031326145
2025-09-20,2,wk inc flu hosp,2025-10-11,49,quantile,0.75,17.93275468058893
2025-09-20,2,wk inc flu hosp,2025-10-11,49,quantile,0.8,22.142369673580717
2025-09-20,2,wk inc flu hosp,2025-10-11,49,quantile,0.85,27.04919007517149
2025-09-20,2,wk inc flu hosp,2025-10-11,49,quantile,0.9,33.22309057620256
2025-09-20,2,wk inc flu hosp,2025-10-11,49,quantile,0.95,42.37374115252113
2025-09-20,2,wk inc flu hosp,2025-10-11,49,quantile,0.975,50.31056585454955
2025-09-20,2,wk inc flu hosp,2025-10-11,49,quantile,0.99,59.53883980551811
2025-09-27,2,wk inc flu hosp,2025-10-18,49,quantile,0.01,0.0
2025-09-27,2,wk inc flu hosp,2025-10-18,49,quantile,0.025,0.0
2025-09-27,2,wk inc flu hosp,2025-10-18,49,quantile,0.05,0.0
2025-09-27,2,wk inc flu hosp,2025-10-18,49,quantile,0.1,0.0
2025-09-27,2,wk inc flu hosp,2025-10-18,49,quantile,0.15,0.0
2025-09-27,2,wk inc flu hosp,2025-10-18,49,quantile,0.2,0.0
2025-09-27,2,wk inc flu hosp,2025-10-18,49,quantile,0.25,0.0
2025-09-27,2,wk inc flu hosp,2025-10-18,49,quantile,0.3,0.0
2025-09-27,2,wk inc flu hosp,2025-10-18,49,quantile,0.35,0.0
2025-09-27,2,wk inc flu hosp,2025-10-18,49,quantile,0.4,0.0
2025-09-27,2,wk inc flu hosp,2025-10-18,49,quantile,0.45,0.0
2025-09-27,2,wk inc flu hosp,2025-10-18,49,quantile,0.5,1.3321780996028623
2025-09-27,2,wk inc flu hosp,2025-10-18,49,quantile,0.55,4.178168357296167
2025-09-27,2,wk inc flu hosp,2025-10-18,49,quantile,0.6,7.070007634176184
2025-09-27,2,wk inc flu hosp,2025-10-18,49,quantile,0.65,10.05895304616231
2025-09-27,2,wk inc flu hosp,2025-10-18,49,quantile,0.7,13.208851298225305
2025-09-27,2,wk inc flu hosp,2025-10-18,49,quantile,0.75,16.608086770118017
2025-09-27,2,wk inc flu hosp,2025-10-18,49,quantile,0.8,20.39329666439737
2025-09-27,2,wk inc flu hosp,2025-10-18,49,quantile,0.85,24.805421090140406
2025-09-27,2,wk inc flu hosp,2025-10-18,49,quantile,0.9,30.35688109341977
2025-09-27,2,wk inc flu hosp,2025-10-18,49,quantile,0.95,38.58498108789394
2025-09-27,2,wk inc flu hosp,2025-10-18,49,quantile,0.975,45.72163074381114
2025-09-27,2,wk inc flu hosp,2025-10-18,49,quantile,0.99,54.019528277072496
2025-10-04,2,wk inc flu hosp,2025-10-25,49,quantile,0.01,0.0
2025-10-04,2,wk inc flu hosp,2025-10-25,49,quantile,0.025,0.0
2025-10-04,2,wk inc flu hosp,2025-10-25,49,quantile,0.05,0.0
2025-10-04,2,wk inc flu hosp,2025-10-25,49,quantile,0.1,0.0
2025-10-04,2,wk inc flu hosp,2025-10-25,49,quantile,0.15,0.0
2025-10-04,2,wk inc flu hosp,2025-10-25,49,quantile,0.2,0.0
2025-10-04,2,wk inc flu hosp,2025-10-25,49,quantile,0.25,0.0
2025-10-04,2,wk inc flu hosp,2025-10-25,49,quantile,0.3,0.0
2025-10-04,2,wk inc flu hosp,2025-10-25,49,quantile,0.35,0.0
2025-10-04,2,wk inc flu hosp,2025-10-25,49,quantile,0.4,0.0
2025-10-04,2,wk inc flu hosp,2025-10-25,49,quantile,0.45,0.0
2025-10-04,2,wk inc flu hosp,2025-10-25,49,quantile,0.5,1.7943226740489449
2025-10-04,2,wk inc flu hosp,2025-10-25,49,quantile,0.55,4.156598189613575
2025-10-04,2,wk inc flu hosp,2025-10-25,49,quantile,0.6,6.556930060130457
2025-10-04,2,wk inc flu hosp,2025-10-25,49,quantile,0.65,9.037863557709196
2025-10-04,2,wk inc flu hosp,2025-10-25,49,quantile,0.7,11.652393771666837
2025-10-04,2,wk inc flu hosp,2025-10-25,49,quantile,0.75,14.473882954626742
2025-10-04,2,wk inc flu hosp,2025-10-25,49,quantile,0.8,17.615744958671836
2025-10-04,2,wk inc flu hosp,2025-10-25,49,quantile,0.85,21.27796884520231
2025-10-04,2,wk inc flu hosp,2025-10-25,49,quantile,0.9,25.885882735958997
2025-10-04,2,wk inc flu hosp,2025-10-25,49,quantile,0.95,32.71550525628261
2025-10-04,2,wk inc flu hosp,2025-10-25,49,quantile,0.975,38.63918426388402
2025-10-04,2,wk inc flu hosp,2025-10-25,49,quantile,0.99,45.52674128221863
2025-10-11,2,wk inc flu hosp,2025-11-01,49,quantile,0.01,0.0
2025-10-11,2,wk inc flu hosp,2025-11-01,49,quantile,0.025,0.0
2025-10-11,2,wk inc flu hosp,2025-11-01,49,quantile,0.05,0.0
2025-10-11,2,wk inc flu hosp,2025-11-01,49,quantile,0.1,0.0
2025-10-11,2,wk inc flu hosp,2025-11-01,49,quantile,0.15,0.0
2025-10-11,2,wk inc flu hosp,2025-11-01,49,quantile,0.2,0.0
2025-10-11,2,wk inc flu hosp,2025-11-01,49,quantile,0.25,0.0
2025-10-11,2,wk inc flu hosp,2025-11-01,49,quantile,0.3,0.0
2025-10-11,2,wk inc flu hosp,2025-11-01,49,quantile,0.35,0.0
2025-10-11,2,wk inc flu hosp,2025-11-01,49,quantile,0.4,0.0
2025-10-11,2,wk inc flu hosp,2025-11-01,49,quantile,0.45,0.0
2025-10-11,2,wk inc flu hosp,2025-11-01,49,quantile,0.5,0.5555555555555556
2025-10-11,2,wk inc flu hosp,2025-11-01,49,quantile,0.55,3.6528984669587743
2025-10-11,2,wk inc flu hosp,2025-11-01,49,quantile,0.6,6.800139699056826
2025-10-11,2,wk inc flu hosp,2025-11-01,49,quantile,0.65,10.053063302488239
2025-10-11,2,wk inc flu hosp,2025-11-01,49,quantile,0.7,13.4811548064192
2025-10-11,2,wk inc flu hosp,2025-11-01,49,quantile,0.75,17.180604537350735
2025-10-11,2,wk inc flu hosp,2025-11-01,49,quantile,0.8,21.30011724563454
2025-10-11,2,wk inc flu hosp,2025-11-01,49,quantile,0.85,26.101912430056736
2025-10-11,2,wk inc flu hosp,2025-11-01,49,quantile,0.9,32.143667226164965
2025-10-11,2,wk inc flu hosp,2025-11-01,49,quantile,0.95,41.09845796141414
2025-10-11,2,wk inc flu hosp,2025-11-01,49,quantile,0.975,48.865403460672226
2025-10-11,2,wk inc flu hosp,2025-11-01,49,quantile,0.99,57.8961561256615
2025-10-18,2,wk inc flu hosp,2025-11-08,49,quantile,0.01,0.0
2025-10-18,2,wk inc flu hosp,2025-11-08,49,quantile,0.025,0.0
2025-10-18,2,wk inc flu hosp,2025-11-08,49,quantile,0.05,0.0
2025-10-18,2,wk inc flu hosp,2025-11-08,49,quantile,0.1,0.0
2025-10-18,2,wk inc flu hosp,2025-11-08,49,quantile,0.15,0.0
2025-10-18,2,wk inc flu hosp,2025-11-08,49,quantile,0.2,0.0
2025-10-18,2,wk inc flu hosp,2025-11-08,49,quantile,0.25,0.0
2025-10-18,2,wk inc flu hosp,2025-11-08,49,quantile,0.3,0.0
2025-10-18,2,wk inc flu hosp,2025-11-08,49,quantile,0.35,0.0
2025-10-18,2,wk inc flu hosp,2025-11-08,49,quantile,0.4,0.0
2025-10-18,2,wk inc flu hosp,2025-11-08,49,quantile,0.45,0.0
2025-10-18,2,wk inc flu hosp,2025-11-08,49,quantile,0.5,2.67050678077787
2025-10-18,2,wk inc flu hosp,2025-11-08,49,quantile,0.55,5.547391790229024
2025-10-18,2,wk inc flu hosp,2025-11-08,49,quantile,0.6,8.470623534578419
2025-10-18,2,wk inc flu hosp,2025-11-08,49,quantile,0.65,11.492015553249672
2025-10-18,2,wk inc flu hosp,2025-11-08,49,quantile,0.7,14.67610764146404
2025-10-18,2,wk inc flu hosp,2025-11-08,49,quantile,0.75,18.112243638854583
2025-10-18,2,wk inc flu hosp,2025-11-08,49,quantile,0.8,21.938544018148416
2025-10-18,2,wk inc flu hosp,2025-11-08,49,quantile,0.85,26.3985644226249
2025-10-18,2,wk inc flu hosp,2025-11-08,49,quantile,0.9,32.01028850384034
2025-10-18,2,wk inc flu hosp,2025-11-08,49,quantile,0.95,40.32770893997128
2025-10-18,2,wk inc flu hosp,2025-11-08,49,quantile,0.975,47.54183075831289
2025-10-18,2,wk inc flu hosp,2025-11-08,49,quantile,0.99,55.929806422976554
2025-10-25,2,wk inc flu hosp,2025-11-15,49,quantile,0.01,0.0
2025-10-25,2,wk inc flu hosp,2025-11-15,49,quantile,0.025,0.0
2025-10-25,2,wk inc flu hosp,2025-11-15,49,quantile,0.05,0.0
2025-10-25,2,wk inc flu hosp,2025-11-15,49,quantile,0.1,0.0
2025-10-25,2,wk inc flu hosp,2025-11-15,49,quantile,0.15,0.0
2025-10-25,2,wk inc flu hosp,2025-11-15,49,quantile,0.2,0.0
2025-10-25,2,wk inc flu hosp,2025-11-15,49,quantile,0.25,0.0
2025-10-25,2,wk inc flu hosp,2025-11-15,49,quantile,0.3,0.0
2025-10-25,2,wk inc flu hosp,2025-11-15,49,quantile,0.35,0.0
2025-10-25,2,wk inc flu hosp,2025-11-15,49,quantile,0.4,0.0
2025-10-25,2,wk inc flu hosp,2025-11-15,49,quantile,0.45,0.0
2025-10-25,2,wk inc flu hosp,2025-11-15,49,quantile,0.5,0.6764710410989674
2025-10-25,2,wk inc flu hosp,2025-11-15,49,quantile,0.55,3.7954889337722983
2025-10-25,2,wk inc flu hosp,2025-11-15,49,quantile,0.6,6.964754331973208
2025-10-25,2,wk inc flu hosp,2025-11-15,49,quantile,0.65,10.24044165908465
2025-10-25,2,wk inc flu hosp,2025-11-15,49,quantile,0.7,13.692522698971214
2025-10-25,2,wk inc flu hosp,2025-11-15,49,quantile,0.75,17.41786091106912
2025-10-25,2,wk inc flu hosp,2025-11-15,49,quantile,0.8,21.56620167079835
2025-10-25,2,wk inc flu hosp,2025-11-15,49,quantile,0.85,26.401599469997905
2025-10-25,2,wk inc flu hosp,2025-11-15,49,quantile,0.9,32.48563402840244
2025-10-25,2,wk inc flu hosp,2025-11-15,49,quantile,0.95,41.50308974038045
2025-10-25,2,wk inc flu hosp,2025-11-15,49,quantile,0.975,49.324387761473496
2025-10-25,2,wk inc flu hosp,2025-11-15,49,quantile,0.99,58.418336979271956
2025-11-01,2,wk inc flu hosp,2025-11-22,49,quantile,0.01,1.8562300992071978
2025-11-01,2,wk inc flu hosp,2025-11-22,49,quantile,0.025,1.8562300992071978
2025-11-01,2,wk inc flu hosp,2025-11-22,49,quantile,0.05,1.8562300992071978
2025-11-01,2,wk inc flu hosp,2025-11-22,49,quantile,0.1,1.9112479638880715
2025-11-01,2,wk inc flu hosp,2025-11-22,49,quantile,0.15,1.98832221845986
2025-11-01,2,wk inc flu hosp,2025-11-22,49,quantile,0.2,2.0674369865129743
2025-11-01,2,wk inc flu hosp,2025-11-22,49,quantile,0.25,2.1486462899162038
2025-11-01,2,wk inc flu hosp,2025-11-22,49,quantile,0.3,2.2320055807481025
2025-11-01,2,wk inc flu hosp,2025-11-22,49,quantile,0.35,3.2273099864770156
2025-11-01,2,wk inc flu hosp,2025-11-22,49,quantile,0.4,3.615199542686626
2025-11-01,2,wk inc flu hosp,2025-11-22,49,quantile,0.45,4.038681073058955
2025-11-01,2,wk inc flu hosp,2025-11-22,49,quantile,0.5,4.272863979559059
2025-11-01,2,wk inc flu hosp,2025-11-22,49,quantile,0.55,5.243446656907352
2025-11-01,2,wk inc flu hosp,2025-11-22,49,quantile,0.6,6.392685703397817
2025-11-01,2,wk inc flu hosp,2025-11-22,49,quantile,0.65,7.753466620678054
2025-11-01,2,wk inc flu hosp,2025-11-22,49,quantile,0.7,9.364728185875316
2025-11-01,2,wk inc flu hosp,2025-11-22,49,quantile,0.75,11.27257668559622
2025-11-01,2,wk inc flu hosp,2025-11-22,49,quantile,0.8,13.531605248374417
2025-11-01,2,wk inc flu hosp,2025-11-22,49,quantile,0.85,16.20645602829444
2025-11-01,2,wk inc flu hosp,2025-11-22,49,quantile,0.9,19.37366994171198
2025-11-01,2,wk inc flu hosp,2025-11-22,49,quantile,0.95,23.123876887329192
2025-11-01,2,wk inc flu hosp,2025-11-22,49,quantile,0.975,25.250405836114954
2025-11-01,2,wk inc flu hosp,2025-11-22,49,quantile,0.99,26.615275053517543
2025-09-20,2,wk inc flu hosp,2025-10-11,50,quantile,0.01,0.0
2025-09-20,2,wk inc flu hosp,2025-10-11,50,quantile,0.025,0.0
2025-09-20,2,wk inc flu hosp,2025-10-11,50,quantile,0.05,0.0
2025-09-20,2,wk inc flu hosp,2025-10-11,50,quantile,0.1,0.0
2025-09-20,2,wk inc flu hosp,2025-10-11,50,quantile,0.15,0.0
2025-09-20,2,wk inc flu hosp,2025-10-11,50,quantile,0.2,0.0
2025-09-20,2,wk inc flu hosp,2025-10-11,50,quantile,0.25,0.0
2025-09-20,2,wk inc flu hosp,2025-10-11,50,quantile,0.3,0.0
2025-09-20,2,wk inc flu hosp,2025-10-11,50,quantile,0.35,0.0
2025-09-20,2,wk inc flu hosp,2025-10-11,50,quantile,0.4,0.0
2025-09-20,2,wk inc flu hosp,2025-10-11,50,quantile,0.45,0.0
2025-09-20,2,wk inc flu hosp,2025-10-11,50,quantile,0.5,0.0
2025-09-20,2,wk inc flu hosp,2025-10-11,50,quantile,0.55,0.948807966243302
2025-09-20,2,wk inc flu hosp,2025-10-11,50,quantile,0.6,1.9129012675404398
2025-09-20,2,wk inc flu hosp,2025-10-11,50,quantile,0.65,2.909368212531794
2025-09-20,2,wk inc flu hosp,2025-10-11,50,quantile,0.7,3.9594942789630765
2025-09-20,2,wk inc flu hosp,2025-10-11,50,quantile,0.75,5.092745415768682
2025-09-20,2,wk inc flu hosp,2025-10-11,50,quantile,0.8,6.354674296897776
2025-09-20,2,wk inc flu hosp,2025-10-11,50,quantile,0.85,7.8256065293203285
2025-09-20,2,wk inc flu hosp,2025-10-11,50,quantile,0.9,9.676375154108836
2025-09-20,2,wk inc flu hosp,2025-10-11,50,quantile,0.95,12.419493055057343
2025-09-20,2,wk inc flu hosp,2025-10-11,50,quantile,0.975,14.798738742043621
2025-09-20,2,wk inc flu hosp,2025-10-11,50,quantile,0.99,17.56512603425109
2025-09-27,2,wk inc flu hosp,2025-10-18,50,quantile,0.01,0.0
2025-09-27,2,wk inc flu hosp,2025-10-18,50,quantile,0.025,0.0
2025-09-27,2,wk inc flu hosp,2025-10-18,50,quantile,0.05,0.0
2025-09-27,2,wk inc flu hosp,2025-10-18,50,quantile,0.1,0.0
2025-09-27,2,wk inc flu hosp,2025-10-18,50,quantile,0.15,0.0
2025-09-27,2,wk inc flu hosp,2025-10-18,50,quantile,0.2,0.0
2025-09-27,2,wk inc flu hosp,2025-10-18,50,quantile,0.25,0.0
2025-09-27,2,wk inc flu hosp,2025-10-18,50,quantile,0.3,0.0
2025-09-27,2,wk inc flu hosp,2025-10-18,50,quantile,0.35,0.0
2025-09-27,2,wk inc flu hosp,2025-10-18,50,quantile,0.4,0.0
2025-09-27,2,wk inc flu hosp,2025-10-18,50,quantile,0.45,0.0
2025-09-27,2,wk inc flu hosp,2025-10-18,50,quantile,0.5,1.8446495295760335e-19
2025-09-27,2,wk inc flu hosp,2025-10-18,50,quantile,0.55,0.9245959721930741
2025-09-27,2,wk inc flu hosp,2025-10-18,50,quantile,0.6,1.864087223227825
2025-09-27,2,wk inc flu hosp,2025-10-18,50,quantile,0.65,2.835125996658916
2025-09-27,2,wk inc flu hosp,2025-10-18,50,quantile,0.7,3.858454600403314
2025-09-27,2,wk inc flu hosp,2025-10-18,50,quantile,0.75,4.962787061609693
2025-09-27,2,wk inc flu hosp,2025-10-18,50,quantile,0.8,6.192513626096482
2025-09-27,2,wk inc flu hosp,2025-10-18,50,quantile,0.85,7.625910125550103
2025-09-27,2,wk inc flu hosp,2025-10-18,50,quantile,0.9,9.42945022725912
2025-09-27,2,wk inc flu hosp,2025-10-18,50,quantile,0.95,12.102568342518845
2025-09-27,2,wk inc flu hosp,2025-10-18,50,quantile,0.975,14.421099654766653
2025-09-27,2,wk inc flu hosp,2025-10-18,50,quantile,0.99,17.11689336529842
2025-10-04,2,wk inc flu hosp,2025-10-25,50,quantile,0.01,0.0
2025-10-04,2,wk inc flu hosp,2025-10-25,50,quantile,0.025,0.0
2025-10-04,2,wk inc flu hosp,2025-10-25,50,quantile,0.05,0.0
2025-10-04,2,wk inc flu hosp,2025-10-25,50,quantile,0.1,0.0
2025-10-04,2,wk inc flu hosp,2025-10-25,50,quantile,0.15,0.0
2025-10-04,2,wk inc flu hosp,2025-10-25,50,quantile,0.2,0.0
2025-10-04,2,wk inc flu hosp,2025-10-25,50,quantile,0.25,0.0
2025-10-04,2,wk inc flu hosp,2025-10-25,50,quantile,0.3,0.0
2025-10-04,2,wk inc flu hosp,2025-10-25,50,quantile,0.35,0.0
2025-10-04,2,wk inc flu hosp,2025-10-25,50,quantile,0.4,0.0
2025-10-04,2,wk inc flu hosp,2025-10-25,50,quantile,0.45,0.0
2025-10-04,2,wk inc flu hosp,2025-10-25,50,quantile,0.5,0.0
2025-10-04,2,wk inc flu hosp,2025-10-25,50,quantile,0.55,0.6946708301552131
2025-10-04,2,wk inc flu hosp,2025-10-25,50,quantile,0.6,1.4005328357314026
2025-10-04,2,wk inc flu hosp,2025-10-25,50,quantile,0.65,2.1300972413087784
2025-10-04,2,wk inc flu hosp,2025-10-25,50,quantile,0.7,2.898948233595224
2025-10-04,2,wk inc flu hosp,2025-10-25,50,quantile,0.75,3.7286593405709194
2025-10-04,2,wk inc flu hosp,2025-10-25,50,quantile,0.8,4.652582004207151
2025-10-04,2,wk inc flu hosp,2025-10-25,50,quantile,0.85,5.729526708881998
2025-10-04,2,wk inc flu hosp,2025-10-25,50,quantile,0.9,7.084569059651395
2025-10-04,2,wk inc flu hosp,2025-10-25,50,quantile,0.95,9.092945946504896
2025-10-04,2,wk inc flu hosp,2025-10-25,50,quantile,0.975,10.834913378614488
2025-10-04,2,wk inc flu hosp,2025-10-25,50,quantile,0.99,12.86032697670796
2025-10-11,2,wk inc flu hosp,2025-11-01,50,quantile,0.01,0.0
2025-10-11,2,wk inc flu hosp,2025-11-01,50,quantile,0.025,0.0
2025-10-11,2,wk inc flu hosp,2025-11-01,50,quantile,0.05,0.0
2025-10-11,2,wk inc flu hosp,2025-11-01,50,quantile,0.1,0.0
2025-10-11,2,wk inc flu hosp,2025-11-01,50,quantile,0.15,0.0
2025-10-11,2,wk inc flu hosp,2025-11-01,50,quantile,0.2,0.0
2025-10-11,2,wk inc flu hosp,2025-11-01,50,quantile,0.25,0.0
2025-10-11,2,wk inc flu hosp,2025-11-01,50,quantile,0.3,0.0
2025-10-11,2,wk inc flu hosp,2025-11-01,50,quantile,0.35,0.0
2025-10-11,2,wk inc flu hosp,2025-11-01,50,quantile,0.4,0.0
2025-10-11,2,wk inc flu hosp,2025-11-01,50,quantile,0.45,0.0
2025-10-11,2,wk inc flu hosp,2025-11-01,50,quantile,0.5,0.19948960668849158
2025-10-11,2,wk inc flu hosp,2025-11-01,50,quantile,0.55,1.0980771233254183
2025-10-11,2,wk inc flu hosp,2025-11-01,50,quantile,0.6,2.011140921523695
2025-10-11,2,wk inc flu hosp,2025-11-01,50,quantile,0.65,2.9548648249557585
2025-10-11,2,wk inc flu hosp,2025-11-01,50,quantile,0.7,3.9494076700441987
2025-10-11,2,wk inc flu hosp,2025-11-01,50,quantile,0.75,5.022675771681315
2025-10-11,2,wk inc flu hosp,2025-11-01,50,quantile,0.8,6.217810698673938
2025-10-11,2,wk inc flu hosp,2025-11-01,50,quantile,0.85,7.610886419894069
2025-10-11,2,wk inc flu hosp,2025-11-01,50,quantile,0.9,9.363693775636467
2025-10-11,2,wk inc flu hosp,2025-11-01,50,quantile,0.95,11.961618319014022
2025-10-11,2,wk inc flu hosp,2025-11-01,50,quantile,0.975,14.214930421570594
2025-10-11,2,wk inc flu hosp,2025-11-01,50,quantile,0.99,16.834892706249832
2025-10-18,2,wk inc flu hosp,2025-11-08,50,quantile,0.01,0.0
2025-10-18,2,wk inc flu hosp,2025-11-08,50,quantile,0.025,0.0
2025-10-18,2,wk inc flu hosp,2025-11-08,50,quantile,0.05,0.0
2025-10-18,2,wk inc flu hosp,2025-11-08,50,quantile,0.1,0.0
2025-10-18,2,wk inc flu hosp,2025-11-08,50,quantile,0.15,0.0
2025-10-18,2,wk inc flu hosp,2025-11-08,50,quantile,0.2,0.0
2025-10-18,2,wk inc flu hosp,2025-11-08,50,quantile,0.25,0.0
2025-10-18,2,wk inc flu hosp,2025-11-08,50,quantile,0.3,0.0
2025-10-18,2,wk inc flu hosp,2025-11-08,50,quantile,0.35,0.0
2025-10-18,2,wk inc flu hosp,2025-11-08,50,quantile,0.4,0.0
2025-10-18,2,wk inc flu hosp,2025-11-08,50,quantile,0.45,0.0
2025-10-18,2,wk inc flu hosp,2025-11-08,50,quantile,0.5,0.0
2025-10-18,2,wk inc flu hosp,2025-11-08,50,quantile,0.55,1.0573692837124051
2025-10-18,2,wk inc flu hosp,2025-11-08,50,quantile,0.6,2.131772829733095
2025-10-18,2,wk inc flu hosp,2025-11-08,50,quantile,0.65,3.242254167743293
2025-10-18,2,wk inc flu hosp,2025-11-08,50,quantile,0.7,4.412534230911986
2025-10-18,2,wk inc flu hosp,2025-11-08,50,quantile,0.75,5.675450421987832
2025-10-18,2,wk inc flu hosp,2025-11-08,50,quantile,0.8,7.081767489938448
2025-10-18,2,wk inc flu hosp,2025-11-08,50,quantile,0.85,8.721001788470144
2025-10-18,2,wk inc flu hosp,2025-11-08,50,quantile,0.9,10.78353284294508
2025-10-18,2,wk inc flu hosp,2025-11-08,50,quantile,0.95,13.840514564492755
2025-10-18,2,wk inc flu hosp,2025-11-08,50,quantile,0.975,16.491990308088486
2025-10-18,2,wk inc flu hosp,2025-11-08,50,quantile,0.99,19.574903873005194
2025-10-25,2,wk inc flu hosp,2025-11-15,50,quantile,0.01,0.0
2025-10-25,2,wk inc flu hosp,2025-11-15,50,quantile,0.025,0.0
2025-10-25,2,wk inc flu hosp,2025-11-15,50,quantile,0.05,0.0
2025-10-25,2,wk inc flu hosp,2025-11-15,50,quantile,0.1,0.0
2025-10-25,2,wk inc flu hosp,2025-11-15,50,quantile,0.15,0.0
2025-10-25,2,wk inc flu hosp,2025-11-15,50,quantile,0.2,0.0
2025-10-25,2,wk inc flu hosp,2025-11-15,50,quantile,0.25,0.0
2025-10-25,2,wk inc flu hosp,2025-11-15,50,quantile,0.3,0.0
2025-10-25,2,wk inc flu hosp,2025-11-15,50,quantile,0.35,0.0
2025-10-25,2,wk inc flu hosp,2025-11-15,50,quantile,0.4,0.0
2025-10-25,2,wk inc flu hosp,2025-11-15,50,quantile,0.45,0.29300430465015803
2025-10-25,2,wk inc flu hosp,2025-11-15,50,quantile,0.5,1.2453618717456374
2025-10-25,2,wk inc flu hosp,2025-11-15,50,quantile,0.55,2.197719438841118
2025-10-25,2,wk inc flu hosp,2025-11-15,50,quantile,0.6,3.16541952520501
2025-10-25,2,wk inc flu hosp,2025-11-15,50,quantile,0.65,4.1656143688259615
2025-10-25,2,wk inc flu hosp,2025-11-15,50,quantile,0.7,5.219669078895279
2025-10-25,2,wk inc flu hosp,2025-11-15,50,quantile,0.75,6.357159839886234
2025-10-25,2,wk inc flu hosp,2025-11-15,50,quantile,0.8,7.623809743594406
2025-10-25,2,wk inc flu hosp,2025-11-15,50,quantile,0.85,9.100244904419192
2025-10-25,2,wk inc flu hosp,2025-11-15,50,quantile,0.9,10.95793746969035
2025-10-25,2,wk inc flu hosp,2025-11-15,50,quantile,0.95,13.711317693453648
2025-10-25,2,wk inc flu hosp,2025-11-15,50,quantile,0.975,16.099464415020723
2025-10-25,2,wk inc flu hosp,2025-11-15,50,quantile,0.99,18.87620108353956
2025-11-01,2,wk inc flu hosp,2025-11-22,50,quantile,0.01,0.3469435724369877
2025-11-01,2,wk inc flu hosp,2025-11-22,50,quantile,0.025,0.3469435724369877
2025-11-01,2,wk inc flu hosp,2025-11-22,50,quantile,0.05,0.3469435724369877
2025-11-01,2,wk inc flu hosp,2025-11-22,50,quantile,0.1,0.3469435724369877
2025-11-01,2,wk inc flu hosp,2025-11-22,50,quantile,0.15,0.5368159416866781
2025-11-01,2,wk inc flu hosp,2025-11-22,50,quantile,0.2,0.6392214825080521
2025-11-01,2,wk inc flu hosp,2025-11-22,50,quantile,0.25,0.6866482150749719
2025-11-01,2,wk inc flu hosp,2025-11-22,50,quantile,0.3,0.7354471203384897
2025-11-01,2,wk inc flu hosp,2025-11-22,50,quantile,0.35,0.7856578986491749
2025-11-01,2,wk inc flu hosp,2025-11-22,50,quantile,0.4,0.8373213989869498
2025-11-01,2,wk inc flu hosp,2025-11-22,50,quantile,0.45,0.8904796521937768
2025-11-01,2,wk inc flu hosp,2025-11-22,50,quantile,0.5,0.9451759051678514
2025-11-01,2,wk inc flu hosp,2025-11-22,50,quantile,0.55,1.0014546560471176
2025-11-01,2,wk inc flu hosp,2025-11-22,50,quantile,0.6,1.0593616904107286
2025-11-01,2,wk inc flu hosp,2025-11-22,50,quantile,0.65,1.1189441185279063
2025-11-01,2,wk inc flu hosp,2025-11-22,50,quantile,0.7,1.4119008510687754
2025-11-01,2,wk inc flu hosp,2025-11-22,50,quantile,0.75,2.277884900770511
2025-11-01,2,wk inc flu hosp,2025-11-22,50,quantile,0.8,2.925890109068211
2025-11-01,2,wk inc flu hosp,2025-11-22,50,quantile,0.85,3.7019994951185318
2025-11-01,2,wk inc flu hosp,2025-11-22,50,quantile,0.9,4.631537979381278
2025-11-01,2,wk inc flu hosp,2025-11-22,50,quantile,0.95,5.744836966941078
2025-11-01,2,wk inc flu hosp,2025-11-22,50,quantile,0.975,6.381483888744385
2025-11-01,2,wk inc flu hosp,2025-11-22,50,quantile,0.99,6.791965266048112
2025-09-20,2,wk inc flu hosp,2025-10-11,51,quantile,0.01,0.0
2025-09-20,2,wk inc flu hosp,2025-10-11,51,quantile,0.025,0.0
2025-09-20,2,wk inc flu hosp,2025-10-11,51,quantile,0.05,0.0
2025-09-20,2,wk inc flu hosp,2025-10-11,51,quantile,0.1,0.0
2025-09-20,2,wk inc flu hosp,2025-10-11,51,quantile,0.15,0.0
2025-09-20,2,wk inc flu hosp,2025-10-11,51,quantile,0.2,0.0
2025-09-20,2,wk inc flu hosp,2025-10-11,51,quantile,0.25,0.0
2025-09-20,2,wk inc flu hosp,2025-10-11,51,quantile,0.3,0.0
2025-09-20,2,wk inc flu hosp,2025-10-11,51,quantile,0.35,0.0
2025-09-20,2,wk inc flu hosp,2025-10-11,51,quantile,0.4,5.632910117733799
2025-09-20,2,wk inc flu hosp,2025-10-11,51,quantile,0.45,12.017197931770085
2025-09-20,2,wk inc flu hosp,2025-10-11,51,quantile,0.5,18.300265274523785
2025-09-20,2,wk inc flu hosp,2025-10-11,51,quantile,0.55,24.58333261727749
2025-09-20,2,wk inc flu hosp,2025-10-11,51,quantile,0.6,30.96762043131377
2025-09-20,2,wk inc flu hosp,2025-10-11,51,quantile,0.65,37.566288594902176
2025-09-20,2,wk inc flu hosp,2025-10-11,51,quantile,0.7,44.52029090992582
2025-09-20,2,wk inc flu hosp,2025-10-11,51,quantile,0.75,52.02475278432787
2025-09-20,2,wk inc flu hosp,2025-10-11,51,quantile,0.8,60.381326953169506
2025-09-20,2,wk inc flu hosp,2025-10-11,51,quantile,0.85,70.12193474921328
2025-09-20,2,wk inc flu hosp,2025-10-11,51,quantile,0.9,82.3778435517538
2025-09-20,2,wk inc flu hosp,2025-10-11,51,quantile,0.95,100.54294662209739
2025-09-20,2,wk inc flu hosp,2025-10-11,51,quantile,0.975,116.29846450152648
2025-09-20,2,wk inc flu hosp,2025-10-11,51,quantile,0.99,134.61765897656582
2025-09-27,2,wk inc flu hosp,2025-10-18,51,quantile,0.01,0.0
2025-09-27,2,wk inc flu hosp,2025-10-18,51,quantile,0.025,0.0
2025-09-27,2,wk inc flu hosp,2025-10-18,51,quantile,0.05,0.0
2025-09-27,2,wk inc flu hosp,2025-10-18,51,quantile,0.1,0.0
2025-09-27,2,wk inc flu hosp,2025-10-18,51,quantile,0.15,0.0
2025-09-27,2,wk inc flu hosp,2025-10-18,51,quantile,0.2,0.0
2025-09-27,2,wk inc flu hosp,2025-10-18,51,quantile,0.25,0.0
2025-09-27,2,wk inc flu hosp,2025-10-18,51,quantile,0.3,0.0
2025-09-27,2,wk inc flu hosp,2025-10-18,51,quantile,0.35,0.0
2025-09-27,2,wk inc flu hosp,2025-10-18,51,quantile,0.4,5.9199972228655735
2025-09-27,2,wk inc flu hosp,2025-10-18,51,quantile,0.45,12.30428503690186
2025-09-27,2,wk inc flu hosp,2025-10-18,51,quantile,0.5,18.58735237965556
2025-09-27,2,wk inc flu hosp,2025-10-18,51,quantile,0.55,24.870419722409267
2025-09-27,2,wk inc flu hosp,2025-10-18,51,quantile,0.6,31.254707536445544
2025-09-27,2,wk inc flu hosp,2025-10-18,51,quantile,0.65,37.85337570003395
2025-09-27,2,wk inc flu hosp,2025-10-18,51,quantile,0.7,44.807378015057594
2025-09-27,2,wk inc flu hosp,2025-10-18,51,quantile,0.75,52.31183988945965
2025-09-27,2,wk inc flu hosp,2025-10-18,51,quantile,0.8,60.66841405830128
2025-09-27,2,wk inc flu hosp,2025-10-18,51,quantile,0.85,70.40902185434506
2025-09-27,2,wk inc flu hosp,2025-10-18,51,quantile,0.9,82.66493065688557
2025-09-27,2,wk inc flu hosp,2025-10-18,51,quantile,0.95,100.83003372722916
2025-09-27,2,wk inc flu hosp,2025-10-18,51,quantile,0.975,116.58555160665826
2025-09-27,2,wk inc flu hosp,2025-10-18,51,quantile,0.99,134.9047460816976
2025-10-04,2,wk inc flu hosp,2025-10-25,51,quantile,0.01,0.0
2025-10-04,2,wk inc flu hosp,2025-10-25,51,quantile,0.025,0.0
2025-10-04,2,wk inc flu hosp,2025-10-25,51,quantile,0.05,0.0
2025-10-04,2,wk inc flu hosp,2025-10-25,51,quantile,0.1,0.0
2025-10-04,2,wk inc flu hosp,2025-10-25,51,quantile,0.15,0.0
2025-10-04,2,wk inc flu hosp,2025-10-25,51,quantile,0.2,0.0
2025-10-04,2,wk inc flu hosp,2025-10-25,51,quantile,0.25,0.0
2025-10-04,2,wk inc flu hosp,2025-10-25,51,quantile,0.3,0.0
2025-10-04,2,wk inc flu hosp,2025-10-25,51,quantile,0.35,0.0
2025-10-04,2,wk inc flu hosp,2025-10-25,51,quantile,0.4,0.0
2025-10-04,2,wk inc flu hosp,2025-10-25,51,quantile,0.45,5.281895644236136
2025-10-04,2,wk inc flu hosp,2025-10-25,51,quantile,0.5,11.564962986989837
2025-10-04,2,wk inc flu hosp,2025-10-25,51,quantile,0.55,17.848030329743544
2025-10-04,2,wk inc flu hosp,2025-10-25,51,quantile,0.6,24.23231814377982
2025-10-04,2,wk inc flu hosp,2025-10-25,51,quantile,0.65,30.830986307368224
2025-10-04,2,wk inc flu hosp,2025-10-25,51,quantile,0.7,37.78498862239187
2025-10-04,2,wk inc flu hosp,2025-10-25,51,quantile,0.75,45.28945049679392
2025-10-04,2,wk inc flu hosp,2025-10-25,51,quantile,0.8,53.64602466563555
2025-10-04,2,wk inc flu hosp,2025-10-25,51,quantile,0.85,63.386632461679326
2025-10-04,2,wk inc flu hosp,2025-10-25,51,quantile,0.9,75.64254126421986
2025-10-04,2,wk inc flu hosp,2025-10-25,51,quantile,0.95,93.80764433456345
2025-10-04,2,wk inc flu hosp,2025-10-25,51,quantile,0.975,109.56316221399254
2025-10-04,2,wk inc flu hosp,2025-10-25,51,quantile,0.99,127.88235668903188
2025-10-11,2,wk inc flu hosp,2025-11-01,51,quantile,0.01,0.0
2025-10-11,2,wk inc flu hosp,2025-11-01,51,quantile,0.025,0.0
2025-10-11,2,wk inc flu hosp,2025-11-01,51,quantile,0.05,0.0
2025-10-11,2,wk inc flu hosp,2025-11-01,51,quantile,0.1,0.0
2025-10-11,2,wk inc flu hosp,2025-11-01,51,quantile,0.15,0.0
2025-10-11,2,wk inc flu hosp,2025-11-01,51,quantile,0.2,0.0
2025-10-11,2,wk inc flu hosp,2025-11-01,51,quantile,0.25,0.0
2025-10-11,2,wk inc flu hosp,2025-11-01,51,quantile,0.3,0.0
2025-10-11,2,wk inc flu hosp,2025-11-01,51,quantile,0.35,0.0
2025-10-11,2,wk inc flu hosp,2025-11-01,51,quantile,0.4,1.8301507283869949
2025-10-11,2,wk inc flu hosp,2025-11-01,51,quantile,0.45,8.21443854242328
2025-10-11,2,wk inc flu hosp,2025-11-01,51,quantile,0.5,14.497505885176981
2025-10-11,2,wk inc flu hosp,2025-11-01,51,quantile,0.55,20.780573227930688
2025-10-11,2,wk inc flu hosp,2025-11-01,51,quantile,0.6,27.164861041966965
2025-10-11,2,wk inc flu hosp,2025-11-01,51,quantile,0.65,33.76352920555537
2025-10-11,2,wk inc flu hosp,2025-11-01,51,quantile,0.7,40.717531520579016
2025-10-11,2,wk inc flu hosp,2025-11-01,51,quantile,0.75,48.22199339498107
2025-10-11,2,wk inc flu hosp,2025-11-01,51,quantile,0.8,56.5785675638227
2025-10-11,2,wk inc flu hosp,2025-11-01,51,quantile,0.85,66.31917535986648
2025-10-11,2,wk inc flu hosp,2025-11-01,51,quantile,0.9,78.575084162407
2025-10-11,2,wk inc flu hosp,2025-11-01,51,quantile,0.95,96.74018723275059
2025-10-11,2,wk inc flu hosp,2025-11-01,51,quantile,0.975,112.49570511217968
2025-10-11,2,wk inc flu hosp,2025-11-01,51,quantile,0.99,130.81489958721903
2025-10-18,2,wk inc flu hosp,2025-11-08,51,quantile,0.01,0.0
2025-10-18,2,wk inc flu hosp,2025-11-08,51,quantile,0.025,0.0
2025-10-18,2,wk inc flu hosp,2025-11-08,51,quantile,0.05,0.0
2025-10-18,2,wk inc flu hosp,2025-11-08,51,quantile,0.1,0.0
2025-10-18,2,wk inc flu hosp,2025-11-08,51,quantile,0.15,0.0
2025-10-18,2,wk inc flu hosp,2025-11-08,51,quantile,0.2,0.0
2025-10-18,2,wk inc flu hosp,2025-11-08,51,quantile,0.25,0.0
2025-10-18,2,wk inc flu hosp,2025-11-08,51,quantile,0.3,0.0
2025-10-18,2,wk inc flu hosp,2025-11-08,51,quantile,0.35,0.0
2025-10-18,2,wk inc flu hosp,2025-11-08,51,quantile,0.4,2.6248517136446115
2025-10-18,2,wk inc flu hosp,2025-11-08,51,quantile,0.45,9.009139527680897
2025-10-18,2,wk inc flu hosp,2025-11-08,51,quantile,0.5,15.292206870434597
2025-10-18,2,wk inc flu hosp,2025-11-08,51,quantile,0.55,21.575274213188305
2025-10-18,2,wk inc flu hosp,2025-11-08,51,quantile,0.6,27.959562027224585
2025-10-18,2,wk inc flu hosp,2025-11-08,51,quantile,0.65,34.558230190812985
2025-10-18,2,wk inc flu hosp,2025-11-08,51,quantile,0.7,41.512232505836636
2025-10-18,2,wk inc flu hosp,2025-11-08,51,quantile,0.75,49.01669438023868
2025-10-18,2,wk inc flu hosp,2025-11-08,51,quantile,0.8,57.373268549080315
2025-10-18,2,wk inc flu hosp,2025-11-08,51,quantile,0.85,67.11387634512408
2025-10-18,2,wk inc flu hosp,2025-11-08,51,quantile,0.9,79.36978514766462
2025-10-18,2,wk inc flu hosp,2025-11-08,51,quantile,0.95,97.5348882180082
2025-10-18,2,wk inc flu hosp,2025-11-08,51,quantile,0.975,113.2904060974373
2025-10-18,2,wk inc flu hosp,2025-11-08,51,quantile,0.99,131.60960057247664
2025-10-25,2,wk inc flu hosp,2025-11-15,51,quantile,0.01,0.0
2025-10-25,2,wk inc flu hosp,2025-11-15,51,quantile,0.025,0.0
2025-10-25,2,wk inc flu hosp,2025-11-15,51,quantile,0.05,0.0
2025-10-25,2,wk inc flu hosp,2025-11-15,51,quantile,0.1,0.0
2025-10-25,2,wk inc flu hosp,2025-11-15,51,quantile,0.15,0.0
2025-10-25,2,wk inc flu hosp,2025-11-15,51,quantile,0.2,0.0
2025-10-25,2,wk inc flu hosp,2025-11-15,51,quantile,0.25,0.0
2025-10-25,2,wk inc flu hosp,2025-11-15,51,quantile,0.3,0.0
2025-10-25,2,wk inc flu hosp,2025-11-15,51,quantile,0.35,0.5740772382348247
2025-10-25,2,wk inc flu hosp,2025-11-15,51,quantile,0.4,7.172745401823226
2025-10-25,2,wk inc flu hosp,2025-11-15,51,quantile,0.45,13.557033215859512
2025-10-25,2,wk inc flu hosp,2025-11-15,51,quantile,0.5,19.840100558613212
2025-10-25,2,wk inc flu hosp,2025-11-15,51,quantile,0.55,26.12316790136692
2025-10-25,2,wk inc flu hosp,2025-11-15,51,quantile,0.6,32.5074557154032
2025-10-25,2,wk inc flu hosp,2025-11-15,51,quantile,0.65,39.106123878991596
2025-10-25,2,wk inc flu hosp,2025-11-15,51,quantile,0.7,46.06012619401525
2025-10-25,2,wk inc flu hosp,2025-11-15,51,quantile,0.75,53.564588068417294
2025-10-25,2,wk inc flu hosp,2025-11-15,51,quantile,0.8,61.921162237258926
2025-10-25,2,wk inc flu hosp,2025-11-15,51,quantile,0.85,71.6617700333027
2025-10-25,2,wk inc flu hosp,2025-11-15,51,quantile,0.9,83.91767883584323
2025-10-25,2,wk inc flu hosp,2025-11-15,51,quantile,0.95,102.08278190618682
2025-10-25,2,wk inc flu hosp,2025-11-15,51,quantile,0.975,117.83829978561592
2025-10-25,2,wk inc flu hosp,2025-11-15,51,quantile,0.99,136.15749426065526
2025-11-01,2,wk inc flu hosp,2025-11-22,51,quantile,0.01,13.994956990159407
2025-11-01,2,wk inc flu hosp,2025-11-22,51,quantile,0.025,13.994956990159407
2025-11-01,2,wk inc flu hosp,2025-11-22,51,quantile,0.05,19.671441848411867
2025-11-01,2,wk inc flu hosp,2025-11-22,51,quantile,0.1,20.06244266418384
2025-11-01,2,wk inc flu hosp,2025-11-22,51,quantile,0.15,20.46083926971521
2025-11-01,2,wk inc flu hosp,2025-11-22,51,quantile,0.2,20.67807349117171
2025-11-01,2,wk inc flu hosp,2025-11-22,51,quantile,0.25,20.923357387276855
2025-11-01,2,wk inc flu hosp,2025-11-22,51,quantile,0.3,21.86132842480959
2025-11-01,2,wk inc flu hosp,2025-11-22,51,quantile,0.35,22.839429705703726
2025-11-01,2,wk inc flu hosp,2025-11-22,51,quantile,0.4,23.859378166162823
2025-11-01,2,wk inc flu hosp,2025-11-22,51,quantile,0.45,24.922964199954652
2025-11-01,2,wk inc flu hosp,2025-11-22,51,quantile,0.5,26.032054801226632
2025-11-01,2,wk inc flu hosp,2025-11-22,51,quantile,0.55,27.18859684178395
2025-11-01,2,wk inc flu hosp,2025-11-22,51,quantile,0.6,28.394620488582884
2025-11-01,2,wk inc flu hosp,2025-11-22,51,quantile,0.65,29.65224276743869
2025-11-01,2,wk inc flu hosp,2025-11-22,51,quantile,0.7,30.963671279203293
2025-11-01,2,wk inc flu hosp,2025-11-22,51,quantile,0.75,32.29897899422664
2025-11-01,2,wk inc flu hosp,2025-11-22,51,quantile,0.8,33.302959200007926
2025-11-01,2,wk inc flu hosp,2025-11-22,51,quantile,0.85,34.3372098910727
2025-11-01,2,wk inc flu hosp,2025-11-22,51,quantile,0.9,35.402643737087224
2025-11-01,2,wk inc flu hosp,2025-11-22,51,quantile,0.95,36.500200925146345
2025-11-01,2,wk inc flu hosp,2025-11-22,51,quantile,0.975,37.06132730887203
2025-11-01,2,wk inc flu hosp,2025-11-22,51,quantile,0.99,37.402025362682615
2025-09-20,2,wk inc flu hosp,2025-10-11,53,quantile,0.01,0.0
2025-09-20,2,wk inc flu hosp,2025-10-11,53,quantile,0.025,0.0
2025-09-20,2,wk inc flu hosp,2025-10-11,53,quantile,0.05,0.0
2025-09-20,2,wk inc flu hosp,2025-10-11,53,quantile,0.1,0.0
2025-09-20,2,wk inc flu hosp,2025-10-11,53,quantile,0.15,0.0
2025-09-20,2,wk inc flu hosp,2025-10-11,53,quantile,0.2,0.0
2025-09-20,2,wk inc flu hosp,2025-10-11,53,quantile,0.25,0.0
2025-09-20,2,wk inc flu hosp,2025-10-11,53,quantile,0.3,0.0
2025-09-20,2,wk inc flu hosp,2025-10-11,53,quantile,0.35,0.0
2025-09-20,2,wk inc flu hosp,2025-10-11,53,quantile,0.4,0.0
2025-09-20,2,wk inc flu hosp,2025-10-11,53,quantile,0.45,0.6207572347556667
2025-09-20,2,wk inc flu hosp,2025-10-11,53,quantile,0.5,6.428283642356629
2025-09-20,2,wk inc flu hosp,2025-10-11,53,quantile,0.55,12.235810049957596
2025-09-20,2,wk inc flu hosp,2025-10-11,53,quantile,0.6,18.136895944970604
2025-09-20,2,wk inc flu hosp,2025-10-11,53,quantile,0.65,24.236136574506794
2025-09-20,2,wk inc flu hosp,2025-10-11,53,quantile,0.7,30.663817495290644
2025-09-20,2,wk inc flu hosp,2025-10-11,53,quantile,0.75,37.600295831892964
2025-09-20,2,wk inc flu hosp,2025-10-11,53,quantile,0.8,45.324393396849814
2025-09-20,2,wk inc flu hosp,2025-10-11,53,quantile,0.85,54.32777246564959
2025-09-20,2,wk inc flu hosp,2025-10-11,53,quantile,0.9,65.6560791886376
2025-09-20,2,wk inc flu hosp,2025-10-11,53,quantile,0.95,82.44633624349488
2025-09-20,2,wk inc flu hosp,2025-10-11,53,quantile,0.975,97.00938024074597
2025-09-20,2,wk inc flu hosp,2025-10-11,53,quantile,0.99,113.94206612106967
2025-09-27,2,wk inc flu hosp,2025-10-18,53,quantile,0.01,0.0
2025-09-27,2,wk inc flu hosp,2025-10-18,53,quantile,0.025,0.0
2025-09-27,2,wk inc flu hosp,2025-10-18,53,quantile,0.05,0.0
2025-09-27,2,wk inc flu hosp,2025-10-18,53,quantile,0.1,0.0
2025-09-27,2,wk inc flu hosp,2025-10-18,53,quantile,0.15,0.0
2025-09-27,2,wk inc flu hosp,2025-10-18,53,quantile,0.2,0.0
2025-09-27,2,wk inc flu hosp,2025-10-18,53,quantile,0.25,0.0
2025-09-27,2,wk inc flu hosp,2025-10-18,53,quantile,0.3,0.0
2025-09-27,2,wk inc flu hosp,2025-10-18,53,quantile,0.35,0.0
2025-09-27,2,wk inc flu hosp,2025-10-18,53,quantile,0.4,0.0
2025-09-27,2,wk inc flu hosp,2025-10-18,53,quantile,0.45,2.037738727231459
2025-09-27,2,wk inc flu hosp,2025-10-18,53,quantile,0.5,7.744603370501402
2025-09-27,2,wk inc flu hosp,2025-10-18,53,quantile,0.55,13.45146801377135
2025-09-27,2,wk inc flu hosp,2025-10-18,53,quantile,0.6,19.250270479322296
2025-09-27,2,wk inc flu hosp,2025-10-18,53,quantile,0.65,25.2437930664842
2025-09-27,2,wk inc flu hosp,2025-10-18,53,quantile,0.7,31.560063094465896
2025-09-27,2,wk inc flu hosp,2025-10-18,53,quantile,0.75,38.376311560620714
2025-09-27,2,wk inc flu hosp,2025-10-18,53,quantile,0.8,45.96652746337181
2025-09-27,2,wk inc flu hosp,2025-10-18,53,quantile,0.85,54.813851103681365
2025-09-27,2,wk inc flu hosp,2025-10-18,53,quantile,0.9,65.94580446353591
2025-09-27,2,wk inc flu hosp,2025-10-18,53,quantile,0.95,82.44503625564084
2025-09-27,2,wk inc flu hosp,2025-10-18,53,quantile,0.975,96.75565923920959
2025-09-27,2,wk inc flu hosp,2025-10-18,53,quantile,0.99,113.39485114017825
2025-10-04,2,wk inc flu hosp,2025-10-25,53,quantile,0.01,0.0
2025-10-04,2,wk inc flu hosp,2025-10-25,53,quantile,0.025,0.0
2025-10-04,2,wk inc flu hosp,2025-10-25,53,quantile,0.05,0.0
2025-10-04,2,wk inc flu hosp,2025-10-25,53,quantile,0.1,0.0
2025-10-04,2,wk inc flu hosp,2025-10-25,53,quantile,0.15,0.0
2025-10-04,2,wk inc flu hosp,2025-10-25,53,quantile,0.2,0.0
2025-10-04,2,wk inc flu hosp,2025-10-25,53,quantile,0.25,0.0
2025-10-04,2,wk inc flu hosp,2025-10-25,53,quantile,0.3,0.0
2025-10-04,2,wk inc flu hosp,2025-10-25,53,quantile,0.35,0.0
2025-10-04,2,wk inc flu hosp,2025-10-25,53,quantile,0.4,0.0
2025-10-04,2,wk inc flu hosp,2025-10-25,53,quantile,0.45,0.1287120362144174
2025-10-04,2,wk inc flu hosp,2025-10-25,53,quantile,0.5,5.694931018506733
2025-10-04,2,wk inc flu hosp,2025-10-25,53,quantile,0.55,11.261150000799052
2025-10-04,2,wk inc flu hosp,2025-10-25,53,quantile,0.6,16.917040998034743
2025-10-04,2,wk inc flu hosp,2025-10-25,53,quantile,0.65,22.762853240103777
2025-10-04,2,wk inc flu hosp,2025-10-25,53,quantile,0.7,28.92345881334038
2025-10-04,2,wk inc flu hosp,2025-10-25,53,quantile,0.75,35.571720857731954
2025-10-04,2,wk inc flu hosp,2025-10-25,53,quantile,0.8,42.97487591370718
2025-10-04,2,wk inc flu hosp,2025-10-25,53,quantile,0.85,51.6041572910481
2025-10-04,2,wk inc flu hosp,2025-10-25,53,quantile,0.9,62.461763695764105
2025-10-04,2,wk inc flu hosp,2025-10-25,53,quantile,0.95,78.5543719728431
2025-10-04,2,wk inc flu hosp,2025-10-25,53,quantile,0.975,92.51230969850945
2025-10-04,2,wk inc flu hosp,2025-10-25,53,quantile,0.99,108.74142876801449
2025-10-11,2,wk inc flu hosp,2025-11-01,53,quantile,0.01,0.0
2025-10-11,2,wk inc flu hosp,2025-11-01,53,quantile,0.025,0.0
2025-10-11,2,wk inc flu hosp,2025-11-01,53,quantile,0.05,0.0
2025-10-11,2,wk inc flu hosp,2025-11-01,53,quantile,0.1,0.0
2025-10-11,2,wk inc flu hosp,2025-11-01,53,quantile,0.15,0.0
2025-10-11,2,wk inc flu hosp,2025-11-01,53,quantile,0.2,0.0
2025-10-11,2,wk inc flu hosp,2025-11-01,53,quantile,0.25,0.0
2025-10-11,2,wk inc flu hosp,2025-11-01,53,quantile,0.3,0.0
2025-10-11,2,wk inc flu hosp,2025-11-01,53,quantile,0.35,0.0
2025-10-11,2,wk inc flu hosp,2025-11-01,53,quantile,0.4,0.0
2025-10-11,2,wk inc flu hosp,2025-11-01,53,quantile,0.45,2.2983388640493096
2025-10-11,2,wk inc flu hosp,2025-11-01,53,quantile,0.5,7.50463087252271
2025-10-11,2,wk inc flu hosp,2025-11-01,53,quantile,0.55,12.710922880996115
2025-10-11,2,wk inc flu hosp,2025-11-01,53,quantile,0.6,18.001088466177265
2025-10-11,2,wk inc flu hosp,2025-11-01,53,quantile,0.65,23.468894468014806
2025-10-11,2,wk inc flu hosp,2025-11-01,53,quantile,0.7,29.23113840152414
2025-10-11,2,wk inc flu hosp,2025-11-01,53,quantile,0.75,35.44950560232342
2025-10-11,2,wk inc flu hosp,2025-11-01,53,quantile,0.8,42.37395236376583
2025-10-11,2,wk inc flu hosp,2025-11-01,53,quantile,0.85,50.445240758391016
2025-10-11,2,wk inc flu hosp,2025-11-01,53,quantile,0.9,60.6007645773161
2025-10-11,2,wk inc flu hosp,2025-11-01,53,quantile,0.95,75.65278070082572
2025-10-11,2,wk inc flu hosp,2025-11-01,53,quantile,0.975,88.7081599209187
2025-10-11,2,wk inc flu hosp,2025-11-01,53,quantile,0.99,103.88785967490335
2025-10-18,2,wk inc flu hosp,2025-11-08,53,quantile,0.01,0.0
2025-10-18,2,wk inc flu hosp,2025-11-08,53,quantile,0.025,0.0
2025-10-18,2,wk inc flu hosp,2025-11-08,53,quantile,0.05,0.0
2025-10-18,2,wk inc flu hosp,2025-11-08,53,quantile,0.1,0.0
2025-10-18,2,wk inc flu hosp,2025-11-08,53,quantile,0.15,0.0
2025-10-18,2,wk inc flu hosp,2025-11-08,53,quantile,0.2,0.0
2025-10-18,2,wk inc flu hosp,2025-11-08,53,quantile,0.25,0.0
2025-10-18,2,wk inc flu hosp,2025-11-08,53,quantile,0.3,0.0
2025-10-18,2,wk inc flu hosp,2025-11-08,53,quantile,0.35,0.0
2025-10-18,2,wk inc flu hosp,2025-11-08,53,quantile,0.4,0.0
2025-10-18,2,wk inc flu hosp,2025-11-08,53,quantile,0.45,4.271442438058805
2025-10-18,2,wk inc flu hosp,2025-11-08,53,quantile,0.5,10.420932762339474
2025-10-18,2,wk inc flu hosp,2025-11-08,53,quantile,0.55,16.57042308662015
2025-10-18,2,wk inc flu hosp,2025-11-08,53,quantile,0.6,22.818981950964968
2025-10-18,2,wk inc flu hosp,2025-11-08,53,quantile,0.65,29.2773634725199
2025-10-18,2,wk inc flu hosp,2025-11-08,53,quantile,0.7,36.08352479762217
2025-10-18,2,wk inc flu hosp,2025-11-08,53,quantile,0.75,43.42844299888768
2025-10-18,2,wk inc flu hosp,2025-11-08,53,quantile,0.8,51.6073577219158
2025-10-18,2,wk inc flu hosp,2025-11-08,53,quantile,0.85,61.140881736021235
2025-10-18,2,wk inc flu hosp,2025-11-08,53,quantile,0.9,73.13623185484674
2025-10-18,2,wk inc flu hosp,2025-11-08,53,quantile,0.95,90.91514770547347
2025-10-18,2,wk inc flu hosp,2025-11-08,53,quantile,0.975,106.3357057654348
2025-10-18,2,wk inc flu hosp,2025-11-08,53,quantile,0.99,124.26543706185238
2025-10-25,2,wk inc flu hosp,2025-11-15,53,quantile,0.01,0.0
2025-10-25,2,wk inc flu hosp,2025-11-15,53,quantile,0.025,0.0
2025-10-25,2,wk inc flu hosp,2025-11-15,53,quantile,0.05,0.0
2025-10-25,2,wk inc flu hosp,2025-11-15,53,quantile,0.1,0.0
2025-10-25,2,wk inc flu hosp,2025-11-15,53,quantile,0.15,0.0
2025-10-25,2,wk inc flu hosp,2025-11-15,53,quantile,0.2,0.0
2025-10-25,2,wk inc flu hosp,2025-11-15,53,quantile,0.25,0.0
2025-10-25,2,wk inc flu hosp,2025-11-15,53,quantile,0.3,0.0
2025-10-25,2,wk inc flu hosp,2025-11-15,53,quantile,0.35,2.8776958460387547
2025-10-25,2,wk inc flu hosp,2025-11-15,53,quantile,0.4,8.367403433248363
2025-10-25,2,wk inc flu hosp,2025-11-15,53,quantile,0.45,13.678759055741974
2025-10-25,2,wk inc flu hosp,2025-11-15,53,quantile,0.5,18.90590514149192
2025-10-25,2,wk inc flu hosp,2025-11-15,53,quantile,0.55,24.133051227241875
2025-10-25,2,wk inc flu hosp,2025-11-15,53,quantile,0.6,29.44440684973548
2025-10-25,2,wk inc flu hosp,2025-11-15,53,quantile,0.65,34.93411443694509
2025-10-25,2,wk inc flu hosp,2025-11-15,53,quantile,0.7,40.71943934249367
2025-10-25,2,wk inc flu hosp,2025-11-15,53,quantile,0.75,46.962714541140244
2025-10-25,2,wk inc flu hosp,2025-11-15,53,quantile,0.8,53.914897539356424
2025-10-25,2,wk inc flu hosp,2025-11-15,53,quantile,0.85,62.018515905414034
2025-10-25,2,wk inc flu hosp,2025-11-15,53,quantile,0.9,72.21471821070888
2025-10-25,2,wk inc flu hosp,2025-11-15,53,quantile,0.95,87.32702597880868
2025-10-25,2,wk inc flu hosp,2025-11-15,53,quantile,0.975,100.43469920905076
2025-10-25,2,wk inc flu hosp,2025-11-15,53,quantile,0.99,115.67520205114289
2025-11-01,2,wk inc flu hosp,2025-11-22,53,quantile,0.01,22.003963908764845
2025-11-01,2,wk inc flu hosp,2025-11-22,53,quantile,0.025,22.003963908764845
2025-11-01,2,wk inc flu hosp,2025-11-22,53,quantile,0.05,22.003963908764845
2025-11-01,2,wk inc flu hosp,2025-11-22,53,quantile,0.1,22.003963908764845
2025-11-01,2,wk inc flu hosp,2025-11-22,53,quantile,0.15,22.003963908764845
2025-11-01,2,wk inc flu hosp,2025-11-22,53,quantile,0.2,22.003963908764845
2025-11-01,2,wk inc flu hosp,2025-11-22,53,quantile,0.25,22.003963908764845
2025-11-01,2,wk inc flu hosp,2025-11-22,53,quantile,0.3,22.003963908764845
2025-11-01,2,wk inc flu hosp,2025-11-22,53,quantile,0.35,22.003963908764845
2025-11-01,2,wk inc flu hosp,2025-11-22,53,quantile,0.4,22.003963908764845
2025-11-01,2,wk inc flu hosp,2025-11-22,53,quantile,0.45,22.003963908764845
2025-11-01,2,wk inc flu hosp,2025-11-22,53,quantile,0.5,22.003963908764845
2025-11-01,2,wk inc flu hosp,2025-11-22,53,quantile,0.55,23.989313113786533
2025-11-01,2,wk inc flu hosp,2025-11-22,53,quantile,0.6,24.63442653138314
2025-11-01,2,wk inc flu hosp,2025-11-22,53,quantile,0.65,25.29619392100644
2025-11-01,2,wk inc flu hosp,2025-11-22,53,quantile,0.7,25.975045214474154
2025-11-01,2,wk inc flu hosp,2025-11-22,53,quantile,0.75,26.671421442539895
2025-11-01,2,wk inc flu hosp,2025-11-22,53,quantile,0.8,29.373255358291658
2025-11-01,2,wk inc flu hosp,2025-11-22,53,quantile,0.85,38.201507289316176
2025-11-01,2,wk inc flu hosp,2025-11-22,53,quantile,0.9,43.73305426570479
2025-11-01,2,wk inc flu hosp,2025-11-22,53,quantile,0.95,44.24684567235129
2025-11-01,2,wk inc flu hosp,2025-11-22,53,quantile,0.975,44.50595013194103
2025-11-01,2,wk inc flu hosp,2025-11-22,53,quantile,0.99,44.66212446620207
2025-09-20,2,wk inc flu hosp,2025-10-11,54,quantile,0.01,0.0
2025-09-20,2,wk inc flu hosp,2025-10-11,54,quantile,0.025,0.0
2025-09-20,2,wk inc flu hosp,2025-10-11,54,quantile,0.05,0.0
2025-09-20,2,wk inc flu hosp,2025-10-11,54,quantile,0.1,0.0
2025-09-20,2,wk inc flu hosp,2025-10-11,54,quantile,0.15,0.0
2025-09-20,2,wk inc flu hosp,2025-10-11,54,quantile,0.2,0.0
2025-09-20,2,wk inc flu hosp,2025-10-11,54,quantile,0.25,0.0
2025-09-20,2,wk inc flu hosp,2025-10-11,54,quantile,0.3,0.0
2025-09-20,2,wk inc flu hosp,2025-10-11,54,quantile,0.35,0.0
2025-09-20,2,wk inc flu hosp,2025-10-11,54,quantile,0.4,0.0
2025-09-20,2,wk inc flu hosp,2025-10-11,54,quantile,0.45,0.0
2025-09-20,2,wk inc flu hosp,2025-10-11,54,quantile,0.5,0.6637812459072053
2025-09-20,2,wk inc flu hosp,2025-10-11,54,quantile,0.55,3.9107465532576926
2025-09-20,2,wk inc flu hosp,2025-10-11,54,quantile,0.6,7.21002060420731
2025-09-20,2,wk inc flu hosp,2025-10-11,54,quantile,0.65,10.620082192453694
2025-09-20,2,wk inc flu hosp,2025-10-11,54,quantile,0.7,14.21377346335145
2025-09-20,2,wk inc flu hosp,2025-10-11,54,quantile,0.75,18.091931380060736
2025-09-20,2,wk inc flu hosp,2025-10-11,54,quantile,0.8,22.410444127791063
2025-09-20,2,wk inc flu hosp,2025-10-11,54,quantile,0.85,27.44419816239295
2025-09-20,2,wk inc flu hosp,2025-10-11,54,quantile,0.9,33.77781015810007
2025-09-20,2,wk inc flu hosp,2025-10-11,54,quantile,0.95,43.16517722840133
2025-09-20,2,wk inc flu hosp,2025-10-11,54,quantile,0.975,51.30731818648719
2025-09-20,2,wk inc flu hosp,2025-10-11,54,quantile,0.99,60.77431665621712
2025-09-27,2,wk inc flu hosp,2025-10-18,54,quantile,0.01,0.0
2025-09-27,2,wk inc flu hosp,2025-10-18,54,quantile,0.025,0.0
2025-09-27,2,wk inc flu hosp,2025-10-18,54,quantile,0.05,0.0
2025-09-27,2,wk inc flu hosp,2025-10-18,54,quantile,0.1,0.0
2025-09-27,2,wk inc flu hosp,2025-10-18,54,quantile,0.15,0.0
2025-09-27,2,wk inc flu hosp,2025-10-18,54,quantile,0.2,0.0
2025-09-27,2,wk inc flu hosp,2025-10-18,54,quantile,0.25,0.0
2025-09-27,2,wk inc flu hosp,2025-10-18,54,quantile,0.3,0.0
2025-09-27,2,wk inc flu hosp,2025-10-18,54,quantile,0.35,0.0
2025-09-27,2,wk inc flu hosp,2025-10-18,54,quantile,0.4,0.0
2025-09-27,2,wk inc flu hosp,2025-10-18,54,quantile,0.45,0.0
2025-09-27,2,wk inc flu hosp,2025-10-18,54,quantile,0.5,1.3290849467143149
2025-09-27,2,wk inc flu hosp,2025-10-18,54,quantile,0.55,4.88567798347796
2025-09-27,2,wk inc flu hosp,2025-10-18,54,quantile,0.6,8.499567879196444
2025-09-27,2,wk inc flu hosp,2025-10-18,54,quantile,0.65,12.234809913423423
2025-09-27,2,wk inc flu hosp,2025-10-18,54,quantile,0.7,16.171192393833334
2025-09-27,2,wk inc flu hosp,2025-10-18,54,quantile,0.75,20.41916800688142
2025-09-27,2,wk inc flu hosp,2025-10-18,54,quantile,0.8,25.14949029673852
2025-09-27,2,wk inc flu hosp,2025-10-18,54,quantile,0.85,30.663258647671338
2025-09-27,2,wk inc flu hosp,2025-10-18,54,quantile,0.9,37.600838261010615
2025-09-27,2,wk inc flu hosp,2025-10-18,54,quantile,0.95,47.88337632207217
2025-09-27,2,wk inc flu hosp,2025-10-18,54,quantile,0.975,56.801944614231125
2025-09-27,2,wk inc flu hosp,2025-10-18,54,quantile,0.99,67.17170765428294
2025-10-04,2,wk inc flu hosp,2025-10-25,54,quantile,0.01,0.0
2025-10-04,2,wk inc flu hosp,2025-10-25,54,quantile,0.025,0.0
2025-10-04,2,wk inc flu hosp,2025-10-25,54,quantile,0.05,0.0
2025-10-04,2,wk inc flu hosp,2025-10-25,54,quantile,0.1,0.0
2025-10-04,2,wk inc flu hosp,2025-10-25,54,quantile,0.15,0.0
2025-10-04,2,wk inc flu hosp,2025-10-25,54,quantile,0.2,0.0
2025-10-04,2,wk inc flu hosp,2025-10-25,54,quantile,0.25,0.0
2025-10-04,2,wk inc flu hosp,2025-10-25,54,quantile,0.3,0.0
2025-10-04,2,wk inc flu hosp,2025-10-25,54,quantile,0.35,0.0
2025-10-04,2,wk inc flu hosp,2025-10-25,54,quantile,0.4,0.0
2025-10-04,2,wk inc flu hosp,2025-10-25,54,quantile,0.45,0.0
2025-10-04,2,wk inc flu hosp,2025-10-25,54,quantile,0.5,0.3324856736674115
2025-10-04,2,wk inc flu hosp,2025-10-25,54,quantile,0.55,3.4417133574574774
2025-10-04,2,wk inc flu hosp,2025-10-25,54,quantile,0.6,6.601030826110508
2025-10-04,2,wk inc flu hosp,2025-10-25,54,quantile,0.65,9.866436178487527
2025-10-04,2,wk inc flu hosp,2025-10-25,54,quantile,0.7,13.307681565734251
2025-10-04,2,wk inc flu hosp,2025-10-25,54,quantile,0.75,17.02132640494612
2025-10-04,2,wk inc flu hosp,2025-10-25,54,quantile,0.8,21.156646039451246
2025-10-04,2,wk inc flu hosp,2025-10-25,54,quantile,0.85,25.9768661269105
2025-10-04,2,wk inc flu hosp,2025-10-25,54,quantile,0.9,32.041803658228496
2025-10-04,2,wk inc flu hosp,2025-10-25,54,quantile,0.95,41.030954699296075
2025-10-04,2,wk inc flu hosp,2025-10-25,54,quantile,0.975,48.82770263956252
2025-10-04,2,wk inc flu hosp,2025-10-25,54,quantile,0.99,57.893107082858336
2025-10-11,2,wk inc flu hosp,2025-11-01,54,quantile,0.01,0.0
2025-10-11,2,wk inc flu hosp,2025-11-01,54,quantile,0.025,0.0
2025-10-11,2,wk inc flu hosp,2025-11-01,54,quantile,0.05,0.0
2025-10-11,2,wk inc flu hosp,2025-11-01,54,quantile,0.1,0.0
2025-10-11,2,wk inc flu hosp,2025-11-01,54,quantile,0.15,0.0
2025-10-11,2,wk inc flu hosp,2025-11-01,54,quantile,0.2,0.0
2025-10-11,2,wk inc flu hosp,2025-11-01,54,quantile,0.25,0.0
2025-10-11,2,wk inc flu hosp,2025-11-01,54,quantile,0.3,0.0
2025-10-11,2,wk inc flu hosp,2025-11-01,54,quantile,0.35,0.0
2025-10-11,2,wk inc flu hosp,2025-11-01,54,quantile,0.4,0.0
2025-10-11,2,wk inc flu hosp,2025-11-01,54,quantile,0.45,0.0
2025-10-11,2,wk inc flu hosp,2025-11-01,54,quantile,0.5,2.6142788422279026
2025-10-11,2,wk inc flu hosp,2025-11-01,54,quantile,0.55,5.55408560350588
2025-10-11,2,wk inc flu hosp,2025-11-01,54,quantile,0.6,8.541252771671653
2025-10-11,2,wk inc flu hosp,2025-11-01,54,quantile,0.65,11.62872712528011
2025-10-11,2,wk inc flu hosp,2025-11-01,54,quantile,0.7,14.882460040816456
2025-10-11,2,wk inc flu hosp,2025-11-01,54,quantile,0.75,18.393749440501754
2025-10-11,2,wk inc flu hosp,2025-11-01,54,quantile,0.8,22.303736697126403
2025-10-11,2,wk inc flu hosp,2025-11-01,54,quantile,0.85,26.861304377949043
2025-10-11,2,wk inc flu hosp,2025-11-01,54,quantile,0.9,32.59576520700071
2025-10-11,2,wk inc flu hosp,2025-11-01,54,quantile,0.95,41.09509999243733
2025-10-11,2,wk inc flu hosp,2025-11-01,54,quantile,0.975,48.46700537919094
2025-10-11,2,wk inc flu hosp,2025-11-01,54,quantile,0.99,57.03843854089307
2025-10-18,2,wk inc flu hosp,2025-11-08,54,quantile,0.01,0.0
2025-10-18,2,wk inc flu hosp,2025-11-08,54,quantile,0.025,0.0
2025-10-18,2,wk inc flu hosp,2025-11-08,54,quantile,0.05,0.0
2025-10-18,2,wk inc flu hosp,2025-11-08,54,quantile,0.1,0.0
2025-10-18,2,wk inc flu hosp,2025-11-08,54,quantile,0.15,0.0
2025-10-18,2,wk inc flu hosp,2025-11-08,54,quantile,0.2,0.0
2025-10-18,2,wk inc flu hosp,2025-11-08,54,quantile,0.25,0.0
2025-10-18,2,wk inc flu hosp,2025-11-08,54,quantile,0.3,0.0
2025-10-18,2,wk inc flu hosp,2025-11-08,54,quantile,0.35,0.0
2025-10-18,2,wk inc flu hosp,2025-11-08,54,quantile,0.4,0.0
2025-10-18,2,wk inc flu hosp,2025-11-08,54,quantile,0.45,0.0
2025-10-18,2,wk inc flu hosp,2025-11-08,54,quantile,0.5,1.433006718388793
2025-10-18,2,wk inc flu hosp,2025-11-08,54,quantile,0.55,5.213253789879451
2025-10-18,2,wk inc flu hosp,2025-11-08,54,quantile,0.6,9.054400795950968
2025-10-18,2,wk inc flu hosp,2025-11-08,54,quantile,0.65,13.024531090656852
2025-10-18,2,wk inc flu hosp,2025-11-08,54,quantile,0.7,17.208450417389088
2025-10-18,2,wk inc flu hosp,2025-11-08,54,quantile,0.75,21.723557207791302
2025-10-18,2,wk inc flu hosp,2025-11-08,54,quantile,0.8,26.751342731352633
2025-10-18,2,wk inc flu hosp,2025-11-08,54,quantile,0.85,32.61184081084568
2025-10-18,2,wk inc flu hosp,2025-11-08,54,quantile,0.9,39.985685595860346
2025-10-18,2,wk inc flu hosp,2025-11-08,54,quantile,0.95,50.91483436014792
2025-10-18,2,wk inc flu hosp,2025-11-08,54,quantile,0.975,60.39424100572862
2025-10-18,2,wk inc flu hosp,2025-11-08,54,quantile,0.99,71.41609983495204
2025-10-25,2,wk inc flu hosp,2025-11-15,54,quantile,0.01,0.0
2025-10-25,2,wk inc flu hosp,2025-11-15,54,quantile,0.025,0.0
2025-10-25,2,wk inc flu hosp,2025-11-15,54,quantile,0.05,0.0
2025-10-25,2,wk inc flu hosp,2025-11-15,54,quantile,0.1,0.0
2025-10-25,2,wk inc flu hosp,2025-11-15,54,quantile,0.15,0.0
2025-10-25,2,wk inc flu hosp,2025-11-15,54,quantile,0.2,0.0
2025-10-25,2,wk inc flu hosp,2025-11-15,54,quantile,0.25,0.0
2025-10-25,2,wk inc flu hosp,2025-11-15,54,quantile,0.3,0.0
2025-10-25,2,wk inc flu hosp,2025-11-15,54,quantile,0.35,0.0
2025-10-25,2,wk inc flu hosp,2025-11-15,54,quantile,0.4,0.0
2025-10-25,2,wk inc flu hosp,2025-11-15,54,quantile,0.45,0.0
2025-10-25,2,wk inc flu hosp,2025-11-15,54,quantile,0.5,1.134632603032295
2025-10-25,2,wk inc flu hosp,2025-11-15,54,quantile,0.55,4.254098936982111
2025-10-25,2,wk inc flu hosp,2025-11-15,54,quantile,0.6,7.42382000086677
2025-10-25,2,wk inc flu hosp,2025-11-15,54,quantile,0.65,10.699978294627616
2025-10-25,2,wk inc flu hosp,2025-11-15,54,quantile,0.7,14.152555662422937
2025-10-25,2,wk inc flu hosp,2025-11-15,54,quantile,0.75,17.878429490371943
2025-10-25,2,wk inc flu hosp,2025-11-15,54,quantile,0.8,22.02736668375099
2025-10-25,2,wk inc flu hosp,2025-11-15,54,quantile,0.85,26.863459699212846
2025-10-25,2,wk inc flu hosp,2025-11-15,54,quantile,0.9,32.948368998422794
2025-10-25,2,wk inc flu hosp,2025-11-15,54,quantile,0.95,41.96712120804502
2025-10-25,2,wk inc flu hosp,2025-11-15,54,quantile,0.975,49.78954374749258
2025-10-25,2,wk inc flu hosp,2025-11-15,54,quantile,0.99,58.8848004608989
2025-11-01,2,wk inc flu hosp,2025-11-22,54,quantile,0.01,0.0
2025-11-01,2,wk inc flu hosp,2025-11-22,54,quantile,0.025,0.0
2025-11-01,2,wk inc flu hosp,2025-11-22,54,quantile,0.05,0.0
2025-11-01,2,wk inc flu hosp,2025-11-22,54,quantile,0.1,0.0
2025-11-01,2,wk inc flu hosp,2025-11-22,54,quantile,0.15,0.0
2025-11-01,2,wk inc flu hosp,2025-11-22,54,quantile,0.2,0.0
2025-11-01,2,wk inc flu hosp,2025-11-22,54,quantile,0.25,0.0
2025-11-01,2,wk inc flu hosp,2025-11-22,54,quantile,0.3,0.0
2025-11-01,2,wk inc flu hosp,2025-11-22,54,quantile,0.35,0.0
2025-11-01,2,wk inc flu hosp,2025-11-22,54,quantile,0.4,0.0
2025-11-01,2,wk inc flu hosp,2025-11-22,54,quantile,0.45,0.0
2025-11-01,2,wk inc flu hosp,2025-11-22,54,quantile,0.5,0.0
2025-11-01,2,wk inc flu hosp,2025-11-22,54,quantile,0.55,0.0
2025-11-01,2,wk inc flu hosp,2025-11-22,54,quantile,0.6,0.0
2025-11-01,2,wk inc flu hosp,2025-11-22,54,quantile,0.65,0.0
2025-11-01,2,wk inc flu hosp,2025-11-22,54,quantile,0.7,0.2006243489754369
2025-11-01,2,wk inc flu hosp,2025-11-22,54,quantile,0.75,0.2892666866799428
2025-11-01,2,wk inc flu hosp,2025-11-22,54,quantile,0.8,0.3844535060455319
2025-11-01,2,wk inc flu hosp,2025-11-22,54,quantile,0.85,0.48666798747246637
2025-11-01,2,wk inc flu hosp,2025-11-22,54,quantile,0.9,0.5964289846673588
2025-11-01,2,wk inc flu hosp,2025-11-22,54,quantile,0.95,0.800567169684697
2025-11-01,2,wk inc flu hosp,2025-11-22,54,quantile,0.975,0.9455009319093667
2025-11-01,2,wk inc flu hosp,2025-11-22,54,quantile,0.99,1.3823568921277134
2025-09-20,2,wk inc flu hosp,2025-10-11,55,quantile,0.01,0.0
2025-09-20,2,wk inc flu hosp,2025-10-11,55,quantile,0.025,0.0
2025-09-20,2,wk inc flu hosp,2025-10-11,55,quantile,0.05,0.0
2025-09-20,2,wk inc flu hosp,2025-10-11,55,quantile,0.1,0.0
2025-09-20,2,wk inc flu hosp,2025-10-11,55,quantile,0.15,0.0
2025-09-20,2,wk inc flu hosp,2025-10-11,55,quantile,0.2,0.0
2025-09-20,2,wk inc flu hosp,2025-10-11,55,quantile,0.25,0.0
2025-09-20,2,wk inc flu hosp,2025-10-11,55,quantile,0.3,0.0
2025-09-20,2,wk inc flu hosp,2025-10-11,55,quantile,0.35,0.0
2025-09-20,2,wk inc flu hosp,2025-10-11,55,quantile,0.4,0.0
2025-09-20,2,wk inc flu hosp,2025-10-11,55,quantile,0.45,0.0
2025-09-20,2,wk inc flu hosp,2025-10-11,55,quantile,0.5,4.136962092806894
2025-09-20,2,wk inc flu hosp,2025-10-11,55,quantile,0.55,10.420029435560602
2025-09-20,2,wk inc flu hosp,2025-10-11,55,quantile,0.6,16.80431724959688
2025-09-20,2,wk inc flu hosp,2025-10-11,55,quantile,0.65,23.40298541318528
2025-09-20,2,wk inc flu hosp,2025-10-11,55,quantile,0.7,30.356987728208928
2025-09-20,2,wk inc flu hosp,2025-10-11,55,quantile,0.75,37.86144960261098
2025-09-20,2,wk inc flu hosp,2025-10-11,55,quantile,0.8,46.218023771452614
2025-09-20,2,wk inc flu hosp,2025-10-11,55,quantile,0.85,55.95863156749639
2025-09-20,2,wk inc flu hosp,2025-10-11,55,quantile,0.9,68.21454037003691
2025-09-20,2,wk inc flu hosp,2025-10-11,55,quantile,0.95,86.3796434403805
2025-09-20,2,wk inc flu hosp,2025-10-11,55,quantile,0.975,102.1351613198096
2025-09-20,2,wk inc flu hosp,2025-10-11,55,quantile,0.99,120.45435579484894
2025-09-27,2,wk inc flu hosp,2025-10-18,55,quantile,0.01,0.0
2025-09-27,2,wk inc flu hosp,2025-10-18,55,quantile,0.025,0.0
2025-09-27,2,wk inc flu hosp,2025-10-18,55,quantile,0.05,0.0
2025-09-27,2,wk inc flu hosp,2025-10-18,55,quantile,0.1,0.0
2025-09-27,2,wk inc flu hosp,2025-10-18,55,quantile,0.15,0.0
2025-09-27,2,wk inc flu hosp,2025-10-18,55,quantile,0.2,0.0
2025-09-27,2,wk inc flu hosp,2025-10-18,55,quantile,0.25,0.0
2025-09-27,2,wk inc flu hosp,2025-10-18,55,quantile,0.3,0.0
2025-09-27,2,wk inc flu hosp,2025-10-18,55,quantile,0.35,0.0
2025-09-27,2,wk inc flu hosp,2025-10-18,55,quantile,0.4,0.0
2025-09-27,2,wk inc flu hosp,2025-10-18,55,quantile,0.45,0.0
2025-09-27,2,wk inc flu hosp,2025-10-18,55,quantile,0.5,4.818059229377142
2025-09-27,2,wk inc flu hosp,2025-10-18,55,quantile,0.55,11.10112657213085
2025-09-27,2,wk inc flu hosp,2025-10-18,55,quantile,0.6,17.48541438616713
2025-09-27,2,wk inc flu hosp,2025-10-18,55,quantile,0.65,24.08408254975553
2025-09-27,2,wk inc flu hosp,2025-10-18,55,quantile,0.7,31.038084864779176
2025-09-27,2,wk inc flu hosp,2025-10-18,55,quantile,0.75,38.542546739181226
2025-09-27,2,wk inc flu hosp,2025-10-18,55,quantile,0.8,46.89912090802286
2025-09-27,2,wk inc flu hosp,2025-10-18,55,quantile,0.85,56.639728704066634
2025-09-27,2,wk inc flu hosp,2025-10-18,55,quantile,0.9,68.89563750660716
2025-09-27,2,wk inc flu hosp,2025-10-18,55,quantile,0.95,87.06074057695075
2025-09-27,2,wk inc flu hosp,2025-10-18,55,quantile,0.975,102.81625845637984
2025-09-27,2,wk inc flu hosp,2025-10-18,55,quantile,0.99,121.13545293141918
2025-10-04,2,wk inc flu hosp,2025-10-25,55,quantile,0.01,0.0
2025-10-04,2,wk inc flu hosp,2025-10-25,55,quantile,0.025,0.0
2025-10-04,2,wk inc flu hosp,2025-10-25,55,quantile,0.05,0.0
2025-10-04,2,wk inc flu hosp,2025-10-25,55,quantile,0.1,0.0
2025-10-04,2,wk inc flu hosp,2025-10-25,55,quantile,0.15,0.0
2025-10-04,2,wk inc flu hosp,2025-10-25,55,quantile,0.2,0.0
2025-10-04,2,wk inc flu hosp,2025-10-25,55,quantile,0.25,0.0
2025-10-04,2,wk inc flu hosp,2025-10-25,55,quantile,0.3,0.0
2025-10-04,2,wk inc flu hosp,2025-10-25,55,quantile,0.35,0.0
2025-10-04,2,wk inc flu hosp,2025-10-25,55,quantile,0.4,0.0
2025-10-04,2,wk inc flu hosp,2025-10-25,55,quantile,0.45,0.0
2025-10-04,2,wk inc flu hosp,2025-10-25,55,quantile,0.5,5.372183360923116
2025-10-04,2,wk inc flu hosp,2025-10-25,55,quantile,0.55,11.655250703676824
2025-10-04,2,wk inc flu hosp,2025-10-25,55,quantile,0.6,18.0395385177131
2025-10-04,2,wk inc flu hosp,2025-10-25,55,quantile,0.65,24.638206681301504
2025-10-04,2,wk inc flu hosp,2025-10-25,55,quantile,0.7,31.59220899632515
2025-10-04,2,wk inc flu hosp,2025-10-25,55,quantile,0.75,39.0966708707272
2025-10-04,2,wk inc flu hosp,2025-10-25,55,quantile,0.8,47.453245039568834
2025-10-04,2,wk inc flu hosp,2025-10-25,55,quantile,0.85,57.19385283561261
2025-10-04,2,wk inc flu hosp,2025-10-25,55,quantile,0.9,69.44976163815313
2025-10-04,2,wk inc flu hosp,2025-10-25,55,quantile,0.95,87.61486470849673
2025-10-04,2,wk inc flu hosp,2025-10-25,55,quantile,0.975,103.37038258792582
2025-10-04,2,wk inc flu hosp,2025-10-25,55,quantile,0.99,121.68957706296516
2025-10-11,2,wk inc flu hosp,2025-11-01,55,quantile,0.01,0.0
2025-10-11,2,wk inc flu hosp,2025-11-01,55,quantile,0.025,0.0
2025-10-11,2,wk inc flu hosp,2025-11-01,55,quantile,0.05,0.0
2025-10-11,2,wk inc flu hosp,2025-11-01,55,quantile,0.1,0.0
2025-10-11,2,wk inc flu hosp,2025-11-01,55,quantile,0.15,0.0
2025-10-11,2,wk inc flu hosp,2025-11-01,55,quantile,0.2,0.0
2025-10-11,2,wk inc flu hosp,2025-11-01,55,quantile,0.25,0.0
2025-10-11,2,wk inc flu hosp,2025-11-01,55,quantile,0.3,0.0
2025-10-11,2,wk inc flu hosp,2025-11-01,55,quantile,0.35,0.0
2025-10-11,2,wk inc flu hosp,2025-11-01,55,quantile,0.4,0.0
2025-10-11,2,wk inc flu hosp,2025-11-01,55,quantile,0.45,0.0
2025-10-11,2,wk inc flu hosp,2025-11-01,55,quantile,0.5,3.4251544289710325
2025-10-11,2,wk inc flu hosp,2025-11-01,55,quantile,0.55,9.708221771724741
2025-10-11,2,wk inc flu hosp,2025-11-01,55,quantile,0.6,16.092509585761018
2025-10-11,2,wk inc flu hosp,2025-11-01,55,quantile,0.65,22.69117774934942
2025-10-11,2,wk inc flu hosp,2025-11-01,55,quantile,0.7,29.64518006437307
2025-10-11,2,wk inc flu hosp,2025-11-01,55,quantile,0.75,37.14964193877512
2025-10-11,2,wk inc flu hosp,2025-11-01,55,quantile,0.8,45.50621610761675
2025-10-11,2,wk inc flu hosp,2025-11-01,55,quantile,0.85,55.24682390366053
2025-10-11,2,wk inc flu hosp,2025-11-01,55,quantile,0.9,67.50273270620104
2025-10-11,2,wk inc flu hosp,2025-11-01,55,quantile,0.95,85.66783577654463
2025-10-11,2,wk inc flu hosp,2025-11-01,55,quantile,0.975,101.42335365597373
2025-10-11,2,wk inc flu hosp,2025-11-01,55,quantile,0.99,119.74254813101307
2025-10-18,2,wk inc flu hosp,2025-11-08,55,quantile,0.01,0.0
2025-10-18,2,wk inc flu hosp,2025-11-08,55,quantile,0.025,0.0
2025-10-18,2,wk inc flu hosp,2025-11-08,55,quantile,0.05,0.0
2025-10-18,2,wk inc flu hosp,2025-11-08,55,quantile,0.1,0.0
2025-10-18,2,wk inc flu hosp,2025-11-08,55,quantile,0.15,0.0
2025-10-18,2,wk inc flu hosp,2025-11-08,55,quantile,0.2,0.0
2025-10-18,2,wk inc flu hosp,2025-11-08,55,quantile,0.25,0.0
2025-10-18,2,wk inc flu hosp,2025-11-08,55,quantile,0.3,0.0
2025-10-18,2,wk inc flu hosp,2025-11-08,55,quantile,0.35,0.0
2025-10-18,2,wk inc flu hosp,2025-11-08,55,quantile,0.4,0.0
2025-10-18,2,wk inc flu hosp,2025-11-08,55,quantile,0.45,4.1772634373841475
2025-10-18,2,wk inc flu hosp,2025-11-08,55,quantile,0.5,10.460330780137848
2025-10-18,2,wk inc flu hosp,2025-11-08,55,quantile,0.55,16.743398122891556
2025-10-18,2,wk inc flu hosp,2025-11-08,55,quantile,0.6,23.127685936927833
2025-10-18,2,wk inc flu hosp,2025-11-08,55,quantile,0.65,29.726354100516236
2025-10-18,2,wk inc flu hosp,2025-11-08,55,quantile,0.7,36.68035641553988
2025-10-18,2,wk inc flu hosp,2025-11-08,55,quantile,0.75,44.18481828994193
2025-10-18,2,wk inc flu hosp,2025-11-08,55,quantile,0.8,52.54139245878356
2025-10-18,2,wk inc flu hosp,2025-11-08,55,quantile,0.85,62.28200025482734
2025-10-18,2,wk inc flu hosp,2025-11-08,55,quantile,0.9,74.53790905736787
2025-10-18,2,wk inc flu hosp,2025-11-08,55,quantile,0.95,92.70301212771146
2025-10-18,2,wk inc flu hosp,2025-11-08,55,quantile,0.975,108.45853000714055
2025-10-18,2,wk inc flu hosp,2025-11-08,55,quantile,0.99,126.77772448217989
2025-10-25,2,wk inc flu hosp,2025-11-15,55,quantile,0.01,0.0
2025-10-25,2,wk inc flu hosp,2025-11-15,55,quantile,0.025,0.0
2025-10-25,2,wk inc flu hosp,2025-11-15,55,quantile,0.05,0.0
2025-10-25,2,wk inc flu hosp,2025-11-15,55,quantile,0.1,0.0
2025-10-25,2,wk inc flu hosp,2025-11-15,55,quantile,0.15,0.0
2025-10-25,2,wk inc flu hosp,2025-11-15,55,quantile,0.2,0.0
2025-10-25,2,wk inc flu hosp,2025-11-15,55,quantile,0.25,0.0
2025-10-25,2,wk inc flu hosp,2025-11-15,55,quantile,0.3,0.0
2025-10-25,2,wk inc flu hosp,2025-11-15,55,quantile,0.35,0.0
2025-10-25,2,wk inc flu hosp,2025-11-15,55,quantile,0.4,0.0
2025-10-25,2,wk inc flu hosp,2025-11-15,55,quantile,0.45,2.161735908190053
2025-10-25,2,wk inc flu hosp,2025-11-15,55,quantile,0.5,7.495081324947616
2025-10-25,2,wk inc flu hosp,2025-11-15,55,quantile,0.55,12.828426741705186
2025-10-25,2,wk inc flu hosp,2025-11-15,55,quantile,0.6,18.247692570762574
2025-10-25,2,wk inc flu hosp,2025-11-15,55,quantile,0.65,23.84893392106682
2025-10-25,2,wk inc flu hosp,2025-11-15,55,quantile,0.7,29.751798613059464
2025-10-25,2,wk inc flu hosp,2025-11-15,55,quantile,0.75,36.12191772203795
2025-10-25,2,wk inc flu hosp,2025-11-15,55,quantile,0.8,43.21534742951789
2025-10-25,2,wk inc flu hosp,2025-11-15,55,quantile,0.85,51.4836060859172
2025-10-25,2,wk inc flu hosp,2025-11-15,55,quantile,0.9,61.88696347084385
2025-10-25,2,wk inc flu hosp,2025-11-15,55,quantile,0.95,77.30630627271258
2025-10-25,2,wk inc flu hosp,2025-11-15,55,quantile,0.975,90.68028660539306
2025-10-25,2,wk inc flu hosp,2025-11-15,55,quantile,0.99,106.23042900595519
2025-11-01,2,wk inc flu hosp,2025-11-22,55,quantile,0.01,1.9789917586694443
2025-11-01,2,wk inc flu hosp,2025-11-22,55,quantile,0.025,1.9789917586694443
2025-11-01,2,wk inc flu hosp,2025-11-22,55,quantile,0.05,1.9789917586694443
2025-11-01,2,wk inc flu hosp,2025-11-22,55,quantile,0.1,1.9789917586694443
2025-11-01,2,wk inc flu hosp,2025-11-22,55,quantile,0.15,1.9789917586694443
2025-11-01,2,wk inc flu hosp,2025-11-22,55,quantile,0.2,1.9789917586694443
2025-11-01,2,wk inc flu hosp,2025-11-22,55,quantile,0.25,1.9789917586694443
2025-11-01,2,wk inc flu hosp,2025-11-22,55,quantile,0.3,2.8408254300785996
2025-11-01,2,wk inc flu hosp,2025-11-22,55,quantile,0.35,2.913383740386479
2025-11-01,2,wk inc flu hosp,2025-11-22,55,quantile,0.4,2.987312773860661
2025-11-01,2,wk inc flu hosp,2025-11-22,55,quantile,0.45,3.0626384252882586
2025-11-01,2,wk inc flu hosp,2025-11-22,55,quantile,0.5,3.1393870786434173
2025-11-01,2,wk inc flu hosp,2025-11-22,55,quantile,0.55,3.2175856163287104
2025-11-01,2,wk inc flu hosp,2025-11-22,55,quantile,0.6,3.2972614285911193
2025-11-01,2,wk inc flu hosp,2025-11-22,55,quantile,0.65,3.3784424231158865
2025-11-01,2,wk inc flu hosp,2025-11-22,55,quantile,0.7,3.461157034801616
2025-11-01,2,wk inc flu hosp,2025-11-22,55,quantile,0.75,3.545434235720037
2025-11-01,2,wk inc flu hosp,2025-11-22,55,quantile,0.8,4.986368440211449
2025-11-01,2,wk inc flu hosp,2025-11-22,55,quantile,0.85,5.821851968195165
2025-11-01,2,wk inc flu hosp,2025-11-22,55,quantile,0.9,6.056363170435869
2025-11-01,2,wk inc flu hosp,2025-11-22,55,quantile,0.95,6.37835376040933
2025-11-01,2,wk inc flu hosp,2025-11-22,55,quantile,0.975,6.544817664259494
2025-11-01,2,wk inc flu hosp,2025-11-22,55,quantile,0.99,6.646493319749596
2025-09-20,2,wk inc flu hosp,2025-10-11,56,quantile,0.01,0.0
2025-09-20,2,wk inc flu hosp,2025-10-11,56,quantile,0.025,0.0
2025-09-20,2,wk inc flu hosp,2025-10-11,56,quantile,0.05,0.0
2025-09-20,2,wk inc flu hosp,2025-10-11,56,quantile,0.1,0.0
2025-09-20,2,wk inc flu hosp,2025-10-11,56,quantile,0.15,0.0
2025-09-20,2,wk inc flu hosp,2025-10-11,56,quantile,0.2,0.0
2025-09-20,2,wk inc flu hosp,2025-10-11,56,quantile,0.25,0.0
2025-09-20,2,wk inc flu hosp,2025-10-11,56,quantile,0.3,0.0
2025-09-20,2,wk inc flu hosp,2025-10-11,56,quantile,0.35,0.0
2025-09-20,2,wk inc flu hosp,2025-10-11,56,quantile,0.4,0.0
2025-09-20,2,wk inc flu hosp,2025-10-11,56,quantile,0.45,0.511938575468382
2025-09-20,2,wk inc flu hosp,2025-10-11,56,quantile,0.5,1.2478791854601243
2025-09-20,2,wk inc flu hosp,2025-10-11,56,quantile,0.55,1.9838197954518675
2025-09-20,2,wk inc flu hosp,2025-10-11,56,quantile,0.6,2.7316164387018342
2025-09-20,2,wk inc flu hosp,2025-10-11,56,quantile,0.65,3.504523620580929
2025-09-20,2,wk inc flu hosp,2025-10-11,56,quantile,0.7,4.319051370550823
2025-09-20,2,wk inc flu hosp,2025-10-11,56,quantile,0.75,5.19805488081508
2025-09-20,2,wk inc flu hosp,2025-10-11,56,quantile,0.8,6.176866973025314
2025-09-20,2,wk inc flu hosp,2025-10-11,56,quantile,0.85,7.317792010440083
2025-09-20,2,wk inc flu hosp,2025-10-11,56,quantile,0.9,8.753336229227937
2025-09-20,2,wk inc flu hosp,2025-10-11,56,quantile,0.95,10.881029011252538
2025-09-20,2,wk inc flu hosp,2025-10-11,56,quantile,0.975,12.72648518836889
2025-09-20,2,wk inc flu hosp,2025-10-11,56,quantile,0.99,14.872226817585469
2025-09-27,2,wk inc flu hosp,2025-10-18,56,quantile,0.01,0.0
2025-09-27,2,wk inc flu hosp,2025-10-18,56,quantile,0.025,0.0
2025-09-27,2,wk inc flu hosp,2025-10-18,56,quantile,0.05,0.0
2025-09-27,2,wk inc flu hosp,2025-10-18,56,quantile,0.1,0.0
2025-09-27,2,wk inc flu hosp,2025-10-18,56,quantile,0.15,0.0
2025-09-27,2,wk inc flu hosp,2025-10-18,56,quantile,0.2,0.0
2025-09-27,2,wk inc flu hosp,2025-10-18,56,quantile,0.25,0.0
2025-09-27,2,wk inc flu hosp,2025-10-18,56,quantile,0.3,0.0
2025-09-27,2,wk inc flu hosp,2025-10-18,56,quantile,0.35,0.0
2025-09-27,2,wk inc flu hosp,2025-10-18,56,quantile,0.4,0.0
2025-09-27,2,wk inc flu hosp,2025-10-18,56,quantile,0.45,0.0826576345879313
2025-09-27,2,wk inc flu hosp,2025-10-18,56,quantile,0.5,0.6851652737855132
2025-09-27,2,wk inc flu hosp,2025-10-18,56,quantile,0.55,1.2876729129830957
2025-09-27,2,wk inc flu hosp,2025-10-18,56,quantile,0.6,1.8998869748344578
2025-09-27,2,wk inc flu hosp,2025-10-18,56,quantile,0.65,2.532658797927703
2025-09-27,2,wk inc flu hosp,2025-10-18,56,quantile,0.7,3.1995049877320483
2025-09-27,2,wk inc flu hosp,2025-10-18,56,quantile,0.75,3.9191368746334208
2025-09-27,2,wk inc flu hosp,2025-10-18,56,quantile,0.8,4.720481106611937
2025-09-27,2,wk inc flu hosp,2025-10-18,56,quantile,0.85,5.654545678482619
2025-09-27,2,wk inc flu hosp,2025-10-18,56,quantile,0.9,6.82981219657205
2025-09-27,2,wk inc flu hosp,2025-10-18,56,quantile,0.95,8.57173421803756
2025-09-27,2,wk inc flu hosp,2025-10-18,56,quantile,0.975,10.082591791897283
2025-09-27,2,wk inc flu hosp,2025-10-18,56,quantile,0.99,11.839290234400355
2025-10-04,2,wk inc flu hosp,2025-10-25,56,quantile,0.01,0.0
2025-10-04,2,wk inc flu hosp,2025-10-25,56,quantile,0.025,0.0
2025-10-04,2,wk inc flu hosp,2025-10-25,56,quantile,0.05,0.0
2025-10-04,2,wk inc flu hosp,2025-10-25,56,quantile,0.1,0.0
2025-10-04,2,wk inc flu hosp,2025-10-25,56,quantile,0.15,0.0
2025-10-04,2,wk inc flu hosp,2025-10-25,56,quantile,0.2,0.0
2025-10-04,2,wk inc flu hosp,2025-10-25,56,quantile,0.25,0.0
2025-10-04,2,wk inc flu hosp,2025-10-25,56,quantile,0.3,0.0
2025-10-04,2,wk inc flu hosp,2025-10-25,56,quantile,0.35,0.0
2025-10-04,2,wk inc flu hosp,2025-10-25,56,quantile,0.4,0.07297923361574021
2025-10-04,2,wk inc flu hosp,2025-10-25,56,quantile,0.45,0.5961928494670091
2025-10-04,2,wk inc flu hosp,2025-10-25,56,quantile,0.5,1.1111111111111112
2025-10-04,2,wk inc flu hosp,2025-10-25,56,quantile,0.55,1.6260293727552138
2025-10-04,2,wk inc flu hosp,2025-10-25,56,quantile,0.6,2.149242988606482
2025-10-04,2,wk inc flu hosp,2025-10-25,56,quantile,0.65,2.6900257869764364
2025-10-04,2,wk inc flu hosp,2025-10-25,56,quantile,0.7,3.2599294006390735
2025-10-04,2,wk inc flu hosp,2025-10-25,56,quantile,0.75,3.8749450056203143
2025-10-04,2,wk inc flu hosp,2025-10-25,56,quantile,0.8,4.559794046635696
2025-10-04,2,wk inc flu hosp,2025-10-25,56,quantile,0.85,5.358069245688018
2025-10-04,2,wk inc flu hosp,2025-10-25,56,quantile,0.9,6.362481726281766
2025-10-04,2,wk inc flu hosp,2025-10-25,56,quantile,0.95,7.851172326797892
2025-10-04,2,wk inc flu hosp,2025-10-25,56,quantile,0.975,9.142389408393354
2025-10-04,2,wk inc flu hosp,2025-10-25,56,quantile,0.99,10.643708311920069
2025-10-11,2,wk inc flu hosp,2025-11-01,56,quantile,0.01,0.0
2025-10-11,2,wk inc flu hosp,2025-11-01,56,quantile,0.025,0.0
2025-10-11,2,wk inc flu hosp,2025-11-01,56,quantile,0.05,0.0
2025-10-11,2,wk inc flu hosp,2025-11-01,56,quantile,0.1,0.0
2025-10-11,2,wk inc flu hosp,2025-11-01,56,quantile,0.15,0.0
2025-10-11,2,wk inc flu hosp,2025-11-01,56,quantile,0.2,0.0
2025-10-11,2,wk inc flu hosp,2025-11-01,56,quantile,0.25,0.0
2025-10-11,2,wk inc flu hosp,2025-11-01,56,quantile,0.3,0.0
2025-10-11,2,wk inc flu hosp,2025-11-01,56,quantile,0.35,0.0
2025-10-11,2,wk inc flu hosp,2025-11-01,56,quantile,0.4,0.0
2025-10-11,2,wk inc flu hosp,2025-11-01,56,quantile,0.45,0.0
2025-10-11,2,wk inc flu hosp,2025-11-01,56,quantile,0.5,0.3984350288824875
2025-10-11,2,wk inc flu hosp,2025-11-01,56,quantile,0.55,1.022172983033668
2025-10-11,2,wk inc flu hosp,2025-11-01,56,quantile,0.6,1.6559593810788686
2025-10-11,2,wk inc flu hosp,2025-11-01,56,quantile,0.65,2.3110279257803628
2025-10-11,2,wk inc flu hosp,2025-11-01,56,quantile,0.7,3.001371501699194
2025-10-11,2,wk inc flu hosp,2025-11-01,56,quantile,0.75,3.746360762707749
2025-10-11,2,wk inc flu hosp,2025-11-01,56,quantile,0.8,4.575941633235464
2025-10-11,2,wk inc flu hosp,2025-11-01,56,quantile,0.85,5.54291945592272
2025-10-11,2,wk inc flu hosp,2025-11-01,56,quantile,0.9,6.759598359034667
2025-10-11,2,wk inc flu hosp,2025-11-01,56,quantile,0.95,8.562899773447914
2025-10-11,2,wk inc flu hosp,2025-11-01,56,quantile,0.975,10.126994816936717
2025-10-11,2,wk inc flu hosp,2025-11-01,56,quantile,0.99,11.945593323084633
2025-10-18,2,wk inc flu hosp,2025-11-08,56,quantile,0.01,0.0
2025-10-18,2,wk inc flu hosp,2025-11-08,56,quantile,0.025,0.0
2025-10-18,2,wk inc flu hosp,2025-11-08,56,quantile,0.05,0.0
2025-10-18,2,wk inc flu hosp,2025-11-08,56,quantile,0.1,0.0
2025-10-18,2,wk inc flu hosp,2025-11-08,56,quantile,0.15,0.0
2025-10-18,2,wk inc flu hosp,2025-11-08,56,quantile,0.2,0.2203102061459834
2025-10-18,2,wk inc flu hosp,2025-11-08,56,quantile,0.25,0.9075144587665496
2025-10-18,2,wk inc flu hosp,2025-11-08,56,quantile,0.3,1.5246451165601198
2025-10-18,2,wk inc flu hosp,2025-11-08,56,quantile,0.35,2.096508641859262
2025-10-18,2,wk inc flu hosp,2025-11-08,56,quantile,0.4,2.639151204712082
2025-10-18,2,wk inc flu hosp,2025-11-08,56,quantile,0.45,3.164164164223402
2025-10-18,2,wk inc flu hosp,2025-11-08,56,quantile,0.5,3.6808532416136246
2025-10-18,2,wk inc flu hosp,2025-11-08,56,quantile,0.55,4.197542319003848
2025-10-18,2,wk inc flu hosp,2025-11-08,56,quantile,0.6,4.722555278515167
2025-10-18,2,wk inc flu hosp,2025-11-08,56,quantile,0.65,5.265197841367987
2025-10-18,2,wk inc flu hosp,2025-11-08,56,quantile,0.7,5.837061366667129
2025-10-18,2,wk inc flu hosp,2025-11-08,56,quantile,0.75,6.454192024460699
2025-10-18,2,wk inc flu hosp,2025-11-08,56,quantile,0.8,7.141396277081267
2025-10-18,2,wk inc flu hosp,2025-11-08,56,quantile,0.85,7.942416762905328
2025-10-18,2,wk inc flu hosp,2025-11-08,56,quantile,0.9,8.950283441123679
2025-10-18,2,wk inc flu hosp,2025-11-08,56,quantile,0.95,10.44409368285835
2025-10-18,2,wk inc flu hosp,2025-11-08,56,quantile,0.975,11.739751289698438
2025-10-18,2,wk inc flu hosp,2025-11-08,56,quantile,0.99,13.246233263468234
2025-10-25,2,wk inc flu hosp,2025-11-15,56,quantile,0.01,0.0
2025-10-25,2,wk inc flu hosp,2025-11-15,56,quantile,0.025,0.0
2025-10-25,2,wk inc flu hosp,2025-11-15,56,quantile,0.05,0.0
2025-10-25,2,wk inc flu hosp,2025-11-15,56,quantile,0.1,0.0
2025-10-25,2,wk inc flu hosp,2025-11-15,56,quantile,0.15,0.0
2025-10-25,2,wk inc flu hosp,2025-11-15,56,quantile,0.2,0.0
2025-10-25,2,wk inc flu hosp,2025-11-15,56,quantile,0.25,0.13323301151789124
2025-10-25,2,wk inc flu hosp,2025-11-15,56,quantile,0.3,0.7438423817176627
2025-10-25,2,wk inc flu hosp,2025-11-15,56,quantile,0.35,1.3096629621950184
2025-10-25,2,wk inc flu hosp,2025-11-15,56,quantile,0.4,1.8465713613528254
2025-10-25,2,wk inc flu hosp,2025-11-15,56,quantile,0.45,2.366036451128285
2025-10-25,2,wk inc flu hosp,2025-11-15,56,quantile,0.5,2.877265618161302
2025-10-25,2,wk inc flu hosp,2025-11-15,56,quantile,0.55,3.3884947851943195
2025-10-25,2,wk inc flu hosp,2025-11-15,56,quantile,0.6,3.907959874969779
2025-10-25,2,wk inc flu hosp,2025-11-15,56,quantile,0.65,4.444868274127586
2025-10-25,2,wk inc flu hosp,2025-11-15,56,quantile,0.7,5.010688854604941
2025-10-25,2,wk inc flu hosp,2025-11-15,56,quantile,0.75,5.621298224804713
2025-10-25,2,wk inc flu hosp,2025-11-15,56,quantile,0.8,6.301240714441339
2025-10-25,2,wk inc flu hosp,2025-11-15,56,quantile,0.85,7.093796728616464
2025-10-25,2,wk inc flu hosp,2025-11-15,56,quantile,0.9,8.091013168701505
2025-10-25,2,wk inc flu hosp,2025-11-15,56,quantile,0.95,9.569038153175189
2025-10-25,2,wk inc flu hosp,2025-11-15,56,quantile,0.975,10.85100440345959
2025-10-25,2,wk inc flu hosp,2025-11-15,56,quantile,0.99,12.341567216381094
2025-11-01,2,wk inc flu hosp,2025-11-22,56,quantile,0.01,2.1841541620978036
2025-11-01,2,wk inc flu hosp,2025-11-22,56,quantile,0.025,2.45914760992588
2025-11-01,2,wk inc flu hosp,2025-11-22,56,quantile,0.05,3.250480607757226
2025-11-01,2,wk inc flu hosp,2025-11-22,56,quantile,0.1,3.3154023053215336
2025-11-01,2,wk inc flu hosp,2025-11-22,56,quantile,0.15,3.381315614706618
2025-11-01,2,wk inc flu hosp,2025-11-22,56,quantile,0.2,3.4482356817580118
2025-11-01,2,wk inc flu hosp,2025-11-22,56,quantile,0.25,3.5161778836583846
2025-11-01,2,wk inc flu hosp,2025-11-22,56,quantile,0.3,3.5851578324609723
2025-11-01,2,wk inc flu hosp,2025-11-22,56,quantile,0.35,4.063287422465238
2025-11-01,2,wk inc flu hosp,2025-11-22,56,quantile,0.4,4.606701455067057
2025-11-01,2,wk inc flu hosp,2025-11-22,56,quantile,0.45,5.208437045619223
2025-11-01,2,wk inc flu hosp,2025-11-22,56,quantile,0.5,5.874753517432674
2025-11-01,2,wk inc flu hosp,2025-11-22,56,quantile,0.55,6.612581971625525
2025-11-01,2,wk inc flu hosp,2025-11-22,56,quantile,0.6,7.429597385239709
2025-11-01,2,wk inc flu hosp,2025-11-22,56,quantile,0.65,8.334298447241153
2025-11-01,2,wk inc flu hosp,2025-11-22,56,quantile,0.7,9.33609596286679
2025-11-01,2,wk inc flu hosp,2025-11-22,56,quantile,0.75,10.445410745910666
2025-11-01,2,wk inc flu hosp,2025-11-22,56,quantile,0.8,11.67378201723606
2025-11-01,2,wk inc flu hosp,2025-11-22,56,quantile,0.85,14.363569703733457
2025-11-01,2,wk inc flu hosp,2025-11-22,56,quantile,0.9,18.233645143312582
2025-11-01,2,wk inc flu hosp,2025-11-22,56,quantile,0.95,23.303498994590104
2025-11-01,2,wk inc flu hosp,2025-11-22,56,quantile,0.975,26.31947858236592
2025-11-01,2,wk inc flu hosp,2025-11-22,56,quantile,0.99,28.305866546536134
