reference_date,target,horizon,target_end_date,location,output_type,output_type_id,value
2025-12-20,wk inc flu hosp,0,2025-12-27,01,quantile,0.01,88.8224171496476
2025-12-20,wk inc flu hosp,0,2025-12-27,01,quantile,0.025,104.51290045846936
2025-12-20,wk inc flu hosp,0,2025-12-27,01,quantile,0.05,130.75490544985848
2025-12-20,wk inc flu hosp,0,2025-12-27,01,quantile,0.1,178.3374439361566
2025-12-20,wk inc flu hosp,0,2025-12-27,01,quantile,0.15,208.1522340930553
2025-12-20,wk inc flu hosp,0,2025-12-27,01,quantile,0.2,242.74904397382284
2025-12-20,wk inc flu hosp,0,2025-12-27,01,quantile,0.25,275.81323217810325
2025-12-20,wk inc flu hosp,0,2025-12-27,01,quantile,0.3,306.17248253197977
2025-12-20,wk inc flu hosp,0,2025-12-27,01,quantile,0.35,337.75218595999036
2025-12-20,wk inc flu hosp,0,2025-12-27,01,quantile,0.4,367.6946358740348
2025-12-20,wk inc flu hosp,0,2025-12-27,01,quantile,0.45,396.2104194147548
2025-12-20,wk inc flu hosp,0,2025-12-27,01,quantile,0.5,420.11616799832024
2025-12-20,wk inc flu hosp,0,2025-12-27,01,quantile,0.55,444.6281440796168
2025-12-20,wk inc flu hosp,0,2025-12-27,01,quantile,0.6,468.374710735744
2025-12-20,wk inc flu hosp,0,2025-12-27,01,quantile,0.65,498.7128691565733
2025-12-20,wk inc flu hosp,0,2025-12-27,01,quantile,0.7,527.2650826153256
2025-12-20,wk inc flu hosp,0,2025-12-27,01,quantile,0.75,548.585428780247
2025-12-20,wk inc flu hosp,0,2025-12-27,01,quantile,0.8,575.6555462680889
2025-12-20,wk inc flu hosp,0,2025-12-27,01,quantile,0.85,630.2601624021502
2025-12-20,wk inc flu hosp,0,2025-12-27,01,quantile,0.9,730.2399092139631
2025-12-20,wk inc flu hosp,0,2025-12-27,01,quantile,0.95,909.5772884842095
2025-12-20,wk inc flu hosp,0,2025-12-27,01,quantile,0.975,1007.6893973241541
2025-12-20,wk inc flu hosp,0,2025-12-27,01,quantile,0.99,1093.573406055728
2025-12-20,wk inc flu hosp,0,2025-12-27,02,quantile,0.01,5.540245419553827
2025-12-20,wk inc flu hosp,0,2025-12-27,02,quantile,0.025,8.331930563596284
2025-12-20,wk inc flu hosp,0,2025-12-27,02,quantile,0.05,12.326595022394283
2025-12-20,wk inc flu hosp,0,2025-12-27,02,quantile,0.1,16.513267612014033
2025-12-20,wk inc flu hosp,0,2025-12-27,02,quantile,0.15,18.81872368492089
2025-12-20,wk inc flu hosp,0,2025-12-27,02,quantile,0.2,20.82092523370187
2025-12-20,wk inc flu hosp,0,2025-12-27,02,quantile,0.25,23.733777733875293
2025-12-20,wk inc flu hosp,0,2025-12-27,02,quantile,0.3,26.488289263291854
2025-12-20,wk inc flu hosp,0,2025-12-27,02,quantile,0.35,29.279103722313348
2025-12-20,wk inc flu hosp,0,2025-12-27,02,quantile,0.4,31.40811097621744
2025-12-20,wk inc flu hosp,0,2025-12-27,02,quantile,0.45,33.33308340920817
2025-12-20,wk inc flu hosp,0,2025-12-27,02,quantile,0.5,35.63507792149177
2025-12-20,wk inc flu hosp,0,2025-12-27,02,quantile,0.55,38.52888669956998
2025-12-20,wk inc flu hosp,0,2025-12-27,02,quantile,0.6,41.36238306625493
2025-12-20,wk inc flu hosp,0,2025-12-27,02,quantile,0.65,44.806436780533204
2025-12-20,wk inc flu hosp,0,2025-12-27,02,quantile,0.7,48.858458832853806
2025-12-20,wk inc flu hosp,0,2025-12-27,02,quantile,0.75,53.44003469730675
2025-12-20,wk inc flu hosp,0,2025-12-27,02,quantile,0.8,58.595860683685046
2025-12-20,wk inc flu hosp,0,2025-12-27,02,quantile,0.85,72.06246817742844
2025-12-20,wk inc flu hosp,0,2025-12-27,02,quantile,0.9,82.6798219943123
2025-12-20,wk inc flu hosp,0,2025-12-27,02,quantile,0.95,98.58895373684936
2025-12-20,wk inc flu hosp,0,2025-12-27,02,quantile,0.975,119.60782714802241
2025-12-20,wk inc flu hosp,0,2025-12-27,02,quantile,0.99,138.5727257703868
2025-12-20,wk inc flu hosp,0,2025-12-27,04,quantile,0.01,42.86807907112643
2025-12-20,wk inc flu hosp,0,2025-12-27,04,quantile,0.025,48.37766662402538
2025-12-20,wk inc flu hosp,0,2025-12-27,04,quantile,0.05,60.87684494038201
2025-12-20,wk inc flu hosp,0,2025-12-27,04,quantile,0.1,78.41925905502401
2025-12-20,wk inc flu hosp,0,2025-12-27,04,quantile,0.15,90.90160749146142
2025-12-20,wk inc flu hosp,0,2025-12-27,04,quantile,0.2,101.5141212883913
2025-12-20,wk inc flu hosp,0,2025-12-27,04,quantile,0.25,110.72339610925164
2025-12-20,wk inc flu hosp,0,2025-12-27,04,quantile,0.3,119.33309205166759
2025-12-20,wk inc flu hosp,0,2025-12-27,04,quantile,0.35,127.38726564118382
2025-12-20,wk inc flu hosp,0,2025-12-27,04,quantile,0.4,137.79171300564244
2025-12-20,wk inc flu hosp,0,2025-12-27,04,quantile,0.45,146.78356717888352
2025-12-20,wk inc flu hosp,0,2025-12-27,04,quantile,0.5,154.25108003308645
2025-12-20,wk inc flu hosp,0,2025-12-27,04,quantile,0.55,164.41629015356693
2025-12-20,wk inc flu hosp,0,2025-12-27,04,quantile,0.6,174.68028731393747
2025-12-20,wk inc flu hosp,0,2025-12-27,04,quantile,0.65,188.47884815169752
2025-12-20,wk inc flu hosp,0,2025-12-27,04,quantile,0.7,208.28085705939267
2025-12-20,wk inc flu hosp,0,2025-12-27,04,quantile,0.75,234.17093978222593
2025-12-20,wk inc flu hosp,0,2025-12-27,04,quantile,0.8,250.31674935330463
2025-12-20,wk inc flu hosp,0,2025-12-27,04,quantile,0.85,275.5206450984975
2025-12-20,wk inc flu hosp,0,2025-12-27,04,quantile,0.9,336.5824115100766
2025-12-20,wk inc flu hosp,0,2025-12-27,04,quantile,0.95,405.185911136104
2025-12-20,wk inc flu hosp,0,2025-12-27,04,quantile,0.975,493.363092549069
2025-12-20,wk inc flu hosp,0,2025-12-27,04,quantile,0.99,627.244325888302
2025-12-20,wk inc flu hosp,0,2025-12-27,05,quantile,0.01,30.13121630336858
2025-12-20,wk inc flu hosp,0,2025-12-27,05,quantile,0.025,48.46496211714543
2025-12-20,wk inc flu hosp,0,2025-12-27,05,quantile,0.05,68.16186434274991
2025-12-20,wk inc flu hosp,0,2025-12-27,05,quantile,0.1,86.07398956306292
2025-12-20,wk inc flu hosp,0,2025-12-27,05,quantile,0.15,99.76995549746505
2025-12-20,wk inc flu hosp,0,2025-12-27,05,quantile,0.2,117.7441358647151
2025-12-20,wk inc flu hosp,0,2025-12-27,05,quantile,0.25,132.5809290393886
2025-12-20,wk inc flu hosp,0,2025-12-27,05,quantile,0.3,147.86854827372707
2025-12-20,wk inc flu hosp,0,2025-12-27,05,quantile,0.35,158.8253441175461
2025-12-20,wk inc flu hosp,0,2025-12-27,05,quantile,0.4,171.28313372053543
2025-12-20,wk inc flu hosp,0,2025-12-27,05,quantile,0.45,181.60135216634274
2025-12-20,wk inc flu hosp,0,2025-12-27,05,quantile,0.5,195.90625616186367
2025-12-20,wk inc flu hosp,0,2025-12-27,05,quantile,0.55,207.75887642402
2025-12-20,wk inc flu hosp,0,2025-12-27,05,quantile,0.6,223.64350987168592
2025-12-20,wk inc flu hosp,0,2025-12-27,05,quantile,0.65,241.47869589059718
2025-12-20,wk inc flu hosp,0,2025-12-27,05,quantile,0.7,259.05910637745103
2025-12-20,wk inc flu hosp,0,2025-12-27,05,quantile,0.75,288.7002846111162
2025-12-20,wk inc flu hosp,0,2025-12-27,05,quantile,0.8,335.4328143071932
2025-12-20,wk inc flu hosp,0,2025-12-27,05,quantile,0.85,381.9998649484955
2025-12-20,wk inc flu hosp,0,2025-12-27,05,quantile,0.9,422.25978539248865
2025-12-20,wk inc flu hosp,0,2025-12-27,05,quantile,0.95,520.0106786800882
2025-12-20,wk inc flu hosp,0,2025-12-27,05,quantile,0.975,639.796808772687
2025-12-20,wk inc flu hosp,0,2025-12-27,05,quantile,0.99,834.9630116152375
2025-12-20,wk inc flu hosp,0,2025-12-27,06,quantile,0.01,112.15837609754703
2025-12-20,wk inc flu hosp,0,2025-12-27,06,quantile,0.025,309.96046211854366
2025-12-20,wk inc flu hosp,0,2025-12-27,06,quantile,0.05,399.730659755093
2025-12-20,wk inc flu hosp,0,2025-12-27,06,quantile,0.1,473.0503888415004
2025-12-20,wk inc flu hosp,0,2025-12-27,06,quantile,0.15,537.7118973560632
2025-12-20,wk inc flu hosp,0,2025-12-27,06,quantile,0.2,607.9135210750468
2025-12-20,wk inc flu hosp,0,2025-12-27,06,quantile,0.25,635.7157825382931
2025-12-20,wk inc flu hosp,0,2025-12-27,06,quantile,0.3,684.6088177147835
2025-12-20,wk inc flu hosp,0,2025-12-27,06,quantile,0.35,742.2852608667529
2025-12-20,wk inc flu hosp,0,2025-12-27,06,quantile,0.4,800.6909941545213
2025-12-20,wk inc flu hosp,0,2025-12-27,06,quantile,0.45,857.6039623488091
2025-12-20,wk inc flu hosp,0,2025-12-27,06,quantile,0.5,909.8900265057895
2025-12-20,wk inc flu hosp,0,2025-12-27,06,quantile,0.55,954.9745924479395
2025-12-20,wk inc flu hosp,0,2025-12-27,06,quantile,0.6,993.1987287023719
2025-12-20,wk inc flu hosp,0,2025-12-27,06,quantile,0.65,1062.4188383043243
2025-12-20,wk inc flu hosp,0,2025-12-27,06,quantile,0.7,1146.5627172710322
2025-12-20,wk inc flu hosp,0,2025-12-27,06,quantile,0.75,1265.4872038093063
2025-12-20,wk inc flu hosp,0,2025-12-27,06,quantile,0.8,1347.1326961107184
2025-12-20,wk inc flu hosp,0,2025-12-27,06,quantile,0.85,1425.774931170904
2025-12-20,wk inc flu hosp,0,2025-12-27,06,quantile,0.9,1516.0963354127289
2025-12-20,wk inc flu hosp,0,2025-12-27,06,quantile,0.95,1707.6182680769864
2025-12-20,wk inc flu hosp,0,2025-12-27,06,quantile,0.975,1832.2532332808514
2025-12-20,wk inc flu hosp,0,2025-12-27,06,quantile,0.99,2001.15248823493
2025-12-20,wk inc flu hosp,0,2025-12-27,08,quantile,0.01,135.23305616890258
2025-12-20,wk inc flu hosp,0,2025-12-27,08,quantile,0.025,190.46844975582127
2025-12-20,wk inc flu hosp,0,2025-12-27,08,quantile,0.05,235.83004119992833
2025-12-20,wk inc flu hosp,0,2025-12-27,08,quantile,0.1,280.59610322111627
2025-12-20,wk inc flu hosp,0,2025-12-27,08,quantile,0.15,310.4975128795523
2025-12-20,wk inc flu hosp,0,2025-12-27,08,quantile,0.2,335.92653825462236
2025-12-20,wk inc flu hosp,0,2025-12-27,08,quantile,0.25,363.1076363931495
2025-12-20,wk inc flu hosp,0,2025-12-27,08,quantile,0.3,392.1403326125573
2025-12-20,wk inc flu hosp,0,2025-12-27,08,quantile,0.35,428.65483818621146
2025-12-20,wk inc flu hosp,0,2025-12-27,08,quantile,0.4,467.9689640450116
2025-12-20,wk inc flu hosp,0,2025-12-27,08,quantile,0.45,506.7937652737581
2025-12-20,wk inc flu hosp,0,2025-12-27,08,quantile,0.5,547.1875410439983
2025-12-20,wk inc flu hosp,0,2025-12-27,08,quantile,0.55,588.8554093832856
2025-12-20,wk inc flu hosp,0,2025-12-27,08,quantile,0.6,632.3514297086681
2025-12-20,wk inc flu hosp,0,2025-12-27,08,quantile,0.65,685.2176741732961
2025-12-20,wk inc flu hosp,0,2025-12-27,08,quantile,0.7,744.9986683809559
2025-12-20,wk inc flu hosp,0,2025-12-27,08,quantile,0.75,796.6779419206073
2025-12-20,wk inc flu hosp,0,2025-12-27,08,quantile,0.8,934.2461778391677
2025-12-20,wk inc flu hosp,0,2025-12-27,08,quantile,0.85,1094.2837840594166
2025-12-20,wk inc flu hosp,0,2025-12-27,08,quantile,0.9,1234.3166550302692
2025-12-20,wk inc flu hosp,0,2025-12-27,08,quantile,0.95,1542.46430714311
2025-12-20,wk inc flu hosp,0,2025-12-27,08,quantile,0.975,1773.801475096887
2025-12-20,wk inc flu hosp,0,2025-12-27,08,quantile,0.99,2110.048453121967
2025-12-20,wk inc flu hosp,0,2025-12-27,09,quantile,0.01,62.35203686796567
2025-12-20,wk inc flu hosp,0,2025-12-27,09,quantile,0.025,151.9810992472773
2025-12-20,wk inc flu hosp,0,2025-12-27,09,quantile,0.05,195.53209851960474
2025-12-20,wk inc flu hosp,0,2025-12-27,09,quantile,0.1,243.88331739976857
2025-12-20,wk inc flu hosp,0,2025-12-27,09,quantile,0.15,276.3321104910575
2025-12-20,wk inc flu hosp,0,2025-12-27,09,quantile,0.2,305.99547664526443
2025-12-20,wk inc flu hosp,0,2025-12-27,09,quantile,0.25,336.5109077971614
2025-12-20,wk inc flu hosp,0,2025-12-27,09,quantile,0.3,366.65044901821744
2025-12-20,wk inc flu hosp,0,2025-12-27,09,quantile,0.35,384.17623848238026
2025-12-20,wk inc flu hosp,0,2025-12-27,09,quantile,0.4,406.4031656373327
2025-12-20,wk inc flu hosp,0,2025-12-27,09,quantile,0.45,435.19935347545857
2025-12-20,wk inc flu hosp,0,2025-12-27,09,quantile,0.5,461.0961554159933
2025-12-20,wk inc flu hosp,0,2025-12-27,09,quantile,0.55,493.22364830146995
2025-12-20,wk inc flu hosp,0,2025-12-27,09,quantile,0.6,525.6798657833648
2025-12-20,wk inc flu hosp,0,2025-12-27,09,quantile,0.65,575.7606433804809
2025-12-20,wk inc flu hosp,0,2025-12-27,09,quantile,0.7,642.3608112712807
2025-12-20,wk inc flu hosp,0,2025-12-27,09,quantile,0.75,711.1070101159056
2025-12-20,wk inc flu hosp,0,2025-12-27,09,quantile,0.8,810.4395949166733
2025-12-20,wk inc flu hosp,0,2025-12-27,09,quantile,0.85,989.5732503650464
2025-12-20,wk inc flu hosp,0,2025-12-27,09,quantile,0.9,1295.8635613740412
2025-12-20,wk inc flu hosp,0,2025-12-27,09,quantile,0.95,1946.0546542658321
2025-12-20,wk inc flu hosp,0,2025-12-27,09,quantile,0.975,2556.8773768959954
2025-12-20,wk inc flu hosp,0,2025-12-27,09,quantile,0.99,2675.3926692181476
2025-12-20,wk inc flu hosp,0,2025-12-27,10,quantile,0.01,16.152883283350363
2025-12-20,wk inc flu hosp,0,2025-12-27,10,quantile,0.025,24.365729845998892
2025-12-20,wk inc flu hosp,0,2025-12-27,10,quantile,0.05,31.85788839091919
2025-12-20,wk inc flu hosp,0,2025-12-27,10,quantile,0.1,44.871008518348575
2025-12-20,wk inc flu hosp,0,2025-12-27,10,quantile,0.15,51.04501537012995
2025-12-20,wk inc flu hosp,0,2025-12-27,10,quantile,0.2,58.44350907443803
2025-12-20,wk inc flu hosp,0,2025-12-27,10,quantile,0.25,66.7012585921357
2025-12-20,wk inc flu hosp,0,2025-12-27,10,quantile,0.3,76.68105901400851
2025-12-20,wk inc flu hosp,0,2025-12-27,10,quantile,0.35,86.00670601023761
2025-12-20,wk inc flu hosp,0,2025-12-27,10,quantile,0.4,98.36128471160143
2025-12-20,wk inc flu hosp,0,2025-12-27,10,quantile,0.45,111.67865481594703
2025-12-20,wk inc flu hosp,0,2025-12-27,10,quantile,0.5,121.9715218013341
2025-12-20,wk inc flu hosp,0,2025-12-27,10,quantile,0.55,130.36463089503593
2025-12-20,wk inc flu hosp,0,2025-12-27,10,quantile,0.6,149.88745693491228
2025-12-20,wk inc flu hosp,0,2025-12-27,10,quantile,0.65,163.69305909061745
2025-12-20,wk inc flu hosp,0,2025-12-27,10,quantile,0.7,174.76290078223133
2025-12-20,wk inc flu hosp,0,2025-12-27,10,quantile,0.75,204.4221304279928
2025-12-20,wk inc flu hosp,0,2025-12-27,10,quantile,0.8,234.20022721287796
2025-12-20,wk inc flu hosp,0,2025-12-27,10,quantile,0.85,259.9464506498466
2025-12-20,wk inc flu hosp,0,2025-12-27,10,quantile,0.9,305.54945354382016
2025-12-20,wk inc flu hosp,0,2025-12-27,10,quantile,0.95,368.77862252046407
2025-12-20,wk inc flu hosp,0,2025-12-27,10,quantile,0.975,511.8525600723598
2025-12-20,wk inc flu hosp,0,2025-12-27,10,quantile,0.99,516.5831360245269
2025-12-20,wk inc flu hosp,0,2025-12-27,11,quantile,0.01,5.210616221172031
2025-12-20,wk inc flu hosp,0,2025-12-27,11,quantile,0.025,6.390535419632068
2025-12-20,wk inc flu hosp,0,2025-12-27,11,quantile,0.05,8.1180530637013
2025-12-20,wk inc flu hosp,0,2025-12-27,11,quantile,0.1,11.227263165749747
2025-12-20,wk inc flu hosp,0,2025-12-27,11,quantile,0.15,14.967989001775566
2025-12-20,wk inc flu hosp,0,2025-12-27,11,quantile,0.2,18.427006211151507
2025-12-20,wk inc flu hosp,0,2025-12-27,11,quantile,0.25,21.47330834072417
2025-12-20,wk inc flu hosp,0,2025-12-27,11,quantile,0.3,27.108465886351087
2025-12-20,wk inc flu hosp,0,2025-12-27,11,quantile,0.35,30.80754170595656
2025-12-20,wk inc flu hosp,0,2025-12-27,11,quantile,0.4,35.00441105918892
2025-12-20,wk inc flu hosp,0,2025-12-27,11,quantile,0.45,38.47535201398978
2025-12-20,wk inc flu hosp,0,2025-12-27,11,quantile,0.5,43.569726870243926
2025-12-20,wk inc flu hosp,0,2025-12-27,11,quantile,0.55,48.76998646594799
2025-12-20,wk inc flu hosp,0,2025-12-27,11,quantile,0.6,53.97752087754283
2025-12-20,wk inc flu hosp,0,2025-12-27,11,quantile,0.65,58.01617525834383
2025-12-20,wk inc flu hosp,0,2025-12-27,11,quantile,0.7,64.10051744157691
2025-12-20,wk inc flu hosp,0,2025-12-27,11,quantile,0.75,72.25361147090037
2025-12-20,wk inc flu hosp,0,2025-12-27,11,quantile,0.8,83.2217158758119
2025-12-20,wk inc flu hosp,0,2025-12-27,11,quantile,0.85,94.93594509932686
2025-12-20,wk inc flu hosp,0,2025-12-27,11,quantile,0.9,116.70715132180872
2025-12-20,wk inc flu hosp,0,2025-12-27,11,quantile,0.95,147.71138510292204
2025-12-20,wk inc flu hosp,0,2025-12-27,11,quantile,0.975,149.94490185235438
2025-12-20,wk inc flu hosp,0,2025-12-27,11,quantile,0.99,215.75297825759398
2025-12-20,wk inc flu hosp,0,2025-12-27,12,quantile,0.01,527.4597490961335
2025-12-20,wk inc flu hosp,0,2025-12-27,12,quantile,0.025,709.1325754887681
2025-12-20,wk inc flu hosp,0,2025-12-27,12,quantile,0.05,1003.0093836018181
2025-12-20,wk inc flu hosp,0,2025-12-27,12,quantile,0.1,1206.7842496860574
2025-12-20,wk inc flu hosp,0,2025-12-27,12,quantile,0.15,1338.3927125236137
2025-12-20,wk inc flu hosp,0,2025-12-27,12,quantile,0.2,1489.6058845323398
2025-12-20,wk inc flu hosp,0,2025-12-27,12,quantile,0.25,1588.0823493520595
2025-12-20,wk inc flu hosp,0,2025-12-27,12,quantile,0.3,1687.8529533540607
2025-12-20,wk inc flu hosp,0,2025-12-27,12,quantile,0.35,1827.5546978863042
2025-12-20,wk inc flu hosp,0,2025-12-27,12,quantile,0.4,1948.6593423447084
2025-12-20,wk inc flu hosp,0,2025-12-27,12,quantile,0.45,2054.0149539783756
2025-12-20,wk inc flu hosp,0,2025-12-27,12,quantile,0.5,2169.296886242343
2025-12-20,wk inc flu hosp,0,2025-12-27,12,quantile,0.55,2256.9599876687207
2025-12-20,wk inc flu hosp,0,2025-12-27,12,quantile,0.6,2340.2791021805574
2025-12-20,wk inc flu hosp,0,2025-12-27,12,quantile,0.65,2465.0314930165173
2025-12-20,wk inc flu hosp,0,2025-12-27,12,quantile,0.7,2582.7671416709013
2025-12-20,wk inc flu hosp,0,2025-12-27,12,quantile,0.75,2742.397957285331
2025-12-20,wk inc flu hosp,0,2025-12-27,12,quantile,0.8,2933.5966688926796
2025-12-20,wk inc flu hosp,0,2025-12-27,12,quantile,0.85,3223.5055035443015
2025-12-20,wk inc flu hosp,0,2025-12-27,12,quantile,0.9,3508.7803413572233
2025-12-20,wk inc flu hosp,0,2025-12-27,12,quantile,0.95,4154.232765501546
2025-12-20,wk inc flu hosp,0,2025-12-27,12,quantile,0.975,4859.730891518207
2025-12-20,wk inc flu hosp,0,2025-12-27,12,quantile,0.99,5261.818865129114
2025-12-20,wk inc flu hosp,0,2025-12-27,13,quantile,0.01,148.8414953751097
2025-12-20,wk inc flu hosp,0,2025-12-27,13,quantile,0.025,210.11050214675245
2025-12-20,wk inc flu hosp,0,2025-12-27,13,quantile,0.05,258.28553343273353
2025-12-20,wk inc flu hosp,0,2025-12-27,13,quantile,0.1,330.6055043022631
2025-12-20,wk inc flu hosp,0,2025-12-27,13,quantile,0.15,360.1916439340399
2025-12-20,wk inc flu hosp,0,2025-12-27,13,quantile,0.2,397.40071905324714
2025-12-20,wk inc flu hosp,0,2025-12-27,13,quantile,0.25,465.89870152455416
2025-12-20,wk inc flu hosp,0,2025-12-27,13,quantile,0.3,502.94022320320244
2025-12-20,wk inc flu hosp,0,2025-12-27,13,quantile,0.35,538.1235733225327
2025-12-20,wk inc flu hosp,0,2025-12-27,13,quantile,0.4,586.4159711472962
2025-12-20,wk inc flu hosp,0,2025-12-27,13,quantile,0.45,634.1632004810048
2025-12-20,wk inc flu hosp,0,2025-12-27,13,quantile,0.5,680.3105363662994
2025-12-20,wk inc flu hosp,0,2025-12-27,13,quantile,0.55,715.3237201475521
2025-12-20,wk inc flu hosp,0,2025-12-27,13,quantile,0.6,744.7755881541276
2025-12-20,wk inc flu hosp,0,2025-12-27,13,quantile,0.65,786.1734210717859
2025-12-20,wk inc flu hosp,0,2025-12-27,13,quantile,0.7,838.8954999494713
2025-12-20,wk inc flu hosp,0,2025-12-27,13,quantile,0.75,880.3435907525526
2025-12-20,wk inc flu hosp,0,2025-12-27,13,quantile,0.8,948.8315284759528
2025-12-20,wk inc flu hosp,0,2025-12-27,13,quantile,0.85,1025.9905438069454
2025-12-20,wk inc flu hosp,0,2025-12-27,13,quantile,0.9,1110.7805884715333
2025-12-20,wk inc flu hosp,0,2025-12-27,13,quantile,0.95,1313.9083105480381
2025-12-20,wk inc flu hosp,0,2025-12-27,13,quantile,0.975,1465.5462407672403
2025-12-20,wk inc flu hosp,0,2025-12-27,13,quantile,0.99,1600.0382044035803
2025-12-20,wk inc flu hosp,0,2025-12-27,15,quantile,0.01,19.271446590326498
2025-12-20,wk inc flu hosp,0,2025-12-27,15,quantile,0.025,24.890665083755763
2025-12-20,wk inc flu hosp,0,2025-12-27,15,quantile,0.05,33.62696809151752
2025-12-20,wk inc flu hosp,0,2025-12-27,15,quantile,0.1,46.98394717446172
2025-12-20,wk inc flu hosp,0,2025-12-27,15,quantile,0.15,51.81810533453844
2025-12-20,wk inc flu hosp,0,2025-12-27,15,quantile,0.2,56.690921597597125
2025-12-20,wk inc flu hosp,0,2025-12-27,15,quantile,0.25,60.1138863990412
2025-12-20,wk inc flu hosp,0,2025-12-27,15,quantile,0.3,64.04606515468153
2025-12-20,wk inc flu hosp,0,2025-12-27,15,quantile,0.35,67.57821575718306
2025-12-20,wk inc flu hosp,0,2025-12-27,15,quantile,0.4,72.67900709013139
2025-12-20,wk inc flu hosp,0,2025-12-27,15,quantile,0.45,77.32739922997769
2025-12-20,wk inc flu hosp,0,2025-12-27,15,quantile,0.5,82.91972270962093
2025-12-20,wk inc flu hosp,0,2025-12-27,15,quantile,0.55,88.80584482506923
2025-12-20,wk inc flu hosp,0,2025-12-27,15,quantile,0.6,95.89826825849471
2025-12-20,wk inc flu hosp,0,2025-12-27,15,quantile,0.65,105.47201682078375
2025-12-20,wk inc flu hosp,0,2025-12-27,15,quantile,0.7,119.43227628926493
2025-12-20,wk inc flu hosp,0,2025-12-27,15,quantile,0.75,133.2015914219725
2025-12-20,wk inc flu hosp,0,2025-12-27,15,quantile,0.8,146.78544982205938
2025-12-20,wk inc flu hosp,0,2025-12-27,15,quantile,0.85,162.13835451902364
2025-12-20,wk inc flu hosp,0,2025-12-27,15,quantile,0.9,183.82669182992925
2025-12-20,wk inc flu hosp,0,2025-12-27,15,quantile,0.95,245.53645715696075
2025-12-20,wk inc flu hosp,0,2025-12-27,15,quantile,0.975,329.34007509380007
2025-12-20,wk inc flu hosp,0,2025-12-27,15,quantile,0.99,434.1048879100712
2025-12-20,wk inc flu hosp,0,2025-12-27,16,quantile,0.01,17.963757774512132
2025-12-20,wk inc flu hosp,0,2025-12-27,16,quantile,0.025,26.388327598829452
2025-12-20,wk inc flu hosp,0,2025-12-27,16,quantile,0.05,34.24371387962931
2025-12-20,wk inc flu hosp,0,2025-12-27,16,quantile,0.1,48.949773787057055
2025-12-20,wk inc flu hosp,0,2025-12-27,16,quantile,0.15,60.57211186746611
2025-12-20,wk inc flu hosp,0,2025-12-27,16,quantile,0.2,68.3092446007757
2025-12-20,wk inc flu hosp,0,2025-12-27,16,quantile,0.25,76.78421738161052
2025-12-20,wk inc flu hosp,0,2025-12-27,16,quantile,0.3,83.9666547094738
2025-12-20,wk inc flu hosp,0,2025-12-27,16,quantile,0.35,91.5070311668284
2025-12-20,wk inc flu hosp,0,2025-12-27,16,quantile,0.4,97.60705043230953
2025-12-20,wk inc flu hosp,0,2025-12-27,16,quantile,0.45,105.19095336411735
2025-12-20,wk inc flu hosp,0,2025-12-27,16,quantile,0.5,114.20892346679682
2025-12-20,wk inc flu hosp,0,2025-12-27,16,quantile,0.55,124.40483507242212
2025-12-20,wk inc flu hosp,0,2025-12-27,16,quantile,0.6,135.73877143545974
2025-12-20,wk inc flu hosp,0,2025-12-27,16,quantile,0.65,148.16032757203035
2025-12-20,wk inc flu hosp,0,2025-12-27,16,quantile,0.7,159.70105132122524
2025-12-20,wk inc flu hosp,0,2025-12-27,16,quantile,0.75,180.91288316016107
2025-12-20,wk inc flu hosp,0,2025-12-27,16,quantile,0.8,202.34942377171913
2025-12-20,wk inc flu hosp,0,2025-12-27,16,quantile,0.85,223.0413581255216
2025-12-20,wk inc flu hosp,0,2025-12-27,16,quantile,0.9,266.40688573270336
2025-12-20,wk inc flu hosp,0,2025-12-27,16,quantile,0.95,301.0830777870536
2025-12-20,wk inc flu hosp,0,2025-12-27,16,quantile,0.975,368.98889734229175
2025-12-20,wk inc flu hosp,0,2025-12-27,16,quantile,0.99,442.3769450815137
2025-12-20,wk inc flu hosp,0,2025-12-27,17,quantile,0.01,61.55220511012713
2025-12-20,wk inc flu hosp,0,2025-12-27,17,quantile,0.025,245.69180938557957
2025-12-20,wk inc flu hosp,0,2025-12-27,17,quantile,0.05,348.96084402960537
2025-12-20,wk inc flu hosp,0,2025-12-27,17,quantile,0.1,432.5709717318667
2025-12-20,wk inc flu hosp,0,2025-12-27,17,quantile,0.15,478.42955225224534
2025-12-20,wk inc flu hosp,0,2025-12-27,17,quantile,0.2,516.2389876682505
2025-12-20,wk inc flu hosp,0,2025-12-27,17,quantile,0.25,550.2377070692655
2025-12-20,wk inc flu hosp,0,2025-12-27,17,quantile,0.3,590.4221315929665
2025-12-20,wk inc flu hosp,0,2025-12-27,17,quantile,0.35,634.5281168318144
2025-12-20,wk inc flu hosp,0,2025-12-27,17,quantile,0.4,676.3811553461823
2025-12-20,wk inc flu hosp,0,2025-12-27,17,quantile,0.45,716.1143698959263
2025-12-20,wk inc flu hosp,0,2025-12-27,17,quantile,0.5,772.994910567799
2025-12-20,wk inc flu hosp,0,2025-12-27,17,quantile,0.55,848.3517571455133
2025-12-20,wk inc flu hosp,0,2025-12-27,17,quantile,0.6,938.4589115379716
2025-12-20,wk inc flu hosp,0,2025-12-27,17,quantile,0.65,1039.5128016015412
2025-12-20,wk inc flu hosp,0,2025-12-27,17,quantile,0.7,1140.954450167838
2025-12-20,wk inc flu hosp,0,2025-12-27,17,quantile,0.75,1227.7633010449597
2025-12-20,wk inc flu hosp,0,2025-12-27,17,quantile,0.8,1358.6643354295281
2025-12-20,wk inc flu hosp,0,2025-12-27,17,quantile,0.85,1522.0209090743772
2025-12-20,wk inc flu hosp,0,2025-12-27,17,quantile,0.9,1627.125072215988
2025-12-20,wk inc flu hosp,0,2025-12-27,17,quantile,0.95,2041.501688206962
2025-12-20,wk inc flu hosp,0,2025-12-27,17,quantile,0.975,2309.7669578469045
2025-12-20,wk inc flu hosp,0,2025-12-27,17,quantile,0.99,2941.4426308587695
2025-12-20,wk inc flu hosp,0,2025-12-27,18,quantile,0.01,163.98046621997847
2025-12-20,wk inc flu hosp,0,2025-12-27,18,quantile,0.025,191.48353122684938
2025-12-20,wk inc flu hosp,0,2025-12-27,18,quantile,0.05,218.56993402861147
2025-12-20,wk inc flu hosp,0,2025-12-27,18,quantile,0.1,252.9687161716388
2025-12-20,wk inc flu hosp,0,2025-12-27,18,quantile,0.15,282.59833432170893
2025-12-20,wk inc flu hosp,0,2025-12-27,18,quantile,0.2,303.2554749265681
2025-12-20,wk inc flu hosp,0,2025-12-27,18,quantile,0.25,330.0112740367925
2025-12-20,wk inc flu hosp,0,2025-12-27,18,quantile,0.3,354.63719650737175
2025-12-20,wk inc flu hosp,0,2025-12-27,18,quantile,0.35,380.969712899075
2025-12-20,wk inc flu hosp,0,2025-12-27,18,quantile,0.4,408.24182942193767
2025-12-20,wk inc flu hosp,0,2025-12-27,18,quantile,0.45,435.0732277097983
2025-12-20,wk inc flu hosp,0,2025-12-27,18,quantile,0.5,461.3925789644434
2025-12-20,wk inc flu hosp,0,2025-12-27,18,quantile,0.55,486.06506646414795
2025-12-20,wk inc flu hosp,0,2025-12-27,18,quantile,0.6,518.8894770290411
2025-12-20,wk inc flu hosp,0,2025-12-27,18,quantile,0.65,562.7138959745291
2025-12-20,wk inc flu hosp,0,2025-12-27,18,quantile,0.7,596.8602556693438
2025-12-20,wk inc flu hosp,0,2025-12-27,18,quantile,0.75,648.4924010613937
2025-12-20,wk inc flu hosp,0,2025-12-27,18,quantile,0.8,713.1624070329244
2025-12-20,wk inc flu hosp,0,2025-12-27,18,quantile,0.85,788.5164224953122
2025-12-20,wk inc flu hosp,0,2025-12-27,18,quantile,0.9,912.3951387575408
2025-12-20,wk inc flu hosp,0,2025-12-27,18,quantile,0.95,1083.8817482433922
2025-12-20,wk inc flu hosp,0,2025-12-27,18,quantile,0.975,1329.1231585550456
2025-12-20,wk inc flu hosp,0,2025-12-27,18,quantile,0.99,1439.672967985893
2025-12-20,wk inc flu hosp,0,2025-12-27,19,quantile,0.01,17.097633135163576
2025-12-20,wk inc flu hosp,0,2025-12-27,19,quantile,0.025,25.823603721136955
2025-12-20,wk inc flu hosp,0,2025-12-27,19,quantile,0.05,34.05059684108605
2025-12-20,wk inc flu hosp,0,2025-12-27,19,quantile,0.1,42.58746132986414
2025-12-20,wk inc flu hosp,0,2025-12-27,19,quantile,0.15,53.79978972693
2025-12-20,wk inc flu hosp,0,2025-12-27,19,quantile,0.2,63.33304920017308
2025-12-20,wk inc flu hosp,0,2025-12-27,19,quantile,0.25,76.72175372706926
2025-12-20,wk inc flu hosp,0,2025-12-27,19,quantile,0.3,89.33534533526317
2025-12-20,wk inc flu hosp,0,2025-12-27,19,quantile,0.35,100.29967219931713
2025-12-20,wk inc flu hosp,0,2025-12-27,19,quantile,0.4,109.64765589067599
2025-12-20,wk inc flu hosp,0,2025-12-27,19,quantile,0.45,120.22459349369802
2025-12-20,wk inc flu hosp,0,2025-12-27,19,quantile,0.5,131.4848747047859
2025-12-20,wk inc flu hosp,0,2025-12-27,19,quantile,0.55,141.70630258072333
2025-12-20,wk inc flu hosp,0,2025-12-27,19,quantile,0.6,153.56521146797445
2025-12-20,wk inc flu hosp,0,2025-12-27,19,quantile,0.65,166.0677946166879
2025-12-20,wk inc flu hosp,0,2025-12-27,19,quantile,0.7,179.4873598804306
2025-12-20,wk inc flu hosp,0,2025-12-27,19,quantile,0.75,195.24235288511838
2025-12-20,wk inc flu hosp,0,2025-12-27,19,quantile,0.8,211.72403962585577
2025-12-20,wk inc flu hosp,0,2025-12-27,19,quantile,0.85,234.56509702616538
2025-12-20,wk inc flu hosp,0,2025-12-27,19,quantile,0.9,274.23689836263486
2025-12-20,wk inc flu hosp,0,2025-12-27,19,quantile,0.95,342.86375631713236
2025-12-20,wk inc flu hosp,0,2025-12-27,19,quantile,0.975,398.7019234122811
2025-12-20,wk inc flu hosp,0,2025-12-27,19,quantile,0.99,449.96328790246645
2025-12-20,wk inc flu hosp,0,2025-12-27,20,quantile,0.01,33.50391907249779
2025-12-20,wk inc flu hosp,0,2025-12-27,20,quantile,0.025,43.24633025737986
2025-12-20,wk inc flu hosp,0,2025-12-27,20,quantile,0.05,51.2195048450585
2025-12-20,wk inc flu hosp,0,2025-12-27,20,quantile,0.1,61.82003203252871
2025-12-20,wk inc flu hosp,0,2025-12-27,20,quantile,0.15,69.19759448303827
2025-12-20,wk inc flu hosp,0,2025-12-27,20,quantile,0.2,74.98109986010662
2025-12-20,wk inc flu hosp,0,2025-12-27,20,quantile,0.25,82.24991166341042
2025-12-20,wk inc flu hosp,0,2025-12-27,20,quantile,0.3,88.5444233483383
2025-12-20,wk inc flu hosp,0,2025-12-27,20,quantile,0.35,93.83405458428251
2025-12-20,wk inc flu hosp,0,2025-12-27,20,quantile,0.4,100.00063374350447
2025-12-20,wk inc flu hosp,0,2025-12-27,20,quantile,0.45,106.54777891451386
2025-12-20,wk inc flu hosp,0,2025-12-27,20,quantile,0.5,112.15514960462531
2025-12-20,wk inc flu hosp,0,2025-12-27,20,quantile,0.55,117.1306704440173
2025-12-20,wk inc flu hosp,0,2025-12-27,20,quantile,0.6,123.78870083050121
2025-12-20,wk inc flu hosp,0,2025-12-27,20,quantile,0.65,134.33646090353776
2025-12-20,wk inc flu hosp,0,2025-12-27,20,quantile,0.7,145.276229809127
2025-12-20,wk inc flu hosp,0,2025-12-27,20,quantile,0.75,159.83692149317903
2025-12-20,wk inc flu hosp,0,2025-12-27,20,quantile,0.8,176.47478950513153
2025-12-20,wk inc flu hosp,0,2025-12-27,20,quantile,0.85,203.00003673751374
2025-12-20,wk inc flu hosp,0,2025-12-27,20,quantile,0.9,241.5311479983132
2025-12-20,wk inc flu hosp,0,2025-12-27,20,quantile,0.95,290.1134553869522
2025-12-20,wk inc flu hosp,0,2025-12-27,20,quantile,0.975,347.3051863074614
2025-12-20,wk inc flu hosp,0,2025-12-27,20,quantile,0.99,411.7598776817363
2025-12-20,wk inc flu hosp,0,2025-12-27,21,quantile,0.01,77.51300683669471
2025-12-20,wk inc flu hosp,0,2025-12-27,21,quantile,0.025,100.74301110514718
2025-12-20,wk inc flu hosp,0,2025-12-27,21,quantile,0.05,123.86902532026792
2025-12-20,wk inc flu hosp,0,2025-12-27,21,quantile,0.1,145.60126595552077
2025-12-20,wk inc flu hosp,0,2025-12-27,21,quantile,0.15,161.09747587976332
2025-12-20,wk inc flu hosp,0,2025-12-27,21,quantile,0.2,180.70495064712028
2025-12-20,wk inc flu hosp,0,2025-12-27,21,quantile,0.25,198.34993388003417
2025-12-20,wk inc flu hosp,0,2025-12-27,21,quantile,0.3,218.75144136741557
2025-12-20,wk inc flu hosp,0,2025-12-27,21,quantile,0.35,238.7009924328744
2025-12-20,wk inc flu hosp,0,2025-12-27,21,quantile,0.4,254.08657572785046
2025-12-20,wk inc flu hosp,0,2025-12-27,21,quantile,0.45,267.6488642453345
2025-12-20,wk inc flu hosp,0,2025-12-27,21,quantile,0.5,283.6840342747353
2025-12-20,wk inc flu hosp,0,2025-12-27,21,quantile,0.55,304.7935987878644
2025-12-20,wk inc flu hosp,0,2025-12-27,21,quantile,0.6,324.09897471436716
2025-12-20,wk inc flu hosp,0,2025-12-27,21,quantile,0.65,342.0102082551311
2025-12-20,wk inc flu hosp,0,2025-12-27,21,quantile,0.7,362.8462774857035
2025-12-20,wk inc flu hosp,0,2025-12-27,21,quantile,0.75,401.504456627014
2025-12-20,wk inc flu hosp,0,2025-12-27,21,quantile,0.8,442.3653834162211
2025-12-20,wk inc flu hosp,0,2025-12-27,21,quantile,0.85,487.58797879263733
2025-12-20,wk inc flu hosp,0,2025-12-27,21,quantile,0.9,572.7425978046228
2025-12-20,wk inc flu hosp,0,2025-12-27,21,quantile,0.95,669.3900642034754
2025-12-20,wk inc flu hosp,0,2025-12-27,21,quantile,0.975,773.1328468935045
2025-12-20,wk inc flu hosp,0,2025-12-27,21,quantile,0.99,853.6577341501605
2025-12-20,wk inc flu hosp,0,2025-12-27,22,quantile,0.01,151.39609284942878
2025-12-20,wk inc flu hosp,0,2025-12-27,22,quantile,0.025,204.7432747841155
2025-12-20,wk inc flu hosp,0,2025-12-27,22,quantile,0.05,244.0353259689781
2025-12-20,wk inc flu hosp,0,2025-12-27,22,quantile,0.1,291.71844811261377
2025-12-20,wk inc flu hosp,0,2025-12-27,22,quantile,0.15,325.1613475679243
2025-12-20,wk inc flu hosp,0,2025-12-27,22,quantile,0.2,359.61469424213277
2025-12-20,wk inc flu hosp,0,2025-12-27,22,quantile,0.25,389.08917938142275
2025-12-20,wk inc flu hosp,0,2025-12-27,22,quantile,0.3,419.15691907091764
2025-12-20,wk inc flu hosp,0,2025-12-27,22,quantile,0.35,444.24972650910547
2025-12-20,wk inc flu hosp,0,2025-12-27,22,quantile,0.4,470.9034632479358
2025-12-20,wk inc flu hosp,0,2025-12-27,22,quantile,0.45,503.01465075482326
2025-12-20,wk inc flu hosp,0,2025-12-27,22,quantile,0.5,535.8355666270106
2025-12-20,wk inc flu hosp,0,2025-12-27,22,quantile,0.55,558.7832086062884
2025-12-20,wk inc flu hosp,0,2025-12-27,22,quantile,0.6,604.0590379491836
2025-12-20,wk inc flu hosp,0,2025-12-27,22,quantile,0.65,647.027283192478
2025-12-20,wk inc flu hosp,0,2025-12-27,22,quantile,0.7,690.5555227064334
2025-12-20,wk inc flu hosp,0,2025-12-27,22,quantile,0.75,744.966826542011
2025-12-20,wk inc flu hosp,0,2025-12-27,22,quantile,0.8,821.00063109239
2025-12-20,wk inc flu hosp,0,2025-12-27,22,quantile,0.85,918.4180000927828
2025-12-20,wk inc flu hosp,0,2025-12-27,22,quantile,0.9,1015.8523918877337
2025-12-20,wk inc flu hosp,0,2025-12-27,22,quantile,0.95,1126.0365468184248
2025-12-20,wk inc flu hosp,0,2025-12-27,22,quantile,0.975,1199.9796990120446
2025-12-20,wk inc flu hosp,0,2025-12-27,22,quantile,0.99,1293.7365732433818
2025-12-20,wk inc flu hosp,0,2025-12-27,23,quantile,0.01,16.0613678959094
2025-12-20,wk inc flu hosp,0,2025-12-27,23,quantile,0.025,23.415545054140214
2025-12-20,wk inc flu hosp,0,2025-12-27,23,quantile,0.05,30.181160479445666
2025-12-20,wk inc flu hosp,0,2025-12-27,23,quantile,0.1,38.55534870754778
2025-12-20,wk inc flu hosp,0,2025-12-27,23,quantile,0.15,47.58779459834103
2025-12-20,wk inc flu hosp,0,2025-12-27,23,quantile,0.2,54.820470220040335
2025-12-20,wk inc flu hosp,0,2025-12-27,23,quantile,0.25,60.644892127881285
2025-12-20,wk inc flu hosp,0,2025-12-27,23,quantile,0.3,65.95121774925761
2025-12-20,wk inc flu hosp,0,2025-12-27,23,quantile,0.35,70.5438144015177
2025-12-20,wk inc flu hosp,0,2025-12-27,23,quantile,0.4,74.95208399438532
2025-12-20,wk inc flu hosp,0,2025-12-27,23,quantile,0.45,81.73608246554343
2025-12-20,wk inc flu hosp,0,2025-12-27,23,quantile,0.5,88.76381816974117
2025-12-20,wk inc flu hosp,0,2025-12-27,23,quantile,0.55,96.48774683046226
2025-12-20,wk inc flu hosp,0,2025-12-27,23,quantile,0.6,107.82235909143171
2025-12-20,wk inc flu hosp,0,2025-12-27,23,quantile,0.65,123.64791250176708
2025-12-20,wk inc flu hosp,0,2025-12-27,23,quantile,0.7,138.92236702931808
2025-12-20,wk inc flu hosp,0,2025-12-27,23,quantile,0.75,154.66896513159566
2025-12-20,wk inc flu hosp,0,2025-12-27,23,quantile,0.8,164.26413412403755
2025-12-20,wk inc flu hosp,0,2025-12-27,23,quantile,0.85,181.4062580234361
2025-12-20,wk inc flu hosp,0,2025-12-27,23,quantile,0.9,216.41007067551803
2025-12-20,wk inc flu hosp,0,2025-12-27,23,quantile,0.95,276.30765068478667
2025-12-20,wk inc flu hosp,0,2025-12-27,23,quantile,0.975,350.73317428825567
2025-12-20,wk inc flu hosp,0,2025-12-27,23,quantile,0.99,424.6902540872671
2025-12-20,wk inc flu hosp,0,2025-12-27,24,quantile,0.01,143.2191391235044
2025-12-20,wk inc flu hosp,0,2025-12-27,24,quantile,0.025,160.136447619133
2025-12-20,wk inc flu hosp,0,2025-12-27,24,quantile,0.05,176.75828537700872
2025-12-20,wk inc flu hosp,0,2025-12-27,24,quantile,0.1,220.00290157108532
2025-12-20,wk inc flu hosp,0,2025-12-27,24,quantile,0.15,257.40785771864006
2025-12-20,wk inc flu hosp,0,2025-12-27,24,quantile,0.2,287.2935835058187
2025-12-20,wk inc flu hosp,0,2025-12-27,24,quantile,0.25,315.25584337207613
2025-12-20,wk inc flu hosp,0,2025-12-27,24,quantile,0.3,342.8927165462015
2025-12-20,wk inc flu hosp,0,2025-12-27,24,quantile,0.35,387.7377191491079
2025-12-20,wk inc flu hosp,0,2025-12-27,24,quantile,0.4,432.11521567603097
2025-12-20,wk inc flu hosp,0,2025-12-27,24,quantile,0.45,476.489282942819
2025-12-20,wk inc flu hosp,0,2025-12-27,24,quantile,0.5,529.4851142872708
2025-12-20,wk inc flu hosp,0,2025-12-27,24,quantile,0.55,571.0615070578476
2025-12-20,wk inc flu hosp,0,2025-12-27,24,quantile,0.6,631.9278514101746
2025-12-20,wk inc flu hosp,0,2025-12-27,24,quantile,0.65,692.1593264745464
2025-12-20,wk inc flu hosp,0,2025-12-27,24,quantile,0.7,753.5629766575545
2025-12-20,wk inc flu hosp,0,2025-12-27,24,quantile,0.75,825.1238729128705
2025-12-20,wk inc flu hosp,0,2025-12-27,24,quantile,0.8,905.9226676162932
2025-12-20,wk inc flu hosp,0,2025-12-27,24,quantile,0.85,1013.2946937407927
2025-12-20,wk inc flu hosp,0,2025-12-27,24,quantile,0.9,1166.7352164298113
2025-12-20,wk inc flu hosp,0,2025-12-27,24,quantile,0.95,1305.994183627255
2025-12-20,wk inc flu hosp,0,2025-12-27,24,quantile,0.975,1465.0071065871
2025-12-20,wk inc flu hosp,0,2025-12-27,24,quantile,0.99,1611.1944548770805
2025-12-20,wk inc flu hosp,0,2025-12-27,25,quantile,0.01,226.57927164469058
2025-12-20,wk inc flu hosp,0,2025-12-27,25,quantile,0.025,251.83731144009775
2025-12-20,wk inc flu hosp,0,2025-12-27,25,quantile,0.05,314.80115536710235
2025-12-20,wk inc flu hosp,0,2025-12-27,25,quantile,0.1,399.6914177640218
2025-12-20,wk inc flu hosp,0,2025-12-27,25,quantile,0.15,448.5776106329701
2025-12-20,wk inc flu hosp,0,2025-12-27,25,quantile,0.2,495.8532252792287
2025-12-20,wk inc flu hosp,0,2025-12-27,25,quantile,0.25,544.3958271563985
2025-12-20,wk inc flu hosp,0,2025-12-27,25,quantile,0.3,586.151358268815
2025-12-20,wk inc flu hosp,0,2025-12-27,25,quantile,0.35,628.4760978671603
2025-12-20,wk inc flu hosp,0,2025-12-27,25,quantile,0.4,677.5794895796195
2025-12-20,wk inc flu hosp,0,2025-12-27,25,quantile,0.45,729.2578816513437
2025-12-20,wk inc flu hosp,0,2025-12-27,25,quantile,0.5,777.8593079782996
2025-12-20,wk inc flu hosp,0,2025-12-27,25,quantile,0.55,818.5537203066558
2025-12-20,wk inc flu hosp,0,2025-12-27,25,quantile,0.6,872.7365959421608
2025-12-20,wk inc flu hosp,0,2025-12-27,25,quantile,0.65,917.0541127422995
2025-12-20,wk inc flu hosp,0,2025-12-27,25,quantile,0.7,976.8684464602926
2025-12-20,wk inc flu hosp,0,2025-12-27,25,quantile,0.75,1038.7792540673042
2025-12-20,wk inc flu hosp,0,2025-12-27,25,quantile,0.8,1088.1655616939288
2025-12-20,wk inc flu hosp,0,2025-12-27,25,quantile,0.85,1157.8043247058572
2025-12-20,wk inc flu hosp,0,2025-12-27,25,quantile,0.9,1277.582219846941
2025-12-20,wk inc flu hosp,0,2025-12-27,25,quantile,0.95,1554.2452212127425
2025-12-20,wk inc flu hosp,0,2025-12-27,25,quantile,0.975,1917.957050269762
2025-12-20,wk inc flu hosp,0,2025-12-27,25,quantile,0.99,2196.8643024379153
2025-12-20,wk inc flu hosp,0,2025-12-27,26,quantile,0.01,160.20658170130608
2025-12-20,wk inc flu hosp,0,2025-12-27,26,quantile,0.025,200.99233457145698
2025-12-20,wk inc flu hosp,0,2025-12-27,26,quantile,0.05,242.0470999585699
2025-12-20,wk inc flu hosp,0,2025-12-27,26,quantile,0.1,292.2030764828817
2025-12-20,wk inc flu hosp,0,2025-12-27,26,quantile,0.15,335.06807075026654
2025-12-20,wk inc flu hosp,0,2025-12-27,26,quantile,0.2,378.4611751616442
2025-12-20,wk inc flu hosp,0,2025-12-27,26,quantile,0.25,418.2038751996966
2025-12-20,wk inc flu hosp,0,2025-12-27,26,quantile,0.3,454.4488552177602
2025-12-20,wk inc flu hosp,0,2025-12-27,26,quantile,0.35,480.1702534115631
2025-12-20,wk inc flu hosp,0,2025-12-27,26,quantile,0.4,515.8715624116822
2025-12-20,wk inc flu hosp,0,2025-12-27,26,quantile,0.45,558.4574275268556
2025-12-20,wk inc flu hosp,0,2025-12-27,26,quantile,0.5,584.9576454509187
2025-12-20,wk inc flu hosp,0,2025-12-27,26,quantile,0.55,601.5864222712152
2025-12-20,wk inc flu hosp,0,2025-12-27,26,quantile,0.6,632.5581566170542
2025-12-20,wk inc flu hosp,0,2025-12-27,26,quantile,0.65,672.2075366356743
2025-12-20,wk inc flu hosp,0,2025-12-27,26,quantile,0.7,722.1934366502531
2025-12-20,wk inc flu hosp,0,2025-12-27,26,quantile,0.75,769.8563017931109
2025-12-20,wk inc flu hosp,0,2025-12-27,26,quantile,0.8,827.7782078393644
2025-12-20,wk inc flu hosp,0,2025-12-27,26,quantile,0.85,959.6550939431722
2025-12-20,wk inc flu hosp,0,2025-12-27,26,quantile,0.9,1113.6732553123309
2025-12-20,wk inc flu hosp,0,2025-12-27,26,quantile,0.95,1243.8569711409555
2025-12-20,wk inc flu hosp,0,2025-12-27,26,quantile,0.975,1441.4071098750912
2025-12-20,wk inc flu hosp,0,2025-12-27,26,quantile,0.99,1731.1981419939486
2025-12-20,wk inc flu hosp,0,2025-12-27,27,quantile,0.01,71.08846584018974
2025-12-20,wk inc flu hosp,0,2025-12-27,27,quantile,0.025,128.38358141328538
2025-12-20,wk inc flu hosp,0,2025-12-27,27,quantile,0.05,244.81818190656048
2025-12-20,wk inc flu hosp,0,2025-12-27,27,quantile,0.1,326.49902205987223
2025-12-20,wk inc flu hosp,0,2025-12-27,27,quantile,0.15,376.9774753194511
2025-12-20,wk inc flu hosp,0,2025-12-27,27,quantile,0.2,429.85173893804375
2025-12-20,wk inc flu hosp,0,2025-12-27,27,quantile,0.25,479.14665008414045
2025-12-20,wk inc flu hosp,0,2025-12-27,27,quantile,0.3,541.6062813268646
2025-12-20,wk inc flu hosp,0,2025-12-27,27,quantile,0.35,590.2835992746041
2025-12-20,wk inc flu hosp,0,2025-12-27,27,quantile,0.4,644.3471467897034
2025-12-20,wk inc flu hosp,0,2025-12-27,27,quantile,0.45,704.8380290591642
2025-12-20,wk inc flu hosp,0,2025-12-27,27,quantile,0.5,768.1715867462825
2025-12-20,wk inc flu hosp,0,2025-12-27,27,quantile,0.55,837.8321374986926
2025-12-20,wk inc flu hosp,0,2025-12-27,27,quantile,0.6,910.1898036224067
2025-12-20,wk inc flu hosp,0,2025-12-27,27,quantile,0.65,998.5529904874672
2025-12-20,wk inc flu hosp,0,2025-12-27,27,quantile,0.7,1112.1771058951533
2025-12-20,wk inc flu hosp,0,2025-12-27,27,quantile,0.75,1269.5977508023454
2025-12-20,wk inc flu hosp,0,2025-12-27,27,quantile,0.8,1364.9175202994913
2025-12-20,wk inc flu hosp,0,2025-12-27,27,quantile,0.85,1496.3762096155683
2025-12-20,wk inc flu hosp,0,2025-12-27,27,quantile,0.9,1712.5477062141535
2025-12-20,wk inc flu hosp,0,2025-12-27,27,quantile,0.95,2509.0991626413083
2025-12-20,wk inc flu hosp,0,2025-12-27,27,quantile,0.975,2951.1145010204764
2025-12-20,wk inc flu hosp,0,2025-12-27,27,quantile,0.99,2972.2463467965367
2025-12-20,wk inc flu hosp,0,2025-12-27,28,quantile,0.01,55.676335196369344
2025-12-20,wk inc flu hosp,0,2025-12-27,28,quantile,0.025,71.01621202812802
2025-12-20,wk inc flu hosp,0,2025-12-27,28,quantile,0.05,91.96883867324901
2025-12-20,wk inc flu hosp,0,2025-12-27,28,quantile,0.1,116.05194884963113
2025-12-20,wk inc flu hosp,0,2025-12-27,28,quantile,0.15,135.43136060536216
2025-12-20,wk inc flu hosp,0,2025-12-27,28,quantile,0.2,147.72377614711993
2025-12-20,wk inc flu hosp,0,2025-12-27,28,quantile,0.25,163.58720270416364
2025-12-20,wk inc flu hosp,0,2025-12-27,28,quantile,0.3,174.420503224447
2025-12-20,wk inc flu hosp,0,2025-12-27,28,quantile,0.35,185.4271403132064
2025-12-20,wk inc flu hosp,0,2025-12-27,28,quantile,0.4,195.16111450342737
2025-12-20,wk inc flu hosp,0,2025-12-27,28,quantile,0.45,206.19731172304904
2025-12-20,wk inc flu hosp,0,2025-12-27,28,quantile,0.5,220.95060171661544
2025-12-20,wk inc flu hosp,0,2025-12-27,28,quantile,0.55,238.2022621721955
2025-12-20,wk inc flu hosp,0,2025-12-27,28,quantile,0.6,252.1436802881024
2025-12-20,wk inc flu hosp,0,2025-12-27,28,quantile,0.65,264.1349107737399
2025-12-20,wk inc flu hosp,0,2025-12-27,28,quantile,0.7,286.5583459180064
2025-12-20,wk inc flu hosp,0,2025-12-27,28,quantile,0.75,306.0612141367243
2025-12-20,wk inc flu hosp,0,2025-12-27,28,quantile,0.8,328.78377471707506
2025-12-20,wk inc flu hosp,0,2025-12-27,28,quantile,0.85,361.67483448510404
2025-12-20,wk inc flu hosp,0,2025-12-27,28,quantile,0.9,393.5494337066141
2025-12-20,wk inc flu hosp,0,2025-12-27,28,quantile,0.95,461.4835038862472
2025-12-20,wk inc flu hosp,0,2025-12-27,28,quantile,0.975,524.7181274495166
2025-12-20,wk inc flu hosp,0,2025-12-27,28,quantile,0.99,621.4295257554795
2025-12-20,wk inc flu hosp,0,2025-12-27,29,quantile,0.01,66.72847628521018
2025-12-20,wk inc flu hosp,0,2025-12-27,29,quantile,0.025,79.67510669778785
2025-12-20,wk inc flu hosp,0,2025-12-27,29,quantile,0.05,96.45320503188981
2025-12-20,wk inc flu hosp,0,2025-12-27,29,quantile,0.1,119.15223201757222
2025-12-20,wk inc flu hosp,0,2025-12-27,29,quantile,0.15,132.80936732428802
2025-12-20,wk inc flu hosp,0,2025-12-27,29,quantile,0.2,143.77670512968712
2025-12-20,wk inc flu hosp,0,2025-12-27,29,quantile,0.25,150.35119541854758
2025-12-20,wk inc flu hosp,0,2025-12-27,29,quantile,0.3,158.86155195023824
2025-12-20,wk inc flu hosp,0,2025-12-27,29,quantile,0.35,166.988023033063
2025-12-20,wk inc flu hosp,0,2025-12-27,29,quantile,0.4,176.97750076869892
2025-12-20,wk inc flu hosp,0,2025-12-27,29,quantile,0.45,185.04873566176073
2025-12-20,wk inc flu hosp,0,2025-12-27,29,quantile,0.5,196.70489083513988
2025-12-20,wk inc flu hosp,0,2025-12-27,29,quantile,0.55,211.03898049123694
2025-12-20,wk inc flu hosp,0,2025-12-27,29,quantile,0.6,226.0850635041304
2025-12-20,wk inc flu hosp,0,2025-12-27,29,quantile,0.65,238.7363892287945
2025-12-20,wk inc flu hosp,0,2025-12-27,29,quantile,0.7,253.36876340943428
2025-12-20,wk inc flu hosp,0,2025-12-27,29,quantile,0.75,272.6813864253338
2025-12-20,wk inc flu hosp,0,2025-12-27,29,quantile,0.8,301.7717765425559
2025-12-20,wk inc flu hosp,0,2025-12-27,29,quantile,0.85,326.57432896292215
2025-12-20,wk inc flu hosp,0,2025-12-27,29,quantile,0.9,368.57518538616375
2025-12-20,wk inc flu hosp,0,2025-12-27,29,quantile,0.95,440.8876332069281
2025-12-20,wk inc flu hosp,0,2025-12-27,29,quantile,0.975,606.7548867455293
2025-12-20,wk inc flu hosp,0,2025-12-27,29,quantile,0.99,752.6420617522937
2025-12-20,wk inc flu hosp,0,2025-12-27,30,quantile,0.01,6.88042953842027
2025-12-20,wk inc flu hosp,0,2025-12-27,30,quantile,0.025,9.42905868457657
2025-12-20,wk inc flu hosp,0,2025-12-27,30,quantile,0.05,13.040231240781619
2025-12-20,wk inc flu hosp,0,2025-12-27,30,quantile,0.1,16.15881853996476
2025-12-20,wk inc flu hosp,0,2025-12-27,30,quantile,0.15,19.627493326171443
2025-12-20,wk inc flu hosp,0,2025-12-27,30,quantile,0.2,23.08466355034229
2025-12-20,wk inc flu hosp,0,2025-12-27,30,quantile,0.25,26.096065025606965
2025-12-20,wk inc flu hosp,0,2025-12-27,30,quantile,0.3,29.725987317126844
2025-12-20,wk inc flu hosp,0,2025-12-27,30,quantile,0.35,31.84536308447086
2025-12-20,wk inc flu hosp,0,2025-12-27,30,quantile,0.4,33.76165107757307
2025-12-20,wk inc flu hosp,0,2025-12-27,30,quantile,0.45,35.768808498748804
2025-12-20,wk inc flu hosp,0,2025-12-27,30,quantile,0.5,39.7217551676762
2025-12-20,wk inc flu hosp,0,2025-12-27,30,quantile,0.55,43.51202573183295
2025-12-20,wk inc flu hosp,0,2025-12-27,30,quantile,0.6,46.45194167441928
2025-12-20,wk inc flu hosp,0,2025-12-27,30,quantile,0.65,49.13656162854332
2025-12-20,wk inc flu hosp,0,2025-12-27,30,quantile,0.7,53.77958325400192
2025-12-20,wk inc flu hosp,0,2025-12-27,30,quantile,0.75,60.518215099269575
2025-12-20,wk inc flu hosp,0,2025-12-27,30,quantile,0.8,68.15963436604805
2025-12-20,wk inc flu hosp,0,2025-12-27,30,quantile,0.85,78.04951094404744
2025-12-20,wk inc flu hosp,0,2025-12-27,30,quantile,0.9,90.65806438060747
2025-12-20,wk inc flu hosp,0,2025-12-27,30,quantile,0.95,130.63719867167524
2025-12-20,wk inc flu hosp,0,2025-12-27,30,quantile,0.975,140.4622392058151
2025-12-20,wk inc flu hosp,0,2025-12-27,30,quantile,0.99,166.75523038838298
2025-12-20,wk inc flu hosp,0,2025-12-27,31,quantile,0.01,13.556731498337799
2025-12-20,wk inc flu hosp,0,2025-12-27,31,quantile,0.025,17.8484940414372
2025-12-20,wk inc flu hosp,0,2025-12-27,31,quantile,0.05,24.256424187462805
2025-12-20,wk inc flu hosp,0,2025-12-27,31,quantile,0.1,32.276891746141914
2025-12-20,wk inc flu hosp,0,2025-12-27,31,quantile,0.15,38.61273015202094
2025-12-20,wk inc flu hosp,0,2025-12-27,31,quantile,0.2,44.3484308854143
2025-12-20,wk inc flu hosp,0,2025-12-27,31,quantile,0.25,50.90688339530872
2025-12-20,wk inc flu hosp,0,2025-12-27,31,quantile,0.3,54.84975718165632
2025-12-20,wk inc flu hosp,0,2025-12-27,31,quantile,0.35,59.47466070312372
2025-12-20,wk inc flu hosp,0,2025-12-27,31,quantile,0.4,66.46114056257343
2025-12-20,wk inc flu hosp,0,2025-12-27,31,quantile,0.45,72.69226277809356
2025-12-20,wk inc flu hosp,0,2025-12-27,31,quantile,0.5,79.73093872994333
2025-12-20,wk inc flu hosp,0,2025-12-27,31,quantile,0.55,87.01199795598258
2025-12-20,wk inc flu hosp,0,2025-12-27,31,quantile,0.6,97.30795992133339
2025-12-20,wk inc flu hosp,0,2025-12-27,31,quantile,0.65,108.27602838148493
2025-12-20,wk inc flu hosp,0,2025-12-27,31,quantile,0.7,122.75909773365687
2025-12-20,wk inc flu hosp,0,2025-12-27,31,quantile,0.75,132.78698418423534
2025-12-20,wk inc flu hosp,0,2025-12-27,31,quantile,0.8,154.68339143608782
2025-12-20,wk inc flu hosp,0,2025-12-27,31,quantile,0.85,172.23082942087328
2025-12-20,wk inc flu hosp,0,2025-12-27,31,quantile,0.9,212.45130629116338
2025-12-20,wk inc flu hosp,0,2025-12-27,31,quantile,0.95,314.78631942177304
2025-12-20,wk inc flu hosp,0,2025-12-27,31,quantile,0.975,349.4398417912617
2025-12-20,wk inc flu hosp,0,2025-12-27,31,quantile,0.99,351.696553316947
2025-12-20,wk inc flu hosp,0,2025-12-27,32,quantile,0.01,51.148043546431005
2025-12-20,wk inc flu hosp,0,2025-12-27,32,quantile,0.025,54.014161987572834
2025-12-20,wk inc flu hosp,0,2025-12-27,32,quantile,0.05,63.91328280152312
2025-12-20,wk inc flu hosp,0,2025-12-27,32,quantile,0.1,77.01808868234284
2025-12-20,wk inc flu hosp,0,2025-12-27,32,quantile,0.15,83.71342445418571
2025-12-20,wk inc flu hosp,0,2025-12-27,32,quantile,0.2,90.83188807489557
2025-12-20,wk inc flu hosp,0,2025-12-27,32,quantile,0.25,97.62782073680243
2025-12-20,wk inc flu hosp,0,2025-12-27,32,quantile,0.3,103.30695840078684
2025-12-20,wk inc flu hosp,0,2025-12-27,32,quantile,0.35,110.66072153840778
2025-12-20,wk inc flu hosp,0,2025-12-27,32,quantile,0.4,118.50492645668153
2025-12-20,wk inc flu hosp,0,2025-12-27,32,quantile,0.45,126.85712762140962
2025-12-20,wk inc flu hosp,0,2025-12-27,32,quantile,0.5,136.43022812718368
2025-12-20,wk inc flu hosp,0,2025-12-27,32,quantile,0.55,146.32548910293414
2025-12-20,wk inc flu hosp,0,2025-12-27,32,quantile,0.6,159.44695991161
2025-12-20,wk inc flu hosp,0,2025-12-27,32,quantile,0.65,175.85850887678146
2025-12-20,wk inc flu hosp,0,2025-12-27,32,quantile,0.7,192.25118923510698
2025-12-20,wk inc flu hosp,0,2025-12-27,32,quantile,0.75,204.8729775332037
2025-12-20,wk inc flu hosp,0,2025-12-27,32,quantile,0.8,218.1898513943946
2025-12-20,wk inc flu hosp,0,2025-12-27,32,quantile,0.85,245.17107954464916
2025-12-20,wk inc flu hosp,0,2025-12-27,32,quantile,0.9,286.45596953462757
2025-12-20,wk inc flu hosp,0,2025-12-27,32,quantile,0.95,337.85451364396374
2025-12-20,wk inc flu hosp,0,2025-12-27,32,quantile,0.975,419.89875385248126
2025-12-20,wk inc flu hosp,0,2025-12-27,32,quantile,0.99,438.2834948464808
2025-12-20,wk inc flu hosp,0,2025-12-27,33,quantile,0.01,11.82434141085886
2025-12-20,wk inc flu hosp,0,2025-12-27,33,quantile,0.025,24.813547758887385
2025-12-20,wk inc flu hosp,0,2025-12-27,33,quantile,0.05,36.20103699304147
2025-12-20,wk inc flu hosp,0,2025-12-27,33,quantile,0.1,49.280193950299584
2025-12-20,wk inc flu hosp,0,2025-12-27,33,quantile,0.15,58.52990154082205
2025-12-20,wk inc flu hosp,0,2025-12-27,33,quantile,0.2,66.30648423337352
2025-12-20,wk inc flu hosp,0,2025-12-27,33,quantile,0.25,72.12481713806183
2025-12-20,wk inc flu hosp,0,2025-12-27,33,quantile,0.3,78.55052954915702
2025-12-20,wk inc flu hosp,0,2025-12-27,33,quantile,0.35,85.16992019504674
2025-12-20,wk inc flu hosp,0,2025-12-27,33,quantile,0.4,92.61355521800184
2025-12-20,wk inc flu hosp,0,2025-12-27,33,quantile,0.45,97.67700693220529
2025-12-20,wk inc flu hosp,0,2025-12-27,33,quantile,0.5,103.8203810414837
2025-12-20,wk inc flu hosp,0,2025-12-27,33,quantile,0.55,113.6303844050637
2025-12-20,wk inc flu hosp,0,2025-12-27,33,quantile,0.6,123.40737122386258
2025-12-20,wk inc flu hosp,0,2025-12-27,33,quantile,0.65,135.6415193503193
2025-12-20,wk inc flu hosp,0,2025-12-27,33,quantile,0.7,145.18634834544824
2025-12-20,wk inc flu hosp,0,2025-12-27,33,quantile,0.75,156.23722704032159
2025-12-20,wk inc flu hosp,0,2025-12-27,33,quantile,0.8,167.24826481146067
2025-12-20,wk inc flu hosp,0,2025-12-27,33,quantile,0.85,190.3748476460433
2025-12-20,wk inc flu hosp,0,2025-12-27,33,quantile,0.9,218.24392630468128
2025-12-20,wk inc flu hosp,0,2025-12-27,33,quantile,0.95,270.9181690778318
2025-12-20,wk inc flu hosp,0,2025-12-27,33,quantile,0.975,350.6383914744202
2025-12-20,wk inc flu hosp,0,2025-12-27,33,quantile,0.99,413.96612197771424
2025-12-20,wk inc flu hosp,0,2025-12-27,34,quantile,0.01,540.3086523746417
2025-12-20,wk inc flu hosp,0,2025-12-27,34,quantile,0.025,634.502804801138
2025-12-20,wk inc flu hosp,0,2025-12-27,34,quantile,0.05,685.8108987776039
2025-12-20,wk inc flu hosp,0,2025-12-27,34,quantile,0.1,782.7145055187651
2025-12-20,wk inc flu hosp,0,2025-12-27,34,quantile,0.15,878.2293789378882
2025-12-20,wk inc flu hosp,0,2025-12-27,34,quantile,0.2,967.4688432067012
2025-12-20,wk inc flu hosp,0,2025-12-27,34,quantile,0.25,1066.0876753747634
2025-12-20,wk inc flu hosp,0,2025-12-27,34,quantile,0.3,1161.4887340060402
2025-12-20,wk inc flu hosp,0,2025-12-27,34,quantile,0.35,1248.618255629912
2025-12-20,wk inc flu hosp,0,2025-12-27,34,quantile,0.4,1335.1800770476175
2025-12-20,wk inc flu hosp,0,2025-12-27,34,quantile,0.45,1428.5085218535387
2025-12-20,wk inc flu hosp,0,2025-12-27,34,quantile,0.5,1527.278450412825
2025-12-20,wk inc flu hosp,0,2025-12-27,34,quantile,0.55,1637.2030482650005
2025-12-20,wk inc flu hosp,0,2025-12-27,34,quantile,0.6,1775.8245399011246
2025-12-20,wk inc flu hosp,0,2025-12-27,34,quantile,0.65,1903.3556131660307
2025-12-20,wk inc flu hosp,0,2025-12-27,34,quantile,0.7,1997.839291949555
2025-12-20,wk inc flu hosp,0,2025-12-27,34,quantile,0.75,2127.7055409915424
2025-12-20,wk inc flu hosp,0,2025-12-27,34,quantile,0.8,2281.364512899713
2025-12-20,wk inc flu hosp,0,2025-12-27,34,quantile,0.85,2640.89039615994
2025-12-20,wk inc flu hosp,0,2025-12-27,34,quantile,0.9,3348.715863429598
2025-12-20,wk inc flu hosp,0,2025-12-27,34,quantile,0.95,4762.185191107708
2025-12-20,wk inc flu hosp,0,2025-12-27,34,quantile,0.975,5140.390575284839
2025-12-20,wk inc flu hosp,0,2025-12-27,34,quantile,0.99,5431.904466612093
2025-12-20,wk inc flu hosp,0,2025-12-27,35,quantile,0.01,28.539027290034007
2025-12-20,wk inc flu hosp,0,2025-12-27,35,quantile,0.025,43.090743862199766
2025-12-20,wk inc flu hosp,0,2025-12-27,35,quantile,0.05,56.81796019660101
2025-12-20,wk inc flu hosp,0,2025-12-27,35,quantile,0.1,85.43758391388792
2025-12-20,wk inc flu hosp,0,2025-12-27,35,quantile,0.15,107.61683281111287
2025-12-20,wk inc flu hosp,0,2025-12-27,35,quantile,0.2,123.34675965955103
2025-12-20,wk inc flu hosp,0,2025-12-27,35,quantile,0.25,139.2105611786459
2025-12-20,wk inc flu hosp,0,2025-12-27,35,quantile,0.3,153.83883527732488
2025-12-20,wk inc flu hosp,0,2025-12-27,35,quantile,0.35,167.137419711925
2025-12-20,wk inc flu hosp,0,2025-12-27,35,quantile,0.4,181.06669750711464
2025-12-20,wk inc flu hosp,0,2025-12-27,35,quantile,0.45,196.48098861620386
2025-12-20,wk inc flu hosp,0,2025-12-27,35,quantile,0.5,211.65766129119226
2025-12-20,wk inc flu hosp,0,2025-12-27,35,quantile,0.55,224.59463052010005
2025-12-20,wk inc flu hosp,0,2025-12-27,35,quantile,0.6,237.4208598871809
2025-12-20,wk inc flu hosp,0,2025-12-27,35,quantile,0.65,253.93152895644573
2025-12-20,wk inc flu hosp,0,2025-12-27,35,quantile,0.7,275.27863506810746
2025-12-20,wk inc flu hosp,0,2025-12-27,35,quantile,0.75,305.9886574830398
2025-12-20,wk inc flu hosp,0,2025-12-27,35,quantile,0.8,337.7147179005557
2025-12-20,wk inc flu hosp,0,2025-12-27,35,quantile,0.85,386.08106029775985
2025-12-20,wk inc flu hosp,0,2025-12-27,35,quantile,0.9,423.7570458280923
2025-12-20,wk inc flu hosp,0,2025-12-27,35,quantile,0.95,543.7550199030945
2025-12-20,wk inc flu hosp,0,2025-12-27,35,quantile,0.975,734.9914068603694
2025-12-20,wk inc flu hosp,0,2025-12-27,35,quantile,0.99,917.6113337993102
2025-12-20,wk inc flu hosp,0,2025-12-27,36,quantile,0.01,237.5288560626994
2025-12-20,wk inc flu hosp,0,2025-12-27,36,quantile,0.025,978.7537641643296
2025-12-20,wk inc flu hosp,0,2025-12-27,36,quantile,0.05,1315.9684566792312
2025-12-20,wk inc flu hosp,0,2025-12-27,36,quantile,0.1,1553.913623247765
2025-12-20,wk inc flu hosp,0,2025-12-27,36,quantile,0.15,1743.333863426397
2025-12-20,wk inc flu hosp,0,2025-12-27,36,quantile,0.2,1872.0023935281893
2025-12-20,wk inc flu hosp,0,2025-12-27,36,quantile,0.25,2029.7109676192076
2025-12-20,wk inc flu hosp,0,2025-12-27,36,quantile,0.3,2152.391474804446
2025-12-20,wk inc flu hosp,0,2025-12-27,36,quantile,0.35,2311.495000924043
2025-12-20,wk inc flu hosp,0,2025-12-27,36,quantile,0.4,2483.1763448856213
2025-12-20,wk inc flu hosp,0,2025-12-27,36,quantile,0.45,2660.824184358486
2025-12-20,wk inc flu hosp,0,2025-12-27,36,quantile,0.5,2843.372088775191
2025-12-20,wk inc flu hosp,0,2025-12-27,36,quantile,0.55,3051.5668622101102
2025-12-20,wk inc flu hosp,0,2025-12-27,36,quantile,0.6,3321.681801254205
2025-12-20,wk inc flu hosp,0,2025-12-27,36,quantile,0.65,3526.1731413024027
2025-12-20,wk inc flu hosp,0,2025-12-27,36,quantile,0.7,3816.377184340331
2025-12-20,wk inc flu hosp,0,2025-12-27,36,quantile,0.75,4111.106059210709
2025-12-20,wk inc flu hosp,0,2025-12-27,36,quantile,0.8,4862.76546576265
2025-12-20,wk inc flu hosp,0,2025-12-27,36,quantile,0.85,5685.675891958082
2025-12-20,wk inc flu hosp,0,2025-12-27,36,quantile,0.9,7101.440439955963
2025-12-20,wk inc flu hosp,0,2025-12-27,36,quantile,0.95,9033.867698616554
2025-12-20,wk inc flu hosp,0,2025-12-27,36,quantile,0.975,9803.486302686488
2025-12-20,wk inc flu hosp,0,2025-12-27,36,quantile,0.99,10083.732565787268
2025-12-20,wk inc flu hosp,0,2025-12-27,37,quantile,0.01,145.93246795148727
2025-12-20,wk inc flu hosp,0,2025-12-27,37,quantile,0.025,285.9646209786734
2025-12-20,wk inc flu hosp,0,2025-12-27,37,quantile,0.05,431.6922121567066
2025-12-20,wk inc flu hosp,0,2025-12-27,37,quantile,0.1,513.0342130713659
2025-12-20,wk inc flu hosp,0,2025-12-27,37,quantile,0.15,577.549728010176
2025-12-20,wk inc flu hosp,0,2025-12-27,37,quantile,0.2,636.3079736571202
2025-12-20,wk inc flu hosp,0,2025-12-27,37,quantile,0.25,693.2785673050056
2025-12-20,wk inc flu hosp,0,2025-12-27,37,quantile,0.3,761.0208286126025
2025-12-20,wk inc flu hosp,0,2025-12-27,37,quantile,0.35,842.233240414942
2025-12-20,wk inc flu hosp,0,2025-12-27,37,quantile,0.4,901.4002013159286
2025-12-20,wk inc flu hosp,0,2025-12-27,37,quantile,0.45,988.0293542282814
2025-12-20,wk inc flu hosp,0,2025-12-27,37,quantile,0.5,1051.2829708654263
2025-12-20,wk inc flu hosp,0,2025-12-27,37,quantile,0.55,1153.5503719077403
2025-12-20,wk inc flu hosp,0,2025-12-27,37,quantile,0.6,1263.943588714949
2025-12-20,wk inc flu hosp,0,2025-12-27,37,quantile,0.65,1374.5591043389097
2025-12-20,wk inc flu hosp,0,2025-12-27,37,quantile,0.7,1467.552851398621
2025-12-20,wk inc flu hosp,0,2025-12-27,37,quantile,0.75,1634.5192441620643
2025-12-20,wk inc flu hosp,0,2025-12-27,37,quantile,0.8,1951.3031159106376
2025-12-20,wk inc flu hosp,0,2025-12-27,37,quantile,0.85,2225.801713250367
2025-12-20,wk inc flu hosp,0,2025-12-27,37,quantile,0.9,2851.347160134411
2025-12-20,wk inc flu hosp,0,2025-12-27,37,quantile,0.95,3599.2294235025397
2025-12-20,wk inc flu hosp,0,2025-12-27,37,quantile,0.975,3976.5446796153683
2025-12-20,wk inc flu hosp,0,2025-12-27,37,quantile,0.99,4491.731460426029
2025-12-20,wk inc flu hosp,0,2025-12-27,38,quantile,0.01,11.704623744419557
2025-12-20,wk inc flu hosp,0,2025-12-27,38,quantile,0.025,14.70457700382024
2025-12-20,wk inc flu hosp,0,2025-12-27,38,quantile,0.05,19.44968840551599
2025-12-20,wk inc flu hosp,0,2025-12-27,38,quantile,0.1,24.745886648019454
2025-12-20,wk inc flu hosp,0,2025-12-27,38,quantile,0.15,27.086579169293508
2025-12-20,wk inc flu hosp,0,2025-12-27,38,quantile,0.2,30.9369594013604
2025-12-20,wk inc flu hosp,0,2025-12-27,38,quantile,0.25,33.90569038768185
2025-12-20,wk inc flu hosp,0,2025-12-27,38,quantile,0.3,37.99326832416754
2025-12-20,wk inc flu hosp,0,2025-12-27,38,quantile,0.35,42.82488034142262
2025-12-20,wk inc flu hosp,0,2025-12-27,38,quantile,0.4,47.26799426258639
2025-12-20,wk inc flu hosp,0,2025-12-27,38,quantile,0.45,52.5051808922078
2025-12-20,wk inc flu hosp,0,2025-12-27,38,quantile,0.5,57.273872549473495
2025-12-20,wk inc flu hosp,0,2025-12-27,38,quantile,0.55,62.84915082812299
2025-12-20,wk inc flu hosp,0,2025-12-27,38,quantile,0.6,71.00469569487461
2025-12-20,wk inc flu hosp,0,2025-12-27,38,quantile,0.65,80.97505325609184
2025-12-20,wk inc flu hosp,0,2025-12-27,38,quantile,0.7,89.9996244869685
2025-12-20,wk inc flu hosp,0,2025-12-27,38,quantile,0.75,102.89362981211913
2025-12-20,wk inc flu hosp,0,2025-12-27,38,quantile,0.8,115.19224789305015
2025-12-20,wk inc flu hosp,0,2025-12-27,38,quantile,0.85,130.5284668000262
2025-12-20,wk inc flu hosp,0,2025-12-27,38,quantile,0.9,152.6546088188875
2025-12-20,wk inc flu hosp,0,2025-12-27,38,quantile,0.95,191.37281355881464
2025-12-20,wk inc flu hosp,0,2025-12-27,38,quantile,0.975,233.00326212457966
2025-12-20,wk inc flu hosp,0,2025-12-27,38,quantile,0.99,255.8124913930459
2025-12-20,wk inc flu hosp,0,2025-12-27,39,quantile,0.01,192.93166127151798
2025-12-20,wk inc flu hosp,0,2025-12-27,39,quantile,0.025,368.85135732395474
2025-12-20,wk inc flu hosp,0,2025-12-27,39,quantile,0.05,447.3311424067946
2025-12-20,wk inc flu hosp,0,2025-12-27,39,quantile,0.1,525.2677460956289
2025-12-20,wk inc flu hosp,0,2025-12-27,39,quantile,0.15,605.4741277504925
2025-12-20,wk inc flu hosp,0,2025-12-27,39,quantile,0.2,659.6455954760754
2025-12-20,wk inc flu hosp,0,2025-12-27,39,quantile,0.25,714.8654293682558
2025-12-20,wk inc flu hosp,0,2025-12-27,39,quantile,0.3,774.9168495431159
2025-12-20,wk inc flu hosp,0,2025-12-27,39,quantile,0.35,847.6757000138623
2025-12-20,wk inc flu hosp,0,2025-12-27,39,quantile,0.4,928.9534668229646
2025-12-20,wk inc flu hosp,0,2025-12-27,39,quantile,0.45,1012.5830012584238
2025-12-20,wk inc flu hosp,0,2025-12-27,39,quantile,0.5,1112.7737077175414
2025-12-20,wk inc flu hosp,0,2025-12-27,39,quantile,0.55,1223.4673104825006
2025-12-20,wk inc flu hosp,0,2025-12-27,39,quantile,0.6,1355.6832717354175
2025-12-20,wk inc flu hosp,0,2025-12-27,39,quantile,0.65,1471.6269714963191
2025-12-20,wk inc flu hosp,0,2025-12-27,39,quantile,0.7,1645.0048956340115
2025-12-20,wk inc flu hosp,0,2025-12-27,39,quantile,0.75,1797.3751800594468
2025-12-20,wk inc flu hosp,0,2025-12-27,39,quantile,0.8,2020.2737888294007
2025-12-20,wk inc flu hosp,0,2025-12-27,39,quantile,0.85,2278.1324431024004
2025-12-20,wk inc flu hosp,0,2025-12-27,39,quantile,0.9,2545.670862854941
2025-12-20,wk inc flu hosp,0,2025-12-27,39,quantile,0.95,3019.836983949645
2025-12-20,wk inc flu hosp,0,2025-12-27,39,quantile,0.975,3598.908481160341
2025-12-20,wk inc flu hosp,0,2025-12-27,39,quantile,0.99,4145.847349858569
2025-12-20,wk inc flu hosp,0,2025-12-27,40,quantile,0.01,14.989347200794777
2025-12-20,wk inc flu hosp,0,2025-12-27,40,quantile,0.025,20.72101511737729
2025-12-20,wk inc flu hosp,0,2025-12-27,40,quantile,0.05,25.37979961557603
2025-12-20,wk inc flu hosp,0,2025-12-27,40,quantile,0.1,32.57147550550261
2025-12-20,wk inc flu hosp,0,2025-12-27,40,quantile,0.15,36.343344458826856
2025-12-20,wk inc flu hosp,0,2025-12-27,40,quantile,0.2,40.19024299561252
2025-12-20,wk inc flu hosp,0,2025-12-27,40,quantile,0.25,44.803698395115276
2025-12-20,wk inc flu hosp,0,2025-12-27,40,quantile,0.3,49.565580739718655
2025-12-20,wk inc flu hosp,0,2025-12-27,40,quantile,0.35,54.00212356354208
2025-12-20,wk inc flu hosp,0,2025-12-27,40,quantile,0.4,57.9412718638943
2025-12-20,wk inc flu hosp,0,2025-12-27,40,quantile,0.45,61.48991239809928
2025-12-20,wk inc flu hosp,0,2025-12-27,40,quantile,0.5,64.70618466102788
2025-12-20,wk inc flu hosp,0,2025-12-27,40,quantile,0.55,68.15029673591835
2025-12-20,wk inc flu hosp,0,2025-12-27,40,quantile,0.6,73.64171081845699
2025-12-20,wk inc flu hosp,0,2025-12-27,40,quantile,0.65,78.01787770630563
2025-12-20,wk inc flu hosp,0,2025-12-27,40,quantile,0.7,82.94633805219273
2025-12-20,wk inc flu hosp,0,2025-12-27,40,quantile,0.75,90.65029009585821
2025-12-20,wk inc flu hosp,0,2025-12-27,40,quantile,0.8,100.10475288328945
2025-12-20,wk inc flu hosp,0,2025-12-27,40,quantile,0.85,111.21669024623823
2025-12-20,wk inc flu hosp,0,2025-12-27,40,quantile,0.9,129.71032873640272
2025-12-20,wk inc flu hosp,0,2025-12-27,40,quantile,0.95,147.0590763377004
2025-12-20,wk inc flu hosp,0,2025-12-27,40,quantile,0.975,176.0948196441683
2025-12-20,wk inc flu hosp,0,2025-12-27,40,quantile,0.99,240.77038265261942
2025-12-20,wk inc flu hosp,0,2025-12-27,41,quantile,0.01,17.492277476995362
2025-12-20,wk inc flu hosp,0,2025-12-27,41,quantile,0.025,18.029177524923913
2025-12-20,wk inc flu hosp,0,2025-12-27,41,quantile,0.05,19.308070306812407
2025-12-20,wk inc flu hosp,0,2025-12-27,41,quantile,0.1,24.156986252978466
2025-12-20,wk inc flu hosp,0,2025-12-27,41,quantile,0.15,27.264604531068848
2025-12-20,wk inc flu hosp,0,2025-12-27,41,quantile,0.2,29.264965500383866
2025-12-20,wk inc flu hosp,0,2025-12-27,41,quantile,0.25,31.559382225266635
2025-12-20,wk inc flu hosp,0,2025-12-27,41,quantile,0.3,34.817447869284486
2025-12-20,wk inc flu hosp,0,2025-12-27,41,quantile,0.35,37.981434533043746
2025-12-20,wk inc flu hosp,0,2025-12-27,41,quantile,0.4,41.12448797010047
2025-12-20,wk inc flu hosp,0,2025-12-27,41,quantile,0.45,43.55741938140109
2025-12-20,wk inc flu hosp,0,2025-12-27,41,quantile,0.5,45.95775444719979
2025-12-20,wk inc flu hosp,0,2025-12-27,41,quantile,0.55,48.29629225669476
2025-12-20,wk inc flu hosp,0,2025-12-27,41,quantile,0.6,50.76118912259401
2025-12-20,wk inc flu hosp,0,2025-12-27,41,quantile,0.65,53.71267319850071
2025-12-20,wk inc flu hosp,0,2025-12-27,41,quantile,0.7,58.44600339089583
2025-12-20,wk inc flu hosp,0,2025-12-27,41,quantile,0.75,63.43348705945649
2025-12-20,wk inc flu hosp,0,2025-12-27,41,quantile,0.8,68.68960117510804
2025-12-20,wk inc flu hosp,0,2025-12-27,41,quantile,0.85,75.54442260553519
2025-12-20,wk inc flu hosp,0,2025-12-27,41,quantile,0.9,85.29753611899524
2025-12-20,wk inc flu hosp,0,2025-12-27,41,quantile,0.95,105.34825131129114
2025-12-20,wk inc flu hosp,0,2025-12-27,41,quantile,0.975,120.8987845761354
2025-12-20,wk inc flu hosp,0,2025-12-27,41,quantile,0.99,134.55834033405046
2025-12-20,wk inc flu hosp,0,2025-12-27,42,quantile,0.01,466.22826146351605
2025-12-20,wk inc flu hosp,0,2025-12-27,42,quantile,0.025,643.8021946036572
2025-12-20,wk inc flu hosp,0,2025-12-27,42,quantile,0.05,775.0092153740537
2025-12-20,wk inc flu hosp,0,2025-12-27,42,quantile,0.1,891.3949587993496
2025-12-20,wk inc flu hosp,0,2025-12-27,42,quantile,0.15,1008.2343073872747
2025-12-20,wk inc flu hosp,0,2025-12-27,42,quantile,0.2,1114.045738875238
2025-12-20,wk inc flu hosp,0,2025-12-27,42,quantile,0.25,1212.4411618678323
2025-12-20,wk inc flu hosp,0,2025-12-27,42,quantile,0.3,1309.584675055388
2025-12-20,wk inc flu hosp,0,2025-12-27,42,quantile,0.35,1401.6804582340094
2025-12-20,wk inc flu hosp,0,2025-12-27,42,quantile,0.4,1521.0450270136416
2025-12-20,wk inc flu hosp,0,2025-12-27,42,quantile,0.45,1611.125984466161
2025-12-20,wk inc flu hosp,0,2025-12-27,42,quantile,0.5,1725.21716794143
2025-12-20,wk inc flu hosp,0,2025-12-27,42,quantile,0.55,1805.5731385795984
2025-12-20,wk inc flu hosp,0,2025-12-27,42,quantile,0.6,1940.6058867718439
2025-12-20,wk inc flu hosp,0,2025-12-27,42,quantile,0.65,2125.841189814254
2025-12-20,wk inc flu hosp,0,2025-12-27,42,quantile,0.7,2258.4097026522513
2025-12-20,wk inc flu hosp,0,2025-12-27,42,quantile,0.75,2389.4828037251223
2025-12-20,wk inc flu hosp,0,2025-12-27,42,quantile,0.8,2590.037760260161
2025-12-20,wk inc flu hosp,0,2025-12-27,42,quantile,0.85,2999.7232272045308
2025-12-20,wk inc flu hosp,0,2025-12-27,42,quantile,0.9,3432.763169026277
2025-12-20,wk inc flu hosp,0,2025-12-27,42,quantile,0.95,4029.1968489630117
2025-12-20,wk inc flu hosp,0,2025-12-27,42,quantile,0.975,4807.147296374507
2025-12-20,wk inc flu hosp,0,2025-12-27,42,quantile,0.99,5329.509277157627
2025-12-20,wk inc flu hosp,0,2025-12-27,44,quantile,0.01,18.964490750842792
2025-12-20,wk inc flu hosp,0,2025-12-27,44,quantile,0.025,23.809368679452014
2025-12-20,wk inc flu hosp,0,2025-12-27,44,quantile,0.05,32.494580345652444
2025-12-20,wk inc flu hosp,0,2025-12-27,44,quantile,0.1,47.419333669664894
2025-12-20,wk inc flu hosp,0,2025-12-27,44,quantile,0.15,58.99247694902451
2025-12-20,wk inc flu hosp,0,2025-12-27,44,quantile,0.2,67.87567700692028
2025-12-20,wk inc flu hosp,0,2025-12-27,44,quantile,0.25,77.13432046581772
2025-12-20,wk inc flu hosp,0,2025-12-27,44,quantile,0.3,85.88828127636677
2025-12-20,wk inc flu hosp,0,2025-12-27,44,quantile,0.35,94.35609956331244
2025-12-20,wk inc flu hosp,0,2025-12-27,44,quantile,0.4,102.88304569146563
2025-12-20,wk inc flu hosp,0,2025-12-27,44,quantile,0.45,110.4852506497365
2025-12-20,wk inc flu hosp,0,2025-12-27,44,quantile,0.5,121.32700654445425
2025-12-20,wk inc flu hosp,0,2025-12-27,44,quantile,0.55,136.1270897818636
2025-12-20,wk inc flu hosp,0,2025-12-27,44,quantile,0.6,152.77441558335224
2025-12-20,wk inc flu hosp,0,2025-12-27,44,quantile,0.65,168.349614042091
2025-12-20,wk inc flu hosp,0,2025-12-27,44,quantile,0.7,184.04990348704493
2025-12-20,wk inc flu hosp,0,2025-12-27,44,quantile,0.75,205.28681710026143
2025-12-20,wk inc flu hosp,0,2025-12-27,44,quantile,0.8,241.15098056425188
2025-12-20,wk inc flu hosp,0,2025-12-27,44,quantile,0.85,297.5245645963473
2025-12-20,wk inc flu hosp,0,2025-12-27,44,quantile,0.9,417.4663484801106
2025-12-20,wk inc flu hosp,0,2025-12-27,44,quantile,0.95,574.1730913603709
2025-12-20,wk inc flu hosp,0,2025-12-27,44,quantile,0.975,713.9574243686263
2025-12-20,wk inc flu hosp,0,2025-12-27,44,quantile,0.99,735.7661776787261
2025-12-20,wk inc flu hosp,0,2025-12-27,45,quantile,0.01,133.44396802768117
2025-12-20,wk inc flu hosp,0,2025-12-27,45,quantile,0.025,163.65495851622407
2025-12-20,wk inc flu hosp,0,2025-12-27,45,quantile,0.05,190.14980324025512
2025-12-20,wk inc flu hosp,0,2025-12-27,45,quantile,0.1,227.27264447400512
2025-12-20,wk inc flu hosp,0,2025-12-27,45,quantile,0.15,264.43967650589497
2025-12-20,wk inc flu hosp,0,2025-12-27,45,quantile,0.2,311.2273777836423
2025-12-20,wk inc flu hosp,0,2025-12-27,45,quantile,0.25,356.87702759841517
2025-12-20,wk inc flu hosp,0,2025-12-27,45,quantile,0.3,395.68468283453734
2025-12-20,wk inc flu hosp,0,2025-12-27,45,quantile,0.35,428.2322771283303
2025-12-20,wk inc flu hosp,0,2025-12-27,45,quantile,0.4,466.91725145096973
2025-12-20,wk inc flu hosp,0,2025-12-27,45,quantile,0.45,508.93002457878737
2025-12-20,wk inc flu hosp,0,2025-12-27,45,quantile,0.5,557.6045455441196
2025-12-20,wk inc flu hosp,0,2025-12-27,45,quantile,0.55,598.6515122643598
2025-12-20,wk inc flu hosp,0,2025-12-27,45,quantile,0.6,651.3076559126682
2025-12-20,wk inc flu hosp,0,2025-12-27,45,quantile,0.65,719.7818478472919
2025-12-20,wk inc flu hosp,0,2025-12-27,45,quantile,0.7,792.0443673061762
2025-12-20,wk inc flu hosp,0,2025-12-27,45,quantile,0.75,873.2195293186373
2025-12-20,wk inc flu hosp,0,2025-12-27,45,quantile,0.8,958.6466312999527
2025-12-20,wk inc flu hosp,0,2025-12-27,45,quantile,0.85,1067.471176160035
2025-12-20,wk inc flu hosp,0,2025-12-27,45,quantile,0.9,1186.5477024118343
2025-12-20,wk inc flu hosp,0,2025-12-27,45,quantile,0.95,1454.4348799025292
2025-12-20,wk inc flu hosp,0,2025-12-27,45,quantile,0.975,1758.7659585574006
2025-12-20,wk inc flu hosp,0,2025-12-27,45,quantile,0.99,1819.3975327236474
2025-12-20,wk inc flu hosp,0,2025-12-27,46,quantile,0.01,4.088351996229496
2025-12-20,wk inc flu hosp,0,2025-12-27,46,quantile,0.025,4.8305175282267765
2025-12-20,wk inc flu hosp,0,2025-12-27,46,quantile,0.05,7.2055599360475435
2025-12-20,wk inc flu hosp,0,2025-12-27,46,quantile,0.1,9.042603277976745
2025-12-20,wk inc flu hosp,0,2025-12-27,46,quantile,0.15,11.196867053106201
2025-12-20,wk inc flu hosp,0,2025-12-27,46,quantile,0.2,13.89202704970042
2025-12-20,wk inc flu hosp,0,2025-12-27,46,quantile,0.25,16.80459181144968
2025-12-20,wk inc flu hosp,0,2025-12-27,46,quantile,0.3,20.23429061691468
2025-12-20,wk inc flu hosp,0,2025-12-27,46,quantile,0.35,23.087616368498033
2025-12-20,wk inc flu hosp,0,2025-12-27,46,quantile,0.4,25.35287784263383
2025-12-20,wk inc flu hosp,0,2025-12-27,46,quantile,0.45,28.09552248747557
2025-12-20,wk inc flu hosp,0,2025-12-27,46,quantile,0.5,30.430971194442353
2025-12-20,wk inc flu hosp,0,2025-12-27,46,quantile,0.55,32.64578557846334
2025-12-20,wk inc flu hosp,0,2025-12-27,46,quantile,0.6,35.1214019339972
2025-12-20,wk inc flu hosp,0,2025-12-27,46,quantile,0.65,38.16303540877204
2025-12-20,wk inc flu hosp,0,2025-12-27,46,quantile,0.7,41.78545076716679
2025-12-20,wk inc flu hosp,0,2025-12-27,46,quantile,0.75,46.29188439701684
2025-12-20,wk inc flu hosp,0,2025-12-27,46,quantile,0.8,52.90699903929299
2025-12-20,wk inc flu hosp,0,2025-12-27,46,quantile,0.85,60.92504913646187
2025-12-20,wk inc flu hosp,0,2025-12-27,46,quantile,0.9,66.88276874491187
2025-12-20,wk inc flu hosp,0,2025-12-27,46,quantile,0.95,84.05956932963376
2025-12-20,wk inc flu hosp,0,2025-12-27,46,quantile,0.975,92.52664796311261
2025-12-20,wk inc flu hosp,0,2025-12-27,46,quantile,0.99,118.77666325206994
2025-12-20,wk inc flu hosp,0,2025-12-27,47,quantile,0.01,117.07653132400262
2025-12-20,wk inc flu hosp,0,2025-12-27,47,quantile,0.025,153.15722733505623
2025-12-20,wk inc flu hosp,0,2025-12-27,47,quantile,0.05,169.55601433984222
2025-12-20,wk inc flu hosp,0,2025-12-27,47,quantile,0.1,202.06126270279293
2025-12-20,wk inc flu hosp,0,2025-12-27,47,quantile,0.15,237.92597652497238
2025-12-20,wk inc flu hosp,0,2025-12-27,47,quantile,0.2,267.140930812345
2025-12-20,wk inc flu hosp,0,2025-12-27,47,quantile,0.25,293.05699789866185
2025-12-20,wk inc flu hosp,0,2025-12-27,47,quantile,0.3,312.27590775038146
2025-12-20,wk inc flu hosp,0,2025-12-27,47,quantile,0.35,333.1318406038981
2025-12-20,wk inc flu hosp,0,2025-12-27,47,quantile,0.4,361.6159046329463
2025-12-20,wk inc flu hosp,0,2025-12-27,47,quantile,0.45,389.29899523261076
2025-12-20,wk inc flu hosp,0,2025-12-27,47,quantile,0.5,419.488923782163
2025-12-20,wk inc flu hosp,0,2025-12-27,47,quantile,0.55,457.397546486895
2025-12-20,wk inc flu hosp,0,2025-12-27,47,quantile,0.6,495.8411512422488
2025-12-20,wk inc flu hosp,0,2025-12-27,47,quantile,0.65,547.602868528602
2025-12-20,wk inc flu hosp,0,2025-12-27,47,quantile,0.7,584.0324016213056
2025-12-20,wk inc flu hosp,0,2025-12-27,47,quantile,0.75,621.9648837556779
2025-12-20,wk inc flu hosp,0,2025-12-27,47,quantile,0.8,693.5140009776646
2025-12-20,wk inc flu hosp,0,2025-12-27,47,quantile,0.85,786.759381225353
2025-12-20,wk inc flu hosp,0,2025-12-27,47,quantile,0.9,976.2363322376902
2025-12-20,wk inc flu hosp,0,2025-12-27,47,quantile,0.95,1096.5766666844997
2025-12-20,wk inc flu hosp,0,2025-12-27,47,quantile,0.975,1220.6529317704062
2025-12-20,wk inc flu hosp,0,2025-12-27,47,quantile,0.99,1294.6874038228234
2025-12-20,wk inc flu hosp,0,2025-12-27,48,quantile,0.01,365.95385302390173
2025-12-20,wk inc flu hosp,0,2025-12-27,48,quantile,0.025,559.9673283537752
2025-12-20,wk inc flu hosp,0,2025-12-27,48,quantile,0.05,730.9942220441732
2025-12-20,wk inc flu hosp,0,2025-12-27,48,quantile,0.1,954.0441169186022
2025-12-20,wk inc flu hosp,0,2025-12-27,48,quantile,0.15,1083.676774703391
2025-12-20,wk inc flu hosp,0,2025-12-27,48,quantile,0.2,1221.0706763613964
2025-12-20,wk inc flu hosp,0,2025-12-27,48,quantile,0.25,1305.037111429916
2025-12-20,wk inc flu hosp,0,2025-12-27,48,quantile,0.3,1394.0282735417118
2025-12-20,wk inc flu hosp,0,2025-12-27,48,quantile,0.35,1470.0790197213646
2025-12-20,wk inc flu hosp,0,2025-12-27,48,quantile,0.4,1533.3324336834366
2025-12-20,wk inc flu hosp,0,2025-12-27,48,quantile,0.45,1589.9039940456603
2025-12-20,wk inc flu hosp,0,2025-12-27,48,quantile,0.5,1682.528645475086
2025-12-20,wk inc flu hosp,0,2025-12-27,48,quantile,0.55,1796.0671739661243
2025-12-20,wk inc flu hosp,0,2025-12-27,48,quantile,0.6,1910.756906102563
2025-12-20,wk inc flu hosp,0,2025-12-27,48,quantile,0.65,2015.9190159418008
2025-12-20,wk inc flu hosp,0,2025-12-27,48,quantile,0.7,2175.0849964871345
2025-12-20,wk inc flu hosp,0,2025-12-27,48,quantile,0.75,2423.675046938869
2025-12-20,wk inc flu hosp,0,2025-12-27,48,quantile,0.8,2628.8257080911835
2025-12-20,wk inc flu hosp,0,2025-12-27,48,quantile,0.85,2818.636364302084
2025-12-20,wk inc flu hosp,0,2025-12-27,48,quantile,0.9,3201.229236391576
2025-12-20,wk inc flu hosp,0,2025-12-27,48,quantile,0.95,3749.8909954814503
2025-12-20,wk inc flu hosp,0,2025-12-27,48,quantile,0.975,4417.328842504043
2025-12-20,wk inc flu hosp,0,2025-12-27,48,quantile,0.99,5355.459931460914
2025-12-20,wk inc flu hosp,0,2025-12-27,49,quantile,0.01,27.227279303844202
2025-12-20,wk inc flu hosp,0,2025-12-27,49,quantile,0.025,43.747438728916826
2025-12-20,wk inc flu hosp,0,2025-12-27,49,quantile,0.05,57.39368159230617
2025-12-20,wk inc flu hosp,0,2025-12-27,49,quantile,0.1,73.93325552906154
2025-12-20,wk inc flu hosp,0,2025-12-27,49,quantile,0.15,87.81457205019575
2025-12-20,wk inc flu hosp,0,2025-12-27,49,quantile,0.2,101.49895970877098
2025-12-20,wk inc flu hosp,0,2025-12-27,49,quantile,0.25,113.29101194875454
2025-12-20,wk inc flu hosp,0,2025-12-27,49,quantile,0.3,127.71408661725097
2025-12-20,wk inc flu hosp,0,2025-12-27,49,quantile,0.35,137.2489029715099
2025-12-20,wk inc flu hosp,0,2025-12-27,49,quantile,0.4,147.92162685909264
2025-12-20,wk inc flu hosp,0,2025-12-27,49,quantile,0.45,159.31899748158546
2025-12-20,wk inc flu hosp,0,2025-12-27,49,quantile,0.5,172.11215893325493
2025-12-20,wk inc flu hosp,0,2025-12-27,49,quantile,0.55,191.10671691732426
2025-12-20,wk inc flu hosp,0,2025-12-27,49,quantile,0.6,208.6201370784193
2025-12-20,wk inc flu hosp,0,2025-12-27,49,quantile,0.65,228.2798072019652
2025-12-20,wk inc flu hosp,0,2025-12-27,49,quantile,0.7,249.86374210787764
2025-12-20,wk inc flu hosp,0,2025-12-27,49,quantile,0.75,277.3482395320787
2025-12-20,wk inc flu hosp,0,2025-12-27,49,quantile,0.8,302.56498762660425
2025-12-20,wk inc flu hosp,0,2025-12-27,49,quantile,0.85,335.5267160420146
2025-12-20,wk inc flu hosp,0,2025-12-27,49,quantile,0.9,366.94345700867063
2025-12-20,wk inc flu hosp,0,2025-12-27,49,quantile,0.95,439.82025171274137
2025-12-20,wk inc flu hosp,0,2025-12-27,49,quantile,0.975,517.6544946307625
2025-12-20,wk inc flu hosp,0,2025-12-27,49,quantile,0.99,656.8706356984399
2025-12-20,wk inc flu hosp,0,2025-12-27,50,quantile,0.01,1.384609050620822
2025-12-20,wk inc flu hosp,0,2025-12-27,50,quantile,0.025,1.8752612689916133
2025-12-20,wk inc flu hosp,0,2025-12-27,50,quantile,0.05,2.235124954623709
2025-12-20,wk inc flu hosp,0,2025-12-27,50,quantile,0.1,4.152022952642036
2025-12-20,wk inc flu hosp,0,2025-12-27,50,quantile,0.15,5.467315092030522
2025-12-20,wk inc flu hosp,0,2025-12-27,50,quantile,0.2,6.673896339808683
2025-12-20,wk inc flu hosp,0,2025-12-27,50,quantile,0.25,8.191381023879542
2025-12-20,wk inc flu hosp,0,2025-12-27,50,quantile,0.3,9.142985671658314
2025-12-20,wk inc flu hosp,0,2025-12-27,50,quantile,0.35,10.124880719066038
2025-12-20,wk inc flu hosp,0,2025-12-27,50,quantile,0.4,11.20492523402662
2025-12-20,wk inc flu hosp,0,2025-12-27,50,quantile,0.45,12.532454033265406
2025-12-20,wk inc flu hosp,0,2025-12-27,50,quantile,0.5,13.743303205838682
2025-12-20,wk inc flu hosp,0,2025-12-27,50,quantile,0.55,14.773394048816213
2025-12-20,wk inc flu hosp,0,2025-12-27,50,quantile,0.6,15.879040523612316
2025-12-20,wk inc flu hosp,0,2025-12-27,50,quantile,0.65,17.74801606157152
2025-12-20,wk inc flu hosp,0,2025-12-27,50,quantile,0.7,19.70932657611701
2025-12-20,wk inc flu hosp,0,2025-12-27,50,quantile,0.75,22.172810632933988
2025-12-20,wk inc flu hosp,0,2025-12-27,50,quantile,0.8,24.664937149928114
2025-12-20,wk inc flu hosp,0,2025-12-27,50,quantile,0.85,27.56260653785287
2025-12-20,wk inc flu hosp,0,2025-12-27,50,quantile,0.9,33.077983312758185
2025-12-20,wk inc flu hosp,0,2025-12-27,50,quantile,0.95,45.90993517175675
2025-12-20,wk inc flu hosp,0,2025-12-27,50,quantile,0.975,55.63367728877424
2025-12-20,wk inc flu hosp,0,2025-12-27,50,quantile,0.99,56.68319776184765
2025-12-20,wk inc flu hosp,0,2025-12-27,51,quantile,0.01,142.92905172156892
2025-12-20,wk inc flu hosp,0,2025-12-27,51,quantile,0.025,185.27184249959825
2025-12-20,wk inc flu hosp,0,2025-12-27,51,quantile,0.05,231.76417507635924
2025-12-20,wk inc flu hosp,0,2025-12-27,51,quantile,0.1,262.5795247536028
2025-12-20,wk inc flu hosp,0,2025-12-27,51,quantile,0.15,298.29457286822384
2025-12-20,wk inc flu hosp,0,2025-12-27,51,quantile,0.2,334.7178488437258
2025-12-20,wk inc flu hosp,0,2025-12-27,51,quantile,0.25,366.88123904495546
2025-12-20,wk inc flu hosp,0,2025-12-27,51,quantile,0.3,393.62335915316777
2025-12-20,wk inc flu hosp,0,2025-12-27,51,quantile,0.35,421.56630725523115
2025-12-20,wk inc flu hosp,0,2025-12-27,51,quantile,0.4,450.66760842951186
2025-12-20,wk inc flu hosp,0,2025-12-27,51,quantile,0.45,482.0832814369592
2025-12-20,wk inc flu hosp,0,2025-12-27,51,quantile,0.5,517.589508626628
2025-12-20,wk inc flu hosp,0,2025-12-27,51,quantile,0.55,552.7182747567651
2025-12-20,wk inc flu hosp,0,2025-12-27,51,quantile,0.6,596.6234268226743
2025-12-20,wk inc flu hosp,0,2025-12-27,51,quantile,0.65,619.7540021468276
2025-12-20,wk inc flu hosp,0,2025-12-27,51,quantile,0.7,660.1282228664157
2025-12-20,wk inc flu hosp,0,2025-12-27,51,quantile,0.75,705.0701466623866
2025-12-20,wk inc flu hosp,0,2025-12-27,51,quantile,0.8,745.7913914728899
2025-12-20,wk inc flu hosp,0,2025-12-27,51,quantile,0.85,797.5026115098427
2025-12-20,wk inc flu hosp,0,2025-12-27,51,quantile,0.9,860.5571109786949
2025-12-20,wk inc flu hosp,0,2025-12-27,51,quantile,0.95,966.5298624278529
2025-12-20,wk inc flu hosp,0,2025-12-27,51,quantile,0.975,1029.9132389394506
2025-12-20,wk inc flu hosp,0,2025-12-27,51,quantile,0.99,1191.2878608483684
2025-12-20,wk inc flu hosp,0,2025-12-27,53,quantile,0.01,17.643207909656912
2025-12-20,wk inc flu hosp,0,2025-12-27,53,quantile,0.025,52.860394529390376
2025-12-20,wk inc flu hosp,0,2025-12-27,53,quantile,0.05,66.32613573124547
2025-12-20,wk inc flu hosp,0,2025-12-27,53,quantile,0.1,83.06879259175426
2025-12-20,wk inc flu hosp,0,2025-12-27,53,quantile,0.15,90.23012976616246
2025-12-20,wk inc flu hosp,0,2025-12-27,53,quantile,0.2,103.2439460333337
2025-12-20,wk inc flu hosp,0,2025-12-27,53,quantile,0.25,116.74163602221547
2025-12-20,wk inc flu hosp,0,2025-12-27,53,quantile,0.3,131.99531650411194
2025-12-20,wk inc flu hosp,0,2025-12-27,53,quantile,0.35,143.84995644742224
2025-12-20,wk inc flu hosp,0,2025-12-27,53,quantile,0.4,154.50886931213427
2025-12-20,wk inc flu hosp,0,2025-12-27,53,quantile,0.45,165.7837915807641
2025-12-20,wk inc flu hosp,0,2025-12-27,53,quantile,0.5,178.30840107361135
2025-12-20,wk inc flu hosp,0,2025-12-27,53,quantile,0.55,186.53220930246982
2025-12-20,wk inc flu hosp,0,2025-12-27,53,quantile,0.6,199.00702512807314
2025-12-20,wk inc flu hosp,0,2025-12-27,53,quantile,0.65,210.9142613128335
2025-12-20,wk inc flu hosp,0,2025-12-27,53,quantile,0.7,218.98649045826724
2025-12-20,wk inc flu hosp,0,2025-12-27,53,quantile,0.75,228.4914636955935
2025-12-20,wk inc flu hosp,0,2025-12-27,53,quantile,0.8,244.21680783138842
2025-12-20,wk inc flu hosp,0,2025-12-27,53,quantile,0.85,268.63556853293755
2025-12-20,wk inc flu hosp,0,2025-12-27,53,quantile,0.9,302.07033540818526
2025-12-20,wk inc flu hosp,0,2025-12-27,53,quantile,0.95,358.6403852454723
2025-12-20,wk inc flu hosp,0,2025-12-27,53,quantile,0.975,422.729858330584
2025-12-20,wk inc flu hosp,0,2025-12-27,53,quantile,0.99,518.0108801128732
2025-12-20,wk inc flu hosp,0,2025-12-27,54,quantile,0.01,16.878602424557695
2025-12-20,wk inc flu hosp,0,2025-12-27,54,quantile,0.025,22.310668443688083
2025-12-20,wk inc flu hosp,0,2025-12-27,54,quantile,0.05,30.006134642694047
2025-12-20,wk inc flu hosp,0,2025-12-27,54,quantile,0.1,42.61216675952218
2025-12-20,wk inc flu hosp,0,2025-12-27,54,quantile,0.15,50.3753476260146
2025-12-20,wk inc flu hosp,0,2025-12-27,54,quantile,0.2,57.123779040941436
2025-12-20,wk inc flu hosp,0,2025-12-27,54,quantile,0.25,64.46477036207676
2025-12-20,wk inc flu hosp,0,2025-12-27,54,quantile,0.3,73.12150141398857
2025-12-20,wk inc flu hosp,0,2025-12-27,54,quantile,0.35,83.33752576608032
2025-12-20,wk inc flu hosp,0,2025-12-27,54,quantile,0.4,92.75031825113182
2025-12-20,wk inc flu hosp,0,2025-12-27,54,quantile,0.45,101.65387319343294
2025-12-20,wk inc flu hosp,0,2025-12-27,54,quantile,0.5,108.13885806621877
2025-12-20,wk inc flu hosp,0,2025-12-27,54,quantile,0.55,115.82398117376222
2025-12-20,wk inc flu hosp,0,2025-12-27,54,quantile,0.6,125.54433700778814
2025-12-20,wk inc flu hosp,0,2025-12-27,54,quantile,0.65,139.21797278465272
2025-12-20,wk inc flu hosp,0,2025-12-27,54,quantile,0.7,157.24957020765976
2025-12-20,wk inc flu hosp,0,2025-12-27,54,quantile,0.75,175.31041424847245
2025-12-20,wk inc flu hosp,0,2025-12-27,54,quantile,0.8,192.95341517048308
2025-12-20,wk inc flu hosp,0,2025-12-27,54,quantile,0.85,219.41102142063477
2025-12-20,wk inc flu hosp,0,2025-12-27,54,quantile,0.9,278.4603785732737
2025-12-20,wk inc flu hosp,0,2025-12-27,54,quantile,0.95,358.56118786516737
2025-12-20,wk inc flu hosp,0,2025-12-27,54,quantile,0.975,420.80721177077027
2025-12-20,wk inc flu hosp,0,2025-12-27,54,quantile,0.99,445.8599832107539
2025-12-20,wk inc flu hosp,0,2025-12-27,55,quantile,0.01,52.41392881522958
2025-12-20,wk inc flu hosp,0,2025-12-27,55,quantile,0.025,102.12779443216264
2025-12-20,wk inc flu hosp,0,2025-12-27,55,quantile,0.05,147.94382428661845
2025-12-20,wk inc flu hosp,0,2025-12-27,55,quantile,0.1,182.70884126292518
2025-12-20,wk inc flu hosp,0,2025-12-27,55,quantile,0.15,213.64401187788798
2025-12-20,wk inc flu hosp,0,2025-12-27,55,quantile,0.2,242.08409105533082
2025-12-20,wk inc flu hosp,0,2025-12-27,55,quantile,0.25,267.46750975660314
2025-12-20,wk inc flu hosp,0,2025-12-27,55,quantile,0.3,296.2442986610684
2025-12-20,wk inc flu hosp,0,2025-12-27,55,quantile,0.35,324.09433457524324
2025-12-20,wk inc flu hosp,0,2025-12-27,55,quantile,0.4,348.8367604662331
2025-12-20,wk inc flu hosp,0,2025-12-27,55,quantile,0.45,372.20652611971707
2025-12-20,wk inc flu hosp,0,2025-12-27,55,quantile,0.5,397.2256417741196
2025-12-20,wk inc flu hosp,0,2025-12-27,55,quantile,0.55,421.52072756090803
2025-12-20,wk inc flu hosp,0,2025-12-27,55,quantile,0.6,438.444753008142
2025-12-20,wk inc flu hosp,0,2025-12-27,55,quantile,0.65,470.5811786449045
2025-12-20,wk inc flu hosp,0,2025-12-27,55,quantile,0.7,511.19965452493136
2025-12-20,wk inc flu hosp,0,2025-12-27,55,quantile,0.75,559.8140302527361
2025-12-20,wk inc flu hosp,0,2025-12-27,55,quantile,0.8,623.4975981619348
2025-12-20,wk inc flu hosp,0,2025-12-27,55,quantile,0.85,723.8107930984987
2025-12-20,wk inc flu hosp,0,2025-12-27,55,quantile,0.9,839.5758214666771
2025-12-20,wk inc flu hosp,0,2025-12-27,55,quantile,0.95,1031.2921751229842
2025-12-20,wk inc flu hosp,0,2025-12-27,55,quantile,0.975,1206.7258585296097
2025-12-20,wk inc flu hosp,0,2025-12-27,55,quantile,0.99,1422.1796800542195
2025-12-20,wk inc flu hosp,0,2025-12-27,56,quantile,0.01,5.492424600442807
2025-12-20,wk inc flu hosp,0,2025-12-27,56,quantile,0.025,7.133406059130139
2025-12-20,wk inc flu hosp,0,2025-12-27,56,quantile,0.05,8.904159408503663
2025-12-20,wk inc flu hosp,0,2025-12-27,56,quantile,0.1,11.88115523029227
2025-12-20,wk inc flu hosp,0,2025-12-27,56,quantile,0.15,14.76373393916191
2025-12-20,wk inc flu hosp,0,2025-12-27,56,quantile,0.2,17.704611379317992
2025-12-20,wk inc flu hosp,0,2025-12-27,56,quantile,0.25,20.810769607596594
2025-12-20,wk inc flu hosp,0,2025-12-27,56,quantile,0.3,23.947316983437748
2025-12-20,wk inc flu hosp,0,2025-12-27,56,quantile,0.35,27.0683968592287
2025-12-20,wk inc flu hosp,0,2025-12-27,56,quantile,0.4,29.6197123790106
2025-12-20,wk inc flu hosp,0,2025-12-27,56,quantile,0.45,32.3058940941444
2025-12-20,wk inc flu hosp,0,2025-12-27,56,quantile,0.5,35.043925724956
2025-12-20,wk inc flu hosp,0,2025-12-27,56,quantile,0.55,38.73158152882329
2025-12-20,wk inc flu hosp,0,2025-12-27,56,quantile,0.6,41.4648190112784
2025-12-20,wk inc flu hosp,0,2025-12-27,56,quantile,0.65,44.12747894758335
2025-12-20,wk inc flu hosp,0,2025-12-27,56,quantile,0.7,48.87486859705782
2025-12-20,wk inc flu hosp,0,2025-12-27,56,quantile,0.75,55.350790012048236
2025-12-20,wk inc flu hosp,0,2025-12-27,56,quantile,0.8,62.50094666313041
2025-12-20,wk inc flu hosp,0,2025-12-27,56,quantile,0.85,72.32218582335376
2025-12-20,wk inc flu hosp,0,2025-12-27,56,quantile,0.9,91.44078855697941
2025-12-20,wk inc flu hosp,0,2025-12-27,56,quantile,0.95,117.11563176080476
2025-12-20,wk inc flu hosp,0,2025-12-27,56,quantile,0.975,140.3304016229311
2025-12-20,wk inc flu hosp,0,2025-12-27,56,quantile,0.99,203.18665507537503
2025-12-20,wk inc flu hosp,0,2025-12-27,72,quantile,0.01,84.25375227778419
2025-12-20,wk inc flu hosp,0,2025-12-27,72,quantile,0.025,98.84763298281848
2025-12-20,wk inc flu hosp,0,2025-12-27,72,quantile,0.05,110.79422063525284
2025-12-20,wk inc flu hosp,0,2025-12-27,72,quantile,0.1,143.18423160285127
2025-12-20,wk inc flu hosp,0,2025-12-27,72,quantile,0.15,161.36854914885336
2025-12-20,wk inc flu hosp,0,2025-12-27,72,quantile,0.2,178.63519929986083
2025-12-20,wk inc flu hosp,0,2025-12-27,72,quantile,0.25,193.89942729369145
2025-12-20,wk inc flu hosp,0,2025-12-27,72,quantile,0.3,207.96850383035905
2025-12-20,wk inc flu hosp,0,2025-12-27,72,quantile,0.35,228.74858742946415
2025-12-20,wk inc flu hosp,0,2025-12-27,72,quantile,0.4,247.24036423290514
2025-12-20,wk inc flu hosp,0,2025-12-27,72,quantile,0.45,264.7436097722608
2025-12-20,wk inc flu hosp,0,2025-12-27,72,quantile,0.5,280.97220518913144
2025-12-20,wk inc flu hosp,0,2025-12-27,72,quantile,0.55,299.93441076757665
2025-12-20,wk inc flu hosp,0,2025-12-27,72,quantile,0.6,319.84307013555417
2025-12-20,wk inc flu hosp,0,2025-12-27,72,quantile,0.65,337.7999674869068
2025-12-20,wk inc flu hosp,0,2025-12-27,72,quantile,0.7,362.58941209065455
2025-12-20,wk inc flu hosp,0,2025-12-27,72,quantile,0.75,388.60508855852777
2025-12-20,wk inc flu hosp,0,2025-12-27,72,quantile,0.8,406.10531572054117
2025-12-20,wk inc flu hosp,0,2025-12-27,72,quantile,0.85,432.5602104998741
2025-12-20,wk inc flu hosp,0,2025-12-27,72,quantile,0.9,490.2317329849524
2025-12-20,wk inc flu hosp,0,2025-12-27,72,quantile,0.95,621.5489946336828
2025-12-20,wk inc flu hosp,0,2025-12-27,72,quantile,0.975,766.7307018047559
2025-12-20,wk inc flu hosp,0,2025-12-27,72,quantile,0.99,986.0951128357214
2025-12-20,wk inc flu hosp,0,2025-12-27,US,quantile,0.01,4229.523875635781
2025-12-20,wk inc flu hosp,0,2025-12-27,US,quantile,0.025,6891.899636171536
2025-12-20,wk inc flu hosp,0,2025-12-27,US,quantile,0.05,9567.38186863979
2025-12-20,wk inc flu hosp,0,2025-12-27,US,quantile,0.1,13151.702753007017
2025-12-20,wk inc flu hosp,0,2025-12-27,US,quantile,0.15,15875.526933387546
2025-12-20,wk inc flu hosp,0,2025-12-27,US,quantile,0.2,17678.66854307066
2025-12-20,wk inc flu hosp,0,2025-12-27,US,quantile,0.25,20274.04311575411
2025-12-20,wk inc flu hosp,0,2025-12-27,US,quantile,0.3,22771.517046706394
2025-12-20,wk inc flu hosp,0,2025-12-27,US,quantile,0.35,24979.579170386125
2025-12-20,wk inc flu hosp,0,2025-12-27,US,quantile,0.4,26884.48020898624
2025-12-20,wk inc flu hosp,0,2025-12-27,US,quantile,0.45,28136.877010982764
2025-12-20,wk inc flu hosp,0,2025-12-27,US,quantile,0.5,29814.593125507745
2025-12-20,wk inc flu hosp,0,2025-12-27,US,quantile,0.55,31551.642498908128
2025-12-20,wk inc flu hosp,0,2025-12-27,US,quantile,0.6,33243.12602701142
2025-12-20,wk inc flu hosp,0,2025-12-27,US,quantile,0.65,35134.09469576868
2025-12-20,wk inc flu hosp,0,2025-12-27,US,quantile,0.7,36424.93233108834
2025-12-20,wk inc flu hosp,0,2025-12-27,US,quantile,0.75,38867.32458204336
2025-12-20,wk inc flu hosp,0,2025-12-27,US,quantile,0.8,41383.822463766526
2025-12-20,wk inc flu hosp,0,2025-12-27,US,quantile,0.85,43673.00564308118
2025-12-20,wk inc flu hosp,0,2025-12-27,US,quantile,0.9,47318.45440537161
2025-12-20,wk inc flu hosp,0,2025-12-27,US,quantile,0.95,51843.220869778626
2025-12-20,wk inc flu hosp,0,2025-12-27,US,quantile,0.975,57028.83503058731
2025-12-20,wk inc flu hosp,0,2025-12-27,US,quantile,0.99,65099.55986413331
2025-12-20,wk inc flu hosp,1,2026-01-03,01,quantile,0.01,70.43540442258731
2025-12-20,wk inc flu hosp,1,2026-01-03,01,quantile,0.025,87.27989502897985
2025-12-20,wk inc flu hosp,1,2026-01-03,01,quantile,0.05,105.17314251691806
2025-12-20,wk inc flu hosp,1,2026-01-03,01,quantile,0.1,140.9701364450066
2025-12-20,wk inc flu hosp,1,2026-01-03,01,quantile,0.15,166.40611667948457
2025-12-20,wk inc flu hosp,1,2026-01-03,01,quantile,0.2,193.37278198535773
2025-12-20,wk inc flu hosp,1,2026-01-03,01,quantile,0.25,220.70433880986263
2025-12-20,wk inc flu hosp,1,2026-01-03,01,quantile,0.3,248.09946965811721
2025-12-20,wk inc flu hosp,1,2026-01-03,01,quantile,0.35,280.1984280136409
2025-12-20,wk inc flu hosp,1,2026-01-03,01,quantile,0.4,313.8401733528818
2025-12-20,wk inc flu hosp,1,2026-01-03,01,quantile,0.45,345.00615378832725
2025-12-20,wk inc flu hosp,1,2026-01-03,01,quantile,0.5,373.09900877140404
2025-12-20,wk inc flu hosp,1,2026-01-03,01,quantile,0.55,412.8544340718314
2025-12-20,wk inc flu hosp,1,2026-01-03,01,quantile,0.6,451.4681021006706
2025-12-20,wk inc flu hosp,1,2026-01-03,01,quantile,0.65,479.16947656680765
2025-12-20,wk inc flu hosp,1,2026-01-03,01,quantile,0.7,528.4597854015486
2025-12-20,wk inc flu hosp,1,2026-01-03,01,quantile,0.75,573.4477558855119
2025-12-20,wk inc flu hosp,1,2026-01-03,01,quantile,0.8,616.9418890072683
2025-12-20,wk inc flu hosp,1,2026-01-03,01,quantile,0.85,657.4079336932087
2025-12-20,wk inc flu hosp,1,2026-01-03,01,quantile,0.9,722.633115873883
2025-12-20,wk inc flu hosp,1,2026-01-03,01,quantile,0.95,996.950709075113
2025-12-20,wk inc flu hosp,1,2026-01-03,01,quantile,0.975,1305.1831995216194
2025-12-20,wk inc flu hosp,1,2026-01-03,01,quantile,0.99,1349.6272329289802
2025-12-20,wk inc flu hosp,1,2026-01-03,02,quantile,0.01,5.4945301235913
2025-12-20,wk inc flu hosp,1,2026-01-03,02,quantile,0.025,10.09575376582925
2025-12-20,wk inc flu hosp,1,2026-01-03,02,quantile,0.05,14.862081111910896
2025-12-20,wk inc flu hosp,1,2026-01-03,02,quantile,0.1,19.45943542300419
2025-12-20,wk inc flu hosp,1,2026-01-03,02,quantile,0.15,21.990545814082413
2025-12-20,wk inc flu hosp,1,2026-01-03,02,quantile,0.2,25.144946666499376
2025-12-20,wk inc flu hosp,1,2026-01-03,02,quantile,0.25,27.97354081751366
2025-12-20,wk inc flu hosp,1,2026-01-03,02,quantile,0.3,29.375044750364438
2025-12-20,wk inc flu hosp,1,2026-01-03,02,quantile,0.35,32.76919689225138
2025-12-20,wk inc flu hosp,1,2026-01-03,02,quantile,0.4,36.74265324492109
2025-12-20,wk inc flu hosp,1,2026-01-03,02,quantile,0.45,40.291403726943614
2025-12-20,wk inc flu hosp,1,2026-01-03,02,quantile,0.5,45.21711411649715
2025-12-20,wk inc flu hosp,1,2026-01-03,02,quantile,0.55,51.239658520946755
2025-12-20,wk inc flu hosp,1,2026-01-03,02,quantile,0.6,55.83838969230473
2025-12-20,wk inc flu hosp,1,2026-01-03,02,quantile,0.65,63.02813313205967
2025-12-20,wk inc flu hosp,1,2026-01-03,02,quantile,0.7,69.60431757343046
2025-12-20,wk inc flu hosp,1,2026-01-03,02,quantile,0.75,78.10876181189715
2025-12-20,wk inc flu hosp,1,2026-01-03,02,quantile,0.8,87.67307611149323
2025-12-20,wk inc flu hosp,1,2026-01-03,02,quantile,0.85,101.85516882144125
2025-12-20,wk inc flu hosp,1,2026-01-03,02,quantile,0.9,125.7497402081445
2025-12-20,wk inc flu hosp,1,2026-01-03,02,quantile,0.95,167.48658888008447
2025-12-20,wk inc flu hosp,1,2026-01-03,02,quantile,0.975,186.23258166514253
2025-12-20,wk inc flu hosp,1,2026-01-03,02,quantile,0.99,207.307339220842
2025-12-20,wk inc flu hosp,1,2026-01-03,04,quantile,0.01,40.631643976436855
2025-12-20,wk inc flu hosp,1,2026-01-03,04,quantile,0.025,46.30353850811418
2025-12-20,wk inc flu hosp,1,2026-01-03,04,quantile,0.05,55.82269906739587
2025-12-20,wk inc flu hosp,1,2026-01-03,04,quantile,0.1,90.06659071878207
2025-12-20,wk inc flu hosp,1,2026-01-03,04,quantile,0.15,110.31493699394248
2025-12-20,wk inc flu hosp,1,2026-01-03,04,quantile,0.2,120.93565483554792
2025-12-20,wk inc flu hosp,1,2026-01-03,04,quantile,0.25,129.63754258369235
2025-12-20,wk inc flu hosp,1,2026-01-03,04,quantile,0.3,141.27264018108812
2025-12-20,wk inc flu hosp,1,2026-01-03,04,quantile,0.35,151.24268412035832
2025-12-20,wk inc flu hosp,1,2026-01-03,04,quantile,0.4,159.9082669967851
2025-12-20,wk inc flu hosp,1,2026-01-03,04,quantile,0.45,168.9782726398261
2025-12-20,wk inc flu hosp,1,2026-01-03,04,quantile,0.5,180.08713988944083
2025-12-20,wk inc flu hosp,1,2026-01-03,04,quantile,0.55,193.3095284753803
2025-12-20,wk inc flu hosp,1,2026-01-03,04,quantile,0.6,210.75666443251473
2025-12-20,wk inc flu hosp,1,2026-01-03,04,quantile,0.65,226.40539301539616
2025-12-20,wk inc flu hosp,1,2026-01-03,04,quantile,0.7,251.1587648092789
2025-12-20,wk inc flu hosp,1,2026-01-03,04,quantile,0.75,283.3172159118115
2025-12-20,wk inc flu hosp,1,2026-01-03,04,quantile,0.8,341.00684236048187
2025-12-20,wk inc flu hosp,1,2026-01-03,04,quantile,0.85,387.65087710559783
2025-12-20,wk inc flu hosp,1,2026-01-03,04,quantile,0.9,525.5217389835846
2025-12-20,wk inc flu hosp,1,2026-01-03,04,quantile,0.95,687.3261654585802
2025-12-20,wk inc flu hosp,1,2026-01-03,04,quantile,0.975,784.9839039503008
2025-12-20,wk inc flu hosp,1,2026-01-03,04,quantile,0.99,856.8258592291642
2025-12-20,wk inc flu hosp,1,2026-01-03,05,quantile,0.01,33.60553249534128
2025-12-20,wk inc flu hosp,1,2026-01-03,05,quantile,0.025,47.71645761673387
2025-12-20,wk inc flu hosp,1,2026-01-03,05,quantile,0.05,62.15957042422144
2025-12-20,wk inc flu hosp,1,2026-01-03,05,quantile,0.1,84.49609841678603
2025-12-20,wk inc flu hosp,1,2026-01-03,05,quantile,0.15,103.25503654415498
2025-12-20,wk inc flu hosp,1,2026-01-03,05,quantile,0.2,121.26208123041071
2025-12-20,wk inc flu hosp,1,2026-01-03,05,quantile,0.25,142.00072264554146
2025-12-20,wk inc flu hosp,1,2026-01-03,05,quantile,0.3,160.09995931070245
2025-12-20,wk inc flu hosp,1,2026-01-03,05,quantile,0.35,177.36712792480165
2025-12-20,wk inc flu hosp,1,2026-01-03,05,quantile,0.4,185.63972352679522
2025-12-20,wk inc flu hosp,1,2026-01-03,05,quantile,0.45,203.87624315008821
2025-12-20,wk inc flu hosp,1,2026-01-03,05,quantile,0.5,224.28313663874107
2025-12-20,wk inc flu hosp,1,2026-01-03,05,quantile,0.55,243.49652824244214
2025-12-20,wk inc flu hosp,1,2026-01-03,05,quantile,0.6,266.15141849602446
2025-12-20,wk inc flu hosp,1,2026-01-03,05,quantile,0.65,279.46870548484173
2025-12-20,wk inc flu hosp,1,2026-01-03,05,quantile,0.7,312.4597749220088
2025-12-20,wk inc flu hosp,1,2026-01-03,05,quantile,0.75,385.88870540364917
2025-12-20,wk inc flu hosp,1,2026-01-03,05,quantile,0.8,455.30664293233633
2025-12-20,wk inc flu hosp,1,2026-01-03,05,quantile,0.85,503.6255618794886
2025-12-20,wk inc flu hosp,1,2026-01-03,05,quantile,0.9,539.9508957128886
2025-12-20,wk inc flu hosp,1,2026-01-03,05,quantile,0.95,625.5174456132743
2025-12-20,wk inc flu hosp,1,2026-01-03,05,quantile,0.975,703.2452205716853
2025-12-20,wk inc flu hosp,1,2026-01-03,05,quantile,0.99,903.1841407116882
2025-12-20,wk inc flu hosp,1,2026-01-03,06,quantile,0.01,145.19764188458305
2025-12-20,wk inc flu hosp,1,2026-01-03,06,quantile,0.025,309.37336344657336
2025-12-20,wk inc flu hosp,1,2026-01-03,06,quantile,0.05,367.4848779117086
2025-12-20,wk inc flu hosp,1,2026-01-03,06,quantile,0.1,456.7832227378295
2025-12-20,wk inc flu hosp,1,2026-01-03,06,quantile,0.15,550.1050887153139
2025-12-20,wk inc flu hosp,1,2026-01-03,06,quantile,0.2,651.8986285254784
2025-12-20,wk inc flu hosp,1,2026-01-03,06,quantile,0.25,735.3991353301469
2025-12-20,wk inc flu hosp,1,2026-01-03,06,quantile,0.3,837.9712853835111
2025-12-20,wk inc flu hosp,1,2026-01-03,06,quantile,0.35,926.4858230510134
2025-12-20,wk inc flu hosp,1,2026-01-03,06,quantile,0.4,1030.9432804656724
2025-12-20,wk inc flu hosp,1,2026-01-03,06,quantile,0.45,1139.1735386107973
2025-12-20,wk inc flu hosp,1,2026-01-03,06,quantile,0.5,1252.7287565499098
2025-12-20,wk inc flu hosp,1,2026-01-03,06,quantile,0.55,1336.9608872030296
2025-12-20,wk inc flu hosp,1,2026-01-03,06,quantile,0.6,1404.021126477864
2025-12-20,wk inc flu hosp,1,2026-01-03,06,quantile,0.65,1517.291523435282
2025-12-20,wk inc flu hosp,1,2026-01-03,06,quantile,0.7,1639.8920785370874
2025-12-20,wk inc flu hosp,1,2026-01-03,06,quantile,0.75,1789.87670420838
2025-12-20,wk inc flu hosp,1,2026-01-03,06,quantile,0.8,1923.9921375975216
2025-12-20,wk inc flu hosp,1,2026-01-03,06,quantile,0.85,2105.1469225359583
2025-12-20,wk inc flu hosp,1,2026-01-03,06,quantile,0.9,2354.692103913827
2025-12-20,wk inc flu hosp,1,2026-01-03,06,quantile,0.95,2611.4757442741356
2025-12-20,wk inc flu hosp,1,2026-01-03,06,quantile,0.975,2771.5846122041576
2025-12-20,wk inc flu hosp,1,2026-01-03,06,quantile,0.99,3616.3652641691647
2025-12-20,wk inc flu hosp,1,2026-01-03,08,quantile,0.01,131.57632105510666
2025-12-20,wk inc flu hosp,1,2026-01-03,08,quantile,0.025,215.11919095203967
2025-12-20,wk inc flu hosp,1,2026-01-03,08,quantile,0.05,250.23169555951895
2025-12-20,wk inc flu hosp,1,2026-01-03,08,quantile,0.1,283.483638786842
2025-12-20,wk inc flu hosp,1,2026-01-03,08,quantile,0.15,328.84525851600165
2025-12-20,wk inc flu hosp,1,2026-01-03,08,quantile,0.2,374.6262652813315
2025-12-20,wk inc flu hosp,1,2026-01-03,08,quantile,0.25,419.09439178877636
2025-12-20,wk inc flu hosp,1,2026-01-03,08,quantile,0.3,464.63034487990853
2025-12-20,wk inc flu hosp,1,2026-01-03,08,quantile,0.35,509.96618788471585
2025-12-20,wk inc flu hosp,1,2026-01-03,08,quantile,0.4,569.4053609574225
2025-12-20,wk inc flu hosp,1,2026-01-03,08,quantile,0.45,647.728047188805
2025-12-20,wk inc flu hosp,1,2026-01-03,08,quantile,0.5,715.743858968685
2025-12-20,wk inc flu hosp,1,2026-01-03,08,quantile,0.55,769.1715627557968
2025-12-20,wk inc flu hosp,1,2026-01-03,08,quantile,0.6,845.7269744660665
2025-12-20,wk inc flu hosp,1,2026-01-03,08,quantile,0.65,1021.108637073697
2025-12-20,wk inc flu hosp,1,2026-01-03,08,quantile,0.7,1194.474909962933
2025-12-20,wk inc flu hosp,1,2026-01-03,08,quantile,0.75,1287.8766849769574
2025-12-20,wk inc flu hosp,1,2026-01-03,08,quantile,0.8,1397.3027975583293
2025-12-20,wk inc flu hosp,1,2026-01-03,08,quantile,0.85,1545.8449040295425
2025-12-20,wk inc flu hosp,1,2026-01-03,08,quantile,0.9,1914.2107542641813
2025-12-20,wk inc flu hosp,1,2026-01-03,08,quantile,0.95,2310.3354900235327
2025-12-20,wk inc flu hosp,1,2026-01-03,08,quantile,0.975,2550.317124028096
2025-12-20,wk inc flu hosp,1,2026-01-03,08,quantile,0.99,2755.0474897732583
2025-12-20,wk inc flu hosp,1,2026-01-03,09,quantile,0.01,80.87090061273074
2025-12-20,wk inc flu hosp,1,2026-01-03,09,quantile,0.025,96.49867075215721
2025-12-20,wk inc flu hosp,1,2026-01-03,09,quantile,0.05,138.5726687603397
2025-12-20,wk inc flu hosp,1,2026-01-03,09,quantile,0.1,194.3689311671221
2025-12-20,wk inc flu hosp,1,2026-01-03,09,quantile,0.15,226.95487429884608
2025-12-20,wk inc flu hosp,1,2026-01-03,09,quantile,0.2,258.1102713276901
2025-12-20,wk inc flu hosp,1,2026-01-03,09,quantile,0.25,289.41596038853385
2025-12-20,wk inc flu hosp,1,2026-01-03,09,quantile,0.3,320.8105434304676
2025-12-20,wk inc flu hosp,1,2026-01-03,09,quantile,0.35,355.17201665286996
2025-12-20,wk inc flu hosp,1,2026-01-03,09,quantile,0.4,395.5583546332289
2025-12-20,wk inc flu hosp,1,2026-01-03,09,quantile,0.45,446.7129489906279
2025-12-20,wk inc flu hosp,1,2026-01-03,09,quantile,0.5,494.2913143332218
2025-12-20,wk inc flu hosp,1,2026-01-03,09,quantile,0.55,518.2471642870034
2025-12-20,wk inc flu hosp,1,2026-01-03,09,quantile,0.6,565.5319633182105
2025-12-20,wk inc flu hosp,1,2026-01-03,09,quantile,0.65,601.6258684895782
2025-12-20,wk inc flu hosp,1,2026-01-03,09,quantile,0.7,709.6163632071282
2025-12-20,wk inc flu hosp,1,2026-01-03,09,quantile,0.75,927.8868410874197
2025-12-20,wk inc flu hosp,1,2026-01-03,09,quantile,0.8,1135.0921267642645
2025-12-20,wk inc flu hosp,1,2026-01-03,09,quantile,0.85,1340.2139777701016
2025-12-20,wk inc flu hosp,1,2026-01-03,09,quantile,0.9,1751.984318917613
2025-12-20,wk inc flu hosp,1,2026-01-03,09,quantile,0.95,2845.9906474810145
2025-12-20,wk inc flu hosp,1,2026-01-03,09,quantile,0.975,2904.8027802024103
2025-12-20,wk inc flu hosp,1,2026-01-03,09,quantile,0.99,2982.758762591243
2025-12-20,wk inc flu hosp,1,2026-01-03,10,quantile,0.01,13.035696250328675
2025-12-20,wk inc flu hosp,1,2026-01-03,10,quantile,0.025,17.41615061122529
2025-12-20,wk inc flu hosp,1,2026-01-03,10,quantile,0.05,26.09522837065632
2025-12-20,wk inc flu hosp,1,2026-01-03,10,quantile,0.1,35.640670320859385
2025-12-20,wk inc flu hosp,1,2026-01-03,10,quantile,0.15,46.031789634598944
2025-12-20,wk inc flu hosp,1,2026-01-03,10,quantile,0.2,54.46762025196779
2025-12-20,wk inc flu hosp,1,2026-01-03,10,quantile,0.25,64.38687751889708
2025-12-20,wk inc flu hosp,1,2026-01-03,10,quantile,0.3,79.32411693809861
2025-12-20,wk inc flu hosp,1,2026-01-03,10,quantile,0.35,95.55407303349699
2025-12-20,wk inc flu hosp,1,2026-01-03,10,quantile,0.4,110.4240084570818
2025-12-20,wk inc flu hosp,1,2026-01-03,10,quantile,0.45,126.46867162889943
2025-12-20,wk inc flu hosp,1,2026-01-03,10,quantile,0.5,142.4801835508898
2025-12-20,wk inc flu hosp,1,2026-01-03,10,quantile,0.55,155.3759620792643
2025-12-20,wk inc flu hosp,1,2026-01-03,10,quantile,0.6,177.4819628797152
2025-12-20,wk inc flu hosp,1,2026-01-03,10,quantile,0.65,188.83182487483683
2025-12-20,wk inc flu hosp,1,2026-01-03,10,quantile,0.7,202.56676445551116
2025-12-20,wk inc flu hosp,1,2026-01-03,10,quantile,0.75,232.53791065219409
2025-12-20,wk inc flu hosp,1,2026-01-03,10,quantile,0.8,277.89654735411636
2025-12-20,wk inc flu hosp,1,2026-01-03,10,quantile,0.85,313.6914300531595
2025-12-20,wk inc flu hosp,1,2026-01-03,10,quantile,0.9,376.4175219600986
2025-12-20,wk inc flu hosp,1,2026-01-03,10,quantile,0.95,446.44661954566385
2025-12-20,wk inc flu hosp,1,2026-01-03,10,quantile,0.975,468.96886921692555
2025-12-20,wk inc flu hosp,1,2026-01-03,10,quantile,0.99,475.6831410840601
2025-12-20,wk inc flu hosp,1,2026-01-03,11,quantile,0.01,4.54050301541574
2025-12-20,wk inc flu hosp,1,2026-01-03,11,quantile,0.025,4.801540217786003
2025-12-20,wk inc flu hosp,1,2026-01-03,11,quantile,0.05,6.608195817034031
2025-12-20,wk inc flu hosp,1,2026-01-03,11,quantile,0.1,10.25881096666653
2025-12-20,wk inc flu hosp,1,2026-01-03,11,quantile,0.15,13.605477508322778
2025-12-20,wk inc flu hosp,1,2026-01-03,11,quantile,0.2,17.023936472041225
2025-12-20,wk inc flu hosp,1,2026-01-03,11,quantile,0.25,21.69220593369611
2025-12-20,wk inc flu hosp,1,2026-01-03,11,quantile,0.3,25.23822475857761
2025-12-20,wk inc flu hosp,1,2026-01-03,11,quantile,0.35,29.499428071289074
2025-12-20,wk inc flu hosp,1,2026-01-03,11,quantile,0.4,35.72604672126512
2025-12-20,wk inc flu hosp,1,2026-01-03,11,quantile,0.45,40.80264400721074
2025-12-20,wk inc flu hosp,1,2026-01-03,11,quantile,0.5,44.5367445381202
2025-12-20,wk inc flu hosp,1,2026-01-03,11,quantile,0.55,49.183026001942295
2025-12-20,wk inc flu hosp,1,2026-01-03,11,quantile,0.6,53.76137427156908
2025-12-20,wk inc flu hosp,1,2026-01-03,11,quantile,0.65,59.66639446914458
2025-12-20,wk inc flu hosp,1,2026-01-03,11,quantile,0.7,66.39972421820646
2025-12-20,wk inc flu hosp,1,2026-01-03,11,quantile,0.75,76.14528029507507
2025-12-20,wk inc flu hosp,1,2026-01-03,11,quantile,0.8,92.29493656548057
2025-12-20,wk inc flu hosp,1,2026-01-03,11,quantile,0.85,105.605793596345
2025-12-20,wk inc flu hosp,1,2026-01-03,11,quantile,0.9,123.7726641296219
2025-12-20,wk inc flu hosp,1,2026-01-03,11,quantile,0.95,132.87426252282066
2025-12-20,wk inc flu hosp,1,2026-01-03,11,quantile,0.975,135.85136842280082
2025-12-20,wk inc flu hosp,1,2026-01-03,11,quantile,0.99,150.02458557133582
2025-12-20,wk inc flu hosp,1,2026-01-03,12,quantile,0.01,310.75347927291625
2025-12-20,wk inc flu hosp,1,2026-01-03,12,quantile,0.025,607.3366814681963
2025-12-20,wk inc flu hosp,1,2026-01-03,12,quantile,0.05,841.9320478716346
2025-12-20,wk inc flu hosp,1,2026-01-03,12,quantile,0.1,989.381810287714
2025-12-20,wk inc flu hosp,1,2026-01-03,12,quantile,0.15,1152.772445589092
2025-12-20,wk inc flu hosp,1,2026-01-03,12,quantile,0.2,1313.8495824319718
2025-12-20,wk inc flu hosp,1,2026-01-03,12,quantile,0.25,1468.0190566140332
2025-12-20,wk inc flu hosp,1,2026-01-03,12,quantile,0.3,1602.6282806047968
2025-12-20,wk inc flu hosp,1,2026-01-03,12,quantile,0.35,1753.6174778533154
2025-12-20,wk inc flu hosp,1,2026-01-03,12,quantile,0.4,1895.6628792456388
2025-12-20,wk inc flu hosp,1,2026-01-03,12,quantile,0.45,2056.591993638871
2025-12-20,wk inc flu hosp,1,2026-01-03,12,quantile,0.5,2224.919991578621
2025-12-20,wk inc flu hosp,1,2026-01-03,12,quantile,0.55,2521.126583241453
2025-12-20,wk inc flu hosp,1,2026-01-03,12,quantile,0.6,2834.4497724715525
2025-12-20,wk inc flu hosp,1,2026-01-03,12,quantile,0.65,3182.5811776602754
2025-12-20,wk inc flu hosp,1,2026-01-03,12,quantile,0.7,3492.086219607575
2025-12-20,wk inc flu hosp,1,2026-01-03,12,quantile,0.75,3739.561360167144
2025-12-20,wk inc flu hosp,1,2026-01-03,12,quantile,0.8,4048.8483198227887
2025-12-20,wk inc flu hosp,1,2026-01-03,12,quantile,0.85,4522.656896943313
2025-12-20,wk inc flu hosp,1,2026-01-03,12,quantile,0.9,4999.942208464908
2025-12-20,wk inc flu hosp,1,2026-01-03,12,quantile,0.95,6022.460805787946
2025-12-20,wk inc flu hosp,1,2026-01-03,12,quantile,0.975,7504.984746650285
2025-12-20,wk inc flu hosp,1,2026-01-03,12,quantile,0.99,8256.905611257785
2025-12-20,wk inc flu hosp,1,2026-01-03,13,quantile,0.01,122.64958422052507
2025-12-20,wk inc flu hosp,1,2026-01-03,13,quantile,0.025,141.9666736065547
2025-12-20,wk inc flu hosp,1,2026-01-03,13,quantile,0.05,215.08093933283664
2025-12-20,wk inc flu hosp,1,2026-01-03,13,quantile,0.1,302.1153183005706
2025-12-20,wk inc flu hosp,1,2026-01-03,13,quantile,0.15,355.51923462065
2025-12-20,wk inc flu hosp,1,2026-01-03,13,quantile,0.2,402.63448488022414
2025-12-20,wk inc flu hosp,1,2026-01-03,13,quantile,0.25,456.1142231509694
2025-12-20,wk inc flu hosp,1,2026-01-03,13,quantile,0.3,519.7420914959736
2025-12-20,wk inc flu hosp,1,2026-01-03,13,quantile,0.35,594.4089583839569
2025-12-20,wk inc flu hosp,1,2026-01-03,13,quantile,0.4,657.0019643592085
2025-12-20,wk inc flu hosp,1,2026-01-03,13,quantile,0.45,723.069257919361
2025-12-20,wk inc flu hosp,1,2026-01-03,13,quantile,0.5,796.3062292849447
2025-12-20,wk inc flu hosp,1,2026-01-03,13,quantile,0.55,849.6572671753572
2025-12-20,wk inc flu hosp,1,2026-01-03,13,quantile,0.6,922.4629618775098
2025-12-20,wk inc flu hosp,1,2026-01-03,13,quantile,0.65,1003.1618205721361
2025-12-20,wk inc flu hosp,1,2026-01-03,13,quantile,0.7,1099.6289164463992
2025-12-20,wk inc flu hosp,1,2026-01-03,13,quantile,0.75,1166.599240183288
2025-12-20,wk inc flu hosp,1,2026-01-03,13,quantile,0.8,1274.2749005070407
2025-12-20,wk inc flu hosp,1,2026-01-03,13,quantile,0.85,1416.4600089801002
2025-12-20,wk inc flu hosp,1,2026-01-03,13,quantile,0.9,1563.4694324429383
2025-12-20,wk inc flu hosp,1,2026-01-03,13,quantile,0.95,1727.7999801214266
2025-12-20,wk inc flu hosp,1,2026-01-03,13,quantile,0.975,1819.860477742872
2025-12-20,wk inc flu hosp,1,2026-01-03,13,quantile,0.99,1862.4699141450565
2025-12-20,wk inc flu hosp,1,2026-01-03,15,quantile,0.01,14.09000874791674
2025-12-20,wk inc flu hosp,1,2026-01-03,15,quantile,0.025,25.844928499844233
2025-12-20,wk inc flu hosp,1,2026-01-03,15,quantile,0.05,40.575988762776234
2025-12-20,wk inc flu hosp,1,2026-01-03,15,quantile,0.1,49.924794592705496
2025-12-20,wk inc flu hosp,1,2026-01-03,15,quantile,0.15,59.88978114791143
2025-12-20,wk inc flu hosp,1,2026-01-03,15,quantile,0.2,62.12810866743573
2025-12-20,wk inc flu hosp,1,2026-01-03,15,quantile,0.25,68.5237990089726
2025-12-20,wk inc flu hosp,1,2026-01-03,15,quantile,0.3,79.54860460762791
2025-12-20,wk inc flu hosp,1,2026-01-03,15,quantile,0.35,89.53217770257442
2025-12-20,wk inc flu hosp,1,2026-01-03,15,quantile,0.4,95.04911847873194
2025-12-20,wk inc flu hosp,1,2026-01-03,15,quantile,0.45,103.15433173551999
2025-12-20,wk inc flu hosp,1,2026-01-03,15,quantile,0.5,113.22506433919352
2025-12-20,wk inc flu hosp,1,2026-01-03,15,quantile,0.55,125.10806965327875
2025-12-20,wk inc flu hosp,1,2026-01-03,15,quantile,0.6,137.370626549449
2025-12-20,wk inc flu hosp,1,2026-01-03,15,quantile,0.65,150.0832233439977
2025-12-20,wk inc flu hosp,1,2026-01-03,15,quantile,0.7,156.65146816372584
2025-12-20,wk inc flu hosp,1,2026-01-03,15,quantile,0.75,172.04052671249448
2025-12-20,wk inc flu hosp,1,2026-01-03,15,quantile,0.8,197.86324502791445
2025-12-20,wk inc flu hosp,1,2026-01-03,15,quantile,0.85,216.64151367304387
2025-12-20,wk inc flu hosp,1,2026-01-03,15,quantile,0.9,253.92260326327562
2025-12-20,wk inc flu hosp,1,2026-01-03,15,quantile,0.95,341.20683876808874
2025-12-20,wk inc flu hosp,1,2026-01-03,15,quantile,0.975,396.96028372595674
2025-12-20,wk inc flu hosp,1,2026-01-03,15,quantile,0.99,500.5180096621821
2025-12-20,wk inc flu hosp,1,2026-01-03,16,quantile,0.01,15.507316086330599
2025-12-20,wk inc flu hosp,1,2026-01-03,16,quantile,0.025,24.86511602895982
2025-12-20,wk inc flu hosp,1,2026-01-03,16,quantile,0.05,30.217576956421077
2025-12-20,wk inc flu hosp,1,2026-01-03,16,quantile,0.1,43.4717668011654
2025-12-20,wk inc flu hosp,1,2026-01-03,16,quantile,0.15,54.724263647297846
2025-12-20,wk inc flu hosp,1,2026-01-03,16,quantile,0.2,64.08366881896796
2025-12-20,wk inc flu hosp,1,2026-01-03,16,quantile,0.25,71.60949577523361
2025-12-20,wk inc flu hosp,1,2026-01-03,16,quantile,0.3,81.18868795085928
2025-12-20,wk inc flu hosp,1,2026-01-03,16,quantile,0.35,91.12404427189685
2025-12-20,wk inc flu hosp,1,2026-01-03,16,quantile,0.4,98.10932841561808
2025-12-20,wk inc flu hosp,1,2026-01-03,16,quantile,0.45,111.25953785303156
2025-12-20,wk inc flu hosp,1,2026-01-03,16,quantile,0.5,127.09947046458484
2025-12-20,wk inc flu hosp,1,2026-01-03,16,quantile,0.55,139.41993602068015
2025-12-20,wk inc flu hosp,1,2026-01-03,16,quantile,0.6,144.9289121781485
2025-12-20,wk inc flu hosp,1,2026-01-03,16,quantile,0.65,158.73968969190207
2025-12-20,wk inc flu hosp,1,2026-01-03,16,quantile,0.7,185.40205245433387
2025-12-20,wk inc flu hosp,1,2026-01-03,16,quantile,0.75,211.07168272467803
2025-12-20,wk inc flu hosp,1,2026-01-03,16,quantile,0.8,228.81973593920682
2025-12-20,wk inc flu hosp,1,2026-01-03,16,quantile,0.85,266.3396565593942
2025-12-20,wk inc flu hosp,1,2026-01-03,16,quantile,0.9,304.8534182068994
2025-12-20,wk inc flu hosp,1,2026-01-03,16,quantile,0.95,384.10177144653983
2025-12-20,wk inc flu hosp,1,2026-01-03,16,quantile,0.975,441.5545859469716
2025-12-20,wk inc flu hosp,1,2026-01-03,16,quantile,0.99,506.5658422395729
2025-12-20,wk inc flu hosp,1,2026-01-03,17,quantile,0.01,70.93541773909962
2025-12-20,wk inc flu hosp,1,2026-01-03,17,quantile,0.025,237.4099420586938
2025-12-20,wk inc flu hosp,1,2026-01-03,17,quantile,0.05,313.0992547484899
2025-12-20,wk inc flu hosp,1,2026-01-03,17,quantile,0.1,398.566652665899
2025-12-20,wk inc flu hosp,1,2026-01-03,17,quantile,0.15,437.85540441896217
2025-12-20,wk inc flu hosp,1,2026-01-03,17,quantile,0.2,474.19698061528777
2025-12-20,wk inc flu hosp,1,2026-01-03,17,quantile,0.25,520.6395853802902
2025-12-20,wk inc flu hosp,1,2026-01-03,17,quantile,0.3,562.8916868414054
2025-12-20,wk inc flu hosp,1,2026-01-03,17,quantile,0.35,617.3016091808836
2025-12-20,wk inc flu hosp,1,2026-01-03,17,quantile,0.4,690.103350418154
2025-12-20,wk inc flu hosp,1,2026-01-03,17,quantile,0.45,775.3480870141934
2025-12-20,wk inc flu hosp,1,2026-01-03,17,quantile,0.5,865.8635693387323
2025-12-20,wk inc flu hosp,1,2026-01-03,17,quantile,0.55,952.4899936924087
2025-12-20,wk inc flu hosp,1,2026-01-03,17,quantile,0.6,1119.9370280411058
2025-12-20,wk inc flu hosp,1,2026-01-03,17,quantile,0.65,1278.1534379406653
2025-12-20,wk inc flu hosp,1,2026-01-03,17,quantile,0.7,1507.1654326377402
2025-12-20,wk inc flu hosp,1,2026-01-03,17,quantile,0.75,1736.2520669493204
2025-12-20,wk inc flu hosp,1,2026-01-03,17,quantile,0.8,1976.6646155575577
2025-12-20,wk inc flu hosp,1,2026-01-03,17,quantile,0.85,2085.3570207103567
2025-12-20,wk inc flu hosp,1,2026-01-03,17,quantile,0.9,2333.2409356686144
2025-12-20,wk inc flu hosp,1,2026-01-03,17,quantile,0.95,2725.2564444274317
2025-12-20,wk inc flu hosp,1,2026-01-03,17,quantile,0.975,3428.4401723967417
2025-12-20,wk inc flu hosp,1,2026-01-03,17,quantile,0.99,3889.9043233680345
2025-12-20,wk inc flu hosp,1,2026-01-03,18,quantile,0.01,134.4675228596979
2025-12-20,wk inc flu hosp,1,2026-01-03,18,quantile,0.025,157.07237961122496
2025-12-20,wk inc flu hosp,1,2026-01-03,18,quantile,0.05,177.74081970850403
2025-12-20,wk inc flu hosp,1,2026-01-03,18,quantile,0.1,204.40447584542366
2025-12-20,wk inc flu hosp,1,2026-01-03,18,quantile,0.15,240.1503813421733
2025-12-20,wk inc flu hosp,1,2026-01-03,18,quantile,0.2,272.78251823833267
2025-12-20,wk inc flu hosp,1,2026-01-03,18,quantile,0.25,303.12568248084216
2025-12-20,wk inc flu hosp,1,2026-01-03,18,quantile,0.3,334.72613230499115
2025-12-20,wk inc flu hosp,1,2026-01-03,18,quantile,0.35,364.27470902955935
2025-12-20,wk inc flu hosp,1,2026-01-03,18,quantile,0.4,403.7260069555477
2025-12-20,wk inc flu hosp,1,2026-01-03,18,quantile,0.45,443.239873473533
2025-12-20,wk inc flu hosp,1,2026-01-03,18,quantile,0.5,492.6607132714306
2025-12-20,wk inc flu hosp,1,2026-01-03,18,quantile,0.55,532.7888874722754
2025-12-20,wk inc flu hosp,1,2026-01-03,18,quantile,0.6,614.1956580847358
2025-12-20,wk inc flu hosp,1,2026-01-03,18,quantile,0.65,694.5412271514365
2025-12-20,wk inc flu hosp,1,2026-01-03,18,quantile,0.7,755.1601982307089
2025-12-20,wk inc flu hosp,1,2026-01-03,18,quantile,0.75,836.2087579719791
2025-12-20,wk inc flu hosp,1,2026-01-03,18,quantile,0.8,956.3389864251282
2025-12-20,wk inc flu hosp,1,2026-01-03,18,quantile,0.85,1100.0488077045252
2025-12-20,wk inc flu hosp,1,2026-01-03,18,quantile,0.9,1330.8800491748814
2025-12-20,wk inc flu hosp,1,2026-01-03,18,quantile,0.95,1949.2705768029273
2025-12-20,wk inc flu hosp,1,2026-01-03,18,quantile,0.975,1968.872600647583
2025-12-20,wk inc flu hosp,1,2026-01-03,18,quantile,0.99,2255.7503846316577
2025-12-20,wk inc flu hosp,1,2026-01-03,19,quantile,0.01,21.21728459829398
2025-12-20,wk inc flu hosp,1,2026-01-03,19,quantile,0.025,28.970721735197447
2025-12-20,wk inc flu hosp,1,2026-01-03,19,quantile,0.05,33.97587897902188
2025-12-20,wk inc flu hosp,1,2026-01-03,19,quantile,0.1,49.491233999497375
2025-12-20,wk inc flu hosp,1,2026-01-03,19,quantile,0.15,56.94557750204088
2025-12-20,wk inc flu hosp,1,2026-01-03,19,quantile,0.2,75.41669063598351
2025-12-20,wk inc flu hosp,1,2026-01-03,19,quantile,0.25,97.39878582240425
2025-12-20,wk inc flu hosp,1,2026-01-03,19,quantile,0.3,112.92742169458154
2025-12-20,wk inc flu hosp,1,2026-01-03,19,quantile,0.35,123.71464375354176
2025-12-20,wk inc flu hosp,1,2026-01-03,19,quantile,0.4,143.670521839643
2025-12-20,wk inc flu hosp,1,2026-01-03,19,quantile,0.45,162.87754499787846
2025-12-20,wk inc flu hosp,1,2026-01-03,19,quantile,0.5,184.1619785065825
2025-12-20,wk inc flu hosp,1,2026-01-03,19,quantile,0.55,207.62322260451336
2025-12-20,wk inc flu hosp,1,2026-01-03,19,quantile,0.6,222.30637835119705
2025-12-20,wk inc flu hosp,1,2026-01-03,19,quantile,0.65,241.99136147760163
2025-12-20,wk inc flu hosp,1,2026-01-03,19,quantile,0.7,260.12349307372983
2025-12-20,wk inc flu hosp,1,2026-01-03,19,quantile,0.75,286.7130863308036
2025-12-20,wk inc flu hosp,1,2026-01-03,19,quantile,0.8,334.4238901472779
2025-12-20,wk inc flu hosp,1,2026-01-03,19,quantile,0.85,392.5452551081822
2025-12-20,wk inc flu hosp,1,2026-01-03,19,quantile,0.9,456.7026993701966
2025-12-20,wk inc flu hosp,1,2026-01-03,19,quantile,0.95,577.2796286660154
2025-12-20,wk inc flu hosp,1,2026-01-03,19,quantile,0.975,671.3127104186659
2025-12-20,wk inc flu hosp,1,2026-01-03,19,quantile,0.99,905.9276788352716
2025-12-20,wk inc flu hosp,1,2026-01-03,20,quantile,0.01,26.415050575953206
2025-12-20,wk inc flu hosp,1,2026-01-03,20,quantile,0.025,34.85839661912517
2025-12-20,wk inc flu hosp,1,2026-01-03,20,quantile,0.05,44.62223271314929
2025-12-20,wk inc flu hosp,1,2026-01-03,20,quantile,0.1,56.59014215020524
2025-12-20,wk inc flu hosp,1,2026-01-03,20,quantile,0.15,64.1010855794952
2025-12-20,wk inc flu hosp,1,2026-01-03,20,quantile,0.2,76.7763375033771
2025-12-20,wk inc flu hosp,1,2026-01-03,20,quantile,0.25,88.84679656728717
2025-12-20,wk inc flu hosp,1,2026-01-03,20,quantile,0.3,96.58890385803726
2025-12-20,wk inc flu hosp,1,2026-01-03,20,quantile,0.35,103.24377504219314
2025-12-20,wk inc flu hosp,1,2026-01-03,20,quantile,0.4,112.25914866410822
2025-12-20,wk inc flu hosp,1,2026-01-03,20,quantile,0.45,121.50878480911192
2025-12-20,wk inc flu hosp,1,2026-01-03,20,quantile,0.5,136.7197297202263
2025-12-20,wk inc flu hosp,1,2026-01-03,20,quantile,0.55,153.86614411086657
2025-12-20,wk inc flu hosp,1,2026-01-03,20,quantile,0.6,174.87299736176942
2025-12-20,wk inc flu hosp,1,2026-01-03,20,quantile,0.65,203.9650676577558
2025-12-20,wk inc flu hosp,1,2026-01-03,20,quantile,0.7,229.67943528304932
2025-12-20,wk inc flu hosp,1,2026-01-03,20,quantile,0.75,248.50207395564826
2025-12-20,wk inc flu hosp,1,2026-01-03,20,quantile,0.8,275.5816277109673
2025-12-20,wk inc flu hosp,1,2026-01-03,20,quantile,0.85,313.611737276027
2025-12-20,wk inc flu hosp,1,2026-01-03,20,quantile,0.9,359.97515608940677
2025-12-20,wk inc flu hosp,1,2026-01-03,20,quantile,0.95,457.701897143905
2025-12-20,wk inc flu hosp,1,2026-01-03,20,quantile,0.975,567.6075007489877
2025-12-20,wk inc flu hosp,1,2026-01-03,20,quantile,0.99,577.2303220580634
2025-12-20,wk inc flu hosp,1,2026-01-03,21,quantile,0.01,55.63023733523193
2025-12-20,wk inc flu hosp,1,2026-01-03,21,quantile,0.025,71.22107925880657
2025-12-20,wk inc flu hosp,1,2026-01-03,21,quantile,0.05,89.61709670443007
2025-12-20,wk inc flu hosp,1,2026-01-03,21,quantile,0.1,126.58920411333747
2025-12-20,wk inc flu hosp,1,2026-01-03,21,quantile,0.15,145.5341895381606
2025-12-20,wk inc flu hosp,1,2026-01-03,21,quantile,0.2,166.45537853947053
2025-12-20,wk inc flu hosp,1,2026-01-03,21,quantile,0.25,190.37244778163048
2025-12-20,wk inc flu hosp,1,2026-01-03,21,quantile,0.3,215.16573324711138
2025-12-20,wk inc flu hosp,1,2026-01-03,21,quantile,0.35,238.97951833098108
2025-12-20,wk inc flu hosp,1,2026-01-03,21,quantile,0.4,265.11080336865615
2025-12-20,wk inc flu hosp,1,2026-01-03,21,quantile,0.45,294.28467206897574
2025-12-20,wk inc flu hosp,1,2026-01-03,21,quantile,0.5,327.9500643994396
2025-12-20,wk inc flu hosp,1,2026-01-03,21,quantile,0.55,365.286557607885
2025-12-20,wk inc flu hosp,1,2026-01-03,21,quantile,0.6,419.465092314067
2025-12-20,wk inc flu hosp,1,2026-01-03,21,quantile,0.65,464.94768803443156
2025-12-20,wk inc flu hosp,1,2026-01-03,21,quantile,0.7,534.4535094690551
2025-12-20,wk inc flu hosp,1,2026-01-03,21,quantile,0.75,589.352255114555
2025-12-20,wk inc flu hosp,1,2026-01-03,21,quantile,0.8,647.8541694568178
2025-12-20,wk inc flu hosp,1,2026-01-03,21,quantile,0.85,724.5354153797309
2025-12-20,wk inc flu hosp,1,2026-01-03,21,quantile,0.9,906.323284917008
2025-12-20,wk inc flu hosp,1,2026-01-03,21,quantile,0.95,1119.5549677700417
2025-12-20,wk inc flu hosp,1,2026-01-03,21,quantile,0.975,1519.7637753915392
2025-12-20,wk inc flu hosp,1,2026-01-03,21,quantile,0.99,1762.2642273229897
2025-12-20,wk inc flu hosp,1,2026-01-03,22,quantile,0.01,92.91298452017215
2025-12-20,wk inc flu hosp,1,2026-01-03,22,quantile,0.025,124.49679107844928
2025-12-20,wk inc flu hosp,1,2026-01-03,22,quantile,0.05,155.80783846454466
2025-12-20,wk inc flu hosp,1,2026-01-03,22,quantile,0.1,196.47962369913495
2025-12-20,wk inc flu hosp,1,2026-01-03,22,quantile,0.15,230.5940034086252
2025-12-20,wk inc flu hosp,1,2026-01-03,22,quantile,0.2,264.34387537418075
2025-12-20,wk inc flu hosp,1,2026-01-03,22,quantile,0.25,292.72725084370546
2025-12-20,wk inc flu hosp,1,2026-01-03,22,quantile,0.3,321.29192040607455
2025-12-20,wk inc flu hosp,1,2026-01-03,22,quantile,0.35,354.11705201738954
2025-12-20,wk inc flu hosp,1,2026-01-03,22,quantile,0.4,392.44012780631436
2025-12-20,wk inc flu hosp,1,2026-01-03,22,quantile,0.45,425.6357062334148
2025-12-20,wk inc flu hosp,1,2026-01-03,22,quantile,0.5,476.594612985777
2025-12-20,wk inc flu hosp,1,2026-01-03,22,quantile,0.55,542.7817109204407
2025-12-20,wk inc flu hosp,1,2026-01-03,22,quantile,0.6,620.3935912356312
2025-12-20,wk inc flu hosp,1,2026-01-03,22,quantile,0.65,751.7304347554782
2025-12-20,wk inc flu hosp,1,2026-01-03,22,quantile,0.7,819.1615115735874
2025-12-20,wk inc flu hosp,1,2026-01-03,22,quantile,0.75,912.1329845016307
2025-12-20,wk inc flu hosp,1,2026-01-03,22,quantile,0.8,1064.0798288754788
2025-12-20,wk inc flu hosp,1,2026-01-03,22,quantile,0.85,1196.3403952486058
2025-12-20,wk inc flu hosp,1,2026-01-03,22,quantile,0.9,1336.5075316087798
2025-12-20,wk inc flu hosp,1,2026-01-03,22,quantile,0.95,1531.7146462220542
2025-12-20,wk inc flu hosp,1,2026-01-03,22,quantile,0.975,1620.9371405811207
2025-12-20,wk inc flu hosp,1,2026-01-03,22,quantile,0.99,1709.7387136942707
2025-12-20,wk inc flu hosp,1,2026-01-03,23,quantile,0.01,20.82015138660016
2025-12-20,wk inc flu hosp,1,2026-01-03,23,quantile,0.025,22.79571634846768
2025-12-20,wk inc flu hosp,1,2026-01-03,23,quantile,0.05,27.940062303434058
2025-12-20,wk inc flu hosp,1,2026-01-03,23,quantile,0.1,36.75461168028266
2025-12-20,wk inc flu hosp,1,2026-01-03,23,quantile,0.15,42.965222468438526
2025-12-20,wk inc flu hosp,1,2026-01-03,23,quantile,0.2,47.9666004572803
2025-12-20,wk inc flu hosp,1,2026-01-03,23,quantile,0.25,54.18442347029268
2025-12-20,wk inc flu hosp,1,2026-01-03,23,quantile,0.3,61.090031107538074
2025-12-20,wk inc flu hosp,1,2026-01-03,23,quantile,0.35,69.35960216010587
2025-12-20,wk inc flu hosp,1,2026-01-03,23,quantile,0.4,76.50028392407448
2025-12-20,wk inc flu hosp,1,2026-01-03,23,quantile,0.45,83.5785702573999
2025-12-20,wk inc flu hosp,1,2026-01-03,23,quantile,0.5,90.11268622511223
2025-12-20,wk inc flu hosp,1,2026-01-03,23,quantile,0.55,102.09000879221331
2025-12-20,wk inc flu hosp,1,2026-01-03,23,quantile,0.6,118.13749724154137
2025-12-20,wk inc flu hosp,1,2026-01-03,23,quantile,0.65,137.51438412323952
2025-12-20,wk inc flu hosp,1,2026-01-03,23,quantile,0.7,167.23228987425827
2025-12-20,wk inc flu hosp,1,2026-01-03,23,quantile,0.75,220.6497099955689
2025-12-20,wk inc flu hosp,1,2026-01-03,23,quantile,0.8,263.94360794688447
2025-12-20,wk inc flu hosp,1,2026-01-03,23,quantile,0.85,287.2433542702223
2025-12-20,wk inc flu hosp,1,2026-01-03,23,quantile,0.9,324.4133111320065
2025-12-20,wk inc flu hosp,1,2026-01-03,23,quantile,0.95,413.41391826621714
2025-12-20,wk inc flu hosp,1,2026-01-03,23,quantile,0.975,440.39689005293445
2025-12-20,wk inc flu hosp,1,2026-01-03,23,quantile,0.99,455.094591465098
2025-12-20,wk inc flu hosp,1,2026-01-03,24,quantile,0.01,104.93052149688613
2025-12-20,wk inc flu hosp,1,2026-01-03,24,quantile,0.025,111.76181838704282
2025-12-20,wk inc flu hosp,1,2026-01-03,24,quantile,0.05,133.57770629293128
2025-12-20,wk inc flu hosp,1,2026-01-03,24,quantile,0.1,180.3441189958852
2025-12-20,wk inc flu hosp,1,2026-01-03,24,quantile,0.15,210.71737454313364
2025-12-20,wk inc flu hosp,1,2026-01-03,24,quantile,0.2,236.4165832259239
2025-12-20,wk inc flu hosp,1,2026-01-03,24,quantile,0.25,262.02422223714916
2025-12-20,wk inc flu hosp,1,2026-01-03,24,quantile,0.3,293.6105342175165
2025-12-20,wk inc flu hosp,1,2026-01-03,24,quantile,0.35,326.8028433276102
2025-12-20,wk inc flu hosp,1,2026-01-03,24,quantile,0.4,365.21785883037103
2025-12-20,wk inc flu hosp,1,2026-01-03,24,quantile,0.45,423.01246777263907
2025-12-20,wk inc flu hosp,1,2026-01-03,24,quantile,0.5,513.1691899520242
2025-12-20,wk inc flu hosp,1,2026-01-03,24,quantile,0.55,604.5975475829321
2025-12-20,wk inc flu hosp,1,2026-01-03,24,quantile,0.6,690.5104371591899
2025-12-20,wk inc flu hosp,1,2026-01-03,24,quantile,0.65,721.3003856793014
2025-12-20,wk inc flu hosp,1,2026-01-03,24,quantile,0.7,837.0531991706457
2025-12-20,wk inc flu hosp,1,2026-01-03,24,quantile,0.75,1041.3386973177517
2025-12-20,wk inc flu hosp,1,2026-01-03,24,quantile,0.8,1209.9345474838728
2025-12-20,wk inc flu hosp,1,2026-01-03,24,quantile,0.85,1312.724804074823
2025-12-20,wk inc flu hosp,1,2026-01-03,24,quantile,0.9,1418.059968930301
2025-12-20,wk inc flu hosp,1,2026-01-03,24,quantile,0.95,1555.1518489630841
2025-12-20,wk inc flu hosp,1,2026-01-03,24,quantile,0.975,1674.0707848645914
2025-12-20,wk inc flu hosp,1,2026-01-03,24,quantile,0.99,1966.062912451354
2025-12-20,wk inc flu hosp,1,2026-01-03,25,quantile,0.01,87.753890155378
2025-12-20,wk inc flu hosp,1,2026-01-03,25,quantile,0.025,212.4085249698945
2025-12-20,wk inc flu hosp,1,2026-01-03,25,quantile,0.05,237.5124873969446
2025-12-20,wk inc flu hosp,1,2026-01-03,25,quantile,0.1,311.4021656889491
2025-12-20,wk inc flu hosp,1,2026-01-03,25,quantile,0.15,371.61390425462946
2025-12-20,wk inc flu hosp,1,2026-01-03,25,quantile,0.2,420.49152154469954
2025-12-20,wk inc flu hosp,1,2026-01-03,25,quantile,0.25,461.1187018462436
2025-12-20,wk inc flu hosp,1,2026-01-03,25,quantile,0.3,498.9375155152753
2025-12-20,wk inc flu hosp,1,2026-01-03,25,quantile,0.35,535.901780494334
2025-12-20,wk inc flu hosp,1,2026-01-03,25,quantile,0.4,565.2036377340171
2025-12-20,wk inc flu hosp,1,2026-01-03,25,quantile,0.45,612.5921854172453
2025-12-20,wk inc flu hosp,1,2026-01-03,25,quantile,0.5,677.7235878162285
2025-12-20,wk inc flu hosp,1,2026-01-03,25,quantile,0.55,763.0638580517326
2025-12-20,wk inc flu hosp,1,2026-01-03,25,quantile,0.6,820.4595064520034
2025-12-20,wk inc flu hosp,1,2026-01-03,25,quantile,0.65,930.682959146557
2025-12-20,wk inc flu hosp,1,2026-01-03,25,quantile,0.7,1057.6549917338737
2025-12-20,wk inc flu hosp,1,2026-01-03,25,quantile,0.75,1345.471208741956
2025-12-20,wk inc flu hosp,1,2026-01-03,25,quantile,0.8,1502.3430952555273
2025-12-20,wk inc flu hosp,1,2026-01-03,25,quantile,0.85,1828.7178626139419
2025-12-20,wk inc flu hosp,1,2026-01-03,25,quantile,0.9,2071.363380397338
2025-12-20,wk inc flu hosp,1,2026-01-03,25,quantile,0.95,2425.119094534097
2025-12-20,wk inc flu hosp,1,2026-01-03,25,quantile,0.975,2910.561618797982
2025-12-20,wk inc flu hosp,1,2026-01-03,25,quantile,0.99,3169.337381930169
2025-12-20,wk inc flu hosp,1,2026-01-03,26,quantile,0.01,133.281074688611
2025-12-20,wk inc flu hosp,1,2026-01-03,26,quantile,0.025,165.24414428358546
2025-12-20,wk inc flu hosp,1,2026-01-03,26,quantile,0.05,217.62023222870434
2025-12-20,wk inc flu hosp,1,2026-01-03,26,quantile,0.1,273.2234817389468
2025-12-20,wk inc flu hosp,1,2026-01-03,26,quantile,0.15,318.45624216935573
2025-12-20,wk inc flu hosp,1,2026-01-03,26,quantile,0.2,362.35670174561915
2025-12-20,wk inc flu hosp,1,2026-01-03,26,quantile,0.25,412.3390702333761
2025-12-20,wk inc flu hosp,1,2026-01-03,26,quantile,0.3,465.9496924857185
2025-12-20,wk inc flu hosp,1,2026-01-03,26,quantile,0.35,524.7150513996174
2025-12-20,wk inc flu hosp,1,2026-01-03,26,quantile,0.4,589.6873877990641
2025-12-20,wk inc flu hosp,1,2026-01-03,26,quantile,0.45,661.3051686376227
2025-12-20,wk inc flu hosp,1,2026-01-03,26,quantile,0.5,719.3595581559803
2025-12-20,wk inc flu hosp,1,2026-01-03,26,quantile,0.55,779.7669311934047
2025-12-20,wk inc flu hosp,1,2026-01-03,26,quantile,0.6,871.2663654010933
2025-12-20,wk inc flu hosp,1,2026-01-03,26,quantile,0.65,986.0206321801089
2025-12-20,wk inc flu hosp,1,2026-01-03,26,quantile,0.7,1058.0193205914766
2025-12-20,wk inc flu hosp,1,2026-01-03,26,quantile,0.75,1125.4901349104762
2025-12-20,wk inc flu hosp,1,2026-01-03,26,quantile,0.8,1255.1218564545957
2025-12-20,wk inc flu hosp,1,2026-01-03,26,quantile,0.85,1408.218581625074
2025-12-20,wk inc flu hosp,1,2026-01-03,26,quantile,0.9,1601.146458404107
2025-12-20,wk inc flu hosp,1,2026-01-03,26,quantile,0.95,1979.4487283533429
2025-12-20,wk inc flu hosp,1,2026-01-03,26,quantile,0.975,2294.2860621308514
2025-12-20,wk inc flu hosp,1,2026-01-03,26,quantile,0.99,2410.3444938261373
2025-12-20,wk inc flu hosp,1,2026-01-03,27,quantile,0.01,42.018936224049305
2025-12-20,wk inc flu hosp,1,2026-01-03,27,quantile,0.025,82.62417978500395
2025-12-20,wk inc flu hosp,1,2026-01-03,27,quantile,0.05,171.52294466365663
2025-12-20,wk inc flu hosp,1,2026-01-03,27,quantile,0.1,269.56571236061814
2025-12-20,wk inc flu hosp,1,2026-01-03,27,quantile,0.15,320.4096131541273
2025-12-20,wk inc flu hosp,1,2026-01-03,27,quantile,0.2,375.76337372895256
2025-12-20,wk inc flu hosp,1,2026-01-03,27,quantile,0.25,427.90299857385236
2025-12-20,wk inc flu hosp,1,2026-01-03,27,quantile,0.3,470.78455041214283
2025-12-20,wk inc flu hosp,1,2026-01-03,27,quantile,0.35,514.6436500580576
2025-12-20,wk inc flu hosp,1,2026-01-03,27,quantile,0.4,568.2814822726715
2025-12-20,wk inc flu hosp,1,2026-01-03,27,quantile,0.45,620.6041654453269
2025-12-20,wk inc flu hosp,1,2026-01-03,27,quantile,0.5,670.7781161817223
2025-12-20,wk inc flu hosp,1,2026-01-03,27,quantile,0.55,750.9229856383876
2025-12-20,wk inc flu hosp,1,2026-01-03,27,quantile,0.6,887.4505051563378
2025-12-20,wk inc flu hosp,1,2026-01-03,27,quantile,0.65,1057.138652128379
2025-12-20,wk inc flu hosp,1,2026-01-03,27,quantile,0.7,1275.372330365818
2025-12-20,wk inc flu hosp,1,2026-01-03,27,quantile,0.75,1560.8336013635828
2025-12-20,wk inc flu hosp,1,2026-01-03,27,quantile,0.8,1778.498841754589
2025-12-20,wk inc flu hosp,1,2026-01-03,27,quantile,0.85,1893.5459194324865
2025-12-20,wk inc flu hosp,1,2026-01-03,27,quantile,0.9,2356.521250442468
2025-12-20,wk inc flu hosp,1,2026-01-03,27,quantile,0.95,2980.5600456194215
2025-12-20,wk inc flu hosp,1,2026-01-03,27,quantile,0.975,3023.4190453518827
2025-12-20,wk inc flu hosp,1,2026-01-03,27,quantile,0.99,3096.676444602353
2025-12-20,wk inc flu hosp,1,2026-01-03,28,quantile,0.01,37.57790662708944
2025-12-20,wk inc flu hosp,1,2026-01-03,28,quantile,0.025,45.49552392891196
2025-12-20,wk inc flu hosp,1,2026-01-03,28,quantile,0.05,69.3404868776353
2025-12-20,wk inc flu hosp,1,2026-01-03,28,quantile,0.1,91.8550595303526
2025-12-20,wk inc flu hosp,1,2026-01-03,28,quantile,0.15,113.59686348981509
2025-12-20,wk inc flu hosp,1,2026-01-03,28,quantile,0.2,127.85702718090596
2025-12-20,wk inc flu hosp,1,2026-01-03,28,quantile,0.25,140.61308820665025
2025-12-20,wk inc flu hosp,1,2026-01-03,28,quantile,0.3,152.2481421699489
2025-12-20,wk inc flu hosp,1,2026-01-03,28,quantile,0.35,165.5177102202181
2025-12-20,wk inc flu hosp,1,2026-01-03,28,quantile,0.4,178.78266560525068
2025-12-20,wk inc flu hosp,1,2026-01-03,28,quantile,0.45,193.74080026931068
2025-12-20,wk inc flu hosp,1,2026-01-03,28,quantile,0.5,204.38233788529814
2025-12-20,wk inc flu hosp,1,2026-01-03,28,quantile,0.55,225.54649596278105
2025-12-20,wk inc flu hosp,1,2026-01-03,28,quantile,0.6,247.16703345151723
2025-12-20,wk inc flu hosp,1,2026-01-03,28,quantile,0.65,264.37135086753153
2025-12-20,wk inc flu hosp,1,2026-01-03,28,quantile,0.7,277.46968031273184
2025-12-20,wk inc flu hosp,1,2026-01-03,28,quantile,0.75,301.7495495481679
2025-12-20,wk inc flu hosp,1,2026-01-03,28,quantile,0.8,322.20959636756055
2025-12-20,wk inc flu hosp,1,2026-01-03,28,quantile,0.85,371.33025432852435
2025-12-20,wk inc flu hosp,1,2026-01-03,28,quantile,0.9,447.7330995929869
2025-12-20,wk inc flu hosp,1,2026-01-03,28,quantile,0.95,566.064938487123
2025-12-20,wk inc flu hosp,1,2026-01-03,28,quantile,0.975,642.4276172472341
2025-12-20,wk inc flu hosp,1,2026-01-03,28,quantile,0.99,665.3265231575656
2025-12-20,wk inc flu hosp,1,2026-01-03,29,quantile,0.01,58.417036359261175
2025-12-20,wk inc flu hosp,1,2026-01-03,29,quantile,0.025,68.50546066415777
2025-12-20,wk inc flu hosp,1,2026-01-03,29,quantile,0.05,84.7658863162405
2025-12-20,wk inc flu hosp,1,2026-01-03,29,quantile,0.1,120.04740372781936
2025-12-20,wk inc flu hosp,1,2026-01-03,29,quantile,0.15,139.2433876255588
2025-12-20,wk inc flu hosp,1,2026-01-03,29,quantile,0.2,176.65436533844326
2025-12-20,wk inc flu hosp,1,2026-01-03,29,quantile,0.25,207.19015047625263
2025-12-20,wk inc flu hosp,1,2026-01-03,29,quantile,0.3,224.3438026373454
2025-12-20,wk inc flu hosp,1,2026-01-03,29,quantile,0.35,235.71995468704372
2025-12-20,wk inc flu hosp,1,2026-01-03,29,quantile,0.4,253.5768234135985
2025-12-20,wk inc flu hosp,1,2026-01-03,29,quantile,0.45,285.03762968652796
2025-12-20,wk inc flu hosp,1,2026-01-03,29,quantile,0.5,312.74054804970734
2025-12-20,wk inc flu hosp,1,2026-01-03,29,quantile,0.55,332.30140464404093
2025-12-20,wk inc flu hosp,1,2026-01-03,29,quantile,0.6,354.4469439840466
2025-12-20,wk inc flu hosp,1,2026-01-03,29,quantile,0.65,383.11278992360536
2025-12-20,wk inc flu hosp,1,2026-01-03,29,quantile,0.7,411.83343738762596
2025-12-20,wk inc flu hosp,1,2026-01-03,29,quantile,0.75,454.9363179085311
2025-12-20,wk inc flu hosp,1,2026-01-03,29,quantile,0.8,498.58523837449866
2025-12-20,wk inc flu hosp,1,2026-01-03,29,quantile,0.85,581.9603552486955
2025-12-20,wk inc flu hosp,1,2026-01-03,29,quantile,0.9,677.5509209379419
2025-12-20,wk inc flu hosp,1,2026-01-03,29,quantile,0.95,770.3596931081396
2025-12-20,wk inc flu hosp,1,2026-01-03,29,quantile,0.975,812.4077283641503
2025-12-20,wk inc flu hosp,1,2026-01-03,29,quantile,0.99,943.3612624618377
2025-12-20,wk inc flu hosp,1,2026-01-03,30,quantile,0.01,5.675116412392299
2025-12-20,wk inc flu hosp,1,2026-01-03,30,quantile,0.025,7.612895209714905
2025-12-20,wk inc flu hosp,1,2026-01-03,30,quantile,0.05,11.572353897042266
2025-12-20,wk inc flu hosp,1,2026-01-03,30,quantile,0.1,16.55868542097538
2025-12-20,wk inc flu hosp,1,2026-01-03,30,quantile,0.15,22.01092958139366
2025-12-20,wk inc flu hosp,1,2026-01-03,30,quantile,0.2,26.688041771778806
2025-12-20,wk inc flu hosp,1,2026-01-03,30,quantile,0.25,29.05656643699947
2025-12-20,wk inc flu hosp,1,2026-01-03,30,quantile,0.3,31.754818746191127
2025-12-20,wk inc flu hosp,1,2026-01-03,30,quantile,0.35,34.232248241236455
2025-12-20,wk inc flu hosp,1,2026-01-03,30,quantile,0.4,37.74713113853297
2025-12-20,wk inc flu hosp,1,2026-01-03,30,quantile,0.45,41.098176301897034
2025-12-20,wk inc flu hosp,1,2026-01-03,30,quantile,0.5,45.89358149363307
2025-12-20,wk inc flu hosp,1,2026-01-03,30,quantile,0.55,49.7011344095872
2025-12-20,wk inc flu hosp,1,2026-01-03,30,quantile,0.6,54.40062187362362
2025-12-20,wk inc flu hosp,1,2026-01-03,30,quantile,0.65,59.204867882906434
2025-12-20,wk inc flu hosp,1,2026-01-03,30,quantile,0.7,62.915678339710595
2025-12-20,wk inc flu hosp,1,2026-01-03,30,quantile,0.75,68.53216144750208
2025-12-20,wk inc flu hosp,1,2026-01-03,30,quantile,0.8,77.16248976519888
2025-12-20,wk inc flu hosp,1,2026-01-03,30,quantile,0.85,88.96744001908125
2025-12-20,wk inc flu hosp,1,2026-01-03,30,quantile,0.9,123.12984774041468
2025-12-20,wk inc flu hosp,1,2026-01-03,30,quantile,0.95,142.86663947846415
2025-12-20,wk inc flu hosp,1,2026-01-03,30,quantile,0.975,149.67195851437515
2025-12-20,wk inc flu hosp,1,2026-01-03,30,quantile,0.99,172.5159072194795
2025-12-20,wk inc flu hosp,1,2026-01-03,31,quantile,0.01,12.374450570524342
2025-12-20,wk inc flu hosp,1,2026-01-03,31,quantile,0.025,16.129039706798846
2025-12-20,wk inc flu hosp,1,2026-01-03,31,quantile,0.05,20.930479906971748
2025-12-20,wk inc flu hosp,1,2026-01-03,31,quantile,0.1,27.569020724050343
2025-12-20,wk inc flu hosp,1,2026-01-03,31,quantile,0.15,34.19255944662472
2025-12-20,wk inc flu hosp,1,2026-01-03,31,quantile,0.2,40.801319329268345
2025-12-20,wk inc flu hosp,1,2026-01-03,31,quantile,0.25,47.8012261675992
2025-12-20,wk inc flu hosp,1,2026-01-03,31,quantile,0.3,54.847124012456185
2025-12-20,wk inc flu hosp,1,2026-01-03,31,quantile,0.35,60.6172275685811
2025-12-20,wk inc flu hosp,1,2026-01-03,31,quantile,0.4,68.13129980708993
2025-12-20,wk inc flu hosp,1,2026-01-03,31,quantile,0.45,83.76043885437937
2025-12-20,wk inc flu hosp,1,2026-01-03,31,quantile,0.5,100.81216234290224
2025-12-20,wk inc flu hosp,1,2026-01-03,31,quantile,0.55,120.35389734858529
2025-12-20,wk inc flu hosp,1,2026-01-03,31,quantile,0.6,140.07870165381615
2025-12-20,wk inc flu hosp,1,2026-01-03,31,quantile,0.65,163.92035077305383
2025-12-20,wk inc flu hosp,1,2026-01-03,31,quantile,0.7,188.06042193761505
2025-12-20,wk inc flu hosp,1,2026-01-03,31,quantile,0.75,217.99880509224388
2025-12-20,wk inc flu hosp,1,2026-01-03,31,quantile,0.8,249.07564941133458
2025-12-20,wk inc flu hosp,1,2026-01-03,31,quantile,0.85,300.4052376648588
2025-12-20,wk inc flu hosp,1,2026-01-03,31,quantile,0.9,341.3569557535319
2025-12-20,wk inc flu hosp,1,2026-01-03,31,quantile,0.95,362.2163646324166
2025-12-20,wk inc flu hosp,1,2026-01-03,31,quantile,0.975,457.36008468614205
2025-12-20,wk inc flu hosp,1,2026-01-03,31,quantile,0.99,497.5538919010192
2025-12-20,wk inc flu hosp,1,2026-01-03,32,quantile,0.01,44.23143716683776
2025-12-20,wk inc flu hosp,1,2026-01-03,32,quantile,0.025,51.71114172389496
2025-12-20,wk inc flu hosp,1,2026-01-03,32,quantile,0.05,60.325560282985684
2025-12-20,wk inc flu hosp,1,2026-01-03,32,quantile,0.1,76.88170237156608
2025-12-20,wk inc flu hosp,1,2026-01-03,32,quantile,0.15,89.60069449991754
2025-12-20,wk inc flu hosp,1,2026-01-03,32,quantile,0.2,105.8900489322578
2025-12-20,wk inc flu hosp,1,2026-01-03,32,quantile,0.25,118.29122222596503
2025-12-20,wk inc flu hosp,1,2026-01-03,32,quantile,0.3,131.52003991164617
2025-12-20,wk inc flu hosp,1,2026-01-03,32,quantile,0.35,148.6749977758539
2025-12-20,wk inc flu hosp,1,2026-01-03,32,quantile,0.4,158.6884603456014
2025-12-20,wk inc flu hosp,1,2026-01-03,32,quantile,0.45,172.53972509995788
2025-12-20,wk inc flu hosp,1,2026-01-03,32,quantile,0.5,188.71616331775078
2025-12-20,wk inc flu hosp,1,2026-01-03,32,quantile,0.55,202.80976987330232
2025-12-20,wk inc flu hosp,1,2026-01-03,32,quantile,0.6,221.58957815574001
2025-12-20,wk inc flu hosp,1,2026-01-03,32,quantile,0.65,242.6749258849441
2025-12-20,wk inc flu hosp,1,2026-01-03,32,quantile,0.7,270.32429338186626
2025-12-20,wk inc flu hosp,1,2026-01-03,32,quantile,0.75,303.4456750175899
2025-12-20,wk inc flu hosp,1,2026-01-03,32,quantile,0.8,327.01210492148743
2025-12-20,wk inc flu hosp,1,2026-01-03,32,quantile,0.85,344.2520138031414
2025-12-20,wk inc flu hosp,1,2026-01-03,32,quantile,0.9,389.0797439174302
2025-12-20,wk inc flu hosp,1,2026-01-03,32,quantile,0.95,473.6254180609738
2025-12-20,wk inc flu hosp,1,2026-01-03,32,quantile,0.975,526.9113218649759
2025-12-20,wk inc flu hosp,1,2026-01-03,32,quantile,0.99,549.2252019286797
2025-12-20,wk inc flu hosp,1,2026-01-03,33,quantile,0.01,5.331772570915235
2025-12-20,wk inc flu hosp,1,2026-01-03,33,quantile,0.025,10.051028910696175
2025-12-20,wk inc flu hosp,1,2026-01-03,33,quantile,0.05,19.18265557184301
2025-12-20,wk inc flu hosp,1,2026-01-03,33,quantile,0.1,30.97849181086996
2025-12-20,wk inc flu hosp,1,2026-01-03,33,quantile,0.15,40.31746670568316
2025-12-20,wk inc flu hosp,1,2026-01-03,33,quantile,0.2,48.14545514750456
2025-12-20,wk inc flu hosp,1,2026-01-03,33,quantile,0.25,56.05597531506334
2025-12-20,wk inc flu hosp,1,2026-01-03,33,quantile,0.3,64.46904278422231
2025-12-20,wk inc flu hosp,1,2026-01-03,33,quantile,0.35,74.3691889822451
2025-12-20,wk inc flu hosp,1,2026-01-03,33,quantile,0.4,87.43505419741052
2025-12-20,wk inc flu hosp,1,2026-01-03,33,quantile,0.45,103.16740720530186
2025-12-20,wk inc flu hosp,1,2026-01-03,33,quantile,0.5,120.77459472290448
2025-12-20,wk inc flu hosp,1,2026-01-03,33,quantile,0.55,143.2870333102743
2025-12-20,wk inc flu hosp,1,2026-01-03,33,quantile,0.6,175.04577688563515
2025-12-20,wk inc flu hosp,1,2026-01-03,33,quantile,0.65,208.99752312951347
2025-12-20,wk inc flu hosp,1,2026-01-03,33,quantile,0.7,244.82486513813552
2025-12-20,wk inc flu hosp,1,2026-01-03,33,quantile,0.75,280.1477563431669
2025-12-20,wk inc flu hosp,1,2026-01-03,33,quantile,0.8,310.2927024941543
2025-12-20,wk inc flu hosp,1,2026-01-03,33,quantile,0.85,342.9945621848191
2025-12-20,wk inc flu hosp,1,2026-01-03,33,quantile,0.9,398.55184524927995
2025-12-20,wk inc flu hosp,1,2026-01-03,33,quantile,0.95,463.24732131785504
2025-12-20,wk inc flu hosp,1,2026-01-03,33,quantile,0.975,491.68164011953303
2025-12-20,wk inc flu hosp,1,2026-01-03,33,quantile,0.99,511.9922392711213
2025-12-20,wk inc flu hosp,1,2026-01-03,34,quantile,0.01,267.5877353540806
2025-12-20,wk inc flu hosp,1,2026-01-03,34,quantile,0.025,355.80341274704125
2025-12-20,wk inc flu hosp,1,2026-01-03,34,quantile,0.05,438.892502918761
2025-12-20,wk inc flu hosp,1,2026-01-03,34,quantile,0.1,536.4685864700033
2025-12-20,wk inc flu hosp,1,2026-01-03,34,quantile,0.15,640.1390117018678
2025-12-20,wk inc flu hosp,1,2026-01-03,34,quantile,0.2,710.974266444011
2025-12-20,wk inc flu hosp,1,2026-01-03,34,quantile,0.25,797.226750156876
2025-12-20,wk inc flu hosp,1,2026-01-03,34,quantile,0.3,901.1143707146913
2025-12-20,wk inc flu hosp,1,2026-01-03,34,quantile,0.35,1024.034499459175
2025-12-20,wk inc flu hosp,1,2026-01-03,34,quantile,0.4,1121.2489424183425
2025-12-20,wk inc flu hosp,1,2026-01-03,34,quantile,0.45,1245.8997071412452
2025-12-20,wk inc flu hosp,1,2026-01-03,34,quantile,0.5,1384.766845760631
2025-12-20,wk inc flu hosp,1,2026-01-03,34,quantile,0.55,1636.1650225381604
2025-12-20,wk inc flu hosp,1,2026-01-03,34,quantile,0.6,1976.8435617400269
2025-12-20,wk inc flu hosp,1,2026-01-03,34,quantile,0.65,2420.0752675194794
2025-12-20,wk inc flu hosp,1,2026-01-03,34,quantile,0.7,2741.0185954137187
2025-12-20,wk inc flu hosp,1,2026-01-03,34,quantile,0.75,3201.8013955803785
2025-12-20,wk inc flu hosp,1,2026-01-03,34,quantile,0.8,3636.860358826049
2025-12-20,wk inc flu hosp,1,2026-01-03,34,quantile,0.85,3929.6885100966438
2025-12-20,wk inc flu hosp,1,2026-01-03,34,quantile,0.9,4380.7520140543675
2025-12-20,wk inc flu hosp,1,2026-01-03,34,quantile,0.95,6627.686717743174
2025-12-20,wk inc flu hosp,1,2026-01-03,34,quantile,0.975,6812.642699375724
2025-12-20,wk inc flu hosp,1,2026-01-03,34,quantile,0.99,6976.582011976298
2025-12-20,wk inc flu hosp,1,2026-01-03,35,quantile,0.01,12.687417024247884
2025-12-20,wk inc flu hosp,1,2026-01-03,35,quantile,0.025,20.240473662367183
2025-12-20,wk inc flu hosp,1,2026-01-03,35,quantile,0.05,37.673665992976346
2025-12-20,wk inc flu hosp,1,2026-01-03,35,quantile,0.1,59.383159195988085
2025-12-20,wk inc flu hosp,1,2026-01-03,35,quantile,0.15,83.99992840555302
2025-12-20,wk inc flu hosp,1,2026-01-03,35,quantile,0.2,105.6241023018617
2025-12-20,wk inc flu hosp,1,2026-01-03,35,quantile,0.25,124.50744001683967
2025-12-20,wk inc flu hosp,1,2026-01-03,35,quantile,0.3,144.3151008136823
2025-12-20,wk inc flu hosp,1,2026-01-03,35,quantile,0.35,159.82144338570072
2025-12-20,wk inc flu hosp,1,2026-01-03,35,quantile,0.4,181.0746823965495
2025-12-20,wk inc flu hosp,1,2026-01-03,35,quantile,0.45,205.05550298994302
2025-12-20,wk inc flu hosp,1,2026-01-03,35,quantile,0.5,214.4408809810605
2025-12-20,wk inc flu hosp,1,2026-01-03,35,quantile,0.55,235.17169565480475
2025-12-20,wk inc flu hosp,1,2026-01-03,35,quantile,0.6,263.40343044184755
2025-12-20,wk inc flu hosp,1,2026-01-03,35,quantile,0.65,302.8608878217469
2025-12-20,wk inc flu hosp,1,2026-01-03,35,quantile,0.7,320.0873125400589
2025-12-20,wk inc flu hosp,1,2026-01-03,35,quantile,0.75,352.9234568455448
2025-12-20,wk inc flu hosp,1,2026-01-03,35,quantile,0.8,411.9154689692266
2025-12-20,wk inc flu hosp,1,2026-01-03,35,quantile,0.85,457.366426142819
2025-12-20,wk inc flu hosp,1,2026-01-03,35,quantile,0.9,603.5578523029944
2025-12-20,wk inc flu hosp,1,2026-01-03,35,quantile,0.95,852.3772967280958
2025-12-20,wk inc flu hosp,1,2026-01-03,35,quantile,0.975,955.9220029595098
2025-12-20,wk inc flu hosp,1,2026-01-03,35,quantile,0.99,1054.492250319845
2025-12-20,wk inc flu hosp,1,2026-01-03,36,quantile,0.01,330.16289212483485
2025-12-20,wk inc flu hosp,1,2026-01-03,36,quantile,0.025,712.3382712884427
2025-12-20,wk inc flu hosp,1,2026-01-03,36,quantile,0.05,1047.115129554694
2025-12-20,wk inc flu hosp,1,2026-01-03,36,quantile,0.1,1324.9977713033268
2025-12-20,wk inc flu hosp,1,2026-01-03,36,quantile,0.15,1500.8590729520336
2025-12-20,wk inc flu hosp,1,2026-01-03,36,quantile,0.2,1671.148345210869
2025-12-20,wk inc flu hosp,1,2026-01-03,36,quantile,0.25,1867.4076432653144
2025-12-20,wk inc flu hosp,1,2026-01-03,36,quantile,0.3,2082.8320853718933
2025-12-20,wk inc flu hosp,1,2026-01-03,36,quantile,0.35,2302.155979921344
2025-12-20,wk inc flu hosp,1,2026-01-03,36,quantile,0.4,2527.5298803885303
2025-12-20,wk inc flu hosp,1,2026-01-03,36,quantile,0.45,2854.867832506829
2025-12-20,wk inc flu hosp,1,2026-01-03,36,quantile,0.5,3317.524218728663
2025-12-20,wk inc flu hosp,1,2026-01-03,36,quantile,0.55,3773.5643509480196
2025-12-20,wk inc flu hosp,1,2026-01-03,36,quantile,0.6,4377.208194861121
2025-12-20,wk inc flu hosp,1,2026-01-03,36,quantile,0.65,4668.612849507816
2025-12-20,wk inc flu hosp,1,2026-01-03,36,quantile,0.7,5772.1698423647385
2025-12-20,wk inc flu hosp,1,2026-01-03,36,quantile,0.75,6213.110761952549
2025-12-20,wk inc flu hosp,1,2026-01-03,36,quantile,0.8,6775.311912083435
2025-12-20,wk inc flu hosp,1,2026-01-03,36,quantile,0.85,8072.532673130697
2025-12-20,wk inc flu hosp,1,2026-01-03,36,quantile,0.9,10335.510911860803
2025-12-20,wk inc flu hosp,1,2026-01-03,36,quantile,0.95,13749.499398329755
2025-12-20,wk inc flu hosp,1,2026-01-03,36,quantile,0.975,13911.238763962288
2025-12-20,wk inc flu hosp,1,2026-01-03,36,quantile,0.99,14315.384349765936
2025-12-20,wk inc flu hosp,1,2026-01-03,37,quantile,0.01,104.33575273330818
2025-12-20,wk inc flu hosp,1,2026-01-03,37,quantile,0.025,286.25154059004427
2025-12-20,wk inc flu hosp,1,2026-01-03,37,quantile,0.05,373.5232242621619
2025-12-20,wk inc flu hosp,1,2026-01-03,37,quantile,0.1,440.42996095713534
2025-12-20,wk inc flu hosp,1,2026-01-03,37,quantile,0.15,508.31035071158516
2025-12-20,wk inc flu hosp,1,2026-01-03,37,quantile,0.2,576.2268931869289
2025-12-20,wk inc flu hosp,1,2026-01-03,37,quantile,0.25,646.105796236086
2025-12-20,wk inc flu hosp,1,2026-01-03,37,quantile,0.3,712.8625170969002
2025-12-20,wk inc flu hosp,1,2026-01-03,37,quantile,0.35,800.5942579275982
2025-12-20,wk inc flu hosp,1,2026-01-03,37,quantile,0.4,924.3309639247632
2025-12-20,wk inc flu hosp,1,2026-01-03,37,quantile,0.45,1042.7947718388277
2025-12-20,wk inc flu hosp,1,2026-01-03,37,quantile,0.5,1179.3449001309718
2025-12-20,wk inc flu hosp,1,2026-01-03,37,quantile,0.55,1431.7266489274664
2025-12-20,wk inc flu hosp,1,2026-01-03,37,quantile,0.6,1847.418659433354
2025-12-20,wk inc flu hosp,1,2026-01-03,37,quantile,0.65,2240.6940676655254
2025-12-20,wk inc flu hosp,1,2026-01-03,37,quantile,0.7,2456.2653302183717
2025-12-20,wk inc flu hosp,1,2026-01-03,37,quantile,0.75,2664.1662504134674
2025-12-20,wk inc flu hosp,1,2026-01-03,37,quantile,0.8,2853.2449481014983
2025-12-20,wk inc flu hosp,1,2026-01-03,37,quantile,0.85,3494.332317987507
2025-12-20,wk inc flu hosp,1,2026-01-03,37,quantile,0.9,3994.8017210328244
2025-12-20,wk inc flu hosp,1,2026-01-03,37,quantile,0.95,4981.886949526118
2025-12-20,wk inc flu hosp,1,2026-01-03,37,quantile,0.975,5295.096459125032
2025-12-20,wk inc flu hosp,1,2026-01-03,37,quantile,0.99,5471.25389365596
2025-12-20,wk inc flu hosp,1,2026-01-03,38,quantile,0.01,11.450111442493952
2025-12-20,wk inc flu hosp,1,2026-01-03,38,quantile,0.025,16.82380777988714
2025-12-20,wk inc flu hosp,1,2026-01-03,38,quantile,0.05,19.873431185168887
2025-12-20,wk inc flu hosp,1,2026-01-03,38,quantile,0.1,25.93337553359293
2025-12-20,wk inc flu hosp,1,2026-01-03,38,quantile,0.15,31.672011626573283
2025-12-20,wk inc flu hosp,1,2026-01-03,38,quantile,0.2,37.85072989772807
2025-12-20,wk inc flu hosp,1,2026-01-03,38,quantile,0.25,45.206626287758745
2025-12-20,wk inc flu hosp,1,2026-01-03,38,quantile,0.3,52.0608214060281
2025-12-20,wk inc flu hosp,1,2026-01-03,38,quantile,0.35,56.76725984484402
2025-12-20,wk inc flu hosp,1,2026-01-03,38,quantile,0.4,63.06997894021793
2025-12-20,wk inc flu hosp,1,2026-01-03,38,quantile,0.45,69.42520755139317
2025-12-20,wk inc flu hosp,1,2026-01-03,38,quantile,0.5,76.25723928169491
2025-12-20,wk inc flu hosp,1,2026-01-03,38,quantile,0.55,85.66832303676134
2025-12-20,wk inc flu hosp,1,2026-01-03,38,quantile,0.6,95.62965986003627
2025-12-20,wk inc flu hosp,1,2026-01-03,38,quantile,0.65,104.2723973953411
2025-12-20,wk inc flu hosp,1,2026-01-03,38,quantile,0.7,111.05271749797146
2025-12-20,wk inc flu hosp,1,2026-01-03,38,quantile,0.75,137.6526015209499
2025-12-20,wk inc flu hosp,1,2026-01-03,38,quantile,0.8,153.7364972543083
2025-12-20,wk inc flu hosp,1,2026-01-03,38,quantile,0.85,189.89684517508485
2025-12-20,wk inc flu hosp,1,2026-01-03,38,quantile,0.9,218.78768479567438
2025-12-20,wk inc flu hosp,1,2026-01-03,38,quantile,0.95,261.8032842375696
2025-12-20,wk inc flu hosp,1,2026-01-03,38,quantile,0.975,274.4168261009417
2025-12-20,wk inc flu hosp,1,2026-01-03,38,quantile,0.99,280.08862345112
2025-12-20,wk inc flu hosp,1,2026-01-03,39,quantile,0.01,194.06864452689516
2025-12-20,wk inc flu hosp,1,2026-01-03,39,quantile,0.025,217.7032820400256
2025-12-20,wk inc flu hosp,1,2026-01-03,39,quantile,0.05,269.55883462551515
2025-12-20,wk inc flu hosp,1,2026-01-03,39,quantile,0.1,436.8828469657456
2025-12-20,wk inc flu hosp,1,2026-01-03,39,quantile,0.15,575.6308315716492
2025-12-20,wk inc flu hosp,1,2026-01-03,39,quantile,0.2,700.1366707376968
2025-12-20,wk inc flu hosp,1,2026-01-03,39,quantile,0.25,795.1175281102327
2025-12-20,wk inc flu hosp,1,2026-01-03,39,quantile,0.3,909.713832887021
2025-12-20,wk inc flu hosp,1,2026-01-03,39,quantile,0.35,1039.0352034692032
2025-12-20,wk inc flu hosp,1,2026-01-03,39,quantile,0.4,1152.328979427157
2025-12-20,wk inc flu hosp,1,2026-01-03,39,quantile,0.45,1263.212608632376
2025-12-20,wk inc flu hosp,1,2026-01-03,39,quantile,0.5,1396.9925780977037
2025-12-20,wk inc flu hosp,1,2026-01-03,39,quantile,0.55,1503.983576570223
2025-12-20,wk inc flu hosp,1,2026-01-03,39,quantile,0.6,1639.4314514077155
2025-12-20,wk inc flu hosp,1,2026-01-03,39,quantile,0.65,1834.3230242251213
2025-12-20,wk inc flu hosp,1,2026-01-03,39,quantile,0.7,2072.966101543032
2025-12-20,wk inc flu hosp,1,2026-01-03,39,quantile,0.75,2266.397030672619
2025-12-20,wk inc flu hosp,1,2026-01-03,39,quantile,0.8,2721.0433796455354
2025-12-20,wk inc flu hosp,1,2026-01-03,39,quantile,0.85,3329.3113121484985
2025-12-20,wk inc flu hosp,1,2026-01-03,39,quantile,0.9,3641.6423725443187
2025-12-20,wk inc flu hosp,1,2026-01-03,39,quantile,0.95,4861.848729643976
2025-12-20,wk inc flu hosp,1,2026-01-03,39,quantile,0.975,5380.680764114926
2025-12-20,wk inc flu hosp,1,2026-01-03,39,quantile,0.99,5493.134579620055
2025-12-20,wk inc flu hosp,1,2026-01-03,40,quantile,0.01,14.359327940271822
2025-12-20,wk inc flu hosp,1,2026-01-03,40,quantile,0.025,17.059540158743495
2025-12-20,wk inc flu hosp,1,2026-01-03,40,quantile,0.05,20.195007665871287
2025-12-20,wk inc flu hosp,1,2026-01-03,40,quantile,0.1,33.52265856189712
2025-12-20,wk inc flu hosp,1,2026-01-03,40,quantile,0.15,50.86841726590723
2025-12-20,wk inc flu hosp,1,2026-01-03,40,quantile,0.2,58.96408396966965
2025-12-20,wk inc flu hosp,1,2026-01-03,40,quantile,0.25,71.64420471454665
2025-12-20,wk inc flu hosp,1,2026-01-03,40,quantile,0.3,85.19095667171162
2025-12-20,wk inc flu hosp,1,2026-01-03,40,quantile,0.35,96.13073260587801
2025-12-20,wk inc flu hosp,1,2026-01-03,40,quantile,0.4,106.98918325661619
2025-12-20,wk inc flu hosp,1,2026-01-03,40,quantile,0.45,118.20165941179879
2025-12-20,wk inc flu hosp,1,2026-01-03,40,quantile,0.5,129.13228401944997
2025-12-20,wk inc flu hosp,1,2026-01-03,40,quantile,0.55,140.486353597933
2025-12-20,wk inc flu hosp,1,2026-01-03,40,quantile,0.6,150.16163578920575
2025-12-20,wk inc flu hosp,1,2026-01-03,40,quantile,0.65,163.4147620764324
2025-12-20,wk inc flu hosp,1,2026-01-03,40,quantile,0.7,173.538495132176
2025-12-20,wk inc flu hosp,1,2026-01-03,40,quantile,0.75,185.21075504352734
2025-12-20,wk inc flu hosp,1,2026-01-03,40,quantile,0.8,205.55783189080455
2025-12-20,wk inc flu hosp,1,2026-01-03,40,quantile,0.85,235.08753839847688
2025-12-20,wk inc flu hosp,1,2026-01-03,40,quantile,0.9,272.9669570779846
2025-12-20,wk inc flu hosp,1,2026-01-03,40,quantile,0.95,342.01075401472895
2025-12-20,wk inc flu hosp,1,2026-01-03,40,quantile,0.975,424.16401989014764
2025-12-20,wk inc flu hosp,1,2026-01-03,40,quantile,0.99,462.7263221620326
2025-12-20,wk inc flu hosp,1,2026-01-03,41,quantile,0.01,14.805163312557001
2025-12-20,wk inc flu hosp,1,2026-01-03,41,quantile,0.025,16.878741206836104
2025-12-20,wk inc flu hosp,1,2026-01-03,41,quantile,0.05,20.915914185702682
2025-12-20,wk inc flu hosp,1,2026-01-03,41,quantile,0.1,24.58293528434426
2025-12-20,wk inc flu hosp,1,2026-01-03,41,quantile,0.15,29.008089482305614
2025-12-20,wk inc flu hosp,1,2026-01-03,41,quantile,0.2,31.11947401964167
2025-12-20,wk inc flu hosp,1,2026-01-03,41,quantile,0.25,34.83943535034272
2025-12-20,wk inc flu hosp,1,2026-01-03,41,quantile,0.3,40.14700769867531
2025-12-20,wk inc flu hosp,1,2026-01-03,41,quantile,0.35,47.058159366106715
2025-12-20,wk inc flu hosp,1,2026-01-03,41,quantile,0.4,51.62879237424272
2025-12-20,wk inc flu hosp,1,2026-01-03,41,quantile,0.45,57.2404267836344
2025-12-20,wk inc flu hosp,1,2026-01-03,41,quantile,0.5,63.01712042602057
2025-12-20,wk inc flu hosp,1,2026-01-03,41,quantile,0.55,68.70525679256276
2025-12-20,wk inc flu hosp,1,2026-01-03,41,quantile,0.6,73.9435716876269
2025-12-20,wk inc flu hosp,1,2026-01-03,41,quantile,0.65,80.4607880837654
2025-12-20,wk inc flu hosp,1,2026-01-03,41,quantile,0.7,88.48715008305706
2025-12-20,wk inc flu hosp,1,2026-01-03,41,quantile,0.75,93.781333748242
2025-12-20,wk inc flu hosp,1,2026-01-03,41,quantile,0.8,106.38707171388067
2025-12-20,wk inc flu hosp,1,2026-01-03,41,quantile,0.85,117.96122487913631
2025-12-20,wk inc flu hosp,1,2026-01-03,41,quantile,0.9,132.59162024366668
2025-12-20,wk inc flu hosp,1,2026-01-03,41,quantile,0.95,174.24812311669868
2025-12-20,wk inc flu hosp,1,2026-01-03,41,quantile,0.975,185.2558109134036
2025-12-20,wk inc flu hosp,1,2026-01-03,41,quantile,0.99,206.30987113903478
2025-12-20,wk inc flu hosp,1,2026-01-03,42,quantile,0.01,205.12944204705664
2025-12-20,wk inc flu hosp,1,2026-01-03,42,quantile,0.025,290.55637485944186
2025-12-20,wk inc flu hosp,1,2026-01-03,42,quantile,0.05,516.0880797423067
2025-12-20,wk inc flu hosp,1,2026-01-03,42,quantile,0.1,713.9772793622457
2025-12-20,wk inc flu hosp,1,2026-01-03,42,quantile,0.15,894.306841114672
2025-12-20,wk inc flu hosp,1,2026-01-03,42,quantile,0.2,1093.10815208351
2025-12-20,wk inc flu hosp,1,2026-01-03,42,quantile,0.25,1279.9504309983445
2025-12-20,wk inc flu hosp,1,2026-01-03,42,quantile,0.3,1446.3530729323675
2025-12-20,wk inc flu hosp,1,2026-01-03,42,quantile,0.35,1598.6922516719442
2025-12-20,wk inc flu hosp,1,2026-01-03,42,quantile,0.4,1729.6354964909915
2025-12-20,wk inc flu hosp,1,2026-01-03,42,quantile,0.45,1870.9654545660383
2025-12-20,wk inc flu hosp,1,2026-01-03,42,quantile,0.5,2069.4598490084154
2025-12-20,wk inc flu hosp,1,2026-01-03,42,quantile,0.55,2320.452049847703
2025-12-20,wk inc flu hosp,1,2026-01-03,42,quantile,0.6,2611.9442704140693
2025-12-20,wk inc flu hosp,1,2026-01-03,42,quantile,0.65,2880.7674651003026
2025-12-20,wk inc flu hosp,1,2026-01-03,42,quantile,0.7,3193.9368994842644
2025-12-20,wk inc flu hosp,1,2026-01-03,42,quantile,0.75,3708.9556434055103
2025-12-20,wk inc flu hosp,1,2026-01-03,42,quantile,0.8,4293.500084701643
2025-12-20,wk inc flu hosp,1,2026-01-03,42,quantile,0.85,5621.624914301264
2025-12-20,wk inc flu hosp,1,2026-01-03,42,quantile,0.9,6333.104578450372
2025-12-20,wk inc flu hosp,1,2026-01-03,42,quantile,0.95,6921.8121817115725
2025-12-20,wk inc flu hosp,1,2026-01-03,42,quantile,0.975,8117.730518729441
2025-12-20,wk inc flu hosp,1,2026-01-03,42,quantile,0.99,8351.571589250148
2025-12-20,wk inc flu hosp,1,2026-01-03,44,quantile,0.01,18.736696552221687
2025-12-20,wk inc flu hosp,1,2026-01-03,44,quantile,0.025,25.338441939943923
2025-12-20,wk inc flu hosp,1,2026-01-03,44,quantile,0.05,34.2712511065279
2025-12-20,wk inc flu hosp,1,2026-01-03,44,quantile,0.1,44.19967463592973
2025-12-20,wk inc flu hosp,1,2026-01-03,44,quantile,0.15,52.014009115658446
2025-12-20,wk inc flu hosp,1,2026-01-03,44,quantile,0.2,60.029846433061614
2025-12-20,wk inc flu hosp,1,2026-01-03,44,quantile,0.25,66.5384751775126
2025-12-20,wk inc flu hosp,1,2026-01-03,44,quantile,0.3,74.13985746084202
2025-12-20,wk inc flu hosp,1,2026-01-03,44,quantile,0.35,84.46690038686876
2025-12-20,wk inc flu hosp,1,2026-01-03,44,quantile,0.4,97.80555506186505
2025-12-20,wk inc flu hosp,1,2026-01-03,44,quantile,0.45,119.32308932449361
2025-12-20,wk inc flu hosp,1,2026-01-03,44,quantile,0.5,145.60684623944067
2025-12-20,wk inc flu hosp,1,2026-01-03,44,quantile,0.55,172.31690721379982
2025-12-20,wk inc flu hosp,1,2026-01-03,44,quantile,0.6,195.37483800576496
2025-12-20,wk inc flu hosp,1,2026-01-03,44,quantile,0.65,216.91588624647463
2025-12-20,wk inc flu hosp,1,2026-01-03,44,quantile,0.7,256.19954535040733
2025-12-20,wk inc flu hosp,1,2026-01-03,44,quantile,0.75,289.22191395972897
2025-12-20,wk inc flu hosp,1,2026-01-03,44,quantile,0.8,332.0315430463696
2025-12-20,wk inc flu hosp,1,2026-01-03,44,quantile,0.85,417.2225094064856
2025-12-20,wk inc flu hosp,1,2026-01-03,44,quantile,0.9,486.52795289492366
2025-12-20,wk inc flu hosp,1,2026-01-03,44,quantile,0.95,710.5566872904349
2025-12-20,wk inc flu hosp,1,2026-01-03,44,quantile,0.975,776.8265548329045
2025-12-20,wk inc flu hosp,1,2026-01-03,44,quantile,0.99,810.1757579306359
2025-12-20,wk inc flu hosp,1,2026-01-03,45,quantile,0.01,109.73667016218651
2025-12-20,wk inc flu hosp,1,2026-01-03,45,quantile,0.025,137.16345053003715
2025-12-20,wk inc flu hosp,1,2026-01-03,45,quantile,0.05,156.82340715818324
2025-12-20,wk inc flu hosp,1,2026-01-03,45,quantile,0.1,201.1330345253315
2025-12-20,wk inc flu hosp,1,2026-01-03,45,quantile,0.15,240.18017915412779
2025-12-20,wk inc flu hosp,1,2026-01-03,45,quantile,0.2,274.02504257451983
2025-12-20,wk inc flu hosp,1,2026-01-03,45,quantile,0.25,306.098672288396
2025-12-20,wk inc flu hosp,1,2026-01-03,45,quantile,0.3,342.97592768259904
2025-12-20,wk inc flu hosp,1,2026-01-03,45,quantile,0.35,378.3997240222857
2025-12-20,wk inc flu hosp,1,2026-01-03,45,quantile,0.4,414.24324853612745
2025-12-20,wk inc flu hosp,1,2026-01-03,45,quantile,0.45,456.26194111230967
2025-12-20,wk inc flu hosp,1,2026-01-03,45,quantile,0.5,526.6840335674605
2025-12-20,wk inc flu hosp,1,2026-01-03,45,quantile,0.55,637.8414459292248
2025-12-20,wk inc flu hosp,1,2026-01-03,45,quantile,0.6,818.4226321467706
2025-12-20,wk inc flu hosp,1,2026-01-03,45,quantile,0.65,985.8991068925214
2025-12-20,wk inc flu hosp,1,2026-01-03,45,quantile,0.7,1162.6886006074985
2025-12-20,wk inc flu hosp,1,2026-01-03,45,quantile,0.75,1258.9101870498673
2025-12-20,wk inc flu hosp,1,2026-01-03,45,quantile,0.8,1362.9352530747415
2025-12-20,wk inc flu hosp,1,2026-01-03,45,quantile,0.85,1584.1632588940492
2025-12-20,wk inc flu hosp,1,2026-01-03,45,quantile,0.9,1853.9868985219396
2025-12-20,wk inc flu hosp,1,2026-01-03,45,quantile,0.95,2271.0464114480355
2025-12-20,wk inc flu hosp,1,2026-01-03,45,quantile,0.975,2448.5750826310314
2025-12-20,wk inc flu hosp,1,2026-01-03,45,quantile,0.99,2463.7592655687085
2025-12-20,wk inc flu hosp,1,2026-01-03,46,quantile,0.01,4.431892481963074
2025-12-20,wk inc flu hosp,1,2026-01-03,46,quantile,0.025,5.885751481937991
2025-12-20,wk inc flu hosp,1,2026-01-03,46,quantile,0.05,7.534673510172043
2025-12-20,wk inc flu hosp,1,2026-01-03,46,quantile,0.1,10.585925139875426
2025-12-20,wk inc flu hosp,1,2026-01-03,46,quantile,0.15,14.195182522130473
2025-12-20,wk inc flu hosp,1,2026-01-03,46,quantile,0.2,18.330426248482144
2025-12-20,wk inc flu hosp,1,2026-01-03,46,quantile,0.25,23.049714442791718
2025-12-20,wk inc flu hosp,1,2026-01-03,46,quantile,0.3,26.12686637935261
2025-12-20,wk inc flu hosp,1,2026-01-03,46,quantile,0.35,29.921770431552908
2025-12-20,wk inc flu hosp,1,2026-01-03,46,quantile,0.4,37.551987447755344
2025-12-20,wk inc flu hosp,1,2026-01-03,46,quantile,0.45,44.44973177007695
2025-12-20,wk inc flu hosp,1,2026-01-03,46,quantile,0.5,51.46794797383236
2025-12-20,wk inc flu hosp,1,2026-01-03,46,quantile,0.55,58.74662146241088
2025-12-20,wk inc flu hosp,1,2026-01-03,46,quantile,0.6,63.215370142921
2025-12-20,wk inc flu hosp,1,2026-01-03,46,quantile,0.65,67.87088416471715
2025-12-20,wk inc flu hosp,1,2026-01-03,46,quantile,0.7,72.84490265259541
2025-12-20,wk inc flu hosp,1,2026-01-03,46,quantile,0.75,79.22848086788001
2025-12-20,wk inc flu hosp,1,2026-01-03,46,quantile,0.8,87.11351470327924
2025-12-20,wk inc flu hosp,1,2026-01-03,46,quantile,0.85,100.10746207290865
2025-12-20,wk inc flu hosp,1,2026-01-03,46,quantile,0.9,115.77499208619105
2025-12-20,wk inc flu hosp,1,2026-01-03,46,quantile,0.95,131.91378626956433
2025-12-20,wk inc flu hosp,1,2026-01-03,46,quantile,0.975,154.15246376481102
2025-12-20,wk inc flu hosp,1,2026-01-03,46,quantile,0.99,214.35712900224053
2025-12-20,wk inc flu hosp,1,2026-01-03,47,quantile,0.01,103.05726719604671
2025-12-20,wk inc flu hosp,1,2026-01-03,47,quantile,0.025,131.14644847405427
2025-12-20,wk inc flu hosp,1,2026-01-03,47,quantile,0.05,137.9530041331634
2025-12-20,wk inc flu hosp,1,2026-01-03,47,quantile,0.1,180.32928035108577
2025-12-20,wk inc flu hosp,1,2026-01-03,47,quantile,0.15,202.47048797055365
2025-12-20,wk inc flu hosp,1,2026-01-03,47,quantile,0.2,227.698122798967
2025-12-20,wk inc flu hosp,1,2026-01-03,47,quantile,0.25,256.0663679236112
2025-12-20,wk inc flu hosp,1,2026-01-03,47,quantile,0.3,290.28921707932847
2025-12-20,wk inc flu hosp,1,2026-01-03,47,quantile,0.35,321.26718506040936
2025-12-20,wk inc flu hosp,1,2026-01-03,47,quantile,0.4,363.4571876163216
2025-12-20,wk inc flu hosp,1,2026-01-03,47,quantile,0.45,409.1154081058437
2025-12-20,wk inc flu hosp,1,2026-01-03,47,quantile,0.5,452.94540912494045
2025-12-20,wk inc flu hosp,1,2026-01-03,47,quantile,0.55,506.1393456622924
2025-12-20,wk inc flu hosp,1,2026-01-03,47,quantile,0.6,543.3071866268936
2025-12-20,wk inc flu hosp,1,2026-01-03,47,quantile,0.65,660.3100691205218
2025-12-20,wk inc flu hosp,1,2026-01-03,47,quantile,0.7,811.8538905026381
2025-12-20,wk inc flu hosp,1,2026-01-03,47,quantile,0.75,921.1511366369177
2025-12-20,wk inc flu hosp,1,2026-01-03,47,quantile,0.8,1024.2308656150726
2025-12-20,wk inc flu hosp,1,2026-01-03,47,quantile,0.85,1208.3450781432957
2025-12-20,wk inc flu hosp,1,2026-01-03,47,quantile,0.9,1462.8942258310071
2025-12-20,wk inc flu hosp,1,2026-01-03,47,quantile,0.95,1701.7275104765517
2025-12-20,wk inc flu hosp,1,2026-01-03,47,quantile,0.975,1837.882761178806
2025-12-20,wk inc flu hosp,1,2026-01-03,47,quantile,0.99,1964.357512889162
2025-12-20,wk inc flu hosp,1,2026-01-03,48,quantile,0.01,437.138639598158
2025-12-20,wk inc flu hosp,1,2026-01-03,48,quantile,0.025,615.7828913762579
2025-12-20,wk inc flu hosp,1,2026-01-03,48,quantile,0.05,850.6964858946194
2025-12-20,wk inc flu hosp,1,2026-01-03,48,quantile,0.1,997.8557170301071
2025-12-20,wk inc flu hosp,1,2026-01-03,48,quantile,0.15,1141.7904422901004
2025-12-20,wk inc flu hosp,1,2026-01-03,48,quantile,0.2,1255.6012016692312
2025-12-20,wk inc flu hosp,1,2026-01-03,48,quantile,0.25,1354.3119290088684
2025-12-20,wk inc flu hosp,1,2026-01-03,48,quantile,0.3,1431.0339453298714
2025-12-20,wk inc flu hosp,1,2026-01-03,48,quantile,0.35,1539.0886626470508
2025-12-20,wk inc flu hosp,1,2026-01-03,48,quantile,0.4,1649.9782868994682
2025-12-20,wk inc flu hosp,1,2026-01-03,48,quantile,0.45,1740.8451688850896
2025-12-20,wk inc flu hosp,1,2026-01-03,48,quantile,0.5,1825.597833180482
2025-12-20,wk inc flu hosp,1,2026-01-03,48,quantile,0.55,1901.3110203494305
2025-12-20,wk inc flu hosp,1,2026-01-03,48,quantile,0.6,1958.459781010147
2025-12-20,wk inc flu hosp,1,2026-01-03,48,quantile,0.65,2090.809378983069
2025-12-20,wk inc flu hosp,1,2026-01-03,48,quantile,0.7,2345.0577413960686
2025-12-20,wk inc flu hosp,1,2026-01-03,48,quantile,0.75,2568.851662923917
2025-12-20,wk inc flu hosp,1,2026-01-03,48,quantile,0.8,2759.9901470886625
2025-12-20,wk inc flu hosp,1,2026-01-03,48,quantile,0.85,3068.2938238129545
2025-12-20,wk inc flu hosp,1,2026-01-03,48,quantile,0.9,3322.0383188103465
2025-12-20,wk inc flu hosp,1,2026-01-03,48,quantile,0.95,4057.303829992421
2025-12-20,wk inc flu hosp,1,2026-01-03,48,quantile,0.975,4951.811229107394
2025-12-20,wk inc flu hosp,1,2026-01-03,48,quantile,0.99,5626.711898936905
2025-12-20,wk inc flu hosp,1,2026-01-03,49,quantile,0.01,20.30829690025781
2025-12-20,wk inc flu hosp,1,2026-01-03,49,quantile,0.025,25.978224740489942
2025-12-20,wk inc flu hosp,1,2026-01-03,49,quantile,0.05,36.73465573372072
2025-12-20,wk inc flu hosp,1,2026-01-03,49,quantile,0.1,63.92710399811475
2025-12-20,wk inc flu hosp,1,2026-01-03,49,quantile,0.15,84.92051400106776
2025-12-20,wk inc flu hosp,1,2026-01-03,49,quantile,0.2,104.7430397736253
2025-12-20,wk inc flu hosp,1,2026-01-03,49,quantile,0.25,121.12087500296629
2025-12-20,wk inc flu hosp,1,2026-01-03,49,quantile,0.3,141.05497776699906
2025-12-20,wk inc flu hosp,1,2026-01-03,49,quantile,0.35,153.01468674643365
2025-12-20,wk inc flu hosp,1,2026-01-03,49,quantile,0.4,162.42157001674073
2025-12-20,wk inc flu hosp,1,2026-01-03,49,quantile,0.45,168.85914884026278
2025-12-20,wk inc flu hosp,1,2026-01-03,49,quantile,0.5,175.98338840398995
2025-12-20,wk inc flu hosp,1,2026-01-03,49,quantile,0.55,184.80514870377863
2025-12-20,wk inc flu hosp,1,2026-01-03,49,quantile,0.6,197.390882701894
2025-12-20,wk inc flu hosp,1,2026-01-03,49,quantile,0.65,218.35742807982427
2025-12-20,wk inc flu hosp,1,2026-01-03,49,quantile,0.7,262.99405006162175
2025-12-20,wk inc flu hosp,1,2026-01-03,49,quantile,0.75,317.13510186280564
2025-12-20,wk inc flu hosp,1,2026-01-03,49,quantile,0.8,388.7479860816559
2025-12-20,wk inc flu hosp,1,2026-01-03,49,quantile,0.85,447.5428529189243
2025-12-20,wk inc flu hosp,1,2026-01-03,49,quantile,0.9,508.62736652038393
2025-12-20,wk inc flu hosp,1,2026-01-03,49,quantile,0.95,593.6788134183612
2025-12-20,wk inc flu hosp,1,2026-01-03,49,quantile,0.975,621.9705624957822
2025-12-20,wk inc flu hosp,1,2026-01-03,49,quantile,0.99,776.8211050002055
2025-12-20,wk inc flu hosp,1,2026-01-03,50,quantile,0.01,1.4166677921349728
2025-12-20,wk inc flu hosp,1,2026-01-03,50,quantile,0.025,2.068682216858478
2025-12-20,wk inc flu hosp,1,2026-01-03,50,quantile,0.05,2.325788547983923
2025-12-20,wk inc flu hosp,1,2026-01-03,50,quantile,0.1,3.6896361978733383
2025-12-20,wk inc flu hosp,1,2026-01-03,50,quantile,0.15,5.373495274785945
2025-12-20,wk inc flu hosp,1,2026-01-03,50,quantile,0.2,7.290476419241956
2025-12-20,wk inc flu hosp,1,2026-01-03,50,quantile,0.25,8.828144080276552
2025-12-20,wk inc flu hosp,1,2026-01-03,50,quantile,0.3,10.127839263300274
2025-12-20,wk inc flu hosp,1,2026-01-03,50,quantile,0.35,11.566177197511474
2025-12-20,wk inc flu hosp,1,2026-01-03,50,quantile,0.4,13.378698756136508
2025-12-20,wk inc flu hosp,1,2026-01-03,50,quantile,0.45,15.199943007589672
2025-12-20,wk inc flu hosp,1,2026-01-03,50,quantile,0.5,16.89760394692513
2025-12-20,wk inc flu hosp,1,2026-01-03,50,quantile,0.55,18.72467235747242
2025-12-20,wk inc flu hosp,1,2026-01-03,50,quantile,0.6,21.114088660047216
2025-12-20,wk inc flu hosp,1,2026-01-03,50,quantile,0.65,24.19447986939579
2025-12-20,wk inc flu hosp,1,2026-01-03,50,quantile,0.7,26.16149001852715
2025-12-20,wk inc flu hosp,1,2026-01-03,50,quantile,0.75,28.869969725667726
2025-12-20,wk inc flu hosp,1,2026-01-03,50,quantile,0.8,35.26341871188924
2025-12-20,wk inc flu hosp,1,2026-01-03,50,quantile,0.85,38.25399891626
2025-12-20,wk inc flu hosp,1,2026-01-03,50,quantile,0.9,45.79645526065726
2025-12-20,wk inc flu hosp,1,2026-01-03,50,quantile,0.95,52.774751485381515
2025-12-20,wk inc flu hosp,1,2026-01-03,50,quantile,0.975,58.20019517554305
2025-12-20,wk inc flu hosp,1,2026-01-03,50,quantile,0.99,67.20922583377435
2025-12-20,wk inc flu hosp,1,2026-01-03,51,quantile,0.01,144.91740022895362
2025-12-20,wk inc flu hosp,1,2026-01-03,51,quantile,0.025,174.13383410350158
2025-12-20,wk inc flu hosp,1,2026-01-03,51,quantile,0.05,204.36205443123742
2025-12-20,wk inc flu hosp,1,2026-01-03,51,quantile,0.1,237.1317915957332
2025-12-20,wk inc flu hosp,1,2026-01-03,51,quantile,0.15,275.09007000519676
2025-12-20,wk inc flu hosp,1,2026-01-03,51,quantile,0.2,312.4391211009335
2025-12-20,wk inc flu hosp,1,2026-01-03,51,quantile,0.25,344.77913608001586
2025-12-20,wk inc flu hosp,1,2026-01-03,51,quantile,0.3,368.1456363769578
2025-12-20,wk inc flu hosp,1,2026-01-03,51,quantile,0.35,404.1493768481244
2025-12-20,wk inc flu hosp,1,2026-01-03,51,quantile,0.4,441.7545893713273
2025-12-20,wk inc flu hosp,1,2026-01-03,51,quantile,0.45,479.7943607043215
2025-12-20,wk inc flu hosp,1,2026-01-03,51,quantile,0.5,513.0076443510737
2025-12-20,wk inc flu hosp,1,2026-01-03,51,quantile,0.55,565.1681604046977
2025-12-20,wk inc flu hosp,1,2026-01-03,51,quantile,0.6,602.2119662953907
2025-12-20,wk inc flu hosp,1,2026-01-03,51,quantile,0.65,653.129959114591
2025-12-20,wk inc flu hosp,1,2026-01-03,51,quantile,0.7,717.9078320257631
2025-12-20,wk inc flu hosp,1,2026-01-03,51,quantile,0.75,770.4123179061953
2025-12-20,wk inc flu hosp,1,2026-01-03,51,quantile,0.8,860.5018662842919
2025-12-20,wk inc flu hosp,1,2026-01-03,51,quantile,0.85,1018.6205946338446
2025-12-20,wk inc flu hosp,1,2026-01-03,51,quantile,0.9,1069.3481011671986
2025-12-20,wk inc flu hosp,1,2026-01-03,51,quantile,0.95,1267.6147367331027
2025-12-20,wk inc flu hosp,1,2026-01-03,51,quantile,0.975,1563.8318875525315
2025-12-20,wk inc flu hosp,1,2026-01-03,51,quantile,0.99,1634.90467037722
2025-12-20,wk inc flu hosp,1,2026-01-03,53,quantile,0.01,40.513284248292976
2025-12-20,wk inc flu hosp,1,2026-01-03,53,quantile,0.025,54.66506072531628
2025-12-20,wk inc flu hosp,1,2026-01-03,53,quantile,0.05,71.21617416659596
2025-12-20,wk inc flu hosp,1,2026-01-03,53,quantile,0.1,94.95328538432503
2025-12-20,wk inc flu hosp,1,2026-01-03,53,quantile,0.15,112.64452493437791
2025-12-20,wk inc flu hosp,1,2026-01-03,53,quantile,0.2,127.1706753139691
2025-12-20,wk inc flu hosp,1,2026-01-03,53,quantile,0.25,146.67583229522936
2025-12-20,wk inc flu hosp,1,2026-01-03,53,quantile,0.3,164.1275442402745
2025-12-20,wk inc flu hosp,1,2026-01-03,53,quantile,0.35,182.31436595706128
2025-12-20,wk inc flu hosp,1,2026-01-03,53,quantile,0.4,196.76791892836377
2025-12-20,wk inc flu hosp,1,2026-01-03,53,quantile,0.45,213.1416679187092
2025-12-20,wk inc flu hosp,1,2026-01-03,53,quantile,0.5,228.9907252251418
2025-12-20,wk inc flu hosp,1,2026-01-03,53,quantile,0.55,242.76839631328917
2025-12-20,wk inc flu hosp,1,2026-01-03,53,quantile,0.6,251.2533119195278
2025-12-20,wk inc flu hosp,1,2026-01-03,53,quantile,0.65,264.77962358941807
2025-12-20,wk inc flu hosp,1,2026-01-03,53,quantile,0.7,285.69052284364216
2025-12-20,wk inc flu hosp,1,2026-01-03,53,quantile,0.75,308.5475914493452
2025-12-20,wk inc flu hosp,1,2026-01-03,53,quantile,0.8,331.5235296429461
2025-12-20,wk inc flu hosp,1,2026-01-03,53,quantile,0.85,360.7453119737559
2025-12-20,wk inc flu hosp,1,2026-01-03,53,quantile,0.9,415.82520351365287
2025-12-20,wk inc flu hosp,1,2026-01-03,53,quantile,0.95,572.426573981936
2025-12-20,wk inc flu hosp,1,2026-01-03,53,quantile,0.975,629.5622005346163
2025-12-20,wk inc flu hosp,1,2026-01-03,53,quantile,0.99,771.6571653232207
2025-12-20,wk inc flu hosp,1,2026-01-03,54,quantile,0.01,18.73769022754555
2025-12-20,wk inc flu hosp,1,2026-01-03,54,quantile,0.025,23.679274032275973
2025-12-20,wk inc flu hosp,1,2026-01-03,54,quantile,0.05,31.88678908293358
2025-12-20,wk inc flu hosp,1,2026-01-03,54,quantile,0.1,44.1716198039237
2025-12-20,wk inc flu hosp,1,2026-01-03,54,quantile,0.15,57.102587188594036
2025-12-20,wk inc flu hosp,1,2026-01-03,54,quantile,0.2,71.3149572246713
2025-12-20,wk inc flu hosp,1,2026-01-03,54,quantile,0.25,83.25602336471651
2025-12-20,wk inc flu hosp,1,2026-01-03,54,quantile,0.3,91.00270202375695
2025-12-20,wk inc flu hosp,1,2026-01-03,54,quantile,0.35,99.84590202845578
2025-12-20,wk inc flu hosp,1,2026-01-03,54,quantile,0.4,111.2335179392894
2025-12-20,wk inc flu hosp,1,2026-01-03,54,quantile,0.45,123.22258175246657
2025-12-20,wk inc flu hosp,1,2026-01-03,54,quantile,0.5,140.91672638742983
2025-12-20,wk inc flu hosp,1,2026-01-03,54,quantile,0.55,165.0832158154104
2025-12-20,wk inc flu hosp,1,2026-01-03,54,quantile,0.6,178.1519171523951
2025-12-20,wk inc flu hosp,1,2026-01-03,54,quantile,0.65,211.05226831085372
2025-12-20,wk inc flu hosp,1,2026-01-03,54,quantile,0.7,250.04798208259126
2025-12-20,wk inc flu hosp,1,2026-01-03,54,quantile,0.75,279.5105048372828
2025-12-20,wk inc flu hosp,1,2026-01-03,54,quantile,0.8,329.18523567133315
2025-12-20,wk inc flu hosp,1,2026-01-03,54,quantile,0.85,390.97863936498095
2025-12-20,wk inc flu hosp,1,2026-01-03,54,quantile,0.9,439.37686193571113
2025-12-20,wk inc flu hosp,1,2026-01-03,54,quantile,0.95,472.83902441066977
2025-12-20,wk inc flu hosp,1,2026-01-03,54,quantile,0.975,517.5975421009911
2025-12-20,wk inc flu hosp,1,2026-01-03,54,quantile,0.99,568.9550021014122
2025-12-20,wk inc flu hosp,1,2026-01-03,55,quantile,0.01,28.690342807810126
2025-12-20,wk inc flu hosp,1,2026-01-03,55,quantile,0.025,78.63832522229386
2025-12-20,wk inc flu hosp,1,2026-01-03,55,quantile,0.05,96.9644648783953
2025-12-20,wk inc flu hosp,1,2026-01-03,55,quantile,0.1,134.50110440251495
2025-12-20,wk inc flu hosp,1,2026-01-03,55,quantile,0.15,170.19101803329073
2025-12-20,wk inc flu hosp,1,2026-01-03,55,quantile,0.2,215.16060439031625
2025-12-20,wk inc flu hosp,1,2026-01-03,55,quantile,0.25,252.62459982154468
2025-12-20,wk inc flu hosp,1,2026-01-03,55,quantile,0.3,288.5901035720705
2025-12-20,wk inc flu hosp,1,2026-01-03,55,quantile,0.35,327.232596599296
2025-12-20,wk inc flu hosp,1,2026-01-03,55,quantile,0.4,365.19172128339153
2025-12-20,wk inc flu hosp,1,2026-01-03,55,quantile,0.45,404.72388842848176
2025-12-20,wk inc flu hosp,1,2026-01-03,55,quantile,0.5,459.63184414168575
2025-12-20,wk inc flu hosp,1,2026-01-03,55,quantile,0.55,528.6744543380656
2025-12-20,wk inc flu hosp,1,2026-01-03,55,quantile,0.6,579.7931904924401
2025-12-20,wk inc flu hosp,1,2026-01-03,55,quantile,0.65,632.575493698066
2025-12-20,wk inc flu hosp,1,2026-01-03,55,quantile,0.7,695.9058486212944
2025-12-20,wk inc flu hosp,1,2026-01-03,55,quantile,0.75,807.7234136289009
2025-12-20,wk inc flu hosp,1,2026-01-03,55,quantile,0.8,926.5904298079967
2025-12-20,wk inc flu hosp,1,2026-01-03,55,quantile,0.85,1067.1170424810116
2025-12-20,wk inc flu hosp,1,2026-01-03,55,quantile,0.9,1217.9523903608906
2025-12-20,wk inc flu hosp,1,2026-01-03,55,quantile,0.95,1463.0969164286605
2025-12-20,wk inc flu hosp,1,2026-01-03,55,quantile,0.975,1572.5807830201993
2025-12-20,wk inc flu hosp,1,2026-01-03,55,quantile,0.99,1574.7495016277633
2025-12-20,wk inc flu hosp,1,2026-01-03,56,quantile,0.01,5.668047049167573
2025-12-20,wk inc flu hosp,1,2026-01-03,56,quantile,0.025,7.3573696939378355
2025-12-20,wk inc flu hosp,1,2026-01-03,56,quantile,0.05,10.318695619512338
2025-12-20,wk inc flu hosp,1,2026-01-03,56,quantile,0.1,14.516513794947652
2025-12-20,wk inc flu hosp,1,2026-01-03,56,quantile,0.15,18.81425197050007
2025-12-20,wk inc flu hosp,1,2026-01-03,56,quantile,0.2,24.334637940849912
2025-12-20,wk inc flu hosp,1,2026-01-03,56,quantile,0.25,28.837336682360263
2025-12-20,wk inc flu hosp,1,2026-01-03,56,quantile,0.3,33.003149092998036
2025-12-20,wk inc flu hosp,1,2026-01-03,56,quantile,0.35,37.87211272119429
2025-12-20,wk inc flu hosp,1,2026-01-03,56,quantile,0.4,41.85691919126357
2025-12-20,wk inc flu hosp,1,2026-01-03,56,quantile,0.45,46.400298893523846
2025-12-20,wk inc flu hosp,1,2026-01-03,56,quantile,0.5,51.2424349278324
2025-12-20,wk inc flu hosp,1,2026-01-03,56,quantile,0.55,56.949052659795036
2025-12-20,wk inc flu hosp,1,2026-01-03,56,quantile,0.6,63.23208241778034
2025-12-20,wk inc flu hosp,1,2026-01-03,56,quantile,0.65,70.80786284562646
2025-12-20,wk inc flu hosp,1,2026-01-03,56,quantile,0.7,78.13489575493138
2025-12-20,wk inc flu hosp,1,2026-01-03,56,quantile,0.75,83.00063944175803
2025-12-20,wk inc flu hosp,1,2026-01-03,56,quantile,0.8,94.52055639116112
2025-12-20,wk inc flu hosp,1,2026-01-03,56,quantile,0.85,105.63824583445431
2025-12-20,wk inc flu hosp,1,2026-01-03,56,quantile,0.9,128.19625886061283
2025-12-20,wk inc flu hosp,1,2026-01-03,56,quantile,0.95,151.4850247540749
2025-12-20,wk inc flu hosp,1,2026-01-03,56,quantile,0.975,177.3106318480436
2025-12-20,wk inc flu hosp,1,2026-01-03,56,quantile,0.99,195.89938172811824
2025-12-20,wk inc flu hosp,1,2026-01-03,72,quantile,0.01,58.5843505471333
2025-12-20,wk inc flu hosp,1,2026-01-03,72,quantile,0.025,90.85411161393532
2025-12-20,wk inc flu hosp,1,2026-01-03,72,quantile,0.05,102.28944058734591
2025-12-20,wk inc flu hosp,1,2026-01-03,72,quantile,0.1,150.81368329666378
2025-12-20,wk inc flu hosp,1,2026-01-03,72,quantile,0.15,174.5591711781078
2025-12-20,wk inc flu hosp,1,2026-01-03,72,quantile,0.2,196.09122952667133
2025-12-20,wk inc flu hosp,1,2026-01-03,72,quantile,0.25,210.820938909494
2025-12-20,wk inc flu hosp,1,2026-01-03,72,quantile,0.3,232.90781731277843
2025-12-20,wk inc flu hosp,1,2026-01-03,72,quantile,0.35,258.162584337926
2025-12-20,wk inc flu hosp,1,2026-01-03,72,quantile,0.4,283.87009190929024
2025-12-20,wk inc flu hosp,1,2026-01-03,72,quantile,0.45,304.41197600268185
2025-12-20,wk inc flu hosp,1,2026-01-03,72,quantile,0.5,330.05783330188933
2025-12-20,wk inc flu hosp,1,2026-01-03,72,quantile,0.55,364.2440183062539
2025-12-20,wk inc flu hosp,1,2026-01-03,72,quantile,0.6,403.58275974955666
2025-12-20,wk inc flu hosp,1,2026-01-03,72,quantile,0.65,438.8355616029309
2025-12-20,wk inc flu hosp,1,2026-01-03,72,quantile,0.7,474.3017421110274
2025-12-20,wk inc flu hosp,1,2026-01-03,72,quantile,0.75,522.552375681222
2025-12-20,wk inc flu hosp,1,2026-01-03,72,quantile,0.8,581.6943692463703
2025-12-20,wk inc flu hosp,1,2026-01-03,72,quantile,0.85,630.1164145278018
2025-12-20,wk inc flu hosp,1,2026-01-03,72,quantile,0.9,672.6269593971798
2025-12-20,wk inc flu hosp,1,2026-01-03,72,quantile,0.95,820.0662994397698
2025-12-20,wk inc flu hosp,1,2026-01-03,72,quantile,0.975,981.4854667039643
2025-12-20,wk inc flu hosp,1,2026-01-03,72,quantile,0.99,1094.4081323297894
2025-12-20,wk inc flu hosp,1,2026-01-03,US,quantile,0.01,3928.532811563033
2025-12-20,wk inc flu hosp,1,2026-01-03,US,quantile,0.025,6726.052194241441
2025-12-20,wk inc flu hosp,1,2026-01-03,US,quantile,0.05,9638.65470449542
2025-12-20,wk inc flu hosp,1,2026-01-03,US,quantile,0.1,12593.558006162857
2025-12-20,wk inc flu hosp,1,2026-01-03,US,quantile,0.15,14258.70560870607
2025-12-20,wk inc flu hosp,1,2026-01-03,US,quantile,0.2,15756.798259398327
2025-12-20,wk inc flu hosp,1,2026-01-03,US,quantile,0.25,17595.27442690873
2025-12-20,wk inc flu hosp,1,2026-01-03,US,quantile,0.3,19801.960808593863
2025-12-20,wk inc flu hosp,1,2026-01-03,US,quantile,0.35,21990.39951153947
2025-12-20,wk inc flu hosp,1,2026-01-03,US,quantile,0.4,24061.08666145221
2025-12-20,wk inc flu hosp,1,2026-01-03,US,quantile,0.45,26756.31002417171
2025-12-20,wk inc flu hosp,1,2026-01-03,US,quantile,0.5,29026.322002137873
2025-12-20,wk inc flu hosp,1,2026-01-03,US,quantile,0.55,30475.99929780372
2025-12-20,wk inc flu hosp,1,2026-01-03,US,quantile,0.6,32508.192045578962
2025-12-20,wk inc flu hosp,1,2026-01-03,US,quantile,0.65,35609.91362744934
2025-12-20,wk inc flu hosp,1,2026-01-03,US,quantile,0.7,37439.045587382556
2025-12-20,wk inc flu hosp,1,2026-01-03,US,quantile,0.75,41189.247989114534
2025-12-20,wk inc flu hosp,1,2026-01-03,US,quantile,0.8,44462.16462502341
2025-12-20,wk inc flu hosp,1,2026-01-03,US,quantile,0.85,50567.63748017149
2025-12-20,wk inc flu hosp,1,2026-01-03,US,quantile,0.9,58089.87051563381
2025-12-20,wk inc flu hosp,1,2026-01-03,US,quantile,0.95,63960.71655224833
2025-12-20,wk inc flu hosp,1,2026-01-03,US,quantile,0.975,79458.4963742046
2025-12-20,wk inc flu hosp,1,2026-01-03,US,quantile,0.99,91969.13463019866
2025-12-20,wk inc flu hosp,2,2026-01-10,01,quantile,0.01,47.01965617266236
2025-12-20,wk inc flu hosp,2,2026-01-10,01,quantile,0.025,57.56385316000263
2025-12-20,wk inc flu hosp,2,2026-01-10,01,quantile,0.05,73.64268716480764
2025-12-20,wk inc flu hosp,2,2026-01-10,01,quantile,0.1,104.83102048827075
2025-12-20,wk inc flu hosp,2,2026-01-10,01,quantile,0.15,129.00768810151854
2025-12-20,wk inc flu hosp,2,2026-01-10,01,quantile,0.2,153.101295096579
2025-12-20,wk inc flu hosp,2,2026-01-10,01,quantile,0.25,179.96148094331508
2025-12-20,wk inc flu hosp,2,2026-01-10,01,quantile,0.3,205.47923792425553
2025-12-20,wk inc flu hosp,2,2026-01-10,01,quantile,0.35,230.75199992669732
2025-12-20,wk inc flu hosp,2,2026-01-10,01,quantile,0.4,251.48573610260104
2025-12-20,wk inc flu hosp,2,2026-01-10,01,quantile,0.45,276.5472650837026
2025-12-20,wk inc flu hosp,2,2026-01-10,01,quantile,0.5,299.55915721431165
2025-12-20,wk inc flu hosp,2,2026-01-10,01,quantile,0.55,324.1861621161082
2025-12-20,wk inc flu hosp,2,2026-01-10,01,quantile,0.6,358.28075892260694
2025-12-20,wk inc flu hosp,2,2026-01-10,01,quantile,0.65,380.218728650311
2025-12-20,wk inc flu hosp,2,2026-01-10,01,quantile,0.7,411.9844316108806
2025-12-20,wk inc flu hosp,2,2026-01-10,01,quantile,0.75,479.60317524448385
2025-12-20,wk inc flu hosp,2,2026-01-10,01,quantile,0.8,529.9397801045693
2025-12-20,wk inc flu hosp,2,2026-01-10,01,quantile,0.85,591.174856973347
2025-12-20,wk inc flu hosp,2,2026-01-10,01,quantile,0.9,670.6297902262303
2025-12-20,wk inc flu hosp,2,2026-01-10,01,quantile,0.95,968.6364012223655
2025-12-20,wk inc flu hosp,2,2026-01-10,01,quantile,0.975,1102.948977753255
2025-12-20,wk inc flu hosp,2,2026-01-10,01,quantile,0.99,1138.2257991975705
2025-12-20,wk inc flu hosp,2,2026-01-10,02,quantile,0.01,4.282876545352256
2025-12-20,wk inc flu hosp,2,2026-01-10,02,quantile,0.025,6.275937297021449
2025-12-20,wk inc flu hosp,2,2026-01-10,02,quantile,0.05,9.70583462236538
2025-12-20,wk inc flu hosp,2,2026-01-10,02,quantile,0.1,14.257444501211918
2025-12-20,wk inc flu hosp,2,2026-01-10,02,quantile,0.15,18.194715217377126
2025-12-20,wk inc flu hosp,2,2026-01-10,02,quantile,0.2,21.198722162164227
2025-12-20,wk inc flu hosp,2,2026-01-10,02,quantile,0.25,23.297152437972457
2025-12-20,wk inc flu hosp,2,2026-01-10,02,quantile,0.3,25.278618763891092
2025-12-20,wk inc flu hosp,2,2026-01-10,02,quantile,0.35,26.735010278113332
2025-12-20,wk inc flu hosp,2,2026-01-10,02,quantile,0.4,28.62167008725355
2025-12-20,wk inc flu hosp,2,2026-01-10,02,quantile,0.45,31.546873649004414
2025-12-20,wk inc flu hosp,2,2026-01-10,02,quantile,0.5,35.834943053719094
2025-12-20,wk inc flu hosp,2,2026-01-10,02,quantile,0.55,41.39521497591917
2025-12-20,wk inc flu hosp,2,2026-01-10,02,quantile,0.6,46.733296149043056
2025-12-20,wk inc flu hosp,2,2026-01-10,02,quantile,0.65,53.40523596580597
2025-12-20,wk inc flu hosp,2,2026-01-10,02,quantile,0.7,62.366679152291226
2025-12-20,wk inc flu hosp,2,2026-01-10,02,quantile,0.75,80.54428519429804
2025-12-20,wk inc flu hosp,2,2026-01-10,02,quantile,0.8,95.88523952122827
2025-12-20,wk inc flu hosp,2,2026-01-10,02,quantile,0.85,110.8663178384357
2025-12-20,wk inc flu hosp,2,2026-01-10,02,quantile,0.9,115.47741421606332
2025-12-20,wk inc flu hosp,2,2026-01-10,02,quantile,0.95,122.67388530792864
2025-12-20,wk inc flu hosp,2,2026-01-10,02,quantile,0.975,141.00208339873333
2025-12-20,wk inc flu hosp,2,2026-01-10,02,quantile,0.99,166.00270251901006
2025-12-20,wk inc flu hosp,2,2026-01-10,04,quantile,0.01,32.342848079297504
2025-12-20,wk inc flu hosp,2,2026-01-10,04,quantile,0.025,41.592037262664455
2025-12-20,wk inc flu hosp,2,2026-01-10,04,quantile,0.05,49.372708761173264
2025-12-20,wk inc flu hosp,2,2026-01-10,04,quantile,0.1,74.74562618580104
2025-12-20,wk inc flu hosp,2,2026-01-10,04,quantile,0.15,91.37216479808988
2025-12-20,wk inc flu hosp,2,2026-01-10,04,quantile,0.2,100.11697091185182
2025-12-20,wk inc flu hosp,2,2026-01-10,04,quantile,0.25,113.96289517361892
2025-12-20,wk inc flu hosp,2,2026-01-10,04,quantile,0.3,130.94956791568592
2025-12-20,wk inc flu hosp,2,2026-01-10,04,quantile,0.35,144.64537247741703
2025-12-20,wk inc flu hosp,2,2026-01-10,04,quantile,0.4,166.73746642068457
2025-12-20,wk inc flu hosp,2,2026-01-10,04,quantile,0.45,182.9781604785352
2025-12-20,wk inc flu hosp,2,2026-01-10,04,quantile,0.5,195.55060182898913
2025-12-20,wk inc flu hosp,2,2026-01-10,04,quantile,0.55,209.99883553928672
2025-12-20,wk inc flu hosp,2,2026-01-10,04,quantile,0.6,229.22122668828246
2025-12-20,wk inc flu hosp,2,2026-01-10,04,quantile,0.65,253.56073871081657
2025-12-20,wk inc flu hosp,2,2026-01-10,04,quantile,0.7,286.3083859132455
2025-12-20,wk inc flu hosp,2,2026-01-10,04,quantile,0.75,333.8322827805669
2025-12-20,wk inc flu hosp,2,2026-01-10,04,quantile,0.8,393.1561587911848
2025-12-20,wk inc flu hosp,2,2026-01-10,04,quantile,0.85,456.42101443871405
2025-12-20,wk inc flu hosp,2,2026-01-10,04,quantile,0.9,618.5580889936207
2025-12-20,wk inc flu hosp,2,2026-01-10,04,quantile,0.95,742.7012929036262
2025-12-20,wk inc flu hosp,2,2026-01-10,04,quantile,0.975,771.3792769929844
2025-12-20,wk inc flu hosp,2,2026-01-10,04,quantile,0.99,775.5973243295666
2025-12-20,wk inc flu hosp,2,2026-01-10,05,quantile,0.01,29.044044841813587
2025-12-20,wk inc flu hosp,2,2026-01-10,05,quantile,0.025,41.44278446565559
2025-12-20,wk inc flu hosp,2,2026-01-10,05,quantile,0.05,56.70720065155908
2025-12-20,wk inc flu hosp,2,2026-01-10,05,quantile,0.1,93.06480296996895
2025-12-20,wk inc flu hosp,2,2026-01-10,05,quantile,0.15,112.4476462681273
2025-12-20,wk inc flu hosp,2,2026-01-10,05,quantile,0.2,132.73177929208316
2025-12-20,wk inc flu hosp,2,2026-01-10,05,quantile,0.25,150.13590282475687
2025-12-20,wk inc flu hosp,2,2026-01-10,05,quantile,0.3,165.61594745372494
2025-12-20,wk inc flu hosp,2,2026-01-10,05,quantile,0.35,186.77900030419553
2025-12-20,wk inc flu hosp,2,2026-01-10,05,quantile,0.4,213.07318385454846
2025-12-20,wk inc flu hosp,2,2026-01-10,05,quantile,0.45,245.58482296044895
2025-12-20,wk inc flu hosp,2,2026-01-10,05,quantile,0.5,269.51970206118546
2025-12-20,wk inc flu hosp,2,2026-01-10,05,quantile,0.55,306.05658204349766
2025-12-20,wk inc flu hosp,2,2026-01-10,05,quantile,0.6,360.49676965285283
2025-12-20,wk inc flu hosp,2,2026-01-10,05,quantile,0.65,408.6307274109887
2025-12-20,wk inc flu hosp,2,2026-01-10,05,quantile,0.7,441.09311959376254
2025-12-20,wk inc flu hosp,2,2026-01-10,05,quantile,0.75,516.5915401804593
2025-12-20,wk inc flu hosp,2,2026-01-10,05,quantile,0.8,608.388203575342
2025-12-20,wk inc flu hosp,2,2026-01-10,05,quantile,0.85,661.415332385864
2025-12-20,wk inc flu hosp,2,2026-01-10,05,quantile,0.9,683.767449197524
2025-12-20,wk inc flu hosp,2,2026-01-10,05,quantile,0.95,782.106570192275
2025-12-20,wk inc flu hosp,2,2026-01-10,05,quantile,0.975,910.8390557799531
2025-12-20,wk inc flu hosp,2,2026-01-10,05,quantile,0.99,1036.548210453836
2025-12-20,wk inc flu hosp,2,2026-01-10,06,quantile,0.01,141.45968828075146
2025-12-20,wk inc flu hosp,2,2026-01-10,06,quantile,0.025,256.6289032977035
2025-12-20,wk inc flu hosp,2,2026-01-10,06,quantile,0.05,334.02641617785713
2025-12-20,wk inc flu hosp,2,2026-01-10,06,quantile,0.1,451.23523017334594
2025-12-20,wk inc flu hosp,2,2026-01-10,06,quantile,0.15,524.9393486637497
2025-12-20,wk inc flu hosp,2,2026-01-10,06,quantile,0.2,640.2702393354297
2025-12-20,wk inc flu hosp,2,2026-01-10,06,quantile,0.25,752.4661490170407
2025-12-20,wk inc flu hosp,2,2026-01-10,06,quantile,0.3,844.5025117593692
2025-12-20,wk inc flu hosp,2,2026-01-10,06,quantile,0.35,926.4113688693863
2025-12-20,wk inc flu hosp,2,2026-01-10,06,quantile,0.4,1027.683279076577
2025-12-20,wk inc flu hosp,2,2026-01-10,06,quantile,0.45,1154.2989793498782
2025-12-20,wk inc flu hosp,2,2026-01-10,06,quantile,0.5,1266.105826077961
2025-12-20,wk inc flu hosp,2,2026-01-10,06,quantile,0.55,1387.7524902065438
2025-12-20,wk inc flu hosp,2,2026-01-10,06,quantile,0.6,1511.2499249856776
2025-12-20,wk inc flu hosp,2,2026-01-10,06,quantile,0.65,1622.9178369756457
2025-12-20,wk inc flu hosp,2,2026-01-10,06,quantile,0.7,1766.3189135255975
2025-12-20,wk inc flu hosp,2,2026-01-10,06,quantile,0.75,2029.560402103381
2025-12-20,wk inc flu hosp,2,2026-01-10,06,quantile,0.8,2377.7589956633537
2025-12-20,wk inc flu hosp,2,2026-01-10,06,quantile,0.85,2538.011790796641
2025-12-20,wk inc flu hosp,2,2026-01-10,06,quantile,0.9,2938.8260912359356
2025-12-20,wk inc flu hosp,2,2026-01-10,06,quantile,0.95,3375.7836368777007
2025-12-20,wk inc flu hosp,2,2026-01-10,06,quantile,0.975,3612.1216263037613
2025-12-20,wk inc flu hosp,2,2026-01-10,06,quantile,0.99,3701.525091220099
2025-12-20,wk inc flu hosp,2,2026-01-10,08,quantile,0.01,62.83042969948438
2025-12-20,wk inc flu hosp,2,2026-01-10,08,quantile,0.025,115.9482361700922
2025-12-20,wk inc flu hosp,2,2026-01-10,08,quantile,0.05,141.0341546705538
2025-12-20,wk inc flu hosp,2,2026-01-10,08,quantile,0.1,202.29207771261818
2025-12-20,wk inc flu hosp,2,2026-01-10,08,quantile,0.15,240.09525153265832
2025-12-20,wk inc flu hosp,2,2026-01-10,08,quantile,0.2,279.9337366109031
2025-12-20,wk inc flu hosp,2,2026-01-10,08,quantile,0.25,315.6390808989525
2025-12-20,wk inc flu hosp,2,2026-01-10,08,quantile,0.3,353.8618149753271
2025-12-20,wk inc flu hosp,2,2026-01-10,08,quantile,0.35,392.9150993613446
2025-12-20,wk inc flu hosp,2,2026-01-10,08,quantile,0.4,441.49435656252416
2025-12-20,wk inc flu hosp,2,2026-01-10,08,quantile,0.45,499.64158778592537
2025-12-20,wk inc flu hosp,2,2026-01-10,08,quantile,0.5,573.9113536576375
2025-12-20,wk inc flu hosp,2,2026-01-10,08,quantile,0.55,671.5141971901902
2025-12-20,wk inc flu hosp,2,2026-01-10,08,quantile,0.6,822.7104565970901
2025-12-20,wk inc flu hosp,2,2026-01-10,08,quantile,0.65,978.1377441585811
2025-12-20,wk inc flu hosp,2,2026-01-10,08,quantile,0.7,1183.1291148408054
2025-12-20,wk inc flu hosp,2,2026-01-10,08,quantile,0.75,1305.2418898591852
2025-12-20,wk inc flu hosp,2,2026-01-10,08,quantile,0.8,1461.1226948765097
2025-12-20,wk inc flu hosp,2,2026-01-10,08,quantile,0.85,1647.5978713888053
2025-12-20,wk inc flu hosp,2,2026-01-10,08,quantile,0.9,1996.9849125283476
2025-12-20,wk inc flu hosp,2,2026-01-10,08,quantile,0.95,2652.0645934620693
2025-12-20,wk inc flu hosp,2,2026-01-10,08,quantile,0.975,2779.390014493415
2025-12-20,wk inc flu hosp,2,2026-01-10,08,quantile,0.99,2875.2501869711823
2025-12-20,wk inc flu hosp,2,2026-01-10,09,quantile,0.01,78.48869423400868
2025-12-20,wk inc flu hosp,2,2026-01-10,09,quantile,0.025,88.32725345861272
2025-12-20,wk inc flu hosp,2,2026-01-10,09,quantile,0.05,114.70454291805885
2025-12-20,wk inc flu hosp,2,2026-01-10,09,quantile,0.1,149.30209618627748
2025-12-20,wk inc flu hosp,2,2026-01-10,09,quantile,0.15,172.53984590453513
2025-12-20,wk inc flu hosp,2,2026-01-10,09,quantile,0.2,194.38543149646034
2025-12-20,wk inc flu hosp,2,2026-01-10,09,quantile,0.25,218.2227704612427
2025-12-20,wk inc flu hosp,2,2026-01-10,09,quantile,0.3,244.88303967492786
2025-12-20,wk inc flu hosp,2,2026-01-10,09,quantile,0.35,275.2541872588839
2025-12-20,wk inc flu hosp,2,2026-01-10,09,quantile,0.4,304.23268111796625
2025-12-20,wk inc flu hosp,2,2026-01-10,09,quantile,0.45,331.55853917302426
2025-12-20,wk inc flu hosp,2,2026-01-10,09,quantile,0.5,378.4021445041332
2025-12-20,wk inc flu hosp,2,2026-01-10,09,quantile,0.55,450.4032530039426
2025-12-20,wk inc flu hosp,2,2026-01-10,09,quantile,0.6,573.1804357212907
2025-12-20,wk inc flu hosp,2,2026-01-10,09,quantile,0.65,701.0682429392316
2025-12-20,wk inc flu hosp,2,2026-01-10,09,quantile,0.7,873.4146838366095
2025-12-20,wk inc flu hosp,2,2026-01-10,09,quantile,0.75,985.2741402815061
2025-12-20,wk inc flu hosp,2,2026-01-10,09,quantile,0.8,1198.6484476990258
2025-12-20,wk inc flu hosp,2,2026-01-10,09,quantile,0.85,1493.4065882966308
2025-12-20,wk inc flu hosp,2,2026-01-10,09,quantile,0.9,1761.095980985449
2025-12-20,wk inc flu hosp,2,2026-01-10,09,quantile,0.95,2822.392801966798
2025-12-20,wk inc flu hosp,2,2026-01-10,09,quantile,0.975,2990.154866349101
2025-12-20,wk inc flu hosp,2,2026-01-10,09,quantile,0.99,3067.740663888432
2025-12-20,wk inc flu hosp,2,2026-01-10,10,quantile,0.01,7.536922694090118
2025-12-20,wk inc flu hosp,2,2026-01-10,10,quantile,0.025,14.692106617043883
2025-12-20,wk inc flu hosp,2,2026-01-10,10,quantile,0.05,18.628998556281186
2025-12-20,wk inc flu hosp,2,2026-01-10,10,quantile,0.1,26.402910997459163
2025-12-20,wk inc flu hosp,2,2026-01-10,10,quantile,0.15,33.83363609221223
2025-12-20,wk inc flu hosp,2,2026-01-10,10,quantile,0.2,43.69790646040588
2025-12-20,wk inc flu hosp,2,2026-01-10,10,quantile,0.25,55.43813193813741
2025-12-20,wk inc flu hosp,2,2026-01-10,10,quantile,0.3,65.2585715442319
2025-12-20,wk inc flu hosp,2,2026-01-10,10,quantile,0.35,77.916752557057265
2025-12-20,wk inc flu hosp,2,2026-01-10,10,quantile,0.4,91.5102387792518
2025-12-20,wk inc flu hosp,2,2026-01-10,10,quantile,0.45,104.62302566719872
2025-12-20,wk inc flu hosp,2,2026-01-10,10,quantile,0.5,122.05137572034752
2025-12-20,wk inc flu hosp,2,2026-01-10,10,quantile,0.55,143.4321462190114
2025-12-20,wk inc flu hosp,2,2026-01-10,10,quantile,0.6,172.58951881640525
2025-12-20,wk inc flu hosp,2,2026-01-10,10,quantile,0.65,194.71245067101376
2025-12-20,wk inc flu hosp,2,2026-01-10,10,quantile,0.7,216.5803253652793
2025-12-20,wk inc flu hosp,2,2026-01-10,10,quantile,0.75,242.5419961410071
2025-12-20,wk inc flu hosp,2,2026-01-10,10,quantile,0.8,303.80764288055315
2025-12-20,wk inc flu hosp,2,2026-01-10,10,quantile,0.85,336.85532505066703
2025-12-20,wk inc flu hosp,2,2026-01-10,10,quantile,0.9,393.9794992895544
2025-12-20,wk inc flu hosp,2,2026-01-10,10,quantile,0.95,438.8488550301662
2025-12-20,wk inc flu hosp,2,2026-01-10,10,quantile,0.975,451.70453006011695
2025-12-20,wk inc flu hosp,2,2026-01-10,10,quantile,0.99,459.1250717446023
2025-12-20,wk inc flu hosp,2,2026-01-10,11,quantile,0.01,1.9225987111090028
2025-12-20,wk inc flu hosp,2,2026-01-10,11,quantile,0.025,2.281942725258491
2025-12-20,wk inc flu hosp,2,2026-01-10,11,quantile,0.05,3.61420580644806
2025-12-20,wk inc flu hosp,2,2026-01-10,11,quantile,0.1,6.845828581716182
2025-12-20,wk inc flu hosp,2,2026-01-10,11,quantile,0.15,10.690950298332151
2025-12-20,wk inc flu hosp,2,2026-01-10,11,quantile,0.2,13.837670474077846
2025-12-20,wk inc flu hosp,2,2026-01-10,11,quantile,0.25,19.02362476884254
2025-12-20,wk inc flu hosp,2,2026-01-10,11,quantile,0.3,24.75434909757633
2025-12-20,wk inc flu hosp,2,2026-01-10,11,quantile,0.35,29.51008458392389
2025-12-20,wk inc flu hosp,2,2026-01-10,11,quantile,0.4,31.53889555625959
2025-12-20,wk inc flu hosp,2,2026-01-10,11,quantile,0.45,33.1256798891738
2025-12-20,wk inc flu hosp,2,2026-01-10,11,quantile,0.5,34.63592738480163
2025-12-20,wk inc flu hosp,2,2026-01-10,11,quantile,0.55,36.2769133127666
2025-12-20,wk inc flu hosp,2,2026-01-10,11,quantile,0.6,38.49303845519693
2025-12-20,wk inc flu hosp,2,2026-01-10,11,quantile,0.65,41.39234938941811
2025-12-20,wk inc flu hosp,2,2026-01-10,11,quantile,0.7,47.3342534602008
2025-12-20,wk inc flu hosp,2,2026-01-10,11,quantile,0.75,60.202397087574624
2025-12-20,wk inc flu hosp,2,2026-01-10,11,quantile,0.8,70.60805364940688
2025-12-20,wk inc flu hosp,2,2026-01-10,11,quantile,0.85,70.95769583321395
2025-12-20,wk inc flu hosp,2,2026-01-10,11,quantile,0.9,78.45100824917236
2025-12-20,wk inc flu hosp,2,2026-01-10,11,quantile,0.95,128.72500803304044
2025-12-20,wk inc flu hosp,2,2026-01-10,11,quantile,0.975,143.94854479740766
2025-12-20,wk inc flu hosp,2,2026-01-10,11,quantile,0.99,144.1892205771148
2025-12-20,wk inc flu hosp,2,2026-01-10,12,quantile,0.01,449.6012909583823
2025-12-20,wk inc flu hosp,2,2026-01-10,12,quantile,0.025,654.3214985073663
2025-12-20,wk inc flu hosp,2,2026-01-10,12,quantile,0.05,789.6833452741884
2025-12-20,wk inc flu hosp,2,2026-01-10,12,quantile,0.1,973.635153491264
2025-12-20,wk inc flu hosp,2,2026-01-10,12,quantile,0.15,1158.5987352841105
2025-12-20,wk inc flu hosp,2,2026-01-10,12,quantile,0.2,1331.6593462632902
2025-12-20,wk inc flu hosp,2,2026-01-10,12,quantile,0.25,1490.7187660414352
2025-12-20,wk inc flu hosp,2,2026-01-10,12,quantile,0.3,1673.9733190004542
2025-12-20,wk inc flu hosp,2,2026-01-10,12,quantile,0.35,1777.0634105429108
2025-12-20,wk inc flu hosp,2,2026-01-10,12,quantile,0.4,1949.3084347548595
2025-12-20,wk inc flu hosp,2,2026-01-10,12,quantile,0.45,2221.115693062738
2025-12-20,wk inc flu hosp,2,2026-01-10,12,quantile,0.5,2601.5461451295264
2025-12-20,wk inc flu hosp,2,2026-01-10,12,quantile,0.55,3001.6146417142563
2025-12-20,wk inc flu hosp,2,2026-01-10,12,quantile,0.6,3408.1784548235523
2025-12-20,wk inc flu hosp,2,2026-01-10,12,quantile,0.65,3836.717313116959
2025-12-20,wk inc flu hosp,2,2026-01-10,12,quantile,0.7,4496.1317982633645
2025-12-20,wk inc flu hosp,2,2026-01-10,12,quantile,0.75,4883.828075567614
2025-12-20,wk inc flu hosp,2,2026-01-10,12,quantile,0.8,5641.7889003112105
2025-12-20,wk inc flu hosp,2,2026-01-10,12,quantile,0.85,6339.8110099794485
2025-12-20,wk inc flu hosp,2,2026-01-10,12,quantile,0.9,7101.656890823337
2025-12-20,wk inc flu hosp,2,2026-01-10,12,quantile,0.95,7934.039150935526
2025-12-20,wk inc flu hosp,2,2026-01-10,12,quantile,0.975,8432.666360229387
2025-12-20,wk inc flu hosp,2,2026-01-10,12,quantile,0.99,8816.682413142125
2025-12-20,wk inc flu hosp,2,2026-01-10,13,quantile,0.01,108.5086087122579
2025-12-20,wk inc flu hosp,2,2026-01-10,13,quantile,0.025,127.1840360967734
2025-12-20,wk inc flu hosp,2,2026-01-10,13,quantile,0.05,188.3183013349304
2025-12-20,wk inc flu hosp,2,2026-01-10,13,quantile,0.1,273.572814327849
2025-12-20,wk inc flu hosp,2,2026-01-10,13,quantile,0.15,350.4545586038777
2025-12-20,wk inc flu hosp,2,2026-01-10,13,quantile,0.2,407.6363226672065
2025-12-20,wk inc flu hosp,2,2026-01-10,13,quantile,0.25,484.94239024405357
2025-12-20,wk inc flu hosp,2,2026-01-10,13,quantile,0.3,530.695866710663
2025-12-20,wk inc flu hosp,2,2026-01-10,13,quantile,0.35,579.5696864942795
2025-12-20,wk inc flu hosp,2,2026-01-10,13,quantile,0.4,661.9434589761147
2025-12-20,wk inc flu hosp,2,2026-01-10,13,quantile,0.45,738.6411464671341
2025-12-20,wk inc flu hosp,2,2026-01-10,13,quantile,0.5,816.477151734271
2025-12-20,wk inc flu hosp,2,2026-01-10,13,quantile,0.55,890.5938291905856
2025-12-20,wk inc flu hosp,2,2026-01-10,13,quantile,0.6,957.429248490873
2025-12-20,wk inc flu hosp,2,2026-01-10,13,quantile,0.65,1053.1848484796496
2025-12-20,wk inc flu hosp,2,2026-01-10,13,quantile,0.7,1116.4852927125653
2025-12-20,wk inc flu hosp,2,2026-01-10,13,quantile,0.75,1153.8195951973125
2025-12-20,wk inc flu hosp,2,2026-01-10,13,quantile,0.8,1238.5741927062168
2025-12-20,wk inc flu hosp,2,2026-01-10,13,quantile,0.85,1405.0018684758643
2025-12-20,wk inc flu hosp,2,2026-01-10,13,quantile,0.9,1568.006355939391
2025-12-20,wk inc flu hosp,2,2026-01-10,13,quantile,0.95,1701.1886752294702
2025-12-20,wk inc flu hosp,2,2026-01-10,13,quantile,0.975,1905.9540576131103
2025-12-20,wk inc flu hosp,2,2026-01-10,13,quantile,0.99,1995.5374612841456
2025-12-20,wk inc flu hosp,2,2026-01-10,15,quantile,0.01,10.738215486690956
2025-12-20,wk inc flu hosp,2,2026-01-10,15,quantile,0.025,17.980338190517255
2025-12-20,wk inc flu hosp,2,2026-01-10,15,quantile,0.05,28.39921216623953
2025-12-20,wk inc flu hosp,2,2026-01-10,15,quantile,0.1,39.117486262922505
2025-12-20,wk inc flu hosp,2,2026-01-10,15,quantile,0.15,43.104089059754436
2025-12-20,wk inc flu hosp,2,2026-01-10,15,quantile,0.2,49.5713880026675
2025-12-20,wk inc flu hosp,2,2026-01-10,15,quantile,0.25,55.653120505394845
2025-12-20,wk inc flu hosp,2,2026-01-10,15,quantile,0.3,61.12990773962323
2025-12-20,wk inc flu hosp,2,2026-01-10,15,quantile,0.35,68.06393932251517
2025-12-20,wk inc flu hosp,2,2026-01-10,15,quantile,0.4,75.47391646137328
2025-12-20,wk inc flu hosp,2,2026-01-10,15,quantile,0.45,84.12182222187533
2025-12-20,wk inc flu hosp,2,2026-01-10,15,quantile,0.5,91.02572126342676
2025-12-20,wk inc flu hosp,2,2026-01-10,15,quantile,0.55,99.78923832254829
2025-12-20,wk inc flu hosp,2,2026-01-10,15,quantile,0.6,108.03786957282273
2025-12-20,wk inc flu hosp,2,2026-01-10,15,quantile,0.65,118.28460124724062
2025-12-20,wk inc flu hosp,2,2026-01-10,15,quantile,0.7,138.30888370079163
2025-12-20,wk inc flu hosp,2,2026-01-10,15,quantile,0.75,143.94650918717426
2025-12-20,wk inc flu hosp,2,2026-01-10,15,quantile,0.8,161.97636685281975
2025-12-20,wk inc flu hosp,2,2026-01-10,15,quantile,0.85,186.73304175030137
2025-12-20,wk inc flu hosp,2,2026-01-10,15,quantile,0.9,214.45373619606215
2025-12-20,wk inc flu hosp,2,2026-01-10,15,quantile,0.95,298.19434516412593
2025-12-20,wk inc flu hosp,2,2026-01-10,15,quantile,0.975,353.2902845849448
2025-12-20,wk inc flu hosp,2,2026-01-10,15,quantile,0.99,389.8380462388474
2025-12-20,wk inc flu hosp,2,2026-01-10,16,quantile,0.01,14.779218393097857
2025-12-20,wk inc flu hosp,2,2026-01-10,16,quantile,0.025,19.34286340001477
2025-12-20,wk inc flu hosp,2,2026-01-10,16,quantile,0.05,26.833105989720067
2025-12-20,wk inc flu hosp,2,2026-01-10,16,quantile,0.1,39.960874794231785
2025-12-20,wk inc flu hosp,2,2026-01-10,16,quantile,0.15,50.84995291424958
2025-12-20,wk inc flu hosp,2,2026-01-10,16,quantile,0.2,57.5234900555613
2025-12-20,wk inc flu hosp,2,2026-01-10,16,quantile,0.25,64.9278513457125
2025-12-20,wk inc flu hosp,2,2026-01-10,16,quantile,0.3,73.03813879590622
2025-12-20,wk inc flu hosp,2,2026-01-10,16,quantile,0.35,82.74083661736076
2025-12-20,wk inc flu hosp,2,2026-01-10,16,quantile,0.4,91.73418937813864
2025-12-20,wk inc flu hosp,2,2026-01-10,16,quantile,0.45,103.92062448374266
2025-12-20,wk inc flu hosp,2,2026-01-10,16,quantile,0.5,121.10538400601759
2025-12-20,wk inc flu hosp,2,2026-01-10,16,quantile,0.55,131.30465806241608
2025-12-20,wk inc flu hosp,2,2026-01-10,16,quantile,0.6,147.62758907090193
2025-12-20,wk inc flu hosp,2,2026-01-10,16,quantile,0.65,161.0234644324401
2025-12-20,wk inc flu hosp,2,2026-01-10,16,quantile,0.7,179.74404995708443
2025-12-20,wk inc flu hosp,2,2026-01-10,16,quantile,0.75,193.96432895642073
2025-12-20,wk inc flu hosp,2,2026-01-10,16,quantile,0.8,222.72538299101984
2025-12-20,wk inc flu hosp,2,2026-01-10,16,quantile,0.85,250.4910152783752
2025-12-20,wk inc flu hosp,2,2026-01-10,16,quantile,0.9,292.4947321121295
2025-12-20,wk inc flu hosp,2,2026-01-10,16,quantile,0.95,342.0472811459292
2025-12-20,wk inc flu hosp,2,2026-01-10,16,quantile,0.975,353.1424247862123
2025-12-20,wk inc flu hosp,2,2026-01-10,16,quantile,0.99,399.24719158493065
2025-12-20,wk inc flu hosp,2,2026-01-10,17,quantile,0.01,59.92164247660357
2025-12-20,wk inc flu hosp,2,2026-01-10,17,quantile,0.025,166.33211108554818
2025-12-20,wk inc flu hosp,2,2026-01-10,17,quantile,0.05,224.4442638747739
2025-12-20,wk inc flu hosp,2,2026-01-10,17,quantile,0.1,277.9147351252575
2025-12-20,wk inc flu hosp,2,2026-01-10,17,quantile,0.15,311.1660655923874
2025-12-20,wk inc flu hosp,2,2026-01-10,17,quantile,0.2,350.1050249520126
2025-12-20,wk inc flu hosp,2,2026-01-10,17,quantile,0.25,402.66689783420907
2025-12-20,wk inc flu hosp,2,2026-01-10,17,quantile,0.3,442.25724102301405
2025-12-20,wk inc flu hosp,2,2026-01-10,17,quantile,0.35,471.65766650078103
2025-12-20,wk inc flu hosp,2,2026-01-10,17,quantile,0.4,522.490288860093
2025-12-20,wk inc flu hosp,2,2026-01-10,17,quantile,0.45,584.9545569030411
2025-12-20,wk inc flu hosp,2,2026-01-10,17,quantile,0.5,682.2304115323672
2025-12-20,wk inc flu hosp,2,2026-01-10,17,quantile,0.55,806.2310249824947
2025-12-20,wk inc flu hosp,2,2026-01-10,17,quantile,0.6,906.7077169208106
2025-12-20,wk inc flu hosp,2,2026-01-10,17,quantile,0.65,1075.872845489123
2025-12-20,wk inc flu hosp,2,2026-01-10,17,quantile,0.7,1285.1014946786156
2025-12-20,wk inc flu hosp,2,2026-01-10,17,quantile,0.75,1468.2301128413744
2025-12-20,wk inc flu hosp,2,2026-01-10,17,quantile,0.8,1630.4186799315246
2025-12-20,wk inc flu hosp,2,2026-01-10,17,quantile,0.85,1884.3747827146462
2025-12-20,wk inc flu hosp,2,2026-01-10,17,quantile,0.9,2163.5539121643583
2025-12-20,wk inc flu hosp,2,2026-01-10,17,quantile,0.95,2835.757625738903
2025-12-20,wk inc flu hosp,2,2026-01-10,17,quantile,0.975,3499.541924367386
2025-12-20,wk inc flu hosp,2,2026-01-10,17,quantile,0.99,3731.334781583038
2025-12-20,wk inc flu hosp,2,2026-01-10,18,quantile,0.01,64.83274545586374
2025-12-20,wk inc flu hosp,2,2026-01-10,18,quantile,0.025,66.15895484554588
2025-12-20,wk inc flu hosp,2,2026-01-10,18,quantile,0.05,79.40734623651805
2025-12-20,wk inc flu hosp,2,2026-01-10,18,quantile,0.1,110.26054194925963
2025-12-20,wk inc flu hosp,2,2026-01-10,18,quantile,0.15,175.86057788159025
2025-12-20,wk inc flu hosp,2,2026-01-10,18,quantile,0.2,249.86479718301584
2025-12-20,wk inc flu hosp,2,2026-01-10,18,quantile,0.25,303.3336100948891
2025-12-20,wk inc flu hosp,2,2026-01-10,18,quantile,0.3,361.0946609975278
2025-12-20,wk inc flu hosp,2,2026-01-10,18,quantile,0.35,411.2968184127272
2025-12-20,wk inc flu hosp,2,2026-01-10,18,quantile,0.4,455.9691479243103
2025-12-20,wk inc flu hosp,2,2026-01-10,18,quantile,0.45,495.80376209656623
2025-12-20,wk inc flu hosp,2,2026-01-10,18,quantile,0.5,520.6859987576544
2025-12-20,wk inc flu hosp,2,2026-01-10,18,quantile,0.55,560.251198761118
2025-12-20,wk inc flu hosp,2,2026-01-10,18,quantile,0.6,606.7187993280776
2025-12-20,wk inc flu hosp,2,2026-01-10,18,quantile,0.65,650.4343524398986
2025-12-20,wk inc flu hosp,2,2026-01-10,18,quantile,0.7,713.3146535943608
2025-12-20,wk inc flu hosp,2,2026-01-10,18,quantile,0.75,820.8329241582479
2025-12-20,wk inc flu hosp,2,2026-01-10,18,quantile,0.8,1014.9766443378624
2025-12-20,wk inc flu hosp,2,2026-01-10,18,quantile,0.85,1143.189903501184
2025-12-20,wk inc flu hosp,2,2026-01-10,18,quantile,0.9,1405.3579081027638
2025-12-20,wk inc flu hosp,2,2026-01-10,18,quantile,0.95,1615.6087384971647
2025-12-20,wk inc flu hosp,2,2026-01-10,18,quantile,0.975,1866.7108506423588
2025-12-20,wk inc flu hosp,2,2026-01-10,18,quantile,0.99,1893.0343561142836
2025-12-20,wk inc flu hosp,2,2026-01-10,19,quantile,0.01,11.081020718434344
2025-12-20,wk inc flu hosp,2,2026-01-10,19,quantile,0.025,21.819229301515936
2025-12-20,wk inc flu hosp,2,2026-01-10,19,quantile,0.05,35.65650641543549
2025-12-20,wk inc flu hosp,2,2026-01-10,19,quantile,0.1,44.47427158895695
2025-12-20,wk inc flu hosp,2,2026-01-10,19,quantile,0.15,53.51383541195687
2025-12-20,wk inc flu hosp,2,2026-01-10,19,quantile,0.2,72.75781659664824
2025-12-20,wk inc flu hosp,2,2026-01-10,19,quantile,0.25,89.25500727930694
2025-12-20,wk inc flu hosp,2,2026-01-10,19,quantile,0.3,110.36573862810613
2025-12-20,wk inc flu hosp,2,2026-01-10,19,quantile,0.35,127.97659746554461
2025-12-20,wk inc flu hosp,2,2026-01-10,19,quantile,0.4,144.53217235490428
2025-12-20,wk inc flu hosp,2,2026-01-10,19,quantile,0.45,160.7540420986734
2025-12-20,wk inc flu hosp,2,2026-01-10,19,quantile,0.5,181.4678130130083
2025-12-20,wk inc flu hosp,2,2026-01-10,19,quantile,0.55,208.09567822168907
2025-12-20,wk inc flu hosp,2,2026-01-10,19,quantile,0.6,237.7437843562435
2025-12-20,wk inc flu hosp,2,2026-01-10,19,quantile,0.65,264.9671811381814
2025-12-20,wk inc flu hosp,2,2026-01-10,19,quantile,0.7,308.3743851201457
2025-12-20,wk inc flu hosp,2,2026-01-10,19,quantile,0.75,380.7849629446861
2025-12-20,wk inc flu hosp,2,2026-01-10,19,quantile,0.8,438.6636198548398
2025-12-20,wk inc flu hosp,2,2026-01-10,19,quantile,0.85,562.9910442866244
2025-12-20,wk inc flu hosp,2,2026-01-10,19,quantile,0.9,742.0884477139773
2025-12-20,wk inc flu hosp,2,2026-01-10,19,quantile,0.95,888.1683725416921
2025-12-20,wk inc flu hosp,2,2026-01-10,19,quantile,0.975,919.3756719357104
2025-12-20,wk inc flu hosp,2,2026-01-10,19,quantile,0.99,925.6279942126342
2025-12-20,wk inc flu hosp,2,2026-01-10,20,quantile,0.01,12.638181693077522
2025-12-20,wk inc flu hosp,2,2026-01-10,20,quantile,0.025,21.805908797044495
2025-12-20,wk inc flu hosp,2,2026-01-10,20,quantile,0.05,25.124515575019302
2025-12-20,wk inc flu hosp,2,2026-01-10,20,quantile,0.1,33.587436212164064
2025-12-20,wk inc flu hosp,2,2026-01-10,20,quantile,0.15,44.368363858839366
2025-12-20,wk inc flu hosp,2,2026-01-10,20,quantile,0.2,52.554412662306596
2025-12-20,wk inc flu hosp,2,2026-01-10,20,quantile,0.25,63.2448845159469
2025-12-20,wk inc flu hosp,2,2026-01-10,20,quantile,0.3,75.25059911229636
2025-12-20,wk inc flu hosp,2,2026-01-10,20,quantile,0.35,85.31739159848163
2025-12-20,wk inc flu hosp,2,2026-01-10,20,quantile,0.4,93.63871769558577
2025-12-20,wk inc flu hosp,2,2026-01-10,20,quantile,0.45,103.35430656122446
2025-12-20,wk inc flu hosp,2,2026-01-10,20,quantile,0.5,116.79073408660679
2025-12-20,wk inc flu hosp,2,2026-01-10,20,quantile,0.55,133.70708045407153
2025-12-20,wk inc flu hosp,2,2026-01-10,20,quantile,0.6,151.72626611572952
2025-12-20,wk inc flu hosp,2,2026-01-10,20,quantile,0.65,175.49823760934066
2025-12-20,wk inc flu hosp,2,2026-01-10,20,quantile,0.7,195.73335105776033
2025-12-20,wk inc flu hosp,2,2026-01-10,20,quantile,0.75,223.9144830644028
2025-12-20,wk inc flu hosp,2,2026-01-10,20,quantile,0.8,255.04192160068024
2025-12-20,wk inc flu hosp,2,2026-01-10,20,quantile,0.85,344.1809552438396
2025-12-20,wk inc flu hosp,2,2026-01-10,20,quantile,0.9,389.16280026482434
2025-12-20,wk inc flu hosp,2,2026-01-10,20,quantile,0.95,476.0035005238118
2025-12-20,wk inc flu hosp,2,2026-01-10,20,quantile,0.975,498.90384063081353
2025-12-20,wk inc flu hosp,2,2026-01-10,20,quantile,0.99,520.4973398413982
2025-12-20,wk inc flu hosp,2,2026-01-10,21,quantile,0.01,40.53731687210491
2025-12-20,wk inc flu hosp,2,2026-01-10,21,quantile,0.025,50.8113905701998
2025-12-20,wk inc flu hosp,2,2026-01-10,21,quantile,0.05,65.7425656173061
2025-12-20,wk inc flu hosp,2,2026-01-10,21,quantile,0.1,90.82857889480151
2025-12-20,wk inc flu hosp,2,2026-01-10,21,quantile,0.15,128.3875041154367
2025-12-20,wk inc flu hosp,2,2026-01-10,21,quantile,0.2,170.4560153948603
2025-12-20,wk inc flu hosp,2,2026-01-10,21,quantile,0.25,204.1254649435374
2025-12-20,wk inc flu hosp,2,2026-01-10,21,quantile,0.3,235.9729445983898
2025-12-20,wk inc flu hosp,2,2026-01-10,21,quantile,0.35,263.4876550389929
2025-12-20,wk inc flu hosp,2,2026-01-10,21,quantile,0.4,291.0886664906107
2025-12-20,wk inc flu hosp,2,2026-01-10,21,quantile,0.45,310.19938141891095
2025-12-20,wk inc flu hosp,2,2026-01-10,21,quantile,0.5,332.9721076056086
2025-12-20,wk inc flu hosp,2,2026-01-10,21,quantile,0.55,359.6585377508315
2025-12-20,wk inc flu hosp,2,2026-01-10,21,quantile,0.6,403.8981203997624
2025-12-20,wk inc flu hosp,2,2026-01-10,21,quantile,0.65,443.9971561118979
2025-12-20,wk inc flu hosp,2,2026-01-10,21,quantile,0.7,534.0347646557718
2025-12-20,wk inc flu hosp,2,2026-01-10,21,quantile,0.75,679.7053480803113
2025-12-20,wk inc flu hosp,2,2026-01-10,21,quantile,0.8,874.6569631124528
2025-12-20,wk inc flu hosp,2,2026-01-10,21,quantile,0.85,1020.1903002747821
2025-12-20,wk inc flu hosp,2,2026-01-10,21,quantile,0.9,1254.8786119933006
2025-12-20,wk inc flu hosp,2,2026-01-10,21,quantile,0.95,1283.1181903598624
2025-12-20,wk inc flu hosp,2,2026-01-10,21,quantile,0.975,1286.6887423815156
2025-12-20,wk inc flu hosp,2,2026-01-10,21,quantile,0.99,1287.8070123024386
2025-12-20,wk inc flu hosp,2,2026-01-10,22,quantile,0.01,97.37291939401106
2025-12-20,wk inc flu hosp,2,2026-01-10,22,quantile,0.025,119.67282318467157
2025-12-20,wk inc flu hosp,2,2026-01-10,22,quantile,0.05,143.74196695511262
2025-12-20,wk inc flu hosp,2,2026-01-10,22,quantile,0.1,175.68586602279586
2025-12-20,wk inc flu hosp,2,2026-01-10,22,quantile,0.15,198.1038481052927
2025-12-20,wk inc flu hosp,2,2026-01-10,22,quantile,0.2,222.84145538306197
2025-12-20,wk inc flu hosp,2,2026-01-10,22,quantile,0.25,251.34448155764778
2025-12-20,wk inc flu hosp,2,2026-01-10,22,quantile,0.3,284.8953108810469
2025-12-20,wk inc flu hosp,2,2026-01-10,22,quantile,0.35,319.179110647628
2025-12-20,wk inc flu hosp,2,2026-01-10,22,quantile,0.4,351.20989903713195
2025-12-20,wk inc flu hosp,2,2026-01-10,22,quantile,0.45,409.35086394216614
2025-12-20,wk inc flu hosp,2,2026-01-10,22,quantile,0.5,496.8555775147637
2025-12-20,wk inc flu hosp,2,2026-01-10,22,quantile,0.55,615.028827956882
2025-12-20,wk inc flu hosp,2,2026-01-10,22,quantile,0.6,778.2844922198478
2025-12-20,wk inc flu hosp,2,2026-01-10,22,quantile,0.65,845.9958289721709
2025-12-20,wk inc flu hosp,2,2026-01-10,22,quantile,0.7,948.2710430995371
2025-12-20,wk inc flu hosp,2,2026-01-10,22,quantile,0.75,966.6084608491216
2025-12-20,wk inc flu hosp,2,2026-01-10,22,quantile,0.8,1086.5286332344265
2025-12-20,wk inc flu hosp,2,2026-01-10,22,quantile,0.85,1197.496769820595
2025-12-20,wk inc flu hosp,2,2026-01-10,22,quantile,0.9,1354.1113026708942
2025-12-20,wk inc flu hosp,2,2026-01-10,22,quantile,0.95,1536.814779550923
2025-12-20,wk inc flu hosp,2,2026-01-10,22,quantile,0.975,1724.1862298638455
2025-12-20,wk inc flu hosp,2,2026-01-10,22,quantile,0.99,1939.8737908464989
2025-12-20,wk inc flu hosp,2,2026-01-10,23,quantile,0.01,16.405481303751444
2025-12-20,wk inc flu hosp,2,2026-01-10,23,quantile,0.025,21.250516260741154
2025-12-20,wk inc flu hosp,2,2026-01-10,23,quantile,0.05,23.314562314577472
2025-12-20,wk inc flu hosp,2,2026-01-10,23,quantile,0.1,30.05327804849242
2025-12-20,wk inc flu hosp,2,2026-01-10,23,quantile,0.15,36.52328577947787
2025-12-20,wk inc flu hosp,2,2026-01-10,23,quantile,0.2,43.557326685906006
2025-12-20,wk inc flu hosp,2,2026-01-10,23,quantile,0.25,51.45414768234124
2025-12-20,wk inc flu hosp,2,2026-01-10,23,quantile,0.3,58.66447890003236
2025-12-20,wk inc flu hosp,2,2026-01-10,23,quantile,0.35,65.85360883738565
2025-12-20,wk inc flu hosp,2,2026-01-10,23,quantile,0.4,76.33826735475752
2025-12-20,wk inc flu hosp,2,2026-01-10,23,quantile,0.45,89.57678170739513
2025-12-20,wk inc flu hosp,2,2026-01-10,23,quantile,0.5,106.11455291340341
2025-12-20,wk inc flu hosp,2,2026-01-10,23,quantile,0.55,120.10229522558438
2025-12-20,wk inc flu hosp,2,2026-01-10,23,quantile,0.6,132.28490321366957
2025-12-20,wk inc flu hosp,2,2026-01-10,23,quantile,0.65,166.23225006453467
2025-12-20,wk inc flu hosp,2,2026-01-10,23,quantile,0.7,213.0874434409218
2025-12-20,wk inc flu hosp,2,2026-01-10,23,quantile,0.75,260.4106689553761
2025-12-20,wk inc flu hosp,2,2026-01-10,23,quantile,0.8,309.06611752740145
2025-12-20,wk inc flu hosp,2,2026-01-10,23,quantile,0.85,377.0652317006446
2025-12-20,wk inc flu hosp,2,2026-01-10,23,quantile,0.9,429.7224360823128
2025-12-20,wk inc flu hosp,2,2026-01-10,23,quantile,0.95,432.78244172976576
2025-12-20,wk inc flu hosp,2,2026-01-10,23,quantile,0.975,503.2798875924939
2025-12-20,wk inc flu hosp,2,2026-01-10,23,quantile,0.99,535.6504937302402
2025-12-20,wk inc flu hosp,2,2026-01-10,24,quantile,0.01,56.77765875074447
2025-12-20,wk inc flu hosp,2,2026-01-10,24,quantile,0.025,77.37561807435065
2025-12-20,wk inc flu hosp,2,2026-01-10,24,quantile,0.05,130.19201582974736
2025-12-20,wk inc flu hosp,2,2026-01-10,24,quantile,0.1,193.97638682280774
2025-12-20,wk inc flu hosp,2,2026-01-10,24,quantile,0.15,239.32670208522933
2025-12-20,wk inc flu hosp,2,2026-01-10,24,quantile,0.2,282.85056190499944
2025-12-20,wk inc flu hosp,2,2026-01-10,24,quantile,0.25,325.30974996912164
2025-12-20,wk inc flu hosp,2,2026-01-10,24,quantile,0.3,367.8673740780823
2025-12-20,wk inc flu hosp,2,2026-01-10,24,quantile,0.35,417.950193993818
2025-12-20,wk inc flu hosp,2,2026-01-10,24,quantile,0.4,477.42126485499693
2025-12-20,wk inc flu hosp,2,2026-01-10,24,quantile,0.45,532.964527944803
2025-12-20,wk inc flu hosp,2,2026-01-10,24,quantile,0.5,603.7900746148911
2025-12-20,wk inc flu hosp,2,2026-01-10,24,quantile,0.55,700.6699741846005
2025-12-20,wk inc flu hosp,2,2026-01-10,24,quantile,0.6,830.174851155016
2025-12-20,wk inc flu hosp,2,2026-01-10,24,quantile,0.65,879.7845314161422
2025-12-20,wk inc flu hosp,2,2026-01-10,24,quantile,0.7,1156.207309976383
2025-12-20,wk inc flu hosp,2,2026-01-10,24,quantile,0.75,1297.5600740650364
2025-12-20,wk inc flu hosp,2,2026-01-10,24,quantile,0.8,1369.6215018434261
2025-12-20,wk inc flu hosp,2,2026-01-10,24,quantile,0.85,1421.8079725030439
2025-12-20,wk inc flu hosp,2,2026-01-10,24,quantile,0.9,1615.1151590301333
2025-12-20,wk inc flu hosp,2,2026-01-10,24,quantile,0.95,1946.7856522438972
2025-12-20,wk inc flu hosp,2,2026-01-10,24,quantile,0.975,2364.000737549217
2025-12-20,wk inc flu hosp,2,2026-01-10,24,quantile,0.99,2500.9200878465927
2025-12-20,wk inc flu hosp,2,2026-01-10,25,quantile,0.01,144.2050723248929
2025-12-20,wk inc flu hosp,2,2026-01-10,25,quantile,0.025,170.90242077321193
2025-12-20,wk inc flu hosp,2,2026-01-10,25,quantile,0.05,197.4030482802025
2025-12-20,wk inc flu hosp,2,2026-01-10,25,quantile,0.1,249.63576694963564
2025-12-20,wk inc flu hosp,2,2026-01-10,25,quantile,0.15,297.20137747874054
2025-12-20,wk inc flu hosp,2,2026-01-10,25,quantile,0.2,342.4714102925379
2025-12-20,wk inc flu hosp,2,2026-01-10,25,quantile,0.25,392.4124593748557
2025-12-20,wk inc flu hosp,2,2026-01-10,25,quantile,0.3,446.3473604591046
2025-12-20,wk inc flu hosp,2,2026-01-10,25,quantile,0.35,506.7876013522861
2025-12-20,wk inc flu hosp,2,2026-01-10,25,quantile,0.4,555.7408446263191
2025-12-20,wk inc flu hosp,2,2026-01-10,25,quantile,0.45,616.6320359337029
2025-12-20,wk inc flu hosp,2,2026-01-10,25,quantile,0.5,697.6527704399259
2025-12-20,wk inc flu hosp,2,2026-01-10,25,quantile,0.55,796.7207045076048
2025-12-20,wk inc flu hosp,2,2026-01-10,25,quantile,0.6,999.6234543425794
2025-12-20,wk inc flu hosp,2,2026-01-10,25,quantile,0.65,1173.561092019899
2025-12-20,wk inc flu hosp,2,2026-01-10,25,quantile,0.7,1571.447384349112
2025-12-20,wk inc flu hosp,2,2026-01-10,25,quantile,0.75,2170.2355098464286
2025-12-20,wk inc flu hosp,2,2026-01-10,25,quantile,0.8,2315.228358849008
2025-12-20,wk inc flu hosp,2,2026-01-10,25,quantile,0.85,2731.455608086729
2025-12-20,wk inc flu hosp,2,2026-01-10,25,quantile,0.9,3157.730679428439
2025-12-20,wk inc flu hosp,2,2026-01-10,25,quantile,0.95,3305.9272814745286
2025-12-20,wk inc flu hosp,2,2026-01-10,25,quantile,0.975,3322.3453466014116
2025-12-20,wk inc flu hosp,2,2026-01-10,25,quantile,0.99,3455.611305267872
2025-12-20,wk inc flu hosp,2,2026-01-10,26,quantile,0.01,74.46596461655174
2025-12-20,wk inc flu hosp,2,2026-01-10,26,quantile,0.025,105.1386191657332
2025-12-20,wk inc flu hosp,2,2026-01-10,26,quantile,0.05,181.7275583965891
2025-12-20,wk inc flu hosp,2,2026-01-10,26,quantile,0.1,254.39096962047748
2025-12-20,wk inc flu hosp,2,2026-01-10,26,quantile,0.15,328.0890033395017
2025-12-20,wk inc flu hosp,2,2026-01-10,26,quantile,0.2,400.1915618345725
2025-12-20,wk inc flu hosp,2,2026-01-10,26,quantile,0.25,464.4135367649395
2025-12-20,wk inc flu hosp,2,2026-01-10,26,quantile,0.3,521.1910488412764
2025-12-20,wk inc flu hosp,2,2026-01-10,26,quantile,0.35,567.194362477859
2025-12-20,wk inc flu hosp,2,2026-01-10,26,quantile,0.4,599.3723214371437
2025-12-20,wk inc flu hosp,2,2026-01-10,26,quantile,0.45,667.1597113562572
2025-12-20,wk inc flu hosp,2,2026-01-10,26,quantile,0.5,774.3178662862879
2025-12-20,wk inc flu hosp,2,2026-01-10,26,quantile,0.55,890.6032889331802
2025-12-20,wk inc flu hosp,2,2026-01-10,26,quantile,0.6,1028.8599107102357
2025-12-20,wk inc flu hosp,2,2026-01-10,26,quantile,0.65,1127.6604751988764
2025-12-20,wk inc flu hosp,2,2026-01-10,26,quantile,0.7,1243.7808196308008
2025-12-20,wk inc flu hosp,2,2026-01-10,26,quantile,0.75,1333.33102320288
2025-12-20,wk inc flu hosp,2,2026-01-10,26,quantile,0.8,1481.5049199537814
2025-12-20,wk inc flu hosp,2,2026-01-10,26,quantile,0.85,1591.7296276198983
2025-12-20,wk inc flu hosp,2,2026-01-10,26,quantile,0.9,1810.296033424817
2025-12-20,wk inc flu hosp,2,2026-01-10,26,quantile,0.95,2306.0907696435006
2025-12-20,wk inc flu hosp,2,2026-01-10,26,quantile,0.975,2505.1289305972086
2025-12-20,wk inc flu hosp,2,2026-01-10,26,quantile,0.99,2981.5791058328505
2025-12-20,wk inc flu hosp,2,2026-01-10,27,quantile,0.01,51.526915876970904
2025-12-20,wk inc flu hosp,2,2026-01-10,27,quantile,0.025,100.58150175862447
2025-12-20,wk inc flu hosp,2,2026-01-10,27,quantile,0.05,122.44653785214679
2025-12-20,wk inc flu hosp,2,2026-01-10,27,quantile,0.1,198.60461571697002
2025-12-20,wk inc flu hosp,2,2026-01-10,27,quantile,0.15,240.35518062668226
2025-12-20,wk inc flu hosp,2,2026-01-10,27,quantile,0.2,287.2458188008341
2025-12-20,wk inc flu hosp,2,2026-01-10,27,quantile,0.25,328.5695122161603
2025-12-20,wk inc flu hosp,2,2026-01-10,27,quantile,0.3,371.33610424768165
2025-12-20,wk inc flu hosp,2,2026-01-10,27,quantile,0.35,412.42097018232187
2025-12-20,wk inc flu hosp,2,2026-01-10,27,quantile,0.4,457.58987464569697
2025-12-20,wk inc flu hosp,2,2026-01-10,27,quantile,0.45,506.58688961753785
2025-12-20,wk inc flu hosp,2,2026-01-10,27,quantile,0.5,550.243122786857
2025-12-20,wk inc flu hosp,2,2026-01-10,27,quantile,0.55,619.547323104065
2025-12-20,wk inc flu hosp,2,2026-01-10,27,quantile,0.6,742.2546616477634
2025-12-20,wk inc flu hosp,2,2026-01-10,27,quantile,0.65,812.8286434734964
2025-12-20,wk inc flu hosp,2,2026-01-10,27,quantile,0.7,1084.6290259017046
2025-12-20,wk inc flu hosp,2,2026-01-10,27,quantile,0.75,1538.4154938152074
2025-12-20,wk inc flu hosp,2,2026-01-10,27,quantile,0.8,1821.2010512354673
2025-12-20,wk inc flu hosp,2,2026-01-10,27,quantile,0.85,2259.9946973157976
2025-12-20,wk inc flu hosp,2,2026-01-10,27,quantile,0.9,2497.4187268339574
2025-12-20,wk inc flu hosp,2,2026-01-10,27,quantile,0.95,2833.8202355471467
2025-12-20,wk inc flu hosp,2,2026-01-10,27,quantile,0.975,2953.1696628807586
2025-12-20,wk inc flu hosp,2,2026-01-10,27,quantile,0.99,3030.189032115451
2025-12-20,wk inc flu hosp,2,2026-01-10,28,quantile,0.01,43.86471627393454
2025-12-20,wk inc flu hosp,2,2026-01-10,28,quantile,0.025,46.78047429574229
2025-12-20,wk inc flu hosp,2,2026-01-10,28,quantile,0.05,59.67984348677935
2025-12-20,wk inc flu hosp,2,2026-01-10,28,quantile,0.1,82.94849757985692
2025-12-20,wk inc flu hosp,2,2026-01-10,28,quantile,0.15,99.00072079834341
2025-12-20,wk inc flu hosp,2,2026-01-10,28,quantile,0.2,108.13584217675857
2025-12-20,wk inc flu hosp,2,2026-01-10,28,quantile,0.25,119.58878087382628
2025-12-20,wk inc flu hosp,2,2026-01-10,28,quantile,0.3,131.30486436876495
2025-12-20,wk inc flu hosp,2,2026-01-10,28,quantile,0.35,147.375834063236
2025-12-20,wk inc flu hosp,2,2026-01-10,28,quantile,0.4,159.92748035153414
2025-12-20,wk inc flu hosp,2,2026-01-10,28,quantile,0.45,172.0643874147029
2025-12-20,wk inc flu hosp,2,2026-01-10,28,quantile,0.5,189.13956729387039
2025-12-20,wk inc flu hosp,2,2026-01-10,28,quantile,0.55,208.42224883965451
2025-12-20,wk inc flu hosp,2,2026-01-10,28,quantile,0.6,233.0418024087378
2025-12-20,wk inc flu hosp,2,2026-01-10,28,quantile,0.65,254.17520753983757
2025-12-20,wk inc flu hosp,2,2026-01-10,28,quantile,0.7,271.41811497115134
2025-12-20,wk inc flu hosp,2,2026-01-10,28,quantile,0.75,282.8560069949133
2025-12-20,wk inc flu hosp,2,2026-01-10,28,quantile,0.8,304.63020708711883
2025-12-20,wk inc flu hosp,2,2026-01-10,28,quantile,0.85,350.4683844489886
2025-12-20,wk inc flu hosp,2,2026-01-10,28,quantile,0.9,414.33624836266637
2025-12-20,wk inc flu hosp,2,2026-01-10,28,quantile,0.95,513.6938556621895
2025-12-20,wk inc flu hosp,2,2026-01-10,28,quantile,0.975,527.4764540188298
2025-12-20,wk inc flu hosp,2,2026-01-10,28,quantile,0.99,595.3505129793841
2025-12-20,wk inc flu hosp,2,2026-01-10,29,quantile,0.01,38.750698826111005
2025-12-20,wk inc flu hosp,2,2026-01-10,29,quantile,0.025,54.2056681953324
2025-12-20,wk inc flu hosp,2,2026-01-10,29,quantile,0.05,79.27772872465219
2025-12-20,wk inc flu hosp,2,2026-01-10,29,quantile,0.1,109.6692384692711
2025-12-20,wk inc flu hosp,2,2026-01-10,29,quantile,0.15,135.32333889200243
2025-12-20,wk inc flu hosp,2,2026-01-10,29,quantile,0.2,159.78457208306315
2025-12-20,wk inc flu hosp,2,2026-01-10,29,quantile,0.25,189.53849158116822
2025-12-20,wk inc flu hosp,2,2026-01-10,29,quantile,0.3,214.13853786230104
2025-12-20,wk inc flu hosp,2,2026-01-10,29,quantile,0.35,235.2357384026401
2025-12-20,wk inc flu hosp,2,2026-01-10,29,quantile,0.4,257.96597335509244
2025-12-20,wk inc flu hosp,2,2026-01-10,29,quantile,0.45,282.0825680734487
2025-12-20,wk inc flu hosp,2,2026-01-10,29,quantile,0.5,306.91363177485005
2025-12-20,wk inc flu hosp,2,2026-01-10,29,quantile,0.55,328.02807476107665
2025-12-20,wk inc flu hosp,2,2026-01-10,29,quantile,0.6,354.861374470751
2025-12-20,wk inc flu hosp,2,2026-01-10,29,quantile,0.65,398.64655949552275
2025-12-20,wk inc flu hosp,2,2026-01-10,29,quantile,0.7,460.5287610234898
2025-12-20,wk inc flu hosp,2,2026-01-10,29,quantile,0.75,542.2200858805322
2025-12-20,wk inc flu hosp,2,2026-01-10,29,quantile,0.8,616.4370116605809
2025-12-20,wk inc flu hosp,2,2026-01-10,29,quantile,0.85,695.3266841512774
2025-12-20,wk inc flu hosp,2,2026-01-10,29,quantile,0.9,784.7751626500174
2025-12-20,wk inc flu hosp,2,2026-01-10,29,quantile,0.95,1116.0784338581973
2025-12-20,wk inc flu hosp,2,2026-01-10,29,quantile,0.975,1396.4899542418327
2025-12-20,wk inc flu hosp,2,2026-01-10,29,quantile,0.99,1414.1175810737407
2025-12-20,wk inc flu hosp,2,2026-01-10,30,quantile,0.01,4.247146616245759
2025-12-20,wk inc flu hosp,2,2026-01-10,30,quantile,0.025,5.012637369680154
2025-12-20,wk inc flu hosp,2,2026-01-10,30,quantile,0.05,6.668825946050234
2025-12-20,wk inc flu hosp,2,2026-01-10,30,quantile,0.1,11.435981953862873
2025-12-20,wk inc flu hosp,2,2026-01-10,30,quantile,0.15,17.8472676106494
2025-12-20,wk inc flu hosp,2,2026-01-10,30,quantile,0.2,21.940689657976954
2025-12-20,wk inc flu hosp,2,2026-01-10,30,quantile,0.25,25.543392211962978
2025-12-20,wk inc flu hosp,2,2026-01-10,30,quantile,0.3,29.620285635568926
2025-12-20,wk inc flu hosp,2,2026-01-10,30,quantile,0.35,33.92143145170779
2025-12-20,wk inc flu hosp,2,2026-01-10,30,quantile,0.4,37.87263146593669
2025-12-20,wk inc flu hosp,2,2026-01-10,30,quantile,0.45,41.304404060502705
2025-12-20,wk inc flu hosp,2,2026-01-10,30,quantile,0.5,45.44491272681294
2025-12-20,wk inc flu hosp,2,2026-01-10,30,quantile,0.55,49.70168240814603
2025-12-20,wk inc flu hosp,2,2026-01-10,30,quantile,0.6,56.40811753443332
2025-12-20,wk inc flu hosp,2,2026-01-10,30,quantile,0.65,61.03440928747428
2025-12-20,wk inc flu hosp,2,2026-01-10,30,quantile,0.7,66.99830880970867
2025-12-20,wk inc flu hosp,2,2026-01-10,30,quantile,0.75,77.60542285686358
2025-12-20,wk inc flu hosp,2,2026-01-10,30,quantile,0.8,88.43964725207834
2025-12-20,wk inc flu hosp,2,2026-01-10,30,quantile,0.85,96.94441886914575
2025-12-20,wk inc flu hosp,2,2026-01-10,30,quantile,0.9,116.77564942944989
2025-12-20,wk inc flu hosp,2,2026-01-10,30,quantile,0.95,144.39677221111975
2025-12-20,wk inc flu hosp,2,2026-01-10,30,quantile,0.975,144.76772866102468
2025-12-20,wk inc flu hosp,2,2026-01-10,30,quantile,0.99,206.00815728149698
2025-12-20,wk inc flu hosp,2,2026-01-10,31,quantile,0.01,8.227842525995992
2025-12-20,wk inc flu hosp,2,2026-01-10,31,quantile,0.025,12.264804720730249
2025-12-20,wk inc flu hosp,2,2026-01-10,31,quantile,0.05,15.360573456032807
2025-12-20,wk inc flu hosp,2,2026-01-10,31,quantile,0.1,21.028431743957142
2025-12-20,wk inc flu hosp,2,2026-01-10,31,quantile,0.15,27.266775213758354
2025-12-20,wk inc flu hosp,2,2026-01-10,31,quantile,0.2,33.90942817899748
2025-12-20,wk inc flu hosp,2,2026-01-10,31,quantile,0.25,40.50161589983571
2025-12-20,wk inc flu hosp,2,2026-01-10,31,quantile,0.3,46.7238857457304
2025-12-20,wk inc flu hosp,2,2026-01-10,31,quantile,0.35,54.644393080592735
2025-12-20,wk inc flu hosp,2,2026-01-10,31,quantile,0.4,64.86279198211449
2025-12-20,wk inc flu hosp,2,2026-01-10,31,quantile,0.45,72.16919934123659
2025-12-20,wk inc flu hosp,2,2026-01-10,31,quantile,0.5,84.46040319172542
2025-12-20,wk inc flu hosp,2,2026-01-10,31,quantile,0.55,101.64479233832871
2025-12-20,wk inc flu hosp,2,2026-01-10,31,quantile,0.6,121.5920708774975
2025-12-20,wk inc flu hosp,2,2026-01-10,31,quantile,0.65,150.04952691185295
2025-12-20,wk inc flu hosp,2,2026-01-10,31,quantile,0.7,202.97230384002705
2025-12-20,wk inc flu hosp,2,2026-01-10,31,quantile,0.75,229.6159789077266
2025-12-20,wk inc flu hosp,2,2026-01-10,31,quantile,0.8,264.05997814648214
2025-12-20,wk inc flu hosp,2,2026-01-10,31,quantile,0.85,315.2103891552069
2025-12-20,wk inc flu hosp,2,2026-01-10,31,quantile,0.9,346.57639588357364
2025-12-20,wk inc flu hosp,2,2026-01-10,31,quantile,0.95,465.9376394314205
2025-12-20,wk inc flu hosp,2,2026-01-10,31,quantile,0.975,499.4359419264356
2025-12-20,wk inc flu hosp,2,2026-01-10,31,quantile,0.99,510.90129646310845
2025-12-20,wk inc flu hosp,2,2026-01-10,32,quantile,0.01,22.668436059639774
2025-12-20,wk inc flu hosp,2,2026-01-10,32,quantile,0.025,36.018993195694286
2025-12-20,wk inc flu hosp,2,2026-01-10,32,quantile,0.05,44.03340497580696
2025-12-20,wk inc flu hosp,2,2026-01-10,32,quantile,0.1,57.71984864674495
2025-12-20,wk inc flu hosp,2,2026-01-10,32,quantile,0.15,75.33230273990142
2025-12-20,wk inc flu hosp,2,2026-01-10,32,quantile,0.2,93.5213475803673
2025-12-20,wk inc flu hosp,2,2026-01-10,32,quantile,0.25,105.3176367548926
2025-12-20,wk inc flu hosp,2,2026-01-10,32,quantile,0.3,122.4974209688336
2025-12-20,wk inc flu hosp,2,2026-01-10,32,quantile,0.35,143.58043775127916
2025-12-20,wk inc flu hosp,2,2026-01-10,32,quantile,0.4,161.44042809370723
2025-12-20,wk inc flu hosp,2,2026-01-10,32,quantile,0.45,176.04600354550055
2025-12-20,wk inc flu hosp,2,2026-01-10,32,quantile,0.5,192.013876448935
2025-12-20,wk inc flu hosp,2,2026-01-10,32,quantile,0.55,206.16446569490842
2025-12-20,wk inc flu hosp,2,2026-01-10,32,quantile,0.6,224.27031050812593
2025-12-20,wk inc flu hosp,2,2026-01-10,32,quantile,0.65,245.57991061447362
2025-12-20,wk inc flu hosp,2,2026-01-10,32,quantile,0.7,265.3218608650127
2025-12-20,wk inc flu hosp,2,2026-01-10,32,quantile,0.75,293.3514114685896
2025-12-20,wk inc flu hosp,2,2026-01-10,32,quantile,0.8,334.292017347363
2025-12-20,wk inc flu hosp,2,2026-01-10,32,quantile,0.85,372.4564692463902
2025-12-20,wk inc flu hosp,2,2026-01-10,32,quantile,0.9,447.189070899587
2025-12-20,wk inc flu hosp,2,2026-01-10,32,quantile,0.95,511.4574298108886
2025-12-20,wk inc flu hosp,2,2026-01-10,32,quantile,0.975,572.8575341911314
2025-12-20,wk inc flu hosp,2,2026-01-10,32,quantile,0.99,598.4487708728906
2025-12-20,wk inc flu hosp,2,2026-01-10,33,quantile,0.01,6.611966304488321
2025-12-20,wk inc flu hosp,2,2026-01-10,33,quantile,0.025,10.149359408132229
2025-12-20,wk inc flu hosp,2,2026-01-10,33,quantile,0.05,21.923121748677993
2025-12-20,wk inc flu hosp,2,2026-01-10,33,quantile,0.1,40.997179121761874
2025-12-20,wk inc flu hosp,2,2026-01-10,33,quantile,0.15,54.720603899073836
2025-12-20,wk inc flu hosp,2,2026-01-10,33,quantile,0.2,65.95713001583518
2025-12-20,wk inc flu hosp,2,2026-01-10,33,quantile,0.25,74.2628912101456
2025-12-20,wk inc flu hosp,2,2026-01-10,33,quantile,0.3,82.24065546601675
2025-12-20,wk inc flu hosp,2,2026-01-10,33,quantile,0.35,91.54224562502971
2025-12-20,wk inc flu hosp,2,2026-01-10,33,quantile,0.4,99.1863149450469
2025-12-20,wk inc flu hosp,2,2026-01-10,33,quantile,0.45,114.50218776053357
2025-12-20,wk inc flu hosp,2,2026-01-10,33,quantile,0.5,137.76003921573636
2025-12-20,wk inc flu hosp,2,2026-01-10,33,quantile,0.55,176.35386194017767
2025-12-20,wk inc flu hosp,2,2026-01-10,33,quantile,0.6,210.52324590892565
2025-12-20,wk inc flu hosp,2,2026-01-10,33,quantile,0.65,232.9744298045716
2025-12-20,wk inc flu hosp,2,2026-01-10,33,quantile,0.7,282.5474080904959
2025-12-20,wk inc flu hosp,2,2026-01-10,33,quantile,0.75,315.02055800545725
2025-12-20,wk inc flu hosp,2,2026-01-10,33,quantile,0.8,367.46501705999776
2025-12-20,wk inc flu hosp,2,2026-01-10,33,quantile,0.85,431.9941849665282
2025-12-20,wk inc flu hosp,2,2026-01-10,33,quantile,0.9,477.73235317672686
2025-12-20,wk inc flu hosp,2,2026-01-10,33,quantile,0.95,543.4600940900273
2025-12-20,wk inc flu hosp,2,2026-01-10,33,quantile,0.975,603.6350337962197
2025-12-20,wk inc flu hosp,2,2026-01-10,33,quantile,0.99,618.5572764400309
2025-12-20,wk inc flu hosp,2,2026-01-10,34,quantile,0.01,268.31201336086303
2025-12-20,wk inc flu hosp,2,2026-01-10,34,quantile,0.025,349.08492868179894
2025-12-20,wk inc flu hosp,2,2026-01-10,34,quantile,0.05,433.5271795432285
2025-12-20,wk inc flu hosp,2,2026-01-10,34,quantile,0.1,586.5453538046951
2025-12-20,wk inc flu hosp,2,2026-01-10,34,quantile,0.15,720.5419294051142
2025-12-20,wk inc flu hosp,2,2026-01-10,34,quantile,0.2,840.2670420350789
2025-12-20,wk inc flu hosp,2,2026-01-10,34,quantile,0.25,935.1778683555392
2025-12-20,wk inc flu hosp,2,2026-01-10,34,quantile,0.3,1037.2199956431232
2025-12-20,wk inc flu hosp,2,2026-01-10,34,quantile,0.35,1157.564542661846
2025-12-20,wk inc flu hosp,2,2026-01-10,34,quantile,0.4,1311.045834192719
2025-12-20,wk inc flu hosp,2,2026-01-10,34,quantile,0.45,1491.498603588935
2025-12-20,wk inc flu hosp,2,2026-01-10,34,quantile,0.5,1702.0222865389815
2025-12-20,wk inc flu hosp,2,2026-01-10,34,quantile,0.55,1919.2579492596187
2025-12-20,wk inc flu hosp,2,2026-01-10,34,quantile,0.6,2310.728182681919
2025-12-20,wk inc flu hosp,2,2026-01-10,34,quantile,0.65,3010.797002074485
2025-12-20,wk inc flu hosp,2,2026-01-10,34,quantile,0.7,3779.5975389555265
2025-12-20,wk inc flu hosp,2,2026-01-10,34,quantile,0.75,4663.783667816744
2025-12-20,wk inc flu hosp,2,2026-01-10,34,quantile,0.8,5229.945588494366
2025-12-20,wk inc flu hosp,2,2026-01-10,34,quantile,0.85,5792.796650008591
2025-12-20,wk inc flu hosp,2,2026-01-10,34,quantile,0.9,6499.4080571364975
2025-12-20,wk inc flu hosp,2,2026-01-10,34,quantile,0.95,6707.368804523017
2025-12-20,wk inc flu hosp,2,2026-01-10,34,quantile,0.975,7024.343360901941
2025-12-20,wk inc flu hosp,2,2026-01-10,34,quantile,0.99,7271.894006747906
2025-12-20,wk inc flu hosp,2,2026-01-10,35,quantile,0.01,35.31439018337172
2025-12-20,wk inc flu hosp,2,2026-01-10,35,quantile,0.025,53.16879224437166
2025-12-20,wk inc flu hosp,2,2026-01-10,35,quantile,0.05,70.68848871000189
2025-12-20,wk inc flu hosp,2,2026-01-10,35,quantile,0.1,93.12258934960128
2025-12-20,wk inc flu hosp,2,2026-01-10,35,quantile,0.15,114.22875676814526
2025-12-20,wk inc flu hosp,2,2026-01-10,35,quantile,0.2,128.64592325126836
2025-12-20,wk inc flu hosp,2,2026-01-10,35,quantile,0.25,142.04336775839096
2025-12-20,wk inc flu hosp,2,2026-01-10,35,quantile,0.3,157.2763318724281
2025-12-20,wk inc flu hosp,2,2026-01-10,35,quantile,0.35,175.4725704364853
2025-12-20,wk inc flu hosp,2,2026-01-10,35,quantile,0.4,197.43583227692588
2025-12-20,wk inc flu hosp,2,2026-01-10,35,quantile,0.45,216.97896442406622
2025-12-20,wk inc flu hosp,2,2026-01-10,35,quantile,0.5,238.71718914013871
2025-12-20,wk inc flu hosp,2,2026-01-10,35,quantile,0.55,263.9553932684633
2025-12-20,wk inc flu hosp,2,2026-01-10,35,quantile,0.6,284.14155001745075
2025-12-20,wk inc flu hosp,2,2026-01-10,35,quantile,0.65,326.4558079619387
2025-12-20,wk inc flu hosp,2,2026-01-10,35,quantile,0.7,370.5714819634585
2025-12-20,wk inc flu hosp,2,2026-01-10,35,quantile,0.75,394.28996092979935
2025-12-20,wk inc flu hosp,2,2026-01-10,35,quantile,0.8,415.53973745093725
2025-12-20,wk inc flu hosp,2,2026-01-10,35,quantile,0.85,476.8542680847959
2025-12-20,wk inc flu hosp,2,2026-01-10,35,quantile,0.9,611.6698675764225
2025-12-20,wk inc flu hosp,2,2026-01-10,35,quantile,0.95,917.832169410483
2025-12-20,wk inc flu hosp,2,2026-01-10,35,quantile,0.975,1117.2069122735243
2025-12-20,wk inc flu hosp,2,2026-01-10,35,quantile,0.99,1133.423213351515
2025-12-20,wk inc flu hosp,2,2026-01-10,36,quantile,0.01,155.70444157201652
2025-12-20,wk inc flu hosp,2,2026-01-10,36,quantile,0.025,527.239621517043
2025-12-20,wk inc flu hosp,2,2026-01-10,36,quantile,0.05,715.9962661123853
2025-12-20,wk inc flu hosp,2,2026-01-10,36,quantile,0.1,1008.5359970802906
2025-12-20,wk inc flu hosp,2,2026-01-10,36,quantile,0.15,1224.338844255711
2025-12-20,wk inc flu hosp,2,2026-01-10,36,quantile,0.2,1368.3906447426332
2025-12-20,wk inc flu hosp,2,2026-01-10,36,quantile,0.25,1534.8147704542362
2025-12-20,wk inc flu hosp,2,2026-01-10,36,quantile,0.3,1759.6499353272688
2025-12-20,wk inc flu hosp,2,2026-01-10,36,quantile,0.35,2006.6087497825872
2025-12-20,wk inc flu hosp,2,2026-01-10,36,quantile,0.4,2305.937423248643
2025-12-20,wk inc flu hosp,2,2026-01-10,36,quantile,0.45,2657.083807619168
2025-12-20,wk inc flu hosp,2,2026-01-10,36,quantile,0.5,3014.3629319994134
2025-12-20,wk inc flu hosp,2,2026-01-10,36,quantile,0.55,3802.4580750917416
2025-12-20,wk inc flu hosp,2,2026-01-10,36,quantile,0.6,4977.908683912839
2025-12-20,wk inc flu hosp,2,2026-01-10,36,quantile,0.65,6105.158347970542
2025-12-20,wk inc flu hosp,2,2026-01-10,36,quantile,0.7,6736.441869531905
2025-12-20,wk inc flu hosp,2,2026-01-10,36,quantile,0.75,7541.827504709683
2025-12-20,wk inc flu hosp,2,2026-01-10,36,quantile,0.8,8710.64113609322
2025-12-20,wk inc flu hosp,2,2026-01-10,36,quantile,0.85,10134.446734375677
2025-12-20,wk inc flu hosp,2,2026-01-10,36,quantile,0.9,11708.084605104508
2025-12-20,wk inc flu hosp,2,2026-01-10,36,quantile,0.95,13468.735983278151
2025-12-20,wk inc flu hosp,2,2026-01-10,36,quantile,0.975,14293.661289164069
2025-12-20,wk inc flu hosp,2,2026-01-10,36,quantile,0.99,14668.760911231739
2025-12-20,wk inc flu hosp,2,2026-01-10,37,quantile,0.01,118.46455534596441
2025-12-20,wk inc flu hosp,2,2026-01-10,37,quantile,0.025,250.68975990705655
2025-12-20,wk inc flu hosp,2,2026-01-10,37,quantile,0.05,309.5818470510336
2025-12-20,wk inc flu hosp,2,2026-01-10,37,quantile,0.1,437.0535450318543
2025-12-20,wk inc flu hosp,2,2026-01-10,37,quantile,0.15,539.4382686549203
2025-12-20,wk inc flu hosp,2,2026-01-10,37,quantile,0.2,633.8266506129221
2025-12-20,wk inc flu hosp,2,2026-01-10,37,quantile,0.25,728.9576561888789
2025-12-20,wk inc flu hosp,2,2026-01-10,37,quantile,0.3,826.2466326029636
2025-12-20,wk inc flu hosp,2,2026-01-10,37,quantile,0.35,925.4077837160876
2025-12-20,wk inc flu hosp,2,2026-01-10,37,quantile,0.4,1010.1572660105566
2025-12-20,wk inc flu hosp,2,2026-01-10,37,quantile,0.45,1138.6483998731028
2025-12-20,wk inc flu hosp,2,2026-01-10,37,quantile,0.5,1323.2360774327467
2025-12-20,wk inc flu hosp,2,2026-01-10,37,quantile,0.55,1593.6838784909207
2025-12-20,wk inc flu hosp,2,2026-01-10,37,quantile,0.6,2114.339333970781
2025-12-20,wk inc flu hosp,2,2026-01-10,37,quantile,0.65,2526.3761339925686
2025-12-20,wk inc flu hosp,2,2026-01-10,37,quantile,0.7,2969.3024394472873
2025-12-20,wk inc flu hosp,2,2026-01-10,37,quantile,0.75,3547.5851904992505
2025-12-20,wk inc flu hosp,2,2026-01-10,37,quantile,0.8,4017.2802684001
2025-12-20,wk inc flu hosp,2,2026-01-10,37,quantile,0.85,4490.9350195182
2025-12-20,wk inc flu hosp,2,2026-01-10,37,quantile,0.9,5024.566263357726
2025-12-20,wk inc flu hosp,2,2026-01-10,37,quantile,0.95,6450.721556202753
2025-12-20,wk inc flu hosp,2,2026-01-10,37,quantile,0.975,6873.846879220642
2025-12-20,wk inc flu hosp,2,2026-01-10,37,quantile,0.99,6935.585333219091
2025-12-20,wk inc flu hosp,2,2026-01-10,38,quantile,0.01,10.778350730626732
2025-12-20,wk inc flu hosp,2,2026-01-10,38,quantile,0.025,14.681575387295997
2025-12-20,wk inc flu hosp,2,2026-01-10,38,quantile,0.05,20.826787418016025
2025-12-20,wk inc flu hosp,2,2026-01-10,38,quantile,0.1,26.259941108069903
2025-12-20,wk inc flu hosp,2,2026-01-10,38,quantile,0.15,32.658431339472635
2025-12-20,wk inc flu hosp,2,2026-01-10,38,quantile,0.2,38.34391085533532
2025-12-20,wk inc flu hosp,2,2026-01-10,38,quantile,0.25,43.38511379567088
2025-12-20,wk inc flu hosp,2,2026-01-10,38,quantile,0.3,48.88854900710556
2025-12-20,wk inc flu hosp,2,2026-01-10,38,quantile,0.35,56.007448665776344
2025-12-20,wk inc flu hosp,2,2026-01-10,38,quantile,0.4,64.19400058838075
2025-12-20,wk inc flu hosp,2,2026-01-10,38,quantile,0.45,72.79770061449348
2025-12-20,wk inc flu hosp,2,2026-01-10,38,quantile,0.5,80.98096478507239
2025-12-20,wk inc flu hosp,2,2026-01-10,38,quantile,0.55,87.0803012486425
2025-12-20,wk inc flu hosp,2,2026-01-10,38,quantile,0.6,93.82904169168138
2025-12-20,wk inc flu hosp,2,2026-01-10,38,quantile,0.65,107.79592323055383
2025-12-20,wk inc flu hosp,2,2026-01-10,38,quantile,0.7,129.44508163228758
2025-12-20,wk inc flu hosp,2,2026-01-10,38,quantile,0.75,151.3971524094024
2025-12-20,wk inc flu hosp,2,2026-01-10,38,quantile,0.8,178.7761491842348
2025-12-20,wk inc flu hosp,2,2026-01-10,38,quantile,0.85,211.20396273661726
2025-12-20,wk inc flu hosp,2,2026-01-10,38,quantile,0.9,246.61519623733034
2025-12-20,wk inc flu hosp,2,2026-01-10,38,quantile,0.95,259.9420400917529
2025-12-20,wk inc flu hosp,2,2026-01-10,38,quantile,0.975,309.08462320787856
2025-12-20,wk inc flu hosp,2,2026-01-10,38,quantile,0.99,315.0462482570601
2025-12-20,wk inc flu hosp,2,2026-01-10,39,quantile,0.01,211.44447937300646
2025-12-20,wk inc flu hosp,2,2026-01-10,39,quantile,0.025,268.00445416858224
2025-12-20,wk inc flu hosp,2,2026-01-10,39,quantile,0.05,321.88144772332697
2025-12-20,wk inc flu hosp,2,2026-01-10,39,quantile,0.1,411.59254149620716
2025-12-20,wk inc flu hosp,2,2026-01-10,39,quantile,0.15,584.556685516153
2025-12-20,wk inc flu hosp,2,2026-01-10,39,quantile,0.2,738.1575257532099
2025-12-20,wk inc flu hosp,2,2026-01-10,39,quantile,0.25,898.2132578378172
2025-12-20,wk inc flu hosp,2,2026-01-10,39,quantile,0.3,1077.0769078070823
2025-12-20,wk inc flu hosp,2,2026-01-10,39,quantile,0.35,1271.9282760518347
2025-12-20,wk inc flu hosp,2,2026-01-10,39,quantile,0.4,1450.6094347094013
2025-12-20,wk inc flu hosp,2,2026-01-10,39,quantile,0.45,1599.5884923072406
2025-12-20,wk inc flu hosp,2,2026-01-10,39,quantile,0.5,1858.65167587878
2025-12-20,wk inc flu hosp,2,2026-01-10,39,quantile,0.55,2185.213802538589
2025-12-20,wk inc flu hosp,2,2026-01-10,39,quantile,0.6,2479.3023838992453
2025-12-20,wk inc flu hosp,2,2026-01-10,39,quantile,0.65,2771.209582859637
2025-12-20,wk inc flu hosp,2,2026-01-10,39,quantile,0.7,3575.544002165675
2025-12-20,wk inc flu hosp,2,2026-01-10,39,quantile,0.75,4835.2846267042705
2025-12-20,wk inc flu hosp,2,2026-01-10,39,quantile,0.8,5116.624130790573
2025-12-20,wk inc flu hosp,2,2026-01-10,39,quantile,0.85,5631.603627929007
2025-12-20,wk inc flu hosp,2,2026-01-10,39,quantile,0.9,5718.61032084754
2025-12-20,wk inc flu hosp,2,2026-01-10,39,quantile,0.95,6561.954694684476
2025-12-20,wk inc flu hosp,2,2026-01-10,39,quantile,0.975,6663.820446825669
2025-12-20,wk inc flu hosp,2,2026-01-10,39,quantile,0.99,6789.622909842129
2025-12-20,wk inc flu hosp,2,2026-01-10,40,quantile,0.01,9.999988850122746
2025-12-20,wk inc flu hosp,2,2026-01-10,40,quantile,0.025,14.262383570390678
2025-12-20,wk inc flu hosp,2,2026-01-10,40,quantile,0.05,28.939552899564205
2025-12-20,wk inc flu hosp,2,2026-01-10,40,quantile,0.1,49.457654167591436
2025-12-20,wk inc flu hosp,2,2026-01-10,40,quantile,0.15,55.45191867612654
2025-12-20,wk inc flu hosp,2,2026-01-10,40,quantile,0.2,66.34896591143098
2025-12-20,wk inc flu hosp,2,2026-01-10,40,quantile,0.25,77.63143318433897
2025-12-20,wk inc flu hosp,2,2026-01-10,40,quantile,0.3,96.33074337654337
2025-12-20,wk inc flu hosp,2,2026-01-10,40,quantile,0.35,112.54757229689208
2025-12-20,wk inc flu hosp,2,2026-01-10,40,quantile,0.4,128.45617785171987
2025-12-20,wk inc flu hosp,2,2026-01-10,40,quantile,0.45,139.84046037317123
2025-12-20,wk inc flu hosp,2,2026-01-10,40,quantile,0.5,155.26925913506733
2025-12-20,wk inc flu hosp,2,2026-01-10,40,quantile,0.55,177.25935882057883
2025-12-20,wk inc flu hosp,2,2026-01-10,40,quantile,0.6,199.5057586484071
2025-12-20,wk inc flu hosp,2,2026-01-10,40,quantile,0.65,223.27695504242038
2025-12-20,wk inc flu hosp,2,2026-01-10,40,quantile,0.7,252.94355223313218
2025-12-20,wk inc flu hosp,2,2026-01-10,40,quantile,0.75,272.9325966018411
2025-12-20,wk inc flu hosp,2,2026-01-10,40,quantile,0.8,294.479638987499
2025-12-20,wk inc flu hosp,2,2026-01-10,40,quantile,0.85,312.6846453598926
2025-12-20,wk inc flu hosp,2,2026-01-10,40,quantile,0.9,375.95832481196595
2025-12-20,wk inc flu hosp,2,2026-01-10,40,quantile,0.95,487.4833159136861
2025-12-20,wk inc flu hosp,2,2026-01-10,40,quantile,0.975,577.6290193377419
2025-12-20,wk inc flu hosp,2,2026-01-10,40,quantile,0.99,592.2550525974412
2025-12-20,wk inc flu hosp,2,2026-01-10,41,quantile,0.01,7.099796975814664
2025-12-20,wk inc flu hosp,2,2026-01-10,41,quantile,0.025,10.572472329663068
2025-12-20,wk inc flu hosp,2,2026-01-10,41,quantile,0.05,11.972501506277567
2025-12-20,wk inc flu hosp,2,2026-01-10,41,quantile,0.1,16.705061550408146
2025-12-20,wk inc flu hosp,2,2026-01-10,41,quantile,0.15,20.587608420809723
2025-12-20,wk inc flu hosp,2,2026-01-10,41,quantile,0.2,25.638561933495318
2025-12-20,wk inc flu hosp,2,2026-01-10,41,quantile,0.25,34.87318626217627
2025-12-20,wk inc flu hosp,2,2026-01-10,41,quantile,0.3,47.682017269613446
2025-12-20,wk inc flu hosp,2,2026-01-10,41,quantile,0.35,52.98790625689103
2025-12-20,wk inc flu hosp,2,2026-01-10,41,quantile,0.4,57.11272066871367
2025-12-20,wk inc flu hosp,2,2026-01-10,41,quantile,0.45,67.26726252144427
2025-12-20,wk inc flu hosp,2,2026-01-10,41,quantile,0.5,73.00142859044469
2025-12-20,wk inc flu hosp,2,2026-01-10,41,quantile,0.55,80.47390424700242
2025-12-20,wk inc flu hosp,2,2026-01-10,41,quantile,0.6,89.7586267047847
2025-12-20,wk inc flu hosp,2,2026-01-10,41,quantile,0.65,101.37523526000312
2025-12-20,wk inc flu hosp,2,2026-01-10,41,quantile,0.7,114.10215561195727
2025-12-20,wk inc flu hosp,2,2026-01-10,41,quantile,0.75,122.3929742708609
2025-12-20,wk inc flu hosp,2,2026-01-10,41,quantile,0.8,137.2667235361925
2025-12-20,wk inc flu hosp,2,2026-01-10,41,quantile,0.85,154.43275996447431
2025-12-20,wk inc flu hosp,2,2026-01-10,41,quantile,0.9,171.01351402848763
2025-12-20,wk inc flu hosp,2,2026-01-10,41,quantile,0.95,181.3473446634309
2025-12-20,wk inc flu hosp,2,2026-01-10,41,quantile,0.975,186.87750801099946
2025-12-20,wk inc flu hosp,2,2026-01-10,41,quantile,0.99,201.81123649482177
2025-12-20,wk inc flu hosp,2,2026-01-10,42,quantile,0.01,358.70826737382794
2025-12-20,wk inc flu hosp,2,2026-01-10,42,quantile,0.025,439.55034801816674
2025-12-20,wk inc flu hosp,2,2026-01-10,42,quantile,0.05,533.8393744677169
2025-12-20,wk inc flu hosp,2,2026-01-10,42,quantile,0.1,693.5928656987944
2025-12-20,wk inc flu hosp,2,2026-01-10,42,quantile,0.15,856.1252986660586
2025-12-20,wk inc flu hosp,2,2026-01-10,42,quantile,0.2,1018.4317196866834
2025-12-20,wk inc flu hosp,2,2026-01-10,42,quantile,0.25,1193.3027826951204
2025-12-20,wk inc flu hosp,2,2026-01-10,42,quantile,0.3,1357.510041424424
2025-12-20,wk inc flu hosp,2,2026-01-10,42,quantile,0.35,1529.7218215099192
2025-12-20,wk inc flu hosp,2,2026-01-10,42,quantile,0.4,1724.3588160800575
2025-12-20,wk inc flu hosp,2,2026-01-10,42,quantile,0.45,1937.6281110930192
2025-12-20,wk inc flu hosp,2,2026-01-10,42,quantile,0.5,2149.9416179246687
2025-12-20,wk inc flu hosp,2,2026-01-10,42,quantile,0.55,2440.5904448568094
2025-12-20,wk inc flu hosp,2,2026-01-10,42,quantile,0.6,2898.5276033535547
2025-12-20,wk inc flu hosp,2,2026-01-10,42,quantile,0.65,3627.483964075255
2025-12-20,wk inc flu hosp,2,2026-01-10,42,quantile,0.7,4843.285954119823
2025-12-20,wk inc flu hosp,2,2026-01-10,42,quantile,0.75,5633.177725202011
2025-12-20,wk inc flu hosp,2,2026-01-10,42,quantile,0.8,6174.640443915454
2025-12-20,wk inc flu hosp,2,2026-01-10,42,quantile,0.85,7081.840582083021
2025-12-20,wk inc flu hosp,2,2026-01-10,42,quantile,0.9,7889.955915523176
2025-12-20,wk inc flu hosp,2,2026-01-10,42,quantile,0.95,8774.995978940906
2025-12-20,wk inc flu hosp,2,2026-01-10,42,quantile,0.975,8883.75216938859
2025-12-20,wk inc flu hosp,2,2026-01-10,42,quantile,0.99,9041.085175343416
2025-12-20,wk inc flu hosp,2,2026-01-10,44,quantile,0.01,10.615082350883268
2025-12-20,wk inc flu hosp,2,2026-01-10,44,quantile,0.025,17.787965074661926
2025-12-20,wk inc flu hosp,2,2026-01-10,44,quantile,0.05,22.917201096357662
2025-12-20,wk inc flu hosp,2,2026-01-10,44,quantile,0.1,32.274474890862706
2025-12-20,wk inc flu hosp,2,2026-01-10,44,quantile,0.15,39.94653431002931
2025-12-20,wk inc flu hosp,2,2026-01-10,44,quantile,0.2,47.564569189059235
2025-12-20,wk inc flu hosp,2,2026-01-10,44,quantile,0.25,54.458797150853265
2025-12-20,wk inc flu hosp,2,2026-01-10,44,quantile,0.3,62.872135128060165
2025-12-20,wk inc flu hosp,2,2026-01-10,44,quantile,0.35,74.71580814232769
2025-12-20,wk inc flu hosp,2,2026-01-10,44,quantile,0.4,89.25911037411863
2025-12-20,wk inc flu hosp,2,2026-01-10,44,quantile,0.45,103.18209365256857
2025-12-20,wk inc flu hosp,2,2026-01-10,44,quantile,0.5,130.8565258289091
2025-12-20,wk inc flu hosp,2,2026-01-10,44,quantile,0.55,192.40457341277136
2025-12-20,wk inc flu hosp,2,2026-01-10,44,quantile,0.6,259.0706901180614
2025-12-20,wk inc flu hosp,2,2026-01-10,44,quantile,0.65,307.75665192159573
2025-12-20,wk inc flu hosp,2,2026-01-10,44,quantile,0.7,324.1514858305357
2025-12-20,wk inc flu hosp,2,2026-01-10,44,quantile,0.75,349.1585256877484
2025-12-20,wk inc flu hosp,2,2026-01-10,44,quantile,0.8,391.751739708403
2025-12-20,wk inc flu hosp,2,2026-01-10,44,quantile,0.85,451.3336421162735
2025-12-20,wk inc flu hosp,2,2026-01-10,44,quantile,0.9,556.9907806223802
2025-12-20,wk inc flu hosp,2,2026-01-10,44,quantile,0.95,738.795402627408
2025-12-20,wk inc flu hosp,2,2026-01-10,44,quantile,0.975,783.2997238364544
2025-12-20,wk inc flu hosp,2,2026-01-10,44,quantile,0.99,796.9572581532815
2025-12-20,wk inc flu hosp,2,2026-01-10,45,quantile,0.01,115.3415739778158
2025-12-20,wk inc flu hosp,2,2026-01-10,45,quantile,0.025,134.97028521444648
2025-12-20,wk inc flu hosp,2,2026-01-10,45,quantile,0.05,158.5292255303897
2025-12-20,wk inc flu hosp,2,2026-01-10,45,quantile,0.1,198.09475654412802
2025-12-20,wk inc flu hosp,2,2026-01-10,45,quantile,0.15,234.5878775933853
2025-12-20,wk inc flu hosp,2,2026-01-10,45,quantile,0.2,263.3126866314954
2025-12-20,wk inc flu hosp,2,2026-01-10,45,quantile,0.25,289.35174035770484
2025-12-20,wk inc flu hosp,2,2026-01-10,45,quantile,0.3,328.301253079529
2025-12-20,wk inc flu hosp,2,2026-01-10,45,quantile,0.35,372.0266671563807
2025-12-20,wk inc flu hosp,2,2026-01-10,45,quantile,0.4,417.9537782488643
2025-12-20,wk inc flu hosp,2,2026-01-10,45,quantile,0.45,478.5323722625733
2025-12-20,wk inc flu hosp,2,2026-01-10,45,quantile,0.5,568.0808636409955
2025-12-20,wk inc flu hosp,2,2026-01-10,45,quantile,0.55,699.6238121345357
2025-12-20,wk inc flu hosp,2,2026-01-10,45,quantile,0.6,1024.80871396586
2025-12-20,wk inc flu hosp,2,2026-01-10,45,quantile,0.65,1308.152399946175
2025-12-20,wk inc flu hosp,2,2026-01-10,45,quantile,0.7,1624.44940942475
2025-12-20,wk inc flu hosp,2,2026-01-10,45,quantile,0.75,1730.6589534383015
2025-12-20,wk inc flu hosp,2,2026-01-10,45,quantile,0.8,1938.6305329690488
2025-12-20,wk inc flu hosp,2,2026-01-10,45,quantile,0.85,2165.7289932577874
2025-12-20,wk inc flu hosp,2,2026-01-10,45,quantile,0.9,2445.366896180841
2025-12-20,wk inc flu hosp,2,2026-01-10,45,quantile,0.95,2714.911258728421
2025-12-20,wk inc flu hosp,2,2026-01-10,45,quantile,0.975,2938.905492381278
2025-12-20,wk inc flu hosp,2,2026-01-10,45,quantile,0.99,3061.713379729582
2025-12-20,wk inc flu hosp,2,2026-01-10,46,quantile,0.01,3.9473846535668957
2025-12-20,wk inc flu hosp,2,2026-01-10,46,quantile,0.025,4.903933767726459
2025-12-20,wk inc flu hosp,2,2026-01-10,46,quantile,0.05,7.11663664039332
2025-12-20,wk inc flu hosp,2,2026-01-10,46,quantile,0.1,9.872546588622528
2025-12-20,wk inc flu hosp,2,2026-01-10,46,quantile,0.15,13.179114646546582
2025-12-20,wk inc flu hosp,2,2026-01-10,46,quantile,0.2,17.28292450920723
2025-12-20,wk inc flu hosp,2,2026-01-10,46,quantile,0.25,25.63819128945462
2025-12-20,wk inc flu hosp,2,2026-01-10,46,quantile,0.3,31.169366646237997
2025-12-20,wk inc flu hosp,2,2026-01-10,46,quantile,0.35,37.230396121240894
2025-12-20,wk inc flu hosp,2,2026-01-10,46,quantile,0.4,44.09137801717921
2025-12-20,wk inc flu hosp,2,2026-01-10,46,quantile,0.45,49.851256327769505
2025-12-20,wk inc flu hosp,2,2026-01-10,46,quantile,0.5,55.22345169922532
2025-12-20,wk inc flu hosp,2,2026-01-10,46,quantile,0.55,61.76830022810393
2025-12-20,wk inc flu hosp,2,2026-01-10,46,quantile,0.6,67.10627184183441
2025-12-20,wk inc flu hosp,2,2026-01-10,46,quantile,0.65,71.7252952346962
2025-12-20,wk inc flu hosp,2,2026-01-10,46,quantile,0.7,77.19468377269664
2025-12-20,wk inc flu hosp,2,2026-01-10,46,quantile,0.75,86.51769120587484
2025-12-20,wk inc flu hosp,2,2026-01-10,46,quantile,0.8,96.96109127702941
2025-12-20,wk inc flu hosp,2,2026-01-10,46,quantile,0.85,113.35568823408985
2025-12-20,wk inc flu hosp,2,2026-01-10,46,quantile,0.9,128.93828078458037
2025-12-20,wk inc flu hosp,2,2026-01-10,46,quantile,0.95,164.66213216007586
2025-12-20,wk inc flu hosp,2,2026-01-10,46,quantile,0.975,180.70078894541592
2025-12-20,wk inc flu hosp,2,2026-01-10,46,quantile,0.99,187.46628331956143
2025-12-20,wk inc flu hosp,2,2026-01-10,47,quantile,0.01,74.90626001759738
2025-12-20,wk inc flu hosp,2,2026-01-10,47,quantile,0.025,85.35068419611575
2025-12-20,wk inc flu hosp,2,2026-01-10,47,quantile,0.05,101.49188642025926
2025-12-20,wk inc flu hosp,2,2026-01-10,47,quantile,0.1,137.67203237182042
2025-12-20,wk inc flu hosp,2,2026-01-10,47,quantile,0.15,163.5423659241062
2025-12-20,wk inc flu hosp,2,2026-01-10,47,quantile,0.2,186.72666567448496
2025-12-20,wk inc flu hosp,2,2026-01-10,47,quantile,0.25,206.6369245018015
2025-12-20,wk inc flu hosp,2,2026-01-10,47,quantile,0.3,226.8630717592097
2025-12-20,wk inc flu hosp,2,2026-01-10,47,quantile,0.35,248.1057397803835
2025-12-20,wk inc flu hosp,2,2026-01-10,47,quantile,0.4,269.9352598053643
2025-12-20,wk inc flu hosp,2,2026-01-10,47,quantile,0.45,312.44632052079714
2025-12-20,wk inc flu hosp,2,2026-01-10,47,quantile,0.5,352.798454304731
2025-12-20,wk inc flu hosp,2,2026-01-10,47,quantile,0.55,397.2511212592729
2025-12-20,wk inc flu hosp,2,2026-01-10,47,quantile,0.6,456.06578556365696
2025-12-20,wk inc flu hosp,2,2026-01-10,47,quantile,0.65,548.3522222057778
2025-12-20,wk inc flu hosp,2,2026-01-10,47,quantile,0.7,633.9969585325246
2025-12-20,wk inc flu hosp,2,2026-01-10,47,quantile,0.75,744.7240895472174
2025-12-20,wk inc flu hosp,2,2026-01-10,47,quantile,0.8,977.5430791642827
2025-12-20,wk inc flu hosp,2,2026-01-10,47,quantile,0.85,1311.3057492913829
2025-12-20,wk inc flu hosp,2,2026-01-10,47,quantile,0.9,1403.3286132568471
2025-12-20,wk inc flu hosp,2,2026-01-10,47,quantile,0.95,1570.2305606117668
2025-12-20,wk inc flu hosp,2,2026-01-10,47,quantile,0.975,1612.1304658377294
2025-12-20,wk inc flu hosp,2,2026-01-10,47,quantile,0.99,1641.5479960252705
2025-12-20,wk inc flu hosp,2,2026-01-10,48,quantile,0.01,382.963028071639
2025-12-20,wk inc flu hosp,2,2026-01-10,48,quantile,0.025,484.13551807054193
2025-12-20,wk inc flu hosp,2,2026-01-10,48,quantile,0.05,634.9249193522521
2025-12-20,wk inc flu hosp,2,2026-01-10,48,quantile,0.1,761.2583097940671
2025-12-20,wk inc flu hosp,2,2026-01-10,48,quantile,0.15,844.1971675308721
2025-12-20,wk inc flu hosp,2,2026-01-10,48,quantile,0.2,936.6673395816129
2025-12-20,wk inc flu hosp,2,2026-01-10,48,quantile,0.25,1028.212874357691
2025-12-20,wk inc flu hosp,2,2026-01-10,48,quantile,0.3,1120.5560995847416
2025-12-20,wk inc flu hosp,2,2026-01-10,48,quantile,0.35,1231.6431206504126
2025-12-20,wk inc flu hosp,2,2026-01-10,48,quantile,0.4,1357.0511729680595
2025-12-20,wk inc flu hosp,2,2026-01-10,48,quantile,0.45,1449.2723348803343
2025-12-20,wk inc flu hosp,2,2026-01-10,48,quantile,0.5,1559.062559427364
2025-12-20,wk inc flu hosp,2,2026-01-10,48,quantile,0.55,1683.6191043582971
2025-12-20,wk inc flu hosp,2,2026-01-10,48,quantile,0.6,1798.2860090636295
2025-12-20,wk inc flu hosp,2,2026-01-10,48,quantile,0.65,1892.1026341567317
2025-12-20,wk inc flu hosp,2,2026-01-10,48,quantile,0.7,1993.1733855417572
2025-12-20,wk inc flu hosp,2,2026-01-10,48,quantile,0.75,2131.6130735692773
2025-12-20,wk inc flu hosp,2,2026-01-10,48,quantile,0.8,2271.205505479754
2025-12-20,wk inc flu hosp,2,2026-01-10,48,quantile,0.85,2577.4182529602986
2025-12-20,wk inc flu hosp,2,2026-01-10,48,quantile,0.9,3042.159494990759
2025-12-20,wk inc flu hosp,2,2026-01-10,48,quantile,0.95,4106.488615409818
2025-12-20,wk inc flu hosp,2,2026-01-10,48,quantile,0.975,5422.51422294201
2025-12-20,wk inc flu hosp,2,2026-01-10,48,quantile,0.99,6357.383600578764
2025-12-20,wk inc flu hosp,2,2026-01-10,49,quantile,0.01,20.403313136430263
2025-12-20,wk inc flu hosp,2,2026-01-10,49,quantile,0.025,41.944496752947494
2025-12-20,wk inc flu hosp,2,2026-01-10,49,quantile,0.05,48.47957630198615
2025-12-20,wk inc flu hosp,2,2026-01-10,49,quantile,0.1,63.58437603943268
2025-12-20,wk inc flu hosp,2,2026-01-10,49,quantile,0.15,74.68836399004633
2025-12-20,wk inc flu hosp,2,2026-01-10,49,quantile,0.2,89.43816134948783
2025-12-20,wk inc flu hosp,2,2026-01-10,49,quantile,0.25,104.19452130037237
2025-12-20,wk inc flu hosp,2,2026-01-10,49,quantile,0.3,114.859180897893
2025-12-20,wk inc flu hosp,2,2026-01-10,49,quantile,0.35,126.79134977610126
2025-12-20,wk inc flu hosp,2,2026-01-10,49,quantile,0.4,141.38577782196856
2025-12-20,wk inc flu hosp,2,2026-01-10,49,quantile,0.45,156.08361836072874
2025-12-20,wk inc flu hosp,2,2026-01-10,49,quantile,0.5,176.093506735439
2025-12-20,wk inc flu hosp,2,2026-01-10,49,quantile,0.55,196.5515153494198
2025-12-20,wk inc flu hosp,2,2026-01-10,49,quantile,0.6,209.28238044109443
2025-12-20,wk inc flu hosp,2,2026-01-10,49,quantile,0.65,221.977205487734
2025-12-20,wk inc flu hosp,2,2026-01-10,49,quantile,0.7,273.02252871017566
2025-12-20,wk inc flu hosp,2,2026-01-10,49,quantile,0.75,369.601127051924
2025-12-20,wk inc flu hosp,2,2026-01-10,49,quantile,0.8,389.811756545431
2025-12-20,wk inc flu hosp,2,2026-01-10,49,quantile,0.85,418.4141631973461
2025-12-20,wk inc flu hosp,2,2026-01-10,49,quantile,0.9,489.0655947699452
2025-12-20,wk inc flu hosp,2,2026-01-10,49,quantile,0.95,582.1946204902641
2025-12-20,wk inc flu hosp,2,2026-01-10,49,quantile,0.975,589.4690863619402
2025-12-20,wk inc flu hosp,2,2026-01-10,49,quantile,0.99,633.9553612621593
2025-12-20,wk inc flu hosp,2,2026-01-10,50,quantile,0.01,1.6260694100666777
2025-12-20,wk inc flu hosp,2,2026-01-10,50,quantile,0.025,1.8456653392331313
2025-12-20,wk inc flu hosp,2,2026-01-10,50,quantile,0.05,2.2951613572499396
2025-12-20,wk inc flu hosp,2,2026-01-10,50,quantile,0.1,2.9798534287846143
2025-12-20,wk inc flu hosp,2,2026-01-10,50,quantile,0.15,4.434332195172964
2025-12-20,wk inc flu hosp,2,2026-01-10,50,quantile,0.2,6.344270310358136
2025-12-20,wk inc flu hosp,2,2026-01-10,50,quantile,0.25,8.045218090449515
2025-12-20,wk inc flu hosp,2,2026-01-10,50,quantile,0.3,9.452548219074785
2025-12-20,wk inc flu hosp,2,2026-01-10,50,quantile,0.35,10.99153734350509
2025-12-20,wk inc flu hosp,2,2026-01-10,50,quantile,0.4,12.475170476129534
2025-12-20,wk inc flu hosp,2,2026-01-10,50,quantile,0.45,13.94221969911696
2025-12-20,wk inc flu hosp,2,2026-01-10,50,quantile,0.5,15.855001131075712
2025-12-20,wk inc flu hosp,2,2026-01-10,50,quantile,0.55,18.59160471594196
2025-12-20,wk inc flu hosp,2,2026-01-10,50,quantile,0.6,21.235934274904743
2025-12-20,wk inc flu hosp,2,2026-01-10,50,quantile,0.65,23.798550351074233
2025-12-20,wk inc flu hosp,2,2026-01-10,50,quantile,0.7,29.098353381070343
2025-12-20,wk inc flu hosp,2,2026-01-10,50,quantile,0.75,33.72472601881652
2025-12-20,wk inc flu hosp,2,2026-01-10,50,quantile,0.8,38.53429382524685
2025-12-20,wk inc flu hosp,2,2026-01-10,50,quantile,0.85,45.442476445080075
2025-12-20,wk inc flu hosp,2,2026-01-10,50,quantile,0.9,48.52022568266736
2025-12-20,wk inc flu hosp,2,2026-01-10,50,quantile,0.95,55.3588102632686
2025-12-20,wk inc flu hosp,2,2026-01-10,50,quantile,0.975,66.44330202339741
2025-12-20,wk inc flu hosp,2,2026-01-10,50,quantile,0.99,70.0640306583729
2025-12-20,wk inc flu hosp,2,2026-01-10,51,quantile,0.01,116.2075603427292
2025-12-20,wk inc flu hosp,2,2026-01-10,51,quantile,0.025,147.24723534404288
2025-12-20,wk inc flu hosp,2,2026-01-10,51,quantile,0.05,174.81425776006643
2025-12-20,wk inc flu hosp,2,2026-01-10,51,quantile,0.1,209.39202072865243
2025-12-20,wk inc flu hosp,2,2026-01-10,51,quantile,0.15,241.53902255477746
2025-12-20,wk inc flu hosp,2,2026-01-10,51,quantile,0.2,263.94924061702244
2025-12-20,wk inc flu hosp,2,2026-01-10,51,quantile,0.25,289.59504464351147
2025-12-20,wk inc flu hosp,2,2026-01-10,51,quantile,0.3,318.1679928171005
2025-12-20,wk inc flu hosp,2,2026-01-10,51,quantile,0.35,356.5161727113498
2025-12-20,wk inc flu hosp,2,2026-01-10,51,quantile,0.4,407.7941194914796
2025-12-20,wk inc flu hosp,2,2026-01-10,51,quantile,0.45,459.187187743207
2025-12-20,wk inc flu hosp,2,2026-01-10,51,quantile,0.5,516.0552957539883
2025-12-20,wk inc flu hosp,2,2026-01-10,51,quantile,0.55,591.0693921495948
2025-12-20,wk inc flu hosp,2,2026-01-10,51,quantile,0.6,661.2442804110675
2025-12-20,wk inc flu hosp,2,2026-01-10,51,quantile,0.65,722.8886143456002
2025-12-20,wk inc flu hosp,2,2026-01-10,51,quantile,0.7,813.1321023670199
2025-12-20,wk inc flu hosp,2,2026-01-10,51,quantile,0.75,864.8238172322554
2025-12-20,wk inc flu hosp,2,2026-01-10,51,quantile,0.8,1053.186565446772
2025-12-20,wk inc flu hosp,2,2026-01-10,51,quantile,0.85,1115.6501496252047
2025-12-20,wk inc flu hosp,2,2026-01-10,51,quantile,0.9,1244.819158004174
2025-12-20,wk inc flu hosp,2,2026-01-10,51,quantile,0.95,1506.9489050251025
2025-12-20,wk inc flu hosp,2,2026-01-10,51,quantile,0.975,1725.1628622132537
2025-12-20,wk inc flu hosp,2,2026-01-10,51,quantile,0.99,1868.1818652791692
2025-12-20,wk inc flu hosp,2,2026-01-10,53,quantile,0.01,13.43805578006714
2025-12-20,wk inc flu hosp,2,2026-01-10,53,quantile,0.025,39.03314445992098
2025-12-20,wk inc flu hosp,2,2026-01-10,53,quantile,0.05,56.86959447351509
2025-12-20,wk inc flu hosp,2,2026-01-10,53,quantile,0.1,77.9837079640335
2025-12-20,wk inc flu hosp,2,2026-01-10,53,quantile,0.15,89.92495156956214
2025-12-20,wk inc flu hosp,2,2026-01-10,53,quantile,0.2,107.08804968117549
2025-12-20,wk inc flu hosp,2,2026-01-10,53,quantile,0.25,128.84774342247485
2025-12-20,wk inc flu hosp,2,2026-01-10,53,quantile,0.3,154.89993965771404
2025-12-20,wk inc flu hosp,2,2026-01-10,53,quantile,0.35,172.45422449123672
2025-12-20,wk inc flu hosp,2,2026-01-10,53,quantile,0.4,193.5038378760321
2025-12-20,wk inc flu hosp,2,2026-01-10,53,quantile,0.45,215.58089260119343
2025-12-20,wk inc flu hosp,2,2026-01-10,53,quantile,0.5,231.34795345220175
2025-12-20,wk inc flu hosp,2,2026-01-10,53,quantile,0.55,246.49550087927372
2025-12-20,wk inc flu hosp,2,2026-01-10,53,quantile,0.6,271.7744714284822
2025-12-20,wk inc flu hosp,2,2026-01-10,53,quantile,0.65,292.07909243250117
2025-12-20,wk inc flu hosp,2,2026-01-10,53,quantile,0.7,315.59927916560474
2025-12-20,wk inc flu hosp,2,2026-01-10,53,quantile,0.75,335.7960709092266
2025-12-20,wk inc flu hosp,2,2026-01-10,53,quantile,0.8,383.1786165338272
2025-12-20,wk inc flu hosp,2,2026-01-10,53,quantile,0.85,421.2279531251624
2025-12-20,wk inc flu hosp,2,2026-01-10,53,quantile,0.9,497.8608162565173
2025-12-20,wk inc flu hosp,2,2026-01-10,53,quantile,0.95,574.9556325758667
2025-12-20,wk inc flu hosp,2,2026-01-10,53,quantile,0.975,730.8371026403743
2025-12-20,wk inc flu hosp,2,2026-01-10,53,quantile,0.99,820.6153860573864
2025-12-20,wk inc flu hosp,2,2026-01-10,54,quantile,0.01,18.468807661305227
2025-12-20,wk inc flu hosp,2,2026-01-10,54,quantile,0.025,22.890415135653488
2025-12-20,wk inc flu hosp,2,2026-01-10,54,quantile,0.05,32.93558527160843
2025-12-20,wk inc flu hosp,2,2026-01-10,54,quantile,0.1,50.07483898876447
2025-12-20,wk inc flu hosp,2,2026-01-10,54,quantile,0.15,63.668999997097714
2025-12-20,wk inc flu hosp,2,2026-01-10,54,quantile,0.2,77.28348603702418
2025-12-20,wk inc flu hosp,2,2026-01-10,54,quantile,0.25,92.97621529359346
2025-12-20,wk inc flu hosp,2,2026-01-10,54,quantile,0.3,105.63536274073557
2025-12-20,wk inc flu hosp,2,2026-01-10,54,quantile,0.35,121.44143963055431
2025-12-20,wk inc flu hosp,2,2026-01-10,54,quantile,0.4,138.57854633843203
2025-12-20,wk inc flu hosp,2,2026-01-10,54,quantile,0.45,161.05895726546825
2025-12-20,wk inc flu hosp,2,2026-01-10,54,quantile,0.5,189.27809444425105
2025-12-20,wk inc flu hosp,2,2026-01-10,54,quantile,0.55,229.36106405545638
2025-12-20,wk inc flu hosp,2,2026-01-10,54,quantile,0.6,279.5105431470362
2025-12-20,wk inc flu hosp,2,2026-01-10,54,quantile,0.65,317.6922050397341
2025-12-20,wk inc flu hosp,2,2026-01-10,54,quantile,0.7,344.08084836888094
2025-12-20,wk inc flu hosp,2,2026-01-10,54,quantile,0.75,398.67061489499304
2025-12-20,wk inc flu hosp,2,2026-01-10,54,quantile,0.8,431.7131925026941
2025-12-20,wk inc flu hosp,2,2026-01-10,54,quantile,0.85,475.52123193844136
2025-12-20,wk inc flu hosp,2,2026-01-10,54,quantile,0.9,510.04461139241505
2025-12-20,wk inc flu hosp,2,2026-01-10,54,quantile,0.95,713.166642069347
2025-12-20,wk inc flu hosp,2,2026-01-10,54,quantile,0.975,773.9869403465706
2025-12-20,wk inc flu hosp,2,2026-01-10,54,quantile,0.99,803.5951785054178
2025-12-20,wk inc flu hosp,2,2026-01-10,55,quantile,0.01,19.92883245576248
2025-12-20,wk inc flu hosp,2,2026-01-10,55,quantile,0.025,64.44896658450617
2025-12-20,wk inc flu hosp,2,2026-01-10,55,quantile,0.05,76.62238695085581
2025-12-20,wk inc flu hosp,2,2026-01-10,55,quantile,0.1,96.63134705171272
2025-12-20,wk inc flu hosp,2,2026-01-10,55,quantile,0.15,135.4976284733234
2025-12-20,wk inc flu hosp,2,2026-01-10,55,quantile,0.2,193.8616167005288
2025-12-20,wk inc flu hosp,2,2026-01-10,55,quantile,0.25,254.25797284412383
2025-12-20,wk inc flu hosp,2,2026-01-10,55,quantile,0.3,296.08462051724797
2025-12-20,wk inc flu hosp,2,2026-01-10,55,quantile,0.35,334.71187958894836
2025-12-20,wk inc flu hosp,2,2026-01-10,55,quantile,0.4,381.7589578451389
2025-12-20,wk inc flu hosp,2,2026-01-10,55,quantile,0.45,434.7272529431552
2025-12-20,wk inc flu hosp,2,2026-01-10,55,quantile,0.5,503.20641946197384
2025-12-20,wk inc flu hosp,2,2026-01-10,55,quantile,0.55,590.0634206955344
2025-12-20,wk inc flu hosp,2,2026-01-10,55,quantile,0.6,685.0129812188403
2025-12-20,wk inc flu hosp,2,2026-01-10,55,quantile,0.65,802.3571643914884
2025-12-20,wk inc flu hosp,2,2026-01-10,55,quantile,0.7,875.098884854818
2025-12-20,wk inc flu hosp,2,2026-01-10,55,quantile,0.75,945.6599863185271
2025-12-20,wk inc flu hosp,2,2026-01-10,55,quantile,0.8,1165.0920545220388
2025-12-20,wk inc flu hosp,2,2026-01-10,55,quantile,0.85,1454.715048520574
2025-12-20,wk inc flu hosp,2,2026-01-10,55,quantile,0.9,1554.0202308401952
2025-12-20,wk inc flu hosp,2,2026-01-10,55,quantile,0.95,1724.3774380991638
2025-12-20,wk inc flu hosp,2,2026-01-10,55,quantile,0.975,1836.9297365434488
2025-12-20,wk inc flu hosp,2,2026-01-10,55,quantile,0.99,1849.7326214018233
2025-12-20,wk inc flu hosp,2,2026-01-10,56,quantile,0.01,4.870541748240607
2025-12-20,wk inc flu hosp,2,2026-01-10,56,quantile,0.025,7.227624703185356
2025-12-20,wk inc flu hosp,2,2026-01-10,56,quantile,0.05,9.853890330215979
2025-12-20,wk inc flu hosp,2,2026-01-10,56,quantile,0.1,14.834187692995346
2025-12-20,wk inc flu hosp,2,2026-01-10,56,quantile,0.15,20.304008935064008
2025-12-20,wk inc flu hosp,2,2026-01-10,56,quantile,0.2,26.2890152326306
2025-12-20,wk inc flu hosp,2,2026-01-10,56,quantile,0.25,30.661952788146333
2025-12-20,wk inc flu hosp,2,2026-01-10,56,quantile,0.3,36.566667736759605
2025-12-20,wk inc flu hosp,2,2026-01-10,56,quantile,0.35,42.34900882383579
2025-12-20,wk inc flu hosp,2,2026-01-10,56,quantile,0.4,48.186167063102914
2025-12-20,wk inc flu hosp,2,2026-01-10,56,quantile,0.45,51.684987534728
2025-12-20,wk inc flu hosp,2,2026-01-10,56,quantile,0.5,56.36063505813121
2025-12-20,wk inc flu hosp,2,2026-01-10,56,quantile,0.55,62.31814870268485
2025-12-20,wk inc flu hosp,2,2026-01-10,56,quantile,0.6,71.8047487684906
2025-12-20,wk inc flu hosp,2,2026-01-10,56,quantile,0.65,90.26828283668004
2025-12-20,wk inc flu hosp,2,2026-01-10,56,quantile,0.7,94.746544759924
2025-12-20,wk inc flu hosp,2,2026-01-10,56,quantile,0.75,100.08906869077668
2025-12-20,wk inc flu hosp,2,2026-01-10,56,quantile,0.8,110.92558018813273
2025-12-20,wk inc flu hosp,2,2026-01-10,56,quantile,0.85,132.9852850789339
2025-12-20,wk inc flu hosp,2,2026-01-10,56,quantile,0.9,163.03821392218694
2025-12-20,wk inc flu hosp,2,2026-01-10,56,quantile,0.95,200.27173361964554
2025-12-20,wk inc flu hosp,2,2026-01-10,56,quantile,0.975,231.70566356884567
2025-12-20,wk inc flu hosp,2,2026-01-10,56,quantile,0.99,242.35028035289272
2025-12-20,wk inc flu hosp,2,2026-01-10,72,quantile,0.01,53.387805870243646
2025-12-20,wk inc flu hosp,2,2026-01-10,72,quantile,0.025,81.80637104940672
2025-12-20,wk inc flu hosp,2,2026-01-10,72,quantile,0.05,90.22779550134955
2025-12-20,wk inc flu hosp,2,2026-01-10,72,quantile,0.1,139.09719397304934
2025-12-20,wk inc flu hosp,2,2026-01-10,72,quantile,0.15,161.05807467877924
2025-12-20,wk inc flu hosp,2,2026-01-10,72,quantile,0.2,185.33699934425022
2025-12-20,wk inc flu hosp,2,2026-01-10,72,quantile,0.25,213.06033443759614
2025-12-20,wk inc flu hosp,2,2026-01-10,72,quantile,0.3,242.27678333083875
2025-12-20,wk inc flu hosp,2,2026-01-10,72,quantile,0.35,262.1485671501071
2025-12-20,wk inc flu hosp,2,2026-01-10,72,quantile,0.4,282.1905491216608
2025-12-20,wk inc flu hosp,2,2026-01-10,72,quantile,0.45,310.3819113127559
2025-12-20,wk inc flu hosp,2,2026-01-10,72,quantile,0.5,344.11051470178614
2025-12-20,wk inc flu hosp,2,2026-01-10,72,quantile,0.55,380.3281574531433
2025-12-20,wk inc flu hosp,2,2026-01-10,72,quantile,0.6,421.23730990339095
2025-12-20,wk inc flu hosp,2,2026-01-10,72,quantile,0.65,459.4710122600463
2025-12-20,wk inc flu hosp,2,2026-01-10,72,quantile,0.7,531.6911218386341
2025-12-20,wk inc flu hosp,2,2026-01-10,72,quantile,0.75,618.740186233492
2025-12-20,wk inc flu hosp,2,2026-01-10,72,quantile,0.8,713.8853180344723
2025-12-20,wk inc flu hosp,2,2026-01-10,72,quantile,0.85,986.4129391029944
2025-12-20,wk inc flu hosp,2,2026-01-10,72,quantile,0.9,1135.1343400283652
2025-12-20,wk inc flu hosp,2,2026-01-10,72,quantile,0.95,1298.0618706641167
2025-12-20,wk inc flu hosp,2,2026-01-10,72,quantile,0.975,1382.5634699841667
2025-12-20,wk inc flu hosp,2,2026-01-10,72,quantile,0.99,1397.6423771305854
2025-12-20,wk inc flu hosp,2,2026-01-10,US,quantile,0.01,4802.835478269515
2025-12-20,wk inc flu hosp,2,2026-01-10,US,quantile,0.025,7025.730148815036
2025-12-20,wk inc flu hosp,2,2026-01-10,US,quantile,0.05,10292.013193810206
2025-12-20,wk inc flu hosp,2,2026-01-10,US,quantile,0.1,11920.938883985633
2025-12-20,wk inc flu hosp,2,2026-01-10,US,quantile,0.15,13836.208174936884
2025-12-20,wk inc flu hosp,2,2026-01-10,US,quantile,0.2,16256.651878264294
2025-12-20,wk inc flu hosp,2,2026-01-10,US,quantile,0.25,18754.14759957335
2025-12-20,wk inc flu hosp,2,2026-01-10,US,quantile,0.3,20941.76322418634
2025-12-20,wk inc flu hosp,2,2026-01-10,US,quantile,0.35,23055.023022084824
2025-12-20,wk inc flu hosp,2,2026-01-10,US,quantile,0.4,25556.219603115573
2025-12-20,wk inc flu hosp,2,2026-01-10,US,quantile,0.45,28436.119551094398
2025-12-20,wk inc flu hosp,2,2026-01-10,US,quantile,0.5,31068.588123015787
2025-12-20,wk inc flu hosp,2,2026-01-10,US,quantile,0.55,33441.87559109061
2025-12-20,wk inc flu hosp,2,2026-01-10,US,quantile,0.6,38536.00965470414
2025-12-20,wk inc flu hosp,2,2026-01-10,US,quantile,0.65,43018.019296291444
2025-12-20,wk inc flu hosp,2,2026-01-10,US,quantile,0.7,44342.959126454596
2025-12-20,wk inc flu hosp,2,2026-01-10,US,quantile,0.75,46541.8456005735
2025-12-20,wk inc flu hosp,2,2026-01-10,US,quantile,0.8,51119.74243813759
2025-12-20,wk inc flu hosp,2,2026-01-10,US,quantile,0.85,57036.04776870088
2025-12-20,wk inc flu hosp,2,2026-01-10,US,quantile,0.9,67067.43214236651
2025-12-20,wk inc flu hosp,2,2026-01-10,US,quantile,0.95,77233.46925172278
2025-12-20,wk inc flu hosp,2,2026-01-10,US,quantile,0.975,103296.43686753549
2025-12-20,wk inc flu hosp,2,2026-01-10,US,quantile,0.99,115090.3265251748
2025-12-20,wk inc flu hosp,3,2026-01-17,01,quantile,0.01,40.81082774935459
2025-12-20,wk inc flu hosp,3,2026-01-17,01,quantile,0.025,49.43455120097938
2025-12-20,wk inc flu hosp,3,2026-01-17,01,quantile,0.05,64.8818254082501
2025-12-20,wk inc flu hosp,3,2026-01-17,01,quantile,0.1,82.39398643619586
2025-12-20,wk inc flu hosp,3,2026-01-17,01,quantile,0.15,98.52370759968724
2025-12-20,wk inc flu hosp,3,2026-01-17,01,quantile,0.2,116.1399884105506
2025-12-20,wk inc flu hosp,3,2026-01-17,01,quantile,0.25,137.01182535871837
2025-12-20,wk inc flu hosp,3,2026-01-17,01,quantile,0.3,163.22810185241718
2025-12-20,wk inc flu hosp,3,2026-01-17,01,quantile,0.35,190.55063717208444
2025-12-20,wk inc flu hosp,3,2026-01-17,01,quantile,0.4,210.55851989304992
2025-12-20,wk inc flu hosp,3,2026-01-17,01,quantile,0.45,230.02668711175264
2025-12-20,wk inc flu hosp,3,2026-01-17,01,quantile,0.5,249.95217323864517
2025-12-20,wk inc flu hosp,3,2026-01-17,01,quantile,0.55,282.3414170599683
2025-12-20,wk inc flu hosp,3,2026-01-17,01,quantile,0.6,324.67233357819424
2025-12-20,wk inc flu hosp,3,2026-01-17,01,quantile,0.65,360.5766490974385
2025-12-20,wk inc flu hosp,3,2026-01-17,01,quantile,0.7,401.3270772428172
2025-12-20,wk inc flu hosp,3,2026-01-17,01,quantile,0.75,420.7795088646016
2025-12-20,wk inc flu hosp,3,2026-01-17,01,quantile,0.8,504.79619313247304
2025-12-20,wk inc flu hosp,3,2026-01-17,01,quantile,0.85,614.3010756554089
2025-12-20,wk inc flu hosp,3,2026-01-17,01,quantile,0.9,811.3690179304937
2025-12-20,wk inc flu hosp,3,2026-01-17,01,quantile,0.95,991.0702233017959
2025-12-20,wk inc flu hosp,3,2026-01-17,01,quantile,0.975,1021.3172573570627
2025-12-20,wk inc flu hosp,3,2026-01-17,01,quantile,0.99,1049.7531071023584
2025-12-20,wk inc flu hosp,3,2026-01-17,02,quantile,0.01,3.8132168434345868
2025-12-20,wk inc flu hosp,3,2026-01-17,02,quantile,0.025,5.48826671613663
2025-12-20,wk inc flu hosp,3,2026-01-17,02,quantile,0.05,7.816405287266545
2025-12-20,wk inc flu hosp,3,2026-01-17,02,quantile,0.1,11.303789865575677
2025-12-20,wk inc flu hosp,3,2026-01-17,02,quantile,0.15,13.877563538075696
2025-12-20,wk inc flu hosp,3,2026-01-17,02,quantile,0.2,16.282678590227825
2025-12-20,wk inc flu hosp,3,2026-01-17,02,quantile,0.25,18.822869729199994
2025-12-20,wk inc flu hosp,3,2026-01-17,02,quantile,0.3,21.52292995345282
2025-12-20,wk inc flu hosp,3,2026-01-17,02,quantile,0.35,23.868364931171524
2025-12-20,wk inc flu hosp,3,2026-01-17,02,quantile,0.4,26.25399344061207
2025-12-20,wk inc flu hosp,3,2026-01-17,02,quantile,0.45,29.464003535692903
2025-12-20,wk inc flu hosp,3,2026-01-17,02,quantile,0.5,32.7925421367642
2025-12-20,wk inc flu hosp,3,2026-01-17,02,quantile,0.55,36.1217608461539
2025-12-20,wk inc flu hosp,3,2026-01-17,02,quantile,0.6,39.28323964408406
2025-12-20,wk inc flu hosp,3,2026-01-17,02,quantile,0.65,42.19061081292061
2025-12-20,wk inc flu hosp,3,2026-01-17,02,quantile,0.7,51.89993774492989
2025-12-20,wk inc flu hosp,3,2026-01-17,02,quantile,0.75,59.8314051358086
2025-12-20,wk inc flu hosp,3,2026-01-17,02,quantile,0.8,63.25814127942132
2025-12-20,wk inc flu hosp,3,2026-01-17,02,quantile,0.85,68.44277182110969
2025-12-20,wk inc flu hosp,3,2026-01-17,02,quantile,0.9,92.85034395549779
2025-12-20,wk inc flu hosp,3,2026-01-17,02,quantile,0.95,122.87646604101934
2025-12-20,wk inc flu hosp,3,2026-01-17,02,quantile,0.975,150.35801393518483
2025-12-20,wk inc flu hosp,3,2026-01-17,02,quantile,0.99,182.93498391535252
2025-12-20,wk inc flu hosp,3,2026-01-17,04,quantile,0.01,16.03547037916124
2025-12-20,wk inc flu hosp,3,2026-01-17,04,quantile,0.025,23.17600259537035
2025-12-20,wk inc flu hosp,3,2026-01-17,04,quantile,0.05,29.62466572186512
2025-12-20,wk inc flu hosp,3,2026-01-17,04,quantile,0.1,47.94313207357139
2025-12-20,wk inc flu hosp,3,2026-01-17,04,quantile,0.15,63.164694541930864
2025-12-20,wk inc flu hosp,3,2026-01-17,04,quantile,0.2,73.06255938372784
2025-12-20,wk inc flu hosp,3,2026-01-17,04,quantile,0.25,85.5229334107486
2025-12-20,wk inc flu hosp,3,2026-01-17,04,quantile,0.3,95.62733522898425
2025-12-20,wk inc flu hosp,3,2026-01-17,04,quantile,0.35,115.08382118579812
2025-12-20,wk inc flu hosp,3,2026-01-17,04,quantile,0.4,146.27890595811732
2025-12-20,wk inc flu hosp,3,2026-01-17,04,quantile,0.45,179.67875232168734
2025-12-20,wk inc flu hosp,3,2026-01-17,04,quantile,0.5,215.62121442426016
2025-12-20,wk inc flu hosp,3,2026-01-17,04,quantile,0.55,247.8366346380621
2025-12-20,wk inc flu hosp,3,2026-01-17,04,quantile,0.6,277.5902791196854
2025-12-20,wk inc flu hosp,3,2026-01-17,04,quantile,0.65,304.9066283772119
2025-12-20,wk inc flu hosp,3,2026-01-17,04,quantile,0.7,333.8312173385887
2025-12-20,wk inc flu hosp,3,2026-01-17,04,quantile,0.75,367.2050606250754
2025-12-20,wk inc flu hosp,3,2026-01-17,04,quantile,0.8,389.11417604173596
2025-12-20,wk inc flu hosp,3,2026-01-17,04,quantile,0.85,437.98849985036003
2025-12-20,wk inc flu hosp,3,2026-01-17,04,quantile,0.9,543.6507937873366
2025-12-20,wk inc flu hosp,3,2026-01-17,04,quantile,0.95,727.0368049254115
2025-12-20,wk inc flu hosp,3,2026-01-17,04,quantile,0.975,774.0331033033463
2025-12-20,wk inc flu hosp,3,2026-01-17,04,quantile,0.99,1146.8316219111914
2025-12-20,wk inc flu hosp,3,2026-01-17,05,quantile,0.01,22.16577076826275
2025-12-20,wk inc flu hosp,3,2026-01-17,05,quantile,0.025,26.168059610169163
2025-12-20,wk inc flu hosp,3,2026-01-17,05,quantile,0.05,38.92622135655777
2025-12-20,wk inc flu hosp,3,2026-01-17,05,quantile,0.1,64.12678417392083
2025-12-20,wk inc flu hosp,3,2026-01-17,05,quantile,0.15,111.06825564890885
2025-12-20,wk inc flu hosp,3,2026-01-17,05,quantile,0.2,150.86601039311122
2025-12-20,wk inc flu hosp,3,2026-01-17,05,quantile,0.25,177.07874223790083
2025-12-20,wk inc flu hosp,3,2026-01-17,05,quantile,0.3,197.64264218558242
2025-12-20,wk inc flu hosp,3,2026-01-17,05,quantile,0.35,217.13816126531154
2025-12-20,wk inc flu hosp,3,2026-01-17,05,quantile,0.4,239.95101681415943
2025-12-20,wk inc flu hosp,3,2026-01-17,05,quantile,0.45,269.04859628553663
2025-12-20,wk inc flu hosp,3,2026-01-17,05,quantile,0.5,299.2966875975963
2025-12-20,wk inc flu hosp,3,2026-01-17,05,quantile,0.55,336.94205526140524
2025-12-20,wk inc flu hosp,3,2026-01-17,05,quantile,0.6,365.9881652613036
2025-12-20,wk inc flu hosp,3,2026-01-17,05,quantile,0.65,435.77866028359114
2025-12-20,wk inc flu hosp,3,2026-01-17,05,quantile,0.7,500.31835763909606
2025-12-20,wk inc flu hosp,3,2026-01-17,05,quantile,0.75,550.0444441244408
2025-12-20,wk inc flu hosp,3,2026-01-17,05,quantile,0.8,593.1198603332069
2025-12-20,wk inc flu hosp,3,2026-01-17,05,quantile,0.85,611.1501510248378
2025-12-20,wk inc flu hosp,3,2026-01-17,05,quantile,0.9,661.3815206049376
2025-12-20,wk inc flu hosp,3,2026-01-17,05,quantile,0.95,968.5075573661605
2025-12-20,wk inc flu hosp,3,2026-01-17,05,quantile,0.975,1064.8771335901636
2025-12-20,wk inc flu hosp,3,2026-01-17,05,quantile,0.99,1091.3996611159778
2025-12-20,wk inc flu hosp,3,2026-01-17,06,quantile,0.01,123.28724786968385
2025-12-20,wk inc flu hosp,3,2026-01-17,06,quantile,0.025,175.54396902273947
2025-12-20,wk inc flu hosp,3,2026-01-17,06,quantile,0.05,251.60219935437306
2025-12-20,wk inc flu hosp,3,2026-01-17,06,quantile,0.1,381.98326628400156
2025-12-20,wk inc flu hosp,3,2026-01-17,06,quantile,0.15,627.290921942019
2025-12-20,wk inc flu hosp,3,2026-01-17,06,quantile,0.2,733.9092086979427
2025-12-20,wk inc flu hosp,3,2026-01-17,06,quantile,0.25,842.1105729561002
2025-12-20,wk inc flu hosp,3,2026-01-17,06,quantile,0.3,917.7148790572292
2025-12-20,wk inc flu hosp,3,2026-01-17,06,quantile,0.35,1055.5193520942582
2025-12-20,wk inc flu hosp,3,2026-01-17,06,quantile,0.4,1213.6379440210633
2025-12-20,wk inc flu hosp,3,2026-01-17,06,quantile,0.45,1379.5403482835547
2025-12-20,wk inc flu hosp,3,2026-01-17,06,quantile,0.5,1553.8334124074959
2025-12-20,wk inc flu hosp,3,2026-01-17,06,quantile,0.55,1741.3340530805076
2025-12-20,wk inc flu hosp,3,2026-01-17,06,quantile,0.6,1900.9932365317813
2025-12-20,wk inc flu hosp,3,2026-01-17,06,quantile,0.65,2042.4825835934355
2025-12-20,wk inc flu hosp,3,2026-01-17,06,quantile,0.7,2222.429075541433
2025-12-20,wk inc flu hosp,3,2026-01-17,06,quantile,0.75,2453.559651351846
2025-12-20,wk inc flu hosp,3,2026-01-17,06,quantile,0.8,2874.9789216203685
2025-12-20,wk inc flu hosp,3,2026-01-17,06,quantile,0.85,3028.8894861286954
2025-12-20,wk inc flu hosp,3,2026-01-17,06,quantile,0.9,3389.1360935973735
2025-12-20,wk inc flu hosp,3,2026-01-17,06,quantile,0.95,3707.684863089815
2025-12-20,wk inc flu hosp,3,2026-01-17,06,quantile,0.975,4417.132900295407
2025-12-20,wk inc flu hosp,3,2026-01-17,06,quantile,0.99,4734.458032298606
2025-12-20,wk inc flu hosp,3,2026-01-17,08,quantile,0.01,80.45742551870022
2025-12-20,wk inc flu hosp,3,2026-01-17,08,quantile,0.025,90.09964685514579
2025-12-20,wk inc flu hosp,3,2026-01-17,08,quantile,0.05,110.61016862846702
2025-12-20,wk inc flu hosp,3,2026-01-17,08,quantile,0.1,143.12855468409836
2025-12-20,wk inc flu hosp,3,2026-01-17,08,quantile,0.15,171.74077580971624
2025-12-20,wk inc flu hosp,3,2026-01-17,08,quantile,0.2,204.5178459067573
2025-12-20,wk inc flu hosp,3,2026-01-17,08,quantile,0.25,238.88891475028217
2025-12-20,wk inc flu hosp,3,2026-01-17,08,quantile,0.3,274.2179551202925
2025-12-20,wk inc flu hosp,3,2026-01-17,08,quantile,0.35,305.07543035833794
2025-12-20,wk inc flu hosp,3,2026-01-17,08,quantile,0.4,343.23297791087487
2025-12-20,wk inc flu hosp,3,2026-01-17,08,quantile,0.45,384.19021757619834
2025-12-20,wk inc flu hosp,3,2026-01-17,08,quantile,0.5,450.31794693015854
2025-12-20,wk inc flu hosp,3,2026-01-17,08,quantile,0.55,527.9856340425251
2025-12-20,wk inc flu hosp,3,2026-01-17,08,quantile,0.6,690.1543384243984
2025-12-20,wk inc flu hosp,3,2026-01-17,08,quantile,0.65,955.5009393941289
2025-12-20,wk inc flu hosp,3,2026-01-17,08,quantile,0.7,1126.0279464019159
2025-12-20,wk inc flu hosp,3,2026-01-17,08,quantile,0.75,1304.1323235249897
2025-12-20,wk inc flu hosp,3,2026-01-17,08,quantile,0.8,1361.4691683474057
2025-12-20,wk inc flu hosp,3,2026-01-17,08,quantile,0.85,1410.3534747994795
2025-12-20,wk inc flu hosp,3,2026-01-17,08,quantile,0.9,1676.5195148927837
2025-12-20,wk inc flu hosp,3,2026-01-17,08,quantile,0.95,2753.236517202145
2025-12-20,wk inc flu hosp,3,2026-01-17,08,quantile,0.975,2800.2437367584594
2025-12-20,wk inc flu hosp,3,2026-01-17,08,quantile,0.99,2809.522495892114
2025-12-20,wk inc flu hosp,3,2026-01-17,09,quantile,0.01,41.16950450460253
2025-12-20,wk inc flu hosp,3,2026-01-17,09,quantile,0.025,52.27137301123703
2025-12-20,wk inc flu hosp,3,2026-01-17,09,quantile,0.05,65.10981016589938
2025-12-20,wk inc flu hosp,3,2026-01-17,09,quantile,0.1,87.18695198917995
2025-12-20,wk inc flu hosp,3,2026-01-17,09,quantile,0.15,100.6533438212235
2025-12-20,wk inc flu hosp,3,2026-01-17,09,quantile,0.2,118.3207845265393
2025-12-20,wk inc flu hosp,3,2026-01-17,09,quantile,0.25,134.21031390970813
2025-12-20,wk inc flu hosp,3,2026-01-17,09,quantile,0.3,153.40817368572064
2025-12-20,wk inc flu hosp,3,2026-01-17,09,quantile,0.35,176.631317728482
2025-12-20,wk inc flu hosp,3,2026-01-17,09,quantile,0.4,203.7052485287377
2025-12-20,wk inc flu hosp,3,2026-01-17,09,quantile,0.45,233.97485813079027
2025-12-20,wk inc flu hosp,3,2026-01-17,09,quantile,0.5,300.7022688692447
2025-12-20,wk inc flu hosp,3,2026-01-17,09,quantile,0.55,402.20726029590696
2025-12-20,wk inc flu hosp,3,2026-01-17,09,quantile,0.6,580.5081068510816
2025-12-20,wk inc flu hosp,3,2026-01-17,09,quantile,0.65,872.4351787407743
2025-12-20,wk inc flu hosp,3,2026-01-17,09,quantile,0.7,1144.1746530088242
2025-12-20,wk inc flu hosp,3,2026-01-17,09,quantile,0.75,1197.452366729431
2025-12-20,wk inc flu hosp,3,2026-01-17,09,quantile,0.8,1372.570155241529
2025-12-20,wk inc flu hosp,3,2026-01-17,09,quantile,0.85,1559.2264736157283
2025-12-20,wk inc flu hosp,3,2026-01-17,09,quantile,0.9,1991.5367894609233
2025-12-20,wk inc flu hosp,3,2026-01-17,09,quantile,0.95,2946.4826038263536
2025-12-20,wk inc flu hosp,3,2026-01-17,09,quantile,0.975,3007.5430283369647
2025-12-20,wk inc flu hosp,3,2026-01-17,09,quantile,0.99,3013.6666564368165
2025-12-20,wk inc flu hosp,3,2026-01-17,10,quantile,0.01,7.426230356188105
2025-12-20,wk inc flu hosp,3,2026-01-17,10,quantile,0.025,10.071754216206273
2025-12-20,wk inc flu hosp,3,2026-01-17,10,quantile,0.05,14.620770702349851
2025-12-20,wk inc flu hosp,3,2026-01-17,10,quantile,0.1,21.338833668703494
2025-12-20,wk inc flu hosp,3,2026-01-17,10,quantile,0.15,25.051023371926078
2025-12-20,wk inc flu hosp,3,2026-01-17,10,quantile,0.2,34.21789366216985
2025-12-20,wk inc flu hosp,3,2026-01-17,10,quantile,0.25,42.857200546239774
2025-12-20,wk inc flu hosp,3,2026-01-17,10,quantile,0.3,50.907319415840625
2025-12-20,wk inc flu hosp,3,2026-01-17,10,quantile,0.35,58.952930015319474
2025-12-20,wk inc flu hosp,3,2026-01-17,10,quantile,0.4,67.99411706876505
2025-12-20,wk inc flu hosp,3,2026-01-17,10,quantile,0.45,78.84184461781638
2025-12-20,wk inc flu hosp,3,2026-01-17,10,quantile,0.5,97.12386304865868
2025-12-20,wk inc flu hosp,3,2026-01-17,10,quantile,0.55,126.40824788127459
2025-12-20,wk inc flu hosp,3,2026-01-17,10,quantile,0.6,167.58013505684346
2025-12-20,wk inc flu hosp,3,2026-01-17,10,quantile,0.65,235.9557882263801
2025-12-20,wk inc flu hosp,3,2026-01-17,10,quantile,0.7,271.88066453276645
2025-12-20,wk inc flu hosp,3,2026-01-17,10,quantile,0.75,294.5817539159621
2025-12-20,wk inc flu hosp,3,2026-01-17,10,quantile,0.8,359.78284224183665
2025-12-20,wk inc flu hosp,3,2026-01-17,10,quantile,0.85,394.5607448381232
2025-12-20,wk inc flu hosp,3,2026-01-17,10,quantile,0.9,429.5012102375836
2025-12-20,wk inc flu hosp,3,2026-01-17,10,quantile,0.95,481.15786047479406
2025-12-20,wk inc flu hosp,3,2026-01-17,10,quantile,0.975,493.44849245519896
2025-12-20,wk inc flu hosp,3,2026-01-17,10,quantile,0.99,508.42627636683835
2025-12-20,wk inc flu hosp,3,2026-01-17,11,quantile,0.01,1.0527646519089076
2025-12-20,wk inc flu hosp,3,2026-01-17,11,quantile,0.025,1.4040586168005238
2025-12-20,wk inc flu hosp,3,2026-01-17,11,quantile,0.05,2.254446952820043
2025-12-20,wk inc flu hosp,3,2026-01-17,11,quantile,0.1,5.091063719393207
2025-12-20,wk inc flu hosp,3,2026-01-17,11,quantile,0.15,8.626453927890996
2025-12-20,wk inc flu hosp,3,2026-01-17,11,quantile,0.2,13.963545699944348
2025-12-20,wk inc flu hosp,3,2026-01-17,11,quantile,0.25,17.708651773108553
2025-12-20,wk inc flu hosp,3,2026-01-17,11,quantile,0.3,20.312859131669267
2025-12-20,wk inc flu hosp,3,2026-01-17,11,quantile,0.35,21.757608862851818
2025-12-20,wk inc flu hosp,3,2026-01-17,11,quantile,0.4,22.994229498781124
2025-12-20,wk inc flu hosp,3,2026-01-17,11,quantile,0.45,24.368884949811672
2025-12-20,wk inc flu hosp,3,2026-01-17,11,quantile,0.5,26.54859394503488
2025-12-20,wk inc flu hosp,3,2026-01-17,11,quantile,0.55,31.450153832414927
2025-12-20,wk inc flu hosp,3,2026-01-17,11,quantile,0.6,38.413925875877716
2025-12-20,wk inc flu hosp,3,2026-01-17,11,quantile,0.65,42.825261711140286
2025-12-20,wk inc flu hosp,3,2026-01-17,11,quantile,0.7,48.27424899110718
2025-12-20,wk inc flu hosp,3,2026-01-17,11,quantile,0.75,51.190871398909465
2025-12-20,wk inc flu hosp,3,2026-01-17,11,quantile,0.8,52.681516373667975
2025-12-20,wk inc flu hosp,3,2026-01-17,11,quantile,0.85,64.32195409439856
2025-12-20,wk inc flu hosp,3,2026-01-17,11,quantile,0.9,94.74854083185349
2025-12-20,wk inc flu hosp,3,2026-01-17,11,quantile,0.95,131.31935011995276
2025-12-20,wk inc flu hosp,3,2026-01-17,11,quantile,0.975,136.21130981781346
2025-12-20,wk inc flu hosp,3,2026-01-17,11,quantile,0.99,136.38261419030223
2025-12-20,wk inc flu hosp,3,2026-01-17,12,quantile,0.01,44.03577518563321
2025-12-20,wk inc flu hosp,3,2026-01-17,12,quantile,0.025,315.5182794801668
2025-12-20,wk inc flu hosp,3,2026-01-17,12,quantile,0.05,512.7877631610975
2025-12-20,wk inc flu hosp,3,2026-01-17,12,quantile,0.1,746.3990038865259
2025-12-20,wk inc flu hosp,3,2026-01-17,12,quantile,0.15,981.6532147861869
2025-12-20,wk inc flu hosp,3,2026-01-17,12,quantile,0.2,1120.9294697356245
2025-12-20,wk inc flu hosp,3,2026-01-17,12,quantile,0.25,1222.1036765583765
2025-12-20,wk inc flu hosp,3,2026-01-17,12,quantile,0.3,1315.5107367938526
2025-12-20,wk inc flu hosp,3,2026-01-17,12,quantile,0.35,1447.0413803748957
2025-12-20,wk inc flu hosp,3,2026-01-17,12,quantile,0.4,1628.7289783679523
2025-12-20,wk inc flu hosp,3,2026-01-17,12,quantile,0.45,1847.9059337879667
2025-12-20,wk inc flu hosp,3,2026-01-17,12,quantile,0.5,2141.754716789572
2025-12-20,wk inc flu hosp,3,2026-01-17,12,quantile,0.55,2609.8078397124214
2025-12-20,wk inc flu hosp,3,2026-01-17,12,quantile,0.6,3517.5552750966035
2025-12-20,wk inc flu hosp,3,2026-01-17,12,quantile,0.65,4453.494995791408
2025-12-20,wk inc flu hosp,3,2026-01-17,12,quantile,0.7,5078.6165724461935
2025-12-20,wk inc flu hosp,3,2026-01-17,12,quantile,0.75,6015.778981614699
2025-12-20,wk inc flu hosp,3,2026-01-17,12,quantile,0.8,6972.858987883819
2025-12-20,wk inc flu hosp,3,2026-01-17,12,quantile,0.85,8181.978156657856
2025-12-20,wk inc flu hosp,3,2026-01-17,12,quantile,0.9,8743.57142914981
2025-12-20,wk inc flu hosp,3,2026-01-17,12,quantile,0.95,9656.868615578736
2025-12-20,wk inc flu hosp,3,2026-01-17,12,quantile,0.975,10388.6556228866
2025-12-20,wk inc flu hosp,3,2026-01-17,12,quantile,0.99,10633.20802317264
2025-12-20,wk inc flu hosp,3,2026-01-17,13,quantile,0.01,82.03487984005177
2025-12-20,wk inc flu hosp,3,2026-01-17,13,quantile,0.025,105.18730449246414
2025-12-20,wk inc flu hosp,3,2026-01-17,13,quantile,0.05,140.4338004693102
2025-12-20,wk inc flu hosp,3,2026-01-17,13,quantile,0.1,273.25594643155745
2025-12-20,wk inc flu hosp,3,2026-01-17,13,quantile,0.15,344.5970039185243
2025-12-20,wk inc flu hosp,3,2026-01-17,13,quantile,0.2,410.3554431544708
2025-12-20,wk inc flu hosp,3,2026-01-17,13,quantile,0.25,498.35669263534817
2025-12-20,wk inc flu hosp,3,2026-01-17,13,quantile,0.3,565.149777525067
2025-12-20,wk inc flu hosp,3,2026-01-17,13,quantile,0.35,640.5896245752149
2025-12-20,wk inc flu hosp,3,2026-01-17,13,quantile,0.4,722.8009385570924
2025-12-20,wk inc flu hosp,3,2026-01-17,13,quantile,0.45,806.3176704520904
2025-12-20,wk inc flu hosp,3,2026-01-17,13,quantile,0.5,871.6824882323685
2025-12-20,wk inc flu hosp,3,2026-01-17,13,quantile,0.55,960.4814507584596
2025-12-20,wk inc flu hosp,3,2026-01-17,13,quantile,0.6,1050.5481237084878
2025-12-20,wk inc flu hosp,3,2026-01-17,13,quantile,0.65,1161.4524379846123
2025-12-20,wk inc flu hosp,3,2026-01-17,13,quantile,0.7,1270.1727763301478
2025-12-20,wk inc flu hosp,3,2026-01-17,13,quantile,0.75,1440.4135207429626
2025-12-20,wk inc flu hosp,3,2026-01-17,13,quantile,0.8,1545.0787214726217
2025-12-20,wk inc flu hosp,3,2026-01-17,13,quantile,0.85,1766.5444204351168
2025-12-20,wk inc flu hosp,3,2026-01-17,13,quantile,0.9,2008.0983600716438
2025-12-20,wk inc flu hosp,3,2026-01-17,13,quantile,0.95,2262.6508042870614
2025-12-20,wk inc flu hosp,3,2026-01-17,13,quantile,0.975,2697.009708582554
2025-12-20,wk inc flu hosp,3,2026-01-17,13,quantile,0.99,2956.000637956148
2025-12-20,wk inc flu hosp,3,2026-01-17,15,quantile,0.01,10.66015397515643
2025-12-20,wk inc flu hosp,3,2026-01-17,15,quantile,0.025,22.83508899510349
2025-12-20,wk inc flu hosp,3,2026-01-17,15,quantile,0.05,27.804273809379968
2025-12-20,wk inc flu hosp,3,2026-01-17,15,quantile,0.1,35.73230241466732
2025-12-20,wk inc flu hosp,3,2026-01-17,15,quantile,0.15,41.11797067795153
2025-12-20,wk inc flu hosp,3,2026-01-17,15,quantile,0.2,46.002208578349205
2025-12-20,wk inc flu hosp,3,2026-01-17,15,quantile,0.25,50.76692476247015
2025-12-20,wk inc flu hosp,3,2026-01-17,15,quantile,0.3,54.988221758669894
2025-12-20,wk inc flu hosp,3,2026-01-17,15,quantile,0.35,59.422723272404134
2025-12-20,wk inc flu hosp,3,2026-01-17,15,quantile,0.4,64.66671363568103
2025-12-20,wk inc flu hosp,3,2026-01-17,15,quantile,0.45,68.86027740976957
2025-12-20,wk inc flu hosp,3,2026-01-17,15,quantile,0.5,75.95341832335599
2025-12-20,wk inc flu hosp,3,2026-01-17,15,quantile,0.55,83.78843188659008
2025-12-20,wk inc flu hosp,3,2026-01-17,15,quantile,0.6,92.53030699119023
2025-12-20,wk inc flu hosp,3,2026-01-17,15,quantile,0.65,103.23173223855723
2025-12-20,wk inc flu hosp,3,2026-01-17,15,quantile,0.7,115.19386952817513
2025-12-20,wk inc flu hosp,3,2026-01-17,15,quantile,0.75,131.18118811759396
2025-12-20,wk inc flu hosp,3,2026-01-17,15,quantile,0.8,169.14784695990826
2025-12-20,wk inc flu hosp,3,2026-01-17,15,quantile,0.85,182.5743723083434
2025-12-20,wk inc flu hosp,3,2026-01-17,15,quantile,0.9,232.31770011553837
2025-12-20,wk inc flu hosp,3,2026-01-17,15,quantile,0.95,345.27497777542715
2025-12-20,wk inc flu hosp,3,2026-01-17,15,quantile,0.975,367.7759896950341
2025-12-20,wk inc flu hosp,3,2026-01-17,15,quantile,0.99,369.9075664001019
2025-12-20,wk inc flu hosp,3,2026-01-17,16,quantile,0.01,11.667878575882726
2025-12-20,wk inc flu hosp,3,2026-01-17,16,quantile,0.025,14.810674167389474
2025-12-20,wk inc flu hosp,3,2026-01-17,16,quantile,0.05,17.797911102642463
2025-12-20,wk inc flu hosp,3,2026-01-17,16,quantile,0.1,27.45528335969572
2025-12-20,wk inc flu hosp,3,2026-01-17,16,quantile,0.15,34.82618096745408
2025-12-20,wk inc flu hosp,3,2026-01-17,16,quantile,0.2,42.83340320545019
2025-12-20,wk inc flu hosp,3,2026-01-17,16,quantile,0.25,49.61112567656053
2025-12-20,wk inc flu hosp,3,2026-01-17,16,quantile,0.3,55.09557275609222
2025-12-20,wk inc flu hosp,3,2026-01-17,16,quantile,0.35,62.047064679067184
2025-12-20,wk inc flu hosp,3,2026-01-17,16,quantile,0.4,70.13845069365065
2025-12-20,wk inc flu hosp,3,2026-01-17,16,quantile,0.45,78.05651840844153
2025-12-20,wk inc flu hosp,3,2026-01-17,16,quantile,0.5,84.10690976671448
2025-12-20,wk inc flu hosp,3,2026-01-17,16,quantile,0.55,94.15692563745112
2025-12-20,wk inc flu hosp,3,2026-01-17,16,quantile,0.6,119.35453106189443
2025-12-20,wk inc flu hosp,3,2026-01-17,16,quantile,0.65,151.73839340276595
2025-12-20,wk inc flu hosp,3,2026-01-17,16,quantile,0.7,164.27463710685484
2025-12-20,wk inc flu hosp,3,2026-01-17,16,quantile,0.75,184.71306232197443
2025-12-20,wk inc flu hosp,3,2026-01-17,16,quantile,0.8,224.2686877503186
2025-12-20,wk inc flu hosp,3,2026-01-17,16,quantile,0.85,266.31821760175757
2025-12-20,wk inc flu hosp,3,2026-01-17,16,quantile,0.9,302.08983400261997
2025-12-20,wk inc flu hosp,3,2026-01-17,16,quantile,0.95,324.84898933034407
2025-12-20,wk inc flu hosp,3,2026-01-17,16,quantile,0.975,374.8695760772408
2025-12-20,wk inc flu hosp,3,2026-01-17,16,quantile,0.99,445.6886670204675
2025-12-20,wk inc flu hosp,3,2026-01-17,17,quantile,0.01,12.416602147250588
2025-12-20,wk inc flu hosp,3,2026-01-17,17,quantile,0.025,19.46179826300121
2025-12-20,wk inc flu hosp,3,2026-01-17,17,quantile,0.05,80.27293201961902
2025-12-20,wk inc flu hosp,3,2026-01-17,17,quantile,0.1,129.10168772665182
2025-12-20,wk inc flu hosp,3,2026-01-17,17,quantile,0.15,179.2111290753889
2025-12-20,wk inc flu hosp,3,2026-01-17,17,quantile,0.2,221.2376407505846
2025-12-20,wk inc flu hosp,3,2026-01-17,17,quantile,0.25,270.627107158875
2025-12-20,wk inc flu hosp,3,2026-01-17,17,quantile,0.3,346.15562984935815
2025-12-20,wk inc flu hosp,3,2026-01-17,17,quantile,0.35,422.57939448480334
2025-12-20,wk inc flu hosp,3,2026-01-17,17,quantile,0.4,495.2086264503289
2025-12-20,wk inc flu hosp,3,2026-01-17,17,quantile,0.45,576.161085857951
2025-12-20,wk inc flu hosp,3,2026-01-17,17,quantile,0.5,650.8834555861829
2025-12-20,wk inc flu hosp,3,2026-01-17,17,quantile,0.55,750.0105756588184
2025-12-20,wk inc flu hosp,3,2026-01-17,17,quantile,0.6,837.022191697059
2025-12-20,wk inc flu hosp,3,2026-01-17,17,quantile,0.65,1034.3069649222548
2025-12-20,wk inc flu hosp,3,2026-01-17,17,quantile,0.7,1243.7377590974509
2025-12-20,wk inc flu hosp,3,2026-01-17,17,quantile,0.75,1554.0450349242824
2025-12-20,wk inc flu hosp,3,2026-01-17,17,quantile,0.8,1908.3768802049367
2025-12-20,wk inc flu hosp,3,2026-01-17,17,quantile,0.85,2040.8217700593834
2025-12-20,wk inc flu hosp,3,2026-01-17,17,quantile,0.9,2281.1121558731065
2025-12-20,wk inc flu hosp,3,2026-01-17,17,quantile,0.95,3211.2682124354915
2025-12-20,wk inc flu hosp,3,2026-01-17,17,quantile,0.975,3626.9846623284025
2025-12-20,wk inc flu hosp,3,2026-01-17,17,quantile,0.99,3719.6251406676784
2025-12-20,wk inc flu hosp,3,2026-01-17,18,quantile,0.01,62.64320856953173
2025-12-20,wk inc flu hosp,3,2026-01-17,18,quantile,0.025,64.79374110809886
2025-12-20,wk inc flu hosp,3,2026-01-17,18,quantile,0.05,71.3494984261299
2025-12-20,wk inc flu hosp,3,2026-01-17,18,quantile,0.1,95.44685979636333
2025-12-20,wk inc flu hosp,3,2026-01-17,18,quantile,0.15,155.72742168386645
2025-12-20,wk inc flu hosp,3,2026-01-17,18,quantile,0.2,217.18415134814387
2025-12-20,wk inc flu hosp,3,2026-01-17,18,quantile,0.25,262.09319863328676
2025-12-20,wk inc flu hosp,3,2026-01-17,18,quantile,0.3,307.4138676912782
2025-12-20,wk inc flu hosp,3,2026-01-17,18,quantile,0.35,346.4075020566408
2025-12-20,wk inc flu hosp,3,2026-01-17,18,quantile,0.4,382.8045530159389
2025-12-20,wk inc flu hosp,3,2026-01-17,18,quantile,0.45,415.3775810111409
2025-12-20,wk inc flu hosp,3,2026-01-17,18,quantile,0.5,458.8817684677376
2025-12-20,wk inc flu hosp,3,2026-01-17,18,quantile,0.55,514.3648024001035
2025-12-20,wk inc flu hosp,3,2026-01-17,18,quantile,0.6,585.550651755824
2025-12-20,wk inc flu hosp,3,2026-01-17,18,quantile,0.65,650.0559554335998
2025-12-20,wk inc flu hosp,3,2026-01-17,18,quantile,0.7,723.942994526401
2025-12-20,wk inc flu hosp,3,2026-01-17,18,quantile,0.75,839.1203869270549
2025-12-20,wk inc flu hosp,3,2026-01-17,18,quantile,0.8,939.1823101135924
2025-12-20,wk inc flu hosp,3,2026-01-17,18,quantile,0.85,1123.6575558943096
2025-12-20,wk inc flu hosp,3,2026-01-17,18,quantile,0.9,1434.4762085292323
2025-12-20,wk inc flu hosp,3,2026-01-17,18,quantile,0.95,1588.2306125226692
2025-12-20,wk inc flu hosp,3,2026-01-17,18,quantile,0.975,1692.3399256207456
2025-12-20,wk inc flu hosp,3,2026-01-17,18,quantile,0.99,1734.4084618304478
2025-12-20,wk inc flu hosp,3,2026-01-17,19,quantile,0.01,10.124511668236035
2025-12-20,wk inc flu hosp,3,2026-01-17,19,quantile,0.025,16.640545026134472
2025-12-20,wk inc flu hosp,3,2026-01-17,19,quantile,0.05,23.699648314270217
2025-12-20,wk inc flu hosp,3,2026-01-17,19,quantile,0.1,37.666710957896086
2025-12-20,wk inc flu hosp,3,2026-01-17,19,quantile,0.15,47.947060609171
2025-12-20,wk inc flu hosp,3,2026-01-17,19,quantile,0.2,61.27981188054711
2025-12-20,wk inc flu hosp,3,2026-01-17,19,quantile,0.25,82.46061063860296
2025-12-20,wk inc flu hosp,3,2026-01-17,19,quantile,0.3,99.83580734551823
2025-12-20,wk inc flu hosp,3,2026-01-17,19,quantile,0.35,118.09065226125674
2025-12-20,wk inc flu hosp,3,2026-01-17,19,quantile,0.4,137.0464275332356
2025-12-20,wk inc flu hosp,3,2026-01-17,19,quantile,0.45,159.40149382964876
2025-12-20,wk inc flu hosp,3,2026-01-17,19,quantile,0.5,182.70446050723615
2025-12-20,wk inc flu hosp,3,2026-01-17,19,quantile,0.55,208.93488570385685
2025-12-20,wk inc flu hosp,3,2026-01-17,19,quantile,0.6,242.07066822656344
2025-12-20,wk inc flu hosp,3,2026-01-17,19,quantile,0.65,289.5450657952011
2025-12-20,wk inc flu hosp,3,2026-01-17,19,quantile,0.7,368.41335341417687
2025-12-20,wk inc flu hosp,3,2026-01-17,19,quantile,0.75,438.3253789155564
2025-12-20,wk inc flu hosp,3,2026-01-17,19,quantile,0.8,511.7260599630444
2025-12-20,wk inc flu hosp,3,2026-01-17,19,quantile,0.85,616.6025710945543
2025-12-20,wk inc flu hosp,3,2026-01-17,19,quantile,0.9,814.1390505610981
2025-12-20,wk inc flu hosp,3,2026-01-17,19,quantile,0.95,885.0773692734283
2025-12-20,wk inc flu hosp,3,2026-01-17,19,quantile,0.975,928.4501382291465
2025-12-20,wk inc flu hosp,3,2026-01-17,19,quantile,0.99,953.7664712874807
2025-12-20,wk inc flu hosp,3,2026-01-17,20,quantile,0.01,8.598702192813624
2025-12-20,wk inc flu hosp,3,2026-01-17,20,quantile,0.025,15.251464285890817
2025-12-20,wk inc flu hosp,3,2026-01-17,20,quantile,0.05,20.32386883717817
2025-12-20,wk inc flu hosp,3,2026-01-17,20,quantile,0.1,28.09475666502007
2025-12-20,wk inc flu hosp,3,2026-01-17,20,quantile,0.15,36.53240672644841
2025-12-20,wk inc flu hosp,3,2026-01-17,20,quantile,0.2,43.71048261652359
2025-12-20,wk inc flu hosp,3,2026-01-17,20,quantile,0.25,50.586035565914294
2025-12-20,wk inc flu hosp,3,2026-01-17,20,quantile,0.3,57.00493473764916
2025-12-20,wk inc flu hosp,3,2026-01-17,20,quantile,0.35,64.5186624502326
2025-12-20,wk inc flu hosp,3,2026-01-17,20,quantile,0.4,73.12312380987746
2025-12-20,wk inc flu hosp,3,2026-01-17,20,quantile,0.45,83.51015163255094
2025-12-20,wk inc flu hosp,3,2026-01-17,20,quantile,0.5,96.27338333558862
2025-12-20,wk inc flu hosp,3,2026-01-17,20,quantile,0.55,116.22836169743267
2025-12-20,wk inc flu hosp,3,2026-01-17,20,quantile,0.6,140.644426478763
2025-12-20,wk inc flu hosp,3,2026-01-17,20,quantile,0.65,179.91784181277794
2025-12-20,wk inc flu hosp,3,2026-01-17,20,quantile,0.7,207.04533320636017
2025-12-20,wk inc flu hosp,3,2026-01-17,20,quantile,0.75,226.01012270629587
2025-12-20,wk inc flu hosp,3,2026-01-17,20,quantile,0.8,277.0246061164268
2025-12-20,wk inc flu hosp,3,2026-01-17,20,quantile,0.85,358.24565948825347
2025-12-20,wk inc flu hosp,3,2026-01-17,20,quantile,0.9,449.3506104446118
2025-12-20,wk inc flu hosp,3,2026-01-17,20,quantile,0.95,488.12994013927937
2025-12-20,wk inc flu hosp,3,2026-01-17,20,quantile,0.975,507.6933714950948
2025-12-20,wk inc flu hosp,3,2026-01-17,20,quantile,0.99,528.0203237892431
2025-12-20,wk inc flu hosp,3,2026-01-17,21,quantile,0.01,17.2876583089642
2025-12-20,wk inc flu hosp,3,2026-01-17,21,quantile,0.025,40.56675366933048
2025-12-20,wk inc flu hosp,3,2026-01-17,21,quantile,0.05,49.54983678951833
2025-12-20,wk inc flu hosp,3,2026-01-17,21,quantile,0.1,67.70984678147664
2025-12-20,wk inc flu hosp,3,2026-01-17,21,quantile,0.15,103.87836861074754
2025-12-20,wk inc flu hosp,3,2026-01-17,21,quantile,0.2,153.78886651651638
2025-12-20,wk inc flu hosp,3,2026-01-17,21,quantile,0.25,188.42517185846538
2025-12-20,wk inc flu hosp,3,2026-01-17,21,quantile,0.3,218.4421424732617
2025-12-20,wk inc flu hosp,3,2026-01-17,21,quantile,0.35,246.51680184251916
2025-12-20,wk inc flu hosp,3,2026-01-17,21,quantile,0.4,274.04493898215094
2025-12-20,wk inc flu hosp,3,2026-01-17,21,quantile,0.45,305.61925802623136
2025-12-20,wk inc flu hosp,3,2026-01-17,21,quantile,0.5,339.989065782992
2025-12-20,wk inc flu hosp,3,2026-01-17,21,quantile,0.55,395.93856379588243
2025-12-20,wk inc flu hosp,3,2026-01-17,21,quantile,0.6,471.1144659917408
2025-12-20,wk inc flu hosp,3,2026-01-17,21,quantile,0.65,507.4748828031773
2025-12-20,wk inc flu hosp,3,2026-01-17,21,quantile,0.7,566.5623346006242
2025-12-20,wk inc flu hosp,3,2026-01-17,21,quantile,0.75,652.2041002947899
2025-12-20,wk inc flu hosp,3,2026-01-17,21,quantile,0.8,873.8918497188646
2025-12-20,wk inc flu hosp,3,2026-01-17,21,quantile,0.85,996.13061372343
2025-12-20,wk inc flu hosp,3,2026-01-17,21,quantile,0.9,1099.9784854958352
2025-12-20,wk inc flu hosp,3,2026-01-17,21,quantile,0.95,1248.917529718941
2025-12-20,wk inc flu hosp,3,2026-01-17,21,quantile,0.975,1272.0563948930978
2025-12-20,wk inc flu hosp,3,2026-01-17,21,quantile,0.99,1305.7920694455704
2025-12-20,wk inc flu hosp,3,2026-01-17,22,quantile,0.01,92.52345570297251
2025-12-20,wk inc flu hosp,3,2026-01-17,22,quantile,0.025,115.32098927992799
2025-12-20,wk inc flu hosp,3,2026-01-17,22,quantile,0.05,141.36197147263337
2025-12-20,wk inc flu hosp,3,2026-01-17,22,quantile,0.1,175.01729716526472
2025-12-20,wk inc flu hosp,3,2026-01-17,22,quantile,0.15,199.66065537594594
2025-12-20,wk inc flu hosp,3,2026-01-17,22,quantile,0.2,233.137941806157
2025-12-20,wk inc flu hosp,3,2026-01-17,22,quantile,0.25,261.61337526208837
2025-12-20,wk inc flu hosp,3,2026-01-17,22,quantile,0.3,289.26665151099564
2025-12-20,wk inc flu hosp,3,2026-01-17,22,quantile,0.35,324.9319603930227
2025-12-20,wk inc flu hosp,3,2026-01-17,22,quantile,0.4,360.31762886973274
2025-12-20,wk inc flu hosp,3,2026-01-17,22,quantile,0.45,406.7375149785707
2025-12-20,wk inc flu hosp,3,2026-01-17,22,quantile,0.5,472.8436110776028
2025-12-20,wk inc flu hosp,3,2026-01-17,22,quantile,0.55,565.0911370634127
2025-12-20,wk inc flu hosp,3,2026-01-17,22,quantile,0.6,703.370764949415
2025-12-20,wk inc flu hosp,3,2026-01-17,22,quantile,0.65,830.2332114503739
2025-12-20,wk inc flu hosp,3,2026-01-17,22,quantile,0.7,886.9710296004577
2025-12-20,wk inc flu hosp,3,2026-01-17,22,quantile,0.75,1012.0271236900966
2025-12-20,wk inc flu hosp,3,2026-01-17,22,quantile,0.8,1066.0916217742908
2025-12-20,wk inc flu hosp,3,2026-01-17,22,quantile,0.85,1114.3065538860033
2025-12-20,wk inc flu hosp,3,2026-01-17,22,quantile,0.9,1235.535163865139
2025-12-20,wk inc flu hosp,3,2026-01-17,22,quantile,0.95,1506.1385426205254
2025-12-20,wk inc flu hosp,3,2026-01-17,22,quantile,0.975,1780.437054206219
2025-12-20,wk inc flu hosp,3,2026-01-17,22,quantile,0.99,2083.826083336759
2025-12-20,wk inc flu hosp,3,2026-01-17,23,quantile,0.01,15.055883327195998
2025-12-20,wk inc flu hosp,3,2026-01-17,23,quantile,0.025,17.481031110949584
2025-12-20,wk inc flu hosp,3,2026-01-17,23,quantile,0.05,24.103439702471363
2025-12-20,wk inc flu hosp,3,2026-01-17,23,quantile,0.1,30.077567687752865
2025-12-20,wk inc flu hosp,3,2026-01-17,23,quantile,0.15,39.24503046045213
2025-12-20,wk inc flu hosp,3,2026-01-17,23,quantile,0.2,48.84652559836791
2025-12-20,wk inc flu hosp,3,2026-01-17,23,quantile,0.25,57.74372490322203
2025-12-20,wk inc flu hosp,3,2026-01-17,23,quantile,0.3,67.24118074381367
2025-12-20,wk inc flu hosp,3,2026-01-17,23,quantile,0.35,80.13514913468109
2025-12-20,wk inc flu hosp,3,2026-01-17,23,quantile,0.4,94.50439802968367
2025-12-20,wk inc flu hosp,3,2026-01-17,23,quantile,0.45,109.79613597005577
2025-12-20,wk inc flu hosp,3,2026-01-17,23,quantile,0.5,127.18324060323684
2025-12-20,wk inc flu hosp,3,2026-01-17,23,quantile,0.55,147.08673088131437
2025-12-20,wk inc flu hosp,3,2026-01-17,23,quantile,0.6,167.52088038335611
2025-12-20,wk inc flu hosp,3,2026-01-17,23,quantile,0.65,189.3596535286831
2025-12-20,wk inc flu hosp,3,2026-01-17,23,quantile,0.7,226.18250545817205
2025-12-20,wk inc flu hosp,3,2026-01-17,23,quantile,0.75,266.1951273472983
2025-12-20,wk inc flu hosp,3,2026-01-17,23,quantile,0.8,312.2679154680839
2025-12-20,wk inc flu hosp,3,2026-01-17,23,quantile,0.85,381.2820299825528
2025-12-20,wk inc flu hosp,3,2026-01-17,23,quantile,0.9,428.8727691041851
2025-12-20,wk inc flu hosp,3,2026-01-17,23,quantile,0.95,579.291601102644
2025-12-20,wk inc flu hosp,3,2026-01-17,23,quantile,0.975,636.8605748478994
2025-12-20,wk inc flu hosp,3,2026-01-17,23,quantile,0.99,652.9963613108187
2025-12-20,wk inc flu hosp,3,2026-01-17,24,quantile,0.01,48.002718876241225
2025-12-20,wk inc flu hosp,3,2026-01-17,24,quantile,0.025,55.17195118557671
2025-12-20,wk inc flu hosp,3,2026-01-17,24,quantile,0.05,98.85538002853723
2025-12-20,wk inc flu hosp,3,2026-01-17,24,quantile,0.1,164.79716708014826
2025-12-20,wk inc flu hosp,3,2026-01-17,24,quantile,0.15,212.10651132296198
2025-12-20,wk inc flu hosp,3,2026-01-17,24,quantile,0.2,263.2777149342152
2025-12-20,wk inc flu hosp,3,2026-01-17,24,quantile,0.25,312.3099728682344
2025-12-20,wk inc flu hosp,3,2026-01-17,24,quantile,0.3,363.19167615286926
2025-12-20,wk inc flu hosp,3,2026-01-17,24,quantile,0.35,414.7697995799469
2025-12-20,wk inc flu hosp,3,2026-01-17,24,quantile,0.4,470.4073728913779
2025-12-20,wk inc flu hosp,3,2026-01-17,24,quantile,0.45,535.401752959035
2025-12-20,wk inc flu hosp,3,2026-01-17,24,quantile,0.5,631.0534261022559
2025-12-20,wk inc flu hosp,3,2026-01-17,24,quantile,0.55,796.6767431361187
2025-12-20,wk inc flu hosp,3,2026-01-17,24,quantile,0.6,948.3161526137447
2025-12-20,wk inc flu hosp,3,2026-01-17,24,quantile,0.65,1261.9113077117279
2025-12-20,wk inc flu hosp,3,2026-01-17,24,quantile,0.7,1296.8305676251314
2025-12-20,wk inc flu hosp,3,2026-01-17,24,quantile,0.75,1359.4931085398614
2025-12-20,wk inc flu hosp,3,2026-01-17,24,quantile,0.8,1855.3432551127125
2025-12-20,wk inc flu hosp,3,2026-01-17,24,quantile,0.85,2018.3806126606562
2025-12-20,wk inc flu hosp,3,2026-01-17,24,quantile,0.9,2533.1714298408906
2025-12-20,wk inc flu hosp,3,2026-01-17,24,quantile,0.95,3022.707951093983
2025-12-20,wk inc flu hosp,3,2026-01-17,24,quantile,0.975,3385.4145498786047
2025-12-20,wk inc flu hosp,3,2026-01-17,24,quantile,0.99,3502.73308903961
2025-12-20,wk inc flu hosp,3,2026-01-17,25,quantile,0.01,109.38918585448407
2025-12-20,wk inc flu hosp,3,2026-01-17,25,quantile,0.025,129.42656325095865
2025-12-20,wk inc flu hosp,3,2026-01-17,25,quantile,0.05,141.9671513647506
2025-12-20,wk inc flu hosp,3,2026-01-17,25,quantile,0.1,190.7855293901841
2025-12-20,wk inc flu hosp,3,2026-01-17,25,quantile,0.15,243.23510762238018
2025-12-20,wk inc flu hosp,3,2026-01-17,25,quantile,0.2,288.992681732687
2025-12-20,wk inc flu hosp,3,2026-01-17,25,quantile,0.25,330.9965789454097
2025-12-20,wk inc flu hosp,3,2026-01-17,25,quantile,0.3,364.81654311177516
2025-12-20,wk inc flu hosp,3,2026-01-17,25,quantile,0.35,409.2619113419499
2025-12-20,wk inc flu hosp,3,2026-01-17,25,quantile,0.4,463.6684747995342
2025-12-20,wk inc flu hosp,3,2026-01-17,25,quantile,0.45,533.682087853838
2025-12-20,wk inc flu hosp,3,2026-01-17,25,quantile,0.5,637.4694845770383
2025-12-20,wk inc flu hosp,3,2026-01-17,25,quantile,0.55,768.8477223855502
2025-12-20,wk inc flu hosp,3,2026-01-17,25,quantile,0.6,983.1888071592167
2025-12-20,wk inc flu hosp,3,2026-01-17,25,quantile,0.65,1233.2200782510788
2025-12-20,wk inc flu hosp,3,2026-01-17,25,quantile,0.7,1793.7687979703817
2025-12-20,wk inc flu hosp,3,2026-01-17,25,quantile,0.75,2257.8431604353973
2025-12-20,wk inc flu hosp,3,2026-01-17,25,quantile,0.8,2719.928733863756
2025-12-20,wk inc flu hosp,3,2026-01-17,25,quantile,0.85,3018.2056522255366
2025-12-20,wk inc flu hosp,3,2026-01-17,25,quantile,0.9,3067.563225772308
2025-12-20,wk inc flu hosp,3,2026-01-17,25,quantile,0.95,3510.2940295860167
2025-12-20,wk inc flu hosp,3,2026-01-17,25,quantile,0.975,3515.564598976829
2025-12-20,wk inc flu hosp,3,2026-01-17,25,quantile,0.99,3517.8772905962246
2025-12-20,wk inc flu hosp,3,2026-01-17,26,quantile,0.01,59.89340408469836
2025-12-20,wk inc flu hosp,3,2026-01-17,26,quantile,0.025,91.6678883096041
2025-12-20,wk inc flu hosp,3,2026-01-17,26,quantile,0.05,115.28663012820644
2025-12-20,wk inc flu hosp,3,2026-01-17,26,quantile,0.1,192.38843782190094
2025-12-20,wk inc flu hosp,3,2026-01-17,26,quantile,0.15,264.67605696016625
2025-12-20,wk inc flu hosp,3,2026-01-17,26,quantile,0.2,351.9099986209537
2025-12-20,wk inc flu hosp,3,2026-01-17,26,quantile,0.25,425.6084471519495
2025-12-20,wk inc flu hosp,3,2026-01-17,26,quantile,0.3,478.9505636677546
2025-12-20,wk inc flu hosp,3,2026-01-17,26,quantile,0.35,552.9503237758307
2025-12-20,wk inc flu hosp,3,2026-01-17,26,quantile,0.4,632.5792920900393
2025-12-20,wk inc flu hosp,3,2026-01-17,26,quantile,0.45,694.272341886836
2025-12-20,wk inc flu hosp,3,2026-01-17,26,quantile,0.5,775.3229006978279
2025-12-20,wk inc flu hosp,3,2026-01-17,26,quantile,0.55,882.4093054780687
2025-12-20,wk inc flu hosp,3,2026-01-17,26,quantile,0.6,1092.8780660112957
2025-12-20,wk inc flu hosp,3,2026-01-17,26,quantile,0.65,1287.057509431285
2025-12-20,wk inc flu hosp,3,2026-01-17,26,quantile,0.7,1410.3526248554965
2025-12-20,wk inc flu hosp,3,2026-01-17,26,quantile,0.75,1547.0480969574608
2025-12-20,wk inc flu hosp,3,2026-01-17,26,quantile,0.8,1771.379923999898
2025-12-20,wk inc flu hosp,3,2026-01-17,26,quantile,0.85,2024.183003319458
2025-12-20,wk inc flu hosp,3,2026-01-17,26,quantile,0.9,2248.0262981129836
2025-12-20,wk inc flu hosp,3,2026-01-17,26,quantile,0.95,3167.0712814708536
2025-12-20,wk inc flu hosp,3,2026-01-17,26,quantile,0.975,3885.6434413244715
2025-12-20,wk inc flu hosp,3,2026-01-17,26,quantile,0.99,3990.776264485988
2025-12-20,wk inc flu hosp,3,2026-01-17,27,quantile,0.01,18.287630722600333
2025-12-20,wk inc flu hosp,3,2026-01-17,27,quantile,0.025,38.29441609589298
2025-12-20,wk inc flu hosp,3,2026-01-17,27,quantile,0.05,105.16643146207616
2025-12-20,wk inc flu hosp,3,2026-01-17,27,quantile,0.1,147.3735865806042
2025-12-20,wk inc flu hosp,3,2026-01-17,27,quantile,0.15,180.34191226855356
2025-12-20,wk inc flu hosp,3,2026-01-17,27,quantile,0.2,228.872438765038
2025-12-20,wk inc flu hosp,3,2026-01-17,27,quantile,0.25,263.00577371842667
2025-12-20,wk inc flu hosp,3,2026-01-17,27,quantile,0.3,311.66637418161463
2025-12-20,wk inc flu hosp,3,2026-01-17,27,quantile,0.35,367.22670013555097
2025-12-20,wk inc flu hosp,3,2026-01-17,27,quantile,0.4,420.8507318843009
2025-12-20,wk inc flu hosp,3,2026-01-17,27,quantile,0.45,470.8759029541352
2025-12-20,wk inc flu hosp,3,2026-01-17,27,quantile,0.5,512.1631657650372
2025-12-20,wk inc flu hosp,3,2026-01-17,27,quantile,0.55,576.6114592246189
2025-12-20,wk inc flu hosp,3,2026-01-17,27,quantile,0.6,662.0514650055774
2025-12-20,wk inc flu hosp,3,2026-01-17,27,quantile,0.65,792.4180513394836
2025-12-20,wk inc flu hosp,3,2026-01-17,27,quantile,0.7,937.0703616170639
2025-12-20,wk inc flu hosp,3,2026-01-17,27,quantile,0.75,1250.2256279366582
2025-12-20,wk inc flu hosp,3,2026-01-17,27,quantile,0.8,1557.3747910985062
2025-12-20,wk inc flu hosp,3,2026-01-17,27,quantile,0.85,2059.880142184341
2025-12-20,wk inc flu hosp,3,2026-01-17,27,quantile,0.9,2408.160003337571
2025-12-20,wk inc flu hosp,3,2026-01-17,27,quantile,0.95,2581.703332256168
2025-12-20,wk inc flu hosp,3,2026-01-17,27,quantile,0.975,2724.844037669481
2025-12-20,wk inc flu hosp,3,2026-01-17,27,quantile,0.99,2804.263415246421
2025-12-20,wk inc flu hosp,3,2026-01-17,28,quantile,0.01,29.954367060758376
2025-12-20,wk inc flu hosp,3,2026-01-17,28,quantile,0.025,40.350692957835
2025-12-20,wk inc flu hosp,3,2026-01-17,28,quantile,0.05,49.71719577525144
2025-12-20,wk inc flu hosp,3,2026-01-17,28,quantile,0.1,63.565971494991544
2025-12-20,wk inc flu hosp,3,2026-01-17,28,quantile,0.15,74.2749628070295
2025-12-20,wk inc flu hosp,3,2026-01-17,28,quantile,0.2,86.28033622159509
2025-12-20,wk inc flu hosp,3,2026-01-17,28,quantile,0.25,97.64540800697303
2025-12-20,wk inc flu hosp,3,2026-01-17,28,quantile,0.3,110.0611744905749
2025-12-20,wk inc flu hosp,3,2026-01-17,28,quantile,0.35,124.23748756860789
2025-12-20,wk inc flu hosp,3,2026-01-17,28,quantile,0.4,137.92641826114405
2025-12-20,wk inc flu hosp,3,2026-01-17,28,quantile,0.45,154.81179340815072
2025-12-20,wk inc flu hosp,3,2026-01-17,28,quantile,0.5,172.46013746963862
2025-12-20,wk inc flu hosp,3,2026-01-17,28,quantile,0.55,190.83245478116595
2025-12-20,wk inc flu hosp,3,2026-01-17,28,quantile,0.6,207.13038524198527
2025-12-20,wk inc flu hosp,3,2026-01-17,28,quantile,0.65,219.66843940864717
2025-12-20,wk inc flu hosp,3,2026-01-17,28,quantile,0.7,237.8028280366308
2025-12-20,wk inc flu hosp,3,2026-01-17,28,quantile,0.75,264.885360211653
2025-12-20,wk inc flu hosp,3,2026-01-17,28,quantile,0.8,305.45470478297034
2025-12-20,wk inc flu hosp,3,2026-01-17,28,quantile,0.85,378.9887169636844
2025-12-20,wk inc flu hosp,3,2026-01-17,28,quantile,0.9,447.9212347589748
2025-12-20,wk inc flu hosp,3,2026-01-17,28,quantile,0.95,519.232363829336
2025-12-20,wk inc flu hosp,3,2026-01-17,28,quantile,0.975,590.9541195828366
2025-12-20,wk inc flu hosp,3,2026-01-17,28,quantile,0.99,606.6029323860896
2025-12-20,wk inc flu hosp,3,2026-01-17,29,quantile,0.01,23.374972277232075
2025-12-20,wk inc flu hosp,3,2026-01-17,29,quantile,0.025,35.533969590059776
2025-12-20,wk inc flu hosp,3,2026-01-17,29,quantile,0.05,56.71329817557259
2025-12-20,wk inc flu hosp,3,2026-01-17,29,quantile,0.1,108.42706570032314
2025-12-20,wk inc flu hosp,3,2026-01-17,29,quantile,0.15,137.48251999843293
2025-12-20,wk inc flu hosp,3,2026-01-17,29,quantile,0.2,181.97522573710302
2025-12-20,wk inc flu hosp,3,2026-01-17,29,quantile,0.25,217.73660984133969
2025-12-20,wk inc flu hosp,3,2026-01-17,29,quantile,0.3,246.21159169511924
2025-12-20,wk inc flu hosp,3,2026-01-17,29,quantile,0.35,268.9737502564327
2025-12-20,wk inc flu hosp,3,2026-01-17,29,quantile,0.4,300.5236370011517
2025-12-20,wk inc flu hosp,3,2026-01-17,29,quantile,0.45,338.9475254897458
2025-12-20,wk inc flu hosp,3,2026-01-17,29,quantile,0.5,365.3092380391521
2025-12-20,wk inc flu hosp,3,2026-01-17,29,quantile,0.55,398.8109074123455
2025-12-20,wk inc flu hosp,3,2026-01-17,29,quantile,0.6,444.6104740664693
2025-12-20,wk inc flu hosp,3,2026-01-17,29,quantile,0.65,501.63753076653194
2025-12-20,wk inc flu hosp,3,2026-01-17,29,quantile,0.7,546.1818229441072
2025-12-20,wk inc flu hosp,3,2026-01-17,29,quantile,0.75,590.8968588733442
2025-12-20,wk inc flu hosp,3,2026-01-17,29,quantile,0.8,651.4235081774427
2025-12-20,wk inc flu hosp,3,2026-01-17,29,quantile,0.85,762.7487749297243
2025-12-20,wk inc flu hosp,3,2026-01-17,29,quantile,0.9,881.4447496994842
2025-12-20,wk inc flu hosp,3,2026-01-17,29,quantile,0.95,1191.1518387923265
2025-12-20,wk inc flu hosp,3,2026-01-17,29,quantile,0.975,1217.1107404979525
2025-12-20,wk inc flu hosp,3,2026-01-17,29,quantile,0.99,1218.9473032883534
2025-12-20,wk inc flu hosp,3,2026-01-17,30,quantile,0.01,3.7149613592225084
2025-12-20,wk inc flu hosp,3,2026-01-17,30,quantile,0.025,4.690746199689266
2025-12-20,wk inc flu hosp,3,2026-01-17,30,quantile,0.05,5.735651080490309
2025-12-20,wk inc flu hosp,3,2026-01-17,30,quantile,0.1,9.76665867350896
2025-12-20,wk inc flu hosp,3,2026-01-17,30,quantile,0.15,13.887044586034753
2025-12-20,wk inc flu hosp,3,2026-01-17,30,quantile,0.2,19.69462486248469
2025-12-20,wk inc flu hosp,3,2026-01-17,30,quantile,0.25,24.394121588244584
2025-12-20,wk inc flu hosp,3,2026-01-17,30,quantile,0.3,30.61566352471787
2025-12-20,wk inc flu hosp,3,2026-01-17,30,quantile,0.35,36.91207654288632
2025-12-20,wk inc flu hosp,3,2026-01-17,30,quantile,0.4,42.09477021757465
2025-12-20,wk inc flu hosp,3,2026-01-17,30,quantile,0.45,46.10468646091247
2025-12-20,wk inc flu hosp,3,2026-01-17,30,quantile,0.5,50.194968109527586
2025-12-20,wk inc flu hosp,3,2026-01-17,30,quantile,0.55,56.09354229897344
2025-12-20,wk inc flu hosp,3,2026-01-17,30,quantile,0.6,62.04446427160875
2025-12-20,wk inc flu hosp,3,2026-01-17,30,quantile,0.65,67.92896204993448
2025-12-20,wk inc flu hosp,3,2026-01-17,30,quantile,0.7,74.79383632150768
2025-12-20,wk inc flu hosp,3,2026-01-17,30,quantile,0.75,81.32484557220094
2025-12-20,wk inc flu hosp,3,2026-01-17,30,quantile,0.8,91.6780916129519
2025-12-20,wk inc flu hosp,3,2026-01-17,30,quantile,0.85,104.16377716795759
2025-12-20,wk inc flu hosp,3,2026-01-17,30,quantile,0.9,119.53629489942466
2025-12-20,wk inc flu hosp,3,2026-01-17,30,quantile,0.95,145.2450674407062
2025-12-20,wk inc flu hosp,3,2026-01-17,30,quantile,0.975,150.84515964510135
2025-12-20,wk inc flu hosp,3,2026-01-17,30,quantile,0.99,206.75280505848562
2025-12-20,wk inc flu hosp,3,2026-01-17,31,quantile,0.01,3.12924033965446
2025-12-20,wk inc flu hosp,3,2026-01-17,31,quantile,0.025,4.6489757974921275
2025-12-20,wk inc flu hosp,3,2026-01-17,31,quantile,0.05,8.078963450435165
2025-12-20,wk inc flu hosp,3,2026-01-17,31,quantile,0.1,14.494613381570723
2025-12-20,wk inc flu hosp,3,2026-01-17,31,quantile,0.15,20.630087185963266
2025-12-20,wk inc flu hosp,3,2026-01-17,31,quantile,0.2,25.700027886040324
2025-12-20,wk inc flu hosp,3,2026-01-17,31,quantile,0.25,33.076541686743255
2025-12-20,wk inc flu hosp,3,2026-01-17,31,quantile,0.3,41.43017232413566
2025-12-20,wk inc flu hosp,3,2026-01-17,31,quantile,0.35,50.8669997528951
2025-12-20,wk inc flu hosp,3,2026-01-17,31,quantile,0.4,60.11732870434459
2025-12-20,wk inc flu hosp,3,2026-01-17,31,quantile,0.45,70.19697465931935
2025-12-20,wk inc flu hosp,3,2026-01-17,31,quantile,0.5,80.48784043020748
2025-12-20,wk inc flu hosp,3,2026-01-17,31,quantile,0.55,95.54437846635103
2025-12-20,wk inc flu hosp,3,2026-01-17,31,quantile,0.6,127.63212852294278
2025-12-20,wk inc flu hosp,3,2026-01-17,31,quantile,0.65,181.90047345836243
2025-12-20,wk inc flu hosp,3,2026-01-17,31,quantile,0.7,249.11992520721975
2025-12-20,wk inc flu hosp,3,2026-01-17,31,quantile,0.75,275.26307300639496
2025-12-20,wk inc flu hosp,3,2026-01-17,31,quantile,0.8,322.80993820847766
2025-12-20,wk inc flu hosp,3,2026-01-17,31,quantile,0.85,348.4260951112795
2025-12-20,wk inc flu hosp,3,2026-01-17,31,quantile,0.9,396.0768678220138
2025-12-20,wk inc flu hosp,3,2026-01-17,31,quantile,0.95,468.0929521004812
2025-12-20,wk inc flu hosp,3,2026-01-17,31,quantile,0.975,498.7151373283003
2025-12-20,wk inc flu hosp,3,2026-01-17,31,quantile,0.99,508.3859056327807
2025-12-20,wk inc flu hosp,3,2026-01-17,32,quantile,0.01,21.231867648696927
2025-12-20,wk inc flu hosp,3,2026-01-17,32,quantile,0.025,34.190152437635156
2025-12-20,wk inc flu hosp,3,2026-01-17,32,quantile,0.05,43.11889551177158
2025-12-20,wk inc flu hosp,3,2026-01-17,32,quantile,0.1,52.64423036262326
2025-12-20,wk inc flu hosp,3,2026-01-17,32,quantile,0.15,60.76117404151366
2025-12-20,wk inc flu hosp,3,2026-01-17,32,quantile,0.2,67.96391949300433
2025-12-20,wk inc flu hosp,3,2026-01-17,32,quantile,0.25,75.79414680229078
2025-12-20,wk inc flu hosp,3,2026-01-17,32,quantile,0.3,84.21681686686688
2025-12-20,wk inc flu hosp,3,2026-01-17,32,quantile,0.35,92.40593667230772
2025-12-20,wk inc flu hosp,3,2026-01-17,32,quantile,0.4,99.35616191240695
2025-12-20,wk inc flu hosp,3,2026-01-17,32,quantile,0.45,109.83058603260864
2025-12-20,wk inc flu hosp,3,2026-01-17,32,quantile,0.5,122.34414511755654
2025-12-20,wk inc flu hosp,3,2026-01-17,32,quantile,0.55,134.2292356679475
2025-12-20,wk inc flu hosp,3,2026-01-17,32,quantile,0.6,153.71146765240715
2025-12-20,wk inc flu hosp,3,2026-01-17,32,quantile,0.65,179.10209844253984
2025-12-20,wk inc flu hosp,3,2026-01-17,32,quantile,0.7,198.33396161082524
2025-12-20,wk inc flu hosp,3,2026-01-17,32,quantile,0.75,223.29024864711045
2025-12-20,wk inc flu hosp,3,2026-01-17,32,quantile,0.8,265.51957782833387
2025-12-20,wk inc flu hosp,3,2026-01-17,32,quantile,0.85,301.1369552029125
2025-12-20,wk inc flu hosp,3,2026-01-17,32,quantile,0.9,334.6054310501507
2025-12-20,wk inc flu hosp,3,2026-01-17,32,quantile,0.95,440.52163043102456
2025-12-20,wk inc flu hosp,3,2026-01-17,32,quantile,0.975,475.59985750787575
2025-12-20,wk inc flu hosp,3,2026-01-17,32,quantile,0.99,480.9423039329861
2025-12-20,wk inc flu hosp,3,2026-01-17,33,quantile,0.01,3.3524690344206425
2025-12-20,wk inc flu hosp,3,2026-01-17,33,quantile,0.025,6.219324467951507
2025-12-20,wk inc flu hosp,3,2026-01-17,33,quantile,0.05,13.514792541051316
2025-12-20,wk inc flu hosp,3,2026-01-17,33,quantile,0.1,26.409603073502193
2025-12-20,wk inc flu hosp,3,2026-01-17,33,quantile,0.15,35.58493637324906
2025-12-20,wk inc flu hosp,3,2026-01-17,33,quantile,0.2,42.88649718982026
2025-12-20,wk inc flu hosp,3,2026-01-17,33,quantile,0.25,49.81623424064735
2025-12-20,wk inc flu hosp,3,2026-01-17,33,quantile,0.3,56.925742756559615
2025-12-20,wk inc flu hosp,3,2026-01-17,33,quantile,0.35,64.32500186450362
2025-12-20,wk inc flu hosp,3,2026-01-17,33,quantile,0.4,72.84678388745992
2025-12-20,wk inc flu hosp,3,2026-01-17,33,quantile,0.45,82.70537122525585
2025-12-20,wk inc flu hosp,3,2026-01-17,33,quantile,0.5,99.64951671960738
2025-12-20,wk inc flu hosp,3,2026-01-17,33,quantile,0.55,137.71609161774515
2025-12-20,wk inc flu hosp,3,2026-01-17,33,quantile,0.6,178.17245808652632
2025-12-20,wk inc flu hosp,3,2026-01-17,33,quantile,0.65,241.11770105993406
2025-12-20,wk inc flu hosp,3,2026-01-17,33,quantile,0.7,269.4094109981099
2025-12-20,wk inc flu hosp,3,2026-01-17,33,quantile,0.75,306.07316929579656
2025-12-20,wk inc flu hosp,3,2026-01-17,33,quantile,0.8,366.3286200337132
2025-12-20,wk inc flu hosp,3,2026-01-17,33,quantile,0.85,423.2973962448343
2025-12-20,wk inc flu hosp,3,2026-01-17,33,quantile,0.9,507.43899381929293
2025-12-20,wk inc flu hosp,3,2026-01-17,33,quantile,0.95,521.4370169311699
2025-12-20,wk inc flu hosp,3,2026-01-17,33,quantile,0.975,539.1593265470297
2025-12-20,wk inc flu hosp,3,2026-01-17,33,quantile,0.99,568.4860605190839
2025-12-20,wk inc flu hosp,3,2026-01-17,34,quantile,0.01,91.29942703673133
2025-12-20,wk inc flu hosp,3,2026-01-17,34,quantile,0.025,159.00719494583424
2025-12-20,wk inc flu hosp,3,2026-01-17,34,quantile,0.05,292.70795194296375
2025-12-20,wk inc flu hosp,3,2026-01-17,34,quantile,0.1,385.77369266514864
2025-12-20,wk inc flu hosp,3,2026-01-17,34,quantile,0.15,509.9265039711571
2025-12-20,wk inc flu hosp,3,2026-01-17,34,quantile,0.2,642.7457201887566
2025-12-20,wk inc flu hosp,3,2026-01-17,34,quantile,0.25,789.4514688404414
2025-12-20,wk inc flu hosp,3,2026-01-17,34,quantile,0.3,959.4057025061401
2025-12-20,wk inc flu hosp,3,2026-01-17,34,quantile,0.35,1121.348992641608
2025-12-20,wk inc flu hosp,3,2026-01-17,34,quantile,0.4,1292.1432216990113
2025-12-20,wk inc flu hosp,3,2026-01-17,34,quantile,0.45,1490.1646859976615
2025-12-20,wk inc flu hosp,3,2026-01-17,34,quantile,0.5,1758.6768410932912
2025-12-20,wk inc flu hosp,3,2026-01-17,34,quantile,0.55,2112.591128560224
2025-12-20,wk inc flu hosp,3,2026-01-17,34,quantile,0.6,2593.2389678863688
2025-12-20,wk inc flu hosp,3,2026-01-17,34,quantile,0.65,3258.286104957906
2025-12-20,wk inc flu hosp,3,2026-01-17,34,quantile,0.7,4642.546446025638
2025-12-20,wk inc flu hosp,3,2026-01-17,34,quantile,0.75,6126.250531202916
2025-12-20,wk inc flu hosp,3,2026-01-17,34,quantile,0.8,6611.755861072392
2025-12-20,wk inc flu hosp,3,2026-01-17,34,quantile,0.85,6697.18298928498
2025-12-20,wk inc flu hosp,3,2026-01-17,34,quantile,0.9,6700.583707919105
2025-12-20,wk inc flu hosp,3,2026-01-17,34,quantile,0.95,7037.342200243898
2025-12-20,wk inc flu hosp,3,2026-01-17,34,quantile,0.975,7220.448231864464
2025-12-20,wk inc flu hosp,3,2026-01-17,34,quantile,0.99,7225.112848728027
2025-12-20,wk inc flu hosp,3,2026-01-17,35,quantile,0.01,39.282638095195054
2025-12-20,wk inc flu hosp,3,2026-01-17,35,quantile,0.025,52.3144693702685
2025-12-20,wk inc flu hosp,3,2026-01-17,35,quantile,0.05,58.21074577898698
2025-12-20,wk inc flu hosp,3,2026-01-17,35,quantile,0.1,73.50828535407743
2025-12-20,wk inc flu hosp,3,2026-01-17,35,quantile,0.15,85.7390123614129
2025-12-20,wk inc flu hosp,3,2026-01-17,35,quantile,0.2,95.91761310954544
2025-12-20,wk inc flu hosp,3,2026-01-17,35,quantile,0.25,106.14596898531913
2025-12-20,wk inc flu hosp,3,2026-01-17,35,quantile,0.3,115.21090317866165
2025-12-20,wk inc flu hosp,3,2026-01-17,35,quantile,0.35,126.0240783143868
2025-12-20,wk inc flu hosp,3,2026-01-17,35,quantile,0.4,139.87268336660122
2025-12-20,wk inc flu hosp,3,2026-01-17,35,quantile,0.45,158.73480358109148
2025-12-20,wk inc flu hosp,3,2026-01-17,35,quantile,0.5,187.83947528588743
2025-12-20,wk inc flu hosp,3,2026-01-17,35,quantile,0.55,214.34166587085966
2025-12-20,wk inc flu hosp,3,2026-01-17,35,quantile,0.6,253.64530939097747
2025-12-20,wk inc flu hosp,3,2026-01-17,35,quantile,0.65,311.96358237856015
2025-12-20,wk inc flu hosp,3,2026-01-17,35,quantile,0.7,395.6832994129603
2025-12-20,wk inc flu hosp,3,2026-01-17,35,quantile,0.75,439.0043916702857
2025-12-20,wk inc flu hosp,3,2026-01-17,35,quantile,0.8,471.9171563402933
2025-12-20,wk inc flu hosp,3,2026-01-17,35,quantile,0.85,499.86368702071684
2025-12-20,wk inc flu hosp,3,2026-01-17,35,quantile,0.9,574.0942433137699
2025-12-20,wk inc flu hosp,3,2026-01-17,35,quantile,0.95,1048.013444828426
2025-12-20,wk inc flu hosp,3,2026-01-17,35,quantile,0.975,1102.6649716766763
2025-12-20,wk inc flu hosp,3,2026-01-17,35,quantile,0.99,1108.7638504998156
2025-12-20,wk inc flu hosp,3,2026-01-17,36,quantile,0.01,191.07431810232626
2025-12-20,wk inc flu hosp,3,2026-01-17,36,quantile,0.025,545.5004335560113
2025-12-20,wk inc flu hosp,3,2026-01-17,36,quantile,0.05,788.1745801926126
2025-12-20,wk inc flu hosp,3,2026-01-17,36,quantile,0.1,1054.2508312188852
2025-12-20,wk inc flu hosp,3,2026-01-17,36,quantile,0.15,1210.0895071514094
2025-12-20,wk inc flu hosp,3,2026-01-17,36,quantile,0.2,1318.1192920838944
2025-12-20,wk inc flu hosp,3,2026-01-17,36,quantile,0.25,1447.7186833994426
2025-12-20,wk inc flu hosp,3,2026-01-17,36,quantile,0.3,1595.39112495686
2025-12-20,wk inc flu hosp,3,2026-01-17,36,quantile,0.35,1762.0367094033072
2025-12-20,wk inc flu hosp,3,2026-01-17,36,quantile,0.4,1960.0254956192034
2025-12-20,wk inc flu hosp,3,2026-01-17,36,quantile,0.45,2205.375259047257
2025-12-20,wk inc flu hosp,3,2026-01-17,36,quantile,0.5,2570.4903122283695
2025-12-20,wk inc flu hosp,3,2026-01-17,36,quantile,0.55,3025.552818390992
2025-12-20,wk inc flu hosp,3,2026-01-17,36,quantile,0.6,3644.883276532196
2025-12-20,wk inc flu hosp,3,2026-01-17,36,quantile,0.65,4613.56388256692
2025-12-20,wk inc flu hosp,3,2026-01-17,36,quantile,0.7,6565.880644005958
2025-12-20,wk inc flu hosp,3,2026-01-17,36,quantile,0.75,7878.807757802364
2025-12-20,wk inc flu hosp,3,2026-01-17,36,quantile,0.8,9525.16931323873
2025-12-20,wk inc flu hosp,3,2026-01-17,36,quantile,0.85,11760.608033832363
2025-12-20,wk inc flu hosp,3,2026-01-17,36,quantile,0.9,12234.479409654585
2025-12-20,wk inc flu hosp,3,2026-01-17,36,quantile,0.95,13704.374864238795
2025-12-20,wk inc flu hosp,3,2026-01-17,36,quantile,0.975,13834.676450479557
2025-12-20,wk inc flu hosp,3,2026-01-17,36,quantile,0.99,13871.39799128161
2025-12-20,wk inc flu hosp,3,2026-01-17,37,quantile,0.01,35.88826820833
2025-12-20,wk inc flu hosp,3,2026-01-17,37,quantile,0.025,143.73823621849385
2025-12-20,wk inc flu hosp,3,2026-01-17,37,quantile,0.05,216.39073882686378
2025-12-20,wk inc flu hosp,3,2026-01-17,37,quantile,0.1,314.3154501756693
2025-12-20,wk inc flu hosp,3,2026-01-17,37,quantile,0.15,405.5060026843318
2025-12-20,wk inc flu hosp,3,2026-01-17,37,quantile,0.2,543.2825583698803
2025-12-20,wk inc flu hosp,3,2026-01-17,37,quantile,0.25,655.702607442161
2025-12-20,wk inc flu hosp,3,2026-01-17,37,quantile,0.3,769.9725003268044
2025-12-20,wk inc flu hosp,3,2026-01-17,37,quantile,0.35,886.0589131368276
2025-12-20,wk inc flu hosp,3,2026-01-17,37,quantile,0.4,1023.2749571084121
2025-12-20,wk inc flu hosp,3,2026-01-17,37,quantile,0.45,1197.4246525854196
2025-12-20,wk inc flu hosp,3,2026-01-17,37,quantile,0.5,1438.65451357552
2025-12-20,wk inc flu hosp,3,2026-01-17,37,quantile,0.55,1756.5176037984245
2025-12-20,wk inc flu hosp,3,2026-01-17,37,quantile,0.6,2101.556326049146
2025-12-20,wk inc flu hosp,3,2026-01-17,37,quantile,0.65,2494.3785295438
2025-12-20,wk inc flu hosp,3,2026-01-17,37,quantile,0.7,3203.0293509956145
2025-12-20,wk inc flu hosp,3,2026-01-17,37,quantile,0.75,3859.8561312470624
2025-12-20,wk inc flu hosp,3,2026-01-17,37,quantile,0.8,4319.071858524892
2025-12-20,wk inc flu hosp,3,2026-01-17,37,quantile,0.85,4616.53513220685
2025-12-20,wk inc flu hosp,3,2026-01-17,37,quantile,0.9,5437.72876035236
2025-12-20,wk inc flu hosp,3,2026-01-17,37,quantile,0.95,6210.785821481087
2025-12-20,wk inc flu hosp,3,2026-01-17,37,quantile,0.975,6413.1474974659495
2025-12-20,wk inc flu hosp,3,2026-01-17,37,quantile,0.99,6517.506051438949
2025-12-20,wk inc flu hosp,3,2026-01-17,38,quantile,0.01,3.635478727393744
2025-12-20,wk inc flu hosp,3,2026-01-17,38,quantile,0.025,5.929617204563929
2025-12-20,wk inc flu hosp,3,2026-01-17,38,quantile,0.05,12.329867353719958
2025-12-20,wk inc flu hosp,3,2026-01-17,38,quantile,0.1,17.46499357206723
2025-12-20,wk inc flu hosp,3,2026-01-17,38,quantile,0.15,23.727283390748198
2025-12-20,wk inc flu hosp,3,2026-01-17,38,quantile,0.2,30.572101968233607
2025-12-20,wk inc flu hosp,3,2026-01-17,38,quantile,0.25,40.068463271987596
2025-12-20,wk inc flu hosp,3,2026-01-17,38,quantile,0.3,48.7475881399382
2025-12-20,wk inc flu hosp,3,2026-01-17,38,quantile,0.35,57.51986045726993
2025-12-20,wk inc flu hosp,3,2026-01-17,38,quantile,0.4,66.66349983266942
2025-12-20,wk inc flu hosp,3,2026-01-17,38,quantile,0.45,76.40898121035556
2025-12-20,wk inc flu hosp,3,2026-01-17,38,quantile,0.5,84.5144216022483
2025-12-20,wk inc flu hosp,3,2026-01-17,38,quantile,0.55,94.46692638057573
2025-12-20,wk inc flu hosp,3,2026-01-17,38,quantile,0.6,109.73691359544449
2025-12-20,wk inc flu hosp,3,2026-01-17,38,quantile,0.65,131.8275447084098
2025-12-20,wk inc flu hosp,3,2026-01-17,38,quantile,0.7,166.00196979201542
2025-12-20,wk inc flu hosp,3,2026-01-17,38,quantile,0.75,191.17592334904523
2025-12-20,wk inc flu hosp,3,2026-01-17,38,quantile,0.8,220.79210294591013
2025-12-20,wk inc flu hosp,3,2026-01-17,38,quantile,0.85,248.96578487289926
2025-12-20,wk inc flu hosp,3,2026-01-17,38,quantile,0.9,267.8342691001992
2025-12-20,wk inc flu hosp,3,2026-01-17,38,quantile,0.95,274.8122547026875
2025-12-20,wk inc flu hosp,3,2026-01-17,38,quantile,0.975,345.5254773586626
2025-12-20,wk inc flu hosp,3,2026-01-17,38,quantile,0.99,380.3292733626382
2025-12-20,wk inc flu hosp,3,2026-01-17,39,quantile,0.01,77.6329964488689
2025-12-20,wk inc flu hosp,3,2026-01-17,39,quantile,0.025,159.82425462105076
2025-12-20,wk inc flu hosp,3,2026-01-17,39,quantile,0.05,231.45314066453108
2025-12-20,wk inc flu hosp,3,2026-01-17,39,quantile,0.1,310.817325437079
2025-12-20,wk inc flu hosp,3,2026-01-17,39,quantile,0.15,394.5195502295893
2025-12-20,wk inc flu hosp,3,2026-01-17,39,quantile,0.2,752.3116029986081
2025-12-20,wk inc flu hosp,3,2026-01-17,39,quantile,0.25,1111.2759794346002
2025-12-20,wk inc flu hosp,3,2026-01-17,39,quantile,0.3,1374.280203591962
2025-12-20,wk inc flu hosp,3,2026-01-17,39,quantile,0.35,1608.7549281160004
2025-12-20,wk inc flu hosp,3,2026-01-17,39,quantile,0.4,1821.2157735985443
2025-12-20,wk inc flu hosp,3,2026-01-17,39,quantile,0.45,2072.1630560495432
2025-12-20,wk inc flu hosp,3,2026-01-17,39,quantile,0.5,2340.648550158404
2025-12-20,wk inc flu hosp,3,2026-01-17,39,quantile,0.55,2681.725320846577
2025-12-20,wk inc flu hosp,3,2026-01-17,39,quantile,0.6,3140.7383156960227
2025-12-20,wk inc flu hosp,3,2026-01-17,39,quantile,0.65,3655.069680573162
2025-12-20,wk inc flu hosp,3,2026-01-17,39,quantile,0.7,4275.941050089181
2025-12-20,wk inc flu hosp,3,2026-01-17,39,quantile,0.75,5671.927653449102
2025-12-20,wk inc flu hosp,3,2026-01-17,39,quantile,0.8,5715.580059451366
2025-12-20,wk inc flu hosp,3,2026-01-17,39,quantile,0.85,6837.606168854866
2025-12-20,wk inc flu hosp,3,2026-01-17,39,quantile,0.9,7286.700526182813
2025-12-20,wk inc flu hosp,3,2026-01-17,39,quantile,0.95,7345.14520564899
2025-12-20,wk inc flu hosp,3,2026-01-17,39,quantile,0.975,7496.124876785293
2025-12-20,wk inc flu hosp,3,2026-01-17,39,quantile,0.99,7636.141793792936
2025-12-20,wk inc flu hosp,3,2026-01-17,40,quantile,0.01,7.978358258909723
2025-12-20,wk inc flu hosp,3,2026-01-17,40,quantile,0.025,11.416017761354137
2025-12-20,wk inc flu hosp,3,2026-01-17,40,quantile,0.05,22.141394437052547
2025-12-20,wk inc flu hosp,3,2026-01-17,40,quantile,0.1,35.503121659776255
2025-12-20,wk inc flu hosp,3,2026-01-17,40,quantile,0.15,57.92197401742934
2025-12-20,wk inc flu hosp,3,2026-01-17,40,quantile,0.2,79.12450641719202
2025-12-20,wk inc flu hosp,3,2026-01-17,40,quantile,0.25,104.24768612668188
2025-12-20,wk inc flu hosp,3,2026-01-17,40,quantile,0.3,124.16821025492587
2025-12-20,wk inc flu hosp,3,2026-01-17,40,quantile,0.35,139.42002455440624
2025-12-20,wk inc flu hosp,3,2026-01-17,40,quantile,0.4,148.15307039751278
2025-12-20,wk inc flu hosp,3,2026-01-17,40,quantile,0.45,156.58152210917086
2025-12-20,wk inc flu hosp,3,2026-01-17,40,quantile,0.5,180.86062666460535
2025-12-20,wk inc flu hosp,3,2026-01-17,40,quantile,0.55,205.1040924404087
2025-12-20,wk inc flu hosp,3,2026-01-17,40,quantile,0.6,227.40029300884785
2025-12-20,wk inc flu hosp,3,2026-01-17,40,quantile,0.65,250.15274559082602
2025-12-20,wk inc flu hosp,3,2026-01-17,40,quantile,0.7,267.44268642962595
2025-12-20,wk inc flu hosp,3,2026-01-17,40,quantile,0.75,295.9773144701041
2025-12-20,wk inc flu hosp,3,2026-01-17,40,quantile,0.8,307.67989691440846
2025-12-20,wk inc flu hosp,3,2026-01-17,40,quantile,0.85,350.72796532415106
2025-12-20,wk inc flu hosp,3,2026-01-17,40,quantile,0.9,442.9361896369962
2025-12-20,wk inc flu hosp,3,2026-01-17,40,quantile,0.95,523.4110917493748
2025-12-20,wk inc flu hosp,3,2026-01-17,40,quantile,0.975,631.0334375877745
2025-12-20,wk inc flu hosp,3,2026-01-17,40,quantile,0.99,677.0673022945545
2025-12-20,wk inc flu hosp,3,2026-01-17,41,quantile,0.01,2.3549232101408104
2025-12-20,wk inc flu hosp,3,2026-01-17,41,quantile,0.025,7.464138936072802
2025-12-20,wk inc flu hosp,3,2026-01-17,41,quantile,0.05,8.689563762358482
2025-12-20,wk inc flu hosp,3,2026-01-17,41,quantile,0.1,12.14020696247881
2025-12-20,wk inc flu hosp,3,2026-01-17,41,quantile,0.15,16.445163803832052
2025-12-20,wk inc flu hosp,3,2026-01-17,41,quantile,0.2,20.618833069395123
2025-12-20,wk inc flu hosp,3,2026-01-17,41,quantile,0.25,42.174639955509114
2025-12-20,wk inc flu hosp,3,2026-01-17,41,quantile,0.3,54.573570536254174
2025-12-20,wk inc flu hosp,3,2026-01-17,41,quantile,0.35,60.3064373148338
2025-12-20,wk inc flu hosp,3,2026-01-17,41,quantile,0.4,66.00335342599183
2025-12-20,wk inc flu hosp,3,2026-01-17,41,quantile,0.45,73.63957359589733
2025-12-20,wk inc flu hosp,3,2026-01-17,41,quantile,0.5,84.78850370353253
2025-12-20,wk inc flu hosp,3,2026-01-17,41,quantile,0.55,92.88776256970132
2025-12-20,wk inc flu hosp,3,2026-01-17,41,quantile,0.6,101.65973187767156
2025-12-20,wk inc flu hosp,3,2026-01-17,41,quantile,0.65,113.35493540207597
2025-12-20,wk inc flu hosp,3,2026-01-17,41,quantile,0.7,126.1496260377438
2025-12-20,wk inc flu hosp,3,2026-01-17,41,quantile,0.75,140.647675186348
2025-12-20,wk inc flu hosp,3,2026-01-17,41,quantile,0.8,154.4119524981568
2025-12-20,wk inc flu hosp,3,2026-01-17,41,quantile,0.85,168.54692670561008
2025-12-20,wk inc flu hosp,3,2026-01-17,41,quantile,0.9,180.933858135663
2025-12-20,wk inc flu hosp,3,2026-01-17,41,quantile,0.95,185.36483747821345
2025-12-20,wk inc flu hosp,3,2026-01-17,41,quantile,0.975,219.09335595868282
2025-12-20,wk inc flu hosp,3,2026-01-17,41,quantile,0.99,265.93248888809796
2025-12-20,wk inc flu hosp,3,2026-01-17,42,quantile,0.01,284.8510854192699
2025-12-20,wk inc flu hosp,3,2026-01-17,42,quantile,0.025,411.91566535748973
2025-12-20,wk inc flu hosp,3,2026-01-17,42,quantile,0.05,499.9399855122579
2025-12-20,wk inc flu hosp,3,2026-01-17,42,quantile,0.1,648.9191387793753
2025-12-20,wk inc flu hosp,3,2026-01-17,42,quantile,0.15,822.5420006796405
2025-12-20,wk inc flu hosp,3,2026-01-17,42,quantile,0.2,981.7359932835586
2025-12-20,wk inc flu hosp,3,2026-01-17,42,quantile,0.25,1156.934550050887
2025-12-20,wk inc flu hosp,3,2026-01-17,42,quantile,0.3,1331.314061825449
2025-12-20,wk inc flu hosp,3,2026-01-17,42,quantile,0.35,1513.0504003900028
2025-12-20,wk inc flu hosp,3,2026-01-17,42,quantile,0.4,1707.9325430928952
2025-12-20,wk inc flu hosp,3,2026-01-17,42,quantile,0.45,1925.7593238727557
2025-12-20,wk inc flu hosp,3,2026-01-17,42,quantile,0.5,2192.8055509443175
2025-12-20,wk inc flu hosp,3,2026-01-17,42,quantile,0.55,2588.4967481308195
2025-12-20,wk inc flu hosp,3,2026-01-17,42,quantile,0.6,3289.2417068823765
2025-12-20,wk inc flu hosp,3,2026-01-17,42,quantile,0.65,4259.246410541974
2025-12-20,wk inc flu hosp,3,2026-01-17,42,quantile,0.7,5583.330113181435
2025-12-20,wk inc flu hosp,3,2026-01-17,42,quantile,0.75,7429.41606474373
2025-12-20,wk inc flu hosp,3,2026-01-17,42,quantile,0.8,8493.135781100502
2025-12-20,wk inc flu hosp,3,2026-01-17,42,quantile,0.85,9227.387526757733
2025-12-20,wk inc flu hosp,3,2026-01-17,42,quantile,0.9,9705.437449426528
2025-12-20,wk inc flu hosp,3,2026-01-17,42,quantile,0.95,9837.727179448571
2025-12-20,wk inc flu hosp,3,2026-01-17,42,quantile,0.975,9850.48856193593
2025-12-20,wk inc flu hosp,3,2026-01-17,42,quantile,0.99,9858.145391428345
2025-12-20,wk inc flu hosp,3,2026-01-17,44,quantile,0.01,4.102535795934812
2025-12-20,wk inc flu hosp,3,2026-01-17,44,quantile,0.025,7.635918226510524
2025-12-20,wk inc flu hosp,3,2026-01-17,44,quantile,0.05,11.212401753751102
2025-12-20,wk inc flu hosp,3,2026-01-17,44,quantile,0.1,18.495720558584495
2025-12-20,wk inc flu hosp,3,2026-01-17,44,quantile,0.15,25.681725627054107
2025-12-20,wk inc flu hosp,3,2026-01-17,44,quantile,0.2,28.560304202986188
2025-12-20,wk inc flu hosp,3,2026-01-17,44,quantile,0.25,37.18253994650536
2025-12-20,wk inc flu hosp,3,2026-01-17,44,quantile,0.3,48.40866378294127
2025-12-20,wk inc flu hosp,3,2026-01-17,44,quantile,0.35,65.06661192808214
2025-12-20,wk inc flu hosp,3,2026-01-17,44,quantile,0.4,79.73414474870177
2025-12-20,wk inc flu hosp,3,2026-01-17,44,quantile,0.45,96.61461645977823
2025-12-20,wk inc flu hosp,3,2026-01-17,44,quantile,0.5,116.21306898541397
2025-12-20,wk inc flu hosp,3,2026-01-17,44,quantile,0.55,134.41271350519816
2025-12-20,wk inc flu hosp,3,2026-01-17,44,quantile,0.6,192.08942763844183
2025-12-20,wk inc flu hosp,3,2026-01-17,44,quantile,0.65,383.30840529177607
2025-12-20,wk inc flu hosp,3,2026-01-17,44,quantile,0.7,473.79859992659993
2025-12-20,wk inc flu hosp,3,2026-01-17,44,quantile,0.75,556.9255937285654
2025-12-20,wk inc flu hosp,3,2026-01-17,44,quantile,0.8,647.3624366890504
2025-12-20,wk inc flu hosp,3,2026-01-17,44,quantile,0.85,693.3648759691685
2025-12-20,wk inc flu hosp,3,2026-01-17,44,quantile,0.9,696.1554061546066
2025-12-20,wk inc flu hosp,3,2026-01-17,44,quantile,0.95,700.6882906584866
2025-12-20,wk inc flu hosp,3,2026-01-17,44,quantile,0.975,719.5068707185915
2025-12-20,wk inc flu hosp,3,2026-01-17,44,quantile,0.99,741.6992569308861
2025-12-20,wk inc flu hosp,3,2026-01-17,45,quantile,0.01,93.23185539476513
2025-12-20,wk inc flu hosp,3,2026-01-17,45,quantile,0.025,105.5297231193003
2025-12-20,wk inc flu hosp,3,2026-01-17,45,quantile,0.05,124.96942663736077
2025-12-20,wk inc flu hosp,3,2026-01-17,45,quantile,0.1,182.79772715192718
2025-12-20,wk inc flu hosp,3,2026-01-17,45,quantile,0.15,231.42594611015178
2025-12-20,wk inc flu hosp,3,2026-01-17,45,quantile,0.2,270.857590445939
2025-12-20,wk inc flu hosp,3,2026-01-17,45,quantile,0.25,314.25092155489517
2025-12-20,wk inc flu hosp,3,2026-01-17,45,quantile,0.3,349.2784528341813
2025-12-20,wk inc flu hosp,3,2026-01-17,45,quantile,0.35,386.07600250223294
2025-12-20,wk inc flu hosp,3,2026-01-17,45,quantile,0.4,431.0706026525219
2025-12-20,wk inc flu hosp,3,2026-01-17,45,quantile,0.45,490.0452905302028
2025-12-20,wk inc flu hosp,3,2026-01-17,45,quantile,0.5,572.3800560321922
2025-12-20,wk inc flu hosp,3,2026-01-17,45,quantile,0.55,709.77165336764
2025-12-20,wk inc flu hosp,3,2026-01-17,45,quantile,0.6,883.7310818411339
2025-12-20,wk inc flu hosp,3,2026-01-17,45,quantile,0.65,1148.4019734289172
2025-12-20,wk inc flu hosp,3,2026-01-17,45,quantile,0.7,1573.9563633552307
2025-12-20,wk inc flu hosp,3,2026-01-17,45,quantile,0.75,2127.7085796883503
2025-12-20,wk inc flu hosp,3,2026-01-17,45,quantile,0.8,2464.5950494421227
2025-12-20,wk inc flu hosp,3,2026-01-17,45,quantile,0.85,2500.1889421520564
2025-12-20,wk inc flu hosp,3,2026-01-17,45,quantile,0.9,3113.349416054375
2025-12-20,wk inc flu hosp,3,2026-01-17,45,quantile,0.95,3401.8912903080795
2025-12-20,wk inc flu hosp,3,2026-01-17,45,quantile,0.975,3558.594997142987
2025-12-20,wk inc flu hosp,3,2026-01-17,45,quantile,0.99,3655.402710384914
2025-12-20,wk inc flu hosp,3,2026-01-17,46,quantile,0.01,3.387586620337867
2025-12-20,wk inc flu hosp,3,2026-01-17,46,quantile,0.025,4.339451107585491
2025-12-20,wk inc flu hosp,3,2026-01-17,46,quantile,0.05,7.029664249966815
2025-12-20,wk inc flu hosp,3,2026-01-17,46,quantile,0.1,9.432633011443375
2025-12-20,wk inc flu hosp,3,2026-01-17,46,quantile,0.15,13.8626187452408
2025-12-20,wk inc flu hosp,3,2026-01-17,46,quantile,0.2,17.315119355693156
2025-12-20,wk inc flu hosp,3,2026-01-17,46,quantile,0.25,25.63251215294374
2025-12-20,wk inc flu hosp,3,2026-01-17,46,quantile,0.3,32.32513303156961
2025-12-20,wk inc flu hosp,3,2026-01-17,46,quantile,0.35,37.873448103223694
2025-12-20,wk inc flu hosp,3,2026-01-17,46,quantile,0.4,43.74633506245015
2025-12-20,wk inc flu hosp,3,2026-01-17,46,quantile,0.45,50.400129258895944
2025-12-20,wk inc flu hosp,3,2026-01-17,46,quantile,0.5,56.69955769377277
2025-12-20,wk inc flu hosp,3,2026-01-17,46,quantile,0.55,63.14121303120512
2025-12-20,wk inc flu hosp,3,2026-01-17,46,quantile,0.6,72.55056514844303
2025-12-20,wk inc flu hosp,3,2026-01-17,46,quantile,0.65,85.44324215289306
2025-12-20,wk inc flu hosp,3,2026-01-17,46,quantile,0.7,100.28021079924237
2025-12-20,wk inc flu hosp,3,2026-01-17,46,quantile,0.75,106.83776109613662
2025-12-20,wk inc flu hosp,3,2026-01-17,46,quantile,0.8,110.72805176272644
2025-12-20,wk inc flu hosp,3,2026-01-17,46,quantile,0.85,124.34808647722201
2025-12-20,wk inc flu hosp,3,2026-01-17,46,quantile,0.9,147.6871139222712
2025-12-20,wk inc flu hosp,3,2026-01-17,46,quantile,0.95,201.34480227187066
2025-12-20,wk inc flu hosp,3,2026-01-17,46,quantile,0.975,208.5207346806376
2025-12-20,wk inc flu hosp,3,2026-01-17,46,quantile,0.99,286.0937974505417
2025-12-20,wk inc flu hosp,3,2026-01-17,47,quantile,0.01,51.1083349484272
2025-12-20,wk inc flu hosp,3,2026-01-17,47,quantile,0.025,70.82281401243125
2025-12-20,wk inc flu hosp,3,2026-01-17,47,quantile,0.05,98.36278124229885
2025-12-20,wk inc flu hosp,3,2026-01-17,47,quantile,0.1,135.91174774751707
2025-12-20,wk inc flu hosp,3,2026-01-17,47,quantile,0.15,163.64865300269386
2025-12-20,wk inc flu hosp,3,2026-01-17,47,quantile,0.2,178.14753270197565
2025-12-20,wk inc flu hosp,3,2026-01-17,47,quantile,0.25,199.2894930142452
2025-12-20,wk inc flu hosp,3,2026-01-17,47,quantile,0.3,223.75965436832502
2025-12-20,wk inc flu hosp,3,2026-01-17,47,quantile,0.35,252.6648410570969
2025-12-20,wk inc flu hosp,3,2026-01-17,47,quantile,0.4,286.6915783086897
2025-12-20,wk inc flu hosp,3,2026-01-17,47,quantile,0.45,334.3651390790482
2025-12-20,wk inc flu hosp,3,2026-01-17,47,quantile,0.5,394.3966658202984
2025-12-20,wk inc flu hosp,3,2026-01-17,47,quantile,0.55,473.4825851019712
2025-12-20,wk inc flu hosp,3,2026-01-17,47,quantile,0.6,545.2529913851862
2025-12-20,wk inc flu hosp,3,2026-01-17,47,quantile,0.65,670.8991824578814
2025-12-20,wk inc flu hosp,3,2026-01-17,47,quantile,0.7,780.6796683788989
2025-12-20,wk inc flu hosp,3,2026-01-17,47,quantile,0.75,895.368944989287
2025-12-20,wk inc flu hosp,3,2026-01-17,47,quantile,0.8,1026.799039199307
2025-12-20,wk inc flu hosp,3,2026-01-17,47,quantile,0.85,1251.690350596656
2025-12-20,wk inc flu hosp,3,2026-01-17,47,quantile,0.9,1627.4806686915203
2025-12-20,wk inc flu hosp,3,2026-01-17,47,quantile,0.95,1788.0801668947245
2025-12-20,wk inc flu hosp,3,2026-01-17,47,quantile,0.975,1881.3385852815989
2025-12-20,wk inc flu hosp,3,2026-01-17,47,quantile,0.99,1932.4846382227297
2025-12-20,wk inc flu hosp,3,2026-01-17,48,quantile,0.01,162.51432324825885
2025-12-20,wk inc flu hosp,3,2026-01-17,48,quantile,0.025,318.73765179985935
2025-12-20,wk inc flu hosp,3,2026-01-17,48,quantile,0.05,475.3900663807049
2025-12-20,wk inc flu hosp,3,2026-01-17,48,quantile,0.1,566.9735404911784
2025-12-20,wk inc flu hosp,3,2026-01-17,48,quantile,0.15,667.5948453214937
2025-12-20,wk inc flu hosp,3,2026-01-17,48,quantile,0.2,742.9475087210537
2025-12-20,wk inc flu hosp,3,2026-01-17,48,quantile,0.25,807.5624507254795
2025-12-20,wk inc flu hosp,3,2026-01-17,48,quantile,0.3,895.4182743865074
2025-12-20,wk inc flu hosp,3,2026-01-17,48,quantile,0.35,982.1295002717541
2025-12-20,wk inc flu hosp,3,2026-01-17,48,quantile,0.4,1070.4234402427726
2025-12-20,wk inc flu hosp,3,2026-01-17,48,quantile,0.45,1175.9295338217933
2025-12-20,wk inc flu hosp,3,2026-01-17,48,quantile,0.5,1315.881378273387
2025-12-20,wk inc flu hosp,3,2026-01-17,48,quantile,0.55,1432.8546024459365
2025-12-20,wk inc flu hosp,3,2026-01-17,48,quantile,0.6,1546.362343047566
2025-12-20,wk inc flu hosp,3,2026-01-17,48,quantile,0.65,1737.5435345691712
2025-12-20,wk inc flu hosp,3,2026-01-17,48,quantile,0.7,1880.1127715259609
2025-12-20,wk inc flu hosp,3,2026-01-17,48,quantile,0.75,2076.5142355572975
2025-12-20,wk inc flu hosp,3,2026-01-17,48,quantile,0.8,2304.19719934851
2025-12-20,wk inc flu hosp,3,2026-01-17,48,quantile,0.85,2461.2130365742514
2025-12-20,wk inc flu hosp,3,2026-01-17,48,quantile,0.9,2913.484843250518
2025-12-20,wk inc flu hosp,3,2026-01-17,48,quantile,0.95,4399.484097753673
2025-12-20,wk inc flu hosp,3,2026-01-17,48,quantile,0.975,5368.548795252615
2025-12-20,wk inc flu hosp,3,2026-01-17,48,quantile,0.99,6644.06249996321
2025-12-20,wk inc flu hosp,3,2026-01-17,49,quantile,0.01,17.220775022397163
2025-12-20,wk inc flu hosp,3,2026-01-17,49,quantile,0.025,23.77424672382224
2025-12-20,wk inc flu hosp,3,2026-01-17,49,quantile,0.05,29.304908392190764
2025-12-20,wk inc flu hosp,3,2026-01-17,49,quantile,0.1,41.43445300249113
2025-12-20,wk inc flu hosp,3,2026-01-17,49,quantile,0.15,49.49636736669945
2025-12-20,wk inc flu hosp,3,2026-01-17,49,quantile,0.2,61.89565883516368
2025-12-20,wk inc flu hosp,3,2026-01-17,49,quantile,0.25,73.72461496378426
2025-12-20,wk inc flu hosp,3,2026-01-17,49,quantile,0.3,83.5450477179292
2025-12-20,wk inc flu hosp,3,2026-01-17,49,quantile,0.35,97.45917030855594
2025-12-20,wk inc flu hosp,3,2026-01-17,49,quantile,0.4,110.45627550853676
2025-12-20,wk inc flu hosp,3,2026-01-17,49,quantile,0.45,120.4380351340997
2025-12-20,wk inc flu hosp,3,2026-01-17,49,quantile,0.5,128.7324361237154
2025-12-20,wk inc flu hosp,3,2026-01-17,49,quantile,0.55,143.3055083893288
2025-12-20,wk inc flu hosp,3,2026-01-17,49,quantile,0.6,161.19071183278163
2025-12-20,wk inc flu hosp,3,2026-01-17,49,quantile,0.65,174.63244782493305
2025-12-20,wk inc flu hosp,3,2026-01-17,49,quantile,0.7,192.42705015712383
2025-12-20,wk inc flu hosp,3,2026-01-17,49,quantile,0.75,221.1019222836167
2025-12-20,wk inc flu hosp,3,2026-01-17,49,quantile,0.8,262.5688335655343
2025-12-20,wk inc flu hosp,3,2026-01-17,49,quantile,0.85,302.7675438297963
2025-12-20,wk inc flu hosp,3,2026-01-17,49,quantile,0.9,407.75399217471056
2025-12-20,wk inc flu hosp,3,2026-01-17,49,quantile,0.95,490.7164461852446
2025-12-20,wk inc flu hosp,3,2026-01-17,49,quantile,0.975,532.6472173014222
2025-12-20,wk inc flu hosp,3,2026-01-17,49,quantile,0.99,556.7196411263077
2025-12-20,wk inc flu hosp,3,2026-01-17,50,quantile,0.01,1.4369236024186332
2025-12-20,wk inc flu hosp,3,2026-01-17,50,quantile,0.025,2.0792989380559743
2025-12-20,wk inc flu hosp,3,2026-01-17,50,quantile,0.05,2.7016069952072463
2025-12-20,wk inc flu hosp,3,2026-01-17,50,quantile,0.1,3.944319026550313
2025-12-20,wk inc flu hosp,3,2026-01-17,50,quantile,0.15,5.722481847906945
2025-12-20,wk inc flu hosp,3,2026-01-17,50,quantile,0.2,7.989528010089643
2025-12-20,wk inc flu hosp,3,2026-01-17,50,quantile,0.25,9.940955665000166
2025-12-20,wk inc flu hosp,3,2026-01-17,50,quantile,0.3,11.770886935274342
2025-12-20,wk inc flu hosp,3,2026-01-17,50,quantile,0.35,13.31786484687083
2025-12-20,wk inc flu hosp,3,2026-01-17,50,quantile,0.4,14.898168812111237
2025-12-20,wk inc flu hosp,3,2026-01-17,50,quantile,0.45,16.619518640452952
2025-12-20,wk inc flu hosp,3,2026-01-17,50,quantile,0.5,18.606164864912174
2025-12-20,wk inc flu hosp,3,2026-01-17,50,quantile,0.55,20.663982805533745
2025-12-20,wk inc flu hosp,3,2026-01-17,50,quantile,0.6,23.70624252072554
2025-12-20,wk inc flu hosp,3,2026-01-17,50,quantile,0.65,26.05794257140452
2025-12-20,wk inc flu hosp,3,2026-01-17,50,quantile,0.7,31.28173390943261
2025-12-20,wk inc flu hosp,3,2026-01-17,50,quantile,0.75,38.0932389045843
2025-12-20,wk inc flu hosp,3,2026-01-17,50,quantile,0.8,41.82909984045027
2025-12-20,wk inc flu hosp,3,2026-01-17,50,quantile,0.85,51.0633005769578
2025-12-20,wk inc flu hosp,3,2026-01-17,50,quantile,0.9,54.013006785453385
2025-12-20,wk inc flu hosp,3,2026-01-17,50,quantile,0.95,76.95307817570398
2025-12-20,wk inc flu hosp,3,2026-01-17,50,quantile,0.975,79.89705475283805
2025-12-20,wk inc flu hosp,3,2026-01-17,50,quantile,0.99,80.09315370816388
2025-12-20,wk inc flu hosp,3,2026-01-17,51,quantile,0.01,55.8503297468436
2025-12-20,wk inc flu hosp,3,2026-01-17,51,quantile,0.025,74.5453132247487
2025-12-20,wk inc flu hosp,3,2026-01-17,51,quantile,0.05,102.95908674250958
2025-12-20,wk inc flu hosp,3,2026-01-17,51,quantile,0.1,149.9295931206705
2025-12-20,wk inc flu hosp,3,2026-01-17,51,quantile,0.15,173.64547020593108
2025-12-20,wk inc flu hosp,3,2026-01-17,51,quantile,0.2,203.5993197997433
2025-12-20,wk inc flu hosp,3,2026-01-17,51,quantile,0.25,238.72678314841374
2025-12-20,wk inc flu hosp,3,2026-01-17,51,quantile,0.3,272.00207873895823
2025-12-20,wk inc flu hosp,3,2026-01-17,51,quantile,0.35,307.5731852515357
2025-12-20,wk inc flu hosp,3,2026-01-17,51,quantile,0.4,346.96749624147935
2025-12-20,wk inc flu hosp,3,2026-01-17,51,quantile,0.45,392.64335366685816
2025-12-20,wk inc flu hosp,3,2026-01-17,51,quantile,0.5,453.5032196700592
2025-12-20,wk inc flu hosp,3,2026-01-17,51,quantile,0.55,556.587459082272
2025-12-20,wk inc flu hosp,3,2026-01-17,51,quantile,0.6,679.277037110254
2025-12-20,wk inc flu hosp,3,2026-01-17,51,quantile,0.65,720.6024750004669
2025-12-20,wk inc flu hosp,3,2026-01-17,51,quantile,0.7,844.468096781234
2025-12-20,wk inc flu hosp,3,2026-01-17,51,quantile,0.75,1009.5506240388075
2025-12-20,wk inc flu hosp,3,2026-01-17,51,quantile,0.8,1109.542122598232
2025-12-20,wk inc flu hosp,3,2026-01-17,51,quantile,0.85,1340.1495607400584
2025-12-20,wk inc flu hosp,3,2026-01-17,51,quantile,0.9,1516.5819133878863
2025-12-20,wk inc flu hosp,3,2026-01-17,51,quantile,0.95,1701.5671995911373
2025-12-20,wk inc flu hosp,3,2026-01-17,51,quantile,0.975,1930.705752400691
2025-12-20,wk inc flu hosp,3,2026-01-17,51,quantile,0.99,2043.4708387792482
2025-12-20,wk inc flu hosp,3,2026-01-17,53,quantile,0.01,3.2663747664703444
2025-12-20,wk inc flu hosp,3,2026-01-17,53,quantile,0.025,19.210593323581364
2025-12-20,wk inc flu hosp,3,2026-01-17,53,quantile,0.05,31.47245360119722
2025-12-20,wk inc flu hosp,3,2026-01-17,53,quantile,0.1,48.03531553005699
2025-12-20,wk inc flu hosp,3,2026-01-17,53,quantile,0.15,70.6094003649045
2025-12-20,wk inc flu hosp,3,2026-01-17,53,quantile,0.2,100.11453336394906
2025-12-20,wk inc flu hosp,3,2026-01-17,53,quantile,0.25,117.40921006341785
2025-12-20,wk inc flu hosp,3,2026-01-17,53,quantile,0.3,132.16699652064167
2025-12-20,wk inc flu hosp,3,2026-01-17,53,quantile,0.35,147.22472933834874
2025-12-20,wk inc flu hosp,3,2026-01-17,53,quantile,0.4,162.1757858681317
2025-12-20,wk inc flu hosp,3,2026-01-17,53,quantile,0.45,178.38852273034843
2025-12-20,wk inc flu hosp,3,2026-01-17,53,quantile,0.5,197.04401701599653
2025-12-20,wk inc flu hosp,3,2026-01-17,53,quantile,0.55,217.43819064504675
2025-12-20,wk inc flu hosp,3,2026-01-17,53,quantile,0.6,238.21338873340827
2025-12-20,wk inc flu hosp,3,2026-01-17,53,quantile,0.65,262.6248245519865
2025-12-20,wk inc flu hosp,3,2026-01-17,53,quantile,0.7,293.6722557984501
2025-12-20,wk inc flu hosp,3,2026-01-17,53,quantile,0.75,327.9380729018176
2025-12-20,wk inc flu hosp,3,2026-01-17,53,quantile,0.8,378.24249376792966
2025-12-20,wk inc flu hosp,3,2026-01-17,53,quantile,0.85,476.09342910194306
2025-12-20,wk inc flu hosp,3,2026-01-17,53,quantile,0.9,537.4293836135039
2025-12-20,wk inc flu hosp,3,2026-01-17,53,quantile,0.95,724.3768341265996
2025-12-20,wk inc flu hosp,3,2026-01-17,53,quantile,0.975,833.5610354448736
2025-12-20,wk inc flu hosp,3,2026-01-17,53,quantile,0.99,883.0981223156849
2025-12-20,wk inc flu hosp,3,2026-01-17,54,quantile,0.01,5.885460233871306
2025-12-20,wk inc flu hosp,3,2026-01-17,54,quantile,0.025,13.56320336352866
2025-12-20,wk inc flu hosp,3,2026-01-17,54,quantile,0.05,20.809469176940787
2025-12-20,wk inc flu hosp,3,2026-01-17,54,quantile,0.1,31.882850656756034
2025-12-20,wk inc flu hosp,3,2026-01-17,54,quantile,0.15,49.39898409112319
2025-12-20,wk inc flu hosp,3,2026-01-17,54,quantile,0.2,72.32284453553866
2025-12-20,wk inc flu hosp,3,2026-01-17,54,quantile,0.25,88.41530961676385
2025-12-20,wk inc flu hosp,3,2026-01-17,54,quantile,0.3,104.0576063365149
2025-12-20,wk inc flu hosp,3,2026-01-17,54,quantile,0.35,122.42020385732388
2025-12-20,wk inc flu hosp,3,2026-01-17,54,quantile,0.4,138.6546762173163
2025-12-20,wk inc flu hosp,3,2026-01-17,54,quantile,0.45,157.02617589095044
2025-12-20,wk inc flu hosp,3,2026-01-17,54,quantile,0.5,177.55191682548346
2025-12-20,wk inc flu hosp,3,2026-01-17,54,quantile,0.55,199.860187531515
2025-12-20,wk inc flu hosp,3,2026-01-17,54,quantile,0.6,222.4418751157615
2025-12-20,wk inc flu hosp,3,2026-01-17,54,quantile,0.65,248.21286024066606
2025-12-20,wk inc flu hosp,3,2026-01-17,54,quantile,0.7,281.4693818002311
2025-12-20,wk inc flu hosp,3,2026-01-17,54,quantile,0.75,302.0024778127586
2025-12-20,wk inc flu hosp,3,2026-01-17,54,quantile,0.8,362.654504982479
2025-12-20,wk inc flu hosp,3,2026-01-17,54,quantile,0.85,435.1960905316578
2025-12-20,wk inc flu hosp,3,2026-01-17,54,quantile,0.9,465.6675475582305
2025-12-20,wk inc flu hosp,3,2026-01-17,54,quantile,0.95,563.348146003045
2025-12-20,wk inc flu hosp,3,2026-01-17,54,quantile,0.975,600.9662369631571
2025-12-20,wk inc flu hosp,3,2026-01-17,54,quantile,0.99,613.2500302468263
2025-12-20,wk inc flu hosp,3,2026-01-17,55,quantile,0.01,23.336190995670172
2025-12-20,wk inc flu hosp,3,2026-01-17,55,quantile,0.025,59.18802315755219
2025-12-20,wk inc flu hosp,3,2026-01-17,55,quantile,0.05,80.52695074165386
2025-12-20,wk inc flu hosp,3,2026-01-17,55,quantile,0.1,117.54245076319219
2025-12-20,wk inc flu hosp,3,2026-01-17,55,quantile,0.15,145.48448430235996
2025-12-20,wk inc flu hosp,3,2026-01-17,55,quantile,0.2,204.06032848405923
2025-12-20,wk inc flu hosp,3,2026-01-17,55,quantile,0.25,252.1706404540499
2025-12-20,wk inc flu hosp,3,2026-01-17,55,quantile,0.3,300.3745049308656
2025-12-20,wk inc flu hosp,3,2026-01-17,55,quantile,0.35,348.7832448739587
2025-12-20,wk inc flu hosp,3,2026-01-17,55,quantile,0.4,391.4690472334369
2025-12-20,wk inc flu hosp,3,2026-01-17,55,quantile,0.45,431.27737563758643
2025-12-20,wk inc flu hosp,3,2026-01-17,55,quantile,0.5,487.0309547717981
2025-12-20,wk inc flu hosp,3,2026-01-17,55,quantile,0.55,555.8912907243005
2025-12-20,wk inc flu hosp,3,2026-01-17,55,quantile,0.6,659.8936884622403
2025-12-20,wk inc flu hosp,3,2026-01-17,55,quantile,0.65,826.9626054685926
2025-12-20,wk inc flu hosp,3,2026-01-17,55,quantile,0.7,1117.931473097426
2025-12-20,wk inc flu hosp,3,2026-01-17,55,quantile,0.75,1410.9741247215368
2025-12-20,wk inc flu hosp,3,2026-01-17,55,quantile,0.8,1473.529969004565
2025-12-20,wk inc flu hosp,3,2026-01-17,55,quantile,0.85,1711.123578064958
2025-12-20,wk inc flu hosp,3,2026-01-17,55,quantile,0.9,2180.4351497714924
2025-12-20,wk inc flu hosp,3,2026-01-17,55,quantile,0.95,2495.662217770348
2025-12-20,wk inc flu hosp,3,2026-01-17,55,quantile,0.975,2538.5515491081774
2025-12-20,wk inc flu hosp,3,2026-01-17,55,quantile,0.99,2593.603066609534
2025-12-20,wk inc flu hosp,3,2026-01-17,56,quantile,0.01,3.2685037419257372
2025-12-20,wk inc flu hosp,3,2026-01-17,56,quantile,0.025,5.072455004621253
2025-12-20,wk inc flu hosp,3,2026-01-17,56,quantile,0.05,6.034377185890772
2025-12-20,wk inc flu hosp,3,2026-01-17,56,quantile,0.1,10.414367261068104
2025-12-20,wk inc flu hosp,3,2026-01-17,56,quantile,0.15,14.639242315890742
2025-12-20,wk inc flu hosp,3,2026-01-17,56,quantile,0.2,18.414655224196245
2025-12-20,wk inc flu hosp,3,2026-01-17,56,quantile,0.25,22.071130895935383
2025-12-20,wk inc flu hosp,3,2026-01-17,56,quantile,0.3,25.72023004267802
2025-12-20,wk inc flu hosp,3,2026-01-17,56,quantile,0.35,29.608523096152265
2025-12-20,wk inc flu hosp,3,2026-01-17,56,quantile,0.4,34.15809448035371
2025-12-20,wk inc flu hosp,3,2026-01-17,56,quantile,0.45,39.594246761749126
2025-12-20,wk inc flu hosp,3,2026-01-17,56,quantile,0.5,45.497996258825225
2025-12-20,wk inc flu hosp,3,2026-01-17,56,quantile,0.55,53.419377657284734
2025-12-20,wk inc flu hosp,3,2026-01-17,56,quantile,0.6,65.48395650657504
2025-12-20,wk inc flu hosp,3,2026-01-17,56,quantile,0.65,84.8561230606273
2025-12-20,wk inc flu hosp,3,2026-01-17,56,quantile,0.7,102.5664596197457
2025-12-20,wk inc flu hosp,3,2026-01-17,56,quantile,0.75,111.45684682975316
2025-12-20,wk inc flu hosp,3,2026-01-17,56,quantile,0.8,122.74221844401568
2025-12-20,wk inc flu hosp,3,2026-01-17,56,quantile,0.85,142.2661946975575
2025-12-20,wk inc flu hosp,3,2026-01-17,56,quantile,0.9,160.99169443048422
2025-12-20,wk inc flu hosp,3,2026-01-17,56,quantile,0.95,235.0131529616106
2025-12-20,wk inc flu hosp,3,2026-01-17,56,quantile,0.975,255.50376381644233
2025-12-20,wk inc flu hosp,3,2026-01-17,56,quantile,0.99,257.3928837007192
2025-12-20,wk inc flu hosp,3,2026-01-17,72,quantile,0.01,54.88773781420471
2025-12-20,wk inc flu hosp,3,2026-01-17,72,quantile,0.025,82.49583060087073
2025-12-20,wk inc flu hosp,3,2026-01-17,72,quantile,0.05,84.7900965846281
2025-12-20,wk inc flu hosp,3,2026-01-17,72,quantile,0.1,116.18806835337575
2025-12-20,wk inc flu hosp,3,2026-01-17,72,quantile,0.15,152.36938545583422
2025-12-20,wk inc flu hosp,3,2026-01-17,72,quantile,0.2,177.76644256424396
2025-12-20,wk inc flu hosp,3,2026-01-17,72,quantile,0.25,209.93788709019907
2025-12-20,wk inc flu hosp,3,2026-01-17,72,quantile,0.3,244.60830813254736
2025-12-20,wk inc flu hosp,3,2026-01-17,72,quantile,0.35,279.7814342745378
2025-12-20,wk inc flu hosp,3,2026-01-17,72,quantile,0.4,311.4220407322155
2025-12-20,wk inc flu hosp,3,2026-01-17,72,quantile,0.45,354.12778425415553
2025-12-20,wk inc flu hosp,3,2026-01-17,72,quantile,0.5,381.80918285877704
2025-12-20,wk inc flu hosp,3,2026-01-17,72,quantile,0.55,423.1830015875746
2025-12-20,wk inc flu hosp,3,2026-01-17,72,quantile,0.6,468.80962435212956
2025-12-20,wk inc flu hosp,3,2026-01-17,72,quantile,0.65,521.600257653616
2025-12-20,wk inc flu hosp,3,2026-01-17,72,quantile,0.7,585.2119664037338
2025-12-20,wk inc flu hosp,3,2026-01-17,72,quantile,0.75,671.115083114751
2025-12-20,wk inc flu hosp,3,2026-01-17,72,quantile,0.8,762.8503326595811
2025-12-20,wk inc flu hosp,3,2026-01-17,72,quantile,0.85,939.2593984157253
2025-12-20,wk inc flu hosp,3,2026-01-17,72,quantile,0.9,1169.2265206220989
2025-12-20,wk inc flu hosp,3,2026-01-17,72,quantile,0.95,1233.794559880179
2025-12-20,wk inc flu hosp,3,2026-01-17,72,quantile,0.975,1271.2429968049667
2025-12-20,wk inc flu hosp,3,2026-01-17,72,quantile,0.99,1295.955386389861
2025-12-20,wk inc flu hosp,3,2026-01-17,US,quantile,0.01,2946.455103883907
2025-12-20,wk inc flu hosp,3,2026-01-17,US,quantile,0.025,3826.9631826132104
2025-12-20,wk inc flu hosp,3,2026-01-17,US,quantile,0.05,5925.056466522758
2025-12-20,wk inc flu hosp,3,2026-01-17,US,quantile,0.1,9256.306199856273
2025-12-20,wk inc flu hosp,3,2026-01-17,US,quantile,0.15,11563.376772492467
2025-12-20,wk inc flu hosp,3,2026-01-17,US,quantile,0.2,13921.53817181557
2025-12-20,wk inc flu hosp,3,2026-01-17,US,quantile,0.25,16062.337850784534
2025-12-20,wk inc flu hosp,3,2026-01-17,US,quantile,0.3,17753.241549346163
2025-12-20,wk inc flu hosp,3,2026-01-17,US,quantile,0.35,19088.940063905462
2025-12-20,wk inc flu hosp,3,2026-01-17,US,quantile,0.4,21323.952436858246
2025-12-20,wk inc flu hosp,3,2026-01-17,US,quantile,0.45,23789.54543142069
2025-12-20,wk inc flu hosp,3,2026-01-17,US,quantile,0.5,26604.98934089128
2025-12-20,wk inc flu hosp,3,2026-01-17,US,quantile,0.55,30197.799252156416
2025-12-20,wk inc flu hosp,3,2026-01-17,US,quantile,0.6,34977.414626433754
2025-12-20,wk inc flu hosp,3,2026-01-17,US,quantile,0.65,40578.05566128446
2025-12-20,wk inc flu hosp,3,2026-01-17,US,quantile,0.7,43195.650355633465
2025-12-20,wk inc flu hosp,3,2026-01-17,US,quantile,0.75,46490.174966475264
2025-12-20,wk inc flu hosp,3,2026-01-17,US,quantile,0.8,49811.98238773756
2025-12-20,wk inc flu hosp,3,2026-01-17,US,quantile,0.85,53621.743155093434
2025-12-20,wk inc flu hosp,3,2026-01-17,US,quantile,0.9,65230.67468560928
2025-12-20,wk inc flu hosp,3,2026-01-17,US,quantile,0.95,91176.32637988322
2025-12-20,wk inc flu hosp,3,2026-01-17,US,quantile,0.975,112297.55445693406
2025-12-20,wk inc flu hosp,3,2026-01-17,US,quantile,0.99,117013.36416389974
