reference_date,target,horizon,target_end_date,location,output_type,output_type_id,value
2024-07-20,wk inc flu hosp,0,2024-07-20,01,quantile,0.01,0
2024-07-20,wk inc flu hosp,0,2024-07-20,01,quantile,0.025,0
2024-07-20,wk inc flu hosp,0,2024-07-20,01,quantile,0.05,0
2024-07-20,wk inc flu hosp,0,2024-07-20,01,quantile,0.1,0
2024-07-20,wk inc flu hosp,0,2024-07-20,01,quantile,0.15,0
2024-07-20,wk inc flu hosp,0,2024-07-20,01,quantile,0.2,0.006284640174921449
2024-07-20,wk inc flu hosp,0,2024-07-20,01,quantile,0.25,0.039007125853051286
2024-07-20,wk inc flu hosp,0,2024-07-20,01,quantile,0.3,0.07172961153118113
2024-07-20,wk inc flu hosp,0,2024-07-20,01,quantile,0.35,0.10445209720931098
2024-07-20,wk inc flu hosp,0,2024-07-20,01,quantile,0.4,0.16675400683103925
2024-07-20,wk inc flu hosp,0,2024-07-20,01,quantile,0.45,0.35031999565721283
2024-07-20,wk inc flu hosp,0,2024-07-20,01,quantile,0.5,0.7737046616701418
2024-07-20,wk inc flu hosp,0,2024-07-20,01,quantile,0.55,1.2154741621689256
2024-07-20,wk inc flu hosp,0,2024-07-20,01,quantile,0.6,1.7154317574540885
2024-07-20,wk inc flu hosp,0,2024-07-20,01,quantile,0.65,2.2895083584109885
2024-07-20,wk inc flu hosp,0,2024-07-20,01,quantile,0.7,3.163423207844854
2024-07-20,wk inc flu hosp,0,2024-07-20,01,quantile,0.75,5.785673598438607
2024-07-20,wk inc flu hosp,0,2024-07-20,01,quantile,0.8,13.03171807931808
2024-07-20,wk inc flu hosp,0,2024-07-20,01,quantile,0.85,23.261877677984533
2024-07-20,wk inc flu hosp,0,2024-07-20,01,quantile,0.9,38.10199983640093
2024-07-20,wk inc flu hosp,0,2024-07-20,01,quantile,0.95,60.73171679882921
2024-07-20,wk inc flu hosp,0,2024-07-20,01,quantile,0.975,79.58187541590873
2024-07-20,wk inc flu hosp,0,2024-07-20,01,quantile,0.99,97.63420505490991
2024-07-20,wk inc flu hosp,0,2024-07-20,02,quantile,0.01,0
2024-07-20,wk inc flu hosp,0,2024-07-20,02,quantile,0.025,0
2024-07-20,wk inc flu hosp,0,2024-07-20,02,quantile,0.05,0
2024-07-20,wk inc flu hosp,0,2024-07-20,02,quantile,0.1,0
2024-07-20,wk inc flu hosp,0,2024-07-20,02,quantile,0.15,0.012625051886581517
2024-07-20,wk inc flu hosp,0,2024-07-20,02,quantile,0.2,0.039490274153802095
2024-07-20,wk inc flu hosp,0,2024-07-20,02,quantile,0.25,0.10496628814742166
2024-07-20,wk inc flu hosp,0,2024-07-20,02,quantile,0.3,0.211282956203993
2024-07-20,wk inc flu hosp,0,2024-07-20,02,quantile,0.35,0.38280672880778144
2024-07-20,wk inc flu hosp,0,2024-07-20,02,quantile,0.4,0.5646816369782751
2024-07-20,wk inc flu hosp,0,2024-07-20,02,quantile,0.45,0.8060562579563109
2024-07-20,wk inc flu hosp,0,2024-07-20,02,quantile,0.5,1.0822550921143235
2024-07-20,wk inc flu hosp,0,2024-07-20,02,quantile,0.55,1.2657414786708543
2024-07-20,wk inc flu hosp,0,2024-07-20,02,quantile,0.6,1.4056035781948366
2024-07-20,wk inc flu hosp,0,2024-07-20,02,quantile,0.65,1.765030928665885
2024-07-20,wk inc flu hosp,0,2024-07-20,02,quantile,0.7,2.255071405012855
2024-07-20,wk inc flu hosp,0,2024-07-20,02,quantile,0.75,2.9959230007605604
2024-07-20,wk inc flu hosp,0,2024-07-20,02,quantile,0.8,3.9429923037087082
2024-07-20,wk inc flu hosp,0,2024-07-20,02,quantile,0.85,5.1035262105487345
2024-07-20,wk inc flu hosp,0,2024-07-20,02,quantile,0.9,6.107155514885457
2024-07-20,wk inc flu hosp,0,2024-07-20,02,quantile,0.95,8.176835818650837
2024-07-20,wk inc flu hosp,0,2024-07-20,02,quantile,0.975,10.420434433176538
2024-07-20,wk inc flu hosp,0,2024-07-20,02,quantile,0.99,12.903204379864196
2024-07-20,wk inc flu hosp,0,2024-07-20,04,quantile,0.01,0
2024-07-20,wk inc flu hosp,0,2024-07-20,04,quantile,0.025,0
2024-07-20,wk inc flu hosp,0,2024-07-20,04,quantile,0.05,0
2024-07-20,wk inc flu hosp,0,2024-07-20,04,quantile,0.1,0.8689805590801997
2024-07-20,wk inc flu hosp,0,2024-07-20,04,quantile,0.15,2.4718275956723113
2024-07-20,wk inc flu hosp,0,2024-07-20,04,quantile,0.2,4.532023826975421
2024-07-20,wk inc flu hosp,0,2024-07-20,04,quantile,0.25,6.548039623084875
2024-07-20,wk inc flu hosp,0,2024-07-20,04,quantile,0.3,8.858148512815392
2024-07-20,wk inc flu hosp,0,2024-07-20,04,quantile,0.35,11.399786178833091
2024-07-20,wk inc flu hosp,0,2024-07-20,04,quantile,0.4,14.447041094351155
2024-07-20,wk inc flu hosp,0,2024-07-20,04,quantile,0.45,17.917355883454896
2024-07-20,wk inc flu hosp,0,2024-07-20,04,quantile,0.5,21.55637326984456
2024-07-20,wk inc flu hosp,0,2024-07-20,04,quantile,0.55,23.89389679713771
2024-07-20,wk inc flu hosp,0,2024-07-20,04,quantile,0.6,25.393583698992476
2024-07-20,wk inc flu hosp,0,2024-07-20,04,quantile,0.65,28.38020402690712
2024-07-20,wk inc flu hosp,0,2024-07-20,04,quantile,0.7,31.03650441263738
2024-07-20,wk inc flu hosp,0,2024-07-20,04,quantile,0.75,36.4816560872273
2024-07-20,wk inc flu hosp,0,2024-07-20,04,quantile,0.8,42.62455245161892
2024-07-20,wk inc flu hosp,0,2024-07-20,04,quantile,0.85,50.902523599807786
2024-07-20,wk inc flu hosp,0,2024-07-20,04,quantile,0.9,60.993513597437435
2024-07-20,wk inc flu hosp,0,2024-07-20,04,quantile,0.95,81.87021061952206
2024-07-20,wk inc flu hosp,0,2024-07-20,04,quantile,0.975,101.40244204935004
2024-07-20,wk inc flu hosp,0,2024-07-20,04,quantile,0.99,122.60908346149925
2024-07-20,wk inc flu hosp,0,2024-07-20,05,quantile,0.01,0
2024-07-20,wk inc flu hosp,0,2024-07-20,05,quantile,0.025,0
2024-07-20,wk inc flu hosp,0,2024-07-20,05,quantile,0.05,0
2024-07-20,wk inc flu hosp,0,2024-07-20,05,quantile,0.1,0
2024-07-20,wk inc flu hosp,0,2024-07-20,05,quantile,0.15,0.3499625921829334
2024-07-20,wk inc flu hosp,0,2024-07-20,05,quantile,0.2,0.7484545954424978
2024-07-20,wk inc flu hosp,0,2024-07-20,05,quantile,0.25,1.1306810553924784
2024-07-20,wk inc flu hosp,0,2024-07-20,05,quantile,0.3,1.7498568713206781
2024-07-20,wk inc flu hosp,0,2024-07-20,05,quantile,0.35,2.317055016906218
2024-07-20,wk inc flu hosp,0,2024-07-20,05,quantile,0.4,2.772636564125446
2024-07-20,wk inc flu hosp,0,2024-07-20,05,quantile,0.45,3.3458999405524357
2024-07-20,wk inc flu hosp,0,2024-07-20,05,quantile,0.5,4.028276115024228
2024-07-20,wk inc flu hosp,0,2024-07-20,05,quantile,0.55,4.619561544258041
2024-07-20,wk inc flu hosp,0,2024-07-20,05,quantile,0.6,5.3412651944663345
2024-07-20,wk inc flu hosp,0,2024-07-20,05,quantile,0.65,6.412284475978149
2024-07-20,wk inc flu hosp,0,2024-07-20,05,quantile,0.7,8.328865541447062
2024-07-20,wk inc flu hosp,0,2024-07-20,05,quantile,0.75,10.917545420784137
2024-07-20,wk inc flu hosp,0,2024-07-20,05,quantile,0.8,16.11067205206137
2024-07-20,wk inc flu hosp,0,2024-07-20,05,quantile,0.85,23.19534674934487
2024-07-20,wk inc flu hosp,0,2024-07-20,05,quantile,0.9,32.87881035017598
2024-07-20,wk inc flu hosp,0,2024-07-20,05,quantile,0.95,48.42621308940335
2024-07-20,wk inc flu hosp,0,2024-07-20,05,quantile,0.975,62.85942160668944
2024-07-20,wk inc flu hosp,0,2024-07-20,05,quantile,0.99,78.37511465120632
2024-07-20,wk inc flu hosp,0,2024-07-20,06,quantile,0.01,0
2024-07-20,wk inc flu hosp,0,2024-07-20,06,quantile,0.025,0
2024-07-20,wk inc flu hosp,0,2024-07-20,06,quantile,0.05,0.09177241989476004
2024-07-20,wk inc flu hosp,0,2024-07-20,06,quantile,0.1,1.4102046697596604
2024-07-20,wk inc flu hosp,0,2024-07-20,06,quantile,0.15,6.531611830227497
2024-07-20,wk inc flu hosp,0,2024-07-20,06,quantile,0.2,15.665183377351505
2024-07-20,wk inc flu hosp,0,2024-07-20,06,quantile,0.25,20.75242957159572
2024-07-20,wk inc flu hosp,0,2024-07-20,06,quantile,0.3,25.194879584174668
2024-07-20,wk inc flu hosp,0,2024-07-20,06,quantile,0.35,28.522566640700614
2024-07-20,wk inc flu hosp,0,2024-07-20,06,quantile,0.4,31.568717392728324
2024-07-20,wk inc flu hosp,0,2024-07-20,06,quantile,0.45,33.59285327800355
2024-07-20,wk inc flu hosp,0,2024-07-20,06,quantile,0.5,35.98147110997243
2024-07-20,wk inc flu hosp,0,2024-07-20,06,quantile,0.55,38.48606164257264
2024-07-20,wk inc flu hosp,0,2024-07-20,06,quantile,0.6,41.680868049829954
2024-07-20,wk inc flu hosp,0,2024-07-20,06,quantile,0.65,46.30945047447744
2024-07-20,wk inc flu hosp,0,2024-07-20,06,quantile,0.7,52.378358607919886
2024-07-20,wk inc flu hosp,0,2024-07-20,06,quantile,0.75,60.79941435694222
2024-07-20,wk inc flu hosp,0,2024-07-20,06,quantile,0.8,71.07230392946492
2024-07-20,wk inc flu hosp,0,2024-07-20,06,quantile,0.85,83.52102889791871
2024-07-20,wk inc flu hosp,0,2024-07-20,06,quantile,0.9,99.2880463402111
2024-07-20,wk inc flu hosp,0,2024-07-20,06,quantile,0.95,125.68925359575532
2024-07-20,wk inc flu hosp,0,2024-07-20,06,quantile,0.975,151.935177421008
2024-07-20,wk inc flu hosp,0,2024-07-20,06,quantile,0.99,209.35560420234322
2024-07-20,wk inc flu hosp,0,2024-07-20,08,quantile,0.01,0
2024-07-20,wk inc flu hosp,0,2024-07-20,08,quantile,0.025,0
2024-07-20,wk inc flu hosp,0,2024-07-20,08,quantile,0.05,0
2024-07-20,wk inc flu hosp,0,2024-07-20,08,quantile,0.1,0
2024-07-20,wk inc flu hosp,0,2024-07-20,08,quantile,0.15,0.029516384363970347
2024-07-20,wk inc flu hosp,0,2024-07-20,08,quantile,0.2,0.08367108360982436
2024-07-20,wk inc flu hosp,0,2024-07-20,08,quantile,0.25,0.18312098543101116
2024-07-20,wk inc flu hosp,0,2024-07-20,08,quantile,0.3,0.33720591150893364
2024-07-20,wk inc flu hosp,0,2024-07-20,08,quantile,0.35,0.49940125805053004
2024-07-20,wk inc flu hosp,0,2024-07-20,08,quantile,0.4,0.7169834346960962
2024-07-20,wk inc flu hosp,0,2024-07-20,08,quantile,0.45,0.939407270621704
2024-07-20,wk inc flu hosp,0,2024-07-20,08,quantile,0.5,1.1161452891137686
2024-07-20,wk inc flu hosp,0,2024-07-20,08,quantile,0.55,1.3850412973498032
2024-07-20,wk inc flu hosp,0,2024-07-20,08,quantile,0.6,1.859421190894641
2024-07-20,wk inc flu hosp,0,2024-07-20,08,quantile,0.65,2.8020748490217966
2024-07-20,wk inc flu hosp,0,2024-07-20,08,quantile,0.7,4.384761396810437
2024-07-20,wk inc flu hosp,0,2024-07-20,08,quantile,0.75,9.238694969878228
2024-07-20,wk inc flu hosp,0,2024-07-20,08,quantile,0.8,15.269664177287355
2024-07-20,wk inc flu hosp,0,2024-07-20,08,quantile,0.85,23.468084190932643
2024-07-20,wk inc flu hosp,0,2024-07-20,08,quantile,0.9,34.573614801993145
2024-07-20,wk inc flu hosp,0,2024-07-20,08,quantile,0.95,49.74750581857305
2024-07-20,wk inc flu hosp,0,2024-07-20,08,quantile,0.975,64.94567238535984
2024-07-20,wk inc flu hosp,0,2024-07-20,08,quantile,0.99,78.5557819292659
2024-07-20,wk inc flu hosp,0,2024-07-20,09,quantile,0.01,0
2024-07-20,wk inc flu hosp,0,2024-07-20,09,quantile,0.025,0
2024-07-20,wk inc flu hosp,0,2024-07-20,09,quantile,0.05,0
2024-07-20,wk inc flu hosp,0,2024-07-20,09,quantile,0.1,0
2024-07-20,wk inc flu hosp,0,2024-07-20,09,quantile,0.15,0.059005433489222964
2024-07-20,wk inc flu hosp,0,2024-07-20,09,quantile,0.2,0.34713130734818426
2024-07-20,wk inc flu hosp,0,2024-07-20,09,quantile,0.25,1.154686687565428
2024-07-20,wk inc flu hosp,0,2024-07-20,09,quantile,0.3,1.7479973889152425
2024-07-20,wk inc flu hosp,0,2024-07-20,09,quantile,0.35,2.218946089404688
2024-07-20,wk inc flu hosp,0,2024-07-20,09,quantile,0.4,2.7796662079275363
2024-07-20,wk inc flu hosp,0,2024-07-20,09,quantile,0.45,3.0258876976480096
2024-07-20,wk inc flu hosp,0,2024-07-20,09,quantile,0.5,3.1494268171099904
2024-07-20,wk inc flu hosp,0,2024-07-20,09,quantile,0.55,3.784063127528118
2024-07-20,wk inc flu hosp,0,2024-07-20,09,quantile,0.6,4.928737629999706
2024-07-20,wk inc flu hosp,0,2024-07-20,09,quantile,0.65,6.344141085563789
2024-07-20,wk inc flu hosp,0,2024-07-20,09,quantile,0.7,8.2689891418970909
2024-07-20,wk inc flu hosp,0,2024-07-20,09,quantile,0.75,10.713814639575734
2024-07-20,wk inc flu hosp,0,2024-07-20,09,quantile,0.8,14.166003614182172
2024-07-20,wk inc flu hosp,0,2024-07-20,09,quantile,0.85,19.847193726138215
2024-07-20,wk inc flu hosp,0,2024-07-20,09,quantile,0.9,29.70185637381094
2024-07-20,wk inc flu hosp,0,2024-07-20,09,quantile,0.95,44.680670176962636
2024-07-20,wk inc flu hosp,0,2024-07-20,09,quantile,0.975,56.53198185488671
2024-07-20,wk inc flu hosp,0,2024-07-20,09,quantile,0.99,70.81422688159572
2024-07-20,wk inc flu hosp,0,2024-07-20,10,quantile,0.01,0
2024-07-20,wk inc flu hosp,0,2024-07-20,10,quantile,0.025,0
2024-07-20,wk inc flu hosp,0,2024-07-20,10,quantile,0.05,0
2024-07-20,wk inc flu hosp,0,2024-07-20,10,quantile,0.1,0
2024-07-20,wk inc flu hosp,0,2024-07-20,10,quantile,0.15,0
2024-07-20,wk inc flu hosp,0,2024-07-20,10,quantile,0.2,6.986203764120626e-4
2024-07-20,wk inc flu hosp,0,2024-07-20,10,quantile,0.25,0.011687641374005187
2024-07-20,wk inc flu hosp,0,2024-07-20,10,quantile,0.3,0.02267666237159831
2024-07-20,wk inc flu hosp,0,2024-07-20,10,quantile,0.35,0.03821581328101208
2024-07-20,wk inc flu hosp,0,2024-07-20,10,quantile,0.4,0.07292940859012702
2024-07-20,wk inc flu hosp,0,2024-07-20,10,quantile,0.45,0.13887709321049307
2024-07-20,wk inc flu hosp,0,2024-07-20,10,quantile,0.5,0.2187381365915602
2024-07-20,wk inc flu hosp,0,2024-07-20,10,quantile,0.55,0.315414062407357
2024-07-20,wk inc flu hosp,0,2024-07-20,10,quantile,0.6,0.5858445496575893
2024-07-20,wk inc flu hosp,0,2024-07-20,10,quantile,0.65,0.8958738525573364
2024-07-20,wk inc flu hosp,0,2024-07-20,10,quantile,0.7,1.2129655018604208
2024-07-20,wk inc flu hosp,0,2024-07-20,10,quantile,0.75,1.6899953514223711
2024-07-20,wk inc flu hosp,0,2024-07-20,10,quantile,0.8,2.4310314054034423
2024-07-20,wk inc flu hosp,0,2024-07-20,10,quantile,0.85,3.7322834541461396
2024-07-20,wk inc flu hosp,0,2024-07-20,10,quantile,0.9,5.711963226486022
2024-07-20,wk inc flu hosp,0,2024-07-20,10,quantile,0.95,8.674618498842626
2024-07-20,wk inc flu hosp,0,2024-07-20,10,quantile,0.975,10.935423014937065
2024-07-20,wk inc flu hosp,0,2024-07-20,10,quantile,0.99,14.659439606878065
2024-07-20,wk inc flu hosp,0,2024-07-20,11,quantile,0.01,0
2024-07-20,wk inc flu hosp,0,2024-07-20,11,quantile,0.025,0
2024-07-20,wk inc flu hosp,0,2024-07-20,11,quantile,0.05,0
2024-07-20,wk inc flu hosp,0,2024-07-20,11,quantile,0.1,0
2024-07-20,wk inc flu hosp,0,2024-07-20,11,quantile,0.15,0
2024-07-20,wk inc flu hosp,0,2024-07-20,11,quantile,0.2,0.0024854872215195434
2024-07-20,wk inc flu hosp,0,2024-07-20,11,quantile,0.25,0.03323061182837416
2024-07-20,wk inc flu hosp,0,2024-07-20,11,quantile,0.3,0.09847409611254428
2024-07-20,wk inc flu hosp,0,2024-07-20,11,quantile,0.35,0.17935075553463106
2024-07-20,wk inc flu hosp,0,2024-07-20,11,quantile,0.4,0.2829150922987254
2024-07-20,wk inc flu hosp,0,2024-07-20,11,quantile,0.45,0.41193095821446346
2024-07-20,wk inc flu hosp,0,2024-07-20,11,quantile,0.5,0.5796918806481689
2024-07-20,wk inc flu hosp,0,2024-07-20,11,quantile,0.55,0.756282381567062
2024-07-20,wk inc flu hosp,0,2024-07-20,11,quantile,0.6,0.9923988359663513
2024-07-20,wk inc flu hosp,0,2024-07-20,11,quantile,0.65,1.003772815737023
2024-07-20,wk inc flu hosp,0,2024-07-20,11,quantile,0.7,1.077722570723784
2024-07-20,wk inc flu hosp,0,2024-07-20,11,quantile,0.75,1.8388346090525929
2024-07-20,wk inc flu hosp,0,2024-07-20,11,quantile,0.8,2.645519115910733
2024-07-20,wk inc flu hosp,0,2024-07-20,11,quantile,0.85,3.9486918728419274
2024-07-20,wk inc flu hosp,0,2024-07-20,11,quantile,0.9,5.99371020131919
2024-07-20,wk inc flu hosp,0,2024-07-20,11,quantile,0.95,9.619685681094385
2024-07-20,wk inc flu hosp,0,2024-07-20,11,quantile,0.975,12.046161515443702
2024-07-20,wk inc flu hosp,0,2024-07-20,11,quantile,0.99,15.452460460189915
2024-07-20,wk inc flu hosp,0,2024-07-20,12,quantile,0.01,0
2024-07-20,wk inc flu hosp,0,2024-07-20,12,quantile,0.025,0.44340664634363386
2024-07-20,wk inc flu hosp,0,2024-07-20,12,quantile,0.05,4.176127126236258
2024-07-20,wk inc flu hosp,0,2024-07-20,12,quantile,0.1,18.715014574941833
2024-07-20,wk inc flu hosp,0,2024-07-20,12,quantile,0.15,35.15485008364402
2024-07-20,wk inc flu hosp,0,2024-07-20,12,quantile,0.2,43.87077176041167
2024-07-20,wk inc flu hosp,0,2024-07-20,12,quantile,0.25,53.93732738686031
2024-07-20,wk inc flu hosp,0,2024-07-20,12,quantile,0.3,61.0175305513923
2024-07-20,wk inc flu hosp,0,2024-07-20,12,quantile,0.35,67.27083777279819
2024-07-20,wk inc flu hosp,0,2024-07-20,12,quantile,0.4,71.39691931006286
2024-07-20,wk inc flu hosp,0,2024-07-20,12,quantile,0.45,75.52844131541863
2024-07-20,wk inc flu hosp,0,2024-07-20,12,quantile,0.5,80.7237890213959
2024-07-20,wk inc flu hosp,0,2024-07-20,12,quantile,0.55,86.20061835855002
2024-07-20,wk inc flu hosp,0,2024-07-20,12,quantile,0.6,93.53142255015806
2024-07-20,wk inc flu hosp,0,2024-07-20,12,quantile,0.65,101.63899860328198
2024-07-20,wk inc flu hosp,0,2024-07-20,12,quantile,0.7,109.83678951011726
2024-07-20,wk inc flu hosp,0,2024-07-20,12,quantile,0.75,117.47693482381788
2024-07-20,wk inc flu hosp,0,2024-07-20,12,quantile,0.8,128.06783892994915
2024-07-20,wk inc flu hosp,0,2024-07-20,12,quantile,0.85,143.56113817011587
2024-07-20,wk inc flu hosp,0,2024-07-20,12,quantile,0.9,164.22714739869053
2024-07-20,wk inc flu hosp,0,2024-07-20,12,quantile,0.95,192.60151081830992
2024-07-20,wk inc flu hosp,0,2024-07-20,12,quantile,0.975,214.60415956424106
2024-07-20,wk inc flu hosp,0,2024-07-20,12,quantile,0.99,241.72198435118457
2024-07-20,wk inc flu hosp,0,2024-07-20,13,quantile,0.01,0
2024-07-20,wk inc flu hosp,0,2024-07-20,13,quantile,0.025,0
2024-07-20,wk inc flu hosp,0,2024-07-20,13,quantile,0.05,0
2024-07-20,wk inc flu hosp,0,2024-07-20,13,quantile,0.1,0
2024-07-20,wk inc flu hosp,0,2024-07-20,13,quantile,0.15,0.022684494487313186
2024-07-20,wk inc flu hosp,0,2024-07-20,13,quantile,0.2,0.09304308155831702
2024-07-20,wk inc flu hosp,0,2024-07-20,13,quantile,0.25,0.16340166862932082
2024-07-20,wk inc flu hosp,0,2024-07-20,13,quantile,0.3,0.24529281896407976
2024-07-20,wk inc flu hosp,0,2024-07-20,13,quantile,0.35,0.49010353809051466
2024-07-20,wk inc flu hosp,0,2024-07-20,13,quantile,0.4,0.6497697569150517
2024-07-20,wk inc flu hosp,0,2024-07-20,13,quantile,0.45,0.9566985252927516
2024-07-20,wk inc flu hosp,0,2024-07-20,13,quantile,0.5,1.3113781665539312
2024-07-20,wk inc flu hosp,0,2024-07-20,13,quantile,0.55,1.771218185921374
2024-07-20,wk inc flu hosp,0,2024-07-20,13,quantile,0.6,2.2584081300459475
2024-07-20,wk inc flu hosp,0,2024-07-20,13,quantile,0.65,3.1259855272466983
2024-07-20,wk inc flu hosp,0,2024-07-20,13,quantile,0.7,4.877152377123677
2024-07-20,wk inc flu hosp,0,2024-07-20,13,quantile,0.75,9.487786596133429
2024-07-20,wk inc flu hosp,0,2024-07-20,13,quantile,0.8,17.821042019377945
2024-07-20,wk inc flu hosp,0,2024-07-20,13,quantile,0.85,28.94485097850655
2024-07-20,wk inc flu hosp,0,2024-07-20,13,quantile,0.9,43.23024243956626
2024-07-20,wk inc flu hosp,0,2024-07-20,13,quantile,0.95,65.17302337952776
2024-07-20,wk inc flu hosp,0,2024-07-20,13,quantile,0.975,84.44839092953626
2024-07-20,wk inc flu hosp,0,2024-07-20,13,quantile,0.99,113.31514677173365
2024-07-20,wk inc flu hosp,0,2024-07-20,15,quantile,0.01,0
2024-07-20,wk inc flu hosp,0,2024-07-20,15,quantile,0.025,0
2024-07-20,wk inc flu hosp,0,2024-07-20,15,quantile,0.05,0
2024-07-20,wk inc flu hosp,0,2024-07-20,15,quantile,0.1,0.016219895961923313
2024-07-20,wk inc flu hosp,0,2024-07-20,15,quantile,0.15,0.2276055051337809
2024-07-20,wk inc flu hosp,0,2024-07-20,15,quantile,0.2,0.4692911587591098
2024-07-20,wk inc flu hosp,0,2024-07-20,15,quantile,0.25,0.6659749992765986
2024-07-20,wk inc flu hosp,0,2024-07-20,15,quantile,0.3,0.9267172622834027
2024-07-20,wk inc flu hosp,0,2024-07-20,15,quantile,0.35,1.3766546921819793
2024-07-20,wk inc flu hosp,0,2024-07-20,15,quantile,0.4,1.832456915888214
2024-07-20,wk inc flu hosp,0,2024-07-20,15,quantile,0.45,2.1241164585375274
2024-07-20,wk inc flu hosp,0,2024-07-20,15,quantile,0.5,2.47346123554967
2024-07-20,wk inc flu hosp,0,2024-07-20,15,quantile,0.55,2.9363030062361295
2024-07-20,wk inc flu hosp,0,2024-07-20,15,quantile,0.6,3.485901248980171
2024-07-20,wk inc flu hosp,0,2024-07-20,15,quantile,0.65,4.02627484574498
2024-07-20,wk inc flu hosp,0,2024-07-20,15,quantile,0.7,4.952881346301227
2024-07-20,wk inc flu hosp,0,2024-07-20,15,quantile,0.75,5.7151406443983825
2024-07-20,wk inc flu hosp,0,2024-07-20,15,quantile,0.8,7.468342621727404
2024-07-20,wk inc flu hosp,0,2024-07-20,15,quantile,0.85,9.732227767993265
2024-07-20,wk inc flu hosp,0,2024-07-20,15,quantile,0.9,12.927102690017456
2024-07-20,wk inc flu hosp,0,2024-07-20,15,quantile,0.95,18.406786095130858
2024-07-20,wk inc flu hosp,0,2024-07-20,15,quantile,0.975,23.474215472141942
2024-07-20,wk inc flu hosp,0,2024-07-20,15,quantile,0.99,27.706384451149557
2024-07-20,wk inc flu hosp,0,2024-07-20,16,quantile,0.01,0
2024-07-20,wk inc flu hosp,0,2024-07-20,16,quantile,0.025,0
2024-07-20,wk inc flu hosp,0,2024-07-20,16,quantile,0.05,0
2024-07-20,wk inc flu hosp,0,2024-07-20,16,quantile,0.1,0
2024-07-20,wk inc flu hosp,0,2024-07-20,16,quantile,0.15,0
2024-07-20,wk inc flu hosp,0,2024-07-20,16,quantile,0.2,0.006856108872261712
2024-07-20,wk inc flu hosp,0,2024-07-20,16,quantile,0.25,0.02401776008460037
2024-07-20,wk inc flu hosp,0,2024-07-20,16,quantile,0.3,0.04158030567621691
2024-07-20,wk inc flu hosp,0,2024-07-20,16,quantile,0.35,0.09493688333539153
2024-07-20,wk inc flu hosp,0,2024-07-20,16,quantile,0.4,0.1959755896160107
2024-07-20,wk inc flu hosp,0,2024-07-20,16,quantile,0.45,0.2857608014092812
2024-07-20,wk inc flu hosp,0,2024-07-20,16,quantile,0.5,0.39091971139590026
2024-07-20,wk inc flu hosp,0,2024-07-20,16,quantile,0.55,0.5649542750306459
2024-07-20,wk inc flu hosp,0,2024-07-20,16,quantile,0.6,0.7496036177840449
2024-07-20,wk inc flu hosp,0,2024-07-20,16,quantile,0.65,1.116761778853517
2024-07-20,wk inc flu hosp,0,2024-07-20,16,quantile,0.7,1.5355278809936588
2024-07-20,wk inc flu hosp,0,2024-07-20,16,quantile,0.75,2.460973085933281
2024-07-20,wk inc flu hosp,0,2024-07-20,16,quantile,0.8,4.381329966778402
2024-07-20,wk inc flu hosp,0,2024-07-20,16,quantile,0.85,7.371402406461402
2024-07-20,wk inc flu hosp,0,2024-07-20,16,quantile,0.9,11.26829049181057
2024-07-20,wk inc flu hosp,0,2024-07-20,16,quantile,0.95,17.12583950931128
2024-07-20,wk inc flu hosp,0,2024-07-20,16,quantile,0.975,23.004092004451394
2024-07-20,wk inc flu hosp,0,2024-07-20,16,quantile,0.99,29.286271755083114
2024-07-20,wk inc flu hosp,0,2024-07-20,17,quantile,0.01,0
2024-07-20,wk inc flu hosp,0,2024-07-20,17,quantile,0.025,0
2024-07-20,wk inc flu hosp,0,2024-07-20,17,quantile,0.05,0
2024-07-20,wk inc flu hosp,0,2024-07-20,17,quantile,0.1,0
2024-07-20,wk inc flu hosp,0,2024-07-20,17,quantile,0.15,0.2088006220517952
2024-07-20,wk inc flu hosp,0,2024-07-20,17,quantile,0.2,0.5495131575249509
2024-07-20,wk inc flu hosp,0,2024-07-20,17,quantile,0.25,1.0387451315976461
2024-07-20,wk inc flu hosp,0,2024-07-20,17,quantile,0.3,1.7928816920354302
2024-07-20,wk inc flu hosp,0,2024-07-20,17,quantile,0.35,2.5740102021515203
2024-07-20,wk inc flu hosp,0,2024-07-20,17,quantile,0.4,3.282192060412583
2024-07-20,wk inc flu hosp,0,2024-07-20,17,quantile,0.45,4.009145077273652
2024-07-20,wk inc flu hosp,0,2024-07-20,17,quantile,0.5,4.613699009360595
2024-07-20,wk inc flu hosp,0,2024-07-20,17,quantile,0.55,5.217153793934754
2024-07-20,wk inc flu hosp,0,2024-07-20,17,quantile,0.6,6.263527759088043
2024-07-20,wk inc flu hosp,0,2024-07-20,17,quantile,0.65,8.051889319954235
2024-07-20,wk inc flu hosp,0,2024-07-20,17,quantile,0.7,11.202678820157685
2024-07-20,wk inc flu hosp,0,2024-07-20,17,quantile,0.75,14.862878165393218
2024-07-20,wk inc flu hosp,0,2024-07-20,17,quantile,0.8,22.997105558035905
2024-07-20,wk inc flu hosp,0,2024-07-20,17,quantile,0.85,33.79059903479355
2024-07-20,wk inc flu hosp,0,2024-07-20,17,quantile,0.9,48.78580639959519
2024-07-20,wk inc flu hosp,0,2024-07-20,17,quantile,0.95,71.63782303040139
2024-07-20,wk inc flu hosp,0,2024-07-20,17,quantile,0.975,93.34117452239656
2024-07-20,wk inc flu hosp,0,2024-07-20,17,quantile,0.99,117.8205561552929
2024-07-20,wk inc flu hosp,0,2024-07-20,18,quantile,0.01,0
2024-07-20,wk inc flu hosp,0,2024-07-20,18,quantile,0.025,0
2024-07-20,wk inc flu hosp,0,2024-07-20,18,quantile,0.05,0
2024-07-20,wk inc flu hosp,0,2024-07-20,18,quantile,0.1,0
2024-07-20,wk inc flu hosp,0,2024-07-20,18,quantile,0.15,0.679369033449049
2024-07-20,wk inc flu hosp,0,2024-07-20,18,quantile,0.2,1.3400521448369935
2024-07-20,wk inc flu hosp,0,2024-07-20,18,quantile,0.25,1.9670563915263524
2024-07-20,wk inc flu hosp,0,2024-07-20,18,quantile,0.3,2.5120148654758827
2024-07-20,wk inc flu hosp,0,2024-07-20,18,quantile,0.35,2.8735750248249103
2024-07-20,wk inc flu hosp,0,2024-07-20,18,quantile,0.4,3.5404382566721715
2024-07-20,wk inc flu hosp,0,2024-07-20,18,quantile,0.45,4.2376030973154695
2024-07-20,wk inc flu hosp,0,2024-07-20,18,quantile,0.5,5.332132211095228
2024-07-20,wk inc flu hosp,0,2024-07-20,18,quantile,0.55,6.56930080403397
2024-07-20,wk inc flu hosp,0,2024-07-20,18,quantile,0.6,8.28177658889807
2024-07-20,wk inc flu hosp,0,2024-07-20,18,quantile,0.65,10.354443218587992
2024-07-20,wk inc flu hosp,0,2024-07-20,18,quantile,0.7,13.378753935813497
2024-07-20,wk inc flu hosp,0,2024-07-20,18,quantile,0.75,17.76298689440912
2024-07-20,wk inc flu hosp,0,2024-07-20,18,quantile,0.8,24.781586743804972
2024-07-20,wk inc flu hosp,0,2024-07-20,18,quantile,0.85,35.418565816922666
2024-07-20,wk inc flu hosp,0,2024-07-20,18,quantile,0.9,50.88597350488447
2024-07-20,wk inc flu hosp,0,2024-07-20,18,quantile,0.95,75.03625597804358
2024-07-20,wk inc flu hosp,0,2024-07-20,18,quantile,0.975,95.28386789562835
2024-07-20,wk inc flu hosp,0,2024-07-20,18,quantile,0.99,121.12034364056213
2024-07-20,wk inc flu hosp,0,2024-07-20,19,quantile,0.01,0
2024-07-20,wk inc flu hosp,0,2024-07-20,19,quantile,0.025,0
2024-07-20,wk inc flu hosp,0,2024-07-20,19,quantile,0.05,0
2024-07-20,wk inc flu hosp,0,2024-07-20,19,quantile,0.1,0
2024-07-20,wk inc flu hosp,0,2024-07-20,19,quantile,0.15,0.009075060402082969
2024-07-20,wk inc flu hosp,0,2024-07-20,19,quantile,0.2,0.05395046658946544
2024-07-20,wk inc flu hosp,0,2024-07-20,19,quantile,0.25,0.11242891863326113
2024-07-20,wk inc flu hosp,0,2024-07-20,19,quantile,0.3,0.23196489262175193
2024-07-20,wk inc flu hosp,0,2024-07-20,19,quantile,0.35,0.3600228230276306
2024-07-20,wk inc flu hosp,0,2024-07-20,19,quantile,0.4,0.5342889458640366
2024-07-20,wk inc flu hosp,0,2024-07-20,19,quantile,0.45,0.7668188801175496
2024-07-20,wk inc flu hosp,0,2024-07-20,19,quantile,0.5,0.9581341641219037
2024-07-20,wk inc flu hosp,0,2024-07-20,19,quantile,0.55,1.2668502738968401
2024-07-20,wk inc flu hosp,0,2024-07-20,19,quantile,0.6,1.6538602581279365
2024-07-20,wk inc flu hosp,0,2024-07-20,19,quantile,0.65,2.0207863439418863
2024-07-20,wk inc flu hosp,0,2024-07-20,19,quantile,0.7,2.742967763195271
2024-07-20,wk inc flu hosp,0,2024-07-20,19,quantile,0.75,3.7883172390301683
2024-07-20,wk inc flu hosp,0,2024-07-20,19,quantile,0.8,6.850552789743996
2024-07-20,wk inc flu hosp,0,2024-07-20,19,quantile,0.85,10.831416677884986
2024-07-20,wk inc flu hosp,0,2024-07-20,19,quantile,0.9,16.611825843717565
2024-07-20,wk inc flu hosp,0,2024-07-20,19,quantile,0.95,25.494239493564955
2024-07-20,wk inc flu hosp,0,2024-07-20,19,quantile,0.975,32.86466809977378
2024-07-20,wk inc flu hosp,0,2024-07-20,19,quantile,0.99,41.61266742827907
2024-07-20,wk inc flu hosp,0,2024-07-20,20,quantile,0.01,0
2024-07-20,wk inc flu hosp,0,2024-07-20,20,quantile,0.025,0
2024-07-20,wk inc flu hosp,0,2024-07-20,20,quantile,0.05,0
2024-07-20,wk inc flu hosp,0,2024-07-20,20,quantile,0.1,0
2024-07-20,wk inc flu hosp,0,2024-07-20,20,quantile,0.15,0.1996566396007802
2024-07-20,wk inc flu hosp,0,2024-07-20,20,quantile,0.2,0.449989129264608
2024-07-20,wk inc flu hosp,0,2024-07-20,20,quantile,0.25,0.7051254934386226
2024-07-20,wk inc flu hosp,0,2024-07-20,20,quantile,0.3,1.011826011865673
2024-07-20,wk inc flu hosp,0,2024-07-20,20,quantile,0.35,1.4296340529283473
2024-07-20,wk inc flu hosp,0,2024-07-20,20,quantile,0.4,1.921251032946081
2024-07-20,wk inc flu hosp,0,2024-07-20,20,quantile,0.45,2.3860445257432934
2024-07-20,wk inc flu hosp,0,2024-07-20,20,quantile,0.5,2.9700395855203956
2024-07-20,wk inc flu hosp,0,2024-07-20,20,quantile,0.55,3.4378848022153567
2024-07-20,wk inc flu hosp,0,2024-07-20,20,quantile,0.6,4.541394523781468
2024-07-20,wk inc flu hosp,0,2024-07-20,20,quantile,0.65,5.700778966821987
2024-07-20,wk inc flu hosp,0,2024-07-20,20,quantile,0.7,7.242013430381533
2024-07-20,wk inc flu hosp,0,2024-07-20,20,quantile,0.75,8.716680758227564
2024-07-20,wk inc flu hosp,0,2024-07-20,20,quantile,0.8,11.823711029588507
2024-07-20,wk inc flu hosp,0,2024-07-20,20,quantile,0.85,16.1013843553228
2024-07-20,wk inc flu hosp,0,2024-07-20,20,quantile,0.9,22.774647146629245
2024-07-20,wk inc flu hosp,0,2024-07-20,20,quantile,0.95,33.666135219325405
2024-07-20,wk inc flu hosp,0,2024-07-20,20,quantile,0.975,41.59878759872737
2024-07-20,wk inc flu hosp,0,2024-07-20,20,quantile,0.99,52.75113999706923
2024-07-20,wk inc flu hosp,0,2024-07-20,21,quantile,0.01,0
2024-07-20,wk inc flu hosp,0,2024-07-20,21,quantile,0.025,0
2024-07-20,wk inc flu hosp,0,2024-07-20,21,quantile,0.05,0
2024-07-20,wk inc flu hosp,0,2024-07-20,21,quantile,0.1,0
2024-07-20,wk inc flu hosp,0,2024-07-20,21,quantile,0.15,0.01965667357495388
2024-07-20,wk inc flu hosp,0,2024-07-20,21,quantile,0.2,0.10219466586703595
2024-07-20,wk inc flu hosp,0,2024-07-20,21,quantile,0.25,0.18866816633976055
2024-07-20,wk inc flu hosp,0,2024-07-20,21,quantile,0.3,0.3169162352553798
2024-07-20,wk inc flu hosp,0,2024-07-20,21,quantile,0.35,0.5172727459134803
2024-07-20,wk inc flu hosp,0,2024-07-20,21,quantile,0.4,0.7419303293099022
2024-07-20,wk inc flu hosp,0,2024-07-20,21,quantile,0.45,0.9737020701889668
2024-07-20,wk inc flu hosp,0,2024-07-20,21,quantile,0.5,1.3397588538631948
2024-07-20,wk inc flu hosp,0,2024-07-20,21,quantile,0.55,1.7539649205974113
2024-07-20,wk inc flu hosp,0,2024-07-20,21,quantile,0.6,2.2689271825118555
2024-07-20,wk inc flu hosp,0,2024-07-20,21,quantile,0.65,3.112924362489017
2024-07-20,wk inc flu hosp,0,2024-07-20,21,quantile,0.7,4.57993100584707
2024-07-20,wk inc flu hosp,0,2024-07-20,21,quantile,0.75,8.105947326638637
2024-07-20,wk inc flu hosp,0,2024-07-20,21,quantile,0.8,13.247651161725559
2024-07-20,wk inc flu hosp,0,2024-07-20,21,quantile,0.85,21.98363652441244
2024-07-20,wk inc flu hosp,0,2024-07-20,21,quantile,0.9,34.70657110659381
2024-07-20,wk inc flu hosp,0,2024-07-20,21,quantile,0.95,53.64610167864872
2024-07-20,wk inc flu hosp,0,2024-07-20,21,quantile,0.975,69.69561421248832
2024-07-20,wk inc flu hosp,0,2024-07-20,21,quantile,0.99,86.81847831809542
2024-07-20,wk inc flu hosp,0,2024-07-20,22,quantile,0.01,0
2024-07-20,wk inc flu hosp,0,2024-07-20,22,quantile,0.025,0
2024-07-20,wk inc flu hosp,0,2024-07-20,22,quantile,0.05,0
2024-07-20,wk inc flu hosp,0,2024-07-20,22,quantile,0.1,0
2024-07-20,wk inc flu hosp,0,2024-07-20,22,quantile,0.15,0.044699698683299253
2024-07-20,wk inc flu hosp,0,2024-07-20,22,quantile,0.2,0.2503508335739412
2024-07-20,wk inc flu hosp,0,2024-07-20,22,quantile,0.25,0.4706950657758136
2024-07-20,wk inc flu hosp,0,2024-07-20,22,quantile,0.3,0.8319217873984799
2024-07-20,wk inc flu hosp,0,2024-07-20,22,quantile,0.35,1.1773341982191203
2024-07-20,wk inc flu hosp,0,2024-07-20,22,quantile,0.4,1.5628468183622677
2024-07-20,wk inc flu hosp,0,2024-07-20,22,quantile,0.45,1.9556025821806573
2024-07-20,wk inc flu hosp,0,2024-07-20,22,quantile,0.5,2.2440131851532517
2024-07-20,wk inc flu hosp,0,2024-07-20,22,quantile,0.55,2.6392484357528803
2024-07-20,wk inc flu hosp,0,2024-07-20,22,quantile,0.6,3.4912077356245725
2024-07-20,wk inc flu hosp,0,2024-07-20,22,quantile,0.65,4.399014982875342
2024-07-20,wk inc flu hosp,0,2024-07-20,22,quantile,0.7,5.677876428347807
2024-07-20,wk inc flu hosp,0,2024-07-20,22,quantile,0.75,7.856029057957111
2024-07-20,wk inc flu hosp,0,2024-07-20,22,quantile,0.8,11.688158118999567
2024-07-20,wk inc flu hosp,0,2024-07-20,22,quantile,0.85,19.390980648570647
2024-07-20,wk inc flu hosp,0,2024-07-20,22,quantile,0.9,32.20912070037664
2024-07-20,wk inc flu hosp,0,2024-07-20,22,quantile,0.95,50.88078515219338
2024-07-20,wk inc flu hosp,0,2024-07-20,22,quantile,0.975,66.77204121420212
2024-07-20,wk inc flu hosp,0,2024-07-20,22,quantile,0.99,85.41306009464326
2024-07-20,wk inc flu hosp,0,2024-07-20,23,quantile,0.01,0
2024-07-20,wk inc flu hosp,0,2024-07-20,23,quantile,0.025,0
2024-07-20,wk inc flu hosp,0,2024-07-20,23,quantile,0.05,0
2024-07-20,wk inc flu hosp,0,2024-07-20,23,quantile,0.1,0.0053610024282411415
2024-07-20,wk inc flu hosp,0,2024-07-20,23,quantile,0.15,0.14844834850078786
2024-07-20,wk inc flu hosp,0,2024-07-20,23,quantile,0.2,0.3607717371325336
2024-07-20,wk inc flu hosp,0,2024-07-20,23,quantile,0.25,0.5686201787774967
2024-07-20,wk inc flu hosp,0,2024-07-20,23,quantile,0.3,0.7906601033371022
2024-07-20,wk inc flu hosp,0,2024-07-20,23,quantile,0.35,1.0837431235465536
2024-07-20,wk inc flu hosp,0,2024-07-20,23,quantile,0.4,1.7426645724346053
2024-07-20,wk inc flu hosp,0,2024-07-20,23,quantile,0.45,2.6037778798494915
2024-07-20,wk inc flu hosp,0,2024-07-20,23,quantile,0.5,3.116431823632587
2024-07-20,wk inc flu hosp,0,2024-07-20,23,quantile,0.55,3.8742566663451616
2024-07-20,wk inc flu hosp,0,2024-07-20,23,quantile,0.6,4.476657224079745
2024-07-20,wk inc flu hosp,0,2024-07-20,23,quantile,0.65,4.816572421076113
2024-07-20,wk inc flu hosp,0,2024-07-20,23,quantile,0.7,5.141692311260947
2024-07-20,wk inc flu hosp,0,2024-07-20,23,quantile,0.75,6.309324192010257
2024-07-20,wk inc flu hosp,0,2024-07-20,23,quantile,0.8,7.624237723572934
2024-07-20,wk inc flu hosp,0,2024-07-20,23,quantile,0.85,9.078052596506328
2024-07-20,wk inc flu hosp,0,2024-07-20,23,quantile,0.9,11.213588630462791
2024-07-20,wk inc flu hosp,0,2024-07-20,23,quantile,0.95,15.2914368363784
2024-07-20,wk inc flu hosp,0,2024-07-20,23,quantile,0.975,19.227291901440527
2024-07-20,wk inc flu hosp,0,2024-07-20,23,quantile,0.99,24.27194061532756
2024-07-20,wk inc flu hosp,0,2024-07-20,24,quantile,0.01,0
2024-07-20,wk inc flu hosp,0,2024-07-20,24,quantile,0.025,0
2024-07-20,wk inc flu hosp,0,2024-07-20,24,quantile,0.05,0
2024-07-20,wk inc flu hosp,0,2024-07-20,24,quantile,0.1,0
2024-07-20,wk inc flu hosp,0,2024-07-20,24,quantile,0.15,0.004553780175342939
2024-07-20,wk inc flu hosp,0,2024-07-20,24,quantile,0.2,0.0468323613645416
2024-07-20,wk inc flu hosp,0,2024-07-20,24,quantile,0.25,0.08911094255374025
2024-07-20,wk inc flu hosp,0,2024-07-20,24,quantile,0.3,0.16272189635111206
2024-07-20,wk inc flu hosp,0,2024-07-20,24,quantile,0.35,0.30274127955631935
2024-07-20,wk inc flu hosp,0,2024-07-20,24,quantile,0.4,0.5013657560062319
2024-07-20,wk inc flu hosp,0,2024-07-20,24,quantile,0.45,0.7284030136861556
2024-07-20,wk inc flu hosp,0,2024-07-20,24,quantile,0.5,1.0373585165005885
2024-07-20,wk inc flu hosp,0,2024-07-20,24,quantile,0.55,1.2815158579259307
2024-07-20,wk inc flu hosp,0,2024-07-20,24,quantile,0.6,1.52695507316734
2024-07-20,wk inc flu hosp,0,2024-07-20,24,quantile,0.65,2.2516752031750285
2024-07-20,wk inc flu hosp,0,2024-07-20,24,quantile,0.7,3.214854932105574
2024-07-20,wk inc flu hosp,0,2024-07-20,24,quantile,0.75,6.211289050697474
2024-07-20,wk inc flu hosp,0,2024-07-20,24,quantile,0.8,11.671328437358218
2024-07-20,wk inc flu hosp,0,2024-07-20,24,quantile,0.85,19.808618299249066
2024-07-20,wk inc flu hosp,0,2024-07-20,24,quantile,0.9,31.530148004121603
2024-07-20,wk inc flu hosp,0,2024-07-20,24,quantile,0.95,47.93986349579437
2024-07-20,wk inc flu hosp,0,2024-07-20,24,quantile,0.975,62.09726999914951
2024-07-20,wk inc flu hosp,0,2024-07-20,24,quantile,0.99,80.33580751847086
2024-07-20,wk inc flu hosp,0,2024-07-20,25,quantile,0.01,0
2024-07-20,wk inc flu hosp,0,2024-07-20,25,quantile,0.025,0
2024-07-20,wk inc flu hosp,0,2024-07-20,25,quantile,0.05,0
2024-07-20,wk inc flu hosp,0,2024-07-20,25,quantile,0.1,0
2024-07-20,wk inc flu hosp,0,2024-07-20,25,quantile,0.15,0
2024-07-20,wk inc flu hosp,0,2024-07-20,25,quantile,0.2,0.04203282310941965
2024-07-20,wk inc flu hosp,0,2024-07-20,25,quantile,0.25,0.09440699117308335
2024-07-20,wk inc flu hosp,0,2024-07-20,25,quantile,0.3,0.17794125946713552
2024-07-20,wk inc flu hosp,0,2024-07-20,25,quantile,0.35,0.3449803896143034
2024-07-20,wk inc flu hosp,0,2024-07-20,25,quantile,0.4,0.5503720343213327
2024-07-20,wk inc flu hosp,0,2024-07-20,25,quantile,0.45,0.7580280087494489
2024-07-20,wk inc flu hosp,0,2024-07-20,25,quantile,0.5,1.054121527923693
2024-07-20,wk inc flu hosp,0,2024-07-20,25,quantile,0.55,1.4021776355427173
2024-07-20,wk inc flu hosp,0,2024-07-20,25,quantile,0.6,1.8869932847962914
2024-07-20,wk inc flu hosp,0,2024-07-20,25,quantile,0.65,3.0195045869555828
2024-07-20,wk inc flu hosp,0,2024-07-20,25,quantile,0.7,5.083087140144385
2024-07-20,wk inc flu hosp,0,2024-07-20,25,quantile,0.75,10.660348709432057
2024-07-20,wk inc flu hosp,0,2024-07-20,25,quantile,0.8,17.363520435509596
2024-07-20,wk inc flu hosp,0,2024-07-20,25,quantile,0.85,27.42748745930292
2024-07-20,wk inc flu hosp,0,2024-07-20,25,quantile,0.9,41.8868987690672
2024-07-20,wk inc flu hosp,0,2024-07-20,25,quantile,0.95,62.970296486077956
2024-07-20,wk inc flu hosp,0,2024-07-20,25,quantile,0.975,82.31283440385221
2024-07-20,wk inc flu hosp,0,2024-07-20,25,quantile,0.99,105.87951574722
2024-07-20,wk inc flu hosp,0,2024-07-20,26,quantile,0.01,0
2024-07-20,wk inc flu hosp,0,2024-07-20,26,quantile,0.025,0
2024-07-20,wk inc flu hosp,0,2024-07-20,26,quantile,0.05,0
2024-07-20,wk inc flu hosp,0,2024-07-20,26,quantile,0.1,0
2024-07-20,wk inc flu hosp,0,2024-07-20,26,quantile,0.15,0.7102807197101749
2024-07-20,wk inc flu hosp,0,2024-07-20,26,quantile,0.2,1.7176145150680315
2024-07-20,wk inc flu hosp,0,2024-07-20,26,quantile,0.25,2.9821002246924007
2024-07-20,wk inc flu hosp,0,2024-07-20,26,quantile,0.3,4.071559204897822
2024-07-20,wk inc flu hosp,0,2024-07-20,26,quantile,0.35,5.0068965855221075
2024-07-20,wk inc flu hosp,0,2024-07-20,26,quantile,0.4,5.894258083391234
2024-07-20,wk inc flu hosp,0,2024-07-20,26,quantile,0.45,6.863161398201411
2024-07-20,wk inc flu hosp,0,2024-07-20,26,quantile,0.5,7.7927641529819685
2024-07-20,wk inc flu hosp,0,2024-07-20,26,quantile,0.55,8.693654761034107
2024-07-20,wk inc flu hosp,0,2024-07-20,26,quantile,0.6,9.817358111777153
2024-07-20,wk inc flu hosp,0,2024-07-20,26,quantile,0.65,11.931771622275672
2024-07-20,wk inc flu hosp,0,2024-07-20,26,quantile,0.7,15.73035332718971
2024-07-20,wk inc flu hosp,0,2024-07-20,26,quantile,0.75,21.019730147133664
2024-07-20,wk inc flu hosp,0,2024-07-20,26,quantile,0.8,28.53294812988196
2024-07-20,wk inc flu hosp,0,2024-07-20,26,quantile,0.85,39.87721272746859
2024-07-20,wk inc flu hosp,0,2024-07-20,26,quantile,0.9,53.44610884666195
2024-07-20,wk inc flu hosp,0,2024-07-20,26,quantile,0.95,75.31397390297977
2024-07-20,wk inc flu hosp,0,2024-07-20,26,quantile,0.975,96.19663637994249
2024-07-20,wk inc flu hosp,0,2024-07-20,26,quantile,0.99,122.04536896807309
2024-07-20,wk inc flu hosp,0,2024-07-20,27,quantile,0.01,0
2024-07-20,wk inc flu hosp,0,2024-07-20,27,quantile,0.025,0
2024-07-20,wk inc flu hosp,0,2024-07-20,27,quantile,0.05,0
2024-07-20,wk inc flu hosp,0,2024-07-20,27,quantile,0.1,0
2024-07-20,wk inc flu hosp,0,2024-07-20,27,quantile,0.15,0
2024-07-20,wk inc flu hosp,0,2024-07-20,27,quantile,0.2,0.02594916622958725
2024-07-20,wk inc flu hosp,0,2024-07-20,27,quantile,0.25,0.06777566684391854
2024-07-20,wk inc flu hosp,0,2024-07-20,27,quantile,0.3,0.10960216745824986
2024-07-20,wk inc flu hosp,0,2024-07-20,27,quantile,0.35,0.22859049418511992
2024-07-20,wk inc flu hosp,0,2024-07-20,27,quantile,0.4,0.4206297273941488
2024-07-20,wk inc flu hosp,0,2024-07-20,27,quantile,0.45,0.7296295122454103
2024-07-20,wk inc flu hosp,0,2024-07-20,27,quantile,0.5,1.3198480791521117
2024-07-20,wk inc flu hosp,0,2024-07-20,27,quantile,0.55,2.013210431397821
2024-07-20,wk inc flu hosp,0,2024-07-20,27,quantile,0.6,2.501284652006752
2024-07-20,wk inc flu hosp,0,2024-07-20,27,quantile,0.65,3.1079268402846587
2024-07-20,wk inc flu hosp,0,2024-07-20,27,quantile,0.7,5.035581614492921
2024-07-20,wk inc flu hosp,0,2024-07-20,27,quantile,0.75,9.64569187901044
2024-07-20,wk inc flu hosp,0,2024-07-20,27,quantile,0.8,17.38604639481658
2024-07-20,wk inc flu hosp,0,2024-07-20,27,quantile,0.85,27.30319858337887
2024-07-20,wk inc flu hosp,0,2024-07-20,27,quantile,0.9,41.03077485011391
2024-07-20,wk inc flu hosp,0,2024-07-20,27,quantile,0.95,62.49227462992173
2024-07-20,wk inc flu hosp,0,2024-07-20,27,quantile,0.975,80.92112390834482
2024-07-20,wk inc flu hosp,0,2024-07-20,27,quantile,0.99,98.6665019174981
2024-07-20,wk inc flu hosp,0,2024-07-20,28,quantile,0.01,0
2024-07-20,wk inc flu hosp,0,2024-07-20,28,quantile,0.025,0
2024-07-20,wk inc flu hosp,0,2024-07-20,28,quantile,0.05,0
2024-07-20,wk inc flu hosp,0,2024-07-20,28,quantile,0.1,0.17784706887526525
2024-07-20,wk inc flu hosp,0,2024-07-20,28,quantile,0.15,0.7190327335164122
2024-07-20,wk inc flu hosp,0,2024-07-20,28,quantile,0.2,1.1669965048037518
2024-07-20,wk inc flu hosp,0,2024-07-20,28,quantile,0.25,1.6080367679982366
2024-07-20,wk inc flu hosp,0,2024-07-20,28,quantile,0.3,2.1050851630709535
2024-07-20,wk inc flu hosp,0,2024-07-20,28,quantile,0.35,2.5964150875945626
2024-07-20,wk inc flu hosp,0,2024-07-20,28,quantile,0.4,3.147243266531744
2024-07-20,wk inc flu hosp,0,2024-07-20,28,quantile,0.45,4.380259791361486
2024-07-20,wk inc flu hosp,0,2024-07-20,28,quantile,0.5,4.983932106565325
2024-07-20,wk inc flu hosp,0,2024-07-20,28,quantile,0.55,5.955116244462786
2024-07-20,wk inc flu hosp,0,2024-07-20,28,quantile,0.6,7.258299819908972
2024-07-20,wk inc flu hosp,0,2024-07-20,28,quantile,0.65,8.514755687085549
2024-07-20,wk inc flu hosp,0,2024-07-20,28,quantile,0.7,9.895354075189019
2024-07-20,wk inc flu hosp,0,2024-07-20,28,quantile,0.75,12.224640696594236
2024-07-20,wk inc flu hosp,0,2024-07-20,28,quantile,0.8,15.554300242532204
2024-07-20,wk inc flu hosp,0,2024-07-20,28,quantile,0.85,19.788799753373358
2024-07-20,wk inc flu hosp,0,2024-07-20,28,quantile,0.9,27.27964159187316
2024-07-20,wk inc flu hosp,0,2024-07-20,28,quantile,0.95,38.83968181717258
2024-07-20,wk inc flu hosp,0,2024-07-20,28,quantile,0.975,49.42561029199245
2024-07-20,wk inc flu hosp,0,2024-07-20,28,quantile,0.99,61.070033671460784
2024-07-20,wk inc flu hosp,0,2024-07-20,29,quantile,0.01,0
2024-07-20,wk inc flu hosp,0,2024-07-20,29,quantile,0.025,0
2024-07-20,wk inc flu hosp,0,2024-07-20,29,quantile,0.05,0
2024-07-20,wk inc flu hosp,0,2024-07-20,29,quantile,0.1,0
2024-07-20,wk inc flu hosp,0,2024-07-20,29,quantile,0.15,0.016665517105462883
2024-07-20,wk inc flu hosp,0,2024-07-20,29,quantile,0.2,0.11191996167584672
2024-07-20,wk inc flu hosp,0,2024-07-20,29,quantile,0.25,0.2071744062462305
2024-07-20,wk inc flu hosp,0,2024-07-20,29,quantile,0.3,0.40963981865642984
2024-07-20,wk inc flu hosp,0,2024-07-20,29,quantile,0.35,0.5717196203406479
2024-07-20,wk inc flu hosp,0,2024-07-20,29,quantile,0.4,0.7463897171972078
2024-07-20,wk inc flu hosp,0,2024-07-20,29,quantile,0.45,0.9819066127078434
2024-07-20,wk inc flu hosp,0,2024-07-20,29,quantile,0.5,1.3647544235963118
2024-07-20,wk inc flu hosp,0,2024-07-20,29,quantile,0.55,2.1810009652221463
2024-07-20,wk inc flu hosp,0,2024-07-20,29,quantile,0.6,3.2599887573674993
2024-07-20,wk inc flu hosp,0,2024-07-20,29,quantile,0.65,4.562599979642857
2024-07-20,wk inc flu hosp,0,2024-07-20,29,quantile,0.7,8.182094099875272
2024-07-20,wk inc flu hosp,0,2024-07-20,29,quantile,0.75,13.370533379166865
2024-07-20,wk inc flu hosp,0,2024-07-20,29,quantile,0.8,21.211514468512505
2024-07-20,wk inc flu hosp,0,2024-07-20,29,quantile,0.85,31.922634609157637
2024-07-20,wk inc flu hosp,0,2024-07-20,29,quantile,0.9,47.45582342833423
2024-07-20,wk inc flu hosp,0,2024-07-20,29,quantile,0.95,71.59139954335137
2024-07-20,wk inc flu hosp,0,2024-07-20,29,quantile,0.975,91.7219928107633
2024-07-20,wk inc flu hosp,0,2024-07-20,29,quantile,0.99,118.49525241232818
2024-07-20,wk inc flu hosp,0,2024-07-20,30,quantile,0.01,0
2024-07-20,wk inc flu hosp,0,2024-07-20,30,quantile,0.025,0
2024-07-20,wk inc flu hosp,0,2024-07-20,30,quantile,0.05,0
2024-07-20,wk inc flu hosp,0,2024-07-20,30,quantile,0.1,0
2024-07-20,wk inc flu hosp,0,2024-07-20,30,quantile,0.15,0
2024-07-20,wk inc flu hosp,0,2024-07-20,30,quantile,0.2,0.0057753641954939
2024-07-20,wk inc flu hosp,0,2024-07-20,30,quantile,0.25,0.015240218114289708
2024-07-20,wk inc flu hosp,0,2024-07-20,30,quantile,0.3,0.024705072033085515
2024-07-20,wk inc flu hosp,0,2024-07-20,30,quantile,0.35,0.05646874104978
2024-07-20,wk inc flu hosp,0,2024-07-20,30,quantile,0.4,0.12372393193357718
2024-07-20,wk inc flu hosp,0,2024-07-20,30,quantile,0.45,0.28071300833117163
2024-07-20,wk inc flu hosp,0,2024-07-20,30,quantile,0.5,0.4126483102910075
2024-07-20,wk inc flu hosp,0,2024-07-20,30,quantile,0.55,0.6019081899396704
2024-07-20,wk inc flu hosp,0,2024-07-20,30,quantile,0.6,0.8063364300601249
2024-07-20,wk inc flu hosp,0,2024-07-20,30,quantile,0.65,1.030298217534911
2024-07-20,wk inc flu hosp,0,2024-07-20,30,quantile,0.7,1.3224443320593648
2024-07-20,wk inc flu hosp,0,2024-07-20,30,quantile,0.75,1.8792475927471213
2024-07-20,wk inc flu hosp,0,2024-07-20,30,quantile,0.8,2.8428299466980276
2024-07-20,wk inc flu hosp,0,2024-07-20,30,quantile,0.85,4.237917157308629
2024-07-20,wk inc flu hosp,0,2024-07-20,30,quantile,0.9,6.277081120979039
2024-07-20,wk inc flu hosp,0,2024-07-20,30,quantile,0.95,9.501050456076017
2024-07-20,wk inc flu hosp,0,2024-07-20,30,quantile,0.975,12.27532679236302
2024-07-20,wk inc flu hosp,0,2024-07-20,30,quantile,0.99,15.878684719464617
2024-07-20,wk inc flu hosp,0,2024-07-20,31,quantile,0.01,0
2024-07-20,wk inc flu hosp,0,2024-07-20,31,quantile,0.025,0
2024-07-20,wk inc flu hosp,0,2024-07-20,31,quantile,0.05,0
2024-07-20,wk inc flu hosp,0,2024-07-20,31,quantile,0.1,0
2024-07-20,wk inc flu hosp,0,2024-07-20,31,quantile,0.15,0
2024-07-20,wk inc flu hosp,0,2024-07-20,31,quantile,0.2,0
2024-07-20,wk inc flu hosp,0,2024-07-20,31,quantile,0.25,0.005589552939921777
2024-07-20,wk inc flu hosp,0,2024-07-20,31,quantile,0.3,0.013234614281411329
2024-07-20,wk inc flu hosp,0,2024-07-20,31,quantile,0.35,0.020879675622900877
2024-07-20,wk inc flu hosp,0,2024-07-20,31,quantile,0.4,0.028524736964390437
2024-07-20,wk inc flu hosp,0,2024-07-20,31,quantile,0.45,0.0565166735950534
2024-07-20,wk inc flu hosp,0,2024-07-20,31,quantile,0.5,0.17373405002807366
2024-07-20,wk inc flu hosp,0,2024-07-20,31,quantile,0.55,0.3182636749548298
2024-07-20,wk inc flu hosp,0,2024-07-20,31,quantile,0.6,0.4798151718097996
2024-07-20,wk inc flu hosp,0,2024-07-20,31,quantile,0.65,0.6388570262637585
2024-07-20,wk inc flu hosp,0,2024-07-20,31,quantile,0.7,1.1232846459786852
2024-07-20,wk inc flu hosp,0,2024-07-20,31,quantile,0.75,2.4342264919979955
2024-07-20,wk inc flu hosp,0,2024-07-20,31,quantile,0.8,4.51743136263137
2024-07-20,wk inc flu hosp,0,2024-07-20,31,quantile,0.85,7.231477183380022
2024-07-20,wk inc flu hosp,0,2024-07-20,31,quantile,0.9,10.529756900206346
2024-07-20,wk inc flu hosp,0,2024-07-20,31,quantile,0.95,15.692158762341752
2024-07-20,wk inc flu hosp,0,2024-07-20,31,quantile,0.975,20.645360671758638
2024-07-20,wk inc flu hosp,0,2024-07-20,31,quantile,0.99,25.642133474155294
2024-07-20,wk inc flu hosp,0,2024-07-20,32,quantile,0.01,0
2024-07-20,wk inc flu hosp,0,2024-07-20,32,quantile,0.025,0
2024-07-20,wk inc flu hosp,0,2024-07-20,32,quantile,0.05,0
2024-07-20,wk inc flu hosp,0,2024-07-20,32,quantile,0.1,0
2024-07-20,wk inc flu hosp,0,2024-07-20,32,quantile,0.15,0
2024-07-20,wk inc flu hosp,0,2024-07-20,32,quantile,0.2,0.01033144013359836
2024-07-20,wk inc flu hosp,0,2024-07-20,32,quantile,0.25,0.030014057811287312
2024-07-20,wk inc flu hosp,0,2024-07-20,32,quantile,0.3,0.049696675488976265
2024-07-20,wk inc flu hosp,0,2024-07-20,32,quantile,0.35,0.09352831107279849
2024-07-20,wk inc flu hosp,0,2024-07-20,32,quantile,0.4,0.18402389572794883
2024-07-20,wk inc flu hosp,0,2024-07-20,32,quantile,0.45,0.2958017360467432
2024-07-20,wk inc flu hosp,0,2024-07-20,32,quantile,0.5,0.40354727185979994
2024-07-20,wk inc flu hosp,0,2024-07-20,32,quantile,0.55,0.5806384187096378
2024-07-20,wk inc flu hosp,0,2024-07-20,32,quantile,0.6,0.8757870986623448
2024-07-20,wk inc flu hosp,0,2024-07-20,32,quantile,0.65,1.2167427928629053
2024-07-20,wk inc flu hosp,0,2024-07-20,32,quantile,0.7,1.6487931277807877
2024-07-20,wk inc flu hosp,0,2024-07-20,32,quantile,0.75,2.475741522706536
2024-07-20,wk inc flu hosp,0,2024-07-20,32,quantile,0.8,5.138023694925329
2024-07-20,wk inc flu hosp,0,2024-07-20,32,quantile,0.85,10.194546770760951
2024-07-20,wk inc flu hosp,0,2024-07-20,32,quantile,0.9,17.10533048938642
2024-07-20,wk inc flu hosp,0,2024-07-20,32,quantile,0.95,27.12331042950995
2024-07-20,wk inc flu hosp,0,2024-07-20,32,quantile,0.975,35.61978755500462
2024-07-20,wk inc flu hosp,0,2024-07-20,32,quantile,0.99,45.535571532239636
2024-07-20,wk inc flu hosp,0,2024-07-20,33,quantile,0.01,0
2024-07-20,wk inc flu hosp,0,2024-07-20,33,quantile,0.025,0
2024-07-20,wk inc flu hosp,0,2024-07-20,33,quantile,0.05,0
2024-07-20,wk inc flu hosp,0,2024-07-20,33,quantile,0.1,0
2024-07-20,wk inc flu hosp,0,2024-07-20,33,quantile,0.15,0
2024-07-20,wk inc flu hosp,0,2024-07-20,33,quantile,0.2,0
2024-07-20,wk inc flu hosp,0,2024-07-20,33,quantile,0.25,0.004783084457102313
2024-07-20,wk inc flu hosp,0,2024-07-20,33,quantile,0.3,0.012331568797110217
2024-07-20,wk inc flu hosp,0,2024-07-20,33,quantile,0.35,0.01988005313711812
2024-07-20,wk inc flu hosp,0,2024-07-20,33,quantile,0.4,0.027428537477126036
2024-07-20,wk inc flu hosp,0,2024-07-20,33,quantile,0.45,0.05042538531248045
2024-07-20,wk inc flu hosp,0,2024-07-20,33,quantile,0.5,0.1007150260590977
2024-07-20,wk inc flu hosp,0,2024-07-20,33,quantile,0.55,0.23836289444181513
2024-07-20,wk inc flu hosp,0,2024-07-20,33,quantile,0.6,0.4152381525363795
2024-07-20,wk inc flu hosp,0,2024-07-20,33,quantile,0.65,0.8358217506471283
2024-07-20,wk inc flu hosp,0,2024-07-20,33,quantile,0.7,1.5701141872913031
2024-07-20,wk inc flu hosp,0,2024-07-20,33,quantile,0.75,2.9197643168110443
2024-07-20,wk inc flu hosp,0,2024-07-20,33,quantile,0.8,4.9631872602978655
2024-07-20,wk inc flu hosp,0,2024-07-20,33,quantile,0.85,7.5839172574422085
2024-07-20,wk inc flu hosp,0,2024-07-20,33,quantile,0.9,11.12034492558215
2024-07-20,wk inc flu hosp,0,2024-07-20,33,quantile,0.95,16.261651648517326
2024-07-20,wk inc flu hosp,0,2024-07-20,33,quantile,0.975,20.66254476933131
2024-07-20,wk inc flu hosp,0,2024-07-20,33,quantile,0.99,26.0743438853976
2024-07-20,wk inc flu hosp,0,2024-07-20,34,quantile,0.01,0
2024-07-20,wk inc flu hosp,0,2024-07-20,34,quantile,0.025,0
2024-07-20,wk inc flu hosp,0,2024-07-20,34,quantile,0.05,0
2024-07-20,wk inc flu hosp,0,2024-07-20,34,quantile,0.1,0.6019022257329311
2024-07-20,wk inc flu hosp,0,2024-07-20,34,quantile,0.15,1.8542426503656946
2024-07-20,wk inc flu hosp,0,2024-07-20,34,quantile,0.2,4.792301301346835
2024-07-20,wk inc flu hosp,0,2024-07-20,34,quantile,0.25,9.141474016337613
2024-07-20,wk inc flu hosp,0,2024-07-20,34,quantile,0.3,12.522605650749032
2024-07-20,wk inc flu hosp,0,2024-07-20,34,quantile,0.35,15.280013415842387
2024-07-20,wk inc flu hosp,0,2024-07-20,34,quantile,0.4,17.26163481093207
2024-07-20,wk inc flu hosp,0,2024-07-20,34,quantile,0.45,19.068742499462118
2024-07-20,wk inc flu hosp,0,2024-07-20,34,quantile,0.5,20.784878616521542
2024-07-20,wk inc flu hosp,0,2024-07-20,34,quantile,0.55,22.056607225782223
2024-07-20,wk inc flu hosp,0,2024-07-20,34,quantile,0.6,24.049687267556322
2024-07-20,wk inc flu hosp,0,2024-07-20,34,quantile,0.65,26.855357357790332
2024-07-20,wk inc flu hosp,0,2024-07-20,34,quantile,0.7,30.914531550613617
2024-07-20,wk inc flu hosp,0,2024-07-20,34,quantile,0.75,34.90884621317417
2024-07-20,wk inc flu hosp,0,2024-07-20,34,quantile,0.8,40.92243407210244
2024-07-20,wk inc flu hosp,0,2024-07-20,34,quantile,0.85,50.700561239338896
2024-07-20,wk inc flu hosp,0,2024-07-20,34,quantile,0.9,63.63126929863028
2024-07-20,wk inc flu hosp,0,2024-07-20,34,quantile,0.95,82.39628147560059
2024-07-20,wk inc flu hosp,0,2024-07-20,34,quantile,0.975,101.68690908373321
2024-07-20,wk inc flu hosp,0,2024-07-20,34,quantile,0.99,127.98366990802553
2024-07-20,wk inc flu hosp,0,2024-07-20,35,quantile,0.01,0
2024-07-20,wk inc flu hosp,0,2024-07-20,35,quantile,0.025,0
2024-07-20,wk inc flu hosp,0,2024-07-20,35,quantile,0.05,0
2024-07-20,wk inc flu hosp,0,2024-07-20,35,quantile,0.1,0
2024-07-20,wk inc flu hosp,0,2024-07-20,35,quantile,0.15,0
2024-07-20,wk inc flu hosp,0,2024-07-20,35,quantile,0.2,0.004619380151011766
2024-07-20,wk inc flu hosp,0,2024-07-20,35,quantile,0.25,0.020430465443762653
2024-07-20,wk inc flu hosp,0,2024-07-20,35,quantile,0.3,0.03624155073651354
2024-07-20,wk inc flu hosp,0,2024-07-20,35,quantile,0.35,0.052052636029264424
2024-07-20,wk inc flu hosp,0,2024-07-20,35,quantile,0.4,0.1741252426599956
2024-07-20,wk inc flu hosp,0,2024-07-20,35,quantile,0.45,0.3317363501754945
2024-07-20,wk inc flu hosp,0,2024-07-20,35,quantile,0.5,0.514101259292558
2024-07-20,wk inc flu hosp,0,2024-07-20,35,quantile,0.55,0.7160997869334293
2024-07-20,wk inc flu hosp,0,2024-07-20,35,quantile,0.6,0.9833177895658537
2024-07-20,wk inc flu hosp,0,2024-07-20,35,quantile,0.65,1.352650474520465
2024-07-20,wk inc flu hosp,0,2024-07-20,35,quantile,0.7,1.8897995983030123
2024-07-20,wk inc flu hosp,0,2024-07-20,35,quantile,0.75,3.166766175848405
2024-07-20,wk inc flu hosp,0,2024-07-20,35,quantile,0.8,5.326880849953637
2024-07-20,wk inc flu hosp,0,2024-07-20,35,quantile,0.85,9.247769298303048
2024-07-20,wk inc flu hosp,0,2024-07-20,35,quantile,0.9,14.178912134687467
2024-07-20,wk inc flu hosp,0,2024-07-20,35,quantile,0.95,21.512359371163114
2024-07-20,wk inc flu hosp,0,2024-07-20,35,quantile,0.975,27.85265330984591
2024-07-20,wk inc flu hosp,0,2024-07-20,35,quantile,0.99,35.64671920946034
2024-07-20,wk inc flu hosp,0,2024-07-20,36,quantile,0.01,0
2024-07-20,wk inc flu hosp,0,2024-07-20,36,quantile,0.025,0
2024-07-20,wk inc flu hosp,0,2024-07-20,36,quantile,0.05,0
2024-07-20,wk inc flu hosp,0,2024-07-20,36,quantile,0.1,0
2024-07-20,wk inc flu hosp,0,2024-07-20,36,quantile,0.15,0.023183350197588132
2024-07-20,wk inc flu hosp,0,2024-07-20,36,quantile,0.2,0.1333272047094226
2024-07-20,wk inc flu hosp,0,2024-07-20,36,quantile,0.25,0.243471059221257
2024-07-20,wk inc flu hosp,0,2024-07-20,36,quantile,0.3,0.44943125206248613
2024-07-20,wk inc flu hosp,0,2024-07-20,36,quantile,0.35,0.7056663342481967
2024-07-20,wk inc flu hosp,0,2024-07-20,36,quantile,0.4,0.9975965023213484
2024-07-20,wk inc flu hosp,0,2024-07-20,36,quantile,0.45,1.5144262407663405
2024-07-20,wk inc flu hosp,0,2024-07-20,36,quantile,0.5,2.1959655665667754
2024-07-20,wk inc flu hosp,0,2024-07-20,36,quantile,0.55,3.0820431873215295
2024-07-20,wk inc flu hosp,0,2024-07-20,36,quantile,0.6,4.147318819496551
2024-07-20,wk inc flu hosp,0,2024-07-20,36,quantile,0.65,5.80027263497431
2024-07-20,wk inc flu hosp,0,2024-07-20,36,quantile,0.7,7.892070123072871
2024-07-20,wk inc flu hosp,0,2024-07-20,36,quantile,0.75,12.132711538915014
2024-07-20,wk inc flu hosp,0,2024-07-20,36,quantile,0.8,21.271123233954796
2024-07-20,wk inc flu hosp,0,2024-07-20,36,quantile,0.85,34.989663135598335
2024-07-20,wk inc flu hosp,0,2024-07-20,36,quantile,0.9,52.93583292594766
2024-07-20,wk inc flu hosp,0,2024-07-20,36,quantile,0.95,82.25333461072519
2024-07-20,wk inc flu hosp,0,2024-07-20,36,quantile,0.975,114.57741260827353
2024-07-20,wk inc flu hosp,0,2024-07-20,36,quantile,0.99,168.42764683204086
2024-07-20,wk inc flu hosp,0,2024-07-20,37,quantile,0.01,0
2024-07-20,wk inc flu hosp,0,2024-07-20,37,quantile,0.025,0
2024-07-20,wk inc flu hosp,0,2024-07-20,37,quantile,0.05,0
2024-07-20,wk inc flu hosp,0,2024-07-20,37,quantile,0.1,0
2024-07-20,wk inc flu hosp,0,2024-07-20,37,quantile,0.15,0
2024-07-20,wk inc flu hosp,0,2024-07-20,37,quantile,0.2,0.0828060053112981
2024-07-20,wk inc flu hosp,0,2024-07-20,37,quantile,0.25,0.1802104064647213
2024-07-20,wk inc flu hosp,0,2024-07-20,37,quantile,0.3,0.30125760101633187
2024-07-20,wk inc flu hosp,0,2024-07-20,37,quantile,0.35,0.5516192698897638
2024-07-20,wk inc flu hosp,0,2024-07-20,37,quantile,0.4,0.8005492273111665
2024-07-20,wk inc flu hosp,0,2024-07-20,37,quantile,0.45,1.082615729482383
2024-07-20,wk inc flu hosp,0,2024-07-20,37,quantile,0.5,1.4802959855463498
2024-07-20,wk inc flu hosp,0,2024-07-20,37,quantile,0.55,2.042119410923411
2024-07-20,wk inc flu hosp,0,2024-07-20,37,quantile,0.6,2.923695186536328
2024-07-20,wk inc flu hosp,0,2024-07-20,37,quantile,0.65,6.16436151631968
2024-07-20,wk inc flu hosp,0,2024-07-20,37,quantile,0.7,12.150278699500317
2024-07-20,wk inc flu hosp,0,2024-07-20,37,quantile,0.75,19.863176504806855
2024-07-20,wk inc flu hosp,0,2024-07-20,37,quantile,0.8,30.563900034536037
2024-07-20,wk inc flu hosp,0,2024-07-20,37,quantile,0.85,44.219481391217286
2024-07-20,wk inc flu hosp,0,2024-07-20,37,quantile,0.9,61.31753896910235
2024-07-20,wk inc flu hosp,0,2024-07-20,37,quantile,0.95,86.80326454468883
2024-07-20,wk inc flu hosp,0,2024-07-20,37,quantile,0.975,107.74514951718166
2024-07-20,wk inc flu hosp,0,2024-07-20,37,quantile,0.99,132.23597609765008
2024-07-20,wk inc flu hosp,0,2024-07-20,38,quantile,0.01,0
2024-07-20,wk inc flu hosp,0,2024-07-20,38,quantile,0.025,0
2024-07-20,wk inc flu hosp,0,2024-07-20,38,quantile,0.05,0
2024-07-20,wk inc flu hosp,0,2024-07-20,38,quantile,0.1,0
2024-07-20,wk inc flu hosp,0,2024-07-20,38,quantile,0.15,0
2024-07-20,wk inc flu hosp,0,2024-07-20,38,quantile,0.2,0
2024-07-20,wk inc flu hosp,0,2024-07-20,38,quantile,0.25,0.0052688767647315555
2024-07-20,wk inc flu hosp,0,2024-07-20,38,quantile,0.3,0.012934708145575336
2024-07-20,wk inc flu hosp,0,2024-07-20,38,quantile,0.35,0.022211510947102726
2024-07-20,wk inc flu hosp,0,2024-07-20,38,quantile,0.4,0.03825927964553716
2024-07-20,wk inc flu hosp,0,2024-07-20,38,quantile,0.45,0.07097448164627576
2024-07-20,wk inc flu hosp,0,2024-07-20,38,quantile,0.5,0.13859385021159332
2024-07-20,wk inc flu hosp,0,2024-07-20,38,quantile,0.55,0.27276238358598426
2024-07-20,wk inc flu hosp,0,2024-07-20,38,quantile,0.6,0.43734838988593366
2024-07-20,wk inc flu hosp,0,2024-07-20,38,quantile,0.65,0.6608666531237355
2024-07-20,wk inc flu hosp,0,2024-07-20,38,quantile,0.7,1.0586925414859392
2024-07-20,wk inc flu hosp,0,2024-07-20,38,quantile,0.75,1.6429753606328092
2024-07-20,wk inc flu hosp,0,2024-07-20,38,quantile,0.8,2.4628666184554246
2024-07-20,wk inc flu hosp,0,2024-07-20,38,quantile,0.85,3.7749947445635903
2024-07-20,wk inc flu hosp,0,2024-07-20,38,quantile,0.9,5.494490616307186
2024-07-20,wk inc flu hosp,0,2024-07-20,38,quantile,0.95,8.086609814942523
2024-07-20,wk inc flu hosp,0,2024-07-20,38,quantile,0.975,10.26681125273245
2024-07-20,wk inc flu hosp,0,2024-07-20,38,quantile,0.99,13.052404817719342
2024-07-20,wk inc flu hosp,0,2024-07-20,39,quantile,0.01,0
2024-07-20,wk inc flu hosp,0,2024-07-20,39,quantile,0.025,0
2024-07-20,wk inc flu hosp,0,2024-07-20,39,quantile,0.05,0
2024-07-20,wk inc flu hosp,0,2024-07-20,39,quantile,0.1,0
2024-07-20,wk inc flu hosp,0,2024-07-20,39,quantile,0.15,0.10452492850624505
2024-07-20,wk inc flu hosp,0,2024-07-20,39,quantile,0.2,0.4548170963783059
2024-07-20,wk inc flu hosp,0,2024-07-20,39,quantile,0.25,0.8981798275610624
2024-07-20,wk inc flu hosp,0,2024-07-20,39,quantile,0.3,1.1343870210103675
2024-07-20,wk inc flu hosp,0,2024-07-20,39,quantile,0.35,1.5452335802867343
2024-07-20,wk inc flu hosp,0,2024-07-20,39,quantile,0.4,1.8271523121645283
2024-07-20,wk inc flu hosp,0,2024-07-20,39,quantile,0.45,2.152727876142592
2024-07-20,wk inc flu hosp,0,2024-07-20,39,quantile,0.5,2.6525253188452695
2024-07-20,wk inc flu hosp,0,2024-07-20,39,quantile,0.55,3.2621028915845116
2024-07-20,wk inc flu hosp,0,2024-07-20,39,quantile,0.6,4.0662891787060165
2024-07-20,wk inc flu hosp,0,2024-07-20,39,quantile,0.65,5.339822763716629
2024-07-20,wk inc flu hosp,0,2024-07-20,39,quantile,0.7,7.389148884740311
2024-07-20,wk inc flu hosp,0,2024-07-20,39,quantile,0.75,13.317216956541337
2024-07-20,wk inc flu hosp,0,2024-07-20,39,quantile,0.8,23.186809644187612
2024-07-20,wk inc flu hosp,0,2024-07-20,39,quantile,0.85,33.579970912524146
2024-07-20,wk inc flu hosp,0,2024-07-20,39,quantile,0.9,46.888284411056134
2024-07-20,wk inc flu hosp,0,2024-07-20,39,quantile,0.95,69.14876060097109
2024-07-20,wk inc flu hosp,0,2024-07-20,39,quantile,0.975,88.22915759453817
2024-07-20,wk inc flu hosp,0,2024-07-20,39,quantile,0.99,111.05478414150245
2024-07-20,wk inc flu hosp,0,2024-07-20,40,quantile,0.01,0
2024-07-20,wk inc flu hosp,0,2024-07-20,40,quantile,0.025,0
2024-07-20,wk inc flu hosp,0,2024-07-20,40,quantile,0.05,0
2024-07-20,wk inc flu hosp,0,2024-07-20,40,quantile,0.1,0
2024-07-20,wk inc flu hosp,0,2024-07-20,40,quantile,0.15,0
2024-07-20,wk inc flu hosp,0,2024-07-20,40,quantile,0.2,0.010778637050178301
2024-07-20,wk inc flu hosp,0,2024-07-20,40,quantile,0.25,0.048705442598684465
2024-07-20,wk inc flu hosp,0,2024-07-20,40,quantile,0.3,0.08663224814719063
2024-07-20,wk inc flu hosp,0,2024-07-20,40,quantile,0.35,0.1245590536956968
2024-07-20,wk inc flu hosp,0,2024-07-20,40,quantile,0.4,0.29045430340008743
2024-07-20,wk inc flu hosp,0,2024-07-20,40,quantile,0.45,0.46439728268050584
2024-07-20,wk inc flu hosp,0,2024-07-20,40,quantile,0.5,0.6754375630447967
2024-07-20,wk inc flu hosp,0,2024-07-20,40,quantile,0.55,0.9207599911775045
2024-07-20,wk inc flu hosp,0,2024-07-20,40,quantile,0.6,1.2712784091419076
2024-07-20,wk inc flu hosp,0,2024-07-20,40,quantile,0.65,1.9482947815654064
2024-07-20,wk inc flu hosp,0,2024-07-20,40,quantile,0.7,3.4710586973117312
2024-07-20,wk inc flu hosp,0,2024-07-20,40,quantile,0.75,6.1216436803936585
2024-07-20,wk inc flu hosp,0,2024-07-20,40,quantile,0.8,13.577413331904898
2024-07-20,wk inc flu hosp,0,2024-07-20,40,quantile,0.85,25.516148066282355
2024-07-20,wk inc flu hosp,0,2024-07-20,40,quantile,0.9,40.97297125859811
2024-07-20,wk inc flu hosp,0,2024-07-20,40,quantile,0.95,63.636656218370746
2024-07-20,wk inc flu hosp,0,2024-07-20,40,quantile,0.975,83.02538418267665
2024-07-20,wk inc flu hosp,0,2024-07-20,40,quantile,0.99,107.04509569961759
2024-07-20,wk inc flu hosp,0,2024-07-20,41,quantile,0.01,0
2024-07-20,wk inc flu hosp,0,2024-07-20,41,quantile,0.025,0
2024-07-20,wk inc flu hosp,0,2024-07-20,41,quantile,0.05,0
2024-07-20,wk inc flu hosp,0,2024-07-20,41,quantile,0.1,0.005026163669806217
2024-07-20,wk inc flu hosp,0,2024-07-20,41,quantile,0.15,0.33720262507134374
2024-07-20,wk inc flu hosp,0,2024-07-20,41,quantile,0.2,0.65111551727079
2024-07-20,wk inc flu hosp,0,2024-07-20,41,quantile,0.25,0.9512624887182384
2024-07-20,wk inc flu hosp,0,2024-07-20,41,quantile,0.3,1.324416264641509
2024-07-20,wk inc flu hosp,0,2024-07-20,41,quantile,0.35,1.662458918198157
2024-07-20,wk inc flu hosp,0,2024-07-20,41,quantile,0.4,2.098312219603926
2024-07-20,wk inc flu hosp,0,2024-07-20,41,quantile,0.45,2.5570961093517286
2024-07-20,wk inc flu hosp,0,2024-07-20,41,quantile,0.5,2.9314093034082753
2024-07-20,wk inc flu hosp,0,2024-07-20,41,quantile,0.55,3.3020105274924196
2024-07-20,wk inc flu hosp,0,2024-07-20,41,quantile,0.6,4.0263334602606315
2024-07-20,wk inc flu hosp,0,2024-07-20,41,quantile,0.65,5.1017310697681655
2024-07-20,wk inc flu hosp,0,2024-07-20,41,quantile,0.7,6.592077409237327
2024-07-20,wk inc flu hosp,0,2024-07-20,41,quantile,0.75,9.207048667819425
2024-07-20,wk inc flu hosp,0,2024-07-20,41,quantile,0.8,13.396082133755959
2024-07-20,wk inc flu hosp,0,2024-07-20,41,quantile,0.85,18.530264751068916
2024-07-20,wk inc flu hosp,0,2024-07-20,41,quantile,0.9,25.12504070121233
2024-07-20,wk inc flu hosp,0,2024-07-20,41,quantile,0.95,37.225538247131105
2024-07-20,wk inc flu hosp,0,2024-07-20,41,quantile,0.975,48.532922778046476
2024-07-20,wk inc flu hosp,0,2024-07-20,41,quantile,0.99,61.960810007227714
2024-07-20,wk inc flu hosp,0,2024-07-20,42,quantile,0.01,0
2024-07-20,wk inc flu hosp,0,2024-07-20,42,quantile,0.025,0
2024-07-20,wk inc flu hosp,0,2024-07-20,42,quantile,0.05,0.7519597537228083
2024-07-20,wk inc flu hosp,0,2024-07-20,42,quantile,0.1,6.3245941460324495
2024-07-20,wk inc flu hosp,0,2024-07-20,42,quantile,0.15,14.940112291807662
2024-07-20,wk inc flu hosp,0,2024-07-20,42,quantile,0.2,20.6027052277932
2024-07-20,wk inc flu hosp,0,2024-07-20,42,quantile,0.25,25.607690632708653
2024-07-20,wk inc flu hosp,0,2024-07-20,42,quantile,0.3,30.744349320988135
2024-07-20,wk inc flu hosp,0,2024-07-20,42,quantile,0.35,36.01615850515408
2024-07-20,wk inc flu hosp,0,2024-07-20,42,quantile,0.4,39.98349454307889
2024-07-20,wk inc flu hosp,0,2024-07-20,42,quantile,0.45,45.39576260935958
2024-07-20,wk inc flu hosp,0,2024-07-20,42,quantile,0.5,49.47845803994723
2024-07-20,wk inc flu hosp,0,2024-07-20,42,quantile,0.55,52.60452402962299
2024-07-20,wk inc flu hosp,0,2024-07-20,42,quantile,0.6,55.355255999383935
2024-07-20,wk inc flu hosp,0,2024-07-20,42,quantile,0.65,60.30281390300736
2024-07-20,wk inc flu hosp,0,2024-07-20,42,quantile,0.7,64.61715262124861
2024-07-20,wk inc flu hosp,0,2024-07-20,42,quantile,0.75,71.90023052750377
2024-07-20,wk inc flu hosp,0,2024-07-20,42,quantile,0.8,79.51118811161969
2024-07-20,wk inc flu hosp,0,2024-07-20,42,quantile,0.85,90.42868201648062
2024-07-20,wk inc flu hosp,0,2024-07-20,42,quantile,0.9,106.0195909033014
2024-07-20,wk inc flu hosp,0,2024-07-20,42,quantile,0.95,131.0679249962886
2024-07-20,wk inc flu hosp,0,2024-07-20,42,quantile,0.975,147.09006728325383
2024-07-20,wk inc flu hosp,0,2024-07-20,42,quantile,0.99,170.86570753425434
2024-07-20,wk inc flu hosp,0,2024-07-20,44,quantile,0.01,0
2024-07-20,wk inc flu hosp,0,2024-07-20,44,quantile,0.025,0
2024-07-20,wk inc flu hosp,0,2024-07-20,44,quantile,0.05,0
2024-07-20,wk inc flu hosp,0,2024-07-20,44,quantile,0.1,0
2024-07-20,wk inc flu hosp,0,2024-07-20,44,quantile,0.15,0
2024-07-20,wk inc flu hosp,0,2024-07-20,44,quantile,0.2,0
2024-07-20,wk inc flu hosp,0,2024-07-20,44,quantile,0.25,0.005519003619147574
2024-07-20,wk inc flu hosp,0,2024-07-20,44,quantile,0.3,0.011701162296519588
2024-07-20,wk inc flu hosp,0,2024-07-20,44,quantile,0.35,0.017883320973891597
2024-07-20,wk inc flu hosp,0,2024-07-20,44,quantile,0.4,0.03674057829119375
2024-07-20,wk inc flu hosp,0,2024-07-20,44,quantile,0.45,0.07920278197798178
2024-07-20,wk inc flu hosp,0,2024-07-20,44,quantile,0.5,0.14444766443370602
2024-07-20,wk inc flu hosp,0,2024-07-20,44,quantile,0.55,0.2572942478258453
2024-07-20,wk inc flu hosp,0,2024-07-20,44,quantile,0.6,0.4034448395720641
2024-07-20,wk inc flu hosp,0,2024-07-20,44,quantile,0.65,0.6130060100946049
2024-07-20,wk inc flu hosp,0,2024-07-20,44,quantile,0.7,0.9057979178043073
2024-07-20,wk inc flu hosp,0,2024-07-20,44,quantile,0.75,1.37483766647328
2024-07-20,wk inc flu hosp,0,2024-07-20,44,quantile,0.8,2.3131581463036923
2024-07-20,wk inc flu hosp,0,2024-07-20,44,quantile,0.85,4.079702960672857
2024-07-20,wk inc flu hosp,0,2024-07-20,44,quantile,0.9,6.386389927902526
2024-07-20,wk inc flu hosp,0,2024-07-20,44,quantile,0.95,9.832250241398627
2024-07-20,wk inc flu hosp,0,2024-07-20,44,quantile,0.975,12.849612197146266
2024-07-20,wk inc flu hosp,0,2024-07-20,44,quantile,0.99,15.215043422969543
2024-07-20,wk inc flu hosp,0,2024-07-20,45,quantile,0.01,0
2024-07-20,wk inc flu hosp,0,2024-07-20,45,quantile,0.025,0
2024-07-20,wk inc flu hosp,0,2024-07-20,45,quantile,0.05,0
2024-07-20,wk inc flu hosp,0,2024-07-20,45,quantile,0.1,0.7480529824439501
2024-07-20,wk inc flu hosp,0,2024-07-20,45,quantile,0.15,2.319887027850291
2024-07-20,wk inc flu hosp,0,2024-07-20,45,quantile,0.2,4.796757287346563
2024-07-20,wk inc flu hosp,0,2024-07-20,45,quantile,0.25,7.191711060526065
2024-07-20,wk inc flu hosp,0,2024-07-20,45,quantile,0.3,8.857915274710297
2024-07-20,wk inc flu hosp,0,2024-07-20,45,quantile,0.35,10.47003933263163
2024-07-20,wk inc flu hosp,0,2024-07-20,45,quantile,0.4,12.339308236688943
2024-07-20,wk inc flu hosp,0,2024-07-20,45,quantile,0.45,13.387081468521878
2024-07-20,wk inc flu hosp,0,2024-07-20,45,quantile,0.5,14.598725897268297
2024-07-20,wk inc flu hosp,0,2024-07-20,45,quantile,0.55,16.06906048895991
2024-07-20,wk inc flu hosp,0,2024-07-20,45,quantile,0.6,17.993601432768436
2024-07-20,wk inc flu hosp,0,2024-07-20,45,quantile,0.65,19.691193786429864
2024-07-20,wk inc flu hosp,0,2024-07-20,45,quantile,0.7,21.47843933984374
2024-07-20,wk inc flu hosp,0,2024-07-20,45,quantile,0.75,24.047356822646325
2024-07-20,wk inc flu hosp,0,2024-07-20,45,quantile,0.8,27.79359813604724
2024-07-20,wk inc flu hosp,0,2024-07-20,45,quantile,0.85,32.661443223960454
2024-07-20,wk inc flu hosp,0,2024-07-20,45,quantile,0.9,40.654788570452396
2024-07-20,wk inc flu hosp,0,2024-07-20,45,quantile,0.95,54.516558784040114
2024-07-20,wk inc flu hosp,0,2024-07-20,45,quantile,0.975,65.76699011036754
2024-07-20,wk inc flu hosp,0,2024-07-20,45,quantile,0.99,77.01472787947867
2024-07-20,wk inc flu hosp,0,2024-07-20,46,quantile,0.01,0
2024-07-20,wk inc flu hosp,0,2024-07-20,46,quantile,0.025,0
2024-07-20,wk inc flu hosp,0,2024-07-20,46,quantile,0.05,0
2024-07-20,wk inc flu hosp,0,2024-07-20,46,quantile,0.1,0
2024-07-20,wk inc flu hosp,0,2024-07-20,46,quantile,0.15,0
2024-07-20,wk inc flu hosp,0,2024-07-20,46,quantile,0.2,0.0025162812236190976
2024-07-20,wk inc flu hosp,0,2024-07-20,46,quantile,0.25,0.01488122834232472
2024-07-20,wk inc flu hosp,0,2024-07-20,46,quantile,0.3,0.027246175461030343
2024-07-20,wk inc flu hosp,0,2024-07-20,46,quantile,0.35,0.0440587166192867
2024-07-20,wk inc flu hosp,0,2024-07-20,46,quantile,0.4,0.07199454878797626
2024-07-20,wk inc flu hosp,0,2024-07-20,46,quantile,0.45,0.14369580272852356
2024-07-20,wk inc flu hosp,0,2024-07-20,46,quantile,0.5,0.3070328431059045
2024-07-20,wk inc flu hosp,0,2024-07-20,46,quantile,0.55,0.4814823995182193
2024-07-20,wk inc flu hosp,0,2024-07-20,46,quantile,0.6,0.7457213828817878
2024-07-20,wk inc flu hosp,0,2024-07-20,46,quantile,0.65,1.2486815672985578
2024-07-20,wk inc flu hosp,0,2024-07-20,46,quantile,0.7,2.157230946679375
2024-07-20,wk inc flu hosp,0,2024-07-20,46,quantile,0.75,3.2609041579267912
2024-07-20,wk inc flu hosp,0,2024-07-20,46,quantile,0.8,4.733111475291145
2024-07-20,wk inc flu hosp,0,2024-07-20,46,quantile,0.85,6.999582802246601
2024-07-20,wk inc flu hosp,0,2024-07-20,46,quantile,0.9,9.996727088549585
2024-07-20,wk inc flu hosp,0,2024-07-20,46,quantile,0.95,14.782357565898554
2024-07-20,wk inc flu hosp,0,2024-07-20,46,quantile,0.975,18.594765778791476
2024-07-20,wk inc flu hosp,0,2024-07-20,46,quantile,0.99,22.912302185045583
2024-07-20,wk inc flu hosp,0,2024-07-20,47,quantile,0.01,0
2024-07-20,wk inc flu hosp,0,2024-07-20,47,quantile,0.025,0
2024-07-20,wk inc flu hosp,0,2024-07-20,47,quantile,0.05,0
2024-07-20,wk inc flu hosp,0,2024-07-20,47,quantile,0.1,0.37480041797000874
2024-07-20,wk inc flu hosp,0,2024-07-20,47,quantile,0.15,0.9418614958460666
2024-07-20,wk inc flu hosp,0,2024-07-20,47,quantile,0.2,1.8448759567494488
2024-07-20,wk inc flu hosp,0,2024-07-20,47,quantile,0.25,3.9995941461851077
2024-07-20,wk inc flu hosp,0,2024-07-20,47,quantile,0.3,5.232534093921581
2024-07-20,wk inc flu hosp,0,2024-07-20,47,quantile,0.35,6.285734398035612
2024-07-20,wk inc flu hosp,0,2024-07-20,47,quantile,0.4,7.667441091387319
2024-07-20,wk inc flu hosp,0,2024-07-20,47,quantile,0.45,8.821927950035747
2024-07-20,wk inc flu hosp,0,2024-07-20,47,quantile,0.5,9.849468906763967
2024-07-20,wk inc flu hosp,0,2024-07-20,47,quantile,0.55,10.727241338855224
2024-07-20,wk inc flu hosp,0,2024-07-20,47,quantile,0.6,12.544612093569585
2024-07-20,wk inc flu hosp,0,2024-07-20,47,quantile,0.65,15.200061814548464
2024-07-20,wk inc flu hosp,0,2024-07-20,47,quantile,0.7,18.250659255499045
2024-07-20,wk inc flu hosp,0,2024-07-20,47,quantile,0.75,22.682191282951617
2024-07-20,wk inc flu hosp,0,2024-07-20,47,quantile,0.8,28.988528269989736
2024-07-20,wk inc flu hosp,0,2024-07-20,47,quantile,0.85,37.53512394928634
2024-07-20,wk inc flu hosp,0,2024-07-20,47,quantile,0.9,50.46355161295635
2024-07-20,wk inc flu hosp,0,2024-07-20,47,quantile,0.95,70.25563492120892
2024-07-20,wk inc flu hosp,0,2024-07-20,47,quantile,0.975,87.6057240439474
2024-07-20,wk inc flu hosp,0,2024-07-20,47,quantile,0.99,104.98585695574226
2024-07-20,wk inc flu hosp,0,2024-07-20,48,quantile,0.01,0
2024-07-20,wk inc flu hosp,0,2024-07-20,48,quantile,0.025,0
2024-07-20,wk inc flu hosp,0,2024-07-20,48,quantile,0.05,0
2024-07-20,wk inc flu hosp,0,2024-07-20,48,quantile,0.1,0
2024-07-20,wk inc flu hosp,0,2024-07-20,48,quantile,0.15,0.11275463865078801
2024-07-20,wk inc flu hosp,0,2024-07-20,48,quantile,0.2,0.23137833664399696
2024-07-20,wk inc flu hosp,0,2024-07-20,48,quantile,0.25,0.3618299935166282
2024-07-20,wk inc flu hosp,0,2024-07-20,48,quantile,0.3,0.557724692398117
2024-07-20,wk inc flu hosp,0,2024-07-20,48,quantile,0.35,0.8088689216775451
2024-07-20,wk inc flu hosp,0,2024-07-20,48,quantile,0.4,1.1328294821061051
2024-07-20,wk inc flu hosp,0,2024-07-20,48,quantile,0.45,1.4568161642664152
2024-07-20,wk inc flu hosp,0,2024-07-20,48,quantile,0.5,1.890941423320232
2024-07-20,wk inc flu hosp,0,2024-07-20,48,quantile,0.55,2.639601909112884
2024-07-20,wk inc flu hosp,0,2024-07-20,48,quantile,0.6,3.7371376600355806
2024-07-20,wk inc flu hosp,0,2024-07-20,48,quantile,0.65,6.299805183318722
2024-07-20,wk inc flu hosp,0,2024-07-20,48,quantile,0.7,15.479863839204366
2024-07-20,wk inc flu hosp,0,2024-07-20,48,quantile,0.75,27.327873338628326
2024-07-20,wk inc flu hosp,0,2024-07-20,48,quantile,0.8,40.430640414546254
2024-07-20,wk inc flu hosp,0,2024-07-20,48,quantile,0.85,55.01220630613054
2024-07-20,wk inc flu hosp,0,2024-07-20,48,quantile,0.9,73.42262104436081
2024-07-20,wk inc flu hosp,0,2024-07-20,48,quantile,0.95,104.20042656855367
2024-07-20,wk inc flu hosp,0,2024-07-20,48,quantile,0.975,133.9088321446758
2024-07-20,wk inc flu hosp,0,2024-07-20,48,quantile,0.99,198.8019371030964
2024-07-20,wk inc flu hosp,0,2024-07-20,49,quantile,0.01,0
2024-07-20,wk inc flu hosp,0,2024-07-20,49,quantile,0.025,0
2024-07-20,wk inc flu hosp,0,2024-07-20,49,quantile,0.05,0
2024-07-20,wk inc flu hosp,0,2024-07-20,49,quantile,0.1,0
2024-07-20,wk inc flu hosp,0,2024-07-20,49,quantile,0.15,0
2024-07-20,wk inc flu hosp,0,2024-07-20,49,quantile,0.2,0
2024-07-20,wk inc flu hosp,0,2024-07-20,49,quantile,0.25,0.009659797832175406
2024-07-20,wk inc flu hosp,0,2024-07-20,49,quantile,0.3,0.022761481559244106
2024-07-20,wk inc flu hosp,0,2024-07-20,49,quantile,0.35,0.03586316528631281
2024-07-20,wk inc flu hosp,0,2024-07-20,49,quantile,0.4,0.04896484901338152
2024-07-20,wk inc flu hosp,0,2024-07-20,49,quantile,0.45,0.11895957839814272
2024-07-20,wk inc flu hosp,0,2024-07-20,49,quantile,0.5,0.22150460604524053
2024-07-20,wk inc flu hosp,0,2024-07-20,49,quantile,0.55,0.3387721436163253
2024-07-20,wk inc flu hosp,0,2024-07-20,49,quantile,0.6,0.5628198484851162
2024-07-20,wk inc flu hosp,0,2024-07-20,49,quantile,0.65,0.8158685202543022
2024-07-20,wk inc flu hosp,0,2024-07-20,49,quantile,0.7,1.416190304203509
2024-07-20,wk inc flu hosp,0,2024-07-20,49,quantile,0.75,2.422676826294464
2024-07-20,wk inc flu hosp,0,2024-07-20,49,quantile,0.8,5.290208654448481
2024-07-20,wk inc flu hosp,0,2024-07-20,49,quantile,0.85,9.986996467136388
2024-07-20,wk inc flu hosp,0,2024-07-20,49,quantile,0.9,16.29508117084994
2024-07-20,wk inc flu hosp,0,2024-07-20,49,quantile,0.95,25.288287777515194
2024-07-20,wk inc flu hosp,0,2024-07-20,49,quantile,0.975,32.885724753706725
2024-07-20,wk inc flu hosp,0,2024-07-20,49,quantile,0.99,41.59079080415353
2024-07-20,wk inc flu hosp,0,2024-07-20,50,quantile,0.01,0
2024-07-20,wk inc flu hosp,0,2024-07-20,50,quantile,0.025,0
2024-07-20,wk inc flu hosp,0,2024-07-20,50,quantile,0.05,0
2024-07-20,wk inc flu hosp,0,2024-07-20,50,quantile,0.1,0
2024-07-20,wk inc flu hosp,0,2024-07-20,50,quantile,0.15,0
2024-07-20,wk inc flu hosp,0,2024-07-20,50,quantile,0.2,0
2024-07-20,wk inc flu hosp,0,2024-07-20,50,quantile,0.25,0.0036595139077808887
2024-07-20,wk inc flu hosp,0,2024-07-20,50,quantile,0.3,0.010165479820493688
2024-07-20,wk inc flu hosp,0,2024-07-20,50,quantile,0.35,0.01667144573320649
2024-07-20,wk inc flu hosp,0,2024-07-20,50,quantile,0.4,0.03813989771002715
2024-07-20,wk inc flu hosp,0,2024-07-20,50,quantile,0.45,0.06425923741243196
2024-07-20,wk inc flu hosp,0,2024-07-20,50,quantile,0.5,0.11265841482703408
2024-07-20,wk inc flu hosp,0,2024-07-20,50,quantile,0.55,0.2670415418708713
2024-07-20,wk inc flu hosp,0,2024-07-20,50,quantile,0.6,0.39781628522183515
2024-07-20,wk inc flu hosp,0,2024-07-20,50,quantile,0.65,0.5961007873805652
2024-07-20,wk inc flu hosp,0,2024-07-20,50,quantile,0.7,0.8858161206718251
2024-07-20,wk inc flu hosp,0,2024-07-20,50,quantile,0.75,1.3085303105567212
2024-07-20,wk inc flu hosp,0,2024-07-20,50,quantile,0.8,2.238060757943468
2024-07-20,wk inc flu hosp,0,2024-07-20,50,quantile,0.85,3.6686319192281815
2024-07-20,wk inc flu hosp,0,2024-07-20,50,quantile,0.9,5.618936816246412
2024-07-20,wk inc flu hosp,0,2024-07-20,50,quantile,0.95,8.441412061706902
2024-07-20,wk inc flu hosp,0,2024-07-20,50,quantile,0.975,11.15254534713842
2024-07-20,wk inc flu hosp,0,2024-07-20,50,quantile,0.99,13.609180669218532
2024-07-20,wk inc flu hosp,0,2024-07-20,51,quantile,0.01,0
2024-07-20,wk inc flu hosp,0,2024-07-20,51,quantile,0.025,0
2024-07-20,wk inc flu hosp,0,2024-07-20,51,quantile,0.05,0
2024-07-20,wk inc flu hosp,0,2024-07-20,51,quantile,0.1,0.9105894483907228
2024-07-20,wk inc flu hosp,0,2024-07-20,51,quantile,0.15,2.4305863835707013
2024-07-20,wk inc flu hosp,0,2024-07-20,51,quantile,0.2,5.801239010081427
2024-07-20,wk inc flu hosp,0,2024-07-20,51,quantile,0.25,9.88843684234829
2024-07-20,wk inc flu hosp,0,2024-07-20,51,quantile,0.3,12.65952623655014
2024-07-20,wk inc flu hosp,0,2024-07-20,51,quantile,0.35,15.578804323570676
2024-07-20,wk inc flu hosp,0,2024-07-20,51,quantile,0.4,17.429011251089708
2024-07-20,wk inc flu hosp,0,2024-07-20,51,quantile,0.45,19.492604017343094
2024-07-20,wk inc flu hosp,0,2024-07-20,51,quantile,0.5,22.731313483453242
2024-07-20,wk inc flu hosp,0,2024-07-20,51,quantile,0.55,25.276748222951824
2024-07-20,wk inc flu hosp,0,2024-07-20,51,quantile,0.6,26.48875706445097
2024-07-20,wk inc flu hosp,0,2024-07-20,51,quantile,0.65,28.59145258713284
2024-07-20,wk inc flu hosp,0,2024-07-20,51,quantile,0.7,31.199739967468478
2024-07-20,wk inc flu hosp,0,2024-07-20,51,quantile,0.75,35.43407247540921
2024-07-20,wk inc flu hosp,0,2024-07-20,51,quantile,0.8,40.568472292049314
2024-07-20,wk inc flu hosp,0,2024-07-20,51,quantile,0.85,49.0506222772917
2024-07-20,wk inc flu hosp,0,2024-07-20,51,quantile,0.9,61.1376994062419
2024-07-20,wk inc flu hosp,0,2024-07-20,51,quantile,0.95,78.89880526436104
2024-07-20,wk inc flu hosp,0,2024-07-20,51,quantile,0.975,98.22883253156486
2024-07-20,wk inc flu hosp,0,2024-07-20,51,quantile,0.99,117.37251139459275
2024-07-20,wk inc flu hosp,0,2024-07-20,53,quantile,0.01,0
2024-07-20,wk inc flu hosp,0,2024-07-20,53,quantile,0.025,0
2024-07-20,wk inc flu hosp,0,2024-07-20,53,quantile,0.05,0
2024-07-20,wk inc flu hosp,0,2024-07-20,53,quantile,0.1,0.36752164871210447
2024-07-20,wk inc flu hosp,0,2024-07-20,53,quantile,0.15,2.0956488557076947
2024-07-20,wk inc flu hosp,0,2024-07-20,53,quantile,0.2,5.889079204882769
2024-07-20,wk inc flu hosp,0,2024-07-20,53,quantile,0.25,9.391132400404263
2024-07-20,wk inc flu hosp,0,2024-07-20,53,quantile,0.3,11.384812847014066
2024-07-20,wk inc flu hosp,0,2024-07-20,53,quantile,0.35,12.675890727574124
2024-07-20,wk inc flu hosp,0,2024-07-20,53,quantile,0.4,13.27390701467211
2024-07-20,wk inc flu hosp,0,2024-07-20,53,quantile,0.45,14.310489864562811
2024-07-20,wk inc flu hosp,0,2024-07-20,53,quantile,0.5,15.183629313296544
2024-07-20,wk inc flu hosp,0,2024-07-20,53,quantile,0.55,16.948683361747946
2024-07-20,wk inc flu hosp,0,2024-07-20,53,quantile,0.6,19.321824304268084
2024-07-20,wk inc flu hosp,0,2024-07-20,53,quantile,0.65,22.246775688604085
2024-07-20,wk inc flu hosp,0,2024-07-20,53,quantile,0.7,25.84387447209434
2024-07-20,wk inc flu hosp,0,2024-07-20,53,quantile,0.75,29.514263888350495
2024-07-20,wk inc flu hosp,0,2024-07-20,53,quantile,0.8,34.23502126709251
2024-07-20,wk inc flu hosp,0,2024-07-20,53,quantile,0.85,41.31249164164551
2024-07-20,wk inc flu hosp,0,2024-07-20,53,quantile,0.9,49.45296308704126
2024-07-20,wk inc flu hosp,0,2024-07-20,53,quantile,0.95,64.67027417387105
2024-07-20,wk inc flu hosp,0,2024-07-20,53,quantile,0.975,80.88724646503555
2024-07-20,wk inc flu hosp,0,2024-07-20,53,quantile,0.99,104.09394404657672
2024-07-20,wk inc flu hosp,0,2024-07-20,54,quantile,0.01,0
2024-07-20,wk inc flu hosp,0,2024-07-20,54,quantile,0.025,0
2024-07-20,wk inc flu hosp,0,2024-07-20,54,quantile,0.05,0
2024-07-20,wk inc flu hosp,0,2024-07-20,54,quantile,0.1,0
2024-07-20,wk inc flu hosp,0,2024-07-20,54,quantile,0.15,0
2024-07-20,wk inc flu hosp,0,2024-07-20,54,quantile,0.2,0.0012813872120032222
2024-07-20,wk inc flu hosp,0,2024-07-20,54,quantile,0.25,0.017581539603995108
2024-07-20,wk inc flu hosp,0,2024-07-20,54,quantile,0.3,0.03388169199598699
2024-07-20,wk inc flu hosp,0,2024-07-20,54,quantile,0.35,0.050181844387978874
2024-07-20,wk inc flu hosp,0,2024-07-20,54,quantile,0.4,0.08773473733148186
2024-07-20,wk inc flu hosp,0,2024-07-20,54,quantile,0.45,0.1685245083522451
2024-07-20,wk inc flu hosp,0,2024-07-20,54,quantile,0.5,0.2509822546056945
2024-07-20,wk inc flu hosp,0,2024-07-20,54,quantile,0.55,0.3415313222459482
2024-07-20,wk inc flu hosp,0,2024-07-20,54,quantile,0.6,0.4761344192684477
2024-07-20,wk inc flu hosp,0,2024-07-20,54,quantile,0.65,0.8277842063433359
2024-07-20,wk inc flu hosp,0,2024-07-20,54,quantile,0.7,1.6744990771949158
2024-07-20,wk inc flu hosp,0,2024-07-20,54,quantile,0.75,3.2909469748823637
2024-07-20,wk inc flu hosp,0,2024-07-20,54,quantile,0.8,6.806082607452589
2024-07-20,wk inc flu hosp,0,2024-07-20,54,quantile,0.85,11.853331695403932
2024-07-20,wk inc flu hosp,0,2024-07-20,54,quantile,0.9,18.53341022248335
2024-07-20,wk inc flu hosp,0,2024-07-20,54,quantile,0.95,28.785307068573356
2024-07-20,wk inc flu hosp,0,2024-07-20,54,quantile,0.975,36.98186401328473
2024-07-20,wk inc flu hosp,0,2024-07-20,54,quantile,0.99,46.6520613343913
2024-07-20,wk inc flu hosp,0,2024-07-20,55,quantile,0.01,0
2024-07-20,wk inc flu hosp,0,2024-07-20,55,quantile,0.025,0
2024-07-20,wk inc flu hosp,0,2024-07-20,55,quantile,0.05,0
2024-07-20,wk inc flu hosp,0,2024-07-20,55,quantile,0.1,0
2024-07-20,wk inc flu hosp,0,2024-07-20,55,quantile,0.15,0.02975455847455788
2024-07-20,wk inc flu hosp,0,2024-07-20,55,quantile,0.2,0.1437119078883168
2024-07-20,wk inc flu hosp,0,2024-07-20,55,quantile,0.25,0.43716073343146183
2024-07-20,wk inc flu hosp,0,2024-07-20,55,quantile,0.3,0.7533378640368108
2024-07-20,wk inc flu hosp,0,2024-07-20,55,quantile,0.35,1.0969545235689824
2024-07-20,wk inc flu hosp,0,2024-07-20,55,quantile,0.4,1.399897717221703
2024-07-20,wk inc flu hosp,0,2024-07-20,55,quantile,0.45,1.6793972927661651
2024-07-20,wk inc flu hosp,0,2024-07-20,55,quantile,0.5,2.01346573580026
2024-07-20,wk inc flu hosp,0,2024-07-20,55,quantile,0.55,2.3750820835024826
2024-07-20,wk inc flu hosp,0,2024-07-20,55,quantile,0.6,2.9690559836550556
2024-07-20,wk inc flu hosp,0,2024-07-20,55,quantile,0.65,3.2096254769891783
2024-07-20,wk inc flu hosp,0,2024-07-20,55,quantile,0.7,4.316730525039902
2024-07-20,wk inc flu hosp,0,2024-07-20,55,quantile,0.75,7.764587678186501
2024-07-20,wk inc flu hosp,0,2024-07-20,55,quantile,0.8,16.45713555945835
2024-07-20,wk inc flu hosp,0,2024-07-20,55,quantile,0.85,27.99796891332155
2024-07-20,wk inc flu hosp,0,2024-07-20,55,quantile,0.9,42.68935127387086
2024-07-20,wk inc flu hosp,0,2024-07-20,55,quantile,0.95,63.03652177883618
2024-07-20,wk inc flu hosp,0,2024-07-20,55,quantile,0.975,82.68245258775003
2024-07-20,wk inc flu hosp,0,2024-07-20,55,quantile,0.99,103.16458860922263
2024-07-20,wk inc flu hosp,0,2024-07-20,56,quantile,0.01,0
2024-07-20,wk inc flu hosp,0,2024-07-20,56,quantile,0.025,0
2024-07-20,wk inc flu hosp,0,2024-07-20,56,quantile,0.05,0
2024-07-20,wk inc flu hosp,0,2024-07-20,56,quantile,0.1,0.019884892980314452
2024-07-20,wk inc flu hosp,0,2024-07-20,56,quantile,0.15,0.06843878884463456
2024-07-20,wk inc flu hosp,0,2024-07-20,56,quantile,0.2,0.20394960175756982
2024-07-20,wk inc flu hosp,0,2024-07-20,56,quantile,0.25,0.3322374874731962
2024-07-20,wk inc flu hosp,0,2024-07-20,56,quantile,0.3,0.4527405068511039
2024-07-20,wk inc flu hosp,0,2024-07-20,56,quantile,0.35,0.5710918113620528
2024-07-20,wk inc flu hosp,0,2024-07-20,56,quantile,0.4,0.7640561865497785
2024-07-20,wk inc flu hosp,0,2024-07-20,56,quantile,0.45,0.9739349700414759
2024-07-20,wk inc flu hosp,0,2024-07-20,56,quantile,0.5,1.147278621850902
2024-07-20,wk inc flu hosp,0,2024-07-20,56,quantile,0.55,1.3803759181019488
2024-07-20,wk inc flu hosp,0,2024-07-20,56,quantile,0.6,1.6494705441294841
2024-07-20,wk inc flu hosp,0,2024-07-20,56,quantile,0.65,1.9181987947409287
2024-07-20,wk inc flu hosp,0,2024-07-20,56,quantile,0.7,2.338010974799025
2024-07-20,wk inc flu hosp,0,2024-07-20,56,quantile,0.75,2.724827007113163
2024-07-20,wk inc flu hosp,0,2024-07-20,56,quantile,0.8,3.162194962421027
2024-07-20,wk inc flu hosp,0,2024-07-20,56,quantile,0.85,3.7771182729412742
2024-07-20,wk inc flu hosp,0,2024-07-20,56,quantile,0.9,4.5309241299378336
2024-07-20,wk inc flu hosp,0,2024-07-20,56,quantile,0.95,5.773331703995165
2024-07-20,wk inc flu hosp,0,2024-07-20,56,quantile,0.975,6.954392519408847
2024-07-20,wk inc flu hosp,0,2024-07-20,56,quantile,0.99,8.615464235991533
2024-07-20,wk inc flu hosp,0,2024-07-20,72,quantile,0.01,0
2024-07-20,wk inc flu hosp,0,2024-07-20,72,quantile,0.025,0
2024-07-20,wk inc flu hosp,0,2024-07-20,72,quantile,0.05,0
2024-07-20,wk inc flu hosp,0,2024-07-20,72,quantile,0.1,0.5685826088347914
2024-07-20,wk inc flu hosp,0,2024-07-20,72,quantile,0.15,1.3476556890073774
2024-07-20,wk inc flu hosp,0,2024-07-20,72,quantile,0.2,2.303413598306431
2024-07-20,wk inc flu hosp,0,2024-07-20,72,quantile,0.25,3.3027259315943227
2024-07-20,wk inc flu hosp,0,2024-07-20,72,quantile,0.3,4.202179705055439
2024-07-20,wk inc flu hosp,0,2024-07-20,72,quantile,0.35,4.623734141677391
2024-07-20,wk inc flu hosp,0,2024-07-20,72,quantile,0.4,5.384534600523189
2024-07-20,wk inc flu hosp,0,2024-07-20,72,quantile,0.45,5.961699988043317
2024-07-20,wk inc flu hosp,0,2024-07-20,72,quantile,0.5,7.045839665437148
2024-07-20,wk inc flu hosp,0,2024-07-20,72,quantile,0.55,8.2611505570525
2024-07-20,wk inc flu hosp,0,2024-07-20,72,quantile,0.6,9.202787697564782
2024-07-20,wk inc flu hosp,0,2024-07-20,72,quantile,0.65,10.462620915388758
2024-07-20,wk inc flu hosp,0,2024-07-20,72,quantile,0.7,12.784426631937547
2024-07-20,wk inc flu hosp,0,2024-07-20,72,quantile,0.75,15.821901476130124
2024-07-20,wk inc flu hosp,0,2024-07-20,72,quantile,0.8,19.126179302862624
2024-07-20,wk inc flu hosp,0,2024-07-20,72,quantile,0.85,23.945584552647905
2024-07-20,wk inc flu hosp,0,2024-07-20,72,quantile,0.9,29.369925818750907
2024-07-20,wk inc flu hosp,0,2024-07-20,72,quantile,0.95,38.81713897639324
2024-07-20,wk inc flu hosp,0,2024-07-20,72,quantile,0.975,46.91864111804333
2024-07-20,wk inc flu hosp,0,2024-07-20,72,quantile,0.99,55.78687872382598
2024-07-20,wk inc flu hosp,0,2024-07-20,US,quantile,0.01,0
2024-07-20,wk inc flu hosp,0,2024-07-20,US,quantile,0.025,0
2024-07-20,wk inc flu hosp,0,2024-07-20,US,quantile,0.05,7.338618487609455
2024-07-20,wk inc flu hosp,0,2024-07-20,US,quantile,0.1,34.19674175810427
2024-07-20,wk inc flu hosp,0,2024-07-20,US,quantile,0.15,76.64522842823088
2024-07-20,wk inc flu hosp,0,2024-07-20,US,quantile,0.2,112.23626787467622
2024-07-20,wk inc flu hosp,0,2024-07-20,US,quantile,0.25,140.54623436043852
2024-07-20,wk inc flu hosp,0,2024-07-20,US,quantile,0.3,163.05004682823264
2024-07-20,wk inc flu hosp,0,2024-07-20,US,quantile,0.35,174.20072814625686
2024-07-20,wk inc flu hosp,0,2024-07-20,US,quantile,0.4,196.767137342927
2024-07-20,wk inc flu hosp,0,2024-07-20,US,quantile,0.45,225.54743339090024
2024-07-20,wk inc flu hosp,0,2024-07-20,US,quantile,0.5,260.5190126263621
2024-07-20,wk inc flu hosp,0,2024-07-20,US,quantile,0.55,296.1076532420643
2024-07-20,wk inc flu hosp,0,2024-07-20,US,quantile,0.6,333.62481538903455
2024-07-20,wk inc flu hosp,0,2024-07-20,US,quantile,0.65,368.7711876145809
2024-07-20,wk inc flu hosp,0,2024-07-20,US,quantile,0.7,400.214383776859
2024-07-20,wk inc flu hosp,0,2024-07-20,US,quantile,0.75,443.65517447282883
2024-07-20,wk inc flu hosp,0,2024-07-20,US,quantile,0.8,500.41756900203194
2024-07-20,wk inc flu hosp,0,2024-07-20,US,quantile,0.85,575.5836038249536
2024-07-20,wk inc flu hosp,0,2024-07-20,US,quantile,0.9,683.6656783870154
2024-07-20,wk inc flu hosp,0,2024-07-20,US,quantile,0.95,876.313457591139
2024-07-20,wk inc flu hosp,0,2024-07-20,US,quantile,0.975,1255.7521715188857
2024-07-20,wk inc flu hosp,0,2024-07-20,US,quantile,0.99,2042.534936024371
2024-07-20,wk inc flu hosp,1,2024-07-27,01,quantile,0.01,0
2024-07-20,wk inc flu hosp,1,2024-07-27,01,quantile,0.025,0
2024-07-20,wk inc flu hosp,1,2024-07-27,01,quantile,0.05,0
2024-07-20,wk inc flu hosp,1,2024-07-27,01,quantile,0.1,0
2024-07-20,wk inc flu hosp,1,2024-07-27,01,quantile,0.15,0
2024-07-20,wk inc flu hosp,1,2024-07-27,01,quantile,0.2,0.02239487843074691
2024-07-20,wk inc flu hosp,1,2024-07-27,01,quantile,0.25,0.07269087302356364
2024-07-20,wk inc flu hosp,1,2024-07-27,01,quantile,0.3,0.12298686761638036
2024-07-20,wk inc flu hosp,1,2024-07-27,01,quantile,0.35,0.2483412163783497
2024-07-20,wk inc flu hosp,1,2024-07-27,01,quantile,0.4,0.5090927648952976
2024-07-20,wk inc flu hosp,1,2024-07-27,01,quantile,0.45,0.8336805088302071
2024-07-20,wk inc flu hosp,1,2024-07-27,01,quantile,0.5,1.3384782878078905
2024-07-20,wk inc flu hosp,1,2024-07-27,01,quantile,0.55,2.0185055404033405
2024-07-20,wk inc flu hosp,1,2024-07-27,01,quantile,0.6,2.7730994651551493
2024-07-20,wk inc flu hosp,1,2024-07-27,01,quantile,0.65,3.6636416204165108
2024-07-20,wk inc flu hosp,1,2024-07-27,01,quantile,0.7,5.113055420925638
2024-07-20,wk inc flu hosp,1,2024-07-27,01,quantile,0.75,8.923533763820632
2024-07-20,wk inc flu hosp,1,2024-07-27,01,quantile,0.8,17.162420706990762
2024-07-20,wk inc flu hosp,1,2024-07-27,01,quantile,0.85,27.73086504570333
2024-07-20,wk inc flu hosp,1,2024-07-27,01,quantile,0.9,41.841253332723845
2024-07-20,wk inc flu hosp,1,2024-07-27,01,quantile,0.95,62.03837245397929
2024-07-20,wk inc flu hosp,1,2024-07-27,01,quantile,0.975,78.7267732678826
2024-07-20,wk inc flu hosp,1,2024-07-27,01,quantile,0.99,101.82969504559006
2024-07-20,wk inc flu hosp,1,2024-07-27,02,quantile,0.01,0
2024-07-20,wk inc flu hosp,1,2024-07-27,02,quantile,0.025,0
2024-07-20,wk inc flu hosp,1,2024-07-27,02,quantile,0.05,0
2024-07-20,wk inc flu hosp,1,2024-07-27,02,quantile,0.1,0.009000454985218603
2024-07-20,wk inc flu hosp,1,2024-07-27,02,quantile,0.15,0.04174357551116337
2024-07-20,wk inc flu hosp,1,2024-07-27,02,quantile,0.2,0.09435093145764926
2024-07-20,wk inc flu hosp,1,2024-07-27,02,quantile,0.25,0.2061487712054989
2024-07-20,wk inc flu hosp,1,2024-07-27,02,quantile,0.3,0.5695262990198017
2024-07-20,wk inc flu hosp,1,2024-07-27,02,quantile,0.35,0.8717757984933825
2024-07-20,wk inc flu hosp,1,2024-07-27,02,quantile,0.4,1.0775965387651687
2024-07-20,wk inc flu hosp,1,2024-07-27,02,quantile,0.45,1.3592781604432072
2024-07-20,wk inc flu hosp,1,2024-07-27,02,quantile,0.5,1.6420359599970513
2024-07-20,wk inc flu hosp,1,2024-07-27,02,quantile,0.55,2.0027422326453554
2024-07-20,wk inc flu hosp,1,2024-07-27,02,quantile,0.6,2.414529293506402
2024-07-20,wk inc flu hosp,1,2024-07-27,02,quantile,0.65,2.90316376174478
2024-07-20,wk inc flu hosp,1,2024-07-27,02,quantile,0.7,3.424998961842026
2024-07-20,wk inc flu hosp,1,2024-07-27,02,quantile,0.75,3.9254497976554754
2024-07-20,wk inc flu hosp,1,2024-07-27,02,quantile,0.8,4.607173766504553
2024-07-20,wk inc flu hosp,1,2024-07-27,02,quantile,0.85,5.42856631382493
2024-07-20,wk inc flu hosp,1,2024-07-27,02,quantile,0.9,6.488129771553131
2024-07-20,wk inc flu hosp,1,2024-07-27,02,quantile,0.95,8.258598515365057
2024-07-20,wk inc flu hosp,1,2024-07-27,02,quantile,0.975,10.095349402094161
2024-07-20,wk inc flu hosp,1,2024-07-27,02,quantile,0.99,12.139560249074805
2024-07-20,wk inc flu hosp,1,2024-07-27,04,quantile,0.01,0
2024-07-20,wk inc flu hosp,1,2024-07-27,04,quantile,0.025,0
2024-07-20,wk inc flu hosp,1,2024-07-27,04,quantile,0.05,0
2024-07-20,wk inc flu hosp,1,2024-07-27,04,quantile,0.1,0.7520304472182104
2024-07-20,wk inc flu hosp,1,2024-07-27,04,quantile,0.15,1.886843354859257
2024-07-20,wk inc flu hosp,1,2024-07-27,04,quantile,0.2,5.119999837075896
2024-07-20,wk inc flu hosp,1,2024-07-27,04,quantile,0.25,8.227277915268044
2024-07-20,wk inc flu hosp,1,2024-07-27,04,quantile,0.3,11.025014042491597
2024-07-20,wk inc flu hosp,1,2024-07-27,04,quantile,0.35,13.927829378084924
2024-07-20,wk inc flu hosp,1,2024-07-27,04,quantile,0.4,17.13547107109802
2024-07-20,wk inc flu hosp,1,2024-07-27,04,quantile,0.45,20.033122457587208
2024-07-20,wk inc flu hosp,1,2024-07-27,04,quantile,0.5,22.77633239385426
2024-07-20,wk inc flu hosp,1,2024-07-27,04,quantile,0.55,25.54503804021416
2024-07-20,wk inc flu hosp,1,2024-07-27,04,quantile,0.6,28.397982033908097
2024-07-20,wk inc flu hosp,1,2024-07-27,04,quantile,0.65,31.56532450024934
2024-07-20,wk inc flu hosp,1,2024-07-27,04,quantile,0.7,36.47781663384726
2024-07-20,wk inc flu hosp,1,2024-07-27,04,quantile,0.75,44.01146930411907
2024-07-20,wk inc flu hosp,1,2024-07-27,04,quantile,0.8,52.20252013062724
2024-07-20,wk inc flu hosp,1,2024-07-27,04,quantile,0.85,63.029967302326156
2024-07-20,wk inc flu hosp,1,2024-07-27,04,quantile,0.9,77.29543754837235
2024-07-20,wk inc flu hosp,1,2024-07-27,04,quantile,0.95,100.01596776120296
2024-07-20,wk inc flu hosp,1,2024-07-27,04,quantile,0.975,121.87935908692452
2024-07-20,wk inc flu hosp,1,2024-07-27,04,quantile,0.99,142.04713069029725
2024-07-20,wk inc flu hosp,1,2024-07-27,05,quantile,0.01,0
2024-07-20,wk inc flu hosp,1,2024-07-27,05,quantile,0.025,0
2024-07-20,wk inc flu hosp,1,2024-07-27,05,quantile,0.05,0
2024-07-20,wk inc flu hosp,1,2024-07-27,05,quantile,0.1,0.032989091267052045
2024-07-20,wk inc flu hosp,1,2024-07-27,05,quantile,0.15,0.46809840146642445
2024-07-20,wk inc flu hosp,1,2024-07-27,05,quantile,0.2,0.8713018624548364
2024-07-20,wk inc flu hosp,1,2024-07-27,05,quantile,0.25,1.2963365077807127
2024-07-20,wk inc flu hosp,1,2024-07-27,05,quantile,0.3,1.751030464305604
2024-07-20,wk inc flu hosp,1,2024-07-27,05,quantile,0.35,2.3629937437435373
2024-07-20,wk inc flu hosp,1,2024-07-27,05,quantile,0.4,3.1182358187964616
2024-07-20,wk inc flu hosp,1,2024-07-27,05,quantile,0.45,4.04440963600714
2024-07-20,wk inc flu hosp,1,2024-07-27,05,quantile,0.5,4.901659035084902
2024-07-20,wk inc flu hosp,1,2024-07-27,05,quantile,0.55,5.918899348125459
2024-07-20,wk inc flu hosp,1,2024-07-27,05,quantile,0.6,7.53609723039719
2024-07-20,wk inc flu hosp,1,2024-07-27,05,quantile,0.65,9.88359723116612
2024-07-20,wk inc flu hosp,1,2024-07-27,05,quantile,0.7,13.403867917509253
2024-07-20,wk inc flu hosp,1,2024-07-27,05,quantile,0.75,17.756069465870507
2024-07-20,wk inc flu hosp,1,2024-07-27,05,quantile,0.8,23.14326913687857
2024-07-20,wk inc flu hosp,1,2024-07-27,05,quantile,0.85,30.747983063503767
2024-07-20,wk inc flu hosp,1,2024-07-27,05,quantile,0.9,42.0079731897619
2024-07-20,wk inc flu hosp,1,2024-07-27,05,quantile,0.95,59.93008614234145
2024-07-20,wk inc flu hosp,1,2024-07-27,05,quantile,0.975,75.07951123461868
2024-07-20,wk inc flu hosp,1,2024-07-27,05,quantile,0.99,88.68870798024693
2024-07-20,wk inc flu hosp,1,2024-07-27,06,quantile,0.01,0
2024-07-20,wk inc flu hosp,1,2024-07-27,06,quantile,0.025,0
2024-07-20,wk inc flu hosp,1,2024-07-27,06,quantile,0.05,0.01881706443950078
2024-07-20,wk inc flu hosp,1,2024-07-27,06,quantile,0.1,2.7985386067897786
2024-07-20,wk inc flu hosp,1,2024-07-27,06,quantile,0.15,7.48373221243972
2024-07-20,wk inc flu hosp,1,2024-07-27,06,quantile,0.2,14.468804822454723
2024-07-20,wk inc flu hosp,1,2024-07-27,06,quantile,0.25,19.595051602014443
2024-07-20,wk inc flu hosp,1,2024-07-27,06,quantile,0.3,22.152600228649927
2024-07-20,wk inc flu hosp,1,2024-07-27,06,quantile,0.35,25.443128544077993
2024-07-20,wk inc flu hosp,1,2024-07-27,06,quantile,0.4,28.364181375557138
2024-07-20,wk inc flu hosp,1,2024-07-27,06,quantile,0.45,30.87430504348391
2024-07-20,wk inc flu hosp,1,2024-07-27,06,quantile,0.5,34.579403410486826
2024-07-20,wk inc flu hosp,1,2024-07-27,06,quantile,0.55,39.18972442405518
2024-07-20,wk inc flu hosp,1,2024-07-27,06,quantile,0.6,45.03966561441558
2024-07-20,wk inc flu hosp,1,2024-07-27,06,quantile,0.65,52.23584881781128
2024-07-20,wk inc flu hosp,1,2024-07-27,06,quantile,0.7,60.28295306446253
2024-07-20,wk inc flu hosp,1,2024-07-27,06,quantile,0.75,69.12023591363024
2024-07-20,wk inc flu hosp,1,2024-07-27,06,quantile,0.8,79.379443334370407
2024-07-20,wk inc flu hosp,1,2024-07-27,06,quantile,0.85,95.69951492138675
2024-07-20,wk inc flu hosp,1,2024-07-27,06,quantile,0.9,118.61454255220805
2024-07-20,wk inc flu hosp,1,2024-07-27,06,quantile,0.95,163.38660096919085
2024-07-20,wk inc flu hosp,1,2024-07-27,06,quantile,0.975,271.65991066845737
2024-07-20,wk inc flu hosp,1,2024-07-27,06,quantile,0.99,625.0506485515696
2024-07-20,wk inc flu hosp,1,2024-07-27,08,quantile,0.01,0
2024-07-20,wk inc flu hosp,1,2024-07-27,08,quantile,0.025,0
2024-07-20,wk inc flu hosp,1,2024-07-27,08,quantile,0.05,0
2024-07-20,wk inc flu hosp,1,2024-07-27,08,quantile,0.1,0
2024-07-20,wk inc flu hosp,1,2024-07-27,08,quantile,0.15,0.0019040368922686158
2024-07-20,wk inc flu hosp,1,2024-07-27,08,quantile,0.2,0.07058553612991748
2024-07-20,wk inc flu hosp,1,2024-07-27,08,quantile,0.25,0.20310730504174138
2024-07-20,wk inc flu hosp,1,2024-07-27,08,quantile,0.3,0.44192267484446257
2024-07-20,wk inc flu hosp,1,2024-07-27,08,quantile,0.35,0.6932165735716022
2024-07-20,wk inc flu hosp,1,2024-07-27,08,quantile,0.4,0.9963868375842251
2024-07-20,wk inc flu hosp,1,2024-07-27,08,quantile,0.45,1.3209231388070917
2024-07-20,wk inc flu hosp,1,2024-07-27,08,quantile,0.5,1.8493582625415903
2024-07-20,wk inc flu hosp,1,2024-07-27,08,quantile,0.55,2.5177307352719303
2024-07-20,wk inc flu hosp,1,2024-07-27,08,quantile,0.6,3.6441858850565496
2024-07-20,wk inc flu hosp,1,2024-07-27,08,quantile,0.65,5.007891007852174
2024-07-20,wk inc flu hosp,1,2024-07-27,08,quantile,0.7,8.108885413576278
2024-07-20,wk inc flu hosp,1,2024-07-27,08,quantile,0.75,12.605293267364845
2024-07-20,wk inc flu hosp,1,2024-07-27,08,quantile,0.8,19.588496476740946
2024-07-20,wk inc flu hosp,1,2024-07-27,08,quantile,0.85,28.1927482014926
2024-07-20,wk inc flu hosp,1,2024-07-27,08,quantile,0.9,39.94900694121937
2024-07-20,wk inc flu hosp,1,2024-07-27,08,quantile,0.95,59.801587985753386
2024-07-20,wk inc flu hosp,1,2024-07-27,08,quantile,0.975,75.47886420636134
2024-07-20,wk inc flu hosp,1,2024-07-27,08,quantile,0.99,87.00395415257759
2024-07-20,wk inc flu hosp,1,2024-07-27,09,quantile,0.01,0
2024-07-20,wk inc flu hosp,1,2024-07-27,09,quantile,0.025,0
2024-07-20,wk inc flu hosp,1,2024-07-27,09,quantile,0.05,0
2024-07-20,wk inc flu hosp,1,2024-07-27,09,quantile,0.1,0
2024-07-20,wk inc flu hosp,1,2024-07-27,09,quantile,0.15,0.05635780626761607
2024-07-20,wk inc flu hosp,1,2024-07-27,09,quantile,0.2,0.16871842798142214
2024-07-20,wk inc flu hosp,1,2024-07-27,09,quantile,0.25,0.3799769394538853
2024-07-20,wk inc flu hosp,1,2024-07-27,09,quantile,0.3,0.6482623434418407
2024-07-20,wk inc flu hosp,1,2024-07-27,09,quantile,0.35,0.9271085858885247
2024-07-20,wk inc flu hosp,1,2024-07-27,09,quantile,0.4,1.254436700039974
2024-07-20,wk inc flu hosp,1,2024-07-27,09,quantile,0.45,1.6538215666417868
2024-07-20,wk inc flu hosp,1,2024-07-27,09,quantile,0.5,2.317796551371585
2024-07-20,wk inc flu hosp,1,2024-07-27,09,quantile,0.55,2.906013017334588
2024-07-20,wk inc flu hosp,1,2024-07-27,09,quantile,0.6,3.1682178337556604
2024-07-20,wk inc flu hosp,1,2024-07-27,09,quantile,0.65,4.2072841890310375
2024-07-20,wk inc flu hosp,1,2024-07-27,09,quantile,0.7,5.870993424515436
2024-07-20,wk inc flu hosp,1,2024-07-27,09,quantile,0.75,9.655153122915843
2024-07-20,wk inc flu hosp,1,2024-07-27,09,quantile,0.8,15.044713125097662
2024-07-20,wk inc flu hosp,1,2024-07-27,09,quantile,0.85,21.414575659933416
2024-07-20,wk inc flu hosp,1,2024-07-27,09,quantile,0.9,30.60497871724592
2024-07-20,wk inc flu hosp,1,2024-07-27,09,quantile,0.95,45.469198673987165
2024-07-20,wk inc flu hosp,1,2024-07-27,09,quantile,0.975,58.797756770773866
2024-07-20,wk inc flu hosp,1,2024-07-27,09,quantile,0.99,75.79644843853086
2024-07-20,wk inc flu hosp,1,2024-07-27,10,quantile,0.01,0
2024-07-20,wk inc flu hosp,1,2024-07-27,10,quantile,0.025,0
2024-07-20,wk inc flu hosp,1,2024-07-27,10,quantile,0.05,0
2024-07-20,wk inc flu hosp,1,2024-07-27,10,quantile,0.1,0
2024-07-20,wk inc flu hosp,1,2024-07-27,10,quantile,0.15,0
2024-07-20,wk inc flu hosp,1,2024-07-27,10,quantile,0.2,0
2024-07-20,wk inc flu hosp,1,2024-07-27,10,quantile,0.25,0.006858052774404869
2024-07-20,wk inc flu hosp,1,2024-07-27,10,quantile,0.3,0.014400711916123844
2024-07-20,wk inc flu hosp,1,2024-07-27,10,quantile,0.35,0.021943371057842817
2024-07-20,wk inc flu hosp,1,2024-07-27,10,quantile,0.4,0.029486030199561794
2024-07-20,wk inc flu hosp,1,2024-07-27,10,quantile,0.45,0.069261434473978
2024-07-20,wk inc flu hosp,1,2024-07-27,10,quantile,0.5,0.18446873705258757
2024-07-20,wk inc flu hosp,1,2024-07-27,10,quantile,0.55,0.3303581881946558
2024-07-20,wk inc flu hosp,1,2024-07-27,10,quantile,0.6,0.5028087664920942
2024-07-20,wk inc flu hosp,1,2024-07-27,10,quantile,0.65,0.8305951419208504
2024-07-20,wk inc flu hosp,1,2024-07-27,10,quantile,0.7,1.191389032371018
2024-07-20,wk inc flu hosp,1,2024-07-27,10,quantile,0.75,1.8205172128963696
2024-07-20,wk inc flu hosp,1,2024-07-27,10,quantile,0.8,2.7532225163334587
2024-07-20,wk inc flu hosp,1,2024-07-27,10,quantile,0.85,4.414144735819504
2024-07-20,wk inc flu hosp,1,2024-07-27,10,quantile,0.9,6.47803596979205
2024-07-20,wk inc flu hosp,1,2024-07-27,10,quantile,0.95,9.6411930325384
2024-07-20,wk inc flu hosp,1,2024-07-27,10,quantile,0.975,12.502598068723804
2024-07-20,wk inc flu hosp,1,2024-07-27,10,quantile,0.99,16.696181632567857
2024-07-20,wk inc flu hosp,1,2024-07-27,11,quantile,0.01,0
2024-07-20,wk inc flu hosp,1,2024-07-27,11,quantile,0.025,0
2024-07-20,wk inc flu hosp,1,2024-07-27,11,quantile,0.05,0
2024-07-20,wk inc flu hosp,1,2024-07-27,11,quantile,0.1,0
2024-07-20,wk inc flu hosp,1,2024-07-27,11,quantile,0.15,0
2024-07-20,wk inc flu hosp,1,2024-07-27,11,quantile,0.2,0.005665223829536558
2024-07-20,wk inc flu hosp,1,2024-07-27,11,quantile,0.25,0.017222526466042335
2024-07-20,wk inc flu hosp,1,2024-07-27,11,quantile,0.3,0.060597259659667516
2024-07-20,wk inc flu hosp,1,2024-07-27,11,quantile,0.35,0.15909267082143533
2024-07-20,wk inc flu hosp,1,2024-07-27,11,quantile,0.4,0.2630493544782687
2024-07-20,wk inc flu hosp,1,2024-07-27,11,quantile,0.45,0.4511532932376974
2024-07-20,wk inc flu hosp,1,2024-07-27,11,quantile,0.5,0.6721540355656591
2024-07-20,wk inc flu hosp,1,2024-07-27,11,quantile,0.55,0.9195898995109969
2024-07-20,wk inc flu hosp,1,2024-07-27,11,quantile,0.6,1.0022895098591944
2024-07-20,wk inc flu hosp,1,2024-07-27,11,quantile,0.65,1.0202926933428371
2024-07-20,wk inc flu hosp,1,2024-07-27,11,quantile,0.7,1.5729896555023875
2024-07-20,wk inc flu hosp,1,2024-07-27,11,quantile,0.75,2.0986659329937765
2024-07-20,wk inc flu hosp,1,2024-07-27,11,quantile,0.8,2.824303431971081
2024-07-20,wk inc flu hosp,1,2024-07-27,11,quantile,0.85,4.270481035233324
2024-07-20,wk inc flu hosp,1,2024-07-27,11,quantile,0.9,6.194408195749294
2024-07-20,wk inc flu hosp,1,2024-07-27,11,quantile,0.95,9.620960311008847
2024-07-20,wk inc flu hosp,1,2024-07-27,11,quantile,0.975,13.062651302126351
2024-07-20,wk inc flu hosp,1,2024-07-27,11,quantile,0.99,17.11866468713839
2024-07-20,wk inc flu hosp,1,2024-07-27,12,quantile,0.01,0
2024-07-20,wk inc flu hosp,1,2024-07-27,12,quantile,0.025,0
2024-07-20,wk inc flu hosp,1,2024-07-27,12,quantile,0.05,1.220361334533256
2024-07-20,wk inc flu hosp,1,2024-07-27,12,quantile,0.1,7.774107618160593
2024-07-20,wk inc flu hosp,1,2024-07-27,12,quantile,0.15,20.786869810521896
2024-07-20,wk inc flu hosp,1,2024-07-27,12,quantile,0.2,32.55369799428065
2024-07-20,wk inc flu hosp,1,2024-07-27,12,quantile,0.25,40.67838332419906
2024-07-20,wk inc flu hosp,1,2024-07-27,12,quantile,0.3,49.136133387313656
2024-07-20,wk inc flu hosp,1,2024-07-27,12,quantile,0.35,56.11727139060085
2024-07-20,wk inc flu hosp,1,2024-07-27,12,quantile,0.4,60.777027998462316
2024-07-20,wk inc flu hosp,1,2024-07-27,12,quantile,0.45,65.22692645663234
2024-07-20,wk inc flu hosp,1,2024-07-27,12,quantile,0.5,69.05174242393366
2024-07-20,wk inc flu hosp,1,2024-07-27,12,quantile,0.55,75.12533581603941
2024-07-20,wk inc flu hosp,1,2024-07-27,12,quantile,0.6,82.0514951024033
2024-07-20,wk inc flu hosp,1,2024-07-27,12,quantile,0.65,88.60470329195107
2024-07-20,wk inc flu hosp,1,2024-07-27,12,quantile,0.7,94.2496348119341
2024-07-20,wk inc flu hosp,1,2024-07-27,12,quantile,0.75,102.03000279225232
2024-07-20,wk inc flu hosp,1,2024-07-27,12,quantile,0.8,112.50024294215932
2024-07-20,wk inc flu hosp,1,2024-07-27,12,quantile,0.85,129.51420952241838
2024-07-20,wk inc flu hosp,1,2024-07-27,12,quantile,0.9,154.191083360976
2024-07-20,wk inc flu hosp,1,2024-07-27,12,quantile,0.95,198.92404767809066
2024-07-20,wk inc flu hosp,1,2024-07-27,12,quantile,0.975,226.36499578211195
2024-07-20,wk inc flu hosp,1,2024-07-27,12,quantile,0.99,276.2946645967192
2024-07-20,wk inc flu hosp,1,2024-07-27,13,quantile,0.01,0
2024-07-20,wk inc flu hosp,1,2024-07-27,13,quantile,0.025,0
2024-07-20,wk inc flu hosp,1,2024-07-27,13,quantile,0.05,0
2024-07-20,wk inc flu hosp,1,2024-07-27,13,quantile,0.1,0
2024-07-20,wk inc flu hosp,1,2024-07-27,13,quantile,0.15,0.18232551930655835
2024-07-20,wk inc flu hosp,1,2024-07-27,13,quantile,0.2,0.4421198064459963
2024-07-20,wk inc flu hosp,1,2024-07-27,13,quantile,0.25,1.063644296423368
2024-07-20,wk inc flu hosp,1,2024-07-27,13,quantile,0.3,1.8577552449418733
2024-07-20,wk inc flu hosp,1,2024-07-27,13,quantile,0.35,2.705110303035742
2024-07-20,wk inc flu hosp,1,2024-07-27,13,quantile,0.4,3.4312195231780596
2024-07-20,wk inc flu hosp,1,2024-07-27,13,quantile,0.45,4.081117051565459
2024-07-20,wk inc flu hosp,1,2024-07-27,13,quantile,0.5,4.8531584585309
2024-07-20,wk inc flu hosp,1,2024-07-27,13,quantile,0.55,5.78907419165145
2024-07-20,wk inc flu hosp,1,2024-07-27,13,quantile,0.6,7.177076000119087
2024-07-20,wk inc flu hosp,1,2024-07-27,13,quantile,0.65,9.254646319526714
2024-07-20,wk inc flu hosp,1,2024-07-27,13,quantile,0.7,13.113706306113112
2024-07-20,wk inc flu hosp,1,2024-07-27,13,quantile,0.75,20.362855868486832
2024-07-20,wk inc flu hosp,1,2024-07-27,13,quantile,0.8,31.139516132413487
2024-07-20,wk inc flu hosp,1,2024-07-27,13,quantile,0.85,43.44058743852584
2024-07-20,wk inc flu hosp,1,2024-07-27,13,quantile,0.9,59.31479866869088
2024-07-20,wk inc flu hosp,1,2024-07-27,13,quantile,0.95,85.8517741104485
2024-07-20,wk inc flu hosp,1,2024-07-27,13,quantile,0.975,112.52949634195937
2024-07-20,wk inc flu hosp,1,2024-07-27,13,quantile,0.99,145.48539369356584
2024-07-20,wk inc flu hosp,1,2024-07-27,15,quantile,0.01,0
2024-07-20,wk inc flu hosp,1,2024-07-27,15,quantile,0.025,0
2024-07-20,wk inc flu hosp,1,2024-07-27,15,quantile,0.05,0
2024-07-20,wk inc flu hosp,1,2024-07-27,15,quantile,0.1,0
2024-07-20,wk inc flu hosp,1,2024-07-27,15,quantile,0.15,0.033839310511212486
2024-07-20,wk inc flu hosp,1,2024-07-27,15,quantile,0.2,0.2702504797064206
2024-07-20,wk inc flu hosp,1,2024-07-27,15,quantile,0.25,0.5031414098206594
2024-07-20,wk inc flu hosp,1,2024-07-27,15,quantile,0.3,0.750559929760023
2024-07-20,wk inc flu hosp,1,2024-07-27,15,quantile,0.35,1.2203025335235893
2024-07-20,wk inc flu hosp,1,2024-07-27,15,quantile,0.4,1.6311082680448883
2024-07-20,wk inc flu hosp,1,2024-07-27,15,quantile,0.45,1.8428183050998586
2024-07-20,wk inc flu hosp,1,2024-07-27,15,quantile,0.5,2.3241083834924265
2024-07-20,wk inc flu hosp,1,2024-07-27,15,quantile,0.55,3.0038970635002222
2024-07-20,wk inc flu hosp,1,2024-07-27,15,quantile,0.6,3.7165118962699
2024-07-20,wk inc flu hosp,1,2024-07-27,15,quantile,0.65,4.019407065294889
2024-07-20,wk inc flu hosp,1,2024-07-27,15,quantile,0.7,4.8702891876055885
2024-07-20,wk inc flu hosp,1,2024-07-27,15,quantile,0.75,6.009607663592555
2024-07-20,wk inc flu hosp,1,2024-07-27,15,quantile,0.8,7.6948847952734996
2024-07-20,wk inc flu hosp,1,2024-07-27,15,quantile,0.85,10.047299696992363
2024-07-20,wk inc flu hosp,1,2024-07-27,15,quantile,0.9,13.812556243371347
2024-07-20,wk inc flu hosp,1,2024-07-27,15,quantile,0.95,19.329461248402254
2024-07-20,wk inc flu hosp,1,2024-07-27,15,quantile,0.975,23.626432829397366
2024-07-20,wk inc flu hosp,1,2024-07-27,15,quantile,0.99,28.72009912899256
2024-07-20,wk inc flu hosp,1,2024-07-27,16,quantile,0.01,0
2024-07-20,wk inc flu hosp,1,2024-07-27,16,quantile,0.025,0
2024-07-20,wk inc flu hosp,1,2024-07-27,16,quantile,0.05,0
2024-07-20,wk inc flu hosp,1,2024-07-27,16,quantile,0.1,0
2024-07-20,wk inc flu hosp,1,2024-07-27,16,quantile,0.15,0
2024-07-20,wk inc flu hosp,1,2024-07-27,16,quantile,0.2,0.01298294753821921
2024-07-20,wk inc flu hosp,1,2024-07-27,16,quantile,0.25,0.03894750671504696
2024-07-20,wk inc flu hosp,1,2024-07-27,16,quantile,0.3,0.0649120658918747
2024-07-20,wk inc flu hosp,1,2024-07-27,16,quantile,0.35,0.1522508433750053
2024-07-20,wk inc flu hosp,1,2024-07-27,16,quantile,0.4,0.29991793515900617
2024-07-20,wk inc flu hosp,1,2024-07-27,16,quantile,0.45,0.4198496670862516
2024-07-20,wk inc flu hosp,1,2024-07-27,16,quantile,0.5,0.5690985031295382
2024-07-20,wk inc flu hosp,1,2024-07-27,16,quantile,0.55,0.7545208528128703
2024-07-20,wk inc flu hosp,1,2024-07-27,16,quantile,0.6,0.9550276208860912
2024-07-20,wk inc flu hosp,1,2024-07-27,16,quantile,0.65,1.3341902699994443
2024-07-20,wk inc flu hosp,1,2024-07-27,16,quantile,0.7,1.891485329964028
2024-07-20,wk inc flu hosp,1,2024-07-27,16,quantile,0.75,3.6288106900484394
2024-07-20,wk inc flu hosp,1,2024-07-27,16,quantile,0.8,6.2452051113134495
2024-07-20,wk inc flu hosp,1,2024-07-27,16,quantile,0.85,9.546743939441097
2024-07-20,wk inc flu hosp,1,2024-07-27,16,quantile,0.9,12.869808219823376
2024-07-20,wk inc flu hosp,1,2024-07-27,16,quantile,0.95,19.227930265930482
2024-07-20,wk inc flu hosp,1,2024-07-27,16,quantile,0.975,25.17847176569726
2024-07-20,wk inc flu hosp,1,2024-07-27,16,quantile,0.99,32.19000461857552
2024-07-20,wk inc flu hosp,1,2024-07-27,17,quantile,0.01,0
2024-07-20,wk inc flu hosp,1,2024-07-27,17,quantile,0.025,0
2024-07-20,wk inc flu hosp,1,2024-07-27,17,quantile,0.05,0
2024-07-20,wk inc flu hosp,1,2024-07-27,17,quantile,0.1,0
2024-07-20,wk inc flu hosp,1,2024-07-27,17,quantile,0.15,0.15970411492216618
2024-07-20,wk inc flu hosp,1,2024-07-27,17,quantile,0.2,0.4972733199593373
2024-07-20,wk inc flu hosp,1,2024-07-27,17,quantile,0.25,0.8637233969781979
2024-07-20,wk inc flu hosp,1,2024-07-27,17,quantile,0.3,1.4425498237321197
2024-07-20,wk inc flu hosp,1,2024-07-27,17,quantile,0.35,2.1064055183397947
2024-07-20,wk inc flu hosp,1,2024-07-27,17,quantile,0.4,2.981696399606325
2024-07-20,wk inc flu hosp,1,2024-07-27,17,quantile,0.45,3.811476250037373
2024-07-20,wk inc flu hosp,1,2024-07-27,17,quantile,0.5,4.764119786180552
2024-07-20,wk inc flu hosp,1,2024-07-27,17,quantile,0.55,5.724062175006293
2024-07-20,wk inc flu hosp,1,2024-07-27,17,quantile,0.6,7.490107091169128
2024-07-20,wk inc flu hosp,1,2024-07-27,17,quantile,0.65,9.84988393491796
2024-07-20,wk inc flu hosp,1,2024-07-27,17,quantile,0.7,13.449136321628604
2024-07-20,wk inc flu hosp,1,2024-07-27,17,quantile,0.75,19.640746249330732
2024-07-20,wk inc flu hosp,1,2024-07-27,17,quantile,0.8,28.607992653095373
2024-07-20,wk inc flu hosp,1,2024-07-27,17,quantile,0.85,40.34151603544866
2024-07-20,wk inc flu hosp,1,2024-07-27,17,quantile,0.9,56.90685131858219
2024-07-20,wk inc flu hosp,1,2024-07-27,17,quantile,0.95,83.26846656698538
2024-07-20,wk inc flu hosp,1,2024-07-27,17,quantile,0.975,109.44537869332912
2024-07-20,wk inc flu hosp,1,2024-07-27,17,quantile,0.99,139.96548728510803
2024-07-20,wk inc flu hosp,1,2024-07-27,18,quantile,0.01,0
2024-07-20,wk inc flu hosp,1,2024-07-27,18,quantile,0.025,0
2024-07-20,wk inc flu hosp,1,2024-07-27,18,quantile,0.05,0
2024-07-20,wk inc flu hosp,1,2024-07-27,18,quantile,0.1,0
2024-07-20,wk inc flu hosp,1,2024-07-27,18,quantile,0.15,0.2046032027801793
2024-07-20,wk inc flu hosp,1,2024-07-27,18,quantile,0.2,0.8513513750770192
2024-07-20,wk inc flu hosp,1,2024-07-27,18,quantile,0.25,1.6835254272215259
2024-07-20,wk inc flu hosp,1,2024-07-27,18,quantile,0.3,2.4631924537669785
2024-07-20,wk inc flu hosp,1,2024-07-27,18,quantile,0.35,3.1303517108410333
2024-07-20,wk inc flu hosp,1,2024-07-27,18,quantile,0.4,3.80370466912874
2024-07-20,wk inc flu hosp,1,2024-07-27,18,quantile,0.45,4.613741059165371
2024-07-20,wk inc flu hosp,1,2024-07-27,18,quantile,0.5,5.68635717391931
2024-07-20,wk inc flu hosp,1,2024-07-27,18,quantile,0.55,6.870270690281259
2024-07-20,wk inc flu hosp,1,2024-07-27,18,quantile,0.6,8.316822233027413
2024-07-20,wk inc flu hosp,1,2024-07-27,18,quantile,0.65,9.973013412633968
2024-07-20,wk inc flu hosp,1,2024-07-27,18,quantile,0.7,12.452275232145011
2024-07-20,wk inc flu hosp,1,2024-07-27,18,quantile,0.75,18.399651572377486
2024-07-20,wk inc flu hosp,1,2024-07-27,18,quantile,0.8,26.49932846595123
2024-07-20,wk inc flu hosp,1,2024-07-27,18,quantile,0.85,38.0269340734306
2024-07-20,wk inc flu hosp,1,2024-07-27,18,quantile,0.9,53.524488022132935
2024-07-20,wk inc flu hosp,1,2024-07-27,18,quantile,0.95,78.31203646095899
2024-07-20,wk inc flu hosp,1,2024-07-27,18,quantile,0.975,99.42967640061852
2024-07-20,wk inc flu hosp,1,2024-07-27,18,quantile,0.99,121.0054660191098
2024-07-20,wk inc flu hosp,1,2024-07-27,19,quantile,0.01,0
2024-07-20,wk inc flu hosp,1,2024-07-27,19,quantile,0.025,0
2024-07-20,wk inc flu hosp,1,2024-07-27,19,quantile,0.05,0
2024-07-20,wk inc flu hosp,1,2024-07-27,19,quantile,0.1,0
2024-07-20,wk inc flu hosp,1,2024-07-27,19,quantile,0.15,0.006615326008420591
2024-07-20,wk inc flu hosp,1,2024-07-27,19,quantile,0.2,0.07238545880033563
2024-07-20,wk inc flu hosp,1,2024-07-27,19,quantile,0.25,0.18404576029524955
2024-07-20,wk inc flu hosp,1,2024-07-27,19,quantile,0.3,0.35704488545699925
2024-07-20,wk inc flu hosp,1,2024-07-27,19,quantile,0.35,0.6157724113557246
2024-07-20,wk inc flu hosp,1,2024-07-27,19,quantile,0.4,0.8622781099550131
2024-07-20,wk inc flu hosp,1,2024-07-27,19,quantile,0.45,1.1311857106105292
2024-07-20,wk inc flu hosp,1,2024-07-27,19,quantile,0.5,1.4105088985407879
2024-07-20,wk inc flu hosp,1,2024-07-27,19,quantile,0.55,1.6878479760907263
2024-07-20,wk inc flu hosp,1,2024-07-27,19,quantile,0.6,2.105896754511878
2024-07-20,wk inc flu hosp,1,2024-07-27,19,quantile,0.65,2.9438072797709687
2024-07-20,wk inc flu hosp,1,2024-07-27,19,quantile,0.7,4.630761603611413
2024-07-20,wk inc flu hosp,1,2024-07-27,19,quantile,0.75,7.182385796599795
2024-07-20,wk inc flu hosp,1,2024-07-27,19,quantile,0.8,10.230157279295568
2024-07-20,wk inc flu hosp,1,2024-07-27,19,quantile,0.85,14.510125108889117
2024-07-20,wk inc flu hosp,1,2024-07-27,19,quantile,0.9,20.613246932946453
2024-07-20,wk inc flu hosp,1,2024-07-27,19,quantile,0.95,29.415979851816903
2024-07-20,wk inc flu hosp,1,2024-07-27,19,quantile,0.975,37.67943572061133
2024-07-20,wk inc flu hosp,1,2024-07-27,19,quantile,0.99,43.486569470027554
2024-07-20,wk inc flu hosp,1,2024-07-27,20,quantile,0.01,0
2024-07-20,wk inc flu hosp,1,2024-07-27,20,quantile,0.025,0
2024-07-20,wk inc flu hosp,1,2024-07-27,20,quantile,0.05,0
2024-07-20,wk inc flu hosp,1,2024-07-27,20,quantile,0.1,0
2024-07-20,wk inc flu hosp,1,2024-07-27,20,quantile,0.15,0.08415229528971807
2024-07-20,wk inc flu hosp,1,2024-07-27,20,quantile,0.2,0.27136494011573215
2024-07-20,wk inc flu hosp,1,2024-07-27,20,quantile,0.25,0.45911377361387445
2024-07-20,wk inc flu hosp,1,2024-07-27,20,quantile,0.3,0.6511362756249248
2024-07-20,wk inc flu hosp,1,2024-07-27,20,quantile,0.35,0.8591980787334624
2024-07-20,wk inc flu hosp,1,2024-07-27,20,quantile,0.4,1.0789788279155486
2024-07-20,wk inc flu hosp,1,2024-07-27,20,quantile,0.45,1.3513644371267077
2024-07-20,wk inc flu hosp,1,2024-07-27,20,quantile,0.5,1.9064156312019596
2024-07-20,wk inc flu hosp,1,2024-07-27,20,quantile,0.55,2.8480750401869326
2024-07-20,wk inc flu hosp,1,2024-07-27,20,quantile,0.6,4.2754434209479655
2024-07-20,wk inc flu hosp,1,2024-07-27,20,quantile,0.65,5.225353788908926
2024-07-20,wk inc flu hosp,1,2024-07-27,20,quantile,0.7,7.1320963045798615
2024-07-20,wk inc flu hosp,1,2024-07-27,20,quantile,0.75,10.67988477506061
2024-07-20,wk inc flu hosp,1,2024-07-27,20,quantile,0.8,14.933943457568386
2024-07-20,wk inc flu hosp,1,2024-07-27,20,quantile,0.85,20.432374544553642
2024-07-20,wk inc flu hosp,1,2024-07-27,20,quantile,0.9,28.315358894601573
2024-07-20,wk inc flu hosp,1,2024-07-27,20,quantile,0.95,41.47397261037184
2024-07-20,wk inc flu hosp,1,2024-07-27,20,quantile,0.975,53.08393367706327
2024-07-20,wk inc flu hosp,1,2024-07-27,20,quantile,0.99,65.09075501187469
2024-07-20,wk inc flu hosp,1,2024-07-27,21,quantile,0.01,0
2024-07-20,wk inc flu hosp,1,2024-07-27,21,quantile,0.025,0
2024-07-20,wk inc flu hosp,1,2024-07-27,21,quantile,0.05,0
2024-07-20,wk inc flu hosp,1,2024-07-27,21,quantile,0.1,0
2024-07-20,wk inc flu hosp,1,2024-07-27,21,quantile,0.15,0.08815708868231126
2024-07-20,wk inc flu hosp,1,2024-07-27,21,quantile,0.2,0.26723384625665964
2024-07-20,wk inc flu hosp,1,2024-07-27,21,quantile,0.25,0.4770675529156796
2024-07-20,wk inc flu hosp,1,2024-07-27,21,quantile,0.3,0.7312947772708253
2024-07-20,wk inc flu hosp,1,2024-07-27,21,quantile,0.35,1.025176413838037
2024-07-20,wk inc flu hosp,1,2024-07-27,21,quantile,0.4,1.4321101438344943
2024-07-20,wk inc flu hosp,1,2024-07-27,21,quantile,0.45,1.994560479083723
2024-07-20,wk inc flu hosp,1,2024-07-27,21,quantile,0.5,2.4000897795688356
2024-07-20,wk inc flu hosp,1,2024-07-27,21,quantile,0.55,3.0229085952806867
2024-07-20,wk inc flu hosp,1,2024-07-27,21,quantile,0.6,4.1124452467334
2024-07-20,wk inc flu hosp,1,2024-07-27,21,quantile,0.65,5.488171933839504
2024-07-20,wk inc flu hosp,1,2024-07-27,21,quantile,0.7,8.392930901364183
2024-07-20,wk inc flu hosp,1,2024-07-27,21,quantile,0.75,13.37466416119892
2024-07-20,wk inc flu hosp,1,2024-07-27,21,quantile,0.8,19.037953770829226
2024-07-20,wk inc flu hosp,1,2024-07-27,21,quantile,0.85,28.37761656986441
2024-07-20,wk inc flu hosp,1,2024-07-27,21,quantile,0.9,42.28870048979202
2024-07-20,wk inc flu hosp,1,2024-07-27,21,quantile,0.95,63.94678563040719
2024-07-20,wk inc flu hosp,1,2024-07-27,21,quantile,0.975,82.93160733885588
2024-07-20,wk inc flu hosp,1,2024-07-27,21,quantile,0.99,104.69775215802687
2024-07-20,wk inc flu hosp,1,2024-07-27,22,quantile,0.01,0
2024-07-20,wk inc flu hosp,1,2024-07-27,22,quantile,0.025,0
2024-07-20,wk inc flu hosp,1,2024-07-27,22,quantile,0.05,0
2024-07-20,wk inc flu hosp,1,2024-07-27,22,quantile,0.1,0
2024-07-20,wk inc flu hosp,1,2024-07-27,22,quantile,0.15,0.039903898832395944
2024-07-20,wk inc flu hosp,1,2024-07-27,22,quantile,0.2,0.12623056483926415
2024-07-20,wk inc flu hosp,1,2024-07-27,22,quantile,0.25,0.4917936887707966
2024-07-20,wk inc flu hosp,1,2024-07-27,22,quantile,0.3,0.9370199512988698
2024-07-20,wk inc flu hosp,1,2024-07-27,22,quantile,0.35,1.173231444917222
2024-07-20,wk inc flu hosp,1,2024-07-27,22,quantile,0.4,1.4711819467519744
2024-07-20,wk inc flu hosp,1,2024-07-27,22,quantile,0.45,1.8759903748933984
2024-07-20,wk inc flu hosp,1,2024-07-27,22,quantile,0.5,2.34333265540119
2024-07-20,wk inc flu hosp,1,2024-07-27,22,quantile,0.55,2.877160207518333
2024-07-20,wk inc flu hosp,1,2024-07-27,22,quantile,0.6,3.5913987809951746
2024-07-20,wk inc flu hosp,1,2024-07-27,22,quantile,0.65,4.773839273977011
2024-07-20,wk inc flu hosp,1,2024-07-27,22,quantile,0.7,7.2711884204150135
2024-07-20,wk inc flu hosp,1,2024-07-27,22,quantile,0.75,11.003811499478163
2024-07-20,wk inc flu hosp,1,2024-07-27,22,quantile,0.8,16.78924462011197
2024-07-20,wk inc flu hosp,1,2024-07-27,22,quantile,0.85,24.122556213553427
2024-07-20,wk inc flu hosp,1,2024-07-27,22,quantile,0.9,34.76793405755899
2024-07-20,wk inc flu hosp,1,2024-07-27,22,quantile,0.95,53.40433574188836
2024-07-20,wk inc flu hosp,1,2024-07-27,22,quantile,0.975,69.25899651024245
2024-07-20,wk inc flu hosp,1,2024-07-27,22,quantile,0.99,88.1558894013658
2024-07-20,wk inc flu hosp,1,2024-07-27,23,quantile,0.01,0
2024-07-20,wk inc flu hosp,1,2024-07-27,23,quantile,0.025,0
2024-07-20,wk inc flu hosp,1,2024-07-27,23,quantile,0.05,0
2024-07-20,wk inc flu hosp,1,2024-07-27,23,quantile,0.1,0
2024-07-20,wk inc flu hosp,1,2024-07-27,23,quantile,0.15,0.03626895735203552
2024-07-20,wk inc flu hosp,1,2024-07-27,23,quantile,0.2,0.14861041020204743
2024-07-20,wk inc flu hosp,1,2024-07-27,23,quantile,0.25,0.3116357427123891
2024-07-20,wk inc flu hosp,1,2024-07-27,23,quantile,0.3,0.4848904169093931
2024-07-20,wk inc flu hosp,1,2024-07-27,23,quantile,0.35,0.6867992377030853
2024-07-20,wk inc flu hosp,1,2024-07-27,23,quantile,0.4,1.1732439770902856
2024-07-20,wk inc flu hosp,1,2024-07-27,23,quantile,0.45,2.133556105270213
2024-07-20,wk inc flu hosp,1,2024-07-27,23,quantile,0.5,3.098253964757011
2024-07-20,wk inc flu hosp,1,2024-07-27,23,quantile,0.55,4.006168710228837
2024-07-20,wk inc flu hosp,1,2024-07-27,23,quantile,0.6,4.749291297057716
2024-07-20,wk inc flu hosp,1,2024-07-27,23,quantile,0.65,4.988691159853776
2024-07-20,wk inc flu hosp,1,2024-07-27,23,quantile,0.7,6.104416982650656
2024-07-20,wk inc flu hosp,1,2024-07-27,23,quantile,0.75,6.991169849396425
2024-07-20,wk inc flu hosp,1,2024-07-27,23,quantile,0.8,9.019123137772857
2024-07-20,wk inc flu hosp,1,2024-07-27,23,quantile,0.85,11.7664356035297
2024-07-20,wk inc flu hosp,1,2024-07-27,23,quantile,0.9,15.016901415842955
2024-07-20,wk inc flu hosp,1,2024-07-27,23,quantile,0.95,19.65518828297482
2024-07-20,wk inc flu hosp,1,2024-07-27,23,quantile,0.975,23.55356336792538
2024-07-20,wk inc flu hosp,1,2024-07-27,23,quantile,0.99,29.3866394406169
2024-07-20,wk inc flu hosp,1,2024-07-27,24,quantile,0.01,0
2024-07-20,wk inc flu hosp,1,2024-07-27,24,quantile,0.025,0
2024-07-20,wk inc flu hosp,1,2024-07-27,24,quantile,0.05,0
2024-07-20,wk inc flu hosp,1,2024-07-27,24,quantile,0.1,0
2024-07-20,wk inc flu hosp,1,2024-07-27,24,quantile,0.15,0.004628514540103139
2024-07-20,wk inc flu hosp,1,2024-07-27,24,quantile,0.2,0.09511108655822974
2024-07-20,wk inc flu hosp,1,2024-07-27,24,quantile,0.25,0.2509424438756516
2024-07-20,wk inc flu hosp,1,2024-07-27,24,quantile,0.3,0.5071492391276197
2024-07-20,wk inc flu hosp,1,2024-07-27,24,quantile,0.35,0.7795088839442265
2024-07-20,wk inc flu hosp,1,2024-07-27,24,quantile,0.4,1.0521478179524006
2024-07-20,wk inc flu hosp,1,2024-07-27,24,quantile,0.45,1.4294356786468314
2024-07-20,wk inc flu hosp,1,2024-07-27,24,quantile,0.5,1.7828658412721272
2024-07-20,wk inc flu hosp,1,2024-07-27,24,quantile,0.55,2.172127486234907
2024-07-20,wk inc flu hosp,1,2024-07-27,24,quantile,0.6,2.5354758093480663
2024-07-20,wk inc flu hosp,1,2024-07-27,24,quantile,0.65,2.991514455037788
2024-07-20,wk inc flu hosp,1,2024-07-27,24,quantile,0.7,4.217742408863995
2024-07-20,wk inc flu hosp,1,2024-07-27,24,quantile,0.75,6.932475640961047
2024-07-20,wk inc flu hosp,1,2024-07-27,24,quantile,0.8,12.074867319261386
2024-07-20,wk inc flu hosp,1,2024-07-27,24,quantile,0.85,18.33859223509524
2024-07-20,wk inc flu hosp,1,2024-07-27,24,quantile,0.9,28.645026854847867
2024-07-20,wk inc flu hosp,1,2024-07-27,24,quantile,0.95,44.60198453422703
2024-07-20,wk inc flu hosp,1,2024-07-27,24,quantile,0.975,58.08648998816752
2024-07-20,wk inc flu hosp,1,2024-07-27,24,quantile,0.99,78.55861976378858
2024-07-20,wk inc flu hosp,1,2024-07-27,25,quantile,0.01,0
2024-07-20,wk inc flu hosp,1,2024-07-27,25,quantile,0.025,0
2024-07-20,wk inc flu hosp,1,2024-07-27,25,quantile,0.05,0
2024-07-20,wk inc flu hosp,1,2024-07-27,25,quantile,0.1,0
2024-07-20,wk inc flu hosp,1,2024-07-27,25,quantile,0.15,0
2024-07-20,wk inc flu hosp,1,2024-07-27,25,quantile,0.2,0.02560920482683773
2024-07-20,wk inc flu hosp,1,2024-07-27,25,quantile,0.25,0.0712198463691639
2024-07-20,wk inc flu hosp,1,2024-07-27,25,quantile,0.3,0.11683048791149006
2024-07-20,wk inc flu hosp,1,2024-07-27,25,quantile,0.35,0.16244112945381622
2024-07-20,wk inc flu hosp,1,2024-07-27,25,quantile,0.4,0.28876742835901203
2024-07-20,wk inc flu hosp,1,2024-07-27,25,quantile,0.45,0.5201602021556107
2024-07-20,wk inc flu hosp,1,2024-07-27,25,quantile,0.5,0.8659100898735073
2024-07-20,wk inc flu hosp,1,2024-07-27,25,quantile,0.55,1.3902211130120712
2024-07-20,wk inc flu hosp,1,2024-07-27,25,quantile,0.6,2.507500650460713
2024-07-20,wk inc flu hosp,1,2024-07-27,25,quantile,0.65,4.538019270544726
2024-07-20,wk inc flu hosp,1,2024-07-27,25,quantile,0.7,7.974265549665355
2024-07-20,wk inc flu hosp,1,2024-07-27,25,quantile,0.75,14.921776763551605
2024-07-20,wk inc flu hosp,1,2024-07-27,25,quantile,0.8,23.14674188108854
2024-07-20,wk inc flu hosp,1,2024-07-27,25,quantile,0.85,34.08295467760867
2024-07-20,wk inc flu hosp,1,2024-07-27,25,quantile,0.9,47.185757652353246
2024-07-20,wk inc flu hosp,1,2024-07-27,25,quantile,0.95,71.4504236983742
2024-07-20,wk inc flu hosp,1,2024-07-27,25,quantile,0.975,92.71010961323303
2024-07-20,wk inc flu hosp,1,2024-07-27,25,quantile,0.99,115.22736563700009
2024-07-20,wk inc flu hosp,1,2024-07-27,26,quantile,0.01,0
2024-07-20,wk inc flu hosp,1,2024-07-27,26,quantile,0.025,0
2024-07-20,wk inc flu hosp,1,2024-07-27,26,quantile,0.05,0
2024-07-20,wk inc flu hosp,1,2024-07-27,26,quantile,0.1,0
2024-07-20,wk inc flu hosp,1,2024-07-27,26,quantile,0.15,0.38303636900890303
2024-07-20,wk inc flu hosp,1,2024-07-27,26,quantile,0.2,0.8283842606341205
2024-07-20,wk inc flu hosp,1,2024-07-27,26,quantile,0.25,1.320418003522418
2024-07-20,wk inc flu hosp,1,2024-07-27,26,quantile,0.3,1.9173152401311786
2024-07-20,wk inc flu hosp,1,2024-07-27,26,quantile,0.35,2.556375183632387
2024-07-20,wk inc flu hosp,1,2024-07-27,26,quantile,0.4,3.314381686760134
2024-07-20,wk inc flu hosp,1,2024-07-27,26,quantile,0.45,4.623747230879639
2024-07-20,wk inc flu hosp,1,2024-07-27,26,quantile,0.5,6.21321503659729
2024-07-20,wk inc flu hosp,1,2024-07-27,26,quantile,0.55,7.377885336069488
2024-07-20,wk inc flu hosp,1,2024-07-27,26,quantile,0.6,8.665075796647121
2024-07-20,wk inc flu hosp,1,2024-07-27,26,quantile,0.65,10.802219873185047
2024-07-20,wk inc flu hosp,1,2024-07-27,26,quantile,0.7,14.977070505268742
2024-07-20,wk inc flu hosp,1,2024-07-27,26,quantile,0.75,21.059455172989875
2024-07-20,wk inc flu hosp,1,2024-07-27,26,quantile,0.8,31.28689178742185
2024-07-20,wk inc flu hosp,1,2024-07-27,26,quantile,0.85,43.18310083726825
2024-07-20,wk inc flu hosp,1,2024-07-27,26,quantile,0.9,58.45932960442857
2024-07-20,wk inc flu hosp,1,2024-07-27,26,quantile,0.95,82.0639217900392
2024-07-20,wk inc flu hosp,1,2024-07-27,26,quantile,0.975,106.78642651250024
2024-07-20,wk inc flu hosp,1,2024-07-27,26,quantile,0.99,141.59055731000464
2024-07-20,wk inc flu hosp,1,2024-07-27,27,quantile,0.01,0
2024-07-20,wk inc flu hosp,1,2024-07-27,27,quantile,0.025,0
2024-07-20,wk inc flu hosp,1,2024-07-27,27,quantile,0.05,0
2024-07-20,wk inc flu hosp,1,2024-07-27,27,quantile,0.1,0
2024-07-20,wk inc flu hosp,1,2024-07-27,27,quantile,0.15,0
2024-07-20,wk inc flu hosp,1,2024-07-27,27,quantile,0.2,0
2024-07-20,wk inc flu hosp,1,2024-07-27,27,quantile,0.25,0.03509793434404018
2024-07-20,wk inc flu hosp,1,2024-07-27,27,quantile,0.3,0.07272075686925636
2024-07-20,wk inc flu hosp,1,2024-07-27,27,quantile,0.35,0.11034357939447255
2024-07-20,wk inc flu hosp,1,2024-07-27,27,quantile,0.4,0.14796640191968877
2024-07-20,wk inc flu hosp,1,2024-07-27,27,quantile,0.45,0.22511703727353535
2024-07-20,wk inc flu hosp,1,2024-07-27,27,quantile,0.5,0.3864126500065315
2024-07-20,wk inc flu hosp,1,2024-07-27,27,quantile,0.55,0.7003023907851054
2024-07-20,wk inc flu hosp,1,2024-07-27,27,quantile,0.6,1.1299860636738643
2024-07-20,wk inc flu hosp,1,2024-07-27,27,quantile,0.65,1.951703092190115
2024-07-20,wk inc flu hosp,1,2024-07-27,27,quantile,0.7,3.9596025558984196
2024-07-20,wk inc flu hosp,1,2024-07-27,27,quantile,0.75,11.51530942668098
2024-07-20,wk inc flu hosp,1,2024-07-27,27,quantile,0.8,21.552358749502794
2024-07-20,wk inc flu hosp,1,2024-07-27,27,quantile,0.85,32.75909658061557
2024-07-20,wk inc flu hosp,1,2024-07-27,27,quantile,0.9,46.992453587890154
2024-07-20,wk inc flu hosp,1,2024-07-27,27,quantile,0.95,70.37157936450014
2024-07-20,wk inc flu hosp,1,2024-07-27,27,quantile,0.975,90.76076213288339
2024-07-20,wk inc flu hosp,1,2024-07-27,27,quantile,0.99,115.59712298755917
2024-07-20,wk inc flu hosp,1,2024-07-27,28,quantile,0.01,0
2024-07-20,wk inc flu hosp,1,2024-07-27,28,quantile,0.025,0
2024-07-20,wk inc flu hosp,1,2024-07-27,28,quantile,0.05,0
2024-07-20,wk inc flu hosp,1,2024-07-27,28,quantile,0.1,0.025185935570769313
2024-07-20,wk inc flu hosp,1,2024-07-27,28,quantile,0.15,0.12240819255890215
2024-07-20,wk inc flu hosp,1,2024-07-27,28,quantile,0.2,0.31626445112236184
2024-07-20,wk inc flu hosp,1,2024-07-27,28,quantile,0.25,0.9564267493297007
2024-07-20,wk inc flu hosp,1,2024-07-27,28,quantile,0.3,1.582596816491227
2024-07-20,wk inc flu hosp,1,2024-07-27,28,quantile,0.35,2.080544100403216
2024-07-20,wk inc flu hosp,1,2024-07-27,28,quantile,0.4,2.8296174913984
2024-07-20,wk inc flu hosp,1,2024-07-27,28,quantile,0.45,3.6943599804978757
2024-07-20,wk inc flu hosp,1,2024-07-27,28,quantile,0.5,4.572806805301453
2024-07-20,wk inc flu hosp,1,2024-07-27,28,quantile,0.55,5.291560274550501
2024-07-20,wk inc flu hosp,1,2024-07-27,28,quantile,0.6,6.1889265690621516
2024-07-20,wk inc flu hosp,1,2024-07-27,28,quantile,0.65,7.407054517666032
2024-07-20,wk inc flu hosp,1,2024-07-27,28,quantile,0.7,9.451775191731082
2024-07-20,wk inc flu hosp,1,2024-07-27,28,quantile,0.75,12.174234054673942
2024-07-20,wk inc flu hosp,1,2024-07-27,28,quantile,0.8,15.723905373914247
2024-07-20,wk inc flu hosp,1,2024-07-27,28,quantile,0.85,20.246685226498073
2024-07-20,wk inc flu hosp,1,2024-07-27,28,quantile,0.9,26.787103843918036
2024-07-20,wk inc flu hosp,1,2024-07-27,28,quantile,0.95,37.73915181259972
2024-07-20,wk inc flu hosp,1,2024-07-27,28,quantile,0.975,48.275135127300466
2024-07-20,wk inc flu hosp,1,2024-07-27,28,quantile,0.99,66.86470355032311
2024-07-20,wk inc flu hosp,1,2024-07-27,29,quantile,0.01,0
2024-07-20,wk inc flu hosp,1,2024-07-27,29,quantile,0.025,0
2024-07-20,wk inc flu hosp,1,2024-07-27,29,quantile,0.05,0
2024-07-20,wk inc flu hosp,1,2024-07-27,29,quantile,0.1,0
2024-07-20,wk inc flu hosp,1,2024-07-27,29,quantile,0.15,0.09326782490045055
2024-07-20,wk inc flu hosp,1,2024-07-27,29,quantile,0.2,0.26926733168943284
2024-07-20,wk inc flu hosp,1,2024-07-27,29,quantile,0.25,0.5570946933785386
2024-07-20,wk inc flu hosp,1,2024-07-27,29,quantile,0.3,0.830695700560253
2024-07-20,wk inc flu hosp,1,2024-07-27,29,quantile,0.35,1.169622074573706
2024-07-20,wk inc flu hosp,1,2024-07-27,29,quantile,0.4,1.5727592970051716
2024-07-20,wk inc flu hosp,1,2024-07-27,29,quantile,0.45,2.025588401196764
2024-07-20,wk inc flu hosp,1,2024-07-27,29,quantile,0.5,2.4351920707707557
2024-07-20,wk inc flu hosp,1,2024-07-27,29,quantile,0.55,3.049849072119563
2024-07-20,wk inc flu hosp,1,2024-07-27,29,quantile,0.6,3.976080147829593
2024-07-20,wk inc flu hosp,1,2024-07-27,29,quantile,0.65,5.960710541846007
2024-07-20,wk inc flu hosp,1,2024-07-27,29,quantile,0.7,10.3101650245103
2024-07-20,wk inc flu hosp,1,2024-07-27,29,quantile,0.75,18.23735553892237
2024-07-20,wk inc flu hosp,1,2024-07-27,29,quantile,0.8,27.812031935053998
2024-07-20,wk inc flu hosp,1,2024-07-27,29,quantile,0.85,39.56013934954673
2024-07-20,wk inc flu hosp,1,2024-07-27,29,quantile,0.9,55.98322281137907
2024-07-20,wk inc flu hosp,1,2024-07-27,29,quantile,0.95,81.20492959765366
2024-07-20,wk inc flu hosp,1,2024-07-27,29,quantile,0.975,104.04836111438462
2024-07-20,wk inc flu hosp,1,2024-07-27,29,quantile,0.99,125.61624509734919
2024-07-20,wk inc flu hosp,1,2024-07-27,30,quantile,0.01,0
2024-07-20,wk inc flu hosp,1,2024-07-27,30,quantile,0.025,0
2024-07-20,wk inc flu hosp,1,2024-07-27,30,quantile,0.05,0
2024-07-20,wk inc flu hosp,1,2024-07-27,30,quantile,0.1,0
2024-07-20,wk inc flu hosp,1,2024-07-27,30,quantile,0.15,0.024913886256733738
2024-07-20,wk inc flu hosp,1,2024-07-27,30,quantile,0.2,0.10519275439110419
2024-07-20,wk inc flu hosp,1,2024-07-27,30,quantile,0.25,0.2042756603348248
2024-07-20,wk inc flu hosp,1,2024-07-27,30,quantile,0.3,0.31657832823786036
2024-07-20,wk inc flu hosp,1,2024-07-27,30,quantile,0.35,0.460657138556652
2024-07-20,wk inc flu hosp,1,2024-07-27,30,quantile,0.4,0.6230844360926475
2024-07-20,wk inc flu hosp,1,2024-07-27,30,quantile,0.45,0.8240131432061839
2024-07-20,wk inc flu hosp,1,2024-07-27,30,quantile,0.5,1.0243321751460805
2024-07-20,wk inc flu hosp,1,2024-07-27,30,quantile,0.55,1.1405709517546208
2024-07-20,wk inc flu hosp,1,2024-07-27,30,quantile,0.6,1.363882346219185
2024-07-20,wk inc flu hosp,1,2024-07-27,30,quantile,0.65,1.7698027227831112
2024-07-20,wk inc flu hosp,1,2024-07-27,30,quantile,0.7,2.53279318749281
2024-07-20,wk inc flu hosp,1,2024-07-27,30,quantile,0.75,3.656453475861866
2024-07-20,wk inc flu hosp,1,2024-07-27,30,quantile,0.8,5.089198418438679
2024-07-20,wk inc flu hosp,1,2024-07-27,30,quantile,0.85,6.513702941577689
2024-07-20,wk inc flu hosp,1,2024-07-27,30,quantile,0.9,8.682475023260285
2024-07-20,wk inc flu hosp,1,2024-07-27,30,quantile,0.95,11.491370675261116
2024-07-20,wk inc flu hosp,1,2024-07-27,30,quantile,0.975,14.779095071724239
2024-07-20,wk inc flu hosp,1,2024-07-27,30,quantile,0.99,18.960952735781063
2024-07-20,wk inc flu hosp,1,2024-07-27,31,quantile,0.01,0
2024-07-20,wk inc flu hosp,1,2024-07-27,31,quantile,0.025,0
2024-07-20,wk inc flu hosp,1,2024-07-27,31,quantile,0.05,0
2024-07-20,wk inc flu hosp,1,2024-07-27,31,quantile,0.1,0
2024-07-20,wk inc flu hosp,1,2024-07-27,31,quantile,0.15,0
2024-07-20,wk inc flu hosp,1,2024-07-27,31,quantile,0.2,0.004467716191463701
2024-07-20,wk inc flu hosp,1,2024-07-27,31,quantile,0.25,0.019770136854903232
2024-07-20,wk inc flu hosp,1,2024-07-27,31,quantile,0.3,0.03507255751834276
2024-07-20,wk inc flu hosp,1,2024-07-27,31,quantile,0.35,0.0503749781817823
2024-07-20,wk inc flu hosp,1,2024-07-27,31,quantile,0.4,0.12417321705435216
2024-07-20,wk inc flu hosp,1,2024-07-27,31,quantile,0.45,0.20219688568213856
2024-07-20,wk inc flu hosp,1,2024-07-27,31,quantile,0.5,0.3333126486120277
2024-07-20,wk inc flu hosp,1,2024-07-27,31,quantile,0.55,0.48503092231855616
2024-07-20,wk inc flu hosp,1,2024-07-27,31,quantile,0.6,0.711528515318988
2024-07-20,wk inc flu hosp,1,2024-07-27,31,quantile,0.65,1.0199546568127105
2024-07-20,wk inc flu hosp,1,2024-07-27,31,quantile,0.7,1.5443995034045788
2024-07-20,wk inc flu hosp,1,2024-07-27,31,quantile,0.75,2.745479774250504
2024-07-20,wk inc flu hosp,1,2024-07-27,31,quantile,0.8,5.228951152548916
2024-07-20,wk inc flu hosp,1,2024-07-27,31,quantile,0.85,8.025598912675271
2024-07-20,wk inc flu hosp,1,2024-07-27,31,quantile,0.9,11.761160434906472
2024-07-20,wk inc flu hosp,1,2024-07-27,31,quantile,0.95,17.630384268806484
2024-07-20,wk inc flu hosp,1,2024-07-27,31,quantile,0.975,22.727133703578172
2024-07-20,wk inc flu hosp,1,2024-07-27,31,quantile,0.99,28.808912593253883
2024-07-20,wk inc flu hosp,1,2024-07-27,32,quantile,0.01,0
2024-07-20,wk inc flu hosp,1,2024-07-27,32,quantile,0.025,0
2024-07-20,wk inc flu hosp,1,2024-07-27,32,quantile,0.05,0
2024-07-20,wk inc flu hosp,1,2024-07-27,32,quantile,0.1,0
2024-07-20,wk inc flu hosp,1,2024-07-27,32,quantile,0.15,0
2024-07-20,wk inc flu hosp,1,2024-07-27,32,quantile,0.2,0.007027462062141633
2024-07-20,wk inc flu hosp,1,2024-07-27,32,quantile,0.25,0.030811079058517474
2024-07-20,wk inc flu hosp,1,2024-07-27,32,quantile,0.3,0.05459469605489331
2024-07-20,wk inc flu hosp,1,2024-07-27,32,quantile,0.35,0.07837831305126915
2024-07-20,wk inc flu hosp,1,2024-07-27,32,quantile,0.4,0.10549700733260343
2024-07-20,wk inc flu hosp,1,2024-07-27,32,quantile,0.45,0.18512201501144102
2024-07-20,wk inc flu hosp,1,2024-07-27,32,quantile,0.5,0.4470208619409297
2024-07-20,wk inc flu hosp,1,2024-07-27,32,quantile,0.55,0.726436561654144
2024-07-20,wk inc flu hosp,1,2024-07-27,32,quantile,0.6,1.0717807744196393
2024-07-20,wk inc flu hosp,1,2024-07-27,32,quantile,0.65,1.4968327829847545
2024-07-20,wk inc flu hosp,1,2024-07-27,32,quantile,0.7,2.3113818440923475
2024-07-20,wk inc flu hosp,1,2024-07-27,32,quantile,0.75,3.523398436978195
2024-07-20,wk inc flu hosp,1,2024-07-27,32,quantile,0.8,6.860028623641777
2024-07-20,wk inc flu hosp,1,2024-07-27,32,quantile,0.85,12.74500064797166
2024-07-20,wk inc flu hosp,1,2024-07-27,32,quantile,0.9,20.487967448178257
2024-07-20,wk inc flu hosp,1,2024-07-27,32,quantile,0.95,32.32844856281439
2024-07-20,wk inc flu hosp,1,2024-07-27,32,quantile,0.975,43.60417498545366
2024-07-20,wk inc flu hosp,1,2024-07-27,32,quantile,0.99,56.68200251557994
2024-07-20,wk inc flu hosp,1,2024-07-27,33,quantile,0.01,0
2024-07-20,wk inc flu hosp,1,2024-07-27,33,quantile,0.025,0
2024-07-20,wk inc flu hosp,1,2024-07-27,33,quantile,0.05,0
2024-07-20,wk inc flu hosp,1,2024-07-27,33,quantile,0.1,0
2024-07-20,wk inc flu hosp,1,2024-07-27,33,quantile,0.15,0
2024-07-20,wk inc flu hosp,1,2024-07-27,33,quantile,0.2,0
2024-07-20,wk inc flu hosp,1,2024-07-27,33,quantile,0.25,0.0092485068491051
2024-07-20,wk inc flu hosp,1,2024-07-27,33,quantile,0.3,0.030396069697101746
2024-07-20,wk inc flu hosp,1,2024-07-27,33,quantile,0.35,0.051543632545098396
2024-07-20,wk inc flu hosp,1,2024-07-27,33,quantile,0.4,0.08363760209460627
2024-07-20,wk inc flu hosp,1,2024-07-27,33,quantile,0.45,0.13698493856055124
2024-07-20,wk inc flu hosp,1,2024-07-27,33,quantile,0.5,0.2989693319808658
2024-07-20,wk inc flu hosp,1,2024-07-27,33,quantile,0.55,0.4993874882034247
2024-07-20,wk inc flu hosp,1,2024-07-27,33,quantile,0.6,0.7753359357059358
2024-07-20,wk inc flu hosp,1,2024-07-27,33,quantile,0.65,1.1942168427676687
2024-07-20,wk inc flu hosp,1,2024-07-27,33,quantile,0.7,2.308915503357538
2024-07-20,wk inc flu hosp,1,2024-07-27,33,quantile,0.75,4.292540229524661
2024-07-20,wk inc flu hosp,1,2024-07-27,33,quantile,0.8,6.7147420521324745
2024-07-20,wk inc flu hosp,1,2024-07-27,33,quantile,0.85,9.761049142923826
2024-07-20,wk inc flu hosp,1,2024-07-27,33,quantile,0.9,13.40063067675086
2024-07-20,wk inc flu hosp,1,2024-07-27,33,quantile,0.95,19.20206541510601
2024-07-20,wk inc flu hosp,1,2024-07-27,33,quantile,0.975,24.413015906098224
2024-07-20,wk inc flu hosp,1,2024-07-27,33,quantile,0.99,29.538707240082612
2024-07-20,wk inc flu hosp,1,2024-07-27,34,quantile,0.01,0
2024-07-20,wk inc flu hosp,1,2024-07-27,34,quantile,0.025,0
2024-07-20,wk inc flu hosp,1,2024-07-27,34,quantile,0.05,0
2024-07-20,wk inc flu hosp,1,2024-07-27,34,quantile,0.1,0.05067099497061942
2024-07-20,wk inc flu hosp,1,2024-07-27,34,quantile,0.15,1.2957767335753538
2024-07-20,wk inc flu hosp,1,2024-07-27,34,quantile,0.2,2.4375588005210926
2024-07-20,wk inc flu hosp,1,2024-07-27,34,quantile,0.25,3.901243536705304
2024-07-20,wk inc flu hosp,1,2024-07-27,34,quantile,0.3,5.574285614180291
2024-07-20,wk inc flu hosp,1,2024-07-27,34,quantile,0.35,7.717017781950312
2024-07-20,wk inc flu hosp,1,2024-07-27,34,quantile,0.4,10.451972878059305
2024-07-20,wk inc flu hosp,1,2024-07-27,34,quantile,0.45,14.048584503226943
2024-07-20,wk inc flu hosp,1,2024-07-27,34,quantile,0.5,17.12081988455952
2024-07-20,wk inc flu hosp,1,2024-07-27,34,quantile,0.55,20.56751830879384
2024-07-20,wk inc flu hosp,1,2024-07-27,34,quantile,0.6,22.738448222108275
2024-07-20,wk inc flu hosp,1,2024-07-27,34,quantile,0.65,26.600594424594195
2024-07-20,wk inc flu hosp,1,2024-07-27,34,quantile,0.7,28.810460402076394
2024-07-20,wk inc flu hosp,1,2024-07-27,34,quantile,0.75,35.34564611856807
2024-07-20,wk inc flu hosp,1,2024-07-27,34,quantile,0.8,41.51737494258648
2024-07-20,wk inc flu hosp,1,2024-07-27,34,quantile,0.85,47.61927682830862
2024-07-20,wk inc flu hosp,1,2024-07-27,34,quantile,0.9,62.209704196488914
2024-07-20,wk inc flu hosp,1,2024-07-27,34,quantile,0.95,87.08146259392258
2024-07-20,wk inc flu hosp,1,2024-07-27,34,quantile,0.975,112.34072636321359
2024-07-20,wk inc flu hosp,1,2024-07-27,34,quantile,0.99,127.52422287740396
2024-07-20,wk inc flu hosp,1,2024-07-27,35,quantile,0.01,0
2024-07-20,wk inc flu hosp,1,2024-07-27,35,quantile,0.025,0
2024-07-20,wk inc flu hosp,1,2024-07-27,35,quantile,0.05,0
2024-07-20,wk inc flu hosp,1,2024-07-27,35,quantile,0.1,0
2024-07-20,wk inc flu hosp,1,2024-07-27,35,quantile,0.15,0.0050955894106944
2024-07-20,wk inc flu hosp,1,2024-07-27,35,quantile,0.2,0.049539446194640326
2024-07-20,wk inc flu hosp,1,2024-07-27,35,quantile,0.25,0.11245923118063728
2024-07-20,wk inc flu hosp,1,2024-07-27,35,quantile,0.3,0.28308165859689977
2024-07-20,wk inc flu hosp,1,2024-07-27,35,quantile,0.35,0.5251402327166731
2024-07-20,wk inc flu hosp,1,2024-07-27,35,quantile,0.4,0.7930457161798028
2024-07-20,wk inc flu hosp,1,2024-07-27,35,quantile,0.45,1.07747529199821
2024-07-20,wk inc flu hosp,1,2024-07-27,35,quantile,0.5,1.3922573531065259
2024-07-20,wk inc flu hosp,1,2024-07-27,35,quantile,0.55,1.6985295600241044
2024-07-20,wk inc flu hosp,1,2024-07-27,35,quantile,0.6,1.9950335158477392
2024-07-20,wk inc flu hosp,1,2024-07-27,35,quantile,0.65,2.7420521080381297
2024-07-20,wk inc flu hosp,1,2024-07-27,35,quantile,0.7,3.854344227537474
2024-07-20,wk inc flu hosp,1,2024-07-27,35,quantile,0.75,5.465557970664072
2024-07-20,wk inc flu hosp,1,2024-07-27,35,quantile,0.8,8.277605424197287
2024-07-20,wk inc flu hosp,1,2024-07-27,35,quantile,0.85,12.088808902550385
2024-07-20,wk inc flu hosp,1,2024-07-27,35,quantile,0.9,16.828730961387837
2024-07-20,wk inc flu hosp,1,2024-07-27,35,quantile,0.95,24.951121249675854
2024-07-20,wk inc flu hosp,1,2024-07-27,35,quantile,0.975,32.142419372189025
2024-07-20,wk inc flu hosp,1,2024-07-27,35,quantile,0.99,41.24256109681294
2024-07-20,wk inc flu hosp,1,2024-07-27,36,quantile,0.01,0
2024-07-20,wk inc flu hosp,1,2024-07-27,36,quantile,0.025,0
2024-07-20,wk inc flu hosp,1,2024-07-27,36,quantile,0.05,0
2024-07-20,wk inc flu hosp,1,2024-07-27,36,quantile,0.1,0
2024-07-20,wk inc flu hosp,1,2024-07-27,36,quantile,0.15,0.10674816990308846
2024-07-20,wk inc flu hosp,1,2024-07-27,36,quantile,0.2,0.540201364939704
2024-07-20,wk inc flu hosp,1,2024-07-27,36,quantile,0.25,1.0231303714725077
2024-07-20,wk inc flu hosp,1,2024-07-27,36,quantile,0.3,1.4209920613349432
2024-07-20,wk inc flu hosp,1,2024-07-27,36,quantile,0.35,1.8849118637789295
2024-07-20,wk inc flu hosp,1,2024-07-27,36,quantile,0.4,2.334835209194999
2024-07-20,wk inc flu hosp,1,2024-07-27,36,quantile,0.45,2.6983496641740152
2024-07-20,wk inc flu hosp,1,2024-07-27,36,quantile,0.5,3.247979623910526
2024-07-20,wk inc flu hosp,1,2024-07-27,36,quantile,0.55,3.7203128662319127
2024-07-20,wk inc flu hosp,1,2024-07-27,36,quantile,0.6,4.502834667660186
2024-07-20,wk inc flu hosp,1,2024-07-27,36,quantile,0.65,5.98522140951496
2024-07-20,wk inc flu hosp,1,2024-07-27,36,quantile,0.7,9.489708044150555
2024-07-20,wk inc flu hosp,1,2024-07-27,36,quantile,0.75,18.524476539202155
2024-07-20,wk inc flu hosp,1,2024-07-27,36,quantile,0.8,30.78706167413741
2024-07-20,wk inc flu hosp,1,2024-07-27,36,quantile,0.85,45.27983101526964
2024-07-20,wk inc flu hosp,1,2024-07-27,36,quantile,0.9,63.08264471002545
2024-07-20,wk inc flu hosp,1,2024-07-27,36,quantile,0.95,95.06410536307541
2024-07-20,wk inc flu hosp,1,2024-07-27,36,quantile,0.975,134.1401927174146
2024-07-20,wk inc flu hosp,1,2024-07-27,36,quantile,0.99,288.42621582384373
2024-07-20,wk inc flu hosp,1,2024-07-27,37,quantile,0.01,0
2024-07-20,wk inc flu hosp,1,2024-07-27,37,quantile,0.025,0
2024-07-20,wk inc flu hosp,1,2024-07-27,37,quantile,0.05,0
2024-07-20,wk inc flu hosp,1,2024-07-27,37,quantile,0.1,0
2024-07-20,wk inc flu hosp,1,2024-07-27,37,quantile,0.15,0.03603166907887386
2024-07-20,wk inc flu hosp,1,2024-07-27,37,quantile,0.2,0.19501185665500156
2024-07-20,wk inc flu hosp,1,2024-07-27,37,quantile,0.25,0.35399204423112923
2024-07-20,wk inc flu hosp,1,2024-07-27,37,quantile,0.3,0.6614886571917479
2024-07-20,wk inc flu hosp,1,2024-07-27,37,quantile,0.35,1.1424740725601104
2024-07-20,wk inc flu hosp,1,2024-07-27,37,quantile,0.4,1.641595263824668
2024-07-20,wk inc flu hosp,1,2024-07-27,37,quantile,0.45,2.259102682249863
2024-07-20,wk inc flu hosp,1,2024-07-27,37,quantile,0.5,3.2399188598612407
2024-07-20,wk inc flu hosp,1,2024-07-27,37,quantile,0.55,5.117617714123753
2024-07-20,wk inc flu hosp,1,2024-07-27,37,quantile,0.6,9.20938744763013
2024-07-20,wk inc flu hosp,1,2024-07-27,37,quantile,0.65,17.346922499344412
2024-07-20,wk inc flu hosp,1,2024-07-27,37,quantile,0.7,25.943590073597004
2024-07-20,wk inc flu hosp,1,2024-07-27,37,quantile,0.75,36.24706191162672
2024-07-20,wk inc flu hosp,1,2024-07-27,37,quantile,0.8,48.503487124140776
2024-07-20,wk inc flu hosp,1,2024-07-27,37,quantile,0.85,63.600721758301624
2024-07-20,wk inc flu hosp,1,2024-07-27,37,quantile,0.9,82.40781098155047
2024-07-20,wk inc flu hosp,1,2024-07-27,37,quantile,0.95,109.31640906438525
2024-07-20,wk inc flu hosp,1,2024-07-27,37,quantile,0.975,136.37962665525376
2024-07-20,wk inc flu hosp,1,2024-07-27,37,quantile,0.99,179.0843112329422
2024-07-20,wk inc flu hosp,1,2024-07-27,38,quantile,0.01,0
2024-07-20,wk inc flu hosp,1,2024-07-27,38,quantile,0.025,0
2024-07-20,wk inc flu hosp,1,2024-07-27,38,quantile,0.05,0
2024-07-20,wk inc flu hosp,1,2024-07-27,38,quantile,0.1,0
2024-07-20,wk inc flu hosp,1,2024-07-27,38,quantile,0.15,0
2024-07-20,wk inc flu hosp,1,2024-07-27,38,quantile,0.2,0
2024-07-20,wk inc flu hosp,1,2024-07-27,38,quantile,0.25,0.009965899764695247
2024-07-20,wk inc flu hosp,1,2024-07-27,38,quantile,0.3,0.020990206475900924
2024-07-20,wk inc flu hosp,1,2024-07-27,38,quantile,0.35,0.036784396429738825
2024-07-20,wk inc flu hosp,1,2024-07-27,38,quantile,0.4,0.07694570688848007
2024-07-20,wk inc flu hosp,1,2024-07-27,38,quantile,0.45,0.1282193483858043
2024-07-20,wk inc flu hosp,1,2024-07-27,38,quantile,0.5,0.18831406133483347
2024-07-20,wk inc flu hosp,1,2024-07-27,38,quantile,0.55,0.31611753180586566
2024-07-20,wk inc flu hosp,1,2024-07-27,38,quantile,0.6,0.5554471009195348
2024-07-20,wk inc flu hosp,1,2024-07-27,38,quantile,0.65,0.9079785034933617
2024-07-20,wk inc flu hosp,1,2024-07-27,38,quantile,0.7,1.269382595827032
2024-07-20,wk inc flu hosp,1,2024-07-27,38,quantile,0.75,1.774238325111851
2024-07-20,wk inc flu hosp,1,2024-07-27,38,quantile,0.8,2.4371188592404884
2024-07-20,wk inc flu hosp,1,2024-07-27,38,quantile,0.85,3.50838526448703
2024-07-20,wk inc flu hosp,1,2024-07-27,38,quantile,0.9,4.979428949334704
2024-07-20,wk inc flu hosp,1,2024-07-27,38,quantile,0.95,7.215470530151567
2024-07-20,wk inc flu hosp,1,2024-07-27,38,quantile,0.975,9.51205036311763
2024-07-20,wk inc flu hosp,1,2024-07-27,38,quantile,0.99,11.889911628246738
2024-07-20,wk inc flu hosp,1,2024-07-27,39,quantile,0.01,0
2024-07-20,wk inc flu hosp,1,2024-07-27,39,quantile,0.025,0
2024-07-20,wk inc flu hosp,1,2024-07-27,39,quantile,0.05,0
2024-07-20,wk inc flu hosp,1,2024-07-27,39,quantile,0.1,0
2024-07-20,wk inc flu hosp,1,2024-07-27,39,quantile,0.15,0.44080610904323214
2024-07-20,wk inc flu hosp,1,2024-07-27,39,quantile,0.2,1.075648244310105
2024-07-20,wk inc flu hosp,1,2024-07-27,39,quantile,0.25,1.9195129506915694
2024-07-20,wk inc flu hosp,1,2024-07-27,39,quantile,0.3,2.553906707288069
2024-07-20,wk inc flu hosp,1,2024-07-27,39,quantile,0.35,3.2037912196209852
2024-07-20,wk inc flu hosp,1,2024-07-27,39,quantile,0.4,4.134124323816741
2024-07-20,wk inc flu hosp,1,2024-07-27,39,quantile,0.45,5.312750590801096
2024-07-20,wk inc flu hosp,1,2024-07-27,39,quantile,0.5,6.4643923861177095
2024-07-20,wk inc flu hosp,1,2024-07-27,39,quantile,0.55,8.023954625097883
2024-07-20,wk inc flu hosp,1,2024-07-27,39,quantile,0.6,9.564157295368133
2024-07-20,wk inc flu hosp,1,2024-07-27,39,quantile,0.65,11.308589543542455
2024-07-20,wk inc flu hosp,1,2024-07-27,39,quantile,0.7,14.722752378667373
2024-07-20,wk inc flu hosp,1,2024-07-27,39,quantile,0.75,21.494017894536185
2024-07-20,wk inc flu hosp,1,2024-07-27,39,quantile,0.8,30.316599464962852
2024-07-20,wk inc flu hosp,1,2024-07-27,39,quantile,0.85,41.82184675039138
2024-07-20,wk inc flu hosp,1,2024-07-27,39,quantile,0.9,58.00746658592939
2024-07-20,wk inc flu hosp,1,2024-07-27,39,quantile,0.95,84.24762499740685
2024-07-20,wk inc flu hosp,1,2024-07-27,39,quantile,0.975,107.42824701954675
2024-07-20,wk inc flu hosp,1,2024-07-27,39,quantile,0.99,126.0954199558331
2024-07-20,wk inc flu hosp,1,2024-07-27,40,quantile,0.01,0
2024-07-20,wk inc flu hosp,1,2024-07-27,40,quantile,0.025,0
2024-07-20,wk inc flu hosp,1,2024-07-27,40,quantile,0.05,0
2024-07-20,wk inc flu hosp,1,2024-07-27,40,quantile,0.1,0
2024-07-20,wk inc flu hosp,1,2024-07-27,40,quantile,0.15,0.022592367295733794
2024-07-20,wk inc flu hosp,1,2024-07-27,40,quantile,0.2,0.10918629006420844
2024-07-20,wk inc flu hosp,1,2024-07-27,40,quantile,0.25,0.19578021283268304
2024-07-20,wk inc flu hosp,1,2024-07-27,40,quantile,0.3,0.3537257378929555
2024-07-20,wk inc flu hosp,1,2024-07-27,40,quantile,0.35,0.7674421424690412
2024-07-20,wk inc flu hosp,1,2024-07-27,40,quantile,0.4,1.1731198420516722
2024-07-20,wk inc flu hosp,1,2024-07-27,40,quantile,0.45,1.7749572320277671
2024-07-20,wk inc flu hosp,1,2024-07-27,40,quantile,0.5,2.5815420010972123
2024-07-20,wk inc flu hosp,1,2024-07-27,40,quantile,0.55,3.6682078510074927
2024-07-20,wk inc flu hosp,1,2024-07-27,40,quantile,0.6,4.613865604227851
2024-07-20,wk inc flu hosp,1,2024-07-27,40,quantile,0.65,5.738814616862482
2024-07-20,wk inc flu hosp,1,2024-07-27,40,quantile,0.7,7.272102404639289
2024-07-20,wk inc flu hosp,1,2024-07-27,40,quantile,0.75,10.294673410947478
2024-07-20,wk inc flu hosp,1,2024-07-27,40,quantile,0.8,18.21881738958011
2024-07-20,wk inc flu hosp,1,2024-07-27,40,quantile,0.85,29.504339409883993
2024-07-20,wk inc flu hosp,1,2024-07-27,40,quantile,0.9,44.10564164364229
2024-07-20,wk inc flu hosp,1,2024-07-27,40,quantile,0.95,68.54365535248635
2024-07-20,wk inc flu hosp,1,2024-07-27,40,quantile,0.975,89.71329307806539
2024-07-20,wk inc flu hosp,1,2024-07-27,40,quantile,0.99,112.70708302340527
2024-07-20,wk inc flu hosp,1,2024-07-27,41,quantile,0.01,0
2024-07-20,wk inc flu hosp,1,2024-07-27,41,quantile,0.025,0
2024-07-20,wk inc flu hosp,1,2024-07-27,41,quantile,0.05,0
2024-07-20,wk inc flu hosp,1,2024-07-27,41,quantile,0.1,0
2024-07-20,wk inc flu hosp,1,2024-07-27,41,quantile,0.15,0.18894876443355896
2024-07-20,wk inc flu hosp,1,2024-07-27,41,quantile,0.2,0.3731736623795939
2024-07-20,wk inc flu hosp,1,2024-07-27,41,quantile,0.25,0.5644593949802537
2024-07-20,wk inc flu hosp,1,2024-07-27,41,quantile,0.3,0.7678678630656858
2024-07-20,wk inc flu hosp,1,2024-07-27,41,quantile,0.35,0.9642338858112303
2024-07-20,wk inc flu hosp,1,2024-07-27,41,quantile,0.4,1.2639085744546288
2024-07-20,wk inc flu hosp,1,2024-07-27,41,quantile,0.45,1.646731759279942
2024-07-20,wk inc flu hosp,1,2024-07-27,41,quantile,0.5,2.2506244491504046
2024-07-20,wk inc flu hosp,1,2024-07-27,41,quantile,0.55,2.883623115443466
2024-07-20,wk inc flu hosp,1,2024-07-27,41,quantile,0.6,3.7532785678382856
2024-07-20,wk inc flu hosp,1,2024-07-27,41,quantile,0.65,5.263377471238588
2024-07-20,wk inc flu hosp,1,2024-07-27,41,quantile,0.7,7.406540000436381
2024-07-20,wk inc flu hosp,1,2024-07-27,41,quantile,0.75,11.730304510760632
2024-07-20,wk inc flu hosp,1,2024-07-27,41,quantile,0.8,17.420374187322714
2024-07-20,wk inc flu hosp,1,2024-07-27,41,quantile,0.85,24.144278460822854
2024-07-20,wk inc flu hosp,1,2024-07-27,41,quantile,0.9,34.02740816874624
2024-07-20,wk inc flu hosp,1,2024-07-27,41,quantile,0.95,50.80449207732133
2024-07-20,wk inc flu hosp,1,2024-07-27,41,quantile,0.975,64.6579855401942
2024-07-20,wk inc flu hosp,1,2024-07-27,41,quantile,0.99,80.58937742421583
2024-07-20,wk inc flu hosp,1,2024-07-27,42,quantile,0.01,0
2024-07-20,wk inc flu hosp,1,2024-07-27,42,quantile,0.025,0
2024-07-20,wk inc flu hosp,1,2024-07-27,42,quantile,0.05,1.2110979292966004
2024-07-20,wk inc flu hosp,1,2024-07-27,42,quantile,0.1,7.716299212304611
2024-07-20,wk inc flu hosp,1,2024-07-27,42,quantile,0.15,15.642803205326105
2024-07-20,wk inc flu hosp,1,2024-07-27,42,quantile,0.2,22.678949327079994
2024-07-20,wk inc flu hosp,1,2024-07-27,42,quantile,0.25,28.76091422295331
2024-07-20,wk inc flu hosp,1,2024-07-27,42,quantile,0.3,36.5959730532525
2024-07-20,wk inc flu hosp,1,2024-07-27,42,quantile,0.35,39.82683539432934
2024-07-20,wk inc flu hosp,1,2024-07-27,42,quantile,0.4,42.9088832754962
2024-07-20,wk inc flu hosp,1,2024-07-27,42,quantile,0.45,46.50902188751251
2024-07-20,wk inc flu hosp,1,2024-07-27,42,quantile,0.5,51.48288885044878
2024-07-20,wk inc flu hosp,1,2024-07-27,42,quantile,0.55,58.61553795483318
2024-07-20,wk inc flu hosp,1,2024-07-27,42,quantile,0.6,67.05650073842071
2024-07-20,wk inc flu hosp,1,2024-07-27,42,quantile,0.65,76.687107346887
2024-07-20,wk inc flu hosp,1,2024-07-27,42,quantile,0.7,87.67938119984849
2024-07-20,wk inc flu hosp,1,2024-07-27,42,quantile,0.75,100.98415997852209
2024-07-20,wk inc flu hosp,1,2024-07-27,42,quantile,0.8,117.22529091763127
2024-07-20,wk inc flu hosp,1,2024-07-27,42,quantile,0.85,137.9771358728986
2024-07-20,wk inc flu hosp,1,2024-07-27,42,quantile,0.9,164.4784198382262
2024-07-20,wk inc flu hosp,1,2024-07-27,42,quantile,0.95,205.08136203032987
2024-07-20,wk inc flu hosp,1,2024-07-27,42,quantile,0.975,248.3833817686969
2024-07-20,wk inc flu hosp,1,2024-07-27,42,quantile,0.99,309.95030676923864
2024-07-20,wk inc flu hosp,1,2024-07-27,44,quantile,0.01,0
2024-07-20,wk inc flu hosp,1,2024-07-27,44,quantile,0.025,0
2024-07-20,wk inc flu hosp,1,2024-07-27,44,quantile,0.05,0
2024-07-20,wk inc flu hosp,1,2024-07-27,44,quantile,0.1,0
2024-07-20,wk inc flu hosp,1,2024-07-27,44,quantile,0.15,0
2024-07-20,wk inc flu hosp,1,2024-07-27,44,quantile,0.2,0
2024-07-20,wk inc flu hosp,1,2024-07-27,44,quantile,0.25,0
2024-07-20,wk inc flu hosp,1,2024-07-27,44,quantile,0.3,0.004952856471790588
2024-07-20,wk inc flu hosp,1,2024-07-27,44,quantile,0.35,0.010272979001608475
2024-07-20,wk inc flu hosp,1,2024-07-27,44,quantile,0.4,0.015593101531426366
2024-07-20,wk inc flu hosp,1,2024-07-27,44,quantile,0.45,0.020913224061244254
2024-07-20,wk inc flu hosp,1,2024-07-27,44,quantile,0.5,0.06983835338010892
2024-07-20,wk inc flu hosp,1,2024-07-27,44,quantile,0.55,0.1930859770638658
2024-07-20,wk inc flu hosp,1,2024-07-27,44,quantile,0.6,0.37583782581437897
2024-07-20,wk inc flu hosp,1,2024-07-27,44,quantile,0.65,0.5970476653817659
2024-07-20,wk inc flu hosp,1,2024-07-27,44,quantile,0.7,0.8407006359058263
2024-07-20,wk inc flu hosp,1,2024-07-27,44,quantile,0.75,1.2404964450323726
2024-07-20,wk inc flu hosp,1,2024-07-27,44,quantile,0.8,2.7432709104613395
2024-07-20,wk inc flu hosp,1,2024-07-27,44,quantile,0.85,4.768650901921972
2024-07-20,wk inc flu hosp,1,2024-07-27,44,quantile,0.9,7.395429946040348
2024-07-20,wk inc flu hosp,1,2024-07-27,44,quantile,0.95,11.334508052670536
2024-07-20,wk inc flu hosp,1,2024-07-27,44,quantile,0.975,14.528864789638934
2024-07-20,wk inc flu hosp,1,2024-07-27,44,quantile,0.99,17.778887113589928
2024-07-20,wk inc flu hosp,1,2024-07-27,45,quantile,0.01,0
2024-07-20,wk inc flu hosp,1,2024-07-27,45,quantile,0.025,0
2024-07-20,wk inc flu hosp,1,2024-07-27,45,quantile,0.05,0
2024-07-20,wk inc flu hosp,1,2024-07-27,45,quantile,0.1,0.5592496780461627
2024-07-20,wk inc flu hosp,1,2024-07-27,45,quantile,0.15,1.7894179129248475
2024-07-20,wk inc flu hosp,1,2024-07-27,45,quantile,0.2,2.9702061329802443
2024-07-20,wk inc flu hosp,1,2024-07-27,45,quantile,0.25,5.794252007852706
2024-07-20,wk inc flu hosp,1,2024-07-27,45,quantile,0.3,8.081098241135305
2024-07-20,wk inc flu hosp,1,2024-07-27,45,quantile,0.35,10.091034472147088
2024-07-20,wk inc flu hosp,1,2024-07-27,45,quantile,0.4,11.597695114924711
2024-07-20,wk inc flu hosp,1,2024-07-27,45,quantile,0.45,13.212041490190394
2024-07-20,wk inc flu hosp,1,2024-07-27,45,quantile,0.5,14.796975028702414
2024-07-20,wk inc flu hosp,1,2024-07-27,45,quantile,0.55,17.10246342899842
2024-07-20,wk inc flu hosp,1,2024-07-27,45,quantile,0.6,19.028033282927378
2024-07-20,wk inc flu hosp,1,2024-07-27,45,quantile,0.65,20.179763426518623
2024-07-20,wk inc flu hosp,1,2024-07-27,45,quantile,0.7,22.513479243927623
2024-07-20,wk inc flu hosp,1,2024-07-27,45,quantile,0.75,25.78215383443536
2024-07-20,wk inc flu hosp,1,2024-07-27,45,quantile,0.8,31.5869719661404
2024-07-20,wk inc flu hosp,1,2024-07-27,45,quantile,0.85,39.01230222313852
2024-07-20,wk inc flu hosp,1,2024-07-27,45,quantile,0.9,49.8536689817274
2024-07-20,wk inc flu hosp,1,2024-07-27,45,quantile,0.95,65.96795278223091
2024-07-20,wk inc flu hosp,1,2024-07-27,45,quantile,0.975,79.95726598333077
2024-07-20,wk inc flu hosp,1,2024-07-27,45,quantile,0.99,98.57054944215896
2024-07-20,wk inc flu hosp,1,2024-07-27,46,quantile,0.01,0
2024-07-20,wk inc flu hosp,1,2024-07-27,46,quantile,0.025,0
2024-07-20,wk inc flu hosp,1,2024-07-27,46,quantile,0.05,0
2024-07-20,wk inc flu hosp,1,2024-07-27,46,quantile,0.1,0
2024-07-20,wk inc flu hosp,1,2024-07-27,46,quantile,0.15,0
2024-07-20,wk inc flu hosp,1,2024-07-27,46,quantile,0.2,0.009699488009073404
2024-07-20,wk inc flu hosp,1,2024-07-27,46,quantile,0.25,0.031852594006010544
2024-07-20,wk inc flu hosp,1,2024-07-27,46,quantile,0.3,0.05946486433106128
2024-07-20,wk inc flu hosp,1,2024-07-27,46,quantile,0.35,0.130281719357631
2024-07-20,wk inc flu hosp,1,2024-07-27,46,quantile,0.4,0.2825952128043312
2024-07-20,wk inc flu hosp,1,2024-07-27,46,quantile,0.45,0.43018508307513476
2024-07-20,wk inc flu hosp,1,2024-07-27,46,quantile,0.5,0.5954277029523504
2024-07-20,wk inc flu hosp,1,2024-07-27,46,quantile,0.55,0.8284227492603291
2024-07-20,wk inc flu hosp,1,2024-07-27,46,quantile,0.6,1.2427117361680138
2024-07-20,wk inc flu hosp,1,2024-07-27,46,quantile,0.65,1.9416526873921887
2024-07-20,wk inc flu hosp,1,2024-07-27,46,quantile,0.7,2.8851563982094923
2024-07-20,wk inc flu hosp,1,2024-07-27,46,quantile,0.75,4.0454449365385186
2024-07-20,wk inc flu hosp,1,2024-07-27,46,quantile,0.8,5.634744942634138
2024-07-20,wk inc flu hosp,1,2024-07-27,46,quantile,0.85,7.623569772620015
2024-07-20,wk inc flu hosp,1,2024-07-27,46,quantile,0.9,10.422330104019943
2024-07-20,wk inc flu hosp,1,2024-07-27,46,quantile,0.95,15.14549871001927
2024-07-20,wk inc flu hosp,1,2024-07-27,46,quantile,0.975,19.778313141414028
2024-07-20,wk inc flu hosp,1,2024-07-27,46,quantile,0.99,24.79817385251558
2024-07-20,wk inc flu hosp,1,2024-07-27,47,quantile,0.01,0
2024-07-20,wk inc flu hosp,1,2024-07-27,47,quantile,0.025,0
2024-07-20,wk inc flu hosp,1,2024-07-27,47,quantile,0.05,0
2024-07-20,wk inc flu hosp,1,2024-07-27,47,quantile,0.1,0.1601819172750319
2024-07-20,wk inc flu hosp,1,2024-07-27,47,quantile,0.15,1.11642289522037
2024-07-20,wk inc flu hosp,1,2024-07-27,47,quantile,0.2,2.13904966966226
2024-07-20,wk inc flu hosp,1,2024-07-27,47,quantile,0.25,3.0296664602053425
2024-07-20,wk inc flu hosp,1,2024-07-27,47,quantile,0.3,3.8241158583520076
2024-07-20,wk inc flu hosp,1,2024-07-27,47,quantile,0.35,4.689404930242606
2024-07-20,wk inc flu hosp,1,2024-07-27,47,quantile,0.4,6.006535294821218
2024-07-20,wk inc flu hosp,1,2024-07-27,47,quantile,0.45,7.314057549781807
2024-07-20,wk inc flu hosp,1,2024-07-27,47,quantile,0.5,8.885083922880003
2024-07-20,wk inc flu hosp,1,2024-07-27,47,quantile,0.55,11.218461384007984
2024-07-20,wk inc flu hosp,1,2024-07-27,47,quantile,0.6,12.655867535890424
2024-07-20,wk inc flu hosp,1,2024-07-27,47,quantile,0.65,14.937950952107208
2024-07-20,wk inc flu hosp,1,2024-07-27,47,quantile,0.7,16.976621255333537
2024-07-20,wk inc flu hosp,1,2024-07-27,47,quantile,0.75,21.011682876947653
2024-07-20,wk inc flu hosp,1,2024-07-27,47,quantile,0.8,28.82690458161441
2024-07-20,wk inc flu hosp,1,2024-07-27,47,quantile,0.85,38.34483923305057
2024-07-20,wk inc flu hosp,1,2024-07-27,47,quantile,0.9,51.15925766790836
2024-07-20,wk inc flu hosp,1,2024-07-27,47,quantile,0.95,71.25999535699047
2024-07-20,wk inc flu hosp,1,2024-07-27,47,quantile,0.975,88.53443060428842
2024-07-20,wk inc flu hosp,1,2024-07-27,47,quantile,0.99,109.11777244305772
2024-07-20,wk inc flu hosp,1,2024-07-27,48,quantile,0.01,0
2024-07-20,wk inc flu hosp,1,2024-07-27,48,quantile,0.025,0
2024-07-20,wk inc flu hosp,1,2024-07-27,48,quantile,0.05,0
2024-07-20,wk inc flu hosp,1,2024-07-27,48,quantile,0.1,0
2024-07-20,wk inc flu hosp,1,2024-07-27,48,quantile,0.15,0.06607957631813316
2024-07-20,wk inc flu hosp,1,2024-07-27,48,quantile,0.2,0.2314075774873534
2024-07-20,wk inc flu hosp,1,2024-07-27,48,quantile,0.25,0.39673557865657355
2024-07-20,wk inc flu hosp,1,2024-07-27,48,quantile,0.3,0.5620635798257937
2024-07-20,wk inc flu hosp,1,2024-07-27,48,quantile,0.35,0.9617320510914991
2024-07-20,wk inc flu hosp,1,2024-07-27,48,quantile,0.4,1.5297537479862768
2024-07-20,wk inc flu hosp,1,2024-07-27,48,quantile,0.45,2.3457963917693765
2024-07-20,wk inc flu hosp,1,2024-07-27,48,quantile,0.5,4.082992464317691
2024-07-20,wk inc flu hosp,1,2024-07-27,48,quantile,0.55,8.880228341672838
2024-07-20,wk inc flu hosp,1,2024-07-27,48,quantile,0.6,22.54546886147878
2024-07-20,wk inc flu hosp,1,2024-07-27,48,quantile,0.65,39.41509231495891
2024-07-20,wk inc flu hosp,1,2024-07-27,48,quantile,0.7,56.44259016188765
2024-07-20,wk inc flu hosp,1,2024-07-27,48,quantile,0.75,76.01476355935198
2024-07-20,wk inc flu hosp,1,2024-07-27,48,quantile,0.8,96.02724858840013
2024-07-20,wk inc flu hosp,1,2024-07-27,48,quantile,0.85,118.13345881840299
2024-07-20,wk inc flu hosp,1,2024-07-27,48,quantile,0.9,145.4635448365135
2024-07-20,wk inc flu hosp,1,2024-07-27,48,quantile,0.95,189.659661526463
2024-07-20,wk inc flu hosp,1,2024-07-27,48,quantile,0.975,236.18021491068973
2024-07-20,wk inc flu hosp,1,2024-07-27,48,quantile,0.99,354.5094094939706
2024-07-20,wk inc flu hosp,1,2024-07-27,49,quantile,0.01,0
2024-07-20,wk inc flu hosp,1,2024-07-27,49,quantile,0.025,0
2024-07-20,wk inc flu hosp,1,2024-07-27,49,quantile,0.05,0
2024-07-20,wk inc flu hosp,1,2024-07-27,49,quantile,0.1,0
2024-07-20,wk inc flu hosp,1,2024-07-27,49,quantile,0.15,0
2024-07-20,wk inc flu hosp,1,2024-07-27,49,quantile,0.2,0
2024-07-20,wk inc flu hosp,1,2024-07-27,49,quantile,0.25,0.01930919046295689
2024-07-20,wk inc flu hosp,1,2024-07-27,49,quantile,0.3,0.04249171340996371
2024-07-20,wk inc flu hosp,1,2024-07-27,49,quantile,0.35,0.06567423635697052
2024-07-20,wk inc flu hosp,1,2024-07-27,49,quantile,0.4,0.11428589292010224
2024-07-20,wk inc flu hosp,1,2024-07-27,49,quantile,0.45,0.21663718910240556
2024-07-20,wk inc flu hosp,1,2024-07-27,49,quantile,0.5,0.3541975647928929
2024-07-20,wk inc flu hosp,1,2024-07-27,49,quantile,0.55,0.5056525100618553
2024-07-20,wk inc flu hosp,1,2024-07-27,49,quantile,0.6,0.6747722806493993
2024-07-20,wk inc flu hosp,1,2024-07-27,49,quantile,0.65,1.1164562911021818
2024-07-20,wk inc flu hosp,1,2024-07-27,49,quantile,0.7,2.0554501665638556
2024-07-20,wk inc flu hosp,1,2024-07-27,49,quantile,0.75,3.4957353359791807
2024-07-20,wk inc flu hosp,1,2024-07-27,49,quantile,0.8,7.33624046510351
2024-07-20,wk inc flu hosp,1,2024-07-27,49,quantile,0.85,13.021124571134475
2024-07-20,wk inc flu hosp,1,2024-07-27,49,quantile,0.9,19.871465476109243
2024-07-20,wk inc flu hosp,1,2024-07-27,49,quantile,0.95,29.852077476005064
2024-07-20,wk inc flu hosp,1,2024-07-27,49,quantile,0.975,39.19566411035435
2024-07-20,wk inc flu hosp,1,2024-07-27,49,quantile,0.99,50.78176188147076
2024-07-20,wk inc flu hosp,1,2024-07-27,50,quantile,0.01,0
2024-07-20,wk inc flu hosp,1,2024-07-27,50,quantile,0.025,0
2024-07-20,wk inc flu hosp,1,2024-07-27,50,quantile,0.05,0
2024-07-20,wk inc flu hosp,1,2024-07-27,50,quantile,0.1,0
2024-07-20,wk inc flu hosp,1,2024-07-27,50,quantile,0.15,0
2024-07-20,wk inc flu hosp,1,2024-07-27,50,quantile,0.2,0
2024-07-20,wk inc flu hosp,1,2024-07-27,50,quantile,0.25,0.003643837956381493
2024-07-20,wk inc flu hosp,1,2024-07-27,50,quantile,0.3,0.016611354759915802
2024-07-20,wk inc flu hosp,1,2024-07-27,50,quantile,0.35,0.0295876588293838
2024-07-20,wk inc flu hosp,1,2024-07-27,50,quantile,0.4,0.04257020785164578
2024-07-20,wk inc flu hosp,1,2024-07-27,50,quantile,0.45,0.08078172858779328
2024-07-20,wk inc flu hosp,1,2024-07-27,50,quantile,0.5,0.1689732969031352
2024-07-20,wk inc flu hosp,1,2024-07-27,50,quantile,0.55,0.25721525237292664
2024-07-20,wk inc flu hosp,1,2024-07-27,50,quantile,0.6,0.37794516502097625
2024-07-20,wk inc flu hosp,1,2024-07-27,50,quantile,0.65,0.5629623357042048
2024-07-20,wk inc flu hosp,1,2024-07-27,50,quantile,0.7,0.8119470154974973
2024-07-20,wk inc flu hosp,1,2024-07-27,50,quantile,0.75,1.2264521691389925
2024-07-20,wk inc flu hosp,1,2024-07-27,50,quantile,0.8,1.9292323630183836
2024-07-20,wk inc flu hosp,1,2024-07-27,50,quantile,0.85,2.944695871221023
2024-07-20,wk inc flu hosp,1,2024-07-27,50,quantile,0.9,4.368968316758944
2024-07-20,wk inc flu hosp,1,2024-07-27,50,quantile,0.95,6.763075724721053
2024-07-20,wk inc flu hosp,1,2024-07-27,50,quantile,0.975,8.818622443925317
2024-07-20,wk inc flu hosp,1,2024-07-27,50,quantile,0.99,11.868451393013677
2024-07-20,wk inc flu hosp,1,2024-07-27,51,quantile,0.01,0
2024-07-20,wk inc flu hosp,1,2024-07-27,51,quantile,0.025,0
2024-07-20,wk inc flu hosp,1,2024-07-27,51,quantile,0.05,0
2024-07-20,wk inc flu hosp,1,2024-07-27,51,quantile,0.1,0.8492753192817338
2024-07-20,wk inc flu hosp,1,2024-07-27,51,quantile,0.15,2.2053857153502143
2024-07-20,wk inc flu hosp,1,2024-07-27,51,quantile,0.2,4.163983480716544
2024-07-20,wk inc flu hosp,1,2024-07-27,51,quantile,0.25,6.361979259965886
2024-07-20,wk inc flu hosp,1,2024-07-27,51,quantile,0.3,8.774592395200154
2024-07-20,wk inc flu hosp,1,2024-07-27,51,quantile,0.35,11.747281571115185
2024-07-20,wk inc flu hosp,1,2024-07-27,51,quantile,0.4,14.699882464030388
2024-07-20,wk inc flu hosp,1,2024-07-27,51,quantile,0.45,18.295294272554813
2024-07-20,wk inc flu hosp,1,2024-07-27,51,quantile,0.5,20.685443420598776
2024-07-20,wk inc flu hosp,1,2024-07-27,51,quantile,0.55,24.542242708997552
2024-07-20,wk inc flu hosp,1,2024-07-27,51,quantile,0.6,27.032300402136578
2024-07-20,wk inc flu hosp,1,2024-07-27,51,quantile,0.65,29.19654333468944
2024-07-20,wk inc flu hosp,1,2024-07-27,51,quantile,0.7,32.75179019224135
2024-07-20,wk inc flu hosp,1,2024-07-27,51,quantile,0.75,37.37097207469735
2024-07-20,wk inc flu hosp,1,2024-07-27,51,quantile,0.8,43.82706997893341
2024-07-20,wk inc flu hosp,1,2024-07-27,51,quantile,0.85,53.655653121650076
2024-07-20,wk inc flu hosp,1,2024-07-27,51,quantile,0.9,67.92067198695474
2024-07-20,wk inc flu hosp,1,2024-07-27,51,quantile,0.95,90.4767721322766
2024-07-20,wk inc flu hosp,1,2024-07-27,51,quantile,0.975,110.7572836919842
2024-07-20,wk inc flu hosp,1,2024-07-27,51,quantile,0.99,133.29215680982722
2024-07-20,wk inc flu hosp,1,2024-07-27,53,quantile,0.01,0
2024-07-20,wk inc flu hosp,1,2024-07-27,53,quantile,0.025,0
2024-07-20,wk inc flu hosp,1,2024-07-27,53,quantile,0.05,0
2024-07-20,wk inc flu hosp,1,2024-07-27,53,quantile,0.1,0.4045705122016225
2024-07-20,wk inc flu hosp,1,2024-07-27,53,quantile,0.15,2.296503815768727
2024-07-20,wk inc flu hosp,1,2024-07-27,53,quantile,0.2,5.302442220557154
2024-07-20,wk inc flu hosp,1,2024-07-27,53,quantile,0.25,7.526240755696231
2024-07-20,wk inc flu hosp,1,2024-07-27,53,quantile,0.3,9.31682802143742
2024-07-20,wk inc flu hosp,1,2024-07-27,53,quantile,0.35,10.731203014172621
2024-07-20,wk inc flu hosp,1,2024-07-27,53,quantile,0.4,11.55540243015747
2024-07-20,wk inc flu hosp,1,2024-07-27,53,quantile,0.45,12.705457265348224
2024-07-20,wk inc flu hosp,1,2024-07-27,53,quantile,0.5,13.931736394352342
2024-07-20,wk inc flu hosp,1,2024-07-27,53,quantile,0.55,15.76633402530919
2024-07-20,wk inc flu hosp,1,2024-07-27,53,quantile,0.6,18.11151270017601
2024-07-20,wk inc flu hosp,1,2024-07-27,53,quantile,0.65,21.764972548982428
2024-07-20,wk inc flu hosp,1,2024-07-27,53,quantile,0.7,25.98209489312674
2024-07-20,wk inc flu hosp,1,2024-07-27,53,quantile,0.75,30.105434533257796
2024-07-20,wk inc flu hosp,1,2024-07-27,53,quantile,0.8,35.188369888588
2024-07-20,wk inc flu hosp,1,2024-07-27,53,quantile,0.85,44.71663669267117
2024-07-20,wk inc flu hosp,1,2024-07-27,53,quantile,0.9,58.03806313751811
2024-07-20,wk inc flu hosp,1,2024-07-27,53,quantile,0.95,76.94187499732602
2024-07-20,wk inc flu hosp,1,2024-07-27,53,quantile,0.975,94.74891957013847
2024-07-20,wk inc flu hosp,1,2024-07-27,53,quantile,0.99,121.3311741762389
2024-07-20,wk inc flu hosp,1,2024-07-27,54,quantile,0.01,0
2024-07-20,wk inc flu hosp,1,2024-07-27,54,quantile,0.025,0
2024-07-20,wk inc flu hosp,1,2024-07-27,54,quantile,0.05,0
2024-07-20,wk inc flu hosp,1,2024-07-27,54,quantile,0.1,0
2024-07-20,wk inc flu hosp,1,2024-07-27,54,quantile,0.15,0
2024-07-20,wk inc flu hosp,1,2024-07-27,54,quantile,0.2,0.007184074476810898
2024-07-20,wk inc flu hosp,1,2024-07-27,54,quantile,0.25,0.050240074551268096
2024-07-20,wk inc flu hosp,1,2024-07-27,54,quantile,0.3,0.09903333318252802
2024-07-20,wk inc flu hosp,1,2024-07-27,54,quantile,0.35,0.16224465715320108
2024-07-20,wk inc flu hosp,1,2024-07-27,54,quantile,0.4,0.24241864406317712
2024-07-20,wk inc flu hosp,1,2024-07-27,54,quantile,0.45,0.3725772624718069
2024-07-20,wk inc flu hosp,1,2024-07-27,54,quantile,0.5,0.4992378161894977
2024-07-20,wk inc flu hosp,1,2024-07-27,54,quantile,0.55,0.6453329719179057
2024-07-20,wk inc flu hosp,1,2024-07-27,54,quantile,0.6,0.9737248769171984
2024-07-20,wk inc flu hosp,1,2024-07-27,54,quantile,0.65,1.5920709404265432
2024-07-20,wk inc flu hosp,1,2024-07-27,54,quantile,0.7,2.8742258545934747
2024-07-20,wk inc flu hosp,1,2024-07-27,54,quantile,0.75,5.051929531375193
2024-07-20,wk inc flu hosp,1,2024-07-27,54,quantile,0.8,7.960512726437356
2024-07-20,wk inc flu hosp,1,2024-07-27,54,quantile,0.85,11.576096235348588
2024-07-20,wk inc flu hosp,1,2024-07-27,54,quantile,0.9,16.607130037520754
2024-07-20,wk inc flu hosp,1,2024-07-27,54,quantile,0.95,24.223984976482146
2024-07-20,wk inc flu hosp,1,2024-07-27,54,quantile,0.975,30.99970243602103
2024-07-20,wk inc flu hosp,1,2024-07-27,54,quantile,0.99,39.40293025078175
2024-07-20,wk inc flu hosp,1,2024-07-27,55,quantile,0.01,0
2024-07-20,wk inc flu hosp,1,2024-07-27,55,quantile,0.025,0
2024-07-20,wk inc flu hosp,1,2024-07-27,55,quantile,0.05,0
2024-07-20,wk inc flu hosp,1,2024-07-27,55,quantile,0.1,0
2024-07-20,wk inc flu hosp,1,2024-07-27,55,quantile,0.15,0
2024-07-20,wk inc flu hosp,1,2024-07-27,55,quantile,0.2,0.07607892583776936
2024-07-20,wk inc flu hosp,1,2024-07-27,55,quantile,0.25,0.2022472905677458
2024-07-20,wk inc flu hosp,1,2024-07-27,55,quantile,0.3,0.430820408128462
2024-07-20,wk inc flu hosp,1,2024-07-27,55,quantile,0.35,0.6842428618469966
2024-07-20,wk inc flu hosp,1,2024-07-27,55,quantile,0.4,1.0002225810750307
2024-07-20,wk inc flu hosp,1,2024-07-27,55,quantile,0.45,1.3632825104552106
2024-07-20,wk inc flu hosp,1,2024-07-27,55,quantile,0.5,1.7218878158548854
2024-07-20,wk inc flu hosp,1,2024-07-27,55,quantile,0.55,2.303217611798501
2024-07-20,wk inc flu hosp,1,2024-07-27,55,quantile,0.6,2.857786057683868
2024-07-20,wk inc flu hosp,1,2024-07-27,55,quantile,0.65,3.2852057606242844
2024-07-20,wk inc flu hosp,1,2024-07-27,55,quantile,0.7,5.446495892516081
2024-07-20,wk inc flu hosp,1,2024-07-27,55,quantile,0.75,11.073766901533052
2024-07-20,wk inc flu hosp,1,2024-07-27,55,quantile,0.8,19.205615150376698
2024-07-20,wk inc flu hosp,1,2024-07-27,55,quantile,0.85,29.87382671022183
2024-07-20,wk inc flu hosp,1,2024-07-27,55,quantile,0.9,41.92244875201696
2024-07-20,wk inc flu hosp,1,2024-07-27,55,quantile,0.95,62.780523701938414
2024-07-20,wk inc flu hosp,1,2024-07-27,55,quantile,0.975,80.79979733508642
2024-07-20,wk inc flu hosp,1,2024-07-27,55,quantile,0.99,101.10334037442432
2024-07-20,wk inc flu hosp,1,2024-07-27,56,quantile,0.01,0
2024-07-20,wk inc flu hosp,1,2024-07-27,56,quantile,0.025,0
2024-07-20,wk inc flu hosp,1,2024-07-27,56,quantile,0.05,0
2024-07-20,wk inc flu hosp,1,2024-07-27,56,quantile,0.1,0
2024-07-20,wk inc flu hosp,1,2024-07-27,56,quantile,0.15,0.02942428350441245
2024-07-20,wk inc flu hosp,1,2024-07-27,56,quantile,0.2,0.0639880290525721
2024-07-20,wk inc flu hosp,1,2024-07-27,56,quantile,0.25,0.13514792619553176
2024-07-20,wk inc flu hosp,1,2024-07-27,56,quantile,0.3,0.24473844041137247
2024-07-20,wk inc flu hosp,1,2024-07-27,56,quantile,0.35,0.35858326878875274
2024-07-20,wk inc flu hosp,1,2024-07-27,56,quantile,0.4,0.5030481880252136
2024-07-20,wk inc flu hosp,1,2024-07-27,56,quantile,0.45,0.7265223911850727
2024-07-20,wk inc flu hosp,1,2024-07-27,56,quantile,0.5,0.96665106490219
2024-07-20,wk inc flu hosp,1,2024-07-27,56,quantile,0.55,1.1140053887728243
2024-07-20,wk inc flu hosp,1,2024-07-27,56,quantile,0.6,1.406142873719013
2024-07-20,wk inc flu hosp,1,2024-07-27,56,quantile,0.65,1.6889227072434256
2024-07-20,wk inc flu hosp,1,2024-07-27,56,quantile,0.7,2.0570644949224377
2024-07-20,wk inc flu hosp,1,2024-07-27,56,quantile,0.75,2.5543671263747423
2024-07-20,wk inc flu hosp,1,2024-07-27,56,quantile,0.8,3.1177710685572735
2024-07-20,wk inc flu hosp,1,2024-07-27,56,quantile,0.85,3.941869586101601
2024-07-20,wk inc flu hosp,1,2024-07-27,56,quantile,0.9,4.962838871703854
2024-07-20,wk inc flu hosp,1,2024-07-27,56,quantile,0.95,6.713060576961099
2024-07-20,wk inc flu hosp,1,2024-07-27,56,quantile,0.975,8.412173510163564
2024-07-20,wk inc flu hosp,1,2024-07-27,56,quantile,0.99,12.051879217117955
2024-07-20,wk inc flu hosp,1,2024-07-27,72,quantile,0.01,0
2024-07-20,wk inc flu hosp,1,2024-07-27,72,quantile,0.025,0
2024-07-20,wk inc flu hosp,1,2024-07-27,72,quantile,0.05,0
2024-07-20,wk inc flu hosp,1,2024-07-27,72,quantile,0.1,0.13145298224067023
2024-07-20,wk inc flu hosp,1,2024-07-27,72,quantile,0.15,0.75836649551969
2024-07-20,wk inc flu hosp,1,2024-07-27,72,quantile,0.2,1.3098647764192162
2024-07-20,wk inc flu hosp,1,2024-07-27,72,quantile,0.25,1.9714113712091241
2024-07-20,wk inc flu hosp,1,2024-07-27,72,quantile,0.3,2.7140049600713403
2024-07-20,wk inc flu hosp,1,2024-07-27,72,quantile,0.35,3.61012329724557
2024-07-20,wk inc flu hosp,1,2024-07-27,72,quantile,0.4,4.187295942656792
2024-07-20,wk inc flu hosp,1,2024-07-27,72,quantile,0.45,4.857013204882188
2024-07-20,wk inc flu hosp,1,2024-07-27,72,quantile,0.5,5.557067300292063
2024-07-20,wk inc flu hosp,1,2024-07-27,72,quantile,0.55,6.897234624669759
2024-07-20,wk inc flu hosp,1,2024-07-27,72,quantile,0.6,8.684920268727836
2024-07-20,wk inc flu hosp,1,2024-07-27,72,quantile,0.65,10.91785217777884
2024-07-20,wk inc flu hosp,1,2024-07-27,72,quantile,0.7,12.57372463665378
2024-07-20,wk inc flu hosp,1,2024-07-27,72,quantile,0.75,16.93487817284921
2024-07-20,wk inc flu hosp,1,2024-07-27,72,quantile,0.8,22.19307376273874
2024-07-20,wk inc flu hosp,1,2024-07-27,72,quantile,0.85,27.728790622410866
2024-07-20,wk inc flu hosp,1,2024-07-27,72,quantile,0.9,34.864435277047306
2024-07-20,wk inc flu hosp,1,2024-07-27,72,quantile,0.95,47.314273803334025
2024-07-20,wk inc flu hosp,1,2024-07-27,72,quantile,0.975,58.039380801300474
2024-07-20,wk inc flu hosp,1,2024-07-27,72,quantile,0.99,68.94320153762553
2024-07-20,wk inc flu hosp,1,2024-07-27,US,quantile,0.01,0
2024-07-20,wk inc flu hosp,1,2024-07-27,US,quantile,0.025,0
2024-07-20,wk inc flu hosp,1,2024-07-27,US,quantile,0.05,4.816553314191996
2024-07-20,wk inc flu hosp,1,2024-07-27,US,quantile,0.1,29.09817789557597
2024-07-20,wk inc flu hosp,1,2024-07-27,US,quantile,0.15,67.73688078287414
2024-07-20,wk inc flu hosp,1,2024-07-27,US,quantile,0.2,92.0923463866413
2024-07-20,wk inc flu hosp,1,2024-07-27,US,quantile,0.25,112.22484760901041
2024-07-20,wk inc flu hosp,1,2024-07-27,US,quantile,0.3,133.69703380072713
2024-07-20,wk inc flu hosp,1,2024-07-27,US,quantile,0.35,155.13886370428742
2024-07-20,wk inc flu hosp,1,2024-07-27,US,quantile,0.4,173.9864422520755
2024-07-20,wk inc flu hosp,1,2024-07-27,US,quantile,0.45,201.14536537108492
2024-07-20,wk inc flu hosp,1,2024-07-27,US,quantile,0.5,222.52258842261048
2024-07-20,wk inc flu hosp,1,2024-07-27,US,quantile,0.55,243.8700591845926
2024-07-20,wk inc flu hosp,1,2024-07-27,US,quantile,0.6,269.4762340741659
2024-07-20,wk inc flu hosp,1,2024-07-27,US,quantile,0.65,303.2001554871769
2024-07-20,wk inc flu hosp,1,2024-07-27,US,quantile,0.7,331.9551273880776
2024-07-20,wk inc flu hosp,1,2024-07-27,US,quantile,0.75,375.80070155075356
2024-07-20,wk inc flu hosp,1,2024-07-27,US,quantile,0.8,426.3999907936995
2024-07-20,wk inc flu hosp,1,2024-07-27,US,quantile,0.85,514.7015439437381
2024-07-20,wk inc flu hosp,1,2024-07-27,US,quantile,0.9,702.7025264493542
2024-07-20,wk inc flu hosp,1,2024-07-27,US,quantile,0.95,1196.6481656189053
2024-07-20,wk inc flu hosp,1,2024-07-27,US,quantile,0.975,1944.946806652758
2024-07-20,wk inc flu hosp,1,2024-07-27,US,quantile,0.99,3584.323181365164
2024-07-20,wk inc flu hosp,2,2024-08-03,01,quantile,0.01,0
2024-07-20,wk inc flu hosp,2,2024-08-03,01,quantile,0.025,0
2024-07-20,wk inc flu hosp,2,2024-08-03,01,quantile,0.05,0
2024-07-20,wk inc flu hosp,2,2024-08-03,01,quantile,0.1,0
2024-07-20,wk inc flu hosp,2,2024-08-03,01,quantile,0.15,0
2024-07-20,wk inc flu hosp,2,2024-08-03,01,quantile,0.2,0.03950391817519306
2024-07-20,wk inc flu hosp,2,2024-08-03,01,quantile,0.25,0.10263298047763085
2024-07-20,wk inc flu hosp,2,2024-08-03,01,quantile,0.3,0.16576204278006867
2024-07-20,wk inc flu hosp,2,2024-08-03,01,quantile,0.35,0.29352196911396977
2024-07-20,wk inc flu hosp,2,2024-08-03,01,quantile,0.4,0.5274126729784393
2024-07-20,wk inc flu hosp,2,2024-08-03,01,quantile,0.45,0.7454999461706663
2024-07-20,wk inc flu hosp,2,2024-08-03,01,quantile,0.5,1.0986190570992578
2024-07-20,wk inc flu hosp,2,2024-08-03,01,quantile,0.55,1.6003408505874113
2024-07-20,wk inc flu hosp,2,2024-08-03,01,quantile,0.6,2.0952113801273975
2024-07-20,wk inc flu hosp,2,2024-08-03,01,quantile,0.65,3.3771460810017855
2024-07-20,wk inc flu hosp,2,2024-08-03,01,quantile,0.7,7.857983323710242
2024-07-20,wk inc flu hosp,2,2024-08-03,01,quantile,0.75,14.735128192974456
2024-07-20,wk inc flu hosp,2,2024-08-03,01,quantile,0.8,22.50689020171029
2024-07-20,wk inc flu hosp,2,2024-08-03,01,quantile,0.85,33.393720942865826
2024-07-20,wk inc flu hosp,2,2024-08-03,01,quantile,0.9,47.971700620898496
2024-07-20,wk inc flu hosp,2,2024-08-03,01,quantile,0.95,69.57749619485968
2024-07-20,wk inc flu hosp,2,2024-08-03,01,quantile,0.975,87.88831353920527
2024-07-20,wk inc flu hosp,2,2024-08-03,01,quantile,0.99,106.71285679016584
2024-07-20,wk inc flu hosp,2,2024-08-03,02,quantile,0.01,0
2024-07-20,wk inc flu hosp,2,2024-08-03,02,quantile,0.025,0
2024-07-20,wk inc flu hosp,2,2024-08-03,02,quantile,0.05,0
2024-07-20,wk inc flu hosp,2,2024-08-03,02,quantile,0.1,0
2024-07-20,wk inc flu hosp,2,2024-08-03,02,quantile,0.15,0.021280342064799587
2024-07-20,wk inc flu hosp,2,2024-08-03,02,quantile,0.2,0.05744425707684285
2024-07-20,wk inc flu hosp,2,2024-08-03,02,quantile,0.25,0.09821892726122775
2024-07-20,wk inc flu hosp,2,2024-08-03,02,quantile,0.3,0.17196528929123192
2024-07-20,wk inc flu hosp,2,2024-08-03,02,quantile,0.35,0.6655400528103029
2024-07-20,wk inc flu hosp,2,2024-08-03,02,quantile,0.4,1.1532421207309704
2024-07-20,wk inc flu hosp,2,2024-08-03,02,quantile,0.45,1.6072192053294105
2024-07-20,wk inc flu hosp,2,2024-08-03,02,quantile,0.5,2.164833303729913
2024-07-20,wk inc flu hosp,2,2024-08-03,02,quantile,0.55,2.6047705290177396
2024-07-20,wk inc flu hosp,2,2024-08-03,02,quantile,0.6,3.0635523986322597
2024-07-20,wk inc flu hosp,2,2024-08-03,02,quantile,0.65,3.5551372321112606
2024-07-20,wk inc flu hosp,2,2024-08-03,02,quantile,0.7,4.361760548420982
2024-07-20,wk inc flu hosp,2,2024-08-03,02,quantile,0.75,5.317188904975949
2024-07-20,wk inc flu hosp,2,2024-08-03,02,quantile,0.8,6.470745346186757
2024-07-20,wk inc flu hosp,2,2024-08-03,02,quantile,0.85,8.067380339284163
2024-07-20,wk inc flu hosp,2,2024-08-03,02,quantile,0.9,10.18296341063316
2024-07-20,wk inc flu hosp,2,2024-08-03,02,quantile,0.95,13.682486077842773
2024-07-20,wk inc flu hosp,2,2024-08-03,02,quantile,0.975,18.795279553123958
2024-07-20,wk inc flu hosp,2,2024-08-03,02,quantile,0.99,24.062269430055974
2024-07-20,wk inc flu hosp,2,2024-08-03,04,quantile,0.01,0
2024-07-20,wk inc flu hosp,2,2024-08-03,04,quantile,0.025,0
2024-07-20,wk inc flu hosp,2,2024-08-03,04,quantile,0.05,0
2024-07-20,wk inc flu hosp,2,2024-08-03,04,quantile,0.1,1.5071281435548711
2024-07-20,wk inc flu hosp,2,2024-08-03,04,quantile,0.15,3.297545139249073
2024-07-20,wk inc flu hosp,2,2024-08-03,04,quantile,0.2,5.228722958409459
2024-07-20,wk inc flu hosp,2,2024-08-03,04,quantile,0.25,8.39589488031471
2024-07-20,wk inc flu hosp,2,2024-08-03,04,quantile,0.3,13.084434099782321
2024-07-20,wk inc flu hosp,2,2024-08-03,04,quantile,0.35,15.238560204622704
2024-07-20,wk inc flu hosp,2,2024-08-03,04,quantile,0.4,17.96382961930111
2024-07-20,wk inc flu hosp,2,2024-08-03,04,quantile,0.45,21.75967306907031
2024-07-20,wk inc flu hosp,2,2024-08-03,04,quantile,0.5,26.121534676640184
2024-07-20,wk inc flu hosp,2,2024-08-03,04,quantile,0.55,30.198977411306544
2024-07-20,wk inc flu hosp,2,2024-08-03,04,quantile,0.6,35.720117360601414
2024-07-20,wk inc flu hosp,2,2024-08-03,04,quantile,0.65,42.94721535689718
2024-07-20,wk inc flu hosp,2,2024-08-03,04,quantile,0.7,50.75626007401404
2024-07-20,wk inc flu hosp,2,2024-08-03,04,quantile,0.75,58.19156274613942
2024-07-20,wk inc flu hosp,2,2024-08-03,04,quantile,0.8,68.31862190914174
2024-07-20,wk inc flu hosp,2,2024-08-03,04,quantile,0.85,81.48485459848997
2024-07-20,wk inc flu hosp,2,2024-08-03,04,quantile,0.9,99.31809455238243
2024-07-20,wk inc flu hosp,2,2024-08-03,04,quantile,0.95,128.49206537899207
2024-07-20,wk inc flu hosp,2,2024-08-03,04,quantile,0.975,164.93620843551557
2024-07-20,wk inc flu hosp,2,2024-08-03,04,quantile,0.99,383.55331484250615
2024-07-20,wk inc flu hosp,2,2024-08-03,05,quantile,0.01,0
2024-07-20,wk inc flu hosp,2,2024-08-03,05,quantile,0.025,0
2024-07-20,wk inc flu hosp,2,2024-08-03,05,quantile,0.05,0
2024-07-20,wk inc flu hosp,2,2024-08-03,05,quantile,0.1,0
2024-07-20,wk inc flu hosp,2,2024-08-03,05,quantile,0.15,0.5600474226006393
2024-07-20,wk inc flu hosp,2,2024-08-03,05,quantile,0.2,1.1314076416791612
2024-07-20,wk inc flu hosp,2,2024-08-03,05,quantile,0.25,1.7202493150813458
2024-07-20,wk inc flu hosp,2,2024-08-03,05,quantile,0.3,2.3775954151086394
2024-07-20,wk inc flu hosp,2,2024-08-03,05,quantile,0.35,3.0981825814196307
2024-07-20,wk inc flu hosp,2,2024-08-03,05,quantile,0.4,4.000601544978757
2024-07-20,wk inc flu hosp,2,2024-08-03,05,quantile,0.45,5.160483370450787
2024-07-20,wk inc flu hosp,2,2024-08-03,05,quantile,0.5,6.064883923990126
2024-07-20,wk inc flu hosp,2,2024-08-03,05,quantile,0.55,7.433913577117642
2024-07-20,wk inc flu hosp,2,2024-08-03,05,quantile,0.6,10.195190908668541
2024-07-20,wk inc flu hosp,2,2024-08-03,05,quantile,0.65,12.924068675070185
2024-07-20,wk inc flu hosp,2,2024-08-03,05,quantile,0.7,17.449154194261922
2024-07-20,wk inc flu hosp,2,2024-08-03,05,quantile,0.75,22.709970577502617
2024-07-20,wk inc flu hosp,2,2024-08-03,05,quantile,0.8,28.667568740416687
2024-07-20,wk inc flu hosp,2,2024-08-03,05,quantile,0.85,36.73615126284851
2024-07-20,wk inc flu hosp,2,2024-08-03,05,quantile,0.9,48.07864398601085
2024-07-20,wk inc flu hosp,2,2024-08-03,05,quantile,0.95,69.43912083015147
2024-07-20,wk inc flu hosp,2,2024-08-03,05,quantile,0.975,92.41814743169093
2024-07-20,wk inc flu hosp,2,2024-08-03,05,quantile,0.99,130.17823893244156
2024-07-20,wk inc flu hosp,2,2024-08-03,06,quantile,0.01,0
2024-07-20,wk inc flu hosp,2,2024-08-03,06,quantile,0.025,0
2024-07-20,wk inc flu hosp,2,2024-08-03,06,quantile,0.05,0
2024-07-20,wk inc flu hosp,2,2024-08-03,06,quantile,0.1,2.2434486514504965
2024-07-20,wk inc flu hosp,2,2024-08-03,06,quantile,0.15,5.714453104336599
2024-07-20,wk inc flu hosp,2,2024-08-03,06,quantile,0.2,8.60521767225015
2024-07-20,wk inc flu hosp,2,2024-08-03,06,quantile,0.25,10.73283154024613
2024-07-20,wk inc flu hosp,2,2024-08-03,06,quantile,0.3,13.798960385705856
2024-07-20,wk inc flu hosp,2,2024-08-03,06,quantile,0.35,19.193249502004765
2024-07-20,wk inc flu hosp,2,2024-08-03,06,quantile,0.4,23.41493163208863
2024-07-20,wk inc flu hosp,2,2024-08-03,06,quantile,0.45,27.91587138931171
2024-07-20,wk inc flu hosp,2,2024-08-03,06,quantile,0.5,34.64417870606643
2024-07-20,wk inc flu hosp,2,2024-08-03,06,quantile,0.55,44.99717165491943
2024-07-20,wk inc flu hosp,2,2024-08-03,06,quantile,0.6,55.887940334777426
2024-07-20,wk inc flu hosp,2,2024-08-03,06,quantile,0.65,69.24015883985516
2024-07-20,wk inc flu hosp,2,2024-08-03,06,quantile,0.7,82.6521063139499
2024-07-20,wk inc flu hosp,2,2024-08-03,06,quantile,0.75,97.34105513382627
2024-07-20,wk inc flu hosp,2,2024-08-03,06,quantile,0.8,116.34241646878291
2024-07-20,wk inc flu hosp,2,2024-08-03,06,quantile,0.85,139.72576330811268
2024-07-20,wk inc flu hosp,2,2024-08-03,06,quantile,0.9,170.82372181895852
2024-07-20,wk inc flu hosp,2,2024-08-03,06,quantile,0.95,253.44415955482538
2024-07-20,wk inc flu hosp,2,2024-08-03,06,quantile,0.975,647.2935071426135
2024-07-20,wk inc flu hosp,2,2024-08-03,06,quantile,0.99,1130.8322605287005
2024-07-20,wk inc flu hosp,2,2024-08-03,08,quantile,0.01,0
2024-07-20,wk inc flu hosp,2,2024-08-03,08,quantile,0.025,0
2024-07-20,wk inc flu hosp,2,2024-08-03,08,quantile,0.05,0
2024-07-20,wk inc flu hosp,2,2024-08-03,08,quantile,0.1,0
2024-07-20,wk inc flu hosp,2,2024-08-03,08,quantile,0.15,0.04460138096979157
2024-07-20,wk inc flu hosp,2,2024-08-03,08,quantile,0.2,0.23116373226487147
2024-07-20,wk inc flu hosp,2,2024-08-03,08,quantile,0.25,0.45529714700684504
2024-07-20,wk inc flu hosp,2,2024-08-03,08,quantile,0.3,0.7042967055856165
2024-07-20,wk inc flu hosp,2,2024-08-03,08,quantile,0.35,1.0785682516966517
2024-07-20,wk inc flu hosp,2,2024-08-03,08,quantile,0.4,1.359947469219888
2024-07-20,wk inc flu hosp,2,2024-08-03,08,quantile,0.45,1.8960395138759274
2024-07-20,wk inc flu hosp,2,2024-08-03,08,quantile,0.5,2.5326591402919836
2024-07-20,wk inc flu hosp,2,2024-08-03,08,quantile,0.55,3.944884285952336
2024-07-20,wk inc flu hosp,2,2024-08-03,08,quantile,0.6,7.333760270724039
2024-07-20,wk inc flu hosp,2,2024-08-03,08,quantile,0.65,11.057063241662737
2024-07-20,wk inc flu hosp,2,2024-08-03,08,quantile,0.7,15.430658474489213
2024-07-20,wk inc flu hosp,2,2024-08-03,08,quantile,0.75,21.28050180319714
2024-07-20,wk inc flu hosp,2,2024-08-03,08,quantile,0.8,28.051108083543355
2024-07-20,wk inc flu hosp,2,2024-08-03,08,quantile,0.85,36.61307870621309
2024-07-20,wk inc flu hosp,2,2024-08-03,08,quantile,0.9,48.41415858376448
2024-07-20,wk inc flu hosp,2,2024-08-03,08,quantile,0.95,68.1425680867116
2024-07-20,wk inc flu hosp,2,2024-08-03,08,quantile,0.975,83.99573883900031
2024-07-20,wk inc flu hosp,2,2024-08-03,08,quantile,0.99,98.76151160973261
2024-07-20,wk inc flu hosp,2,2024-08-03,09,quantile,0.01,0
2024-07-20,wk inc flu hosp,2,2024-08-03,09,quantile,0.025,0
2024-07-20,wk inc flu hosp,2,2024-08-03,09,quantile,0.05,0
2024-07-20,wk inc flu hosp,2,2024-08-03,09,quantile,0.1,0
2024-07-20,wk inc flu hosp,2,2024-08-03,09,quantile,0.15,0.09173922836292858
2024-07-20,wk inc flu hosp,2,2024-08-03,09,quantile,0.2,0.3911368633988702
2024-07-20,wk inc flu hosp,2,2024-08-03,09,quantile,0.25,0.6450042560635342
2024-07-20,wk inc flu hosp,2,2024-08-03,09,quantile,0.3,0.9569578226754196
2024-07-20,wk inc flu hosp,2,2024-08-03,09,quantile,0.35,1.4019992832876873
2024-07-20,wk inc flu hosp,2,2024-08-03,09,quantile,0.4,2.1665081219515527
2024-07-20,wk inc flu hosp,2,2024-08-03,09,quantile,0.45,2.937544097878792
2024-07-20,wk inc flu hosp,2,2024-08-03,09,quantile,0.5,3.327509828073437
2024-07-20,wk inc flu hosp,2,2024-08-03,09,quantile,0.55,4.069425616270431
2024-07-20,wk inc flu hosp,2,2024-08-03,09,quantile,0.6,5.5322307605446195
2024-07-20,wk inc flu hosp,2,2024-08-03,09,quantile,0.65,8.081538728954317
2024-07-20,wk inc flu hosp,2,2024-08-03,09,quantile,0.7,12.063687350759828
2024-07-20,wk inc flu hosp,2,2024-08-03,09,quantile,0.75,17.131356241147078
2024-07-20,wk inc flu hosp,2,2024-08-03,09,quantile,0.8,23.016336086130423
2024-07-20,wk inc flu hosp,2,2024-08-03,09,quantile,0.85,29.618548172679414
2024-07-20,wk inc flu hosp,2,2024-08-03,09,quantile,0.9,38.63909471951355
2024-07-20,wk inc flu hosp,2,2024-08-03,09,quantile,0.95,51.883141870251265
2024-07-20,wk inc flu hosp,2,2024-08-03,09,quantile,0.975,64.37803665813911
2024-07-20,wk inc flu hosp,2,2024-08-03,09,quantile,0.99,78.65304282209549
2024-07-20,wk inc flu hosp,2,2024-08-03,10,quantile,0.01,0
2024-07-20,wk inc flu hosp,2,2024-08-03,10,quantile,0.025,0
2024-07-20,wk inc flu hosp,2,2024-08-03,10,quantile,0.05,0
2024-07-20,wk inc flu hosp,2,2024-08-03,10,quantile,0.1,0
2024-07-20,wk inc flu hosp,2,2024-08-03,10,quantile,0.15,0
2024-07-20,wk inc flu hosp,2,2024-08-03,10,quantile,0.2,0
2024-07-20,wk inc flu hosp,2,2024-08-03,10,quantile,0.25,0.005852596751068275
2024-07-20,wk inc flu hosp,2,2024-08-03,10,quantile,0.3,0.02448431026538068
2024-07-20,wk inc flu hosp,2,2024-08-03,10,quantile,0.35,0.04836956154944769
2024-07-20,wk inc flu hosp,2,2024-08-03,10,quantile,0.4,0.09896608457020908
2024-07-20,wk inc flu hosp,2,2024-08-03,10,quantile,0.45,0.15357530667333696
2024-07-20,wk inc flu hosp,2,2024-08-03,10,quantile,0.5,0.24643316475588223
2024-07-20,wk inc flu hosp,2,2024-08-03,10,quantile,0.55,0.3676520735757834
2024-07-20,wk inc flu hosp,2,2024-08-03,10,quantile,0.6,0.600445888355471
2024-07-20,wk inc flu hosp,2,2024-08-03,10,quantile,0.65,0.8939836461461702
2024-07-20,wk inc flu hosp,2,2024-08-03,10,quantile,0.7,1.5163387558109789
2024-07-20,wk inc flu hosp,2,2024-08-03,10,quantile,0.75,2.3335826821409227
2024-07-20,wk inc flu hosp,2,2024-08-03,10,quantile,0.8,3.6589870304275647
2024-07-20,wk inc flu hosp,2,2024-08-03,10,quantile,0.85,5.292304454396147
2024-07-20,wk inc flu hosp,2,2024-08-03,10,quantile,0.9,7.267315015060202
2024-07-20,wk inc flu hosp,2,2024-08-03,10,quantile,0.95,10.717474889924748
2024-07-20,wk inc flu hosp,2,2024-08-03,10,quantile,0.975,14.084222837206378
2024-07-20,wk inc flu hosp,2,2024-08-03,10,quantile,0.99,17.835697456615705
2024-07-20,wk inc flu hosp,2,2024-08-03,11,quantile,0.01,0
2024-07-20,wk inc flu hosp,2,2024-08-03,11,quantile,0.025,0
2024-07-20,wk inc flu hosp,2,2024-08-03,11,quantile,0.05,0
2024-07-20,wk inc flu hosp,2,2024-08-03,11,quantile,0.1,0
2024-07-20,wk inc flu hosp,2,2024-08-03,11,quantile,0.15,0
2024-07-20,wk inc flu hosp,2,2024-08-03,11,quantile,0.2,0.0016714488639918306
2024-07-20,wk inc flu hosp,2,2024-08-03,11,quantile,0.25,0.013800301920012581
2024-07-20,wk inc flu hosp,2,2024-08-03,11,quantile,0.3,0.02592915497603333
2024-07-20,wk inc flu hosp,2,2024-08-03,11,quantile,0.35,0.05038997589890536
2024-07-20,wk inc flu hosp,2,2024-08-03,11,quantile,0.4,0.12225945232860597
2024-07-20,wk inc flu hosp,2,2024-08-03,11,quantile,0.45,0.26569962484853415
2024-07-20,wk inc flu hosp,2,2024-08-03,11,quantile,0.5,0.48843156201623883
2024-07-20,wk inc flu hosp,2,2024-08-03,11,quantile,0.55,0.7835113742642911
2024-07-20,wk inc flu hosp,2,2024-08-03,11,quantile,0.6,1.0067450001449119
2024-07-20,wk inc flu hosp,2,2024-08-03,11,quantile,0.65,1.0394665617616055
2024-07-20,wk inc flu hosp,2,2024-08-03,11,quantile,0.7,2.0569344519339565
2024-07-20,wk inc flu hosp,2,2024-08-03,11,quantile,0.75,3.2852386144163135
2024-07-20,wk inc flu hosp,2,2024-08-03,11,quantile,0.8,4.533338062270892
2024-07-20,wk inc flu hosp,2,2024-08-03,11,quantile,0.85,5.984716105451849
2024-07-20,wk inc flu hosp,2,2024-08-03,11,quantile,0.9,8.197688937872005
2024-07-20,wk inc flu hosp,2,2024-08-03,11,quantile,0.95,11.980440164609288
2024-07-20,wk inc flu hosp,2,2024-08-03,11,quantile,0.975,15.371170831918878
2024-07-20,wk inc flu hosp,2,2024-08-03,11,quantile,0.99,18.21562694525075
2024-07-20,wk inc flu hosp,2,2024-08-03,12,quantile,0.01,0
2024-07-20,wk inc flu hosp,2,2024-08-03,12,quantile,0.025,0
2024-07-20,wk inc flu hosp,2,2024-08-03,12,quantile,0.05,0.2929573620086122
2024-07-20,wk inc flu hosp,2,2024-08-03,12,quantile,0.1,3.9303625989817386
2024-07-20,wk inc flu hosp,2,2024-08-03,12,quantile,0.15,12.703302948795542
2024-07-20,wk inc flu hosp,2,2024-08-03,12,quantile,0.2,24.233779857141116
2024-07-20,wk inc flu hosp,2,2024-08-03,12,quantile,0.25,33.55691830715078
2024-07-20,wk inc flu hosp,2,2024-08-03,12,quantile,0.3,39.89991048673105
2024-07-20,wk inc flu hosp,2,2024-08-03,12,quantile,0.35,45.934838213593416
2024-07-20,wk inc flu hosp,2,2024-08-03,12,quantile,0.4,51.7226646986152
2024-07-20,wk inc flu hosp,2,2024-08-03,12,quantile,0.45,58.76268486247824
2024-07-20,wk inc flu hosp,2,2024-08-03,12,quantile,0.5,66.63711303519322
2024-07-20,wk inc flu hosp,2,2024-08-03,12,quantile,0.55,73.00759591886434
2024-07-20,wk inc flu hosp,2,2024-08-03,12,quantile,0.6,79.76662464985691
2024-07-20,wk inc flu hosp,2,2024-08-03,12,quantile,0.65,88.2708482123258
2024-07-20,wk inc flu hosp,2,2024-08-03,12,quantile,0.7,98.95284642140884
2024-07-20,wk inc flu hosp,2,2024-08-03,12,quantile,0.75,109.40613227120356
2024-07-20,wk inc flu hosp,2,2024-08-03,12,quantile,0.8,119.23082313526915
2024-07-20,wk inc flu hosp,2,2024-08-03,12,quantile,0.85,139.2417842974375
2024-07-20,wk inc flu hosp,2,2024-08-03,12,quantile,0.9,173.0608420047706
2024-07-20,wk inc flu hosp,2,2024-08-03,12,quantile,0.95,266.29661479084456
2024-07-20,wk inc flu hosp,2,2024-08-03,12,quantile,0.975,403.89153801583115
2024-07-20,wk inc flu hosp,2,2024-08-03,12,quantile,0.99,647.2435580812665
2024-07-20,wk inc flu hosp,2,2024-08-03,13,quantile,0.01,0
2024-07-20,wk inc flu hosp,2,2024-08-03,13,quantile,0.025,0
2024-07-20,wk inc flu hosp,2,2024-08-03,13,quantile,0.05,0
2024-07-20,wk inc flu hosp,2,2024-08-03,13,quantile,0.1,0
2024-07-20,wk inc flu hosp,2,2024-08-03,13,quantile,0.15,0.20061495610548966
2024-07-20,wk inc flu hosp,2,2024-08-03,13,quantile,0.2,0.5776391183900126
2024-07-20,wk inc flu hosp,2,2024-08-03,13,quantile,0.25,1.3810899329877977
2024-07-20,wk inc flu hosp,2,2024-08-03,13,quantile,0.3,2.274653486600747
2024-07-20,wk inc flu hosp,2,2024-08-03,13,quantile,0.35,3.0578053938046383
2024-07-20,wk inc flu hosp,2,2024-08-03,13,quantile,0.4,4.43885450773461
2024-07-20,wk inc flu hosp,2,2024-08-03,13,quantile,0.45,5.381709230099064
2024-07-20,wk inc flu hosp,2,2024-08-03,13,quantile,0.5,6.948713575614554
2024-07-20,wk inc flu hosp,2,2024-08-03,13,quantile,0.55,8.267668196514133
2024-07-20,wk inc flu hosp,2,2024-08-03,13,quantile,0.6,10.944048991416723
2024-07-20,wk inc flu hosp,2,2024-08-03,13,quantile,0.65,15.165135878165824
2024-07-20,wk inc flu hosp,2,2024-08-03,13,quantile,0.7,19.83116028717358
2024-07-20,wk inc flu hosp,2,2024-08-03,13,quantile,0.75,25.564372943653435
2024-07-20,wk inc flu hosp,2,2024-08-03,13,quantile,0.8,36.701864914313134
2024-07-20,wk inc flu hosp,2,2024-08-03,13,quantile,0.85,49.71616671376393
2024-07-20,wk inc flu hosp,2,2024-08-03,13,quantile,0.9,65.62997156087667
2024-07-20,wk inc flu hosp,2,2024-08-03,13,quantile,0.95,90.85501712624965
2024-07-20,wk inc flu hosp,2,2024-08-03,13,quantile,0.975,120.46719599119831
2024-07-20,wk inc flu hosp,2,2024-08-03,13,quantile,0.99,183.51295361249524
2024-07-20,wk inc flu hosp,2,2024-08-03,15,quantile,0.01,0
2024-07-20,wk inc flu hosp,2,2024-08-03,15,quantile,0.025,0
2024-07-20,wk inc flu hosp,2,2024-08-03,15,quantile,0.05,0
2024-07-20,wk inc flu hosp,2,2024-08-03,15,quantile,0.1,0
2024-07-20,wk inc flu hosp,2,2024-08-03,15,quantile,0.15,5.587025534998713e-4
2024-07-20,wk inc flu hosp,2,2024-08-03,15,quantile,0.2,0.02919232314851753
2024-07-20,wk inc flu hosp,2,2024-08-03,15,quantile,0.25,0.2179342349468133
2024-07-20,wk inc flu hosp,2,2024-08-03,15,quantile,0.3,0.47588344476627104
2024-07-20,wk inc flu hosp,2,2024-08-03,15,quantile,0.35,0.7125730870452798
2024-07-20,wk inc flu hosp,2,2024-08-03,15,quantile,0.4,0.8699415201957231
2024-07-20,wk inc flu hosp,2,2024-08-03,15,quantile,0.45,1.1390961814748586
2024-07-20,wk inc flu hosp,2,2024-08-03,15,quantile,0.5,1.937793739945928
2024-07-20,wk inc flu hosp,2,2024-08-03,15,quantile,0.55,2.7321589800010675
2024-07-20,wk inc flu hosp,2,2024-08-03,15,quantile,0.6,3.2946378784181283
2024-07-20,wk inc flu hosp,2,2024-08-03,15,quantile,0.65,4.023911729855606
2024-07-20,wk inc flu hosp,2,2024-08-03,15,quantile,0.7,4.8980094265134815
2024-07-20,wk inc flu hosp,2,2024-08-03,15,quantile,0.75,6.416055869807791
2024-07-20,wk inc flu hosp,2,2024-08-03,15,quantile,0.8,8.439535393608192
2024-07-20,wk inc flu hosp,2,2024-08-03,15,quantile,0.85,10.97160808049839
2024-07-20,wk inc flu hosp,2,2024-08-03,15,quantile,0.9,14.554863480889551
2024-07-20,wk inc flu hosp,2,2024-08-03,15,quantile,0.95,19.69410112786841
2024-07-20,wk inc flu hosp,2,2024-08-03,15,quantile,0.975,23.50226450027377
2024-07-20,wk inc flu hosp,2,2024-08-03,15,quantile,0.99,27.970394420156428
2024-07-20,wk inc flu hosp,2,2024-08-03,16,quantile,0.01,0
2024-07-20,wk inc flu hosp,2,2024-08-03,16,quantile,0.025,0
2024-07-20,wk inc flu hosp,2,2024-08-03,16,quantile,0.05,0
2024-07-20,wk inc flu hosp,2,2024-08-03,16,quantile,0.1,0
2024-07-20,wk inc flu hosp,2,2024-08-03,16,quantile,0.15,0
2024-07-20,wk inc flu hosp,2,2024-08-03,16,quantile,0.2,0
2024-07-20,wk inc flu hosp,2,2024-08-03,16,quantile,0.25,0.013642280456868636
2024-07-20,wk inc flu hosp,2,2024-08-03,16,quantile,0.3,0.03744443500405816
2024-07-20,wk inc flu hosp,2,2024-08-03,16,quantile,0.35,0.061246589551247684
2024-07-20,wk inc flu hosp,2,2024-08-03,16,quantile,0.4,0.08976769332833247
2024-07-20,wk inc flu hosp,2,2024-08-03,16,quantile,0.45,0.22320429213521975
2024-07-20,wk inc flu hosp,2,2024-08-03,16,quantile,0.5,0.4195638327948316
2024-07-20,wk inc flu hosp,2,2024-08-03,16,quantile,0.55,0.8873660262269627
2024-07-20,wk inc flu hosp,2,2024-08-03,16,quantile,0.6,1.2939202419060662
2024-07-20,wk inc flu hosp,2,2024-08-03,16,quantile,0.65,1.7308405466051717
2024-07-20,wk inc flu hosp,2,2024-08-03,16,quantile,0.7,2.6746684909790512
2024-07-20,wk inc flu hosp,2,2024-08-03,16,quantile,0.75,3.9963126786077954
2024-07-20,wk inc flu hosp,2,2024-08-03,16,quantile,0.8,6.396626442666993
2024-07-20,wk inc flu hosp,2,2024-08-03,16,quantile,0.85,9.45247894549685
2024-07-20,wk inc flu hosp,2,2024-08-03,16,quantile,0.9,13.285268182913455
2024-07-20,wk inc flu hosp,2,2024-08-03,16,quantile,0.95,19.367929616851306
2024-07-20,wk inc flu hosp,2,2024-08-03,16,quantile,0.975,25.82715887623188
2024-07-20,wk inc flu hosp,2,2024-08-03,16,quantile,0.99,36.26704107304367
2024-07-20,wk inc flu hosp,2,2024-08-03,17,quantile,0.01,0
2024-07-20,wk inc flu hosp,2,2024-08-03,17,quantile,0.025,0
2024-07-20,wk inc flu hosp,2,2024-08-03,17,quantile,0.05,0
2024-07-20,wk inc flu hosp,2,2024-08-03,17,quantile,0.1,0
2024-07-20,wk inc flu hosp,2,2024-08-03,17,quantile,0.15,0
2024-07-20,wk inc flu hosp,2,2024-08-03,17,quantile,0.2,0.0421280060641769
2024-07-20,wk inc flu hosp,2,2024-08-03,17,quantile,0.25,0.16426532271243713
2024-07-20,wk inc flu hosp,2,2024-08-03,17,quantile,0.3,0.2864026393606973
2024-07-20,wk inc flu hosp,2,2024-08-03,17,quantile,0.35,0.41204050523445024
2024-07-20,wk inc flu hosp,2,2024-08-03,17,quantile,0.4,0.6620122001784998
2024-07-20,wk inc flu hosp,2,2024-08-03,17,quantile,0.45,0.9237520987602573
2024-07-20,wk inc flu hosp,2,2024-08-03,17,quantile,0.5,1.202679683943643
2024-07-20,wk inc flu hosp,2,2024-08-03,17,quantile,0.55,1.7035701237227123
2024-07-20,wk inc flu hosp,2,2024-08-03,17,quantile,0.6,2.959252476368589
2024-07-20,wk inc flu hosp,2,2024-08-03,17,quantile,0.65,6.572893708210729
2024-07-20,wk inc flu hosp,2,2024-08-03,17,quantile,0.7,13.42969455906333
2024-07-20,wk inc flu hosp,2,2024-08-03,17,quantile,0.75,21.62534543062423
2024-07-20,wk inc flu hosp,2,2024-08-03,17,quantile,0.8,31.96869096806994
2024-07-20,wk inc flu hosp,2,2024-08-03,17,quantile,0.85,45.534275161216414
2024-07-20,wk inc flu hosp,2,2024-08-03,17,quantile,0.9,62.77875251298218
2024-07-20,wk inc flu hosp,2,2024-08-03,17,quantile,0.95,90.38811020423607
2024-07-20,wk inc flu hosp,2,2024-08-03,17,quantile,0.975,119.34259368459735
2024-07-20,wk inc flu hosp,2,2024-08-03,17,quantile,0.99,187.58645293493308
2024-07-20,wk inc flu hosp,2,2024-08-03,18,quantile,0.01,0
2024-07-20,wk inc flu hosp,2,2024-08-03,18,quantile,0.025,0
2024-07-20,wk inc flu hosp,2,2024-08-03,18,quantile,0.05,0
2024-07-20,wk inc flu hosp,2,2024-08-03,18,quantile,0.1,0
2024-07-20,wk inc flu hosp,2,2024-08-03,18,quantile,0.15,0.26045556966066913
2024-07-20,wk inc flu hosp,2,2024-08-03,18,quantile,0.2,0.6837699409786463
2024-07-20,wk inc flu hosp,2,2024-08-03,18,quantile,0.25,1.4306249625851397
2024-07-20,wk inc flu hosp,2,2024-08-03,18,quantile,0.3,1.9016600519811897
2024-07-20,wk inc flu hosp,2,2024-08-03,18,quantile,0.35,2.370485452830093
2024-07-20,wk inc flu hosp,2,2024-08-03,18,quantile,0.4,3.2766743630285298
2024-07-20,wk inc flu hosp,2,2024-08-03,18,quantile,0.45,4.5176524565651865
2024-07-20,wk inc flu hosp,2,2024-08-03,18,quantile,0.5,6.388738622119238
2024-07-20,wk inc flu hosp,2,2024-08-03,18,quantile,0.55,8.106979863406208
2024-07-20,wk inc flu hosp,2,2024-08-03,18,quantile,0.6,10.149868756202197
2024-07-20,wk inc flu hosp,2,2024-08-03,18,quantile,0.65,15.943827943091057
2024-07-20,wk inc flu hosp,2,2024-08-03,18,quantile,0.7,22.92921290318413
2024-07-20,wk inc flu hosp,2,2024-08-03,18,quantile,0.75,30.745912355277238
2024-07-20,wk inc flu hosp,2,2024-08-03,18,quantile,0.8,40.435578963686375
2024-07-20,wk inc flu hosp,2,2024-08-03,18,quantile,0.85,52.81744438649614
2024-07-20,wk inc flu hosp,2,2024-08-03,18,quantile,0.9,68.96903855919032
2024-07-20,wk inc flu hosp,2,2024-08-03,18,quantile,0.95,94.29750193416335
2024-07-20,wk inc flu hosp,2,2024-08-03,18,quantile,0.975,121.55041106466233
2024-07-20,wk inc flu hosp,2,2024-08-03,18,quantile,0.99,169.41130409726503
2024-07-20,wk inc flu hosp,2,2024-08-03,19,quantile,0.01,0
2024-07-20,wk inc flu hosp,2,2024-08-03,19,quantile,0.025,0
2024-07-20,wk inc flu hosp,2,2024-08-03,19,quantile,0.05,0
2024-07-20,wk inc flu hosp,2,2024-08-03,19,quantile,0.1,0
2024-07-20,wk inc flu hosp,2,2024-08-03,19,quantile,0.15,0
2024-07-20,wk inc flu hosp,2,2024-08-03,19,quantile,0.2,0.04377841530434718
2024-07-20,wk inc flu hosp,2,2024-08-03,19,quantile,0.25,0.10591438869247637
2024-07-20,wk inc flu hosp,2,2024-08-03,19,quantile,0.3,0.20126180112331835
2024-07-20,wk inc flu hosp,2,2024-08-03,19,quantile,0.35,0.31488567422568264
2024-07-20,wk inc flu hosp,2,2024-08-03,19,quantile,0.4,0.4473841281414161
2024-07-20,wk inc flu hosp,2,2024-08-03,19,quantile,0.45,0.6654594337096318
2024-07-20,wk inc flu hosp,2,2024-08-03,19,quantile,0.5,1.0101547006436074
2024-07-20,wk inc flu hosp,2,2024-08-03,19,quantile,0.55,1.335044971821851
2024-07-20,wk inc flu hosp,2,2024-08-03,19,quantile,0.6,1.9461672461139479
2024-07-20,wk inc flu hosp,2,2024-08-03,19,quantile,0.65,3.5056512407038474
2024-07-20,wk inc flu hosp,2,2024-08-03,19,quantile,0.7,5.839677066526929
2024-07-20,wk inc flu hosp,2,2024-08-03,19,quantile,0.75,8.510483615213515
2024-07-20,wk inc flu hosp,2,2024-08-03,19,quantile,0.8,11.342567724608292
2024-07-20,wk inc flu hosp,2,2024-08-03,19,quantile,0.85,15.21377858465307
2024-07-20,wk inc flu hosp,2,2024-08-03,19,quantile,0.9,20.001916126177324
2024-07-20,wk inc flu hosp,2,2024-08-03,19,quantile,0.95,28.79375289321872
2024-07-20,wk inc flu hosp,2,2024-08-03,19,quantile,0.975,38.16399868732565
2024-07-20,wk inc flu hosp,2,2024-08-03,19,quantile,0.99,59.86898767347274
2024-07-20,wk inc flu hosp,2,2024-08-03,20,quantile,0.01,0
2024-07-20,wk inc flu hosp,2,2024-08-03,20,quantile,0.025,0
2024-07-20,wk inc flu hosp,2,2024-08-03,20,quantile,0.05,0
2024-07-20,wk inc flu hosp,2,2024-08-03,20,quantile,0.1,0
2024-07-20,wk inc flu hosp,2,2024-08-03,20,quantile,0.15,0
2024-07-20,wk inc flu hosp,2,2024-08-03,20,quantile,0.2,0.03216230604772326
2024-07-20,wk inc flu hosp,2,2024-08-03,20,quantile,0.25,0.0778556799849959
2024-07-20,wk inc flu hosp,2,2024-08-03,20,quantile,0.3,0.16681332482418482
2024-07-20,wk inc flu hosp,2,2024-08-03,20,quantile,0.35,0.3473106669082573
2024-07-20,wk inc flu hosp,2,2024-08-03,20,quantile,0.4,0.6530443590989244
2024-07-20,wk inc flu hosp,2,2024-08-03,20,quantile,0.45,1.0981606142689981
2024-07-20,wk inc flu hosp,2,2024-08-03,20,quantile,0.5,1.5421977095639259
2024-07-20,wk inc flu hosp,2,2024-08-03,20,quantile,0.55,2.159431876215705
2024-07-20,wk inc flu hosp,2,2024-08-03,20,quantile,0.6,4.6402747314181
2024-07-20,wk inc flu hosp,2,2024-08-03,20,quantile,0.65,6.700105033039319
2024-07-20,wk inc flu hosp,2,2024-08-03,20,quantile,0.7,10.252901965871645
2024-07-20,wk inc flu hosp,2,2024-08-03,20,quantile,0.75,14.129008986813723
2024-07-20,wk inc flu hosp,2,2024-08-03,20,quantile,0.8,18.254948876801556
2024-07-20,wk inc flu hosp,2,2024-08-03,20,quantile,0.85,24.09750348218045
2024-07-20,wk inc flu hosp,2,2024-08-03,20,quantile,0.9,31.478347193621694
2024-07-20,wk inc flu hosp,2,2024-08-03,20,quantile,0.95,44.168174677853145
2024-07-20,wk inc flu hosp,2,2024-08-03,20,quantile,0.975,54.89862281531107
2024-07-20,wk inc flu hosp,2,2024-08-03,20,quantile,0.99,66.54098860635975
2024-07-20,wk inc flu hosp,2,2024-08-03,21,quantile,0.01,0
2024-07-20,wk inc flu hosp,2,2024-08-03,21,quantile,0.025,0
2024-07-20,wk inc flu hosp,2,2024-08-03,21,quantile,0.05,0
2024-07-20,wk inc flu hosp,2,2024-08-03,21,quantile,0.1,0
2024-07-20,wk inc flu hosp,2,2024-08-03,21,quantile,0.15,0
2024-07-20,wk inc flu hosp,2,2024-08-03,21,quantile,0.2,1.568799573674983e-4
2024-07-20,wk inc flu hosp,2,2024-08-03,21,quantile,0.25,0.10872898433996799
2024-07-20,wk inc flu hosp,2,2024-08-03,21,quantile,0.3,0.21730108872256845
2024-07-20,wk inc flu hosp,2,2024-08-03,21,quantile,0.35,0.35649406067840483
2024-07-20,wk inc flu hosp,2,2024-08-03,21,quantile,0.4,0.6743619780282177
2024-07-20,wk inc flu hosp,2,2024-08-03,21,quantile,0.45,1.039525368469251
2024-07-20,wk inc flu hosp,2,2024-08-03,21,quantile,0.5,1.643988687396646
2024-07-20,wk inc flu hosp,2,2024-08-03,21,quantile,0.55,2.5931958793921392
2024-07-20,wk inc flu hosp,2,2024-08-03,21,quantile,0.6,4.082168747216454
2024-07-20,wk inc flu hosp,2,2024-08-03,21,quantile,0.65,6.721821118319261
2024-07-20,wk inc flu hosp,2,2024-08-03,21,quantile,0.7,10.872486230609859
2024-07-20,wk inc flu hosp,2,2024-08-03,21,quantile,0.75,17.684973517398916
2024-07-20,wk inc flu hosp,2,2024-08-03,21,quantile,0.8,25.189782839173304
2024-07-20,wk inc flu hosp,2,2024-08-03,21,quantile,0.85,34.85164989736561
2024-07-20,wk inc flu hosp,2,2024-08-03,21,quantile,0.9,46.56626597081535
2024-07-20,wk inc flu hosp,2,2024-08-03,21,quantile,0.95,66.93220265761447
2024-07-20,wk inc flu hosp,2,2024-08-03,21,quantile,0.975,89.48199815618086
2024-07-20,wk inc flu hosp,2,2024-08-03,21,quantile,0.99,119.66551723363804
2024-07-20,wk inc flu hosp,2,2024-08-03,22,quantile,0.01,0
2024-07-20,wk inc flu hosp,2,2024-08-03,22,quantile,0.025,0
2024-07-20,wk inc flu hosp,2,2024-08-03,22,quantile,0.05,0
2024-07-20,wk inc flu hosp,2,2024-08-03,22,quantile,0.1,0
2024-07-20,wk inc flu hosp,2,2024-08-03,22,quantile,0.15,0
2024-07-20,wk inc flu hosp,2,2024-08-03,22,quantile,0.2,0.07558597294985198
2024-07-20,wk inc flu hosp,2,2024-08-03,22,quantile,0.25,0.15722889574775434
2024-07-20,wk inc flu hosp,2,2024-08-03,22,quantile,0.3,0.30849714208761014
2024-07-20,wk inc flu hosp,2,2024-08-03,22,quantile,0.35,0.5350901633444713
2024-07-20,wk inc flu hosp,2,2024-08-03,22,quantile,0.4,0.9107987950972066
2024-07-20,wk inc flu hosp,2,2024-08-03,22,quantile,0.45,1.1833522617427124
2024-07-20,wk inc flu hosp,2,2024-08-03,22,quantile,0.5,1.6748343298385855
2024-07-20,wk inc flu hosp,2,2024-08-03,22,quantile,0.55,2.6627254039182344
2024-07-20,wk inc flu hosp,2,2024-08-03,22,quantile,0.6,4.501283334095859
2024-07-20,wk inc flu hosp,2,2024-08-03,22,quantile,0.65,7.766742816133698
2024-07-20,wk inc flu hosp,2,2024-08-03,22,quantile,0.7,11.274344021222747
2024-07-20,wk inc flu hosp,2,2024-08-03,22,quantile,0.75,16.265309676300117
2024-07-20,wk inc flu hosp,2,2024-08-03,22,quantile,0.8,22.138775221793264
2024-07-20,wk inc flu hosp,2,2024-08-03,22,quantile,0.85,28.428042895807888
2024-07-20,wk inc flu hosp,2,2024-08-03,22,quantile,0.9,37.02705771930862
2024-07-20,wk inc flu hosp,2,2024-08-03,22,quantile,0.95,53.24181245997714
2024-07-20,wk inc flu hosp,2,2024-08-03,22,quantile,0.975,68.4318932472831
2024-07-20,wk inc flu hosp,2,2024-08-03,22,quantile,0.99,93.81587121802146
2024-07-20,wk inc flu hosp,2,2024-08-03,23,quantile,0.01,0
2024-07-20,wk inc flu hosp,2,2024-08-03,23,quantile,0.025,0
2024-07-20,wk inc flu hosp,2,2024-08-03,23,quantile,0.05,0
2024-07-20,wk inc flu hosp,2,2024-08-03,23,quantile,0.1,0
2024-07-20,wk inc flu hosp,2,2024-08-03,23,quantile,0.15,0.039368282581303156
2024-07-20,wk inc flu hosp,2,2024-08-03,23,quantile,0.2,0.13868678308385057
2024-07-20,wk inc flu hosp,2,2024-08-03,23,quantile,0.25,0.4066383554448976
2024-07-20,wk inc flu hosp,2,2024-08-03,23,quantile,0.3,0.735271620040163
2024-07-20,wk inc flu hosp,2,2024-08-03,23,quantile,0.35,1.5120457101867704
2024-07-20,wk inc flu hosp,2,2024-08-03,23,quantile,0.4,2.4087164738544953
2024-07-20,wk inc flu hosp,2,2024-08-03,23,quantile,0.45,3.216214596112467
2024-07-20,wk inc flu hosp,2,2024-08-03,23,quantile,0.5,3.944843513006746
2024-07-20,wk inc flu hosp,2,2024-08-03,23,quantile,0.55,4.240749484548
2024-07-20,wk inc flu hosp,2,2024-08-03,23,quantile,0.6,5.002761975597724
2024-07-20,wk inc flu hosp,2,2024-08-03,23,quantile,0.65,5.090702043538802
2024-07-20,wk inc flu hosp,2,2024-08-03,23,quantile,0.7,6.432465426415203
2024-07-20,wk inc flu hosp,2,2024-08-03,23,quantile,0.75,7.956096735204169
2024-07-20,wk inc flu hosp,2,2024-08-03,23,quantile,0.8,9.8644793586924
2024-07-20,wk inc flu hosp,2,2024-08-03,23,quantile,0.85,12.419860976475915
2024-07-20,wk inc flu hosp,2,2024-08-03,23,quantile,0.9,15.800110705512068
2024-07-20,wk inc flu hosp,2,2024-08-03,23,quantile,0.95,20.064285343549837
2024-07-20,wk inc flu hosp,2,2024-08-03,23,quantile,0.975,23.10655494084097
2024-07-20,wk inc flu hosp,2,2024-08-03,23,quantile,0.99,29.035762484071576
2024-07-20,wk inc flu hosp,2,2024-08-03,24,quantile,0.01,0
2024-07-20,wk inc flu hosp,2,2024-08-03,24,quantile,0.025,0
2024-07-20,wk inc flu hosp,2,2024-08-03,24,quantile,0.05,0
2024-07-20,wk inc flu hosp,2,2024-08-03,24,quantile,0.1,0
2024-07-20,wk inc flu hosp,2,2024-08-03,24,quantile,0.15,0
2024-07-20,wk inc flu hosp,2,2024-08-03,24,quantile,0.2,0.033074130244361816
2024-07-20,wk inc flu hosp,2,2024-08-03,24,quantile,0.25,0.09820753906525902
2024-07-20,wk inc flu hosp,2,2024-08-03,24,quantile,0.3,0.17783604767774194
2024-07-20,wk inc flu hosp,2,2024-08-03,24,quantile,0.35,0.43374923943133714
2024-07-20,wk inc flu hosp,2,2024-08-03,24,quantile,0.4,0.6152875405128915
2024-07-20,wk inc flu hosp,2,2024-08-03,24,quantile,0.45,0.9553308182682734
2024-07-20,wk inc flu hosp,2,2024-08-03,24,quantile,0.5,1.3254172364773131
2024-07-20,wk inc flu hosp,2,2024-08-03,24,quantile,0.55,1.8929021317414692
2024-07-20,wk inc flu hosp,2,2024-08-03,24,quantile,0.6,2.9528049648946735
2024-07-20,wk inc flu hosp,2,2024-08-03,24,quantile,0.65,3.9602390687747913
2024-07-20,wk inc flu hosp,2,2024-08-03,24,quantile,0.7,6.081072092739189
2024-07-20,wk inc flu hosp,2,2024-08-03,24,quantile,0.75,11.020448341177767
2024-07-20,wk inc flu hosp,2,2024-08-03,24,quantile,0.8,17.98565280403182
2024-07-20,wk inc flu hosp,2,2024-08-03,24,quantile,0.85,26.142683697574164
2024-07-20,wk inc flu hosp,2,2024-08-03,24,quantile,0.9,37.60722186112764
2024-07-20,wk inc flu hosp,2,2024-08-03,24,quantile,0.95,55.40072049916352
2024-07-20,wk inc flu hosp,2,2024-08-03,24,quantile,0.975,72.96963348598642
2024-07-20,wk inc flu hosp,2,2024-08-03,24,quantile,0.99,92.3875941766096
2024-07-20,wk inc flu hosp,2,2024-08-03,25,quantile,0.01,0
2024-07-20,wk inc flu hosp,2,2024-08-03,25,quantile,0.025,0
2024-07-20,wk inc flu hosp,2,2024-08-03,25,quantile,0.05,0
2024-07-20,wk inc flu hosp,2,2024-08-03,25,quantile,0.1,0
2024-07-20,wk inc flu hosp,2,2024-08-03,25,quantile,0.15,0.06223870422220537
2024-07-20,wk inc flu hosp,2,2024-08-03,25,quantile,0.2,0.5378549618517399
2024-07-20,wk inc flu hosp,2,2024-08-03,25,quantile,0.25,1.528327750722709
2024-07-20,wk inc flu hosp,2,2024-08-03,25,quantile,0.3,2.3774405844267714
2024-07-20,wk inc flu hosp,2,2024-08-03,25,quantile,0.35,2.852531788065614
2024-07-20,wk inc flu hosp,2,2024-08-03,25,quantile,0.4,3.4036192470850946
2024-07-20,wk inc flu hosp,2,2024-08-03,25,quantile,0.45,4.222712092073999
2024-07-20,wk inc flu hosp,2,2024-08-03,25,quantile,0.5,5.074767114412703
2024-07-20,wk inc flu hosp,2,2024-08-03,25,quantile,0.55,6.234284983763725
2024-07-20,wk inc flu hosp,2,2024-08-03,25,quantile,0.6,9.225570465748843
2024-07-20,wk inc flu hosp,2,2024-08-03,25,quantile,0.65,13.070009876888365
2024-07-20,wk inc flu hosp,2,2024-08-03,25,quantile,0.7,18.25825104186376
2024-07-20,wk inc flu hosp,2,2024-08-03,25,quantile,0.75,25.023657034910325
2024-07-20,wk inc flu hosp,2,2024-08-03,25,quantile,0.8,33.55739591763268
2024-07-20,wk inc flu hosp,2,2024-08-03,25,quantile,0.85,42.69511206799925
2024-07-20,wk inc flu hosp,2,2024-08-03,25,quantile,0.9,57.404329165744485
2024-07-20,wk inc flu hosp,2,2024-08-03,25,quantile,0.95,80.02899579900773
2024-07-20,wk inc flu hosp,2,2024-08-03,25,quantile,0.975,105.05365227814785
2024-07-20,wk inc flu hosp,2,2024-08-03,25,quantile,0.99,134.02109207973942
2024-07-20,wk inc flu hosp,2,2024-08-03,26,quantile,0.01,0
2024-07-20,wk inc flu hosp,2,2024-08-03,26,quantile,0.025,0
2024-07-20,wk inc flu hosp,2,2024-08-03,26,quantile,0.05,0
2024-07-20,wk inc flu hosp,2,2024-08-03,26,quantile,0.1,0
2024-07-20,wk inc flu hosp,2,2024-08-03,26,quantile,0.15,0.024811939547852983
2024-07-20,wk inc flu hosp,2,2024-08-03,26,quantile,0.2,0.7444566332222299
2024-07-20,wk inc flu hosp,2,2024-08-03,26,quantile,0.25,1.3486105385035616
2024-07-20,wk inc flu hosp,2,2024-08-03,26,quantile,0.3,2.0253271991565107
2024-07-20,wk inc flu hosp,2,2024-08-03,26,quantile,0.35,2.82575154705954
2024-07-20,wk inc flu hosp,2,2024-08-03,26,quantile,0.4,3.790016116754151
2024-07-20,wk inc flu hosp,2,2024-08-03,26,quantile,0.45,4.590559416973995
2024-07-20,wk inc flu hosp,2,2024-08-03,26,quantile,0.5,5.240559432008609
2024-07-20,wk inc flu hosp,2,2024-08-03,26,quantile,0.55,5.8286284839007765
2024-07-20,wk inc flu hosp,2,2024-08-03,26,quantile,0.6,6.921594789928121
2024-07-20,wk inc flu hosp,2,2024-08-03,26,quantile,0.65,9.297650550266331
2024-07-20,wk inc flu hosp,2,2024-08-03,26,quantile,0.7,14.635607563092602
2024-07-20,wk inc flu hosp,2,2024-08-03,26,quantile,0.75,21.530914960001734
2024-07-20,wk inc flu hosp,2,2024-08-03,26,quantile,0.8,33.18717368705579
2024-07-20,wk inc flu hosp,2,2024-08-03,26,quantile,0.85,46.777155121994966
2024-07-20,wk inc flu hosp,2,2024-08-03,26,quantile,0.9,62.92161805239721
2024-07-20,wk inc flu hosp,2,2024-08-03,26,quantile,0.95,88.30352743470901
2024-07-20,wk inc flu hosp,2,2024-08-03,26,quantile,0.975,116.22953911590133
2024-07-20,wk inc flu hosp,2,2024-08-03,26,quantile,0.99,197.7453895407126
2024-07-20,wk inc flu hosp,2,2024-08-03,27,quantile,0.01,0
2024-07-20,wk inc flu hosp,2,2024-08-03,27,quantile,0.025,0
2024-07-20,wk inc flu hosp,2,2024-08-03,27,quantile,0.05,0
2024-07-20,wk inc flu hosp,2,2024-08-03,27,quantile,0.1,0
2024-07-20,wk inc flu hosp,2,2024-08-03,27,quantile,0.15,0
2024-07-20,wk inc flu hosp,2,2024-08-03,27,quantile,0.2,0
2024-07-20,wk inc flu hosp,2,2024-08-03,27,quantile,0.25,0.013180716392571798
2024-07-20,wk inc flu hosp,2,2024-08-03,27,quantile,0.3,0.08102636062286894
2024-07-20,wk inc flu hosp,2,2024-08-03,27,quantile,0.35,0.1488720048531661
2024-07-20,wk inc flu hosp,2,2024-08-03,27,quantile,0.4,0.21671764908346333
2024-07-20,wk inc flu hosp,2,2024-08-03,27,quantile,0.45,0.426142965308658
2024-07-20,wk inc flu hosp,2,2024-08-03,27,quantile,0.5,0.8656776623035163
2024-07-20,wk inc flu hosp,2,2024-08-03,27,quantile,0.55,2.168420776854442
2024-07-20,wk inc flu hosp,2,2024-08-03,27,quantile,0.6,3.800362483738885
2024-07-20,wk inc flu hosp,2,2024-08-03,27,quantile,0.65,5.487679284022086
2024-07-20,wk inc flu hosp,2,2024-08-03,27,quantile,0.7,9.77215782272087
2024-07-20,wk inc flu hosp,2,2024-08-03,27,quantile,0.75,18.55931817255086
2024-07-20,wk inc flu hosp,2,2024-08-03,27,quantile,0.8,28.580631570921117
2024-07-20,wk inc flu hosp,2,2024-08-03,27,quantile,0.85,39.24745474570076
2024-07-20,wk inc flu hosp,2,2024-08-03,27,quantile,0.9,53.2428135219024
2024-07-20,wk inc flu hosp,2,2024-08-03,27,quantile,0.95,76.75481014432627
2024-07-20,wk inc flu hosp,2,2024-08-03,27,quantile,0.975,96.72871305079902
2024-07-20,wk inc flu hosp,2,2024-08-03,27,quantile,0.99,116.40302266958079
2024-07-20,wk inc flu hosp,2,2024-08-03,28,quantile,0.01,0
2024-07-20,wk inc flu hosp,2,2024-08-03,28,quantile,0.025,0
2024-07-20,wk inc flu hosp,2,2024-08-03,28,quantile,0.05,0
2024-07-20,wk inc flu hosp,2,2024-08-03,28,quantile,0.1,0
2024-07-20,wk inc flu hosp,2,2024-08-03,28,quantile,0.15,0.240783748170463
2024-07-20,wk inc flu hosp,2,2024-08-03,28,quantile,0.2,0.6738272262194503
2024-07-20,wk inc flu hosp,2,2024-08-03,28,quantile,0.25,1.4609846671742068
2024-07-20,wk inc flu hosp,2,2024-08-03,28,quantile,0.3,2.2421167821042958
2024-07-20,wk inc flu hosp,2,2024-08-03,28,quantile,0.35,3.1287253229349075
2024-07-20,wk inc flu hosp,2,2024-08-03,28,quantile,0.4,3.659492241013169
2024-07-20,wk inc flu hosp,2,2024-08-03,28,quantile,0.45,4.668653598980724
2024-07-20,wk inc flu hosp,2,2024-08-03,28,quantile,0.5,5.650255970797225
2024-07-20,wk inc flu hosp,2,2024-08-03,28,quantile,0.55,6.982258716524314
2024-07-20,wk inc flu hosp,2,2024-08-03,28,quantile,0.6,8.796840048395765
2024-07-20,wk inc flu hosp,2,2024-08-03,28,quantile,0.65,11.270422990309703
2024-07-20,wk inc flu hosp,2,2024-08-03,28,quantile,0.7,15.113753028411763
2024-07-20,wk inc flu hosp,2,2024-08-03,28,quantile,0.75,18.69505850807049
2024-07-20,wk inc flu hosp,2,2024-08-03,28,quantile,0.8,22.94016990201551
2024-07-20,wk inc flu hosp,2,2024-08-03,28,quantile,0.85,30.075164160175984
2024-07-20,wk inc flu hosp,2,2024-08-03,28,quantile,0.9,39.44085213931938
2024-07-20,wk inc flu hosp,2,2024-08-03,28,quantile,0.95,55.4783214094109
2024-07-20,wk inc flu hosp,2,2024-08-03,28,quantile,0.975,70.10045590366272
2024-07-20,wk inc flu hosp,2,2024-08-03,28,quantile,0.99,96.02010555532401
2024-07-20,wk inc flu hosp,2,2024-08-03,29,quantile,0.01,0
2024-07-20,wk inc flu hosp,2,2024-08-03,29,quantile,0.025,0
2024-07-20,wk inc flu hosp,2,2024-08-03,29,quantile,0.05,0
2024-07-20,wk inc flu hosp,2,2024-08-03,29,quantile,0.1,0
2024-07-20,wk inc flu hosp,2,2024-08-03,29,quantile,0.15,0.11808228140795773
2024-07-20,wk inc flu hosp,2,2024-08-03,29,quantile,0.2,0.36608160396532685
2024-07-20,wk inc flu hosp,2,2024-08-03,29,quantile,0.25,0.8804591412985514
2024-07-20,wk inc flu hosp,2,2024-08-03,29,quantile,0.3,1.314490287493979
2024-07-20,wk inc flu hosp,2,2024-08-03,29,quantile,0.35,1.696003407558004
2024-07-20,wk inc flu hosp,2,2024-08-03,29,quantile,0.4,2.1817160039423364
2024-07-20,wk inc flu hosp,2,2024-08-03,29,quantile,0.45,2.749012685468767
2024-07-20,wk inc flu hosp,2,2024-08-03,29,quantile,0.5,3.4403420638929
2024-07-20,wk inc flu hosp,2,2024-08-03,29,quantile,0.55,5.424652701112131
2024-07-20,wk inc flu hosp,2,2024-08-03,29,quantile,0.6,9.34019897545148
2024-07-20,wk inc flu hosp,2,2024-08-03,29,quantile,0.65,13.54288570110418
2024-07-20,wk inc flu hosp,2,2024-08-03,29,quantile,0.7,19.260262674492125
2024-07-20,wk inc flu hosp,2,2024-08-03,29,quantile,0.75,27.611015515080023
2024-07-20,wk inc flu hosp,2,2024-08-03,29,quantile,0.8,37.81228875652986
2024-07-20,wk inc flu hosp,2,2024-08-03,29,quantile,0.85,49.68223414163876
2024-07-20,wk inc flu hosp,2,2024-08-03,29,quantile,0.9,67.80320069187803
2024-07-20,wk inc flu hosp,2,2024-08-03,29,quantile,0.95,94.24259653826427
2024-07-20,wk inc flu hosp,2,2024-08-03,29,quantile,0.975,118.58077998939481
2024-07-20,wk inc flu hosp,2,2024-08-03,29,quantile,0.99,190.05445455607548
2024-07-20,wk inc flu hosp,2,2024-08-03,30,quantile,0.01,0
2024-07-20,wk inc flu hosp,2,2024-08-03,30,quantile,0.025,0
2024-07-20,wk inc flu hosp,2,2024-08-03,30,quantile,0.05,0
2024-07-20,wk inc flu hosp,2,2024-08-03,30,quantile,0.1,0
2024-07-20,wk inc flu hosp,2,2024-08-03,30,quantile,0.15,0.008092913507353118
2024-07-20,wk inc flu hosp,2,2024-08-03,30,quantile,0.2,0.03915585689498654
2024-07-20,wk inc flu hosp,2,2024-08-03,30,quantile,0.25,0.09416025786891967
2024-07-20,wk inc flu hosp,2,2024-08-03,30,quantile,0.3,0.19844390898926
2024-07-20,wk inc flu hosp,2,2024-08-03,30,quantile,0.35,0.34904504861335983
2024-07-20,wk inc flu hosp,2,2024-08-03,30,quantile,0.4,0.5574859100997465
2024-07-20,wk inc flu hosp,2,2024-08-03,30,quantile,0.45,0.8221027476162587
2024-07-20,wk inc flu hosp,2,2024-08-03,30,quantile,0.5,0.9599262393169449
2024-07-20,wk inc flu hosp,2,2024-08-03,30,quantile,0.55,1.230452049059032
2024-07-20,wk inc flu hosp,2,2024-08-03,30,quantile,0.6,1.6387695044875314
2024-07-20,wk inc flu hosp,2,2024-08-03,30,quantile,0.65,2.424204222332009
2024-07-20,wk inc flu hosp,2,2024-08-03,30,quantile,0.7,3.330433057378483
2024-07-20,wk inc flu hosp,2,2024-08-03,30,quantile,0.75,4.028029611629341
2024-07-20,wk inc flu hosp,2,2024-08-03,30,quantile,0.8,4.894035961103679
2024-07-20,wk inc flu hosp,2,2024-08-03,30,quantile,0.85,6.241516056392655
2024-07-20,wk inc flu hosp,2,2024-08-03,30,quantile,0.9,8.470102811632936
2024-07-20,wk inc flu hosp,2,2024-08-03,30,quantile,0.95,11.9810884243166
2024-07-20,wk inc flu hosp,2,2024-08-03,30,quantile,0.975,16.27027686688335
2024-07-20,wk inc flu hosp,2,2024-08-03,30,quantile,0.99,24.551660800119976
2024-07-20,wk inc flu hosp,2,2024-08-03,31,quantile,0.01,0
2024-07-20,wk inc flu hosp,2,2024-08-03,31,quantile,0.025,0
2024-07-20,wk inc flu hosp,2,2024-08-03,31,quantile,0.05,0
2024-07-20,wk inc flu hosp,2,2024-08-03,31,quantile,0.1,0
2024-07-20,wk inc flu hosp,2,2024-08-03,31,quantile,0.15,0
2024-07-20,wk inc flu hosp,2,2024-08-03,31,quantile,0.2,0
2024-07-20,wk inc flu hosp,2,2024-08-03,31,quantile,0.25,0.012951681411855265
2024-07-20,wk inc flu hosp,2,2024-08-03,31,quantile,0.3,0.027515300053686322
2024-07-20,wk inc flu hosp,2,2024-08-03,31,quantile,0.35,0.04207891869551739
2024-07-20,wk inc flu hosp,2,2024-08-03,31,quantile,0.4,0.056642537337348454
2024-07-20,wk inc flu hosp,2,2024-08-03,31,quantile,0.45,0.14291599913195915
2024-07-20,wk inc flu hosp,2,2024-08-03,31,quantile,0.5,0.2786336237201449
2024-07-20,wk inc flu hosp,2,2024-08-03,31,quantile,0.55,0.5082023168635702
2024-07-20,wk inc flu hosp,2,2024-08-03,31,quantile,0.6,0.8065748698281977
2024-07-20,wk inc flu hosp,2,2024-08-03,31,quantile,0.65,1.7236606871735691
2024-07-20,wk inc flu hosp,2,2024-08-03,31,quantile,0.7,3.498830988917786
2024-07-20,wk inc flu hosp,2,2024-08-03,31,quantile,0.75,5.542901010238886
2024-07-20,wk inc flu hosp,2,2024-08-03,31,quantile,0.8,7.744312016583842
2024-07-20,wk inc flu hosp,2,2024-08-03,31,quantile,0.85,10.282911119695632
2024-07-20,wk inc flu hosp,2,2024-08-03,31,quantile,0.9,13.472942923340128
2024-07-20,wk inc flu hosp,2,2024-08-03,31,quantile,0.95,18.386146307661292
2024-07-20,wk inc flu hosp,2,2024-08-03,31,quantile,0.975,23.17527148073018
2024-07-20,wk inc flu hosp,2,2024-08-03,31,quantile,0.99,28.82489183553139
2024-07-20,wk inc flu hosp,2,2024-08-03,32,quantile,0.01,0
2024-07-20,wk inc flu hosp,2,2024-08-03,32,quantile,0.025,0
2024-07-20,wk inc flu hosp,2,2024-08-03,32,quantile,0.05,0
2024-07-20,wk inc flu hosp,2,2024-08-03,32,quantile,0.1,0
2024-07-20,wk inc flu hosp,2,2024-08-03,32,quantile,0.15,0
2024-07-20,wk inc flu hosp,2,2024-08-03,32,quantile,0.2,0
2024-07-20,wk inc flu hosp,2,2024-08-03,32,quantile,0.25,0.012492665426882292
2024-07-20,wk inc flu hosp,2,2024-08-03,32,quantile,0.3,0.03428416805661694
2024-07-20,wk inc flu hosp,2,2024-08-03,32,quantile,0.35,0.05607567068635158
2024-07-20,wk inc flu hosp,2,2024-08-03,32,quantile,0.4,0.07786717331608624
2024-07-20,wk inc flu hosp,2,2024-08-03,32,quantile,0.45,0.0996586759458209
2024-07-20,wk inc flu hosp,2,2024-08-03,32,quantile,0.5,0.12145017857555553
2024-07-20,wk inc flu hosp,2,2024-08-03,32,quantile,0.55,0.20591850514792254
2024-07-20,wk inc flu hosp,2,2024-08-03,32,quantile,0.6,0.46647871320333023
2024-07-20,wk inc flu hosp,2,2024-08-03,32,quantile,0.65,1.2592179599131068
2024-07-20,wk inc flu hosp,2,2024-08-03,32,quantile,0.7,2.7644755383344974
2024-07-20,wk inc flu hosp,2,2024-08-03,32,quantile,0.75,5.190107815634298
2024-07-20,wk inc flu hosp,2,2024-08-03,32,quantile,0.8,9.482325206444884
2024-07-20,wk inc flu hosp,2,2024-08-03,32,quantile,0.85,14.575241661542698
2024-07-20,wk inc flu hosp,2,2024-08-03,32,quantile,0.9,20.839017305193785
2024-07-20,wk inc flu hosp,2,2024-08-03,32,quantile,0.95,31.00051857502339
2024-07-20,wk inc flu hosp,2,2024-08-03,32,quantile,0.975,39.721368994728294
2024-07-20,wk inc flu hosp,2,2024-08-03,32,quantile,0.99,50.1989353828577
2024-07-20,wk inc flu hosp,2,2024-08-03,33,quantile,0.01,0
2024-07-20,wk inc flu hosp,2,2024-08-03,33,quantile,0.025,0
2024-07-20,wk inc flu hosp,2,2024-08-03,33,quantile,0.05,0
2024-07-20,wk inc flu hosp,2,2024-08-03,33,quantile,0.1,0
2024-07-20,wk inc flu hosp,2,2024-08-03,33,quantile,0.15,0
2024-07-20,wk inc flu hosp,2,2024-08-03,33,quantile,0.2,0
2024-07-20,wk inc flu hosp,2,2024-08-03,33,quantile,0.25,0.03051894762159003
2024-07-20,wk inc flu hosp,2,2024-08-03,33,quantile,0.3,0.07354416711892339
2024-07-20,wk inc flu hosp,2,2024-08-03,33,quantile,0.35,0.11895387058698113
2024-07-20,wk inc flu hosp,2,2024-08-03,33,quantile,0.4,0.2135046614546007
2024-07-20,wk inc flu hosp,2,2024-08-03,33,quantile,0.45,0.4106045352696281
2024-07-20,wk inc flu hosp,2,2024-08-03,33,quantile,0.5,0.7332613363556653
2024-07-20,wk inc flu hosp,2,2024-08-03,33,quantile,0.55,1.076669453194075
2024-07-20,wk inc flu hosp,2,2024-08-03,33,quantile,0.6,1.6505940853699614
2024-07-20,wk inc flu hosp,2,2024-08-03,33,quantile,0.65,2.8226841294519174
2024-07-20,wk inc flu hosp,2,2024-08-03,33,quantile,0.7,4.45019983532194
2024-07-20,wk inc flu hosp,2,2024-08-03,33,quantile,0.75,6.659759229905619
2024-07-20,wk inc flu hosp,2,2024-08-03,33,quantile,0.8,8.90679644523899
2024-07-20,wk inc flu hosp,2,2024-08-03,33,quantile,0.85,11.538665210850079
2024-07-20,wk inc flu hosp,2,2024-08-03,33,quantile,0.9,14.825053623107015
2024-07-20,wk inc flu hosp,2,2024-08-03,33,quantile,0.95,20.392974738347117
2024-07-20,wk inc flu hosp,2,2024-08-03,33,quantile,0.975,25.679388004845105
2024-07-20,wk inc flu hosp,2,2024-08-03,33,quantile,0.99,30.93037980104692
2024-07-20,wk inc flu hosp,2,2024-08-03,34,quantile,0.01,0
2024-07-20,wk inc flu hosp,2,2024-08-03,34,quantile,0.025,0
2024-07-20,wk inc flu hosp,2,2024-08-03,34,quantile,0.05,0
2024-07-20,wk inc flu hosp,2,2024-08-03,34,quantile,0.1,0
2024-07-20,wk inc flu hosp,2,2024-08-03,34,quantile,0.15,0.6114663402758228
2024-07-20,wk inc flu hosp,2,2024-08-03,34,quantile,0.2,1.4231415775065355
2024-07-20,wk inc flu hosp,2,2024-08-03,34,quantile,0.25,2.9579355349999625
2024-07-20,wk inc flu hosp,2,2024-08-03,34,quantile,0.3,6.173709792638355
2024-07-20,wk inc flu hosp,2,2024-08-03,34,quantile,0.35,8.265078551663388
2024-07-20,wk inc flu hosp,2,2024-08-03,34,quantile,0.4,11.01774141557152
2024-07-20,wk inc flu hosp,2,2024-08-03,34,quantile,0.45,14.300414435976874
2024-07-20,wk inc flu hosp,2,2024-08-03,34,quantile,0.5,17.411851365806168
2024-07-20,wk inc flu hosp,2,2024-08-03,34,quantile,0.55,20.114171569120852
2024-07-20,wk inc flu hosp,2,2024-08-03,34,quantile,0.6,22.254506511770376
2024-07-20,wk inc flu hosp,2,2024-08-03,34,quantile,0.65,26.040472449400223
2024-07-20,wk inc flu hosp,2,2024-08-03,34,quantile,0.7,29.524380994974642
2024-07-20,wk inc flu hosp,2,2024-08-03,34,quantile,0.75,34.15712982854071
2024-07-20,wk inc flu hosp,2,2024-08-03,34,quantile,0.8,43.57806189745958
2024-07-20,wk inc flu hosp,2,2024-08-03,34,quantile,0.85,54.26118874906109
2024-07-20,wk inc flu hosp,2,2024-08-03,34,quantile,0.9,70.19949288783272
2024-07-20,wk inc flu hosp,2,2024-08-03,34,quantile,0.95,92.44669880101065
2024-07-20,wk inc flu hosp,2,2024-08-03,34,quantile,0.975,117.96025252612384
2024-07-20,wk inc flu hosp,2,2024-08-03,34,quantile,0.99,175.34258725195664
2024-07-20,wk inc flu hosp,2,2024-08-03,35,quantile,0.01,0
2024-07-20,wk inc flu hosp,2,2024-08-03,35,quantile,0.025,0
2024-07-20,wk inc flu hosp,2,2024-08-03,35,quantile,0.05,0
2024-07-20,wk inc flu hosp,2,2024-08-03,35,quantile,0.1,0
2024-07-20,wk inc flu hosp,2,2024-08-03,35,quantile,0.15,0.040786265294793976
2024-07-20,wk inc flu hosp,2,2024-08-03,35,quantile,0.2,0.12545006471434433
2024-07-20,wk inc flu hosp,2,2024-08-03,35,quantile,0.25,0.3455564576172128
2024-07-20,wk inc flu hosp,2,2024-08-03,35,quantile,0.3,0.6519271011250709
2024-07-20,wk inc flu hosp,2,2024-08-03,35,quantile,0.35,0.9357973867081018
2024-07-20,wk inc flu hosp,2,2024-08-03,35,quantile,0.4,1.3499034443171534
2024-07-20,wk inc flu hosp,2,2024-08-03,35,quantile,0.45,2.40306152511005
2024-07-20,wk inc flu hosp,2,2024-08-03,35,quantile,0.5,3.337774023707772
2024-07-20,wk inc flu hosp,2,2024-08-03,35,quantile,0.55,3.990057186323947
2024-07-20,wk inc flu hosp,2,2024-08-03,35,quantile,0.6,5.244114049088915
2024-07-20,wk inc flu hosp,2,2024-08-03,35,quantile,0.65,6.599745824162247
2024-07-20,wk inc flu hosp,2,2024-08-03,35,quantile,0.7,8.646222839947491
2024-07-20,wk inc flu hosp,2,2024-08-03,35,quantile,0.75,10.24723119245614
2024-07-20,wk inc flu hosp,2,2024-08-03,35,quantile,0.8,12.473836350755514
2024-07-20,wk inc flu hosp,2,2024-08-03,35,quantile,0.85,15.596036639485753
2024-07-20,wk inc flu hosp,2,2024-08-03,35,quantile,0.9,20.351013438127296
2024-07-20,wk inc flu hosp,2,2024-08-03,35,quantile,0.95,26.109149150593456
2024-07-20,wk inc flu hosp,2,2024-08-03,35,quantile,0.975,32.26084424663412
2024-07-20,wk inc flu hosp,2,2024-08-03,35,quantile,0.99,45.89872350293365
2024-07-20,wk inc flu hosp,2,2024-08-03,36,quantile,0.01,0
2024-07-20,wk inc flu hosp,2,2024-08-03,36,quantile,0.025,0
2024-07-20,wk inc flu hosp,2,2024-08-03,36,quantile,0.05,0
2024-07-20,wk inc flu hosp,2,2024-08-03,36,quantile,0.1,0
2024-07-20,wk inc flu hosp,2,2024-08-03,36,quantile,0.15,0
2024-07-20,wk inc flu hosp,2,2024-08-03,36,quantile,0.2,0
2024-07-20,wk inc flu hosp,2,2024-08-03,36,quantile,0.25,0.08535507044703014
2024-07-20,wk inc flu hosp,2,2024-08-03,36,quantile,0.3,0.2113564627977968
2024-07-20,wk inc flu hosp,2,2024-08-03,36,quantile,0.35,0.3373578551485634
2024-07-20,wk inc flu hosp,2,2024-08-03,36,quantile,0.4,0.46335924749933016
2024-07-20,wk inc flu hosp,2,2024-08-03,36,quantile,0.45,0.5893606398500968
2024-07-20,wk inc flu hosp,2,2024-08-03,36,quantile,0.5,0.84419895116813215
2024-07-20,wk inc flu hosp,2,2024-08-03,36,quantile,0.55,1.2955344043515002
2024-07-20,wk inc flu hosp,2,2024-08-03,36,quantile,0.6,2.771562995250707
2024-07-20,wk inc flu hosp,2,2024-08-03,36,quantile,0.65,7.060276311028929
2024-07-20,wk inc flu hosp,2,2024-08-03,36,quantile,0.7,15.804726533229472
2024-07-20,wk inc flu hosp,2,2024-08-03,36,quantile,0.75,26.913755629072796
2024-07-20,wk inc flu hosp,2,2024-08-03,36,quantile,0.8,39.2165994509538
2024-07-20,wk inc flu hosp,2,2024-08-03,36,quantile,0.85,53.429126186394114
2024-07-20,wk inc flu hosp,2,2024-08-03,36,quantile,0.9,70.87193030526906
2024-07-20,wk inc flu hosp,2,2024-08-03,36,quantile,0.95,110.76232255574729
2024-07-20,wk inc flu hosp,2,2024-08-03,36,quantile,0.975,194.28471372181136
2024-07-20,wk inc flu hosp,2,2024-08-03,36,quantile,0.99,418.38237407494756
2024-07-20,wk inc flu hosp,2,2024-08-03,37,quantile,0.01,0
2024-07-20,wk inc flu hosp,2,2024-08-03,37,quantile,0.025,0
2024-07-20,wk inc flu hosp,2,2024-08-03,37,quantile,0.05,0
2024-07-20,wk inc flu hosp,2,2024-08-03,37,quantile,0.1,0
2024-07-20,wk inc flu hosp,2,2024-08-03,37,quantile,0.15,0.0029635731456385036
2024-07-20,wk inc flu hosp,2,2024-08-03,37,quantile,0.2,0.16853201916649693
2024-07-20,wk inc flu hosp,2,2024-08-03,37,quantile,0.25,0.33410046518735526
2024-07-20,wk inc flu hosp,2,2024-08-03,37,quantile,0.3,0.4996689112082136
2024-07-20,wk inc flu hosp,2,2024-08-03,37,quantile,0.35,1.3374205915910955
2024-07-20,wk inc flu hosp,2,2024-08-03,37,quantile,0.4,2.5389512050726073
2024-07-20,wk inc flu hosp,2,2024-08-03,37,quantile,0.45,4.097102979418977
2024-07-20,wk inc flu hosp,2,2024-08-03,37,quantile,0.5,11.894861702191221
2024-07-20,wk inc flu hosp,2,2024-08-03,37,quantile,0.55,21.080560558102917
2024-07-20,wk inc flu hosp,2,2024-08-03,37,quantile,0.6,29.89128423342763
2024-07-20,wk inc flu hosp,2,2024-08-03,37,quantile,0.65,38.290609858811926
2024-07-20,wk inc flu hosp,2,2024-08-03,37,quantile,0.7,47.01974505970994
2024-07-20,wk inc flu hosp,2,2024-08-03,37,quantile,0.75,56.59821929616819
2024-07-20,wk inc flu hosp,2,2024-08-03,37,quantile,0.8,68.24946483143677
2024-07-20,wk inc flu hosp,2,2024-08-03,37,quantile,0.85,81.63712173866836
2024-07-20,wk inc flu hosp,2,2024-08-03,37,quantile,0.9,98.51227849600284
2024-07-20,wk inc flu hosp,2,2024-08-03,37,quantile,0.95,126.33554299899566
2024-07-20,wk inc flu hosp,2,2024-08-03,37,quantile,0.975,154.54055890261694
2024-07-20,wk inc flu hosp,2,2024-08-03,37,quantile,0.99,242.03726951997143
2024-07-20,wk inc flu hosp,2,2024-08-03,38,quantile,0.01,0
2024-07-20,wk inc flu hosp,2,2024-08-03,38,quantile,0.025,0
2024-07-20,wk inc flu hosp,2,2024-08-03,38,quantile,0.05,0
2024-07-20,wk inc flu hosp,2,2024-08-03,38,quantile,0.1,0
2024-07-20,wk inc flu hosp,2,2024-08-03,38,quantile,0.15,0.001250523380429657
2024-07-20,wk inc flu hosp,2,2024-08-03,38,quantile,0.2,0.018998809928726546
2024-07-20,wk inc flu hosp,2,2024-08-03,38,quantile,0.25,0.038485705042808835
2024-07-20,wk inc flu hosp,2,2024-08-03,38,quantile,0.3,0.07748455223024886
2024-07-20,wk inc flu hosp,2,2024-08-03,38,quantile,0.35,0.17495355073000965
2024-07-20,wk inc flu hosp,2,2024-08-03,38,quantile,0.4,0.32211985197579684
2024-07-20,wk inc flu hosp,2,2024-08-03,38,quantile,0.45,0.5343126866721619
2024-07-20,wk inc flu hosp,2,2024-08-03,38,quantile,0.5,0.7864493012931696
2024-07-20,wk inc flu hosp,2,2024-08-03,38,quantile,0.55,1.0338776922826844
2024-07-20,wk inc flu hosp,2,2024-08-03,38,quantile,0.6,1.319199673473465
2024-07-20,wk inc flu hosp,2,2024-08-03,38,quantile,0.65,1.8075259038830624
2024-07-20,wk inc flu hosp,2,2024-08-03,38,quantile,0.7,2.4292770726849966
2024-07-20,wk inc flu hosp,2,2024-08-03,38,quantile,0.75,3.0023141715578165
2024-07-20,wk inc flu hosp,2,2024-08-03,38,quantile,0.8,3.827818042007135
2024-07-20,wk inc flu hosp,2,2024-08-03,38,quantile,0.85,4.868295196470294
2024-07-20,wk inc flu hosp,2,2024-08-03,38,quantile,0.9,6.170113550070502
2024-07-20,wk inc flu hosp,2,2024-08-03,38,quantile,0.95,8.110859535012821
2024-07-20,wk inc flu hosp,2,2024-08-03,38,quantile,0.975,10.172561712458414
2024-07-20,wk inc flu hosp,2,2024-08-03,38,quantile,0.99,15.017689830942967
2024-07-20,wk inc flu hosp,2,2024-08-03,39,quantile,0.01,0
2024-07-20,wk inc flu hosp,2,2024-08-03,39,quantile,0.025,0
2024-07-20,wk inc flu hosp,2,2024-08-03,39,quantile,0.05,0
2024-07-20,wk inc flu hosp,2,2024-08-03,39,quantile,0.1,0
2024-07-20,wk inc flu hosp,2,2024-08-03,39,quantile,0.15,0.16796920295667922
2024-07-20,wk inc flu hosp,2,2024-08-03,39,quantile,0.2,0.40790316723302084
2024-07-20,wk inc flu hosp,2,2024-08-03,39,quantile,0.25,0.9073168523356732
2024-07-20,wk inc flu hosp,2,2024-08-03,39,quantile,0.3,1.7095494661886936
2024-07-20,wk inc flu hosp,2,2024-08-03,39,quantile,0.35,2.246330639286565
2024-07-20,wk inc flu hosp,2,2024-08-03,39,quantile,0.4,3.3179417532947437
2024-07-20,wk inc flu hosp,2,2024-08-03,39,quantile,0.45,4.560212068494351
2024-07-20,wk inc flu hosp,2,2024-08-03,39,quantile,0.5,5.5424011426603235
2024-07-20,wk inc flu hosp,2,2024-08-03,39,quantile,0.55,8.255811144000026
2024-07-20,wk inc flu hosp,2,2024-08-03,39,quantile,0.6,11.973713895440339
2024-07-20,wk inc flu hosp,2,2024-08-03,39,quantile,0.65,18.80261709569849
2024-07-20,wk inc flu hosp,2,2024-08-03,39,quantile,0.7,26.59570789686553
2024-07-20,wk inc flu hosp,2,2024-08-03,39,quantile,0.75,36.483459638506545
2024-07-20,wk inc flu hosp,2,2024-08-03,39,quantile,0.8,47.36086769925906
2024-07-20,wk inc flu hosp,2,2024-08-03,39,quantile,0.85,59.940228893651614
2024-07-20,wk inc flu hosp,2,2024-08-03,39,quantile,0.9,76.12695928511067
2024-07-20,wk inc flu hosp,2,2024-08-03,39,quantile,0.95,104.20109619058879
2024-07-20,wk inc flu hosp,2,2024-08-03,39,quantile,0.975,133.89288425875694
2024-07-20,wk inc flu hosp,2,2024-08-03,39,quantile,0.99,188.15326554441057
2024-07-20,wk inc flu hosp,2,2024-08-03,40,quantile,0.01,0
2024-07-20,wk inc flu hosp,2,2024-08-03,40,quantile,0.025,0
2024-07-20,wk inc flu hosp,2,2024-08-03,40,quantile,0.05,0
2024-07-20,wk inc flu hosp,2,2024-08-03,40,quantile,0.1,0
2024-07-20,wk inc flu hosp,2,2024-08-03,40,quantile,0.15,0
2024-07-20,wk inc flu hosp,2,2024-08-03,40,quantile,0.2,0.12691488432670248
2024-07-20,wk inc flu hosp,2,2024-08-03,40,quantile,0.25,0.2709096987258932
2024-07-20,wk inc flu hosp,2,2024-08-03,40,quantile,0.3,0.5585447494410959
2024-07-20,wk inc flu hosp,2,2024-08-03,40,quantile,0.35,1.3764307010249102
2024-07-20,wk inc flu hosp,2,2024-08-03,40,quantile,0.4,2.230644109347369
2024-07-20,wk inc flu hosp,2,2024-08-03,40,quantile,0.45,3.3809263021618885
2024-07-20,wk inc flu hosp,2,2024-08-03,40,quantile,0.5,4.292096262185657
2024-07-20,wk inc flu hosp,2,2024-08-03,40,quantile,0.55,5.231039835748095
2024-07-20,wk inc flu hosp,2,2024-08-03,40,quantile,0.6,6.203375094991887
2024-07-20,wk inc flu hosp,2,2024-08-03,40,quantile,0.65,8.130966224200902
2024-07-20,wk inc flu hosp,2,2024-08-03,40,quantile,0.7,14.371856981604488
2024-07-20,wk inc flu hosp,2,2024-08-03,40,quantile,0.75,22.34596456839302
2024-07-20,wk inc flu hosp,2,2024-08-03,40,quantile,0.8,30.972377350748136
2024-07-20,wk inc flu hosp,2,2024-08-03,40,quantile,0.85,40.66220007083972
2024-07-20,wk inc flu hosp,2,2024-08-03,40,quantile,0.9,56.34048549349055
2024-07-20,wk inc flu hosp,2,2024-08-03,40,quantile,0.95,80.48143891989156
2024-07-20,wk inc flu hosp,2,2024-08-03,40,quantile,0.975,103.80082072233179
2024-07-20,wk inc flu hosp,2,2024-08-03,40,quantile,0.99,123.96940442888156
2024-07-20,wk inc flu hosp,2,2024-08-03,41,quantile,0.01,0
2024-07-20,wk inc flu hosp,2,2024-08-03,41,quantile,0.025,0
2024-07-20,wk inc flu hosp,2,2024-08-03,41,quantile,0.05,0
2024-07-20,wk inc flu hosp,2,2024-08-03,41,quantile,0.1,0
2024-07-20,wk inc flu hosp,2,2024-08-03,41,quantile,0.15,0
2024-07-20,wk inc flu hosp,2,2024-08-03,41,quantile,0.2,0
2024-07-20,wk inc flu hosp,2,2024-08-03,41,quantile,0.25,0.05883568995975886
2024-07-20,wk inc flu hosp,2,2024-08-03,41,quantile,0.3,0.1299071637657511
2024-07-20,wk inc flu hosp,2,2024-08-03,41,quantile,0.35,0.2009786375717433
2024-07-20,wk inc flu hosp,2,2024-08-03,41,quantile,0.4,0.27892119889007577
2024-07-20,wk inc flu hosp,2,2024-08-03,41,quantile,0.45,0.8488088885370566
2024-07-20,wk inc flu hosp,2,2024-08-03,41,quantile,0.5,1.511868626718047
2024-07-20,wk inc flu hosp,2,2024-08-03,41,quantile,0.55,2.3625070309884983
2024-07-20,wk inc flu hosp,2,2024-08-03,41,quantile,0.6,4.2176198678890096
2024-07-20,wk inc flu hosp,2,2024-08-03,41,quantile,0.65,7.424424590290764
2024-07-20,wk inc flu hosp,2,2024-08-03,41,quantile,0.7,11.270889978454633
2024-07-20,wk inc flu hosp,2,2024-08-03,41,quantile,0.75,15.46476995686078
2024-07-20,wk inc flu hosp,2,2024-08-03,41,quantile,0.8,20.48561588785378
2024-07-20,wk inc flu hosp,2,2024-08-03,41,quantile,0.85,26.900217712928473
2024-07-20,wk inc flu hosp,2,2024-08-03,41,quantile,0.9,35.286076433470356
2024-07-20,wk inc flu hosp,2,2024-08-03,41,quantile,0.95,48.36291451525769
2024-07-20,wk inc flu hosp,2,2024-08-03,41,quantile,0.975,63.907490900995946
2024-07-20,wk inc flu hosp,2,2024-08-03,41,quantile,0.99,87.22643532457187
2024-07-20,wk inc flu hosp,2,2024-08-03,42,quantile,0.01,0
2024-07-20,wk inc flu hosp,2,2024-08-03,42,quantile,0.025,0
2024-07-20,wk inc flu hosp,2,2024-08-03,42,quantile,0.05,0
2024-07-20,wk inc flu hosp,2,2024-08-03,42,quantile,0.1,2.93500000405974
2024-07-20,wk inc flu hosp,2,2024-08-03,42,quantile,0.15,7.065817299405612
2024-07-20,wk inc flu hosp,2,2024-08-03,42,quantile,0.2,15.244703182415845
2024-07-20,wk inc flu hosp,2,2024-08-03,42,quantile,0.25,19.84845587829783
2024-07-20,wk inc flu hosp,2,2024-08-03,42,quantile,0.3,24.967897174246843
2024-07-20,wk inc flu hosp,2,2024-08-03,42,quantile,0.35,30.467094427773844
2024-07-20,wk inc flu hosp,2,2024-08-03,42,quantile,0.4,33.47504047682894
2024-07-20,wk inc flu hosp,2,2024-08-03,42,quantile,0.45,36.090674995520324
2024-07-20,wk inc flu hosp,2,2024-08-03,42,quantile,0.5,39.98403525088871
2024-07-20,wk inc flu hosp,2,2024-08-03,42,quantile,0.55,44.246571541008095
2024-07-20,wk inc flu hosp,2,2024-08-03,42,quantile,0.6,48.54862875579847
2024-07-20,wk inc flu hosp,2,2024-08-03,42,quantile,0.65,54.17997777831921
2024-07-20,wk inc flu hosp,2,2024-08-03,42,quantile,0.7,62.1648279736637
2024-07-20,wk inc flu hosp,2,2024-08-03,42,quantile,0.75,72.38171063115782
2024-07-20,wk inc flu hosp,2,2024-08-03,42,quantile,0.8,84.32258071369043
2024-07-20,wk inc flu hosp,2,2024-08-03,42,quantile,0.85,98.55459174393586
2024-07-20,wk inc flu hosp,2,2024-08-03,42,quantile,0.9,116.51156522156892
2024-07-20,wk inc flu hosp,2,2024-08-03,42,quantile,0.95,150.81181679667907
2024-07-20,wk inc flu hosp,2,2024-08-03,42,quantile,0.975,201.1384047687094
2024-07-20,wk inc flu hosp,2,2024-08-03,42,quantile,0.99,313.9633494832363
2024-07-20,wk inc flu hosp,2,2024-08-03,44,quantile,0.01,0
2024-07-20,wk inc flu hosp,2,2024-08-03,44,quantile,0.025,0
2024-07-20,wk inc flu hosp,2,2024-08-03,44,quantile,0.05,0
2024-07-20,wk inc flu hosp,2,2024-08-03,44,quantile,0.1,0
2024-07-20,wk inc flu hosp,2,2024-08-03,44,quantile,0.15,0
2024-07-20,wk inc flu hosp,2,2024-08-03,44,quantile,0.2,0
2024-07-20,wk inc flu hosp,2,2024-08-03,44,quantile,0.25,0
2024-07-20,wk inc flu hosp,2,2024-08-03,44,quantile,0.3,0.007433840298023537
2024-07-20,wk inc flu hosp,2,2024-08-03,44,quantile,0.35,0.015275196873435128
2024-07-20,wk inc flu hosp,2,2024-08-03,44,quantile,0.4,0.023116553448846725
2024-07-20,wk inc flu hosp,2,2024-08-03,44,quantile,0.45,0.035853719459365524
2024-07-20,wk inc flu hosp,2,2024-08-03,44,quantile,0.5,0.12479675575536558
2024-07-20,wk inc flu hosp,2,2024-08-03,44,quantile,0.55,0.30045181743637184
2024-07-20,wk inc flu hosp,2,2024-08-03,44,quantile,0.6,0.5612363653918455
2024-07-20,wk inc flu hosp,2,2024-08-03,44,quantile,0.65,0.8220618242185334
2024-07-20,wk inc flu hosp,2,2024-08-03,44,quantile,0.7,1.0809295738120892
2024-07-20,wk inc flu hosp,2,2024-08-03,44,quantile,0.75,2.4576128868466447
2024-07-20,wk inc flu hosp,2,2024-08-03,44,quantile,0.8,4.213115530501009
2024-07-20,wk inc flu hosp,2,2024-08-03,44,quantile,0.85,6.34175444785497
2024-07-20,wk inc flu hosp,2,2024-08-03,44,quantile,0.9,8.966233576105669
2024-07-20,wk inc flu hosp,2,2024-08-03,44,quantile,0.95,13.013159218067711
2024-07-20,wk inc flu hosp,2,2024-08-03,44,quantile,0.975,16.814292354450853
2024-07-20,wk inc flu hosp,2,2024-08-03,44,quantile,0.99,20.550314215250133
2024-07-20,wk inc flu hosp,2,2024-08-03,45,quantile,0.01,0
2024-07-20,wk inc flu hosp,2,2024-08-03,45,quantile,0.025,0
2024-07-20,wk inc flu hosp,2,2024-08-03,45,quantile,0.05,0
2024-07-20,wk inc flu hosp,2,2024-08-03,45,quantile,0.1,0.06145184326851216
2024-07-20,wk inc flu hosp,2,2024-08-03,45,quantile,0.15,0.2299396540527388
2024-07-20,wk inc flu hosp,2,2024-08-03,45,quantile,0.2,0.6850634114828498
2024-07-20,wk inc flu hosp,2,2024-08-03,45,quantile,0.25,4.9131909552301485
2024-07-20,wk inc flu hosp,2,2024-08-03,45,quantile,0.3,8.19766601344387
2024-07-20,wk inc flu hosp,2,2024-08-03,45,quantile,0.35,10.35561109356194
2024-07-20,wk inc flu hosp,2,2024-08-03,45,quantile,0.4,12.616282793057609
2024-07-20,wk inc flu hosp,2,2024-08-03,45,quantile,0.45,14.639308047982713
2024-07-20,wk inc flu hosp,2,2024-08-03,45,quantile,0.5,15.959533592268663
2024-07-20,wk inc flu hosp,2,2024-08-03,45,quantile,0.55,17.806566177831108
2024-07-20,wk inc flu hosp,2,2024-08-03,45,quantile,0.6,20.106650295214607
2024-07-20,wk inc flu hosp,2,2024-08-03,45,quantile,0.65,22.994445789754987
2024-07-20,wk inc flu hosp,2,2024-08-03,45,quantile,0.7,25.929589214482096
2024-07-20,wk inc flu hosp,2,2024-08-03,45,quantile,0.75,30.437202287446116
2024-07-20,wk inc flu hosp,2,2024-08-03,45,quantile,0.8,36.16401773721697
2024-07-20,wk inc flu hosp,2,2024-08-03,45,quantile,0.85,44.02315301738632
2024-07-20,wk inc flu hosp,2,2024-08-03,45,quantile,0.9,54.237647028098095
2024-07-20,wk inc flu hosp,2,2024-08-03,45,quantile,0.95,72.59068401146581
2024-07-20,wk inc flu hosp,2,2024-08-03,45,quantile,0.975,90.15746775821532
2024-07-20,wk inc flu hosp,2,2024-08-03,45,quantile,0.99,116.82909812279534
2024-07-20,wk inc flu hosp,2,2024-08-03,46,quantile,0.01,0
2024-07-20,wk inc flu hosp,2,2024-08-03,46,quantile,0.025,0
2024-07-20,wk inc flu hosp,2,2024-08-03,46,quantile,0.05,0
2024-07-20,wk inc flu hosp,2,2024-08-03,46,quantile,0.1,0
2024-07-20,wk inc flu hosp,2,2024-08-03,46,quantile,0.15,0
2024-07-20,wk inc flu hosp,2,2024-08-03,46,quantile,0.2,0
2024-07-20,wk inc flu hosp,2,2024-08-03,46,quantile,0.25,0.01636459270919081
2024-07-20,wk inc flu hosp,2,2024-08-03,46,quantile,0.3,0.03691618634063748
2024-07-20,wk inc flu hosp,2,2024-08-03,46,quantile,0.35,0.05746777997208415
2024-07-20,wk inc flu hosp,2,2024-08-03,46,quantile,0.4,0.14479803223514606
2024-07-20,wk inc flu hosp,2,2024-08-03,46,quantile,0.45,0.345674774159413
2024-07-20,wk inc flu hosp,2,2024-08-03,46,quantile,0.5,0.5837840351008545
2024-07-20,wk inc flu hosp,2,2024-08-03,46,quantile,0.55,0.8557455203349973
2024-07-20,wk inc flu hosp,2,2024-08-03,46,quantile,0.6,1.645700818129159
2024-07-20,wk inc flu hosp,2,2024-08-03,46,quantile,0.65,2.9963584081940184
2024-07-20,wk inc flu hosp,2,2024-08-03,46,quantile,0.7,4.377214198642583
2024-07-20,wk inc flu hosp,2,2024-08-03,46,quantile,0.75,6.014873405547943
2024-07-20,wk inc flu hosp,2,2024-08-03,46,quantile,0.8,7.653653575356914
2024-07-20,wk inc flu hosp,2,2024-08-03,46,quantile,0.85,9.838840395340858
2024-07-20,wk inc flu hosp,2,2024-08-03,46,quantile,0.9,12.67485312762714
2024-07-20,wk inc flu hosp,2,2024-08-03,46,quantile,0.95,17.649453753908194
2024-07-20,wk inc flu hosp,2,2024-08-03,46,quantile,0.975,22.81868905212584
2024-07-20,wk inc flu hosp,2,2024-08-03,46,quantile,0.99,30.322263534373516
2024-07-20,wk inc flu hosp,2,2024-08-03,47,quantile,0.01,0
2024-07-20,wk inc flu hosp,2,2024-08-03,47,quantile,0.025,0
2024-07-20,wk inc flu hosp,2,2024-08-03,47,quantile,0.05,0
2024-07-20,wk inc flu hosp,2,2024-08-03,47,quantile,0.1,0
2024-07-20,wk inc flu hosp,2,2024-08-03,47,quantile,0.15,0.7385781776078492
2024-07-20,wk inc flu hosp,2,2024-08-03,47,quantile,0.2,1.5525260639267373
2024-07-20,wk inc flu hosp,2,2024-08-03,47,quantile,0.25,2.805728473381185
2024-07-20,wk inc flu hosp,2,2024-08-03,47,quantile,0.3,3.9286841134594
2024-07-20,wk inc flu hosp,2,2024-08-03,47,quantile,0.35,6.600421999504936
2024-07-20,wk inc flu hosp,2,2024-08-03,47,quantile,0.4,9.997136653520078
2024-07-20,wk inc flu hosp,2,2024-08-03,47,quantile,0.45,12.467504421818248
2024-07-20,wk inc flu hosp,2,2024-08-03,47,quantile,0.5,14.298480632423024
2024-07-20,wk inc flu hosp,2,2024-08-03,47,quantile,0.55,17.181746398536053
2024-07-20,wk inc flu hosp,2,2024-08-03,47,quantile,0.6,21.434749796180686
2024-07-20,wk inc flu hosp,2,2024-08-03,47,quantile,0.65,24.47191813152113
2024-07-20,wk inc flu hosp,2,2024-08-03,47,quantile,0.7,27.758245510332944
2024-07-20,wk inc flu hosp,2,2024-08-03,47,quantile,0.75,31.364765574534747
2024-07-20,wk inc flu hosp,2,2024-08-03,47,quantile,0.8,38.88600488682431
2024-07-20,wk inc flu hosp,2,2024-08-03,47,quantile,0.85,48.67774462629662
2024-07-20,wk inc flu hosp,2,2024-08-03,47,quantile,0.9,61.69384617285895
2024-07-20,wk inc flu hosp,2,2024-08-03,47,quantile,0.95,81.39584484065068
2024-07-20,wk inc flu hosp,2,2024-08-03,47,quantile,0.975,100.61399055375786
2024-07-20,wk inc flu hosp,2,2024-08-03,47,quantile,0.99,129.0929585005297
2024-07-20,wk inc flu hosp,2,2024-08-03,48,quantile,0.01,0
2024-07-20,wk inc flu hosp,2,2024-08-03,48,quantile,0.025,0
2024-07-20,wk inc flu hosp,2,2024-08-03,48,quantile,0.05,0
2024-07-20,wk inc flu hosp,2,2024-08-03,48,quantile,0.1,0.11436466408075419
2024-07-20,wk inc flu hosp,2,2024-08-03,48,quantile,0.15,0.5807228824418346
2024-07-20,wk inc flu hosp,2,2024-08-03,48,quantile,0.2,1.1207421920874205
2024-07-20,wk inc flu hosp,2,2024-08-03,48,quantile,0.25,1.723295994935067
2024-07-20,wk inc flu hosp,2,2024-08-03,48,quantile,0.3,2.352163861479636
2024-07-20,wk inc flu hosp,2,2024-08-03,48,quantile,0.35,3.2606643253847034
2024-07-20,wk inc flu hosp,2,2024-08-03,48,quantile,0.4,4.437387226092069
2024-07-20,wk inc flu hosp,2,2024-08-03,48,quantile,0.45,7.378084779938001
2024-07-20,wk inc flu hosp,2,2024-08-03,48,quantile,0.5,14.616400047778495
2024-07-20,wk inc flu hosp,2,2024-08-03,48,quantile,0.55,25.984928165629096
2024-07-20,wk inc flu hosp,2,2024-08-03,48,quantile,0.6,39.32042760396218
2024-07-20,wk inc flu hosp,2,2024-08-03,48,quantile,0.65,51.881487439627676
2024-07-20,wk inc flu hosp,2,2024-08-03,48,quantile,0.7,65.88275957214947
2024-07-20,wk inc flu hosp,2,2024-08-03,48,quantile,0.75,80.76466397942832
2024-07-20,wk inc flu hosp,2,2024-08-03,48,quantile,0.8,97.64356542938846
2024-07-20,wk inc flu hosp,2,2024-08-03,48,quantile,0.85,118.2054290649823
2024-07-20,wk inc flu hosp,2,2024-08-03,48,quantile,0.9,147.22633281586957
2024-07-20,wk inc flu hosp,2,2024-08-03,48,quantile,0.95,205.92832008569147
2024-07-20,wk inc flu hosp,2,2024-08-03,48,quantile,0.975,288.70853206082967
2024-07-20,wk inc flu hosp,2,2024-08-03,48,quantile,0.99,483.25251606039086
2024-07-20,wk inc flu hosp,2,2024-08-03,49,quantile,0.01,0
2024-07-20,wk inc flu hosp,2,2024-08-03,49,quantile,0.025,0
2024-07-20,wk inc flu hosp,2,2024-08-03,49,quantile,0.05,0
2024-07-20,wk inc flu hosp,2,2024-08-03,49,quantile,0.1,0
2024-07-20,wk inc flu hosp,2,2024-08-03,49,quantile,0.15,0
2024-07-20,wk inc flu hosp,2,2024-08-03,49,quantile,0.2,0
2024-07-20,wk inc flu hosp,2,2024-08-03,49,quantile,0.25,0.030677537904560067
2024-07-20,wk inc flu hosp,2,2024-08-03,49,quantile,0.3,0.07094202796424053
2024-07-20,wk inc flu hosp,2,2024-08-03,49,quantile,0.35,0.1486009516156029
2024-07-20,wk inc flu hosp,2,2024-08-03,49,quantile,0.4,0.24972884100647003
2024-07-20,wk inc flu hosp,2,2024-08-03,49,quantile,0.45,0.3411382775703006
2024-07-20,wk inc flu hosp,2,2024-08-03,49,quantile,0.5,0.4454978002353669
2024-07-20,wk inc flu hosp,2,2024-08-03,49,quantile,0.55,0.661813381767326
2024-07-20,wk inc flu hosp,2,2024-08-03,49,quantile,0.6,1.0515784027942805
2024-07-20,wk inc flu hosp,2,2024-08-03,49,quantile,0.65,1.4308914182740424
2024-07-20,wk inc flu hosp,2,2024-08-03,49,quantile,0.7,3.3248472351624176
2024-07-20,wk inc flu hosp,2,2024-08-03,49,quantile,0.75,6.0103275481353
2024-07-20,wk inc flu hosp,2,2024-08-03,49,quantile,0.8,10.346128287985746
2024-07-20,wk inc flu hosp,2,2024-08-03,49,quantile,0.85,15.425670021876584
2024-07-20,wk inc flu hosp,2,2024-08-03,49,quantile,0.9,21.825128853875825
2024-07-20,wk inc flu hosp,2,2024-08-03,49,quantile,0.95,31.879311455495056
2024-07-20,wk inc flu hosp,2,2024-08-03,49,quantile,0.975,40.81458300338906
2024-07-20,wk inc flu hosp,2,2024-08-03,49,quantile,0.99,50.98724631927914
2024-07-20,wk inc flu hosp,2,2024-08-03,50,quantile,0.01,0
2024-07-20,wk inc flu hosp,2,2024-08-03,50,quantile,0.025,0
2024-07-20,wk inc flu hosp,2,2024-08-03,50,quantile,0.05,0
2024-07-20,wk inc flu hosp,2,2024-08-03,50,quantile,0.1,0
2024-07-20,wk inc flu hosp,2,2024-08-03,50,quantile,0.15,0
2024-07-20,wk inc flu hosp,2,2024-08-03,50,quantile,0.2,0
2024-07-20,wk inc flu hosp,2,2024-08-03,50,quantile,0.25,0.007156760490061946
2024-07-20,wk inc flu hosp,2,2024-08-03,50,quantile,0.3,0.02470364286336016
2024-07-20,wk inc flu hosp,2,2024-08-03,50,quantile,0.35,0.05949319271466589
2024-07-20,wk inc flu hosp,2,2024-08-03,50,quantile,0.4,0.10699398578206827
2024-07-20,wk inc flu hosp,2,2024-08-03,50,quantile,0.45,0.1551512533481014
2024-07-20,wk inc flu hosp,2,2024-08-03,50,quantile,0.5,0.21344697633300772
2024-07-20,wk inc flu hosp,2,2024-08-03,50,quantile,0.55,0.2885081381403979
2024-07-20,wk inc flu hosp,2,2024-08-03,50,quantile,0.6,0.4185480763133623
2024-07-20,wk inc flu hosp,2,2024-08-03,50,quantile,0.65,0.7334311448194514
2024-07-20,wk inc flu hosp,2,2024-08-03,50,quantile,0.7,1.3002982429761036
2024-07-20,wk inc flu hosp,2,2024-08-03,50,quantile,0.75,1.911096708592211
2024-07-20,wk inc flu hosp,2,2024-08-03,50,quantile,0.8,2.598007253239477
2024-07-20,wk inc flu hosp,2,2024-08-03,50,quantile,0.85,3.585646859197318
2024-07-20,wk inc flu hosp,2,2024-08-03,50,quantile,0.9,4.9188167374290375
2024-07-20,wk inc flu hosp,2,2024-08-03,50,quantile,0.95,7.368550251334368
2024-07-20,wk inc flu hosp,2,2024-08-03,50,quantile,0.975,10.229268474361403
2024-07-20,wk inc flu hosp,2,2024-08-03,50,quantile,0.99,13.822703179525483
2024-07-20,wk inc flu hosp,2,2024-08-03,51,quantile,0.01,0
2024-07-20,wk inc flu hosp,2,2024-08-03,51,quantile,0.025,0
2024-07-20,wk inc flu hosp,2,2024-08-03,51,quantile,0.05,0
2024-07-20,wk inc flu hosp,2,2024-08-03,51,quantile,0.1,0.07037810937607719
2024-07-20,wk inc flu hosp,2,2024-08-03,51,quantile,0.15,0.2432332931493067
2024-07-20,wk inc flu hosp,2,2024-08-03,51,quantile,0.2,1.7434651260901846
2024-07-20,wk inc flu hosp,2,2024-08-03,51,quantile,0.25,8.90706439931313
2024-07-20,wk inc flu hosp,2,2024-08-03,51,quantile,0.3,14.694332694064565
2024-07-20,wk inc flu hosp,2,2024-08-03,51,quantile,0.35,17.289522358250423
2024-07-20,wk inc flu hosp,2,2024-08-03,51,quantile,0.4,20.92263142536084
2024-07-20,wk inc flu hosp,2,2024-08-03,51,quantile,0.45,22.997957572994977
2024-07-20,wk inc flu hosp,2,2024-08-03,51,quantile,0.5,24.39377695921596
2024-07-20,wk inc flu hosp,2,2024-08-03,51,quantile,0.55,26.61597762562567
2024-07-20,wk inc flu hosp,2,2024-08-03,51,quantile,0.6,30.005677127520215
2024-07-20,wk inc flu hosp,2,2024-08-03,51,quantile,0.65,33.77230087781322
2024-07-20,wk inc flu hosp,2,2024-08-03,51,quantile,0.7,38.58158896637194
2024-07-20,wk inc flu hosp,2,2024-08-03,51,quantile,0.75,43.211778699017415
2024-07-20,wk inc flu hosp,2,2024-08-03,51,quantile,0.8,50.111372965442946
2024-07-20,wk inc flu hosp,2,2024-08-03,51,quantile,0.85,59.682350820650214
2024-07-20,wk inc flu hosp,2,2024-08-03,51,quantile,0.9,74.67076213431088
2024-07-20,wk inc flu hosp,2,2024-08-03,51,quantile,0.95,101.49537055402469
2024-07-20,wk inc flu hosp,2,2024-08-03,51,quantile,0.975,125.50931540833308
2024-07-20,wk inc flu hosp,2,2024-08-03,51,quantile,0.99,157.39830216064644
2024-07-20,wk inc flu hosp,2,2024-08-03,53,quantile,0.01,0
2024-07-20,wk inc flu hosp,2,2024-08-03,53,quantile,0.025,0
2024-07-20,wk inc flu hosp,2,2024-08-03,53,quantile,0.05,0
2024-07-20,wk inc flu hosp,2,2024-08-03,53,quantile,0.1,0.2591340310314602
2024-07-20,wk inc flu hosp,2,2024-08-03,53,quantile,0.15,0.8765223184284758
2024-07-20,wk inc flu hosp,2,2024-08-03,53,quantile,0.2,1.6959435145179966
2024-07-20,wk inc flu hosp,2,2024-08-03,53,quantile,0.25,3.9752695637787627
2024-07-20,wk inc flu hosp,2,2024-08-03,53,quantile,0.3,7.197245004324588
2024-07-20,wk inc flu hosp,2,2024-08-03,53,quantile,0.35,9.295277004895334
2024-07-20,wk inc flu hosp,2,2024-08-03,53,quantile,0.4,10.405223532634789
2024-07-20,wk inc flu hosp,2,2024-08-03,53,quantile,0.45,11.70749317384835
2024-07-20,wk inc flu hosp,2,2024-08-03,53,quantile,0.5,13.580061463860687
2024-07-20,wk inc flu hosp,2,2024-08-03,53,quantile,0.55,15.873671008366028
2024-07-20,wk inc flu hosp,2,2024-08-03,53,quantile,0.6,18.676302221115463
2024-07-20,wk inc flu hosp,2,2024-08-03,53,quantile,0.65,21.8930970592318
2024-07-20,wk inc flu hosp,2,2024-08-03,53,quantile,0.7,26.892764971712424
2024-07-20,wk inc flu hosp,2,2024-08-03,53,quantile,0.75,33.848839357483655
2024-07-20,wk inc flu hosp,2,2024-08-03,53,quantile,0.8,41.28336684318092
2024-07-20,wk inc flu hosp,2,2024-08-03,53,quantile,0.85,50.560437109365544
2024-07-20,wk inc flu hosp,2,2024-08-03,53,quantile,0.9,61.97034803698726
2024-07-20,wk inc flu hosp,2,2024-08-03,53,quantile,0.95,79.67671499346994
2024-07-20,wk inc flu hosp,2,2024-08-03,53,quantile,0.975,97.12947357613857
2024-07-20,wk inc flu hosp,2,2024-08-03,53,quantile,0.99,120.18651605289706
2024-07-20,wk inc flu hosp,2,2024-08-03,54,quantile,0.01,0
2024-07-20,wk inc flu hosp,2,2024-08-03,54,quantile,0.025,0
2024-07-20,wk inc flu hosp,2,2024-08-03,54,quantile,0.05,0
2024-07-20,wk inc flu hosp,2,2024-08-03,54,quantile,0.1,0
2024-07-20,wk inc flu hosp,2,2024-08-03,54,quantile,0.15,0
2024-07-20,wk inc flu hosp,2,2024-08-03,54,quantile,0.2,0.02247816674175238
2024-07-20,wk inc flu hosp,2,2024-08-03,54,quantile,0.25,0.05728675126419507
2024-07-20,wk inc flu hosp,2,2024-08-03,54,quantile,0.3,0.10138346843737468
2024-07-20,wk inc flu hosp,2,2024-08-03,54,quantile,0.35,0.19358148449380494
2024-07-20,wk inc flu hosp,2,2024-08-03,54,quantile,0.4,0.304083239120474
2024-07-20,wk inc flu hosp,2,2024-08-03,54,quantile,0.45,0.49300416960743715
2024-07-20,wk inc flu hosp,2,2024-08-03,54,quantile,0.5,0.8212257334412997
2024-07-20,wk inc flu hosp,2,2024-08-03,54,quantile,0.55,1.0943990189997652
2024-07-20,wk inc flu hosp,2,2024-08-03,54,quantile,0.6,1.670918868951164
2024-07-20,wk inc flu hosp,2,2024-08-03,54,quantile,0.65,3.3150163632383545
2024-07-20,wk inc flu hosp,2,2024-08-03,54,quantile,0.7,5.0309592221399
2024-07-20,wk inc flu hosp,2,2024-08-03,54,quantile,0.75,7.623135306109353
2024-07-20,wk inc flu hosp,2,2024-08-03,54,quantile,0.8,10.258485706785878
2024-07-20,wk inc flu hosp,2,2024-08-03,54,quantile,0.85,13.907608931455023
2024-07-20,wk inc flu hosp,2,2024-08-03,54,quantile,0.9,18.946732459092868
2024-07-20,wk inc flu hosp,2,2024-08-03,54,quantile,0.95,26.448709015821944
2024-07-20,wk inc flu hosp,2,2024-08-03,54,quantile,0.975,33.86294752152921
2024-07-20,wk inc flu hosp,2,2024-08-03,54,quantile,0.99,42.769940956639296
2024-07-20,wk inc flu hosp,2,2024-08-03,55,quantile,0.01,0
2024-07-20,wk inc flu hosp,2,2024-08-03,55,quantile,0.025,0
2024-07-20,wk inc flu hosp,2,2024-08-03,55,quantile,0.05,0
2024-07-20,wk inc flu hosp,2,2024-08-03,55,quantile,0.1,0
2024-07-20,wk inc flu hosp,2,2024-08-03,55,quantile,0.15,0
2024-07-20,wk inc flu hosp,2,2024-08-03,55,quantile,0.2,0.24184203778647245
2024-07-20,wk inc flu hosp,2,2024-08-03,55,quantile,0.25,0.5805906878055546
2024-07-20,wk inc flu hosp,2,2024-08-03,55,quantile,0.3,0.9081129086471447
2024-07-20,wk inc flu hosp,2,2024-08-03,55,quantile,0.35,1.2826055597576531
2024-07-20,wk inc flu hosp,2,2024-08-03,55,quantile,0.4,1.5398351138287134
2024-07-20,wk inc flu hosp,2,2024-08-03,55,quantile,0.45,1.9737335923505435
2024-07-20,wk inc flu hosp,2,2024-08-03,55,quantile,0.5,2.6761403733970184
2024-07-20,wk inc flu hosp,2,2024-08-03,55,quantile,0.55,3.17397018657851
2024-07-20,wk inc flu hosp,2,2024-08-03,55,quantile,0.6,4.07648518796646
2024-07-20,wk inc flu hosp,2,2024-08-03,55,quantile,0.65,5.131553371705754
2024-07-20,wk inc flu hosp,2,2024-08-03,55,quantile,0.7,9.83658622056171
2024-07-20,wk inc flu hosp,2,2024-08-03,55,quantile,0.75,18.34763506470725
2024-07-20,wk inc flu hosp,2,2024-08-03,55,quantile,0.8,28.814829849735204
2024-07-20,wk inc flu hosp,2,2024-08-03,55,quantile,0.85,40.58563675637545
2024-07-20,wk inc flu hosp,2,2024-08-03,55,quantile,0.9,55.95905583025975
2024-07-20,wk inc flu hosp,2,2024-08-03,55,quantile,0.95,78.13517446050182
2024-07-20,wk inc flu hosp,2,2024-08-03,55,quantile,0.975,95.9585329009811
2024-07-20,wk inc flu hosp,2,2024-08-03,55,quantile,0.99,118.0093220023963
2024-07-20,wk inc flu hosp,2,2024-08-03,56,quantile,0.01,0
2024-07-20,wk inc flu hosp,2,2024-08-03,56,quantile,0.025,0
2024-07-20,wk inc flu hosp,2,2024-08-03,56,quantile,0.05,0
2024-07-20,wk inc flu hosp,2,2024-08-03,56,quantile,0.1,0.0069936357582537365
2024-07-20,wk inc flu hosp,2,2024-08-03,56,quantile,0.15,0.040102248771218305
2024-07-20,wk inc flu hosp,2,2024-08-03,56,quantile,0.2,0.07918290541284463
2024-07-20,wk inc flu hosp,2,2024-08-03,56,quantile,0.25,0.1797142868411393
2024-07-20,wk inc flu hosp,2,2024-08-03,56,quantile,0.3,0.35187077041075515
2024-07-20,wk inc flu hosp,2,2024-08-03,56,quantile,0.35,0.566436576163557
2024-07-20,wk inc flu hosp,2,2024-08-03,56,quantile,0.4,0.8802755308609586
2024-07-20,wk inc flu hosp,2,2024-08-03,56,quantile,0.45,0.9891617290538428
2024-07-20,wk inc flu hosp,2,2024-08-03,56,quantile,0.5,1.173228362035198
2024-07-20,wk inc flu hosp,2,2024-08-03,56,quantile,0.55,1.5009212927409963
2024-07-20,wk inc flu hosp,2,2024-08-03,56,quantile,0.6,2.0466046192185234
2024-07-20,wk inc flu hosp,2,2024-08-03,56,quantile,0.65,2.552309411543267
2024-07-20,wk inc flu hosp,2,2024-08-03,56,quantile,0.7,3.099249085019657
2024-07-20,wk inc flu hosp,2,2024-08-03,56,quantile,0.75,3.687685656777032
2024-07-20,wk inc flu hosp,2,2024-08-03,56,quantile,0.8,4.3720877447347615
2024-07-20,wk inc flu hosp,2,2024-08-03,56,quantile,0.85,5.170370847708555
2024-07-20,wk inc flu hosp,2,2024-08-03,56,quantile,0.9,6.219324189870526
2024-07-20,wk inc flu hosp,2,2024-08-03,56,quantile,0.95,7.802931478876418
2024-07-20,wk inc flu hosp,2,2024-08-03,56,quantile,0.975,9.544392932494915
2024-07-20,wk inc flu hosp,2,2024-08-03,56,quantile,0.99,12.045611445001697
2024-07-20,wk inc flu hosp,2,2024-08-03,72,quantile,0.01,0
2024-07-20,wk inc flu hosp,2,2024-08-03,72,quantile,0.025,0
2024-07-20,wk inc flu hosp,2,2024-08-03,72,quantile,0.05,0
2024-07-20,wk inc flu hosp,2,2024-08-03,72,quantile,0.1,0.08190716492630014
2024-07-20,wk inc flu hosp,2,2024-08-03,72,quantile,0.15,0.43574502404689847
2024-07-20,wk inc flu hosp,2,2024-08-03,72,quantile,0.2,1.2348582886697823
2024-07-20,wk inc flu hosp,2,2024-08-03,72,quantile,0.25,3.0528597928830226
2024-07-20,wk inc flu hosp,2,2024-08-03,72,quantile,0.3,5.774746998479129
2024-07-20,wk inc flu hosp,2,2024-08-03,72,quantile,0.35,7.809991673750923
2024-07-20,wk inc flu hosp,2,2024-08-03,72,quantile,0.4,9.44611103566968
2024-07-20,wk inc flu hosp,2,2024-08-03,72,quantile,0.45,10.598295149080787
2024-07-20,wk inc flu hosp,2,2024-08-03,72,quantile,0.5,11.528269939254505
2024-07-20,wk inc flu hosp,2,2024-08-03,72,quantile,0.55,13.36998966221096
2024-07-20,wk inc flu hosp,2,2024-08-03,72,quantile,0.6,15.095504423008713
2024-07-20,wk inc flu hosp,2,2024-08-03,72,quantile,0.65,18.113334293726346
2024-07-20,wk inc flu hosp,2,2024-08-03,72,quantile,0.7,21.874529746069076
2024-07-20,wk inc flu hosp,2,2024-08-03,72,quantile,0.75,24.758968793214855
2024-07-20,wk inc flu hosp,2,2024-08-03,72,quantile,0.8,28.468751942624493
2024-07-20,wk inc flu hosp,2,2024-08-03,72,quantile,0.85,32.57405166614791
2024-07-20,wk inc flu hosp,2,2024-08-03,72,quantile,0.9,40.682722632882204
2024-07-20,wk inc flu hosp,2,2024-08-03,72,quantile,0.95,54.91679182249949
2024-07-20,wk inc flu hosp,2,2024-08-03,72,quantile,0.975,66.51011986092786
2024-07-20,wk inc flu hosp,2,2024-08-03,72,quantile,0.99,78.8985611319371
2024-07-20,wk inc flu hosp,2,2024-08-03,US,quantile,0.01,0
2024-07-20,wk inc flu hosp,2,2024-08-03,US,quantile,0.025,0
2024-07-20,wk inc flu hosp,2,2024-08-03,US,quantile,0.05,1.6280138843140741
2024-07-20,wk inc flu hosp,2,2024-08-03,US,quantile,0.1,16.462345756393972
2024-07-20,wk inc flu hosp,2,2024-08-03,US,quantile,0.15,39.94115210108476
2024-07-20,wk inc flu hosp,2,2024-08-03,US,quantile,0.2,67.63500419389553
2024-07-20,wk inc flu hosp,2,2024-08-03,US,quantile,0.25,90.22820919526055
2024-07-20,wk inc flu hosp,2,2024-08-03,US,quantile,0.3,114.82526771321544
2024-07-20,wk inc flu hosp,2,2024-08-03,US,quantile,0.35,132.69859447501042
2024-07-20,wk inc flu hosp,2,2024-08-03,US,quantile,0.4,159.99016132878955
2024-07-20,wk inc flu hosp,2,2024-08-03,US,quantile,0.45,187.56357011534018
2024-07-20,wk inc flu hosp,2,2024-08-03,US,quantile,0.5,213.94166687776206
2024-07-20,wk inc flu hosp,2,2024-08-03,US,quantile,0.55,239.95609672641135
2024-07-20,wk inc flu hosp,2,2024-08-03,US,quantile,0.6,261.3188839514768
2024-07-20,wk inc flu hosp,2,2024-08-03,US,quantile,0.65,301.99794048437445
2024-07-20,wk inc flu hosp,2,2024-08-03,US,quantile,0.7,336.3566020638275
2024-07-20,wk inc flu hosp,2,2024-08-03,US,quantile,0.75,376.07482546670684
2024-07-20,wk inc flu hosp,2,2024-08-03,US,quantile,0.8,460.8392942544694
2024-07-20,wk inc flu hosp,2,2024-08-03,US,quantile,0.85,597.6039177476342
2024-07-20,wk inc flu hosp,2,2024-08-03,US,quantile,0.9,882.6141341845783
2024-07-20,wk inc flu hosp,2,2024-08-03,US,quantile,0.95,1645.4286795259245
2024-07-20,wk inc flu hosp,2,2024-08-03,US,quantile,0.975,2814.6540058650976
2024-07-20,wk inc flu hosp,2,2024-08-03,US,quantile,0.99,5161.811350013619
2024-07-20,wk inc flu hosp,3,2024-08-10,01,quantile,0.01,0
2024-07-20,wk inc flu hosp,3,2024-08-10,01,quantile,0.025,0
2024-07-20,wk inc flu hosp,3,2024-08-10,01,quantile,0.05,0
2024-07-20,wk inc flu hosp,3,2024-08-10,01,quantile,0.1,0
2024-07-20,wk inc flu hosp,3,2024-08-10,01,quantile,0.15,0
2024-07-20,wk inc flu hosp,3,2024-08-10,01,quantile,0.2,0.017483649285067567
2024-07-20,wk inc flu hosp,3,2024-08-10,01,quantile,0.25,0.09174894641074888
2024-07-20,wk inc flu hosp,3,2024-08-10,01,quantile,0.3,0.1660142435364302
2024-07-20,wk inc flu hosp,3,2024-08-10,01,quantile,0.35,0.38979076825125203
2024-07-20,wk inc flu hosp,3,2024-08-10,01,quantile,0.4,0.7769893704390445
2024-07-20,wk inc flu hosp,3,2024-08-10,01,quantile,0.45,1.5435333106119107
2024-07-20,wk inc flu hosp,3,2024-08-10,01,quantile,0.5,2.0854333784634
2024-07-20,wk inc flu hosp,3,2024-08-10,01,quantile,0.55,3.130020587468315
2024-07-20,wk inc flu hosp,3,2024-08-10,01,quantile,0.6,4.452755407944507
2024-07-20,wk inc flu hosp,3,2024-08-10,01,quantile,0.65,5.691953275629465
2024-07-20,wk inc flu hosp,3,2024-08-10,01,quantile,0.7,10.022673390823488
2024-07-20,wk inc flu hosp,3,2024-08-10,01,quantile,0.75,17.859483695409686
2024-07-20,wk inc flu hosp,3,2024-08-10,01,quantile,0.8,27.018946478586745
2024-07-20,wk inc flu hosp,3,2024-08-10,01,quantile,0.85,38.21682216879913
2024-07-20,wk inc flu hosp,3,2024-08-10,01,quantile,0.9,54.36832966995791
2024-07-20,wk inc flu hosp,3,2024-08-10,01,quantile,0.95,77.96369532143095
2024-07-20,wk inc flu hosp,3,2024-08-10,01,quantile,0.975,99.72038319229242
2024-07-20,wk inc flu hosp,3,2024-08-10,01,quantile,0.99,124.9389636231233
2024-07-20,wk inc flu hosp,3,2024-08-10,02,quantile,0.01,0
2024-07-20,wk inc flu hosp,3,2024-08-10,02,quantile,0.025,0
2024-07-20,wk inc flu hosp,3,2024-08-10,02,quantile,0.05,0
2024-07-20,wk inc flu hosp,3,2024-08-10,02,quantile,0.1,0
2024-07-20,wk inc flu hosp,3,2024-08-10,02,quantile,0.15,0
2024-07-20,wk inc flu hosp,3,2024-08-10,02,quantile,0.2,0.012214989525441982
2024-07-20,wk inc flu hosp,3,2024-08-10,02,quantile,0.25,0.02445547395981849
2024-07-20,wk inc flu hosp,3,2024-08-10,02,quantile,0.3,0.036695958394195
2024-07-20,wk inc flu hosp,3,2024-08-10,02,quantile,0.35,0.07574200058246068
2024-07-20,wk inc flu hosp,3,2024-08-10,02,quantile,0.4,0.22943842373812343
2024-07-20,wk inc flu hosp,3,2024-08-10,02,quantile,0.45,0.48910534678501943
2024-07-20,wk inc flu hosp,3,2024-08-10,02,quantile,0.5,0.9269229239674373
2024-07-20,wk inc flu hosp,3,2024-08-10,02,quantile,0.55,1.3921810326554827
2024-07-20,wk inc flu hosp,3,2024-08-10,02,quantile,0.6,2.0375389870001084
2024-07-20,wk inc flu hosp,3,2024-08-10,02,quantile,0.65,2.7279532263487747
2024-07-20,wk inc flu hosp,3,2024-08-10,02,quantile,0.7,3.5740100121544467
2024-07-20,wk inc flu hosp,3,2024-08-10,02,quantile,0.75,4.564101042032678
2024-07-20,wk inc flu hosp,3,2024-08-10,02,quantile,0.8,5.69676298661875
2024-07-20,wk inc flu hosp,3,2024-08-10,02,quantile,0.85,7.025720333915117
2024-07-20,wk inc flu hosp,3,2024-08-10,02,quantile,0.9,8.758969892994118
2024-07-20,wk inc flu hosp,3,2024-08-10,02,quantile,0.95,11.615179541134655
2024-07-20,wk inc flu hosp,3,2024-08-10,02,quantile,0.975,15.217179505322488
2024-07-20,wk inc flu hosp,3,2024-08-10,02,quantile,0.99,19.444756395629366
2024-07-20,wk inc flu hosp,3,2024-08-10,04,quantile,0.01,0
2024-07-20,wk inc flu hosp,3,2024-08-10,04,quantile,0.025,0
2024-07-20,wk inc flu hosp,3,2024-08-10,04,quantile,0.05,0
2024-07-20,wk inc flu hosp,3,2024-08-10,04,quantile,0.1,0.37951070109603824
2024-07-20,wk inc flu hosp,3,2024-08-10,04,quantile,0.15,1.191578364334837
2024-07-20,wk inc flu hosp,3,2024-08-10,04,quantile,0.2,2.003646027573636
2024-07-20,wk inc flu hosp,3,2024-08-10,04,quantile,0.25,6.173528376086691
2024-07-20,wk inc flu hosp,3,2024-08-10,04,quantile,0.3,12.872810366969205
2024-07-20,wk inc flu hosp,3,2024-08-10,04,quantile,0.35,17.38324986949301
2024-07-20,wk inc flu hosp,3,2024-08-10,04,quantile,0.4,21.29232300234295
2024-07-20,wk inc flu hosp,3,2024-08-10,04,quantile,0.45,24.868644516324448
2024-07-20,wk inc flu hosp,3,2024-08-10,04,quantile,0.5,28.885947679384543
2024-07-20,wk inc flu hosp,3,2024-08-10,04,quantile,0.55,33.193903876124885
2024-07-20,wk inc flu hosp,3,2024-08-10,04,quantile,0.6,37.49263207665207
2024-07-20,wk inc flu hosp,3,2024-08-10,04,quantile,0.65,43.567429756717466
2024-07-20,wk inc flu hosp,3,2024-08-10,04,quantile,0.7,50.812941856598755
2024-07-20,wk inc flu hosp,3,2024-08-10,04,quantile,0.75,59.954039605537666
2024-07-20,wk inc flu hosp,3,2024-08-10,04,quantile,0.8,69.51732083559624
2024-07-20,wk inc flu hosp,3,2024-08-10,04,quantile,0.85,79.81247468050367
2024-07-20,wk inc flu hosp,3,2024-08-10,04,quantile,0.9,96.36193229861601
2024-07-20,wk inc flu hosp,3,2024-08-10,04,quantile,0.95,129.79922933299147
2024-07-20,wk inc flu hosp,3,2024-08-10,04,quantile,0.975,338.8731830940714
2024-07-20,wk inc flu hosp,3,2024-08-10,04,quantile,0.99,1377.969578282553
2024-07-20,wk inc flu hosp,3,2024-08-10,05,quantile,0.01,0
2024-07-20,wk inc flu hosp,3,2024-08-10,05,quantile,0.025,0
2024-07-20,wk inc flu hosp,3,2024-08-10,05,quantile,0.05,0
2024-07-20,wk inc flu hosp,3,2024-08-10,05,quantile,0.1,0
2024-07-20,wk inc flu hosp,3,2024-08-10,05,quantile,0.15,0.15290842365328763
2024-07-20,wk inc flu hosp,3,2024-08-10,05,quantile,0.2,0.37480468711487225
2024-07-20,wk inc flu hosp,3,2024-08-10,05,quantile,0.25,0.6737506644526239
2024-07-20,wk inc flu hosp,3,2024-08-10,05,quantile,0.3,1.3017029980720325
2024-07-20,wk inc flu hosp,3,2024-08-10,05,quantile,0.35,1.7673731377824569
2024-07-20,wk inc flu hosp,3,2024-08-10,05,quantile,0.4,2.383564537408264
2024-07-20,wk inc flu hosp,3,2024-08-10,05,quantile,0.45,2.844294930200608
2024-07-20,wk inc flu hosp,3,2024-08-10,05,quantile,0.5,3.2062307379841006
2024-07-20,wk inc flu hosp,3,2024-08-10,05,quantile,0.55,4.5047951341801475
2024-07-20,wk inc flu hosp,3,2024-08-10,05,quantile,0.6,6.721835117136992
2024-07-20,wk inc flu hosp,3,2024-08-10,05,quantile,0.65,10.1399014268654
2024-07-20,wk inc flu hosp,3,2024-08-10,05,quantile,0.7,13.466768799916291
2024-07-20,wk inc flu hosp,3,2024-08-10,05,quantile,0.75,17.62078495917074
2024-07-20,wk inc flu hosp,3,2024-08-10,05,quantile,0.8,23.161789120944153
2024-07-20,wk inc flu hosp,3,2024-08-10,05,quantile,0.85,30.47348307761309
2024-07-20,wk inc flu hosp,3,2024-08-10,05,quantile,0.9,40.03582690854394
2024-07-20,wk inc flu hosp,3,2024-08-10,05,quantile,0.95,54.96487392742108
2024-07-20,wk inc flu hosp,3,2024-08-10,05,quantile,0.975,71.4161601432249
2024-07-20,wk inc flu hosp,3,2024-08-10,05,quantile,0.99,127.41904837730684
2024-07-20,wk inc flu hosp,3,2024-08-10,06,quantile,0.01,0
2024-07-20,wk inc flu hosp,3,2024-08-10,06,quantile,0.025,0
2024-07-20,wk inc flu hosp,3,2024-08-10,06,quantile,0.05,0
2024-07-20,wk inc flu hosp,3,2024-08-10,06,quantile,0.1,0
2024-07-20,wk inc flu hosp,3,2024-08-10,06,quantile,0.15,0.12981597522459504
2024-07-20,wk inc flu hosp,3,2024-08-10,06,quantile,0.2,0.6217983061738707
2024-07-20,wk inc flu hosp,3,2024-08-10,06,quantile,0.25,1.113780637123146
2024-07-20,wk inc flu hosp,3,2024-08-10,06,quantile,0.3,1.6057629680724212
2024-07-20,wk inc flu hosp,3,2024-08-10,06,quantile,0.35,4.385966589188184
2024-07-20,wk inc flu hosp,3,2024-08-10,06,quantile,0.4,8.426572178293185
2024-07-20,wk inc flu hosp,3,2024-08-10,06,quantile,0.45,17.27333926113635
2024-07-20,wk inc flu hosp,3,2024-08-10,06,quantile,0.5,24.155791434586718
2024-07-20,wk inc flu hosp,3,2024-08-10,06,quantile,0.55,32.1276912855114
2024-07-20,wk inc flu hosp,3,2024-08-10,06,quantile,0.6,43.46920676065649
2024-07-20,wk inc flu hosp,3,2024-08-10,06,quantile,0.65,55.437892820524574
2024-07-20,wk inc flu hosp,3,2024-08-10,06,quantile,0.7,66.27995873021892
2024-07-20,wk inc flu hosp,3,2024-08-10,06,quantile,0.75,78.87228270119266
2024-07-20,wk inc flu hosp,3,2024-08-10,06,quantile,0.8,93.05829548002089
2024-07-20,wk inc flu hosp,3,2024-08-10,06,quantile,0.85,110.50365303631017
2024-07-20,wk inc flu hosp,3,2024-08-10,06,quantile,0.9,134.44728501368746
2024-07-20,wk inc flu hosp,3,2024-08-10,06,quantile,0.95,176.89501374102517
2024-07-20,wk inc flu hosp,3,2024-08-10,06,quantile,0.975,262.6435568254729
2024-07-20,wk inc flu hosp,3,2024-08-10,06,quantile,0.99,535.7308388903766
2024-07-20,wk inc flu hosp,3,2024-08-10,08,quantile,0.01,0
2024-07-20,wk inc flu hosp,3,2024-08-10,08,quantile,0.025,0
2024-07-20,wk inc flu hosp,3,2024-08-10,08,quantile,0.05,0
2024-07-20,wk inc flu hosp,3,2024-08-10,08,quantile,0.1,0
2024-07-20,wk inc flu hosp,3,2024-08-10,08,quantile,0.15,0.046378013994759354
2024-07-20,wk inc flu hosp,3,2024-08-10,08,quantile,0.2,0.31588562822864774
2024-07-20,wk inc flu hosp,3,2024-08-10,08,quantile,0.25,0.5884155349777827
2024-07-20,wk inc flu hosp,3,2024-08-10,08,quantile,0.3,1.234554707951436
2024-07-20,wk inc flu hosp,3,2024-08-10,08,quantile,0.35,1.8551844686064793
2024-07-20,wk inc flu hosp,3,2024-08-10,08,quantile,0.4,2.4568696074936147
2024-07-20,wk inc flu hosp,3,2024-08-10,08,quantile,0.45,2.8252487534952997
2024-07-20,wk inc flu hosp,3,2024-08-10,08,quantile,0.5,3.4839351756793557
2024-07-20,wk inc flu hosp,3,2024-08-10,08,quantile,0.55,5.184077239480835
2024-07-20,wk inc flu hosp,3,2024-08-10,08,quantile,0.6,9.367758375682056
2024-07-20,wk inc flu hosp,3,2024-08-10,08,quantile,0.65,13.89273382218992
2024-07-20,wk inc flu hosp,3,2024-08-10,08,quantile,0.7,19.31993223939113
2024-07-20,wk inc flu hosp,3,2024-08-10,08,quantile,0.75,23.85240206470386
2024-07-20,wk inc flu hosp,3,2024-08-10,08,quantile,0.8,30.73308189919006
2024-07-20,wk inc flu hosp,3,2024-08-10,08,quantile,0.85,39.39929805112159
2024-07-20,wk inc flu hosp,3,2024-08-10,08,quantile,0.9,51.16994182356469
2024-07-20,wk inc flu hosp,3,2024-08-10,08,quantile,0.95,70.52429917770188
2024-07-20,wk inc flu hosp,3,2024-08-10,08,quantile,0.975,90.5733272283809
2024-07-20,wk inc flu hosp,3,2024-08-10,08,quantile,0.99,109.77140449983169
2024-07-20,wk inc flu hosp,3,2024-08-10,09,quantile,0.01,0
2024-07-20,wk inc flu hosp,3,2024-08-10,09,quantile,0.025,0
2024-07-20,wk inc flu hosp,3,2024-08-10,09,quantile,0.05,0
2024-07-20,wk inc flu hosp,3,2024-08-10,09,quantile,0.1,0
2024-07-20,wk inc flu hosp,3,2024-08-10,09,quantile,0.15,0.0744061555796763
2024-07-20,wk inc flu hosp,3,2024-08-10,09,quantile,0.2,0.45381347893867163
2024-07-20,wk inc flu hosp,3,2024-08-10,09,quantile,0.25,0.8438221646356329
2024-07-20,wk inc flu hosp,3,2024-08-10,09,quantile,0.3,1.2483269334616147
2024-07-20,wk inc flu hosp,3,2024-08-10,09,quantile,0.35,1.8526000734666237
2024-07-20,wk inc flu hosp,3,2024-08-10,09,quantile,0.4,2.576088201583272
2024-07-20,wk inc flu hosp,3,2024-08-10,09,quantile,0.45,3.0562641379864712
2024-07-20,wk inc flu hosp,3,2024-08-10,09,quantile,0.5,3.744090330854204
2024-07-20,wk inc flu hosp,3,2024-08-10,09,quantile,0.55,4.263284382199499
2024-07-20,wk inc flu hosp,3,2024-08-10,09,quantile,0.6,6.348759965747953
2024-07-20,wk inc flu hosp,3,2024-08-10,09,quantile,0.65,10.114743326588666
2024-07-20,wk inc flu hosp,3,2024-08-10,09,quantile,0.7,13.536277261545754
2024-07-20,wk inc flu hosp,3,2024-08-10,09,quantile,0.75,18.40738033736108
2024-07-20,wk inc flu hosp,3,2024-08-10,09,quantile,0.8,23.781793848116763
2024-07-20,wk inc flu hosp,3,2024-08-10,09,quantile,0.85,29.262024276395685
2024-07-20,wk inc flu hosp,3,2024-08-10,09,quantile,0.9,37.60239060980572
2024-07-20,wk inc flu hosp,3,2024-08-10,09,quantile,0.95,50.405941637254564
2024-07-20,wk inc flu hosp,3,2024-08-10,09,quantile,0.975,62.782888893630215
2024-07-20,wk inc flu hosp,3,2024-08-10,09,quantile,0.99,113.16639894719876
2024-07-20,wk inc flu hosp,3,2024-08-10,10,quantile,0.01,0
2024-07-20,wk inc flu hosp,3,2024-08-10,10,quantile,0.025,0
2024-07-20,wk inc flu hosp,3,2024-08-10,10,quantile,0.05,0
2024-07-20,wk inc flu hosp,3,2024-08-10,10,quantile,0.1,0
2024-07-20,wk inc flu hosp,3,2024-08-10,10,quantile,0.15,0
2024-07-20,wk inc flu hosp,3,2024-08-10,10,quantile,0.2,0
2024-07-20,wk inc flu hosp,3,2024-08-10,10,quantile,0.25,0.01085272037257893
2024-07-20,wk inc flu hosp,3,2024-08-10,10,quantile,0.3,0.025730517146360432
2024-07-20,wk inc flu hosp,3,2024-08-10,10,quantile,0.35,0.04060831392014194
2024-07-20,wk inc flu hosp,3,2024-08-10,10,quantile,0.4,0.1361100917607748
2024-07-20,wk inc flu hosp,3,2024-08-10,10,quantile,0.45,0.16844463327741246
2024-07-20,wk inc flu hosp,3,2024-08-10,10,quantile,0.5,0.31551674671754515
2024-07-20,wk inc flu hosp,3,2024-08-10,10,quantile,0.55,0.5047795201535198
2024-07-20,wk inc flu hosp,3,2024-08-10,10,quantile,0.6,0.7077144450235643
2024-07-20,wk inc flu hosp,3,2024-08-10,10,quantile,0.65,1.1835915309453076
2024-07-20,wk inc flu hosp,3,2024-08-10,10,quantile,0.7,2.0286642910121078
2024-07-20,wk inc flu hosp,3,2024-08-10,10,quantile,0.75,2.8404912852681075
2024-07-20,wk inc flu hosp,3,2024-08-10,10,quantile,0.8,4.015805723296708
2024-07-20,wk inc flu hosp,3,2024-08-10,10,quantile,0.85,5.503517018013507
2024-07-20,wk inc flu hosp,3,2024-08-10,10,quantile,0.9,7.348931299547221
2024-07-20,wk inc flu hosp,3,2024-08-10,10,quantile,0.95,10.238720083246802
2024-07-20,wk inc flu hosp,3,2024-08-10,10,quantile,0.975,13.490433562610878
2024-07-20,wk inc flu hosp,3,2024-08-10,10,quantile,0.99,18.4649335264752
2024-07-20,wk inc flu hosp,3,2024-08-10,11,quantile,0.01,0
2024-07-20,wk inc flu hosp,3,2024-08-10,11,quantile,0.025,0
2024-07-20,wk inc flu hosp,3,2024-08-10,11,quantile,0.05,0
2024-07-20,wk inc flu hosp,3,2024-08-10,11,quantile,0.1,0
2024-07-20,wk inc flu hosp,3,2024-08-10,11,quantile,0.15,0
2024-07-20,wk inc flu hosp,3,2024-08-10,11,quantile,0.2,0
2024-07-20,wk inc flu hosp,3,2024-08-10,11,quantile,0.25,0.008366225062238563
2024-07-20,wk inc flu hosp,3,2024-08-10,11,quantile,0.3,0.021457436968334433
2024-07-20,wk inc flu hosp,3,2024-08-10,11,quantile,0.35,0.06955633582813725
2024-07-20,wk inc flu hosp,3,2024-08-10,11,quantile,0.4,0.17644021208545665
2024-07-20,wk inc flu hosp,3,2024-08-10,11,quantile,0.45,0.28654061235340117
2024-07-20,wk inc flu hosp,3,2024-08-10,11,quantile,0.5,0.44959591485414935
2024-07-20,wk inc flu hosp,3,2024-08-10,11,quantile,0.55,0.6919832582241924
2024-07-20,wk inc flu hosp,3,2024-08-10,11,quantile,0.6,1.010048809233523
2024-07-20,wk inc flu hosp,3,2024-08-10,11,quantile,0.65,1.0317653772322386
2024-07-20,wk inc flu hosp,3,2024-08-10,11,quantile,0.7,1.8110994984202178
2024-07-20,wk inc flu hosp,3,2024-08-10,11,quantile,0.75,2.8953525835702036
2024-07-20,wk inc flu hosp,3,2024-08-10,11,quantile,0.8,4.043561273146696
2024-07-20,wk inc flu hosp,3,2024-08-10,11,quantile,0.85,5.155477202468767
2024-07-20,wk inc flu hosp,3,2024-08-10,11,quantile,0.9,7.03129923740235
2024-07-20,wk inc flu hosp,3,2024-08-10,11,quantile,0.95,10.049198770788777
2024-07-20,wk inc flu hosp,3,2024-08-10,11,quantile,0.975,13.156452400733466
2024-07-20,wk inc flu hosp,3,2024-08-10,11,quantile,0.99,16.532453305998022
2024-07-20,wk inc flu hosp,3,2024-08-10,12,quantile,0.01,0
2024-07-20,wk inc flu hosp,3,2024-08-10,12,quantile,0.025,0
2024-07-20,wk inc flu hosp,3,2024-08-10,12,quantile,0.05,0.5143719029118545
2024-07-20,wk inc flu hosp,3,2024-08-10,12,quantile,0.1,4.185774067999484
2024-07-20,wk inc flu hosp,3,2024-08-10,12,quantile,0.15,10.29705228671248
2024-07-20,wk inc flu hosp,3,2024-08-10,12,quantile,0.2,22.16348845130066
2024-07-20,wk inc flu hosp,3,2024-08-10,12,quantile,0.25,32.34129889890306
2024-07-20,wk inc flu hosp,3,2024-08-10,12,quantile,0.3,39.09679663899284
2024-07-20,wk inc flu hosp,3,2024-08-10,12,quantile,0.35,46.35197238934455
2024-07-20,wk inc flu hosp,3,2024-08-10,12,quantile,0.4,52.82323484736922
2024-07-20,wk inc flu hosp,3,2024-08-10,12,quantile,0.45,58.11307408370081
2024-07-20,wk inc flu hosp,3,2024-08-10,12,quantile,0.5,62.67769993963378
2024-07-20,wk inc flu hosp,3,2024-08-10,12,quantile,0.55,70.4053671785524
2024-07-20,wk inc flu hosp,3,2024-08-10,12,quantile,0.6,78.30674625494333
2024-07-20,wk inc flu hosp,3,2024-08-10,12,quantile,0.65,85.46540310705767
2024-07-20,wk inc flu hosp,3,2024-08-10,12,quantile,0.7,93.60456087851077
2024-07-20,wk inc flu hosp,3,2024-08-10,12,quantile,0.75,103.44868793328739
2024-07-20,wk inc flu hosp,3,2024-08-10,12,quantile,0.8,117.78517071990201
2024-07-20,wk inc flu hosp,3,2024-08-10,12,quantile,0.85,137.30663920686106
2024-07-20,wk inc flu hosp,3,2024-08-10,12,quantile,0.9,171.35874281400646
2024-07-20,wk inc flu hosp,3,2024-08-10,12,quantile,0.95,261.5098617959998
2024-07-20,wk inc flu hosp,3,2024-08-10,12,quantile,0.975,373.09925980476993
2024-07-20,wk inc flu hosp,3,2024-08-10,12,quantile,0.99,568.3222136084186
2024-07-20,wk inc flu hosp,3,2024-08-10,13,quantile,0.01,0
2024-07-20,wk inc flu hosp,3,2024-08-10,13,quantile,0.025,0
2024-07-20,wk inc flu hosp,3,2024-08-10,13,quantile,0.05,0
2024-07-20,wk inc flu hosp,3,2024-08-10,13,quantile,0.1,0
2024-07-20,wk inc flu hosp,3,2024-08-10,13,quantile,0.15,0.24924469658343779
2024-07-20,wk inc flu hosp,3,2024-08-10,13,quantile,0.2,0.8616845312952983
2024-07-20,wk inc flu hosp,3,2024-08-10,13,quantile,0.25,1.6748789160125384
2024-07-20,wk inc flu hosp,3,2024-08-10,13,quantile,0.3,2.856532626860174
2024-07-20,wk inc flu hosp,3,2024-08-10,13,quantile,0.35,4.633249936326035
2024-07-20,wk inc flu hosp,3,2024-08-10,13,quantile,0.4,6.148100076246923
2024-07-20,wk inc flu hosp,3,2024-08-10,13,quantile,0.45,8.403672842408294
2024-07-20,wk inc flu hosp,3,2024-08-10,13,quantile,0.5,10.973756485850695
2024-07-20,wk inc flu hosp,3,2024-08-10,13,quantile,0.55,14.343365621235213
2024-07-20,wk inc flu hosp,3,2024-08-10,13,quantile,0.6,16.81195727025763
2024-07-20,wk inc flu hosp,3,2024-08-10,13,quantile,0.65,20.548798247975228
2024-07-20,wk inc flu hosp,3,2024-08-10,13,quantile,0.7,27.114706252302792
2024-07-20,wk inc flu hosp,3,2024-08-10,13,quantile,0.75,34.94543598541258
2024-07-20,wk inc flu hosp,3,2024-08-10,13,quantile,0.8,42.09325493200647
2024-07-20,wk inc flu hosp,3,2024-08-10,13,quantile,0.85,54.25681890201792
2024-07-20,wk inc flu hosp,3,2024-08-10,13,quantile,0.9,71.57137960928964
2024-07-20,wk inc flu hosp,3,2024-08-10,13,quantile,0.95,97.20102747136616
2024-07-20,wk inc flu hosp,3,2024-08-10,13,quantile,0.975,124.66541975456646
2024-07-20,wk inc flu hosp,3,2024-08-10,13,quantile,0.99,214.84641671569275
2024-07-20,wk inc flu hosp,3,2024-08-10,15,quantile,0.01,0
2024-07-20,wk inc flu hosp,3,2024-08-10,15,quantile,0.025,0
2024-07-20,wk inc flu hosp,3,2024-08-10,15,quantile,0.05,0
2024-07-20,wk inc flu hosp,3,2024-08-10,15,quantile,0.1,0
2024-07-20,wk inc flu hosp,3,2024-08-10,15,quantile,0.15,0.10701284305739571
2024-07-20,wk inc flu hosp,3,2024-08-10,15,quantile,0.2,0.2747482165098708
2024-07-20,wk inc flu hosp,3,2024-08-10,15,quantile,0.25,0.49122936844125253
2024-07-20,wk inc flu hosp,3,2024-08-10,15,quantile,0.3,0.7794568587424338
2024-07-20,wk inc flu hosp,3,2024-08-10,15,quantile,0.35,1.3718701596421456
2024-07-20,wk inc flu hosp,3,2024-08-10,15,quantile,0.4,2.165568614747565
2024-07-20,wk inc flu hosp,3,2024-08-10,15,quantile,0.45,2.98040632620917
2024-07-20,wk inc flu hosp,3,2024-08-10,15,quantile,0.5,3.567240567849745
2024-07-20,wk inc flu hosp,3,2024-08-10,15,quantile,0.55,4.05994391230349
2024-07-20,wk inc flu hosp,3,2024-08-10,15,quantile,0.6,4.894701524641233
2024-07-20,wk inc flu hosp,3,2024-08-10,15,quantile,0.65,6.1319521691700665
2024-07-20,wk inc flu hosp,3,2024-08-10,15,quantile,0.7,7.549823185027404
2024-07-20,wk inc flu hosp,3,2024-08-10,15,quantile,0.75,9.572966744385136
2024-07-20,wk inc flu hosp,3,2024-08-10,15,quantile,0.8,11.861076350361946
2024-07-20,wk inc flu hosp,3,2024-08-10,15,quantile,0.85,14.201669413275098
2024-07-20,wk inc flu hosp,3,2024-08-10,15,quantile,0.9,17.37800165026439
2024-07-20,wk inc flu hosp,3,2024-08-10,15,quantile,0.95,22.979739778703816
2024-07-20,wk inc flu hosp,3,2024-08-10,15,quantile,0.975,27.856319735093294
2024-07-20,wk inc flu hosp,3,2024-08-10,15,quantile,0.99,32.216356814911514
2024-07-20,wk inc flu hosp,3,2024-08-10,16,quantile,0.01,0
2024-07-20,wk inc flu hosp,3,2024-08-10,16,quantile,0.025,0
2024-07-20,wk inc flu hosp,3,2024-08-10,16,quantile,0.05,0
2024-07-20,wk inc flu hosp,3,2024-08-10,16,quantile,0.1,0
2024-07-20,wk inc flu hosp,3,2024-08-10,16,quantile,0.15,0
2024-07-20,wk inc flu hosp,3,2024-08-10,16,quantile,0.2,0
2024-07-20,wk inc flu hosp,3,2024-08-10,16,quantile,0.25,0.022775100676528107
2024-07-20,wk inc flu hosp,3,2024-08-10,16,quantile,0.3,0.06178257390056636
2024-07-20,wk inc flu hosp,3,2024-08-10,16,quantile,0.35,0.1007900471246046
2024-07-20,wk inc flu hosp,3,2024-08-10,16,quantile,0.4,0.2266760615590448
2024-07-20,wk inc flu hosp,3,2024-08-10,16,quantile,0.45,0.5240737270065243
2024-07-20,wk inc flu hosp,3,2024-08-10,16,quantile,0.5,0.8260905172264704
2024-07-20,wk inc flu hosp,3,2024-08-10,16,quantile,0.55,1.0954854351776646
2024-07-20,wk inc flu hosp,3,2024-08-10,16,quantile,0.6,1.5903157041635785
2024-07-20,wk inc flu hosp,3,2024-08-10,16,quantile,0.65,2.1804558449034
2024-07-20,wk inc flu hosp,3,2024-08-10,16,quantile,0.7,3.324912686796708
2024-07-20,wk inc flu hosp,3,2024-08-10,16,quantile,0.75,4.734926014498038
2024-07-20,wk inc flu hosp,3,2024-08-10,16,quantile,0.8,6.311614789444946
2024-07-20,wk inc flu hosp,3,2024-08-10,16,quantile,0.85,8.671154049119599
2024-07-20,wk inc flu hosp,3,2024-08-10,16,quantile,0.9,12.471567983597343
2024-07-20,wk inc flu hosp,3,2024-08-10,16,quantile,0.95,18.93341910464405
2024-07-20,wk inc flu hosp,3,2024-08-10,16,quantile,0.975,25.728520519429523
2024-07-20,wk inc flu hosp,3,2024-08-10,16,quantile,0.99,39.295996367344195
2024-07-20,wk inc flu hosp,3,2024-08-10,17,quantile,0.01,0
2024-07-20,wk inc flu hosp,3,2024-08-10,17,quantile,0.025,0
2024-07-20,wk inc flu hosp,3,2024-08-10,17,quantile,0.05,0
2024-07-20,wk inc flu hosp,3,2024-08-10,17,quantile,0.1,0
2024-07-20,wk inc flu hosp,3,2024-08-10,17,quantile,0.15,0
2024-07-20,wk inc flu hosp,3,2024-08-10,17,quantile,0.2,0
2024-07-20,wk inc flu hosp,3,2024-08-10,17,quantile,0.25,0.13605676751086584
2024-07-20,wk inc flu hosp,3,2024-08-10,17,quantile,0.3,0.300521339468217
2024-07-20,wk inc flu hosp,3,2024-08-10,17,quantile,0.35,0.4649859114255682
2024-07-20,wk inc flu hosp,3,2024-08-10,17,quantile,0.4,0.8118569838240107
2024-07-20,wk inc flu hosp,3,2024-08-10,17,quantile,0.45,1.3946599372237567
2024-07-20,wk inc flu hosp,3,2024-08-10,17,quantile,0.5,2.204052190061053
2024-07-20,wk inc flu hosp,3,2024-08-10,17,quantile,0.55,3.510999238816556
2024-07-20,wk inc flu hosp,3,2024-08-10,17,quantile,0.6,5.249641892133677
2024-07-20,wk inc flu hosp,3,2024-08-10,17,quantile,0.65,9.320727913379859
2024-07-20,wk inc flu hosp,3,2024-08-10,17,quantile,0.7,16.451559367973527
2024-07-20,wk inc flu hosp,3,2024-08-10,17,quantile,0.75,23.172630711617735
2024-07-20,wk inc flu hosp,3,2024-08-10,17,quantile,0.8,31.931110455710098
2024-07-20,wk inc flu hosp,3,2024-08-10,17,quantile,0.85,42.954879396045456
2024-07-20,wk inc flu hosp,3,2024-08-10,17,quantile,0.9,57.954481412181984
2024-07-20,wk inc flu hosp,3,2024-08-10,17,quantile,0.95,83.53019102804889
2024-07-20,wk inc flu hosp,3,2024-08-10,17,quantile,0.975,122.39591246941508
2024-07-20,wk inc flu hosp,3,2024-08-10,17,quantile,0.99,223.0787240207694
2024-07-20,wk inc flu hosp,3,2024-08-10,18,quantile,0.01,0
2024-07-20,wk inc flu hosp,3,2024-08-10,18,quantile,0.025,0
2024-07-20,wk inc flu hosp,3,2024-08-10,18,quantile,0.05,0
2024-07-20,wk inc flu hosp,3,2024-08-10,18,quantile,0.1,0
2024-07-20,wk inc flu hosp,3,2024-08-10,18,quantile,0.15,0.1698319778195006
2024-07-20,wk inc flu hosp,3,2024-08-10,18,quantile,0.2,0.4271591315198785
2024-07-20,wk inc flu hosp,3,2024-08-10,18,quantile,0.25,0.9461773070027898
2024-07-20,wk inc flu hosp,3,2024-08-10,18,quantile,0.3,1.5203214996486751
2024-07-20,wk inc flu hosp,3,2024-08-10,18,quantile,0.35,3.278811929662758
2024-07-20,wk inc flu hosp,3,2024-08-10,18,quantile,0.4,4.859880541150533
2024-07-20,wk inc flu hosp,3,2024-08-10,18,quantile,0.45,8.148361675459125
2024-07-20,wk inc flu hosp,3,2024-08-10,18,quantile,0.5,11.523389874647481
2024-07-20,wk inc flu hosp,3,2024-08-10,18,quantile,0.55,14.847610195139612
2024-07-20,wk inc flu hosp,3,2024-08-10,18,quantile,0.6,17.384493619202367
2024-07-20,wk inc flu hosp,3,2024-08-10,18,quantile,0.65,21.875467548566892
2024-07-20,wk inc flu hosp,3,2024-08-10,18,quantile,0.7,28.494574649268582
2024-07-20,wk inc flu hosp,3,2024-08-10,18,quantile,0.75,35.21604085810973
2024-07-20,wk inc flu hosp,3,2024-08-10,18,quantile,0.8,45.49613752195218
2024-07-20,wk inc flu hosp,3,2024-08-10,18,quantile,0.85,58.163660202782346
2024-07-20,wk inc flu hosp,3,2024-08-10,18,quantile,0.9,74.57158643163477
2024-07-20,wk inc flu hosp,3,2024-08-10,18,quantile,0.95,98.67306668215005
2024-07-20,wk inc flu hosp,3,2024-08-10,18,quantile,0.975,124.84214790651525
2024-07-20,wk inc flu hosp,3,2024-08-10,18,quantile,0.99,210.4502585410243
2024-07-20,wk inc flu hosp,3,2024-08-10,19,quantile,0.01,0
2024-07-20,wk inc flu hosp,3,2024-08-10,19,quantile,0.025,0
2024-07-20,wk inc flu hosp,3,2024-08-10,19,quantile,0.05,0
2024-07-20,wk inc flu hosp,3,2024-08-10,19,quantile,0.1,0
2024-07-20,wk inc flu hosp,3,2024-08-10,19,quantile,0.15,0
2024-07-20,wk inc flu hosp,3,2024-08-10,19,quantile,0.2,0.05648897843962511
2024-07-20,wk inc flu hosp,3,2024-08-10,19,quantile,0.25,0.11400415794037122
2024-07-20,wk inc flu hosp,3,2024-08-10,19,quantile,0.3,0.20136381673547948
2024-07-20,wk inc flu hosp,3,2024-08-10,19,quantile,0.35,0.31557652439580136
2024-07-20,wk inc flu hosp,3,2024-08-10,19,quantile,0.4,0.48560568160783435
2024-07-20,wk inc flu hosp,3,2024-08-10,19,quantile,0.45,0.8870987471704787
2024-07-20,wk inc flu hosp,3,2024-08-10,19,quantile,0.5,1.2126861691072617
2024-07-20,wk inc flu hosp,3,2024-08-10,19,quantile,0.55,1.8062372930592323
2024-07-20,wk inc flu hosp,3,2024-08-10,19,quantile,0.6,2.9366025451872586
2024-07-20,wk inc flu hosp,3,2024-08-10,19,quantile,0.65,4.125843527496681
2024-07-20,wk inc flu hosp,3,2024-08-10,19,quantile,0.7,6.703921541128399
2024-07-20,wk inc flu hosp,3,2024-08-10,19,quantile,0.75,9.795362643252204
2024-07-20,wk inc flu hosp,3,2024-08-10,19,quantile,0.8,13.31535381716716
2024-07-20,wk inc flu hosp,3,2024-08-10,19,quantile,0.85,17.56693445636476
2024-07-20,wk inc flu hosp,3,2024-08-10,19,quantile,0.9,23.560553959527976
2024-07-20,wk inc flu hosp,3,2024-08-10,19,quantile,0.95,34.51761525345953
2024-07-20,wk inc flu hosp,3,2024-08-10,19,quantile,0.975,45.47790950965
2024-07-20,wk inc flu hosp,3,2024-08-10,19,quantile,0.99,63.86398282399859
2024-07-20,wk inc flu hosp,3,2024-08-10,20,quantile,0.01,0
2024-07-20,wk inc flu hosp,3,2024-08-10,20,quantile,0.025,0
2024-07-20,wk inc flu hosp,3,2024-08-10,20,quantile,0.05,0
2024-07-20,wk inc flu hosp,3,2024-08-10,20,quantile,0.1,0
2024-07-20,wk inc flu hosp,3,2024-08-10,20,quantile,0.15,0
2024-07-20,wk inc flu hosp,3,2024-08-10,20,quantile,0.2,0.022223676883116054
2024-07-20,wk inc flu hosp,3,2024-08-10,20,quantile,0.25,0.06304495488078915
2024-07-20,wk inc flu hosp,3,2024-08-10,20,quantile,0.3,0.10386623287846225
2024-07-20,wk inc flu hosp,3,2024-08-10,20,quantile,0.35,0.19285013598027706
2024-07-20,wk inc flu hosp,3,2024-08-10,20,quantile,0.4,0.3456858356617676
2024-07-20,wk inc flu hosp,3,2024-08-10,20,quantile,0.45,0.8605683577505401
2024-07-20,wk inc flu hosp,3,2024-08-10,20,quantile,0.5,1.4928669124894984
2024-07-20,wk inc flu hosp,3,2024-08-10,20,quantile,0.55,2.6069092021066522
2024-07-20,wk inc flu hosp,3,2024-08-10,20,quantile,0.6,4.837661644505593
2024-07-20,wk inc flu hosp,3,2024-08-10,20,quantile,0.65,7.4220211906609554
2024-07-20,wk inc flu hosp,3,2024-08-10,20,quantile,0.7,11.320351536565623
2024-07-20,wk inc flu hosp,3,2024-08-10,20,quantile,0.75,15.350468129616685
2024-07-20,wk inc flu hosp,3,2024-08-10,20,quantile,0.8,20.066289294071805
2024-07-20,wk inc flu hosp,3,2024-08-10,20,quantile,0.85,25.762749518480053
2024-07-20,wk inc flu hosp,3,2024-08-10,20,quantile,0.9,33.52211584947618
2024-07-20,wk inc flu hosp,3,2024-08-10,20,quantile,0.95,45.691017508766514
2024-07-20,wk inc flu hosp,3,2024-08-10,20,quantile,0.975,55.79501038315134
2024-07-20,wk inc flu hosp,3,2024-08-10,20,quantile,0.99,74.14062704932951
2024-07-20,wk inc flu hosp,3,2024-08-10,21,quantile,0.01,0
2024-07-20,wk inc flu hosp,3,2024-08-10,21,quantile,0.025,0
2024-07-20,wk inc flu hosp,3,2024-08-10,21,quantile,0.05,0
2024-07-20,wk inc flu hosp,3,2024-08-10,21,quantile,0.1,0
2024-07-20,wk inc flu hosp,3,2024-08-10,21,quantile,0.15,0
2024-07-20,wk inc flu hosp,3,2024-08-10,21,quantile,0.2,0.018468699236990144
2024-07-20,wk inc flu hosp,3,2024-08-10,21,quantile,0.25,0.1051402637340231
2024-07-20,wk inc flu hosp,3,2024-08-10,21,quantile,0.3,0.19181182823105608
2024-07-20,wk inc flu hosp,3,2024-08-10,21,quantile,0.35,0.27848339272808903
2024-07-20,wk inc flu hosp,3,2024-08-10,21,quantile,0.4,0.36515495722512215
2024-07-20,wk inc flu hosp,3,2024-08-10,21,quantile,0.45,0.8357163063999347
2024-07-20,wk inc flu hosp,3,2024-08-10,21,quantile,0.5,1.5945306199651297
2024-07-20,wk inc flu hosp,3,2024-08-10,21,quantile,0.55,2.683805570256559
2024-07-20,wk inc flu hosp,3,2024-08-10,21,quantile,0.6,6.7528621918971625
2024-07-20,wk inc flu hosp,3,2024-08-10,21,quantile,0.65,10.793144190238255
2024-07-20,wk inc flu hosp,3,2024-08-10,21,quantile,0.7,15.781629576490023
2024-07-20,wk inc flu hosp,3,2024-08-10,21,quantile,0.75,22.65715540083573
2024-07-20,wk inc flu hosp,3,2024-08-10,21,quantile,0.8,32.625503665422556
2024-07-20,wk inc flu hosp,3,2024-08-10,21,quantile,0.85,43.4055709194663
2024-07-20,wk inc flu hosp,3,2024-08-10,21,quantile,0.9,56.919387182480435
2024-07-20,wk inc flu hosp,3,2024-08-10,21,quantile,0.95,79.37237009638783
2024-07-20,wk inc flu hosp,3,2024-08-10,21,quantile,0.975,102.9702488042588
2024-07-20,wk inc flu hosp,3,2024-08-10,21,quantile,0.99,134.60223745265142
2024-07-20,wk inc flu hosp,3,2024-08-10,22,quantile,0.01,0
2024-07-20,wk inc flu hosp,3,2024-08-10,22,quantile,0.025,0
2024-07-20,wk inc flu hosp,3,2024-08-10,22,quantile,0.05,0
2024-07-20,wk inc flu hosp,3,2024-08-10,22,quantile,0.1,0
2024-07-20,wk inc flu hosp,3,2024-08-10,22,quantile,0.15,0.13835853379814872
2024-07-20,wk inc flu hosp,3,2024-08-10,22,quantile,0.2,0.44980050306199143
2024-07-20,wk inc flu hosp,3,2024-08-10,22,quantile,0.25,0.8212846882987226
2024-07-20,wk inc flu hosp,3,2024-08-10,22,quantile,0.3,1.2647056094162468
2024-07-20,wk inc flu hosp,3,2024-08-10,22,quantile,0.35,1.7860906174434112
2024-07-20,wk inc flu hosp,3,2024-08-10,22,quantile,0.4,2.5165503984927415
2024-07-20,wk inc flu hosp,3,2024-08-10,22,quantile,0.45,3.0183144008743374
2024-07-20,wk inc flu hosp,3,2024-08-10,22,quantile,0.5,4.004360166070936
2024-07-20,wk inc flu hosp,3,2024-08-10,22,quantile,0.55,6.048911048213584
2024-07-20,wk inc flu hosp,3,2024-08-10,22,quantile,0.6,8.187830104667759
2024-07-20,wk inc flu hosp,3,2024-08-10,22,quantile,0.65,10.33793216401813
2024-07-20,wk inc flu hosp,3,2024-08-10,22,quantile,0.7,14.884077505837576
2024-07-20,wk inc flu hosp,3,2024-08-10,22,quantile,0.75,20.859128761393926
2024-07-20,wk inc flu hosp,3,2024-08-10,22,quantile,0.8,27.140499681092738
2024-07-20,wk inc flu hosp,3,2024-08-10,22,quantile,0.85,34.425109484685514
2024-07-20,wk inc flu hosp,3,2024-08-10,22,quantile,0.9,44.6514294313491
2024-07-20,wk inc flu hosp,3,2024-08-10,22,quantile,0.95,61.797504265720946
2024-07-20,wk inc flu hosp,3,2024-08-10,22,quantile,0.975,76.7425706645986
2024-07-20,wk inc flu hosp,3,2024-08-10,22,quantile,0.99,94.15782988829271
2024-07-20,wk inc flu hosp,3,2024-08-10,23,quantile,0.01,0
2024-07-20,wk inc flu hosp,3,2024-08-10,23,quantile,0.025,0
2024-07-20,wk inc flu hosp,3,2024-08-10,23,quantile,0.05,0
2024-07-20,wk inc flu hosp,3,2024-08-10,23,quantile,0.1,0
2024-07-20,wk inc flu hosp,3,2024-08-10,23,quantile,0.15,0.10986707324692449
2024-07-20,wk inc flu hosp,3,2024-08-10,23,quantile,0.2,0.24581054471908687
2024-07-20,wk inc flu hosp,3,2024-08-10,23,quantile,0.25,0.4016371639536164
2024-07-20,wk inc flu hosp,3,2024-08-10,23,quantile,0.3,0.6635526156097832
2024-07-20,wk inc flu hosp,3,2024-08-10,23,quantile,0.35,1.4642206457301827
2024-07-20,wk inc flu hosp,3,2024-08-10,23,quantile,0.4,2.2616552658280407
2024-07-20,wk inc flu hosp,3,2024-08-10,23,quantile,0.45,3.1875432415593217
2024-07-20,wk inc flu hosp,3,2024-08-10,23,quantile,0.5,3.6465346661586877
2024-07-20,wk inc flu hosp,3,2024-08-10,23,quantile,0.55,4.772966493867063
2024-07-20,wk inc flu hosp,3,2024-08-10,23,quantile,0.6,5.098633806673716
2024-07-20,wk inc flu hosp,3,2024-08-10,23,quantile,0.65,5.945372701089613
2024-07-20,wk inc flu hosp,3,2024-08-10,23,quantile,0.7,7.360600176850505
2024-07-20,wk inc flu hosp,3,2024-08-10,23,quantile,0.75,8.46787418575037
2024-07-20,wk inc flu hosp,3,2024-08-10,23,quantile,0.8,10.127339267179043
2024-07-20,wk inc flu hosp,3,2024-08-10,23,quantile,0.85,12.422496917158718
2024-07-20,wk inc flu hosp,3,2024-08-10,23,quantile,0.9,16.01245711512587
2024-07-20,wk inc flu hosp,3,2024-08-10,23,quantile,0.95,20.96989841105559
2024-07-20,wk inc flu hosp,3,2024-08-10,23,quantile,0.975,26.140416756050673
2024-07-20,wk inc flu hosp,3,2024-08-10,23,quantile,0.99,31.08272973160843
2024-07-20,wk inc flu hosp,3,2024-08-10,24,quantile,0.01,0
2024-07-20,wk inc flu hosp,3,2024-08-10,24,quantile,0.025,0
2024-07-20,wk inc flu hosp,3,2024-08-10,24,quantile,0.05,0
2024-07-20,wk inc flu hosp,3,2024-08-10,24,quantile,0.1,0
2024-07-20,wk inc flu hosp,3,2024-08-10,24,quantile,0.15,0
2024-07-20,wk inc flu hosp,3,2024-08-10,24,quantile,0.2,0.06380651838506958
2024-07-20,wk inc flu hosp,3,2024-08-10,24,quantile,0.25,0.15076178357682027
2024-07-20,wk inc flu hosp,3,2024-08-10,24,quantile,0.3,0.34811661945548883
2024-07-20,wk inc flu hosp,3,2024-08-10,24,quantile,0.35,0.5788627443946032
2024-07-20,wk inc flu hosp,3,2024-08-10,24,quantile,0.4,0.8962103014606853
2024-07-20,wk inc flu hosp,3,2024-08-10,24,quantile,0.45,1.3495771825623586
2024-07-20,wk inc flu hosp,3,2024-08-10,24,quantile,0.5,1.7399596142154463
2024-07-20,wk inc flu hosp,3,2024-08-10,24,quantile,0.55,2.4780164040714308
2024-07-20,wk inc flu hosp,3,2024-08-10,24,quantile,0.6,3.932081438114827
2024-07-20,wk inc flu hosp,3,2024-08-10,24,quantile,0.65,6.2973197468181805
2024-07-20,wk inc flu hosp,3,2024-08-10,24,quantile,0.7,9.62140594777013
2024-07-20,wk inc flu hosp,3,2024-08-10,24,quantile,0.75,15.922215997773417
2024-07-20,wk inc flu hosp,3,2024-08-10,24,quantile,0.8,23.785184974508027
2024-07-20,wk inc flu hosp,3,2024-08-10,24,quantile,0.85,32.98330926712376
2024-07-20,wk inc flu hosp,3,2024-08-10,24,quantile,0.9,44.261231984986956
2024-07-20,wk inc flu hosp,3,2024-08-10,24,quantile,0.95,62.67435720356675
2024-07-20,wk inc flu hosp,3,2024-08-10,24,quantile,0.975,80.37245885028128
2024-07-20,wk inc flu hosp,3,2024-08-10,24,quantile,0.99,98.63650650585242
2024-07-20,wk inc flu hosp,3,2024-08-10,25,quantile,0.01,0
2024-07-20,wk inc flu hosp,3,2024-08-10,25,quantile,0.025,0
2024-07-20,wk inc flu hosp,3,2024-08-10,25,quantile,0.05,0
2024-07-20,wk inc flu hosp,3,2024-08-10,25,quantile,0.1,0
2024-07-20,wk inc flu hosp,3,2024-08-10,25,quantile,0.15,0
2024-07-20,wk inc flu hosp,3,2024-08-10,25,quantile,0.2,0.07945972786252155
2024-07-20,wk inc flu hosp,3,2024-08-10,25,quantile,0.25,0.17194727646880845
2024-07-20,wk inc flu hosp,3,2024-08-10,25,quantile,0.3,0.26443482507509536
2024-07-20,wk inc flu hosp,3,2024-08-10,25,quantile,0.35,0.5927483978977482
2024-07-20,wk inc flu hosp,3,2024-08-10,25,quantile,0.4,0.8803960908255426
2024-07-20,wk inc flu hosp,3,2024-08-10,25,quantile,0.45,1.71347453992417
2024-07-20,wk inc flu hosp,3,2024-08-10,25,quantile,0.5,2.7092665791473998
2024-07-20,wk inc flu hosp,3,2024-08-10,25,quantile,0.55,4.682279085357469
2024-07-20,wk inc flu hosp,3,2024-08-10,25,quantile,0.6,6.297137129993134
2024-07-20,wk inc flu hosp,3,2024-08-10,25,quantile,0.65,11.619162089695905
2024-07-20,wk inc flu hosp,3,2024-08-10,25,quantile,0.7,18.87498957840434
2024-07-20,wk inc flu hosp,3,2024-08-10,25,quantile,0.75,26.2282940806186
2024-07-20,wk inc flu hosp,3,2024-08-10,25,quantile,0.8,35.78039301553339
2024-07-20,wk inc flu hosp,3,2024-08-10,25,quantile,0.85,47.932356703812026
2024-07-20,wk inc flu hosp,3,2024-08-10,25,quantile,0.9,62.62687858208995
2024-07-20,wk inc flu hosp,3,2024-08-10,25,quantile,0.95,86.06566494729462
2024-07-20,wk inc flu hosp,3,2024-08-10,25,quantile,0.975,113.13399124552576
2024-07-20,wk inc flu hosp,3,2024-08-10,25,quantile,0.99,155.96880997627753
2024-07-20,wk inc flu hosp,3,2024-08-10,26,quantile,0.01,0
2024-07-20,wk inc flu hosp,3,2024-08-10,26,quantile,0.025,0
2024-07-20,wk inc flu hosp,3,2024-08-10,26,quantile,0.05,0
2024-07-20,wk inc flu hosp,3,2024-08-10,26,quantile,0.1,0
2024-07-20,wk inc flu hosp,3,2024-08-10,26,quantile,0.15,0
2024-07-20,wk inc flu hosp,3,2024-08-10,26,quantile,0.2,0.7055736393526824
2024-07-20,wk inc flu hosp,3,2024-08-10,26,quantile,0.25,1.384539229546505
2024-07-20,wk inc flu hosp,3,2024-08-10,26,quantile,0.3,1.9903343949009003
2024-07-20,wk inc flu hosp,3,2024-08-10,26,quantile,0.35,2.7677302453728183
2024-07-20,wk inc flu hosp,3,2024-08-10,26,quantile,0.4,3.762223560525786
2024-07-20,wk inc flu hosp,3,2024-08-10,26,quantile,0.45,4.854305856248393
2024-07-20,wk inc flu hosp,3,2024-08-10,26,quantile,0.5,5.764835952519381
2024-07-20,wk inc flu hosp,3,2024-08-10,26,quantile,0.55,7.202021477241174
2024-07-20,wk inc flu hosp,3,2024-08-10,26,quantile,0.6,9.891892381882712
2024-07-20,wk inc flu hosp,3,2024-08-10,26,quantile,0.65,12.33793453978194
2024-07-20,wk inc flu hosp,3,2024-08-10,26,quantile,0.7,17.662742444041854
2024-07-20,wk inc flu hosp,3,2024-08-10,26,quantile,0.75,26.92434769348989
2024-07-20,wk inc flu hosp,3,2024-08-10,26,quantile,0.8,37.19164568192369
2024-07-20,wk inc flu hosp,3,2024-08-10,26,quantile,0.85,49.94364939113942
2024-07-20,wk inc flu hosp,3,2024-08-10,26,quantile,0.9,67.28470975976545
2024-07-20,wk inc flu hosp,3,2024-08-10,26,quantile,0.95,92.36652463555318
2024-07-20,wk inc flu hosp,3,2024-08-10,26,quantile,0.975,116.55282554190985
2024-07-20,wk inc flu hosp,3,2024-08-10,26,quantile,0.99,232.32406137404428
2024-07-20,wk inc flu hosp,3,2024-08-10,27,quantile,0.01,0
2024-07-20,wk inc flu hosp,3,2024-08-10,27,quantile,0.025,0
2024-07-20,wk inc flu hosp,3,2024-08-10,27,quantile,0.05,0
2024-07-20,wk inc flu hosp,3,2024-08-10,27,quantile,0.1,0
2024-07-20,wk inc flu hosp,3,2024-08-10,27,quantile,0.15,0
2024-07-20,wk inc flu hosp,3,2024-08-10,27,quantile,0.2,0
2024-07-20,wk inc flu hosp,3,2024-08-10,27,quantile,0.25,0.02950394506435995
2024-07-20,wk inc flu hosp,3,2024-08-10,27,quantile,0.3,0.12078182572343854
2024-07-20,wk inc flu hosp,3,2024-08-10,27,quantile,0.35,0.21205970638251712
2024-07-20,wk inc flu hosp,3,2024-08-10,27,quantile,0.4,0.3479690229078697
2024-07-20,wk inc flu hosp,3,2024-08-10,27,quantile,0.45,0.740752865083511
2024-07-20,wk inc flu hosp,3,2024-08-10,27,quantile,0.5,1.4671116407646119
2024-07-20,wk inc flu hosp,3,2024-08-10,27,quantile,0.55,2.627259409221457
2024-07-20,wk inc flu hosp,3,2024-08-10,27,quantile,0.6,4.1870767688739114
2024-07-20,wk inc flu hosp,3,2024-08-10,27,quantile,0.65,6.005080553383804
2024-07-20,wk inc flu hosp,3,2024-08-10,27,quantile,0.7,12.923800137561344
2024-07-20,wk inc flu hosp,3,2024-08-10,27,quantile,0.75,22.59517349039491
2024-07-20,wk inc flu hosp,3,2024-08-10,27,quantile,0.8,32.37155660958822
2024-07-20,wk inc flu hosp,3,2024-08-10,27,quantile,0.85,44.50458817347039
2024-07-20,wk inc flu hosp,3,2024-08-10,27,quantile,0.9,58.61494569934296
2024-07-20,wk inc flu hosp,3,2024-08-10,27,quantile,0.95,81.5073053326673
2024-07-20,wk inc flu hosp,3,2024-08-10,27,quantile,0.975,105.22668526024117
2024-07-20,wk inc flu hosp,3,2024-08-10,27,quantile,0.99,127.31248992110642
2024-07-20,wk inc flu hosp,3,2024-08-10,28,quantile,0.01,0
2024-07-20,wk inc flu hosp,3,2024-08-10,28,quantile,0.025,0
2024-07-20,wk inc flu hosp,3,2024-08-10,28,quantile,0.05,0
2024-07-20,wk inc flu hosp,3,2024-08-10,28,quantile,0.1,0
2024-07-20,wk inc flu hosp,3,2024-08-10,28,quantile,0.15,0.40046221542700916
2024-07-20,wk inc flu hosp,3,2024-08-10,28,quantile,0.2,0.9208764274777929
2024-07-20,wk inc flu hosp,3,2024-08-10,28,quantile,0.25,1.436575526204313
2024-07-20,wk inc flu hosp,3,2024-08-10,28,quantile,0.3,1.95339136103426
2024-07-20,wk inc flu hosp,3,2024-08-10,28,quantile,0.35,2.5015299232924955
2024-07-20,wk inc flu hosp,3,2024-08-10,28,quantile,0.4,3.655435322705143
2024-07-20,wk inc flu hosp,3,2024-08-10,28,quantile,0.45,4.347332021095897
2024-07-20,wk inc flu hosp,3,2024-08-10,28,quantile,0.5,5.71070584421323
2024-07-20,wk inc flu hosp,3,2024-08-10,28,quantile,0.55,6.888211032733287
2024-07-20,wk inc flu hosp,3,2024-08-10,28,quantile,0.6,8.642385589115696
2024-07-20,wk inc flu hosp,3,2024-08-10,28,quantile,0.65,11.269777848808744
2024-07-20,wk inc flu hosp,3,2024-08-10,28,quantile,0.7,14.436514741929717
2024-07-20,wk inc flu hosp,3,2024-08-10,28,quantile,0.75,17.92158196358542
2024-07-20,wk inc flu hosp,3,2024-08-10,28,quantile,0.8,21.77124012895453
2024-07-20,wk inc flu hosp,3,2024-08-10,28,quantile,0.85,27.201422009427183
2024-07-20,wk inc flu hosp,3,2024-08-10,28,quantile,0.9,35.60689659034649
2024-07-20,wk inc flu hosp,3,2024-08-10,28,quantile,0.95,49.85486548937874
2024-07-20,wk inc flu hosp,3,2024-08-10,28,quantile,0.975,61.47213614689556
2024-07-20,wk inc flu hosp,3,2024-08-10,28,quantile,0.99,89.94192015330486
2024-07-20,wk inc flu hosp,3,2024-08-10,29,quantile,0.01,0
2024-07-20,wk inc flu hosp,3,2024-08-10,29,quantile,0.025,0
2024-07-20,wk inc flu hosp,3,2024-08-10,29,quantile,0.05,0
2024-07-20,wk inc flu hosp,3,2024-08-10,29,quantile,0.1,0
2024-07-20,wk inc flu hosp,3,2024-08-10,29,quantile,0.15,0.019405726757616124
2024-07-20,wk inc flu hosp,3,2024-08-10,29,quantile,0.2,0.20777430647116488
2024-07-20,wk inc flu hosp,3,2024-08-10,29,quantile,0.25,0.39614288618471355
2024-07-20,wk inc flu hosp,3,2024-08-10,29,quantile,0.3,0.73351562622178
2024-07-20,wk inc flu hosp,3,2024-08-10,29,quantile,0.35,1.5141889304084388
2024-07-20,wk inc flu hosp,3,2024-08-10,29,quantile,0.4,2.3559395498085127
2024-07-20,wk inc flu hosp,3,2024-08-10,29,quantile,0.45,2.9637263363059043
2024-07-20,wk inc flu hosp,3,2024-08-10,29,quantile,0.5,3.945117429142238
2024-07-20,wk inc flu hosp,3,2024-08-10,29,quantile,0.55,5.418471899469765
2024-07-20,wk inc flu hosp,3,2024-08-10,29,quantile,0.6,9.17246212382617
2024-07-20,wk inc flu hosp,3,2024-08-10,29,quantile,0.65,14.425163659175093
2024-07-20,wk inc flu hosp,3,2024-08-10,29,quantile,0.7,20.167617813458996
2024-07-20,wk inc flu hosp,3,2024-08-10,29,quantile,0.75,28.233129350447484
2024-07-20,wk inc flu hosp,3,2024-08-10,29,quantile,0.8,38.514530014654405
2024-07-20,wk inc flu hosp,3,2024-08-10,29,quantile,0.85,52.58755405902862
2024-07-20,wk inc flu hosp,3,2024-08-10,29,quantile,0.9,70.13335488278155
2024-07-20,wk inc flu hosp,3,2024-08-10,29,quantile,0.95,100.67292019278479
2024-07-20,wk inc flu hosp,3,2024-08-10,29,quantile,0.975,132.97950209743553
2024-07-20,wk inc flu hosp,3,2024-08-10,29,quantile,0.99,242.4850139496267
2024-07-20,wk inc flu hosp,3,2024-08-10,30,quantile,0.01,0
2024-07-20,wk inc flu hosp,3,2024-08-10,30,quantile,0.025,0
2024-07-20,wk inc flu hosp,3,2024-08-10,30,quantile,0.05,0
2024-07-20,wk inc flu hosp,3,2024-08-10,30,quantile,0.1,0
2024-07-20,wk inc flu hosp,3,2024-08-10,30,quantile,0.15,0
2024-07-20,wk inc flu hosp,3,2024-08-10,30,quantile,0.2,0.037344627974326805
2024-07-20,wk inc flu hosp,3,2024-08-10,30,quantile,0.25,0.10212128386254961
2024-07-20,wk inc flu hosp,3,2024-08-10,30,quantile,0.3,0.26555832576552674
2024-07-20,wk inc flu hosp,3,2024-08-10,30,quantile,0.35,0.3873220561257177
2024-07-20,wk inc flu hosp,3,2024-08-10,30,quantile,0.4,0.524809855973209
2024-07-20,wk inc flu hosp,3,2024-08-10,30,quantile,0.45,0.677953050250365
2024-07-20,wk inc flu hosp,3,2024-08-10,30,quantile,0.5,0.8963281654371548
2024-07-20,wk inc flu hosp,3,2024-08-10,30,quantile,0.55,1.2679708066333588
2024-07-20,wk inc flu hosp,3,2024-08-10,30,quantile,0.6,1.7621064829704083
2024-07-20,wk inc flu hosp,3,2024-08-10,30,quantile,0.65,2.3402015404431538
2024-07-20,wk inc flu hosp,3,2024-08-10,30,quantile,0.7,3.1931774292770028
2024-07-20,wk inc flu hosp,3,2024-08-10,30,quantile,0.75,4.259344921116006
2024-07-20,wk inc flu hosp,3,2024-08-10,30,quantile,0.8,5.55877704352165
2024-07-20,wk inc flu hosp,3,2024-08-10,30,quantile,0.85,7.276107676498477
2024-07-20,wk inc flu hosp,3,2024-08-10,30,quantile,0.9,9.388558810963886
2024-07-20,wk inc flu hosp,3,2024-08-10,30,quantile,0.95,13.8416639860297
2024-07-20,wk inc flu hosp,3,2024-08-10,30,quantile,0.975,18.0182523291989
2024-07-20,wk inc flu hosp,3,2024-08-10,30,quantile,0.99,27.25643983833221
2024-07-20,wk inc flu hosp,3,2024-08-10,31,quantile,0.01,0
2024-07-20,wk inc flu hosp,3,2024-08-10,31,quantile,0.025,0
2024-07-20,wk inc flu hosp,3,2024-08-10,31,quantile,0.05,0
2024-07-20,wk inc flu hosp,3,2024-08-10,31,quantile,0.1,0
2024-07-20,wk inc flu hosp,3,2024-08-10,31,quantile,0.15,0
2024-07-20,wk inc flu hosp,3,2024-08-10,31,quantile,0.2,0.00235375555036699
2024-07-20,wk inc flu hosp,3,2024-08-10,31,quantile,0.25,0.015587546227609952
2024-07-20,wk inc flu hosp,3,2024-08-10,31,quantile,0.3,0.028821336904852914
2024-07-20,wk inc flu hosp,3,2024-08-10,31,quantile,0.35,0.042055127582095876
2024-07-20,wk inc flu hosp,3,2024-08-10,31,quantile,0.4,0.055288918259338855
2024-07-20,wk inc flu hosp,3,2024-08-10,31,quantile,0.45,0.06852270893658181
2024-07-20,wk inc flu hosp,3,2024-08-10,31,quantile,0.5,0.19133296699634506
2024-07-20,wk inc flu hosp,3,2024-08-10,31,quantile,0.55,0.38017375960781175
2024-07-20,wk inc flu hosp,3,2024-08-10,31,quantile,0.6,0.9233835608911003
2024-07-20,wk inc flu hosp,3,2024-08-10,31,quantile,0.65,1.995818482049342
2024-07-20,wk inc flu hosp,3,2024-08-10,31,quantile,0.7,3.169815300715896
2024-07-20,wk inc flu hosp,3,2024-08-10,31,quantile,0.75,5.026293727129738
2024-07-20,wk inc flu hosp,3,2024-08-10,31,quantile,0.8,7.15167935533388
2024-07-20,wk inc flu hosp,3,2024-08-10,31,quantile,0.85,9.577228644718224
2024-07-20,wk inc flu hosp,3,2024-08-10,31,quantile,0.9,12.549796505871804
2024-07-20,wk inc flu hosp,3,2024-08-10,31,quantile,0.95,17.209509797160106
2024-07-20,wk inc flu hosp,3,2024-08-10,31,quantile,0.975,22.074398004889876
2024-07-20,wk inc flu hosp,3,2024-08-10,31,quantile,0.99,33.52695406154883
2024-07-20,wk inc flu hosp,3,2024-08-10,32,quantile,0.01,0
2024-07-20,wk inc flu hosp,3,2024-08-10,32,quantile,0.025,0
2024-07-20,wk inc flu hosp,3,2024-08-10,32,quantile,0.05,0
2024-07-20,wk inc flu hosp,3,2024-08-10,32,quantile,0.1,0
2024-07-20,wk inc flu hosp,3,2024-08-10,32,quantile,0.15,0
2024-07-20,wk inc flu hosp,3,2024-08-10,32,quantile,0.2,0.024501802875829707
2024-07-20,wk inc flu hosp,3,2024-08-10,32,quantile,0.25,0.09189692540619242
2024-07-20,wk inc flu hosp,3,2024-08-10,32,quantile,0.3,0.1958547979800739
2024-07-20,wk inc flu hosp,3,2024-08-10,32,quantile,0.35,0.4153676420858756
2024-07-20,wk inc flu hosp,3,2024-08-10,32,quantile,0.4,0.7646599100045087
2024-07-20,wk inc flu hosp,3,2024-08-10,32,quantile,0.45,1.0434989193704256
2024-07-20,wk inc flu hosp,3,2024-08-10,32,quantile,0.5,1.2922411378212073
2024-07-20,wk inc flu hosp,3,2024-08-10,32,quantile,0.55,1.7105336190174851
2024-07-20,wk inc flu hosp,3,2024-08-10,32,quantile,0.6,2.1188640903467144
2024-07-20,wk inc flu hosp,3,2024-08-10,32,quantile,0.65,2.6599438601931666
2024-07-20,wk inc flu hosp,3,2024-08-10,32,quantile,0.7,4.8309898452475055
2024-07-20,wk inc flu hosp,3,2024-08-10,32,quantile,0.75,7.479612930659192
2024-07-20,wk inc flu hosp,3,2024-08-10,32,quantile,0.8,11.309421397364158
2024-07-20,wk inc flu hosp,3,2024-08-10,32,quantile,0.85,15.88672217905441
2024-07-20,wk inc flu hosp,3,2024-08-10,32,quantile,0.9,22.186958838928458
2024-07-20,wk inc flu hosp,3,2024-08-10,32,quantile,0.95,31.942807578593122
2024-07-20,wk inc flu hosp,3,2024-08-10,32,quantile,0.975,42.05222925720727
2024-07-20,wk inc flu hosp,3,2024-08-10,32,quantile,0.99,50.20111866115227
2024-07-20,wk inc flu hosp,3,2024-08-10,33,quantile,0.01,0
2024-07-20,wk inc flu hosp,3,2024-08-10,33,quantile,0.025,0
2024-07-20,wk inc flu hosp,3,2024-08-10,33,quantile,0.05,0
2024-07-20,wk inc flu hosp,3,2024-08-10,33,quantile,0.1,0
2024-07-20,wk inc flu hosp,3,2024-08-10,33,quantile,0.15,0
2024-07-20,wk inc flu hosp,3,2024-08-10,33,quantile,0.2,0
2024-07-20,wk inc flu hosp,3,2024-08-10,33,quantile,0.25,0.01740532162593093
2024-07-20,wk inc flu hosp,3,2024-08-10,33,quantile,0.3,0.04196446117535598
2024-07-20,wk inc flu hosp,3,2024-08-10,33,quantile,0.35,0.06652360072478103
2024-07-20,wk inc flu hosp,3,2024-08-10,33,quantile,0.4,0.12173825179467147
2024-07-20,wk inc flu hosp,3,2024-08-10,33,quantile,0.45,0.2027525837759903
2024-07-20,wk inc flu hosp,3,2024-08-10,33,quantile,0.5,0.4508016119966405
2024-07-20,wk inc flu hosp,3,2024-08-10,33,quantile,0.55,0.8001393774899093
2024-07-20,wk inc flu hosp,3,2024-08-10,33,quantile,0.6,1.3017237444468392
2024-07-20,wk inc flu hosp,3,2024-08-10,33,quantile,0.65,2.2264926276126533
2024-07-20,wk inc flu hosp,3,2024-08-10,33,quantile,0.7,3.8971579764771
2024-07-20,wk inc flu hosp,3,2024-08-10,33,quantile,0.75,5.7999502207610405
2024-07-20,wk inc flu hosp,3,2024-08-10,33,quantile,0.8,8.059499321673007
2024-07-20,wk inc flu hosp,3,2024-08-10,33,quantile,0.85,10.589734325667665
2024-07-20,wk inc flu hosp,3,2024-08-10,33,quantile,0.9,13.861378223794173
2024-07-20,wk inc flu hosp,3,2024-08-10,33,quantile,0.95,19.758952098250624
2024-07-20,wk inc flu hosp,3,2024-08-10,33,quantile,0.975,25.25461674012477
2024-07-20,wk inc flu hosp,3,2024-08-10,33,quantile,0.99,38.20387254246346
2024-07-20,wk inc flu hosp,3,2024-08-10,34,quantile,0.01,0
2024-07-20,wk inc flu hosp,3,2024-08-10,34,quantile,0.025,0
2024-07-20,wk inc flu hosp,3,2024-08-10,34,quantile,0.05,0
2024-07-20,wk inc flu hosp,3,2024-08-10,34,quantile,0.1,0
2024-07-20,wk inc flu hosp,3,2024-08-10,34,quantile,0.15,0.3972361224495881
2024-07-20,wk inc flu hosp,3,2024-08-10,34,quantile,0.2,2.001737534833025
2024-07-20,wk inc flu hosp,3,2024-08-10,34,quantile,0.25,3.6062389472164584
2024-07-20,wk inc flu hosp,3,2024-08-10,34,quantile,0.3,5.10492521895161
2024-07-20,wk inc flu hosp,3,2024-08-10,34,quantile,0.35,5.8449531244553965
2024-07-20,wk inc flu hosp,3,2024-08-10,34,quantile,0.4,8.064253818369066
2024-07-20,wk inc flu hosp,3,2024-08-10,34,quantile,0.45,12.381387540670797
2024-07-20,wk inc flu hosp,3,2024-08-10,34,quantile,0.5,15.680651607834475
2024-07-20,wk inc flu hosp,3,2024-08-10,34,quantile,0.55,18.281790931909363
2024-07-20,wk inc flu hosp,3,2024-08-10,34,quantile,0.6,21.308882674597776
2024-07-20,wk inc flu hosp,3,2024-08-10,34,quantile,0.65,24.476421303345713
2024-07-20,wk inc flu hosp,3,2024-08-10,34,quantile,0.7,28.496292870375676
2024-07-20,wk inc flu hosp,3,2024-08-10,34,quantile,0.75,35.54154130576029
2024-07-20,wk inc flu hosp,3,2024-08-10,34,quantile,0.8,44.577540221363705
2024-07-20,wk inc flu hosp,3,2024-08-10,34,quantile,0.85,55.803888928844096
2024-07-20,wk inc flu hosp,3,2024-08-10,34,quantile,0.9,74.38056990612655
2024-07-20,wk inc flu hosp,3,2024-08-10,34,quantile,0.95,106.40735947379522
2024-07-20,wk inc flu hosp,3,2024-08-10,34,quantile,0.975,170.69515264868875
2024-07-20,wk inc flu hosp,3,2024-08-10,34,quantile,0.99,323.24054806860795
2024-07-20,wk inc flu hosp,3,2024-08-10,35,quantile,0.01,0
2024-07-20,wk inc flu hosp,3,2024-08-10,35,quantile,0.025,0
2024-07-20,wk inc flu hosp,3,2024-08-10,35,quantile,0.05,0
2024-07-20,wk inc flu hosp,3,2024-08-10,35,quantile,0.1,0
2024-07-20,wk inc flu hosp,3,2024-08-10,35,quantile,0.15,0.043973956361592334
2024-07-20,wk inc flu hosp,3,2024-08-10,35,quantile,0.2,0.12777619367885368
2024-07-20,wk inc flu hosp,3,2024-08-10,35,quantile,0.25,0.211578430996115
2024-07-20,wk inc flu hosp,3,2024-08-10,35,quantile,0.3,0.3625812728785535
2024-07-20,wk inc flu hosp,3,2024-08-10,35,quantile,0.35,0.5894621620582289
2024-07-20,wk inc flu hosp,3,2024-08-10,35,quantile,0.4,1.2028706665285895
2024-07-20,wk inc flu hosp,3,2024-08-10,35,quantile,0.45,1.6760693691565123
2024-07-20,wk inc flu hosp,3,2024-08-10,35,quantile,0.5,1.9806360769130167
2024-07-20,wk inc flu hosp,3,2024-08-10,35,quantile,0.55,2.8351482285115166
2024-07-20,wk inc flu hosp,3,2024-08-10,35,quantile,0.6,3.876860449301124
2024-07-20,wk inc flu hosp,3,2024-08-10,35,quantile,0.65,4.920764851620698
2024-07-20,wk inc flu hosp,3,2024-08-10,35,quantile,0.7,6.409688574588857
2024-07-20,wk inc flu hosp,3,2024-08-10,35,quantile,0.75,8.04227610498156
2024-07-20,wk inc flu hosp,3,2024-08-10,35,quantile,0.8,10.06327067765284
2024-07-20,wk inc flu hosp,3,2024-08-10,35,quantile,0.85,12.637964969388777
2024-07-20,wk inc flu hosp,3,2024-08-10,35,quantile,0.9,16.32290815046816
2024-07-20,wk inc flu hosp,3,2024-08-10,35,quantile,0.95,24.817059440012994
2024-07-20,wk inc flu hosp,3,2024-08-10,35,quantile,0.975,38.297444299597544
2024-07-20,wk inc flu hosp,3,2024-08-10,35,quantile,0.99,79.26405168679277
2024-07-20,wk inc flu hosp,3,2024-08-10,36,quantile,0.01,0
2024-07-20,wk inc flu hosp,3,2024-08-10,36,quantile,0.025,0
2024-07-20,wk inc flu hosp,3,2024-08-10,36,quantile,0.05,0
2024-07-20,wk inc flu hosp,3,2024-08-10,36,quantile,0.1,0
2024-07-20,wk inc flu hosp,3,2024-08-10,36,quantile,0.15,0
2024-07-20,wk inc flu hosp,3,2024-08-10,36,quantile,0.2,0.2537316807198216
2024-07-20,wk inc flu hosp,3,2024-08-10,36,quantile,0.25,0.5503947253369547
2024-07-20,wk inc flu hosp,3,2024-08-10,36,quantile,0.3,0.8470577699540877
2024-07-20,wk inc flu hosp,3,2024-08-10,36,quantile,0.35,1.4062997706398528
2024-07-20,wk inc flu hosp,3,2024-08-10,36,quantile,0.4,2.0456214410114617
2024-07-20,wk inc flu hosp,3,2024-08-10,36,quantile,0.45,2.803919236246714
2024-07-20,wk inc flu hosp,3,2024-08-10,36,quantile,0.5,3.816890843646376
2024-07-20,wk inc flu hosp,3,2024-08-10,36,quantile,0.55,5.3295030580879255
2024-07-20,wk inc flu hosp,3,2024-08-10,36,quantile,0.6,8.492157809610973
2024-07-20,wk inc flu hosp,3,2024-08-10,36,quantile,0.65,14.226366155248861
2024-07-20,wk inc flu hosp,3,2024-08-10,36,quantile,0.7,23.787215043491564
2024-07-20,wk inc flu hosp,3,2024-08-10,36,quantile,0.75,34.81269925190124
2024-07-20,wk inc flu hosp,3,2024-08-10,36,quantile,0.8,46.911097628725635
2024-07-20,wk inc flu hosp,3,2024-08-10,36,quantile,0.85,61.22415905187146
2024-07-20,wk inc flu hosp,3,2024-08-10,36,quantile,0.9,82.07091676386106
2024-07-20,wk inc flu hosp,3,2024-08-10,36,quantile,0.95,130.33907730869095
2024-07-20,wk inc flu hosp,3,2024-08-10,36,quantile,0.975,235.59081688683045
2024-07-20,wk inc flu hosp,3,2024-08-10,36,quantile,0.99,507.1161419646477
2024-07-20,wk inc flu hosp,3,2024-08-10,37,quantile,0.01,0
2024-07-20,wk inc flu hosp,3,2024-08-10,37,quantile,0.025,0
2024-07-20,wk inc flu hosp,3,2024-08-10,37,quantile,0.05,0
2024-07-20,wk inc flu hosp,3,2024-08-10,37,quantile,0.1,0
2024-07-20,wk inc flu hosp,3,2024-08-10,37,quantile,0.15,0.05240837733044305
2024-07-20,wk inc flu hosp,3,2024-08-10,37,quantile,0.2,0.2238569445513665
2024-07-20,wk inc flu hosp,3,2024-08-10,37,quantile,0.25,0.3953055117722899
2024-07-20,wk inc flu hosp,3,2024-08-10,37,quantile,0.3,0.591405403741779
2024-07-20,wk inc flu hosp,3,2024-08-10,37,quantile,0.35,1.0357502438495543
2024-07-20,wk inc flu hosp,3,2024-08-10,37,quantile,0.4,2.0932067366170215
2024-07-20,wk inc flu hosp,3,2024-08-10,37,quantile,0.45,5.700987266087331
2024-07-20,wk inc flu hosp,3,2024-08-10,37,quantile,0.5,12.389064436376401
2024-07-20,wk inc flu hosp,3,2024-08-10,37,quantile,0.55,21.408430609667768
2024-07-20,wk inc flu hosp,3,2024-08-10,37,quantile,0.6,30.16464566182214
2024-07-20,wk inc flu hosp,3,2024-08-10,37,quantile,0.65,38.698241788096084
2024-07-20,wk inc flu hosp,3,2024-08-10,37,quantile,0.7,48.14512844006464
2024-07-20,wk inc flu hosp,3,2024-08-10,37,quantile,0.75,57.606495852702416
2024-07-20,wk inc flu hosp,3,2024-08-10,37,quantile,0.8,68.55060488574219
2024-07-20,wk inc flu hosp,3,2024-08-10,37,quantile,0.85,81.902786225024
2024-07-20,wk inc flu hosp,3,2024-08-10,37,quantile,0.9,99.14116284120935
2024-07-20,wk inc flu hosp,3,2024-08-10,37,quantile,0.95,128.46308506115065
2024-07-20,wk inc flu hosp,3,2024-08-10,37,quantile,0.975,158.05227161394987
2024-07-20,wk inc flu hosp,3,2024-08-10,37,quantile,0.99,283.89272736041784
2024-07-20,wk inc flu hosp,3,2024-08-10,38,quantile,0.01,0
2024-07-20,wk inc flu hosp,3,2024-08-10,38,quantile,0.025,0
2024-07-20,wk inc flu hosp,3,2024-08-10,38,quantile,0.05,0
2024-07-20,wk inc flu hosp,3,2024-08-10,38,quantile,0.1,0
2024-07-20,wk inc flu hosp,3,2024-08-10,38,quantile,0.15,0
2024-07-20,wk inc flu hosp,3,2024-08-10,38,quantile,0.2,0.009696888248476618
2024-07-20,wk inc flu hosp,3,2024-08-10,38,quantile,0.25,0.02476555491856187
2024-07-20,wk inc flu hosp,3,2024-08-10,38,quantile,0.3,0.03983422158864712
2024-07-20,wk inc flu hosp,3,2024-08-10,38,quantile,0.35,0.06643389648854961
2024-07-20,wk inc flu hosp,3,2024-08-10,38,quantile,0.4,0.09864883490629858
2024-07-20,wk inc flu hosp,3,2024-08-10,38,quantile,0.45,0.1476397367324976
2024-07-20,wk inc flu hosp,3,2024-08-10,38,quantile,0.5,0.37856676970683545
2024-07-20,wk inc flu hosp,3,2024-08-10,38,quantile,0.55,0.7715058521817022
2024-07-20,wk inc flu hosp,3,2024-08-10,38,quantile,0.6,1.1157939780997777
2024-07-20,wk inc flu hosp,3,2024-08-10,38,quantile,0.65,1.581388713330999
2024-07-20,wk inc flu hosp,3,2024-08-10,38,quantile,0.7,2.1524765144129305
2024-07-20,wk inc flu hosp,3,2024-08-10,38,quantile,0.75,2.773420414596726
2024-07-20,wk inc flu hosp,3,2024-08-10,38,quantile,0.8,3.4971666638628354
2024-07-20,wk inc flu hosp,3,2024-08-10,38,quantile,0.85,4.453556729219487
2024-07-20,wk inc flu hosp,3,2024-08-10,38,quantile,0.9,5.675921504161567
2024-07-20,wk inc flu hosp,3,2024-08-10,38,quantile,0.95,7.976962749803442
2024-07-20,wk inc flu hosp,3,2024-08-10,38,quantile,0.975,10.324895204634291
2024-07-20,wk inc flu hosp,3,2024-08-10,38,quantile,0.99,17.263901274597877
2024-07-20,wk inc flu hosp,3,2024-08-10,39,quantile,0.01,0
2024-07-20,wk inc flu hosp,3,2024-08-10,39,quantile,0.025,0
2024-07-20,wk inc flu hosp,3,2024-08-10,39,quantile,0.05,0
2024-07-20,wk inc flu hosp,3,2024-08-10,39,quantile,0.1,0
2024-07-20,wk inc flu hosp,3,2024-08-10,39,quantile,0.15,0.1934619395824819
2024-07-20,wk inc flu hosp,3,2024-08-10,39,quantile,0.2,0.4964260316712027
2024-07-20,wk inc flu hosp,3,2024-08-10,39,quantile,0.25,1.2236620864499603
2024-07-20,wk inc flu hosp,3,2024-08-10,39,quantile,0.3,3.3705175211570437
2024-07-20,wk inc flu hosp,3,2024-08-10,39,quantile,0.35,5.4262330823353
2024-07-20,wk inc flu hosp,3,2024-08-10,39,quantile,0.4,6.351606021355611
2024-07-20,wk inc flu hosp,3,2024-08-10,39,quantile,0.45,8.770992934488598
2024-07-20,wk inc flu hosp,3,2024-08-10,39,quantile,0.5,11.808906057347713
2024-07-20,wk inc flu hosp,3,2024-08-10,39,quantile,0.55,14.655373693448423
2024-07-20,wk inc flu hosp,3,2024-08-10,39,quantile,0.6,19.528264599078145
2024-07-20,wk inc flu hosp,3,2024-08-10,39,quantile,0.65,25.49404621432925
2024-07-20,wk inc flu hosp,3,2024-08-10,39,quantile,0.7,32.43911226094352
2024-07-20,wk inc flu hosp,3,2024-08-10,39,quantile,0.75,41.10449340705251
2024-07-20,wk inc flu hosp,3,2024-08-10,39,quantile,0.8,50.38226355865969
2024-07-20,wk inc flu hosp,3,2024-08-10,39,quantile,0.85,62.88957324405886
2024-07-20,wk inc flu hosp,3,2024-08-10,39,quantile,0.9,79.86446187320789
2024-07-20,wk inc flu hosp,3,2024-08-10,39,quantile,0.95,113.13551378795526
2024-07-20,wk inc flu hosp,3,2024-08-10,39,quantile,0.975,168.6778585213528
2024-07-20,wk inc flu hosp,3,2024-08-10,39,quantile,0.99,241.29120193903026
2024-07-20,wk inc flu hosp,3,2024-08-10,40,quantile,0.01,0
2024-07-20,wk inc flu hosp,3,2024-08-10,40,quantile,0.025,0
2024-07-20,wk inc flu hosp,3,2024-08-10,40,quantile,0.05,0
2024-07-20,wk inc flu hosp,3,2024-08-10,40,quantile,0.1,0
2024-07-20,wk inc flu hosp,3,2024-08-10,40,quantile,0.15,0
2024-07-20,wk inc flu hosp,3,2024-08-10,40,quantile,0.2,0.08770881605390032
2024-07-20,wk inc flu hosp,3,2024-08-10,40,quantile,0.25,0.23825069747929534
2024-07-20,wk inc flu hosp,3,2024-08-10,40,quantile,0.3,0.43295188090054804
2024-07-20,wk inc flu hosp,3,2024-08-10,40,quantile,0.35,0.9221895860329062
2024-07-20,wk inc flu hosp,3,2024-08-10,40,quantile,0.4,1.420204172552724
2024-07-20,wk inc flu hosp,3,2024-08-10,40,quantile,0.45,2.0766238400372146
2024-07-20,wk inc flu hosp,3,2024-08-10,40,quantile,0.5,2.720884648860295
2024-07-20,wk inc flu hosp,3,2024-08-10,40,quantile,0.55,3.7520385650566492
2024-07-20,wk inc flu hosp,3,2024-08-10,40,quantile,0.6,4.999258778844738
2024-07-20,wk inc flu hosp,3,2024-08-10,40,quantile,0.65,6.289143655775976
2024-07-20,wk inc flu hosp,3,2024-08-10,40,quantile,0.7,10.86515862489096
2024-07-20,wk inc flu hosp,3,2024-08-10,40,quantile,0.75,19.214166922447447
2024-07-20,wk inc flu hosp,3,2024-08-10,40,quantile,0.8,28.732911713769585
2024-07-20,wk inc flu hosp,3,2024-08-10,40,quantile,0.85,40.53269399328246
2024-07-20,wk inc flu hosp,3,2024-08-10,40,quantile,0.9,55.4172590840827
2024-07-20,wk inc flu hosp,3,2024-08-10,40,quantile,0.95,80.20589127085111
2024-07-20,wk inc flu hosp,3,2024-08-10,40,quantile,0.975,106.79868480373528
2024-07-20,wk inc flu hosp,3,2024-08-10,40,quantile,0.99,149.65534180755031
2024-07-20,wk inc flu hosp,3,2024-08-10,41,quantile,0.01,0
2024-07-20,wk inc flu hosp,3,2024-08-10,41,quantile,0.025,0
2024-07-20,wk inc flu hosp,3,2024-08-10,41,quantile,0.05,0
2024-07-20,wk inc flu hosp,3,2024-08-10,41,quantile,0.1,0
2024-07-20,wk inc flu hosp,3,2024-08-10,41,quantile,0.15,0
2024-07-20,wk inc flu hosp,3,2024-08-10,41,quantile,0.2,0.02386818424464446
2024-07-20,wk inc flu hosp,3,2024-08-10,41,quantile,0.25,0.10467232567452762
2024-07-20,wk inc flu hosp,3,2024-08-10,41,quantile,0.3,0.18547646710441076
2024-07-20,wk inc flu hosp,3,2024-08-10,41,quantile,0.35,0.2662806085342939
2024-07-20,wk inc flu hosp,3,2024-08-10,41,quantile,0.4,0.4499085088815753
2024-07-20,wk inc flu hosp,3,2024-08-10,41,quantile,0.45,0.7190085955320719
2024-07-20,wk inc flu hosp,3,2024-08-10,41,quantile,0.5,1.326983943085644
2024-07-20,wk inc flu hosp,3,2024-08-10,41,quantile,0.55,2.6311736318292582
2024-07-20,wk inc flu hosp,3,2024-08-10,41,quantile,0.6,4.725965091040635
2024-07-20,wk inc flu hosp,3,2024-08-10,41,quantile,0.65,7.676938697387569
2024-07-20,wk inc flu hosp,3,2024-08-10,41,quantile,0.7,12.1387066756641
2024-07-20,wk inc flu hosp,3,2024-08-10,41,quantile,0.75,17.21708026181671
2024-07-20,wk inc flu hosp,3,2024-08-10,41,quantile,0.8,22.941752076136524
2024-07-20,wk inc flu hosp,3,2024-08-10,41,quantile,0.85,29.009750158764707
2024-07-20,wk inc flu hosp,3,2024-08-10,41,quantile,0.9,37.72432615442455
2024-07-20,wk inc flu hosp,3,2024-08-10,41,quantile,0.95,52.64163454298998
2024-07-20,wk inc flu hosp,3,2024-08-10,41,quantile,0.975,70.4147307092198
2024-07-20,wk inc flu hosp,3,2024-08-10,41,quantile,0.99,103.81219618680953
2024-07-20,wk inc flu hosp,3,2024-08-10,42,quantile,0.01,0
2024-07-20,wk inc flu hosp,3,2024-08-10,42,quantile,0.025,0
2024-07-20,wk inc flu hosp,3,2024-08-10,42,quantile,0.05,0.18274425686004467
2024-07-20,wk inc flu hosp,3,2024-08-10,42,quantile,0.1,4.47332823924275
2024-07-20,wk inc flu hosp,3,2024-08-10,42,quantile,0.15,10.188637278540083
2024-07-20,wk inc flu hosp,3,2024-08-10,42,quantile,0.2,18.881960685903135
2024-07-20,wk inc flu hosp,3,2024-08-10,42,quantile,0.25,24.456618219809634
2024-07-20,wk inc flu hosp,3,2024-08-10,42,quantile,0.3,30.593698711339567
2024-07-20,wk inc flu hosp,3,2024-08-10,42,quantile,0.35,36.4811122678188
2024-07-20,wk inc flu hosp,3,2024-08-10,42,quantile,0.4,40.00197594763577
2024-07-20,wk inc flu hosp,3,2024-08-10,42,quantile,0.45,44.29856855065278
2024-07-20,wk inc flu hosp,3,2024-08-10,42,quantile,0.5,50.43443342051217
2024-07-20,wk inc flu hosp,3,2024-08-10,42,quantile,0.55,58.01679371463102
2024-07-20,wk inc flu hosp,3,2024-08-10,42,quantile,0.6,65.85757083092804
2024-07-20,wk inc flu hosp,3,2024-08-10,42,quantile,0.65,76.89438635498215
2024-07-20,wk inc flu hosp,3,2024-08-10,42,quantile,0.7,91.689218383462
2024-07-20,wk inc flu hosp,3,2024-08-10,42,quantile,0.75,106.2069335568438
2024-07-20,wk inc flu hosp,3,2024-08-10,42,quantile,0.8,122.1285904192343
2024-07-20,wk inc flu hosp,3,2024-08-10,42,quantile,0.85,145.18253493085214
2024-07-20,wk inc flu hosp,3,2024-08-10,42,quantile,0.9,178.56327419709294
2024-07-20,wk inc flu hosp,3,2024-08-10,42,quantile,0.95,243.55893748824806
2024-07-20,wk inc flu hosp,3,2024-08-10,42,quantile,0.975,322.488862969767
2024-07-20,wk inc flu hosp,3,2024-08-10,42,quantile,0.99,676.2028763871659
2024-07-20,wk inc flu hosp,3,2024-08-10,44,quantile,0.01,0
2024-07-20,wk inc flu hosp,3,2024-08-10,44,quantile,0.025,0
2024-07-20,wk inc flu hosp,3,2024-08-10,44,quantile,0.05,0
2024-07-20,wk inc flu hosp,3,2024-08-10,44,quantile,0.1,0
2024-07-20,wk inc flu hosp,3,2024-08-10,44,quantile,0.15,0
2024-07-20,wk inc flu hosp,3,2024-08-10,44,quantile,0.2,0
2024-07-20,wk inc flu hosp,3,2024-08-10,44,quantile,0.25,0.013831956701526399
2024-07-20,wk inc flu hosp,3,2024-08-10,44,quantile,0.3,0.027803122058228557
2024-07-20,wk inc flu hosp,3,2024-08-10,44,quantile,0.35,0.07150343436927108
2024-07-20,wk inc flu hosp,3,2024-08-10,44,quantile,0.4,0.20857618338467548
2024-07-20,wk inc flu hosp,3,2024-08-10,44,quantile,0.45,0.42254988355017675
2024-07-20,wk inc flu hosp,3,2024-08-10,44,quantile,0.5,0.5412572432529881
2024-07-20,wk inc flu hosp,3,2024-08-10,44,quantile,0.55,0.6297931090193861
2024-07-20,wk inc flu hosp,3,2024-08-10,44,quantile,0.6,0.8316137662082467
2024-07-20,wk inc flu hosp,3,2024-08-10,44,quantile,0.65,1.1333417276586855
2024-07-20,wk inc flu hosp,3,2024-08-10,44,quantile,0.7,1.7392650632642956
2024-07-20,wk inc flu hosp,3,2024-08-10,44,quantile,0.75,2.8174290788249565
2024-07-20,wk inc flu hosp,3,2024-08-10,44,quantile,0.8,4.5001669590243125
2024-07-20,wk inc flu hosp,3,2024-08-10,44,quantile,0.85,6.450581787935785
2024-07-20,wk inc flu hosp,3,2024-08-10,44,quantile,0.9,8.957772787443353
2024-07-20,wk inc flu hosp,3,2024-08-10,44,quantile,0.95,13.140480387402235
2024-07-20,wk inc flu hosp,3,2024-08-10,44,quantile,0.975,17.491824859853445
2024-07-20,wk inc flu hosp,3,2024-08-10,44,quantile,0.99,23.378848147109675
2024-07-20,wk inc flu hosp,3,2024-08-10,45,quantile,0.01,0
2024-07-20,wk inc flu hosp,3,2024-08-10,45,quantile,0.025,0
2024-07-20,wk inc flu hosp,3,2024-08-10,45,quantile,0.05,0
2024-07-20,wk inc flu hosp,3,2024-08-10,45,quantile,0.1,0.11299018589669678
2024-07-20,wk inc flu hosp,3,2024-08-10,45,quantile,0.15,0.9076004907041948
2024-07-20,wk inc flu hosp,3,2024-08-10,45,quantile,0.2,1.7105380458664152
2024-07-20,wk inc flu hosp,3,2024-08-10,45,quantile,0.25,2.617219864464653
2024-07-20,wk inc flu hosp,3,2024-08-10,45,quantile,0.3,5.7586699388931875
2024-07-20,wk inc flu hosp,3,2024-08-10,45,quantile,0.35,7.671365431410643
2024-07-20,wk inc flu hosp,3,2024-08-10,45,quantile,0.4,10.462142886841178
2024-07-20,wk inc flu hosp,3,2024-08-10,45,quantile,0.45,12.379856906071645
2024-07-20,wk inc flu hosp,3,2024-08-10,45,quantile,0.5,14.037814172265833
2024-07-20,wk inc flu hosp,3,2024-08-10,45,quantile,0.55,15.926842257441912
2024-07-20,wk inc flu hosp,3,2024-08-10,45,quantile,0.6,18.90378208424733
2024-07-20,wk inc flu hosp,3,2024-08-10,45,quantile,0.65,21.484979603123346
2024-07-20,wk inc flu hosp,3,2024-08-10,45,quantile,0.7,24.694929639215673
2024-07-20,wk inc flu hosp,3,2024-08-10,45,quantile,0.75,29.141743974452
2024-07-20,wk inc flu hosp,3,2024-08-10,45,quantile,0.8,34.69769141608089
2024-07-20,wk inc flu hosp,3,2024-08-10,45,quantile,0.85,42.144866462916674
2024-07-20,wk inc flu hosp,3,2024-08-10,45,quantile,0.9,53.731443042106235
2024-07-20,wk inc flu hosp,3,2024-08-10,45,quantile,0.95,71.61097409202533
2024-07-20,wk inc flu hosp,3,2024-08-10,45,quantile,0.975,90.57591734588506
2024-07-20,wk inc flu hosp,3,2024-08-10,45,quantile,0.99,130.94067927929478
2024-07-20,wk inc flu hosp,3,2024-08-10,46,quantile,0.01,0
2024-07-20,wk inc flu hosp,3,2024-08-10,46,quantile,0.025,0
2024-07-20,wk inc flu hosp,3,2024-08-10,46,quantile,0.05,0
2024-07-20,wk inc flu hosp,3,2024-08-10,46,quantile,0.1,0
2024-07-20,wk inc flu hosp,3,2024-08-10,46,quantile,0.15,0
2024-07-20,wk inc flu hosp,3,2024-08-10,46,quantile,0.2,0.0012212864315055319
2024-07-20,wk inc flu hosp,3,2024-08-10,46,quantile,0.25,0.01982796050194599
2024-07-20,wk inc flu hosp,3,2024-08-10,46,quantile,0.3,0.03843463457238645
2024-07-20,wk inc flu hosp,3,2024-08-10,46,quantile,0.35,0.057041308642826916
2024-07-20,wk inc flu hosp,3,2024-08-10,46,quantile,0.4,0.07564798271326739
2024-07-20,wk inc flu hosp,3,2024-08-10,46,quantile,0.45,0.20994181316497018
2024-07-20,wk inc flu hosp,3,2024-08-10,46,quantile,0.5,0.4051663031003693
2024-07-20,wk inc flu hosp,3,2024-08-10,46,quantile,0.55,0.7599652171543089
2024-07-20,wk inc flu hosp,3,2024-08-10,46,quantile,0.6,1.7915215986030857
2024-07-20,wk inc flu hosp,3,2024-08-10,46,quantile,0.65,3.0641129984360598
2024-07-20,wk inc flu hosp,3,2024-08-10,46,quantile,0.7,4.227607082613388
2024-07-20,wk inc flu hosp,3,2024-08-10,46,quantile,0.75,5.754523811996259
2024-07-20,wk inc flu hosp,3,2024-08-10,46,quantile,0.8,7.440158336742311
2024-07-20,wk inc flu hosp,3,2024-08-10,46,quantile,0.85,9.434976390878768
2024-07-20,wk inc flu hosp,3,2024-08-10,46,quantile,0.9,11.827821961025984
2024-07-20,wk inc flu hosp,3,2024-08-10,46,quantile,0.95,16.15514338923891
2024-07-20,wk inc flu hosp,3,2024-08-10,46,quantile,0.975,21.1458494129496
2024-07-20,wk inc flu hosp,3,2024-08-10,46,quantile,0.99,34.40542638216128
2024-07-20,wk inc flu hosp,3,2024-08-10,47,quantile,0.01,0
2024-07-20,wk inc flu hosp,3,2024-08-10,47,quantile,0.025,0
2024-07-20,wk inc flu hosp,3,2024-08-10,47,quantile,0.05,0
2024-07-20,wk inc flu hosp,3,2024-08-10,47,quantile,0.1,0
2024-07-20,wk inc flu hosp,3,2024-08-10,47,quantile,0.15,0.33140287731975543
2024-07-20,wk inc flu hosp,3,2024-08-10,47,quantile,0.2,1.0559524859988818
2024-07-20,wk inc flu hosp,3,2024-08-10,47,quantile,0.25,2.1354318191259116
2024-07-20,wk inc flu hosp,3,2024-08-10,47,quantile,0.3,3.0418536662506432
2024-07-20,wk inc flu hosp,3,2024-08-10,47,quantile,0.35,4.175243210490188
2024-07-20,wk inc flu hosp,3,2024-08-10,47,quantile,0.4,6.244509663162652
2024-07-20,wk inc flu hosp,3,2024-08-10,47,quantile,0.45,7.969991226362177
2024-07-20,wk inc flu hosp,3,2024-08-10,47,quantile,0.5,11.249304546476639
2024-07-20,wk inc flu hosp,3,2024-08-10,47,quantile,0.55,13.058725889074422
2024-07-20,wk inc flu hosp,3,2024-08-10,47,quantile,0.6,17.561980549084044
2024-07-20,wk inc flu hosp,3,2024-08-10,47,quantile,0.65,21.04725318354769
2024-07-20,wk inc flu hosp,3,2024-08-10,47,quantile,0.7,26.94971012714097
2024-07-20,wk inc flu hosp,3,2024-08-10,47,quantile,0.75,34.251124270222036
2024-07-20,wk inc flu hosp,3,2024-08-10,47,quantile,0.8,42.76006703427234
2024-07-20,wk inc flu hosp,3,2024-08-10,47,quantile,0.85,54.62253700543721
2024-07-20,wk inc flu hosp,3,2024-08-10,47,quantile,0.9,70.55612144442667
2024-07-20,wk inc flu hosp,3,2024-08-10,47,quantile,0.95,94.84715240944497
2024-07-20,wk inc flu hosp,3,2024-08-10,47,quantile,0.975,112.87137733911433
2024-07-20,wk inc flu hosp,3,2024-08-10,47,quantile,0.99,138.26488445270954
2024-07-20,wk inc flu hosp,3,2024-08-10,48,quantile,0.01,0
2024-07-20,wk inc flu hosp,3,2024-08-10,48,quantile,0.025,0
2024-07-20,wk inc flu hosp,3,2024-08-10,48,quantile,0.05,0
2024-07-20,wk inc flu hosp,3,2024-08-10,48,quantile,0.1,0
2024-07-20,wk inc flu hosp,3,2024-08-10,48,quantile,0.15,0.14501383432928058
2024-07-20,wk inc flu hosp,3,2024-08-10,48,quantile,0.2,0.7963376514534996
2024-07-20,wk inc flu hosp,3,2024-08-10,48,quantile,0.25,1.4476614685777183
2024-07-20,wk inc flu hosp,3,2024-08-10,48,quantile,0.3,2.400238158274049
2024-07-20,wk inc flu hosp,3,2024-08-10,48,quantile,0.35,3.767103329604689
2024-07-20,wk inc flu hosp,3,2024-08-10,48,quantile,0.4,6.5497400701991415
2024-07-20,wk inc flu hosp,3,2024-08-10,48,quantile,0.45,11.117887369236026
2024-07-20,wk inc flu hosp,3,2024-08-10,48,quantile,0.5,15.691787936390975
2024-07-20,wk inc flu hosp,3,2024-08-10,48,quantile,0.55,19.8567840501784
2024-07-20,wk inc flu hosp,3,2024-08-10,48,quantile,0.6,22.444398511517786
2024-07-20,wk inc flu hosp,3,2024-08-10,48,quantile,0.65,25.298296548999183
2024-07-20,wk inc flu hosp,3,2024-08-10,48,quantile,0.7,31.31251856149927
2024-07-20,wk inc flu hosp,3,2024-08-10,48,quantile,0.75,40.995089299734524
2024-07-20,wk inc flu hosp,3,2024-08-10,48,quantile,0.8,54.09650626884424
2024-07-20,wk inc flu hosp,3,2024-08-10,48,quantile,0.85,70.35660836043508
2024-07-20,wk inc flu hosp,3,2024-08-10,48,quantile,0.9,96.15370487572238
2024-07-20,wk inc flu hosp,3,2024-08-10,48,quantile,0.95,216.5396720651198
2024-07-20,wk inc flu hosp,3,2024-08-10,48,quantile,0.975,438.8794668486015
2024-07-20,wk inc flu hosp,3,2024-08-10,48,quantile,0.99,724.8586344221375
2024-07-20,wk inc flu hosp,3,2024-08-10,49,quantile,0.01,0
2024-07-20,wk inc flu hosp,3,2024-08-10,49,quantile,0.025,0
2024-07-20,wk inc flu hosp,3,2024-08-10,49,quantile,0.05,0
2024-07-20,wk inc flu hosp,3,2024-08-10,49,quantile,0.1,0
2024-07-20,wk inc flu hosp,3,2024-08-10,49,quantile,0.15,0
2024-07-20,wk inc flu hosp,3,2024-08-10,49,quantile,0.2,0.001720255501760417
2024-07-20,wk inc flu hosp,3,2024-08-10,49,quantile,0.25,0.06129043679472878
2024-07-20,wk inc flu hosp,3,2024-08-10,49,quantile,0.3,0.184210481738463
2024-07-20,wk inc flu hosp,3,2024-08-10,49,quantile,0.35,0.3364892274699005
2024-07-20,wk inc flu hosp,3,2024-08-10,49,quantile,0.4,0.4334064119893501
2024-07-20,wk inc flu hosp,3,2024-08-10,49,quantile,0.45,0.584281019789455
2024-07-20,wk inc flu hosp,3,2024-08-10,49,quantile,0.5,0.8368558139323485
2024-07-20,wk inc flu hosp,3,2024-08-10,49,quantile,0.55,1.3003474762143432
2024-07-20,wk inc flu hosp,3,2024-08-10,49,quantile,0.6,1.7852927068267719
2024-07-20,wk inc flu hosp,3,2024-08-10,49,quantile,0.65,2.555865448370344
2024-07-20,wk inc flu hosp,3,2024-08-10,49,quantile,0.7,4.96620020016647
2024-07-20,wk inc flu hosp,3,2024-08-10,49,quantile,0.75,7.707225123300686
2024-07-20,wk inc flu hosp,3,2024-08-10,49,quantile,0.8,11.88502350171815
2024-07-20,wk inc flu hosp,3,2024-08-10,49,quantile,0.85,16.817191225076623
2024-07-20,wk inc flu hosp,3,2024-08-10,49,quantile,0.9,23.50325819369969
2024-07-20,wk inc flu hosp,3,2024-08-10,49,quantile,0.95,34.22575916239524
2024-07-20,wk inc flu hosp,3,2024-08-10,49,quantile,0.975,43.44143282650751
2024-07-20,wk inc flu hosp,3,2024-08-10,49,quantile,0.99,54.358951744359366
2024-07-20,wk inc flu hosp,3,2024-08-10,50,quantile,0.01,0
2024-07-20,wk inc flu hosp,3,2024-08-10,50,quantile,0.025,0
2024-07-20,wk inc flu hosp,3,2024-08-10,50,quantile,0.05,0
2024-07-20,wk inc flu hosp,3,2024-08-10,50,quantile,0.1,0
2024-07-20,wk inc flu hosp,3,2024-08-10,50,quantile,0.15,0
2024-07-20,wk inc flu hosp,3,2024-08-10,50,quantile,0.2,0
2024-07-20,wk inc flu hosp,3,2024-08-10,50,quantile,0.25,0.00939174047551392
2024-07-20,wk inc flu hosp,3,2024-08-10,50,quantile,0.3,0.02327331474909907
2024-07-20,wk inc flu hosp,3,2024-08-10,50,quantile,0.35,0.03946541002551917
2024-07-20,wk inc flu hosp,3,2024-08-10,50,quantile,0.4,0.06000565440035817
2024-07-20,wk inc flu hosp,3,2024-08-10,50,quantile,0.45,0.0877643584524777
2024-07-20,wk inc flu hosp,3,2024-08-10,50,quantile,0.5,0.14771619249098816
2024-07-20,wk inc flu hosp,3,2024-08-10,50,quantile,0.55,0.304699493484398
2024-07-20,wk inc flu hosp,3,2024-08-10,50,quantile,0.6,0.6275569003803586
2024-07-20,wk inc flu hosp,3,2024-08-10,50,quantile,0.65,1.1481414926941182
2024-07-20,wk inc flu hosp,3,2024-08-10,50,quantile,0.7,1.6554636608337616
2024-07-20,wk inc flu hosp,3,2024-08-10,50,quantile,0.75,2.4495082098899026
2024-07-20,wk inc flu hosp,3,2024-08-10,50,quantile,0.8,3.3480852426506322
2024-07-20,wk inc flu hosp,3,2024-08-10,50,quantile,0.85,4.462690667684211
2024-07-20,wk inc flu hosp,3,2024-08-10,50,quantile,0.9,6.00615717954794
2024-07-20,wk inc flu hosp,3,2024-08-10,50,quantile,0.95,8.331194077152924
2024-07-20,wk inc flu hosp,3,2024-08-10,50,quantile,0.975,10.866676432823656
2024-07-20,wk inc flu hosp,3,2024-08-10,50,quantile,0.99,13.614282479140149
2024-07-20,wk inc flu hosp,3,2024-08-10,51,quantile,0.01,0
2024-07-20,wk inc flu hosp,3,2024-08-10,51,quantile,0.025,0
2024-07-20,wk inc flu hosp,3,2024-08-10,51,quantile,0.05,0
2024-07-20,wk inc flu hosp,3,2024-08-10,51,quantile,0.1,0.01276370253064087
2024-07-20,wk inc flu hosp,3,2024-08-10,51,quantile,0.15,0.3803945807502175
2024-07-20,wk inc flu hosp,3,2024-08-10,51,quantile,0.2,1.556297371766519
2024-07-20,wk inc flu hosp,3,2024-08-10,51,quantile,0.25,3.918980277724438
2024-07-20,wk inc flu hosp,3,2024-08-10,51,quantile,0.3,8.839890776414261
2024-07-20,wk inc flu hosp,3,2024-08-10,51,quantile,0.35,11.351384943901744
2024-07-20,wk inc flu hosp,3,2024-08-10,51,quantile,0.4,14.566229664278316
2024-07-20,wk inc flu hosp,3,2024-08-10,51,quantile,0.45,18.585305765613217
2024-07-20,wk inc flu hosp,3,2024-08-10,51,quantile,0.5,21.175815646592792
2024-07-20,wk inc flu hosp,3,2024-08-10,51,quantile,0.55,24.165011316667655
2024-07-20,wk inc flu hosp,3,2024-08-10,51,quantile,0.6,26.6598497357769
2024-07-20,wk inc flu hosp,3,2024-08-10,51,quantile,0.65,29.90390483059338
2024-07-20,wk inc flu hosp,3,2024-08-10,51,quantile,0.7,35.288737658915124
2024-07-20,wk inc flu hosp,3,2024-08-10,51,quantile,0.75,42.45943960268007
2024-07-20,wk inc flu hosp,3,2024-08-10,51,quantile,0.8,51.19709474002239
2024-07-20,wk inc flu hosp,3,2024-08-10,51,quantile,0.85,62.99545719214909
2024-07-20,wk inc flu hosp,3,2024-08-10,51,quantile,0.9,78.35239030983873
2024-07-20,wk inc flu hosp,3,2024-08-10,51,quantile,0.95,110.2545033072455
2024-07-20,wk inc flu hosp,3,2024-08-10,51,quantile,0.975,160.26342858157636
2024-07-20,wk inc flu hosp,3,2024-08-10,51,quantile,0.99,254.26308104562793
2024-07-20,wk inc flu hosp,3,2024-08-10,53,quantile,0.01,0
2024-07-20,wk inc flu hosp,3,2024-08-10,53,quantile,0.025,0
2024-07-20,wk inc flu hosp,3,2024-08-10,53,quantile,0.05,0.013598021453078405
2024-07-20,wk inc flu hosp,3,2024-08-10,53,quantile,0.1,0.26588928343449597
2024-07-20,wk inc flu hosp,3,2024-08-10,53,quantile,0.15,1.003818205360924
2024-07-20,wk inc flu hosp,3,2024-08-10,53,quantile,0.2,2.4170807139032067
2024-07-20,wk inc flu hosp,3,2024-08-10,53,quantile,0.25,3.4887647387645653
2024-07-20,wk inc flu hosp,3,2024-08-10,53,quantile,0.3,4.733667884605106
2024-07-20,wk inc flu hosp,3,2024-08-10,53,quantile,0.35,7.218581049161622
2024-07-20,wk inc flu hosp,3,2024-08-10,53,quantile,0.4,8.489395770653926
2024-07-20,wk inc flu hosp,3,2024-08-10,53,quantile,0.45,10.11358795655937
2024-07-20,wk inc flu hosp,3,2024-08-10,53,quantile,0.5,13.037904669994157
2024-07-20,wk inc flu hosp,3,2024-08-10,53,quantile,0.55,16.555401084440177
2024-07-20,wk inc flu hosp,3,2024-08-10,53,quantile,0.6,20.344445558000828
2024-07-20,wk inc flu hosp,3,2024-08-10,53,quantile,0.65,25.048618466879358
2024-07-20,wk inc flu hosp,3,2024-08-10,53,quantile,0.7,30.23906102589494
2024-07-20,wk inc flu hosp,3,2024-08-10,53,quantile,0.75,35.63662204694097
2024-07-20,wk inc flu hosp,3,2024-08-10,53,quantile,0.8,41.199466229673476
2024-07-20,wk inc flu hosp,3,2024-08-10,53,quantile,0.85,48.95816883305227
2024-07-20,wk inc flu hosp,3,2024-08-10,53,quantile,0.9,59.17877182389179
2024-07-20,wk inc flu hosp,3,2024-08-10,53,quantile,0.95,76.1039439236598
2024-07-20,wk inc flu hosp,3,2024-08-10,53,quantile,0.975,99.13367695419595
2024-07-20,wk inc flu hosp,3,2024-08-10,53,quantile,0.99,152.94175190671623
2024-07-20,wk inc flu hosp,3,2024-08-10,54,quantile,0.01,0
2024-07-20,wk inc flu hosp,3,2024-08-10,54,quantile,0.025,0
2024-07-20,wk inc flu hosp,3,2024-08-10,54,quantile,0.05,0
2024-07-20,wk inc flu hosp,3,2024-08-10,54,quantile,0.1,0
2024-07-20,wk inc flu hosp,3,2024-08-10,54,quantile,0.15,0
2024-07-20,wk inc flu hosp,3,2024-08-10,54,quantile,0.2,0.005722676426908125
2024-07-20,wk inc flu hosp,3,2024-08-10,54,quantile,0.25,0.0313488775983238
2024-07-20,wk inc flu hosp,3,2024-08-10,54,quantile,0.3,0.05697507876973947
2024-07-20,wk inc flu hosp,3,2024-08-10,54,quantile,0.35,0.08260127994115514
2024-07-20,wk inc flu hosp,3,2024-08-10,54,quantile,0.4,0.13538763742416637
2024-07-20,wk inc flu hosp,3,2024-08-10,54,quantile,0.45,0.28217400382266766
2024-07-20,wk inc flu hosp,3,2024-08-10,54,quantile,0.5,0.4679213019596735
2024-07-20,wk inc flu hosp,3,2024-08-10,54,quantile,0.55,1.2636694314903891
2024-07-20,wk inc flu hosp,3,2024-08-10,54,quantile,0.6,2.311445093314465
2024-07-20,wk inc flu hosp,3,2024-08-10,54,quantile,0.65,4.401959047812378
2024-07-20,wk inc flu hosp,3,2024-08-10,54,quantile,0.7,6.63854663883736
2024-07-20,wk inc flu hosp,3,2024-08-10,54,quantile,0.75,9.37183418297533
2024-07-20,wk inc flu hosp,3,2024-08-10,54,quantile,0.8,12.471128488114186
2024-07-20,wk inc flu hosp,3,2024-08-10,54,quantile,0.85,16.745149882546833
2024-07-20,wk inc flu hosp,3,2024-08-10,54,quantile,0.9,22.794245117895624
2024-07-20,wk inc flu hosp,3,2024-08-10,54,quantile,0.95,31.78966117610592
2024-07-20,wk inc flu hosp,3,2024-08-10,54,quantile,0.975,41.727906692950455
2024-07-20,wk inc flu hosp,3,2024-08-10,54,quantile,0.99,54.9815218711546
2024-07-20,wk inc flu hosp,3,2024-08-10,55,quantile,0.01,0
2024-07-20,wk inc flu hosp,3,2024-08-10,55,quantile,0.025,0
2024-07-20,wk inc flu hosp,3,2024-08-10,55,quantile,0.05,0
2024-07-20,wk inc flu hosp,3,2024-08-10,55,quantile,0.1,0
2024-07-20,wk inc flu hosp,3,2024-08-10,55,quantile,0.15,0
2024-07-20,wk inc flu hosp,3,2024-08-10,55,quantile,0.2,0.050731348456503005
2024-07-20,wk inc flu hosp,3,2024-08-10,55,quantile,0.25,0.2222316420926858
2024-07-20,wk inc flu hosp,3,2024-08-10,55,quantile,0.3,0.5240401900368082
2024-07-20,wk inc flu hosp,3,2024-08-10,55,quantile,0.35,0.8297843342471257
2024-07-20,wk inc flu hosp,3,2024-08-10,55,quantile,0.4,1.347757084535117
2024-07-20,wk inc flu hosp,3,2024-08-10,55,quantile,0.45,1.8984272600715657
2024-07-20,wk inc flu hosp,3,2024-08-10,55,quantile,0.5,2.6154943666965496
2024-07-20,wk inc flu hosp,3,2024-08-10,55,quantile,0.55,3.1852410076585844
2024-07-20,wk inc flu hosp,3,2024-08-10,55,quantile,0.6,4.181032615093568
2024-07-20,wk inc flu hosp,3,2024-08-10,55,quantile,0.65,5.369542920061335
2024-07-20,wk inc flu hosp,3,2024-08-10,55,quantile,0.7,8.404696739778275
2024-07-20,wk inc flu hosp,3,2024-08-10,55,quantile,0.75,15.107394342401003
2024-07-20,wk inc flu hosp,3,2024-08-10,55,quantile,0.8,24.700652625148482
2024-07-20,wk inc flu hosp,3,2024-08-10,55,quantile,0.85,36.81233076346284
2024-07-20,wk inc flu hosp,3,2024-08-10,55,quantile,0.9,52.0974725347093
2024-07-20,wk inc flu hosp,3,2024-08-10,55,quantile,0.95,75.6442821710954
2024-07-20,wk inc flu hosp,3,2024-08-10,55,quantile,0.975,94.8498546931505
2024-07-20,wk inc flu hosp,3,2024-08-10,55,quantile,0.99,116.34808264243384
2024-07-20,wk inc flu hosp,3,2024-08-10,56,quantile,0.01,0
2024-07-20,wk inc flu hosp,3,2024-08-10,56,quantile,0.025,0
2024-07-20,wk inc flu hosp,3,2024-08-10,56,quantile,0.05,0
2024-07-20,wk inc flu hosp,3,2024-08-10,56,quantile,0.1,0
2024-07-20,wk inc flu hosp,3,2024-08-10,56,quantile,0.15,0
2024-07-20,wk inc flu hosp,3,2024-08-10,56,quantile,0.2,0.024915452039863343
2024-07-20,wk inc flu hosp,3,2024-08-10,56,quantile,0.25,0.06368979651092199
2024-07-20,wk inc flu hosp,3,2024-08-10,56,quantile,0.3,0.10246414098198064
2024-07-20,wk inc flu hosp,3,2024-08-10,56,quantile,0.35,0.1440900623314736
2024-07-20,wk inc flu hosp,3,2024-08-10,56,quantile,0.4,0.22720873745686093
2024-07-20,wk inc flu hosp,3,2024-08-10,56,quantile,0.45,0.33188976455790775
2024-07-20,wk inc flu hosp,3,2024-08-10,56,quantile,0.5,0.49927495386145565
2024-07-20,wk inc flu hosp,3,2024-08-10,56,quantile,0.55,0.8068060055655586
2024-07-20,wk inc flu hosp,3,2024-08-10,56,quantile,0.6,1.1111100939906815
2024-07-20,wk inc flu hosp,3,2024-08-10,56,quantile,0.65,1.5136610478830672
2024-07-20,wk inc flu hosp,3,2024-08-10,56,quantile,0.7,2.1277063489705936
2024-07-20,wk inc flu hosp,3,2024-08-10,56,quantile,0.75,2.8111170350140164
2024-07-20,wk inc flu hosp,3,2024-08-10,56,quantile,0.8,3.5332428778388514
2024-07-20,wk inc flu hosp,3,2024-08-10,56,quantile,0.85,4.449985861979069
2024-07-20,wk inc flu hosp,3,2024-08-10,56,quantile,0.9,5.6560907254642245
2024-07-20,wk inc flu hosp,3,2024-08-10,56,quantile,0.95,7.637548170071615
2024-07-20,wk inc flu hosp,3,2024-08-10,56,quantile,0.975,10.265264992500862
2024-07-20,wk inc flu hosp,3,2024-08-10,56,quantile,0.99,14.180054443060891
2024-07-20,wk inc flu hosp,3,2024-08-10,72,quantile,0.01,0
2024-07-20,wk inc flu hosp,3,2024-08-10,72,quantile,0.025,0
2024-07-20,wk inc flu hosp,3,2024-08-10,72,quantile,0.05,0
2024-07-20,wk inc flu hosp,3,2024-08-10,72,quantile,0.1,0.0608656965733514
2024-07-20,wk inc flu hosp,3,2024-08-10,72,quantile,0.15,0.35892712431276097
2024-07-20,wk inc flu hosp,3,2024-08-10,72,quantile,0.2,1.0868962304939915
2024-07-20,wk inc flu hosp,3,2024-08-10,72,quantile,0.25,2.6292581507736403
2024-07-20,wk inc flu hosp,3,2024-08-10,72,quantile,0.3,6.902270723607268
2024-07-20,wk inc flu hosp,3,2024-08-10,72,quantile,0.35,9.567547141825527
2024-07-20,wk inc flu hosp,3,2024-08-10,72,quantile,0.4,11.488095016485644
2024-07-20,wk inc flu hosp,3,2024-08-10,72,quantile,0.45,13.31585914041991
2024-07-20,wk inc flu hosp,3,2024-08-10,72,quantile,0.5,15.09742236751734
2024-07-20,wk inc flu hosp,3,2024-08-10,72,quantile,0.55,17.67497420495046
2024-07-20,wk inc flu hosp,3,2024-08-10,72,quantile,0.6,20.166586959605322
2024-07-20,wk inc flu hosp,3,2024-08-10,72,quantile,0.65,23.324373109212587
2024-07-20,wk inc flu hosp,3,2024-08-10,72,quantile,0.7,26.74748402843016
2024-07-20,wk inc flu hosp,3,2024-08-10,72,quantile,0.75,29.711676462643357
2024-07-20,wk inc flu hosp,3,2024-08-10,72,quantile,0.8,34.37342631166802
2024-07-20,wk inc flu hosp,3,2024-08-10,72,quantile,0.85,37.90329362038081
2024-07-20,wk inc flu hosp,3,2024-08-10,72,quantile,0.9,45.57665144848587
2024-07-20,wk inc flu hosp,3,2024-08-10,72,quantile,0.95,59.788544810888155
2024-07-20,wk inc flu hosp,3,2024-08-10,72,quantile,0.975,71.51471524090194
2024-07-20,wk inc flu hosp,3,2024-08-10,72,quantile,0.99,87.92183719215859
2024-07-20,wk inc flu hosp,3,2024-08-10,US,quantile,0.01,0
2024-07-20,wk inc flu hosp,3,2024-08-10,US,quantile,0.025,0
2024-07-20,wk inc flu hosp,3,2024-08-10,US,quantile,0.05,3.432929037108793
2024-07-20,wk inc flu hosp,3,2024-08-10,US,quantile,0.1,31.733738527308063
2024-07-20,wk inc flu hosp,3,2024-08-10,US,quantile,0.15,72.10335811997484
2024-07-20,wk inc flu hosp,3,2024-08-10,US,quantile,0.2,111.61772390822964
2024-07-20,wk inc flu hosp,3,2024-08-10,US,quantile,0.25,136.9050018409284
2024-07-20,wk inc flu hosp,3,2024-08-10,US,quantile,0.3,170.18322261451513
2024-07-20,wk inc flu hosp,3,2024-08-10,US,quantile,0.35,202.96130314587737
2024-07-20,wk inc flu hosp,3,2024-08-10,US,quantile,0.4,230.39662457835212
2024-07-20,wk inc flu hosp,3,2024-08-10,US,quantile,0.45,261.9507250362529
2024-07-20,wk inc flu hosp,3,2024-08-10,US,quantile,0.5,289.2262418708446
2024-07-20,wk inc flu hosp,3,2024-08-10,US,quantile,0.55,325.49870705328397
2024-07-20,wk inc flu hosp,3,2024-08-10,US,quantile,0.6,368.7475908794162
2024-07-20,wk inc flu hosp,3,2024-08-10,US,quantile,0.65,422.05729800404754
2024-07-20,wk inc flu hosp,3,2024-08-10,US,quantile,0.7,494.7069784514494
2024-07-20,wk inc flu hosp,3,2024-08-10,US,quantile,0.75,583.2060459595566
2024-07-20,wk inc flu hosp,3,2024-08-10,US,quantile,0.8,681.0563508735382
2024-07-20,wk inc flu hosp,3,2024-08-10,US,quantile,0.85,829.4042205920147
2024-07-20,wk inc flu hosp,3,2024-08-10,US,quantile,0.9,1122.42705318513
2024-07-20,wk inc flu hosp,3,2024-08-10,US,quantile,0.95,2087.780040133783
2024-07-20,wk inc flu hosp,3,2024-08-10,US,quantile,0.975,3506.9507849972015
2024-07-20,wk inc flu hosp,3,2024-08-10,US,quantile,0.99,6527.2808710696045
