reference_date,target,horizon,target_end_date,location,output_type,output_type_id,value
2025-12-20,wk inc flu hosp,0,2025-12-27,01,quantile,0.01,90.10892888372949
2025-12-20,wk inc flu hosp,0,2025-12-27,01,quantile,0.025,105.49036422619238
2025-12-20,wk inc flu hosp,0,2025-12-27,01,quantile,0.05,134.11948832465347
2025-12-20,wk inc flu hosp,0,2025-12-27,01,quantile,0.1,181.2119606485288
2025-12-20,wk inc flu hosp,0,2025-12-27,01,quantile,0.15,211.94530642652134
2025-12-20,wk inc flu hosp,0,2025-12-27,01,quantile,0.2,247.84110661899362
2025-12-20,wk inc flu hosp,0,2025-12-27,01,quantile,0.25,279.8384819848649
2025-12-20,wk inc flu hosp,0,2025-12-27,01,quantile,0.3,310.0613774352324
2025-12-20,wk inc flu hosp,0,2025-12-27,01,quantile,0.35,340.6309109276035
2025-12-20,wk inc flu hosp,0,2025-12-27,01,quantile,0.4,369.6917581598149
2025-12-20,wk inc flu hosp,0,2025-12-27,01,quantile,0.45,397.19603063294835
2025-12-20,wk inc flu hosp,0,2025-12-27,01,quantile,0.5,420.8597549831999
2025-12-20,wk inc flu hosp,0,2025-12-27,01,quantile,0.55,445.2038212960488
2025-12-20,wk inc flu hosp,0,2025-12-27,01,quantile,0.6,468.83397229808304
2025-12-20,wk inc flu hosp,0,2025-12-27,01,quantile,0.65,498.6528709116212
2025-12-20,wk inc flu hosp,0,2025-12-27,01,quantile,0.7,526.5400542861771
2025-12-20,wk inc flu hosp,0,2025-12-27,01,quantile,0.75,547.3078605765592
2025-12-20,wk inc flu hosp,0,2025-12-27,01,quantile,0.8,573.2698487439551
2025-12-20,wk inc flu hosp,0,2025-12-27,01,quantile,0.85,626.3365919774099
2025-12-20,wk inc flu hosp,0,2025-12-27,01,quantile,0.9,721.6717089808894
2025-12-20,wk inc flu hosp,0,2025-12-27,01,quantile,0.95,893.0631186213643
2025-12-20,wk inc flu hosp,0,2025-12-27,01,quantile,0.975,999.9125733804606
2025-12-20,wk inc flu hosp,0,2025-12-27,01,quantile,0.99,1085.8234832214052
2025-12-20,wk inc flu hosp,0,2025-12-27,02,quantile,0.01,5.622177772185213
2025-12-20,wk inc flu hosp,0,2025-12-27,02,quantile,0.025,8.375653838781966
2025-12-20,wk inc flu hosp,0,2025-12-27,02,quantile,0.05,12.357434211613253
2025-12-20,wk inc flu hosp,0,2025-12-27,02,quantile,0.1,16.536715939677144
2025-12-20,wk inc flu hosp,0,2025-12-27,02,quantile,0.15,19.01710576308595
2025-12-20,wk inc flu hosp,0,2025-12-27,02,quantile,0.2,20.96223252678105
2025-12-20,wk inc flu hosp,0,2025-12-27,02,quantile,0.25,23.90501815672218
2025-12-20,wk inc flu hosp,0,2025-12-27,02,quantile,0.3,26.545447876101356
2025-12-20,wk inc flu hosp,0,2025-12-27,02,quantile,0.35,29.259603085669333
2025-12-20,wk inc flu hosp,0,2025-12-27,02,quantile,0.4,31.312559314927874
2025-12-20,wk inc flu hosp,0,2025-12-27,02,quantile,0.45,33.22582429132066
2025-12-20,wk inc flu hosp,0,2025-12-27,02,quantile,0.5,35.48345046236784
2025-12-20,wk inc flu hosp,0,2025-12-27,02,quantile,0.55,38.28643350136051
2025-12-20,wk inc flu hosp,0,2025-12-27,02,quantile,0.6,41.14431547231101
2025-12-20,wk inc flu hosp,0,2025-12-27,02,quantile,0.65,44.480423499661825
2025-12-20,wk inc flu hosp,0,2025-12-27,02,quantile,0.7,48.471374825495815
2025-12-20,wk inc flu hosp,0,2025-12-27,02,quantile,0.75,53.283000159221274
2025-12-20,wk inc flu hosp,0,2025-12-27,02,quantile,0.8,58.20666646541543
2025-12-20,wk inc flu hosp,0,2025-12-27,02,quantile,0.85,71.20692456253734
2025-12-20,wk inc flu hosp,0,2025-12-27,02,quantile,0.9,82.36540907599606
2025-12-20,wk inc flu hosp,0,2025-12-27,02,quantile,0.95,98.44116800504202
2025-12-20,wk inc flu hosp,0,2025-12-27,02,quantile,0.975,119.33294750546737
2025-12-20,wk inc flu hosp,0,2025-12-27,02,quantile,0.99,140.673950395767
2025-12-20,wk inc flu hosp,0,2025-12-27,04,quantile,0.01,42.792498145040796
2025-12-20,wk inc flu hosp,0,2025-12-27,04,quantile,0.025,48.39340040942376
2025-12-20,wk inc flu hosp,0,2025-12-27,04,quantile,0.05,61.14382369443319
2025-12-20,wk inc flu hosp,0,2025-12-27,04,quantile,0.1,78.52958767290298
2025-12-20,wk inc flu hosp,0,2025-12-27,04,quantile,0.15,90.95004825665059
2025-12-20,wk inc flu hosp,0,2025-12-27,04,quantile,0.2,101.44890233050164
2025-12-20,wk inc flu hosp,0,2025-12-27,04,quantile,0.25,110.5779252653428
2025-12-20,wk inc flu hosp,0,2025-12-27,04,quantile,0.3,119.0389520438813
2025-12-20,wk inc flu hosp,0,2025-12-27,04,quantile,0.35,126.787223580335
2025-12-20,wk inc flu hosp,0,2025-12-27,04,quantile,0.4,136.86837312656135
2025-12-20,wk inc flu hosp,0,2025-12-27,04,quantile,0.45,145.85764244277064
2025-12-20,wk inc flu hosp,0,2025-12-27,04,quantile,0.5,153.75719107718518
2025-12-20,wk inc flu hosp,0,2025-12-27,04,quantile,0.55,163.14164277817162
2025-12-20,wk inc flu hosp,0,2025-12-27,04,quantile,0.6,173.43139362269685
2025-12-20,wk inc flu hosp,0,2025-12-27,04,quantile,0.65,186.50606988851933
2025-12-20,wk inc flu hosp,0,2025-12-27,04,quantile,0.7,204.9675193368172
2025-12-20,wk inc flu hosp,0,2025-12-27,04,quantile,0.75,232.38420512364658
2025-12-20,wk inc flu hosp,0,2025-12-27,04,quantile,0.8,248.16905995143404
2025-12-20,wk inc flu hosp,0,2025-12-27,04,quantile,0.85,273.8162260284819
2025-12-20,wk inc flu hosp,0,2025-12-27,04,quantile,0.9,334.43371013359456
2025-12-20,wk inc flu hosp,0,2025-12-27,04,quantile,0.95,403.02160151825694
2025-12-20,wk inc flu hosp,0,2025-12-27,04,quantile,0.975,486.34714007681083
2025-12-20,wk inc flu hosp,0,2025-12-27,04,quantile,0.99,613.3673991646406
2025-12-20,wk inc flu hosp,0,2025-12-27,05,quantile,0.01,30.774024187543816
2025-12-20,wk inc flu hosp,0,2025-12-27,05,quantile,0.025,48.903018562513815
2025-12-20,wk inc flu hosp,0,2025-12-27,05,quantile,0.05,68.60536235694194
2025-12-20,wk inc flu hosp,0,2025-12-27,05,quantile,0.1,86.4583133066367
2025-12-20,wk inc flu hosp,0,2025-12-27,05,quantile,0.15,100.70712890788371
2025-12-20,wk inc flu hosp,0,2025-12-27,05,quantile,0.2,118.65808874164306
2025-12-20,wk inc flu hosp,0,2025-12-27,05,quantile,0.25,133.5072545213752
2025-12-20,wk inc flu hosp,0,2025-12-27,05,quantile,0.3,148.51414656478292
2025-12-20,wk inc flu hosp,0,2025-12-27,05,quantile,0.35,159.43779385639073
2025-12-20,wk inc flu hosp,0,2025-12-27,05,quantile,0.4,171.68240919831428
2025-12-20,wk inc flu hosp,0,2025-12-27,05,quantile,0.45,181.82482301518291
2025-12-20,wk inc flu hosp,0,2025-12-27,05,quantile,0.5,195.77428586614226
2025-12-20,wk inc flu hosp,0,2025-12-27,05,quantile,0.55,207.42926849475327
2025-12-20,wk inc flu hosp,0,2025-12-27,05,quantile,0.6,222.96824867824822
2025-12-20,wk inc flu hosp,0,2025-12-27,05,quantile,0.65,240.53246877175434
2025-12-20,wk inc flu hosp,0,2025-12-27,05,quantile,0.7,256.90310123697134
2025-12-20,wk inc flu hosp,0,2025-12-27,05,quantile,0.75,287.1809788084667
2025-12-20,wk inc flu hosp,0,2025-12-27,05,quantile,0.8,329.2371369127483
2025-12-20,wk inc flu hosp,0,2025-12-27,05,quantile,0.85,379.18366855683365
2025-12-20,wk inc flu hosp,0,2025-12-27,05,quantile,0.9,421.83799876203
2025-12-20,wk inc flu hosp,0,2025-12-27,05,quantile,0.95,518.6935170088669
2025-12-20,wk inc flu hosp,0,2025-12-27,05,quantile,0.975,639.8265066464037
2025-12-20,wk inc flu hosp,0,2025-12-27,05,quantile,0.99,833.191122082587
2025-12-20,wk inc flu hosp,0,2025-12-27,06,quantile,0.01,126.38154756829236
2025-12-20,wk inc flu hosp,0,2025-12-27,06,quantile,0.025,321.6348329450752
2025-12-20,wk inc flu hosp,0,2025-12-27,06,quantile,0.05,402.0679670396508
2025-12-20,wk inc flu hosp,0,2025-12-27,06,quantile,0.1,481.8074944836801
2025-12-20,wk inc flu hosp,0,2025-12-27,06,quantile,0.15,547.0174701207768
2025-12-20,wk inc flu hosp,0,2025-12-27,06,quantile,0.2,612.4286958601982
2025-12-20,wk inc flu hosp,0,2025-12-27,06,quantile,0.25,642.4412358380255
2025-12-20,wk inc flu hosp,0,2025-12-27,06,quantile,0.3,690.7218837294552
2025-12-20,wk inc flu hosp,0,2025-12-27,06,quantile,0.35,750.3249467892963
2025-12-20,wk inc flu hosp,0,2025-12-27,06,quantile,0.4,806.8213990350263
2025-12-20,wk inc flu hosp,0,2025-12-27,06,quantile,0.45,862.098085887597
2025-12-20,wk inc flu hosp,0,2025-12-27,06,quantile,0.5,913.5715745632488
2025-12-20,wk inc flu hosp,0,2025-12-27,06,quantile,0.55,955.6372983159431
2025-12-20,wk inc flu hosp,0,2025-12-27,06,quantile,0.6,995.405486676731
2025-12-20,wk inc flu hosp,0,2025-12-27,06,quantile,0.65,1064.100518107947
2025-12-20,wk inc flu hosp,0,2025-12-27,06,quantile,0.7,1147.2543473771725
2025-12-20,wk inc flu hosp,0,2025-12-27,06,quantile,0.75,1263.2173552897746
2025-12-20,wk inc flu hosp,0,2025-12-27,06,quantile,0.8,1343.9232712254015
2025-12-20,wk inc flu hosp,0,2025-12-27,06,quantile,0.85,1423.1861503381974
2025-12-20,wk inc flu hosp,0,2025-12-27,06,quantile,0.9,1513.9062920025833
2025-12-20,wk inc flu hosp,0,2025-12-27,06,quantile,0.95,1706.5431383085165
2025-12-20,wk inc flu hosp,0,2025-12-27,06,quantile,0.975,1832.6023352954992
2025-12-20,wk inc flu hosp,0,2025-12-27,06,quantile,0.99,2005.2276772992593
2025-12-20,wk inc flu hosp,0,2025-12-27,08,quantile,0.01,144.16910473303517
2025-12-20,wk inc flu hosp,0,2025-12-27,08,quantile,0.025,191.01903388813292
2025-12-20,wk inc flu hosp,0,2025-12-27,08,quantile,0.05,235.70755455152567
2025-12-20,wk inc flu hosp,0,2025-12-27,08,quantile,0.1,280.01288020529046
2025-12-20,wk inc flu hosp,0,2025-12-27,08,quantile,0.15,309.78965786831617
2025-12-20,wk inc flu hosp,0,2025-12-27,08,quantile,0.2,334.8647529293246
2025-12-20,wk inc flu hosp,0,2025-12-27,08,quantile,0.25,361.6761415169658
2025-12-20,wk inc flu hosp,0,2025-12-27,08,quantile,0.3,389.6752809428915
2025-12-20,wk inc flu hosp,0,2025-12-27,08,quantile,0.35,424.8860939072749
2025-12-20,wk inc flu hosp,0,2025-12-27,08,quantile,0.4,463.3861572459426
2025-12-20,wk inc flu hosp,0,2025-12-27,08,quantile,0.45,500.8502378809672
2025-12-20,wk inc flu hosp,0,2025-12-27,08,quantile,0.5,540.8379833479053
2025-12-20,wk inc flu hosp,0,2025-12-27,08,quantile,0.55,582.130938127615
2025-12-20,wk inc flu hosp,0,2025-12-27,08,quantile,0.6,625.2466390441014
2025-12-20,wk inc flu hosp,0,2025-12-27,08,quantile,0.65,676.4505468303262
2025-12-20,wk inc flu hosp,0,2025-12-27,08,quantile,0.7,740.3023666060218
2025-12-20,wk inc flu hosp,0,2025-12-27,08,quantile,0.75,777.6826848073039
2025-12-20,wk inc flu hosp,0,2025-12-27,08,quantile,0.8,899.6960632879138
2025-12-20,wk inc flu hosp,0,2025-12-27,08,quantile,0.85,1075.3751360081505
2025-12-20,wk inc flu hosp,0,2025-12-27,08,quantile,0.9,1220.8673858419684
2025-12-20,wk inc flu hosp,0,2025-12-27,08,quantile,0.95,1507.771893229239
2025-12-20,wk inc flu hosp,0,2025-12-27,08,quantile,0.975,1768.5945027902264
2025-12-20,wk inc flu hosp,0,2025-12-27,08,quantile,0.99,2092.2299068559664
2025-12-20,wk inc flu hosp,0,2025-12-27,09,quantile,0.01,65.05466510449756
2025-12-20,wk inc flu hosp,0,2025-12-27,09,quantile,0.025,152.5874875017599
2025-12-20,wk inc flu hosp,0,2025-12-27,09,quantile,0.05,195.90436719524988
2025-12-20,wk inc flu hosp,0,2025-12-27,09,quantile,0.1,243.21389864884125
2025-12-20,wk inc flu hosp,0,2025-12-27,09,quantile,0.15,275.5076089848465
2025-12-20,wk inc flu hosp,0,2025-12-27,09,quantile,0.2,304.9906951500519
2025-12-20,wk inc flu hosp,0,2025-12-27,09,quantile,0.25,335.08837930194204
2025-12-20,wk inc flu hosp,0,2025-12-27,09,quantile,0.3,365.3589647944346
2025-12-20,wk inc flu hosp,0,2025-12-27,09,quantile,0.35,382.6988270144025
2025-12-20,wk inc flu hosp,0,2025-12-27,09,quantile,0.4,403.9959799432806
2025-12-20,wk inc flu hosp,0,2025-12-27,09,quantile,0.45,431.9346067349712
2025-12-20,wk inc flu hosp,0,2025-12-27,09,quantile,0.5,457.6655054210269
2025-12-20,wk inc flu hosp,0,2025-12-27,09,quantile,0.55,488.28901828611293
2025-12-20,wk inc flu hosp,0,2025-12-27,09,quantile,0.6,523.9834723614119
2025-12-20,wk inc flu hosp,0,2025-12-27,09,quantile,0.65,563.8765774564839
2025-12-20,wk inc flu hosp,0,2025-12-27,09,quantile,0.7,630.0628214290538
2025-12-20,wk inc flu hosp,0,2025-12-27,09,quantile,0.75,690.3420252210313
2025-12-20,wk inc flu hosp,0,2025-12-27,09,quantile,0.8,782.6874230761682
2025-12-20,wk inc flu hosp,0,2025-12-27,09,quantile,0.85,937.5230008697775
2025-12-20,wk inc flu hosp,0,2025-12-27,09,quantile,0.9,1229.6381499570518
2025-12-20,wk inc flu hosp,0,2025-12-27,09,quantile,0.95,1885.8434996840076
2025-12-20,wk inc flu hosp,0,2025-12-27,09,quantile,0.975,2506.838603965407
2025-12-20,wk inc flu hosp,0,2025-12-27,09,quantile,0.99,2669.495246800099
2025-12-20,wk inc flu hosp,0,2025-12-27,10,quantile,0.01,16.329781477007856
2025-12-20,wk inc flu hosp,0,2025-12-27,10,quantile,0.025,24.67906694335158
2025-12-20,wk inc flu hosp,0,2025-12-27,10,quantile,0.05,32.2219912539333
2025-12-20,wk inc flu hosp,0,2025-12-27,10,quantile,0.1,45.31542686154928
2025-12-20,wk inc flu hosp,0,2025-12-27,10,quantile,0.15,51.35378081199297
2025-12-20,wk inc flu hosp,0,2025-12-27,10,quantile,0.2,58.95543779202952
2025-12-20,wk inc flu hosp,0,2025-12-27,10,quantile,0.25,67.40317095446241
2025-12-20,wk inc flu hosp,0,2025-12-27,10,quantile,0.3,77.30882526909359
2025-12-20,wk inc flu hosp,0,2025-12-27,10,quantile,0.35,86.33833414158823
2025-12-20,wk inc flu hosp,0,2025-12-27,10,quantile,0.4,98.33655985061405
2025-12-20,wk inc flu hosp,0,2025-12-27,10,quantile,0.45,111.25821839760518
2025-12-20,wk inc flu hosp,0,2025-12-27,10,quantile,0.5,121.63649160509961
2025-12-20,wk inc flu hosp,0,2025-12-27,10,quantile,0.55,130.0001712517193
2025-12-20,wk inc flu hosp,0,2025-12-27,10,quantile,0.6,148.9083766322084
2025-12-20,wk inc flu hosp,0,2025-12-27,10,quantile,0.65,163.48280418241606
2025-12-20,wk inc flu hosp,0,2025-12-27,10,quantile,0.7,173.55541048760514
2025-12-20,wk inc flu hosp,0,2025-12-27,10,quantile,0.75,201.2094886594333
2025-12-20,wk inc flu hosp,0,2025-12-27,10,quantile,0.8,231.2944111573162
2025-12-20,wk inc flu hosp,0,2025-12-27,10,quantile,0.85,257.69708313406665
2025-12-20,wk inc flu hosp,0,2025-12-27,10,quantile,0.9,303.3208165364674
2025-12-20,wk inc flu hosp,0,2025-12-27,10,quantile,0.95,364.56343548979856
2025-12-20,wk inc flu hosp,0,2025-12-27,10,quantile,0.975,511.0701324388168
2025-12-20,wk inc flu hosp,0,2025-12-27,10,quantile,0.99,516.5688377012868
2025-12-20,wk inc flu hosp,0,2025-12-27,11,quantile,0.01,5.204947368976559
2025-12-20,wk inc flu hosp,0,2025-12-27,11,quantile,0.025,6.397166273507552
2025-12-20,wk inc flu hosp,0,2025-12-27,11,quantile,0.05,8.169988092255139
2025-12-20,wk inc flu hosp,0,2025-12-27,11,quantile,0.1,11.340676728852848
2025-12-20,wk inc flu hosp,0,2025-12-27,11,quantile,0.15,15.160206778569254
2025-12-20,wk inc flu hosp,0,2025-12-27,11,quantile,0.2,18.60214015801067
2025-12-20,wk inc flu hosp,0,2025-12-27,11,quantile,0.25,22.021783785582933
2025-12-20,wk inc flu hosp,0,2025-12-27,11,quantile,0.3,27.521485226967247
2025-12-20,wk inc flu hosp,0,2025-12-27,11,quantile,0.35,31.274856210546755
2025-12-20,wk inc flu hosp,0,2025-12-27,11,quantile,0.4,35.53790939529462
2025-12-20,wk inc flu hosp,0,2025-12-27,11,quantile,0.45,39.06793167631219
2025-12-20,wk inc flu hosp,0,2025-12-27,11,quantile,0.5,44.17357057538428
2025-12-20,wk inc flu hosp,0,2025-12-27,11,quantile,0.55,49.18609510781961
2025-12-20,wk inc flu hosp,0,2025-12-27,11,quantile,0.6,54.263986287357895
2025-12-20,wk inc flu hosp,0,2025-12-27,11,quantile,0.65,58.18495587390715
2025-12-20,wk inc flu hosp,0,2025-12-27,11,quantile,0.7,64.17540437661586
2025-12-20,wk inc flu hosp,0,2025-12-27,11,quantile,0.75,72.04108794905137
2025-12-20,wk inc flu hosp,0,2025-12-27,11,quantile,0.8,82.47636827663545
2025-12-20,wk inc flu hosp,0,2025-12-27,11,quantile,0.85,94.1457766524331
2025-12-20,wk inc flu hosp,0,2025-12-27,11,quantile,0.9,114.76670441296808
2025-12-20,wk inc flu hosp,0,2025-12-27,11,quantile,0.95,147.49031261498388
2025-12-20,wk inc flu hosp,0,2025-12-27,11,quantile,0.975,149.95954202024018
2025-12-20,wk inc flu hosp,0,2025-12-27,11,quantile,0.99,219.0161258484288
2025-12-20,wk inc flu hosp,0,2025-12-27,12,quantile,0.01,583.1682975432756
2025-12-20,wk inc flu hosp,0,2025-12-27,12,quantile,0.025,727.5229333149924
2025-12-20,wk inc flu hosp,0,2025-12-27,12,quantile,0.05,1004.7386018765538
2025-12-20,wk inc flu hosp,0,2025-12-27,12,quantile,0.1,1219.4736646926754
2025-12-20,wk inc flu hosp,0,2025-12-27,12,quantile,0.15,1351.4028298206642
2025-12-20,wk inc flu hosp,0,2025-12-27,12,quantile,0.2,1496.9928011440707
2025-12-20,wk inc flu hosp,0,2025-12-27,12,quantile,0.25,1597.4183633164785
2025-12-20,wk inc flu hosp,0,2025-12-27,12,quantile,0.3,1701.0201244298007
2025-12-20,wk inc flu hosp,0,2025-12-27,12,quantile,0.35,1838.3843270512114
2025-12-20,wk inc flu hosp,0,2025-12-27,12,quantile,0.4,1957.1959554093498
2025-12-20,wk inc flu hosp,0,2025-12-27,12,quantile,0.45,2061.956992030646
2025-12-20,wk inc flu hosp,0,2025-12-27,12,quantile,0.5,2176.570067282206
2025-12-20,wk inc flu hosp,0,2025-12-27,12,quantile,0.55,2261.1097877085917
2025-12-20,wk inc flu hosp,0,2025-12-27,12,quantile,0.6,2343.8661203295665
2025-12-20,wk inc flu hosp,0,2025-12-27,12,quantile,0.65,2472.3038565749143
2025-12-20,wk inc flu hosp,0,2025-12-27,12,quantile,0.7,2586.7307929435883
2025-12-20,wk inc flu hosp,0,2025-12-27,12,quantile,0.75,2746.8487978661447
2025-12-20,wk inc flu hosp,0,2025-12-27,12,quantile,0.8,2942.493468674088
2025-12-20,wk inc flu hosp,0,2025-12-27,12,quantile,0.85,3231.0531865727094
2025-12-20,wk inc flu hosp,0,2025-12-27,12,quantile,0.9,3514.806363813931
2025-12-20,wk inc flu hosp,0,2025-12-27,12,quantile,0.95,4163.036521754336
2025-12-20,wk inc flu hosp,0,2025-12-27,12,quantile,0.975,4858.375379341817
2025-12-20,wk inc flu hosp,0,2025-12-27,12,quantile,0.99,5275.347915736132
2025-12-20,wk inc flu hosp,0,2025-12-27,13,quantile,0.01,149.07886055706965
2025-12-20,wk inc flu hosp,0,2025-12-27,13,quantile,0.025,215.72462173771876
2025-12-20,wk inc flu hosp,0,2025-12-27,13,quantile,0.05,264.2657147169258
2025-12-20,wk inc flu hosp,0,2025-12-27,13,quantile,0.1,332.99464256457867
2025-12-20,wk inc flu hosp,0,2025-12-27,13,quantile,0.15,362.3849748088108
2025-12-20,wk inc flu hosp,0,2025-12-27,13,quantile,0.2,407.6666206237659
2025-12-20,wk inc flu hosp,0,2025-12-27,13,quantile,0.25,475.5085865391354
2025-12-20,wk inc flu hosp,0,2025-12-27,13,quantile,0.3,507.2401279508813
2025-12-20,wk inc flu hosp,0,2025-12-27,13,quantile,0.35,544.9278063344585
2025-12-20,wk inc flu hosp,0,2025-12-27,13,quantile,0.4,592.9624126986905
2025-12-20,wk inc flu hosp,0,2025-12-27,13,quantile,0.45,640.6167726716868
2025-12-20,wk inc flu hosp,0,2025-12-27,13,quantile,0.5,685.950840262829
2025-12-20,wk inc flu hosp,0,2025-12-27,13,quantile,0.55,717.4127948544254
2025-12-20,wk inc flu hosp,0,2025-12-27,13,quantile,0.6,746.3278236043074
2025-12-20,wk inc flu hosp,0,2025-12-27,13,quantile,0.65,790.5297372772649
2025-12-20,wk inc flu hosp,0,2025-12-27,13,quantile,0.7,841.9774944218728
2025-12-20,wk inc flu hosp,0,2025-12-27,13,quantile,0.75,882.7857226062732
2025-12-20,wk inc flu hosp,0,2025-12-27,13,quantile,0.8,950.3245242197758
2025-12-20,wk inc flu hosp,0,2025-12-27,13,quantile,0.85,1026.9980842751293
2025-12-20,wk inc flu hosp,0,2025-12-27,13,quantile,0.9,1110.807292573275
2025-12-20,wk inc flu hosp,0,2025-12-27,13,quantile,0.95,1312.1440589692916
2025-12-20,wk inc flu hosp,0,2025-12-27,13,quantile,0.975,1465.6096539985874
2025-12-20,wk inc flu hosp,0,2025-12-27,13,quantile,0.99,1604.5641885031487
2025-12-20,wk inc flu hosp,0,2025-12-27,15,quantile,0.01,19.281383705201677
2025-12-20,wk inc flu hosp,0,2025-12-27,15,quantile,0.025,25.116079273871254
2025-12-20,wk inc flu hosp,0,2025-12-27,15,quantile,0.05,33.97652881399244
2025-12-20,wk inc flu hosp,0,2025-12-27,15,quantile,0.1,47.231685818121136
2025-12-20,wk inc flu hosp,0,2025-12-27,15,quantile,0.15,51.947180348413376
2025-12-20,wk inc flu hosp,0,2025-12-27,15,quantile,0.2,56.784098394009625
2025-12-20,wk inc flu hosp,0,2025-12-27,15,quantile,0.25,60.29838947730349
2025-12-20,wk inc flu hosp,0,2025-12-27,15,quantile,0.3,64.29368964883462
2025-12-20,wk inc flu hosp,0,2025-12-27,15,quantile,0.35,67.67800117539453
2025-12-20,wk inc flu hosp,0,2025-12-27,15,quantile,0.4,72.7780055990204
2025-12-20,wk inc flu hosp,0,2025-12-27,15,quantile,0.45,77.58005602492196
2025-12-20,wk inc flu hosp,0,2025-12-27,15,quantile,0.5,83.08210301612348
2025-12-20,wk inc flu hosp,0,2025-12-27,15,quantile,0.55,88.88355768441862
2025-12-20,wk inc flu hosp,0,2025-12-27,15,quantile,0.6,95.7314871858202
2025-12-20,wk inc flu hosp,0,2025-12-27,15,quantile,0.65,104.85647205053448
2025-12-20,wk inc flu hosp,0,2025-12-27,15,quantile,0.7,118.14666097369576
2025-12-20,wk inc flu hosp,0,2025-12-27,15,quantile,0.75,132.07294286516057
2025-12-20,wk inc flu hosp,0,2025-12-27,15,quantile,0.8,144.8375584248605
2025-12-20,wk inc flu hosp,0,2025-12-27,15,quantile,0.85,160.2800811075188
2025-12-20,wk inc flu hosp,0,2025-12-27,15,quantile,0.9,183.27410060306536
2025-12-20,wk inc flu hosp,0,2025-12-27,15,quantile,0.95,243.95521572035
2025-12-20,wk inc flu hosp,0,2025-12-27,15,quantile,0.975,327.96265431507953
2025-12-20,wk inc flu hosp,0,2025-12-27,15,quantile,0.99,433.75220170207683
2025-12-20,wk inc flu hosp,0,2025-12-27,16,quantile,0.01,18.250795600383906
2025-12-20,wk inc flu hosp,0,2025-12-27,16,quantile,0.025,26.93949837828776
2025-12-20,wk inc flu hosp,0,2025-12-27,16,quantile,0.05,34.80001227889355
2025-12-20,wk inc flu hosp,0,2025-12-27,16,quantile,0.1,49.49585006029402
2025-12-20,wk inc flu hosp,0,2025-12-27,16,quantile,0.15,61.256951532977276
2025-12-20,wk inc flu hosp,0,2025-12-27,16,quantile,0.2,68.78574071877478
2025-12-20,wk inc flu hosp,0,2025-12-27,16,quantile,0.25,77.27537064595478
2025-12-20,wk inc flu hosp,0,2025-12-27,16,quantile,0.3,84.3363503508195
2025-12-20,wk inc flu hosp,0,2025-12-27,16,quantile,0.35,91.74108494574675
2025-12-20,wk inc flu hosp,0,2025-12-27,16,quantile,0.4,97.85728869949806
2025-12-20,wk inc flu hosp,0,2025-12-27,16,quantile,0.45,105.4054850862388
2025-12-20,wk inc flu hosp,0,2025-12-27,16,quantile,0.5,114.30438307866059
2025-12-20,wk inc flu hosp,0,2025-12-27,16,quantile,0.55,124.38952156713002
2025-12-20,wk inc flu hosp,0,2025-12-27,16,quantile,0.6,135.51773053769546
2025-12-20,wk inc flu hosp,0,2025-12-27,16,quantile,0.65,147.83699491888459
2025-12-20,wk inc flu hosp,0,2025-12-27,16,quantile,0.7,158.96093234291067
2025-12-20,wk inc flu hosp,0,2025-12-27,16,quantile,0.75,180.08145813190382
2025-12-20,wk inc flu hosp,0,2025-12-27,16,quantile,0.8,201.65682070331155
2025-12-20,wk inc flu hosp,0,2025-12-27,16,quantile,0.85,222.9483042073351
2025-12-20,wk inc flu hosp,0,2025-12-27,16,quantile,0.9,266.1817259349599
2025-12-20,wk inc flu hosp,0,2025-12-27,16,quantile,0.95,301.3756263950112
2025-12-20,wk inc flu hosp,0,2025-12-27,16,quantile,0.975,370.26852061579115
2025-12-20,wk inc flu hosp,0,2025-12-27,16,quantile,0.99,449.05184915169593
2025-12-20,wk inc flu hosp,0,2025-12-27,17,quantile,0.01,62.92461942997918
2025-12-20,wk inc flu hosp,0,2025-12-27,17,quantile,0.025,252.97941335881768
2025-12-20,wk inc flu hosp,0,2025-12-27,17,quantile,0.05,350.0315810743547
2025-12-20,wk inc flu hosp,0,2025-12-27,17,quantile,0.1,433.03013702331884
2025-12-20,wk inc flu hosp,0,2025-12-27,17,quantile,0.15,478.67804319416047
2025-12-20,wk inc flu hosp,0,2025-12-27,17,quantile,0.2,516.5073918142754
2025-12-20,wk inc flu hosp,0,2025-12-27,17,quantile,0.25,550.5637374399951
2025-12-20,wk inc flu hosp,0,2025-12-27,17,quantile,0.3,590.2375275744805
2025-12-20,wk inc flu hosp,0,2025-12-27,17,quantile,0.35,633.5974393196252
2025-12-20,wk inc flu hosp,0,2025-12-27,17,quantile,0.4,675.0074423855251
2025-12-20,wk inc flu hosp,0,2025-12-27,17,quantile,0.45,714.4754921413354
2025-12-20,wk inc flu hosp,0,2025-12-27,17,quantile,0.5,768.0251315672806
2025-12-20,wk inc flu hosp,0,2025-12-27,17,quantile,0.55,841.0839531166151
2025-12-20,wk inc flu hosp,0,2025-12-27,17,quantile,0.6,927.9764279648946
2025-12-20,wk inc flu hosp,0,2025-12-27,17,quantile,0.65,1025.8269182950778
2025-12-20,wk inc flu hosp,0,2025-12-27,17,quantile,0.7,1130.3440939925629
2025-12-20,wk inc flu hosp,0,2025-12-27,17,quantile,0.75,1216.9920647466763
2025-12-20,wk inc flu hosp,0,2025-12-27,17,quantile,0.8,1347.738473884299
2025-12-20,wk inc flu hosp,0,2025-12-27,17,quantile,0.85,1513.9270552789608
2025-12-20,wk inc flu hosp,0,2025-12-27,17,quantile,0.9,1617.8988832577281
2025-12-20,wk inc flu hosp,0,2025-12-27,17,quantile,0.95,2023.133720956994
2025-12-20,wk inc flu hosp,0,2025-12-27,17,quantile,0.975,2259.6312463849686
2025-12-20,wk inc flu hosp,0,2025-12-27,17,quantile,0.99,2932.9038684387165
2025-12-20,wk inc flu hosp,0,2025-12-27,18,quantile,0.01,167.0191366152281
2025-12-20,wk inc flu hosp,0,2025-12-27,18,quantile,0.025,192.29663372265148
2025-12-20,wk inc flu hosp,0,2025-12-27,18,quantile,0.05,219.64977066923234
2025-12-20,wk inc flu hosp,0,2025-12-27,18,quantile,0.1,254.9334959557577
2025-12-20,wk inc flu hosp,0,2025-12-27,18,quantile,0.15,283.6309135064627
2025-12-20,wk inc flu hosp,0,2025-12-27,18,quantile,0.2,304.68777045136056
2025-12-20,wk inc flu hosp,0,2025-12-27,18,quantile,0.25,331.013943711273
2025-12-20,wk inc flu hosp,0,2025-12-27,18,quantile,0.3,355.53437651628695
2025-12-20,wk inc flu hosp,0,2025-12-27,18,quantile,0.35,381.62802617948125
2025-12-20,wk inc flu hosp,0,2025-12-27,18,quantile,0.4,408.2795179142125
2025-12-20,wk inc flu hosp,0,2025-12-27,18,quantile,0.45,434.60791764055915
2025-12-20,wk inc flu hosp,0,2025-12-27,18,quantile,0.5,460.1473131294002
2025-12-20,wk inc flu hosp,0,2025-12-27,18,quantile,0.55,484.0396809059
2025-12-20,wk inc flu hosp,0,2025-12-27,18,quantile,0.6,515.2939417797637
2025-12-20,wk inc flu hosp,0,2025-12-27,18,quantile,0.65,558.953519328115
2025-12-20,wk inc flu hosp,0,2025-12-27,18,quantile,0.7,593.9078955960048
2025-12-20,wk inc flu hosp,0,2025-12-27,18,quantile,0.75,642.6879486751632
2025-12-20,wk inc flu hosp,0,2025-12-27,18,quantile,0.8,709.8780866450453
2025-12-20,wk inc flu hosp,0,2025-12-27,18,quantile,0.85,781.6941941734591
2025-12-20,wk inc flu hosp,0,2025-12-27,18,quantile,0.9,910.790681139324
2025-12-20,wk inc flu hosp,0,2025-12-27,18,quantile,0.95,1067.127947391894
2025-12-20,wk inc flu hosp,0,2025-12-27,18,quantile,0.975,1318.9302438860598
2025-12-20,wk inc flu hosp,0,2025-12-27,18,quantile,0.99,1436.1988783007855
2025-12-20,wk inc flu hosp,0,2025-12-27,19,quantile,0.01,17.223174281595476
2025-12-20,wk inc flu hosp,0,2025-12-27,19,quantile,0.025,26.246923338961327
2025-12-20,wk inc flu hosp,0,2025-12-27,19,quantile,0.05,34.39987272603593
2025-12-20,wk inc flu hosp,0,2025-12-27,19,quantile,0.1,42.90103823487758
2025-12-20,wk inc flu hosp,0,2025-12-27,19,quantile,0.15,54.25780030234528
2025-12-20,wk inc flu hosp,0,2025-12-27,19,quantile,0.2,64.51009988405238
2025-12-20,wk inc flu hosp,0,2025-12-27,19,quantile,0.25,77.82020554670038
2025-12-20,wk inc flu hosp,0,2025-12-27,19,quantile,0.3,90.91659276145612
2025-12-20,wk inc flu hosp,0,2025-12-27,19,quantile,0.35,101.3970120856942
2025-12-20,wk inc flu hosp,0,2025-12-27,19,quantile,0.4,110.65488362266105
2025-12-20,wk inc flu hosp,0,2025-12-27,19,quantile,0.45,121.98521886537375
2025-12-20,wk inc flu hosp,0,2025-12-27,19,quantile,0.5,132.33545973091663
2025-12-20,wk inc flu hosp,0,2025-12-27,19,quantile,0.55,142.91579548282772
2025-12-20,wk inc flu hosp,0,2025-12-27,19,quantile,0.6,154.4705369401379
2025-12-20,wk inc flu hosp,0,2025-12-27,19,quantile,0.65,166.85954169780751
2025-12-20,wk inc flu hosp,0,2025-12-27,19,quantile,0.7,180.18487781622852
2025-12-20,wk inc flu hosp,0,2025-12-27,19,quantile,0.75,195.62573841225137
2025-12-20,wk inc flu hosp,0,2025-12-27,19,quantile,0.8,211.9368976286084
2025-12-20,wk inc flu hosp,0,2025-12-27,19,quantile,0.85,233.9530203393609
2025-12-20,wk inc flu hosp,0,2025-12-27,19,quantile,0.9,272.8463958494072
2025-12-20,wk inc flu hosp,0,2025-12-27,19,quantile,0.95,340.77139679468473
2025-12-20,wk inc flu hosp,0,2025-12-27,19,quantile,0.975,398.1907928839976
2025-12-20,wk inc flu hosp,0,2025-12-27,19,quantile,0.99,456.75240203957804
2025-12-20,wk inc flu hosp,0,2025-12-27,20,quantile,0.01,33.94119101835067
2025-12-20,wk inc flu hosp,0,2025-12-27,20,quantile,0.025,43.387924645416504
2025-12-20,wk inc flu hosp,0,2025-12-27,20,quantile,0.05,51.35471352627713
2025-12-20,wk inc flu hosp,0,2025-12-27,20,quantile,0.1,62.00729759981828
2025-12-20,wk inc flu hosp,0,2025-12-27,20,quantile,0.15,69.36798930119511
2025-12-20,wk inc flu hosp,0,2025-12-27,20,quantile,0.2,75.06771511149663
2025-12-20,wk inc flu hosp,0,2025-12-27,20,quantile,0.25,82.25200678712486
2025-12-20,wk inc flu hosp,0,2025-12-27,20,quantile,0.3,88.51572192281553
2025-12-20,wk inc flu hosp,0,2025-12-27,20,quantile,0.35,93.83505910024043
2025-12-20,wk inc flu hosp,0,2025-12-27,20,quantile,0.4,99.94895388655176
2025-12-20,wk inc flu hosp,0,2025-12-27,20,quantile,0.45,106.42580688659262
2025-12-20,wk inc flu hosp,0,2025-12-27,20,quantile,0.5,111.85152445557937
2025-12-20,wk inc flu hosp,0,2025-12-27,20,quantile,0.55,116.7250296602632
2025-12-20,wk inc flu hosp,0,2025-12-27,20,quantile,0.6,122.86402310499453
2025-12-20,wk inc flu hosp,0,2025-12-27,20,quantile,0.65,133.00273662686854
2025-12-20,wk inc flu hosp,0,2025-12-27,20,quantile,0.7,143.6393862484299
2025-12-20,wk inc flu hosp,0,2025-12-27,20,quantile,0.75,158.58367886706233
2025-12-20,wk inc flu hosp,0,2025-12-27,20,quantile,0.8,173.0355233413862
2025-12-20,wk inc flu hosp,0,2025-12-27,20,quantile,0.85,197.60459495678313
2025-12-20,wk inc flu hosp,0,2025-12-27,20,quantile,0.9,237.52492190375057
2025-12-20,wk inc flu hosp,0,2025-12-27,20,quantile,0.95,282.17730704311145
2025-12-20,wk inc flu hosp,0,2025-12-27,20,quantile,0.975,341.0577325943138
2025-12-20,wk inc flu hosp,0,2025-12-27,20,quantile,0.99,407.837605733787
2025-12-20,wk inc flu hosp,0,2025-12-27,21,quantile,0.01,78.78083280977665
2025-12-20,wk inc flu hosp,0,2025-12-27,21,quantile,0.025,104.00409223675385
2025-12-20,wk inc flu hosp,0,2025-12-27,21,quantile,0.05,125.8636612576618
2025-12-20,wk inc flu hosp,0,2025-12-27,21,quantile,0.1,146.74524378584985
2025-12-20,wk inc flu hosp,0,2025-12-27,21,quantile,0.15,162.9039902189988
2025-12-20,wk inc flu hosp,0,2025-12-27,21,quantile,0.2,182.2731479009739
2025-12-20,wk inc flu hosp,0,2025-12-27,21,quantile,0.25,199.4426112249637
2025-12-20,wk inc flu hosp,0,2025-12-27,21,quantile,0.3,219.7256568466389
2025-12-20,wk inc flu hosp,0,2025-12-27,21,quantile,0.35,239.0099348354153
2025-12-20,wk inc flu hosp,0,2025-12-27,21,quantile,0.4,253.96285013772766
2025-12-20,wk inc flu hosp,0,2025-12-27,21,quantile,0.45,267.1285821282764
2025-12-20,wk inc flu hosp,0,2025-12-27,21,quantile,0.5,282.6403369321089
2025-12-20,wk inc flu hosp,0,2025-12-27,21,quantile,0.55,303.04452572060893
2025-12-20,wk inc flu hosp,0,2025-12-27,21,quantile,0.6,322.1817568400624
2025-12-20,wk inc flu hosp,0,2025-12-27,21,quantile,0.65,340.5333823046328
2025-12-20,wk inc flu hosp,0,2025-12-27,21,quantile,0.7,360.56726640782074
2025-12-20,wk inc flu hosp,0,2025-12-27,21,quantile,0.75,397.58109927307976
2025-12-20,wk inc flu hosp,0,2025-12-27,21,quantile,0.8,438.26905549691634
2025-12-20,wk inc flu hosp,0,2025-12-27,21,quantile,0.85,482.7037557571986
2025-12-20,wk inc flu hosp,0,2025-12-27,21,quantile,0.9,565.3059414811452
2025-12-20,wk inc flu hosp,0,2025-12-27,21,quantile,0.95,666.2218577172746
2025-12-20,wk inc flu hosp,0,2025-12-27,21,quantile,0.975,769.5282476650442
2025-12-20,wk inc flu hosp,0,2025-12-27,21,quantile,0.99,853.2373334754936
2025-12-20,wk inc flu hosp,0,2025-12-27,22,quantile,0.01,157.66923833606035
2025-12-20,wk inc flu hosp,0,2025-12-27,22,quantile,0.025,206.40964561261438
2025-12-20,wk inc flu hosp,0,2025-12-27,22,quantile,0.05,246.64649946226132
2025-12-20,wk inc flu hosp,0,2025-12-27,22,quantile,0.1,293.62376990956335
2025-12-20,wk inc flu hosp,0,2025-12-27,22,quantile,0.15,327.56760062162516
2025-12-20,wk inc flu hosp,0,2025-12-27,22,quantile,0.2,360.0904862927427
2025-12-20,wk inc flu hosp,0,2025-12-27,22,quantile,0.25,389.9623026876873
2025-12-20,wk inc flu hosp,0,2025-12-27,22,quantile,0.3,419.4403709479171
2025-12-20,wk inc flu hosp,0,2025-12-27,22,quantile,0.35,444.37976389270244
2025-12-20,wk inc flu hosp,0,2025-12-27,22,quantile,0.4,470.86865447236545
2025-12-20,wk inc flu hosp,0,2025-12-27,22,quantile,0.45,502.523940076599
2025-12-20,wk inc flu hosp,0,2025-12-27,22,quantile,0.5,534.8042072853822
2025-12-20,wk inc flu hosp,0,2025-12-27,22,quantile,0.55,557.1044640255344
2025-12-20,wk inc flu hosp,0,2025-12-27,22,quantile,0.6,600.8446784644912
2025-12-20,wk inc flu hosp,0,2025-12-27,22,quantile,0.65,644.0625031601035
2025-12-20,wk inc flu hosp,0,2025-12-27,22,quantile,0.7,688.14036186768806
2025-12-20,wk inc flu hosp,0,2025-12-27,22,quantile,0.75,740.6536204192474
2025-12-20,wk inc flu hosp,0,2025-12-27,22,quantile,0.8,815.9582388177116
2025-12-20,wk inc flu hosp,0,2025-12-27,22,quantile,0.85,911.4013128634416
2025-12-20,wk inc flu hosp,0,2025-12-27,22,quantile,0.9,1012.350865944473
2025-12-20,wk inc flu hosp,0,2025-12-27,22,quantile,0.95,1125.199126560629
2025-12-20,wk inc flu hosp,0,2025-12-27,22,quantile,0.975,1199.1693113813112
2025-12-20,wk inc flu hosp,0,2025-12-27,22,quantile,0.99,1293.751388116886
2025-12-20,wk inc flu hosp,0,2025-12-27,23,quantile,0.01,15.842183487020742
2025-12-20,wk inc flu hosp,0,2025-12-27,23,quantile,0.025,23.172293843321718
2025-12-20,wk inc flu hosp,0,2025-12-27,23,quantile,0.05,30.020889165238497
2025-12-20,wk inc flu hosp,0,2025-12-27,23,quantile,0.1,38.3651370672206
2025-12-20,wk inc flu hosp,0,2025-12-27,23,quantile,0.15,47.30213176332737
2025-12-20,wk inc flu hosp,0,2025-12-27,23,quantile,0.2,54.53368692309968
2025-12-20,wk inc flu hosp,0,2025-12-27,23,quantile,0.25,60.33781969820414
2025-12-20,wk inc flu hosp,0,2025-12-27,23,quantile,0.3,65.58695122027217
2025-12-20,wk inc flu hosp,0,2025-12-27,23,quantile,0.35,70.15974600362048
2025-12-20,wk inc flu hosp,0,2025-12-27,23,quantile,0.4,74.65237455427767
2025-12-20,wk inc flu hosp,0,2025-12-27,23,quantile,0.45,81.08120561687129
2025-12-20,wk inc flu hosp,0,2025-12-27,23,quantile,0.5,88.10386354022489
2025-12-20,wk inc flu hosp,0,2025-12-27,23,quantile,0.55,95.4328765985224
2025-12-20,wk inc flu hosp,0,2025-12-27,23,quantile,0.6,106.14193063287767
2025-12-20,wk inc flu hosp,0,2025-12-27,23,quantile,0.65,121.00291745340616
2025-12-20,wk inc flu hosp,0,2025-12-27,23,quantile,0.7,136.9797650585742
2025-12-20,wk inc flu hosp,0,2025-12-27,23,quantile,0.75,152.12925058180076
2025-12-20,wk inc flu hosp,0,2025-12-27,23,quantile,0.8,162.75600195216188
2025-12-20,wk inc flu hosp,0,2025-12-27,23,quantile,0.85,179.14885335641944
2025-12-20,wk inc flu hosp,0,2025-12-27,23,quantile,0.9,214.59830621671628
2025-12-20,wk inc flu hosp,0,2025-12-27,23,quantile,0.95,271.9761908720911
2025-12-20,wk inc flu hosp,0,2025-12-27,23,quantile,0.975,344.03871532280675
2025-12-20,wk inc flu hosp,0,2025-12-27,23,quantile,0.99,422.2415382715675
2025-12-20,wk inc flu hosp,0,2025-12-27,24,quantile,0.01,143.78817546697582
2025-12-20,wk inc flu hosp,0,2025-12-27,24,quantile,0.025,160.72477730515678
2025-12-20,wk inc flu hosp,0,2025-12-27,24,quantile,0.05,177.70266301822184
2025-12-20,wk inc flu hosp,0,2025-12-27,24,quantile,0.1,220.06259113067253
2025-12-20,wk inc flu hosp,0,2025-12-27,24,quantile,0.15,256.1973095083212
2025-12-20,wk inc flu hosp,0,2025-12-27,24,quantile,0.2,285.42034128268017
2025-12-20,wk inc flu hosp,0,2025-12-27,24,quantile,0.25,313.0208889792935
2025-12-20,wk inc flu hosp,0,2025-12-27,24,quantile,0.3,340.46439074051204
2025-12-20,wk inc flu hosp,0,2025-12-27,24,quantile,0.35,382.88603729195796
2025-12-20,wk inc flu hosp,0,2025-12-27,24,quantile,0.4,427.44559333739534
2025-12-20,wk inc flu hosp,0,2025-12-27,24,quantile,0.45,470.0681964027626
2025-12-20,wk inc flu hosp,0,2025-12-27,24,quantile,0.5,522.7836823609259
2025-12-20,wk inc flu hosp,0,2025-12-27,24,quantile,0.55,565.5801011018649
2025-12-20,wk inc flu hosp,0,2025-12-27,24,quantile,0.6,626.3830550630537
2025-12-20,wk inc flu hosp,0,2025-12-27,24,quantile,0.65,682.2949697933881
2025-12-20,wk inc flu hosp,0,2025-12-27,24,quantile,0.7,744.0437487621485
2025-12-20,wk inc flu hosp,0,2025-12-27,24,quantile,0.75,814.2788356906619
2025-12-20,wk inc flu hosp,0,2025-12-27,24,quantile,0.8,900.0790197889497
2025-12-20,wk inc flu hosp,0,2025-12-27,24,quantile,0.85,997.9628387969731
2025-12-20,wk inc flu hosp,0,2025-12-27,24,quantile,0.9,1159.150159537593
2025-12-20,wk inc flu hosp,0,2025-12-27,24,quantile,0.95,1303.790344382885
2025-12-20,wk inc flu hosp,0,2025-12-27,24,quantile,0.975,1457.1113461744387
2025-12-20,wk inc flu hosp,0,2025-12-27,24,quantile,0.99,1604.0700015626862
2025-12-20,wk inc flu hosp,0,2025-12-27,25,quantile,0.01,227.30343236896545
2025-12-20,wk inc flu hosp,0,2025-12-27,25,quantile,0.025,253.65733158473375
2025-12-20,wk inc flu hosp,0,2025-12-27,25,quantile,0.05,318.4333371932541
2025-12-20,wk inc flu hosp,0,2025-12-27,25,quantile,0.1,401.9907047289644
2025-12-20,wk inc flu hosp,0,2025-12-27,25,quantile,0.15,450.21763519291795
2025-12-20,wk inc flu hosp,0,2025-12-27,25,quantile,0.2,497.84663037405176
2025-12-20,wk inc flu hosp,0,2025-12-27,25,quantile,0.25,545.8092584072804
2025-12-20,wk inc flu hosp,0,2025-12-27,25,quantile,0.3,586.9725846187522
2025-12-20,wk inc flu hosp,0,2025-12-27,25,quantile,0.35,628.8049887933253
2025-12-20,wk inc flu hosp,0,2025-12-27,25,quantile,0.4,676.9406142153612
2025-12-20,wk inc flu hosp,0,2025-12-27,25,quantile,0.45,727.6616884271891
2025-12-20,wk inc flu hosp,0,2025-12-27,25,quantile,0.5,775.5469740033395
2025-12-20,wk inc flu hosp,0,2025-12-27,25,quantile,0.55,815.424783504075
2025-12-20,wk inc flu hosp,0,2025-12-27,25,quantile,0.6,869.6595844491698
2025-12-20,wk inc flu hosp,0,2025-12-27,25,quantile,0.65,914.4183691793929
2025-12-20,wk inc flu hosp,0,2025-12-27,25,quantile,0.7,971.8835233679679
2025-12-20,wk inc flu hosp,0,2025-12-27,25,quantile,0.75,1035.3599731806628
2025-12-20,wk inc flu hosp,0,2025-12-27,25,quantile,0.8,1085.84343782963
2025-12-20,wk inc flu hosp,0,2025-12-27,25,quantile,0.85,1154.192665745227
2025-12-20,wk inc flu hosp,0,2025-12-27,25,quantile,0.9,1269.711821774795
2025-12-20,wk inc flu hosp,0,2025-12-27,25,quantile,0.95,1539.7860459856063
2025-12-20,wk inc flu hosp,0,2025-12-27,25,quantile,0.975,1894.1721644503184
2025-12-20,wk inc flu hosp,0,2025-12-27,25,quantile,0.99,2173.431220970589
2025-12-20,wk inc flu hosp,0,2025-12-27,26,quantile,0.01,160.67855724481348
2025-12-20,wk inc flu hosp,0,2025-12-27,26,quantile,0.025,202.73355516049116
2025-12-20,wk inc flu hosp,0,2025-12-27,26,quantile,0.05,243.87246189490762
2025-12-20,wk inc flu hosp,0,2025-12-27,26,quantile,0.1,293.60260887016824
2025-12-20,wk inc flu hosp,0,2025-12-27,26,quantile,0.15,336.7141363170562
2025-12-20,wk inc flu hosp,0,2025-12-27,26,quantile,0.2,379.5922647533478
2025-12-20,wk inc flu hosp,0,2025-12-27,26,quantile,0.25,418.76039950035647
2025-12-20,wk inc flu hosp,0,2025-12-27,26,quantile,0.3,454.71862177401005
2025-12-20,wk inc flu hosp,0,2025-12-27,26,quantile,0.35,479.7588192120325
2025-12-20,wk inc flu hosp,0,2025-12-27,26,quantile,0.4,514.1123265770847
2025-12-20,wk inc flu hosp,0,2025-12-27,26,quantile,0.45,555.3871080807123
2025-12-20,wk inc flu hosp,0,2025-12-27,26,quantile,0.5,583.6052672278267
2025-12-20,wk inc flu hosp,0,2025-12-27,26,quantile,0.55,599.4267341512117
2025-12-20,wk inc flu hosp,0,2025-12-27,26,quantile,0.6,629.0937217730474
2025-12-20,wk inc flu hosp,0,2025-12-27,26,quantile,0.65,667.8664556165846
2025-12-20,wk inc flu hosp,0,2025-12-27,26,quantile,0.7,717.093014683357
2025-12-20,wk inc flu hosp,0,2025-12-27,26,quantile,0.75,765.3966202244055
2025-12-20,wk inc flu hosp,0,2025-12-27,26,quantile,0.8,819.0502790989499
2025-12-20,wk inc flu hosp,0,2025-12-27,26,quantile,0.85,939.2936084409669
2025-12-20,wk inc flu hosp,0,2025-12-27,26,quantile,0.9,1102.324840939541
2025-12-20,wk inc flu hosp,0,2025-12-27,26,quantile,0.95,1229.803999857889
2025-12-20,wk inc flu hosp,0,2025-12-27,26,quantile,0.975,1411.61247474983
2025-12-20,wk inc flu hosp,0,2025-12-27,26,quantile,0.99,1712.754738021758
2025-12-20,wk inc flu hosp,0,2025-12-27,27,quantile,0.01,74.87262418270865
2025-12-20,wk inc flu hosp,0,2025-12-27,27,quantile,0.025,139.57844913368817
2025-12-20,wk inc flu hosp,0,2025-12-27,27,quantile,0.05,251.11655923761907
2025-12-20,wk inc flu hosp,0,2025-12-27,27,quantile,0.1,330.2164417335614
2025-12-20,wk inc flu hosp,0,2025-12-27,27,quantile,0.15,381.9043425599345
2025-12-20,wk inc flu hosp,0,2025-12-27,27,quantile,0.2,435.71080090770704
2025-12-20,wk inc flu hosp,0,2025-12-27,27,quantile,0.25,487.36597177998243
2025-12-20,wk inc flu hosp,0,2025-12-27,27,quantile,0.3,549.1421157468254
2025-12-20,wk inc flu hosp,0,2025-12-27,27,quantile,0.35,597.1361365775734
2025-12-20,wk inc flu hosp,0,2025-12-27,27,quantile,0.4,652.0419356296917
2025-12-20,wk inc flu hosp,0,2025-12-27,27,quantile,0.45,710.3742471541215
2025-12-20,wk inc flu hosp,0,2025-12-27,27,quantile,0.5,772.6107858476315
2025-12-20,wk inc flu hosp,0,2025-12-27,27,quantile,0.55,839.7713385635228
2025-12-20,wk inc flu hosp,0,2025-12-27,27,quantile,0.6,910.0834475301209
2025-12-20,wk inc flu hosp,0,2025-12-27,27,quantile,0.65,995.5739217874955
2025-12-20,wk inc flu hosp,0,2025-12-27,27,quantile,0.7,1103.4613989944282
2025-12-20,wk inc flu hosp,0,2025-12-27,27,quantile,0.75,1254.3377166265877
2025-12-20,wk inc flu hosp,0,2025-12-27,27,quantile,0.8,1356.2392463760646
2025-12-20,wk inc flu hosp,0,2025-12-27,27,quantile,0.85,1476.507978959065
2025-12-20,wk inc flu hosp,0,2025-12-27,27,quantile,0.9,1668.4540485980508
2025-12-20,wk inc flu hosp,0,2025-12-27,27,quantile,0.95,2406.66267892526
2025-12-20,wk inc flu hosp,0,2025-12-27,27,quantile,0.975,2927.5885251290615
2025-12-20,wk inc flu hosp,0,2025-12-27,27,quantile,0.99,2961.941569125181
2025-12-20,wk inc flu hosp,0,2025-12-27,28,quantile,0.01,57.23022973127118
2025-12-20,wk inc flu hosp,0,2025-12-27,28,quantile,0.025,72.41758983276394
2025-12-20,wk inc flu hosp,0,2025-12-27,28,quantile,0.05,93.96875709593446
2025-12-20,wk inc flu hosp,0,2025-12-27,28,quantile,0.1,117.46372094807715
2025-12-20,wk inc flu hosp,0,2025-12-27,28,quantile,0.15,137.84968189592695
2025-12-20,wk inc flu hosp,0,2025-12-27,28,quantile,0.2,148.68821832650008
2025-12-20,wk inc flu hosp,0,2025-12-27,28,quantile,0.25,166.3037673891658
2025-12-20,wk inc flu hosp,0,2025-12-27,28,quantile,0.3,176.72299923396534
2025-12-20,wk inc flu hosp,0,2025-12-27,28,quantile,0.35,186.8116785382496
2025-12-20,wk inc flu hosp,0,2025-12-27,28,quantile,0.4,197.13595824077598
2025-12-20,wk inc flu hosp,0,2025-12-27,28,quantile,0.45,208.58360931211357
2025-12-20,wk inc flu hosp,0,2025-12-27,28,quantile,0.5,223.05620599392944
2025-12-20,wk inc flu hosp,0,2025-12-27,28,quantile,0.55,240.20824227394314
2025-12-20,wk inc flu hosp,0,2025-12-27,28,quantile,0.6,253.17570477266665
2025-12-20,wk inc flu hosp,0,2025-12-27,28,quantile,0.65,264.446023963701
2025-12-20,wk inc flu hosp,0,2025-12-27,28,quantile,0.7,287.08222001952316
2025-12-20,wk inc flu hosp,0,2025-12-27,28,quantile,0.75,305.9568402998573
2025-12-20,wk inc flu hosp,0,2025-12-27,28,quantile,0.8,327.86589792913213
2025-12-20,wk inc flu hosp,0,2025-12-27,28,quantile,0.85,360.53746687183065
2025-12-20,wk inc flu hosp,0,2025-12-27,28,quantile,0.9,392.64604442936513
2025-12-20,wk inc flu hosp,0,2025-12-27,28,quantile,0.95,460.23460424561154
2025-12-20,wk inc flu hosp,0,2025-12-27,28,quantile,0.975,522.9380324482408
2025-12-20,wk inc flu hosp,0,2025-12-27,28,quantile,0.99,619.2911560963287
2025-12-20,wk inc flu hosp,0,2025-12-27,29,quantile,0.01,66.97720702767745
2025-12-20,wk inc flu hosp,0,2025-12-27,29,quantile,0.025,81.06746018385063
2025-12-20,wk inc flu hosp,0,2025-12-27,29,quantile,0.05,97.14499311176442
2025-12-20,wk inc flu hosp,0,2025-12-27,29,quantile,0.1,120.17293112163927
2025-12-20,wk inc flu hosp,0,2025-12-27,29,quantile,0.15,134.21849636482887
2025-12-20,wk inc flu hosp,0,2025-12-27,29,quantile,0.2,144.4137360537161
2025-12-20,wk inc flu hosp,0,2025-12-27,29,quantile,0.25,151.03204135158353
2025-12-20,wk inc flu hosp,0,2025-12-27,29,quantile,0.3,159.50658713167692
2025-12-20,wk inc flu hosp,0,2025-12-27,29,quantile,0.35,167.7978831762047
2025-12-20,wk inc flu hosp,0,2025-12-27,29,quantile,0.4,177.63642354084516
2025-12-20,wk inc flu hosp,0,2025-12-27,29,quantile,0.45,185.69054025970905
2025-12-20,wk inc flu hosp,0,2025-12-27,29,quantile,0.5,197.61960628655572
2025-12-20,wk inc flu hosp,0,2025-12-27,29,quantile,0.55,211.96743715496734
2025-12-20,wk inc flu hosp,0,2025-12-27,29,quantile,0.6,226.40296695551862
2025-12-20,wk inc flu hosp,0,2025-12-27,29,quantile,0.65,238.75231691171342
2025-12-20,wk inc flu hosp,0,2025-12-27,29,quantile,0.7,253.17110525020988
2025-12-20,wk inc flu hosp,0,2025-12-27,29,quantile,0.75,271.26676199161824
2025-12-20,wk inc flu hosp,0,2025-12-27,29,quantile,0.8,300.5218692155751
2025-12-20,wk inc flu hosp,0,2025-12-27,29,quantile,0.85,325.723225084444
2025-12-20,wk inc flu hosp,0,2025-12-27,29,quantile,0.9,366.3057802012591
2025-12-20,wk inc flu hosp,0,2025-12-27,29,quantile,0.95,430.2297386886596
2025-12-20,wk inc flu hosp,0,2025-12-27,29,quantile,0.975,590.0074870876275
2025-12-20,wk inc flu hosp,0,2025-12-27,29,quantile,0.99,747.1244970384479
2025-12-20,wk inc flu hosp,0,2025-12-27,30,quantile,0.01,6.896692659333922
2025-12-20,wk inc flu hosp,0,2025-12-27,30,quantile,0.025,9.571754799436732
2025-12-20,wk inc flu hosp,0,2025-12-27,30,quantile,0.05,13.248454070408192
2025-12-20,wk inc flu hosp,0,2025-12-27,30,quantile,0.1,16.358876480338616
2025-12-20,wk inc flu hosp,0,2025-12-27,30,quantile,0.15,19.768085833504088
2025-12-20,wk inc flu hosp,0,2025-12-27,30,quantile,0.2,23.266642738617993
2025-12-20,wk inc flu hosp,0,2025-12-27,30,quantile,0.25,26.28406999602752
2025-12-20,wk inc flu hosp,0,2025-12-27,30,quantile,0.3,29.849210915571327
2025-12-20,wk inc flu hosp,0,2025-12-27,30,quantile,0.35,31.91274756244529
2025-12-20,wk inc flu hosp,0,2025-12-27,30,quantile,0.4,33.85667146955178
2025-12-20,wk inc flu hosp,0,2025-12-27,30,quantile,0.45,35.89088621011395
2025-12-20,wk inc flu hosp,0,2025-12-27,30,quantile,0.5,39.867962271421725
2025-12-20,wk inc flu hosp,0,2025-12-27,30,quantile,0.55,43.60228603947928
2025-12-20,wk inc flu hosp,0,2025-12-27,30,quantile,0.6,46.580369119962995
2025-12-20,wk inc flu hosp,0,2025-12-27,30,quantile,0.65,49.201010047093575
2025-12-20,wk inc flu hosp,0,2025-12-27,30,quantile,0.7,53.86611461008852
2025-12-20,wk inc flu hosp,0,2025-12-27,30,quantile,0.75,60.486189890808674
2025-12-20,wk inc flu hosp,0,2025-12-27,30,quantile,0.8,67.91491881728223
2025-12-20,wk inc flu hosp,0,2025-12-27,30,quantile,0.85,77.82701501627218
2025-12-20,wk inc flu hosp,0,2025-12-27,30,quantile,0.9,90.48591235768204
2025-12-20,wk inc flu hosp,0,2025-12-27,30,quantile,0.95,130.0658808630304
2025-12-20,wk inc flu hosp,0,2025-12-27,30,quantile,0.975,140.47481863342756
2025-12-20,wk inc flu hosp,0,2025-12-27,30,quantile,0.99,169.28073398647322
2025-12-20,wk inc flu hosp,0,2025-12-27,31,quantile,0.01,13.539036621057846
2025-12-20,wk inc flu hosp,0,2025-12-27,31,quantile,0.025,17.89386995341802
2025-12-20,wk inc flu hosp,0,2025-12-27,31,quantile,0.05,24.397741296251063
2025-12-20,wk inc flu hosp,0,2025-12-27,31,quantile,0.1,32.37242548524755
2025-12-20,wk inc flu hosp,0,2025-12-27,31,quantile,0.15,38.73846899484048
2025-12-20,wk inc flu hosp,0,2025-12-27,31,quantile,0.2,44.64498679231792
2025-12-20,wk inc flu hosp,0,2025-12-27,31,quantile,0.25,51.254346551663474
2025-12-20,wk inc flu hosp,0,2025-12-27,31,quantile,0.3,55.04969175664329
2025-12-20,wk inc flu hosp,0,2025-12-27,31,quantile,0.35,59.675279636631764
2025-12-20,wk inc flu hosp,0,2025-12-27,31,quantile,0.4,66.49475592110511
2025-12-20,wk inc flu hosp,0,2025-12-27,31,quantile,0.45,72.66915280692902
2025-12-20,wk inc flu hosp,0,2025-12-27,31,quantile,0.5,79.57093177716769
2025-12-20,wk inc flu hosp,0,2025-12-27,31,quantile,0.55,86.7753185286987
2025-12-20,wk inc flu hosp,0,2025-12-27,31,quantile,0.6,96.82249471329939
2025-12-20,wk inc flu hosp,0,2025-12-27,31,quantile,0.65,107.40197661554508
2025-12-20,wk inc flu hosp,0,2025-12-27,31,quantile,0.7,121.80828325674271
2025-12-20,wk inc flu hosp,0,2025-12-27,31,quantile,0.75,131.7362777452936
2025-12-20,wk inc flu hosp,0,2025-12-27,31,quantile,0.8,153.14749467275664
2025-12-20,wk inc flu hosp,0,2025-12-27,31,quantile,0.85,170.72049204314533
2025-12-20,wk inc flu hosp,0,2025-12-27,31,quantile,0.9,207.41481868788264
2025-12-20,wk inc flu hosp,0,2025-12-27,31,quantile,0.95,301.02645926362163
2025-12-20,wk inc flu hosp,0,2025-12-27,31,quantile,0.975,349.1956269485527
2025-12-20,wk inc flu hosp,0,2025-12-27,31,quantile,0.99,351.66750466802023
2025-12-20,wk inc flu hosp,0,2025-12-27,32,quantile,0.01,51.25903734124532
2025-12-20,wk inc flu hosp,0,2025-12-27,32,quantile,0.025,54.239728499777165
2025-12-20,wk inc flu hosp,0,2025-12-27,32,quantile,0.05,64.30053607072264
2025-12-20,wk inc flu hosp,0,2025-12-27,32,quantile,0.1,77.1014198551972
2025-12-20,wk inc flu hosp,0,2025-12-27,32,quantile,0.15,83.91853965648143
2025-12-20,wk inc flu hosp,0,2025-12-27,32,quantile,0.2,91.01253593074875
2025-12-20,wk inc flu hosp,0,2025-12-27,32,quantile,0.25,97.79425691746313
2025-12-20,wk inc flu hosp,0,2025-12-27,32,quantile,0.3,103.39986244894573
2025-12-20,wk inc flu hosp,0,2025-12-27,32,quantile,0.35,110.69484820349386
2025-12-20,wk inc flu hosp,0,2025-12-27,32,quantile,0.4,118.46428035900439
2025-12-20,wk inc flu hosp,0,2025-12-27,32,quantile,0.45,126.73521481170185
2025-12-20,wk inc flu hosp,0,2025-12-27,32,quantile,0.5,136.06904666556457
2025-12-20,wk inc flu hosp,0,2025-12-27,32,quantile,0.55,145.7645301781371
2025-12-20,wk inc flu hosp,0,2025-12-27,32,quantile,0.6,158.39112602580377
2025-12-20,wk inc flu hosp,0,2025-12-27,32,quantile,0.65,174.53723696519472
2025-12-20,wk inc flu hosp,0,2025-12-27,32,quantile,0.7,190.5784773011584
2025-12-20,wk inc flu hosp,0,2025-12-27,32,quantile,0.75,203.56712548230396
2025-12-20,wk inc flu hosp,0,2025-12-27,32,quantile,0.8,216.50780525754973
2025-12-20,wk inc flu hosp,0,2025-12-27,32,quantile,0.85,242.05660168238373
2025-12-20,wk inc flu hosp,0,2025-12-27,32,quantile,0.9,284.5154920378443
2025-12-20,wk inc flu hosp,0,2025-12-27,32,quantile,0.95,331.6241591778954
2025-12-20,wk inc flu hosp,0,2025-12-27,32,quantile,0.975,418.02641343445646
2025-12-20,wk inc flu hosp,0,2025-12-27,32,quantile,0.99,437.01744995237976
2025-12-20,wk inc flu hosp,0,2025-12-27,33,quantile,0.01,12.206171142800667
2025-12-20,wk inc flu hosp,0,2025-12-27,33,quantile,0.025,25.58613846681224
2025-12-20,wk inc flu hosp,0,2025-12-27,33,quantile,0.05,36.84274719687125
2025-12-20,wk inc flu hosp,0,2025-12-27,33,quantile,0.1,49.57497812157121
2025-12-20,wk inc flu hosp,0,2025-12-27,33,quantile,0.15,58.6239551501543
2025-12-20,wk inc flu hosp,0,2025-12-27,33,quantile,0.2,66.29698163694803
2025-12-20,wk inc flu hosp,0,2025-12-27,33,quantile,0.25,72.10374916447053
2025-12-20,wk inc flu hosp,0,2025-12-27,33,quantile,0.3,78.43645407981172
2025-12-20,wk inc flu hosp,0,2025-12-27,33,quantile,0.35,84.95485368561587
2025-12-20,wk inc flu hosp,0,2025-12-27,33,quantile,0.4,92.2238973422206
2025-12-20,wk inc flu hosp,0,2025-12-27,33,quantile,0.45,97.31741526701128
2025-12-20,wk inc flu hosp,0,2025-12-27,33,quantile,0.5,103.01905946806309
2025-12-20,wk inc flu hosp,0,2025-12-27,33,quantile,0.55,112.22975497847415
2025-12-20,wk inc flu hosp,0,2025-12-27,33,quantile,0.6,122.05116671283842
2025-12-20,wk inc flu hosp,0,2025-12-27,33,quantile,0.65,133.6343979126588
2025-12-20,wk inc flu hosp,0,2025-12-27,33,quantile,0.7,143.04308270607055
2025-12-20,wk inc flu hosp,0,2025-12-27,33,quantile,0.75,154.76731244581336
2025-12-20,wk inc flu hosp,0,2025-12-27,33,quantile,0.8,166.48859463507887
2025-12-20,wk inc flu hosp,0,2025-12-27,33,quantile,0.85,188.68979808035792
2025-12-20,wk inc flu hosp,0,2025-12-27,33,quantile,0.9,213.8240274357166
2025-12-20,wk inc flu hosp,0,2025-12-27,33,quantile,0.95,264.6777968507664
2025-12-20,wk inc flu hosp,0,2025-12-27,33,quantile,0.975,343.9866246984805
2025-12-20,wk inc flu hosp,0,2025-12-27,33,quantile,0.99,408.1061160975785
2025-12-20,wk inc flu hosp,0,2025-12-27,34,quantile,0.01,543.63500917366
2025-12-20,wk inc flu hosp,0,2025-12-27,34,quantile,0.025,637.4489184131235
2025-12-20,wk inc flu hosp,0,2025-12-27,34,quantile,0.05,687.5975520086497
2025-12-20,wk inc flu hosp,0,2025-12-27,34,quantile,0.1,785.5868821415995
2025-12-20,wk inc flu hosp,0,2025-12-27,34,quantile,0.15,882.5975721708817
2025-12-20,wk inc flu hosp,0,2025-12-27,34,quantile,0.2,971.4372741466058
2025-12-20,wk inc flu hosp,0,2025-12-27,34,quantile,0.25,1068.4195250888142
2025-12-20,wk inc flu hosp,0,2025-12-27,34,quantile,0.3,1161.4070966178135
2025-12-20,wk inc flu hosp,0,2025-12-27,34,quantile,0.35,1246.1844446851849
2025-12-20,wk inc flu hosp,0,2025-12-27,34,quantile,0.4,1331.3184628414506
2025-12-20,wk inc flu hosp,0,2025-12-27,34,quantile,0.45,1420.4192709849171
2025-12-20,wk inc flu hosp,0,2025-12-27,34,quantile,0.5,1517.878779958423
2025-12-20,wk inc flu hosp,0,2025-12-27,34,quantile,0.55,1623.1461574496514
2025-12-20,wk inc flu hosp,0,2025-12-27,34,quantile,0.6,1756.029306813709
2025-12-20,wk inc flu hosp,0,2025-12-27,34,quantile,0.65,1892.1302013863365
2025-12-20,wk inc flu hosp,0,2025-12-27,34,quantile,0.7,1981.7780292414366
2025-12-20,wk inc flu hosp,0,2025-12-27,34,quantile,0.75,2115.9134809795546
2025-12-20,wk inc flu hosp,0,2025-12-27,34,quantile,0.8,2256.062532734992
2025-12-20,wk inc flu hosp,0,2025-12-27,34,quantile,0.85,2580.875733488762
2025-12-20,wk inc flu hosp,0,2025-12-27,34,quantile,0.9,3270.274234827617
2025-12-20,wk inc flu hosp,0,2025-12-27,34,quantile,0.95,4636.9881042687775
2025-12-20,wk inc flu hosp,0,2025-12-27,34,quantile,0.975,5100.524874440239
2025-12-20,wk inc flu hosp,0,2025-12-27,34,quantile,0.99,5419.375325397829
2025-12-20,wk inc flu hosp,0,2025-12-27,35,quantile,0.01,28.93488011965158
2025-12-20,wk inc flu hosp,0,2025-12-27,35,quantile,0.025,43.68946349592831
2025-12-20,wk inc flu hosp,0,2025-12-27,35,quantile,0.05,57.981914383447915
2025-12-20,wk inc flu hosp,0,2025-12-27,35,quantile,0.1,87.03508817636452
2025-12-20,wk inc flu hosp,0,2025-12-27,35,quantile,0.15,108.04482074623054
2025-12-20,wk inc flu hosp,0,2025-12-27,35,quantile,0.2,123.82832653519492
2025-12-20,wk inc flu hosp,0,2025-12-27,35,quantile,0.25,139.46961194658678
2025-12-20,wk inc flu hosp,0,2025-12-27,35,quantile,0.3,153.9053508190254
2025-12-20,wk inc flu hosp,0,2025-12-27,35,quantile,0.35,167.13279634661532
2025-12-20,wk inc flu hosp,0,2025-12-27,35,quantile,0.4,180.61496527372745
2025-12-20,wk inc flu hosp,0,2025-12-27,35,quantile,0.45,195.58541276232944
2025-12-20,wk inc flu hosp,0,2025-12-27,35,quantile,0.5,210.79221970267753
2025-12-20,wk inc flu hosp,0,2025-12-27,35,quantile,0.55,223.98676021879513
2025-12-20,wk inc flu hosp,0,2025-12-27,35,quantile,0.6,236.0497428310505
2025-12-20,wk inc flu hosp,0,2025-12-27,35,quantile,0.65,252.26265181774139
2025-12-20,wk inc flu hosp,0,2025-12-27,35,quantile,0.7,272.0621692443225
2025-12-20,wk inc flu hosp,0,2025-12-27,35,quantile,0.75,302.423498654818
2025-12-20,wk inc flu hosp,0,2025-12-27,35,quantile,0.8,333.21463726744616
2025-12-20,wk inc flu hosp,0,2025-12-27,35,quantile,0.85,381.4111833791241
2025-12-20,wk inc flu hosp,0,2025-12-27,35,quantile,0.9,419.1781291399214
2025-12-20,wk inc flu hosp,0,2025-12-27,35,quantile,0.95,539.7214894632176
2025-12-20,wk inc flu hosp,0,2025-12-27,35,quantile,0.975,723.8287297770892
2025-12-20,wk inc flu hosp,0,2025-12-27,35,quantile,0.99,915.225781398624
2025-12-20,wk inc flu hosp,0,2025-12-27,36,quantile,0.01,261.8964335246854
2025-12-20,wk inc flu hosp,0,2025-12-27,36,quantile,0.025,998.567407787678
2025-12-20,wk inc flu hosp,0,2025-12-27,36,quantile,0.05,1320.366424909567
2025-12-20,wk inc flu hosp,0,2025-12-27,36,quantile,0.1,1557.6531842027557
2025-12-20,wk inc flu hosp,0,2025-12-27,36,quantile,0.15,1746.2738205314533
2025-12-20,wk inc flu hosp,0,2025-12-27,36,quantile,0.2,1875.9685401452693
2025-12-20,wk inc flu hosp,0,2025-12-27,36,quantile,0.25,2030.6717969932445
2025-12-20,wk inc flu hosp,0,2025-12-27,36,quantile,0.3,2151.7984700785823
2025-12-20,wk inc flu hosp,0,2025-12-27,36,quantile,0.35,2307.409425404176
2025-12-20,wk inc flu hosp,0,2025-12-27,36,quantile,0.4,2475.89298766514
2025-12-20,wk inc flu hosp,0,2025-12-27,36,quantile,0.45,2646.7043426219225
2025-12-20,wk inc flu hosp,0,2025-12-27,36,quantile,0.5,2837.1493445209712
2025-12-20,wk inc flu hosp,0,2025-12-27,36,quantile,0.55,3024.0358687175426
2025-12-20,wk inc flu hosp,0,2025-12-27,36,quantile,0.6,3283.9493187267194
2025-12-20,wk inc flu hosp,0,2025-12-27,36,quantile,0.65,3499.881236831197
2025-12-20,wk inc flu hosp,0,2025-12-27,36,quantile,0.7,3762.9275785859422
2025-12-20,wk inc flu hosp,0,2025-12-27,36,quantile,0.75,4052.4189967347725
2025-12-20,wk inc flu hosp,0,2025-12-27,36,quantile,0.8,4685.93035107256
2025-12-20,wk inc flu hosp,0,2025-12-27,36,quantile,0.85,5612.361766524426
2025-12-20,wk inc flu hosp,0,2025-12-27,36,quantile,0.9,6936.641581190527
2025-12-20,wk inc flu hosp,0,2025-12-27,36,quantile,0.95,8754.614904343855
2025-12-20,wk inc flu hosp,0,2025-12-27,36,quantile,0.975,9752.457335298952
2025-12-20,wk inc flu hosp,0,2025-12-27,36,quantile,0.99,10037.590691350977
2025-12-20,wk inc flu hosp,0,2025-12-27,37,quantile,0.01,150.6202116062171
2025-12-20,wk inc flu hosp,0,2025-12-27,37,quantile,0.025,292.9726599816192
2025-12-20,wk inc flu hosp,0,2025-12-27,37,quantile,0.05,436.90593087873503
2025-12-20,wk inc flu hosp,0,2025-12-27,37,quantile,0.1,514.5803236328372
2025-12-20,wk inc flu hosp,0,2025-12-27,37,quantile,0.15,578.3739407203005
2025-12-20,wk inc flu hosp,0,2025-12-27,37,quantile,0.2,635.9878993787895
2025-12-20,wk inc flu hosp,0,2025-12-27,37,quantile,0.25,691.7615332269489
2025-12-20,wk inc flu hosp,0,2025-12-27,37,quantile,0.3,756.9921021291914
2025-12-20,wk inc flu hosp,0,2025-12-27,37,quantile,0.35,836.4019315851139
2025-12-20,wk inc flu hosp,0,2025-12-27,37,quantile,0.4,897.3490403700137
2025-12-20,wk inc flu hosp,0,2025-12-27,37,quantile,0.45,981.6410669602915
2025-12-20,wk inc flu hosp,0,2025-12-27,37,quantile,0.5,1043.9088417249172
2025-12-20,wk inc flu hosp,0,2025-12-27,37,quantile,0.55,1138.6901900576022
2025-12-20,wk inc flu hosp,0,2025-12-27,37,quantile,0.6,1247.0748021214147
2025-12-20,wk inc flu hosp,0,2025-12-27,37,quantile,0.65,1358.989577307354
2025-12-20,wk inc flu hosp,0,2025-12-27,37,quantile,0.7,1447.5622552678785
2025-12-20,wk inc flu hosp,0,2025-12-27,37,quantile,0.75,1620.3951342149269
2025-12-20,wk inc flu hosp,0,2025-12-27,37,quantile,0.8,1907.5480395938932
2025-12-20,wk inc flu hosp,0,2025-12-27,37,quantile,0.85,2190.09308904269
2025-12-20,wk inc flu hosp,0,2025-12-27,37,quantile,0.9,2715.080913995937
2025-12-20,wk inc flu hosp,0,2025-12-27,37,quantile,0.95,3549.505240567017
2025-12-20,wk inc flu hosp,0,2025-12-27,37,quantile,0.975,3944.8248522809704
2025-12-20,wk inc flu hosp,0,2025-12-27,37,quantile,0.99,4431.427586161326
2025-12-20,wk inc flu hosp,0,2025-12-27,38,quantile,0.01,11.697371337557824
2025-12-20,wk inc flu hosp,0,2025-12-27,38,quantile,0.025,14.772152825269597
2025-12-20,wk inc flu hosp,0,2025-12-27,38,quantile,0.05,19.577239319571376
2025-12-20,wk inc flu hosp,0,2025-12-27,38,quantile,0.1,24.769222777657053
2025-12-20,wk inc flu hosp,0,2025-12-27,38,quantile,0.15,27.2694685036488
2025-12-20,wk inc flu hosp,0,2025-12-27,38,quantile,0.2,31.11363771017514
2025-12-20,wk inc flu hosp,0,2025-12-27,38,quantile,0.25,34.121908251024244
2025-12-20,wk inc flu hosp,0,2025-12-27,38,quantile,0.3,38.346984450472654
2025-12-20,wk inc flu hosp,0,2025-12-27,38,quantile,0.35,43.13379035478658
2025-12-20,wk inc flu hosp,0,2025-12-27,38,quantile,0.4,47.45532456958074
2025-12-20,wk inc flu hosp,0,2025-12-27,38,quantile,0.45,52.570511058715994
2025-12-20,wk inc flu hosp,0,2025-12-27,38,quantile,0.5,57.223621268544825
2025-12-20,wk inc flu hosp,0,2025-12-27,38,quantile,0.55,62.64375832702367
2025-12-20,wk inc flu hosp,0,2025-12-27,38,quantile,0.6,70.54775675191357
2025-12-20,wk inc flu hosp,0,2025-12-27,38,quantile,0.65,80.60138642463653
2025-12-20,wk inc flu hosp,0,2025-12-27,38,quantile,0.7,89.24798362374054
2025-12-20,wk inc flu hosp,0,2025-12-27,38,quantile,0.75,101.90527249593653
2025-12-20,wk inc flu hosp,0,2025-12-27,38,quantile,0.8,114.41236337319945
2025-12-20,wk inc flu hosp,0,2025-12-27,38,quantile,0.85,130.09676689453198
2025-12-20,wk inc flu hosp,0,2025-12-27,38,quantile,0.9,150.5255238070927
2025-12-20,wk inc flu hosp,0,2025-12-27,38,quantile,0.95,188.3199185971396
2025-12-20,wk inc flu hosp,0,2025-12-27,38,quantile,0.975,231.38695350337065
2025-12-20,wk inc flu hosp,0,2025-12-27,38,quantile,0.99,255.81717699852265
2025-12-20,wk inc flu hosp,0,2025-12-27,39,quantile,0.01,193.66843459306062
2025-12-20,wk inc flu hosp,0,2025-12-27,39,quantile,0.025,373.9689130456547
2025-12-20,wk inc flu hosp,0,2025-12-27,39,quantile,0.05,450.22749922740473
2025-12-20,wk inc flu hosp,0,2025-12-27,39,quantile,0.1,528.0846500607781
2025-12-20,wk inc flu hosp,0,2025-12-27,39,quantile,0.15,607.0432834646165
2025-12-20,wk inc flu hosp,0,2025-12-27,39,quantile,0.2,660.822145735698
2025-12-20,wk inc flu hosp,0,2025-12-27,39,quantile,0.25,715.5726925537405
2025-12-20,wk inc flu hosp,0,2025-12-27,39,quantile,0.3,774.5632715706101
2025-12-20,wk inc flu hosp,0,2025-12-27,39,quantile,0.35,845.2452252506689
2025-12-20,wk inc flu hosp,0,2025-12-27,39,quantile,0.4,924.1264515169822
2025-12-20,wk inc flu hosp,0,2025-12-27,39,quantile,0.45,1006.1122674252113
2025-12-20,wk inc flu hosp,0,2025-12-27,39,quantile,0.5,1102.0692349945912
2025-12-20,wk inc flu hosp,0,2025-12-27,39,quantile,0.55,1211.8967082133993
2025-12-20,wk inc flu hosp,0,2025-12-27,39,quantile,0.6,1339.5525446050221
2025-12-20,wk inc flu hosp,0,2025-12-27,39,quantile,0.65,1459.1654184031934
2025-12-20,wk inc flu hosp,0,2025-12-27,39,quantile,0.7,1632.397364298739
2025-12-20,wk inc flu hosp,0,2025-12-27,39,quantile,0.75,1785.4684903688594
2025-12-20,wk inc flu hosp,0,2025-12-27,39,quantile,0.8,1994.2326360582942
2025-12-20,wk inc flu hosp,0,2025-12-27,39,quantile,0.85,2251.1208016163596
2025-12-20,wk inc flu hosp,0,2025-12-27,39,quantile,0.9,2523.3253927053674
2025-12-20,wk inc flu hosp,0,2025-12-27,39,quantile,0.95,2983.2947168614664
2025-12-20,wk inc flu hosp,0,2025-12-27,39,quantile,0.975,3533.3392611183617
2025-12-20,wk inc flu hosp,0,2025-12-27,39,quantile,0.99,4112.911017016809
2025-12-20,wk inc flu hosp,0,2025-12-27,40,quantile,0.01,15.063938336365554
2025-12-20,wk inc flu hosp,0,2025-12-27,40,quantile,0.025,21.1382994558225
2025-12-20,wk inc flu hosp,0,2025-12-27,40,quantile,0.05,25.632669928158755
2025-12-20,wk inc flu hosp,0,2025-12-27,40,quantile,0.1,32.787152079943795
2025-12-20,wk inc flu hosp,0,2025-12-27,40,quantile,0.15,36.68255517821742
2025-12-20,wk inc flu hosp,0,2025-12-27,40,quantile,0.2,40.66328555939308
2025-12-20,wk inc flu hosp,0,2025-12-27,40,quantile,0.25,45.22423223367507
2025-12-20,wk inc flu hosp,0,2025-12-27,40,quantile,0.3,49.88934018372267
2025-12-20,wk inc flu hosp,0,2025-12-27,40,quantile,0.35,54.24989822119049
2025-12-20,wk inc flu hosp,0,2025-12-27,40,quantile,0.4,58.07160487796932
2025-12-20,wk inc flu hosp,0,2025-12-27,40,quantile,0.45,61.56305090796753
2025-12-20,wk inc flu hosp,0,2025-12-27,40,quantile,0.5,64.72673156407328
2025-12-20,wk inc flu hosp,0,2025-12-27,40,quantile,0.55,68.16275818784018
2025-12-20,wk inc flu hosp,0,2025-12-27,40,quantile,0.6,73.51715361114411
2025-12-20,wk inc flu hosp,0,2025-12-27,40,quantile,0.65,77.8531329230843
2025-12-20,wk inc flu hosp,0,2025-12-27,40,quantile,0.7,82.59457403812132
2025-12-20,wk inc flu hosp,0,2025-12-27,40,quantile,0.75,90.06335299639274
2025-12-20,wk inc flu hosp,0,2025-12-27,40,quantile,0.8,99.34871198234573
2025-12-20,wk inc flu hosp,0,2025-12-27,40,quantile,0.85,110.17095330481223
2025-12-20,wk inc flu hosp,0,2025-12-27,40,quantile,0.9,128.04546100202342
2025-12-20,wk inc flu hosp,0,2025-12-27,40,quantile,0.95,146.36014921394658
2025-12-20,wk inc flu hosp,0,2025-12-27,40,quantile,0.975,171.01380018975462
2025-12-20,wk inc flu hosp,0,2025-12-27,40,quantile,0.99,237.84415845477312
2025-12-20,wk inc flu hosp,0,2025-12-27,41,quantile,0.01,17.502628905616916
2025-12-20,wk inc flu hosp,0,2025-12-27,41,quantile,0.025,18.05810220527733
2025-12-20,wk inc flu hosp,0,2025-12-27,41,quantile,0.05,19.4540548638192
2025-12-20,wk inc flu hosp,0,2025-12-27,41,quantile,0.1,24.37064722859483
2025-12-20,wk inc flu hosp,0,2025-12-27,41,quantile,0.15,27.44580559746646
2025-12-20,wk inc flu hosp,0,2025-12-27,41,quantile,0.2,29.35183112607767
2025-12-20,wk inc flu hosp,0,2025-12-27,41,quantile,0.25,31.690200486030403
2025-12-20,wk inc flu hosp,0,2025-12-27,41,quantile,0.3,34.91001076874272
2025-12-20,wk inc flu hosp,0,2025-12-27,41,quantile,0.35,38.000802869867854
2025-12-20,wk inc flu hosp,0,2025-12-27,41,quantile,0.4,41.05713903209686
2025-12-20,wk inc flu hosp,0,2025-12-27,41,quantile,0.45,43.48285063817955
2025-12-20,wk inc flu hosp,0,2025-12-27,41,quantile,0.5,45.80667325431201
2025-12-20,wk inc flu hosp,0,2025-12-27,41,quantile,0.55,48.17194043946237
2025-12-20,wk inc flu hosp,0,2025-12-27,41,quantile,0.6,50.52993280427833
2025-12-20,wk inc flu hosp,0,2025-12-27,41,quantile,0.65,53.39843254747313
2025-12-20,wk inc flu hosp,0,2025-12-27,41,quantile,0.7,58.00608945139973
2025-12-20,wk inc flu hosp,0,2025-12-27,41,quantile,0.75,63.033823528403936
2025-12-20,wk inc flu hosp,0,2025-12-27,41,quantile,0.8,67.9591197145047
2025-12-20,wk inc flu hosp,0,2025-12-27,41,quantile,0.85,74.96014505077795
2025-12-20,wk inc flu hosp,0,2025-12-27,41,quantile,0.9,84.42342933470852
2025-12-20,wk inc flu hosp,0,2025-12-27,41,quantile,0.95,104.44573515504887
2025-12-20,wk inc flu hosp,0,2025-12-27,41,quantile,0.975,120.31762522022414
2025-12-20,wk inc flu hosp,0,2025-12-27,41,quantile,0.99,133.81415770247494
2025-12-20,wk inc flu hosp,0,2025-12-27,42,quantile,0.01,472.25517847747193
2025-12-20,wk inc flu hosp,0,2025-12-27,42,quantile,0.025,645.6837177548392
2025-12-20,wk inc flu hosp,0,2025-12-27,42,quantile,0.05,775.4229534318399
2025-12-20,wk inc flu hosp,0,2025-12-27,42,quantile,0.1,894.2466876014566
2025-12-20,wk inc flu hosp,0,2025-12-27,42,quantile,0.15,1011.2418856423873
2025-12-20,wk inc flu hosp,0,2025-12-27,42,quantile,0.2,1116.083478674477
2025-12-20,wk inc flu hosp,0,2025-12-27,42,quantile,0.25,1214.8840209265686
2025-12-20,wk inc flu hosp,0,2025-12-27,42,quantile,0.3,1310.650621970812
2025-12-20,wk inc flu hosp,0,2025-12-27,42,quantile,0.35,1403.1995289675265
2025-12-20,wk inc flu hosp,0,2025-12-27,42,quantile,0.4,1520.4380893781135
2025-12-20,wk inc flu hosp,0,2025-12-27,42,quantile,0.45,1611.0981211210994
2025-12-20,wk inc flu hosp,0,2025-12-27,42,quantile,0.5,1723.0414887779345
2025-12-20,wk inc flu hosp,0,2025-12-27,42,quantile,0.55,1801.8744129404224
2025-12-20,wk inc flu hosp,0,2025-12-27,42,quantile,0.6,1932.1006465660892
2025-12-20,wk inc flu hosp,0,2025-12-27,42,quantile,0.65,2109.054781610094
2025-12-20,wk inc flu hosp,0,2025-12-27,42,quantile,0.7,2251.8419081774878
2025-12-20,wk inc flu hosp,0,2025-12-27,42,quantile,0.75,2373.6975463598737
2025-12-20,wk inc flu hosp,0,2025-12-27,42,quantile,0.8,2565.401375036
2025-12-20,wk inc flu hosp,0,2025-12-27,42,quantile,0.85,2947.231967247062
2025-12-20,wk inc flu hosp,0,2025-12-27,42,quantile,0.9,3405.7633255522373
2025-12-20,wk inc flu hosp,0,2025-12-27,42,quantile,0.95,3945.0141492073735
2025-12-20,wk inc flu hosp,0,2025-12-27,42,quantile,0.975,4758.109387935174
2025-12-20,wk inc flu hosp,0,2025-12-27,42,quantile,0.99,5311.686342590078
2025-12-20,wk inc flu hosp,0,2025-12-27,44,quantile,0.01,18.949696585594637
2025-12-20,wk inc flu hosp,0,2025-12-27,44,quantile,0.025,23.756810880241183
2025-12-20,wk inc flu hosp,0,2025-12-27,44,quantile,0.05,32.49810437305712
2025-12-20,wk inc flu hosp,0,2025-12-27,44,quantile,0.1,47.552440624265955
2025-12-20,wk inc flu hosp,0,2025-12-27,44,quantile,0.15,59.0808484664193
2025-12-20,wk inc flu hosp,0,2025-12-27,44,quantile,0.2,68.12325087333838
2025-12-20,wk inc flu hosp,0,2025-12-27,44,quantile,0.25,77.28774715188864
2025-12-20,wk inc flu hosp,0,2025-12-27,44,quantile,0.3,85.93150447611175
2025-12-20,wk inc flu hosp,0,2025-12-27,44,quantile,0.35,94.27083330206239
2025-12-20,wk inc flu hosp,0,2025-12-27,44,quantile,0.4,102.6269947990684
2025-12-20,wk inc flu hosp,0,2025-12-27,44,quantile,0.45,110.0165852980463
2025-12-20,wk inc flu hosp,0,2025-12-27,44,quantile,0.5,120.15521649509057
2025-12-20,wk inc flu hosp,0,2025-12-27,44,quantile,0.55,134.3585386168608
2025-12-20,wk inc flu hosp,0,2025-12-27,44,quantile,0.6,150.4540209620807
2025-12-20,wk inc flu hosp,0,2025-12-27,44,quantile,0.65,166.79795050398977
2025-12-20,wk inc flu hosp,0,2025-12-27,44,quantile,0.7,181.22372255531576
2025-12-20,wk inc flu hosp,0,2025-12-27,44,quantile,0.75,199.64589235193478
2025-12-20,wk inc flu hosp,0,2025-12-27,44,quantile,0.8,236.84074515400388
2025-12-20,wk inc flu hosp,0,2025-12-27,44,quantile,0.85,282.8493752262941
2025-12-20,wk inc flu hosp,0,2025-12-27,44,quantile,0.9,413.0323739422887
2025-12-20,wk inc flu hosp,0,2025-12-27,44,quantile,0.95,551.8019019136307
2025-12-20,wk inc flu hosp,0,2025-12-27,44,quantile,0.975,705.7598172555304
2025-12-20,wk inc flu hosp,0,2025-12-27,44,quantile,0.99,735.5585794740934
2025-12-20,wk inc flu hosp,0,2025-12-27,45,quantile,0.01,134.02942267007
2025-12-20,wk inc flu hosp,0,2025-12-27,45,quantile,0.025,165.11849400157962
2025-12-20,wk inc flu hosp,0,2025-12-27,45,quantile,0.05,192.8451904707338
2025-12-20,wk inc flu hosp,0,2025-12-27,45,quantile,0.1,230.10889179077597
2025-12-20,wk inc flu hosp,0,2025-12-27,45,quantile,0.15,269.05778871620777
2025-12-20,wk inc flu hosp,0,2025-12-27,45,quantile,0.2,316.59648769498966
2025-12-20,wk inc flu hosp,0,2025-12-27,45,quantile,0.25,361.42449852595337
2025-12-20,wk inc flu hosp,0,2025-12-27,45,quantile,0.3,398.6879356897053
2025-12-20,wk inc flu hosp,0,2025-12-27,45,quantile,0.35,430.5965340659891
2025-12-20,wk inc flu hosp,0,2025-12-27,45,quantile,0.4,468.3020242986506
2025-12-20,wk inc flu hosp,0,2025-12-27,45,quantile,0.45,509.1974143270247
2025-12-20,wk inc flu hosp,0,2025-12-27,45,quantile,0.5,556.4217710700146
2025-12-20,wk inc flu hosp,0,2025-12-27,45,quantile,0.55,596.964038855956
2025-12-20,wk inc flu hosp,0,2025-12-27,45,quantile,0.6,648.2517803827584
2025-12-20,wk inc flu hosp,0,2025-12-27,45,quantile,0.65,713.6426312946595
2025-12-20,wk inc flu hosp,0,2025-12-27,45,quantile,0.7,782.6536016327874
2025-12-20,wk inc flu hosp,0,2025-12-27,45,quantile,0.75,864.2896361352344
2025-12-20,wk inc flu hosp,0,2025-12-27,45,quantile,0.8,947.137924733916
2025-12-20,wk inc flu hosp,0,2025-12-27,45,quantile,0.85,1047.4923009875904
2025-12-20,wk inc flu hosp,0,2025-12-27,45,quantile,0.9,1175.69899500724
2025-12-20,wk inc flu hosp,0,2025-12-27,45,quantile,0.95,1438.35940088582
2025-12-20,wk inc flu hosp,0,2025-12-27,45,quantile,0.975,1742.2042199119865
2025-12-20,wk inc flu hosp,0,2025-12-27,45,quantile,0.99,1815.4083230566089
2025-12-20,wk inc flu hosp,0,2025-12-27,46,quantile,0.01,4.1469870628416965
2025-12-20,wk inc flu hosp,0,2025-12-27,46,quantile,0.025,4.875452601600139
2025-12-20,wk inc flu hosp,0,2025-12-27,46,quantile,0.05,7.383402718508533
2025-12-20,wk inc flu hosp,0,2025-12-27,46,quantile,0.1,9.216516112950709
2025-12-20,wk inc flu hosp,0,2025-12-27,46,quantile,0.15,11.404706907514164
2025-12-20,wk inc flu hosp,0,2025-12-27,46,quantile,0.2,14.121704432150729
2025-12-20,wk inc flu hosp,0,2025-12-27,46,quantile,0.25,17.17910697965469
2025-12-20,wk inc flu hosp,0,2025-12-27,46,quantile,0.3,20.67398205450828
2025-12-20,wk inc flu hosp,0,2025-12-27,46,quantile,0.35,23.338981896912305
2025-12-20,wk inc flu hosp,0,2025-12-27,46,quantile,0.4,25.655621474074042
2025-12-20,wk inc flu hosp,0,2025-12-27,46,quantile,0.45,28.362364127681598
2025-12-20,wk inc flu hosp,0,2025-12-27,46,quantile,0.5,30.581326608971427
2025-12-20,wk inc flu hosp,0,2025-12-27,46,quantile,0.55,32.81790506385513
2025-12-20,wk inc flu hosp,0,2025-12-27,46,quantile,0.6,35.18836292910953
2025-12-20,wk inc flu hosp,0,2025-12-27,46,quantile,0.65,38.24685769844693
2025-12-20,wk inc flu hosp,0,2025-12-27,46,quantile,0.7,41.78360035627496
2025-12-20,wk inc flu hosp,0,2025-12-27,46,quantile,0.75,46.19858833508006
2025-12-20,wk inc flu hosp,0,2025-12-27,46,quantile,0.8,52.51854371412208
2025-12-20,wk inc flu hosp,0,2025-12-27,46,quantile,0.85,60.670713181547185
2025-12-20,wk inc flu hosp,0,2025-12-27,46,quantile,0.9,66.6033660501204
2025-12-20,wk inc flu hosp,0,2025-12-27,46,quantile,0.95,83.37542973114863
2025-12-20,wk inc flu hosp,0,2025-12-27,46,quantile,0.975,92.61929257065486
2025-12-20,wk inc flu hosp,0,2025-12-27,46,quantile,0.99,120.57985960167267
2025-12-20,wk inc flu hosp,0,2025-12-27,47,quantile,0.01,117.39750301634726
2025-12-20,wk inc flu hosp,0,2025-12-27,47,quantile,0.025,154.54666711936952
2025-12-20,wk inc flu hosp,0,2025-12-27,47,quantile,0.05,170.11019492433877
2025-12-20,wk inc flu hosp,0,2025-12-27,47,quantile,0.1,203.0373936250953
2025-12-20,wk inc flu hosp,0,2025-12-27,47,quantile,0.15,239.5485511542363
2025-12-20,wk inc flu hosp,0,2025-12-27,47,quantile,0.2,268.52548630057623
2025-12-20,wk inc flu hosp,0,2025-12-27,47,quantile,0.25,294.53618259655195
2025-12-20,wk inc flu hosp,0,2025-12-27,47,quantile,0.3,312.95387700862847
2025-12-20,wk inc flu hosp,0,2025-12-27,47,quantile,0.35,335.2133605499119
2025-12-20,wk inc flu hosp,0,2025-12-27,47,quantile,0.4,363.3382077290572
2025-12-20,wk inc flu hosp,0,2025-12-27,47,quantile,0.45,390.16287027046064
2025-12-20,wk inc flu hosp,0,2025-12-27,47,quantile,0.5,419.5011027865957
2025-12-20,wk inc flu hosp,0,2025-12-27,47,quantile,0.55,456.1673476987413
2025-12-20,wk inc flu hosp,0,2025-12-27,47,quantile,0.6,492.96210783733954
2025-12-20,wk inc flu hosp,0,2025-12-27,47,quantile,0.65,544.4278011326128
2025-12-20,wk inc flu hosp,0,2025-12-27,47,quantile,0.7,579.7377478629783
2025-12-20,wk inc flu hosp,0,2025-12-27,47,quantile,0.75,617.1038166875053
2025-12-20,wk inc flu hosp,0,2025-12-27,47,quantile,0.8,681.8851565962896
2025-12-20,wk inc flu hosp,0,2025-12-27,47,quantile,0.85,773.1584330212869
2025-12-20,wk inc flu hosp,0,2025-12-27,47,quantile,0.9,961.0853685320347
2025-12-20,wk inc flu hosp,0,2025-12-27,47,quantile,0.95,1086.2645847981198
2025-12-20,wk inc flu hosp,0,2025-12-27,47,quantile,0.975,1210.4154056905106
2025-12-20,wk inc flu hosp,0,2025-12-27,47,quantile,0.99,1290.5779798914816
2025-12-20,wk inc flu hosp,0,2025-12-27,48,quantile,0.01,369.0683138095631
2025-12-20,wk inc flu hosp,0,2025-12-27,48,quantile,0.025,559.0709505483936
2025-12-20,wk inc flu hosp,0,2025-12-27,48,quantile,0.05,731.9298792227107
2025-12-20,wk inc flu hosp,0,2025-12-27,48,quantile,0.1,955.1546487597531
2025-12-20,wk inc flu hosp,0,2025-12-27,48,quantile,0.15,1083.9076066958644
2025-12-20,wk inc flu hosp,0,2025-12-27,48,quantile,0.2,1220.2632803569118
2025-12-20,wk inc flu hosp,0,2025-12-27,48,quantile,0.25,1304.509117526819
2025-12-20,wk inc flu hosp,0,2025-12-27,48,quantile,0.3,1392.0549944215002
2025-12-20,wk inc flu hosp,0,2025-12-27,48,quantile,0.35,1467.704124214085
2025-12-20,wk inc flu hosp,0,2025-12-27,48,quantile,0.4,1531.1875083171997
2025-12-20,wk inc flu hosp,0,2025-12-27,48,quantile,0.45,1586.359857310167
2025-12-20,wk inc flu hosp,0,2025-12-27,48,quantile,0.5,1675.6705218120696
2025-12-20,wk inc flu hosp,0,2025-12-27,48,quantile,0.55,1787.0883849791749
2025-12-20,wk inc flu hosp,0,2025-12-27,48,quantile,0.6,1900.4020769027757
2025-12-20,wk inc flu hosp,0,2025-12-27,48,quantile,0.65,2010.5113770221135
2025-12-20,wk inc flu hosp,0,2025-12-27,48,quantile,0.7,2144.057012274138
2025-12-20,wk inc flu hosp,0,2025-12-27,48,quantile,0.75,2373.497506302789
2025-12-20,wk inc flu hosp,0,2025-12-27,48,quantile,0.8,2608.1028897379433
2025-12-20,wk inc flu hosp,0,2025-12-27,48,quantile,0.85,2801.6684808583946
2025-12-20,wk inc flu hosp,0,2025-12-27,48,quantile,0.9,3162.5822781879065
2025-12-20,wk inc flu hosp,0,2025-12-27,48,quantile,0.95,3732.9438749322676
2025-12-20,wk inc flu hosp,0,2025-12-27,48,quantile,0.975,4418.840606493053
2025-12-20,wk inc flu hosp,0,2025-12-27,48,quantile,0.99,5427.703769029414
2025-12-20,wk inc flu hosp,0,2025-12-27,49,quantile,0.01,27.573805581990175
2025-12-20,wk inc flu hosp,0,2025-12-27,49,quantile,0.025,44.30144399509214
2025-12-20,wk inc flu hosp,0,2025-12-27,49,quantile,0.05,58.152268811676656
2025-12-20,wk inc flu hosp,0,2025-12-27,49,quantile,0.1,74.91184028568965
2025-12-20,wk inc flu hosp,0,2025-12-27,49,quantile,0.15,89.41495806203902
2025-12-20,wk inc flu hosp,0,2025-12-27,49,quantile,0.2,102.77007953849609
2025-12-20,wk inc flu hosp,0,2025-12-27,49,quantile,0.25,115.18828201935665
2025-12-20,wk inc flu hosp,0,2025-12-27,49,quantile,0.3,129.43339406178936
2025-12-20,wk inc flu hosp,0,2025-12-27,49,quantile,0.35,137.81226505804418
2025-12-20,wk inc flu hosp,0,2025-12-27,49,quantile,0.4,149.2251533236588
2025-12-20,wk inc flu hosp,0,2025-12-27,49,quantile,0.45,159.60316246100714
2025-12-20,wk inc flu hosp,0,2025-12-27,49,quantile,0.5,172.7139543048177
2025-12-20,wk inc flu hosp,0,2025-12-27,49,quantile,0.55,191.09692182579266
2025-12-20,wk inc flu hosp,0,2025-12-27,49,quantile,0.6,208.32867477139007
2025-12-20,wk inc flu hosp,0,2025-12-27,49,quantile,0.65,226.80592686364108
2025-12-20,wk inc flu hosp,0,2025-12-27,49,quantile,0.7,248.95999577186913
2025-12-20,wk inc flu hosp,0,2025-12-27,49,quantile,0.75,275.51472605827075
2025-12-20,wk inc flu hosp,0,2025-12-27,49,quantile,0.8,300.3821534626354
2025-12-20,wk inc flu hosp,0,2025-12-27,49,quantile,0.85,332.95278598024686
2025-12-20,wk inc flu hosp,0,2025-12-27,49,quantile,0.9,365.6680871125597
2025-12-20,wk inc flu hosp,0,2025-12-27,49,quantile,0.95,439.28669814331414
2025-12-20,wk inc flu hosp,0,2025-12-27,49,quantile,0.975,517.8940087649868
2025-12-20,wk inc flu hosp,0,2025-12-27,49,quantile,0.99,666.7745877621817
2025-12-20,wk inc flu hosp,0,2025-12-27,50,quantile,0.01,1.390095221729048
2025-12-20,wk inc flu hosp,0,2025-12-27,50,quantile,0.025,1.8927905055247256
2025-12-20,wk inc flu hosp,0,2025-12-27,50,quantile,0.05,2.2516215427748163
2025-12-20,wk inc flu hosp,0,2025-12-27,50,quantile,0.1,4.194927106021484
2025-12-20,wk inc flu hosp,0,2025-12-27,50,quantile,0.15,5.52048161437508
2025-12-20,wk inc flu hosp,0,2025-12-27,50,quantile,0.2,6.78520700938156
2025-12-20,wk inc flu hosp,0,2025-12-27,50,quantile,0.25,8.234681573515454
2025-12-20,wk inc flu hosp,0,2025-12-27,50,quantile,0.3,9.196130962537461
2025-12-20,wk inc flu hosp,0,2025-12-27,50,quantile,0.35,10.157973160389616
2025-12-20,wk inc flu hosp,0,2025-12-27,50,quantile,0.4,11.247429379880346
2025-12-20,wk inc flu hosp,0,2025-12-27,50,quantile,0.45,12.542625207382086
2025-12-20,wk inc flu hosp,0,2025-12-27,50,quantile,0.5,13.72832211913936
2025-12-20,wk inc flu hosp,0,2025-12-27,50,quantile,0.55,14.7571744415294
2025-12-20,wk inc flu hosp,0,2025-12-27,50,quantile,0.6,15.812900571201137
2025-12-20,wk inc flu hosp,0,2025-12-27,50,quantile,0.65,17.63667767533015
2025-12-20,wk inc flu hosp,0,2025-12-27,50,quantile,0.7,19.581625003818857
2025-12-20,wk inc flu hosp,0,2025-12-27,50,quantile,0.75,21.991772986359674
2025-12-20,wk inc flu hosp,0,2025-12-27,50,quantile,0.8,24.466715727549563
2025-12-20,wk inc flu hosp,0,2025-12-27,50,quantile,0.85,27.432405524802217
2025-12-20,wk inc flu hosp,0,2025-12-27,50,quantile,0.9,32.79060919740221
2025-12-20,wk inc flu hosp,0,2025-12-27,50,quantile,0.95,44.904143628823896
2025-12-20,wk inc flu hosp,0,2025-12-27,50,quantile,0.975,55.47122324583449
2025-12-20,wk inc flu hosp,0,2025-12-27,50,quantile,0.99,56.6897589615718
2025-12-20,wk inc flu hosp,0,2025-12-27,51,quantile,0.01,152.1937881458438
2025-12-20,wk inc flu hosp,0,2025-12-27,51,quantile,0.025,186.20931602113868
2025-12-20,wk inc flu hosp,0,2025-12-27,51,quantile,0.05,234.6971750138185
2025-12-20,wk inc flu hosp,0,2025-12-27,51,quantile,0.1,263.4024168931451
2025-12-20,wk inc flu hosp,0,2025-12-27,51,quantile,0.15,301.2857198646008
2025-12-20,wk inc flu hosp,0,2025-12-27,51,quantile,0.2,337.0290334021538
2025-12-20,wk inc flu hosp,0,2025-12-27,51,quantile,0.25,368.7847993363843
2025-12-20,wk inc flu hosp,0,2025-12-27,51,quantile,0.3,395.16962933740723
2025-12-20,wk inc flu hosp,0,2025-12-27,51,quantile,0.35,422.9820913888841
2025-12-20,wk inc flu hosp,0,2025-12-27,51,quantile,0.4,451.87539924279224
2025-12-20,wk inc flu hosp,0,2025-12-27,51,quantile,0.45,483.0900402940203
2025-12-20,wk inc flu hosp,0,2025-12-27,51,quantile,0.5,517.4691291072978
2025-12-20,wk inc flu hosp,0,2025-12-27,51,quantile,0.55,551.2969990917985
2025-12-20,wk inc flu hosp,0,2025-12-27,51,quantile,0.6,594.2564137728988
2025-12-20,wk inc flu hosp,0,2025-12-27,51,quantile,0.65,618.2271490890703
2025-12-20,wk inc flu hosp,0,2025-12-27,51,quantile,0.7,656.6649710575928
2025-12-20,wk inc flu hosp,0,2025-12-27,51,quantile,0.75,699.8367685326739
2025-12-20,wk inc flu hosp,0,2025-12-27,51,quantile,0.8,744.7269394076567
2025-12-20,wk inc flu hosp,0,2025-12-27,51,quantile,0.85,793.96512852952
2025-12-20,wk inc flu hosp,0,2025-12-27,51,quantile,0.9,854.0382941878685
2025-12-20,wk inc flu hosp,0,2025-12-27,51,quantile,0.95,963.7826734377819
2025-12-20,wk inc flu hosp,0,2025-12-27,51,quantile,0.975,1025.11796227184
2025-12-20,wk inc flu hosp,0,2025-12-27,51,quantile,0.99,1186.1923000718552
2025-12-20,wk inc flu hosp,0,2025-12-27,53,quantile,0.01,18.985079308953278
2025-12-20,wk inc flu hosp,0,2025-12-27,53,quantile,0.025,53.607441751926295
2025-12-20,wk inc flu hosp,0,2025-12-27,53,quantile,0.05,67.5985032604416
2025-12-20,wk inc flu hosp,0,2025-12-27,53,quantile,0.1,83.55140540015404
2025-12-20,wk inc flu hosp,0,2025-12-27,53,quantile,0.15,91.04996171028436
2025-12-20,wk inc flu hosp,0,2025-12-27,53,quantile,0.2,104.97850572366808
2025-12-20,wk inc flu hosp,0,2025-12-27,53,quantile,0.25,118.93415126528774
2025-12-20,wk inc flu hosp,0,2025-12-27,53,quantile,0.3,133.7711346639922
2025-12-20,wk inc flu hosp,0,2025-12-27,53,quantile,0.35,144.93903703206377
2025-12-20,wk inc flu hosp,0,2025-12-27,53,quantile,0.4,155.44490506642438
2025-12-20,wk inc flu hosp,0,2025-12-27,53,quantile,0.45,166.78345685927218
2025-12-20,wk inc flu hosp,0,2025-12-27,53,quantile,0.5,179.18224402289263
2025-12-20,wk inc flu hosp,0,2025-12-27,53,quantile,0.55,187.3562995315787
2025-12-20,wk inc flu hosp,0,2025-12-27,53,quantile,0.6,199.74142855201293
2025-12-20,wk inc flu hosp,0,2025-12-27,53,quantile,0.65,211.39023167880217
2025-12-20,wk inc flu hosp,0,2025-12-27,53,quantile,0.7,219.33873410680042
2025-12-20,wk inc flu hosp,0,2025-12-27,53,quantile,0.75,228.7680427687247
2025-12-20,wk inc flu hosp,0,2025-12-27,53,quantile,0.8,244.2520070046421
2025-12-20,wk inc flu hosp,0,2025-12-27,53,quantile,0.85,268.2376906709173
2025-12-20,wk inc flu hosp,0,2025-12-27,53,quantile,0.9,300.78569401528347
2025-12-20,wk inc flu hosp,0,2025-12-27,53,quantile,0.95,356.5329018500468
2025-12-20,wk inc flu hosp,0,2025-12-27,53,quantile,0.975,415.3940942711595
2025-12-20,wk inc flu hosp,0,2025-12-27,53,quantile,0.99,510.6147498093651
2025-12-20,wk inc flu hosp,0,2025-12-27,54,quantile,0.01,17.1764059616615
2025-12-20,wk inc flu hosp,0,2025-12-27,54,quantile,0.025,22.75632125128164
2025-12-20,wk inc flu hosp,0,2025-12-27,54,quantile,0.05,30.580191247701094
2025-12-20,wk inc flu hosp,0,2025-12-27,54,quantile,0.1,43.28172541976107
2025-12-20,wk inc flu hosp,0,2025-12-27,54,quantile,0.15,50.796964114296046
2025-12-20,wk inc flu hosp,0,2025-12-27,54,quantile,0.2,58.206209688784604
2025-12-20,wk inc flu hosp,0,2025-12-27,54,quantile,0.25,65.36480945166349
2025-12-20,wk inc flu hosp,0,2025-12-27,54,quantile,0.3,74.35772578117734
2025-12-20,wk inc flu hosp,0,2025-12-27,54,quantile,0.35,84.31829023233986
2025-12-20,wk inc flu hosp,0,2025-12-27,54,quantile,0.4,93.45325698764347
2025-12-20,wk inc flu hosp,0,2025-12-27,54,quantile,0.45,102.039882906876
2025-12-20,wk inc flu hosp,0,2025-12-27,54,quantile,0.5,108.34755487022852
2025-12-20,wk inc flu hosp,0,2025-12-27,54,quantile,0.55,115.84207965100758
2025-12-20,wk inc flu hosp,0,2025-12-27,54,quantile,0.6,125.34012691650557
2025-12-20,wk inc flu hosp,0,2025-12-27,54,quantile,0.65,138.58110088101483
2025-12-20,wk inc flu hosp,0,2025-12-27,54,quantile,0.7,156.06822534913073
2025-12-20,wk inc flu hosp,0,2025-12-27,54,quantile,0.75,173.75991689501808
2025-12-20,wk inc flu hosp,0,2025-12-27,54,quantile,0.8,191.89720828149694
2025-12-20,wk inc flu hosp,0,2025-12-27,54,quantile,0.85,216.68305115595052
2025-12-20,wk inc flu hosp,0,2025-12-27,54,quantile,0.9,274.92399147789695
2025-12-20,wk inc flu hosp,0,2025-12-27,54,quantile,0.95,354.5987913083372
2025-12-20,wk inc flu hosp,0,2025-12-27,54,quantile,0.975,419.4319299246828
2025-12-20,wk inc flu hosp,0,2025-12-27,54,quantile,0.99,452.5873233528666
2025-12-20,wk inc flu hosp,0,2025-12-27,55,quantile,0.01,53.62275493900089
2025-12-20,wk inc flu hosp,0,2025-12-27,55,quantile,0.025,111.67845679779843
2025-12-20,wk inc flu hosp,0,2025-12-27,55,quantile,0.05,149.2790032720549
2025-12-20,wk inc flu hosp,0,2025-12-27,55,quantile,0.1,185.5391429461901
2025-12-20,wk inc flu hosp,0,2025-12-27,55,quantile,0.15,215.0850891965589
2025-12-20,wk inc flu hosp,0,2025-12-27,55,quantile,0.2,244.66817790661662
2025-12-20,wk inc flu hosp,0,2025-12-27,55,quantile,0.25,269.70764279744816
2025-12-20,wk inc flu hosp,0,2025-12-27,55,quantile,0.3,298.4485568972138
2025-12-20,wk inc flu hosp,0,2025-12-27,55,quantile,0.35,325.44910173636765
2025-12-20,wk inc flu hosp,0,2025-12-27,55,quantile,0.4,349.26407644088954
2025-12-20,wk inc flu hosp,0,2025-12-27,55,quantile,0.45,372.22630120709795
2025-12-20,wk inc flu hosp,0,2025-12-27,55,quantile,0.5,396.6839767027406
2025-12-20,wk inc flu hosp,0,2025-12-27,55,quantile,0.55,420.369672017601
2025-12-20,wk inc flu hosp,0,2025-12-27,55,quantile,0.6,437.91863958475483
2025-12-20,wk inc flu hosp,0,2025-12-27,55,quantile,0.65,468.9743482221401
2025-12-20,wk inc flu hosp,0,2025-12-27,55,quantile,0.7,508.7306994282386
2025-12-20,wk inc flu hosp,0,2025-12-27,55,quantile,0.75,555.6648750937367
2025-12-20,wk inc flu hosp,0,2025-12-27,55,quantile,0.8,614.9742815714511
2025-12-20,wk inc flu hosp,0,2025-12-27,55,quantile,0.85,715.6920606464963
2025-12-20,wk inc flu hosp,0,2025-12-27,55,quantile,0.9,827.7409164784077
2025-12-20,wk inc flu hosp,0,2025-12-27,55,quantile,0.95,1014.6714190424058
2025-12-20,wk inc flu hosp,0,2025-12-27,55,quantile,0.975,1200.999551049177
2025-12-20,wk inc flu hosp,0,2025-12-27,55,quantile,0.99,1416.22098113969
2025-12-20,wk inc flu hosp,0,2025-12-27,56,quantile,0.01,5.551085972665247
2025-12-20,wk inc flu hosp,0,2025-12-27,56,quantile,0.025,7.201844414164876
2025-12-20,wk inc flu hosp,0,2025-12-27,56,quantile,0.05,9.018192154102076
2025-12-20,wk inc flu hosp,0,2025-12-27,56,quantile,0.1,12.225101624716235
2025-12-20,wk inc flu hosp,0,2025-12-27,56,quantile,0.15,15.020067809957585
2025-12-20,wk inc flu hosp,0,2025-12-27,56,quantile,0.2,18.228587090014596
2025-12-20,wk inc flu hosp,0,2025-12-27,56,quantile,0.25,21.41038534827004
2025-12-20,wk inc flu hosp,0,2025-12-27,56,quantile,0.3,24.576618195955966
2025-12-20,wk inc flu hosp,0,2025-12-27,56,quantile,0.35,27.49969723129213
2025-12-20,wk inc flu hosp,0,2025-12-27,56,quantile,0.4,30.024121937285326
2025-12-20,wk inc flu hosp,0,2025-12-27,56,quantile,0.45,32.632847944178835
2025-12-20,wk inc flu hosp,0,2025-12-27,56,quantile,0.5,35.48328444073118
2025-12-20,wk inc flu hosp,0,2025-12-27,56,quantile,0.55,39.10231231471006
2025-12-20,wk inc flu hosp,0,2025-12-27,56,quantile,0.6,41.73844381231325
2025-12-20,wk inc flu hosp,0,2025-12-27,56,quantile,0.65,44.370905643866905
2025-12-20,wk inc flu hosp,0,2025-12-27,56,quantile,0.7,49.12276018145596
2025-12-20,wk inc flu hosp,0,2025-12-27,56,quantile,0.75,55.66210097255036
2025-12-20,wk inc flu hosp,0,2025-12-27,56,quantile,0.8,62.633062702972374
2025-12-20,wk inc flu hosp,0,2025-12-27,56,quantile,0.85,72.67070674522999
2025-12-20,wk inc flu hosp,0,2025-12-27,56,quantile,0.9,92.04703400978698
2025-12-20,wk inc flu hosp,0,2025-12-27,56,quantile,0.95,117.25781886643658
2025-12-20,wk inc flu hosp,0,2025-12-27,56,quantile,0.975,140.43897014862975
2025-12-20,wk inc flu hosp,0,2025-12-27,56,quantile,0.99,206.26062261058033
2025-12-20,wk inc flu hosp,0,2025-12-27,72,quantile,0.01,84.44142235694576
2025-12-20,wk inc flu hosp,0,2025-12-27,72,quantile,0.025,98.96223103882664
2025-12-20,wk inc flu hosp,0,2025-12-27,72,quantile,0.05,111.81590415803726
2025-12-20,wk inc flu hosp,0,2025-12-27,72,quantile,0.1,144.2641200443918
2025-12-20,wk inc flu hosp,0,2025-12-27,72,quantile,0.15,162.45730706972887
2025-12-20,wk inc flu hosp,0,2025-12-27,72,quantile,0.2,179.60917657247845
2025-12-20,wk inc flu hosp,0,2025-12-27,72,quantile,0.25,194.50140000399585
2025-12-20,wk inc flu hosp,0,2025-12-27,72,quantile,0.3,208.73583064791126
2025-12-20,wk inc flu hosp,0,2025-12-27,72,quantile,0.35,229.35044974619933
2025-12-20,wk inc flu hosp,0,2025-12-27,72,quantile,0.4,247.426002379779
2025-12-20,wk inc flu hosp,0,2025-12-27,72,quantile,0.45,264.7565559654438
2025-12-20,wk inc flu hosp,0,2025-12-27,72,quantile,0.5,281.0208668536257
2025-12-20,wk inc flu hosp,0,2025-12-27,72,quantile,0.55,299.86877441323804
2025-12-20,wk inc flu hosp,0,2025-12-27,72,quantile,0.6,319.55984804619453
2025-12-20,wk inc flu hosp,0,2025-12-27,72,quantile,0.65,337.367712889721
2025-12-20,wk inc flu hosp,0,2025-12-27,72,quantile,0.7,361.9972783155393
2025-12-20,wk inc flu hosp,0,2025-12-27,72,quantile,0.75,387.9805421538492
2025-12-20,wk inc flu hosp,0,2025-12-27,72,quantile,0.8,405.82329010781103
2025-12-20,wk inc flu hosp,0,2025-12-27,72,quantile,0.85,432.89809419015415
2025-12-20,wk inc flu hosp,0,2025-12-27,72,quantile,0.9,491.036722947407
2025-12-20,wk inc flu hosp,0,2025-12-27,72,quantile,0.95,620.0001003424381
2025-12-20,wk inc flu hosp,0,2025-12-27,72,quantile,0.975,761.7601589186875
2025-12-20,wk inc flu hosp,0,2025-12-27,72,quantile,0.99,976.3723141822448
2025-12-20,wk inc flu hosp,0,2025-12-27,US,quantile,0.01,4328.003478840702
2025-12-20,wk inc flu hosp,0,2025-12-27,US,quantile,0.025,7051.777107198302
2025-12-20,wk inc flu hosp,0,2025-12-27,US,quantile,0.05,10033.687172645183
2025-12-20,wk inc flu hosp,0,2025-12-27,US,quantile,0.1,13825.259903796647
2025-12-20,wk inc flu hosp,0,2025-12-27,US,quantile,0.15,16122.658734471179
2025-12-20,wk inc flu hosp,0,2025-12-27,US,quantile,0.2,18129.272036411156
2025-12-20,wk inc flu hosp,0,2025-12-27,US,quantile,0.25,20670.345669697497
2025-12-20,wk inc flu hosp,0,2025-12-27,US,quantile,0.3,23058.500336305613
2025-12-20,wk inc flu hosp,0,2025-12-27,US,quantile,0.35,25162.64647028555
2025-12-20,wk inc flu hosp,0,2025-12-27,US,quantile,0.4,27005.968385652883
2025-12-20,wk inc flu hosp,0,2025-12-27,US,quantile,0.45,28181.0398047666
2025-12-20,wk inc flu hosp,0,2025-12-27,US,quantile,0.5,29829.179313327488
2025-12-20,wk inc flu hosp,0,2025-12-27,US,quantile,0.55,31518.130155671246
2025-12-20,wk inc flu hosp,0,2025-12-27,US,quantile,0.6,33170.31153547223
2025-12-20,wk inc flu hosp,0,2025-12-27,US,quantile,0.65,35030.68096128198
2025-12-20,wk inc flu hosp,0,2025-12-27,US,quantile,0.7,36366.01438587439
2025-12-20,wk inc flu hosp,0,2025-12-27,US,quantile,0.75,38682.05216362708
2025-12-20,wk inc flu hosp,0,2025-12-27,US,quantile,0.8,41358.15607837102
2025-12-20,wk inc flu hosp,0,2025-12-27,US,quantile,0.85,43591.62045833639
2025-12-20,wk inc flu hosp,0,2025-12-27,US,quantile,0.9,47171.26962015835
2025-12-20,wk inc flu hosp,0,2025-12-27,US,quantile,0.95,51802.44110275157
2025-12-20,wk inc flu hosp,0,2025-12-27,US,quantile,0.975,57070.04433547297
2025-12-20,wk inc flu hosp,0,2025-12-27,US,quantile,0.99,65632.88129996431
2025-12-20,wk inc flu hosp,1,2026-01-03,01,quantile,0.01,74.94998133378932
2025-12-20,wk inc flu hosp,1,2026-01-03,01,quantile,0.025,88.57864223131944
2025-12-20,wk inc flu hosp,1,2026-01-03,01,quantile,0.05,107.9344744133058
2025-12-20,wk inc flu hosp,1,2026-01-03,01,quantile,0.1,142.70876978808457
2025-12-20,wk inc flu hosp,1,2026-01-03,01,quantile,0.15,169.29126609253203
2025-12-20,wk inc flu hosp,1,2026-01-03,01,quantile,0.2,196.3458260008643
2025-12-20,wk inc flu hosp,1,2026-01-03,01,quantile,0.25,223.41108411879011
2025-12-20,wk inc flu hosp,1,2026-01-03,01,quantile,0.3,250.68625757954166
2025-12-20,wk inc flu hosp,1,2026-01-03,01,quantile,0.35,281.95450426308014
2025-12-20,wk inc flu hosp,1,2026-01-03,01,quantile,0.4,315.7608103888807
2025-12-20,wk inc flu hosp,1,2026-01-03,01,quantile,0.45,345.78290910873636
2025-12-20,wk inc flu hosp,1,2026-01-03,01,quantile,0.5,373.09330625650426
2025-12-20,wk inc flu hosp,1,2026-01-03,01,quantile,0.55,411.8612895876999
2025-12-20,wk inc flu hosp,1,2026-01-03,01,quantile,0.6,450.29263214549974
2025-12-20,wk inc flu hosp,1,2026-01-03,01,quantile,0.65,477.60690386225997
2025-12-20,wk inc flu hosp,1,2026-01-03,01,quantile,0.7,525.4112775873381
2025-12-20,wk inc flu hosp,1,2026-01-03,01,quantile,0.75,570.8118417205469
2025-12-20,wk inc flu hosp,1,2026-01-03,01,quantile,0.8,613.1295289337655
2025-12-20,wk inc flu hosp,1,2026-01-03,01,quantile,0.85,652.3055108860971
2025-12-20,wk inc flu hosp,1,2026-01-03,01,quantile,0.9,704.7942651083357
2025-12-20,wk inc flu hosp,1,2026-01-03,01,quantile,0.95,982.68273392285
2025-12-20,wk inc flu hosp,1,2026-01-03,01,quantile,0.975,1299.951511102988
2025-12-20,wk inc flu hosp,1,2026-01-03,01,quantile,0.99,1348.6564904545126
2025-12-20,wk inc flu hosp,1,2026-01-03,02,quantile,0.01,6.81502430820595
2025-12-20,wk inc flu hosp,1,2026-01-03,02,quantile,0.025,11.729834798471773
2025-12-20,wk inc flu hosp,1,2026-01-03,02,quantile,0.05,15.94762771771493
2025-12-20,wk inc flu hosp,1,2026-01-03,02,quantile,0.1,20.422229101951444
2025-12-20,wk inc flu hosp,1,2026-01-03,02,quantile,0.15,22.986694616289043
2025-12-20,wk inc flu hosp,1,2026-01-03,02,quantile,0.2,26.102099015696595
2025-12-20,wk inc flu hosp,1,2026-01-03,02,quantile,0.25,28.18412375073881
2025-12-20,wk inc flu hosp,1,2026-01-03,02,quantile,0.3,30.309860551107647
2025-12-20,wk inc flu hosp,1,2026-01-03,02,quantile,0.35,33.83401234875049
2025-12-20,wk inc flu hosp,1,2026-01-03,02,quantile,0.4,37.87476019809401
2025-12-20,wk inc flu hosp,1,2026-01-03,02,quantile,0.45,40.885079558793386
2025-12-20,wk inc flu hosp,1,2026-01-03,02,quantile,0.5,46.821147052876874
2025-12-20,wk inc flu hosp,1,2026-01-03,02,quantile,0.55,52.2661858804791
2025-12-20,wk inc flu hosp,1,2026-01-03,02,quantile,0.6,57.34239881169
2025-12-20,wk inc flu hosp,1,2026-01-03,02,quantile,0.65,63.749910828196576
2025-12-20,wk inc flu hosp,1,2026-01-03,02,quantile,0.7,71.39129273124064
2025-12-20,wk inc flu hosp,1,2026-01-03,02,quantile,0.75,80.26473857274112
2025-12-20,wk inc flu hosp,1,2026-01-03,02,quantile,0.8,89.87054952515942
2025-12-20,wk inc flu hosp,1,2026-01-03,02,quantile,0.85,102.8462361853286
2025-12-20,wk inc flu hosp,1,2026-01-03,02,quantile,0.9,128.66215072702695
2025-12-20,wk inc flu hosp,1,2026-01-03,02,quantile,0.95,169.27239860316564
2025-12-20,wk inc flu hosp,1,2026-01-03,02,quantile,0.975,188.32415461843914
2025-12-20,wk inc flu hosp,1,2026-01-03,02,quantile,0.99,209.228743233958
2025-12-20,wk inc flu hosp,1,2026-01-03,04,quantile,0.01,40.68898210692569
2025-12-20,wk inc flu hosp,1,2026-01-03,04,quantile,0.025,46.42219558031289
2025-12-20,wk inc flu hosp,1,2026-01-03,04,quantile,0.05,56.53162359158179
2025-12-20,wk inc flu hosp,1,2026-01-03,04,quantile,0.1,90.71613394901468
2025-12-20,wk inc flu hosp,1,2026-01-03,04,quantile,0.15,110.49727391559314
2025-12-20,wk inc flu hosp,1,2026-01-03,04,quantile,0.2,121.13007936823935
2025-12-20,wk inc flu hosp,1,2026-01-03,04,quantile,0.25,129.90018240850242
2025-12-20,wk inc flu hosp,1,2026-01-03,04,quantile,0.3,141.70323896835043
2025-12-20,wk inc flu hosp,1,2026-01-03,04,quantile,0.35,151.76023180241566
2025-12-20,wk inc flu hosp,1,2026-01-03,04,quantile,0.4,160.2819232581181
2025-12-20,wk inc flu hosp,1,2026-01-03,04,quantile,0.45,169.375719617124
2025-12-20,wk inc flu hosp,1,2026-01-03,04,quantile,0.5,180.60558691688303
2025-12-20,wk inc flu hosp,1,2026-01-03,04,quantile,0.55,194.76231662826555
2025-12-20,wk inc flu hosp,1,2026-01-03,04,quantile,0.6,211.2105153578746
2025-12-20,wk inc flu hosp,1,2026-01-03,04,quantile,0.65,226.39755847119812
2025-12-20,wk inc flu hosp,1,2026-01-03,04,quantile,0.7,250.9167736508848
2025-12-20,wk inc flu hosp,1,2026-01-03,04,quantile,0.75,281.89349525778357
2025-12-20,wk inc flu hosp,1,2026-01-03,04,quantile,0.8,337.9668387940354
2025-12-20,wk inc flu hosp,1,2026-01-03,04,quantile,0.85,385.7881144606656
2025-12-20,wk inc flu hosp,1,2026-01-03,04,quantile,0.9,519.3472644484006
2025-12-20,wk inc flu hosp,1,2026-01-03,04,quantile,0.95,686.2672694053729
2025-12-20,wk inc flu hosp,1,2026-01-03,04,quantile,0.975,783.7328430379217
2025-12-20,wk inc flu hosp,1,2026-01-03,04,quantile,0.99,855.6490115767988
2025-12-20,wk inc flu hosp,1,2026-01-03,05,quantile,0.01,34.467035971896564
2025-12-20,wk inc flu hosp,1,2026-01-03,05,quantile,0.025,48.81411647980873
2025-12-20,wk inc flu hosp,1,2026-01-03,05,quantile,0.05,62.5221437413761
2025-12-20,wk inc flu hosp,1,2026-01-03,05,quantile,0.1,85.76641677970332
2025-12-20,wk inc flu hosp,1,2026-01-03,05,quantile,0.15,104.1738828650236
2025-12-20,wk inc flu hosp,1,2026-01-03,05,quantile,0.2,123.52866511599449
2025-12-20,wk inc flu hosp,1,2026-01-03,05,quantile,0.25,143.72777188075136
2025-12-20,wk inc flu hosp,1,2026-01-03,05,quantile,0.3,162.1062349198843
2025-12-20,wk inc flu hosp,1,2026-01-03,05,quantile,0.35,178.214022816177
2025-12-20,wk inc flu hosp,1,2026-01-03,05,quantile,0.4,187.17335237593946
2025-12-20,wk inc flu hosp,1,2026-01-03,05,quantile,0.45,205.14681124358566
2025-12-20,wk inc flu hosp,1,2026-01-03,05,quantile,0.5,224.918311661495
2025-12-20,wk inc flu hosp,1,2026-01-03,05,quantile,0.55,243.77301463682272
2025-12-20,wk inc flu hosp,1,2026-01-03,05,quantile,0.6,266.41858818730435
2025-12-20,wk inc flu hosp,1,2026-01-03,05,quantile,0.65,279.57859774347406
2025-12-20,wk inc flu hosp,1,2026-01-03,05,quantile,0.7,312.7939126353082
2025-12-20,wk inc flu hosp,1,2026-01-03,05,quantile,0.75,384.4360709400975
2025-12-20,wk inc flu hosp,1,2026-01-03,05,quantile,0.8,454.91840905692453
2025-12-20,wk inc flu hosp,1,2026-01-03,05,quantile,0.85,502.83937197743995
2025-12-20,wk inc flu hosp,1,2026-01-03,05,quantile,0.9,539.4786924851304
2025-12-20,wk inc flu hosp,1,2026-01-03,05,quantile,0.95,622.5338537957335
2025-12-20,wk inc flu hosp,1,2026-01-03,05,quantile,0.975,693.9379430179074
2025-12-20,wk inc flu hosp,1,2026-01-03,05,quantile,0.99,860.818358993561
2025-12-20,wk inc flu hosp,1,2026-01-03,06,quantile,0.01,294.0858805533763
2025-12-20,wk inc flu hosp,1,2026-01-03,06,quantile,0.025,322.4754426405597
2025-12-20,wk inc flu hosp,1,2026-01-03,06,quantile,0.05,387.562810756223
2025-12-20,wk inc flu hosp,1,2026-01-03,06,quantile,0.1,486.9290523490459
2025-12-20,wk inc flu hosp,1,2026-01-03,06,quantile,0.15,590.2069906519383
2025-12-20,wk inc flu hosp,1,2026-01-03,06,quantile,0.2,682.9846678248587
2025-12-20,wk inc flu hosp,1,2026-01-03,06,quantile,0.25,778.8482762947999
2025-12-20,wk inc flu hosp,1,2026-01-03,06,quantile,0.3,867.5893349313245
2025-12-20,wk inc flu hosp,1,2026-01-03,06,quantile,0.35,969.1265302417942
2025-12-20,wk inc flu hosp,1,2026-01-03,06,quantile,0.4,1059.3886782104921
2025-12-20,wk inc flu hosp,1,2026-01-03,06,quantile,0.45,1169.7889587523202
2025-12-20,wk inc flu hosp,1,2026-01-03,06,quantile,0.5,1279.631380629211
2025-12-20,wk inc flu hosp,1,2026-01-03,06,quantile,0.55,1347.4377355037668
2025-12-20,wk inc flu hosp,1,2026-01-03,06,quantile,0.6,1418.8853696244528
2025-12-20,wk inc flu hosp,1,2026-01-03,06,quantile,0.65,1536.8331055143337
2025-12-20,wk inc flu hosp,1,2026-01-03,06,quantile,0.7,1654.0780552946796
2025-12-20,wk inc flu hosp,1,2026-01-03,06,quantile,0.75,1798.5901172058807
2025-12-20,wk inc flu hosp,1,2026-01-03,06,quantile,0.8,1928.277053510407
2025-12-20,wk inc flu hosp,1,2026-01-03,06,quantile,0.85,2106.998610543091
2025-12-20,wk inc flu hosp,1,2026-01-03,06,quantile,0.9,2350.885458432452
2025-12-20,wk inc flu hosp,1,2026-01-03,06,quantile,0.95,2603.773816211841
2025-12-20,wk inc flu hosp,1,2026-01-03,06,quantile,0.975,2762.5188628688925
2025-12-20,wk inc flu hosp,1,2026-01-03,06,quantile,0.99,3208.905545720296
2025-12-20,wk inc flu hosp,1,2026-01-03,08,quantile,0.01,171.3182877312792
2025-12-20,wk inc flu hosp,1,2026-01-03,08,quantile,0.025,232.40767477957255
2025-12-20,wk inc flu hosp,1,2026-01-03,08,quantile,0.05,254.99792125903537
2025-12-20,wk inc flu hosp,1,2026-01-03,08,quantile,0.1,291.50503838608694
2025-12-20,wk inc flu hosp,1,2026-01-03,08,quantile,0.15,336.56129740080735
2025-12-20,wk inc flu hosp,1,2026-01-03,08,quantile,0.2,380.54349306649056
2025-12-20,wk inc flu hosp,1,2026-01-03,08,quantile,0.25,423.71999917426535
2025-12-20,wk inc flu hosp,1,2026-01-03,08,quantile,0.3,467.9204784646819
2025-12-20,wk inc flu hosp,1,2026-01-03,08,quantile,0.35,512.0599348800107
2025-12-20,wk inc flu hosp,1,2026-01-03,08,quantile,0.4,571.8292130055711
2025-12-20,wk inc flu hosp,1,2026-01-03,08,quantile,0.45,647.3310328871114
2025-12-20,wk inc flu hosp,1,2026-01-03,08,quantile,0.5,714.101597539118
2025-12-20,wk inc flu hosp,1,2026-01-03,08,quantile,0.55,765.439351142493
2025-12-20,wk inc flu hosp,1,2026-01-03,08,quantile,0.6,837.2291292982366
2025-12-20,wk inc flu hosp,1,2026-01-03,08,quantile,0.65,1005.8339330505722
2025-12-20,wk inc flu hosp,1,2026-01-03,08,quantile,0.7,1176.674238857931
2025-12-20,wk inc flu hosp,1,2026-01-03,08,quantile,0.75,1278.485866882448
2025-12-20,wk inc flu hosp,1,2026-01-03,08,quantile,0.8,1376.9807936155566
2025-12-20,wk inc flu hosp,1,2026-01-03,08,quantile,0.85,1532.7445532382626
2025-12-20,wk inc flu hosp,1,2026-01-03,08,quantile,0.9,1847.775973569572
2025-12-20,wk inc flu hosp,1,2026-01-03,08,quantile,0.95,2301.55322242504
2025-12-20,wk inc flu hosp,1,2026-01-03,08,quantile,0.975,2538.8715140704035
2025-12-20,wk inc flu hosp,1,2026-01-03,08,quantile,0.99,2750.113322099795
2025-12-20,wk inc flu hosp,1,2026-01-03,09,quantile,0.01,81.83397781013524
2025-12-20,wk inc flu hosp,1,2026-01-03,09,quantile,0.025,99.56250786068155
2025-12-20,wk inc flu hosp,1,2026-01-03,09,quantile,0.05,140.24137137176092
2025-12-20,wk inc flu hosp,1,2026-01-03,09,quantile,0.1,193.48233727544368
2025-12-20,wk inc flu hosp,1,2026-01-03,09,quantile,0.15,226.29664394216707
2025-12-20,wk inc flu hosp,1,2026-01-03,09,quantile,0.2,256.80069675759177
2025-12-20,wk inc flu hosp,1,2026-01-03,09,quantile,0.25,286.49464053160074
2025-12-20,wk inc flu hosp,1,2026-01-03,09,quantile,0.3,318.47144474168107
2025-12-20,wk inc flu hosp,1,2026-01-03,09,quantile,0.35,353.063446779052
2025-12-20,wk inc flu hosp,1,2026-01-03,09,quantile,0.4,392.85825044060545
2025-12-20,wk inc flu hosp,1,2026-01-03,09,quantile,0.45,442.4763000779458
2025-12-20,wk inc flu hosp,1,2026-01-03,09,quantile,0.5,490.7280100877213
2025-12-20,wk inc flu hosp,1,2026-01-03,09,quantile,0.55,515.7254868228421
2025-12-20,wk inc flu hosp,1,2026-01-03,09,quantile,0.6,561.9779579134813
2025-12-20,wk inc flu hosp,1,2026-01-03,09,quantile,0.65,595.4743846043115
2025-12-20,wk inc flu hosp,1,2026-01-03,09,quantile,0.7,694.2414379772414
2025-12-20,wk inc flu hosp,1,2026-01-03,09,quantile,0.75,904.3063547019265
2025-12-20,wk inc flu hosp,1,2026-01-03,09,quantile,0.8,1111.3262847220735
2025-12-20,wk inc flu hosp,1,2026-01-03,09,quantile,0.85,1326.0790904115836
2025-12-20,wk inc flu hosp,1,2026-01-03,09,quantile,0.9,1564.8816511963482
2025-12-20,wk inc flu hosp,1,2026-01-03,09,quantile,0.95,2842.501345816735
2025-12-20,wk inc flu hosp,1,2026-01-03,09,quantile,0.975,2900.132647333622
2025-12-20,wk inc flu hosp,1,2026-01-03,09,quantile,0.99,2980.8907094437277
2025-12-20,wk inc flu hosp,1,2026-01-03,10,quantile,0.01,14.685398200578309
2025-12-20,wk inc flu hosp,1,2026-01-03,10,quantile,0.025,22.736471397896295
2025-12-20,wk inc flu hosp,1,2026-01-03,10,quantile,0.05,28.634822923701407
2025-12-20,wk inc flu hosp,1,2026-01-03,10,quantile,0.1,39.61257921902147
2025-12-20,wk inc flu hosp,1,2026-01-03,10,quantile,0.15,50.499690199446356
2025-12-20,wk inc flu hosp,1,2026-01-03,10,quantile,0.2,57.02374020420363
2025-12-20,wk inc flu hosp,1,2026-01-03,10,quantile,0.25,69.74215438472892
2025-12-20,wk inc flu hosp,1,2026-01-03,10,quantile,0.3,85.56229662703645
2025-12-20,wk inc flu hosp,1,2026-01-03,10,quantile,0.35,100.40555517023638
2025-12-20,wk inc flu hosp,1,2026-01-03,10,quantile,0.4,114.95688895482061
2025-12-20,wk inc flu hosp,1,2026-01-03,10,quantile,0.45,130.86398339680977
2025-12-20,wk inc flu hosp,1,2026-01-03,10,quantile,0.5,143.3440439684315
2025-12-20,wk inc flu hosp,1,2026-01-03,10,quantile,0.55,159.02815541949028
2025-12-20,wk inc flu hosp,1,2026-01-03,10,quantile,0.6,179.57841232878826
2025-12-20,wk inc flu hosp,1,2026-01-03,10,quantile,0.65,190.05105123429516
2025-12-20,wk inc flu hosp,1,2026-01-03,10,quantile,0.7,204.56078491359017
2025-12-20,wk inc flu hosp,1,2026-01-03,10,quantile,0.75,236.28887128143737
2025-12-20,wk inc flu hosp,1,2026-01-03,10,quantile,0.8,281.00133670773243
2025-12-20,wk inc flu hosp,1,2026-01-03,10,quantile,0.85,316.49954980946376
2025-12-20,wk inc flu hosp,1,2026-01-03,10,quantile,0.9,379.2119002111095
2025-12-20,wk inc flu hosp,1,2026-01-03,10,quantile,0.95,446.7036206537775
2025-12-20,wk inc flu hosp,1,2026-01-03,10,quantile,0.975,469.2308256576088
2025-12-20,wk inc flu hosp,1,2026-01-03,10,quantile,0.99,475.7333767584377
2025-12-20,wk inc flu hosp,1,2026-01-03,11,quantile,0.01,4.585426849016326
2025-12-20,wk inc flu hosp,1,2026-01-03,11,quantile,0.025,4.8209260282085005
2025-12-20,wk inc flu hosp,1,2026-01-03,11,quantile,0.05,6.753189749484877
2025-12-20,wk inc flu hosp,1,2026-01-03,11,quantile,0.1,10.611955137763545
2025-12-20,wk inc flu hosp,1,2026-01-03,11,quantile,0.15,13.821039834397014
2025-12-20,wk inc flu hosp,1,2026-01-03,11,quantile,0.2,17.694333853253784
2025-12-20,wk inc flu hosp,1,2026-01-03,11,quantile,0.25,22.664766935973073
2025-12-20,wk inc flu hosp,1,2026-01-03,11,quantile,0.3,25.698886012292725
2025-12-20,wk inc flu hosp,1,2026-01-03,11,quantile,0.35,30.078874187766328
2025-12-20,wk inc flu hosp,1,2026-01-03,11,quantile,0.4,36.25200361621877
2025-12-20,wk inc flu hosp,1,2026-01-03,11,quantile,0.45,41.201992118425686
2025-12-20,wk inc flu hosp,1,2026-01-03,11,quantile,0.5,44.69831533644219
2025-12-20,wk inc flu hosp,1,2026-01-03,11,quantile,0.55,49.2340207253339
2025-12-20,wk inc flu hosp,1,2026-01-03,11,quantile,0.6,53.759918694874386
2025-12-20,wk inc flu hosp,1,2026-01-03,11,quantile,0.65,59.659784588367984
2025-12-20,wk inc flu hosp,1,2026-01-03,11,quantile,0.7,66.48080763726911
2025-12-20,wk inc flu hosp,1,2026-01-03,11,quantile,0.75,76.7878993451499
2025-12-20,wk inc flu hosp,1,2026-01-03,11,quantile,0.8,92.61607256642561
2025-12-20,wk inc flu hosp,1,2026-01-03,11,quantile,0.85,105.6083736085465
2025-12-20,wk inc flu hosp,1,2026-01-03,11,quantile,0.9,123.70266657363656
2025-12-20,wk inc flu hosp,1,2026-01-03,11,quantile,0.95,132.8626061341322
2025-12-20,wk inc flu hosp,1,2026-01-03,11,quantile,0.975,135.91010441833618
2025-12-20,wk inc flu hosp,1,2026-01-03,11,quantile,0.99,148.25045048852544
2025-12-20,wk inc flu hosp,1,2026-01-03,12,quantile,0.01,516.5455908225424
2025-12-20,wk inc flu hosp,1,2026-01-03,12,quantile,0.025,712.5359214142378
2025-12-20,wk inc flu hosp,1,2026-01-03,12,quantile,0.05,847.6324104452787
2025-12-20,wk inc flu hosp,1,2026-01-03,12,quantile,0.1,1026.4892809582582
2025-12-20,wk inc flu hosp,1,2026-01-03,12,quantile,0.15,1188.4630210533762
2025-12-20,wk inc flu hosp,1,2026-01-03,12,quantile,0.2,1343.5004483835003
2025-12-20,wk inc flu hosp,1,2026-01-03,12,quantile,0.25,1492.1058460806303
2025-12-20,wk inc flu hosp,1,2026-01-03,12,quantile,0.3,1632.2720924207072
2025-12-20,wk inc flu hosp,1,2026-01-03,12,quantile,0.35,1782.0264027390874
2025-12-20,wk inc flu hosp,1,2026-01-03,12,quantile,0.4,1920.5200400808314
2025-12-20,wk inc flu hosp,1,2026-01-03,12,quantile,0.45,2074.7365243592703
2025-12-20,wk inc flu hosp,1,2026-01-03,12,quantile,0.5,2240.836220336866
2025-12-20,wk inc flu hosp,1,2026-01-03,12,quantile,0.55,2530.603648828014
2025-12-20,wk inc flu hosp,1,2026-01-03,12,quantile,0.6,2840.3793014326748
2025-12-20,wk inc flu hosp,1,2026-01-03,12,quantile,0.65,3190.964949152811
2025-12-20,wk inc flu hosp,1,2026-01-03,12,quantile,0.7,3495.5012417976295
2025-12-20,wk inc flu hosp,1,2026-01-03,12,quantile,0.75,3785.6574085082398
2025-12-20,wk inc flu hosp,1,2026-01-03,12,quantile,0.8,4063.2908615186184
2025-12-20,wk inc flu hosp,1,2026-01-03,12,quantile,0.85,4535.763903045939
2025-12-20,wk inc flu hosp,1,2026-01-03,12,quantile,0.9,5023.608706825981
2025-12-20,wk inc flu hosp,1,2026-01-03,12,quantile,0.95,6081.129178978429
2025-12-20,wk inc flu hosp,1,2026-01-03,12,quantile,0.975,7550.359295386565
2025-12-20,wk inc flu hosp,1,2026-01-03,12,quantile,0.99,8265.738111350443
2025-12-20,wk inc flu hosp,1,2026-01-03,13,quantile,0.01,125.76191039987795
2025-12-20,wk inc flu hosp,1,2026-01-03,13,quantile,0.025,164.33123864368187
2025-12-20,wk inc flu hosp,1,2026-01-03,13,quantile,0.05,225.36898253508605
2025-12-20,wk inc flu hosp,1,2026-01-03,13,quantile,0.1,321.7775095190049
2025-12-20,wk inc flu hosp,1,2026-01-03,13,quantile,0.15,366.50980388520304
2025-12-20,wk inc flu hosp,1,2026-01-03,13,quantile,0.2,416.1590754088417
2025-12-20,wk inc flu hosp,1,2026-01-03,13,quantile,0.25,469.3787895918454
2025-12-20,wk inc flu hosp,1,2026-01-03,13,quantile,0.3,534.3551412014259
2025-12-20,wk inc flu hosp,1,2026-01-03,13,quantile,0.35,606.5553042761132
2025-12-20,wk inc flu hosp,1,2026-01-03,13,quantile,0.4,664.8329688385791
2025-12-20,wk inc flu hosp,1,2026-01-03,13,quantile,0.45,730.6952481618707
2025-12-20,wk inc flu hosp,1,2026-01-03,13,quantile,0.5,801.4868266482498
2025-12-20,wk inc flu hosp,1,2026-01-03,13,quantile,0.55,853.4121259403768
2025-12-20,wk inc flu hosp,1,2026-01-03,13,quantile,0.6,925.7750739788827
2025-12-20,wk inc flu hosp,1,2026-01-03,13,quantile,0.65,1006.17673922213
2025-12-20,wk inc flu hosp,1,2026-01-03,13,quantile,0.7,1101.342736734678
2025-12-20,wk inc flu hosp,1,2026-01-03,13,quantile,0.75,1166.5508516275856
2025-12-20,wk inc flu hosp,1,2026-01-03,13,quantile,0.8,1271.9080452141393
2025-12-20,wk inc flu hosp,1,2026-01-03,13,quantile,0.85,1411.3512905675739
2025-12-20,wk inc flu hosp,1,2026-01-03,13,quantile,0.9,1555.5229124322414
2025-12-20,wk inc flu hosp,1,2026-01-03,13,quantile,0.95,1720.842256797943
2025-12-20,wk inc flu hosp,1,2026-01-03,13,quantile,0.975,1794.0871172136283
2025-12-20,wk inc flu hosp,1,2026-01-03,13,quantile,0.99,1860.1103061345466
2025-12-20,wk inc flu hosp,1,2026-01-03,15,quantile,0.01,16.95182453907526
2025-12-20,wk inc flu hosp,1,2026-01-03,15,quantile,0.025,32.13529563506367
2025-12-20,wk inc flu hosp,1,2026-01-03,15,quantile,0.05,44.64350267676373
2025-12-20,wk inc flu hosp,1,2026-01-03,15,quantile,0.1,53.94333401838684
2025-12-20,wk inc flu hosp,1,2026-01-03,15,quantile,0.15,61.00585850670399
2025-12-20,wk inc flu hosp,1,2026-01-03,15,quantile,0.2,63.64829544724775
2025-12-20,wk inc flu hosp,1,2026-01-03,15,quantile,0.25,72.58765093991748
2025-12-20,wk inc flu hosp,1,2026-01-03,15,quantile,0.3,84.45150423185149
2025-12-20,wk inc flu hosp,1,2026-01-03,15,quantile,0.35,92.74855065295252
2025-12-20,wk inc flu hosp,1,2026-01-03,15,quantile,0.4,97.25241174678737
2025-12-20,wk inc flu hosp,1,2026-01-03,15,quantile,0.45,106.82021655466194
2025-12-20,wk inc flu hosp,1,2026-01-03,15,quantile,0.5,116.52114022088
2025-12-20,wk inc flu hosp,1,2026-01-03,15,quantile,0.55,128.80079586866006
2025-12-20,wk inc flu hosp,1,2026-01-03,15,quantile,0.6,140.71405923440312
2025-12-20,wk inc flu hosp,1,2026-01-03,15,quantile,0.65,152.36642316925796
2025-12-20,wk inc flu hosp,1,2026-01-03,15,quantile,0.7,157.75657147404516
2025-12-20,wk inc flu hosp,1,2026-01-03,15,quantile,0.75,177.21281344829603
2025-12-20,wk inc flu hosp,1,2026-01-03,15,quantile,0.8,201.27731700368616
2025-12-20,wk inc flu hosp,1,2026-01-03,15,quantile,0.85,219.3088771233623
2025-12-20,wk inc flu hosp,1,2026-01-03,15,quantile,0.9,262.02450878771765
2025-12-20,wk inc flu hosp,1,2026-01-03,15,quantile,0.95,350.1214432374933
2025-12-20,wk inc flu hosp,1,2026-01-03,15,quantile,0.975,398.62975366625926
2025-12-20,wk inc flu hosp,1,2026-01-03,15,quantile,0.99,531.0183638174678
2025-12-20,wk inc flu hosp,1,2026-01-03,16,quantile,0.01,16.50694246348697
2025-12-20,wk inc flu hosp,1,2026-01-03,16,quantile,0.025,25.534054615013265
2025-12-20,wk inc flu hosp,1,2026-01-03,16,quantile,0.05,30.58848454648273
2025-12-20,wk inc flu hosp,1,2026-01-03,16,quantile,0.1,44.283765858900765
2025-12-20,wk inc flu hosp,1,2026-01-03,16,quantile,0.15,56.2149498447835
2025-12-20,wk inc flu hosp,1,2026-01-03,16,quantile,0.2,64.96893634197774
2025-12-20,wk inc flu hosp,1,2026-01-03,16,quantile,0.25,73.27245201138686
2025-12-20,wk inc flu hosp,1,2026-01-03,16,quantile,0.3,83.37178275743625
2025-12-20,wk inc flu hosp,1,2026-01-03,16,quantile,0.35,92.42303887898784
2025-12-20,wk inc flu hosp,1,2026-01-03,16,quantile,0.4,99.68622421880598
2025-12-20,wk inc flu hosp,1,2026-01-03,16,quantile,0.45,113.51204697062629
2025-12-20,wk inc flu hosp,1,2026-01-03,16,quantile,0.5,128.6226434766341
2025-12-20,wk inc flu hosp,1,2026-01-03,16,quantile,0.55,139.65457575957174
2025-12-20,wk inc flu hosp,1,2026-01-03,16,quantile,0.6,145.46094007962407
2025-12-20,wk inc flu hosp,1,2026-01-03,16,quantile,0.65,159.69225463863816
2025-12-20,wk inc flu hosp,1,2026-01-03,16,quantile,0.7,185.8928808587031
2025-12-20,wk inc flu hosp,1,2026-01-03,16,quantile,0.75,211.07516578727973
2025-12-20,wk inc flu hosp,1,2026-01-03,16,quantile,0.8,228.30055175950133
2025-12-20,wk inc flu hosp,1,2026-01-03,16,quantile,0.85,265.6398979024209
2025-12-20,wk inc flu hosp,1,2026-01-03,16,quantile,0.9,300.9272154190837
2025-12-20,wk inc flu hosp,1,2026-01-03,16,quantile,0.95,381.8137058941262
2025-12-20,wk inc flu hosp,1,2026-01-03,16,quantile,0.975,431.83889939113436
2025-12-20,wk inc flu hosp,1,2026-01-03,16,quantile,0.99,505.18023474706393
2025-12-20,wk inc flu hosp,1,2026-01-03,17,quantile,0.01,148.64801845286118
2025-12-20,wk inc flu hosp,1,2026-01-03,17,quantile,0.025,266.95972197887727
2025-12-20,wk inc flu hosp,1,2026-01-03,17,quantile,0.05,338.36429008059446
2025-12-20,wk inc flu hosp,1,2026-01-03,17,quantile,0.1,405.14210540131137
2025-12-20,wk inc flu hosp,1,2026-01-03,17,quantile,0.15,447.37661964271865
2025-12-20,wk inc flu hosp,1,2026-01-03,17,quantile,0.2,486.8766980128441
2025-12-20,wk inc flu hosp,1,2026-01-03,17,quantile,0.25,531.318615600934
2025-12-20,wk inc flu hosp,1,2026-01-03,17,quantile,0.3,576.5299271951122
2025-12-20,wk inc flu hosp,1,2026-01-03,17,quantile,0.35,635.5527581054271
2025-12-20,wk inc flu hosp,1,2026-01-03,17,quantile,0.4,711.4074124062566
2025-12-20,wk inc flu hosp,1,2026-01-03,17,quantile,0.45,799.01427778452
2025-12-20,wk inc flu hosp,1,2026-01-03,17,quantile,0.5,875.9006049967802
2025-12-20,wk inc flu hosp,1,2026-01-03,17,quantile,0.55,964.9022736962773
2025-12-20,wk inc flu hosp,1,2026-01-03,17,quantile,0.6,1128.2753190808883
2025-12-20,wk inc flu hosp,1,2026-01-03,17,quantile,0.65,1280.5598695049482
2025-12-20,wk inc flu hosp,1,2026-01-03,17,quantile,0.7,1503.68247173428
2025-12-20,wk inc flu hosp,1,2026-01-03,17,quantile,0.75,1733.5184193427428
2025-12-20,wk inc flu hosp,1,2026-01-03,17,quantile,0.8,1974.8262186877516
2025-12-20,wk inc flu hosp,1,2026-01-03,17,quantile,0.85,2084.362023070454
2025-12-20,wk inc flu hosp,1,2026-01-03,17,quantile,0.9,2301.7812603707735
2025-12-20,wk inc flu hosp,1,2026-01-03,17,quantile,0.95,2691.3282145099024
2025-12-20,wk inc flu hosp,1,2026-01-03,17,quantile,0.975,3399.9251828773567
2025-12-20,wk inc flu hosp,1,2026-01-03,17,quantile,0.99,3883.518494144999
2025-12-20,wk inc flu hosp,1,2026-01-03,18,quantile,0.01,148.08201265047686
2025-12-20,wk inc flu hosp,1,2026-01-03,18,quantile,0.025,160.8364974499129
2025-12-20,wk inc flu hosp,1,2026-01-03,18,quantile,0.05,181.6662661206335
2025-12-20,wk inc flu hosp,1,2026-01-03,18,quantile,0.1,209.6928638978244
2025-12-20,wk inc flu hosp,1,2026-01-03,18,quantile,0.15,245.39404766155616
2025-12-20,wk inc flu hosp,1,2026-01-03,18,quantile,0.2,277.6301714912589
2025-12-20,wk inc flu hosp,1,2026-01-03,18,quantile,0.25,308.0791408674006
2025-12-20,wk inc flu hosp,1,2026-01-03,18,quantile,0.3,338.61155419591324
2025-12-20,wk inc flu hosp,1,2026-01-03,18,quantile,0.35,369.477698183971
2025-12-20,wk inc flu hosp,1,2026-01-03,18,quantile,0.4,409.2465390120387
2025-12-20,wk inc flu hosp,1,2026-01-03,18,quantile,0.45,448.8829441265092
2025-12-20,wk inc flu hosp,1,2026-01-03,18,quantile,0.5,500.87783879581315
2025-12-20,wk inc flu hosp,1,2026-01-03,18,quantile,0.55,540.048513079456
2025-12-20,wk inc flu hosp,1,2026-01-03,18,quantile,0.6,619.5116327082221
2025-12-20,wk inc flu hosp,1,2026-01-03,18,quantile,0.65,696.1907211682692
2025-12-20,wk inc flu hosp,1,2026-01-03,18,quantile,0.7,758.1602555122313
2025-12-20,wk inc flu hosp,1,2026-01-03,18,quantile,0.75,838.3619770583979
2025-12-20,wk inc flu hosp,1,2026-01-03,18,quantile,0.8,956.4936632298909
2025-12-20,wk inc flu hosp,1,2026-01-03,18,quantile,0.85,1099.2767178421007
2025-12-20,wk inc flu hosp,1,2026-01-03,18,quantile,0.9,1327.8020724831292
2025-12-20,wk inc flu hosp,1,2026-01-03,18,quantile,0.95,1947.9158431411531
2025-12-20,wk inc flu hosp,1,2026-01-03,18,quantile,0.975,1968.8880402771747
2025-12-20,wk inc flu hosp,1,2026-01-03,18,quantile,0.99,2266.775552721323
2025-12-20,wk inc flu hosp,1,2026-01-03,19,quantile,0.01,26.903069062925592
2025-12-20,wk inc flu hosp,1,2026-01-03,19,quantile,0.025,29.89400936598385
2025-12-20,wk inc flu hosp,1,2026-01-03,19,quantile,0.05,36.1300498998556
2025-12-20,wk inc flu hosp,1,2026-01-03,19,quantile,0.1,51.02953513408472
2025-12-20,wk inc flu hosp,1,2026-01-03,19,quantile,0.15,59.838764175773996
2025-12-20,wk inc flu hosp,1,2026-01-03,19,quantile,0.2,81.3973150512414
2025-12-20,wk inc flu hosp,1,2026-01-03,19,quantile,0.25,103.52845449306157
2025-12-20,wk inc flu hosp,1,2026-01-03,19,quantile,0.3,115.08616395429081
2025-12-20,wk inc flu hosp,1,2026-01-03,19,quantile,0.35,131.42597572601002
2025-12-20,wk inc flu hosp,1,2026-01-03,19,quantile,0.4,149.70667857422052
2025-12-20,wk inc flu hosp,1,2026-01-03,19,quantile,0.45,169.57843549947503
2025-12-20,wk inc flu hosp,1,2026-01-03,19,quantile,0.5,190.99102990921236
2025-12-20,wk inc flu hosp,1,2026-01-03,19,quantile,0.55,210.88031036659387
2025-12-20,wk inc flu hosp,1,2026-01-03,19,quantile,0.6,227.5680201552209
2025-12-20,wk inc flu hosp,1,2026-01-03,19,quantile,0.65,245.5396159891343
2025-12-20,wk inc flu hosp,1,2026-01-03,19,quantile,0.7,264.23843396558124
2025-12-20,wk inc flu hosp,1,2026-01-03,19,quantile,0.75,293.82151530359454
2025-12-20,wk inc flu hosp,1,2026-01-03,19,quantile,0.8,341.9943219196355
2025-12-20,wk inc flu hosp,1,2026-01-03,19,quantile,0.85,399.0842597922929
2025-12-20,wk inc flu hosp,1,2026-01-03,19,quantile,0.9,456.92832101839184
2025-12-20,wk inc flu hosp,1,2026-01-03,19,quantile,0.95,584.3424283346782
2025-12-20,wk inc flu hosp,1,2026-01-03,19,quantile,0.975,675.0947893023848
2025-12-20,wk inc flu hosp,1,2026-01-03,19,quantile,0.99,911.9481004223587
2025-12-20,wk inc flu hosp,1,2026-01-03,20,quantile,0.01,27.48572439054682
2025-12-20,wk inc flu hosp,1,2026-01-03,20,quantile,0.025,35.46786896841222
2025-12-20,wk inc flu hosp,1,2026-01-03,20,quantile,0.05,45.97173234074658
2025-12-20,wk inc flu hosp,1,2026-01-03,20,quantile,0.1,58.12642653739417
2025-12-20,wk inc flu hosp,1,2026-01-03,20,quantile,0.15,68.02280368851437
2025-12-20,wk inc flu hosp,1,2026-01-03,20,quantile,0.2,80.70146199551796
2025-12-20,wk inc flu hosp,1,2026-01-03,20,quantile,0.25,91.68010896815778
2025-12-20,wk inc flu hosp,1,2026-01-03,20,quantile,0.3,97.80742129925498
2025-12-20,wk inc flu hosp,1,2026-01-03,20,quantile,0.35,105.82583800229108
2025-12-20,wk inc flu hosp,1,2026-01-03,20,quantile,0.4,114.716443177077
2025-12-20,wk inc flu hosp,1,2026-01-03,20,quantile,0.45,125.54352845143445
2025-12-20,wk inc flu hosp,1,2026-01-03,20,quantile,0.5,141.40264773569055
2025-12-20,wk inc flu hosp,1,2026-01-03,20,quantile,0.55,158.27683355875783
2025-12-20,wk inc flu hosp,1,2026-01-03,20,quantile,0.6,182.2825592940529
2025-12-20,wk inc flu hosp,1,2026-01-03,20,quantile,0.65,208.47354655348974
2025-12-20,wk inc flu hosp,1,2026-01-03,20,quantile,0.7,233.37689548360228
2025-12-20,wk inc flu hosp,1,2026-01-03,20,quantile,0.75,251.8349085994855
2025-12-20,wk inc flu hosp,1,2026-01-03,20,quantile,0.8,279.65687821017696
2025-12-20,wk inc flu hosp,1,2026-01-03,20,quantile,0.85,315.57872627564325
2025-12-20,wk inc flu hosp,1,2026-01-03,20,quantile,0.9,361.3484570309089
2025-12-20,wk inc flu hosp,1,2026-01-03,20,quantile,0.95,460.4181987509045
2025-12-20,wk inc flu hosp,1,2026-01-03,20,quantile,0.975,567.9687716820144
2025-12-20,wk inc flu hosp,1,2026-01-03,20,quantile,0.99,577.4066643560105
2025-12-20,wk inc flu hosp,1,2026-01-03,21,quantile,0.01,61.658680217599475
2025-12-20,wk inc flu hosp,1,2026-01-03,21,quantile,0.025,73.66265725582697
2025-12-20,wk inc flu hosp,1,2026-01-03,21,quantile,0.05,96.8558721108166
2025-12-20,wk inc flu hosp,1,2026-01-03,21,quantile,0.1,130.5899183839442
2025-12-20,wk inc flu hosp,1,2026-01-03,21,quantile,0.15,151.01587738085968
2025-12-20,wk inc flu hosp,1,2026-01-03,21,quantile,0.2,172.4712515937715
2025-12-20,wk inc flu hosp,1,2026-01-03,21,quantile,0.25,196.03442900285378
2025-12-20,wk inc flu hosp,1,2026-01-03,21,quantile,0.3,219.76622577004144
2025-12-20,wk inc flu hosp,1,2026-01-03,21,quantile,0.35,243.23776128929796
2025-12-20,wk inc flu hosp,1,2026-01-03,21,quantile,0.4,269.0855081704948
2025-12-20,wk inc flu hosp,1,2026-01-03,21,quantile,0.45,297.734494963907
2025-12-20,wk inc flu hosp,1,2026-01-03,21,quantile,0.5,331.17832616795096
2025-12-20,wk inc flu hosp,1,2026-01-03,21,quantile,0.55,367.0384299422176
2025-12-20,wk inc flu hosp,1,2026-01-03,21,quantile,0.6,420.3981597000747
2025-12-20,wk inc flu hosp,1,2026-01-03,21,quantile,0.65,464.145994775925
2025-12-20,wk inc flu hosp,1,2026-01-03,21,quantile,0.7,532.303707096203
2025-12-20,wk inc flu hosp,1,2026-01-03,21,quantile,0.75,588.1704703711694
2025-12-20,wk inc flu hosp,1,2026-01-03,21,quantile,0.8,647.4677551668494
2025-12-20,wk inc flu hosp,1,2026-01-03,21,quantile,0.85,723.0509807443618
2025-12-20,wk inc flu hosp,1,2026-01-03,21,quantile,0.9,909.7660933289025
2025-12-20,wk inc flu hosp,1,2026-01-03,21,quantile,0.95,1139.0081234438173
2025-12-20,wk inc flu hosp,1,2026-01-03,21,quantile,0.975,1530.2504888683977
2025-12-20,wk inc flu hosp,1,2026-01-03,21,quantile,0.99,1764.3485377847044
2025-12-20,wk inc flu hosp,1,2026-01-03,22,quantile,0.01,95.1181611700039
2025-12-20,wk inc flu hosp,1,2026-01-03,22,quantile,0.025,122.99683748775733
2025-12-20,wk inc flu hosp,1,2026-01-03,22,quantile,0.05,151.4426959561788
2025-12-20,wk inc flu hosp,1,2026-01-03,22,quantile,0.1,191.8065990256641
2025-12-20,wk inc flu hosp,1,2026-01-03,22,quantile,0.15,223.27158239353517
2025-12-20,wk inc flu hosp,1,2026-01-03,22,quantile,0.2,255.1605693798773
2025-12-20,wk inc flu hosp,1,2026-01-03,22,quantile,0.25,283.7099285957416
2025-12-20,wk inc flu hosp,1,2026-01-03,22,quantile,0.3,312.43090298808426
2025-12-20,wk inc flu hosp,1,2026-01-03,22,quantile,0.35,345.07734228090163
2025-12-20,wk inc flu hosp,1,2026-01-03,22,quantile,0.4,383.2148602675738
2025-12-20,wk inc flu hosp,1,2026-01-03,22,quantile,0.45,421.7951926821105
2025-12-20,wk inc flu hosp,1,2026-01-03,22,quantile,0.5,467.71247715021866
2025-12-20,wk inc flu hosp,1,2026-01-03,22,quantile,0.55,533.6727984426769
2025-12-20,wk inc flu hosp,1,2026-01-03,22,quantile,0.6,609.8025893407338
2025-12-20,wk inc flu hosp,1,2026-01-03,22,quantile,0.65,744.7869224924434
2025-12-20,wk inc flu hosp,1,2026-01-03,22,quantile,0.7,818.2503897406028
2025-12-20,wk inc flu hosp,1,2026-01-03,22,quantile,0.75,909.443751856808
2025-12-20,wk inc flu hosp,1,2026-01-03,22,quantile,0.8,1058.2111016262015
2025-12-20,wk inc flu hosp,1,2026-01-03,22,quantile,0.85,1192.6805125300932
2025-12-20,wk inc flu hosp,1,2026-01-03,22,quantile,0.9,1333.301513297211
2025-12-20,wk inc flu hosp,1,2026-01-03,22,quantile,0.95,1527.606216419052
2025-12-20,wk inc flu hosp,1,2026-01-03,22,quantile,0.975,1618.9061845013437
2025-12-20,wk inc flu hosp,1,2026-01-03,22,quantile,0.99,1708.2279678611944
2025-12-20,wk inc flu hosp,1,2026-01-03,23,quantile,0.01,20.957228855310774
2025-12-20,wk inc flu hosp,1,2026-01-03,23,quantile,0.025,23.003391772073847
2025-12-20,wk inc flu hosp,1,2026-01-03,23,quantile,0.05,28.108679007386048
2025-12-20,wk inc flu hosp,1,2026-01-03,23,quantile,0.1,36.66142778162649
2025-12-20,wk inc flu hosp,1,2026-01-03,23,quantile,0.15,42.76696414112491
2025-12-20,wk inc flu hosp,1,2026-01-03,23,quantile,0.2,47.69559404939613
2025-12-20,wk inc flu hosp,1,2026-01-03,23,quantile,0.25,53.62432149881714
2025-12-20,wk inc flu hosp,1,2026-01-03,23,quantile,0.3,60.23715717133349
2025-12-20,wk inc flu hosp,1,2026-01-03,23,quantile,0.35,68.03212389547846
2025-12-20,wk inc flu hosp,1,2026-01-03,23,quantile,0.4,75.4416580343853
2025-12-20,wk inc flu hosp,1,2026-01-03,23,quantile,0.45,82.79911143759688
2025-12-20,wk inc flu hosp,1,2026-01-03,23,quantile,0.5,89.05284909491299
2025-12-20,wk inc flu hosp,1,2026-01-03,23,quantile,0.55,99.40669266174862
2025-12-20,wk inc flu hosp,1,2026-01-03,23,quantile,0.6,115.24609126018504
2025-12-20,wk inc flu hosp,1,2026-01-03,23,quantile,0.65,135.68236485808532
2025-12-20,wk inc flu hosp,1,2026-01-03,23,quantile,0.7,159.1250263410627
2025-12-20,wk inc flu hosp,1,2026-01-03,23,quantile,0.75,214.95495698285401
2025-12-20,wk inc flu hosp,1,2026-01-03,23,quantile,0.8,263.0623932823554
2025-12-20,wk inc flu hosp,1,2026-01-03,23,quantile,0.85,286.0615962256106
2025-12-20,wk inc flu hosp,1,2026-01-03,23,quantile,0.9,323.0884294733035
2025-12-20,wk inc flu hosp,1,2026-01-03,23,quantile,0.95,412.4011031675618
2025-12-20,wk inc flu hosp,1,2026-01-03,23,quantile,0.975,439.6117144190955
2025-12-20,wk inc flu hosp,1,2026-01-03,23,quantile,0.99,454.38333369676764
2025-12-20,wk inc flu hosp,1,2026-01-03,24,quantile,0.01,106.05586367739187
2025-12-20,wk inc flu hosp,1,2026-01-03,24,quantile,0.025,113.13065557628087
2025-12-20,wk inc flu hosp,1,2026-01-03,24,quantile,0.05,137.54094627117823
2025-12-20,wk inc flu hosp,1,2026-01-03,24,quantile,0.1,182.11441566774505
2025-12-20,wk inc flu hosp,1,2026-01-03,24,quantile,0.15,211.84073271375462
2025-12-20,wk inc flu hosp,1,2026-01-03,24,quantile,0.2,237.20576165110083
2025-12-20,wk inc flu hosp,1,2026-01-03,24,quantile,0.25,263.0628058276074
2025-12-20,wk inc flu hosp,1,2026-01-03,24,quantile,0.3,294.2297572888618
2025-12-20,wk inc flu hosp,1,2026-01-03,24,quantile,0.35,326.98352779210256
2025-12-20,wk inc flu hosp,1,2026-01-03,24,quantile,0.4,363.30617795356244
2025-12-20,wk inc flu hosp,1,2026-01-03,24,quantile,0.45,417.61394201027537
2025-12-20,wk inc flu hosp,1,2026-01-03,24,quantile,0.5,503.4586242047043
2025-12-20,wk inc flu hosp,1,2026-01-03,24,quantile,0.55,597.2537712856541
2025-12-20,wk inc flu hosp,1,2026-01-03,24,quantile,0.6,688.4541830604619
2025-12-20,wk inc flu hosp,1,2026-01-03,24,quantile,0.65,715.7778005594506
2025-12-20,wk inc flu hosp,1,2026-01-03,24,quantile,0.7,823.5384288556726
2025-12-20,wk inc flu hosp,1,2026-01-03,24,quantile,0.75,1015.5657934277364
2025-12-20,wk inc flu hosp,1,2026-01-03,24,quantile,0.8,1196.5423447396454
2025-12-20,wk inc flu hosp,1,2026-01-03,24,quantile,0.85,1310.6471429551787
2025-12-20,wk inc flu hosp,1,2026-01-03,24,quantile,0.9,1407.0284956684868
2025-12-20,wk inc flu hosp,1,2026-01-03,24,quantile,0.95,1552.6515031370952
2025-12-20,wk inc flu hosp,1,2026-01-03,24,quantile,0.975,1652.1648403451281
2025-12-20,wk inc flu hosp,1,2026-01-03,24,quantile,0.99,1958.4303090439716
2025-12-20,wk inc flu hosp,1,2026-01-03,25,quantile,0.01,193.90159097744825
2025-12-20,wk inc flu hosp,1,2026-01-03,25,quantile,0.025,215.51701371323904
2025-12-20,wk inc flu hosp,1,2026-01-03,25,quantile,0.05,245.9756149229975
2025-12-20,wk inc flu hosp,1,2026-01-03,25,quantile,0.1,317.6151353251166
2025-12-20,wk inc flu hosp,1,2026-01-03,25,quantile,0.15,376.27556353614875
2025-12-20,wk inc flu hosp,1,2026-01-03,25,quantile,0.2,423.4477403385631
2025-12-20,wk inc flu hosp,1,2026-01-03,25,quantile,0.25,462.98998244091604
2025-12-20,wk inc flu hosp,1,2026-01-03,25,quantile,0.3,500.5252813220784
2025-12-20,wk inc flu hosp,1,2026-01-03,25,quantile,0.35,536.5559940251861
2025-12-20,wk inc flu hosp,1,2026-01-03,25,quantile,0.4,564.7132188254626
2025-12-20,wk inc flu hosp,1,2026-01-03,25,quantile,0.45,609.7578588977414
2025-12-20,wk inc flu hosp,1,2026-01-03,25,quantile,0.5,671.1057674018571
2025-12-20,wk inc flu hosp,1,2026-01-03,25,quantile,0.55,752.7656482615256
2025-12-20,wk inc flu hosp,1,2026-01-03,25,quantile,0.6,810.502043681164
2025-12-20,wk inc flu hosp,1,2026-01-03,25,quantile,0.65,909.6046901883459
2025-12-20,wk inc flu hosp,1,2026-01-03,25,quantile,0.7,1041.4797709263808
2025-12-20,wk inc flu hosp,1,2026-01-03,25,quantile,0.75,1312.1306132566835
2025-12-20,wk inc flu hosp,1,2026-01-03,25,quantile,0.8,1488.0009074434429
2025-12-20,wk inc flu hosp,1,2026-01-03,25,quantile,0.85,1795.301185563516
2025-12-20,wk inc flu hosp,1,2026-01-03,25,quantile,0.9,2057.2404770309304
2025-12-20,wk inc flu hosp,1,2026-01-03,25,quantile,0.95,2343.2626509620436
2025-12-20,wk inc flu hosp,1,2026-01-03,25,quantile,0.975,2873.1545145919754
2025-12-20,wk inc flu hosp,1,2026-01-03,25,quantile,0.99,3144.983410528497
2025-12-20,wk inc flu hosp,1,2026-01-03,26,quantile,0.01,141.94357819405602
2025-12-20,wk inc flu hosp,1,2026-01-03,26,quantile,0.025,179.3858991982797
2025-12-20,wk inc flu hosp,1,2026-01-03,26,quantile,0.05,224.28136984108406
2025-12-20,wk inc flu hosp,1,2026-01-03,26,quantile,0.1,279.1262049066579
2025-12-20,wk inc flu hosp,1,2026-01-03,26,quantile,0.15,326.78203555552415
2025-12-20,wk inc flu hosp,1,2026-01-03,26,quantile,0.2,371.1983885620218
2025-12-20,wk inc flu hosp,1,2026-01-03,26,quantile,0.25,420.0623430645211
2025-12-20,wk inc flu hosp,1,2026-01-03,26,quantile,0.3,471.42480292292345
2025-12-20,wk inc flu hosp,1,2026-01-03,26,quantile,0.35,528.8659051266071
2025-12-20,wk inc flu hosp,1,2026-01-03,26,quantile,0.4,593.1940345089669
2025-12-20,wk inc flu hosp,1,2026-01-03,26,quantile,0.45,664.1236701621201
2025-12-20,wk inc flu hosp,1,2026-01-03,26,quantile,0.5,720.503696483393
2025-12-20,wk inc flu hosp,1,2026-01-03,26,quantile,0.55,779.2376865301543
2025-12-20,wk inc flu hosp,1,2026-01-03,26,quantile,0.6,870.9436066374105
2025-12-20,wk inc flu hosp,1,2026-01-03,26,quantile,0.65,985.4049508045739
2025-12-20,wk inc flu hosp,1,2026-01-03,26,quantile,0.7,1056.0851454294132
2025-12-20,wk inc flu hosp,1,2026-01-03,26,quantile,0.75,1120.6716665162908
2025-12-20,wk inc flu hosp,1,2026-01-03,26,quantile,0.8,1245.8003541126748
2025-12-20,wk inc flu hosp,1,2026-01-03,26,quantile,0.85,1405.110681630455
2025-12-20,wk inc flu hosp,1,2026-01-03,26,quantile,0.9,1591.3902271910474
2025-12-20,wk inc flu hosp,1,2026-01-03,26,quantile,0.95,1966.7231959285832
2025-12-20,wk inc flu hosp,1,2026-01-03,26,quantile,0.975,2283.0981288569237
2025-12-20,wk inc flu hosp,1,2026-01-03,26,quantile,0.99,2389.0230956333294
2025-12-20,wk inc flu hosp,1,2026-01-03,27,quantile,0.01,54.972951396022644
2025-12-20,wk inc flu hosp,1,2026-01-03,27,quantile,0.025,122.2346639264617
2025-12-20,wk inc flu hosp,1,2026-01-03,27,quantile,0.05,212.71601418613187
2025-12-20,wk inc flu hosp,1,2026-01-03,27,quantile,0.1,282.48235253745815
2025-12-20,wk inc flu hosp,1,2026-01-03,27,quantile,0.15,340.8340204304111
2025-12-20,wk inc flu hosp,1,2026-01-03,27,quantile,0.2,397.50365191172733
2025-12-20,wk inc flu hosp,1,2026-01-03,27,quantile,0.25,445.24241121078956
2025-12-20,wk inc flu hosp,1,2026-01-03,27,quantile,0.3,486.24215414255406
2025-12-20,wk inc flu hosp,1,2026-01-03,27,quantile,0.35,532.486658764569
2025-12-20,wk inc flu hosp,1,2026-01-03,27,quantile,0.4,584.1793882787567
2025-12-20,wk inc flu hosp,1,2026-01-03,27,quantile,0.45,635.2088777313185
2025-12-20,wk inc flu hosp,1,2026-01-03,27,quantile,0.5,681.9036648513218
2025-12-20,wk inc flu hosp,1,2026-01-03,27,quantile,0.55,772.3732588410145
2025-12-20,wk inc flu hosp,1,2026-01-03,27,quantile,0.6,908.9071491436101
2025-12-20,wk inc flu hosp,1,2026-01-03,27,quantile,0.65,1069.9522598034744
2025-12-20,wk inc flu hosp,1,2026-01-03,27,quantile,0.7,1284.5267999190612
2025-12-20,wk inc flu hosp,1,2026-01-03,27,quantile,0.75,1561.54519753777
2025-12-20,wk inc flu hosp,1,2026-01-03,27,quantile,0.8,1776.2473007110534
2025-12-20,wk inc flu hosp,1,2026-01-03,27,quantile,0.85,1886.8480594869525
2025-12-20,wk inc flu hosp,1,2026-01-03,27,quantile,0.9,2316.60093576241
2025-12-20,wk inc flu hosp,1,2026-01-03,27,quantile,0.95,2965.671877010469
2025-12-20,wk inc flu hosp,1,2026-01-03,27,quantile,0.975,3022.578395533547
2025-12-20,wk inc flu hosp,1,2026-01-03,27,quantile,0.99,3093.5430127445484
2025-12-20,wk inc flu hosp,1,2026-01-03,28,quantile,0.01,42.05230056245146
2025-12-20,wk inc flu hosp,1,2026-01-03,28,quantile,0.025,54.95331824362781
2025-12-20,wk inc flu hosp,1,2026-01-03,28,quantile,0.05,74.94690137479128
2025-12-20,wk inc flu hosp,1,2026-01-03,28,quantile,0.1,101.61575401183755
2025-12-20,wk inc flu hosp,1,2026-01-03,28,quantile,0.15,122.2359568267839
2025-12-20,wk inc flu hosp,1,2026-01-03,28,quantile,0.2,135.26085003002598
2025-12-20,wk inc flu hosp,1,2026-01-03,28,quantile,0.25,144.45824425423743
2025-12-20,wk inc flu hosp,1,2026-01-03,28,quantile,0.3,159.1630647394727
2025-12-20,wk inc flu hosp,1,2026-01-03,28,quantile,0.35,171.86735599981225
2025-12-20,wk inc flu hosp,1,2026-01-03,28,quantile,0.4,184.28582226658273
2025-12-20,wk inc flu hosp,1,2026-01-03,28,quantile,0.45,198.91851497339482
2025-12-20,wk inc flu hosp,1,2026-01-03,28,quantile,0.5,209.5918834218185
2025-12-20,wk inc flu hosp,1,2026-01-03,28,quantile,0.55,231.93610631883868
2025-12-20,wk inc flu hosp,1,2026-01-03,28,quantile,0.6,251.11597891455506
2025-12-20,wk inc flu hosp,1,2026-01-03,28,quantile,0.65,265.55133803686766
2025-12-20,wk inc flu hosp,1,2026-01-03,28,quantile,0.7,279.36726293087355
2025-12-20,wk inc flu hosp,1,2026-01-03,28,quantile,0.75,303.98155528186487
2025-12-20,wk inc flu hosp,1,2026-01-03,28,quantile,0.8,325.3564287039013
2025-12-20,wk inc flu hosp,1,2026-01-03,28,quantile,0.85,373.99695118331516
2025-12-20,wk inc flu hosp,1,2026-01-03,28,quantile,0.9,449.02008623340504
2025-12-20,wk inc flu hosp,1,2026-01-03,28,quantile,0.95,565.3144682005283
2025-12-20,wk inc flu hosp,1,2026-01-03,28,quantile,0.975,641.7951449287004
2025-12-20,wk inc flu hosp,1,2026-01-03,28,quantile,0.99,664.902750155872
2025-12-20,wk inc flu hosp,1,2026-01-03,29,quantile,0.01,59.23397995495158
2025-12-20,wk inc flu hosp,1,2026-01-03,29,quantile,0.025,72.42468065895352
2025-12-20,wk inc flu hosp,1,2026-01-03,29,quantile,0.05,101.05227314113783
2025-12-20,wk inc flu hosp,1,2026-01-03,29,quantile,0.1,125.90797904146683
2025-12-20,wk inc flu hosp,1,2026-01-03,29,quantile,0.15,158.8010558362376
2025-12-20,wk inc flu hosp,1,2026-01-03,29,quantile,0.2,194.24221308688445
2025-12-20,wk inc flu hosp,1,2026-01-03,29,quantile,0.25,217.77854566869237
2025-12-20,wk inc flu hosp,1,2026-01-03,29,quantile,0.3,230.69830757569636
2025-12-20,wk inc flu hosp,1,2026-01-03,29,quantile,0.35,241.9154983401212
2025-12-20,wk inc flu hosp,1,2026-01-03,29,quantile,0.4,267.76475201247086
2025-12-20,wk inc flu hosp,1,2026-01-03,29,quantile,0.45,297.5163889449541
2025-12-20,wk inc flu hosp,1,2026-01-03,29,quantile,0.5,322.4047573917657
2025-12-20,wk inc flu hosp,1,2026-01-03,29,quantile,0.55,334.96154227559106
2025-12-20,wk inc flu hosp,1,2026-01-03,29,quantile,0.6,362.64838223698797
2025-12-20,wk inc flu hosp,1,2026-01-03,29,quantile,0.65,390.1790084140904
2025-12-20,wk inc flu hosp,1,2026-01-03,29,quantile,0.7,419.87838249739576
2025-12-20,wk inc flu hosp,1,2026-01-03,29,quantile,0.75,460.615598595724
2025-12-20,wk inc flu hosp,1,2026-01-03,29,quantile,0.8,505.62701673511634
2025-12-20,wk inc flu hosp,1,2026-01-03,29,quantile,0.85,590.8625839440577
2025-12-20,wk inc flu hosp,1,2026-01-03,29,quantile,0.9,681.5850767154569
2025-12-20,wk inc flu hosp,1,2026-01-03,29,quantile,0.95,770.9305677425299
2025-12-20,wk inc flu hosp,1,2026-01-03,29,quantile,0.975,812.5967649352784
2025-12-20,wk inc flu hosp,1,2026-01-03,29,quantile,0.99,948.5457882921959
2025-12-20,wk inc flu hosp,1,2026-01-03,30,quantile,0.01,5.798922113529101
2025-12-20,wk inc flu hosp,1,2026-01-03,30,quantile,0.025,7.887302828129378
2025-12-20,wk inc flu hosp,1,2026-01-03,30,quantile,0.05,11.701094113879668
2025-12-20,wk inc flu hosp,1,2026-01-03,30,quantile,0.1,16.557248066130636
2025-12-20,wk inc flu hosp,1,2026-01-03,30,quantile,0.15,22.173103297276754
2025-12-20,wk inc flu hosp,1,2026-01-03,30,quantile,0.2,26.792368460582825
2025-12-20,wk inc flu hosp,1,2026-01-03,30,quantile,0.25,29.527420745216038
2025-12-20,wk inc flu hosp,1,2026-01-03,30,quantile,0.3,32.13345354826695
2025-12-20,wk inc flu hosp,1,2026-01-03,30,quantile,0.35,34.70075735336482
2025-12-20,wk inc flu hosp,1,2026-01-03,30,quantile,0.4,38.202893724571815
2025-12-20,wk inc flu hosp,1,2026-01-03,30,quantile,0.45,41.77496305254394
2025-12-20,wk inc flu hosp,1,2026-01-03,30,quantile,0.5,46.23694003007004
2025-12-20,wk inc flu hosp,1,2026-01-03,30,quantile,0.55,50.14438814675326
2025-12-20,wk inc flu hosp,1,2026-01-03,30,quantile,0.6,54.74531341722175
2025-12-20,wk inc flu hosp,1,2026-01-03,30,quantile,0.65,59.4706399093936
2025-12-20,wk inc flu hosp,1,2026-01-03,30,quantile,0.7,63.1392749823517
2025-12-20,wk inc flu hosp,1,2026-01-03,30,quantile,0.75,68.68011532811222
2025-12-20,wk inc flu hosp,1,2026-01-03,30,quantile,0.8,77.07962681730542
2025-12-20,wk inc flu hosp,1,2026-01-03,30,quantile,0.85,88.78713934726807
2025-12-20,wk inc flu hosp,1,2026-01-03,30,quantile,0.9,122.21539790035183
2025-12-20,wk inc flu hosp,1,2026-01-03,30,quantile,0.95,142.87326302856582
2025-12-20,wk inc flu hosp,1,2026-01-03,30,quantile,0.975,150.62883159364412
2025-12-20,wk inc flu hosp,1,2026-01-03,30,quantile,0.99,176.87411837396127
2025-12-20,wk inc flu hosp,1,2026-01-03,31,quantile,0.01,13.421152064388261
2025-12-20,wk inc flu hosp,1,2026-01-03,31,quantile,0.025,16.614583771515164
2025-12-20,wk inc flu hosp,1,2026-01-03,31,quantile,0.05,21.520182304040542
2025-12-20,wk inc flu hosp,1,2026-01-03,31,quantile,0.1,28.204552780053724
2025-12-20,wk inc flu hosp,1,2026-01-03,31,quantile,0.15,34.946248120716405
2025-12-20,wk inc flu hosp,1,2026-01-03,31,quantile,0.2,41.57792608119611
2025-12-20,wk inc flu hosp,1,2026-01-03,31,quantile,0.25,48.44234897752257
2025-12-20,wk inc flu hosp,1,2026-01-03,31,quantile,0.3,55.76284334833312
2025-12-20,wk inc flu hosp,1,2026-01-03,31,quantile,0.35,62.08880557802162
2025-12-20,wk inc flu hosp,1,2026-01-03,31,quantile,0.4,70.74549136332473
2025-12-20,wk inc flu hosp,1,2026-01-03,31,quantile,0.45,87.27550118383536
2025-12-20,wk inc flu hosp,1,2026-01-03,31,quantile,0.5,103.9954708478879
2025-12-20,wk inc flu hosp,1,2026-01-03,31,quantile,0.55,122.15107654808648
2025-12-20,wk inc flu hosp,1,2026-01-03,31,quantile,0.6,142.17049520192808
2025-12-20,wk inc flu hosp,1,2026-01-03,31,quantile,0.65,166.25637577795214
2025-12-20,wk inc flu hosp,1,2026-01-03,31,quantile,0.7,190.71177527027396
2025-12-20,wk inc flu hosp,1,2026-01-03,31,quantile,0.75,219.48679687593443
2025-12-20,wk inc flu hosp,1,2026-01-03,31,quantile,0.8,251.0966044080433
2025-12-20,wk inc flu hosp,1,2026-01-03,31,quantile,0.85,301.1745038231708
2025-12-20,wk inc flu hosp,1,2026-01-03,31,quantile,0.9,341.5581778432316
2025-12-20,wk inc flu hosp,1,2026-01-03,31,quantile,0.95,370.5896872434078
2025-12-20,wk inc flu hosp,1,2026-01-03,31,quantile,0.975,459.71638112786036
2025-12-20,wk inc flu hosp,1,2026-01-03,31,quantile,0.99,498.0453721666779
2025-12-20,wk inc flu hosp,1,2026-01-03,32,quantile,0.01,45.72980165522627
2025-12-20,wk inc flu hosp,1,2026-01-03,32,quantile,0.025,52.74427675343075
2025-12-20,wk inc flu hosp,1,2026-01-03,32,quantile,0.05,61.77826642042494
2025-12-20,wk inc flu hosp,1,2026-01-03,32,quantile,0.1,77.38681379385093
2025-12-20,wk inc flu hosp,1,2026-01-03,32,quantile,0.15,90.80520521881442
2025-12-20,wk inc flu hosp,1,2026-01-03,32,quantile,0.2,106.86837382176513
2025-12-20,wk inc flu hosp,1,2026-01-03,32,quantile,0.25,120.26682113075853
2025-12-20,wk inc flu hosp,1,2026-01-03,32,quantile,0.3,134.61428931413258
2025-12-20,wk inc flu hosp,1,2026-01-03,32,quantile,0.35,150.81546929471162
2025-12-20,wk inc flu hosp,1,2026-01-03,32,quantile,0.4,159.80383489478575
2025-12-20,wk inc flu hosp,1,2026-01-03,32,quantile,0.45,173.300810278253
2025-12-20,wk inc flu hosp,1,2026-01-03,32,quantile,0.5,189.2741124104435
2025-12-20,wk inc flu hosp,1,2026-01-03,32,quantile,0.55,203.06622726801464
2025-12-20,wk inc flu hosp,1,2026-01-03,32,quantile,0.6,221.41847152140403
2025-12-20,wk inc flu hosp,1,2026-01-03,32,quantile,0.65,242.43564307874968
2025-12-20,wk inc flu hosp,1,2026-01-03,32,quantile,0.7,269.79092193434866
2025-12-20,wk inc flu hosp,1,2026-01-03,32,quantile,0.75,303.5111809619665
2025-12-20,wk inc flu hosp,1,2026-01-03,32,quantile,0.8,326.882274408612
2025-12-20,wk inc flu hosp,1,2026-01-03,32,quantile,0.85,343.0325573695591
2025-12-20,wk inc flu hosp,1,2026-01-03,32,quantile,0.9,385.47287324408614
2025-12-20,wk inc flu hosp,1,2026-01-03,32,quantile,0.95,471.11799520344425
2025-12-20,wk inc flu hosp,1,2026-01-03,32,quantile,0.975,520.0901106152804
2025-12-20,wk inc flu hosp,1,2026-01-03,32,quantile,0.99,537.8712793687
2025-12-20,wk inc flu hosp,1,2026-01-03,33,quantile,0.01,7.931647483975754
2025-12-20,wk inc flu hosp,1,2026-01-03,33,quantile,0.025,17.016847818119412
2025-12-20,wk inc flu hosp,1,2026-01-03,33,quantile,0.05,25.03849089322689
2025-12-20,wk inc flu hosp,1,2026-01-03,33,quantile,0.1,34.490711557689195
2025-12-20,wk inc flu hosp,1,2026-01-03,33,quantile,0.15,43.84044251716631
2025-12-20,wk inc flu hosp,1,2026-01-03,33,quantile,0.2,50.396485249605625
2025-12-20,wk inc flu hosp,1,2026-01-03,33,quantile,0.25,57.81542381470631
2025-12-20,wk inc flu hosp,1,2026-01-03,33,quantile,0.3,66.01110607564213
2025-12-20,wk inc flu hosp,1,2026-01-03,33,quantile,0.35,75.771995793095
2025-12-20,wk inc flu hosp,1,2026-01-03,33,quantile,0.4,88.64798864207974
2025-12-20,wk inc flu hosp,1,2026-01-03,33,quantile,0.45,103.71671124314159
2025-12-20,wk inc flu hosp,1,2026-01-03,33,quantile,0.5,121.47577171191803
2025-12-20,wk inc flu hosp,1,2026-01-03,33,quantile,0.55,143.42237856847007
2025-12-20,wk inc flu hosp,1,2026-01-03,33,quantile,0.6,175.32853013984789
2025-12-20,wk inc flu hosp,1,2026-01-03,33,quantile,0.65,212.1772989160625
2025-12-20,wk inc flu hosp,1,2026-01-03,33,quantile,0.7,245.03022100753958
2025-12-20,wk inc flu hosp,1,2026-01-03,33,quantile,0.75,280.9468780119478
2025-12-20,wk inc flu hosp,1,2026-01-03,33,quantile,0.8,310.69851912310025
2025-12-20,wk inc flu hosp,1,2026-01-03,33,quantile,0.85,343.54427440646344
2025-12-20,wk inc flu hosp,1,2026-01-03,33,quantile,0.9,399.48757049914707
2025-12-20,wk inc flu hosp,1,2026-01-03,33,quantile,0.95,463.24858381600944
2025-12-20,wk inc flu hosp,1,2026-01-03,33,quantile,0.975,491.1769407040305
2025-12-20,wk inc flu hosp,1,2026-01-03,33,quantile,0.99,512.0008043835595
2025-12-20,wk inc flu hosp,1,2026-01-03,34,quantile,0.01,295.50035314351766
2025-12-20,wk inc flu hosp,1,2026-01-03,34,quantile,0.025,425.9456723731644
2025-12-20,wk inc flu hosp,1,2026-01-03,34,quantile,0.05,455.1518450701878
2025-12-20,wk inc flu hosp,1,2026-01-03,34,quantile,0.1,586.0343636700017
2025-12-20,wk inc flu hosp,1,2026-01-03,34,quantile,0.15,671.6848969416735
2025-12-20,wk inc flu hosp,1,2026-01-03,34,quantile,0.2,751.9529952401147
2025-12-20,wk inc flu hosp,1,2026-01-03,34,quantile,0.25,847.2745585233854
2025-12-20,wk inc flu hosp,1,2026-01-03,34,quantile,0.3,955.5359337926842
2025-12-20,wk inc flu hosp,1,2026-01-03,34,quantile,0.35,1061.7073885156137
2025-12-20,wk inc flu hosp,1,2026-01-03,34,quantile,0.4,1154.669614845478
2025-12-20,wk inc flu hosp,1,2026-01-03,34,quantile,0.45,1290.7586312751143
2025-12-20,wk inc flu hosp,1,2026-01-03,34,quantile,0.5,1417.823400707169
2025-12-20,wk inc flu hosp,1,2026-01-03,34,quantile,0.55,1671.1920954571606
2025-12-20,wk inc flu hosp,1,2026-01-03,34,quantile,0.6,2011.4613980462452
2025-12-20,wk inc flu hosp,1,2026-01-03,34,quantile,0.65,2440.1704898004846
2025-12-20,wk inc flu hosp,1,2026-01-03,34,quantile,0.7,2757.6022933698864
2025-12-20,wk inc flu hosp,1,2026-01-03,34,quantile,0.75,3207.0235513928806
2025-12-20,wk inc flu hosp,1,2026-01-03,34,quantile,0.8,3635.4338057893797
2025-12-20,wk inc flu hosp,1,2026-01-03,34,quantile,0.85,3912.69461148869
2025-12-20,wk inc flu hosp,1,2026-01-03,34,quantile,0.9,4377.3883254053335
2025-12-20,wk inc flu hosp,1,2026-01-03,34,quantile,0.95,6543.516249939227
2025-12-20,wk inc flu hosp,1,2026-01-03,34,quantile,0.975,6810.195791713621
2025-12-20,wk inc flu hosp,1,2026-01-03,34,quantile,0.99,6969.410044724039
2025-12-20,wk inc flu hosp,1,2026-01-03,35,quantile,0.01,16.342690677234053
2025-12-20,wk inc flu hosp,1,2026-01-03,35,quantile,0.025,25.941238465401902
2025-12-20,wk inc flu hosp,1,2026-01-03,35,quantile,0.05,43.10533990265509
2025-12-20,wk inc flu hosp,1,2026-01-03,35,quantile,0.1,69.32337993596686
2025-12-20,wk inc flu hosp,1,2026-01-03,35,quantile,0.15,89.01902943495689
2025-12-20,wk inc flu hosp,1,2026-01-03,35,quantile,0.2,110.35868414474952
2025-12-20,wk inc flu hosp,1,2026-01-03,35,quantile,0.25,129.09289770155513
2025-12-20,wk inc flu hosp,1,2026-01-03,35,quantile,0.3,147.32268073012452
2025-12-20,wk inc flu hosp,1,2026-01-03,35,quantile,0.35,163.240948249348
2025-12-20,wk inc flu hosp,1,2026-01-03,35,quantile,0.4,184.65046555776524
2025-12-20,wk inc flu hosp,1,2026-01-03,35,quantile,0.45,205.83652943885986
2025-12-20,wk inc flu hosp,1,2026-01-03,35,quantile,0.5,216.66477689840997
2025-12-20,wk inc flu hosp,1,2026-01-03,35,quantile,0.55,236.75677078870663
2025-12-20,wk inc flu hosp,1,2026-01-03,35,quantile,0.6,266.9481789333533
2025-12-20,wk inc flu hosp,1,2026-01-03,35,quantile,0.65,304.6342358268471
2025-12-20,wk inc flu hosp,1,2026-01-03,35,quantile,0.7,320.721128566369
2025-12-20,wk inc flu hosp,1,2026-01-03,35,quantile,0.75,353.7667882755678
2025-12-20,wk inc flu hosp,1,2026-01-03,35,quantile,0.8,411.45881833066505
2025-12-20,wk inc flu hosp,1,2026-01-03,35,quantile,0.85,452.8072729038268
2025-12-20,wk inc flu hosp,1,2026-01-03,35,quantile,0.9,600.1020299228319
2025-12-20,wk inc flu hosp,1,2026-01-03,35,quantile,0.95,839.6555625217911
2025-12-20,wk inc flu hosp,1,2026-01-03,35,quantile,0.975,954.4915822580458
2025-12-20,wk inc flu hosp,1,2026-01-03,35,quantile,0.99,1049.9289688127078
2025-12-20,wk inc flu hosp,1,2026-01-03,36,quantile,0.01,449.487892473398
2025-12-20,wk inc flu hosp,1,2026-01-03,36,quantile,0.025,784.8111470537042
2025-12-20,wk inc flu hosp,1,2026-01-03,36,quantile,0.05,1083.3977187488372
2025-12-20,wk inc flu hosp,1,2026-01-03,36,quantile,0.1,1358.5571241074472
2025-12-20,wk inc flu hosp,1,2026-01-03,36,quantile,0.15,1547.6491666946863
2025-12-20,wk inc flu hosp,1,2026-01-03,36,quantile,0.2,1719.0814018493545
2025-12-20,wk inc flu hosp,1,2026-01-03,36,quantile,0.25,1921.8724443490585
2025-12-20,wk inc flu hosp,1,2026-01-03,36,quantile,0.3,2145.309180226336
2025-12-20,wk inc flu hosp,1,2026-01-03,36,quantile,0.35,2362.7158774625914
2025-12-20,wk inc flu hosp,1,2026-01-03,36,quantile,0.4,2581.764878610748
2025-12-20,wk inc flu hosp,1,2026-01-03,36,quantile,0.45,2940.579933718925
2025-12-20,wk inc flu hosp,1,2026-01-03,36,quantile,0.5,3393.4424244967877
2025-12-20,wk inc flu hosp,1,2026-01-03,36,quantile,0.55,3837.194697224174
2025-12-20,wk inc flu hosp,1,2026-01-03,36,quantile,0.6,4451.216793106335
2025-12-20,wk inc flu hosp,1,2026-01-03,36,quantile,0.65,4751.522156010752
2025-12-20,wk inc flu hosp,1,2026-01-03,36,quantile,0.7,5803.844850182184
2025-12-20,wk inc flu hosp,1,2026-01-03,36,quantile,0.75,6214.570830956539
2025-12-20,wk inc flu hosp,1,2026-01-03,36,quantile,0.8,6760.721942986817
2025-12-20,wk inc flu hosp,1,2026-01-03,36,quantile,0.85,7941.216177133743
2025-12-20,wk inc flu hosp,1,2026-01-03,36,quantile,0.9,10196.386194602434
2025-12-20,wk inc flu hosp,1,2026-01-03,36,quantile,0.95,13737.872154783265
2025-12-20,wk inc flu hosp,1,2026-01-03,36,quantile,0.975,13905.425142189042
2025-12-20,wk inc flu hosp,1,2026-01-03,36,quantile,0.99,14303.839692110794
2025-12-20,wk inc flu hosp,1,2026-01-03,37,quantile,0.01,181.9182102598306
2025-12-20,wk inc flu hosp,1,2026-01-03,37,quantile,0.025,335.1473099882133
2025-12-20,wk inc flu hosp,1,2026-01-03,37,quantile,0.05,390.50780015752764
2025-12-20,wk inc flu hosp,1,2026-01-03,37,quantile,0.1,467.65476331080254
2025-12-20,wk inc flu hosp,1,2026-01-03,37,quantile,0.15,537.9956897459203
2025-12-20,wk inc flu hosp,1,2026-01-03,37,quantile,0.2,609.0430013112831
2025-12-20,wk inc flu hosp,1,2026-01-03,37,quantile,0.25,677.8588002610799
2025-12-20,wk inc flu hosp,1,2026-01-03,37,quantile,0.3,743.4407657347459
2025-12-20,wk inc flu hosp,1,2026-01-03,37,quantile,0.35,855.9232678455071
2025-12-20,wk inc flu hosp,1,2026-01-03,37,quantile,0.4,970.6585404417007
2025-12-20,wk inc flu hosp,1,2026-01-03,37,quantile,0.45,1087.855591270609
2025-12-20,wk inc flu hosp,1,2026-01-03,37,quantile,0.5,1235.4415327928396
2025-12-20,wk inc flu hosp,1,2026-01-03,37,quantile,0.55,1499.3678114303375
2025-12-20,wk inc flu hosp,1,2026-01-03,37,quantile,0.6,1902.1805844038827
2025-12-20,wk inc flu hosp,1,2026-01-03,37,quantile,0.65,2248.5505319116155
2025-12-20,wk inc flu hosp,1,2026-01-03,37,quantile,0.7,2468.0164347505797
2025-12-20,wk inc flu hosp,1,2026-01-03,37,quantile,0.75,2668.970899190755
2025-12-20,wk inc flu hosp,1,2026-01-03,37,quantile,0.8,2852.0421290376944
2025-12-20,wk inc flu hosp,1,2026-01-03,37,quantile,0.85,3488.1651933536277
2025-12-20,wk inc flu hosp,1,2026-01-03,37,quantile,0.9,3960.428376782174
2025-12-20,wk inc flu hosp,1,2026-01-03,37,quantile,0.95,4966.496826585058
2025-12-20,wk inc flu hosp,1,2026-01-03,37,quantile,0.975,5287.198848176362
2025-12-20,wk inc flu hosp,1,2026-01-03,37,quantile,0.99,5465.162487411492
2025-12-20,wk inc flu hosp,1,2026-01-03,38,quantile,0.01,12.521014776271391
2025-12-20,wk inc flu hosp,1,2026-01-03,38,quantile,0.025,18.929238027597723
2025-12-20,wk inc flu hosp,1,2026-01-03,38,quantile,0.05,20.44448332855417
2025-12-20,wk inc flu hosp,1,2026-01-03,38,quantile,0.1,27.530319978689295
2025-12-20,wk inc flu hosp,1,2026-01-03,38,quantile,0.15,33.601107750871165
2025-12-20,wk inc flu hosp,1,2026-01-03,38,quantile,0.2,40.09852198517648
2025-12-20,wk inc flu hosp,1,2026-01-03,38,quantile,0.25,47.635881910369754
2025-12-20,wk inc flu hosp,1,2026-01-03,38,quantile,0.3,53.52114558524896
2025-12-20,wk inc flu hosp,1,2026-01-03,38,quantile,0.35,58.34992318923433
2025-12-20,wk inc flu hosp,1,2026-01-03,38,quantile,0.4,65.1697251249794
2025-12-20,wk inc flu hosp,1,2026-01-03,38,quantile,0.45,72.12512646193319
2025-12-20,wk inc flu hosp,1,2026-01-03,38,quantile,0.5,78.20760721521317
2025-12-20,wk inc flu hosp,1,2026-01-03,38,quantile,0.55,88.57686805331578
2025-12-20,wk inc flu hosp,1,2026-01-03,38,quantile,0.6,97.72558111136304
2025-12-20,wk inc flu hosp,1,2026-01-03,38,quantile,0.65,105.7999488776266
2025-12-20,wk inc flu hosp,1,2026-01-03,38,quantile,0.7,115.53998902152249
2025-12-20,wk inc flu hosp,1,2026-01-03,38,quantile,0.75,140.80953118705108
2025-12-20,wk inc flu hosp,1,2026-01-03,38,quantile,0.8,156.78430677511304
2025-12-20,wk inc flu hosp,1,2026-01-03,38,quantile,0.85,191.8379611769142
2025-12-20,wk inc flu hosp,1,2026-01-03,38,quantile,0.9,221.03707325001403
2025-12-20,wk inc flu hosp,1,2026-01-03,38,quantile,0.95,262.45987786599215
2025-12-20,wk inc flu hosp,1,2026-01-03,38,quantile,0.975,275.42409443265734
2025-12-20,wk inc flu hosp,1,2026-01-03,38,quantile,0.99,280.16116198459406
2025-12-20,wk inc flu hosp,1,2026-01-03,39,quantile,0.01,196.6898177364608
2025-12-20,wk inc flu hosp,1,2026-01-03,39,quantile,0.025,222.3910965609028
2025-12-20,wk inc flu hosp,1,2026-01-03,39,quantile,0.05,303.42370705398355
2025-12-20,wk inc flu hosp,1,2026-01-03,39,quantile,0.1,493.53214072941716
2025-12-20,wk inc flu hosp,1,2026-01-03,39,quantile,0.15,628.7627968719919
2025-12-20,wk inc flu hosp,1,2026-01-03,39,quantile,0.2,727.3226585709766
2025-12-20,wk inc flu hosp,1,2026-01-03,39,quantile,0.25,834.6094379435948
2025-12-20,wk inc flu hosp,1,2026-01-03,39,quantile,0.3,947.1483121467301
2025-12-20,wk inc flu hosp,1,2026-01-03,39,quantile,0.35,1070.1151044224503
2025-12-20,wk inc flu hosp,1,2026-01-03,39,quantile,0.4,1167.0002629644248
2025-12-20,wk inc flu hosp,1,2026-01-03,39,quantile,0.45,1282.5261592724366
2025-12-20,wk inc flu hosp,1,2026-01-03,39,quantile,0.5,1407.6938205397719
2025-12-20,wk inc flu hosp,1,2026-01-03,39,quantile,0.55,1512.2654059075724
2025-12-20,wk inc flu hosp,1,2026-01-03,39,quantile,0.6,1647.1939225231465
2025-12-20,wk inc flu hosp,1,2026-01-03,39,quantile,0.65,1838.0431675966827
2025-12-20,wk inc flu hosp,1,2026-01-03,39,quantile,0.7,2075.0351660973042
2025-12-20,wk inc flu hosp,1,2026-01-03,39,quantile,0.75,2262.5580809761855
2025-12-20,wk inc flu hosp,1,2026-01-03,39,quantile,0.8,2716.573007234854
2025-12-20,wk inc flu hosp,1,2026-01-03,39,quantile,0.85,3319.0337595311967
2025-12-20,wk inc flu hosp,1,2026-01-03,39,quantile,0.9,3630.082738579209
2025-12-20,wk inc flu hosp,1,2026-01-03,39,quantile,0.95,4738.018702685645
2025-12-20,wk inc flu hosp,1,2026-01-03,39,quantile,0.975,5375.411127715757
2025-12-20,wk inc flu hosp,1,2026-01-03,39,quantile,0.99,5484.4730182831
2025-12-20,wk inc flu hosp,1,2026-01-03,40,quantile,0.01,15.095577129982754
2025-12-20,wk inc flu hosp,1,2026-01-03,40,quantile,0.025,17.57128114630543
2025-12-20,wk inc flu hosp,1,2026-01-03,40,quantile,0.05,22.00983262831187
2025-12-20,wk inc flu hosp,1,2026-01-03,40,quantile,0.1,43.121863927384595
2025-12-20,wk inc flu hosp,1,2026-01-03,40,quantile,0.15,58.39931786149763
2025-12-20,wk inc flu hosp,1,2026-01-03,40,quantile,0.2,65.55134809483047
2025-12-20,wk inc flu hosp,1,2026-01-03,40,quantile,0.25,80.11632443252282
2025-12-20,wk inc flu hosp,1,2026-01-03,40,quantile,0.3,91.47015718712571
2025-12-20,wk inc flu hosp,1,2026-01-03,40,quantile,0.35,102.80303727047645
2025-12-20,wk inc flu hosp,1,2026-01-03,40,quantile,0.4,112.53703849944775
2025-12-20,wk inc flu hosp,1,2026-01-03,40,quantile,0.45,122.7910618000802
2025-12-20,wk inc flu hosp,1,2026-01-03,40,quantile,0.5,133.457225626657
2025-12-20,wk inc flu hosp,1,2026-01-03,40,quantile,0.55,144.77044778616852
2025-12-20,wk inc flu hosp,1,2026-01-03,40,quantile,0.6,153.95090340052693
2025-12-20,wk inc flu hosp,1,2026-01-03,40,quantile,0.65,166.3184597287006
2025-12-20,wk inc flu hosp,1,2026-01-03,40,quantile,0.7,176.4668459942472
2025-12-20,wk inc flu hosp,1,2026-01-03,40,quantile,0.75,188.53201110935237
2025-12-20,wk inc flu hosp,1,2026-01-03,40,quantile,0.8,209.00803719512157
2025-12-20,wk inc flu hosp,1,2026-01-03,40,quantile,0.85,237.66881176573298
2025-12-20,wk inc flu hosp,1,2026-01-03,40,quantile,0.9,274.8831548743367
2025-12-20,wk inc flu hosp,1,2026-01-03,40,quantile,0.95,348.79970163330154
2025-12-20,wk inc flu hosp,1,2026-01-03,40,quantile,0.975,426.42980140482183
2025-12-20,wk inc flu hosp,1,2026-01-03,40,quantile,0.99,463.1964190315331
2025-12-20,wk inc flu hosp,1,2026-01-03,41,quantile,0.01,15.486311926247106
2025-12-20,wk inc flu hosp,1,2026-01-03,41,quantile,0.025,17.001780851787554
2025-12-20,wk inc flu hosp,1,2026-01-03,41,quantile,0.05,21.230489115244954
2025-12-20,wk inc flu hosp,1,2026-01-03,41,quantile,0.1,25.451815104070604
2025-12-20,wk inc flu hosp,1,2026-01-03,41,quantile,0.15,29.978967423316693
2025-12-20,wk inc flu hosp,1,2026-01-03,41,quantile,0.2,32.746917349939544
2025-12-20,wk inc flu hosp,1,2026-01-03,41,quantile,0.25,36.73564773408299
2025-12-20,wk inc flu hosp,1,2026-01-03,41,quantile,0.3,43.16068710358468
2025-12-20,wk inc flu hosp,1,2026-01-03,41,quantile,0.35,49.57260561347158
2025-12-20,wk inc flu hosp,1,2026-01-03,41,quantile,0.4,53.63598363702278
2025-12-20,wk inc flu hosp,1,2026-01-03,41,quantile,0.45,59.28300660870319
2025-12-20,wk inc flu hosp,1,2026-01-03,41,quantile,0.5,64.89510119319277
2025-12-20,wk inc flu hosp,1,2026-01-03,41,quantile,0.55,69.970454021485
2025-12-20,wk inc flu hosp,1,2026-01-03,41,quantile,0.6,75.87882217986218
2025-12-20,wk inc flu hosp,1,2026-01-03,41,quantile,0.65,82.47746676503779
2025-12-20,wk inc flu hosp,1,2026-01-03,41,quantile,0.7,89.58442078464739
2025-12-20,wk inc flu hosp,1,2026-01-03,41,quantile,0.75,95.17774215504195
2025-12-20,wk inc flu hosp,1,2026-01-03,41,quantile,0.8,108.52658748843606
2025-12-20,wk inc flu hosp,1,2026-01-03,41,quantile,0.85,119.06825793130396
2025-12-20,wk inc flu hosp,1,2026-01-03,41,quantile,0.9,134.72921992234686
2025-12-20,wk inc flu hosp,1,2026-01-03,41,quantile,0.95,174.66586824060352
2025-12-20,wk inc flu hosp,1,2026-01-03,41,quantile,0.975,188.7811167500344
2025-12-20,wk inc flu hosp,1,2026-01-03,41,quantile,0.99,207.9322517435901
2025-12-20,wk inc flu hosp,1,2026-01-03,42,quantile,0.01,236.00561050473988
2025-12-20,wk inc flu hosp,1,2026-01-03,42,quantile,0.025,403.0879853011563
2025-12-20,wk inc flu hosp,1,2026-01-03,42,quantile,0.05,622.4239960167683
2025-12-20,wk inc flu hosp,1,2026-01-03,42,quantile,0.1,815.0713889583383
2025-12-20,wk inc flu hosp,1,2026-01-03,42,quantile,0.15,988.6635618247138
2025-12-20,wk inc flu hosp,1,2026-01-03,42,quantile,0.2,1188.3167831629837
2025-12-20,wk inc flu hosp,1,2026-01-03,42,quantile,0.25,1350.1792976234867
2025-12-20,wk inc flu hosp,1,2026-01-03,42,quantile,0.3,1506.0836735329394
2025-12-20,wk inc flu hosp,1,2026-01-03,42,quantile,0.35,1642.2206978587021
2025-12-20,wk inc flu hosp,1,2026-01-03,42,quantile,0.4,1759.9431624451647
2025-12-20,wk inc flu hosp,1,2026-01-03,42,quantile,0.45,1905.837813815732
2025-12-20,wk inc flu hosp,1,2026-01-03,42,quantile,0.5,2108.056051818429
2025-12-20,wk inc flu hosp,1,2026-01-03,42,quantile,0.55,2353.4712116297283
2025-12-20,wk inc flu hosp,1,2026-01-03,42,quantile,0.6,2635.5035835991243
2025-12-20,wk inc flu hosp,1,2026-01-03,42,quantile,0.65,2895.4056664431123
2025-12-20,wk inc flu hosp,1,2026-01-03,42,quantile,0.7,3211.0231592737114
2025-12-20,wk inc flu hosp,1,2026-01-03,42,quantile,0.75,3715.542032744483
2025-12-20,wk inc flu hosp,1,2026-01-03,42,quantile,0.8,4300.847434027104
2025-12-20,wk inc flu hosp,1,2026-01-03,42,quantile,0.85,5611.867027289673
2025-12-20,wk inc flu hosp,1,2026-01-03,42,quantile,0.9,6329.4482056894885
2025-12-20,wk inc flu hosp,1,2026-01-03,42,quantile,0.95,6904.311134606809
2025-12-20,wk inc flu hosp,1,2026-01-03,42,quantile,0.975,7999.040355047098
2025-12-20,wk inc flu hosp,1,2026-01-03,42,quantile,0.99,8350.024727152297
2025-12-20,wk inc flu hosp,1,2026-01-03,44,quantile,0.01,20.73012083576509
2025-12-20,wk inc flu hosp,1,2026-01-03,44,quantile,0.025,26.823075612413646
2025-12-20,wk inc flu hosp,1,2026-01-03,44,quantile,0.05,35.43233370559408
2025-12-20,wk inc flu hosp,1,2026-01-03,44,quantile,0.1,45.412178640248854
2025-12-20,wk inc flu hosp,1,2026-01-03,44,quantile,0.15,53.92980738828771
2025-12-20,wk inc flu hosp,1,2026-01-03,44,quantile,0.2,62.04017733236681
2025-12-20,wk inc flu hosp,1,2026-01-03,44,quantile,0.25,68.58112758690903
2025-12-20,wk inc flu hosp,1,2026-01-03,44,quantile,0.3,77.58975472139643
2025-12-20,wk inc flu hosp,1,2026-01-03,44,quantile,0.35,88.65525363699685
2025-12-20,wk inc flu hosp,1,2026-01-03,44,quantile,0.4,104.18834465681152
2025-12-20,wk inc flu hosp,1,2026-01-03,44,quantile,0.45,126.99379007661366
2025-12-20,wk inc flu hosp,1,2026-01-03,44,quantile,0.5,153.18777128661583
2025-12-20,wk inc flu hosp,1,2026-01-03,44,quantile,0.55,175.43258452418118
2025-12-20,wk inc flu hosp,1,2026-01-03,44,quantile,0.6,200.4966849615423
2025-12-20,wk inc flu hosp,1,2026-01-03,44,quantile,0.65,217.6978959152474
2025-12-20,wk inc flu hosp,1,2026-01-03,44,quantile,0.7,258.07714083620556
2025-12-20,wk inc flu hosp,1,2026-01-03,44,quantile,0.75,290.38134176880914
2025-12-20,wk inc flu hosp,1,2026-01-03,44,quantile,0.8,332.4056417859142
2025-12-20,wk inc flu hosp,1,2026-01-03,44,quantile,0.85,416.18832451194623
2025-12-20,wk inc flu hosp,1,2026-01-03,44,quantile,0.9,481.29826241560636
2025-12-20,wk inc flu hosp,1,2026-01-03,44,quantile,0.95,698.3082704676185
2025-12-20,wk inc flu hosp,1,2026-01-03,44,quantile,0.975,774.991118753621
2025-12-20,wk inc flu hosp,1,2026-01-03,44,quantile,0.99,809.285992589832
2025-12-20,wk inc flu hosp,1,2026-01-03,45,quantile,0.01,125.74712719381947
2025-12-20,wk inc flu hosp,1,2026-01-03,45,quantile,0.025,139.53375050978727
2025-12-20,wk inc flu hosp,1,2026-01-03,45,quantile,0.05,167.21629451295485
2025-12-20,wk inc flu hosp,1,2026-01-03,45,quantile,0.1,209.75872026492712
2025-12-20,wk inc flu hosp,1,2026-01-03,45,quantile,0.15,251.18435457069833
2025-12-20,wk inc flu hosp,1,2026-01-03,45,quantile,0.2,282.58965081699216
2025-12-20,wk inc flu hosp,1,2026-01-03,45,quantile,0.25,317.8326398884256
2025-12-20,wk inc flu hosp,1,2026-01-03,45,quantile,0.3,353.59752000278877
2025-12-20,wk inc flu hosp,1,2026-01-03,45,quantile,0.35,386.67035514383605
2025-12-20,wk inc flu hosp,1,2026-01-03,45,quantile,0.4,422.15258944447186
2025-12-20,wk inc flu hosp,1,2026-01-03,45,quantile,0.45,465.5406469800932
2025-12-20,wk inc flu hosp,1,2026-01-03,45,quantile,0.5,536.4004697065143
2025-12-20,wk inc flu hosp,1,2026-01-03,45,quantile,0.55,649.7479989836006
2025-12-20,wk inc flu hosp,1,2026-01-03,45,quantile,0.6,826.2495682514412
2025-12-20,wk inc flu hosp,1,2026-01-03,45,quantile,0.65,987.7825331326541
2025-12-20,wk inc flu hosp,1,2026-01-03,45,quantile,0.7,1168.6762379178706
2025-12-20,wk inc flu hosp,1,2026-01-03,45,quantile,0.75,1259.0232021280744
2025-12-20,wk inc flu hosp,1,2026-01-03,45,quantile,0.8,1362.3666812621298
2025-12-20,wk inc flu hosp,1,2026-01-03,45,quantile,0.85,1582.8729113613178
2025-12-20,wk inc flu hosp,1,2026-01-03,45,quantile,0.9,1837.904962383574
2025-12-20,wk inc flu hosp,1,2026-01-03,45,quantile,0.95,2264.6268990987523
2025-12-20,wk inc flu hosp,1,2026-01-03,45,quantile,0.975,2445.8603156394356
2025-12-20,wk inc flu hosp,1,2026-01-03,45,quantile,0.99,2463.773526391751
2025-12-20,wk inc flu hosp,1,2026-01-03,46,quantile,0.01,4.62176820978652
2025-12-20,wk inc flu hosp,1,2026-01-03,46,quantile,0.025,6.206323417110128
2025-12-20,wk inc flu hosp,1,2026-01-03,46,quantile,0.05,7.724531062191634
2025-12-20,wk inc flu hosp,1,2026-01-03,46,quantile,0.1,11.229303897181909
2025-12-20,wk inc flu hosp,1,2026-01-03,46,quantile,0.15,15.802500121709848
2025-12-20,wk inc flu hosp,1,2026-01-03,46,quantile,0.2,20.721140263850796
2025-12-20,wk inc flu hosp,1,2026-01-03,46,quantile,0.25,24.426508534573653
2025-12-20,wk inc flu hosp,1,2026-01-03,46,quantile,0.3,27.46452020136448
2025-12-20,wk inc flu hosp,1,2026-01-03,46,quantile,0.35,33.984883374578736
2025-12-20,wk inc flu hosp,1,2026-01-03,46,quantile,0.4,41.04505476662831
2025-12-20,wk inc flu hosp,1,2026-01-03,46,quantile,0.45,47.09348778465007
2025-12-20,wk inc flu hosp,1,2026-01-03,46,quantile,0.5,54.61147114493739
2025-12-20,wk inc flu hosp,1,2026-01-03,46,quantile,0.55,61.10852982541567
2025-12-20,wk inc flu hosp,1,2026-01-03,46,quantile,0.6,64.7221574860301
2025-12-20,wk inc flu hosp,1,2026-01-03,46,quantile,0.65,69.32116919702334
2025-12-20,wk inc flu hosp,1,2026-01-03,46,quantile,0.7,74.2020163765401
2025-12-20,wk inc flu hosp,1,2026-01-03,46,quantile,0.75,80.89660895492494
2025-12-20,wk inc flu hosp,1,2026-01-03,46,quantile,0.8,89.07001828269782
2025-12-20,wk inc flu hosp,1,2026-01-03,46,quantile,0.85,102.9859382447901
2025-12-20,wk inc flu hosp,1,2026-01-03,46,quantile,0.9,117.93242909546301
2025-12-20,wk inc flu hosp,1,2026-01-03,46,quantile,0.95,137.08326877065034
2025-12-20,wk inc flu hosp,1,2026-01-03,46,quantile,0.975,154.5590634746719
2025-12-20,wk inc flu hosp,1,2026-01-03,46,quantile,0.99,227.4543003205873
2025-12-20,wk inc flu hosp,1,2026-01-03,47,quantile,0.01,112.20216753278068
2025-12-20,wk inc flu hosp,1,2026-01-03,47,quantile,0.025,132.1946240921459
2025-12-20,wk inc flu hosp,1,2026-01-03,47,quantile,0.05,144.37983769853346
2025-12-20,wk inc flu hosp,1,2026-01-03,47,quantile,0.1,182.55870308493687
2025-12-20,wk inc flu hosp,1,2026-01-03,47,quantile,0.15,206.5867094961493
2025-12-20,wk inc flu hosp,1,2026-01-03,47,quantile,0.2,232.55323982828295
2025-12-20,wk inc flu hosp,1,2026-01-03,47,quantile,0.25,261.71434899967034
2025-12-20,wk inc flu hosp,1,2026-01-03,47,quantile,0.3,295.6542956298558
2025-12-20,wk inc flu hosp,1,2026-01-03,47,quantile,0.35,328.76746107382337
2025-12-20,wk inc flu hosp,1,2026-01-03,47,quantile,0.4,372.60430693269103
2025-12-20,wk inc flu hosp,1,2026-01-03,47,quantile,0.45,420.14830932469073
2025-12-20,wk inc flu hosp,1,2026-01-03,47,quantile,0.5,466.58853535355496
2025-12-20,wk inc flu hosp,1,2026-01-03,47,quantile,0.55,514.8113911773404
2025-12-20,wk inc flu hosp,1,2026-01-03,47,quantile,0.6,557.446022351453
2025-12-20,wk inc flu hosp,1,2026-01-03,47,quantile,0.65,673.5750979228784
2025-12-20,wk inc flu hosp,1,2026-01-03,47,quantile,0.7,819.7493012561272
2025-12-20,wk inc flu hosp,1,2026-01-03,47,quantile,0.75,928.5960318864924
2025-12-20,wk inc flu hosp,1,2026-01-03,47,quantile,0.8,1027.408938877519
2025-12-20,wk inc flu hosp,1,2026-01-03,47,quantile,0.85,1210.8918902819971
2025-12-20,wk inc flu hosp,1,2026-01-03,47,quantile,0.9,1460.9395553205716
2025-12-20,wk inc flu hosp,1,2026-01-03,47,quantile,0.95,1702.091313832847
2025-12-20,wk inc flu hosp,1,2026-01-03,47,quantile,0.975,1847.0962114623765
2025-12-20,wk inc flu hosp,1,2026-01-03,47,quantile,0.99,1965.4011470397613
2025-12-20,wk inc flu hosp,1,2026-01-03,48,quantile,0.01,537.0200392633275
2025-12-20,wk inc flu hosp,1,2026-01-03,48,quantile,0.025,668.1523729245778
2025-12-20,wk inc flu hosp,1,2026-01-03,48,quantile,0.05,868.075108823774
2025-12-20,wk inc flu hosp,1,2026-01-03,48,quantile,0.1,1021.5102978025348
2025-12-20,wk inc flu hosp,1,2026-01-03,48,quantile,0.15,1165.1119121850454
2025-12-20,wk inc flu hosp,1,2026-01-03,48,quantile,0.2,1280.7630496651966
2025-12-20,wk inc flu hosp,1,2026-01-03,48,quantile,0.25,1374.317359292288
2025-12-20,wk inc flu hosp,1,2026-01-03,48,quantile,0.3,1452.370241098511
2025-12-20,wk inc flu hosp,1,2026-01-03,48,quantile,0.35,1568.5755687880521
2025-12-20,wk inc flu hosp,1,2026-01-03,48,quantile,0.4,1672.5507562206164
2025-12-20,wk inc flu hosp,1,2026-01-03,48,quantile,0.45,1757.7229613439451
2025-12-20,wk inc flu hosp,1,2026-01-03,48,quantile,0.5,1841.9726321792973
2025-12-20,wk inc flu hosp,1,2026-01-03,48,quantile,0.55,1910.2080628994215
2025-12-20,wk inc flu hosp,1,2026-01-03,48,quantile,0.6,1969.6934740474078
2025-12-20,wk inc flu hosp,1,2026-01-03,48,quantile,0.65,2112.9851926104534
2025-12-20,wk inc flu hosp,1,2026-01-03,48,quantile,0.7,2356.1583734394503
2025-12-20,wk inc flu hosp,1,2026-01-03,48,quantile,0.75,2569.2589315598552
2025-12-20,wk inc flu hosp,1,2026-01-03,48,quantile,0.8,2755.8314709943284
2025-12-20,wk inc flu hosp,1,2026-01-03,48,quantile,0.85,3051.281526278186
2025-12-20,wk inc flu hosp,1,2026-01-03,48,quantile,0.9,3309.171983391827
2025-12-20,wk inc flu hosp,1,2026-01-03,48,quantile,0.95,4009.0296160831213
2025-12-20,wk inc flu hosp,1,2026-01-03,48,quantile,0.975,4827.619404706502
2025-12-20,wk inc flu hosp,1,2026-01-03,48,quantile,0.99,5575.936810862689
2025-12-20,wk inc flu hosp,1,2026-01-03,49,quantile,0.01,23.05046762213993
2025-12-20,wk inc flu hosp,1,2026-01-03,49,quantile,0.025,33.67369922291955
2025-12-20,wk inc flu hosp,1,2026-01-03,49,quantile,0.05,49.28804629580763
2025-12-20,wk inc flu hosp,1,2026-01-03,49,quantile,0.1,79.39845850333317
2025-12-20,wk inc flu hosp,1,2026-01-03,49,quantile,0.15,98.86070523307711
2025-12-20,wk inc flu hosp,1,2026-01-03,49,quantile,0.2,115.36016524284162
2025-12-20,wk inc flu hosp,1,2026-01-03,49,quantile,0.25,135.55844961510732
2025-12-20,wk inc flu hosp,1,2026-01-03,49,quantile,0.3,149.31416900048197
2025-12-20,wk inc flu hosp,1,2026-01-03,49,quantile,0.35,158.7923880638953
2025-12-20,wk inc flu hosp,1,2026-01-03,49,quantile,0.4,166.11534671351035
2025-12-20,wk inc flu hosp,1,2026-01-03,49,quantile,0.45,171.40105625651833
2025-12-20,wk inc flu hosp,1,2026-01-03,49,quantile,0.5,178.41438891827715
2025-12-20,wk inc flu hosp,1,2026-01-03,49,quantile,0.55,186.69015227320855
2025-12-20,wk inc flu hosp,1,2026-01-03,49,quantile,0.6,198.92106330918514
2025-12-20,wk inc flu hosp,1,2026-01-03,49,quantile,0.65,218.85782732354835
2025-12-20,wk inc flu hosp,1,2026-01-03,49,quantile,0.7,264.08705608117174
2025-12-20,wk inc flu hosp,1,2026-01-03,49,quantile,0.75,317.96428183341845
2025-12-20,wk inc flu hosp,1,2026-01-03,49,quantile,0.8,388.7391078959292
2025-12-20,wk inc flu hosp,1,2026-01-03,49,quantile,0.85,446.64147192313567
2025-12-20,wk inc flu hosp,1,2026-01-03,49,quantile,0.9,508.2751911152288
2025-12-20,wk inc flu hosp,1,2026-01-03,49,quantile,0.95,593.5470036512988
2025-12-20,wk inc flu hosp,1,2026-01-03,49,quantile,0.975,622.1729773275637
2025-12-20,wk inc flu hosp,1,2026-01-03,49,quantile,0.99,780.3698972555114
2025-12-20,wk inc flu hosp,1,2026-01-03,50,quantile,0.01,1.4255114813839707
2025-12-20,wk inc flu hosp,1,2026-01-03,50,quantile,0.025,2.074652299958273
2025-12-20,wk inc flu hosp,1,2026-01-03,50,quantile,0.05,2.348261456074473
2025-12-20,wk inc flu hosp,1,2026-01-03,50,quantile,0.1,3.8017633552267154
2025-12-20,wk inc flu hosp,1,2026-01-03,50,quantile,0.15,5.7617554661773935
2025-12-20,wk inc flu hosp,1,2026-01-03,50,quantile,0.2,7.721866695630871
2025-12-20,wk inc flu hosp,1,2026-01-03,50,quantile,0.25,9.176869092146562
2025-12-20,wk inc flu hosp,1,2026-01-03,50,quantile,0.3,10.611836537952286
2025-12-20,wk inc flu hosp,1,2026-01-03,50,quantile,0.35,12.14767758719933
2025-12-20,wk inc flu hosp,1,2026-01-03,50,quantile,0.4,13.902948873504837
2025-12-20,wk inc flu hosp,1,2026-01-03,50,quantile,0.45,15.666676064498628
2025-12-20,wk inc flu hosp,1,2026-01-03,50,quantile,0.5,17.20463373216881
2025-12-20,wk inc flu hosp,1,2026-01-03,50,quantile,0.55,19.336777970777607
2025-12-20,wk inc flu hosp,1,2026-01-03,50,quantile,0.6,21.58445321482877
2025-12-20,wk inc flu hosp,1,2026-01-03,50,quantile,0.65,24.80647215610648
2025-12-20,wk inc flu hosp,1,2026-01-03,50,quantile,0.7,26.654334518577272
2025-12-20,wk inc flu hosp,1,2026-01-03,50,quantile,0.75,29.311065495906643
2025-12-20,wk inc flu hosp,1,2026-01-03,50,quantile,0.8,35.59676212610383
2025-12-20,wk inc flu hosp,1,2026-01-03,50,quantile,0.85,38.79170760493015
2025-12-20,wk inc flu hosp,1,2026-01-03,50,quantile,0.9,46.259418003332556
2025-12-20,wk inc flu hosp,1,2026-01-03,50,quantile,0.95,53.57500370680009
2025-12-20,wk inc flu hosp,1,2026-01-03,50,quantile,0.975,59.94028556312482
2025-12-20,wk inc flu hosp,1,2026-01-03,50,quantile,0.99,67.25878698419113
2025-12-20,wk inc flu hosp,1,2026-01-03,51,quantile,0.01,149.9561109844558
2025-12-20,wk inc flu hosp,1,2026-01-03,51,quantile,0.025,184.9364091020586
2025-12-20,wk inc flu hosp,1,2026-01-03,51,quantile,0.05,209.44916898942125
2025-12-20,wk inc flu hosp,1,2026-01-03,51,quantile,0.1,244.72607717536468
2025-12-20,wk inc flu hosp,1,2026-01-03,51,quantile,0.15,284.3550254351189
2025-12-20,wk inc flu hosp,1,2026-01-03,51,quantile,0.2,319.6838646291281
2025-12-20,wk inc flu hosp,1,2026-01-03,51,quantile,0.25,350.6094646276701
2025-12-20,wk inc flu hosp,1,2026-01-03,51,quantile,0.3,377.6924121369481
2025-12-20,wk inc flu hosp,1,2026-01-03,51,quantile,0.35,413.77547586195135
2025-12-20,wk inc flu hosp,1,2026-01-03,51,quantile,0.4,451.3388389493866
2025-12-20,wk inc flu hosp,1,2026-01-03,51,quantile,0.45,490.07959852610963
2025-12-20,wk inc flu hosp,1,2026-01-03,51,quantile,0.5,523.1416133571004
2025-12-20,wk inc flu hosp,1,2026-01-03,51,quantile,0.55,574.4463014505474
2025-12-20,wk inc flu hosp,1,2026-01-03,51,quantile,0.6,606.8937330431105
2025-12-20,wk inc flu hosp,1,2026-01-03,51,quantile,0.65,660.5712492041401
2025-12-20,wk inc flu hosp,1,2026-01-03,51,quantile,0.7,719.7300769646887
2025-12-20,wk inc flu hosp,1,2026-01-03,51,quantile,0.75,772.4485096488525
2025-12-20,wk inc flu hosp,1,2026-01-03,51,quantile,0.8,861.0080186738304
2025-12-20,wk inc flu hosp,1,2026-01-03,51,quantile,0.85,1018.2674500407132
2025-12-20,wk inc flu hosp,1,2026-01-03,51,quantile,0.9,1068.6830756818806
2025-12-20,wk inc flu hosp,1,2026-01-03,51,quantile,0.95,1260.6708675420275
2025-12-20,wk inc flu hosp,1,2026-01-03,51,quantile,0.975,1553.448740354777
2025-12-20,wk inc flu hosp,1,2026-01-03,51,quantile,0.99,1629.8542347872703
2025-12-20,wk inc flu hosp,1,2026-01-03,53,quantile,0.01,41.11464123278389
2025-12-20,wk inc flu hosp,1,2026-01-03,53,quantile,0.025,59.43329480517603
2025-12-20,wk inc flu hosp,1,2026-01-03,53,quantile,0.05,77.43926529894489
2025-12-20,wk inc flu hosp,1,2026-01-03,53,quantile,0.1,98.81781737648387
2025-12-20,wk inc flu hosp,1,2026-01-03,53,quantile,0.15,118.93945351253576
2025-12-20,wk inc flu hosp,1,2026-01-03,53,quantile,0.2,136.35487436680793
2025-12-20,wk inc flu hosp,1,2026-01-03,53,quantile,0.25,153.89525805387314
2025-12-20,wk inc flu hosp,1,2026-01-03,53,quantile,0.3,171.19617100900345
2025-12-20,wk inc flu hosp,1,2026-01-03,53,quantile,0.35,187.58802831910225
2025-12-20,wk inc flu hosp,1,2026-01-03,53,quantile,0.4,202.1325660018613
2025-12-20,wk inc flu hosp,1,2026-01-03,53,quantile,0.45,217.61711694947832
2025-12-20,wk inc flu hosp,1,2026-01-03,53,quantile,0.5,234.53206891221467
2025-12-20,wk inc flu hosp,1,2026-01-03,53,quantile,0.55,244.49664324130384
2025-12-20,wk inc flu hosp,1,2026-01-03,53,quantile,0.6,254.52737844499615
2025-12-20,wk inc flu hosp,1,2026-01-03,53,quantile,0.65,268.51435508936765
2025-12-20,wk inc flu hosp,1,2026-01-03,53,quantile,0.7,290.9117488856063
2025-12-20,wk inc flu hosp,1,2026-01-03,53,quantile,0.75,312.6256168238377
2025-12-20,wk inc flu hosp,1,2026-01-03,53,quantile,0.8,335.5504811545812
2025-12-20,wk inc flu hosp,1,2026-01-03,53,quantile,0.85,362.91769009896115
2025-12-20,wk inc flu hosp,1,2026-01-03,53,quantile,0.9,422.39887715964727
2025-12-20,wk inc flu hosp,1,2026-01-03,53,quantile,0.95,574.5281103598786
2025-12-20,wk inc flu hosp,1,2026-01-03,53,quantile,0.975,636.5937085062362
2025-12-20,wk inc flu hosp,1,2026-01-03,53,quantile,0.99,774.4119899611411
2025-12-20,wk inc flu hosp,1,2026-01-03,54,quantile,0.01,19.296862863678502
2025-12-20,wk inc flu hosp,1,2026-01-03,54,quantile,0.025,25.456038386132434
2025-12-20,wk inc flu hosp,1,2026-01-03,54,quantile,0.05,32.611398059847204
2025-12-20,wk inc flu hosp,1,2026-01-03,54,quantile,0.1,46.42863390187791
2025-12-20,wk inc flu hosp,1,2026-01-03,54,quantile,0.15,62.660130979261304
2025-12-20,wk inc flu hosp,1,2026-01-03,54,quantile,0.2,75.1801891099796
2025-12-20,wk inc flu hosp,1,2026-01-03,54,quantile,0.25,86.05745763039597
2025-12-20,wk inc flu hosp,1,2026-01-03,54,quantile,0.3,94.03127035349455
2025-12-20,wk inc flu hosp,1,2026-01-03,54,quantile,0.35,103.59858191658768
2025-12-20,wk inc flu hosp,1,2026-01-03,54,quantile,0.4,114.86066944505637
2025-12-20,wk inc flu hosp,1,2026-01-03,54,quantile,0.45,126.97558710198233
2025-12-20,wk inc flu hosp,1,2026-01-03,54,quantile,0.5,146.23166176643954
2025-12-20,wk inc flu hosp,1,2026-01-03,54,quantile,0.55,168.94594266821764
2025-12-20,wk inc flu hosp,1,2026-01-03,54,quantile,0.6,182.29449883982403
2025-12-20,wk inc flu hosp,1,2026-01-03,54,quantile,0.65,217.24887866961262
2025-12-20,wk inc flu hosp,1,2026-01-03,54,quantile,0.7,251.6691314959916
2025-12-20,wk inc flu hosp,1,2026-01-03,54,quantile,0.75,282.54749846528375
2025-12-20,wk inc flu hosp,1,2026-01-03,54,quantile,0.8,332.0615006032169
2025-12-20,wk inc flu hosp,1,2026-01-03,54,quantile,0.85,393.00111207522576
2025-12-20,wk inc flu hosp,1,2026-01-03,54,quantile,0.9,439.65130973364046
2025-12-20,wk inc flu hosp,1,2026-01-03,54,quantile,0.95,472.9451406603543
2025-12-20,wk inc flu hosp,1,2026-01-03,54,quantile,0.975,524.8725263185916
2025-12-20,wk inc flu hosp,1,2026-01-03,54,quantile,0.99,570.0647380616692
2025-12-20,wk inc flu hosp,1,2026-01-03,55,quantile,0.01,56.79640172985202
2025-12-20,wk inc flu hosp,1,2026-01-03,55,quantile,0.025,92.95034503567241
2025-12-20,wk inc flu hosp,1,2026-01-03,55,quantile,0.05,104.95680849416271
2025-12-20,wk inc flu hosp,1,2026-01-03,55,quantile,0.1,138.21817469101933
2025-12-20,wk inc flu hosp,1,2026-01-03,55,quantile,0.15,182.40104191011042
2025-12-20,wk inc flu hosp,1,2026-01-03,55,quantile,0.2,229.59308389267625
2025-12-20,wk inc flu hosp,1,2026-01-03,55,quantile,0.25,265.0019087605011
2025-12-20,wk inc flu hosp,1,2026-01-03,55,quantile,0.3,303.2665472645113
2025-12-20,wk inc flu hosp,1,2026-01-03,55,quantile,0.35,341.31223820256577
2025-12-20,wk inc flu hosp,1,2026-01-03,55,quantile,0.4,376.2909657499103
2025-12-20,wk inc flu hosp,1,2026-01-03,55,quantile,0.45,418.4420209640224
2025-12-20,wk inc flu hosp,1,2026-01-03,55,quantile,0.5,472.85758374553086
2025-12-20,wk inc flu hosp,1,2026-01-03,55,quantile,0.55,540.828151868939
2025-12-20,wk inc flu hosp,1,2026-01-03,55,quantile,0.6,584.442471560051
2025-12-20,wk inc flu hosp,1,2026-01-03,55,quantile,0.65,636.1817318393739
2025-12-20,wk inc flu hosp,1,2026-01-03,55,quantile,0.7,697.1994671195075
2025-12-20,wk inc flu hosp,1,2026-01-03,55,quantile,0.75,804.70827784529
2025-12-20,wk inc flu hosp,1,2026-01-03,55,quantile,0.8,916.7186860243713
2025-12-20,wk inc flu hosp,1,2026-01-03,55,quantile,0.85,1058.3456301333485
2025-12-20,wk inc flu hosp,1,2026-01-03,55,quantile,0.9,1204.9970078533513
2025-12-20,wk inc flu hosp,1,2026-01-03,55,quantile,0.95,1447.4670815402617
2025-12-20,wk inc flu hosp,1,2026-01-03,55,quantile,0.975,1564.1018151117814
2025-12-20,wk inc flu hosp,1,2026-01-03,55,quantile,0.99,1574.4634606668485
2025-12-20,wk inc flu hosp,1,2026-01-03,56,quantile,0.01,6.208214139860233
2025-12-20,wk inc flu hosp,1,2026-01-03,56,quantile,0.025,8.381554047697183
2025-12-20,wk inc flu hosp,1,2026-01-03,56,quantile,0.05,11.062401161074291
2025-12-20,wk inc flu hosp,1,2026-01-03,56,quantile,0.1,15.598760837823361
2025-12-20,wk inc flu hosp,1,2026-01-03,56,quantile,0.15,21.39432839078033
2025-12-20,wk inc flu hosp,1,2026-01-03,56,quantile,0.2,27.018755703452566
2025-12-20,wk inc flu hosp,1,2026-01-03,56,quantile,0.25,30.529971633404386
2025-12-20,wk inc flu hosp,1,2026-01-03,56,quantile,0.3,35.40705880836095
2025-12-20,wk inc flu hosp,1,2026-01-03,56,quantile,0.35,39.648945900485664
2025-12-20,wk inc flu hosp,1,2026-01-03,56,quantile,0.4,43.59445395866025
2025-12-20,wk inc flu hosp,1,2026-01-03,56,quantile,0.45,48.305574897765446
2025-12-20,wk inc flu hosp,1,2026-01-03,56,quantile,0.5,53.35849075194915
2025-12-20,wk inc flu hosp,1,2026-01-03,56,quantile,0.55,58.92035019378452
2025-12-20,wk inc flu hosp,1,2026-01-03,56,quantile,0.6,65.45207424840663
2025-12-20,wk inc flu hosp,1,2026-01-03,56,quantile,0.65,72.89949450768762
2025-12-20,wk inc flu hosp,1,2026-01-03,56,quantile,0.7,79.6375669314358
2025-12-20,wk inc flu hosp,1,2026-01-03,56,quantile,0.75,84.5763533723262
2025-12-20,wk inc flu hosp,1,2026-01-03,56,quantile,0.8,95.97822182198115
2025-12-20,wk inc flu hosp,1,2026-01-03,56,quantile,0.85,108.11163251894034
2025-12-20,wk inc flu hosp,1,2026-01-03,56,quantile,0.9,131.95907685454225
2025-12-20,wk inc flu hosp,1,2026-01-03,56,quantile,0.95,154.52619528892248
2025-12-20,wk inc flu hosp,1,2026-01-03,56,quantile,0.975,181.55468980805787
2025-12-20,wk inc flu hosp,1,2026-01-03,56,quantile,0.99,207.87397070545813
2025-12-20,wk inc flu hosp,1,2026-01-03,72,quantile,0.01,58.82159093163379
2025-12-20,wk inc flu hosp,1,2026-01-03,72,quantile,0.025,94.67801769714485
2025-12-20,wk inc flu hosp,1,2026-01-03,72,quantile,0.05,103.99810923529525
2025-12-20,wk inc flu hosp,1,2026-01-03,72,quantile,0.1,153.00623285635555
2025-12-20,wk inc flu hosp,1,2026-01-03,72,quantile,0.15,177.17318653797503
2025-12-20,wk inc flu hosp,1,2026-01-03,72,quantile,0.2,198.9307718519979
2025-12-20,wk inc flu hosp,1,2026-01-03,72,quantile,0.25,216.03713806972084
2025-12-20,wk inc flu hosp,1,2026-01-03,72,quantile,0.3,240.07481828285793
2025-12-20,wk inc flu hosp,1,2026-01-03,72,quantile,0.35,264.477311075177
2025-12-20,wk inc flu hosp,1,2026-01-03,72,quantile,0.4,289.86694777473747
2025-12-20,wk inc flu hosp,1,2026-01-03,72,quantile,0.45,310.6089302891281
2025-12-20,wk inc flu hosp,1,2026-01-03,72,quantile,0.5,337.5514824151153
2025-12-20,wk inc flu hosp,1,2026-01-03,72,quantile,0.55,373.7880124927135
2025-12-20,wk inc flu hosp,1,2026-01-03,72,quantile,0.6,411.2346291823394
2025-12-20,wk inc flu hosp,1,2026-01-03,72,quantile,0.65,445.70110108453457
2025-12-20,wk inc flu hosp,1,2026-01-03,72,quantile,0.7,483.5129708880617
2025-12-20,wk inc flu hosp,1,2026-01-03,72,quantile,0.75,528.670139523364
2025-12-20,wk inc flu hosp,1,2026-01-03,72,quantile,0.8,592.0812039417688
2025-12-20,wk inc flu hosp,1,2026-01-03,72,quantile,0.85,631.7823920832388
2025-12-20,wk inc flu hosp,1,2026-01-03,72,quantile,0.9,681.6941180567178
2025-12-20,wk inc flu hosp,1,2026-01-03,72,quantile,0.95,823.877109422171
2025-12-20,wk inc flu hosp,1,2026-01-03,72,quantile,0.975,985.7330534825389
2025-12-20,wk inc flu hosp,1,2026-01-03,72,quantile,0.99,1094.300708647074
2025-12-20,wk inc flu hosp,1,2026-01-03,US,quantile,0.01,4990.891363587309
2025-12-20,wk inc flu hosp,1,2026-01-03,US,quantile,0.025,8994.476692082126
2025-12-20,wk inc flu hosp,1,2026-01-03,US,quantile,0.05,10700.702535574963
2025-12-20,wk inc flu hosp,1,2026-01-03,US,quantile,0.1,13471.476248571022
2025-12-20,wk inc flu hosp,1,2026-01-03,US,quantile,0.15,15120.662736397688
2025-12-20,wk inc flu hosp,1,2026-01-03,US,quantile,0.2,16753.38173713231
2025-12-20,wk inc flu hosp,1,2026-01-03,US,quantile,0.25,18767.95999515442
2025-12-20,wk inc flu hosp,1,2026-01-03,US,quantile,0.3,20853.3979245547
2025-12-20,wk inc flu hosp,1,2026-01-03,US,quantile,0.35,22956.349711942683
2025-12-20,wk inc flu hosp,1,2026-01-03,US,quantile,0.4,24950.779003775526
2025-12-20,wk inc flu hosp,1,2026-01-03,US,quantile,0.45,27618.367359876618
2025-12-20,wk inc flu hosp,1,2026-01-03,US,quantile,0.5,29359.416204167144
2025-12-20,wk inc flu hosp,1,2026-01-03,US,quantile,0.55,31136.925821987246
2025-12-20,wk inc flu hosp,1,2026-01-03,US,quantile,0.6,33063.578736219686
2025-12-20,wk inc flu hosp,1,2026-01-03,US,quantile,0.65,35999.62296661996
2025-12-20,wk inc flu hosp,1,2026-01-03,US,quantile,0.7,37689.55794665385
2025-12-20,wk inc flu hosp,1,2026-01-03,US,quantile,0.75,41488.346813150725
2025-12-20,wk inc flu hosp,1,2026-01-03,US,quantile,0.8,44554.79409836829
2025-12-20,wk inc flu hosp,1,2026-01-03,US,quantile,0.85,50531.9825185494
2025-12-20,wk inc flu hosp,1,2026-01-03,US,quantile,0.9,58023.676231249345
2025-12-20,wk inc flu hosp,1,2026-01-03,US,quantile,0.95,63310.147789533636
2025-12-20,wk inc flu hosp,1,2026-01-03,US,quantile,0.975,79004.02874694193
2025-12-20,wk inc flu hosp,1,2026-01-03,US,quantile,0.99,91855.33250079598
2025-12-20,wk inc flu hosp,2,2026-01-10,01,quantile,0.01,49.13340155060054
2025-12-20,wk inc flu hosp,2,2026-01-10,01,quantile,0.025,59.5214753736404
2025-12-20,wk inc flu hosp,2,2026-01-10,01,quantile,0.05,76.33331829400295
2025-12-20,wk inc flu hosp,2,2026-01-10,01,quantile,0.1,105.99085981599943
2025-12-20,wk inc flu hosp,2,2026-01-10,01,quantile,0.15,130.11131504739882
2025-12-20,wk inc flu hosp,2,2026-01-10,01,quantile,0.2,154.42820408159335
2025-12-20,wk inc flu hosp,2,2026-01-10,01,quantile,0.25,180.81373495528086
2025-12-20,wk inc flu hosp,2,2026-01-10,01,quantile,0.3,206.15739786842698
2025-12-20,wk inc flu hosp,2,2026-01-10,01,quantile,0.35,230.91982870211763
2025-12-20,wk inc flu hosp,2,2026-01-10,01,quantile,0.4,251.2526289591901
2025-12-20,wk inc flu hosp,2,2026-01-10,01,quantile,0.45,275.4271321778495
2025-12-20,wk inc flu hosp,2,2026-01-10,01,quantile,0.5,298.71743390540297
2025-12-20,wk inc flu hosp,2,2026-01-10,01,quantile,0.55,322.85632333816557
2025-12-20,wk inc flu hosp,2,2026-01-10,01,quantile,0.6,356.0101776745915
2025-12-20,wk inc flu hosp,2,2026-01-10,01,quantile,0.65,378.9065610610839
2025-12-20,wk inc flu hosp,2,2026-01-10,01,quantile,0.7,409.24860616103524
2025-12-20,wk inc flu hosp,2,2026-01-10,01,quantile,0.75,473.075206639713
2025-12-20,wk inc flu hosp,2,2026-01-10,01,quantile,0.8,526.9468762547056
2025-12-20,wk inc flu hosp,2,2026-01-10,01,quantile,0.85,588.4662925893623
2025-12-20,wk inc flu hosp,2,2026-01-10,01,quantile,0.9,668.2885710175208
2025-12-20,wk inc flu hosp,2,2026-01-10,01,quantile,0.95,957.9423428974993
2025-12-20,wk inc flu hosp,2,2026-01-10,01,quantile,0.975,1102.8765536011272
2025-12-20,wk inc flu hosp,2,2026-01-10,01,quantile,0.99,1138.1657064894728
2025-12-20,wk inc flu hosp,2,2026-01-10,02,quantile,0.01,4.676349649234147
2025-12-20,wk inc flu hosp,2,2026-01-10,02,quantile,0.025,7.550664836830963
2025-12-20,wk inc flu hosp,2,2026-01-10,02,quantile,0.05,10.843533247746954
2025-12-20,wk inc flu hosp,2,2026-01-10,02,quantile,0.1,15.304937594322647
2025-12-20,wk inc flu hosp,2,2026-01-10,02,quantile,0.15,18.773790756131906
2025-12-20,wk inc flu hosp,2,2026-01-10,02,quantile,0.2,21.474295019706744
2025-12-20,wk inc flu hosp,2,2026-01-10,02,quantile,0.25,23.48549508826242
2025-12-20,wk inc flu hosp,2,2026-01-10,02,quantile,0.3,25.399832702610063
2025-12-20,wk inc flu hosp,2,2026-01-10,02,quantile,0.35,26.8055462063895
2025-12-20,wk inc flu hosp,2,2026-01-10,02,quantile,0.4,28.73143749411126
2025-12-20,wk inc flu hosp,2,2026-01-10,02,quantile,0.45,31.649302072239813
2025-12-20,wk inc flu hosp,2,2026-01-10,02,quantile,0.5,35.85969070178703
2025-12-20,wk inc flu hosp,2,2026-01-10,02,quantile,0.55,41.31003790573123
2025-12-20,wk inc flu hosp,2,2026-01-10,02,quantile,0.6,46.593103348942016
2025-12-20,wk inc flu hosp,2,2026-01-10,02,quantile,0.65,53.22467072196037
2025-12-20,wk inc flu hosp,2,2026-01-10,02,quantile,0.7,62.056268409134084
2025-12-20,wk inc flu hosp,2,2026-01-10,02,quantile,0.75,79.67978775707003
2025-12-20,wk inc flu hosp,2,2026-01-10,02,quantile,0.8,95.50751440318557
2025-12-20,wk inc flu hosp,2,2026-01-10,02,quantile,0.85,110.77437329032597
2025-12-20,wk inc flu hosp,2,2026-01-10,02,quantile,0.9,115.47554115021252
2025-12-20,wk inc flu hosp,2,2026-01-10,02,quantile,0.95,122.90708016938265
2025-12-20,wk inc flu hosp,2,2026-01-10,02,quantile,0.975,142.22646490329174
2025-12-20,wk inc flu hosp,2,2026-01-10,02,quantile,0.99,167.3624097515138
2025-12-20,wk inc flu hosp,2,2026-01-10,04,quantile,0.01,32.88149728489778
2025-12-20,wk inc flu hosp,2,2026-01-10,04,quantile,0.025,43.629158330666115
2025-12-20,wk inc flu hosp,2,2026-01-10,04,quantile,0.05,50.38838431401888
2025-12-20,wk inc flu hosp,2,2026-01-10,04,quantile,0.1,78.1286361160162
2025-12-20,wk inc flu hosp,2,2026-01-10,04,quantile,0.15,93.4534987633487
2025-12-20,wk inc flu hosp,2,2026-01-10,04,quantile,0.2,102.6117897765823
2025-12-20,wk inc flu hosp,2,2026-01-10,04,quantile,0.25,119.5601121248799
2025-12-20,wk inc flu hosp,2,2026-01-10,04,quantile,0.3,136.442979257806
2025-12-20,wk inc flu hosp,2,2026-01-10,04,quantile,0.35,152.60211596096096
2025-12-20,wk inc flu hosp,2,2026-01-10,04,quantile,0.4,173.12390142073428
2025-12-20,wk inc flu hosp,2,2026-01-10,04,quantile,0.45,186.54624893989808
2025-12-20,wk inc flu hosp,2,2026-01-10,04,quantile,0.5,199.24219269954597
2025-12-20,wk inc flu hosp,2,2026-01-10,04,quantile,0.55,214.03834644923458
2025-12-20,wk inc flu hosp,2,2026-01-10,04,quantile,0.6,233.79833070812103
2025-12-20,wk inc flu hosp,2,2026-01-10,04,quantile,0.65,257.7177936859858
2025-12-20,wk inc flu hosp,2,2026-01-10,04,quantile,0.7,289.3759526643787
2025-12-20,wk inc flu hosp,2,2026-01-10,04,quantile,0.75,334.6082549583188
2025-12-20,wk inc flu hosp,2,2026-01-10,04,quantile,0.8,391.92460341467944
2025-12-20,wk inc flu hosp,2,2026-01-10,04,quantile,0.85,452.05818557826086
2025-12-20,wk inc flu hosp,2,2026-01-10,04,quantile,0.9,602.835612096875
2025-12-20,wk inc flu hosp,2,2026-01-10,04,quantile,0.95,736.2528420215278
2025-12-20,wk inc flu hosp,2,2026-01-10,04,quantile,0.975,770.730022653301
2025-12-20,wk inc flu hosp,2,2026-01-10,04,quantile,0.99,775.0944429778264
2025-12-20,wk inc flu hosp,2,2026-01-10,05,quantile,0.01,29.268198966861906
2025-12-20,wk inc flu hosp,2,2026-01-10,05,quantile,0.025,42.15352777981585
2025-12-20,wk inc flu hosp,2,2026-01-10,05,quantile,0.05,57.62713114211296
2025-12-20,wk inc flu hosp,2,2026-01-10,05,quantile,0.1,93.34437463225723
2025-12-20,wk inc flu hosp,2,2026-01-10,05,quantile,0.15,113.45560165991789
2025-12-20,wk inc flu hosp,2,2026-01-10,05,quantile,0.2,133.29808548086126
2025-12-20,wk inc flu hosp,2,2026-01-10,05,quantile,0.25,150.46535490059733
2025-12-20,wk inc flu hosp,2,2026-01-10,05,quantile,0.3,165.79601518424337
2025-12-20,wk inc flu hosp,2,2026-01-10,05,quantile,0.35,185.88376765158003
2025-12-20,wk inc flu hosp,2,2026-01-10,05,quantile,0.4,209.95484806478987
2025-12-20,wk inc flu hosp,2,2026-01-10,05,quantile,0.45,239.90609393007202
2025-12-20,wk inc flu hosp,2,2026-01-10,05,quantile,0.5,264.99531944689977
2025-12-20,wk inc flu hosp,2,2026-01-10,05,quantile,0.55,297.4504939770544
2025-12-20,wk inc flu hosp,2,2026-01-10,05,quantile,0.6,351.3031669311944
2025-12-20,wk inc flu hosp,2,2026-01-10,05,quantile,0.65,400.8182541865671
2025-12-20,wk inc flu hosp,2,2026-01-10,05,quantile,0.7,433.6257771511747
2025-12-20,wk inc flu hosp,2,2026-01-10,05,quantile,0.75,506.1966607825101
2025-12-20,wk inc flu hosp,2,2026-01-10,05,quantile,0.8,590.0127542252276
2025-12-20,wk inc flu hosp,2,2026-01-10,05,quantile,0.85,646.9304166321748
2025-12-20,wk inc flu hosp,2,2026-01-10,05,quantile,0.9,682.2491515769345
2025-12-20,wk inc flu hosp,2,2026-01-10,05,quantile,0.95,765.029634005334
2025-12-20,wk inc flu hosp,2,2026-01-10,05,quantile,0.975,898.5558961711267
2025-12-20,wk inc flu hosp,2,2026-01-10,05,quantile,0.99,1018.5995864022645
2025-12-20,wk inc flu hosp,2,2026-01-10,06,quantile,0.01,196.65683676024926
2025-12-20,wk inc flu hosp,2,2026-01-10,06,quantile,0.025,276.7911066204151
2025-12-20,wk inc flu hosp,2,2026-01-10,06,quantile,0.05,352.37986534561804
2025-12-20,wk inc flu hosp,2,2026-01-10,06,quantile,0.1,469.86099687074557
2025-12-20,wk inc flu hosp,2,2026-01-10,06,quantile,0.15,546.3174579649788
2025-12-20,wk inc flu hosp,2,2026-01-10,06,quantile,0.2,676.4171449869672
2025-12-20,wk inc flu hosp,2,2026-01-10,06,quantile,0.25,780.7331440323505
2025-12-20,wk inc flu hosp,2,2026-01-10,06,quantile,0.3,867.27863439238
2025-12-20,wk inc flu hosp,2,2026-01-10,06,quantile,0.35,952.4294651375144
2025-12-20,wk inc flu hosp,2,2026-01-10,06,quantile,0.4,1048.28383695895
2025-12-20,wk inc flu hosp,2,2026-01-10,06,quantile,0.45,1168.9374719587183
2025-12-20,wk inc flu hosp,2,2026-01-10,06,quantile,0.5,1272.133144552958
2025-12-20,wk inc flu hosp,2,2026-01-10,06,quantile,0.55,1388.2573817307448
2025-12-20,wk inc flu hosp,2,2026-01-10,06,quantile,0.6,1507.4722703194936
2025-12-20,wk inc flu hosp,2,2026-01-10,06,quantile,0.65,1616.5560734637395
2025-12-20,wk inc flu hosp,2,2026-01-10,06,quantile,0.7,1755.2852388511023
2025-12-20,wk inc flu hosp,2,2026-01-10,06,quantile,0.75,1998.7701696050465
2025-12-20,wk inc flu hosp,2,2026-01-10,06,quantile,0.8,2343.3342471077567
2025-12-20,wk inc flu hosp,2,2026-01-10,06,quantile,0.85,2519.760315873163
2025-12-20,wk inc flu hosp,2,2026-01-10,06,quantile,0.9,2873.761184199654
2025-12-20,wk inc flu hosp,2,2026-01-10,06,quantile,0.95,3362.9220480032486
2025-12-20,wk inc flu hosp,2,2026-01-10,06,quantile,0.975,3595.4634325387133
2025-12-20,wk inc flu hosp,2,2026-01-10,06,quantile,0.99,3676.4999765480406
2025-12-20,wk inc flu hosp,2,2026-01-10,08,quantile,0.01,84.8341865364663
2025-12-20,wk inc flu hosp,2,2026-01-10,08,quantile,0.025,123.1259838188074
2025-12-20,wk inc flu hosp,2,2026-01-10,08,quantile,0.05,155.87084788471145
2025-12-20,wk inc flu hosp,2,2026-01-10,08,quantile,0.1,211.33742560498342
2025-12-20,wk inc flu hosp,2,2026-01-10,08,quantile,0.15,250.2825276590386
2025-12-20,wk inc flu hosp,2,2026-01-10,08,quantile,0.2,286.99873023269544
2025-12-20,wk inc flu hosp,2,2026-01-10,08,quantile,0.25,321.18534878428676
2025-12-20,wk inc flu hosp,2,2026-01-10,08,quantile,0.3,357.06048447404726
2025-12-20,wk inc flu hosp,2,2026-01-10,08,quantile,0.35,393.5871534706164
2025-12-20,wk inc flu hosp,2,2026-01-10,08,quantile,0.4,438.2941718273156
2025-12-20,wk inc flu hosp,2,2026-01-10,08,quantile,0.45,491.55388421806066
2025-12-20,wk inc flu hosp,2,2026-01-10,08,quantile,0.5,557.3990683568311
2025-12-20,wk inc flu hosp,2,2026-01-10,08,quantile,0.55,650.0117954564039
2025-12-20,wk inc flu hosp,2,2026-01-10,08,quantile,0.6,788.9225870674437
2025-12-20,wk inc flu hosp,2,2026-01-10,08,quantile,0.65,940.9337469256567
2025-12-20,wk inc flu hosp,2,2026-01-10,08,quantile,0.7,1157.5757141663544
2025-12-20,wk inc flu hosp,2,2026-01-10,08,quantile,0.75,1278.6181006342183
2025-12-20,wk inc flu hosp,2,2026-01-10,08,quantile,0.8,1455.8479895885102
2025-12-20,wk inc flu hosp,2,2026-01-10,08,quantile,0.85,1637.855548410236
2025-12-20,wk inc flu hosp,2,2026-01-10,08,quantile,0.9,1986.1009060093152
2025-12-20,wk inc flu hosp,2,2026-01-10,08,quantile,0.95,2651.6159476124826
2025-12-20,wk inc flu hosp,2,2026-01-10,08,quantile,0.975,2779.165691568621
2025-12-20,wk inc flu hosp,2,2026-01-10,08,quantile,0.99,2875.127406501422
2025-12-20,wk inc flu hosp,2,2026-01-10,09,quantile,0.01,79.42016496182933
2025-12-20,wk inc flu hosp,2,2026-01-10,09,quantile,0.025,93.80218904017659
2025-12-20,wk inc flu hosp,2,2026-01-10,09,quantile,0.05,118.64597044271318
2025-12-20,wk inc flu hosp,2,2026-01-10,09,quantile,0.1,150.74576206026435
2025-12-20,wk inc flu hosp,2,2026-01-10,09,quantile,0.15,172.59349288185254
2025-12-20,wk inc flu hosp,2,2026-01-10,09,quantile,0.2,193.02770494889586
2025-12-20,wk inc flu hosp,2,2026-01-10,09,quantile,0.25,214.87877382522782
2025-12-20,wk inc flu hosp,2,2026-01-10,09,quantile,0.3,239.31962246188863
2025-12-20,wk inc flu hosp,2,2026-01-10,09,quantile,0.35,266.61493966199413
2025-12-20,wk inc flu hosp,2,2026-01-10,09,quantile,0.4,295.9522244269517
2025-12-20,wk inc flu hosp,2,2026-01-10,09,quantile,0.45,320.67935276569256
2025-12-20,wk inc flu hosp,2,2026-01-10,09,quantile,0.5,363.238968091197
2025-12-20,wk inc flu hosp,2,2026-01-10,09,quantile,0.55,425.4817063562505
2025-12-20,wk inc flu hosp,2,2026-01-10,09,quantile,0.6,533.2200634871756
2025-12-20,wk inc flu hosp,2,2026-01-10,09,quantile,0.65,673.1714736306224
2025-12-20,wk inc flu hosp,2,2026-01-10,09,quantile,0.7,843.824567646706
2025-12-20,wk inc flu hosp,2,2026-01-10,09,quantile,0.75,964.9992753420487
2025-12-20,wk inc flu hosp,2,2026-01-10,09,quantile,0.8,1175.7528779712645
2025-12-20,wk inc flu hosp,2,2026-01-10,09,quantile,0.85,1466.59368809381
2025-12-20,wk inc flu hosp,2,2026-01-10,09,quantile,0.9,1745.004973390293
2025-12-20,wk inc flu hosp,2,2026-01-10,09,quantile,0.95,2819.4966161706852
2025-12-20,wk inc flu hosp,2,2026-01-10,09,quantile,0.975,2989.927047572019
2025-12-20,wk inc flu hosp,2,2026-01-10,09,quantile,0.99,3067.6495363776
2025-12-20,wk inc flu hosp,2,2026-01-10,10,quantile,0.01,8.702395408132398
2025-12-20,wk inc flu hosp,2,2026-01-10,10,quantile,0.025,15.120337329112656
2025-12-20,wk inc flu hosp,2,2026-01-10,10,quantile,0.05,18.891316818244675
2025-12-20,wk inc flu hosp,2,2026-01-10,10,quantile,0.1,26.877203831299393
2025-12-20,wk inc flu hosp,2,2026-01-10,10,quantile,0.15,34.59358726711083
2025-12-20,wk inc flu hosp,2,2026-01-10,10,quantile,0.2,45.02572199706298
2025-12-20,wk inc flu hosp,2,2026-01-10,10,quantile,0.25,56.64850208240965
2025-12-20,wk inc flu hosp,2,2026-01-10,10,quantile,0.3,66.33409730336551
2025-12-20,wk inc flu hosp,2,2026-01-10,10,quantile,0.35,79.19408929845657
2025-12-20,wk inc flu hosp,2,2026-01-10,10,quantile,0.4,92.16026844984046
2025-12-20,wk inc flu hosp,2,2026-01-10,10,quantile,0.45,104.81688255919424
2025-12-20,wk inc flu hosp,2,2026-01-10,10,quantile,0.5,121.09952132883639
2025-12-20,wk inc flu hosp,2,2026-01-10,10,quantile,0.55,140.88194158171933
2025-12-20,wk inc flu hosp,2,2026-01-10,10,quantile,0.6,167.51322222986374
2025-12-20,wk inc flu hosp,2,2026-01-10,10,quantile,0.65,194.1767825189495
2025-12-20,wk inc flu hosp,2,2026-01-10,10,quantile,0.7,213.1367376861187
2025-12-20,wk inc flu hosp,2,2026-01-10,10,quantile,0.75,239.51856447837815
2025-12-20,wk inc flu hosp,2,2026-01-10,10,quantile,0.8,297.1392968819721
2025-12-20,wk inc flu hosp,2,2026-01-10,10,quantile,0.85,334.1130974310383
2025-12-20,wk inc flu hosp,2,2026-01-10,10,quantile,0.9,393.20911074787836
2025-12-20,wk inc flu hosp,2,2026-01-10,10,quantile,0.95,435.0863409633562
2025-12-20,wk inc flu hosp,2,2026-01-10,10,quantile,0.975,451.6431750565122
2025-12-20,wk inc flu hosp,2,2026-01-10,10,quantile,0.99,458.5601131730778
2025-12-20,wk inc flu hosp,2,2026-01-10,11,quantile,0.01,1.9536870808231894
2025-12-20,wk inc flu hosp,2,2026-01-10,11,quantile,0.025,2.3162925800033234
2025-12-20,wk inc flu hosp,2,2026-01-10,11,quantile,0.05,3.863378938669172
2025-12-20,wk inc flu hosp,2,2026-01-10,11,quantile,0.1,7.669914780646528
2025-12-20,wk inc flu hosp,2,2026-01-10,11,quantile,0.15,11.23351097568782
2025-12-20,wk inc flu hosp,2,2026-01-10,11,quantile,0.2,15.751841216933578
2025-12-20,wk inc flu hosp,2,2026-01-10,11,quantile,0.25,20.90902127558662
2025-12-20,wk inc flu hosp,2,2026-01-10,11,quantile,0.3,27.359971610540754
2025-12-20,wk inc flu hosp,2,2026-01-10,11,quantile,0.35,30.43933163083856
2025-12-20,wk inc flu hosp,2,2026-01-10,11,quantile,0.4,32.068927076283295
2025-12-20,wk inc flu hosp,2,2026-01-10,11,quantile,0.45,33.51842012545925
2025-12-20,wk inc flu hosp,2,2026-01-10,11,quantile,0.5,34.92153096370347
2025-12-20,wk inc flu hosp,2,2026-01-10,11,quantile,0.55,36.49829918892218
2025-12-20,wk inc flu hosp,2,2026-01-10,11,quantile,0.6,38.599485968484146
2025-12-20,wk inc flu hosp,2,2026-01-10,11,quantile,0.65,41.370004590480114
2025-12-20,wk inc flu hosp,2,2026-01-10,11,quantile,0.7,46.78873067257863
2025-12-20,wk inc flu hosp,2,2026-01-10,11,quantile,0.75,58.31137108456006
2025-12-20,wk inc flu hosp,2,2026-01-10,11,quantile,0.8,70.55018010556574
2025-12-20,wk inc flu hosp,2,2026-01-10,11,quantile,0.85,70.93446475007796
2025-12-20,wk inc flu hosp,2,2026-01-10,11,quantile,0.9,74.78953205792408
2025-12-20,wk inc flu hosp,2,2026-01-10,11,quantile,0.95,127.5263313655189
2025-12-20,wk inc flu hosp,2,2026-01-10,11,quantile,0.975,143.9285422061745
2025-12-20,wk inc flu hosp,2,2026-01-10,11,quantile,0.99,144.16967209231757
2025-12-20,wk inc flu hosp,2,2026-01-10,12,quantile,0.01,539.7930552103354
2025-12-20,wk inc flu hosp,2,2026-01-10,12,quantile,0.025,680.9958224114723
2025-12-20,wk inc flu hosp,2,2026-01-10,12,quantile,0.05,806.0373626174451
2025-12-20,wk inc flu hosp,2,2026-01-10,12,quantile,0.1,999.4209428828112
2025-12-20,wk inc flu hosp,2,2026-01-10,12,quantile,0.15,1170.1149441469424
2025-12-20,wk inc flu hosp,2,2026-01-10,12,quantile,0.2,1331.417290957207
2025-12-20,wk inc flu hosp,2,2026-01-10,12,quantile,0.25,1484.7170228256443
2025-12-20,wk inc flu hosp,2,2026-01-10,12,quantile,0.3,1657.0513533002593
2025-12-20,wk inc flu hosp,2,2026-01-10,12,quantile,0.35,1763.055737503436
2025-12-20,wk inc flu hosp,2,2026-01-10,12,quantile,0.4,1916.685892979951
2025-12-20,wk inc flu hosp,2,2026-01-10,12,quantile,0.45,2169.8411657429697
2025-12-20,wk inc flu hosp,2,2026-01-10,12,quantile,0.5,2508.9019333526876
2025-12-20,wk inc flu hosp,2,2026-01-10,12,quantile,0.55,2932.512930187322
2025-12-20,wk inc flu hosp,2,2026-01-10,12,quantile,0.6,3312.206114663711
2025-12-20,wk inc flu hosp,2,2026-01-10,12,quantile,0.65,3747.3173674776563
2025-12-20,wk inc flu hosp,2,2026-01-10,12,quantile,0.7,4461.247287254349
2025-12-20,wk inc flu hosp,2,2026-01-10,12,quantile,0.75,4796.765799528139
2025-12-20,wk inc flu hosp,2,2026-01-10,12,quantile,0.8,5497.791505268351
2025-12-20,wk inc flu hosp,2,2026-01-10,12,quantile,0.85,6306.129698201957
2025-12-20,wk inc flu hosp,2,2026-01-10,12,quantile,0.9,7060.738915124636
2025-12-20,wk inc flu hosp,2,2026-01-10,12,quantile,0.95,7878.579894583545
2025-12-20,wk inc flu hosp,2,2026-01-10,12,quantile,0.975,8362.542587335085
2025-12-20,wk inc flu hosp,2,2026-01-10,12,quantile,0.99,8787.42459011707
2025-12-20,wk inc flu hosp,2,2026-01-10,13,quantile,0.01,110.34196772976095
2025-12-20,wk inc flu hosp,2,2026-01-10,13,quantile,0.025,136.82621221339602
2025-12-20,wk inc flu hosp,2,2026-01-10,13,quantile,0.05,211.10353663286006
2025-12-20,wk inc flu hosp,2,2026-01-10,13,quantile,0.1,296.71918871112075
2025-12-20,wk inc flu hosp,2,2026-01-10,13,quantile,0.15,363.39876524969907
2025-12-20,wk inc flu hosp,2,2026-01-10,13,quantile,0.2,437.99086118725455
2025-12-20,wk inc flu hosp,2,2026-01-10,13,quantile,0.25,503.56243450892475
2025-12-20,wk inc flu hosp,2,2026-01-10,13,quantile,0.3,541.8864361332867
2025-12-20,wk inc flu hosp,2,2026-01-10,13,quantile,0.35,605.3316907362549
2025-12-20,wk inc flu hosp,2,2026-01-10,13,quantile,0.4,680.6961128502645
2025-12-20,wk inc flu hosp,2,2026-01-10,13,quantile,0.45,753.9656354949598
2025-12-20,wk inc flu hosp,2,2026-01-10,13,quantile,0.5,826.0315737715591
2025-12-20,wk inc flu hosp,2,2026-01-10,13,quantile,0.55,894.8051629308342
2025-12-20,wk inc flu hosp,2,2026-01-10,13,quantile,0.6,961.2813762023618
2025-12-20,wk inc flu hosp,2,2026-01-10,13,quantile,0.65,1053.522583613355
2025-12-20,wk inc flu hosp,2,2026-01-10,13,quantile,0.7,1116.5837905880953
2025-12-20,wk inc flu hosp,2,2026-01-10,13,quantile,0.75,1154.385406215821
2025-12-20,wk inc flu hosp,2,2026-01-10,13,quantile,0.8,1238.9501889771925
2025-12-20,wk inc flu hosp,2,2026-01-10,13,quantile,0.85,1400.908639224477
2025-12-20,wk inc flu hosp,2,2026-01-10,13,quantile,0.9,1565.862437898738
2025-12-20,wk inc flu hosp,2,2026-01-10,13,quantile,0.95,1700.093687004034
2025-12-20,wk inc flu hosp,2,2026-01-10,13,quantile,0.975,1904.0703067996278
2025-12-20,wk inc flu hosp,2,2026-01-10,13,quantile,0.99,1996.056672225437
2025-12-20,wk inc flu hosp,2,2026-01-10,15,quantile,0.01,12.377205253082035
2025-12-20,wk inc flu hosp,2,2026-01-10,15,quantile,0.025,20.211399750438726
2025-12-20,wk inc flu hosp,2,2026-01-10,15,quantile,0.05,31.28604508398827
2025-12-20,wk inc flu hosp,2,2026-01-10,15,quantile,0.1,39.24518371747559
2025-12-20,wk inc flu hosp,2,2026-01-10,15,quantile,0.15,43.99150096039661
2025-12-20,wk inc flu hosp,2,2026-01-10,15,quantile,0.2,50.5621309061508
2025-12-20,wk inc flu hosp,2,2026-01-10,15,quantile,0.25,56.55406709851718
2025-12-20,wk inc flu hosp,2,2026-01-10,15,quantile,0.3,62.136703113706766
2025-12-20,wk inc flu hosp,2,2026-01-10,15,quantile,0.35,68.92966873796426
2025-12-20,wk inc flu hosp,2,2026-01-10,15,quantile,0.4,76.03718074348379
2025-12-20,wk inc flu hosp,2,2026-01-10,15,quantile,0.45,84.25088911258585
2025-12-20,wk inc flu hosp,2,2026-01-10,15,quantile,0.5,91.09103692489937
2025-12-20,wk inc flu hosp,2,2026-01-10,15,quantile,0.55,99.720169355963435
2025-12-20,wk inc flu hosp,2,2026-01-10,15,quantile,0.6,107.96830774320557
2025-12-20,wk inc flu hosp,2,2026-01-10,15,quantile,0.65,118.27101769966337
2025-12-20,wk inc flu hosp,2,2026-01-10,15,quantile,0.7,137.96899919195138
2025-12-20,wk inc flu hosp,2,2026-01-10,15,quantile,0.75,143.94334202748703
2025-12-20,wk inc flu hosp,2,2026-01-10,15,quantile,0.8,162.03165246704538
2025-12-20,wk inc flu hosp,2,2026-01-10,15,quantile,0.85,186.9319988361644
2025-12-20,wk inc flu hosp,2,2026-01-10,15,quantile,0.9,215.96808873000197
2025-12-20,wk inc flu hosp,2,2026-01-10,15,quantile,0.95,299.0188638766644
2025-12-20,wk inc flu hosp,2,2026-01-10,15,quantile,0.975,355.55863582237583
2025-12-20,wk inc flu hosp,2,2026-01-10,15,quantile,0.99,390.14332020221116
2025-12-20,wk inc flu hosp,2,2026-01-10,16,quantile,0.01,15.412002907536621
2025-12-20,wk inc flu hosp,2,2026-01-10,16,quantile,0.025,20.417040898459557
2025-12-20,wk inc flu hosp,2,2026-01-10,16,quantile,0.05,27.413346694807093
2025-12-20,wk inc flu hosp,2,2026-01-10,16,quantile,0.1,41.24648855657056
2025-12-20,wk inc flu hosp,2,2026-01-10,16,quantile,0.15,51.69215763369454
2025-12-20,wk inc flu hosp,2,2026-01-10,16,quantile,0.2,58.21851134890636
2025-12-20,wk inc flu hosp,2,2026-01-10,16,quantile,0.25,65.55620518925653
2025-12-20,wk inc flu hosp,2,2026-01-10,16,quantile,0.3,73.48441884694235
2025-12-20,wk inc flu hosp,2,2026-01-10,16,quantile,0.35,82.64402749235491
2025-12-20,wk inc flu hosp,2,2026-01-10,16,quantile,0.4,91.56473837209923
2025-12-20,wk inc flu hosp,2,2026-01-10,16,quantile,0.45,103.0540137833507
2025-12-20,wk inc flu hosp,2,2026-01-10,16,quantile,0.5,118.95866336099945
2025-12-20,wk inc flu hosp,2,2026-01-10,16,quantile,0.55,129.74218269156833
2025-12-20,wk inc flu hosp,2,2026-01-10,16,quantile,0.6,145.31313215524446
2025-12-20,wk inc flu hosp,2,2026-01-10,16,quantile,0.65,160.37744828244536
2025-12-20,wk inc flu hosp,2,2026-01-10,16,quantile,0.7,176.6452748138639
2025-12-20,wk inc flu hosp,2,2026-01-10,16,quantile,0.75,192.21647401806666
2025-12-20,wk inc flu hosp,2,2026-01-10,16,quantile,0.8,220.5306105702847
2025-12-20,wk inc flu hosp,2,2026-01-10,16,quantile,0.85,248.89792204189024
2025-12-20,wk inc flu hosp,2,2026-01-10,16,quantile,0.9,290.86366277710783
2025-12-20,wk inc flu hosp,2,2026-01-10,16,quantile,0.95,342.35067111051393
2025-12-20,wk inc flu hosp,2,2026-01-10,16,quantile,0.975,353.16763118662857
2025-12-20,wk inc flu hosp,2,2026-01-10,16,quantile,0.99,399.33163906537953
2025-12-20,wk inc flu hosp,2,2026-01-10,17,quantile,0.01,87.48321696229094
2025-12-20,wk inc flu hosp,2,2026-01-10,17,quantile,0.025,197.97418298183524
2025-12-20,wk inc flu hosp,2,2026-01-10,17,quantile,0.05,239.36275319419943
2025-12-20,wk inc flu hosp,2,2026-01-10,17,quantile,0.1,285.52811801825806
2025-12-20,wk inc flu hosp,2,2026-01-10,17,quantile,0.15,317.46370089590704
2025-12-20,wk inc flu hosp,2,2026-01-10,17,quantile,0.2,360.2246560589684
2025-12-20,wk inc flu hosp,2,2026-01-10,17,quantile,0.25,408.6892772902033
2025-12-20,wk inc flu hosp,2,2026-01-10,17,quantile,0.3,444.72905362403156
2025-12-20,wk inc flu hosp,2,2026-01-10,17,quantile,0.35,476.63341663587875
2025-12-20,wk inc flu hosp,2,2026-01-10,17,quantile,0.4,525.7154959866366
2025-12-20,wk inc flu hosp,2,2026-01-10,17,quantile,0.45,586.2674860262659
2025-12-20,wk inc flu hosp,2,2026-01-10,17,quantile,0.5,675.1396579880587
2025-12-20,wk inc flu hosp,2,2026-01-10,17,quantile,0.55,792.5271157476212
2025-12-20,wk inc flu hosp,2,2026-01-10,17,quantile,0.6,887.596285086583
2025-12-20,wk inc flu hosp,2,2026-01-10,17,quantile,0.65,1048.7275255210975
2025-12-20,wk inc flu hosp,2,2026-01-10,17,quantile,0.7,1253.8029300500573
2025-12-20,wk inc flu hosp,2,2026-01-10,17,quantile,0.75,1440.487218452687
2025-12-20,wk inc flu hosp,2,2026-01-10,17,quantile,0.8,1624.4114929357424
2025-12-20,wk inc flu hosp,2,2026-01-10,17,quantile,0.85,1872.8249642984745
2025-12-20,wk inc flu hosp,2,2026-01-10,17,quantile,0.9,2158.723435046291
2025-12-20,wk inc flu hosp,2,2026-01-10,17,quantile,0.95,2830.782550229455
2025-12-20,wk inc flu hosp,2,2026-01-10,17,quantile,0.975,3498.6683890293675
2025-12-20,wk inc flu hosp,2,2026-01-10,17,quantile,0.99,3731.1309247674085
2025-12-20,wk inc flu hosp,2,2026-01-10,18,quantile,0.01,65.07483791718943
2025-12-20,wk inc flu hosp,2,2026-01-10,18,quantile,0.025,66.46646541638832
2025-12-20,wk inc flu hosp,2,2026-01-10,18,quantile,0.05,84.73488042301685
2025-12-20,wk inc flu hosp,2,2026-01-10,18,quantile,0.1,126.54890403586013
2025-12-20,wk inc flu hosp,2,2026-01-10,18,quantile,0.15,204.30502106304576
2025-12-20,wk inc flu hosp,2,2026-01-10,18,quantile,0.2,281.32964700274545
2025-12-20,wk inc flu hosp,2,2026-01-10,18,quantile,0.25,328.7621634037455
2025-12-20,wk inc flu hosp,2,2026-01-10,18,quantile,0.3,384.8295236320455
2025-12-20,wk inc flu hosp,2,2026-01-10,18,quantile,0.35,428.01806575747895
2025-12-20,wk inc flu hosp,2,2026-01-10,18,quantile,0.4,470.26311039892954
2025-12-20,wk inc flu hosp,2,2026-01-10,18,quantile,0.45,505.6683999255031
2025-12-20,wk inc flu hosp,2,2026-01-10,18,quantile,0.5,530.0152524147954
2025-12-20,wk inc flu hosp,2,2026-01-10,18,quantile,0.55,569.6188426600812
2025-12-20,wk inc flu hosp,2,2026-01-10,18,quantile,0.6,614.1771386020538
2025-12-20,wk inc flu hosp,2,2026-01-10,18,quantile,0.65,654.9630903828037
2025-12-20,wk inc flu hosp,2,2026-01-10,18,quantile,0.7,720.490890623899
2025-12-20,wk inc flu hosp,2,2026-01-10,18,quantile,0.75,822.6948210959051
2025-12-20,wk inc flu hosp,2,2026-01-10,18,quantile,0.8,1005.6270539906778
2025-12-20,wk inc flu hosp,2,2026-01-10,18,quantile,0.85,1141.1545282309953
2025-12-20,wk inc flu hosp,2,2026-01-10,18,quantile,0.9,1397.4715437532814
2025-12-20,wk inc flu hosp,2,2026-01-10,18,quantile,0.95,1611.8225179250694
2025-12-20,wk inc flu hosp,2,2026-01-10,18,quantile,0.975,1866.6335557119035
2025-12-20,wk inc flu hosp,2,2026-01-10,18,quantile,0.99,1893.0034381421012
2025-12-20,wk inc flu hosp,2,2026-01-10,19,quantile,0.01,14.197819333023856
2025-12-20,wk inc flu hosp,2,2026-01-10,19,quantile,0.025,29.56865992068076
2025-12-20,wk inc flu hosp,2,2026-01-10,19,quantile,0.05,36.447507290947186
2025-12-20,wk inc flu hosp,2,2026-01-10,19,quantile,0.1,46.8869864108307
2025-12-20,wk inc flu hosp,2,2026-01-10,19,quantile,0.15,58.12404060395816
2025-12-20,wk inc flu hosp,2,2026-01-10,19,quantile,0.2,78.98720240452444
2025-12-20,wk inc flu hosp,2,2026-01-10,19,quantile,0.25,98.76738885467749
2025-12-20,wk inc flu hosp,2,2026-01-10,19,quantile,0.3,118.05629136136547
2025-12-20,wk inc flu hosp,2,2026-01-10,19,quantile,0.35,134.68664809365
2025-12-20,wk inc flu hosp,2,2026-01-10,19,quantile,0.4,149.19089245962834
2025-12-20,wk inc flu hosp,2,2026-01-10,19,quantile,0.45,166.16827792158608
2025-12-20,wk inc flu hosp,2,2026-01-10,19,quantile,0.5,185.98541242717445
2025-12-20,wk inc flu hosp,2,2026-01-10,19,quantile,0.55,212.38917653004611
2025-12-20,wk inc flu hosp,2,2026-01-10,19,quantile,0.6,241.3550155371625
2025-12-20,wk inc flu hosp,2,2026-01-10,19,quantile,0.65,266.8618731001004
2025-12-20,wk inc flu hosp,2,2026-01-10,19,quantile,0.7,311.0073423530595
2025-12-20,wk inc flu hosp,2,2026-01-10,19,quantile,0.75,381.9995860767421
2025-12-20,wk inc flu hosp,2,2026-01-10,19,quantile,0.8,438.6602387363968
2025-12-20,wk inc flu hosp,2,2026-01-10,19,quantile,0.85,559.0450256596694
2025-12-20,wk inc flu hosp,2,2026-01-10,19,quantile,0.9,739.3007470974964
2025-12-20,wk inc flu hosp,2,2026-01-10,19,quantile,0.95,887.8511679518588
2025-12-20,wk inc flu hosp,2,2026-01-10,19,quantile,0.975,920.0289598221092
2025-12-20,wk inc flu hosp,2,2026-01-10,19,quantile,0.99,925.7622842729669
2025-12-20,wk inc flu hosp,2,2026-01-10,20,quantile,0.01,15.051291164577846
2025-12-20,wk inc flu hosp,2,2026-01-10,20,quantile,0.025,22.24124640417419
2025-12-20,wk inc flu hosp,2,2026-01-10,20,quantile,0.05,25.705371741125507
2025-12-20,wk inc flu hosp,2,2026-01-10,20,quantile,0.1,34.94906208586294
2025-12-20,wk inc flu hosp,2,2026-01-10,20,quantile,0.15,45.62853652927527
2025-12-20,wk inc flu hosp,2,2026-01-10,20,quantile,0.2,54.99512216687866
2025-12-20,wk inc flu hosp,2,2026-01-10,20,quantile,0.25,66.29158752339029
2025-12-20,wk inc flu hosp,2,2026-01-10,20,quantile,0.3,77.57567368848632
2025-12-20,wk inc flu hosp,2,2026-01-10,20,quantile,0.35,86.78763704680159
2025-12-20,wk inc flu hosp,2,2026-01-10,20,quantile,0.4,94.73906354933283
2025-12-20,wk inc flu hosp,2,2026-01-10,20,quantile,0.45,104.73425382806191
2025-12-20,wk inc flu hosp,2,2026-01-10,20,quantile,0.5,117.85780127110776
2025-12-20,wk inc flu hosp,2,2026-01-10,20,quantile,0.55,133.78766832129511
2025-12-20,wk inc flu hosp,2,2026-01-10,20,quantile,0.6,151.06624368540258
2025-12-20,wk inc flu hosp,2,2026-01-10,20,quantile,0.65,174.52704896743236
2025-12-20,wk inc flu hosp,2,2026-01-10,20,quantile,0.7,194.4917620132754
2025-12-20,wk inc flu hosp,2,2026-01-10,20,quantile,0.75,221.6038296970009
2025-12-20,wk inc flu hosp,2,2026-01-10,20,quantile,0.8,251.36492544725692
2025-12-20,wk inc flu hosp,2,2026-01-10,20,quantile,0.85,338.7703308442299
2025-12-20,wk inc flu hosp,2,2026-01-10,20,quantile,0.9,387.98251876448995
2025-12-20,wk inc flu hosp,2,2026-01-10,20,quantile,0.95,475.40048121472273
2025-12-20,wk inc flu hosp,2,2026-01-10,20,quantile,0.975,498.88524965485414
2025-12-20,wk inc flu hosp,2,2026-01-10,20,quantile,0.99,520.46016103406
2025-12-20,wk inc flu hosp,2,2026-01-10,21,quantile,0.01,41.598907119885084
2025-12-20,wk inc flu hosp,2,2026-01-10,21,quantile,0.025,52.839503683965454
2025-12-20,wk inc flu hosp,2,2026-01-10,21,quantile,0.05,68.05590129485752
2025-12-20,wk inc flu hosp,2,2026-01-10,21,quantile,0.1,100.4949969438022
2025-12-20,wk inc flu hosp,2,2026-01-10,21,quantile,0.15,142.53095659088441
2025-12-20,wk inc flu hosp,2,2026-01-10,21,quantile,0.2,181.25812567867186
2025-12-20,wk inc flu hosp,2,2026-01-10,21,quantile,0.25,212.6114469883132
2025-12-20,wk inc flu hosp,2,2026-01-10,21,quantile,0.3,241.9664452051764
2025-12-20,wk inc flu hosp,2,2026-01-10,21,quantile,0.35,266.94858237401036
2025-12-20,wk inc flu hosp,2,2026-01-10,21,quantile,0.4,293.5445344161212
2025-12-20,wk inc flu hosp,2,2026-01-10,21,quantile,0.45,312.09287918181144
2025-12-20,wk inc flu hosp,2,2026-01-10,21,quantile,0.5,334.5788238297882
2025-12-20,wk inc flu hosp,2,2026-01-10,21,quantile,0.55,362.4201162365793
2025-12-20,wk inc flu hosp,2,2026-01-10,21,quantile,0.6,404.7193066800509
2025-12-20,wk inc flu hosp,2,2026-01-10,21,quantile,0.65,444.4723309440421
2025-12-20,wk inc flu hosp,2,2026-01-10,21,quantile,0.7,531.582848479893
2025-12-20,wk inc flu hosp,2,2026-01-10,21,quantile,0.75,675.3863838712805
2025-12-20,wk inc flu hosp,2,2026-01-10,21,quantile,0.8,864.9073079121226
2025-12-20,wk inc flu hosp,2,2026-01-10,21,quantile,0.85,1017.0158128705851
2025-12-20,wk inc flu hosp,2,2026-01-10,21,quantile,0.9,1241.5513872538006
2025-12-20,wk inc flu hosp,2,2026-01-10,21,quantile,0.95,1283.0258134837911
2025-12-20,wk inc flu hosp,2,2026-01-10,21,quantile,0.975,1286.7216661001269
2025-12-20,wk inc flu hosp,2,2026-01-10,21,quantile,0.99,1287.8792766483423
2025-12-20,wk inc flu hosp,2,2026-01-10,22,quantile,0.01,97.51259081752761
2025-12-20,wk inc flu hosp,2,2026-01-10,22,quantile,0.025,119.58396607974078
2025-12-20,wk inc flu hosp,2,2026-01-10,22,quantile,0.05,143.09262176406202
2025-12-20,wk inc flu hosp,2,2026-01-10,22,quantile,0.1,174.49354009805472
2025-12-20,wk inc flu hosp,2,2026-01-10,22,quantile,0.15,195.6425759051665
2025-12-20,wk inc flu hosp,2,2026-01-10,22,quantile,0.2,218.72850741150089
2025-12-20,wk inc flu hosp,2,2026-01-10,22,quantile,0.25,244.57133024908222
2025-12-20,wk inc flu hosp,2,2026-01-10,22,quantile,0.3,274.16134894325336
2025-12-20,wk inc flu hosp,2,2026-01-10,22,quantile,0.35,307.2719178157791
2025-12-20,wk inc flu hosp,2,2026-01-10,22,quantile,0.4,339.1200655002309
2025-12-20,wk inc flu hosp,2,2026-01-10,22,quantile,0.45,384.7111650338142
2025-12-20,wk inc flu hosp,2,2026-01-10,22,quantile,0.5,457.947899656024
2025-12-20,wk inc flu hosp,2,2026-01-10,22,quantile,0.55,572.9006105288478
2025-12-20,wk inc flu hosp,2,2026-01-10,22,quantile,0.6,752.5004274156489
2025-12-20,wk inc flu hosp,2,2026-01-10,22,quantile,0.65,833.9177703275116
2025-12-20,wk inc flu hosp,2,2026-01-10,22,quantile,0.7,929.1137840319115
2025-12-20,wk inc flu hosp,2,2026-01-10,22,quantile,0.75,965.7867279807458
2025-12-20,wk inc flu hosp,2,2026-01-10,22,quantile,0.8,1065.9008747199916
2025-12-20,wk inc flu hosp,2,2026-01-10,22,quantile,0.85,1180.5690533356944
2025-12-20,wk inc flu hosp,2,2026-01-10,22,quantile,0.9,1347.5506566870702
2025-12-20,wk inc flu hosp,2,2026-01-10,22,quantile,0.95,1530.2272377630743
2025-12-20,wk inc flu hosp,2,2026-01-10,22,quantile,0.975,1723.5227254685367
2025-12-20,wk inc flu hosp,2,2026-01-10,22,quantile,0.99,1939.6311540180284
2025-12-20,wk inc flu hosp,2,2026-01-10,23,quantile,0.01,16.60721665097029
2025-12-20,wk inc flu hosp,2,2026-01-10,23,quantile,0.025,21.727464022532374
2025-12-20,wk inc flu hosp,2,2026-01-10,23,quantile,0.05,23.49322118987491
2025-12-20,wk inc flu hosp,2,2026-01-10,23,quantile,0.1,30.245888409767666
2025-12-20,wk inc flu hosp,2,2026-01-10,23,quantile,0.15,36.586800265023534
2025-12-20,wk inc flu hosp,2,2026-01-10,23,quantile,0.2,43.375273856865284
2025-12-20,wk inc flu hosp,2,2026-01-10,23,quantile,0.25,51.11256531260003
2025-12-20,wk inc flu hosp,2,2026-01-10,23,quantile,0.3,58.2722758623816
2025-12-20,wk inc flu hosp,2,2026-01-10,23,quantile,0.35,65.3483266938597
2025-12-20,wk inc flu hosp,2,2026-01-10,23,quantile,0.4,75.81488389701262
2025-12-20,wk inc flu hosp,2,2026-01-10,23,quantile,0.45,88.53497995267355
2025-12-20,wk inc flu hosp,2,2026-01-10,23,quantile,0.5,103.58350666074396
2025-12-20,wk inc flu hosp,2,2026-01-10,23,quantile,0.55,117.42619301793701
2025-12-20,wk inc flu hosp,2,2026-01-10,23,quantile,0.6,130.1091156811128
2025-12-20,wk inc flu hosp,2,2026-01-10,23,quantile,0.65,158.79503279241936
2025-12-20,wk inc flu hosp,2,2026-01-10,23,quantile,0.7,203.35259065996533
2025-12-20,wk inc flu hosp,2,2026-01-10,23,quantile,0.75,257.332584916612
2025-12-20,wk inc flu hosp,2,2026-01-10,23,quantile,0.8,298.1984809026863
2025-12-20,wk inc flu hosp,2,2026-01-10,23,quantile,0.85,370.703953943969
2025-12-20,wk inc flu hosp,2,2026-01-10,23,quantile,0.9,429.53715653217915
2025-12-20,wk inc flu hosp,2,2026-01-10,23,quantile,0.95,432.74540920411283
2025-12-20,wk inc flu hosp,2,2026-01-10,23,quantile,0.975,500.22212059478426
2025-12-20,wk inc flu hosp,2,2026-01-10,23,quantile,0.99,534.757576620522
2025-12-20,wk inc flu hosp,2,2026-01-10,24,quantile,0.01,62.240809419290855
2025-12-20,wk inc flu hosp,2,2026-01-10,24,quantile,0.025,81.50392980268336
2025-12-20,wk inc flu hosp,2,2026-01-10,24,quantile,0.05,140.5251272866077
2025-12-20,wk inc flu hosp,2,2026-01-10,24,quantile,0.1,200.82081520907803
2025-12-20,wk inc flu hosp,2,2026-01-10,24,quantile,0.15,245.64178268620338
2025-12-20,wk inc flu hosp,2,2026-01-10,24,quantile,0.2,287.745000475227
2025-12-20,wk inc flu hosp,2,2026-01-10,24,quantile,0.25,327.2711436258829
2025-12-20,wk inc flu hosp,2,2026-01-10,24,quantile,0.3,367.88773962679926
2025-12-20,wk inc flu hosp,2,2026-01-10,24,quantile,0.35,413.80998210847577
2025-12-20,wk inc flu hosp,2,2026-01-10,24,quantile,0.4,467.2581249835325
2025-12-20,wk inc flu hosp,2,2026-01-10,24,quantile,0.45,522.0060113883952
2025-12-20,wk inc flu hosp,2,2026-01-10,24,quantile,0.5,585.2866027182315
2025-12-20,wk inc flu hosp,2,2026-01-10,24,quantile,0.55,674.6719728028646
2025-12-20,wk inc flu hosp,2,2026-01-10,24,quantile,0.6,798.1842507019472
2025-12-20,wk inc flu hosp,2,2026-01-10,24,quantile,0.65,870.7554345970657
2025-12-20,wk inc flu hosp,2,2026-01-10,24,quantile,0.7,1109.556344854932
2025-12-20,wk inc flu hosp,2,2026-01-10,24,quantile,0.75,1285.9128934557566
2025-12-20,wk inc flu hosp,2,2026-01-10,24,quantile,0.8,1361.7792341524935
2025-12-20,wk inc flu hosp,2,2026-01-10,24,quantile,0.85,1421.254066766569
2025-12-20,wk inc flu hosp,2,2026-01-10,24,quantile,0.9,1586.5796952535002
2025-12-20,wk inc flu hosp,2,2026-01-10,24,quantile,0.95,1926.7969242211727
2025-12-20,wk inc flu hosp,2,2026-01-10,24,quantile,0.975,2338.5831250057527
2025-12-20,wk inc flu hosp,2,2026-01-10,24,quantile,0.99,2497.6110284388924
2025-12-20,wk inc flu hosp,2,2026-01-10,25,quantile,0.01,157.3646423108269
2025-12-20,wk inc flu hosp,2,2026-01-10,25,quantile,0.025,173.77616569453616
2025-12-20,wk inc flu hosp,2,2026-01-10,25,quantile,0.05,201.93666895801033
2025-12-20,wk inc flu hosp,2,2026-01-10,25,quantile,0.1,254.5556127653165
2025-12-20,wk inc flu hosp,2,2026-01-10,25,quantile,0.15,304.3727250802382
2025-12-20,wk inc flu hosp,2,2026-01-10,25,quantile,0.2,347.91630120989964
2025-12-20,wk inc flu hosp,2,2026-01-10,25,quantile,0.25,397.0529715184698
2025-12-20,wk inc flu hosp,2,2026-01-10,25,quantile,0.3,447.62593086044797
2025-12-20,wk inc flu hosp,2,2026-01-10,25,quantile,0.35,502.88952039237154
2025-12-20,wk inc flu hosp,2,2026-01-10,25,quantile,0.4,549.9456583784275
2025-12-20,wk inc flu hosp,2,2026-01-10,25,quantile,0.45,606.5107438560083
2025-12-20,wk inc flu hosp,2,2026-01-10,25,quantile,0.5,680.175181505202
2025-12-20,wk inc flu hosp,2,2026-01-10,25,quantile,0.55,775.683765623466
2025-12-20,wk inc flu hosp,2,2026-01-10,25,quantile,0.6,950.565517414211
2025-12-20,wk inc flu hosp,2,2026-01-10,25,quantile,0.65,1155.4761473722858
2025-12-20,wk inc flu hosp,2,2026-01-10,25,quantile,0.7,1527.3884857353335
2025-12-20,wk inc flu hosp,2,2026-01-10,25,quantile,0.75,2145.048191875645
2025-12-20,wk inc flu hosp,2,2026-01-10,25,quantile,0.8,2285.9397436386803
2025-12-20,wk inc flu hosp,2,2026-01-10,25,quantile,0.85,2706.718500858763
2025-12-20,wk inc flu hosp,2,2026-01-10,25,quantile,0.9,3135.9000259185336
2025-12-20,wk inc flu hosp,2,2026-01-10,25,quantile,0.95,3305.5891200943183
2025-12-20,wk inc flu hosp,2,2026-01-10,25,quantile,0.975,3322.0055577569315
2025-12-20,wk inc flu hosp,2,2026-01-10,25,quantile,0.99,3455.4274514998538
2025-12-20,wk inc flu hosp,2,2026-01-10,26,quantile,0.01,88.41855985203414
2025-12-20,wk inc flu hosp,2,2026-01-10,26,quantile,0.025,124.17811887829271
2025-12-20,wk inc flu hosp,2,2026-01-10,26,quantile,0.05,214.98923061374893
2025-12-20,wk inc flu hosp,2,2026-01-10,26,quantile,0.1,281.16194441141073
2025-12-20,wk inc flu hosp,2,2026-01-10,26,quantile,0.15,355.15357420291497
2025-12-20,wk inc flu hosp,2,2026-01-10,26,quantile,0.2,417.0718470062457
2025-12-20,wk inc flu hosp,2,2026-01-10,26,quantile,0.25,476.1141606352958
2025-12-20,wk inc flu hosp,2,2026-01-10,26,quantile,0.3,527.4512140417527
2025-12-20,wk inc flu hosp,2,2026-01-10,26,quantile,0.35,569.9298754512447
2025-12-20,wk inc flu hosp,2,2026-01-10,26,quantile,0.4,603.0504353733484
2025-12-20,wk inc flu hosp,2,2026-01-10,26,quantile,0.45,668.5098075602739
2025-12-20,wk inc flu hosp,2,2026-01-10,26,quantile,0.5,770.1051771603794
2025-12-20,wk inc flu hosp,2,2026-01-10,26,quantile,0.55,884.5041172249591
2025-12-20,wk inc flu hosp,2,2026-01-10,26,quantile,0.6,1010.5118799992247
2025-12-20,wk inc flu hosp,2,2026-01-10,26,quantile,0.65,1118.4374324151854
2025-12-20,wk inc flu hosp,2,2026-01-10,26,quantile,0.7,1233.0384310224867
2025-12-20,wk inc flu hosp,2,2026-01-10,26,quantile,0.75,1324.344730374991
2025-12-20,wk inc flu hosp,2,2026-01-10,26,quantile,0.8,1469.6524820458815
2025-12-20,wk inc flu hosp,2,2026-01-10,26,quantile,0.85,1587.2107688909339
2025-12-20,wk inc flu hosp,2,2026-01-10,26,quantile,0.9,1795.6104497110289
2025-12-20,wk inc flu hosp,2,2026-01-10,26,quantile,0.95,2299.1605676063737
2025-12-20,wk inc flu hosp,2,2026-01-10,26,quantile,0.975,2481.2904253170445
2025-12-20,wk inc flu hosp,2,2026-01-10,26,quantile,0.99,2967.7898022006216
2025-12-20,wk inc flu hosp,2,2026-01-10,27,quantile,0.01,67.36951646561084
2025-12-20,wk inc flu hosp,2,2026-01-10,27,quantile,0.025,103.66420417596738
2025-12-20,wk inc flu hosp,2,2026-01-10,27,quantile,0.05,133.1221098297207
2025-12-20,wk inc flu hosp,2,2026-01-10,27,quantile,0.1,203.68352717026244
2025-12-20,wk inc flu hosp,2,2026-01-10,27,quantile,0.15,248.99935033517005
2025-12-20,wk inc flu hosp,2,2026-01-10,27,quantile,0.2,294.83759736773413
2025-12-20,wk inc flu hosp,2,2026-01-10,27,quantile,0.25,334.06191064307
2025-12-20,wk inc flu hosp,2,2026-01-10,27,quantile,0.3,373.8822881842074
2025-12-20,wk inc flu hosp,2,2026-01-10,27,quantile,0.35,413.12478883478036
2025-12-20,wk inc flu hosp,2,2026-01-10,27,quantile,0.4,456.08215283895083
2025-12-20,wk inc flu hosp,2,2026-01-10,27,quantile,0.45,503.94967160689947
2025-12-20,wk inc flu hosp,2,2026-01-10,27,quantile,0.5,544.5175073105042
2025-12-20,wk inc flu hosp,2,2026-01-10,27,quantile,0.55,608.6305241777883
2025-12-20,wk inc flu hosp,2,2026-01-10,27,quantile,0.6,718.6748730144959
2025-12-20,wk inc flu hosp,2,2026-01-10,27,quantile,0.65,796.8330008996832
2025-12-20,wk inc flu hosp,2,2026-01-10,27,quantile,0.7,1032.6904079270628
2025-12-20,wk inc flu hosp,2,2026-01-10,27,quantile,0.75,1512.3439462191632
2025-12-20,wk inc flu hosp,2,2026-01-10,27,quantile,0.8,1760.221140825637
2025-12-20,wk inc flu hosp,2,2026-01-10,27,quantile,0.85,2231.787756451617
2025-12-20,wk inc flu hosp,2,2026-01-10,27,quantile,0.9,2490.320723058185
2025-12-20,wk inc flu hosp,2,2026-01-10,27,quantile,0.95,2833.4056339770173
2025-12-20,wk inc flu hosp,2,2026-01-10,27,quantile,0.975,2952.9435073333884
2025-12-20,wk inc flu hosp,2,2026-01-10,27,quantile,0.99,3030.098569896503
2025-12-20,wk inc flu hosp,2,2026-01-10,28,quantile,0.01,43.999935511565546
2025-12-20,wk inc flu hosp,2,2026-01-10,28,quantile,0.025,47.99981566796314
2025-12-20,wk inc flu hosp,2,2026-01-10,28,quantile,0.05,62.750331508293804
2025-12-20,wk inc flu hosp,2,2026-01-10,28,quantile,0.1,87.9417680805096
2025-12-20,wk inc flu hosp,2,2026-01-10,28,quantile,0.15,101.38999998108517
2025-12-20,wk inc flu hosp,2,2026-01-10,28,quantile,0.2,111.45245537084595
2025-12-20,wk inc flu hosp,2,2026-01-10,28,quantile,0.25,122.46035902965534
2025-12-20,wk inc flu hosp,2,2026-01-10,28,quantile,0.3,135.73083226743475
2025-12-20,wk inc flu hosp,2,2026-01-10,28,quantile,0.35,150.54293890611976
2025-12-20,wk inc flu hosp,2,2026-01-10,28,quantile,0.4,161.9385290957281
2025-12-20,wk inc flu hosp,2,2026-01-10,28,quantile,0.45,174.65498440777355
2025-12-20,wk inc flu hosp,2,2026-01-10,28,quantile,0.5,191.12874277886237
2025-12-20,wk inc flu hosp,2,2026-01-10,28,quantile,0.55,209.6672434419346
2025-12-20,wk inc flu hosp,2,2026-01-10,28,quantile,0.6,232.7733004029598
2025-12-20,wk inc flu hosp,2,2026-01-10,28,quantile,0.65,253.30913424709163
2025-12-20,wk inc flu hosp,2,2026-01-10,28,quantile,0.7,270.79737524589433
2025-12-20,wk inc flu hosp,2,2026-01-10,28,quantile,0.75,281.88189519215103
2025-12-20,wk inc flu hosp,2,2026-01-10,28,quantile,0.8,302.9529375403802
2025-12-20,wk inc flu hosp,2,2026-01-10,28,quantile,0.85,346.93998176039196
2025-12-20,wk inc flu hosp,2,2026-01-10,28,quantile,0.9,410.19710119706343
2025-12-20,wk inc flu hosp,2,2026-01-10,28,quantile,0.95,511.7025098684317
2025-12-20,wk inc flu hosp,2,2026-01-10,28,quantile,0.975,527.4533841447701
2025-12-20,wk inc flu hosp,2,2026-01-10,28,quantile,0.99,595.3245085837226
2025-12-20,wk inc flu hosp,2,2026-01-10,29,quantile,0.01,46.47592679816172
2025-12-20,wk inc flu hosp,2,2026-01-10,29,quantile,0.025,61.57185025377917
2025-12-20,wk inc flu hosp,2,2026-01-10,29,quantile,0.05,87.0038248666363
2025-12-20,wk inc flu hosp,2,2026-01-10,29,quantile,0.1,118.09282902940177
2025-12-20,wk inc flu hosp,2,2026-01-10,29,quantile,0.15,145.5211222521565
2025-12-20,wk inc flu hosp,2,2026-01-10,29,quantile,0.2,170.37977615014447
2025-12-20,wk inc flu hosp,2,2026-01-10,29,quantile,0.25,196.95348156043056
2025-12-20,wk inc flu hosp,2,2026-01-10,29,quantile,0.3,219.0575649847098
2025-12-20,wk inc flu hosp,2,2026-01-10,29,quantile,0.35,239.02672600824164
2025-12-20,wk inc flu hosp,2,2026-01-10,29,quantile,0.4,260.83209813208185
2025-12-20,wk inc flu hosp,2,2026-01-10,29,quantile,0.45,283.66551370757264
2025-12-20,wk inc flu hosp,2,2026-01-10,29,quantile,0.5,307.3396041675725
2025-12-20,wk inc flu hosp,2,2026-01-10,29,quantile,0.55,327.8718665469262
2025-12-20,wk inc flu hosp,2,2026-01-10,29,quantile,0.6,353.40705924891694
2025-12-20,wk inc flu hosp,2,2026-01-10,29,quantile,0.65,394.2966157067871
2025-12-20,wk inc flu hosp,2,2026-01-10,29,quantile,0.7,452.49243627173246
2025-12-20,wk inc flu hosp,2,2026-01-10,29,quantile,0.75,530.2607224727525
2025-12-20,wk inc flu hosp,2,2026-01-10,29,quantile,0.8,611.1291127758552
2025-12-20,wk inc flu hosp,2,2026-01-10,29,quantile,0.85,686.7231944225607
2025-12-20,wk inc flu hosp,2,2026-01-10,29,quantile,0.9,783.0125475699903
2025-12-20,wk inc flu hosp,2,2026-01-10,29,quantile,0.95,1093.0931227268538
2025-12-20,wk inc flu hosp,2,2026-01-10,29,quantile,0.975,1380.1941961060966
2025-12-20,wk inc flu hosp,2,2026-01-10,29,quantile,0.99,1413.6916684052276
2025-12-20,wk inc flu hosp,2,2026-01-10,30,quantile,0.01,4.302051591203955
2025-12-20,wk inc flu hosp,2,2026-01-10,30,quantile,0.025,5.107718545216378
2025-12-20,wk inc flu hosp,2,2026-01-10,30,quantile,0.05,6.895076217323275
2025-12-20,wk inc flu hosp,2,2026-01-10,30,quantile,0.1,12.005387006737974
2025-12-20,wk inc flu hosp,2,2026-01-10,30,quantile,0.15,18.758144192435733
2025-12-20,wk inc flu hosp,2,2026-01-10,30,quantile,0.2,22.74418560301193
2025-12-20,wk inc flu hosp,2,2026-01-10,30,quantile,0.25,26.84847080000839
2025-12-20,wk inc flu hosp,2,2026-01-10,30,quantile,0.3,31.28978526121824
2025-12-20,wk inc flu hosp,2,2026-01-10,30,quantile,0.35,34.99922552279256
2025-12-20,wk inc flu hosp,2,2026-01-10,30,quantile,0.4,38.84469810499002
2025-12-20,wk inc flu hosp,2,2026-01-10,30,quantile,0.45,42.320341883091
2025-12-20,wk inc flu hosp,2,2026-01-10,30,quantile,0.5,45.88881137555278
2025-12-20,wk inc flu hosp,2,2026-01-10,30,quantile,0.55,50.692304666385034
2025-12-20,wk inc flu hosp,2,2026-01-10,30,quantile,0.6,56.89449615544797
2025-12-20,wk inc flu hosp,2,2026-01-10,30,quantile,0.65,61.371474534122086
2025-12-20,wk inc flu hosp,2,2026-01-10,30,quantile,0.7,67.87861324895108
2025-12-20,wk inc flu hosp,2,2026-01-10,30,quantile,0.75,78.320888112559
2025-12-20,wk inc flu hosp,2,2026-01-10,30,quantile,0.8,88.86431461741059
2025-12-20,wk inc flu hosp,2,2026-01-10,30,quantile,0.85,97.77535944463119
2025-12-20,wk inc flu hosp,2,2026-01-10,30,quantile,0.9,118.77421944862972
2025-12-20,wk inc flu hosp,2,2026-01-10,30,quantile,0.95,144.4454863889074
2025-12-20,wk inc flu hosp,2,2026-01-10,30,quantile,0.975,144.80975702596052
2025-12-20,wk inc flu hosp,2,2026-01-10,30,quantile,0.99,213.20127116083034
2025-12-20,wk inc flu hosp,2,2026-01-10,31,quantile,0.01,8.589944837468344
2025-12-20,wk inc flu hosp,2,2026-01-10,31,quantile,0.025,12.788580026852909
2025-12-20,wk inc flu hosp,2,2026-01-10,31,quantile,0.05,15.71382654428394
2025-12-20,wk inc flu hosp,2,2026-01-10,31,quantile,0.1,21.307546880776854
2025-12-20,wk inc flu hosp,2,2026-01-10,31,quantile,0.15,27.53256912040366
2025-12-20,wk inc flu hosp,2,2026-01-10,31,quantile,0.2,33.71852470596052
2025-12-20,wk inc flu hosp,2,2026-01-10,31,quantile,0.25,39.765826930528576
2025-12-20,wk inc flu hosp,2,2026-01-10,31,quantile,0.3,45.57621474454933
2025-12-20,wk inc flu hosp,2,2026-01-10,31,quantile,0.35,52.60527544661932
2025-12-20,wk inc flu hosp,2,2026-01-10,31,quantile,0.4,62.02594364154325
2025-12-20,wk inc flu hosp,2,2026-01-10,31,quantile,0.45,71.00068451845421
2025-12-20,wk inc flu hosp,2,2026-01-10,31,quantile,0.5,80.28409212407671
2025-12-20,wk inc flu hosp,2,2026-01-10,31,quantile,0.55,98.57983652205141
2025-12-20,wk inc flu hosp,2,2026-01-10,31,quantile,0.6,117.98346538112834
2025-12-20,wk inc flu hosp,2,2026-01-10,31,quantile,0.65,144.49391380816542
2025-12-20,wk inc flu hosp,2,2026-01-10,31,quantile,0.7,196.40123120143463
2025-12-20,wk inc flu hosp,2,2026-01-10,31,quantile,0.75,226.73355690597208
2025-12-20,wk inc flu hosp,2,2026-01-10,31,quantile,0.8,260.37449733537363
2025-12-20,wk inc flu hosp,2,2026-01-10,31,quantile,0.85,311.4291696802471
2025-12-20,wk inc flu hosp,2,2026-01-10,31,quantile,0.9,346.2006247720053
2025-12-20,wk inc flu hosp,2,2026-01-10,31,quantile,0.95,457.38667425804596
2025-12-20,wk inc flu hosp,2,2026-01-10,31,quantile,0.975,499.10339900675933
2025-12-20,wk inc flu hosp,2,2026-01-10,31,quantile,0.99,510.25892721493307
2025-12-20,wk inc flu hosp,2,2026-01-10,32,quantile,0.01,31.213994423086433
2025-12-20,wk inc flu hosp,2,2026-01-10,32,quantile,0.025,38.68393915207432
2025-12-20,wk inc flu hosp,2,2026-01-10,32,quantile,0.05,47.58540459309492
2025-12-20,wk inc flu hosp,2,2026-01-10,32,quantile,0.1,61.78134822008924
2025-12-20,wk inc flu hosp,2,2026-01-10,32,quantile,0.15,81.29045647788335
2025-12-20,wk inc flu hosp,2,2026-01-10,32,quantile,0.2,99.18212861995099
2025-12-20,wk inc flu hosp,2,2026-01-10,32,quantile,0.25,110.49735018079024
2025-12-20,wk inc flu hosp,2,2026-01-10,32,quantile,0.3,130.4112006286486
2025-12-20,wk inc flu hosp,2,2026-01-10,32,quantile,0.35,149.31359054267992
2025-12-20,wk inc flu hosp,2,2026-01-10,32,quantile,0.4,164.4686870061783
2025-12-20,wk inc flu hosp,2,2026-01-10,32,quantile,0.45,178.9232576846965
2025-12-20,wk inc flu hosp,2,2026-01-10,32,quantile,0.5,193.65509499537524
2025-12-20,wk inc flu hosp,2,2026-01-10,32,quantile,0.55,207.70337993492043
2025-12-20,wk inc flu hosp,2,2026-01-10,32,quantile,0.6,225.42608357048604
2025-12-20,wk inc flu hosp,2,2026-01-10,32,quantile,0.65,246.13614828747112
2025-12-20,wk inc flu hosp,2,2026-01-10,32,quantile,0.7,265.37867505089747
2025-12-20,wk inc flu hosp,2,2026-01-10,32,quantile,0.75,292.918155515792
2025-12-20,wk inc flu hosp,2,2026-01-10,32,quantile,0.8,333.49528761811575
2025-12-20,wk inc flu hosp,2,2026-01-10,32,quantile,0.85,371.22869041489537
2025-12-20,wk inc flu hosp,2,2026-01-10,32,quantile,0.9,445.4821406428031
2025-12-20,wk inc flu hosp,2,2026-01-10,32,quantile,0.95,510.0116195453957
2025-12-20,wk inc flu hosp,2,2026-01-10,32,quantile,0.975,571.4929746214834
2025-12-20,wk inc flu hosp,2,2026-01-10,32,quantile,0.99,597.9064726444974
2025-12-20,wk inc flu hosp,2,2026-01-10,33,quantile,0.01,8.075006203862674
2025-12-20,wk inc flu hosp,2,2026-01-10,33,quantile,0.025,15.501872735135935
2025-12-20,wk inc flu hosp,2,2026-01-10,33,quantile,0.05,30.31326655910448
2025-12-20,wk inc flu hosp,2,2026-01-10,33,quantile,0.1,46.48797784247023
2025-12-20,wk inc flu hosp,2,2026-01-10,33,quantile,0.15,58.27637399132759
2025-12-20,wk inc flu hosp,2,2026-01-10,33,quantile,0.2,68.04359619626317
2025-12-20,wk inc flu hosp,2,2026-01-10,33,quantile,0.25,75.26477519460101
2025-12-20,wk inc flu hosp,2,2026-01-10,33,quantile,0.3,82.84858337481757
2025-12-20,wk inc flu hosp,2,2026-01-10,33,quantile,0.35,91.576809827542
2025-12-20,wk inc flu hosp,2,2026-01-10,33,quantile,0.4,98.7930368887415
2025-12-20,wk inc flu hosp,2,2026-01-10,33,quantile,0.45,112.81920513340376
2025-12-20,wk inc flu hosp,2,2026-01-10,33,quantile,0.5,133.423857934892
2025-12-20,wk inc flu hosp,2,2026-01-10,33,quantile,0.55,169.41966737372556
2025-12-20,wk inc flu hosp,2,2026-01-10,33,quantile,0.6,201.89177984346315
2025-12-20,wk inc flu hosp,2,2026-01-10,33,quantile,0.65,228.82266449514773
2025-12-20,wk inc flu hosp,2,2026-01-10,33,quantile,0.7,272.3483526343733
2025-12-20,wk inc flu hosp,2,2026-01-10,33,quantile,0.75,310.46762790225654
2025-12-20,wk inc flu hosp,2,2026-01-10,33,quantile,0.8,363.1422553897978
2025-12-20,wk inc flu hosp,2,2026-01-10,33,quantile,0.85,427.08902510520096
2025-12-20,wk inc flu hosp,2,2026-01-10,33,quantile,0.9,474.3455661518017
2025-12-20,wk inc flu hosp,2,2026-01-10,33,quantile,0.95,536.698544721372
2025-12-20,wk inc flu hosp,2,2026-01-10,33,quantile,0.975,601.9458388562343
2025-12-20,wk inc flu hosp,2,2026-01-10,33,quantile,0.99,617.8332641596189
2025-12-20,wk inc flu hosp,2,2026-01-10,34,quantile,0.01,272.32314817623586
2025-12-20,wk inc flu hosp,2,2026-01-10,34,quantile,0.025,385.987117342908
2025-12-20,wk inc flu hosp,2,2026-01-10,34,quantile,0.05,451.89085019527226
2025-12-20,wk inc flu hosp,2,2026-01-10,34,quantile,0.1,621.4493318936401
2025-12-20,wk inc flu hosp,2,2026-01-10,34,quantile,0.15,751.1740663086309
2025-12-20,wk inc flu hosp,2,2026-01-10,34,quantile,0.2,867.1802933375235
2025-12-20,wk inc flu hosp,2,2026-01-10,34,quantile,0.25,956.2638558680123
2025-12-20,wk inc flu hosp,2,2026-01-10,34,quantile,0.3,1063.8817362826258
2025-12-20,wk inc flu hosp,2,2026-01-10,34,quantile,0.35,1180.7600697111293
2025-12-20,wk inc flu hosp,2,2026-01-10,34,quantile,0.4,1325.4571062759399
2025-12-20,wk inc flu hosp,2,2026-01-10,34,quantile,0.45,1491.490595068107
2025-12-20,wk inc flu hosp,2,2026-01-10,34,quantile,0.5,1688.8234469595523
2025-12-20,wk inc flu hosp,2,2026-01-10,34,quantile,0.55,1883.3617329019633
2025-12-20,wk inc flu hosp,2,2026-01-10,34,quantile,0.6,2230.947031593963
2025-12-20,wk inc flu hosp,2,2026-01-10,34,quantile,0.65,2874.5441424834844
2025-12-20,wk inc flu hosp,2,2026-01-10,34,quantile,0.7,3672.162001439166
2025-12-20,wk inc flu hosp,2,2026-01-10,34,quantile,0.75,4585.136276968562
2025-12-20,wk inc flu hosp,2,2026-01-10,34,quantile,0.8,5203.431365050741
2025-12-20,wk inc flu hosp,2,2026-01-10,34,quantile,0.85,5762.312007450756
2025-12-20,wk inc flu hosp,2,2026-01-10,34,quantile,0.9,6471.745741779243
2025-12-20,wk inc flu hosp,2,2026-01-10,34,quantile,0.95,6707.241308772153
2025-12-20,wk inc flu hosp,2,2026-01-10,34,quantile,0.975,7023.673109658682
2025-12-20,wk inc flu hosp,2,2026-01-10,34,quantile,0.99,7271.593780762116
2025-12-20,wk inc flu hosp,2,2026-01-10,35,quantile,0.01,40.76135574036193
2025-12-20,wk inc flu hosp,2,2026-01-10,35,quantile,0.025,60.628369423579706
2025-12-20,wk inc flu hosp,2,2026-01-10,35,quantile,0.05,75.50611203531541
2025-12-20,wk inc flu hosp,2,2026-01-10,35,quantile,0.1,98.03951925705266
2025-12-20,wk inc flu hosp,2,2026-01-10,35,quantile,0.15,117.52906153967882
2025-12-20,wk inc flu hosp,2,2026-01-10,35,quantile,0.2,130.17632747824754
2025-12-20,wk inc flu hosp,2,2026-01-10,35,quantile,0.25,143.58491797716508
2025-12-20,wk inc flu hosp,2,2026-01-10,35,quantile,0.3,157.76522649235977
2025-12-20,wk inc flu hosp,2,2026-01-10,35,quantile,0.35,174.64653493792073
2025-12-20,wk inc flu hosp,2,2026-01-10,35,quantile,0.4,195.15347536328767
2025-12-20,wk inc flu hosp,2,2026-01-10,35,quantile,0.45,215.11231443902847
2025-12-20,wk inc flu hosp,2,2026-01-10,35,quantile,0.5,235.6744579023851
2025-12-20,wk inc flu hosp,2,2026-01-10,35,quantile,0.55,259.0658787155312
2025-12-20,wk inc flu hosp,2,2026-01-10,35,quantile,0.6,280.94076003762876
2025-12-20,wk inc flu hosp,2,2026-01-10,35,quantile,0.65,316.17224068616775
2025-12-20,wk inc flu hosp,2,2026-01-10,35,quantile,0.7,366.20561746102186
2025-12-20,wk inc flu hosp,2,2026-01-10,35,quantile,0.75,393.4995428241363
2025-12-20,wk inc flu hosp,2,2026-01-10,35,quantile,0.8,411.97971498580415
2025-12-20,wk inc flu hosp,2,2026-01-10,35,quantile,0.85,469.01945008701773
2025-12-20,wk inc flu hosp,2,2026-01-10,35,quantile,0.9,608.3741894759836
2025-12-20,wk inc flu hosp,2,2026-01-10,35,quantile,0.95,916.9733059436163
2025-12-20,wk inc flu hosp,2,2026-01-10,35,quantile,0.975,1117.1866471652295
2025-12-20,wk inc flu hosp,2,2026-01-10,35,quantile,0.99,1133.3424137898749
2025-12-20,wk inc flu hosp,2,2026-01-10,36,quantile,0.01,218.38337213731216
2025-12-20,wk inc flu hosp,2,2026-01-10,36,quantile,0.025,625.3790744371248
2025-12-20,wk inc flu hosp,2,2026-01-10,36,quantile,0.05,770.4239508577973
2025-12-20,wk inc flu hosp,2,2026-01-10,36,quantile,0.1,1044.9717144447068
2025-12-20,wk inc flu hosp,2,2026-01-10,36,quantile,0.15,1245.2727849100138
2025-12-20,wk inc flu hosp,2,2026-01-10,36,quantile,0.2,1382.2126492853524
2025-12-20,wk inc flu hosp,2,2026-01-10,36,quantile,0.25,1550.0469320271645
2025-12-20,wk inc flu hosp,2,2026-01-10,36,quantile,0.3,1761.5010689593405
2025-12-20,wk inc flu hosp,2,2026-01-10,36,quantile,0.35,1995.2315951902372
2025-12-20,wk inc flu hosp,2,2026-01-10,36,quantile,0.4,2278.260281329309
2025-12-20,wk inc flu hosp,2,2026-01-10,36,quantile,0.45,2630.1901437814972
2025-12-20,wk inc flu hosp,2,2026-01-10,36,quantile,0.5,2990.1142332373884
2025-12-20,wk inc flu hosp,2,2026-01-10,36,quantile,0.55,3659.6818883593774
2025-12-20,wk inc flu hosp,2,2026-01-10,36,quantile,0.6,4813.095478176516
2025-12-20,wk inc flu hosp,2,2026-01-10,36,quantile,0.65,5985.248320455655
2025-12-20,wk inc flu hosp,2,2026-01-10,36,quantile,0.7,6635.590985549837
2025-12-20,wk inc flu hosp,2,2026-01-10,36,quantile,0.75,7437.425127984524
2025-12-20,wk inc flu hosp,2,2026-01-10,36,quantile,0.8,8690.687846195788
2025-12-20,wk inc flu hosp,2,2026-01-10,36,quantile,0.85,10099.928438112605
2025-12-20,wk inc flu hosp,2,2026-01-10,36,quantile,0.9,11672.797073643265
2025-12-20,wk inc flu hosp,2,2026-01-10,36,quantile,0.95,13465.704402306916
2025-12-20,wk inc flu hosp,2,2026-01-10,36,quantile,0.975,14292.559866740201
2025-12-20,wk inc flu hosp,2,2026-01-10,36,quantile,0.99,14668.320342262192
2025-12-20,wk inc flu hosp,2,2026-01-10,37,quantile,0.01,200.06913579592702
2025-12-20,wk inc flu hosp,2,2026-01-10,37,quantile,0.025,278.1422902933005
2025-12-20,wk inc flu hosp,2,2026-01-10,37,quantile,0.05,331.70087833377863
2025-12-20,wk inc flu hosp,2,2026-01-10,37,quantile,0.1,467.9582955187259
2025-12-20,wk inc flu hosp,2,2026-01-10,37,quantile,0.15,551.9438553925999
2025-12-20,wk inc flu hosp,2,2026-01-10,37,quantile,0.2,652.1115597305376
2025-12-20,wk inc flu hosp,2,2026-01-10,37,quantile,0.25,746.2359193836542
2025-12-20,wk inc flu hosp,2,2026-01-10,37,quantile,0.3,836.0581171700481
2025-12-20,wk inc flu hosp,2,2026-01-10,37,quantile,0.35,929.5112567939768
2025-12-20,wk inc flu hosp,2,2026-01-10,37,quantile,0.4,1009.2703366430242
2025-12-20,wk inc flu hosp,2,2026-01-10,37,quantile,0.45,1126.75479618144
2025-12-20,wk inc flu hosp,2,2026-01-10,37,quantile,0.5,1290.3328603194063
2025-12-20,wk inc flu hosp,2,2026-01-10,37,quantile,0.55,1531.0938427758658
2025-12-20,wk inc flu hosp,2,2026-01-10,37,quantile,0.6,1973.0463204591495
2025-12-20,wk inc flu hosp,2,2026-01-10,37,quantile,0.65,2498.4311319623816
2025-12-20,wk inc flu hosp,2,2026-01-10,37,quantile,0.7,2846.584482604927
2025-12-20,wk inc flu hosp,2,2026-01-10,37,quantile,0.75,3481.366793151506
2025-12-20,wk inc flu hosp,2,2026-01-10,37,quantile,0.8,3985.0296577052736
2025-12-20,wk inc flu hosp,2,2026-01-10,37,quantile,0.85,4449.351938057854
2025-12-20,wk inc flu hosp,2,2026-01-10,37,quantile,0.9,5018.145356825633
2025-12-20,wk inc flu hosp,2,2026-01-10,37,quantile,0.95,6390.170746568694
2025-12-20,wk inc flu hosp,2,2026-01-10,37,quantile,0.975,6863.106957433918
2025-12-20,wk inc flu hosp,2,2026-01-10,37,quantile,0.99,6934.753804952432
2025-12-20,wk inc flu hosp,2,2026-01-10,38,quantile,0.01,11.817747568633514
2025-12-20,wk inc flu hosp,2,2026-01-10,38,quantile,0.025,15.38787819666053
2025-12-20,wk inc flu hosp,2,2026-01-10,38,quantile,0.05,22.11256313929788
2025-12-20,wk inc flu hosp,2,2026-01-10,38,quantile,0.1,27.26838620966986
2025-12-20,wk inc flu hosp,2,2026-01-10,38,quantile,0.15,33.70770364184299
2025-12-20,wk inc flu hosp,2,2026-01-10,38,quantile,0.2,39.33701280107323
2025-12-20,wk inc flu hosp,2,2026-01-10,38,quantile,0.25,44.074287834074056
2025-12-20,wk inc flu hosp,2,2026-01-10,38,quantile,0.3,49.540509297101636
2025-12-20,wk inc flu hosp,2,2026-01-10,38,quantile,0.35,56.28648984412207
2025-12-20,wk inc flu hosp,2,2026-01-10,38,quantile,0.4,64.04151705147859
2025-12-20,wk inc flu hosp,2,2026-01-10,38,quantile,0.45,72.4030351010402
2025-12-20,wk inc flu hosp,2,2026-01-10,38,quantile,0.5,80.71095627722887
2025-12-20,wk inc flu hosp,2,2026-01-10,38,quantile,0.55,86.55139996619364
2025-12-20,wk inc flu hosp,2,2026-01-10,38,quantile,0.6,93.29030970296373
2025-12-20,wk inc flu hosp,2,2026-01-10,38,quantile,0.65,106.71814249065177
2025-12-20,wk inc flu hosp,2,2026-01-10,38,quantile,0.7,128.1609188462161
2025-12-20,wk inc flu hosp,2,2026-01-10,38,quantile,0.75,150.84047331991025
2025-12-20,wk inc flu hosp,2,2026-01-10,38,quantile,0.8,177.41781487762583
2025-12-20,wk inc flu hosp,2,2026-01-10,38,quantile,0.85,211.05003854131516
2025-12-20,wk inc flu hosp,2,2026-01-10,38,quantile,0.9,246.36366733814776
2025-12-20,wk inc flu hosp,2,2026-01-10,38,quantile,0.95,259.9327804755167
2025-12-20,wk inc flu hosp,2,2026-01-10,38,quantile,0.975,309.04866384334326
2025-12-20,wk inc flu hosp,2,2026-01-10,38,quantile,0.99,315.0779211244816
2025-12-20,wk inc flu hosp,2,2026-01-10,39,quantile,0.01,232.67728783206007
2025-12-20,wk inc flu hosp,2,2026-01-10,39,quantile,0.025,270.6562925832681
2025-12-20,wk inc flu hosp,2,2026-01-10,39,quantile,0.05,335.9372926457462
2025-12-20,wk inc flu hosp,2,2026-01-10,39,quantile,0.1,453.98817700251476
2025-12-20,wk inc flu hosp,2,2026-01-10,39,quantile,0.15,631.4297047701981
2025-12-20,wk inc flu hosp,2,2026-01-10,39,quantile,0.2,776.1759643419871
2025-12-20,wk inc flu hosp,2,2026-01-10,39,quantile,0.25,938.2273839755787
2025-12-20,wk inc flu hosp,2,2026-01-10,39,quantile,0.3,1107.579252806208
2025-12-20,wk inc flu hosp,2,2026-01-10,39,quantile,0.35,1293.4117596383157
2025-12-20,wk inc flu hosp,2,2026-01-10,39,quantile,0.4,1459.300467451405
2025-12-20,wk inc flu hosp,2,2026-01-10,39,quantile,0.45,1602.8937735252384
2025-12-20,wk inc flu hosp,2,2026-01-10,39,quantile,0.5,1847.2026287952342
2025-12-20,wk inc flu hosp,2,2026-01-10,39,quantile,0.55,2155.243471542171
2025-12-20,wk inc flu hosp,2,2026-01-10,39,quantile,0.6,2431.04269359039
2025-12-20,wk inc flu hosp,2,2026-01-10,39,quantile,0.65,2711.1825702612136
2025-12-20,wk inc flu hosp,2,2026-01-10,39,quantile,0.7,3405.1014398743628
2025-12-20,wk inc flu hosp,2,2026-01-10,39,quantile,0.75,4812.287021545328
2025-12-20,wk inc flu hosp,2,2026-01-10,39,quantile,0.8,5077.787788891306
2025-12-20,wk inc flu hosp,2,2026-01-10,39,quantile,0.85,5600.427016131824
2025-12-20,wk inc flu hosp,2,2026-01-10,39,quantile,0.9,5717.633057861322
2025-12-20,wk inc flu hosp,2,2026-01-10,39,quantile,0.95,6537.192025110927
2025-12-20,wk inc flu hosp,2,2026-01-10,39,quantile,0.975,6662.638323809231
2025-12-20,wk inc flu hosp,2,2026-01-10,39,quantile,0.99,6781.784533280043
2025-12-20,wk inc flu hosp,2,2026-01-10,40,quantile,0.01,10.114544428845578
2025-12-20,wk inc flu hosp,2,2026-01-10,40,quantile,0.025,14.479874533592998
2025-12-20,wk inc flu hosp,2,2026-01-10,40,quantile,0.05,31.23953629015962
2025-12-20,wk inc flu hosp,2,2026-01-10,40,quantile,0.1,50.00917741912286
2025-12-20,wk inc flu hosp,2,2026-01-10,40,quantile,0.15,58.48205066860332
2025-12-20,wk inc flu hosp,2,2026-01-10,40,quantile,0.2,70.34547927324708
2025-12-20,wk inc flu hosp,2,2026-01-10,40,quantile,0.25,85.99716730884643
2025-12-20,wk inc flu hosp,2,2026-01-10,40,quantile,0.3,104.25133892636342
2025-12-20,wk inc flu hosp,2,2026-01-10,40,quantile,0.35,119.32403343203588
2025-12-20,wk inc flu hosp,2,2026-01-10,40,quantile,0.4,134.33047724901766
2025-12-20,wk inc flu hosp,2,2026-01-10,40,quantile,0.45,142.5056501191157
2025-12-20,wk inc flu hosp,2,2026-01-10,40,quantile,0.5,164.51179884031689
2025-12-20,wk inc flu hosp,2,2026-01-10,40,quantile,0.55,184.4035285210146
2025-12-20,wk inc flu hosp,2,2026-01-10,40,quantile,0.6,206.67986614301654
2025-12-20,wk inc flu hosp,2,2026-01-10,40,quantile,0.65,231.77684444098486
2025-12-20,wk inc flu hosp,2,2026-01-10,40,quantile,0.7,256.58395256669354
2025-12-20,wk inc flu hosp,2,2026-01-10,40,quantile,0.75,278.87732481880454
2025-12-20,wk inc flu hosp,2,2026-01-10,40,quantile,0.8,297.17867133158444
2025-12-20,wk inc flu hosp,2,2026-01-10,40,quantile,0.85,319.767350083486
2025-12-20,wk inc flu hosp,2,2026-01-10,40,quantile,0.9,383.4344219337958
2025-12-20,wk inc flu hosp,2,2026-01-10,40,quantile,0.95,488.8656328146179
2025-12-20,wk inc flu hosp,2,2026-01-10,40,quantile,0.975,577.0816730363922
2025-12-20,wk inc flu hosp,2,2026-01-10,40,quantile,0.99,592.2322991903559
2025-12-20,wk inc flu hosp,2,2026-01-10,41,quantile,0.01,7.843676874094229
2025-12-20,wk inc flu hosp,2,2026-01-10,41,quantile,0.025,10.886479524572536
2025-12-20,wk inc flu hosp,2,2026-01-10,41,quantile,0.05,12.76565906345946
2025-12-20,wk inc flu hosp,2,2026-01-10,41,quantile,0.1,18.064546360034495
2025-12-20,wk inc flu hosp,2,2026-01-10,41,quantile,0.15,22.37943817113651
2025-12-20,wk inc flu hosp,2,2026-01-10,41,quantile,0.2,29.125093043982663
2025-12-20,wk inc flu hosp,2,2026-01-10,41,quantile,0.25,42.31220111992958
2025-12-20,wk inc flu hosp,2,2026-01-10,41,quantile,0.3,51.07801551543758
2025-12-20,wk inc flu hosp,2,2026-01-10,41,quantile,0.35,54.673494607906505
2025-12-20,wk inc flu hosp,2,2026-01-10,41,quantile,0.4,62.54201550086055
2025-12-20,wk inc flu hosp,2,2026-01-10,41,quantile,0.45,70.45319578880346
2025-12-20,wk inc flu hosp,2,2026-01-10,41,quantile,0.5,75.96304819163181
2025-12-20,wk inc flu hosp,2,2026-01-10,41,quantile,0.55,84.2134061149002
2025-12-20,wk inc flu hosp,2,2026-01-10,41,quantile,0.6,93.61672945927498
2025-12-20,wk inc flu hosp,2,2026-01-10,41,quantile,0.65,104.41925504175676
2025-12-20,wk inc flu hosp,2,2026-01-10,41,quantile,0.7,116.4237597137673
2025-12-20,wk inc flu hosp,2,2026-01-10,41,quantile,0.75,124.3982250351399
2025-12-20,wk inc flu hosp,2,2026-01-10,41,quantile,0.8,138.7164229648135
2025-12-20,wk inc flu hosp,2,2026-01-10,41,quantile,0.85,155.21665599706503
2025-12-20,wk inc flu hosp,2,2026-01-10,41,quantile,0.9,171.3671204770021
2025-12-20,wk inc flu hosp,2,2026-01-10,41,quantile,0.95,181.8519719098924
2025-12-20,wk inc flu hosp,2,2026-01-10,41,quantile,0.975,186.90168624811054
2025-12-20,wk inc flu hosp,2,2026-01-10,41,quantile,0.99,207.0021137414724
2025-12-20,wk inc flu hosp,2,2026-01-10,42,quantile,0.01,390.9401145181496
2025-12-20,wk inc flu hosp,2,2026-01-10,42,quantile,0.025,475.2821352565116
2025-12-20,wk inc flu hosp,2,2026-01-10,42,quantile,0.05,565.8293771079216
2025-12-20,wk inc flu hosp,2,2026-01-10,42,quantile,0.1,757.8334928809348
2025-12-20,wk inc flu hosp,2,2026-01-10,42,quantile,0.15,901.1191827119673
2025-12-20,wk inc flu hosp,2,2026-01-10,42,quantile,0.2,1087.1782998529327
2025-12-20,wk inc flu hosp,2,2026-01-10,42,quantile,0.25,1247.0558374979091
2025-12-20,wk inc flu hosp,2,2026-01-10,42,quantile,0.3,1398.2199160298608
2025-12-20,wk inc flu hosp,2,2026-01-10,42,quantile,0.35,1563.277533286561
2025-12-20,wk inc flu hosp,2,2026-01-10,42,quantile,0.4,1743.9116599916697
2025-12-20,wk inc flu hosp,2,2026-01-10,42,quantile,0.45,1941.0687604905122
2025-12-20,wk inc flu hosp,2,2026-01-10,42,quantile,0.5,2141.943086822624
2025-12-20,wk inc flu hosp,2,2026-01-10,42,quantile,0.55,2413.5048760480336
2025-12-20,wk inc flu hosp,2,2026-01-10,42,quantile,0.6,2821.2222036375533
2025-12-20,wk inc flu hosp,2,2026-01-10,42,quantile,0.65,3490.7235789765505
2025-12-20,wk inc flu hosp,2,2026-01-10,42,quantile,0.7,4721.9774698427145
2025-12-20,wk inc flu hosp,2,2026-01-10,42,quantile,0.75,5526.992730723603
2025-12-20,wk inc flu hosp,2,2026-01-10,42,quantile,0.8,6089.815062213694
2025-12-20,wk inc flu hosp,2,2026-01-10,42,quantile,0.85,7054.584940949585
2025-12-20,wk inc flu hosp,2,2026-01-10,42,quantile,0.9,7865.319694040934
2025-12-20,wk inc flu hosp,2,2026-01-10,42,quantile,0.95,8771.348384012334
2025-12-20,wk inc flu hosp,2,2026-01-10,42,quantile,0.975,8883.709359270984
2025-12-20,wk inc flu hosp,2,2026-01-10,42,quantile,0.99,9040.551218094239
2025-12-20,wk inc flu hosp,2,2026-01-10,44,quantile,0.01,11.321592370528617
2025-12-20,wk inc flu hosp,2,2026-01-10,44,quantile,0.025,18.154816296269082
2025-12-20,wk inc flu hosp,2,2026-01-10,44,quantile,0.05,23.18624001419023
2025-12-20,wk inc flu hosp,2,2026-01-10,44,quantile,0.1,32.71179922178581
2025-12-20,wk inc flu hosp,2,2026-01-10,44,quantile,0.15,40.67670546396701
2025-12-20,wk inc flu hosp,2,2026-01-10,44,quantile,0.2,48.062622718442256
2025-12-20,wk inc flu hosp,2,2026-01-10,44,quantile,0.25,55.448137969673574
2025-12-20,wk inc flu hosp,2,2026-01-10,44,quantile,0.3,63.7147813571479
2025-12-20,wk inc flu hosp,2,2026-01-10,44,quantile,0.35,74.7256796336792
2025-12-20,wk inc flu hosp,2,2026-01-10,44,quantile,0.4,88.48449869339339
2025-12-20,wk inc flu hosp,2,2026-01-10,44,quantile,0.45,101.47942191099101
2025-12-20,wk inc flu hosp,2,2026-01-10,44,quantile,0.5,125.33299993108366
2025-12-20,wk inc flu hosp,2,2026-01-10,44,quantile,0.55,176.25924156630643
2025-12-20,wk inc flu hosp,2,2026-01-10,44,quantile,0.6,250.89377578193012
2025-12-20,wk inc flu hosp,2,2026-01-10,44,quantile,0.65,302.9833898274612
2025-12-20,wk inc flu hosp,2,2026-01-10,44,quantile,0.7,322.34231757196807
2025-12-20,wk inc flu hosp,2,2026-01-10,44,quantile,0.75,346.31627961001067
2025-12-20,wk inc flu hosp,2,2026-01-10,44,quantile,0.8,386.188395627442
2025-12-20,wk inc flu hosp,2,2026-01-10,44,quantile,0.85,449.5904544213358
2025-12-20,wk inc flu hosp,2,2026-01-10,44,quantile,0.9,555.6704769087316
2025-12-20,wk inc flu hosp,2,2026-01-10,44,quantile,0.95,738.3074718877597
2025-12-20,wk inc flu hosp,2,2026-01-10,44,quantile,0.975,783.2596205847681
2025-12-20,wk inc flu hosp,2,2026-01-10,44,quantile,0.99,796.941216852607
2025-12-20,wk inc flu hosp,2,2026-01-10,45,quantile,0.01,119.7866683945982
2025-12-20,wk inc flu hosp,2,2026-01-10,45,quantile,0.025,138.53341317038988
2025-12-20,wk inc flu hosp,2,2026-01-10,45,quantile,0.05,163.89283263524587
2025-12-20,wk inc flu hosp,2,2026-01-10,45,quantile,0.1,204.13539255341743
2025-12-20,wk inc flu hosp,2,2026-01-10,45,quantile,0.15,239.526360293305
2025-12-20,wk inc flu hosp,2,2026-01-10,45,quantile,0.2,268.019379292968
2025-12-20,wk inc flu hosp,2,2026-01-10,45,quantile,0.25,294.14390302043546
2025-12-20,wk inc flu hosp,2,2026-01-10,45,quantile,0.3,331.486898538433
2025-12-20,wk inc flu hosp,2,2026-01-10,45,quantile,0.35,372.0334823042813
2025-12-20,wk inc flu hosp,2,2026-01-10,45,quantile,0.4,415.8370262527
2025-12-20,wk inc flu hosp,2,2026-01-10,45,quantile,0.45,471.75599405409696
2025-12-20,wk inc flu hosp,2,2026-01-10,45,quantile,0.5,552.9198475827019
2025-12-20,wk inc flu hosp,2,2026-01-10,45,quantile,0.55,671.5431210767179
2025-12-20,wk inc flu hosp,2,2026-01-10,45,quantile,0.6,930.9160184647704
2025-12-20,wk inc flu hosp,2,2026-01-10,45,quantile,0.65,1250.6635102306366
2025-12-20,wk inc flu hosp,2,2026-01-10,45,quantile,0.7,1589.2334548075378
2025-12-20,wk inc flu hosp,2,2026-01-10,45,quantile,0.75,1723.2572402202725
2025-12-20,wk inc flu hosp,2,2026-01-10,45,quantile,0.8,1915.0300416333894
2025-12-20,wk inc flu hosp,2,2026-01-10,45,quantile,0.85,2151.8145153892415
2025-12-20,wk inc flu hosp,2,2026-01-10,45,quantile,0.9,2442.5756666999596
2025-12-20,wk inc flu hosp,2,2026-01-10,45,quantile,0.95,2688.34661312062
2025-12-20,wk inc flu hosp,2,2026-01-10,45,quantile,0.975,2932.463533701913
2025-12-20,wk inc flu hosp,2,2026-01-10,45,quantile,0.99,3057.5381364740697
2025-12-20,wk inc flu hosp,2,2026-01-10,46,quantile,0.01,4.0139078536980985
2025-12-20,wk inc flu hosp,2,2026-01-10,46,quantile,0.025,5.174504028568487
2025-12-20,wk inc flu hosp,2,2026-01-10,46,quantile,0.05,7.281817448520638
2025-12-20,wk inc flu hosp,2,2026-01-10,46,quantile,0.1,10.834874126138226
2025-12-20,wk inc flu hosp,2,2026-01-10,46,quantile,0.15,14.794629180621477
2025-12-20,wk inc flu hosp,2,2026-01-10,46,quantile,0.2,20.533686080948982
2025-12-20,wk inc flu hosp,2,2026-01-10,46,quantile,0.25,28.315556083304276
2025-12-20,wk inc flu hosp,2,2026-01-10,46,quantile,0.3,33.59859774464862
2025-12-20,wk inc flu hosp,2,2026-01-10,46,quantile,0.35,39.79837083523768
2025-12-20,wk inc flu hosp,2,2026-01-10,46,quantile,0.4,46.32491030212112
2025-12-20,wk inc flu hosp,2,2026-01-10,46,quantile,0.45,51.49290642580916
2025-12-20,wk inc flu hosp,2,2026-01-10,46,quantile,0.5,56.90528631737357
2025-12-20,wk inc flu hosp,2,2026-01-10,46,quantile,0.55,63.194248761905975
2025-12-20,wk inc flu hosp,2,2026-01-10,46,quantile,0.6,67.90482732887524
2025-12-20,wk inc flu hosp,2,2026-01-10,46,quantile,0.65,72.52753472814494
2025-12-20,wk inc flu hosp,2,2026-01-10,46,quantile,0.7,77.97629794249828
2025-12-20,wk inc flu hosp,2,2026-01-10,46,quantile,0.75,87.36758281232238
2025-12-20,wk inc flu hosp,2,2026-01-10,46,quantile,0.8,97.49552420601614
2025-12-20,wk inc flu hosp,2,2026-01-10,46,quantile,0.85,113.71319657631119
2025-12-20,wk inc flu hosp,2,2026-01-10,46,quantile,0.9,129.2159333298982
2025-12-20,wk inc flu hosp,2,2026-01-10,46,quantile,0.95,165.1581977780635
2025-12-20,wk inc flu hosp,2,2026-01-10,46,quantile,0.975,181.07459315635106
2025-12-20,wk inc flu hosp,2,2026-01-10,46,quantile,0.99,194.01511033385182
2025-12-20,wk inc flu hosp,2,2026-01-10,47,quantile,0.01,76.68743003961947
2025-12-20,wk inc flu hosp,2,2026-01-10,47,quantile,0.025,87.12893153196227
2025-12-20,wk inc flu hosp,2,2026-01-10,47,quantile,0.05,104.21086724220517
2025-12-20,wk inc flu hosp,2,2026-01-10,47,quantile,0.1,138.73768867633873
2025-12-20,wk inc flu hosp,2,2026-01-10,47,quantile,0.15,162.8180484972849
2025-12-20,wk inc flu hosp,2,2026-01-10,47,quantile,0.2,184.56113978548626
2025-12-20,wk inc flu hosp,2,2026-01-10,47,quantile,0.25,204.129448216482
2025-12-20,wk inc flu hosp,2,2026-01-10,47,quantile,0.3,223.40882751289737
2025-12-20,wk inc flu hosp,2,2026-01-10,47,quantile,0.35,244.2931782192831
2025-12-20,wk inc flu hosp,2,2026-01-10,47,quantile,0.4,264.6264913355481
2025-12-20,wk inc flu hosp,2,2026-01-10,47,quantile,0.45,299.1923617463434
2025-12-20,wk inc flu hosp,2,2026-01-10,47,quantile,0.5,346.09180861328696
2025-12-20,wk inc flu hosp,2,2026-01-10,47,quantile,0.55,383.0150768717107
2025-12-20,wk inc flu hosp,2,2026-01-10,47,quantile,0.6,440.45957957090286
2025-12-20,wk inc flu hosp,2,2026-01-10,47,quantile,0.65,526.7190782926853
2025-12-20,wk inc flu hosp,2,2026-01-10,47,quantile,0.7,622.000634333477
2025-12-20,wk inc flu hosp,2,2026-01-10,47,quantile,0.75,722.1899746990205
2025-12-20,wk inc flu hosp,2,2026-01-10,47,quantile,0.8,957.500692990971
2025-12-20,wk inc flu hosp,2,2026-01-10,47,quantile,0.85,1277.2477399215472
2025-12-20,wk inc flu hosp,2,2026-01-10,47,quantile,0.9,1398.514170430876
2025-12-20,wk inc flu hosp,2,2026-01-10,47,quantile,0.95,1568.2036976319002
2025-12-20,wk inc flu hosp,2,2026-01-10,47,quantile,0.975,1611.9978969755887
2025-12-20,wk inc flu hosp,2,2026-01-10,47,quantile,0.99,1640.511381816897
2025-12-20,wk inc flu hosp,2,2026-01-10,48,quantile,0.01,400.6669950546934
2025-12-20,wk inc flu hosp,2,2026-01-10,48,quantile,0.025,505.6824999585477
2025-12-20,wk inc flu hosp,2,2026-01-10,48,quantile,0.05,643.7159604759138
2025-12-20,wk inc flu hosp,2,2026-01-10,48,quantile,0.1,765.776864426076
2025-12-20,wk inc flu hosp,2,2026-01-10,48,quantile,0.15,848.0858515323795
2025-12-20,wk inc flu hosp,2,2026-01-10,48,quantile,0.2,938.7302703179375
2025-12-20,wk inc flu hosp,2,2026-01-10,48,quantile,0.25,1028.1287466361146
2025-12-20,wk inc flu hosp,2,2026-01-10,48,quantile,0.3,1118.2997826279811
2025-12-20,wk inc flu hosp,2,2026-01-10,48,quantile,0.35,1225.9604333775349
2025-12-20,wk inc flu hosp,2,2026-01-10,48,quantile,0.4,1348.1875897667105
2025-12-20,wk inc flu hosp,2,2026-01-10,48,quantile,0.45,1439.1702848081375
2025-12-20,wk inc flu hosp,2,2026-01-10,48,quantile,0.5,1544.455936549412
2025-12-20,wk inc flu hosp,2,2026-01-10,48,quantile,0.55,1665.6319951426647
2025-12-20,wk inc flu hosp,2,2026-01-10,48,quantile,0.6,1782.6082099874275
2025-12-20,wk inc flu hosp,2,2026-01-10,48,quantile,0.65,1880.8547589224613
2025-12-20,wk inc flu hosp,2,2026-01-10,48,quantile,0.7,1972.4635271629804
2025-12-20,wk inc flu hosp,2,2026-01-10,48,quantile,0.75,2122.660811394365
2025-12-20,wk inc flu hosp,2,2026-01-10,48,quantile,0.8,2250.9297816447843
2025-12-20,wk inc flu hosp,2,2026-01-10,48,quantile,0.85,2555.926402216256
2025-12-20,wk inc flu hosp,2,2026-01-10,48,quantile,0.9,3013.3442323558443
2025-12-20,wk inc flu hosp,2,2026-01-10,48,quantile,0.95,4054.8336270106693
2025-12-20,wk inc flu hosp,2,2026-01-10,48,quantile,0.975,5243.3449549662855
2025-12-20,wk inc flu hosp,2,2026-01-10,48,quantile,0.99,6319.517527477715
2025-12-20,wk inc flu hosp,2,2026-01-10,49,quantile,0.01,28.284419545541688
2025-12-20,wk inc flu hosp,2,2026-01-10,49,quantile,0.025,45.17833840233514
2025-12-20,wk inc flu hosp,2,2026-01-10,49,quantile,0.05,51.29276314127201
2025-12-20,wk inc flu hosp,2,2026-01-10,49,quantile,0.1,66.50650964197797
2025-12-20,wk inc flu hosp,2,2026-01-10,49,quantile,0.15,78.56640526410496
2025-12-20,wk inc flu hosp,2,2026-01-10,49,quantile,0.2,93.95701060342768
2025-12-20,wk inc flu hosp,2,2026-01-10,49,quantile,0.25,106.88478304417576
2025-12-20,wk inc flu hosp,2,2026-01-10,49,quantile,0.3,116.89280603125611
2025-12-20,wk inc flu hosp,2,2026-01-10,49,quantile,0.35,129.0623215296264
2025-12-20,wk inc flu hosp,2,2026-01-10,49,quantile,0.4,142.6914623646947
2025-12-20,wk inc flu hosp,2,2026-01-10,49,quantile,0.45,156.6613438869788
2025-12-20,wk inc flu hosp,2,2026-01-10,49,quantile,0.5,175.30684182550743
2025-12-20,wk inc flu hosp,2,2026-01-10,49,quantile,0.55,194.98147374752472
2025-12-20,wk inc flu hosp,2,2026-01-10,49,quantile,0.6,208.67785164555653
2025-12-20,wk inc flu hosp,2,2026-01-10,49,quantile,0.65,219.03025529716464
2025-12-20,wk inc flu hosp,2,2026-01-10,49,quantile,0.7,266.33454401888815
2025-12-20,wk inc flu hosp,2,2026-01-10,49,quantile,0.75,355.77081778072585
2025-12-20,wk inc flu hosp,2,2026-01-10,49,quantile,0.8,387.16703036691655
2025-12-20,wk inc flu hosp,2,2026-01-10,49,quantile,0.85,416.6172241891254
2025-12-20,wk inc flu hosp,2,2026-01-10,49,quantile,0.9,483.09868177587555
2025-12-20,wk inc flu hosp,2,2026-01-10,49,quantile,0.95,581.4564372007674
2025-12-20,wk inc flu hosp,2,2026-01-10,49,quantile,0.975,589.4325834081086
2025-12-20,wk inc flu hosp,2,2026-01-10,49,quantile,0.99,632.6585323878695
2025-12-20,wk inc flu hosp,2,2026-01-10,50,quantile,0.01,1.6867875900830094
2025-12-20,wk inc flu hosp,2,2026-01-10,50,quantile,0.025,1.8679671659374668
2025-12-20,wk inc flu hosp,2,2026-01-10,50,quantile,0.05,2.388802586388788
2025-12-20,wk inc flu hosp,2,2026-01-10,50,quantile,0.1,3.107517766590133
2025-12-20,wk inc flu hosp,2,2026-01-10,50,quantile,0.15,4.90277451731348
2025-12-20,wk inc flu hosp,2,2026-01-10,50,quantile,0.2,6.933733495592907
2025-12-20,wk inc flu hosp,2,2026-01-10,50,quantile,0.25,8.39963780883076
2025-12-20,wk inc flu hosp,2,2026-01-10,50,quantile,0.3,9.82995909854422
2025-12-20,wk inc flu hosp,2,2026-01-10,50,quantile,0.35,11.295384575181195
2025-12-20,wk inc flu hosp,2,2026-01-10,50,quantile,0.4,12.680064988665583
2025-12-20,wk inc flu hosp,2,2026-01-10,50,quantile,0.45,14.089155303779688
2025-12-20,wk inc flu hosp,2,2026-01-10,50,quantile,0.5,15.98124196645127
2025-12-20,wk inc flu hosp,2,2026-01-10,50,quantile,0.55,18.67724549712658
2025-12-20,wk inc flu hosp,2,2026-01-10,50,quantile,0.6,21.263310738728986
2025-12-20,wk inc flu hosp,2,2026-01-10,50,quantile,0.65,23.848471363929697
2025-12-20,wk inc flu hosp,2,2026-01-10,50,quantile,0.7,29.051653722598484
2025-12-20,wk inc flu hosp,2,2026-01-10,50,quantile,0.75,33.71625650309235
2025-12-20,wk inc flu hosp,2,2026-01-10,50,quantile,0.8,38.53879243327807
2025-12-20,wk inc flu hosp,2,2026-01-10,50,quantile,0.85,45.39969024976201
2025-12-20,wk inc flu hosp,2,2026-01-10,50,quantile,0.9,48.53890928895443
2025-12-20,wk inc flu hosp,2,2026-01-10,50,quantile,0.95,55.491816422076205
2025-12-20,wk inc flu hosp,2,2026-01-10,50,quantile,0.975,66.67575138619226
2025-12-20,wk inc flu hosp,2,2026-01-10,50,quantile,0.99,70.08016957253214
2025-12-20,wk inc flu hosp,2,2026-01-10,51,quantile,0.01,118.43905839753916
2025-12-20,wk inc flu hosp,2,2026-01-10,51,quantile,0.025,147.48045600644673
2025-12-20,wk inc flu hosp,2,2026-01-10,51,quantile,0.05,173.50512816484104
2025-12-20,wk inc flu hosp,2,2026-01-10,51,quantile,0.1,207.7980446948196
2025-12-20,wk inc flu hosp,2,2026-01-10,51,quantile,0.15,238.2729706468604
2025-12-20,wk inc flu hosp,2,2026-01-10,51,quantile,0.2,260.7766616638651
2025-12-20,wk inc flu hosp,2,2026-01-10,51,quantile,0.25,285.19434445357683
2025-12-20,wk inc flu hosp,2,2026-01-10,51,quantile,0.3,312.87610222547556
2025-12-20,wk inc flu hosp,2,2026-01-10,51,quantile,0.35,347.95295651726815
2025-12-20,wk inc flu hosp,2,2026-01-10,51,quantile,0.4,395.14157012980974
2025-12-20,wk inc flu hosp,2,2026-01-10,51,quantile,0.45,448.27306804088494
2025-12-20,wk inc flu hosp,2,2026-01-10,51,quantile,0.5,501.4644370202264
2025-12-20,wk inc flu hosp,2,2026-01-10,51,quantile,0.55,572.4077266895292
2025-12-20,wk inc flu hosp,2,2026-01-10,51,quantile,0.6,650.1490381189961
2025-12-20,wk inc flu hosp,2,2026-01-10,51,quantile,0.65,713.3186251257052
2025-12-20,wk inc flu hosp,2,2026-01-10,51,quantile,0.7,805.9327695561298
2025-12-20,wk inc flu hosp,2,2026-01-10,51,quantile,0.75,858.4479653215257
2025-12-20,wk inc flu hosp,2,2026-01-10,51,quantile,0.8,1041.6565035196243
2025-12-20,wk inc flu hosp,2,2026-01-10,51,quantile,0.85,1112.4069219802082
2025-12-20,wk inc flu hosp,2,2026-01-10,51,quantile,0.9,1234.5698109572695
2025-12-20,wk inc flu hosp,2,2026-01-10,51,quantile,0.95,1498.732209258349
2025-12-20,wk inc flu hosp,2,2026-01-10,51,quantile,0.975,1720.1756161865646
2025-12-20,wk inc flu hosp,2,2026-01-10,51,quantile,0.99,1861.429358942051
2025-12-20,wk inc flu hosp,2,2026-01-10,53,quantile,0.01,27.83732603286557
2025-12-20,wk inc flu hosp,2,2026-01-10,53,quantile,0.025,42.67455282060644
2025-12-20,wk inc flu hosp,2,2026-01-10,53,quantile,0.05,69.80242680949783
2025-12-20,wk inc flu hosp,2,2026-01-10,53,quantile,0.1,79.97468073101324
2025-12-20,wk inc flu hosp,2,2026-01-10,53,quantile,0.15,93.95710185133215
2025-12-20,wk inc flu hosp,2,2026-01-10,53,quantile,0.2,113.45375100943544
2025-12-20,wk inc flu hosp,2,2026-01-10,53,quantile,0.25,139.724742790978
2025-12-20,wk inc flu hosp,2,2026-01-10,53,quantile,0.3,161.25805454837
2025-12-20,wk inc flu hosp,2,2026-01-10,53,quantile,0.35,179.57334676097264
2025-12-20,wk inc flu hosp,2,2026-01-10,53,quantile,0.4,202.26526124328512
2025-12-20,wk inc flu hosp,2,2026-01-10,53,quantile,0.45,222.22492136981563
2025-12-20,wk inc flu hosp,2,2026-01-10,53,quantile,0.5,234.98136179991698
2025-12-20,wk inc flu hosp,2,2026-01-10,53,quantile,0.55,253.3768386519865
2025-12-20,wk inc flu hosp,2,2026-01-10,53,quantile,0.6,276.77081114446935
2025-12-20,wk inc flu hosp,2,2026-01-10,53,quantile,0.65,295.3351419226614
2025-12-20,wk inc flu hosp,2,2026-01-10,53,quantile,0.7,318.10471040317344
2025-12-20,wk inc flu hosp,2,2026-01-10,53,quantile,0.75,338.8781003372107
2025-12-20,wk inc flu hosp,2,2026-01-10,53,quantile,0.8,384.6135244833174
2025-12-20,wk inc flu hosp,2,2026-01-10,53,quantile,0.85,421.7336685743667
2025-12-20,wk inc flu hosp,2,2026-01-10,53,quantile,0.9,497.1259874944589
2025-12-20,wk inc flu hosp,2,2026-01-10,53,quantile,0.95,572.1222098952037
2025-12-20,wk inc flu hosp,2,2026-01-10,53,quantile,0.975,723.7867146292178
2025-12-20,wk inc flu hosp,2,2026-01-10,53,quantile,0.99,818.6537493317522
2025-12-20,wk inc flu hosp,2,2026-01-10,54,quantile,0.01,18.90455483566216
2025-12-20,wk inc flu hosp,2,2026-01-10,54,quantile,0.025,25.904160342387012
2025-12-20,wk inc flu hosp,2,2026-01-10,54,quantile,0.05,36.36295534267796
2025-12-20,wk inc flu hosp,2,2026-01-10,54,quantile,0.1,52.9558404885994
2025-12-20,wk inc flu hosp,2,2026-01-10,54,quantile,0.15,68.15083918634366
2025-12-20,wk inc flu hosp,2,2026-01-10,54,quantile,0.2,82.21220993760143
2025-12-20,wk inc flu hosp,2,2026-01-10,54,quantile,0.25,96.3925758159874
2025-12-20,wk inc flu hosp,2,2026-01-10,54,quantile,0.3,108.47782779492974
2025-12-20,wk inc flu hosp,2,2026-01-10,54,quantile,0.35,123.10552513256205
2025-12-20,wk inc flu hosp,2,2026-01-10,54,quantile,0.4,138.97083330903658
2025-12-20,wk inc flu hosp,2,2026-01-10,54,quantile,0.45,159.4212741099859
2025-12-20,wk inc flu hosp,2,2026-01-10,54,quantile,0.5,184.71451232366405
2025-12-20,wk inc flu hosp,2,2026-01-10,54,quantile,0.55,220.7285926221631
2025-12-20,wk inc flu hosp,2,2026-01-10,54,quantile,0.6,271.0224979165387
2025-12-20,wk inc flu hosp,2,2026-01-10,54,quantile,0.65,311.8787829314533
2025-12-20,wk inc flu hosp,2,2026-01-10,54,quantile,0.7,339.15662849623425
2025-12-20,wk inc flu hosp,2,2026-01-10,54,quantile,0.75,390.841953826214
2025-12-20,wk inc flu hosp,2,2026-01-10,54,quantile,0.8,428.1134919894652
2025-12-20,wk inc flu hosp,2,2026-01-10,54,quantile,0.85,472.0298004740965
2025-12-20,wk inc flu hosp,2,2026-01-10,54,quantile,0.9,505.29920398368483
2025-12-20,wk inc flu hosp,2,2026-01-10,54,quantile,0.95,704.306888529121
2025-12-20,wk inc flu hosp,2,2026-01-10,54,quantile,0.975,772.464692716306
2025-12-20,wk inc flu hosp,2,2026-01-10,54,quantile,0.99,802.4826855573106
2025-12-20,wk inc flu hosp,2,2026-01-10,55,quantile,0.01,31.12806959180609
2025-12-20,wk inc flu hosp,2,2026-01-10,55,quantile,0.025,73.37148151560969
2025-12-20,wk inc flu hosp,2,2026-01-10,55,quantile,0.05,79.36924558472597
2025-12-20,wk inc flu hosp,2,2026-01-10,55,quantile,0.1,101.30989396985456
2025-12-20,wk inc flu hosp,2,2026-01-10,55,quantile,0.15,152.01972816385523
2025-12-20,wk inc flu hosp,2,2026-01-10,55,quantile,0.2,217.63854157836911
2025-12-20,wk inc flu hosp,2,2026-01-10,55,quantile,0.25,270.5675367065625
2025-12-20,wk inc flu hosp,2,2026-01-10,55,quantile,0.3,307.0890353429832
2025-12-20,wk inc flu hosp,2,2026-01-10,55,quantile,0.35,346.8784020922698
2025-12-20,wk inc flu hosp,2,2026-01-10,55,quantile,0.4,392.3756342736747
2025-12-20,wk inc flu hosp,2,2026-01-10,55,quantile,0.45,443.801893868206
2025-12-20,wk inc flu hosp,2,2026-01-10,55,quantile,0.5,508.46985837242784
2025-12-20,wk inc flu hosp,2,2026-01-10,55,quantile,0.55,589.6430463404781
2025-12-20,wk inc flu hosp,2,2026-01-10,55,quantile,0.6,679.7332699973501
2025-12-20,wk inc flu hosp,2,2026-01-10,55,quantile,0.65,788.8793903885027
2025-12-20,wk inc flu hosp,2,2026-01-10,55,quantile,0.7,869.0819458960972
2025-12-20,wk inc flu hosp,2,2026-01-10,55,quantile,0.75,939.1751966258688
2025-12-20,wk inc flu hosp,2,2026-01-10,55,quantile,0.8,1140.6253290493546
2025-12-20,wk inc flu hosp,2,2026-01-10,55,quantile,0.85,1431.5745223919562
2025-12-20,wk inc flu hosp,2,2026-01-10,55,quantile,0.9,1553.616964971856
2025-12-20,wk inc flu hosp,2,2026-01-10,55,quantile,0.95,1706.5402253882785
2025-12-20,wk inc flu hosp,2,2026-01-10,55,quantile,0.975,1834.3113532073753
2025-12-20,wk inc flu hosp,2,2026-01-10,55,quantile,0.99,1848.6528726582585
2025-12-20,wk inc flu hosp,2,2026-01-10,56,quantile,0.01,5.062101934394072
2025-12-20,wk inc flu hosp,2,2026-01-10,56,quantile,0.025,8.185881162337303
2025-12-20,wk inc flu hosp,2,2026-01-10,56,quantile,0.05,11.023479775129646
2025-12-20,wk inc flu hosp,2,2026-01-10,56,quantile,0.1,16.058908903738043
2025-12-20,wk inc flu hosp,2,2026-01-10,56,quantile,0.15,22.619708631186096
2025-12-20,wk inc flu hosp,2,2026-01-10,56,quantile,0.2,27.524443100096953
2025-12-20,wk inc flu hosp,2,2026-01-10,56,quantile,0.25,32.737526322083596
2025-12-20,wk inc flu hosp,2,2026-01-10,56,quantile,0.3,38.21055824453094
2025-12-20,wk inc flu hosp,2,2026-01-10,56,quantile,0.35,43.72256526582216
2025-12-20,wk inc flu hosp,2,2026-01-10,56,quantile,0.4,49.31656521648334
2025-12-20,wk inc flu hosp,2,2026-01-10,56,quantile,0.45,52.58999551070931
2025-12-20,wk inc flu hosp,2,2026-01-10,56,quantile,0.5,56.73845514584574
2025-12-20,wk inc flu hosp,2,2026-01-10,56,quantile,0.55,63.00429501236657
2025-12-20,wk inc flu hosp,2,2026-01-10,56,quantile,0.6,72.44144209261438
2025-12-20,wk inc flu hosp,2,2026-01-10,56,quantile,0.65,90.13797426972802
2025-12-20,wk inc flu hosp,2,2026-01-10,56,quantile,0.7,94.74384008247807
2025-12-20,wk inc flu hosp,2,2026-01-10,56,quantile,0.75,100.30146104430804
2025-12-20,wk inc flu hosp,2,2026-01-10,56,quantile,0.8,111.08246292587991
2025-12-20,wk inc flu hosp,2,2026-01-10,56,quantile,0.85,133.07322016705473
2025-12-20,wk inc flu hosp,2,2026-01-10,56,quantile,0.9,162.7864072296716
2025-12-20,wk inc flu hosp,2,2026-01-10,56,quantile,0.95,200.71724585808445
2025-12-20,wk inc flu hosp,2,2026-01-10,56,quantile,0.975,232.13253368799136
2025-12-20,wk inc flu hosp,2,2026-01-10,56,quantile,0.99,242.43288881695688
2025-12-20,wk inc flu hosp,2,2026-01-10,72,quantile,0.01,53.4468033565256
2025-12-20,wk inc flu hosp,2,2026-01-10,72,quantile,0.025,82.0097325673037
2025-12-20,wk inc flu hosp,2,2026-01-10,72,quantile,0.05,92.6554753463307
2025-12-20,wk inc flu hosp,2,2026-01-10,72,quantile,0.1,143.81468516192746
2025-12-20,wk inc flu hosp,2,2026-01-10,72,quantile,0.15,168.48552757645592
2025-12-20,wk inc flu hosp,2,2026-01-10,72,quantile,0.2,194.71407420492844
2025-12-20,wk inc flu hosp,2,2026-01-10,72,quantile,0.25,223.91309934882165
2025-12-20,wk inc flu hosp,2,2026-01-10,72,quantile,0.3,248.69860819370075
2025-12-20,wk inc flu hosp,2,2026-01-10,72,quantile,0.35,268.966672528142
2025-12-20,wk inc flu hosp,2,2026-01-10,72,quantile,0.4,289.32725377548354
2025-12-20,wk inc flu hosp,2,2026-01-10,72,quantile,0.45,317.844514683419
2025-12-20,wk inc flu hosp,2,2026-01-10,72,quantile,0.5,350.60149729623197
2025-12-20,wk inc flu hosp,2,2026-01-10,72,quantile,0.55,385.43679306554355
2025-12-20,wk inc flu hosp,2,2026-01-10,72,quantile,0.6,425.8577562031928
2025-12-20,wk inc flu hosp,2,2026-01-10,72,quantile,0.65,463.50532432202294
2025-12-20,wk inc flu hosp,2,2026-01-10,72,quantile,0.7,532.337601842257
2025-12-20,wk inc flu hosp,2,2026-01-10,72,quantile,0.75,615.5427491784603
2025-12-20,wk inc flu hosp,2,2026-01-10,72,quantile,0.8,702.2574914500672
2025-12-20,wk inc flu hosp,2,2026-01-10,72,quantile,0.85,962.4352165436313
2025-12-20,wk inc flu hosp,2,2026-01-10,72,quantile,0.9,1132.8324518005477
2025-12-20,wk inc flu hosp,2,2026-01-10,72,quantile,0.95,1288.8545500885684
2025-12-20,wk inc flu hosp,2,2026-01-10,72,quantile,0.975,1380.0210606722924
2025-12-20,wk inc flu hosp,2,2026-01-10,72,quantile,0.99,1397.4321987752885
2025-12-20,wk inc flu hosp,2,2026-01-10,US,quantile,0.01,5690.80205144988
2025-12-20,wk inc flu hosp,2,2026-01-10,US,quantile,0.025,8404.605188339561
2025-12-20,wk inc flu hosp,2,2026-01-10,US,quantile,0.05,10987.93902811372
2025-12-20,wk inc flu hosp,2,2026-01-10,US,quantile,0.1,12428.522917602224
2025-12-20,wk inc flu hosp,2,2026-01-10,US,quantile,0.15,14690.65843530235
2025-12-20,wk inc flu hosp,2,2026-01-10,US,quantile,0.2,17099.56568555794
2025-12-20,wk inc flu hosp,2,2026-01-10,US,quantile,0.25,19470.61491305719
2025-12-20,wk inc flu hosp,2,2026-01-10,US,quantile,0.3,21506.64368309062
2025-12-20,wk inc flu hosp,2,2026-01-10,US,quantile,0.35,23499.340461031992
2025-12-20,wk inc flu hosp,2,2026-01-10,US,quantile,0.4,25933.169685070552
2025-12-20,wk inc flu hosp,2,2026-01-10,US,quantile,0.45,28599.539889029755
2025-12-20,wk inc flu hosp,2,2026-01-10,US,quantile,0.5,31102.53329689183
2025-12-20,wk inc flu hosp,2,2026-01-10,US,quantile,0.55,33375.12448326207
2025-12-20,wk inc flu hosp,2,2026-01-10,US,quantile,0.6,38070.3158707688
2025-12-20,wk inc flu hosp,2,2026-01-10,US,quantile,0.65,42753.86194910575
2025-12-20,wk inc flu hosp,2,2026-01-10,US,quantile,0.7,44241.00495522269
2025-12-20,wk inc flu hosp,2,2026-01-10,US,quantile,0.75,46341.334387523755
2025-12-20,wk inc flu hosp,2,2026-01-10,US,quantile,0.8,50804.9297454006
2025-12-20,wk inc flu hosp,2,2026-01-10,US,quantile,0.85,56718.57179627115
2025-12-20,wk inc flu hosp,2,2026-01-10,US,quantile,0.9,66937.5937933045
2025-12-20,wk inc flu hosp,2,2026-01-10,US,quantile,0.95,77209.5390012907
2025-12-20,wk inc flu hosp,2,2026-01-10,US,quantile,0.975,103266.27709600411
2025-12-20,wk inc flu hosp,2,2026-01-10,US,quantile,0.99,115074.888981295
2025-12-20,wk inc flu hosp,3,2026-01-17,01,quantile,0.01,41.60544986890912
2025-12-20,wk inc flu hosp,3,2026-01-17,01,quantile,0.025,52.289752683856676
2025-12-20,wk inc flu hosp,3,2026-01-17,01,quantile,0.05,67.44855501301831
2025-12-20,wk inc flu hosp,3,2026-01-17,01,quantile,0.1,85.18680554726325
2025-12-20,wk inc flu hosp,3,2026-01-17,01,quantile,0.15,102.42916046711696
2025-12-20,wk inc flu hosp,3,2026-01-17,01,quantile,0.2,120.58078002668164
2025-12-20,wk inc flu hosp,3,2026-01-17,01,quantile,0.25,141.21857785706746
2025-12-20,wk inc flu hosp,3,2026-01-17,01,quantile,0.3,165.5257174431141
2025-12-20,wk inc flu hosp,3,2026-01-17,01,quantile,0.35,191.61899995430463
2025-12-20,wk inc flu hosp,3,2026-01-17,01,quantile,0.4,211.09013007458478
2025-12-20,wk inc flu hosp,3,2026-01-17,01,quantile,0.45,230.41269288340146
2025-12-20,wk inc flu hosp,3,2026-01-17,01,quantile,0.5,251.64074291443464
2025-12-20,wk inc flu hosp,3,2026-01-17,01,quantile,0.55,284.11713427852544
2025-12-20,wk inc flu hosp,3,2026-01-17,01,quantile,0.6,327.0265145349794
2025-12-20,wk inc flu hosp,3,2026-01-17,01,quantile,0.65,359.82855472258774
2025-12-20,wk inc flu hosp,3,2026-01-17,01,quantile,0.7,400.20601587276127
2025-12-20,wk inc flu hosp,3,2026-01-17,01,quantile,0.75,415.32597272361363
2025-12-20,wk inc flu hosp,3,2026-01-17,01,quantile,0.8,475.9375041186137
2025-12-20,wk inc flu hosp,3,2026-01-17,01,quantile,0.85,584.8002660958398
2025-12-20,wk inc flu hosp,3,2026-01-17,01,quantile,0.9,718.0920588306863
2025-12-20,wk inc flu hosp,3,2026-01-17,01,quantile,0.95,912.8536491172198
2025-12-20,wk inc flu hosp,3,2026-01-17,01,quantile,0.975,1012.8121129776448
2025-12-20,wk inc flu hosp,3,2026-01-17,01,quantile,0.99,1034.5320149562237
2025-12-20,wk inc flu hosp,3,2026-01-17,02,quantile,0.01,3.9132723365841673
2025-12-20,wk inc flu hosp,3,2026-01-17,02,quantile,0.025,5.712110486586694
2025-12-20,wk inc flu hosp,3,2026-01-17,02,quantile,0.05,7.897258058495578
2025-12-20,wk inc flu hosp,3,2026-01-17,02,quantile,0.1,11.406754024871033
2025-12-20,wk inc flu hosp,3,2026-01-17,02,quantile,0.15,14.022573134236431
2025-12-20,wk inc flu hosp,3,2026-01-17,02,quantile,0.2,16.445396827987
2025-12-20,wk inc flu hosp,3,2026-01-17,02,quantile,0.25,18.923210246968324
2025-12-20,wk inc flu hosp,3,2026-01-17,02,quantile,0.3,21.541783025854375
2025-12-20,wk inc flu hosp,3,2026-01-17,02,quantile,0.35,23.778967633884797
2025-12-20,wk inc flu hosp,3,2026-01-17,02,quantile,0.4,25.957211671485528
2025-12-20,wk inc flu hosp,3,2026-01-17,02,quantile,0.45,29.157075512729
2025-12-20,wk inc flu hosp,3,2026-01-17,02,quantile,0.5,32.57836428750922
2025-12-20,wk inc flu hosp,3,2026-01-17,02,quantile,0.55,35.38360586836019
2025-12-20,wk inc flu hosp,3,2026-01-17,02,quantile,0.6,38.673655157476965
2025-12-20,wk inc flu hosp,3,2026-01-17,02,quantile,0.65,40.46803453623886
2025-12-20,wk inc flu hosp,3,2026-01-17,02,quantile,0.7,48.088900439910645
2025-12-20,wk inc flu hosp,3,2026-01-17,02,quantile,0.75,57.45892026140311
2025-12-20,wk inc flu hosp,3,2026-01-17,02,quantile,0.8,62.83342161210342
2025-12-20,wk inc flu hosp,3,2026-01-17,02,quantile,0.85,64.53280668540349
2025-12-20,wk inc flu hosp,3,2026-01-17,02,quantile,0.9,81.20803320058067
2025-12-20,wk inc flu hosp,3,2026-01-17,02,quantile,0.95,115.16122172791019
2025-12-20,wk inc flu hosp,3,2026-01-17,02,quantile,0.975,136.9609987598263
2025-12-20,wk inc flu hosp,3,2026-01-17,02,quantile,0.99,171.01497370304025
2025-12-20,wk inc flu hosp,3,2026-01-17,04,quantile,0.01,15.851088960816039
2025-12-20,wk inc flu hosp,3,2026-01-17,04,quantile,0.025,23.057848535094017
2025-12-20,wk inc flu hosp,3,2026-01-17,04,quantile,0.05,30.131095967408456
2025-12-20,wk inc flu hosp,3,2026-01-17,04,quantile,0.1,48.48884972174087
2025-12-20,wk inc flu hosp,3,2026-01-17,04,quantile,0.15,63.37589787467555
2025-12-20,wk inc flu hosp,3,2026-01-17,04,quantile,0.2,72.69356353630282
2025-12-20,wk inc flu hosp,3,2026-01-17,04,quantile,0.25,84.54216819721319
2025-12-20,wk inc flu hosp,3,2026-01-17,04,quantile,0.3,94.29791707139691
2025-12-20,wk inc flu hosp,3,2026-01-17,04,quantile,0.35,111.72515579197004
2025-12-20,wk inc flu hosp,3,2026-01-17,04,quantile,0.4,147.48562660077206
2025-12-20,wk inc flu hosp,3,2026-01-17,04,quantile,0.45,186.11243674926507
2025-12-20,wk inc flu hosp,3,2026-01-17,04,quantile,0.5,222.84605028427464
2025-12-20,wk inc flu hosp,3,2026-01-17,04,quantile,0.55,254.8554400286322
2025-12-20,wk inc flu hosp,3,2026-01-17,04,quantile,0.6,283.2489324171863
2025-12-20,wk inc flu hosp,3,2026-01-17,04,quantile,0.65,309.48899127898255
2025-12-20,wk inc flu hosp,3,2026-01-17,04,quantile,0.7,337.611728809391
2025-12-20,wk inc flu hosp,3,2026-01-17,04,quantile,0.75,369.85308496015466
2025-12-20,wk inc flu hosp,3,2026-01-17,04,quantile,0.8,388.87086061756753
2025-12-20,wk inc flu hosp,3,2026-01-17,04,quantile,0.85,430.95524414808864
2025-12-20,wk inc flu hosp,3,2026-01-17,04,quantile,0.9,523.646182594072
2025-12-20,wk inc flu hosp,3,2026-01-17,04,quantile,0.95,709.4453648731961
2025-12-20,wk inc flu hosp,3,2026-01-17,04,quantile,0.975,780.2946105744738
2025-12-20,wk inc flu hosp,3,2026-01-17,04,quantile,0.99,1115.2645748492598
2025-12-20,wk inc flu hosp,3,2026-01-17,05,quantile,0.01,23.217076223732956
2025-12-20,wk inc flu hosp,3,2026-01-17,05,quantile,0.025,30.226218862095497
2025-12-20,wk inc flu hosp,3,2026-01-17,05,quantile,0.05,47.78171866179993
2025-12-20,wk inc flu hosp,3,2026-01-17,05,quantile,0.1,88.40821312718741
2025-12-20,wk inc flu hosp,3,2026-01-17,05,quantile,0.15,137.23538993639025
2025-12-20,wk inc flu hosp,3,2026-01-17,05,quantile,0.2,167.35237956666575
2025-12-20,wk inc flu hosp,3,2026-01-17,05,quantile,0.25,187.5321696977588
2025-12-20,wk inc flu hosp,3,2026-01-17,05,quantile,0.3,206.18883546620907
2025-12-20,wk inc flu hosp,3,2026-01-17,05,quantile,0.35,225.12642297476884
2025-12-20,wk inc flu hosp,3,2026-01-17,05,quantile,0.4,249.15211056469974
2025-12-20,wk inc flu hosp,3,2026-01-17,05,quantile,0.45,279.25590482510944
2025-12-20,wk inc flu hosp,3,2026-01-17,05,quantile,0.5,310.1532159324508
2025-12-20,wk inc flu hosp,3,2026-01-17,05,quantile,0.55,341.4410657552644
2025-12-20,wk inc flu hosp,3,2026-01-17,05,quantile,0.6,371.860227723154
2025-12-20,wk inc flu hosp,3,2026-01-17,05,quantile,0.65,443.1758580478275
2025-12-20,wk inc flu hosp,3,2026-01-17,05,quantile,0.7,501.027638520006
2025-12-20,wk inc flu hosp,3,2026-01-17,05,quantile,0.75,548.7131391480721
2025-12-20,wk inc flu hosp,3,2026-01-17,05,quantile,0.8,586.2229185737301
2025-12-20,wk inc flu hosp,3,2026-01-17,05,quantile,0.85,611.5449852620059
2025-12-20,wk inc flu hosp,3,2026-01-17,05,quantile,0.9,735.2528110707307
2025-12-20,wk inc flu hosp,3,2026-01-17,05,quantile,0.95,996.183490836937
2025-12-20,wk inc flu hosp,3,2026-01-17,05,quantile,0.975,1074.8481461949075
2025-12-20,wk inc flu hosp,3,2026-01-17,05,quantile,0.99,1092.659898610018
2025-12-20,wk inc flu hosp,3,2026-01-17,06,quantile,0.01,144.137527747359
2025-12-20,wk inc flu hosp,3,2026-01-17,06,quantile,0.025,204.5492433488886
2025-12-20,wk inc flu hosp,3,2026-01-17,06,quantile,0.05,303.59210363403554
2025-12-20,wk inc flu hosp,3,2026-01-17,06,quantile,0.1,581.0725086879298
2025-12-20,wk inc flu hosp,3,2026-01-17,06,quantile,0.15,698.1039032937431
2025-12-20,wk inc flu hosp,3,2026-01-17,06,quantile,0.2,799.8345547151973
2025-12-20,wk inc flu hosp,3,2026-01-17,06,quantile,0.25,889.5473970969805
2025-12-20,wk inc flu hosp,3,2026-01-17,06,quantile,0.3,990.2029734850876
2025-12-20,wk inc flu hosp,3,2026-01-17,06,quantile,0.35,1133.1097675246106
2025-12-20,wk inc flu hosp,3,2026-01-17,06,quantile,0.4,1279.513475432756
2025-12-20,wk inc flu hosp,3,2026-01-17,06,quantile,0.45,1444.7544382367064
2025-12-20,wk inc flu hosp,3,2026-01-17,06,quantile,0.5,1615.247989053523
2025-12-20,wk inc flu hosp,3,2026-01-17,06,quantile,0.55,1788.541017184311
2025-12-20,wk inc flu hosp,3,2026-01-17,06,quantile,0.6,1936.3818406378678
2025-12-20,wk inc flu hosp,3,2026-01-17,06,quantile,0.65,2074.3748354581094
2025-12-20,wk inc flu hosp,3,2026-01-17,06,quantile,0.7,2255.1149617782726
2025-12-20,wk inc flu hosp,3,2026-01-17,06,quantile,0.75,2510.4387134149692
2025-12-20,wk inc flu hosp,3,2026-01-17,06,quantile,0.8,2895.792743061246
2025-12-20,wk inc flu hosp,3,2026-01-17,06,quantile,0.85,3050.490601516309
2025-12-20,wk inc flu hosp,3,2026-01-17,06,quantile,0.9,3414.755093837485
2025-12-20,wk inc flu hosp,3,2026-01-17,06,quantile,0.95,3800.3647762824176
2025-12-20,wk inc flu hosp,3,2026-01-17,06,quantile,0.975,4421.090880227146
2025-12-20,wk inc flu hosp,3,2026-01-17,06,quantile,0.99,4724.715479394816
2025-12-20,wk inc flu hosp,3,2026-01-17,08,quantile,0.01,81.66780430639835
2025-12-20,wk inc flu hosp,3,2026-01-17,08,quantile,0.025,89.46999687303936
2025-12-20,wk inc flu hosp,3,2026-01-17,08,quantile,0.05,108.38710874202414
2025-12-20,wk inc flu hosp,3,2026-01-17,08,quantile,0.1,139.34872493202607
2025-12-20,wk inc flu hosp,3,2026-01-17,08,quantile,0.15,166.66496540689988
2025-12-20,wk inc flu hosp,3,2026-01-17,08,quantile,0.2,197.2877584363164
2025-12-20,wk inc flu hosp,3,2026-01-17,08,quantile,0.25,230.05489398793847
2025-12-20,wk inc flu hosp,3,2026-01-17,08,quantile,0.3,265.22377329149157
2025-12-20,wk inc flu hosp,3,2026-01-17,08,quantile,0.35,295.7268852152305
2025-12-20,wk inc flu hosp,3,2026-01-17,08,quantile,0.4,330.4088837333737
2025-12-20,wk inc flu hosp,3,2026-01-17,08,quantile,0.45,371.3100697223486
2025-12-20,wk inc flu hosp,3,2026-01-17,08,quantile,0.5,432.5761203755813
2025-12-20,wk inc flu hosp,3,2026-01-17,08,quantile,0.55,510.7840840703339
2025-12-20,wk inc flu hosp,3,2026-01-17,08,quantile,0.6,647.0564395362076
2025-12-20,wk inc flu hosp,3,2026-01-17,08,quantile,0.65,892.8400978745619
2025-12-20,wk inc flu hosp,3,2026-01-17,08,quantile,0.7,1094.402852794925
2025-12-20,wk inc flu hosp,3,2026-01-17,08,quantile,0.75,1291.3651252469392
2025-12-20,wk inc flu hosp,3,2026-01-17,08,quantile,0.8,1328.4630807727451
2025-12-20,wk inc flu hosp,3,2026-01-17,08,quantile,0.85,1386.1013205431698
2025-12-20,wk inc flu hosp,3,2026-01-17,08,quantile,0.9,1481.753248050704
2025-12-20,wk inc flu hosp,3,2026-01-17,08,quantile,0.95,2008.4346620305641
2025-12-20,wk inc flu hosp,3,2026-01-17,08,quantile,0.975,2773.718575139124
2025-12-20,wk inc flu hosp,3,2026-01-17,08,quantile,0.99,2808.3020718801986
2025-12-20,wk inc flu hosp,3,2026-01-17,09,quantile,0.01,39.97744224255136
2025-12-20,wk inc flu hosp,3,2026-01-17,09,quantile,0.025,50.50857474032859
2025-12-20,wk inc flu hosp,3,2026-01-17,09,quantile,0.05,61.935391364236835
2025-12-20,wk inc flu hosp,3,2026-01-17,09,quantile,0.1,81.48351654546664
2025-12-20,wk inc flu hosp,3,2026-01-17,09,quantile,0.15,95.39529639358145
2025-12-20,wk inc flu hosp,3,2026-01-17,09,quantile,0.2,110.23964178597224
2025-12-20,wk inc flu hosp,3,2026-01-17,09,quantile,0.25,126.51960744849875
2025-12-20,wk inc flu hosp,3,2026-01-17,09,quantile,0.3,144.15595124306776
2025-12-20,wk inc flu hosp,3,2026-01-17,09,quantile,0.35,165.79095393132698
2025-12-20,wk inc flu hosp,3,2026-01-17,09,quantile,0.4,191.42219139868425
2025-12-20,wk inc flu hosp,3,2026-01-17,09,quantile,0.45,217.91573612411273
2025-12-20,wk inc flu hosp,3,2026-01-17,09,quantile,0.5,265.01593851433097
2025-12-20,wk inc flu hosp,3,2026-01-17,09,quantile,0.55,355.0633806702199
2025-12-20,wk inc flu hosp,3,2026-01-17,09,quantile,0.6,502.9203636828817
2025-12-20,wk inc flu hosp,3,2026-01-17,09,quantile,0.65,711.6402550450724
2025-12-20,wk inc flu hosp,3,2026-01-17,09,quantile,0.7,1122.0336457703781
2025-12-20,wk inc flu hosp,3,2026-01-17,09,quantile,0.75,1181.1443025077256
2025-12-20,wk inc flu hosp,3,2026-01-17,09,quantile,0.8,1252.8878432206207
2025-12-20,wk inc flu hosp,3,2026-01-17,09,quantile,0.85,1487.149518222626
2025-12-20,wk inc flu hosp,3,2026-01-17,09,quantile,0.9,1710.0761361600485
2025-12-20,wk inc flu hosp,3,2026-01-17,09,quantile,0.95,2816.646733237986
2025-12-20,wk inc flu hosp,3,2026-01-17,09,quantile,0.975,3002.2298510699593
2025-12-20,wk inc flu hosp,3,2026-01-17,09,quantile,0.99,3011.9666342866876
2025-12-20,wk inc flu hosp,3,2026-01-17,10,quantile,0.01,7.788680976260191
2025-12-20,wk inc flu hosp,3,2026-01-17,10,quantile,0.025,10.570850469289649
2025-12-20,wk inc flu hosp,3,2026-01-17,10,quantile,0.05,15.76802231588964
2025-12-20,wk inc flu hosp,3,2026-01-17,10,quantile,0.1,22.441161507807593
2025-12-20,wk inc flu hosp,3,2026-01-17,10,quantile,0.15,28.50017492445602
2025-12-20,wk inc flu hosp,3,2026-01-17,10,quantile,0.2,37.17629311445697
2025-12-20,wk inc flu hosp,3,2026-01-17,10,quantile,0.25,45.23697283625143
2025-12-20,wk inc flu hosp,3,2026-01-17,10,quantile,0.3,52.99680068322053
2025-12-20,wk inc flu hosp,3,2026-01-17,10,quantile,0.35,61.068270967722185
2025-12-20,wk inc flu hosp,3,2026-01-17,10,quantile,0.4,70.11221340480495
2025-12-20,wk inc flu hosp,3,2026-01-17,10,quantile,0.45,81.22213351333868
2025-12-20,wk inc flu hosp,3,2026-01-17,10,quantile,0.5,100.15501568734723
2025-12-20,wk inc flu hosp,3,2026-01-17,10,quantile,0.55,128.59792326639868
2025-12-20,wk inc flu hosp,3,2026-01-17,10,quantile,0.6,169.04728109016267
2025-12-20,wk inc flu hosp,3,2026-01-17,10,quantile,0.65,236.53640324218094
2025-12-20,wk inc flu hosp,3,2026-01-17,10,quantile,0.7,273.08197398890707
2025-12-20,wk inc flu hosp,3,2026-01-17,10,quantile,0.75,294.0411434674494
2025-12-20,wk inc flu hosp,3,2026-01-17,10,quantile,0.8,360.13549403093174
2025-12-20,wk inc flu hosp,3,2026-01-17,10,quantile,0.85,394.8985527031566
2025-12-20,wk inc flu hosp,3,2026-01-17,10,quantile,0.9,437.2248881591564
2025-12-20,wk inc flu hosp,3,2026-01-17,10,quantile,0.95,484.06386047029935
2025-12-20,wk inc flu hosp,3,2026-01-17,10,quantile,0.975,494.9014924529516
2025-12-20,wk inc flu hosp,3,2026-01-17,10,quantile,0.99,509.9352996435136
2025-12-20,wk inc flu hosp,3,2026-01-17,11,quantile,0.01,0.98148621365894
2025-12-20,wk inc flu hosp,3,2026-01-17,11,quantile,0.025,1.3559581047180909
2025-12-20,wk inc flu hosp,3,2026-01-17,11,quantile,0.05,1.8782214905372239
2025-12-20,wk inc flu hosp,3,2026-01-17,11,quantile,0.1,5.0671542693488965
2025-12-20,wk inc flu hosp,3,2026-01-17,11,quantile,0.15,9.355301847130299
2025-12-20,wk inc flu hosp,3,2026-01-17,11,quantile,0.2,14.463649408489184
2025-12-20,wk inc flu hosp,3,2026-01-17,11,quantile,0.25,18.42643750284169
2025-12-20,wk inc flu hosp,3,2026-01-17,11,quantile,0.3,20.469893104003702
2025-12-20,wk inc flu hosp,3,2026-01-17,11,quantile,0.35,21.71047326153387
2025-12-20,wk inc flu hosp,3,2026-01-17,11,quantile,0.4,22.783194995359317
2025-12-20,wk inc flu hosp,3,2026-01-17,11,quantile,0.45,23.908530110935974
2025-12-20,wk inc flu hosp,3,2026-01-17,11,quantile,0.5,25.397518935555933
2025-12-20,wk inc flu hosp,3,2026-01-17,11,quantile,0.55,28.223269634376482
2025-12-20,wk inc flu hosp,3,2026-01-17,11,quantile,0.6,34.6208587603586
2025-12-20,wk inc flu hosp,3,2026-01-17,11,quantile,0.65,39.50703771831844
2025-12-20,wk inc flu hosp,3,2026-01-17,11,quantile,0.7,44.86610108018497
2025-12-20,wk inc flu hosp,3,2026-01-17,11,quantile,0.75,49.68130345904161
2025-12-20,wk inc flu hosp,3,2026-01-17,11,quantile,0.8,51.74258980028994
2025-12-20,wk inc flu hosp,3,2026-01-17,11,quantile,0.85,52.7528971196738
2025-12-20,wk inc flu hosp,3,2026-01-17,11,quantile,0.9,68.72930256225472
2025-12-20,wk inc flu hosp,3,2026-01-17,11,quantile,0.95,118.18147466927265
2025-12-20,wk inc flu hosp,3,2026-01-17,11,quantile,0.975,134.07994029739586
2025-12-20,wk inc flu hosp,3,2026-01-17,11,quantile,0.99,136.32608649245321
2025-12-20,wk inc flu hosp,3,2026-01-17,12,quantile,0.01,143.99850822874046
2025-12-20,wk inc flu hosp,3,2026-01-17,12,quantile,0.025,417.6570856255229
2025-12-20,wk inc flu hosp,3,2026-01-17,12,quantile,0.05,611.6031764885394
2025-12-20,wk inc flu hosp,3,2026-01-17,12,quantile,0.1,864.810942670562
2025-12-20,wk inc flu hosp,3,2026-01-17,12,quantile,0.15,1049.6265255202718
2025-12-20,wk inc flu hosp,3,2026-01-17,12,quantile,0.2,1176.2981656263528
2025-12-20,wk inc flu hosp,3,2026-01-17,12,quantile,0.25,1256.8375378575188
2025-12-20,wk inc flu hosp,3,2026-01-17,12,quantile,0.3,1356.4787634521672
2025-12-20,wk inc flu hosp,3,2026-01-17,12,quantile,0.35,1484.8277579724434
2025-12-20,wk inc flu hosp,3,2026-01-17,12,quantile,0.4,1675.8344441514441
2025-12-20,wk inc flu hosp,3,2026-01-17,12,quantile,0.45,1888.8587182414642
2025-12-20,wk inc flu hosp,3,2026-01-17,12,quantile,0.5,2190.65491731366
2025-12-20,wk inc flu hosp,3,2026-01-17,12,quantile,0.55,2656.6078769625233
2025-12-20,wk inc flu hosp,3,2026-01-17,12,quantile,0.6,3489.6555613884834
2025-12-20,wk inc flu hosp,3,2026-01-17,12,quantile,0.65,4401.911483927231
2025-12-20,wk inc flu hosp,3,2026-01-17,12,quantile,0.7,5017.192049865193
2025-12-20,wk inc flu hosp,3,2026-01-17,12,quantile,0.75,5965.524855126084
2025-12-20,wk inc flu hosp,3,2026-01-17,12,quantile,0.8,6995.11933143586
2025-12-20,wk inc flu hosp,3,2026-01-17,12,quantile,0.85,8211.22565494994
2025-12-20,wk inc flu hosp,3,2026-01-17,12,quantile,0.9,8967.871586074938
2025-12-20,wk inc flu hosp,3,2026-01-17,12,quantile,0.95,9721.719497771508
2025-12-20,wk inc flu hosp,3,2026-01-17,12,quantile,0.975,10506.617973409102
2025-12-20,wk inc flu hosp,3,2026-01-17,12,quantile,0.99,10640.176446449617
2025-12-20,wk inc flu hosp,3,2026-01-17,13,quantile,0.01,88.99122881738977
2025-12-20,wk inc flu hosp,3,2026-01-17,13,quantile,0.025,118.58405067354914
2025-12-20,wk inc flu hosp,3,2026-01-17,13,quantile,0.05,197.80491962747166
2025-12-20,wk inc flu hosp,3,2026-01-17,13,quantile,0.1,297.965913425952
2025-12-20,wk inc flu hosp,3,2026-01-17,13,quantile,0.15,381.79198301859105
2025-12-20,wk inc flu hosp,3,2026-01-17,13,quantile,0.2,458.34963929961214
2025-12-20,wk inc flu hosp,3,2026-01-17,13,quantile,0.25,539.8881907582215
2025-12-20,wk inc flu hosp,3,2026-01-17,13,quantile,0.3,592.2332257470013
2025-12-20,wk inc flu hosp,3,2026-01-17,13,quantile,0.35,675.023075628806
2025-12-20,wk inc flu hosp,3,2026-01-17,13,quantile,0.4,757.71535446241
2025-12-20,wk inc flu hosp,3,2026-01-17,13,quantile,0.45,824.8554088362707
2025-12-20,wk inc flu hosp,3,2026-01-17,13,quantile,0.5,897.0970810884734
2025-12-20,wk inc flu hosp,3,2026-01-17,13,quantile,0.55,986.3271835675798
2025-12-20,wk inc flu hosp,3,2026-01-17,13,quantile,0.6,1079.6194466430359
2025-12-20,wk inc flu hosp,3,2026-01-17,13,quantile,0.65,1197.521142333384
2025-12-20,wk inc flu hosp,3,2026-01-17,13,quantile,0.7,1306.3246751274132
2025-12-20,wk inc flu hosp,3,2026-01-17,13,quantile,0.75,1477.6158988324548
2025-12-20,wk inc flu hosp,3,2026-01-17,13,quantile,0.8,1602.0753039455415
2025-12-20,wk inc flu hosp,3,2026-01-17,13,quantile,0.85,1822.0859520684069
2025-12-20,wk inc flu hosp,3,2026-01-17,13,quantile,0.9,2040.273869967226
2025-12-20,wk inc flu hosp,3,2026-01-17,13,quantile,0.95,2320.5902065456303
2025-12-20,wk inc flu hosp,3,2026-01-17,13,quantile,0.975,2761.373419314063
2025-12-20,wk inc flu hosp,3,2026-01-17,13,quantile,0.99,2971.7734488512165
2025-12-20,wk inc flu hosp,3,2026-01-17,15,quantile,0.01,12.93808272727202
2025-12-20,wk inc flu hosp,3,2026-01-17,15,quantile,0.025,24.69597169319904
2025-12-20,wk inc flu hosp,3,2026-01-17,15,quantile,0.05,28.59294260694286
2025-12-20,wk inc flu hosp,3,2026-01-17,15,quantile,0.1,36.229432295700725
2025-12-20,wk inc flu hosp,3,2026-01-17,15,quantile,0.15,41.33649871344816
2025-12-20,wk inc flu hosp,3,2026-01-17,15,quantile,0.2,46.30722292809089
2025-12-20,wk inc flu hosp,3,2026-01-17,15,quantile,0.25,51.136437986119525
2025-12-20,wk inc flu hosp,3,2026-01-17,15,quantile,0.3,55.37583858344539
2025-12-20,wk inc flu hosp,3,2026-01-17,15,quantile,0.35,59.914414262651675
2025-12-20,wk inc flu hosp,3,2026-01-17,15,quantile,0.4,65.01622514288633
2025-12-20,wk inc flu hosp,3,2026-01-17,15,quantile,0.45,69.00760824663085
2025-12-20,wk inc flu hosp,3,2026-01-17,15,quantile,0.5,75.98496424559065
2025-12-20,wk inc flu hosp,3,2026-01-17,15,quantile,0.55,83.58960215224126
2025-12-20,wk inc flu hosp,3,2026-01-17,15,quantile,0.6,91.82244939114868
2025-12-20,wk inc flu hosp,3,2026-01-17,15,quantile,0.65,102.0236228017134
2025-12-20,wk inc flu hosp,3,2026-01-17,15,quantile,0.7,114.78425852398672
2025-12-20,wk inc flu hosp,3,2026-01-17,15,quantile,0.75,123.9190327443986
2025-12-20,wk inc flu hosp,3,2026-01-17,15,quantile,0.8,155.34817123357433
2025-12-20,wk inc flu hosp,3,2026-01-17,15,quantile,0.85,179.3645648959085
2025-12-20,wk inc flu hosp,3,2026-01-17,15,quantile,0.9,202.47178138192885
2025-12-20,wk inc flu hosp,3,2026-01-17,15,quantile,0.95,291.34026924788304
2025-12-20,wk inc flu hosp,3,2026-01-17,15,quantile,0.975,364.6002731194488
2025-12-20,wk inc flu hosp,3,2026-01-17,15,quantile,0.99,369.72962740343536
2025-12-20,wk inc flu hosp,3,2026-01-17,16,quantile,0.01,11.288319779791749
2025-12-20,wk inc flu hosp,3,2026-01-17,16,quantile,0.025,14.767141052597575
2025-12-20,wk inc flu hosp,3,2026-01-17,16,quantile,0.05,17.511467800034424
2025-12-20,wk inc flu hosp,3,2026-01-17,16,quantile,0.1,26.84565521371769
2025-12-20,wk inc flu hosp,3,2026-01-17,16,quantile,0.15,34.82942329089835
2025-12-20,wk inc flu hosp,3,2026-01-17,16,quantile,0.2,42.87646001405391
2025-12-20,wk inc flu hosp,3,2026-01-17,16,quantile,0.25,49.84367842390985
2025-12-20,wk inc flu hosp,3,2026-01-17,16,quantile,0.3,55.769236461105024
2025-12-20,wk inc flu hosp,3,2026-01-17,16,quantile,0.35,63.19399163762335
2025-12-20,wk inc flu hosp,3,2026-01-17,16,quantile,0.4,71.1474662273387
2025-12-20,wk inc flu hosp,3,2026-01-17,16,quantile,0.45,78.79418105190038
2025-12-20,wk inc flu hosp,3,2026-01-17,16,quantile,0.5,84.52376482354656
2025-12-20,wk inc flu hosp,3,2026-01-17,16,quantile,0.55,95.76614817994142
2025-12-20,wk inc flu hosp,3,2026-01-17,16,quantile,0.6,121.4785958787984
2025-12-20,wk inc flu hosp,3,2026-01-17,16,quantile,0.65,152.44621741285218
2025-12-20,wk inc flu hosp,3,2026-01-17,16,quantile,0.7,164.23689047876502
2025-12-20,wk inc flu hosp,3,2026-01-17,16,quantile,0.75,183.2260298062421
2025-12-20,wk inc flu hosp,3,2026-01-17,16,quantile,0.8,221.84445508662023
2025-12-20,wk inc flu hosp,3,2026-01-17,16,quantile,0.85,254.4097697041569
2025-12-20,wk inc flu hosp,3,2026-01-17,16,quantile,0.9,298.2472575226903
2025-12-20,wk inc flu hosp,3,2026-01-17,16,quantile,0.95,329.01099121657126
2025-12-20,wk inc flu hosp,3,2026-01-17,16,quantile,0.975,373.83672255450307
2025-12-20,wk inc flu hosp,3,2026-01-17,16,quantile,0.99,381.6381456498338
2025-12-20,wk inc flu hosp,3,2026-01-17,17,quantile,0.01,13.617076016472609
2025-12-20,wk inc flu hosp,3,2026-01-17,17,quantile,0.025,55.605095467229994
2025-12-20,wk inc flu hosp,3,2026-01-17,17,quantile,0.05,96.59863226893995
2025-12-20,wk inc flu hosp,3,2026-01-17,17,quantile,0.1,138.34748229309136
2025-12-20,wk inc flu hosp,3,2026-01-17,17,quantile,0.15,183.83789745469107
2025-12-20,wk inc flu hosp,3,2026-01-17,17,quantile,0.2,224.22828355958006
2025-12-20,wk inc flu hosp,3,2026-01-17,17,quantile,0.25,280.1748535706305
2025-12-20,wk inc flu hosp,3,2026-01-17,17,quantile,0.3,356.9080907746036
2025-12-20,wk inc flu hosp,3,2026-01-17,17,quantile,0.35,430.2587954498632
2025-12-20,wk inc flu hosp,3,2026-01-17,17,quantile,0.4,501.8639987986162
2025-12-20,wk inc flu hosp,3,2026-01-17,17,quantile,0.45,582.8195151386859
2025-12-20,wk inc flu hosp,3,2026-01-17,17,quantile,0.5,651.9761932995651
2025-12-20,wk inc flu hosp,3,2026-01-17,17,quantile,0.55,745.9819613203101
2025-12-20,wk inc flu hosp,3,2026-01-17,17,quantile,0.6,825.204670972483
2025-12-20,wk inc flu hosp,3,2026-01-17,17,quantile,0.65,1009.1942183262073
2025-12-20,wk inc flu hosp,3,2026-01-17,17,quantile,0.7,1215.5337925982794
2025-12-20,wk inc flu hosp,3,2026-01-17,17,quantile,0.75,1477.8658426744257
2025-12-20,wk inc flu hosp,3,2026-01-17,17,quantile,0.8,1869.266283527413
2025-12-20,wk inc flu hosp,3,2026-01-17,17,quantile,0.85,1983.5002498984197
2025-12-20,wk inc flu hosp,3,2026-01-17,17,quantile,0.9,2177.337259665254
2025-12-20,wk inc flu hosp,3,2026-01-17,17,quantile,0.95,2442.6090840161196
2025-12-20,wk inc flu hosp,3,2026-01-17,17,quantile,0.975,3557.5644989739244
2025-12-20,wk inc flu hosp,3,2026-01-17,17,quantile,0.99,3683.159169204862
2025-12-20,wk inc flu hosp,3,2026-01-17,18,quantile,0.01,62.90467499534195
2025-12-20,wk inc flu hosp,3,2026-01-17,18,quantile,0.025,64.94489323308886
2025-12-20,wk inc flu hosp,3,2026-01-17,18,quantile,0.05,71.4422162233369
2025-12-20,wk inc flu hosp,3,2026-01-17,18,quantile,0.1,97.39534123658767
2025-12-20,wk inc flu hosp,3,2026-01-17,18,quantile,0.15,164.8314951417999
2025-12-20,wk inc flu hosp,3,2026-01-17,18,quantile,0.2,225.4838802727436
2025-12-20,wk inc flu hosp,3,2026-01-17,18,quantile,0.25,269.1836335667277
2025-12-20,wk inc flu hosp,3,2026-01-17,18,quantile,0.3,311.63162933666115
2025-12-20,wk inc flu hosp,3,2026-01-17,18,quantile,0.35,348.574555376213
2025-12-20,wk inc flu hosp,3,2026-01-17,18,quantile,0.4,382.2530500533466
2025-12-20,wk inc flu hosp,3,2026-01-17,18,quantile,0.45,412.6355739577674
2025-12-20,wk inc flu hosp,3,2026-01-17,18,quantile,0.5,451.4114349563916
2025-12-20,wk inc flu hosp,3,2026-01-17,18,quantile,0.55,503.3772637492045
2025-12-20,wk inc flu hosp,3,2026-01-17,18,quantile,0.6,568.6010122600127
2025-12-20,wk inc flu hosp,3,2026-01-17,18,quantile,0.65,634.166737243756
2025-12-20,wk inc flu hosp,3,2026-01-17,18,quantile,0.7,696.2605925786127
2025-12-20,wk inc flu hosp,3,2026-01-17,18,quantile,0.75,814.4190762573556
2025-12-20,wk inc flu hosp,3,2026-01-17,18,quantile,0.8,899.6056632293534
2025-12-20,wk inc flu hosp,3,2026-01-17,18,quantile,0.85,1077.323520523439
2025-12-20,wk inc flu hosp,3,2026-01-17,18,quantile,0.9,1382.6586026991338
2025-12-20,wk inc flu hosp,3,2026-01-17,18,quantile,0.95,1585.187834518496
2025-12-20,wk inc flu hosp,3,2026-01-17,18,quantile,0.975,1589.860184244551
2025-12-20,wk inc flu hosp,3,2026-01-17,18,quantile,0.99,1713.8497091904856
2025-12-20,wk inc flu hosp,3,2026-01-17,19,quantile,0.01,11.468936045326108
2025-12-20,wk inc flu hosp,3,2026-01-17,19,quantile,0.025,18.96579403493322
2025-12-20,wk inc flu hosp,3,2026-01-17,19,quantile,0.05,32.865280113217636
2025-12-20,wk inc flu hosp,3,2026-01-17,19,quantile,0.1,38.34169058995044
2025-12-20,wk inc flu hosp,3,2026-01-17,19,quantile,0.15,50.60838398467173
2025-12-20,wk inc flu hosp,3,2026-01-17,19,quantile,0.2,66.24917705357298
2025-12-20,wk inc flu hosp,3,2026-01-17,19,quantile,0.25,86.28620821158398
2025-12-20,wk inc flu hosp,3,2026-01-17,19,quantile,0.3,102.91410721307054
2025-12-20,wk inc flu hosp,3,2026-01-17,19,quantile,0.35,120.18290510388469
2025-12-20,wk inc flu hosp,3,2026-01-17,19,quantile,0.4,141.0355276690312
2025-12-20,wk inc flu hosp,3,2026-01-17,19,quantile,0.45,163.4552155911381
2025-12-20,wk inc flu hosp,3,2026-01-17,19,quantile,0.5,187.11272894034627
2025-12-20,wk inc flu hosp,3,2026-01-17,19,quantile,0.55,214.20276108697374
2025-12-20,wk inc flu hosp,3,2026-01-17,19,quantile,0.6,249.02017968471995
2025-12-20,wk inc flu hosp,3,2026-01-17,19,quantile,0.65,298.11303227071954
2025-12-20,wk inc flu hosp,3,2026-01-17,19,quantile,0.7,389.37892916716197
2025-12-20,wk inc flu hosp,3,2026-01-17,19,quantile,0.75,452.3696060054501
2025-12-20,wk inc flu hosp,3,2026-01-17,19,quantile,0.8,562.8348922730404
2025-12-20,wk inc flu hosp,3,2026-01-17,19,quantile,0.85,692.2503565168747
2025-12-20,wk inc flu hosp,3,2026-01-17,19,quantile,0.9,818.7091824208876
2025-12-20,wk inc flu hosp,3,2026-01-17,19,quantile,0.95,896.3519766001059
2025-12-20,wk inc flu hosp,3,2026-01-17,19,quantile,0.975,933.4383048175301
2025-12-20,wk inc flu hosp,3,2026-01-17,19,quantile,0.99,955.7617379228342
2025-12-20,wk inc flu hosp,3,2026-01-17,20,quantile,0.01,9.39240096162801
2025-12-20,wk inc flu hosp,3,2026-01-17,20,quantile,0.025,16.820390571067676
2025-12-20,wk inc flu hosp,3,2026-01-17,20,quantile,0.05,20.615942052896525
2025-12-20,wk inc flu hosp,3,2026-01-17,20,quantile,0.1,29.894045648658352
2025-12-20,wk inc flu hosp,3,2026-01-17,20,quantile,0.15,38.030821611167426
2025-12-20,wk inc flu hosp,3,2026-01-17,20,quantile,0.2,45.29672776413954
2025-12-20,wk inc flu hosp,3,2026-01-17,20,quantile,0.25,52.134135488947564
2025-12-20,wk inc flu hosp,3,2026-01-17,20,quantile,0.3,58.68104803245415
2025-12-20,wk inc flu hosp,3,2026-01-17,20,quantile,0.35,66.11096591321596
2025-12-20,wk inc flu hosp,3,2026-01-17,20,quantile,0.4,74.80584316779806
2025-12-20,wk inc flu hosp,3,2026-01-17,20,quantile,0.45,85.12435889053577
2025-12-20,wk inc flu hosp,3,2026-01-17,20,quantile,0.5,97.64383760202978
2025-12-20,wk inc flu hosp,3,2026-01-17,20,quantile,0.55,117.88000142784666
2025-12-20,wk inc flu hosp,3,2026-01-17,20,quantile,0.6,141.2822895009811
2025-12-20,wk inc flu hosp,3,2026-01-17,20,quantile,0.65,181.49134989027814
2025-12-20,wk inc flu hosp,3,2026-01-17,20,quantile,0.7,208.36904512781564
2025-12-20,wk inc flu hosp,3,2026-01-17,20,quantile,0.75,226.46082807524033
2025-12-20,wk inc flu hosp,3,2026-01-17,20,quantile,0.8,275.53722521055425
2025-12-20,wk inc flu hosp,3,2026-01-17,20,quantile,0.85,345.08664204804404
2025-12-20,wk inc flu hosp,3,2026-01-17,20,quantile,0.9,441.0053995301289
2025-12-20,wk inc flu hosp,3,2026-01-17,20,quantile,0.95,488.2808900509642
2025-12-20,wk inc flu hosp,3,2026-01-17,20,quantile,0.975,511.37563185057746
2025-12-20,wk inc flu hosp,3,2026-01-17,20,quantile,0.99,530.6914804583809
2025-12-20,wk inc flu hosp,3,2026-01-17,21,quantile,0.01,20.63413636039875
2025-12-20,wk inc flu hosp,3,2026-01-17,21,quantile,0.025,41.6122981927671
2025-12-20,wk inc flu hosp,3,2026-01-17,21,quantile,0.05,51.33012923546559
2025-12-20,wk inc flu hosp,3,2026-01-17,21,quantile,0.1,79.63930871090454
2025-12-20,wk inc flu hosp,3,2026-01-17,21,quantile,0.15,127.26129716897321
2025-12-20,wk inc flu hosp,3,2026-01-17,21,quantile,0.2,167.868993573551
2025-12-20,wk inc flu hosp,3,2026-01-17,21,quantile,0.25,198.18352707152516
2025-12-20,wk inc flu hosp,3,2026-01-17,21,quantile,0.3,226.63792215529668
2025-12-20,wk inc flu hosp,3,2026-01-17,21,quantile,0.35,252.88527873403936
2025-12-20,wk inc flu hosp,3,2026-01-17,21,quantile,0.4,280.2349270701087
2025-12-20,wk inc flu hosp,3,2026-01-17,21,quantile,0.45,310.5523475641561
2025-12-20,wk inc flu hosp,3,2026-01-17,21,quantile,0.5,344.24998629711394
2025-12-20,wk inc flu hosp,3,2026-01-17,21,quantile,0.55,400.55291184924783
2025-12-20,wk inc flu hosp,3,2026-01-17,21,quantile,0.6,472.3655295746916
2025-12-20,wk inc flu hosp,3,2026-01-17,21,quantile,0.65,508.8350312264308
2025-12-20,wk inc flu hosp,3,2026-01-17,21,quantile,0.7,571.9830748945457
2025-12-20,wk inc flu hosp,3,2026-01-17,21,quantile,0.75,652.2305001586631
2025-12-20,wk inc flu hosp,3,2026-01-17,21,quantile,0.8,869.0213685422088
2025-12-20,wk inc flu hosp,3,2026-01-17,21,quantile,0.85,1002.236946792769
2025-12-20,wk inc flu hosp,3,2026-01-17,21,quantile,0.9,1181.2849592212026
2025-12-20,wk inc flu hosp,3,2026-01-17,21,quantile,0.95,1253.124463214883
2025-12-20,wk inc flu hosp,3,2026-01-17,21,quantile,0.975,1278.7034540960035
2025-12-20,wk inc flu hosp,3,2026-01-17,21,quantile,0.99,1308.4508931267328
2025-12-20,wk inc flu hosp,3,2026-01-17,22,quantile,0.01,100.01368412031226
2025-12-20,wk inc flu hosp,3,2026-01-17,22,quantile,0.025,125.61024656784912
2025-12-20,wk inc flu hosp,3,2026-01-17,22,quantile,0.05,144.33912097291739
2025-12-20,wk inc flu hosp,3,2026-01-17,22,quantile,0.1,179.01175194339513
2025-12-20,wk inc flu hosp,3,2026-01-17,22,quantile,0.15,200.79654477389224
2025-12-20,wk inc flu hosp,3,2026-01-17,22,quantile,0.2,233.49919114423906
2025-12-20,wk inc flu hosp,3,2026-01-17,22,quantile,0.25,262.1209188201056
2025-12-20,wk inc flu hosp,3,2026-01-17,22,quantile,0.3,290.4071029323331
2025-12-20,wk inc flu hosp,3,2026-01-17,22,quantile,0.35,326.1801343225899
2025-12-20,wk inc flu hosp,3,2026-01-17,22,quantile,0.4,364.5621398517263
2025-12-20,wk inc flu hosp,3,2026-01-17,22,quantile,0.45,414.6817306478757
2025-12-20,wk inc flu hosp,3,2026-01-17,22,quantile,0.5,486.2981392493159
2025-12-20,wk inc flu hosp,3,2026-01-17,22,quantile,0.55,578.4615248365528
2025-12-20,wk inc flu hosp,3,2026-01-17,22,quantile,0.6,720.9433594459665
2025-12-20,wk inc flu hosp,3,2026-01-17,22,quantile,0.65,834.2060044506529
2025-12-20,wk inc flu hosp,3,2026-01-17,22,quantile,0.7,885.4233424054615
2025-12-20,wk inc flu hosp,3,2026-01-17,22,quantile,0.75,1006.3700446341869
2025-12-20,wk inc flu hosp,3,2026-01-17,22,quantile,0.8,1063.073546946347
2025-12-20,wk inc flu hosp,3,2026-01-17,22,quantile,0.85,1098.52154612045
2025-12-20,wk inc flu hosp,3,2026-01-17,22,quantile,0.9,1205.5719649812515
2025-12-20,wk inc flu hosp,3,2026-01-17,22,quantile,0.95,1397.697484285799
2025-12-20,wk inc flu hosp,3,2026-01-17,22,quantile,0.975,1661.9457930906112
2025-12-20,wk inc flu hosp,3,2026-01-17,22,quantile,0.99,2049.813722757183
2025-12-20,wk inc flu hosp,3,2026-01-17,23,quantile,0.01,15.340253424663985
2025-12-20,wk inc flu hosp,3,2026-01-17,23,quantile,0.025,20.43258755347132
2025-12-20,wk inc flu hosp,3,2026-01-17,23,quantile,0.05,26.11559205340006
2025-12-20,wk inc flu hosp,3,2026-01-17,23,quantile,0.1,31.373196368397505
2025-12-20,wk inc flu hosp,3,2026-01-17,23,quantile,0.15,40.39307920341075
2025-12-20,wk inc flu hosp,3,2026-01-17,23,quantile,0.2,49.12018251867766
2025-12-20,wk inc flu hosp,3,2026-01-17,23,quantile,0.25,57.37551025964506
2025-12-20,wk inc flu hosp,3,2026-01-17,23,quantile,0.3,66.15669948651785
2025-12-20,wk inc flu hosp,3,2026-01-17,23,quantile,0.35,77.6357491164091
2025-12-20,wk inc flu hosp,3,2026-01-17,23,quantile,0.4,90.53663032187404
2025-12-20,wk inc flu hosp,3,2026-01-17,23,quantile,0.45,104.72817254199649
2025-12-20,wk inc flu hosp,3,2026-01-17,23,quantile,0.5,121.77821405490603
2025-12-20,wk inc flu hosp,3,2026-01-17,23,quantile,0.55,141.25333904268965
2025-12-20,wk inc flu hosp,3,2026-01-17,23,quantile,0.6,162.0993619909851
2025-12-20,wk inc flu hosp,3,2026-01-17,23,quantile,0.65,183.00248586147347
2025-12-20,wk inc flu hosp,3,2026-01-17,23,quantile,0.7,213.4496876214622
2025-12-20,wk inc flu hosp,3,2026-01-17,23,quantile,0.75,254.58410641557901
2025-12-20,wk inc flu hosp,3,2026-01-17,23,quantile,0.8,305.7176646078851
2025-12-20,wk inc flu hosp,3,2026-01-17,23,quantile,0.85,380.6780245931889
2025-12-20,wk inc flu hosp,3,2026-01-17,23,quantile,0.9,474.3837218685422
2025-12-20,wk inc flu hosp,3,2026-01-17,23,quantile,0.95,608.3133236976616
2025-12-20,wk inc flu hosp,3,2026-01-17,23,quantile,0.975,639.1860276348197
2025-12-20,wk inc flu hosp,3,2026-01-17,23,quantile,0.99,656.143101672314
2025-12-20,wk inc flu hosp,3,2026-01-17,24,quantile,0.01,51.27498432791075
2025-12-20,wk inc flu hosp,3,2026-01-17,24,quantile,0.025,63.74351188047918
2025-12-20,wk inc flu hosp,3,2026-01-17,24,quantile,0.05,126.76319296629887
2025-12-20,wk inc flu hosp,3,2026-01-17,24,quantile,0.1,182.39687779999105
2025-12-20,wk inc flu hosp,3,2026-01-17,24,quantile,0.15,231.92747201675945
2025-12-20,wk inc flu hosp,3,2026-01-17,24,quantile,0.2,278.36448762380917
2025-12-20,wk inc flu hosp,3,2026-01-17,24,quantile,0.25,324.2836095052764
2025-12-20,wk inc flu hosp,3,2026-01-17,24,quantile,0.3,372.3572974385534
2025-12-20,wk inc flu hosp,3,2026-01-17,24,quantile,0.35,421.95736531881283
2025-12-20,wk inc flu hosp,3,2026-01-17,24,quantile,0.4,476.35803660893805
2025-12-20,wk inc flu hosp,3,2026-01-17,24,quantile,0.45,542.3863127942301
2025-12-20,wk inc flu hosp,3,2026-01-17,24,quantile,0.5,642.2658785553658
2025-12-20,wk inc flu hosp,3,2026-01-17,24,quantile,0.55,813.6471630484659
2025-12-20,wk inc flu hosp,3,2026-01-17,24,quantile,0.6,951.8815556956149
2025-12-20,wk inc flu hosp,3,2026-01-17,24,quantile,0.65,1264.3926945925073
2025-12-20,wk inc flu hosp,3,2026-01-17,24,quantile,0.7,1298.9555494827764
2025-12-20,wk inc flu hosp,3,2026-01-17,24,quantile,0.75,1710.7785413957984
2025-12-20,wk inc flu hosp,3,2026-01-17,24,quantile,0.8,1954.5685777006738
2025-12-20,wk inc flu hosp,3,2026-01-17,24,quantile,0.85,2126.8322184841118
2025-12-20,wk inc flu hosp,3,2026-01-17,24,quantile,0.9,2656.5263205584647
2025-12-20,wk inc flu hosp,3,2026-01-17,24,quantile,0.95,3095.6192982195016
2025-12-20,wk inc flu hosp,3,2026-01-17,24,quantile,0.975,3432.028951747723
2025-12-20,wk inc flu hosp,3,2026-01-17,24,quantile,0.99,3507.8270743929684
2025-12-20,wk inc flu hosp,3,2026-01-17,25,quantile,0.01,112.74500188786718
2025-12-20,wk inc flu hosp,3,2026-01-17,25,quantile,0.025,130.08144145474753
2025-12-20,wk inc flu hosp,3,2026-01-17,25,quantile,0.05,143.2118404992637
2025-12-20,wk inc flu hosp,3,2026-01-17,25,quantile,0.1,194.35119464111278
2025-12-20,wk inc flu hosp,3,2026-01-17,25,quantile,0.15,241.51304312164442
2025-12-20,wk inc flu hosp,3,2026-01-17,25,quantile,0.2,283.45398293605894
2025-12-20,wk inc flu hosp,3,2026-01-17,25,quantile,0.25,323.0813356593809
2025-12-20,wk inc flu hosp,3,2026-01-17,25,quantile,0.3,357.7625468016081
2025-12-20,wk inc flu hosp,3,2026-01-17,25,quantile,0.35,399.28019716095093
2025-12-20,wk inc flu hosp,3,2026-01-17,25,quantile,0.4,449.52852166211915
2025-12-20,wk inc flu hosp,3,2026-01-17,25,quantile,0.45,511.7739028222215
2025-12-20,wk inc flu hosp,3,2026-01-17,25,quantile,0.5,600.581030176091
2025-12-20,wk inc flu hosp,3,2026-01-17,25,quantile,0.55,720.4689608154875
2025-12-20,wk inc flu hosp,3,2026-01-17,25,quantile,0.6,873.7461744009003
2025-12-20,wk inc flu hosp,3,2026-01-17,25,quantile,0.65,1067.1002486469192
2025-12-20,wk inc flu hosp,3,2026-01-17,25,quantile,0.7,1562.1964488970261
2025-12-20,wk inc flu hosp,3,2026-01-17,25,quantile,0.75,2044.2886673897158
2025-12-20,wk inc flu hosp,3,2026-01-17,25,quantile,0.8,2473.1130001992096
2025-12-20,wk inc flu hosp,3,2026-01-17,25,quantile,0.85,2991.6590289804694
2025-12-20,wk inc flu hosp,3,2026-01-17,25,quantile,0.9,3055.6504745607817
2025-12-20,wk inc flu hosp,3,2026-01-17,25,quantile,0.95,3170.8636745192925
2025-12-20,wk inc flu hosp,3,2026-01-17,25,quantile,0.975,3513.36519417883
2025-12-20,wk inc flu hosp,3,2026-01-17,25,quantile,0.99,3517.0433142597026
2025-12-20,wk inc flu hosp,3,2026-01-17,26,quantile,0.01,67.41271684460082
2025-12-20,wk inc flu hosp,3,2026-01-17,26,quantile,0.025,97.98181206966451
2025-12-20,wk inc flu hosp,3,2026-01-17,26,quantile,0.05,143.54763809783486
2025-12-20,wk inc flu hosp,3,2026-01-17,26,quantile,0.1,213.89151646612683
2025-12-20,wk inc flu hosp,3,2026-01-17,26,quantile,0.15,292.8987390406044
2025-12-20,wk inc flu hosp,3,2026-01-17,26,quantile,0.2,374.7495131507603
2025-12-20,wk inc flu hosp,3,2026-01-17,26,quantile,0.25,438.9762827309787
2025-12-20,wk inc flu hosp,3,2026-01-17,26,quantile,0.3,493.5013691718141
2025-12-20,wk inc flu hosp,3,2026-01-17,26,quantile,0.35,567.3299434299246
2025-12-20,wk inc flu hosp,3,2026-01-17,26,quantile,0.4,646.554137831927
2025-12-20,wk inc flu hosp,3,2026-01-17,26,quantile,0.45,700.179866122093
2025-12-20,wk inc flu hosp,3,2026-01-17,26,quantile,0.5,778.2258976256358
2025-12-20,wk inc flu hosp,3,2026-01-17,26,quantile,0.55,877.2715594853892
2025-12-20,wk inc flu hosp,3,2026-01-17,26,quantile,0.6,1075.6430758392999
2025-12-20,wk inc flu hosp,3,2026-01-17,26,quantile,0.65,1277.8210390661404
2025-12-20,wk inc flu hosp,3,2026-01-17,26,quantile,0.7,1398.0368064761076
2025-12-20,wk inc flu hosp,3,2026-01-17,26,quantile,0.75,1533.501535643991
2025-12-20,wk inc flu hosp,3,2026-01-17,26,quantile,0.8,1770.648561915973
2025-12-20,wk inc flu hosp,3,2026-01-17,26,quantile,0.85,2020.9018825845858
2025-12-20,wk inc flu hosp,3,2026-01-17,26,quantile,0.9,2253.899678176101
2025-12-20,wk inc flu hosp,3,2026-01-17,26,quantile,0.95,3424.0689383059275
2025-12-20,wk inc flu hosp,3,2026-01-17,26,quantile,0.975,3945.2700296727103
2025-12-20,wk inc flu hosp,3,2026-01-17,26,quantile,0.99,3992.1862994145417
2025-12-20,wk inc flu hosp,3,2026-01-17,27,quantile,0.01,21.66867563773503
2025-12-20,wk inc flu hosp,3,2026-01-17,27,quantile,0.025,54.19036774347338
2025-12-20,wk inc flu hosp,3,2026-01-17,27,quantile,0.05,113.59211467811618
2025-12-20,wk inc flu hosp,3,2026-01-17,27,quantile,0.1,157.06853997962844
2025-12-20,wk inc flu hosp,3,2026-01-17,27,quantile,0.15,199.8851490793262
2025-12-20,wk inc flu hosp,3,2026-01-17,27,quantile,0.2,244.81371091622293
2025-12-20,wk inc flu hosp,3,2026-01-17,27,quantile,0.25,278.1443857260994
2025-12-20,wk inc flu hosp,3,2026-01-17,27,quantile,0.3,331.2660775764545
2025-12-20,wk inc flu hosp,3,2026-01-17,27,quantile,0.35,382.75596713945936
2025-12-20,wk inc flu hosp,3,2026-01-17,27,quantile,0.4,433.74057107580586
2025-12-20,wk inc flu hosp,3,2026-01-17,27,quantile,0.45,475.26342614678117
2025-12-20,wk inc flu hosp,3,2026-01-17,27,quantile,0.5,519.0201423276851
2025-12-20,wk inc flu hosp,3,2026-01-17,27,quantile,0.55,581.0550122699398
2025-12-20,wk inc flu hosp,3,2026-01-17,27,quantile,0.6,662.8699505372417
2025-12-20,wk inc flu hosp,3,2026-01-17,27,quantile,0.65,784.8181900891768
2025-12-20,wk inc flu hosp,3,2026-01-17,27,quantile,0.7,910.3896258225976
2025-12-20,wk inc flu hosp,3,2026-01-17,27,quantile,0.75,1170.3364338351234
2025-12-20,wk inc flu hosp,3,2026-01-17,27,quantile,0.8,1536.9960588261927
2025-12-20,wk inc flu hosp,3,2026-01-17,27,quantile,0.85,1956.8465755291334
2025-12-20,wk inc flu hosp,3,2026-01-17,27,quantile,0.9,2292.6624464720735
2025-12-20,wk inc flu hosp,3,2026-01-17,27,quantile,0.95,2410.336984512323
2025-12-20,wk inc flu hosp,3,2026-01-17,27,quantile,0.975,2640.515368867806
2025-12-20,wk inc flu hosp,3,2026-01-17,27,quantile,0.99,2773.001651401582
2025-12-20,wk inc flu hosp,3,2026-01-17,28,quantile,0.01,33.20496437843169
2025-12-20,wk inc flu hosp,3,2026-01-17,28,quantile,0.025,43.69403163088259
2025-12-20,wk inc flu hosp,3,2026-01-17,28,quantile,0.05,51.28464272402965
2025-12-20,wk inc flu hosp,3,2026-01-17,28,quantile,0.1,64.77109050802841
2025-12-20,wk inc flu hosp,3,2026-01-17,28,quantile,0.15,75.65059755090978
2025-12-20,wk inc flu hosp,3,2026-01-17,28,quantile,0.2,87.01846583978477
2025-12-20,wk inc flu hosp,3,2026-01-17,28,quantile,0.25,98.01737523312386
2025-12-20,wk inc flu hosp,3,2026-01-17,28,quantile,0.3,109.96078095319736
2025-12-20,wk inc flu hosp,3,2026-01-17,28,quantile,0.35,123.44560999099356
2025-12-20,wk inc flu hosp,3,2026-01-17,28,quantile,0.4,136.59843087395362
2025-12-20,wk inc flu hosp,3,2026-01-17,28,quantile,0.45,152.30020009741077
2025-12-20,wk inc flu hosp,3,2026-01-17,28,quantile,0.5,169.82691654208423
2025-12-20,wk inc flu hosp,3,2026-01-17,28,quantile,0.55,187.16215871590853
2025-12-20,wk inc flu hosp,3,2026-01-17,28,quantile,0.6,203.81493680046108
2025-12-20,wk inc flu hosp,3,2026-01-17,28,quantile,0.65,216.98159462114685
2025-12-20,wk inc flu hosp,3,2026-01-17,28,quantile,0.7,230.7086298386309
2025-12-20,wk inc flu hosp,3,2026-01-17,28,quantile,0.75,255.33723137919083
2025-12-20,wk inc flu hosp,3,2026-01-17,28,quantile,0.8,293.9836406445537
2025-12-20,wk inc flu hosp,3,2026-01-17,28,quantile,0.85,359.9362353645118
2025-12-20,wk inc flu hosp,3,2026-01-17,28,quantile,0.9,437.87331532781667
2025-12-20,wk inc flu hosp,3,2026-01-17,28,quantile,0.95,501.71755976560064
2025-12-20,wk inc flu hosp,3,2026-01-17,28,quantile,0.975,546.3167749599281
2025-12-20,wk inc flu hosp,3,2026-01-17,28,quantile,0.99,606.1242381726181
2025-12-20,wk inc flu hosp,3,2026-01-17,29,quantile,0.01,26.206933727448018
2025-12-20,wk inc flu hosp,3,2026-01-17,29,quantile,0.025,43.42156877207517
2025-12-20,wk inc flu hosp,3,2026-01-17,29,quantile,0.05,63.873441673416046
2025-12-20,wk inc flu hosp,3,2026-01-17,29,quantile,0.1,121.57984974154103
2025-12-20,wk inc flu hosp,3,2026-01-17,29,quantile,0.15,162.44557371157842
2025-12-20,wk inc flu hosp,3,2026-01-17,29,quantile,0.2,201.59945062379566
2025-12-20,wk inc flu hosp,3,2026-01-17,29,quantile,0.25,232.30932745361818
2025-12-20,wk inc flu hosp,3,2026-01-17,29,quantile,0.3,255.73981089372907
2025-12-20,wk inc flu hosp,3,2026-01-17,29,quantile,0.35,282.94403295576086
2025-12-20,wk inc flu hosp,3,2026-01-17,29,quantile,0.4,318.1086142510749
2025-12-20,wk inc flu hosp,3,2026-01-17,29,quantile,0.45,348.5958456018234
2025-12-20,wk inc flu hosp,3,2026-01-17,29,quantile,0.5,376.3960581303089
2025-12-20,wk inc flu hosp,3,2026-01-17,29,quantile,0.55,411.4037069455706
2025-12-20,wk inc flu hosp,3,2026-01-17,29,quantile,0.6,459.3042209173334
2025-12-20,wk inc flu hosp,3,2026-01-17,29,quantile,0.65,509.74667580304737
2025-12-20,wk inc flu hosp,3,2026-01-17,29,quantile,0.7,555.042439957327
2025-12-20,wk inc flu hosp,3,2026-01-17,29,quantile,0.75,591.4045435474394
2025-12-20,wk inc flu hosp,3,2026-01-17,29,quantile,0.8,649.7037162245188
2025-12-20,wk inc flu hosp,3,2026-01-17,29,quantile,0.85,763.3806167356877
2025-12-20,wk inc flu hosp,3,2026-01-17,29,quantile,0.9,909.8396277647162
2025-12-20,wk inc flu hosp,3,2026-01-17,29,quantile,0.95,1209.6567355230338
2025-12-20,wk inc flu hosp,3,2026-01-17,29,quantile,0.975,1217.3583181477736
2025-12-20,wk inc flu hosp,3,2026-01-17,29,quantile,0.99,1218.9779692402076
2025-12-20,wk inc flu hosp,3,2026-01-17,30,quantile,0.01,3.7316691990570283
2025-12-20,wk inc flu hosp,3,2026-01-17,30,quantile,0.025,4.5883524178032005
2025-12-20,wk inc flu hosp,3,2026-01-17,30,quantile,0.05,6.045611353844712
2025-12-20,wk inc flu hosp,3,2026-01-17,30,quantile,0.1,9.905592895145345
2025-12-20,wk inc flu hosp,3,2026-01-17,30,quantile,0.15,13.925711610287465
2025-12-20,wk inc flu hosp,3,2026-01-17,30,quantile,0.2,19.8656627171284
2025-12-20,wk inc flu hosp,3,2026-01-17,30,quantile,0.25,25.062016832506096
2025-12-20,wk inc flu hosp,3,2026-01-17,30,quantile,0.3,31.085363183479252
2025-12-20,wk inc flu hosp,3,2026-01-17,30,quantile,0.35,37.04232412621547
2025-12-20,wk inc flu hosp,3,2026-01-17,30,quantile,0.4,41.84046855215489
2025-12-20,wk inc flu hosp,3,2026-01-17,30,quantile,0.45,45.688478070353845
2025-12-20,wk inc flu hosp,3,2026-01-17,30,quantile,0.5,49.24827208185217
2025-12-20,wk inc flu hosp,3,2026-01-17,30,quantile,0.55,54.77235495165411
2025-12-20,wk inc flu hosp,3,2026-01-17,30,quantile,0.6,60.54089250267701
2025-12-20,wk inc flu hosp,3,2026-01-17,30,quantile,0.65,66.04432020260118
2025-12-20,wk inc flu hosp,3,2026-01-17,30,quantile,0.7,72.35098040872185
2025-12-20,wk inc flu hosp,3,2026-01-17,30,quantile,0.75,78.78120122610835
2025-12-20,wk inc flu hosp,3,2026-01-17,30,quantile,0.8,86.18957592825537
2025-12-20,wk inc flu hosp,3,2026-01-17,30,quantile,0.85,99.61226102231458
2025-12-20,wk inc flu hosp,3,2026-01-17,30,quantile,0.9,111.4458728507345
2025-12-20,wk inc flu hosp,3,2026-01-17,30,quantile,0.95,145.06324555494473
2025-12-20,wk inc flu hosp,3,2026-01-17,30,quantile,0.975,155.1411182438463
2025-12-20,wk inc flu hosp,3,2026-01-17,30,quantile,0.99,223.96079855597372
2025-12-20,wk inc flu hosp,3,2026-01-17,31,quantile,0.01,3.4656669563859905
2025-12-20,wk inc flu hosp,3,2026-01-17,31,quantile,0.025,5.557750326905527
2025-12-20,wk inc flu hosp,3,2026-01-17,31,quantile,0.05,9.669345712406965
2025-12-20,wk inc flu hosp,3,2026-01-17,31,quantile,0.1,18.162893767749484
2025-12-20,wk inc flu hosp,3,2026-01-17,31,quantile,0.15,21.783801339896826
2025-12-20,wk inc flu hosp,3,2026-01-17,31,quantile,0.2,27.091742408746594
2025-12-20,wk inc flu hosp,3,2026-01-17,31,quantile,0.25,34.79890614684416
2025-12-20,wk inc flu hosp,3,2026-01-17,31,quantile,0.3,42.82193476673339
2025-12-20,wk inc flu hosp,3,2026-01-17,31,quantile,0.35,51.95498131502618
2025-12-20,wk inc flu hosp,3,2026-01-17,31,quantile,0.4,61.062657414719936
2025-12-20,wk inc flu hosp,3,2026-01-17,31,quantile,0.45,71.28952303719448
2025-12-20,wk inc flu hosp,3,2026-01-17,31,quantile,0.5,81.27713666835764
2025-12-20,wk inc flu hosp,3,2026-01-17,31,quantile,0.55,96.61898985053668
2025-12-20,wk inc flu hosp,3,2026-01-17,31,quantile,0.6,129.77453850584942
2025-12-20,wk inc flu hosp,3,2026-01-17,31,quantile,0.65,194.3584826881417
2025-12-20,wk inc flu hosp,3,2026-01-17,31,quantile,0.7,249.98139303008583
2025-12-20,wk inc flu hosp,3,2026-01-17,31,quantile,0.75,276.7078453688532
2025-12-20,wk inc flu hosp,3,2026-01-17,31,quantile,0.8,331.7312585010824
2025-12-20,wk inc flu hosp,3,2026-01-17,31,quantile,0.85,369.89270208131234
2025-12-20,wk inc flu hosp,3,2026-01-17,31,quantile,0.9,416.65175040652633
2025-12-20,wk inc flu hosp,3,2026-01-17,31,quantile,0.95,471.6519745048565
2025-12-20,wk inc flu hosp,3,2026-01-17,31,quantile,0.975,503.4056014398657
2025-12-20,wk inc flu hosp,3,2026-01-17,31,quantile,0.99,508.65597482396754
2025-12-20,wk inc flu hosp,3,2026-01-17,32,quantile,0.01,24.86634356811274
2025-12-20,wk inc flu hosp,3,2026-01-17,32,quantile,0.025,37.237681748532914
2025-12-20,wk inc flu hosp,3,2026-01-17,32,quantile,0.05,47.06811632181807
2025-12-20,wk inc flu hosp,3,2026-01-17,32,quantile,0.1,55.60683665892534
2025-12-20,wk inc flu hosp,3,2026-01-17,32,quantile,0.15,64.2933862227935
2025-12-20,wk inc flu hosp,3,2026-01-17,32,quantile,0.2,72.07827949081147
2025-12-20,wk inc flu hosp,3,2026-01-17,32,quantile,0.25,80.63718527701289
2025-12-20,wk inc flu hosp,3,2026-01-17,32,quantile,0.3,88.46183716818825
2025-12-20,wk inc flu hosp,3,2026-01-17,32,quantile,0.35,95.54532076039277
2025-12-20,wk inc flu hosp,3,2026-01-17,32,quantile,0.4,103.43985669158698
2025-12-20,wk inc flu hosp,3,2026-01-17,32,quantile,0.45,114.71779280868448
2025-12-20,wk inc flu hosp,3,2026-01-17,32,quantile,0.5,127.24179418557756
2025-12-20,wk inc flu hosp,3,2026-01-17,32,quantile,0.55,139.04137990712127
2025-12-20,wk inc flu hosp,3,2026-01-17,32,quantile,0.6,158.9450784458609
2025-12-20,wk inc flu hosp,3,2026-01-17,32,quantile,0.65,182.45541366284078
2025-12-20,wk inc flu hosp,3,2026-01-17,32,quantile,0.7,198.91236808861615
2025-12-20,wk inc flu hosp,3,2026-01-17,32,quantile,0.75,221.3443532622466
2025-12-20,wk inc flu hosp,3,2026-01-17,32,quantile,0.8,260.6556662648684
2025-12-20,wk inc flu hosp,3,2026-01-17,32,quantile,0.85,295.7087505516185
2025-12-20,wk inc flu hosp,3,2026-01-17,32,quantile,0.9,324.2677172929943
2025-12-20,wk inc flu hosp,3,2026-01-17,32,quantile,0.95,396.00118946736615
2025-12-20,wk inc flu hosp,3,2026-01-17,32,quantile,0.975,467.58255124670677
2025-12-20,wk inc flu hosp,3,2026-01-17,32,quantile,0.99,480.25727121383807
2025-12-20,wk inc flu hosp,3,2026-01-17,33,quantile,0.01,3.87003866651399
2025-12-20,wk inc flu hosp,3,2026-01-17,33,quantile,0.025,8.803015567623866
2025-12-20,wk inc flu hosp,3,2026-01-17,33,quantile,0.05,20.192461784983486
2025-12-20,wk inc flu hosp,3,2026-01-17,33,quantile,0.1,30.14707381113166
2025-12-20,wk inc flu hosp,3,2026-01-17,33,quantile,0.15,38.563908046721494
2025-12-20,wk inc flu hosp,3,2026-01-17,33,quantile,0.2,45.768590384515086
2025-12-20,wk inc flu hosp,3,2026-01-17,33,quantile,0.25,52.42403275791151
2025-12-20,wk inc flu hosp,3,2026-01-17,33,quantile,0.3,59.446247808696654
2025-12-20,wk inc flu hosp,3,2026-01-17,33,quantile,0.35,66.59907305865813
2025-12-20,wk inc flu hosp,3,2026-01-17,33,quantile,0.4,74.96825247814687
2025-12-20,wk inc flu hosp,3,2026-01-17,33,quantile,0.45,83.83805966026297
2025-12-20,wk inc flu hosp,3,2026-01-17,33,quantile,0.5,99.53820211129695
2025-12-20,wk inc flu hosp,3,2026-01-17,33,quantile,0.55,131.637449145013
2025-12-20,wk inc flu hosp,3,2026-01-17,33,quantile,0.6,165.6139024889023
2025-12-20,wk inc flu hosp,3,2026-01-17,33,quantile,0.65,230.14686640959903
2025-12-20,wk inc flu hosp,3,2026-01-17,33,quantile,0.7,266.3006471037602
2025-12-20,wk inc flu hosp,3,2026-01-17,33,quantile,0.75,293.85747501094363
2025-12-20,wk inc flu hosp,3,2026-01-17,33,quantile,0.8,353.9506583038345
2025-12-20,wk inc flu hosp,3,2026-01-17,33,quantile,0.85,404.74909889488293
2025-12-20,wk inc flu hosp,3,2026-01-17,33,quantile,0.9,502.4806781289795
2025-12-20,wk inc flu hosp,3,2026-01-17,33,quantile,0.95,521.3950604338568
2025-12-20,wk inc flu hosp,3,2026-01-17,33,quantile,0.975,544.3213204237647
2025-12-20,wk inc flu hosp,3,2026-01-17,33,quantile,0.99,570.7043247655465
2025-12-20,wk inc flu hosp,3,2026-01-17,34,quantile,0.01,101.87350678421957
2025-12-20,wk inc flu hosp,3,2026-01-17,34,quantile,0.025,215.48767196184247
2025-12-20,wk inc flu hosp,3,2026-01-17,34,quantile,0.05,323.9908996195356
2025-12-20,wk inc flu hosp,3,2026-01-17,34,quantile,0.1,437.1441437304327
2025-12-20,wk inc flu hosp,3,2026-01-17,34,quantile,0.15,584.9903616998341
2025-12-20,wk inc flu hosp,3,2026-01-17,34,quantile,0.2,691.0792913698439
2025-12-20,wk inc flu hosp,3,2026-01-17,34,quantile,0.25,875.0815631030725
2025-12-20,wk inc flu hosp,3,2026-01-17,34,quantile,0.3,1036.1437745518178
2025-12-20,wk inc flu hosp,3,2026-01-17,34,quantile,0.35,1194.990393730194
2025-12-20,wk inc flu hosp,3,2026-01-17,34,quantile,0.4,1366.6267031366078
2025-12-20,wk inc flu hosp,3,2026-01-17,34,quantile,0.45,1568.242108749026
2025-12-20,wk inc flu hosp,3,2026-01-17,34,quantile,0.5,1839.1788927337786
2025-12-20,wk inc flu hosp,3,2026-01-17,34,quantile,0.55,2181.9378850422154
2025-12-20,wk inc flu hosp,3,2026-01-17,34,quantile,0.6,2651.2984816694934
2025-12-20,wk inc flu hosp,3,2026-01-17,34,quantile,0.65,3252.5907442206267
2025-12-20,wk inc flu hosp,3,2026-01-17,34,quantile,0.7,4460.735967094429
2025-12-20,wk inc flu hosp,3,2026-01-17,34,quantile,0.75,6105.606141001267
2025-12-20,wk inc flu hosp,3,2026-01-17,34,quantile,0.8,6520.689927723891
2025-12-20,wk inc flu hosp,3,2026-01-17,34,quantile,0.85,6696.287771519726
2025-12-20,wk inc flu hosp,3,2026-01-17,34,quantile,0.9,6699.288027831987
2025-12-20,wk inc flu hosp,3,2026-01-17,34,quantile,0.95,6702.288284144248
2025-12-20,wk inc flu hosp,3,2026-01-17,34,quantile,0.975,7124.405180659308
2025-12-20,wk inc flu hosp,3,2026-01-17,34,quantile,0.99,7223.361683624287
2025-12-20,wk inc flu hosp,3,2026-01-17,35,quantile,0.01,41.063778427949316
2025-12-20,wk inc flu hosp,3,2026-01-17,35,quantile,0.025,52.36702925683096
2025-12-20,wk inc flu hosp,3,2026-01-17,35,quantile,0.05,58.03187054946356
2025-12-20,wk inc flu hosp,3,2026-01-17,35,quantile,0.1,72.57929808355182
2025-12-20,wk inc flu hosp,3,2026-01-17,35,quantile,0.15,84.57751990237621
2025-12-20,wk inc flu hosp,3,2026-01-17,35,quantile,0.2,94.78630170082262
2025-12-20,wk inc flu hosp,3,2026-01-17,35,quantile,0.25,104.96403383271152
2025-12-20,wk inc flu hosp,3,2026-01-17,35,quantile,0.3,114.42762951947658
2025-12-20,wk inc flu hosp,3,2026-01-17,35,quantile,0.35,125.00226860752797
2025-12-20,wk inc flu hosp,3,2026-01-17,35,quantile,0.4,138.28622466842424
2025-12-20,wk inc flu hosp,3,2026-01-17,35,quantile,0.45,155.76322826062136
2025-12-20,wk inc flu hosp,3,2026-01-17,35,quantile,0.5,182.64797922986082
2025-12-20,wk inc flu hosp,3,2026-01-17,35,quantile,0.55,208.21541869351708
2025-12-20,wk inc flu hosp,3,2026-01-17,35,quantile,0.6,251.56865768633713
2025-12-20,wk inc flu hosp,3,2026-01-17,35,quantile,0.65,308.18448680208576
2025-12-20,wk inc flu hosp,3,2026-01-17,35,quantile,0.7,388.49841610147604
2025-12-20,wk inc flu hosp,3,2026-01-17,35,quantile,0.75,426.09513451634393
2025-12-20,wk inc flu hosp,3,2026-01-17,35,quantile,0.8,459.94403075249716
2025-12-20,wk inc flu hosp,3,2026-01-17,35,quantile,0.85,488.3174945444205
2025-12-20,wk inc flu hosp,3,2026-01-17,35,quantile,0.9,544.3385360911901
2025-12-20,wk inc flu hosp,3,2026-01-17,35,quantile,0.95,697.411863723554
2025-12-20,wk inc flu hosp,3,2026-01-17,35,quantile,0.975,1088.4183798663537
2025-12-20,wk inc flu hosp,3,2026-01-17,35,quantile,0.99,1107.5945879167718
2025-12-20,wk inc flu hosp,3,2026-01-17,36,quantile,0.01,244.87598605175825
2025-12-20,wk inc flu hosp,3,2026-01-17,36,quantile,0.025,630.5190833303151
2025-12-20,wk inc flu hosp,3,2026-01-17,36,quantile,0.05,866.802606567667
2025-12-20,wk inc flu hosp,3,2026-01-17,36,quantile,0.1,1121.2109759881805
2025-12-20,wk inc flu hosp,3,2026-01-17,36,quantile,0.15,1237.7606984992726
2025-12-20,wk inc flu hosp,3,2026-01-17,36,quantile,0.2,1359.2934736693803
2025-12-20,wk inc flu hosp,3,2026-01-17,36,quantile,0.25,1490.9262149835656
2025-12-20,wk inc flu hosp,3,2026-01-17,36,quantile,0.3,1638.5489756827021
2025-12-20,wk inc flu hosp,3,2026-01-17,36,quantile,0.35,1802.7276060772977
2025-12-20,wk inc flu hosp,3,2026-01-17,36,quantile,0.4,1994.134963576369
2025-12-20,wk inc flu hosp,3,2026-01-17,36,quantile,0.45,2242.2627621284687
2025-12-20,wk inc flu hosp,3,2026-01-17,36,quantile,0.5,2596.687741491689
2025-12-20,wk inc flu hosp,3,2026-01-17,36,quantile,0.55,3025.483785521803
2025-12-20,wk inc flu hosp,3,2026-01-17,36,quantile,0.6,3608.3231680715635
2025-12-20,wk inc flu hosp,3,2026-01-17,36,quantile,0.65,4444.920859570159
2025-12-20,wk inc flu hosp,3,2026-01-17,36,quantile,0.7,6214.112305072349
2025-12-20,wk inc flu hosp,3,2026-01-17,36,quantile,0.75,7716.06683740637
2025-12-20,wk inc flu hosp,3,2026-01-17,36,quantile,0.8,8297.274927316406
2025-12-20,wk inc flu hosp,3,2026-01-17,36,quantile,0.85,11005.68020612048
2025-12-20,wk inc flu hosp,3,2026-01-17,36,quantile,0.9,12024.840450181238
2025-12-20,wk inc flu hosp,3,2026-01-17,36,quantile,0.95,13377.64597711222
2025-12-20,wk inc flu hosp,3,2026-01-17,36,quantile,0.975,13803.264264692529
2025-12-20,wk inc flu hosp,3,2026-01-17,36,quantile,0.99,13861.659902026033
2025-12-20,wk inc flu hosp,3,2026-01-17,37,quantile,0.01,44.142412575632555
2025-12-20,wk inc flu hosp,3,2026-01-17,37,quantile,0.025,170.27992419347504
2025-12-20,wk inc flu hosp,3,2026-01-17,37,quantile,0.05,256.2433702255745
2025-12-20,wk inc flu hosp,3,2026-01-17,37,quantile,0.1,333.0656566946627
2025-12-20,wk inc flu hosp,3,2026-01-17,37,quantile,0.15,439.20147732779327
2025-12-20,wk inc flu hosp,3,2026-01-17,37,quantile,0.2,578.8343363590633
2025-12-20,wk inc flu hosp,3,2026-01-17,37,quantile,0.25,687.8797235742537
2025-12-20,wk inc flu hosp,3,2026-01-17,37,quantile,0.3,802.7158291484352
2025-12-20,wk inc flu hosp,3,2026-01-17,37,quantile,0.35,921.9651922099279
2025-12-20,wk inc flu hosp,3,2026-01-17,37,quantile,0.4,1063.2629740636853
2025-12-20,wk inc flu hosp,3,2026-01-17,37,quantile,0.45,1242.06795677833
2025-12-20,wk inc flu hosp,3,2026-01-17,37,quantile,0.5,1484.5105503266686
2025-12-20,wk inc flu hosp,3,2026-01-17,37,quantile,0.55,1788.0968291400131
2025-12-20,wk inc flu hosp,3,2026-01-17,37,quantile,0.6,2106.508002007292
2025-12-20,wk inc flu hosp,3,2026-01-17,37,quantile,0.65,2476.561725219523
2025-12-20,wk inc flu hosp,3,2026-01-17,37,quantile,0.7,3196.7962633460825
2025-12-20,wk inc flu hosp,3,2026-01-17,37,quantile,0.75,3835.1380772798925
2025-12-20,wk inc flu hosp,3,2026-01-17,37,quantile,0.8,4339.336260233425
2025-12-20,wk inc flu hosp,3,2026-01-17,37,quantile,0.85,4900.9555192775715
2025-12-20,wk inc flu hosp,3,2026-01-17,37,quantile,0.9,5645.5376552864345
2025-12-20,wk inc flu hosp,3,2026-01-17,37,quantile,0.95,6309.256653536387
2025-12-20,wk inc flu hosp,3,2026-01-17,37,quantile,0.975,6422.352100389031
2025-12-20,wk inc flu hosp,3,2026-01-17,37,quantile,0.99,6548.412170051849
2025-12-20,wk inc flu hosp,3,2026-01-17,38,quantile,0.01,4.115069406845912
2025-12-20,wk inc flu hosp,3,2026-01-17,38,quantile,0.025,8.04418873507928
2025-12-20,wk inc flu hosp,3,2026-01-17,38,quantile,0.05,13.328904317567831
2025-12-20,wk inc flu hosp,3,2026-01-17,38,quantile,0.1,19.130750337340423
2025-12-20,wk inc flu hosp,3,2026-01-17,38,quantile,0.15,26.151670281036534
2025-12-20,wk inc flu hosp,3,2026-01-17,38,quantile,0.2,34.38247730911547
2025-12-20,wk inc flu hosp,3,2026-01-17,38,quantile,0.25,43.69489856533143
2025-12-20,wk inc flu hosp,3,2026-01-17,38,quantile,0.3,52.112430621328095
2025-12-20,wk inc flu hosp,3,2026-01-17,38,quantile,0.35,60.67695340643706
2025-12-20,wk inc flu hosp,3,2026-01-17,38,quantile,0.4,70.0353589539374
2025-12-20,wk inc flu hosp,3,2026-01-17,38,quantile,0.45,78.90491997520996
2025-12-20,wk inc flu hosp,3,2026-01-17,38,quantile,0.5,86.81811874913231
2025-12-20,wk inc flu hosp,3,2026-01-17,38,quantile,0.55,97.07092178426146
2025-12-20,wk inc flu hosp,3,2026-01-17,38,quantile,0.6,114.85197439591802
2025-12-20,wk inc flu hosp,3,2026-01-17,38,quantile,0.65,136.91407416409245
2025-12-20,wk inc flu hosp,3,2026-01-17,38,quantile,0.7,176.191803402973
2025-12-20,wk inc flu hosp,3,2026-01-17,38,quantile,0.75,193.82522229614767
2025-12-20,wk inc flu hosp,3,2026-01-17,38,quantile,0.8,225.38914279120345
2025-12-20,wk inc flu hosp,3,2026-01-17,38,quantile,0.85,253.70098750090008
2025-12-20,wk inc flu hosp,3,2026-01-17,38,quantile,0.9,270.7994083624987
2025-12-20,wk inc flu hosp,3,2026-01-17,38,quantile,0.95,289.9882314933134
2025-12-20,wk inc flu hosp,3,2026-01-17,38,quantile,0.975,353.2334779583873
2025-12-20,wk inc flu hosp,3,2026-01-17,38,quantile,0.99,383.0514694775589
2025-12-20,wk inc flu hosp,3,2026-01-17,39,quantile,0.01,111.91300255787291
2025-12-20,wk inc flu hosp,3,2026-01-17,39,quantile,0.025,169.78860772241487
2025-12-20,wk inc flu hosp,3,2026-01-17,39,quantile,0.05,267.76496236067834
2025-12-20,wk inc flu hosp,3,2026-01-17,39,quantile,0.1,336.87167874920766
2025-12-20,wk inc flu hosp,3,2026-01-17,39,quantile,0.15,555.0019086330714
2025-12-20,wk inc flu hosp,3,2026-01-17,39,quantile,0.2,900.0524363260269
2025-12-20,wk inc flu hosp,3,2026-01-17,39,quantile,0.25,1199.2665499624159
2025-12-20,wk inc flu hosp,3,2026-01-17,39,quantile,0.3,1426.6607993101645
2025-12-20,wk inc flu hosp,3,2026-01-17,39,quantile,0.35,1633.2599478849688
2025-12-20,wk inc flu hosp,3,2026-01-17,39,quantile,0.4,1830.1899690576925
2025-12-20,wk inc flu hosp,3,2026-01-17,39,quantile,0.45,2066.7033621529913
2025-12-20,wk inc flu hosp,3,2026-01-17,39,quantile,0.5,2320.7483499251503
2025-12-20,wk inc flu hosp,3,2026-01-17,39,quantile,0.55,2650.092977576599
2025-12-20,wk inc flu hosp,3,2026-01-17,39,quantile,0.6,3099.348010293538
2025-12-20,wk inc flu hosp,3,2026-01-17,39,quantile,0.65,3619.538450623068
2025-12-20,wk inc flu hosp,3,2026-01-17,39,quantile,0.7,4165.003967360429
2025-12-20,wk inc flu hosp,3,2026-01-17,39,quantile,0.75,5585.671952587698
2025-12-20,wk inc flu hosp,3,2026-01-17,39,quantile,0.8,5719.274253544816
2025-12-20,wk inc flu hosp,3,2026-01-17,39,quantile,0.85,7066.079877043615
2025-12-20,wk inc flu hosp,3,2026-01-17,39,quantile,0.9,7301.0241430348415
2025-12-20,wk inc flu hosp,3,2026-01-17,39,quantile,0.95,7351.9763636509615
2025-12-20,wk inc flu hosp,3,2026-01-17,39,quantile,0.975,7523.71290486253
2025-12-20,wk inc flu hosp,3,2026-01-17,39,quantile,0.99,7647.177005023831
2025-12-20,wk inc flu hosp,3,2026-01-17,40,quantile,0.01,9.205469243832617
2025-12-20,wk inc flu hosp,3,2026-01-17,40,quantile,0.025,14.26114157573148
2025-12-20,wk inc flu hosp,3,2026-01-17,40,quantile,0.05,27.03347690015833
2025-12-20,wk inc flu hosp,3,2026-01-17,40,quantile,0.1,45.121342611489474
2025-12-20,wk inc flu hosp,3,2026-01-17,40,quantile,0.15,69.71027994330011
2025-12-20,wk inc flu hosp,3,2026-01-17,40,quantile,0.2,93.37375532632477
2025-12-20,wk inc flu hosp,3,2026-01-17,40,quantile,0.25,116.41723856658987
2025-12-20,wk inc flu hosp,3,2026-01-17,40,quantile,0.3,133.66506422231436
2025-12-20,wk inc flu hosp,3,2026-01-17,40,quantile,0.35,142.5374238838074
2025-12-20,wk inc flu hosp,3,2026-01-17,40,quantile,0.4,151.52489176745397
2025-12-20,wk inc flu hosp,3,2026-01-17,40,quantile,0.45,163.32981683489822
2025-12-20,wk inc flu hosp,3,2026-01-17,40,quantile,0.5,187.626423107901
2025-12-20,wk inc flu hosp,3,2026-01-17,40,quantile,0.55,210.59730929359964
2025-12-20,wk inc flu hosp,3,2026-01-17,40,quantile,0.6,231.9909043993977
2025-12-20,wk inc flu hosp,3,2026-01-17,40,quantile,0.65,254.65941967112016
2025-12-20,wk inc flu hosp,3,2026-01-17,40,quantile,0.7,270.6609838894237
2025-12-20,wk inc flu hosp,3,2026-01-17,40,quantile,0.75,298.02679274072955
2025-12-20,wk inc flu hosp,3,2026-01-17,40,quantile,0.8,317.26661093179456
2025-12-20,wk inc flu hosp,3,2026-01-17,40,quantile,0.85,374.86011927977614
2025-12-20,wk inc flu hosp,3,2026-01-17,40,quantile,0.9,457.2407452917017
2025-12-20,wk inc flu hosp,3,2026-01-17,40,quantile,0.95,543.7365067419876
2025-12-20,wk inc flu hosp,3,2026-01-17,40,quantile,0.975,641.687898343544
2025-12-20,wk inc flu hosp,3,2026-01-17,40,quantile,0.99,677.1195936618835
2025-12-20,wk inc flu hosp,3,2026-01-17,41,quantile,0.01,2.787547821633272
2025-12-20,wk inc flu hosp,3,2026-01-17,41,quantile,0.025,8.141206087959226
2025-12-20,wk inc flu hosp,3,2026-01-17,41,quantile,0.05,8.968566779702272
2025-12-20,wk inc flu hosp,3,2026-01-17,41,quantile,0.1,13.700144742222609
2025-12-20,wk inc flu hosp,3,2026-01-17,41,quantile,0.15,18.42971461440265
2025-12-20,wk inc flu hosp,3,2026-01-17,41,quantile,0.2,30.52514497923051
2025-12-20,wk inc flu hosp,3,2026-01-17,41,quantile,0.25,50.739506364248896
2025-12-20,wk inc flu hosp,3,2026-01-17,41,quantile,0.3,58.690365066809434
2025-12-20,wk inc flu hosp,3,2026-01-17,41,quantile,0.35,62.7158130843488
2025-12-20,wk inc flu hosp,3,2026-01-17,41,quantile,0.4,68.8028858243479
2025-12-20,wk inc flu hosp,3,2026-01-17,41,quantile,0.45,77.99213955078972
2025-12-20,wk inc flu hosp,3,2026-01-17,41,quantile,0.5,88.59413220017333
2025-12-20,wk inc flu hosp,3,2026-01-17,41,quantile,0.55,95.49602532472981
2025-12-20,wk inc flu hosp,3,2026-01-17,41,quantile,0.6,104.88786070319757
2025-12-20,wk inc flu hosp,3,2026-01-17,41,quantile,0.65,116.17358229603822
2025-12-20,wk inc flu hosp,3,2026-01-17,41,quantile,0.7,128.5235987998181
2025-12-20,wk inc flu hosp,3,2026-01-17,41,quantile,0.75,142.45631119812083
2025-12-20,wk inc flu hosp,3,2026-01-17,41,quantile,0.8,154.97110526803422
2025-12-20,wk inc flu hosp,3,2026-01-17,41,quantile,0.85,168.08057913948983
2025-12-20,wk inc flu hosp,3,2026-01-17,41,quantile,0.9,181.15563396018885
2025-12-20,wk inc flu hosp,3,2026-01-17,41,quantile,0.95,189.33757941220657
2025-12-20,wk inc flu hosp,3,2026-01-17,41,quantile,0.975,226.18863990652412
2025-12-20,wk inc flu hosp,3,2026-01-17,41,quantile,0.99,277.767896597698
2025-12-20,wk inc flu hosp,3,2026-01-17,42,quantile,0.01,340.2942881932274
2025-12-20,wk inc flu hosp,3,2026-01-17,42,quantile,0.025,461.7424341004809
2025-12-20,wk inc flu hosp,3,2026-01-17,42,quantile,0.05,519.9254823510704
2025-12-20,wk inc flu hosp,3,2026-01-17,42,quantile,0.1,691.2330711899313
2025-12-20,wk inc flu hosp,3,2026-01-17,42,quantile,0.15,863.4754171741614
2025-12-20,wk inc flu hosp,3,2026-01-17,42,quantile,0.2,1023.7070522049295
2025-12-20,wk inc flu hosp,3,2026-01-17,42,quantile,0.25,1201.2712836174899
2025-12-20,wk inc flu hosp,3,2026-01-17,42,quantile,0.3,1370.5766286987441
2025-12-20,wk inc flu hosp,3,2026-01-17,42,quantile,0.35,1548.077606980719
2025-12-20,wk inc flu hosp,3,2026-01-17,42,quantile,0.4,1735.548564724819
2025-12-20,wk inc flu hosp,3,2026-01-17,42,quantile,0.45,1945.6254476776778
2025-12-20,wk inc flu hosp,3,2026-01-17,42,quantile,0.5,2202.293517293119
2025-12-20,wk inc flu hosp,3,2026-01-17,42,quantile,0.55,2575.8904459857
2025-12-20,wk inc flu hosp,3,2026-01-17,42,quantile,0.6,3247.027360686022
2025-12-20,wk inc flu hosp,3,2026-01-17,42,quantile,0.65,4194.772067408481
2025-12-20,wk inc flu hosp,3,2026-01-17,42,quantile,0.7,5567.254157951013
2025-12-20,wk inc flu hosp,3,2026-01-17,42,quantile,0.75,7337.884062738433
2025-12-20,wk inc flu hosp,3,2026-01-17,42,quantile,0.8,8540.395504308151
2025-12-20,wk inc flu hosp,3,2026-01-17,42,quantile,0.85,9310.168905029965
2025-12-20,wk inc flu hosp,3,2026-01-17,42,quantile,0.9,9735.722077634275
2025-12-20,wk inc flu hosp,3,2026-01-17,42,quantile,0.95,9840.158396669049
2025-12-20,wk inc flu hosp,3,2026-01-17,42,quantile,0.975,9851.411883116538
2025-12-20,wk inc flu hosp,3,2026-01-17,42,quantile,0.99,9858.163974985033
2025-12-20,wk inc flu hosp,3,2026-01-17,44,quantile,0.01,4.4203145572978455
2025-12-20,wk inc flu hosp,3,2026-01-17,44,quantile,0.025,7.778811240529295
2025-12-20,wk inc flu hosp,3,2026-01-17,44,quantile,0.05,11.32643669400424
2025-12-20,wk inc flu hosp,3,2026-01-17,44,quantile,0.1,18.407611633589898
2025-12-20,wk inc flu hosp,3,2026-01-17,44,quantile,0.15,25.59364443477549
2025-12-20,wk inc flu hosp,3,2026-01-17,44,quantile,0.2,28.462892289711082
2025-12-20,wk inc flu hosp,3,2026-01-17,44,quantile,0.25,37.323745304984605
2025-12-20,wk inc flu hosp,3,2026-01-17,44,quantile,0.3,48.811156032030354
2025-12-20,wk inc flu hosp,3,2026-01-17,44,quantile,0.35,65.27037214177258
2025-12-20,wk inc flu hosp,3,2026-01-17,44,quantile,0.4,79.30890365124395
2025-12-20,wk inc flu hosp,3,2026-01-17,44,quantile,0.45,95.97056999452369
2025-12-20,wk inc flu hosp,3,2026-01-17,44,quantile,0.5,115.47014620327921
2025-12-20,wk inc flu hosp,3,2026-01-17,44,quantile,0.55,132.4258064773334
2025-12-20,wk inc flu hosp,3,2026-01-17,44,quantile,0.6,181.18750466818923
2025-12-20,wk inc flu hosp,3,2026-01-17,44,quantile,0.65,376.03993205233417
2025-12-20,wk inc flu hosp,3,2026-01-17,44,quantile,0.7,473.429125864373
2025-12-20,wk inc flu hosp,3,2026-01-17,44,quantile,0.75,546.3439026844409
2025-12-20,wk inc flu hosp,3,2026-01-17,44,quantile,0.8,627.8148130336155
2025-12-20,wk inc flu hosp,3,2026-01-17,44,quantile,0.85,692.8869181831548
2025-12-20,wk inc flu hosp,3,2026-01-17,44,quantile,0.9,695.5851104508304
2025-12-20,wk inc flu hosp,3,2026-01-17,44,quantile,0.95,696.6523399291352
2025-12-20,wk inc flu hosp,3,2026-01-17,44,quantile,0.975,708.3955646932276
2025-12-20,wk inc flu hosp,3,2026-01-17,44,quantile,0.99,732.0422923796
2025-12-20,wk inc flu hosp,3,2026-01-17,45,quantile,0.01,98.56185754336315
2025-12-20,wk inc flu hosp,3,2026-01-17,45,quantile,0.025,111.93236876849656
2025-12-20,wk inc flu hosp,3,2026-01-17,45,quantile,0.05,145.36576285622644
2025-12-20,wk inc flu hosp,3,2026-01-17,45,quantile,0.1,201.42933459345724
2025-12-20,wk inc flu hosp,3,2026-01-17,45,quantile,0.15,244.86503288089708
2025-12-20,wk inc flu hosp,3,2026-01-17,45,quantile,0.2,289.277380706195
2025-12-20,wk inc flu hosp,3,2026-01-17,45,quantile,0.25,329.7577110410169
2025-12-20,wk inc flu hosp,3,2026-01-17,45,quantile,0.3,361.8950051606132
2025-12-20,wk inc flu hosp,3,2026-01-17,45,quantile,0.35,401.1220713324553
2025-12-20,wk inc flu hosp,3,2026-01-17,45,quantile,0.4,447.6023989157928
2025-12-20,wk inc flu hosp,3,2026-01-17,45,quantile,0.45,508.0532479080294
2025-12-20,wk inc flu hosp,3,2026-01-17,45,quantile,0.5,590.5063525715768
2025-12-20,wk inc flu hosp,3,2026-01-17,45,quantile,0.55,727.714837110379
2025-12-20,wk inc flu hosp,3,2026-01-17,45,quantile,0.6,889.4859274427921
2025-12-20,wk inc flu hosp,3,2026-01-17,45,quantile,0.65,1142.9207704741261
2025-12-20,wk inc flu hosp,3,2026-01-17,45,quantile,0.7,1611.7982272419433
2025-12-20,wk inc flu hosp,3,2026-01-17,45,quantile,0.75,2149.7061628170154
2025-12-20,wk inc flu hosp,3,2026-01-17,45,quantile,0.8,2465.4577389551796
2025-12-20,wk inc flu hosp,3,2026-01-17,45,quantile,0.85,2821.633445624884
2025-12-20,wk inc flu hosp,3,2026-01-17,45,quantile,0.9,3171.93634072197
2025-12-20,wk inc flu hosp,3,2026-01-17,45,quantile,0.95,3438.8043280776824
2025-12-20,wk inc flu hosp,3,2026-01-17,45,quantile,0.975,3577.669363070253
2025-12-20,wk inc flu hosp,3,2026-01-17,45,quantile,0.99,3663.0324567558205
2025-12-20,wk inc flu hosp,3,2026-01-17,46,quantile,0.01,3.603483806946578
2025-12-20,wk inc flu hosp,3,2026-01-17,46,quantile,0.025,5.74847729442338
2025-12-20,wk inc flu hosp,3,2026-01-17,46,quantile,0.05,8.186768786730154
2025-12-20,wk inc flu hosp,3,2026-01-17,46,quantile,0.1,11.35152070125581
2025-12-20,wk inc flu hosp,3,2026-01-17,46,quantile,0.15,14.798358316167448
2025-12-20,wk inc flu hosp,3,2026-01-17,46,quantile,0.2,22.122783141195455
2025-12-20,wk inc flu hosp,3,2026-01-17,46,quantile,0.25,30.14975642617517
2025-12-20,wk inc flu hosp,3,2026-01-17,46,quantile,0.3,35.41724277694058
2025-12-20,wk inc flu hosp,3,2026-01-17,46,quantile,0.35,40.3656126763738
2025-12-20,wk inc flu hosp,3,2026-01-17,46,quantile,0.4,46.46192904323102
2025-12-20,wk inc flu hosp,3,2026-01-17,46,quantile,0.45,52.796328075908846
2025-12-20,wk inc flu hosp,3,2026-01-17,46,quantile,0.5,58.95722653268574
2025-12-20,wk inc flu hosp,3,2026-01-17,46,quantile,0.55,65.9887385232489
2025-12-20,wk inc flu hosp,3,2026-01-17,46,quantile,0.6,75.82962465847586
2025-12-20,wk inc flu hosp,3,2026-01-17,46,quantile,0.65,89.40321411847879
2025-12-20,wk inc flu hosp,3,2026-01-17,46,quantile,0.7,101.49505624603816
2025-12-20,wk inc flu hosp,3,2026-01-17,46,quantile,0.75,108.32690078867599
2025-12-20,wk inc flu hosp,3,2026-01-17,46,quantile,0.8,113.35585003895069
2025-12-20,wk inc flu hosp,3,2026-01-17,46,quantile,0.85,135.83685695309924
2025-12-20,wk inc flu hosp,3,2026-01-17,46,quantile,0.9,163.02617072434862
2025-12-20,wk inc flu hosp,3,2026-01-17,46,quantile,0.95,206.60126672147203
2025-12-20,wk inc flu hosp,3,2026-01-17,46,quantile,0.975,208.69874743080655
2025-12-20,wk inc flu hosp,3,2026-01-17,46,quantile,0.99,309.8735399108521
2025-12-20,wk inc flu hosp,3,2026-01-17,47,quantile,0.01,58.71242041913333
2025-12-20,wk inc flu hosp,3,2026-01-17,47,quantile,0.025,85.17460254998186
2025-12-20,wk inc flu hosp,3,2026-01-17,47,quantile,0.05,107.28038910263925
2025-12-20,wk inc flu hosp,3,2026-01-17,47,quantile,0.1,146.38507657303347
2025-12-20,wk inc flu hosp,3,2026-01-17,47,quantile,0.15,169.11675434311854
2025-12-20,wk inc flu hosp,3,2026-01-17,47,quantile,0.2,184.86033365049366
2025-12-20,wk inc flu hosp,3,2026-01-17,47,quantile,0.25,208.35531284766293
2025-12-20,wk inc flu hosp,3,2026-01-17,47,quantile,0.3,233.08035009968168
2025-12-20,wk inc flu hosp,3,2026-01-17,47,quantile,0.35,262.8865643409555
2025-12-20,wk inc flu hosp,3,2026-01-17,47,quantile,0.4,300.54767952585024
2025-12-20,wk inc flu hosp,3,2026-01-17,47,quantile,0.45,347.56596457586807
2025-12-20,wk inc flu hosp,3,2026-01-17,47,quantile,0.5,409.07665305210503
2025-12-20,wk inc flu hosp,3,2026-01-17,47,quantile,0.55,490.90250997785216
2025-12-20,wk inc flu hosp,3,2026-01-17,47,quantile,0.6,554.6039517307028
2025-12-20,wk inc flu hosp,3,2026-01-17,47,quantile,0.65,673.6662487695852
2025-12-20,wk inc flu hosp,3,2026-01-17,47,quantile,0.7,789.9934202576259
2025-12-20,wk inc flu hosp,3,2026-01-17,47,quantile,0.75,909.6206817166261
2025-12-20,wk inc flu hosp,3,2026-01-17,47,quantile,0.8,1036.4074706670892
2025-12-20,wk inc flu hosp,3,2026-01-17,47,quantile,0.85,1251.0842712007081
2025-12-20,wk inc flu hosp,3,2026-01-17,47,quantile,0.9,1628.6780228789319
2025-12-20,wk inc flu hosp,3,2026-01-17,47,quantile,0.95,1810.3401448911884
2025-12-20,wk inc flu hosp,3,2026-01-17,47,quantile,0.975,1891.4160728790632
2025-12-20,wk inc flu hosp,3,2026-01-17,47,quantile,0.99,1936.5156332617153
2025-12-20,wk inc flu hosp,3,2026-01-17,48,quantile,0.01,202.1603881317241
2025-12-20,wk inc flu hosp,3,2026-01-17,48,quantile,0.025,365.884422545473
2025-12-20,wk inc flu hosp,3,2026-01-17,48,quantile,0.05,498.1437119201822
2025-12-20,wk inc flu hosp,3,2026-01-17,48,quantile,0.1,583.8024105188475
2025-12-20,wk inc flu hosp,3,2026-01-17,48,quantile,0.15,689.9396129071399
2025-12-20,wk inc flu hosp,3,2026-01-17,48,quantile,0.2,758.1257975182459
2025-12-20,wk inc flu hosp,3,2026-01-17,48,quantile,0.25,827.7114897513562
2025-12-20,wk inc flu hosp,3,2026-01-17,48,quantile,0.3,918.7225534076405
2025-12-20,wk inc flu hosp,3,2026-01-17,48,quantile,0.35,1000.9580096222464
2025-12-20,wk inc flu hosp,3,2026-01-17,48,quantile,0.4,1086.926704306386
2025-12-20,wk inc flu hosp,3,2026-01-17,48,quantile,0.45,1193.199772243758
2025-12-20,wk inc flu hosp,3,2026-01-17,48,quantile,0.5,1326.1186610515801
2025-12-20,wk inc flu hosp,3,2026-01-17,48,quantile,0.55,1431.2875880610873
2025-12-20,wk inc flu hosp,3,2026-01-17,48,quantile,0.6,1526.4863111154082
2025-12-20,wk inc flu hosp,3,2026-01-17,48,quantile,0.65,1697.569959898784
2025-12-20,wk inc flu hosp,3,2026-01-17,48,quantile,0.7,1849.58723086715
2025-12-20,wk inc flu hosp,3,2026-01-17,48,quantile,0.75,1967.6502232147502
2025-12-20,wk inc flu hosp,3,2026-01-17,48,quantile,0.8,2184.030852282653
2025-12-20,wk inc flu hosp,3,2026-01-17,48,quantile,0.85,2414.569030512858
2025-12-20,wk inc flu hosp,3,2026-01-17,48,quantile,0.9,2494.4194245404537
2025-12-20,wk inc flu hosp,3,2026-01-17,48,quantile,0.95,3601.7263025924726
2025-12-20,wk inc flu hosp,3,2026-01-17,48,quantile,0.975,4533.745236019292
2025-12-20,wk inc flu hosp,3,2026-01-17,48,quantile,0.99,6413.03581006346
2025-12-20,wk inc flu hosp,3,2026-01-17,49,quantile,0.01,18.941846488147167
2025-12-20,wk inc flu hosp,3,2026-01-17,49,quantile,0.025,24.090707967878878
2025-12-20,wk inc flu hosp,3,2026-01-17,49,quantile,0.05,30.281464573835365
2025-12-20,wk inc flu hosp,3,2026-01-17,49,quantile,0.1,42.621818023989434
2025-12-20,wk inc flu hosp,3,2026-01-17,49,quantile,0.15,52.20693758649087
2025-12-20,wk inc flu hosp,3,2026-01-17,49,quantile,0.2,65.42270057963175
2025-12-20,wk inc flu hosp,3,2026-01-17,49,quantile,0.25,75.07325550877019
2025-12-20,wk inc flu hosp,3,2026-01-17,49,quantile,0.3,86.26142431177878
2025-12-20,wk inc flu hosp,3,2026-01-17,49,quantile,0.35,99.91632409520749
2025-12-20,wk inc flu hosp,3,2026-01-17,49,quantile,0.4,113.094988383515
2025-12-20,wk inc flu hosp,3,2026-01-17,49,quantile,0.45,120.90834666096401
2025-12-20,wk inc flu hosp,3,2026-01-17,49,quantile,0.5,129.2614659554752
2025-12-20,wk inc flu hosp,3,2026-01-17,49,quantile,0.55,143.57023472811076
2025-12-20,wk inc flu hosp,3,2026-01-17,49,quantile,0.6,160.73786118589052
2025-12-20,wk inc flu hosp,3,2026-01-17,49,quantile,0.65,174.25859433760755
2025-12-20,wk inc flu hosp,3,2026-01-17,49,quantile,0.7,189.19056542321886
2025-12-20,wk inc flu hosp,3,2026-01-17,49,quantile,0.75,214.1704067772476
2025-12-20,wk inc flu hosp,3,2026-01-17,49,quantile,0.8,253.8244022888403
2025-12-20,wk inc flu hosp,3,2026-01-17,49,quantile,0.85,288.5009450450382
2025-12-20,wk inc flu hosp,3,2026-01-17,49,quantile,0.9,376.718945713067
2025-12-20,wk inc flu hosp,3,2026-01-17,49,quantile,0.95,458.0529113026684
2025-12-20,wk inc flu hosp,3,2026-01-17,49,quantile,0.975,509.3414953032443
2025-12-20,wk inc flu hosp,3,2026-01-17,49,quantile,0.99,547.8346321223873
2025-12-20,wk inc flu hosp,3,2026-01-17,50,quantile,0.01,1.577705414454338
2025-12-20,wk inc flu hosp,3,2026-01-17,50,quantile,0.025,2.3595269871561464
2025-12-20,wk inc flu hosp,3,2026-01-17,50,quantile,0.05,2.9113909550057238
2025-12-20,wk inc flu hosp,3,2026-01-17,50,quantile,0.1,4.3530411398723405
2025-12-20,wk inc flu hosp,3,2026-01-17,50,quantile,0.15,6.369558109983712
2025-12-20,wk inc flu hosp,3,2026-01-17,50,quantile,0.2,8.657342944669603
2025-12-20,wk inc flu hosp,3,2026-01-17,50,quantile,0.25,10.429678782376572
2025-12-20,wk inc flu hosp,3,2026-01-17,50,quantile,0.3,12.151075636774184
2025-12-20,wk inc flu hosp,3,2026-01-17,50,quantile,0.35,13.652427456639517
2025-12-20,wk inc flu hosp,3,2026-01-17,50,quantile,0.4,15.197699131555122
2025-12-20,wk inc flu hosp,3,2026-01-17,50,quantile,0.45,17.03751868828151
2025-12-20,wk inc flu hosp,3,2026-01-17,50,quantile,0.5,19.042019030137947
2025-12-20,wk inc flu hosp,3,2026-01-17,50,quantile,0.55,21.209376868631345
2025-12-20,wk inc flu hosp,3,2026-01-17,50,quantile,0.6,24.332654016047425
2025-12-20,wk inc flu hosp,3,2026-01-17,50,quantile,0.65,26.540625597496046
2025-12-20,wk inc flu hosp,3,2026-01-17,50,quantile,0.7,31.75461786422965
2025-12-20,wk inc flu hosp,3,2026-01-17,50,quantile,0.75,38.08782281309059
2025-12-20,wk inc flu hosp,3,2026-01-17,50,quantile,0.8,41.64827172036362
2025-12-20,wk inc flu hosp,3,2026-01-17,50,quantile,0.85,50.6216488018598
2025-12-20,wk inc flu hosp,3,2026-01-17,50,quantile,0.9,59.12453321872929
2025-12-20,wk inc flu hosp,3,2026-01-17,50,quantile,0.95,77.66315427478077
2025-12-20,wk inc flu hosp,3,2026-01-17,50,quantile,0.975,80.02308008750578
2025-12-20,wk inc flu hosp,3,2026-01-17,50,quantile,0.99,80.10130521268218
2025-12-20,wk inc flu hosp,3,2026-01-17,51,quantile,0.01,62.735719503276904
2025-12-20,wk inc flu hosp,3,2026-01-17,51,quantile,0.025,82.88139860812186
2025-12-20,wk inc flu hosp,3,2026-01-17,51,quantile,0.05,121.83103131292006
2025-12-20,wk inc flu hosp,3,2026-01-17,51,quantile,0.1,162.1641139806957
2025-12-20,wk inc flu hosp,3,2026-01-17,51,quantile,0.15,184.807655259848
2025-12-20,wk inc flu hosp,3,2026-01-17,51,quantile,0.2,217.80561114015188
2025-12-20,wk inc flu hosp,3,2026-01-17,51,quantile,0.25,250.45007557614386
2025-12-20,wk inc flu hosp,3,2026-01-17,51,quantile,0.3,282.2838539615056
2025-12-20,wk inc flu hosp,3,2026-01-17,51,quantile,0.35,317.081011357392
2025-12-20,wk inc flu hosp,3,2026-01-17,51,quantile,0.4,355.3853465396952
2025-12-20,wk inc flu hosp,3,2026-01-17,51,quantile,0.45,401.3974710121902
2025-12-20,wk inc flu hosp,3,2026-01-17,51,quantile,0.5,463.9005083000562
2025-12-20,wk inc flu hosp,3,2026-01-17,51,quantile,0.55,566.2056098019576
2025-12-20,wk inc flu hosp,3,2026-01-17,51,quantile,0.6,681.008957297572
2025-12-20,wk inc flu hosp,3,2026-01-17,51,quantile,0.65,718.08741791585
2025-12-20,wk inc flu hosp,3,2026-01-17,51,quantile,0.7,825.143658018481
2025-12-20,wk inc flu hosp,3,2026-01-17,51,quantile,0.75,981.4313051588698
2025-12-20,wk inc flu hosp,3,2026-01-17,51,quantile,0.8,1104.4104740179491
2025-12-20,wk inc flu hosp,3,2026-01-17,51,quantile,0.85,1328.3878146825953
2025-12-20,wk inc flu hosp,3,2026-01-17,51,quantile,0.9,1519.239757375464
2025-12-20,wk inc flu hosp,3,2026-01-17,51,quantile,0.95,1735.9186405623686
2025-12-20,wk inc flu hosp,3,2026-01-17,51,quantile,0.975,1953.6015335602744
2025-12-20,wk inc flu hosp,3,2026-01-17,51,quantile,0.99,2043.6275947963165
2025-12-20,wk inc flu hosp,3,2026-01-17,53,quantile,0.01,4.558609384419311
2025-12-20,wk inc flu hosp,3,2026-01-17,53,quantile,0.025,23.765587633671224
2025-12-20,wk inc flu hosp,3,2026-01-17,53,quantile,0.05,36.5917300843372
2025-12-20,wk inc flu hosp,3,2026-01-17,53,quantile,0.1,54.970315421677995
2025-12-20,wk inc flu hosp,3,2026-01-17,53,quantile,0.15,87.63035702480559
2025-12-20,wk inc flu hosp,3,2026-01-17,53,quantile,0.2,108.41745600397643
2025-12-20,wk inc flu hosp,3,2026-01-17,53,quantile,0.25,124.38295492507301
2025-12-20,wk inc flu hosp,3,2026-01-17,53,quantile,0.3,138.35871408435574
2025-12-20,wk inc flu hosp,3,2026-01-17,53,quantile,0.35,153.88518560600036
2025-12-20,wk inc flu hosp,3,2026-01-17,53,quantile,0.4,169.24246858988482
2025-12-20,wk inc flu hosp,3,2026-01-17,53,quantile,0.45,186.29769585279578
2025-12-20,wk inc flu hosp,3,2026-01-17,53,quantile,0.5,205.24462818372282
2025-12-20,wk inc flu hosp,3,2026-01-17,53,quantile,0.55,225.59381335897748
2025-12-20,wk inc flu hosp,3,2026-01-17,53,quantile,0.6,247.31035524869475
2025-12-20,wk inc flu hosp,3,2026-01-17,53,quantile,0.65,271.6974575516751
2025-12-20,wk inc flu hosp,3,2026-01-17,53,quantile,0.7,302.08058130515747
2025-12-20,wk inc flu hosp,3,2026-01-17,53,quantile,0.75,334.44397443154793
2025-12-20,wk inc flu hosp,3,2026-01-17,53,quantile,0.8,391.5732883440788
2025-12-20,wk inc flu hosp,3,2026-01-17,53,quantile,0.85,485.08592023168023
2025-12-20,wk inc flu hosp,3,2026-01-17,53,quantile,0.9,573.247368403929
2025-12-20,wk inc flu hosp,3,2026-01-17,53,quantile,0.95,756.9268734146291
2025-12-20,wk inc flu hosp,3,2026-01-17,53,quantile,0.975,843.135179616124
2025-12-20,wk inc flu hosp,3,2026-01-17,53,quantile,0.99,887.6169328919682
2025-12-20,wk inc flu hosp,3,2026-01-17,54,quantile,0.01,6.5677008241404415
2025-12-20,wk inc flu hosp,3,2026-01-17,54,quantile,0.025,16.049566276878906
2025-12-20,wk inc flu hosp,3,2026-01-17,54,quantile,0.05,23.41195332600893
2025-12-20,wk inc flu hosp,3,2026-01-17,54,quantile,0.1,37.82182644338458
2025-12-20,wk inc flu hosp,3,2026-01-17,54,quantile,0.15,61.26837259849771
2025-12-20,wk inc flu hosp,3,2026-01-17,54,quantile,0.2,78.52450912664753
2025-12-20,wk inc flu hosp,3,2026-01-17,54,quantile,0.25,92.05095586254177
2025-12-20,wk inc flu hosp,3,2026-01-17,54,quantile,0.3,106.96514818892575
2025-12-20,wk inc flu hosp,3,2026-01-17,54,quantile,0.35,124.05270006716012
2025-12-20,wk inc flu hosp,3,2026-01-17,54,quantile,0.4,139.94266498231283
2025-12-20,wk inc flu hosp,3,2026-01-17,54,quantile,0.45,157.91002453328844
2025-12-20,wk inc flu hosp,3,2026-01-17,54,quantile,0.5,177.98038645372773
2025-12-20,wk inc flu hosp,3,2026-01-17,54,quantile,0.55,200.2383258849394
2025-12-20,wk inc flu hosp,3,2026-01-17,54,quantile,0.6,223.92983727258758
2025-12-20,wk inc flu hosp,3,2026-01-17,54,quantile,0.65,249.43798471339144
2025-12-20,wk inc flu hosp,3,2026-01-17,54,quantile,0.7,280.70968678149694
2025-12-20,wk inc flu hosp,3,2026-01-17,54,quantile,0.75,299.19683801380575
2025-12-20,wk inc flu hosp,3,2026-01-17,54,quantile,0.8,355.000534399245
2025-12-20,wk inc flu hosp,3,2026-01-17,54,quantile,0.85,432.7506500749258
2025-12-20,wk inc flu hosp,3,2026-01-17,54,quantile,0.9,483.2703291815847
2025-12-20,wk inc flu hosp,3,2026-01-17,54,quantile,0.95,575.746401773632
2025-12-20,wk inc flu hosp,3,2026-01-17,54,quantile,0.975,603.3865561734875
2025-12-20,wk inc flu hosp,3,2026-01-17,54,quantile,0.99,614.2181579309585
2025-12-20,wk inc flu hosp,3,2026-01-17,55,quantile,0.01,26.75003822889867
2025-12-20,wk inc flu hosp,3,2026-01-17,55,quantile,0.025,62.78081569186889
2025-12-20,wk inc flu hosp,3,2026-01-17,55,quantile,0.05,101.7205077405307
2025-12-20,wk inc flu hosp,3,2026-01-17,55,quantile,0.1,128.94359943132048
2025-12-20,wk inc flu hosp,3,2026-01-17,55,quantile,0.15,165.30873678332247
2025-12-20,wk inc flu hosp,3,2026-01-17,55,quantile,0.2,221.01761540505416
2025-12-20,wk inc flu hosp,3,2026-01-17,55,quantile,0.25,263.499187820853
2025-12-20,wk inc flu hosp,3,2026-01-17,55,quantile,0.3,310.785563999332
2025-12-20,wk inc flu hosp,3,2026-01-17,55,quantile,0.35,355.2214296459175
2025-12-20,wk inc flu hosp,3,2026-01-17,55,quantile,0.4,394.702124795078
2025-12-20,wk inc flu hosp,3,2026-01-17,55,quantile,0.45,432.5429408658596
2025-12-20,wk inc flu hosp,3,2026-01-17,55,quantile,0.5,487.11692305266195
2025-12-20,wk inc flu hosp,3,2026-01-17,55,quantile,0.55,554.3935950701424
2025-12-20,wk inc flu hosp,3,2026-01-17,55,quantile,0.6,654.0545390100102
2025-12-20,wk inc flu hosp,3,2026-01-17,55,quantile,0.65,814.7718892627161
2025-12-20,wk inc flu hosp,3,2026-01-17,55,quantile,0.7,1090.8950785035586
2025-12-20,wk inc flu hosp,3,2026-01-17,55,quantile,0.75,1392.0750675814224
2025-12-20,wk inc flu hosp,3,2026-01-17,55,quantile,0.8,1475.103269239653
2025-12-20,wk inc flu hosp,3,2026-01-17,55,quantile,0.85,1879.7902448726327
2025-12-20,wk inc flu hosp,3,2026-01-17,55,quantile,0.9,2327.7456014194318
2025-12-20,wk inc flu hosp,3,2026-01-17,55,quantile,0.95,2521.0881372678436
2025-12-20,wk inc flu hosp,3,2026-01-17,55,quantile,0.975,2539.1778994837423
2025-12-20,wk inc flu hosp,3,2026-01-17,55,quantile,0.99,2602.506873898281
2025-12-20,wk inc flu hosp,3,2026-01-17,56,quantile,0.01,3.868222763715691
2025-12-20,wk inc flu hosp,3,2026-01-17,56,quantile,0.025,5.329431906325874
2025-12-20,wk inc flu hosp,3,2026-01-17,56,quantile,0.05,8.31877171069052
2025-12-20,wk inc flu hosp,3,2026-01-17,56,quantile,0.1,11.880282015526692
2025-12-20,wk inc flu hosp,3,2026-01-17,56,quantile,0.15,16.472708238742126
2025-12-20,wk inc flu hosp,3,2026-01-17,56,quantile,0.2,20.232233211862326
2025-12-20,wk inc flu hosp,3,2026-01-17,56,quantile,0.25,23.997135169610445
2025-12-20,wk inc flu hosp,3,2026-01-17,56,quantile,0.3,27.627379022978108
2025-12-20,wk inc flu hosp,3,2026-01-17,56,quantile,0.35,31.76258305824132
2025-12-20,wk inc flu hosp,3,2026-01-17,56,quantile,0.4,36.8796698112984
2025-12-20,wk inc flu hosp,3,2026-01-17,56,quantile,0.45,42.3729060687891
2025-12-20,wk inc flu hosp,3,2026-01-17,56,quantile,0.5,49.34161095180352
2025-12-20,wk inc flu hosp,3,2026-01-17,56,quantile,0.55,57.70606840933258
2025-12-20,wk inc flu hosp,3,2026-01-17,56,quantile,0.6,71.40943044297343
2025-12-20,wk inc flu hosp,3,2026-01-17,56,quantile,0.65,91.465688629207
2025-12-20,wk inc flu hosp,3,2026-01-17,56,quantile,0.7,106.17379229953129
2025-12-20,wk inc flu hosp,3,2026-01-17,56,quantile,0.75,112.87300023109779
2025-12-20,wk inc flu hosp,3,2026-01-17,56,quantile,0.8,126.16153077815584
2025-12-20,wk inc flu hosp,3,2026-01-17,56,quantile,0.85,146.38304520108989
2025-12-20,wk inc flu hosp,3,2026-01-17,56,quantile,0.9,178.14627039832882
2025-12-20,wk inc flu hosp,3,2026-01-17,56,quantile,0.95,238.02511467486042
2025-12-20,wk inc flu hosp,3,2026-01-17,56,quantile,0.975,256.26349904080706
2025-12-20,wk inc flu hosp,3,2026-01-17,56,quantile,0.99,257.4418585638502
2025-12-20,wk inc flu hosp,3,2026-01-17,72,quantile,0.01,59.9466088752183
2025-12-20,wk inc flu hosp,3,2026-01-17,72,quantile,0.025,82.9348029492371
2025-12-20,wk inc flu hosp,3,2026-01-17,72,quantile,0.05,86.40853086676627
2025-12-20,wk inc flu hosp,3,2026-01-17,72,quantile,0.1,123.4723154154452
2025-12-20,wk inc flu hosp,3,2026-01-17,72,quantile,0.15,159.42158192639678
2025-12-20,wk inc flu hosp,3,2026-01-17,72,quantile,0.2,178.48226158412456
2025-12-20,wk inc flu hosp,3,2026-01-17,72,quantile,0.25,214.99337200404665
2025-12-20,wk inc flu hosp,3,2026-01-17,72,quantile,0.3,252.54154619786866
2025-12-20,wk inc flu hosp,3,2026-01-17,72,quantile,0.35,285.93006589748654
2025-12-20,wk inc flu hosp,3,2026-01-17,72,quantile,0.4,320.9010996012519
2025-12-20,wk inc flu hosp,3,2026-01-17,72,quantile,0.45,362.6854763416673
2025-12-20,wk inc flu hosp,3,2026-01-17,72,quantile,0.5,385.94847070671665
2025-12-20,wk inc flu hosp,3,2026-01-17,72,quantile,0.55,429.46401811444406
2025-12-20,wk inc flu hosp,3,2026-01-17,72,quantile,0.6,474.0509840403188
2025-12-20,wk inc flu hosp,3,2026-01-17,72,quantile,0.65,527.33731785401
2025-12-20,wk inc flu hosp,3,2026-01-17,72,quantile,0.7,592.0776565250422
2025-12-20,wk inc flu hosp,3,2026-01-17,72,quantile,0.75,676.599805765823
2025-12-20,wk inc flu hosp,3,2026-01-17,72,quantile,0.8,768.4560421237193
2025-12-20,wk inc flu hosp,3,2026-01-17,72,quantile,0.85,973.8506839049348
2025-12-20,wk inc flu hosp,3,2026-01-17,72,quantile,0.9,1185.0586880310525
2025-12-20,wk inc flu hosp,3,2026-01-17,72,quantile,0.95,1241.8195861200427
2025-12-20,wk inc flu hosp,3,2026-01-17,72,quantile,0.975,1276.1121662760133
2025-12-20,wk inc flu hosp,3,2026-01-17,72,quantile,0.99,1297.9030541782795
2025-12-20,wk inc flu hosp,3,2026-01-17,US,quantile,0.01,3182.239954878372
2025-12-20,wk inc flu hosp,3,2026-01-17,US,quantile,0.025,4529.457958882058
2025-12-20,wk inc flu hosp,3,2026-01-17,US,quantile,0.05,7132.790835438299
2025-12-20,wk inc flu hosp,3,2026-01-17,US,quantile,0.1,10095.85959769122
2025-12-20,wk inc flu hosp,3,2026-01-17,US,quantile,0.15,12797.734745494217
2025-12-20,wk inc flu hosp,3,2026-01-17,US,quantile,0.2,14758.827710274196
2025-12-20,wk inc flu hosp,3,2026-01-17,US,quantile,0.25,16674.54904136985
2025-12-20,wk inc flu hosp,3,2026-01-17,US,quantile,0.3,18084.02050606391
2025-12-20,wk inc flu hosp,3,2026-01-17,US,quantile,0.35,19418.926696505077
2025-12-20,wk inc flu hosp,3,2026-01-17,US,quantile,0.4,21528.126693848146
2025-12-20,wk inc flu hosp,3,2026-01-17,US,quantile,0.45,23866.830334402213
2025-12-20,wk inc flu hosp,3,2026-01-17,US,quantile,0.5,26545.578118450892
2025-12-20,wk inc flu hosp,3,2026-01-17,US,quantile,0.55,29912.30235124875
2025-12-20,wk inc flu hosp,3,2026-01-17,US,quantile,0.6,34456.20959978222
2025-12-20,wk inc flu hosp,3,2026-01-17,US,quantile,0.65,39837.39983425471
2025-12-20,wk inc flu hosp,3,2026-01-17,US,quantile,0.7,42833.00813384439
2025-12-20,wk inc flu hosp,3,2026-01-17,US,quantile,0.75,45464.100798699685
2025-12-20,wk inc flu hosp,3,2026-01-17,US,quantile,0.8,48457.30998424414
2025-12-20,wk inc flu hosp,3,2026-01-17,US,quantile,0.85,51221.00746670847
2025-12-20,wk inc flu hosp,3,2026-01-17,US,quantile,0.9,57232.68516258095
2025-12-20,wk inc flu hosp,3,2026-01-17,US,quantile,0.95,66914.86364257844
2025-12-20,wk inc flu hosp,3,2026-01-17,US,quantile,0.975,98042.73154621776
2025-12-20,wk inc flu hosp,3,2026-01-17,US,quantile,0.99,114989.25672828585
