reference_date,target,horizon,target_end_date,location,output_type,output_type_id,value
2026-01-17,wk inc flu hosp,0,2026-01-17,01,quantile,0.01,134.04024295055967
2026-01-17,wk inc flu hosp,0,2026-01-17,01,quantile,0.025,157.3869789774704
2026-01-17,wk inc flu hosp,0,2026-01-17,01,quantile,0.05,184.39257704042728
2026-01-17,wk inc flu hosp,0,2026-01-17,01,quantile,0.1,216.68033748623156
2026-01-17,wk inc flu hosp,0,2026-01-17,01,quantile,0.15,238.87568096652717
2026-01-17,wk inc flu hosp,0,2026-01-17,01,quantile,0.2,261.32052916476766
2026-01-17,wk inc flu hosp,0,2026-01-17,01,quantile,0.25,282.188246453791
2026-01-17,wk inc flu hosp,0,2026-01-17,01,quantile,0.3,301.45619559224485
2026-01-17,wk inc flu hosp,0,2026-01-17,01,quantile,0.35,320.92140759318625
2026-01-17,wk inc flu hosp,0,2026-01-17,01,quantile,0.4,340.3846744619234
2026-01-17,wk inc flu hosp,0,2026-01-17,01,quantile,0.45,358.4475072339227
2026-01-17,wk inc flu hosp,0,2026-01-17,01,quantile,0.5,377.41037975640796
2026-01-17,wk inc flu hosp,0,2026-01-17,01,quantile,0.55,396.8298777241946
2026-01-17,wk inc flu hosp,0,2026-01-17,01,quantile,0.6,414.7963182631288
2026-01-17,wk inc flu hosp,0,2026-01-17,01,quantile,0.65,435.7287925751892
2026-01-17,wk inc flu hosp,0,2026-01-17,01,quantile,0.7,460.19397100203054
2026-01-17,wk inc flu hosp,0,2026-01-17,01,quantile,0.75,487.1507272781836
2026-01-17,wk inc flu hosp,0,2026-01-17,01,quantile,0.8,526.2802799086949
2026-01-17,wk inc flu hosp,0,2026-01-17,01,quantile,0.85,576.6220657136321
2026-01-17,wk inc flu hosp,0,2026-01-17,01,quantile,0.9,648.136977456643
2026-01-17,wk inc flu hosp,0,2026-01-17,01,quantile,0.95,769.00151713378375
2026-01-17,wk inc flu hosp,0,2026-01-17,01,quantile,0.975,900.1145258933662
2026-01-17,wk inc flu hosp,0,2026-01-17,01,quantile,0.99,1028.8062712370952
2026-01-17,wk inc flu hosp,0,2026-01-17,02,quantile,0.01,7.470556968197296
2026-01-17,wk inc flu hosp,0,2026-01-17,02,quantile,0.025,10.8113722258768
2026-01-17,wk inc flu hosp,0,2026-01-17,02,quantile,0.05,13.761150094669985
2026-01-17,wk inc flu hosp,0,2026-01-17,02,quantile,0.1,19.702368907503953
2026-01-17,wk inc flu hosp,0,2026-01-17,02,quantile,0.15,24.769612103366832
2026-01-17,wk inc flu hosp,0,2026-01-17,02,quantile,0.2,29.809864968730352
2026-01-17,wk inc flu hosp,0,2026-01-17,02,quantile,0.25,34.39472630058817
2026-01-17,wk inc flu hosp,0,2026-01-17,02,quantile,0.3,37.59444303756602
2026-01-17,wk inc flu hosp,0,2026-01-17,02,quantile,0.35,39.938997281515164
2026-01-17,wk inc flu hosp,0,2026-01-17,02,quantile,0.4,41.806865869413116
2026-01-17,wk inc flu hosp,0,2026-01-17,02,quantile,0.45,43.51105919930333
2026-01-17,wk inc flu hosp,0,2026-01-17,02,quantile,0.5,45.23097965329221
2026-01-17,wk inc flu hosp,0,2026-01-17,02,quantile,0.55,47.12692346146743
2026-01-17,wk inc flu hosp,0,2026-01-17,02,quantile,0.6,49.513508192910024
2026-01-17,wk inc flu hosp,0,2026-01-17,02,quantile,0.65,52.881984022268036
2026-01-17,wk inc flu hosp,0,2026-01-17,02,quantile,0.7,57.95009863323047
2026-01-17,wk inc flu hosp,0,2026-01-17,02,quantile,0.75,64.14212390560695
2026-01-17,wk inc flu hosp,0,2026-01-17,02,quantile,0.8,72.23169323328035
2026-01-17,wk inc flu hosp,0,2026-01-17,02,quantile,0.85,84.20270505707622
2026-01-17,wk inc flu hosp,0,2026-01-17,02,quantile,0.9,99.63519643260167
2026-01-17,wk inc flu hosp,0,2026-01-17,02,quantile,0.95,141.84301600937067
2026-01-17,wk inc flu hosp,0,2026-01-17,02,quantile,0.975,180.18787693604952
2026-01-17,wk inc flu hosp,0,2026-01-17,02,quantile,0.99,244.60343331065883
2026-01-17,wk inc flu hosp,0,2026-01-17,04,quantile,0.01,63.39506167008814
2026-01-17,wk inc flu hosp,0,2026-01-17,04,quantile,0.025,78.78068520167773
2026-01-17,wk inc flu hosp,0,2026-01-17,04,quantile,0.05,92.70740046543611
2026-01-17,wk inc flu hosp,0,2026-01-17,04,quantile,0.1,113.86586218289682
2026-01-17,wk inc flu hosp,0,2026-01-17,04,quantile,0.15,131.01185813456047
2026-01-17,wk inc flu hosp,0,2026-01-17,04,quantile,0.2,144.68635493468693
2026-01-17,wk inc flu hosp,0,2026-01-17,04,quantile,0.25,156.91053209182957
2026-01-17,wk inc flu hosp,0,2026-01-17,04,quantile,0.3,168.26275474871744
2026-01-17,wk inc flu hosp,0,2026-01-17,04,quantile,0.35,179.92789683171662
2026-01-17,wk inc flu hosp,0,2026-01-17,04,quantile,0.4,191.59611451151818
2026-01-17,wk inc flu hosp,0,2026-01-17,04,quantile,0.45,203.6273945850282
2026-01-17,wk inc flu hosp,0,2026-01-17,04,quantile,0.5,216.17923974829665
2026-01-17,wk inc flu hosp,0,2026-01-17,04,quantile,0.55,229.4502639138847
2026-01-17,wk inc flu hosp,0,2026-01-17,04,quantile,0.6,243.8531236519767
2026-01-17,wk inc flu hosp,0,2026-01-17,04,quantile,0.65,259.2786329036078
2026-01-17,wk inc flu hosp,0,2026-01-17,04,quantile,0.7,275.2484747750685
2026-01-17,wk inc flu hosp,0,2026-01-17,04,quantile,0.75,295.50820864008296
2026-01-17,wk inc flu hosp,0,2026-01-17,04,quantile,0.8,319.56675808892646
2026-01-17,wk inc flu hosp,0,2026-01-17,04,quantile,0.85,351.6381798044429
2026-01-17,wk inc flu hosp,0,2026-01-17,04,quantile,0.9,396.19354357098644
2026-01-17,wk inc flu hosp,0,2026-01-17,04,quantile,0.95,464.98809631432385
2026-01-17,wk inc flu hosp,0,2026-01-17,04,quantile,0.975,534.6198367979781
2026-01-17,wk inc flu hosp,0,2026-01-17,04,quantile,0.99,614.2990253001947
2026-01-17,wk inc flu hosp,0,2026-01-17,05,quantile,0.01,42.33763702927281
2026-01-17,wk inc flu hosp,0,2026-01-17,05,quantile,0.025,62.43605287320083
2026-01-17,wk inc flu hosp,0,2026-01-17,05,quantile,0.05,85.13539795475448
2026-01-17,wk inc flu hosp,0,2026-01-17,05,quantile,0.1,107.7150973163775
2026-01-17,wk inc flu hosp,0,2026-01-17,05,quantile,0.15,131.4669668656609
2026-01-17,wk inc flu hosp,0,2026-01-17,05,quantile,0.2,151.661332381838
2026-01-17,wk inc flu hosp,0,2026-01-17,05,quantile,0.25,169.8004297959529
2026-01-17,wk inc flu hosp,0,2026-01-17,05,quantile,0.3,186.3413490430748
2026-01-17,wk inc flu hosp,0,2026-01-17,05,quantile,0.35,200.9641859416919
2026-01-17,wk inc flu hosp,0,2026-01-17,05,quantile,0.4,214.9807239730376
2026-01-17,wk inc flu hosp,0,2026-01-17,05,quantile,0.45,229.0978426319709
2026-01-17,wk inc flu hosp,0,2026-01-17,05,quantile,0.5,244.50180927484993
2026-01-17,wk inc flu hosp,0,2026-01-17,05,quantile,0.55,261.1789385911633
2026-01-17,wk inc flu hosp,0,2026-01-17,05,quantile,0.6,278.93875126934574
2026-01-17,wk inc flu hosp,0,2026-01-17,05,quantile,0.65,294.846434067911
2026-01-17,wk inc flu hosp,0,2026-01-17,05,quantile,0.7,316.66523181201404
2026-01-17,wk inc flu hosp,0,2026-01-17,05,quantile,0.75,343.8051921867779
2026-01-17,wk inc flu hosp,0,2026-01-17,05,quantile,0.8,379.1454537856446
2026-01-17,wk inc flu hosp,0,2026-01-17,05,quantile,0.85,420.4090088735327
2026-01-17,wk inc flu hosp,0,2026-01-17,05,quantile,0.9,489.01348700873774
2026-01-17,wk inc flu hosp,0,2026-01-17,05,quantile,0.95,622.416297849093
2026-01-17,wk inc flu hosp,0,2026-01-17,05,quantile,0.975,778.5067888269682
2026-01-17,wk inc flu hosp,0,2026-01-17,05,quantile,0.99,986.6073791484862
2026-01-17,wk inc flu hosp,0,2026-01-17,06,quantile,0.01,505.70599030133036
2026-01-17,wk inc flu hosp,0,2026-01-17,06,quantile,0.025,595.9809343439218
2026-01-17,wk inc flu hosp,0,2026-01-17,06,quantile,0.05,682.9305726345676
2026-01-17,wk inc flu hosp,0,2026-01-17,06,quantile,0.1,806.7323008356769
2026-01-17,wk inc flu hosp,0,2026-01-17,06,quantile,0.15,900.5971702865552
2026-01-17,wk inc flu hosp,0,2026-01-17,06,quantile,0.2,945.8574921516141
2026-01-17,wk inc flu hosp,0,2026-01-17,06,quantile,0.25,1012.9126332474208
2026-01-17,wk inc flu hosp,0,2026-01-17,06,quantile,0.3,1082.0174625069935
2026-01-17,wk inc flu hosp,0,2026-01-17,06,quantile,0.35,1144.9921000800355
2026-01-17,wk inc flu hosp,0,2026-01-17,06,quantile,0.4,1188.0560960482167
2026-01-17,wk inc flu hosp,0,2026-01-17,06,quantile,0.45,1251.7792741414278
2026-01-17,wk inc flu hosp,0,2026-01-17,06,quantile,0.5,1319.8458382914869
2026-01-17,wk inc flu hosp,0,2026-01-17,06,quantile,0.55,1383.2219266289078
2026-01-17,wk inc flu hosp,0,2026-01-17,06,quantile,0.6,1460.4520256426647
2026-01-17,wk inc flu hosp,0,2026-01-17,06,quantile,0.65,1551.0798013732117
2026-01-17,wk inc flu hosp,0,2026-01-17,06,quantile,0.7,1652.3597954796076
2026-01-17,wk inc flu hosp,0,2026-01-17,06,quantile,0.75,1770.363185913927
2026-01-17,wk inc flu hosp,0,2026-01-17,06,quantile,0.8,1916.2005777381128
2026-01-17,wk inc flu hosp,0,2026-01-17,06,quantile,0.85,2090.502704734876
2026-01-17,wk inc flu hosp,0,2026-01-17,06,quantile,0.9,2344.5632920056405
2026-01-17,wk inc flu hosp,0,2026-01-17,06,quantile,0.95,2793.5801082411967
2026-01-17,wk inc flu hosp,0,2026-01-17,06,quantile,0.975,3211.505202772166
2026-01-17,wk inc flu hosp,0,2026-01-17,06,quantile,0.99,3744.9526464908004
2026-01-17,wk inc flu hosp,0,2026-01-17,08,quantile,0.01,117.0423804967954
2026-01-17,wk inc flu hosp,0,2026-01-17,08,quantile,0.025,151.5245524697537
2026-01-17,wk inc flu hosp,0,2026-01-17,08,quantile,0.05,183.63178774532074
2026-01-17,wk inc flu hosp,0,2026-01-17,08,quantile,0.1,231.08751489684852
2026-01-17,wk inc flu hosp,0,2026-01-17,08,quantile,0.15,267.7801497266764
2026-01-17,wk inc flu hosp,0,2026-01-17,08,quantile,0.2,298.22227555776016
2026-01-17,wk inc flu hosp,0,2026-01-17,08,quantile,0.25,325.85515858509314
2026-01-17,wk inc flu hosp,0,2026-01-17,08,quantile,0.3,349.1248015360656
2026-01-17,wk inc flu hosp,0,2026-01-17,08,quantile,0.35,373.4838387384863
2026-01-17,wk inc flu hosp,0,2026-01-17,08,quantile,0.4,397.9336700528685
2026-01-17,wk inc flu hosp,0,2026-01-17,08,quantile,0.45,422.9755808167337
2026-01-17,wk inc flu hosp,0,2026-01-17,08,quantile,0.5,450.13459274845053
2026-01-17,wk inc flu hosp,0,2026-01-17,08,quantile,0.55,479.2659129684159
2026-01-17,wk inc flu hosp,0,2026-01-17,08,quantile,0.6,511.24533333004194
2026-01-17,wk inc flu hosp,0,2026-01-17,08,quantile,0.65,540.6745000795243
2026-01-17,wk inc flu hosp,0,2026-01-17,08,quantile,0.7,575.5005623679092
2026-01-17,wk inc flu hosp,0,2026-01-17,08,quantile,0.75,615.000060523713
2026-01-17,wk inc flu hosp,0,2026-01-17,08,quantile,0.8,646.6472008093156
2026-01-17,wk inc flu hosp,0,2026-01-17,08,quantile,0.85,709.6139995569341
2026-01-17,wk inc flu hosp,0,2026-01-17,08,quantile,0.9,805.9329540870195
2026-01-17,wk inc flu hosp,0,2026-01-17,08,quantile,0.95,973.9579846732263
2026-01-17,wk inc flu hosp,0,2026-01-17,08,quantile,0.975,1206.7915932858386
2026-01-17,wk inc flu hosp,0,2026-01-17,08,quantile,0.99,1549.798264084678
2026-01-17,wk inc flu hosp,0,2026-01-17,09,quantile,0.01,134.5754149497917
2026-01-17,wk inc flu hosp,0,2026-01-17,09,quantile,0.025,151.77764549878177
2026-01-17,wk inc flu hosp,0,2026-01-17,09,quantile,0.05,179.53490608402916
2026-01-17,wk inc flu hosp,0,2026-01-17,09,quantile,0.1,214.21816588958328
2026-01-17,wk inc flu hosp,0,2026-01-17,09,quantile,0.15,243.2525493539741
2026-01-17,wk inc flu hosp,0,2026-01-17,09,quantile,0.2,268.61983435067907
2026-01-17,wk inc flu hosp,0,2026-01-17,09,quantile,0.25,291.5469910837844
2026-01-17,wk inc flu hosp,0,2026-01-17,09,quantile,0.3,311.6618857744745
2026-01-17,wk inc flu hosp,0,2026-01-17,09,quantile,0.35,333.12194013824126
2026-01-17,wk inc flu hosp,0,2026-01-17,09,quantile,0.4,355.0288279616171
2026-01-17,wk inc flu hosp,0,2026-01-17,09,quantile,0.45,377.9013611844104
2026-01-17,wk inc flu hosp,0,2026-01-17,09,quantile,0.5,401.9885901479823
2026-01-17,wk inc flu hosp,0,2026-01-17,09,quantile,0.55,427.61812802263233
2026-01-17,wk inc flu hosp,0,2026-01-17,09,quantile,0.6,455.153075731967
2026-01-17,wk inc flu hosp,0,2026-01-17,09,quantile,0.65,485.24788123077104
2026-01-17,wk inc flu hosp,0,2026-01-17,09,quantile,0.7,518.3583242875023
2026-01-17,wk inc flu hosp,0,2026-01-17,09,quantile,0.75,557.4357876387337
2026-01-17,wk inc flu hosp,0,2026-01-17,09,quantile,0.8,608.3526421167281
2026-01-17,wk inc flu hosp,0,2026-01-17,09,quantile,0.85,678.5681120063659
2026-01-17,wk inc flu hosp,0,2026-01-17,09,quantile,0.9,782.5592595822209
2026-01-17,wk inc flu hosp,0,2026-01-17,09,quantile,0.95,853.849432583283
2026-01-17,wk inc flu hosp,0,2026-01-17,09,quantile,0.975,974.4135601104705
2026-01-17,wk inc flu hosp,0,2026-01-17,09,quantile,0.99,1112.4441234234043
2026-01-17,wk inc flu hosp,0,2026-01-17,10,quantile,0.01,20.04675312214122
2026-01-17,wk inc flu hosp,0,2026-01-17,10,quantile,0.025,26.547199011728765
2026-01-17,wk inc flu hosp,0,2026-01-17,10,quantile,0.05,35.23220562084454
2026-01-17,wk inc flu hosp,0,2026-01-17,10,quantile,0.1,48.96895400079
2026-01-17,wk inc flu hosp,0,2026-01-17,10,quantile,0.15,60.32611891761973
2026-01-17,wk inc flu hosp,0,2026-01-17,10,quantile,0.2,71.14696105051682
2026-01-17,wk inc flu hosp,0,2026-01-17,10,quantile,0.25,81.07369374532016
2026-01-17,wk inc flu hosp,0,2026-01-17,10,quantile,0.3,91.27771431343247
2026-01-17,wk inc flu hosp,0,2026-01-17,10,quantile,0.35,100.32222868939506
2026-01-17,wk inc flu hosp,0,2026-01-17,10,quantile,0.4,110.4272879131309
2026-01-17,wk inc flu hosp,0,2026-01-17,10,quantile,0.45,121.4514591155525
2026-01-17,wk inc flu hosp,0,2026-01-17,10,quantile,0.5,133.36634016635145
2026-01-17,wk inc flu hosp,0,2026-01-17,10,quantile,0.55,146.4421135861034
2026-01-17,wk inc flu hosp,0,2026-01-17,10,quantile,0.6,160.50078075963705
2026-01-17,wk inc flu hosp,0,2026-01-17,10,quantile,0.65,175.2986547169015
2026-01-17,wk inc flu hosp,0,2026-01-17,10,quantile,0.7,191.21651990398766
2026-01-17,wk inc flu hosp,0,2026-01-17,10,quantile,0.75,211.02171377109866
2026-01-17,wk inc flu hosp,0,2026-01-17,10,quantile,0.8,238.92253623957913
2026-01-17,wk inc flu hosp,0,2026-01-17,10,quantile,0.85,267.4259908748658
2026-01-17,wk inc flu hosp,0,2026-01-17,10,quantile,0.9,326.34110112092094
2026-01-17,wk inc flu hosp,0,2026-01-17,10,quantile,0.95,443.9179203213652
2026-01-17,wk inc flu hosp,0,2026-01-17,10,quantile,0.975,565.5102581380871
2026-01-17,wk inc flu hosp,0,2026-01-17,10,quantile,0.99,729.6629141509014
2026-01-17,wk inc flu hosp,0,2026-01-17,11,quantile,0.01,9.253613222923779
2026-01-17,wk inc flu hosp,0,2026-01-17,11,quantile,0.025,12.483292118775127
2026-01-17,wk inc flu hosp,0,2026-01-17,11,quantile,0.05,16.22627804772471
2026-01-17,wk inc flu hosp,0,2026-01-17,11,quantile,0.1,22.773326783364254
2026-01-17,wk inc flu hosp,0,2026-01-17,11,quantile,0.15,28.65864989104991
2026-01-17,wk inc flu hosp,0,2026-01-17,11,quantile,0.2,33.72492112816128
2026-01-17,wk inc flu hosp,0,2026-01-17,11,quantile,0.25,38.481091348287265
2026-01-17,wk inc flu hosp,0,2026-01-17,11,quantile,0.3,43.301931719423116
2026-01-17,wk inc flu hosp,0,2026-01-17,11,quantile,0.35,48.053970458419954
2026-01-17,wk inc flu hosp,0,2026-01-17,11,quantile,0.4,52.87847009990542
2026-01-17,wk inc flu hosp,0,2026-01-17,11,quantile,0.45,57.86751627312858
2026-01-17,wk inc flu hosp,0,2026-01-17,11,quantile,0.5,63.13504510185806
2026-01-17,wk inc flu hosp,0,2026-01-17,11,quantile,0.55,68.92860592370934
2026-01-17,wk inc flu hosp,0,2026-01-17,11,quantile,0.6,75.51574732667146
2026-01-17,wk inc flu hosp,0,2026-01-17,11,quantile,0.65,83.34609924980708
2026-01-17,wk inc flu hosp,0,2026-01-17,11,quantile,0.7,93.07740598506437
2026-01-17,wk inc flu hosp,0,2026-01-17,11,quantile,0.75,103.55125862086355
2026-01-17,wk inc flu hosp,0,2026-01-17,11,quantile,0.8,116.80993902970233
2026-01-17,wk inc flu hosp,0,2026-01-17,11,quantile,0.85,138.45263330517855
2026-01-17,wk inc flu hosp,0,2026-01-17,11,quantile,0.9,177.54713617875785
2026-01-17,wk inc flu hosp,0,2026-01-17,11,quantile,0.95,222.35271166484844
2026-01-17,wk inc flu hosp,0,2026-01-17,11,quantile,0.975,281.82443376091936
2026-01-17,wk inc flu hosp,0,2026-01-17,11,quantile,0.99,372.67667874921534
2026-01-17,wk inc flu hosp,0,2026-01-17,12,quantile,0.01,771.7629067568189
2026-01-17,wk inc flu hosp,0,2026-01-17,12,quantile,0.025,888.9466517879914
2026-01-17,wk inc flu hosp,0,2026-01-17,12,quantile,0.05,1036.285413167984
2026-01-17,wk inc flu hosp,0,2026-01-17,12,quantile,0.1,1225.1674969344122
2026-01-17,wk inc flu hosp,0,2026-01-17,12,quantile,0.15,1373.849580793729
2026-01-17,wk inc flu hosp,0,2026-01-17,12,quantile,0.2,1504.0777561309706
2026-01-17,wk inc flu hosp,0,2026-01-17,12,quantile,0.25,1624.3500983495514
2026-01-17,wk inc flu hosp,0,2026-01-17,12,quantile,0.3,1740.1977093306325
2026-01-17,wk inc flu hosp,0,2026-01-17,12,quantile,0.35,1838.5469659111666
2026-01-17,wk inc flu hosp,0,2026-01-17,12,quantile,0.4,1926.9593385916473
2026-01-17,wk inc flu hosp,0,2026-01-17,12,quantile,0.45,2025.7569095573956
2026-01-17,wk inc flu hosp,0,2026-01-17,12,quantile,0.5,2128.6702865915668
2026-01-17,wk inc flu hosp,0,2026-01-17,12,quantile,0.55,2229.2261884634027
2026-01-17,wk inc flu hosp,0,2026-01-17,12,quantile,0.6,2341.3312534627403
2026-01-17,wk inc flu hosp,0,2026-01-17,12,quantile,0.65,2475.9747685197303
2026-01-17,wk inc flu hosp,0,2026-01-17,12,quantile,0.7,2618.4844061726203
2026-01-17,wk inc flu hosp,0,2026-01-17,12,quantile,0.75,2784.825959866054
2026-01-17,wk inc flu hosp,0,2026-01-17,12,quantile,0.8,2990.660285416665
2026-01-17,wk inc flu hosp,0,2026-01-17,12,quantile,0.85,3249.122320900891
2026-01-17,wk inc flu hosp,0,2026-01-17,12,quantile,0.9,3591.2292313149414
2026-01-17,wk inc flu hosp,0,2026-01-17,12,quantile,0.95,4228.707456400397
2026-01-17,wk inc flu hosp,0,2026-01-17,12,quantile,0.975,4824.578067663204
2026-01-17,wk inc flu hosp,0,2026-01-17,12,quantile,0.99,5531.85949007625
2026-01-17,wk inc flu hosp,0,2026-01-17,13,quantile,0.01,225.08679576334538
2026-01-17,wk inc flu hosp,0,2026-01-17,13,quantile,0.025,297.63627787332956
2026-01-17,wk inc flu hosp,0,2026-01-17,13,quantile,0.05,352.7396097343789
2026-01-17,wk inc flu hosp,0,2026-01-17,13,quantile,0.1,428.9489181773287
2026-01-17,wk inc flu hosp,0,2026-01-17,13,quantile,0.15,485.42108597090385
2026-01-17,wk inc flu hosp,0,2026-01-17,13,quantile,0.2,534.3735344204315
2026-01-17,wk inc flu hosp,0,2026-01-17,13,quantile,0.25,574.4189946644717
2026-01-17,wk inc flu hosp,0,2026-01-17,13,quantile,0.3,616.680504584487
2026-01-17,wk inc flu hosp,0,2026-01-17,13,quantile,0.35,659.1209161836223
2026-01-17,wk inc flu hosp,0,2026-01-17,13,quantile,0.4,703.238312302328
2026-01-17,wk inc flu hosp,0,2026-01-17,13,quantile,0.45,750.910748131335
2026-01-17,wk inc flu hosp,0,2026-01-17,13,quantile,0.5,801.1619078851289
2026-01-17,wk inc flu hosp,0,2026-01-17,13,quantile,0.55,854.2412837523897
2026-01-17,wk inc flu hosp,0,2026-01-17,13,quantile,0.6,906.6418166088012
2026-01-17,wk inc flu hosp,0,2026-01-17,13,quantile,0.65,970.9904929373572
2026-01-17,wk inc flu hosp,0,2026-01-17,13,quantile,0.7,1047.2944077810666
2026-01-17,wk inc flu hosp,0,2026-01-17,13,quantile,0.75,1136.696137943608
2026-01-17,wk inc flu hosp,0,2026-01-17,13,quantile,0.8,1211.8686104038134
2026-01-17,wk inc flu hosp,0,2026-01-17,13,quantile,0.85,1335.0943708851976
2026-01-17,wk inc flu hosp,0,2026-01-17,13,quantile,0.9,1526.2135478517189
2026-01-17,wk inc flu hosp,0,2026-01-17,13,quantile,0.95,1879.7602445235884
2026-01-17,wk inc flu hosp,0,2026-01-17,13,quantile,0.975,2282.416777223679
2026-01-17,wk inc flu hosp,0,2026-01-17,13,quantile,0.99,2928.3664557211005
2026-01-17,wk inc flu hosp,0,2026-01-17,15,quantile,0.01,11.13077500880808
2026-01-17,wk inc flu hosp,0,2026-01-17,15,quantile,0.025,15.48419554952768
2026-01-17,wk inc flu hosp,0,2026-01-17,15,quantile,0.05,20.553338465418662
2026-01-17,wk inc flu hosp,0,2026-01-17,15,quantile,0.1,28.692570665046233
2026-01-17,wk inc flu hosp,0,2026-01-17,15,quantile,0.15,35.92182863095905
2026-01-17,wk inc flu hosp,0,2026-01-17,15,quantile,0.2,42.45403665393427
2026-01-17,wk inc flu hosp,0,2026-01-17,15,quantile,0.25,48.57327337821258
2026-01-17,wk inc flu hosp,0,2026-01-17,15,quantile,0.3,54.701863881512516
2026-01-17,wk inc flu hosp,0,2026-01-17,15,quantile,0.35,60.079397832301424
2026-01-17,wk inc flu hosp,0,2026-01-17,15,quantile,0.4,64.8505906469022
2026-01-17,wk inc flu hosp,0,2026-01-17,15,quantile,0.45,70.0129357332018
2026-01-17,wk inc flu hosp,0,2026-01-17,15,quantile,0.5,75.50437160892763
2026-01-17,wk inc flu hosp,0,2026-01-17,15,quantile,0.55,81.63247767627294
2026-01-17,wk inc flu hosp,0,2026-01-17,15,quantile,0.6,87.93233335535186
2026-01-17,wk inc flu hosp,0,2026-01-17,15,quantile,0.65,94.61767656568567
2026-01-17,wk inc flu hosp,0,2026-01-17,15,quantile,0.7,103.04691260143086
2026-01-17,wk inc flu hosp,0,2026-01-17,15,quantile,0.75,114.67740399183069
2026-01-17,wk inc flu hosp,0,2026-01-17,15,quantile,0.8,130.34168708406983
2026-01-17,wk inc flu hosp,0,2026-01-17,15,quantile,0.85,152.527856415399
2026-01-17,wk inc flu hosp,0,2026-01-17,15,quantile,0.9,183.710242520495
2026-01-17,wk inc flu hosp,0,2026-01-17,15,quantile,0.95,245.9843245251408
2026-01-17,wk inc flu hosp,0,2026-01-17,15,quantile,0.975,319.5626528474987
2026-01-17,wk inc flu hosp,0,2026-01-17,15,quantile,0.99,433.34416304993044
2026-01-17,wk inc flu hosp,0,2026-01-17,16,quantile,0.01,21.263969649840664
2026-01-17,wk inc flu hosp,0,2026-01-17,16,quantile,0.025,28.88184803192085
2026-01-17,wk inc flu hosp,0,2026-01-17,16,quantile,0.05,38.0926345353137
2026-01-17,wk inc flu hosp,0,2026-01-17,16,quantile,0.1,52.823554065208995
2026-01-17,wk inc flu hosp,0,2026-01-17,16,quantile,0.15,65.96979673975429
2026-01-17,wk inc flu hosp,0,2026-01-17,16,quantile,0.2,75.99464339631618
2026-01-17,wk inc flu hosp,0,2026-01-17,16,quantile,0.25,86.73874392215492
2026-01-17,wk inc flu hosp,0,2026-01-17,16,quantile,0.3,97.4846554737067
2026-01-17,wk inc flu hosp,0,2026-01-17,16,quantile,0.35,108.11894825937377
2026-01-17,wk inc flu hosp,0,2026-01-17,16,quantile,0.4,118.76291821769809
2026-01-17,wk inc flu hosp,0,2026-01-17,16,quantile,0.45,129.53884920682532
2026-01-17,wk inc flu hosp,0,2026-01-17,16,quantile,0.5,139.9794701238228
2026-01-17,wk inc flu hosp,0,2026-01-17,16,quantile,0.55,149.78974429428612
2026-01-17,wk inc flu hosp,0,2026-01-17,16,quantile,0.6,160.2641846246924
2026-01-17,wk inc flu hosp,0,2026-01-17,16,quantile,0.65,174.58487903057616
2026-01-17,wk inc flu hosp,0,2026-01-17,16,quantile,0.7,191.42892090691208
2026-01-17,wk inc flu hosp,0,2026-01-17,16,quantile,0.75,212.77210320201837
2026-01-17,wk inc flu hosp,0,2026-01-17,16,quantile,0.8,240.65566653601783
2026-01-17,wk inc flu hosp,0,2026-01-17,16,quantile,0.85,275.1055981585812
2026-01-17,wk inc flu hosp,0,2026-01-17,16,quantile,0.9,332.3599019320513
2026-01-17,wk inc flu hosp,0,2026-01-17,16,quantile,0.95,451.2071479157691
2026-01-17,wk inc flu hosp,0,2026-01-17,16,quantile,0.975,577.3613037481468
2026-01-17,wk inc flu hosp,0,2026-01-17,16,quantile,0.99,757.9228293403859
2026-01-17,wk inc flu hosp,0,2026-01-17,17,quantile,0.01,466.7863769947705
2026-01-17,wk inc flu hosp,0,2026-01-17,17,quantile,0.025,534.0064615169092
2026-01-17,wk inc flu hosp,0,2026-01-17,17,quantile,0.05,640.2164984632017
2026-01-17,wk inc flu hosp,0,2026-01-17,17,quantile,0.1,765.4265307393426
2026-01-17,wk inc flu hosp,0,2026-01-17,17,quantile,0.15,861.5771505113094
2026-01-17,wk inc flu hosp,0,2026-01-17,17,quantile,0.2,944.2380085078413
2026-01-17,wk inc flu hosp,0,2026-01-17,17,quantile,0.25,1007.264929635693
2026-01-17,wk inc flu hosp,0,2026-01-17,17,quantile,0.3,1070.7284858100702
2026-01-17,wk inc flu hosp,0,2026-01-17,17,quantile,0.35,1137.7400389460086
2026-01-17,wk inc flu hosp,0,2026-01-17,17,quantile,0.4,1204.8230320198259
2026-01-17,wk inc flu hosp,0,2026-01-17,17,quantile,0.45,1273.3354085571991
2026-01-17,wk inc flu hosp,0,2026-01-17,17,quantile,0.5,1344.4072766122417
2026-01-17,wk inc flu hosp,0,2026-01-17,17,quantile,0.55,1418.9075794804337
2026-01-17,wk inc flu hosp,0,2026-01-17,17,quantile,0.6,1498.9934320138766
2026-01-17,wk inc flu hosp,0,2026-01-17,17,quantile,0.65,1587.3207756716497
2026-01-17,wk inc flu hosp,0,2026-01-17,17,quantile,0.7,1683.0527805307534
2026-01-17,wk inc flu hosp,0,2026-01-17,17,quantile,0.75,1776.8524108414213
2026-01-17,wk inc flu hosp,0,2026-01-17,17,quantile,0.8,1910.0030186583724
2026-01-17,wk inc flu hosp,0,2026-01-17,17,quantile,0.85,2089.602396716581
2026-01-17,wk inc flu hosp,0,2026-01-17,17,quantile,0.9,2332.7612513132804
2026-01-17,wk inc flu hosp,0,2026-01-17,17,quantile,0.95,2678.0298012871326
2026-01-17,wk inc flu hosp,0,2026-01-17,17,quantile,0.975,3079.8041249268767
2026-01-17,wk inc flu hosp,0,2026-01-17,17,quantile,0.99,3615.1089073171192
2026-01-17,wk inc flu hosp,0,2026-01-17,18,quantile,0.01,255.98731203253425
2026-01-17,wk inc flu hosp,0,2026-01-17,18,quantile,0.025,298.2766508141591
2026-01-17,wk inc flu hosp,0,2026-01-17,18,quantile,0.05,344.1802443195183
2026-01-17,wk inc flu hosp,0,2026-01-17,18,quantile,0.1,408.96534906200617
2026-01-17,wk inc flu hosp,0,2026-01-17,18,quantile,0.15,446.1784413394645
2026-01-17,wk inc flu hosp,0,2026-01-17,18,quantile,0.2,486.2974284028915
2026-01-17,wk inc flu hosp,0,2026-01-17,18,quantile,0.25,524.6671331500098
2026-01-17,wk inc flu hosp,0,2026-01-17,18,quantile,0.3,561.5729032717438
2026-01-17,wk inc flu hosp,0,2026-01-17,18,quantile,0.35,594.6147208227737
2026-01-17,wk inc flu hosp,0,2026-01-17,18,quantile,0.4,627.8300197170556
2026-01-17,wk inc flu hosp,0,2026-01-17,18,quantile,0.45,663.4109504742753
2026-01-17,wk inc flu hosp,0,2026-01-17,18,quantile,0.5,698.2732824569575
2026-01-17,wk inc flu hosp,0,2026-01-17,18,quantile,0.55,735.295104240081
2026-01-17,wk inc flu hosp,0,2026-01-17,18,quantile,0.6,777.823852768888
2026-01-17,wk inc flu hosp,0,2026-01-17,18,quantile,0.65,825.5807086263152
2026-01-17,wk inc flu hosp,0,2026-01-17,18,quantile,0.7,871.8591020437906
2026-01-17,wk inc flu hosp,0,2026-01-17,18,quantile,0.75,920.8058600190449
2026-01-17,wk inc flu hosp,0,2026-01-17,18,quantile,0.8,990.8924855299956
2026-01-17,wk inc flu hosp,0,2026-01-17,18,quantile,0.85,1088.8481538899903
2026-01-17,wk inc flu hosp,0,2026-01-17,18,quantile,0.9,1226.5813747350278
2026-01-17,wk inc flu hosp,0,2026-01-17,18,quantile,0.95,1458.29350796931
2026-01-17,wk inc flu hosp,0,2026-01-17,18,quantile,0.975,1703.1141796978245
2026-01-17,wk inc flu hosp,0,2026-01-17,18,quantile,0.99,2000.4540507750212
2026-01-17,wk inc flu hosp,0,2026-01-17,19,quantile,0.01,39.302797902585965
2026-01-17,wk inc flu hosp,0,2026-01-17,19,quantile,0.025,49.9572149890288
2026-01-17,wk inc flu hosp,0,2026-01-17,19,quantile,0.05,66.0517584926912
2026-01-17,wk inc flu hosp,0,2026-01-17,19,quantile,0.1,91.660959269482575
2026-01-17,wk inc flu hosp,0,2026-01-17,19,quantile,0.15,113.05504327741677
2026-01-17,wk inc flu hosp,0,2026-01-17,19,quantile,0.2,130.84119539452902
2026-01-17,wk inc flu hosp,0,2026-01-17,19,quantile,0.25,150.76524344682724
2026-01-17,wk inc flu hosp,0,2026-01-17,19,quantile,0.3,169.66472166040563
2026-01-17,wk inc flu hosp,0,2026-01-17,19,quantile,0.35,185.67281232194767
2026-01-17,wk inc flu hosp,0,2026-01-17,19,quantile,0.4,204.7664403006277
2026-01-17,wk inc flu hosp,0,2026-01-17,19,quantile,0.45,224.20569241750385
2026-01-17,wk inc flu hosp,0,2026-01-17,19,quantile,0.5,244.68168124200756
2026-01-17,wk inc flu hosp,0,2026-01-17,19,quantile,0.55,266.69215535896336
2026-01-17,wk inc flu hosp,0,2026-01-17,19,quantile,0.6,290.61389666421053
2026-01-17,wk inc flu hosp,0,2026-01-17,19,quantile,0.65,317.645631045478
2026-01-17,wk inc flu hosp,0,2026-01-17,19,quantile,0.7,349.88981497144204
2026-01-17,wk inc flu hosp,0,2026-01-17,19,quantile,0.75,381.46554094169204
2026-01-17,wk inc flu hosp,0,2026-01-17,19,quantile,0.8,433.52392029694573
2026-01-17,wk inc flu hosp,0,2026-01-17,19,quantile,0.85,510.3772047723573
2026-01-17,wk inc flu hosp,0,2026-01-17,19,quantile,0.9,620.4382268265833
2026-01-17,wk inc flu hosp,0,2026-01-17,19,quantile,0.95,827.2580590437547
2026-01-17,wk inc flu hosp,0,2026-01-17,19,quantile,0.975,1034.4215012111983
2026-01-17,wk inc flu hosp,0,2026-01-17,19,quantile,0.99,1312.6895240046972
2026-01-17,wk inc flu hosp,0,2026-01-17,20,quantile,0.01,43.219623714625925
2026-01-17,wk inc flu hosp,0,2026-01-17,20,quantile,0.025,61.16136323458542
2026-01-17,wk inc flu hosp,0,2026-01-17,20,quantile,0.05,74.536484295438
2026-01-17,wk inc flu hosp,0,2026-01-17,20,quantile,0.1,91.41289845328573
2026-01-17,wk inc flu hosp,0,2026-01-17,20,quantile,0.15,104.77911489690017
2026-01-17,wk inc flu hosp,0,2026-01-17,20,quantile,0.2,117.33384586981917
2026-01-17,wk inc flu hosp,0,2026-01-17,20,quantile,0.25,128.54539192555035
2026-01-17,wk inc flu hosp,0,2026-01-17,20,quantile,0.3,139.18487310627242
2026-01-17,wk inc flu hosp,0,2026-01-17,20,quantile,0.35,148.7466605902029
2026-01-17,wk inc flu hosp,0,2026-01-17,20,quantile,0.4,158.59275613558043
2026-01-17,wk inc flu hosp,0,2026-01-17,20,quantile,0.45,168.6489299350735
2026-01-17,wk inc flu hosp,0,2026-01-17,20,quantile,0.5,178.89525777215815
2026-01-17,wk inc flu hosp,0,2026-01-17,20,quantile,0.55,188.85884123231344
2026-01-17,wk inc flu hosp,0,2026-01-17,20,quantile,0.6,200.98906902575757
2026-01-17,wk inc flu hosp,0,2026-01-17,20,quantile,0.65,214.81304956232242
2026-01-17,wk inc flu hosp,0,2026-01-17,20,quantile,0.7,230.77268460564756
2026-01-17,wk inc flu hosp,0,2026-01-17,20,quantile,0.75,249.8212184494711
2026-01-17,wk inc flu hosp,0,2026-01-17,20,quantile,0.8,272.7564257197199
2026-01-17,wk inc flu hosp,0,2026-01-17,20,quantile,0.85,304.5302502335243
2026-01-17,wk inc flu hosp,0,2026-01-17,20,quantile,0.9,351.4365500825211
2026-01-17,wk inc flu hosp,0,2026-01-17,20,quantile,0.95,433.92496961291187
2026-01-17,wk inc flu hosp,0,2026-01-17,20,quantile,0.975,521.4864063814468
2026-01-17,wk inc flu hosp,0,2026-01-17,20,quantile,0.99,731.6646623287188
2026-01-17,wk inc flu hosp,0,2026-01-17,21,quantile,0.01,89.32761633719218
2026-01-17,wk inc flu hosp,0,2026-01-17,21,quantile,0.025,119.36702497706965
2026-01-17,wk inc flu hosp,0,2026-01-17,21,quantile,0.05,151.6491150181237
2026-01-17,wk inc flu hosp,0,2026-01-17,21,quantile,0.1,196.2221176670172
2026-01-17,wk inc flu hosp,0,2026-01-17,21,quantile,0.15,221.8747201999613
2026-01-17,wk inc flu hosp,0,2026-01-17,21,quantile,0.2,246.54966439518722
2026-01-17,wk inc flu hosp,0,2026-01-17,21,quantile,0.25,269.1776030842281
2026-01-17,wk inc flu hosp,0,2026-01-17,21,quantile,0.3,289.5788735182982
2026-01-17,wk inc flu hosp,0,2026-01-17,21,quantile,0.35,311.4935646672863
2026-01-17,wk inc flu hosp,0,2026-01-17,21,quantile,0.4,333.8104121292104
2026-01-17,wk inc flu hosp,0,2026-01-17,21,quantile,0.45,355.8326042160346
2026-01-17,wk inc flu hosp,0,2026-01-17,21,quantile,0.5,376.3320234679805
2026-01-17,wk inc flu hosp,0,2026-01-17,21,quantile,0.55,399.1989638020106
2026-01-17,wk inc flu hosp,0,2026-01-17,21,quantile,0.6,424.0746180744708
2026-01-17,wk inc flu hosp,0,2026-01-17,21,quantile,0.65,450.68292809512405
2026-01-17,wk inc flu hosp,0,2026-01-17,21,quantile,0.7,483.1484579647335
2026-01-17,wk inc flu hosp,0,2026-01-17,21,quantile,0.75,524.4821035034166
2026-01-17,wk inc flu hosp,0,2026-01-17,21,quantile,0.8,579.8521273483706
2026-01-17,wk inc flu hosp,0,2026-01-17,21,quantile,0.85,653.722572324169
2026-01-17,wk inc flu hosp,0,2026-01-17,21,quantile,0.9,769.31065813722
2026-01-17,wk inc flu hosp,0,2026-01-17,21,quantile,0.95,980.8627499652425
2026-01-17,wk inc flu hosp,0,2026-01-17,21,quantile,0.975,1216.0142813985015
2026-01-17,wk inc flu hosp,0,2026-01-17,21,quantile,0.99,1700.5507564783031
2026-01-17,wk inc flu hosp,0,2026-01-17,22,quantile,0.01,157.3355375570826
2026-01-17,wk inc flu hosp,0,2026-01-17,22,quantile,0.025,178.73879628877802
2026-01-17,wk inc flu hosp,0,2026-01-17,22,quantile,0.05,209.13216725905366
2026-01-17,wk inc flu hosp,0,2026-01-17,22,quantile,0.1,247.35986229902014
2026-01-17,wk inc flu hosp,0,2026-01-17,22,quantile,0.15,277.9864969025588
2026-01-17,wk inc flu hosp,0,2026-01-17,22,quantile,0.2,304.45420744255387
2026-01-17,wk inc flu hosp,0,2026-01-17,22,quantile,0.25,328.7719227305804
2026-01-17,wk inc flu hosp,0,2026-01-17,22,quantile,0.3,349.9317974892687
2026-01-17,wk inc flu hosp,0,2026-01-17,22,quantile,0.35,371.0269558418587
2026-01-17,wk inc flu hosp,0,2026-01-17,22,quantile,0.4,392.3960733986385
2026-01-17,wk inc flu hosp,0,2026-01-17,22,quantile,0.45,413.91914820676516
2026-01-17,wk inc flu hosp,0,2026-01-17,22,quantile,0.5,435.89947027927076
2026-01-17,wk inc flu hosp,0,2026-01-17,22,quantile,0.55,459.7586050471013
2026-01-17,wk inc flu hosp,0,2026-01-17,22,quantile,0.6,481.3013356636609
2026-01-17,wk inc flu hosp,0,2026-01-17,22,quantile,0.65,507.2851169454667
2026-01-17,wk inc flu hosp,0,2026-01-17,22,quantile,0.7,539.5595382637139
2026-01-17,wk inc flu hosp,0,2026-01-17,22,quantile,0.75,574.5719460017133
2026-01-17,wk inc flu hosp,0,2026-01-17,22,quantile,0.8,615.3293801778003
2026-01-17,wk inc flu hosp,0,2026-01-17,22,quantile,0.85,669.1952162856918
2026-01-17,wk inc flu hosp,0,2026-01-17,22,quantile,0.9,739.8722005889834
2026-01-17,wk inc flu hosp,0,2026-01-17,22,quantile,0.95,852.7170705434806
2026-01-17,wk inc flu hosp,0,2026-01-17,22,quantile,0.975,992.1137492780563
2026-01-17,wk inc flu hosp,0,2026-01-17,22,quantile,0.99,1159.1330847822044
2026-01-17,wk inc flu hosp,0,2026-01-17,23,quantile,0.01,23.712234688024218
2026-01-17,wk inc flu hosp,0,2026-01-17,23,quantile,0.025,30.95549776231076
2026-01-17,wk inc flu hosp,0,2026-01-17,23,quantile,0.05,41.15421421680463
2026-01-17,wk inc flu hosp,0,2026-01-17,23,quantile,0.1,57.258915759752284
2026-01-17,wk inc flu hosp,0,2026-01-17,23,quantile,0.15,71.79108330813717
2026-01-17,wk inc flu hosp,0,2026-01-17,23,quantile,0.2,85.52101419599497
2026-01-17,wk inc flu hosp,0,2026-01-17,23,quantile,0.25,99.0814176573562
2026-01-17,wk inc flu hosp,0,2026-01-17,23,quantile,0.3,112.35034072371722
2026-01-17,wk inc flu hosp,0,2026-01-17,23,quantile,0.35,125.35252751927877
2026-01-17,wk inc flu hosp,0,2026-01-17,23,quantile,0.4,135.5196274916944
2026-01-17,wk inc flu hosp,0,2026-01-17,23,quantile,0.45,147.95383401781103
2026-01-17,wk inc flu hosp,0,2026-01-17,23,quantile,0.5,161.34714414608663
2026-01-17,wk inc flu hosp,0,2026-01-17,23,quantile,0.55,175.90033812212508
2026-01-17,wk inc flu hosp,0,2026-01-17,23,quantile,0.6,192.2173041688053
2026-01-17,wk inc flu hosp,0,2026-01-17,23,quantile,0.65,211.97572523547223
2026-01-17,wk inc flu hosp,0,2026-01-17,23,quantile,0.7,236.98200574374033
2026-01-17,wk inc flu hosp,0,2026-01-17,23,quantile,0.75,261.3216077458779
2026-01-17,wk inc flu hosp,0,2026-01-17,23,quantile,0.8,284.4592103228028
2026-01-17,wk inc flu hosp,0,2026-01-17,23,quantile,0.85,317.22481251728635
2026-01-17,wk inc flu hosp,0,2026-01-17,23,quantile,0.9,375.93986774942806
2026-01-17,wk inc flu hosp,0,2026-01-17,23,quantile,0.95,507.00395032190875
2026-01-17,wk inc flu hosp,0,2026-01-17,23,quantile,0.975,649.6899160870975
2026-01-17,wk inc flu hosp,0,2026-01-17,23,quantile,0.99,863.3748669746077
2026-01-17,wk inc flu hosp,0,2026-01-17,24,quantile,0.01,209.0105437394146
2026-01-17,wk inc flu hosp,0,2026-01-17,24,quantile,0.025,246.27699639653156
2026-01-17,wk inc flu hosp,0,2026-01-17,24,quantile,0.05,283.04853105797963
2026-01-17,wk inc flu hosp,0,2026-01-17,24,quantile,0.1,335.12598002589
2026-01-17,wk inc flu hosp,0,2026-01-17,24,quantile,0.15,374.40601163445154
2026-01-17,wk inc flu hosp,0,2026-01-17,24,quantile,0.2,405.21717595457267
2026-01-17,wk inc flu hosp,0,2026-01-17,24,quantile,0.25,433.4892867219177
2026-01-17,wk inc flu hosp,0,2026-01-17,24,quantile,0.3,461.191606683523
2026-01-17,wk inc flu hosp,0,2026-01-17,24,quantile,0.35,489.452772738116
2026-01-17,wk inc flu hosp,0,2026-01-17,24,quantile,0.4,518.5245107195517
2026-01-17,wk inc flu hosp,0,2026-01-17,24,quantile,0.45,549.0115249551031
2026-01-17,wk inc flu hosp,0,2026-01-17,24,quantile,0.5,581.3957739660069
2026-01-17,wk inc flu hosp,0,2026-01-17,24,quantile,0.55,616.2280885546058
2026-01-17,wk inc flu hosp,0,2026-01-17,24,quantile,0.6,648.4001348612314
2026-01-17,wk inc flu hosp,0,2026-01-17,24,quantile,0.65,680.6212766412365
2026-01-17,wk inc flu hosp,0,2026-01-17,24,quantile,0.7,713.2117275108227
2026-01-17,wk inc flu hosp,0,2026-01-17,24,quantile,0.75,755.8261884326934
2026-01-17,wk inc flu hosp,0,2026-01-17,24,quantile,0.8,820.0819135680632
2026-01-17,wk inc flu hosp,0,2026-01-17,24,quantile,0.85,901.7756051957984
2026-01-17,wk inc flu hosp,0,2026-01-17,24,quantile,0.9,1015.6760141854973
2026-01-17,wk inc flu hosp,0,2026-01-17,24,quantile,0.95,1209.083693306198
2026-01-17,wk inc flu hosp,0,2026-01-17,24,quantile,0.975,1377.557006722799
2026-01-17,wk inc flu hosp,0,2026-01-17,24,quantile,0.99,1537.1919296811964
2026-01-17,wk inc flu hosp,0,2026-01-17,25,quantile,0.01,282.1987411596056
2026-01-17,wk inc flu hosp,0,2026-01-17,25,quantile,0.025,337.43391793155695
2026-01-17,wk inc flu hosp,0,2026-01-17,25,quantile,0.05,397.76669777756746
2026-01-17,wk inc flu hosp,0,2026-01-17,25,quantile,0.1,480.1041851911149
2026-01-17,wk inc flu hosp,0,2026-01-17,25,quantile,0.15,543.7681279601929
2026-01-17,wk inc flu hosp,0,2026-01-17,25,quantile,0.2,598.6311333654588
2026-01-17,wk inc flu hosp,0,2026-01-17,25,quantile,0.25,649.3138038833854
2026-01-17,wk inc flu hosp,0,2026-01-17,25,quantile,0.3,697.9204761789186
2026-01-17,wk inc flu hosp,0,2026-01-17,25,quantile,0.35,737.9452973920969
2026-01-17,wk inc flu hosp,0,2026-01-17,25,quantile,0.4,781.7636590489745
2026-01-17,wk inc flu hosp,0,2026-01-17,25,quantile,0.45,827.1911114587641
2026-01-17,wk inc flu hosp,0,2026-01-17,25,quantile,0.5,878.0040263135229
2026-01-17,wk inc flu hosp,0,2026-01-17,25,quantile,0.55,932.4655878271979
2026-01-17,wk inc flu hosp,0,2026-01-17,25,quantile,0.6,992.3060488502348
2026-01-17,wk inc flu hosp,0,2026-01-17,25,quantile,0.65,1059.2120946436826
2026-01-17,wk inc flu hosp,0,2026-01-17,25,quantile,0.7,1130.9643361094074
2026-01-17,wk inc flu hosp,0,2026-01-17,25,quantile,0.75,1213.0398498430889
2026-01-17,wk inc flu hosp,0,2026-01-17,25,quantile,0.8,1292.3850145028907
2026-01-17,wk inc flu hosp,0,2026-01-17,25,quantile,0.85,1428.7478130204358
2026-01-17,wk inc flu hosp,0,2026-01-17,25,quantile,0.9,1575.001239735538
2026-01-17,wk inc flu hosp,0,2026-01-17,25,quantile,0.95,1843.4995344997528
2026-01-17,wk inc flu hosp,0,2026-01-17,25,quantile,0.975,2240.851406788162
2026-01-17,wk inc flu hosp,0,2026-01-17,25,quantile,0.99,2696.77599080377
2026-01-17,wk inc flu hosp,0,2026-01-17,26,quantile,0.01,254.0698339158815
2026-01-17,wk inc flu hosp,0,2026-01-17,26,quantile,0.025,305.2771902993487
2026-01-17,wk inc flu hosp,0,2026-01-17,26,quantile,0.05,364.0674270415143
2026-01-17,wk inc flu hosp,0,2026-01-17,26,quantile,0.1,438.7515472496158
2026-01-17,wk inc flu hosp,0,2026-01-17,26,quantile,0.15,497.22164920951394
2026-01-17,wk inc flu hosp,0,2026-01-17,26,quantile,0.2,548.0074211192446
2026-01-17,wk inc flu hosp,0,2026-01-17,26,quantile,0.25,595.0002500615385
2026-01-17,wk inc flu hosp,0,2026-01-17,26,quantile,0.3,634.9511154396984
2026-01-17,wk inc flu hosp,0,2026-01-17,26,quantile,0.35,674.8819304302593
2026-01-17,wk inc flu hosp,0,2026-01-17,26,quantile,0.4,716.2522070762475
2026-01-17,wk inc flu hosp,0,2026-01-17,26,quantile,0.45,758.9064540104994
2026-01-17,wk inc flu hosp,0,2026-01-17,26,quantile,0.5,806.1987282047767
2026-01-17,wk inc flu hosp,0,2026-01-17,26,quantile,0.55,857.3914745179999
2026-01-17,wk inc flu hosp,0,2026-01-17,26,quantile,0.6,913.392154535245
2026-01-17,wk inc flu hosp,0,2026-01-17,26,quantile,0.65,972.72932108559
2026-01-17,wk inc flu hosp,0,2026-01-17,26,quantile,0.7,1041.5299448323913
2026-01-17,wk inc flu hosp,0,2026-01-17,26,quantile,0.75,1118.6295360957854
2026-01-17,wk inc flu hosp,0,2026-01-17,26,quantile,0.8,1222.4103895486166
2026-01-17,wk inc flu hosp,0,2026-01-17,26,quantile,0.85,1352.5493847184864
2026-01-17,wk inc flu hosp,0,2026-01-17,26,quantile,0.9,1506.2278629778036
2026-01-17,wk inc flu hosp,0,2026-01-17,26,quantile,0.95,1760.1414482672617
2026-01-17,wk inc flu hosp,0,2026-01-17,26,quantile,0.975,2093.7724159036093
2026-01-17,wk inc flu hosp,0,2026-01-17,26,quantile,0.99,2746.6112039015266
2026-01-17,wk inc flu hosp,0,2026-01-17,27,quantile,0.01,192.33176044561665
2026-01-17,wk inc flu hosp,0,2026-01-17,27,quantile,0.025,223.42115433270797
2026-01-17,wk inc flu hosp,0,2026-01-17,27,quantile,0.05,260.373114771725
2026-01-17,wk inc flu hosp,0,2026-01-17,27,quantile,0.1,311.09430276831444
2026-01-17,wk inc flu hosp,0,2026-01-17,27,quantile,0.15,348.718792953291
2026-01-17,wk inc flu hosp,0,2026-01-17,27,quantile,0.2,382.69881757256036
2026-01-17,wk inc flu hosp,0,2026-01-17,27,quantile,0.25,414.35226902366963
2026-01-17,wk inc flu hosp,0,2026-01-17,27,quantile,0.3,444.8381088615874
2026-01-17,wk inc flu hosp,0,2026-01-17,27,quantile,0.35,475.21697232396406
2026-01-17,wk inc flu hosp,0,2026-01-17,27,quantile,0.4,506.13627105513547
2026-01-17,wk inc flu hosp,0,2026-01-17,27,quantile,0.45,538.1190856351944
2026-01-17,wk inc flu hosp,0,2026-01-17,27,quantile,0.5,571.8657415443329
2026-01-17,wk inc flu hosp,0,2026-01-17,27,quantile,0.55,608.3519334833353
2026-01-17,wk inc flu hosp,0,2026-01-17,27,quantile,0.6,638.1780173696097
2026-01-17,wk inc flu hosp,0,2026-01-17,27,quantile,0.65,677.5567048351693
2026-01-17,wk inc flu hosp,0,2026-01-17,27,quantile,0.7,726.0910829250599
2026-01-17,wk inc flu hosp,0,2026-01-17,27,quantile,0.75,784.0003709466367
2026-01-17,wk inc flu hosp,0,2026-01-17,27,quantile,0.8,854.3098539036152
2026-01-17,wk inc flu hosp,0,2026-01-17,27,quantile,0.85,933.536900682422
2026-01-17,wk inc flu hosp,0,2026-01-17,27,quantile,0.9,1027.1521590623022
2026-01-17,wk inc flu hosp,0,2026-01-17,27,quantile,0.95,1262.6271131162023
2026-01-17,wk inc flu hosp,0,2026-01-17,27,quantile,0.975,1486.3424125076333
2026-01-17,wk inc flu hosp,0,2026-01-17,27,quantile,0.99,1686.26594602609
2026-01-17,wk inc flu hosp,0,2026-01-17,28,quantile,0.01,63.419542689302865
2026-01-17,wk inc flu hosp,0,2026-01-17,28,quantile,0.025,75.34928144739511
2026-01-17,wk inc flu hosp,0,2026-01-17,28,quantile,0.05,87.88552887643198
2026-01-17,wk inc flu hosp,0,2026-01-17,28,quantile,0.1,104.13714870096388
2026-01-17,wk inc flu hosp,0,2026-01-17,28,quantile,0.15,111.32383483071546
2026-01-17,wk inc flu hosp,0,2026-01-17,28,quantile,0.2,119.47364226538231
2026-01-17,wk inc flu hosp,0,2026-01-17,28,quantile,0.25,128.02368748767222
2026-01-17,wk inc flu hosp,0,2026-01-17,28,quantile,0.3,136.8298472168284
2026-01-17,wk inc flu hosp,0,2026-01-17,28,quantile,0.35,145.61404418922703
2026-01-17,wk inc flu hosp,0,2026-01-17,28,quantile,0.4,154.6266036425605
2026-01-17,wk inc flu hosp,0,2026-01-17,28,quantile,0.45,163.82524490278706
2026-01-17,wk inc flu hosp,0,2026-01-17,28,quantile,0.5,172.95115469203745
2026-01-17,wk inc flu hosp,0,2026-01-17,28,quantile,0.55,182.67588522130964
2026-01-17,wk inc flu hosp,0,2026-01-17,28,quantile,0.6,192.60461614749084
2026-01-17,wk inc flu hosp,0,2026-01-17,28,quantile,0.65,202.06540530539198
2026-01-17,wk inc flu hosp,0,2026-01-17,28,quantile,0.7,215.04170071431727
2026-01-17,wk inc flu hosp,0,2026-01-17,28,quantile,0.75,230.05108911436542
2026-01-17,wk inc flu hosp,0,2026-01-17,28,quantile,0.8,248.40286625821238
2026-01-17,wk inc flu hosp,0,2026-01-17,28,quantile,0.85,272.2157407052301
2026-01-17,wk inc flu hosp,0,2026-01-17,28,quantile,0.9,306.26239642677194
2026-01-17,wk inc flu hosp,0,2026-01-17,28,quantile,0.95,365.26445843910096
2026-01-17,wk inc flu hosp,0,2026-01-17,28,quantile,0.975,435.3489342359818
2026-01-17,wk inc flu hosp,0,2026-01-17,28,quantile,0.99,488.8462319532631
2026-01-17,wk inc flu hosp,0,2026-01-17,29,quantile,0.01,163.63626070169082
2026-01-17,wk inc flu hosp,0,2026-01-17,29,quantile,0.025,194.31871548498532
2026-01-17,wk inc flu hosp,0,2026-01-17,29,quantile,0.05,231.238475136626
2026-01-17,wk inc flu hosp,0,2026-01-17,29,quantile,0.1,279.6914750958614
2026-01-17,wk inc flu hosp,0,2026-01-17,29,quantile,0.15,309.9779512426771
2026-01-17,wk inc flu hosp,0,2026-01-17,29,quantile,0.2,336.5380291549635
2026-01-17,wk inc flu hosp,0,2026-01-17,29,quantile,0.25,362.0549554750537
2026-01-17,wk inc flu hosp,0,2026-01-17,29,quantile,0.3,387.5405244967039
2026-01-17,wk inc flu hosp,0,2026-01-17,29,quantile,0.35,413.2816055367685
2026-01-17,wk inc flu hosp,0,2026-01-17,29,quantile,0.4,439.14140515035865
2026-01-17,wk inc flu hosp,0,2026-01-17,29,quantile,0.45,463.3382455154608
2026-01-17,wk inc flu hosp,0,2026-01-17,29,quantile,0.5,487.90722736375335
2026-01-17,wk inc flu hosp,0,2026-01-17,29,quantile,0.55,517.0863923104646
2026-01-17,wk inc flu hosp,0,2026-01-17,29,quantile,0.6,549.4829430416174
2026-01-17,wk inc flu hosp,0,2026-01-17,29,quantile,0.65,585.8078826879321
2026-01-17,wk inc flu hosp,0,2026-01-17,29,quantile,0.7,627.8594935275573
2026-01-17,wk inc flu hosp,0,2026-01-17,29,quantile,0.75,677.8088572185928
2026-01-17,wk inc flu hosp,0,2026-01-17,29,quantile,0.8,728.4798918437555
2026-01-17,wk inc flu hosp,0,2026-01-17,29,quantile,0.85,796.1836714849148
2026-01-17,wk inc flu hosp,0,2026-01-17,29,quantile,0.9,899.6111764067713
2026-01-17,wk inc flu hosp,0,2026-01-17,29,quantile,0.95,1113.0012032881093
2026-01-17,wk inc flu hosp,0,2026-01-17,29,quantile,0.975,1309.3794353372862
2026-01-17,wk inc flu hosp,0,2026-01-17,29,quantile,0.99,1608.7808912983676
2026-01-17,wk inc flu hosp,0,2026-01-17,30,quantile,0.01,15.536753987547936
2026-01-17,wk inc flu hosp,0,2026-01-17,30,quantile,0.025,21.2140580269974
2026-01-17,wk inc flu hosp,0,2026-01-17,30,quantile,0.05,27.833765702882033
2026-01-17,wk inc flu hosp,0,2026-01-17,30,quantile,0.1,38.494460990968655
2026-01-17,wk inc flu hosp,0,2026-01-17,30,quantile,0.15,47.403627899913296
2026-01-17,wk inc flu hosp,0,2026-01-17,30,quantile,0.2,55.3407931261779
2026-01-17,wk inc flu hosp,0,2026-01-17,30,quantile,0.25,62.8398755282403
2026-01-17,wk inc flu hosp,0,2026-01-17,30,quantile,0.3,70.581684074948285
2026-01-17,wk inc flu hosp,0,2026-01-17,30,quantile,0.35,78.40159557772417
2026-01-17,wk inc flu hosp,0,2026-01-17,30,quantile,0.4,86.41501343123309
2026-01-17,wk inc flu hosp,0,2026-01-17,30,quantile,0.45,94.93156415872856
2026-01-17,wk inc flu hosp,0,2026-01-17,30,quantile,0.5,104.16328031397559
2026-01-17,wk inc flu hosp,0,2026-01-17,30,quantile,0.55,114.3772757167269
2026-01-17,wk inc flu hosp,0,2026-01-17,30,quantile,0.6,126.09137012352156
2026-01-17,wk inc flu hosp,0,2026-01-17,30,quantile,0.65,139.83106185093962
2026-01-17,wk inc flu hosp,0,2026-01-17,30,quantile,0.7,155.9804157408629
2026-01-17,wk inc flu hosp,0,2026-01-17,30,quantile,0.75,171.90708179702375
2026-01-17,wk inc flu hosp,0,2026-01-17,30,quantile,0.8,192.44940864614213
2026-01-17,wk inc flu hosp,0,2026-01-17,30,quantile,0.85,224.8103734297911
2026-01-17,wk inc flu hosp,0,2026-01-17,30,quantile,0.9,280.2945344767358
2026-01-17,wk inc flu hosp,0,2026-01-17,30,quantile,0.95,356.2255311170608
2026-01-17,wk inc flu hosp,0,2026-01-17,30,quantile,0.975,449.8647092410094
2026-01-17,wk inc flu hosp,0,2026-01-17,30,quantile,0.99,574.2240486305453
2026-01-17,wk inc flu hosp,0,2026-01-17,31,quantile,0.01,21.81014427837786
2026-01-17,wk inc flu hosp,0,2026-01-17,31,quantile,0.025,29.327827724252266
2026-01-17,wk inc flu hosp,0,2026-01-17,31,quantile,0.05,38.76348155327386
2026-01-17,wk inc flu hosp,0,2026-01-17,31,quantile,0.1,52.42498266616894
2026-01-17,wk inc flu hosp,0,2026-01-17,31,quantile,0.15,62.41821926953465
2026-01-17,wk inc flu hosp,0,2026-01-17,31,quantile,0.2,72.13248519602202
2026-01-17,wk inc flu hosp,0,2026-01-17,31,quantile,0.25,80.97672015952924
2026-01-17,wk inc flu hosp,0,2026-01-17,31,quantile,0.3,88.52448569310499
2026-01-17,wk inc flu hosp,0,2026-01-17,31,quantile,0.35,97.12011504781705
2026-01-17,wk inc flu hosp,0,2026-01-17,31,quantile,0.4,105.40806290707019
2026-01-17,wk inc flu hosp,0,2026-01-17,31,quantile,0.45,115.19072277636569
2026-01-17,wk inc flu hosp,0,2026-01-17,31,quantile,0.5,126.39101036819892
2026-01-17,wk inc flu hosp,0,2026-01-17,31,quantile,0.55,138.9872062878857
2026-01-17,wk inc flu hosp,0,2026-01-17,31,quantile,0.6,153.57292018716768
2026-01-17,wk inc flu hosp,0,2026-01-17,31,quantile,0.65,170.6863573879961
2026-01-17,wk inc flu hosp,0,2026-01-17,31,quantile,0.7,190.235155964941
2026-01-17,wk inc flu hosp,0,2026-01-17,31,quantile,0.75,215.30195757450852
2026-01-17,wk inc flu hosp,0,2026-01-17,31,quantile,0.8,249.42129378567392
2026-01-17,wk inc flu hosp,0,2026-01-17,31,quantile,0.85,296.0037417140757
2026-01-17,wk inc flu hosp,0,2026-01-17,31,quantile,0.9,351.30231656148754
2026-01-17,wk inc flu hosp,0,2026-01-17,31,quantile,0.95,502.0521574751303
2026-01-17,wk inc flu hosp,0,2026-01-17,31,quantile,0.975,595.6766900061766
2026-01-17,wk inc flu hosp,0,2026-01-17,31,quantile,0.99,773.3600565200309
2026-01-17,wk inc flu hosp,0,2026-01-17,32,quantile,0.01,52.21999936021493
2026-01-17,wk inc flu hosp,0,2026-01-17,32,quantile,0.025,60.77298761856353
2026-01-17,wk inc flu hosp,0,2026-01-17,32,quantile,0.05,70.47530409036656
2026-01-17,wk inc flu hosp,0,2026-01-17,32,quantile,0.1,82.28853068905983
2026-01-17,wk inc flu hosp,0,2026-01-17,32,quantile,0.15,92.88820482933615
2026-01-17,wk inc flu hosp,0,2026-01-17,32,quantile,0.2,102.47691122531481
2026-01-17,wk inc flu hosp,0,2026-01-17,32,quantile,0.25,111.30249815554997
2026-01-17,wk inc flu hosp,0,2026-01-17,32,quantile,0.3,119.61021115073058
2026-01-17,wk inc flu hosp,0,2026-01-17,32,quantile,0.35,127.74740680868584
2026-01-17,wk inc flu hosp,0,2026-01-17,32,quantile,0.4,135.85764689512374
2026-01-17,wk inc flu hosp,0,2026-01-17,32,quantile,0.45,144.06371000975759
2026-01-17,wk inc flu hosp,0,2026-01-17,32,quantile,0.5,152.45524860539535
2026-01-17,wk inc flu hosp,0,2026-01-17,32,quantile,0.55,161.23416304609142
2026-01-17,wk inc flu hosp,0,2026-01-17,32,quantile,0.6,170.68857178856564
2026-01-17,wk inc flu hosp,0,2026-01-17,32,quantile,0.65,181.24628712713016
2026-01-17,wk inc flu hosp,0,2026-01-17,32,quantile,0.7,193.17958596345184
2026-01-17,wk inc flu hosp,0,2026-01-17,32,quantile,0.75,207.19517239493646
2026-01-17,wk inc flu hosp,0,2026-01-17,32,quantile,0.8,223.50225895056914
2026-01-17,wk inc flu hosp,0,2026-01-17,32,quantile,0.85,245.94099021020943
2026-01-17,wk inc flu hosp,0,2026-01-17,32,quantile,0.9,277.9635174447616
2026-01-17,wk inc flu hosp,0,2026-01-17,32,quantile,0.95,322.545487005911
2026-01-17,wk inc flu hosp,0,2026-01-17,32,quantile,0.975,379.0419183279692
2026-01-17,wk inc flu hosp,0,2026-01-17,32,quantile,0.99,425.03234242489884
2026-01-17,wk inc flu hosp,0,2026-01-17,33,quantile,0.01,42.41001374832353
2026-01-17,wk inc flu hosp,0,2026-01-17,33,quantile,0.025,61.59570097642101
2026-01-17,wk inc flu hosp,0,2026-01-17,33,quantile,0.05,79.17138273992728
2026-01-17,wk inc flu hosp,0,2026-01-17,33,quantile,0.1,104.03005694011819
2026-01-17,wk inc flu hosp,0,2026-01-17,33,quantile,0.15,121.49456464193985
2026-01-17,wk inc flu hosp,0,2026-01-17,33,quantile,0.2,135.97282807882212
2026-01-17,wk inc flu hosp,0,2026-01-17,33,quantile,0.25,148.9513753852177
2026-01-17,wk inc flu hosp,0,2026-01-17,33,quantile,0.3,160.27218182887702
2026-01-17,wk inc flu hosp,0,2026-01-17,33,quantile,0.35,170.41284738635855
2026-01-17,wk inc flu hosp,0,2026-01-17,33,quantile,0.4,181.25887850560028
2026-01-17,wk inc flu hosp,0,2026-01-17,33,quantile,0.45,193.2787015553152
2026-01-17,wk inc flu hosp,0,2026-01-17,33,quantile,0.5,205.87069729379616
2026-01-17,wk inc flu hosp,0,2026-01-17,33,quantile,0.55,219.28850656922538
2026-01-17,wk inc flu hosp,0,2026-01-17,33,quantile,0.6,233.52950731473655
2026-01-17,wk inc flu hosp,0,2026-01-17,33,quantile,0.65,249.22907479391804
2026-01-17,wk inc flu hosp,0,2026-01-17,33,quantile,0.7,267.6244711309598
2026-01-17,wk inc flu hosp,0,2026-01-17,33,quantile,0.75,289.55606429923125
2026-01-17,wk inc flu hosp,0,2026-01-17,33,quantile,0.8,314.05442228990944
2026-01-17,wk inc flu hosp,0,2026-01-17,33,quantile,0.85,345.7260677628635
2026-01-17,wk inc flu hosp,0,2026-01-17,33,quantile,0.9,399.73652777644594
2026-01-17,wk inc flu hosp,0,2026-01-17,33,quantile,0.95,496.15832755057403
2026-01-17,wk inc flu hosp,0,2026-01-17,33,quantile,0.975,612.0792437907817
2026-01-17,wk inc flu hosp,0,2026-01-17,33,quantile,0.99,772.0483536994706
2026-01-17,wk inc flu hosp,0,2026-01-17,34,quantile,0.01,311.2863999573024
2026-01-17,wk inc flu hosp,0,2026-01-17,34,quantile,0.025,376.92471200122407
2026-01-17,wk inc flu hosp,0,2026-01-17,34,quantile,0.05,459.2579615743179
2026-01-17,wk inc flu hosp,0,2026-01-17,34,quantile,0.1,567.5913142068359
2026-01-17,wk inc flu hosp,0,2026-01-17,34,quantile,0.15,648.2378807739572
2026-01-17,wk inc flu hosp,0,2026-01-17,34,quantile,0.2,718.5737630467833
2026-01-17,wk inc flu hosp,0,2026-01-17,34,quantile,0.25,780.1719780321594
2026-01-17,wk inc flu hosp,0,2026-01-17,34,quantile,0.3,841.2289788625294
2026-01-17,wk inc flu hosp,0,2026-01-17,34,quantile,0.35,901.6256118230107
2026-01-17,wk inc flu hosp,0,2026-01-17,34,quantile,0.4,955.5997892552447
2026-01-17,wk inc flu hosp,0,2026-01-17,34,quantile,0.45,1016.2946916906392
2026-01-17,wk inc flu hosp,0,2026-01-17,34,quantile,0.5,1080.3176421934552
2026-01-17,wk inc flu hosp,0,2026-01-17,34,quantile,0.55,1149.3118233687667
2026-01-17,wk inc flu hosp,0,2026-01-17,34,quantile,0.6,1227.1926895585486
2026-01-17,wk inc flu hosp,0,2026-01-17,34,quantile,0.65,1316.557133760546
2026-01-17,wk inc flu hosp,0,2026-01-17,34,quantile,0.7,1414.3422826752756
2026-01-17,wk inc flu hosp,0,2026-01-17,34,quantile,0.75,1531.210719759557
2026-01-17,wk inc flu hosp,0,2026-01-17,34,quantile,0.8,1640.9917771322303
2026-01-17,wk inc flu hosp,0,2026-01-17,34,quantile,0.85,1815.7947669228724
2026-01-17,wk inc flu hosp,0,2026-01-17,34,quantile,0.9,2101.090404249376
2026-01-17,wk inc flu hosp,0,2026-01-17,34,quantile,0.95,2527.5856315394803
2026-01-17,wk inc flu hosp,0,2026-01-17,34,quantile,0.975,3199.4332440218527
2026-01-17,wk inc flu hosp,0,2026-01-17,34,quantile,0.99,3613.612949689154
2026-01-17,wk inc flu hosp,0,2026-01-17,35,quantile,0.01,42.40055083465161
2026-01-17,wk inc flu hosp,0,2026-01-17,35,quantile,0.025,56.10757174118319
2026-01-17,wk inc flu hosp,0,2026-01-17,35,quantile,0.05,74.56805614702441
2026-01-17,wk inc flu hosp,0,2026-01-17,35,quantile,0.1,101.07005151729564
2026-01-17,wk inc flu hosp,0,2026-01-17,35,quantile,0.15,122.42877041987336
2026-01-17,wk inc flu hosp,0,2026-01-17,35,quantile,0.2,136.24194470207738
2026-01-17,wk inc flu hosp,0,2026-01-17,35,quantile,0.25,151.60235742380559
2026-01-17,wk inc flu hosp,0,2026-01-17,35,quantile,0.3,166.18542299028178
2026-01-17,wk inc flu hosp,0,2026-01-17,35,quantile,0.35,181.22981342591453
2026-01-17,wk inc flu hosp,0,2026-01-17,35,quantile,0.4,196.3944680932335
2026-01-17,wk inc flu hosp,0,2026-01-17,35,quantile,0.45,211.30611587938935
2026-01-17,wk inc flu hosp,0,2026-01-17,35,quantile,0.5,225.06452492407462
2026-01-17,wk inc flu hosp,0,2026-01-17,35,quantile,0.55,240.51923604958924
2026-01-17,wk inc flu hosp,0,2026-01-17,35,quantile,0.6,258.9219041846125
2026-01-17,wk inc flu hosp,0,2026-01-17,35,quantile,0.65,279.8549846832557
2026-01-17,wk inc flu hosp,0,2026-01-17,35,quantile,0.7,304.32322998625995
2026-01-17,wk inc flu hosp,0,2026-01-17,35,quantile,0.75,335.180409453653
2026-01-17,wk inc flu hosp,0,2026-01-17,35,quantile,0.8,375.1276283866042
2026-01-17,wk inc flu hosp,0,2026-01-17,35,quantile,0.85,421.37953653709565
2026-01-17,wk inc flu hosp,0,2026-01-17,35,quantile,0.9,496.1160008307345
2026-01-17,wk inc flu hosp,0,2026-01-17,35,quantile,0.95,642.0886129271786
2026-01-17,wk inc flu hosp,0,2026-01-17,35,quantile,0.975,853.7039737986654
2026-01-17,wk inc flu hosp,0,2026-01-17,35,quantile,0.99,1206.0524609867366
2026-01-17,wk inc flu hosp,0,2026-01-17,36,quantile,0.01,528.1649293166397
2026-01-17,wk inc flu hosp,0,2026-01-17,36,quantile,0.025,688.3877125858751
2026-01-17,wk inc flu hosp,0,2026-01-17,36,quantile,0.05,834.475223099305
2026-01-17,wk inc flu hosp,0,2026-01-17,36,quantile,0.1,1031.0996164909361
2026-01-17,wk inc flu hosp,0,2026-01-17,36,quantile,0.15,1175.945704437664
2026-01-17,wk inc flu hosp,0,2026-01-17,36,quantile,0.2,1299.393723128842
2026-01-17,wk inc flu hosp,0,2026-01-17,36,quantile,0.25,1412.7428004887934
2026-01-17,wk inc flu hosp,0,2026-01-17,36,quantile,0.3,1507.7996593474231
2026-01-17,wk inc flu hosp,0,2026-01-17,36,quantile,0.35,1610.026657407881
2026-01-17,wk inc flu hosp,0,2026-01-17,36,quantile,0.4,1712.0339150375405
2026-01-17,wk inc flu hosp,0,2026-01-17,36,quantile,0.45,1820.7177631683658
2026-01-17,wk inc flu hosp,0,2026-01-17,36,quantile,0.5,1941.3459589804363
2026-01-17,wk inc flu hosp,0,2026-01-17,36,quantile,0.55,2073.646046296426
2026-01-17,wk inc flu hosp,0,2026-01-17,36,quantile,0.6,2221.845336763622
2026-01-17,wk inc flu hosp,0,2026-01-17,36,quantile,0.65,2373.1430594893022
2026-01-17,wk inc flu hosp,0,2026-01-17,36,quantile,0.7,2568.759479898472
2026-01-17,wk inc flu hosp,0,2026-01-17,36,quantile,0.75,2788.450865052938
2026-01-17,wk inc flu hosp,0,2026-01-17,36,quantile,0.8,3016.1689019915643
2026-01-17,wk inc flu hosp,0,2026-01-17,36,quantile,0.85,3291.0214631083163
2026-01-17,wk inc flu hosp,0,2026-01-17,36,quantile,0.9,3693.5565753071874
2026-01-17,wk inc flu hosp,0,2026-01-17,36,quantile,0.95,4697.917008818939
2026-01-17,wk inc flu hosp,0,2026-01-17,36,quantile,0.975,5709.8469440089675
2026-01-17,wk inc flu hosp,0,2026-01-17,36,quantile,0.99,7864.702478888075
2026-01-17,wk inc flu hosp,0,2026-01-17,37,quantile,0.01,473.9868148114132
2026-01-17,wk inc flu hosp,0,2026-01-17,37,quantile,0.025,521.4166141336763
2026-01-17,wk inc flu hosp,0,2026-01-17,37,quantile,0.05,601.669471306727
2026-01-17,wk inc flu hosp,0,2026-01-17,37,quantile,0.1,712.4096789509563
2026-01-17,wk inc flu hosp,0,2026-01-17,37,quantile,0.15,796.8315407997031
2026-01-17,wk inc flu hosp,0,2026-01-17,37,quantile,0.2,859.5458858691388
2026-01-17,wk inc flu hosp,0,2026-01-17,37,quantile,0.25,924.6309827211029
2026-01-17,wk inc flu hosp,0,2026-01-17,37,quantile,0.3,988.7490421494729
2026-01-17,wk inc flu hosp,0,2026-01-17,37,quantile,0.35,1054.551685436978
2026-01-17,wk inc flu hosp,0,2026-01-17,37,quantile,0.4,1122.555408180767
2026-01-17,wk inc flu hosp,0,2026-01-17,37,quantile,0.45,1194.6248312570156
2026-01-17,wk inc flu hosp,0,2026-01-17,37,quantile,0.5,1271.0096648102483
2026-01-17,wk inc flu hosp,0,2026-01-17,37,quantile,0.55,1351.416184552221
2026-01-17,wk inc flu hosp,0,2026-01-17,37,quantile,0.6,1441.2512961537884
2026-01-17,wk inc flu hosp,0,2026-01-17,37,quantile,0.65,1543.846394538889
2026-01-17,wk inc flu hosp,0,2026-01-17,37,quantile,0.7,1662.1381711080496
2026-01-17,wk inc flu hosp,0,2026-01-17,37,quantile,0.75,1798.7645945454644
2026-01-17,wk inc flu hosp,0,2026-01-17,37,quantile,0.8,1956.6067658649379
2026-01-17,wk inc flu hosp,0,2026-01-17,37,quantile,0.85,2155.335250773174
2026-01-17,wk inc flu hosp,0,2026-01-17,37,quantile,0.9,2473.17186769481
2026-01-17,wk inc flu hosp,0,2026-01-17,37,quantile,0.95,2970.6666977962504
2026-01-17,wk inc flu hosp,0,2026-01-17,37,quantile,0.975,3417.0470466355723
2026-01-17,wk inc flu hosp,0,2026-01-17,37,quantile,0.99,3944.5940609305308
2026-01-17,wk inc flu hosp,0,2026-01-17,38,quantile,0.01,17.162000158140675
2026-01-17,wk inc flu hosp,0,2026-01-17,38,quantile,0.025,23.45113359512767
2026-01-17,wk inc flu hosp,0,2026-01-17,38,quantile,0.05,30.99070285620146
2026-01-17,wk inc flu hosp,0,2026-01-17,38,quantile,0.1,41.41874067958157
2026-01-17,wk inc flu hosp,0,2026-01-17,38,quantile,0.15,49.710975173240755
2026-01-17,wk inc flu hosp,0,2026-01-17,38,quantile,0.2,57.64688288772425
2026-01-17,wk inc flu hosp,0,2026-01-17,38,quantile,0.25,65.60516935294642
2026-01-17,wk inc flu hosp,0,2026-01-17,38,quantile,0.3,73.530414480719
2026-01-17,wk inc flu hosp,0,2026-01-17,38,quantile,0.35,81.35397678570995
2026-01-17,wk inc flu hosp,0,2026-01-17,38,quantile,0.4,88.11706367712958
2026-01-17,wk inc flu hosp,0,2026-01-17,38,quantile,0.45,96.30068314117305
2026-01-17,wk inc flu hosp,0,2026-01-17,38,quantile,0.5,105.89481080696945
2026-01-17,wk inc flu hosp,0,2026-01-17,38,quantile,0.55,116.71175522384637
2026-01-17,wk inc flu hosp,0,2026-01-17,38,quantile,0.6,129.0380123839147
2026-01-17,wk inc flu hosp,0,2026-01-17,38,quantile,0.65,143.58803874406746
2026-01-17,wk inc flu hosp,0,2026-01-17,38,quantile,0.7,159.3202159588512
2026-01-17,wk inc flu hosp,0,2026-01-17,38,quantile,0.75,173.03852719491024
2026-01-17,wk inc flu hosp,0,2026-01-17,38,quantile,0.8,196.01794701416907
2026-01-17,wk inc flu hosp,0,2026-01-17,38,quantile,0.85,227.49094161541456
2026-01-17,wk inc flu hosp,0,2026-01-17,38,quantile,0.9,281.43376054950403
2026-01-17,wk inc flu hosp,0,2026-01-17,38,quantile,0.95,381.37465198214574
2026-01-17,wk inc flu hosp,0,2026-01-17,38,quantile,0.975,493.86797089625026
2026-01-17,wk inc flu hosp,0,2026-01-17,38,quantile,0.99,640.3868072698558
2026-01-17,wk inc flu hosp,0,2026-01-17,39,quantile,0.01,464.30695439374904
2026-01-17,wk inc flu hosp,0,2026-01-17,39,quantile,0.025,519.9412635023156
2026-01-17,wk inc flu hosp,0,2026-01-17,39,quantile,0.05,606.6342304544191
2026-01-17,wk inc flu hosp,0,2026-01-17,39,quantile,0.1,722.1059400126621
2026-01-17,wk inc flu hosp,0,2026-01-17,39,quantile,0.15,810.5924336365126
2026-01-17,wk inc flu hosp,0,2026-01-17,39,quantile,0.2,887.28445591801
2026-01-17,wk inc flu hosp,0,2026-01-17,39,quantile,0.25,958.1200164027633
2026-01-17,wk inc flu hosp,0,2026-01-17,39,quantile,0.3,1026.2508768941168
2026-01-17,wk inc flu hosp,0,2026-01-17,39,quantile,0.35,1090.5675759428207
2026-01-17,wk inc flu hosp,0,2026-01-17,39,quantile,0.4,1146.696421940491
2026-01-17,wk inc flu hosp,0,2026-01-17,39,quantile,0.45,1210.1905880680217
2026-01-17,wk inc flu hosp,0,2026-01-17,39,quantile,0.5,1277.895752950016
2026-01-17,wk inc flu hosp,0,2026-01-17,39,quantile,0.55,1353.6742046353265
2026-01-17,wk inc flu hosp,0,2026-01-17,39,quantile,0.6,1431.3447510106278
2026-01-17,wk inc flu hosp,0,2026-01-17,39,quantile,0.65,1512.1165913746338
2026-01-17,wk inc flu hosp,0,2026-01-17,39,quantile,0.7,1595.1345439609765
2026-01-17,wk inc flu hosp,0,2026-01-17,39,quantile,0.75,1708.2108423536015
2026-01-17,wk inc flu hosp,0,2026-01-17,39,quantile,0.8,1846.5898765188206
2026-01-17,wk inc flu hosp,0,2026-01-17,39,quantile,0.85,2013.4978569219033
2026-01-17,wk inc flu hosp,0,2026-01-17,39,quantile,0.9,2196.099545003352
2026-01-17,wk inc flu hosp,0,2026-01-17,39,quantile,0.95,2562.421610257878
2026-01-17,wk inc flu hosp,0,2026-01-17,39,quantile,0.975,2936.294790786187
2026-01-17,wk inc flu hosp,0,2026-01-17,39,quantile,0.99,3378.8066560811576
2026-01-17,wk inc flu hosp,0,2026-01-17,40,quantile,0.01,20.30423059946449
2026-01-17,wk inc flu hosp,0,2026-01-17,40,quantile,0.025,50.72617929236066
2026-01-17,wk inc flu hosp,0,2026-01-17,40,quantile,0.05,58.1995830604315
2026-01-17,wk inc flu hosp,0,2026-01-17,40,quantile,0.1,72.4610259331987
2026-01-17,wk inc flu hosp,0,2026-01-17,40,quantile,0.15,84.27806076538333
2026-01-17,wk inc flu hosp,0,2026-01-17,40,quantile,0.2,94.22382879315207
2026-01-17,wk inc flu hosp,0,2026-01-17,40,quantile,0.25,103.12499665390911
2026-01-17,wk inc flu hosp,0,2026-01-17,40,quantile,0.3,111.78715465516854
2026-01-17,wk inc flu hosp,0,2026-01-17,40,quantile,0.35,120.03016198081089
2026-01-17,wk inc flu hosp,0,2026-01-17,40,quantile,0.4,128.1223165091305
2026-01-17,wk inc flu hosp,0,2026-01-17,40,quantile,0.45,136.19264878644128
2026-01-17,wk inc flu hosp,0,2026-01-17,40,quantile,0.5,144.24776783991385
2026-01-17,wk inc flu hosp,0,2026-01-17,40,quantile,0.55,152.09188310601382
2026-01-17,wk inc flu hosp,0,2026-01-17,40,quantile,0.6,161.06770730369388
2026-01-17,wk inc flu hosp,0,2026-01-17,40,quantile,0.65,171.02717601868602
2026-01-17,wk inc flu hosp,0,2026-01-17,40,quantile,0.7,182.10865201175824
2026-01-17,wk inc flu hosp,0,2026-01-17,40,quantile,0.75,194.92070338545716
2026-01-17,wk inc flu hosp,0,2026-01-17,40,quantile,0.8,210.28666585539918
2026-01-17,wk inc flu hosp,0,2026-01-17,40,quantile,0.85,224.9724505773975
2026-01-17,wk inc flu hosp,0,2026-01-17,40,quantile,0.9,246.55514015421534
2026-01-17,wk inc flu hosp,0,2026-01-17,40,quantile,0.95,289.5246421783617
2026-01-17,wk inc flu hosp,0,2026-01-17,40,quantile,0.975,330.0620254757607
2026-01-17,wk inc flu hosp,0,2026-01-17,40,quantile,0.99,389.1537239127679
2026-01-17,wk inc flu hosp,0,2026-01-17,41,quantile,0.01,56.4612925125561
2026-01-17,wk inc flu hosp,0,2026-01-17,41,quantile,0.025,64.9484676567923
2026-01-17,wk inc flu hosp,0,2026-01-17,41,quantile,0.05,76.39272354144843
2026-01-17,wk inc flu hosp,0,2026-01-17,41,quantile,0.1,86.64901820689185
2026-01-17,wk inc flu hosp,0,2026-01-17,41,quantile,0.15,95.5536802811611
2026-01-17,wk inc flu hosp,0,2026-01-17,41,quantile,0.2,105.51417691974355
2026-01-17,wk inc flu hosp,0,2026-01-17,41,quantile,0.25,114.62314555268965
2026-01-17,wk inc flu hosp,0,2026-01-17,41,quantile,0.3,123.2149952386012
2026-01-17,wk inc flu hosp,0,2026-01-17,41,quantile,0.35,131.52475201064803
2026-01-17,wk inc flu hosp,0,2026-01-17,41,quantile,0.4,139.54678557241488
2026-01-17,wk inc flu hosp,0,2026-01-17,41,quantile,0.45,146.5806995430962
2026-01-17,wk inc flu hosp,0,2026-01-17,41,quantile,0.5,155.12472829568006
2026-01-17,wk inc flu hosp,0,2026-01-17,41,quantile,0.55,164.04335688062866
2026-01-17,wk inc flu hosp,0,2026-01-17,41,quantile,0.6,173.69082650181778
2026-01-17,wk inc flu hosp,0,2026-01-17,41,quantile,0.65,184.10024185454316
2026-01-17,wk inc flu hosp,0,2026-01-17,41,quantile,0.7,195.52271201686816
2026-01-17,wk inc flu hosp,0,2026-01-17,41,quantile,0.75,207.02457035456155
2026-01-17,wk inc flu hosp,0,2026-01-17,41,quantile,0.8,223.1043189423903
2026-01-17,wk inc flu hosp,0,2026-01-17,41,quantile,0.85,244.247567114663
2026-01-17,wk inc flu hosp,0,2026-01-17,41,quantile,0.9,274.14200190720106
2026-01-17,wk inc flu hosp,0,2026-01-17,41,quantile,0.95,322.50605473153723
2026-01-17,wk inc flu hosp,0,2026-01-17,41,quantile,0.975,364.76539145452415
2026-01-17,wk inc flu hosp,0,2026-01-17,41,quantile,0.99,435.27652835962954
2026-01-17,wk inc flu hosp,0,2026-01-17,42,quantile,0.01,794.5313599328141
2026-01-17,wk inc flu hosp,0,2026-01-17,42,quantile,0.025,961.8127233718177
2026-01-17,wk inc flu hosp,0,2026-01-17,42,quantile,0.05,1116.4504127845598
2026-01-17,wk inc flu hosp,0,2026-01-17,42,quantile,0.1,1349.906707924303
2026-01-17,wk inc flu hosp,0,2026-01-17,42,quantile,0.15,1519.0361710901623
2026-01-17,wk inc flu hosp,0,2026-01-17,42,quantile,0.2,1661.9809517205142
2026-01-17,wk inc flu hosp,0,2026-01-17,42,quantile,0.25,1793.2060222319358
2026-01-17,wk inc flu hosp,0,2026-01-17,42,quantile,0.3,1916.9109650862142
2026-01-17,wk inc flu hosp,0,2026-01-17,42,quantile,0.35,2037.9332354160615
2026-01-17,wk inc flu hosp,0,2026-01-17,42,quantile,0.4,2148.900254434573
2026-01-17,wk inc flu hosp,0,2026-01-17,42,quantile,0.45,2251.6693683825497
2026-01-17,wk inc flu hosp,0,2026-01-17,42,quantile,0.5,2361.7390770079223
2026-01-17,wk inc flu hosp,0,2026-01-17,42,quantile,0.55,2496.4226206001226
2026-01-17,wk inc flu hosp,0,2026-01-17,42,quantile,0.6,2643.584427344774
2026-01-17,wk inc flu hosp,0,2026-01-17,42,quantile,0.65,2804.9633688865138
2026-01-17,wk inc flu hosp,0,2026-01-17,42,quantile,0.7,2957.5639383813977
2026-01-17,wk inc flu hosp,0,2026-01-17,42,quantile,0.75,3138.1491386470775
2026-01-17,wk inc flu hosp,0,2026-01-17,42,quantile,0.8,3353.6675564102816
2026-01-17,wk inc flu hosp,0,2026-01-17,42,quantile,0.85,3649.0551239279985
2026-01-17,wk inc flu hosp,0,2026-01-17,42,quantile,0.9,4108.536971011427
2026-01-17,wk inc flu hosp,0,2026-01-17,42,quantile,0.95,4914.817629093317
2026-01-17,wk inc flu hosp,0,2026-01-17,42,quantile,0.975,5712.468722892205
2026-01-17,wk inc flu hosp,0,2026-01-17,42,quantile,0.99,6757.721897471494
2026-01-17,wk inc flu hosp,0,2026-01-17,44,quantile,0.01,22.487336145095867
2026-01-17,wk inc flu hosp,0,2026-01-17,44,quantile,0.025,29.99398615242657
2026-01-17,wk inc flu hosp,0,2026-01-17,44,quantile,0.05,39.64755983396979
2026-01-17,wk inc flu hosp,0,2026-01-17,44,quantile,0.1,54.882886565575525
2026-01-17,wk inc flu hosp,0,2026-01-17,44,quantile,0.15,68.26542747111641
2026-01-17,wk inc flu hosp,0,2026-01-17,44,quantile,0.2,80.52791409484112
2026-01-17,wk inc flu hosp,0,2026-01-17,44,quantile,0.25,90.69866824960631
2026-01-17,wk inc flu hosp,0,2026-01-17,44,quantile,0.3,101.12451792573154
2026-01-17,wk inc flu hosp,0,2026-01-17,44,quantile,0.35,110.44336035764499
2026-01-17,wk inc flu hosp,0,2026-01-17,44,quantile,0.4,120.62982109968479
2026-01-17,wk inc flu hosp,0,2026-01-17,44,quantile,0.45,131.58105269837714
2026-01-17,wk inc flu hosp,0,2026-01-17,44,quantile,0.5,143.43845817864278
2026-01-17,wk inc flu hosp,0,2026-01-17,44,quantile,0.55,156.64288744674855
2026-01-17,wk inc flu hosp,0,2026-01-17,44,quantile,0.6,172.11550916014974
2026-01-17,wk inc flu hosp,0,2026-01-17,44,quantile,0.65,191.0139234907614
2026-01-17,wk inc flu hosp,0,2026-01-17,44,quantile,0.7,215.26894867142647
2026-01-17,wk inc flu hosp,0,2026-01-17,44,quantile,0.75,245.864395799695
2026-01-17,wk inc flu hosp,0,2026-01-17,44,quantile,0.8,275.3589009473575
2026-01-17,wk inc flu hosp,0,2026-01-17,44,quantile,0.85,324.7090164315608
2026-01-17,wk inc flu hosp,0,2026-01-17,44,quantile,0.9,382.10990748412553
2026-01-17,wk inc flu hosp,0,2026-01-17,44,quantile,0.95,524.723061001203
2026-01-17,wk inc flu hosp,0,2026-01-17,44,quantile,0.975,631.8591149143539
2026-01-17,wk inc flu hosp,0,2026-01-17,44,quantile,0.99,801.8749559767571
2026-01-17,wk inc flu hosp,0,2026-01-17,45,quantile,0.01,139.19976346193928
2026-01-17,wk inc flu hosp,0,2026-01-17,45,quantile,0.025,172.63944034319863
2026-01-17,wk inc flu hosp,0,2026-01-17,45,quantile,0.05,208.3807212644244
2026-01-17,wk inc flu hosp,0,2026-01-17,45,quantile,0.1,256.44136123925324
2026-01-17,wk inc flu hosp,0,2026-01-17,45,quantile,0.15,294.40312502098664
2026-01-17,wk inc flu hosp,0,2026-01-17,45,quantile,0.2,327.08046014571175
2026-01-17,wk inc flu hosp,0,2026-01-17,45,quantile,0.25,357.56545899110023
2026-01-17,wk inc flu hosp,0,2026-01-17,45,quantile,0.3,386.7959373760735
2026-01-17,wk inc flu hosp,0,2026-01-17,45,quantile,0.35,415.87332950386394
2026-01-17,wk inc flu hosp,0,2026-01-17,45,quantile,0.4,445.4987449021993
2026-01-17,wk inc flu hosp,0,2026-01-17,45,quantile,0.45,472.6609574613224
2026-01-17,wk inc flu hosp,0,2026-01-17,45,quantile,0.5,503.54409230885676
2026-01-17,wk inc flu hosp,0,2026-01-17,45,quantile,0.55,537.026139600507
2026-01-17,wk inc flu hosp,0,2026-01-17,45,quantile,0.6,574.2514450307767
2026-01-17,wk inc flu hosp,0,2026-01-17,45,quantile,0.65,618.5068768448099
2026-01-17,wk inc flu hosp,0,2026-01-17,45,quantile,0.7,666.2012718195348
2026-01-17,wk inc flu hosp,0,2026-01-17,45,quantile,0.75,728.293057056816
2026-01-17,wk inc flu hosp,0,2026-01-17,45,quantile,0.8,805.2914077494241
2026-01-17,wk inc flu hosp,0,2026-01-17,45,quantile,0.85,875.2179729137029
2026-01-17,wk inc flu hosp,0,2026-01-17,45,quantile,0.9,996.957411127354
2026-01-17,wk inc flu hosp,0,2026-01-17,45,quantile,0.95,1266.476908116574
2026-01-17,wk inc flu hosp,0,2026-01-17,45,quantile,0.975,1552.2172730796467
2026-01-17,wk inc flu hosp,0,2026-01-17,45,quantile,0.99,1971.505869293011
2026-01-17,wk inc flu hosp,0,2026-01-17,46,quantile,0.01,9.33818544610554
2026-01-17,wk inc flu hosp,0,2026-01-17,46,quantile,0.025,13.050378491447209
2026-01-17,wk inc flu hosp,0,2026-01-17,46,quantile,0.05,17.553870550679942
2026-01-17,wk inc flu hosp,0,2026-01-17,46,quantile,0.1,22.54717394513524
2026-01-17,wk inc flu hosp,0,2026-01-17,46,quantile,0.15,27.402584890630862
2026-01-17,wk inc flu hosp,0,2026-01-17,46,quantile,0.2,32.09081311544034
2026-01-17,wk inc flu hosp,0,2026-01-17,46,quantile,0.25,36.50921114357295
2026-01-17,wk inc flu hosp,0,2026-01-17,46,quantile,0.3,40.546444027796475
2026-01-17,wk inc flu hosp,0,2026-01-17,46,quantile,0.35,44.307824176741285
2026-01-17,wk inc flu hosp,0,2026-01-17,46,quantile,0.4,48.177906064630314
2026-01-17,wk inc flu hosp,0,2026-01-17,46,quantile,0.45,52.17659650794133
2026-01-17,wk inc flu hosp,0,2026-01-17,46,quantile,0.5,56.34555226397381
2026-01-17,wk inc flu hosp,0,2026-01-17,46,quantile,0.55,60.77772662861163
2026-01-17,wk inc flu hosp,0,2026-01-17,46,quantile,0.6,65.5809909484272
2026-01-17,wk inc flu hosp,0,2026-01-17,46,quantile,0.65,71.08986299412341
2026-01-17,wk inc flu hosp,0,2026-01-17,46,quantile,0.7,77.4168876763588
2026-01-17,wk inc flu hosp,0,2026-01-17,46,quantile,0.75,84.09349797882955
2026-01-17,wk inc flu hosp,0,2026-01-17,46,quantile,0.8,93.88087339740854
2026-01-17,wk inc flu hosp,0,2026-01-17,46,quantile,0.85,107.79174450905933
2026-01-17,wk inc flu hosp,0,2026-01-17,46,quantile,0.9,128.167085479651
2026-01-17,wk inc flu hosp,0,2026-01-17,46,quantile,0.95,176.80057025575258
2026-01-17,wk inc flu hosp,0,2026-01-17,46,quantile,0.975,219.7638051051183
2026-01-17,wk inc flu hosp,0,2026-01-17,46,quantile,0.99,310.5556202052754
2026-01-17,wk inc flu hosp,0,2026-01-17,47,quantile,0.01,200.8712221394045
2026-01-17,wk inc flu hosp,0,2026-01-17,47,quantile,0.025,236.65609193832913
2026-01-17,wk inc flu hosp,0,2026-01-17,47,quantile,0.05,270.67533194616954
2026-01-17,wk inc flu hosp,0,2026-01-17,47,quantile,0.1,319.6830238926341
2026-01-17,wk inc flu hosp,0,2026-01-17,47,quantile,0.15,358.5131402118231
2026-01-17,wk inc flu hosp,0,2026-01-17,47,quantile,0.2,392.50812997201746
2026-01-17,wk inc flu hosp,0,2026-01-17,47,quantile,0.25,423.73518161472424
2026-01-17,wk inc flu hosp,0,2026-01-17,47,quantile,0.3,449.10149113260866
2026-01-17,wk inc flu hosp,0,2026-01-17,47,quantile,0.35,476.33020409796285
2026-01-17,wk inc flu hosp,0,2026-01-17,47,quantile,0.4,503.9609256393681
2026-01-17,wk inc flu hosp,0,2026-01-17,47,quantile,0.45,532.4992065275677
2026-01-17,wk inc flu hosp,0,2026-01-17,47,quantile,0.5,558.3629049697317
2026-01-17,wk inc flu hosp,0,2026-01-17,47,quantile,0.55,590.9487029003984
2026-01-17,wk inc flu hosp,0,2026-01-17,47,quantile,0.6,626.315854663661
2026-01-17,wk inc flu hosp,0,2026-01-17,47,quantile,0.65,665.6550723387747
2026-01-17,wk inc flu hosp,0,2026-01-17,47,quantile,0.7,710.4685563696275
2026-01-17,wk inc flu hosp,0,2026-01-17,47,quantile,0.75,759.564635150903
2026-01-17,wk inc flu hosp,0,2026-01-17,47,quantile,0.8,815.623397102307
2026-01-17,wk inc flu hosp,0,2026-01-17,47,quantile,0.85,889.307453018202
2026-01-17,wk inc flu hosp,0,2026-01-17,47,quantile,0.9,994.7876322159469
2026-01-17,wk inc flu hosp,0,2026-01-17,47,quantile,0.95,1158.6297540722737
2026-01-17,wk inc flu hosp,0,2026-01-17,47,quantile,0.975,1317.0934970608262
2026-01-17,wk inc flu hosp,0,2026-01-17,47,quantile,0.99,1515.0333295971514
2026-01-17,wk inc flu hosp,0,2026-01-17,48,quantile,0.01,583.3478177511661
2026-01-17,wk inc flu hosp,0,2026-01-17,48,quantile,0.025,735.1303083913325
2026-01-17,wk inc flu hosp,0,2026-01-17,48,quantile,0.05,887.7249736086312
2026-01-17,wk inc flu hosp,0,2026-01-17,48,quantile,0.1,1128.78828926152
2026-01-17,wk inc flu hosp,0,2026-01-17,48,quantile,0.15,1257.1645634921147
2026-01-17,wk inc flu hosp,0,2026-01-17,48,quantile,0.2,1404.3948607015427
2026-01-17,wk inc flu hosp,0,2026-01-17,48,quantile,0.25,1540.4800124857893
2026-01-17,wk inc flu hosp,0,2026-01-17,48,quantile,0.3,1667.3531744730383
2026-01-17,wk inc flu hosp,0,2026-01-17,48,quantile,0.35,1779.051861673489
2026-01-17,wk inc flu hosp,0,2026-01-17,48,quantile,0.4,1890.2619484801546
2026-01-17,wk inc flu hosp,0,2026-01-17,48,quantile,0.45,1998.251060178587
2026-01-17,wk inc flu hosp,0,2026-01-17,48,quantile,0.5,2094.6729968126674
2026-01-17,wk inc flu hosp,0,2026-01-17,48,quantile,0.55,2218.289179769053
2026-01-17,wk inc flu hosp,0,2026-01-17,48,quantile,0.6,2361.2564492143
2026-01-17,wk inc flu hosp,0,2026-01-17,48,quantile,0.65,2518.4781781150396
2026-01-17,wk inc flu hosp,0,2026-01-17,48,quantile,0.7,2698.9400988972648
2026-01-17,wk inc flu hosp,0,2026-01-17,48,quantile,0.75,2906.225623162407
2026-01-17,wk inc flu hosp,0,2026-01-17,48,quantile,0.8,3154.114217212508
2026-01-17,wk inc flu hosp,0,2026-01-17,48,quantile,0.85,3468.742038042711
2026-01-17,wk inc flu hosp,0,2026-01-17,48,quantile,0.9,3958.830315555461
2026-01-17,wk inc flu hosp,0,2026-01-17,48,quantile,0.95,4879.672588982458
2026-01-17,wk inc flu hosp,0,2026-01-17,48,quantile,0.975,6003.620406893985
2026-01-17,wk inc flu hosp,0,2026-01-17,48,quantile,0.99,7107.221572242201
2026-01-17,wk inc flu hosp,0,2026-01-17,49,quantile,0.01,27.342586796036105
2026-01-17,wk inc flu hosp,0,2026-01-17,49,quantile,0.025,35.986312415568456
2026-01-17,wk inc flu hosp,0,2026-01-17,49,quantile,0.05,47.38714953847927
2026-01-17,wk inc flu hosp,0,2026-01-17,49,quantile,0.1,65.57615744712777
2026-01-17,wk inc flu hosp,0,2026-01-17,49,quantile,0.15,80.11701898877033
2026-01-17,wk inc flu hosp,0,2026-01-17,49,quantile,0.2,90.42747263062705
2026-01-17,wk inc flu hosp,0,2026-01-17,49,quantile,0.25,100.72961462092375
2026-01-17,wk inc flu hosp,0,2026-01-17,49,quantile,0.3,111.61598715162492
2026-01-17,wk inc flu hosp,0,2026-01-17,49,quantile,0.35,122.69709201033645
2026-01-17,wk inc flu hosp,0,2026-01-17,49,quantile,0.4,134.00238674309176
2026-01-17,wk inc flu hosp,0,2026-01-17,49,quantile,0.45,145.9222586675239
2026-01-17,wk inc flu hosp,0,2026-01-17,49,quantile,0.5,158.96235866946438
2026-01-17,wk inc flu hosp,0,2026-01-17,49,quantile,0.55,173.36886634778133
2026-01-17,wk inc flu hosp,0,2026-01-17,49,quantile,0.6,187.89623364618194
2026-01-17,wk inc flu hosp,0,2026-01-17,49,quantile,0.65,204.99492624296556
2026-01-17,wk inc flu hosp,0,2026-01-17,49,quantile,0.7,223.04381483057716
2026-01-17,wk inc flu hosp,0,2026-01-17,49,quantile,0.75,249.3325842730204
2026-01-17,wk inc flu hosp,0,2026-01-17,49,quantile,0.8,283.5658884270651
2026-01-17,wk inc flu hosp,0,2026-01-17,49,quantile,0.85,335.869317504807
2026-01-17,wk inc flu hosp,0,2026-01-17,49,quantile,0.9,408.8451546354694
2026-01-17,wk inc flu hosp,0,2026-01-17,49,quantile,0.95,545.0759611491011
2026-01-17,wk inc flu hosp,0,2026-01-17,49,quantile,0.975,702.9528051102985
2026-01-17,wk inc flu hosp,0,2026-01-17,49,quantile,0.99,935.4136096306244
2026-01-17,wk inc flu hosp,0,2026-01-17,50,quantile,0.01,6.846143167967114
2026-01-17,wk inc flu hosp,0,2026-01-17,50,quantile,0.025,9.134918417387555
2026-01-17,wk inc flu hosp,0,2026-01-17,50,quantile,0.05,11.652758662671205
2026-01-17,wk inc flu hosp,0,2026-01-17,50,quantile,0.1,16.969247366865645
2026-01-17,wk inc flu hosp,0,2026-01-17,50,quantile,0.15,21.487537733707658
2026-01-17,wk inc flu hosp,0,2026-01-17,50,quantile,0.2,25.703959561818937
2026-01-17,wk inc flu hosp,0,2026-01-17,50,quantile,0.25,29.718865262824202
2026-01-17,wk inc flu hosp,0,2026-01-17,50,quantile,0.3,33.63743661143846
2026-01-17,wk inc flu hosp,0,2026-01-17,50,quantile,0.35,37.53716476022694
2026-01-17,wk inc flu hosp,0,2026-01-17,50,quantile,0.4,41.518028819737026
2026-01-17,wk inc flu hosp,0,2026-01-17,50,quantile,0.45,45.65632793368436
2026-01-17,wk inc flu hosp,0,2026-01-17,50,quantile,0.5,50.06076929454846
2026-01-17,wk inc flu hosp,0,2026-01-17,50,quantile,0.55,54.76209734411644
2026-01-17,wk inc flu hosp,0,2026-01-17,50,quantile,0.6,58.750744036459274
2026-01-17,wk inc flu hosp,0,2026-01-17,50,quantile,0.65,64.74241854776761
2026-01-17,wk inc flu hosp,0,2026-01-17,50,quantile,0.7,72.17167720783391
2026-01-17,wk inc flu hosp,0,2026-01-17,50,quantile,0.75,81.61519608583619
2026-01-17,wk inc flu hosp,0,2026-01-17,50,quantile,0.8,94.03513704771025
2026-01-17,wk inc flu hosp,0,2026-01-17,50,quantile,0.85,112.1261872374138
2026-01-17,wk inc flu hosp,0,2026-01-17,50,quantile,0.9,136.6641567603909
2026-01-17,wk inc flu hosp,0,2026-01-17,50,quantile,0.95,177.2930312214293
2026-01-17,wk inc flu hosp,0,2026-01-17,50,quantile,0.975,223.6567634060332
2026-01-17,wk inc flu hosp,0,2026-01-17,50,quantile,0.99,291.8591674908457
2026-01-17,wk inc flu hosp,0,2026-01-17,51,quantile,0.01,266.0002694320259
2026-01-17,wk inc flu hosp,0,2026-01-17,51,quantile,0.025,304.80275467396365
2026-01-17,wk inc flu hosp,0,2026-01-17,51,quantile,0.05,357.0081866296671
2026-01-17,wk inc flu hosp,0,2026-01-17,51,quantile,0.1,426.5299947511659
2026-01-17,wk inc flu hosp,0,2026-01-17,51,quantile,0.15,478.5665056428975
2026-01-17,wk inc flu hosp,0,2026-01-17,51,quantile,0.2,526.1350749784077
2026-01-17,wk inc flu hosp,0,2026-01-17,51,quantile,0.25,570.5900307564073
2026-01-17,wk inc flu hosp,0,2026-01-17,51,quantile,0.3,613.1567350217313
2026-01-17,wk inc flu hosp,0,2026-01-17,51,quantile,0.35,655.2065589867385
2026-01-17,wk inc flu hosp,0,2026-01-17,51,quantile,0.4,694.0990873035119
2026-01-17,wk inc flu hosp,0,2026-01-17,51,quantile,0.45,726.811761993584
2026-01-17,wk inc flu hosp,0,2026-01-17,51,quantile,0.5,766.813910287713
2026-01-17,wk inc flu hosp,0,2026-01-17,51,quantile,0.55,812.4445070379747
2026-01-17,wk inc flu hosp,0,2026-01-17,51,quantile,0.6,862.3490350298888
2026-01-17,wk inc flu hosp,0,2026-01-17,51,quantile,0.65,916.2736291692295
2026-01-17,wk inc flu hosp,0,2026-01-17,51,quantile,0.7,978.9484215471393
2026-01-17,wk inc flu hosp,0,2026-01-17,51,quantile,0.75,1044.31969184141
2026-01-17,wk inc flu hosp,0,2026-01-17,51,quantile,0.8,1132.3512284181397
2026-01-17,wk inc flu hosp,0,2026-01-17,51,quantile,0.85,1237.2115908098679
2026-01-17,wk inc flu hosp,0,2026-01-17,51,quantile,0.9,1390.9264257122165
2026-01-17,wk inc flu hosp,0,2026-01-17,51,quantile,0.95,1578.2389138446258
2026-01-17,wk inc flu hosp,0,2026-01-17,51,quantile,0.975,1727.4828456201665
2026-01-17,wk inc flu hosp,0,2026-01-17,51,quantile,0.99,2047.0360321100297
2026-01-17,wk inc flu hosp,0,2026-01-17,53,quantile,0.01,84.26764226985347
2026-01-17,wk inc flu hosp,0,2026-01-17,53,quantile,0.025,99.93201284505751
2026-01-17,wk inc flu hosp,0,2026-01-17,53,quantile,0.05,115.11907440989377
2026-01-17,wk inc flu hosp,0,2026-01-17,53,quantile,0.1,137.09370315228435
2026-01-17,wk inc flu hosp,0,2026-01-17,53,quantile,0.15,154.0075832948373
2026-01-17,wk inc flu hosp,0,2026-01-17,53,quantile,0.2,167.80845214748862
2026-01-17,wk inc flu hosp,0,2026-01-17,53,quantile,0.25,180.56023914140937
2026-01-17,wk inc flu hosp,0,2026-01-17,53,quantile,0.3,193.2627674138872
2026-01-17,wk inc flu hosp,0,2026-01-17,53,quantile,0.35,206.08607597979096
2026-01-17,wk inc flu hosp,0,2026-01-17,53,quantile,0.4,218.81647460473366
2026-01-17,wk inc flu hosp,0,2026-01-17,53,quantile,0.45,231.21176712866634
2026-01-17,wk inc flu hosp,0,2026-01-17,53,quantile,0.5,243.98044982811533
2026-01-17,wk inc flu hosp,0,2026-01-17,53,quantile,0.55,257.54753543466046
2026-01-17,wk inc flu hosp,0,2026-01-17,53,quantile,0.6,272.95912873999237
2026-01-17,wk inc flu hosp,0,2026-01-17,53,quantile,0.65,290.6509220463674
2026-01-17,wk inc flu hosp,0,2026-01-17,53,quantile,0.7,311.1923297461037
2026-01-17,wk inc flu hosp,0,2026-01-17,53,quantile,0.75,336.67062643497013
2026-01-17,wk inc flu hosp,0,2026-01-17,53,quantile,0.8,367.2396026532793
2026-01-17,wk inc flu hosp,0,2026-01-17,53,quantile,0.85,398.7789824526771
2026-01-17,wk inc flu hosp,0,2026-01-17,53,quantile,0.9,433.4765018934791
2026-01-17,wk inc flu hosp,0,2026-01-17,53,quantile,0.95,524.0181256894272
2026-01-17,wk inc flu hosp,0,2026-01-17,53,quantile,0.975,595.3587485747482
2026-01-17,wk inc flu hosp,0,2026-01-17,53,quantile,0.99,674.6091851122055
2026-01-17,wk inc flu hosp,0,2026-01-17,54,quantile,0.01,43.4773186564088
2026-01-17,wk inc flu hosp,0,2026-01-17,54,quantile,0.025,58.363805249702
2026-01-17,wk inc flu hosp,0,2026-01-17,54,quantile,0.05,76.13228392775517
2026-01-17,wk inc flu hosp,0,2026-01-17,54,quantile,0.1,103.06289584723982
2026-01-17,wk inc flu hosp,0,2026-01-17,54,quantile,0.15,123.56532834883774
2026-01-17,wk inc flu hosp,0,2026-01-17,54,quantile,0.2,141.9406290608154
2026-01-17,wk inc flu hosp,0,2026-01-17,54,quantile,0.25,158.38343192140718
2026-01-17,wk inc flu hosp,0,2026-01-17,54,quantile,0.3,173.7408065062128
2026-01-17,wk inc flu hosp,0,2026-01-17,54,quantile,0.35,188.64493468991816
2026-01-17,wk inc flu hosp,0,2026-01-17,54,quantile,0.4,202.97681223090405
2026-01-17,wk inc flu hosp,0,2026-01-17,54,quantile,0.45,218.2881365170315
2026-01-17,wk inc flu hosp,0,2026-01-17,54,quantile,0.5,235.1015505657708
2026-01-17,wk inc flu hosp,0,2026-01-17,54,quantile,0.55,253.65282511038112
2026-01-17,wk inc flu hosp,0,2026-01-17,54,quantile,0.6,273.632311382029
2026-01-17,wk inc flu hosp,0,2026-01-17,54,quantile,0.65,297.9040610955078
2026-01-17,wk inc flu hosp,0,2026-01-17,54,quantile,0.7,328.1430146122066
2026-01-17,wk inc flu hosp,0,2026-01-17,54,quantile,0.75,366.1288293755802
2026-01-17,wk inc flu hosp,0,2026-01-17,54,quantile,0.8,405.6630706058448
2026-01-17,wk inc flu hosp,0,2026-01-17,54,quantile,0.85,461.39708639557654
2026-01-17,wk inc flu hosp,0,2026-01-17,54,quantile,0.9,561.9403955607561
2026-01-17,wk inc flu hosp,0,2026-01-17,54,quantile,0.95,758.5052326348903
2026-01-17,wk inc flu hosp,0,2026-01-17,54,quantile,0.975,958.3719103139438
2026-01-17,wk inc flu hosp,0,2026-01-17,54,quantile,0.99,1283.8265417552545
2026-01-17,wk inc flu hosp,0,2026-01-17,55,quantile,0.01,290.76985675222204
2026-01-17,wk inc flu hosp,0,2026-01-17,55,quantile,0.025,337.2993302152514
2026-01-17,wk inc flu hosp,0,2026-01-17,55,quantile,0.05,391.585707906234
2026-01-17,wk inc flu hosp,0,2026-01-17,55,quantile,0.1,458.5463659883129
2026-01-17,wk inc flu hosp,0,2026-01-17,55,quantile,0.15,509.9447002674467
2026-01-17,wk inc flu hosp,0,2026-01-17,55,quantile,0.2,558.1238150861168
2026-01-17,wk inc flu hosp,0,2026-01-17,55,quantile,0.25,603.2614757665049
2026-01-17,wk inc flu hosp,0,2026-01-17,55,quantile,0.3,647.4704196401399
2026-01-17,wk inc flu hosp,0,2026-01-17,55,quantile,0.35,690.9652309591196
2026-01-17,wk inc flu hosp,0,2026-01-17,55,quantile,0.4,734.6977878978175
2026-01-17,wk inc flu hosp,0,2026-01-17,55,quantile,0.45,779.3879545985153
2026-01-17,wk inc flu hosp,0,2026-01-17,55,quantile,0.5,825.8748207481301
2026-01-17,wk inc flu hosp,0,2026-01-17,55,quantile,0.55,874.7248319620269
2026-01-17,wk inc flu hosp,0,2026-01-17,55,quantile,0.6,926.7079304939389
2026-01-17,wk inc flu hosp,0,2026-01-17,55,quantile,0.65,982.3046619696887
2026-01-17,wk inc flu hosp,0,2026-01-17,55,quantile,0.7,1046.9933405048778
2026-01-17,wk inc flu hosp,0,2026-01-17,55,quantile,0.75,1122.8411721361258
2026-01-17,wk inc flu hosp,0,2026-01-17,55,quantile,0.8,1211.3086692049844
2026-01-17,wk inc flu hosp,0,2026-01-17,55,quantile,0.85,1301.0086435210505
2026-01-17,wk inc flu hosp,0,2026-01-17,55,quantile,0.9,1472.3890563648868
2026-01-17,wk inc flu hosp,0,2026-01-17,55,quantile,0.95,1745.7251576102744
2026-01-17,wk inc flu hosp,0,2026-01-17,55,quantile,0.975,1983.9972905734562
2026-01-17,wk inc flu hosp,0,2026-01-17,55,quantile,0.99,2227.597993122576
2026-01-17,wk inc flu hosp,0,2026-01-17,56,quantile,0.01,8.916235890168826
2026-01-17,wk inc flu hosp,0,2026-01-17,56,quantile,0.025,12.320833650931178
2026-01-17,wk inc flu hosp,0,2026-01-17,56,quantile,0.05,16.129982667630276
2026-01-17,wk inc flu hosp,0,2026-01-17,56,quantile,0.1,21.493997064597142
2026-01-17,wk inc flu hosp,0,2026-01-17,56,quantile,0.15,26.593834105449673
2026-01-17,wk inc flu hosp,0,2026-01-17,56,quantile,0.2,31.421391688974996
2026-01-17,wk inc flu hosp,0,2026-01-17,56,quantile,0.25,36.31662493635124
2026-01-17,wk inc flu hosp,0,2026-01-17,56,quantile,0.3,41.103345249998604
2026-01-17,wk inc flu hosp,0,2026-01-17,56,quantile,0.35,46.10896228233941
2026-01-17,wk inc flu hosp,0,2026-01-17,56,quantile,0.4,51.06644822925429
2026-01-17,wk inc flu hosp,0,2026-01-17,56,quantile,0.45,55.89084703117612
2026-01-17,wk inc flu hosp,0,2026-01-17,56,quantile,0.5,61.03688562859948
2026-01-17,wk inc flu hosp,0,2026-01-17,56,quantile,0.55,65.68214734486952
2026-01-17,wk inc flu hosp,0,2026-01-17,56,quantile,0.6,71.53420878127032
2026-01-17,wk inc flu hosp,0,2026-01-17,56,quantile,0.65,78.0545339406797
2026-01-17,wk inc flu hosp,0,2026-01-17,56,quantile,0.7,85.56344894103471
2026-01-17,wk inc flu hosp,0,2026-01-17,56,quantile,0.75,94.67486933264004
2026-01-17,wk inc flu hosp,0,2026-01-17,56,quantile,0.8,106.63263963067676
2026-01-17,wk inc flu hosp,0,2026-01-17,56,quantile,0.85,123.86232484438892
2026-01-17,wk inc flu hosp,0,2026-01-17,56,quantile,0.9,147.28002140744553
2026-01-17,wk inc flu hosp,0,2026-01-17,56,quantile,0.95,196.788095391181
2026-01-17,wk inc flu hosp,0,2026-01-17,56,quantile,0.975,256.7891888151124
2026-01-17,wk inc flu hosp,0,2026-01-17,56,quantile,0.99,342.0714566497032
2026-01-17,wk inc flu hosp,0,2026-01-17,72,quantile,0.01,129.72924879010827
2026-01-17,wk inc flu hosp,0,2026-01-17,72,quantile,0.025,152.95946130847545
2026-01-17,wk inc flu hosp,0,2026-01-17,72,quantile,0.05,177.4630340936869
2026-01-17,wk inc flu hosp,0,2026-01-17,72,quantile,0.1,211.35573885240902
2026-01-17,wk inc flu hosp,0,2026-01-17,72,quantile,0.15,238.2543231442084
2026-01-17,wk inc flu hosp,0,2026-01-17,72,quantile,0.2,257.0234462810193
2026-01-17,wk inc flu hosp,0,2026-01-17,72,quantile,0.25,272.8889570839074
2026-01-17,wk inc flu hosp,0,2026-01-17,72,quantile,0.3,290.7310863271837
2026-01-17,wk inc flu hosp,0,2026-01-17,72,quantile,0.35,308.33264649230404
2026-01-17,wk inc flu hosp,0,2026-01-17,72,quantile,0.4,327.68886541306415
2026-01-17,wk inc flu hosp,0,2026-01-17,72,quantile,0.45,347.1979095160349
2026-01-17,wk inc flu hosp,0,2026-01-17,72,quantile,0.5,367.32851425013007
2026-01-17,wk inc flu hosp,0,2026-01-17,72,quantile,0.55,389.2497177975139
2026-01-17,wk inc flu hosp,0,2026-01-17,72,quantile,0.6,413.2815712051278
2026-01-17,wk inc flu hosp,0,2026-01-17,72,quantile,0.65,439.7575336372755
2026-01-17,wk inc flu hosp,0,2026-01-17,72,quantile,0.7,464.3437760554201
2026-01-17,wk inc flu hosp,0,2026-01-17,72,quantile,0.75,494.86166798811774
2026-01-17,wk inc flu hosp,0,2026-01-17,72,quantile,0.8,525.8981531595635
2026-01-17,wk inc flu hosp,0,2026-01-17,72,quantile,0.85,569.2199538602814
2026-01-17,wk inc flu hosp,0,2026-01-17,72,quantile,0.9,638.9225054565004
2026-01-17,wk inc flu hosp,0,2026-01-17,72,quantile,0.95,762.1841063387826
2026-01-17,wk inc flu hosp,0,2026-01-17,72,quantile,0.975,892.4923316797071
2026-01-17,wk inc flu hosp,0,2026-01-17,72,quantile,0.99,1056.9156995953535
2026-01-17,wk inc flu hosp,0,2026-01-17,US,quantile,0.01,11279.493264787046
2026-01-17,wk inc flu hosp,0,2026-01-17,US,quantile,0.025,13097.593314157195
2026-01-17,wk inc flu hosp,0,2026-01-17,US,quantile,0.05,15152.981787097164
2026-01-17,wk inc flu hosp,0,2026-01-17,US,quantile,0.1,17985.789155173545
2026-01-17,wk inc flu hosp,0,2026-01-17,US,quantile,0.15,20113.831396000423
2026-01-17,wk inc flu hosp,0,2026-01-17,US,quantile,0.2,21957.521655335084
2026-01-17,wk inc flu hosp,0,2026-01-17,US,quantile,0.25,23534.980624100757
2026-01-17,wk inc flu hosp,0,2026-01-17,US,quantile,0.3,25033.352163646807
2026-01-17,wk inc flu hosp,0,2026-01-17,US,quantile,0.35,26558.041310442433
2026-01-17,wk inc flu hosp,0,2026-01-17,US,quantile,0.4,28083.166526116533
2026-01-17,wk inc flu hosp,0,2026-01-17,US,quantile,0.45,29613.45816784551
2026-01-17,wk inc flu hosp,0,2026-01-17,US,quantile,0.5,31241.104454202665
2026-01-17,wk inc flu hosp,0,2026-01-17,US,quantile,0.55,32978.71808620686
2026-01-17,wk inc flu hosp,0,2026-01-17,US,quantile,0.6,34795.55626704196
2026-01-17,wk inc flu hosp,0,2026-01-17,US,quantile,0.65,36709.06141781061
2026-01-17,wk inc flu hosp,0,2026-01-17,US,quantile,0.7,39101.694796632815
2026-01-17,wk inc flu hosp,0,2026-01-17,US,quantile,0.75,41782.03145913041
2026-01-17,wk inc flu hosp,0,2026-01-17,US,quantile,0.8,44948.40772984165
2026-01-17,wk inc flu hosp,0,2026-01-17,US,quantile,0.85,48310.26960591959
2026-01-17,wk inc flu hosp,0,2026-01-17,US,quantile,0.9,52529.23513273899
2026-01-17,wk inc flu hosp,0,2026-01-17,US,quantile,0.95,61752.864281371
2026-01-17,wk inc flu hosp,0,2026-01-17,US,quantile,0.975,71838.35114877192
2026-01-17,wk inc flu hosp,0,2026-01-17,US,quantile,0.99,84000.64772777147
2026-01-17,wk inc flu hosp,1,2026-01-24,01,quantile,0.01,170.00993438066027
2026-01-17,wk inc flu hosp,1,2026-01-24,01,quantile,0.025,196.9961842479568
2026-01-17,wk inc flu hosp,1,2026-01-24,01,quantile,0.05,229.51510244086262
2026-01-17,wk inc flu hosp,1,2026-01-24,01,quantile,0.1,273.6078552667678
2026-01-17,wk inc flu hosp,1,2026-01-24,01,quantile,0.15,307.4011940360755
2026-01-17,wk inc flu hosp,1,2026-01-24,01,quantile,0.2,330.2821989871139
2026-01-17,wk inc flu hosp,1,2026-01-24,01,quantile,0.25,355.95080007491225
2026-01-17,wk inc flu hosp,1,2026-01-24,01,quantile,0.3,381.21204379969674
2026-01-17,wk inc flu hosp,1,2026-01-24,01,quantile,0.35,406.63804394531115
2026-01-17,wk inc flu hosp,1,2026-01-24,01,quantile,0.4,433.18791959648013
2026-01-17,wk inc flu hosp,1,2026-01-24,01,quantile,0.45,458.87586211923144
2026-01-17,wk inc flu hosp,1,2026-01-24,01,quantile,0.5,485.84944780563404
2026-01-17,wk inc flu hosp,1,2026-01-24,01,quantile,0.55,513.8856781780345
2026-01-17,wk inc flu hosp,1,2026-01-24,01,quantile,0.6,540.0441981835974
2026-01-17,wk inc flu hosp,1,2026-01-24,01,quantile,0.65,572.2451527063482
2026-01-17,wk inc flu hosp,1,2026-01-24,01,quantile,0.7,604.9272375494851
2026-01-17,wk inc flu hosp,1,2026-01-24,01,quantile,0.75,640.1380987844121
2026-01-17,wk inc flu hosp,1,2026-01-24,01,quantile,0.8,688.5931586200289
2026-01-17,wk inc flu hosp,1,2026-01-24,01,quantile,0.85,750.8908537236586
2026-01-17,wk inc flu hosp,1,2026-01-24,01,quantile,0.9,835.1315677099882
2026-01-17,wk inc flu hosp,1,2026-01-24,01,quantile,0.95,1007.6561923793729
2026-01-17,wk inc flu hosp,1,2026-01-24,01,quantile,0.975,1229.733866408355
2026-01-17,wk inc flu hosp,1,2026-01-24,01,quantile,0.99,1404.976264392672
2026-01-17,wk inc flu hosp,1,2026-01-24,02,quantile,0.01,4.027615340268143
2026-01-17,wk inc flu hosp,1,2026-01-24,02,quantile,0.025,5.7372360187854365
2026-01-17,wk inc flu hosp,1,2026-01-24,02,quantile,0.05,7.828902058601231
2026-01-17,wk inc flu hosp,1,2026-01-24,02,quantile,0.1,11.154159683561534
2026-01-17,wk inc flu hosp,1,2026-01-24,02,quantile,0.15,13.637825498247247
2026-01-17,wk inc flu hosp,1,2026-01-24,02,quantile,0.2,16.11198150056918
2026-01-17,wk inc flu hosp,1,2026-01-24,02,quantile,0.25,18.705220777177544
2026-01-17,wk inc flu hosp,1,2026-01-24,02,quantile,0.3,21.260311176665077
2026-01-17,wk inc flu hosp,1,2026-01-24,02,quantile,0.35,23.809668838239652
2026-01-17,wk inc flu hosp,1,2026-01-24,02,quantile,0.4,26.404662724742185
2026-01-17,wk inc flu hosp,1,2026-01-24,02,quantile,0.45,28.3850399034674
2026-01-17,wk inc flu hosp,1,2026-01-24,02,quantile,0.5,31.08367577901268
2026-01-17,wk inc flu hosp,1,2026-01-24,02,quantile,0.55,34.117972946020636
2026-01-17,wk inc flu hosp,1,2026-01-24,02,quantile,0.6,37.602227697759986
2026-01-17,wk inc flu hosp,1,2026-01-24,02,quantile,0.65,41.10437438350818
2026-01-17,wk inc flu hosp,1,2026-01-24,02,quantile,0.7,46.289817305478806
2026-01-17,wk inc flu hosp,1,2026-01-24,02,quantile,0.75,53.112758986483236
2026-01-17,wk inc flu hosp,1,2026-01-24,02,quantile,0.8,62.330387798325795
2026-01-17,wk inc flu hosp,1,2026-01-24,02,quantile,0.85,76.23608157446841
2026-01-17,wk inc flu hosp,1,2026-01-24,02,quantile,0.9,99.05101297958288
2026-01-17,wk inc flu hosp,1,2026-01-24,02,quantile,0.95,132.92243105658548
2026-01-17,wk inc flu hosp,1,2026-01-24,02,quantile,0.975,172.6666914784528
2026-01-17,wk inc flu hosp,1,2026-01-24,02,quantile,0.99,195.1384423763295
2026-01-17,wk inc flu hosp,1,2026-01-24,04,quantile,0.01,67.46410461376077
2026-01-17,wk inc flu hosp,1,2026-01-24,04,quantile,0.025,80.1994273206866
2026-01-17,wk inc flu hosp,1,2026-01-24,04,quantile,0.05,97.29712986101482
2026-01-17,wk inc flu hosp,1,2026-01-24,04,quantile,0.1,118.53138505232221
2026-01-17,wk inc flu hosp,1,2026-01-24,04,quantile,0.15,132.20565031030287
2026-01-17,wk inc flu hosp,1,2026-01-24,04,quantile,0.2,145.0751026661574
2026-01-17,wk inc flu hosp,1,2026-01-24,04,quantile,0.25,157.08777581418207
2026-01-17,wk inc flu hosp,1,2026-01-24,04,quantile,0.3,168.51212022961235
2026-01-17,wk inc flu hosp,1,2026-01-24,04,quantile,0.35,179.82206011193864
2026-01-17,wk inc flu hosp,1,2026-01-24,04,quantile,0.4,191.2577237897886
2026-01-17,wk inc flu hosp,1,2026-01-24,04,quantile,0.45,203.02306196864316
2026-01-17,wk inc flu hosp,1,2026-01-24,04,quantile,0.5,214.5137175252619
2026-01-17,wk inc flu hosp,1,2026-01-24,04,quantile,0.55,227.1097887622925
2026-01-17,wk inc flu hosp,1,2026-01-24,04,quantile,0.6,240.85439871652503
2026-01-17,wk inc flu hosp,1,2026-01-24,04,quantile,0.65,255.35603525880012
2026-01-17,wk inc flu hosp,1,2026-01-24,04,quantile,0.7,271.7636727780748
2026-01-17,wk inc flu hosp,1,2026-01-24,04,quantile,0.75,292.3058245972908
2026-01-17,wk inc flu hosp,1,2026-01-24,04,quantile,0.8,318.0981982770148
2026-01-17,wk inc flu hosp,1,2026-01-24,04,quantile,0.85,352.7554539733608
2026-01-17,wk inc flu hosp,1,2026-01-24,04,quantile,0.9,405.15692067560474
2026-01-17,wk inc flu hosp,1,2026-01-24,04,quantile,0.95,497.5861489464825
2026-01-17,wk inc flu hosp,1,2026-01-24,04,quantile,0.975,573.803764191468
2026-01-17,wk inc flu hosp,1,2026-01-24,04,quantile,0.99,685.329540071233
2026-01-17,wk inc flu hosp,1,2026-01-24,05,quantile,0.01,35.774799505817924
2026-01-17,wk inc flu hosp,1,2026-01-24,05,quantile,0.025,50.94008911295598
2026-01-17,wk inc flu hosp,1,2026-01-24,05,quantile,0.05,66.59012497343151
2026-01-17,wk inc flu hosp,1,2026-01-24,05,quantile,0.1,89.6928091045256
2026-01-17,wk inc flu hosp,1,2026-01-24,05,quantile,0.15,107.99231522062061
2026-01-17,wk inc flu hosp,1,2026-01-24,05,quantile,0.2,121.80436519736158
2026-01-17,wk inc flu hosp,1,2026-01-24,05,quantile,0.25,132.02739021155568
2026-01-17,wk inc flu hosp,1,2026-01-24,05,quantile,0.3,145.5140358658245
2026-01-17,wk inc flu hosp,1,2026-01-24,05,quantile,0.35,155.6525286280665
2026-01-17,wk inc flu hosp,1,2026-01-24,05,quantile,0.4,168.88763258663758
2026-01-17,wk inc flu hosp,1,2026-01-24,05,quantile,0.45,182.4254937214208
2026-01-17,wk inc flu hosp,1,2026-01-24,05,quantile,0.5,196.3600673571297
2026-01-17,wk inc flu hosp,1,2026-01-24,05,quantile,0.55,210.50730665483562
2026-01-17,wk inc flu hosp,1,2026-01-24,05,quantile,0.6,225.67164008144746
2026-01-17,wk inc flu hosp,1,2026-01-24,05,quantile,0.65,240.41471660145803
2026-01-17,wk inc flu hosp,1,2026-01-24,05,quantile,0.7,261.0187675319094
2026-01-17,wk inc flu hosp,1,2026-01-24,05,quantile,0.75,286.4402861785841
2026-01-17,wk inc flu hosp,1,2026-01-24,05,quantile,0.8,319.9385271228892
2026-01-17,wk inc flu hosp,1,2026-01-24,05,quantile,0.85,364.439159073436
2026-01-17,wk inc flu hosp,1,2026-01-24,05,quantile,0.9,427.0927415740096
2026-01-17,wk inc flu hosp,1,2026-01-24,05,quantile,0.95,569.3209478870739
2026-01-17,wk inc flu hosp,1,2026-01-24,05,quantile,0.975,700.7340622753592
2026-01-17,wk inc flu hosp,1,2026-01-24,05,quantile,0.99,964.2127443503891
2026-01-17,wk inc flu hosp,1,2026-01-24,06,quantile,0.01,499.18993314276497
2026-01-17,wk inc flu hosp,1,2026-01-24,06,quantile,0.025,607.2517613877595
2026-01-17,wk inc flu hosp,1,2026-01-24,06,quantile,0.05,733.4642363734956
2026-01-17,wk inc flu hosp,1,2026-01-24,06,quantile,0.1,904.8904527184795
2026-01-17,wk inc flu hosp,1,2026-01-24,06,quantile,0.15,1033.9527350108203
2026-01-17,wk inc flu hosp,1,2026-01-24,06,quantile,0.2,1128.846243917606
2026-01-17,wk inc flu hosp,1,2026-01-24,06,quantile,0.25,1214.1886520433995
2026-01-17,wk inc flu hosp,1,2026-01-24,06,quantile,0.3,1306.4522241295067
2026-01-17,wk inc flu hosp,1,2026-01-24,06,quantile,0.35,1397.9233218945599
2026-01-17,wk inc flu hosp,1,2026-01-24,06,quantile,0.4,1488.6435843359213
2026-01-17,wk inc flu hosp,1,2026-01-24,06,quantile,0.45,1579.4549600939936
2026-01-17,wk inc flu hosp,1,2026-01-24,06,quantile,0.5,1672.5500478237002
2026-01-17,wk inc flu hosp,1,2026-01-24,06,quantile,0.55,1770.289211077632
2026-01-17,wk inc flu hosp,1,2026-01-24,06,quantile,0.6,1873.9306228761268
2026-01-17,wk inc flu hosp,1,2026-01-24,06,quantile,0.65,1968.1783236876088
2026-01-17,wk inc flu hosp,1,2026-01-24,06,quantile,0.7,2084.8941798612436
2026-01-17,wk inc flu hosp,1,2026-01-24,06,quantile,0.75,2215.798454851918
2026-01-17,wk inc flu hosp,1,2026-01-24,06,quantile,0.8,2376.7006644147373
2026-01-17,wk inc flu hosp,1,2026-01-24,06,quantile,0.85,2599.731560432694
2026-01-17,wk inc flu hosp,1,2026-01-24,06,quantile,0.9,2964.972467374288
2026-01-17,wk inc flu hosp,1,2026-01-24,06,quantile,0.95,3571.468179015
2026-01-17,wk inc flu hosp,1,2026-01-24,06,quantile,0.975,4214.558542191428
2026-01-17,wk inc flu hosp,1,2026-01-24,06,quantile,0.99,4772.84473842062
2026-01-17,wk inc flu hosp,1,2026-01-24,08,quantile,0.01,120.83676170414404
2026-01-17,wk inc flu hosp,1,2026-01-24,08,quantile,0.025,146.8973181919004
2026-01-17,wk inc flu hosp,1,2026-01-24,08,quantile,0.05,170.7399424882512
2026-01-17,wk inc flu hosp,1,2026-01-24,08,quantile,0.1,206.54954478889078
2026-01-17,wk inc flu hosp,1,2026-01-24,08,quantile,0.15,235.16900498045254
2026-01-17,wk inc flu hosp,1,2026-01-24,08,quantile,0.2,258.63315433297385
2026-01-17,wk inc flu hosp,1,2026-01-24,08,quantile,0.25,282.3081744133978
2026-01-17,wk inc flu hosp,1,2026-01-24,08,quantile,0.3,305.3041444109132
2026-01-17,wk inc flu hosp,1,2026-01-24,08,quantile,0.35,328.31366297570196
2026-01-17,wk inc flu hosp,1,2026-01-24,08,quantile,0.4,348.89159229024193
2026-01-17,wk inc flu hosp,1,2026-01-24,08,quantile,0.45,371.59217272203176
2026-01-17,wk inc flu hosp,1,2026-01-24,08,quantile,0.5,395.78021542894106
2026-01-17,wk inc flu hosp,1,2026-01-24,08,quantile,0.55,422.08428990058394
2026-01-17,wk inc flu hosp,1,2026-01-24,08,quantile,0.6,452.32985375401245
2026-01-17,wk inc flu hosp,1,2026-01-24,08,quantile,0.65,487.17273085922153
2026-01-17,wk inc flu hosp,1,2026-01-24,08,quantile,0.7,529.6432464388648
2026-01-17,wk inc flu hosp,1,2026-01-24,08,quantile,0.75,581.0994610941916
2026-01-17,wk inc flu hosp,1,2026-01-24,08,quantile,0.8,641.0719566826431
2026-01-17,wk inc flu hosp,1,2026-01-24,08,quantile,0.85,731.4517730978863
2026-01-17,wk inc flu hosp,1,2026-01-24,08,quantile,0.9,875.0063798157321
2026-01-17,wk inc flu hosp,1,2026-01-24,08,quantile,0.95,997.5460262688358
2026-01-17,wk inc flu hosp,1,2026-01-24,08,quantile,0.975,1165.214587163914
2026-01-17,wk inc flu hosp,1,2026-01-24,08,quantile,0.99,1326.6474821940046
2026-01-17,wk inc flu hosp,1,2026-01-24,09,quantile,0.01,73.29720480746931
2026-01-17,wk inc flu hosp,1,2026-01-24,09,quantile,0.025,97.30528484999266
2026-01-17,wk inc flu hosp,1,2026-01-24,09,quantile,0.05,122.72379068885598
2026-01-17,wk inc flu hosp,1,2026-01-24,09,quantile,0.1,159.2362176788039
2026-01-17,wk inc flu hosp,1,2026-01-24,09,quantile,0.15,186.02444919895913
2026-01-17,wk inc flu hosp,1,2026-01-24,09,quantile,0.2,210.7670660655627
2026-01-17,wk inc flu hosp,1,2026-01-24,09,quantile,0.25,229.44019490349928
2026-01-17,wk inc flu hosp,1,2026-01-24,09,quantile,0.3,251.4620619522711
2026-01-17,wk inc flu hosp,1,2026-01-24,09,quantile,0.35,273.4305870071145
2026-01-17,wk inc flu hosp,1,2026-01-24,09,quantile,0.4,295.6681796292263
2026-01-17,wk inc flu hosp,1,2026-01-24,09,quantile,0.45,319.1159945716151
2026-01-17,wk inc flu hosp,1,2026-01-24,09,quantile,0.5,344.1612745041976
2026-01-17,wk inc flu hosp,1,2026-01-24,09,quantile,0.55,371.51717167460777
2026-01-17,wk inc flu hosp,1,2026-01-24,09,quantile,0.6,402.2707745626434
2026-01-17,wk inc flu hosp,1,2026-01-24,09,quantile,0.65,428.6437383623577
2026-01-17,wk inc flu hosp,1,2026-01-24,09,quantile,0.7,462.58797882761866
2026-01-17,wk inc flu hosp,1,2026-01-24,09,quantile,0.75,507.78841809129426
2026-01-17,wk inc flu hosp,1,2026-01-24,09,quantile,0.8,571.8935489938996
2026-01-17,wk inc flu hosp,1,2026-01-24,09,quantile,0.85,658.65406108851
2026-01-17,wk inc flu hosp,1,2026-01-24,09,quantile,0.9,779.3305862659666
2026-01-17,wk inc flu hosp,1,2026-01-24,09,quantile,0.95,990.8199879424421
2026-01-17,wk inc flu hosp,1,2026-01-24,09,quantile,0.975,1061.7774838219082
2026-01-17,wk inc flu hosp,1,2026-01-24,09,quantile,0.99,1236.32437265005
2026-01-17,wk inc flu hosp,1,2026-01-24,10,quantile,0.01,26.699955986678216
2026-01-17,wk inc flu hosp,1,2026-01-24,10,quantile,0.025,34.70077663540087
2026-01-17,wk inc flu hosp,1,2026-01-24,10,quantile,0.05,45.738419895559566
2026-01-17,wk inc flu hosp,1,2026-01-24,10,quantile,0.1,61.60351324424531
2026-01-17,wk inc flu hosp,1,2026-01-24,10,quantile,0.15,75.0133880519099
2026-01-17,wk inc flu hosp,1,2026-01-24,10,quantile,0.2,87.4345091896386
2026-01-17,wk inc flu hosp,1,2026-01-24,10,quantile,0.25,99.60766975178734
2026-01-17,wk inc flu hosp,1,2026-01-24,10,quantile,0.3,112.0356829932573
2026-01-17,wk inc flu hosp,1,2026-01-24,10,quantile,0.35,122.46501885176568
2026-01-17,wk inc flu hosp,1,2026-01-24,10,quantile,0.4,135.35632109159698
2026-01-17,wk inc flu hosp,1,2026-01-24,10,quantile,0.45,149.5249072773621
2026-01-17,wk inc flu hosp,1,2026-01-24,10,quantile,0.5,165.39486269250526
2026-01-17,wk inc flu hosp,1,2026-01-24,10,quantile,0.55,182.25425532700183
2026-01-17,wk inc flu hosp,1,2026-01-24,10,quantile,0.6,200.82847578028836
2026-01-17,wk inc flu hosp,1,2026-01-24,10,quantile,0.65,224.78552539598778
2026-01-17,wk inc flu hosp,1,2026-01-24,10,quantile,0.7,248.33522465138483
2026-01-17,wk inc flu hosp,1,2026-01-24,10,quantile,0.75,277.5504239287045
2026-01-17,wk inc flu hosp,1,2026-01-24,10,quantile,0.8,315.0001443089208
2026-01-17,wk inc flu hosp,1,2026-01-24,10,quantile,0.85,367.55666277641603
2026-01-17,wk inc flu hosp,1,2026-01-24,10,quantile,0.9,461.12145580807027
2026-01-17,wk inc flu hosp,1,2026-01-24,10,quantile,0.95,563.1982711802232
2026-01-17,wk inc flu hosp,1,2026-01-24,10,quantile,0.975,695.9873254430685
2026-01-17,wk inc flu hosp,1,2026-01-24,10,quantile,0.99,951.3442416546936
2026-01-17,wk inc flu hosp,1,2026-01-24,11,quantile,0.01,14.703946253878827
2026-01-17,wk inc flu hosp,1,2026-01-24,11,quantile,0.025,18.789677987964765
2026-01-17,wk inc flu hosp,1,2026-01-24,11,quantile,0.05,25.221525027755447
2026-01-17,wk inc flu hosp,1,2026-01-24,11,quantile,0.1,35.40604100609978
2026-01-17,wk inc flu hosp,1,2026-01-24,11,quantile,0.15,43.82842649270078
2026-01-17,wk inc flu hosp,1,2026-01-24,11,quantile,0.2,51.579737442593306
2026-01-17,wk inc flu hosp,1,2026-01-24,11,quantile,0.25,57.9067537858916
2026-01-17,wk inc flu hosp,1,2026-01-24,11,quantile,0.3,64.0524074512696
2026-01-17,wk inc flu hosp,1,2026-01-24,11,quantile,0.35,70.44570772572028
2026-01-17,wk inc flu hosp,1,2026-01-24,11,quantile,0.4,77.09640022908796
2026-01-17,wk inc flu hosp,1,2026-01-24,11,quantile,0.45,84.49978144847232
2026-01-17,wk inc flu hosp,1,2026-01-24,11,quantile,0.5,93.24655864234155
2026-01-17,wk inc flu hosp,1,2026-01-24,11,quantile,0.55,103.24614155504959
2026-01-17,wk inc flu hosp,1,2026-01-24,11,quantile,0.6,114.9263325216901
2026-01-17,wk inc flu hosp,1,2026-01-24,11,quantile,0.65,129.684191650279
2026-01-17,wk inc flu hosp,1,2026-01-24,11,quantile,0.7,148.18837647510023
2026-01-17,wk inc flu hosp,1,2026-01-24,11,quantile,0.75,165.94381197315812
2026-01-17,wk inc flu hosp,1,2026-01-24,11,quantile,0.8,192.56713592329208
2026-01-17,wk inc flu hosp,1,2026-01-24,11,quantile,0.85,230.77934581033347
2026-01-17,wk inc flu hosp,1,2026-01-24,11,quantile,0.9,284.53642528267665
2026-01-17,wk inc flu hosp,1,2026-01-24,11,quantile,0.95,378.7127435027192
2026-01-17,wk inc flu hosp,1,2026-01-24,11,quantile,0.975,480.37388261717166
2026-01-17,wk inc flu hosp,1,2026-01-24,11,quantile,0.99,582.8253517567074
2026-01-17,wk inc flu hosp,1,2026-01-24,12,quantile,0.01,943.9085366239682
2026-01-17,wk inc flu hosp,1,2026-01-24,12,quantile,0.025,1089.4982846383539
2026-01-17,wk inc flu hosp,1,2026-01-24,12,quantile,0.05,1287.130266039735
2026-01-17,wk inc flu hosp,1,2026-01-24,12,quantile,0.1,1552.398307852696
2026-01-17,wk inc flu hosp,1,2026-01-24,12,quantile,0.15,1765.0461208463387
2026-01-17,wk inc flu hosp,1,2026-01-24,12,quantile,0.2,1951.2523711263887
2026-01-17,wk inc flu hosp,1,2026-01-24,12,quantile,0.25,2125.4930880999004
2026-01-17,wk inc flu hosp,1,2026-01-24,12,quantile,0.3,2293.7198727515547
2026-01-17,wk inc flu hosp,1,2026-01-24,12,quantile,0.35,2389.4917874860566
2026-01-17,wk inc flu hosp,1,2026-01-24,12,quantile,0.4,2541.509764508651
2026-01-17,wk inc flu hosp,1,2026-01-24,12,quantile,0.45,2680.6566415556954
2026-01-17,wk inc flu hosp,1,2026-01-24,12,quantile,0.5,2830.017939810311
2026-01-17,wk inc flu hosp,1,2026-01-24,12,quantile,0.55,3004.540633984805
2026-01-17,wk inc flu hosp,1,2026-01-24,12,quantile,0.6,3187.016663701013
2026-01-17,wk inc flu hosp,1,2026-01-24,12,quantile,0.65,3362.2033390394054
2026-01-17,wk inc flu hosp,1,2026-01-24,12,quantile,0.7,3577.6296718935255
2026-01-17,wk inc flu hosp,1,2026-01-24,12,quantile,0.75,3791.6075891769506
2026-01-17,wk inc flu hosp,1,2026-01-24,12,quantile,0.8,4079.4926808113755
2026-01-17,wk inc flu hosp,1,2026-01-24,12,quantile,0.85,4465.67047848359
2026-01-17,wk inc flu hosp,1,2026-01-24,12,quantile,0.9,4939.314651375999
2026-01-17,wk inc flu hosp,1,2026-01-24,12,quantile,0.95,5705.67629449386
2026-01-17,wk inc flu hosp,1,2026-01-24,12,quantile,0.975,6363.411482342795
2026-01-17,wk inc flu hosp,1,2026-01-24,12,quantile,0.99,7583.683631446078
2026-01-17,wk inc flu hosp,1,2026-01-24,13,quantile,0.01,261.07563449127
2026-01-17,wk inc flu hosp,1,2026-01-24,13,quantile,0.025,301.03838468270493
2026-01-17,wk inc flu hosp,1,2026-01-24,13,quantile,0.05,353.29252834220836
2026-01-17,wk inc flu hosp,1,2026-01-24,13,quantile,0.1,420.7423186348612
2026-01-17,wk inc flu hosp,1,2026-01-24,13,quantile,0.15,469.7717597212772
2026-01-17,wk inc flu hosp,1,2026-01-24,13,quantile,0.2,510.1816239488409
2026-01-17,wk inc flu hosp,1,2026-01-24,13,quantile,0.25,549.6801071759121
2026-01-17,wk inc flu hosp,1,2026-01-24,13,quantile,0.3,589.6565655360167
2026-01-17,wk inc flu hosp,1,2026-01-24,13,quantile,0.35,629.5024447723821
2026-01-17,wk inc flu hosp,1,2026-01-24,13,quantile,0.4,669.7858830227838
2026-01-17,wk inc flu hosp,1,2026-01-24,13,quantile,0.45,711.6180982685756
2026-01-17,wk inc flu hosp,1,2026-01-24,13,quantile,0.5,757.2556425132619
2026-01-17,wk inc flu hosp,1,2026-01-24,13,quantile,0.55,806.7060921488522
2026-01-17,wk inc flu hosp,1,2026-01-24,13,quantile,0.6,861.4001433380557
2026-01-17,wk inc flu hosp,1,2026-01-24,13,quantile,0.65,924.098868085267
2026-01-17,wk inc flu hosp,1,2026-01-24,13,quantile,0.7,998.3154039820176
2026-01-17,wk inc flu hosp,1,2026-01-24,13,quantile,0.75,1088.335627252116
2026-01-17,wk inc flu hosp,1,2026-01-24,13,quantile,0.8,1195.816703320631
2026-01-17,wk inc flu hosp,1,2026-01-24,13,quantile,0.85,1307.2888145898758
2026-01-17,wk inc flu hosp,1,2026-01-24,13,quantile,0.9,1480.568122206487
2026-01-17,wk inc flu hosp,1,2026-01-24,13,quantile,0.95,1783.1305128332046
2026-01-17,wk inc flu hosp,1,2026-01-24,13,quantile,0.975,1910.9549982608623
2026-01-17,wk inc flu hosp,1,2026-01-24,13,quantile,0.99,2126.1851389477133
2026-01-17,wk inc flu hosp,1,2026-01-24,15,quantile,0.01,9.066343200050587
2026-01-17,wk inc flu hosp,1,2026-01-24,15,quantile,0.025,12.371475625928731
2026-01-17,wk inc flu hosp,1,2026-01-24,15,quantile,0.05,16.575389282034507
2026-01-17,wk inc flu hosp,1,2026-01-24,15,quantile,0.1,23.222095066348643
2026-01-17,wk inc flu hosp,1,2026-01-24,15,quantile,0.15,29.09373052989268
2026-01-17,wk inc flu hosp,1,2026-01-24,15,quantile,0.2,34.602763241900064
2026-01-17,wk inc flu hosp,1,2026-01-24,15,quantile,0.25,39.920286852406264
2026-01-17,wk inc flu hosp,1,2026-01-24,15,quantile,0.3,45.11434206081773
2026-01-17,wk inc flu hosp,1,2026-01-24,15,quantile,0.35,50.322333906382056
2026-01-17,wk inc flu hosp,1,2026-01-24,15,quantile,0.4,55.71953382279776
2026-01-17,wk inc flu hosp,1,2026-01-24,15,quantile,0.45,61.01382820937095
2026-01-17,wk inc flu hosp,1,2026-01-24,15,quantile,0.5,66.13160260966205
2026-01-17,wk inc flu hosp,1,2026-01-24,15,quantile,0.55,71.55806132780839
2026-01-17,wk inc flu hosp,1,2026-01-24,15,quantile,0.6,76.46535095752628
2026-01-17,wk inc flu hosp,1,2026-01-24,15,quantile,0.65,83.05554260801334
2026-01-17,wk inc flu hosp,1,2026-01-24,15,quantile,0.7,92.22572410798186
2026-01-17,wk inc flu hosp,1,2026-01-24,15,quantile,0.75,104.26251660153162
2026-01-17,wk inc flu hosp,1,2026-01-24,15,quantile,0.8,118.64379500909601
2026-01-17,wk inc flu hosp,1,2026-01-24,15,quantile,0.85,139.82221097527923
2026-01-17,wk inc flu hosp,1,2026-01-24,15,quantile,0.9,170.74966690731517
2026-01-17,wk inc flu hosp,1,2026-01-24,15,quantile,0.95,230.53078234690082
2026-01-17,wk inc flu hosp,1,2026-01-24,15,quantile,0.975,307.63669179005547
2026-01-17,wk inc flu hosp,1,2026-01-24,15,quantile,0.99,364.30394826649166
2026-01-17,wk inc flu hosp,1,2026-01-24,16,quantile,0.01,14.5304868701498
2026-01-17,wk inc flu hosp,1,2026-01-24,16,quantile,0.025,19.808622456082606
2026-01-17,wk inc flu hosp,1,2026-01-24,16,quantile,0.05,26.24514461401092
2026-01-17,wk inc flu hosp,1,2026-01-24,16,quantile,0.1,36.544060396077874
2026-01-17,wk inc flu hosp,1,2026-01-24,16,quantile,0.15,45.35211849980737
2026-01-17,wk inc flu hosp,1,2026-01-24,16,quantile,0.2,53.5462831484474
2026-01-17,wk inc flu hosp,1,2026-01-24,16,quantile,0.25,61.34300112637102
2026-01-17,wk inc flu hosp,1,2026-01-24,16,quantile,0.3,68.94412698884567
2026-01-17,wk inc flu hosp,1,2026-01-24,16,quantile,0.35,76.5949381410636
2026-01-17,wk inc flu hosp,1,2026-01-24,16,quantile,0.4,84.58779130589657
2026-01-17,wk inc flu hosp,1,2026-01-24,16,quantile,0.45,91.85535120457092
2026-01-17,wk inc flu hosp,1,2026-01-24,16,quantile,0.5,100.0217372691197
2026-01-17,wk inc flu hosp,1,2026-01-24,16,quantile,0.55,110.00172630802146
2026-01-17,wk inc flu hosp,1,2026-01-24,16,quantile,0.6,120.7656071504986
2026-01-17,wk inc flu hosp,1,2026-01-24,16,quantile,0.65,130.3425672353738
2026-01-17,wk inc flu hosp,1,2026-01-24,16,quantile,0.7,144.95779862456587
2026-01-17,wk inc flu hosp,1,2026-01-24,16,quantile,0.75,165.13735950198787
2026-01-17,wk inc flu hosp,1,2026-01-24,16,quantile,0.8,183.22751898171586
2026-01-17,wk inc flu hosp,1,2026-01-24,16,quantile,0.85,211.56900598153598
2026-01-17,wk inc flu hosp,1,2026-01-24,16,quantile,0.9,268.538858086625
2026-01-17,wk inc flu hosp,1,2026-01-24,16,quantile,0.95,365.3143989799375
2026-01-17,wk inc flu hosp,1,2026-01-24,16,quantile,0.975,471.1122107541274
2026-01-17,wk inc flu hosp,1,2026-01-24,16,quantile,0.99,534.265558017516
2026-01-17,wk inc flu hosp,1,2026-01-24,17,quantile,0.01,513.9513686031459
2026-01-17,wk inc flu hosp,1,2026-01-24,17,quantile,0.025,593.1820479829413
2026-01-17,wk inc flu hosp,1,2026-01-24,17,quantile,0.05,694.8275042837879
2026-01-17,wk inc flu hosp,1,2026-01-24,17,quantile,0.1,808.2383160311962
2026-01-17,wk inc flu hosp,1,2026-01-24,17,quantile,0.15,907.3572526556285
2026-01-17,wk inc flu hosp,1,2026-01-24,17,quantile,0.2,1000.8262760741031
2026-01-17,wk inc flu hosp,1,2026-01-24,17,quantile,0.25,1088.3647473072149
2026-01-17,wk inc flu hosp,1,2026-01-24,17,quantile,0.3,1172.2776340529572
2026-01-17,wk inc flu hosp,1,2026-01-24,17,quantile,0.35,1254.9762143543294
2026-01-17,wk inc flu hosp,1,2026-01-24,17,quantile,0.4,1338.5628784641758
2026-01-17,wk inc flu hosp,1,2026-01-24,17,quantile,0.45,1424.4607390919111
2026-01-17,wk inc flu hosp,1,2026-01-24,17,quantile,0.5,1515.138147798183
2026-01-17,wk inc flu hosp,1,2026-01-24,17,quantile,0.55,1577.6209654576378
2026-01-17,wk inc flu hosp,1,2026-01-24,17,quantile,0.6,1667.362634450111
2026-01-17,wk inc flu hosp,1,2026-01-24,17,quantile,0.65,1770.722311924547
2026-01-17,wk inc flu hosp,1,2026-01-24,17,quantile,0.7,1897.0503053566513
2026-01-17,wk inc flu hosp,1,2026-01-24,17,quantile,0.75,2043.7594531551513
2026-01-17,wk inc flu hosp,1,2026-01-24,17,quantile,0.8,2222.9156564836744
2026-01-17,wk inc flu hosp,1,2026-01-24,17,quantile,0.85,2483.4900369712395
2026-01-17,wk inc flu hosp,1,2026-01-24,17,quantile,0.9,2863.6281196760997
2026-01-17,wk inc flu hosp,1,2026-01-24,17,quantile,0.95,3466.0101124747202
2026-01-17,wk inc flu hosp,1,2026-01-24,17,quantile,0.975,3844.560099470098
2026-01-17,wk inc flu hosp,1,2026-01-24,17,quantile,0.99,4351.355532814064
2026-01-17,wk inc flu hosp,1,2026-01-24,18,quantile,0.01,299.11803384501053
2026-01-17,wk inc flu hosp,1,2026-01-24,18,quantile,0.025,333.20173257675356
2026-01-17,wk inc flu hosp,1,2026-01-24,18,quantile,0.05,388.3564098268716
2026-01-17,wk inc flu hosp,1,2026-01-24,18,quantile,0.1,472.120806903488
2026-01-17,wk inc flu hosp,1,2026-01-24,18,quantile,0.15,540.6329321216506
2026-01-17,wk inc flu hosp,1,2026-01-24,18,quantile,0.2,602.0587566128388
2026-01-17,wk inc flu hosp,1,2026-01-24,18,quantile,0.25,658.9705447223245
2026-01-17,wk inc flu hosp,1,2026-01-24,18,quantile,0.3,712.8783743784467
2026-01-17,wk inc flu hosp,1,2026-01-24,18,quantile,0.35,765.9356206919978
2026-01-17,wk inc flu hosp,1,2026-01-24,18,quantile,0.4,819.4144723453369
2026-01-17,wk inc flu hosp,1,2026-01-24,18,quantile,0.45,874.6081043825865
2026-01-17,wk inc flu hosp,1,2026-01-24,18,quantile,0.5,933.0630317959576
2026-01-17,wk inc flu hosp,1,2026-01-24,18,quantile,0.55,984.4886663017877
2026-01-17,wk inc flu hosp,1,2026-01-24,18,quantile,0.6,1039.2226218762664
2026-01-17,wk inc flu hosp,1,2026-01-24,18,quantile,0.65,1094.9272104931958
2026-01-17,wk inc flu hosp,1,2026-01-24,18,quantile,0.7,1172.0847480814484
2026-01-17,wk inc flu hosp,1,2026-01-24,18,quantile,0.75,1256.6322849523785
2026-01-17,wk inc flu hosp,1,2026-01-24,18,quantile,0.8,1377.2458282140656
2026-01-17,wk inc flu hosp,1,2026-01-24,18,quantile,0.85,1537.635038149294
2026-01-17,wk inc flu hosp,1,2026-01-24,18,quantile,0.9,1706.9232367696616
2026-01-17,wk inc flu hosp,1,2026-01-24,18,quantile,0.95,1962.9560002665885
2026-01-17,wk inc flu hosp,1,2026-01-24,18,quantile,0.975,2286.1777464655543
2026-01-17,wk inc flu hosp,1,2026-01-24,18,quantile,0.99,2618.011430238357
2026-01-17,wk inc flu hosp,1,2026-01-24,19,quantile,0.01,41.22198618096514
2026-01-17,wk inc flu hosp,1,2026-01-24,19,quantile,0.025,54.12502832610543
2026-01-17,wk inc flu hosp,1,2026-01-24,19,quantile,0.05,71.18978411983566
2026-01-17,wk inc flu hosp,1,2026-01-24,19,quantile,0.1,96.59015184553557
2026-01-17,wk inc flu hosp,1,2026-01-24,19,quantile,0.15,118.19513183933496
2026-01-17,wk inc flu hosp,1,2026-01-24,19,quantile,0.2,138.61169437244982
2026-01-17,wk inc flu hosp,1,2026-01-24,19,quantile,0.25,159.51622446918364
2026-01-17,wk inc flu hosp,1,2026-01-24,19,quantile,0.3,180.493074401418
2026-01-17,wk inc flu hosp,1,2026-01-24,19,quantile,0.35,201.40568749804768
2026-01-17,wk inc flu hosp,1,2026-01-24,19,quantile,0.4,222.3650006745251
2026-01-17,wk inc flu hosp,1,2026-01-24,19,quantile,0.45,243.79938149050193
2026-01-17,wk inc flu hosp,1,2026-01-24,19,quantile,0.5,265.90566139126366
2026-01-17,wk inc flu hosp,1,2026-01-24,19,quantile,0.55,289.85976802499044
2026-01-17,wk inc flu hosp,1,2026-01-24,19,quantile,0.6,316.8829774325827
2026-01-17,wk inc flu hosp,1,2026-01-24,19,quantile,0.65,344.65047086945344
2026-01-17,wk inc flu hosp,1,2026-01-24,19,quantile,0.7,382.1053978822364
2026-01-17,wk inc flu hosp,1,2026-01-24,19,quantile,0.75,430.1868472182534
2026-01-17,wk inc flu hosp,1,2026-01-24,19,quantile,0.8,494.71053632742417
2026-01-17,wk inc flu hosp,1,2026-01-24,19,quantile,0.85,581.6133096206942
2026-01-17,wk inc flu hosp,1,2026-01-24,19,quantile,0.9,700.0401536361319
2026-01-17,wk inc flu hosp,1,2026-01-24,19,quantile,0.95,888.4498982337316
2026-01-17,wk inc flu hosp,1,2026-01-24,19,quantile,0.975,1103.439439731583
2026-01-17,wk inc flu hosp,1,2026-01-24,19,quantile,0.99,1406.8893097301216
2026-01-17,wk inc flu hosp,1,2026-01-24,20,quantile,0.01,38.659332541025265
2026-01-17,wk inc flu hosp,1,2026-01-24,20,quantile,0.025,52.82008525381886
2026-01-17,wk inc flu hosp,1,2026-01-24,20,quantile,0.05,70.00220082511416
2026-01-17,wk inc flu hosp,1,2026-01-24,20,quantile,0.1,94.27185738312134
2026-01-17,wk inc flu hosp,1,2026-01-24,20,quantile,0.15,111.32834201021598
2026-01-17,wk inc flu hosp,1,2026-01-24,20,quantile,0.2,125.54510657352851
2026-01-17,wk inc flu hosp,1,2026-01-24,20,quantile,0.25,140.28340104159903
2026-01-17,wk inc flu hosp,1,2026-01-24,20,quantile,0.3,151.69305653984247
2026-01-17,wk inc flu hosp,1,2026-01-24,20,quantile,0.35,164.2968017002315
2026-01-17,wk inc flu hosp,1,2026-01-24,20,quantile,0.4,176.755632903768
2026-01-17,wk inc flu hosp,1,2026-01-24,20,quantile,0.45,189.47470116282474
2026-01-17,wk inc flu hosp,1,2026-01-24,20,quantile,0.5,203.6217597135739
2026-01-17,wk inc flu hosp,1,2026-01-24,20,quantile,0.55,220.9541035474018
2026-01-17,wk inc flu hosp,1,2026-01-24,20,quantile,0.6,240.85682284276587
2026-01-17,wk inc flu hosp,1,2026-01-24,20,quantile,0.65,264.5988378733557
2026-01-17,wk inc flu hosp,1,2026-01-24,20,quantile,0.7,294.08106406094146
2026-01-17,wk inc flu hosp,1,2026-01-24,20,quantile,0.75,328.89777526200186
2026-01-17,wk inc flu hosp,1,2026-01-24,20,quantile,0.8,362.5192588493674
2026-01-17,wk inc flu hosp,1,2026-01-24,20,quantile,0.85,430.56054988770734
2026-01-17,wk inc flu hosp,1,2026-01-24,20,quantile,0.9,535.1294815313111
2026-01-17,wk inc flu hosp,1,2026-01-24,20,quantile,0.95,700.6974274544169
2026-01-17,wk inc flu hosp,1,2026-01-24,20,quantile,0.975,887.6277159527987
2026-01-17,wk inc flu hosp,1,2026-01-24,20,quantile,0.99,1206.0726882364581
2026-01-17,wk inc flu hosp,1,2026-01-24,21,quantile,0.01,166.6891975644749
2026-01-17,wk inc flu hosp,1,2026-01-24,21,quantile,0.025,190.52173930773685
2026-01-17,wk inc flu hosp,1,2026-01-24,21,quantile,0.05,214.125726161903
2026-01-17,wk inc flu hosp,1,2026-01-24,21,quantile,0.1,254.53347927302164
2026-01-17,wk inc flu hosp,1,2026-01-24,21,quantile,0.15,290.35983141342336
2026-01-17,wk inc flu hosp,1,2026-01-24,21,quantile,0.2,317.9892464062795
2026-01-17,wk inc flu hosp,1,2026-01-24,21,quantile,0.25,343.58680894179406
2026-01-17,wk inc flu hosp,1,2026-01-24,21,quantile,0.3,368.4103081257177
2026-01-17,wk inc flu hosp,1,2026-01-24,21,quantile,0.35,392.24973001891766
2026-01-17,wk inc flu hosp,1,2026-01-24,21,quantile,0.4,415.4242457077366
2026-01-17,wk inc flu hosp,1,2026-01-24,21,quantile,0.45,436.41531782289144
2026-01-17,wk inc flu hosp,1,2026-01-24,21,quantile,0.5,460.7536740250158
2026-01-17,wk inc flu hosp,1,2026-01-24,21,quantile,0.55,488.7274389619885
2026-01-17,wk inc flu hosp,1,2026-01-24,21,quantile,0.6,519.056063469679
2026-01-17,wk inc flu hosp,1,2026-01-24,21,quantile,0.65,552.5471440669173
2026-01-17,wk inc flu hosp,1,2026-01-24,21,quantile,0.7,590.3039483794444
2026-01-17,wk inc flu hosp,1,2026-01-24,21,quantile,0.75,634.506146102865
2026-01-17,wk inc flu hosp,1,2026-01-24,21,quantile,0.8,686.6831270031817
2026-01-17,wk inc flu hosp,1,2026-01-24,21,quantile,0.85,751.4807815325678
2026-01-17,wk inc flu hosp,1,2026-01-24,21,quantile,0.9,839.3846193356137
2026-01-17,wk inc flu hosp,1,2026-01-24,21,quantile,0.95,994.8488323585397
2026-01-17,wk inc flu hosp,1,2026-01-24,21,quantile,0.975,1181.0966440031411
2026-01-17,wk inc flu hosp,1,2026-01-24,21,quantile,0.99,1292.336304205257
2026-01-17,wk inc flu hosp,1,2026-01-24,22,quantile,0.01,127.34859245467092
2026-01-17,wk inc flu hosp,1,2026-01-24,22,quantile,0.025,165.4028582438438
2026-01-17,wk inc flu hosp,1,2026-01-24,22,quantile,0.05,205.1242391316141
2026-01-17,wk inc flu hosp,1,2026-01-24,22,quantile,0.1,257.59651209177855
2026-01-17,wk inc flu hosp,1,2026-01-24,22,quantile,0.15,296.9713154270532
2026-01-17,wk inc flu hosp,1,2026-01-24,22,quantile,0.2,326.52421728493596
2026-01-17,wk inc flu hosp,1,2026-01-24,22,quantile,0.25,351.735021229563
2026-01-17,wk inc flu hosp,1,2026-01-24,22,quantile,0.3,376.28224124785527
2026-01-17,wk inc flu hosp,1,2026-01-24,22,quantile,0.35,404.43178529178556
2026-01-17,wk inc flu hosp,1,2026-01-24,22,quantile,0.4,431.6350435509756
2026-01-17,wk inc flu hosp,1,2026-01-24,22,quantile,0.45,459.9095306941976
2026-01-17,wk inc flu hosp,1,2026-01-24,22,quantile,0.5,490.7114943293383
2026-01-17,wk inc flu hosp,1,2026-01-24,22,quantile,0.55,523.9489607203279
2026-01-17,wk inc flu hosp,1,2026-01-24,22,quantile,0.6,560.6158412396751
2026-01-17,wk inc flu hosp,1,2026-01-24,22,quantile,0.65,601.8541935296433
2026-01-17,wk inc flu hosp,1,2026-01-24,22,quantile,0.7,651.1602413274607
2026-01-17,wk inc flu hosp,1,2026-01-24,22,quantile,0.75,712.332802448385
2026-01-17,wk inc flu hosp,1,2026-01-24,22,quantile,0.8,791.5446640988663
2026-01-17,wk inc flu hosp,1,2026-01-24,22,quantile,0.85,888.9976947940753
2026-01-17,wk inc flu hosp,1,2026-01-24,22,quantile,0.9,980.4378403311919
2026-01-17,wk inc flu hosp,1,2026-01-24,22,quantile,0.95,1184.958836921917
2026-01-17,wk inc flu hosp,1,2026-01-24,22,quantile,0.975,1454.6238192470626
2026-01-17,wk inc flu hosp,1,2026-01-24,22,quantile,0.99,2020.8368106004584
2026-01-17,wk inc flu hosp,1,2026-01-24,23,quantile,0.01,35.60961452000138
2026-01-17,wk inc flu hosp,1,2026-01-24,23,quantile,0.025,50.87100064089929
2026-01-17,wk inc flu hosp,1,2026-01-24,23,quantile,0.05,64.11895805494092
2026-01-17,wk inc flu hosp,1,2026-01-24,23,quantile,0.1,83.29878796568039
2026-01-17,wk inc flu hosp,1,2026-01-24,23,quantile,0.15,97.90699524911892
2026-01-17,wk inc flu hosp,1,2026-01-24,23,quantile,0.2,110.27156314237921
2026-01-17,wk inc flu hosp,1,2026-01-24,23,quantile,0.25,121.66723685845854
2026-01-17,wk inc flu hosp,1,2026-01-24,23,quantile,0.3,131.81845438865582
2026-01-17,wk inc flu hosp,1,2026-01-24,23,quantile,0.35,142.10568337968985
2026-01-17,wk inc flu hosp,1,2026-01-24,23,quantile,0.4,152.88180535864566
2026-01-17,wk inc flu hosp,1,2026-01-24,23,quantile,0.45,164.32229583361752
2026-01-17,wk inc flu hosp,1,2026-01-24,23,quantile,0.5,176.82136972895256
2026-01-17,wk inc flu hosp,1,2026-01-24,23,quantile,0.55,190.8796013506297
2026-01-17,wk inc flu hosp,1,2026-01-24,23,quantile,0.6,207.2759173123771
2026-01-17,wk inc flu hosp,1,2026-01-24,23,quantile,0.65,220.07872463747995
2026-01-17,wk inc flu hosp,1,2026-01-24,23,quantile,0.7,238.36087124965363
2026-01-17,wk inc flu hosp,1,2026-01-24,23,quantile,0.75,261.3997903647059
2026-01-17,wk inc flu hosp,1,2026-01-24,23,quantile,0.8,294.7954143362114
2026-01-17,wk inc flu hosp,1,2026-01-24,23,quantile,0.85,340.42930264343835
2026-01-17,wk inc flu hosp,1,2026-01-24,23,quantile,0.9,414.81957211162836
2026-01-17,wk inc flu hosp,1,2026-01-24,23,quantile,0.95,521.6820859394087
2026-01-17,wk inc flu hosp,1,2026-01-24,23,quantile,0.975,581.5766010883202
2026-01-17,wk inc flu hosp,1,2026-01-24,23,quantile,0.99,781.842711535613
2026-01-17,wk inc flu hosp,1,2026-01-24,24,quantile,0.01,242.16774681424087
2026-01-17,wk inc flu hosp,1,2026-01-24,24,quantile,0.025,284.96134975536967
2026-01-17,wk inc flu hosp,1,2026-01-24,24,quantile,0.05,333.6094163033041
2026-01-17,wk inc flu hosp,1,2026-01-24,24,quantile,0.1,398.8934370713918
2026-01-17,wk inc flu hosp,1,2026-01-24,24,quantile,0.15,450.60267256479995
2026-01-17,wk inc flu hosp,1,2026-01-24,24,quantile,0.2,489.31828545972365
2026-01-17,wk inc flu hosp,1,2026-01-24,24,quantile,0.25,528.3923231387603
2026-01-17,wk inc flu hosp,1,2026-01-24,24,quantile,0.3,566.2273982621081
2026-01-17,wk inc flu hosp,1,2026-01-24,24,quantile,0.35,605.1038206678704
2026-01-17,wk inc flu hosp,1,2026-01-24,24,quantile,0.4,640.6631120057326
2026-01-17,wk inc flu hosp,1,2026-01-24,24,quantile,0.45,679.6061306270867
2026-01-17,wk inc flu hosp,1,2026-01-24,24,quantile,0.5,722.1551190445256
2026-01-17,wk inc flu hosp,1,2026-01-24,24,quantile,0.55,768.3122328929566
2026-01-17,wk inc flu hosp,1,2026-01-24,24,quantile,0.6,819.3176299199826
2026-01-17,wk inc flu hosp,1,2026-01-24,24,quantile,0.65,877.4261734067035
2026-01-17,wk inc flu hosp,1,2026-01-24,24,quantile,0.7,946.3890024233738
2026-01-17,wk inc flu hosp,1,2026-01-24,24,quantile,0.75,1021.3905341679177
2026-01-17,wk inc flu hosp,1,2026-01-24,24,quantile,0.8,1123.8643326576228
2026-01-17,wk inc flu hosp,1,2026-01-24,24,quantile,0.85,1252.5217041150966
2026-01-17,wk inc flu hosp,1,2026-01-24,24,quantile,0.9,1398.2604307969075
2026-01-17,wk inc flu hosp,1,2026-01-24,24,quantile,0.95,1641.6555405608103
2026-01-17,wk inc flu hosp,1,2026-01-24,24,quantile,0.975,1821.1087792024207
2026-01-17,wk inc flu hosp,1,2026-01-24,24,quantile,0.99,2111.0865706089667
2026-01-17,wk inc flu hosp,1,2026-01-24,25,quantile,0.01,254.09098505267067
2026-01-17,wk inc flu hosp,1,2026-01-24,25,quantile,0.025,292.39188109683334
2026-01-17,wk inc flu hosp,1,2026-01-24,25,quantile,0.05,340.85959535775515
2026-01-17,wk inc flu hosp,1,2026-01-24,25,quantile,0.1,406.65986165378007
2026-01-17,wk inc flu hosp,1,2026-01-24,25,quantile,0.15,458.3775967145524
2026-01-17,wk inc flu hosp,1,2026-01-24,25,quantile,0.2,503.71636594732456
2026-01-17,wk inc flu hosp,1,2026-01-24,25,quantile,0.25,546.3012383994026
2026-01-17,wk inc flu hosp,1,2026-01-24,25,quantile,0.3,583.8507582025119
2026-01-17,wk inc flu hosp,1,2026-01-24,25,quantile,0.35,620.5738788219821
2026-01-17,wk inc flu hosp,1,2026-01-24,25,quantile,0.4,660.6449148072037
2026-01-17,wk inc flu hosp,1,2026-01-24,25,quantile,0.45,701.2888353615355
2026-01-17,wk inc flu hosp,1,2026-01-24,25,quantile,0.5,737.6497174444054
2026-01-17,wk inc flu hosp,1,2026-01-24,25,quantile,0.55,781.8415333368118
2026-01-17,wk inc flu hosp,1,2026-01-24,25,quantile,0.6,824.8159944550837
2026-01-17,wk inc flu hosp,1,2026-01-24,25,quantile,0.65,874.2099986487174
2026-01-17,wk inc flu hosp,1,2026-01-24,25,quantile,0.7,936.5543629325688
2026-01-17,wk inc flu hosp,1,2026-01-24,25,quantile,0.75,1008.2796196980825
2026-01-17,wk inc flu hosp,1,2026-01-24,25,quantile,0.8,1099.8140909396222
2026-01-17,wk inc flu hosp,1,2026-01-24,25,quantile,0.85,1229.5319160256001
2026-01-17,wk inc flu hosp,1,2026-01-24,25,quantile,0.9,1405.6722359766663
2026-01-17,wk inc flu hosp,1,2026-01-24,25,quantile,0.95,1673.1126587300937
2026-01-17,wk inc flu hosp,1,2026-01-24,25,quantile,0.975,1801.6565646856143
2026-01-17,wk inc flu hosp,1,2026-01-24,25,quantile,0.99,2079.861666387257
2026-01-17,wk inc flu hosp,1,2026-01-24,26,quantile,0.01,266.06879291920495
2026-01-17,wk inc flu hosp,1,2026-01-24,26,quantile,0.025,352.1246918630092
2026-01-17,wk inc flu hosp,1,2026-01-24,26,quantile,0.05,429.28574238670745
2026-01-17,wk inc flu hosp,1,2026-01-24,26,quantile,0.1,546.084995074965
2026-01-17,wk inc flu hosp,1,2026-01-24,26,quantile,0.15,634.2419885580728
2026-01-17,wk inc flu hosp,1,2026-01-24,26,quantile,0.2,711.385076616243
2026-01-17,wk inc flu hosp,1,2026-01-24,26,quantile,0.25,783.0450361162065
2026-01-17,wk inc flu hosp,1,2026-01-24,26,quantile,0.3,851.8670220983345
2026-01-17,wk inc flu hosp,1,2026-01-24,26,quantile,0.35,909.3332003671054
2026-01-17,wk inc flu hosp,1,2026-01-24,26,quantile,0.4,972.4705831559471
2026-01-17,wk inc flu hosp,1,2026-01-24,26,quantile,0.45,1038.0227590404413
2026-01-17,wk inc flu hosp,1,2026-01-24,26,quantile,0.5,1106.2011025154911
2026-01-17,wk inc flu hosp,1,2026-01-24,26,quantile,0.55,1157.5815498253237
2026-01-17,wk inc flu hosp,1,2026-01-24,26,quantile,0.6,1232.3622143069344
2026-01-17,wk inc flu hosp,1,2026-01-24,26,quantile,0.65,1314.5279459990056
2026-01-17,wk inc flu hosp,1,2026-01-24,26,quantile,0.7,1394.6929194404463
2026-01-17,wk inc flu hosp,1,2026-01-24,26,quantile,0.75,1515.0223947810682
2026-01-17,wk inc flu hosp,1,2026-01-24,26,quantile,0.8,1664.4577586827518
2026-01-17,wk inc flu hosp,1,2026-01-24,26,quantile,0.85,1873.2908635190051
2026-01-17,wk inc flu hosp,1,2026-01-24,26,quantile,0.9,2203.6081957261317
2026-01-17,wk inc flu hosp,1,2026-01-24,26,quantile,0.95,2538.844128641318
2026-01-17,wk inc flu hosp,1,2026-01-24,26,quantile,0.975,2975.5279864806644
2026-01-17,wk inc flu hosp,1,2026-01-24,26,quantile,0.99,3537.055713430867
2026-01-17,wk inc flu hosp,1,2026-01-24,27,quantile,0.01,137.03739120739135
2026-01-17,wk inc flu hosp,1,2026-01-24,27,quantile,0.025,156.19004994360824
2026-01-17,wk inc flu hosp,1,2026-01-24,27,quantile,0.05,182.18070609115617
2026-01-17,wk inc flu hosp,1,2026-01-24,27,quantile,0.1,217.30457544694022
2026-01-17,wk inc flu hosp,1,2026-01-24,27,quantile,0.15,244.96956552877066
2026-01-17,wk inc flu hosp,1,2026-01-24,27,quantile,0.2,269.14989750598005
2026-01-17,wk inc flu hosp,1,2026-01-24,27,quantile,0.25,291.85168985783895
2026-01-17,wk inc flu hosp,1,2026-01-24,27,quantile,0.3,313.8528480884959
2026-01-17,wk inc flu hosp,1,2026-01-24,27,quantile,0.35,335.79220368005593
2026-01-17,wk inc flu hosp,1,2026-01-24,27,quantile,0.4,358.20210763111277
2026-01-17,wk inc flu hosp,1,2026-01-24,27,quantile,0.45,381.60534889738153
2026-01-17,wk inc flu hosp,1,2026-01-24,27,quantile,0.5,406.58920271005263
2026-01-17,wk inc flu hosp,1,2026-01-24,27,quantile,0.55,433.9698185402175
2026-01-17,wk inc flu hosp,1,2026-01-24,27,quantile,0.6,460.6669375545574
2026-01-17,wk inc flu hosp,1,2026-01-24,27,quantile,0.65,492.8983675181226
2026-01-17,wk inc flu hosp,1,2026-01-24,27,quantile,0.7,527.4936810453202
2026-01-17,wk inc flu hosp,1,2026-01-24,27,quantile,0.75,575.9491597726487
2026-01-17,wk inc flu hosp,1,2026-01-24,27,quantile,0.8,643.4304977997905
2026-01-17,wk inc flu hosp,1,2026-01-24,27,quantile,0.85,760.548865180182
2026-01-17,wk inc flu hosp,1,2026-01-24,27,quantile,0.9,1031.6737734647813
2026-01-17,wk inc flu hosp,1,2026-01-24,27,quantile,0.95,1365.1552382462703
2026-01-17,wk inc flu hosp,1,2026-01-24,27,quantile,0.975,1618.1908935597357
2026-01-17,wk inc flu hosp,1,2026-01-24,27,quantile,0.99,1688.2212913984865
2026-01-17,wk inc flu hosp,1,2026-01-24,28,quantile,0.01,72.16844258385125
2026-01-17,wk inc flu hosp,1,2026-01-24,28,quantile,0.025,83.65000116708816
2026-01-17,wk inc flu hosp,1,2026-01-24,28,quantile,0.05,97.35395878894894
2026-01-17,wk inc flu hosp,1,2026-01-24,28,quantile,0.1,115.84598866084266
2026-01-17,wk inc flu hosp,1,2026-01-24,28,quantile,0.15,129.20849388598438
2026-01-17,wk inc flu hosp,1,2026-01-24,28,quantile,0.2,139.70094256227907
2026-01-17,wk inc flu hosp,1,2026-01-24,28,quantile,0.25,147.85721266395328
2026-01-17,wk inc flu hosp,1,2026-01-24,28,quantile,0.3,157.93071073310085
2026-01-17,wk inc flu hosp,1,2026-01-24,28,quantile,0.35,166.2143028202528
2026-01-17,wk inc flu hosp,1,2026-01-24,28,quantile,0.4,176.498071418619
2026-01-17,wk inc flu hosp,1,2026-01-24,28,quantile,0.45,187.12500617710867
2026-01-17,wk inc flu hosp,1,2026-01-24,28,quantile,0.5,197.95422975703812
2026-01-17,wk inc flu hosp,1,2026-01-24,28,quantile,0.55,209.45666428970605
2026-01-17,wk inc flu hosp,1,2026-01-24,28,quantile,0.6,223.00561954130382
2026-01-17,wk inc flu hosp,1,2026-01-24,28,quantile,0.65,238.14260551074065
2026-01-17,wk inc flu hosp,1,2026-01-24,28,quantile,0.7,255.62449157763413
2026-01-17,wk inc flu hosp,1,2026-01-24,28,quantile,0.75,275.98154058143405
2026-01-17,wk inc flu hosp,1,2026-01-24,28,quantile,0.8,300.3191824288045
2026-01-17,wk inc flu hosp,1,2026-01-24,28,quantile,0.85,332.6485943283838
2026-01-17,wk inc flu hosp,1,2026-01-24,28,quantile,0.9,374.6779522565252
2026-01-17,wk inc flu hosp,1,2026-01-24,28,quantile,0.95,462.66598395149384
2026-01-17,wk inc flu hosp,1,2026-01-24,28,quantile,0.975,553.863613801665
2026-01-17,wk inc flu hosp,1,2026-01-24,28,quantile,0.99,673.2736300442118
2026-01-17,wk inc flu hosp,1,2026-01-24,29,quantile,0.01,132.0664775365373
2026-01-17,wk inc flu hosp,1,2026-01-24,29,quantile,0.025,171.11916837053164
2026-01-17,wk inc flu hosp,1,2026-01-24,29,quantile,0.05,205.73872685054104
2026-01-17,wk inc flu hosp,1,2026-01-24,29,quantile,0.1,257.32144712078593
2026-01-17,wk inc flu hosp,1,2026-01-24,29,quantile,0.15,296.9935082614267
2026-01-17,wk inc flu hosp,1,2026-01-24,29,quantile,0.2,325.978289403527
2026-01-17,wk inc flu hosp,1,2026-01-24,29,quantile,0.25,356.8983003848475
2026-01-17,wk inc flu hosp,1,2026-01-24,29,quantile,0.3,386.70251827586566
2026-01-17,wk inc flu hosp,1,2026-01-24,29,quantile,0.35,416.34650390217143
2026-01-17,wk inc flu hosp,1,2026-01-24,29,quantile,0.4,442.0480812238434
2026-01-17,wk inc flu hosp,1,2026-01-24,29,quantile,0.45,464.868256997747
2026-01-17,wk inc flu hosp,1,2026-01-24,29,quantile,0.5,493.6220797415706
2026-01-17,wk inc flu hosp,1,2026-01-24,29,quantile,0.55,527.3567375130614
2026-01-17,wk inc flu hosp,1,2026-01-24,29,quantile,0.6,564.8822110918117
2026-01-17,wk inc flu hosp,1,2026-01-24,29,quantile,0.65,607.8884883602202
2026-01-17,wk inc flu hosp,1,2026-01-24,29,quantile,0.7,658.8648215915063
2026-01-17,wk inc flu hosp,1,2026-01-24,29,quantile,0.75,719.9450950947486
2026-01-17,wk inc flu hosp,1,2026-01-24,29,quantile,0.8,793.6877330273528
2026-01-17,wk inc flu hosp,1,2026-01-24,29,quantile,0.85,899.2032805034532
2026-01-17,wk inc flu hosp,1,2026-01-24,29,quantile,0.9,1036.3903729008834
2026-01-17,wk inc flu hosp,1,2026-01-24,29,quantile,0.95,1395.505530201015
2026-01-17,wk inc flu hosp,1,2026-01-24,29,quantile,0.975,1615.5964546601003
2026-01-17,wk inc flu hosp,1,2026-01-24,29,quantile,0.99,1928.4124757851746
2026-01-17,wk inc flu hosp,1,2026-01-24,30,quantile,0.01,17.98945291251799
2026-01-17,wk inc flu hosp,1,2026-01-24,30,quantile,0.025,23.905842391386923
2026-01-17,wk inc flu hosp,1,2026-01-24,30,quantile,0.05,31.755651973005588
2026-01-17,wk inc flu hosp,1,2026-01-24,30,quantile,0.1,44.17559687200807
2026-01-17,wk inc flu hosp,1,2026-01-24,30,quantile,0.15,54.94024759439813
2026-01-17,wk inc flu hosp,1,2026-01-24,30,quantile,0.2,64.96011403382447
2026-01-17,wk inc flu hosp,1,2026-01-24,30,quantile,0.25,74.4908838403866
2026-01-17,wk inc flu hosp,1,2026-01-24,30,quantile,0.3,83.783180774975
2026-01-17,wk inc flu hosp,1,2026-01-24,30,quantile,0.35,93.13535266859382
2026-01-17,wk inc flu hosp,1,2026-01-24,30,quantile,0.4,100.78118400501451
2026-01-17,wk inc flu hosp,1,2026-01-24,30,quantile,0.45,110.04383547672413
2026-01-17,wk inc flu hosp,1,2026-01-24,30,quantile,0.5,120.31830150163653
2026-01-17,wk inc flu hosp,1,2026-01-24,30,quantile,0.55,132.21963223792224
2026-01-17,wk inc flu hosp,1,2026-01-24,30,quantile,0.6,145.14223353393686
2026-01-17,wk inc flu hosp,1,2026-01-24,30,quantile,0.65,162.3871211608577
2026-01-17,wk inc flu hosp,1,2026-01-24,30,quantile,0.7,184.85335128948196
2026-01-17,wk inc flu hosp,1,2026-01-24,30,quantile,0.75,212.83637178254438
2026-01-17,wk inc flu hosp,1,2026-01-24,30,quantile,0.8,250.33230825304202
2026-01-17,wk inc flu hosp,1,2026-01-24,30,quantile,0.85,298.1937883258232
2026-01-17,wk inc flu hosp,1,2026-01-24,30,quantile,0.9,384.94343458352154
2026-01-17,wk inc flu hosp,1,2026-01-24,30,quantile,0.95,486.090853654688
2026-01-17,wk inc flu hosp,1,2026-01-24,30,quantile,0.975,527.4606537762609
2026-01-17,wk inc flu hosp,1,2026-01-24,30,quantile,0.99,669.5183889795127
2026-01-17,wk inc flu hosp,1,2026-01-24,31,quantile,0.01,25.875940270275112
2026-01-17,wk inc flu hosp,1,2026-01-24,31,quantile,0.025,34.2512580055533
2026-01-17,wk inc flu hosp,1,2026-01-24,31,quantile,0.05,45.11651188165976
2026-01-17,wk inc flu hosp,1,2026-01-24,31,quantile,0.1,61.03392107176385
2026-01-17,wk inc flu hosp,1,2026-01-24,31,quantile,0.15,74.64536775675947
2026-01-17,wk inc flu hosp,1,2026-01-24,31,quantile,0.2,86.69363054386429
2026-01-17,wk inc flu hosp,1,2026-01-24,31,quantile,0.25,99.1603909581626
2026-01-17,wk inc flu hosp,1,2026-01-24,31,quantile,0.3,111.3192301485586
2026-01-17,wk inc flu hosp,1,2026-01-24,31,quantile,0.35,123.40938193089993
2026-01-17,wk inc flu hosp,1,2026-01-24,31,quantile,0.4,135.80075281125335
2026-01-17,wk inc flu hosp,1,2026-01-24,31,quantile,0.45,148.8898810160391
2026-01-17,wk inc flu hosp,1,2026-01-24,31,quantile,0.5,163.06388148445978
2026-01-17,wk inc flu hosp,1,2026-01-24,31,quantile,0.55,179.0353328894636
2026-01-17,wk inc flu hosp,1,2026-01-24,31,quantile,0.6,197.57009874567387
2026-01-17,wk inc flu hosp,1,2026-01-24,31,quantile,0.65,218.99874184933918
2026-01-17,wk inc flu hosp,1,2026-01-24,31,quantile,0.7,246.72895953525241
2026-01-17,wk inc flu hosp,1,2026-01-24,31,quantile,0.75,281.02799721343877
2026-01-17,wk inc flu hosp,1,2026-01-24,31,quantile,0.8,310.1332909431242
2026-01-17,wk inc flu hosp,1,2026-01-24,31,quantile,0.85,369.3522411431481
2026-01-17,wk inc flu hosp,1,2026-01-24,31,quantile,0.9,467.5010295590131
2026-01-17,wk inc flu hosp,1,2026-01-24,31,quantile,0.95,555.2387107641335
2026-01-17,wk inc flu hosp,1,2026-01-24,31,quantile,0.975,687.2853675445842
2026-01-17,wk inc flu hosp,1,2026-01-24,31,quantile,0.99,913.2867961383826
2026-01-17,wk inc flu hosp,1,2026-01-24,32,quantile,0.01,47.88823700012139
2026-01-17,wk inc flu hosp,1,2026-01-24,32,quantile,0.025,60.01739106151127
2026-01-17,wk inc flu hosp,1,2026-01-24,32,quantile,0.05,72.42403418998445
2026-01-17,wk inc flu hosp,1,2026-01-24,32,quantile,0.1,89.67373985632524
2026-01-17,wk inc flu hosp,1,2026-01-24,32,quantile,0.15,100.06186679258248
2026-01-17,wk inc flu hosp,1,2026-01-24,32,quantile,0.2,111.82592510147386
2026-01-17,wk inc flu hosp,1,2026-01-24,32,quantile,0.25,122.66235752978896
2026-01-17,wk inc flu hosp,1,2026-01-24,32,quantile,0.3,132.92127171249206
2026-01-17,wk inc flu hosp,1,2026-01-24,32,quantile,0.35,142.93033465660469
2026-01-17,wk inc flu hosp,1,2026-01-24,32,quantile,0.4,152.83275031905566
2026-01-17,wk inc flu hosp,1,2026-01-24,32,quantile,0.45,162.90278858761806
2026-01-17,wk inc flu hosp,1,2026-01-24,32,quantile,0.5,172.99866338062282
2026-01-17,wk inc flu hosp,1,2026-01-24,32,quantile,0.55,183.08410757704118
2026-01-17,wk inc flu hosp,1,2026-01-24,32,quantile,0.6,194.91322559850164
2026-01-17,wk inc flu hosp,1,2026-01-24,32,quantile,0.65,208.01289657980396
2026-01-17,wk inc flu hosp,1,2026-01-24,32,quantile,0.7,222.68600405653086
2026-01-17,wk inc flu hosp,1,2026-01-24,32,quantile,0.75,240.1961939653197
2026-01-17,wk inc flu hosp,1,2026-01-24,32,quantile,0.8,261.74088868859604
2026-01-17,wk inc flu hosp,1,2026-01-24,32,quantile,0.85,292.08873707094966
2026-01-17,wk inc flu hosp,1,2026-01-24,32,quantile,0.9,332.9277603039663
2026-01-17,wk inc flu hosp,1,2026-01-24,32,quantile,0.95,397.1817046741827
2026-01-17,wk inc flu hosp,1,2026-01-24,32,quantile,0.975,468.104381029337
2026-01-17,wk inc flu hosp,1,2026-01-24,32,quantile,0.99,491.38714996420566
2026-01-17,wk inc flu hosp,1,2026-01-24,33,quantile,0.01,34.51112535621493
2026-01-17,wk inc flu hosp,1,2026-01-24,33,quantile,0.025,48.33178817631723
2026-01-17,wk inc flu hosp,1,2026-01-24,33,quantile,0.05,60.45719801352317
2026-01-17,wk inc flu hosp,1,2026-01-24,33,quantile,0.1,77.83511493875959
2026-01-17,wk inc flu hosp,1,2026-01-24,33,quantile,0.15,91.04562966546972
2026-01-17,wk inc flu hosp,1,2026-01-24,33,quantile,0.2,102.37434321228268
2026-01-17,wk inc flu hosp,1,2026-01-24,33,quantile,0.25,112.81634081133585
2026-01-17,wk inc flu hosp,1,2026-01-24,33,quantile,0.3,122.9414158779891
2026-01-17,wk inc flu hosp,1,2026-01-24,33,quantile,0.35,133.09941879599077
2026-01-17,wk inc flu hosp,1,2026-01-24,33,quantile,0.4,143.6115343328654
2026-01-17,wk inc flu hosp,1,2026-01-24,33,quantile,0.45,154.75961403801193
2026-01-17,wk inc flu hosp,1,2026-01-24,33,quantile,0.5,166.98472187743107
2026-01-17,wk inc flu hosp,1,2026-01-24,33,quantile,0.55,180.97087542016695
2026-01-17,wk inc flu hosp,1,2026-01-24,33,quantile,0.6,197.51299174787704
2026-01-17,wk inc flu hosp,1,2026-01-24,33,quantile,0.65,216.78670445761796
2026-01-17,wk inc flu hosp,1,2026-01-24,33,quantile,0.7,235.52137780484324
2026-01-17,wk inc flu hosp,1,2026-01-24,33,quantile,0.75,266.99405487597863
2026-01-17,wk inc flu hosp,1,2026-01-24,33,quantile,0.8,309.6126519211837
2026-01-17,wk inc flu hosp,1,2026-01-24,33,quantile,0.85,366.76936178636765
2026-01-17,wk inc flu hosp,1,2026-01-24,33,quantile,0.9,455.42752757777663
2026-01-17,wk inc flu hosp,1,2026-01-24,33,quantile,0.95,669.4626309702451
2026-01-17,wk inc flu hosp,1,2026-01-24,33,quantile,0.975,888.6324517236142
2026-01-17,wk inc flu hosp,1,2026-01-24,33,quantile,0.99,906.5303966034245
2026-01-17,wk inc flu hosp,1,2026-01-24,34,quantile,0.01,415.49849185016507
2026-01-17,wk inc flu hosp,1,2026-01-24,34,quantile,0.025,474.30071139251004
2026-01-17,wk inc flu hosp,1,2026-01-24,34,quantile,0.05,555.3166737784413
2026-01-17,wk inc flu hosp,1,2026-01-24,34,quantile,0.1,659.6548417035514
2026-01-17,wk inc flu hosp,1,2026-01-24,34,quantile,0.15,741.7505153290782
2026-01-17,wk inc flu hosp,1,2026-01-24,34,quantile,0.2,814.2234544182506
2026-01-17,wk inc flu hosp,1,2026-01-24,34,quantile,0.25,881.743402857683
2026-01-17,wk inc flu hosp,1,2026-01-24,34,quantile,0.3,947.2687749910441
2026-01-17,wk inc flu hosp,1,2026-01-24,34,quantile,0.35,1007.409554399317
2026-01-17,wk inc flu hosp,1,2026-01-24,34,quantile,0.4,1071.8791194247879
2026-01-17,wk inc flu hosp,1,2026-01-24,34,quantile,0.45,1139.038362623832
2026-01-17,wk inc flu hosp,1,2026-01-24,34,quantile,0.5,1199.7055002214495
2026-01-17,wk inc flu hosp,1,2026-01-24,34,quantile,0.55,1261.5110483461885
2026-01-17,wk inc flu hosp,1,2026-01-24,34,quantile,0.6,1340.8426553408651
2026-01-17,wk inc flu hosp,1,2026-01-24,34,quantile,0.65,1432.2062802485507
2026-01-17,wk inc flu hosp,1,2026-01-24,34,quantile,0.7,1535.8228303607063
2026-01-17,wk inc flu hosp,1,2026-01-24,34,quantile,0.75,1669.2976806609797
2026-01-17,wk inc flu hosp,1,2026-01-24,34,quantile,0.8,1846.6609162766438
2026-01-17,wk inc flu hosp,1,2026-01-24,34,quantile,0.85,2094.966062067106
2026-01-17,wk inc flu hosp,1,2026-01-24,34,quantile,0.9,2510.1480402277016
2026-01-17,wk inc flu hosp,1,2026-01-24,34,quantile,0.95,3132.7306913937923
2026-01-17,wk inc flu hosp,1,2026-01-24,34,quantile,0.975,4053.2515561723053
2026-01-17,wk inc flu hosp,1,2026-01-24,34,quantile,0.99,4392.07101765464
2026-01-17,wk inc flu hosp,1,2026-01-24,35,quantile,0.01,35.528790292877424
2026-01-17,wk inc flu hosp,1,2026-01-24,35,quantile,0.025,49.29846243589371
2026-01-17,wk inc flu hosp,1,2026-01-24,35,quantile,0.05,61.946931737369354
2026-01-17,wk inc flu hosp,1,2026-01-24,35,quantile,0.1,82.8284906780734
2026-01-17,wk inc flu hosp,1,2026-01-24,35,quantile,0.15,102.06254041948637
2026-01-17,wk inc flu hosp,1,2026-01-24,35,quantile,0.2,120.88477661718179
2026-01-17,wk inc flu hosp,1,2026-01-24,35,quantile,0.25,138.81565579503854
2026-01-17,wk inc flu hosp,1,2026-01-24,35,quantile,0.3,155.7137532261084
2026-01-17,wk inc flu hosp,1,2026-01-24,35,quantile,0.35,170.87032662283605
2026-01-17,wk inc flu hosp,1,2026-01-24,35,quantile,0.4,183.69337469282496
2026-01-17,wk inc flu hosp,1,2026-01-24,35,quantile,0.45,196.79053548196453
2026-01-17,wk inc flu hosp,1,2026-01-24,35,quantile,0.5,211.05498193862923
2026-01-17,wk inc flu hosp,1,2026-01-24,35,quantile,0.55,229.34193536696367
2026-01-17,wk inc flu hosp,1,2026-01-24,35,quantile,0.6,249.60856805251206
2026-01-17,wk inc flu hosp,1,2026-01-24,35,quantile,0.65,272.6140804789568
2026-01-17,wk inc flu hosp,1,2026-01-24,35,quantile,0.7,296.5885547815603
2026-01-17,wk inc flu hosp,1,2026-01-24,35,quantile,0.75,330.0941932416129
2026-01-17,wk inc flu hosp,1,2026-01-24,35,quantile,0.8,374.39701512942037
2026-01-17,wk inc flu hosp,1,2026-01-24,35,quantile,0.85,436.45289819091863
2026-01-17,wk inc flu hosp,1,2026-01-24,35,quantile,0.9,503.87248119495115
2026-01-17,wk inc flu hosp,1,2026-01-24,35,quantile,0.95,679.576791209276
2026-01-17,wk inc flu hosp,1,2026-01-24,35,quantile,0.975,868.8424872099579
2026-01-17,wk inc flu hosp,1,2026-01-24,35,quantile,0.99,1159.5587600474887
2026-01-17,wk inc flu hosp,1,2026-01-24,36,quantile,0.01,199.37190387029446
2026-01-17,wk inc flu hosp,1,2026-01-24,36,quantile,0.025,373.47549661120894
2026-01-17,wk inc flu hosp,1,2026-01-24,36,quantile,0.05,552.0109158994132
2026-01-17,wk inc flu hosp,1,2026-01-24,36,quantile,0.1,739.3618900102095
2026-01-17,wk inc flu hosp,1,2026-01-24,36,quantile,0.15,872.3143220296546
2026-01-17,wk inc flu hosp,1,2026-01-24,36,quantile,0.2,982.9749723201952
2026-01-17,wk inc flu hosp,1,2026-01-24,36,quantile,0.25,1076.371751078206
2026-01-17,wk inc flu hosp,1,2026-01-24,36,quantile,0.3,1165.2705784503355
2026-01-17,wk inc flu hosp,1,2026-01-24,36,quantile,0.35,1245.1502778794174
2026-01-17,wk inc flu hosp,1,2026-01-24,36,quantile,0.4,1327.4706766733696
2026-01-17,wk inc flu hosp,1,2026-01-24,36,quantile,0.45,1409.8760977057523
2026-01-17,wk inc flu hosp,1,2026-01-24,36,quantile,0.5,1501.391246578831
2026-01-17,wk inc flu hosp,1,2026-01-24,36,quantile,0.55,1610.3203964262816
2026-01-17,wk inc flu hosp,1,2026-01-24,36,quantile,0.6,1729.849160835543
2026-01-17,wk inc flu hosp,1,2026-01-24,36,quantile,0.65,1866.2679514385043
2026-01-17,wk inc flu hosp,1,2026-01-24,36,quantile,0.7,2026.0072039980344
2026-01-17,wk inc flu hosp,1,2026-01-24,36,quantile,0.75,2217.077355078268
2026-01-17,wk inc flu hosp,1,2026-01-24,36,quantile,0.8,2454.516685681942
2026-01-17,wk inc flu hosp,1,2026-01-24,36,quantile,0.85,2767.881604058839
2026-01-17,wk inc flu hosp,1,2026-01-24,36,quantile,0.9,3252.969687221072
2026-01-17,wk inc flu hosp,1,2026-01-24,36,quantile,0.95,3862.8475910959364
2026-01-17,wk inc flu hosp,1,2026-01-24,36,quantile,0.975,4583.3712539931275
2026-01-17,wk inc flu hosp,1,2026-01-24,36,quantile,0.99,5350.089025223644
2026-01-17,wk inc flu hosp,1,2026-01-24,37,quantile,0.01,363.34160448723964
2026-01-17,wk inc flu hosp,1,2026-01-24,37,quantile,0.025,414.2100406020604
2026-01-17,wk inc flu hosp,1,2026-01-24,37,quantile,0.05,491.68470537299527
2026-01-17,wk inc flu hosp,1,2026-01-24,37,quantile,0.1,590.6443376845887
2026-01-17,wk inc flu hosp,1,2026-01-24,37,quantile,0.15,667.730062242597
2026-01-17,wk inc flu hosp,1,2026-01-24,37,quantile,0.2,735.5722421383296
2026-01-17,wk inc flu hosp,1,2026-01-24,37,quantile,0.25,798.9469399207339
2026-01-17,wk inc flu hosp,1,2026-01-24,37,quantile,0.3,849.0371839009817
2026-01-17,wk inc flu hosp,1,2026-01-24,37,quantile,0.35,895.1385018932136
2026-01-17,wk inc flu hosp,1,2026-01-24,37,quantile,0.4,948.7184570057734
2026-01-17,wk inc flu hosp,1,2026-01-24,37,quantile,0.45,1009.6560276109619
2026-01-17,wk inc flu hosp,1,2026-01-24,37,quantile,0.5,1075.5773863039196
2026-01-17,wk inc flu hosp,1,2026-01-24,37,quantile,0.55,1148.2900583023522
2026-01-17,wk inc flu hosp,1,2026-01-24,37,quantile,0.6,1229.3674387324206
2026-01-17,wk inc flu hosp,1,2026-01-24,37,quantile,0.65,1322.4621140515108
2026-01-17,wk inc flu hosp,1,2026-01-24,37,quantile,0.7,1437.4627198278165
2026-01-17,wk inc flu hosp,1,2026-01-24,37,quantile,0.75,1587.4199466014754
2026-01-17,wk inc flu hosp,1,2026-01-24,37,quantile,0.8,1800.3077848532766
2026-01-17,wk inc flu hosp,1,2026-01-24,37,quantile,0.85,2148.08629902859
2026-01-17,wk inc flu hosp,1,2026-01-24,37,quantile,0.9,2896.986458432629
2026-01-17,wk inc flu hosp,1,2026-01-24,37,quantile,0.95,4152.887820790586
2026-01-17,wk inc flu hosp,1,2026-01-24,37,quantile,0.975,4684.828289272031
2026-01-17,wk inc flu hosp,1,2026-01-24,37,quantile,0.99,4966.6892455727375
2026-01-17,wk inc flu hosp,1,2026-01-24,38,quantile,0.01,17.582132161879194
2026-01-17,wk inc flu hosp,1,2026-01-24,38,quantile,0.025,23.706687239862017
2026-01-17,wk inc flu hosp,1,2026-01-24,38,quantile,0.05,31.323833239685907
2026-01-17,wk inc flu hosp,1,2026-01-24,38,quantile,0.1,43.04794850594603
2026-01-17,wk inc flu hosp,1,2026-01-24,38,quantile,0.15,50.176970617464576
2026-01-17,wk inc flu hosp,1,2026-01-24,38,quantile,0.2,58.361172021038
2026-01-17,wk inc flu hosp,1,2026-01-24,38,quantile,0.25,66.601497829231
2026-01-17,wk inc flu hosp,1,2026-01-24,38,quantile,0.3,75.00775688525479
2026-01-17,wk inc flu hosp,1,2026-01-24,38,quantile,0.35,83.76525794479076
2026-01-17,wk inc flu hosp,1,2026-01-24,38,quantile,0.4,92.8543682832668
2026-01-17,wk inc flu hosp,1,2026-01-24,38,quantile,0.45,102.35464884652534
2026-01-17,wk inc flu hosp,1,2026-01-24,38,quantile,0.5,112.53285856408948
2026-01-17,wk inc flu hosp,1,2026-01-24,38,quantile,0.55,123.44458974535492
2026-01-17,wk inc flu hosp,1,2026-01-24,38,quantile,0.6,135.87483513249242
2026-01-17,wk inc flu hosp,1,2026-01-24,38,quantile,0.65,151.21936972128194
2026-01-17,wk inc flu hosp,1,2026-01-24,38,quantile,0.7,169.0328313305438
2026-01-17,wk inc flu hosp,1,2026-01-24,38,quantile,0.75,190.56116122458963
2026-01-17,wk inc flu hosp,1,2026-01-24,38,quantile,0.8,219.39479708440544
2026-01-17,wk inc flu hosp,1,2026-01-24,38,quantile,0.85,250.72552681558125
2026-01-17,wk inc flu hosp,1,2026-01-24,38,quantile,0.9,314.4788066100743
2026-01-17,wk inc flu hosp,1,2026-01-24,38,quantile,0.95,450.7120845416187
2026-01-17,wk inc flu hosp,1,2026-01-24,38,quantile,0.975,505.977941680179
2026-01-17,wk inc flu hosp,1,2026-01-24,38,quantile,0.99,630.6497353576684
2026-01-17,wk inc flu hosp,1,2026-01-24,39,quantile,0.01,496.0117474813917
2026-01-17,wk inc flu hosp,1,2026-01-24,39,quantile,0.025,561.9008607673754
2026-01-17,wk inc flu hosp,1,2026-01-24,39,quantile,0.05,668.5234101920239
2026-01-17,wk inc flu hosp,1,2026-01-24,39,quantile,0.1,834.5436838039928
2026-01-17,wk inc flu hosp,1,2026-01-24,39,quantile,0.15,956.6741933591728
2026-01-17,wk inc flu hosp,1,2026-01-24,39,quantile,0.2,1062.3243384914833
2026-01-17,wk inc flu hosp,1,2026-01-24,39,quantile,0.25,1159.5856709819282
2026-01-17,wk inc flu hosp,1,2026-01-24,39,quantile,0.3,1253.6505912388814
2026-01-17,wk inc flu hosp,1,2026-01-24,39,quantile,0.35,1347.2887314382788
2026-01-17,wk inc flu hosp,1,2026-01-24,39,quantile,0.4,1443.1826806162571
2026-01-17,wk inc flu hosp,1,2026-01-24,39,quantile,0.45,1543.487275494558
2026-01-17,wk inc flu hosp,1,2026-01-24,39,quantile,0.5,1651.5374973588264
2026-01-17,wk inc flu hosp,1,2026-01-24,39,quantile,0.55,1762.088579825183
2026-01-17,wk inc flu hosp,1,2026-01-24,39,quantile,0.6,1874.2772949617315
2026-01-17,wk inc flu hosp,1,2026-01-24,39,quantile,0.65,2002.9022970923627
2026-01-17,wk inc flu hosp,1,2026-01-24,39,quantile,0.7,2154.067107844736
2026-01-17,wk inc flu hosp,1,2026-01-24,39,quantile,0.75,2367.3631405329165
2026-01-17,wk inc flu hosp,1,2026-01-24,39,quantile,0.8,2665.924540988995
2026-01-17,wk inc flu hosp,1,2026-01-24,39,quantile,0.85,2988.2282620633846
2026-01-17,wk inc flu hosp,1,2026-01-24,39,quantile,0.9,3687.137017499618
2026-01-17,wk inc flu hosp,1,2026-01-24,39,quantile,0.95,4828.1951599569975
2026-01-17,wk inc flu hosp,1,2026-01-24,39,quantile,0.975,5378.759233626494
2026-01-17,wk inc flu hosp,1,2026-01-24,39,quantile,0.99,6428.535685128006
2026-01-17,wk inc flu hosp,1,2026-01-24,40,quantile,0.01,12.501074145566196
2026-01-17,wk inc flu hosp,1,2026-01-24,40,quantile,0.025,22.999957893640037
2026-01-17,wk inc flu hosp,1,2026-01-24,40,quantile,0.05,41.46132865437595
2026-01-17,wk inc flu hosp,1,2026-01-24,40,quantile,0.1,59.89340556793065
2026-01-17,wk inc flu hosp,1,2026-01-24,40,quantile,0.15,80.21231118744257
2026-01-17,wk inc flu hosp,1,2026-01-24,40,quantile,0.2,99.70486416239386
2026-01-17,wk inc flu hosp,1,2026-01-24,40,quantile,0.25,117.10346225626392
2026-01-17,wk inc flu hosp,1,2026-01-24,40,quantile,0.3,132.85485800749777
2026-01-17,wk inc flu hosp,1,2026-01-24,40,quantile,0.35,147.59721236885966
2026-01-17,wk inc flu hosp,1,2026-01-24,40,quantile,0.4,161.97116103311055
2026-01-17,wk inc flu hosp,1,2026-01-24,40,quantile,0.45,175.00352331380105
2026-01-17,wk inc flu hosp,1,2026-01-24,40,quantile,0.5,187.83751034346542
2026-01-17,wk inc flu hosp,1,2026-01-24,40,quantile,0.55,202.401643957066
2026-01-17,wk inc flu hosp,1,2026-01-24,40,quantile,0.6,217.89665279573555
2026-01-17,wk inc flu hosp,1,2026-01-24,40,quantile,0.65,234.37665373824305
2026-01-17,wk inc flu hosp,1,2026-01-24,40,quantile,0.7,251.11080972400086
2026-01-17,wk inc flu hosp,1,2026-01-24,40,quantile,0.75,270.0228477261498
2026-01-17,wk inc flu hosp,1,2026-01-24,40,quantile,0.8,294.58667322344314
2026-01-17,wk inc flu hosp,1,2026-01-24,40,quantile,0.85,330.6440183007032
2026-01-17,wk inc flu hosp,1,2026-01-24,40,quantile,0.9,383.08165892670445
2026-01-17,wk inc flu hosp,1,2026-01-24,40,quantile,0.95,478.0282121352395
2026-01-17,wk inc flu hosp,1,2026-01-24,40,quantile,0.975,617.4818143383478
2026-01-17,wk inc flu hosp,1,2026-01-24,40,quantile,0.99,813.5870517362171
2026-01-17,wk inc flu hosp,1,2026-01-24,41,quantile,0.01,49.31415972546652
2026-01-17,wk inc flu hosp,1,2026-01-24,41,quantile,0.025,57.64090812736473
2026-01-17,wk inc flu hosp,1,2026-01-24,41,quantile,0.05,64.8299711232495
2026-01-17,wk inc flu hosp,1,2026-01-24,41,quantile,0.1,77.2149310048722
2026-01-17,wk inc flu hosp,1,2026-01-24,41,quantile,0.15,86.7397553593285
2026-01-17,wk inc flu hosp,1,2026-01-24,41,quantile,0.2,94.98883979451955
2026-01-17,wk inc flu hosp,1,2026-01-24,41,quantile,0.25,101.47043736036697
2026-01-17,wk inc flu hosp,1,2026-01-24,41,quantile,0.3,106.20321651126484
2026-01-17,wk inc flu hosp,1,2026-01-24,41,quantile,0.35,112.5806541379328
2026-01-17,wk inc flu hosp,1,2026-01-24,41,quantile,0.4,119.46477188162437
2026-01-17,wk inc flu hosp,1,2026-01-24,41,quantile,0.45,126.45447546043869
2026-01-17,wk inc flu hosp,1,2026-01-24,41,quantile,0.5,133.56583238614064
2026-01-17,wk inc flu hosp,1,2026-01-24,41,quantile,0.55,140.53954107936534
2026-01-17,wk inc flu hosp,1,2026-01-24,41,quantile,0.6,149.05548764069516
2026-01-17,wk inc flu hosp,1,2026-01-24,41,quantile,0.65,158.70571023992707
2026-01-17,wk inc flu hosp,1,2026-01-24,41,quantile,0.7,169.6487420370215
2026-01-17,wk inc flu hosp,1,2026-01-24,41,quantile,0.75,182.36083509500355
2026-01-17,wk inc flu hosp,1,2026-01-24,41,quantile,0.8,197.5666295200265
2026-01-17,wk inc flu hosp,1,2026-01-24,41,quantile,0.85,216.31444493583754
2026-01-17,wk inc flu hosp,1,2026-01-24,41,quantile,0.9,246.47352887522626
2026-01-17,wk inc flu hosp,1,2026-01-24,41,quantile,0.95,301.292236943732
2026-01-17,wk inc flu hosp,1,2026-01-24,41,quantile,0.975,358.9315668051565
2026-01-17,wk inc flu hosp,1,2026-01-24,41,quantile,0.99,425.3903725961685
2026-01-17,wk inc flu hosp,1,2026-01-24,42,quantile,0.01,696.6920998177511
2026-01-17,wk inc flu hosp,1,2026-01-24,42,quantile,0.025,936.9806503012346
2026-01-17,wk inc flu hosp,1,2026-01-24,42,quantile,0.05,1135.199242622211
2026-01-17,wk inc flu hosp,1,2026-01-24,42,quantile,0.1,1423.3716882994004
2026-01-17,wk inc flu hosp,1,2026-01-24,42,quantile,0.15,1632.8008772784087
2026-01-17,wk inc flu hosp,1,2026-01-24,42,quantile,0.2,1786.625385374245
2026-01-17,wk inc flu hosp,1,2026-01-24,42,quantile,0.25,1939.5672700723323
2026-01-17,wk inc flu hosp,1,2026-01-24,42,quantile,0.3,2085.4908232127145
2026-01-17,wk inc flu hosp,1,2026-01-24,42,quantile,0.35,2222.9535472325983
2026-01-17,wk inc flu hosp,1,2026-01-24,42,quantile,0.4,2357.003629238808
2026-01-17,wk inc flu hosp,1,2026-01-24,42,quantile,0.45,2508.456897605625
2026-01-17,wk inc flu hosp,1,2026-01-24,42,quantile,0.5,2652.3365548426777
2026-01-17,wk inc flu hosp,1,2026-01-24,42,quantile,0.55,2798.7773379626547
2026-01-17,wk inc flu hosp,1,2026-01-24,42,quantile,0.6,2962.719130240065
2026-01-17,wk inc flu hosp,1,2026-01-24,42,quantile,0.65,3163.517925112029
2026-01-17,wk inc flu hosp,1,2026-01-24,42,quantile,0.7,3388.4922492921023
2026-01-17,wk inc flu hosp,1,2026-01-24,42,quantile,0.75,3649.2100549277693
2026-01-17,wk inc flu hosp,1,2026-01-24,42,quantile,0.8,3946.9341607660363
2026-01-17,wk inc flu hosp,1,2026-01-24,42,quantile,0.85,4325.177878819106
2026-01-17,wk inc flu hosp,1,2026-01-24,42,quantile,0.9,4868.845876012734
2026-01-17,wk inc flu hosp,1,2026-01-24,42,quantile,0.95,5704.536632330935
2026-01-17,wk inc flu hosp,1,2026-01-24,42,quantile,0.975,6131.200247428317
2026-01-17,wk inc flu hosp,1,2026-01-24,42,quantile,0.99,7261.453261085066
2026-01-17,wk inc flu hosp,1,2026-01-24,44,quantile,0.01,17.088995548245336
2026-01-17,wk inc flu hosp,1,2026-01-24,44,quantile,0.025,23.2352258142853
2026-01-17,wk inc flu hosp,1,2026-01-24,44,quantile,0.05,30.73323347327068
2026-01-17,wk inc flu hosp,1,2026-01-24,44,quantile,0.1,42.747515571049355
2026-01-17,wk inc flu hosp,1,2026-01-24,44,quantile,0.15,52.850846933693475
2026-01-17,wk inc flu hosp,1,2026-01-24,44,quantile,0.2,62.137620597058316
2026-01-17,wk inc flu hosp,1,2026-01-24,44,quantile,0.25,70.96914639351279
2026-01-17,wk inc flu hosp,1,2026-01-24,44,quantile,0.3,79.54383565173993
2026-01-17,wk inc flu hosp,1,2026-01-24,44,quantile,0.35,87.34954563772433
2026-01-17,wk inc flu hosp,1,2026-01-24,44,quantile,0.4,95.89705976301518
2026-01-17,wk inc flu hosp,1,2026-01-24,44,quantile,0.45,105.3078579654647
2026-01-17,wk inc flu hosp,1,2026-01-24,44,quantile,0.5,116.19829465650696
2026-01-17,wk inc flu hosp,1,2026-01-24,44,quantile,0.55,126.25193842938765
2026-01-17,wk inc flu hosp,1,2026-01-24,44,quantile,0.6,137.0678533597573
2026-01-17,wk inc flu hosp,1,2026-01-24,44,quantile,0.65,153.74487531191792
2026-01-17,wk inc flu hosp,1,2026-01-24,44,quantile,0.7,175.0244534462262
2026-01-17,wk inc flu hosp,1,2026-01-24,44,quantile,0.75,202.93831822726676
2026-01-17,wk inc flu hosp,1,2026-01-24,44,quantile,0.8,243.976540218757
2026-01-17,wk inc flu hosp,1,2026-01-24,44,quantile,0.85,289.04987954779205
2026-01-17,wk inc flu hosp,1,2026-01-24,44,quantile,0.9,338.12398424503186
2026-01-17,wk inc flu hosp,1,2026-01-24,44,quantile,0.95,460.52273322754996
2026-01-17,wk inc flu hosp,1,2026-01-24,44,quantile,0.975,546.4737336020476
2026-01-17,wk inc flu hosp,1,2026-01-24,44,quantile,0.99,636.6764448081731
2026-01-17,wk inc flu hosp,1,2026-01-24,45,quantile,0.01,197.26498112173235
2026-01-17,wk inc flu hosp,1,2026-01-24,45,quantile,0.025,230.87860746177623
2026-01-17,wk inc flu hosp,1,2026-01-24,45,quantile,0.05,268.676401403658
2026-01-17,wk inc flu hosp,1,2026-01-24,45,quantile,0.1,319.0206048612314
2026-01-17,wk inc flu hosp,1,2026-01-24,45,quantile,0.15,358.693678442058
2026-01-17,wk inc flu hosp,1,2026-01-24,45,quantile,0.2,393.5047546192069
2026-01-17,wk inc flu hosp,1,2026-01-24,45,quantile,0.25,421.54393565475715
2026-01-17,wk inc flu hosp,1,2026-01-24,45,quantile,0.3,449.31938286354125
2026-01-17,wk inc flu hosp,1,2026-01-24,45,quantile,0.35,478.7187995465806
2026-01-17,wk inc flu hosp,1,2026-01-24,45,quantile,0.4,508.5959982829357
2026-01-17,wk inc flu hosp,1,2026-01-24,45,quantile,0.45,539.5298208400347
2026-01-17,wk inc flu hosp,1,2026-01-24,45,quantile,0.5,572.9578312175722
2026-01-17,wk inc flu hosp,1,2026-01-24,45,quantile,0.55,609.074633114887
2026-01-17,wk inc flu hosp,1,2026-01-24,45,quantile,0.6,649.4660559087096
2026-01-17,wk inc flu hosp,1,2026-01-24,45,quantile,0.65,696.5174616225842
2026-01-17,wk inc flu hosp,1,2026-01-24,45,quantile,0.7,752.7771708535362
2026-01-17,wk inc flu hosp,1,2026-01-24,45,quantile,0.75,823.6487283424572
2026-01-17,wk inc flu hosp,1,2026-01-24,45,quantile,0.8,918.8476666712618
2026-01-17,wk inc flu hosp,1,2026-01-24,45,quantile,0.85,1038.8086758085105
2026-01-17,wk inc flu hosp,1,2026-01-24,45,quantile,0.9,1244.8110364438942
2026-01-17,wk inc flu hosp,1,2026-01-24,45,quantile,0.95,1566.6359058944442
2026-01-17,wk inc flu hosp,1,2026-01-24,45,quantile,0.975,1917.6586142368783
2026-01-17,wk inc flu hosp,1,2026-01-24,45,quantile,0.99,2185.571352395922
2026-01-17,wk inc flu hosp,1,2026-01-24,46,quantile,0.01,14.075228021447165
2026-01-17,wk inc flu hosp,1,2026-01-24,46,quantile,0.025,18.948292670051636
2026-01-17,wk inc flu hosp,1,2026-01-24,46,quantile,0.05,24.092116698642677
2026-01-17,wk inc flu hosp,1,2026-01-24,46,quantile,0.1,31.761071589365876
2026-01-17,wk inc flu hosp,1,2026-01-24,46,quantile,0.15,36.4854177641292
2026-01-17,wk inc flu hosp,1,2026-01-24,46,quantile,0.2,41.31403894429339
2026-01-17,wk inc flu hosp,1,2026-01-24,46,quantile,0.25,45.9167581736113
2026-01-17,wk inc flu hosp,1,2026-01-24,46,quantile,0.3,50.1737712728747
2026-01-17,wk inc flu hosp,1,2026-01-24,46,quantile,0.35,53.87819371702528
2026-01-17,wk inc flu hosp,1,2026-01-24,46,quantile,0.4,58.124640763113
2026-01-17,wk inc flu hosp,1,2026-01-24,46,quantile,0.45,62.69481008409841
2026-01-17,wk inc flu hosp,1,2026-01-24,46,quantile,0.5,67.60973651286189
2026-01-17,wk inc flu hosp,1,2026-01-24,46,quantile,0.55,72.85726047438813
2026-01-17,wk inc flu hosp,1,2026-01-24,46,quantile,0.6,78.76151887545522
2026-01-17,wk inc flu hosp,1,2026-01-24,46,quantile,0.65,85.55441982515813
2026-01-17,wk inc flu hosp,1,2026-01-24,46,quantile,0.7,93.92468126407329
2026-01-17,wk inc flu hosp,1,2026-01-24,46,quantile,0.75,104.83350429169452
2026-01-17,wk inc flu hosp,1,2026-01-24,46,quantile,0.8,120.17152170725146
2026-01-17,wk inc flu hosp,1,2026-01-24,46,quantile,0.85,142.93595387148412
2026-01-17,wk inc flu hosp,1,2026-01-24,46,quantile,0.9,165.42915645823007
2026-01-17,wk inc flu hosp,1,2026-01-24,46,quantile,0.95,201.31224660803002
2026-01-17,wk inc flu hosp,1,2026-01-24,46,quantile,0.975,276.73115891461526
2026-01-17,wk inc flu hosp,1,2026-01-24,46,quantile,0.99,385.39814240646376
2026-01-17,wk inc flu hosp,1,2026-01-24,47,quantile,0.01,191.39834375972336
2026-01-17,wk inc flu hosp,1,2026-01-24,47,quantile,0.025,222.02588503316932
2026-01-17,wk inc flu hosp,1,2026-01-24,47,quantile,0.05,255.95023649925773
2026-01-17,wk inc flu hosp,1,2026-01-24,47,quantile,0.1,302.00345536343815
2026-01-17,wk inc flu hosp,1,2026-01-24,47,quantile,0.15,337.0814554075651
2026-01-17,wk inc flu hosp,1,2026-01-24,47,quantile,0.2,367.96595004373256
2026-01-17,wk inc flu hosp,1,2026-01-24,47,quantile,0.25,394.26434422669934
2026-01-17,wk inc flu hosp,1,2026-01-24,47,quantile,0.3,420.37829482864356
2026-01-17,wk inc flu hosp,1,2026-01-24,47,quantile,0.35,447.3167459131771
2026-01-17,wk inc flu hosp,1,2026-01-24,47,quantile,0.4,474.9481929431045
2026-01-17,wk inc flu hosp,1,2026-01-24,47,quantile,0.45,504.2442433412393
2026-01-17,wk inc flu hosp,1,2026-01-24,47,quantile,0.5,533.1845684323104
2026-01-17,wk inc flu hosp,1,2026-01-24,47,quantile,0.55,567.2771649295266
2026-01-17,wk inc flu hosp,1,2026-01-24,47,quantile,0.6,605.2302413963988
2026-01-17,wk inc flu hosp,1,2026-01-24,47,quantile,0.65,648.3490652295613
2026-01-17,wk inc flu hosp,1,2026-01-24,47,quantile,0.7,699.0627563093789
2026-01-17,wk inc flu hosp,1,2026-01-24,47,quantile,0.75,759.6148395585228
2026-01-17,wk inc flu hosp,1,2026-01-24,47,quantile,0.8,834.0840595614702
2026-01-17,wk inc flu hosp,1,2026-01-24,47,quantile,0.85,946.5221424259082
2026-01-17,wk inc flu hosp,1,2026-01-24,47,quantile,0.9,1107.6740078451023
2026-01-17,wk inc flu hosp,1,2026-01-24,47,quantile,0.95,1433.9328532860195
2026-01-17,wk inc flu hosp,1,2026-01-24,47,quantile,0.975,1842.478249896778
2026-01-17,wk inc flu hosp,1,2026-01-24,47,quantile,0.99,2241.570951464426
2026-01-17,wk inc flu hosp,1,2026-01-24,48,quantile,0.01,793.5633468647259
2026-01-17,wk inc flu hosp,1,2026-01-24,48,quantile,0.025,934.2235392578191
2026-01-17,wk inc flu hosp,1,2026-01-24,48,quantile,0.05,1062.371001746729
2026-01-17,wk inc flu hosp,1,2026-01-24,48,quantile,0.1,1301.3950084916944
2026-01-17,wk inc flu hosp,1,2026-01-24,48,quantile,0.15,1451.371002435072
2026-01-17,wk inc flu hosp,1,2026-01-24,48,quantile,0.2,1605.4172963501906
2026-01-17,wk inc flu hosp,1,2026-01-24,48,quantile,0.25,1753.7669053767654
2026-01-17,wk inc flu hosp,1,2026-01-24,48,quantile,0.3,1900.1375972333435
2026-01-17,wk inc flu hosp,1,2026-01-24,48,quantile,0.35,2039.7270473928331
2026-01-17,wk inc flu hosp,1,2026-01-24,48,quantile,0.4,2174.859049348796
2026-01-17,wk inc flu hosp,1,2026-01-24,48,quantile,0.45,2296.5737108620215
2026-01-17,wk inc flu hosp,1,2026-01-24,48,quantile,0.5,2430.7746872408816
2026-01-17,wk inc flu hosp,1,2026-01-24,48,quantile,0.55,2571.5900481993745
2026-01-17,wk inc flu hosp,1,2026-01-24,48,quantile,0.6,2727.1669287727477
2026-01-17,wk inc flu hosp,1,2026-01-24,48,quantile,0.65,2901.3792535388952
2026-01-17,wk inc flu hosp,1,2026-01-24,48,quantile,0.7,3085.8633631506323
2026-01-17,wk inc flu hosp,1,2026-01-24,48,quantile,0.75,3259.295050872196
2026-01-17,wk inc flu hosp,1,2026-01-24,48,quantile,0.8,3475.757717618734
2026-01-17,wk inc flu hosp,1,2026-01-24,48,quantile,0.85,3769.4180585755485
2026-01-17,wk inc flu hosp,1,2026-01-24,48,quantile,0.9,4208.4008312791375
2026-01-17,wk inc flu hosp,1,2026-01-24,48,quantile,0.95,4961.324709511645
2026-01-17,wk inc flu hosp,1,2026-01-24,48,quantile,0.975,5643.758668857398
2026-01-17,wk inc flu hosp,1,2026-01-24,48,quantile,0.99,6539.547269953152
2026-01-17,wk inc flu hosp,1,2026-01-24,49,quantile,0.01,33.551710603674046
2026-01-17,wk inc flu hosp,1,2026-01-24,49,quantile,0.025,48.726531506096535
2026-01-17,wk inc flu hosp,1,2026-01-24,49,quantile,0.05,59.6351864169622
2026-01-17,wk inc flu hosp,1,2026-01-24,49,quantile,0.1,76.11716813664906
2026-01-17,wk inc flu hosp,1,2026-01-24,49,quantile,0.15,88.56521323133441
2026-01-17,wk inc flu hosp,1,2026-01-24,49,quantile,0.2,98.97309585684431
2026-01-17,wk inc flu hosp,1,2026-01-24,49,quantile,0.25,108.48011149756783
2026-01-17,wk inc flu hosp,1,2026-01-24,49,quantile,0.3,117.60778449068002
2026-01-17,wk inc flu hosp,1,2026-01-24,49,quantile,0.35,126.63673886502869
2026-01-17,wk inc flu hosp,1,2026-01-24,49,quantile,0.4,135.8658388021647
2026-01-17,wk inc flu hosp,1,2026-01-24,49,quantile,0.45,143.7424802494978
2026-01-17,wk inc flu hosp,1,2026-01-24,49,quantile,0.5,151.99914770539831
2026-01-17,wk inc flu hosp,1,2026-01-24,49,quantile,0.55,161.93420872809196
2026-01-17,wk inc flu hosp,1,2026-01-24,49,quantile,0.6,173.39621028426393
2026-01-17,wk inc flu hosp,1,2026-01-24,49,quantile,0.65,186.0758151269773
2026-01-17,wk inc flu hosp,1,2026-01-24,49,quantile,0.7,198.5225897575155
2026-01-17,wk inc flu hosp,1,2026-01-24,49,quantile,0.75,217.7973204359621
2026-01-17,wk inc flu hosp,1,2026-01-24,49,quantile,0.8,244.14456928213633
2026-01-17,wk inc flu hosp,1,2026-01-24,49,quantile,0.85,285.4887275772465
2026-01-17,wk inc flu hosp,1,2026-01-24,49,quantile,0.9,341.5536346759945
2026-01-17,wk inc flu hosp,1,2026-01-24,49,quantile,0.95,436.02031130893613
2026-01-17,wk inc flu hosp,1,2026-01-24,49,quantile,0.975,554.9191896425245
2026-01-17,wk inc flu hosp,1,2026-01-24,49,quantile,0.99,623.8741452631473
2026-01-17,wk inc flu hosp,1,2026-01-24,50,quantile,0.01,6.898329012653806
2026-01-17,wk inc flu hosp,1,2026-01-24,50,quantile,0.025,8.140757226615777
2026-01-17,wk inc flu hosp,1,2026-01-24,50,quantile,0.05,11.272188499343397
2026-01-17,wk inc flu hosp,1,2026-01-24,50,quantile,0.1,17.05491978119569
2026-01-17,wk inc flu hosp,1,2026-01-24,50,quantile,0.15,22.048133415380974
2026-01-17,wk inc flu hosp,1,2026-01-24,50,quantile,0.2,26.59732623058172
2026-01-17,wk inc flu hosp,1,2026-01-24,50,quantile,0.25,30.96434127188898
2026-01-17,wk inc flu hosp,1,2026-01-24,50,quantile,0.3,35.18117097845454
2026-01-17,wk inc flu hosp,1,2026-01-24,50,quantile,0.35,39.24815732030423
2026-01-17,wk inc flu hosp,1,2026-01-24,50,quantile,0.4,43.08061090751263
2026-01-17,wk inc flu hosp,1,2026-01-24,50,quantile,0.45,46.727305001169455
2026-01-17,wk inc flu hosp,1,2026-01-24,50,quantile,0.5,51.29620445043134
2026-01-17,wk inc flu hosp,1,2026-01-24,50,quantile,0.55,56.41181147151843
2026-01-17,wk inc flu hosp,1,2026-01-24,50,quantile,0.6,62.22111492182274
2026-01-17,wk inc flu hosp,1,2026-01-24,50,quantile,0.65,69.08572084894645
2026-01-17,wk inc flu hosp,1,2026-01-24,50,quantile,0.7,77.5133723176604
2026-01-17,wk inc flu hosp,1,2026-01-24,50,quantile,0.75,88.04892320384816
2026-01-17,wk inc flu hosp,1,2026-01-24,50,quantile,0.8,100.59007703721178
2026-01-17,wk inc flu hosp,1,2026-01-24,50,quantile,0.85,118.79032257477543
2026-01-17,wk inc flu hosp,1,2026-01-24,50,quantile,0.9,142.19957290502236
2026-01-17,wk inc flu hosp,1,2026-01-24,50,quantile,0.95,176.4443117610614
2026-01-17,wk inc flu hosp,1,2026-01-24,50,quantile,0.975,230.28515635857653
2026-01-17,wk inc flu hosp,1,2026-01-24,50,quantile,0.99,308.85530659497346
2026-01-17,wk inc flu hosp,1,2026-01-24,51,quantile,0.01,332.47282514302276
2026-01-17,wk inc flu hosp,1,2026-01-24,51,quantile,0.025,372.93966315496
2026-01-17,wk inc flu hosp,1,2026-01-24,51,quantile,0.05,436.7221359441611
2026-01-17,wk inc flu hosp,1,2026-01-24,51,quantile,0.1,522.7745072656745
2026-01-17,wk inc flu hosp,1,2026-01-24,51,quantile,0.15,590.9833567959503
2026-01-17,wk inc flu hosp,1,2026-01-24,51,quantile,0.2,651.1398484459174
2026-01-17,wk inc flu hosp,1,2026-01-24,51,quantile,0.25,707.7453741869894
2026-01-17,wk inc flu hosp,1,2026-01-24,51,quantile,0.3,758.8230934125573
2026-01-17,wk inc flu hosp,1,2026-01-24,51,quantile,0.35,811.3686315421045
2026-01-17,wk inc flu hosp,1,2026-01-24,51,quantile,0.4,866.0396051614553
2026-01-17,wk inc flu hosp,1,2026-01-24,51,quantile,0.45,922.891627839318
2026-01-17,wk inc flu hosp,1,2026-01-24,51,quantile,0.5,981.4572469367345
2026-01-17,wk inc flu hosp,1,2026-01-24,51,quantile,0.55,1036.2038159160466
2026-01-17,wk inc flu hosp,1,2026-01-24,51,quantile,0.6,1086.8131383547666
2026-01-17,wk inc flu hosp,1,2026-01-24,51,quantile,0.65,1128.3092331116281
2026-01-17,wk inc flu hosp,1,2026-01-24,51,quantile,0.7,1187.5632029791232
2026-01-17,wk inc flu hosp,1,2026-01-24,51,quantile,0.75,1276.1560514722066
2026-01-17,wk inc flu hosp,1,2026-01-24,51,quantile,0.8,1391.797931509032
2026-01-17,wk inc flu hosp,1,2026-01-24,51,quantile,0.85,1546.2717974786026
2026-01-17,wk inc flu hosp,1,2026-01-24,51,quantile,0.9,1768.2751341934334
2026-01-17,wk inc flu hosp,1,2026-01-24,51,quantile,0.95,2038.3659570872742
2026-01-17,wk inc flu hosp,1,2026-01-24,51,quantile,0.975,2227.457374293714
2026-01-17,wk inc flu hosp,1,2026-01-24,51,quantile,0.99,2426.6647306809145
2026-01-17,wk inc flu hosp,1,2026-01-24,53,quantile,0.01,100.78040377417226
2026-01-17,wk inc flu hosp,1,2026-01-24,53,quantile,0.025,114.31150684349326
2026-01-17,wk inc flu hosp,1,2026-01-24,53,quantile,0.05,131.64623218003902
2026-01-17,wk inc flu hosp,1,2026-01-24,53,quantile,0.1,155.55727172101368
2026-01-17,wk inc flu hosp,1,2026-01-24,53,quantile,0.15,174.12700008101413
2026-01-17,wk inc flu hosp,1,2026-01-24,53,quantile,0.2,190.39430970323545
2026-01-17,wk inc flu hosp,1,2026-01-24,53,quantile,0.25,205.657064082638
2026-01-17,wk inc flu hosp,1,2026-01-24,53,quantile,0.3,220.58726055185275
2026-01-17,wk inc flu hosp,1,2026-01-24,53,quantile,0.35,235.64964425984383
2026-01-17,wk inc flu hosp,1,2026-01-24,53,quantile,0.4,250.15107080496261
2026-01-17,wk inc flu hosp,1,2026-01-24,53,quantile,0.45,265.14352337722784
2026-01-17,wk inc flu hosp,1,2026-01-24,53,quantile,0.5,277.68616613202033
2026-01-17,wk inc flu hosp,1,2026-01-24,53,quantile,0.55,294.45214863638665
2026-01-17,wk inc flu hosp,1,2026-01-24,53,quantile,0.6,310.8920498093354
2026-01-17,wk inc flu hosp,1,2026-01-24,53,quantile,0.65,327.10908424449303
2026-01-17,wk inc flu hosp,1,2026-01-24,53,quantile,0.7,340.15134232802177
2026-01-17,wk inc flu hosp,1,2026-01-24,53,quantile,0.75,361.2671145357533
2026-01-17,wk inc flu hosp,1,2026-01-24,53,quantile,0.8,392.8189084955579
2026-01-17,wk inc flu hosp,1,2026-01-24,53,quantile,0.85,433.8067374822497
2026-01-17,wk inc flu hosp,1,2026-01-24,53,quantile,0.9,493.9271819179536
2026-01-17,wk inc flu hosp,1,2026-01-24,53,quantile,0.95,586.1751604870334
2026-01-17,wk inc flu hosp,1,2026-01-24,53,quantile,0.975,672.0425794026667
2026-01-17,wk inc flu hosp,1,2026-01-24,53,quantile,0.99,771.414649414921
2026-01-17,wk inc flu hosp,1,2026-01-24,54,quantile,0.01,45.453108111273004
2026-01-17,wk inc flu hosp,1,2026-01-24,54,quantile,0.025,61.34670440376417
2026-01-17,wk inc flu hosp,1,2026-01-24,54,quantile,0.05,84.88809326495199
2026-01-17,wk inc flu hosp,1,2026-01-24,54,quantile,0.1,117.32246808556359
2026-01-17,wk inc flu hosp,1,2026-01-24,54,quantile,0.15,141.78197202543763
2026-01-17,wk inc flu hosp,1,2026-01-24,54,quantile,0.2,163.3282964345409
2026-01-17,wk inc flu hosp,1,2026-01-24,54,quantile,0.25,175.89654583241978
2026-01-17,wk inc flu hosp,1,2026-01-24,54,quantile,0.3,193.55324459120058
2026-01-17,wk inc flu hosp,1,2026-01-24,54,quantile,0.35,211.90578266649246
2026-01-17,wk inc flu hosp,1,2026-01-24,54,quantile,0.4,230.25634808709952
2026-01-17,wk inc flu hosp,1,2026-01-24,54,quantile,0.45,249.4482251149026
2026-01-17,wk inc flu hosp,1,2026-01-24,54,quantile,0.5,270.4418961319757
2026-01-17,wk inc flu hosp,1,2026-01-24,54,quantile,0.55,294.10532791582335
2026-01-17,wk inc flu hosp,1,2026-01-24,54,quantile,0.6,321.65272616981724
2026-01-17,wk inc flu hosp,1,2026-01-24,54,quantile,0.65,354.71830770824175
2026-01-17,wk inc flu hosp,1,2026-01-24,54,quantile,0.7,396.61904871192365
2026-01-17,wk inc flu hosp,1,2026-01-24,54,quantile,0.75,446.57238878817077
2026-01-17,wk inc flu hosp,1,2026-01-24,54,quantile,0.8,490.84937073707096
2026-01-17,wk inc flu hosp,1,2026-01-24,54,quantile,0.85,574.5891348372363
2026-01-17,wk inc flu hosp,1,2026-01-24,54,quantile,0.9,687.8086518747955
2026-01-17,wk inc flu hosp,1,2026-01-24,54,quantile,0.95,876.4013033780889
2026-01-17,wk inc flu hosp,1,2026-01-24,54,quantile,0.975,1131.9748710442811
2026-01-17,wk inc flu hosp,1,2026-01-24,54,quantile,0.99,1542.410600767266
2026-01-17,wk inc flu hosp,1,2026-01-24,55,quantile,0.01,214.44255581337103
2026-01-17,wk inc flu hosp,1,2026-01-24,55,quantile,0.025,255.5573448250262
2026-01-17,wk inc flu hosp,1,2026-01-24,55,quantile,0.05,292.43885801166437
2026-01-17,wk inc flu hosp,1,2026-01-24,55,quantile,0.1,344.25021191906023
2026-01-17,wk inc flu hosp,1,2026-01-24,55,quantile,0.15,383.93206371365164
2026-01-17,wk inc flu hosp,1,2026-01-24,55,quantile,0.2,419.84561243311555
2026-01-17,wk inc flu hosp,1,2026-01-24,55,quantile,0.25,453.4149969369274
2026-01-17,wk inc flu hosp,1,2026-01-24,55,quantile,0.3,486.03089676501264
2026-01-17,wk inc flu hosp,1,2026-01-24,55,quantile,0.35,518.8686583862707
2026-01-17,wk inc flu hosp,1,2026-01-24,55,quantile,0.4,552.6335290248398
2026-01-17,wk inc flu hosp,1,2026-01-24,55,quantile,0.45,588.1578848730644
2026-01-17,wk inc flu hosp,1,2026-01-24,55,quantile,0.5,626.4342397551897
2026-01-17,wk inc flu hosp,1,2026-01-24,55,quantile,0.55,668.8288231382296
2026-01-17,wk inc flu hosp,1,2026-01-24,55,quantile,0.6,706.3343861134333
2026-01-17,wk inc flu hosp,1,2026-01-24,55,quantile,0.65,752.373328498301
2026-01-17,wk inc flu hosp,1,2026-01-24,55,quantile,0.7,812.482947312228
2026-01-17,wk inc flu hosp,1,2026-01-24,55,quantile,0.75,887.0090685389138
2026-01-17,wk inc flu hosp,1,2026-01-24,55,quantile,0.8,984.2347398335122
2026-01-17,wk inc flu hosp,1,2026-01-24,55,quantile,0.85,1130.4934073306144
2026-01-17,wk inc flu hosp,1,2026-01-24,55,quantile,0.9,1456.6396097825243
2026-01-17,wk inc flu hosp,1,2026-01-24,55,quantile,0.95,2164.0164424486206
2026-01-17,wk inc flu hosp,1,2026-01-24,55,quantile,0.975,2272.8178144167205
2026-01-17,wk inc flu hosp,1,2026-01-24,55,quantile,0.99,2636.0992108318787
2026-01-17,wk inc flu hosp,1,2026-01-24,56,quantile,0.01,13.064693440333027
2026-01-17,wk inc flu hosp,1,2026-01-24,56,quantile,0.025,16.734680998551884
2026-01-17,wk inc flu hosp,1,2026-01-24,56,quantile,0.05,22.53598276187641
2026-01-17,wk inc flu hosp,1,2026-01-24,56,quantile,0.1,30.951860774362924
2026-01-17,wk inc flu hosp,1,2026-01-24,56,quantile,0.15,39.098919835434955
2026-01-17,wk inc flu hosp,1,2026-01-24,56,quantile,0.2,45.15280849353618
2026-01-17,wk inc flu hosp,1,2026-01-24,56,quantile,0.25,51.06841907686589
2026-01-17,wk inc flu hosp,1,2026-01-24,56,quantile,0.3,57.055896477630526
2026-01-17,wk inc flu hosp,1,2026-01-24,56,quantile,0.35,63.22153445286775
2026-01-17,wk inc flu hosp,1,2026-01-24,56,quantile,0.4,70.09160574763764
2026-01-17,wk inc flu hosp,1,2026-01-24,56,quantile,0.45,77.09048348717677
2026-01-17,wk inc flu hosp,1,2026-01-24,56,quantile,0.5,83.35415499004561
2026-01-17,wk inc flu hosp,1,2026-01-24,56,quantile,0.55,90.75350982845276
2026-01-17,wk inc flu hosp,1,2026-01-24,56,quantile,0.6,99.54721906893083
2026-01-17,wk inc flu hosp,1,2026-01-24,56,quantile,0.65,108.14328838850122
2026-01-17,wk inc flu hosp,1,2026-01-24,56,quantile,0.7,117.65289499534305
2026-01-17,wk inc flu hosp,1,2026-01-24,56,quantile,0.75,132.64865701199201
2026-01-17,wk inc flu hosp,1,2026-01-24,56,quantile,0.8,152.20179035844123
2026-01-17,wk inc flu hosp,1,2026-01-24,56,quantile,0.85,179.37449469423277
2026-01-17,wk inc flu hosp,1,2026-01-24,56,quantile,0.9,216.04930261570536
2026-01-17,wk inc flu hosp,1,2026-01-24,56,quantile,0.95,288.357917087755
2026-01-17,wk inc flu hosp,1,2026-01-24,56,quantile,0.975,372.9095896767744
2026-01-17,wk inc flu hosp,1,2026-01-24,56,quantile,0.99,485.0230028169508
2026-01-17,wk inc flu hosp,1,2026-01-24,72,quantile,0.01,119.57198640703848
2026-01-17,wk inc flu hosp,1,2026-01-24,72,quantile,0.025,140.9372547685333
2026-01-17,wk inc flu hosp,1,2026-01-24,72,quantile,0.05,163.7436398037751
2026-01-17,wk inc flu hosp,1,2026-01-24,72,quantile,0.1,194.77521440336258
2026-01-17,wk inc flu hosp,1,2026-01-24,72,quantile,0.15,213.19028138998812
2026-01-17,wk inc flu hosp,1,2026-01-24,72,quantile,0.2,231.45045156699445
2026-01-17,wk inc flu hosp,1,2026-01-24,72,quantile,0.25,250.56759277852836
2026-01-17,wk inc flu hosp,1,2026-01-24,72,quantile,0.3,269.1517395168807
2026-01-17,wk inc flu hosp,1,2026-01-24,72,quantile,0.35,287.7965805984384
2026-01-17,wk inc flu hosp,1,2026-01-24,72,quantile,0.4,306.686793307848
2026-01-17,wk inc flu hosp,1,2026-01-24,72,quantile,0.45,326.16855527789073
2026-01-17,wk inc flu hosp,1,2026-01-24,72,quantile,0.5,346.73528396545026
2026-01-17,wk inc flu hosp,1,2026-01-24,72,quantile,0.55,366.87654624706306
2026-01-17,wk inc flu hosp,1,2026-01-24,72,quantile,0.6,389.9194560279316
2026-01-17,wk inc flu hosp,1,2026-01-24,72,quantile,0.65,410.1325856302237
2026-01-17,wk inc flu hosp,1,2026-01-24,72,quantile,0.7,432.63853165152045
2026-01-17,wk inc flu hosp,1,2026-01-24,72,quantile,0.75,464.2819285158332
2026-01-17,wk inc flu hosp,1,2026-01-24,72,quantile,0.8,504.23693927741266
2026-01-17,wk inc flu hosp,1,2026-01-24,72,quantile,0.85,550.7423807781975
2026-01-17,wk inc flu hosp,1,2026-01-24,72,quantile,0.9,599.3086093838103
2026-01-17,wk inc flu hosp,1,2026-01-24,72,quantile,0.95,687.4866431439418
2026-01-17,wk inc flu hosp,1,2026-01-24,72,quantile,0.975,795.5774388793227
2026-01-17,wk inc flu hosp,1,2026-01-24,72,quantile,0.99,921.2100444307548
2026-01-17,wk inc flu hosp,1,2026-01-24,US,quantile,0.01,13503.312349179718
2026-01-17,wk inc flu hosp,1,2026-01-24,US,quantile,0.025,15543.329171070862
2026-01-17,wk inc flu hosp,1,2026-01-24,US,quantile,0.05,17971.829097984526
2026-01-17,wk inc flu hosp,1,2026-01-24,US,quantile,0.1,20926.95573784778
2026-01-17,wk inc flu hosp,1,2026-01-24,US,quantile,0.15,23412.021735668957
2026-01-17,wk inc flu hosp,1,2026-01-24,US,quantile,0.2,25670.934877844036
2026-01-17,wk inc flu hosp,1,2026-01-24,US,quantile,0.25,27764.11112812357
2026-01-17,wk inc flu hosp,1,2026-01-24,US,quantile,0.3,29783.61219657159
2026-01-17,wk inc flu hosp,1,2026-01-24,US,quantile,0.35,31791.02232114695
2026-01-17,wk inc flu hosp,1,2026-01-24,US,quantile,0.4,33555.13531384038
2026-01-17,wk inc flu hosp,1,2026-01-24,US,quantile,0.45,35586.35543739
2026-01-17,wk inc flu hosp,1,2026-01-24,US,quantile,0.5,37696.937100158735
2026-01-17,wk inc flu hosp,1,2026-01-24,US,quantile,0.55,39916.06694317532
2026-01-17,wk inc flu hosp,1,2026-01-24,US,quantile,0.6,42358.39701116254
2026-01-17,wk inc flu hosp,1,2026-01-24,US,quantile,0.65,44965.92045461025
2026-01-17,wk inc flu hosp,1,2026-01-24,US,quantile,0.7,48256.12924675725
2026-01-17,wk inc flu hosp,1,2026-01-24,US,quantile,0.75,52359.47389968888
2026-01-17,wk inc flu hosp,1,2026-01-24,US,quantile,0.8,57276.40549820608
2026-01-17,wk inc flu hosp,1,2026-01-24,US,quantile,0.85,61238.40022913852
2026-01-17,wk inc flu hosp,1,2026-01-24,US,quantile,0.9,65699.18170964674
2026-01-17,wk inc flu hosp,1,2026-01-24,US,quantile,0.95,76452.71356804493
2026-01-17,wk inc flu hosp,1,2026-01-24,US,quantile,0.975,88303.9919816549
2026-01-17,wk inc flu hosp,1,2026-01-24,US,quantile,0.99,101270.6133492601
2026-01-17,wk inc flu hosp,2,2026-01-31,01,quantile,0.01,144.80211904994488
2026-01-17,wk inc flu hosp,2,2026-01-31,01,quantile,0.025,176.58081825713032
2026-01-17,wk inc flu hosp,2,2026-01-31,01,quantile,0.05,204.8877758734294
2026-01-17,wk inc flu hosp,2,2026-01-31,01,quantile,0.1,248.86411264425874
2026-01-17,wk inc flu hosp,2,2026-01-31,01,quantile,0.15,283.9733989941269
2026-01-17,wk inc flu hosp,2,2026-01-31,01,quantile,0.2,315.3259944883338
2026-01-17,wk inc flu hosp,2,2026-01-31,01,quantile,0.25,345.0707161501355
2026-01-17,wk inc flu hosp,2,2026-01-31,01,quantile,0.3,373.89963988307073
2026-01-17,wk inc flu hosp,2,2026-01-31,01,quantile,0.35,402.87219268307274
2026-01-17,wk inc flu hosp,2,2026-01-31,01,quantile,0.4,432.57466513357474
2026-01-17,wk inc flu hosp,2,2026-01-31,01,quantile,0.45,463.7634341952527
2026-01-17,wk inc flu hosp,2,2026-01-31,01,quantile,0.5,497.34860235882087
2026-01-17,wk inc flu hosp,2,2026-01-31,01,quantile,0.55,532.9198602928316
2026-01-17,wk inc flu hosp,2,2026-01-31,01,quantile,0.6,558.4904366711858
2026-01-17,wk inc flu hosp,2,2026-01-31,01,quantile,0.65,596.5977284011826
2026-01-17,wk inc flu hosp,2,2026-01-31,01,quantile,0.7,645.4621430463917
2026-01-17,wk inc flu hosp,2,2026-01-31,01,quantile,0.75,695.7091038159804
2026-01-17,wk inc flu hosp,2,2026-01-31,01,quantile,0.8,768.4685132899267
2026-01-17,wk inc flu hosp,2,2026-01-31,01,quantile,0.85,861.9083868822638
2026-01-17,wk inc flu hosp,2,2026-01-31,01,quantile,0.9,984.4701859938525
2026-01-17,wk inc flu hosp,2,2026-01-31,01,quantile,0.95,1222.5635842019922
2026-01-17,wk inc flu hosp,2,2026-01-31,01,quantile,0.975,1417.2052123709057
2026-01-17,wk inc flu hosp,2,2026-01-31,01,quantile,0.99,1663.7997689193005
2026-01-17,wk inc flu hosp,2,2026-01-31,02,quantile,0.01,3.6291533749191887
2026-01-17,wk inc flu hosp,2,2026-01-31,02,quantile,0.025,5.243708222297271
2026-01-17,wk inc flu hosp,2,2026-01-31,02,quantile,0.05,7.187452631397571
2026-01-17,wk inc flu hosp,2,2026-01-31,02,quantile,0.1,10.297020057752267
2026-01-17,wk inc flu hosp,2,2026-01-31,02,quantile,0.15,13.081010429740402
2026-01-17,wk inc flu hosp,2,2026-01-31,02,quantile,0.2,15.143951641995107
2026-01-17,wk inc flu hosp,2,2026-01-31,02,quantile,0.25,17.257675993402056
2026-01-17,wk inc flu hosp,2,2026-01-31,02,quantile,0.3,19.48200824456131
2026-01-17,wk inc flu hosp,2,2026-01-31,02,quantile,0.35,21.729707499651948
2026-01-17,wk inc flu hosp,2,2026-01-31,02,quantile,0.4,24.19003856621606
2026-01-17,wk inc flu hosp,2,2026-01-31,02,quantile,0.45,26.77482066232848
2026-01-17,wk inc flu hosp,2,2026-01-31,02,quantile,0.5,29.537998337575775
2026-01-17,wk inc flu hosp,2,2026-01-31,02,quantile,0.55,32.622864769707604
2026-01-17,wk inc flu hosp,2,2026-01-31,02,quantile,0.6,36.176913118304235
2026-01-17,wk inc flu hosp,2,2026-01-31,02,quantile,0.65,40.44127311660215
2026-01-17,wk inc flu hosp,2,2026-01-31,02,quantile,0.7,45.269824325168265
2026-01-17,wk inc flu hosp,2,2026-01-31,02,quantile,0.75,51.819489819534525
2026-01-17,wk inc flu hosp,2,2026-01-31,02,quantile,0.8,59.150619488292655
2026-01-17,wk inc flu hosp,2,2026-01-31,02,quantile,0.85,70.2606884024125
2026-01-17,wk inc flu hosp,2,2026-01-31,02,quantile,0.9,87.4423313272694
2026-01-17,wk inc flu hosp,2,2026-01-31,02,quantile,0.95,124.6150410395786
2026-01-17,wk inc flu hosp,2,2026-01-31,02,quantile,0.975,171.1336089614121
2026-01-17,wk inc flu hosp,2,2026-01-31,02,quantile,0.99,195.7631385816171
2026-01-17,wk inc flu hosp,2,2026-01-31,04,quantile,0.01,44.4913931144848
2026-01-17,wk inc flu hosp,2,2026-01-31,04,quantile,0.025,70.94513325150379
2026-01-17,wk inc flu hosp,2,2026-01-31,04,quantile,0.05,88.41062465782566
2026-01-17,wk inc flu hosp,2,2026-01-31,04,quantile,0.1,111.45900062746311
2026-01-17,wk inc flu hosp,2,2026-01-31,04,quantile,0.15,128.81467142828168
2026-01-17,wk inc flu hosp,2,2026-01-31,04,quantile,0.2,144.23001820963228
2026-01-17,wk inc flu hosp,2,2026-01-31,04,quantile,0.25,157.99986194480553
2026-01-17,wk inc flu hosp,2,2026-01-31,04,quantile,0.3,171.15917612882055
2026-01-17,wk inc flu hosp,2,2026-01-31,04,quantile,0.35,184.50256039784088
2026-01-17,wk inc flu hosp,2,2026-01-31,04,quantile,0.4,198.49891045305912
2026-01-17,wk inc flu hosp,2,2026-01-31,04,quantile,0.45,213.26643604041874
2026-01-17,wk inc flu hosp,2,2026-01-31,04,quantile,0.5,228.92988150135085
2026-01-17,wk inc flu hosp,2,2026-01-31,04,quantile,0.55,245.8443608499599
2026-01-17,wk inc flu hosp,2,2026-01-31,04,quantile,0.6,264.451052548736
2026-01-17,wk inc flu hosp,2,2026-01-31,04,quantile,0.65,285.6062324773324
2026-01-17,wk inc flu hosp,2,2026-01-31,04,quantile,0.7,309.5232451401149
2026-01-17,wk inc flu hosp,2,2026-01-31,04,quantile,0.75,334.55811112671677
2026-01-17,wk inc flu hosp,2,2026-01-31,04,quantile,0.8,364.71714226312866
2026-01-17,wk inc flu hosp,2,2026-01-31,04,quantile,0.85,393.16167528292254
2026-01-17,wk inc flu hosp,2,2026-01-31,04,quantile,0.9,448.50844263720745
2026-01-17,wk inc flu hosp,2,2026-01-31,04,quantile,0.95,572.3724931269979
2026-01-17,wk inc flu hosp,2,2026-01-31,04,quantile,0.975,765.2008160913185
2026-01-17,wk inc flu hosp,2,2026-01-31,04,quantile,0.99,855.3237839976749
2026-01-17,wk inc flu hosp,2,2026-01-31,05,quantile,0.01,59.524384538643474
2026-01-17,wk inc flu hosp,2,2026-01-31,05,quantile,0.025,74.37175655397938
2026-01-17,wk inc flu hosp,2,2026-01-31,05,quantile,0.05,93.13517269255759
2026-01-17,wk inc flu hosp,2,2026-01-31,05,quantile,0.1,121.8462938651265
2026-01-17,wk inc flu hosp,2,2026-01-31,05,quantile,0.15,147.5294899096962
2026-01-17,wk inc flu hosp,2,2026-01-31,05,quantile,0.2,173.296315092841
2026-01-17,wk inc flu hosp,2,2026-01-31,05,quantile,0.25,197.30969478252348
2026-01-17,wk inc flu hosp,2,2026-01-31,05,quantile,0.3,219.30891874138902
2026-01-17,wk inc flu hosp,2,2026-01-31,05,quantile,0.35,241.02897000729533
2026-01-17,wk inc flu hosp,2,2026-01-31,05,quantile,0.4,268.29707894774225
2026-01-17,wk inc flu hosp,2,2026-01-31,05,quantile,0.45,298.5948428252297
2026-01-17,wk inc flu hosp,2,2026-01-31,05,quantile,0.5,331.8384320868325
2026-01-17,wk inc flu hosp,2,2026-01-31,05,quantile,0.55,368.2124715369757
2026-01-17,wk inc flu hosp,2,2026-01-31,05,quantile,0.6,407.4429655077242
2026-01-17,wk inc flu hosp,2,2026-01-31,05,quantile,0.65,446.4241762433216
2026-01-17,wk inc flu hosp,2,2026-01-31,05,quantile,0.7,491.54653755186763
2026-01-17,wk inc flu hosp,2,2026-01-31,05,quantile,0.75,537.2171908233374
2026-01-17,wk inc flu hosp,2,2026-01-31,05,quantile,0.8,599.2628346773524
2026-01-17,wk inc flu hosp,2,2026-01-31,05,quantile,0.85,690.6246925133942
2026-01-17,wk inc flu hosp,2,2026-01-31,05,quantile,0.9,844.3163987498351
2026-01-17,wk inc flu hosp,2,2026-01-31,05,quantile,0.95,1164.0207870265258
2026-01-17,wk inc flu hosp,2,2026-01-31,05,quantile,0.975,1453.033915223778
2026-01-17,wk inc flu hosp,2,2026-01-31,05,quantile,0.99,1832.1264934138799
2026-01-17,wk inc flu hosp,2,2026-01-31,06,quantile,0.01,587.1209543081442
2026-01-17,wk inc flu hosp,2,2026-01-31,06,quantile,0.025,693.2509887336307
2026-01-17,wk inc flu hosp,2,2026-01-31,06,quantile,0.05,810.1294350013035
2026-01-17,wk inc flu hosp,2,2026-01-31,06,quantile,0.1,970.9120650249355
2026-01-17,wk inc flu hosp,2,2026-01-31,06,quantile,0.15,1093.936731186008
2026-01-17,wk inc flu hosp,2,2026-01-31,06,quantile,0.2,1198.0315397267996
2026-01-17,wk inc flu hosp,2,2026-01-31,06,quantile,0.25,1292.4431276870287
2026-01-17,wk inc flu hosp,2,2026-01-31,06,quantile,0.3,1380.7246971309357
2026-01-17,wk inc flu hosp,2,2026-01-31,06,quantile,0.35,1467.4975733372262
2026-01-17,wk inc flu hosp,2,2026-01-31,06,quantile,0.4,1553.215499207351
2026-01-17,wk inc flu hosp,2,2026-01-31,06,quantile,0.45,1644.1513222091146
2026-01-17,wk inc flu hosp,2,2026-01-31,06,quantile,0.5,1742.1232640851008
2026-01-17,wk inc flu hosp,2,2026-01-31,06,quantile,0.55,1848.083278628619
2026-01-17,wk inc flu hosp,2,2026-01-31,06,quantile,0.6,1962.4810421931231
2026-01-17,wk inc flu hosp,2,2026-01-31,06,quantile,0.65,2085.833564128614
2026-01-17,wk inc flu hosp,2,2026-01-31,06,quantile,0.7,2217.144861802474
2026-01-17,wk inc flu hosp,2,2026-01-31,06,quantile,0.75,2344.697086582235
2026-01-17,wk inc flu hosp,2,2026-01-31,06,quantile,0.8,2555.298434726886
2026-01-17,wk inc flu hosp,2,2026-01-31,06,quantile,0.85,2829.032086536037
2026-01-17,wk inc flu hosp,2,2026-01-31,06,quantile,0.9,3169.1299571306663
2026-01-17,wk inc flu hosp,2,2026-01-31,06,quantile,0.95,3829.2418969834303
2026-01-17,wk inc flu hosp,2,2026-01-31,06,quantile,0.975,4649.994960427412
2026-01-17,wk inc flu hosp,2,2026-01-31,06,quantile,0.99,5671.36159263403
2026-01-17,wk inc flu hosp,2,2026-01-31,08,quantile,0.01,127.93197718313381
2026-01-17,wk inc flu hosp,2,2026-01-31,08,quantile,0.025,151.97288016050746
2026-01-17,wk inc flu hosp,2,2026-01-31,08,quantile,0.05,174.05372162415395
2026-01-17,wk inc flu hosp,2,2026-01-31,08,quantile,0.1,206.6827875505171
2026-01-17,wk inc flu hosp,2,2026-01-31,08,quantile,0.15,231.80317215164902
2026-01-17,wk inc flu hosp,2,2026-01-31,08,quantile,0.2,253.93851051389709
2026-01-17,wk inc flu hosp,2,2026-01-31,08,quantile,0.25,274.5725926288024
2026-01-17,wk inc flu hosp,2,2026-01-31,08,quantile,0.3,294.7014150213357
2026-01-17,wk inc flu hosp,2,2026-01-31,08,quantile,0.35,314.9873940196832
2026-01-17,wk inc flu hosp,2,2026-01-31,08,quantile,0.4,335.9312990507669
2026-01-17,wk inc flu hosp,2,2026-01-31,08,quantile,0.45,358.06707987251457
2026-01-17,wk inc flu hosp,2,2026-01-31,08,quantile,0.5,381.97725338289604
2026-01-17,wk inc flu hosp,2,2026-01-31,08,quantile,0.55,408.61076649869807
2026-01-17,wk inc flu hosp,2,2026-01-31,08,quantile,0.6,439.15796644578194
2026-01-17,wk inc flu hosp,2,2026-01-31,08,quantile,0.65,468.86994258687355
2026-01-17,wk inc flu hosp,2,2026-01-31,08,quantile,0.7,507.50156295266527
2026-01-17,wk inc flu hosp,2,2026-01-31,08,quantile,0.75,551.7860300807736
2026-01-17,wk inc flu hosp,2,2026-01-31,08,quantile,0.8,620.1360167149865
2026-01-17,wk inc flu hosp,2,2026-01-31,08,quantile,0.85,740.5059593380192
2026-01-17,wk inc flu hosp,2,2026-01-31,08,quantile,0.9,980.2607845560987
2026-01-17,wk inc flu hosp,2,2026-01-31,08,quantile,0.95,1465.4805335306226
2026-01-17,wk inc flu hosp,2,2026-01-31,08,quantile,0.975,1603.3158417667544
2026-01-17,wk inc flu hosp,2,2026-01-31,08,quantile,0.99,1739.7876866834013
2026-01-17,wk inc flu hosp,2,2026-01-31,09,quantile,0.01,47.08767436180797
2026-01-17,wk inc flu hosp,2,2026-01-31,09,quantile,0.025,64.28719294039537
2026-01-17,wk inc flu hosp,2,2026-01-31,09,quantile,0.05,81.62104058812994
2026-01-17,wk inc flu hosp,2,2026-01-31,09,quantile,0.1,107.08581591346292
2026-01-17,wk inc flu hosp,2,2026-01-31,09,quantile,0.15,126.74556923468516
2026-01-17,wk inc flu hosp,2,2026-01-31,09,quantile,0.2,144.24593579880496
2026-01-17,wk inc flu hosp,2,2026-01-31,09,quantile,0.25,160.6616266359544
2026-01-17,wk inc flu hosp,2,2026-01-31,09,quantile,0.3,176.35136283410225
2026-01-17,wk inc flu hosp,2,2026-01-31,09,quantile,0.35,192.94198684640568
2026-01-17,wk inc flu hosp,2,2026-01-31,09,quantile,0.4,210.62315970258598
2026-01-17,wk inc flu hosp,2,2026-01-31,09,quantile,0.45,230.24397435808842
2026-01-17,wk inc flu hosp,2,2026-01-31,09,quantile,0.5,252.8586701771835
2026-01-17,wk inc flu hosp,2,2026-01-31,09,quantile,0.55,280.00527348966256
2026-01-17,wk inc flu hosp,2,2026-01-31,09,quantile,0.6,314.2123133422494
2026-01-17,wk inc flu hosp,2,2026-01-31,09,quantile,0.65,358.3754737663072
2026-01-17,wk inc flu hosp,2,2026-01-31,09,quantile,0.7,408.60416398192467
2026-01-17,wk inc flu hosp,2,2026-01-31,09,quantile,0.75,453.560986700569
2026-01-17,wk inc flu hosp,2,2026-01-31,09,quantile,0.8,546.5462652208172
2026-01-17,wk inc flu hosp,2,2026-01-31,09,quantile,0.85,655.4285638273426
2026-01-17,wk inc flu hosp,2,2026-01-31,09,quantile,0.9,808.6666639013
2026-01-17,wk inc flu hosp,2,2026-01-31,09,quantile,0.95,1035.6431854709745
2026-01-17,wk inc flu hosp,2,2026-01-31,09,quantile,0.975,1216.6471213192401
2026-01-17,wk inc flu hosp,2,2026-01-31,09,quantile,0.99,1225.200868273201
2026-01-17,wk inc flu hosp,2,2026-01-31,10,quantile,0.01,28.679134620400113
2026-01-17,wk inc flu hosp,2,2026-01-31,10,quantile,0.025,37.338183895309065
2026-01-17,wk inc flu hosp,2,2026-01-31,10,quantile,0.05,49.50287821506239
2026-01-17,wk inc flu hosp,2,2026-01-31,10,quantile,0.1,68.68027600405665
2026-01-17,wk inc flu hosp,2,2026-01-31,10,quantile,0.15,85.38476078164075
2026-01-17,wk inc flu hosp,2,2026-01-31,10,quantile,0.2,101.13323880134189
2026-01-17,wk inc flu hosp,2,2026-01-31,10,quantile,0.25,116.22622618659493
2026-01-17,wk inc flu hosp,2,2026-01-31,10,quantile,0.3,130.9432145672536
2026-01-17,wk inc flu hosp,2,2026-01-31,10,quantile,0.35,145.71138911354223
2026-01-17,wk inc flu hosp,2,2026-01-31,10,quantile,0.4,161.04419120889193
2026-01-17,wk inc flu hosp,2,2026-01-31,10,quantile,0.45,177.5650880404917
2026-01-17,wk inc flu hosp,2,2026-01-31,10,quantile,0.5,194.95374896264207
2026-01-17,wk inc flu hosp,2,2026-01-31,10,quantile,0.55,211.99463081300183
2026-01-17,wk inc flu hosp,2,2026-01-31,10,quantile,0.6,235.06171793011498
2026-01-17,wk inc flu hosp,2,2026-01-31,10,quantile,0.65,263.3323816527434
2026-01-17,wk inc flu hosp,2,2026-01-31,10,quantile,0.7,291.72086041141176
2026-01-17,wk inc flu hosp,2,2026-01-31,10,quantile,0.75,332.1375802002123
2026-01-17,wk inc flu hosp,2,2026-01-31,10,quantile,0.8,392.0572094399736
2026-01-17,wk inc flu hosp,2,2026-01-31,10,quantile,0.85,486.05152404285695
2026-01-17,wk inc flu hosp,2,2026-01-31,10,quantile,0.9,585.3817006441141
2026-01-17,wk inc flu hosp,2,2026-01-31,10,quantile,0.95,681.5543290575109
2026-01-17,wk inc flu hosp,2,2026-01-31,10,quantile,0.975,773.8951887166819
2026-01-17,wk inc flu hosp,2,2026-01-31,10,quantile,0.99,1047.4866150831808
2026-01-17,wk inc flu hosp,2,2026-01-31,11,quantile,0.01,13.763687743339391
2026-01-17,wk inc flu hosp,2,2026-01-31,11,quantile,0.025,18.35258210771762
2026-01-17,wk inc flu hosp,2,2026-01-31,11,quantile,0.05,24.50740888862979
2026-01-17,wk inc flu hosp,2,2026-01-31,11,quantile,0.1,34.27257059746835
2026-01-17,wk inc flu hosp,2,2026-01-31,11,quantile,0.15,43.063574171525815
2026-01-17,wk inc flu hosp,2,2026-01-31,11,quantile,0.2,51.73966110657113
2026-01-17,wk inc flu hosp,2,2026-01-31,11,quantile,0.25,60.75001600231724
2026-01-17,wk inc flu hosp,2,2026-01-31,11,quantile,0.3,70.02096880777465
2026-01-17,wk inc flu hosp,2,2026-01-31,11,quantile,0.35,79.9397275161208
2026-01-17,wk inc flu hosp,2,2026-01-31,11,quantile,0.4,90.3400208006784
2026-01-17,wk inc flu hosp,2,2026-01-31,11,quantile,0.45,101.21873032043443
2026-01-17,wk inc flu hosp,2,2026-01-31,11,quantile,0.5,110.82118688285502
2026-01-17,wk inc flu hosp,2,2026-01-31,11,quantile,0.55,121.03958655590998
2026-01-17,wk inc flu hosp,2,2026-01-31,11,quantile,0.6,131.94010139745876
2026-01-17,wk inc flu hosp,2,2026-01-31,11,quantile,0.65,146.10470040855787
2026-01-17,wk inc flu hosp,2,2026-01-31,11,quantile,0.7,163.93275911545393
2026-01-17,wk inc flu hosp,2,2026-01-31,11,quantile,0.75,187.81068353584246
2026-01-17,wk inc flu hosp,2,2026-01-31,11,quantile,0.8,219.65936264386778
2026-01-17,wk inc flu hosp,2,2026-01-31,11,quantile,0.85,256.68495804612274
2026-01-17,wk inc flu hosp,2,2026-01-31,11,quantile,0.9,310.3706769221326
2026-01-17,wk inc flu hosp,2,2026-01-31,11,quantile,0.95,409.27132191595206
2026-01-17,wk inc flu hosp,2,2026-01-31,11,quantile,0.975,459.91749281535766
2026-01-17,wk inc flu hosp,2,2026-01-31,11,quantile,0.99,534.7955144235686
2026-01-17,wk inc flu hosp,2,2026-01-31,12,quantile,0.01,828.8800894173663
2026-01-17,wk inc flu hosp,2,2026-01-31,12,quantile,0.025,969.9228903316887
2026-01-17,wk inc flu hosp,2,2026-01-31,12,quantile,0.05,1132.847850547383
2026-01-17,wk inc flu hosp,2,2026-01-31,12,quantile,0.1,1349.0632966554185
2026-01-17,wk inc flu hosp,2,2026-01-31,12,quantile,0.15,1522.9875376662571
2026-01-17,wk inc flu hosp,2,2026-01-31,12,quantile,0.2,1674.654082809423
2026-01-17,wk inc flu hosp,2,2026-01-31,12,quantile,0.25,1817.1304889134854
2026-01-17,wk inc flu hosp,2,2026-01-31,12,quantile,0.3,1955.4919458866427
2026-01-17,wk inc flu hosp,2,2026-01-31,12,quantile,0.35,2093.442984130222
2026-01-17,wk inc flu hosp,2,2026-01-31,12,quantile,0.4,2234.4984790123785
2026-01-17,wk inc flu hosp,2,2026-01-31,12,quantile,0.45,2381.9651343798687
2026-01-17,wk inc flu hosp,2,2026-01-31,12,quantile,0.5,2539.74264108579
2026-01-17,wk inc flu hosp,2,2026-01-31,12,quantile,0.55,2713.0145627359393
2026-01-17,wk inc flu hosp,2,2026-01-31,12,quantile,0.6,2863.0527171561375
2026-01-17,wk inc flu hosp,2,2026-01-31,12,quantile,0.65,3021.052474110575
2026-01-17,wk inc flu hosp,2,2026-01-31,12,quantile,0.7,3238.0931016038808
2026-01-17,wk inc flu hosp,2,2026-01-31,12,quantile,0.75,3522.8627579067434
2026-01-17,wk inc flu hosp,2,2026-01-31,12,quantile,0.8,3897.4019751312308
2026-01-17,wk inc flu hosp,2,2026-01-31,12,quantile,0.85,4309.772339347335
2026-01-17,wk inc flu hosp,2,2026-01-31,12,quantile,0.9,4997.71564758636
2026-01-17,wk inc flu hosp,2,2026-01-31,12,quantile,0.95,6039.264235660765
2026-01-17,wk inc flu hosp,2,2026-01-31,12,quantile,0.975,6672.685043864682
2026-01-17,wk inc flu hosp,2,2026-01-31,12,quantile,0.99,7171.460859610988
2026-01-17,wk inc flu hosp,2,2026-01-31,13,quantile,0.01,218.49226969338318
2026-01-17,wk inc flu hosp,2,2026-01-31,13,quantile,0.025,277.563443352176
2026-01-17,wk inc flu hosp,2,2026-01-31,13,quantile,0.05,329.8054440626473
2026-01-17,wk inc flu hosp,2,2026-01-31,13,quantile,0.1,405.0241681098217
2026-01-17,wk inc flu hosp,2,2026-01-31,13,quantile,0.15,464.58100456568604
2026-01-17,wk inc flu hosp,2,2026-01-31,13,quantile,0.2,516.4195002065475
2026-01-17,wk inc flu hosp,2,2026-01-31,13,quantile,0.25,564.9107263959509
2026-01-17,wk inc flu hosp,2,2026-01-31,13,quantile,0.3,611.7654165994315
2026-01-17,wk inc flu hosp,2,2026-01-31,13,quantile,0.35,658.3380094039128
2026-01-17,wk inc flu hosp,2,2026-01-31,13,quantile,0.4,698.0246806861883
2026-01-17,wk inc flu hosp,2,2026-01-31,13,quantile,0.45,744.0632943003221
2026-01-17,wk inc flu hosp,2,2026-01-31,13,quantile,0.5,792.718624441363
2026-01-17,wk inc flu hosp,2,2026-01-31,13,quantile,0.55,845.5578670536895
2026-01-17,wk inc flu hosp,2,2026-01-31,13,quantile,0.6,908.3744899339042
2026-01-17,wk inc flu hosp,2,2026-01-31,13,quantile,0.65,981.2782193734771
2026-01-17,wk inc flu hosp,2,2026-01-31,13,quantile,0.7,1045.962526566196
2026-01-17,wk inc flu hosp,2,2026-01-31,13,quantile,0.75,1150.4521449229007
2026-01-17,wk inc flu hosp,2,2026-01-31,13,quantile,0.8,1292.714710055278
2026-01-17,wk inc flu hosp,2,2026-01-31,13,quantile,0.85,1541.5673246737656
2026-01-17,wk inc flu hosp,2,2026-01-31,13,quantile,0.9,1927.1154438899987
2026-01-17,wk inc flu hosp,2,2026-01-31,13,quantile,0.95,2309.377635458048
2026-01-17,wk inc flu hosp,2,2026-01-31,13,quantile,0.975,2426.610328012696
2026-01-17,wk inc flu hosp,2,2026-01-31,13,quantile,0.99,2860.733557620442
2026-01-17,wk inc flu hosp,2,2026-01-31,15,quantile,0.01,10.354009581480915
2026-01-17,wk inc flu hosp,2,2026-01-31,15,quantile,0.025,14.201716475438287
2026-01-17,wk inc flu hosp,2,2026-01-31,15,quantile,0.05,19.320070502439233
2026-01-17,wk inc flu hosp,2,2026-01-31,15,quantile,0.1,27.20212346675121
2026-01-17,wk inc flu hosp,2,2026-01-31,15,quantile,0.15,34.004977822195364
2026-01-17,wk inc flu hosp,2,2026-01-31,15,quantile,0.2,40.119206577490374
2026-01-17,wk inc flu hosp,2,2026-01-31,15,quantile,0.25,45.777531024801206
2026-01-17,wk inc flu hosp,2,2026-01-31,15,quantile,0.3,51.12711321041252
2026-01-17,wk inc flu hosp,2,2026-01-31,15,quantile,0.35,56.398097455360194
2026-01-17,wk inc flu hosp,2,2026-01-31,15,quantile,0.4,61.746101136506105
2026-01-17,wk inc flu hosp,2,2026-01-31,15,quantile,0.45,67.34808989384572
2026-01-17,wk inc flu hosp,2,2026-01-31,15,quantile,0.5,72.7945214392997
2026-01-17,wk inc flu hosp,2,2026-01-31,15,quantile,0.55,77.24550753334472
2026-01-17,wk inc flu hosp,2,2026-01-31,15,quantile,0.6,83.2719322216602
2026-01-17,wk inc flu hosp,2,2026-01-31,15,quantile,0.65,91.09799277825276
2026-01-17,wk inc flu hosp,2,2026-01-31,15,quantile,0.7,99.07205550821568
2026-01-17,wk inc flu hosp,2,2026-01-31,15,quantile,0.75,106.1092443845008
2026-01-17,wk inc flu hosp,2,2026-01-31,15,quantile,0.8,119.41447312099962
2026-01-17,wk inc flu hosp,2,2026-01-31,15,quantile,0.85,140.0518085986841
2026-01-17,wk inc flu hosp,2,2026-01-31,15,quantile,0.9,175.12773725402275
2026-01-17,wk inc flu hosp,2,2026-01-31,15,quantile,0.95,231.51610147022387
2026-01-17,wk inc flu hosp,2,2026-01-31,15,quantile,0.975,269.34333440057003
2026-01-17,wk inc flu hosp,2,2026-01-31,15,quantile,0.99,334.23722192916034
2026-01-17,wk inc flu hosp,2,2026-01-31,16,quantile,0.01,14.718976681202362
2026-01-17,wk inc flu hosp,2,2026-01-31,16,quantile,0.025,20.741095953980437
2026-01-17,wk inc flu hosp,2,2026-01-31,16,quantile,0.05,27.140035745338828
2026-01-17,wk inc flu hosp,2,2026-01-31,16,quantile,0.1,37.96480581954027
2026-01-17,wk inc flu hosp,2,2026-01-31,16,quantile,0.15,46.98158101017406
2026-01-17,wk inc flu hosp,2,2026-01-31,16,quantile,0.2,55.322389760015646
2026-01-17,wk inc flu hosp,2,2026-01-31,16,quantile,0.25,63.17979649249108
2026-01-17,wk inc flu hosp,2,2026-01-31,16,quantile,0.3,70.86061040120394
2026-01-17,wk inc flu hosp,2,2026-01-31,16,quantile,0.35,77.85571831653827
2026-01-17,wk inc flu hosp,2,2026-01-31,16,quantile,0.4,84.60527150459335
2026-01-17,wk inc flu hosp,2,2026-01-31,16,quantile,0.45,92.87178148435476
2026-01-17,wk inc flu hosp,2,2026-01-31,16,quantile,0.5,102.13137547545735
2026-01-17,wk inc flu hosp,2,2026-01-31,16,quantile,0.55,112.89207794945695
2026-01-17,wk inc flu hosp,2,2026-01-31,16,quantile,0.6,125.85060702334205
2026-01-17,wk inc flu hosp,2,2026-01-31,16,quantile,0.65,141.8126636557428
2026-01-17,wk inc flu hosp,2,2026-01-31,16,quantile,0.7,161.38135499903441
2026-01-17,wk inc flu hosp,2,2026-01-31,16,quantile,0.75,181.84183985941283
2026-01-17,wk inc flu hosp,2,2026-01-31,16,quantile,0.8,208.90090861416255
2026-01-17,wk inc flu hosp,2,2026-01-31,16,quantile,0.85,244.2445929432041
2026-01-17,wk inc flu hosp,2,2026-01-31,16,quantile,0.9,300.73937533155515
2026-01-17,wk inc flu hosp,2,2026-01-31,16,quantile,0.95,400.56310574686097
2026-01-17,wk inc flu hosp,2,2026-01-31,16,quantile,0.975,451.9535610278158
2026-01-17,wk inc flu hosp,2,2026-01-31,16,quantile,0.99,563.4613887702122
2026-01-17,wk inc flu hosp,2,2026-01-31,17,quantile,0.01,433.15324115521787
2026-01-17,wk inc flu hosp,2,2026-01-31,17,quantile,0.025,516.2108665579532
2026-01-17,wk inc flu hosp,2,2026-01-31,17,quantile,0.05,600.7927615369512
2026-01-17,wk inc flu hosp,2,2026-01-31,17,quantile,0.1,721.3819422310414
2026-01-17,wk inc flu hosp,2,2026-01-31,17,quantile,0.15,816.473628972584
2026-01-17,wk inc flu hosp,2,2026-01-31,17,quantile,0.2,900.1666808654878
2026-01-17,wk inc flu hosp,2,2026-01-31,17,quantile,0.25,978.0282104707602
2026-01-17,wk inc flu hosp,2,2026-01-31,17,quantile,0.3,1053.7234432951936
2026-01-17,wk inc flu hosp,2,2026-01-31,17,quantile,0.35,1129.5605758155903
2026-01-17,wk inc flu hosp,2,2026-01-31,17,quantile,0.4,1207.4708386400605
2026-01-17,wk inc flu hosp,2,2026-01-31,17,quantile,0.45,1278.2525875321978
2026-01-17,wk inc flu hosp,2,2026-01-31,17,quantile,0.5,1363.1960933881492
2026-01-17,wk inc flu hosp,2,2026-01-31,17,quantile,0.55,1457.5623262972886
2026-01-17,wk inc flu hosp,2,2026-01-31,17,quantile,0.6,1564.8342827255776
2026-01-17,wk inc flu hosp,2,2026-01-31,17,quantile,0.65,1692.7727114254894
2026-01-17,wk inc flu hosp,2,2026-01-31,17,quantile,0.7,1847.67124176166
2026-01-17,wk inc flu hosp,2,2026-01-31,17,quantile,0.75,2054.6816830451817
2026-01-17,wk inc flu hosp,2,2026-01-31,17,quantile,0.8,2195.2922761341047
2026-01-17,wk inc flu hosp,2,2026-01-31,17,quantile,0.85,2538.529686288568
2026-01-17,wk inc flu hosp,2,2026-01-31,17,quantile,0.9,3069.6548699802033
2026-01-17,wk inc flu hosp,2,2026-01-31,17,quantile,0.95,3815.9749448182965
2026-01-17,wk inc flu hosp,2,2026-01-31,17,quantile,0.975,4538.2529632136275
2026-01-17,wk inc flu hosp,2,2026-01-31,17,quantile,0.99,6030.203971830887
2026-01-17,wk inc flu hosp,2,2026-01-31,18,quantile,0.01,287.6741966519668
2026-01-17,wk inc flu hosp,2,2026-01-31,18,quantile,0.025,327.08615837234066
2026-01-17,wk inc flu hosp,2,2026-01-31,18,quantile,0.05,374.90766241796206
2026-01-17,wk inc flu hosp,2,2026-01-31,18,quantile,0.1,450.8152684311082
2026-01-17,wk inc flu hosp,2,2026-01-31,18,quantile,0.15,506.2262148889266
2026-01-17,wk inc flu hosp,2,2026-01-31,18,quantile,0.2,558.3947725448261
2026-01-17,wk inc flu hosp,2,2026-01-31,18,quantile,0.25,607.0343122579243
2026-01-17,wk inc flu hosp,2,2026-01-31,18,quantile,0.3,653.3094529115571
2026-01-17,wk inc flu hosp,2,2026-01-31,18,quantile,0.35,699.234173062275
2026-01-17,wk inc flu hosp,2,2026-01-31,18,quantile,0.4,746.2178081070018
2026-01-17,wk inc flu hosp,2,2026-01-31,18,quantile,0.45,795.0062067159377
2026-01-17,wk inc flu hosp,2,2026-01-31,18,quantile,0.5,846.4907160580839
2026-01-17,wk inc flu hosp,2,2026-01-31,18,quantile,0.55,901.8259453493928
2026-01-17,wk inc flu hosp,2,2026-01-31,18,quantile,0.6,961.852746627008
2026-01-17,wk inc flu hosp,2,2026-01-31,18,quantile,0.65,1026.5051592970165
2026-01-17,wk inc flu hosp,2,2026-01-31,18,quantile,0.7,1094.242454665034
2026-01-17,wk inc flu hosp,2,2026-01-31,18,quantile,0.75,1196.2961203163597
2026-01-17,wk inc flu hosp,2,2026-01-31,18,quantile,0.8,1333.2737341532068
2026-01-17,wk inc flu hosp,2,2026-01-31,18,quantile,0.85,1491.1021338507235
2026-01-17,wk inc flu hosp,2,2026-01-31,18,quantile,0.9,1731.6559184809214
2026-01-17,wk inc flu hosp,2,2026-01-31,18,quantile,0.95,1971.625889472184
2026-01-17,wk inc flu hosp,2,2026-01-31,18,quantile,0.975,2471.5077320568193
2026-01-17,wk inc flu hosp,2,2026-01-31,18,quantile,0.99,3524.426637834947
2026-01-17,wk inc flu hosp,2,2026-01-31,19,quantile,0.01,34.68242222697526
2026-01-17,wk inc flu hosp,2,2026-01-31,19,quantile,0.025,47.038535888831575
2026-01-17,wk inc flu hosp,2,2026-01-31,19,quantile,0.05,62.06451888059982
2026-01-17,wk inc flu hosp,2,2026-01-31,19,quantile,0.1,87.67202604307718
2026-01-17,wk inc flu hosp,2,2026-01-31,19,quantile,0.15,109.43861054977006
2026-01-17,wk inc flu hosp,2,2026-01-31,19,quantile,0.2,132.05040750550674
2026-01-17,wk inc flu hosp,2,2026-01-31,19,quantile,0.25,154.54231846805348
2026-01-17,wk inc flu hosp,2,2026-01-31,19,quantile,0.3,173.71767775179737
2026-01-17,wk inc flu hosp,2,2026-01-31,19,quantile,0.35,194.1472247025881
2026-01-17,wk inc flu hosp,2,2026-01-31,19,quantile,0.4,216.35461128649627
2026-01-17,wk inc flu hosp,2,2026-01-31,19,quantile,0.45,238.35344242612464
2026-01-17,wk inc flu hosp,2,2026-01-31,19,quantile,0.5,259.9701231541724
2026-01-17,wk inc flu hosp,2,2026-01-31,19,quantile,0.55,281.89034853903183
2026-01-17,wk inc flu hosp,2,2026-01-31,19,quantile,0.6,309.4210282284114
2026-01-17,wk inc flu hosp,2,2026-01-31,19,quantile,0.65,341.0907460300843
2026-01-17,wk inc flu hosp,2,2026-01-31,19,quantile,0.7,380.6117012988933
2026-01-17,wk inc flu hosp,2,2026-01-31,19,quantile,0.75,419.4275875961634
2026-01-17,wk inc flu hosp,2,2026-01-31,19,quantile,0.8,490.76124567679227
2026-01-17,wk inc flu hosp,2,2026-01-31,19,quantile,0.85,588.0248552819888
2026-01-17,wk inc flu hosp,2,2026-01-31,19,quantile,0.9,682.4070757524477
2026-01-17,wk inc flu hosp,2,2026-01-31,19,quantile,0.95,892.9516565834289
2026-01-17,wk inc flu hosp,2,2026-01-31,19,quantile,0.975,1140.606859756604
2026-01-17,wk inc flu hosp,2,2026-01-31,19,quantile,0.99,1496.2323623643647
2026-01-17,wk inc flu hosp,2,2026-01-31,20,quantile,0.01,35.56913859026997
2026-01-17,wk inc flu hosp,2,2026-01-31,20,quantile,0.025,45.77074291211847
2026-01-17,wk inc flu hosp,2,2026-01-31,20,quantile,0.05,63.03511830640617
2026-01-17,wk inc flu hosp,2,2026-01-31,20,quantile,0.1,86.74140257623209
2026-01-17,wk inc flu hosp,2,2026-01-31,20,quantile,0.15,106.2200964173009
2026-01-17,wk inc flu hosp,2,2026-01-31,20,quantile,0.2,122.36136148766502
2026-01-17,wk inc flu hosp,2,2026-01-31,20,quantile,0.25,136.15080286031258
2026-01-17,wk inc flu hosp,2,2026-01-31,20,quantile,0.3,150.76487267103337
2026-01-17,wk inc flu hosp,2,2026-01-31,20,quantile,0.35,165.04360441629427
2026-01-17,wk inc flu hosp,2,2026-01-31,20,quantile,0.4,179.33622119160825
2026-01-17,wk inc flu hosp,2,2026-01-31,20,quantile,0.45,193.73534062739623
2026-01-17,wk inc flu hosp,2,2026-01-31,20,quantile,0.5,208.86199612500556
2026-01-17,wk inc flu hosp,2,2026-01-31,20,quantile,0.55,225.3975285394422
2026-01-17,wk inc flu hosp,2,2026-01-31,20,quantile,0.6,243.80153095092302
2026-01-17,wk inc flu hosp,2,2026-01-31,20,quantile,0.65,264.49600986261146
2026-01-17,wk inc flu hosp,2,2026-01-31,20,quantile,0.7,288.94314029308873
2026-01-17,wk inc flu hosp,2,2026-01-31,20,quantile,0.75,319.863889327762
2026-01-17,wk inc flu hosp,2,2026-01-31,20,quantile,0.8,361.01493652370027
2026-01-17,wk inc flu hosp,2,2026-01-31,20,quantile,0.85,421.5181229681996
2026-01-17,wk inc flu hosp,2,2026-01-31,20,quantile,0.9,496.4393377032506
2026-01-17,wk inc flu hosp,2,2026-01-31,20,quantile,0.95,675.8195475241886
2026-01-17,wk inc flu hosp,2,2026-01-31,20,quantile,0.975,1142.1231003895841
2026-01-17,wk inc flu hosp,2,2026-01-31,20,quantile,0.99,1245.4800533578436
2026-01-17,wk inc flu hosp,2,2026-01-31,21,quantile,0.01,94.79407406667707
2026-01-17,wk inc flu hosp,2,2026-01-31,21,quantile,0.025,132.18682295321474
2026-01-17,wk inc flu hosp,2,2026-01-31,21,quantile,0.05,167.64344423336033
2026-01-17,wk inc flu hosp,2,2026-01-31,21,quantile,0.1,219.62768118280442
2026-01-17,wk inc flu hosp,2,2026-01-31,21,quantile,0.15,258.7931762733009
2026-01-17,wk inc flu hosp,2,2026-01-31,21,quantile,0.2,293.4160546867061
2026-01-17,wk inc flu hosp,2,2026-01-31,21,quantile,0.25,325.51758314315526
2026-01-17,wk inc flu hosp,2,2026-01-31,21,quantile,0.3,356.74172026177126
2026-01-17,wk inc flu hosp,2,2026-01-31,21,quantile,0.35,387.8438490727475
2026-01-17,wk inc flu hosp,2,2026-01-31,21,quantile,0.4,413.44765020971965
2026-01-17,wk inc flu hosp,2,2026-01-31,21,quantile,0.45,438.01853676111045
2026-01-17,wk inc flu hosp,2,2026-01-31,21,quantile,0.5,467.51526067027106
2026-01-17,wk inc flu hosp,2,2026-01-31,21,quantile,0.55,498.21712369420254
2026-01-17,wk inc flu hosp,2,2026-01-31,21,quantile,0.6,530.1191519827754
2026-01-17,wk inc flu hosp,2,2026-01-31,21,quantile,0.65,569.7593683450492
2026-01-17,wk inc flu hosp,2,2026-01-31,21,quantile,0.7,617.0338142050045
2026-01-17,wk inc flu hosp,2,2026-01-31,21,quantile,0.75,675.4469588148283
2026-01-17,wk inc flu hosp,2,2026-01-31,21,quantile,0.8,755.1497460706148
2026-01-17,wk inc flu hosp,2,2026-01-31,21,quantile,0.85,870.6889851643654
2026-01-17,wk inc flu hosp,2,2026-01-31,21,quantile,0.9,1016.7193782754572
2026-01-17,wk inc flu hosp,2,2026-01-31,21,quantile,0.95,1347.5993970335396
2026-01-17,wk inc flu hosp,2,2026-01-31,21,quantile,0.975,1474.601309703523
2026-01-17,wk inc flu hosp,2,2026-01-31,21,quantile,0.99,1880.9265263116438
2026-01-17,wk inc flu hosp,2,2026-01-31,22,quantile,0.01,185.9200125894415
2026-01-17,wk inc flu hosp,2,2026-01-31,22,quantile,0.025,209.8687576430989
2026-01-17,wk inc flu hosp,2,2026-01-31,22,quantile,0.05,246.15629801623268
2026-01-17,wk inc flu hosp,2,2026-01-31,22,quantile,0.1,292.42401823308404
2026-01-17,wk inc flu hosp,2,2026-01-31,22,quantile,0.15,329.56186100097915
2026-01-17,wk inc flu hosp,2,2026-01-31,22,quantile,0.2,362.07877992100026
2026-01-17,wk inc flu hosp,2,2026-01-31,22,quantile,0.25,392.3223814962336
2026-01-17,wk inc flu hosp,2,2026-01-31,22,quantile,0.3,421.6622072698198
2026-01-17,wk inc flu hosp,2,2026-01-31,22,quantile,0.35,451.0116572177815
2026-01-17,wk inc flu hosp,2,2026-01-31,22,quantile,0.4,481.1488377123399
2026-01-17,wk inc flu hosp,2,2026-01-31,22,quantile,0.45,499.14107340828053
2026-01-17,wk inc flu hosp,2,2026-01-31,22,quantile,0.5,529.5500164442259
2026-01-17,wk inc flu hosp,2,2026-01-31,22,quantile,0.55,563.3666936960207
2026-01-17,wk inc flu hosp,2,2026-01-31,22,quantile,0.6,601.5293310351526
2026-01-17,wk inc flu hosp,2,2026-01-31,22,quantile,0.65,645.5205315348958
2026-01-17,wk inc flu hosp,2,2026-01-31,22,quantile,0.7,698.5216092868008
2026-01-17,wk inc flu hosp,2,2026-01-31,22,quantile,0.75,750.8420680221296
2026-01-17,wk inc flu hosp,2,2026-01-31,22,quantile,0.8,820.8864167197297
2026-01-17,wk inc flu hosp,2,2026-01-31,22,quantile,0.85,904.9062012528535
2026-01-17,wk inc flu hosp,2,2026-01-31,22,quantile,0.9,1036.2261582733936
2026-01-17,wk inc flu hosp,2,2026-01-31,22,quantile,0.95,1241.616600948839
2026-01-17,wk inc flu hosp,2,2026-01-31,22,quantile,0.975,1437.8180130471544
2026-01-17,wk inc flu hosp,2,2026-01-31,22,quantile,0.99,1540.112551021156
2026-01-17,wk inc flu hosp,2,2026-01-31,23,quantile,0.01,36.73055367720111
2026-01-17,wk inc flu hosp,2,2026-01-31,23,quantile,0.025,44.603643970665125
2026-01-17,wk inc flu hosp,2,2026-01-31,23,quantile,0.05,53.75450181477799
2026-01-17,wk inc flu hosp,2,2026-01-31,23,quantile,0.1,66.04553218948956
2026-01-17,wk inc flu hosp,2,2026-01-31,23,quantile,0.15,76.90289274223686
2026-01-17,wk inc flu hosp,2,2026-01-31,23,quantile,0.2,87.04061490561516
2026-01-17,wk inc flu hosp,2,2026-01-31,23,quantile,0.25,96.91418475971139
2026-01-17,wk inc flu hosp,2,2026-01-31,23,quantile,0.3,106.87595913005752
2026-01-17,wk inc flu hosp,2,2026-01-31,23,quantile,0.35,117.31198282951505
2026-01-17,wk inc flu hosp,2,2026-01-31,23,quantile,0.4,128.47216370314072
2026-01-17,wk inc flu hosp,2,2026-01-31,23,quantile,0.45,140.6403222975463
2026-01-17,wk inc flu hosp,2,2026-01-31,23,quantile,0.5,154.1395062787312
2026-01-17,wk inc flu hosp,2,2026-01-31,23,quantile,0.55,166.4402937984619
2026-01-17,wk inc flu hosp,2,2026-01-31,23,quantile,0.6,180.4980821012925
2026-01-17,wk inc flu hosp,2,2026-01-31,23,quantile,0.65,199.70379479491396
2026-01-17,wk inc flu hosp,2,2026-01-31,23,quantile,0.7,220.6518104148614
2026-01-17,wk inc flu hosp,2,2026-01-31,23,quantile,0.75,248.27768077761692
2026-01-17,wk inc flu hosp,2,2026-01-31,23,quantile,0.8,285.4967580588415
2026-01-17,wk inc flu hosp,2,2026-01-31,23,quantile,0.85,335.7595511970765
2026-01-17,wk inc flu hosp,2,2026-01-31,23,quantile,0.9,392.15221300109516
2026-01-17,wk inc flu hosp,2,2026-01-31,23,quantile,0.95,454.225451909048
2026-01-17,wk inc flu hosp,2,2026-01-31,23,quantile,0.975,495.92211722013326
2026-01-17,wk inc flu hosp,2,2026-01-31,23,quantile,0.99,564.6222455989946
2026-01-17,wk inc flu hosp,2,2026-01-31,24,quantile,0.01,211.06135218908832
2026-01-17,wk inc flu hosp,2,2026-01-31,24,quantile,0.025,239.1919056178807
2026-01-17,wk inc flu hosp,2,2026-01-31,24,quantile,0.05,279.8941399379975
2026-01-17,wk inc flu hosp,2,2026-01-31,24,quantile,0.1,333.3650714801094
2026-01-17,wk inc flu hosp,2,2026-01-31,24,quantile,0.15,376.432796246803
2026-01-17,wk inc flu hosp,2,2026-01-31,24,quantile,0.2,414.33734753610725
2026-01-17,wk inc flu hosp,2,2026-01-31,24,quantile,0.25,449.87217932832806
2026-01-17,wk inc flu hosp,2,2026-01-31,24,quantile,0.3,484.456775485232
2026-01-17,wk inc flu hosp,2,2026-01-31,24,quantile,0.35,519.0485867373036
2026-01-17,wk inc flu hosp,2,2026-01-31,24,quantile,0.4,554.542352078
2026-01-17,wk inc flu hosp,2,2026-01-31,24,quantile,0.45,585.9499053940515
2026-01-17,wk inc flu hosp,2,2026-01-31,24,quantile,0.5,621.9791637402611
2026-01-17,wk inc flu hosp,2,2026-01-31,24,quantile,0.55,660.7510632457669
2026-01-17,wk inc flu hosp,2,2026-01-31,24,quantile,0.6,705.4139002456471
2026-01-17,wk inc flu hosp,2,2026-01-31,24,quantile,0.65,758.7909057862097
2026-01-17,wk inc flu hosp,2,2026-01-31,24,quantile,0.7,823.0543359722407
2026-01-17,wk inc flu hosp,2,2026-01-31,24,quantile,0.75,905.3056034191712
2026-01-17,wk inc flu hosp,2,2026-01-31,24,quantile,0.8,1002.2202652556679
2026-01-17,wk inc flu hosp,2,2026-01-31,24,quantile,0.85,1152.0962807500516
2026-01-17,wk inc flu hosp,2,2026-01-31,24,quantile,0.9,1379.318031453243
2026-01-17,wk inc flu hosp,2,2026-01-31,24,quantile,0.95,1681.408290507518
2026-01-17,wk inc flu hosp,2,2026-01-31,24,quantile,0.975,1822.728183104177
2026-01-17,wk inc flu hosp,2,2026-01-31,24,quantile,0.99,2015.6451845491758
2026-01-17,wk inc flu hosp,2,2026-01-31,25,quantile,0.01,248.18266976785299
2026-01-17,wk inc flu hosp,2,2026-01-31,25,quantile,0.025,289.66749825043473
2026-01-17,wk inc flu hosp,2,2026-01-31,25,quantile,0.05,337.20013144907415
2026-01-17,wk inc flu hosp,2,2026-01-31,25,quantile,0.1,404.1452312534724
2026-01-17,wk inc flu hosp,2,2026-01-31,25,quantile,0.15,455.38007581917543
2026-01-17,wk inc flu hosp,2,2026-01-31,25,quantile,0.2,501.5105406050051
2026-01-17,wk inc flu hosp,2,2026-01-31,25,quantile,0.25,544.9110629893487
2026-01-17,wk inc flu hosp,2,2026-01-31,25,quantile,0.3,587.4651920132457
2026-01-17,wk inc flu hosp,2,2026-01-31,25,quantile,0.35,629.9368536791161
2026-01-17,wk inc flu hosp,2,2026-01-31,25,quantile,0.4,673.3386736324943
2026-01-17,wk inc flu hosp,2,2026-01-31,25,quantile,0.45,712.06126549799
2026-01-17,wk inc flu hosp,2,2026-01-31,25,quantile,0.5,757.5950601832421
2026-01-17,wk inc flu hosp,2,2026-01-31,25,quantile,0.55,807.8871681139573
2026-01-17,wk inc flu hosp,2,2026-01-31,25,quantile,0.6,863.7517162363166
2026-01-17,wk inc flu hosp,2,2026-01-31,25,quantile,0.65,927.8161831964989
2026-01-17,wk inc flu hosp,2,2026-01-31,25,quantile,0.7,1004.41987601086
2026-01-17,wk inc flu hosp,2,2026-01-31,25,quantile,0.75,1088.167033858092
2026-01-17,wk inc flu hosp,2,2026-01-31,25,quantile,0.8,1171.9120836535867
2026-01-17,wk inc flu hosp,2,2026-01-31,25,quantile,0.85,1297.35584764383
2026-01-17,wk inc flu hosp,2,2026-01-31,25,quantile,0.9,1497.701692044137
2026-01-17,wk inc flu hosp,2,2026-01-31,25,quantile,0.95,1956.1408571886413
2026-01-17,wk inc flu hosp,2,2026-01-31,25,quantile,0.975,2170.0618178342665
2026-01-17,wk inc flu hosp,2,2026-01-31,25,quantile,0.99,2688.4556540763374
2026-01-17,wk inc flu hosp,2,2026-01-31,26,quantile,0.01,281.68797957815127
2026-01-17,wk inc flu hosp,2,2026-01-31,26,quantile,0.025,344.7877996081625
2026-01-17,wk inc flu hosp,2,2026-01-31,26,quantile,0.05,419.35843848131043
2026-01-17,wk inc flu hosp,2,2026-01-31,26,quantile,0.1,513.6022975595332
2026-01-17,wk inc flu hosp,2,2026-01-31,26,quantile,0.15,586.3441059627327
2026-01-17,wk inc flu hosp,2,2026-01-31,26,quantile,0.2,649.659341804744
2026-01-17,wk inc flu hosp,2,2026-01-31,26,quantile,0.25,708.1833115866626
2026-01-17,wk inc flu hosp,2,2026-01-31,26,quantile,0.3,759.7241854710674
2026-01-17,wk inc flu hosp,2,2026-01-31,26,quantile,0.35,805.6515990666011
2026-01-17,wk inc flu hosp,2,2026-01-31,26,quantile,0.4,854.1087364637921
2026-01-17,wk inc flu hosp,2,2026-01-31,26,quantile,0.45,909.6916229583007
2026-01-17,wk inc flu hosp,2,2026-01-31,26,quantile,0.5,970.0296236467696
2026-01-17,wk inc flu hosp,2,2026-01-31,26,quantile,0.55,1035.740158259061
2026-01-17,wk inc flu hosp,2,2026-01-31,26,quantile,0.6,1109.241578190292
2026-01-17,wk inc flu hosp,2,2026-01-31,26,quantile,0.65,1191.7072455788245
2026-01-17,wk inc flu hosp,2,2026-01-31,26,quantile,0.7,1283.5128061643861
2026-01-17,wk inc flu hosp,2,2026-01-31,26,quantile,0.75,1398.2448305935252
2026-01-17,wk inc flu hosp,2,2026-01-31,26,quantile,0.8,1554.9099881769664
2026-01-17,wk inc flu hosp,2,2026-01-31,26,quantile,0.85,1769.436511226442
2026-01-17,wk inc flu hosp,2,2026-01-31,26,quantile,0.9,2098.2135951715663
2026-01-17,wk inc flu hosp,2,2026-01-31,26,quantile,0.95,2557.4025062237906
2026-01-17,wk inc flu hosp,2,2026-01-31,26,quantile,0.975,2973.627776307037
2026-01-17,wk inc flu hosp,2,2026-01-31,26,quantile,0.99,3731.740891780846
2026-01-17,wk inc flu hosp,2,2026-01-31,27,quantile,0.01,24.226532723799714
2026-01-17,wk inc flu hosp,2,2026-01-31,27,quantile,0.025,30.721694827353392
2026-01-17,wk inc flu hosp,2,2026-01-31,27,quantile,0.05,38.37251271373593
2026-01-17,wk inc flu hosp,2,2026-01-31,27,quantile,0.1,50.68716218766624
2026-01-17,wk inc flu hosp,2,2026-01-31,27,quantile,0.15,62.361681082950206
2026-01-17,wk inc flu hosp,2,2026-01-31,27,quantile,0.2,75.10951068307759
2026-01-17,wk inc flu hosp,2,2026-01-31,27,quantile,0.25,88.54486187900655
2026-01-17,wk inc flu hosp,2,2026-01-31,27,quantile,0.3,102.56623461442923
2026-01-17,wk inc flu hosp,2,2026-01-31,27,quantile,0.35,117.1909594438042
2026-01-17,wk inc flu hosp,2,2026-01-31,27,quantile,0.4,132.77676497491333
2026-01-17,wk inc flu hosp,2,2026-01-31,27,quantile,0.45,150.3847703622449
2026-01-17,wk inc flu hosp,2,2026-01-31,27,quantile,0.5,170.19855885925506
2026-01-17,wk inc flu hosp,2,2026-01-31,27,quantile,0.55,194.3717166214834
2026-01-17,wk inc flu hosp,2,2026-01-31,27,quantile,0.6,223.60881769930285
2026-01-17,wk inc flu hosp,2,2026-01-31,27,quantile,0.65,260.1061082055183
2026-01-17,wk inc flu hosp,2,2026-01-31,27,quantile,0.7,315.93878010024974
2026-01-17,wk inc flu hosp,2,2026-01-31,27,quantile,0.75,428.3941190346645
2026-01-17,wk inc flu hosp,2,2026-01-31,27,quantile,0.8,544.2524937263502
2026-01-17,wk inc flu hosp,2,2026-01-31,27,quantile,0.85,714.6917751888458
2026-01-17,wk inc flu hosp,2,2026-01-31,27,quantile,0.9,1036.0903011447274
2026-01-17,wk inc flu hosp,2,2026-01-31,27,quantile,0.95,1291.0453433937232
2026-01-17,wk inc flu hosp,2,2026-01-31,27,quantile,0.975,1593.2542107783227
2026-01-17,wk inc flu hosp,2,2026-01-31,27,quantile,0.99,1797.1695329823071
2026-01-17,wk inc flu hosp,2,2026-01-31,28,quantile,0.01,73.40403419613007
2026-01-17,wk inc flu hosp,2,2026-01-31,28,quantile,0.025,85.89748930504958
2026-01-17,wk inc flu hosp,2,2026-01-31,28,quantile,0.05,100.03078399708738
2026-01-17,wk inc flu hosp,2,2026-01-31,28,quantile,0.1,119.3785147184892
2026-01-17,wk inc flu hosp,2,2026-01-31,28,quantile,0.15,134.5338048988637
2026-01-17,wk inc flu hosp,2,2026-01-31,28,quantile,0.2,146.41945754413564
2026-01-17,wk inc flu hosp,2,2026-01-31,28,quantile,0.25,158.3135273283339
2026-01-17,wk inc flu hosp,2,2026-01-31,28,quantile,0.3,169.29407041419006
2026-01-17,wk inc flu hosp,2,2026-01-31,28,quantile,0.35,177.8834304907369
2026-01-17,wk inc flu hosp,2,2026-01-31,28,quantile,0.4,189.27188957824436
2026-01-17,wk inc flu hosp,2,2026-01-31,28,quantile,0.45,201.13283820304503
2026-01-17,wk inc flu hosp,2,2026-01-31,28,quantile,0.5,213.58097287530234
2026-01-17,wk inc flu hosp,2,2026-01-31,28,quantile,0.55,226.91881359604903
2026-01-17,wk inc flu hosp,2,2026-01-31,28,quantile,0.6,241.44634006106446
2026-01-17,wk inc flu hosp,2,2026-01-31,28,quantile,0.65,257.7747950432608
2026-01-17,wk inc flu hosp,2,2026-01-31,28,quantile,0.7,276.69986107358716
2026-01-17,wk inc flu hosp,2,2026-01-31,28,quantile,0.75,297.4429688497542
2026-01-17,wk inc flu hosp,2,2026-01-31,28,quantile,0.8,323.61493218817054
2026-01-17,wk inc flu hosp,2,2026-01-31,28,quantile,0.85,362.84166820451725
2026-01-17,wk inc flu hosp,2,2026-01-31,28,quantile,0.9,408.5863888220068
2026-01-17,wk inc flu hosp,2,2026-01-31,28,quantile,0.95,529.9872384238071
2026-01-17,wk inc flu hosp,2,2026-01-31,28,quantile,0.975,770.8213282576677
2026-01-17,wk inc flu hosp,2,2026-01-31,28,quantile,0.99,825.3388053571459
2026-01-17,wk inc flu hosp,2,2026-01-31,29,quantile,0.01,231.6401618817281
2026-01-17,wk inc flu hosp,2,2026-01-31,29,quantile,0.025,269.8195125786705
2026-01-17,wk inc flu hosp,2,2026-01-31,29,quantile,0.05,301.3701385601473
2026-01-17,wk inc flu hosp,2,2026-01-31,29,quantile,0.1,360.6704720741786
2026-01-17,wk inc flu hosp,2,2026-01-31,29,quantile,0.15,406.13283918647517
2026-01-17,wk inc flu hosp,2,2026-01-31,29,quantile,0.2,447.51199578412707
2026-01-17,wk inc flu hosp,2,2026-01-31,29,quantile,0.25,486.3554027516438
2026-01-17,wk inc flu hosp,2,2026-01-31,29,quantile,0.3,524.6733256004505
2026-01-17,wk inc flu hosp,2,2026-01-31,29,quantile,0.35,563.6054201467888
2026-01-17,wk inc flu hosp,2,2026-01-31,29,quantile,0.4,604.2135453682532
2026-01-17,wk inc flu hosp,2,2026-01-31,29,quantile,0.45,647.4097290710334
2026-01-17,wk inc flu hosp,2,2026-01-31,29,quantile,0.5,692.1584835577356
2026-01-17,wk inc flu hosp,2,2026-01-31,29,quantile,0.55,735.4485212647953
2026-01-17,wk inc flu hosp,2,2026-01-31,29,quantile,0.6,790.7973171896424
2026-01-17,wk inc flu hosp,2,2026-01-31,29,quantile,0.65,853.6844806097987
2026-01-17,wk inc flu hosp,2,2026-01-31,29,quantile,0.7,926.1007011235932
2026-01-17,wk inc flu hosp,2,2026-01-31,29,quantile,0.75,992.4761776153791
2026-01-17,wk inc flu hosp,2,2026-01-31,29,quantile,0.8,1086.780328057381
2026-01-17,wk inc flu hosp,2,2026-01-31,29,quantile,0.85,1234.1706895699208
2026-01-17,wk inc flu hosp,2,2026-01-31,29,quantile,0.9,1479.3587466499873
2026-01-17,wk inc flu hosp,2,2026-01-31,29,quantile,0.95,1870.2514268395391
2026-01-17,wk inc flu hosp,2,2026-01-31,29,quantile,0.975,1985.9784328232245
2026-01-17,wk inc flu hosp,2,2026-01-31,29,quantile,0.99,2203.386029320812
2026-01-17,wk inc flu hosp,2,2026-01-31,30,quantile,0.01,21.06212804192723
2026-01-17,wk inc flu hosp,2,2026-01-31,30,quantile,0.025,27.942257593835148
2026-01-17,wk inc flu hosp,2,2026-01-31,30,quantile,0.05,36.95370024881821
2026-01-17,wk inc flu hosp,2,2026-01-31,30,quantile,0.1,50.75110816212543
2026-01-17,wk inc flu hosp,2,2026-01-31,30,quantile,0.15,61.48775849530258
2026-01-17,wk inc flu hosp,2,2026-01-31,30,quantile,0.2,71.06931253128235
2026-01-17,wk inc flu hosp,2,2026-01-31,30,quantile,0.25,80.45520812399333
2026-01-17,wk inc flu hosp,2,2026-01-31,30,quantile,0.3,89.2364017462835
2026-01-17,wk inc flu hosp,2,2026-01-31,30,quantile,0.35,97.61727734467034
2026-01-17,wk inc flu hosp,2,2026-01-31,30,quantile,0.4,107.67074564954464
2026-01-17,wk inc flu hosp,2,2026-01-31,30,quantile,0.45,118.82794401905237
2026-01-17,wk inc flu hosp,2,2026-01-31,30,quantile,0.5,131.6622929770181
2026-01-17,wk inc flu hosp,2,2026-01-31,30,quantile,0.55,147.03760731906814
2026-01-17,wk inc flu hosp,2,2026-01-31,30,quantile,0.6,165.61737518770852
2026-01-17,wk inc flu hosp,2,2026-01-31,30,quantile,0.65,188.77724354875798
2026-01-17,wk inc flu hosp,2,2026-01-31,30,quantile,0.7,217.93490668563422
2026-01-17,wk inc flu hosp,2,2026-01-31,30,quantile,0.75,257.5327806400533
2026-01-17,wk inc flu hosp,2,2026-01-31,30,quantile,0.8,310.670903360285
2026-01-17,wk inc flu hosp,2,2026-01-31,30,quantile,0.85,388.82439023278914
2026-01-17,wk inc flu hosp,2,2026-01-31,30,quantile,0.9,489.9537319452363
2026-01-17,wk inc flu hosp,2,2026-01-31,30,quantile,0.95,549.8947132194487
2026-01-17,wk inc flu hosp,2,2026-01-31,30,quantile,0.975,582.8431493115659
2026-01-17,wk inc flu hosp,2,2026-01-31,30,quantile,0.99,761.81041323587
2026-01-17,wk inc flu hosp,2,2026-01-31,31,quantile,0.01,21.310654058969924
2026-01-17,wk inc flu hosp,2,2026-01-31,31,quantile,0.025,27.237028745889674
2026-01-17,wk inc flu hosp,2,2026-01-31,31,quantile,0.05,36.0097261316242
2026-01-17,wk inc flu hosp,2,2026-01-31,31,quantile,0.1,49.91277672045335
2026-01-17,wk inc flu hosp,2,2026-01-31,31,quantile,0.15,62.228146872858794
2026-01-17,wk inc flu hosp,2,2026-01-31,31,quantile,0.2,73.5803454163086
2026-01-17,wk inc flu hosp,2,2026-01-31,31,quantile,0.25,83.908065275249
2026-01-17,wk inc flu hosp,2,2026-01-31,31,quantile,0.3,94.41361524246672
2026-01-17,wk inc flu hosp,2,2026-01-31,31,quantile,0.35,104.25421832441623
2026-01-17,wk inc flu hosp,2,2026-01-31,31,quantile,0.4,114.33604691071145
2026-01-17,wk inc flu hosp,2,2026-01-31,31,quantile,0.45,125.67531224892716
2026-01-17,wk inc flu hosp,2,2026-01-31,31,quantile,0.5,138.3008879819067
2026-01-17,wk inc flu hosp,2,2026-01-31,31,quantile,0.55,152.7097498361548
2026-01-17,wk inc flu hosp,2,2026-01-31,31,quantile,0.6,170.04247472289353
2026-01-17,wk inc flu hosp,2,2026-01-31,31,quantile,0.65,191.94843450542896
2026-01-17,wk inc flu hosp,2,2026-01-31,31,quantile,0.7,220.9687811930031
2026-01-17,wk inc flu hosp,2,2026-01-31,31,quantile,0.75,261.2684809436921
2026-01-17,wk inc flu hosp,2,2026-01-31,31,quantile,0.8,303.2175828702315
2026-01-17,wk inc flu hosp,2,2026-01-31,31,quantile,0.85,374.69422144847994
2026-01-17,wk inc flu hosp,2,2026-01-31,31,quantile,0.9,513.7490957330052
2026-01-17,wk inc flu hosp,2,2026-01-31,31,quantile,0.95,562.3378524007959
2026-01-17,wk inc flu hosp,2,2026-01-31,31,quantile,0.975,580.1232370857118
2026-01-17,wk inc flu hosp,2,2026-01-31,31,quantile,0.99,740.3772320265886
2026-01-17,wk inc flu hosp,2,2026-01-31,32,quantile,0.01,36.66710720726673
2026-01-17,wk inc flu hosp,2,2026-01-31,32,quantile,0.025,49.68818671201596
2026-01-17,wk inc flu hosp,2,2026-01-31,32,quantile,0.05,61.44012606656157
2026-01-17,wk inc flu hosp,2,2026-01-31,32,quantile,0.1,74.0294374803428
2026-01-17,wk inc flu hosp,2,2026-01-31,32,quantile,0.15,85.70739781252034
2026-01-17,wk inc flu hosp,2,2026-01-31,32,quantile,0.2,95.96948597373972
2026-01-17,wk inc flu hosp,2,2026-01-31,32,quantile,0.25,104.78066867365848
2026-01-17,wk inc flu hosp,2,2026-01-31,32,quantile,0.3,113.38467667239368
2026-01-17,wk inc flu hosp,2,2026-01-31,32,quantile,0.35,121.72646194411941
2026-01-17,wk inc flu hosp,2,2026-01-31,32,quantile,0.4,129.55647834859292
2026-01-17,wk inc flu hosp,2,2026-01-31,32,quantile,0.45,138.07254313240315
2026-01-17,wk inc flu hosp,2,2026-01-31,32,quantile,0.5,147.60309116629293
2026-01-17,wk inc flu hosp,2,2026-01-31,32,quantile,0.55,157.76813145444586
2026-01-17,wk inc flu hosp,2,2026-01-31,32,quantile,0.6,168.98344705432874
2026-01-17,wk inc flu hosp,2,2026-01-31,32,quantile,0.65,181.82844833370535
2026-01-17,wk inc flu hosp,2,2026-01-31,32,quantile,0.7,196.61670715847896
2026-01-17,wk inc flu hosp,2,2026-01-31,32,quantile,0.75,213.6458123251501
2026-01-17,wk inc flu hosp,2,2026-01-31,32,quantile,0.8,233.55293852105754
2026-01-17,wk inc flu hosp,2,2026-01-31,32,quantile,0.85,262.3292968717124
2026-01-17,wk inc flu hosp,2,2026-01-31,32,quantile,0.9,308.0586984112307
2026-01-17,wk inc flu hosp,2,2026-01-31,32,quantile,0.95,418.93025693413546
2026-01-17,wk inc flu hosp,2,2026-01-31,32,quantile,0.975,470.61400162866835
2026-01-17,wk inc flu hosp,2,2026-01-31,32,quantile,0.99,606.8512040217591
2026-01-17,wk inc flu hosp,2,2026-01-31,33,quantile,0.01,62.802734002805416
2026-01-17,wk inc flu hosp,2,2026-01-31,33,quantile,0.025,73.22725390368737
2026-01-17,wk inc flu hosp,2,2026-01-31,33,quantile,0.05,85.30739275180085
2026-01-17,wk inc flu hosp,2,2026-01-31,33,quantile,0.1,101.33552433048979
2026-01-17,wk inc flu hosp,2,2026-01-31,33,quantile,0.15,113.82429567684457
2026-01-17,wk inc flu hosp,2,2026-01-31,33,quantile,0.2,124.83043026742827
2026-01-17,wk inc flu hosp,2,2026-01-31,33,quantile,0.25,135.06939556092271
2026-01-17,wk inc flu hosp,2,2026-01-31,33,quantile,0.3,144.99369991614816
2026-01-17,wk inc flu hosp,2,2026-01-31,33,quantile,0.35,154.92938747657686
2026-01-17,wk inc flu hosp,2,2026-01-31,33,quantile,0.4,165.11612933861144
2026-01-17,wk inc flu hosp,2,2026-01-31,33,quantile,0.45,175.8098973787697
2026-01-17,wk inc flu hosp,2,2026-01-31,33,quantile,0.5,187.287034052224
2026-01-17,wk inc flu hosp,2,2026-01-31,33,quantile,0.55,199.94910949309866
2026-01-17,wk inc flu hosp,2,2026-01-31,33,quantile,0.6,212.6613930068031
2026-01-17,wk inc flu hosp,2,2026-01-31,33,quantile,0.65,227.43516775443535
2026-01-17,wk inc flu hosp,2,2026-01-31,33,quantile,0.7,245.31904025233337
2026-01-17,wk inc flu hosp,2,2026-01-31,33,quantile,0.75,269.723647502446
2026-01-17,wk inc flu hosp,2,2026-01-31,33,quantile,0.8,306.5399951753425
2026-01-17,wk inc flu hosp,2,2026-01-31,33,quantile,0.85,373.8643641788931
2026-01-17,wk inc flu hosp,2,2026-01-31,33,quantile,0.9,497.27244572250265
2026-01-17,wk inc flu hosp,2,2026-01-31,33,quantile,0.95,756.46810165857
2026-01-17,wk inc flu hosp,2,2026-01-31,33,quantile,0.975,892.9880441449428
2026-01-17,wk inc flu hosp,2,2026-01-31,33,quantile,0.99,913.8697027626263
2026-01-17,wk inc flu hosp,2,2026-01-31,34,quantile,0.01,359.32015330449826
2026-01-17,wk inc flu hosp,2,2026-01-31,34,quantile,0.025,434.5978281621308
2026-01-17,wk inc flu hosp,2,2026-01-31,34,quantile,0.05,513.9449596806868
2026-01-17,wk inc flu hosp,2,2026-01-31,34,quantile,0.1,629.4465134731903
2026-01-17,wk inc flu hosp,2,2026-01-31,34,quantile,0.15,719.042031954514
2026-01-17,wk inc flu hosp,2,2026-01-31,34,quantile,0.2,798.6333760523423
2026-01-17,wk inc flu hosp,2,2026-01-31,34,quantile,0.25,873.5583046958287
2026-01-17,wk inc flu hosp,2,2026-01-31,34,quantile,0.3,946.094015914898
2026-01-17,wk inc flu hosp,2,2026-01-31,34,quantile,0.35,1018.7684411626955
2026-01-17,wk inc flu hosp,2,2026-01-31,34,quantile,0.4,1093.0634924021413
2026-01-17,wk inc flu hosp,2,2026-01-31,34,quantile,0.45,1161.197196591407
2026-01-17,wk inc flu hosp,2,2026-01-31,34,quantile,0.5,1236.6873870583402
2026-01-17,wk inc flu hosp,2,2026-01-31,34,quantile,0.55,1318.3074421026647
2026-01-17,wk inc flu hosp,2,2026-01-31,34,quantile,0.6,1411.1753877548012
2026-01-17,wk inc flu hosp,2,2026-01-31,34,quantile,0.65,1525.5654508590392
2026-01-17,wk inc flu hosp,2,2026-01-31,34,quantile,0.7,1665.2349835301854
2026-01-17,wk inc flu hosp,2,2026-01-31,34,quantile,0.75,1803.6439684151844
2026-01-17,wk inc flu hosp,2,2026-01-31,34,quantile,0.8,2041.3640879464642
2026-01-17,wk inc flu hosp,2,2026-01-31,34,quantile,0.85,2435.6462221889487
2026-01-17,wk inc flu hosp,2,2026-01-31,34,quantile,0.9,3062.1808903742935
2026-01-17,wk inc flu hosp,2,2026-01-31,34,quantile,0.95,3886.0542287131725
2026-01-17,wk inc flu hosp,2,2026-01-31,34,quantile,0.975,4394.950705622531
2026-01-17,wk inc flu hosp,2,2026-01-31,34,quantile,0.99,5234.105087893959
2026-01-17,wk inc flu hosp,2,2026-01-31,35,quantile,0.01,42.54624100370117
2026-01-17,wk inc flu hosp,2,2026-01-31,35,quantile,0.025,50.48512441372894
2026-01-17,wk inc flu hosp,2,2026-01-31,35,quantile,0.05,59.03766194633179
2026-01-17,wk inc flu hosp,2,2026-01-31,35,quantile,0.1,70.176676040865
2026-01-17,wk inc flu hosp,2,2026-01-31,35,quantile,0.15,79.35696196289305
2026-01-17,wk inc flu hosp,2,2026-01-31,35,quantile,0.2,87.71214733915289
2026-01-17,wk inc flu hosp,2,2026-01-31,35,quantile,0.25,95.96181507619697
2026-01-17,wk inc flu hosp,2,2026-01-31,35,quantile,0.3,104.447749874385
2026-01-17,wk inc flu hosp,2,2026-01-31,35,quantile,0.35,113.48517243890839
2026-01-17,wk inc flu hosp,2,2026-01-31,35,quantile,0.4,123.27593470089093
2026-01-17,wk inc flu hosp,2,2026-01-31,35,quantile,0.45,133.27298701592093
2026-01-17,wk inc flu hosp,2,2026-01-31,35,quantile,0.5,145.17650860600963
2026-01-17,wk inc flu hosp,2,2026-01-31,35,quantile,0.55,159.10088239697146
2026-01-17,wk inc flu hosp,2,2026-01-31,35,quantile,0.6,173.3896770151881
2026-01-17,wk inc flu hosp,2,2026-01-31,35,quantile,0.65,190.97701535292086
2026-01-17,wk inc flu hosp,2,2026-01-31,35,quantile,0.7,212.1371406709202
2026-01-17,wk inc flu hosp,2,2026-01-31,35,quantile,0.75,237.3889475326463
2026-01-17,wk inc flu hosp,2,2026-01-31,35,quantile,0.8,267.469424801328
2026-01-17,wk inc flu hosp,2,2026-01-31,35,quantile,0.85,294.15159541999316
2026-01-17,wk inc flu hosp,2,2026-01-31,35,quantile,0.9,343.5232099121614
2026-01-17,wk inc flu hosp,2,2026-01-31,35,quantile,0.95,464.7028860140401
2026-01-17,wk inc flu hosp,2,2026-01-31,35,quantile,0.975,619.0689639596127
2026-01-17,wk inc flu hosp,2,2026-01-31,35,quantile,0.99,680.8195521110445
2026-01-17,wk inc flu hosp,2,2026-01-31,36,quantile,0.01,11.54870559119979
2026-01-17,wk inc flu hosp,2,2026-01-31,36,quantile,0.025,41.5496642406184
2026-01-17,wk inc flu hosp,2,2026-01-31,36,quantile,0.05,178.04396238333592
2026-01-17,wk inc flu hosp,2,2026-01-31,36,quantile,0.1,461.4674330271586
2026-01-17,wk inc flu hosp,2,2026-01-31,36,quantile,0.15,587.5615646823844
2026-01-17,wk inc flu hosp,2,2026-01-31,36,quantile,0.2,683.8629866344849
2026-01-17,wk inc flu hosp,2,2026-01-31,36,quantile,0.25,767.6832519976681
2026-01-17,wk inc flu hosp,2,2026-01-31,36,quantile,0.3,848.5142350555433
2026-01-17,wk inc flu hosp,2,2026-01-31,36,quantile,0.35,927.2039533108381
2026-01-17,wk inc flu hosp,2,2026-01-31,36,quantile,0.4,1006.6658204426234
2026-01-17,wk inc flu hosp,2,2026-01-31,36,quantile,0.45,1069.6545402925285
2026-01-17,wk inc flu hosp,2,2026-01-31,36,quantile,0.5,1141.7810178509133
2026-01-17,wk inc flu hosp,2,2026-01-31,36,quantile,0.55,1230.1704512230299
2026-01-17,wk inc flu hosp,2,2026-01-31,36,quantile,0.6,1327.7346131620718
2026-01-17,wk inc flu hosp,2,2026-01-31,36,quantile,0.65,1439.1584724778647
2026-01-17,wk inc flu hosp,2,2026-01-31,36,quantile,0.7,1570.8581922935955
2026-01-17,wk inc flu hosp,2,2026-01-31,36,quantile,0.75,1739.892002541454
2026-01-17,wk inc flu hosp,2,2026-01-31,36,quantile,0.8,1971.035728499488
2026-01-17,wk inc flu hosp,2,2026-01-31,36,quantile,0.85,2314.7518086653267
2026-01-17,wk inc flu hosp,2,2026-01-31,36,quantile,0.9,2883.168966241444
2026-01-17,wk inc flu hosp,2,2026-01-31,36,quantile,0.95,3499.1680625903896
2026-01-17,wk inc flu hosp,2,2026-01-31,36,quantile,0.975,4068.740443887875
2026-01-17,wk inc flu hosp,2,2026-01-31,36,quantile,0.99,5033.056249532825
2026-01-17,wk inc flu hosp,2,2026-01-31,37,quantile,0.01,297.5533505328939
2026-01-17,wk inc flu hosp,2,2026-01-31,37,quantile,0.025,345.80468044091305
2026-01-17,wk inc flu hosp,2,2026-01-31,37,quantile,0.05,411.43567268504154
2026-01-17,wk inc flu hosp,2,2026-01-31,37,quantile,0.1,499.0607941078375
2026-01-17,wk inc flu hosp,2,2026-01-31,37,quantile,0.15,571.4515894640033
2026-01-17,wk inc flu hosp,2,2026-01-31,37,quantile,0.2,635.3668685272249
2026-01-17,wk inc flu hosp,2,2026-01-31,37,quantile,0.25,695.5847871143782
2026-01-17,wk inc flu hosp,2,2026-01-31,37,quantile,0.3,754.4430286682247
2026-01-17,wk inc flu hosp,2,2026-01-31,37,quantile,0.35,813.1946157204111
2026-01-17,wk inc flu hosp,2,2026-01-31,37,quantile,0.4,873.2737654217626
2026-01-17,wk inc flu hosp,2,2026-01-31,37,quantile,0.45,936.231824760541
2026-01-17,wk inc flu hosp,2,2026-01-31,37,quantile,0.5,1003.5841362387677
2026-01-17,wk inc flu hosp,2,2026-01-31,37,quantile,0.55,1078.514479339803
2026-01-17,wk inc flu hosp,2,2026-01-31,37,quantile,0.6,1121.7189974937764
2026-01-17,wk inc flu hosp,2,2026-01-31,37,quantile,0.65,1212.5804808451496
2026-01-17,wk inc flu hosp,2,2026-01-31,37,quantile,0.7,1318.2010552568656
2026-01-17,wk inc flu hosp,2,2026-01-31,37,quantile,0.75,1458.8806209360853
2026-01-17,wk inc flu hosp,2,2026-01-31,37,quantile,0.8,1667.6958432990198
2026-01-17,wk inc flu hosp,2,2026-01-31,37,quantile,0.85,2019.7846826196362
2026-01-17,wk inc flu hosp,2,2026-01-31,37,quantile,0.9,2711.740618492136
2026-01-17,wk inc flu hosp,2,2026-01-31,37,quantile,0.95,4594.602839242578
2026-01-17,wk inc flu hosp,2,2026-01-31,37,quantile,0.975,5391.720802794461
2026-01-17,wk inc flu hosp,2,2026-01-31,37,quantile,0.99,5753.478238144239
2026-01-17,wk inc flu hosp,2,2026-01-31,38,quantile,0.01,13.141612812794799
2026-01-17,wk inc flu hosp,2,2026-01-31,38,quantile,0.025,17.51794995316839
2026-01-17,wk inc flu hosp,2,2026-01-31,38,quantile,0.05,23.321996302423795
2026-01-17,wk inc flu hosp,2,2026-01-31,38,quantile,0.1,32.50251490940964
2026-01-17,wk inc flu hosp,2,2026-01-31,38,quantile,0.15,40.786073946768006
2026-01-17,wk inc flu hosp,2,2026-01-31,38,quantile,0.2,48.702842075823504
2026-01-17,wk inc flu hosp,2,2026-01-31,38,quantile,0.25,56.64233816815423
2026-01-17,wk inc flu hosp,2,2026-01-31,38,quantile,0.3,64.58437062520875
2026-01-17,wk inc flu hosp,2,2026-01-31,38,quantile,0.35,70.82868438624831
2026-01-17,wk inc flu hosp,2,2026-01-31,38,quantile,0.4,78.08116388617759
2026-01-17,wk inc flu hosp,2,2026-01-31,38,quantile,0.45,86.06114166601202
2026-01-17,wk inc flu hosp,2,2026-01-31,38,quantile,0.5,94.54684704832803
2026-01-17,wk inc flu hosp,2,2026-01-31,38,quantile,0.55,102.75142848670666
2026-01-17,wk inc flu hosp,2,2026-01-31,38,quantile,0.6,111.38642473477813
2026-01-17,wk inc flu hosp,2,2026-01-31,38,quantile,0.65,123.23902652274947
2026-01-17,wk inc flu hosp,2,2026-01-31,38,quantile,0.7,137.68238353224902
2026-01-17,wk inc flu hosp,2,2026-01-31,38,quantile,0.75,154.6428357089489
2026-01-17,wk inc flu hosp,2,2026-01-31,38,quantile,0.8,179.13532749164
2026-01-17,wk inc flu hosp,2,2026-01-31,38,quantile,0.85,215.72222769387471
2026-01-17,wk inc flu hosp,2,2026-01-31,38,quantile,0.9,271.5792417371421
2026-01-17,wk inc flu hosp,2,2026-01-31,38,quantile,0.95,390.9214594608775
2026-01-17,wk inc flu hosp,2,2026-01-31,38,quantile,0.975,503.8329310705141
2026-01-17,wk inc flu hosp,2,2026-01-31,38,quantile,0.99,506.85941687120476
2026-01-17,wk inc flu hosp,2,2026-01-31,39,quantile,0.01,586.4972980295346
2026-01-17,wk inc flu hosp,2,2026-01-31,39,quantile,0.025,671.0403379462754
2026-01-17,wk inc flu hosp,2,2026-01-31,39,quantile,0.05,745.9248070451406
2026-01-17,wk inc flu hosp,2,2026-01-31,39,quantile,0.1,900.5960329679349
2026-01-17,wk inc flu hosp,2,2026-01-31,39,quantile,0.15,1024.456668364161
2026-01-17,wk inc flu hosp,2,2026-01-31,39,quantile,0.2,1137.3093489929977
2026-01-17,wk inc flu hosp,2,2026-01-31,39,quantile,0.25,1241.9520925245529
2026-01-17,wk inc flu hosp,2,2026-01-31,39,quantile,0.3,1343.8279761937215
2026-01-17,wk inc flu hosp,2,2026-01-31,39,quantile,0.35,1445.7573849647472
2026-01-17,wk inc flu hosp,2,2026-01-31,39,quantile,0.4,1549.9477702440226
2026-01-17,wk inc flu hosp,2,2026-01-31,39,quantile,0.45,1658.6164611264296
2026-01-17,wk inc flu hosp,2,2026-01-31,39,quantile,0.5,1735.997590698709
2026-01-17,wk inc flu hosp,2,2026-01-31,39,quantile,0.55,1858.1634692048224
2026-01-17,wk inc flu hosp,2,2026-01-31,39,quantile,0.6,2000.7135356590386
2026-01-17,wk inc flu hosp,2,2026-01-31,39,quantile,0.65,2166.28147514319
2026-01-17,wk inc flu hosp,2,2026-01-31,39,quantile,0.7,2360.599883068381
2026-01-17,wk inc flu hosp,2,2026-01-31,39,quantile,0.75,2531.4899892111803
2026-01-17,wk inc flu hosp,2,2026-01-31,39,quantile,0.8,2805.963247817222
2026-01-17,wk inc flu hosp,2,2026-01-31,39,quantile,0.85,3228.619674241478
2026-01-17,wk inc flu hosp,2,2026-01-31,39,quantile,0.9,3878.625556432052
2026-01-17,wk inc flu hosp,2,2026-01-31,39,quantile,0.95,5353.127135793174
2026-01-17,wk inc flu hosp,2,2026-01-31,39,quantile,0.975,6464.8880781664575
2026-01-17,wk inc flu hosp,2,2026-01-31,39,quantile,0.99,8052.296544651633
2026-01-17,wk inc flu hosp,2,2026-01-31,40,quantile,0.01,22.137161972517397
2026-01-17,wk inc flu hosp,2,2026-01-31,40,quantile,0.025,39.30320702493367
2026-01-17,wk inc flu hosp,2,2026-01-31,40,quantile,0.05,54.4344859578001
2026-01-17,wk inc flu hosp,2,2026-01-31,40,quantile,0.1,74.1213990866361
2026-01-17,wk inc flu hosp,2,2026-01-31,40,quantile,0.15,91.91381762672428
2026-01-17,wk inc flu hosp,2,2026-01-31,40,quantile,0.2,108.16257976631586
2026-01-17,wk inc flu hosp,2,2026-01-31,40,quantile,0.25,122.97965544596666
2026-01-17,wk inc flu hosp,2,2026-01-31,40,quantile,0.3,136.17058552118633
2026-01-17,wk inc flu hosp,2,2026-01-31,40,quantile,0.35,149.12395617351362
2026-01-17,wk inc flu hosp,2,2026-01-31,40,quantile,0.4,161.620631985579
2026-01-17,wk inc flu hosp,2,2026-01-31,40,quantile,0.45,174.23464655368412
2026-01-17,wk inc flu hosp,2,2026-01-31,40,quantile,0.5,186.03077904125269
2026-01-17,wk inc flu hosp,2,2026-01-31,40,quantile,0.55,197.0237588682726
2026-01-17,wk inc flu hosp,2,2026-01-31,40,quantile,0.6,211.27646476823824
2026-01-17,wk inc flu hosp,2,2026-01-31,40,quantile,0.65,226.5296311391801
2026-01-17,wk inc flu hosp,2,2026-01-31,40,quantile,0.7,243.20382647577287
2026-01-17,wk inc flu hosp,2,2026-01-31,40,quantile,0.75,261.74062333049665
2026-01-17,wk inc flu hosp,2,2026-01-31,40,quantile,0.8,284.9451161159037
2026-01-17,wk inc flu hosp,2,2026-01-31,40,quantile,0.85,313.3674413167375
2026-01-17,wk inc flu hosp,2,2026-01-31,40,quantile,0.9,353.2468003436868
2026-01-17,wk inc flu hosp,2,2026-01-31,40,quantile,0.95,423.0846051629888
2026-01-17,wk inc flu hosp,2,2026-01-31,40,quantile,0.975,488.1977838072534
2026-01-17,wk inc flu hosp,2,2026-01-31,40,quantile,0.99,583.3498799105716
2026-01-17,wk inc flu hosp,2,2026-01-31,41,quantile,0.01,40.55880045416015
2026-01-17,wk inc flu hosp,2,2026-01-31,41,quantile,0.025,47.60126557804847
2026-01-17,wk inc flu hosp,2,2026-01-31,41,quantile,0.05,55.157635310988354
2026-01-17,wk inc flu hosp,2,2026-01-31,41,quantile,0.1,64.31752784076758
2026-01-17,wk inc flu hosp,2,2026-01-31,41,quantile,0.15,72.15021597904978
2026-01-17,wk inc flu hosp,2,2026-01-31,41,quantile,0.2,79.12224487616298
2026-01-17,wk inc flu hosp,2,2026-01-31,41,quantile,0.25,85.6999678626094
2026-01-17,wk inc flu hosp,2,2026-01-31,41,quantile,0.3,91.76854131421666
2026-01-17,wk inc flu hosp,2,2026-01-31,41,quantile,0.35,97.61227776781219
2026-01-17,wk inc flu hosp,2,2026-01-31,41,quantile,0.4,104.42096338872123
2026-01-17,wk inc flu hosp,2,2026-01-31,41,quantile,0.45,111.7401345752731
2026-01-17,wk inc flu hosp,2,2026-01-31,41,quantile,0.5,119.75202364589393
2026-01-17,wk inc flu hosp,2,2026-01-31,41,quantile,0.55,128.6546764546
2026-01-17,wk inc flu hosp,2,2026-01-31,41,quantile,0.6,138.774689697369
2026-01-17,wk inc flu hosp,2,2026-01-31,41,quantile,0.65,148.9430547640156
2026-01-17,wk inc flu hosp,2,2026-01-31,41,quantile,0.7,159.87549711611842
2026-01-17,wk inc flu hosp,2,2026-01-31,41,quantile,0.75,174.59695756323813
2026-01-17,wk inc flu hosp,2,2026-01-31,41,quantile,0.8,194.21049068537818
2026-01-17,wk inc flu hosp,2,2026-01-31,41,quantile,0.85,216.31726822651737
2026-01-17,wk inc flu hosp,2,2026-01-31,41,quantile,0.9,263.3062692480541
2026-01-17,wk inc flu hosp,2,2026-01-31,41,quantile,0.95,364.4831218975942
2026-01-17,wk inc flu hosp,2,2026-01-31,41,quantile,0.975,397.97936787925727
2026-01-17,wk inc flu hosp,2,2026-01-31,41,quantile,0.99,467.4699288513458
2026-01-17,wk inc flu hosp,2,2026-01-31,42,quantile,0.01,733.4973530551157
2026-01-17,wk inc flu hosp,2,2026-01-31,42,quantile,0.025,869.8391584029162
2026-01-17,wk inc flu hosp,2,2026-01-31,42,quantile,0.05,1031.3464202071395
2026-01-17,wk inc flu hosp,2,2026-01-31,42,quantile,0.1,1234.7130405470134
2026-01-17,wk inc flu hosp,2,2026-01-31,42,quantile,0.15,1410.665011337975
2026-01-17,wk inc flu hosp,2,2026-01-31,42,quantile,0.2,1560.5611225360224
2026-01-17,wk inc flu hosp,2,2026-01-31,42,quantile,0.25,1697.699826412531
2026-01-17,wk inc flu hosp,2,2026-01-31,42,quantile,0.3,1829.452318489542
2026-01-17,wk inc flu hosp,2,2026-01-31,42,quantile,0.35,1958.0168762728197
2026-01-17,wk inc flu hosp,2,2026-01-31,42,quantile,0.4,2086.9190836158277
2026-01-17,wk inc flu hosp,2,2026-01-31,42,quantile,0.45,2207.1110671689976
2026-01-17,wk inc flu hosp,2,2026-01-31,42,quantile,0.5,2304.3331075678534
2026-01-17,wk inc flu hosp,2,2026-01-31,42,quantile,0.55,2438.053067850682
2026-01-17,wk inc flu hosp,2,2026-01-31,42,quantile,0.6,2560.422121208204
2026-01-17,wk inc flu hosp,2,2026-01-31,42,quantile,0.65,2728.1335271336725
2026-01-17,wk inc flu hosp,2,2026-01-31,42,quantile,0.7,2929.991259391684
2026-01-17,wk inc flu hosp,2,2026-01-31,42,quantile,0.75,3174.3582967087054
2026-01-17,wk inc flu hosp,2,2026-01-31,42,quantile,0.8,3488.383962512414
2026-01-17,wk inc flu hosp,2,2026-01-31,42,quantile,0.85,3922.163228794178
2026-01-17,wk inc flu hosp,2,2026-01-31,42,quantile,0.9,4568.687336795069
2026-01-17,wk inc flu hosp,2,2026-01-31,42,quantile,0.95,6191.475205598839
2026-01-17,wk inc flu hosp,2,2026-01-31,42,quantile,0.975,7924.049916324437
2026-01-17,wk inc flu hosp,2,2026-01-31,42,quantile,0.99,8942.858284922106
2026-01-17,wk inc flu hosp,2,2026-01-31,44,quantile,0.01,14.3045112235985
2026-01-17,wk inc flu hosp,2,2026-01-31,44,quantile,0.025,19.970830748405614
2026-01-17,wk inc flu hosp,2,2026-01-31,44,quantile,0.05,26.124678272044473
2026-01-17,wk inc flu hosp,2,2026-01-31,44,quantile,0.1,36.53111792772683
2026-01-17,wk inc flu hosp,2,2026-01-31,44,quantile,0.15,45.25437726449501
2026-01-17,wk inc flu hosp,2,2026-01-31,44,quantile,0.2,53.653422221806096
2026-01-17,wk inc flu hosp,2,2026-01-31,44,quantile,0.25,61.90623038408958
2026-01-17,wk inc flu hosp,2,2026-01-31,44,quantile,0.3,70.18526217852472
2026-01-17,wk inc flu hosp,2,2026-01-31,44,quantile,0.35,78.73039091230258
2026-01-17,wk inc flu hosp,2,2026-01-31,44,quantile,0.4,87.78969452812989
2026-01-17,wk inc flu hosp,2,2026-01-31,44,quantile,0.45,97.67848218543213
2026-01-17,wk inc flu hosp,2,2026-01-31,44,quantile,0.5,106.84320324039805
2026-01-17,wk inc flu hosp,2,2026-01-31,44,quantile,0.55,118.2908556201003
2026-01-17,wk inc flu hosp,2,2026-01-31,44,quantile,0.6,132.83250527154644
2026-01-17,wk inc flu hosp,2,2026-01-31,44,quantile,0.65,151.1343949587534
2026-01-17,wk inc flu hosp,2,2026-01-31,44,quantile,0.7,174.281869791199
2026-01-17,wk inc flu hosp,2,2026-01-31,44,quantile,0.75,197.12866024405218
2026-01-17,wk inc flu hosp,2,2026-01-31,44,quantile,0.8,231.92252584274132
2026-01-17,wk inc flu hosp,2,2026-01-31,44,quantile,0.85,264.55795692922453
2026-01-17,wk inc flu hosp,2,2026-01-31,44,quantile,0.9,342.1898198818413
2026-01-17,wk inc flu hosp,2,2026-01-31,44,quantile,0.95,506.36161458687064
2026-01-17,wk inc flu hosp,2,2026-01-31,44,quantile,0.975,658.3049952780003
2026-01-17,wk inc flu hosp,2,2026-01-31,44,quantile,0.99,707.3395349356143
2026-01-17,wk inc flu hosp,2,2026-01-31,45,quantile,0.01,191.64804371056698
2026-01-17,wk inc flu hosp,2,2026-01-31,45,quantile,0.025,218.38519368972706
2026-01-17,wk inc flu hosp,2,2026-01-31,45,quantile,0.05,253.90564627173148
2026-01-17,wk inc flu hosp,2,2026-01-31,45,quantile,0.1,301.9706488913929
2026-01-17,wk inc flu hosp,2,2026-01-31,45,quantile,0.15,339.55898933725706
2026-01-17,wk inc flu hosp,2,2026-01-31,45,quantile,0.2,372.27975062770133
2026-01-17,wk inc flu hosp,2,2026-01-31,45,quantile,0.25,403.0826386529074
2026-01-17,wk inc flu hosp,2,2026-01-31,45,quantile,0.3,433.1970687946238
2026-01-17,wk inc flu hosp,2,2026-01-31,45,quantile,0.35,463.5437884960508
2026-01-17,wk inc flu hosp,2,2026-01-31,45,quantile,0.4,494.95649627739283
2026-01-17,wk inc flu hosp,2,2026-01-31,45,quantile,0.45,528.2355870230983
2026-01-17,wk inc flu hosp,2,2026-01-31,45,quantile,0.5,564.3733146404272
2026-01-17,wk inc flu hosp,2,2026-01-31,45,quantile,0.55,598.7111642065936
2026-01-17,wk inc flu hosp,2,2026-01-31,45,quantile,0.6,640.7002000761101
2026-01-17,wk inc flu hosp,2,2026-01-31,45,quantile,0.65,688.9998432875207
2026-01-17,wk inc flu hosp,2,2026-01-31,45,quantile,0.7,747.308923172424
2026-01-17,wk inc flu hosp,2,2026-01-31,45,quantile,0.75,830.3043251722611
2026-01-17,wk inc flu hosp,2,2026-01-31,45,quantile,0.8,946.9546938055817
2026-01-17,wk inc flu hosp,2,2026-01-31,45,quantile,0.85,1181.3509668356585
2026-01-17,wk inc flu hosp,2,2026-01-31,45,quantile,0.9,1627.6028629609534
2026-01-17,wk inc flu hosp,2,2026-01-31,45,quantile,0.95,2116.3291371626856
2026-01-17,wk inc flu hosp,2,2026-01-31,45,quantile,0.975,2564.6208873359806
2026-01-17,wk inc flu hosp,2,2026-01-31,45,quantile,0.99,3572.10157543144
2026-01-17,wk inc flu hosp,2,2026-01-31,46,quantile,0.01,6.909172991270295
2026-01-17,wk inc flu hosp,2,2026-01-31,46,quantile,0.025,9.39521583273576
2026-01-17,wk inc flu hosp,2,2026-01-31,46,quantile,0.05,12.815579483061741
2026-01-17,wk inc flu hosp,2,2026-01-31,46,quantile,0.1,17.573836075562348
2026-01-17,wk inc flu hosp,2,2026-01-31,46,quantile,0.15,22.053897639226605
2026-01-17,wk inc flu hosp,2,2026-01-31,46,quantile,0.2,25.38208029296653
2026-01-17,wk inc flu hosp,2,2026-01-31,46,quantile,0.25,29.243253926850482
2026-01-17,wk inc flu hosp,2,2026-01-31,46,quantile,0.3,32.9474653883231
2026-01-17,wk inc flu hosp,2,2026-01-31,46,quantile,0.35,36.67350927889527
2026-01-17,wk inc flu hosp,2,2026-01-31,46,quantile,0.4,40.57197595382842
2026-01-17,wk inc flu hosp,2,2026-01-31,46,quantile,0.45,44.81127469654891
2026-01-17,wk inc flu hosp,2,2026-01-31,46,quantile,0.5,49.58997565628404
2026-01-17,wk inc flu hosp,2,2026-01-31,46,quantile,0.55,55.144631315894515
2026-01-17,wk inc flu hosp,2,2026-01-31,46,quantile,0.6,61.9155621064047
2026-01-17,wk inc flu hosp,2,2026-01-31,46,quantile,0.65,68.18783224572348
2026-01-17,wk inc flu hosp,2,2026-01-31,46,quantile,0.7,76.31240977299349
2026-01-17,wk inc flu hosp,2,2026-01-31,46,quantile,0.75,87.67357730460449
2026-01-17,wk inc flu hosp,2,2026-01-31,46,quantile,0.8,103.4556256721776
2026-01-17,wk inc flu hosp,2,2026-01-31,46,quantile,0.85,125.24322697317496
2026-01-17,wk inc flu hosp,2,2026-01-31,46,quantile,0.9,149.22453560631556
2026-01-17,wk inc flu hosp,2,2026-01-31,46,quantile,0.95,211.8506392650948
2026-01-17,wk inc flu hosp,2,2026-01-31,46,quantile,0.975,262.6976117568607
2026-01-17,wk inc flu hosp,2,2026-01-31,46,quantile,0.99,304.80197439663294
2026-01-17,wk inc flu hosp,2,2026-01-31,47,quantile,0.01,197.94741221775462
2026-01-17,wk inc flu hosp,2,2026-01-31,47,quantile,0.025,232.74020211505297
2026-01-17,wk inc flu hosp,2,2026-01-31,47,quantile,0.05,271.62246286222916
2026-01-17,wk inc flu hosp,2,2026-01-31,47,quantile,0.1,323.8126350717752
2026-01-17,wk inc flu hosp,2,2026-01-31,47,quantile,0.15,365.33270474563847
2026-01-17,wk inc flu hosp,2,2026-01-31,47,quantile,0.2,401.51214437613555
2026-01-17,wk inc flu hosp,2,2026-01-31,47,quantile,0.25,435.39023962927996
2026-01-17,wk inc flu hosp,2,2026-01-31,47,quantile,0.3,468.2758224286437
2026-01-17,wk inc flu hosp,2,2026-01-31,47,quantile,0.35,501.1266077518115
2026-01-17,wk inc flu hosp,2,2026-01-31,47,quantile,0.4,534.7204480863238
2026-01-17,wk inc flu hosp,2,2026-01-31,47,quantile,0.45,569.8396417182892
2026-01-17,wk inc flu hosp,2,2026-01-31,47,quantile,0.5,607.4847644952938
2026-01-17,wk inc flu hosp,2,2026-01-31,47,quantile,0.55,648.8530399579071
2026-01-17,wk inc flu hosp,2,2026-01-31,47,quantile,0.6,695.734711812975
2026-01-17,wk inc flu hosp,2,2026-01-31,47,quantile,0.65,751.0999028457493
2026-01-17,wk inc flu hosp,2,2026-01-31,47,quantile,0.7,800.9056786634744
2026-01-17,wk inc flu hosp,2,2026-01-31,47,quantile,0.75,868.3366857754689
2026-01-17,wk inc flu hosp,2,2026-01-31,47,quantile,0.8,957.0308278868415
2026-01-17,wk inc flu hosp,2,2026-01-31,47,quantile,0.85,1095.2923061126749
2026-01-17,wk inc flu hosp,2,2026-01-31,47,quantile,0.9,1434.3142447410723
2026-01-17,wk inc flu hosp,2,2026-01-31,47,quantile,0.95,2643.7847906642555
2026-01-17,wk inc flu hosp,2,2026-01-31,47,quantile,0.975,3212.3607625871205
2026-01-17,wk inc flu hosp,2,2026-01-31,47,quantile,0.99,3336.492590218942
2026-01-17,wk inc flu hosp,2,2026-01-31,48,quantile,0.01,720.9646051256402
2026-01-17,wk inc flu hosp,2,2026-01-31,48,quantile,0.025,854.8672236970622
2026-01-17,wk inc flu hosp,2,2026-01-31,48,quantile,0.05,1006.4888635531696
2026-01-17,wk inc flu hosp,2,2026-01-31,48,quantile,0.1,1216.2789554879448
2026-01-17,wk inc flu hosp,2,2026-01-31,48,quantile,0.15,1385.4107106165532
2026-01-17,wk inc flu hosp,2,2026-01-31,48,quantile,0.2,1536.3620056481452
2026-01-17,wk inc flu hosp,2,2026-01-31,48,quantile,0.25,1677.2871774284395
2026-01-17,wk inc flu hosp,2,2026-01-31,48,quantile,0.3,1800.1859792010048
2026-01-17,wk inc flu hosp,2,2026-01-31,48,quantile,0.35,1926.6755267331719
2026-01-17,wk inc flu hosp,2,2026-01-31,48,quantile,0.4,2061.0627843884326
2026-01-17,wk inc flu hosp,2,2026-01-31,48,quantile,0.45,2200.45036926124
2026-01-17,wk inc flu hosp,2,2026-01-31,48,quantile,0.5,2343.3958819954496
2026-01-17,wk inc flu hosp,2,2026-01-31,48,quantile,0.55,2494.445960033216
2026-01-17,wk inc flu hosp,2,2026-01-31,48,quantile,0.6,2658.4020921703363
2026-01-17,wk inc flu hosp,2,2026-01-31,48,quantile,0.65,2847.2042405742027
2026-01-17,wk inc flu hosp,2,2026-01-31,48,quantile,0.7,3079.235934630927
2026-01-17,wk inc flu hosp,2,2026-01-31,48,quantile,0.75,3336.236208638054
2026-01-17,wk inc flu hosp,2,2026-01-31,48,quantile,0.8,3541.2476862048566
2026-01-17,wk inc flu hosp,2,2026-01-31,48,quantile,0.85,3843.108522144029
2026-01-17,wk inc flu hosp,2,2026-01-31,48,quantile,0.9,4365.796685477841
2026-01-17,wk inc flu hosp,2,2026-01-31,48,quantile,0.95,5215.207843465739
2026-01-17,wk inc flu hosp,2,2026-01-31,48,quantile,0.975,6165.083972551291
2026-01-17,wk inc flu hosp,2,2026-01-31,48,quantile,0.99,6913.628098205129
2026-01-17,wk inc flu hosp,2,2026-01-31,49,quantile,0.01,24.24638557682059
2026-01-17,wk inc flu hosp,2,2026-01-31,49,quantile,0.025,33.69735514173009
2026-01-17,wk inc flu hosp,2,2026-01-31,49,quantile,0.05,44.80474097123653
2026-01-17,wk inc flu hosp,2,2026-01-31,49,quantile,0.1,60.201146489222225
2026-01-17,wk inc flu hosp,2,2026-01-31,49,quantile,0.15,71.834653032922
2026-01-17,wk inc flu hosp,2,2026-01-31,49,quantile,0.2,81.80508401205947
2026-01-17,wk inc flu hosp,2,2026-01-31,49,quantile,0.25,90.8976450850239
2026-01-17,wk inc flu hosp,2,2026-01-31,49,quantile,0.3,99.55642398997188
2026-01-17,wk inc flu hosp,2,2026-01-31,49,quantile,0.35,108.08719312294356
2026-01-17,wk inc flu hosp,2,2026-01-31,49,quantile,0.4,116.78472442133095
2026-01-17,wk inc flu hosp,2,2026-01-31,49,quantile,0.45,125.88040325936838
2026-01-17,wk inc flu hosp,2,2026-01-31,49,quantile,0.5,135.6371741948924
2026-01-17,wk inc flu hosp,2,2026-01-31,49,quantile,0.55,146.60902557503013
2026-01-17,wk inc flu hosp,2,2026-01-31,49,quantile,0.6,156.43683608341084
2026-01-17,wk inc flu hosp,2,2026-01-31,49,quantile,0.65,168.82505103397216
2026-01-17,wk inc flu hosp,2,2026-01-31,49,quantile,0.7,186.089257096872
2026-01-17,wk inc flu hosp,2,2026-01-31,49,quantile,0.75,209.5623040074488
2026-01-17,wk inc flu hosp,2,2026-01-31,49,quantile,0.8,242.71505394559554
2026-01-17,wk inc flu hosp,2,2026-01-31,49,quantile,0.85,280.91368528016085
2026-01-17,wk inc flu hosp,2,2026-01-31,49,quantile,0.9,359.3103458073341
2026-01-17,wk inc flu hosp,2,2026-01-31,49,quantile,0.95,489.2748840045384
2026-01-17,wk inc flu hosp,2,2026-01-31,49,quantile,0.975,562.5456267043784
2026-01-17,wk inc flu hosp,2,2026-01-31,49,quantile,0.99,575.8506168380336
2026-01-17,wk inc flu hosp,2,2026-01-31,50,quantile,0.01,7.09056927042369
2026-01-17,wk inc flu hosp,2,2026-01-31,50,quantile,0.025,9.572757887736975
2026-01-17,wk inc flu hosp,2,2026-01-31,50,quantile,0.05,11.579471809296148
2026-01-17,wk inc flu hosp,2,2026-01-31,50,quantile,0.1,16.321398945320325
2026-01-17,wk inc flu hosp,2,2026-01-31,50,quantile,0.15,20.755446163858757
2026-01-17,wk inc flu hosp,2,2026-01-31,50,quantile,0.2,24.723727894082202
2026-01-17,wk inc flu hosp,2,2026-01-31,50,quantile,0.25,28.431608378320824
2026-01-17,wk inc flu hosp,2,2026-01-31,50,quantile,0.3,32.17656426468866
2026-01-17,wk inc flu hosp,2,2026-01-31,50,quantile,0.35,35.963577525042645
2026-01-17,wk inc flu hosp,2,2026-01-31,50,quantile,0.4,39.813991336656585
2026-01-17,wk inc flu hosp,2,2026-01-31,50,quantile,0.45,43.85486628156741
2026-01-17,wk inc flu hosp,2,2026-01-31,50,quantile,0.5,48.23719165778928
2026-01-17,wk inc flu hosp,2,2026-01-31,50,quantile,0.55,53.13978282307323
2026-01-17,wk inc flu hosp,2,2026-01-31,50,quantile,0.6,58.63357762972121
2026-01-17,wk inc flu hosp,2,2026-01-31,50,quantile,0.65,64.51481040852653
2026-01-17,wk inc flu hosp,2,2026-01-31,50,quantile,0.7,72.70827276301534
2026-01-17,wk inc flu hosp,2,2026-01-31,50,quantile,0.75,83.23028324638494
2026-01-17,wk inc flu hosp,2,2026-01-31,50,quantile,0.8,97.34477486222227
2026-01-17,wk inc flu hosp,2,2026-01-31,50,quantile,0.85,117.85024139359292
2026-01-17,wk inc flu hosp,2,2026-01-31,50,quantile,0.9,137.4210984800046
2026-01-17,wk inc flu hosp,2,2026-01-31,50,quantile,0.95,177.20427429865154
2026-01-17,wk inc flu hosp,2,2026-01-31,50,quantile,0.975,206.5171070131338
2026-01-17,wk inc flu hosp,2,2026-01-31,50,quantile,0.99,275.1064522559527
2026-01-17,wk inc flu hosp,2,2026-01-31,51,quantile,0.01,313.8845176910633
2026-01-17,wk inc flu hosp,2,2026-01-31,51,quantile,0.025,365.7180699686672
2026-01-17,wk inc flu hosp,2,2026-01-31,51,quantile,0.05,426.16581234048954
2026-01-17,wk inc flu hosp,2,2026-01-31,51,quantile,0.1,505.1865418943265
2026-01-17,wk inc flu hosp,2,2026-01-31,51,quantile,0.15,568.0583075564367
2026-01-17,wk inc flu hosp,2,2026-01-31,51,quantile,0.2,623.1618263688008
2026-01-17,wk inc flu hosp,2,2026-01-31,51,quantile,0.25,674.4902113854164
2026-01-17,wk inc flu hosp,2,2026-01-31,51,quantile,0.3,724.2109155266169
2026-01-17,wk inc flu hosp,2,2026-01-31,51,quantile,0.35,773.9307080870489
2026-01-17,wk inc flu hosp,2,2026-01-31,51,quantile,0.4,824.8779608807096
2026-01-17,wk inc flu hosp,2,2026-01-31,51,quantile,0.45,878.2509459112088
2026-01-17,wk inc flu hosp,2,2026-01-31,51,quantile,0.5,935.571602633996
2026-01-17,wk inc flu hosp,2,2026-01-31,51,quantile,0.55,998.6636701217544
2026-01-17,wk inc flu hosp,2,2026-01-31,51,quantile,0.6,1070.2212584381664
2026-01-17,wk inc flu hosp,2,2026-01-31,51,quantile,0.65,1155.1692149102935
2026-01-17,wk inc flu hosp,2,2026-01-31,51,quantile,0.7,1253.2510710620347
2026-01-17,wk inc flu hosp,2,2026-01-31,51,quantile,0.75,1384.2852001640995
2026-01-17,wk inc flu hosp,2,2026-01-31,51,quantile,0.8,1589.0875389393627
2026-01-17,wk inc flu hosp,2,2026-01-31,51,quantile,0.85,1787.4301020885348
2026-01-17,wk inc flu hosp,2,2026-01-31,51,quantile,0.9,2025.7729560990647
2026-01-17,wk inc flu hosp,2,2026-01-31,51,quantile,0.95,2500.819838862717
2026-01-17,wk inc flu hosp,2,2026-01-31,51,quantile,0.975,2778.5410488241114
2026-01-17,wk inc flu hosp,2,2026-01-31,51,quantile,0.99,2868.529302940005
2026-01-17,wk inc flu hosp,2,2026-01-31,53,quantile,0.01,93.74996168594514
2026-01-17,wk inc flu hosp,2,2026-01-31,53,quantile,0.025,111.42468390784738
2026-01-17,wk inc flu hosp,2,2026-01-31,53,quantile,0.05,129.79259448817766
2026-01-17,wk inc flu hosp,2,2026-01-31,53,quantile,0.1,153.08803377334323
2026-01-17,wk inc flu hosp,2,2026-01-31,53,quantile,0.15,171.84362759482877
2026-01-17,wk inc flu hosp,2,2026-01-31,53,quantile,0.2,188.46833959915446
2026-01-17,wk inc flu hosp,2,2026-01-31,53,quantile,0.25,204.97923186325008
2026-01-17,wk inc flu hosp,2,2026-01-31,53,quantile,0.3,220.8645778609504
2026-01-17,wk inc flu hosp,2,2026-01-31,53,quantile,0.35,236.57519510701988
2026-01-17,wk inc flu hosp,2,2026-01-31,53,quantile,0.4,252.53361930525173
2026-01-17,wk inc flu hosp,2,2026-01-31,53,quantile,0.45,268.98114133424383
2026-01-17,wk inc flu hosp,2,2026-01-31,53,quantile,0.5,285.9140277326368
2026-01-17,wk inc flu hosp,2,2026-01-31,53,quantile,0.55,302.20104728395575
2026-01-17,wk inc flu hosp,2,2026-01-31,53,quantile,0.6,319.5337523943688
2026-01-17,wk inc flu hosp,2,2026-01-31,53,quantile,0.65,336.957420536468
2026-01-17,wk inc flu hosp,2,2026-01-31,53,quantile,0.7,359.1406769007387
2026-01-17,wk inc flu hosp,2,2026-01-31,53,quantile,0.75,385.0132375761759
2026-01-17,wk inc flu hosp,2,2026-01-31,53,quantile,0.8,416.4972204326314
2026-01-17,wk inc flu hosp,2,2026-01-31,53,quantile,0.85,452.18021899132253
2026-01-17,wk inc flu hosp,2,2026-01-31,53,quantile,0.9,512.3985741846219
2026-01-17,wk inc flu hosp,2,2026-01-31,53,quantile,0.95,609.5258412175741
2026-01-17,wk inc flu hosp,2,2026-01-31,53,quantile,0.975,754.4035877010665
2026-01-17,wk inc flu hosp,2,2026-01-31,53,quantile,0.99,839.2895493237971
2026-01-17,wk inc flu hosp,2,2026-01-31,54,quantile,0.01,48.97729107184775
2026-01-17,wk inc flu hosp,2,2026-01-31,54,quantile,0.025,58.77581637370014
2026-01-17,wk inc flu hosp,2,2026-01-31,54,quantile,0.05,82.31061784370036
2026-01-17,wk inc flu hosp,2,2026-01-31,54,quantile,0.1,116.77266212516956
2026-01-17,wk inc flu hosp,2,2026-01-31,54,quantile,0.15,145.05449271101713
2026-01-17,wk inc flu hosp,2,2026-01-31,54,quantile,0.2,169.41063937734728
2026-01-17,wk inc flu hosp,2,2026-01-31,54,quantile,0.25,191.88586838752784
2026-01-17,wk inc flu hosp,2,2026-01-31,54,quantile,0.3,213.35315731584853
2026-01-17,wk inc flu hosp,2,2026-01-31,54,quantile,0.35,234.88263260550494
2026-01-17,wk inc flu hosp,2,2026-01-31,54,quantile,0.4,254.53512328054686
2026-01-17,wk inc flu hosp,2,2026-01-31,54,quantile,0.45,275.5166158805222
2026-01-17,wk inc flu hosp,2,2026-01-31,54,quantile,0.5,299.2151096320556
2026-01-17,wk inc flu hosp,2,2026-01-31,54,quantile,0.55,325.88115294196155
2026-01-17,wk inc flu hosp,2,2026-01-31,54,quantile,0.6,355.9677144241764
2026-01-17,wk inc flu hosp,2,2026-01-31,54,quantile,0.65,391.7802607168847
2026-01-17,wk inc flu hosp,2,2026-01-31,54,quantile,0.7,436.3349823560493
2026-01-17,wk inc flu hosp,2,2026-01-31,54,quantile,0.75,495.39915705398363
2026-01-17,wk inc flu hosp,2,2026-01-31,54,quantile,0.8,581.1938155305795
2026-01-17,wk inc flu hosp,2,2026-01-31,54,quantile,0.85,655.513699782318
2026-01-17,wk inc flu hosp,2,2026-01-31,54,quantile,0.9,755.5611362895238
2026-01-17,wk inc flu hosp,2,2026-01-31,54,quantile,0.95,930.6190213163713
2026-01-17,wk inc flu hosp,2,2026-01-31,54,quantile,0.975,1193.9742218233412
2026-01-17,wk inc flu hosp,2,2026-01-31,54,quantile,0.99,1458.4627161966084
2026-01-17,wk inc flu hosp,2,2026-01-31,55,quantile,0.01,187.35820646601238
2026-01-17,wk inc flu hosp,2,2026-01-31,55,quantile,0.025,218.4160841488165
2026-01-17,wk inc flu hosp,2,2026-01-31,55,quantile,0.05,251.4328962986264
2026-01-17,wk inc flu hosp,2,2026-01-31,55,quantile,0.1,295.25932963678844
2026-01-17,wk inc flu hosp,2,2026-01-31,55,quantile,0.15,330.0881574183546
2026-01-17,wk inc flu hosp,2,2026-01-31,55,quantile,0.2,361.27028676599247
2026-01-17,wk inc flu hosp,2,2026-01-31,55,quantile,0.25,390.962066357928
2026-01-17,wk inc flu hosp,2,2026-01-31,55,quantile,0.3,420.65061858636676
2026-01-17,wk inc flu hosp,2,2026-01-31,55,quantile,0.35,450.9698029229203
2026-01-17,wk inc flu hosp,2,2026-01-31,55,quantile,0.4,482.7781378483885
2026-01-17,wk inc flu hosp,2,2026-01-31,55,quantile,0.45,517.0320556226487
2026-01-17,wk inc flu hosp,2,2026-01-31,55,quantile,0.5,554.6291438249962
2026-01-17,wk inc flu hosp,2,2026-01-31,55,quantile,0.55,590.6206384271651
2026-01-17,wk inc flu hosp,2,2026-01-31,55,quantile,0.6,628.5574574567162
2026-01-17,wk inc flu hosp,2,2026-01-31,55,quantile,0.65,677.2258621217957
2026-01-17,wk inc flu hosp,2,2026-01-31,55,quantile,0.7,735.6333934095697
2026-01-17,wk inc flu hosp,2,2026-01-31,55,quantile,0.75,808.3584981719266
2026-01-17,wk inc flu hosp,2,2026-01-31,55,quantile,0.8,917.6987114657671
2026-01-17,wk inc flu hosp,2,2026-01-31,55,quantile,0.85,1089.685416493882
2026-01-17,wk inc flu hosp,2,2026-01-31,55,quantile,0.9,1426.8415843467344
2026-01-17,wk inc flu hosp,2,2026-01-31,55,quantile,0.95,1651.769771085899
2026-01-17,wk inc flu hosp,2,2026-01-31,55,quantile,0.975,2301.098780377331
2026-01-17,wk inc flu hosp,2,2026-01-31,55,quantile,0.99,2453.771001976346
2026-01-17,wk inc flu hosp,2,2026-01-31,56,quantile,0.01,10.789234747581137
2026-01-17,wk inc flu hosp,2,2026-01-31,56,quantile,0.025,14.635386345302138
2026-01-17,wk inc flu hosp,2,2026-01-31,56,quantile,0.05,19.663772117190657
2026-01-17,wk inc flu hosp,2,2026-01-31,56,quantile,0.1,27.64157338103622
2026-01-17,wk inc flu hosp,2,2026-01-31,56,quantile,0.15,34.08817717608966
2026-01-17,wk inc flu hosp,2,2026-01-31,56,quantile,0.2,40.338990327617566
2026-01-17,wk inc flu hosp,2,2026-01-31,56,quantile,0.25,46.47981467403192
2026-01-17,wk inc flu hosp,2,2026-01-31,56,quantile,0.3,51.427576098656075
2026-01-17,wk inc flu hosp,2,2026-01-31,56,quantile,0.35,57.190770315194726
2026-01-17,wk inc flu hosp,2,2026-01-31,56,quantile,0.4,63.17100861592502
2026-01-17,wk inc flu hosp,2,2026-01-31,56,quantile,0.45,69.51956145390814
2026-01-17,wk inc flu hosp,2,2026-01-31,56,quantile,0.5,74.27256739680038
2026-01-17,wk inc flu hosp,2,2026-01-31,56,quantile,0.55,80.22199574969521
2026-01-17,wk inc flu hosp,2,2026-01-31,56,quantile,0.6,88.65075189070716
2026-01-17,wk inc flu hosp,2,2026-01-31,56,quantile,0.65,98.55091362914075
2026-01-17,wk inc flu hosp,2,2026-01-31,56,quantile,0.7,110.34483216058389
2026-01-17,wk inc flu hosp,2,2026-01-31,56,quantile,0.75,123.94822661088374
2026-01-17,wk inc flu hosp,2,2026-01-31,56,quantile,0.8,141.28896694986224
2026-01-17,wk inc flu hosp,2,2026-01-31,56,quantile,0.85,161.042465239843
2026-01-17,wk inc flu hosp,2,2026-01-31,56,quantile,0.9,197.06335796925566
2026-01-17,wk inc flu hosp,2,2026-01-31,56,quantile,0.95,279.3949804751763
2026-01-17,wk inc flu hosp,2,2026-01-31,56,quantile,0.975,322.52366500412563
2026-01-17,wk inc flu hosp,2,2026-01-31,56,quantile,0.99,442.88902882527555
2026-01-17,wk inc flu hosp,2,2026-01-31,72,quantile,0.01,105.7239668039245
2026-01-17,wk inc flu hosp,2,2026-01-31,72,quantile,0.025,125.35683475607303
2026-01-17,wk inc flu hosp,2,2026-01-31,72,quantile,0.05,146.25274380668557
2026-01-17,wk inc flu hosp,2,2026-01-31,72,quantile,0.1,174.668325448973
2026-01-17,wk inc flu hosp,2,2026-01-31,72,quantile,0.15,196.78990071842856
2026-01-17,wk inc flu hosp,2,2026-01-31,72,quantile,0.2,216.38490828001406
2026-01-17,wk inc flu hosp,2,2026-01-31,72,quantile,0.25,234.68722624507564
2026-01-17,wk inc flu hosp,2,2026-01-31,72,quantile,0.3,252.46697718825894
2026-01-17,wk inc flu hosp,2,2026-01-31,72,quantile,0.35,270.2333727045965
2026-01-17,wk inc flu hosp,2,2026-01-31,72,quantile,0.4,288.433978902046
2026-01-17,wk inc flu hosp,2,2026-01-31,72,quantile,0.45,307.53025550402464
2026-01-17,wk inc flu hosp,2,2026-01-31,72,quantile,0.5,328.0214765342512
2026-01-17,wk inc flu hosp,2,2026-01-31,72,quantile,0.55,341.9647076397783
2026-01-17,wk inc flu hosp,2,2026-01-31,72,quantile,0.6,359.40611112712634
2026-01-17,wk inc flu hosp,2,2026-01-31,72,quantile,0.65,377.09123984721424
2026-01-17,wk inc flu hosp,2,2026-01-31,72,quantile,0.7,399.7579210045075
2026-01-17,wk inc flu hosp,2,2026-01-31,72,quantile,0.75,431.4027992332127
2026-01-17,wk inc flu hosp,2,2026-01-31,72,quantile,0.8,463.8330324602666
2026-01-17,wk inc flu hosp,2,2026-01-31,72,quantile,0.85,506.7952429343568
2026-01-17,wk inc flu hosp,2,2026-01-31,72,quantile,0.9,573.4995965699646
2026-01-17,wk inc flu hosp,2,2026-01-31,72,quantile,0.95,692.4275397397523
2026-01-17,wk inc flu hosp,2,2026-01-31,72,quantile,0.975,802.2131126652388
2026-01-17,wk inc flu hosp,2,2026-01-31,72,quantile,0.99,868.9731776450747
2026-01-17,wk inc flu hosp,2,2026-01-31,US,quantile,0.01,13313.657260037735
2026-01-17,wk inc flu hosp,2,2026-01-31,US,quantile,0.025,15956.299797705035
2026-01-17,wk inc flu hosp,2,2026-01-31,US,quantile,0.05,18641.939957379014
2026-01-17,wk inc flu hosp,2,2026-01-31,US,quantile,0.1,22496.55012600584
2026-01-17,wk inc flu hosp,2,2026-01-31,US,quantile,0.15,25528.430379905694
2026-01-17,wk inc flu hosp,2,2026-01-31,US,quantile,0.2,28238.840159064664
2026-01-17,wk inc flu hosp,2,2026-01-31,US,quantile,0.25,30749.794984562912
2026-01-17,wk inc flu hosp,2,2026-01-31,US,quantile,0.3,33179.357494231735
2026-01-17,wk inc flu hosp,2,2026-01-31,US,quantile,0.35,35614.28309680943
2026-01-17,wk inc flu hosp,2,2026-01-31,US,quantile,0.4,38118.129620190004
2026-01-17,wk inc flu hosp,2,2026-01-31,US,quantile,0.45,40452.99291301127
2026-01-17,wk inc flu hosp,2,2026-01-31,US,quantile,0.5,42886.54850236074
2026-01-17,wk inc flu hosp,2,2026-01-31,US,quantile,0.55,45846.6538611528
2026-01-17,wk inc flu hosp,2,2026-01-31,US,quantile,0.6,49161.40082091119
2026-01-17,wk inc flu hosp,2,2026-01-31,US,quantile,0.65,53080.94955950093
2026-01-17,wk inc flu hosp,2,2026-01-31,US,quantile,0.7,56474.77216441015
2026-01-17,wk inc flu hosp,2,2026-01-31,US,quantile,0.75,61084.253956815184
2026-01-17,wk inc flu hosp,2,2026-01-31,US,quantile,0.8,67955.0004257821
2026-01-17,wk inc flu hosp,2,2026-01-31,US,quantile,0.85,77591.83078740553
2026-01-17,wk inc flu hosp,2,2026-01-31,US,quantile,0.9,85117.16281201283
2026-01-17,wk inc flu hosp,2,2026-01-31,US,quantile,0.95,96641.4848529148
2026-01-17,wk inc flu hosp,2,2026-01-31,US,quantile,0.975,105394.14680927027
2026-01-17,wk inc flu hosp,2,2026-01-31,US,quantile,0.99,115281.60795884996
2026-01-17,wk inc flu hosp,3,2026-02-07,01,quantile,0.01,101.52341595793023
2026-01-17,wk inc flu hosp,3,2026-02-07,01,quantile,0.025,125.79053844196237
2026-01-17,wk inc flu hosp,3,2026-02-07,01,quantile,0.05,156.4641712272861
2026-01-17,wk inc flu hosp,3,2026-02-07,01,quantile,0.1,196.58076774089102
2026-01-17,wk inc flu hosp,3,2026-02-07,01,quantile,0.15,229.67781427513796
2026-01-17,wk inc flu hosp,3,2026-02-07,01,quantile,0.2,258.23147854479475
2026-01-17,wk inc flu hosp,3,2026-02-07,01,quantile,0.25,286.30645863412707
2026-01-17,wk inc flu hosp,3,2026-02-07,01,quantile,0.3,313.6956279951095
2026-01-17,wk inc flu hosp,3,2026-02-07,01,quantile,0.35,341.36274335568794
2026-01-17,wk inc flu hosp,3,2026-02-07,01,quantile,0.4,369.7529736227455
2026-01-17,wk inc flu hosp,3,2026-02-07,01,quantile,0.45,399.32623363474625
2026-01-17,wk inc flu hosp,3,2026-02-07,01,quantile,0.5,431.08089235425723
2026-01-17,wk inc flu hosp,3,2026-02-07,01,quantile,0.55,466.02983335020735
2026-01-17,wk inc flu hosp,3,2026-02-07,01,quantile,0.6,505.91107369714945
2026-01-17,wk inc flu hosp,3,2026-02-07,01,quantile,0.65,538.1405463990412
2026-01-17,wk inc flu hosp,3,2026-02-07,01,quantile,0.7,576.3776096002663
2026-01-17,wk inc flu hosp,3,2026-02-07,01,quantile,0.75,634.5531769913997
2026-01-17,wk inc flu hosp,3,2026-02-07,01,quantile,0.8,714.0690867765488
2026-01-17,wk inc flu hosp,3,2026-02-07,01,quantile,0.85,790.5889553447404
2026-01-17,wk inc flu hosp,3,2026-02-07,01,quantile,0.9,921.1209429488933
2026-01-17,wk inc flu hosp,3,2026-02-07,01,quantile,0.95,1395.182614555519
2026-01-17,wk inc flu hosp,3,2026-02-07,01,quantile,0.975,1491.7612892906106
2026-01-17,wk inc flu hosp,3,2026-02-07,01,quantile,0.99,1730.4356203826933
2026-01-17,wk inc flu hosp,3,2026-02-07,02,quantile,0.01,5.185707360385483
2026-01-17,wk inc flu hosp,3,2026-02-07,02,quantile,0.025,7.052381704379478
2026-01-17,wk inc flu hosp,3,2026-02-07,02,quantile,0.05,9.134354849192473
2026-01-17,wk inc flu hosp,3,2026-02-07,02,quantile,0.1,11.86095952554683
2026-01-17,wk inc flu hosp,3,2026-02-07,02,quantile,0.15,13.956319900926072
2026-01-17,wk inc flu hosp,3,2026-02-07,02,quantile,0.2,15.79829716352202
2026-01-17,wk inc flu hosp,3,2026-02-07,02,quantile,0.25,17.523246777799194
2026-01-17,wk inc flu hosp,3,2026-02-07,02,quantile,0.3,19.206961366839714
2026-01-17,wk inc flu hosp,3,2026-02-07,02,quantile,0.35,20.91396963737813
2026-01-17,wk inc flu hosp,3,2026-02-07,02,quantile,0.4,22.640205258849434
2026-01-17,wk inc flu hosp,3,2026-02-07,02,quantile,0.45,24.160771344206776
2026-01-17,wk inc flu hosp,3,2026-02-07,02,quantile,0.5,25.98685261674309
2026-01-17,wk inc flu hosp,3,2026-02-07,02,quantile,0.55,28.174074718861412
2026-01-17,wk inc flu hosp,3,2026-02-07,02,quantile,0.6,30.741450487998634
2026-01-17,wk inc flu hosp,3,2026-02-07,02,quantile,0.65,33.858438140610424
2026-01-17,wk inc flu hosp,3,2026-02-07,02,quantile,0.7,37.83203978261811
2026-01-17,wk inc flu hosp,3,2026-02-07,02,quantile,0.75,43.294064853372596
2026-01-17,wk inc flu hosp,3,2026-02-07,02,quantile,0.8,51.9895534658857
2026-01-17,wk inc flu hosp,3,2026-02-07,02,quantile,0.85,67.51176637081343
2026-01-17,wk inc flu hosp,3,2026-02-07,02,quantile,0.9,77.27180728965787
2026-01-17,wk inc flu hosp,3,2026-02-07,02,quantile,0.95,110.44205421632215
2026-01-17,wk inc flu hosp,3,2026-02-07,02,quantile,0.975,162.31267672846056
2026-01-17,wk inc flu hosp,3,2026-02-07,02,quantile,0.99,197.32542055536254
2026-01-17,wk inc flu hosp,3,2026-02-07,04,quantile,0.01,55.46680419903432
2026-01-17,wk inc flu hosp,3,2026-02-07,04,quantile,0.025,71.89062808530811
2026-01-17,wk inc flu hosp,3,2026-02-07,04,quantile,0.05,85.06214971942825
2026-01-17,wk inc flu hosp,3,2026-02-07,04,quantile,0.1,109.617102999929
2026-01-17,wk inc flu hosp,3,2026-02-07,04,quantile,0.15,125.78031010476279
2026-01-17,wk inc flu hosp,3,2026-02-07,04,quantile,0.2,142.34411730024985
2026-01-17,wk inc flu hosp,3,2026-02-07,04,quantile,0.25,157.38871312398734
2026-01-17,wk inc flu hosp,3,2026-02-07,04,quantile,0.3,171.54859501908277
2026-01-17,wk inc flu hosp,3,2026-02-07,04,quantile,0.35,185.49839623050894
2026-01-17,wk inc flu hosp,3,2026-02-07,04,quantile,0.4,199.4640856701833
2026-01-17,wk inc flu hosp,3,2026-02-07,04,quantile,0.45,213.67001643300551
2026-01-17,wk inc flu hosp,3,2026-02-07,04,quantile,0.5,228.4169408140528
2026-01-17,wk inc flu hosp,3,2026-02-07,04,quantile,0.55,244.27393521728902
2026-01-17,wk inc flu hosp,3,2026-02-07,04,quantile,0.6,261.71464227189216
2026-01-17,wk inc flu hosp,3,2026-02-07,04,quantile,0.65,281.35854792456223
2026-01-17,wk inc flu hosp,3,2026-02-07,04,quantile,0.7,304.79677798065717
2026-01-17,wk inc flu hosp,3,2026-02-07,04,quantile,0.75,333.4510400652568
2026-01-17,wk inc flu hosp,3,2026-02-07,04,quantile,0.8,369.4076033537456
2026-01-17,wk inc flu hosp,3,2026-02-07,04,quantile,0.85,408.0957266605776
2026-01-17,wk inc flu hosp,3,2026-02-07,04,quantile,0.9,489.1504707914811
2026-01-17,wk inc flu hosp,3,2026-02-07,04,quantile,0.95,648.0695805351253
2026-01-17,wk inc flu hosp,3,2026-02-07,04,quantile,0.975,839.5650706737441
2026-01-17,wk inc flu hosp,3,2026-02-07,04,quantile,0.99,868.4736438378246
2026-01-17,wk inc flu hosp,3,2026-02-07,05,quantile,0.01,74.0074927122136
2026-01-17,wk inc flu hosp,3,2026-02-07,05,quantile,0.025,92.73965112765796
2026-01-17,wk inc flu hosp,3,2026-02-07,05,quantile,0.05,113.45946459155374
2026-01-17,wk inc flu hosp,3,2026-02-07,05,quantile,0.1,151.59137434023467
2026-01-17,wk inc flu hosp,3,2026-02-07,05,quantile,0.15,193.1594220851866
2026-01-17,wk inc flu hosp,3,2026-02-07,05,quantile,0.2,239.08168425331104
2026-01-17,wk inc flu hosp,3,2026-02-07,05,quantile,0.25,289.12649565047957
2026-01-17,wk inc flu hosp,3,2026-02-07,05,quantile,0.3,338.64716630383106
2026-01-17,wk inc flu hosp,3,2026-02-07,05,quantile,0.35,370.817581980268
2026-01-17,wk inc flu hosp,3,2026-02-07,05,quantile,0.4,400.1107119653553
2026-01-17,wk inc flu hosp,3,2026-02-07,05,quantile,0.45,437.1072605413257
2026-01-17,wk inc flu hosp,3,2026-02-07,05,quantile,0.5,470.48551783442934
2026-01-17,wk inc flu hosp,3,2026-02-07,05,quantile,0.55,502.4020106019892
2026-01-17,wk inc flu hosp,3,2026-02-07,05,quantile,0.6,547.2244226372039
2026-01-17,wk inc flu hosp,3,2026-02-07,05,quantile,0.65,599.8001956626125
2026-01-17,wk inc flu hosp,3,2026-02-07,05,quantile,0.7,658.8892352653507
2026-01-17,wk inc flu hosp,3,2026-02-07,05,quantile,0.75,720.4950764444905
2026-01-17,wk inc flu hosp,3,2026-02-07,05,quantile,0.8,825.5768168506512
2026-01-17,wk inc flu hosp,3,2026-02-07,05,quantile,0.85,975.6485751194886
2026-01-17,wk inc flu hosp,3,2026-02-07,05,quantile,0.9,1213.9813609932303
2026-01-17,wk inc flu hosp,3,2026-02-07,05,quantile,0.95,1607.3744558351068
2026-01-17,wk inc flu hosp,3,2026-02-07,05,quantile,0.975,1921.824943415979
2026-01-17,wk inc flu hosp,3,2026-02-07,05,quantile,0.99,2684.961609981461
2026-01-17,wk inc flu hosp,3,2026-02-07,06,quantile,0.01,537.2212749712913
2026-01-17,wk inc flu hosp,3,2026-02-07,06,quantile,0.025,628.4654516363672
2026-01-17,wk inc flu hosp,3,2026-02-07,06,quantile,0.05,734.9394260849539
2026-01-17,wk inc flu hosp,3,2026-02-07,06,quantile,0.1,888.0466896824865
2026-01-17,wk inc flu hosp,3,2026-02-07,06,quantile,0.15,1002.4671935931967
2026-01-17,wk inc flu hosp,3,2026-02-07,06,quantile,0.2,1089.4847365925775
2026-01-17,wk inc flu hosp,3,2026-02-07,06,quantile,0.25,1174.8435626724997
2026-01-17,wk inc flu hosp,3,2026-02-07,06,quantile,0.3,1264.6425480143785
2026-01-17,wk inc flu hosp,3,2026-02-07,06,quantile,0.35,1355.1601612305592
2026-01-17,wk inc flu hosp,3,2026-02-07,06,quantile,0.4,1446.2577081141026
2026-01-17,wk inc flu hosp,3,2026-02-07,06,quantile,0.45,1539.1767732914445
2026-01-17,wk inc flu hosp,3,2026-02-07,06,quantile,0.5,1627.4477150640532
2026-01-17,wk inc flu hosp,3,2026-02-07,06,quantile,0.55,1718.8734168358953
2026-01-17,wk inc flu hosp,3,2026-02-07,06,quantile,0.6,1827.8934347894342
2026-01-17,wk inc flu hosp,3,2026-02-07,06,quantile,0.65,1952.986443728436
2026-01-17,wk inc flu hosp,3,2026-02-07,06,quantile,0.7,2096.3052772297688
2026-01-17,wk inc flu hosp,3,2026-02-07,06,quantile,0.75,2265.2022653385825
2026-01-17,wk inc flu hosp,3,2026-02-07,06,quantile,0.8,2474.8059746646018
2026-01-17,wk inc flu hosp,3,2026-02-07,06,quantile,0.85,2670.2315271172947
2026-01-17,wk inc flu hosp,3,2026-02-07,06,quantile,0.9,3060.6715100010006
2026-01-17,wk inc flu hosp,3,2026-02-07,06,quantile,0.95,3772.3187570892314
2026-01-17,wk inc flu hosp,3,2026-02-07,06,quantile,0.975,4964.011196760891
2026-01-17,wk inc flu hosp,3,2026-02-07,06,quantile,0.99,5991.019007185873
2026-01-17,wk inc flu hosp,3,2026-02-07,08,quantile,0.01,91.29128813308415
2026-01-17,wk inc flu hosp,3,2026-02-07,08,quantile,0.025,109.76230695023052
2026-01-17,wk inc flu hosp,3,2026-02-07,08,quantile,0.05,132.80769043156675
2026-01-17,wk inc flu hosp,3,2026-02-07,08,quantile,0.1,166.34173517162995
2026-01-17,wk inc flu hosp,3,2026-02-07,08,quantile,0.15,193.34441168854215
2026-01-17,wk inc flu hosp,3,2026-02-07,08,quantile,0.2,219.79409225234818
2026-01-17,wk inc flu hosp,3,2026-02-07,08,quantile,0.25,245.88269327034538
2026-01-17,wk inc flu hosp,3,2026-02-07,08,quantile,0.3,272.8935501702447
2026-01-17,wk inc flu hosp,3,2026-02-07,08,quantile,0.35,301.02406763259586
2026-01-17,wk inc flu hosp,3,2026-02-07,08,quantile,0.4,330.3493952378844
2026-01-17,wk inc flu hosp,3,2026-02-07,08,quantile,0.45,361.6173869982607
2026-01-17,wk inc flu hosp,3,2026-02-07,08,quantile,0.5,395.1875010367108
2026-01-17,wk inc flu hosp,3,2026-02-07,08,quantile,0.55,432.2347253525068
2026-01-17,wk inc flu hosp,3,2026-02-07,08,quantile,0.6,474.73799014038025
2026-01-17,wk inc flu hosp,3,2026-02-07,08,quantile,0.65,525.9597874576511
2026-01-17,wk inc flu hosp,3,2026-02-07,08,quantile,0.7,562.1439580096641
2026-01-17,wk inc flu hosp,3,2026-02-07,08,quantile,0.75,635.9549378081667
2026-01-17,wk inc flu hosp,3,2026-02-07,08,quantile,0.8,736.3003532475165
2026-01-17,wk inc flu hosp,3,2026-02-07,08,quantile,0.85,924.3582661903549
2026-01-17,wk inc flu hosp,3,2026-02-07,08,quantile,0.9,1121.543524561083
2026-01-17,wk inc flu hosp,3,2026-02-07,08,quantile,0.95,1376.681775604979
2026-01-17,wk inc flu hosp,3,2026-02-07,08,quantile,0.975,1475.7109358790126
2026-01-17,wk inc flu hosp,3,2026-02-07,08,quantile,0.99,1649.6942738089926
2026-01-17,wk inc flu hosp,3,2026-02-07,09,quantile,0.01,18.825939157666962
2026-01-17,wk inc flu hosp,3,2026-02-07,09,quantile,0.025,31.08958380860857
2026-01-17,wk inc flu hosp,3,2026-02-07,09,quantile,0.05,36.02937516993323
2026-01-17,wk inc flu hosp,3,2026-02-07,09,quantile,0.1,45.63174033563204
2026-01-17,wk inc flu hosp,3,2026-02-07,09,quantile,0.15,51.9305339520515
2026-01-17,wk inc flu hosp,3,2026-02-07,09,quantile,0.2,58.22932756847095
2026-01-17,wk inc flu hosp,3,2026-02-07,09,quantile,0.25,64.40208162247332
2026-01-17,wk inc flu hosp,3,2026-02-07,09,quantile,0.3,70.51778033915417
2026-01-17,wk inc flu hosp,3,2026-02-07,09,quantile,0.35,76.94830418665168
2026-01-17,wk inc flu hosp,3,2026-02-07,09,quantile,0.4,84.44587269921645
2026-01-17,wk inc flu hosp,3,2026-02-07,09,quantile,0.45,92.60027762409457
2026-01-17,wk inc flu hosp,3,2026-02-07,09,quantile,0.5,103.07304858367515
2026-01-17,wk inc flu hosp,3,2026-02-07,09,quantile,0.55,117.2072164379258
2026-01-17,wk inc flu hosp,3,2026-02-07,09,quantile,0.6,138.10723029428942
2026-01-17,wk inc flu hosp,3,2026-02-07,09,quantile,0.65,175.76346094098895
2026-01-17,wk inc flu hosp,3,2026-02-07,09,quantile,0.7,277.94745071252913
2026-01-17,wk inc flu hosp,3,2026-02-07,09,quantile,0.75,363.30799464349224
2026-01-17,wk inc flu hosp,3,2026-02-07,09,quantile,0.8,485.59164819983397
2026-01-17,wk inc flu hosp,3,2026-02-07,09,quantile,0.85,662.170883551593
2026-01-17,wk inc flu hosp,3,2026-02-07,09,quantile,0.9,872.8128864811345
2026-01-17,wk inc flu hosp,3,2026-02-07,09,quantile,0.95,1139.2001387741773
2026-01-17,wk inc flu hosp,3,2026-02-07,09,quantile,0.975,1421.0781960519323
2026-01-17,wk inc flu hosp,3,2026-02-07,09,quantile,0.99,4116.1792095493365
2026-01-17,wk inc flu hosp,3,2026-02-07,10,quantile,0.01,28.321431507804572
2026-01-17,wk inc flu hosp,3,2026-02-07,10,quantile,0.025,38.26411731382363
2026-01-17,wk inc flu hosp,3,2026-02-07,10,quantile,0.05,52.02327511695344
2026-01-17,wk inc flu hosp,3,2026-02-07,10,quantile,0.1,74.79162412519501
2026-01-17,wk inc flu hosp,3,2026-02-07,10,quantile,0.15,94.23783845207653
2026-01-17,wk inc flu hosp,3,2026-02-07,10,quantile,0.2,112.44045636423084
2026-01-17,wk inc flu hosp,3,2026-02-07,10,quantile,0.25,129.93561008666995
2026-01-17,wk inc flu hosp,3,2026-02-07,10,quantile,0.3,147.717154946302
2026-01-17,wk inc flu hosp,3,2026-02-07,10,quantile,0.35,163.58639907560868
2026-01-17,wk inc flu hosp,3,2026-02-07,10,quantile,0.4,175.6177249446815
2026-01-17,wk inc flu hosp,3,2026-02-07,10,quantile,0.45,184.98665482619907
2026-01-17,wk inc flu hosp,3,2026-02-07,10,quantile,0.5,193.59246146143306
2026-01-17,wk inc flu hosp,3,2026-02-07,10,quantile,0.55,202.57813875934045
2026-01-17,wk inc flu hosp,3,2026-02-07,10,quantile,0.6,213.53222945599987
2026-01-17,wk inc flu hosp,3,2026-02-07,10,quantile,0.65,230.6294006405936
2026-01-17,wk inc flu hosp,3,2026-02-07,10,quantile,0.7,267.50329112156777
2026-01-17,wk inc flu hosp,3,2026-02-07,10,quantile,0.75,304.6251607747575
2026-01-17,wk inc flu hosp,3,2026-02-07,10,quantile,0.8,356.7822558475847
2026-01-17,wk inc flu hosp,3,2026-02-07,10,quantile,0.85,461.1753318278918
2026-01-17,wk inc flu hosp,3,2026-02-07,10,quantile,0.9,554.5253857513205
2026-01-17,wk inc flu hosp,3,2026-02-07,10,quantile,0.95,608.5248956724765
2026-01-17,wk inc flu hosp,3,2026-02-07,10,quantile,0.975,656.478660587826
2026-01-17,wk inc flu hosp,3,2026-02-07,10,quantile,0.99,882.9145310422816
2026-01-17,wk inc flu hosp,3,2026-02-07,11,quantile,0.01,13.680691372494092
2026-01-17,wk inc flu hosp,3,2026-02-07,11,quantile,0.025,17.61252662118627
2026-01-17,wk inc flu hosp,3,2026-02-07,11,quantile,0.05,23.725545865184
2026-01-17,wk inc flu hosp,3,2026-02-07,11,quantile,0.1,33.42350164788876
2026-01-17,wk inc flu hosp,3,2026-02-07,11,quantile,0.15,42.261620324986744
2026-01-17,wk inc flu hosp,3,2026-02-07,11,quantile,0.2,51.05281258660372
2026-01-17,wk inc flu hosp,3,2026-02-07,11,quantile,0.25,59.7258175026944
2026-01-17,wk inc flu hosp,3,2026-02-07,11,quantile,0.3,68.6770906927642
2026-01-17,wk inc flu hosp,3,2026-02-07,11,quantile,0.35,77.81375964311404
2026-01-17,wk inc flu hosp,3,2026-02-07,11,quantile,0.4,87.1496608448704
2026-01-17,wk inc flu hosp,3,2026-02-07,11,quantile,0.45,96.8943946750896
2026-01-17,wk inc flu hosp,3,2026-02-07,11,quantile,0.5,107.39812979887182
2026-01-17,wk inc flu hosp,3,2026-02-07,11,quantile,0.55,117.45249925181618
2026-01-17,wk inc flu hosp,3,2026-02-07,11,quantile,0.6,130.150176434113
2026-01-17,wk inc flu hosp,3,2026-02-07,11,quantile,0.65,145.5231581120061
2026-01-17,wk inc flu hosp,3,2026-02-07,11,quantile,0.7,158.74324763909453
2026-01-17,wk inc flu hosp,3,2026-02-07,11,quantile,0.75,184.7152958839326
2026-01-17,wk inc flu hosp,3,2026-02-07,11,quantile,0.8,221.73142719706274
2026-01-17,wk inc flu hosp,3,2026-02-07,11,quantile,0.85,248.24158284921486
2026-01-17,wk inc flu hosp,3,2026-02-07,11,quantile,0.9,319.9231736384309
2026-01-17,wk inc flu hosp,3,2026-02-07,11,quantile,0.95,354.99725539220395
2026-01-17,wk inc flu hosp,3,2026-02-07,11,quantile,0.975,392.3851545182276
2026-01-17,wk inc flu hosp,3,2026-02-07,11,quantile,0.99,508.5822329252259
2026-01-17,wk inc flu hosp,3,2026-02-07,12,quantile,0.01,745.5759115974183
2026-01-17,wk inc flu hosp,3,2026-02-07,12,quantile,0.025,871.032177056548
2026-01-17,wk inc flu hosp,3,2026-02-07,12,quantile,0.05,1014.2264476785957
2026-01-17,wk inc flu hosp,3,2026-02-07,12,quantile,0.1,1205.64879601273
2026-01-17,wk inc flu hosp,3,2026-02-07,12,quantile,0.15,1356.963542169538
2026-01-17,wk inc flu hosp,3,2026-02-07,12,quantile,0.2,1489.7111474228957
2026-01-17,wk inc flu hosp,3,2026-02-07,12,quantile,0.25,1614.168153986739
2026-01-17,wk inc flu hosp,3,2026-02-07,12,quantile,0.3,1734.8342888717336
2026-01-17,wk inc flu hosp,3,2026-02-07,12,quantile,0.35,1855.4874091351908
2026-01-17,wk inc flu hosp,3,2026-02-07,12,quantile,0.4,1979.0033905341072
2026-01-17,wk inc flu hosp,3,2026-02-07,12,quantile,0.45,2108.3587663813587
2026-01-17,wk inc flu hosp,3,2026-02-07,12,quantile,0.5,2247.3204193518172
2026-01-17,wk inc flu hosp,3,2026-02-07,12,quantile,0.55,2400.5113851069723
2026-01-17,wk inc flu hosp,3,2026-02-07,12,quantile,0.6,2572.670311314749
2026-01-17,wk inc flu hosp,3,2026-02-07,12,quantile,0.65,2682.61323598026
2026-01-17,wk inc flu hosp,3,2026-02-07,12,quantile,0.7,2890.5308694706105
2026-01-17,wk inc flu hosp,3,2026-02-07,12,quantile,0.75,3153.6669058183775
2026-01-17,wk inc flu hosp,3,2026-02-07,12,quantile,0.8,3407.2342914717165
2026-01-17,wk inc flu hosp,3,2026-02-07,12,quantile,0.85,3932.2825425649166
2026-01-17,wk inc flu hosp,3,2026-02-07,12,quantile,0.9,5171.119756336169
2026-01-17,wk inc flu hosp,3,2026-02-07,12,quantile,0.95,6083.3644660173495
2026-01-17,wk inc flu hosp,3,2026-02-07,12,quantile,0.975,6963.623214955711
2026-01-17,wk inc flu hosp,3,2026-02-07,12,quantile,0.99,7798.127852272915
2026-01-17,wk inc flu hosp,3,2026-02-07,13,quantile,0.01,274.8172949599048
2026-01-17,wk inc flu hosp,3,2026-02-07,13,quantile,0.025,315.1337871410346
2026-01-17,wk inc flu hosp,3,2026-02-07,13,quantile,0.05,362.9471147624972
2026-01-17,wk inc flu hosp,3,2026-02-07,13,quantile,0.1,427.90285144830136
2026-01-17,wk inc flu hosp,3,2026-02-07,13,quantile,0.15,477.92064121296215
2026-01-17,wk inc flu hosp,3,2026-02-07,13,quantile,0.2,522.1426493473796
2026-01-17,wk inc flu hosp,3,2026-02-07,13,quantile,0.25,564.3005472155854
2026-01-17,wk inc flu hosp,3,2026-02-07,13,quantile,0.3,606.0288689856058
2026-01-17,wk inc flu hosp,3,2026-02-07,13,quantile,0.35,648.6202241143856
2026-01-17,wk inc flu hosp,3,2026-02-07,13,quantile,0.4,693.1579136153734
2026-01-17,wk inc flu hosp,3,2026-02-07,13,quantile,0.45,740.9005564411735
2026-01-17,wk inc flu hosp,3,2026-02-07,13,quantile,0.5,793.0927594845309
2026-01-17,wk inc flu hosp,3,2026-02-07,13,quantile,0.55,851.6911414577893
2026-01-17,wk inc flu hosp,3,2026-02-07,13,quantile,0.6,919.9593745180632
2026-01-17,wk inc flu hosp,3,2026-02-07,13,quantile,0.65,1001.6972473418069
2026-01-17,wk inc flu hosp,3,2026-02-07,13,quantile,0.7,1069.7027696861517
2026-01-17,wk inc flu hosp,3,2026-02-07,13,quantile,0.75,1179.8437260465575
2026-01-17,wk inc flu hosp,3,2026-02-07,13,quantile,0.8,1366.40706575916
2026-01-17,wk inc flu hosp,3,2026-02-07,13,quantile,0.85,1649.5505723243054
2026-01-17,wk inc flu hosp,3,2026-02-07,13,quantile,0.9,2285.484479053657
2026-01-17,wk inc flu hosp,3,2026-02-07,13,quantile,0.95,3322.2012560851404
2026-01-17,wk inc flu hosp,3,2026-02-07,13,quantile,0.975,3727.399797588197
2026-01-17,wk inc flu hosp,3,2026-02-07,13,quantile,0.99,4070.8978269275703
2026-01-17,wk inc flu hosp,3,2026-02-07,15,quantile,0.01,13.209988687272672
2026-01-17,wk inc flu hosp,3,2026-02-07,15,quantile,0.025,18.01761611668417
2026-01-17,wk inc flu hosp,3,2026-02-07,15,quantile,0.05,22.676131126614635
2026-01-17,wk inc flu hosp,3,2026-02-07,15,quantile,0.1,28.77147505280077
2026-01-17,wk inc flu hosp,3,2026-02-07,15,quantile,0.15,33.27890088016705
2026-01-17,wk inc flu hosp,3,2026-02-07,15,quantile,0.2,37.63826050312631
2026-01-17,wk inc flu hosp,3,2026-02-07,15,quantile,0.25,42.054013217089114
2026-01-17,wk inc flu hosp,3,2026-02-07,15,quantile,0.3,46.68891020488114
2026-01-17,wk inc flu hosp,3,2026-02-07,15,quantile,0.35,51.74285327403069
2026-01-17,wk inc flu hosp,3,2026-02-07,15,quantile,0.4,57.310763261714875
2026-01-17,wk inc flu hosp,3,2026-02-07,15,quantile,0.45,63.451454904794275
2026-01-17,wk inc flu hosp,3,2026-02-07,15,quantile,0.5,70.4212370679498
2026-01-17,wk inc flu hosp,3,2026-02-07,15,quantile,0.55,78.23918757850619
2026-01-17,wk inc flu hosp,3,2026-02-07,15,quantile,0.6,84.41930256380083
2026-01-17,wk inc flu hosp,3,2026-02-07,15,quantile,0.65,92.98322913675602
2026-01-17,wk inc flu hosp,3,2026-02-07,15,quantile,0.7,103.86499218009676
2026-01-17,wk inc flu hosp,3,2026-02-07,15,quantile,0.75,111.63783641773047
2026-01-17,wk inc flu hosp,3,2026-02-07,15,quantile,0.8,123.80072222811954
2026-01-17,wk inc flu hosp,3,2026-02-07,15,quantile,0.85,144.15389679661578
2026-01-17,wk inc flu hosp,3,2026-02-07,15,quantile,0.9,178.58996815445974
2026-01-17,wk inc flu hosp,3,2026-02-07,15,quantile,0.95,238.34605159029633
2026-01-17,wk inc flu hosp,3,2026-02-07,15,quantile,0.975,279.9988205745984
2026-01-17,wk inc flu hosp,3,2026-02-07,15,quantile,0.99,319.82861480852114
2026-01-17,wk inc flu hosp,3,2026-02-07,16,quantile,0.01,13.708329592380771
2026-01-17,wk inc flu hosp,3,2026-02-07,16,quantile,0.025,18.44172137211886
2026-01-17,wk inc flu hosp,3,2026-02-07,16,quantile,0.05,24.477509265361206
2026-01-17,wk inc flu hosp,3,2026-02-07,16,quantile,0.1,34.519050755401715
2026-01-17,wk inc flu hosp,3,2026-02-07,16,quantile,0.15,43.13617609198007
2026-01-17,wk inc flu hosp,3,2026-02-07,16,quantile,0.2,51.1101323623633
2026-01-17,wk inc flu hosp,3,2026-02-07,16,quantile,0.25,58.63378797570286
2026-01-17,wk inc flu hosp,3,2026-02-07,16,quantile,0.3,65.9836617819417
2026-01-17,wk inc flu hosp,3,2026-02-07,16,quantile,0.35,73.48020896824536
2026-01-17,wk inc flu hosp,3,2026-02-07,16,quantile,0.4,81.49298720753083
2026-01-17,wk inc flu hosp,3,2026-02-07,16,quantile,0.45,90.44671445521338
2026-01-17,wk inc flu hosp,3,2026-02-07,16,quantile,0.5,100.92389745413568
2026-01-17,wk inc flu hosp,3,2026-02-07,16,quantile,0.55,113.78789801600766
2026-01-17,wk inc flu hosp,3,2026-02-07,16,quantile,0.6,128.48953733473593
2026-01-17,wk inc flu hosp,3,2026-02-07,16,quantile,0.65,148.78056754587078
2026-01-17,wk inc flu hosp,3,2026-02-07,16,quantile,0.7,163.33429337005137
2026-01-17,wk inc flu hosp,3,2026-02-07,16,quantile,0.75,190.79355624683484
2026-01-17,wk inc flu hosp,3,2026-02-07,16,quantile,0.8,230.66710358439326
2026-01-17,wk inc flu hosp,3,2026-02-07,16,quantile,0.85,281.6006991550474
2026-01-17,wk inc flu hosp,3,2026-02-07,16,quantile,0.9,345.04989990237726
2026-01-17,wk inc flu hosp,3,2026-02-07,16,quantile,0.95,368.2938146172453
2026-01-17,wk inc flu hosp,3,2026-02-07,16,quantile,0.975,425.85210306568865
2026-01-17,wk inc flu hosp,3,2026-02-07,16,quantile,0.99,586.7232670196369
2026-01-17,wk inc flu hosp,3,2026-02-07,17,quantile,0.01,311.7464740579847
2026-01-17,wk inc flu hosp,3,2026-02-07,17,quantile,0.025,384.05927819016125
2026-01-17,wk inc flu hosp,3,2026-02-07,17,quantile,0.05,451.63885027747654
2026-01-17,wk inc flu hosp,3,2026-02-07,17,quantile,0.1,549.4064298937185
2026-01-17,wk inc flu hosp,3,2026-02-07,17,quantile,0.15,626.2596152439014
2026-01-17,wk inc flu hosp,3,2026-02-07,17,quantile,0.2,693.227995658672
2026-01-17,wk inc flu hosp,3,2026-02-07,17,quantile,0.25,756.808259674952
2026-01-17,wk inc flu hosp,3,2026-02-07,17,quantile,0.3,819.7720330813785
2026-01-17,wk inc flu hosp,3,2026-02-07,17,quantile,0.35,884.5651887155091
2026-01-17,wk inc flu hosp,3,2026-02-07,17,quantile,0.4,953.2576187166485
2026-01-17,wk inc flu hosp,3,2026-02-07,17,quantile,0.45,1027.8726588441368
2026-01-17,wk inc flu hosp,3,2026-02-07,17,quantile,0.5,1111.867226725872
2026-01-17,wk inc flu hosp,3,2026-02-07,17,quantile,0.55,1209.001771378194
2026-01-17,wk inc flu hosp,3,2026-02-07,17,quantile,0.6,1325.5603785161184
2026-01-17,wk inc flu hosp,3,2026-02-07,17,quantile,0.65,1473.5800805095748
2026-01-17,wk inc flu hosp,3,2026-02-07,17,quantile,0.7,1626.8613973861802
2026-01-17,wk inc flu hosp,3,2026-02-07,17,quantile,0.75,1890.8746284650601
2026-01-17,wk inc flu hosp,3,2026-02-07,17,quantile,0.8,2354.7728301307993
2026-01-17,wk inc flu hosp,3,2026-02-07,17,quantile,0.85,3055.0228133775936
2026-01-17,wk inc flu hosp,3,2026-02-07,17,quantile,0.9,3885.5557251533037
2026-01-17,wk inc flu hosp,3,2026-02-07,17,quantile,0.95,4817.2631224113375
2026-01-17,wk inc flu hosp,3,2026-02-07,17,quantile,0.975,5256.562697158675
2026-01-17,wk inc flu hosp,3,2026-02-07,17,quantile,0.99,6219.2278818744335
2026-01-17,wk inc flu hosp,3,2026-02-07,18,quantile,0.01,256.9994166819713
2026-01-17,wk inc flu hosp,3,2026-02-07,18,quantile,0.025,315.1347043770907
2026-01-17,wk inc flu hosp,3,2026-02-07,18,quantile,0.05,376.41481953964154
2026-01-17,wk inc flu hosp,3,2026-02-07,18,quantile,0.1,464.4053661025636
2026-01-17,wk inc flu hosp,3,2026-02-07,18,quantile,0.15,530.3545049367641
2026-01-17,wk inc flu hosp,3,2026-02-07,18,quantile,0.2,594.0425739858983
2026-01-17,wk inc flu hosp,3,2026-02-07,18,quantile,0.25,656.0988964841657
2026-01-17,wk inc flu hosp,3,2026-02-07,18,quantile,0.3,716.5356347025478
2026-01-17,wk inc flu hosp,3,2026-02-07,18,quantile,0.35,776.9258632743293
2026-01-17,wk inc flu hosp,3,2026-02-07,18,quantile,0.4,837.5410198993642
2026-01-17,wk inc flu hosp,3,2026-02-07,18,quantile,0.45,900.118267293025
2026-01-17,wk inc flu hosp,3,2026-02-07,18,quantile,0.5,965.952656394779
2026-01-17,wk inc flu hosp,3,2026-02-07,18,quantile,0.55,1036.4737291601127
2026-01-17,wk inc flu hosp,3,2026-02-07,18,quantile,0.6,1112.285001538165
2026-01-17,wk inc flu hosp,3,2026-02-07,18,quantile,0.65,1166.4407102269097
2026-01-17,wk inc flu hosp,3,2026-02-07,18,quantile,0.7,1263.2737665667082
2026-01-17,wk inc flu hosp,3,2026-02-07,18,quantile,0.75,1390.7038139669291
2026-01-17,wk inc flu hosp,3,2026-02-07,18,quantile,0.8,1502.6258478063428
2026-01-17,wk inc flu hosp,3,2026-02-07,18,quantile,0.85,1713.8789403755025
2026-01-17,wk inc flu hosp,3,2026-02-07,18,quantile,0.9,2136.8193406634887
2026-01-17,wk inc flu hosp,3,2026-02-07,18,quantile,0.95,3260.4550590832587
2026-01-17,wk inc flu hosp,3,2026-02-07,18,quantile,0.975,4012.1561994643894
2026-01-17,wk inc flu hosp,3,2026-02-07,18,quantile,0.99,4362.968886284524
2026-01-17,wk inc flu hosp,3,2026-02-07,19,quantile,0.01,29.56915907630544
2026-01-17,wk inc flu hosp,3,2026-02-07,19,quantile,0.025,39.44648228256641
2026-01-17,wk inc flu hosp,3,2026-02-07,19,quantile,0.05,52.02770171427358
2026-01-17,wk inc flu hosp,3,2026-02-07,19,quantile,0.1,74.14176261815108
2026-01-17,wk inc flu hosp,3,2026-02-07,19,quantile,0.15,93.69999802830482
2026-01-17,wk inc flu hosp,3,2026-02-07,19,quantile,0.2,111.77441629778306
2026-01-17,wk inc flu hosp,3,2026-02-07,19,quantile,0.25,129.018918710521
2026-01-17,wk inc flu hosp,3,2026-02-07,19,quantile,0.3,145.75258656466758
2026-01-17,wk inc flu hosp,3,2026-02-07,19,quantile,0.35,162.77334630630762
2026-01-17,wk inc flu hosp,3,2026-02-07,19,quantile,0.4,176.695649070671
2026-01-17,wk inc flu hosp,3,2026-02-07,19,quantile,0.45,193.27325077812617
2026-01-17,wk inc flu hosp,3,2026-02-07,19,quantile,0.5,213.54724474048186
2026-01-17,wk inc flu hosp,3,2026-02-07,19,quantile,0.55,231.47272803612665
2026-01-17,wk inc flu hosp,3,2026-02-07,19,quantile,0.6,256.53067750649205
2026-01-17,wk inc flu hosp,3,2026-02-07,19,quantile,0.65,291.7871945446198
2026-01-17,wk inc flu hosp,3,2026-02-07,19,quantile,0.7,337.98203875407006
2026-01-17,wk inc flu hosp,3,2026-02-07,19,quantile,0.75,399.9250757815492
2026-01-17,wk inc flu hosp,3,2026-02-07,19,quantile,0.8,482.9496291915981
2026-01-17,wk inc flu hosp,3,2026-02-07,19,quantile,0.85,557.6632883695514
2026-01-17,wk inc flu hosp,3,2026-02-07,19,quantile,0.9,682.1209395874295
2026-01-17,wk inc flu hosp,3,2026-02-07,19,quantile,0.95,874.9144271576916
2026-01-17,wk inc flu hosp,3,2026-02-07,19,quantile,0.975,1118.6795395590254
2026-01-17,wk inc flu hosp,3,2026-02-07,19,quantile,0.99,1340.088887910915
2026-01-17,wk inc flu hosp,3,2026-02-07,20,quantile,0.01,33.564446140758015
2026-01-17,wk inc flu hosp,3,2026-02-07,20,quantile,0.025,43.05204099552496
2026-01-17,wk inc flu hosp,3,2026-02-07,20,quantile,0.05,52.29789796804474
2026-01-17,wk inc flu hosp,3,2026-02-07,20,quantile,0.1,64.73301175528607
2026-01-17,wk inc flu hosp,3,2026-02-07,20,quantile,0.15,73.49850155095716
2026-01-17,wk inc flu hosp,3,2026-02-07,20,quantile,0.2,82.08300195609394
2026-01-17,wk inc flu hosp,3,2026-02-07,20,quantile,0.25,90.45906927556386
2026-01-17,wk inc flu hosp,3,2026-02-07,20,quantile,0.3,99.04170959823634
2026-01-17,wk inc flu hosp,3,2026-02-07,20,quantile,0.35,108.13564051704579
2026-01-17,wk inc flu hosp,3,2026-02-07,20,quantile,0.4,118.11395395049627
2026-01-17,wk inc flu hosp,3,2026-02-07,20,quantile,0.45,129.11470259518632
2026-01-17,wk inc flu hosp,3,2026-02-07,20,quantile,0.5,141.31450981519424
2026-01-17,wk inc flu hosp,3,2026-02-07,20,quantile,0.55,155.17467083113192
2026-01-17,wk inc flu hosp,3,2026-02-07,20,quantile,0.6,170.84602204961442
2026-01-17,wk inc flu hosp,3,2026-02-07,20,quantile,0.65,190.28109074493506
2026-01-17,wk inc flu hosp,3,2026-02-07,20,quantile,0.7,210.67671317550622
2026-01-17,wk inc flu hosp,3,2026-02-07,20,quantile,0.75,237.58421041101204
2026-01-17,wk inc flu hosp,3,2026-02-07,20,quantile,0.8,277.58576428164196
2026-01-17,wk inc flu hosp,3,2026-02-07,20,quantile,0.85,343.2882101350528
2026-01-17,wk inc flu hosp,3,2026-02-07,20,quantile,0.9,514.0311329363154
2026-01-17,wk inc flu hosp,3,2026-02-07,20,quantile,0.95,1153.9747168071622
2026-01-17,wk inc flu hosp,3,2026-02-07,20,quantile,0.975,1495.1941347255533
2026-01-17,wk inc flu hosp,3,2026-02-07,20,quantile,0.99,1551.550250828474
2026-01-17,wk inc flu hosp,3,2026-02-07,21,quantile,0.01,100.02902791770214
2026-01-17,wk inc flu hosp,3,2026-02-07,21,quantile,0.025,133.548090247569
2026-01-17,wk inc flu hosp,3,2026-02-07,21,quantile,0.05,165.7413437625165
2026-01-17,wk inc flu hosp,3,2026-02-07,21,quantile,0.1,210.08255371734376
2026-01-17,wk inc flu hosp,3,2026-02-07,21,quantile,0.15,243.13920368342096
2026-01-17,wk inc flu hosp,3,2026-02-07,21,quantile,0.2,272.2994860938501
2026-01-17,wk inc flu hosp,3,2026-02-07,21,quantile,0.25,299.3690201854469
2026-01-17,wk inc flu hosp,3,2026-02-07,21,quantile,0.3,325.7584410425635
2026-01-17,wk inc flu hosp,3,2026-02-07,21,quantile,0.35,352.0330297959262
2026-01-17,wk inc flu hosp,3,2026-02-07,21,quantile,0.4,378.806632336482
2026-01-17,wk inc flu hosp,3,2026-02-07,21,quantile,0.45,406.6961518870517
2026-01-17,wk inc flu hosp,3,2026-02-07,21,quantile,0.5,436.6561445641579
2026-01-17,wk inc flu hosp,3,2026-02-07,21,quantile,0.55,469.6475897948813
2026-01-17,wk inc flu hosp,3,2026-02-07,21,quantile,0.6,507.0486792990633
2026-01-17,wk inc flu hosp,3,2026-02-07,21,quantile,0.65,551.5998025282549
2026-01-17,wk inc flu hosp,3,2026-02-07,21,quantile,0.7,608.5258790955455
2026-01-17,wk inc flu hosp,3,2026-02-07,21,quantile,0.75,690.8891286253729
2026-01-17,wk inc flu hosp,3,2026-02-07,21,quantile,0.8,803.2381753170316
2026-01-17,wk inc flu hosp,3,2026-02-07,21,quantile,0.85,898.1963840770755
2026-01-17,wk inc flu hosp,3,2026-02-07,21,quantile,0.9,1133.4092263183916
2026-01-17,wk inc flu hosp,3,2026-02-07,21,quantile,0.95,1387.424085639449
2026-01-17,wk inc flu hosp,3,2026-02-07,21,quantile,0.975,1865.9270408926413
2026-01-17,wk inc flu hosp,3,2026-02-07,21,quantile,0.99,2191.1197877840505
2026-01-17,wk inc flu hosp,3,2026-02-07,22,quantile,0.01,185.41684233430655
2026-01-17,wk inc flu hosp,3,2026-02-07,22,quantile,0.025,217.30091895385064
2026-01-17,wk inc flu hosp,3,2026-02-07,22,quantile,0.05,252.34265024636358
2026-01-17,wk inc flu hosp,3,2026-02-07,22,quantile,0.1,300.5799071338497
2026-01-17,wk inc flu hosp,3,2026-02-07,22,quantile,0.15,338.18889051589196
2026-01-17,wk inc flu hosp,3,2026-02-07,22,quantile,0.2,371.1690977960164
2026-01-17,wk inc flu hosp,3,2026-02-07,22,quantile,0.25,402.0855571971271
2026-01-17,wk inc flu hosp,3,2026-02-07,22,quantile,0.3,432.21942170399456
2026-01-17,wk inc flu hosp,3,2026-02-07,22,quantile,0.35,462.53857518733275
2026-01-17,wk inc flu hosp,3,2026-02-07,22,quantile,0.4,493.8073695122177
2026-01-17,wk inc flu hosp,3,2026-02-07,22,quantile,0.45,526.8459330199925
2026-01-17,wk inc flu hosp,3,2026-02-07,22,quantile,0.5,562.5910038042056
2026-01-17,wk inc flu hosp,3,2026-02-07,22,quantile,0.55,602.4435996374339
2026-01-17,wk inc flu hosp,3,2026-02-07,22,quantile,0.6,647.974233786446
2026-01-17,wk inc flu hosp,3,2026-02-07,22,quantile,0.65,702.7626904337218
2026-01-17,wk inc flu hosp,3,2026-02-07,22,quantile,0.7,766.5277022427326
2026-01-17,wk inc flu hosp,3,2026-02-07,22,quantile,0.75,848.624755680398
2026-01-17,wk inc flu hosp,3,2026-02-07,22,quantile,0.8,894.3807142093012
2026-01-17,wk inc flu hosp,3,2026-02-07,22,quantile,0.85,1025.854819291058
2026-01-17,wk inc flu hosp,3,2026-02-07,22,quantile,0.9,1189.5921019932644
2026-01-17,wk inc flu hosp,3,2026-02-07,22,quantile,0.95,1505.9913259347097
2026-01-17,wk inc flu hosp,3,2026-02-07,22,quantile,0.975,1879.9817744851225
2026-01-17,wk inc flu hosp,3,2026-02-07,22,quantile,0.99,2039.4948365425932
2026-01-17,wk inc flu hosp,3,2026-02-07,23,quantile,0.01,31.107567167659276
2026-01-17,wk inc flu hosp,3,2026-02-07,23,quantile,0.025,40.835224365902214
2026-01-17,wk inc flu hosp,3,2026-02-07,23,quantile,0.05,51.34576353962496
2026-01-17,wk inc flu hosp,3,2026-02-07,23,quantile,0.1,64.67680337349259
2026-01-17,wk inc flu hosp,3,2026-02-07,23,quantile,0.15,75.43297485247405
2026-01-17,wk inc flu hosp,3,2026-02-07,23,quantile,0.2,85.01318950485405
2026-01-17,wk inc flu hosp,3,2026-02-07,23,quantile,0.25,94.03331615220132
2026-01-17,wk inc flu hosp,3,2026-02-07,23,quantile,0.3,102.82565898664343
2026-01-17,wk inc flu hosp,3,2026-02-07,23,quantile,0.35,111.68430642455559
2026-01-17,wk inc flu hosp,3,2026-02-07,23,quantile,0.4,120.84777189233567
2026-01-17,wk inc flu hosp,3,2026-02-07,23,quantile,0.45,130.6184351163499
2026-01-17,wk inc flu hosp,3,2026-02-07,23,quantile,0.5,141.32800646184654
2026-01-17,wk inc flu hosp,3,2026-02-07,23,quantile,0.55,153.38884714194606
2026-01-17,wk inc flu hosp,3,2026-02-07,23,quantile,0.6,167.47949098699934
2026-01-17,wk inc flu hosp,3,2026-02-07,23,quantile,0.65,184.54236341431317
2026-01-17,wk inc flu hosp,3,2026-02-07,23,quantile,0.7,207.0319050733705
2026-01-17,wk inc flu hosp,3,2026-02-07,23,quantile,0.75,239.91880648104188
2026-01-17,wk inc flu hosp,3,2026-02-07,23,quantile,0.8,296.33647555591295
2026-01-17,wk inc flu hosp,3,2026-02-07,23,quantile,0.85,361.105161017067
2026-01-17,wk inc flu hosp,3,2026-02-07,23,quantile,0.9,420.25005721738086
2026-01-17,wk inc flu hosp,3,2026-02-07,23,quantile,0.95,593.4321699851819
2026-01-17,wk inc flu hosp,3,2026-02-07,23,quantile,0.975,640.298835542174
2026-01-17,wk inc flu hosp,3,2026-02-07,23,quantile,0.99,640.9740944425646
2026-01-17,wk inc flu hosp,3,2026-02-07,24,quantile,0.01,166.78712070038776
2026-01-17,wk inc flu hosp,3,2026-02-07,24,quantile,0.025,197.4877675757846
2026-01-17,wk inc flu hosp,3,2026-02-07,24,quantile,0.05,230.86650817377136
2026-01-17,wk inc flu hosp,3,2026-02-07,24,quantile,0.1,275.1821788189002
2026-01-17,wk inc flu hosp,3,2026-02-07,24,quantile,0.15,310.21030006243495
2026-01-17,wk inc flu hosp,3,2026-02-07,24,quantile,0.2,341.1424838583323
2026-01-17,wk inc flu hosp,3,2026-02-07,24,quantile,0.25,370.7519263623611
2026-01-17,wk inc flu hosp,3,2026-02-07,24,quantile,0.3,400.34398369423644
2026-01-17,wk inc flu hosp,3,2026-02-07,24,quantile,0.35,430.95769787364037
2026-01-17,wk inc flu hosp,3,2026-02-07,24,quantile,0.4,463.4752849573214
2026-01-17,wk inc flu hosp,3,2026-02-07,24,quantile,0.45,499.16594364910475
2026-01-17,wk inc flu hosp,3,2026-02-07,24,quantile,0.5,539.5091587431132
2026-01-17,wk inc flu hosp,3,2026-02-07,24,quantile,0.55,586.3725300707582
2026-01-17,wk inc flu hosp,3,2026-02-07,24,quantile,0.6,642.8979233623345
2026-01-17,wk inc flu hosp,3,2026-02-07,24,quantile,0.65,715.5978274634107
2026-01-17,wk inc flu hosp,3,2026-02-07,24,quantile,0.7,814.51827722305
2026-01-17,wk inc flu hosp,3,2026-02-07,24,quantile,0.75,963.4092151989494
2026-01-17,wk inc flu hosp,3,2026-02-07,24,quantile,0.8,1095.9701244936216
2026-01-17,wk inc flu hosp,3,2026-02-07,24,quantile,0.85,1346.5499463749104
2026-01-17,wk inc flu hosp,3,2026-02-07,24,quantile,0.9,1670.7648522478357
2026-01-17,wk inc flu hosp,3,2026-02-07,24,quantile,0.95,2211.0665493057268
2026-01-17,wk inc flu hosp,3,2026-02-07,24,quantile,0.975,2412.8220941231166
2026-01-17,wk inc flu hosp,3,2026-02-07,24,quantile,0.99,2441.806134873792
2026-01-17,wk inc flu hosp,3,2026-02-07,25,quantile,0.01,198.91292348394109
2026-01-17,wk inc flu hosp,3,2026-02-07,25,quantile,0.025,229.92463459419622
2026-01-17,wk inc flu hosp,3,2026-02-07,25,quantile,0.05,264.98427857970836
2026-01-17,wk inc flu hosp,3,2026-02-07,25,quantile,0.1,313.89399582383504
2026-01-17,wk inc flu hosp,3,2026-02-07,25,quantile,0.15,352.1075272291437
2026-01-17,wk inc flu hosp,3,2026-02-07,25,quantile,0.2,385.7046238162911
2026-01-17,wk inc flu hosp,3,2026-02-07,25,quantile,0.25,417.9320973331298
2026-01-17,wk inc flu hosp,3,2026-02-07,25,quantile,0.3,449.7023654335838
2026-01-17,wk inc flu hosp,3,2026-02-07,25,quantile,0.35,482.1688113470057
2026-01-17,wk inc flu hosp,3,2026-02-07,25,quantile,0.4,516.283027601875
2026-01-17,wk inc flu hosp,3,2026-02-07,25,quantile,0.45,552.8624800880312
2026-01-17,wk inc flu hosp,3,2026-02-07,25,quantile,0.5,593.2240461854911
2026-01-17,wk inc flu hosp,3,2026-02-07,25,quantile,0.55,638.8246548632071
2026-01-17,wk inc flu hosp,3,2026-02-07,25,quantile,0.6,692.3059499621285
2026-01-17,wk inc flu hosp,3,2026-02-07,25,quantile,0.65,756.5244119488717
2026-01-17,wk inc flu hosp,3,2026-02-07,25,quantile,0.7,830.7133719991677
2026-01-17,wk inc flu hosp,3,2026-02-07,25,quantile,0.75,934.3726916625909
2026-01-17,wk inc flu hosp,3,2026-02-07,25,quantile,0.8,1105.7982923821492
2026-01-17,wk inc flu hosp,3,2026-02-07,25,quantile,0.85,1369.8033439382664
2026-01-17,wk inc flu hosp,3,2026-02-07,25,quantile,0.9,1605.1182256294287
2026-01-17,wk inc flu hosp,3,2026-02-07,25,quantile,0.95,1999.4409963302417
2026-01-17,wk inc flu hosp,3,2026-02-07,25,quantile,0.975,3295.9587835999555
2026-01-17,wk inc flu hosp,3,2026-02-07,25,quantile,0.99,3954.0968072227324
2026-01-17,wk inc flu hosp,3,2026-02-07,26,quantile,0.01,227.7810458708413
2026-01-17,wk inc flu hosp,3,2026-02-07,26,quantile,0.025,282.67554546112893
2026-01-17,wk inc flu hosp,3,2026-02-07,26,quantile,0.05,343.012093664493
2026-01-17,wk inc flu hosp,3,2026-02-07,26,quantile,0.1,429.3674964291225
2026-01-17,wk inc flu hosp,3,2026-02-07,26,quantile,0.15,498.180042057393
2026-01-17,wk inc flu hosp,3,2026-02-07,26,quantile,0.2,561.8957396155324
2026-01-17,wk inc flu hosp,3,2026-02-07,26,quantile,0.25,623.371355239312
2026-01-17,wk inc flu hosp,3,2026-02-07,26,quantile,0.3,685.0950205420515
2026-01-17,wk inc flu hosp,3,2026-02-07,26,quantile,0.35,747.9013281360453
2026-01-17,wk inc flu hosp,3,2026-02-07,26,quantile,0.4,810.37940568416
2026-01-17,wk inc flu hosp,3,2026-02-07,26,quantile,0.45,876.1821216473711
2026-01-17,wk inc flu hosp,3,2026-02-07,26,quantile,0.5,948.5121246068793
2026-01-17,wk inc flu hosp,3,2026-02-07,26,quantile,0.55,1032.7349540666428
2026-01-17,wk inc flu hosp,3,2026-02-07,26,quantile,0.6,1099.1559090207072
2026-01-17,wk inc flu hosp,3,2026-02-07,26,quantile,0.65,1194.9631627825793
2026-01-17,wk inc flu hosp,3,2026-02-07,26,quantile,0.7,1324.7434857361259
2026-01-17,wk inc flu hosp,3,2026-02-07,26,quantile,0.75,1507.3671104203306
2026-01-17,wk inc flu hosp,3,2026-02-07,26,quantile,0.8,1760.8021515924809
2026-01-17,wk inc flu hosp,3,2026-02-07,26,quantile,0.85,1889.279176021527
2026-01-17,wk inc flu hosp,3,2026-02-07,26,quantile,0.9,2335.740872415624
2026-01-17,wk inc flu hosp,3,2026-02-07,26,quantile,0.95,3418.0419770610797
2026-01-17,wk inc flu hosp,3,2026-02-07,26,quantile,0.975,4482.64765312612
2026-01-17,wk inc flu hosp,3,2026-02-07,26,quantile,0.99,5291.460970457943
2026-01-17,wk inc flu hosp,3,2026-02-07,27,quantile,0.01,44.03484065819752
2026-01-17,wk inc flu hosp,3,2026-02-07,27,quantile,0.025,53.23135649832988
2026-01-17,wk inc flu hosp,3,2026-02-07,27,quantile,0.05,62.68390718767403
2026-01-17,wk inc flu hosp,3,2026-02-07,27,quantile,0.1,76.29868939285902
2026-01-17,wk inc flu hosp,3,2026-02-07,27,quantile,0.15,87.53701690028576
2026-01-17,wk inc flu hosp,3,2026-02-07,27,quantile,0.2,98.00308451403217
2026-01-17,wk inc flu hosp,3,2026-02-07,27,quantile,0.25,108.40817568007735
2026-01-17,wk inc flu hosp,3,2026-02-07,27,quantile,0.3,119.28445499246953
2026-01-17,wk inc flu hosp,3,2026-02-07,27,quantile,0.35,130.88855063197232
2026-01-17,wk inc flu hosp,3,2026-02-07,27,quantile,0.4,143.69559222198112
2026-01-17,wk inc flu hosp,3,2026-02-07,27,quantile,0.45,158.16631679075135
2026-01-17,wk inc flu hosp,3,2026-02-07,27,quantile,0.5,174.23893473205314
2026-01-17,wk inc flu hosp,3,2026-02-07,27,quantile,0.55,194.32230170342828
2026-01-17,wk inc flu hosp,3,2026-02-07,27,quantile,0.6,220.58904501275126
2026-01-17,wk inc flu hosp,3,2026-02-07,27,quantile,0.65,257.1442947349781
2026-01-17,wk inc flu hosp,3,2026-02-07,27,quantile,0.7,321.88488705246243
2026-01-17,wk inc flu hosp,3,2026-02-07,27,quantile,0.75,428.9808427230622
2026-01-17,wk inc flu hosp,3,2026-02-07,27,quantile,0.8,533.396185056117
2026-01-17,wk inc flu hosp,3,2026-02-07,27,quantile,0.85,677.8652974476876
2026-01-17,wk inc flu hosp,3,2026-02-07,27,quantile,0.9,869.5237569330593
2026-01-17,wk inc flu hosp,3,2026-02-07,27,quantile,0.95,973.8536729093986
2026-01-17,wk inc flu hosp,3,2026-02-07,27,quantile,0.975,1193.2597322125064
2026-01-17,wk inc flu hosp,3,2026-02-07,27,quantile,0.99,1340.6956838118888
2026-01-17,wk inc flu hosp,3,2026-02-07,28,quantile,0.01,36.55046074107231
2026-01-17,wk inc flu hosp,3,2026-02-07,28,quantile,0.025,54.8136189008065
2026-01-17,wk inc flu hosp,3,2026-02-07,28,quantile,0.05,70.93053921412664
2026-01-17,wk inc flu hosp,3,2026-02-07,28,quantile,0.1,94.07308967886941
2026-01-17,wk inc flu hosp,3,2026-02-07,28,quantile,0.15,111.18490096818185
2026-01-17,wk inc flu hosp,3,2026-02-07,28,quantile,0.2,124.91542648451706
2026-01-17,wk inc flu hosp,3,2026-02-07,28,quantile,0.25,137.74071421378298
2026-01-17,wk inc flu hosp,3,2026-02-07,28,quantile,0.3,150.33304142894505
2026-01-17,wk inc flu hosp,3,2026-02-07,28,quantile,0.35,162.80119170996656
2026-01-17,wk inc flu hosp,3,2026-02-07,28,quantile,0.4,175.34533368554483
2026-01-17,wk inc flu hosp,3,2026-02-07,28,quantile,0.45,186.68155208565582
2026-01-17,wk inc flu hosp,3,2026-02-07,28,quantile,0.5,198.5023455314587
2026-01-17,wk inc flu hosp,3,2026-02-07,28,quantile,0.55,211.56997954521051
2026-01-17,wk inc flu hosp,3,2026-02-07,28,quantile,0.6,226.45114413377274
2026-01-17,wk inc flu hosp,3,2026-02-07,28,quantile,0.65,243.1673231927165
2026-01-17,wk inc flu hosp,3,2026-02-07,28,quantile,0.7,262.86993927632636
2026-01-17,wk inc flu hosp,3,2026-02-07,28,quantile,0.75,282.26948860915604
2026-01-17,wk inc flu hosp,3,2026-02-07,28,quantile,0.8,312.87633319314585
2026-01-17,wk inc flu hosp,3,2026-02-07,28,quantile,0.85,359.21957197791994
2026-01-17,wk inc flu hosp,3,2026-02-07,28,quantile,0.9,448.71200848284354
2026-01-17,wk inc flu hosp,3,2026-02-07,28,quantile,0.95,616.0436186943575
2026-01-17,wk inc flu hosp,3,2026-02-07,28,quantile,0.975,686.8165531484583
2026-01-17,wk inc flu hosp,3,2026-02-07,28,quantile,0.99,818.9000744123063
2026-01-17,wk inc flu hosp,3,2026-02-07,29,quantile,0.01,231.14320570821968
2026-01-17,wk inc flu hosp,3,2026-02-07,29,quantile,0.025,263.4152626882644
2026-01-17,wk inc flu hosp,3,2026-02-07,29,quantile,0.05,307.37173639689877
2026-01-17,wk inc flu hosp,3,2026-02-07,29,quantile,0.1,363.0660309846081
2026-01-17,wk inc flu hosp,3,2026-02-07,29,quantile,0.15,407.4630541334066
2026-01-17,wk inc flu hosp,3,2026-02-07,29,quantile,0.2,447.5539843873404
2026-01-17,wk inc flu hosp,3,2026-02-07,29,quantile,0.25,484.9321342496978
2026-01-17,wk inc flu hosp,3,2026-02-07,29,quantile,0.3,521.1065394767727
2026-01-17,wk inc flu hosp,3,2026-02-07,29,quantile,0.35,557.1336203811759
2026-01-17,wk inc flu hosp,3,2026-02-07,29,quantile,0.4,594.0000820018977
2026-01-17,wk inc flu hosp,3,2026-02-07,29,quantile,0.45,632.550774521751
2026-01-17,wk inc flu hosp,3,2026-02-07,29,quantile,0.5,673.8455679658042
2026-01-17,wk inc flu hosp,3,2026-02-07,29,quantile,0.55,719.4025854659451
2026-01-17,wk inc flu hosp,3,2026-02-07,29,quantile,0.6,763.8538367907939
2026-01-17,wk inc flu hosp,3,2026-02-07,29,quantile,0.65,817.0283658745271
2026-01-17,wk inc flu hosp,3,2026-02-07,29,quantile,0.7,881.4904112020237
2026-01-17,wk inc flu hosp,3,2026-02-07,29,quantile,0.75,967.7631133057685
2026-01-17,wk inc flu hosp,3,2026-02-07,29,quantile,0.8,1083.977571595582
2026-01-17,wk inc flu hosp,3,2026-02-07,29,quantile,0.85,1274.0946369243586
2026-01-17,wk inc flu hosp,3,2026-02-07,29,quantile,0.9,1679.329574885268
2026-01-17,wk inc flu hosp,3,2026-02-07,29,quantile,0.95,2028.5784762358712
2026-01-17,wk inc flu hosp,3,2026-02-07,29,quantile,0.975,2822.2617284266876
2026-01-17,wk inc flu hosp,3,2026-02-07,29,quantile,0.99,3520.1030516789783
2026-01-17,wk inc flu hosp,3,2026-02-07,30,quantile,0.01,15.374606003233351
2026-01-17,wk inc flu hosp,3,2026-02-07,30,quantile,0.025,20.65783797098699
2026-01-17,wk inc flu hosp,3,2026-02-07,30,quantile,0.05,27.54371855176333
2026-01-17,wk inc flu hosp,3,2026-02-07,30,quantile,0.1,38.45405490493121
2026-01-17,wk inc flu hosp,3,2026-02-07,30,quantile,0.15,47.854934361425514
2026-01-17,wk inc flu hosp,3,2026-02-07,30,quantile,0.2,56.94285372755913
2026-01-17,wk inc flu hosp,3,2026-02-07,30,quantile,0.25,65.9054293306878
2026-01-17,wk inc flu hosp,3,2026-02-07,30,quantile,0.3,74.95404240221706
2026-01-17,wk inc flu hosp,3,2026-02-07,30,quantile,0.35,84.359791741746875
2026-01-17,wk inc flu hosp,3,2026-02-07,30,quantile,0.4,94.32122238508666
2026-01-17,wk inc flu hosp,3,2026-02-07,30,quantile,0.45,105.13960501514869
2026-01-17,wk inc flu hosp,3,2026-02-07,30,quantile,0.5,117.19722831923093
2026-01-17,wk inc flu hosp,3,2026-02-07,30,quantile,0.55,131.08088990884423
2026-01-17,wk inc flu hosp,3,2026-02-07,30,quantile,0.6,147.7985314486669
2026-01-17,wk inc flu hosp,3,2026-02-07,30,quantile,0.65,167.6770587271754
2026-01-17,wk inc flu hosp,3,2026-02-07,30,quantile,0.7,194.81578327877216
2026-01-17,wk inc flu hosp,3,2026-02-07,30,quantile,0.75,235.26406129432408
2026-01-17,wk inc flu hosp,3,2026-02-07,30,quantile,0.8,310.2969568731351
2026-01-17,wk inc flu hosp,3,2026-02-07,30,quantile,0.85,399.17190835084426
2026-01-17,wk inc flu hosp,3,2026-02-07,30,quantile,0.9,520.0596863775767
2026-01-17,wk inc flu hosp,3,2026-02-07,30,quantile,0.95,611.584075888964
2026-01-17,wk inc flu hosp,3,2026-02-07,30,quantile,0.975,659.5076819812411
2026-01-17,wk inc flu hosp,3,2026-02-07,30,quantile,0.99,663.6269863190287
2026-01-17,wk inc flu hosp,3,2026-02-07,31,quantile,0.01,18.651451124289807
2026-01-17,wk inc flu hosp,3,2026-02-07,31,quantile,0.025,26.634323742315157
2026-01-17,wk inc flu hosp,3,2026-02-07,31,quantile,0.05,34.92065568107917
2026-01-17,wk inc flu hosp,3,2026-02-07,31,quantile,0.1,46.944036032922725
2026-01-17,wk inc flu hosp,3,2026-02-07,31,quantile,0.15,55.82506743698171
2026-01-17,wk inc flu hosp,3,2026-02-07,31,quantile,0.2,63.475985436653545
2026-01-17,wk inc flu hosp,3,2026-02-07,31,quantile,0.25,70.46935195911978
2026-01-17,wk inc flu hosp,3,2026-02-07,31,quantile,0.3,77.17899913143822
2026-01-17,wk inc flu hosp,3,2026-02-07,31,quantile,0.35,83.84840855387486
2026-01-17,wk inc flu hosp,3,2026-02-07,31,quantile,0.4,90.71163391575736
2026-01-17,wk inc flu hosp,3,2026-02-07,31,quantile,0.45,98.01494876823844
2026-01-17,wk inc flu hosp,3,2026-02-07,31,quantile,0.5,105.99599287497675
2026-01-17,wk inc flu hosp,3,2026-02-07,31,quantile,0.55,115.04878057025394
2026-01-17,wk inc flu hosp,3,2026-02-07,31,quantile,0.6,125.8057124779631
2026-01-17,wk inc flu hosp,3,2026-02-07,31,quantile,0.65,139.3226795398691
2026-01-17,wk inc flu hosp,3,2026-02-07,31,quantile,0.7,157.74216871365394
2026-01-17,wk inc flu hosp,3,2026-02-07,31,quantile,0.75,187.23585380645838
2026-01-17,wk inc flu hosp,3,2026-02-07,31,quantile,0.8,247.5055556200739
2026-01-17,wk inc flu hosp,3,2026-02-07,31,quantile,0.85,417.1971661179983
2026-01-17,wk inc flu hosp,3,2026-02-07,31,quantile,0.9,503.08104798084565
2026-01-17,wk inc flu hosp,3,2026-02-07,31,quantile,0.95,661.7726090720499
2026-01-17,wk inc flu hosp,3,2026-02-07,31,quantile,0.975,749.7879250541907
2026-01-17,wk inc flu hosp,3,2026-02-07,31,quantile,0.99,931.3139049309913
2026-01-17,wk inc flu hosp,3,2026-02-07,32,quantile,0.01,38.27293932867803
2026-01-17,wk inc flu hosp,3,2026-02-07,32,quantile,0.025,46.610099923862954
2026-01-17,wk inc flu hosp,3,2026-02-07,32,quantile,0.05,54.02168371279481
2026-01-17,wk inc flu hosp,3,2026-02-07,32,quantile,0.1,66.96265544216524
2026-01-17,wk inc flu hosp,3,2026-02-07,32,quantile,0.15,77.1652781727732
2026-01-17,wk inc flu hosp,3,2026-02-07,32,quantile,0.2,85.7086175327809
2026-01-17,wk inc flu hosp,3,2026-02-07,32,quantile,0.25,93.364580858905
2026-01-17,wk inc flu hosp,3,2026-02-07,32,quantile,0.3,99.53989734507724
2026-01-17,wk inc flu hosp,3,2026-02-07,32,quantile,0.35,106.72520159997035
2026-01-17,wk inc flu hosp,3,2026-02-07,32,quantile,0.4,114.41757631459244
2026-01-17,wk inc flu hosp,3,2026-02-07,32,quantile,0.45,122.5274595527408
2026-01-17,wk inc flu hosp,3,2026-02-07,32,quantile,0.5,131.22207665324845
2026-01-17,wk inc flu hosp,3,2026-02-07,32,quantile,0.55,140.77552276193143
2026-01-17,wk inc flu hosp,3,2026-02-07,32,quantile,0.6,151.4830162322738
2026-01-17,wk inc flu hosp,3,2026-02-07,32,quantile,0.65,164.05582036875862
2026-01-17,wk inc flu hosp,3,2026-02-07,32,quantile,0.7,178.6058697841344
2026-01-17,wk inc flu hosp,3,2026-02-07,32,quantile,0.75,196.48287198109435
2026-01-17,wk inc flu hosp,3,2026-02-07,32,quantile,0.8,219.2846005603816
2026-01-17,wk inc flu hosp,3,2026-02-07,32,quantile,0.85,254.90576210966447
2026-01-17,wk inc flu hosp,3,2026-02-07,32,quantile,0.9,308.92656592154856
2026-01-17,wk inc flu hosp,3,2026-02-07,32,quantile,0.95,385.9026687302242
2026-01-17,wk inc flu hosp,3,2026-02-07,32,quantile,0.975,427.81398675580954
2026-01-17,wk inc flu hosp,3,2026-02-07,32,quantile,0.99,503.8813413637035
2026-01-17,wk inc flu hosp,3,2026-02-07,33,quantile,0.01,45.21656656610524
2026-01-17,wk inc flu hosp,3,2026-02-07,33,quantile,0.025,54.54797056824821
2026-01-17,wk inc flu hosp,3,2026-02-07,33,quantile,0.05,63.582850050506444
2026-01-17,wk inc flu hosp,3,2026-02-07,33,quantile,0.1,76.32788599651154
2026-01-17,wk inc flu hosp,3,2026-02-07,33,quantile,0.15,86.06071542690182
2026-01-17,wk inc flu hosp,3,2026-02-07,33,quantile,0.2,94.79017333624105
2026-01-17,wk inc flu hosp,3,2026-02-07,33,quantile,0.25,103.11102000288868
2026-01-17,wk inc flu hosp,3,2026-02-07,33,quantile,0.3,111.43747387490488
2026-01-17,wk inc flu hosp,3,2026-02-07,33,quantile,0.35,120.0299709945637
2026-01-17,wk inc flu hosp,3,2026-02-07,33,quantile,0.4,129.11763912421
2026-01-17,wk inc flu hosp,3,2026-02-07,33,quantile,0.45,138.9759927341691
2026-01-17,wk inc flu hosp,3,2026-02-07,33,quantile,0.5,149.87498949735303
2026-01-17,wk inc flu hosp,3,2026-02-07,33,quantile,0.55,162.37057809220687
2026-01-17,wk inc flu hosp,3,2026-02-07,33,quantile,0.6,176.8466879360218
2026-01-17,wk inc flu hosp,3,2026-02-07,33,quantile,0.65,194.34080273359027
2026-01-17,wk inc flu hosp,3,2026-02-07,33,quantile,0.7,216.3067873325903
2026-01-17,wk inc flu hosp,3,2026-02-07,33,quantile,0.75,247.5933041725946
2026-01-17,wk inc flu hosp,3,2026-02-07,33,quantile,0.8,297.4414783824931
2026-01-17,wk inc flu hosp,3,2026-02-07,33,quantile,0.85,400.6328676943984
2026-01-17,wk inc flu hosp,3,2026-02-07,33,quantile,0.9,518.3781577289457
2026-01-17,wk inc flu hosp,3,2026-02-07,33,quantile,0.95,703.3840891995525
2026-01-17,wk inc flu hosp,3,2026-02-07,33,quantile,0.975,705.0097750439935
2026-01-17,wk inc flu hosp,3,2026-02-07,33,quantile,0.99,729.7008790521203
2026-01-17,wk inc flu hosp,3,2026-02-07,34,quantile,0.01,385.49163508011435
2026-01-17,wk inc flu hosp,3,2026-02-07,34,quantile,0.025,444.9870458490275
2026-01-17,wk inc flu hosp,3,2026-02-07,34,quantile,0.05,521.7040789828901
2026-01-17,wk inc flu hosp,3,2026-02-07,34,quantile,0.1,623.0644301256566
2026-01-17,wk inc flu hosp,3,2026-02-07,34,quantile,0.15,704.4560385625754
2026-01-17,wk inc flu hosp,3,2026-02-07,34,quantile,0.2,775.8916160783962
2026-01-17,wk inc flu hosp,3,2026-02-07,34,quantile,0.25,842.5408763694137
2026-01-17,wk inc flu hosp,3,2026-02-07,34,quantile,0.3,907.325498975079
2026-01-17,wk inc flu hosp,3,2026-02-07,34,quantile,0.35,972.1031918499934
2026-01-17,wk inc flu hosp,3,2026-02-07,34,quantile,0.4,1038.5072433143644
2026-01-17,wk inc flu hosp,3,2026-02-07,34,quantile,0.45,1108.3291724554354
2026-01-17,wk inc flu hosp,3,2026-02-07,34,quantile,0.5,1183.4324551567256
2026-01-17,wk inc flu hosp,3,2026-02-07,34,quantile,0.55,1266.4892245989952
2026-01-17,wk inc flu hosp,3,2026-02-07,34,quantile,0.6,1361.3169622845462
2026-01-17,wk inc flu hosp,3,2026-02-07,34,quantile,0.65,1474.3772997990761
2026-01-17,wk inc flu hosp,3,2026-02-07,34,quantile,0.7,1619.9504328022226
2026-01-17,wk inc flu hosp,3,2026-02-07,34,quantile,0.75,1826.146320977021
2026-01-17,wk inc flu hosp,3,2026-02-07,34,quantile,0.8,2181.423665113915
2026-01-17,wk inc flu hosp,3,2026-02-07,34,quantile,0.85,2510.6343607204826
2026-01-17,wk inc flu hosp,3,2026-02-07,34,quantile,0.9,3580.2642101028687
2026-01-17,wk inc flu hosp,3,2026-02-07,34,quantile,0.95,5186.984965171168
2026-01-17,wk inc flu hosp,3,2026-02-07,34,quantile,0.975,5710.545543557859
2026-01-17,wk inc flu hosp,3,2026-02-07,34,quantile,0.99,6142.382160221053
2026-01-17,wk inc flu hosp,3,2026-02-07,35,quantile,0.01,25.939646971632033
2026-01-17,wk inc flu hosp,3,2026-02-07,35,quantile,0.025,37.225239054946094
2026-01-17,wk inc flu hosp,3,2026-02-07,35,quantile,0.05,50.58145608764634
2026-01-17,wk inc flu hosp,3,2026-02-07,35,quantile,0.1,67.1589081231026
2026-01-17,wk inc flu hosp,3,2026-02-07,35,quantile,0.15,79.44284471860628
2026-01-17,wk inc flu hosp,3,2026-02-07,35,quantile,0.2,90.26888394629727
2026-01-17,wk inc flu hosp,3,2026-02-07,35,quantile,0.25,100.56431527141619
2026-01-17,wk inc flu hosp,3,2026-02-07,35,quantile,0.3,111.09772690538523
2026-01-17,wk inc flu hosp,3,2026-02-07,35,quantile,0.35,122.0722386105566
2026-01-17,wk inc flu hosp,3,2026-02-07,35,quantile,0.4,133.84370456797342
2026-01-17,wk inc flu hosp,3,2026-02-07,35,quantile,0.45,146.91899344281066
2026-01-17,wk inc flu hosp,3,2026-02-07,35,quantile,0.5,161.36410900051365
2026-01-17,wk inc flu hosp,3,2026-02-07,35,quantile,0.55,177.9927081836252
2026-01-17,wk inc flu hosp,3,2026-02-07,35,quantile,0.6,197.2267389976192
2026-01-17,wk inc flu hosp,3,2026-02-07,35,quantile,0.65,215.03091203284356
2026-01-17,wk inc flu hosp,3,2026-02-07,35,quantile,0.7,237.85819122813757
2026-01-17,wk inc flu hosp,3,2026-02-07,35,quantile,0.75,262.2872128785829
2026-01-17,wk inc flu hosp,3,2026-02-07,35,quantile,0.8,300.8480851998444
2026-01-17,wk inc flu hosp,3,2026-02-07,35,quantile,0.85,357.09963773006086
2026-01-17,wk inc flu hosp,3,2026-02-07,35,quantile,0.9,430.62433204881205
2026-01-17,wk inc flu hosp,3,2026-02-07,35,quantile,0.95,480.9917095346589
2026-01-17,wk inc flu hosp,3,2026-02-07,35,quantile,0.975,551.5280808342858
2026-01-17,wk inc flu hosp,3,2026-02-07,35,quantile,0.99,629.1699056729279
2026-01-17,wk inc flu hosp,3,2026-02-07,36,quantile,0.01,51.28640276657896
2026-01-17,wk inc flu hosp,3,2026-02-07,36,quantile,0.025,128.2160069164474
2026-01-17,wk inc flu hosp,3,2026-02-07,36,quantile,0.05,286.1025657596794
2026-01-17,wk inc flu hosp,3,2026-02-07,36,quantile,0.1,649.8221763656193
2026-01-17,wk inc flu hosp,3,2026-02-07,36,quantile,0.15,771.1035099163661
2026-01-17,wk inc flu hosp,3,2026-02-07,36,quantile,0.2,864.4099715404794
2026-01-17,wk inc flu hosp,3,2026-02-07,36,quantile,0.25,938.4950418930447
2026-01-17,wk inc flu hosp,3,2026-02-07,36,quantile,0.3,1005.5884181915245
2026-01-17,wk inc flu hosp,3,2026-02-07,36,quantile,0.35,1069.6818738944662
2026-01-17,wk inc flu hosp,3,2026-02-07,36,quantile,0.4,1140.8860819393747
2026-01-17,wk inc flu hosp,3,2026-02-07,36,quantile,0.45,1215.8579083339096
2026-01-17,wk inc flu hosp,3,2026-02-07,36,quantile,0.5,1293.5080570164803
2026-01-17,wk inc flu hosp,3,2026-02-07,36,quantile,0.55,1376.605437989514
2026-01-17,wk inc flu hosp,3,2026-02-07,36,quantile,0.6,1468.5486725482176
2026-01-17,wk inc flu hosp,3,2026-02-07,36,quantile,0.65,1571.3183543040036
2026-01-17,wk inc flu hosp,3,2026-02-07,36,quantile,0.7,1691.6028246059025
2026-01-17,wk inc flu hosp,3,2026-02-07,36,quantile,0.75,1839.8162366914619
2026-01-17,wk inc flu hosp,3,2026-02-07,36,quantile,0.8,2030.4824010519565
2026-01-17,wk inc flu hosp,3,2026-02-07,36,quantile,0.85,2314.602686351425
2026-01-17,wk inc flu hosp,3,2026-02-07,36,quantile,0.9,2817.9765750371903
2026-01-17,wk inc flu hosp,3,2026-02-07,36,quantile,0.95,3919.1545753402734
2026-01-17,wk inc flu hosp,3,2026-02-07,36,quantile,0.975,4967.732385297004
2026-01-17,wk inc flu hosp,3,2026-02-07,36,quantile,0.99,6041.259222070054
2026-01-17,wk inc flu hosp,3,2026-02-07,37,quantile,0.01,229.06832421154928
2026-01-17,wk inc flu hosp,3,2026-02-07,37,quantile,0.025,277.9764619424033
2026-01-17,wk inc flu hosp,3,2026-02-07,37,quantile,0.05,333.8548774646851
2026-01-17,wk inc flu hosp,3,2026-02-07,37,quantile,0.1,408.2182424302897
2026-01-17,wk inc flu hosp,3,2026-02-07,37,quantile,0.15,465.255815442433
2026-01-17,wk inc flu hosp,3,2026-02-07,37,quantile,0.2,515.8349189865078
2026-01-17,wk inc flu hosp,3,2026-02-07,37,quantile,0.25,564.4411473302346
2026-01-17,wk inc flu hosp,3,2026-02-07,37,quantile,0.3,613.4400839050535
2026-01-17,wk inc flu hosp,3,2026-02-07,37,quantile,0.35,664.6803323989615
2026-01-17,wk inc flu hosp,3,2026-02-07,37,quantile,0.4,719.9251795657833
2026-01-17,wk inc flu hosp,3,2026-02-07,37,quantile,0.45,781.0142457788711
2026-01-17,wk inc flu hosp,3,2026-02-07,37,quantile,0.5,850.6833506847465
2026-01-17,wk inc flu hosp,3,2026-02-07,37,quantile,0.55,933.1891864134197
2026-01-17,wk inc flu hosp,3,2026-02-07,37,quantile,0.6,1033.7839731107938
2026-01-17,wk inc flu hosp,3,2026-02-07,37,quantile,0.65,1164.5684863982456
2026-01-17,wk inc flu hosp,3,2026-02-07,37,quantile,0.7,1344.3544958645798
2026-01-17,wk inc flu hosp,3,2026-02-07,37,quantile,0.75,1630.3726461363467
2026-01-17,wk inc flu hosp,3,2026-02-07,37,quantile,0.8,2167.0190617706844
2026-01-17,wk inc flu hosp,3,2026-02-07,37,quantile,0.85,2873.880693798421
2026-01-17,wk inc flu hosp,3,2026-02-07,37,quantile,0.9,4198.490276936056
2026-01-17,wk inc flu hosp,3,2026-02-07,37,quantile,0.95,5128.579297968223
2026-01-17,wk inc flu hosp,3,2026-02-07,37,quantile,0.975,5437.454279031616
2026-01-17,wk inc flu hosp,3,2026-02-07,37,quantile,0.99,5460.554766404054
2026-01-17,wk inc flu hosp,3,2026-02-07,38,quantile,0.01,11.34744873417715
2026-01-17,wk inc flu hosp,3,2026-02-07,38,quantile,0.025,15.608173189259837
2026-01-17,wk inc flu hosp,3,2026-02-07,38,quantile,0.05,20.88331705410737
2026-01-17,wk inc flu hosp,3,2026-02-07,38,quantile,0.1,29.775938453921402
2026-01-17,wk inc flu hosp,3,2026-02-07,38,quantile,0.15,37.82824750134744
2026-01-17,wk inc flu hosp,3,2026-02-07,38,quantile,0.2,45.42329864846066
2026-01-17,wk inc flu hosp,3,2026-02-07,38,quantile,0.25,52.685317137917046
2026-01-17,wk inc flu hosp,3,2026-02-07,38,quantile,0.3,59.74666367944383
2026-01-17,wk inc flu hosp,3,2026-02-07,38,quantile,0.35,66.837942517793
2026-01-17,wk inc flu hosp,3,2026-02-07,38,quantile,0.4,74.24199241101573
2026-01-17,wk inc flu hosp,3,2026-02-07,38,quantile,0.45,82.32831484240204
2026-01-17,wk inc flu hosp,3,2026-02-07,38,quantile,0.5,91.58125704577486
2026-01-17,wk inc flu hosp,3,2026-02-07,38,quantile,0.55,100.44314859200266
2026-01-17,wk inc flu hosp,3,2026-02-07,38,quantile,0.6,110.65821980078601
2026-01-17,wk inc flu hosp,3,2026-02-07,38,quantile,0.65,124.50531392829087
2026-01-17,wk inc flu hosp,3,2026-02-07,38,quantile,0.7,142.4895592334238
2026-01-17,wk inc flu hosp,3,2026-02-07,38,quantile,0.75,167.5699126668187
2026-01-17,wk inc flu hosp,3,2026-02-07,38,quantile,0.8,201.4755340508829
2026-01-17,wk inc flu hosp,3,2026-02-07,38,quantile,0.85,251.747959252152
2026-01-17,wk inc flu hosp,3,2026-02-07,38,quantile,0.9,316.2451791493638
2026-01-17,wk inc flu hosp,3,2026-02-07,38,quantile,0.95,393.82961133676315
2026-01-17,wk inc flu hosp,3,2026-02-07,38,quantile,0.975,496.28966085784066
2026-01-17,wk inc flu hosp,3,2026-02-07,38,quantile,0.99,507.64010172150785
2026-01-17,wk inc flu hosp,3,2026-02-07,39,quantile,0.01,530.0016752459245
2026-01-17,wk inc flu hosp,3,2026-02-07,39,quantile,0.025,618.349031056251
2026-01-17,wk inc flu hosp,3,2026-02-07,39,quantile,0.05,736.8997271286732
2026-01-17,wk inc flu hosp,3,2026-02-07,39,quantile,0.1,892.3571475137718
2026-01-17,wk inc flu hosp,3,2026-02-07,39,quantile,0.15,998.702870628747
2026-01-17,wk inc flu hosp,3,2026-02-07,39,quantile,0.2,1105.5483620485709
2026-01-17,wk inc flu hosp,3,2026-02-07,39,quantile,0.25,1207.2925141113496
2026-01-17,wk inc flu hosp,3,2026-02-07,39,quantile,0.3,1305.827030588663
2026-01-17,wk inc flu hosp,3,2026-02-07,39,quantile,0.35,1403.7883020071574
2026-01-17,wk inc flu hosp,3,2026-02-07,39,quantile,0.4,1504.3601133160282
2026-01-17,wk inc flu hosp,3,2026-02-07,39,quantile,0.45,1609.297516815315
2026-01-17,wk inc flu hosp,3,2026-02-07,39,quantile,0.5,1721.2143619104272
2026-01-17,wk inc flu hosp,3,2026-02-07,39,quantile,0.55,1834.1950131586093
2026-01-17,wk inc flu hosp,3,2026-02-07,39,quantile,0.6,1939.470387072333
2026-01-17,wk inc flu hosp,3,2026-02-07,39,quantile,0.65,2066.2921142908535
2026-01-17,wk inc flu hosp,3,2026-02-07,39,quantile,0.7,2249.3708043035185
2026-01-17,wk inc flu hosp,3,2026-02-07,39,quantile,0.75,2491.45149643363
2026-01-17,wk inc flu hosp,3,2026-02-07,39,quantile,0.8,2831.3508567066706
2026-01-17,wk inc flu hosp,3,2026-02-07,39,quantile,0.85,3408.698747770372
2026-01-17,wk inc flu hosp,3,2026-02-07,39,quantile,0.9,4575.287642987255
2026-01-17,wk inc flu hosp,3,2026-02-07,39,quantile,0.95,6780.92153767976
2026-01-17,wk inc flu hosp,3,2026-02-07,39,quantile,0.975,8820.156506373965
2026-01-17,wk inc flu hosp,3,2026-02-07,39,quantile,0.99,11136.23469680131
2026-01-17,wk inc flu hosp,3,2026-02-07,40,quantile,0.01,23.20177275444919
2026-01-17,wk inc flu hosp,3,2026-02-07,40,quantile,0.025,44.98847101697316
2026-01-17,wk inc flu hosp,3,2026-02-07,40,quantile,0.05,60.32892930212118
2026-01-17,wk inc flu hosp,3,2026-02-07,40,quantile,0.1,78.76637490349671
2026-01-17,wk inc flu hosp,3,2026-02-07,40,quantile,0.15,89.18400220688741
2026-01-17,wk inc flu hosp,3,2026-02-07,40,quantile,0.2,100.97267701947764
2026-01-17,wk inc flu hosp,3,2026-02-07,40,quantile,0.25,112.75980813553758
2026-01-17,wk inc flu hosp,3,2026-02-07,40,quantile,0.3,123.87492356771261
2026-01-17,wk inc flu hosp,3,2026-02-07,40,quantile,0.35,135.1987010792038
2026-01-17,wk inc flu hosp,3,2026-02-07,40,quantile,0.4,146.42132340286724
2026-01-17,wk inc flu hosp,3,2026-02-07,40,quantile,0.45,157.86088154195173
2026-01-17,wk inc flu hosp,3,2026-02-07,40,quantile,0.5,171.98392568467398
2026-01-17,wk inc flu hosp,3,2026-02-07,40,quantile,0.55,186.93748114956276
2026-01-17,wk inc flu hosp,3,2026-02-07,40,quantile,0.6,203.13961344245297
2026-01-17,wk inc flu hosp,3,2026-02-07,40,quantile,0.65,220.37393323011145
2026-01-17,wk inc flu hosp,3,2026-02-07,40,quantile,0.7,239.53397335792576
2026-01-17,wk inc flu hosp,3,2026-02-07,40,quantile,0.75,261.14281972500817
2026-01-17,wk inc flu hosp,3,2026-02-07,40,quantile,0.8,286.8465693007326
2026-01-17,wk inc flu hosp,3,2026-02-07,40,quantile,0.85,318.0197868690725
2026-01-17,wk inc flu hosp,3,2026-02-07,40,quantile,0.9,364.38736196316603
2026-01-17,wk inc flu hosp,3,2026-02-07,40,quantile,0.95,444.88418347524777
2026-01-17,wk inc flu hosp,3,2026-02-07,40,quantile,0.975,533.1858605370343
2026-01-17,wk inc flu hosp,3,2026-02-07,40,quantile,0.99,626.43757042908
2026-01-17,wk inc flu hosp,3,2026-02-07,41,quantile,0.01,46.25418662344509
2026-01-17,wk inc flu hosp,3,2026-02-07,41,quantile,0.025,53.15307846220812
2026-01-17,wk inc flu hosp,3,2026-02-07,41,quantile,0.05,61.07919666758335
2026-01-17,wk inc flu hosp,3,2026-02-07,41,quantile,0.1,71.90311192243357
2026-01-17,wk inc flu hosp,3,2026-02-07,41,quantile,0.15,80.29391221453334
2026-01-17,wk inc flu hosp,3,2026-02-07,41,quantile,0.2,87.75961576053172
2026-01-17,wk inc flu hosp,3,2026-02-07,41,quantile,0.25,93.5639249559383
2026-01-17,wk inc flu hosp,3,2026-02-07,41,quantile,0.3,100.2112467579098
2026-01-17,wk inc flu hosp,3,2026-02-07,41,quantile,0.35,107.21678123952022
2026-01-17,wk inc flu hosp,3,2026-02-07,41,quantile,0.4,114.50979315779705
2026-01-17,wk inc flu hosp,3,2026-02-07,41,quantile,0.45,122.23054954382599
2026-01-17,wk inc flu hosp,3,2026-02-07,41,quantile,0.5,130.62298209050414
2026-01-17,wk inc flu hosp,3,2026-02-07,41,quantile,0.55,138.9204183678513
2026-01-17,wk inc flu hosp,3,2026-02-07,41,quantile,0.6,147.39802292076632
2026-01-17,wk inc flu hosp,3,2026-02-07,41,quantile,0.65,157.44890118588324
2026-01-17,wk inc flu hosp,3,2026-02-07,41,quantile,0.7,169.84792396906158
2026-01-17,wk inc flu hosp,3,2026-02-07,41,quantile,0.75,184.9679436400009
2026-01-17,wk inc flu hosp,3,2026-02-07,41,quantile,0.8,205.198675417564
2026-01-17,wk inc flu hosp,3,2026-02-07,41,quantile,0.85,235.13049514297856
2026-01-17,wk inc flu hosp,3,2026-02-07,41,quantile,0.9,278.0164234339294
2026-01-17,wk inc flu hosp,3,2026-02-07,41,quantile,0.95,380.6763113408545
2026-01-17,wk inc flu hosp,3,2026-02-07,41,quantile,0.975,497.7187972295642
2026-01-17,wk inc flu hosp,3,2026-02-07,41,quantile,0.99,562.8571423759457
2026-01-17,wk inc flu hosp,3,2026-02-07,42,quantile,0.01,710.1912024354963
2026-01-17,wk inc flu hosp,3,2026-02-07,42,quantile,0.025,842.0842715738147
2026-01-17,wk inc flu hosp,3,2026-02-07,42,quantile,0.05,989.2611064247355
2026-01-17,wk inc flu hosp,3,2026-02-07,42,quantile,0.1,1202.630000867855
2026-01-17,wk inc flu hosp,3,2026-02-07,42,quantile,0.15,1348.5155051506392
2026-01-17,wk inc flu hosp,3,2026-02-07,42,quantile,0.2,1458.065102018866
2026-01-17,wk inc flu hosp,3,2026-02-07,42,quantile,0.25,1607.522066746721
2026-01-17,wk inc flu hosp,3,2026-02-07,42,quantile,0.3,1748.2423214987282
2026-01-17,wk inc flu hosp,3,2026-02-07,42,quantile,0.35,1884.8173632751195
2026-01-17,wk inc flu hosp,3,2026-02-07,42,quantile,0.4,2021.2348255144036
2026-01-17,wk inc flu hosp,3,2026-02-07,42,quantile,0.45,2161.166524442328
2026-01-17,wk inc flu hosp,3,2026-02-07,42,quantile,0.5,2307.5471423164113
2026-01-17,wk inc flu hosp,3,2026-02-07,42,quantile,0.55,2465.092282001864
2026-01-17,wk inc flu hosp,3,2026-02-07,42,quantile,0.6,2639.0190998819858
2026-01-17,wk inc flu hosp,3,2026-02-07,42,quantile,0.65,2837.4180540103835
2026-01-17,wk inc flu hosp,3,2026-02-07,42,quantile,0.7,3071.536459629563
2026-01-17,wk inc flu hosp,3,2026-02-07,42,quantile,0.75,3373.829717198863
2026-01-17,wk inc flu hosp,3,2026-02-07,42,quantile,0.8,3799.5827005854017
2026-01-17,wk inc flu hosp,3,2026-02-07,42,quantile,0.85,4255.308201376383
2026-01-17,wk inc flu hosp,3,2026-02-07,42,quantile,0.9,4885.922585780433
2026-01-17,wk inc flu hosp,3,2026-02-07,42,quantile,0.95,7078.732173459672
2026-01-17,wk inc flu hosp,3,2026-02-07,42,quantile,0.975,9649.305500761317
2026-01-17,wk inc flu hosp,3,2026-02-07,42,quantile,0.99,11093.13989884887
2026-01-17,wk inc flu hosp,3,2026-02-07,44,quantile,0.01,14.197685527344948
2026-01-17,wk inc flu hosp,3,2026-02-07,44,quantile,0.025,19.31026426140037
2026-01-17,wk inc flu hosp,3,2026-02-07,44,quantile,0.05,25.642330660023337
2026-01-17,wk inc flu hosp,3,2026-02-07,44,quantile,0.1,36.0583966466524
2026-01-17,wk inc flu hosp,3,2026-02-07,44,quantile,0.15,45.55984995825682
2026-01-17,wk inc flu hosp,3,2026-02-07,44,quantile,0.2,54.98538573317106
2026-01-17,wk inc flu hosp,3,2026-02-07,44,quantile,0.25,64.82456246119575
2026-01-17,wk inc flu hosp,3,2026-02-07,44,quantile,0.3,74.60355557773639
2026-01-17,wk inc flu hosp,3,2026-02-07,44,quantile,0.35,84.92565359655636
2026-01-17,wk inc flu hosp,3,2026-02-07,44,quantile,0.4,95.66274646976552
2026-01-17,wk inc flu hosp,3,2026-02-07,44,quantile,0.45,106.76173151400188
2026-01-17,wk inc flu hosp,3,2026-02-07,44,quantile,0.5,118.42903979914301
2026-01-17,wk inc flu hosp,3,2026-02-07,44,quantile,0.55,131.20222832839013
2026-01-17,wk inc flu hosp,3,2026-02-07,44,quantile,0.6,145.6679122706449
2026-01-17,wk inc flu hosp,3,2026-02-07,44,quantile,0.65,162.84066930188237
2026-01-17,wk inc flu hosp,3,2026-02-07,44,quantile,0.7,184.8350278146925
2026-01-17,wk inc flu hosp,3,2026-02-07,44,quantile,0.75,216.71577661438016
2026-01-17,wk inc flu hosp,3,2026-02-07,44,quantile,0.8,242.55551143851676
2026-01-17,wk inc flu hosp,3,2026-02-07,44,quantile,0.85,310.07962276292363
2026-01-17,wk inc flu hosp,3,2026-02-07,44,quantile,0.9,462.74274494464356
2026-01-17,wk inc flu hosp,3,2026-02-07,44,quantile,0.95,626.7457831469802
2026-01-17,wk inc flu hosp,3,2026-02-07,44,quantile,0.975,638.6105914689005
2026-01-17,wk inc flu hosp,3,2026-02-07,44,quantile,0.99,639.4382325396833
2026-01-17,wk inc flu hosp,3,2026-02-07,45,quantile,0.01,168.35064670575596
2026-01-17,wk inc flu hosp,3,2026-02-07,45,quantile,0.025,217.30924716255038
2026-01-17,wk inc flu hosp,3,2026-02-07,45,quantile,0.05,266.5608216519999
2026-01-17,wk inc flu hosp,3,2026-02-07,45,quantile,0.1,333.2395454474774
2026-01-17,wk inc flu hosp,3,2026-02-07,45,quantile,0.15,386.4355961462023
2026-01-17,wk inc flu hosp,3,2026-02-07,45,quantile,0.2,432.9772350815843
2026-01-17,wk inc flu hosp,3,2026-02-07,45,quantile,0.25,476.2454034566443
2026-01-17,wk inc flu hosp,3,2026-02-07,45,quantile,0.3,518.556348172241
2026-01-17,wk inc flu hosp,3,2026-02-07,45,quantile,0.35,561.1250275087103
2026-01-17,wk inc flu hosp,3,2026-02-07,45,quantile,0.4,605.2145125612201
2026-01-17,wk inc flu hosp,3,2026-02-07,45,quantile,0.45,652.2159914500444
2026-01-17,wk inc flu hosp,3,2026-02-07,45,quantile,0.5,703.9344757566727
2026-01-17,wk inc flu hosp,3,2026-02-07,45,quantile,0.55,762.7078593125403
2026-01-17,wk inc flu hosp,3,2026-02-07,45,quantile,0.6,831.9008275192824
2026-01-17,wk inc flu hosp,3,2026-02-07,45,quantile,0.65,918.5019129052661
2026-01-17,wk inc flu hosp,3,2026-02-07,45,quantile,0.7,1030.9984851928978
2026-01-17,wk inc flu hosp,3,2026-02-07,45,quantile,0.75,1199.0452094403336
2026-01-17,wk inc flu hosp,3,2026-02-07,45,quantile,0.8,1495.235152434262
2026-01-17,wk inc flu hosp,3,2026-02-07,45,quantile,0.85,1805.1588624690762
2026-01-17,wk inc flu hosp,3,2026-02-07,45,quantile,0.9,1935.5845493599472
2026-01-17,wk inc flu hosp,3,2026-02-07,45,quantile,0.95,3724.2168530356807
2026-01-17,wk inc flu hosp,3,2026-02-07,45,quantile,0.975,3801.1335542889196
2026-01-17,wk inc flu hosp,3,2026-02-07,45,quantile,0.99,3903.523272367546
2026-01-17,wk inc flu hosp,3,2026-02-07,46,quantile,0.01,7.477045338012111
2026-01-17,wk inc flu hosp,3,2026-02-07,46,quantile,0.025,10.442520840983143
2026-01-17,wk inc flu hosp,3,2026-02-07,46,quantile,0.05,14.029933134085649
2026-01-17,wk inc flu hosp,3,2026-02-07,46,quantile,0.1,19.535600873084913
2026-01-17,wk inc flu hosp,3,2026-02-07,46,quantile,0.15,23.93055871449535
2026-01-17,wk inc flu hosp,3,2026-02-07,46,quantile,0.2,27.808280925762045
2026-01-17,wk inc flu hosp,3,2026-02-07,46,quantile,0.25,31.177913889339248
2026-01-17,wk inc flu hosp,3,2026-02-07,46,quantile,0.3,34.74744648886755
2026-01-17,wk inc flu hosp,3,2026-02-07,46,quantile,0.35,38.44451531720148
2026-01-17,wk inc flu hosp,3,2026-02-07,46,quantile,0.4,42.36817998667864
2026-01-17,wk inc flu hosp,3,2026-02-07,46,quantile,0.45,46.62675685176665
2026-01-17,wk inc flu hosp,3,2026-02-07,46,quantile,0.5,51.510105966273116
2026-01-17,wk inc flu hosp,3,2026-02-07,46,quantile,0.55,57.1974522771746
2026-01-17,wk inc flu hosp,3,2026-02-07,46,quantile,0.6,63.81197607843144
2026-01-17,wk inc flu hosp,3,2026-02-07,46,quantile,0.65,71.86011112278277
2026-01-17,wk inc flu hosp,3,2026-02-07,46,quantile,0.7,81.70424964741399
2026-01-17,wk inc flu hosp,3,2026-02-07,46,quantile,0.75,94.99224479970249
2026-01-17,wk inc flu hosp,3,2026-02-07,46,quantile,0.8,109.15635426993671
2026-01-17,wk inc flu hosp,3,2026-02-07,46,quantile,0.85,125.64108278218528
2026-01-17,wk inc flu hosp,3,2026-02-07,46,quantile,0.9,153.6920130357006
2026-01-17,wk inc flu hosp,3,2026-02-07,46,quantile,0.95,227.95353919417198
2026-01-17,wk inc flu hosp,3,2026-02-07,46,quantile,0.975,300.67070574274237
2026-01-17,wk inc flu hosp,3,2026-02-07,46,quantile,0.99,318.1633959884791
2026-01-17,wk inc flu hosp,3,2026-02-07,47,quantile,0.01,164.06730855761873
2026-01-17,wk inc flu hosp,3,2026-02-07,47,quantile,0.025,199.46008734865214
2026-01-17,wk inc flu hosp,3,2026-02-07,47,quantile,0.05,243.82539097300403
2026-01-17,wk inc flu hosp,3,2026-02-07,47,quantile,0.1,301.24952377899825
2026-01-17,wk inc flu hosp,3,2026-02-07,47,quantile,0.15,351.5230450354306
2026-01-17,wk inc flu hosp,3,2026-02-07,47,quantile,0.2,398.16030515892436
2026-01-17,wk inc flu hosp,3,2026-02-07,47,quantile,0.25,442.450348087567
2026-01-17,wk inc flu hosp,3,2026-02-07,47,quantile,0.3,485.0952381813084
2026-01-17,wk inc flu hosp,3,2026-02-07,47,quantile,0.35,527.6123767059595
2026-01-17,wk inc flu hosp,3,2026-02-07,47,quantile,0.4,571.0136093385394
2026-01-17,wk inc flu hosp,3,2026-02-07,47,quantile,0.45,615.9712769178781
2026-01-17,wk inc flu hosp,3,2026-02-07,47,quantile,0.5,664.5556381048677
2026-01-17,wk inc flu hosp,3,2026-02-07,47,quantile,0.55,717.0120070441244
2026-01-17,wk inc flu hosp,3,2026-02-07,47,quantile,0.6,777.7874005614642
2026-01-17,wk inc flu hosp,3,2026-02-07,47,quantile,0.65,849.7735713044119
2026-01-17,wk inc flu hosp,3,2026-02-07,47,quantile,0.7,941.568693090789
2026-01-17,wk inc flu hosp,3,2026-02-07,47,quantile,0.75,1042.996513719325
2026-01-17,wk inc flu hosp,3,2026-02-07,47,quantile,0.8,1187.6827671219096
2026-01-17,wk inc flu hosp,3,2026-02-07,47,quantile,0.85,1453.761707417939
2026-01-17,wk inc flu hosp,3,2026-02-07,47,quantile,0.9,1920.3491238386962
2026-01-17,wk inc flu hosp,3,2026-02-07,47,quantile,0.95,3366.823811635213
2026-01-17,wk inc flu hosp,3,2026-02-07,47,quantile,0.975,3771.0880854089373
2026-01-17,wk inc flu hosp,3,2026-02-07,47,quantile,0.99,3840.363752753049
2026-01-17,wk inc flu hosp,3,2026-02-07,48,quantile,0.01,662.5125360810405
2026-01-17,wk inc flu hosp,3,2026-02-07,48,quantile,0.025,849.4817812151758
2026-01-17,wk inc flu hosp,3,2026-02-07,48,quantile,0.05,1015.6591950682609
2026-01-17,wk inc flu hosp,3,2026-02-07,48,quantile,0.1,1281.3683680314891
2026-01-17,wk inc flu hosp,3,2026-02-07,48,quantile,0.15,1514.9812963233444
2026-01-17,wk inc flu hosp,3,2026-02-07,48,quantile,0.2,1727.508474587287
2026-01-17,wk inc flu hosp,3,2026-02-07,48,quantile,0.25,1929.6233489490382
2026-01-17,wk inc flu hosp,3,2026-02-07,48,quantile,0.3,2126.6702902465768
2026-01-17,wk inc flu hosp,3,2026-02-07,48,quantile,0.35,2316.05317847875
2026-01-17,wk inc flu hosp,3,2026-02-07,48,quantile,0.4,2469.8408555758597
2026-01-17,wk inc flu hosp,3,2026-02-07,48,quantile,0.45,2648.0508034072895
2026-01-17,wk inc flu hosp,3,2026-02-07,48,quantile,0.5,2838.5715045154166
2026-01-17,wk inc flu hosp,3,2026-02-07,48,quantile,0.55,3046.4219864026136
2026-01-17,wk inc flu hosp,3,2026-02-07,48,quantile,0.6,3275.667422126532
2026-01-17,wk inc flu hosp,3,2026-02-07,48,quantile,0.65,3536.3670802610127
2026-01-17,wk inc flu hosp,3,2026-02-07,48,quantile,0.7,3723.219589977288
2026-01-17,wk inc flu hosp,3,2026-02-07,48,quantile,0.75,3980.0743839817537
2026-01-17,wk inc flu hosp,3,2026-02-07,48,quantile,0.8,4299.7855094151055
2026-01-17,wk inc flu hosp,3,2026-02-07,48,quantile,0.85,4790.8403916123425
2026-01-17,wk inc flu hosp,3,2026-02-07,48,quantile,0.9,5465.093470108155
2026-01-17,wk inc flu hosp,3,2026-02-07,48,quantile,0.95,6262.503394442699
2026-01-17,wk inc flu hosp,3,2026-02-07,48,quantile,0.975,7046.097260923291
2026-01-17,wk inc flu hosp,3,2026-02-07,48,quantile,0.99,8004.6777278528
2026-01-17,wk inc flu hosp,3,2026-02-07,49,quantile,0.01,36.13020001854221
2026-01-17,wk inc flu hosp,3,2026-02-07,49,quantile,0.025,42.64779965333983
2026-01-17,wk inc flu hosp,3,2026-02-07,49,quantile,0.05,50.45981954184941
2026-01-17,wk inc flu hosp,3,2026-02-07,49,quantile,0.1,61.03705119290235
2026-01-17,wk inc flu hosp,3,2026-02-07,49,quantile,0.15,69.13139018880396
2026-01-17,wk inc flu hosp,3,2026-02-07,49,quantile,0.2,76.27147636594896
2026-01-17,wk inc flu hosp,3,2026-02-07,49,quantile,0.25,83.0486578053989
2026-01-17,wk inc flu hosp,3,2026-02-07,49,quantile,0.3,89.76896448822525
2026-01-17,wk inc flu hosp,3,2026-02-07,49,quantile,0.35,96.66168181802459
2026-01-17,wk inc flu hosp,3,2026-02-07,49,quantile,0.4,103.92380663950162
2026-01-17,wk inc flu hosp,3,2026-02-07,49,quantile,0.45,111.77131852297317
2026-01-17,wk inc flu hosp,3,2026-02-07,49,quantile,0.5,120.49273178758462
2026-01-17,wk inc flu hosp,3,2026-02-07,49,quantile,0.55,130.52236487304742
2026-01-17,wk inc flu hosp,3,2026-02-07,49,quantile,0.6,142.5700413956913
2026-01-17,wk inc flu hosp,3,2026-02-07,49,quantile,0.65,157.5543359617319
2026-01-17,wk inc flu hosp,3,2026-02-07,49,quantile,0.7,178.21251699085371
2026-01-17,wk inc flu hosp,3,2026-02-07,49,quantile,0.75,209.97201750942057
2026-01-17,wk inc flu hosp,3,2026-02-07,49,quantile,0.8,262.7605718310019
2026-01-17,wk inc flu hosp,3,2026-02-07,49,quantile,0.85,316.181967995833
2026-01-17,wk inc flu hosp,3,2026-02-07,49,quantile,0.9,447.10865874428043
2026-01-17,wk inc flu hosp,3,2026-02-07,49,quantile,0.95,582.6357796148844
2026-01-17,wk inc flu hosp,3,2026-02-07,49,quantile,0.975,672.6245983363995
2026-01-17,wk inc flu hosp,3,2026-02-07,49,quantile,0.99,678.4011193447596
2026-01-17,wk inc flu hosp,3,2026-02-07,50,quantile,0.01,5.838760973908171
2026-01-17,wk inc flu hosp,3,2026-02-07,50,quantile,0.025,7.961558179819686
2026-01-17,wk inc flu hosp,3,2026-02-07,50,quantile,0.05,10.482296332024882
2026-01-17,wk inc flu hosp,3,2026-02-07,50,quantile,0.1,14.736047977125452
2026-01-17,wk inc flu hosp,3,2026-02-07,50,quantile,0.15,17.84409267108162
2026-01-17,wk inc flu hosp,3,2026-02-07,50,quantile,0.2,21.131905649898236
2026-01-17,wk inc flu hosp,3,2026-02-07,50,quantile,0.25,24.293624632221896
2026-01-17,wk inc flu hosp,3,2026-02-07,50,quantile,0.3,27.475347605885883
2026-01-17,wk inc flu hosp,3,2026-02-07,50,quantile,0.35,30.636562732890166
2026-01-17,wk inc flu hosp,3,2026-02-07,50,quantile,0.4,33.87833545810228
2026-01-17,wk inc flu hosp,3,2026-02-07,50,quantile,0.45,37.31883253701302
2026-01-17,wk inc flu hosp,3,2026-02-07,50,quantile,0.5,41.06907306978198
2026-01-17,wk inc flu hosp,3,2026-02-07,50,quantile,0.55,45.33727010891052
2026-01-17,wk inc flu hosp,3,2026-02-07,50,quantile,0.6,50.19625498689825
2026-01-17,wk inc flu hosp,3,2026-02-07,50,quantile,0.65,55.86357050017339
2026-01-17,wk inc flu hosp,3,2026-02-07,50,quantile,0.7,62.20057168128
2026-01-17,wk inc flu hosp,3,2026-02-07,50,quantile,0.75,71.04159792824116
2026-01-17,wk inc flu hosp,3,2026-02-07,50,quantile,0.8,83.40167077928514
2026-01-17,wk inc flu hosp,3,2026-02-07,50,quantile,0.85,100.83820152872056
2026-01-17,wk inc flu hosp,3,2026-02-07,50,quantile,0.9,114.01043596936728
2026-01-17,wk inc flu hosp,3,2026-02-07,50,quantile,0.95,156.2624835882866
2026-01-17,wk inc flu hosp,3,2026-02-07,50,quantile,0.975,186.8194439714206
2026-01-17,wk inc flu hosp,3,2026-02-07,50,quantile,0.99,224.87442915051156
2026-01-17,wk inc flu hosp,3,2026-02-07,51,quantile,0.01,220.60076766502792
2026-01-17,wk inc flu hosp,3,2026-02-07,51,quantile,0.025,267.63553801970784
2026-01-17,wk inc flu hosp,3,2026-02-07,51,quantile,0.05,313.9076517580658
2026-01-17,wk inc flu hosp,3,2026-02-07,51,quantile,0.1,382.6972453093747
2026-01-17,wk inc flu hosp,3,2026-02-07,51,quantile,0.15,437.11208375694207
2026-01-17,wk inc flu hosp,3,2026-02-07,51,quantile,0.2,486.59237357285
2026-01-17,wk inc flu hosp,3,2026-02-07,51,quantile,0.25,533.6537239900005
2026-01-17,wk inc flu hosp,3,2026-02-07,51,quantile,0.3,579.8101149140336
2026-01-17,wk inc flu hosp,3,2026-02-07,51,quantile,0.35,625.8447975948123
2026-01-17,wk inc flu hosp,3,2026-02-07,51,quantile,0.4,672.9853108512472
2026-01-17,wk inc flu hosp,3,2026-02-07,51,quantile,0.45,722.4145207347572
2026-01-17,wk inc flu hosp,3,2026-02-07,51,quantile,0.5,775.3352491796868
2026-01-17,wk inc flu hosp,3,2026-02-07,51,quantile,0.55,833.8273000819769
2026-01-17,wk inc flu hosp,3,2026-02-07,51,quantile,0.6,900.6645765145229
2026-01-17,wk inc flu hosp,3,2026-02-07,51,quantile,0.65,979.6387063270818
2026-01-17,wk inc flu hosp,3,2026-02-07,51,quantile,0.7,1079.2440578014766
2026-01-17,wk inc flu hosp,3,2026-02-07,51,quantile,0.75,1222.3483021362406
2026-01-17,wk inc flu hosp,3,2026-02-07,51,quantile,0.8,1463.8444725366708
2026-01-17,wk inc flu hosp,3,2026-02-07,51,quantile,0.85,2048.0337451494843
2026-01-17,wk inc flu hosp,3,2026-02-07,51,quantile,0.9,2497.9748178890254
2026-01-17,wk inc flu hosp,3,2026-02-07,51,quantile,0.95,3537.778961979554
2026-01-17,wk inc flu hosp,3,2026-02-07,51,quantile,0.975,4448.801745297568
2026-01-17,wk inc flu hosp,3,2026-02-07,51,quantile,0.99,4974.3054279554235
2026-01-17,wk inc flu hosp,3,2026-02-07,53,quantile,0.01,106.8424415979395
2026-01-17,wk inc flu hosp,3,2026-02-07,53,quantile,0.025,126.36686330026613
2026-01-17,wk inc flu hosp,3,2026-02-07,53,quantile,0.05,147.58149648844457
2026-01-17,wk inc flu hosp,3,2026-02-07,53,quantile,0.1,175.50244708375402
2026-01-17,wk inc flu hosp,3,2026-02-07,53,quantile,0.15,193.94521956818141
2026-01-17,wk inc flu hosp,3,2026-02-07,53,quantile,0.2,211.57493421775658
2026-01-17,wk inc flu hosp,3,2026-02-07,53,quantile,0.25,229.66368857581568
2026-01-17,wk inc flu hosp,3,2026-02-07,53,quantile,0.3,247.5032501994838
2026-01-17,wk inc flu hosp,3,2026-02-07,53,quantile,0.35,265.83180404402714
2026-01-17,wk inc flu hosp,3,2026-02-07,53,quantile,0.4,283.6633737797202
2026-01-17,wk inc flu hosp,3,2026-02-07,53,quantile,0.45,303.171038945805
2026-01-17,wk inc flu hosp,3,2026-02-07,53,quantile,0.5,324.2578511376889
2026-01-17,wk inc flu hosp,3,2026-02-07,53,quantile,0.55,348.1787526550414
2026-01-17,wk inc flu hosp,3,2026-02-07,53,quantile,0.6,375.25486812358986
2026-01-17,wk inc flu hosp,3,2026-02-07,53,quantile,0.65,404.863140588565
2026-01-17,wk inc flu hosp,3,2026-02-07,53,quantile,0.7,431.1454213114929
2026-01-17,wk inc flu hosp,3,2026-02-07,53,quantile,0.75,464.5319550342249
2026-01-17,wk inc flu hosp,3,2026-02-07,53,quantile,0.8,492.31750073847957
2026-01-17,wk inc flu hosp,3,2026-02-07,53,quantile,0.85,536.904624244194
2026-01-17,wk inc flu hosp,3,2026-02-07,53,quantile,0.9,629.0541396452161
2026-01-17,wk inc flu hosp,3,2026-02-07,53,quantile,0.95,747.9930371295699
2026-01-17,wk inc flu hosp,3,2026-02-07,53,quantile,0.975,840.3936888539014
2026-01-17,wk inc flu hosp,3,2026-02-07,53,quantile,0.99,995.0691815460234
2026-01-17,wk inc flu hosp,3,2026-02-07,54,quantile,0.01,32.20202900817851
2026-01-17,wk inc flu hosp,3,2026-02-07,54,quantile,0.025,48.33983522042691
2026-01-17,wk inc flu hosp,3,2026-02-07,54,quantile,0.05,71.5374577037498
2026-01-17,wk inc flu hosp,3,2026-02-07,54,quantile,0.1,112.40203225937584
2026-01-17,wk inc flu hosp,3,2026-02-07,54,quantile,0.15,142.59547923395226
2026-01-17,wk inc flu hosp,3,2026-02-07,54,quantile,0.2,165.72863794627466
2026-01-17,wk inc flu hosp,3,2026-02-07,54,quantile,0.25,186.49679090485947
2026-01-17,wk inc flu hosp,3,2026-02-07,54,quantile,0.3,206.08788858936774
2026-01-17,wk inc flu hosp,3,2026-02-07,54,quantile,0.35,225.27385340656525
2026-01-17,wk inc flu hosp,3,2026-02-07,54,quantile,0.4,244.82744066581176
2026-01-17,wk inc flu hosp,3,2026-02-07,54,quantile,0.45,265.0942148282548
2026-01-17,wk inc flu hosp,3,2026-02-07,54,quantile,0.5,286.96679686211183
2026-01-17,wk inc flu hosp,3,2026-02-07,54,quantile,0.55,311.9955752221586
2026-01-17,wk inc flu hosp,3,2026-02-07,54,quantile,0.6,340.9359108556118
2026-01-17,wk inc flu hosp,3,2026-02-07,54,quantile,0.65,374.9480169217445
2026-01-17,wk inc flu hosp,3,2026-02-07,54,quantile,0.7,418.68563700261905
2026-01-17,wk inc flu hosp,3,2026-02-07,54,quantile,0.75,476.07637870725216
2026-01-17,wk inc flu hosp,3,2026-02-07,54,quantile,0.8,564.6299160121044
2026-01-17,wk inc flu hosp,3,2026-02-07,54,quantile,0.85,654.7695295297465
2026-01-17,wk inc flu hosp,3,2026-02-07,54,quantile,0.9,853.7054424654511
2026-01-17,wk inc flu hosp,3,2026-02-07,54,quantile,0.95,1001.7827548279945
2026-01-17,wk inc flu hosp,3,2026-02-07,54,quantile,0.975,1352.0809884908508
2026-01-17,wk inc flu hosp,3,2026-02-07,54,quantile,0.99,1588.0316279910571
2026-01-17,wk inc flu hosp,3,2026-02-07,55,quantile,0.01,86.38687256188716
2026-01-17,wk inc flu hosp,3,2026-02-07,55,quantile,0.025,105.99912536654358
2026-01-17,wk inc flu hosp,3,2026-02-07,55,quantile,0.05,128.79530584604862
2026-01-17,wk inc flu hosp,3,2026-02-07,55,quantile,0.1,159.79010246145043
2026-01-17,wk inc flu hosp,3,2026-02-07,55,quantile,0.15,185.1789437677641
2026-01-17,wk inc flu hosp,3,2026-02-07,55,quantile,0.2,208.17436423705652
2026-01-17,wk inc flu hosp,3,2026-02-07,55,quantile,0.25,230.38845630633034
2026-01-17,wk inc flu hosp,3,2026-02-07,55,quantile,0.3,252.16776208844962
2026-01-17,wk inc flu hosp,3,2026-02-07,55,quantile,0.35,275.04760778467397
2026-01-17,wk inc flu hosp,3,2026-02-07,55,quantile,0.4,299.85683195523654
2026-01-17,wk inc flu hosp,3,2026-02-07,55,quantile,0.45,327.40773828598793
2026-01-17,wk inc flu hosp,3,2026-02-07,55,quantile,0.5,359.34752177489605
2026-01-17,wk inc flu hosp,3,2026-02-07,55,quantile,0.55,399.1393471908236
2026-01-17,wk inc flu hosp,3,2026-02-07,55,quantile,0.6,451.28571864155197
2026-01-17,wk inc flu hosp,3,2026-02-07,55,quantile,0.65,522.2092079420102
2026-01-17,wk inc flu hosp,3,2026-02-07,55,quantile,0.7,618.7286428233546
2026-01-17,wk inc flu hosp,3,2026-02-07,55,quantile,0.75,760.6376928071131
2026-01-17,wk inc flu hosp,3,2026-02-07,55,quantile,0.8,1018.5462632056223
2026-01-17,wk inc flu hosp,3,2026-02-07,55,quantile,0.85,1154.8711528469084
2026-01-17,wk inc flu hosp,3,2026-02-07,55,quantile,0.9,1294.9706907040131
2026-01-17,wk inc flu hosp,3,2026-02-07,55,quantile,0.95,1816.2974584774133
2026-01-17,wk inc flu hosp,3,2026-02-07,55,quantile,0.975,2970.9052488496773
2026-01-17,wk inc flu hosp,3,2026-02-07,55,quantile,0.99,3245.813108738023
2026-01-17,wk inc flu hosp,3,2026-02-07,56,quantile,0.01,9.673806476131244
2026-01-17,wk inc flu hosp,3,2026-02-07,56,quantile,0.025,13.435241589118263
2026-01-17,wk inc flu hosp,3,2026-02-07,56,quantile,0.05,17.883304669396924
2026-01-17,wk inc flu hosp,3,2026-02-07,56,quantile,0.1,25.261456648516646
2026-01-17,wk inc flu hosp,3,2026-02-07,56,quantile,0.15,31.968891143798842
2026-01-17,wk inc flu hosp,3,2026-02-07,56,quantile,0.2,38.40411691857337
2026-01-17,wk inc flu hosp,3,2026-02-07,56,quantile,0.25,44.90600694625268
2026-01-17,wk inc flu hosp,3,2026-02-07,56,quantile,0.3,51.38873355111753
2026-01-17,wk inc flu hosp,3,2026-02-07,56,quantile,0.35,57.90580647415976
2026-01-17,wk inc flu hosp,3,2026-02-07,56,quantile,0.4,63.56356503902291
2026-01-17,wk inc flu hosp,3,2026-02-07,56,quantile,0.45,68.7026632525605
2026-01-17,wk inc flu hosp,3,2026-02-07,56,quantile,0.5,74.226750568899
2026-01-17,wk inc flu hosp,3,2026-02-07,56,quantile,0.55,80.97423893205075
2026-01-17,wk inc flu hosp,3,2026-02-07,56,quantile,0.6,89.1140079149873
2026-01-17,wk inc flu hosp,3,2026-02-07,56,quantile,0.65,98.18259209985513
2026-01-17,wk inc flu hosp,3,2026-02-07,56,quantile,0.7,106.11991573197047
2026-01-17,wk inc flu hosp,3,2026-02-07,56,quantile,0.75,118.51895579220411
2026-01-17,wk inc flu hosp,3,2026-02-07,56,quantile,0.8,137.68836141196832
2026-01-17,wk inc flu hosp,3,2026-02-07,56,quantile,0.85,166.24364766183547
2026-01-17,wk inc flu hosp,3,2026-02-07,56,quantile,0.9,202.51084620608248
2026-01-17,wk inc flu hosp,3,2026-02-07,56,quantile,0.95,251.65108742779998
2026-01-17,wk inc flu hosp,3,2026-02-07,56,quantile,0.975,307.66527921929844
2026-01-17,wk inc flu hosp,3,2026-02-07,56,quantile,0.99,394.9561188299072
2026-01-17,wk inc flu hosp,3,2026-02-07,72,quantile,0.01,116.80121840557038
2026-01-17,wk inc flu hosp,3,2026-02-07,72,quantile,0.025,136.5251916845118
2026-01-17,wk inc flu hosp,3,2026-02-07,72,quantile,0.05,157.9738505212448
2026-01-17,wk inc flu hosp,3,2026-02-07,72,quantile,0.1,187.9423665923415
2026-01-17,wk inc flu hosp,3,2026-02-07,72,quantile,0.15,211.02842405801795
2026-01-17,wk inc flu hosp,3,2026-02-07,72,quantile,0.2,231.22756590560564
2026-01-17,wk inc flu hosp,3,2026-02-07,72,quantile,0.25,250.14338537137834
2026-01-17,wk inc flu hosp,3,2026-02-07,72,quantile,0.3,268.5374167646319
2026-01-17,wk inc flu hosp,3,2026-02-07,72,quantile,0.35,287.0207432531308
2026-01-17,wk inc flu hosp,3,2026-02-07,72,quantile,0.4,306.07228318242676
2026-01-17,wk inc flu hosp,3,2026-02-07,72,quantile,0.45,326.18616164513196
2026-01-17,wk inc flu hosp,3,2026-02-07,72,quantile,0.5,343.4944854377855
2026-01-17,wk inc flu hosp,3,2026-02-07,72,quantile,0.55,363.73998702443265
2026-01-17,wk inc flu hosp,3,2026-02-07,72,quantile,0.6,387.4406374638671
2026-01-17,wk inc flu hosp,3,2026-02-07,72,quantile,0.65,416.7748551296162
2026-01-17,wk inc flu hosp,3,2026-02-07,72,quantile,0.7,444.7893009162449
2026-01-17,wk inc flu hosp,3,2026-02-07,72,quantile,0.75,487.5054234916233
2026-01-17,wk inc flu hosp,3,2026-02-07,72,quantile,0.8,546.747090418131
2026-01-17,wk inc flu hosp,3,2026-02-07,72,quantile,0.85,591.0300773065176
2026-01-17,wk inc flu hosp,3,2026-02-07,72,quantile,0.9,675.2499375651363
2026-01-17,wk inc flu hosp,3,2026-02-07,72,quantile,0.95,828.967011045491
2026-01-17,wk inc flu hosp,3,2026-02-07,72,quantile,0.975,1003.719348867125
2026-01-17,wk inc flu hosp,3,2026-02-07,72,quantile,0.99,1075.1204246423536
2026-01-17,wk inc flu hosp,3,2026-02-07,US,quantile,0.01,12121.405067085207
2026-01-17,wk inc flu hosp,3,2026-02-07,US,quantile,0.025,14041.545532461529
2026-01-17,wk inc flu hosp,3,2026-02-07,US,quantile,0.05,16514.468017882373
2026-01-17,wk inc flu hosp,3,2026-02-07,US,quantile,0.1,19938.658828058946
2026-01-17,wk inc flu hosp,3,2026-02-07,US,quantile,0.15,22556.085264044228
2026-01-17,wk inc flu hosp,3,2026-02-07,US,quantile,0.2,24929.84068386804
2026-01-17,wk inc flu hosp,3,2026-02-07,US,quantile,0.25,27161.200928282586
2026-01-17,wk inc flu hosp,3,2026-02-07,US,quantile,0.3,29336.713241397963
2026-01-17,wk inc flu hosp,3,2026-02-07,US,quantile,0.35,31507.227914137082
2026-01-17,wk inc flu hosp,3,2026-02-07,US,quantile,0.4,33729.133185138315
2026-01-17,wk inc flu hosp,3,2026-02-07,US,quantile,0.45,36053.515938827324
2026-01-17,wk inc flu hosp,3,2026-02-07,US,quantile,0.5,38541.21350908482
2026-01-17,wk inc flu hosp,3,2026-02-07,US,quantile,0.55,41279.376563593454
2026-01-17,wk inc flu hosp,3,2026-02-07,US,quantile,0.6,44379.92984685445
2026-01-17,wk inc flu hosp,3,2026-02-07,US,quantile,0.65,48007.63496811063
2026-01-17,wk inc flu hosp,3,2026-02-07,US,quantile,0.7,52104.15493006125
2026-01-17,wk inc flu hosp,3,2026-02-07,US,quantile,0.75,57535.29775633693
2026-01-17,wk inc flu hosp,3,2026-02-07,US,quantile,0.8,65391.80289150742
2026-01-17,wk inc flu hosp,3,2026-02-07,US,quantile,0.85,72810.3665917381
2026-01-17,wk inc flu hosp,3,2026-02-07,US,quantile,0.9,89376.99879477924
2026-01-17,wk inc flu hosp,3,2026-02-07,US,quantile,0.95,105399.34847182581
2026-01-17,wk inc flu hosp,3,2026-02-07,US,quantile,0.975,119011.45826438227
2026-01-17,wk inc flu hosp,3,2026-02-07,US,quantile,0.99,130725.41864128418
