tree
version=v4
num_class=1
num_tree_per_iteration=1
label_index=0
max_feature_idx=102
objective=regression
feature_names=Column_0 Column_1 Column_2 Column_3 Column_4 Column_5 Column_6 Column_7 Column_8 Column_9 Column_10 Column_11 Column_12 Column_13 Column_14 Column_15 Column_16 Column_17 Column_18 Column_19 Column_20 Column_21 Column_22 Column_23 Column_24 Column_25 Column_26 Column_27 Column_28 Column_29 Column_30 Column_31 Column_32 Column_33 Column_34 Column_35 Column_36 Column_37 Column_38 Column_39 Column_40 Column_41 Column_42 Column_43 Column_44 Column_45 Column_46 Column_47 Column_48 Column_49 Column_50 Column_51 Column_52 Column_53 Column_54 Column_55 Column_56 Column_57 Column_58 Column_59 Column_60 Column_61 Column_62 Column_63 Column_64 Column_65 Column_66 Column_67 Column_68 Column_69 Column_70 Column_71 Column_72 Column_73 Column_74 Column_75 Column_76 Column_77 Column_78 Column_79 Column_80 Column_81 Column_82 Column_83 Column_84 Column_85 Column_86 Column_87 Column_88 Column_89 Column_90 Column_91 Column_92 Column_93 Column_94 Column_95 Column_96 Column_97 Column_98 Column_99 Column_100 Column_101 Column_102
feature_infos=[0.69314718055994529:7.4512416849876759] [0.69314718055994529:7.4512416849876759] [0.69314718055994529:7.4512416849876759] [0.69314718055994529:7.4512416849876759] [0.69314718055994529:7.4512416849876759] [0.69314718055994529:7.4512416849876759] [0.69314718055994529:7.4512416849876759] [0.69314718055994529:7.4512416849876759] [0.69314718055994529:7.4512416849876759] [0.69314718055994529:11.031658643445782] [0.69314718055994529:6.4035741979348151] [0.69314718055994529:7.4489161025442003] [0.69314718055994529:8.4904384541074176] [0.69314718055994529:6.9508147684425836] [0:6.9697906699015899] [0.69314718055994529:8.2430194689892495] [0:6.3456363608285962] [2.4980018054066017e-16:6.253828811575473] [0.69314718055994529:6.5708829623395841] [0.69314718055994529:11.031658643445782] [0.69314718055994529:6.4035741979348151] [0.69314718055994529:7.4489161025442003] [0.69314718055994529:8.4904384541074176] [0.69314718055994529:6.9508147684425836] [0:6.9697906699015899] [0.69314718055994529:8.2430194689892495] [0:6.3456363608285962] [2.4980018054066017e-16:6.253828811575473] [0.69314718055994529:6.5708829623395841] [0.69314718055994529:11.031658643445782] [0.69314718055994529:6.4035741979348151] [0.69314718055994529:7.4489161025442003] [0.69314718055994529:8.4904384541074176] [0.69314718055994529:6.9508147684425836] [0:6.8511849274937431] [0.69314718055994529:8.2430194689892495] [0:6.3456363608285962] [2.4980018054066017e-16:6.253828811575473] [0.69314718055994529:6.5708829623395841] [0.69314718055994529:11.031658643445782] [0.69314718055994529:6.4035741979348151] [0.69314718055994529:7.4489161025442003] [0.69314718055994529:8.4904384541074176] [0.69314718055994529:6.9508147684425836] [0:6.8490662826334576] [0.69314718055994529:8.2430194689892495] [0:6.3456363608285962] [2.4980018054066017e-16:6.253828811575473] [0.69314718055994529:6.5708829623395841] [0.69314718055994529:11.031658643445782] [0.69314718055994529:6.4035741979348151] [0.69314718055994529:7.4489161025442003] [0.69314718055994529:8.4904384541074176] [0.69314718055994529:6.9508147684425836] [0:6.8490662826334576] [0.69314718055994529:8.2430194689892495] [0:6.3456363608285962] [2.4980018054066017e-16:6.253828811575473] [0.69314718055994529:6.5708829623395841] [0.69314718055994529:11.031658643445782] [0.69314718055994529:6.4035741979348151] [0.69314718055994529:7.4489161025442003] [0.69314718055994529:8.4904384541074176] [0.69314718055994529:6.9508147684425836] [0:6.8490662826334576] [0.69314718055994529:8.2430194689892495] [0:6.3456363608285962] [2.4980018054066017e-16:6.253828811575473] [0.69314718055994529:6.5708829623395841] [0.69314718055994529:11.031658643445782] [0.69314718055994529:6.4035741979348151] [0.69314718055994529:7.4489161025442003] [0.69314718055994529:8.4904384541074176] [0.69314718055994529:6.9508147684425836] [0:6.8490662826334576] [0.69314718055994529:8.2430194689892495] [0:6.3456363608285962] [2.4980018054066017e-16:6.253828811575473] [0.69314718055994529:6.5708829623395841] [0.69314718055994529:11.031658643445782] [0.69314718055994529:6.4035741979348151] [0.69314718055994529:7.4489161025442003] [0.69314718055994529:8.4904384541074176] [0.69314718055994529:6.9508147684425836] [0:6.8490662826334576] [0.69314718055994529:8.2430194689892495] [0:6.3456363608285962] [2.4980018054066017e-16:6.253828811575473] [0.69314718055994529:6.5708829623395841] [0.69314718055994529:11.031658643445782] [0.69314718055994529:6.4035741979348151] [0.69314718055994529:7.1340937211928663] [0.69314718055994529:8.4904384541074176] [0.69314718055994529:6.9508147684425836] [0.69314718055994529:6.8490662826334576] [0.69314718055994529:7.9658927350845286] [0.69314718055994529:6.3456363608285962] [0.69314718055994529:5.9964520886190211] [0.69314718055994529:6.5708829623395841] [0.69314718055994529:3.970291913552122] [0.69314718055994529:3.970291913552122] [0.69314718055994529:3.970291913552122] [0.69314718055994529:3.970291913552122]
tree_sizes=1034 1072 1060 1046 1081 1090 1122 1100 1062 1119 1081 1066 1134 1137 1114 1084 1121 1071 1137 1092 1070 1125 1101 1116 1111 1108 1106 1127 1139 1128 1108 1131 1183 1163 1134 1127 1161 1120 1115 1157 1177 1138 1151 1158 1200 1158 1155 1108 1172 1142 1165 1187 1153 1176 1189 1161 1099 1192 1164 1152 1188 1193 1184 1170 1165 1201 1195 1188 1076 1181 1221 1066 1164 1202 1189 1173 1170 1158 890 1180 1169 1201 1194 1179 1175 1151 1156 1188 1180 1178 1174 1202 1217 1005 1188 1129 1216 1187 1205 1197 1169 1193 1005 1169 1218 1163 1177 1197 800 1170 799 1202 1200 1165 1195 1164 1212 1181 1190 1223 1202 1221 1221 1199 1191 1009 1192 1208 1199 797 1178 1181 1225 1165 1199 1198 895 991 1184 1193 1115 1209 1196 1220 1192 1219 1167 1179 1203 1218 1184 1171 1216 1197 1229 815 1180 1177 1214 1184 1227 1235 1013 1208 1210 1197 1195 1220 1234 1229 1187 1091 1181 1209 1213 1210 1181 1215 1212 1178 1170 1216 1180 1197 1034 921 1193 1187 1185 1183 1206 1123 1181 1187 1185 1094 1164 1218 1191 1237 1217 1216 1227 1202 1192 1216 1184 1188 1191 1218 1214 1198 1187 1235 1234 1199 1195 1211 1201 1232 1235 1223 1234 1209 1243 1211 1218 1214 1214 1215 1197 822 1183 1190 1216 1211 1204 1227 1187 1263 1241 1200 736 1215 1192 922 1206 937 1239 1215 1232 1207 1247 1214 1243 1236 1227 1224 1187 1154 1234 1202 942 1231 1205 1191 1227 1185 1231 1221 1200 1224 1243 1213 1185 1182 1200 1177 941 1202 1185 927 1215 1237 1231 915 1222 1182 1219 1195 1226 1167 1211 1217 1208 1231 1225 1228 1212 1117 1207 1214 1218 1193 1036 1238 1224 1233 849 1051 1206 1223 1202 1210 1215 1204 1212 1208 1232 1208 1034 1248 1201 1172 1233 1213 1183 1207 1239 1222 1245 849 934 1179 1195 1235 1248 1222 1199 863 1219 1225 1167 1246 1238 1261 1180 1227 1257 1187 1264 1263 1262 1178 1224 1220 1203 1251 1219 1256 1240 1157 1210 1254 1236 1276 1270 1236 1231 1234 1148 1237 1234 1231 1242 1188 1251 1234 1274 1131 1245 1279 1254 863 1221 1236 1199 1231 1213 1215 1224 937 915 1271 1167 762 1237 1273 1234 1248 1231 1270 1231 1234 1204 761 1029 1213 1241 1226 1243 1208 1230 745 1249 1239 1253 1230 1199 1221 1264 1244 1226 1266 1269 1223 1172 1253 1210 1261 1227 1253 1252 833 1244 1243 1241 1192 1270 1222 1207 1207 1238 1249 1253 1260 1245 1231 1268 1240 1253 1213 1252 1215 1234 1263 1259 1254 1220 1226 1250 1236 1249 1250 1239 1246 1219 1040 1235 1209 1242 952 1255 1213 1225 1243 1272 1243 1218 1195 1243 1260 1214 1218 1197 1217 1223 1237 1224 1237 1259 1251 1234 1036 1219 1246 1227 1242 1228 1266 1234 1251 1237 1232 1227 1230 1243 1240 1193 1260 1237 1269 1250 1243 1207 1227 1252 1251 1239 1228 1271 1215 1214 1264 1241 1239 865 1198 1238 1233 1248 1259 1255 1258 1212 846 1241 1237 1116 746 1247 1220 1247 1272 1236 1202 1247 1240 1221 1243 1221 1254 1235 1142 1238 1240 1228 1096 1133 1251 1237 936 1240 1201 1248 1190 1216 1118 1231 1234 1236 1232 1246 1248 1262 1097 1216 1127 1218 1251 1257 1243 1254 1234 1255 1204 1219 1254 842 1205 1224 1122 1215 1269 1250 1230 1247 1267 1233 1275 1145 1232 1243 1252 1231 938 1255 1241 1240 1236 1227 935 1192 1068 1253 1201 1238 1246 1196 1257 1203 1252 1245 1205 1223 850 1225 1025 1231 1233 913 1232 1216 1244 847 1242 1252 1230 1236 1226 1241 1230 1232 1006 1232 1234 1251 1245 1252 864 850 1228 1235 1233 1241 1256 759 1243 1241 1236 1241 1228 1201 1227 1247 952 1233 1251 1239 1285 1235 1197 1253 1248 758 1215 1254 1244 1235 1161 1252 1235 1247 1041 1261 1241 1238 925 1213 1217 1221 1194 1245 1173 1054 1266 1216 1039 1236 1250 1232 1237 1025 1246 1233 1199 1234 1239 1056 1264 1268 1257 1231 1261 1257 1220 1267 1234 1217 1251 1233 1256 1265 1258 1243 1258 1217 1222 1220 1287 1215 1227 1231 1229 1248 1265 1224 1206 1241 1235 1232 1246 1221 1220 1215 1216 1245 1145 1264 1212 1237 1224 1225 1222 1256 1216 1121 1251 1231 1183 1234 1236 1217 1120 1247 1239 1227 1218 835 1247 1244 1238 1217 1223 1241 1242 1243 1252 1197 1226 1129 848 1224 1235 1249 1205 1230 1230 1234 1241 1245 1227 1232 1243 1023 758 1236 1247 1258 1255

Tree=0
num_leaves=11
num_cat=0
split_feature=10 99 95 18 99 1 69 83 10 15
split_gain=812.941 233.514 116.824 50.5013 48.1048 34.7876 24.2994 23.1902 22.501 18.0376
threshold=3.8499212036984933 3.6762205501217919 2.649158683274019 4.8441560854355483 2.740319461670996 3.3497501700808394 6.2085718078050585 5.4793873582329331 3.3497501700808394 5.3589392201907193
decision_type=2 2 2 2 2 2 2 2 2 2
left_child=1 2 6 -2 -4 -3 -1 -5 -8 -6
right_child=3 5 4 7 9 -7 8 -9 -10 -11
leaf_value=3.7564037627460047 3.9618449951027648 3.8523103514789185 3.9099566446935903 4.0938468315953225 3.7237866126274666 3.9869874459866521 3.5873804545132377 3.990735891060456 3.7750678972171938 3.8272826355269323
leaf_weight=11.999999999999998 72 44 21 88 85 34 73 29 6.9999999999999991 21
leaf_count=12 72 44 21 88 85 34 73 29 7 21
internal_value=3.86561 3.76244 3.70952 4.02774 3.77168 3.91102 3.62371 4.06829 3.6038 3.74429
internal_weight=0 297 219 189 127 78 92 117 80 106
internal_count=486 297 219 189 127 78 92 117 80 106
is_linear=0
shrinkage=1


Tree=1
num_leaves=11
num_cat=0
split_feature=10 90 99 18 35 99 99 34 25 8
split_gain=658.482 195.845 78.2567 44.1042 38.2692 37.8633 22.6312 22.1989 20.4459 17.7463
threshold=3.8499212036984933 2.8314802400679731 3.6242520361853052 5.2468024163882658 4.9593358439305844 2.740319461670996 3.5114340430413216 4.7621374077860157 5.9361942592582988 3.891612008168019
decision_type=2 2 2 2 2 2 2 2 2 2
left_child=1 4 5 9 6 -3 -1 -7 -4 -2
right_child=3 2 8 -5 -6 7 -8 -9 -10 -11
leaf_value=-0.2462387006783831 0.0048991873926882241 0.039911146659315347 0.040244165323674683 0.21263649335274329 -0.093268808722496044 -0.080037860870361341 -0.14095925582123214 -0.20541654229164125 0.20187747875849404 0.12443683823401278
leaf_weight=69 13.999999999999998 21 60 65 35 55 29 19 8.9999999999999982 110
leaf_count=69 14 21 60 65 35 55 29 19 9 110
internal_value=0 -0.0928553 -0.0197275 0.145915 -0.183028 -0.0785986 -0.215085 -0.11223 0.0613268 0.110941
internal_weight=0 297 164 189 133 95 98 74 69 124
internal_count=486 297 164 189 133 95 98 74 69 124
is_linear=0
shrinkage=0.1


Tree=2
num_leaves=11
num_cat=0
split_feature=10 90 18 99 99 8 95 35 82 84
split_gain=539.912 137.61 68.9983 49.7345 36.1705 27.9088 27.7413 25.0445 20.0989 18.4161
threshold=3.6505739029280164 3.1345481418531311 4.8121513051691478 3.6505739029280164 3.5972184255501678 3.8499212036984933 4.7957563937576522 4.9344480538832558 7.09423450157795 5.5412558557490508
decision_type=2 2 2 2 2 2 2 2 2 2
left_child=1 3 5 7 6 -2 -3 -1 -4 -7
right_child=2 4 8 -5 -6 9 -8 -9 -10 -11
leaf_value=-0.21453629306558036 -0.033695529635857653 -0.17188475719756552 0.18927777270476023 -0.037014089582058103 0.045503868932764119 0.10480127050541342 -0.026312601098713157 -0.10500103786794678 0.09700574395246804 -0.041122215958312155
leaf_weight=92 27 18 90 26 52 64 48 27 32 9.9999999999999982
leaf_count=92 27 18 90 26 52 64 48 27 32 10
internal_value=0 -0.097055 0.114464 -0.162309 -0.0168706 0.0533295 -0.0660141 -0.189684 0.165075 0.0850819
internal_weight=0 263 223 145 118 101 66 119 122 74
internal_count=486 263 223 145 118 101 66 119 122 74
is_linear=0
shrinkage=0.1


Tree=3
num_leaves=11
num_cat=0
split_feature=10 0 10 24 97 90 99 0 10 99
split_gain=437.369 104.888 65.7971 44.2985 33.1319 31.6418 22.3235 20.9653 15.5764 10.4232
threshold=3.5549397315361362 2.3937458713910238 4.3437210834879627 4.7621374077860157 2.3502401828962087 3.8499212036984933 3.5114340430413216 4.7957563937576522 5.3659650969185444 3.5694334999727624
decision_type=2 2 2 2 2 2 2 2 2 2
left_child=1 6 5 4 9 7 -1 -2 -4 -3
right_child=2 3 8 -5 -6 -7 -8 -9 -10 -11
leaf_value=-0.20200753879191269 -0.057143940409535882 -0.097371517974687252 0.1276573448618756 -0.17779238608322645 0.039452117850693566 0.095881193750611854 -0.1083238575334956 0.063489290684461602 0.20779541288103376 -0.014231790758669378
leaf_weight=67 34 38 79 19 60 63 41 25 35 25
leaf_count=67 34 38 79 19 60 63 41 25 35 25
internal_value=0 -0.0921705 0.0976382 -0.035682 -0.01373 0.0465972 -0.166442 -0.00602816 0.152261 -0.0643796
internal_weight=0 250 236 142 123 122 108 59 114 63
internal_count=486 250 236 142 123 122 108 59 114 63
is_linear=0
shrinkage=0.1


Tree=4
num_leaves=11
num_cat=0
split_feature=10 99 95 18 8 74 99 93 74 75
split_gain=355.012 95.2816 52.6251 46.2242 18.2304 15.8079 15.0831 14.9589 14.2796 13.4416
threshold=3.6505739029280164 3.6505739029280164 4.5950688323293329 4.8441560854355483 3.891612008168019 4.9052473428434826 2.9174053685313028 3.3667009459186801 5.5412558557490508 5.7071047460155357
decision_type=2 2 2 2 2 2 2 2 2 2
left_child=1 2 9 4 -2 -5 -4 -3 -6 -1
right_child=3 7 6 5 8 -7 -8 -9 -10 -11
leaf_value=-0.16627414090050893 -0.02517927494232676 -0.0094031738893805474 0.016624677708993355 0.16727863123167808 0.087470481544733053 0.094189505964377029 -0.080811508507170574 0.092094916701316837 -0.035868905459276658 -0.039163509094052848
leaf_weight=110 28 53 24 67 64 53 47 20 10.999999999999998 8.9999999999999982
leaf_count=110 28 53 24 67 64 53 47 20 11 9
internal_value=0 -0.0787006 -0.116009 0.0928172 0.0436751 0.134998 -0.0478753 0.0184045 0.0693807 -0.156661
internal_weight=0 263 190 223 103 120 71 73 75 119
internal_count=486 263 190 223 103 120 71 73 75 119
is_linear=0
shrinkage=0.1


Tree=5
num_leaves=11
num_cat=0
split_feature=0 18 99 84 15 15 97 17 14 5
split_gain=291.68 87.549 46.0324 34.2763 36.2526 24.6766 16.0243 13.9956 13.5748 11.372
threshold=3.1984648276080736 4.3437210834879627 3.5694334999727624 5.3752355389054705 5.081385075233106 6.1484317689059056 1.0397207708399181 2.7058230259275202 2.0126758453675753 6.7309468950885822
decision_type=2 2 2 2 2 2 2 2 2 2
left_child=2 3 8 7 -5 -3 -4 -2 -1 -7
right_child=1 5 6 4 -6 9 -8 -9 -10 -11
leaf_value=-0.11151897801229588 -0.010435994306149391 0.067575477000458961 -0.098433087352249371 -0.23551086584726966 0.0055224934449562661 0.15337581614914694 0.0028873884572169269 0.061645043058239896 -0.18377607007725882 0.028031209064647556
leaf_weight=52 65 98 27 12.000000000000002 12.999999999999998 76 37 46 52 7.9999999999999991
leaf_count=52 65 98 27 12 13 76 37 46 52 8
internal_value=0 0.0563088 -0.106585 -0.00438975 -0.110174 0.101666 -0.0398572 0.0194354 -0.147648 0.141438
internal_weight=0 318 168 136 25 182 64 111 104 84
internal_count=486 318 168 136 25 182 64 111 104 84
is_linear=0
shrinkage=0.1


Tree=6
num_leaves=11
num_cat=0
split_feature=18 0 8 84 75 15 69 14 21 21
split_gain=236.283 71.3248 40.63 22.8409 26.7213 21.7244 18.4352 13.869 12.8361 9.99594
threshold=4.234001473612734 2.602003343538398 1.0397207708399181 5.3752355389054705 6.4630282400218402 6.1484317689059056 6.2633529090608215 3.4334666422309414 3.9607678160667752 1.4978661367769956
decision_type=2 2 2 2 2 2 2 2 2 2
left_child=1 6 -2 7 -5 -4 8 -3 -1 -8
right_child=2 3 5 4 -6 -7 9 -9 -10 -11
leaf_value=0.013481336890254167 -0.17475320100784303 -0.01947126581283171 0.060834800071295415 -0.20175398954978352 0.015676940493285659 0.1276289688987548 -0.17830900600978306 0.051799456637940916 -0.14887552942548479 -0.11202310970196357
leaf_weight=16.000000000000004 5.9999999999999991 97 114 13.000000000000002 9.9999999999999982 85 35 38 6.9999999999999991 65
leaf_count=16 6 97 114 13 10 85 35 38 7 65
internal_value=0 -0.0595556 0.0816347 -0.0151036 -0.107219 0.089365 -0.116656 0.000590123 -0.0359316 -0.135223
internal_weight=0 281 205 158 23 199 123 135 23 100
internal_count=486 281 205 158 23 199 123 135 23 100
is_linear=0
shrinkage=0.1


Tree=7
num_leaves=11
num_cat=0
split_feature=10 90 10 24 97 92 99 89 99 1
split_gain=193.462 52.222 32.1232 19.3235 16.7733 15.5874 13.876 10.1715 8.81099 10.0648
threshold=3.5549397315361362 2.8314802400679731 4.3437210834879627 4.8597823571876004 2.191013317336941 6.8189186903474122 3.7012257604091228 8.2594533729643391 3.6762205501217919 5.0562255201382529
decision_type=2 2 2 2 2 2 2 2 2 2
left_child=1 6 5 4 -3 8 -1 -4 9 -2
right_child=2 3 7 -5 -6 -7 -8 -9 -10 -11
leaf_value=-0.12020627649574266 -0.056185785488736241 -0.048586259287549186 0.17984195709228518 -0.12414119542886815 0.028859925642609599 0.076864913385361444 -0.0068564785333971191 0.091476621937872191 0.059662602096796039 0.027327218544841922
leaf_weight=108 31 48 14.999999999999998 14.999999999999998 67 44 11.999999999999998 99 20 27
leaf_count=108 31 48 15 15 67 44 12 99 20 27
internal_value=0 -0.0613008 0.0649373 -0.0173896 -0.00346544 0.0292736 -0.108871 0.103104 0.00242728 -0.017309
internal_weight=0 250 236 130 115 122 120 114 78 58
internal_count=486 250 236 130 115 122 120 114 78 58
is_linear=0
shrinkage=0.1


Tree=8
num_leaves=11
num_cat=0
split_feature=0 12 99 99 84 15 39 97 25 93
split_gain=159.964 47.7214 27.1137 25.6923 12.7495 20.5337 11.8933 9.29292 8.33687 7.0975
threshold=3.1984648276080736 6.8189186903474122 3.5114340430413216 3.795426061844291 5.4424083402947536 5.0562255201382529 7.1514412406855525 4.1742689126930488 3.9316333620047872 1.5890269151739729
decision_type=2 2 2 2 2 2 2 2 2 2
left_child=2 3 8 4 -2 -6 9 -3 -1 -4
right_child=1 7 6 -5 5 -7 -8 -9 -10 -11
leaf_value=-0.14050267540982792 0.0085129788542097368 0.1433789258753812 -0.081359384920543593 0.0729531009206731 -0.14091506249764388 0.0040206577790820085 0.050735469563649251 0.076656198620026858 -0.076518299993040273 -0.01536928484731886
leaf_weight=56 108 27 39 51 17 23 12.999999999999998 92 32 28
leaf_count=56 108 27 39 51 17 23 13 92 32 28
internal_value=0 0.0416998 -0.0789317 0.0117434 -0.00934918 -0.057577 -0.0367974 0.091795 -0.117236 -0.0537814
internal_weight=0 318 168 199 148 40 80 119 88 67
internal_count=486 318 168 199 148 40 80 119 88 67
is_linear=0
shrinkage=0.1


Tree=9
num_leaves=11
num_cat=0
split_feature=10 90 10 99 14 84 8 99 10 56
split_gain=130.146 35.0152 21.934 14.5651 10.9172 10.7253 12.0103 9.56869 7.75024 6.5584
threshold=3.5549397315361362 2.8314802400679731 4.3693677306817369 3.6242520361853052 4.0428973506407848 5.5412558557490508 3.5549397315361362 3.7012257604091228 5.3659650969185444 4.1430087342023825
decision_type=2 2 2 2 2 2 2 2 2 2
left_child=1 7 5 4 -3 6 -2 -1 -4 -7
right_child=2 3 8 -5 -6 9 -8 -9 -10 -11
leaf_value=-0.098644248296127279 -0.023654741944978016 -0.023571459202268611 0.067681154032777011 0.026023089941942468 -0.11864500855406127 -0.14296494722366324 0.055634928636114911 -0.0045172007754445079 0.12455051575388228 -0.0095431987528822246
leaf_weight=108 25 62 76 53 14.999999999999998 5.0000000000000027 81 11.999999999999998 35 13.999999999999998
leaf_count=108 25 62 76 53 15 5 81 12 35 14
internal_value=0 -0.0502787 0.0532613 -0.0143222 -0.0420923 0.024533 0.0369345 -0.0892315 0.0856129 -0.0446542
internal_weight=0 250 236 130 77 125 106 120 111 19
internal_count=486 250 236 130 77 125 106 120 111 19
is_linear=0
shrinkage=0.1


Tree=10
num_leaves=11
num_cat=0
split_feature=0 18 99 84 35 82 97 8 15 15
split_gain=108.448 31.0706 19.0573 15.5244 16.3216 10.7888 8.90372 8.81138 6.30403 5.47734
threshold=3.2384861814448418 4.8441560854355483 3.5114340430413216 5.3423228052093945 5.0688844241303981 7.09423450157795 1.0397207708399181 3.8499212036984933 3.7609296261008152 6.4982776132386997
decision_type=2 2 2 2 2 2 2 2 2 2
left_child=2 3 8 7 -5 -3 -4 -2 -1 -9
right_child=1 5 6 4 -6 -7 -8 9 -10 -11
leaf_value=-0.11828512836177395 -0.010289174675320586 0.092477008888728174 -0.063697992279194302 -0.15492847681045532 -0.0090944098647345196 0.024773726623971017 0.0018501776205592378 0.03402559238057884 -0.063598833956888742 0.11191206037998201
leaf_weight=53 48 89 40 9.9999999999999982 33 32 43 93 35 9.9999999999999982
leaf_count=53 48 89 40 10 33 32 43 93 35 10
internal_value=0 0.0348045 -0.0641136 0.0100011 -0.0430093 0.074572 -0.0297393 0.0250968 -0.0965349 0.0415874
internal_weight=0 315 171 194 43 121 83 151 88 103
internal_count=486 315 171 194 43 121 83 151 88 103
is_linear=0
shrinkage=0.1


Tree=11
num_leaves=11
num_cat=0
split_feature=0 15 87 12 98 99 69 7 2 97
split_gain=87.8431 25.6113 16.1805 14.5343 11.3732 11.2879 8.55474 7.80656 5.48233 5.16716
threshold=3.2384861814448418 6.1484317689059056 3.1345481418531311 4.5053345884235583 4.2625806805327082 3.6505739029280164 6.2633529090608215 4.6913057964583187 5.1119152036137292 2.9430520157250784
decision_type=2 2 2 2 2 2 2 2 2 2
left_child=2 4 3 6 5 8 -1 -3 -2 -5
right_child=1 7 -4 9 -6 -7 -8 -9 -10 -11
leaf_value=-0.013112094608897513 -0.050795134686517952 0.10703295011345933 -0.11337005756795407 -0.020226606500871255 0.031988261841357717 0.050236015731380104 -0.086011409455289456 0.049817458285312907 0.0099140339309260958 0.049021329660899941
leaf_weight=22 51 41 40 33 124 21 60 57 21 15.999999999999998
leaf_count=22 51 41 40 33 124 21 60 57 21 16
internal_value=0 0.0313241 -0.0577023 -0.0407045 0.012162 -0.0142731 -0.0664531 0.0737546 -0.0330883 0.00238496
internal_weight=0 315 171 131 217 93 82 98 72 49
internal_count=486 315 171 131 217 93 82 98 72 49
is_linear=0
shrinkage=0.1


Tree=12
num_leaves=11
num_cat=0
split_feature=18 0 8 87 84 15 69 21 18 14
split_gain=71.4325 22.1377 14.0135 10.9993 9.56995 12.0159 7.59758 7.94371 7.47415 5.75508
threshold=4.234001473612734 2.524928003624769 1.0397207708399181 5.0105463973051965 5.3752355389054705 5.1445790166580574 6.2633529090608215 3.9607678160667752 5.5945386047671937 3.4334666422309414
decision_type=2 2 2 2 2 2 2 2 2 2
left_child=1 6 -2 8 9 -6 7 -1 -4 -3
right_child=2 4 3 -5 5 -7 -8 -9 -10 -11
leaf_value=0.024999568029306824 -0.10568768108884495 -0.011283603151983554 0.049586907084592333 0.0032730781186440191 -0.13764205177625016 0.0070536380464380436 -0.077862359324838815 -0.1027227167572294 0.10144042616917029 0.034370602422246814
leaf_weight=16.000000000000004 5.9999999999999991 101 122 41 12.000000000000002 10.999999999999998 96 6.9999999999999991 36 38
leaf_count=16 6 101 122 41 12 11 96 7 36 38
internal_value=0 -0.0327457 0.0448855 0.0494254 -0.00868936 -0.0684398 -0.0654946 -0.0138724 0.0614016 0.0011974
internal_weight=0 281 205 199 162 23 119 23 158 139
internal_count=486 281 205 199 162 23 119 23 158 139
is_linear=0
shrinkage=0.1


Tree=13
num_leaves=11
num_cat=0
split_feature=0 18 87 12 84 15 87 97 22 69
split_gain=58.9712 15.2299 14.4365 10.8365 10.1843 11.8487 9.90632 5.47476 4.33659 3.97429
threshold=3.6632328069201612 4.3437210834879627 3.1345481418531311 2.649158683274019 5.3752355389054705 5.081385075233106 5.0105463973051965 2.9430520157250784 5.4315338162543414 6.2633529090608215
decision_type=2 2 2 2 2 2 2 2 2 2
left_child=2 4 3 9 -2 -6 7 -3 -5 -1
right_child=1 6 -4 8 5 -7 -8 -9 -10 -11
leaf_value=0.0079192792375882472 0.016451208519454048 0.11547600999474526 -0.091683646652911038 -0.018065581816210968 -0.13399713310328393 0.007020579364437324 0.0039164186443667861 0.053202755571498228 0.039632768531640376 -0.079358400804921986
leaf_weight=5.9999999999999991 82 15.999999999999998 44 99 11.000000000000002 12.999999999999998 40 120 14.999999999999998 40
leaf_count=6 82 16 44 99 11 13 40 120 15 40
internal_value=0 0.0296273 -0.0409554 -0.0270051 -0.000317942 -0.0576125 0.0476625 0.060529 -0.0104737 -0.0679744
internal_weight=0 282 204 160 106 24 176 136 114 46
internal_count=486 282 204 160 106 24 176 136 114 46
is_linear=0
shrinkage=0.1


Tree=14
num_leaves=11
num_cat=0
split_feature=10 97 14 101 12 10 1 87 98 74
split_gain=48.2371 20.36 15.2668 7.94574 6.60558 6.34903 4.94739 3.9182 3.45009 3.06677
threshold=3.9701138825728512 1.5890269151739729 4.983512786670059 3.9219243190762363 1.5890269151739729 5.3659650969185444 5.0688844241303981 4.4885732424042368 5.2094712223428914 3.2180751841847144
decision_type=2 2 2 2 2 2 2 2 2 2
left_child=1 4 3 -3 9 7 -4 -2 -7 -1
right_child=5 2 6 -5 -6 8 -8 -9 -10 -11
leaf_value=-0.05628789817155512 0.04536062688514423 0.0061694309353376468 -0.099603911282287683 0.098527327775955201 -0.03487326228641905 0.10076406633853913 0.012838708478957414 0.0094158071599414819 0.031264933981001379 -0.10541693841417631
leaf_weight=27 89 136 18.000000000000004 9.9999999999999982 96 25 4.9999999999999991 46 9.9999999999999982 24
leaf_count=27 89 136 18 10 96 25 5 46 10 24
internal_value=0 -0.0231075 0.000565911 0.0124953 -0.0503239 0.0429528 -0.0751599 0.0331128 0.0809072 -0.0794074
internal_weight=0 316 169 146 147 170 23 135 35 51
internal_count=486 316 169 146 147 170 23 135 35 51
is_linear=0
shrinkage=0.1


Tree=15
num_leaves=11
num_cat=0
split_feature=0 102 99 12 57 30 74 26 84 94
split_gain=39.4825 16.0248 16.5268 6.44527 6.61137 5.15714 5.02894 4.02187 6.68421 3.62947
threshold=2.7058230259275202 2.6735537653587347 3.5694334999727624 4.5053345884235583 3.4960482137079443 4.2903656061101136 3.4960482137079443 3.4334666422309414 5.3752355389054705 5.3032925319746216
decision_type=2 2 2 2 2 2 2 2 2 2
left_child=3 9 7 6 -5 -4 -1 8 -3 -2
right_child=1 2 5 4 -6 -7 -8 -9 -10 -11
leaf_value=-0.043240217428843854 0.066208217279477552 -0.01817468347400427 0.025357336261384616 0.00065742377220175986 -0.098724365234375 0.10118552148342133 -0.092473403201438487 -0.0017636008188544241 -0.086577506884932529 0.031659010256065385
leaf_weight=59 55 50 87 41 7.9999999999999991 9.9999999999999982 32 56 20 68
leaf_count=59 55 50 87 41 8 10 32 56 20 68
internal_value=0 0.0181305 0.00214752 -0.0448083 -0.0155682 0.0331747 -0.060553 -0.0217385 -0.0377183 0.0471078
internal_weight=0 346 223 140 49 97 91 126 70 123
internal_count=486 346 223 140 49 97 91 126 70 123
is_linear=0
shrinkage=0.1


Tree=16
num_leaves=11
num_cat=0
split_feature=15 97 81 15 18 101 12 5 34 65
split_gain=33.2147 15.3912 9.85919 5.01778 4.51807 4.1185 3.60559 3.6524 3.31215 3.16017
threshold=5.4701654074033046 1.5890269151739729 5.598394523403428 5.0562255201382529 5.5945386047671937 3.9415346756528771 1.5890269151739729 3.4960482137079443 2.524928003624769 5.0139575654555903
decision_type=2 2 2 2 2 2 2 2 2 2
left_child=1 6 8 -4 5 -2 -1 -8 -3 -9
right_child=4 2 3 -5 -6 -7 7 9 -10 -11
leaf_value=-0.065295054610161218 0.021544934657325387 -0.0071229291479971459 -0.078701333852396138 0.0046715843660587618 0.063792946154988081 0.095687726512551308 -0.016562934331263282 -0.092321545680363951 0.023499972117398019 -0.028431855095550421
leaf_weight=51 118 59 21 10.999999999999998 43 7.9999999999999991 56 15.000000000000002 88 15.999999999999998
leaf_count=51 118 59 21 11 43 8 56 15 88 16
internal_value=0 -0.019088 0.000259241 -0.0500419 0.0358041 0.0262524 -0.0441834 -0.0318076 0.0112091 -0.0593462
internal_weight=0 317 179 32 169 126 138 87 147 31
internal_count=486 317 179 32 169 126 138 87 147 31
is_linear=0
shrinkage=0.1


Tree=17
num_leaves=11
num_cat=0
split_feature=0 102 99 87 22 55 96 54 94 84
split_gain=27.0921 7.84305 10.857 7.31692 5.58988 4.78658 3.93541 4.48206 2.96202 2.6668
threshold=3.6632328069201612 2.6735537653587347 3.6762205501217919 3.1345481418531311 4.5053345884235583 4.1583945635357589 3.1345481418531311 1.7005986908310777 5.3032925319746216 5.3423228052093945
decision_type=2 2 2 2 2 2 2 2 2 2
left_child=3 8 9 4 6 -4 7 -1 -2 -3
right_child=1 2 5 -5 -6 -7 -8 -9 -10 -11
leaf_value=-0.024120381343751576 0.056297481960871004 0.00096004088036715993 0.012731438595096047 -0.063874165849252193 0.0044785401134779966 0.068945051782897546 0.017584112114631213 -0.073186406473918206 0.025086283001035232 -0.032039124278768823
leaf_weight=52 55 50 33 44 66 28 12.999999999999998 29 68 48
leaf_count=52 55 50 33 44 66 28 13 29 68 48
internal_value=0 0.0200814 0.00541335 -0.0277596 -0.0178281 0.0385344 -0.0334901 -0.0416872 0.0390425 -0.0152028
internal_weight=0 282 159 204 160 61 94 81 123 98
internal_count=486 282 159 204 160 61 94 81 123 98
is_linear=0
shrinkage=0.1


Tree=18
num_leaves=11
num_cat=0
split_feature=15 97 81 97 18 101 40 12 5 65
split_gain=22.6697 10.3209 7.18752 3.70397 3.30785 2.95753 2.73434 2.44199 2.64973 2.32608
threshold=5.4701654074033046 1.5890269151739729 5.598394523403428 4.007167868649713 5.5945386047671937 3.9415346756528771 4.2903656061101136 1.5890269151739729 3.4960482137079443 5.0139575654555903
decision_type=2 2 2 2 2 2 2 2 2 2
left_child=1 7 6 -4 5 -2 -3 -1 -9 -10
right_child=4 2 3 -5 -6 -7 -8 8 9 -11
leaf_value=-0.05369403588713384 0.01741739475854941 0.0046565774289219295 -0.069227953702211381 0.0010474074631929397 0.053528121649287642 0.08024696766515263 0.048447990277782085 -0.01315024954175377 -0.077881730000178007 -0.02306819760706276
leaf_weight=51 118 131 20 11.999999999999998 43 7.9999999999999991 15.999999999999998 56 15.000000000000002 15.999999999999998
leaf_count=51 118 131 20 12 43 8 16 56 15 16
internal_value=0 -0.0157695 7.36833e-05 -0.0428747 0.0295795 0.0214066 0.00942299 -0.0363198 -0.0261348 -0.0495909
internal_weight=0 317 179 32 169 126 147 138 87 31
internal_count=486 317 179 32 169 126 147 138 87 31
is_linear=0
shrinkage=0.1


Tree=19
num_leaves=11
num_cat=0
split_feature=10 96 12 101 94 64 36 18 41 34
split_gain=18.7442 8.68633 5.63793 3.99853 3.97781 3.1168 4.4513 3.07991 2.69415 2.17589
threshold=3.9701138825728512 3.1345481418531311 3.0433873634561537 3.5972184255501678 1.9356005054539456 5.1179758838799021 3.6632328069201612 5.797565991880604 4.1742689126930488 5.1179758838799021
decision_type=2 2 2 2 2 2 2 2 2 2
left_child=1 2 -1 -3 -2 9 -7 8 -6 -4
right_child=4 3 5 -5 7 6 -8 -9 -10 -11
leaf_value=-0.049839457441121338 0.068667025873437523 -0.0041487993899350746 -0.010157989498726289 0.044411577352633083 0.04951817016634677 -0.062506243172619089 0.0087167278935129829 0.04926448370660505 0.0075241151212779162 0.056961333192884926
leaf_weight=60 20 39 142 30 18 27 12.999999999999998 31 101 4.9999999999999991
leaf_count=60 20 39 142 30 18 27 13 31 101 5
internal_value=0 -0.0144044 -0.0231674 0.0169644 0.0267753 -0.0146095 -0.0393588 0.0211897 0.0138762 -0.00787502
internal_weight=0 316 247 69 170 187 40 150 119 147
internal_count=486 316 247 69 170 187 40 150 119 147
is_linear=0
shrinkage=0.1


Tree=20
num_leaves=11
num_cat=0
split_feature=12 102 99 59 1 84 36 4 94 91
split_gain=15.8271 7.02444 10.9273 3.88255 3.15832 2.84845 2.65764 2.64694 2.54314 2.48045
threshold=4.5053345884235583 2.740319461670996 3.6762205501217919 6.311733162251806 2.7058230259275202 5.4847883247493394 1.2424533248940004 5.5872416446462791 5.3032925319746216 1.0397207708399181
decision_type=2 2 2 2 2 2 2 2 2 2
left_child=3 8 5 9 -5 -3 -4 -7 -2 -1
right_child=1 2 6 4 -6 7 -8 -9 -10 -11
leaf_value=0.04077806315488286 0.04554641922669752 -0.0087969473978180609 0.002315505362686611 -0.052362998837341017 -0.0051823436075614559 -0.070682244704050184 0.038080699289483683 -0.018144873216409573 0.017301084716313496 -0.017757822361749574
leaf_weight=8.9999999999999982 56 92 31 67 18 17 63 22 74 37
leaf_count=9 56 92 31 67 18 17 63 22 74 37
internal_value=0 0.0109624 0.000270045 -0.0297072 -0.0423718 -0.0183977 0.0262858 -0.0410458 0.0294683 -0.00630515
internal_weight=0 355 225 131 85 131 94 39 130 46
internal_count=486 355 225 131 85 131 94 39 130 46
is_linear=0
shrinkage=0.1


Tree=21
num_leaves=11
num_cat=0
split_feature=12 100 89 7 12 50 69 21 25 92
split_gain=12.8345 6.26642 3.88748 2.95501 3.12469 2.38978 2.60778 3.77108 2.55461 2.19158
threshold=6.3403453061633286 3.7256208424938388 7.4655686383957578 5.5528393853898175 6.6025796074063665 4.2625806805327082 6.1158701961393769 3.9607678160667752 5.4701654074033046 6.5424678079760454
decision_type=2 2 2 2 2 2 2 2 2 2
left_child=1 5 -2 -4 -5 6 7 -1 -8 -3
right_child=2 9 3 4 -6 -7 8 -9 -10 -11
leaf_value=0.025049758410972095 0.072207044277872362 -0.00021350861972440846 0.025057995692629093 -0.072827350348234177 0.0054467622656375171 0.01719795896206051 -0.032243207418650853 -0.051302658559547534 1.4547112494193275e-05 0.035270818229764703
leaf_weight=23 13.999999999999998 46 121 5.9999999999999991 34 15.999999999999998 160 8.9999999999999982 29 28
leaf_count=23 14 46 121 6 34 16 160 9 29 28
internal_value=0 -0.0121902 0.0216637 0.0172686 -0.00629435 -0.020122 -0.0228238 0.00357564 -0.0272936 0.013213
internal_weight=0 311 175 161 40 237 221 32 189 74
internal_count=486 311 175 161 40 237 221 32 189 74
is_linear=0
shrinkage=0.1


Tree=22
num_leaves=11
num_cat=0
split_feature=12 102 99 59 35 40 84 24 20 94
split_gain=10.7843 4.81313 7.46621 2.81819 2.84805 2.28236 2.21064 2.08698 1.95801 1.93041
threshold=4.5053345884235583 2.740319461670996 3.6762205501217919 6.311733162251806 4.6913057964583187 4.2903656061101136 5.4847883247493394 2.524928003624769 1.0397207708399181 5.3032925319746216
decision_type=2 2 2 2 2 2 2 2 2 2
left_child=3 9 6 7 -5 -4 -3 8 -1 -2
right_child=1 2 5 4 -6 -7 -8 -9 -10 -11
leaf_value=-0.07446115616708994 0.03837551842942568 -0.0067746356506730712 0.017282821333581774 -0.048484469990112952 -0.0098753232251981224 0.076636477879115525 -0.035184482590128213 0.033410122482614088 -0.006869128761657824 0.013766951485209773
leaf_weight=4.9999999999999991 56 92 87 56 29 6.9999999999999991 39 10.999999999999998 30 74
leaf_count=5 56 92 87 56 29 7 39 11 30 74
internal_value=0 0.00904897 0.00019822 -0.024522 -0.0353119 0.0217028 -0.0152325 -0.00458409 -0.0165251 0.0243676
internal_weight=0 355 225 131 85 94 131 46 35 130
internal_count=486 355 225 131 85 94 131 46 35 130
is_linear=0
shrinkage=0.1


Tree=23
num_leaves=11
num_cat=0
split_feature=15 97 81 38 101 101 40 15 81 87
split_gain=9.04888 4.05089 3.36886 1.92229 1.76473 1.98514 1.74519 1.39707 1.35434 1.33924
threshold=5.4701654074033046 1.5890269151739729 5.654166879525274 4.8903208612686422 3.8393944990995772 2.524928003624769 4.2903656061101136 7.8894745206938071 1.4978661367769956 4.007167868649713
decision_type=2 2 2 2 2 2 2 2 2 2
left_child=1 9 6 -4 5 7 8 -2 -3 -1
right_child=4 2 3 -5 -6 -7 -8 -9 -10 -11
leaf_value=-0.018901283850408152 0.020430309240790933 0.028579654451459647 -0.048510303944349284 0.0051873366441577678 0.040248390022785435 -0.00066852659801952541 0.036275530584594783 0.074979102611541754 -0.0016600368641640829 -0.047491597815563807
leaf_weight=119 77 17 20.000000000000004 9.9999999999999982 31 56 17 4.9999999999999991 115 19
leaf_count=119 77 17 20 10 31 56 17 5 115 19
internal_value=0 -0.00996307 -3.74235e-05 -0.0306111 0.0186881 0.0138449 0.00611835 0.0237565 0.00223447 -0.0228376
internal_weight=0 317 179 30 169 138 149 82 132 138
internal_count=486 317 179 30 169 138 149 82 132 138
is_linear=0
shrinkage=0.1


Tree=24
num_leaves=11
num_cat=0
split_feature=12 101 101 87 59 35 1 10 71 10
split_gain=7.62667 3.33508 3.80719 3.37304 2.11682 2.28329 2.02946 1.79313 1.77021 2.46675
threshold=4.5053345884235583 3.9219243190762363 2.6735537653587347 4.317399216745252 6.311733162251806 4.6913057964583187 5.0688844241303981 4.9342409716686575 1.0397207708399181 2.191013317336941
decision_type=2 2 2 2 2 2 2 2 2 2
left_child=4 2 -2 7 8 -6 -5 -4 9 -1
right_child=1 -3 3 6 5 -7 -8 -9 -10 -11
leaf_value=0.081292093396186774 0.018745297152781861 0.038944840106752615 0.003063468940937045 -0.036836433735413426 -0.041767666182879894 -0.0071978384307746224 -0.0015493165522847061 0.064072499871253963 -0.018361755884413061 -0.0023089397077759107
leaf_weight=5.0000000000000027 120 31 132 39 56 29 28 4.9999999999999991 29 11.999999999999998
leaf_count=5 120 31 132 39 56 29 28 5 29 12
internal_value=0 0.00760976 0.00461165 -0.00370226 -0.0206219 -0.0299733 -0.0220896 0.00529008 -0.00334212 0.0222796
internal_weight=0 355 324 204 131 85 67 137 46 17
internal_count=486 355 324 204 131 85 67 137 46 17
is_linear=0
shrinkage=0.1


Tree=25
num_leaves=11
num_cat=0
split_feature=15 96 99 46 63 12 94 12 64 5
split_gain=6.21734 2.98401 3.30995 2.45907 1.30783 1.67187 2.00534 1.28123 2.0926 1.61737
threshold=5.4701654074033046 3.1345481418531311 3.7012257604091228 2.5619819897016298 6.2971076241477952 5.9532399610262798 3.8499212036984933 1.5890269151739729 5.1179758838799021 3.0433873634561537
decision_type=2 2 2 2 2 2 2 2 2 2
left_child=1 2 7 -4 5 -2 -7 9 -9 -1
right_child=4 -3 3 -5 -6 6 -8 8 -10 -11
leaf_value=-0.04400761037280685 0.0017711169417533612 0.0087248766691911256 -0.003596932871732861 0.04701460438470046 -0.014982886569431196 0.049551025716587899 0.017374735462565929 -0.0078618433860053009 -0.036425162600353361 0.0011918336898088457
leaf_weight=38 45 78 48 11.999999999999998 12.999999999999998 25 86 96 35 9.9999999999999982
leaf_count=38 45 78 48 12 13 25 86 96 35 10
internal_value=0 -0.00825844 -0.0138011 0.00652537 0.0154907 0.0180301 0.0246216 -0.0206145 -0.0154933 -0.0345911
internal_weight=0 317 239 60 169 156 111 179 131 48
internal_count=486 317 239 60 169 156 111 179 131 48
is_linear=0
shrinkage=0.1


Tree=26
num_leaves=11
num_cat=0
split_feature=12 101 18 96 74 87 25 7 54 39
split_gain=5.23755 2.43465 2.65375 1.59605 1.832 1.51075 2.62571 1.51299 1.48009 1.94293
threshold=4.5053345884235583 3.9219243190762363 5.5945386047671937 2.5619819897016298 2.9174053685313028 4.2625806805327082 5.1445790166580574 5.6347640923143762 1.7005986908310777 4.8597823571876004
decision_type=2 2 2 2 2 2 2 2 2 2
left_child=3 2 5 8 -5 7 -7 -2 9 -1
right_child=1 -3 -4 4 -6 6 -8 -9 -10 -11
leaf_value=0.047461515665054327 0.0040278459106983001 0.033079133686729739 0.027859542416408659 -0.0092852972808384129 0.051082808276017515 -0.031166066591524419 0.0026886880865305781 0.055078584452470152 -0.036562561925421372 -0.01848141715994903
leaf_weight=4.9999999999999991 179 31 40 31 5.9999999999999991 36 63 5.9999999999999991 47 42
leaf_count=5 179 31 40 31 6 36 63 6 47 42
internal_value=0 0.0063062 0.00374459 -0.0170893 0.000504125 0.000348116 -0.00962213 0.00568355 -0.0240144 -0.0114662
internal_weight=0 355 324 131 37 284 99 185 94 47
internal_count=486 355 324 131 37 284 99 185 94 47
is_linear=0
shrinkage=0.1


Tree=27
num_leaves=11
num_cat=0
split_feature=22 49 23 93 92 15 73 91 84 69
split_gain=4.33394 3.43274 3.51625 1.81452 1.78651 1.34921 1.276 1.26516 2.01893 1.17161
threshold=5.4315338162543414 7.9851308890155055 3.3667009459186801 4.1742689126930488 6.5117353942139884 7.8894745206938071 5.5721468034537072 4.4425820475484112 1.2424533248940004 5.9813631934492228
decision_type=2 2 2 2 2 2 2 2 2 2
left_child=4 -2 3 -3 7 6 -4 9 -9 -1
right_child=1 2 5 -5 -6 -7 -8 8 -10 -11
leaf_value=0.0075380275025963787 0.035333459765264176 -0.039428515255451206 0.014063388530707589 0.0036978210573579418 0.012120343528447612 0.061083233356475836 -0.0045432955123273274 -0.065241931869902375 0.0068709773321946463 -0.014756883752701067
leaf_weight=28 41 25 121 15.999999999999998 31 4.9999999999999991 53 11.000000000000002 5.9999999999999991 149
leaf_count=28 41 25 121 16 31 5 53 11 6 149
internal_value=0 0.00876788 0.00381702 -0.0225987 -0.0101707 0.00986755 0.00839584 -0.0137327 -0.0397903 -0.01123
internal_weight=0 261 220 41 225 179 174 194 17 177
internal_count=486 261 220 41 225 179 174 194 17 177
is_linear=0
shrinkage=0.1


Tree=28
num_leaves=11
num_cat=0
split_feature=22 71 80 100 99 84 68 35 94 43
split_gain=3.70544 3.01079 1.94035 1.84753 2.24417 1.92156 1.54688 1.8766 1.48555 1.90127
threshold=4.317399216745252 3.3497501700808394 1.0397207708399181 3.8815106545092593 2.524928003624769 5.4595764601916565 2.3937458713910238 4.7405652883788738 3.4334666422309414 0.89587973461402759
decision_type=2 2 2 2 2 2 2 2 2 2
left_child=1 6 -3 4 -2 -6 8 -8 -1 -10
right_child=3 2 -4 -5 5 -7 7 -9 9 -11
leaf_value=-0.0069210772843737349 0.014265722552298422 -0.10031593799591057 -0.031838283191124604 0.022490183415585289 0.00092708964070494643 -0.022640638523410226 -0.038277530842258226 0.020856038055249625 0.063874158263206485 -0.005069171264767647
leaf_weight=38 102 5.0000000000000027 24 51 177 43 23.000000000000004 6.9999999999999991 7.9999999999999991 7.9999999999999991
leaf_count=38 102 5 24 51 177 43 23 7 8 8
internal_value=0 -0.0158642 -0.0436448 0.00480603 0.00200513 -0.00367933 -0.00627324 -0.0244797 0.00384146 0.0294025
internal_weight=0 113 29 373 322 220 84 30 54 16
internal_count=486 113 29 373 322 220 84 30 54 16
is_linear=0
shrinkage=0.1


Tree=29
num_leaves=11
num_cat=0
split_feature=22 49 23 1 92 15 98 27 68 58
split_gain=3.03667 2.68659 2.68997 1.36674 1.25568 1.05538 1.11987 1.0351 0.954657 0.910391
threshold=5.4315338162543414 7.9851308890155055 3.3667009459186801 5.1119152036137292 6.5117353942139884 7.8894745206938071 3.4334666422309414 3.1132683346437333 4.7273486598447958 3.7609296261008152
decision_type=2 2 2 2 2 2 2 2 2 2
left_child=4 -2 3 8 7 6 -4 9 -3 -1
right_child=1 2 5 -5 -6 -7 -8 -9 -10 -11
leaf_value=-0.012054913135591724 0.030840971511675093 -0.018714773199408903 0.025269036493929371 0.023951808727967244 0.010174722344644609 0.053548337221145631 0.0034365879218668156 -0.036732903321584069 -0.058045407012104991 0.009666063923346388
leaf_weight=157 41 27 28 5.9999999999999991 31 4.9999999999999991 146 14.999999999999998 7.9999999999999991 22
leaf_count=157 41 27 28 6 31 5 146 15 8 22
internal_value=0 0.00733925 0.00295939 -0.0201452 -0.00851353 0.00825149 0.00694986 -0.0114998 -0.0277046 -0.0093853
internal_weight=0 261 220 41 225 179 174 194 35 179
internal_count=486 261 220 41 225 179 174 194 35 179
is_linear=0
shrinkage=0.1


Tree=30
num_leaves=11
num_cat=0
split_feature=12 101 18 43 67 54 49 9 8 65
split_gain=2.57855 1.41349 1.51351 1.06388 1.67794 1.1948 2.33837 1.03959 1.19942 0.926618
threshold=4.5053345884235583 3.9219243190762363 5.5945386047671937 4.007167868649713 2.4414009612931857 1.7005986908310777 4.8597823571876004 6.8051648535121192 3.0433873634561537 5.609465086342035
decision_type=2 2 2 2 2 2 2 2 2 2
left_child=3 2 7 4 5 6 -1 -2 -9 -4
right_child=1 -3 9 -5 -6 -7 -8 8 -10 -11
leaf_value=0.066284041404724131 0.021319072125923069 0.024824498140163 0.04704679071903229 0.029142222305138906 -0.037732979965706667 -0.021208477645580259 -0.0051985613898270664 -0.013352135109559654 0.0021466544093991804 0.011897242249300083
leaf_weight=4.9999999999999991 21 31 9.9999999999999982 5.9999999999999991 24 42 54 67 196 30
leaf_count=5 21 31 10 6 24 42 54 67 196 30
internal_value=0 0.00442478 0.00247295 -0.0119908 -0.0139652 -0.00831741 0.000859286 -9.20714e-05 -0.00180171 0.0206846
internal_weight=0 355 324 131 125 101 59 284 263 40
internal_count=486 355 324 131 125 101 59 284 263 40
is_linear=0
shrinkage=0.1


Tree=31
num_leaves=11
num_cat=0
split_feature=22 71 80 84 36 40 55 66 61 94
split_gain=2.21187 2.18952 1.60165 1.26227 1.79721 1.37927 2.13335 1.5797 1.22068 1.29278
threshold=4.317399216745252 3.3497501700808394 1.0397207708399181 5.4424083402947536 3.6632328069201612 4.3693677306817369 5.2417330174952186 4.5746578350692051 3.891612008168019 4.2625806805327082
decision_type=2 2 2 2 2 2 2 2 2 2
left_child=1 8 -3 5 -5 -2 -7 -8 9 -1
right_child=3 2 -4 4 -6 6 7 -9 -10 -11
leaf_value=-0.010435838431019237 0.0029924251808676984 -0.087435328364372192 -0.02522075191761057 -0.032738038378634621 0.0018294605707644294 0.054017970391682213 -0.001579887650182678 0.036184097090153959 0.04383919823914767 0.042102377414703372
leaf_weight=74 233 5.0000000000000027 24 21 53 13.999999999999998 36 15.999999999999998 4.9999999999999991 4.9999999999999991
leaf_count=74 233 5 24 21 53 14 36 16 5 5
internal_value=0 -0.0122568 -0.0359474 0.00371319 -0.00798024 0.00660721 0.0193685 0.0100398 -0.00407791 -0.00711063
internal_weight=0 113 29 373 74 299 66 52 84 79
internal_count=486 113 29 373 74 299 66 52 84 79
is_linear=0
shrinkage=0.1


Tree=32
num_leaves=11
num_cat=0
split_feature=22 71 11 68 35 101 96 18 94 80
split_gain=1.79162 1.77351 1.4665 1.16494 1.40105 1.15805 1.11417 1.07446 0.984834 0.96032
threshold=4.317399216745252 3.3497501700808394 3.891612008168019 2.3937458713910238 4.7405652883788738 3.9415346756528771 0.89587973461402759 5.5945386047671937 3.4334666422309414 2.9700856263602158
decision_type=2 2 2 2 2 2 2 2 2 2
left_child=1 3 -3 6 -5 7 8 -2 -1 -7
right_child=5 2 -4 4 -6 9 -8 -9 -10 -11
leaf_value=0.010150453969836236 -2.5123404245374435e-05 -0.019667969881133597 -0.072218840249947139 -0.031391859888706512 0.019702722557953425 0.048582495450973498 -0.0038007576639453571 0.017197330200635807 0.064505796432495127 0.0057649880647659309
leaf_weight=9.9999999999999982 311 22.000000000000004 6.9999999999999991 23.000000000000004 6.9999999999999991 10.000000000000002 39 41 4.9999999999999991 10.999999999999998
leaf_count=10 311 22 7 23 7 10 39 41 5 11
internal_value=0 -0.0110311 -0.0323527 -0.00367012 -0.0194698 0.00334187 0.00510748 0.0019809 0.0282689 0.0261543
internal_weight=0 113 29 84 30 373 54 352 15 21
internal_count=486 113 29 84 30 373 54 352 15 21
is_linear=0
shrinkage=0.1


Tree=33
num_leaves=11
num_cat=0
split_feature=8 10 64 1 66 101 41 37 56 41
split_gain=1.53092 1.24731 1.24577 1.76501 1.39379 0.768191 0.723341 0.686891 1.16238 1.43282
threshold=3.891612008168019 4.5107991236896536 5.4847883247493394 5.0688844241303981 4.3943729409690677 3.9219243190762363 4.007167868649713 2.0126758453675748 2.8029010331479989 3.2180751841847144
decision_type=2 2 2 2 2 2 2 2 2 2
left_child=1 7 4 -4 5 -2 -7 8 -1 -10
right_child=2 -3 3 -5 -6 6 -8 -9 9 -11
leaf_value=-0.0066150749879580742 0.0031898892647661391 0.038710802545150122 -0.045868732966482639 5.3913493712361045e-06 0.033186116672697517 0.036190752064188314 0.0051350873336195946 -0.014977802563673601 -0.016510901351769768 0.045302118863910439
leaf_weight=117 156 5.9999999999999991 9.9999999999999982 52 21 15.000000000000002 14.999999999999998 78 5.9999999999999991 9.9999999999999982
leaf_count=117 156 6 10 52 21 15 15 78 6 10
internal_value=0 -0.0062489 0.00504094 -0.00739366 0.00876531 0.00600812 0.0206629 -0.00752738 -0.00315795 0.0221222
internal_weight=0 217 269 62 207 186 30 211 133 16
internal_count=486 217 269 62 207 186 30 211 133 16
is_linear=0
shrinkage=0.1


Tree=34
num_leaves=11
num_cat=0
split_feature=22 49 23 28 97 93 98 92 94 100
split_gain=1.31454 1.81744 1.65324 1.13008 0.920483 0.894097 0.862812 0.834669 0.831333 1.15244
threshold=5.4445775410940529 7.9851308890155055 3.3667009459186801 4.4885732424042368 2.9430520157250784 4.1742689126930488 3.7132745361986528 6.5117353942139884 5.0688844241303981 2.4414009612931857
decision_type=2 2 2 2 2 2 2 2 2 2
left_child=3 -2 5 4 -1 -3 -6 -8 -4 -10
right_child=1 2 8 -5 6 -7 7 -9 9 -11
leaf_value=-0.0079233217930099586 0.024469654439017177 -0.028628489390015607 0.013109128935191828 -0.052569950819015498 0.035577726405527858 0.0016444196284282953 -0.020757135438422364 0.010765128207900231 0.0092031584155780298 -0.012465100034864413
leaf_weight=173 40 25 79 4.9999999999999991 8.9999999999999982 15.999999999999998 11.999999999999998 28 54 45
leaf_count=173 40 25 79 5 9 16 12 28 54 45
internal_value=0 0.00486891 0.00128886 -0.00555527 -0.00449638 -0.0168147 0.00760281 0.00130845 0.00545878 -0.00064605
internal_weight=0 259 219 227 222 41 49 40 178 99
internal_count=486 259 219 227 222 41 49 40 178 99
is_linear=0
shrinkage=0.1


Tree=35
num_leaves=11
num_cat=0
split_feature=12 84 40 45 102 92 43 67 54 49
split_gain=1.11007 0.848095 1.04189 1.49185 1.29509 0.885796 0.802723 1.04821 0.815222 1.602
threshold=4.5053345884235583 5.2417330174952186 4.3693677306817369 5.3981524641123215 1.7005986908310777 6.6732907755525082 4.007167868649713 2.4414009612931857 1.7005986908310777 4.8597823571876004
decision_type=2 2 2 2 2 2 2 2 2 2
left_child=6 2 -2 -4 -5 -3 7 8 9 -1
right_child=1 5 3 4 -6 -7 -8 -9 -10 -11
leaf_value=0.056613846421241766 0.0025033054373277529 -0.011742857039118043 0.049132613837718969 -0.02228806605562568 0.018517736478575641 0.009030722516278426 0.027862000465393069 -0.028368053678423169 -0.015766843168863228 -0.0025525738681338866
leaf_weight=4.9999999999999991 203 65 11.999999999999998 9.9999999999999982 35 30 5.9999999999999991 24 42 54
leaf_count=5 203 65 12 10 35 30 6 24 42 54
internal_value=0 0.00290321 0.0058577 0.0178041 0.00944978 -0.00518278 -0.00786747 -0.00958248 -0.00511859 0.00246153
internal_weight=0 355 260 57 45 95 131 125 101 59
internal_count=486 355 260 57 45 95 131 125 101 59
is_linear=0
shrinkage=0.1


Tree=36
num_leaves=11
num_cat=0
split_feature=22 11 44 69 74 58 1 89 101 15
split_gain=0.963887 1.40439 1.05219 0.819357 0.800301 0.779199 0.699393 0.696492 0.724804 0.725313
threshold=4.317399216745252 3.8064155152036787 2.0126758453675753 5.2148766803949993 2.1383330595080281 2.3937458713910238 2.9174053685313028 4.8361559147623279 3.9415346756528771 7.8894745206938071
decision_type=2 2 2 2 2 2 2 2 2 2
left_child=1 3 -3 -1 5 -5 -6 -2 9 -9
right_child=7 2 -4 4 6 -7 -8 8 -10 -11
leaf_value=0.022134815893051302 0.031639259122312073 -0.06864679803450903 -0.01567652340978384 0.009456912610413773 -0.025227596158427852 -0.016146142366859649 0.015374971432611345 0.00015279048060738018 0.019847185554958527 0.038519712388515474
leaf_weight=10.999999999999998 7.9999999999999991 5.9999999999999991 9.9999999999999982 35 28 18 4.9999999999999991 339 21 4.9999999999999991
leaf_count=11 8 6 10 35 28 18 5 339 21 5
internal_value=0 -0.00809115 -0.0355404 -0.00356344 -0.00685042 0.000761535 -0.0190757 0.00245121 0.00181147 0.000710449
internal_weight=0 113 16 97 86 53 33 373 365 344
internal_count=486 113 16 97 86 53 33 373 365 344
is_linear=0
shrinkage=0.1


Tree=37
num_leaves=11
num_cat=0
split_feature=32 89 96 86 23 75 15 90 80 21
split_gain=0.835607 1.84832 0.982676 0.880379 0.980283 0.811681 0.742178 0.656701 1.06464 0.590068
threshold=5.4116061905722832 7.0808505662383112 3.1345481418531311 1.4978661367769956 3.4960482137079443 5.7556620918016277 7.8894745206938071 3.0433873634561537 1.9356005054539456 3.891612008168019
decision_type=2 2 2 2 2 2 2 2 2 2
left_child=7 -2 3 -3 -5 -4 -7 -1 9 -9
right_child=1 2 5 4 -6 6 -8 8 -10 -11
leaf_value=-0.0096741645791941985 0.027171088654237494 0.011520180846319387 0.012609915010361876 -0.027212537146572558 -0.0029392075815760509 -0.0054074825556303732 0.034667741358280178 0.034582321173869633 -0.0036649316642433406 -0.0014295304659754039
leaf_weight=117 30 19 80 28 41 61 4.9999999999999991 13.000000000000002 85 6.9999999999999991
leaf_count=117 30 19 80 28 41 61 5 13 85 7
internal_value=0 0.0038024 0.000806412 -0.00754063 -0.0127893 0.0058375 -0.00237148 -0.00452177 0.00121947 0.0219782
internal_weight=0 264 234 88 69 146 66 222 105 20
internal_count=486 264 234 88 69 146 66 222 105 20
is_linear=0
shrinkage=0.1


Tree=38
num_leaves=11
num_cat=0
split_feature=100 99 77 91 20 79 41 20 41 18
split_gain=0.737893 0.896066 0.861838 0.79444 1.31231 0.773834 0.642589 0.929911 0.620699 0.57115
threshold=3.8815106545092593 2.3502401828962087 2.7058230259275202 4.3437210834879627 3.8815106545092593 6.232291670340838 3.2180751841847144 3.4960482137079443 5.003923783930186 5.797565991880604
decision_type=2 2 2 2 2 2 2 2 2 2
left_child=1 2 -1 4 5 -3 -5 -8 -2 -4
right_child=8 3 9 6 -6 -7 7 -9 -10 -11
leaf_value=-0.021296859615378912 0.015780147332274778 0.0094170998595654969 0.0069079064101107042 0.0042307829218251368 0.019406882789114427 -0.0059219842595425818 -0.034690523432819691 -0.0091450880828983418 -0.01627886508192335 0.028209865838289262
leaf_weight=8.9999999999999982 44 40 59 21 29 185 19 57 6.9999999999999991 15.999999999999998
leaf_count=9 44 40 59 21 29 185 19 57 7 16
internal_value=0 -0.00133419 0.00794348 -0.00355449 -0.000614502 -0.00319504 -0.011253 -0.0155314 0.0113799 0.0114523
internal_weight=0 435 84 351 254 225 97 76 51 75
internal_count=486 435 84 351 254 225 97 76 51 75
is_linear=0
shrinkage=0.1


Tree=39
num_leaves=11
num_cat=0
split_feature=32 71 78 41 65 89 64 40 1 55
split_gain=0.646169 1.01012 0.913499 0.908875 0.621943 0.971238 0.561191 1.11897 1.06416 0.910101
threshold=4.007167868649713 3.7609296261008152 2.9430520157250784 3.4334666422309414 5.0562255201382529 5.9813631934492228 5.6239588547786612 4.3693677306817369 5.1532748880139918 5.272986409146923
decision_type=2 2 2 2 2 2 2 2 2 2
left_child=1 3 -3 4 5 -1 7 -2 -8 -9
right_child=6 2 -4 -5 -6 -7 8 9 -10 -11
leaf_value=-0.023309075029996726 0.00042826405389589245 -0.057168601879051734 -0.01095764812674712 0.034875697145859405 0.024713964760303499 0.0030973478484277927 -0.044217600247689656 0.036586302618185677 -0.0023657903034725917 0.008501528121996671
leaf_weight=26 282 7.0000000000000027 10.999999999999998 5.9999999999999991 5.9999999999999991 30 6.9999999999999991 14.999999999999998 46 50
leaf_count=26 282 7 11 6 6 30 7 15 46 50
internal_value=0 -0.00786386 -0.0289286 -0.00228791 -0.00588438 -0.00916278 0.00169073 0.00315459 -0.00789339 0.0149826
internal_weight=0 86 18 68 62 56 400 347 53 65
internal_count=486 86 18 68 62 56 400 347 53 65
is_linear=0
shrinkage=0.1


Tree=40
num_leaves=11
num_cat=0
split_feature=101 99 64 80 61 84 1 63 66 90
split_gain=0.547933 0.59866 0.724764 0.593246 0.618925 0.582383 0.55192 0.514902 0.57921 0.450497
threshold=3.9219243190762363 2.524928003624769 5.6594761454779006 5.003923783930186 4.1107394736335969 2.0126758453675753 5.1532748880139918 6.2971076241477952 4.3693677306817369 5.081385075233106
decision_type=2 2 2 2 2 2 2 2 2 2
left_child=1 5 3 4 -3 -1 -4 8 -7 -2
right_child=9 2 6 -5 -6 7 -8 -9 -10 -11
leaf_value=-0.02196513627256666 0.019973451636083744 0.00049727379191774753 -0.04626692930857338 0.02016961507809659 -0.0089976705671870154 0.004072713665664196 -0.01070266094757244 -0.012421726113693281 0.021172117618698395 -0.0075763079221360385
leaf_weight=6.9999999999999991 23.000000000000004 219 6.0000000000000027 11.999999999999998 100 52 15.999999999999998 10.999999999999998 32 7.9999999999999991
leaf_count=7 23 219 6 12 100 52 16 11 32 8
internal_value=0 -0.000876437 -0.00282627 -0.00165809 -0.0024792 0.00587151 -0.020402 0.00792263 0.0105868 0.0128638
internal_weight=0 455 353 331 319 102 22 95 84 31
internal_count=486 455 353 331 319 102 22 95 84 31
is_linear=0
shrinkage=0.1


Tree=41
num_leaves=11
num_cat=0
split_feature=32 34 33 8 85 51 98 71 48 36
split_gain=0.52114 1.00947 0.690406 0.618869 0.872765 0.741693 0.649969 0.60551 1.55968 1.06846
threshold=4.5053345884235583 0.89587973461402759 0.89587973461402759 2.5619819897016298 4.7957563937576522 3.4334666422309414 3.4334666422309414 3.3497501700808394 2.8314802400679731 1.2424533248940004
decision_type=2 2 2 2 2 2 2 2 2 2
left_child=7 2 -2 4 -3 -5 -7 9 -9 -1
right_child=1 3 -4 5 -6 6 -8 8 -10 -11
leaf_value=0.0043705499984013543 0.041424770932644593 0.015104529246067009 0.0083109272096086959 0.013889012949546165 -0.015178064431529492 0.012370799875093832 -0.0023024588381625054 -0.037804215949247856 0.0082089946676905338 -0.019154075370617928
leaf_weight=75 10.000000000000002 11.999999999999998 17 47 46 36 187 17.000000000000004 12.999999999999998 26
leaf_count=75 10 12 17 47 46 36 187 17 13 26
internal_value=0 0.00198921 0.0205753 0.000459256 -0.0089127 0.00247249 6.63184e-05 -0.00539061 -0.0178652 -0.00168529
internal_weight=0 355 27 328 58 270 223 131 30 101
internal_count=486 355 27 328 58 270 223 131 30 101
is_linear=0
shrinkage=0.1


Tree=42
num_leaves=11
num_cat=0
split_feature=32 89 62 26 89 33 31 0 7 96
split_gain=0.475351 1.26614 0.675662 1.09508 0.553258 0.527445 0.818029 0.633243 1.12033 0.910064
threshold=5.4116061905722832 7.0808505662383112 5.3032925319746216 1.4978661367769956 6.380116791391317 3.2769667020129059 2.1383330595080277 1.5890269151739729 1.5890269151739729 3.1345481418531311
decision_type=2 2 2 2 2 2 2 2 2 2
left_child=5 4 -3 -4 -2 7 -7 9 -9 -1
right_child=1 2 3 -5 -6 6 -8 8 -10 -11
leaf_value=-0.014750109320762112 0.0076914714649319637 0.014138919012921473 -0.032396805506538263 4.6389007714727389e-05 0.034912245697341859 0.016488933935761441 -0.025166948571462525 0.018507237141602673 -0.0028657051189137361 0.026422907039523127
leaf_weight=51 14.000000000000002 31 10.999999999999998 192 15.999999999999998 6.0000000000000027 22 32 105 5.9999999999999991
leaf_count=51 14 31 11 192 16 6 22 32 105 6
internal_value=0 0.0028679 0.000388241 -0.00171162 0.0222092 -0.00341047 -0.0162407 -0.00155869 0.00212651 -0.0104161
internal_weight=0 264 234 203 30 222 28 194 137 57
internal_count=486 264 234 203 30 222 28 194 137 57
is_linear=0
shrinkage=0.1


Tree=43
num_leaves=11
num_cat=0
split_feature=93 18 100 46 81 97 91 38 31 93
split_gain=0.401858 0.47334 0.515379 0.739945 0.737549 0.625158 0.503207 1.28844 0.409005 0.382014
threshold=5.9964025824430864 6.0935290038443712 3.7012257604091228 2.1383330595080281 4.0428973506407848 4.7790881836238563 3.891612008168019 4.3437210834879627 5.4889035743175976 1.9356005054539456
decision_type=2 2 2 2 2 2 2 2 2 2
left_child=1 2 6 4 -4 -5 7 -1 -2 -8
right_child=8 -3 3 5 -6 -7 9 -9 -10 -11
leaf_value=-0.0028736026204165283 0.0031531527741915644 0.01811203472316265 0.0029466308560222388 0.018008487164259478 -0.021844981385705373 -0.016448949898282685 -0.015988029473616432 0.023640888807408156 0.029262052931719358 -0.0045719728696602003
leaf_weight=144 18.000000000000004 12.999999999999998 60 43 14.999999999999998 5.9999999999999991 39 21 8.9999999999999982 118
leaf_count=144 18 13 60 43 15 6 39 21 9 118
internal_value=0 -0.000697419 -0.00124568 0.00423221 -0.00201169 0.0137892 -0.00335517 0.000500969 0.0118561 -0.00740781
internal_weight=0 459 446 124 75 49 322 165 27 157
internal_count=486 459 446 124 75 49 322 165 27 157
is_linear=0
shrinkage=0.1


Tree=44
num_leaves=11
num_cat=0
split_feature=101 80 99 77 64 70 87 14 61 65
split_gain=0.37524 0.488019 0.380754 0.600612 0.473152 0.535098 0.459529 0.420574 0.379847 0.330314
threshold=3.9415346756528771 2.9700856263602158 2.3502401828962087 2.8029010331479989 5.6239588547786612 5.1238931127034038 3.7012257604091228 5.6936811209974421 4.2903656061101136 7.1447997903071299
decision_type=2 2 2 2 2 2 2 2 2 2
left_child=2 -2 3 -1 5 8 -5 -6 -4 -8
right_child=1 -3 4 6 7 -7 9 -9 -10 -11
leaf_value=-0.016279508884657512 0.029063751921057691 -0.0014595705253834074 0.00050157549349984871 0.027622390707785435 -0.019283212961629034 0.021896434649825099 0.0030550349162824985 0.012487498745322227 -0.006943205343559385 0.027743248455226424
leaf_weight=10.999999999999998 10.000000000000002 10.999999999999998 246 10.999999999999998 25.000000000000004 9.9999999999999982 56 4.9999999999999991 95 5.9999999999999991
leaf_count=11 10 11 246 11 25 10 56 5 95 6
internal_value=0 0.0130753 -0.0005905 0.00550373 -0.00193411 -0.000903854 0.00878613 -0.0139881 -0.00157248 0.00544422
internal_weight=0 21 465 84 381 351 73 30 341 62
internal_count=486 21 465 84 381 351 73 30 341 62
is_linear=0
shrinkage=0.1


Tree=45
num_leaves=11
num_cat=0
split_feature=32 21 59 84 9 14 60 34 71 20
split_gain=0.344632 0.688487 0.708786 0.56529 0.540261 0.495908 0.703838 0.343344 0.965475 0.86006
threshold=4.007167868649713 4.317399216745252 2.4563274428680266 2.7058230259275202 6.1333392218200169 2.0126758453675753 3.3497501700808394 0.89587973461402759 4.1107394736335969 1.9356005054539456
decision_type=2 2 2 2 2 2 2 2 2 2
left_child=1 2 3 -1 -2 6 -4 8 9 -6
right_child=4 -3 5 -5 7 -7 -8 -9 -10 -11
leaf_value=-0.0031503593149994104 0.028771901769297465 -0.041755769234150648 0.0067476112566267456 0.03703813861523355 -0.032396987887720267 -0.017644228927534204 -0.026635167328640821 -0.00026449670609012671 0.040571550186723475 0.0094595953960109648
leaf_weight=6.9999999999999982 6.9999999999999991 4.9999999999999991 30 7 5.9999999999999991 29 7.9999999999999991 352 7.9999999999999991 27
leaf_count=7 7 5 30 7 6 29 8 352 8 27
internal_value=0 -0.00574302 -0.00352001 0.0169439 0.00123475 -0.00779605 -0.000280342 0.000744266 0.00940487 0.00184931
internal_weight=0 86 81 14 400 67 38 393 41 33
internal_count=486 86 81 14 400 67 38 393 41 33
is_linear=0
shrinkage=0.1


Tree=46
num_leaves=11
num_cat=0
split_feature=40 29 32 53 71 16 48 46 40 32
split_gain=0.327659 0.780265 0.758581 0.718191 0.740842 0.613968 0.712336 0.661047 0.57619 0.479979
threshold=3.0433873634561537 8.3776724232667217 5.1298812082267613 2.1383330595080281 2.3502401828962087 1.4978661367769956 2.3937458713910238 2.1383330595080281 3.4960482137079443 5.7588569908510134
decision_type=2 2 2 2 2 2 2 2 2 2
left_child=1 2 3 4 -1 7 -7 8 -2 -3
right_child=5 9 -4 -5 -6 6 -8 -9 -10 -11
leaf_value=0.0067375672327715068 -0.0085420995091016454 -0.008530713617801668 0.012487834475694164 -0.015601147165478663 -0.010343991760922553 -0.033598532155156138 0.0012559657708413234 0.034947129745375026 0.024373454124563272 -0.052347538173198697
leaf_weight=62 13.000000000000002 4.9999999999999982 31 43 43 5.9999999999999991 258 10.999999999999998 8.9999999999999982 5
leaf_count=62 13 5 31 43 43 6 258 11 9 5
internal_value=0 -0.00325492 -0.00173625 -0.00471562 -0.000257738 0.00207131 0.000463818 0.0149313 0.00492335 -0.0304391
internal_weight=0 189 179 148 105 297 264 33 22 10
internal_count=486 189 179 148 105 297 264 33 22 10
is_linear=0
shrinkage=0.1


Tree=47
num_leaves=10
num_cat=0
split_feature=51 65 18 95 14 89 6 61 56
split_gain=0.318994 0.54967 0.321328 0.491634 0.582115 0.376181 0.228358 0.179657 0.136485
threshold=6.8383345459104286 7.0958928778909467 5.5945386047671937 7.0958928778909467 5.7300786997157873 10.349102818402008 4.3943729409690677 6.5102184792403932 5.5234409919880667
decision_type=2 2 2 2 2 2 2 2 2
left_child=1 2 3 4 -1 6 -4 8 -3
right_child=-2 7 5 -5 -6 -7 -8 -9 -10
leaf_value=-0.00085426195197642839 -0.019803519546985629 0.035866167644659684 0.022471393232366865 0.025228783488273621 -0.023200706966842215 -0.016482601519674064 0.0049831910346256336 0.0028363816440105439 0.013495512064546345
leaf_weight=408 7.9999999999999991 5.9999999999999982 14.000000000000002 6.9999999999999991 11.999999999999998 4.9999999999999991 15.999999999999998 4.9999999999999991 5
leaf_count=408 8 6 14 7 12 5 16 5 5
internal_value=0 0.00033144 -0.000299628 -0.00105467 -0.00149273 0.00891193 0.0131444 0.0185535 0.0256977
internal_weight=0 478 462 427 420 35 30 16 11
internal_count=486 478 462 427 420 35 30 16 11
is_linear=0
shrinkage=0.1


Tree=48
num_leaves=11
num_cat=0
split_feature=101 90 99 77 64 88 91 61 71 1
split_gain=0.300961 0.405972 0.261041 0.47442 0.380693 0.478318 0.785318 0.547925 0.367302 0.366037
threshold=3.9415346756528771 4.6297557079913174 2.3502401828962087 2.8029010331479989 5.6239588547786612 4.7273486598447958 3.2180751841847144 4.2903656061101136 4.317399216745252 5.1532748880139918
decision_type=2 2 2 2 2 2 2 2 2 2
left_child=2 -2 3 -1 5 7 -7 -4 -5 -6
right_child=1 -3 4 8 9 6 -8 -9 -10 -11
leaf_value=-0.014842866191809828 0.026292502023279658 -0.0015469854612919418 6.3597206617934534e-05 0.026350033904115361 -0.032476076909473954 0.027626358034710093 -0.00072880989173427233 -0.010332033465965652 0.0047744722727657068 -0.0063598660063808382
leaf_weight=10.999999999999998 10.000000000000002 10.999999999999998 244 8.9999999999999982 7.0000000000000027 14.999999999999998 28 64 64 23
leaf_count=11 10 11 244 9 7 15 28 64 64 23
internal_value=0 0.0117099 -0.000528835 0.0045172 -0.00164135 -0.000717219 0.00916253 -0.00209653 0.00743447 -0.0124536
internal_weight=0 21 465 84 381 351 43 308 73 30
internal_count=486 21 465 84 381 351 43 308 73 30
is_linear=0
shrinkage=0.1


Tree=49
num_leaves=11
num_cat=0
split_feature=48 41 50 14 75 11 61 97 12 34
split_gain=0.266693 1.05135 0.577408 0.628517 0.477167 1.00493 0.685247 0.446864 0.684146 0.622411
threshold=4.1107394736335969 4.007167868649713 4.2625806805327082 1.7917594692280554 3.0868930519509687 1.8688348091416842 4.1107394736335969 3.0201273556387074 6.6025796074063665 5.4116061905722832
decision_type=2 2 2 2 2 2 2 2 2 2
left_child=2 -2 3 4 5 -1 -6 -3 9 -9
right_child=1 7 -4 -5 6 -7 -8 8 -10 -11
leaf_value=0.054863876178860627 0.019653676624499985 0.010329963060829676 0.031551341861486441 -0.0078115605448526668 0.0023870366624311893 0.0038640459342037929 -0.02054871192822854 -0.008029931593046059 0.0013883921942349686 -0.040948955927576337
leaf_weight=5.0000000000000027 31 33 4.9999999999999991 127 99 17 14.999999999999998 32 115 6.9999999999999991
leaf_count=5 31 33 5 127 99 17 15 32 115 7
internal_value=0 0.00259733 -0.00211275 -0.00275275 0.00197128 0.0154549 -0.000630825 -0.000230196 -0.00249309 -0.0139385
internal_weight=0 218 268 263 136 22 114 187 154 39
internal_count=486 218 268 263 136 22 114 187 154 39
is_linear=0
shrinkage=0.1


Tree=50
num_leaves=11
num_cat=0
split_feature=51 65 100 27 30 41 84 11 69 61
split_gain=0.245989 0.435042 0.261142 0.375584 0.962875 0.443435 0.32288 0.601644 0.487473 0.12662
threshold=6.8383345459104286 7.0958928778909467 3.7256208424938388 1.8688348091416842 2.191013317336941 3.2180751841847144 2.1383330595080281 3.891612008168019 6.6694175608141011 6.5102184792403932
decision_type=2 2 2 2 2 2 2 2 2 2
left_child=1 2 6 5 -5 -4 7 -1 -8 -3
right_child=-2 9 3 4 -6 -7 8 -9 -10 -11
leaf_value=-0.0019855585927143695 -0.017390370741486551 0.02249979324300181 0.0072661214685511011 -0.038025383527080223 0.0033776306515474891 0.03809170822302501 0.015110462589655073 -0.02080430307466051 -0.0011578480822864575 0.0033073713630437855
leaf_weight=65 7.9999999999999991 10.999999999999998 21.000000000000004 5.9999999999999991 88 5.9999999999999991 20 23 233 4.9999999999999991
leaf_count=65 8 11 21 6 88 6 20 23 233 5
internal_value=0 0.000291052 -0.000270372 0.00372081 0.000734885 0.0141163 -0.0016866 -0.00690409 0.000128184 0.0165022
internal_weight=0 478 462 121 94 27 341 88 253 16
internal_count=486 478 462 121 94 27 341 88 253 16
is_linear=0
shrinkage=0.1


Tree=51
num_leaves=11
num_cat=0
split_feature=32 14 24 43 36 5 63 90 19 25
split_gain=0.235399 0.384725 0.715577 0.534351 0.733546 0.499357 0.384942 0.432644 0.37334 0.570987
threshold=4.1430087342023825 1.2424533248940004 1.2424533248940004 3.891612008168019 1.2424533248940004 2.249904835165133 2.9430520157250784 2.5619819897016298 6.4052270920020655 4.6913057964583187
decision_type=2 2 2 2 2 2 2 2 2 2
left_child=1 2 3 4 -1 6 7 -3 9 -2
right_child=8 5 -4 -5 -6 -7 -8 -9 -10 -11
leaf_value=2.965815365314484e-06 0.031361720785498613 -0.0088020364634955866 0.031348894270403042 0.027603508979082109 -0.034077059477567673 -0.032083060592412949 -0.029130368866026404 0.017059547764559587 0.00035893939730158309 -0.0016544154083186933
leaf_weight=30 10.000000000000002 23 6.9999999999999991 4.9999999999999991 7.9999999999999991 8.9999999999999982 5.9999999999999991 8.9999999999999982 368 10.999999999999998
leaf_count=30 10 23 7 5 8 9 6 9 368 11
internal_value=0 -0.0044073 0.00169865 -0.00312814 -0.00717178 -0.010903 -0.00588666 -0.00152847 0.00109899 0.0140676
internal_weight=0 97 50 43 38 47 38 32 389 21
internal_count=486 97 50 43 38 47 38 32 389 21
is_linear=0
shrinkage=0.1


Tree=52
num_leaves=11
num_cat=0
split_feature=93 31 86 83 63 97 53 83 57 16
split_gain=0.230128 0.305929 0.264918 0.576489 0.599548 0.64613 0.384295 0.370469 0.327056 0.412414
threshold=5.9964025824430864 5.4889035743175976 4.4885732424042368 4.3107766033702406 5.0172579074712669 2.7058230259275202 4.1742689126930488 4.0773937863842606 5.6791873525608159 4.0859410030639109
decision_type=2 2 2 2 2 2 2 2 2 2
left_child=2 -2 3 7 6 -6 -5 -1 9 -4
right_child=1 -3 8 4 5 -7 -8 -9 -10 -11
leaf_value=-0.00020814616224118217 0.0014451778597301904 0.024025737328661811 0.0019524815492331983 -0.0082770781510550055 0.030171448582162461 -0.0054223899976076455 -0.027230509500950573 0.017709216335788369 -0.013396527944132687 0.020162894684625302
leaf_weight=301 18.000000000000004 8.9999999999999982 36 23 5.9999999999999991 34 20 11.999999999999998 7.9999999999999991 19
leaf_count=301 18 9 36 23 6 34 20 12 8 19
internal_value=0 0.00897203 -0.000527767 -0.001486 -0.00889537 -8.33142e-05 -0.0170926 0.000478781 0.00549543 0.00824335
internal_weight=0 27 459 396 83 40 43 313 63 55
internal_count=486 27 459 396 83 40 43 313 63 55
is_linear=0
shrinkage=0.1


Tree=53
num_leaves=11
num_cat=0
split_feature=102 86 83 58 84 41 31 35 51 66
split_gain=0.219216 0.201654 0.404641 0.531471 0.415133 0.405026 0.308036 0.290961 0.345445 0.276358
threshold=3.9607678160667752 4.4885732424042368 4.3107766033702406 3.6632328069201612 4.6539149966267201 4.7621374077860157 2.8314802400679731 5.1445790166580574 6.6960960108182599 4.5746578350692051
decision_type=2 2 2 2 2 2 2 2 2 2
left_child=1 2 4 -4 9 -5 -6 -3 -9 -1
right_child=-2 7 3 5 6 -7 -8 8 -10 -11
leaf_value=-0.0016456535069768567 0.013956233609827574 -0.018200105391442775 -0.026778712232286735 0.0080558398657012732 -0.0048916537214349128 -0.0086454568615288666 0.012092977721347577 0.010463764120747026 -0.0099669256806373605 0.022086706012487411
leaf_weight=263 10.999999999999998 4.9999999999999991 11.999999999999998 20 13.999999999999998 53 45 48 9.9999999999999982 4.9999999999999991
leaf_count=263 11 5 12 20 14 53 45 48 10 5
internal_value=0 -0.000323197 -0.00112891 -0.00727573 0.000468891 -0.00406976 0.00806273 0.00494589 0.00694123 -0.00120289
internal_weight=0 475 412 85 327 73 59 63 58 268
internal_count=486 475 412 85 327 73 59 63 58 268
is_linear=0
shrinkage=0.1


Tree=54
num_leaves=11
num_cat=0
split_feature=23 20 29 29 41 72 58 32 91 84
split_gain=0.197445 0.590344 0.496204 0.591524 0.511311 0.432281 0.527271 0.403791 0.513581 0.448517
threshold=3.4960482137079443 2.9700856263602158 8.3776724232667217 8.4654531157571746 4.7621374077860157 4.9521436163533474 3.0201273556387074 5.1298812082267613 3.2769667020129059 4.983512786670059
decision_type=2 2 2 2 2 2 2 2 2 2
left_child=2 -2 7 -4 -5 -3 -7 -1 9 -9
right_child=1 5 3 4 -6 6 -8 8 -10 -11
leaf_value=-0.0025627844460439264 0.02895314060151577 0.017589209750294686 -0.038460976204701833 0.0042284036692427961 -0.020957563511495081 -0.02698130086064339 0.00099255476007884783 0.029709354069616108 0.00098378383453287511 -0.0051819669455289846
leaf_weight=171 7.9999999999999991 14.999999999999998 6.9999999999999991 19 13.999999999999998 6.9999999999999991 180 14.000000000000002 46 4.9999999999999991
leaf_count=171 8 15 7 19 14 7 180 14 46 5
internal_value=0 0.00231073 -0.00175817 -0.0120573 -0.00645655 0.00125559 -5.45949e-05 -1.25464e-05 0.00669654 0.0205274
internal_weight=0 210 276 40 33 202 187 236 65 19
internal_count=486 210 276 40 33 202 187 236 65 19
is_linear=0
shrinkage=0.1


Tree=55
num_leaves=11
num_cat=0
split_feature=3 89 96 94 88 90 2 31 90 35
split_gain=0.171193 0.522334 0.489083 0.521042 0.740215 0.529297 0.35962 0.495031 0.392366 0.344106
threshold=2.602003343538398 8.5963542550312599 2.9430520157250784 3.3667009459186801 2.5619819897016298 2.191013317336941 2.7058230259275202 2.8314802400679731 1.0397207708399181 3.3218948665738366
decision_type=2 2 2 2 2 2 2 2 2 2
left_child=1 2 3 4 -1 -5 7 -2 -9 -4
right_child=6 -3 9 5 -6 -7 -8 8 -10 -11
leaf_value=-0.021739221274576809 -0.00036607058330749467 -0.027859366033226252 0.034776130070288978 -0.0030615752722412625 -0.00051669562089955439 0.020367048482488222 0.00020553035474444098 0.048270270824432374 0.01256049731746316 -0.0007446157932281493
leaf_weight=27 15.000000000000002 7.9999999999999991 5.9999999999999982 27 42 14.999999999999998 328 4.9999999999999991 7.9999999999999991 5
leaf_count=27 15 8 6 27 42 15 328 5 8 5
internal_value=0 -0.00310583 -0.00148265 -0.00347583 -0.00882116 0.00530579 0.00113415 0.0120123 0.026295 0.0186303
internal_weight=0 130 122 111 69 42 356 28 13 11
internal_count=486 130 122 111 69 42 356 28 13 11
is_linear=0
shrinkage=0.1


Tree=56
num_leaves=10
num_cat=0
split_feature=102 18 13 21 60 84 50 13 92
split_gain=0.169856 0.164333 0.210769 0.202509 0.265836 0.456542 0.330333 0.223259 0.103661
threshold=3.9607678160667752 6.0935290038443712 5.8819043445924564 6.5102184792403932 4.770540966944206 5.7960531314223358 4.8903208612686422 6.1569700081995915 6.8987099522022222
decision_type=2 2 2 2 2 2 2 2 2
left_child=1 3 -3 4 5 -1 -6 -5 -2
right_child=8 2 -4 7 6 -7 -8 -9 -10
leaf_value=-0.00066676532263071494 0.022919040322303779 -0.0060728354752063755 0.019534303082360163 -0.021864111390378742 0.022678723409771923 -0.024803835188504309 0.0026251877713746028 0.0044908392429351815 0.0034231638225416341
leaf_weight=383 4.9999999999999982 4.9999999999999991 8.9999999999999982 8.9999999999999982 9.9999999999999982 7.9999999999999991 46 4.9999999999999991 6
leaf_count=383 5 5 9 9 10 8 46 5 6
internal_value=0 -0.000284493 0.0103889 -0.000608631 -0.000237709 -0.00116062 0.00620618 -0.0124516 0.0122849
internal_weight=0 475 14 461 447 391 56 14 11
internal_count=486 475 14 461 447 391 56 14 11
is_linear=0
shrinkage=0.1


Tree=57
num_leaves=11
num_cat=0
split_feature=93 31 54 68 38 3 78 59 14 59
split_gain=0.16808 0.244889 0.203586 0.519136 0.495641 0.439024 0.438866 0.72467 0.424923 0.301261
threshold=5.9964025824430864 5.4889035743175976 1.7005986908310777 1.0397207708399181 1.9356005054539456 1.5890269151739729 3.5408542930527882 7.8050649668790992 2.1383330595080281 2.4563274428680266
decision_type=2 2 2 2 2 2 2 2 2 2
left_child=2 -2 3 8 5 9 7 -5 -1 -4
right_child=1 -3 4 6 -6 -7 -8 -9 -10 -11
leaf_value=0.04547075361013414 0.00093346354034211886 0.021136133268009873 0.012242747060954554 0.0005810682889654912 -0.00068800177833998951 -0.042113143652677543 0.016449813378858379 -0.03849911510944367 0.0042434419877827164 -0.016640829202683213
leaf_weight=4.9999999999999982 18.000000000000004 8.9999999999999982 5.0000000000000062 93 312 4.9999999999999991 15.999999999999998 4.9999999999999991 5 12.999999999999998
leaf_count=5 18 9 5 93 312 5 16 5 5 13
internal_value=0 0.00766769 -0.00045104 0.00301058 -0.00173236 -0.0158993 0.00109422 -0.00141282 0.0248571 -0.00861761
internal_weight=0 27 459 124 335 23 114 98 10 18
internal_count=486 27 459 124 335 23 114 98 10 18
is_linear=0
shrinkage=0.1


Tree=58
num_leaves=11
num_cat=0
split_feature=71 29 81 84 94 95 24 58 70 35
split_gain=0.156231 0.510567 0.422394 0.321015 0.365962 0.415711 0.311242 0.264349 0.218266 0.276161
threshold=1.0397207708399181 4.8597823571876004 1.0397207708399181 4.317399216745252 3.3667009459186801 3.5246274206279185 3.8064155152036787 3.1132683346437333 1.0397207708399181 4.5107991236896536
decision_type=2 2 2 2 2 2 2 2 2 2
left_child=3 2 -2 4 -1 6 -6 -5 -3 -10
right_child=1 8 -4 7 5 -7 -8 -9 9 -11
leaf_value=0.00056986764073371895 -0.043548250794410714 0.010062098745256662 -0.0024438092112541196 -0.027089482434093953 -0.0038962052096394462 0.04072285642226537 0.024977397173643112 0.0022215329518076032 -0.005189805868052645 0.00088591950272150363
leaf_weight=25 4.9999999999999982 20 5 4.9999999999999991 8.0000000000000018 5.9999999999999991 6.9999999999999991 7.9999999999999991 100 297
leaf_count=25 5 20 5 5 8 6 7 8 100 297
internal_value=0 -0.000666466 -0.022996 0.0048234 0.00874469 0.0184766 0.00957814 -0.00905193 -0.000130984 -0.00064449
internal_weight=0 427 10 59 46 21 15 13 417 397
internal_count=486 427 10 59 46 21 15 13 417 397
is_linear=0
shrinkage=0.1


Tree=59
num_leaves=11
num_cat=0
split_feature=100 49 3 33 82 80 38 61 61 61
split_gain=0.143818 0.330029 0.474093 0.285971 0.263081 0.35608 0.247758 0.218174 0.705193 0.65653
threshold=3.7494348669884658 8.1599268774887133 3.5549397315361362 4.6819597299522426 4.8322978221268906 2.3502401828962087 2.3937458713910238 3.6632328069201612 4.0428973506407848 3.9607678160667752
decision_type=2 2 2 2 2 2 2 2 2 2
left_child=7 4 -3 -4 5 -2 -7 -1 9 -9
right_child=1 2 3 -5 -6 6 -8 8 -10 -11
leaf_value=-0.0040968847474120423 0.01516682667630341 -0.032728783190250403 0.0043251786388767265 -0.018121518088238583 0.017081062160432339 0.017705042660236359 -0.0065287586818966598 0.0065418590818915288 -0.00092637566187579691 0.042929954826831818
leaf_weight=138 17 4.9999999999999991 30 6.9999999999999991 20 4.9999999999999991 27 17.000000000000004 213 6.9999999999999991
leaf_count=138 17 5 30 7 20 5 27 17 213 7
internal_value=0 0.00316186 -0.00382712 7.85063e-05 0.00741603 0.00347112 -0.00274223 -0.000935912 0.000904655 0.0171551
internal_weight=0 111 42 37 69 49 32 375 237 24
internal_count=486 111 42 37 69 49 32 375 237 24
is_linear=0
shrinkage=0.1


Tree=60
num_leaves=11
num_cat=0
split_feature=18 95 34 56 70 14 12 33 66 97
split_gain=0.139929 0.247458 0.256898 0.423126 0.365862 0.286119 0.229835 0.221118 0.188938 0.183848
threshold=5.797565991880604 7.0958928778909467 5.4847883247493394 4.1430087342023825 4.6395599436855051 5.3032925319746216 7.6273006666104983 6.0366761762234473 3.7132745361986528 5.3057863027301417
decision_type=2 2 2 2 2 2 2 2 2 2
left_child=1 2 4 8 5 -1 -2 -5 -4 -8
right_child=6 -3 3 7 -6 -7 9 -9 -10 -11
leaf_value=-0.00024192426135205802 -0.0069615387978653092 0.018213786929845811 -0.013521920016501102 0.0049583677295595412 0.0098616617997842188 -0.013917542749550194 0.018918314709195066 -0.011103098454962795 -0.038301928639411925 -8.5109053179621705e-05
leaf_weight=349 9.0000000000000018 6.9999999999999991 7.9999999999999982 20 35 15.999999999999998 14.000000000000002 14.999999999999998 5 7.9999999999999991
leaf_count=349 9 7 8 20 35 16 14 15 5 8
internal_value=0 -0.000442905 -0.000734416 -0.00764717 9.51148e-05 -0.000841403 0.0065007 -0.00192512 -0.0230527 0.012008
internal_weight=0 455 448 48 400 365 31 35 13 22
internal_count=486 455 448 48 400 365 31 35 13 22
is_linear=0
shrinkage=0.1


Tree=61
num_leaves=11
num_cat=0
split_feature=71 49 90 78 94 19 32 78 40 36
split_gain=0.130761 0.418598 0.526985 0.606519 0.589041 0.450631 0.436915 0.303024 0.263048 0.367737
threshold=1.0397207708399181 6.4295893882764688 3.0433873634561537 2.8314802400679731 1.4978661367769956 6.459903229849254 1.0397207708399181 2.191013317336941 3.4960482137079443 1.2424533248940004
decision_type=2 2 2 2 2 2 2 2 2 2
left_child=8 2 3 -2 -4 6 -3 -6 9 -1
right_child=1 5 4 -5 7 -7 -8 -9 -10 -11
leaf_value=0.0066632734448019721 -0.035854762761543188 -0.011554901078343383 0.026737719401717187 0.0030849177390336992 0.0015736607400079563 -0.0003196304459137958 0.022073064854039866 -0.019746173825114968 0.020150948562918027 -0.012888273684522854
leaf_weight=37 12.000000000000002 5.0000000000000027 5.9999999999999991 5.9999999999999991 15.000000000000002 354 17 11.999999999999998 8.9999999999999982 12.999999999999998
leaf_count=37 12 5 6 6 15 354 17 12 9 13
internal_value=0 -0.000609724 -0.00911119 -0.0228749 -0.00160372 0.0005434 0.0144303 -0.00790182 0.00441275 0.00157987
internal_weight=0 427 51 18 33 376 22 27 59 50
internal_count=486 427 51 18 33 376 22 27 59 50
is_linear=0
shrinkage=0.1


Tree=62
num_leaves=11
num_cat=0
split_feature=4 46 89 86 85 20 40 15 71 5
split_gain=0.124768 0.180029 0.266324 0.130038 0.398487 0.536624 0.322859 0.236459 0.208908 0.100996
threshold=7.0843272375795818 5.2066563379842679 9.4844049143665856 4.4885732424042368 5.6834872047429625 2.9174053685313028 4.3693677306817369 5.379886735236628 6.1569700081995915 6.7309468950885822
decision_type=2 2 2 2 2 2 2 2 2 2
left_child=1 3 -3 4 6 -6 -1 8 -5 -9
right_child=-2 2 -4 7 5 -7 -8 9 -10 -11
leaf_value=-0.00042708803886899922 -0.012385189253836871 0.00010972548690107135 0.02730878268678983 -0.014098212197422983 0.023567741652950645 -0.010530425519682467 0.0094525466622734401 0.012174260140293176 0.0095045226781318593 -0.0021691150342424709
leaf_weight=312 7.9999999999999991 8.9999999999999982 5.9999999999999991 9.9999999999999982 4.9999999999999991 60 37 27 5.9999999999999991 5.9999999999999991
leaf_count=312 8 9 6 10 5 60 37 27 6 6
internal_value=0 0.000207283 0.0109893 -0.000142027 -0.000718585 -0.00790749 0.000620323 0.00472929 -0.00524719 0.00956637
internal_weight=0 478 15 463 414 65 349 49 16 33
internal_count=486 478 15 463 414 65 349 49 16 33
is_linear=0
shrinkage=0.1


Tree=63
num_leaves=11
num_cat=0
split_feature=102 98 41 41 75 85 92 95 94 11
split_gain=0.122803 0.122435 0.516859 0.439196 0.421834 0.449625 0.375629 0.34305 0.307333 0.458302
threshold=3.9607678160667752 3.3667009459186801 3.4811217321331038 3.891612008168019 5.4701654074033046 5.8550678171289681 6.2460391568005056 5.8493206274161009 4.7273486598447958 4.8558607684570871
decision_type=2 2 2 2 2 2 2 2 2 2
left_child=1 2 4 -4 7 -6 8 -1 -3 -10
right_child=-2 6 3 -5 5 -7 -8 -9 9 -11
leaf_value=-0.001604753577085312 0.010445666533302178 -0.0093808005767641589 0.032474013205085486 0.0060047410704040282 -0.042793459296226501 -0.0045667603611946111 0.0013693462913053939 0.023065813692907493 0.011836976325139404 -0.010869632115645801
leaf_weight=93 10.999999999999998 80 6.9999999999999991 60 4.9999999999999991 7.9999999999999991 180 5.9999999999999991 20 15.999999999999998
leaf_count=93 11 80 7 60 5 8 180 6 20 16
internal_value=0 -0.0002419 0.00182265 0.00877019 -0.00233347 -0.0192693 -0.00149039 -0.000109568 -0.00592792 0.00174515
internal_weight=0 475 179 67 112 13 296 99 116 36
internal_count=486 475 179 67 112 13 296 99 116 36
is_linear=0
shrinkage=0.1


Tree=64
num_leaves=11
num_cat=0
split_feature=71 49 90 78 94 19 32 84 44 14
split_gain=0.118644 0.312355 0.416951 0.487615 0.465593 0.351712 0.343252 0.243652 0.253528 0.415458
threshold=1.0397207708399181 6.4295893882764688 3.0433873634561537 2.8314802400679731 1.4978661367769956 6.459903229849254 1.0397207708399181 4.317399216745252 2.1383330595080281 3.0433873634561537
decision_type=2 2 2 2 2 2 2 2 2 2
left_child=7 2 3 -2 -4 6 -3 8 -1 -10
right_child=1 5 4 -5 -6 -7 -8 -9 9 -11
leaf_value=-0.0012303365786608897 -0.031805512743691595 -0.010348416697233909 0.023950497309366863 0.0031092110400398575 -0.0068460836730621479 -0.00034713686895139099 0.019457927883109627 -0.0078849986911966249 0.037054125134212253 0.0072167875444782634
leaf_weight=19 12.000000000000002 5.0000000000000027 5.9999999999999991 5.9999999999999991 27 354 17 12.999999999999998 6.0000000000000027 21
leaf_count=19 12 5 6 6 27 354 17 13 6 21
internal_value=0 -0.000580787 -0.00792455 -0.0201673 -0.00124671 0.000415309 0.0126838 0.00420332 0.00761958 0.0138473
internal_weight=0 427 51 18 33 376 22 59 46 27
internal_count=486 427 51 18 33 376 22 59 46 27
is_linear=0
shrinkage=0.1


Tree=65
num_leaves=11
num_cat=0
split_feature=93 92 38 92 100 96 93 41 21 76
split_gain=0.109184 0.15605 0.294203 0.25096 0.24643 0.218555 0.194001 0.154545 0.158062 0.116957
threshold=5.9964025824430864 7.6128232189448175 5.1647696471263407 7.3862220341502232 3.9219243190762363 4.2045812236012674 5.2390944889447963 5.2522597220941352 5.1119152036137292 2.0126758453675748
decision_type=2 2 2 2 2 2 2 2 2 2
left_child=1 3 -3 4 5 -1 -5 8 -2 -6
right_child=7 2 -4 6 9 -7 -8 -9 -10 -11
leaf_value=-0.00021932931331466923 0.0074988145042549428 0.0080469295072058793 -0.01948113739490509 0.023367590829730039 0.017449381778186012 -0.008377352321986109 -0.00041971813188865773 0.016044333241879941 -0.012678611588974795 0.00091436356306076052
leaf_weight=374 11.000000000000005 6.0000000000000027 10.999999999999998 7.9999999999999982 11.000000000000002 36 6 9.9999999999999982 5.9999999999999991 6.9999999999999991
leaf_count=374 11 6 11 8 11 36 6 10 6 7
internal_value=0 -0.000363526 -0.00976535 -1.91784e-06 -0.000432874 -0.000935644 0.013173 0.00617995 0.00037737 0.0110191
internal_weight=0 459 17 442 428 410 14 27 17 18
internal_count=486 459 17 442 428 410 14 27 17 18
is_linear=0
shrinkage=0.1


Tree=66
num_leaves=11
num_cat=0
split_feature=54 52 61 90 68 26 91 16 93 4
split_gain=0.107049 0.3663 0.413384 0.699503 0.339756 0.318838 0.337702 0.297273 0.267774 0.353524
threshold=1.7005986908310777 4.6681339642869872 1.0397207708399181 2.8314802400679731 1.0397207708399181 1.2424533248940004 3.7609296261008152 2.3502401828962087 3.9701138825728512 3.2951505240983434
decision_type=2 2 2 2 2 2 2 2 2 2
left_child=4 2 3 -2 -1 6 -4 -7 9 -6
right_child=1 -3 5 -5 8 7 -8 -9 -10 -11
leaf_value=0.020187180554494262 -0.011622655493556519 0.00053383471334624726 -0.012834867669476403 0.022092209113761783 0.0010837012246499055 0.0037868414412845254 -0.042120645088808882 -0.023884499818086626 0.0099331863184208766 -0.01619139877813203
leaf_weight=9.9999999999999982 16.000000000000004 300 8.9999999999999982 9.9999999999999982 77 11.000000000000002 6.9999999999999991 5.9999999999999991 26 13.999999999999998
leaf_count=10 16 300 9 10 77 11 7 6 26 14
internal_value=0 -0.00088273 -0.0080856 0.0013446 0.00249528 -0.0155155 -0.0256474 -0.00597951 0.000983147 -0.00157401
internal_weight=0 359 59 26 127 33 16 17 117 91
internal_count=486 359 59 26 127 33 16 17 117 91
is_linear=0
shrinkage=0.1


Tree=67
num_leaves=11
num_cat=0
split_feature=80 79 50 7 48 34 56 42 76 26
split_gain=0.0991657 0.579766 0.391284 0.298297 0.484889 0.320859 0.224386 0.295317 0.257918 0.237837
threshold=3.0433873634561537 6.937297114209442 3.0433873634561537 2.8029010331479989 2.3937458713910238 1.2424533248940004 1.8688348091416842 4.0428973506407848 2.3502401828962087 1.8688348091416842
decision_type=2 2 2 2 2 2 2 2 2 2
left_child=6 2 -2 -3 -5 -6 -1 -8 -9 -10
right_child=1 3 -4 4 5 -7 7 8 9 -11
leaf_value=-0.00017870570444662509 -0.030242897976528505 0.01287435985663358 -0.0021275447474585637 -0.026761461421847346 0.016622590109578929 -0.00084495012593362086 -0.01520174167584628 0.015753907540106568 0.015912067405879499 -0.011890264638350346
leaf_weight=145 11.000000000000002 17 8.9999999999999982 6.9999999999999991 10.999999999999998 239 4.9999999999999991 29 4.9999999999999991 7.9999999999999991
leaf_count=145 11 17 9 7 11 239 5 29 5 8
internal_value=0 -0.00115436 -0.017591 4.53989e-05 -0.000803209 -7.63784e-05 0.00176761 0.00777219 0.0105072 -0.00119706
internal_weight=0 294 20 274 257 250 192 47 42 13
internal_count=486 294 20 274 257 250 192 47 42 13
is_linear=0
shrinkage=0.1


Tree=68
num_leaves=10
num_cat=0
split_feature=18 21 13 60 84 11 48 20 8
split_gain=0.0941109 0.121294 0.17502 0.139288 0.318327 0.294583 0.259841 0.171875 0.110442
threshold=6.0935290038443712 6.5308606277173844 6.1569700081995915 4.770540966944206 5.7960531314223358 6.1268596494987646 4.8121513051691478 4.770540966944206 6.4312675473076713
decision_type=2 2 2 2 2 2 2 2 2
left_child=1 3 -3 4 5 -1 -5 -8 -2
right_child=8 2 -4 6 -6 -7 7 -9 -10
leaf_value=0.0001729175039154522 0.01833581638832887 -0.020371564903429579 0.004124702960252761 0.026364995539188387 -0.020395878318231555 -0.018129696215813361 -0.0040133523795267811 0.00739594261432367 0.00038805161602795124
leaf_weight=384 5.9999999999999991 6.9999999999999982 5 4.9999999999999991 7.9999999999999991 8.9999999999999982 23 31 7.9999999999999991
leaf_count=384 6 7 5 5 8 9 23 31 8
internal_value=0 -0.00023966 -0.0101648 1.92568e-05 -0.000648214 -0.000246226 0.0045558 0.00253643 0.00807995
internal_weight=0 472 12 460 401 393 59 54 14
internal_count=486 472 12 460 401 393 59 54 14
is_linear=0
shrinkage=0.1


Tree=69
num_leaves=11
num_cat=0
split_feature=54 82 24 61 90 37 6 53 7 76
split_gain=0.0920533 0.302297 0.295532 0.267136 0.240046 0.413875 0.368468 0.286246 0.22657 0.394137
threshold=1.7005986908310777 4.7790881836238563 2.3937458713910238 4.0428973506407848 2.3937458713910238 0.8958797346140277 1.0397207708399181 2.0126758453675748 4.6200466650627661 2.1383330595080281
decision_type=2 2 2 2 2 2 2 2 2 2
left_child=2 4 8 -4 -2 6 -6 -7 9 -1
right_child=1 -3 3 -5 5 7 -8 -9 -10 -11
leaf_value=-0.0015782544917907039 -0.01664038427794973 0.00062222480380821964 0.02112697956285306 -0.0027986249487314905 0.014390410954023106 -0.019079973031249309 -0.012869963395808424 0.0013956030576743864 -0.017219900153577328 0.014780965188725126
leaf_weight=81 18 288 14.000000000000002 6.9999999999999991 17.000000000000004 18.000000000000004 6.9999999999999991 10.999999999999998 6.9999999999999991 18
leaf_count=81 18 288 14 7 17 18 7 11 7 18
internal_value=0 -0.000818571 0.00231391 0.0131518 -0.00666292 -0.00327435 0.00643947 -0.0113134 0.000166787 0.00139615
internal_weight=0 359 127 21 71 53 24 29 106 99
internal_count=486 359 127 21 71 53 24 29 106 99
is_linear=0
shrinkage=0.1


Tree=70
num_leaves=11
num_cat=0
split_feature=16 17 40 29 29 5 59 48 11 52
split_gain=0.098721 0.438586 0.418447 0.364718 0.512682 0.332335 0.266465 0.247765 0.223628 0.188847
threshold=1.4978661367769956 0.8958797346140277 3.4960482137079443 8.3776724232667217 8.1767812389201762 2.249904835165133 2.4563274428680266 2.3937458713910238 4.0428973506407848 4.1891953942678901
decision_type=2 2 2 2 2 2 2 2 2 2
left_child=2 5 3 4 6 8 -1 -3 -2 -9
right_child=1 7 -4 -5 -6 -7 -8 9 -10 -11
leaf_value=0.016446334801407326 0.00097113748958620844 -0.017283211497124286 0.019960056854567181 -0.02359598055481911 0.02137028844250987 -0.030437331961002203 -0.001355057639830193 0.018113863778611027 -0.023914136886596681 0.00018304362061715562
leaf_weight=8.9999999999999982 13.000000000000005 7.9999999999999991 11.999999999999998 5.9999999999999991 11.999999999999998 7.9999999999999991 128 5.9999999999999991 4.9999999999999991 279
leaf_count=9 13 8 12 6 12 8 128 6 5 279
internal_value=0 -0.00103122 0.00196981 0.000577014 0.00155042 -0.0134786 -0.000185623 7.33333e-05 -0.00594144 0.000560535
internal_weight=0 319 167 155 149 26 137 293 18 285
internal_count=486 319 167 155 149 26 137 293 18 285
is_linear=0
shrinkage=0.1


Tree=71
num_leaves=10
num_cat=0
split_feature=66 88 71 6 1 66 86 83 5
split_gain=0.0876825 0.165819 0.126647 0.173092 0.28336 0.194665 0.131339 0.0545686 0.0539748
threshold=5.5234409919880667 6.1416464561618449 6.2859963606162941 5.5872416446462791 5.0562255201382529 3.7494348669884658 5.2907605476430133 5.9532129741149253 6.6908044688057444
decision_type=2 2 2 2 2 2 2 2 2
left_child=1 2 3 5 -5 -1 7 -4 -2
right_child=8 -3 6 4 -6 -7 -8 -9 -10
leaf_value=-0.0004419820972705364 0.016499935984611514 -0.015481602520282781 0.0065488220502932836 -0.019367173352899652 -0.001348201576365682 0.0064664123411563683 -0.0055243485420942307 0.019545085914433002 0.0024319778506954508
leaf_weight=360 4.9999999999999982 6.9999999999999991 6.0000000000000018 11.999999999999998 32 46 4.9999999999999991 7 6
leaf_count=360 5 7 6 12 32 46 5 7 6
internal_value=0 -0.000204403 2.41019e-05 -0.000304905 -0.00626247 0.000340742 0.00824927 0.0135468 0.0088265
internal_weight=0 475 468 450 44 406 18 13 11
internal_count=486 475 468 450 44 406 18 13 11
is_linear=0
shrinkage=0.1


Tree=72
num_leaves=11
num_cat=0
split_feature=26 18 95 14 99 40 22 80 2 20
split_gain=0.0873858 0.130241 0.152504 0.180553 0.275418 0.200004 0.146278 0.0645398 0.0462859 0.0175987
threshold=5.9413402452221584 5.797565991880604 7.0958928778909467 5.424940314113365 2.8029010331479989 4.3693677306817369 7.6273006666104983 4.135134555718313 5.476454798506734 5.752527285294831
decision_type=2 2 2 2 2 2 2 2 2 2
left_child=1 2 3 5 -5 -1 8 -8 -3 -9
right_child=-2 6 -4 4 -6 -7 7 9 -10 -11
leaf_value=-0.00048501108592339165 -0.011993538898726305 0.0048886401951312997 0.014385360798665456 -0.0026984613886926068 -0.021935688248938986 0.007239825046476531 0.022127703726291643 0.01313623443245888 -0.0081388272345066064 0.0053684575483202929
leaf_weight=356 5.9999999999999991 5.0000000000000018 6.9999999999999991 43 8.9999999999999982 37 5.0000000000000027 4.9999999999999982 6 7
leaf_count=356 6 5 7 43 9 37 5 5 6 7
internal_value=0 0.000149919 -0.000260062 -0.000490439 -0.00602798 0.000242264 0.00676818 0.0125823 -0.00221725 0.00860503
internal_weight=0 480 452 445 52 393 28 17 11 12
internal_count=486 480 452 445 52 393 28 17 11 12
is_linear=0
shrinkage=0.1


Tree=73
num_leaves=11
num_cat=0
split_feature=16 17 40 29 29 5 59 48 11 57
split_gain=0.0891462 0.346147 0.335989 0.295742 0.414702 0.269191 0.215452 0.196666 0.181138 0.162731
threshold=1.4978661367769956 0.8958797346140277 3.4960482137079443 8.3776724232667217 8.1767812389201762 2.249904835165133 2.4563274428680266 2.3937458713910238 4.0428973506407848 1.4978661367769956
decision_type=2 2 2 2 2 2 2 2 2 2
left_child=2 5 3 4 6 8 -1 -3 -2 -4
right_child=1 7 9 -5 -6 -7 -8 -9 -10 -11
leaf_value=0.014894400454229779 0.00096672311729679842 -0.015462191222468391 0.029637520511945094 -0.021143682301044464 0.019325959162476161 -0.027300899524561828 -0.0011125713632281987 0.00043540015493993438 -0.021430023908615113 0.00634723388745139
leaf_weight=8.9999999999999982 13.000000000000005 7.9999999999999991 5.9999999999999982 5.9999999999999991 11.999999999999998 7.9999999999999991 128 285 4.9999999999999991 6
leaf_count=9 13 8 6 6 12 8 128 285 5 6
internal_value=0 -0.000979932 0.00187185 0.000623806 0.00150035 -0.0120381 -6.10185e-05 1.33623e-06 -0.0052546 0.0179924
internal_weight=0 319 167 155 149 26 137 293 18 12
internal_count=486 319 167 155 149 26 137 293 18 12
is_linear=0
shrinkage=0.1


Tree=74
num_leaves=11
num_cat=0
split_feature=14 9 12 92 93 60 94 68 32 99
split_gain=0.0928234 0.22975 0.450279 0.237356 0.197939 0.420578 0.243287 0.268048 0.235814 0.198201
threshold=1.7917594692280554 7.4578827483718308 4.8903208612686422 1.0397207708399181 3.1132683346437333 2.9700856263602158 4.317399216745252 1.0397207708399181 5.2626767655455557 3.5114340430413216
decision_type=2 2 2 2 2 2 2 2 2 2
left_child=4 2 -2 -3 6 9 7 -1 -9 -6
right_child=1 3 -4 -5 5 -7 -8 8 -10 -11
leaf_value=0.017763076350092888 -0.0036455454122599055 0.019890150179465615 -0.032772039435803889 -0.00020548928874227889 -0.0065962019904206182 0.022909742851669974 -0.015855676349666385 -0.0031114790359314422 0.010096213685841684 0.011076280978423628
leaf_weight=8.9999999999999982 46 5.9999999999999991 5.9999999999999991 288 15.000000000000002 12.999999999999998 8.9999999999999982 66 17 10.999999999999998
leaf_count=9 46 6 6 288 15 13 9 66 17 11
internal_value=0 -0.000879096 -0.00700629 0.000204626 0.00217262 0.00822366 -0.000163915 0.00137115 -0.000406289 0.000880618
internal_weight=0 346 52 294 140 39 101 92 83 26
internal_count=486 346 52 294 140 39 101 92 83 26
is_linear=0
shrinkage=0.1


Tree=75
num_leaves=11
num_cat=0
split_feature=54 82 24 24 29 18 18 66 7 93
split_gain=0.0854763 0.240505 0.220653 0.219835 0.213173 0.205525 0.240517 0.23729 0.204125 0.190398
threshold=1.7005986908310777 4.7790881836238563 2.3937458713910238 4.8121513051691478 6.4891310167150369 2.7058230259275202 3.5972184255501678 1.2424533248940004 3.6105525490912482 3.9701138825728512
decision_type=2 2 2 2 2 2 2 2 2 2
left_child=2 3 9 5 -4 7 -7 -2 -3 -1
right_child=1 8 4 -5 -6 6 -8 -9 -10 -11
leaf_value=-0.0016061529999561394 -0.018721750832628458 0.0065248787294122134 0.029617642164230323 -0.026218234077095989 0.0059622197273711212 0.010892835553162374 -0.0053120818995540178 0.0045975326870878542 -0.00067934418011155308 0.009443468688742112
leaf_weight=87 16.000000000000004 47 5.0000000000000027 4.9999999999999991 15.999999999999998 12.999999999999998 31 5.9999999999999991 241 19
leaf_count=87 16 47 5 5 16 13 31 6 241 19
internal_value=0 -0.000788786 0.00222972 -0.00600171 0.0115945 -0.00447016 -0.000524265 -0.0123619 0.000496345 0.00037444
internal_weight=0 359 127 71 21 66 44 22 288 106
internal_count=486 359 127 71 21 66 44 22 288 106
is_linear=0
shrinkage=0.1


Tree=76
num_leaves=11
num_cat=0
split_feature=71 29 81 41 40 70 35 15 10 11
split_gain=0.0759295 0.180487 0.17544 0.154075 0.159961 0.144527 0.165227 0.269768 0.252912 0.153883
threshold=1.0397207708399181 4.8597823571876004 1.0397207708399181 3.4334666422309414 3.4960482137079443 1.0397207708399181 4.5107991236896536 3.3218948665738366 1.5890269151739729 3.4811217321331038
decision_type=2 2 2 2 2 2 2 2 2 2
left_child=3 2 -2 4 -1 9 8 -8 -7 -3
right_child=1 5 -4 -5 -6 6 7 -9 -10 -11
leaf_value=-0.0012740398527100859 -0.026986302882432946 0.020101919557367044 -0.00049554556608200062 0.015407534109221566 0.014154403610154987 0.0039845069138599301 0.023651243224740031 0.000225290972603906 -0.0072160470531444955 0.001711573050572322
leaf_weight=42 4.9999999999999982 7.0000000000000027 5 8.9999999999999982 7.9999999999999991 28 4.9999999999999991 292 72 12.999999999999998
leaf_count=42 5 7 5 9 8 28 5 292 72 13
internal_value=0 -0.000464621 -0.0137409 0.0033626 0.00119451 -0.000146245 -0.000564101 0.000619667 -0.00407989 0.00814819
internal_weight=0 427 10 59 50 417 397 297 100 20
internal_count=486 427 10 59 50 417 397 297 100 20
is_linear=0
shrinkage=0.1


Tree=77
num_leaves=11
num_cat=0
split_feature=41 34 84 56 75 31 4 100 16 40
split_gain=0.0726603 0.40935 0.363421 0.272763 0.281396 0.219843 0.218735 0.193492 0.216091 0.359572
threshold=4.7621374077860157 5.1179758838799021 5.3752355389054705 4.2625806805327082 5.7556620918016277 5.4889035743175976 5.5872416446462791 3.9219243190762363 1.8688348091416842 3.4960482137079443
decision_type=2 2 2 2 2 2 2 2 2 2
left_child=1 7 -3 4 5 -2 -6 8 9 -1
right_child=3 2 -4 -5 6 -7 -8 -9 -10 -11
leaf_value=0.00034452405986639691 -0.0063587354865243155 0.03154902299866081 0.00034889294100659232 0.0021601804651297809 -0.024847541501124695 0.0077898394130170344 -0.0026043847469346868 0.0091183690989220696 -0.0039047397087107146 0.017642155117713488
leaf_weight=159 41 7.9999999999999982 7 84 12.000000000000002 14.999999999999998 6.9999999999999991 22 118 12.999999999999998
leaf_count=159 41 8 7 84 12 15 7 22 118 13
internal_value=0 0.00085262 0.016989 -0.0017535 -0.00613682 -0.00256894 -0.0166527 7.68339e-05 -0.000609076 0.0016519
internal_weight=0 327 15 159 75 56 19 312 290 172
internal_count=486 327 15 159 75 56 19 312 290 172
is_linear=0
shrinkage=0.1


Tree=78
num_leaves=8
num_cat=0
split_feature=51 65 54 13 74 83 95
split_gain=0.0666313 0.135307 0.0928857 0.188571 0.107274 0.089458 0.0747844
threshold=6.8383345459104286 7.1447997903071299 5.9814014572911871 5.9532129741149253 5.9814014572911871 4.3107766033702406 6.0613889946661823
decision_type=2 2 2 2 2 2 2
left_child=1 2 4 -4 5 -1 -3
right_child=-2 6 3 -5 -6 -7 -8
leaf_value=0.00070797236720320476 -0.0090508642606437206 0.017235872894525533 -0.023645953983068471 0.0017809906442250523 0.012383548276765008 -0.0025980572405926612 0.0020215518927822508
leaf_weight=338 7.9999999999999991 6.9999999999999982 4.9999999999999982 7 6.9999999999999991 108 6
leaf_count=338 8 7 5 7 7 108 6
internal_value=0 0.000151479 -0.000129836 -0.00881357 0.000100197 -9.25909e-05 0.0102139
internal_weight=0 478 465 12 453 446 13
internal_count=486 478 465 12 453 446 13
is_linear=0
shrinkage=0.1


Tree=79
num_leaves=11
num_cat=0
split_feature=86 83 63 41 66 58 83 87 81 51
split_gain=0.0676397 0.180244 0.246505 0.362461 0.188242 0.177488 0.175306 0.130923 0.205809 0.10879
threshold=4.4885732424042368 4.3107766033702406 5.0172579074712669 4.8282817362782584 4.0859410030639109 3.7609296261008152 4.0773937863842606 4.2625806805327082 4.5950688323293329 6.6960960108182599
decision_type=2 2 2 2 2 2 2 2 2 2
left_child=1 6 4 -4 5 -3 7 8 -1 -2
right_child=9 2 3 -5 -6 -7 -8 -9 -10 -11
leaf_value=-0.00037007600416175346 0.0048619490810933551 -0.017875515906648203 0.026355521529912954 -0.0023778191224361461 -0.026054424916704497 -0.0029572067398915131 0.011980755190150096 -0.0096945443118994067 0.0077715711501826134 -0.0065098032815149066
leaf_weight=275 53 10.999999999999998 4.9999999999999991 36 5.9999999999999991 29 12.999999999999998 12.999999999999998 35 9.9999999999999982
leaf_count=275 53 11 5 36 6 29 13 13 35 10
internal_value=0 -0.000455284 -0.00451196 0.00112625 -0.00953731 -0.00705974 0.000595104 0.000136858 0.000549142 0.00305691
internal_weight=0 423 87 41 46 40 336 323 310 63
internal_count=486 423 87 41 46 40 336 323 310 63
is_linear=0
shrinkage=0.1


Tree=80
num_leaves=11
num_cat=0
split_feature=14 43 13 56 36 9 20 15 92 34
split_gain=0.0630548 0.171983 0.358297 0.215535 0.220854 0.169557 0.339911 0.169243 0.159338 0.151241
threshold=1.7917594692280554 3.7726948748059121 3.1984648276080736 3.1345481418531311 1.2424533248940004 7.4578827483718308 2.8617925509761908 5.081385075233106 1.0397207708399181 1.7917594692280554
decision_type=2 2 2 2 2 2 2 2 2 2
left_child=1 2 3 4 -1 6 -2 -3 -7 -8
right_child=5 7 -4 -5 -6 8 9 -9 -10 -11
leaf_value=0.0043956749223391803 -0.0015599083184497432 0.023209827925477711 -0.02144464318241392 0.02030733066300551 -0.0047607299655156084 0.016335402925809227 -0.0074660278810188196 0.0024776321525375052 -0.00012957220319044103 -0.030237516973699842
leaf_weight=68 40 6.9999999999999991 6.9999999999999991 5.9999999999999991 43 5.9999999999999991 4.9999999999999982 8.9999999999999982 288 7
leaf_count=68 40 7 7 6 43 6 5 9 288 7
internal_value=0 0.00179067 0.000531661 0.00184648 0.000848599 -0.000724548 -0.00598825 0.011548 0.000206448 -0.0207494
internal_weight=0 140 124 117 111 346 52 16 294 12
internal_count=486 140 124 117 111 346 52 16 294 12
is_linear=0
shrinkage=0.1


Tree=81
num_leaves=11
num_cat=0
split_feature=26 18 38 40 55 24 22 50 91 80
split_gain=0.0627054 0.102226 0.106404 0.157312 0.28762 0.171649 0.0963599 0.088464 0.0802545 0.050524
threshold=5.9413402452221584 5.797565991880604 5.2831908449625269 4.3693677306817369 5.272986409146923 4.8361559147623279 7.6273006666104983 5.6452907969132928 5.4160905255636633 4.135134555718313
decision_type=2 2 2 2 2 2 2 2 2 2
left_child=1 2 3 5 -5 -1 -3 8 -4 -8
right_child=-2 6 7 4 -6 -7 9 -9 -10 -11
leaf_value=0.00039763311571337453 -0.010159659634033841 -0.0013024542142044411 0.0015129441395401934 0.02162729385826323 0.0018857459791811048 -0.0054825849183914015 0.019154885858297336 0.0023041953436202475 -0.013001469103619457 0.0071903045366828637
leaf_weight=313 5.9999999999999991 11.000000000000002 5.0000000000000062 8.9999999999999982 41 59 5.0000000000000027 8.9999999999999982 15.999999999999998 11.999999999999998
leaf_count=313 6 11 5 9 41 59 5 9 16 12
internal_value=0 0.000126996 -0.000236224 0.000172862 0.00543922 -0.000534982 0.0059904 -0.0059907 -0.00954566 0.0107093
internal_weight=0 480 452 422 50 372 28 30 21 17
internal_count=486 480 452 422 50 372 28 30 21 17
is_linear=0
shrinkage=0.1


Tree=82
num_leaves=11
num_cat=0
split_feature=3 98 94 41 95 40 2 31 90 1
split_gain=0.0582782 0.209384 0.185254 0.223392 0.214131 0.177393 0.170122 0.257304 0.193317 0.16348
threshold=2.602003343538398 4.6150714996361826 3.3667009459186801 4.234001473612734 3.5246274206279185 3.4960482137079443 2.7058230259275202 2.8314802400679731 1.0397207708399181 2.249904835165133
decision_type=2 2 2 2 2 2 2 2 2 2
left_child=1 2 3 5 9 -1 7 -2 -9 -4
right_child=6 -3 4 -5 -6 -7 -8 8 -10 -11
leaf_value=-0.0035064403433352712 -0.00078056040530403439 -0.017484516417607666 -0.0017446723342272302 -0.020837756725294251 0.023761787749826908 0.016051254123449328 2.3030069793848518e-05 0.033865763545036315 0.0088002636795863516 0.012959585338830949
leaf_weight=64 15.000000000000002 7.9999999999999991 31 6.9999999999999991 4.9999999999999991 4.9999999999999991 328 4.9999999999999991 7.9999999999999991 9.9999999999999982
leaf_count=64 15 8 31 7 5 5 328 5 8 10
internal_value=0 -0.00181213 -0.000784428 -0.00381606 0.00422435 -0.00208922 0.000661731 0.00814366 0.0184408 0.00184173
internal_weight=0 130 122 76 46 69 356 28 13 41
internal_count=486 130 122 76 46 69 356 28 13 41
is_linear=0
shrinkage=0.1


Tree=83
num_leaves=11
num_cat=0
split_feature=80 79 26 62 7 48 34 95 72 2
split_gain=0.056201 0.369918 0.223947 0.17789 0.173886 0.274509 0.171396 0.164272 0.164722 0.160513
threshold=3.0433873634561537 6.937297114209442 1.4978661367769956 1.9356005054539456 2.8029010331479989 2.3937458713910238 1.2424533248940004 5.7136837883042917 5.7267999994427079 4.0163424379838117
decision_type=2 2 2 2 2 2 2 2 2 2
left_child=7 2 3 -2 -3 -6 -7 8 9 -1
right_child=1 4 -4 -5 5 6 -8 -9 -10 -11
leaf_value=-0.00021333627269736361 -0.011242455989122387 0.0098841932328308339 -0.0034165103547275071 -0.03791755139827728 -0.020089969746810054 0.012193141919984059 -0.00057344512202217785 0.0067755853998214882 0.010993809765204789 -0.012809368409216405
leaf_weight=126 5.0000000000000018 17 9.9999999999999982 5 6.9999999999999991 10.999999999999998 239 43 11.999999999999998 10.999999999999998
leaf_count=126 5 17 10 5 7 11 239 43 12 11
internal_value=0 -0.000869022 -0.0139983 -0.02458 8.93163e-05 -0.000558594 -1.17153e-05 0.00133069 -0.000240656 -0.0012247
internal_weight=0 294 20 10 274 257 250 192 149 137
internal_count=486 294 20 10 274 257 250 192 149 137
is_linear=0
shrinkage=0.1


Tree=84
num_leaves=11
num_cat=0
split_feature=86 81 74 84 65 51 37 84 6 1
split_gain=0.0564632 0.126042 0.171899 0.120891 0.0973609 0.107582 0.08707 0.0821231 0.159514 0.258071
threshold=4.4885732424042368 5.8749149497672386 5.9814014572911871 5.6733173626244016 5.6834872047429625 6.6960960108182599 5.4026367991037016 4.6146791889059733 3.8499212036984933 3.9701138825728512
decision_type=2 2 2 2 2 2 2 2 2 2
left_child=1 7 3 -3 -2 6 -6 8 -1 -10
right_child=4 2 -4 -5 5 -7 -8 -9 9 -11
leaf_value=0.00068379209830949261 -0.010596130415797234 -0.0061871081797613015 0.007893035151064395 -0.024512219553192459 0.0041531428904840496 -0.0054885737784206873 0.016220552793570927 0.0023130233117609942 -0.014079057176907859 -0.0014800801287896724
leaf_weight=201 4.9999999999999991 9.0000000000000018 4.9999999999999991 5.9999999999999991 41 9.9999999999999982 6.9999999999999991 109 21 72
leaf_count=201 5 9 5 6 41 10 7 109 21 72
internal_value=0 -0.000415972 -0.00816461 -0.0135172 0.00279296 0.00394719 0.00591297 -3.14249e-05 -0.000900625 -0.00432501
internal_weight=0 423 20 15 63 58 48 403 294 93
internal_count=486 423 20 15 63 58 48 403 294 93
is_linear=0
shrinkage=0.1


Tree=85
num_leaves=11
num_cat=0
split_feature=54 52 84 58 68 14 92 79 9 50
split_gain=0.0571477 0.187607 0.189491 0.264046 0.167812 0.192146 0.176014 0.25939 0.378357 0.125753
threshold=1.7005986908310777 4.6681339642869872 1.7005986908310777 1.9356005054539456 1.0397207708399181 2.1383330595080281 4.4425820475484112 6.4891310167150369 6.9196833616345783 2.9700856263602158
decision_type=2 2 2 2 2 2 2 2 2 2
left_child=4 2 3 -2 5 -1 7 -6 -9 -8
right_child=1 -3 -4 -5 6 -7 9 8 -10 -11
leaf_value=0.028118586242198953 -0.001322235486337117 0.00036881270884380987 -0.0024908380567053843 -0.02791670779697597 -0.022050008177757263 0.00039524793624877929 0.00092962600361063796 0.0044600635094361176 -0.021629063013408865 0.0097841224997587822
leaf_weight=4.9999999999999982 6.9999999999999991 300 44 7.9999999999999991 6.9999999999999991 5 53 27 6.9999999999999991 23
leaf_count=5 7 300 44 8 7 5 53 27 7 23
internal_value=0 -0.000644965 -0.00579977 -0.015506 0.00182317 0.0142569 0.000760455 -0.00452029 -0.000911227 0.00360928
internal_weight=0 359 59 15 127 10 117 41 34 76
internal_count=486 359 59 15 127 10 117 41 34 76
is_linear=0
shrinkage=0.1


Tree=86
num_leaves=11
num_cat=0
split_feature=61 68 61 28 52 11 34 63 87 22
split_gain=0.0529083 0.24183 0.155418 0.303102 0.166595 0.153423 0.232958 0.288322 0.204583 0.170756
threshold=4.2903656061101136 3.7132745361986528 3.9607678160667752 1.9356005054539456 4.4066448812345191 4.5107991236896536 5.1179758838799021 5.0172579074712669 4.317399216745252 6.7080773750101441
decision_type=2 2 2 2 2 2 2 2 2 2
left_child=2 -2 -1 -4 -5 6 8 -8 -3 -7
right_child=1 5 3 4 -6 9 7 -9 -10 -11
leaf_value=-0.00012359716271824361 -0.012276688632037906 0.0096143280590573962 0.027248431680103144 -0.010870821374867645 0.0062093610526062553 -0.0073189017703620398 0.0047941360415683851 0.034744127094745635 -0.005272983115476867 0.00035545536495669927
leaf_weight=231 18 14.999999999999998 5.9999999999999991 6.9999999999999991 31 41 8.9999999999999982 4.9999999999999991 24 99
leaf_count=231 18 15 6 7 31 41 9 5 24 99
internal_value=0 -0.00119116 0.000913942 0.00636102 0.00306301 -0.000157273 0.00442512 0.0154906 0.000452906 -0.00189203
internal_weight=0 211 275 44 38 193 53 14 39 140
internal_count=486 211 275 44 38 193 53 14 39 140
is_linear=0
shrinkage=0.1


Tree=87
num_leaves=11
num_cat=0
split_feature=26 18 95 14 36 17 22 20 45 51
split_gain=0.0504438 0.0754349 0.0914132 0.106752 0.195556 0.10569 0.0749043 0.0437547 0.0321507 0.0169084
threshold=5.9413402452221584 5.797565991880604 7.0958928778909467 5.4116061905722832 3.6105525490912482 4.6539149966267201 7.6273006666104983 5.752527285294831 6.6957798175907541 5.8749149497672386
decision_type=2 2 2 2 2 2 2 2 2 2
left_child=1 2 3 5 -5 -1 8 9 -3 -8
right_child=-2 6 -4 4 -6 -7 7 -9 -10 -11
leaf_value=-0.00013532346493255143 -0.0091123541196187329 0.0046431344747543315 0.01114066711493901 -0.01642657048492269 -0.0015194220330820166 0.0081642002769513056 0.017667803913354867 0.0032475099233644348 -0.0062144011414299403 0.0094438447058200828
leaf_weight=374 5.9999999999999991 5.0000000000000018 6.9999999999999991 10.999999999999998 44 15.999999999999998 5.0000000000000018 6.9999999999999991 6 5
leaf_count=374 6 5 7 11 44 16 5 7 6 5
internal_value=0 0.000113904 -0.000198111 -0.000376473 -0.00450085 0.00020517 0.00515072 0.00931122 -0.00127916 0.0135558
internal_weight=0 480 452 445 55 390 28 17 11 10
internal_count=486 480 452 445 55 390 28 17 11 10
is_linear=0
shrinkage=0.1


Tree=88
num_leaves=11
num_cat=0
split_feature=71 84 29 81 21 95 31 68 74 70
split_gain=0.0481138 0.129978 0.117713 0.148872 0.113645 0.157704 0.104988 0.102431 0.0957693 0.0875144
threshold=1.0397207708399181 4.317399216745252 4.8597823571876004 1.0397207708399181 3.1132683346437333 3.5246274206279185 1.0397207708399181 3.4334666422309414 3.3140206880897671 1.0397207708399181
decision_type=2 2 2 2 2 2 2 2 2 2
left_child=1 4 3 -2 6 -6 8 -3 -1 -4
right_child=2 7 9 -5 5 -7 -8 -9 -10 -11
leaf_value=-0.008986008556729012 -0.02329293586313725 -0.015740132424980405 0.0063416080037131915 0.0011097003519535062 0.0047757017736633628 0.026926008537411689 0.0083790834061801441 0.0020657062197902373 0.0059764904735077713 -0.00043789167045111253
leaf_weight=11.000000000000002 4.9999999999999982 5.9999999999999982 20 5 8.9999999999999982 4.9999999999999991 13.999999999999998 7 6.9999999999999991 397
leaf_count=11 5 6 20 5 9 5 14 7 7 397
internal_value=0 0.00267673 -0.000369852 -0.0110916 0.00517191 0.0126865 0.00188427 -0.00615237 -0.00316726 -0.000112736
internal_weight=0 59 427 10 46 14 32 13 18 417
internal_count=486 59 427 10 46 14 32 13 18 417
is_linear=0
shrinkage=0.1


Tree=89
num_leaves=11
num_cat=0
split_feature=98 58 37 61 61 98 10 92 10 38
split_gain=0.0474358 0.205985 0.265791 0.181264 0.231616 0.206145 0.159737 0.148307 0.158862 0.283967
threshold=3.3667009459186801 3.7609296261008152 2.1383330595080281 3.3497501700808394 4.1107394736335969 2.9430520157250784 3.4960482137079443 6.2460391568005056 3.7132745361986528 4.5538214868689204
decision_type=2 2 2 2 2 2 2 2 2 2
left_child=1 2 3 5 -5 -1 -4 -2 9 -9
right_child=7 -3 6 4 -6 -7 -8 8 -10 -11
leaf_value=-0.003196733053568203 -0.0035552687170859586 0.006455018905991758 -0.016131357837002723 0.018611410042891893 -0.0019951298739761115 0.010546935528803331 0.003001438220962882 0.0033689535101936933 -0.00059352608454622791 0.028719733357429507
leaf_weight=68 117 54 16.000000000000004 12.000000000000002 9.9999999999999982 12.999999999999998 5.9999999999999991 38 147 4.9999999999999991
leaf_count=68 117 54 16 12 10 13 6 38 147 5
internal_value=0 0.00129383 -0.000935801 0.00119532 0.0092448 -0.000990959 -0.0109133 -0.000754384 0.000970371 0.00631672
internal_weight=0 179 125 103 22 81 22 307 190 43
internal_count=486 179 125 103 22 81 22 307 190 43
is_linear=0
shrinkage=0.1


Tree=90
num_leaves=11
num_cat=0
split_feature=80 79 50 72 95 65 65 3 11 91
split_gain=0.0451169 0.257867 0.170437 0.138705 0.11908 0.140807 0.208036 0.149412 0.14029 0.115597
threshold=3.0433873634561537 6.937297114209442 3.0433873634561537 1.5890269151739729 5.7136837883042917 4.6150714996361826 4.8903208612686422 2.3937458713910238 1.8688348091416842 4.5746578350692051
decision_type=2 2 2 2 2 2 2 2 2 2
left_child=4 2 -2 -3 5 9 -7 -8 -6 -1
right_child=1 3 -4 -5 8 6 7 -9 -10 -11
leaf_value=0.00013365929505150572 -0.020090583559464317 0.016524448096752169 -0.0015348067921068934 -0.00028523540731907225 0.021574680209159855 -0.021112899588687079 0.0097112641145940832 -0.0064587798737920825 0.0037561880259186424 0.0086781777588552551
leaf_weight=95 11.000000000000002 4.9999999999999991 8.9999999999999982 269 4.9999999999999991 6.9999999999999991 8.0000000000000018 20 38 19
leaf_count=95 11 5 9 269 5 7 8 20 38 19
internal_value=0 -0.000778625 -0.0117405 2.15106e-05 0.00119227 -0.000145589 -0.00569359 -0.00183877 0.00582811 0.00155775
internal_weight=0 294 20 274 192 149 35 28 43 114
internal_count=486 294 20 274 192 149 35 28 43 114
is_linear=0
shrinkage=0.1


Tree=91
num_leaves=11
num_cat=0
split_feature=14 31 27 68 2 86 20 17 66 43
split_gain=0.0459829 0.111303 0.122045 0.178963 0.173297 0.165498 0.1222 0.19785 0.116111 0.109038
threshold=1.7917594692280554 3.2180751841847144 2.9430520157250784 3.891612008168019 3.8499212036984933 2.0126758453675748 2.602003343538398 2.9430520157250784 3.2180751841847144 3.7726948748059121
decision_type=2 2 2 2 2 2 2 2 2 2
left_child=9 8 3 5 -5 -3 -4 -8 -2 -1
right_child=1 2 6 4 -6 -7 7 -9 -10 -11
leaf_value=0.00052668546925434062 -0.0030205468539454376 0.0049828316348506816 -0.011410843878984452 0.027017758786678316 0.0055206753220409157 -0.013004087284207344 0.017801749256129065 -0.00060776849994134089 -0.0188177656265907 0.0092983696406008683
leaf_weight=124 67 19.000000000000004 9.9999999999999982 5.9999999999999991 9.9999999999999982 6.9999999999999991 5.9999999999999991 216 4.9999999999999991 15.999999999999998
leaf_count=124 67 19 10 6 10 7 6 216 5 16
internal_value=0 -0.000618737 0.000300666 0.00526092 0.0135821 0.0001402 -0.00059731 -0.000110214 -0.00411758 0.00152916
internal_weight=0 346 274 42 16 26 232 222 72 140
internal_count=486 346 274 42 16 26 232 222 72 140
is_linear=0
shrinkage=0.1


Tree=92
num_leaves=11
num_cat=0
split_feature=19 29 68 69 9 89 54 44 64 48
split_gain=0.0451848 0.250699 0.261852 0.200657 0.185483 0.218788 0.149167 0.197087 0.164498 0.10409
threshold=6.4295893882764688 6.4052270920020655 2.3937458713910238 6.8051648535121192 6.4295893882764688 5.2670071855572038 1.2424533248940004 1.2424533248940004 3.3140206880897671 2.3937458713910238
decision_type=2 2 2 2 2 2 2 2 2 2
left_child=1 2 6 -4 -2 -6 7 -1 -8 -7
right_child=4 -3 3 -5 5 9 8 -9 -10 -11
leaf_value=0.0040622578468173737 -0.01267821559061607 0.014326524521623338 -0.021424655450714959 0.0011498022292341507 0.015354775016506514 -0.007634684708165496 -0.0077841977927806394 0.025886425077915193 0.012849739491939544 -4.2841341848842397e-05
leaf_weight=24.000000000000004 11.999999999999998 13.999999999999998 8.9999999999999982 6.9999999999999991 8.9999999999999982 19 17.000000000000004 4.9999999999999991 4.9999999999999991 365
leaf_count=24 12 14 9 7 9 19 17 5 5 365
internal_value=0 0.00215607 -0.000387009 -0.0115483 -0.000431214 -5.72599e-05 0.00311458 0.00782505 -0.00309467 -0.000418479
internal_weight=0 81 67 16 405 393 51 29 22 384
internal_count=486 81 67 16 405 393 51 29 22 384
is_linear=0
shrinkage=0.1


Tree=93
num_leaves=9
num_cat=0
split_feature=36 70 57 44 41 64 25 52
split_gain=0.0417648 0.0615165 0.104361 0.0965736 0.0951211 0.0848941 0.0668047 0.0391622
threshold=5.9413402452221584 5.7868785620882379 5.525445002686836 5.7300786997157873 5.9776119115618718 5.6594761454779006 6.8330294103967413 7.6389100713527611
decision_type=2 2 2 2 2 2 2 2
left_child=1 2 3 5 -5 -1 -3 -4
right_child=-2 6 7 4 -6 -7 -8 -9
leaf_value=0.00014981979851537959 -0.009092322699725628 0.016023606657981877 -0.015856085419654848 0.018992141336202611 0.002923979794806136 -0.0070581069873536344 0.00037271045148372649 -0.00457437438890338
leaf_weight=421 4.9999999999999991 4.9999999999999982 4.9999999999999991 5.0000000000000027 13.999999999999998 17 6 7.9999999999999991
leaf_count=421 5 5 5 5 14 17 6 8
internal_value=0 9.45148e-05 -7.84951e-05 0.000172829 0.00715244 -0.00012994 0.00748675 -0.00891349
internal_weight=0 481 470 457 19 438 11 13
internal_count=486 481 470 457 19 438 11 13
is_linear=0
shrinkage=0.1


Tree=94
num_leaves=11
num_cat=0
split_feature=86 83 63 46 7 38 83 82 54 87
split_gain=0.0394328 0.0964009 0.156244 0.213908 0.123197 0.126804 0.114177 0.110964 0.0919132 0.0847078
threshold=4.4885732424042368 4.3107766033702406 5.0172579074712669 3.4811217321331038 4.9628201785886317 3.1132683346437333 4.0773937863842606 6.5027799309307239 5.2626767655455557 4.2625806805327082
decision_type=2 2 2 2 2 2 2 2 2 2
left_child=1 6 4 -4 5 -3 9 -6 -5 -1
right_child=-2 2 3 8 7 -7 -8 -9 -10 -11
leaf_value=0.00038235796024955267 0.0023340519709837814 -0.014950283989310257 0.017093265508966789 -0.014624702371656896 -0.0011229991602400933 0.001836186101556652 0.0096091672813949681 -0.017069549567531796 5.5916183467569023e-05 -0.0078573221054214701
leaf_weight=310 63 6.0000000000000027 6.9999999999999991 4.9999999999999991 6.0000000000000027 18 12.999999999999998 15.999999999999998 29 12.999999999999998
leaf_count=310 63 6 7 5 6 18 13 16 29 13
internal_value=0 -0.000347625 -0.00331437 0.00117441 -0.00731524 -0.00236043 0.00042055 -0.0127205 -0.002103 5.073e-05
internal_weight=0 423 87 41 46 24 336 22 34 323
internal_count=486 423 87 41 46 24 336 22 34 323
is_linear=0
shrinkage=0.1


Tree=95
num_leaves=11
num_cat=0
split_feature=35 53 82 8 11 28 49 94 92 52
split_gain=0.0380979 0.150928 0.189641 0.210301 0.139494 0.207571 0.169567 0.149497 0.132231 0.108287
threshold=4.5107991236896536 1.4978661367769959 3.2180751841847144 3.891612008168019 3.6632328069201612 2.5619819897016298 4.8597823571876004 3.9701138825728512 3.9505035259962109 4.234001473612734
decision_type=2 2 2 2 2 2 2 2 2 2
left_child=1 4 3 -3 6 -6 7 -1 -7 -8
right_child=-2 2 -4 -5 5 8 9 -9 -10 -11
leaf_value=0.022943045780994001 0.0006494017139215707 -0.025878680357709533 -0.0022934537116145971 0.00026475343853235242 -0.015698565728962423 0.012907750678381749 -0.0033820242216081723 0.0020616235521932441 -0.0023092487542007512 0.006550067540125124
leaf_weight=7.9999999999999982 316 7.9999999999999982 51 5 9.9999999999999982 6.9999999999999991 23 6 31 21
leaf_count=8 316 8 51 5 10 7 23 6 31 21
internal_value=0 -0.00120712 -0.00504175 -0.0158235 0.00110812 -0.00287954 0.00440826 0.0139939 0.000493883 0.00135829
internal_weight=0 170 64 13 106 48 58 14 38 44
internal_count=486 170 64 13 106 48 58 14 38 44
is_linear=0
shrinkage=0.1


Tree=96
num_leaves=11
num_cat=0
split_feature=16 17 19 34 68 40 3 11 93 89
split_gain=0.0405345 0.189433 0.157474 0.150704 0.193798 0.14979 0.127324 0.124064 0.119294 0.0998347
threshold=1.4978661367769956 0.8958797346140277 8.4930825404151395 3.8064155152036787 1.0397207708399181 3.4960482137079443 3.0433873634561537 3.9607678160667752 2.6735537653587347 8.8031228163806094
decision_type=2 2 2 2 2 2 2 2 2 2
left_child=2 7 3 5 -5 9 -6 8 -2 -1
right_child=1 -3 -4 4 6 -7 -8 -9 -10 -11
leaf_value=-0.0015837522778967652 0.00081265765475109172 6.513436423827587e-05 -0.01621688220649958 0.025838686227798464 0.00030892916644612944 0.01263590231537819 0.014525151475229198 -0.019202876836061478 -0.01736295245587826 0.0093746509402990348
leaf_weight=109 13.000000000000005 293 4.9999999999999991 4.9999999999999991 21.000000000000004 8.9999999999999982 8.9999999999999982 7.9999999999999991 4.9999999999999991 8.9999999999999982
leaf_count=109 13 293 5 5 21 9 9 8 5 9
internal_value=0 -0.00066078 0.00126221 0.00180169 0.00761164 0.00020052 0.0045738 -0.00884128 -0.00423612 -0.000747942
internal_weight=0 319 167 162 35 127 30 26 18 118
internal_count=486 319 167 162 35 127 30 26 18 118
is_linear=0
shrinkage=0.1


Tree=97
num_leaves=11
num_cat=0
split_feature=37 78 30 60 74 18 71 48 61 25
split_gain=0.03747 0.158281 0.106737 0.172521 0.166372 0.147624 0.112735 0.183563 0.145379 0.0974304
threshold=1.4978661367769956 2.7058230259275202 2.8617925509761908 2.9700856263602158 4.1891953942678901 2.191013317336941 3.7609296261008152 2.3937458713910238 3.9607678160667752 4.5107991236896536
decision_type=2 2 2 2 2 2 2 2 2 2
left_child=2 -2 3 6 -5 -4 8 -8 -1 -7
right_child=1 -3 5 4 -6 9 7 -9 -10 -11
leaf_value=0.0015541036011200049 -0.0085972630034160356 -3.377207924710689e-07 -0.015209100721403957 0.016800194680690762 -0.0018703364634088109 0.0062870839344603682 -0.016222736363609627 0.0034628190018702303 0.019259302467107775 -0.0045898774685338142
leaf_weight=64 23 311 7.9999999999999991 15.000000000000002 6.9999999999999991 13.999999999999998 9.0000000000000018 9.9999999999999982 4.9999999999999991 20
leaf_count=64 23 311 8 15 7 14 9 10 5 20
internal_value=0 -0.000592342 0.00130159 0.00293903 0.0108596 -0.00298693 0.000958894 -0.00586192 0.00283709 -0.000111129
internal_weight=0 334 152 110 22 42 88 19 69 34
internal_count=486 334 152 110 22 42 88 19 69 34
is_linear=0
shrinkage=0.1


Tree=98
num_leaves=11
num_cat=0
split_feature=67 76 79 14 23 94 40 55 40 62
split_gain=0.0367682 0.0628455 0.0946657 0.170995 0.0670222 0.082017 0.05056 0.230647 0.11487 0.035616
threshold=5.8636150338086175 4.6539149966267201 9.7926089711386037 5.5872416446462791 5.8998635749973518 4.7621374077860157 4.3693677306817369 5.2417330174952186 4.317399216745252 7.5299397690812873
decision_type=2 2 2 2 2 2 2 2 2 2
left_child=1 2 6 -4 5 9 8 -8 -1 -3
right_child=-2 4 3 -5 -6 -7 7 -9 -10 -11
leaf_value=-0.00024815226393415786 -0.0077797036928435167 0.00039030374301707039 -0.017914311541244392 0.0044180563340584433 -0.0037823641465769874 0.013494725413620474 0.013951280300638505 -0.0004522102091599394 -0.015512624233961107 0.0099914760142564771
leaf_weight=352 5.9999999999999991 17.000000000000004 7.9999999999999982 6 8.9999999999999982 9.9999999999999982 13.999999999999998 54 4.9999999999999991 4.9999999999999991
leaf_count=352 6 17 8 6 9 10 14 54 5 5
internal_value=0 9.72463e-05 -0.000252438 -0.0083433 0.00384143 0.00598562 1.40844e-05 0.00251321 -0.00046194 0.00257239
internal_weight=0 480 439 14 41 32 425 68 357 22
internal_count=486 480 439 14 41 32 425 68 357 22
is_linear=0
shrinkage=0.1


Tree=99
num_leaves=11
num_cat=0
split_feature=61 68 62 70 28 23 98 33 23 21
split_gain=0.0361101 0.164767 0.103365 0.146749 0.0991481 0.165191 0.122811 0.148985 0.0858328 0.0788938
threshold=4.2903656061101136 3.7132745361986528 5.1647696471263407 4.0428973506407848 3.8176519431297078 4.4187680230537838 2.7058230259275202 4.4425820475484112 5.934880198055164 5.4889035743175976
decision_type=2 2 2 2 2 2 2 2 2 2
left_child=8 2 -2 -4 5 -3 -6 -8 9 -1
right_child=1 4 3 -5 6 -7 7 -9 -10 -11
leaf_value=0.0007910173597979321 0.0005824189710741238 0.0005601846996475668 -0.026551298672954245 -0.0044342597636083756 0.0092318310317668056 0.018812794876950131 -0.0058983092365617103 0.00054782844098845451 0.01258439359565576 -0.0092906520818360153
leaf_weight=261 6.0000000000000027 17.000000000000004 5.9999999999999982 6 10.999999999999998 6.9999999999999991 55 103 5.9999999999999991 7.9999999999999991
leaf_count=261 6 17 6 6 11 7 55 103 6 8
internal_value=0 -0.00098406 -0.0101344 -0.0154928 -0.000130662 0.00588386 -0.000984796 -0.00169608 0.000755042 0.000491191
internal_weight=0 211 18 12 193 24 169 158 275 269
internal_count=486 211 18 12 193 24 169 158 275 269
is_linear=0
shrinkage=0.1


Tree=100
num_leaves=11
num_cat=0
split_feature=93 97 81 89 89 91 71 48 84 20
split_gain=0.0369911 0.0808632 0.163676 0.0996916 0.0880068 0.0769467 0.143082 0.0992142 0.0739262 0.0722212
threshold=5.9964025824430864 4.7360445312007302 4.1107394736335969 9.0821589971566841 9.4530374150950944 4.4425820475484112 2.3502401828962087 4.0773937863842606 5.8662714032539407 3.2951505240983434
decision_type=2 2 2 2 2 2 2 2 2 2
left_child=1 3 -3 5 -4 7 -7 -1 -6 -5
right_child=-2 2 4 9 8 6 -8 -9 -10 -11
leaf_value=-0.00060990907800025334 0.0035971191177075661 -0.01229568375274539 -0.0082310838624835014 0.01619190476834774 -0.00035859456894776 0.0078625898063182844 -0.0050574953204098466 0.0036404166902365117 0.011219052810754096 0.0033871576630485224
leaf_weight=213 27 15.999999999999998 10.999999999999998 4.9999999999999991 26 9.9999999999999982 60 74 6.9999999999999991 37
leaf_count=213 27 16 11 5 26 10 60 74 7 37
internal_value=0 -0.000211595 -0.00363438 0.00030311 -0.000484818 -0.000239058 -0.00321177 0.000485994 0.00209727 0.00491153
internal_weight=0 459 60 399 44 357 70 287 33 42
internal_count=486 459 60 399 44 357 70 287 33 42
is_linear=0
shrinkage=0.1


Tree=101
num_leaves=11
num_cat=0
split_feature=16 17 28 76 59 2 72 41 5 39
split_gain=0.0329132 0.152508 0.11596 0.146095 0.148309 0.133173 0.112594 0.14634 0.101536 0.0776904
threshold=1.4978661367769956 0.8958797346140277 4.5107991236896536 2.1383330595080281 2.4563274428680266 2.1383330595080281 6.5944050384056014 1.8688348091416842 2.249904835165133 6.380116791391317
decision_type=2 2 2 2 2 2 2 2 2 2
left_child=2 8 3 4 -1 -6 7 -5 -2 -3
right_child=1 9 -4 6 5 -7 -8 -9 -10 -11
leaf_value=0.011309668698813766 -0.0037693353712610479 0.010464301718665022 -0.012512613111175597 -0.0020305411212823607 -0.0056098442664899101 0.0016591548901919466 -0.0079352390393614778 0.011339868410141209 -0.017309235471475403 -0.00019884554422387228
leaf_weight=9.9999999999999982 18.000000000000004 6.9999999999999991 5.9999999999999991 10.999999999999998 44 59 4.9999999999999991 32 7.9999999999999991 286
leaf_count=10 18 7 6 11 44 59 5 32 8 286
internal_value=0 -0.000595428 0.00113738 0.00164607 -0.000317224 -0.00144605 0.00626799 0.00791953 -0.00793546 5.59054e-05
internal_weight=0 319 167 161 113 103 48 43 26 293
internal_count=486 319 167 161 113 103 48 43 26 293
is_linear=0
shrinkage=0.1


Tree=102
num_leaves=9
num_cat=0
split_feature=43 70 57 60 84 50 13 52
split_gain=0.0310338 0.0675079 0.050189 0.0623023 0.142847 0.0858704 0.0485198 0.0451124
threshold=6.2971076241477952 5.7868785620882379 5.525445002686836 4.770540966944206 5.7960531314223358 4.8903208612686422 5.8819043445924564 7.6389100713527611
decision_type=2 2 2 2 2 2 2 2
left_child=1 2 3 4 -1 -5 -2 -4
right_child=6 -3 7 5 -6 -7 -8 -9
leaf_value=3.1997824062093044e-05 -0.011443412862718105 0.0092503835738170902 -0.013738835677504542 0.011915190238505603 -0.013462264020927251 0.00125824433465999 0.00016594612776922685 -0.0003056829422712326
leaf_weight=404 5.9999999999999991 7.9999999999999991 4.9999999999999982 9.9999999999999982 7.9999999999999991 31 8.9999999999999982 5
leaf_count=404 6 8 5 10 8 31 9 5
internal_value=0 0.000142605 -1.47648e-05 0.000139926 -0.000230027 0.0038575 -0.0044778 -0.00702226
internal_weight=0 471 463 453 412 41 15 10
internal_count=486 471 463 453 412 41 15 10
is_linear=0
shrinkage=0.1


Tree=103
num_leaves=11
num_cat=0
split_feature=10 62 93 4 29 5 59 80 35 28
split_gain=0.0301259 0.175442 0.122172 0.165453 0.117281 0.109065 0.102907 0.0732412 0.134721 0.137612
threshold=1.0397207708399181 6.1420165934996938 2.6735537653587347 1.5890269151739729 2.4563274428680266 2.7058230259275202 2.4563274428680266 1.9356005054539456 4.7273486598447958 1.9356005054539456
decision_type=2 2 2 2 2 2 2 2 2 2
left_child=1 2 3 6 -2 -5 -1 -6 -9 -10
right_child=4 -3 -4 5 7 -7 -8 8 9 -11
leaf_value=0.008421955733663505 -0.015515520274639131 0.020045050606131556 -0.01185827021087919 0.0032581034209579239 0.0039066372547162378 0.024144983738660808 -0.0039252962209974174 -0.0037599610478002768 0.012723209667536949 0.00015784566589307201
leaf_weight=8.9999999999999982 4.9999999999999991 4.9999999999999991 6.9999999999999991 4.9999999999999982 41 5 27 97 8.9999999999999982 276
leaf_count=9 5 5 7 5 41 5 27 97 9 276
internal_value=0 0.00213875 0.000449474 0.00232239 -0.00028983 0.0137015 -0.000838483 -0.000109858 -0.000540947 0.000554647
internal_weight=0 58 53 46 428 10 36 423 382 285
internal_count=486 58 53 46 428 10 36 423 382 285
is_linear=0
shrinkage=0.1


Tree=104
num_leaves=11
num_cat=0
split_feature=93 97 81 96 66 89 41 21 54 17
split_gain=0.0306692 0.0637461 0.133312 0.0913048 0.0958954 0.0741835 0.0624422 0.0679561 0.0595234 0.0723129
threshold=5.9964025824430864 4.7360445312007302 4.1107394736335969 4.5746578350692051 1.2424533248940004 9.2822015558701114 5.2522597220941352 5.3469260919057175 5.9814014572911871 4.516324041782946
decision_type=2 2 2 2 2 2 2 2 2 2
left_child=1 3 -3 8 -5 -4 7 -2 9 -1
right_child=6 2 5 4 -6 -7 -8 -9 -10 -11
leaf_value=-0.00039747734181986173 0.0036681576476742805 -0.011048392695374788 -0.011856886148452759 -0.0038173792511224749 0.01288496740585701 0.0010809842879191424 0.0095455486240098256 -0.010207805186510086 -0.0099267382485171158 0.0038742473276538979
leaf_weight=332 12.000000000000005 15.999999999999998 4.9999999999999991 4.9999999999999991 10.999999999999998 39 9.9999999999999982 4.9999999999999991 5.9999999999999991 45
leaf_count=332 12 16 5 5 11 39 10 5 6 45
internal_value=0 -0.000192667 -0.00323167 0.000264326 0.00766548 -0.000389228 0.00327535 -0.000413008 -4.4861e-05 0.00011241
internal_weight=0 459 60 399 16 44 27 17 383 377
internal_count=486 459 60 399 16 44 27 17 383 377
is_linear=0
shrinkage=0.1


Tree=105
num_leaves=11
num_cat=0
split_feature=34 15 70 55 7 52 53 53 75 63
split_gain=0.0301897 0.211374 0.116815 0.130013 0.104282 0.101486 0.0692565 0.0892356 0.0885784 0.0622752
threshold=5.4847883247493394 5.0562255201382529 4.5950688323293329 5.272986409146923 6.5610216630967022 7.1049533148507669 4.1742689126930488 3.7132745361986528 5.8550678171289681 6.1569700081995915
decision_type=2 2 2 2 2 2 2 2 2 2
left_child=2 -2 5 -4 9 6 7 -1 -8 -3
right_child=1 4 3 -5 -6 -7 8 -9 -10 -11
leaf_value=-8.6716808395912789e-06 -0.017215055879205465 0.00049223787389061555 0.0206395922601223 0.0033357172555318389 0.013891875594854356 -0.014357135966420173 -0.006205023142198722 0.0055616282799746848 0.0022344870982985749 -0.0075790689598458517
leaf_weight=284 7.9999999999999991 47 4.9999999999999991 33 4.9999999999999991 4.9999999999999991 36 32 19 11.999999999999998
leaf_count=284 8 47 5 33 5 5 36 32 19 12
internal_value=0 -0.00188993 0.000328683 0.00561254 2.57145e-05 -0.000205324 -1.4599e-05 0.000555409 -0.00328956 -0.00114938
internal_weight=0 72 414 38 64 376 371 316 55 59
internal_count=486 72 414 38 64 376 371 316 55 59
is_linear=0
shrinkage=0.1


Tree=106
num_leaves=11
num_cat=0
split_feature=55 57 39 83 23 44 21 42 60 95
split_gain=0.0293666 0.206034 0.129175 0.120612 0.110323 0.0949724 0.071994 0.0578565 0.0975517 0.123775
threshold=5.1984817689835037 4.4187680230537838 8.9661930242131387 4.4885732424042368 0.89587973461402759 5.2626767655455557 3.9607678160667752 5.3844529770182641 3.8815106545092593 4.2625806805327082
decision_type=2 2 2 2 2 2 2 2 2 2
left_child=1 3 -3 5 -2 6 -1 -6 -9 -10
right_child=4 2 -4 -5 7 -7 -8 8 9 -11
leaf_value=0.001489816771857707 -0.015584946256130933 0.0021444437094032764 0.020745658734813335 -0.0078845351934432994 -0.0038925591242931243 0.014234896600246431 -0.0021935218180983494 0.0052538556541549047 -0.010169513079409416 0.00013412248056826999
leaf_weight=166 4.9999999999999991 6.9999999999999991 7.9999999999999991 18 41 4.9999999999999991 78 32 12.999999999999998 113
leaf_count=166 5 7 8 18 41 5 78 32 13 113
internal_value=0 0.000661149 0.0120651 2.04784e-05 -0.000913942 0.000591925 0.000312356 -0.000545323 0.000323263 -0.000928951
internal_weight=0 282 15 267 204 249 244 199 158 126
internal_count=486 282 15 267 204 249 244 199 158 126
is_linear=0
shrinkage=0.1


Tree=107
num_leaves=11
num_cat=0
split_feature=21 1 40 48 32 36 96 63 24 48
split_gain=0.0295059 0.191767 0.10209 0.0721567 0.0588041 0.0533732 0.110868 0.0570393 0.0508136 0.103524
threshold=5.4595764601916565 5.0688844241303981 4.3943729409690677 4.6539149966267201 6.8522224550277082 4.3943729409690677 3.7609296261008152 6.2971076241477952 4.8361559147623279 4.1107394736335969
decision_type=2 2 2 2 2 2 2 2 2 2
left_child=2 -2 8 -4 -5 6 -3 -7 -1 -10
right_child=1 5 3 4 -6 7 -8 -9 9 -11
leaf_value=0.00039761675225060073 -0.020618994552642107 0.0034302303683944042 0.01703110873699187 -0.0015552790496837004 0.0083791189146443061 0.0024936449793079556 -0.0089787521192597024 -0.0051414631617565957 -0.012774598805440796 -0.0008468866495317534
leaf_weight=310 4.9999999999999991 12.000000000000002 5.0000000000000027 11.000000000000002 12.999999999999998 53 18 11.999999999999998 8.9999999999999982 38
leaf_count=310 5 12 5 11 13 53 18 12 9 38
internal_value=0 -0.00153084 0.000396591 0.00610262 0.00382585 -0.000526202 -0.00401516 0.00108409 -6.69241e-05 -0.00313092
internal_weight=0 100 386 29 24 95 30 65 357 47
internal_count=486 100 386 29 24 95 30 65 357 47
is_linear=0
shrinkage=0.1


Tree=108
num_leaves=7
num_cat=0
split_feature=94 95 38 95 20 80
split_gain=0.0270636 0.0490883 0.0395289 0.0443342 0.0758807 0.0744938
threshold=6.5309243747691701 7.1447997903071299 6.3034032896312189 6.0613889946661823 4.770540966944206 3.1345481418531311
decision_type=2 2 2 2 2 2
left_child=1 2 3 4 -1 -5
right_child=-2 -3 -4 5 -6 -7
leaf_value=-0.00013666396578648893 -0.006674512755125761 0.0078511673258617517 0.0087959989905357361 0.0019593185193284793 0.0048091799739803029 -0.0045149410061780006
leaf_weight=354 5.9999999999999991 7.9999999999999991 4.9999999999999991 27 34 52
leaf_count=354 6 8 5 27 34 52
internal_value=0 8.34314e-05 -4.82251e-05 -0.000142917 0.000296735 -0.00230222
internal_weight=0 480 472 467 388 79
internal_count=486 480 472 467 388 79
is_linear=0
shrinkage=0.1


Tree=109
num_leaves=11
num_cat=0
split_feature=71 41 29 19 90 2 94 9 89 94
split_gain=0.0255616 0.0716973 0.0635266 0.158316 0.131835 0.113784 0.153856 0.0894098 0.113237 0.112611
threshold=1.0397207708399181 3.4334666422309414 6.311733162251806 6.4052270920020655 3.1345481418531311 2.249904835165133 3.9701138825728512 6.4295893882764688 5.2670071855572038 2.7058230259275202
decision_type=2 2 2 2 2 2 2 2 2 2
left_child=1 -1 4 -4 5 6 -2 9 -9 -5
right_child=2 -3 3 7 -6 -7 -8 8 -10 -11
leaf_value=0.00047205235902220014 -0.030028143823146825 0.01016757670376036 0.010185098052024841 0.0026774972304701812 0.0005845800366090692 0.00085141820833086975 -0.0052204225584864608 0.01175428377755452 -0.00027674088931358342 -0.016971768013068607
leaf_weight=50 4.9999999999999982 8.9999999999999982 14.999999999999998 4.9999999999999982 23 4.9999999999999991 5 7.9999999999999991 354 7
leaf_count=50 5 9 15 5 23 5 5 8 354 7
internal_value=0 0.00195103 -0.00026958 0.000111644 -0.00417212 -0.0114657 -0.0176243 -0.000292371 -1.08619e-05 -0.00878457
internal_weight=0 59 427 389 38 15 10 374 362 12
internal_count=486 59 427 389 38 15 10 374 362 12
is_linear=0
shrinkage=0.1


Tree=110
num_leaves=7
num_cat=0
split_feature=26 24 95 95 38 5
split_gain=0.0236626 0.0335541 0.0325785 0.0443924 0.0799445 0.0725118
threshold=5.9413402452221584 6.6355296032743123 7.1447997903071299 5.9939334416227945 4.8441560854355483 3.8499212036984933
decision_type=2 2 2 2 2 2
left_child=1 2 3 4 -1 -5
right_child=-2 -3 -4 5 -6 -7
leaf_value=-0.00027445309483201851 -0.006241050447958211 0.0069508085492998367 0.005935288448300627 0.0027378916401754726 0.0038489898365117953 -0.0039306699387019594
leaf_weight=324 5.9999999999999991 6.9999999999999991 8.9999999999999982 22 55 63
leaf_count=324 6 7 9 22 55 63
internal_value=0 7.80131e-05 -2.36984e-05 -0.000139282 0.000323936 -0.00220469
internal_weight=0 480 473 464 379 85
internal_count=486 480 473 464 379 85
is_linear=0
shrinkage=0.1


Tree=111
num_leaves=11
num_cat=0
split_feature=16 17 17 41 41 22 93 4 11 93
split_gain=0.0248334 0.114398 0.0901794 0.132162 0.156421 0.134805 0.115959 0.101798 0.0842442 0.088055
threshold=1.4978661367769956 0.8958797346140277 3.4175922930736511 3.3497501700808394 3.9607678160667752 4.4066448812345191 3.9701138825728512 3.0433873634561537 3.9607678160667752 2.6735537653587347
decision_type=2 2 2 2 2 2 2 2 2 2
left_child=2 8 3 -1 7 -6 -4 -5 9 -2
right_child=1 -3 6 4 5 -7 -8 -9 -10 -11
leaf_value=4.538093101354721e-05 0.0012581445917021477 4.6908646923690119e-05 -0.015808782247560365 0.024085476355893275 -0.0073791318676537905 0.0079191348340827972 0.0018152123782783748 0.0054033968597650521 -0.015412692120298744 -0.014357381761074067
leaf_weight=115 13.000000000000005 293 6.9999999999999991 6.9999999999999982 9.0000000000000018 15.999999999999998 7.9999999999999991 5 7.9999999999999991 4.9999999999999991
leaf_count=115 13 293 7 7 9 16 8 5 8 5
internal_value=0 -0.000517205 0.000987954 0.00171795 0.00691647 0.00241176 -0.00640932 0.0163013 -0.00687433 -0.0030795
internal_weight=0 319 167 152 37 25 15 12 26 18
internal_count=486 319 167 152 37 25 15 12 26 18
is_linear=0
shrinkage=0.1


Tree=112
num_leaves=11
num_cat=0
split_feature=76 70 95 47 76 46 63 55 83 77
split_gain=0.0248079 0.122206 0.194404 0.125211 0.0935383 0.0991374 0.085747 0.128109 0.0875966 0.0806554
threshold=2.5619819897016298 3.1984648276080736 4.007167868649713 2.4414009612931857 2.0126758453675748 1.2424533248940004 2.740319461670996 4.6442059536981697 4.2625806805327082 2.7058230259275202
decision_type=2 2 2 2 2 2 2 2 2 2
left_child=4 2 -2 -4 9 -6 8 -8 -3 -1
right_child=1 6 3 -5 5 -7 7 -9 -10 -11
leaf_value=-0.0013718150015479087 0.0035849050929148995 -0.0022397594774762786 -0.02126240119751956 -0.0053579709513790234 0.013369469270110131 0.0023391219205223025 0.011297946647656236 0.00017401482169093058 -0.017523440103977921 0.0036715408129384744
leaf_weight=153 11.999999999999998 15.000000000000002 9.0000000000000018 10.999999999999998 9.9999999999999982 44 10.999999999999998 176 4.9999999999999991 40
leaf_count=153 12 15 9 11 10 44 11 176 5 40
internal_value=0 -0.000726318 -0.00647751 -0.012515 0.000702793 0.00438178 0.000162756 0.000828364 -0.00606068 -0.00032656
internal_weight=0 239 32 20 247 54 207 187 20 193
internal_count=486 239 32 20 247 54 207 187 20 193
is_linear=0
shrinkage=0.1


Tree=113
num_leaves=11
num_cat=0
split_feature=37 78 30 60 64 18 94 85 54 25
split_gain=0.0261512 0.106879 0.0797328 0.108727 0.107453 0.103369 0.0756181 0.0904874 0.0821455 0.0702152
threshold=1.4978661367769956 2.7058230259275202 2.8617925509761908 2.9700856263602158 2.3937458713910238 2.191013317336941 3.3667009459186801 3.7609296261008152 4.3107766033702406 4.5107991236896536
decision_type=2 2 2 2 2 2 2 2 2 2
left_child=2 -2 3 6 -5 -4 7 -1 -8 -7
right_child=1 -3 5 4 -6 9 8 -9 -10 -11
leaf_value=-0.0071338089624125708 -0.0070727747804282806 -8.3833936619844859e-06 -0.012846554652787745 0.014605418821940051 0.00039103026501834397 0.0052188755179356254 0.0024010394855091973 0.0018072129740695738 0.016079828441143036 -0.0040148317068815238
leaf_weight=19 23 311 7.9999999999999991 13.000000000000002 8.9999999999999982 13.999999999999998 36 28 4.9999999999999991 20
leaf_count=19 23 311 8 13 9 14 36 28 5 20
internal_value=0 -0.000494853 0.00108738 0.0025026 0.00879044 -0.00261916 0.000930638 -0.00180724 0.00406918 -0.000212717
internal_weight=0 334 152 110 22 42 88 47 41 34
internal_count=486 334 152 110 22 42 88 47 41 34
is_linear=0
shrinkage=0.1


Tree=114
num_leaves=11
num_cat=0
split_feature=71 84 72 78 3 17 1 72 29 30
split_gain=0.0246327 0.0564732 0.0655769 0.060209 0.0493407 0.0859163 0.0782774 0.0734189 0.0719702 0.0913157
threshold=1.0397207708399181 4.317399216745252 4.2625806805327082 3.2951505240983434 2.602003343538398 3.4175922930736511 3.0433873634561537 4.007167868649713 6.1333392218200169 2.3502401828962087
decision_type=2 2 2 2 2 2 2 2 2 2
left_child=1 2 -1 -3 5 6 -2 -6 -9 -10
right_child=4 3 -4 -5 7 -7 -8 8 9 -11
leaf_value=0.0015699930602244825 -0.002301639838753125 -0.010205125595842092 0.010723826810717582 0.0034462909835080305 0.0076560824249799434 -0.013915449151924501 0.010605349503457547 -0.0088255364447832104 0.0096468458557501455 -6.3966457873546319e-05
leaf_weight=36 78 6.9999999999999982 9.9999999999999982 6 12.999999999999998 5.9999999999999991 4.9999999999999991 8.9999999999999982 9.9999999999999982 306
leaf_count=36 78 7 10 6 13 6 5 9 10 306
internal_value=0 0.00191525 0.00355996 -0.00390447 -0.000264637 -0.00235948 -0.00152411 0.000286964 -7.80032e-06 0.000243338
internal_weight=0 59 46 13 427 89 83 338 325 316
internal_count=486 59 46 13 427 89 83 338 325 316
is_linear=0
shrinkage=0.1


Tree=115
num_leaves=11
num_cat=0
split_feature=24 45 15 1 4 53 56 50 46 1
split_gain=0.0229622 0.12296 0.0842921 0.115901 0.106279 0.0842581 0.07085 0.0585265 0.0931105 0.0718464
threshold=4.8361559147623279 3.6361991962850237 3.3218948665738366 5.0688844241303981 5.4337124689388192 3.2769667020129059 2.5619819897016298 3.9701138825728512 4.234001473612734 4.9199542854466296
decision_type=2 2 2 2 2 2 2 2 2 2
left_child=7 6 5 4 -4 -3 -2 8 -1 -9
right_child=1 2 3 -5 -6 -7 -8 9 -10 -11
leaf_value=0.00021488201895376085 -0.004466855025384576 -0.0011644809002367162 -0.0037479117949260395 0.00036521803111711566 -0.020450664460659029 0.01498478973683502 -0.019641256928443908 0.0089880166684879973 -0.013552700318396092 0.00049104253606249888
leaf_weight=280 7.9999999999999982 5.9999999999999982 16.000000000000004 113 4.9999999999999991 7 5 17 4.9999999999999991 24
leaf_count=280 8 6 16 113 5 7 5 17 5 24
internal_value=0 -0.000981155 -0.000156759 -0.000902614 -0.00772476 0.00753128 -0.0103032 0.000481548 -2.66545e-05 0.00401418
internal_weight=0 160 147 134 21 13 13 326 285 41
internal_count=486 160 147 134 21 13 13 326 285 41
is_linear=0
shrinkage=0.1


Tree=116
num_leaves=11
num_cat=0
split_feature=21 1 40 48 18 36 65 14 57 29
split_gain=0.0211611 0.133649 0.0679669 0.0544175 0.0431792 0.0599599 0.0681718 0.0552424 0.0435177 0.0391276
threshold=5.4595764601916565 5.0688844241303981 4.3943729409690677 4.6539149966267201 4.7621374077860157 4.3943729409690677 5.003923783930186 5.5872416446462791 4.3693677306817369 9.1372059205768323
decision_type=2 2 2 2 2 2 2 2 2 2
left_child=2 -2 -1 -4 8 6 -6 -7 -3 -5
right_child=1 4 3 9 5 7 -8 -9 -10 -11
leaf_value=-4.2339434188690185e-05 -0.017231694832444192 -0.0042020423337817163 0.014482156001031388 -0.0032779112857367295 0.0041228607948869435 -0.0047360524302348496 -0.0092543924991332471 0.002241858331194052 0.0066662390649850885 0.0056053793934338243
leaf_weight=357 4.9999999999999991 5.0000000000000027 5.0000000000000027 7.0000000000000027 5.0000000000000027 15.999999999999998 15.999999999999998 39 13.999999999999998 17
leaf_count=357 5 5 5 7 5 16 16 39 14 17
internal_value=0 -0.00129642 0.000335859 0.00499162 -0.000457718 -0.00152369 -0.00606933 0.000211921 0.00380617 0.00301442
internal_weight=0 100 386 29 95 76 21 55 19 24
internal_count=486 100 386 29 95 76 21 55 19 24
is_linear=0
shrinkage=0.1


Tree=117
num_leaves=11
num_cat=0
split_feature=93 4 41 34 84 66 6 3 75 16
split_gain=0.0200928 0.0493406 0.0317987 0.103298 0.113528 0.100314 0.0762113 0.0832454 0.0574867 0.0549821
threshold=6.0867179055019394 4.6913057964583187 4.7621374077860157 5.1179758838799021 5.2626767655455557 4.1742689126930488 5.1416464569318583 5.1984817689835037 5.6834872047429625 3.5549397315361362
decision_type=2 2 2 2 2 2 2 2 2 2
left_child=2 -2 3 9 -5 8 -7 -8 -4 -1
right_child=1 -3 5 4 -6 6 7 -9 -10 -11
leaf_value=-0.0003749925851381783 -0.0021080560728230255 0.0069919136137916492 -0.0024705378818907775 0.019171486391375461 0.0014132009508709114 0.012857749834656715 -0.012361031956970692 0.00097088897679429003 -0.0091789043146289061 0.0047125445263784226
leaf_weight=278 11.000000000000002 12.999999999999998 44 5.9999999999999991 8.9999999999999982 4.9999999999999991 4.9999999999999991 74 18 23
leaf_count=278 11 13 44 6 9 5 5 74 18 23
internal_value=0 0.00282109 -0.00014655 0.000417368 0.00851652 -0.00136709 0.000884873 0.000127097 -0.00441813 1.37561e-05
internal_weight=0 24 462 316 15 146 84 79 62 301
internal_count=486 24 462 316 15 146 84 79 62 301
is_linear=0
shrinkage=0.1


Tree=118
num_leaves=11
num_cat=0
split_feature=71 41 40 20 38 29 19 90 2 94
split_gain=0.0203961 0.0537796 0.0510074 0.0627655 0.0503184 0.0402173 0.112744 0.0963425 0.0794429 0.106663
threshold=1.0397207708399181 3.4334666422309414 3.5549397315361362 3.4334666422309414 1.9356005054539456 6.311733162251806 6.4052270920020655 3.1345481418531311 2.249904835165133 3.9701138825728512
decision_type=2 2 2 2 2 2 2 2 2 2
left_child=1 2 3 4 -1 7 -7 8 9 -2
right_child=5 -3 -4 -5 -6 6 -8 -9 -10 -11
leaf_value=-0.0019519449495103047 -0.025054618418216712 0.008858952464328872 0.009111198938141267 -0.0094009041254009534 0.0056519565385575073 0.0085633796577652306 -0.00027842358761318562 0.00072039170595614805 0.0007110427133738995 -0.0043990984186530113
leaf_weight=23 4.9999999999999982 8.9999999999999982 5.9999999999999991 6.9999999999999991 13.999999999999998 14.999999999999998 374 23 4.9999999999999991 5
leaf_count=23 5 9 6 7 14 15 374 23 5 5
internal_value=0 0.00174278 0.00046187 -0.000717583 0.000925207 -0.000240806 6.252e-05 -0.0033459 -0.00958089 -0.0147269
internal_weight=0 59 50 44 37 427 389 38 15 10
internal_count=486 59 50 44 37 427 389 38 15 10
is_linear=0
shrinkage=0.1


Tree=119
num_leaves=11
num_cat=0
split_feature=80 16 74 34 29 64 61 38 70 40
split_gain=0.0208921 0.0811173 0.0804567 0.0938747 0.068116 0.0667098 0.0534683 0.0464361 0.0419555 0.0784973
threshold=1.9356005054539456 2.0126758453675748 3.2180751841847144 3.8064155152036787 6.4295893882764688 3.0433873634561537 1.8688348091416842 1.0397207708399181 2.3502401828962087 3.1984648276080736
decision_type=2 2 2 2 2 2 2 2 2 2
left_child=1 2 3 7 -3 -4 -6 -1 9 -2
right_child=8 4 5 -5 6 -7 -8 -9 -10 -11
leaf_value=-0.0014511106484052197 -0.0053664672914344597 -0.012318761895100269 -0.0098408525033543449 0.017366268166473933 0.0077117316424846613 0.0030732644411424798 -0.00370068743538398 0.0078931821510195739 6.4831901967878482e-05 0.0056430286262184387
leaf_weight=9.0000000000000053 34 6.0000000000000027 6.0000000000000027 6.9999999999999991 6.0000000000000027 11.999999999999998 12.999999999999998 12.999999999999998 372 7.9999999999999991
leaf_count=9 34 6 6 7 6 12 13 13 372 8
internal_value=0 0.0015722 0.0040202 0.00727984 -0.00303004 -0.00123144 -9.67656e-05 0.00407052 -0.000273426 -0.00326942
internal_weight=0 72 47 29 25 18 19 22 414 42
internal_count=486 72 47 29 25 18 19 22 414 42
is_linear=0
shrinkage=0.1


Tree=120
num_leaves=11
num_cat=0
split_feature=38 38 45 68 24 68 80 43 91 52
split_gain=0.0195001 0.112135 0.105287 0.0784382 0.0778765 0.120895 0.0691 0.056813 0.061862 0.0762438
threshold=3.5408542930527882 3.7132745361986528 4.2625806805327082 2.7058230259275202 4.3693677306817369 3.8176519431297078 4.2625806805327082 4.1742689126930488 4.6346818562128229 4.3437210834879627
decision_type=2 2 2 2 2 2 2 2 2 2
left_child=7 2 -2 -3 6 -6 -5 8 -1 -10
right_child=1 3 -4 4 5 -7 -8 -9 9 -11
leaf_value=-0.00031924754536400237 0.0044060836235682152 -0.011234524411459765 -0.010890048196435805 0.001523375558289921 -0.014757993755241236 -0.00032461698826466228 0.0090755229839123795 0.0077548266473141591 0.013119813892990346 0.00088197744584509309
leaf_weight=162 6.0000000000000027 5.9999999999999991 18 63 5.9999999999999991 177 14.999999999999998 10.999999999999998 8.0000000000000018 13.999999999999998
leaf_count=162 6 6 18 63 6 177 15 11 8 14
internal_value=0 -0.000518526 -0.00706602 7.00119e-05 0.000329886 -0.000797842 0.00297571 0.000773801 0.000356457 0.0053321
internal_weight=0 291 24 267 261 183 78 195 184 22
internal_count=486 291 24 267 261 183 78 195 184 22
is_linear=0
shrinkage=0.1


Tree=121
num_leaves=11
num_cat=0
split_feature=20 30 13 23 23 92 34 17 60 89
split_gain=0.0194849 0.103879 0.100784 0.0946639 0.118786 0.0832061 0.0554131 0.0684921 0.0483937 0.0478995
threshold=3.2951505240983434 3.0433873634561537 2.3502401828962087 3.4960482137079443 3.2769667020129059 5.5333191811709055 1.2424533248940004 0.8958797346140277 3.2951505240983434 8.8031228163806094
decision_type=2 2 2 2 2 2 2 2 2 2
left_child=3 2 -2 4 9 8 -3 -8 -5 -1
right_child=1 6 -4 5 -6 -7 7 -9 -10 -11
leaf_value=0.00021495533136500685 -0.0026314297897948162 0.0065253404648198442 -0.020338750779628753 0.0094918751716613729 -0.011148827155638072 0.016172590851783752 -0.012018820568919182 -0.00019249585325078366 -0.0038289190580447514 0.0070135532963004985
leaf_weight=179 8.9999999999999982 11.999999999999998 4.9999999999999991 5.0000000000000018 8.9999999999999982 6.9999999999999991 4.9999999999999991 238 6 10.999999999999998
leaf_count=179 9 12 5 5 9 7 5 238 6 11
internal_value=0 -0.000568701 -0.00895547 0.00070498 7.68173e-05 0.00764967 -0.000108251 -0.000435836 0.00222599 0.000608558
internal_weight=0 269 14 217 199 18 255 243 11 190
internal_count=486 269 14 217 199 18 255 243 11 190
is_linear=0
shrinkage=0.1


Tree=122
num_leaves=11
num_cat=0
split_feature=50 3 82 39 4 21 33 60 51 16
split_gain=0.0176903 0.0862953 0.0828413 0.077258 0.0535618 0.0442527 0.0593315 0.0482369 0.114248 0.0995327
threshold=2.602003343538398 3.7132745361986528 6.2401219279770048 8.3150443764781556 3.4960482137079443 1.4978661367769956 2.3502401828962087 2.9700856263602158 2.3502401828962087 3.1345481418531311
decision_type=2 2 2 2 2 2 2 2 2 2
left_child=1 2 3 4 -1 6 -2 9 -9 -7
right_child=5 -3 -4 -5 -6 7 -8 8 -10 -11
leaf_value=0.00096620340167040322 0.00052917802473530153 0.011831115239432879 0.012967473336320838 -0.012338149771094323 -0.0087728394816319159 -0.0038503461097114549 -0.010364074967801571 0.0086975154321407896 -3.979312064332606e-06 0.0087615358643233776
leaf_weight=96 10.000000000000002 6.9999999999999991 4.9999999999999991 4.9999999999999991 5.9999999999999991 59 9.9999999999999982 15.999999999999998 265 6.9999999999999991
leaf_count=96 10 7 5 5 6 59 10 16 265 7
internal_value=0 0.00105952 0.000386296 -0.00020161 0.000393319 -0.00034355 -0.00491745 -7.99249e-05 0.000491479 -0.00251272
internal_weight=0 119 112 107 102 367 20 347 281 66
internal_count=486 119 112 107 102 367 20 347 281 66
is_linear=0
shrinkage=0.1


Tree=123
num_leaves=11
num_cat=0
split_feature=10 12 15 95 50 52 94 9 17 2
split_gain=0.0177292 0.0959323 0.0777595 0.0694778 0.0623617 0.0611527 0.0570752 0.0921057 0.0670515 0.108624
threshold=3.8499212036984933 5.5645130673883125 6.5847761301033945 4.0773937863842606 3.4334666422309414 6.843747675870822 4.7273486598447958 8.5485870611228822 4.0773937863842606 4.8903208612686422
decision_type=2 2 2 2 2 2 2 2 2 2
left_child=2 4 6 5 -2 -3 7 -1 9 -8
right_child=1 3 -4 -5 -6 -7 8 -9 -10 -11
leaf_value=-4.7958742701674457e-05 -0.0010158881700287263 -0.0010070488691174739 0.012847119607031346 0.00039612961329289759 -0.01450248572509736 -0.015981249511241909 0.0014567469945177436 -0.012593707686755808 -0.0065194601813952134 0.012400439933228952
leaf_weight=237 5.9999999999999991 5.9999999999999982 4.9999999999999991 164 7.9999999999999991 5 30 5.9999999999999991 5.9999999999999991 12.999999999999998
leaf_count=237 6 6 5 164 8 5 30 6 6 13
internal_value=0 -0.000757135 0.000481813 -0.000119904 -0.00872252 -0.0078135 0.000270078 -0.00035773 0.0033835 0.00476531
internal_weight=0 189 297 175 14 11 292 243 49 43
internal_count=486 189 297 175 14 11 292 243 49 43
is_linear=0
shrinkage=0.1


Tree=124
num_leaves=11
num_cat=0
split_feature=55 57 53 39 23 20 93 0 29 50
split_gain=0.0172233 0.107805 0.0791396 0.0746682 0.066831 0.0438548 0.0405085 0.0402336 0.0613619 0.056331
threshold=5.1984817689835037 4.4187680230537838 4.2625806805327082 8.9661930242131387 2.0126758453675748 3.6505739029280164 3.2180751841847144 2.9174053685313028 7.5373890202266365 3.5972184255501678
decision_type=2 2 2 2 2 2 2 2 2 2
left_child=1 2 -1 -3 6 -4 -2 -6 -9 -10
right_child=4 3 5 -5 7 -7 -8 8 9 -11
leaf_value=0.00049184357190970335 -0.014814429581165318 0.0012128401547670366 -0.010310418057170779 0.015355117083527148 0.0078123780588308976 0.00031781163997948172 -0.0030294234348860168 -0.0058922800039382358 0.0050844253227114687 -0.00057221308198510384
leaf_weight=250 4.9999999999999982 6.9999999999999991 11.000000000000002 7.9999999999999991 5.9999999999999991 5.9999999999999991 7 19 20 147
leaf_count=250 5 7 11 8 6 6 7 19 20 147
internal_value=0 0.000506326 4.28957e-05 0.00875539 -0.000699921 -0.00655928 -0.00793984 -0.000247426 -0.00050742 0.000105229
internal_weight=0 282 267 15 204 17 12 192 186 167
internal_count=486 282 267 15 204 17 12 192 186 167
is_linear=0
shrinkage=0.1


Tree=125
num_leaves=9
num_cat=0
split_feature=36 70 57 29 63 25 53 22
split_gain=0.0167524 0.0263095 0.0437825 0.0356842 0.0320379 0.0244941 0.0161264 0.0115955
threshold=5.9413402452221584 5.7868785620882379 5.525445002686836 10.151271422546131 6.2102047658780704 6.8330294103967413 5.9188360407794134 7.9832743891405444
decision_type=2 2 2 2 2 2 2 2
left_child=1 2 3 4 -1 -3 -4 -5
right_child=-2 5 6 7 -6 -7 -8 -9
leaf_value=-0.00012944987324854909 -0.0057584745809435844 0.01006341487169266 -0.0013207227736711505 0.0094226257503032713 0.0066893858302916808 0.0005865045124664902 -0.0085602448321878914 0.0026121923699975011
leaf_weight=440 4.9999999999999991 4.9999999999999982 4.9999999999999991 4.9999999999999982 6.9999999999999991 6 7.9999999999999991 5
leaf_count=440 5 5 5 5 7 6 8 5
internal_value=0 5.98594e-05 -5.32845e-05 0.000109501 -2.26672e-05 0.00489419 -0.00577581 0.00601741
internal_weight=0 481 470 457 447 11 13 10
internal_count=486 481 470 457 447 11 13 10
is_linear=0
shrinkage=0.1


Tree=126
num_leaves=11
num_cat=0
split_feature=14 82 6 12 24 79 74 10 90 90
split_gain=0.0170772 0.0419781 0.0848343 0.0603593 0.0546291 0.0476523 0.0860911 0.0568818 0.0465533 0.104295
threshold=1.7917594692280554 4.6681339642869872 1.5890269151739729 6.2401219279770048 4.0773937863842606 7.8316153064056495 3.6505739029280164 3.8499212036984933 2.3937458713910238 3.1984648276080736
decision_type=2 2 2 2 2 2 2 2 2 2
left_child=-1 2 8 4 -4 -3 7 -7 -2 -10
right_child=1 5 3 -5 -6 6 -8 -9 9 -11
leaf_value=0.00093188994364546893 -0.0041009324719198052 0.0031702449556905779 -0.0067495090266068746 9.4378749943441816e-05 -0.018819209821522239 -0.012765689939260479 0.00032367347446779607 -0.0027138216146053505 0.010289703057655555 -0.0020697068927499158
leaf_weight=140 15.999999999999998 45 15.000000000000005 8.9999999999999982 4.9999999999999991 8.0000000000000018 200 19 11.000000000000002 18
leaf_count=140 16 45 15 9 5 8 200 19 11 18
internal_value=0 -0.000377065 -0.00248881 -0.00670653 -0.00976693 0.000197454 -0.000391865 -0.00569215 0.000229269 0.00261835
internal_weight=0 346 74 29 20 272 227 27 45 29
internal_count=486 346 74 29 20 272 227 27 45 29
is_linear=0
shrinkage=0.1


Tree=127
num_leaves=11
num_cat=0
split_feature=20 30 13 23 23 28 56 34 1 41
split_gain=0.016661 0.0761895 0.0747909 0.0632499 0.0773224 0.0590068 0.0701666 0.0426079 0.0538125 0.041649
threshold=3.2951505240983434 3.0433873634561537 2.3502401828962087 3.4960482137079443 3.2769667020129059 2.9430520157250784 3.2951505240983434 1.2424533248940004 2.602003343538398 3.4334666422309414
decision_type=2 2 2 2 2 2 2 2 2 2
left_child=3 2 -2 4 9 -5 -7 -3 -9 -1
right_child=1 7 -4 5 -6 6 -8 8 -10 -11
leaf_value=-0.00038967629374274653 -0.002260574574271838 0.0056853012337038916 -0.017514517530798912 -0.0029035936109721642 -0.0089185123228364537 0.015687432978302242 0.00058639060705900192 -0.0090594225430062833 -0.00016250576222349902 0.0028577007987873266
leaf_weight=134 8.9999999999999982 11.999999999999998 4.9999999999999991 5.0000000000000027 8.9999999999999982 7.9999999999999982 5 6.9999999999999991 236 56
leaf_count=134 9 12 5 5 9 8 5 7 236 56
internal_value=0 -0.000525879 -0.00770841 0.000651896 0.000138432 0.00632852 0.00987934 -0.000131544 -0.000418796 0.000567445
internal_weight=0 269 14 217 199 18 13 255 243 190
internal_count=486 269 14 217 199 18 13 255 243 190
is_linear=0
shrinkage=0.1


Tree=128
num_leaves=11
num_cat=0
split_feature=71 41 49 98 49 39 71 19 40 43
split_gain=0.0164147 0.0383715 0.0345295 0.0911112 0.0781007 0.0725807 0.0672799 0.0346203 0.0313123 0.0344835
threshold=1.0397207708399181 3.4334666422309414 6.4295893882764688 2.191013317336941 6.3420656231066301 6.459903229849254 2.3502401828962087 6.5595510325509787 3.5549397315361362 1.4978661367769959
decision_type=2 2 2 2 2 2 2 2 2 2
left_child=1 8 3 -2 6 -4 -5 -6 9 -1
right_child=2 -3 5 4 7 -7 -8 -9 -10 -11
leaf_value=0.0014698000857606532 -0.013254597091249057 0.0075743912822670402 0.0077671883550162121 0.0051009257137775424 -0.014414673894643787 -0.00013710643901764083 -0.0041399469061826283 -0.0031478672404773528 0.0072582691946687806 -0.0045406508650298102
leaf_weight=30 6.9999999999999991 8.9999999999999982 11.999999999999998 20 4.9999999999999982 364 12.999999999999998 6 5.9999999999999991 13.999999999999998
leaf_count=30 7 9 12 20 5 364 13 6 6 14
internal_value=0 0.00156346 -0.000216028 -0.00265772 -0.000971849 0.000115158 0.00146058 -0.00826914 0.00048149 -0.000442616
internal_weight=0 59 427 51 44 376 33 11 50 44
internal_count=486 59 427 51 44 376 33 11 50 44
is_linear=0
shrinkage=0.1


Tree=129
num_leaves=7
num_cat=0
split_feature=94 95 38 95 80 20
split_gain=0.0160336 0.0241342 0.0226218 0.0322236 0.038663 0.0355117
threshold=6.5309243747691701 7.1447997903071299 6.1862001562848912 6.0613889946661823 3.1345481418531311 4.770540966944206
decision_type=2 2 2 2 2 2
left_child=1 2 3 5 -5 -1
right_child=-2 -3 -4 4 -6 -7
leaf_value=-4.6664163002304965e-05 -0.0051373832102399319 0.0055107661639340229 0.0052442757994867863 0.0010365418848340159 -0.0036762119692866691 0.0033367892728111818
leaf_weight=354 5.9999999999999991 7.9999999999999991 7.9999999999999991 27 49 34
leaf_count=354 6 8 8 27 49 34
internal_value=0 6.42173e-05 -2.80971e-05 -0.000119 -0.00200194 0.000249824
internal_weight=0 480 472 464 76 388
internal_count=486 480 472 464 76 388
is_linear=0
shrinkage=0.1


Tree=130
num_leaves=11
num_cat=0
split_feature=61 68 61 28 2 54 76 28 74 58
split_gain=0.0148245 0.0770806 0.0554669 0.0822756 0.0557797 0.0491334 0.0505443 0.0448146 0.086092 0.0496415
threshold=4.2903656061101136 3.7132745361986528 3.9607678160667752 1.9356005054539456 2.3937458713910238 4.4187680230537838 2.8029010331479989 3.8176519431297078 4.9052473428434826 4.2555875595453383
decision_type=2 2 2 2 2 2 2 2 2 2
left_child=2 5 -1 -4 -5 6 -2 8 9 -3
right_child=1 7 3 4 -6 -7 -8 -9 -10 -11
leaf_value=-0.00013604985802153174 -0.0033942124961564924 0.018129089623689643 0.014620289144416652 -0.0053996832342818385 0.0039980740228202196 0.001535332864150405 -0.015902079907911162 -0.00062105748878196765 -0.0010650909539046032 0.0040377476811408993
leaf_weight=231 6.0000000000000018 5.0000000000000018 5.9999999999999991 7.9999999999999991 30 4.9999999999999991 7 169 13.999999999999998 5
leaf_count=231 6 5 6 8 30 5 7 169 14 5
internal_value=0 -0.000630516 0.000483778 0.00373787 0.0020196 -0.00688907 -0.0101292 -4.68176e-05 0.00399679 0.0110834
internal_weight=0 211 275 44 38 18 13 193 24 10
internal_count=486 211 275 44 38 18 13 193 24 10
is_linear=0
shrinkage=0.1


Tree=131
num_leaves=11
num_cat=0
split_feature=37 78 30 60 64 0 5 71 53 48
split_gain=0.0142884 0.063659 0.0466382 0.0595578 0.0755107 0.0556227 0.0728785 0.0541174 0.0739104 0.065629
threshold=1.4978661367769956 2.7058230259275202 2.8617925509761908 2.9700856263602158 2.3937458713910238 1.5890269151739729 3.9701138825728512 3.7609296261008152 0.89587973461402759 2.3937458713910238
decision_type=2 2 2 2 2 2 2 2 2 2
left_child=2 -2 3 7 -5 -4 -7 8 -1 -9
right_child=1 -3 5 4 -6 6 -8 9 -10 -11
leaf_value=0.005755640976907065 -0.0054423818293877924 9.6586335808266309e-06 -0.010168447372104442 0.011414515943481369 -0.00050126513880160116 0.0016720425353610312 -0.010435588750988246 -0.010198224176807947 -0.00084649370505641671 0.0015725098553593852
leaf_weight=30 23 311 6.9999999999999991 13.000000000000002 8.9999999999999982 29 5.9999999999999991 9.0000000000000018 39 9.9999999999999982
leaf_count=30 23 311 7 13 9 29 6 9 39 10
internal_value=0 -0.000365781 0.000803756 0.00188613 0.00653988 -0.00203103 -0.000403551 0.000722694 0.002024 -0.0040031
internal_weight=0 334 152 110 22 42 35 88 69 19
internal_count=486 334 152 110 22 42 35 88 69 19
is_linear=0
shrinkage=0.1


Tree=132
num_leaves=11
num_cat=0
split_feature=10 95 6 12 15 17 21 40 21 18
split_gain=0.013983 0.0646867 0.0739746 0.0528693 0.0457164 0.0394365 0.0795934 0.0543997 0.0396135 0.0278722
threshold=3.8499212036984933 4.0773937863842606 4.9199542854466296 5.5645130673883125 6.5847761301033945 4.0428973506407848 4.8903208612686422 4.3943729409690677 5.2094712223428914 4.2903656061101136
decision_type=2 2 2 2 2 2 2 2 2 2
left_child=4 2 -2 -3 5 6 7 -1 -8 -5
right_child=1 3 -4 9 -6 -7 8 -9 -10 -11
leaf_value=-2.2069072519683745e-05 -0.00033770717370013384 -0.0080288445809856054 -0.013553691026754678 0.0044051991519518203 0.0099091136455535887 -0.0056081972402435816 0.015550728142261508 0.010506197772920133 0.002962878048419952 -0.00011719720900658794
leaf_weight=266 9.0000000000000018 7.9999999999999991 7.9999999999999991 14.999999999999998 4.9999999999999991 10.999999999999998 4.9999999999999982 4.9999999999999991 5 149
leaf_count=266 9 8 8 15 5 11 5 5 5 149
internal_value=0 -0.000672402 -0.00655699 -9.07858e-05 0.000427892 0.000265543 0.000495476 0.000172179 0.0092568 0.000296437
internal_weight=0 189 17 172 297 292 281 271 10 164
internal_count=486 189 17 172 297 292 281 271 10 164
is_linear=0
shrinkage=0.1


Tree=133
num_leaves=11
num_cat=0
split_feature=14 9 10 66 5 54 58 81 82 6
split_gain=0.0136123 0.0338326 0.0410284 0.0477895 0.0704558 0.0562756 0.0433942 0.0459983 0.0310242 0.0839077
threshold=1.7917594692280554 2.4563274428680266 2.524928003624769 1.4978661367769956 2.3937458713910238 3.0433873634561537 1.5890269151739729 1.4978661367769956 4.5271940351011493 1.5890269151739729
decision_type=2 2 2 2 2 2 2 2 2 2
left_child=1 -1 3 4 -3 -5 -4 -8 9 -2
right_child=8 2 6 5 -6 -7 7 -9 -10 -11
leaf_value=0.0076081048165048881 0.00026445359404152799 0.0058981942944228635 0.0098877675210436184 -0.014302077392737074 -0.003889304715649862 6.25927373766899e-05 -0.0046492268292543789 0.0020315726498167401 0.00011877765249004389 -0.0073285223873840143
leaf_weight=6.9999999999999991 43 12.000000000000002 5.9999999999999991 5.9999999999999982 19 5 11.999999999999998 73 281 22
leaf_count=7 43 12 6 6 19 5 12 73 281 22
internal_value=0 0.000831996 0.000475359 -0.00210995 -0.000100595 -0.00777268 0.00166858 0.0010884 -0.000336646 -0.00230548
internal_weight=0 140 133 42 31 11 91 85 346 65
internal_count=486 140 133 42 31 11 91 85 346 65
is_linear=0
shrinkage=0.1


Tree=134
num_leaves=11
num_cat=0
split_feature=41 63 90 23 45 11 48 28 69 29
split_gain=0.013837 0.0635383 0.0520075 0.0405098 0.0341241 0.0363002 0.0243452 0.0704372 0.0367381 0.0300338
threshold=4.718339407093457 5.0497738177202995 2.191013317336941 2.1383330595080281 4.2625806805327082 4.7957563937576522 4.1430087342023825 4.4885732424042368 8.8764041252235106 8.3776724232667217
decision_type=2 2 2 2 2 2 2 2 2 2
left_child=1 6 -2 -4 -5 -6 7 8 -1 -8
right_child=2 -3 3 4 5 -7 9 -9 -10 -11
leaf_value=0.00026800304452891593 -0.010794755592942238 0.0098010963627270294 -0.0069487285282876761 -0.0074257399110744405 0.0036505600168871195 -0.00048356127896615115 0.0051414869440486663 -0.010151663728590523 -0.0059187014703638852 0.00041472799593310171
leaf_weight=239 4.9999999999999991 6.9999999999999991 8.9999999999999982 5.9999999999999991 26 116 20 6.9999999999999991 9.9999999999999982 41
leaf_count=239 5 7 9 6 26 116 20 7 10 41
internal_value=0 0.0003773 -0.000754601 -0.000434851 -3.87364e-05 0.000273391 0.000169204 -0.000258578 1.9541e-05 0.00196449
internal_weight=0 324 162 157 148 142 317 256 249 61
internal_count=486 324 162 157 148 142 317 256 249 61
is_linear=0
shrinkage=0.1


Tree=135
num_leaves=11
num_cat=0
split_feature=55 57 66 53 23 93 80 71 47 49
split_gain=0.0139139 0.072814 0.049823 0.0494056 0.0436181 0.0327469 0.0310753 0.0356283 0.0278928 0.0568699
threshold=5.1984817689835037 4.4187680230537838 3.7494348669884658 4.2625806805327082 2.0126758453675748 3.2180751841847144 4.1742689126930488 4.9593358439305844 2.0126758453675748 7.7693228296140928
decision_type=2 2 2 2 2 2 2 2 2 2
left_child=1 3 -3 6 5 -2 7 -1 -6 -10
right_child=4 2 -4 -5 8 -7 -8 -9 9 -11
leaf_value=0.00039158387865061194 -0.012659047357738021 0.0025288235706587632 0.014293053528914849 -0.0051422609481960539 0.0034838955399916615 -0.0020630475566057222 0.0053941317057857908 -0.0068499554480825151 -0.0065371886578698959 -9.5916844371035583e-05
leaf_weight=231 4.9999999999999982 8.9999999999999982 5.9999999999999991 17 18 7 11.999999999999998 6.9999999999999991 14.999999999999998 159
leaf_count=231 5 9 6 17 18 7 12 7 15 159
internal_value=0 0.000455089 0.00723452 7.42222e-05 -0.000629093 -0.00647805 0.000428943 0.000178597 -0.000263534 -0.000651199
internal_weight=0 282 15 267 204 12 250 238 192 174
internal_count=486 282 15 267 204 12 250 238 192 174
is_linear=0
shrinkage=0.1


Tree=136
num_leaves=8
num_cat=0
split_feature=94 15 45 53 64 81 10
split_gain=0.0132217 0.0219396 0.0330522 0.0265087 0.0292332 0.0259006 0.0215066
threshold=6.5309243747691701 7.4802334233887304 7.4802334233887304 6.2576382274985969 5.6239588547786612 6.1569700081995915 5.752527285294831
decision_type=2 2 2 2 2 2 2
left_child=1 2 3 4 -1 -5 -3
right_child=-2 6 -4 5 -6 -7 -8
leaf_value=0.00014074719389100209 -0.0046651991161828247 0.0085092838232715944 -0.0081322302483022215 0.0007543497086901752 -0.0029947607225039976 0.010177843049168585 -0.00037090072408318514
leaf_weight=420 5.9999999999999991 5.9999999999999982 4.9999999999999991 6.9999999999999982 32 5 5
leaf_count=420 6 6 5 7 32 5 5
internal_value=0 5.8315e-05 -4.52239e-05 4.19206e-05 -8.12357e-05 0.00468081 0.00447284
internal_weight=0 480 469 464 452 12 11
internal_count=486 480 469 464 452 12 11
is_linear=0
shrinkage=0.1


Tree=137
num_leaves=9
num_cat=0
split_feature=36 70 70 1 54 25 5 69
split_gain=0.0128824 0.021227 0.0260225 0.0222976 0.0212448 0.0196193 0.0187142 0.0143851
threshold=5.9413402452221584 5.7868785620882379 5.5129081839107776 6.7031813383822128 5.9814014572911871 6.8330294103967413 6.462969825394751 9.570797522490162
decision_type=2 2 2 2 2 2 2 2
left_child=1 2 3 4 -1 -3 -4 -5
right_child=-2 5 6 7 -6 -7 -8 -9
leaf_value=5.3820256974026473e-05 -0.0050497329607605938 0.0090211610496044176 -0.0085951350629329699 0.0085342739894986169 -0.0054987830509032522 0.00053956226911395784 -0.00069699307981257628 0.00094872735440731037
leaf_weight=441 4.9999999999999991 4.9999999999999982 5.9999999999999982 4.9999999999999982 6.9999999999999991 6 6 5
leaf_count=441 5 5 6 5 7 6 6 5
internal_value=0 5.2492e-05 -4.91373e-05 7.13062e-05 -3.29392e-05 0.00439483 -0.00464606 0.0047415
internal_weight=0 481 470 458 448 11 12 10
internal_count=486 481 470 458 448 11 12 10
is_linear=0
shrinkage=0.1


Tree=138
num_leaves=11
num_cat=0
split_feature=20 30 23 23 13 28 56 89 56 82
split_gain=0.0113845 0.0567583 0.046243 0.0532255 0.0453452 0.03794 0.0460346 0.0327259 0.0378728 0.0317824
threshold=3.2951505240983434 3.0433873634561537 3.4960482137079443 3.2769667020129059 2.3502401828962087 2.9430520157250784 3.2951505240983434 8.8031228163806094 2.8029010331479989 4.4425820475484112
decision_type=2 2 2 2 2 2 2 2 2 2
left_child=2 4 3 7 -2 -4 -7 8 -1 -9
right_child=1 -3 5 -5 -6 6 -8 9 -10 -11
leaf_value=-0.00039986351843299996 -0.0023920849793487124 -9.4347624524779544e-05 -0.0020101606659591186 -0.0074144714201490091 -0.014269536361098289 0.012944404745940122 0.00071279171854257575 0.00084306727318714074 0.004120279701670543 0.01163822129368782
leaf_weight=158 8.9999999999999982 255 5.0000000000000027 8.9999999999999982 4.9999999999999991 7.9999999999999982 5 5.9999999999999982 21 5
leaf_count=158 9 255 5 9 5 8 5 6 21 5
internal_value=0 -0.000434703 0.000538871 9.98327e-05 -0.00663403 0.00539269 0.00823994 0.000455773 0.000130433 0.00574996
internal_weight=0 269 217 199 14 18 13 190 179 11
internal_count=486 269 217 199 14 18 13 190 179 11
is_linear=0
shrinkage=0.1


Tree=139
num_leaves=11
num_cat=0
split_feature=6 5 85 95 5 97 81 66 72 57
split_gain=0.0120928 0.0621539 0.0729813 0.0655343 0.0451703 0.0616952 0.0463748 0.0658844 0.0450414 0.0417657
threshold=3.8499212036984933 4.4829865921051741 5.0562255201382529 6.102556092217525 2.9174053685313028 1.0397207708399181 4.1107394736335969 2.0126758453675748 5.598394523403428 3.4175922930736511
decision_type=2 2 2 2 2 2 2 2 2 2
left_child=4 2 3 -2 6 -6 8 -8 -1 -3
right_child=1 9 -4 -5 5 -7 7 -9 -10 -11
leaf_value=-0.00027123787436150363 0.0033810589998029168 0.0045854102354496717 -0.0070225623985087238 -0.006533647156320513 0.0098408397618914029 0.0014121443860472718 -0.00086757547968383192 -0.012749527554426874 0.0070614558851553339 -0.00012720592305413448
leaf_weight=121 20.000000000000004 21 28 9.9999999999999982 9.9999999999999982 66 14.000000000000002 6.9999999999999991 8.9999999999999982 180
leaf_count=121 20 21 28 10 10 66 14 7 9 180
internal_value=0 -0.00046699 -0.00335081 7.61569e-05 0.000532822 0.00252118 -0.000467943 -0.00482823 0.00023641 0.000365157
internal_weight=0 259 58 30 227 76 151 21 130 201
internal_count=486 259 58 30 227 76 151 21 130 201
is_linear=0
shrinkage=0.1


Tree=140
num_leaves=10
num_cat=0
split_feature=53 21 80 75 79 71 80 28 64
split_gain=0.010984 0.0283036 0.0242736 0.0213893 0.0290531 0.0605397 0.026699 0.00645937 0.00415624
threshold=6.2576382274985969 6.3893728363111233 5.9042878535355934 7.0334815994577964 9.9239431558065014 6.2085880018747917 5.003923783930186 4.9904094477362264 6.280220465588493
decision_type=2 2 2 2 2 2 2 2 2
left_child=2 -2 3 4 6 -6 -1 -5 -3
right_child=1 8 -4 7 5 -7 -8 -9 -10
leaf_value=-0.00014017055850997298 0.0073949558261249722 0.0013901570066809658 -0.0070235007628798489 0.0053461427877967566 -0.011206450206892832 0.0019453731232455798 0.0044612809406736724 0.0012958640631820476 -0.0025136296714966494
leaf_weight=420 7.0000000000000027 4.9999999999999982 4.9999999999999991 8.9999999999999982 6.9999999999999982 7 12.999999999999998 6.9999999999999991 6
leaf_count=420 7 5 5 9 7 7 13 7 6
internal_value=0 0.00242409 -9.32344e-05 -1.83935e-05 -0.000146986 -0.00463054 -2.02074e-06 0.00357415 -0.000739181
internal_weight=0 18 468 463 447 14 433 16 11
internal_count=486 18 468 463 447 14 433 16 11
is_linear=0
shrinkage=0.1


Tree=141
num_leaves=11
num_cat=0
split_feature=50 3 82 17 7 35 35 55 70 28
split_gain=0.0111926 0.0508863 0.0411786 0.0482103 0.0365499 0.0301479 0.0697093 0.0575806 0.0586183 0.0465749
threshold=2.602003343538398 3.7132745361986528 6.2401219279770048 3.4175922930736511 3.8499212036984933 4.9344480538832558 5.1445790166580574 5.2094712223428914 4.2045812236012674 2.3937458713910238
decision_type=2 2 2 2 2 2 2 2 2 2
left_child=1 2 3 4 -1 9 7 8 -7 -2
right_child=5 -3 -4 -5 -6 6 -8 -9 -10 -11
leaf_value=0.0010366575214151375 -0.0057399736717343337 0.0091143141301082715 0.0091959932073950781 -0.0081115572114608108 -0.0060103409108705824 0.0044589776734305217 -0.00034833824656572071 -0.0026024099232421979 0.016405644267797472 -0.0006388013826835959
leaf_weight=92 22 6.9999999999999991 4.9999999999999991 6.9999999999999991 7.9999999999999991 23.000000000000004 212 8.9999999999999982 4.9999999999999991 96
leaf_count=92 22 7 5 7 8 23 212 9 5 96
internal_value=0 0.000842765 0.000325793 -8.87022e-05 0.000472898 -0.000273267 0.000350664 0.00435576 0.00659231 -0.00158987
internal_weight=0 119 112 107 100 367 249 37 28 118
internal_count=486 119 112 107 100 367 249 37 28 118
is_linear=0
shrinkage=0.1


Tree=142
num_leaves=11
num_cat=0
split_feature=16 59 17 76 3 61 51 63 11 35
split_gain=0.0111487 0.0537841 0.0518997 0.046464 0.0477585 0.0634502 0.0449212 0.0369855 0.0408326 0.0330104
threshold=1.4978661367769956 2.4563274428680266 0.8958797346140277 2.0126758453675748 1.0397207708399181 4.007167868649713 1.8688348091416842 3.1984648276080736 3.8064155152036787 4.7405652883788738
decision_type=2 2 2 2 2 2 2 2 2 2
left_child=1 -1 7 9 5 -5 -6 8 -2 -3
right_child=2 3 -4 4 6 -7 -8 -9 -10 -11
leaf_value=0.0077727570314891636 0.0014162838120352131 -0.0024037302138105697 3.3419601179805583e-05 0.0023431881227427057 0.01294955238699913 -0.011706742197275162 0.0028960650012595582 -0.012357957549393178 -0.0074128196761012082 0.0015100060513304925
leaf_weight=9.9999999999999982 11.000000000000005 66 293 8.9999999999999982 4.9999999999999991 4.9999999999999991 40 4.9999999999999991 9.9999999999999982 32
leaf_count=10 11 66 293 9 5 5 40 5 10 32
internal_value=0 0.000661958 -0.000346542 0.00020904 0.00242619 -0.00267464 0.00401312 -0.00462842 -0.00278805 -0.00112578
internal_weight=0 167 319 157 59 14 45 26 21 98
internal_count=486 167 319 157 59 14 45 26 21 98
is_linear=0
shrinkage=0.1


Tree=143
num_leaves=11
num_cat=0
split_feature=76 76 48 70 95 63 20 92 17 81
split_gain=0.0111864 0.0431793 0.0448018 0.0368643 0.0653953 0.0376021 0.0514924 0.0510238 0.0422873 0.036099
threshold=2.5619819897016298 2.0126758453675748 5.0688844241303981 3.1984648276080736 4.007167868649713 2.740319461670996 2.9700856263602158 5.8140904321997544 3.9701138825728512 3.7609296261008152
decision_type=2 2 2 2 2 2 2 2 2 2
left_child=1 -1 -3 4 -2 8 7 -7 -5 -6
right_child=3 2 -4 5 9 6 -8 -9 -10 -11
leaf_value=-0.00022744166962904955 0.00218962833750993 0.0040831408205818627 -0.0044921093487313817 -0.0014658599098523455 -0.0040306024432468866 0.0092251936788670698 -8.3393462255651907e-05 -0.0027984206750988963 -0.012085002586245537 -0.01293781947460957
leaf_weight=193 11.999999999999998 47 6.9999999999999991 15.000000000000002 13.000000000000002 12.000000000000002 170 4.9999999999999991 4.9999999999999991 6.9999999999999991
leaf_count=193 12 47 7 15 13 12 170 5 5 7
internal_value=0 0.00047193 0.00297153 -0.000487726 -0.00364647 5.81742e-07 0.000441355 0.00568884 -0.00412065 -0.00714813
internal_weight=0 247 54 239 32 207 187 17 20 20
internal_count=486 247 54 239 32 207 187 17 20 20
is_linear=0
shrinkage=0.1


Tree=144
num_leaves=11
num_cat=0
split_feature=74 12 56 74 15 35 75 27 53 51
split_gain=0.0107166 0.0305254 0.0366565 0.0232041 0.012798 0.0583253 0.0631598 0.0444342 0.0439925 0.033416
threshold=5.9814014572911871 6.410153240223571 5.2907605476430133 5.8662714032539407 4.9593358439305844 4.7405652883788738 6.0185902545239411 2.0126758453675748 0.89587973461402759 1.8688348091416842
decision_type=2 2 2 2 2 2 2 2 2 2
left_child=3 -2 -3 4 5 8 -7 9 -1 -6
right_child=1 2 -4 -5 7 6 -8 -9 -10 -11
leaf_value=0.0011921113782631398 -0.0041168372146785231 0.0081556250900030099 -0.00092607270926237106 -0.006285320160289605 0.0020834156881190009 0.0048407124436655362 -0.0070339659601449979 0.00013161575517826467 -0.0019814593546470861 -0.0047291550190291477
leaf_weight=91 6.0000000000000027 10.000000000000002 7.9999999999999991 5.9999999999999991 8.9999999999999982 43 4.9999999999999991 188 84 36
leaf_count=91 6 10 8 6 9 43 5 188 84 36
internal_value=0 0.00206028 0.00411931 -0.000107027 -2.5734e-05 0.000515786 0.00360377 -0.000544013 -0.000331203 -0.00336664
internal_weight=0 24 18 462 456 223 48 233 175 45
internal_count=486 24 18 462 456 223 48 233 175 45
is_linear=0
shrinkage=0.1


Tree=145
num_leaves=11
num_cat=0
split_feature=86 81 74 84 14 24 24 20 57 76
split_gain=0.00990953 0.0280323 0.0325925 0.0288418 0.0207893 0.028237 0.0295496 0.0198182 0.0174556 0.050527
threshold=4.4885732424042368 5.8749149497672386 5.9814014572911871 5.6733173626244016 5.5606520443413574 5.192895118684441 5.4595764601916565 3.4960482137079443 4.2413008733233104 3.4811217321331038
decision_type=2 2 2 2 2 2 2 2 2 2
left_child=1 8 3 -3 5 7 -7 -2 9 -1
right_child=4 2 -4 -5 -6 6 -8 -9 -10 -11
leaf_value=6.1392836576700056e-05 -0.00061494095561405015 -0.0025788791607030555 0.0031635428592562674 -0.011529643885296537 0.0042834869076614273 -0.0062250641788440652 0.0024991853395476939 0.0045255164817596481 0.0015505497790722839 -0.0046974739396925241
leaf_weight=317 15.000000000000002 9.0000000000000018 4.9999999999999991 5.9999999999999991 15.999999999999998 11.000000000000002 5.9999999999999991 14.999999999999998 62 24
leaf_count=317 15 9 5 6 16 11 6 15 62 24
internal_value=0 -0.000174264 -0.0038285 -0.00615919 0.00117006 0.000110171 -0.00314592 0.00195529 7.08745e-06 -0.000273542
internal_weight=0 423 20 15 63 47 17 30 403 341
internal_count=486 423 20 15 63 47 17 30 403 341
is_linear=0
shrinkage=0.1


Tree=146
num_leaves=11
num_cat=0
split_feature=14 49 54 10 23 62 18 95 84 31
split_gain=0.00976198 0.0295701 0.0962047 0.0409599 0.0323253 0.0407418 0.0325892 0.0301011 0.0448321 0.0250662
threshold=1.7917594692280554 4.8597823571876004 3.6505739029280164 2.524928003624769 1.4978661367769959 1.0397207708399181 2.3937458713910238 5.8493206274161009 4.3943729409690677 3.2180751841847144
decision_type=2 2 2 2 2 2 2 2 2 2
left_child=1 2 -1 7 6 -6 -5 8 -3 -2
right_child=9 3 -4 4 5 -7 -8 -9 -10 -11
leaf_value=0.014218608848750595 -0.0019454952849830281 -0.0056801959723234187 -0.0045630467869341362 0.011875754445791238 0.0082072864597042394 -0.00044878170833569661 0.0027497751062684176 0.0049981173733249307 0.001755728354934642 0.00015122523091122276
leaf_weight=5.9999999999999982 72 25 5 5.0000000000000027 5.9999999999999991 58 18 4.9999999999999991 11.999999999999998 274
leaf_count=6 72 25 5 5 6 58 18 5 12 274
internal_value=0 0.000704571 0.00568149 0.000280182 0.00151827 0.000362725 0.00473368 -0.00228442 -0.00326854 -0.000285087
internal_weight=0 140 11 129 87 64 23 42 37 346
internal_count=486 140 11 129 87 64 23 42 37 346
is_linear=0
shrinkage=0.1


Tree=147
num_leaves=11
num_cat=0
split_feature=18 69 12 11 85 61 29 10 49 49
split_gain=0.0106876 0.0515104 0.0595735 0.0704398 0.0489709 0.0363577 0.0259097 0.0466205 0.0217831 0.0833599
threshold=1.9356005054539456 5.2148766803949993 4.2625806805327082 3.2180751841847144 4.8597823571876004 2.3502401828962087 5.2148766803949993 2.191013317336941 6.2633529090608215 6.4295893882764688
decision_type=2 2 2 2 2 2 2 2 2 2
left_child=1 -1 3 5 -4 -3 7 -2 -8 -10
right_child=6 2 4 -5 -6 -7 8 -9 9 -11
leaf_value=0.010035892482846975 0.00097522650224467124 -0.0011875589546779621 0.011875895197902409 -0.010710348561406137 -0.00043574456746379531 0.0073642399472494922 0.0025925730322969372 -0.012099244594573974 -0.0073159195922926305 5.6934990138463807e-05
leaf_weight=5.9999999999999991 5.9999999999999982 29 6.9999999999999982 6.9999999999999991 6 5.9999999999999991 29 5 15.999999999999998 369
leaf_count=6 6 29 7 7 6 6 29 5 16 369
internal_value=0 0.0012378 0.000278011 -0.001553 0.0061936 0.000278464 -0.000177661 -0.00496771 -5.03891e-05 -0.000249469
internal_weight=0 61 55 42 13 35 425 11 414 385
internal_count=486 61 55 42 13 35 425 11 414 385
is_linear=0
shrinkage=0.1


Tree=148
num_leaves=11
num_cat=0
split_feature=61 68 61 61 70 54 68 70 83 86
split_gain=0.00950599 0.0379303 0.0307931 0.0565233 0.0362604 0.0284762 0.0259007 0.0238268 0.0236911 0.0453768
threshold=4.2903656061101136 3.7132745361986528 3.9607678160667752 4.007167868649713 2.3502401828962087 4.4187680230537838 3.5972184255501678 4.007167868649713 2.6735537653587347 3.2180751841847144
decision_type=2 2 2 2 2 2 2 2 2 2
left_child=2 5 8 -4 -5 6 -2 -6 -1 -10
right_child=1 -3 3 4 7 -7 -8 -9 9 -11
leaf_value=-0.00079052882403582827 -0.0038331361720338451 -9.5442401170139479e-05 0.0098800552051721349 -0.0037598614221100108 0.0051954349667272144 0.0015182430436834695 -0.013007947653532029 -0.0017366626449594543 0.0026499334938428851 -0.0032028443015673586
leaf_weight=154 8.0000000000000018 193 8.9999999999999982 10.999999999999998 17.000000000000004 4.9999999999999991 4.9999999999999991 6.9999999999999991 60 17
leaf_count=154 8 193 9 11 17 5 5 7 60 17
internal_value=0 -0.0005049 0.000387396 0.00281199 0.000994494 -0.0048952 -0.00736191 0.00317357 -7.4432e-05 0.00135776
internal_weight=0 211 275 44 35 18 13 24 231 77
internal_count=486 211 275 44 35 18 13 24 231 77
is_linear=0
shrinkage=0.1


Tree=149
num_leaves=11
num_cat=0
split_feature=50 96 40 34 44 11 73 21 45 15
split_gain=0.00914463 0.0325059 0.0337342 0.0367008 0.034182 0.0604186 0.0244568 0.0216669 0.036026 0.0212394
threshold=2.602003343538398 3.3667009459186801 2.602003343538398 0.89587973461402759 4.3437210834879627 3.2180751841847144 1.4978661367769959 1.4978661367769956 4.5107991236896536 4.7405652883788738
decision_type=2 2 2 2 2 2 2 2 2 2
left_child=1 2 4 -4 5 -1 -6 8 -2 -5
right_child=7 -3 3 9 6 -7 -8 -9 -10 -11
leaf_value=0.00049870655900437612 1.7867045244202014e-05 0.0073727830978376529 0.0098018125364822961 0.0039425424044020477 0.00707549623524149 -0.0057141258178845696 -0.00052352673665154723 -6.2539262446488985e-05 -0.0086455079144798219 -0.0035832987166941168
leaf_weight=49 12.000000000000002 6.9999999999999991 7.0000000000000027 9.9999999999999982 9.0000000000000018 23 7.9999999999999991 347 7.9999999999999991 5.9999999999999991
leaf_count=49 12 7 7 10 9 23 8 347 8 6
internal_value=0 0.000761771 0.000348583 0.00376254 -0.000533674 -0.00148595 0.00349949 -0.000247005 -0.00344748 0.00112035
internal_weight=0 119 112 23 89 72 17 367 20 16
internal_count=486 119 112 23 89 72 17 367 20 16
is_linear=0
shrinkage=0.1


Tree=150
num_leaves=11
num_cat=0
split_feature=18 69 12 11 2 96 17 66 86 49
split_gain=0.00912432 0.0420898 0.0463486 0.0523934 0.0387171 0.0354099 0.0193408 0.0345118 0.0404868 0.031982
threshold=1.9356005054539456 5.2148766803949993 4.2625806805327082 3.7609296261008152 3.2384861814448418 1.9356005054539456 0.8958797346140277 2.9430520157250784 1.4978661367769956 6.2633529090608215
decision_type=2 2 2 2 2 2 2 2 2 2
left_child=1 -1 3 5 -4 -3 7 8 -2 -8
right_child=6 2 4 -5 -6 -7 9 -9 -10 -11
leaf_value=0.0090966706008960806 -0.0025927645081133561 0.0028115681814961137 0.0098083285382017521 -0.010946868173778058 -0.0014090964943170546 -0.0033960337956052498 0.0046285848878324029 -0.0075449506338271834 0.0037448603593345196 -8.6548032583682103e-05
leaf_weight=5.9999999999999991 36 20 7.9999999999999982 4.9999999999999991 5 17 14.999999999999998 8.9999999999999982 13.999999999999998 351
leaf_count=6 36 20 8 5 5 17 15 9 14 351
internal_value=0 0.0011437 0.000276102 -0.00133894 0.00549393 -4.05733e-05 -0.000164154 -0.00184434 -0.00081823 0.000106695
internal_weight=0 61 55 42 13 37 425 59 50 366
internal_count=486 61 55 42 13 37 425 59 50 366
is_linear=0
shrinkage=0.1


Tree=151
num_leaves=11
num_cat=0
split_feature=86 52 9 23 50 54 2 64 1 14
split_gain=0.00890427 0.0274268 0.0541091 0.0364837 0.0374406 0.0309186 0.0338806 0.021857 0.0215755 0.016215
threshold=4.4885732424042368 6.8123444890560956 8.9661930242131387 5.2443855436100657 4.5538214868689204 4.7621374077860157 5.5797227059640084 3.3667009459186801 4.8441560854355483 5.5606520443413574
decision_type=2 2 2 2 2 2 2 2 2 2
left_child=1 3 -3 4 8 7 -7 -4 -1 -2
right_child=9 2 5 -5 -6 6 -8 -9 -10 -11
leaf_value=0.00019813770053426678 0.00017307542408122979 -0.010271325228469713 -0.0016276678452933476 0.0064926602153314488 0.0078710043181975681 0.0034151685185191275 -0.0018043300596117561 -0.0098527905841668435 -0.0022777971797404463 0.0038587751943850892
leaf_weight=293 47 6.9999999999999991 6.9999999999999982 8.9999999999999982 5.9999999999999991 19 36 6 40 15.999999999999998
leaf_count=293 47 7 7 9 6 19 36 6 40 16
internal_value=0 -0.000165189 -0.0018997 0.000208628 4.17949e-05 -0.00103791 -1.23055e-06 -0.00542388 -9.92719e-05 0.00110913
internal_weight=0 423 75 348 339 68 55 13 333 63
internal_count=486 423 75 348 339 68 55 13 333 63
is_linear=0
shrinkage=0.1


Tree=152
num_leaves=11
num_cat=0
split_feature=90 93 56 52 66 12 50 52 15 50
split_gain=0.00839448 0.0115814 0.0168902 0.012246 0.059115 0.0388482 0.0371901 0.0429339 0.026863 0.0251756
threshold=6.0540424421008812 6.0867179055019394 2.6735537653587347 6.8123444890560956 4.1742689126930488 7.6273006666104983 4.1971736807086968 6.5027799309307239 6.5847761301033945 4.9342409716686575
decision_type=2 2 2 2 2 2 2 2 2 2
left_child=1 3 -3 6 5 -5 8 -8 -1 -6
right_child=-2 2 -4 4 9 -7 7 -9 -10 -11
leaf_value=-0.00025047484862031772 -0.0034379343103085251 -0.0013741065486101427 0.0043858633310134921 -0.0067549120756271097 0.0033405119553208355 -7.3649672724838779e-05 -0.00057031905744224769 0.0079183164339226026 0.0040822391522427398 -0.00065483543490383613
leaf_weight=311 6.9999999999999991 8.0000000000000018 13.999999999999998 23 24 13.999999999999998 11.000000000000002 12.999999999999998 14.999999999999998 46
leaf_count=311 7 8 14 23 24 14 11 13 15 46
internal_value=0 5.02412e-05 0.00229133 -5.76449e-05 -0.000993871 -0.00422687 0.000228573 0.00402769 -5.11168e-05 0.000714998
internal_weight=0 479 22 457 107 37 350 24 326 70
internal_count=486 479 22 457 107 37 350 24 326 70
is_linear=0
shrinkage=0.1


Tree=153
num_leaves=11
num_cat=0
split_feature=70 57 43 73 5 15 33 41 25 52
split_gain=0.00822764 0.0181517 0.0158103 0.0155003 0.0205408 0.0337157 0.0243877 0.0121139 0.0157583 0.0114823
threshold=5.7868785620882379 5.525445002686836 6.2971076241477952 5.9532129741149253 5.5093801410486734 5.0562255201382529 6.1441487928929224 5.2094712223428914 5.6834872047429625 7.8268382000032437
decision_type=2 2 2 2 2 2 2 2 2 2
left_child=1 3 -2 4 6 -6 -1 -5 -9 -3
right_child=2 9 -4 7 5 -7 -8 8 -10 -11
leaf_value=3.5496111294418302e-05 0.0053424895915668465 -0.0069682670136292785 -0.0011651267231042896 -0.0013976544335309873 -0.0090924714381496116 -0.001040271874770928 0.0059911410058183338 0.0088376966863870626 0.0018358524992234178 -0.0010066943908376353
leaf_weight=387 7.9999999999999982 5.9999999999999982 7 5.0000000000000027 5.9999999999999991 39 6.9999999999999991 4.9999999999999991 8.9999999999999982 7
leaf_count=387 8 6 7 5 6 39 7 5 9 7
internal_value=0 -7.34268e-05 0.0023056 3.11625e-05 -8.98643e-05 -0.0021139 0.000141307 0.00282752 0.00433651 -0.00375819
internal_weight=0 471 15 458 439 45 394 19 14 13
internal_count=486 471 15 458 439 45 394 19 14 13
is_linear=0
shrinkage=0.1


Tree=154
num_leaves=11
num_cat=0
split_feature=71 21 21 21 55 43 29 19 81 68
split_gain=0.00814273 0.0231412 0.0440374 0.031596 0.0382087 0.0208007 0.0178211 0.0448514 0.0367738 0.037173
threshold=1.0397207708399181 3.1132683346437333 3.4334666422309414 1.0397207708399181 4.3036997296511936 1.4978661367769959 6.3420656231066301 6.4052270920020655 1.0397207708399181 1.5890269151739729
decision_type=2 2 2 2 2 2 2 2 2 2
left_child=1 3 -3 5 -5 -1 8 -8 -2 -10
right_child=6 2 -4 4 -6 -7 7 -9 9 -11
leaf_value=0.004655950025647013 -0.0082169843662995845 0.012065710127353661 0.0010226280356828985 -0.0079563394395841466 0.0012582300800002286 -0.0015059915228953793 0.005832401029049205 -0.00014284329920593303 0.006459904555231333 -0.0022419751157199412
leaf_weight=14.000000000000002 7.9999999999999991 5.0000000000000027 12.999999999999998 9.0000000000000018 8.9999999999999982 8.9999999999999982 12.999999999999998 373 5.9999999999999991 27
leaf_count=14 8 5 13 9 9 9 13 373 6 27
internal_value=0 0.00110117 0.00409015 -0.000211064 -0.00334905 0.00224476 -0.000152152 5.83955e-05 -0.00213438 -0.000659815
internal_weight=0 59 18 41 18 23 427 386 41 33
internal_count=486 59 18 41 18 23 427 386 41 33
is_linear=0
shrinkage=0.1


Tree=155
num_leaves=7
num_cat=0
split_feature=94 95 38 95 39 44
split_gain=0.00789155 0.0110151 0.0107604 0.0146487 0.021538 0.0211718
threshold=6.5309243747691701 7.1447997903071299 6.3034032896312189 6.0613889946661823 6.3420656231066301 5.7300786997157873
decision_type=2 2 2 2 2 2
left_child=1 2 3 5 -5 -1
right_child=-2 -3 -4 4 -6 -7
leaf_value=2.7875777739075056e-05 -0.0036041935517763103 0.003724639932624996 0.0045971053838729861 -0.0070672851987183096 -0.000834549883737752 0.0036368503235280516
leaf_weight=371 5.9999999999999991 7.9999999999999991 4.9999999999999991 5.9999999999999991 73 17
leaf_count=371 6 8 5 6 73 17
internal_value=0 4.50524e-05 -1.73135e-05 -6.67184e-05 -0.00130792 0.000186001
internal_weight=0 480 472 467 79 388
internal_count=486 480 472 467 79 388
is_linear=0
shrinkage=0.1


Tree=156
num_leaves=11
num_cat=0
split_feature=24 14 15 17 28 23 25 70 59 13
split_gain=0.00823453 0.0353265 0.0260831 0.0404697 0.0218949 0.0207085 0.0205806 0.01988 0.0551135 0.03129
threshold=4.8361559147623279 4.8361559147623279 3.3218948665738366 4.4187680230537838 4.3630783395783075 3.9701138825728512 5.5872416446462791 3.8064155152036787 8.7760052700544779 0.89587973461402759
decision_type=2 2 2 2 2 2 2 2 2 2
left_child=7 -2 4 5 -3 -4 -5 8 -1 -9
right_child=1 2 3 6 -6 -7 -8 9 -10 -11
leaf_value=9.8798315259901923e-05 -0.0047610370118895337 0.00079222980088421288 -0.0065573867244113756 0.0035226784277862556 0.0094564234092831614 -0.0011183030389864664 -0.00020341391445115385 0.0094435031572356817 -0.010502536677813624 0.0012149303229754701
leaf_weight=255 18 6.9999999999999982 14.000000000000002 18 5 13.999999999999998 84 4.9999999999999991 4.9999999999999991 61
leaf_count=255 18 7 14 18 5 14 84 5 5 61
internal_value=0 -0.000587557 -5.85246e-05 -0.000470294 0.00440231 -0.00383784 0.000454132 0.000288372 -0.000105074 0.00183831
internal_weight=0 160 142 130 12 28 102 326 260 66
internal_count=486 160 142 130 12 28 102 326 260 66
is_linear=0
shrinkage=0.1


Tree=157
num_leaves=11
num_cat=0
split_feature=80 79 30 56 42 87 53 11 91 4
split_gain=0.00746059 0.0368894 0.0357356 0.0304257 0.0378411 0.0313462 0.0301823 0.0321795 0.0249218 0.0421353
threshold=3.0433873634561537 6.9196833616345783 3.0433873634561537 1.8688348091416842 4.0428973506407848 2.4414009612931857 2.1383330595080281 1.8688348091416842 1.0397207708399181 2.3937458713910238
decision_type=2 2 2 2 2 2 2 2 2 2
left_child=3 2 -2 6 -5 -6 8 -8 -1 -10
right_child=1 -3 -4 4 5 -7 7 -9 9 -11
leaf_value=0.003521178592927754 -0.00914959833025932 -2.219134168064391e-05 -0.00046387633541598915 -0.0055278867692686619 0.0018458230629691793 0.0077552672081555307 -0.0079207636105517558 -0.0010161808407348064 -0.0027319395288548155 0.0017387402633547177
leaf_weight=23 9.0000000000000018 275 9.9999999999999982 4.9999999999999991 29 12.999999999999998 8.9999999999999982 27 37 49
leaf_count=23 9 275 10 5 29 13 9 27 37 49
internal_value=0 -0.000316625 -0.00457817 0.000484832 0.00269591 0.00367494 -0.000231863 -0.00274233 0.000597281 -0.000184692
internal_weight=0 294 19 192 47 42 145 36 109 86
internal_count=486 294 19 192 47 42 145 36 109 86
is_linear=0
shrinkage=0.1


Tree=158
num_leaves=11
num_cat=0
split_feature=55 65 53 23 73 73 65 75 93 95
split_gain=0.00759972 0.0322907 0.0476245 0.0306676 0.0239695 0.0242165 0.0386277 0.0194235 0.0161053 0.0148793
threshold=5.1761337726651186 5.272986409146923 4.0773937863842606 0.89587973461402759 4.4425820475484112 3.8606743063089755 4.8242976514536702 5.2203412156610947 0.89587973461402759 4.2625806805327082
decision_type=2 2 2 2 2 2 2 2 2 2
left_child=1 4 -3 -2 5 7 -7 -1 -6 -5
right_child=3 2 -4 9 8 6 -8 -9 -10 -11
leaf_value=0.00026841438298756009 -0.007501191754514973 -0.00035372830461710697 0.012860780470073222 -0.0026420521995295654 0.00051325646262349802 -0.00046489538185091471 0.0090852024964988235 -0.0054969628923572603 -0.0055223515839315958 5.9042415232397614e-05
leaf_weight=224 5.9999999999999991 5.9999999999999982 5 23 7.0000000000000027 9.0000000000000018 7.9999999999999991 5.9999999999999991 11.999999999999998 180
leaf_count=224 6 6 5 23 7 9 8 6 12 180
internal_value=0 0.00034349 0.00565287 -0.000455247 0.000123929 0.000387209 0.00402927 0.000118013 -0.00329871 -0.000246993
internal_weight=0 277 11 209 266 247 17 230 19 203
internal_count=486 277 11 209 266 247 17 230 19 203
is_linear=0
shrinkage=0.1


Tree=159
num_leaves=11
num_cat=0
split_feature=92 89 93 5 92 93 100 47 95 13
split_gain=0.00746995 0.0276183 0.017891 0.0146057 0.0138454 0.0162179 0.0119509 0.0196825 0.0173249 0.00706467
threshold=7.6128232189448175 9.954365844681961 6.2102047658780704 4.6913057964583187 7.3862220341502232 5.2390944889447963 3.8815106545092593 2.3502401828962087 5.9939334416227945 4.7664292796317111
decision_type=2 2 2 2 2 2 2 2 2 2
left_child=2 -2 4 9 6 -6 8 -8 -1 -3
right_child=1 3 -4 -5 5 -7 7 -9 -10 -11
leaf_value=5.9020181300762828e-06 -0.006173114623460505 0.00050511887297034232 0.0060528640449047091 0.0027737200240759803 0.006100574228912593 -0.00049038345501425538 0.0068845090921968227 0.00064311545283999303 -0.0020987713426372716 -0.004584458047368874
leaf_weight=352 8.9999999999999982 5.0000000000000018 4.9999999999999991 11.999999999999998 7.9999999999999982 7 5.9999999999999991 32 44 6
leaf_count=352 9 5 5 12 8 7 6 32 44 6
internal_value=0 -0.0014767 0.000104085 0.000361021 3.78402e-05 0.00302479 -6.53956e-05 0.0016286 -0.000227951 -0.00227101
internal_weight=0 32 454 23 449 15 434 38 396 11
internal_count=486 32 454 23 449 15 434 38 396 11
is_linear=0
shrinkage=0.1


Tree=160
num_leaves=11
num_cat=0
split_feature=10 95 26 15 42 56 83 19 11 94
split_gain=0.00665934 0.0375121 0.0425845 0.0288083 0.0217993 0.0175019 0.0454272 0.0329698 0.0247243 0.0468244
threshold=3.8499212036984933 4.2625806805327082 4.4187680230537838 6.5847761301033945 5.1298812082267613 2.8029010331479989 4.6346818562128229 8.3917224624947249 4.7621374077860157 4.7273486598447958
decision_type=2 2 2 2 2 2 2 2 2 2
left_child=3 2 -2 5 -3 6 7 -1 9 -7
right_child=1 4 -4 -5 -6 8 -8 -9 -10 -11
leaf_value=0.00028156477318855587 -0.001895202981928984 -0.0064839004445821054 -0.01255159728229046 0.0078216852433979512 0.00021892767953232115 0.0010523853599842565 -0.0065533556044101715 -0.006701622850232525 -0.0023240582651591728 0.0082460528239607818
leaf_weight=198 15.000000000000002 4.9999999999999991 4.9999999999999991 4.9999999999999991 164 51 10.999999999999998 6.9999999999999991 13.999999999999998 10.999999999999998
leaf_count=198 15 5 5 5 164 51 11 7 14 11
internal_value=0 -0.000464029 -0.0045593 0.000295291 2.06192e-05 0.000166414 -0.000292817 4.31145e-05 0.0014716 0.00232868
internal_weight=0 189 20 297 169 292 216 205 76 62
internal_count=486 189 20 297 169 292 216 205 76 62
is_linear=0
shrinkage=0.1


Tree=161
num_leaves=11
num_cat=0
split_feature=55 37 11 53 53 45 23 47 49 27
split_gain=0.00675658 0.0267394 0.0199124 0.0241616 0.0321211 0.0204097 0.0193509 0.0191503 0.029705 0.0205043
threshold=5.1984817689835037 4.1742689126930488 4.8558607684570871 4.7273486598447958 4.3437210834879627 5.003923783930186 2.1383330595080281 2.0126758453675748 7.7693228296140928 2.4414009612931857
decision_type=2 2 2 2 2 2 2 2 2 2
left_child=1 2 3 4 -1 -4 -2 -8 9 -9
right_child=6 -3 5 -5 -6 -7 7 8 -10 -11
leaf_value=0.00038063529160960267 -0.0037769039779959714 0.0036646746739279479 -0.0009467628607914471 0.0071716700866818438 -0.0057118000229820611 -0.0078476866629595566 0.0031548675644444304 -0.0073280402086675165 -5.5874166450356456e-05 0.00051497217267751697
leaf_weight=225 15.999999999999998 22 15.000000000000002 4.9999999999999991 8.9999999999999982 5.9999999999999991 15.999999999999998 9.9999999999999982 157 4.9999999999999991
leaf_count=225 16 22 15 5 9 6 16 10 157 5
internal_value=0 0.000317129 3.38751e-05 0.000293285 0.000146311 -0.00291846 -0.000438384 -0.000154255 -0.00046208 -0.0047137
internal_weight=0 282 260 239 234 21 204 188 172 15
internal_count=486 282 260 239 234 21 204 188 172 15
is_linear=0
shrinkage=0.1


Tree=162
num_leaves=9
num_cat=0
split_feature=36 37 60 66 54 44 38 58
split_gain=0.00654363 0.0100682 0.022296 0.0226487 0.0175396 0.0108256 0.0146582 0.00443378
threshold=5.9413402452221584 5.4026367991037016 5.7397877426443378 4.317399216745252 5.9814014572911871 5.7557221843442159 5.3278290367727683 5.797565991880604
decision_type=2 2 2 2 2 2 2 2
left_child=1 4 3 -3 5 6 -1 -5
right_child=-2 2 -4 7 -6 -7 -8 -9
leaf_value=8.7231245518574945e-05 -0.0035989746265113354 -0.00083682747763305025 -0.0030719504625137365 0.0073743279383052156 -0.0047192098805680874 0.0036504415242234246 -0.0023184569052386063 0.0037782371665040651
leaf_weight=409 4.9999999999999991 8.0000000000000053 6.9999999999999991 7.9999999999999982 7.9999999999999991 7.9999999999999991 27 6
leaf_count=409 5 8 7 8 8 8 27 6
internal_value=0 3.74114e-05 0.00184365 0.0034077 -7.84755e-05 5.14139e-06 -6.17449e-05 0.00583315
internal_weight=0 481 29 22 452 444 436 14
internal_count=486 481 29 22 452 444 436 14
is_linear=0
shrinkage=0.1


Tree=163
num_leaves=11
num_cat=0
split_feature=53 15 54 54 74 80 65 44 4 57
split_gain=0.00647132 0.0161433 0.013507 0.0275844 0.0177824 0.0255149 0.0176329 0.0145616 0.00987382 0.0356803
threshold=6.2576382274985969 6.2709866451262153 5.4847883247493394 5.4116061905722832 6.3758932670051935 5.1503930356556173 6.5624281337850094 5.7300786997157873 5.1119152036137292 4.4187680230537838
decision_type=2 2 2 2 2 2 2 2 2 2
left_child=2 -2 3 8 5 6 -4 -7 9 -1
right_child=1 -3 4 -5 -6 7 -8 -9 -10 -11
leaf_value=3.033235610043181e-05 0.0066895326226949648 3.3898896967562347e-06 -2.0407957470461985e-05 0.0046522139141765926 0.0030976178440531451 -0.0098281221153835481 -0.0064505088701844217 -0.0025211057625710962 -0.0012230866096353443 0.0072435571812093265
leaf_weight=337 5.0000000000000027 12.999999999999998 29 12.999999999999998 6.9999999999999991 5.9999999999999982 4.9999999999999991 5 59 6.9999999999999991
leaf_count=337 5 13 29 13 7 6 5 5 59 7
internal_value=0 0.00186065 -7.15635e-05 0.000118374 -0.00159106 -0.00232041 -0.000966011 -0.00650675 -2.78789e-05 0.000177113
internal_weight=0 18 468 416 52 45 34 11 403 344
internal_count=486 18 468 416 52 45 34 11 403 344
is_linear=0
shrinkage=0.1


Tree=164
num_leaves=11
num_cat=0
split_feature=86 75 25 93 93 85 85 5 31 21
split_gain=0.00624625 0.0159987 0.0245581 0.0199496 0.0173359 0.0138104 0.0313362 0.0167362 0.0149868 0.0101577
threshold=4.4885732424042368 5.9738063745441989 5.1761337726651186 5.0172579074712669 4.4885732424042368 5.8664640443659364 5.7556620918016277 4.744894319750431 5.4889035743175976 5.8749149497672386
decision_type=2 2 2 2 2 2 2 2 2 2
left_child=1 5 -3 4 -4 6 8 -7 -1 -5
right_child=-2 2 3 9 -6 7 -8 -9 -10 -11
leaf_value=-2.8920559404207358e-05 0.00092894831239911067 -0.0084219459258019925 -0.00063789654624364948 -0.00073434994556009737 0.0053978699880341688 -0.00032854747027158746 -0.005831435422361312 0.0078534233570098869 0.0026119735346266837 -0.0053345534969897329
leaf_weight=327 63 4.9999999999999991 23.000000000000004 8.0000000000000018 5.9999999999999991 4.9999999999999982 8.9999999999999982 5 23 11.999999999999998
leaf_count=327 63 5 23 8 6 5 9 5 23 12
internal_value=0 -0.000138354 -0.00174599 -0.00106477 0.000610883 9.69101e-05 -5.19373e-06 0.00376244 0.000144624 -0.00349447
internal_weight=0 423 54 49 29 369 359 10 350 20
internal_count=486 423 54 49 29 369 359 10 350 20
is_linear=0
shrinkage=0.1


Tree=165
num_leaves=11
num_cat=0
split_feature=24 48 48 96 1 0 1 70 59 5
split_gain=0.00615652 0.0267755 0.0167706 0.0162739 0.0210042 0.0358941 0.0273533 0.0147051 0.0360947 0.0256026
threshold=4.8361559147623279 4.1107394736335969 3.9316333620047872 1.5890269151739729 5.0688844241303981 5.1119152036137292 4.9628201785886317 3.8064155152036787 8.7760052700544779 4.5847591887279648
decision_type=2 2 2 2 2 2 2 2 2 2
left_child=7 2 -2 -3 6 -6 -5 8 9 -1
right_child=1 3 -4 4 5 -7 -8 -9 -10 -11
leaf_value=-0.00019185062989103657 -0.0014230426400899891 0.0032073157153298289 -0.009613422527909277 -0.001482580826996127 0.0058538046292960647 -0.00043561502742314978 -0.009613012969493866 0.0015823733849560308 -0.0085033809870947146 0.0038251273334026338
leaf_weight=238 4.9999999999999982 12.999999999999998 5 24.000000000000004 9.9999999999999982 98 4.9999999999999991 66 4.9999999999999991 17
leaf_count=238 5 13 5 24 10 98 5 66 5 17
internal_value=0 -0.00050804 -0.00551823 -0.000174028 -0.000494885 0.000146739 -0.00288438 0.000249345 -8.90392e-05 7.59479e-05
internal_weight=0 160 10 150 137 108 29 326 260 255
internal_count=486 160 10 150 137 108 29 326 260 255
is_linear=0
shrinkage=0.1


Tree=166
num_leaves=11
num_cat=0
split_feature=6 6 18 5 97 44 15 73 31 69
split_gain=0.00612108 0.0269708 0.0352746 0.0234568 0.0325627 0.0242063 0.0363022 0.0318771 0.0389336 0.0308859
threshold=3.8499212036984933 4.1107394736335969 1.9356005054539456 2.9174053685313028 1.0397207708399181 4.3437210834879627 4.1583945635357589 2.8029010331479989 1.8688348091416842 6.5595510325509787
decision_type=2 2 2 2 2 2 2 2 2 2
left_child=3 2 -2 5 -5 7 -7 8 -1 -9
right_child=1 -3 -4 4 -6 6 -8 9 -10 -11
leaf_value=-0.0046329857129603627 0.0035639267042279219 -2.9122974630824326e-05 -0.0060587466519791636 0.0071296558825997645 0.001006223782755886 0.0067723510490561058 -0.0015525609464384616 0.0086948244056353919 -0.00038632126373855711 0.00034949162089854808
leaf_weight=30 5.0000000000000027 238 15.999999999999998 9.9999999999999982 66 11.000000000000002 9.9999999999999982 6.0000000000000027 77 17
leaf_count=30 5 238 16 10 66 11 10 6 77 17
internal_value=0 -0.000332245 -0.00376763 0.000379082 0.00181194 -0.000342091 0.00280811 -0.000850969 -0.00157697 0.00252653
internal_weight=0 259 21 227 76 151 21 130 107 23
internal_count=486 259 21 227 76 151 21 130 107 23
is_linear=0
shrinkage=0.1


Tree=167
num_leaves=11
num_cat=0
split_feature=19 29 68 66 54 69 9 89 29 64
split_gain=0.00627669 0.0378904 0.0456153 0.0375084 0.0375205 0.0304209 0.0252233 0.0259205 0.0197634 0.0194566
threshold=6.4295893882764688 6.4052270920020655 2.3937458713910238 1.2424533248940004 1.2424533248940004 6.8051648535121192 6.4295893882764688 5.2670071855572038 6.311733162251806 2.3937458713910238
decision_type=2 2 2 2 2 2 2 2 2 2
left_child=1 2 3 4 -1 -4 -2 -8 -9 -3
right_child=6 9 5 -5 -6 -7 7 8 -10 -11
leaf_value=0.0027404570709913968 -0.004676975045974056 0.0083136948032511617 -0.0086890506454639967 0.0080755807426092889 -0.0031549509626960289 0.00010067823209932873 0.0052819948546433204 -0.0063931120466440925 -6.4746997956914459e-05 0.00053348970133811232
leaf_weight=25 11.999999999999998 8.9999999999999982 8.9999999999999982 6.9999999999999991 19 6.9999999999999991 8.9999999999999982 4.9999999999999991 379 4.9999999999999991
leaf_count=25 12 9 9 7 19 7 9 5 379 5
internal_value=0 0.000803585 -0.000185079 0.0012764 0.000194713 -0.00484354 -0.000160717 -2.28161e-05 -0.000147148 0.00553505
internal_weight=0 81 67 51 44 16 405 393 384 14
internal_count=486 81 67 51 44 16 405 393 384 14
is_linear=0
shrinkage=0.1


Tree=168
num_leaves=11
num_cat=0
split_feature=71 92 59 62 52 84 3 96 88 64
split_gain=0.00622764 0.0213304 0.0367154 0.0190668 0.0165464 0.0138375 0.0134611 0.0210181 0.0271883 0.0327766
threshold=1.0397207708399181 3.9505035259962109 6.4891310167150369 3.0433873634561537 1.5890269151739729 4.3943729409690677 2.602003343538398 2.7058230259275202 1.9356005054539456 2.3937458713910238
decision_type=2 2 2 2 2 2 2 2 2 2
left_child=1 2 -1 4 -3 -5 7 8 9 -2
right_child=6 3 -4 5 -6 -7 -8 -9 -10 -11
leaf_value=0.0094570845232478176 -0.0020828299224376679 -0.00088150883067018284 0.00047414102770674686 0.0027383148101054956 -0.0078194484114646919 -0.0032083124108612544 0.00015505007835621355 0.0040324393759614656 -0.00085002333816031322 -0.012180928103625775
leaf_weight=7.0000000000000027 8.9999999999999982 10.999999999999998 12.999999999999998 18.000000000000004 4.9999999999999991 4.9999999999999991 338 6.9999999999999991 68 4.9999999999999991
leaf_count=7 9 11 13 18 5 5 338 7 68 5
internal_value=0 0.000963012 0.00361817 -0.000398609 -0.00304961 0.00144557 -0.000133063 -0.00122724 -0.00167624 -0.00568929
internal_weight=0 59 20 39 16 23 427 89 82 14
internal_count=486 59 20 39 16 23 427 89 82 14
is_linear=0
shrinkage=0.1


Tree=169
num_leaves=11
num_cat=0
split_feature=70 11 7 11 38 70 15 60 44 16
split_gain=0.00579196 0.0322559 0.0550618 0.0325816 0.0244036 0.017152 0.0280603 0.0159744 0.015147 0.0156395
threshold=1.0397207708399181 3.4334666422309414 1.0397207708399181 1.8688348091416842 1.0397207708399181 2.3502401828962087 3.8499212036984933 2.191013317336941 1.4978661367769956 1.4978661367769956
decision_type=2 2 2 2 2 2 2 2 2 2
left_child=1 2 3 -1 -3 6 -2 -7 -6 -10
right_child=5 4 -4 -5 8 7 -8 -9 9 -11
leaf_value=-0.0028046002019740009 -0.0066375255584716804 -0.0077759503945708216 0.010355809889733792 0.0051548665337678469 -0.0036492319020908315 0.0032912541863818964 -0.00064963187711934256 -3.8142362179292357e-05 0.0057162265681351227 -0.0007417388167232276
leaf_weight=12.000000000000005 9.9999999999999982 5.0000000000000027 7.9999999999999991 8.9999999999999982 8.0000000000000018 14.999999999999998 36 367 5.9999999999999991 9.9999999999999982
leaf_count=12 10 5 8 9 8 15 36 367 6 10
internal_value=0 0.000937783 0.00329604 0.0006066 -0.00142047 -0.000127083 -0.00195135 9.25931e-05 -9.64118e-05 0.00168
internal_weight=0 58 29 21 29 428 46 382 24 16
internal_count=486 58 29 21 29 428 46 382 24 16
is_linear=0
shrinkage=0.1


Tree=170
num_leaves=11
num_cat=0
split_feature=41 39 44 56 46 64 4 14 60 37
split_gain=0.00525014 0.0230494 0.027935 0.0212562 0.0226624 0.0163446 0.0162851 0.0145765 0.0180464 0.0149135
threshold=4.7621374077860157 8.9661930242131387 4.8597823571876004 4.2625806805327082 4.465842055365858 5.6594761454779006 5.7104050880312123 5.5606520443413574 5.7397877426443378 4.976709960642169
decision_type=2 2 2 2 2 2 2 2 2 2
left_child=1 -1 -3 4 5 -2 -5 9 -9 -8
right_child=3 2 -4 6 -6 -7 7 8 -10 -11
leaf_value=5.8358599780595299e-05 -0.00080660664171983425 -0.00065160534577444204 0.0086470799587134786 0.0027601929539814597 -0.0081990760192275063 -0.0067398766940459619 0.00079680014091233417 0.0033725715899730426 -0.0026603432039597205 -0.0033744239050429317
leaf_weight=314 65 5.9999999999999982 7 25 4.9999999999999991 4.9999999999999991 14.999999999999998 17.000000000000004 6.9999999999999991 20
leaf_count=314 65 6 7 25 5 5 15 17 7 20
internal_value=0 0.000229188 0.00435538 -0.000471349 -0.00169499 -0.00123041 0.000621186 -0.000285172 0.00161297 -0.00158676
internal_weight=0 327 13 159 75 70 84 59 24 35
internal_count=486 327 13 159 75 70 84 59 24 35
is_linear=0
shrinkage=0.1


Tree=171
num_leaves=10
num_cat=0
split_feature=70 70 25 74 64 34 44 5 65
split_gain=0.00609234 0.00991509 0.00894518 0.00705192 0.00863876 0.0179334 0.00961593 0.0061306 0.00144356
threshold=5.7868785620882379 5.5129081839107776 6.8330294103967413 6.1857935420038741 5.6239588547786612 5.3752355389054705 5.4847883247493394 6.462969825394751 6.874172294052209
decision_type=2 2 2 2 2 2 2 2 2
left_child=1 3 -2 4 6 -6 -1 -3 -4
right_child=2 7 8 -5 5 -7 -8 -9 -10
leaf_value=-3.8784889970409149e-05 0.0054375230206642304 -0.0051610736486812445 0.0014586988091468815 0.0037459984491579239 0.0022068924823543047 -0.0034371682516250168 0.0019824958452954889 -0.00064052738404522336 -0.00094426195137202722
leaf_weight=402 4.9999999999999991 5.9999999999999982 4.9999999999999982 4.9999999999999991 8.0000000000000018 19 25 6 5
leaf_count=402 5 6 5 5 8 19 25 6 5
internal_value=0 -6.31843e-05 0.00198399 1.10018e-05 -3.01326e-05 -0.00176485 7.95571e-05 -0.0029008 0.000257218
internal_weight=0 471 15 459 454 27 427 12 10
internal_count=486 471 15 459 454 27 427 12 10
is_linear=0
shrinkage=0.1


Tree=172
num_leaves=11
num_cat=0
split_feature=71 68 21 73 71 71 79 82 9 10
split_gain=0.00523492 0.0336753 0.0153 0.014685 0.0250727 0.0198618 0.0243209 0.0170016 0.0373079 0.0261808
threshold=3.3497501700808394 2.3937458713910238 3.3497501700808394 2.9430520157250784 1.4978661367769956 2.3502401828962087 7.4710489355439487 4.2625806805327082 4.8597823571876004 2.8029010331479989
decision_type=2 2 2 2 2 2 2 2 2 2
left_child=3 2 -2 7 -5 -6 -7 -1 -9 -10
right_child=1 -3 -4 4 5 6 -8 8 9 -11
leaf_value=-0.0011481264417148261 -0.0020531979203224186 -6.2139867565769437e-05 -0.0098762521147727957 0.0075883127216781893 -0.002988571642587581 0.0065559079042739324 -0.00032091353787109259 0.00856422729169329 -0.0020396537746169736 0.0018549853794199104
leaf_weight=71 4.9999999999999982 289 5 6.9999999999999991 9.0000000000000018 9.0000000000000018 11.999999999999998 5.9999999999999991 28 45
leaf_count=71 5 289 5 7 9 9 12 6 28 45
internal_value=0 -0.000259551 -0.00596473 0.000415004 0.00219928 0.000941835 0.0026263 -2.51172e-05 0.00098417 0.000361151
internal_weight=0 299 10 187 37 30 21 150 79 73
internal_count=486 299 10 187 37 30 21 150 79 73
is_linear=0
shrinkage=0.1


Tree=173
num_leaves=11
num_cat=0
split_feature=20 30 13 89 82 91 32 40 35 8
split_gain=0.00586922 0.0229456 0.0228663 0.0190871 0.0295689 0.0173179 0.0364832 0.0243489 0.0232035 0.0141374
threshold=3.2951505240983434 3.0433873634561537 2.3502401828962087 8.7816318686317363 4.4425820475484112 4.3943729409690677 6.2401219279770048 1.9356005054539456 4.7405652883788738 2.7058230259275202
decision_type=2 2 2 2 2 2 2 2 2 2
left_child=3 2 -2 5 -5 6 9 -7 -9 -1
right_child=1 -3 -4 4 -6 7 -8 8 -10 -11
leaf_value=-0.00050121347377688505 -0.001241487507811851 -9.571788715166965e-05 -0.0096759223192930226 -0.00063752635781254101 0.0085539152047463818 0.0033178946624199536 0.0089151392504572876 -0.0064448564053656374 0.00069634463039359876 0.0013442253295631547
leaf_weight=102 8.9999999999999982 255 4.9999999999999991 6.9999999999999982 7 6.0000000000000027 4.9999999999999991 13.000000000000002 6.9999999999999991 70
leaf_count=102 9 255 5 7 7 6 5 13 7 70
internal_value=0 -0.000312123 -0.00425379 0.000386917 0.00395819 0.000140622 0.00049462 -0.00226928 -0.00394544 0.000249837
internal_weight=0 269 14 217 14 203 177 26 20 172
internal_count=486 269 14 217 14 203 177 26 20 172
is_linear=0
shrinkage=0.1


Tree=174
num_leaves=11
num_cat=0
split_feature=37 42 78 68 29 50 56 30 18 60
split_gain=0.00513024 0.0243906 0.0178551 0.0195276 0.0227635 0.0174166 0.016052 0.0156478 0.022292 0.0218101
threshold=1.4978661367769956 1.0397207708399181 2.7058230259275202 3.0201273556387074 6.9927515451944107 3.4334666422309414 1.4978661367769956 2.8617925509761908 2.191013317336941 2.9700856263602158
decision_type=2 2 2 2 2 2 2 2 2 2
left_child=7 -2 5 6 -5 -3 -4 9 -9 -1
right_child=1 2 3 4 -6 -7 -8 8 -10 -11
leaf_value=0.00040451957206228556 -0.0065374673654635743 -0.00093316443264484378 0.00049086324870586376 -0.0050497811494602104 5.9596947929614025e-05 -0.0069740150789065029 0.0066472063015680762 -0.0059098597848787904 -4.2876146033128916e-05 0.0039247630545022815
leaf_weight=88 5.9999999999999991 15.000000000000002 9.0000000000000018 8.9999999999999982 280 6.9999999999999991 7.9999999999999991 7.9999999999999991 34 22
leaf_count=88 6 15 9 9 280 7 8 8 34 22
internal_value=0 -0.000219179 -0.000103601 9.42305e-05 -9.95186e-05 -0.00285525 0.00338797 0.000481617 -0.0011604 0.00110857
internal_weight=0 334 328 306 289 22 17 152 42 110
internal_count=486 334 328 306 289 22 17 152 42 110
is_linear=0
shrinkage=0.1


Tree=175
num_leaves=11
num_cat=0
split_feature=76 80 70 95 47 57 49 40 74 58
split_gain=0.00500012 0.0199783 0.0152207 0.0280395 0.01857 0.0170897 0.0269175 0.0193787 0.0192041 0.0167653
threshold=2.5619819897016298 4.1742689126930488 3.1984648276080736 4.007167868649713 2.4414009612931857 3.4175922930736511 8.7760052700544779 2.602003343538398 4.0773937863842606 4.0773937863842606
decision_type=2 2 2 2 2 2 2 2 2 2
left_child=1 -1 3 -2 -5 7 -7 -4 -9 -8
right_child=2 -3 5 4 -6 6 9 8 -10 -11
leaf_value=0.00011228697987346404 0.0014657412655651571 0.0042954351326140268 -0.0041246322542428972 -0.0080173996380633744 -0.0018924319786244516 -0.0037376726009163332 0.0041992276163202611 0.001008599490676345 0.0058165132688979305 -0.0002615124537083885
leaf_weight=235 11.999999999999998 11.999999999999998 4.9999999999999991 9.0000000000000018 10.999999999999998 22 8.9999999999999982 27 11.999999999999998 132
leaf_count=235 12 12 5 9 11 22 9 27 12 132
internal_value=0 0.000315517 -0.000326078 -0.00235576 -0.00464867 -1.23102e-05 -0.000484389 0.00173653 0.00248796 2.32156e-05
internal_weight=0 247 239 32 20 207 163 44 39 141
internal_count=486 247 239 32 20 207 163 44 39 141
is_linear=0
shrinkage=0.1


Tree=176
num_leaves=11
num_cat=0
split_feature=70 52 54 52 64 56 69 94 58 33
split_gain=0.00513566 0.00804728 0.0196992 0.021932 0.0192178 0.0151441 0.0273759 0.0203672 0.0306879 0.0191272
threshold=5.7868785620882379 6.8123444890560956 4.7621374077860157 6.8865269473837794 5.6239588547786612 2.8029010331479989 8.8013188456925118 4.7273486598447958 4.1742689126930488 3.3667009459186801
decision_type=2 2 2 2 2 2 2 2 2 2
left_child=1 5 -3 -4 -5 6 -1 9 -9 -7
right_child=-2 2 3 4 -6 7 -8 8 -10 -11
leaf_value=-2.1151569151822406e-06 0.0018215652958800397 -0.0040661116679984845 -0.0049158173716730546 0.0017815427714106967 -0.0013847675355565217 0.0024416992692276838 -0.0048861850596343482 0.0098278213913241957 0.0017973086472762669 -0.0010842990106903017
leaf_weight=263 14.999999999999998 15.999999999999998 8.9999999999999982 41 36 25 11.999999999999998 6.0000000000000027 23 40
leaf_count=263 15 16 9 41 36 25 12 6 23 40
internal_value=0 -5.80116e-05 -0.000844201 -0.000244776 0.00030119 0.000159309 -0.000215238 0.00125506 0.00345879 0.000271854
internal_weight=0 471 102 86 77 369 275 94 29 65
internal_count=486 471 102 86 77 369 275 94 29 65
is_linear=0
shrinkage=0.1


Tree=177
num_leaves=11
num_cat=0
split_feature=42 0 91 73 42 74 99 62 38 5
split_gain=0.00496831 0.0318819 0.0327331 0.0272271 0.0231202 0.0196739 0.0244125 0.0184877 0.00819439 0.020112
threshold=1.5890269151739729 1.8688348091416842 1.9356005054539456 2.9430520157250784 1.9356005054539456 2.1383330595080281 3.5114340430413216 1.0397207708399181 1.9356005054539456 2.3937458713910238
decision_type=2 2 2 2 2 2 2 2 2 2
left_child=1 3 7 5 -2 -1 -7 -3 9 -6
right_child=4 2 -4 -5 8 6 -8 -9 -10 -11
leaf_value=0.001679332961793989 -0.0062784101814031606 0.012457259073853496 -0.0011852998053655029 0.0055494707310572268 0.0024908158203793898 -0.0004593389574438332 -0.0071493504196405407 0.0038577823340892785 0.00010020986537896608 -0.0030523529994146278
leaf_weight=10.999999999999998 5.9999999999999991 4.9999999999999982 5.9999999999999991 5.9999999999999991 8.9999999999999982 12.000000000000002 9.9999999999999982 5 392 24
leaf_count=11 6 5 6 6 9 12 10 5 392 24
internal_value=0 0.000895042 0.00465396 -0.000647079 -0.000114217 -0.00177372 -0.00350025 0.00815752 -2.71926e-05 -0.00154058
internal_weight=0 55 16 39 431 33 22 10 425 33
internal_count=486 55 16 39 431 33 22 10 425 33
is_linear=0
shrinkage=0.1


Tree=178
num_leaves=11
num_cat=0
split_feature=49 13 74 79 49 18 22 70 39 45
split_gain=0.00516866 0.0208219 0.023862 0.0437049 0.0207166 0.0152894 0.0187398 0.0152614 0.0144864 0.019729
threshold=6.2633529090608215 1.4978661367769959 3.2180751841847144 6.4891310167150369 6.4295893882764688 1.9356005054539456 4.3437210834879627 2.8617925509761908 6.459903229849254 3.9316333620047872
decision_type=2 2 2 2 2 2 2 2 2 2
left_child=1 2 3 -1 5 -2 -7 -3 9 -6
right_child=4 7 -4 -5 8 6 -8 -9 -10 -11
leaf_value=-0.00073905679638738993 0.0016409697383642187 0.0076081709936261198 -0.0037257712441854753 0.0073075559404161246 -0.0018403026554733516 -0.0091124312952160832 -0.0020432849304052071 0.0003745848778635263 -7.7825631610138751e-05 0.005994170490238402
leaf_weight=27 5.0000000000000027 6.9999999999999982 12.999999999999998 8.9999999999999982 4.9999999999999991 5.9999999999999991 9.9999999999999982 5 390 8.9999999999999982
leaf_count=27 5 7 13 9 5 6 10 5 390 9
internal_value=0 0.000860796 -5.35011e-05 0.0012726 -0.00012355 -0.00318584 -0.00469421 0.00459418 3.56288e-05 0.00319614
internal_weight=0 61 49 36 425 21 16 12 404 14
internal_count=486 61 49 36 425 21 16 12 404 14
is_linear=0
shrinkage=0.1


Tree=179
num_leaves=11
num_cat=0
split_feature=6 5 85 95 14 85 75 81 51 43
split_gain=0.00469016 0.0183211 0.0238156 0.0221718 0.0150957 0.0149865 0.0153805 0.0183418 0.0226004 0.0203733
threshold=3.8499212036984933 4.4829865921051741 5.1445790166580574 6.102556092217525 2.1383330595080281 5.0139575654555903 4.8242976514536702 4.1107394736335969 4.5107991236896536 2.740319461670996
decision_type=2 2 2 2 2 2 2 2 2 2
left_child=5 2 3 4 -2 6 7 9 -9 -1
right_child=1 -3 -4 -5 -6 -7 -8 8 -10 -11
leaf_value=0.0012587163883544458 0.0065701253712177237 0.00016096567760270312 -0.0041846475936472413 -0.0037585297599434853 0.0003194342860404183 0.001768707746893845 -0.0026633474698645018 -0.003945842466782778 0.0016973882574926723 -0.0028001485703238621
leaf_weight=106 5.0000000000000027 201 25 10.999999999999998 17 55 21 20.000000000000004 10.999999999999998 13.999999999999998
leaf_count=106 5 201 25 11 17 55 21 20 11 14
internal_value=0 -0.00029083 -0.00185653 -9.28127e-05 0.00174005 0.000331828 -0.00012764 0.000225008 -0.00194341 0.000785182
internal_weight=0 259 58 33 22 227 172 151 31 120
internal_count=486 259 58 33 22 227 172 151 31 120
is_linear=0
shrinkage=0.1


Tree=180
num_leaves=11
num_cat=0
split_feature=80 72 72 44 21 69 0 62 79 48
split_gain=0.00430855 0.0165951 0.0456886 0.0212512 0.0174031 0.0294352 0.0230099 0.0163857 0.013254 0.0199906
threshold=2.524928003624769 4.234001473612734 4.5053345884235583 4.3437210834879627 1.0397207708399181 6.4052270920020655 3.2951505240983434 4.4425820475484112 6.9087542803134747 2.8314802400679731
decision_type=2 2 2 2 2 2 2 2 2 2
left_child=1 3 7 4 5 -1 -6 -3 9 -2
right_child=8 2 -4 -5 6 -7 -8 -9 -10 -11
leaf_value=0.0044091744272289068 0.00029757721000351012 0.0097394939046353129 -0.00010608886856765998 0.0052852227973441282 -0.0038076573059827624 -0.0030304711958807377 0.00094618563416588592 0.0028263422194868323 9.6433853687904347e-05 -0.0033530519778529806
leaf_weight=13.000000000000002 30 7.9999999999999982 31 5.9999999999999991 28 8.9999999999999982 15.999999999999998 6 309 30
leaf_count=13 30 8 31 6 28 9 16 6 309 30
internal_value=0 0.000528771 0.00203523 -0.000412765 -0.000930764 0.00136568 -0.00207899 0.00677671 -0.000167659 -0.00152774
internal_weight=0 117 45 72 66 22 44 14 369 60
internal_count=486 117 45 72 66 22 44 14 369 60
is_linear=0
shrinkage=0.1


Tree=181
num_leaves=11
num_cat=0
split_feature=70 5 15 38 19 15 99 70 15 60
split_gain=0.00438131 0.0151386 0.0184855 0.0154514 0.0160492 0.0153383 0.0114373 0.0106904 0.0173219 0.011395
threshold=1.0397207708399181 2.602003343538398 2.649158683274019 1.0397207708399181 7.6902834072304618 4.5325416796595226 3.5114340430413216 2.3502401828962087 3.8499212036984933 2.191013317336941
decision_type=2 2 2 2 2 2 2 2 2 2
left_child=1 2 3 6 -5 -4 -1 8 -2 -9
right_child=7 -3 5 4 -6 -7 -8 9 -10 -11
leaf_value=-0.00061935906150293609 -0.0052326303534209733 0.0060755850700661548 0.0081085077999159712 0.0031084866053424768 -0.0022330404922185055 0.00027566908742301163 -0.0055886790971271701 0.0027644503861665726 -0.00052799819321889022 -4.7517374919363295e-05
leaf_weight=11.000000000000002 9.9999999999999982 4.9999999999999991 4.9999999999999982 15.000000000000002 8.9999999999999982 5 7.9999999999999991 14.999999999999998 36 367
leaf_count=11 10 5 5 15 9 5 8 15 36 367
internal_value=0 0.000815627 0.000319404 -0.00058122 0.00110541 0.00419209 -0.0027117 -0.000110529 -0.00155074 6.29002e-05
internal_weight=0 58 53 43 24 10 19 428 46 382
internal_count=486 58 53 43 24 10 19 428 46 382
is_linear=0
shrinkage=0.1


Tree=182
num_leaves=11
num_cat=0
split_feature=86 61 61 86 87 53 84 91 56 76
split_gain=0.00423087 0.012248 0.0225714 0.0140078 0.0171922 0.0169544 0.0197819 0.0196199 0.0113868 0.0263567
threshold=2.0126758453675748 3.9607678160667752 4.007167868649713 1.4978661367769956 0.8958797346140277 2.1383330595080281 1.4978661367769956 1.0397207708399181 2.8029010331479989 2.3502401828962087
decision_type=2 2 2 2 2 2 2 2 2 2
left_child=1 3 -3 5 -5 6 -1 -7 -2 -10
right_child=8 2 -4 4 -6 7 -8 -9 9 -11
leaf_value=-0.0010039752778093502 -0.0010989883665910617 0.0081189931929111486 0.0010114674262392024 -0.0015282667106172692 0.0052426864905282854 -0.0073980737011879686 0.0019931202351654068 -0.0012089231301589669 0.004750428441911936 -8.9835810718391762e-05
leaf_weight=49 101 4.9999999999999991 42 5.9999999999999991 9.9999999999999982 5.9999999999999991 40 35 11.999999999999998 180
leaf_count=49 101 5 42 6 10 6 40 35 12 180
internal_value=0 0.00036354 0.00176759 -8.84484e-05 0.00270358 -0.000432083 0.000343034 -0.00211465 -0.000239465 0.000212681
internal_weight=0 193 47 146 16 130 89 41 293 192
internal_count=486 193 47 146 16 130 89 41 293 192
is_linear=0
shrinkage=0.1


Tree=183
num_leaves=11
num_cat=0
split_feature=19 35 15 74 34 9 94 89 49 21
split_gain=0.00451354 0.0190638 0.0237542 0.0139669 0.0237317 0.013591 0.0176995 0.0138297 0.0109435 0.0103284
threshold=6.4295893882764688 4.7405652883788738 4.7094896185437563 3.2180751841847144 3.6505739029280164 6.4295893882764688 3.0433873634561537 5.2670071855572038 6.5792357796731817 1.8688348091416842
decision_type=2 2 2 2 2 2 2 2 2 2
left_child=1 2 3 4 -1 6 -2 -7 -5 -4
right_child=5 -3 9 8 -6 7 -8 -9 -10 -11
leaf_value=0.00079207846752574879 -0.00020561040645199164 0.0037735710269771517 -0.007671980662271382 -0.0057430017204023898 0.0081443320959806442 0.0038397794692880578 -0.00799560822546482 -0.00012587776743930117 0.00022075282467994841 -0.0015180615126155316
leaf_weight=36 6.9999999999999982 15.999999999999998 4.9999999999999982 4.9999999999999991 4.9999999999999991 8.9999999999999982 5 384 7.9999999999999991 6
leaf_count=36 7 16 5 5 5 9 5 384 8 6
internal_value=0 0.000681437 -7.97042e-05 0.000783102 0.00168869 -0.000136287 -0.00345144 -3.50612e-05 -0.002073 -0.0043153
internal_weight=0 81 65 54 41 405 12 393 13 11
internal_count=486 81 65 54 41 405 12 393 13 11
is_linear=0
shrinkage=0.1


Tree=184
num_leaves=9
num_cat=0
split_feature=53 15 80 75 56 37 5 64
split_gain=0.00429956 0.0106358 0.00919109 0.0100288 0.0111296 0.00811312 0.0035472 0.00236255
threshold=6.2576382274985969 6.2709866451262153 5.9042878535355934 7.0334815994577964 4.8282817362782584 5.5333816772649813 6.5610216630967022 6.280220465588493
decision_type=2 2 2 2 2 2 2 2
left_child=2 -2 3 4 5 -1 -5 -3
right_child=1 7 -4 6 -6 -7 -8 -9
leaf_value=1.3170693494719649e-05 0.0054361848579719627 0.0012572025514340829 -0.0043228118214756256 0.0039366343873552976 -0.0037966842646710575 -0.0040381482476368547 0.00095871362427715214 -0.0014469887556818623
leaf_weight=434 5.0000000000000027 6.9999999999999982 4.9999999999999991 7.9999999999999991 7.9999999999999991 4.9999999999999991 7.9999999999999991 6
leaf_count=434 5 7 5 8 8 5 8 6
internal_value=0 0.00151663 -5.83321e-05 -1.22794e-05 -0.000100331 -3.29719e-05 0.00244767 9.11426e-06
internal_weight=0 18 468 463 447 439 16 13
internal_count=486 18 468 463 447 439 16 13
is_linear=0
shrinkage=0.1


Tree=185
num_leaves=8
num_cat=0
split_feature=70 70 43 74 54 23 13
split_gain=0.00401932 0.00720096 0.00704814 0.00568776 0.0063267 0.00893287 0.00555109
threshold=5.7868785620882379 5.5129081839107776 6.2971076241477952 6.1857935420038741 5.9571243369555296 6.0366761762234473 5.8819043445924564
decision_type=2 2 2 2 2 2 2
left_child=1 3 -2 4 5 -1 -3
right_child=2 6 -4 -5 -6 -7 -8
leaf_value=-4.6538954778339426e-05 0.003639135617413559 -0.0042873169960720202 -0.00070585418891693863 0.0033662432711571454 -0.0026499803281492661 0.0027193890166624141 7.5284548802301285e-05
leaf_weight=433 7.9999999999999982 6.9999999999999982 7 4.9999999999999991 8.9999999999999982 11.999999999999998 5
leaf_count=433 8 7 7 5 9 12 5
internal_value=0 -5.13208e-05 0.00161147 1.19013e-05 -2.50408e-05 2.80479e-05 -0.00246957
internal_weight=0 471 15 459 454 445 12
internal_count=486 471 15 459 454 445 12
is_linear=0
shrinkage=0.1


Tree=186
num_leaves=11
num_cat=0
split_feature=1 1 94 101 0 36 96 58 29 58
split_gain=0.00407694 0.0190946 0.0218067 0.0228411 0.0205723 0.0121064 0.0120485 0.0109871 0.0103671 0.023962
threshold=4.7957563937576522 5.0688844241303981 4.5950688323293329 2.740319461670996 5.1119152036137292 4.3943729409690677 3.7132745361986528 4.9344480538832558 8.7846956037077835 4.4127799275304271
decision_type=2 2 2 2 2 2 2 2 2 2
left_child=8 2 -2 -4 -3 6 -6 -7 -1 -10
right_child=1 4 3 -5 5 7 -8 -9 9 -11
leaf_value=7.4655684182613338e-05 0.00098067818519969783 0.0033968114716117271 3.7168402923271049e-05 -0.0065793875154728692 0.00015382822353525886 0.0051324498653411866 -0.0027079268776428619 0.00025338318892560588 0.0084305828437209081 0.00028465061421649386
leaf_weight=292 11.999999999999998 17 8.0000000000000018 14.999999999999998 28 4.9999999999999991 31 60 5.0000000000000027 12.999999999999998
leaf_count=292 12 17 8 15 28 5 31 60 5 13
internal_value=0 -0.000384391 -0.00247501 -0.00427798 0.000134557 -0.000312688 -0.00134981 0.000628696 0.000218235 0.00254741
internal_weight=0 176 35 23 141 124 59 65 310 18
internal_count=486 176 35 23 141 124 59 65 310 18
is_linear=0
shrinkage=0.1


Tree=187
num_leaves=11
num_cat=0
split_feature=71 36 80 41 31 3 1 87 56 84
split_gain=0.00402592 0.0107775 0.0225423 0.0186387 0.0101662 0.00962666 0.0160966 0.0156038 0.0237898 0.0144377
threshold=1.0397207708399181 1.2424533248940004 2.8617925509761908 3.4334666422309414 1.0397207708399181 2.602003343538398 3.2951505240983434 3.9701138825728512 1.4978661367769956 5.2417330174952186
decision_type=2 2 2 2 2 2 2 2 2 2
left_child=1 3 -3 4 -1 -2 7 8 -7 -9
right_child=5 2 -4 -5 -6 6 -8 9 -10 -11
leaf_value=-0.0008927943445194294 -0.0010322956518751434 -0.0044703051261603816 0.0022442026226781311 0.0068690835517675923 0.0026191882698185509 7.6492308151154291e-05 -0.00017742197916439701 -0.0056141196563839913 0.0046852786511408341 0.0012358818814391271
leaf_weight=17 89 10.000000000000002 9.9999999999999982 5.9999999999999991 15.999999999999998 21 280 4.9999999999999991 24 7.9999999999999991
leaf_count=17 89 10 10 6 16 21 280 5 24 8
internal_value=0 0.000774288 -0.00111305 0.00174215 0.000809985 -0.000106986 0.000136661 0.00165292 0.00253451 -0.00139873
internal_weight=0 59 20 39 33 427 338 58 45 13
internal_count=486 59 20 39 33 427 338 58 45 13
is_linear=0
shrinkage=0.1


Tree=188
num_leaves=11
num_cat=0
split_feature=39 49 68 66 17 84 84 7 55 47
split_gain=0.00370738 0.0188753 0.0127108 0.0153547 0.0267709 0.0154967 0.0122334 0.0161054 0.0160073 0.00950065
threshold=8.3150443764781556 8.2385367904938374 3.891612008168019 3.1345481418531311 0.8958797346140277 3.6505739029280164 1.7005986908310777 1.0397207708399181 4.8903208612686422 2.0126758453675748
decision_type=2 2 2 2 2 2 2 2 2 2
left_child=2 -2 3 6 -5 -6 8 -8 -1 -4
right_child=1 -3 9 4 5 -7 7 -9 -10 -11
leaf_value=0.00032368322717957199 -0.0063748322753235699 -0.00016061227064827509 0.0046337158139795071 -0.0090014430135488457 0.002072145201640928 -0.0044888265663757922 -0.00031423484479285225 0.0022284855688307083 -0.0022976108232636333 0.00098667423939332363
leaf_weight=74 4.9999999999999991 218 9.9999999999999982 5.0000000000000027 8.9999999999999982 5.9999999999999991 47 53 34 25
leaf_count=74 5 218 10 5 9 6 47 53 34 25
internal_value=0 -0.000299945 0.000254326 -1.80543e-05 -0.00266454 -0.000552244 0.000236416 0.00103341 -0.000501539 0.00202869
internal_weight=0 223 263 228 20 15 208 100 108 35
internal_count=486 223 263 228 20 15 208 100 108 35
is_linear=0
shrinkage=0.1


Tree=189
num_leaves=11
num_cat=0
split_feature=93 80 86 41 56 39 71 46 4 42
split_gain=0.00382423 0.00697068 0.0054878 0.00519528 0.0194643 0.0159098 0.02005 0.012244 0.0109318 0.0108621
threshold=6.0867179055019394 4.1742689126930488 2.0126758453675748 4.7621374077860157 4.2625806805327082 8.9661930242131387 5.1647696471263407 4.317399216745252 5.7104050880312123 7.09423450157795
decision_type=2 2 2 2 2 2 2 2 2 2
left_child=3 2 -2 5 7 -1 -7 9 -6 -5
right_child=1 -3 -4 4 8 6 -8 -9 -10 -11
leaf_value=1.7029465695663675e-05 0.0014723824544085392 0.0034309176049040014 -0.0024319601982521516 -0.0020073776862277143 0.0022577095793773578 0.0066943537152837976 -0.0013779699988663195 -0.0052834817777491286 -0.00027994980427420473 0.0015059240204705433
leaf_weight=303 9.0000000000000018 8.9999999999999982 5.9999999999999991 44 24 7.9999999999999982 5 8.9999999999999982 58 10.999999999999998
leaf_count=303 9 9 6 44 24 8 5 9 58 11
internal_value=0 0.00123075 -8.93546e-05 -6.39349e-05 -0.00055728 0.000164003 0.00358961 -0.00186423 0.00046278 -0.00130472
internal_weight=0 24 15 462 146 316 13 64 82 55
internal_count=486 24 15 462 146 316 13 64 82 55
is_linear=0
shrinkage=0.1


Tree=190
num_leaves=11
num_cat=0
split_feature=52 16 62 37 33 39 17 84 2 23
split_gain=0.00369163 0.0135294 0.0103794 0.00799104 0.0060102 0.0143666 0.0108546 0.00691628 0.00577471 0.00453388
threshold=7.7034443856599912 4.6959141240107813 7.6389100713527611 5.3327071242454505 5.9913520344498341 9.9434169163727955 5.525445002686836 5.9814014572911871 6.8156375854825235 5.8998635749973518
decision_type=2 2 2 2 2 2 2 2 2 2
left_child=2 9 4 -4 5 7 -6 -1 -3 -2
right_child=1 8 3 -5 6 -7 -8 -9 -10 -11
leaf_value=6.4670119645512684e-05 0.0061619493365287752 -0.0034907434252090756 -0.0060516362637281426 -0.00063864334564035135 0.0057598657160997406 -0.0053775676339864733 -0.00054886351960400741 -0.0031043009566409248 0.0006714827241376042 0.0019033680285792795
leaf_weight=427 5.0000000000000018 4.9999999999999991 4.9999999999999982 6 4.9999999999999982 4.9999999999999991 6 6.9999999999999991 9.9999999999999982 5
leaf_count=427 5 5 5 6 5 5 6 7 10 5
internal_value=0 0.00118351 -6.41816e-05 -0.00309909 1.00052e-05 -4.78447e-05 0.00231874 1.35577e-05 -0.000715926 0.00403266
internal_weight=0 25 461 11 450 439 11 434 15 10
internal_count=486 25 461 11 450 439 11 434 15 10
is_linear=0
shrinkage=0.1


Tree=191
num_leaves=10
num_cat=0
split_feature=53 15 80 75 56 79 5 64 80
split_gain=0.00332223 0.00699779 0.00577574 0.00679904 0.00823392 0.00593664 0.0030112 0.00163084 0.000691186
threshold=6.2576382274985969 6.2709866451262153 5.9042878535355934 7.0334815994577964 4.8282817362782584 9.9448490349764622 6.6908044688057444 6.280220465588493 5.3423228052093945
decision_type=2 2 2 2 2 2 2 2 2
left_child=2 -2 3 4 5 -1 8 -3 -5
right_child=1 7 -4 6 -6 -7 -8 -9 -10
leaf_value=2.9622925984062294e-05 0.0045124572236090862 0.0011473143972190365 -0.0034318182058632376 0.0022419706988148396 -0.0032666067942045632 -0.0023231740649366241 0.00023964235636716091 -0.0010994268891712029 0.0039047224819660181
leaf_weight=428 5.0000000000000027 6.9999999999999982 4.9999999999999991 4.9999999999999982 7.9999999999999991 10.999999999999998 5.9999999999999991 6 5
leaf_count=428 5 7 5 5 8 11 6 6 5
internal_value=0 0.00133316 -5.12755e-05 -1.47685e-05 -8.72688e-05 -2.9331e-05 0.00201071 0.000110357 0.00307335
internal_weight=0 18 468 463 447 439 16 13 10
internal_count=486 18 468 463 447 439 16 13 10
is_linear=0
shrinkage=0.1


Tree=192
num_leaves=11
num_cat=0
split_feature=86 81 75 80 86 82 53 38 80 88
split_gain=0.00328208 0.00832739 0.0106501 0.0105147 0.00756313 0.0111484 0.00935483 0.0206067 0.00955894 0.00522347
threshold=4.4885732424042368 5.8749149497672386 6.4224346156700198 4.8201514758423682 4.2625806805327082 7.1396600215233414 4.1742689126930488 3.7132745361986528 4.2625806805327082 5.8636150338086175
decision_type=2 2 2 2 2 2 2 2 2 2
left_child=1 4 3 -3 6 -6 8 -8 -1 -2
right_child=9 2 -4 -5 5 -7 7 -9 -10 -11
leaf_value=3.0429688350570933e-05 0.001271730199964209 -0.0014743878323185652 0.00073425178270554177 -0.0074785807728767377 0.005104000161268882 -0.00053980910701544157 -0.0055929243254164854 -0.00047238091675324309 0.0027029286504590085 -0.00071229219412137024
leaf_weight=304 44 7.0000000000000018 7.9999999999999991 5 6.9999999999999982 7 8.9999999999999982 62 13.999999999999998 19
leaf_count=304 44 7 8 5 7 7 9 62 14 19
internal_value=0 -0.00010029 -0.00209198 -0.00397613 -1.44658e-06 0.0022821 -8.36306e-05 -0.00112146 0.000148087 0.000673374
internal_weight=0 423 20 12 403 14 389 71 318 63
internal_count=486 423 20 12 403 14 389 71 318 63
is_linear=0
shrinkage=0.1


Tree=193
num_leaves=11
num_cat=0
split_feature=71 68 5 25 7 6 24 4 19 29
split_gain=0.00328897 0.0168906 0.0127171 0.00958954 0.0139108 0.0206962 0.0148551 0.0138853 0.0217554 0.0167252
threshold=2.9174053685313028 1.9356005054539456 2.249904835165133 3.8499212036984933 1.0397207708399181 1.0397207708399181 2.0126758453675753 2.7058230259275202 6.2970669235549011 6.5985053163450944
decision_type=2 2 2 2 2 2 2 2 2 2
left_child=3 2 -2 4 6 -6 -1 8 -5 -10
right_child=1 -3 -4 7 5 -7 -8 -9 9 -11
leaf_value=0.0044665039217631729 -0.0011091729160398248 -3.9051308483522007e-05 -0.0077123157680034629 -0.0070679678271214179 0.0093384892866015447 0.0014588515031209682 -0.00074536198237910866 0.00084820569036757494 0.0025129461117709678 -0.0019492257273148945
leaf_weight=6.9999999999999991 6.9999999999999982 320 5 5.9999999999999991 4.9999999999999991 9.9999999999999982 25 61 11.999999999999998 28
leaf_count=7 7 320 5 6 5 10 25 61 12 28
internal_value=0 -0.000177175 -0.00386048 0.000381962 0.00157261 0.0040854 0.000394734 -0.00014103 -0.00145284 -0.000610574
internal_weight=0 332 12 154 47 15 32 107 46 40
internal_count=486 332 12 154 47 15 32 107 46 40
is_linear=0
shrinkage=0.1


Tree=194
num_leaves=11
num_cat=0
split_feature=89 96 34 28 61 70 80 24 34 37
split_gain=0.00299476 0.0147357 0.0330887 0.00890814 0.00979019 0.013786 0.0186013 0.0119289 0.0116858 0.00843978
threshold=6.2085718078050585 0.89587973461402759 2.3937458713910238 1.0397207708399181 1.0397207708399181 2.524928003624769 3.1345481418531311 1.7005986908310777 0.89587973461402759 0.8958797346140277
decision_type=2 2 2 2 2 2 2 2 2 2
left_child=1 9 -3 -2 7 6 -6 -5 -7 -1
right_child=3 2 -4 4 5 8 -8 -9 -10 -11
leaf_value=0.0027771580568514767 -0.0029035193295302718 -0.0087219343334436414 0.0012413097883109004 0.0043139250906692314 -0.00098306159005733212 0.0020767308575428884 -0.0068756364596386753 0.00031006672247515426 -9.6481813110389146e-05 9.1609202751318335e-05
leaf_weight=25 10.999999999999998 4.9999999999999991 9.9999999999999982 10.999999999999998 50 27 5.9999999999999991 23 296 22
leaf_count=25 11 5 10 11 50 27 6 23 296 22
internal_value=0 0.000649158 -0.00207977 -9.4924e-05 -2.01188e-05 -0.000165947 -0.00161441 0.00160543 8.51799e-05 0.00152009
internal_weight=0 62 15 424 413 379 56 34 323 47
internal_count=486 62 15 424 413 379 56 34 323 47
is_linear=0
shrinkage=0.1


Tree=195
num_leaves=10
num_cat=0
split_feature=70 25 70 52 62 16 43 13 65
split_gain=0.00301774 0.0048055 0.00424194 0.00476297 0.0082616 0.00639733 0.00626999 0.00331161 0.000706596
threshold=5.7868785620882379 6.8330294103967413 5.5129081839107776 7.6824671561055489 7.6389100713527611 4.6959141240107813 5.2830877628056827 5.8819043445924564 6.874172294052209
decision_type=2 2 2 2 2 2 2 2 2
left_child=2 -2 3 4 6 -5 -1 -4 -3
right_child=1 8 7 5 -6 -7 -8 -9 -10
leaf_value=-0.00011189964089581818 0.0039275996387004852 0.00097128723282367011 -0.0033045016229152689 0.0047015895694494259 -0.0037321947980672125 -0.00014164055270763734 0.0012316759972810887 6.5079466439783558e-05 -0.00070989823900163168
leaf_weight=404 4.9999999999999991 4.9999999999999982 6.9999999999999982 4.9999999999999982 5.9999999999999991 6 38 5 5
leaf_count=404 5 5 7 5 6 6 38 5 5
internal_value=0 0.00139633 -4.44691e-05 4.05483e-06 -4.64217e-05 0.00205983 3.61139e-06 -0.00190051 0.000130694
internal_weight=0 15 471 459 448 11 442 12 10
internal_count=486 15 471 459 448 11 442 12 10
is_linear=0
shrinkage=0.1


Tree=196
num_leaves=11
num_cat=0
split_feature=55 37 65 39 97 73 90 32 65 23
split_gain=0.00284266 0.0131881 0.00986263 0.0154881 0.0151493 0.0227362 0.0137149 0.0117721 0.0106536 0.00885668
threshold=5.1984817689835037 4.1742689126930488 5.0562255201382529 8.3150443764781556 1.0397207708399181 3.8606743063089755 2.5619819897016298 4.6913057964583187 4.7957563937576522 2.0126758453675748
decision_type=2 2 2 2 2 2 2 2 2 2
left_child=1 2 3 7 5 -4 -6 -1 -5 -2
right_child=9 -3 4 8 6 -7 -8 -9 -10 -11
leaf_value=-0.00037040703312864881 -0.0029199555732096392 0.0025566413337153129 0.00096548913279548309 -0.0012381700970428555 -0.0041095213440712512 0.0095615805685520163 0.0014515766997219009 0.0013786622327773201 -0.0054835254060370585 -0.00011962506963906588
leaf_weight=123 11.999999999999998 22 7.9999999999999982 38 6.0000000000000027 5 17 56 6.9999999999999991 192
leaf_count=123 12 22 8 38 6 5 17 56 7 192
internal_value=0 0.0002057 6.7745e-06 -0.000240134 0.0015431 0.00427168 8.55471e-07 0.000176788 -0.00189856 -0.00028435
internal_weight=0 282 260 224 36 13 23 179 45 204
internal_count=486 282 260 224 36 13 23 179 45 204
is_linear=0
shrinkage=0.1


Tree=197
num_leaves=11
num_cat=0
split_feature=86 52 9 23 50 52 54 33 77 24
split_gain=0.00289927 0.00703446 0.0158381 0.0112198 0.0113186 0.0105079 0.0100731 0.00868029 0.00453285 0.00754197
threshold=4.4885732424042368 6.8123444890560956 8.9661930242131387 5.2443855436100657 4.5538214868689204 6.8522224550277082 4.7621374077860157 4.8201514758423682 4.1430087342023825 5.4595764601916565
decision_type=2 2 2 2 2 2 2 2 2 2
left_child=1 3 -3 4 7 -4 -7 -1 -2 -10
right_child=8 2 5 -5 -6 6 -8 -9 9 -11
leaf_value=-5.8652461905135462e-06 0.0025856662727892399 -0.0055019350755693662 -0.0045024284161627294 0.0035798888457874351 0.0043072299876560768 -0.0028643047860400245 0.00047223883585127842 -0.0038441714888904246 -0.00070192244688769287 0.0017369871166357327
leaf_weight=327 9.9999999999999982 6.9999999999999991 5.9999999999999991 8.9999999999999982 5.9999999999999991 10.999999999999998 51 5.9999999999999991 32 21
leaf_count=327 10 7 6 9 6 11 51 6 32 21
internal_value=0 -9.42597e-05 -0.000972684 9.50558e-05 2.5381e-06 -0.000506437 -0.000119729 -7.50239e-05 0.000632887 0.000264438
internal_weight=0 423 75 348 339 68 62 333 63 53
internal_count=486 423 75 348 339 68 62 333 63 53
is_linear=0
shrinkage=0.1


Tree=198
num_leaves=11
num_cat=0
split_feature=1 95 94 70 89 63 16 26 9 31
split_gain=0.00276127 0.0138044 0.010176 0.0156019 0.00913018 0.00892443 0.0122785 0.0112836 0.008692 0.008546
threshold=4.7957563937576522 2.649158683274019 4.8121513051691478 4.2625806805327082 8.3150443764781556 2.524928003624769 3.4811217321331038 2.6735537653587347 8.8764041252235106 4.4601277074540464
decision_type=2 2 2 2 2 2 2 2 2 2
left_child=2 8 9 4 -4 6 -3 -7 -2 -1
right_child=1 5 3 -5 -6 7 -8 -9 -10 -11
leaf_value=0.00012036387920166667 -0.0068256858736276647 -0.0043091265273026433 -0.002757553290575743 0.0063073087017983202 0.0014735586955794133 0.003835983091266826 0.00067134708094979741 -2.7709540568570861e-05 -0.0011802763755743703 -0.0018587568062988188
leaf_weight=240 4.9999999999999982 11.000000000000002 5.9999999999999991 5.9999999999999991 34 7.9999999999999991 8.9999999999999982 137 6 24
leaf_count=240 5 11 6 6 34 8 9 137 6 24
internal_value=0 -0.000316345 0.000179602 0.00155216 0.000838892 -8.76764e-05 -0.00206791 0.00018546 -0.00374637 -5.95562e-05
internal_weight=0 176 310 46 40 165 20 145 11 264
internal_count=486 176 310 46 40 165 20 145 11 264
is_linear=0
shrinkage=0.1


Tree=199
num_leaves=11
num_cat=0
split_feature=19 29 68 34 28 69 48 66 32 50
split_gain=0.0024867 0.0160007 0.0171284 0.0153956 0.0167059 0.0110864 0.0108233 0.0143568 0.0125433 0.0105797
threshold=6.4295893882764688 6.4052270920020655 2.3937458713910238 3.8064155152036787 2.3937458713910238 6.8051648535121192 2.3937458713910238 2.5619819897016298 4.5053345884235583 1.0397207708399181
decision_type=2 2 2 2 2 2 2 2 2 2
left_child=1 2 3 4 -1 -4 7 8 -2 -8
right_child=6 -3 5 -5 -6 -7 9 -9 -10 -11
leaf_value=-0.00099085585741918569 -0.0024888143137407788 0.0035804799990728498 -0.0053127404509319201 0.0051149182021617895 0.0036588124418631199 -6.5346348232456623e-06 0.0025481579476036133 -0.0059593963569828448 0.003111024495835106 -7.9189255967111632e-05
leaf_weight=34 12.000000000000005 13.999999999999998 8.9999999999999982 6.9999999999999991 9.9999999999999982 6.9999999999999991 15.999999999999998 6.9999999999999991 5.9999999999999991 364
leaf_count=34 12 14 9 7 10 7 16 7 6 364
internal_value=0 0.0005058 -0.000136671 0.000758891 6.58869e-05 -0.00299128 -0.00010116 -0.00211662 -0.000622201 3.14359e-05
internal_weight=0 81 67 51 44 16 405 25 18 380
internal_count=486 81 67 51 44 16 405 25 18 380
is_linear=0
shrinkage=0.1


Tree=200
num_leaves=11
num_cat=0
split_feature=93 44 92 41 92 93 5 100 47 92
split_gain=0.00245691 0.00495051 0.00415899 0.0107168 0.00476508 0.00593986 0.00454631 0.00430624 0.00796606 0.00594495
threshold=6.0867179055019394 5.424940314113365 7.6128232189448175 5.1119152036137292 7.3862220341502232 5.648949440878984 5.5234569284970156 3.8815106545092593 2.3502401828962087 5.5759204062713987
decision_type=2 2 2 2 2 2 2 2 2 2
left_child=2 -2 4 -4 7 -6 -5 9 -9 -1
right_child=1 -3 3 6 5 -7 -8 8 -10 -11
leaf_value=0.00018995318303284745 0.00024972505037256166 0.0037861844524741174 0.0014146411541982413 -0.0058191973716020598 0.0033583173858157049 -0.00094046953021461373 -0.0015547816641628739 0.004315125434125852 0.00033436369210962331 -0.00059433142562150302
leaf_weight=224 19.000000000000004 4.9999999999999991 7.0000000000000027 4.9999999999999982 8.9999999999999982 4.9999999999999991 5 5.9999999999999991 31 170
leaf_count=224 19 5 7 5 9 5 5 6 31 170
internal_value=0 0.000986487 -5.12461e-05 -0.00158632 7.39709e-06 0.00182304 -0.00368699 -5.15796e-05 0.000979893 -0.000148444
internal_weight=0 24 462 17 445 14 10 431 37 394
internal_count=486 24 462 17 445 14 10 431 37 394
is_linear=0
shrinkage=0.1


Tree=201
num_leaves=11
num_cat=0
split_feature=73 58 63 41 87 71 19 69 49 74
split_gain=0.00262146 0.00781506 0.00491244 0.00490004 0.00478611 0.00830126 0.00908798 0.00610616 0.014866 0.00670247
threshold=5.9750802605835984 5.8347936374918037 6.1569700081995915 5.2094712223428914 5.272986409146923 6.2085880018747917 9.2292550139892544 9.1372059205768323 9.2984382548374853 4.8597823571876004
decision_type=2 2 2 2 2 2 2 2 2 2
left_child=2 3 4 -2 7 6 -6 8 -1 -9
right_child=1 -3 -4 -5 5 -7 -8 9 -10 -11
leaf_value=-1.033897335962048e-05 -0.00095994870644062688 -0.0015019223449053243 -0.0029060055462953945 0.0025584368654036601 -0.00057685425505042047 0.0003096698919155946 -0.0066061091795563687 0.003209713726590218 -0.0043693855404853821 0.00048324097154545597
leaf_weight=355 5.0000000000000027 9.9999999999999982 5.9999999999999991 19 5.0000000000000018 11.999999999999998 5 10.999999999999998 7.9999999999999991 50
leaf_count=355 5 10 6 19 5 12 5 11 8 50
internal_value=0 0.000846804 -6.36976e-05 0.00182544 -2.54603e-05 -0.00146358 -0.00359148 4.91592e-05 -0.000106406 0.0009749
internal_weight=0 34 452 24 446 22 10 424 363 61
internal_count=486 34 452 24 446 22 10 424 363 61
is_linear=0
shrinkage=0.1


Tree=202
num_leaves=11
num_cat=0
split_feature=92 98 15 65 25 4 97 35 20 11
split_gain=0.00258581 0.0178699 0.00880442 0.0201516 0.0174823 0.0154085 0.0119288 0.00875986 0.00865565 0.00799505
threshold=6.2460391568005056 4.7957563937576522 4.9344480538832558 5.0139575654555903 5.1119152036137292 4.0163424379838117 1.0397207708399181 4.912546742554059 2.8617925509761908 2.1383330595080277
decision_type=2 2 2 2 2 2 2 2 2 2
left_child=1 2 3 5 7 -1 -5 -4 -6 -2
right_child=9 -3 4 6 8 -7 -8 -9 -10 -11
leaf_value=0.00028155729276004124 0.0026791580267644562 -0.0055884339070568483 -0.0012360234561908457 0.0050378062905600427 0.0023148106500649685 -0.0029303846935577254 0.00095963155908975752 -0.0048409357075937668 -0.00047228230836574372 0.00011123850692658583
leaf_weight=123 12.999999999999998 5.9999999999999991 14.000000000000002 13.000000000000002 12.999999999999998 17 15.999999999999998 12.999999999999998 78 180
leaf_count=123 13 6 14 13 13 17 16 13 78 180
internal_value=0 -0.000187208 -7.42905e-05 0.000388524 -0.000737135 -0.000108464 0.00278778 -0.00297172 -7.41262e-05 0.000284207
internal_weight=0 293 287 169 118 140 29 27 91 193
internal_count=486 293 287 169 118 140 29 27 91 193
is_linear=0
shrinkage=0.1


Tree=203
num_leaves=11
num_cat=0
split_feature=8 97 92 62 6 92 40 54 23 2
split_gain=0.00268304 0.0149684 0.00957472 0.0195843 0.0287683 0.0145164 0.0126106 0.011924 0.0119065 0.0112303
threshold=3.9701138825728512 1.0397207708399181 5.5759204062713987 6.5944050384056014 2.9174053685313028 5.1647696471263407 4.1742689126930488 4.7621374077860157 2.1383330595080281 3.1345481418531311
decision_type=2 2 2 2 2 2 2 2 2 2
left_child=2 -2 5 4 -4 -1 -5 -6 9 -7
right_child=1 -3 3 6 7 8 -8 -9 -10 -11
leaf_value=-0.00037654941842412012 0.0044769050437025726 8.3491596262550013e-05 0.00066440288951112451 0.0049044351093471064 -0.0087058600038290041 0.0020866018555620136 -0.0018954871478490528 -0.0030543677608615583 0.0048055300279520458 -0.0026725266128778459
leaf_weight=154 7.9999999999999991 253 11.000000000000002 5.9999999999999982 7.9999999999999982 17.000000000000004 5 7 9.9999999999999982 6.9999999999999991
leaf_count=154 8 253 11 6 8 17 5 7 10 7
internal_value=0 0.000218156 -0.000253061 -0.00172351 -0.00321996 3.63364e-05 0.00181356 -0.0060685 0.00190647 0.000698523
internal_weight=0 261 225 37 26 188 11 15 34 24
internal_count=486 261 225 37 26 188 11 15 34 24
is_linear=0
shrinkage=0.1


Tree=204
num_leaves=11
num_cat=0
split_feature=96 92 95 36 70 66 73 83 72 11
split_gain=0.00249279 0.00978543 0.00672911 0.00851969 0.00597622 0.0184078 0.020381 0.0109774 0.012198 0.0101658
threshold=2.7058230259275202 3.3296469598418192 2.649158683274019 2.6735537653587347 3.8064155152036787 3.1345481418531311 3.7132745361986528 4.6346818562128229 5.3229980813168991 4.7621374077860157
decision_type=2 2 2 2 2 2 2 2 2 2
left_child=4 -2 3 -3 5 7 -7 8 -1 -6
right_child=1 2 -4 -5 9 6 -8 -9 -10 -11
leaf_value=-0.00051315280211790347 0.0039161059207149917 -6.9897676003165553e-05 0.00026908693259894548 -0.0048363611257324617 0.0017973289236097652 -0.0078092543940458991 -0.00017830782037760531 -0.0034384757885709406 0.0015164801319583487 -0.0007282513286918402
leaf_weight=123 6.9999999999999991 9.9999999999999982 213 5.9999999999999991 34 6.9999999999999982 7 9.9999999999999982 39 30
leaf_count=123 7 10 213 6 34 7 7 10 39 30
internal_value=0 0.000233098 0.000120517 -0.00185732 -0.000220044 -0.000506843 -0.00399378 -0.000223022 -2.45375e-05 0.000613463
internal_weight=0 236 229 16 250 186 14 172 162 64
internal_count=486 236 229 16 250 186 14 172 162 64
is_linear=0
shrinkage=0.1


Tree=205
num_leaves=11
num_cat=0
split_feature=70 70 43 43 71 64 84 36 5 64
split_gain=0.00246056 0.00354419 0.00337078 0.00313118 0.0100635 0.00773932 0.00751004 0.00683554 0.00270852 0.000693542
threshold=5.7868785620882379 5.5129081839107776 6.1569700081995915 5.2830877628056827 4.4885732424042368 5.6936811209974421 5.7300786997157873 4.6959141240107813 6.462969825394751 6.1857935420038741
decision_type=2 2 2 2 2 2 2 2 2 2
left_child=1 3 -2 5 -5 7 -6 -1 -3 -4
right_child=2 8 9 4 6 -7 -8 -9 -10 -11
leaf_value=3.5561558076714832e-05 0.0033808452181983738 -0.0032390584509509311 0.0010336470336187633 0.004589930797616641 -0.00072955940774183299 -0.0039982519671320918 0.0019692269255756401 -0.0022953989669286575 -0.00023433000314980742 -0.00063193625770509233
leaf_weight=390 4.9999999999999991 5.9999999999999982 4.9999999999999982 5.9999999999999991 29 4.9999999999999991 15.999999999999998 12.999999999999998 6 5
leaf_count=390 5 6 5 6 29 5 16 13 6 5
internal_value=0 -4.01545e-05 0.00126085 4.19946e-06 0.000742941 -8.81432e-05 0.000230009 -3.96307e-05 -0.00173669 0.000200855
internal_weight=0 471 15 459 51 408 45 403 12 10
internal_count=486 471 15 459 51 408 45 403 12 10
is_linear=0
shrinkage=0.1


Tree=206
num_leaves=11
num_cat=0
split_feature=35 35 55 17 8 96 41 35 40 8
split_gain=0.0024806 0.0115044 0.00913018 0.00755095 0.0115601 0.00840675 0.00785495 0.00719412 0.0127051 0.0113064
threshold=4.5107991236896536 4.3943729409690677 4.6150714996361826 3.4175922930736511 4.1107394736335969 3.2180751841847144 3.3497501700808394 5.1445790166580574 4.465842055365858 1.0397207708399181
decision_type=2 2 2 2 2 2 2 2 2 2
left_child=1 3 -3 5 -5 6 -1 8 9 -2
right_child=7 2 -4 4 -6 -7 -8 -9 -10 -11
leaf_value=-0.00058590726489521751 -0.0040123508125543593 -0.0065915948525071162 -0.00080563391869266821 -0.0053842516538376607 -0.00056210936223766931 0.0042913815705105662 0.0010601142080267892 -0.00015420451343226154 0.0057879298180341723 0.00087616061183242984
leaf_weight=69 4.9999999999999991 4.9999999999999982 6 5.9999999999999991 29 4.9999999999999991 50 218 4.9999999999999991 88
leaf_count=69 5 5 6 6 29 5 50 218 5 88
internal_value=0 -0.00030802 -0.00343562 -9.16457e-05 -0.00138876 0.000274476 0.000105698 0.000165707 0.000877347 0.000613337
internal_weight=0 170 11 159 35 124 119 316 98 93
internal_count=486 170 11 159 35 124 119 316 98 93
is_linear=0
shrinkage=0.1


Tree=207
num_leaves=11
num_cat=0
split_feature=89 98 96 83 11 4 4 20 30 3
split_gain=0.00230946 0.0127528 0.0191271 0.022462 0.00827462 0.0116061 0.0070318 0.0116844 0.0130205 0.0108382
threshold=6.2085718078050585 2.5619819897016298 0.89587973461402759 2.8029010331479989 1.4978661367769956 1.5890269151739729 2.7058230259275202 2.8617925509761908 2.9700856263602158 4.1107394736335969
decision_type=2 2 2 2 2 2 2 2 2 2
left_child=1 2 4 -4 5 -1 -2 -8 9 -9
right_child=6 -3 3 -5 -6 -7 7 8 -10 -11
leaf_value=0.0010056498670019209 -0.00084639176425395271 0.0049515824454222949 -0.0085574090480804461 0.00021826472865151504 7.9499753111780721e-05 0.0069063477776944637 0.0014943353705742959 -0.0043022204978534796 7.0072726564163193e-05 0.00037590860010823236
leaf_weight=9.9999999999999982 94 5.9999999999999991 4.9999999999999982 7 29 4.9999999999999991 53 13.000000000000002 256 7.9999999999999991
leaf_count=10 94 6 5 7 29 5 53 13 256 8
internal_value=0 0.000570065 0.000100617 -0.00343827 0.00106577 0.00297255 -8.33586e-05 0.00013399 -0.000126292 -0.00252008
internal_weight=0 62 56 12 44 15 424 330 277 21
internal_count=486 62 56 12 44 15 424 330 277 21
is_linear=0
shrinkage=0.1


Tree=208
num_leaves=11
num_cat=0
split_feature=101 47 10 43 56 83 60 64 95 33
split_gain=0.00223125 0.00721843 0.00484173 0.00621563 0.00294365 0.0095617 0.00901289 0.0129096 0.0127423 0.0105843
threshold=3.9019216517693867 2.0126758453675748 3.5972184255501678 4.3437210834879627 2.8029010331479989 4.4885732424042368 3.8815106545092593 4.7790881836238563 3.9316333620047872 3.3667009459186801
decision_type=2 2 2 2 2 2 2 2 2 2
left_child=4 -2 -3 -4 5 -1 9 8 -8 -6
right_child=1 2 3 -5 6 -7 7 -9 -10 -11
leaf_value=-0.00012683072003582901 0.0036301881507305165 -0.0027700774837285283 0.0012675717801660842 -0.0026081341039389371 0.0032191268171836308 -0.0025852659588802935 -0.0054771225200965978 0.00027796547431903649 -0.00078716549324737918 0.00030180540715163162
leaf_weight=228 6.9999999999999991 4.9999999999999991 24.000000000000004 4.9999999999999991 19 17 8.0000000000000018 116 21 36
leaf_count=228 7 5 24 5 19 17 8 116 21 36
internal_value=0 0.000705902 0.000103843 0.000599347 -6.50382e-05 -0.000297416 0.000219625 -0.000193817 -0.00208095 0.00130961
internal_weight=0 41 34 29 445 245 200 145 29 55
internal_count=486 41 34 29 445 245 200 145 29 55
is_linear=0
shrinkage=0.1


Tree=209
num_leaves=11
num_cat=0
split_feature=99 5 8 11 92 97 71 94 27 102
split_gain=0.00219513 0.00353353 0.00319435 0.00423329 0.00411098 0.00423674 0.00386594 0.00283793 0.00328742 0.00280589
threshold=3.9607678160667752 4.5215522263001349 5.9788569225374504 6.3893728363111233 7.5682890805829928 5.2574411156119085 3.2180751841847144 6.1397358975499712 4.317399216745252 2.1383330595080281
decision_type=2 2 2 2 2 2 2 2 2 2
left_child=2 -2 4 7 5 6 -1 8 -4 -6
right_child=1 -3 3 -5 9 -7 -8 -9 -10 -11
leaf_value=0.00033284842709445058 -0.0030326996309061852 0.00056678495369851575 0.0013635052694007746 -0.00046173097992626327 -0.0037265034392476091 0.0021464263619337645 -0.00029211921176442601 0.00032633916271151975 0.0043243251120050749 -0.00037634626496583216
leaf_weight=163 5.9999999999999982 5 10.000000000000005 14.999999999999998 4.9999999999999982 8.9999999999999982 252 9.9999999999999982 5.9999999999999991 5
leaf_count=163 6 5 10 15 5 9 252 10 6 5
internal_value=0 -0.00139657 3.23416e-05 0.000876059 -4.73644e-05 -9.88455e-08 -4.665e-05 0.00164786 0.00247381 -0.00205142
internal_weight=0 11 475 41 434 424 415 26 16 10
internal_count=486 11 475 41 434 424 415 26 16 10
is_linear=0
shrinkage=0.1


Tree=210
num_leaves=11
num_cat=0
split_feature=52 16 62 72 84 13 37 11 39 20
split_gain=0.00201787 0.00615648 0.00445285 0.00407474 0.00526362 0.00602151 0.00348862 0.0034766 0.00312761 0.00291176
threshold=7.7034443856599912 4.6959141240107813 7.6389100713527611 7.6128232189448175 5.7960531314223358 4.3107766033702406 5.3327071242454505 6.4967647527804315 9.9434169163727955 4.9628201785886317
decision_type=2 2 2 2 2 2 2 2 2 2
left_child=2 9 3 4 8 -6 -4 -3 -1 -2
right_child=1 7 6 -5 5 -7 -8 -9 -10 -11
leaf_value=4.7794043530302589e-05 0.0010905625787563616 -0.0025593118695542219 -0.0039861156418919573 0.0022378500289050862 -0.0047624315880239023 -6.3615845283493394e-05 -0.0004095801540339986 0.00067020795540884137 -0.0022513969369659511 0.0045033380575478068
leaf_weight=425 5.0000000000000018 4.9999999999999991 4.9999999999999982 7.9999999999999991 4.9999999999999982 6 6 9.9999999999999982 5.9999999999999991 5
leaf_count=425 5 5 5 8 5 6 6 10 6 5
internal_value=0 0.000875001 -4.74512e-05 1.14008e-06 -3.93434e-05 -0.00219944 -0.00203528 -0.000406299 1.57867e-05 0.00279695
internal_weight=0 25 461 450 442 11 11 15 431 10
internal_count=486 25 461 450 442 11 11 15 431 10
is_linear=0
shrinkage=0.1


Tree=211
num_leaves=11
num_cat=0
split_feature=38 71 64 61 94 89 90 79 49 11
split_gain=0.0019501 0.0134793 0.012645 0.0111272 0.0134557 0.0152116 0.00800701 0.00654463 0.00449155 0.00891884
threshold=1.9356005054539456 3.2180751841847144 1.2424533248940004 2.524928003624769 1.0397207708399181 5.9813631934492228 2.8314802400679731 7.2722816737008991 6.2085718078050585 3.3497501700808394
decision_type=2 2 2 2 2 2 2 2 2 2
left_child=1 3 -3 4 5 -1 -5 -6 9 -2
right_child=8 2 -4 6 7 -7 -8 -9 -10 -11
leaf_value=-0.00078483674941318387 0.0028979436401277772 -0.00060291069094091669 -0.0074120967835187906 0.0059817519411444683 -0.0028303235377136024 0.0064369490742683406 0.00032242091605439778 0.00044325997328592673 -3.6417111574278498e-06 -0.0010839803377166392
leaf_weight=6.9999999999999982 15.000000000000002 5.9999999999999982 5 4.9999999999999982 19.000000000000004 5 5 8.9999999999999982 401 8.9999999999999982
leaf_count=7 15 6 5 5 19 5 5 9 401 9
internal_value=0 -0.000528738 -0.003698 0.000168499 -0.000577398 0.00222424 0.00315209 -0.0017781 7.58894e-05 0.00140472
internal_weight=0 61 11 50 40 12 10 28 425 24
internal_count=486 61 11 50 40 12 10 28 425 24
is_linear=0
shrinkage=0.1


Tree=212
num_leaves=11
num_cat=0
split_feature=31 71 61 38 73 69 63 31 47 64
split_gain=0.00206376 0.00997928 0.0108602 0.0108583 0.0070888 0.0109863 0.00842992 0.00694082 0.00493428 0.0186088
threshold=2.6735537653587347 3.7609296261008152 3.8064155152036787 2.3937458713910238 2.8029010331479989 6.5595510325509787 1.8688348091416844 2.9174053685313028 2.0126758453675748 4.3107766033702406
decision_type=2 2 2 2 2 2 2 2 2 2
left_child=1 2 4 -3 6 -6 -1 -2 9 -9
right_child=7 3 -4 -5 5 -7 -8 8 -10 -11
leaf_value=0.00019016886432767096 0.0028723290190100672 -0.0058852166247864539 0.0041939512050400175 -0.00093704620239270099 0.0054866636544465986 0.00027090846450023709 -0.0018348067193394799 0.0016133434639530296 -0.00010750968928729406 -0.0043005386445050444
leaf_weight=52 8.9999999999999982 6.0000000000000027 5.9999999999999991 17 5.0000000000000027 21 34 47 283 5.9999999999999991
leaf_count=52 9 6 6 17 5 21 34 47 283 6
internal_value=0 -0.000322338 4.90801e-05 -0.00222787 -0.000172967 0.00127394 -0.000610403 0.000131738 5.83294e-05 0.000943847
internal_weight=0 141 118 23 112 26 86 345 336 53
internal_count=486 141 118 23 112 26 86 345 336 53
is_linear=0
shrinkage=0.1


Tree=213
num_leaves=11
num_cat=0
split_feature=84 80 72 62 76 8 44 19 50 59
split_gain=0.00215817 0.00872038 0.0150344 0.012623 0.0112966 0.0118038 0.00899301 0.0133046 0.00891138 0.00793744
threshold=1.7005986908310777 2.3502401828962087 4.234001473612734 4.4066448812345191 0.8958797346140277 2.9430520157250784 4.2903656061101136 5.2148766803949993 3.2951505240983434 6.380116791391317
decision_type=2 2 2 2 2 2 2 2 2 2
left_child=1 2 6 -4 5 -3 7 -1 -7 -6
right_child=-2 4 3 -5 9 8 -8 -9 -10 -11
leaf_value=0.0012646856982345602 0.00012600508566948881 -0.0051541371783241632 0.0069665172758201768 0.00089880012237699705 0.0035136937707041706 -0.0020652443960147058 0.0033669717423617839 -0.0034607164955769592 0.0022622040783365567 -0.00038674518640618777
leaf_weight=11.000000000000005 358 9.9999999999999982 5.9999999999999991 7.9999999999999991 5.9999999999999991 23.000000000000004 4.9999999999999991 12.999999999999998 5.9999999999999991 40
leaf_count=11 358 10 6 8 6 23 5 13 6 40
internal_value=0 -0.00035242 0.00080806 0.00349925 -0.000939487 -0.00219151 -0.000491135 -0.00129491 -0.00116991 0.000122008
internal_weight=0 128 43 14 85 39 29 24 29 46
internal_count=486 128 43 14 85 39 29 24 29 46
is_linear=0
shrinkage=0.1


Tree=214
num_leaves=11
num_cat=0
split_feature=35 15 21 35 96 98 91 90 32 75
split_gain=0.00191225 0.00827072 0.00857637 0.00774787 0.00704417 0.00655778 0.0061193 0.00881878 0.0102635 0.00859935
threshold=4.5107991236896536 4.7094896185437563 4.8903208612686422 4.3943729409690677 3.3667009459186801 4.7957563937576522 1.5890269151739729 2.9430520157250784 1.5890269151739729 4.8597823571876004
decision_type=2 2 2 2 2 2 2 2 2 2
left_child=1 2 4 -3 5 -1 7 8 -2 -10
right_child=6 3 -4 -5 -6 -7 -8 -9 9 -11
leaf_value=-7.7595329158582679e-05 -2.6316712111500732e-05 -0.0010700355122389737 0.0040887360367923972 -0.0054711349753779363 0.0032260230043902995 -0.0027396687190048398 1.9330827495177303e-05 -0.0013068308255502158 0.0020337851252406839 0.0078987163305282576
leaf_weight=124 7.0000000000000062 20.000000000000004 4.9999999999999991 4.9999999999999991 5.9999999999999991 9.9999999999999982 292 6.9999999999999991 4.9999999999999982 5
leaf_count=124 7 20 5 5 6 10 292 7 5 5
internal_value=0 -0.000270442 1.91814e-05 -0.00195026 -0.00012616 -0.000276258 0.000145491 0.00168044 0.00291049 0.00496625
internal_weight=0 170 145 25 140 134 316 24 17 10
internal_count=486 170 145 25 140 134 316 24 17 10
is_linear=0
shrinkage=0.1


Tree=215
num_leaves=11
num_cat=0
split_feature=53 15 80 75 81 71 86 5 64 80
split_gain=0.00188855 0.00365516 0.00329976 0.00355599 0.00387851 0.00604821 0.00582087 0.00212924 0.000689322 0.000420834
threshold=6.2576382274985969 6.2709866451262153 5.9042878535355934 7.0334815994577964 5.9776119115618718 6.270943761640619 4.2625806805327082 6.6908044688057444 6.280220465588493 5.3423228052093945
decision_type=2 2 2 2 2 2 2 2 2 2
left_child=2 -2 3 4 6 -6 -1 9 -3 -5
right_child=1 8 -4 7 5 -7 -8 -9 -10 -11
leaf_value=-7.1024848085861388e-05 0.0033029101416468597 0.00079556801688990438 -0.0025938542326912287 0.001698604887351394 -0.0019298422851134094 0.00080135789467021827 0.0015036304458335508 -3.5529300415267544e-05 -0.00066512175059566892 0.0029960387200117108
leaf_weight=385 5.0000000000000027 6.9999999999999982 4.9999999999999991 4.9999999999999982 25 11.999999999999998 25 5.9999999999999991 6 5
leaf_count=385 5 7 5 5 25 12 25 6 6 5
internal_value=0 0.00100516 -3.86598e-05 -1.10659e-05 -6.34979e-05 -0.00104405 2.49907e-05 0.00145375 0.000121404 0.00234732
internal_weight=0 18 468 463 447 37 410 16 13 10
internal_count=486 18 468 463 447 37 410 16 13 10
is_linear=0
shrinkage=0.1


Tree=216
num_leaves=11
num_cat=0
split_feature=99 93 52 80 60 89 90 17 89 60
split_gain=0.00184395 0.0027612 0.00823856 0.00856696 0.0167539 0.00638694 0.00896132 0.00913314 0.00716119 0.00671983
threshold=3.9607678160667752 3.9701138825728512 4.1107394736335969 3.0433873634561537 3.0433873634561537 8.5963542550312599 3.891612008168019 4.0773937863842606 8.4930825404151395 2.3502401828962087
decision_type=2 2 2 2 2 2 2 2 2 2
left_child=1 5 -3 -4 -5 8 7 -7 9 -1
right_child=-2 2 3 4 -6 6 -8 -9 -10 -11
leaf_value=0.00071471816409029998 -0.0012799907962537625 -0.003010468158338751 0.0017059147217180508 -0.0050882374557356044 0.00033093048362482888 -0.0059402992948889739 -0.00029067982988501033 -0.00062341742935435223 0.0031826666024114404 -0.00039840110662174832
leaf_weight=78 10.999999999999998 6.9999999999999991 43 5.9999999999999991 116 6.9999999999999982 27 6 6.9999999999999991 178
leaf_count=78 11 7 43 6 116 7 27 6 7 178
internal_value=0 2.96419e-05 0.000349649 0.000492199 6.4414e-05 -0.000152012 -0.00132927 -0.00348635 2.70391e-05 -5.92476e-05
internal_weight=0 475 172 165 122 303 40 13 263 256
internal_count=486 475 172 165 122 303 40 13 263 256
is_linear=0
shrinkage=0.1


Tree=217
num_leaves=11
num_cat=0
split_feature=0 49 58 62 96 21 6 47 29 34
split_gain=0.00179335 0.0151144 0.00897615 0.00786122 0.0111981 0.00827473 0.00958729 0.00861347 0.00702467 0.00561172
threshold=1.5890269151739729 4.8597823571876004 1.0397207708399181 5.9964025824430864 0.89587973461402759 1.0397207708399181 1.5890269151739729 1.4978661367769956 6.5985053163450944 0.89587973461402759
decision_type=2 2 2 2 2 2 2 2 2 2
left_child=3 -2 -3 5 -5 6 -1 -7 -9 -4
right_child=1 2 9 4 -6 7 -8 8 -10 -11
leaf_value=0.0015854260784544747 0.0050670806512547045 -0.003538916486182383 0.00095533277156197884 0.0045477646136922508 -0.0011086045386036858 -0.0030662982312091832 -0.0025106397806666791 0.0030742761865258216 -0.0015163667375600199 -8.8210078405587331e-05
leaf_weight=20.000000000000004 5.9999999999999991 6.9999999999999991 61 6.9999999999999982 7 23 7.9999999999999991 4.9999999999999991 9.9999999999999982 332
leaf_count=20 6 7 61 7 7 23 8 5 10 332
internal_value=0 8.527e-05 1.05428e-05 -0.000432745 0.00171958 -0.000889299 0.000415122 -0.00185045 1.38476e-05 7.37648e-05
internal_weight=0 406 400 80 14 66 28 38 15 393
internal_count=486 406 400 80 14 66 28 38 15 393
is_linear=0
shrinkage=0.1


Tree=218
num_leaves=11
num_cat=0
split_feature=23 55 91 3 89 45 13 32 15 25
split_gain=0.00172354 0.0119818 0.00955538 0.006395 0.00762074 0.00611162 0.0159815 0.0129111 0.00936476 0.00668901
threshold=2.1383330595080281 4.7405652883788738 4.6346818562128229 3.4960482137079443 8.0003458967024184 3.6361991962850237 2.3502401828962087 5.7267999994427079 1.2424533248940004 3.3218948665738366
decision_type=2 2 2 2 2 2 2 2 2 2
left_child=1 2 3 -1 -5 7 -7 -2 -8 -9
right_child=5 -3 -4 4 -6 6 8 9 -10 -11
leaf_value=-0.0003996131330950448 0.00045107520709279929 -0.0016171701350298888 0.0025343593631987462 0.0049721793085336649 0.00037831622892274308 0.0027620550691305353 0.0043460880266502503 -0.0064662953093647963 -2.5257749941580846e-05 -0.0018037535279290752
leaf_weight=96 20 47 15.999999999999998 5.0000000000000027 12.999999999999998 24 4.9999999999999991 4.9999999999999991 247 7.9999999999999991
leaf_count=96 20 47 16 5 13 24 5 5 247 8
internal_value=0 -0.00024882 0.000245892 -7.5297e-05 0.00165439 0.000142528 0.000296308 -0.00114364 6.14753e-05 -0.00359704
internal_weight=0 177 130 114 18 309 276 33 252 13
internal_count=486 177 130 114 18 309 276 33 252 13
is_linear=0
shrinkage=0.1


Tree=219
num_leaves=11
num_cat=0
split_feature=92 89 9 9 17 52 50 35 45 98
split_gain=0.00170764 0.00636584 0.00367716 0.00456396 0.00660389 0.00782584 0.00508015 0.00427224 0.00524026 0.00317953
threshold=7.6128232189448175 9.954365844681961 9.954365844681961 9.6292383447521708 4.6539149966267201 7.1670271600621165 4.9342409716686575 6.0185902545239411 6.6957798175907541 6.1416464561618449
decision_type=2 2 2 2 2 2 2 2 2 2
left_child=2 -2 3 4 5 -1 -6 -5 -9 -3
right_child=1 9 -4 7 6 -7 -8 8 -10 -11
leaf_value=7.3526932906998279e-06 -0.0029607822937476967 0.00087474480456234318 0.0011392565566548628 0.00041634328081272529 0.0029606161710734546 -0.0029777715758730968 0.00036637092052842495 -0.005076198615133763 -0.0010384969277462612 -0.0018028526644532879
leaf_weight=363 8.9999999999999982 17.000000000000004 29 8.0000000000000018 13.000000000000002 8.9999999999999982 18 4.9999999999999991 8.9999999999999982 5.9999999999999991
leaf_count=363 9 17 29 8 13 9 18 5 9 6
internal_value=0 -0.000706047 4.97654e-05 -2.45764e-05 5.19895e-05 -6.48681e-05 0.00145428 -0.00142712 -0.00248053 0.000176241
internal_weight=0 32 454 425 403 372 31 22 14 23
internal_count=486 32 454 425 403 372 31 22 14 23
is_linear=0
shrinkage=0.1


Tree=220
num_leaves=11
num_cat=0
split_feature=70 2 46 36 34 89 52 84 34 20
split_gain=0.00164059 0.00243497 0.00640951 0.00586749 0.00618256 0.00550688 0.00539737 0.00773388 0.0037265 0.00320537
threshold=5.7868785620882379 5.5797227059640084 4.6150714996361826 4.317399216745252 5.5133962268973056 9.6802727305176486 7.2011238917543006 5.7960531314223358 5.3032925319746216 4.7094896185437563
decision_type=2 2 2 2 2 2 2 2 2 2
left_child=1 2 6 4 -3 8 7 -1 -5 -6
right_child=-2 3 -4 5 9 -7 -8 -9 -10 -11
leaf_value=7.6976276748035539e-06 0.0010295478608653261 -0.00017707682628598473 0.0024405984282070262 -0.0012383403745479882 -0.0055801964551210415 -0.0025945861275041746 0.0029694529017433528 -0.0033466912972341689 0.00098170465789735326 -0.0019994880631566047
leaf_weight=380 14.999999999999998 9.0000000000000018 10.999999999999998 9.9999999999999982 4.9999999999999982 6.9999999999999991 5.9999999999999991 6.9999999999999991 31 5
leaf_count=380 15 9 11 10 5 7 6 7 31 5
internal_value=0 -3.27881e-05 5.98058e-05 -0.000591116 -0.00207853 -2.34713e-06 -6.83212e-06 -5.29761e-05 0.00044023 -0.00378984
internal_weight=0 471 404 67 19 48 393 387 41 10
internal_count=486 471 404 67 19 48 393 387 41 10
is_linear=0
shrinkage=0.1


Tree=221
num_leaves=11
num_cat=0
split_feature=10 15 90 50 91 22 90 84 17 24
split_gain=0.00172417 0.0118318 0.0103671 0.00538041 0.00641612 0.0058915 0.00761204 0.00487922 0.00414229 0.0120176
threshold=3.8499212036984933 6.5847761301033945 2.191013317336941 4.1971736807086968 3.891612008168019 6.0718113043284854 3.0433873634561537 1.2424533248940004 4.4187680230537838 5.2203412156610947
decision_type=2 2 2 2 2 2 2 2 2 2
left_child=1 3 -2 5 -5 7 -7 -1 9 -4
right_child=2 -3 8 4 -6 6 -8 -9 -10 -11
leaf_value=-0.00057012307060619772 -0.0047289664670825005 0.0049736614152789118 -0.0002162369429257882 0.0038143942831084122 0.00034593177806527823 -0.0040821302682161314 -0.0002624789997935295 0.00038784854882605892 0.00025777470452196307 -0.004130697979902228
leaf_weight=78 4.9999999999999991 4.9999999999999991 61 8.0000000000000018 15.999999999999998 8.0000000000000018 14.999999999999998 167 114 8.9999999999999982
leaf_count=78 5 5 61 8 16 8 15 167 114 9
internal_value=0 0.000150253 -0.000236112 6.76608e-05 0.00150209 -6.07952e-05 -0.00159105 8.28617e-05 -0.000114024 -0.000719525
internal_weight=0 297 189 292 24 268 23 245 184 70
internal_count=486 297 189 292 24 268 23 245 184 70
is_linear=0
shrinkage=0.1


Tree=222
num_leaves=11
num_cat=0
split_feature=55 65 3 66 18 46 44 87 93 80
split_gain=0.00167069 0.00728049 0.00898704 0.00727461 0.00994602 0.00947375 0.00492582 0.00566662 0.00628077 0.00494129
threshold=5.1984817689835037 5.0688844241303981 5.0237939482549434 3.1345481418531311 4.0773937863842606 1.8688348091416842 5.2626767655455557 4.2625806805327082 0.89587973461402759 4.2625806805327082
decision_type=2 2 2 2 2 2 2 2 2 2
left_child=1 6 3 5 -5 -3 7 9 -9 -1
right_child=-2 2 -4 4 -6 -7 -8 8 -10 -11
leaf_value=-5.1667649530401935e-05 -0.00021799166714153414 0.00059703774129350967 0.0054079179023392501 -0.0045280911214649689 0.0015108454152747677 0.0052986779715865854 0.0027901925146579746 0.00062917960191650015 -0.0034633411536924546 0.0031278374791145328
leaf_weight=218 204 15.000000000000002 4.9999999999999991 4.9999999999999982 6 5.9999999999999991 5.9999999999999991 5.9999999999999991 9.9999999999999982 4.9999999999999991
leaf_count=218 204 15 5 5 6 6 6 6 10 5
internal_value=0 0.000157696 0.00146518 0.000849133 -0.00123413 0.00194036 -3.97614e-05 -0.000110806 -0.00192865 1.96217e-05
internal_weight=0 282 37 32 11 21 245 239 16 223
internal_count=486 282 37 32 11 21 245 239 16 223
is_linear=0
shrinkage=0.1


Tree=223
num_leaves=11
num_cat=0
split_feature=86 73 66 90 60 46 74 81 90 19
split_gain=0.00154843 0.00522673 0.00948967 0.0128956 0.00651364 0.0103476 0.00975319 0.00795787 0.00628253 0.0069272
threshold=2.0126758453675748 3.8064155152036787 2.8029010331479989 2.191013317336941 3.7609296261008152 2.1383330595080281 3.7012257604091228 4.4885732424042368 3.8499212036984933 8.1767812389201762
decision_type=2 2 2 2 2 2 2 2 2 2
left_child=-1 2 8 -4 5 -3 -6 -8 9 -2
right_child=1 4 3 -5 6 -7 7 -9 -10 -11
leaf_value=0.00021992919276606589 2.1072754073732846e-05 -0.00072727397981163261 -0.0061424210124338668 -0.0011446216171198348 -0.0024723673053085806 0.0032569714865530843 0.002930754311382771 -4.4702417804082194e-06 -0.001149547468581847 0.0027953988445612293
leaf_weight=193 36 11.000000000000002 5.9999999999999991 37 14.999999999999998 15.999999999999998 9.9999999999999982 121 29 11.999999999999998
leaf_count=193 36 11 6 37 15 16 10 121 29 12
internal_value=0 -0.000144868 -0.000651992 -0.00184199 0.000206894 0.00163376 -5.69785e-05 0.000219593 1.25523e-05 0.000714654
internal_weight=0 293 120 43 173 27 146 131 77 48
internal_count=486 293 120 43 173 27 146 131 77 48
is_linear=0
shrinkage=0.1


Tree=224
num_leaves=11
num_cat=0
split_feature=0 49 58 32 21 75 47 86 85 41
split_gain=0.00143905 0.0129156 0.00632599 0.00581325 0.00810075 0.00874411 0.00544152 0.00659884 0.00513499 0.00489532
threshold=1.5890269151739729 4.8597823571876004 1.0397207708399181 5.5052984857290932 1.0397207708399181 3.6361991962850237 1.4978661367769956 2.0126758453675748 4.7957563937576522 2.1383330595080277
decision_type=2 2 2 2 2 2 2 2 2 2
left_child=3 -2 -3 4 5 -1 9 -8 -5 -6
right_child=1 2 -4 8 6 -7 7 -9 -10 -11
leaf_value=0.0015267141385993453 0.0046815823065117007 -0.0029724563205880778 6.0380555276253026e-05 0.0033306440005877176 -0.0042261536973951883 -0.0028259377989646359 0.002300263584281008 -0.0022191364883578247 -0.00020074177184142172 -0.0013598107016430452
leaf_weight=20.000000000000004 5.9999999999999991 6.9999999999999991 393 7.0000000000000027 11.000000000000002 5.9999999999999991 5.9999999999999982 7 9.9999999999999982 12.999999999999998
leaf_count=20 6 7 393 7 11 6 6 7 10 13
internal_value=0 7.63839e-05 7.30591e-06 -0.000387648 -0.000830459 0.000522256 -0.00178102 -0.00013326 0.00125336 -0.00267355
internal_weight=0 406 400 80 63 26 37 13 17 24
internal_count=486 406 400 80 63 26 37 13 17 24
is_linear=0
shrinkage=0.1


Tree=225
num_leaves=11
num_cat=0
split_feature=89 98 96 83 94 11 89 44 98 30
split_gain=0.00168307 0.00720074 0.0116717 0.0134282 0.00522599 0.00618599 0.00484534 0.014905 0.00685717 0.00447473
threshold=6.2085718078050585 2.5619819897016298 0.89587973461402759 2.8029010331479989 3.6632328069201612 1.4978661367769956 6.4052270920020655 1.4978661367769956 1.9356005054539456 1.0397207708399181
decision_type=2 2 2 2 2 2 2 2 2 2
left_child=1 2 4 -4 5 -1 7 -2 -9 -8
right_child=6 -3 3 -5 -6 -7 9 8 -10 -11
leaf_value=0.0034293213277123871 -0.0057676266646012634 0.0037790424190461639 -0.0065886078029871002 0.00019663580626781498 -0.0011217054072767496 0.00054606029652464003 -0.0012837420806754382 0.0027478234920029826 -0.0013925769705868639 9.8002028717504192e-05
leaf_weight=10.999999999999998 6.0000000000000027 5.9999999999999991 4.9999999999999982 7 9.9999999999999982 23 25 6.0000000000000027 11.999999999999998 375
leaf_count=11 6 6 5 7 10 23 25 6 12 375
internal_value=0 0.000486654 0.000133898 -0.00263055 0.000887838 0.00147888 -7.11616e-05 -0.00145124 -1.24435e-05 1.1643e-05
internal_weight=0 62 56 12 44 34 424 24 18 400
internal_count=486 62 56 12 44 34 424 24 18 400
is_linear=0
shrinkage=0.1


Tree=226
num_leaves=11
num_cat=0
split_feature=95 95 82 46 91 91 33 38 38 44
split_gain=0.00140673 0.00596155 0.00465137 0.00553161 0.00455265 0.00480476 0.00391195 0.00370507 0.00762915 0.00745838
threshold=6.0613889946661823 6.4264832207863298 4.317399216745252 3.5549397315361362 3.8064155152036787 4.3943729409690677 2.3502401828962087 4.8674160932529942 4.6150714996361826 5.4424083402947536
decision_type=2 2 2 2 2 2 2 2 2 2
left_child=7 2 -2 6 -3 -6 -4 8 -1 -10
right_child=1 4 3 -5 5 -7 -8 -9 9 -11
leaf_value=7.1456134548180216e-05 0.0015765083953738213 -0.0025660897651687267 -0.00092376683217783729 -0.00046237814628208681 0.0035402742400765424 0.00027962855027463448 -0.0040980756028809332 0.0008005982103791436 -0.00080902306830726682 -0.005308376103639603
leaf_weight=309 4.9999999999999991 4.9999999999999991 6.0000000000000027 18 4.9999999999999991 47 10.999999999999998 61 14.000000000000002 4.9999999999999991
leaf_count=309 5 5 6 18 5 47 11 61 14 5
internal_value=0 -0.000340703 -0.00127654 -0.00168412 0.000316026 0.000593152 -0.00297773 8.49569e-05 -4.81349e-05 -0.00199306
internal_weight=0 97 40 35 57 52 17 389 328 19
internal_count=486 97 40 35 57 52 17 389 328 19
is_linear=0
shrinkage=0.1


Tree=227
num_leaves=11
num_cat=0
split_feature=89 98 96 83 41 89 44 98 28 28
split_gain=0.00131917 0.00595577 0.0113075 0.00886454 0.00568316 0.00397265 0.0120769 0.00555055 0.00381425 0.00393494
threshold=6.2085718078050585 2.3937458713910238 0.89587973461402759 2.8029010331479989 3.7609296261008152 6.4052270920020655 1.4978661367769956 1.9356005054539456 1.0397207708399181 1.9356005054539456
decision_type=2 2 2 2 2 2 2 2 2 2
left_child=1 2 4 -4 -1 6 -2 -8 -7 -10
right_child=5 -3 3 -5 -6 8 7 -9 9 -11
leaf_value=0.00016698412937606036 -0.0051980093451372009 0.0028092695270768471 -0.005936892600730063 -0.00023572433662290374 0.0030019065641681665 -0.0018243615219200203 0.0024658955827665812 -0.0012592037543072367 0.0014300362789072098 -1.0140578632398672e-05
leaf_weight=33 6.0000000000000027 8.9999999999999982 4.9999999999999982 6 8.9999999999999982 10.999999999999998 6.0000000000000027 11.999999999999998 20 369
leaf_count=33 6 9 5 6 9 11 6 12 20 369
internal_value=0 0.000430843 2.6959e-05 -0.00282716 0.000774468 -6.30006e-05 -0.00131263 -1.7504e-05 1.19772e-05 6.39045e-05
internal_weight=0 62 53 11 42 424 24 18 400 389
internal_count=486 62 53 11 42 424 24 18 400 389
is_linear=0
shrinkage=0.1


Tree=228
num_leaves=11
num_cat=0
split_feature=91 65 52 59 44 62 60 19 76 16
split_gain=0.00141781 0.00774825 0.0103061 0.00642218 0.0131223 0.00669543 0.00487713 0.0104428 0.00870839 0.0077753
threshold=1.5890269151739729 5.3589392201907193 6.1420165934996938 6.311733162251806 3.1345481418531311 5.9964025824430864 2.9700856263602158 6.4891310167150369 2.8029010331479989 3.1345481418531311
decision_type=2 2 2 2 2 2 2 2 2 2
left_child=1 2 3 4 -1 -5 8 -8 9 -2
right_child=6 -3 -4 5 -6 -7 7 -9 -10 -11
leaf_value=0.0050961968896444899 -0.00058846118376925261 0.0035570848467094563 -0.0030995701569029028 -0.0004261950692125538 -0.00083247378934174759 0.0028843618018462233 0.002926025744594741 2.1521554709547901e-05 -0.0040175310169745775 0.0028451402804681235
leaf_weight=7.9999999999999982 114 6.9999999999999991 8.9999999999999982 48 7 6.9999999999999991 12.999999999999998 259 6.9999999999999991 6.9999999999999991
leaf_count=8 114 7 9 48 7 7 13 259 7 7
internal_value=0 0.000368359 8.58139e-05 0.000495363 0.00232948 -4.85147e-06 -7.91972e-05 0.00016034 -0.000588213 -0.000389823
internal_weight=0 86 79 70 15 55 400 272 128 121
internal_count=486 86 79 70 15 55 400 272 128 121
is_linear=0
shrinkage=0.1


Tree=229
num_leaves=11
num_cat=0
split_feature=70 43 70 78 66 5 33 71 13 3
split_gain=0.00131687 0.00231831 0.00220988 0.00182345 0.00366993 0.00334538 0.00516424 0.00389691 0.00155101 0.00123847
threshold=5.7868785620882379 6.1569700081995915 5.5129081839107776 5.4358816697381185 4.6959141240107813 5.5093801410486734 6.1441487928929224 5.4160905255636633 5.8819043445924564 6.511426193267698
decision_type=2 2 2 2 2 2 2 2 2 2
left_child=2 -2 3 5 -5 6 -1 -7 -4 -6
right_child=1 -3 8 4 9 7 -8 -9 -10 -11
leaf_value=1.3439118845149735e-05 0.002680545537732542 4.3323464342392985e-05 -0.0023298634182927869 0.0027854777839300873 -0.00082618716160141068 -0.0028446017920941815 0.0029699326415235801 -0.00042172138965748348 -2.3839749046601353e-05 0.001180058275349438
leaf_weight=386 4.9999999999999991 9.9999999999999982 6.9999999999999982 7.0000000000000027 7.9999999999999982 7.9999999999999991 5.9999999999999991 39 5 5
leaf_count=386 5 10 7 7 8 8 6 39 5 5
internal_value=0 0.000922397 -2.93757e-05 5.64768e-06 0.000939457 -3.68949e-05 5.86916e-05 -0.000834127 -0.00136902 -5.45543e-05
internal_weight=0 15 471 459 20 439 392 47 12 13
internal_count=486 15 471 459 20 439 392 47 12 13
is_linear=0
shrinkage=0.1


Tree=230
num_leaves=11
num_cat=0
split_feature=84 6 4 64 5 93 62 74 72 44
split_gain=0.00130584 0.00650761 0.0102096 0.0106546 0.00646737 0.00865485 0.0047204 0.00432291 0.00849644 0.00723236
threshold=1.4978661367769956 2.8029010331479989 3.8499212036984933 1.7005986908310777 2.9174053685313028 3.2180751841847144 4.1891953942678901 3.2180751841847144 6.2401219279770048 0.89587973461402759
decision_type=2 2 2 2 2 2 2 2 2 2
left_child=1 4 3 -3 5 6 -1 8 9 -2
right_child=7 2 -4 -5 -6 -7 -8 -9 -10 -11
leaf_value=0.0001203469381046792 0.0032610177353490145 -0.0011912279448512454 0.00053216583116657363 -0.0054280537180602557 0.0025827346115627073 0.0026057428028434517 -0.0019653587581535035 -9.3781717682548958e-05 -0.0029023689605916542 0.00059216472143430808
leaf_weight=30 11.999999999999998 23.000000000000004 22 7.9999999999999991 10.999999999999998 9.9999999999999982 17 281 5.9999999999999991 66
leaf_count=30 12 23 22 8 11 10 17 281 6 66
internal_value=0 -0.000284696 -0.00111538 -0.0022846 0.000362747 -6.56713e-05 -0.000634057 9.43787e-05 0.00072382 0.00100276
internal_weight=0 121 53 31 68 57 47 365 84 78
internal_count=486 121 53 31 68 57 47 365 84 78
is_linear=0
shrinkage=0.1


Tree=231
num_leaves=7
num_cat=0
split_feature=94 95 38 95 8 80
split_gain=0.0011889 0.00194219 0.00189671 0.00225344 0.00305713 0.00304762
threshold=6.5309243747691701 7.1447997903071299 6.3034032896312189 6.0613889946661823 5.8259957565466136 3.1345481418531311
decision_type=2 2 2 2 2 2
left_child=1 2 3 4 -1 -5
right_child=-2 -3 -4 5 -6 -7
leaf_value=3.1629140650975125e-05 -0.0013989390688948335 0.0015625677395291861 0.0019286265328992158 0.00034569796795646352 0.0021405561178523516 -0.0009638169638212556
leaf_weight=381 5.9999999999999991 7.9999999999999991 4.9999999999999991 27 6.9999999999999991 52
leaf_count=381 6 8 5 27 7 52
internal_value=0 1.74867e-05 -8.70108e-06 -2.94433e-05 6.96768e-05 -0.000516261
internal_weight=0 480 472 467 388 79
internal_count=486 480 472 467 388 79
is_linear=0
shrinkage=0.1


Tree=232
num_leaves=11
num_cat=0
split_feature=70 11 6 15 99 79 44 3 44 78
split_gain=0.00121545 0.00565179 0.00931894 0.0112039 0.00948797 0.00772813 0.00752494 0.00463871 0.004012 0.0094228
threshold=2.3502401828962087 3.6632328069201612 1.5890269151739729 3.8499212036984933 3.5114340430413216 6.5595510325509787 1.2424533248940004 2.3937458713910238 0.89587973461402759 2.7058230259275202
decision_type=2 2 2 2 2 2 2 2 2 2
left_child=1 2 4 -4 -1 -6 -3 -5 -2 -10
right_child=8 6 3 7 5 -7 -8 -9 9 -11
leaf_value=-0.0001344204573941074 0.0008727234621024268 -0.0033383688384977482 -0.0042300825647544095 0.0028174679353833183 0.0016889545304531403 0.0064304556325078012 -0.00032875040584864716 -0.00064751019646577986 -0.0021535441250307486 8.6618833918259441e-05
leaf_weight=19 55 11.999999999999998 8.0000000000000018 5.0000000000000027 10.999999999999998 4.9999999999999991 27 17 20 307
leaf_count=19 55 12 8 5 11 5 27 17 20 307
internal_value=0 -0.000303085 0.000267935 -0.00102537 0.00137648 0.00317067 -0.00125479 0.000139985 8.25154e-05 -5.03942e-05
internal_weight=0 104 65 30 35 16 39 22 382 327
internal_count=486 104 65 30 35 16 39 22 382 327
is_linear=0
shrinkage=0.1


Tree=233
num_leaves=11
num_cat=0
split_feature=15 10 95 21 17 34 70 68 0 50
split_gain=0.00117324 0.00539066 0.00683101 0.00550321 0.00470477 0.0078665 0.00460412 0.00446855 0.00322102 0.00510685
threshold=6.1820763689755482 3.8499212036984933 4.5538214868689204 4.0428973506407848 4.516324041782946 5.5133962268973056 4.6395599436855051 4.5538214868689204 6.3261478730552536 4.007167868649713
decision_type=2 2 2 2 2 2 2 2 2 2
left_child=4 3 -3 -2 5 6 7 -1 9 -4
right_child=1 2 8 -5 -6 -7 -8 -9 -10 -11
leaf_value=3.3095211900032711e-05 -0.00027542197058210154 -0.0041723265685141087 0.00039242380007635806 0.0042166185006499287 0.00098247018572874384 -0.0039935395959764721 0.0017147692836200199 -0.0013344388157397939 0.00028573132130520375 -0.0019140107019363012
leaf_weight=295 5.9999999999999982 4.9999999999999991 15.999999999999998 5 50 4.9999999999999991 14.999999999999998 26 39 24
leaf_count=295 6 5 16 5 50 5 15 26 39 24
internal_value=0 -0.000315211 -0.000587805 0.00176641 7.65858e-05 -5.62419e-05 2.34886e-06 -7.76708e-05 -0.000360936 -0.000991437
internal_weight=0 95 84 11 391 341 336 321 79 40
internal_count=486 95 84 11 391 341 336 321 79 40
is_linear=0
shrinkage=0.1


Tree=234
num_leaves=11
num_cat=0
split_feature=55 65 39 91 93 11 49 47 46 34
split_gain=0.00121119 0.00528268 0.006334 0.00546592 0.00745658 0.00452977 0.00355592 0.00595943 0.0046096 0.00712788
threshold=5.1984817689835037 5.0688844241303981 8.9661930242131387 3.891612008168019 2.6735537653587347 4.2903656061101136 7.0850628910679374 2.0126758453675748 3.8064155152036787 5.5872416446462791
decision_type=2 2 2 2 2 2 2 2 2 2
left_child=1 -1 3 4 -3 -5 -2 -8 9 -9
right_child=6 2 -4 5 -6 -7 7 8 -10 -11
leaf_value=-3.3928038586852881e-05 -0.0017236694809980692 0.00039693899375076077 0.0042220292845740913 -0.003380174487829209 0.0045681118732318286 0.00087647577864117913 0.0019134416777108398 -0.00057850554377957323 0.0001378306626003027 -0.0042116561904549602
leaf_weight=245 13.999999999999998 15.000000000000005 5.9999999999999991 4.9999999999999982 5.9999999999999991 5 13.999999999999998 54 116 5.9999999999999991
leaf_count=245 14 15 6 5 6 5 14 54 116 6
internal_value=0 0.00013427 0.00124801 0.000672396 0.0015887 -0.00125185 -0.000185608 -7.22773e-05 -0.000230232 -0.000941821
internal_weight=0 282 37 31 21 10 204 190 176 60
internal_count=486 282 37 31 21 10 204 190 176 60
is_linear=0
shrinkage=0.1


Tree=235
num_leaves=11
num_cat=0
split_feature=4 95 72 3 11 11 70 50 6 98
split_gain=0.00117275 0.0060434 0.00524768 0.00512326 0.00561821 0.004164 0.00844534 0.00475787 0.00451664 0.00436104
threshold=2.602003343538398 4.3036997296511936 3.0433873634561537 1.5890269151739729 2.1383330595080277 3.7609296261008152 2.602003343538398 3.3497501700808394 1.0397207708399181 3.1345481418531311
decision_type=2 2 2 2 2 2 2 2 2 2
left_child=1 5 -2 -3 -5 7 9 8 -1 -7
right_child=2 3 -4 4 -6 6 -8 -9 -10 -11
leaf_value=0.0011548394511919468 0.0028052436453955519 0.00026210832875221967 3.9834751957338693e-05 -0.0045324532448181064 -0.0012183980293277849 -0.00062070583649487623 0.0016028219513827937 0.0036246107146143919 -0.00067065594636875651 -0.0035889003425836567
leaf_weight=33 6.9999999999999991 13.999999999999998 348 7.0000000000000027 19 11.000000000000005 9.9999999999999982 4.9999999999999991 23 8.9999999999999982
leaf_count=33 7 14 348 7 19 11 10 5 23 9
internal_value=0 -0.000255719 9.43639e-05 -0.00128018 -0.00211064 0.000194594 -0.000769988 0.000668978 0.000405082 -0.00195639
internal_weight=0 131 355 40 26 91 30 61 56 20
internal_count=486 131 355 40 26 91 30 61 56 20
is_linear=0
shrinkage=0.1


Tree=236
num_leaves=11
num_cat=0
split_feature=1 37 55 46 55 94 70 52 30 78
split_gain=0.00109842 0.00521995 0.00652591 0.00963946 0.00513516 0.00466953 0.00655765 0.00486796 0.00545233 0.00447346
threshold=4.7957563937576522 4.0773937863842606 5.081385075233106 3.8064155152036787 5.298267364047871 4.8121513051691478 4.2625806805327082 4.4425820475484112 3.9316333620047872 4.4367340276668159
decision_type=2 2 2 2 2 2 2 2 2 2
left_child=5 -2 -3 4 -4 -1 7 -7 -9 -5
right_child=1 2 3 9 -6 6 -8 8 -10 -11
leaf_value=-4.8729690989244834e-05 -0.0012926028843503446 0.0017957186608232166 0.00065126996487379035 -0.0024395276443101468 -0.0030202150683180662 0.0027869750862009827 0.0041258828248828651 -0.00078748894156888127 0.0021157360111828893 0.00037590386407253777
leaf_weight=264 35 19 5.0000000000000027 5.9999999999999991 15.999999999999998 7.9999999999999991 5.9999999999999991 23 8.9999999999999982 95
leaf_count=264 35 19 5 6 16 8 6 23 9 95
internal_value=0 -0.000199522 7.18104e-05 -0.000196667 -0.00214605 0.000113277 0.00104305 0.000580629 2.90431e-05 0.000208651
internal_weight=0 176 141 122 21 310 46 40 32 101
internal_count=486 176 141 122 21 310 46 40 32 101
is_linear=0
shrinkage=0.1


Tree=237
num_leaves=11
num_cat=0
split_feature=86 51 56 56 94 95 20 4 76 61
split_gain=0.00109529 0.00407623 0.00773034 0.0074718 0.0074721 0.00619144 0.00525946 0.00511487 0.00452935 0.00398432
threshold=2.0126758453675748 1.8688348091416842 2.8029010331479989 2.3502401828962087 1.0397207708399181 4.3437210834879627 2.9174053685313028 2.602003343538398 2.3502401828962087 3.9607678160667752
decision_type=2 2 2 2 2 2 2 2 2 2
left_child=9 7 3 4 -3 -5 -4 -2 -8 -1
right_child=1 2 6 5 -6 -7 8 -9 -10 -11
leaf_value=-7.2822430448555585e-05 5.2891689462258531e-05 0.0019403329929198001 0.0019149946515002133 -0.0039905129931867107 -0.00096712050778377393 -0.00090420580594442214 0.0022843866958282889 0.0030011012762164078 -0.00015308805269555312 0.00098577357637894122
leaf_weight=146 17.000000000000004 10.999999999999998 14.999999999999998 13.000000000000002 45 12.999999999999998 7.9999999999999991 8.9999999999999982 162 47
leaf_count=146 17 11 15 13 45 13 8 9 162 47
internal_value=0 -0.000121841 -0.000238234 -0.00104644 -0.000396014 -0.00244736 0.000119999 0.00107343 -3.83834e-05 0.00018497
internal_weight=0 293 267 82 56 26 185 26 170 193
internal_count=486 293 267 82 56 26 185 26 170 193
is_linear=0
shrinkage=0.1


Tree=238
num_leaves=11
num_cat=0
split_feature=8 15 92 68 65 4 41 94 20 9
split_gain=0.00104595 0.00535437 0.00753301 0.00766146 0.00649715 0.00560137 0.00501086 0.00404989 0.00677302 0.00627436
threshold=2.9430520157250784 4.9344480538832558 5.5759204062713987 3.891612008168019 5.0139575654555903 3.6105525490912482 3.2180751841847144 1.4978661367769956 2.602003343538398 6.311733162251806
decision_type=2 2 2 2 2 2 2 2 2 2
left_child=1 4 3 -3 5 6 -1 9 -9 -2
right_child=7 2 -4 -5 -6 -7 -8 8 -10 -11
leaf_value=-0.00044169898587279022 0.0033253719926708276 -0.0012927015892380631 -0.0047838106751441961 0.0023402461649051735 0.0020282987781683917 -0.0019968749858630223 0.0011930673721750888 -0.0016897343078871138 0.00010116310020946051 0.00040302604917087599
leaf_weight=50 8.9999999999999982 34 4.9999999999999991 6.9999999999999991 15.999999999999998 13.999999999999998 30 23 258 40
leaf_count=50 9 34 5 7 16 14 30 23 258 40
internal_value=0 -0.000213369 -0.00111933 -0.000672442 0.000165487 -0.000151587 0.000171338 0.000100865 -4.54228e-05 0.000939783
internal_weight=0 156 46 41 110 94 80 330 281 49
internal_count=486 156 46 41 110 94 80 330 281 49
is_linear=0
shrinkage=0.1


Tree=239
num_leaves=11
num_cat=0
split_feature=25 25 16 43 26 95 52 42 4 43
split_gain=0.00101077 0.00410204 0.00311274 0.00456698 0.00401085 0.00334544 0.0024065 0.00473574 0.0023449 0.0022367
threshold=6.9334154259936662 7.0066689711592458 4.5746578350692051 4.3107766033702406 4.6150714996361826 5.2203412156610947 7.6824671561055489 7.3770474648161253 4.744894319750431 5.9532129741149253
decision_type=2 2 2 2 2 2 2 2 2 2
left_child=2 -2 4 -4 6 -5 7 -1 -3 -10
right_child=1 8 3 5 -6 -7 -8 -9 9 -11
leaf_value=3.9250952179985512e-05 -0.0028957179825132092 0.0015712651623679052 -0.00071809264287973418 0.0042409840412437885 -0.0022417032130761074 0.0011622274427888139 0.0017364711962727598 -0.0021641610795632006 -0.0017551548934231196 0.00023892451038894558
leaf_weight=397 5.9999999999999991 7.0000000000000027 9.0000000000000018 5.0000000000000027 7.9999999999999991 11.999999999999998 7.9999999999999991 9.9999999999999982 9.0000000000000018 14.999999999999998
leaf_count=397 6 7 9 5 8 12 8 10 9 15
internal_value=0 -0.000502378 4.13986e-05 0.00110342 -2.38791e-05 0.00206774 1.88742e-05 -1.48869e-05 -3.91507e-05 -0.000508855
internal_weight=0 37 449 26 423 17 415 407 31 24
internal_count=486 37 449 26 423 17 415 407 31 24
is_linear=0
shrinkage=0.1


Tree=240
num_leaves=11
num_cat=0
split_feature=93 52 97 90 11 90 84 71 84 89
split_gain=0.00106068 0.00482749 0.00560372 0.00535324 0.00502497 0.00409478 0.00346967 0.00444132 0.00357857 0.00333458
threshold=3.9701138825728512 4.1107394736335969 4.1430087342023825 3.5549397315361362 3.4811217321331038 4.1107394736335969 5.7960531314223358 6.5308606277173844 5.6733173626244016 8.5963542550312599
decision_type=2 2 2 2 2 2 2 2 2 2
left_child=9 -2 3 4 -3 -5 8 -8 -4 -1
right_child=1 2 6 5 -6 -7 7 -9 -10 -11
leaf_value=1.6459848097060319e-05 -0.0023841749602330053 -0.0025339691434055553 -0.00015066980829978288 0.003097830282240466 0.00089019835698612353 0.00083542443899204961 0.0027502539722869795 -0.00076215451893707118 -0.0028907402604818346 -0.00095312901937243783
leaf_weight=263 6.9999999999999991 6.0000000000000027 102 15.999999999999998 14.999999999999998 15.999999999999998 8.9999999999999982 5.9999999999999991 4.9999999999999991 41
leaf_count=263 7 6 102 16 15 16 9 6 5 41
internal_value=0 0.00019093 0.000293935 0.00115248 -8.81352e-05 0.00196663 -7.90382e-05 0.00134529 -0.00027871 -0.000114307
internal_weight=0 182 175 53 21 32 122 15 107 304
internal_count=486 182 175 53 21 32 122 15 107 304
is_linear=0
shrinkage=0.1


Tree=241
num_leaves=11
num_cat=0
split_feature=86 56 53 91 94 4 26 93 91 9
split_gain=0.00102683 0.00361954 0.0059575 0.00695417 0.00750628 0.0065178 0.00467937 0.00612799 0.00435353 0.00414171
threshold=2.0126758453675748 1.8688348091416842 2.1383330595080281 1.5890269151739729 3.6632328069201612 2.7058230259275202 2.1383330595080281 3.0433873634561537 1.0397207708399181 6.9087542803134747
decision_type=2 2 2 2 2 2 2 2 2 2
left_child=1 2 3 4 -1 -5 7 -3 -4 -10
right_child=-2 6 8 5 -6 -7 -8 -9 9 -11
leaf_value=0.0035845353884117978 -0.00011797129364161299 -0.00034416139125823973 -0.0031992339936550707 -0.0010245299845701083 4.7520427324343478e-05 0.00079224734949186843 0.00030818388535812526 0.004022171182764901 0.0007842774932774214 -0.0015321376621853379
leaf_weight=12.000000000000002 293 4.9999999999999991 7.9999999999999991 40 11.999999999999998 39 36 8.9999999999999982 12.999999999999998 19
leaf_count=12 293 5 8 40 12 39 36 9 13 19
internal_value=0 0.000179096 -7.69774e-05 0.000325254 0.00181603 -0.00012764 0.000911467 0.00246277 -0.00111272 -0.000591094
internal_weight=0 193 143 103 24 79 50 14 40 32
internal_count=486 193 143 103 24 79 50 14 40 32
is_linear=0
shrinkage=0.1


Tree=242
num_leaves=6
num_cat=0
split_feature=94 95 38 45 73
split_gain=0.00101284 0.00144603 0.00126601 0.00189311 0.00202201
threshold=6.5309243747691701 7.1447997903071299 6.1862001562848912 7.4802334233887304 5.9750802605835984
decision_type=2 2 2 2 2
left_child=1 2 3 4 -1
right_child=-2 -3 -4 -5 -6
leaf_value=-5.6700640648255009e-05 -0.0012912137749178025 0.001349338179352344 0.0012408168578986079 -0.0016600262149170575 0.00082038587944615368
leaf_weight=429 5.9999999999999991 7.9999999999999991 7.9999999999999991 6.9999999999999991 28
leaf_count=429 6 8 8 7 28
internal_value=0 1.61402e-05 -6.4564e-06 -2.79611e-05 -2.9623e-06
internal_weight=0 480 472 464 457
internal_count=486 480 472 464 457
is_linear=0
shrinkage=0.1


Tree=243
num_leaves=11
num_cat=0
split_feature=84 79 79 65 21 35 82 86 85 84
split_gain=0.000982677 0.00561807 0.00707593 0.00465599 0.00714221 0.00437472 0.00395468 0.00291432 0.00740769 0.00556512
threshold=1.2424533248940004 6.937297114209442 7.2119141714586075 4.5325416796595226 4.2045812236012674 5.8377261972180028 1.9356005054539456 0.8958797346140277 4.007167868649713 2.7058230259275202
decision_type=2 2 2 2 2 2 2 2 2 2
left_child=1 3 -3 4 -1 6 -5 8 9 -2
right_child=7 2 -4 5 -6 -7 -8 -9 -10 -11
leaf_value=0.00053937659496720402 -0.0028753114204543334 0.0034990607993677248 -0.000280879013455258 -0.00054395105980802299 -0.0031872339081019164 0.00016587077872827651 -0.0032970936177298426 -6.3937408968729197e-05 0.0021729404784061692 0.00035495030703411128
leaf_weight=36 5.9999999999999991 8.0000000000000018 12.999999999999998 8.0000000000000018 5.9999999999999991 9.9999999999999982 14.999999999999998 314 22 48
leaf_count=36 6 8 13 8 6 10 15 314 22 48
internal_value=0 -0.000286605 0.0011591 -0.000691402 7.00367e-06 -0.00158028 -0.00233948 7.05489e-05 0.00062619 -3.96766e-06
internal_weight=0 96 21 75 42 33 23 390 76 54
internal_count=486 96 21 75 42 33 23 390 76 54
is_linear=0
shrinkage=0.1


Tree=244
num_leaves=11
num_cat=0
split_feature=31 31 71 38 41 66 39 76 47 68
split_gain=0.000975434 0.00384674 0.0037805 0.00564576 0.00378427 0.00313255 0.00490745 0.00317341 0.00288982 0.00774793
threshold=2.6735537653587347 2.9174053685313028 3.7609296261008152 2.3937458713910238 3.4334666422309414 1.2424533248940004 6.2633529090608215 0.8958797346140277 2.0126758453675748 3.891612008168019
decision_type=2 2 2 2 2 2 2 2 2 2
left_child=2 -2 4 -4 5 7 -7 -1 9 -3
right_child=1 8 3 -5 -6 6 -8 -9 -10 -11
leaf_value=-0.00096753690554760409 0.0021308292091513675 0.00024193853194288828 -0.0040316741787440429 -0.00046367198322995516 0.0022620848712644409 0.0027673488890286538 2.2090587548778524e-05 0.00058090928941965101 -9.0994909401594708e-05 0.003813045272337539
leaf_weight=50 8.9999999999999982 46 6.0000000000000027 17 6.9999999999999991 7.9999999999999991 35 18 283 6.9999999999999991
leaf_count=50 9 46 6 17 7 8 35 18 283 7
internal_value=0 9.05693e-05 -0.000221606 -0.00139446 7.00066e-06 -0.000135212 0.000532836 -0.000557654 3.59194e-05 0.000713594
internal_weight=0 345 141 23 118 111 43 68 336 53
internal_count=486 345 141 23 118 111 43 68 336 53
is_linear=0
shrinkage=0.1


Tree=245
num_leaves=8
num_cat=0
split_feature=30 45 19 66 33 21 70
split_gain=0.000928846 0.00135697 0.00204963 0.00194466 0.00163452 0.00188644 0.00159287
threshold=6.0935060713957165 7.29940641775526 10.396807285218456 5.2907605476430133 6.2402739452473375 6.2859963606162941 5.6452907969132928
decision_type=2 2 2 2 2 2 2
left_child=1 2 4 -3 5 -1 -6
right_child=-2 3 -4 -5 6 -7 -8
leaf_value=4.2833878581386389e-05 0.0010686182329664006 -0.0025740887410938746 0.0020229228516109288 8.0422531547290931e-06 -0.0025393210165202624 -0.0015065644896822051 -1.5140213072299954e-05
leaf_weight=443 7.9999999999999991 4.9999999999999982 4.9999999999999991 7 4.9999999999999982 7.9999999999999991 5
leaf_count=443 8 5 5 7 5 8 5
internal_value=0 -1.78848e-05 9.15279e-06 -0.00106785 -1.26885e-05 1.53501e-05 -0.00127723
internal_weight=0 478 466 12 461 451 10
internal_count=486 478 466 12 461 451 10
is_linear=0
shrinkage=0.1


Tree=246
num_leaves=11
num_cat=0
split_feature=21 21 97 94 96 28 12 27 78 22
split_gain=0.000903236 0.00423426 0.00931412 0.00865592 0.00534557 0.00414622 0.0100701 0.00608002 0.00589937 0.00569509
threshold=2.8314802400679731 3.7609296261008152 1.0397207708399181 3.3667009459186801 0.89587973461402759 3.5408542930527882 5.4847194494823395 2.9430520157250784 3.7609296261008152 5.3229980813168991
decision_type=2 2 2 2 2 2 2 2 2 2
left_child=-1 2 3 -2 -4 6 -3 8 -7 -9
right_child=1 5 4 -5 -6 7 -8 9 -10 -11
leaf_value=-0.00020803937798904971 0.0011739291076082738 -0.0002582806383323824 -0.0018586399708874525 0.0064778656512498841 0.00072630895338079429 0.00049316781703108805 -0.0044841946460240124 -0.0031381000240799043 0.0037862553082959496 -1.3517930665763008e-05
leaf_weight=146 7.9999999999999982 29 9.9999999999999982 5 40 17.000000000000004 6.9999999999999991 5.9999999999999991 7.9999999999999991 210
leaf_count=146 8 29 10 5 40 17 7 6 8 210
internal_value=0 8.93346e-05 0.000829313 0.0032139 0.000209319 -7.89638e-05 -0.00107999 7.05665e-05 0.00154696 -0.000100312
internal_weight=0 340 63 13 50 277 36 241 25 216
internal_count=486 340 63 13 50 277 36 241 25 216
is_linear=0
shrinkage=0.1


Tree=247
num_leaves=8
num_cat=0
split_feature=58 58 33 52 54 32 23
split_gain=0.000888197 0.00208598 0.00273737 0.00257804 0.00255854 0.00209245 0.00128377
threshold=6.1974365842109203 5.8347936374918037 6.1779355053092848 7.6824671561055489 5.9814014572911871 7.8365657114726561 5.8998635749973518
decision_type=2 2 2 2 2 2 2
left_child=1 3 -3 4 5 -1 -5
right_child=-2 2 -4 6 -6 -7 -8
leaf_value=3.7308499899650506e-05 0.0011182918778753707 -0.0023006023606285445 0.00024168730933524785 0.0027196761034429077 -0.0022627268545329575 -0.0018428453632319969 0.00055007716582622368
leaf_weight=440 6.9999999999999991 9.0000000000000018 7.9999999999999991 4.9999999999999982 4.9999999999999991 5.9999999999999991 6
leaf_count=440 7 9 8 5 5 6 6
internal_value=0 -1.63425e-05 -0.00110423 2.3688e-05 -1.32039e-05 1.2015e-05 0.00153626
internal_weight=0 479 17 462 451 446 11
internal_count=486 479 17 462 451 446 11
is_linear=0
shrinkage=0.1


Tree=248
num_leaves=11
num_cat=0
split_feature=70 66 84 21 27 26 44 84 14 30
split_gain=0.000833202 0.00730732 0.0083091 0.0048042 0.00485416 0.00480197 0.00634568 0.00400155 0.0036769 0.00256038
threshold=3.2951505240983434 3.0433873634561537 3.2180751841847144 4.1742689126930488 2.1383330595080281 2.3502401828962087 4.3437210834879627 1.2424533248940004 3.9701138825728512 3.5972184255501678
decision_type=2 2 2 2 2 2 2 2 2 2
left_child=1 3 -3 4 8 6 -5 -6 -1 -7
right_child=-2 2 -4 5 7 9 -8 -9 -10 -11
leaf_value=0.00013646509125175949 0.00012006917083977677 0.00045888136761883897 -0.0044640115578658884 -0.0032189547562406261 -0.00035849866690114142 0.001718803065887186 -0.00020809898685131755 0.0018021676357602703 -0.0015869019581649419 -0.00073992353217262365
leaf_weight=107 264 5.9999999999999991 7.9999999999999991 14.000000000000002 11.999999999999998 8.0000000000000018 13.999999999999998 30 13.999999999999998 8.9999999999999982
leaf_count=107 264 6 8 14 12 8 14 30 14 9
internal_value=0 -0.000142785 -0.0023542 6.0603e-06 0.000258578 -0.000908614 -0.00171353 0.00118483 -6.29327e-05 0.000417124
internal_weight=0 222 14 208 163 45 28 42 121 17
internal_count=486 222 14 208 163 45 28 42 121 17
is_linear=0
shrinkage=0.1


Tree=249
num_leaves=11
num_cat=0
split_feature=37 42 17 11 3 41 49 17 28 92
split_gain=0.000849034 0.0048434 0.00313533 0.00571962 0.00545315 0.00487717 0.00422669 0.00401561 0.0028751 0.00455512
threshold=0.8958797346140277 1.0397207708399181 3.1132683346437333 3.7609296261008152 1.5890269151739729 3.2180751841847144 6.6827347716080423 1.4978661367769956 1.9356005054539456 5.2310943182715759
decision_type=2 2 2 2 2 2 2 2 2 2
left_child=2 -2 3 5 -5 7 -7 -1 9 -3
right_child=1 8 -4 4 -6 6 -8 -9 -10 -11
leaf_value=0.00042678724156840794 -0.0025053624995052814 -0.00065504693426191821 0.0026918317493982613 -0.00044529881724884027 -0.0042287537269294264 0.0046097151190042504 0.00067298425128683439 -0.0022752708250967165 -6.7223285715151465e-05 0.0034317743188391129
leaf_weight=66 7.9999999999999991 4.9999999999999982 4.9999999999999991 16.000000000000004 4.9999999999999991 4.9999999999999982 6 5.9999999999999991 358 6
leaf_count=66 8 5 5 16 5 5 6 6 358 6
internal_value=0 -7.10701e-05 0.000245811 0.000128214 -0.00134612 0.000501239 0.00246241 0.000201616 -1.82941e-05 0.00157413
internal_weight=0 377 109 104 21 83 11 72 369 11
internal_count=486 377 109 104 21 83 11 72 369 11
is_linear=0
shrinkage=0.1


Tree=250
num_leaves=11
num_cat=0
split_feature=84 80 69 76 8 83 44 81 82 11
split_gain=0.000871781 0.00337053 0.00523647 0.00456885 0.00416506 0.0040528 0.00363392 0.0035192 0.00345217 0.00289837
threshold=1.7005986908310777 2.3502401828962087 6.5792357796731817 0.8958797346140277 2.9430520157250784 0.89587973461402759 1.2424533248940004 2.6735537653587347 4.8903208612686422 3.891612008168019
decision_type=2 2 2 2 2 2 2 2 2 2
left_child=1 2 9 4 -3 -4 -6 -5 -9 -1
right_child=-2 3 5 7 6 -7 -8 8 -10 -11
leaf_value=0.00018704980417775607 8.0084601263453862e-05 -0.0031450567371211951 0.0035592196509242066 0.0010833757053478621 0.00038034451593245769 0.00012109962602456411 -0.0018598057174434265 -0.0021385684120468788 0.00022992675367277117 -0.0024595331423915923
leaf_weight=24.000000000000004 358 9.9999999999999982 7.9999999999999982 20 14.000000000000002 6 14.999999999999998 10.000000000000002 15.999999999999998 4.9999999999999991
leaf_count=24 358 10 8 20 14 6 15 10 16 5
internal_value=0 -0.000223987 0.000497486 -0.000588967 -0.0013852 0.00208574 -0.000778354 8.61013e-05 -0.000681033 -0.000269258
internal_weight=0 128 43 85 39 14 29 46 26 29
internal_count=486 128 43 85 39 14 29 46 26 29
is_linear=0
shrinkage=0.1


Tree=251
num_leaves=11
num_cat=0
split_feature=81 71 86 85 85 85 81 14 94 90
split_gain=0.000772845 0.00454609 0.00331109 0.00239776 0.00363559 0.00348286 0.00226862 0.00209062 0.00272971 0.00200631
threshold=5.9776119115618718 5.9454069026540806 4.2625806805327082 6.2146000983581917 6.0185902545239411 5.6834872047429625 6.0613237786925245 5.5606520443413574 5.5947044697546167 4.1742689126930488
decision_type=2 2 2 2 2 2 2 2 2 2
left_child=2 -2 3 4 5 -1 -3 9 -9 -8
right_child=1 6 -4 -5 -6 -7 7 8 -10 -11
leaf_value=5.4028750687087048e-05 -0.0025544906384311616 -0.0018334651404681307 0.00099466591063366444 -0.0011299612815491855 0.0021304934052750468 -0.0012441452775833156 0.00016108142424075465 0.0022982246087243159 -0.0006159526156261563 -0.0018539588382433675
leaf_weight=341 7.9999999999999991 5.9999999999999991 34 19 7.9999999999999991 22 28 8.9999999999999982 4.9999999999999991 5.9999999999999991
leaf_count=341 8 6 34 19 8 22 28 9 5 6
internal_value=0 -0.000329773 4.82215e-05 -3.4289e-05 2.18236e-05 -2.46485e-05 -1.85289e-07 0.000228975 0.00125745 -0.000194514
internal_weight=0 62 424 390 371 363 54 48 14 34
internal_count=486 62 424 390 371 363 54 48 14 34
is_linear=0
shrinkage=0.1


Tree=252
num_leaves=11
num_cat=0
split_feature=70 21 21 11 44 10 98 34 60 9
split_gain=0.000773721 0.00335656 0.00485204 0.00547523 0.00492145 0.00377418 0.003727 0.00351893 0.00273852 0.00252733
threshold=2.3502401828962087 1.0397207708399181 2.8314802400679731 3.1132683346437333 1.2424533248940004 2.8617925509761908 2.8314802400679731 2.0126758453675753 2.191013317336941 5.2148766803949993
decision_type=2 2 2 2 2 2 2 2 2 2
left_child=1 6 5 -4 -5 -3 7 -1 -2 -8
right_child=8 2 3 4 -6 -7 9 -9 -10 -11
leaf_value=-0.0025918472371995412 0.0013902192873259387 -0.0026393581210868429 0.0018922207157381556 -0.0023255537496879699 7.0629518789549667e-05 0.00050821498036384587 0.0036446047946810723 0.00060766415977427232 1.1705183537655679e-05 0.00084053340627482018
leaf_weight=5.0000000000000062 14.999999999999998 16.000000000000004 10.999999999999998 11.999999999999998 30 4.9999999999999991 4.9999999999999991 10.999999999999998 367 8.9999999999999982
leaf_count=5 15 16 11 12 30 5 5 11 367 9
internal_value=0 -0.000241818 -0.00060354 -9.38364e-05 -0.000613994 -0.00188994 0.00065043 -0.000392183 6.58353e-05 0.00184199
internal_weight=0 104 74 53 42 21 30 16 382 14
internal_count=486 104 74 53 42 21 30 16 382 14
is_linear=0
shrinkage=0.1


Tree=253
num_leaves=11
num_cat=0
split_feature=93 80 100 74 94 74 83 69 94 48
split_gain=0.000733216 0.00200772 0.00133302 0.00111405 0.00475533 0.00473152 0.00381716 0.00280977 0.0023554 0.000954341
threshold=6.0867179055019394 4.1742689126930488 0.89587973461402759 3.2180751841847144 3.6105525490912482 3.3667009459186801 2.6735537653587347 7.9851308890155055 3.8064155152036787 4.3437210834879627
decision_type=2 2 2 2 2 2 2 2 2 2
left_child=2 9 -1 4 6 -5 -4 -7 -6 -2
right_child=1 -3 3 5 8 7 -8 -9 -10 -11
leaf_value=-0.0015088207864513 -0.0012975953100249162 0.001719689745611201 -0.00072999582651505084 -0.0029141011075504747 0.0029154935479164127 -0.00080446393775756317 0.00044279730420236537 7.0264753152072003e-05 0.00066434267882317676 0.00039445181668270376
leaf_weight=5.9999999999999991 5.0000000000000027 8.9999999999999982 64 5.9999999999999991 4.9999999999999991 44 49 222 66 9.9999999999999982
leaf_count=6 5 9 64 6 5 44 49 222 66 10
internal_value=0 0.000538906 -2.79951e-05 -8.51058e-06 0.000181529 -0.000137067 -0.00022144 -7.44272e-05 0.000822874 -0.000169564
internal_weight=0 24 462 456 184 272 113 266 71 15
internal_count=486 24 462 456 184 272 113 266 71 15
is_linear=0
shrinkage=0.1


Tree=254
num_leaves=11
num_cat=0
split_feature=42 37 0 16 42 63 49 6 94 51
split_gain=0.000765616 0.00509513 0.00620918 0.00360351 0.00321671 0.00284793 0.00182311 0.00156483 0.00445311 0.00391408
threshold=1.5890269151739729 2.1383330595080281 1.8688348091416842 2.0126758453675748 2.649158683274019 2.9430520157250784 6.102556092217525 2.249904835165133 3.7012257604091228 4.1742689126930488
decision_type=2 2 2 2 2 2 2 2 2 2
left_child=1 2 3 5 -2 -1 -4 8 9 -6
right_child=4 -3 6 -5 7 -7 -8 -9 -10 -11
leaf_value=0.00095556160376872854 -0.001915529210378332 -0.0023991906355756028 0.004059359217062593 -0.0020246932016951698 -0.00083557117544114578 -0.0016678897105157375 0.0016252040455583484 7.5727715639485959e-05 0.00033699503842261479 -0.0039005014300346379
leaf_weight=24.000000000000004 8.9999999999999982 5.9999999999999991 4.9999999999999991 6.9999999999999991 25.000000000000004 4.9999999999999991 7.9999999999999991 359 33 4.9999999999999991
leaf_count=24 9 6 5 7 25 5 8 359 33 5
internal_value=0 0.000351354 0.000688155 1.16994e-05 -4.48363e-05 0.000503242 0.00256142 -4.94005e-06 -0.000464618 -0.00134639
internal_weight=0 55 49 36 431 29 13 422 63 30
internal_count=486 55 49 36 431 29 13 422 63 30
is_linear=0
shrinkage=0.1


Tree=255
num_leaves=11
num_cat=0
split_feature=20 20 94 16 48 45 15 11 14 28
split_gain=0.000787731 0.00451038 0.00344732 0.00337943 0.00312221 0.00408273 0.00305193 0.00218733 0.0036813 0.00450839
threshold=3.3497501700808394 3.6505739029280164 5.0434043048315838 3.4334666422309414 2.8314802400679731 5.8664640443659364 3.3218948665738366 4.8558607684570871 4.7273486598447958 4.234001473612734
decision_type=2 2 2 2 2 2 2 2 2 2
left_child=3 2 4 7 -2 -6 -3 8 9 -1
right_child=1 6 -4 -5 5 -7 -8 -9 -10 -11
leaf_value=9.0280304296660091e-05 3.0281280891762832e-06 0.0019688416712597247 0.0010526626661885531 0.0027069785958155992 -0.0031385317658229415 -0.00021375938584761961 -2.051146916613523e-05 -0.0018052671647941073 0.0014996107919917753 -0.0026933867872382207
leaf_weight=192 9.0000000000000018 7.9999999999999991 5.9999999999999991 4.9999999999999991 15.000000000000002 6.9999999999999991 214 5.9999999999999991 18 5.9999999999999991
leaf_count=192 9 8 6 5 15 7 214 6 18 6
internal_value=0 -0.000119188 -0.00114138 0.00013599 -0.00156603 -0.00220792 5.11769e-05 7.80851e-05 0.0001304 5.92676e-06
internal_weight=0 259 37 227 31 22 222 222 216 198
internal_count=486 259 37 227 31 22 222 222 216 198
is_linear=0
shrinkage=0.1


Tree=256
num_leaves=11
num_cat=0
split_feature=10 95 26 15 50 94 89 27 80 58
split_gain=0.000719287 0.00392188 0.00612837 0.00379181 0.00281174 0.003114 0.00565509 0.00273918 0.00322396 0.00279662
threshold=3.8499212036984933 4.2625806805327082 4.4187680230537838 6.5847761301033945 4.1971736807086968 4.7621374077860157 8.5588907478401755 3.0201273556387074 2.8617925509761908 3.8176519431297078
decision_type=2 2 2 2 2 2 2 2 2 2
left_child=3 2 -2 4 7 -6 -7 9 -9 -1
right_child=1 -3 -4 -5 5 6 -8 8 -10 -11
leaf_value=-2.8577497126187815e-05 -0.00046603619121015065 4.2031635067473196e-06 -0.0045085990801453594 0.0028276064991950992 -0.00038330266252160059 0.0047154972236603497 0.00059660352184437221 0.00065731640654401137 -0.0011670673475907135 0.0010264616799320031
leaf_weight=188 15.000000000000002 169 4.9999999999999991 4.9999999999999991 9.0000000000000018 4.9999999999999991 9.9999999999999982 12.999999999999998 38 29
leaf_count=188 15 169 5 5 9 5 10 13 38 29
internal_value=0 -0.000152504 -0.00147668 9.70478e-05 5.02917e-05 0.00108724 0.00196957 -4.25695e-05 -0.000702028 0.000112419
internal_weight=0 189 20 297 292 24 15 268 51 217
internal_count=486 189 20 297 292 24 15 268 51 217
is_linear=0
shrinkage=0.1


Tree=257
num_leaves=11
num_cat=0
split_feature=84 6 4 64 5 93 87 77 54 69
split_gain=0.000717669 0.0029959 0.00548798 0.00477101 0.00288706 0.00363788 0.00251571 0.00507039 0.00521628 0.00453379
threshold=1.4978661367769956 2.8029010331479989 3.8499212036984933 1.7005986908310777 2.9174053685313028 3.2180751841847144 2.1383330595080281 2.1383330595080281 3.4960482137079443 7.5742795968135601
decision_type=2 2 2 2 2 2 2 2 2 2
left_child=1 4 3 -3 5 -1 -2 8 -8 -9
right_child=6 2 -4 -5 -6 -7 7 9 -10 -11
leaf_value=-0.00042650460245761469 0.00053228764568149438 -0.00090025723165245309 0.00043324197520798246 -0.0037354145897552371 0.0017114877658472819 0.001673947712406516 -0.0033992991472283998 0.0019255744758993388 0.00024043970593733583 -6.4645534322490647e-05
leaf_weight=47 89 23.000000000000004 22 7.9999999999999991 10.999999999999998 9.9999999999999982 8.9999999999999982 11.999999999999998 6.9999999999999991 248
leaf_count=47 89 23 22 8 11 10 9 12 7 248
internal_value=0 -0.000211056 -0.000774678 -0.00163191 0.000228237 -5.80042e-05 6.99665e-05 -7.91153e-05 -0.00180691 2.72108e-05
internal_weight=0 121 53 31 68 57 365 276 16 260
internal_count=486 121 53 31 68 57 365 276 16 260
is_linear=0
shrinkage=0.1


Tree=258
num_leaves=11
num_cat=0
split_feature=14 10 9 31 48 26 96 82 95 30
split_gain=0.000753484 0.00299937 0.00491522 0.0045477 0.0039366 0.00279197 0.00250256 0.0023964 0.00428952 0.0022592
threshold=1.7917594692280554 2.602003343538398 5.2148766803949993 1.4978661367769956 2.191013317336941 2.9430520157250784 1.9356005054539456 4.2903656061101136 5.7136837883042917 3.7132745361986528
decision_type=2 2 2 2 2 2 2 2 2 2
left_child=1 2 6 -4 -5 7 -1 -3 -9 -7
right_child=-2 5 3 4 -6 9 -8 8 -10 -11
leaf_value=0.0027174503426067535 -7.9203567564278189e-05 0.00014250414274101787 -0.0038127740658819675 0.0013542642118409276 -0.0011943406391656027 0.00042592422770602368 8.0869103678398672e-05 0.0009196704975643976 0.0040403056889772417 -0.0022184593195561319
leaf_weight=5.9999999999999991 346 32 4.9999999999999991 7.9999999999999991 25 6.9999999999999982 8.9999999999999982 37 4.9999999999999991 6
leaf_count=6 346 32 5 8 25 7 9 37 5 6
internal_value=0 0.000195746 -0.000397278 -0.00100232 -0.000576497 0.000557014 0.0011355 0.000794452 0.00129117 -0.00079456
internal_weight=0 140 53 38 33 87 15 74 42 13
internal_count=486 140 53 38 33 87 15 74 42 13
is_linear=0
shrinkage=0.1


Tree=259
num_leaves=11
num_cat=0
split_feature=23 55 3 20 41 45 13 31 24 29
split_gain=0.000694932 0.00513895 0.00361905 0.0041241 0.00274341 0.0040632 0.00512461 0.00382839 0.00474703 0.00339894
threshold=2.1383330595080281 4.7405652883788738 3.4960482137079443 2.8617925509761908 2.6735537653587347 3.8499212036984933 2.1383330595080281 2.6735537653587347 2.524928003624769 8.7846956037077835
decision_type=2 2 2 2 2 2 2 2 2 2
left_child=1 2 -1 -4 7 -6 9 -2 -9 -7
right_child=4 -3 3 -5 5 6 -8 8 -10 -11
leaf_value=-9.7821294544841165e-05 0.00031040948011823709 -0.0010541304112151959 0.0031104029563721255 0.00038161417146006398 -0.0012837353018160988 0.00041244072102320699 -2.670191020032772e-05 0.0046817376464605345 0.00050971471549322194 0.0037784187744061152
leaf_weight=104 42 47 8.0000000000000018 18 24 5.9999999999999982 220 4.9999999999999982 6 6
leaf_count=104 42 47 8 18 24 6 220 5 6 6
internal_value=0 -0.000157996 0.000165991 0.00122124 9.05025e-05 -4.50739e-05 8.30635e-05 0.000745362 0.00240609 0.00209543
internal_weight=0 177 130 26 309 256 232 53 11 12
internal_count=486 177 130 26 309 256 232 53 11 12
is_linear=0
shrinkage=0.1


Tree=260
num_leaves=11
num_cat=0
split_feature=70 70 43 43 60 78 64 2 36 5
split_gain=0.000628346 0.00137643 0.00116853 0.0011316 0.0039441 0.00288484 0.00244922 0.00195634 0.00194861 0.000805038
threshold=5.7868785620882379 5.5129081839107776 6.1569700081995915 5.2830877628056827 4.3693677306817369 4.9904094477362264 5.6936811209974421 5.3131938456227115 4.6959141240107813 6.462969825394751
decision_type=2 2 2 2 2 2 2 2 2 2
left_child=1 3 -2 6 7 -6 8 -5 -1 -3
right_child=2 9 -4 4 5 -7 -8 -9 -10 -11
leaf_value=1.9273738798801789e-05 0.0018853698018938304 -0.0018966173093455535 1.3050048146396877e-05 0.00011199686385225504 -0.0023669678065925837 0.00022750545031158254 -0.0022478005662560463 0.0024976173246448689 -0.0012252736362055518 -0.00025849026278592643
leaf_weight=390 4.9999999999999991 5.9999999999999982 9.9999999999999982 4.9999999999999991 4.9999999999999991 30 4.9999999999999991 10.999999999999998 12.999999999999998 6
leaf_count=390 5 6 10 5 5 30 5 11 13 6
internal_value=0 -2.02916e-05 0.000637157 7.34923e-06 0.000451453 -0.000143134 -4.81637e-05 0.00175211 -2.0873e-05 -0.00107755
internal_weight=0 471 15 459 51 35 408 16 403 12
internal_count=486 471 15 459 51 35 408 16 403 12
is_linear=0
shrinkage=0.1


Tree=261
num_leaves=11
num_cat=0
split_feature=84 62 72 10 40 44 41 17 5 38
split_gain=0.000627546 0.00316328 0.00577963 0.00559288 0.00274876 0.00173454 0.00732475 0.00351308 0.00260495 0.00216174
threshold=1.2424533248940004 4.1107394736335969 3.8703322009586212 3.4960482137079443 1.5890269151739729 0.89587973461402759 4.234001473612734 2.1383330595080281 1.8688348091416842 1.0397207708399181
decision_type=2 2 2 2 2 2 2 2 2 2
left_child=1 2 -1 4 -3 6 7 8 -2 -7
right_child=5 3 -4 -5 -6 9 -8 -9 -10 -11
leaf_value=-3.2952742185443642e-05 0.0039352417364716501 8.1723063097645791e-05 0.0035549166426062581 0.00039864754417933345 -0.0023586967005394402 -0.0011485511246746682 -0.0025080617905283969 -0.00051538613042794172 0.0013699088159850553 4.1164090746514416e-05
leaf_weight=44 5.0000000000000027 6.0000000000000027 4.9999999999999991 21 20 15.999999999999998 5.9999999999999991 7.9999999999999991 19 336
leaf_count=44 5 6 5 21 20 16 6 8 19 336
internal_value=0 -0.000229035 0.000333156 -0.000815149 -0.00179552 5.63778e-05 0.000698237 0.00129942 0.00190435 -1.29139e-05
internal_weight=0 96 49 47 26 390 38 32 24 352
internal_count=486 96 49 47 26 390 38 32 24 352
is_linear=0
shrinkage=0.1


Tree=262
num_leaves=8
num_cat=0
split_feature=58 58 33 52 54 67 20
split_gain=0.000592991 0.00160696 0.00192834 0.00181966 0.00155678 0.00140678 0.000738341
threshold=6.1974365842109203 5.8347936374918037 6.1779355053092848 7.6824671561055489 5.9814014572911871 5.3706272113530096 4.9628201785886317
decision_type=2 2 2 2 2 2 2
left_child=1 3 -3 4 5 -1 -5
right_child=-2 2 -4 6 -6 -7 -8
leaf_value=-2.0314275443566832e-05 0.00091374401111222288 -0.0019723273289855565 0.00016145729314303027 0.00039507239591330301 -0.0017639307864010336 0.0010354451691875091 0.0020404443086590616
leaf_weight=433 6.9999999999999991 9.0000000000000018 7.9999999999999991 4.9999999999999982 4.9999999999999991 12.999999999999998 6
leaf_count=433 7 9 8 5 5 13 6
internal_value=0 -1.33533e-05 -0.000968193 2.17816e-05 -9.21275e-06 1.0459e-05 0.00129255
internal_weight=0 479 17 462 451 446 11
internal_count=486 479 17 462 451 446 11
is_linear=0
shrinkage=0.1


Tree=263
num_leaves=11
num_cat=0
split_feature=10 15 95 26 50 94 89 53 41 60
split_gain=0.000604414 0.00308657 0.00297842 0.00487085 0.00228874 0.00254722 0.00432971 0.00222533 0.00254949 0.00215478
threshold=3.8499212036984933 6.5847761301033945 4.2625806805327082 4.4187680230537838 4.1971736807086968 4.7621374077860157 8.5963542550312599 4.2625806805327082 3.6632328069201612 2.9700856263602158
decision_type=2 2 2 2 2 2 2 2 2 2
left_child=1 4 3 -2 7 -6 -7 9 -9 -1
right_child=2 -3 -4 -5 5 6 -8 8 -10 -11
leaf_value=-0.00014478504377620993 -0.00039275077792505411 0.0025525376573204994 -3.2333928637741105e-06 -0.0039967689104378227 -0.00034767150775425956 0.0038611252210102977 0.00039313282921082444 -0.0026923569540182736 -0.00038770198734709997 0.00049625068383577929
leaf_weight=160 15.000000000000002 4.9999999999999991 169 4.9999999999999991 9.0000000000000018 5.9999999999999991 8.9999999999999982 6.0000000000000027 24 78
leaf_count=160 15 5 169 5 9 6 9 6 24 78
internal_value=0 8.89614e-05 -0.000139797 -0.00129376 4.67769e-05 0.000982329 0.00178033 -3.70039e-05 -0.000848633 6.53023e-05
internal_weight=0 297 189 20 292 24 15 268 30 238
internal_count=486 297 189 20 292 24 15 268 30 238
is_linear=0
shrinkage=0.1


Tree=264
num_leaves=11
num_cat=0
split_feature=46 13 4 95 4 11 94 43 13 11
split_gain=0.000617509 0.00271651 0.00391741 0.0029138 0.00263745 0.00253384 0.00362179 0.00413998 0.00397201 0.00261027
threshold=0.8958797346140277 1.4978661367769959 3.7132745361986528 5.1119152036137292 2.7058230259275202 2.9174053685313028 4.1891953942678901 3.891612008168019 2.3502401828962087 3.1132683346437333
decision_type=2 2 2 2 2 2 2 2 2 2
left_child=1 2 3 4 -1 6 7 8 -2 -7
right_child=5 -3 -4 -5 -6 9 -8 -9 -10 -11
leaf_value=-6.5991154639050357e-05 7.3767247941401433e-05 0.00069700781585134821 -0.0029198846966028216 -0.0016990433621685954 0.0017130355094559493 0.0019721944633472178 -0.0023669637087732555 0.0019743484893946779 -0.0016855154810833655 1.6807622300868808e-05
leaf_weight=50 33 58 4.9999999999999991 8.9999999999999982 9.9999999999999982 6.9999999999999991 9.9999999999999982 6.9999999999999991 21 276
leaf_count=50 33 58 5 9 10 7 10 7 21 276
internal_value=0 0.000184594 -0.000217027 -2.1168e-05 0.000230513 -6.88317e-05 -0.000602968 -0.000313788 -0.000610398 6.51741e-05
internal_weight=0 132 74 69 60 354 71 61 54 283
internal_count=486 132 74 69 60 354 71 61 54 283
is_linear=0
shrinkage=0.1


Tree=265
num_leaves=11
num_cat=0
split_feature=81 71 86 85 85 85 81 6 57 75
split_gain=0.000582335 0.00331388 0.00206833 0.00158597 0.00228571 0.00253701 0.00145397 0.00170838 0.00236664 0.00139258
threshold=5.9776119115618718 5.9454069026540806 4.2625806805327082 6.2146000983581917 6.0185902545239411 5.6834872047429625 6.0613237786925245 6.5610216630967022 4.6346818562128229 5.5872416446462791
decision_type=2 2 2 2 2 2 2 2 2 2
left_child=2 -2 3 4 5 -1 -3 8 -8 -4
right_child=1 6 9 -5 -6 -7 7 -9 -10 -11
leaf_value=5.2582313795020315e-05 -0.0021856926790860599 -0.0014725207098914932 -0.0007514012651517988 -0.00091445183505512492 0.0016942646121606232 -0.0010553831268969754 -0.001289009346510283 -0.00052728880706126807 0.0011114602373234685 0.0010556288682735237
leaf_weight=341 7.9999999999999991 5.9999999999999991 4.9999999999999991 19 7.9999999999999991 22 5.0000000000000027 20 23 29
leaf_count=341 8 6 5 19 8 22 5 20 23 29
internal_value=0 -0.000286257 4.18583e-05 -2.33547e-05 2.2281e-05 -1.45671e-05 -4.85855e-06 0.000178599 0.000682805 0.000789889
internal_weight=0 62 424 390 371 363 54 48 28 34
internal_count=486 62 424 390 371 363 54 48 28 34
is_linear=0
shrinkage=0.1


Tree=266
num_leaves=11
num_cat=0
split_feature=36 34 94 13 50 44 34 58 33 40
split_gain=0.00058836 0.00333294 0.00372452 0.00268537 0.00237468 0.00204763 0.00187583 0.00489793 0.00168571 0.00161775
threshold=4.4187680230537838 5.5412558557490508 5.1298812082267613 4.0773937863842606 4.7094896185437563 5.4847883247493394 4.1107394736335969 4.9904094477362264 5.3518469026947413 4.3943729409690677
decision_type=2 2 2 2 2 2 2 2 2 2
left_child=1 5 -3 -2 -4 -1 -5 -8 -9 -7
right_child=3 2 4 6 -6 9 7 8 -10 -11
leaf_value=-2.1531794288397293e-05 0.00228674917598255 -0.0033906519412994366 0.0010911132713469366 -0.0014706200836891576 -0.0015406444246764295 0.0002553800703026355 0.0029716845912237961 -0.00094169297191304705 0.00029723926876081019 0.0026909022405743593
leaf_weight=380 5.9999999999999991 6.0000000000000027 5.9999999999999991 6.9999999999999991 7.9999999999999991 5.9999999999999982 5.9999999999999991 14.999999999999998 41 5
leaf_count=380 6 6 6 7 8 6 6 15 41 5
internal_value=0 -4.70016e-05 -0.00130612 0.000257569 -0.000412748 1.74033e-05 8.11186e-05 0.000256315 -3.46176e-05 0.00136244
internal_weight=0 411 20 75 14 391 69 62 56 11
internal_count=486 411 20 75 14 391 69 62 56 11
is_linear=0
shrinkage=0.1


Tree=267
num_leaves=11
num_cat=0
split_feature=1 1 24 0 8 21 17 36 1 92
split_gain=0.000566368 0.00294444 0.00359483 0.00359167 0.00324374 0.00257794 0.00424524 0.00237407 0.00280815 0.00215834
threshold=4.7957563937576522 5.0688844241303981 5.0434043048315838 5.1119152036137292 4.4425820475484112 4.8903208612686422 3.9112223647446598 4.317399216745252 5.9532399610262798 5.9964025824430864
decision_type=2 2 2 2 2 2 2 2 2 2
left_child=5 2 4 -3 9 -1 -7 8 -5 -2
right_child=1 3 -4 7 -6 6 -8 -9 -10 -11
leaf_value=2.3472550210133082e-05 -0.00020003426820039739 0.0014236048850066524 -0.002826065878616646 -0.00030755574191017532 0.00049624745734035971 0.0037438791617751127 -7.1238706420574853e-05 0.00023330927657371904 -0.0022582180487612886 -0.0030132045193264879
leaf_weight=298 5.0000000000000018 17 7.9999999999999991 41 15.999999999999998 4.9999999999999982 7 74 8.9999999999999982 6
leaf_count=298 5 17 8 41 16 5 7 74 9 6
internal_value=0 -0.00014327 -0.000964228 6.05136e-05 -0.000412572 8.13405e-05 0.00151839 -0.000126362 -0.000658675 -0.00173449
internal_weight=0 176 35 141 27 310 12 124 50 11
internal_count=486 176 35 141 27 310 12 124 50 11
is_linear=0
shrinkage=0.1


Tree=268
num_leaves=11
num_cat=0
split_feature=45 66 36 34 36 46 32 58 50 45
split_gain=0.00057106 0.00130134 0.00102543 0.00231544 0.00320786 0.00186477 0.00176417 0.00357132 0.00170597 0.00293555
threshold=7.29940641775526 5.2907605476430133 4.4187680230537838 5.5412558557490508 3.9316333620047872 4.4187680230537838 6.286907558903339 4.9344480538832558 4.5538214868689204 5.272986409146923
decision_type=2 2 2 2 2 2 2 2 2 2
left_child=2 -2 3 8 -5 -6 -4 -8 -1 -10
right_child=1 -3 6 4 5 -7 7 -9 9 -11
leaf_value=-3.7849799863448055e-05 -0.0019229081645607948 8.9208817937307895e-05 -0.0012269489156703155 -0.0032811620482243575 0.00055398540367200945 -0.0017219556592560064 0.0025320429238490762 0.00024643309047183104 0.0027479615217695617 0.00019385785789280717
leaf_weight=367 4.9999999999999991 8.9999999999999982 5.9999999999999991 5.0000000000000027 8.9999999999999982 5.9999999999999991 7.9999999999999991 47 6.0000000000000027 18
leaf_count=367 5 9 6 5 9 6 8 47 6 18
internal_value=0 -0.000629404 1.86688e-05 -3.81152e-05 -0.00108758 -0.000356391 0.000401262 0.000578885 1.55661e-05 0.000832384
internal_weight=0 14 472 411 20 15 61 55 391 24
internal_count=486 14 472 411 20 15 61 55 391 24
is_linear=0
shrinkage=0.1


Tree=269
num_leaves=11
num_cat=0
split_feature=38 38 45 13 46 50 46 16 3 1
split_gain=0.000562369 0.00452945 0.00662255 0.0027991 0.00276328 0.00333638 0.00319744 0.00314124 0.00232419 0.00363024
threshold=3.5408542930527882 3.7132745361986528 4.2625806805327082 3.4334666422309414 1.8688348091416842 3.1345481418531311 1.4978661367769956 2.0126758453675748 3.4498615536424366 2.524928003624769
decision_type=2 2 2 2 2 2 2 2 2 2
left_child=8 2 -2 -4 6 7 -3 -6 -1 -10
right_child=1 4 3 -5 5 -7 -8 -9 9 -11
leaf_value=-8.7723468223891544e-05 0.0014732176088728002 -0.00023549947282946153 -0.0014812538107711174 -0.0041265778553982576 0.0036288302578031994 6.4834450042290689e-05 -0.002256790613755584 0.00064551239253584454 0.0029995733561615154 0.00039641378191299738
leaf_weight=139 6.0000000000000027 36 12.000000000000002 5.9999999999999991 5.0000000000000027 204 9.9999999999999982 11.999999999999998 5.9999999999999991 50
leaf_count=139 6 36 12 6 5 204 10 12 6 50
internal_value=0 -8.80569e-05 -0.00140397 -0.00236303 3.02271e-05 0.000176998 -0.000674911 0.00152296 0.000131408 0.000675324
internal_weight=0 291 24 18 267 221 46 17 195 56
internal_count=486 291 24 18 267 221 46 17 195 56
is_linear=0
shrinkage=0.1


Tree=270
num_leaves=11
num_cat=0
split_feature=42 37 0 16 81 42 90 6 24 97
split_gain=0.00057658 0.00356274 0.0040058 0.0026232 0.00268438 0.00209522 0.00126883 0.00115164 0.00329464 0.00215002
threshold=1.5890269151739729 2.1383330595080281 1.8688348091416842 1.2424533248940004 1.0397207708399181 2.649158683274019 2.5619819897016298 2.249904835165133 3.6505739029280164 1.0397207708399181
decision_type=2 2 2 2 2 2 2 2 2 2
left_child=1 2 3 4 -1 -2 -5 8 -7 -9
right_child=5 -3 -4 6 -6 7 -8 9 -10 -11
leaf_value=-0.00024701481452211733 -0.0015486818583061298 -0.0019951186065251631 0.0020911609870381655 -0.0021922685167131326 0.0018981645372696219 -0.00087626663351494992 -0.00013571095187216997 0.00068541505236983848 0.00069942386441030789 -3.3649676790089611e-05
leaf_weight=14.000000000000002 8.9999999999999982 5.9999999999999991 12.999999999999998 5.9999999999999982 9.9999999999999982 44 6 48 19 311
leaf_count=14 9 6 13 6 10 44 6 48 19 311
internal_value=0 0.000304908 0.000586544 4.321e-05 0.00064681 -3.89094e-05 -0.00116399 -6.71044e-06 -0.000401058 6.24927e-05
internal_weight=0 55 49 36 24 431 12 422 63 359
internal_count=486 55 49 36 24 431 12 422 63 359
is_linear=0
shrinkage=0.1


Tree=271
num_leaves=11
num_cat=0
split_feature=84 6 4 64 92 79 40 28 87 77
split_gain=0.000541217 0.00199006 0.00366236 0.00330798 0.00196795 0.00352832 0.00279174 0.00267021 0.00184318 0.00325954
threshold=1.4978661367769956 2.8029010331479989 3.8499212036984933 1.7005986908310777 5.3032925319746216 6.9196833616345783 2.9700856263602158 2.191013317336941 2.1383330595080281 2.1383330595080281
decision_type=2 2 2 2 2 2 2 2 2 2
left_child=1 4 3 -3 5 6 -1 -6 -2 -10
right_child=8 2 -4 -5 7 -7 -8 -9 9 -11
leaf_value=-0.0016525236876784926 0.00045648781958610357 -0.00073369821488006922 0.00034411563961343332 -0.0030944668338634077 0.0029009081795811631 0.0010559942895689836 0.00059261190181132413 0.00036062961783803383 -0.0014521693006827264 1.8401904470430547e-05
leaf_weight=18.000000000000004 89 23.000000000000004 22 7.9999999999999991 5.0000000000000027 12.999999999999998 7.9999999999999991 24 15.999999999999998 260
leaf_count=18 89 23 22 8 5 13 8 24 16 260
internal_value=0 -0.000183283 -0.000642646 -0.00134293 0.000174751 -0.000289144 -0.000961713 0.000798609 6.07595e-05 -6.68486e-05
internal_weight=0 121 53 31 68 39 26 29 365 276
internal_count=486 121 53 31 68 39 26 29 365 276
is_linear=0
shrinkage=0.1


Tree=272
num_leaves=11
num_cat=0
split_feature=93 5 92 98 99 93 56 21 56 93
split_gain=0.000535385 0.0019099 0.000990342 0.00214518 0.00173206 0.00221999 0.00117336 0.00139021 0.0011355 0.00108001
threshold=6.2576382274985969 4.6913057964583187 7.008490466798496 4.5950688323293329 3.8606743063089755 3.891612008168019 4.7445917478803805 4.317399216745252 1.8688348091416842 3.1132683346437333
decision_type=2 2 2 2 2 2 2 2 2 2
left_child=2 -2 4 -4 -1 9 7 -5 -7 -6
right_child=1 -3 3 6 5 8 -8 -9 -10 -11
leaf_value=-1.3004657371926148e-05 -0.00026114557921472524 0.002176458854228258 -0.0021665741146231691 0.00055350503119240915 0.0006666043000425107 0.00057701238431036468 0.0011412357309988389 -0.00057902942814204536 0.0024980437941849233 -0.0010654563705126444
leaf_weight=370 8.9999999999999982 4.9999999999999991 5.9999999999999991 13.999999999999998 9.0000000000000018 4.9999999999999991 5.9999999999999991 48 7.9999999999999991 5.9999999999999991
leaf_count=370 9 5 6 14 9 5 6 48 8 6
internal_value=0 0.000609427 -1.80762e-05 -0.000354005 4.43829e-05 0.000802718 -0.000194072 -0.000323296 0.00175919 -2.622e-05
internal_weight=0 14 472 74 398 28 68 62 13 15
internal_count=486 14 472 74 398 28 68 62 13 15
is_linear=0
shrinkage=0.1


Tree=273
num_leaves=11
num_cat=0
split_feature=31 41 18 44 58 59 9 11 91 41
split_gain=0.000523413 0.00306245 0.00235947 0.0043274 0.00205406 0.00430058 0.00148721 0.00265644 0.00256446 0.00160941
threshold=1.0397207708399181 3.891612008168019 1.0397207708399181 2.524928003624769 1.9356005054539456 4.8597823571876004 6.311733162251806 1.0397207708399181 5.3469260919057175 1.8688348091416842
decision_type=2 2 2 2 2 2 2 2 2 2
left_child=1 2 3 -1 5 -4 7 -2 -9 -8
right_child=6 -3 4 -5 -6 -7 9 8 -10 -11
leaf_value=0.0033742462098598457 -0.0011250478049208011 -0.0026501913275569678 0.00043839684100627593 -0.00012732083753993115 8.8481046550441543e-05 -0.0032100700640252653 -0.00085171110847361638 0.001430616328994242 -0.0010422857943922282 2.8588807202991404e-05
leaf_weight=5.0000000000000027 6.9999999999999991 4.9999999999999991 5.9999999999999982 11.999999999999998 20 7 22 26.000000000000004 4.9999999999999991 371
leaf_count=5 7 5 6 12 20 7 22 26 5 371
internal_value=0 -0.00029051 -5.45421e-05 0.000902552 -0.000547591 -0.00152616 3.70721e-05 0.000634454 0.00103176 -2.06901e-05
internal_weight=0 55 50 17 33 13 431 38 31 393
internal_count=486 55 50 17 33 13 431 38 31 393
is_linear=0
shrinkage=0.1


Tree=274
num_leaves=11
num_cat=0
split_feature=81 71 86 75 46 53 58 20 68 4
split_gain=0.000524007 0.00235862 0.00177867 0.0012258 0.00122865 0.00152691 0.00114461 0.00242661 0.00124533 0.00098927
threshold=5.9776119115618718 5.9454069026540806 4.2625806805327082 6.5847761301033945 4.6150714996361826 4.2625806805327082 4.2555875595453383 4.1107394736335969 3.7132745361986528 5.9401574021130825
decision_type=2 2 2 2 2 2 2 2 2 2
left_child=2 -2 3 4 5 -1 8 -8 -4 -6
right_child=1 -3 6 -5 9 -7 7 -9 -10 -11
leaf_value=5.7404453365984702e-05 -0.0018739946128334851 -3.4142029310007478e-05 0.0005163074791198597 -0.0011742708363777234 0.0017696528080185612 -0.00052260874774974757 -0.0016012775292620054 0.00087468279659668423 0.0027481923997402188 -7.202654494903981e-05
leaf_weight=316 7.9999999999999991 54 4.9999999999999982 8.9999999999999982 6.9999999999999982 53 5.0000000000000027 19 5 5
leaf_count=316 8 54 5 9 7 53 5 19 5 5
internal_value=0 -0.000271542 3.97067e-05 -2.07678e-05 6.48026e-06 -2.59037e-05 0.000733385 0.000358858 0.00163225 0.00100229
internal_weight=0 62 424 390 381 369 34 24 10 12
internal_count=486 62 424 390 381 369 34 24 10 12
is_linear=0
shrinkage=0.1


Tree=275
num_leaves=11
num_cat=0
split_feature=75 75 7 50 18 31 23 13 55 85
split_gain=0.000529776 0.00251846 0.00195039 0.00165662 0.00215287 0.00175718 0.00165582 0.00292574 0.00289436 0.00272572
threshold=4.7273486598447958 4.8597823571876004 5.0237939482549434 4.5950688323293329 4.6150714996361826 2.1383330595080277 2.1383330595080281 2.524928003624769 4.8903208612686422 4.9593358439305844
decision_type=2 2 2 2 2 2 2 2 2 2
left_child=2 -2 3 4 5 -1 8 -8 9 -3
right_child=1 6 -4 -5 -6 -7 7 -9 -10 -11
leaf_value=-0.00037991355872663642 0.0012674879392280299 -0.0013577322755008937 -0.0014196309134025466 0.001585248167005678 -0.0010824048917856999 0.00029036879902074968 0.0012223337501795456 7.3561019416956706e-06 -0.0010690537340451555 0.0014581783716990189
leaf_weight=66 17 4.9999999999999991 10.999999999999998 5.9999999999999991 20 96 22 200 32 10.999999999999998
leaf_count=66 17 5 11 6 20 96 22 200 32 11
internal_value=0 8.69388e-05 -0.000125384 -4.96569e-05 -0.000103555 1.72908e-05 1.26079e-05 0.000127759 -0.000519967 0.000578206
internal_weight=0 287 199 188 182 162 270 222 48 16
internal_count=486 287 199 188 182 162 270 222 48 16
is_linear=0
shrinkage=0.1


Tree=276
num_leaves=11
num_cat=0
split_feature=84 65 55 55 21 68 5 6 2 87
split_gain=0.000518341 0.00148901 0.00299686 0.00326681 0.00266411 0.0024003 0.00236962 0.00168466 0.00169611 0.00139641
threshold=1.4978661367769956 4.6442059536981697 4.5325416796595226 4.7405652883788738 4.2045812236012674 1.9356005054539456 2.9174053685313028 3.7132745361986528 2.9174053685313028 2.1383330595080281
decision_type=2 2 2 2 2 2 2 2 2 2
left_child=1 4 -3 -4 7 -5 -6 8 -1 -2
right_child=9 2 3 5 6 -7 -8 -9 -10 -11
leaf_value=0.00030388087098900647 0.00040390658029812926 -0.0023384530737530439 0.001935133485433956 -0.0024109616487597426 -0.0028713168576359753 -0.00026248096792887035 0.00020739808678627011 -0.0012947930116206409 0.0017227052298205146 -5.1609575498530273e-05
leaf_weight=36 89 7.9999999999999991 5.9999999999999991 5.9999999999999991 4.9999999999999982 39 5 4.9999999999999991 10.999999999999998 276
leaf_count=36 89 8 6 6 5 39 5 5 11 276
internal_value=0 -0.000179367 -0.000538972 -0.000256701 0.000162837 -0.000548945 -0.00133196 0.000450298 0.000635946 5.94615e-05
internal_weight=0 121 59 51 62 45 10 52 47 365
internal_count=486 121 59 51 62 45 10 52 47 365
is_linear=0
shrinkage=0.1


Tree=277
num_leaves=11
num_cat=0
split_feature=63 53 81 6 95 66 73 11 9 94
split_gain=0.000511141 0.00365046 0.0019636 0.00350489 0.00194694 0.00223242 0.00509551 0.00346907 0.00239222 0.00216982
threshold=2.8029010331479989 4.1742689126930488 4.1742689126930488 4.6200466650627661 5.6834872047429625 2.8029010331479989 3.891612008168019 3.6632328069201612 7.1514412406855525 3.9316333620047872
decision_type=2 2 2 2 2 2 2 2 2 2
left_child=1 2 -1 -4 5 7 8 -2 -7 -6
right_child=4 -3 3 -5 9 6 -8 -9 -10 -11
leaf_value=0.00011788641269835723 0.00013974144671773239 -0.0023559247376397255 -0.0011863275145349856 0.00061718136566923931 -0.0018883594428189101 0.0002806361488183028 0.00037984177064517458 0.0017816620500525461 -0.0017807553650958366 -0.00014450398144121704
leaf_weight=177 31 6.9999999999999991 33 15.999999999999998 7.9999999999999991 8.0000000000000018 99 22 19 66
leaf_count=177 31 7 33 16 8 8 99 22 19 66
internal_value=0 -0.000106865 -3.72036e-05 -0.000597427 9.84169e-05 0.00027678 4.77387e-05 0.000821293 -0.00116997 -0.000333029
internal_weight=0 233 226 49 253 179 126 53 27 74
internal_count=486 233 226 49 253 179 126 53 27 74
is_linear=0
shrinkage=0.1


Tree=278
num_leaves=8
num_cat=0
split_feature=4 3 3 6 0 36 20
split_gain=0.000507109 0.000838834 0.00160363 0.000948662 0.00075856 0.00277383 0.00113453
threshold=7.0843272375795818 6.7129377454940036 6.5496251583324243 6.3676558484034409 6.2970940576516137 4.8282817362782584 5.752527285294831
decision_type=2 2 2 2 2 2 2
left_child=1 2 4 -3 5 -1 -6
right_child=-2 3 -4 -5 6 -7 -8
leaf_value=9.5476645132905937e-06 -0.00078958993544802074 -0.00014093738282099368 -0.0017883873183745893 0.0017241167525450388 0.0011092266634417074 -0.0021555973992993436 -0.00016712102358444381
leaf_weight=428 7.9999999999999991 4.9999999999999982 4.9999999999999991 6 15.000000000000002 5.9999999999999991 12.999999999999998
leaf_count=428 8 5 5 6 15 6 13
internal_value=0 1.32149e-05 -7.11626e-06 0.000876365 1.21616e-05 -2.03852e-05 0.000516637
internal_weight=0 478 467 11 462 434 28
internal_count=486 478 467 11 462 434 28
is_linear=0
shrinkage=0.1


Tree=279
num_leaves=11
num_cat=0
split_feature=4 72 39 72 40 7 5 6 3 31
split_gain=0.000465869 0.00287959 0.00266228 0.00238124 0.00177458 0.0023168 0.00135859 0.00398 0.00175462 0.000956176
threshold=2.7058230259275202 4.007167868649713 8.2385367904938374 5.7588569908510134 3.4960482137079443 2.602003343538398 2.524928003624769 1.8688348091416842 2.8029010331479989 3.1132683346437333
decision_type=2 2 2 2 2 2 2 2 2 2
left_child=2 -2 3 4 5 -1 -3 -8 -9 -5
right_child=1 6 -4 9 -6 -7 7 8 -10 -11
leaf_value=-8.3857227032745475e-05 0.0012599310992395898 0.00114055332262069 -0.0019237256317865105 0.00034263441339135178 0.00089021077895137888 -0.0012503303604067437 -0.0028422254323959353 -0.0011350581485133331 5.2034122593379265e-05 0.0022150606188612678
leaf_weight=90 19 9.9999999999999982 7.9999999999999991 4.9999999999999982 13.999999999999998 21 4.9999999999999991 12.999999999999998 295 6
leaf_count=90 19 10 8 5 14 21 5 13 295 6
internal_value=0 6.35304e-05 -0.000150885 -4.66e-05 -0.000170729 -0.000304541 -6.84608e-06 -4.35042e-05 1.92958e-06 0.00136396
internal_weight=0 342 144 136 125 111 323 313 308 11
internal_count=486 342 144 136 125 111 323 313 308 11
is_linear=0
shrinkage=0.1


Tree=280
num_leaves=11
num_cat=0
split_feature=1 21 17 1 0 24 8 36 4 92
split_gain=0.000442434 0.00211355 0.00234817 0.00188612 0.00280873 0.00243412 0.00201623 0.00160417 0.00164292 0.00148385
threshold=4.7957563937576522 4.8903208612686422 3.9112223647446598 5.0688844241303981 5.1119152036137292 5.0434043048315838 4.4425820475484112 4.317399216745252 5.7865961878784402 5.9964025824430864
decision_type=2 2 2 2 2 2 2 2 2 2
left_child=1 -1 -3 5 -5 6 9 8 -6 -2
right_child=3 2 -4 4 7 -7 -8 -9 -10 -11
leaf_value=1.9494989823789068e-05 -9.9647743627428965e-05 0.0030282426252961165 0.00019083712327950966 0.001241872484302696 -0.00031617900566353847 -0.0023157400602940473 0.00038676890999340686 0.00016686864456042297 -0.0018797697666741442 -0.0024321932811290025
leaf_weight=298 5.0000000000000018 4.9999999999999982 7 17 42 7.9999999999999991 15.999999999999998 74 7.9999999999999991 6
leaf_count=298 5 5 7 17 42 8 16 74 8 6
internal_value=0 7.18922e-05 0.00137309 -0.000126628 3.64712e-05 -0.000783686 -0.000329744 -0.000128785 -0.000566354 -0.00137195
internal_weight=0 310 12 176 141 35 27 124 50 11
internal_count=486 310 12 176 141 35 27 124 50 11
is_linear=0
shrinkage=0.1


Tree=281
num_leaves=8
num_cat=0
split_feature=4 3 3 6 31 33 16
split_gain=0.000452614 0.000640698 0.00120532 0.000768416 0.00061996 0.00192585 0.00118529
threshold=7.0843272375795818 6.7129377454940036 6.5496251583324243 6.3676558484034409 6.270943761640619 6.2402739452473375 4.4885732424042368
decision_type=2 2 2 2 2 2 2
left_child=1 2 4 -3 6 -6 -1
right_child=-2 3 -4 -5 5 -7 -8
leaf_value=-1.5232681756333927e-05 -0.00074595877085812399 -0.00014873393578454855 -0.0015495732915587724 0.0015298148151487111 -0.0013890397655565965 0.00073274960907708324 0.00056881515131528048
leaf_weight=406 7.9999999999999991 4.9999999999999982 4.9999999999999991 6 11.000000000000002 6.9999999999999991 38
leaf_count=406 8 5 5 6 11 7 38
internal_value=0 1.24847e-05 -5.28383e-06 0.000766838 1.14293e-05 -0.000563899 3.47534e-05
internal_weight=0 478 467 11 462 18 444
internal_count=486 478 467 11 462 18 444
is_linear=0
shrinkage=0.1


Tree=282
num_leaves=11
num_cat=0
split_feature=84 62 10 72 40 2 44 41 17 42
split_gain=0.000449936 0.00184402 0.00346282 0.00330419 0.00136332 0.00122202 0.00117452 0.00457423 0.00208551 0.00176643
threshold=1.2424533248940004 4.1107394736335969 3.4960482137079443 3.8703322009586212 1.5890269151739729 2.8029010331479989 0.89587973461402759 4.234001473612734 2.1383330595080281 1.5890269151739729
decision_type=2 2 2 2 2 2 2 2 2 2
left_child=1 3 4 -1 -3 -6 7 8 9 -2
right_child=6 2 -4 -5 5 -7 -8 -9 -10 -11
leaf_value=-4.1512970082377171e-05 0.003189463987946508 -9.0791281157483612e-05 0.00031364986761694865 0.0026712972205132249 -0.0027668207068927576 -0.0011712424709306409 -9.2812636322295567e-06 -0.0019578545587137343 -0.00034727781894616783 0.0010769839325037443
leaf_weight=44 5.0000000000000027 6.0000000000000027 21 4.9999999999999991 8.0000000000000018 11.999999999999998 352 5.9999999999999991 7.9999999999999991 19
leaf_count=44 5 6 21 5 8 12 352 6 8 19
internal_value=0 -0.000193934 -0.000641438 0.000235304 -0.00141285 -0.00180947 4.77376e-05 0.000575912 0.00105099 0.00151708
internal_weight=0 96 47 49 26 20 390 38 32 24
internal_count=486 96 47 49 26 20 390 38 32 24
is_linear=0
shrinkage=0.1


Tree=283
num_leaves=11
num_cat=0
split_feature=29 68 66 81 51 54 44 94 80 20
split_gain=0.000433877 0.0028197 0.00243334 0.0021643 0.00179315 0.00157864 0.00229465 0.00177872 0.0013055 0.00119035
threshold=6.311733162251806 2.3937458713910238 1.2424533248940004 3.4334666422309414 1.8688348091416842 1.2424533248940004 1.2424533248940004 1.9356005054539456 2.3502401828962087 1.9356005054539456
decision_type=2 2 2 2 2 2 2 2 2 2
left_child=1 2 5 -3 8 6 -1 -7 -2 -6
right_child=4 3 -4 -5 9 7 -8 -9 -10 -11
leaf_value=-5.2329147920796732e-05 -7.4848785568194993e-05 -0.0022929500415921214 0.0022112533636391165 0.00025516562163829803 -0.00068091172680187116 -0.0020397237406411597 0.0023553683666978032 -0.00010922137337426345 0.0011402452461576711 1.9991308682221459e-05
leaf_weight=19.000000000000004 13.999999999999998 9.9999999999999982 4.9999999999999991 4.9999999999999991 26 7.0000000000000027 4.9999999999999991 14.999999999999998 24 356
leaf_count=19 14 10 5 5 26 7 5 15 24 356
internal_value=0 -0.000238352 0.000116127 -0.00144358 3.74552e-05 -0.000111604 0.000449275 -0.000723472 0.000692579 -2.77141e-05
internal_weight=0 66 51 15 420 46 24 22 38 382
internal_count=486 66 51 15 420 46 24 22 38 382
is_linear=0
shrinkage=0.1


Tree=284
num_leaves=11
num_cat=0
split_feature=81 71 86 2 37 60 18 23 26 20
split_gain=0.00043539 0.00168128 0.00134266 0.00113056 0.00105356 0.00139048 0.0011083 0.00094093 0.000890328 0.00162006
threshold=5.9776119115618718 5.9776119115618718 4.2625806805327082 5.476454798506734 5.4026367991037016 5.7397877426443378 3.9316333620047872 3.6632328069201612 2.9430520157250784 3.8499212036984933
decision_type=2 2 2 2 2 2 2 2 2 2
left_child=2 7 -1 -3 6 -6 -5 -2 -4 -10
right_child=1 3 8 4 5 -7 -8 -9 9 -11
leaf_value=-1.6348383453591033e-05 -0.0023819450289011006 0.00084312140606925825 0.0018712770240381362 0.00028329099877737451 0.0010714013245888055 -0.00097100588260218507 -0.001158260273768974 -0.00052450723402823007 -0.00078456253395415817 0.0008877213469185379
leaf_weight=390 4.9999999999999982 11.999999999999998 4.9999999999999991 8.0000000000000018 9.9999999999999982 4.9999999999999991 15.999999999999998 6 8.0000000000000018 21
leaf_count=390 5 12 5 8 10 5 16 6 8 21
internal_value=0 -0.000247519 3.61938e-05 -5.67443e-06 -0.000266842 0.000390599 -0.000677743 -0.0013688 0.000638883 0.000426402
internal_weight=0 62 424 51 39 15 24 11 34 29
internal_count=486 62 424 51 39 15 24 11 34 29
is_linear=0
shrinkage=0.1


Tree=285
num_leaves=8
num_cat=0
split_feature=19 38 95 95 8 80 98
split_gain=0.000470913 0.000655445 0.000591276 0.000681919 0.00118135 0.00106345 0.000377571
threshold=10.640855265423697 6.1862001562848912 7.1447997903071299 6.0912689311982566 5.8259957565466136 3.1345481418531311 6.0473693846339858
decision_type=2 2 2 2 2 2 2
left_child=1 2 3 4 -1 -5 -4
right_child=-2 -3 6 5 -6 -7 -8
leaf_value=1.1505511972611747e-05 -0.00088043500339457157 0.0011499672918580473 0.0013742919336073103 0.00020022161727495217 0.0013223570605207767 -0.00059038192500694372 0.00014535557013005016
leaf_weight=385 5.9999999999999991 4.9999999999999991 4.9999999999999982 27 6.9999999999999991 46 5
leaf_count=385 6 5 5 27 7 46 5
internal_value=0 1.10054e-05 -9.83633e-07 -1.73451e-05 3.49136e-05 -0.000297967 0.000759824
internal_weight=0 480 475 465 392 73 10
internal_count=486 480 475 465 392 73 10
is_linear=0
shrinkage=0.1


Tree=286
num_leaves=11
num_cat=0
split_feature=59 92 16 12 72 49 52 62 11 62
split_gain=0.000397796 0.00459823 0.00147727 0.00146106 0.000936004 0.00358898 0.00104936 0.00145153 0.0013116 0.00104683
threshold=2.4563274428680266 3.9505035259962109 2.6735537653587347 4.9521436163533474 1.0397207708399181 6.4891310167150369 1.9356005054539456 3.0433873634561537 1.4978661367769956 4.1430087342023825
decision_type=2 2 2 2 2 2 2 2 2 2
left_child=1 -1 3 -3 5 -2 8 -8 -6 -9
right_child=4 2 -4 -5 6 -7 7 9 -10 -11
leaf_value=0.0028018860224013516 -0.0027482755482196794 -1.5867620822973541e-05 0.0011018565227277576 -0.0020801868386721863 0.0016979497231659473 5.717959353014043e-05 -0.0015691972027222318 0.00062446797150187197 0.00014519959633402965 -4.3573164186550699e-05
leaf_weight=6.0000000000000027 6.0000000000000027 8.0000000000000018 4.9999999999999991 5.9999999999999991 8.0000000000000018 19 5.9999999999999991 25 17 380
leaf_count=6 6 8 5 6 8 19 6 25 17 380
internal_value=0 0.000388501 -0.00037362 -0.000900576 -2.10684e-05 -0.00061613 1.30521e-05 -2.52099e-05 0.00064208 -2.33606e-06
internal_weight=0 25 19 14 461 25 436 411 25 405
internal_count=486 25 19 14 461 25 436 411 25 405
is_linear=0
shrinkage=0.1


Tree=287
num_leaves=11
num_cat=0
split_feature=31 94 34 5 82 50 74 25 34 25
split_gain=0.000437433 0.00213357 0.00229518 0.00186909 0.00186433 0.0016106 0.00111153 0.00103221 0.000976219 0.00263915
threshold=1.0397207708399181 1.0397207708399181 2.0126758453675753 2.9174053685313028 4.4066448812345191 2.3502401828962087 3.3140206880897671 3.3218948665738366 1.2424533248940004 4.9344480538832558
decision_type=2 2 2 2 2 2 2 2 2 2
left_child=1 5 3 -3 6 -1 -4 -6 9 -2
right_child=8 2 4 -5 7 -7 -8 -9 -10 -11
leaf_value=0.0018289890971833036 -5.3422536710094585e-05 -0.0028700281034356786 -0.0018075024110398117 -0.00046476737285653746 0.0015609241456591661 -0.00014875144232064487 4.7344128446032598e-05 -0.00032030186644988129 -3.5744305514782982e-05 0.0012008264895994217
leaf_weight=7.0000000000000027 51 6.9999999999999982 7.0000000000000018 6 6.9999999999999982 9.9999999999999982 6 5 355 25
leaf_count=7 51 7 7 6 7 10 6 5 355 25
internal_value=0 -0.00026558 -0.000682166 -0.00175991 -0.00012174 0.000665612 -0.000951419 0.00077708 3.38907e-05 0.000359159
internal_weight=0 55 38 13 25 17 13 12 431 76
internal_count=486 55 38 13 25 17 13 12 431 76
is_linear=0
shrinkage=0.1


Tree=288
num_leaves=11
num_cat=0
split_feature=77 88 81 76 81 81 37 42 31 64
split_gain=0.000426564 0.00261384 0.00238874 0.00184459 0.0013414 0.00128791 0.00121223 0.00239894 0.00185137 0.00149035
threshold=3.0201273556387074 3.2180751841847144 4.1107394736335969 3.4811217321331038 3.9607678160667752 3.4334666422309414 1.8688348091416842 4.8597823571876004 2.8314802400679731 4.1430087342023825
decision_type=2 2 2 2 2 2 2 2 2 2
left_child=2 -2 3 4 5 -1 8 -8 -3 -9
right_child=1 6 -4 -5 -6 -7 7 9 -10 -11
leaf_value=9.2109490334584413e-05 0.0021563557597498099 0.00020154512144822192 -0.00097969626205869848 -0.0017127079889178278 0.0010495722007292968 -0.00070281908657584017 -0.0018446589117437334 -0.00065519368595064241 0.0024658061377704145 0.00014153577885129683
leaf_weight=179 5.9999999999999991 13.000000000000002 27 5.9999999999999991 12.999999999999998 23 6.9999999999999991 27 4.9999999999999991 180
leaf_count=179 6 13 27 6 13 23 7 27 5 180
internal_value=0 9.56338e-05 -9.17776e-05 1.67011e-05 6.49637e-05 1.59782e-06 4.23393e-05 -2.39551e-05 0.000830507 3.76145e-05
internal_weight=0 238 248 221 215 202 232 214 18 207
internal_count=486 238 248 221 215 202 232 214 18 207
is_linear=0
shrinkage=0.1


Tree=289
num_leaves=11
num_cat=0
split_feature=84 65 55 55 68 6 5 69 71 74
split_gain=0.000407977 0.00127815 0.00182413 0.00214528 0.0017551 0.0015968 0.0017303 0.00129403 0.00142852 0.0010445
threshold=1.4978661367769956 4.6442059536981697 4.5325416796595226 4.7405652883788738 1.9356005054539456 3.1345481418531311 3.6105525490912482 6.5792357796731817 3.3497501700808394 3.2180751841847144
decision_type=2 2 2 2 2 2 2 2 2 2
left_child=1 5 -3 -4 -5 7 -7 8 -1 -2
right_child=9 2 3 4 -6 6 -8 -9 -10 -11
leaf_value=0.00047017888595851567 0.00036215406764226614 -0.0018962199159432203 0.0015041020039158564 -0.002101118117570877 -0.00026394816784140393 -0.002073479893927773 0.00024075890292546577 0.0012318570832056659 -0.0009915598461197482 -3.9737199621222353e-05
leaf_weight=26 84 7.9999999999999991 5.9999999999999991 5.9999999999999991 39 5.9999999999999982 7 13.999999999999998 8.9999999999999982 281
leaf_count=26 84 8 6 6 39 6 7 14 9 281
internal_value=0 -0.00015913 -0.000492302 -0.00027208 -0.000508904 0.00015792 -0.000827351 0.000419319 9.43032e-05 5.27528e-05
internal_weight=0 121 59 51 45 62 13 49 35 365
internal_count=486 121 59 51 45 62 13 49 35 365
is_linear=0
shrinkage=0.1


Tree=290
num_leaves=11
num_cat=0
split_feature=31 36 35 84 57 23 92 46 34 22
split_gain=0.000389361 0.00143971 0.00298131 0.00232533 0.0023349 0.00195289 0.00179354 0.00306769 0.00152024 0.00177723
threshold=2.6735537653587347 1.8688348091416842 5.2417330174952186 3.5694334999727624 3.0201273556387074 3.2769667020129059 4.0428973506407848 3.2180751841847144 1.2424533248940004 4.0428973506407848
decision_type=2 2 2 2 2 2 2 2 2 2
left_child=-1 2 3 5 -5 -2 7 -3 -8 -10
right_child=1 6 -4 4 -6 -7 8 -9 9 -11
leaf_value=-0.00014000961385503846 -2.0338860728467505e-05 -0.0021824551420286291 0.0024098894824939117 0.0015668102160194203 -0.00013515474545004378 -0.0021549919713288548 0.0011168628610903398 0.00044476761540863664 -0.0019020659197121861 3.2102671498928144e-06
leaf_weight=141 30 10.000000000000002 6.9999999999999991 19 13.999999999999998 4.9999999999999991 11.999999999999998 7.9999999999999991 4.9999999999999991 235
leaf_count=141 30 10 7 19 14 5 12 8 5 235
internal_value=0 5.72213e-05 0.000444818 0.000242531 0.000844764 -0.000325289 -5.04443e-05 -0.0010148 1.84382e-05 -3.6483e-05
internal_weight=0 345 75 68 33 35 270 18 252 240
internal_count=486 345 75 68 33 35 270 18 252 240
is_linear=0
shrinkage=0.1


Tree=291
num_leaves=11
num_cat=0
split_feature=63 53 83 80 81 44 15 34 74 88
split_gain=0.000406292 0.00240324 0.00347252 0.00138255 0.00161022 0.00139292 0.00136483 0.0014548 0.00409484 0.00220762
threshold=2.8029010331479989 3.6632328069201612 2.524928003624769 4.1742689126930488 4.2045812236012674 2.1383330595080281 6.1484317689059056 3.9316333620047872 4.9052473428434826 2.191013317336941
decision_type=2 2 2 2 2 2 2 2 2 2
left_child=1 3 -3 4 5 -1 7 9 -9 -2
right_child=6 2 -4 -5 -6 -7 -8 8 -10 -11
leaf_value=-0.00017022025422193111 -0.0019555996055714785 0.00022758772441496455 -0.0031746285812308387 0.001072405035268854 -0.00068645825182708613 0.00041466156607314656 -0.00025380784391018099 0.0016226253569281352 0.00014152254540628444 5.7739231481919289e-05
leaf_weight=109 5.9999999999999991 5.9999999999999982 6 10.999999999999998 36 65 80 24 84 59
leaf_count=109 6 6 6 11 36 65 80 24 84 59
internal_value=0 -9.52759e-05 -0.00147352 -2.04391e-05 -7.76833e-05 4.82701e-05 8.77442e-05 0.000245687 0.000470657 -0.000128107
internal_weight=0 233 12 221 210 174 253 173 108 65
internal_count=486 233 12 221 210 174 253 173 108 65
is_linear=0
shrinkage=0.1


Tree=292
num_leaves=11
num_cat=0
split_feature=15 65 8 83 78 36 35 34 78 1
split_gain=0.00039486 0.00267034 0.00227419 0.0014636 0.00157902 0.00122534 0.00120534 0.00182546 0.00303665 0.00146688
threshold=4.4425820475484112 5.1761337726651186 4.2045812236012674 4.4885732424042368 4.5107991236896536 2.1383330595080281 4.5107991236896536 0.89587973461402759 3.2180751841847144 2.9174053685313028
decision_type=2 2 2 2 2 2 2 2 2 2
left_child=1 3 -3 4 -1 -5 -2 8 -8 -9
right_child=6 2 -4 5 -6 -7 7 9 -10 -11
leaf_value=6.7383158281922171e-05 -0.00061797467359740819 0.0032068135030567653 0.00031913533845605947 -4.0854275139281515e-05 0.0018791166902519764 -0.0016492151448296176 0.00029802362207971913 -0.0010139409823750611 0.0029734343849122527 -2.5042952796259976e-05
leaf_weight=127 35 4.9999999999999982 6 10.000000000000002 4.9999999999999991 8.9999999999999982 28 15.999999999999998 4.9999999999999991 240
leaf_count=127 35 5 6 10 5 9 28 16 5 240
internal_value=0 0.000127473 0.00163172 1.78925e-05 0.000136009 -0.000802709 -6.37366e-05 3.38571e-06 0.000703389 -8.68491e-05
internal_weight=0 162 11 151 132 19 324 289 33 256
internal_count=486 162 11 151 132 19 324 289 33 256
is_linear=0
shrinkage=0.1


Tree=293
num_leaves=11
num_cat=0
split_feature=31 73 74 84 20 83 10 32 0 89
split_gain=0.000371759 0.00168672 0.00137394 0.00187657 0.00185959 0.00129204 0.000837091 0.00181542 0.0013783 0.0020673
threshold=1.0397207708399181 3.4334666422309414 3.7012257604091228 2.3937458713910238 1.9356005054539456 1.4978661367769959 1.0397207708399181 5.598394523403428 1.5890269151739729 7.3096378050180961
decision_type=2 2 2 2 2 2 2 2 2 2
left_child=1 2 3 4 -1 -5 7 -2 9 -8
right_child=6 -3 -4 5 -6 -7 8 -9 -10 -11
leaf_value=0.00094030014297459249 0.00018898185820338158 0.0013377363124163822 0.00019901456413208508 -0.0025429837754927581 -0.0012915226364774365 -0.0006017312601519127 -0.002343442857575912 0.0022835645824670794 4.1494436724718529e-05 -0.00021422767895273864
leaf_weight=8.0000000000000018 24.000000000000004 5.9999999999999991 20 7.9999999999999982 6.9999999999999991 6 6.0000000000000027 4.9999999999999991 377 19
leaf_count=8 24 6 20 8 7 6 6 5 377 19
internal_value=0 -0.000244833 -0.000438617 -0.000878363 -0.000101217 -0.00171102 3.12432e-05 0.000550117 -6.18801e-06 -0.000725239
internal_weight=0 55 49 29 15 14 431 29 402 25
internal_count=486 55 49 29 15 14 431 29 402 25
is_linear=0
shrinkage=0.1


Tree=294
num_leaves=11
num_cat=0
split_feature=46 13 4 11 51 70 94 21 11 22
split_gain=0.000404364 0.00153199 0.0015596 0.00133941 0.00207324 0.00276026 0.00183078 0.0014862 0.00138898 0.00149022
threshold=0.8958797346140277 1.4978661367769959 3.6632328069201612 2.9174053685313028 2.1383330595080277 3.2951505240983434 4.2625806805327082 1.8688348091416842 3.1132683346437333 4.234001473612734
decision_type=2 2 2 2 2 2 2 2 2 2
left_child=1 2 -1 4 -2 7 -7 -6 -5 -10
right_child=3 -3 -4 8 5 6 -8 -9 9 -11
leaf_value=7.6038788062181666e-06 0.00031215724508607917 0.00053418312304059109 -0.0014708431612234564 0.0014328350379530872 -0.00013158431989722876 0.00031658177496865389 -0.0018227983079850676 -0.0020928693812011798 -0.0012591758618428787 4.9109692994438899e-05
leaf_weight=66 24 58 7.9999999999999991 6.9999999999999991 5.0000000000000027 20.000000000000004 4.9999999999999991 17 8.9999999999999982 267
leaf_count=66 24 58 8 7 5 20 5 17 9 267
internal_value=0 0.000149377 -0.000152228 -5.56998e-05 -0.000444046 -0.000830193 -0.000111294 -0.00164712 4.17299e-05 6.44821e-06
internal_weight=0 132 74 354 71 47 25 22 283 276
internal_count=486 132 74 354 71 47 25 22 283 276
is_linear=0
shrinkage=0.1


Tree=295
num_leaves=11
num_cat=0
split_feature=1 1 0 22 42 1 22 52 2 90
split_gain=0.000385594 0.00146191 0.00199126 0.00178793 0.00228941 0.00144905 0.00151975 0.00141567 0.001353 0.0011356
threshold=4.7957563937576522 5.0688844241303981 5.1119152036137292 6.6580036303642656 6.5027799309307239 4.6346818562128229 5.4445775410940529 5.8286687243454827 5.5234569284970156 5.003923783930186
decision_type=2 2 2 2 2 2 2 2 2 2
left_child=5 3 8 4 -2 -1 -7 -4 -3 -8
right_child=1 2 7 -5 -6 6 9 -9 -10 -11
leaf_value=1.6678580032268755e-05 -0.00043442659251227526 0.0016161803650902582 -0.0017621539253741504 0.00051812068817930093 -0.0024068602360785007 -0.00045167451258748775 0.0027639964129775769 -4.4508315410030648e-05 -0.0003417547792196274 0.00072344424358258635
leaf_weight=294 17.000000000000004 12.000000000000002 4.9999999999999991 8.9999999999999982 8.9999999999999982 4.9999999999999991 4.9999999999999982 119 4.9999999999999991 6
leaf_count=294 17 12 5 9 9 5 5 119 5 6
internal_value=0 -0.000118215 2.53768e-05 -0.000696683 -0.00111719 6.71154e-05 0.000993892 -0.000113768 0.00104032 0.00165097
internal_weight=0 176 141 35 26 310 16 124 17 11
internal_count=486 176 141 35 26 310 16 124 17 11
is_linear=0
shrinkage=0.1


Tree=296
num_leaves=11
num_cat=0
split_feature=92 98 63 99 23 54 99 93 67 13
split_gain=0.000379519 0.00148421 0.00108849 0.00103278 0.00140305 0.00092709 0.000815482 0.000902522 0.00104329 0.000657654
threshold=7.0166060642627874 4.6150714996361826 0.89587973461402759 3.8815106545092593 4.6819597299522426 5.5412558557490508 3.8815106545092593 3.891612008168019 2.8029010331479989 5.5333816772649813
decision_type=2 2 2 2 2 2 2 2 2 2
left_child=6 -2 -3 5 -5 -4 9 -8 -9 -1
right_child=1 2 3 4 -6 -7 7 8 -10 -11
leaf_value=-3.0779049993205787e-05 -0.0015861886337266437 -0.0011021229257393214 0.00068962098042087247 -2.8175523268720624e-05 -0.0017822755345453817 -0.00025859711058728863 -7.6725962571799728e-06 0.00020648902747780087 0.0021623508306220173 0.00047287412619750413
leaf_weight=350 6.9999999999999991 8.9999999999999982 29 19.000000000000004 5.9999999999999991 15.999999999999998 11.000000000000002 4.9999999999999982 6 28
leaf_count=350 7 9 29 19 6 16 11 5 6 28
internal_value=0 -0.000190581 -6.69195e-05 6.61781e-05 -0.00044916 0.000352477 4.09749e-05 0.000632825 0.00127332 6.52859e-06
internal_weight=0 86 79 70 25 45 400 22 11 378
internal_count=486 86 79 70 25 45 400 22 11 378
is_linear=0
shrinkage=0.1


Tree=297
num_leaves=11
num_cat=0
split_feature=10 15 95 26 50 29 55 53 17 41
split_gain=0.000360743 0.00170544 0.00153105 0.00223026 0.00108124 0.00123068 0.00207838 0.0010077 0.000952787 0.000910524
threshold=3.8499212036984933 6.5847761301033945 4.2625806805327082 4.4187680230537838 4.1971736807086968 8.7846956037077835 5.497134631044525 4.3437210834879627 3.4175922930736511 3.6632328069201612
decision_type=2 2 2 2 2 2 2 2 2 2
left_child=1 4 3 -2 7 -6 -7 8 -1 -9
right_child=2 -3 -4 -5 5 6 -8 9 -10 -11
leaf_value=0.00010285907209690122 -0.00032567462883889673 0.001899973163381219 -1.0089360208687311e-05 -0.0027643979433923959 -0.00033230391545657756 0.0028772484045475723 0.00041834409084086393 -0.0018176618497818696 -0.00063496565470766084 -0.00032269584480673077
leaf_weight=222 15.000000000000002 4.9999999999999991 169 4.9999999999999991 8.0000000000000018 4.9999999999999991 10.999999999999998 5.0000000000000027 19 22
leaf_count=222 15 5 169 5 8 5 11 5 19 22
internal_value=0 6.8728e-05 -0.000108001 -0.000935355 3.7371e-05 0.0006804 0.00118675 -2.02136e-05 4.46903e-05 -0.000599541
internal_weight=0 297 189 20 292 24 16 268 241 27
internal_count=486 297 189 20 292 24 16 268 241 27
is_linear=0
shrinkage=0.1


Tree=298
num_leaves=11
num_cat=0
split_feature=81 71 86 81 85 85 85 85 81 88
split_gain=0.00036508 0.00124799 0.000950892 0.000796154 0.00102201 0.000705946 0.00105119 0.00112226 0.000836447 0.00083271
threshold=5.9776119115618718 5.9776119115618718 4.2625806805327082 6.0613237786925245 6.3612293904784059 6.2146000983581917 6.0185902545239411 5.6834872047429625 3.8064155152036787 4.7790881836238563
decision_type=2 2 2 2 2 2 2 2 2 2
left_child=2 -2 5 -3 -5 6 7 -1 -7 -10
right_child=1 3 -4 4 -6 8 -8 -9 9 -11
leaf_value=3.9044813418838905e-05 -0.0011927026704969732 -0.0011003325518686325 0.0005403383266906638 0.0010791095500786066 -0.00011229992014705203 0.00026313821685367385 0.0011532391305081548 -0.00069786121206231078 -0.0019453702882553142 -0.00027932661341765195
leaf_weight=341 10.999999999999998 5.9999999999999991 34 8.9999999999999982 36 7.0000000000000027 7.9999999999999991 22 5.9999999999999982 6
leaf_count=341 11 6 34 9 36 7 8 22 6 6
internal_value=0 -0.000226654 3.31428e-05 -1.82903e-05 0.000125982 -1.10743e-05 1.93726e-05 -5.61616e-06 -0.00060559 -0.00111235
internal_weight=0 62 424 51 45 390 371 363 19 12
internal_count=486 62 424 51 45 390 371 363 19 12
is_linear=0
shrinkage=0.1


Tree=299
num_leaves=10
num_cat=0
split_feature=73 73 63 98 23 43 60 24 24
split_gain=0.000370608 0.000656881 0.000911404 0.000820634 0.000658386 0.00210073 0.000815488 0.000541851 0.000232832
threshold=6.3297193168114436 5.9750802605835984 6.091468535064009 4.6150714996361826 5.934880198055164 5.8819043445924564 4.5107991236896536 5.2626767655455557 5.2626767655455557
decision_type=2 2 2 2 2 2 2 2 2
left_child=1 2 4 8 5 -1 -6 -2 -3
right_child=7 3 -4 -5 6 -7 -8 -9 -10
leaf_value=2.4213173660857279e-06 1.908746281904834e-05 0.00049642793310340468 -0.0011442618419615818 0.0012815201616225144 0.0014167030973892122 -0.0018822755431756378 0.00015409182585579786 -0.0013439145963639019 -0.00035249586819970444
leaf_weight=413 6.9999999999999982 6.0000000000000018 6.9999999999999991 8.9999999999999982 7.0000000000000027 5.9999999999999991 19 5 7
leaf_count=413 7 6 7 9 7 6 19 5 7
internal_value=0 1.38944e-05 -1.2077e-05 0.00054749 5.73262e-06 -2.45672e-05 0.000494026 -0.00054883 3.93151e-05
internal_weight=0 474 452 22 445 419 26 12 13
internal_count=486 474 452 22 445 419 26 12 13
is_linear=0
shrinkage=0.1


Tree=300
num_leaves=11
num_cat=0
split_feature=31 94 61 64 92 43 18 12 32 8
split_gain=0.000314658 0.00137707 0.00157891 0.00216369 0.00196557 0.00127998 0.000900518 0.000749115 0.00161915 0.00184042
threshold=1.0397207708399181 1.0397207708399181 2.3502401828962087 3.0433873634561537 5.1647696471263407 1.4978661367769959 2.3937458713910238 4.7534415364300813 4.7790881836238563 1.9356005054539456
decision_type=2 2 2 2 2 2 2 2 2 2
left_child=1 5 3 4 -3 -1 -4 -2 9 -9
right_child=7 2 6 -5 -6 -7 -8 8 -10 -11
leaf_value=0.0013409503527832885 0.00025815584043149126 -0.0032284925070901701 0.0012759203401704632 -0.00010873300592980481 -0.00076193310586469506 -0.00039749141142237933 -0.00054119250271469346 -0.0022020527860149731 1.621015852166844e-05 -0.00027545800668817455
leaf_weight=9.0000000000000018 107 6.0000000000000018 5.9999999999999982 13.999999999999998 7 7.9999999999999991 5 7.0000000000000027 300 17
leaf_count=9 107 6 6 14 7 8 5 7 300 17
internal_value=0 -0.000225247 -0.000559926 -0.000971361 -0.00190035 0.00052286 0.00044996 2.87438e-05 -4.70189e-05 -0.000837381
internal_weight=0 55 38 27 13 17 11 431 324 24
internal_count=486 55 38 27 13 17 11 431 324 24
is_linear=0
shrinkage=0.1


Tree=301
num_leaves=11
num_cat=0
split_feature=46 13 97 85 61 35 0 2 7 11
split_gain=0.000354334 0.00112678 0.001282 0.00136527 0.00178534 0.0012994 0.00120917 0.00165088 0.00134064 0.0010831
threshold=0.8958797346140277 1.4978661367769959 2.3502401828962087 3.7609296261008152 2.524928003624769 3.7609296261008152 1.5890269151739729 2.249904835165133 3.9701138825728512 2.8314802400679731
decision_type=2 2 2 2 2 2 2 2 2 2
left_child=1 2 3 4 -1 -5 -3 -8 -9 -2
right_child=9 6 -4 5 -6 -7 7 8 -10 -11
leaf_value=-0.00080317800756070628 -0.00040446432745998859 -0.00059553834273376406 -0.00091130016517126933 0.0021786905825138081 0.00057234985076775051 0.00030067295052244199 0.0016847538606574138 1.8814492344470887e-05 0.0014810345368459822 3.4700102370011404e-05
leaf_weight=23 70 8.9999999999999982 15.999999999999998 5.0000000000000027 15.999999999999998 13.999999999999998 11.999999999999998 29 7.9999999999999991 284
leaf_count=23 70 9 16 5 16 14 12 29 8 284
internal_value=0 0.000139831 -0.00011883 9.97824e-05 -0.000238859 0.000794888 0.000469847 0.000665529 0.00033497 -5.21403e-05
internal_weight=0 132 74 58 39 19 58 49 37 354
internal_count=486 132 74 58 39 19 58 49 37 354
is_linear=0
shrinkage=0.1


Tree=302
num_leaves=11
num_cat=0
split_feature=42 0 62 73 24 42 74 54 56 46
split_gain=0.000365219 0.00169811 0.00117559 0.0011502 0.00109595 0.000992872 0.000788964 0.00062812 0.000544081 0.00115567
threshold=1.5890269151739729 1.5890269151739729 1.0397207708399181 2.9430520157250784 3.8064155152036787 2.649158683274019 3.2180751841847144 3.6505739029280164 0.8958797346140277 0.8958797346140277
decision_type=2 2 2 2 2 2 2 2 2 2
left_child=1 3 -3 4 7 -2 -6 -1 -7 -10
right_child=5 2 -4 -5 6 8 -8 -9 9 -11
leaf_value=0.00048537074113622872 -0.0010702719976608125 0.0019554408168914951 0.00028939493414428498 0.0011415792163461448 -0.00024807833484373991 -0.00023489183657254806 -0.0019489212398184461 -0.0006408257293514908 0.00071698244501021695 -3.0548739005824905e-06
leaf_weight=13.000000000000002 8.9999999999999982 8.0000000000000018 8.9999999999999982 5.9999999999999991 4.9999999999999982 85 6 7.9999999999999991 24 313
leaf_count=13 9 8 9 6 5 85 6 8 24 313
internal_value=0 0.00024267 0.00107342 -0.00012898 -0.00036721 -3.09672e-05 -0.00117581 5.63435e-05 -8.8019e-06 4.82237e-05
internal_weight=0 55 17 38 32 431 11 21 422 337
internal_count=486 55 17 38 32 431 11 21 422 337
is_linear=0
shrinkage=0.1


Tree=303
num_leaves=11
num_cat=0
split_feature=62 70 82 7 56 3 20 96 72 62
split_gain=0.000316284 0.00138585 0.00134969 0.00116416 0.0011303 0.0011005 0.00292467 0.00164892 0.000885001 0.000804104
threshold=4.1430087342023825 2.524928003624769 4.1891953942678901 1.8688348091416842 2.5619819897016298 2.8029010331479989 2.8617925509761908 1.9356005054539456 5.598394523403428 3.2180751841847144
decision_type=2 2 2 2 2 2 2 2 2 2
left_child=9 2 -2 4 -3 7 -7 -5 -4 -1
right_child=1 3 8 5 -6 6 -8 -9 -10 -11
leaf_value=-1.502457247018659e-05 -0.0018307737972853438 0.0015132843179162592 -0.000579042220863724 -0.00022743911644543653 -0.00022284278796481282 0.0010229693464810096 -5.2276449797728115e-05 -0.0020542120871444541 0.00054737615606023204 0.00062489547956458952
leaf_weight=72 6.9999999999999991 9.9999999999999982 31 28 5.9999999999999991 28 262 5.9999999999999991 8.9999999999999982 27
leaf_count=72 7 10 31 28 6 28 262 6 9 27
internal_value=0 -4.08021e-05 -0.000549773 2.95557e-05 0.000862237 -1.15644e-05 5.15404e-05 -0.000549811 -0.000325598 0.000159499
internal_weight=0 387 47 340 16 324 290 34 40 99
internal_count=486 387 47 340 16 324 290 34 40 99
is_linear=0
shrinkage=0.1


Tree=304
num_leaves=9
num_cat=0
split_feature=73 73 63 98 68 6 90 73
split_gain=0.000299655 0.000537516 0.000737408 0.000660703 0.000628429 0.000775605 0.000451808 0.000226135
threshold=6.3297193168114436 5.9750802605835984 6.091468535064009 4.6150714996361826 6.0049923831196965 5.5872416446462791 4.2045812236012674 6.2102047658780704
decision_type=2 2 2 2 2 2 2 2
left_child=1 2 4 7 5 -1 -2 -3
right_child=6 3 -4 -5 -6 -7 -8 -9
leaf_value=2.9818670315142671e-05 2.5082931720784734e-05 0.00036892930729663913 -0.0010293935629306361 0.0011538102815393358 0.00094503770648900946 -0.00045468049906452913 -0.0012195279356092214 -0.00048835676396265628
leaf_weight=402 6.9999999999999982 8.0000000000000018 6.9999999999999991 8.9999999999999982 6.9999999999999991 36 5 4.9999999999999991
leaf_count=402 7 8 7 9 7 36 5 5
internal_value=0 1.24938e-05 -1.09997e-05 0.000495179 5.01994e-06 -1.00032e-05 -0.000493505 3.92039e-05
internal_weight=0 474 452 22 445 438 12 13
internal_count=486 474 452 22 445 438 12 13
is_linear=0
shrinkage=0.1


Tree=305
num_leaves=11
num_cat=0
split_feature=92 94 63 102 45 33 99 67 41 31
split_gain=0.00029756 0.0011078 0.000818163 0.000774628 0.000795504 0.000632505 0.000626928 0.000988708 0.0011186 0.000561235
threshold=7.0166060642627874 4.3693677306817369 0.89587973461402759 1.4978661367769956 7.29940641775526 4.1430087342023825 3.8606743063089755 2.8029010331479989 4.0428973506407848 3.3497501700808394
decision_type=2 2 2 2 2 2 2 2 2 2
left_child=6 -2 -3 5 -5 -4 -1 9 -9 -8
right_child=1 2 3 4 -6 -7 7 8 -10 -11
leaf_value=6.3348475197091004e-07 -0.0012185487417607672 -0.0010033620987087489 -2.6168446691537435e-05 0.00040821230085890021 -0.00081760114214072621 -0.0012421381659805776 -0.0010363403055816884 0.0020595291008551906 0.00038725451377104038 0.00035082749590011579
leaf_weight=370 8.9999999999999982 7.9999999999999991 11.000000000000002 45 5.9999999999999991 6.9999999999999991 5.0000000000000018 6.0000000000000027 11.999999999999998 7
leaf_count=370 9 8 11 45 6 7 5 6 12 7
internal_value=0 -0.000168752 -4.6049e-05 6.49439e-05 0.000263999 -0.000499046 3.62818e-05 0.000475944 0.000944679 -0.000227159
internal_weight=0 86 77 69 51 18 400 30 18 12
internal_count=486 86 77 69 51 18 400 30 18 12
is_linear=0
shrinkage=0.1


Tree=306
num_leaves=11
num_cat=0
split_feature=84 45 42 44 21 62 35 27 87 88
split_gain=0.000291102 0.000904757 0.00131942 0.00117927 0.00107034 0.0012429 0.00142584 0.000848548 0.00083824 0.0018159
threshold=1.4978661367769956 4.8903208612686422 5.5052984857290932 0.89587973461402759 4.2045812236012674 1.5890269151739729 4.7405652883788738 2.0126758453675748 2.1383330595080281 2.8314802400679731
decision_type=2 2 2 2 2 2 2 2 2 2
left_child=1 4 3 -3 5 -1 -7 -5 -2 -10
right_child=8 2 -4 7 -6 6 -8 -9 9 -11
leaf_value=0.00090646312669883224 0.00031142906407469867 -0.0001564007058429221 0.00028320672364705909 -0.0022935514870498861 -0.001031595640233718 -0.00028989179567857226 0.0010915274363166342 -0.00082554531464767121 -0.0015261098873452284 2.821998966839547e-06
leaf_weight=18 89 12.000000000000002 13.999999999999998 6.9999999999999991 7.9999999999999991 44 8.9999999999999982 8.9999999999999982 7.9999999999999991 268
leaf_count=18 89 12 14 7 8 44 9 9 8 268
internal_value=0 -0.000134418 -0.000509445 -0.000905771 6.4963e-05 0.000188519 -5.53112e-05 -0.0014678 4.45606e-05 -4.14949e-05
internal_weight=0 121 42 28 79 71 53 16 365 276
internal_count=486 121 42 28 79 71 53 16 365 276
is_linear=0
shrinkage=0.1


Tree=307
num_leaves=11
num_cat=0
split_feature=86 44 21 49 54 88 69 81 79 36
split_gain=0.000268158 0.000829401 0.00131203 0.000822403 0.00116145 0.00102041 0.00109427 0.00160953 0.00138539 0.000750989
threshold=0.8958797346140277 5.0172579074712669 4.9593358439305844 6.459903229849254 1.2424533248940004 2.191013317336941 7.5373890202266365 2.3502401828962087 7.3287612361611201 1.2424533248940004
decision_type=2 2 2 2 2 2 2 2 2 2
left_child=1 2 9 4 -2 -5 7 -7 -8 -1
right_child=3 -3 -4 5 -6 6 8 -9 -10 -11
leaf_value=0.00030882491989979064 0.00026508927694521831 -0.0011416722825379111 0.001502175522702081 -0.0011238406237680466 -0.0012904448919774346 -0.00049231370348934433 -0.0014509071729012901 0.00075349747581640266 -2.5633385935952043e-05 -0.00019723031508357393
leaf_weight=69 8.0000000000000018 4.9999999999999991 6.9999999999999991 7.9999999999999991 11.999999999999998 13.999999999999998 6.9999999999999991 40 265 51
leaf_count=69 8 5 7 8 12 14 7 40 265 51
internal_value=0 0.000121644 0.000171381 -4.53589e-05 -0.000668231 -8.06112e-06 1.932e-05 0.000430509 -6.23132e-05 9.37514e-05
internal_weight=0 132 127 354 20 334 326 54 272 120
internal_count=486 132 127 354 20 334 326 54 272 120
is_linear=0
shrinkage=0.1


Tree=308
num_leaves=7
num_cat=0
split_feature=89 38 45 2 16 41
split_gain=0.000252877 0.000407144 0.000538258 0.000533676 0.000889091 0.000884714
threshold=10.395425808672428 6.1862001562848912 7.4802334233887304 6.5496251583324243 4.6539149966267201 6.1506004953108766
decision_type=2 2 2 2 2 2
left_child=1 2 3 5 -5 -1
right_child=-2 -3 -4 4 -6 -7
leaf_value=1.9945099650774475e-05 -0.00059669949114322669 0.00071613048785366127 -0.00087364736412252713 0.0014225761539169721 -8.0091126276076675e-05 -0.00066051658286596653
leaf_weight=428 6.9999999999999991 7.9999999999999991 6.9999999999999991 6.9999999999999991 8.9999999999999982 20
leaf_count=428 7 8 7 7 9 20
internal_value=0 8.72003e-06 -3.29543e-06 9.83488e-06 0.000577326 -1.04327e-05
internal_weight=0 479 471 464 16 448
internal_count=486 479 471 464 16 448
is_linear=0
shrinkage=0.1


Tree=309
num_leaves=9
num_cat=0
split_feature=58 58 33 53 53 53 64 68
split_gain=0.000262873 0.000608457 0.000837371 0.000740575 0.000616554 0.00132904 0.000679053 0.000230783
threshold=6.1974365842109203 5.8347936374918037 6.2402739452473375 6.2576382274985969 5.9188360407794134 5.7899180851264278 5.6936811209974421 6.0049923831196965
decision_type=2 2 2 2 2 2 2 2
left_child=1 3 7 4 5 -1 -6 -3
right_child=-2 2 -4 -5 6 -7 -8 -9
leaf_value=-8.4307637658537579e-06 0.00060837785380759418 -0.0016640343610197297 0.0002424131480178663 0.00096650544728618117 -0.001352496917492577 0.0011578003055183219 -3.9264716906473045e-05 -0.00070323681458830825
leaf_weight=428 6.9999999999999991 5.0000000000000018 6.9999999999999991 7.9999999999999991 6.9999999999999991 9.9999999999999982 8.9999999999999982 5
leaf_count=428 7 5 7 8 7 10 9 5
internal_value=0 -8.8907e-06 -0.000596439 1.2729e-05 -4.07759e-06 1.81955e-05 -0.000613804 -0.00118364
internal_weight=0 479 17 462 454 438 16 10
internal_count=486 479 17 462 454 438 16 10
is_linear=0
shrinkage=0.1


Tree=310
num_leaves=11
num_cat=0
split_feature=84 65 55 55 38 21 5 69 68 66
split_gain=0.00024509 0.000784393 0.00130305 0.00129438 0.00107535 0.000902563 0.00122925 0.000787919 0.000726099 0.00259284
threshold=1.4978661367769956 4.6442059536981697 4.5325416796595226 4.7405652883788738 2.191013317336941 4.2045812236012674 2.9174053685313028 6.5792357796731817 2.5619819897016298 1.2424533248940004
decision_type=2 2 2 2 2 2 2 2 2 2
left_child=1 5 -3 -4 -5 7 -7 -1 9 -2
right_child=8 2 3 4 -6 6 -8 -9 -10 -11
leaf_value=5.6080490627975548e-05 1.3638084679509382e-05 -0.0015709133294876665 0.0011814634315669538 -0.0014334627077914775 -0.00015486133052036168 -0.0018537309393286709 0.0003636980324517935 0.00093366030570385709 -5.7681419118449077e-06 0.0020549762819427999
leaf_weight=38 28 7.9999999999999991 5.9999999999999991 7.9999999999999991 37 4.9999999999999982 5 13.999999999999998 329 7.9999999999999991
leaf_count=38 28 8 6 8 37 5 5 14 329 8
internal_value=0 -0.000123339 -0.000384341 -0.000198212 -0.000382168 0.000125034 -0.000745016 0.000292352 4.08876e-05 0.000467269
internal_weight=0 121 59 51 45 62 10 52 365 36
internal_count=486 121 59 51 45 62 10 52 365 36
is_linear=0
shrinkage=0.1


Tree=311
num_leaves=11
num_cat=0
split_feature=8 15 68 88 33 65 85 78 98 90
split_gain=0.000256571 0.00119286 0.00167116 0.00180288 0.00173087 0.00119896 0.00147047 0.00131234 0.000962155 0.000703364
threshold=2.9430520157250784 4.9593358439305844 4.1430087342023825 3.9316333620047872 1.8688348091416844 5.0139575654555903 5.1445790166580574 4.465842055365858 2.8314802400679731 3.2951505240983434
decision_type=2 2 2 2 2 2 2 2 2 2
left_child=1 5 3 4 -3 6 7 -1 -7 -2
right_child=9 2 -4 -5 -6 8 -8 -9 -10 -11
leaf_value=-6.9315496728536568e-05 0.000312369885646965 -0.0021917380578815935 0.0011836699210107328 -0.0023535783092180889 -0.00017714050943674201 0.0014726425823755557 -0.0017380602762568744 0.0015982885169796646 -5.5971498867230758e-05 -3.126678497903326e-05
leaf_weight=84 78 4.9999999999999991 4.9999999999999991 5.9999999999999991 29 10.000000000000002 4.9999999999999991 4.9999999999999991 6.9999999999999991 252
leaf_count=84 78 5 5 6 29 10 5 5 7 252
internal_value=0 -0.000105677 -0.000539975 -0.000755431 -0.000473405 7.03898e-05 -6.93762e-05 2.43701e-05 0.000843213 4.99564e-05
internal_weight=0 156 45 40 34 111 94 89 17 330
internal_count=486 156 45 40 34 111 94 89 17 330
is_linear=0
shrinkage=0.1


Tree=312
num_leaves=11
num_cat=0
split_feature=86 63 53 63 86 53 73 75 73 80
split_gain=0.000259317 0.000949037 0.00151452 0.00121893 0.00230509 0.00194115 0.00106593 0.00128565 0.00122912 0.000932908
threshold=2.0126758453675748 2.9430520157250784 3.9701138825728512 3.7726948748059121 2.1383330595080281 3.2769667020129059 4.3107766033702406 5.2417330174952186 4.3943729409690677 4.1742689126930488
decision_type=2 2 2 2 2 2 2 2 2 2
left_child=-1 2 9 4 -3 -6 7 -5 -8 -2
right_child=1 3 -4 6 5 -7 8 -9 -10 -11
leaf_value=9.0002085470082966e-05 -0.00039849217886265989 -0.0012626783262627821 -0.0020494839735329153 5.9113866186437566e-05 -0.00015977942190753918 0.001421346642415632 0.0013689073467893261 -0.00098714791941650524 7.2090069297701122e-06 0.00064603068167343744
leaf_weight=193 59 5.9999999999999991 4.9999999999999991 23 11.999999999999998 22 6.9999999999999991 24 125 9.9999999999999982
leaf_count=193 59 6 5 23 12 22 7 24 125 10
internal_value=0 -5.92846e-05 -0.000368894 4.53322e-05 0.000544405 0.000863302 -6.61925e-05 -0.000475147 7.94203e-05 -0.000247112
internal_weight=0 293 74 219 40 34 179 47 132 69
internal_count=486 293 74 219 40 34 179 47 132 69
is_linear=0
shrinkage=0.1


Tree=313
num_leaves=11
num_cat=0
split_feature=1 63 95 25 36 2 1 22 61 54
split_gain=0.000232857 0.00106027 0.00125937 0.00117602 0.00133009 0.00109722 0.00104737 0.000982952 0.00097816 0.000918197
threshold=4.7957563937576522 2.524928003624769 4.007167868649713 5.5872416446462791 4.317399216745252 5.1416464569318583 4.6346818562128229 5.4445775410940529 4.4601277074540464 5.5412558557490508
decision_type=2 2 2 2 2 2 2 2 2 2
left_child=6 5 9 -4 -5 8 -1 -8 -2 -3
right_child=1 2 3 4 -6 -7 7 -9 -10 -11
leaf_value=9.2757314685353005e-06 -0.00058201387317239966 -0.0015999649127479646 0.00060484909036484383 -0.00062172247449897473 0.00015853706582502866 0.00024666528042871505 -0.00032249040435999637 0.0013685143298723481 -0.0021970761474221947 0.00012750133639201521
leaf_weight=294 10.000000000000005 7.9999999999999982 34 31 74 7.9999999999999991 4.9999999999999991 10.999999999999998 5.9999999999999991 5
leaf_count=294 10 8 34 31 74 8 5 11 6 5
internal_value=0 -9.18652e-05 5.66449e-06 9.36922e-05 -7.18253e-05 -0.000709553 5.21557e-05 0.000840075 -0.00118766 -0.000935555
internal_weight=0 176 152 139 105 24 310 16 16 13
internal_count=486 176 152 139 105 24 310 16 16 13
is_linear=0
shrinkage=0.1


Tree=314
num_leaves=11
num_cat=0
split_feature=81 71 86 33 13 56 75 44 38 6
split_gain=0.000229937 0.000902955 0.000704375 0.000546403 0.000885967 0.000528858 0.000515902 0.000601786 0.00108526 0.00095561
threshold=5.9776119115618718 5.9454069026540806 4.2625806805327082 3.6632328069201612 4.1430087342023825 4.234001473612734 6.5847761301033945 5.4847883247493394 5.0562255201382529 5.1984817689835037
decision_type=2 2 2 2 2 2 2 2 2 2
left_child=2 -2 6 -4 -5 -6 7 9 -9 -1
right_child=1 -3 3 4 5 -7 -8 8 -10 -11
leaf_value=1.0926665553207776e-05 -0.0011713675950886682 -3.2988323720120307e-05 -0.00050262215081602339 0.0016091660596430296 -0.00058655278786318339 0.00058340840178596625 -0.00076008280545162665 0.001794367656111716 0.00015506672318137829 -0.00071804075759198326
leaf_weight=336 7.9999999999999991 54 4.9999999999999991 7.0000000000000027 5.0000000000000027 17 8.9999999999999982 5.0000000000000027 21 19
leaf_count=336 8 54 5 7 5 17 9 5 21 19
internal_value=0 -0.000179876 2.63026e-05 0.00046283 0.000629288 0.000317508 -1.17536e-05 5.92342e-06 0.000470317 -2.80885e-05
internal_weight=0 62 424 34 29 22 390 381 26 355
internal_count=486 62 424 34 29 22 390 381 26 355
is_linear=0
shrinkage=0.1


Tree=315
num_leaves=11
num_cat=0
split_feature=27 15 89 30 89 27 68 61 101 60
split_gain=0.000215943 0.00118676 0.00136252 0.00138648 0.00107616 0.0010303 0.00133017 0.00130374 0.00119419 0.000938637
threshold=2.0126758453675748 4.9593358439305844 6.4295893882764688 2.602003343538398 6.311733162251806 2.9430520157250784 3.891612008168019 3.4811217321331038 3.1984648276080736 3.5972184255501678
decision_type=2 2 2 2 2 2 2 2 2 2
left_child=1 9 4 -4 -3 6 7 -2 -8 -1
right_child=5 2 3 -5 -6 -7 8 -9 -10 -11
leaf_value=-1.319700535439829e-05 0.00052062217485702902 -0.00047345056331583434 0.0013634194899350396 -0.0004548791869847964 -0.0022269469087145156 -3.7885106065534889e-05 0.00014642976554265867 -0.00064806397458596623 0.0019677475689806874 0.00099585316609591252
leaf_weight=118 30 6.9999999999999982 5.0000000000000027 26 7 254 5.9999999999999991 13.999999999999998 8.9999999999999982 9.9999999999999982
leaf_count=118 30 7 5 26 7 254 6 14 9 10
internal_value=0 -8.96605e-05 -0.00053139 -0.000161605 -0.0013502 4.95567e-05 0.000426001 0.000148767 0.00123922 6.5635e-05
internal_weight=0 173 45 31 14 313 59 44 15 128
internal_count=486 173 45 31 14 313 59 44 15 128
is_linear=0
shrinkage=0.1


Tree=316
num_leaves=11
num_cat=0
split_feature=84 84 101 97 1 59 92 78 16 88
split_gain=0.000214426 0.000695569 0.00148554 0.00168014 0.00107196 0.0008731 0.00191913 0.00137332 0.000776498 0.000702813
threshold=1.4978661367769956 2.3937458713910238 3.8176519431297078 1.0397207708399181 2.524928003624769 2.4563274428680266 4.5950688323293329 1.5890269151739729 2.5619819897016298 3.2180751841847144
decision_type=2 2 2 2 2 2 2 2 2 2
left_child=-1 2 3 -2 -5 6 -3 -7 -8 -9
right_child=1 5 -4 4 -6 7 8 9 -10 -11
leaf_value=-0.00011536505630791615 0.0015342309771637832 0.0023309505451470612 0.0016420069499872626 -0.0015229445719160128 8.1022515427321196e-05 -0.0012670689779851173 -0.00094969493336975589 0.00051772054436657097 0.00081268707745039124 -5.7879144417748003e-05
leaf_weight=121 6.9999999999999991 4.9999999999999991 7.9999999999999991 5.0000000000000027 25 8.9999999999999982 4.9999999999999982 23 5 273
leaf_count=121 7 5 8 5 25 9 5 23 5 273
internal_value=0 3.82443e-05 0.000406367 0.000139202 -0.000186305 -1.35229e-05 0.000731314 -5.01543e-05 -6.85039e-05 -1.31535e-05
internal_weight=0 365 45 37 30 320 15 305 10 296
internal_count=486 365 45 37 30 320 15 305 10 296
is_linear=0
shrinkage=0.1


Tree=317
num_leaves=11
num_cat=0
split_feature=8 15 17 63 4 61 65 85 62 94
split_gain=0.000216051 0.000782977 0.0011027 0.00116516 0.00127761 0.00105909 0.000809697 0.00113912 0.00108967 0.000591321
threshold=2.9430520157250784 4.9593358439305844 0.8958797346140277 3.1132683346437333 4.9199542854466296 2.524928003624769 5.0139575654555903 5.1445790166580574 5.9964025824430864 1.4978661367769956
decision_type=2 2 2 2 2 2 2 2 2 2
left_child=1 6 -3 5 -5 -4 7 8 -1 -2
right_child=9 2 3 4 -6 -7 -8 -9 -10 -11
leaf_value=-9.6640791179882483e-05 0.00036640238950542194 -0.0018489605467766524 -0.00013955693825015003 0.00046427492759123969 -0.0013143797265365721 -0.0018790859063821178 0.00068076708964380332 -0.0015378757263533771 0.0011267205991316587 -1.0056272463169153e-05
leaf_weight=81 49 4.9999999999999991 6.9999999999999982 21.000000000000004 4.9999999999999991 7 17 4.9999999999999991 7.9999999999999991 281
leaf_count=81 49 5 7 21 5 7 17 5 8 281
internal_value=0 -9.69738e-05 -0.000448832 -0.000273816 0.000122226 -0.00100932 4.56714e-05 -6.91864e-05 1.33243e-05 4.58421e-05
internal_weight=0 156 45 40 26 14 111 94 89 330
internal_count=486 156 45 40 26 14 111 94 89 330
is_linear=0
shrinkage=0.1


Tree=318
num_leaves=11
num_cat=0
split_feature=7 60 52 61 98 8 96 23 85 74
split_gain=0.000202416 0.000851801 0.00148154 0.00134866 0.0011644 0.000874738 0.000847732 0.00107255 0.0010555 0.00107543
threshold=2.602003343538398 2.740319461670996 5.4445775410940529 1.4978661367769956 2.8314802400679731 2.8314802400679731 2.8029010331479989 3.2769667020129059 4.007167868649713 1.2424533248940004
decision_type=2 2 2 2 2 2 2 2 2 2
left_child=6 2 3 5 -5 -2 7 -1 -8 -10
right_child=1 -3 -4 4 -6 -7 8 -9 9 -11
leaf_value=4.6101534120464184e-05 -0.0007707233573975308 2.1994714986823582e-05 0.00072520066104415394 -0.0020623144952373364 -0.0006235502454607438 0.00075997865351382652 0.0001001034561982926 -0.0014543317588686479 0.00027411035029217606 0.0022598687025795999
leaf_weight=101 6.9999999999999991 304 8.9999999999999982 9.0000000000000018 14.999999999999998 7.9999999999999991 17.000000000000004 4.9999999999999991 4.9999999999999982 6
leaf_count=101 7 304 9 9 15 8 17 5 5 6
internal_value=0 -3.98185e-05 -0.000431302 -0.000698188 -0.00116309 4.5651e-05 0.000104598 -2.46736e-05 0.000593983 0.00135725
internal_weight=0 352 48 39 24 15 134 106 28 11
internal_count=486 352 48 39 24 15 134 106 28 11
is_linear=0
shrinkage=0.1


Tree=319
num_leaves=11
num_cat=0
split_feature=86 83 83 94 63 25 94 28 31 44
split_gain=0.00020875 0.000802612 0.00124835 0.000909271 0.00111672 0.00152707 0.000945069 0.000795912 0.00097106 0.000880335
threshold=2.0126758453675748 2.6735537653587347 2.8029010331479989 3.3667009459186801 2.0126758453675748 4.4425820475484112 2.7058230259275202 1.9356005054539456 1.4978661367769956 1.2424533248940004
decision_type=2 2 2 2 2 2 2 2 2 2
left_child=1 3 -3 4 6 -6 -1 9 -9 -5
right_child=-2 2 -4 7 5 -7 -8 8 -10 -11
leaf_value=0.00016430517180675741 -5.3191160236953358e-05 0.0018128195699925226 0.00024473886142280238 -7.0136105641722699e-05 -0.0024316140823066219 -0.00042947766869190219 -0.0011861828830054342 -0.0012798622925765813 0.0001613140071943538 0.0016671870400646834
leaf_weight=38 293 5.9999999999999991 33 4.9999999999999982 5.0000000000000027 15.999999999999998 5.9999999999999991 4.9999999999999991 72 7
leaf_count=38 293 6 33 5 5 16 6 5 72 7
internal_value=0 8.07514e-05 0.000485982 -2.1872e-05 -0.000306203 -0.000906177 -1.98523e-05 0.000185786 6.77311e-05 0.000943302
internal_weight=0 193 39 154 65 21 44 89 77 12
internal_count=486 193 39 154 65 21 44 89 77 12
is_linear=0
shrinkage=0.1


Tree=320
num_leaves=9
num_cat=0
split_feature=73 73 63 68 63 98 90 24
split_gain=0.000185045 0.000386706 0.000528513 0.000772708 0.000548517 0.0004312 0.000296604 0.000174404
threshold=6.3297193168114436 5.9750802605835984 6.0330833463930107 6.0049923831196965 5.8819043445924564 4.6150714996361826 4.2045812236012674 5.2626767655455557
decision_type=2 2 2 2 2 2 2 2
left_child=1 2 3 4 -1 7 -2 -3
right_child=6 5 -4 -5 -6 -7 -8 -9
leaf_value=-2.0832681831340231e-05 3.2368445369814127e-05 0.00044648628245340643 -0.00076875534335461761 0.0012414153758436442 0.0010325915363500826 0.00095131058608078289 -0.00097606015391647804 -0.00028823970683983393
leaf_weight=433 6.9999999999999982 6.0000000000000018 8.9999999999999982 4.9999999999999991 4.9999999999999991 8.9999999999999982 5 7
leaf_count=433 7 6 9 5 5 9 5 7
internal_value=0 9.81798e-06 -1.01091e-05 5.30357e-06 -8.80729e-06 0.000419229 -0.00038781 5.08646e-05
internal_weight=0 474 452 443 438 22 12 13
internal_count=486 474 452 443 438 22 12 13
is_linear=0
shrinkage=0.1


Tree=321
num_leaves=11
num_cat=0
split_feature=22 22 32 48 85 21 85 36 50 1
split_gain=0.000197427 0.00170188 0.00125381 0.00121216 0.00194393 0.000955065 0.000782918 0.000746335 0.000728635 0.000798535
threshold=6.9304942881815519 6.7510460642051404 6.7821689169642818 4.9344480538832558 5.0688844241303981 5.4160905255636633 4.6442059536981697 3.7132745361986528 4.4425820475484112 4.7957563937576522
decision_type=2 2 2 2 2 2 2 2 2 2
left_child=1 2 8 4 -2 -3 -5 -8 9 -1
right_child=3 5 -4 6 -6 -7 7 -9 -10 -11
leaf_value=2.7463543220044716e-05 -0.00017984532030161724 0.00037741982248715226 -0.0012631082092411817 0.00096800014944165014 -0.0025578851625323298 0.0016390752099040484 -0.0011424472788348794 2.033201358837845e-05 0.00068489156449989732 -0.00045920640986878429
leaf_weight=299 10.999999999999998 18.000000000000004 7.9999999999999991 7.9999999999999991 4.9999999999999991 8.9999999999999982 5.9999999999999991 69 14.999999999999998 38
leaf_count=299 11 18 8 8 5 9 6 69 15 38
internal_value=0 3.22364e-05 -2.51937e-05 -0.000126015 -0.000922983 0.000797972 2.76172e-05 -7.26903e-05 2.94071e-06 -2.74132e-05
internal_weight=0 387 360 99 16 27 83 75 352 337
internal_count=486 387 360 99 16 27 83 75 352 337
is_linear=0
shrinkage=0.1


Tree=322
num_leaves=11
num_cat=0
split_feature=74 73 74 35 49 101 11 41 63 71
split_gain=0.00019269 0.00146312 0.000830429 0.000886439 0.000868802 0.000864893 0.000723413 0.00136185 0.00147958 0.00105631
threshold=4.8597823571876004 5.1589892359258025 4.3693677306817369 2.649158683274019 9.2984382548374853 3.4175922930736511 3.891612008168019 4.5538214868689204 3.2769667020129059 4.8558607684570871
decision_type=2 2 2 2 2 2 2 2 2 2
left_child=1 2 4 5 -1 -4 -2 9 -9 -8
right_child=6 -3 3 -5 -6 -7 7 8 -10 -11
leaf_value=-1.6079735725229098e-05 -0.00051572342993040372 0.0015901285844544572 -0.0013219225336797537 0.00069003544872430216 -0.0010145426300975184 0.00045888458650248742 0.0018204435140692764 -0.0015034126250871591 -2.3974121852528933e-08 1.2260610674275084e-05
leaf_weight=275 32 5.9999999999999991 4.9999999999999982 32 8.9999999999999982 6 6.9999999999999982 6.9999999999999991 101 6
leaf_count=275 32 6 5 32 9 6 7 7 101 6
internal_value=0 4.26811e-05 1.42875e-05 0.000423833 -4.77212e-05 -0.000350573 -9.28941e-05 1.89286e-05 -9.74658e-05 0.000985898
internal_weight=0 333 327 43 284 11 153 121 108 13
internal_count=486 333 327 43 284 11 153 121 108 13
is_linear=0
shrinkage=0.1


Tree=323
num_leaves=10
num_cat=0
split_feature=18 14 10 2 16 3 46 10 22
split_gain=0.000188318 0.000500635 0.000429429 0.000266062 0.000727926 0.000699705 0.000770967 0.00052804 0.00025642
threshold=6.0935290038443712 6.4504591913628513 5.4510292435120062 6.5496251583324243 4.6539149966267201 6.3044471313464614 4.8282817362782584 4.1971736807086968 7.5158237392675113
decision_type=2 2 2 2 2 2 2 2 2
left_child=1 3 -2 5 -5 6 -1 -7 -6
right_child=2 -3 -4 4 8 7 -8 -9 -10
leaf_value=-1.0260814911507967e-05 0.0011044888710603118 -0.001006041601067409 -5.1366307565735449e-05 0.0011804088817111077 -0.00056270213875298696 -0.0014145090438735983 0.0010478339461509937 -0.00020340247639170331 0.00030210453551262619
leaf_weight=424 4.9999999999999991 4.9999999999999991 8.9999999999999982 7.0000000000000027 5.9999999999999991 5.9999999999999991 6.9999999999999991 8.9999999999999982 7.9999999999999991
leaf_count=424 5 5 9 7 6 6 7 9 8
internal_value=0 -1.07207e-05 0.000361439 -6.41088e-08 0.000347785 -1.64427e-05 6.92402e-06 -0.000687845 -6.85269e-05
internal_weight=0 472 14 467 21 446 431 15 14
internal_count=486 472 14 467 21 446 431 15 14
is_linear=0
shrinkage=0.1


Tree=324
num_leaves=11
num_cat=0
split_feature=51 41 11 11 11 22 19 97 12 93
split_gain=0.000186449 0.00115438 0.00141859 0.00072053 0.000947942 0.000908391 0.00166439 0.00153484 0.000880717 0.0015783
threshold=2.1383330595080277 2.3502401828962087 2.3502401828962087 2.9174053685313028 3.1132683346437333 4.3437210834879627 6.8946079313622795 1.0397207708399181 4.8597823571876004 2.6735537653587347
decision_type=2 2 2 2 2 2 2 2 2 2
left_child=1 -1 -3 8 -5 6 -6 -7 -2 -10
right_child=3 2 -4 4 5 7 -8 -9 9 -11
leaf_value=-6.7369638454692907e-05 -9.5251306280867232e-05 0.001560942458242855 4.3408821719432517e-05 0.0011061251337196154 2.1334236505656282e-05 0.00078155608699979418 -0.0018912532849104276 -2.4412100078716957e-05 -0.0003035316044198615 -0.0022420518410702548
leaf_weight=80 48 11.000000000000002 13.999999999999998 7.9999999999999991 13.000000000000002 26 6.9999999999999991 259 14.000000000000002 5.9999999999999991
leaf_count=80 48 11 14 8 13 26 7 259 14 6
internal_value=0 0.000117986 0.000711124 -3.25158e-05 3.15824e-05 3.39769e-06 -0.000648071 4.91148e-05 -0.000327556 -0.000885088
internal_weight=0 105 25 381 313 305 20 285 68 20
internal_count=486 105 25 381 313 305 20 285 68 20
is_linear=0
shrinkage=0.1


Tree=325
num_leaves=11
num_cat=0
split_feature=93 93 84 90 45 91 99 0 57 84
split_gain=0.000178933 0.000610277 0.000806663 0.000607974 0.000576086 0.0005151 0.000393092 0.000378404 0.000365846 0.0015388
threshold=5.8998635749973518 5.3518469026947413 5.4116061905722832 4.5325416796595226 5.4488879126160059 5.6903366269220443 1.4978661367769956 6.4800257426481824 4.2413008733233104 5.2417330174952186
decision_type=2 2 2 2 2 2 2 2 2 2
left_child=1 6 3 -3 -5 -2 7 -1 -8 -10
right_child=5 2 -4 4 -6 -7 8 -9 9 -11
leaf_value=0.0010536483804961404 0.00092082301853224635 -0.0016063075978308907 0.0003755892691616383 0.00035610065873091404 -0.00084398937372801215 2.0803088386122501e-05 -5.2639082911574601e-05 -8.5379768861457692e-05 0.00082439277768851489 -8.9991888241442339e-05
leaf_weight=6.9999999999999982 7.9999999999999991 6.0000000000000027 8.9999999999999982 6.0000000000000027 11.999999999999998 31 313 5 26 63
leaf_count=7 8 6 9 6 12 31 313 5 26 63
internal_value=0 -1.79228e-05 -0.000431782 -0.000734546 -0.000443959 0.000205423 1.5066e-05 0.000579053 -1.76943e-06 0.000177132
internal_weight=0 447 33 24 18 39 414 12 402 89
internal_count=486 447 33 24 18 39 414 12 402 89
is_linear=0
shrinkage=0.1


Tree=326
num_leaves=11
num_cat=0
split_feature=15 65 8 21 62 14 8 25 25 36
split_gain=0.000197937 0.00112787 0.000864086 0.000723003 0.000696594 0.00080007 0.000728208 0.000489672 0.00109152 0.00100791
threshold=4.4425820475484112 5.1761337726651186 4.2045812236012674 4.8903208612686422 4.234001473612734 3.8499212036984933 4.3943729409690677 4.8597823571876004 4.9593358439305844 3.2180751841847144
decision_type=2 2 2 2 2 2 2 2 2 2
left_child=1 3 -3 4 5 -1 -6 9 -9 -2
right_child=7 2 -4 -5 6 -7 -8 8 -10 -11
leaf_value=0.00044785777952157605 -0.00015371588215574015 0.0020387544296681884 0.00025877789060662807 0.001201459364965558 -0.00037739872706070958 -0.00032351611742725307 0.00034381434961687778 0.00081198874813708248 -3.9782107105277229e-05 -0.0014365111078534808
leaf_weight=46 49 4.9999999999999982 6 4.9999999999999991 63 19 18 15.999999999999998 252 6.9999999999999991
leaf_count=46 49 5 6 5 63 19 18 16 252 7
internal_value=0 9.02526e-05 0.00106786 1.90363e-05 -2.14576e-05 0.000222379 -0.000217129 -4.51263e-05 1.10699e-05 -0.000314065
internal_weight=0 162 11 151 146 65 81 324 268 56
internal_count=486 162 11 151 146 65 81 324 268 56
is_linear=0
shrinkage=0.1


Tree=327
num_leaves=11
num_cat=0
split_feature=20 18 23 23 1 28 102 31 11 61
split_gain=0.000181549 0.00092191 0.000607702 0.000867097 0.00103336 0.000817883 0.00104095 0.000624118 0.00142505 0.000900873
threshold=3.1984648276080736 2.191013317336941 3.5972184255501678 3.1132683346437333 2.602003343538398 2.9430520157250784 3.1567740231385479 2.3502401828962087 3.9607678160667752 2.1383330595080277
decision_type=2 2 2 2 2 2 2 2 2 2
left_child=2 -2 3 7 -5 -4 -7 8 -1 -9
right_child=1 -3 5 4 -6 6 -8 9 -10 -11
leaf_value=-1.6616781656065381e-06 -0.0012795031031904124 -2.6192041355770624e-05 -0.00036103916121646765 0.00036142848897725345 -0.0014711674957652576 0.00018510573077946905 0.0022256420878693458 0.00089703489534763827 -0.001596256272265843 0.00010822277212896184
leaf_weight=85 5.9999999999999991 269 4.9999999999999991 4.9999999999999991 7.9999999999999991 4.9999999999999982 5 18 5.9999999999999991 74
leaf_count=85 6 269 5 5 8 5 5 18 6 74
internal_value=0 -5.3537e-05 6.97757e-05 2.28272e-05 -0.000766323 0.000683236 0.00120537 7.88871e-05 -0.0001068 0.000262556
internal_weight=0 275 211 196 13 15 10 183 91 92
internal_count=486 275 211 196 13 15 10 183 91 92
is_linear=0
shrinkage=0.1


Tree=328
num_leaves=11
num_cat=0
split_feature=75 75 84 6 67 16 55 42 85 7
split_gain=0.000165952 0.000774121 0.000531331 0.00108974 0.0015152 0.00135027 0.000615705 0.00082849 0.000626682 0.000503189
threshold=4.7273486598447958 4.8597823571876004 1.4978661367769956 3.8499212036984933 2.0126758453675748 0.8958797346140277 4.8903208612686422 5.5333191811709055 4.9593358439305844 5.0237939482549434
decision_type=2 2 2 2 2 2 2 2 2 2
left_child=9 -2 6 5 -5 -4 8 -8 -3 -1
right_child=1 2 3 4 -6 -7 7 -9 -10 -11
leaf_value=-3.1711639099556007e-05 0.00070317527827094589 -0.00055047971739744146 -0.00036437594059283252 -0.0015925380129677555 2.2157165218920235e-05 0.00095730840134470229 -0.00093416322430130085 0.00026993675710400565 0.00080149060231633491 -0.00072756350802426987
leaf_weight=188 17 5.9999999999999991 10.999999999999998 5.9999999999999991 185 26 20.000000000000004 7.9999999999999991 7.9999999999999991 10.999999999999998
leaf_count=188 17 6 11 6 185 26 20 8 8 11
internal_value=0 4.86585e-05 7.44817e-06 6.76567e-05 -2.85662e-05 0.000564375 -0.000319398 -0.000590135 0.000222075 -7.01758e-05
internal_weight=0 287 270 228 191 37 42 28 14 199
internal_count=486 287 270 228 191 37 42 28 14 199
is_linear=0
shrinkage=0.1


Tree=329
num_leaves=11
num_cat=0
split_feature=10 28 23 44 19 9 11 23 18 10
split_gain=0.000171828 0.000830539 0.000829826 0.000635043 0.00067493 0.0010421 0.000661878 0.000512925 0.000426516 0.000720177
threshold=3.8499212036984933 3.5972184255501678 4.4187680230537838 5.4847883247493394 8.3917224624947249 8.3776724232667217 3.8064155152036787 4.6819597299522426 4.2903656061101136 4.2625806805327082
decision_type=2 2 2 2 2 2 2 2 2 2
left_child=2 -2 3 4 5 -1 -6 -4 -3 -10
right_child=1 8 7 -5 6 -7 -8 -9 9 -11
leaf_value=-3.4877998976268012e-06 -0.0011434346404192704 0.00037941267829120828 0.0014269066242074274 0.0011168437707237901 -0.001533406376838683 0.0012346037630257864 -0.00025880430482423184 0.00034272344564669768 -0.00047033513608192535 2.8213814559168267e-05
leaf_weight=236 6.9999999999999991 22 6.0000000000000027 4.9999999999999991 5.0000000000000027 6.9999999999999991 22 15.999999999999998 38 122
leaf_count=236 7 22 6 5 5 7 22 16 38 122
internal_value=0 -7.45376e-05 4.7433e-05 1.54901e-07 -2.05245e-05 3.21774e-05 -0.000494842 0.00063841 -3.34262e-05 -9.01916e-05
internal_weight=0 189 297 275 270 243 27 22 182 160
internal_count=486 189 297 275 270 243 27 22 182 160
is_linear=0
shrinkage=0.1


Tree=330
num_leaves=11
num_cat=0
split_feature=1 2 87 1 24 16 0 15 27 37
split_gain=0.000162149 0.000967367 0.000968564 0.000815676 0.00131872 0.00104599 0.000869257 0.000672007 0.00061403 0.0010059
threshold=4.8713658868283671 4.7957563937576522 4.6346818562128229 5.0688844241303981 4.5538214868689204 3.8064155152036787 5.1119152036137292 5.5872416446462791 4.6346818562128229 4.6539149966267201
decision_type=2 2 2 2 2 2 2 2 2 2
left_child=1 -1 -3 4 5 -2 7 -5 -8 -10
right_child=3 2 -4 6 -6 -7 8 -9 9 -11
leaf_value=-6.717094979880346e-06 0.00062275943395434259 0.0011869271036370522 -0.00014273981796577572 0.0010933754989916145 -0.0014258725150615315 -0.0010473617163370365 -0.00043702907556400852 -0.00028648659354075791 0.00095771919004619124 -6.2956966562351341e-05
leaf_weight=295 10.000000000000005 14.000000000000002 8.9999999999999982 12.000000000000002 10.999999999999998 5.9999999999999991 34 4.9999999999999991 10.999999999999998 79
leaf_count=295 10 14 9 12 11 6 34 5 11 79
internal_value=0 4.19836e-05 0.000666623 -7.94689e-05 -0.000583006 -3.536e-06 1.69532e-05 0.000687534 -7.49813e-05 6.17923e-05
internal_weight=0 318 23 168 27 16 141 17 124 90
internal_count=486 318 23 168 27 16 141 17 124 90
is_linear=0
shrinkage=0.1


Tree=331
num_leaves=7
num_cat=0
split_feature=94 38 45 46 85 42
split_gain=0.00016059 0.000243156 0.000328407 0.000296929 0.000692568 0.000318998
threshold=6.5309243747691701 6.1862001562848912 7.4802334233887304 4.8282817362782584 6.3818145858918855 7.3770474648161253
decision_type=2 2 2 2 2 2
left_child=1 2 3 5 -5 -1
right_child=-2 -3 -4 4 -6 -7
leaf_value=1.0720826509281853e-05 -0.00051414487679721785 0.00055312481999862943 -0.00068268862253587168 0.0012828432916042699 1.1626471144457659e-05 -0.00035699168522842231
leaf_weight=419 5.9999999999999991 7.9999999999999991 6.9999999999999991 6.0000000000000027 14.999999999999998 25
leaf_count=419 6 8 7 6 15 25
internal_value=0 6.42681e-06 -2.83926e-06 7.39503e-06 0.000374831 -9.98371e-06
internal_weight=0 480 472 465 21 444
internal_count=486 480 472 465 21 444
is_linear=0
shrinkage=0.1


Tree=332
num_leaves=8
num_cat=0
split_feature=58 58 33 53 37 36 68
split_gain=0.000162286 0.000321068 0.000585983 0.000378354 0.000319133 0.000536463 0.000111808
threshold=6.1974365842109203 5.8347936374918037 6.2402739452473375 6.2576382274985969 5.525445002686836 4.4187680230537838 6.0049923831196965
decision_type=2 2 2 2 2 2 2
left_child=1 3 6 4 5 -1 -3
right_child=-2 2 -4 -5 -6 -7 -8
leaf_value=-2.6014553121201292e-05 0.000478014481320445 -0.0012593747954815621 0.00026794011521685335 0.00069044682604726406 -0.00062930181557021572 0.00036223234632276358 -0.00059062144719064231
leaf_weight=407 6.9999999999999991 5.0000000000000018 6.9999999999999991 7.9999999999999991 7.9999999999999991 39 5
leaf_count=407 7 5 7 8 8 39 5
internal_value=0 -6.9856e-06 -0.000433788 8.71926e-06 -3.29356e-06 7.93529e-06 -0.000924998
internal_weight=0 479 17 462 454 446 10
internal_count=486 479 17 462 454 446 10
is_linear=0
shrinkage=0.1


Tree=333
num_leaves=11
num_cat=0
split_feature=20 18 60 101 84 62 70 62 20 12
split_gain=0.00016451 0.000738003 0.00046422 0.0004572 0.00120636 0.000517511 0.001236 0.000704082 0.000389757 0.00113152
threshold=3.1984648276080736 2.191013317336941 4.135134555718313 3.8606743063089755 1.2424533248940004 4.1430087342023825 2.524928003624769 4.007167868649713 3.6505739029280164 5.3844529770182641
decision_type=2 2 2 2 2 2 2 2 2 2
left_child=2 -2 3 5 -5 7 -7 -1 9 -3
right_child=1 8 -4 4 -6 6 -8 -9 -10 -11
leaf_value=9.7167249084252817e-05 -0.001147853140719235 0.00034908315331752727 0.00093342604329033443 -0.00021125356433913118 0.0016645235319932301 -0.00074112676856412482 4.4654679426792262e-05 0.0010874629428144545 3.0311018083673182e-05 -0.00064772718432058978
leaf_weight=70 5.9999999999999991 18 5.9999999999999991 7.9999999999999982 6 26 87 7.9999999999999991 220 31
leaf_count=70 6 18 6 8 6 26 87 8 220 31
internal_value=0 -5.09627e-05 6.64206e-05 4.10448e-05 0.000592651 6.12943e-07 -0.000136145 0.000198736 -2.64967e-05 -0.000281552
internal_weight=0 275 211 205 14 191 113 78 269 49
internal_count=486 275 211 205 14 191 113 78 269 49
is_linear=0
shrinkage=0.1


Tree=334
num_leaves=11
num_cat=0
split_feature=46 96 12 76 37 31 76 62 56 50
split_gain=0.0001618 0.000659634 0.000947905 0.000666075 0.000704598 0.00115892 0.000642618 0.00053345 0.000513058 0.00131061
threshold=0.8958797346140277 3.2951505240983434 4.1891953942678901 2.1383330595080281 1.4978661367769956 2.1383330595080277 2.5619819897016298 4.4066448812345191 1.4978661367769956 2.740319461670996
decision_type=2 2 2 2 2 2 2 2 2 2
left_child=1 3 -3 4 5 -1 -5 -6 9 -2
right_child=8 2 -4 6 7 -7 -8 -9 -10 -11
leaf_value=-0.00026205646901785042 0.00033627309247477621 0.0016793385613709678 0.00015979955384794338 0.0012877583237630975 -0.0014925290457904329 0.0006090437828485544 0.00012739770274492913 -0.00033770237903809177 1.4721541083116677e-05 -0.00070629638406292852
leaf_weight=42 19 6.0000000000000027 12.999999999999998 7.0000000000000027 5.0000000000000027 24 14.999999999999998 20 302 33
leaf_count=42 19 6 13 7 5 24 15 20 302 33
internal_value=0 9.449e-05 0.000639654 2.82531e-06 -0.00011655 5.47073e-05 0.000496603 -0.000568668 -3.52336e-05 -0.000325358
internal_weight=0 132 19 113 91 66 22 25 354 52
internal_count=486 132 19 113 91 66 22 25 354 52
is_linear=0
shrinkage=0.1


Tree=335
num_leaves=11
num_cat=0
split_feature=51 41 11 85 64 72 64 38 11 11
split_gain=0.000150654 0.000863214 0.00101489 0.000533131 0.000662094 0.00133596 0.000793467 0.00052647 0.000438216 0.000749181
threshold=2.1383330595080277 2.3502401828962087 1.8688348091416842 5.0434043048315838 3.2180751841847144 1.0397207708399181 3.6505739029280164 1.0397207708399181 2.9174053685313028 3.1132683346437333
decision_type=2 2 2 2 2 2 2 2 2 2
left_child=1 3 -3 4 5 -1 -6 -2 -9 -10
right_child=7 2 -4 -5 6 -7 -8 8 9 -11
leaf_value=-0.0014376096918972004 -0.00078497243424256648 0.0014684962131771796 0.00014110428746789695 0.00077942428345392865 0.0014317384804598977 -9.5040980427473268e-05 -1.3281332298099776e-06 -0.00025131488352873557 0.00099317084823269397 1.2678448523505862e-05
leaf_weight=8.9999999999999982 8.9999999999999982 9.0000000000000018 15.999999999999998 6.9999999999999991 5.0000000000000027 42 17 63 7.9999999999999991 301
leaf_count=9 9 9 16 7 5 42 17 63 8 301
internal_value=0 0.000106057 0.000618965 -5.42266e-05 -0.000134166 -0.000331965 0.000324369 -2.92284e-05 -1.09442e-05 3.80634e-05
internal_weight=0 105 25 80 73 51 22 381 372 309
internal_count=486 105 25 80 73 51 22 381 372 309
is_linear=0
shrinkage=0.1


Tree=336
num_leaves=11
num_cat=0
split_feature=93 93 15 93 91 4 37 41 41 14
split_gain=0.000146582 0.000427442 0.000601336 0.00060032 0.000355265 0.000331207 0.000253074 0.000644592 0.000560533 0.000443202
threshold=5.8998635749973518 5.3518469026947413 6.3296811862268836 5.4508081513129589 5.6903366269220443 5.9401574021130825 5.4026367991037016 6.5102184792403932 6.270943761640619 5.424940314113365
decision_type=2 2 2 2 2 2 2 2 2 2
left_child=1 6 3 -3 -2 -5 8 -8 9 -1
right_child=4 2 -4 5 -6 -7 7 -9 -10 -11
leaf_value=4.0253561022264685e-05 0.00078005539544392379 -0.0010183787594238911 -0.001185278088918754 0.00038850803892793393 3.2604083366271468e-05 -0.00049951715045608584 0.00099196912487968763 -0.00010896377229633242 -0.00083560861239675435 -0.00037294828376518909
leaf_weight=356 7.9999999999999991 6.0000000000000027 6.9999999999999991 14.000000000000002 31 5.9999999999999991 9.0000000000000018 12.999999999999998 7.9999999999999991 28
leaf_count=356 8 6 7 14 31 6 9 13 8 28
internal_value=0 -1.62219e-05 -0.000362582 -0.000141087 0.000185927 0.0001221 1.13866e-05 0.000341418 -7.13559e-06 1.01243e-05
internal_weight=0 447 33 26 39 20 414 22 392 384
internal_count=486 447 33 26 39 20 414 22 392 384
is_linear=0
shrinkage=0.1


Tree=337
num_leaves=11
num_cat=0
split_feature=4 39 72 32 36 34 11 11 81 95
split_gain=0.000133068 0.000869364 0.000815257 0.000698658 0.000747185 0.00061477 0.000932416 0.000821722 0.000442457 0.000647897
threshold=2.7058230259275202 8.2385367904938374 4.007167868649713 4.9521436163533474 1.2424533248940004 2.0126758453675753 1.0397207708399181 3.3497501700808394 1.8688348091416842 5.1532748880139918
decision_type=2 2 2 2 2 2 2 2 2 2
left_child=1 3 -2 5 -5 6 -1 -7 9 -4
right_child=2 -3 8 4 -6 7 -8 -9 -10 -11
leaf_value=-0.0012709659627742238 0.0006705420405380305 -0.0010937205050140619 0.00033583867480047025 0.0014407379860737507 0.00014272858662640349 0.00041526707427157607 -0.00017299155216361133 -0.00047326945932582023 2.4093839486524862e-05 -0.00095599139828912239
leaf_weight=8.9999999999999982 19 7.9999999999999991 6.0000000000000027 6.0000000000000027 17 34 55 14.999999999999998 306 10.999999999999998
leaf_count=9 19 8 6 6 17 34 55 15 306 11
internal_value=0 -8.06399e-05 3.39536e-05 -2.10469e-05 0.00048134 -0.000123303 -0.000327394 0.000143266 -3.49275e-06 -0.000500051
internal_weight=0 144 342 136 23 113 64 49 323 17
internal_count=486 144 342 136 23 113 64 49 323 17
is_linear=0
shrinkage=0.1


Tree=338
num_leaves=11
num_cat=0
split_feature=93 99 92 98 21 76 89 89 95 92
split_gain=0.000143715 0.000332259 0.000233359 0.000544144 0.000338773 0.00041842 0.000274632 0.000847776 0.000628521 0.000271838
threshold=6.2971076241477952 3.8815106545092593 7.0166060642627874 4.6150714996361826 4.317399216745252 3.0433873634561537 9.0821589971566841 9.1870712212180035 5.081385075233106 6.6346255874044475
decision_type=2 2 2 2 2 2 2 2 2 2
left_child=2 -2 6 -4 -5 -6 9 -8 -9 -1
right_child=1 -3 3 4 5 -7 7 8 -10 -11
leaf_value=1.530559337772661e-05 0.00085905037897949425 -0.00024470853619277475 -0.0010096662345209294 0.00037537916617181444 -0.00045340189575779675 9.9059226676427697e-05 0.0010664788819849493 0.001066086390055716 -0.00014213148143983658 -0.0003402263976370349
leaf_weight=331 5.9999999999999982 5 6.9999999999999991 12.999999999999998 29 26 9.9999999999999982 4.9999999999999991 31 23
leaf_count=331 6 5 7 13 29 26 10 5 31 23
internal_value=0 0.000357342 -8.27529e-06 -0.000170145 -8.37233e-05 -0.000192238 2.20752e-05 0.000251938 2.56766e-05 -7.79394e-06
internal_weight=0 11 475 75 68 55 400 46 36 354
internal_count=486 11 475 75 68 55 400 46 36 354
is_linear=0
shrinkage=0.1


Tree=339
num_leaves=7
num_cat=0
split_feature=58 45 58 46 16 88
split_gain=0.000132002 0.000261436 0.000222556 0.000318295 0.000298331 0.000256754
threshold=6.1974365842109203 7.29940641775526 5.97498337825657 4.6959141240107813 4.5746578350692051 5.8636150338086175
decision_type=2 2 2 2 2 2
left_child=1 2 3 5 -5 -1
right_child=-2 -3 -4 4 -6 -7
leaf_value=-3.9493632315518868e-07 0.00043111327603193267 -0.00057316576421726493 -0.00060181727555270006 5.2024113080863428e-05 0.00074794348461595798 -0.00072109620668925345
leaf_weight=435 6.9999999999999991 7.9999999999999991 5.9999999999999991 14.000000000000002 10.999999999999998 4.9999999999999991
leaf_count=435 7 8 6 14 11 5
internal_value=0 -6.30019e-06 3.3281e-06 1.11364e-05 0.000358229 -8.58472e-06
internal_weight=0 479 471 465 25 440
internal_count=486 479 471 465 25 440
is_linear=0
shrinkage=0.1


Tree=340
num_leaves=11
num_cat=0
split_feature=8 10 41 20 14 41 35 23 37 41
split_gain=0.000128731 0.000468022 0.000549724 0.000883508 0.00105023 0.000722857 0.000929781 0.000505165 0.000409408 0.000391179
threshold=2.9430520157250784 4.1107394736335969 3.2769667020129059 2.8029010331479989 1.7917594692280554 3.9607678160667752 3.7609296261008152 2.0126758453675748 2.0126758453675748 1.0397207708399181
decision_type=2 2 2 2 2 2 2 2 2 2
left_child=1 2 3 7 -5 6 -4 -1 -7 -2
right_child=9 -3 5 4 -6 8 -8 -9 -10 -11
leaf_value=-0.00019626376075999966 0.00043315961096516769 -0.00094090055208653214 0.0018720905948430286 -0.00026681307416375984 -0.0017669767756680296 0.00040498521255878065 0.00028347771315436279 0.0004129316577363122 -0.00025350517936548666 5.5851081800203421e-06
leaf_weight=48 23 5.9999999999999991 5.0000000000000027 14.000000000000002 6.9999999999999991 13.999999999999998 13.999999999999998 19 29 307
leaf_count=48 23 6 5 14 7 14 14 19 29 307
internal_value=0 -7.48545e-05 -4.02126e-05 -0.0002009 -0.000766868 0.000187859 0.000701534 -2.35069e-05 -3.9113e-05 3.53858e-05
internal_weight=0 156 150 88 21 62 19 67 43 330
internal_count=486 156 150 88 21 62 19 67 43 330
is_linear=0
shrinkage=0.1


Tree=341
num_leaves=11
num_cat=0
split_feature=1 1 17 66 77 66 3 38 30 58
split_gain=0.000137217 0.00100056 0.000811206 0.000688424 0.000774863 0.000701757 0.000597083 0.000666859 0.000643276 0.000570929
threshold=3.0433873634561537 3.2951505240983434 3.4175922930736511 2.9430520157250784 3.0201273556387074 2.3502401828962087 2.3937458713910238 1.9356005054539456 2.8617925509761908 2.9430520157250784
decision_type=2 2 2 2 2 2 2 2 2 2
left_child=2 -2 3 4 5 -1 8 -8 -3 -5
right_child=1 6 -4 9 -6 -7 7 -9 -10 -11
leaf_value=-0.00013001161021507731 0.00072238672919411329 0.001413926823685567 -0.0011287442707855787 -0.0015342086972668766 0.00065641666523232653 0.00067683480197047177 -0.001077984729393696 -1.288980111267251e-05 -0.00012187193147838113 -0.00024545613771558488
leaf_weight=106 20 5.9999999999999982 6.9999999999999991 4.9999999999999991 18 11.999999999999998 5.9999999999999991 290 5 10.999999999999998
leaf_count=106 20 6 7 5 18 12 6 290 5 11
internal_value=0 3.70519e-05 -7.62012e-05 -2.77288e-05 4.52668e-05 -4.79594e-05 -7.59527e-06 -3.44796e-05 0.000715836 -0.000648191
internal_weight=0 327 159 152 136 118 307 296 11 16
internal_count=486 327 159 152 136 118 307 296 11 16
is_linear=0
shrinkage=0.1


Tree=342
num_leaves=11
num_cat=0
split_feature=75 75 75 92 75 85 94 81 0 42
split_gain=0.000137942 0.000548953 0.000372775 0.000983825 0.000990818 0.000625111 0.000703031 0.000478578 0.000616298 0.000451921
threshold=4.7273486598447958 4.8597823571876004 2.649158683274019 4.1107394736335969 4.007167868649713 3.8499212036984933 3.3667009459186801 4.2045812236012674 1.5890269151739729 4.234001473612734
decision_type=2 2 2 2 2 2 2 2 2 2
left_child=2 -2 5 4 -4 7 -7 8 -1 -5
right_child=1 -3 3 9 -6 6 -8 -9 -10 -11
leaf_value=-0.00019229455861290371 0.00059553066487698001 9.6592787721655675e-06 0.0001346047385595738 0.00027056164539384622 -0.0014629272236065432 0.0016518310431274587 4.6283712921043235e-05 -0.00038642032013740395 0.00039747740461402954 -0.00024279145582113416
leaf_weight=34 17 270 6.0000000000000027 27 10.999999999999998 4.9999999999999982 6 26 37 47
leaf_count=34 17 270 6 27 11 5 6 26 37 47
internal_value=0 4.43625e-05 -6.398e-05 -0.000213084 -0.000899092 6.16535e-05 0.000776078 -1.93637e-05 0.000115051 -5.54869e-05
internal_weight=0 287 199 91 17 108 11 97 71 74
internal_count=486 287 199 91 17 108 11 97 71 74
is_linear=0
shrinkage=0.1


Tree=343
num_leaves=11
num_cat=0
split_feature=93 93 84 11 12 91 94 46 57 59
split_gain=0.000128148 0.000326039 0.000487484 0.00036219 0.00040741 0.00026332 0.000245179 0.000353143 0.000244331 0.00112369
threshold=5.8998635749973518 5.3518469026947413 5.4116061905722832 5.2522597220941352 7.6128232189448175 5.6903366269220443 6.0111590312221681 2.8029010331479989 4.2413008733233104 9.1635499979093087
decision_type=2 2 2 2 2 2 2 2 2 2
left_child=1 8 3 -3 -5 -2 7 -7 -1 -10
right_child=5 2 -4 4 -6 6 -8 -9 9 -11
leaf_value=-3.2405603643011911e-05 0.00068534390884451575 -0.00013071391096507957 0.00030996845388371087 -0.0015150437597185376 -0.00039208687708846158 0.00040375545892553977 0.00035174390484046727 -0.00054997986828146336 0.00097738510612543905 5.3404362754722405e-06
leaf_weight=321 7.9999999999999991 11.000000000000002 8.9999999999999982 5.9999999999999982 7 6.0000000000000062 13.999999999999998 10.999999999999998 13.999999999999998 79
leaf_count=321 8 11 9 6 7 6 14 11 14 79
internal_value=0 -1.51676e-05 -0.000317667 -0.00055303 -0.000910375 0.000173844 4.18442e-05 -0.000213367 8.94466e-06 0.00015167
internal_weight=0 447 33 24 13 39 31 17 414 93
internal_count=486 447 33 24 13 39 31 17 414 93
is_linear=0
shrinkage=0.1


Tree=344
num_leaves=11
num_cat=0
split_feature=81 71 71 71 86 26 76 64 23 3
split_gain=0.000115735 0.000575687 0.000433062 0.00039622 0.000443736 0.000751894 0.000654129 0.000437631 0.000320193 0.000648735
threshold=5.9776119115618718 5.9454069026540806 5.4595764601916565 5.2831908449625269 3.8064155152036787 2.6735537653587347 3.4334666422309414 5.0688844241303981 4.3437210834879627 6.3044471313464614
decision_type=2 2 2 2 2 2 2 2 2 2
left_child=2 -2 3 4 6 -6 -1 -5 -4 -10
right_child=1 -3 8 7 5 -7 -8 -9 9 -11
leaf_value=1.1891322335863252e-05 -0.0009192944751703181 -1.0329158761090151e-05 -7.1318532566995912e-05 -0.0012845410872250797 0.0012111752876080568 5.5493147565836184e-05 -0.00056391688329832893 -0.00011769919494529153 0.00096404797145320693 -0.00010987302909294765
leaf_weight=326 7.9999999999999991 54 11.999999999999998 4.9999999999999991 8.0000000000000018 19 21 8.9999999999999982 15.000000000000002 8.9999999999999982
leaf_count=326 8 54 12 5 8 19 21 9 15 9
internal_value=0 -0.000127615 1.86607e-05 -1.21235e-05 7.42804e-06 0.000397917 -2.29559e-05 -0.000534428 0.000350446 0.000561328
internal_weight=0 62 424 388 374 27 347 14 36 24
internal_count=486 62 424 388 374 27 347 14 36 24
is_linear=0
shrinkage=0.1


Tree=345
num_leaves=11
num_cat=0
split_feature=70 53 24 21 44 32 84 85 60 82
split_gain=0.000115548 0.000521553 0.000861668 0.000643447 0.00100415 0.000814818 0.000734955 0.000517303 0.000373368 0.000333908
threshold=2.3502401828962087 1.4978661367769959 4.0773937863842606 1.0397207708399181 1.2424533248940004 4.6913057964583187 4.3943729409690677 3.7609296261008152 2.191013317336941 4.1891953942678901
decision_type=2 2 2 2 2 2 2 2 2 2
left_child=1 3 9 7 5 -5 -6 -1 -2 -3
right_child=8 2 -4 4 6 -7 -8 -9 -10 -11
leaf_value=0.00021894665244164772 0.00051445916605492436 0.00033742247698163316 -0.0016845270060002805 -0.0010281266425462329 0.0003622913509682422 0.00025379788546290785 -0.00094422788184601826 0.0013687278516590596 5.4547702023275434e-06 -0.00058345719363488667
leaf_weight=18.000000000000004 14.999999999999998 7.0000000000000062 4.9999999999999991 17.000000000000004 31 6.9999999999999991 4.9999999999999991 4.9999999999999991 367 8.9999999999999982
leaf_count=18 15 7 5 17 31 7 5 5 367 9
internal_value=0 -9.34499e-05 -0.000538657 1.91928e-05 -0.000153195 -0.000654232 0.00018083 0.000468899 2.54419e-05 -0.000180572
internal_weight=0 104 21 83 60 24 36 23 382 16
internal_count=486 104 21 83 60 24 36 23 382 16
is_linear=0
shrinkage=0.1


Tree=346
num_leaves=11
num_cat=0
split_feature=38 71 14 64 9 49 11 46 46 16
split_gain=0.000118494 0.00078247 0.000985303 0.000644208 0.000637859 0.000560392 0.000398201 0.000303449 0.000580571 0.000890754
threshold=1.9356005054539456 3.2180751841847144 3.9701138825728512 1.2424533248940004 2.4563274428680266 6.2633529090608215 1.0397207708399181 0.8958797346140277 1.8688348091416842 0.8958797346140277
decision_type=2 2 2 2 2 2 2 2 2 2
left_child=1 2 4 -3 5 -1 -6 -2 9 -9
right_child=7 3 -4 -5 6 -7 -8 8 -10 -11
leaf_value=0.0016319107264280324 0.00018647089661478046 -0.00019532381168877087 -0.0011644733574939891 -0.0017322346731089054 -0.0004869857608961563 0.00024578476108477585 0.00024166684641386386 -0.00092718751762089699 2.9940360520789723e-05 -3.145664613839472e-05
leaf_weight=4.9999999999999982 86 5.9999999999999982 5.9999999999999991 5 11.999999999999998 7 20 17 290 32
leaf_count=5 86 6 6 5 12 7 20 17 290 32
internal_value=0 -0.000130334 3.76543e-05 -0.00089392 0.000201581 0.000823337 -3.15779e-05 1.87068e-05 -2.38528e-05 -0.00034222
internal_weight=0 61 50 11 44 12 32 425 339 49
internal_count=486 61 50 11 44 12 32 425 339 49
is_linear=0
shrinkage=0.1


Tree=347
num_leaves=11
num_cat=0
split_feature=1 1 1 94 95 45 0 37 36 58
split_gain=0.000112524 0.000511223 0.000496257 0.000702513 0.000720363 0.000698394 0.000591434 0.000521887 0.000450352 0.000804547
threshold=4.7957563937576522 4.744894319750431 5.0688844241303981 4.5950688323293329 5.1984817689835037 5.379886735236628 5.1119152036137292 4.1430087342023825 4.3943729409690677 4.9344480538832558
decision_type=2 2 2 2 2 2 2 2 2 2
left_child=1 -1 3 4 -2 -5 7 -4 -8 -10
right_child=2 -3 6 5 -6 -7 8 -9 9 -11
leaf_value=1.8214907628900716e-05 -0.00043546208845717573 0.00095033856341615326 -0.00028542571642901731 -0.00039713256376083279 0.0011361029371619224 -0.0016520471777766944 -0.00025606252903205551 0.00093058387938071974 0.0013442699890583755 2.3972582299999584e-05
leaf_weight=304 6.9999999999999982 5.9999999999999991 5.0000000000000027 17.000000000000004 5 5.9999999999999991 59 11.999999999999998 4.9999999999999991 60
leaf_count=304 7 6 5 17 5 6 59 12 5 60
internal_value=0 3.6256e-05 -6.386e-05 -0.000400893 0.000219357 -0.000724502 1.98007e-05 0.000572934 -5.60321e-05 0.000125534
internal_weight=0 310 176 35 12 23 141 17 124 65
internal_count=486 310 176 35 12 23 141 17 124 65
is_linear=0
shrinkage=0.1


Tree=348
num_leaves=11
num_cat=0
split_feature=29 68 9 34 69 11 39 51 79 54
split_gain=0.000109012 0.000654053 0.000586441 0.000827938 0.000582388 0.000518929 0.000428058 0.00029537 0.000494428 0.000578126
threshold=6.311733162251806 2.3937458713910238 6.6694175608141011 3.8064155152036787 6.8051648535121192 1.0397207708399181 6.311733162251806 1.8688348091416842 7.3287612361611201 3.9701138825728512
decision_type=2 2 2 2 2 2 2 2 2 2
left_child=1 2 3 5 -3 -1 -2 8 -8 -10
right_child=6 4 -4 -5 -6 -7 7 -9 9 -11
leaf_value=-0.00045919924700033986 0.00063436529017053551 -0.0012086977095653614 -0.00073491861694492406 0.0012871720750505726 6.3208242257436126e-05 0.00031299566920927691 -0.00025833544839935551 -2.29577313728035e-05 0.0011788719695889284 0.00013624367157507762
leaf_weight=13.999999999999998 10.999999999999998 8.9999999999999982 7.9999999999999991 5.9999999999999991 5.9999999999999991 23 10.999999999999998 376 9.0000000000000018 12.999999999999998
leaf_count=14 11 9 8 6 6 23 11 376 9 13
internal_value=0 -0.000119473 5.12509e-05 0.000197515 -0.000699935 2.08138e-05 1.87744e-05 2.21814e-06 0.00028907 0.000562773
internal_weight=0 66 51 43 15 37 420 409 33 22
internal_count=486 66 51 43 15 37 420 409 33 22
is_linear=0
shrinkage=0.1


Tree=349
num_leaves=11
num_cat=0
split_feature=75 75 15 23 20 38 7 51 21 26
split_gain=0.00011435 0.000399933 0.00035065 0.000478879 0.000765136 0.000482955 0.000284086 0.000295815 0.000693358 0.000815305
threshold=4.7273486598447958 4.8597823571876004 3.3218948665738366 2.1383330595080281 2.8617925509761908 4.5950688323293329 5.0237939482549434 4.3437210834879627 4.1742689126930488 2.3502401828962087
decision_type=2 2 2 2 2 2 2 2 2 2
left_child=6 -2 -3 5 -5 -4 7 8 -1 -10
right_child=1 2 3 4 -6 -7 -8 -9 9 -11
leaf_value=2.2287905606693434e-05 0.00051083757322939005 0.00042497533018161595 -0.00021104041633436519 0.00064183761967701448 -2.2798325074532211e-05 -0.0012701451033353805 -0.00055220026194795289 0.00023291514895390719 -0.00094903683017643443 4.9203520078056802e-05
leaf_weight=120 17 19 31 19 196 4.9999999999999991 10.999999999999998 35 18 14.999999999999998
leaf_count=120 17 19 31 19 196 5 11 35 18 15
internal_value=0 4.03911e-05 1.07704e-05 -2.05838e-05 3.59369e-05 -0.000358138 -5.82524e-05 -2.93512e-05 -8.93468e-05 -0.000495291
internal_weight=0 287 270 251 215 36 199 188 153 33
internal_count=486 287 270 251 215 36 199 188 153 33
is_linear=0
shrinkage=0.1


Tree=350
num_leaves=11
num_cat=0
split_feature=50 69 42 44 90 32 52 12 33 1
split_gain=0.000107465 0.000357062 0.000341213 0.000377188 0.000376542 0.000272606 0.000803817 0.000485787 0.000260987 0.000323249
threshold=5.6452907969132928 9.9239431558065014 7.3770474648161253 5.609465086342035 4.0773937863842606 6.9546224757073114 7.1670271600621165 6.8346293004651866 6.2709723510396786 6.5496251583324243
decision_type=2 2 2 2 2 2 2 2 2 2
left_child=2 -2 3 5 -5 6 -1 -7 9 -4
right_child=1 -3 8 4 -6 7 -8 -9 -10 -11
leaf_value=-1.1791035424022058e-05 -0.00010219598726297797 0.00074691613917821087 -0.00026462386304046951 0.0012141746003180743 0.0001513355877250433 0.0010850300236294667 -0.0012880085408687593 9.0260502609588138e-05 0.00033114354475401343 -0.0011015061289072036
leaf_weight=381 13.000000000000002 7.9999999999999991 20.000000000000007 4.9999999999999991 9.9999999999999982 5.9999999999999991 4.9999999999999991 27 4.9999999999999991 5.9999999999999991
leaf_count=381 13 8 20 5 10 6 5 27 5 6
internal_value=0 0.000221275 -9.99308e-06 1.2901e-05 0.000505615 -4.73798e-06 -2.83224e-05 0.000271128 -0.00033051 -0.000457751
internal_weight=0 21 465 434 15 419 386 33 31 26
internal_count=486 21 465 434 15 419 386 33 31 26
is_linear=0
shrinkage=0.1


Tree=351
num_leaves=11
num_cat=0
split_feature=81 74 47 51 57 12 82 67 75 82
split_gain=0.000104513 0.000434219 0.000472323 0.000491936 0.000438423 0.000413826 0.000394555 0.000620698 0.000296986 0.000279156
threshold=5.9776119115618718 5.9571243369555296 4.9487347401052828 6.270943761640619 4.6346818562128229 6.9546224757073114 7.1670271600621165 5.1298812082267613 6.9459764730523359 7.1049533148507669
decision_type=2 2 2 2 2 2 2 2 2 2
left_child=6 2 4 5 -2 -4 9 -8 -3 -1
right_child=1 8 3 -5 -6 -7 7 -9 -10 -11
leaf_value=9.9631742213574345e-06 -0.00050760591839207317 0.00067151337603314027 -0.0018137527815997589 -7.743584823661618e-05 0.00038892944236674034 -0.00052716628066264094 0.0014330975245684385 4.3471558536920285e-05 -6.4773083847415229e-05 -0.00067718319284419226
leaf_weight=404 10.000000000000002 9.0000000000000018 5.0000000000000018 6.9999999999999991 11.999999999999998 5 4.9999999999999991 8.9999999999999982 13.999999999999998 5.9999999999999991
leaf_count=404 10 9 5 7 12 5 5 9 14 6
internal_value=0 -0.00012127 -0.000324501 -0.000720391 -1.85866e-05 -0.00117046 1.77329e-05 0.000539767 0.000223339 -9.26263e-08
internal_weight=0 62 39 17 22 10 424 14 23 410
internal_count=486 62 39 17 22 10 424 14 23 410
is_linear=0
shrinkage=0.1


Tree=352
num_leaves=11
num_cat=0
split_feature=0 42 49 62 75 49 11 34 81 84
split_gain=0.000104542 0.000624484 0.000538357 0.000420172 0.000381895 0.000493249 0.000423926 0.000516693 0.000376491 0.000372635
threshold=1.5890269151739729 1.5890269151739729 6.8946079313622795 5.9964025824430864 3.5246274206279185 6.3664173042972605 3.3497501700808394 3.9316333620047872 1.0397207708399181 5.173316863805991
decision_type=2 2 2 2 2 2 2 2 2 2
left_child=3 2 -2 4 6 -6 7 -1 -8 -5
right_child=1 -3 -4 9 5 -7 8 -9 -10 -11
leaf_value=-5.2258327272475545e-05 0.001029465375044806 -5.3389195593067684e-06 -0.0001481068931752816 0.0010852843412430958 -0.0014233127562329163 -0.00029342590680565031 -0.00098630178919328058 0.00095276745435382646 -4.8160171982916921e-05 8.5728902680178482e-06
leaf_weight=19.000000000000004 11.000000000000002 389 5.9999999999999991 4.9999999999999991 5.0000000000000027 17 7.0000000000000027 6.9999999999999991 10.999999999999998 8.9999999999999982
leaf_count=19 11 389 6 5 5 17 7 7 11 9
internal_value=0 2.05878e-05 0.000613852 -0.000104483 -0.000210034 -0.000550218 -3.99411e-05 0.000218326 -0.000412993 0.000393113
internal_weight=0 406 17 80 66 22 44 26 18 14
internal_count=486 406 17 80 66 22 44 26 18 14
is_linear=0
shrinkage=0.1


Tree=353
num_leaves=11
num_cat=0
split_feature=85 85 4 97 20 49 85 17 14 74
split_gain=0.000103454 0.000660618 0.000784578 0.000656978 0.00069317 0.000561702 0.000426501 0.00045157 0.000466585 0.000555338
threshold=4.912546742554059 5.1445790166580574 2.524928003624769 1.0397207708399181 2.9174053685313028 7.0518552481501855 4.7273486598447958 4.4187680230537838 3.7012257604091228 3.2180751841847144
decision_type=2 2 2 2 2 2 2 2 2 2
left_child=6 -2 -3 4 -4 -5 7 8 -1 -10
right_child=1 2 3 5 -6 -7 -8 -9 9 -11
leaf_value=8.9361087386216116e-05 0.0003915081834808613 -0.0011574732644173006 0.0015541284380014976 -0.00075195686526554218 0.00021469299476045895 -1.512574323489138e-05 -0.00041461397169249338 0.00049509761978269501 0.0001495112623088062 -0.00042772589293599598
leaf_weight=108 45 5.9999999999999991 5.0000000000000027 10.999999999999998 17 174 28 17 25 50
leaf_count=108 45 6 5 11 17 174 28 17 25 50
internal_value=0 4.33723e-05 -3.01776e-05 2.49767e-06 0.00051911 -5.89373e-05 -4.90792e-05 2.09572e-06 -4.37023e-05 -0.000235314
internal_weight=0 258 213 207 22 185 228 200 183 75
internal_count=486 258 213 207 22 185 228 200 183 75
is_linear=0
shrinkage=0.1


Tree=354
num_leaves=11
num_cat=0
split_feature=38 71 14 18 49 64 31 46 38 70
split_gain=0.00010163 0.00059775 0.000718525 0.000460953 0.000820737 0.000417017 0.000338838 0.000247332 0.00041915 0.000414567
threshold=1.9356005054539456 3.2180751841847144 3.9701138825728512 1.0397207708399181 6.7331722472720719 1.2424533248940004 1.8688348091416842 0.8958797346140277 2.191013317336941 2.602003343538398
decision_type=2 2 2 2 2 2 2 2 2 2
left_child=1 2 3 4 -1 -3 -5 8 -2 -9
right_child=7 5 -4 6 -6 -7 -8 9 -10 -11
leaf_value=0.0016671583428978919 0.00097491405128190918 -0.00022603053560790918 -0.0010004425625083969 -0.00034888778155779134 6.9221159598479662e-05 -0.0014625838072970508 0.00032931685519333072 -0.00036362320624903081 0.00010832434280018788 1.460410013596955e-05
leaf_weight=4.9999999999999991 5.9999999999999991 5.9999999999999982 5.9999999999999991 17.000000000000004 8.9999999999999982 5 12.999999999999998 32 80 307
leaf_count=5 6 6 6 17 9 5 13 32 80 307
internal_value=0 -0.000120704 2.61231e-05 0.000166109 0.000639913 -0.0007881 -5.49991e-05 1.73246e-05 0.000168784 -2.10988e-05
internal_weight=0 61 50 44 14 11 30 425 86 339
internal_count=486 61 50 44 14 11 30 425 86 339
is_linear=0
shrinkage=0.1


Tree=355
num_leaves=11
num_cat=0
split_feature=53 63 27 26 16 53 80 86 4 53
split_gain=0.000100099 0.00068063 0.00064411 0.000617588 0.000582734 0.000543861 0.000510151 0.000558515 0.000633976 0.00044674
threshold=4.007167868649713 2.9430520157250784 1.8688348091416842 2.6735537653587347 2.3502401828962087 4.1742689126930488 3.7132745361986528 3.2951505240983434 3.8499212036984933 3.2769667020129059
decision_type=2 2 2 2 2 2 2 2 2 2
left_child=6 -2 -3 4 -4 -5 7 -1 -9 -8
right_child=1 2 3 5 -6 -7 9 8 -10 -11
leaf_value=3.8569883715836449e-07 -0.0010279040750382203 -0.00084233745259957183 0.00020905481863089587 -0.0010645795799791812 0.0015110634779557587 -1.7735569137864963e-06 3.8669240717409241e-05 3.4295150544494395e-05 -0.0015581575036048888 0.00057665049540007432
leaf_weight=247 6.9999999999999991 8.9999999999999982 10.999999999999998 4.9999999999999991 4.9999999999999991 130 33 4.9999999999999982 5 29
leaf_count=247 7 9 11 5 5 130 33 5 5 29
internal_value=0 -6.2724e-05 -2.04974e-05 2.84865e-05 0.000615933 -4.11367e-05 3.28367e-05 -2.92764e-05 -0.000761931 0.000290306
internal_weight=0 167 160 151 16 135 319 257 10 62
internal_count=486 167 160 151 16 135 319 257 10 62
is_linear=0
shrinkage=0.1


Tree=356
num_leaves=11
num_cat=0
split_feature=26 60 74 14 16 28 10 56 58 76
split_gain=0.00010222 0.00052315 0.000682638 0.000620711 0.000526975 0.000468793 0.000984043 0.000423188 0.000677833 0.000601595
threshold=2.9430520157250784 4.1107394736335969 5.3752355389054705 4.0428973506407848 3.2180751841847144 3.5408542930527882 3.8064155152036787 4.2625806805327082 4.9904094477362264 2.3502401828962087
decision_type=2 2 2 2 2 2 2 2 2 2
left_child=1 4 3 -3 -1 6 -2 9 -9 -7
right_child=5 2 -4 -5 -6 7 -8 8 -10 -11
leaf_value=-2.3056114135863139e-05 -9.7845493915623837e-05 0.00031151325674727565 -0.00024984432772422828 0.0018872178159654138 0.00068336406257003552 0.00019137843491714166 -0.0017321571707725526 0.00070211248223333526 8.6748632971788407e-06 -0.00034019229172069275
leaf_weight=264 14.000000000000002 4.9999999999999982 5.9999999999999991 5 10.999999999999998 33 4.9999999999999991 18 65 60
leaf_count=264 14 5 6 5 11 33 5 18 65 60
internal_value=0 3.75422e-05 0.000593412 0.00109937 5.20069e-06 -5.60245e-05 -0.000527928 -5.08045e-06 0.000159059 -0.00015157
internal_weight=0 291 16 10 275 195 19 176 83 93
internal_count=486 291 16 10 275 195 19 176 83 93
is_linear=0
shrinkage=0.1


Tree=357
num_leaves=11
num_cat=0
split_feature=96 90 52 28 6 96 24 14 10 83
split_gain=9.62131e-05 0.000259361 0.000294111 0.000417145 0.000262159 0.00019854 0.000259612 0.000395472 0.000841736 0.00029059
threshold=4.4885732424042368 4.007167868649713 5.272986409146923 5.1845846780664209 4.0163424379838117 4.3943729409690677 5.7300786997157873 5.6664207015582333 5.1416464569318583 4.6346818562128229
decision_type=2 2 2 2 2 2 2 2 2 2
left_child=5 -2 -3 -4 -5 6 7 -1 -9 -8
right_child=1 2 3 4 -6 -7 9 8 -10 -11
leaf_value=-4.0715520195059673e-06 0.00069216405806530809 -0.00044281534501351417 0.00062891462137206248 0.00034571698168292634 -0.00029955087777446302 -0.00036184713662805739 -0.00021743715963869656 -0.0015585348941385751 0.00027638847241178154 0.00062389960736394508
leaf_weight=384 6.9999999999999991 9.9999999999999982 12.999999999999998 10.000000000000002 17 15.999999999999998 6.0000000000000027 4.9999999999999982 5 12.999999999999998
leaf_count=384 7 10 13 10 17 16 6 5 5 13
internal_value=0 0.000122065 4.22508e-05 0.000163517 -6.05628e-05 -1.62184e-05 -2.82842e-06 -2.02391e-05 -0.000641073 0.000358214
internal_weight=0 57 50 40 27 429 413 394 10 19
internal_count=486 57 50 40 27 429 413 394 10 19
is_linear=0
shrinkage=0.1


Tree=358
num_leaves=11
num_cat=0
split_feature=31 96 72 59 90 96 62 80 70 2
split_gain=9.19086e-05 0.000514334 0.000563304 0.000652044 0.000693264 0.000519206 0.000446553 0.000303876 0.000671534 0.000743026
threshold=2.1383330595080277 3.2180751841847144 1.0397207708399181 6.6694175608141011 3.1345481418531311 4.2045812236012674 1.0397207708399181 3.0433873634561537 3.1984648276080736 2.7058230259275202
decision_type=2 2 2 2 2 2 2 2 2 2
left_child=1 2 3 4 -1 -3 -4 -2 9 -9
right_child=7 5 6 -5 -6 -7 -8 8 -10 -11
leaf_value=-0.001751225313637405 0.000156036191876441 0.00093776787398383024 0.00071757589466869831 5.6673545395824482e-05 -0.00020950335310772057 -0.00026316496854027113 -0.00012571387893241663 0.0001744693182990886 1.6730545724408521e-05 -0.00091185500341987998
leaf_weight=7.0000000000000018 118 8.9999999999999982 6.9999999999999991 7.9999999999999991 5 5.9999999999999991 61 10.000000000000002 238 17
leaf_count=7 118 9 7 8 5 6 61 10 238 17
internal_value=0 -8.38573e-05 -0.000176116 -0.000642635 -0.00110884 0.000457395 -3.89046e-05 2.25517e-05 -3.68867e-05 -0.000509513
internal_weight=0 103 88 20 12 15 68 383 265 27
internal_count=486 103 88 20 12 15 68 383 265 27
is_linear=0
shrinkage=0.1


Tree=359
num_leaves=11
num_cat=0
split_feature=49 49 13 65 49 11 58 74 65 38
split_gain=9.05109e-05 0.000915039 0.00052511 0.000449537 0.000427785 0.000454918 0.000372454 0.000513669 0.000437344 0.000395923
threshold=8.4930825404151395 8.7760052700544779 3.8606743063089755 5.9738063745441989 8.3388985747531006 3.6632328069201612 4.1107394736335969 4.9052473428434826 4.3943729409690677 3.891612008168019
decision_type=2 2 2 2 2 2 2 2 2 2
left_child=4 2 -2 -4 -1 -6 7 -3 -8 -10
right_child=1 6 3 -5 5 -7 8 -9 9 -11
leaf_value=7.064176963113357e-07 -5.1929418483408744e-05 0.0013532492890954021 -0.0011674229030696939 -6.2809071969240911e-05 -0.00020618319644459646 0.00077011699143137477 0.00063990863462095151 2.6165301512394632e-05 -0.00091830512043088685 -1.2471019571408313e-05
leaf_weight=267 12.999999999999998 4.9999999999999982 14.000000000000002 4.9999999999999991 7.0000000000000027 14.999999999999998 9.9999999999999982 7 4.9999999999999991 138
leaf_count=267 13 5 14 5 7 15 10 7 5 138
internal_value=0 -5.22695e-05 -0.000541658 -0.000876735 3.56301e-05 0.000459476 4.26422e-05 0.000579117 5.65752e-07 -4.41435e-05
internal_weight=0 197 32 19 289 22 165 12 153 143
internal_count=486 197 32 19 289 22 165 12 153 143
is_linear=0
shrinkage=0.1


Tree=360
num_leaves=11
num_cat=0
split_feature=4 39 45 28 79 72 36 6 34 78
split_gain=9.16061e-05 0.000428447 0.000445079 0.000431825 0.000521838 0.000406678 0.000337199 0.000285216 0.000331706 0.000461626
threshold=2.7058230259275202 8.2385367904938374 5.1119152036137292 3.1132683346437333 6.232291670340838 4.007167868649713 2.0126758453675748 1.0397207708399181 1.2424533248940004 3.2180751841847144
decision_type=2 2 2 2 2 2 2 2 2 2
left_child=1 2 3 4 -1 -2 -5 -7 9 -9
right_child=5 -3 -4 6 -6 7 -8 8 -10 -11
leaf_value=-0.00066783124743129271 0.0004777824883364558 -0.00077810741349821917 -0.00070463529264088722 0.0004856102081248537 1.7732180967341529e-06 -0.00062964071985334164 -8.9870326610252968e-05 2.2189774192936183e-05 -1.2995514010199196e-05 0.00094014985176424186
leaf_weight=13.999999999999998 19 7.9999999999999991 8.9999999999999982 28 69 6.9999999999999991 15.999999999999998 14.000000000000002 293 8.9999999999999982
leaf_count=14 19 8 9 28 69 7 16 14 293 9
internal_value=0 -6.69077e-05 -2.50724e-05 2.30856e-05 -0.000111172 2.81716e-05 0.000276345 1.72395e-06 1.57099e-05 0.000381392
internal_weight=0 144 136 127 83 342 44 323 316 23
internal_count=486 144 136 127 83 342 44 323 316 23
is_linear=0
shrinkage=0.1


Tree=361
num_leaves=10
num_cat=0
split_feature=90 90 90 28 96 95 4 35 64
split_gain=8.63694e-05 9.86711e-05 0.000760225 0.000345769 0.00025518 0.000369838 0.000244813 0.000430093 0.000276437
threshold=6.0540424421008812 3.6632328069201612 3.5972184255501678 1.5890269151739729 3.4960482137079443 5.8943686824257613 2.8029010331479989 6.0063410261826569 4.3693677306817369
decision_type=2 2 2 2 2 2 2 2 2
left_child=1 2 4 -3 5 -1 8 -8 -5
right_child=-2 3 -4 6 -6 -7 7 -9 -10
leaf_value=-7.4818750769970748e-06 -0.00034872305446437431 0.0007458900600405676 -0.00099638424399017822 -7.7304827282205214e-05 -0.00056185324865509756 0.00078750319128933685 0.00020129666491239159 -0.00010573031685441803 -0.00085122198797762396
leaf_weight=237 6.9999999999999991 6.9999999999999991 7.9999999999999991 20.000000000000004 7.9999999999999991 5.9999999999999991 108 79 5.9999999999999991
leaf_count=237 7 7 8 20 8 6 108 79 6
internal_value=0 5.09616e-06 -3.67339e-05 5.43416e-05 -6.14746e-06 1.21474e-05 3.16146e-05 7.15901e-05 -0.000255901
internal_weight=0 479 259 220 251 243 213 187 26
internal_count=486 479 259 220 251 243 213 187 26
is_linear=0
shrinkage=0.1


Tree=362
num_leaves=11
num_cat=0
split_feature=27 27 37 47 60 2 29 54 24 2
split_gain=8.96195e-05 0.000809556 0.000524265 0.000513078 0.000594589 0.000256981 0.00023266 0.000209687 0.00037364 0.000328453
threshold=4.6346818562128229 4.5746578350692051 4.6539149966267201 4.6539149966267201 4.3693677306817369 5.3612811448469326 9.4913722978948947 5.4116061905722832 4.9052473428434826 2.7058230259275202
decision_type=2 2 2 2 2 2 2 2 2 2
left_child=1 7 6 -4 -5 -6 -2 8 -1 -10
right_child=2 -3 3 4 5 -7 -8 -9 9 -11
leaf_value=1.7659793584969109e-05 0.00031633276424448324 -0.0010168891574721783 -0.00071146434800337176 0.0009651987214705773 0.00068839108571410183 -5.5998692528191898e-05 0.0012399593740701675 0.0003327169736924892 0.00044161293655633929 -0.00042812100522992706
leaf_weight=326 5.9999999999999982 7.9999999999999991 8.9999999999999982 6.9999999999999991 4.9999999999999991 64 5 18 4.9999999999999991 33
leaf_count=326 6 8 9 7 5 64 5 18 5 33
internal_value=0 -2.13052e-05 8.65525e-05 2.48531e-06 8.7032e-05 -2.0574e-06 0.000736163 -4.55315e-07 -1.69309e-05 -0.000313682
internal_weight=0 390 96 85 76 69 11 382 364 38
internal_count=486 390 96 85 76 69 11 382 364 38
is_linear=0
shrinkage=0.1


Tree=363
num_leaves=11
num_cat=0
split_feature=89 96 102 83 44 96 22 9 30 93
split_gain=8.30723e-05 0.000149438 0.000257262 0.000309561 0.000272455 0.000150566 0.000222179 0.000452304 0.000231432 0.000164621
threshold=10.395425808672428 4.4885732424042368 3.2384861814448418 2.1383330595080281 3.8499212036984933 4.3943729409690677 7.4764563488735893 9.6740093390817439 5.2755571088971331 5.4508081513129589
decision_type=2 2 2 2 2 2 2 2 2 2
left_child=1 5 3 -3 -5 6 7 -1 -8 -7
right_child=-2 2 -4 4 -6 9 8 -9 -10 -11
leaf_value=-6.0315676062181656e-06 -0.00034200210585757823 -0.00026011039080913178 0.00084910037228837611 0.00083120222802140836 0.00011491744107016448 -0.00063582112343283379 0.00089821607340127168 -0.00081719699914434133 0.00013357852428606221 5.7018998631974684e-06
leaf_weight=382 6.9999999999999991 15.999999999999998 4.9999999999999991 7.0000000000000027 22 7.9999999999999991 5.0000000000000027 6.9999999999999991 19 7.9999999999999991
leaf_count=382 7 16 5 7 22 8 5 7 19 8
internal_value=0 4.99794e-06 0.000168607 9.29963e-05 0.000287814 -1.40707e-05 -2.41009e-06 -2.06284e-05 0.000292878 -0.00031506
internal_weight=0 479 50 45 29 429 413 389 24 16
internal_count=486 479 50 45 29 429 413 389 24 16
is_linear=0
shrinkage=0.1


Tree=364
num_leaves=11
num_cat=0
split_feature=52 60 42 40 32 14 8 19 41 83
split_gain=8.31556e-05 0.000301097 0.000200472 0.000283599 0.00026702 0.000284145 0.000578696 0.000553827 0.000182634 0.000159873
threshold=7.8058753204502649 5.7397877426443378 7.3770474648161253 5.2548844000372066 7.1396600215233414 5.6664207015582333 6.1588248988991863 9.4182992758774233 5.843506608418541 5.6937264704147337
decision_type=2 2 2 2 2 2 2 2 2 2
left_child=2 9 4 -4 5 7 -7 -1 -6 -2
right_child=1 -3 3 -5 8 6 -8 -9 -10 -11
leaf_value=-1.8062293291388247e-05 0.00013805779162794345 -0.00020249095105100425 -0.00066230719676241268 -3.0155161693983247e-05 0.00061107814059747998 -0.0013116573356091977 5.9751228036475368e-05 0.00054944678170916938 -6.4632146677467969e-05 0.00090369600026557841
leaf_weight=385 5.0000000000000018 9.9999999999999982 11.000000000000002 20 12.000000000000002 4.9999999999999991 7.9999999999999991 18 5.9999999999999991 6
leaf_count=385 5 10 11 20 12 5 8 18 6 6
internal_value=0 0.000194645 -8.79044e-06 -0.000254467 8.7579e-06 -7.55822e-06 -0.000467714 7.28551e-06 0.000385841 0.000555679
internal_weight=0 21 465 31 434 416 13 403 18 11
internal_count=486 21 465 31 434 416 13 403 18 11
is_linear=0
shrinkage=0.1


Tree=365
num_leaves=11
num_cat=0
split_feature=26 36 15 16 26 30 95 41 21 11
split_gain=8.17039e-05 0.000417407 0.000524854 0.000434647 0.000382802 0.000488601 0.000529952 0.000348559 0.00032477 0.000460648
threshold=2.9430520157250784 2.8029010331479989 5.6834872047429625 3.2180751841847144 3.3667009459186801 4.2625806805327082 4.9904094477362264 4.234001473612734 4.8903208612686422 4.8903208612686422
decision_type=2 2 2 2 2 2 2 2 2 2
left_child=1 3 -3 8 5 6 7 -2 9 -1
right_child=4 2 -4 -5 -6 -7 -8 -9 -10 -11
leaf_value=-3.3229232901241197e-05 -0.00094730721579657602 0.00060248525620883566 -0.00052795949392020708 0.00064110829494893554 1.7714117597757029e-05 -0.0010919153374353691 0.00035067288930198026 -6.7207367262906497e-05 0.00050034939300861554 -0.00092050952759260927
leaf_weight=236 9.0000000000000053 23.000000000000004 4.9999999999999991 9.9999999999999982 158 6.9999999999999991 11.999999999999998 8.9999999999999982 10.999999999999998 5.9999999999999991
leaf_count=236 9 23 5 10 158 7 12 9 11 6
internal_value=0 3.3564e-05 0.00040062 -5.51418e-06 -5.00879e-05 -0.000339621 -0.000164085 -0.000507257 -3.10724e-05 -5.52279e-05
internal_weight=0 291 28 263 195 37 30 18 253 242
internal_count=486 291 28 263 195 37 30 18 253 242
is_linear=0
shrinkage=0.1


Tree=366
num_leaves=11
num_cat=0
split_feature=7 60 27 60 20 85 85 83 9 88
split_gain=8.36597e-05 0.0003813 0.000516238 0.000572408 0.000337616 0.000304747 0.000508252 0.000315482 0.000286141 0.00029802
threshold=2.602003343538398 2.740319461670996 2.3502401828962087 2.3502401828962087 1.9356005054539456 4.9593358439305844 4.7273486598447958 2.6735537653587347 6.3420656231066301 2.3937458713910238
decision_type=2 2 2 2 2 2 2 2 2 2
left_child=5 2 3 4 -2 6 -1 -7 -3 -10
right_child=1 8 -4 -5 -6 7 -8 -9 9 -11
leaf_value=6.9185153322676111e-05 0.00030435960041359057 0.00047477428586437153 0.00035176255740225319 -0.00091086389347765366 -0.00048238199960906061 0.0001175541230218692 -0.00075610506901284684 0.0010536845974456811 -0.00054119851323775948 1.4342699197765806e-05
leaf_weight=111 10.000000000000002 12.999999999999998 9.9999999999999982 15.999999999999998 11.999999999999998 8.9999999999999982 7.9999999999999991 5.9999999999999991 9.9999999999999982 281
leaf_count=111 10 13 10 16 12 9 8 6 10 281
internal_value=0 -2.55989e-05 -0.000287525 -0.000455758 -0.000124772 6.72448e-05 1.37035e-05 0.000492006 1.57578e-05 -4.74806e-06
internal_weight=0 352 48 38 22 134 119 15 304 291
internal_count=486 352 48 38 22 134 119 15 304 291
is_linear=0
shrinkage=0.1


Tree=367
num_leaves=11
num_cat=0
split_feature=71 68 73 86 76 72 53 89 80 62
split_gain=8.91205e-05 0.000571324 0.000414712 0.000436401 0.000293822 0.00038346 0.000383137 0.000292313 0.000444483 0.000290489
threshold=3.3497501700808394 1.9356005054539456 2.8029010331479989 3.2180751841847144 2.8029010331479989 4.8903208612686422 2.1383330595080281 5.0684095151189146 2.740319461670996 5.1532748880139918
decision_type=2 2 2 2 2 2 2 2 2 2
left_child=2 -2 4 7 5 6 -1 -4 -9 -7
right_child=1 -3 3 -5 -6 9 -8 8 -10 -11
leaf_value=3.3598037664299176e-05 -0.00086756041127955541 -1.0945914902027759e-05 -5.5910859373398125e-05 -0.00038993102248891128 -0.00061507869395427406 0.00081700876924312757 -0.0003988112105246357 0.0014833984547294667 0.00043888725459427492 0.0001068535720150976
leaf_weight=85 7.9999999999999991 291 7.9999999999999991 6.9999999999999991 7.9999999999999991 9.0000000000000018 27 5.0000000000000027 22 15.999999999999998
leaf_count=85 8 291 8 7 8 9 27 5 22 16
internal_value=0 -3.38654e-05 5.41484e-05 0.00033085 -2.59997e-05 8.39903e-06 -7.06435e-05 0.000475006 0.000632315 0.000362509
internal_weight=0 299 187 42 145 137 112 35 27 25
internal_count=486 299 187 42 145 137 112 35 27 25
is_linear=0
shrinkage=0.1


Tree=368
num_leaves=11
num_cat=0
split_feature=87 73 73 98 73 53 44 67 51 27
split_gain=8.99086e-05 0.000387936 0.00038793 0.000443849 0.000397737 0.000774701 0.000477624 0.000366958 0.000436522 0.000457903
threshold=2.1383330595080281 2.740319461670996 2.3502401828962087 2.8314802400679731 1.8688348091416844 2.3502401828962087 4.3437210834879627 0.8958797346140277 1.8688348091416842 1.8688348091416842
decision_type=2 2 2 2 2 2 2 2 2 2
left_child=1 2 4 -4 6 -6 -1 -2 -9 -10
right_child=7 -3 3 -5 5 -7 -8 8 9 -11
leaf_value=-0.0001211862174611654 -0.00055363243980257096 0.00033496803464517236 -0.0012709220312535764 -0.00011699504058924505 0.0011230024198691047 -0.00022946059943933507 0.00042710287249830901 0.00053415759799203702 -0.00037063012415375048 1.2251178225720283e-05
leaf_weight=97 12.999999999999998 39 4.9999999999999991 9.9999999999999982 9.0000000000000018 7.9999999999999991 19 13.999999999999998 36 236
leaf_count=97 13 39 5 10 9 8 19 14 36 236
internal_value=0 5.43873e-05 -1.95495e-05 -0.000501637 3.48213e-05 0.000486549 -3.13802e-05 -3.40148e-05 -1.03958e-05 -3.84243e-05
internal_weight=0 187 148 15 133 17 116 299 286 272
internal_count=486 187 148 15 133 17 116 299 286 272
is_linear=0
shrinkage=0.1


Tree=369
num_leaves=11
num_cat=0
split_feature=12 25 12 30 30 35 34 44 44 11
split_gain=9.04665e-05 0.000404447 0.000336894 0.000342004 0.00041175 0.000571623 0.000275839 0.000479701 0.000340973 0.000260458
threshold=4.7534415364300813 5.1984817689835037 4.7957563937576522 1.0397207708399181 2.3502401828962087 2.649158683274019 3.8064155152036787 3.5694334999727624 4.3943729409690677 1.0397207708399181
decision_type=2 2 2 2 2 2 2 2 2 2
left_child=1 6 -2 -4 5 -5 9 -8 -9 -1
right_child=2 -3 3 4 -6 -7 7 8 -10 -11
leaf_value=-0.00028868506891622901 -0.00077155159475902728 0.000714340194180194 -0.00062337809811449717 0.0012609468850617611 -1.9727131914343689e-05 -0.00018679338041692971 0.0010288185489896148 -0.00049006573390215609 0.00041992166137788445 4.8889316265600405e-05
leaf_weight=31 5.9999999999999991 8.9999999999999982 8.9999999999999982 5.9999999999999982 309 5 7.0000000000000027 7.0000000000000027 9.9999999999999982 87
leaf_count=31 6 9 9 6 309 5 7 7 10 87
internal_value=0 6.42628e-05 -2.89662e-05 -1.54236e-05 1.6751e-06 0.000602883 2.30607e-05 0.000332104 4.5221e-05 -3.97955e-05
internal_weight=0 151 335 329 320 11 142 24 17 118
internal_count=486 151 335 329 320 11 142 24 17 118
is_linear=0
shrinkage=0.1


Tree=370
num_leaves=10
num_cat=0
split_feature=70 70 60 70 38 84 81 22 13
split_gain=7.92547e-05 0.000223991 0.000135691 0.000444134 0.000318891 0.000252072 0.000141646 0.000134275 9.29226e-05
threshold=5.7868785620882379 5.5129081839107776 4.8201514758423682 4.9342409716686575 4.6150714996361826 5.7557221843442159 6.2859963606162941 7.5158237392675113 5.8819043445924564
decision_type=2 2 2 2 2 2 2 2 2
left_child=1 2 3 6 -4 -6 -1 -2 -3
right_child=7 8 4 -5 5 -7 -8 -9 -10
leaf_value=6.303190646936003e-06 -1.8003454169956967e-05 -0.00066889151764501433 0.00092483614804223185 -0.00086746183224022393 -8.4875357559347463e-05 0.00050285971781704574 -0.00048316071042791013 0.00059272211074130616 -0.00010445227930176769
leaf_weight=405 8.9999999999999982 6.9999999999999982 4.9999999999999991 5.9999999999999991 27 9.9999999999999982 5.9999999999999991 5.9999999999999991 5
leaf_count=405 9 7 5 6 27 10 6 6 5
internal_value=0 -7.20659e-06 3.94379e-06 -1.33116e-05 0.000175265 7.3972e-05 -8.42268e-07 0.000226287 -0.000433709
internal_weight=0 471 459 417 42 37 411 15 12
internal_count=486 471 459 417 42 37 411 15 12
is_linear=0
shrinkage=0.1


Tree=371
num_leaves=11
num_cat=0
split_feature=71 84 38 57 87 90 70 70 71 12
split_gain=7.33314e-05 0.000470166 0.000505095 0.000504625 0.000351318 0.000341342 0.000450329 0.000287443 0.000372825 0.00032731
threshold=3.3497501700808394 3.8499212036984933 2.191013317336941 3.0201273556387074 3.9701138825728512 1.9356005054539456 3.8064155152036787 4.1107394736335969 3.4334666422309414 7.4593362406654782
decision_type=2 2 2 2 2 2 2 2 2 2
left_child=-1 2 -2 4 -3 6 -5 8 -4 -9
right_child=1 3 7 5 -6 -7 -8 9 -10 -11
leaf_value=4.9118106944466581e-05 -0.0010496302640863829 0.00061138647294643777 -0.00081584192812442788 -0.00072663168081947191 -0.00024784360721241683 3.427042307410353e-05 0.00021388720742834268 -0.0011286667703340452 1.507082485693024e-05 -0.00012213697731827517
leaf_weight=187 6.9999999999999991 23.000000000000004 5.9999999999999991 14.000000000000002 5.9999999999999991 168 7.9999999999999991 5.9999999999999982 54 7
leaf_count=187 7 23 6 14 6 168 8 6 54 7
internal_value=0 -3.07194e-05 -0.000238195 4.50708e-05 0.000433615 -1.42332e-05 -0.000384625 -0.000160386 -6.80205e-05 -0.000586689
internal_weight=0 299 80 219 29 190 22 73 60 13
internal_count=486 299 80 219 29 190 22 73 60 13
is_linear=0
shrinkage=0.1


Tree=372
num_leaves=11
num_cat=0
split_feature=7 60 52 85 34 30 16 27 21 47
split_gain=7.2946e-05 0.00026123 0.000393768 0.000405449 0.000246053 0.000306634 0.000290237 0.00026242 0.000400028 0.000264666
threshold=2.602003343538398 2.740319461670996 5.4445775410940529 5.1532748880139918 1.7917594692280554 2.602003343538398 2.8029010331479989 1.8688348091416842 2.6735537653587347 2.0126758453675748
decision_type=2 2 2 2 2 2 2 2 2 2
left_child=-1 2 3 -2 5 -3 -7 8 -6 -9
right_child=1 4 -4 -5 7 6 -8 9 -10 -11
leaf_value=6.2791578314847442e-05 -0.00021449793723971405 0.00071326295466860761 0.00035552398508621589 -0.0010129970505659003 -8.2786206621676667e-05 -5.2184671823914839e-05 0.0006652449727490811 0.00056700665300013497 -0.001058720451934884 -1.8091686933589896e-05
leaf_weight=134 31 9.9999999999999982 8.9999999999999982 7.9999999999999991 14.000000000000002 29 6.9999999999999991 7.9999999999999991 5.9999999999999991 230
leaf_count=134 31 10 9 8 14 29 7 8 6 230
internal_value=0 -2.39036e-05 -0.000240702 -0.000378293 1.03277e-05 0.000223391 8.73155e-05 -2.76603e-05 -0.000375566 1.57548e-06
internal_weight=0 352 48 39 304 46 36 258 20 238
internal_count=486 352 48 39 304 46 36 258 20 238
is_linear=0
shrinkage=0.1


Tree=373
num_leaves=11
num_cat=0
split_feature=87 73 73 98 73 53 44 67 51 77
split_gain=6.81591e-05 0.000306102 0.000307431 0.000351328 0.000331246 0.00062601 0.000347452 0.000296329 0.000296802 0.000356985
threshold=2.1383330595080281 2.740319461670996 2.3502401828962087 2.8314802400679731 1.8688348091416844 2.3502401828962087 4.3437210834879627 0.8958797346140277 1.8688348091416842 2.9430520157250784
decision_type=2 2 2 2 2 2 2 2 2 2
left_child=1 2 4 -4 6 -6 -1 -2 -9 -10
right_child=7 -3 3 -5 5 -7 -8 8 9 -11
leaf_value=-0.00010693258344563032 -0.00049655805543387453 0.00029659036525304266 -0.0011319122277200222 -0.00010527430735237433 0.0010144466999918219 -0.00020131602499979807 0.00036070988387923295 0.00044063349185827455 -0.00030740500606810887 1.6066145241603441e-05
leaf_weight=97 12.999999999999998 39 4.9999999999999991 9.9999999999999982 9.0000000000000018 7.9999999999999991 19 13.999999999999998 40 232
leaf_count=97 13 39 5 10 9 8 19 14 40 232
internal_value=0 4.73542e-05 -1.83229e-05 -0.000447487 3.00791e-05 0.000442323 -3.0336e-05 -2.96162e-05 -8.39156e-06 -3.15031e-05
internal_weight=0 187 148 15 133 17 116 299 286 272
internal_count=486 187 148 15 133 17 116 299 286 272
is_linear=0
shrinkage=0.1


Tree=374
num_leaves=11
num_cat=0
split_feature=12 25 12 40 94 2 2 30 66 34
split_gain=7.72263e-05 0.000305654 0.000261198 0.00027381 0.000504948 0.00046652 0.00027469 0.000244893 0.00020327 0.000254235
threshold=4.7534415364300813 5.1984817689835037 4.7957563937576522 2.602003343538398 4.5538214868689204 2.8029010331479989 3.1984648276080736 2.6735537653587347 2.9430520157250784 3.8064155152036787
decision_type=2 2 2 2 2 2 2 2 2 2
left_child=1 8 -2 4 7 -5 -7 -4 9 -1
right_child=2 -3 3 5 -6 6 -8 -9 -10 -11
leaf_value=2.0489965643243954e-06 -0.00068062251278509702 0.00062450596273669768 -0.001021537883207201 0.00047914319089613859 0.00034651639871299269 -0.00075526206521317365 -7.4003437574268219e-06 -0.00029438823879569435 -0.00037024214252596722 0.00039791753439012131
leaf_weight=111 5.9999999999999991 8.9999999999999982 8.0000000000000053 20 7.9999999999999991 4.9999999999999991 277 10.999999999999998 11.999999999999998 19
leaf_count=111 6 9 8 20 8 5 277 11 12 19
internal_value=0 5.93743e-05 -2.67627e-05 -1.48382e-05 -0.000319942 1.24393e-05 -2.06603e-05 -0.000600557 2.35561e-05 5.99067e-05
internal_weight=0 151 335 329 27 302 282 19 142 130
internal_count=486 151 335 329 27 302 282 19 142 130
is_linear=0
shrinkage=0.1


Tree=375
num_leaves=11
num_cat=0
split_feature=54 78 85 5 7 31 82 82 54 34
split_gain=6.98299e-05 0.000368689 0.000338886 0.000310368 0.000426171 0.000328679 0.000265765 0.000375815 0.00033639 0.000366443
threshold=1.7005986908310777 3.7609296261008152 5.1532748880139918 2.9174053685313028 2.602003343538398 1.8688348091416842 4.9199542854466296 5.4116061905722832 2.0126758453675753 4.3693677306817369
decision_type=2 2 2 2 2 2 2 2 2 2
left_child=1 2 3 5 -5 -1 8 -8 -2 -10
right_child=6 -3 -4 4 -6 -7 7 -9 9 -11
leaf_value=-0.00036642265836953335 -0.00079926848411560059 0.00072086843356373726 -0.00031619173599513794 0.0012169231148436658 0.00020207718407618815 0.0001264468686868179 0.00032967559619074952 -2.0631639188798786e-05 7.2718618519667716e-06 -0.0005364677796023898
leaf_weight=19 7.9999999999999991 7.9999999999999991 24 5.0000000000000027 24 47 35 245 55 15.999999999999998
leaf_count=19 8 8 24 5 24 47 35 245 55 16
internal_value=0 6.37306e-05 1.95533e-05 0.000104373 0.000377051 -1.54398e-05 -2.25454e-05 2.31568e-05 -0.000184528 -0.000115261
internal_weight=0 127 119 95 29 66 359 280 79 71
internal_count=486 127 119 95 29 66 359 280 79 71
is_linear=0
shrinkage=0.1


Tree=376
num_leaves=11
num_cat=0
split_feature=66 61 76 99 94 98 63 52 43 53
split_gain=6.84559e-05 0.00045633 0.000360654 0.000334018 0.000416645 0.000321722 0.000232098 0.00022029 0.000261824 0.000416694
threshold=4.234001473612734 5.843506608418541 4.4885732424042368 2.249904835165133 5.2417330174952186 4.1742689126930488 4.4425820475484112 7.1049533148507669 5.2830877628056827 5.0497738177202995
decision_type=2 2 2 2 2 2 2 2 2 2
left_child=1 7 3 -2 5 -5 -4 8 9 -1
right_child=2 -3 6 4 -6 -7 -8 -9 -10 -11
leaf_value=8.9433874271317823e-06 -8.7827845345600511e-05 -0.00076578678635996766 -0.00072415144182741648 0.00060839237745052984 0.0010447682999074458 -0.00044186743616592134 -1.1987904427870591e-05 -0.00044379327485909344 0.00046979874411287413 -0.00083141079618750762
leaf_weight=356 11.999999999999998 7.9999999999999991 4.9999999999999991 7.0000000000000018 9.9999999999999982 5 54 10.999999999999998 11.999999999999998 5.9999999999999991
leaf_count=356 12 8 5 7 10 5 54 11 12 6
internal_value=0 -1.82571e-05 7.71511e-05 0.000336563 0.00056805 0.000170784 -7.23407e-05 -2.72405e-06 1.02486e-05 -4.98513e-06
internal_weight=0 393 93 34 22 12 59 385 374 362
internal_count=486 393 93 34 22 12 59 385 374 362
is_linear=0
shrinkage=0.1


Tree=377
num_leaves=11
num_cat=0
split_feature=27 27 37 52 12 47 12 29 77 24
split_gain=6.65359e-05 0.000539362 0.000330927 0.000336231 0.000185066 0.000366949 0.000291994 0.000170116 0.000161618 0.000270522
threshold=4.6346818562128229 4.5746578350692051 4.6539149966267201 6.8522224550277082 6.7990502692489132 5.4026367991037016 6.9546224757073114 9.4913722978948947 5.1298812082267613 4.9052473428434826
decision_type=2 2 2 2 2 2 2 2 2 2
left_child=1 8 7 -4 5 -5 -6 -2 9 -1
right_child=2 -3 3 4 6 -7 -8 -9 -10 -11
leaf_value=1.7198875805530441e-05 0.00023169623163994408 -0.00083099069161107764 -0.00065612154305979078 0.00067445037526946768 -0.0006263798503953565 -0.00023659450900075693 6.1579022118306821e-05 0.0010214796103537082 0.00032039794779848308 -0.00024710676688383419
leaf_weight=323 5.9999999999999982 7.9999999999999991 6.9999999999999991 12.000000000000002 6.9999999999999991 6.9999999999999991 52 5 14.999999999999998 44
leaf_count=323 6 8 7 12 7 7 52 5 15 44
internal_value=0 -1.83575e-05 7.45773e-05 7.78638e-06 6.73679e-05 0.000338802 -2.00432e-05 0.000590689 -1.33898e-06 -1.4489e-05
internal_weight=0 390 96 85 78 19 59 11 382 367
internal_count=486 390 96 85 78 19 59 11 382 367
is_linear=0
shrinkage=0.1


Tree=378
num_leaves=11
num_cat=0
split_feature=69 49 79 27 62 49 37 83 54 74
split_gain=6.12009e-05 0.000334662 0.000319076 0.000317328 0.000414828 0.000312168 0.000301243 0.000281091 0.000252762 0.00029935
threshold=7.5373890202266365 7.0850628910679374 7.2722816737008991 2.5619819897016298 4.6913057964583187 6.9087542803134747 1.8688348091416842 3.4334666422309414 4.2413008733233104 3.2180751841847144
decision_type=2 2 2 2 2 2 2 2 2 2
left_child=1 5 -2 6 -5 8 -3 -7 9 -1
right_child=2 3 -4 4 -6 7 -8 -9 -10 -11
leaf_value=5.7758145084108042e-05 -0.00075004902125025798 0.0003004922722798905 -1.3353080131988988e-05 -0.00068417575287943054 0.00029965933897377301 -0.00069624181099546436 0.0011039354871692402 0.00014204626165034522 0.00072492872481234373 -0.00041898542093501121
leaf_weight=108 5.9999999999999991 14.000000000000002 292 6.0000000000000027 14.999999999999998 12.000000000000002 6.9999999999999991 5.9999999999999991 4.9999999999999991 14.999999999999998
leaf_count=108 6 14 292 6 15 12 7 6 5 15
internal_value=0 4.46776e-05 -2.81859e-05 0.000293435 1.85636e-05 -2.68828e-05 0.000568307 -0.000416812 2.79511e-05 -3.81314e-07
internal_weight=0 188 298 42 21 146 21 18 128 123
internal_count=486 188 298 42 21 146 21 18 128 123
is_linear=0
shrinkage=0.1


Tree=379
num_leaves=10
num_cat=0
split_feature=70 70 60 70 38 95 72 78 5
split_gain=5.89214e-05 0.000163655 0.000113894 0.000338869 0.000231691 0.000191917 0.000109823 9.34553e-05 8.69453e-05
threshold=5.7868785620882379 5.5129081839107776 4.8201514758423682 4.9342409716686575 4.6150714996361826 4.7405652883788738 7.1049533148507669 5.8636150338086175 6.462969825394751
decision_type=2 2 2 2 2 2 2 2 2
left_child=1 2 3 6 -4 -6 -1 -2 -3
right_child=7 8 4 -5 5 -7 -8 -9 -10
leaf_value=-1.2003397173948197e-05 -3.8374036103050463e-05 -0.00063994821296849613 0.00079919493291527035 -0.00075858445682873334 -0.00050222814461449168 0.00016396172904933339 0.00025524130614940077 0.00046195246063039766 -0.00010160119563806801
leaf_weight=395 7.9999999999999982 5.9999999999999982 4.9999999999999991 5.9999999999999991 4.9999999999999991 32 15.999999999999998 7 6
leaf_count=395 8 6 5 6 5 32 16 7 6
internal_value=0 -6.21375e-06 3.31726e-06 -1.24916e-05 0.000160276 7.39361e-05 -1.59971e-06 0.000195112 -0.000370775
internal_weight=0 471 459 417 42 37 411 15 12
internal_count=486 471 459 417 42 37 411 15 12
is_linear=0
shrinkage=0.1


Tree=380
num_leaves=11
num_cat=0
split_feature=62 62 5 16 53 53 16 56 43 61
split_gain=6.18973e-05 0.000271746 0.000270131 0.00021846 0.000313984 0.000558749 0.000408025 0.000173873 0.000215956 0.000358148
threshold=5.2626767655455557 5.3229980813168991 4.6913057964583187 3.2180751841847144 2.1383330595080281 1.8688348091416844 1.8688348091416842 1.4978661367769956 2.1383330595080281 4.1742689126930488
decision_type=2 2 2 2 2 2 2 2 2 2
left_child=2 -2 3 4 5 -1 -6 8 9 -3
right_child=1 7 -4 -5 6 -7 -8 -9 -10 -11
leaf_value=2.3012917333744555e-05 -0.00057119832684596379 -0.0011137220310047265 0.00065217013470828542 0.0004756318172439933 -5.5493561914140041e-05 0.00080103031010366984 -0.00068997521347437913 1.5070757549701063e-05 1.9322622392792257e-06 -6.0843298810401132e-05
leaf_weight=120 8.9999999999999982 6.0000000000000018 6.9999999999999991 9.9999999999999982 46 9.9999999999999982 12.999999999999998 242 15.999999999999998 7
leaf_count=120 9 6 7 10 46 10 13 242 16 7
internal_value=0 -3.06106e-05 4.16067e-05 2.01296e-05 -3.97105e-06 8.28604e-05 -0.000195295 -1.26575e-05 -0.000244045 -0.000546787
internal_weight=0 280 206 199 189 130 59 271 29 13
internal_count=486 280 206 199 189 130 59 271 29 13
is_linear=0
shrinkage=0.1


Tree=381
num_leaves=11
num_cat=0
split_feature=26 36 93 8 16 28 10 28 21 16
split_gain=5.7113e-05 0.000264498 0.000341472 0.000271348 0.000250808 0.000246263 0.000540569 0.000280306 0.000212485 0.000306606
threshold=2.9430520157250784 2.8029010331479989 3.7609296261008152 4.3943729409690677 3.2180751841847144 3.5408542930527882 3.8064155152036787 3.7609296261008152 4.8903208612686422 2.9430520157250784
decision_type=2 2 2 2 2 2 2 2 2 2
left_child=1 4 3 -3 8 6 -2 -7 9 -1
right_child=5 2 -4 -5 -6 7 -8 -9 -10 -11
leaf_value=-2.4051381159690701e-05 -6.5141018110028063e-05 0.00031204585665060814 0.00087241555156651889 -0.00053859807318076499 0.00048814892477821564 0.00057336778845638035 -0.0012764454400166871 -3.2492911573388571e-05 0.00040738822287742307 -0.00074793135281652216
leaf_weight=236 14.000000000000002 15.000000000000005 7.9999999999999991 4.9999999999999991 9.9999999999999982 7.9999999999999991 4.9999999999999991 168 10.999999999999998 5.9999999999999991
leaf_count=236 14 15 8 5 10 8 5 168 11 6
internal_value=0 2.80621e-05 0.000320251 9.93849e-05 -3.04545e-06 -4.18773e-05 -0.000383905 -4.95379e-06 -2.24603e-05 -4.19988e-05
internal_weight=0 291 28 20 263 195 19 176 253 242
internal_count=486 291 28 20 263 195 19 176 253 242
is_linear=0
shrinkage=0.1


Tree=382
num_leaves=11
num_cat=0
split_feature=33 27 22 78 1 84 24 24 76 75
split_gain=5.74832e-05 0.000263232 0.000229535 0.000363666 0.000334935 0.000195758 0.000177299 0.000190867 0.00014408 0.000145841
threshold=5.3518469026947413 5.4026367991037016 6.9546224757073114 4.8903208612686422 5.272986409146923 5.9814014572911871 5.5133962268973056 5.4424083402947536 4.465842055365858 6.4224346156700198
decision_type=2 2 2 2 2 2 2 2 2 2
left_child=1 5 4 -4 -2 6 7 -1 -5 -10
right_child=2 -3 3 8 -6 -7 -8 -9 9 -11
leaf_value=-7.1156296025137597e-07 -0.00026211944175884132 -0.00062215178207095188 -0.00074873482808470728 0.00024320073462513392 0.00072497609177265665 -0.00057069117319770164 0.00033094923819589896 -0.0006225884892046452 -0.00058138701599091253 2.9109286495238647e-05
leaf_weight=382 4.9999999999999991 6.9999999999999991 5.9999999999999991 25 10.999999999999998 5.9999999999999991 15.999999999999998 4.9999999999999991 5.0000000000000027 18
leaf_count=382 5 7 6 25 11 6 16 5 5 18
internal_value=0 -1.41076e-05 8.38397e-05 -1.47289e-05 0.000416509 -3.70102e-06 4.74052e-06 -8.74615e-06 7.70219e-05 -0.000103607
internal_weight=0 416 70 54 16 409 403 387 48 23
internal_count=486 416 70 54 16 409 403 387 48 23
is_linear=0
shrinkage=0.1


Tree=383
num_leaves=7
num_cat=0
split_feature=18 14 10 90 95 58
split_gain=5.93824e-05 0.000142307 9.88642e-05 7.88171e-05 8.85044e-05 7.47465e-05
threshold=6.0935290038443712 6.4504591913628513 5.4510292435120062 5.9042878535355934 7.1447997903071299 6.1974365842109203
decision_type=2 2 2 2 2 2
left_child=1 3 -2 4 5 -1
right_child=2 -3 -4 -5 -6 -7
leaf_value=-3.9452269885245497e-06 0.00055948998022358864 -0.00053667920117732141 4.893189664774885e-06 -0.00029340312466956679 0.00038696314570453675 0.00038485452067106964
leaf_weight=447 4.9999999999999991 4.9999999999999991 8.9999999999999982 8.9999999999999982 5.9999999999999991 4.9999999999999991
leaf_count=447 5 5 9 9 6 5
internal_value=0 -6.0201e-06 0.000202963 -3.38529e-07 5.42038e-06 3.55655e-07
internal_weight=0 472 14 467 458 452
internal_count=486 472 14 467 458 452
is_linear=0
shrinkage=0.1


Tree=384
num_leaves=11
num_cat=0
split_feature=2 1 98 10 3 93 34 42 1 1
split_gain=5.79018e-05 0.000376585 0.00030796 0.000273135 0.00024121 0.000324521 0.000246601 0.000182294 0.000219492 0.000318489
threshold=3.7132745361986528 3.8499212036984933 2.3937458713910238 3.4334666422309414 3.2951505240983434 4.4425820475484112 1.7917594692280554 4.1430087342023825 4.8713658868283671 5.0688844241303981
decision_type=2 2 2 2 2 2 2 2 2 2
left_child=4 2 -2 -4 -1 6 -6 -3 -9 -10
right_child=1 7 3 -5 5 -7 -8 8 9 -11
leaf_value=-9.8063051622635352e-06 -0.0011070209275931113 -0.00059178018476814032 3.2607038827756272e-05 -0.00078307047757940991 0.00071230763236859002 -0.00040195236894457293 0.00014555963810861989 0.00015797051996092448 -0.0003605624749238982 1.4333264504997752e-05
leaf_weight=175 5.0000000000000027 4.9999999999999991 13.000000000000002 5.9999999999999991 14.000000000000002 5.9999999999999991 17 77 27 141
leaf_count=175 5 5 13 6 14 6 17 77 27 141
internal_value=0 -3.03613e-05 -0.000408735 -0.000224975 3.92406e-05 0.000271219 0.00040151 5.96253e-06 1.81614e-05 -4.59178e-05
internal_weight=0 274 24 19 212 37 31 250 245 168
internal_count=486 274 24 19 212 37 31 250 245 168
is_linear=0
shrinkage=0.1


Tree=385
num_leaves=11
num_cat=0
split_feature=86 74 82 84 14 21 92 22 49 54
split_gain=5.60532e-05 0.000221384 0.000243667 0.000320996 0.000371285 0.000294742 0.000293405 0.000289602 0.000219238 0.000345709
threshold=0.8958797346140277 4.8121513051691478 4.4066448812345191 3.2180751841847144 2.0126758453675753 3.6632328069201612 4.8038866541935423 6.6580036303642656 6.459903229849254 1.7005986908310777
decision_type=2 2 2 2 2 2 2 2 2 2
left_child=1 2 3 4 -1 -4 -5 -7 9 -2
right_child=8 -3 5 6 -6 7 -8 -9 -10 -11
leaf_value=4.1250626980949763e-05 -0.00010229893804838258 -0.00059706863947212702 0.0005986894670914969 0.000755341286357078 -0.00047172872807658723 -0.00027053564605851601 -1.4553423335945064e-05 0.00039695293817203496 -1.4806126842584947e-06 -0.0010624503158032895
leaf_weight=43 15.000000000000002 4.9999999999999991 17 9.0000000000000018 21 13.000000000000002 10.999999999999998 12.999999999999998 334 4.9999999999999991
leaf_count=43 15 5 17 9 21 13 11 13 334 5
internal_value=0 5.56156e-05 8.13118e-05 -1.77922e-05 -0.000127071 0.00027491 0.000331899 6.32086e-05 -2.0738e-05 -0.000342337
internal_weight=0 132 127 84 64 43 20 26 354 20
internal_count=486 132 127 84 64 43 20 26 354 20
is_linear=0
shrinkage=0.1


Tree=386
num_leaves=11
num_cat=0
split_feature=39 63 53 49 66 34 10 33 84 55
split_gain=5.41152e-05 0.000293749 0.000424934 0.000263179 0.000370014 0.000269942 0.000251659 0.000218832 0.000216265 0.000213084
threshold=8.2385367904938374 2.9430520157250784 4.1742689126930488 7.6902834072304618 2.9430520157250784 4.2903656061101136 3.2951505240983434 3.9701138825728512 1.4978661367769956 4.9904094477362264
decision_type=2 2 2 2 2 2 2 2 2 2
left_child=3 2 7 4 5 8 -6 -2 -1 -3
right_child=1 9 -4 -5 6 -7 -8 -9 -10 -11
leaf_value=-5.1585708474563373e-05 -0.00024782212471216234 0.00024801801195922855 -0.0010440314239531291 0.00023515301230979865 -0.00093919534369238812 -0.00048698269529268146 -9.1241700907370869e-05 0.00036616438342857046 0.00017369489823498667 -2.8105342060017815e-05
leaf_weight=97 34 34 5.9999999999999991 51 6.9999999999999982 9.9999999999999982 7 6.9999999999999991 76 157
leaf_count=97 34 34 6 51 7 10 7 7 76 157
internal_value=0 -3.40627e-05 -0.000258021 3.26892e-05 -1.97253e-05 1.81813e-05 -0.000515219 -0.000142995 4.73815e-05 2.10475e-05
internal_weight=0 238 47 248 197 183 14 41 173 191
internal_count=486 238 47 248 197 183 14 41 173 191
is_linear=0
shrinkage=0.1


Tree=387
num_leaves=11
num_cat=0
split_feature=62 62 64 74 64 54 52 28 49 47
split_gain=5.30922e-05 0.00019866 0.000191401 0.000377586 0.000330151 0.000480321 0.000310141 0.000291274 0.00025636 0.000221885
threshold=5.2626767655455557 5.3229980813168991 3.3140206880897671 3.2180751841847144 3.8064155152036787 3.4334666422309414 4.007167868649713 3.4334666422309414 5.9813631934492228 3.1132683346437333
decision_type=2 2 2 2 2 2 2 2 2 2
left_child=2 -2 3 -1 5 -4 7 -6 -5 -8
right_child=1 -3 4 8 6 -7 9 -9 -10 -11
leaf_value=4.1265257085022452e-05 -0.00049055972550478245 -1.2999773425220516e-05 7.0827717304666759e-05 -0.00097554893582127943 -0.0007876341031598195 0.0012050997033449156 0.0004925844554478923 0.00016187168075703083 -0.00018531639831892861 -0.0001354782657775407
leaf_weight=135 8.9999999999999982 271 7.9999999999999982 6.0000000000000027 6.9999999999999982 7 15.000000000000002 6 12.999999999999998 8.9999999999999982
leaf_count=135 9 271 8 6 7 7 15 6 13 9
internal_value=0 -2.83499e-05 3.85339e-05 -1.74779e-05 0.000204415 0.000600155 4.39798e-05 -0.000349401 -0.000434864 0.000257061
internal_weight=0 280 206 154 52 15 37 13 19 24
internal_count=486 280 206 154 52 15 37 13 19 24
is_linear=0
shrinkage=0.1


Tree=388
num_leaves=11
num_cat=0
split_feature=42 37 0 24 16 42 71 56 80 0
split_gain=5.55115e-05 0.000370224 0.000379684 0.000263631 0.000379104 0.000196315 0.000170474 0.000132633 0.000222426 0.000270881
threshold=1.5890269151739729 2.1383330595080281 1.8688348091416842 4.0773937863842606 1.2424533248940004 2.649158683274019 2.1383330595080277 0.8958797346140277 2.740319461670996 3.5549397315361362
decision_type=2 2 2 2 2 2 2 2 2 2
left_child=1 2 3 4 -1 -2 -4 -7 9 -9
right_child=5 -3 6 -5 -6 7 -8 8 -10 -11
leaf_value=0.00038614697798038827 -0.00047421211363851196 -0.0006468267218830686 0.0010397602959225578 -0.0006556972023099661 -0.00034473707941784103 -0.00011384557558545459 0.00031336074439423098 0.0004628417652687252 -7.1706772866576497e-06 -1.2273571095041311e-05
leaf_weight=20.000000000000004 8.9999999999999982 5.9999999999999991 5.9999999999999982 4.9999999999999991 10.999999999999998 85 7 24 289 24
leaf_count=20 9 6 6 5 11 85 7 24 289 24
internal_value=0 9.46086e-05 0.000185397 1.81207e-05 0.000126801 -1.2073e-05 0.000648622 -2.21697e-06 2.59386e-05 0.000225284
internal_weight=0 55 49 36 31 431 13 422 337 48
internal_count=486 55 49 36 31 431 13 422 337 48
is_linear=0
shrinkage=0.1


Tree=389
num_leaves=11
num_cat=0
split_feature=52 0 68 47 14 18 62 6 62 70
split_gain=5.16554e-05 0.000218111 0.000256752 0.000245652 0.000229011 0.00022023 0.00018747 0.000413493 0.000162856 0.000285146
threshold=1.9356005054539456 1.5890269151739729 1.5890269151739729 1.4978661367769956 3.9701138825728512 1.9356005054539456 3.0433873634561537 1.8688348091416842 4.1430087342023825 2.524928003624769
decision_type=2 2 2 2 2 2 2 2 2 2
left_child=1 3 -3 4 5 -1 7 -2 -8 -10
right_child=6 2 -4 -5 -6 -7 8 -9 9 -11
leaf_value=0.00035415381460552443 5.9517158933886105e-05 0.00096808335161767834 0.0001528934377454468 0.00053607826703228056 -0.00062582210666732867 -0.00024407144246652024 0.00023675034430602361 -0.0010997296683490276 -0.0002509188709293243 1.445747617555172e-05
leaf_weight=10.000000000000002 7.9999999999999982 5.0000000000000027 17 5.9999999999999991 7.9999999999999991 15.999999999999998 27 5 46 338
leaf_count=10 8 5 17 6 8 16 27 5 46 338
internal_value=0 8.52563e-05 0.000338164 -5.38428e-05 -0.000157947 -1.39848e-05 -1.24667e-05 -0.000386347 -6.40832e-07 -1.73324e-05
internal_weight=0 62 22 40 34 26 424 13 411 384
internal_count=486 62 22 40 34 26 424 13 411 384
is_linear=0
shrinkage=0.1


Tree=390
num_leaves=11
num_cat=0
split_feature=15 25 8 25 34 25 45 60 8 81
split_gain=4.81743e-05 0.000318982 0.000542994 0.000353059 0.000312642 0.000426228 0.000271838 0.000153778 0.000290638 0.00016073
threshold=4.7094896185437563 4.8597823571876004 3.2180751841847144 4.9593358439305844 0.89587973461402759 5.1761337726651186 5.1984817689835037 4.135134555718313 4.465842055365858 4.1107394736335969
decision_type=2 2 2 2 2 2 2 2 2 2
left_child=7 2 -2 -3 6 -6 -5 9 -9 -1
right_child=1 3 -4 4 5 -7 -8 8 -10 -11
leaf_value=8.186323231192157e-05 -0.0012689759768545628 0.00050245237299740056 -0.00014840770327282372 0.00066616116203780003 -0.00041254767463345032 4.2868065653660455e-06 -8.6387745977845046e-05 0.00076494293316500231 -6.3445611966825603e-05 -0.0001209651171375962
leaf_weight=112 4.9999999999999991 13.999999999999998 32 12.000000000000002 28 198 7.9999999999999991 8.0000000000000018 8.9999999999999982 60
leaf_count=112 5 14 32 12 28 198 8 8 9 60
internal_value=0 -2.51155e-05 -0.000299836 1.39793e-05 -1.382e-05 -4.73564e-05 0.000365142 3.94672e-05 0.000326384 1.11092e-05
internal_weight=0 297 37 260 246 226 20 189 17 172
internal_count=486 297 37 260 246 226 20 189 17 172
is_linear=0
shrinkage=0.1


Tree=391
num_leaves=8
num_cat=0
split_feature=18 14 10 58 58 46 11
split_gain=4.79396e-05 0.000118294 8.10675e-05 6.13009e-05 0.000143163 0.000140837 0.000104968
threshold=6.0935290038443712 6.4504591913628513 5.4510292435120062 6.1974365842109203 5.8777004722919655 4.6959141240107813 6.270943761640619
decision_type=2 2 2 2 2 2 2
left_child=1 3 -2 4 5 -1 -6
right_child=2 -3 -4 -5 6 -7 -8
leaf_value=-8.2586958061791666e-06 0.00050520886783488094 -0.00048922880407189953 3.0037212935793733e-06 0.00034803694463334976 -0.00069883174262940894 0.00024575731695222205 -7.844276600129281e-05
leaf_weight=428 4.9999999999999991 4.9999999999999991 8.9999999999999982 4.9999999999999991 4.9999999999999982 23 6
leaf_count=428 5 5 9 5 5 23 6
internal_value=0 -5.40906e-06 0.000182363 -2.28981e-07 -3.99809e-06 4.69556e-06 -0.000360438
internal_weight=0 472 14 467 462 451 11
internal_count=486 472 14 467 462 451 11
is_linear=0
shrinkage=0.1


Tree=392
num_leaves=8
num_cat=0
split_feature=10 36 16 46 36 53 16
split_gain=4.49014e-05 5.27526e-05 0.000146914 0.000132869 9.26701e-05 0.000123226 0.000108541
threshold=6.1398473927003954 5.488519205304434 5.5234409919880667 5.2598228457839697 4.8597823571876004 4.744894319750431 4.4885732424042368
decision_type=2 2 2 2 2 2 2
left_child=1 3 -3 4 6 -6 -1
right_child=-2 2 -4 -5 5 -7 -8
leaf_value=-1.1617884816930029e-05 0.00029812553431838749 -0.00046756642477703293 0.0002234254672657698 0.0004348256300935256 7.5732647674158242e-05 -0.00059645004803314799 0.00016941219922349168
leaf_weight=414 4.9999999999999991 7.9999999999999982 5 6.9999999999999991 4.9999999999999982 6 36
leaf_count=414 5 8 5 7 5 6 36
internal_value=0 -3.09902e-06 -0.0002018 2.42046e-06 -4.14534e-06 -0.000290912 2.86452e-06
internal_weight=0 481 13 468 461 11 450
internal_count=486 481 13 468 461 11 450
is_linear=0
shrinkage=0.1


Tree=393
num_leaves=11
num_cat=0
split_feature=26 60 84 16 26 58 89 12 28 28
split_gain=4.78628e-05 0.000191863 0.000330067 0.000191083 0.00018437 0.00028766 0.000212006 0.000248157 0.000160922 0.000256607
threshold=2.9430520157250784 4.1107394736335969 5.3032925319746216 3.5549397315361362 3.3667009459186801 4.7621374077860157 8.4033487586051816 5.3229980813168991 3.5408542930527882 3.7609296261008152
decision_type=2 2 2 2 2 2 2 2 2 2
left_child=1 3 -3 -1 5 6 7 -2 -6 -10
right_child=4 2 -4 -5 8 -7 -8 -9 9 -11
leaf_value=-5.2401057827309065e-06 1.0464778897585341e-05 0.00081651436976244447 -9.1872488701483243e-05 0.00061865394935011874 -0.00042827988290810031 -0.00081650322702314182 0.00022099723015950681 -0.0007367662328761071 0.00067278243562517073 5.326426773737897e-06
leaf_weight=270 10.000000000000005 7.9999999999999991 7.9999999999999991 4.9999999999999991 7.9999999999999991 6.9999999999999991 11.999999999999998 7.9999999999999991 5.9999999999999991 144
leaf_count=270 10 8 8 5 8 7 12 8 6 144
internal_value=0 2.56893e-05 0.000362321 6.10342e-06 -3.83363e-05 -0.000239271 -0.000104584 -0.000321638 8.71811e-06 3.20247e-05
internal_weight=0 291 16 275 195 37 30 18 158 150
internal_count=486 291 16 275 195 37 30 18 158 150
is_linear=0
shrinkage=0.1


Tree=394
num_leaves=11
num_cat=0
split_feature=92 89 3 38 52 7 38 20 20 76
split_gain=5.02383e-05 0.000176423 0.000379322 0.000128725 0.000410194 0.000494158 0.000272415 0.000175564 0.000295088 0.000294081
threshold=7.0166060642627874 9.4530374150950944 4.8713658868283671 4.8441560854355483 7.1049533148507669 6.418363605329735 5.0304165616299539 3.8815106545092593 4.1107394736335969 4.2625806805327082
decision_type=2 2 2 2 2 2 2 2 2 2
left_child=3 2 -2 4 7 -6 -5 9 -9 -1
right_child=1 -3 -4 6 5 -7 -8 8 -10 -11
leaf_value=1.1584586150444103e-05 5.663592455675827e-05 -6.1817262980588975e-06 -0.00099519830740367357 0.00045016616128123137 -0.0013446719944477086 6.1255837790668012e-05 1.2213776300290638e-05 0.00059652848755761692 1.301627601675976e-05 -0.00036153179459253571
leaf_weight=259 7.9999999999999982 72 6 20 4.9999999999999982 5 49 12.999999999999998 26 23
leaf_count=259 8 72 6 20 5 5 49 13 26 23
internal_value=0 -6.93394e-05 -0.00039415 1.4908e-05 -1.09928e-05 -0.000641708 0.000139156 8.65567e-06 0.00020752 -1.88469e-05
internal_weight=0 86 14 400 331 10 69 321 39 282
internal_count=486 86 14 400 331 10 69 321 39 282
is_linear=0
shrinkage=0.1


Tree=395
num_leaves=6
num_cat=0
split_feature=98 95 38 45 15
split_gain=4.96245e-05 0.00010441 6.16963e-05 0.000109113 9.72973e-05
threshold=6.1416464561618449 7.1447997903071299 6.1862001562848912 7.4802334233887304 7.2044048892755299
decision_type=2 2 2 2 2
left_child=1 2 3 4 -1
right_child=-2 -3 -4 -5 -6
leaf_value=5.1663938821765393e-06 -0.00026433135457669518 0.00041839554566346733 0.00027395171837270028 -0.00039796148609769135 -0.00040019124571699649
leaf_weight=452 6.9999999999999991 5.9999999999999991 7.9999999999999991 6.9999999999999991 5.9999999999999991
leaf_count=452 7 6 8 7 6
internal_value=0 3.86288e-06 -1.39546e-06 -6.13262e-06 -1.43968e-07
internal_weight=0 479 473 465 458
internal_count=486 479 473 465 458
is_linear=0
shrinkage=0.1


Tree=396
num_leaves=11
num_cat=0
split_feature=52 60 42 40 33 33 21 21 40 39
split_gain=4.71234e-05 0.000168739 0.000120592 0.000154536 0.00022512 0.00023842 0.000137102 0.000253698 0.000135462 0.000114417
threshold=7.8058753204502649 5.7397877426443378 7.3770474648161253 4.5950688323293329 5.3518469026947413 5.0497738177202995 6.2441499336494966 5.4337124689388192 4.9904094477362264 9.7207486360014794
decision_type=2 2 2 2 2 2 2 2 2 2
left_child=2 -2 3 6 5 -5 7 -1 -4 -6
right_child=1 -3 8 4 9 -7 -8 -9 -10 -11
leaf_value=5.5678940309325962e-06 0.00041679927142633283 -0.00015077298070536929 -0.00062386164984976219 0.00022754100686547138 0.00094855558127164867 -0.00050034834615265327 0.00050995716126635672 -0.00030170019057675686 -9.4754454388748857e-05 0.00027204268146306269
leaf_weight=366 11.000000000000002 9.9999999999999982 6.0000000000000027 18.000000000000004 4.9999999999999982 5.9999999999999991 4.9999999999999991 29 25 5
leaf_count=366 11 10 6 18 5 6 5 29 25 5
internal_value=0 0.000146527 -6.61734e-06 6.99302e-06 0.000211666 4.55687e-05 -1.04042e-05 -1.6991e-05 -0.000197162 0.000610299
internal_weight=0 21 465 434 34 24 400 395 31 10
internal_count=486 21 465 434 34 24 400 395 31 10
is_linear=0
shrinkage=0.1


Tree=397
num_leaves=11
num_cat=0
split_feature=85 85 81 87 70 51 49 73 58 79
split_gain=4.42937e-05 0.00026682 0.000246448 0.000241942 0.000200056 0.000144573 0.000194054 0.000136581 0.000144866 0.000130983
threshold=4.912546742554059 5.1119152036137292 1.8688348091416842 4.317399216745252 2.6735537653587347 2.1383330595080277 7.0518552481501855 3.8064155152036787 4.2555875595453383 8.944858178201331
decision_type=2 2 2 2 2 2 2 2 2 2
left_child=3 4 -3 9 -2 -4 -7 8 -6 -1
right_child=1 2 5 -5 7 6 -8 -9 -10 -11
leaf_value=-2.9642967669956908e-05 0.00079359974091251697 -0.00064839439388985438 0.00044841193510884681 -0.00061092309354405323 0.00019448257851763627 -0.00040388261283321001 1.0691041316307871e-05 0.00050727113007774784 -0.00033408559393137698 0.00035986282940333092
leaf_weight=212 5.9999999999999991 5.9999999999999991 6.9999999999999991 6.9999999999999991 20.000000000000004 11.999999999999998 191 8.9999999999999982 6.9999999999999991 8.9999999999999982
leaf_count=212 6 6 7 7 20 12 191 9 7 9
internal_value=0 2.83799e-05 -1.64634e-05 -3.21141e-05 0.000259002 1.59181e-06 -1.38158e-05 0.000169903 5.74464e-05 -1.37807e-05
internal_weight=0 258 216 228 42 210 203 36 27 221
internal_count=486 258 216 228 42 210 203 36 27 221
is_linear=0
shrinkage=0.1


Tree=398
num_leaves=11
num_cat=0
split_feature=31 96 25 72 59 90 49 15 30 13
split_gain=4.44484e-05 0.000222565 0.000276207 0.000214595 0.000275966 0.000349317 0.000214364 0.00017629 0.000166171 0.000647595
threshold=2.1383330595080277 3.2180751841847144 4.6913057964583187 1.0397207708399181 6.6694175608141011 3.1345481418531311 5.0237939482549434 4.9904094477362264 2.602003343538398 2.0126758453675748
decision_type=2 2 2 2 2 2 2 2 2 2
left_child=1 3 -3 4 5 -1 -5 -8 9 -2
right_child=8 2 -4 6 -6 -7 7 -9 -10 -11
leaf_value=-0.0011662364749229577 1.6297116444943443e-05 0.00090458657592535025 -5.6994242731889251e-06 0.00053642813193922239 4.7994528540584727e-05 -7.1860534371808162e-05 -1.1237669013116472e-05 -0.00045263412281532187 -1.1575232770572907e-05 0.00090420247986912729
leaf_weight=7.0000000000000018 46 4.9999999999999991 9.9999999999999982 5.9999999999999991 7.9999999999999991 5 51 10.999999999999998 327 9.9999999999999982
leaf_count=7 46 5 10 6 8 5 51 11 327 10
internal_value=0 -5.83164e-05 0.000297729 -0.000119006 -0.00040695 -0.000710246 -3.43166e-05 -8.95499e-05 1.5683e-05 0.000174852
internal_weight=0 103 15 88 20 12 68 62 383 56
internal_count=486 103 15 88 20 12 68 62 383 56
is_linear=0
shrinkage=0.1


Tree=399
num_leaves=11
num_cat=0
split_feature=4 4 95 95 65 75 60 68 9 68
split_gain=4.04103e-05 0.00027556 0.000356764 0.000218645 0.000187178 0.000417491 0.000178981 0.000151192 0.000145232 0.000149226
threshold=1.8688348091416842 2.524928003624769 4.3036997296511936 4.7957563937576522 3.9316333620047872 3.9316333620047872 3.1984648276080736 2.9430520157250784 5.2148766803949993 1.9356005054539456
decision_type=2 2 2 2 2 2 2 2 2 2
left_child=4 2 -2 -4 5 6 -1 -6 -3 -10
right_child=1 8 3 -5 7 -7 -8 -9 9 -11
leaf_value=0.00010558537997273981 1.1208515896118785e-05 0.00046320912827338493 -0.00095570265936354792 -0.00021052572077938489 0.00014394978352356698 -0.00081029997866911201 -0.0005160021891788347 0.00075875093073894586 -0.00032928102345277489 1.5959470563591013e-05
leaf_weight=63 19 6.9999999999999991 8.9999999999999982 6.9999999999999991 12.000000000000002 5.9999999999999991 4.9999999999999991 5.9999999999999991 12.999999999999998 339
leaf_count=63 19 7 9 7 12 6 5 6 13 339
internal_value=0 -1.39339e-05 -0.000281773 -0.000629688 5.96736e-05 -1.06748e-05 5.98804e-05 0.000348883 1.21785e-05 3.20911e-06
internal_weight=0 394 35 16 92 74 68 18 359 352
internal_count=486 394 35 16 92 74 68 18 359 352
is_linear=0
shrinkage=0.1


Tree=400
num_leaves=11
num_cat=0
split_feature=38 38 45 13 3 12 31 93 20 13
split_gain=4.09989e-05 0.000345372 0.000549151 0.00034123 0.000201209 0.000345106 0.000189292 0.000169796 0.000247426 0.000191773
threshold=3.5408542930527882 3.7132745361986528 4.2625806805327082 3.4334666422309414 1.0397207708399181 4.7790881836238563 2.524928003624769 2.191013317336941 3.1345481418531311 2.0126758453675748
decision_type=2 2 2 2 2 2 2 2 2 2
left_child=6 2 -2 -4 5 -3 -1 -8 9 -9
right_child=1 4 3 -5 -6 -7 7 8 -10 -11
leaf_value=-4.6694847347265281e-05 0.00044137188233435128 0.00013634599771259156 -0.00035544244644067162 -0.001279063301626593 2.9307087862280276e-05 -0.0008566384449035727 2.512556539740116e-05 0.00029892286138419869 -7.3931216717359018e-05 0.00089856833205885782
leaf_weight=115 6.0000000000000027 6.9999999999999982 12.000000000000002 5.9999999999999991 253 7 45 16.000000000000004 10.999999999999998 7.9999999999999991
leaf_count=115 6 7 12 6 253 7 45 16 11 8
internal_value=0 -2.3776e-05 -0.000387144 -0.000663316 8.88631e-06 -0.000360146 3.54811e-05 0.000153609 0.000318802 0.000498805
internal_weight=0 291 24 18 267 14 195 80 35 24
internal_count=486 291 24 18 267 14 195 80 35 24
is_linear=0
shrinkage=0.1


Tree=401
num_leaves=11
num_cat=0
split_feature=22 22 48 85 22 0 21 23 32 84
split_gain=4.19374e-05 0.000335028 0.00030282 0.000441021 0.000279931 0.000289496 0.000231927 0.000219923 0.000170396 0.000323532
threshold=6.9304942881815519 6.7510460642051404 4.9344480538832558 5.0688844241303981 6.5524987294602086 4.6346818562128229 5.4160905255636633 4.1430087342023825 6.2401219279770048 5.2626767655455557
decision_type=2 2 2 2 2 2 2 2 2 2
left_child=1 4 3 -2 8 -6 -3 -7 -1 -10
right_child=2 6 -4 -5 5 7 -8 -9 9 -11
leaf_value=-8.8668523972421589e-06 -0.00010245582829652864 0.00014736109030006142 1.8709228586074856e-05 -0.0012351379357278347 0.00022306961306769923 -0.0010300045910601808 0.00076908870444943511 -0.00029808177577461513 0.00055008131957947617 -9.6366794314235445e-05
leaf_weight=303 10.999999999999998 18.000000000000004 83 4.9999999999999991 7.0000000000000027 6.0000000000000027 8.9999999999999982 12.999999999999998 16.000000000000004 14.999999999999998
leaf_count=303 11 18 83 5 7 6 9 13 16 15
internal_value=0 1.48575e-05 -5.80792e-05 -0.000456419 -1.06235e-05 -0.000326677 0.000354604 -0.000529215 1.39795e-05 0.000237284
internal_weight=0 387 99 16 360 26 27 19 334 31
internal_count=486 387 99 16 360 26 27 19 334 31
is_linear=0
shrinkage=0.1


Tree=402
num_leaves=11
num_cat=0
split_feature=73 66 92 26 65 31 41 43 72 64
split_gain=4.04978e-05 0.000316432 0.000206488 0.000248766 0.000214737 0.000200682 0.000277343 0.000187696 0.000201645 0.00024653
threshold=3.8064155152036787 2.8029010331479989 4.0428973506407848 2.9430520157250784 5.379886735236628 3.3497501700808394 4.2045812236012674 4.3437210834879627 4.8903208612686422 4.4995626957636246
decision_type=2 2 2 2 2 2 2 2 2 2
left_child=1 7 -3 -4 -5 -2 -7 8 9 -1
right_child=5 2 3 4 -6 6 -8 -9 -10 -11
leaf_value=-9.9552725157461485e-06 0.00031329063906172376 -0.00075409292808866933 0.0001787092210828892 -0.00065946359463850955 -0.0001133444844728931 -0.00039760206072969595 4.1107998150154948e-05 -0.0005829507787711919 0.00015513462145514092 -0.00072366842534393077
leaf_weight=151 23 6.9999999999999991 13.999999999999998 12.000000000000002 18 15.999999999999998 145 4.9999999999999991 90 4.9999999999999991
leaf_count=151 23 7 14 12 18 16 145 5 90 5
internal_value=0 -2.25322e-05 -0.000249617 -0.00016936 -0.000331792 3.69821e-05 -2.49052e-06 2.36087e-05 3.59371e-05 -3.28307e-05
internal_weight=0 302 51 44 30 184 161 251 246 156
internal_count=486 302 51 44 30 184 161 251 246 156
is_linear=0
shrinkage=0.1


Tree=403
num_leaves=11
num_cat=0
split_feature=62 70 82 62 7 72 58 59 93 0
split_gain=4.11707e-05 0.000214573 0.000290776 0.000173814 0.000160107 0.00014379 0.000142842 0.00018715 0.000139465 0.000232837
threshold=4.1430087342023825 2.524928003624769 4.1891953942678901 4.007167868649713 1.8688348091416842 5.598394523403428 1.9356005054539456 6.3664173042972605 2.9430520157250784 1.5890269151739729
decision_type=2 2 2 2 2 2 2 2 2 2
left_child=3 2 -2 8 -3 -4 -6 -8 9 -1
right_child=1 4 5 -5 6 -7 7 -9 -10 -11
leaf_value=-8.5668876896046898e-05 -0.00080957509843366496 0.00032176455752050973 -0.00021310094981022451 0.00043232062492858277 -0.00041959037298511248 0.00024093707324936988 0.00043398719455581161 -5.6329956356908905e-06 -0.00026702102370715391 0.0002756425089134404
leaf_weight=42 6.9999999999999991 15.999999999999998 31 10.999999999999998 7.9999999999999991 8.9999999999999982 9.9999999999999982 306 14.999999999999998 31
leaf_count=42 7 16 31 11 8 9 10 306 15 31
internal_value=0 -1.4721e-05 -0.000214994 5.75458e-05 1.29638e-05 -0.000110942 -2.28564e-06 8.27904e-06 1.0699e-05 6.77647e-05
internal_weight=0 387 47 99 340 40 324 316 88 73
internal_count=486 387 47 99 340 40 324 316 88 73
is_linear=0
shrinkage=0.1


Tree=404
num_leaves=11
num_cat=0
split_feature=10 15 95 74 20 91 33 22 49 22
split_gain=3.98773e-05 0.00025469 0.000159491 0.000312715 0.000147556 0.000185546 0.00013634 0.000108358 0.000282436 0.00026385
threshold=3.8499212036984933 6.5847761301033945 3.0868930519509687 4.3107766033702406 3.8815106545092593 5.1532748880139918 4.2625806805327082 6.680847594457533 9.5257817544843615 6.9304942881815519
decision_type=2 2 2 2 2 2 2 2 2 2
left_child=1 4 3 -2 -1 6 -6 8 -4 -9
right_child=2 -3 7 -5 5 -7 -8 9 -10 -11
leaf_value=-6.3827882724475848e-06 -0.00082798941958961761 0.00073052638676017522 -5.6094542037982968e-05 0.00015584435604978352 0.00021418374284015349 -0.00019912237534299495 0.00092122978530824169 0.00030388650905886858 -0.00084664231631904853 -4.0724372543321047e-05
leaf_weight=276 6.9999999999999982 4.9999999999999991 47 6 5.9999999999999982 4.9999999999999991 5 29 4.9999999999999991 95
leaf_count=276 7 5 47 6 6 5 5 29 5 95
internal_value=0 2.28506e-05 -3.59081e-05 -0.000373912 1.07328e-05 0.000305977 0.000535568 -1.09418e-05 -0.000132109 3.98701e-05
internal_weight=0 297 189 13 292 16 11 176 52 124
internal_count=486 297 189 13 292 16 11 176 52 124
is_linear=0
shrinkage=0.1


Tree=405
num_leaves=6
num_cat=0
split_feature=98 95 38 45 52
split_gain=3.84093e-05 7.47718e-05 4.29603e-05 8.8849e-05 7.44436e-05
threshold=6.1416464561618449 7.1447997903071299 6.1862001562848912 7.4802334233887304 7.8365657114726561
decision_type=2 2 2 2 2
left_child=1 2 3 4 -1
right_child=-2 -3 -4 -5 -6
leaf_value=-6.4911937518450599e-06 -0.00023255137576987702 0.00035419566168760262 0.00022871392559409287 -0.00035858097294944209 0.00023627868526651023
leaf_weight=445 6.9999999999999991 5.9999999999999991 7.9999999999999991 6.9999999999999991 12.999999999999998
leaf_count=445 7 6 8 7 13
internal_value=0 3.39846e-06 -1.0514e-06 -5.00436e-06 3.99654e-07
internal_weight=0 479 473 465 458
internal_count=486 479 473 465 458
is_linear=0
shrinkage=0.1


Tree=406
num_leaves=9
num_cat=0
split_feature=89 24 74 73 74 74 26 56
split_gain=3.84568e-05 5.01299e-05 5.08005e-05 0.000300806 0.000166741 0.000138814 0.000178974 0.00014517
threshold=10.395425808672428 6.6355296032743123 4.8597823571876004 5.1589892359258025 4.3107766033702406 5.2417330174952186 4.5746578350692051 2.1383330595080281
decision_type=2 2 2 2 2 2 2 2
left_child=1 2 3 4 -1 6 -4 -7
right_child=-2 -3 5 -5 -6 7 -8 -9
leaf_value=-2.0780551813837294e-05 -0.00023269499901549092 0.00025162593301502055 -0.00025839683899945621 0.00079084272962063554 0.00018314230722527546 0.00054425004404038194 0.00032462254457641396 -9.0312478485667167e-06
leaf_weight=273 6.9999999999999991 7.9999999999999991 43 4.9999999999999991 47 4.9999999999999991 5.9999999999999991 92
leaf_count=273 7 8 43 5 47 5 6 92
internal_value=0 3.40055e-06 -8.15588e-07 2.11963e-05 9.17062e-06 -4.98147e-05 -0.000187007 1.94884e-05
internal_weight=0 479 471 325 320 146 49 97
internal_count=486 479 471 325 320 146 49 97
is_linear=0
shrinkage=0.1


Tree=407
num_leaves=11
num_cat=0
split_feature=10 15 95 74 23 23 70 31 23 51
split_gain=3.94083e-05 0.000206673 0.000127859 0.000247706 0.000121513 0.000159081 0.000214654 0.000147676 0.000125692 8.49647e-05
threshold=3.8499212036984933 6.5847761301033945 3.0868930519509687 4.3107766033702406 4.4187680230537838 3.2769667020129059 3.1345481418531311 2.1383330595080277 4.7664292796317111 3.6632328069201612
decision_type=2 2 2 2 2 2 2 2 2 2
left_child=1 4 3 -2 5 7 -7 -1 -6 -4
right_child=2 -3 9 -5 8 6 -8 -9 -10 -11
leaf_value=-7.0454603072986094e-05 -0.00074246330103570879 0.00066020092926919469 -0.00018819798036323241 0.00013315667650507139 0.00052744222015866781 -0.00058176731952698903 -6.2447041534305285e-05 9.5797897336403958e-05 1.2321268732193859e-05 1.4266153661723316e-05
leaf_weight=88 6.9999999999999982 4.9999999999999991 24 6 9.0000000000000018 9.9999999999999982 39 136 9.9999999999999982 152
leaf_count=88 7 5 24 6 9 10 39 136 10 152
internal_value=0 2.27158e-05 -3.56963e-05 -0.000338331 1.18e-05 -5.21831e-06 -0.000168431 3.04844e-05 0.000256326 -1.33426e-05
internal_weight=0 297 189 13 292 273 49 224 19 176
internal_count=486 297 189 13 292 273 49 224 19 176
is_linear=0
shrinkage=0.1


Tree=408
num_leaves=11
num_cat=0
split_feature=62 70 60 79 93 62 7 84 10 79
split_gain=4.28049e-05 0.000160557 0.000252297 0.000135889 0.000250136 0.000132985 0.000125487 0.000121501 0.000248097 0.000187036
threshold=4.1430087342023825 2.524928003624769 2.8617925509761908 6.8051648535121192 3.1132683346437333 4.007167868649713 1.8688348091416842 1.2424533248940004 3.6505739029280164 7.0850628910679374
decision_type=2 2 2 2 2 2 2 2 2 2
left_child=5 2 3 4 -2 -1 -3 8 -8 -9
right_child=1 6 -4 -5 -6 -7 7 9 -10 -11
leaf_value=1.7699989383469403e-05 -0.00082941457124737416 0.00028232117447259954 -0.00074209556083327957 5.1442428375594321e-05 4.1457552773257101e-06 0.00038649146286347377 -0.00052436425086433206 0.00027631311560980974 6.3772057728783693e-05 -9.5918735708740618e-06
leaf_weight=88 5.9999999999999991 15.999999999999998 6.9999999999999991 25 8.9999999999999982 10.999999999999998 13.000000000000002 25 15.999999999999998 270
leaf_count=88 6 16 7 25 9 11 13 25 16 270
internal_value=0 -1.50103e-05 -0.000188251 -9.13279e-05 -0.000329278 5.86768e-05 8.93758e-06 -4.56284e-06 -0.000199875 1.46374e-05
internal_weight=0 387 47 40 15 99 340 324 29 295
internal_count=486 387 47 40 15 99 340 324 29 295
is_linear=0
shrinkage=0.1


Tree=409
num_leaves=11
num_cat=0
split_feature=42 37 84 74 44 90 98 56 50 1
split_gain=3.8908e-05 0.000258195 0.000206431 0.00020772 0.000183667 0.000159384 0.000157373 0.000118459 0.000191257 0.000411883
threshold=1.5890269151739729 2.1383330595080281 3.6505739029280164 2.1383330595080281 3.5694334999727624 1.9356005054539456 1.0397207708399181 0.8958797346140277 2.740319461670996 3.0433873634561537
decision_type=2 2 2 2 2 2 2 2 2 2
left_child=1 2 3 6 -5 -4 -1 8 -2 -10
right_child=7 -3 5 4 -6 -7 -8 -9 9 -11
leaf_value=0.00073465078137814957 1.694673396117401e-05 -0.00053997071615109846 0.00020742388954723929 -0.00057212475949199872 0.00010549392827670091 0.00094665290380362404 9.1919875558232889e-05 1.7014814356490902e-05 -0.00068940932396799326 -2.6580527774058285e-05
leaf_weight=5.0000000000000027 51 5.9999999999999991 6.9999999999999982 7.9999999999999991 7.9999999999999991 5 15.999999999999998 340 14.999999999999998 25
leaf_count=5 51 6 7 8 8 5 16 340 15 25
internal_value=0 7.9206e-05 0.000155024 3.81331e-05 -0.000233315 0.000515436 0.000244951 -1.01075e-05 -0.000111444 -0.000275141
internal_weight=0 55 49 37 16 12 21 431 91 40
internal_count=486 55 49 37 16 12 21 431 91 40
is_linear=0
shrinkage=0.1


Tree=410
num_leaves=11
num_cat=0
split_feature=49 49 49 13 58 74 82 65 51 39
split_gain=4.16248e-05 0.000264727 0.000159376 0.000150549 0.000147688 0.000200477 0.000143615 0.000137206 0.000135853 0.000131217
threshold=8.4930825404151395 8.7760052700544779 8.3388985747531006 4.2625806805327082 4.1107394736335969 4.9052473428434826 5.9964025824430864 4.3943729409690677 4.5950688323293329 8.2385367904938374
decision_type=2 2 2 2 2 2 2 2 2 2
left_child=2 3 9 -2 5 -3 -5 -6 -4 -1
right_child=1 4 8 6 7 -7 -8 -9 -10 -11
leaf_value=2.4369169908614362e-05 -8.1773035151400119e-05 0.00083704563789069666 0.00014810157736064864 -0.00025135659800273267 0.00034721140109468253 7.9797780407326549e-06 -0.00085528997338509992 -3.5933996402421214e-05 0.00074107710737735032 -0.00022548789123032729
leaf_weight=244 15.999999999999998 4.9999999999999982 17.000000000000004 8.9999999999999982 9.9999999999999982 7 6.9999999999999991 143 4.9999999999999991 23
leaf_count=244 16 5 17 9 10 7 7 143 5 23
internal_value=0 -3.54465e-05 2.41625e-05 -0.000298675 1.56039e-05 0.000353424 -0.000515577 -1.08918e-05 0.000282869 2.8459e-06
internal_weight=0 197 289 32 165 12 16 153 22 267
internal_count=486 197 289 32 165 12 16 153 22 267
is_linear=0
shrinkage=0.1


Tree=411
num_leaves=11
num_cat=0
split_feature=71 84 38 57 47 14 33 24 36 68
split_gain=3.74133e-05 0.000182364 0.000213624 0.000194225 0.000142971 0.000253203 0.000323691 0.000205516 0.000176628 0.00026942
threshold=3.3497501700808394 3.8499212036984933 2.191013317336941 3.0201273556387074 1.4978661367769956 3.9701138825728512 0.89587973461402759 2.524928003624769 1.4978661367769956 3.3497501700808394
decision_type=2 2 2 2 2 2 2 2 2 2
left_child=4 2 -2 -3 5 6 -1 -7 9 -6
right_child=1 3 -4 -5 8 7 -8 -9 -10 -11
leaf_value=0.00030965873432658807 -0.0006788629148754159 0.00026631029024178261 -0.00010055480696331099 -1.1532496001133329e-05 0.00019163350129929309 0.00013047302723862231 -8.4498101991689389e-05 -0.0006427435924045064 4.3024290092982988e-05 0.0010326020838692784
leaf_weight=29 6.9999999999999991 29 73 190 16.000000000000004 4.9999999999999991 74 10.999999999999998 47 4.9999999999999991
leaf_count=29 7 29 73 190 16 5 74 11 47 5
internal_value=0 -2.19422e-05 -0.000151157 2.52595e-05 3.50841e-05 -3.10132e-05 2.64781e-05 -0.000401113 0.000150754 0.000391864
internal_weight=0 299 80 219 187 119 103 16 68 21
internal_count=486 299 80 219 187 119 103 16 68 21
is_linear=0
shrinkage=0.1


Tree=412
num_leaves=11
num_cat=0
split_feature=19 74 34 29 4 48 46 43 13 83
split_gain=3.6167e-05 0.000226028 0.000234464 0.000103344 0.000124088 7.28612e-05 6.03522e-05 0.000133907 0.000166848 0.000141457
threshold=5.0237939482549434 3.2180751841847144 3.6505739029280164 5.6899940907710844 2.7058230259275202 1.0397207708399181 0.8958797346140277 2.8029010331479989 1.8688348091416844 3.2769667020129059
decision_type=2 2 2 2 2 2 2 2 2 2
left_child=1 2 5 4 -2 -1 7 8 -5 -9
right_child=3 -3 -4 6 -6 -7 -8 9 -10 -11
leaf_value=-9.501340504761568e-05 -0.00052926269272575161 -0.00031766213424917728 0.00087917626835405834 -2.1397409748585361e-05 0.00010578619781881571 0.00031975564397725977 -1.7631901187604109e-05 -0.00039345417575201603 0.00028317580306336183 0.0001815933468086379
leaf_weight=9.0000000000000089 7.9999999999999982 8.9999999999999982 4.9999999999999991 35 5 7.9999999999999991 352 11.000000000000002 37 6.9999999999999991
leaf_count=9 8 9 5 35 5 8 352 11 37 7
internal_value=0 0.000104511 0.000277218 -7.12054e-06 -0.000285013 0.000100172 1.05277e-06 7.41306e-05 0.000135119 -0.000169825
internal_weight=0 31 22 455 13 17 442 90 72 18
internal_count=486 31 22 455 13 17 442 90 72 18
is_linear=0
shrinkage=0.1


Tree=413
num_leaves=6
num_cat=0
split_feature=58 45 19 58 92
split_gain=3.52937e-05 6.40158e-05 6.31803e-05 6.17629e-05 5.25445e-05
threshold=6.1974365842109203 7.29940641775526 10.396807285218456 5.8777004722919655 7.0166060642627874
decision_type=2 2 2 2 2
left_child=1 2 3 4 -1
right_child=-2 -3 -4 -5 -6
leaf_value=1.6720951933280048e-05 0.00022292020190174561 -0.00028376324826240307 0.00032393368795358889 -0.00029744919665972705 -7.5305927817385677e-05
leaf_weight=384 6.9999999999999991 7.9999999999999991 5.9999999999999991 6.9999999999999991 74
leaf_count=384 7 8 6 7 74
internal_value=0 -3.25771e-06 1.50672e-06 -2.65363e-06 1.85198e-06
internal_weight=0 479 471 465 458
internal_count=486 479 471 465 458
is_linear=0
shrinkage=0.1


Tree=414
num_leaves=11
num_cat=0
split_feature=73 5 6 8 47 47 39 33 6 30
split_gain=3.36361e-05 9.74671e-05 0.000194812 0.000318168 0.000128417 0.000290584 0.000206526 0.000127115 9.20421e-05 8.84128e-05
threshold=5.9750802605835984 5.5234569284970156 5.6869696108313716 5.3131938456227115 4.6346818562128229 4.7360445312007302 9.4836445735874602 5.3032925319746216 6.8023330311185415 5.1618877947679662
decision_type=2 2 2 2 2 2 2 2 2 2
left_child=1 4 3 -3 6 -6 -1 -7 -2 -4
right_child=8 2 9 -5 5 7 -8 -9 -10 -11
leaf_value=3.2862173740865275e-06 0.00021743710256652614 -0.0010048056448188922 -8.9387752770121699e-05 -4.1483653876639441e-05 0.00090859455987811033 -0.00028781854946698446 -0.00064378022681921721 0.0002282582743403812 -0.00012685799641379465 0.00030188678127680244
leaf_weight=366 22 5.9999999999999991 33 7.9999999999999991 5.0000000000000027 7.0000000000000027 4.9999999999999991 14.999999999999998 11.999999999999998 6.9999999999999991
leaf_count=366 22 6 33 8 5 7 5 15 12 7
internal_value=0 -7.21531e-06 -0.000133283 -0.000454336 9.88938e-06 0.000220449 -5.43435e-06 6.4052e-05 9.59212e-05 -2.09147e-05
internal_weight=0 452 54 14 398 27 371 22 34 40
internal_count=486 452 54 14 398 27 371 22 34 40
is_linear=0
shrinkage=0.1


Tree=415
num_leaves=11
num_cat=0
split_feature=35 35 35 92 21 51 47 30 50 86
split_gain=3.2673e-05 0.000231644 0.000159557 0.000205766 0.000117401 0.000162609 0.000158353 0.000112889 0.000109438 0.000140488
threshold=4.9593358439305844 4.912546742554059 5.1445790166580574 3.8703322009586212 4.1742689126930488 4.3437210834879627 1.4978661367769956 2.8617925509761908 4.2625806805327082 3.3667009459186801
decision_type=2 2 2 2 2 2 2 2 2 2
left_child=1 4 3 -2 -1 6 -6 -7 9 -5
right_child=2 -3 -4 8 5 7 -8 -9 -10 -11
leaf_value=3.405586647667694e-05 -0.00038821081747300926 -0.00064062246892717669 -8.8516573435407978e-06 0.00033277647916375741 -0.00067614815488923317 0.00046537639806047085 -0.00015660944811150498 -5.1914414291752988e-05 0.00068641730540548458 -0.00021312171787333988
leaf_weight=161 4.9999999999999991 5.9999999999999991 218 22.000000000000004 8.0000000000000018 4.9999999999999991 22 27 5.9999999999999991 5.9999999999999991
leaf_count=161 5 6 218 22 8 5 22 27 6 6
internal_value=0 -2.74679e-05 2.44753e-05 0.000210764 -1.09704e-05 -0.000127894 -0.000295153 2.89123e-05 0.000298849 0.000215798
internal_weight=0 229 257 39 223 62 30 32 34 28
internal_count=486 229 257 39 223 62 30 32 34 28
is_linear=0
shrinkage=0.1


Tree=416
num_leaves=11
num_cat=0
split_feature=52 60 42 29 34 24 32 38 40 20
split_gain=3.08643e-05 0.000118895 9.02589e-05 9.90872e-05 0.000121113 0.000241301 0.000128227 9.33884e-05 9.11853e-05 7.69416e-05
threshold=7.8058753204502649 5.7397877426443378 7.3770474648161253 9.6614598045816589 5.5872416446462791 5.609465086342035 6.9546224757073114 5.1957269410780187 5.2548844000372066 5.4026367991037016
decision_type=2 2 2 2 2 2 2 2 2 2
left_child=2 -2 3 4 6 -6 -1 -5 -4 -10
right_child=1 -3 8 7 5 -7 -8 -9 9 -11
leaf_value=-8.824736134233635e-06 0.00034545366176065388 -0.00013097220449708401 -0.00040146280847362827 0.00056254233932122592 0.00014446925139054661 -0.0008379780827090143 0.0002249246083665639 6.350743642542511e-05 0.00022428321535699058 -0.00018693734360008071
leaf_weight=383 11.000000000000002 9.9999999999999982 11.000000000000002 5.9999999999999991 4.9999999999999982 5 25 9.9999999999999982 7.0000000000000027 12.999999999999998
leaf_count=383 11 10 11 6 5 5 25 10 7 13
internal_value=0 0.000118584 -5.35542e-06 6.41941e-06 -2.92895e-06 -0.000346754 5.49814e-06 0.000250646 -0.000170203 -4.30101e-05
internal_weight=0 21 465 434 418 10 408 16 31 20
internal_count=486 21 465 434 418 10 408 16 31 20
is_linear=0
shrinkage=0.1


Tree=417
num_leaves=11
num_cat=0
split_feature=90 62 62 70 60 72 84 84 78 7
split_gain=3.04825e-05 2.85649e-05 0.000122669 0.000117591 0.000160111 0.000104995 9.90763e-05 0.000178732 0.000113796 8.4744e-05
threshold=6.0540424421008812 4.1430087342023825 4.007167868649713 2.524928003624769 2.8617925509761908 5.598394523403428 4.1107394736335969 3.6505739029280164 3.0201273556387074 1.8688348091416842
decision_type=2 2 2 2 2 2 2 2 2 2
left_child=1 2 6 4 5 -3 7 -1 -8 -5
right_child=-2 3 -4 9 -6 -7 8 -9 -10 -11
leaf_value=-2.4172268548192313e-06 -0.00020716953690030744 -0.00016743533394014044 0.00040325941129898033 0.0002361200487939641 -0.00059855751793033317 0.00022054731566135567 -0.00055928487175454708 0.00045170750818215313 5.6603706555809669e-05 2.9542066513954525e-07
leaf_weight=65 6.9999999999999991 31 8.9999999999999982 15.999999999999998 6.9999999999999991 8.9999999999999982 5.9999999999999982 9.9999999999999982 6 320
leaf_count=65 7 31 9 16 7 9 6 10 6 320
internal_value=0 3.02753e-06 5.18042e-05 -9.19848e-06 -0.00015735 -8.01392e-05 1.54468e-05 5.81327e-05 -0.000251341 1.15252e-05
internal_weight=0 479 96 383 47 40 87 75 12 336
internal_count=486 479 96 383 47 40 87 75 12 336
is_linear=0
shrinkage=0.1


Tree=418
num_leaves=11
num_cat=0
split_feature=19 74 34 29 4 4 39 46 46 16
split_gain=2.85818e-05 0.000186915 0.000192863 7.93988e-05 9.43268e-05 5.65078e-05 7.18173e-05 4.51265e-05 0.00012108 0.000168869
threshold=5.0237939482549434 3.2180751841847144 3.6505739029280164 5.6899940907710844 2.7058230259275202 3.0433873634561537 2.4563274428680266 0.8958797346140277 1.8688348091416842 0.8958797346140277
decision_type=2 2 2 2 2 2 2 2 2 2
left_child=1 2 5 4 -2 6 -1 -5 9 -9
right_child=3 -3 -4 7 -6 -7 -8 8 -10 -11
leaf_value=0.00021634133117913701 -0.00046286341894301596 -0.0002910038132944869 0.00079591146670281903 6.4025028267072532e-05 9.0816961601376521e-05 0.00037183507811278105 -0.00027293458891411622 -0.00037434672710895986 1.018754346475632e-05 -1.5651435158880694e-05
leaf_weight=6.0000000000000089 7.9999999999999982 8.9999999999999982 4.9999999999999991 90 5 4.9999999999999991 6 21 296 35
leaf_count=6 8 9 5 90 5 5 6 21 296 35
internal_value=0 9.29077e-05 0.000249962 -6.32998e-06 -0.000249909 8.93892e-05 -2.82966e-05 8.34126e-07 -1.53226e-05 -0.000150162
internal_weight=0 31 22 455 13 17 12 442 352 56
internal_count=486 31 22 455 13 17 12 442 352 56
is_linear=0
shrinkage=0.1


Tree=419
num_leaves=11
num_cat=0
split_feature=97 94 88 91 32 24 91 18 78 20
split_gain=2.87522e-05 0.000159679 0.000148443 0.00012774 0.000116217 0.00017755 9.67873e-05 0.00012168 0.000188436 0.000100374
threshold=4.2045812236012674 4.8121513051691478 4.465842055365858 4.6346818562128229 6.8522224550277082 4.0428973506407848 4.4425820475484112 4.465842055365858 2.3937458713910238 3.8815106545092593
decision_type=2 2 2 2 2 2 2 2 2 2
left_child=3 2 -2 6 5 -5 9 8 -8 -1
right_child=1 -3 -4 4 -6 -7 7 -9 -10 -11
leaf_value=-1.7508388627978084e-05 -0.00012438678386388348 -7.683340788844362e-07 -0.00079171730671077965 0.00030211116521202622 0.00049380709000009426 -0.00014273529831210479 3.4995150053873623e-05 0.00017392819087641936 -0.0006567902061053449 0.00014834596109129816
leaf_weight=241 9.9999999999999982 120 4.9999999999999991 19 8.9999999999999982 17 7.0000000000000062 5.9999999999999991 8.9999999999999982 43
leaf_count=241 10 120 5 19 9 17 7 6 9 43
internal_value=0 -3.92197e-05 -0.00034683 1.50845e-05 0.000172397 9.20448e-05 -8.04975e-06 -0.000210117 -0.000354134 7.60336e-06
internal_weight=0 135 15 351 45 36 306 22 16 284
internal_count=486 135 15 351 45 36 306 22 16 284
is_linear=0
shrinkage=0.1


Tree=420
num_leaves=11
num_cat=0
split_feature=93 96 72 31 49 91 73 61 63 51
split_gain=3.00386e-05 0.000150784 0.000140477 0.000191388 0.000162978 0.000162405 0.000167938 0.000125116 0.000114236 8.03685e-05
threshold=0.89587973461402759 2.9430520157250784 4.1107394736335969 2.1383330595080277 2.4563274428680266 3.891612008168019 4.6346818562128229 3.7609296261008152 4.007167868649713 2.3502401828962087
decision_type=2 2 2 2 2 2 2 2 2 2
left_child=1 2 3 4 -1 8 -7 -5 -4 -3
right_child=-2 9 5 7 -6 6 -8 -9 -10 -11
leaf_value=-0.00090388053795322778 -1.4156714728080398e-05 0.0006795970257371664 0.00027428428194390428 0.00022268689768120209 -0.00019181032306126629 -0.00029788484359468217 0.00025773072920856068 -0.00027994461570415299 -0.0001229608224497901 0.00016852220433065669
leaf_weight=4.9999999999999991 367 4.9999999999999991 37 13.000000000000002 8.9999999999999982 17.000000000000004 7.9999999999999991 7.9999999999999991 8.9999999999999982 7.9999999999999991
leaf_count=5 367 5 37 13 9 17 8 8 9 8
internal_value=0 4.36598e-05 4.23917e-06 -0.000159724 -0.000446121 8.50658e-05 -0.000120088 3.12082e-05 0.000196562 0.000365089
internal_weight=0 119 106 35 14 71 25 21 46 13
internal_count=486 119 106 35 14 71 25 21 46 13
is_linear=0
shrinkage=0.1


Tree=421
num_leaves=11
num_cat=0
split_feature=52 52 21 50 11 34 99 19 69 4
split_gain=3.10571e-05 0.000111107 0.000270087 0.000220419 0.000101536 0.000216679 9.5492e-05 8.89021e-05 0.000124202 9.04432e-05
threshold=1.9356005054539456 4.1107394736335969 1.0397207708399181 2.3502401828962087 3.3497501700808394 3.8064155152036787 3.7256208424938388 6.2970669235549011 6.937297114209442 2.249904835165133
decision_type=2 2 2 2 2 2 2 2 2 2
left_child=4 2 -2 6 5 7 -4 8 -1 -9
right_child=1 -3 3 -5 -6 -7 -8 9 -10 -11
leaf_value=-0.00044919464229938711 0.00027559606953420573 4.9591949795174105e-06 -0.00035049930237518196 -0.00079446365416515621 -0.00012641072856862785 0.00062070341984110655 0.00016453031178874274 0.00033678091384410007 0.00014651008511594097 -9.0566394283087001e-05
leaf_weight=6.9999999999999982 8.9999999999999982 392 9.0000000000000018 7.9999999999999991 19 7.9999999999999991 5.9999999999999991 13.000000000000002 7 7.9999999999999991
leaf_count=7 9 392 9 8 19 8 6 13 7 8
internal_value=0 -9.66663e-06 -0.000188833 -0.000370566 6.61073e-05 0.000151173 -0.000144487 4.38523e-05 -0.000151342 0.000173982
internal_weight=0 424 32 23 62 43 15 35 14 21
internal_count=486 424 32 23 62 43 15 35 14 21
is_linear=0
shrinkage=0.1


Tree=422
num_leaves=11
num_cat=0
split_feature=92 92 93 7 92 10 94 15 25 25
split_gain=2.82743e-05 0.000147626 0.000136673 0.000185802 0.000133539 0.000116315 8.22584e-05 7.6842e-05 0.000228337 0.000197655
threshold=6.6346255874044475 6.2460391568005056 4.234001473612734 5.5872416446462791 6.6732907755525082 3.9316333620047872 3.2180751841847144 4.9344480538832558 4.8903208612686422 5.0688844241303981
decision_type=2 2 2 2 2 2 2 2 2 2
left_child=1 7 5 -4 -2 -3 -6 8 -1 -9
right_child=4 2 3 -5 6 -7 -8 9 -10 -11
leaf_value=-5.790038944283996e-06 -0.00046298037549214702 0.00016959212371148169 0.00068414257257245461 3.7571443317574453e-05 0.0003828987292945385 -0.00027849547695950604 -3.020585725696051e-05 -0.00033546394480926331 0.00038027623616953329 -9.7253384651872798e-06
leaf_weight=155 6.9999999999999991 21.000000000000004 10.000000000000002 7.9999999999999991 4.9999999999999991 7.9999999999999991 134 23 17 98
leaf_count=155 7 21 10 8 5 8 134 23 17 98
internal_value=0 1.58057e-05 0.000180329 0.000396778 -3.68079e-05 4.59818e-05 -1.5346e-05 -1.05854e-05 3.23677e-05 -7.16426e-05
internal_weight=0 340 47 18 146 29 139 293 172 121
internal_count=486 340 47 18 146 29 139 293 172 121
is_linear=0
shrinkage=0.1


Tree=423
num_leaves=11
num_cat=0
split_feature=2 1 98 3 93 34 78 40 3 42
split_gain=2.78676e-05 0.000159564 0.000170104 0.000125369 0.000155333 0.000122139 0.000114915 0.000110133 0.000113683 9.33871e-05
threshold=3.7132745361986528 3.8499212036984933 2.3937458713910238 3.2951505240983434 4.4425820475484112 1.7005986908310777 3.7609296261008152 3.5549397315361362 4.0163424379838117 4.1430087342023825
decision_type=2 2 2 2 2 2 2 2 2 2
left_child=3 2 -2 -1 5 -5 -7 8 -4 -3
right_child=1 9 7 4 -6 6 -8 -9 -10 -11
leaf_value=-8.1364958574080713e-06 -0.0007863299455493684 -0.00042524911230430013 -0.00019930264938415747 0.00053437263898861893 -0.00027126635638220856 -8.2870512084231096e-05 0.00041523873951518911 -0.00053365444648079575 0.00039540649158880119 1.1312400028869814e-05
leaf_weight=175 5.0000000000000027 4.9999999999999991 9.0000000000000018 12.000000000000002 5.9999999999999991 11.000000000000002 7.9999999999999991 4.9999999999999991 4.9999999999999991 245
leaf_count=175 5 5 9 12 6 11 8 5 5 245
internal_value=0 -2.10632e-05 -0.000267359 2.72232e-05 0.000194465 0.000284607 0.00012686 -0.000130788 1.30935e-05 2.58117e-06
internal_weight=0 274 24 212 37 31 19 19 14 250
internal_count=486 274 24 212 37 31 19 19 14 250
is_linear=0
shrinkage=0.1


Tree=424
num_leaves=11
num_cat=0
split_feature=90 22 22 48 85 21 32 14 85 36
split_gain=2.75615e-05 2.78639e-05 0.000185577 0.000174415 0.000233486 0.00014777 0.000142543 0.000124184 9.53004e-05 7.6672e-05
threshold=6.0540424421008812 6.9304942881815519 6.7510460642051404 4.9344480538832558 5.0688844241303981 5.3469260919057175 6.7821689169642818 5.3423228052093945 4.6442059536981697 3.7132745361986528
decision_type=2 2 2 2 2 2 2 2 2 2
left_child=1 2 6 4 -3 -4 7 -1 -5 -10
right_child=-2 3 5 8 -6 -7 -8 -9 9 -11
leaf_value=-3.3173845775890238e-06 -0.0001969936860924853 -8.9135642734948888e-05 8.4577941197494494e-05 0.00034199344445369207 -0.00091329095885157592 0.00057460481999441985 -0.00042106493638129907 0.00039530961148557256 -0.00036396922660060228 8.7216506748834785e-06
leaf_weight=338 6.9999999999999991 10.999999999999998 16.000000000000004 7.9999999999999991 4.9999999999999991 9.9999999999999982 7.9999999999999991 7.9999999999999991 5.9999999999999991 69
leaf_count=338 7 11 16 8 5 10 8 8 6 69
internal_value=0 2.87882e-06 1.51894e-05 -4.43739e-05 -0.000346684 0.00027305 -3.74949e-06 5.89942e-06 1.39027e-05 -2.10936e-05
internal_weight=0 479 380 99 16 26 354 346 83 75
internal_count=486 479 380 99 16 26 354 346 83 75
is_linear=0
shrinkage=0.1


Tree=425
num_leaves=11
num_cat=0
split_feature=37 42 16 83 63 25 83 5 89 64
split_gain=2.81446e-05 0.000162983 0.000140456 0.00012169 0.000201704 0.000234763 0.000196076 0.000114256 7.19157e-05 0.00026446
threshold=2.4414009612931857 2.649158683274019 3.5549397315361362 2.6735537653587347 1.8688348091416844 4.4425820475484112 2.8029010331479989 4.0163424379838117 7.5373890202266365 4.2903656061101136
decision_type=2 2 2 2 2 2 2 2 2 2
left_child=2 -2 3 4 7 -6 -5 -1 9 -3
right_child=1 8 -4 6 5 -7 -8 -9 -10 -11
leaf_value=6.3070829269503629e-05 -0.00053594965332498154 -0.00069243814214132733 0.00055194475338794292 0.00058484012588451157 -0.00078274212012599586 -0.00011403618974284094 6.0186979960865137e-05 -0.00027943546830845828 1.0762728392085544e-05 -9.8308786740138512e-06
leaf_weight=85 5.9999999999999991 6.9999999999999991 4.9999999999999991 7.9999999999999991 7.0000000000000027 21 65 10.999999999999998 241 30
leaf_count=85 6 7 5 8 7 21 65 11 241 30
internal_value=0 -2.02953e-05 2.8534e-05 1.52495e-05 -4.50542e-05 -0.000281213 0.000117683 2.38253e-05 -9.1661e-06 -0.000138973
internal_weight=0 284 202 197 124 28 73 96 278 37
internal_count=486 284 202 197 124 28 73 96 278 37
is_linear=0
shrinkage=0.1


Tree=426
num_leaves=11
num_cat=0
split_feature=4 4 95 95 80 0 70 53 31 36
split_gain=2.74894e-05 0.00012989 0.000174116 0.000134897 9.35276e-05 0.000208008 0.000149587 0.000204143 0.000114115 8.89641e-05
threshold=1.8688348091416842 2.524928003624769 4.3036997296511936 4.7790881836238563 2.9174053685313028 3.1345481418531311 3.1345481418531311 0.89587973461402759 2.8314802400679731 2.3502401828962087
decision_type=2 2 2 2 2 2 2 2 2 2
left_child=9 2 -2 -4 5 -3 7 -6 -7 -1
right_child=1 4 3 -5 6 8 -8 -9 -10 -11
leaf_value=9.7716485835634741e-05 9.2968552244680112e-06 0.00041192455066587123 -0.00072879683648352511 -0.00014807085135544186 0.00020056441026099485 -0.00012829192083104159 4.3969375295296966e-06 -0.00038932685340775858 0.00013995104868497167 -0.00015016790138260049
leaf_weight=74 19 17 7.9999999999999991 7.9999999999999991 8.0000000000000018 29 248 22 35 18
leaf_count=74 19 17 8 8 8 29 248 22 35 18
internal_value=0 -1.14924e-05 -0.00019538 -0.000438434 6.43539e-06 0.000100994 -2.1116e-05 -0.000232023 1.84035e-05 4.92174e-05
internal_weight=0 394 35 16 359 81 278 30 64 92
internal_count=486 394 35 16 359 81 278 30 64 92
is_linear=0
shrinkage=0.1


Tree=427
num_leaves=11
num_cat=0
split_feature=71 84 57 38 87 58 73 84 83 37
split_gain=2.95989e-05 0.000130249 0.000130676 0.000124367 0.000104065 0.000123808 9.58549e-05 0.000125616 9.3523e-05 0.000126126
threshold=3.3497501700808394 3.8499212036984933 3.0201273556387074 2.191013317336941 3.9701138825728512 4.1107394736335969 2.8029010331479989 3.7012257604091228 3.0201273556387074 1.8688348091416842
decision_type=2 2 2 2 2 2 2 2 2 2
left_child=6 3 4 -2 5 -3 -1 8 -8 -10
right_child=1 2 -4 -5 -6 -7 7 -9 9 -11
leaf_value=-7.326774693551827e-06 -0.00053136147419406503 0.00019256782979937262 -9.8041421781066391e-06 -9.0108688926517219e-05 -0.00015279067180623923 0.00075506118126213552 0.00050003718537482199 -0.00022247322633899913 -1.8785114257803392e-06 0.0004983721608628652
leaf_weight=145 6.9999999999999991 18.000000000000007 190 73 5.9999999999999991 4.9999999999999991 9.9999999999999982 6.9999999999999991 18.000000000000004 6.9999999999999991
leaf_count=145 7 18 190 73 6 5 10 7 18 7
internal_value=0 -1.95166e-05 2.03744e-05 -0.000128718 0.000218096 0.000314849 3.12057e-05 0.000164235 0.000241576 0.000138192
internal_weight=0 299 219 80 29 23 187 42 35 25
internal_count=486 299 219 80 29 23 187 42 35 25
is_linear=0
shrinkage=0.1


Tree=428
num_leaves=11
num_cat=0
split_feature=74 6 64 7 81 61 83 10 33 33
split_gain=2.66536e-05 0.000112665 0.000216982 0.000196504 0.000118697 0.000120009 0.000114322 9.77313e-05 9.16432e-05 0.000144568
threshold=4.8597823571876004 5.0562255201382529 3.9316333620047872 5.0237939482549434 4.5107991236896536 4.5107991236896536 2.3502401828962087 3.8499212036984933 4.4425820475484112 4.2625806805327082
decision_type=2 2 2 2 2 2 2 2 2 2
left_child=1 3 -3 4 5 -1 -6 -5 9 -2
right_child=8 2 -4 7 6 -7 -8 -9 -10 -11
leaf_value=1.43873900784596e-05 -5.6464318341106087e-05 -0.00021758050352218552 0.00040833713529637961 -0.00012444192660041156 -3.1182617628170792e-06 -0.00025260927387636104 0.00048815104120876642 -0.00074968190863728508 3.8418230607571732e-05 -0.00045032359829003164
leaf_weight=260 61 8.0000000000000018 18 4.9999999999999982 9.0000000000000018 18 9.9999999999999982 5 81 10.999999999999998
leaf_count=260 61 8 18 5 9 18 10 5 81 11
internal_value=0 1.58739e-05 0.000215747 -1.05348e-06 1.36269e-05 -2.90016e-06 0.000255445 -0.000437062 -3.45491e-05 -0.000116637
internal_weight=0 333 26 307 297 278 19 10 153 72
internal_count=486 333 26 307 297 278 19 10 153 72
is_linear=0
shrinkage=0.1


Tree=429
num_leaves=11
num_cat=0
split_feature=7 7 6 0 36 79 70 33 5 88
split_gain=2.83402e-05 0.000153951 0.000129776 3.4489e-05 0.000170051 7.89028e-05 6.99287e-05 6.66191e-05 3.42101e-05 3.02264e-05
threshold=6.5610216630967022 6.462969825394751 6.5381387766044883 6.2970940576516137 4.8282817362782584 9.6896120095519009 5.003923783930186 6.2402739452473375 6.5381387766044883 5.8230283887867067
decision_type=2 2 2 2 2 2 2 2 2 2
left_child=1 3 -2 4 7 6 -5 -1 -4 -10
right_child=2 -3 8 5 -6 -7 -8 -9 9 -11
leaf_value=5.8013751047873683e-06 0.00055904156528413258 -0.00050863227224908771 -0.00023914188961498422 0.00014092153200181198 -0.00049568371614441278 0.00042571448836194279 -0.00017298265374847689 -0.00036144645418971781 0.00020982133158083477 -9.6050799281025917e-05
leaf_weight=408 5.0000000000000027 5.9999999999999991 5.0000000000000027 20.000000000000004 6.9999999999999991 5.9999999999999991 10.999999999999998 4.9999999999999991 6.9999999999999982 6
leaf_count=408 5 6 5 20 7 6 11 5 7 6
internal_value=0 -5.38217e-06 0.000108345 1.22506e-06 -6.92871e-06 9.37813e-05 2.95362e-05 1.35528e-06 -1.68481e-05 6.86496e-05
internal_weight=0 463 23 457 420 37 31 413 18 13
internal_count=486 463 23 457 420 37 31 413 18 13
is_linear=0
shrinkage=0.1


Tree=430
num_leaves=11
num_cat=0
split_feature=51 41 83 91 21 92 81 5 4 4
split_gain=2.34284e-05 0.000132352 0.000117438 0.000126394 0.000142943 9.99359e-05 8.06611e-05 0.000165547 0.000170279 6.85249e-05
threshold=2.1383330595080277 3.7609296261008152 2.6735537653587347 2.3937458713910238 2.524928003624769 2.4708212113046524 1.8688348091416842 2.249904835165133 4.2903656061101136 3.9701138825728512
decision_type=2 2 2 2 2 2 2 2 2 2
left_child=1 2 3 4 -1 -4 7 -2 -9 -5
right_child=6 -3 5 9 -6 -7 -8 8 -10 -11
leaf_value=-0.00040628952501720045 8.2681761765949558e-05 0.000461906148952299 0.00048806529121065963 -2.2603199474923758e-05 0.00020626713914680293 6.3283296832297413e-05 6.6694206559966496e-07 -0.00076746054858501484 -4.1476623058163867e-05 0.00028145973467164569
leaf_weight=16.000000000000004 12.000000000000002 6.9999999999999991 8.0000000000000018 42 4.9999999999999991 18 356 6.9999999999999982 6 8.9999999999999982
leaf_count=16 12 7 8 42 5 18 356 7 6 9
internal_value=0 4.18235e-05 1.18176e-05 -5.39652e-05 -0.000260443 0.000193985 -1.15262e-05 -0.000185156 -0.000432391 3.1055e-05
internal_weight=0 105 98 72 21 26 381 25 13 51
internal_count=486 105 98 72 21 26 381 25 13 51
is_linear=0
shrinkage=0.1


Tree=431
num_leaves=11
num_cat=0
split_feature=52 43 42 44 65 74 70 34 33 93
split_gain=2.31838e-05 8.16608e-05 5.82296e-05 6.84444e-05 8.84767e-05 6.3823e-05 0.000185577 0.000112413 5.79316e-05 7.42766e-05
threshold=7.8058753204502649 6.1569700081995915 7.3770474648161253 5.609465086342035 6.075343388724721 4.9052473428434826 4.3437210834879627 5.5872416446462791 6.2709723510396786 2.191013317336941
decision_type=2 2 2 2 2 2 2 2 2 2
left_child=2 -2 3 5 -5 6 -1 -7 9 -4
right_child=1 -3 8 4 -6 7 -8 -9 -10 -11
leaf_value=5.8501395913411513e-06 0.00035415193045764667 -5.1917026464182595e-05 0.00014071700104977916 0.00038643615320324901 -0.00012876304564997555 -4.3783789021997814e-05 0.00046642161259013754 -0.00045981388177876529 0.00014199499164533336 -0.00029020226706052201
leaf_weight=313 8.0000000000000018 12.999999999999998 5.0000000000000062 9.9999999999999982 4.9999999999999991 90 8.9999999999999982 6.9999999999999991 5.9999999999999991 20
leaf_count=313 8 13 5 10 5 90 9 7 6 20
internal_value=0 0.000102776 -4.64149e-06 4.81612e-06 0.000214703 -2.69773e-06 1.87233e-05 -7.38066e-05 -0.000137048 -0.000204018
internal_weight=0 21 465 434 15 419 322 97 31 25
internal_count=486 21 465 434 15 419 322 97 31 25
is_linear=0
shrinkage=0.1


Tree=432
num_leaves=11
num_cat=0
split_feature=99 96 75 93 52 8 89 90 93 91
split_gain=2.42363e-05 3.65897e-05 9.64243e-05 0.000102095 5.96244e-05 4.00279e-05 6.53811e-05 3.94274e-05 3.01215e-05 3.32412e-05
threshold=3.9415346756528771 4.4885732424042368 6.5847761301033945 4.7094896185437563 5.272986409146923 5.9532399610262798 9.6802727305176486 5.081385075233106 5.9427959306635048 5.9159077322731024
decision_type=2 2 2 2 2 2 2 2 2 2
left_child=1 5 3 -3 -5 6 7 -1 9 -2
right_child=8 2 -4 4 -6 -7 -8 -9 -10 -11
leaf_value=1.1170400622035223e-07 -1.1872118921019131e-05 0.00057436785864410926 -0.00025061530759558083 -0.00011438602930866182 0.00017810006715792597 0.00016829944506753237 -0.0003129306864658637 -0.00021158746838207461 3.3209453815490835e-05 -0.00034946645942649673
leaf_weight=391 5.0000000000000018 4.9999999999999991 6.9999999999999991 9.9999999999999982 23 12.999999999999998 6.9999999999999991 8.9999999999999982 8.9999999999999982 7
leaf_count=391 5 5 7 10 23 13 7 9 9 7
internal_value=0 4.74568e-06 9.04439e-05 0.000153271 8.94679e-05 -4.43627e-06 -9.95363e-06 -4.65153e-06 -0.000105083 -0.000208802
internal_weight=0 465 45 38 33 420 407 400 21 12
internal_count=486 465 45 38 33 420 407 400 21 12
is_linear=0
shrinkage=0.1


Tree=433
num_leaves=7
num_cat=0
split_feature=70 19 24 88 86 90
split_gain=2.12046e-05 3.14306e-05 4.07926e-05 3.76649e-05 4.2565e-05 1.66525e-05
threshold=6.1224543346576867 10.640855265423697 6.6355296032743123 5.9532129741149253 4.5270771443934281 3.5972184255501678
decision_type=2 2 2 2 2 2
left_child=1 2 3 4 -1 -5
right_child=-2 -3 -4 5 -6 -7
leaf_value=-8.3447875075974138e-06 0.00018682784866541624 -0.0002517475630156696 0.00023990717932714952 -5.1366323605179799e-05 9.9645897480513679e-05 -0.00029846797309195002
leaf_weight=417 5.9999999999999991 4.9999999999999991 6.9999999999999991 4.9999999999999982 40 6
leaf_count=417 6 5 7 5 40 6
internal_value=0 -2.33535e-06 2.90043e-07 -3.29397e-06 1.10735e-06 -0.000186149
internal_weight=0 480 475 468 457 11
internal_count=486 480 475 468 457 11
is_linear=0
shrinkage=0.1


Tree=434
num_leaves=11
num_cat=0
split_feature=62 62 49 53 53 74 10 18 47 5
split_gain=2.24487e-05 8.41808e-05 7.78034e-05 0.000123878 0.000187258 0.000170641 0.000141763 0.000139722 0.000115909 0.000129482
threshold=5.2626767655455557 5.3229980813168991 7.1008243828001545 2.1383330595080281 1.8688348091416844 1.2424533248940004 2.8617925509761908 1.0397207708399181 2.1383330595080281 4.6913057964583187
decision_type=2 2 2 2 2 2 2 2 2 2
left_child=2 -2 3 4 7 6 -5 -1 -4 -10
right_child=1 -3 8 5 -6 -7 -8 -9 9 -11
leaf_value=0.00030132502590556845 -0.00031931289348803051 -8.4422740276773616e-06 0.00031033442050795116 0.00020385832815788616 0.0004320819015530023 -0.00043150164594408125 -0.00028911535366205499 -5.1255148333351485e-05 -5.8762422067406027e-05 0.00044625360945550101
leaf_weight=12.999999999999998 8.9999999999999982 271 21 14.000000000000002 10.999999999999998 14.999999999999998 9.9999999999999982 83 33 5.9999999999999991
leaf_count=13 9 271 21 14 11 15 10 83 33 6
internal_value=0 -1.84345e-05 2.50567e-05 -1.43405e-05 4.12706e-05 -0.000166914 -1.54737e-06 -3.50992e-06 0.000120923 1.89324e-05
internal_weight=0 280 206 146 107 39 24 96 60 39
internal_count=486 280 206 146 107 39 24 96 60 39
is_linear=0
shrinkage=0.1


Tree=435
num_leaves=11
num_cat=0
split_feature=87 68 73 73 98 73 53 69 37 44
split_gain=2.2236e-05 9.21518e-05 8.53125e-05 0.000107669 0.000110476 0.000110221 0.000182416 0.000103292 0.000103907 9.60868e-05
threshold=2.1383330595080281 1.9356005054539456 2.740319461670996 2.3502401828962087 2.8314802400679731 1.8688348091416844 2.3502401828962087 6.3420656231066301 1.4978661367769956 1.7005986908310777
decision_type=2 2 2 2 2 2 2 2 2 2
left_child=2 -2 3 5 -5 9 -7 -4 -9 -1
right_child=1 -3 7 4 -6 6 -8 8 -10 -11
leaf_value=-0.00011839702748420679 -0.00037547327977206026 -8.3203520803990997e-06 0.00058300695614889265 -0.00064540091203525675 -6.9703109984402546e-05 0.00056765587069094157 -8.8624112413526754e-05 -5.9111838364563153e-05 0.00029296591305561984 6.5385363092046282e-05
leaf_weight=50 6.9999999999999991 292 4.9999999999999991 4.9999999999999991 9.9999999999999982 9.0000000000000018 7.9999999999999991 19 14.999999999999998 66
leaf_count=50 7 292 5 5 10 9 8 19 15 66
internal_value=0 -1.69159e-05 2.70474e-05 -7.62529e-06 -0.000261602 2.10187e-05 0.000258818 0.000158626 9.62166e-05 -1.38312e-05
internal_weight=0 299 187 148 15 133 17 39 34 116
internal_count=486 299 187 148 15 133 17 39 34 116
is_linear=0
shrinkage=0.1


Tree=436
num_leaves=11
num_cat=0
split_feature=71 58 58 88 78 71 1 93 33 93
split_gain=2.08993e-05 0.000109665 0.000116917 0.000205411 0.000110056 0.000127935 0.000100538 9.30167e-05 8.79988e-05 0.00013514
threshold=3.3497501700808394 3.6632328069201612 4.1742689126930488 4.6150714996361826 4.0773937863842606 4.0428973506407848 3.0433873634561537 2.5619819897016298 4.4425820475484112 1.5890269151739729
decision_type=2 2 2 2 2 2 2 2 2 2
left_child=-1 4 3 -3 5 6 -2 -7 9 -4
right_child=1 2 8 -5 -6 7 -8 -9 -10 -11
leaf_value=2.6221805150427031e-05 -0.00047320656426150384 8.293432474747147e-05 0.00016767079671678534 0.00075712085235863931 -0.00047863789077382538 -5.5705876210205516e-05 -8.0479283269596635e-05 0.00032854084630445061 3.2708434875010947e-05 -0.00017969163701699083
leaf_weight=187 11.000000000000002 47 13.999999999999998 4.9999999999999991 7.9999999999999991 21.000000000000004 15.999999999999998 8.9999999999999982 112 56
leaf_count=187 11 47 14 5 8 21 16 9 112 56
internal_value=0 -1.63996e-05 1.55193e-05 0.00014776 -0.000131308 -8.25596e-05 -0.000240479 5.95681e-05 -2.22637e-05 -0.000110219
internal_weight=0 299 234 52 65 57 27 30 182 70
internal_count=486 299 234 52 65 57 27 30 182 70
is_linear=0
shrinkage=0.1


Tree=437
num_leaves=11
num_cat=0
split_feature=38 38 45 16 3 12 18 20 47 43
split_gain=2.07353e-05 0.000150621 0.000238587 0.000158997 9.10715e-05 0.000131243 8.30827e-05 0.00014827 7.66796e-05 9.94283e-05
threshold=3.5408542930527882 3.7132745361986528 4.2625806805327082 2.3502401828962087 1.0397207708399181 4.7790881836238563 4.2903656061101136 3.6505739029280164 1.4978661367769956 2.0126758453675748
decision_type=2 2 2 2 2 2 2 2 2 2
left_child=8 2 -2 -4 5 -3 7 -6 9 -1
right_child=1 4 3 -5 6 -7 -8 -9 -10 -11
leaf_value=3.5055869234797268e-05 0.00028923500358359874 6.2564673342941604e-05 -0.00014170258978588707 -0.0007361156400293112 -3.0866546195841606e-05 -0.0005497910140547901 -1.3551804135524738e-05 0.00028370676897385898 0.00010810415114334114 -0.00016221965471332727
leaf_weight=88 6.0000000000000027 6.9999999999999982 9.0000000000000018 8.9999999999999982 31 7 193 29 71 36
leaf_count=88 6 7 9 9 31 7 193 29 71 36
internal_value=0 -1.69086e-05 -0.000256873 -0.000438909 4.66124e-06 -0.000243613 1.83997e-05 0.000121177 2.52328e-05 -2.22177e-05
internal_weight=0 291 24 18 267 14 253 60 195 124
internal_count=486 291 24 18 267 14 253 60 195 124
is_linear=0
shrinkage=0.1


Tree=438
num_leaves=11
num_cat=0
split_feature=92 92 92 93 7 23 98 44 44 24
split_gain=2.20479e-05 9.05971e-05 8.66995e-05 8.29659e-05 0.000104186 7.4219e-05 5.53427e-05 5.39474e-05 0.000112265 6.35257e-05
threshold=6.6346255874044475 6.6732907755525082 6.2460391568005056 4.234001473612734 5.5872416446462791 4.5742324841290491 4.7957563937576522 3.4960482137079443 3.8499212036984933 4.2903656061101136
decision_type=2 2 2 2 2 2 2 2 2 2
left_child=2 -2 6 5 -5 -4 -1 9 -9 -3
right_child=1 7 3 4 -6 -7 -8 8 -10 -11
leaf_value=1.6460677146228546e-08 -0.00038352924997785262 -6.09775201883167e-05 0.00013410583880093843 0.00052386617718184407 3.969886747654528e-05 -0.00022382735769497231 -0.00030684849819711721 0.00033772266877349469 -1.4017354874804555e-05 -0.00042331209842814136
leaf_weight=287 6.9999999999999991 25.000000000000004 21.000000000000004 10.000000000000002 7.9999999999999991 7.9999999999999991 5.9999999999999991 9.9999999999999982 98 5.9999999999999991
leaf_count=287 7 25 21 10 8 8 6 10 98 6
internal_value=0 -3.25034e-05 1.39573e-05 0.000140039 0.000308681 3.53656e-05 -6.26746e-06 -1.48258e-05 1.85512e-05 -0.000131107
internal_weight=0 146 340 47 18 29 293 139 108 31
internal_count=486 146 340 47 18 29 293 139 108 31
is_linear=0
shrinkage=0.1


Tree=439
num_leaves=11
num_cat=0
split_feature=2 1 98 40 21 45 1 3 77 0
split_gain=1.96701e-05 0.000116687 9.6194e-05 7.42676e-05 7.16933e-05 9.23618e-05 8.75172e-05 7.16212e-05 7.01106e-05 0.000121648
threshold=3.7132745361986528 3.8499212036984933 2.3937458713910238 3.5549397315361362 2.1383330595080277 4.6913057964583187 4.7957563937576522 4.0163424379838117 1.8688348091416842 2.3937458713910238
decision_type=2 2 2 2 2 2 2 2 2 2
left_child=8 2 -2 7 5 -3 -6 -4 -1 -10
right_child=1 4 3 -5 6 -7 -8 -9 9 -11
leaf_value=-1.9240047085854779e-05 -0.00061858220957219565 0.00011103190307039768 -0.00017604797758394847 -0.00045644287798495502 0.00011605508771026508 -0.00043685116470442158 -2.1499769852999406e-05 0.00029599174478789792 4.2251455639377534e-06 0.00027056601565736519
leaf_weight=138 5.0000000000000027 4.9999999999999991 9.0000000000000018 4.9999999999999991 63 7.9999999999999991 174 4.9999999999999991 47 27
leaf_count=138 5 5 9 5 63 8 174 5 47 27
internal_value=0 -1.76961e-05 -0.000228317 -0.000125615 2.52344e-06 -0.000226127 1.50654e-05 -7.46236e-06 2.28714e-05 0.000101404
internal_weight=0 274 24 19 250 13 237 14 212 74
internal_count=486 274 24 19 250 13 237 14 212 74
is_linear=0
shrinkage=0.1


Tree=440
num_leaves=11
num_cat=0
split_feature=62 62 93 0 68 81 70 82 70 54
split_gain=2.15541e-05 6.6023e-05 7.50294e-05 0.000102136 0.000187897 0.000107691 6.263e-05 9.34817e-05 6.49939e-05 9.08305e-05
threshold=4.1430087342023825 4.007167868649713 2.9430520157250784 1.5890269151739729 1.0397207708399181 1.0397207708399181 2.524928003624769 4.1891953942678901 2.6735537653587347 1.4978661367769956
decision_type=2 2 2 2 2 2 2 2 2 2
left_child=1 2 3 5 -5 -1 7 -2 9 -8
right_child=6 -3 -4 4 -6 -7 8 -9 -10 -11
leaf_value=-0.00022317800317786784 -0.00045597957380648173 0.00027261776280779903 -0.00019093463386525401 0.0007537113607395435 8.4337659763360334e-05 9.8538322882909006e-05 0.00047115937341004585 -5.98536861895127e-05 -5.7248705448536821e-06 1.4910775644239039e-06
leaf_weight=19 6.9999999999999991 10.999999999999998 14.999999999999998 5.0000000000000027 26 23 7.0000000000000027 40 323 9.9999999999999982
leaf_count=19 7 11 15 5 26 23 7 40 323 10
internal_value=0 4.16375e-05 1.2765e-05 5.4621e-05 0.000192301 -4.7e-05 -1.06515e-05 -0.000118851 4.30557e-06 0.000194884
internal_weight=0 99 88 73 31 42 387 47 340 17
internal_count=486 99 88 73 31 42 387 47 340 17
is_linear=0
shrinkage=0.1


Tree=441
num_leaves=11
num_cat=0
split_feature=4 4 95 95 65 75 36 0 14 80
split_gain=2.1752e-05 8.20637e-05 0.000117517 8.01332e-05 6.93906e-05 0.000173962 6.3157e-05 8.23396e-05 6.03164e-05 5.17744e-05
threshold=1.8688348091416842 2.524928003624769 4.3036997296511936 4.7790881836238563 3.9316333620047872 3.9316333620047872 2.3502401828962087 1.8688348091416842 3.5694334999727624 3.0433873634561537
decision_type=2 2 2 2 2 2 2 2 2 2
left_child=4 2 -2 -4 5 6 7 -1 -8 -3
right_child=1 9 3 -5 -6 -7 8 -9 -10 -11
leaf_value=3.1651559164367009e-05 1.176364785351325e-05 6.7790053166623081e-05 -0.00057985890707641381 -0.000132273270173755 0.00021987155479210845 -0.00051521876011975112 7.9357128197443647e-05 0.00033119970709473515 -0.00029802038972977446 -1.8590840746874853e-05
leaf_weight=39 19 94 7.9999999999999991 7.9999999999999991 18 5.9999999999999991 8.0000000000000018 11.999999999999998 8.9999999999999982 265
leaf_count=39 19 94 8 8 18 6 8 12 9 265
internal_value=0 -1.0223e-05 -0.000156387 -0.000356066 4.3781e-05 9.4822e-07 4.64924e-05 0.000102133 -0.000120431 4.027e-06
internal_weight=0 394 35 16 92 74 68 51 17 359
internal_count=486 394 35 16 92 74 68 51 17 359
is_linear=0
shrinkage=0.1


Tree=442
num_leaves=11
num_cat=0
split_feature=66 61 58 56 3 76 67 67 9 70
split_gain=2.22451e-05 0.000107115 0.000136753 8.32018e-05 9.21934e-05 9.04412e-05 9.3627e-05 9.84652e-05 7.22751e-05 6.30189e-05
threshold=4.317399216745252 5.843506608418541 5.2203412156610947 4.465842055365858 5.0562255201382529 4.0859410030639109 4.1430087342023825 4.6539149966267201 9.4182992758774233 5.1238931127034038
decision_type=2 2 2 2 2 2 2 2 2 2
left_child=1 9 -3 4 -2 -5 -7 -8 -6 -1
right_child=3 2 -4 5 8 6 7 -9 -10 -11
leaf_value=-5.751008391291487e-06 -0.00018432893586577836 -0.00063946494580401742 6.8650838220491987e-05 0.00035092853844010584 0.00045097314432496189 -0.00043075274443253879 0.000408254993672017 -6.0604609518841877e-05 6.293561164056882e-05 0.00035156481375452135
leaf_weight=385 5.0000000000000027 5.9999999999999982 5 5.9999999999999991 12.000000000000002 5.9999999999999991 4.9999999999999991 43 7.9999999999999991 4.9999999999999991
leaf_count=385 5 6 5 6 12 6 5 43 8 5
internal_value=0 -9.85e-06 -0.000317594 4.64688e-05 0.000199741 -1.73945e-05 -5.83193e-05 -1.17651e-05 0.000295758 -1.17004e-06
internal_weight=0 401 11 85 25 60 54 48 20 390
internal_count=486 401 11 85 25 60 54 48 20 390
is_linear=0
shrinkage=0.1


Tree=443
num_leaves=11
num_cat=0
split_feature=73 73 5 88 50 55 6 86 48 41
split_gain=2.08712e-05 4.48943e-05 4.21001e-05 0.000102931 0.000110653 6.78529e-05 5.52699e-05 5.0087e-05 5.71164e-05 8.24111e-05
threshold=5.9750802605835984 6.2102047658780704 5.5234569284970156 5.2468024163882658 4.135134555718313 5.609465086342035 5.8376921963339674 4.2625806805327082 4.1430087342023825 5.0434043048315838
decision_type=2 2 2 2 2 2 2 2 2 2
left_child=2 -2 7 4 -4 -6 -5 -1 -9 -10
right_child=1 -3 3 6 5 -7 -8 8 9 -11
leaf_value=-3.4285524328062465e-06 0.00022160641025178708 -1.4851504636767676e-05 5.9694332594517602e-05 0.00031719264516141252 -0.00068281423533335286 -0.00024933938895208908 -2.6951876740592225e-05 0.00032812963783726437 -0.00026493723125895489 0.00022533394730999136
leaf_weight=374 12.999999999999998 21 9.0000000000000018 6.0000000000000027 5.0000000000000027 12.999999999999998 21 10.000000000000002 5.9999999999999991 7.9999999999999991
leaf_count=374 13 21 9 6 5 13 21 10 6 8
internal_value=0 7.55589e-05 -5.68363e-06 -8.85383e-05 -0.000226601 -0.000369749 4.95247e-05 5.55795e-06 0.000145598 1.52177e-05
internal_weight=0 34 452 54 27 18 27 398 24 14
internal_count=486 34 452 54 27 18 27 398 24 14
is_linear=0
shrinkage=0.1


Tree=444
num_leaves=11
num_cat=0
split_feature=25 42 50 68 15 102 42 30 33 32
split_gain=1.93232e-05 6.85473e-05 5.69012e-05 4.04927e-05 3.83211e-05 5.95038e-05 5.41415e-05 4.73932e-05 3.31819e-05 4.69744e-05
threshold=6.6957798175907541 5.7588569908510134 5.6452907969132928 4.4127799275304271 6.5847761301033945 3.1984648276080736 7.6824671561055489 4.3437210834879627 6.2402739452473375 7.6038900162435032
decision_type=2 2 2 2 2 2 2 2 2 2
left_child=2 -2 4 -3 6 -6 7 -1 9 -5
right_child=1 3 -4 8 5 -7 -8 -9 -10 -11
leaf_value=-1.1170953694226364e-05 -0.0003752892834503049 0.00025265630334615709 0.00031278841609794959 -2.2092055989656055e-05 -2.541034870470564e-05 0.00044168776366859669 -0.00027795234096369574 8.7119384491080918e-05 7.7315486279465928e-05 -0.0002994315191042713
leaf_weight=352 5.9999999999999991 4.9999999999999991 5.9999999999999991 19.000000000000004 5.9999999999999982 5 6.9999999999999991 57 13.999999999999998 8.9999999999999982
leaf_count=352 6 5 6 19 6 5 7 57 14 9
internal_value=0 -5.69938e-05 6.97614e-06 -1.63603e-05 2.67902e-06 0.000186907 -2.1924e-06 2.52721e-06 -4.83861e-05 -0.000111237
internal_weight=0 53 433 47 427 11 416 409 42 28
internal_count=486 53 433 47 427 11 416 409 42 28
is_linear=0
shrinkage=0.1


Tree=445
num_leaves=11
num_cat=0
split_feature=97 8 53 3 4 1 97 93 0 43
split_gain=1.98427e-05 0.000145748 7.46417e-05 8.21489e-05 0.000113526 6.82424e-05 6.1426e-05 0.000167677 9.84069e-05 9.98149e-05
threshold=1.0397207708399181 4.0428973506407848 4.2625806805327082 3.4498615536424366 3.2384861814448418 2.602003343538398 1.5890269151739729 3.0433873634561537 3.1345481418531311 4.007167868649713
decision_type=2 2 2 2 2 2 2 2 2 2
left_child=1 2 3 4 -1 -5 7 8 -2 -10
right_child=6 -3 -4 5 -6 -7 -8 -9 9 -11
leaf_value=3.3263167792515454e-05 0.00019091862492738674 0.00056382365874014801 -0.00024874902985175137 0.00056228626053780319 -0.00041663668622883663 9.1342747327871631e-05 2.1684956410467404e-06 -0.00057443579509189097 -0.00041426295524110566 5.6705001689907586e-05
leaf_weight=86 12.000000000000002 4.9999999999999991 9.9999999999999982 4.9999999999999991 5.9999999999999991 7.9999999999999991 329 6.9999999999999991 9.0000000000000018 8.9999999999999982
leaf_count=86 12 5 10 5 6 8 329 7 9 9
internal_value=0 3.52884e-05 1.23087e-05 3.71713e-05 3.92187e-06 0.000272475 -1.157e-05 -0.000133731 -3.08999e-05 -0.000178779
internal_weight=0 120 115 105 92 13 366 37 30 18
internal_count=486 120 115 105 92 13 366 37 30 18
is_linear=0
shrinkage=0.1


Tree=446
num_leaves=11
num_cat=0
split_feature=94 30 63 24 0 48 78 93 30 21
split_gain=1.754e-05 9.15554e-05 0.000166557 0.000101574 0.000115479 6.99617e-05 0.000135222 6.73296e-05 5.51301e-05 4.98881e-05
threshold=1.0397207708399181 2.602003343538398 0.89587973461402759 3.2180751841847144 2.524928003624769 2.8314802400679731 2.8314802400679731 0.89587973461402759 2.8029010331479989 2.524928003624769
decision_type=2 2 2 2 2 2 2 2 2 2
left_child=1 2 -1 4 -4 7 -7 -3 -8 -2
right_child=9 5 3 -5 -6 6 8 -9 -10 -11
leaf_value=-0.00014369826880283648 -7.9792189995941964e-05 0.00044449003413319559 -0.00010930603833306419 0.00074739740230143079 0.00047105037624533001 -0.00058716743915283593 -0.00023891972567071209 2.4085123300210398e-05 3.2201609550005135e-05 8.7523429471493591e-06
leaf_weight=10.000000000000002 80 5.0000000000000027 6.0000000000000027 4.9999999999999991 7.9999999999999991 4.9999999999999991 9.9999999999999982 15.999999999999998 30 311
leaf_count=10 80 5 6 5 8 5 10 16 30 311
internal_value=0 3.8541e-05 0.00018664 0.000360503 0.000222326 -2.65329e-05 -9.68664e-05 0.000124182 -3.55787e-05 -9.36419e-06
internal_weight=0 95 29 19 14 66 45 21 40 391
internal_count=486 95 29 19 14 66 45 21 40 391
is_linear=0
shrinkage=0.1


Tree=447
num_leaves=11
num_cat=0
split_feature=37 42 16 11 47 53 61 16 41 32
split_gain=1.83735e-05 0.000111242 6.42818e-05 7.22885e-05 0.000116636 9.3336e-05 7.92706e-05 7.32323e-05 6.57419e-05 4.25753e-05
threshold=2.4414009612931857 2.649158683274019 3.1345481418531311 3.5694334999727624 2.5619819897016298 0.89587973461402759 2.9174053685313028 2.0126758453675748 3.2180751841847144 4.9521436163533474
decision_type=2 2 2 2 2 2 2 2 2 2
left_child=2 -2 3 4 8 7 -7 -5 -1 -3
right_child=1 9 -4 5 -6 6 -8 -9 -10 -11
leaf_value=-1.1459374702257186e-05 -0.00044241104430208606 0.00012310180167253787 0.00022977520020504017 8.9926389628089957e-05 0.00043876686582474837 -0.00065695655532181283 -9.3855806626379475e-05 -0.00023130713485773992 0.0001674636552343145 -1.8956655687860821e-05
leaf_weight=115 5.9999999999999991 23 13.999999999999998 20.000000000000004 6.9999999999999991 4.9999999999999982 5 10.999999999999998 25 255
leaf_count=115 6 23 14 20 7 5 5 11 25 255
internal_value=0 -1.63981e-05 2.30548e-05 7.66074e-06 4.04091e-05 -0.000109754 -0.000375406 -2.40597e-05 2.04912e-05 -7.20362e-06
internal_weight=0 284 202 188 147 41 10 31 140 278
internal_count=486 284 202 188 147 41 10 31 140 278
is_linear=0
shrinkage=0.1


Tree=448
num_leaves=11
num_cat=0
split_feature=52 11 34 31 38 82 88 69 52 48
split_gain=1.84215e-05 6.3436e-05 0.000127983 5.70133e-05 5.22494e-05 9.06004e-05 4.87096e-05 5.4077e-05 6.46946e-05 4.17692e-05
threshold=1.9356005054539456 3.3497501700808394 3.8064155152036787 2.3502401828962087 2.3937458713910238 1.0397207708399181 1.0397207708399181 5.0237939482549434 3.2180751841847144 2.8314802400679731
decision_type=2 2 2 2 2 2 2 2 2 2
left_child=1 2 4 -3 5 -1 9 -8 -9 -2
right_child=6 3 -4 -5 -6 -7 7 8 -10 -11
leaf_value=-0.00043878908501937959 -0.00042859165696427235 -0.00039111812366172645 0.00047900454655973594 2.2651371961858657e-06 0.0001767540335034331 5.2740258640066409e-05 0.00032495761697646234 -0.00030730791482450775 -6.5796275790612217e-07 -3.7243045001863112e-05
leaf_weight=5.0000000000000027 4.9999999999999982 5.0000000000000027 7.9999999999999991 13.999999999999998 14.999999999999998 14.999999999999998 4.9999999999999991 6.9999999999999991 401 6
leaf_count=5 5 5 8 14 15 15 5 7 401 6
internal_value=0 5.09133e-05 0.000118151 -0.000101257 3.56705e-05 -7.01421e-05 -7.44487e-06 -1.91334e-06 -5.91911e-06 -0.000215129
internal_weight=0 62 43 19 35 20 424 413 408 11
internal_count=486 62 43 19 35 20 424 413 408 11
is_linear=0
shrinkage=0.1


Tree=449
num_leaves=11
num_cat=0
split_feature=12 29 29 28 38 10 25 59 34 39
split_gain=1.83037e-05 5.42084e-05 0.000104511 5.29688e-05 9.08396e-05 7.49607e-05 7.20403e-05 6.23711e-05 5.2931e-05 4.8812e-05
threshold=4.6913057964583187 6.9927515451944107 7.0850628910679374 2.9430520157250784 2.9430520157250784 2.3502401828962087 5.0139575654555903 2.4563274428680266 1.7917594692280554 6.937297114209442
decision_type=2 2 2 2 2 2 2 2 2 2
left_child=3 8 -3 4 6 -6 7 -1 -2 -4
right_child=1 2 9 -5 5 -7 -8 -9 -10 -11
leaf_value=0.00024639579480410453 -7.3917654749710061e-05 0.00041226729905853674 0.00030070411681663248 0.00012762943865254783 -2.0394540042616432e-05 -0.00056797349359840146 0.00030979095445218265 -3.1095367111121937e-05 -0.00041070176387923615 -1.4337151563343773e-05
leaf_weight=8.9999999999999982 21.000000000000004 5.9999999999999991 4.9999999999999991 40 4.9999999999999982 5 7.9999999999999991 81 5.9999999999999991 300
leaf_count=9 21 6 5 40 5 5 8 81 6 300
internal_value=0 -1.28417e-05 -1.04187e-06 2.93277e-05 -7.08033e-06 -0.000294184 2.2216e-05 -3.34625e-06 -0.000148759 -9.17254e-06
internal_weight=0 338 311 148 108 10 98 90 27 305
internal_count=486 338 311 148 108 10 98 90 27 305
is_linear=0
shrinkage=0.1


Tree=450
num_leaves=11
num_cat=0
split_feature=66 52 36 34 44 31 76 100 94 98
split_gain=1.78369e-05 9.12305e-05 9.54602e-05 7.58557e-05 0.000117229 7.58457e-05 7.54209e-05 9.36622e-05 9.48993e-05 8.66045e-05
threshold=4.234001473612734 7.1049533148507669 4.4187680230537838 5.6664207015582333 5.5133962268973056 5.4889035743175976 4.4885732424042368 2.3502401828962087 5.2417330174952186 4.1742689126930488
decision_type=2 2 2 2 2 2 2 2 2 2
left_child=1 3 -3 4 5 -1 7 -2 9 -9
right_child=6 2 -4 -5 -6 -7 -8 8 -10 -11
leaf_value=-8.4871730257969306e-06 -5.2939567607469289e-05 -0.00060548986541107295 -7.8515041902640161e-05 -0.00030403701857721903 0.00044562231535868097 0.0002471797798837846 -2.8980579755024323e-05 0.00033154691378253369 0.00053406522945604392 -0.00021336580743081866
leaf_weight=351 12.999999999999998 4.9999999999999991 10.999999999999998 7.9999999999999991 5.9999999999999991 11.999999999999998 59 7.0000000000000018 8.9999999999999982 5
leaf_count=351 13 5 11 8 6 12 59 7 9 5
internal_value=0 -9.31938e-06 -0.000243195 6.06359e-07 7.21109e-06 -3.53729e-08 3.93819e-05 0.000158011 0.000288599 0.0001045
internal_weight=0 393 16 377 369 363 93 34 21 12
internal_count=486 393 16 377 369 363 93 34 21 12
is_linear=0
shrinkage=0.1


Tree=451
num_leaves=11
num_cat=0
split_feature=89 98 72 59 59 68 89 98 64 65
split_gain=1.65028e-05 5.69456e-05 9.94279e-05 0.000116172 6.92303e-05 3.84974e-05 3.76087e-05 0.000102289 3.34695e-05 3.0592e-05
threshold=6.2085718078050585 2.5619819897016298 1.0397207708399181 6.6694175608141011 6.459903229849254 2.9430520157250784 6.380116791391317 1.9356005054539456 2.0126758453675753 3.0868930519509687
decision_type=2 2 2 2 2 2 2 2 2 2
left_child=1 2 3 -1 -4 -6 7 -2 -9 -8
right_child=6 -3 4 -5 5 -7 9 8 -10 -11
leaf_value=-0.00054840785645258929 0.00021144400670891617 0.00034097650010759634 0.00043988460674881935 5.124149715162015e-05 -6.2039235652062215e-05 0.00013954475016362267 -5.6044805376563712e-05 -0.00048834671033546326 -0.00017147373462648831 1.3356889353782424e-05
leaf_weight=5.9999999999999982 6.0000000000000027 5.9999999999999991 4.9999999999999991 7 18 20 79 4.9999999999999991 9.9999999999999982 324
leaf_count=6 6 6 5 7 18 20 79 5 10 324
internal_value=0 4.81889e-05 1.68188e-05 -0.00022552 9.0084e-05 4.40576e-05 -7.0465e-06 -0.000137515 -0.000277098 -2.47909e-07
internal_weight=0 62 56 13 43 38 424 21 15 403
internal_count=486 62 56 13 43 38 424 21 15 403
is_linear=0
shrinkage=0.1


Tree=452
num_leaves=11
num_cat=0
split_feature=99 8 65 94 52 97 12 89 92 93
split_gain=1.63547e-05 2.39532e-05 5.77309e-05 4.79992e-05 4.86147e-05 4.266e-05 2.53333e-05 2.43781e-05 4.42142e-05 2.23872e-05
threshold=3.9415346756528771 5.9214885668942605 4.9593358439305844 5.6903366269220443 7.8058753204502649 4.2045812236012674 7.1220569502555309 10.395425808672428 7.6038900162435032 5.9427959306635048
decision_type=2 2 2 2 2 2 2 2 2 2
left_child=1 3 -3 4 5 -1 -5 8 -4 -2
right_child=9 2 7 6 -6 -7 -8 -9 -10 -11
leaf_value=1.1131199631711563e-05 -0.00017573884130494353 0.00039485643617808824 -1.3806239803670903e-05 -2.8477306477725514e-05 0.00024660401322762482 -8.0904781165280217e-05 -0.00032319230875665585 -0.00013521172326623595 0.00024372295985813252 3.2901252011975486e-05
leaf_weight=344 12.000000000000002 4.9999999999999991 20.000000000000004 4.9999999999999982 7.9999999999999991 59 7 6.9999999999999991 9.9999999999999982 8.9999999999999982
leaf_count=344 12 5 20 5 8 59 7 7 10 9
internal_value=0 3.8984e-06 7.59263e-05 -3.25331e-06 2.50263e-06 -2.34305e-06 -0.000200394 3.28276e-05 7.20368e-05 -8.63217e-05
internal_weight=0 465 42 423 411 403 12 37 30 21
internal_count=486 465 42 423 411 403 12 37 30 21
is_linear=0
shrinkage=0.1


Tree=453
num_leaves=11
num_cat=0
split_feature=73 85 85 5 46 2 36 47 47 39
split_gain=1.61771e-05 3.4117e-05 7.04866e-05 3.40303e-05 7.66813e-05 4.96522e-05 5.38351e-05 4.50538e-05 0.000139983 8.64141e-05
threshold=5.9750802605835984 6.4224346156700198 5.9738063745441989 5.5234569284970156 3.8064155152036787 5.476454798506734 4.317399216745252 4.6346818562128229 4.7360445312007302 9.4836445735874602
decision_type=2 2 2 2 2 2 2 2 2 2
left_child=3 2 -2 7 -5 -6 -7 9 -9 -1
right_child=1 -3 -4 4 5 6 -8 8 -10 -11
leaf_value=1.6674932196925669e-06 -2.1742042632208076e-05 -1.2293252872214432e-05 0.0004453476518392562 -0.000365242675979971 0.00019663112875605295 -0.00026394770799759664 -1.4979226223119811e-06 0.00060744038317352492 2.1271200152610123e-05 -0.00041688862955197698
leaf_weight=366 6.9999999999999982 21 6 7.9999999999999991 7.9999999999999991 10.999999999999998 27 5.0000000000000027 22 4.9999999999999991
leaf_count=366 7 21 6 8 8 11 27 5 22 5
internal_value=0 6.65216e-05 0.000193838 -5.00383e-06 -7.94956e-05 -2.98004e-05 -7.74702e-05 5.10308e-06 0.000129821 -3.97342e-06
internal_weight=0 34 13 452 54 46 38 398 27 371
internal_count=486 34 13 452 54 46 38 398 27 371
is_linear=0
shrinkage=0.1


Tree=454
num_leaves=11
num_cat=0
split_feature=97 8 53 2 71 53 97 93 89 0
split_gain=1.53148e-05 0.00011541 5.3872e-05 5.89168e-05 9.06755e-05 5.80029e-05 5.20463e-05 0.000126245 7.86928e-05 6.38346e-05
threshold=1.0397207708399181 4.0428973506407848 4.2625806805327082 2.1383330595080281 1.8688348091416842 2.9430520157250784 1.5890269151739729 3.0433873634561537 6.459903229849254 3.1345481418531311
decision_type=2 2 2 2 2 2 2 2 2 2
left_child=1 2 3 5 -5 -1 7 9 -8 -2
right_child=6 -3 -4 4 -6 -7 8 -9 -10 -11
leaf_value=-5.5757568148809725e-05 0.0001452683208450859 0.00050132424687035384 -0.00021122944672242739 0.0005374100734479722 7.2408670026701522e-05 0.00018443197586748283 -0.00035635382228065286 -0.00050501275945862294 9.1472684254131604e-06 -0.00015248845738824457
leaf_weight=62 12.000000000000002 4.9999999999999991 9.9999999999999982 5.0000000000000027 26 11.999999999999998 5.9999999999999991 6.9999999999999991 323 18
leaf_count=62 12 5 10 5 26 12 6 7 323 18
internal_value=0 3.10018e-05 1.0553e-05 3.16751e-05 0.000147409 -1.68079e-05 -1.01645e-05 -0.000122612 2.4816e-06 -3.33857e-05
internal_weight=0 120 115 105 31 74 366 37 329 30
internal_count=486 120 115 105 31 74 366 37 329 30
is_linear=0
shrinkage=0.1


Tree=455
num_leaves=11
num_cat=0
split_feature=7 7 6 71 81 54 67 71 17 5
split_gain=1.55417e-05 7.2647e-05 6.64926e-05 2.23972e-05 9.62096e-05 8.66343e-05 3.27256e-05 3.27142e-05 2.25758e-05 1.60372e-05
threshold=6.5610216630967022 6.462969825394751 6.5381387766044883 5.9776119115618718 5.996439712534567 5.7300786997157873 5.1298812082267613 5.4595764601916565 5.1298812082267613 6.5381387766044883
decision_type=2 2 2 2 2 2 2 2 2 2
left_child=1 3 -2 4 7 6 -5 -1 -7 -4
right_child=2 -3 9 5 -6 8 -8 -9 -10 -11
leaf_value=-6.4618682067199077e-06 0.00040284098591655463 -0.00034968695569356594 -0.00016157893609488371 0.00039934742755057002 -0.00034930774563690647 -0.00024050049444970971 0.00012275853190327654 0.00010940668020898907 6.4198836546645257e-07 4.9159231667335219e-05
leaf_weight=388 5.0000000000000027 5.9999999999999991 5.0000000000000027 7.0000000000000027 7.9999999999999991 6.0000000000000027 10.999999999999998 26 10.999999999999998 12.999999999999998
leaf_count=388 5 6 5 7 8 6 11 26 11 13
internal_value=0 -3.9857e-06 8.02339e-05 5.53045e-07 -5.8225e-06 7.74238e-05 0.000230321 8.14901e-07 -8.44671e-05 -9.37915e-06
internal_weight=0 463 23 457 422 35 18 414 17 18
internal_count=486 463 23 457 422 35 18 414 17 18
is_linear=0
shrinkage=0.1


Tree=456
num_leaves=11
num_cat=0
split_feature=12 25 34 88 74 11 75 62 29 29
split_gain=1.49009e-05 4.3912e-05 4.76521e-05 0.000142963 7.90878e-05 5.93228e-05 8.96822e-05 6.46525e-05 4.20714e-05 8.19293e-05
threshold=4.6913057964583187 5.1984817689835037 3.8064155152036787 2.3937458713910238 4.2903656061101136 1.0397207708399181 3.8499212036984933 4.8322978221268906 6.9927515451944107 7.0850628910679374
decision_type=2 2 2 2 2 2 2 2 2 2
left_child=1 2 5 -4 -5 6 -1 -7 -2 -10
right_child=8 -3 3 4 -6 7 -8 -9 9 -11
leaf_value=3.2311601808032718e-05 -0.00013132513828100788 0.00024052715291165646 0.00056350201678772736 -0.00029658049897989241 0.00014807605451399772 6.7025177414622492e-05 -0.00030804043635725977 -0.00017554168040917901 0.0003647517131563897 -8.3903034719994942e-06
leaf_weight=16.000000000000004 27 8.9999999999999982 6.0000000000000027 6.0000000000000027 11.999999999999998 71 14.999999999999998 12.999999999999998 5.9999999999999991 305
leaf_count=16 27 9 6 6 12 71 15 13 6 305
internal_value=0 2.64616e-05 1.26012e-05 0.000140768 -1.42797e-07 -1.41467e-05 -0.000132375 2.94851e-05 -1.15867e-05 -1.19142e-06
internal_weight=0 148 139 24 18 115 31 84 338 311
internal_count=486 148 139 24 18 115 31 84 338 311
is_linear=0
shrinkage=0.1


Tree=457
num_leaves=11
num_cat=0
split_feature=37 42 21 83 73 96 63 8 60 37
split_gain=1.41137e-05 7.81839e-05 4.94867e-05 4.83487e-05 9.50405e-05 8.8764e-05 7.74962e-05 0.000133588 7.78576e-05 4.27336e-05
threshold=2.4414009612931857 2.649158683274019 4.234001473612734 2.6735537653587347 2.3502401828962087 2.9430520157250784 1.8688348091416844 3.5549397315361362 2.9700856263602158 2.5619819897016298
decision_type=2 2 2 2 2 2 2 2 2 2
left_child=2 -2 3 6 -5 -6 8 -8 -1 -3
right_child=1 9 -4 4 5 -7 7 -9 -10 -11
leaf_value=1.9690056728290368e-06 -0.00037151835179732493 -0.0001998258217843779 -0.00016851793871655203 0.00042174945410806687 2.0109804208914286e-05 0.00042351281784552461 -0.00034221196008274993 8.9357476659083316e-05 0.00027656444666111687 1.2941236213910667e-06
leaf_weight=74 5.9999999999999991 10.999999999999998 12.999999999999998 7.9999999999999991 60 5.9999999999999991 16.000000000000004 12.999999999999998 11.999999999999998 267
leaf_count=74 6 11 13 8 60 6 16 13 12 267
internal_value=0 -1.43721e-05 2.02063e-05 3.31873e-05 9.62387e-05 5.67828e-05 -7.38491e-06 -0.00014875 4.02846e-05 -6.66386e-06
internal_weight=0 284 202 189 74 66 115 29 86 278
internal_count=486 284 202 189 74 66 115 29 86 278
is_linear=0
shrinkage=0.1


Tree=458
num_leaves=11
num_cat=0
split_feature=26 36 16 38 97 90 20 18 5 23
split_gain=1.38148e-05 6.13922e-05 6.1537e-05 5.88826e-05 0.000106643 6.75999e-05 5.53343e-05 5.33521e-05 7.95015e-05 5.05204e-05
threshold=2.9430520157250784 3.1345481418531311 3.5549397315361362 4.2903656061101136 3.0201273556387074 4.5950688323293329 4.007167868649713 4.1430087342023825 5.5528393853898175 4.4885732424042368
decision_type=2 2 2 2 2 2 2 2 2 2
left_child=1 2 9 4 6 -6 -2 8 -5 -1
right_child=3 -3 -4 7 5 -7 -8 -9 -10 -11
leaf_value=-1.1322550658501279e-05 -0.00010598249547183513 0.00021082544456779337 0.00035072035505436363 0.00051345980027690536 -0.00067052409052848838 -0.00015052448201458899 0.00021210980963327791 -7.4208321229825815e-06 -5.0460374914109701e-05 0.0002296381659107283
leaf_weight=262 25 14.999999999999998 4.9999999999999991 4.9999999999999982 4.9999999999999982 5 6.9999999999999991 143 5 8.9999999999999982
leaf_count=262 25 15 5 5 5 5 7 143 5 9
internal_value=0 1.38014e-05 3.09361e-06 -2.0596e-05 -0.000125477 -0.000410524 -3.63998e-05 8.19489e-06 0.0002315 -3.32017e-06
internal_weight=0 291 276 195 42 10 32 153 10 271
internal_count=486 291 276 195 42 10 32 153 10 271
is_linear=0
shrinkage=0.1


Tree=459
num_leaves=11
num_cat=0
split_feature=38 38 45 13 3 12 9 71 71 41
split_gain=1.43868e-05 6.74471e-05 0.000113608 9.43565e-05 5.71112e-05 7.73189e-05 5.48977e-05 4.98491e-05 8.31241e-05 8.56086e-05
threshold=3.5408542930527882 3.7132745361986528 4.2625806805327082 3.4334666422309414 1.0397207708399181 4.7790881836238563 7.4868793722641298 4.1107394736335969 3.5694334999727624 3.5694334999727624
decision_type=2 2 2 2 2 2 2 2 2 2
left_child=7 2 -2 -4 5 -3 -6 8 9 -1
right_child=1 4 3 -5 6 -7 -8 -9 -10 -11
leaf_value=5.2812107559663082e-07 0.00020218105831493923 3.8747590484230658e-05 -0.00013838081589104449 -0.0006240670802071691 0.00031010414313641381 -0.00043126439528090745 3.9690409861437871e-06 0.00013304234154488907 -0.00018250183554548792 0.0002611875239381334
leaf_weight=126 6.0000000000000027 6.9999999999999982 12.000000000000002 5.9999999999999991 5.9999999999999991 7 247 33 22 13.999999999999998
leaf_count=126 6 7 12 6 6 7 247 33 22 14
internal_value=0 -1.40843e-05 -0.000174662 -0.000300276 3.49664e-07 -0.000196258 1.12292e-05 2.10181e-05 -1.80168e-06 2.65941e-05
internal_weight=0 291 24 18 267 14 253 195 162 140
internal_count=486 291 24 18 267 14 253 195 162 140
is_linear=0
shrinkage=0.1


Tree=460
num_leaves=11
num_cat=0
split_feature=20 20 15 15 15 51 13 8 48 25
split_gain=1.45914e-05 0.000108087 5.55834e-05 5.82641e-05 5.64108e-05 5.47151e-05 5.4666e-05 5.02181e-05 5.00695e-05 4.3441e-05
threshold=3.3497501700808394 3.6505739029280164 4.007167868649713 4.9593358439305844 4.7405652883788738 5.2522597220941352 2.1383330595080281 4.7790881836238563 2.8314802400679731 6.075343388724721
decision_type=2 2 2 2 2 2 2 2 2 2
left_child=-1 5 7 4 -4 8 -5 -3 -2 -10
right_child=1 2 3 6 -6 -7 -8 -9 9 -11
leaf_value=1.8508355461134339e-05 -4.3790936761070033e-05 0.00042307347563716279 -2.8550161946708715e-05 0.00029203530866652729 -0.00032787206320790575 0.00010195231830797032 7.047383419766058e-06 2.8818426653742786e-05 -0.0003960605640145331 -5.8373541396576921e-05
leaf_weight=227 10.000000000000002 5.9999999999999982 17.000000000000004 6.9999999999999991 9.9999999999999982 5.9999999999999991 175 7 16.000000000000004 4.9999999999999991
leaf_count=227 10 6 17 7 10 6 175 7 16 5
internal_value=0 -1.62216e-05 1.01515e-05 -2.32791e-06 -0.00013941 -0.00017446 1.80085e-05 0.000210782 -0.00022796 -0.000315659
internal_weight=0 259 222 209 27 37 182 13 31 21
internal_count=486 259 222 209 27 37 182 13 31 21
is_linear=0
shrinkage=0.1


Tree=461
num_leaves=11
num_cat=0
split_feature=99 93 93 91 94 97 89 97 2 97
split_gain=1.31228e-05 2.12134e-05 1.85731e-05 1.9286e-05 1.82965e-05 4.70422e-05 4.25157e-05 3.81485e-05 3.55134e-05 2.27202e-05
threshold=3.9415346756528771 6.2971076241477952 5.9427959306635048 5.9159077322731024 5.6903366269220443 5.4659459730803723 9.4972414397771683 4.2045812236012674 5.9255481291135128 4.9628201785886317
decision_type=2 2 2 2 2 2 2 2 2 2
left_child=1 4 3 -2 6 8 7 -1 -6 -8
right_child=2 -3 -4 -5 5 -7 9 -9 -10 -11
leaf_value=9.3874357338316492e-06 -8.767255058046426e-06 0.00015552570500100655 3.1269565321660295e-05 -0.00026591190336538209 -8.6865487868304907e-05 8.9174625099985863e-05 0.0002355697279364738 -7.9595685883759876e-05 -0.00040828707278706133 5.3149870629769995e-05
leaf_weight=345 5.0000000000000018 8.9999999999999982 8.9999999999999982 7 11.000000000000005 9.9999999999999982 11.000000000000002 56 4.9999999999999991 18
leaf_count=345 5 9 9 7 11 10 11 56 5 18
internal_value=0 3.49203e-06 -7.73235e-05 -0.000158768 4.91364e-07 -8.09696e-05 5.41691e-06 -3.03913e-06 -0.00018731 0.000122344
internal_weight=0 465 21 12 456 26 430 401 16 29
internal_count=486 465 21 12 456 26 430 401 16 29
is_linear=0
shrinkage=0.1


Tree=462
num_leaves=11
num_cat=0
split_feature=53 85 53 33 36 27 75 86 81 57
split_gain=1.37927e-05 4.32705e-05 3.67504e-05 3.82218e-05 9.08779e-05 4.68035e-05 3.1849e-05 3.10535e-05 2.98383e-05 1.3262e-05
threshold=6.0330833463930107 6.4224346156700198 5.9188360407794134 5.8998635749973518 4.465842055365858 5.4026367991037016 7.0334815994577964 4.007167868649713 6.5102184792403932 5.620374610039355
decision_type=2 2 2 2 2 2 2 2 2 2
left_child=2 7 3 5 -5 6 -1 -2 9 -3
right_child=1 8 -4 4 -6 -7 -8 -9 -10 -11
leaf_value=-6.6334522267513938e-06 4.5796533127681209e-05 -0.00026867909822612983 -0.00020446230579788485 0.00045975759567227191 -2.4059976964384657e-05 -0.00026264652395704095 0.00015864695278651199 0.00034366297477390613 0.00011567408801056446 -3.8357414887286722e-05
leaf_weight=410 7.0000000000000018 5.0000000000000018 8.9999999999999982 6.0000000000000027 10.999999999999998 6.9999999999999991 11.999999999999998 7 6.9999999999999991 5
leaf_count=410 7 5 9 6 11 7 12 7 7 5
internal_value=0 6.45404e-05 -4.39726e-06 -3.60071e-07 0.000146699 -6.18759e-06 -1.93354e-06 0.00019473 -4.26743e-05 -0.000153518
internal_weight=0 31 455 446 17 429 422 14 17 10
internal_count=486 31 455 446 17 429 422 14 17 10
is_linear=0
shrinkage=0.1


Tree=463
num_leaves=11
num_cat=0
split_feature=89 14 39 64 96 1 89 98 90 30
split_gain=1.28754e-05 4.672e-05 0.000131664 8.58792e-05 6.10912e-05 4.05634e-05 2.8232e-05 6.23446e-05 2.84511e-05 2.51832e-05
threshold=6.2085718078050585 3.8064155152036787 2.4563274428680266 3.1345481418531311 0.89587973461402759 1.5890269151739729 6.380116791391317 1.9356005054539456 3.0433873634561537 1.0397207708399181
decision_type=2 2 2 2 2 2 2 2 2 2
left_child=1 2 -1 -3 5 -4 7 -2 -9 -8
right_child=6 3 4 -5 -6 -7 9 8 -10 -11
leaf_value=0.00058120605186559268 0.00015316932840505606 -0.00044536023167893261 0.00022577957632685344 4.2307128695448721e-05 -0.00021022450091550128 -4.0785114619853525e-06 -9.7536529297940447e-05 -0.00013085246740956793 -0.00042300556087866427 6.0950916261940165e-06
leaf_weight=4.9999999999999991 6.0000000000000027 5.0000000000000027 14.000000000000002 12.999999999999998 7.9999999999999991 17 25 9.9999999999999982 4.9999999999999991 378
leaf_count=5 6 5 14 13 8 17 25 10 5 378
internal_value=0 4.25646e-05 9.80867e-05 -9.3156e-05 3.61483e-05 9.97284e-05 -6.22407e-06 -0.000119264 -0.000228237 -3.33669e-07
internal_weight=0 62 44 18 39 31 424 21 15 403
internal_count=486 62 44 18 39 31 424 21 15 403
is_linear=0
shrinkage=0.1


Tree=464
num_leaves=11
num_cat=0
split_feature=30 62 62 23 73 53 92 68 0 0
split_gain=1.26821e-05 6.01677e-05 8.62251e-05 0.000107044 7.28698e-05 5.39665e-05 3.73444e-05 5.06203e-05 6.97884e-05 6.71241e-05
threshold=2.602003343538398 5.9964025824430864 5.272986409146923 2.3502401828962087 1.4978661367769959 2.524928003624769 4.6913057964583187 1.9356005054539456 4.0773937863842606 4.2121001622835381
decision_type=2 2 2 2 2 2 2 2 2 2
left_child=1 2 3 5 -4 -1 -2 -8 -9 -10
right_child=6 -3 4 -5 -6 -7 7 8 9 -11
leaf_value=4.9744740217515826e-05 -6.9110900679974024e-05 0.00027703089031597806 -0.00047118620520147155 0.00039913686196086929 -5.465355175796763e-05 -0.00018002313130030718 -0.00019327064201206669 0.00012087119820744892 -0.00033772159755850835 1.3458174582771165e-06
leaf_weight=69 81 8.9999999999999982 6.0000000000000027 7.9999999999999991 13.999999999999998 11.999999999999998 11.999999999999998 52 5.9999999999999991 217
leaf_count=69 81 9 6 8 14 12 12 52 6 217
internal_value=0 2.85272e-05 8.0086e-06 5.01708e-05 -0.000179613 1.57051e-05 -9.14732e-06 7.77619e-06 1.65491e-05 -7.77707e-06
internal_weight=0 118 109 89 20 81 368 287 275 223
internal_count=486 118 109 89 20 81 368 287 275 223
is_linear=0
shrinkage=0.1


Tree=465
num_leaves=11
num_cat=0
split_feature=66 61 56 48 96 76 67 67 52 59
split_gain=1.21302e-05 6.54859e-05 4.32097e-05 5.37839e-05 5.88167e-05 3.96189e-05 4.41893e-05 5.54326e-05 3.4669e-05 4.41933e-05
threshold=4.234001473612734 5.843506608418541 4.465842055365858 4.4127799275304271 3.3667009459186801 4.0859410030639109 4.1430087342023825 4.6539149966267201 7.1049533148507669 9.1921681053127724
decision_type=2 2 2 2 2 2 2 2 2 2
left_child=1 8 3 -2 -5 -4 -7 -8 -1 -10
right_child=2 -3 5 4 -6 6 7 -9 9 -11
leaf_value=3.345315982542501e-06 -4.8734715991568827e-05 -0.0002908655034502772 0.00020835005478667362 0.00043658841022988767 8.6538641789957188e-05 -0.00027895935678056311 0.00030513523270201407 -4.6655124047944368e-05 -0.00035975230227146927 4.2792012973222878e-05
leaf_weight=374 11.000000000000002 7.9999999999999991 6.9999999999999991 8.0000000000000018 11.999999999999998 6.9999999999999991 4.9999999999999991 43 5.9999999999999982 5
leaf_count=374 11 8 7 8 12 7 5 43 6 5
internal_value=0 -7.68532e-06 3.24767e-05 0.000128874 0.000226559 -1.57219e-05 -4.42402e-05 -1.00103e-05 -1.80105e-06 -0.000176778
internal_weight=0 393 93 31 20 62 55 48 385 11
internal_count=486 393 93 31 20 62 55 48 385 11
is_linear=0
shrinkage=0.1


Tree=466
num_leaves=11
num_cat=0
split_feature=35 35 11 35 23 13 1 24 11 45
split_gain=1.22924e-05 8.50157e-05 6.12813e-05 6.05444e-05 7.6788e-05 6.97754e-05 3.89597e-05 8.8886e-05 6.5696e-05 7.91452e-05
threshold=4.9593358439305844 4.912546742554059 4.8558607684570871 5.0139575654555903 2.524928003624769 3.6632328069201612 3.2951505240983434 1.7005986908310777 4.1742689126930488 5.4204958404047412
decision_type=2 2 2 2 2 2 2 2 2 2
left_child=1 2 -1 4 -2 -6 7 -5 9 -8
right_child=3 -3 -4 6 5 -7 8 -9 -10 -11
leaf_value=9.1445882666377261e-06 -0.00011000837941537612 -0.00038830509608184607 -0.00017862466346215162 7.7419249345953358e-06 0.0006341042928397657 0.0001058037724578753 -0.00031432954274350782 0.00039472189746447839 1.8644829431718369e-05 -3.4120513171526708e-05
leaf_weight=204 4.9999999999999991 5.9999999999999991 19 23.000000000000004 4.9999999999999982 5 13.999999999999998 7.9999999999999991 161 36
leaf_count=204 5 6 19 23 5 5 14 8 161 36
internal_value=0 -1.6848e-05 -6.85369e-06 1.50125e-05 0.000209967 0.000369954 2.92853e-06 0.000107608 -1.24509e-05 -0.000112579
internal_weight=0 229 223 257 15 10 242 31 211 50
internal_count=486 229 223 257 15 10 242 31 211 50
is_linear=0
shrinkage=0.1


Tree=467
num_leaves=9
num_cat=0
split_feature=89 94 92 102 15 89 89 97
split_gain=1.13621e-05 2.41674e-05 2.35646e-05 5.40625e-05 1.81896e-05 1.50168e-05 5.14664e-05 4.00028e-05
threshold=10.395425808672428 6.0111590312221681 7.6128232189448175 1.7005986908310777 5.609465086342035 9.4530374150950944 9.3631962894931622 4.7790881836238563
decision_type=2 2 2 2 2 2 2 2
left_child=1 2 5 -4 -3 6 -1 -7
right_child=-2 4 3 -5 -6 7 -8 -9
leaf_value=1.6877491664200369e-06 -0.00012648233428730498 7.494720048271122e-06 -0.00030631946719950054 5.0958665572882949e-05 0.00026574885511460397 0.00020528302187673177 -0.00024018233331541219 2.0628731889653291e-06
leaf_weight=391 6.9999999999999991 4.9999999999999982 8.0000000000000018 8.9999999999999982 6 12.999999999999998 8.9999999999999982 38
leaf_count=391 7 5 8 9 6 13 9 38
internal_value=0 1.84838e-06 -1.59528e-06 -0.000117172 0.000148361 2.76128e-06 -3.75433e-06 5.38641e-05
internal_weight=0 479 468 17 11 451 400 51
internal_count=486 479 468 17 11 451 400 51
is_linear=0
shrinkage=0.1


Tree=468
num_leaves=11
num_cat=0
split_feature=68 68 88 72 84 43 26 45 37 70
split_gain=1.10836e-05 2.49912e-05 2.06079e-05 2.03572e-05 3.35358e-05 5.71281e-05 3.09933e-05 2.19419e-05 1.56716e-05 1.11129e-05
threshold=5.9532129741149253 6.0473693846339858 6.0473693846339858 7.6128232189448175 5.7960531314223358 5.3374918497535253 4.0859410030639109 6.2146000983581917 5.4026367991037016 5.4248626803891185
decision_type=2 2 2 2 2 2 2 2 2 2
left_child=2 -2 3 4 7 -6 -5 -1 -8 -3
right_child=1 9 -4 6 5 -7 8 -9 -10 -11
leaf_value=8.4205646885493476e-06 0.00024368502102637028 0.0001139045919990167 -0.00020497312740189955 0.00031640218105167151 -0.00042691814247518782 3.0760337661680141e-05 -0.00011462119291536513 -5.7173101860394512e-05 0.00012509252216356495 -7.6139801240060489e-05
leaf_weight=376 6.0000000000000027 4.9999999999999991 4.9999999999999991 4.9999999999999991 4.9999999999999982 6 4.9999999999999982 59 6 7.9999999999999991
leaf_count=376 6 5 5 5 5 6 5 59 6 8
internal_value=0 7.48692e-05 -3.04607e-06 -8.60713e-07 -4.83657e-06 -0.000177275 0.000109966 -4.76048e-07 1.61317e-05 -3.0458e-06
internal_weight=0 19 467 462 446 11 16 435 11 13
internal_count=486 19 467 462 446 11 16 435 11 13
is_linear=0
shrinkage=0.1


Tree=469
num_leaves=11
num_cat=0
split_feature=35 35 35 33 11 86 92 85 92 15
split_gain=1.09148e-05 6.73334e-05 4.92532e-05 6.15495e-05 4.78587e-05 4.6288e-05 3.8794e-05 7.7238e-05 5.05822e-05 3.6963e-05
threshold=4.9593358439305844 4.912546742554059 5.1445790166580574 4.0773937863842606 4.8558607684570871 3.3667009459186801 3.3296469598418192 4.007167868649713 4.5538214868689204 5.0139575654555903
decision_type=2 2 2 2 2 2 2 2 2 2
left_child=1 4 3 5 6 9 7 -1 -8 -2
right_child=2 -3 -4 -5 -6 -7 8 -9 -10 -11
leaf_value=5.1188358040048911e-07 0.00020952069472211093 -0.00034645424263241389 -4.3700908939113818e-06 0.00036494306041277017 -0.00015877950687641525 -0.00022481772437458862 -0.00015255192067039995 0.00025593063114416403 6.0517511824840653e-06 -3.1818679516701113e-05
leaf_weight=39 15.000000000000005 5.9999999999999991 218 7.9999999999999991 19 4.9999999999999991 24 17 124 10.999999999999998
leaf_count=39 15 6 218 8 19 5 24 17 124 11
internal_value=0 -1.58759e-05 1.41462e-05 0.000117648 -6.98141e-06 5.38296e-05 7.15664e-06 7.80497e-05 -1.96678e-05 0.000107416
internal_weight=0 229 257 39 223 31 204 56 148 26
internal_count=486 229 257 39 223 31 204 56 148 26
is_linear=0
shrinkage=0.1


Tree=470
num_leaves=11
num_cat=0
split_feature=7 6 7 71 81 64 63 43 64 5
split_gain=1.08214e-05 4.0878e-05 3.9504e-05 1.3802e-05 5.22813e-05 5.11483e-05 2.5396e-05 2.32854e-05 1.09291e-05 8.49874e-06
threshold=6.5610216630967022 6.5381387766044883 6.462969825394751 5.9776119115618718 5.996439712534567 5.6239588547786612 4.3943729409690677 5.9188360407794134 5.7300786997157873 6.5381387766044883
decision_type=2 2 2 2 2 2 2 2 2 2
left_child=2 -2 3 4 7 6 -5 -1 -7 -3
right_child=1 9 -4 5 -6 8 -8 -9 -10 -11
leaf_value=-4.6892023262505669e-06 0.00031989846844226099 -0.00011411039187805719 -0.00025825100601650774 7.2480720118619517e-05 -0.00025818870417424481 -0.00015302193351089945 0.00037763394648209213 0.00012222488245849187 1.3141413249908701e-05 3.9300710732976981e-05
leaf_weight=399 5.0000000000000027 5.0000000000000027 5.9999999999999991 4.9999999999999982 7.9999999999999991 5.0000000000000027 6 14.999999999999998 19 12.999999999999998
leaf_count=399 5 5 6 5 8 5 6 15 19 13
internal_value=0 6.695e-05 -3.32581e-06 2.11298e-08 -4.98372e-06 6.03653e-05 0.000238928 -9.08659e-08 -2.1476e-05 -3.31348e-06
internal_weight=0 23 463 457 422 35 11 414 24 18
internal_count=486 23 463 457 422 35 11 414 24 18
is_linear=0
shrinkage=0.1


Tree=471
num_leaves=8
num_cat=0
split_feature=36 24 68 58 68 33 72
split_gain=9.83514e-06 1.49472e-05 1.37121e-05 3.27092e-05 3.05505e-05 1.72032e-05 1.07076e-05
threshold=5.9413402452221584 6.6355296032743123 5.9532129741149253 5.8347936374918037 6.1974365842109203 6.2402739452473375 7.8058753204502649
decision_type=2 2 2 2 2 2 2
left_child=1 2 3 5 6 -1 -4
right_child=-2 -3 4 -5 -6 -7 -8
leaf_value=1.6737411282152157e-06 -0.0001395274547394365 0.00013699847149837297 0.00029763090889900934 -0.00021843061812043226 -0.00010858655208721758 -0.00016879216927918607 9.0676068502943956e-05
leaf_weight=445 4.9999999999999991 7.9999999999999991 4.9999999999999982 6.9999999999999991 4.9999999999999991 5.9999999999999991 5
leaf_count=445 5 8 5 7 5 6 5
internal_value=0 1.45039e-06 -8.42178e-07 -3.92348e-06 9.32401e-05 -5.94098e-07 0.000194153
internal_weight=0 481 473 458 15 451 10
internal_count=486 481 473 458 15 451 10
is_linear=0
shrinkage=0.1


Tree=472
num_leaves=11
num_cat=0
split_feature=18 34 43 84 84 31 80 89 19 84
split_gain=9.50112e-06 8.12141e-05 5.0739e-05 4.00197e-05 5.80278e-05 3.02612e-05 6.27565e-05 7.09173e-05 3.56204e-05 2.7258e-05
threshold=1.0397207708399181 3.8064155152036787 0.89587973461402759 4.1430087342023825 2.3937458713910238 1.0397207708399181 2.740319461670996 7.2290547148619391 5.6899940907710844 1.4978661367769956
decision_type=2 2 2 2 2 2 2 2 2 2
left_child=1 2 3 4 -1 6 7 -2 -7 -10
right_child=5 -3 -4 -5 -6 8 -8 -9 9 -11
leaf_value=-3.5961360221595604e-05 -0.00039374159532599138 0.00042304214555770163 0.00015285897640172734 0.00011492112942505628 -0.00048200225457549088 0.0001902773020992754 7.3771598233309172e-05 -3.3165594565313465e-05 -4.9329832752644303e-05 1.3028354206949119e-05
leaf_weight=7.0000000000000053 10.000000000000002 4.9999999999999991 10.999999999999998 4.9999999999999991 5 9.9999999999999982 13.999999999999998 11.999999999999998 90 317
leaf_count=7 10 5 11 5 5 10 14 12 90 317
internal_value=0 5.18038e-05 -1.44888e-05 -0.000122773 -0.000221812 -3.77378e-06 -9.17389e-05 -0.000197064 3.82033e-06 -7.60925e-07
internal_weight=0 33 28 17 12 453 36 22 417 407
internal_count=486 33 28 17 12 453 36 22 417 407
is_linear=0
shrinkage=0.1


Tree=473
num_leaves=11
num_cat=0
split_feature=44 41 54 70 21 33 44 56 46 50
split_gain=1.09364e-05 5.97172e-05 8.30415e-05 5.72068e-05 8.53542e-05 6.9244e-05 2.69914e-05 8.36384e-05 6.03542e-05 5.8165e-05
threshold=0.89587973461402759 4.234001473612734 3.1345481418531311 2.3502401828962087 1.0397207708399181 1.4978661367769959 1.7005986908310777 0.8958797346140277 1.2424533248940004 2.740319461670996
decision_type=2 2 2 2 2 2 2 2 2 2
left_child=1 2 3 4 -1 -5 7 9 -9 -2
right_child=6 -3 -4 5 -6 -7 -8 8 -10 -11
leaf_value=0.00014488000655546779 -6.7476034746505331e-05 -0.0002493673043708051 0.0003844031689888133 0.00026878923667633599 -0.00021950048487471782 1.0857927811551181e-05 9.5060792823965645e-07 0.00032274777418933787 -6.7731114387769553e-05 -0.00052928948231662312
leaf_weight=10.000000000000002 4.9999999999999982 6.9999999999999991 6.9999999999999991 14.999999999999998 18 34 360 5.0000000000000027 19 6
leaf_count=10 5 7 7 15 18 34 360 5 19 6
internal_value=0 3.12533e-05 5.46384e-05 2.46597e-05 -8.93646e-05 8.98165e-05 -7.20013e-06 -9.10363e-05 1.36187e-05 -0.000319374
internal_weight=0 91 84 77 28 49 395 35 24 11
internal_count=486 91 84 77 28 49 395 35 24 11
is_linear=0
shrinkage=0.1


Tree=474
num_leaves=11
num_cat=0
split_feature=87 67 94 79 78 0 79 79 18 89
split_gain=1.11436e-05 4.97721e-05 5.57713e-05 3.49355e-05 3.74098e-05 3.755e-05 3.49069e-05 6.96876e-05 5.00352e-05 5.83649e-05
threshold=2.1383330595080281 0.8958797346140277 3.3667009459186801 6.6346324944835127 2.7058230259275202 2.602003343538398 6.9087542803134747 6.9927515451944107 1.0397207708399181 5.2670071855572038
decision_type=2 2 2 2 2 2 2 2 2 2
left_child=6 2 -2 -3 5 -5 8 -8 -1 -10
right_child=1 3 -4 4 -6 -7 7 -9 9 -11
leaf_value=0.00024674500122533313 -0.00039510402587308955 0.00023547925835979791 2.0378289627842604e-05 -4.545290721580387e-06 -1.3583121637094775e-06 -0.00039210193557664752 0.00043655733112245803 4.8228495954211469e-05 -0.00036277712380979212 -1.3371477906304892e-05
leaf_weight=6.9999999999999991 6.9999999999999982 5.9999999999999991 6 4.9999999999999982 270 5 4.9999999999999991 61 4.9999999999999991 109
leaf_count=7 7 6 6 5 270 5 5 61 5 109
internal_value=0 -1.19751e-05 -0.000203343 -3.27659e-06 -8.39279e-06 -0.000198324 1.91474e-05 7.76473e-05 -1.27617e-05 -2.86963e-05
internal_weight=0 299 13 286 280 10 187 66 121 114
internal_count=486 299 13 286 280 10 187 66 121 114
is_linear=0
shrinkage=0.1


Tree=475
num_leaves=11
num_cat=0
split_feature=36 26 35 51 32 30 27 47 29 30
split_gain=9.96048e-06 5.71902e-05 8.53297e-05 4.05168e-05 6.56237e-05 3.94799e-05 7.55851e-05 5.11688e-05 4.06239e-05 8.27575e-05
threshold=1.8688348091416842 1.4978661367769956 5.2417330174952186 4.7621374077860157 5.7267999994427079 2.9174053685313028 0.8958797346140277 3.1132683346437333 7.8050649668790992 3.1345481418531311
decision_type=2 2 2 2 2 2 2 2 2 2
left_child=1 3 -3 4 -1 6 -2 -8 9 -7
right_child=5 2 -4 -5 -6 8 7 -9 -10 -11
leaf_value=-4.3562918259946551e-06 7.2024296215594019e-05 5.7235403467013783e-05 0.00043797368915485485 0.00026749741751700638 -0.00028343817555449076 0.00044307012770635357 -0.00030791546746246129 5.6003494246397172e-05 -1.2423576228930636e-05 2.9509788713767194e-05
leaf_weight=132 13.999999999999998 37 6.9999999999999991 4.9999999999999991 8.9999999999999982 6.0000000000000027 17.000000000000004 4.9999999999999991 229 25
leaf_count=132 14 37 7 5 9 6 17 5 229 25
internal_value=0 1.78686e-05 0.000117807 -1.22499e-05 -2.217e-05 -1.14697e-05 -0.000109617 -0.000225207 2.11987e-06 0.000109554
internal_weight=0 190 44 146 141 296 36 22 260 31
internal_count=486 190 44 146 141 296 36 22 260 31
is_linear=0
shrinkage=0.1


Tree=476
num_leaves=11
num_cat=0
split_feature=52 60 42 32 14 38 27 30 40 20
split_gain=9.32855e-06 2.57162e-05 2.20614e-05 3.06983e-05 3.55406e-05 7.55872e-05 5.63681e-05 3.3556e-05 2.17987e-05 2.33248e-05
threshold=7.6824671561055489 5.6452907969132928 7.3770474648161253 7.1396600215233414 5.6664207015582333 5.0688844241303981 4.6346818562128229 4.7094896185437563 5.1618877947679662 5.4026367991037016
decision_type=2 2 2 2 2 2 2 2 2 2
left_child=2 -2 3 4 6 -6 -1 -5 -4 -10
right_child=1 -3 8 7 5 -7 -8 -9 9 -11
leaf_value=-7.9424294081060489e-06 0.00015840109554119406 -3.692034499960885e-05 -0.00024368188418780578 0.00035138103412464235 -0.00047112023457884789 2.4519275393686259e-05 0.00014429158243449192 4.3038057750284986e-05 9.2671993479598278e-05 -0.00013173930983612081
leaf_weight=377 13.000000000000002 13.999999999999998 7.0000000000000027 5.0000000000000027 4.9999999999999991 7.9999999999999991 26 11.999999999999998 8.0000000000000018 10.999999999999998
leaf_count=377 13 14 7 5 5 8 26 12 8 11
internal_value=0 5.71233e-05 -3.36019e-06 2.01201e-06 -3.37058e-06 -0.000166111 1.87912e-06 0.000133727 -9.28281e-05 -3.72503e-05
internal_weight=0 27 459 433 416 13 403 17 26 19
internal_count=486 27 459 433 416 13 403 17 26 19
is_linear=0
shrinkage=0.1


Tree=477
num_leaves=11
num_cat=0
split_feature=87 81 60 57 64 51 81 27 12 47
split_gain=1.00422e-05 4.38106e-05 5.16457e-05 4.16821e-05 3.42887e-05 3.01858e-05 4.1183e-05 3.59102e-05 6.10674e-05 5.07552e-05
threshold=2.0126758453675748 1.8688348091416842 3.7609296261008152 3.2951505240983434 4.4995626957636246 1.8688348091416842 3.8064155152036787 2.0126758453675748 5.4847194494823395 2.0126758453675748
decision_type=2 2 2 2 2 2 2 2 2 2
left_child=3 2 -2 4 -1 6 -3 8 -7 -9
right_child=1 5 -4 -5 -6 7 -8 9 -10 -11
leaf_value=1.8359102130007052e-05 -0.00035009460050332568 0.0003386465463942538 3.8020307935463883e-05 0.00027800044723941633 -0.00022497880175554507 -4.5885327037669615e-05 -7.9327179264510047e-06 0.00021496354417071086 -0.00039047513079519075 -4.9841408643276394e-06
leaf_weight=166 7.9999999999999982 5.9999999999999991 6 5.9999999999999991 5.9999999999999991 36 7.9999999999999991 10.999999999999998 5.9999999999999991 227
leaf_count=166 8 6 6 6 6 36 8 11 6 227
internal_value=0 -1.09277e-05 -0.00018376 1.89087e-05 9.87057e-06 -2.69764e-06 0.000140601 -9.86258e-06 -9.51124e-05 5.18151e-06
internal_weight=0 308 14 178 172 294 14 280 42 238
internal_count=486 308 14 178 172 294 14 280 42 238
is_linear=0
shrinkage=0.1


Tree=478
num_leaves=11
num_cat=0
split_feature=62 62 93 0 68 84 10 89 40 8
split_gain=9.36357e-06 4.03447e-05 4.65463e-05 4.71628e-05 9.30759e-05 3.72275e-05 9.03644e-05 3.67945e-05 3.40837e-05 3.96422e-05
threshold=4.1430087342023825 4.007167868649713 2.9430520157250784 1.5890269151739729 1.0397207708399181 1.2424533248940004 3.4960482137079443 5.5872416446462791 1.5890269151739729 4.3693677306817369
decision_type=2 2 2 2 2 2 2 2 2 2
left_child=1 2 3 7 -5 6 8 -1 -2 -10
right_child=5 -3 -4 4 -6 -7 -8 -9 9 -11
leaf_value=-0.00013929156616035874 -5.3545314585790009e-06 0.00020800320304591548 -0.00015556804455021242 0.00052652888814918653 5.5412925016403634e-05 4.3709846722723656e-06 6.8339724994075378e-05 4.984442975910497e-05 -0.00036927128011094665 -6.2048073353556302e-05
leaf_weight=18 6.0000000000000027 10.999999999999998 14.999999999999998 5.0000000000000027 26 341 20 24 14.000000000000002 5.9999999999999991
leaf_count=18 6 11 15 5 26 341 20 24 14 6
internal_value=0 2.74436e-05 4.87361e-06 3.78411e-05 0.000131399 -7.02045e-06 -9.14656e-05 -3.12139e-05 -0.000214393 -0.000277104
internal_weight=0 99 88 73 31 387 46 42 26 20
internal_count=486 99 88 73 31 387 46 42 26 20
is_linear=0
shrinkage=0.1


Tree=479
num_leaves=11
num_cat=0
split_feature=24 48 17 32 15 13 27 20 39 15
split_gain=9.74443e-06 5.00323e-05 8.18135e-05 4.50066e-05 4.46483e-05 4.37668e-05 3.88298e-05 6.04591e-05 4.07014e-05 3.63099e-05
threshold=4.3693677306817369 4.1430087342023825 3.4175922930736511 5.9964025824430864 1.2424533248940004 2.9430520157250784 3.4960482137079443 4.1971736807086968 8.7846956037077835 5.0562255201382529
decision_type=2 2 2 2 2 2 2 2 2 2
left_child=6 2 -2 -4 5 -3 8 -8 -1 -6
right_child=1 4 3 -5 9 -7 7 -9 -10 -11
leaf_value=2.8960866663563889e-06 6.9204631654429256e-06 3.0410170438699431e-05 -0.00013999733964737974 -0.00048720547181021947 -9.4878320679354892e-05 0.00041778278493438838 0.00016476194159622539 -0.00014259339372983961 -0.00028539722552523017 1.8544565377584041e-05
leaf_weight=238 20 6.9999999999999982 7.9999999999999982 7 37 5 32 7.9999999999999991 4.9999999999999991 119
leaf_count=238 20 7 8 7 37 5 32 8 5 119
internal_value=0 -1.67188e-05 -0.000125486 -0.000302028 5.94102e-06 0.000191815 1.19926e-05 0.000103291 -3.03587e-06 -8.35702e-06
internal_weight=0 203 35 15 168 12 283 40 243 156
internal_count=486 203 35 15 168 12 283 40 243 156
is_linear=0
shrinkage=0.1


Tree=480
num_leaves=11
num_cat=0
split_feature=92 95 5 102 52 4 6 60 98 95
split_gain=9.05767e-06 3.64107e-05 4.38563e-05 4.50367e-05 3.04177e-05 2.0113e-05 2.92714e-05 2.55283e-05 1.80757e-05 7.366e-05
threshold=7.0166060642627874 6.3767211632383889 4.1107394736335969 2.3502401828962087 6.9343929434115683 4.9904094477362264 3.9316333620047872 4.5950688323293329 4.3943729409690677 2.649158683274019
decision_type=2 2 2 2 2 2 2 2 2 2
left_child=8 2 -2 4 -4 6 -3 -7 -1 -10
right_child=1 5 3 -5 -6 7 -8 -9 9 -11
leaf_value=-5.697606934143059e-06 -0.00036765059689059854 5.2280173986218859e-05 -0.00024094711352518058 6.0279190878837228e-05 -1.2595069274539127e-05 0.00025531100982334465 -0.00020671865834932156 2.6833673473447562e-06 -0.00029547018784796823 6.6277237511802844e-05
leaf_weight=303 4.9999999999999991 16.000000000000004 14.000000000000002 19 9.9999999999999982 7.9999999999999991 5.9999999999999991 7.9999999999999991 5.9999999999999991 91
leaf_count=303 5 16 14 19 10 8 6 8 6 91
internal_value=0 -2.94422e-05 -8.73366e-05 -5.4742e-05 -0.0001458 4.36875e-05 -1.83559e-05 0.000128997 6.33008e-06 4.39011e-05
internal_weight=0 86 48 43 24 38 22 16 400 97
internal_count=486 86 48 43 24 38 22 16 400 97
is_linear=0
shrinkage=0.1


Tree=481
num_leaves=11
num_cat=0
split_feature=20 20 15 102 70 15 40 1 10 11
split_gain=9.01103e-06 6.84805e-05 3.69985e-05 3.47267e-05 3.38921e-05 3.3064e-05 4.38413e-05 3.69703e-05 2.95841e-05 2.9118e-05
threshold=3.3497501700808394 3.6505739029280164 4.007167868649713 3.7012257604091228 4.2045812236012674 4.9593358439305844 4.4425820475484112 4.9199542854466296 3.6505739029280164 4.8558607684570871
decision_type=2 2 2 2 2 2 2 2 2 2
left_child=9 3 8 4 -2 6 -4 -7 -3 -1
right_child=1 2 5 -5 -6 7 -8 -9 -10 -11
leaf_value=2.0446037451126371e-05 2.5534513454961894e-05 0.00036274966732889884 -3.7090991584894556e-05 -0.00026287489641358016 -0.00022933772997930647 9.3201185869805743e-05 -0.00034359656371331463 -1.2066732430234287e-05 5.2671801677206537e-05 -0.00020281951389430712
leaf_weight=221 15.000000000000002 4.9999999999999991 21.000000000000004 13.999999999999998 7.9999999999999991 44 5.9999999999999991 138 7.9999999999999991 5.9999999999999991
leaf_count=221 15 5 21 14 8 44 6 138 8 6
internal_value=0 -1.27477e-05 8.24448e-06 -0.000138701 -6.31167e-05 -1.93707e-06 -0.000105203 1.33827e-05 0.000171933 1.45447e-05
internal_weight=0 259 222 37 23 209 27 182 13 227
internal_count=486 259 222 37 23 209 27 182 13 227
is_linear=0
shrinkage=0.1


Tree=482
num_leaves=11
num_cat=0
split_feature=25 52 9 68 15 89 53 86 33 33
split_gain=8.44765e-06 3.0376e-05 3.83425e-05 3.83377e-05 2.30157e-05 2.77558e-05 2.02903e-05 2.24178e-05 1.58005e-05 3.07484e-05
threshold=6.6957798175907541 5.8286687243454827 8.6312358437723962 4.7957563937576522 6.5847761301033945 9.1514147604856415 5.1589892359258025 2.8029010331479989 6.2402739452473375 5.9913520344498341
decision_type=2 2 2 2 2 2 2 2 2 2
left_child=4 2 -2 -3 8 -6 7 -5 9 -1
right_child=1 3 -4 6 5 -7 -8 -9 -10 -11
leaf_value=-9.6289877580388491e-07 1.1421542149037126e-06 0.00023330352463138602 -0.00039048245002049948 -1.8240583397398175e-05 0.00032112016808241614 1.2635855403329643e-05 1.5302597239497119e-05 -0.00028165733868566653 -0.00017598784019355664 0.00019699951008078642
leaf_weight=408 4.9999999999999982 5.9999999999999991 5 6.9999999999999982 4.9999999999999982 7 24 6 4.9999999999999991 7.9999999999999991
leaf_count=408 5 6 5 7 5 7 24 6 5 8
internal_value=0 -3.76839e-05 -0.00019467 -1.17546e-06 4.61258e-06 0.000141171 -3.91991e-05 -0.000139818 7.20176e-07 2.84407e-06
internal_weight=0 53 10 43 433 12 37 13 421 416
internal_count=486 53 10 43 433 12 37 13 421 416
is_linear=0
shrinkage=0.1


Tree=483
num_leaves=11
num_cat=0
split_feature=87 81 87 79 79 90 19 90 49 34
split_gain=8.00871e-06 3.3185e-05 3.99464e-05 2.99042e-05 6.56012e-05 4.40007e-05 5.41288e-05 4.45917e-05 3.08703e-05 3.0667e-05
threshold=2.0126758453675748 1.8688348091416842 3.2180751841847144 6.9087542803134747 7.037002904490536 2.3937458713910238 5.0237939482549434 2.7058230259275202 7.1196304013462752 3.8499212036984933
decision_type=2 2 2 2 2 2 2 2 2 2
left_child=3 2 -2 5 -5 9 -7 -8 -6 -1
right_child=1 -3 -4 4 8 6 7 -9 -10 -11
leaf_value=-7.5531832953856773e-05 -0.00030646546802017845 -2.595981956127165e-06 3.487048670649528e-05 0.00038893172653236738 -5.7743383295019163e-05 0.00025010726789736917 0.00021825173216711847 -2.9089468945330293e-05 0.00010062987508092648 -0.00035925855219829826
leaf_weight=16.000000000000004 7.9999999999999982 294 6 5.9999999999999991 20 8.9999999999999982 7.9999999999999991 82 32 4.9999999999999991
leaf_count=16 8 294 6 6 20 9 8 82 32 5
internal_value=0 -9.75883e-06 -0.000160179 1.68861e-05 7.58427e-05 -1.16097e-05 1.62792e-05 -7.10358e-06 3.97171e-05 -0.000143086
internal_weight=0 308 14 178 58 120 99 90 52 21
internal_count=486 308 14 178 58 120 99 90 52 21
is_linear=0
shrinkage=0.1


Tree=484
num_leaves=11
num_cat=0
split_feature=66 75 57 69 44 64 81 56 60 4
split_gain=8.09348e-06 4.11417e-05 6.05679e-05 3.95513e-05 3.87625e-05 5.53809e-05 5.1021e-05 3.42818e-05 3.40422e-05 3.87271e-05
threshold=4.234001473612734 5.8664640443659364 3.4175922930736511 7.7693228296140928 5.5133962268973056 5.2203412156610947 4.7621374077860157 3.891612008168019 3.8499212036984933 5.272986409146923
decision_type=2 2 2 2 2 2 2 2 2 2
left_child=1 4 3 -3 5 6 -1 -6 -2 -10
right_child=8 2 -4 -5 7 -7 -8 -9 9 -11
leaf_value=-3.4892008298154703e-06 0.00028034660150296988 -0.0002002099567713836 -0.0002382494998326163 0.00010666108636152267 0.00038248280063271531 -0.00014492717573011759 0.00013152909884792604 2.7941097141592759e-05 -0.0001976744166313438 3.3084555634559363e-05
leaf_weight=288 4.9999999999999991 6.0000000000000027 18 13.999999999999998 4.9999999999999982 25 31 6 7.9999999999999991 80
leaf_count=288 5 6 18 14 5 25 31 6 8 80
internal_value=0 -6.27761e-06 -0.000105171 1.45998e-05 4.30815e-06 -1.60078e-06 9.6317e-06 0.000189096 2.6528e-05 1.21065e-05
internal_weight=0 393 38 20 355 344 319 11 93 88
internal_count=486 393 38 20 355 344 319 11 93 88
is_linear=0
shrinkage=0.1


Tree=485
num_leaves=11
num_cat=0
split_feature=73 81 92 92 5 11 49 21 66 66
split_gain=7.91793e-06 3.0743e-05 3.4665e-05 0.000144047 5.71315e-05 4.39399e-05 4.0066e-05 3.91382e-05 3.27436e-05 3.00225e-05
threshold=2.524928003624769 4.5107991236896536 5.5759204062713987 5.7267999994427079 2.9174053685313028 1.8688348091416842 7.6902834072304618 3.9607678160667752 1.2424533248940004 1.2424533248940004
decision_type=2 2 2 2 2 2 2 2 2 2
left_child=1 2 4 -4 6 -5 -1 -6 -3 -2
right_child=9 8 3 5 7 -7 -8 -9 -10 -11
leaf_value=-2.2943516479713391e-05 -9.8929528875861956e-05 0.00032480642548762248 -0.00044899943168275058 0.00018187080118381842 0.00028488416490810253 -3.4006283799085814e-05 0.00022866672370582821 -4.7148654370435649e-06 5.3083165970319363e-05 1.2256551861355547e-06
leaf_weight=66 34 6.0000000000000027 7.9999999999999991 10.999999999999998 14.000000000000002 66 6.9999999999999991 6.9999999999999991 17 250
leaf_count=66 34 6 8 11 14 66 7 7 17 250
internal_value=0 1.51346e-05 1.15049e-06 -4.51274e-05 4.29975e-05 -3.1667e-06 1.18349e-06 0.000188351 0.000123967 -1.07648e-05
internal_weight=0 202 179 85 94 77 73 21 23 284
internal_count=486 202 179 85 94 77 73 21 23 284
is_linear=0
shrinkage=0.1


Tree=486
num_leaves=11
num_cat=0
split_feature=7 60 55 70 60 70 92 67 6 18
split_gain=8.11291e-06 3.01186e-05 6.13963e-05 7.06344e-05 3.24227e-05 2.98092e-05 4.91621e-05 3.11876e-05 2.89712e-05 4.31537e-05
threshold=2.602003343538398 2.740319461670996 4.8903208612686422 2.6735537653587347 2.8029010331479989 2.740319461670996 5.6167644860526105 1.4978661367769956 2.3937458713910238 3.8499212036984933
decision_type=2 2 2 2 2 2 2 2 2 2
left_child=8 2 -2 -4 -3 6 -6 -7 -1 -10
right_child=1 4 3 -5 5 7 -8 -9 9 -11
leaf_value=-4.5683816975742428e-06 -9.0129761327475804e-06 0.00018072832943289541 1.5314193054412801e-06 -0.00045235939760459589 8.2759100769180826e-05 0.00013549711250508315 -0.00032779628943119732 -4.2259191145861241e-06 0.00021993507070874326 -1.6158451204925466e-05
leaf_weight=103 34 9.9999999999999982 5.9999999999999991 7.9999999999999991 4.9999999999999982 17 7 265 16.000000000000004 14.999999999999998
leaf_count=103 34 10 6 8 5 17 7 265 16 15
internal_value=0 -7.97171e-06 -8.1586e-05 -0.000257835 3.6516e-06 -2.37142e-06 -0.000156732 4.1971e-06 2.09406e-05 0.000105696
internal_weight=0 352 48 14 304 294 12 282 134 31
internal_count=486 352 48 14 304 294 12 282 134 31
is_linear=0
shrinkage=0.1


Tree=487
num_leaves=11
num_cat=0
split_feature=35 35 35 23 13 17 47 21 21 76
split_gain=7.8805e-06 4.66396e-05 3.6652e-05 4.19873e-05 4.56468e-05 2.87882e-05 3.84923e-05 2.92034e-05 3.16769e-05 2.34666e-05
threshold=4.9593358439305844 4.912546742554059 5.0139575654555903 2.524928003624769 3.6632328069201612 3.9701138825728512 3.7609296261008152 4.8558607684570871 4.2045812236012674 2.0126758453675748
decision_type=2 2 2 2 2 2 2 2 2 2
left_child=1 5 3 -2 -5 7 -7 8 -1 -8
right_child=2 -3 -4 4 -6 6 9 -9 -10 -11
leaf_value=1.7569265413119451e-05 -7.2901732164609714e-05 -0.00028861907582419615 2.6181603471207586e-06 0.00049566047731786978 6.835824493464315e-05 -0.00028567794652190049 0.00010684546195989237 0.00020833826087515001 -9.7779987961692829e-05 -0.00011083436157395437
leaf_weight=159 4.9999999999999991 5.9999999999999991 242 4.9999999999999982 5 8.0000000000000018 8.0000000000000018 6.9999999999999991 28 12.999999999999998
leaf_count=159 5 6 242 5 5 8 8 7 28 13
internal_value=0 -1.34899e-05 1.20202e-05 0.000163706 0.000282009 -6.08729e-06 -9.90175e-05 7.80434e-06 2.97719e-07 -2.79087e-05
internal_weight=0 229 257 15 10 223 29 194 187 21
internal_count=486 229 257 15 10 223 29 194 187 21
is_linear=0
shrinkage=0.1


Tree=488
num_leaves=11
num_cat=0
split_feature=38 22 22 14 49 7 81 30 17 23
split_gain=8.15885e-06 4.53904e-05 5.23471e-05 4.43513e-05 4.49806e-05 8.38682e-05 2.99715e-05 2.24984e-05 5.17392e-05 4.93743e-05
threshold=1.9356005054539456 3.5516610312630568 4.007167868649713 3.9701138825728512 4.8597823571876004 1.0397207708399181 3.3497501700808394 2.602003343538398 3.4175922930736511 2.3502401828962087
decision_type=2 2 2 2 2 2 2 2 2 2
left_child=1 3 -3 4 5 -1 -4 8 9 -2
right_child=7 2 6 -5 -6 -7 -8 -9 -10 -11
leaf_value=-1.199286632527219e-05 4.3746577329381219e-05 -0.00037316104197608553 7.5412587223884972e-05 -0.00024463481386192146 -7.5919279796918007e-06 0.0005425489949993788 -0.00020048229198437186 -5.1328664294207447e-06 -0.00025200148811563853 0.00028600709629245102
leaf_weight=5.9999999999999982 53 7.0000000000000027 8.9999999999999982 4.9999999999999991 22 5 6.9999999999999991 357 4.9999999999999991 9.9999999999999982
leaf_count=6 53 7 9 5 22 5 7 357 5 10
internal_value=0 -3.42e-05 -0.000145078 3.29103e-05 7.49626e-05 0.000240072 -4.52914e-05 4.9087e-06 5.76269e-05 8.22006e-05
internal_weight=0 61 23 38 33 11 16 425 68 63
internal_count=486 61 23 38 33 11 16 425 68 63
is_linear=0
shrinkage=0.1


Tree=489
num_leaves=11
num_cat=0
split_feature=85 85 43 43 70 101 53 54 66 22
split_gain=7.76227e-06 8.89728e-05 3.22737e-05 4.63146e-05 4.20669e-05 4.1867e-05 3.09301e-05 5.35141e-05 3.89491e-05 2.89065e-05
threshold=5.8550678171289681 5.7556620918016277 3.1984648276080736 4.007167868649713 4.0773937863842606 2.602003343538398 5.3374918497535253 5.2932921986212866 3.8064155152036787 6.6580036303642656
decision_type=2 2 2 2 2 2 2 2 2 2
left_child=1 6 5 4 -4 -2 8 -8 9 -1
right_child=2 -3 3 -5 -6 -7 7 -9 -10 -11
leaf_value=-1.0535433738120695e-05 -1.0599326342344286e-05 -0.00031779397654140164 -4.3903661814207823e-05 3.3918365698674342e-05 -0.00038914195029065017 0.00039862913778051731 -0.00036955696026173715 -1.619280602123278e-05 0.00021317083996513656 7.1434595866223531e-05
leaf_weight=275 4.9999999999999982 8.9999999999999982 12.000000000000002 94 4.9999999999999991 5 6.0000000000000027 14.999999999999998 8.9999999999999982 51
leaf_count=275 5 9 12 94 5 5 6 15 9 51
internal_value=0 -7.2765e-06 2.19498e-05 6.4484e-06 -0.000145444 0.000194015 5.73662e-07 -0.000117154 7.9536e-06 2.2881e-06
internal_weight=0 365 121 111 17 10 356 21 335 326
internal_count=486 365 121 111 17 10 356 21 335 326
is_linear=0
shrinkage=0.1


Tree=490
num_leaves=11
num_cat=0
split_feature=52 42 51 32 42 49 95 14 22 91
split_gain=7.57446e-06 5.35951e-05 6.50618e-05 4.29907e-05 5.08599e-05 6.82822e-05 3.45154e-05 3.13205e-05 2.40417e-05 2.35409e-05
threshold=6.8123444890560956 6.7080773750101441 4.5107991236896536 6.6346255874044475 6.5337719366201101 9.1635499979093087 3.0868930519509687 4.983512786670059 6.6580036303642656 2.3937458713910238
decision_type=2 2 2 2 2 2 2 2 2 2
left_child=1 3 -3 4 8 -6 -2 -5 -1 -8
right_child=6 2 -4 7 5 -7 9 -9 -10 -11
leaf_value=-4.4195298063572452e-06 -0.00025578506028978154 -1.5612712331858347e-05 0.00038769169113948013 -0.00031699398324625287 0.00049044390674680483 -3.2173505412629308e-05 0.00020249712979421021 -4.6407870848435618e-05 0.00016133287572301925 -1.9544707549597797e-05
leaf_weight=316 5.9999999999999991 7.9999999999999991 7.9999999999999991 7.0000000000000027 4.9999999999999982 5 4.9999999999999991 10.999999999999998 8.9999999999999982 106
leaf_count=316 6 8 8 7 5 5 5 11 9 106
internal_value=0 7.02971e-06 0.000186039 -1.08405e-06 7.0053e-06 0.000229135 -2.21706e-05 -0.000151636 1.70537e-07 -9.54282e-06
internal_weight=0 369 16 353 335 10 117 18 325 111
internal_count=486 369 16 353 335 10 117 18 325 111
is_linear=0
shrinkage=0.1


Tree=491
num_leaves=11
num_cat=0
split_feature=7 5 24 71 61 40 60 55 70 8
split_gain=7.92363e-06 2.49569e-05 8.43126e-05 2.62827e-05 3.4614e-05 3.41167e-05 2.30739e-05 4.54004e-05 5.37159e-05 2.81791e-05
threshold=2.602003343538398 2.9174053685313028 3.5694334999727624 4.1107394736335969 4.1107394736335969 3.4960482137079443 2.740319461670996 4.8903208612686422 2.6735537653587347 2.8314802400679731
decision_type=2 2 2 2 2 2 2 2 2 2
left_child=1 3 -3 4 5 -1 7 9 -9 -2
right_child=6 2 -4 -5 -6 -7 -8 8 -10 -11
leaf_value=-9.2259523929290786e-06 -9.5735368409401026e-05 0.00040009025750415648 -5.241307881078683e-05 0.00014444405824178829 -0.00017961943654385819 0.00022025079056870063 2.2954021215139767e-06 2.3105916625354442e-06 -0.00039350670194835405 8.6656928215234077e-05
leaf_weight=87 18 7.0000000000000027 9.9999999999999982 11.999999999999998 10.999999999999998 6.9999999999999991 304 5.9999999999999991 7.9999999999999991 15.999999999999998
leaf_count=87 18 7 10 12 11 7 304 6 8 16
internal_value=0 2.06949e-05 0.000133912 4.24455e-06 -1.17782e-05 7.86274e-06 -7.87816e-06 -7.23107e-05 -0.000223871 -9.9037e-06
internal_weight=0 134 17 117 105 94 352 48 14 34
internal_count=486 134 17 117 105 94 352 48 14 34
is_linear=0
shrinkage=0.1


Tree=492
num_leaves=11
num_cat=0
split_feature=4 2 10 76 6 72 36 0 49 75
split_gain=7.30608e-06 3.25439e-05 3.08177e-05 3.0036e-05 4.13719e-05 2.72749e-05 2.64616e-05 5.34127e-05 5.27027e-05 3.61835e-05
threshold=1.8688348091416842 2.1383330595080281 1.0397207708399181 2.3502401828962087 2.249904835165133 3.0433873634561537 2.3502401828962087 1.5890269151739729 6.3420656231066301 3.9316333620047872
decision_type=2 2 2 2 2 2 2 2 2 2
left_child=6 3 -3 4 -2 -4 7 9 -9 -1
right_child=1 2 5 -5 -6 -7 -8 8 -10 -11
leaf_value=2.3114737623239845e-05 -9.4809919263592296e-05 0.00024957887595519426 0.00021096167038194837 2.2541398021320885e-05 -0.00042204122990369803 -4.0778125570921418e-06 -8.3367684742875617e-05 0.00042342653226417774 8.9070875533665966e-05 -0.00022380341335000205
leaf_weight=39 17.000000000000004 4.9999999999999991 5.9999999999999991 12.999999999999998 4.9999999999999991 348 18 6.0000000000000027 22 6.9999999999999991
leaf_count=39 17 5 6 13 5 348 18 6 22 7
internal_value=0 -5.92475e-06 3.04899e-06 -9.79696e-05 -0.000169181 -4.33076e-07 2.53734e-05 5.18239e-05 0.000160719 -1.44598e-05
internal_weight=0 394 359 35 22 354 92 74 28 46
internal_count=486 394 359 35 22 354 92 74 28 46
is_linear=0
shrinkage=0.1


Tree=493
num_leaves=9
num_cat=0
split_feature=36 3 33 3 10 85 85 15
split_gain=6.99451e-06 1.96987e-05 1.76606e-05 1.34841e-05 1.21682e-05 1.20281e-05 6.74923e-05 2.47946e-05
threshold=5.2598228457839697 6.7129377454940036 6.2709723510396786 6.5496251583324243 5.752527285294831 5.8550678171289681 5.7556620918016277 4.5746578350692051
decision_type=2 2 2 2 2 2 2 2
left_child=1 3 4 5 -2 6 -1 -7
right_child=2 -3 -4 -5 -6 7 -8 -9
leaf_value=2.953649728590947e-07 -0.00023891866779498125 0.00015805074071977289 4.5979264864905021e-05 -0.00016355284511519131 -2.7692192088579755e-05 0.00021489137683862022 -0.00027701936406730157 1.9002245097085726e-05
leaf_weight=353 6.0000000000000018 7.9999999999999991 8.9999999999999982 4.9999999999999991 5 6.9999999999999991 8.9999999999999982 84
leaf_count=353 6 8 9 5 5 7 9 84
internal_value=0 2.48532e-06 -5.7908e-05 -2.31979e-07 -0.000142907 1.57068e-06 -6.5992e-06 3.40706e-05
internal_weight=0 466 20 458 11 453 362 91
internal_count=486 466 20 458 11 453 362 91
is_linear=0
shrinkage=0.1


Tree=494
num_leaves=11
num_cat=0
split_feature=74 47 49 57 64 13 74 36 44 74
split_gain=7.03658e-06 3.2867e-05 4.38422e-05 4.09043e-05 5.67329e-05 3.70612e-05 2.82493e-05 3.05151e-05 5.8895e-05 2.63086e-05
threshold=4.8597823571876004 4.6346818562128229 9.2984382548374853 4.2045812236012674 4.1430087342023825 5.9532129741149253 5.2417330174952186 4.3693677306817369 5.192895118684441 5.3423228052093945
decision_type=2 2 2 2 2 2 2 2 2 2
left_child=1 2 3 -1 -5 -3 7 8 -2 -8
right_child=6 5 -4 4 -6 -7 9 -9 -10 -11
leaf_value=4.0521586467265248e-07 -6.2599311477793944e-05 0.0003785814531147481 -0.00024543765799275467 -6.8607007342507152e-05 0.00037242909893393512 2.2116678675437077e-05 0.00013459897304225404 7.6819490641355517e-05 -0.00038194654376379086 -8.6793258116234618e-06
leaf_weight=302 33 4.9999999999999982 6.9999999999999991 4.9999999999999982 7 7 14.999999999999998 9.9999999999999982 6.9999999999999991 88
leaf_count=302 33 5 7 5 7 7 15 10 7 88
internal_value=0 8.15617e-06 2.08187e-06 7.59982e-06 0.000188664 0.000170644 -1.77517e-05 -7.94242e-05 -0.000118485 1.21864e-05
internal_weight=0 333 321 314 12 12 153 50 40 103
internal_count=486 333 321 314 12 12 153 50 40 103
is_linear=0
shrinkage=0.1


Tree=495
num_leaves=11
num_cat=0
split_feature=83 90 83 82 1 66 26 73 66 20
split_gain=6.95935e-06 4.14575e-05 3.86988e-05 2.94587e-05 2.94491e-05 3.05814e-05 2.79502e-05 1.80961e-05 5.16276e-05 2.94952e-05
threshold=4.3107766033702406 1.5890269151739729 4.2625806805327082 6.3189535043292038 3.2951505240983434 2.8029010331479989 2.6735537653587347 3.891612008168019 2.8029010331479989 5.752527285294831
decision_type=2 2 2 2 2 2 2 2 2 2
left_child=2 3 7 -2 -3 -6 -7 8 -1 -9
right_child=1 4 -4 -5 5 6 -8 9 -10 -11
leaf_value=1.3450814359188013e-05 -6.1314019452159612e-05 0.00019932531951261418 0.00028399259434081615 -0.00034737273235805336 -0.00020059923108419755 0.00015320356486137662 -1.4340904047761191e-05 9.4328148809022663e-05 -0.00010000238286617485 -0.00016403646208345893
leaf_weight=244 8.9999999999999982 6.9999999999999991 4.9999999999999991 5.9999999999999991 7.9999999999999991 10.999999999999998 105 38 48 4.9999999999999991
leaf_count=244 9 7 5 6 8 11 105 38 48 5
internal_value=0 -1.82612e-05 7.84157e-06 -0.000175738 -2.2956e-07 -1.14948e-05 1.54693e-06 3.71992e-06 -5.19903e-06 6.42858e-05
internal_weight=0 146 340 15 131 124 116 335 292 43
internal_count=486 146 340 15 131 124 116 335 292 43
is_linear=0
shrinkage=0.1


Tree=496
num_leaves=11
num_cat=0
split_feature=38 22 17 14 49 7 51 43 11 30
split_gain=6.50957e-06 3.15896e-05 4.27253e-05 3.37129e-05 3.59281e-05 6.49175e-05 2.33025e-05 3.50908e-05 2.03671e-05 1.81083e-05
threshold=1.9356005054539456 3.5516610312630568 2.0126758453675748 3.9701138825728512 4.8597823571876004 1.0397207708399181 3.1132683346437333 1.4978661367769959 1.0397207708399181 2.602003343538398
decision_type=2 2 2 2 2 2 2 2 2 2
left_child=1 3 6 4 5 -1 7 -3 -6 -2
right_child=9 2 -4 -5 8 -7 -8 -9 -10 -11
leaf_value=-1.2102100640731807e-05 5.1680564994218436e-05 6.3821339281275788e-05 8.3011168836882079e-05 -0.00021654149808455261 -0.00010789717039601368 0.0004757819417864084 -0.00039219710975885397 -0.0002948796184985743 8.4537237522784963e-05 -4.6241742722144996e-06
leaf_weight=5.9999999999999982 68 5.0000000000000053 6.9999999999999991 4.9999999999999991 11.000000000000002 5 4.9999999999999991 6 10.999999999999998 357
leaf_count=6 68 5 7 5 11 5 5 6 11 357
internal_value=0 -3.05483e-05 -0.000123047 2.54376e-05 6.21011e-05 0.000209663 -0.000213197 -0.000131834 -1.168e-05 4.38458e-06
internal_weight=0 61 23 38 33 11 16 11 22 425
internal_count=486 61 23 38 33 11 16 11 22 425
is_linear=0
shrinkage=0.1


Tree=497
num_leaves=11
num_cat=0
split_feature=85 87 85 70 85 97 0 17 55 97
split_gain=7.17359e-06 4.03892e-05 3.95535e-05 3.59055e-05 2.6824e-05 3.82028e-05 3.42562e-05 2.58072e-05 2.64876e-05 2.84162e-05
threshold=4.912546742554059 4.317399216745252 5.0688844241303981 2.6735537653587347 4.7273486598447958 1.9356005054539456 5.272986409146923 0.8958797346140277 4.1583945635357589 1.0397207708399181
decision_type=2 2 2 2 2 2 2 2 2 2
left_child=1 4 3 -2 -1 -6 -7 -4 -9 -10
right_child=2 -3 7 -5 5 6 -8 8 9 -11
leaf_value=7.2881529987894177e-06 0.00033597994091299674 -0.00024941348861570338 -0.00013005173551694803 6.4590301204029508e-05 -0.00023177235640711534 0.00012797294572616618 -0.00019848514872137458 0.00023311757002375091 0.00010494146857957314 -1.2989349352955898e-05
leaf_weight=195 5.9999999999999991 6.9999999999999991 14.999999999999998 26 12.000000000000002 8.9999999999999982 4.9999999999999991 4.9999999999999991 23 183
leaf_count=195 6 7 15 26 12 9 5 5 23 183
internal_value=0 -1.29239e-05 1.14211e-05 0.000115476 -5.43325e-06 -0.000100844 1.13808e-05 -3.31232e-06 5.69759e-06 1.77684e-07
internal_weight=0 228 258 32 221 26 14 226 211 206
internal_count=486 228 258 32 221 26 14 226 211 206
is_linear=0
shrinkage=0.1


Tree=498
num_leaves=11
num_cat=0
split_feature=73 73 87 87 83 77 6 98 14 56
split_gain=6.71367e-06 1.79155e-05 2.0939e-05 3.07476e-05 1.91333e-05 1.78918e-05 1.3342e-05 1.44119e-05 1.16348e-05 8.67555e-06
threshold=5.9750802605835984 5.8819043445924564 5.5333816772649813 5.272986409146923 6.091468535064009 5.1298812082267613 6.8023330311185415 4.6539149966267201 5.2626767655455557 5.2907605476430133
decision_type=2 2 2 2 2 2 2 2 2 2
left_child=1 2 3 5 -3 -1 7 -2 -5 -8
right_child=6 4 -4 8 -6 -7 9 -9 -10 -11
leaf_value=-1.3054529577809482e-06 2.7935953507299663e-05 -0.00027390668867155915 0.00020325126592069865 -5.4968213371466864e-05 2.7399527607485651e-06 0.00014120376686656123 -0.0001425703335553408 0.0001961888439836912 -0.00026151305695141976 2.9896314871231359e-05
leaf_weight=417 14.000000000000002 4.9999999999999982 4.9999999999999991 4.9999999999999982 5 8.9999999999999982 4.9999999999999982 7.9999999999999991 6 7
leaf_count=417 14 5 5 5 5 9 5 8 6 7
internal_value=0 -3.22353e-06 -2.28966e-07 -2.55712e-06 -0.000135583 1.70531e-06 4.2854e-05 8.91188e-05 -0.000167629 -4.19648e-05
internal_weight=0 452 442 437 10 426 34 22 11 12
internal_count=486 452 442 437 10 426 34 22 11 12
is_linear=0
shrinkage=0.1


Tree=499
num_leaves=11
num_cat=0
split_feature=70 21 21 32 44 10 75 85 60 62
split_gain=6.50342e-06 2.95692e-05 4.13613e-05 4.38426e-05 4.56659e-05 3.78881e-05 3.17326e-05 2.68438e-05 2.52688e-05 2.3933e-05
threshold=2.3502401828962087 1.0397207708399181 2.8314802400679731 5.9964025824430864 1.2424533248940004 2.8617925509761908 4.007167868649713 3.7609296261008152 1.9356005054539456 3.3296469598418192
decision_type=2 2 2 2 2 2 2 2 2 2
left_child=1 6 5 4 -4 9 7 -1 -2 -3
right_child=8 2 3 -5 -6 -7 -8 -9 -10 -11
leaf_value=5.8745273839265676e-05 0.00017161047645559949 -0.00043138442561030328 -0.00011764612766000937 -0.00029086378344800323 8.9263895647206942e-05 6.538809335324914e-05 -0.00014411938609555365 0.00031916001287754628 2.0407431805326886e-06 -0.00016752194705573362
leaf_weight=19.000000000000007 8.9999999999999982 5.0000000000000062 15.999999999999998 4.9999999999999991 32 4.9999999999999991 5.9999999999999991 4.9999999999999991 373 10.999999999999998
leaf_count=19 9 5 16 5 32 5 6 5 373 11
internal_value=0 -2.21701e-05 -5.61207e-05 -9.06061e-06 2.02939e-05 -0.000174892 6.15748e-05 0.000112998 6.03584e-06 -0.000249979
internal_weight=0 104 74 53 48 21 30 24 382 16
internal_count=486 104 74 53 48 21 30 24 382 16
is_linear=0
shrinkage=0.1


Tree=500
num_leaves=11
num_cat=0
split_feature=96 96 40 52 13 71 81 76 35 74
split_gain=6.19589e-06 1.92735e-05 1.83776e-05 1.74659e-05 2.2652e-05 1.25705e-05 4.67999e-05 2.67446e-05 1.28449e-05 1.10185e-05
threshold=4.4885732424042368 4.465842055365858 3.0433873634561537 5.272986409146923 4.0773937863842606 5.9776119115618718 5.996439712534567 4.5270771443934281 5.6275952344432003 4.8597823571876004
decision_type=2 2 2 2 2 2 2 2 2 2
left_child=1 5 -2 -4 -5 6 9 -7 -9 -1
right_child=2 -3 3 4 -6 7 -8 8 -10 -11
leaf_value=5.6635297929385122e-06 0.00017150291241705418 -0.00019930187263526023 -0.0001271261506190058 0.00018536933639552445 -2.1920541478197487e-06 0.00016823734253053912 -0.00024763019609963521 0.00012698586880495507 -2.1767931577735857e-05 -3.7818041493341148e-05
leaf_weight=289 7.9999999999999991 4.9999999999999991 7.9999999999999991 7.9999999999999991 33 12.999999999999998 7.9999999999999991 6.9999999999999991 34 73
leaf_count=289 8 5 8 8 33 13 8 7 34 73
internal_value=0 -4.11569e-06 3.0976e-05 8.03281e-06 3.44053e-05 -1.81397e-06 -8.39189e-06 4.3257e-05 3.62906e-06 -3.10485e-06
internal_weight=0 429 57 49 41 424 370 54 41 362
internal_count=486 429 57 49 41 424 370 54 41 362
is_linear=0
shrinkage=0.1


Tree=501
num_leaves=11
num_cat=0
split_feature=33 22 39 1 31 32 71 32 33 30
split_gain=6.16483e-06 2.9633e-05 3.00416e-05 2.76732e-05 2.12811e-05 3.12524e-05 4.88368e-05 4.6377e-05 3.23132e-05 2.21322e-05
threshold=5.3518469026947413 6.9546224757073114 9.5161295097292431 5.272986409146923 5.1119152036137292 7.008490466798496 6.2085880018747917 6.6957614814153112 5.0497738177202995 4.0773937863842606
decision_type=2 2 2 2 2 2 2 2 2 2
left_child=4 3 -3 -2 9 6 7 -6 -7 -1
right_child=1 2 -4 -5 5 8 -8 -9 -10 -11
leaf_value=-4.6360981930225083e-06 -4.8079958651214839e-05 -0.00021892450992406034 1.8410515440336895e-05 0.00023565223937938837 -7.073688258515174e-05 7.5548280437942592e-05 3.2163102514459754e-05 -0.00037529240711592143 -0.00017112859713961371 7.1137900803560942e-05
leaf_weight=311 4.9999999999999991 5.9999999999999991 48 10.999999999999998 10.000000000000002 22.000000000000004 11.999999999999998 9.9999999999999982 6.9999999999999991 44
leaf_count=311 5 6 48 11 10 22 12 10 7 44
internal_value=0 2.74562e-05 -7.96004e-06 0.000146986 -4.62003e-06 -5.91832e-05 -0.000127323 -0.000223015 1.60056e-05 4.75561e-06
internal_weight=0 70 54 16 416 61 32 20 29 355
internal_count=486 70 54 16 416 61 32 20 29 355
is_linear=0
shrinkage=0.1


Tree=502
num_leaves=11
num_cat=0
split_feature=31 31 11 49 44 47 31 31 64 4
split_gain=5.72131e-06 3.25657e-05 2.51599e-05 4.436e-05 5.92851e-05 2.58752e-05 2.1633e-05 2.48832e-05 3.53954e-05 2.08829e-05
threshold=2.6735537653587347 2.9174053685313028 3.5694334999727624 4.8597823571876004 3.4334666422309414 1.4978661367769956 3.0201273556387074 3.4334666422309414 1.7005986908310777 4.4425820475484112
decision_type=2 2 2 2 2 2 2 2 2 2
left_child=2 -2 3 4 -1 -4 -3 8 -8 -5
right_child=1 6 5 9 -6 -7 7 -9 -10 -11
leaf_value=0.00044269473582971854 0.00019466007296513354 -0.00020454345038160686 -0.00024553083722922669 -9.5675225284966559e-06 -4.4276012340560554e-05 3.8195717206690463e-05 -6.377966654492246e-05 -4.4015623322556588e-06 0.00015284364335457214 -0.00018769991251506977
leaf_weight=4.9999999999999982 8.9999999999999982 4.9999999999999991 8.9999999999999982 110 5 4.9999999999999991 10.999999999999998 296 24 6.9999999999999991
leaf_count=5 9 5 9 110 5 5 11 296 24 7
internal_value=0 6.93632e-06 -1.69719e-05 -2.94672e-06 0.000199209 -0.0001442 1.90801e-06 5.02661e-06 8.4762e-05 -2.0225e-05
internal_weight=0 345 141 127 10 14 336 331 35 117
internal_count=486 345 141 127 10 14 336 331 35 117
is_linear=0
shrinkage=0.1


Tree=503
num_leaves=11
num_cat=0
split_feature=70 75 89 11 81 34 11 75 21 71
split_gain=6.05961e-06 2.70485e-05 5.13702e-05 4.47436e-05 3.27053e-05 3.5626e-05 2.99534e-05 2.78577e-05 2.36645e-05 3.48569e-05
threshold=2.3502401828962087 3.7609296261008152 7.1514412406855525 3.2769667020129059 2.3502401828962087 3.8064155152036787 1.8688348091416842 4.3036997296511936 4.2045812236012674 4.0428973506407848
decision_type=2 2 2 2 2 2 2 2 2 2
left_child=1 3 7 4 5 -1 -6 -3 -5 -10
right_child=-2 2 -4 8 6 -7 -8 -9 9 -11
leaf_value=8.9960006880573909e-05 5.8262489904699443e-06 -0.00044756494928151344 -4.1919058094208592e-06 4.2675187021655878e-07 -0.00022122597321867942 0.00037827823374148771 8.4041629452258359e-05 -0.00012796386145055293 -0.00028548747731191624 2.5679442137516163e-05
leaf_weight=15.000000000000002 382 5.0000000000000018 20 23 4.9999999999999991 5.9999999999999991 8.9999999999999982 6 8.9999999999999982 5.9999999999999991
leaf_count=15 382 5 20 23 5 6 9 6 9 6
internal_value=0 -2.14003e-05 -9.96595e-05 1.18331e-05 9.3409e-05 0.000172337 -2.49825e-05 -0.000273237 -6.33025e-05 -0.000161021
internal_weight=0 104 31 73 35 21 14 11 38 15
internal_count=486 104 31 73 35 21 14 11 38 15
is_linear=0
shrinkage=0.1


Tree=504
num_leaves=11
num_cat=0
split_feature=38 61 22 15 89 98 73 59 1 30
split_gain=5.61603e-06 2.41594e-05 2.64481e-05 2.5784e-05 2.45045e-05 2.43894e-05 4.06208e-05 4.02683e-05 2.18675e-05 1.58986e-05
threshold=1.9356005054539456 3.7609296261008152 3.5516610312630568 4.5746578350692051 6.645022478729385 1.9356005054539456 2.0126758453675748 6.6694175608141011 3.4498615536424366 2.602003343538398
decision_type=2 2 2 2 2 2 2 2 2 2
left_child=1 2 5 -4 -3 7 -7 -1 -5 -2
right_child=9 4 3 8 -6 6 -8 -9 -10 -11
leaf_value=-0.00032488990633282788 4.838894143069732e-05 0.00027028717566281564 -0.00030378073154549499 7.0437808487137485e-05 -4.279080312699079e-05 -3.7862326917093017e-05 0.00029126109705733446 1.2887411503470503e-05 -0.00021272444282658396 -4.3686611696412313e-06
leaf_weight=5.0000000000000027 68 4.9999999999999982 7.0000000000000027 5.9999999999999982 5 9.9999999999999982 5.9999999999999991 11.999999999999998 5 357
leaf_count=5 68 5 7 6 5 10 6 12 5 357
internal_value=0 -2.83744e-05 -5.62415e-05 -0.000153748 0.000113748 -3.05628e-06 8.5559e-05 -8.64589e-05 -5.82723e-05 4.07256e-06
internal_weight=0 61 51 18 10 33 16 17 11 425
internal_count=486 61 51 18 10 33 16 17 11 425
is_linear=0
shrinkage=0.1


Tree=505
num_leaves=11
num_cat=0
split_feature=1 93 0 17 66 90 3 97 91 82
split_gain=5.67808e-06 4.36161e-05 3.32576e-05 3.0654e-05 2.84434e-05 2.70058e-05 2.55892e-05 2.33699e-05 3.52477e-05 3.13936e-05
threshold=2.9174053685313028 4.1107394736335969 3.1345481418531311 3.4175922930736511 2.9430520157250784 2.191013317336941 3.2384861814448418 3.2951505240983434 4.4425820475484112 4.7790881836238563
decision_type=2 2 2 2 2 2 2 2 2 2
left_child=1 3 -2 4 6 -6 -1 -4 9 -9
right_child=2 -3 7 -5 5 -7 -8 8 -10 -11
leaf_value=5.6979275480763843e-06 0.00010964678199656944 -0.00025978647151662573 -4.1166219401382538e-05 -0.0002475832204800099 -0.00026847776067110579 -6.5882244800579639e-06 0.00015928452000177156 -5.7906895381165672e-05 -8.0847334236793665e-07 0.00017083460450066925
leaf_weight=113 29 6.9999999999999991 103 4.9999999999999991 6.9999999999999991 8.9999999999999982 11.999999999999998 7.9999999999999991 169 24
leaf_count=113 29 7 103 5 7 9 12 8 169 24
internal_value=0 -1.59463e-05 7.32666e-06 -4.2553e-06 4.37335e-06 -0.000121165 2.04422e-05 -2.43414e-06 1.74136e-05 0.000113649
internal_weight=0 153 333 146 141 16 125 304 201 32
internal_count=486 153 333 146 141 16 125 304 201 32
is_linear=0
shrinkage=0.1


Tree=506
num_leaves=11
num_cat=0
split_feature=96 90 68 75 95 96 24 24 42 50
split_gain=5.5855e-06 1.59366e-05 1.52496e-05 1.73693e-05 1.7094e-05 1.37611e-05 1.084e-05 2.60981e-05 1.82601e-05 1.61559e-05
threshold=4.4885732424042368 4.007167868649713 2.9430520157250784 6.5847761301033945 6.2146000983581917 4.465842055365858 5.6664207015582333 5.5606520443413574 7.2011238917543006 5.0688844241303981
decision_type=2 2 2 2 2 2 2 2 2 2
left_child=5 -2 -3 4 -4 6 7 -1 -8 -10
right_child=1 2 3 -5 -6 -7 8 -9 9 -11
leaf_value=-2.3702881221557959e-06 0.00017072831891969795 -0.00015605209715431557 0.00020766742284952975 -0.000130360436742194 2.4173495010913804e-05 -0.00016883653705008329 0.00023089764406904564 -0.00017463164921436046 -0.00013910884503275147 6.2918412387309803e-05
leaf_weight=386 6.9999999999999991 4.9999999999999991 5.9999999999999991 5.9999999999999991 33 4.9999999999999991 5.0000000000000027 8.9999999999999982 5.0000000000000027 19
leaf_count=386 7 5 6 6 33 5 5 9 5 19
internal_value=0 2.94106e-05 9.62614e-06 2.80348e-05 5.24033e-05 -3.9077e-06 -1.96279e-06 -6.29523e-06 5.70481e-05 2.08294e-05
internal_weight=0 57 50 45 39 429 424 395 29 24
internal_count=486 57 50 45 39 429 424 395 29 24
is_linear=0
shrinkage=0.1


Tree=507
num_leaves=11
num_cat=0
split_feature=85 85 87 70 85 11 63 81 88 15
split_gain=5.37039e-06 3.22376e-05 2.79833e-05 2.46528e-05 2.1342e-05 2.62086e-05 2.31346e-05 2.39478e-05 2.27715e-05 2.2031e-05
threshold=4.912546742554059 5.0688844241303981 4.317399216745252 2.6735537653587347 4.7273486598447958 1.0397207708399181 3.6632328069201612 4.2045812236012674 4.4367340276668159 5.1445790166580574
decision_type=2 2 2 2 2 2 2 2 2 2
left_child=2 3 4 -2 6 -6 7 -1 -8 -7
right_child=1 -3 -4 -5 5 9 8 -9 -10 -11
leaf_value=1.3382330124570624e-05 0.0002865348777656133 -3.4193066473554748e-06 -0.00020802951767109337 6.165753763455612e-05 -0.00027335669534901767 6.9894544212729641e-05 1.5365362317728184e-05 -7.8200974389296289e-05 0.0002257887105871406 -0.00014001499584992416
leaf_weight=138 5.9999999999999991 226 6.9999999999999991 26 6.0000000000000027 10.000000000000002 12.000000000000002 36 8.9999999999999982 9.9999999999999982
leaf_count=138 6 226 7 26 6 10 12 36 9 10
internal_value=0 9.88195e-06 -1.11822e-05 0.000103822 -4.94722e-06 -9.00517e-05 6.40005e-06 -5.56594e-06 0.000105547 -3.50602e-05
internal_weight=0 258 228 32 221 26 195 174 21 20
internal_count=486 258 228 32 221 26 195 174 21 20
is_linear=0
shrinkage=0.1


Tree=508
num_leaves=11
num_cat=0
split_feature=70 75 89 11 49 94 80 53 0 0
split_gain=5.30348e-06 2.09135e-05 3.862e-05 3.57e-05 2.48077e-05 2.99141e-05 2.07587e-05 3.92476e-05 5.22741e-05 2.73198e-05
threshold=2.3502401828962087 3.7609296261008152 7.0808505662383112 3.2769667020129059 4.8597823571876004 3.9701138825728512 2.740319461670996 2.8029010331479989 3.6105525490912482 3.8499212036984933
decision_type=2 2 2 2 2 2 2 2 2 2
left_child=1 3 -3 4 5 -1 7 8 -2 -10
right_child=6 2 -4 -5 -6 -7 -8 -9 9 -11
leaf_value=0.00038814126281067735 0.000141237710483324 -0.0002633426804095506 -1.7445082860170012e-05 -5.7912426870500086e-05 2.8822452473832531e-05 4.2227327940054229e-05 -3.6997559385056246e-06 0.00025434521893556749 -0.00026411599343797797 -1.3900127942179098e-05
leaf_weight=4.9999999999999982 20 9.0000000000000018 22 38 25 5 331 8.9999999999999982 6.0000000000000027 15.999999999999998
leaf_count=5 20 9 22 38 25 5 331 9 6 16
internal_value=0 -2.00206e-05 -8.88347e-05 9.20181e-06 8.20687e-05 0.000215184 5.45064e-06 6.48385e-05 2.42299e-05 -8.21408e-05
internal_weight=0 104 31 73 35 10 382 51 42 22
internal_count=486 104 31 73 35 10 382 51 42 22
is_linear=0
shrinkage=0.1


Tree=509
num_leaves=11
num_cat=0
split_feature=68 78 44 19 13 78 14 13 24 44
split_gain=5.00349e-06 6.00138e-05 2.93884e-05 3.98659e-05 3.36044e-05 3.11309e-05 2.87805e-05 5.41803e-05 3.34962e-05 2.87347e-05
threshold=3.8176519431297078 4.1430087342023825 4.1430087342023825 9.0821589971566841 3.3667009459186801 3.7609296261008152 4.8597823571876004 3.891612008168019 4.8597823571876004 5.0688844241303981
decision_type=2 2 2 2 2 2 2 2 2 2
left_child=1 -1 3 4 -2 -6 7 -4 -8 -9
right_child=2 -3 6 -5 5 -7 8 9 -10 -11
leaf_value=-2.3063428746326673e-06 1.8485622325291238e-05 -0.00032268699627214424 7.3542636587980703e-06 -7.7662353578489285e-05 7.3867085403536378e-05 0.00031990038672423306 0.00019407307350775228 -0.00029416758552542883 4.2977927375630355e-06 -6.4645831880625341e-05
leaf_weight=229 14.999999999999998 5.9999999999999991 38 11.999999999999998 9.0000000000000018 11.999999999999998 9.9999999999999982 12.000000000000002 133 9.9999999999999982
leaf_count=229 15 6 38 12 9 12 10 12 133 10
internal_value=0 -1.04863e-05 9.81783e-06 8.01863e-05 0.000132803 0.000214458 -6.82104e-06 -6.49501e-05 1.75688e-05 -0.00018984
internal_weight=0 235 251 48 36 21 203 60 143 22
internal_count=486 235 251 48 36 21 203 60 143 22
is_linear=0
shrinkage=0.1


Tree=510
num_leaves=11
num_cat=0
split_feature=85 85 94 75 43 43 7 70 72 14
split_gain=4.88555e-06 4.52233e-05 3.39574e-05 2.41114e-05 1.83939e-05 2.80694e-05 2.48682e-05 2.22206e-05 2.11455e-05 2.69136e-05
threshold=5.8550678171289681 5.6834872047429625 4.5538214868689204 5.8664640443659364 3.1984648276080736 4.007167868649713 5.9584213545440532 4.0773937863842606 5.6167644860526105 4.8597823571876004
decision_type=2 2 2 2 2 2 2 2 2 2
left_child=1 3 -3 -1 6 7 -2 -6 -7 -10
right_child=4 2 -4 -5 5 8 -8 -9 9 -11
leaf_value=4.9805435994955569e-06 0.00030500917928293352 -0.00038858477026224139 -6.9410393261932772e-05 -0.0001972237980226055 -3.8738562337433286e-05 0.00022720016073435545 -1.0383735643699764e-05 -0.00028965363977476953 -8.0111282030967163e-05 4.7365891832533405e-05
leaf_weight=344 4.9999999999999982 4.9999999999999991 9.9999999999999982 5.9999999999999991 12.000000000000002 4.9999999999999991 5 4.9999999999999991 22 67
leaf_count=344 5 5 10 6 12 5 5 5 22 67
internal_value=0 -5.77278e-06 -0.000175802 1.51418e-06 1.74137e-05 5.71114e-06 0.000147313 -0.000112537 2.70965e-05 1.58547e-05
internal_weight=0 365 15 350 121 111 10 17 94 89
internal_count=486 365 15 350 121 111 10 17 94 89
is_linear=0
shrinkage=0.1


Tree=511
num_leaves=11
num_cat=0
split_feature=7 6 7 25 34 20 48 50 30 90
split_gain=5.28457e-06 2.01167e-05 1.67454e-05 6.61116e-06 3.82874e-05 3.65851e-05 4.98226e-05 3.51381e-05 2.50178e-05 4.577e-06
threshold=6.5610216630967022 6.5381387766044883 6.462969825394751 5.1761337726651186 5.5133962268973056 2.8617925509761908 3.5972184255501678 4.317399216745252 3.0433873634561537 4.135134555718313
decision_type=2 2 2 2 2 2 2 2 2 2
left_child=2 -2 3 4 7 6 -5 -1 -7 -3
right_child=1 9 -4 5 -6 8 -8 -9 -10 -11
leaf_value=-1.2450033224808976e-05 0.00022423139307647927 2.8768134115335451e-05 -0.00016829782980494202 3.3406783283377686e-06 -0.00028423067341464052 -0.00013252610392205848 0.0003590563212388328 0.00017007758777419274 1.1862835273964614e-05 -8.3814156241714967e-05
leaf_weight=256 5.0000000000000027 13.000000000000002 5.9999999999999991 8.9999999999999982 4.9999999999999991 12.999999999999998 6.9999999999999991 10.999999999999998 156 4.9999999999999991
leaf_count=256 5 13 6 9 5 13 7 11 156 5
internal_value=0 4.67857e-05 -2.32413e-06 -1.45044e-07 -1.00644e-05 1.4439e-05 0.000158966 -4.93017e-06 7.55994e-07 -2.50472e-06
internal_weight=0 23 463 457 272 185 16 267 169 18
internal_count=486 23 463 457 272 185 16 267 169 18
is_linear=0
shrinkage=0.1


Tree=512
num_leaves=11
num_cat=0
split_feature=73 73 83 87 79 73 63 33 38 20
split_gain=4.67598e-06 1.24063e-05 1.26521e-05 1.24384e-05 1.99937e-05 1.03662e-05 1.03445e-05 8.92055e-06 8.62166e-06 4.48161e-06
threshold=5.9750802605835984 5.8819043445924564 6.091468535064009 5.5333816772649813 9.8336799704623257 6.2102047658780704 6.2102047658780704 6.1441487928929224 5.7588569908510134 5.0497738177202995
decision_type=2 2 2 2 2 2 2 2 2 2
left_child=1 3 -3 4 7 9 -7 -1 -8 -2
right_child=5 2 -4 -5 -6 6 8 -9 -10 -11
leaf_value=-1.8165251972365349e-06 0.00015236121325870047 -0.0002253162162378431 -3.5296681744512165e-07 0.00015663076308555901 -0.00015862792624830036 -0.00010693674973611317 0.00010044000276441997 7.6685093736159624e-05 -6.3337065512314439e-05 3.167470276821404e-05
leaf_weight=414 7.9999999999999982 4.9999999999999982 5 4.9999999999999991 7.9999999999999991 7.0000000000000027 8.9999999999999982 14.999999999999998 4.9999999999999991 5
leaf_count=414 8 5 5 5 8 7 9 15 5 5
internal_value=0 -2.69022e-06 -0.000112835 -1.98268e-07 -1.99265e-06 3.57641e-05 -7.68012e-06 9.28287e-07 4.19482e-05 0.000105943
internal_weight=0 452 10 442 437 34 21 429 14 13
internal_count=486 452 10 442 437 34 21 429 14 13
is_linear=0
shrinkage=0.1


Tree=513
num_leaves=11
num_cat=0
split_feature=92 92 92 94 95 94 95 94 10 21
split_gain=4.75769e-06 2.47232e-05 1.70398e-05 1.99135e-05 1.60671e-05 1.76598e-05 1.69406e-05 2.55926e-05 1.491e-05 1.23357e-05
threshold=6.6346255874044475 6.5861630935447568 6.6732907755525082 3.2180751841847144 6.6732779891367953 3.0433873634561537 6.4264832207863298 5.379886735236628 3.0433873634561537 4.1742689126930488
decision_type=2 2 2 2 2 2 2 2 2 2
left_child=1 4 -2 -4 6 -6 7 -1 -5 -10
right_child=2 -3 3 8 5 -7 -8 -9 9 -11
leaf_value=-3.6682622397876962e-07 -0.0001673335221961939 0.0001924719917172167 0.00018851257045753302 -0.00018417626338077753 1.0625876020640137e-05 -0.00025515469140373169 0.00018907708348706368 0.00020813871427283935 6.4014779054559769e-05 -2.1422662284165015e-05
leaf_weight=312 6.9999999999999991 6.9999999999999991 4.9999999999999991 4.9999999999999991 4.9999999999999982 5 4.9999999999999991 5.9999999999999991 20 109
leaf_count=312 7 7 5 5 5 5 5 6 20 109
internal_value=0 6.48361e-06 -1.50988e-05 -7.43232e-06 2.57395e-06 -0.000122264 6.43891e-06 3.56724e-06 -1.47437e-05 -8.17655e-06
internal_weight=0 340 146 139 333 10 323 318 134 129
internal_count=486 340 146 139 333 10 323 318 134 129
is_linear=0
shrinkage=0.1


Tree=514
num_leaves=11
num_cat=0
split_feature=1 3 55 82 86 46 46 94 30 57
split_gain=4.99853e-06 2.09158e-05 3.79562e-05 4.48766e-05 3.28445e-05 2.71512e-05 2.40737e-05 2.02577e-05 2.35209e-05 1.90437e-05
threshold=4.7957563937576522 5.1984817689835037 5.2417330174952186 6.8522224550277082 3.1345481418531311 3.8064155152036787 4.2625806805327082 4.6539149966267201 3.7609296261008152 4.8080360556008896
decision_type=2 2 2 2 2 2 2 2 2 2
left_child=-1 4 3 -3 7 9 -7 -2 -9 -4
right_child=1 2 5 -5 -6 6 -8 8 -10 -11
leaf_value=7.6414999382963768e-06 8.9796452415281567e-05 0.00040822267998009927 -4.2615972779458397e-05 -1.5459503047168251e-05 -0.00022852066380437465 0.00011137692728018585 -1.3841260215485818e-05 -0.00026663538243155928 -3.1789817606703108e-05 -0.00029814052279107271
leaf_weight=310 10.999999999999998 4.9999999999999982 6.9999999999999982 5 9.9999999999999982 19 80 4.9999999999999991 29 5
leaf_count=310 11 5 7 5 10 19 80 5 29 5
internal_value=0 -1.34595e-05 9.78233e-06 0.000196382 -6.45914e-05 -7.02841e-06 1.01905e-05 -2.81627e-05 -6.63259e-05 -0.000149085
internal_weight=0 176 121 10 55 111 99 45 34 12
internal_count=486 176 121 10 55 111 99 45 34 12
is_linear=0
shrinkage=0.1


Tree=515
num_leaves=11
num_cat=0
split_feature=90 90 0 79 90 90 61 91 3 41
split_gain=4.36381e-06 2.31415e-05 2.75733e-05 2.47163e-05 2.11096e-05 2.85981e-05 3.90368e-05 2.89738e-05 5.084e-05 2.63125e-05
threshold=2.8314802400679731 2.3937458713910238 3.1984648276080736 6.4891310167150369 3.0433873634561537 3.1984648276080736 2.1383330595080277 2.3937458713910238 3.9316333620047872 4.5538214868689204
decision_type=2 2 2 2 2 2 2 2 2 2
left_child=1 3 -3 -1 -2 6 -6 8 -7 -8
right_child=4 2 -4 -5 5 7 9 -9 -10 -11
leaf_value=-0.00014476315912664479 -9.1222865227825464e-05 0.0001623895012380672 -3.6625028224079869e-06 6.8828924703516303e-06 0.00035753069561906138 -2.8827523887490051e-05 -0.00012813747501544032 1.2706275227132706e-06 -0.00040030322736129165 0.00013675245463673491
leaf_weight=11.999999999999998 27 20 20 103 5.0000000000000027 14.000000000000002 5.9999999999999991 264 4.9999999999999991 9.9999999999999982
leaf_count=12 27 20 20 103 5 14 6 264 5 10
internal_value=0 1.38472e-05 7.93635e-05 -8.94104e-06 -6.48435e-06 1.04177e-06 0.000113636 -7.31327e-06 -0.000126584 3.74187e-05
internal_weight=0 155 40 115 331 304 21 283 19 16
internal_count=486 155 40 115 331 304 21 283 19 16
is_linear=0
shrinkage=0.1


Tree=516
num_leaves=11
num_cat=0
split_feature=1 93 1 4 17 66 90 4 89 38
split_gain=4.66664e-06 3.36069e-05 2.33483e-05 3.587e-05 2.29793e-05 2.19952e-05 2.15775e-05 1.86086e-05 1.75567e-05 1.73087e-05
threshold=2.9174053685313028 3.9701138825728512 3.2951505240983434 2.9174053685313028 3.4175922930736511 2.9430520157250784 2.191013317336941 2.7058230259275202 7.2290547148619391 1.9356005054539456
decision_type=2 2 2 2 2 2 2 2 2 2
left_child=1 4 3 -2 5 7 -7 -1 -5 -4
right_child=2 -3 9 8 -6 6 -8 -9 -10 -11
leaf_value=2.558778670355913e-06 -3.952933018974197e-05 -0.00020192486214606713 -0.00015650802524760368 0.00010988083215326901 -0.00021336432953830811 -0.00023713431562230527 -3.0402490261217787e-06 0.00011018439214048588 0.00033071688570392632 2.5632717101871093e-06
leaf_weight=104 11.000000000000002 8.9999999999999982 6.9999999999999991 8.9999999999999982 4.9999999999999991 6.9999999999999991 8.9999999999999982 19 5.9999999999999991 300
leaf_count=104 11 9 7 9 5 7 9 19 6 300
internal_value=0 -1.44564e-05 6.64214e-06 9.7631e-05 -2.73964e-06 4.83679e-06 -0.000105456 1.91839e-05 0.000198215 -1.06376e-06
internal_weight=0 153 333 26 144 139 16 123 15 307
internal_count=486 153 333 26 144 139 16 123 15 307
is_linear=0
shrinkage=0.1


Tree=517
num_leaves=11
num_cat=0
split_feature=96 40 49 75 95 96 42 95 16 14
split_gain=4.28889e-06 1.34122e-05 1.02526e-05 1.44759e-05 1.18171e-05 8.9555e-06 6.6498e-06 9.03935e-06 1.6766e-05 1.23092e-05
threshold=4.4885732424042368 3.0433873634561537 7.7248849275925284 6.5847761301033945 6.2146000983581917 4.465842055365858 8.0633833740496232 5.9939334416227945 4.5270771443934281 5.7300786997157873
decision_type=2 2 2 2 2 2 2 2 2 2
left_child=5 -2 -3 4 -4 6 7 9 -9 -1
right_child=1 2 3 -5 -6 -7 -8 8 -10 -11
leaf_value=4.5499613980433439e-06 0.00014582286821678282 -9.0261782477480469e-05 0.00018251758374390194 -0.00010274811273640289 2.7366638096282259e-05 -0.00013647405314259233 0.00010267301637820008 -8.0350872744792005e-05 7.3628222000681693e-05 -0.00010790238913614304
leaf_weight=366 7.9999999999999991 8.9999999999999982 5.9999999999999991 6.9999999999999991 27 4.9999999999999991 5.9999999999999991 33 8.9999999999999982 9.9999999999999982
leaf_count=366 8 9 6 7 27 5 6 33 9 10
internal_value=0 2.57718e-05 6.17167e-06 2.78692e-05 5.55759e-05 -3.42423e-06 -1.85525e-06 -3.35565e-06 -4.73554e-05 1.55921e-06
internal_weight=0 57 49 40 33 429 424 418 42 376
internal_count=486 57 49 40 33 429 424 418 42 376
is_linear=0
shrinkage=0.1


Tree=518
num_leaves=11
num_cat=0
split_feature=31 38 4 83 71 40 28 19 21 11
split_gain=4.12995e-06 1.6506e-05 2.32097e-05 3.3073e-05 2.88669e-05 2.3856e-05 2.07743e-05 3.04763e-05 2.97322e-05 1.62767e-05
threshold=2.6735537653587347 3.5408542930527882 3.7132745361986528 0.89587973461402759 4.4885732424042368 2.3502401828962087 3.4960482137079443 7.2119141714586075 3.2769667020129059 3.5694334999727624
decision_type=2 2 2 2 2 2 2 2 2 2
left_child=9 2 3 5 -4 -2 -3 -8 -9 -1
right_child=1 6 4 -5 -6 -7 7 8 -10 -11
leaf_value=-3.1389492061690387e-06 7.4871999872398604e-06 -0.00015492191580253551 0.00028538575570564707 -9.8282984496715181e-05 4.7262335855131306e-05 0.00018276872773033878 0.000244113631779328 -0.00016601126778616825 2.030133906166482e-06 -0.00011675153626648744
leaf_weight=127 22 8.9999999999999982 8.0000000000000018 18 13.999999999999998 11.999999999999998 4.9999999999999991 10.999999999999998 246 13.999999999999998
leaf_count=127 22 9 8 18 14 12 5 11 246 14
internal_value=0 5.89324e-06 4.77515e-05 1.1324e-05 0.000133853 6.93513e-05 -5.53668e-06 -4.05125e-07 -5.1623e-06 -1.44196e-05
internal_weight=0 345 74 52 22 34 271 262 257 141
internal_count=486 345 74 52 22 34 271 262 257 141
is_linear=0
shrinkage=0.1


Tree=519
num_leaves=11
num_cat=0
split_feature=4 4 9 72 61 72 69 84 2 84
split_gain=4.3855e-06 1.90363e-05 3.40591e-05 1.96321e-05 1.80904e-05 1.76254e-05 2.6119e-05 2.59592e-05 2.21504e-05 3.70839e-05
threshold=1.8688348091416842 2.7058230259275202 6.2970669235549011 3.5516610312630568 4.1107394736335969 4.1107394736335969 7.3287612361611201 4.1107394736335969 2.249904835165133 3.6505739029280164
decision_type=2 2 2 2 2 2 2 2 2 2
left_child=5 2 -2 -3 -4 7 -7 8 9 -1
right_child=1 3 4 -5 -6 6 -8 -9 -10 -11
leaf_value=1.0663813725386717e-06 -0.00030909083143342291 0.00012962312530362397 -1.0830944807910385e-05 -5.8807572327857617e-07 -0.00019674202800767186 0.00023421702358064069 2.8492732693579187e-05 -0.0001816571050312632 -0.00012014955304039178 0.00025516440010895687
leaf_weight=32 4.9999999999999991 11.999999999999998 41 330 5.9999999999999991 7.9999999999999991 27 7.9999999999999991 9.9999999999999982 6.9999999999999991
leaf_count=32 5 12 41 330 6 8 27 8 10 7
internal_value=0 -4.59026e-06 -6.09611e-05 3.98074e-06 -3.45643e-05 1.96583e-05 7.55154e-05 -1.464e-05 1.26282e-05 4.66737e-05
internal_weight=0 394 52 342 47 92 35 57 49 39
internal_count=486 394 52 342 47 92 35 57 49 39
is_linear=0
shrinkage=0.1


Tree=520
num_leaves=11
num_cat=0
split_feature=36 96 83 102 92 10 96 3 3 7
split_gain=3.96416e-06 5.33904e-06 1.23815e-05 1.98733e-05 9.16752e-06 8.12725e-06 7.63287e-06 8.89304e-06 1.13523e-05 6.12349e-06
threshold=5.9413402452221584 4.4885732424042368 1.4978661367769959 2.6735537653587347 7.726064650938091 5.5529295377475458 4.3943729409690677 6.7129377454940036 6.5496251583324243 4.6200466650627661
decision_type=2 2 2 2 2 2 2 2 2 2
left_child=1 6 4 5 -3 -4 7 8 -1 -8
right_child=-2 2 3 -5 -6 -7 9 -9 -10 -11
leaf_value=-5.0315651300590744e-07 -8.8581881573190923e-05 -0.00010307379445293919 6.2183435610071083e-05 0.00022653783477532367 6.2765131588093936e-05 -4.1618093283349571e-05 9.2062407020421243e-06 9.2890032756258738e-05 -0.00013910119838935015 -0.00011857989098643883
leaf_weight=393 4.9999999999999991 9.9999999999999982 24 5.9999999999999991 4.9999999999999991 10.999999999999998 5.9999999999999991 9.9999999999999982 5.9999999999999991 9.9999999999999982
leaf_count=393 5 10 24 6 5 11 6 10 6 10
internal_value=0 9.20809e-07 2.9945e-05 5.83861e-05 -4.77942e-05 2.95601e-05 -2.90355e-06 -2.52928e-07 -2.58734e-06 -7.06601e-05
internal_weight=0 481 56 41 15 35 425 409 399 16
internal_count=486 481 56 41 15 35 425 409 399 16
is_linear=0
shrinkage=0.1


Tree=521
num_leaves=11
num_cat=0
split_feature=37 37 37 34 52 58 57 53 7 81
split_gain=3.79669e-06 3.52042e-05 2.22158e-05 2.29843e-05 2.25793e-05 2.0163e-05 1.78803e-05 2.11832e-05 2.70861e-05 1.49934e-05
threshold=4.6346818562128229 4.5950688323293329 4.8080360556008896 5.3423228052093945 6.8522224550277082 4.9344480538832558 4.7360445312007302 4.9197411112801079 5.5093801410486734 4.718339407093457
decision_type=2 2 2 2 2 2 2 2 2 2
left_child=1 6 3 -2 -4 -6 7 9 -9 -1
right_child=2 -3 4 -5 5 -7 -8 8 -10 -11
leaf_value=-7.221029865213616e-06 4.2373953571465497e-06 0.00026800037710927432 -0.00017043978275199022 -0.0002624867625334965 0.00015776443308115835 -1.7922698575465334e-06 0.00012660625374833631 -0.00026180073785196461 2.7746920629094041e-05 4.7879599915793705e-05
leaf_weight=303 5.9999999999999982 4.9999999999999991 6.9999999999999991 7 8.9999999999999982 66 10.999999999999998 6.9999999999999982 6 59
leaf_count=303 6 5 7 7 9 66 11 7 6 59
internal_value=0 4.3567e-06 -1.79313e-05 -0.000139383 1.32331e-06 1.73545e-05 9.41631e-07 -2.74453e-06 -0.000128163 1.75946e-06
internal_weight=0 391 95 13 82 75 386 375 13 362
internal_count=486 391 95 13 82 75 386 375 13 362
is_linear=0
shrinkage=0.1


Tree=522
num_leaves=11
num_cat=0
split_feature=75 65 73 92 59 84 91 73 51 81
split_gain=3.85343e-06 2.23654e-05 3.15901e-05 1.71595e-05 4.0962e-05 2.89812e-05 1.72001e-05 1.62149e-05 1.57952e-05 2.18788e-05
threshold=2.649158683274019 2.649158683274019 2.740319461670996 3.9505035259962109 6.5792357796731817 4.5538214868689204 3.2180751841847144 2.1383330595080281 4.3437210834879627 4.2045812236012674
decision_type=2 2 2 2 2 2 2 2 2 2
left_child=3 2 -2 4 6 -6 -1 -7 9 -5
right_child=1 -3 -4 8 5 7 -8 -9 -10 -11
leaf_value=0.00037591501139104376 -2.7996163407806296e-06 5.1892543070957839e-07 -0.00027978127847226071 -1.4572617019439348e-05 -9.1993733803974451e-05 0.00023598759823168321 0.00011361662967829034 1.1958405268939843e-05 5.6021885599045131e-05 -0.00019573074459913189
leaf_weight=4.9999999999999982 10.000000000000002 361 6.9999999999999991 40 14.000000000000002 5.9999999999999982 5 7 23 7.9999999999999991
leaf_count=5 10 361 7 40 14 6 5 7 23 8
internal_value=0 -4.75961e-06 -0.000116851 1.66586e-05 7.18751e-05 7.84156e-06 0.000244766 0.000115356 -1.21162e-05 -4.47656e-05
internal_weight=0 378 17 108 37 27 10 13 71 48
internal_count=486 378 17 108 37 27 10 13 71 48
is_linear=0
shrinkage=0.1


Tree=523
num_leaves=11
num_cat=0
split_feature=38 78 22 74 34 17 19 19 48 78
split_gain=3.9466e-06 1.51336e-05 2.4906e-05 2.48059e-05 2.73474e-05 2.14351e-05 9.77913e-06 2.49799e-05 2.32057e-05 2.19348e-05
threshold=1.9356005054539456 3.5972184255501678 3.5516610312630568 3.2180751841847144 3.4334666422309414 0.8958797346140277 6.4295893882764688 6.5792357796731817 2.7058230259275202 2.191013317336941
decision_type=2 2 2 2 2 2 2 2 2 2
left_child=1 2 3 4 -1 -4 8 -8 9 -2
right_child=6 -3 5 -5 -6 -7 7 -9 -10 -11
leaf_value=9.4631616419697498e-06 0.00021400987519882612 0.00014290626626461747 -0.00023249800382473034 -0.00013530192830633799 0.00026750370361696698 -1.9772874010312891e-05 -0.00013241505685073209 3.6389092387749274e-06 -9.8246894708609034e-05 3.1036111115674047e-05
leaf_weight=23.000000000000004 10.000000000000002 4.9999999999999991 10.000000000000002 8.9999999999999982 4.9999999999999991 8.9999999999999982 13.999999999999998 374 7.9999999999999991 19
leaf_count=23 10 5 10 9 5 9 14 374 8 19
internal_value=0 -2.37861e-05 -3.86693e-05 9.12038e-06 5.55418e-05 -0.000131733 3.414e-06 -1.27025e-06 5.25354e-05 9.41305e-05
internal_weight=0 61 56 37 28 19 425 388 37 29
internal_count=486 61 56 37 28 19 425 388 37 29
is_linear=0
shrinkage=0.1


Tree=524
num_leaves=11
num_cat=0
split_feature=52 42 61 32 42 49 95 8 14 22
split_gain=3.78656e-06 2.86791e-05 2.51056e-05 1.93947e-05 2.15566e-05 3.90328e-05 1.90701e-05 2.35283e-05 1.59573e-05 1.20269e-05
threshold=6.8123444890560956 6.7080773750101441 4.4885732424042368 6.6346255874044475 6.5337719366201101 9.1635499979093087 4.4425820475484112 3.8499212036984933 4.8597823571876004 6.6580036303642656
decision_type=2 2 2 2 2 2 2 2 2 2
left_child=1 3 -3 4 9 -6 7 -2 -5 -1
right_child=6 2 -4 8 5 -7 -8 -9 -10 -11
leaf_value=-3.2277525084970266e-06 1.9208651647204536e-05 3.8888830513315046e-05 0.00029763228376396001 -0.00025390586815774422 0.00034664923325181015 -4.8485431761946522e-05 -2.6701329021169894e-06 -0.00027450938553859788 -4.3693262677362124e-05 0.00011400641394882566
leaf_weight=316 4.9999999999999982 9.9999999999999982 5.9999999999999991 5.0000000000000027 4.9999999999999982 5 106 6 12.999999999999998 8.9999999999999982
leaf_count=316 5 10 6 5 5 5 106 6 13 9
internal_value=0 4.97032e-06 0.000135918 -9.64971e-07 4.46838e-06 0.000149082 -1.56756e-05 -0.000141001 -0.000102086 1.87321e-08
internal_weight=0 369 16 353 335 10 117 11 18 325
internal_count=486 369 16 353 335 10 117 11 18 325
is_linear=0
shrinkage=0.1


Tree=525
num_leaves=11
num_cat=0
split_feature=7 6 37 60 67 9 84 58 95 58
split_gain=3.57693e-06 1.37819e-05 2.36887e-05 2.46135e-05 2.34392e-05 2.16422e-05 1.64801e-05 1.61481e-05 1.4215e-05 1.34729e-05
threshold=2.602003343538398 2.3937458713910238 1.4978661367769956 3.3497501700808394 2.0126758453675748 8.6934556837950687 4.4995626957636246 3.2180751841847144 4.0773937863842606 3.5972184255501678
decision_type=2 2 2 2 2 2 2 2 2 2
left_child=1 2 3 8 7 -6 9 -3 -1 -4
right_child=-2 4 6 -5 5 -7 -8 -9 -10 -11
leaf_value=2.8273160933167676e-05 -5.29319555885815e-06 7.3669112938053605e-05 -7.2491199010983102e-05 -0.00018284243051311933 0.00034067717322614052 6.8276829967674389e-05 -0.00023861695430241528 -0.00011744706898753066 0.00016401859829784371 0.00010732803493738175
leaf_weight=54 352 12.000000000000005 25.000000000000004 4.9999999999999991 4.9999999999999982 7 4.9999999999999991 6.9999999999999991 8.9999999999999982 4.9999999999999991
leaf_count=54 352 12 25 5 5 7 5 7 9 5
internal_value=0 1.39045e-05 -3.6895e-06 3.07163e-05 7.2362e-05 0.000181777 -7.0535e-05 3.25789e-06 4.76654e-05 -4.25213e-05
internal_weight=0 134 103 68 31 12 35 19 63 30
internal_count=486 134 103 68 31 12 35 19 63 30
is_linear=0
shrinkage=0.1


Tree=526
num_leaves=7
num_cat=0
split_feature=18 89 97 100 99 53
split_gain=3.60375e-06 5.19531e-06 6.66879e-06 7.06227e-06 1.00329e-05 8.61789e-06
threshold=6.370694943039239 10.349102818402008 5.5333816772649813 1.4978661367769956 1.4978661367769956 3.4334666422309414
decision_type=2 2 2 2 2 2
left_child=1 2 3 5 -5 -1
right_child=-2 -3 -4 4 -6 -7
leaf_value=-0.00013891595917812078 8.4459122736006985e-05 -8.6399048034633912e-05 9.7267138231213072e-05 0.00011270524428255158 -3.04497979447385e-07 -1.0395028123942516e-05
leaf_weight=8.0000000000000018 4.9999999999999991 6.9999999999999991 6.9999999999999991 7.9999999999999991 436 14.999999999999998
leaf_count=8 5 7 7 8 436 15
internal_value=0 -8.77953e-07 3.85016e-07 -1.06718e-06 1.73171e-06 -5.5098e-05
internal_weight=0 481 474 467 444 23
internal_count=486 481 474 467 444 23
is_linear=0
shrinkage=0.1


Tree=527
num_leaves=11
num_cat=0
split_feature=38 61 41 11 3 69 8 46 38 46
split_gain=3.5095e-06 1.25932e-05 1.48492e-05 1.44966e-05 1.74009e-05 1.83063e-05 1.00054e-05 8.76774e-06 2.26399e-05 2.09355e-05
threshold=1.9356005054539456 3.7609296261008152 3.5694334999727624 3.9607678160667752 2.9174053685313028 6.311733162251806 3.3667009459186801 0.8958797346140277 2.191013317336941 1.8688348091416842
decision_type=2 2 2 2 2 2 2 2 2 2
left_child=1 3 -3 4 5 -1 -6 8 -2 -9
right_child=7 2 -4 -5 6 -7 -8 9 -10 -11
leaf_value=0.00011294521330758774 0.00021908759663347155 -4.1677987901493921e-05 0.00020203677937388417 -0.00018855856421093147 -0.00020337514163527111 -4.1885558727829326e-05 -1.8161466578021642e-05 -6.4471395745961351e-05 1.7684781254274641e-05 6.2001217699209271e-06
leaf_weight=11.999999999999998 5.9999999999999991 4.9999999999999982 5 5.9999999999999991 6.9999999999999982 21 5 49 80 290
leaf_count=12 6 5 5 6 7 21 5 49 80 290
internal_value=0 -2.24302e-05 8.01794e-05 -4.25498e-05 -2.30819e-05 1.44165e-05 -0.000126203 3.2194e-06 3.17361e-05 -4.01494e-06
internal_weight=0 61 10 51 45 33 12 425 86 339
internal_count=486 61 10 51 45 33 12 425 86 339
is_linear=0
shrinkage=0.1


Tree=528
num_leaves=11
num_cat=0
split_feature=59 46 69 49 93 58 74 65 86 36
split_gain=3.47511e-06 2.18151e-05 2.654e-05 2.05991e-05 2.34447e-05 1.90777e-05 2.1711e-05 1.74491e-05 1.58184e-05 1.9863e-05
threshold=8.3776724232667217 3.3667009459186801 7.8379451035080754 8.7760052700544779 1.5890269151739729 4.1742689126930488 4.9052473428434826 4.3943729409690677 3.2180751841847144 2.5619819897016298
decision_type=2 2 2 2 2 2 2 2 2 2
left_child=1 8 -3 4 -2 6 -5 -7 -1 -10
right_child=3 2 -4 5 -6 7 -8 -9 9 -11
leaf_value=7.8849537948406266e-06 1.4746002950362579e-05 2.6449971725620952e-05 0.00031379786785691978 0.00028730442048981788 -0.00012399302493200782 0.0001252361835940974 2.1671596277883511e-05 -1.146279935723382e-05 -2.5812891752658671e-05 -0.00025800658098887655
leaf_weight=239 21 8.9999999999999982 4.9999999999999991 4.9999999999999991 29 9.9999999999999982 7.9999999999999991 141 14.000000000000002 4.9999999999999991
leaf_count=239 21 9 5 5 29 10 8 141 14 5
internal_value=0 7.50048e-06 0.000129074 -9.53332e-06 -6.57226e-05 7.59757e-06 0.000123838 -2.40989e-06 9.03452e-07 -8.69165e-05
internal_weight=0 272 14 214 50 164 13 151 258 19
internal_count=486 272 14 214 50 164 13 151 258 19
is_linear=0
shrinkage=0.1


Tree=529
num_leaves=11
num_cat=0
split_feature=49 13 49 34 87 34 57 49 32 42
split_gain=3.59544e-06 2.15433e-05 1.92007e-05 1.69676e-05 1.63305e-05 1.48386e-05 1.48624e-05 1.02933e-05 1.96117e-05 1.89482e-05
threshold=7.0850628910679374 3.4960482137079443 7.397814529225629 4.2903656061101136 2.4414009612931857 3.9316333620047872 2.3502401828962087 7.6902834072304618 5.2626767655455557 5.4847194494823395
decision_type=2 2 2 2 2 2 2 2 2 2
left_child=1 3 4 5 -2 6 -1 -4 -9 -10
right_child=2 -3 7 -5 -6 -7 -8 8 9 -11
leaf_value=-1.5601918488098192e-05 3.9023449404767762e-05 -0.00018412813187751453 -6.5252662771735746e-05 -0.00016910714669696365 0.00022050499459770175 0.00014452894007653023 0.00010116381314825655 7.330672779062298e-05 -9.4259612491110937e-05 2.8828115670836745e-06
leaf_weight=119 17.000000000000004 6.9999999999999991 23 5.9999999999999991 6.9999999999999991 6.9999999999999991 11.999999999999998 36 22 230
leaf_count=119 17 7 23 6 7 7 12 36 22 230
internal_value=0 -1.28113e-05 5.77463e-06 -4.48335e-06 9.19556e-05 2.6742e-06 -4.90582e-06 -8.75993e-07 4.2652e-06 -5.59788e-06
internal_weight=0 151 335 144 24 138 131 311 288 252
internal_count=486 151 335 144 24 138 131 311 288 252
is_linear=0
shrinkage=0.1


Tree=530
num_leaves=11
num_cat=0
split_feature=70 80 2 7 7 70 70 75 90 11
split_gain=3.41722e-06 1.37e-05 2.38229e-05 1.96665e-05 2.55882e-05 1.595e-05 1.75594e-05 1.32992e-05 2.14489e-05 1.72121e-05
threshold=2.3502401828962087 2.740319461670996 3.9701138825728512 3.1345481418531311 2.8029010331479989 2.602003343538398 2.6735537653587347 3.8499212036984933 3.8064155152036787 3.2769667020129059
decision_type=2 2 2 2 2 2 2 2 2 2
left_child=7 2 3 4 -2 -3 -7 9 -9 -1
right_child=1 5 -4 -5 -6 6 -8 8 -10 -11
leaf_value=5.4714412623512986e-05 9.952732616511637e-05 -0.00016461794924301407 -6.4230179794741663e-05 0.00021297527957358397 -0.00013344916709077855 0.00016940978239290418 -3.2635473173263493e-06 -0.00016898798953311943 3.9417556877197061e-06 -4.1105359689122691e-05
leaf_weight=37 22.000000000000004 5.9999999999999991 12.999999999999998 9.9999999999999982 5.9999999999999991 5.9999999999999991 319 13.000000000000002 15.999999999999998 38
leaf_count=37 22 6 13 10 6 6 319 13 16 38
internal_value=0 4.37525e-06 5.26209e-05 9.25963e-05 4.96038e-05 -3.05837e-06 -7.5732e-08 -1.60706e-05 -7.35785e-05 6.16573e-06
internal_weight=0 382 51 38 28 331 325 104 29 75
internal_count=486 382 51 38 28 331 325 104 29 75
is_linear=0
shrinkage=0.1


Tree=531
num_leaves=11
num_cat=0
split_feature=1 93 1 6 12 99 62 62 38 30
split_gain=3.43381e-06 2.36994e-05 1.60668e-05 2.15468e-05 1.29744e-05 1.82691e-05 1.79185e-05 2.05693e-05 1.07917e-05 3.04604e-05
threshold=2.9174053685313028 3.9701138825728512 3.2951505240983434 2.249904835165133 5.5052984857290932 3.6762205501217919 5.9964025824430864 5.688633047761237 1.9356005054539456 2.3502401828962087
decision_type=2 2 2 2 2 2 2 2 2 2
left_child=1 4 3 -2 6 -6 7 -1 -4 -10
right_child=2 -3 8 -5 5 -7 -8 -9 9 -11
leaf_value=9.9505461118744954e-06 -0.00010538815316976972 -0.00016982900504748007 -0.00012343484475942597 0.00012559665829896751 -0.00018069650694896053 4.4575531380057028e-05 0.00014376372483740045 -0.00013984659279230982 0.0002083234364233379 -2.7559743583888342e-06
leaf_weight=110 5.0000000000000027 8.9999999999999982 6.9999999999999991 21 8.9999999999999982 5.9999999999999991 8.9999999999999982 9.9999999999999982 6.9999999999999991 293
leaf_count=110 5 9 7 21 9 6 9 10 7 293
internal_value=0 -1.24007e-05 5.69762e-06 8.11765e-05 -2.56144e-06 -9.05877e-05 7.67417e-06 -2.53255e-06 -6.94724e-07 2.16921e-06
internal_weight=0 153 333 26 144 15 129 120 307 300
internal_count=486 153 333 26 144 15 129 120 307 300
is_linear=0
shrinkage=0.1


Tree=532
num_leaves=11
num_cat=0
split_feature=21 53 83 73 62 91 96 10 25 83
split_gain=3.27108e-06 2.00241e-05 1.3878e-05 2.35841e-05 2.76591e-05 2.24042e-05 1.75519e-05 1.38006e-05 2.30711e-05 1.99195e-05
threshold=3.1132683346437333 4.3437210834879627 2.6735537653587347 2.3502401828962087 1.0397207708399181 1.0397207708399181 0.89587973461402759 1.9356005054539456 3.8499212036984933 0.89587973461402759
decision_type=2 2 2 2 2 2 2 2 2 2
left_child=1 2 5 -4 -5 6 -1 8 9 -2
right_child=7 -3 3 4 -6 -7 -8 -9 -10 -11
leaf_value=-5.6501767672175021e-05 0.00014521789480568246 -0.00019100252538919451 0.00020720129500010183 0.00019383365205223008 -2.1637259710587386e-05 -5.272827343386454e-06 -0.00026912665731894473 6.1196960963511111e-08 0.00027042005443945528 -6.6486913347034722e-05
leaf_weight=11.000000000000002 8.0000000000000053 5.9999999999999991 6.9999999999999991 6.9999999999999991 40 81 5.9999999999999991 305 4.9999999999999991 9.9999999999999982
leaf_count=11 8 6 7 7 40 81 6 305 5 10
internal_value=0 -1.18205e-05 -4.74753e-06 3.59584e-05 1.04542e-05 -2.71773e-05 -0.000131546 5.69402e-06 8.03902e-05 2.76041e-05
internal_weight=0 158 152 54 47 98 17 328 23 18
internal_count=486 158 152 54 47 98 17 328 23 18
is_linear=0
shrinkage=0.1


Tree=533
num_leaves=11
num_cat=0
split_feature=49 13 62 47 44 5 52 13 52 34
split_gain=3.58572e-06 1.54166e-05 1.49319e-05 1.69126e-05 1.95354e-05 1.4805e-05 1.25565e-05 1.40778e-05 1.15647e-05 1.14876e-05
threshold=7.1008243828001545 3.4960482137079443 5.2626767655455557 2.1383330595080281 1.7005986908310777 4.6913057964583187 5.3844529770182641 3.4960482137079443 5.1647696471263407 4.2903656061101136
decision_type=2 2 2 2 2 2 2 2 2 2
left_child=1 9 3 4 -2 -5 7 8 -4 -1
right_child=2 -3 6 5 -6 -7 -8 -9 -10 -11
leaf_value=5.9155139919673431e-08 -2.9144002958976957e-05 -0.00015760360443631987 -4.5932965093181146e-05 -1.4226478682151841e-05 0.00018435668792032327 0.00015654051676392556 2.5734836440498784e-06 7.6120755402371294e-05 -0.00020394962848513387 -0.00014122323385284591
leaf_weight=141 6.0000000000000027 6.9999999999999991 11.000000000000005 33 14.999999999999998 5.9999999999999991 248 4.9999999999999991 7.9999999999999991 5.9999999999999991
leaf_count=141 6 7 11 33 15 6 248 5 8 6
internal_value=0 -1.26118e-05 5.85007e-06 5.10043e-05 0.000123356 1.20454e-05 -4.11041e-06 -7.31773e-05 -0.000112466 -5.70747e-06
internal_weight=0 154 332 60 21 39 272 24 19 147
internal_count=486 154 332 60 21 39 272 24 19 147
is_linear=0
shrinkage=0.1


Tree=534
num_leaves=11
num_cat=0
split_feature=1 93 68 62 0 12 3 3 34 1
split_gain=3.1691e-06 1.86774e-05 1.28394e-05 1.50277e-05 1.17817e-05 1.0788e-05 1.52815e-05 1.4626e-05 1.13879e-05 1.11814e-05
threshold=2.9174053685313028 4.1107394736335969 1.0397207708399181 3.2180751841847144 3.1345481418531311 5.4847194494823395 3.2384861814448418 2.8029010331479989 2.0126758453675753 2.3937458713910238
decision_type=2 2 2 2 2 2 2 2 2 2
left_child=1 5 -2 -4 -5 6 9 -7 -8 -1
right_child=2 -3 3 4 -6 7 8 -9 -10 -11
leaf_value=8.194447698825774e-06 0.00016451219154987485 -0.00017147904844543 -0.00015375662866669399 7.337390922354341e-05 5.4266708209845406e-07 -0.00017752432759152718 0.00021049191709607846 8.307838945458773e-06 1.5659902904493112e-05 -7.5626272346677353e-05
leaf_weight=98 4.9999999999999991 6.9999999999999991 5.9999999999999991 24 298 8.0000000000000018 5.9999999999999982 8.9999999999999982 6 19
leaf_count=98 5 7 6 24 298 8 6 9 6 19
internal_value=0 -1.19131e-05 5.4736e-06 3.04923e-06 5.97108e-06 -4.26272e-06 5.60518e-06 -7.91426e-05 0.000113076 -5.41746e-06
internal_weight=0 153 333 328 322 146 129 17 12 117
internal_count=486 153 333 328 322 146 129 17 12 117
is_linear=0
shrinkage=0.1


Tree=535
num_leaves=7
num_cat=0
split_feature=58 58 11 78 88 52
split_gain=3.16141e-06 6.36694e-06 1.07885e-05 5.64547e-06 5.15572e-06 5.79109e-06
threshold=6.1974365842109203 5.97498337825657 6.2859963606162941 6.1416464561618449 6.0049923831196965 7.6824671561055489
decision_type=2 2 2 2 2 2
left_child=1 3 -3 4 5 -1
right_child=-2 2 -4 -5 -6 -7
leaf_value=-1.0520213541886726e-06 6.671769744051355e-05 -0.00018379868357442324 2.393707865849137e-05 0.00010639937885571272 -8.5601997073224219e-05 6.6661436442070856e-05
leaf_weight=444 6.9999999999999991 4.9999999999999982 5 4.9999999999999991 6.9999999999999991 12.999999999999998
leaf_count=444 7 5 5 5 7 13
internal_value=0 -9.74998e-07 -7.99308e-05 7.08495e-07 -4.30415e-07 8.74182e-07
internal_weight=0 479 10 469 464 457
internal_count=486 479 10 469 464 457
is_linear=0
shrinkage=0.1


Tree=536
num_leaves=11
num_cat=0
split_feature=94 96 86 102 96 71 81 6 90 93
split_gain=3.00158e-06 4.59631e-06 1.01401e-05 2.23356e-05 6.21636e-06 5.28751e-06 2.06873e-05 1.47387e-05 4.56728e-06 4.52503e-06
threshold=6.5309243747691701 4.4885732424042368 1.4978661367769956 2.602003343538398 4.3943729409690677 5.9776119115618718 5.9776119115618718 5.8376921963339674 5.081385075233106 5.4508081513129589
decision_type=2 2 2 2 2 2 2 2 2 2
left_child=1 4 -3 8 5 6 -1 -7 -4 -6
right_child=-2 2 3 -5 9 7 -8 -9 -10 -11
leaf_value=-4.1549703643311328e-07 -7.0291297500565031e-05 -3.3799961238401009e-05 -2.0100238407394494e-05 0.00025598660111427309 -0.00011683382490446093 0.00016454621384452499 -0.00014628664190240669 8.7919476122213229e-06 6.0477096592555484e-05 -1.0473201837157832e-05
leaf_weight=350 5.9999999999999991 17 12.000000000000002 4.9999999999999991 7.9999999999999991 6.9999999999999991 9.9999999999999982 46 17 7.9999999999999991
leaf_count=350 6 17 12 5 8 7 10 46 17 8
internal_value=0 8.78642e-07 2.92596e-05 6.07894e-05 -2.49532e-06 -1.25998e-07 -4.46747e-06 2.93633e-05 2.71348e-05 -6.36535e-05
internal_weight=0 480 51 34 429 413 360 53 29 16
internal_count=486 480 51 34 429 413 360 53 29 16
is_linear=0
shrinkage=0.1


Tree=537
num_leaves=11
num_cat=0
split_feature=52 42 51 78 54 26 32 42 49 14
split_gain=3.07102e-06 2.15147e-05 1.83182e-05 1.43978e-05 1.99754e-05 1.48195e-05 1.43018e-05 1.59298e-05 2.9276e-05 1.26754e-05
threshold=6.8123444890560956 6.7080773750101441 4.5107991236896536 4.465842055365858 4.8121513051691478 3.2951505240983434 6.6346255874044475 6.5337719366201101 9.1635499979093087 4.8597823571876004
decision_type=2 2 2 2 2 2 2 2 2 2
left_child=1 6 -3 4 -2 -5 7 -1 -9 -8
right_child=3 2 -4 5 -6 -7 9 8 -10 -11
leaf_value=1.7604612130001513e-07 -0.00024690410161080462 1.0894554577589588e-05 0.0002248933554710675 -0.00017026895191520454 1.1135863132949453e-05 6.1426232468875238e-06 -0.00022280976641923176 0.00029941876186057932 -4.2785802797880017e-05 -3.5457110733169917e-05
leaf_weight=325 5.9999999999999982 7.9999999999999991 7.9999999999999991 4.9999999999999991 6 100 5.0000000000000027 4.9999999999999982 5 12.999999999999998
leaf_count=325 6 8 8 5 6 100 5 5 5 13
internal_value=0 4.47613e-06 0.000117894 -1.4117e-05 -0.000117884 -2.25793e-06 -6.64622e-07 4.00113e-06 0.000128316 -8.74995e-05
internal_weight=0 369 16 117 12 105 353 335 10 18
internal_count=486 369 16 117 12 105 353 335 10 18
is_linear=0
shrinkage=0.1


Tree=538
num_leaves=10
num_cat=0
split_feature=42 52 32 54 60 33 22 33 5
split_gain=3.05307e-06 1.17282e-05 1.05734e-05 8.26389e-06 7.5351e-06 7.27731e-06 1.39335e-05 1.19832e-05 2.71897e-06
threshold=7.7034443856599912 7.8058753204502649 7.7682220240091056 5.9814014572911871 5.7397877426443378 5.3518469026947413 6.9546224757073114 4.8201514758423682 6.1070204075896761
decision_type=2 2 2 2 2 2 2 2 2
left_child=1 3 8 5 -4 7 -7 -1 -2
right_child=2 -3 4 -5 -6 6 -8 -9 -10
leaf_value=2.2975154995954206e-06 -0.00016582851530984037 0.00013029847343984461 8.5362592744786536e-05 -0.00012798536859918387 -5.6705404443034368e-05 0.00012239723756855321 -5.2188578592904381e-06 -6.3332419194921393e-05 -6.1541026225313546e-05
leaf_weight=383 5.0000000000000018 6.9999999999999991 7.9999999999999982 4.9999999999999991 7 13.999999999999998 22 30 5
leaf_count=383 5 7 8 5 7 14 22 30 5
internal_value=0 1.84574e-06 -3.40354e-05 -1.34812e-07 1.90642e-05 1.28891e-06 4.44096e-05 -2.46979e-06 -0.000113685
internal_weight=0 461 25 454 15 449 36 413 10
internal_count=486 461 25 454 15 449 36 413 10
is_linear=0
shrinkage=0.1


Tree=539
num_leaves=6
num_cat=0
split_feature=86 27 88 29 36
split_gain=2.98475e-06 6.20594e-06 4.11703e-06 9.00104e-06 6.36436e-06
threshold=5.6269737303234022 5.8622006057083782 6.1416464561618449 10.396807285218456 4.8282817362782584
decision_type=2 2 2 2 2
left_child=1 2 3 4 -1
right_child=-2 -3 -4 -5 -6
leaf_value=2.0475332870708158e-06 6.0576573582693532e-05 -0.00010207523979867499 -8.2036455811855069e-05 0.00012302106412486561 -6.0301534412086338e-05
leaf_weight=443 7.9999999999999991 5.9999999999999991 5.9999999999999991 5.9999999999999991 17
leaf_count=443 8 6 6 6 17
internal_value=0 -1.01383e-06 2.70845e-07 1.3306e-06 -2.56671e-07
internal_weight=0 478 472 466 460
internal_count=486 478 472 466 460
is_linear=0
shrinkage=0.1


Tree=540
num_leaves=11
num_cat=0
split_feature=38 14 22 17 3 5 7 46 64 72
split_gain=2.88089e-06 1.05989e-05 1.2437e-05 1.40025e-05 9.06078e-06 1.45744e-05 8.76748e-06 7.06797e-06 1.98102e-05 2.45189e-05
threshold=1.9356005054539456 3.9701138825728512 3.5516610312630568 2.0126758453675748 2.9174053685313028 2.9174053685313028 3.1345481418531311 0.8958797346140277 1.2424533248940004 4.6346818562128229
decision_type=2 2 2 2 2 2 2 2 2 2
left_child=1 2 4 6 5 -1 -4 8 9 -2
right_child=7 -3 3 -5 -6 -7 -8 -9 -10 -11
leaf_value=2.1947461540218101e-05 3.8419539359219252e-06 -0.00014652564180626845 -0.00022741482040146348 5.1990264494504256e-05 -7.8883825820715492e-05 0.00021108667075168342 -6.5234506473643711e-05 -3.5784809086899768e-06 6.5467061014917106e-05 -0.00023723650258034468
leaf_weight=22.000000000000004 27 5.9999999999999991 5.0000000000000027 6.9999999999999991 5.9999999999999991 4.9999999999999991 9.9999999999999982 339 54 4.9999999999999991
leaf_count=22 27 6 5 7 6 5 10 339 54 5
internal_value=0 -2.03224e-05 -6.55478e-06 -6.47949e-05 3.2272e-05 5.69732e-05 -0.000119295 2.91686e-06 2.85206e-05 -3.38266e-05
internal_weight=0 61 55 22 33 27 15 425 86 32
internal_count=486 61 55 22 33 27 15 425 86 32
is_linear=0
shrinkage=0.1


Tree=541
num_leaves=11
num_cat=0
split_feature=17 17 51 33 31 43 13 21 15 79
split_gain=2.7591e-06 1.7828e-05 2.47046e-05 3.57321e-05 1.28356e-05 1.54941e-05 1.55671e-05 1.59241e-05 1.09588e-05 1.00438e-05
threshold=2.3502401828962087 2.8029010331479989 2.9174053685313028 3.4960482137079443 4.4601277074540464 3.9701138825728512 3.1984648276080736 2.9174053685313028 5.1445790166580574 6.380116791391317
decision_type=2 2 2 2 2 2 2 2 2 2
left_child=4 2 8 -4 5 6 -1 -8 -2 -3
right_child=1 9 3 -5 -6 -7 7 -9 -10 -11
leaf_value=-4.726906513209128e-06 8.9729665778577283e-05 8.7603803179566375e-05 0.00029517932820858229 -1.986978507678335e-05 -0.00013316893528099173 8.180704587989328e-05 9.7588296436394261e-07 -0.0002210354124794581 -0.00010410778465614255 -6.0613380536592726e-06
leaf_weight=158 5.0000000000000018 11.999999999999998 8.9999999999999982 5.9999999999999991 7.9999999999999991 19 5.9999999999999982 7 7 249
leaf_count=158 5 12 9 6 8 19 6 7 7 249
internal_value=0 6.24744e-06 8.36033e-05 0.00016916 -9.08718e-06 -3.86268e-06 -1.33815e-05 -0.000118569 -2.33422e-05 -1.75489e-06
internal_weight=0 288 27 15 198 190 171 13 12 261
internal_count=486 288 27 15 198 190 171 13 12 261
is_linear=0
shrinkage=0.1


Tree=542
num_leaves=11
num_cat=0
split_feature=1 28 51 93 1 4 89 83 97 97
split_gain=2.97665e-06 1.56164e-05 1.24021e-05 9.77385e-06 9.29028e-06 1.56259e-05 1.00116e-05 9.19435e-06 7.75232e-06 2.23964e-05
threshold=2.9174053685313028 4.4367340276668159 4.7621374077860157 4.1107394736335969 3.2951505240983434 2.9174053685313028 7.2290547148619391 4.4425820475484112 3.5549397315361362 3.8064155152036787
decision_type=2 2 2 2 2 2 2 2 2 2
left_child=1 2 3 7 5 -2 -7 -1 -6 -10
right_child=4 -3 -4 -5 8 6 -8 -9 9 -11
leaf_value=-5.7341350983816406e-07 -2.7828649349844035e-05 -0.00018536181363742801 0.00014913676714058968 -0.00013601154920858487 -2.0088828550006326e-05 6.2382195028476414e-05 0.00022914545358313868 -0.00013872273797460369 0.00011290083198616686 1.0959305065393153e-06
leaf_weight=132 11.000000000000002 4.9999999999999991 4.9999999999999991 5.9999999999999991 115 8.9999999999999982 5.9999999999999991 4.9999999999999991 20 172
leaf_count=132 11 5 5 6 115 9 6 5 20 172
internal_value=0 -1.15457e-05 -5.67358e-06 -1.10865e-05 5.3048e-06 6.26999e-05 0.000129087 -5.61536e-06 4.43979e-07 1.27423e-05
internal_weight=0 153 148 143 333 26 15 137 307 192
internal_count=486 153 148 143 333 26 15 137 307 192
is_linear=0
shrinkage=0.1


Tree=543
num_leaves=11
num_cat=0
split_feature=10 10 8 96 27 13 68 81 25 10
split_gain=2.73485e-06 1.23218e-05 2.11542e-05 1.72864e-05 1.54414e-05 1.22143e-05 1.20717e-05 1.52519e-05 1.17991e-05 1.14188e-05
threshold=3.1345481418531311 3.6505739029280164 3.7494348669884658 2.3937458713910238 2.3502401828962087 3.6632328069201612 4.1742689126930488 5.4595764601916565 5.4488879126160059 3.4960482137079443
decision_type=2 2 2 2 2 2 2 2 2 2
left_child=5 2 3 -2 -4 6 8 -8 -1 -6
right_child=1 -3 4 -5 9 -7 7 -9 -10 -11
leaf_value=-7.8455077118350748e-06 2.8647150393226181e-05 -4.9472907154276046e-06 0.00021715669918194181 -0.00014528160554618807 1.8135260434064544e-05 -0.00011673863686155529 0.00016635672460931037 -2.99142484436743e-06 -0.00016382947127567606 0.00015377060626633467
leaf_weight=161 20.000000000000004 223 7.9999999999999991 7.9999999999999991 20.000000000000004 9.9999999999999982 9.0000000000000018 12.999999999999998 4.9999999999999991 8.9999999999999982
leaf_count=161 20 223 8 8 20 10 9 13 5 9
internal_value=0 6.21993e-06 4.45321e-05 -2.10468e-05 9.41593e-05 -9.04716e-06 -3.31889e-06 6.62874e-05 -1.25438e-05 6.0229e-05
internal_weight=0 288 65 28 37 198 188 22 166 29
internal_count=486 288 65 28 37 198 188 22 166 29
is_linear=0
shrinkage=0.1


Tree=544
num_leaves=11
num_cat=0
split_feature=81 81 81 71 95 14 84 70 71 92
split_gain=2.67191e-06 5.35352e-06 1.17579e-05 9.51674e-06 8.27406e-06 7.7869e-06 6.59801e-06 5.70766e-06 5.66394e-06 4.87594e-06
threshold=6.5308606277173844 5.9454069026540806 5.843506608418541 5.9454069026540806 6.1820763689755482 5.5606520443413574 5.6936811209974421 4.465842055365858 5.4595764601916565 5.9711446873746352
decision_type=2 2 2 2 2 2 2 2 2 2
left_child=1 2 6 7 5 -5 8 -3 -1 -2
right_child=9 3 -4 4 -6 -7 -8 -9 -10 -11
leaf_value=-1.1823105843301497e-06 -9.3481244726313489e-07 -4.8493285188063369e-05 0.00014141594280469387 -2.3212998427840398e-05 -0.00011748911153214674 7.9083683253470974e-05 -0.00011375950998626649 -0.00019315872923471029 4.7936849568941398e-05 0.00012223003199324014
leaf_weight=385 8.9999999999999982 5.9999999999999982 5.9999999999999991 23 5.9999999999999991 10.999999999999998 4.9999999999999991 5 25 4.9999999999999991
leaf_count=385 9 6 6 23 6 11 5 5 25 5
internal_value=0 -1.27698e-06 2.42976e-06 -3.18758e-05 -9.22283e-06 9.88299e-06 4.20323e-07 -0.00011425 1.81276e-06 4.30526e-05
internal_weight=0 472 421 51 40 34 415 11 410 14
internal_count=486 472 421 51 40 34 415 11 410 14
is_linear=0
shrinkage=0.1


Tree=545
num_leaves=11
num_cat=0
split_feature=70 75 89 11 5 75 85 80 53 39
split_gain=2.58411e-06 1.02323e-05 1.77739e-05 1.42672e-05 1.32717e-05 1.14344e-05 9.67846e-06 8.94844e-06 1.62956e-05 2.13045e-05
threshold=2.3502401828962087 3.7609296261008152 7.1514412406855525 3.2769667020129059 1.8688348091416842 4.3036997296511936 3.6361991962850237 2.740319461670996 2.8029010331479989 6.8552483244490547
decision_type=2 2 2 2 2 2 2 2 2 2
left_child=1 3 5 4 6 -3 -1 8 9 -2
right_child=7 2 -4 -5 -6 -7 -8 -9 -10 -11
leaf_value=-1.0091564642304241e-06 8.4536781254097485e-05 -0.00027589594246819606 -5.9533749708862159e-06 -3.5962501495209596e-05 0.00020336599700385705 -7.1137409637837343e-05 0.00014098892715992407 -2.2030469813285463e-06 0.00016490686458483754 -5.8067972950084375e-05
leaf_weight=24.000000000000004 22 5.0000000000000018 20 38 4.9999999999999991 6 5.9999999999999991 331 8.9999999999999982 20
leaf_count=24 22 5 20 38 5 6 6 331 9 20
internal_value=0 -1.3975e-05 -6.21088e-05 6.46533e-06 5.25298e-05 -0.000164209 2.73905e-05 3.80472e-06 4.27963e-05 1.66298e-05
internal_weight=0 104 31 73 35 11 30 382 51 42
internal_count=486 104 31 73 35 11 30 382 51 42
is_linear=0
shrinkage=0.1


Tree=546
num_leaves=11
num_cat=0
split_feature=73 76 70 83 66 26 45 64 53 59
split_gain=2.5826e-06 2.25431e-05 1.07796e-05 1.75433e-05 1.74238e-05 1.37535e-05 1.30009e-05 1.18375e-05 9.58878e-06 7.53574e-06
threshold=3.7726948748059121 3.6632328069201612 3.1345481418531311 4.3107766033702406 2.8029010331479989 2.6735537653587347 6.1820763689755482 4.7273486598447958 5.1589892359258025 8.7846956037077835
decision_type=2 2 2 2 2 2 2 2 2 2
left_child=1 9 -2 6 -5 -6 7 -4 -8 -1
right_child=2 -3 3 4 5 -7 8 -9 -10 -11
leaf_value=2.2247470237563399e-06 -0.00011253214990054922 -0.00018310787859913296 0.00015548535900759613 -0.00014791096109547654 8.2646231902273082e-05 -9.8120995885221351e-06 -6.8004955974174667e-05 3.5202073437782629e-05 0.00010160147561691703 -7.0548017286758602e-05
leaf_weight=277 6.9999999999999991 6.9999999999999991 18 7.9999999999999991 19 105 9.9999999999999982 14.999999999999998 4.9999999999999991 14.999999999999998
leaf_count=277 7 7 18 8 19 105 10 15 5 15
internal_value=0 -5.76495e-06 9.21776e-06 1.39525e-05 -4.87333e-06 4.3549e-06 6.57234e-05 0.000100811 -1.14695e-05 -1.51358e-06
internal_weight=0 299 187 180 132 124 48 33 15 292
internal_count=486 299 187 180 132 124 48 33 15 292
is_linear=0
shrinkage=0.1


Tree=547
num_leaves=11
num_cat=0
split_feature=68 78 44 19 13 17 14 13 24 11
split_gain=2.6606e-06 2.67909e-05 1.45884e-05 1.91381e-05 1.4588e-05 1.4587e-05 1.34815e-05 2.36926e-05 1.7549e-05 1.53562e-05
threshold=3.8176519431297078 4.1430087342023825 4.1430087342023825 9.0821589971566841 3.3667009459186801 2.8029010331479989 4.8597823571876004 3.891612008168019 4.9052473428434826 4.5107991236896536
decision_type=2 2 2 2 2 2 2 2 2 2
left_child=1 -1 3 4 -2 -6 7 -4 -8 -10
right_child=2 -3 6 -5 5 -7 8 -9 9 -11
leaf_value=-2.1813622305667773e-06 1.7873797672412667e-05 -0.00021624071184002484 3.4653280660055121e-06 -5.2629819113766046e-05 0.00029608354787342235 0.00010040323622888536 0.0001278743253957752 -0.00012693508979282344 0.00010934377181304929 -9.3459672819014533e-06
leaf_weight=229 14.999999999999998 5.9999999999999991 38 11.999999999999998 5.0000000000000027 15.999999999999998 11.999999999999998 22 11.999999999999998 119
leaf_count=229 15 6 38 12 5 16 12 22 12 119
internal_value=0 -7.64671e-06 7.15927e-06 5.67379e-05 9.31938e-05 0.000146994 -4.56376e-06 -4.43482e-05 1.2129e-05 1.52638e-06
internal_weight=0 235 251 48 36 21 203 60 143 131
internal_count=486 235 251 48 36 21 203 60 143 131
is_linear=0
shrinkage=0.1


Tree=548
num_leaves=11
num_cat=0
split_feature=50 60 24 68 91 50 36 42 1 50
split_gain=2.97741e-06 1.57876e-05 1.13821e-05 1.18872e-05 1.79416e-05 9.32384e-06 7.25679e-06 7.11143e-06 7.5651e-06 9.83149e-06
threshold=4.3693677306817369 4.3693677306817369 4.8597823571876004 4.8674160932529942 2.3937458713910238 4.2903656061101136 3.891612008168019 7.04141128107785 4.7957563937576522 4.1107394736335969
decision_type=2 2 2 2 2 2 2 2 2 2
left_child=5 -2 -3 -4 -5 7 -7 8 -1 -10
right_child=1 2 3 4 -6 6 -8 -9 9 -11
leaf_value=2.8071113532079337e-06 0.00012280889347190775 0.00012380663930733655 -0.00012490823692132836 0.00018635257809364704 -9.2885863429425318e-06 -1.4249660616769692e-05 -0.00018462327308952807 9.8255383948396365e-05 -1.0092162811793614e-05 -0.00010054191049729365
leaf_weight=304 11.999999999999998 6.9999999999999991 7.9999999999999991 4.9999999999999991 75 4.9999999999999982 5 6.9999999999999991 41 17
leaf_count=304 12 7 8 5 75 5 5 7 41 17
internal_value=0 1.47309e-05 1.07894e-06 -8.68349e-06 2.93899e-06 -4.15886e-06 -9.94365e-05 -1.57681e-06 -3.50726e-06 -3.66033e-05
internal_weight=0 107 95 88 80 379 10 369 362 58
internal_count=486 107 95 88 80 379 10 369 362 58
is_linear=0
shrinkage=0.1


Tree=549
num_leaves=11
num_cat=0
split_feature=22 22 68 38 27 33 53 68 43 64
split_gain=2.77197e-06 2.71563e-05 1.67345e-05 1.62368e-05 1.30887e-05 1.05924e-05 1.96038e-05 1.62169e-05 1.08181e-05 1.03983e-05
threshold=6.6580036303642656 6.5524987294602086 4.3882378946731615 4.8441560854355483 4.1742689126930488 4.5742324841290491 5.0497738177202995 3.7132745361986528 5.2830877628056827 5.2203412156610947
decision_type=2 2 2 2 2 2 2 2 2 2
left_child=1 5 -2 -4 9 6 -1 -7 -9 -3
right_child=2 4 3 -5 -6 7 -8 8 -10 -11
leaf_value=1.5820439031981943e-07 9.1966137361768315e-05 -0.0001638875680509955 -0.00011877794697118755 9.0389159383439885e-06 -0.00024873914080671968 -9.7083751097670691e-05 -0.00016911831730145164 0.00016431786595300457 1.4192121852829587e-05 4.0056901343632487e-05
leaf_weight=302 22 4.9999999999999982 10.999999999999998 103 5.9999999999999991 5.0000000000000027 6.9999999999999991 12.000000000000002 7.9999999999999991 5
leaf_count=302 22 5 11 103 6 5 7 12 8 5
internal_value=0 -4.70773e-06 1.21155e-05 -3.29429e-06 -0.000131974 1.38887e-06 -3.67654e-06 6.39973e-05 0.000104268 -6.19153e-05
internal_weight=0 350 136 114 16 334 309 25 20 10
internal_count=486 350 136 114 16 334 309 25 20 10
is_linear=0
shrinkage=0.1


Tree=550
num_leaves=11
num_cat=0
split_feature=49 85 85 75 5 4 30 14 81 22
split_gain=2.60349e-06 1.36346e-05 1.77291e-05 1.26783e-05 1.07698e-05 1.22105e-05 1.05779e-05 8.78955e-06 8.62358e-06 1.19162e-05
threshold=7.0850628910679374 5.1532748880139918 4.912546742554059 5.0434043048315838 4.0163424379838117 3.0433873634561537 2.8029010331479989 1.2424533248940004 3.8064155152036787 4.7957563937576522
decision_type=2 2 2 2 2 2 2 2 2 2
left_child=1 2 4 -4 5 -1 7 -3 9 -2
right_child=8 6 3 -5 -6 -7 -8 -9 -10 -11
leaf_value=-2.3361112951389177e-05 0.00011274986706363659 5.7157370944575304e-05 0.00016712520460714583 7.887849933467806e-06 -0.00015819609950995072 6.7033376192032136e-05 -0.00017687613762973342 -0.000114010670222342 -4.8104280695413919e-06 1.5112839851402291e-05
leaf_weight=88 14.999999999999998 6.0000000000000018 10.000000000000002 9.9999999999999982 4.9999999999999991 18 7.9999999999999991 6 245 75
leaf_count=88 15 6 10 10 5 18 8 6 245 75
internal_value=0 -1.09017e-05 8.39488e-07 8.75065e-05 -1.47762e-05 -8.01111e-06 -8.78064e-05 -2.84266e-05 4.9139e-06 3.13857e-05
internal_weight=0 151 131 20 111 106 20 12 335 90
internal_count=486 151 131 20 111 106 20 12 335 90
is_linear=0
shrinkage=0.1


Tree=551
num_leaves=11
num_cat=0
split_feature=1 28 1 9 91 79 96 74 78 1
split_gain=2.56332e-06 1.22205e-05 1.03415e-05 9.14759e-06 9.00365e-06 1.41335e-05 1.34381e-05 1.33147e-05 6.6935e-06 6.40697e-06
threshold=3.0433873634561537 4.4367340276668159 3.2951505240983434 7.1514412406855525 4.4885732424042368 6.102556092217525 2.7058230259275202 3.3140206880897671 2.5619819897016298 3.4498615536424366
decision_type=2 2 2 2 2 2 2 2 2 2
left_child=1 4 3 -2 5 7 -7 -1 -6 -4
right_child=2 -3 9 -5 8 6 -8 -9 -10 -11
leaf_value=-0.00016340415115171869 3.5692295665891526e-05 -0.00016427360591478649 -9.4048200948496495e-05 0.00019187673780834304 1.0551365691450582e-05 -6.6911775779248989e-06 0.00013609000317436377 -1.1089132264411698e-05 0.00016721294028684494 2.7318424177498934e-06
leaf_weight=11.000000000000002 15.000000000000002 4.9999999999999991 6.9999999999999991 4.9999999999999991 5.9999999999999982 113 6.9999999999999991 11.999999999999998 5 300
leaf_count=11 15 5 7 5 6 113 7 12 5 300
internal_value=0 -1.0415e-05 5.06417e-06 7.47384e-05 -5.41958e-06 -1.21258e-05 1.63772e-06 -8.39354e-05 8.17612e-05 5.25131e-07
internal_weight=0 159 327 20 154 143 120 23 11 307
internal_count=486 159 327 20 154 143 120 23 11 307
is_linear=0
shrinkage=0.1


Tree=552
num_leaves=11
num_cat=0
split_feature=21 53 83 91 62 73 90 62 69 76
split_gain=2.46572e-06 1.02635e-05 9.84231e-06 1.66697e-05 1.46166e-05 1.79649e-05 1.3309e-05 8.63926e-06 1.62456e-05 1.40999e-05
threshold=3.1132683346437333 4.2625806805327082 2.6735537653587347 1.0397207708399181 1.0397207708399181 2.3502401828962087 2.191013317336941 4.1891953942678901 6.4891310167150369 2.0126758453675748
decision_type=2 2 2 2 2 2 2 2 2 2
left_child=1 2 3 6 -4 -6 -1 8 -2 -10
right_child=7 -3 4 -5 5 -7 -8 -9 9 -11
leaf_value=-5.6462408489702881e-05 1.2922154079812267e-06 -0.00012863726754273687 0.00015449189668288455 -4.6560017555164475e-06 0.0001688868544685344 -1.6983781115880283e-05 -0.00025065012043341996 -1.4530200890779573e-08 0.00027900379849597816 4.1517563076922663e-05
leaf_weight=12.000000000000002 18.000000000000004 6.9999999999999991 7.9999999999999991 81 5.9999999999999991 39 4.9999999999999991 300 4.9999999999999982 5
leaf_count=12 18 7 8 81 6 39 5 300 5 5
internal_value=0 -1.02627e-05 -4.77514e-06 -2.35504e-05 2.99413e-05 7.79897e-06 -0.000113576 4.94362e-06 5.80667e-05 0.000160261
internal_weight=0 158 151 98 53 45 17 328 28 10
internal_count=486 158 151 98 53 45 17 328 28 10
is_linear=0
shrinkage=0.1


Tree=553
num_leaves=10
num_cat=0
split_feature=93 99 90 94 99 97 52 60 52
split_gain=2.46441e-06 5.74989e-06 3.62719e-06 3.6203e-06 7.27132e-06 7.9907e-06 5.03929e-06 1.28601e-05 5.18792e-06
threshold=6.2576382274985969 3.8815106545092593 6.0540424421008812 5.6903366269220443 2.524928003624769 5.4659459730803723 7.8058753204502649 5.6452907969132928 7.09423450157795
decision_type=2 2 2 2 2 2 2 2 2
left_child=2 -2 3 6 5 -5 8 -8 -1
right_child=1 -3 -4 4 -6 -7 7 -9 -10
leaf_value=3.6889890330756088e-06 9.6847507847996908e-05 -3.2653466041665519e-05 -8.5946732433512813e-05 -0.00010735315084145566 6.2398055403415736e-05 1.7930614922079259e-05 0.00014664563659607668 -3.2659587031957929e-05 -3.1883738967300579e-05
leaf_weight=377 7.9999999999999982 6 4.9999999999999991 14.000000000000005 5.9999999999999991 7.9999999999999991 7.9999999999999991 7.9999999999999991 46
leaf_count=377 8 6 5 14 6 8 8 8 46
internal_value=0 4.13471e-05 -1.2264e-06 -3.19327e-07 -3.51825e-05 -6.17954e-05 1.90429e-06 5.6993e-05 -1.7944e-07
internal_weight=0 14 472 467 28 22 439 16 423
internal_count=486 14 472 467 28 22 439 16 423
is_linear=0
shrinkage=0.1


Tree=554
num_leaves=11
num_cat=0
split_feature=66 13 66 50 59 94 37 27 71 50
split_gain=2.55761e-06 1.02973e-05 1.01845e-05 9.5738e-06 1.49806e-05 7.59514e-06 4.92237e-06 1.68187e-05 1.30574e-05 1.18355e-05
threshold=4.234001473612734 3.0201273556387074 4.1430087342023825 3.8815106545092593 9.1921681053127724 5.2203412156610947 4.6346818562128229 4.6346818562128229 4.7957563937576522 4.5538214868689204
decision_type=2 2 2 2 2 2 2 2 2 2
left_child=2 -2 6 -3 -5 -6 7 9 -8 -1
right_child=1 3 -4 4 5 -7 8 -9 -10 -11
leaf_value=-4.0154552620638134e-06 0.00012337639636825771 -0.00011707421842099091 -0.00013281532543866587 0.00014368161719175988 -3.4783305508266067e-05 3.0688847107592522e-05 -0.00012698582590515298 0.00013665795417586599 1.1305318174789946e-05 0.00015095232112798842
leaf_weight=344 7.9999999999999991 5.9999999999999991 5.9999999999999991 7.9999999999999991 34 37 11.000000000000002 8.9999999999999982 18 4.9999999999999991
leaf_count=344 8 6 6 8 34 37 11 9 18 5
internal_value=0 1.49126e-05 -3.52894e-06 4.70427e-06 1.39533e-05 -6.64015e-07 -1.5245e-06 1.68538e-06 -4.11499e-05 -1.79529e-06
internal_weight=0 93 393 85 79 71 387 358 29 349
internal_count=486 93 393 85 79 71 387 358 29 349
is_linear=0
shrinkage=0.1


Tree=555
num_leaves=11
num_cat=0
split_feature=85 85 53 54 65 8 43 55 25 15
split_gain=2.35059e-06 2.17593e-05 7.47891e-06 1.24638e-05 8.44345e-06 1.2656e-05 1.01339e-05 7.02161e-06 6.30958e-06 9.52342e-06
threshold=5.8550678171289681 5.7556620918016277 5.3374918497535253 5.2932921986212866 5.3981524641123215 4.3693677306817369 5.0497738177202995 5.3981524641123215 5.1445790166580574 4.912546742554059
decision_type=2 2 2 2 2 2 2 2 2 2
left_child=1 2 4 -4 6 -6 -1 -2 9 -9
right_child=7 -3 3 -5 5 -7 -8 8 -10 -11
leaf_value=-4.4456243378621278e-06 0.00010929289855994285 -0.00015756494152204445 -0.00017982316082149424 -9.288232273926648e-06 0.00016073295955720823 1.6900965358847596e-05 0.00012683009942217422 1.2810880018930351e-05 1.4178875218539021e-05 -0.00016788699256721883
leaf_weight=295 6.9999999999999991 8.9999999999999982 6.0000000000000027 14.999999999999998 7.9999999999999991 26 5.9999999999999991 6.9999999999999982 102 5
leaf_count=295 7 9 6 15 8 26 6 7 102 5
internal_value=0 -4.00421e-06 -1.22057e-07 -5.80125e-05 3.5069e-06 5.07438e-05 -1.82883e-06 1.20788e-05 6.10953e-06 -6.24799e-05
internal_weight=0 365 356 21 335 34 301 121 114 12
internal_count=486 365 356 21 335 34 301 121 114 12
is_linear=0
shrinkage=0.1


Tree=556
num_leaves=11
num_cat=0
split_feature=64 19 54 9 96 38 86 64 6 44
split_gain=2.36078e-06 1.53721e-05 1.01806e-05 1.55729e-05 1.29634e-05 7.75576e-06 7.78707e-06 9.79997e-06 9.52516e-06 7.01979e-06
threshold=3.3140206880897671 2.4563274428680266 3.3140206880897671 6.6694175608141011 1.9356005054539456 1.0397207708399181 2.3502401828962087 3.7012257604091228 4.5847591887279648 1.7917594692280554
decision_type=2 2 2 2 2 2 2 2 2 2
left_child=2 -2 9 -4 -5 -3 7 -7 -8 -1
right_child=1 5 3 4 -6 6 8 -9 -10 -11
leaf_value=-1.2036008712736171e-05 0.00016416568978456781 -0.00011006872033855568 -0.00022369360085576755 6.5183517775343084e-05 -8.662593107146677e-05 0.00011924341266752561 -5.0627273135193575e-05 1.7292900421731852e-05 5.0346113733333597e-06 3.2881619447333819e-05
leaf_weight=120 5.9999999999999991 5.9999999999999991 5.0000000000000027 9.0000000000000018 14.999999999999998 10.999999999999998 38 66 161 49
leaf_count=120 6 6 5 9 15 11 38 66 161 49
internal_value=0 5.77891e-06 -8.40569e-06 -6.3145e-05 -2.96974e-05 2.40898e-06 4.85415e-06 3.18573e-05 -5.59429e-06 9.87446e-07
internal_weight=0 288 198 29 24 282 276 77 199 169
internal_count=486 288 198 29 24 282 276 77 199 169
is_linear=0
shrinkage=0.1


Tree=557
num_leaves=10
num_cat=0
split_feature=94 27 27 68 2 24 15 29 36
split_gain=2.34268e-06 3.36047e-06 1.569e-05 1.25696e-05 7.26003e-06 6.61811e-06 1.48667e-05 1.09455e-05 6.22395e-06
threshold=6.5309243747691701 4.6346818562128229 4.5746578350692051 4.4885732424042368 5.272986409146923 4.9052473428434826 4.0773937863842606 8.7846956037077835 4.3943729409690677
decision_type=2 2 2 2 2 2 2 2 2
left_child=1 2 5 -3 -5 7 -7 -1 -6
right_child=-2 3 -4 4 8 6 -8 -9 -10
leaf_value=-1.0441135247694935e-06 -6.2098814911829925e-05 0.00015789881169136306 -0.00015165529704453157 0.00012513999827206136 -3.5164888183013923e-05 2.7890264655897314e-05 -8.1123527562685299e-05 6.32826505446654e-05 2.2237482661979565e-05
leaf_weight=301 5.9999999999999991 5.9999999999999991 6.9999999999999991 4.9999999999999991 30 22 29 29 51
leaf_count=301 6 6 7 5 30 22 29 29 51
internal_value=0 7.76235e-07 -3.29811e-06 1.79593e-05 8.1961e-06 -5.72383e-07 -3.4098e-05 4.60884e-06 9.77345e-07
internal_weight=0 480 388 92 86 381 51 330 81
internal_count=486 480 388 92 86 381 51 330 81
is_linear=0
shrinkage=0.1


Tree=558
num_leaves=10
num_cat=0
split_feature=42 52 32 60 54 43 60 63 33
split_gain=2.19765e-06 6.73909e-06 6.57467e-06 4.69401e-06 4.61812e-06 5.84714e-06 6.96004e-06 5.66654e-06 1.81706e-06
threshold=7.7034443856599912 7.8058753204502649 7.7682220240091056 5.7397877426443378 5.9814014572911871 5.4026367991037016 4.3693677306817369 5.5721468034537072 6.1441487928929224
decision_type=2 2 2 2 2 2 2 2 2
left_child=1 4 8 -4 5 7 -7 -1 -2
right_child=2 -3 3 -5 -6 6 -8 -9 -10
leaf_value=-3.4845742082680855e-07 -0.00013431092025712125 9.8936841407391653e-05 6.5323024136887406e-05 -4.6807430278152288e-05 -9.5510063692927369e-05 9.8387869925668046e-05 6.0973803887133151e-06 -7.6550813976155051e-05 -4.9056978314183651e-05
leaf_weight=404 5.0000000000000018 6.9999999999999991 7.9999999999999982 7 4.9999999999999991 12.999999999999998 22 9.9999999999999982 5
leaf_count=404 5 7 8 7 5 13 22 10 5
internal_value=0 1.56596e-06 -2.88763e-05 1.29955e-05 6.46463e-08 1.12895e-06 4.03767e-05 -2.18909e-06 -9.16839e-05
internal_weight=0 461 25 15 454 449 35 414 10
internal_count=486 461 25 15 454 449 35 414 10
is_linear=0
shrinkage=0.1


Tree=559
num_leaves=11
num_cat=0
split_feature=25 16 56 75 2 26 25 43 6 87
split_gain=2.17843e-06 7.59201e-06 1.07886e-05 8.49631e-06 8.42115e-06 9.72537e-06 5.0219e-06 3.80949e-06 3.45236e-06 5.27264e-06
threshold=6.9334154259936662 4.6150714996361826 4.6959141240107813 5.7071047460155357 6.5496251583324243 4.6150714996361826 7.0066689711592458 5.8819043445924564 4.0163424379838117 3.7012257604091228
decision_type=2 2 2 2 2 2 2 2 2 2
left_child=1 4 3 -3 5 7 -2 -1 -8 -10
right_child=6 2 -4 -5 -6 -7 8 -9 9 -11
leaf_value=-2.5666243300292989e-06 -0.00010706359147055385 6.4395705815583723e-05 0.000187832277151756 -8.8993490426219078e-05 0.00012791450950317085 -0.00011183667979821622 6.1004933498528125e-05 4.4474064957790287e-05 -9.0409129667534639e-05 8.0406569181564814e-06
leaf_weight=395 5.9999999999999991 13.000000000000005 4.9999999999999991 4.9999999999999991 4.9999999999999991 7.9999999999999991 6.0000000000000027 18 8.0000000000000018 17
leaf_count=395 6 13 5 5 5 8 6 18 8 17
internal_value=0 1.9219e-06 5.78843e-05 2.17876e-05 -1.09954e-06 -2.63177e-06 -2.33225e-05 -5.16425e-07 -7.11459e-06 -2.34633e-05
internal_weight=0 449 23 18 426 421 37 413 31 25
internal_count=486 449 23 18 426 421 37 413 31 25
is_linear=0
shrinkage=0.1


Tree=560
num_leaves=11
num_cat=0
split_feature=94 94 99 6 93 97 89 33 51 61
split_gain=2.03413e-06 8.97982e-06 1.26008e-05 9.73687e-06 9.43348e-06 8.82145e-06 1.32004e-05 1.7471e-05 1.0894e-05 8.92397e-06
threshold=4.1107394736335969 4.4995626957636246 3.2384861814448418 5.4337124689388192 3.9701138825728512 3.1345481418531311 8.2297435982428002 1.4978661367769959 3.2180751841847144 2.3502401828962087
decision_type=2 2 2 2 2 2 2 2 2 2
left_child=5 2 3 -2 -4 6 -1 -8 9 -7
right_child=1 -3 4 -5 -6 8 7 -9 -10 -11
leaf_value=5.9104496823173542e-06 -0.00017093239796601913 2.3046384848213968e-06 -4.210760705398953e-05 -2.6307305961381647e-06 9.3691466983208174e-05 5.6019619140507933e-05 4.2801478412002311e-06 -0.00019398681433813181 1.5611394964849001e-05 0.00023093808209523553
leaf_weight=183 10.999999999999998 202 19.000000000000004 4.9999999999999991 6.9999999999999991 6.9999999999999982 10.000000000000002 7.9999999999999991 29 5
leaf_count=183 11 202 19 5 7 7 10 8 29 5
internal_value=0 -6.44294e-06 -4.85146e-05 -0.000118338 -5.54632e-06 6.49619e-06 -2.12677e-06 -8.38385e-05 4.87697e-05 0.000128902
internal_weight=0 244 42 16 26 242 201 18 41 12
internal_count=486 244 42 16 26 242 201 18 41 12
is_linear=0
shrinkage=0.1


Tree=561
num_leaves=8
num_cat=0
split_feature=28 37 15 15 15 90 25
split_gain=1.93481e-06 5.38993e-06 4.20167e-06 6.00639e-06 3.26544e-06 6.29933e-06 5.58737e-06
threshold=6.1081203872229013 5.3706272113530096 7.4802334233887304 7.1238964247157321 6.7889489155901535 2.8314802400679731 6.6957798175907541
decision_type=2 2 2 2 2 2 2
left_child=2 -2 3 4 6 -6 -1
right_child=1 -3 -4 -5 5 -7 -8
leaf_value=1.1169135336356979e-06 2.1554583612929235e-05 -0.00010760859980412837 9.2229998263064782e-05 -8.5833042339800167e-05 0.00013662571669556192 1.2279411930649077e-05 -7.8507004728736431e-05
leaf_weight=424 6.9999999999999982 6 4.9999999999999991 7.9999999999999991 5.0000000000000027 22 8.9999999999999982
leaf_count=424 7 6 5 8 5 22 9
internal_value=0 -3.80592e-05 1.04602e-06 7.18368e-08 1.56583e-06 3.53065e-05 -5.38087e-07
internal_weight=0 13 473 468 460 27 433
internal_count=486 13 473 468 460 27 433
is_linear=0
shrinkage=0.1


Tree=562
num_leaves=11
num_cat=0
split_feature=65 17 65 97 53 45 81 74 97 10
split_gain=1.87065e-06 1.02302e-05 9.95697e-06 2.06869e-05 1.91965e-05 1.44898e-05 7.43189e-06 1.04755e-05 7.07254e-06 8.18705e-06
threshold=4.6150714996361826 4.4187680230537838 4.8597823571876004 1.9356005054539456 2.3502401828962087 5.003923783930186 4.2045812236012674 5.2203412156610947 1.0397207708399181 2.602003343538398
decision_type=2 2 2 2 2 2 2 2 2 2
left_child=1 6 3 4 -2 -5 -1 -8 9 -4
right_child=2 -3 8 5 -6 -7 7 -9 -10 -11
leaf_value=1.6031927035636348e-05 -0.00030848668422549962 0.00012653927634736256 -5.9735774023768809e-05 9.1778706701006716e-05 -5.8709716904559178e-05 -8.3119813037531764e-05 -5.3227549347539962e-05 6.1496076305047617e-05 -4.5035472486313543e-06 6.9855724667342248e-05
leaf_weight=127 4.9999999999999991 6.9999999999999991 5.9999999999999991 10.000000000000002 7.9999999999999991 8.9999999999999982 39 9.9999999999999982 239 26
leaf_count=127 5 7 6 10 8 9 39 10 239 26
internal_value=0 7.98315e-06 -4.8215e-06 -5.75751e-05 -0.000154778 8.93204e-06 3.26785e-06 -2.98146e-05 1.4077e-06 4.55573e-05
internal_weight=0 183 303 32 13 19 176 49 271 32
internal_count=486 183 303 32 13 19 176 49 271 32
is_linear=0
shrinkage=0.1


Tree=563
num_leaves=11
num_cat=0
split_feature=89 94 15 92 2 11 20 8 16 97
split_gain=1.80095e-06 3.56777e-06 2.97398e-06 2.7032e-06 4.88788e-06 8.43091e-06 4.83841e-06 4.39199e-06 9.3674e-06 8.4774e-06
threshold=10.395425808672428 6.0111590312221681 5.609465086342035 7.0166060642627874 6.0449603893970645 5.2831908449625269 5.4026367991037016 4.7790881836238563 4.1742689126930488 4.317399216745252
decision_type=2 2 2 2 2 2 2 2 2 2
left_child=1 3 -3 7 5 -5 -6 9 -9 -1
right_child=-2 2 -4 4 6 -7 -8 8 -10 -11
leaf_value=-1.165639996878897e-06 -5.0356006665554431e-05 7.0140085881575952e-08 0.00010449526695689807 -2.2482829393766224e-06 0.00011033417045837261 -8.5013687530590695e-05 -6.7504889292043416e-06 4.540888020528655e-05 -1.9114675797027304e-05 -0.00013246402959339322
leaf_weight=298 6.9999999999999991 4.9999999999999982 6 32 5.0000000000000027 20 11.999999999999998 60 36 4.9999999999999991
leaf_count=298 7 5 6 32 5 20 12 60 36 5
internal_value=0 7.35892e-07 5.70293e-05 -5.87244e-07 -1.88631e-05 -3.40811e-05 2.76862e-05 2.57324e-06 2.12125e-05 -3.33228e-06
internal_weight=0 479 11 468 69 52 17 399 96 303
internal_count=486 479 11 468 69 52 17 399 96 303
is_linear=0
shrinkage=0.1


Tree=564
num_leaves=11
num_cat=0
split_feature=47 41 31 89 94 6 64 79 11 48
split_gain=1.7197e-06 9.8402e-06 7.93724e-06 1.09138e-05 7.38537e-06 8.9686e-06 1.63946e-05 2.48821e-05 1.08282e-05 1.42571e-05
threshold=1.4978661367769956 2.6735537653587347 2.1383330595080277 7.6827096242062121 4.8121513051691478 1.0397207708399181 2.3937458713910238 7.3287612361611201 2.3502401828962087 1.5890269151739729
decision_type=2 2 2 2 2 2 2 2 2 2
left_child=4 2 -2 -4 5 8 -7 -8 -1 -10
right_child=1 -3 3 -5 -6 6 7 -9 9 -11
leaf_value=8.844980184221641e-05 5.4153045251344638e-06 -1.4773167967697153e-06 0.0001795062451694523 1.3020613343022496e-05 8.470137545373291e-05 -1.1808112109671736e-05 -0.0002650706621352582 -2.3894687117056245e-05 -0.00013844718341715634 2.3015529324766252e-05
leaf_weight=15.999999999999998 15.000000000000002 303 8.9999999999999982 6.9999999999999991 7.9999999999999991 78 7.0000000000000027 10.999999999999998 6.9999999999999991 25
leaf_count=16 15 303 9 7 8 78 7 11 7 25
internal_value=0 4.01288e-06 5.76752e-05 0.000106669 -8.81778e-06 -1.40133e-05 -3.16601e-05 -0.000117685 2.12803e-05 -1.23044e-05
internal_weight=0 334 31 16 152 144 96 18 48 32
internal_count=486 334 31 16 152 144 96 18 48 32
is_linear=0
shrinkage=0.1


Tree=565
num_leaves=11
num_cat=0
split_feature=85 85 85 87 64 64 54 76 83 55
split_gain=1.70945e-06 1.66639e-05 1.06369e-05 8.93696e-06 8.61441e-06 1.46058e-05 8.51762e-06 8.23912e-06 1.48575e-05 1.51605e-05
threshold=5.1761337726651186 5.2203412156610947 4.912546742554059 4.317399216745252 3.3140206880897671 3.7012257604091228 1.7005986908310777 2.3502401828962087 2.0126758453675748 4.9344480538832558
decision_type=2 2 2 2 2 2 2 2 2 2
left_child=2 -2 3 4 6 -6 -1 8 -4 -10
right_child=1 -3 7 -5 5 -7 -8 -9 9 -11
leaf_value=9.3322488356608204e-07 -0.0001266644828402522 -1.5928648345391431e-07 2.9592113357714623e-07 -0.00011546459947047489 0.00010204980480921222 3.0893769691316982e-06 -5.544971424699595e-05 7.5971360156809513e-06 6.5479745353513882e-05 0.00027576060674618926
leaf_weight=74 10.999999999999998 195 11.000000000000002 6.9999999999999991 18 87 42 27 7.9999999999999982 6
leaf_count=74 11 195 11 7 18 87 42 27 8 6
internal_value=0 -6.91442e-06 5.08704e-06 -4.22109e-06 -6.97543e-07 2.0054e-05 -1.94813e-05 4.58996e-05 8.72663e-05 0.0001556
internal_weight=0 206 280 228 221 105 116 52 25 14
internal_count=486 206 280 228 221 105 116 52 25 14
is_linear=0
shrinkage=0.1


Tree=566
num_leaves=11
num_cat=0
split_feature=31 31 18 64 93 61 13 4 95 68
split_gain=1.7525e-06 5.54665e-06 8.25557e-06 1.20663e-05 1.18063e-05 8.25982e-06 8.13019e-06 5.43449e-06 5.39855e-06 7.56249e-06
threshold=2.6735537653587347 3.4334666422309414 3.5972184255501678 1.2424533248940004 2.5619819897016298 2.3502401828962087 2.9430520157250784 2.8029010331479989 6.4982776132386997 2.3937458713910238
decision_type=2 2 2 2 2 2 2 2 2 2
left_child=8 2 3 -2 -5 7 -7 -4 9 -1
right_child=1 -3 5 4 -6 6 -8 -9 -10 -11
leaf_value=2.2752495106974023e-05 -5.0767925373899419e-05 -1.3199805316140875e-06 -1.4030273014213883e-05 4.8188830502719296e-05 0.00020502129373198841 1.2018171193111423e-05 -0.00014661623863503336 0.00013340771780349312 -8.432985762030714e-05 -2.5474425930607706e-05
leaf_weight=58 6.0000000000000027 296 5.0000000000000018 12.000000000000002 7.9999999999999991 6.9999999999999982 6 5 8.9999999999999982 74
leaf_count=58 6 296 5 12 8 7 6 5 9 74
internal_value=0 3.83893e-06 3.5003e-05 7.36088e-05 0.000110922 -8.63839e-06 -6.11977e-05 5.96887e-05 -9.39313e-06 -4.28381e-06
internal_weight=0 345 49 26 20 23 13 10 141 132
internal_count=486 345 49 26 20 23 13 10 141 132
is_linear=0
shrinkage=0.1


Tree=567
num_leaves=10
num_cat=0
split_feature=94 94 12 92 8 93 68 96 21
split_gain=1.64551e-06 2.46208e-06 2.25222e-06 2.17627e-06 4.76854e-06 4.49925e-06 1.33849e-05 6.30552e-06 4.30432e-06
threshold=6.5309243747691701 6.0111590312221681 7.0440313744096281 7.008490466798496 5.1532748880139918 3.9701138825728512 1.9356005054539456 3.0433873634561537 4.4885732424042368
decision_type=2 2 2 2 2 2 2 2 2
left_child=1 3 -3 5 -5 7 -7 -1 -6
right_child=-2 2 -4 4 8 6 -8 -9 -10
leaf_value=2.1236698161514519e-06 -5.2044838957954199e-05 2.0542036509141328e-06 8.8699401627915589e-05 -0.00011077781207859517 3.5656371005643449e-05 -0.00012407520989654586 2.9977191595807726e-05 -3.9692460900585593e-05 -2.3934451928198543e-05
leaf_weight=255 5.9999999999999991 5.9999999999999982 6 4.9999999999999991 15.999999999999998 5.9999999999999991 94 42 50
leaf_count=255 6 6 6 5 16 6 94 42 50
internal_value=0 6.50561e-07 4.53768e-05 -4.96266e-07 -1.66213e-05 2.38755e-06 2.0734e-05 -3.78972e-06 -9.48819e-06
internal_weight=0 480 12 468 71 397 100 297 66
internal_count=486 480 12 468 71 397 100 297 66
is_linear=0
shrinkage=0.1


Tree=568
num_leaves=11
num_cat=0
split_feature=73 73 81 26 95 53 87 87 66 41
split_gain=1.63282e-06 5.3682e-06 5.72096e-06 3.58591e-06 5.63452e-06 4.33124e-06 3.52669e-06 7.89076e-06 2.60415e-06 1.23309e-06
threshold=5.9750802605835984 5.8819043445924564 6.3243332683204878 4.4187680230537838 5.4071617168636603 6.2576382274985969 5.5333816772649813 5.3706272113530096 4.6959141240107813 5.2094712223428914
decision_type=2 2 2 2 2 2 2 2 2 2
left_child=1 6 -3 4 9 -5 7 8 -1 -2
right_child=3 2 -4 5 -6 -7 -8 -9 -10 -11
leaf_value=2.3022438418520413e-06 -2.5586008196114552e-05 -0.00014967974973842504 1.5943660400807855e-06 -6.4879349793045522e-05 0.00013156137041126688 3.6246965921943936e-05 8.3557458419818435e-05 -0.0001147949906832461 -3.6553992746727699e-05 4.165476226868729e-05
leaf_weight=413 5.0000000000000018 4.9999999999999982 5 8.0000000000000018 5.9999999999999991 8.9999999999999982 4.9999999999999991 5.9999999999999991 18 6
leaf_count=413 5 5 5 8 6 9 5 6 18 6
internal_value=0 -1.58972e-06 -7.40427e-05 2.1134e-05 5.36098e-05 -1.13419e-05 4.94846e-08 -9.05984e-07 6.79478e-07 1.10908e-05
internal_weight=0 452 10 34 17 17 442 437 431 11
internal_count=486 452 10 34 17 17 442 437 431 11
is_linear=0
shrinkage=0.1


Tree=569
num_leaves=11
num_cat=0
split_feature=10 22 32 48 29 29 44 11 85 55
split_gain=1.58606e-06 1.94709e-06 1.14553e-05 9.61163e-06 7.86502e-06 1.39947e-05 5.46442e-06 5.04682e-06 3.34691e-06 3.70434e-06
threshold=6.1398473927003954 6.9948462051989084 6.9948462051989084 4.8903208612686422 9.5416264170123846 9.4345713670985987 5.4847883247493394 5.4889035743175976 4.6442059536981697 5.5872416446462791
decision_type=2 2 2 2 2 2 2 2 2 2
left_child=1 2 4 7 5 -1 -4 -3 -5 -10
right_child=-2 3 6 8 -6 -7 -8 -9 9 -11
leaf_value=3.5985005742863782e-07 5.6031078856904065e-05 -3.53137095225975e-05 0.00018023005271970764 6.3785103169980832e-05 0.00011310900687628116 -0.00014236584289132484 3.8680730358464641e-05 -0.00017739572329446672 -8.3868084766436374e-05 -1.6932462671093163e-06
leaf_weight=370 4.9999999999999991 4.9999999999999982 4.9999999999999982 6.9999999999999991 5.9999999999999991 6.9999999999999991 6 5 5.9999999999999991 64
leaf_count=370 5 5 5 7 6 7 6 5 6 64
internal_value=0 -5.82444e-07 2.40729e-06 -1.41222e-05 -4.82408e-07 -2.29023e-06 0.000103021 -0.000106355 -2.1439e-06 -8.7368e-06
internal_weight=0 481 394 87 383 377 11 10 77 70
internal_count=486 481 394 87 383 377 11 10 77 70
is_linear=0
shrinkage=0.1


Tree=570
num_leaves=11
num_cat=0
split_feature=94 94 69 47 35 97 89 33 51 61
split_gain=1.53479e-06 7.2643e-06 9.47204e-06 8.40208e-06 6.51241e-06 6.50473e-06 8.83754e-06 1.27865e-05 7.89743e-06 6.13957e-06
threshold=4.1107394736335969 4.4995626957636246 8.8013188456925118 1.4978661367769956 2.649158683274019 3.1345481418531311 8.2297435982428002 1.4978661367769959 3.2180751841847144 2.3502401828962087
decision_type=2 2 2 2 2 2 2 2 2 2
left_child=5 2 3 4 -2 6 -1 -8 9 -7
right_child=1 -3 -4 -5 -6 8 7 -9 -10 -11
leaf_value=4.814452745822415e-06 2.5511184503557151e-06 2.2712202612165309e-06 -0.00013437206265128529 3.6638642583663265e-05 -0.00011849810078274459 4.9718286442969537e-05 6.7646638490259635e-06 -0.00016285163947031835 1.3711257094561509e-05 0.00019480431103147564
leaf_weight=183 8.0000000000000018 202 8.9999999999999982 14.999999999999998 9.9999999999999982 6.9999999999999982 10.000000000000002 7.9999999999999991 29 5
leaf_count=183 8 202 9 15 10 7 10 8 29 5
internal_value=0 -5.59653e-06 -4.34367e-05 -1.86361e-05 -6.46984e-05 5.64279e-06 -1.7618e-06 -6.86204e-05 4.19433e-05 0.000110171
internal_weight=0 244 42 33 18 242 201 18 41 12
internal_count=486 244 42 33 18 242 201 18 41 12
is_linear=0
shrinkage=0.1


Tree=571
num_leaves=11
num_cat=0
split_feature=21 37 10 10 25 7 48 28 98 47
split_gain=1.57684e-06 7.17931e-06 8.89182e-06 7.00459e-06 1.21789e-05 1.02521e-05 7.38082e-06 7.79147e-06 7.03336e-06 6.73333e-06
threshold=3.1132683346437333 2.4414009612931857 3.4334666422309414 1.9356005054539456 3.8499212036984933 4.0163424379838117 2.3937458713910238 2.9430520157250784 3.0433873634561537 2.5619819897016298
decision_type=2 2 2 2 2 2 2 2 2 2
left_child=1 9 -3 4 5 8 7 -5 -2 -1
right_child=3 2 -4 6 -6 -7 -8 -9 -10 -11
leaf_value=-4.039013910528411e-06 0.00015201579141527555 -0.00010161577347389537 2.7504917306941936e-05 -0.00015750611685992532 0.00019523676834069193 -7.5788529855864398e-05 3.0885530780047927e-06 3.65082281253611e-06 -8.573661325499414e-06 0.00010435034297794726
leaf_weight=128 6.0000000000000053 16.000000000000004 7.9999999999999991 5.9999999999999982 4.9999999999999991 6.9999999999999991 293 6 5 5.9999999999999991
leaf_count=128 6 16 8 6 5 7 293 6 5 6
internal_value=0 -8.20699e-06 -5.85755e-05 3.95337e-06 5.71692e-05 1.8817e-05 -5.96253e-08 -7.69276e-05 7.90206e-05 8.14241e-07
internal_weight=0 158 24 328 23 18 305 12 11 134
internal_count=486 158 24 328 23 18 305 12 11 134
is_linear=0
shrinkage=0.1


Tree=572
num_leaves=11
num_cat=0
split_feature=92 92 10 90 95 95 2 75 1 80
split_gain=1.47325e-06 7.50593e-06 4.54764e-06 4.47663e-06 5.00885e-06 7.56968e-06 4.51551e-06 4.44763e-06 1.22442e-05 5.37578e-06
threshold=6.6346255874044475 6.5861630935447568 3.0433873634561537 4.1742689126930488 6.6732779891367953 5.7136837883042917 5.5797227059640084 6.0063410261826569 5.5234569284970156 4.3943729409690677
decision_type=2 2 2 2 2 2 2 2 2 2
left_child=1 3 -2 4 5 -1 -5 9 -9 -4
right_child=2 -3 7 6 -6 -7 -8 8 -10 -11
leaf_value=-4.9902705603258877e-06 -8.7047750171872655e-05 0.00010608713211175719 -2.8247158631054186e-06 7.0343763988656803e-05 -7.980369300639723e-05 4.7174442818598643e-05 -3.0562308529624717e-05 -0.00017967192572541536 -1.1402284485484415e-05 6.3889068249929035e-05
leaf_weight=271 6.9999999999999991 6.9999999999999991 88 17.000000000000004 7.9999999999999991 31 5.9999999999999991 4.9999999999999991 32 13.999999999999998
leaf_count=271 7 7 88 17 8 31 6 5 32 14
internal_value=0 3.60793e-06 -8.40202e-06 1.45371e-06 -1.70447e-06 3.64385e-07 4.40204e-05 -4.44144e-06 -3.41414e-05 6.33208e-06
internal_weight=0 340 146 333 310 302 23 139 37 102
internal_count=486 340 146 333 310 302 23 139 37 102
is_linear=0
shrinkage=0.1


Tree=573
num_leaves=11
num_cat=0
split_feature=97 8 12 59 79 87 1 74 59 15
split_gain=1.48084e-06 1.0634e-05 5.64445e-06 5.85675e-06 1.1223e-05 1.05659e-05 5.41141e-06 1.04165e-05 9.59548e-06 9.32089e-06
threshold=1.0397207708399181 4.0428973506407848 5.598394523403428 6.311733162251806 6.5147115934776361 0.8958797346140277 3.0433873634561537 1.4978661367769956 5.5872416446462791 4.9593358439305844
decision_type=2 2 2 2 2 2 2 2 2 2
left_child=1 2 3 5 -5 -1 7 8 -2 -9
right_child=6 -3 -4 4 -6 -7 -8 9 -10 -11
leaf_value=0.00010025446181316509 -0.00011549103481229386 0.00015240506152622402 -7.2598469786397702e-05 -0.0001480083750357153 6.5991163546050889e-06 -4.0497274312656373e-05 2.0617158618816227e-06 -3.8486783646476388e-05 3.678860548461671e-05 -0.0001662035210756585
leaf_weight=16.000000000000004 5.0000000000000027 4.9999999999999991 8.9999999999999982 4.9999999999999991 77 7.9999999999999991 309 20.000000000000004 24 7.9999999999999991
leaf_count=16 5 5 9 5 77 8 309 20 24 8
internal_value=0 9.64019e-06 3.43302e-06 9.88852e-06 -2.82817e-06 5.33372e-05 -3.16072e-06 -3.14718e-05 1.05335e-05 -7.49773e-05
internal_weight=0 120 115 106 82 24 366 57 29 28
internal_count=486 120 115 106 82 24 366 57 29 28
is_linear=0
shrinkage=0.1


Tree=574
num_leaves=11
num_cat=0
split_feature=38 14 9 99 68 90 46 64 72 60
split_gain=1.37525e-06 6.25453e-06 7.37164e-06 1.07823e-05 6.2096e-06 8.20209e-06 3.51019e-06 9.46664e-06 1.13539e-05 9.55045e-06
threshold=1.9356005054539456 3.9701138825728512 4.8597823571876004 3.5114340430413216 2.9430520157250784 3.7132745361986528 0.8958797346140277 1.2424533248940004 4.6346818562128229 3.2951505240983434
decision_type=2 2 2 2 2 2 2 2 2 2
left_child=1 2 3 -1 5 -4 7 8 9 -2
right_child=6 -3 4 -5 -6 -7 -8 -9 -10 -11
leaf_value=-5.7036859592092981e-06 3.4382953890599305e-05 -0.00011098898276031833 -9.8454255636681843e-05 0.0001584781515703071 4.8998249985743315e-05 8.4831177865943089e-06 -2.5620914409940303e-06 4.5599185197623365e-05 -0.00016145901870913805 -0.00010867384407902137
leaf_weight=12.000000000000002 21.000000000000004 5.9999999999999991 16.000000000000004 5.9999999999999991 7.9999999999999991 12.999999999999998 339 54 4.9999999999999991 5.9999999999999991
leaf_count=12 21 6 16 6 8 13 339 54 5 6
internal_value=0 -1.40412e-05 -3.46503e-06 4.90236e-05 -2.9e-05 -5.05168e-05 2.01532e-06 2.00588e-05 -2.30405e-05 2.59255e-06
internal_weight=0 61 55 18 37 29 425 86 32 27
internal_count=486 61 55 18 37 29 425 86 32 27
is_linear=0
shrinkage=0.1


Tree=575
num_leaves=10
num_cat=0
split_feature=89 94 90 31 1 14 55 58 15
split_gain=1.35714e-06 2.36583e-06 1.88396e-06 4.67517e-06 4.57347e-06 3.27358e-06 1.47124e-05 9.34042e-06 1.85678e-06
threshold=10.395425808672428 6.0111590312221681 4.5538214868689204 6.5102184792403932 4.7957563937576522 4.7790881836238563 4.007167868649713 4.4127799275304271 5.609465086342035
decision_type=2 2 2 2 2 2 2 2 2
left_child=1 2 5 4 -4 7 -7 -1 -3
right_child=-2 8 3 -5 -6 6 -8 -9 -10
leaf_value=2.2453582928688475e-06 -4.3713233857748236e-05 1.4730822294950488e-06 1.0969476594861288e-05 7.8614053199999043e-05 -4.1311499664557652e-05 0.0001477127541875234 6.7283312392472082e-06 -6.2944466602251248e-05 8.3984827506355933e-05
leaf_weight=261 6.9999999999999991 4.9999999999999982 27 4.9999999999999991 44 7.9999999999999991 99 24 6
leaf_count=261 7 5 27 5 44 8 99 24 6
internal_value=0 6.38816e-07 -4.38636e-07 -1.48482e-05 -2.143e-05 2.35505e-06 1.72692e-05 -3.24431e-06 4.64795e-05
internal_weight=0 479 468 76 71 392 107 285 11
internal_count=486 479 468 76 71 392 107 285 11
is_linear=0
shrinkage=0.1


Tree=576
num_leaves=11
num_cat=0
split_feature=0 49 60 47 70 89 31 41 49 81
split_gain=1.39508e-06 8.28213e-06 5.75258e-06 1.17991e-05 7.33361e-06 6.01379e-06 5.51978e-06 7.38128e-06 7.23242e-06 6.05032e-06
threshold=1.5890269151739729 4.8597823571876004 3.1984648276080736 3.0201273556387074 3.0433873634561537 6.8715430454985285 1.0397207708399181 1.0397207708399181 6.5985053163450944 1.8688348091416842
decision_type=2 2 2 2 2 2 2 2 2 2
left_child=2 -2 4 -4 -1 -6 -3 8 -8 -9
right_child=1 6 3 -5 5 -7 7 9 -10 -11
leaf_value=-1.7212868169735884e-05 0.00011899539410175447 -4.806383464959006e-05 -0.00015205557647277596 1.4854416723311361e-05 0.00011459178963883056 -1.4655880901652078e-05 0.00017327700159512464 -4.1879627763895164e-05 3.1896785367280238e-06 4.9794946259826038e-06
leaf_weight=48 5.9999999999999991 22 8.0000000000000018 8.9999999999999982 8.9999999999999982 5.9999999999999991 4.9999999999999982 30 5 338
leaf_count=48 6 22 8 9 9 6 5 30 5 338
internal_value=0 2.37828e-06 -1.20698e-05 -6.36915e-05 1.85989e-06 6.28927e-05 6.29023e-07 3.463e-06 8.82333e-05 1.15946e-06
internal_weight=0 406 80 17 63 15 400 378 10 368
internal_count=486 406 80 17 63 15 400 378 10 368
is_linear=0
shrinkage=0.1


Tree=577
num_leaves=10
num_cat=0
split_feature=42 32 52 62 72 43 60 43 32
split_gain=1.30845e-06 4.25509e-06 3.93203e-06 3.32213e-06 5.95567e-06 3.98653e-06 2.60994e-06 2.06579e-06 1.07939e-06
threshold=7.7034443856599912 7.7682220240091056 7.7034443856599912 7.6128232189448175 7.6128232189448175 5.9188360407794134 5.7397877426443378 6.1569700081995915 7.5682890805829928
decision_type=2 2 2 2 2 2 2 2 2
left_child=2 8 3 4 5 -1 -3 -4 -2
right_child=1 6 7 -5 -6 -7 -8 -9 -10
leaf_value=-1.7250481046463537e-06 -3.9954938838491192e-05 5.0422598906152427e-05 0.00010868139390368018 -6.0313329453896987e-05 9.2563867136569961e-05 6.952468229428633e-05 -3.3189023906743383e-05 1.7779417685233054e-05 -0.00010566319106146692
leaf_weight=427 5.0000000000000018 7.9999999999999982 4.9999999999999982 8.9999999999999982 6.9999999999999991 7.9999999999999991 7 5 5
leaf_count=427 5 8 5 9 7 8 7 5 5
internal_value=0 -2.22813e-05 1.20831e-06 -1.66898e-07 1.0578e-06 -4.14708e-07 1.14038e-05 6.32304e-05 -7.28091e-05
internal_weight=0 25 461 451 442 435 15 10 10
internal_count=486 25 461 451 442 435 15 10 10
is_linear=0
shrinkage=0.1


Tree=578
num_leaves=11
num_cat=0
split_feature=22 32 48 29 29 70 29 11 85 11
split_gain=1.30115e-06 9.17837e-06 7.73877e-06 5.2976e-06 8.09201e-06 4.85198e-06 4.4467e-06 3.88691e-06 2.80183e-06 2.40712e-06
threshold=6.9948462051989084 7.0166060642627874 4.8903208612686422 9.5416264170123846 9.4345713670985987 5.1238931127034038 9.5545650937019619 5.4889035743175976 4.6442059536981697 6.1506004953108766
decision_type=2 2 2 2 2 2 2 2 2 2
left_child=1 3 7 4 5 -1 -3 -2 -4 -10
right_child=2 6 8 -5 -6 -7 -8 -9 9 -11
leaf_value=-8.8930594102819948e-07 -3.1431132520083345e-05 0.00016375038539990787 5.5647979479545029e-05 9.3256315449252727e-05 -0.00010095541620103177 8.3162400239546381e-05 3.0383290795725766e-05 -0.00015612133080139754 -2.7827016759645985e-05 8.9100870441359891e-06
leaf_weight=364 4.9999999999999982 4.9999999999999982 7.9999999999999991 5.9999999999999991 7.9999999999999991 6.9999999999999991 5 5 31 42
leaf_count=364 5 5 8 6 8 7 5 5 31 42
internal_value=0 2.48353e-06 -1.07801e-05 2.68156e-08 -1.44911e-06 6.96575e-07 9.70668e-05 -9.37762e-05 -5.33704e-07 -6.6906e-06
internal_weight=0 395 91 385 379 371 10 10 81 73
internal_count=486 395 91 385 379 371 10 10 81 73
is_linear=0
shrinkage=0.1


Tree=579
num_leaves=11
num_cat=0
split_feature=27 96 83 102 96 58 10 15 16 95
split_gain=1.3414e-06 1.99184e-06 5.12088e-06 7.58685e-06 2.83392e-06 2.59126e-06 2.39499e-06 2.1861e-06 4.15006e-06 2.02421e-06
threshold=5.8622006057083782 4.4885732424042368 1.4978661367769959 2.602003343538398 4.465842055365858 3.2180751841847144 5.5529295377475458 7.1238964247157321 4.6150714996361826 6.8926163886598459
decision_type=2 2 2 2 2 2 2 2 2 2
left_child=1 4 5 6 7 -3 -4 8 -1 -7
right_child=-2 2 3 -5 -6 9 -8 -9 -10 -11
leaf_value=-2.3768532661432415e-06 -4.3458973855844568e-05 -8.9336517849005769e-05 3.6394342463435822e-05 0.00013247753293918712 -7.6481430442072449e-05 4.3823717423947537e-05 -2.3065384521032687e-05 -6.6479401011747543e-05 4.1326415473873652e-05 -4.6158679760992525e-05
leaf_weight=393 6.9999999999999991 4.9999999999999991 21.000000000000004 6.9999999999999991 4.9999999999999991 4.9999999999999982 9.9999999999999982 4.9999999999999991 23 5
leaf_count=393 7 5 21 7 5 5 10 5 23 5
internal_value=0 6.351e-07 1.89172e-05 3.84466e-05 -1.63944e-06 -3.05572e-05 1.72138e-05 -7.50577e-07 3.94332e-08 -1.16748e-06
internal_weight=0 479 53 38 426 15 31 421 416 10
internal_count=486 479 53 38 426 15 31 421 416 10
is_linear=0
shrinkage=0.1


Tree=580
num_leaves=11
num_cat=0
split_feature=94 94 69 40 89 18 93 60 50 38
split_gain=1.28365e-06 5.47341e-06 7.0006e-06 5.56511e-06 4.76509e-06 1.48592e-05 4.16377e-06 8.41106e-06 1.10031e-05 8.87857e-06
threshold=4.1107394736335969 4.4995626957636246 8.8013188456925118 3.4334666422309414 8.766063967111192 4.8903208612686422 2.9430520157250784 2.9174053685313028 2.740319461670996 3.7609296261008152
decision_type=2 2 2 2 2 2 2 2 2 2
left_child=4 2 3 -2 6 -6 -1 8 -8 -9
right_child=1 -3 -4 -5 5 -7 7 9 -10 -11
leaf_value=9.576776034036278e-06 -4.5681320584249494e-05 1.7112015856051442e-06 -0.00011614134312670406 4.1432319796347822e-05 0.00018074897525366396 -2.7431804301158991e-05 -1.5924687886581521e-06 7.0387895781702045e-05 -0.00012298551363138749 -4.2522322361876908e-05
leaf_weight=170 22 202 8.9999999999999982 10.999999999999998 5.9999999999999991 7.9999999999999991 16.000000000000004 15.000000000000002 13.999999999999998 12.999999999999998
leaf_count=170 22 202 9 11 6 8 16 15 14 13
internal_value=0 -5.11821e-06 -3.79644e-05 -1.66434e-05 5.16051e-06 6.17885e-05 1.68335e-06 -2.14526e-05 -5.82426e-05 1.79653e-05
internal_weight=0 244 42 33 242 14 228 58 30 28
internal_count=486 244 42 33 242 14 228 58 30 28
is_linear=0
shrinkage=0.1


Tree=581
num_leaves=11
num_cat=0
split_feature=10 20 41 90 37 57 53 17 20 90
split_gain=1.26677e-06 8.98545e-06 1.02248e-05 7.06093e-06 4.68781e-06 9.79639e-06 6.6307e-06 6.18295e-06 1.07702e-05 4.42127e-06
threshold=3.8499212036984933 3.8815106545092593 5.1119152036137292 2.191013317336941 3.7609296261008152 4.6346818562128229 3.7132745361986528 2.3502401828962087 1.9356005054539456 2.8314802400679731
decision_type=2 2 2 2 2 2 2 2 2 2
left_child=1 4 -3 -2 7 6 -6 9 -9 -1
right_child=3 2 -4 -5 5 -7 -8 8 -10 -11
leaf_value=9.1211152958120953e-06 -0.0001236529991729185 0.00014778155079208464 -7.5949386996398976e-06 -3.2137489572802305e-06 -6.6575605766653627e-06 3.2825239990911955e-05 -0.00013963070116005839 -6.1178223603002897e-05 4.6747711872614735e-05 -2.1927125371594337e-05
leaf_weight=97 4.9999999999999991 9.0000000000000018 7.9999999999999991 184 6.0000000000000062 10.999999999999998 9.9999999999999982 10.999999999999998 58 87
leaf_count=97 5 9 8 184 6 11 10 11 58 87
internal_value=0 4.07271e-06 7.46632e-05 -6.39997e-06 -2.13142e-07 -3.98213e-05 -8.97658e-05 4.01381e-06 2.95421e-05 -5.5593e-06
internal_weight=0 297 17 189 280 27 16 253 69 184
internal_count=486 297 17 189 280 27 16 253 69 184
is_linear=0
shrinkage=0.1


Tree=582
num_leaves=11
num_cat=0
split_feature=79 59 79 81 86 70 70 54 49 83
split_gain=1.32286e-06 7.97669e-06 6.98356e-06 7.74138e-06 1.06449e-05 5.06563e-06 4.96921e-06 4.85764e-06 4.85661e-06 4.35681e-06
threshold=8.4654531157571746 8.3776724232667217 8.1060606849160752 3.891612008168019 2.0126758453675748 3.7609296261008152 4.2903656061101136 3.0433873634561537 7.9851308890155055 3.3667009459186801
decision_type=2 2 2 2 2 2 2 2 2 2
left_child=2 8 9 5 -5 7 -6 -4 -2 -1
right_child=1 -3 3 4 6 -7 -8 -9 -10 -11
leaf_value=-1.9639401649501888e-06 1.1047496324560296e-05 7.5572384962865539e-07 -5.7611386291682643e-05 -4.4255755256017429e-06 -0.00017148635350167752 -8.6128195398487158e-05 -4.9389559571864083e-05 5.7214673831497617e-05 0.00013006478329771198 4.071043604872776e-05
leaf_weight=210 5.9999999999999991 184 5.0000000000000062 12.000000000000002 9.9999999999999982 4.9999999999999991 4.9999999999999991 13.999999999999998 7.9999999999999991 27
leaf_count=210 6 184 5 12 10 5 5 14 8 27
internal_value=0 6.2922e-06 -4.32589e-06 -3.78943e-05 -7.46266e-05 3.42948e-06 -0.000130787 2.69973e-05 7.90574e-05 2.8977e-06
internal_weight=0 198 288 51 27 24 15 19 14 237
internal_count=486 198 288 51 27 24 15 19 14 237
is_linear=0
shrinkage=0.1


Tree=583
num_leaves=11
num_cat=0
split_feature=70 49 19 75 89 11 5 75 91 71
split_gain=1.22276e-06 6.29152e-06 6.57741e-06 5.42474e-06 1.0554e-05 7.24535e-06 7.38043e-06 6.36149e-06 5.19899e-06 1.06476e-05
threshold=2.3502401828962087 5.9813631934492228 6.1070204075896761 3.7609296261008152 7.1514412406855525 3.2769667020129059 1.8688348091416842 4.3036997296511936 1.5890269151739729 3.891612008168019
decision_type=2 2 2 2 2 2 2 2 2 2
left_child=3 -2 -3 5 7 6 -1 -5 -7 -10
right_child=1 2 -4 4 -6 8 -8 -9 9 -11
leaf_value=1.9349499627878685e-05 0.00011405483121052385 -0.00010272548509722886 2.8190074682804382e-06 -0.0002066426374949514 -1.3881993618269917e-06 3.2984813548285855e-05 0.00015057836222695186 -5.3915932949166734e-05 -0.00010064358111776527 2.7162483010298189e-05
leaf_weight=30 4.9999999999999991 5.9999999999999991 371 5.0000000000000018 20 10.999999999999998 4.9999999999999991 6 16.000000000000004 10.999999999999998
leaf_count=30 5 6 371 5 20 11 5 6 16 11
internal_value=0 2.61721e-06 1.13925e-06 -9.6132e-06 -4.46604e-05 5.26986e-06 3.80965e-05 -0.000123337 -2.49652e-05 -4.85744e-05
internal_weight=0 382 377 104 31 73 35 11 38 27
internal_count=486 382 377 104 31 73 35 11 38 27
is_linear=0
shrinkage=0.1


Tree=584
num_leaves=11
num_cat=0
split_feature=86 67 80 94 79 58 83 14 94 63
split_gain=1.34452e-06 6.38665e-06 7.91312e-06 1.15388e-05 6.61424e-06 6.44158e-06 5.64648e-06 6.23657e-06 7.3248e-06 6.09958e-06
threshold=0.8958797346140277 0.8958797346140277 3.2951505240983434 4.5538214868689204 7.2406494373213945 2.3937458713910238 2.6735537653587347 1.4978661367769956 4.4995626957636246 2.9430520157250784
decision_type=2 2 2 2 2 2 2 2 2 2
left_child=6 2 3 4 -2 -3 9 -8 -9 -1
right_child=1 5 -4 -5 -6 -7 7 8 -10 -11
leaf_value=5.3099328957997907e-06 -0.00015678870258852831 6.7821515403920782e-05 4.0854601441727333e-05 7.2620527935214336e-05 -5.1794715545838699e-05 -1.5696695162511977e-06 -7.4979027637957822e-07 0.000195936345262453 3.7463668143443231e-05 -9.1187130809495498e-05
leaf_weight=102 10.000000000000005 13.999999999999998 8.9999999999999982 4.9999999999999991 14.999999999999998 301 11.000000000000002 4.9999999999999982 7 6.9999999999999991
leaf_count=102 10 14 9 5 15 301 11 5 7 7
internal_value=0 -3.21182e-06 -4.1385e-05 -6.60568e-05 -9.37923e-05 1.51438e-06 8.61351e-06 5.36382e-05 0.000103494 -8.87126e-07
internal_weight=0 354 39 30 25 315 132 23 12 109
internal_count=486 354 39 30 25 315 132 23 12 109
is_linear=0
shrinkage=0.1


Tree=585
num_leaves=11
num_cat=0
split_feature=94 94 24 18 98 43 60 8 15 25
split_gain=1.16539e-06 4.07961e-06 5.76852e-06 6.67335e-06 4.05978e-06 8.72216e-06 8.82949e-06 7.56006e-06 4.33756e-06 9.61186e-06
threshold=4.1107394736335969 4.4995626957636246 4.8597823571876004 4.1430087342023825 4.3943729409690677 2.6735537653587347 3.5549397315361362 4.3943729409690677 4.9344480538832558 5.1984817689835037
decision_type=2 2 2 2 2 2 2 2 2 2
left_child=4 2 3 -2 8 7 -7 -6 -1 -10
right_child=1 -3 -4 -5 5 6 -8 -9 9 -11
leaf_value=1.190169612677039e-05 -4.2350783703043893e-05 1.0193353496601552e-06 -0.00011610315622030093 5.755670232853542e-05 0.00018304587283637366 -9.3254128296393907e-05 6.0532780571520563e-05 3.0074712412897494e-05 -6.5252879306042046e-05 6.0915210983223699e-06
leaf_weight=128 26 202 6.9999999999999991 8.9999999999999982 6.0000000000000018 6.9999999999999991 7.9999999999999991 7 28 58
leaf_count=128 26 202 7 9 6 7 8 7 28 58
internal_value=0 -4.87675e-06 -3.32341e-05 -1.66603e-05 4.91705e-06 4.07243e-05 -1.12344e-05 0.000100677 2.31985e-07 -1.71369e-05
internal_weight=0 244 42 35 242 28 15 13 214 86
internal_count=486 244 42 35 242 28 15 13 214 86
is_linear=0
shrinkage=0.1


Tree=586
num_leaves=11
num_cat=0
split_feature=97 32 22 28 34 71 68 55 4 32
split_gain=1.11578e-06 8.21058e-06 6.32228e-06 5.31302e-06 8.83784e-06 6.47477e-06 3.46581e-06 1.00227e-05 9.2612e-06 7.64009e-06
threshold=1.0397207708399181 6.2045393967584817 5.8021138116885078 2.9430520157250784 1.7005986908310777 1.0397207708399181 1.9356005054539456 4.7957563937576522 2.7058230259275202 4.234001473612734
decision_type=2 2 2 2 2 2 2 2 2 2
left_child=1 2 3 5 -5 -1 7 8 -2 -8
right_child=6 -3 -4 4 -6 -7 9 -9 -10 -11
leaf_value=3.7961316302244092e-05 -5.452738192010048e-05 0.00013381500728428363 -0.0001070625861757435 9.7286139680363714e-05 2.1637692173369162e-06 -2.997245914268709e-05 6.1757258127296446e-05 -0.00015091112630519394 7.3786100741320615e-05 -3.5275898104281671e-06
leaf_weight=20 15.000000000000005 4.9999999999999991 4.9999999999999991 14.999999999999998 28 47 19 5.9999999999999991 8.9999999999999982 317
leaf_count=20 15 5 5 15 28 47 19 6 9 317
internal_value=0 8.368e-06 2.91379e-06 7.91271e-06 3.5346e-05 -9.69372e-06 -2.74361e-06 -3.53101e-05 -6.40983e-06 1.64113e-07
internal_weight=0 120 115 110 43 67 366 30 24 336
internal_count=486 120 115 110 43 67 366 30 24 336
is_linear=0
shrinkage=0.1


Tree=587
num_leaves=11
num_cat=0
split_feature=73 76 65 59 53 80 3 3 70 74
split_gain=1.14556e-06 1.21265e-05 6.03299e-06 5.71207e-06 9.49418e-06 7.77138e-06 6.26668e-06 9.81893e-06 3.67225e-06 2.98795e-06
threshold=3.7726948748059121 3.6632328069201612 3.0868930519509687 9.1791353646350995 5.0172579074712669 4.465842055365858 5.4160905255636633 5.5528393853898175 4.9342409716686575 5.2626767655455557
decision_type=2 2 2 2 2 2 2 2 2 2
left_child=1 9 -2 4 5 -4 8 -8 -5 -1
right_child=2 -3 3 6 -6 -7 7 -9 -10 -11
leaf_value=-2.4192013862714921e-06 -8.4942938883614261e-05 -0.00013390863151861205 3.1779531824819672e-05 -2.4639861617793534e-05 0.00016479790559969845 -9.7981773433275524e-05 9.2243840360121487e-05 -5.3650775691793363e-06 -0.00010999919696977095 5.9549762659116824e-05
leaf_weight=284 6.9999999999999991 6.9999999999999991 60 18.000000000000004 4.9999999999999991 4.9999999999999991 11.999999999999998 73 6.9999999999999991 7.9999999999999991
leaf_count=284 7 7 60 18 5 5 12 73 7 8
internal_value=0 -3.83952e-06 6.13912e-06 9.6812e-06 3.20122e-05 2.17979e-05 -4.52942e-06 8.415e-06 -4.85405e-05 -7.21422e-07
internal_weight=0 299 187 180 70 65 110 85 25 292
internal_count=486 299 187 180 70 65 110 85 25 292
is_linear=0
shrinkage=0.1


Tree=588
num_leaves=7
num_cat=0
split_feature=48 58 45 3 4 2
split_gain=1.15829e-06 2.70943e-06 1.97585e-06 2.18378e-06 3.12767e-06 1.83106e-06
threshold=6.1862001562848912 6.1416464561618449 7.29940641775526 6.7129377454940036 6.462969825394751 6.9362855946229436
decision_type=2 2 2 2 2 2
left_child=1 2 3 4 -1 -5
right_child=-2 -3 -4 5 -6 -7
leaf_value=8.1252933585444063e-07 -3.7736300873802976e-05 7.3858511168509725e-05 -6.2671974010299902e-05 8.9545311639085425e-05 -5.3162515740206635e-05 3.9636522160435554e-06
leaf_weight=447 7.9999999999999991 4.9999999999999991 4.9999999999999991 4.9999999999999982 10.999999999999998 5
leaf_count=447 8 5 5 5 11 5
internal_value=0 6.3157e-07 -1.42499e-07 5.25551e-07 -4.83815e-07 4.67545e-05
internal_weight=0 478 473 468 458 10
internal_count=486 478 473 468 458 10
is_linear=0
shrinkage=0.1


Tree=589
num_leaves=11
num_cat=0
split_feature=41 53 11 41 91 94 40 32 36 20
split_gain=1.13523e-06 6.0742e-06 5.31172e-06 7.34357e-06 4.30094e-06 6.9962e-06 6.27213e-06 6.02262e-06 6.05571e-06 4.08941e-06
threshold=3.4811217321331038 4.3437210834879627 3.1132683346437333 3.9607678160667752 4.1742689126930488 4.5950688323293329 2.9174053685313028 4.234001473612734 2.5619819897016298 2.3502401828962087
decision_type=2 2 2 2 2 2 2 2 2 2
left_child=1 4 3 -2 5 6 -1 9 -9 -6
right_child=2 -3 -4 -5 7 -7 -8 8 -10 -11
leaf_value=-2.0273707097509702e-05 0.0001270426309019967 -9.7353059598909956e-05 -1.8354190302179975e-07 1.0856517840305541e-05 0.00015464568044990304 -0.00012778834672644735 2.9042107177831765e-05 -1.6662179452044171e-05 7.6515151320361645e-05 3.2193708345099971e-05
leaf_weight=98 8.0000000000000018 6.9999999999999991 265 17 4.9999999999999982 4.9999999999999991 35 31 8.9999999999999982 6
leaf_count=98 8 7 265 17 5 5 35 31 9 6
internal_value=0 -5.87889e-06 3.97332e-06 4.80361e-05 -2.49096e-06 -1.16615e-05 -7.29586e-06 2.23235e-05 4.30272e-06 8.78537e-05
internal_weight=0 196 290 25 189 138 133 51 40 11
internal_count=486 196 290 25 189 138 133 51 40 11
is_linear=0
shrinkage=0.1


Tree=590
num_leaves=11
num_cat=0
split_feature=84 74 7 30 41 11 90 25 87 78
split_gain=1.11858e-06 6.33097e-06 9.16165e-06 6.83283e-06 4.80411e-06 4.34471e-06 1.00693e-05 6.31029e-06 3.95622e-06 9.18039e-06
threshold=1.4978661367769956 1.7005986908310777 1.5890269151739729 3.0433873634561537 3.4334666422309414 1.0397207708399181 3.7132745361986528 4.6913057964583187 2.1383330595080281 2.7058230259275202
decision_type=2 2 2 2 2 2 2 2 2 2
left_child=1 2 4 -3 -1 6 -4 -7 -2 -10
right_child=8 3 5 -5 -6 7 -8 -9 9 -11
leaf_value=3.5839072976765839e-05 2.1096080833080778e-05 -0.00011191977537237104 -0.00013321477163117382 -8.1561775368754761e-06 0.00015250798722263426 3.7851510275616494e-05 4.768631551996804e-05 -2.5749249014039288e-05 -0.00012549361951338749 -4.3100015045848967e-07
leaf_weight=12.000000000000002 89 11.000000000000002 7.9999999999999982 14.999999999999998 4.9999999999999991 26 5 39 5.9999999999999991 270
leaf_count=12 89 11 8 15 5 26 5 39 6 270
internal_value=0 -8.33239e-06 3.63411e-06 -5.20562e-05 7.01535e-05 -1.08637e-05 -6.36374e-05 -3.08945e-07 2.76225e-06 -3.14975e-06
internal_weight=0 121 95 26 17 78 13 65 365 276
internal_count=486 121 95 26 17 78 13 65 365 276
is_linear=0
shrinkage=0.1


Tree=591
num_leaves=10
num_cat=0
split_feature=13 48 94 10 63 88 63 66 86
split_gain=1.06343e-06 3.39679e-06 3.12197e-06 2.05799e-06 1.55739e-06 8.84172e-06 9.87249e-06 8.50369e-06 4.31747e-06
threshold=6.2971076241477952 6.0473693846339858 5.4847883247493394 5.9583946458557104 3.1984648276080736 2.3937458713910238 3.7726948748059121 3.3667009459186801 2.1383330595080281
decision_type=2 2 2 2 2 2 2 2 2
left_child=1 4 3 -2 7 -6 -7 8 -1
right_child=2 -3 -4 -5 5 6 -8 -9 -10
leaf_value=5.8305264346723734e-06 -5.1412245957180866e-05 -6.1679627050479103e-05 9.0730450465343894e-05 3.9317903865594414e-05 -0.0001128625584897236 5.7792154156130791e-05 2.4625904126059504e-08 -0.00011359272154680053 -2.4661165861611917e-05
leaf_weight=185 4.9999999999999982 8.9999999999999982 4.9999999999999991 5 5.9999999999999991 36 166 6.9999999999999991 62
leaf_count=185 5 9 5 5 6 36 166 7 62
internal_value=0 -8.34778e-07 2.6212e-05 -6.04717e-06 3.50511e-07 6.76649e-06 1.03198e-05 -4.90352e-06 -1.82326e-06
internal_weight=0 471 15 10 462 208 202 254 247
internal_count=486 471 15 10 462 208 202 254 247
is_linear=0
shrinkage=0.1


Tree=592
num_leaves=11
num_cat=0
split_feature=73 76 65 59 53 37 72 3 86 83
split_gain=1.01355e-06 9.71072e-06 4.958e-06 4.78932e-06 7.89674e-06 6.74187e-06 5.40848e-06 3.57506e-06 2.74699e-06 6.37652e-06
threshold=3.7726948748059121 3.6632328069201612 3.0868930519509687 9.1791353646350995 5.0172579074712669 4.1430087342023825 6.6346255874044475 5.4160905255636633 2.0126758453675748 2.6735537653587347
decision_type=2 2 2 2 2 2 2 2 2 2
left_child=1 8 -2 4 5 -4 -5 -8 9 -1
right_child=2 -3 3 6 -6 -7 7 -9 -10 -11
leaf_value=-1.9261856893232713e-06 -7.6794963050425794e-05 -0.00012000607088599022 3.4653632920472537e-05 -8.9083861426583359e-05 0.00015053415336296894 -5.1238550275394857e-05 -3.3994306762575764e-05 1.1463316278520555e-05 -1.3297281125853096e-05 4.7244573642046818e-05
leaf_weight=150 6.9999999999999991 6.9999999999999991 54 6.9999999999999991 4.9999999999999991 10.999999999999998 22 81 110 32
leaf_count=150 7 7 54 7 5 11 22 81 110 32
internal_value=0 -3.61152e-06 5.77457e-06 8.98561e-06 2.94335e-05 2.0118e-05 -4.02667e-06 1.75392e-06 -8.21241e-07 6.71922e-06
internal_weight=0 299 187 180 70 65 110 103 292 182
internal_count=486 299 187 180 70 65 110 103 292 182
is_linear=0
shrinkage=0.1


Tree=593
num_leaves=11
num_cat=0
split_feature=36 78 26 20 54 54 51 32 60 42
split_gain=1.03792e-06 5.711e-06 3.69243e-06 4.64322e-06 2.34718e-06 4.12617e-06 2.54981e-06 2.34362e-06 3.83421e-06 3.69197e-06
threshold=4.6959141240107813 4.7621374077860157 4.6959141240107813 4.9342409716686575 5.9814014572911871 5.7960531314223358 6.2085880018747917 7.7034443856599912 5.7397877426443378 7.6128232189448175
decision_type=2 2 2 2 2 2 2 2 2 2
left_child=2 -2 4 -4 5 6 -1 9 -9 -3
right_child=1 7 3 -5 -6 -7 -8 8 -10 -11
leaf_value=-1.2670636460332507e-06 -0.00010526957291100797 5.0443312488823711e-06 0.00012987405061721806 -6.0638764504498486e-07 -5.3631433911505158e-05 9.1348336572991693e-05 4.9846625624923033e-05 6.7242805962450781e-05 -2.9254124716057311e-05 -8.2028792322879393e-05
leaf_weight=406 5.9999999999999991 16.000000000000004 4.9999999999999982 6 7.9999999999999991 4.9999999999999991 9.9999999999999982 10.000000000000002 6.9999999999999991 6.9999999999999991
leaf_count=406 6 16 5 6 8 5 10 10 7 7
internal_value=0 -1.42926e-05 1.49423e-06 5.87029e-05 2.73395e-08 1.04698e-06 -3.83692e-08 -6.46076e-07 2.75088e-05 -2.14562e-05
internal_weight=0 46 440 11 429 421 416 40 17 23
internal_count=486 46 440 11 429 421 416 40 17 23
is_linear=0
shrinkage=0.1


Tree=594
num_leaves=11
num_cat=0
split_feature=75 72 85 30 24 70 7 82 79 97
split_gain=9.87489e-07 7.69712e-06 4.40934e-06 5.15727e-06 4.23998e-06 4.10607e-06 4.37606e-06 3.18068e-06 5.01098e-06 6.23414e-06
threshold=2.649158683274019 1.0397207708399181 1.2424533248940004 2.191013317336941 4.9344480538832558 3.1345481418531311 3.6632328069201612 3.2180751841847144 6.102556092217525 1.5890269151739729
decision_type=2 2 2 2 2 2 2 2 2 2
left_child=2 -2 4 -4 5 6 -1 -3 9 -9
right_child=1 7 3 -5 -6 -7 -8 8 -10 -11
leaf_value=2.1902863913680903e-06 -9.9454622250050314e-05 3.4892816878103379e-05 0.00011325639643473546 7.7338026048065245e-06 -9.0365564101375643e-05 5.3859954615680707e-05 -8.7124805334800245e-05 -0.0001512554429427837 -3.7526108003107397e-07 -8.9144334197044383e-06
leaf_weight=64 7.9999999999999991 24 8.0000000000000018 10.999999999999998 4.9999999999999991 13.999999999999998 5.9999999999999991 4.9999999999999991 333 7.9999999999999991
leaf_count=64 8 24 8 11 5 14 6 5 333 8
internal_value=0 -2.40943e-06 8.433e-06 5.21644e-05 -9.0291e-07 4.42225e-06 -5.46529e-06 -3.11154e-07 -2.75305e-06 -6.3661e-05
internal_weight=0 378 108 19 89 84 70 370 346 13
internal_count=486 378 108 19 89 84 70 370 346 13
is_linear=0
shrinkage=0.1


Tree=595
num_leaves=11
num_cat=0
split_feature=0 49 11 14 34 60 9 96 76 31
split_gain=1.07133e-06 5.12448e-06 3.89882e-06 1.05944e-05 1.05104e-05 8.72532e-06 7.36924e-06 5.64843e-06 3.97842e-06 3.04333e-06
threshold=1.5890269151739729 4.8597823571876004 4.1742689126930488 3.9701138825728512 3.9316333620047872 3.2951505240983434 6.7331722472720719 2.3937458713910238 3.0433873634561537 1.0397207708399181
decision_type=2 2 2 2 2 2 2 2 2 2
left_child=2 -2 4 -4 5 7 -6 -1 -8 -3
right_child=1 9 3 -5 6 -7 8 -9 -10 -11
leaf_value=7.0716067115896419e-07 9.3815135672533276e-05 -3.5447713005189803e-05 2.2884084033388981e-05 -0.00015820222373198094 0.00014608351508892754 -0.0001561772485729307 -1.3003725577548787e-05 -0.00011383075790945442 8.0504513295766501e-05 2.8124798353731485e-06
leaf_weight=31 5.9999999999999991 22 6.9999999999999982 6 6.0000000000000027 4.9999999999999991 13.000000000000002 4.9999999999999991 6.9999999999999991 378
leaf_count=31 6 22 7 6 6 5 13 5 7 378
internal_value=0 2.08413e-06 -1.0577e-05 -6.06942e-05 -8.52743e-07 -3.23931e-05 4.8884e-05 -1.52009e-05 1.97242e-05 7.08169e-07
internal_weight=0 406 80 13 67 41 26 36 20 400
internal_count=486 406 80 13 67 41 26 36 20 400
is_linear=0
shrinkage=0.1


Tree=596
num_leaves=11
num_cat=0
split_feature=86 49 54 3 4 50 6 35 59 59
split_gain=9.64795e-07 4.67777e-06 7.66418e-06 3.772e-06 4.44112e-06 5.82266e-06 6.01809e-06 3.88566e-06 3.72807e-06 3.24391e-06
threshold=0.8958797346140277 6.459903229849254 1.7005986908310777 4.8713658868283671 3.7726948748059121 3.4960482137079443 3.1345481418531311 5.003923783930186 6.380116791391317 6.7730149157208501
decision_type=2 2 2 2 2 2 2 2 2 2
left_child=3 2 8 4 5 6 -1 -6 -2 -3
right_child=1 9 -4 -5 7 -7 -8 -9 -10 -11
leaf_value=1.6858632384623088e-05 3.2677210310794163e-05 4.1384467724330738e-05 -0.0001569173822645098 -7.0169011451071128e-05 8.0856837351651233e-05 -9.36912755908755e-05 -6.1748000007355586e-05 -2.2566227319960791e-06 -6.725220778857225e-05 -2.2598820501073107e-06
leaf_weight=85 8.0000000000000018 18 4.9999999999999991 5.9999999999999991 15.000000000000002 5.9999999999999991 10.999999999999998 8.9999999999999982 6.9999999999999991 316
leaf_count=85 8 18 5 6 15 6 11 9 7 316
internal_value=0 -2.72073e-06 -4.96967e-05 7.29649e-06 1.09853e-05 1.87851e-06 7.85162e-06 4.96893e-05 -1.39565e-05 9.22087e-08
internal_weight=0 354 20 132 126 102 96 24 15 334
internal_count=486 354 20 132 126 102 96 24 15 334
is_linear=0
shrinkage=0.1


Tree=597
num_leaves=11
num_cat=0
split_feature=70 49 19 40 21 84 21 10 10 54
split_gain=9.48037e-07 4.21191e-06 4.3917e-06 3.49956e-06 3.25237e-06 4.03183e-06 3.90674e-06 7.00478e-06 5.6671e-06 3.08661e-06
threshold=2.3502401828962087 5.9813631934492228 6.1070204075896761 3.5549397315361362 1.0397207708399181 3.6505739029280164 3.1132683346437333 2.191013317336941 2.8617925509761908 2.9174053685313028
decision_type=2 2 2 2 2 2 2 2 2 2
left_child=3 -2 -3 4 5 9 8 -8 -6 -1
right_child=1 2 -4 -5 6 -7 7 -9 -10 -11
leaf_value=1.0299490268153017e-05 9.3483228702098139e-05 -8.377527459136522e-05 2.4678169555687599e-06 5.5080202218960043e-05 -8.4081928760401496e-05 6.5385629386582875e-05 6.1089221079865566e-05 -3.2200147682791191e-05 2.739835690590553e-05 -8.0425079504493622e-05
leaf_weight=15.000000000000005 4.9999999999999991 5.9999999999999991 371 7.9999999999999991 19.000000000000004 9.9999999999999982 10.999999999999998 30 5.9999999999999991 4.9999999999999991
leaf_count=15 5 6 371 8 19 10 11 30 6 5
internal_value=0 2.30451e-06 1.09525e-06 -8.46466e-06 -1.37601e-05 1.35408e-05 -2.61695e-05 -7.17129e-06 -5.73267e-05 -1.23817e-05
internal_weight=0 382 377 104 96 30 66 41 25 20
internal_count=486 382 377 104 96 30 66 41 25 20
is_linear=0
shrinkage=0.1


Tree=598
num_leaves=11
num_cat=0
split_feature=22 22 32 30 48 21 2 27 47 61
split_gain=9.61732e-07 6.7036e-06 6.72477e-06 6.16666e-06 5.38876e-06 4.43998e-06 4.08608e-06 3.4195e-06 8.53209e-06 2.71533e-06
threshold=6.9948462051989084 6.7333763809824854 6.8123444890560956 4.5538214868689204 4.8903208612686422 5.4160905255636633 5.3890613045707267 4.6346818562128229 4.8080360556008896 4.7957563937576522
decision_type=2 2 2 2 2 2 2 2 2 2
left_child=1 2 7 5 9 -3 -5 8 -1 -2
right_child=4 3 -4 6 -6 -7 -8 -9 -10 -11
leaf_value=5.9564389329024435e-07 -2.6416617038194098e-05 4.5103873660135669e-05 -0.00010702960280468688 -5.713459649996368e-05 -7.1771702197212208e-07 0.00013973249588161707 5.8103274932363994e-05 6.893076933920384e-05 -0.00011094416092549052 -0.00013063421007245777
leaf_weight=338 4.9999999999999982 17.000000000000004 5.9999999999999991 7.9999999999999982 81 6.9999999999999991 5 6.9999999999999991 6.9999999999999991 5
leaf_count=338 5 17 6 8 81 7 5 7 7 5
internal_value=0 2.13516e-06 -2.05292e-06 4.26576e-05 -9.26801e-06 7.27039e-05 -1.28123e-05 -2.6354e-07 -1.66748e-06 -7.85254e-05
internal_weight=0 395 358 37 91 24 13 352 345 10
internal_count=486 395 358 37 91 24 13 352 345 10
is_linear=0
shrinkage=0.1


Tree=599
num_leaves=11
num_cat=0
split_feature=11 95 14 63 92 47 14 37 42 33
split_gain=9.1957e-07 7.29742e-06 7.6785e-06 5.29779e-06 7.57511e-06 5.43721e-06 4.7411e-06 4.82718e-06 4.67481e-06 4.29633e-06
threshold=4.8282817362782584 3.0868930519509687 4.1891953942678901 5.0172579074712669 5.7004379805808041 4.6346818562128229 4.9344480538832558 4.1742689126930488 6.4536237588886749 4.8201514758423682
decision_type=2 2 2 2 2 2 2 2 2 2
left_child=3 -2 -3 5 -5 9 7 -4 -6 -1
right_child=1 2 6 4 8 -7 -8 -9 -10 -11
leaf_value=2.9595566436555082e-06 -0.00010615659328842803 0.00010055753414885008 8.3384018353171965e-06 -1.8267320250231475e-05 2.8963537685437285e-05 -0.00010400007769931109 7.8970385303142676e-07 -9.1944299128954299e-05 0.00014573197258869187 -7.6301251413367162e-05
leaf_weight=297 6.9999999999999991 6.9999999999999991 8.0000000000000018 10.000000000000002 5.9999999999999991 4.9999999999999991 119 11.999999999999998 7.9999999999999991 6.9999999999999991
leaf_count=297 7 7 8 10 6 5 119 12 8 7
internal_value=0 -6.41727e-06 -1.63525e-06 2.94848e-06 4.82068e-05 -5.66734e-07 -6.78165e-06 -5.18312e-05 9.56884e-05 1.13447e-06
internal_weight=0 153 146 333 24 309 139 20 14 304
internal_count=486 153 146 333 24 309 139 20 14 304
is_linear=0
shrinkage=0.1


Tree=600
num_leaves=10
num_cat=0
split_feature=68 68 63 36 45 26 20 54 19
split_gain=9.1555e-07 2.58683e-06 4.3591e-06 1.68743e-06 5.87693e-06 2.99308e-06 3.75568e-06 1.98988e-06 1.83757e-06
threshold=6.1974365842109203 5.9532129741149253 5.9532129741149253 4.6959141240107813 6.4630282400218402 4.6959141240107813 4.9342409716686575 5.9814014572911871 10.446997281227461
decision_type=2 2 2 2 2 2 2 2 2
left_child=1 3 -3 5 -5 7 -7 -1 -6
right_child=-2 2 -4 4 8 6 -8 -9 -10
leaf_value=5.0989529667024866e-07 -3.5903892005860274e-05 0.00010663975166001669 -1.3902061740130495e-05 -0.0001226415950804948 1.0727618495078977e-05 0.00011640593816991897 -9.4327454765637709e-07 -4.9837341612146703e-05 -5.7406642008572822e-05
leaf_weight=419 6.9999999999999991 5.9999999999999982 6 5.0000000000000027 19.000000000000004 4.9999999999999982 6 7.9999999999999991 4.9999999999999991
leaf_count=419 7 6 6 5 19 5 6 8 5
internal_value=0 5.24691e-07 4.63688e-05 -6.53317e-07 -2.40144e-05 8.93419e-07 5.23973e-05 -4.33378e-07 -3.46702e-06
internal_weight=0 479 12 467 29 438 11 427 24
internal_count=486 479 12 467 29 438 11 427 24
is_linear=0
shrinkage=0.1


Tree=601
num_leaves=11
num_cat=0
split_feature=40 10 40 96 96 87 6 93 11 7
split_gain=8.64166e-07 4.66713e-06 4.28889e-06 8.88968e-06 4.43496e-06 3.6808e-06 4.506e-06 6.26885e-06 5.20617e-06 8.17285e-06
threshold=2.602003343538398 1.0397207708399181 2.740319461670996 2.8029010331479989 0.89587973461402759 1.4978661367769956 2.9174053685313028 3.4960482137079443 2.3502401828962087 1.0397207708399181
decision_type=2 2 2 2 2 2 2 2 2 2
left_child=5 -2 3 4 -3 6 8 -8 9 -1
right_child=1 2 -4 -5 -6 -7 7 -9 -10 -11
leaf_value=-3.9992467160724715e-06 6.6554659695777281e-05 5.3990114732490208e-05 -2.0390548149962906e-06 0.00014734593860339374 -7.3530503141228099e-05 -3.2121412159540343e-05 -8.5933319364399203e-05 3.5122301986640582e-05 -5.4461217046451022e-06 0.00011271156751414917
leaf_weight=12.000000000000002 10.999999999999998 6.0000000000000018 339 5.9999999999999991 5 40 11.000000000000002 6.9999999999999991 37 11.999999999999998
leaf_count=12 11 6 339 6 5 40 11 7 37 12
internal_value=0 2.40116e-06 4.18888e-07 4.94332e-05 -3.9738e-06 -7.40526e-06 5.10925e-06 -3.88561e-05 1.80826e-05 5.43562e-05
internal_weight=0 367 356 17 11 119 79 18 61 24
internal_count=486 367 356 17 11 119 79 18 61 24
is_linear=0
shrinkage=0.1


Tree=602
num_leaves=11
num_cat=0
split_feature=61 78 88 83 34 89 78 34 75 69
split_gain=9.30201e-07 4.69777e-06 4.50883e-06 4.31249e-06 4.96517e-06 4.88353e-06 1.2865e-05 4.25776e-06 3.58235e-06 3.44689e-06
threshold=3.7609296261008152 1.5890269151739729 4.2555875595453383 2.6735537653587347 4.0428973506407848 5.5872416446462791 1.9356005054539456 3.5694334999727624 4.912546742554059 6.5792357796731817
decision_type=2 2 2 2 2 2 2 2 2 2
left_child=2 -2 3 5 7 6 -1 -5 -7 -3
right_child=1 9 -4 4 -6 8 -8 -9 -10 -11
leaf_value=-0.00019663484301418065 7.9363598342752087e-05 -5.9240868399178401e-05 -7.4221435352228585e-05 2.0120658654395456e-05 0.0001063828817374694 4.9728961560611688e-06 -3.1784286627291958e-06 -6.8936224852222947e-05 -3.3817371011934938e-05 3.7235621118014707e-06
leaf_weight=4.9999999999999991 7.9999999999999991 8.9999999999999982 8.9999999999999982 51 5.9999999999999991 93 10.999999999999998 5.9999999999999991 32 256
leaf_count=5 8 9 9 51 6 93 11 6 32 256
internal_value=0 3.86437e-06 -4.95292e-06 -1.89696e-06 1.98545e-05 -1.16157e-05 -6.36336e-05 1.07462e-05 -4.95741e-06 1.58515e-06
internal_weight=0 273 213 204 63 141 16 57 125 265
internal_count=486 273 213 204 63 141 16 57 125 265
is_linear=0
shrinkage=0.1


Tree=603
num_leaves=11
num_cat=0
split_feature=86 49 54 83 83 14 94 61 63 74
split_gain=7.98854e-07 3.44482e-06 5.58367e-06 3.02298e-06 4.28605e-06 3.58839e-06 4.00748e-06 3.18152e-06 4.80702e-06 4.44958e-06
threshold=0.8958797346140277 6.459903229849254 1.7005986908310777 2.6735537653587347 2.524928003624769 1.4978661367769956 4.4995626957636246 3.9607678160667752 2.740319461670996 3.5694334999727624
decision_type=2 2 2 2 2 2 2 2 2 2
left_child=3 2 -2 4 7 -5 -7 8 -1 -9
right_child=1 -3 -4 5 -6 6 -8 9 -10 -11
leaf_value=2.3147179518132732e-06 -1.2282328486132123e-05 -6.1792416036150614e-08 -0.00013430601335130631 -1.6716500712473957e-06 -7.0770212505522065e-05 0.00014577792026102546 2.8560514225059053e-05 0.00011234116959712987 -9.899492288241164e-05 1.1361168151324819e-05
leaf_weight=74 15.000000000000002 334 4.9999999999999991 11.000000000000002 7.9999999999999991 4.9999999999999982 7 6.0000000000000027 4.9999999999999991 15.999999999999998
leaf_count=74 15 334 5 11 8 5 7 6 5 16
internal_value=0 -2.47572e-06 -4.27882e-05 6.63942e-06 -3.12124e-07 3.95837e-05 7.74011e-05 5.26872e-06 -4.09728e-06 3.89012e-05
internal_weight=0 354 20 132 109 23 12 101 79 22
internal_count=486 354 20 132 109 23 12 101 79 22
is_linear=0
shrinkage=0.1


Tree=604
num_leaves=11
num_cat=0
split_feature=44 3 63 63 9 48 44 97 89 38
split_gain=8.18671e-07 4.00885e-06 4.43228e-06 7.49348e-06 5.94098e-06 4.75765e-06 3.46584e-06 7.25696e-06 9.89188e-06 3.89309e-06
threshold=0.89587973461402759 3.4498615536424366 2.3502401828962087 2.0126758453675748 6.2970669235549011 1.0397207708399181 1.7005986908310777 1.9356005054539456 6.3420656231066301 2.191013317336941
decision_type=2 2 2 2 2 2 2 2 2 2
left_child=1 2 3 5 -4 -1 7 8 -2 -9
right_child=6 -3 4 -5 -6 -7 -8 9 -10 -11
leaf_value=-7.5622565964295071e-05 1.9091433205176146e-05 5.2341545490301488e-05 0.00012970810392289413 -0.00013539097388274969 8.4192153562547731e-06 9.8548972760324568e-06 9.5074647889406265e-07 6.4570275675837992e-05 -0.00016020885886973703 -2.5745554739842192e-05
leaf_weight=7.9999999999999991 4.9999999999999991 17 5.0000000000000027 4.9999999999999991 21 35 360 7.0000000000000027 7.9999999999999991 14.999999999999998
leaf_count=8 5 17 5 5 21 35 360 7 8 15
internal_value=0 8.55095e-06 -1.50905e-06 -1.95211e-05 3.1744e-05 -6.04789e-06 -1.96997e-06 -3.20116e-05 -9.12472e-05 2.9913e-06
internal_weight=0 91 74 48 26 43 395 35 13 22
internal_count=486 91 74 48 26 43 395 35 13 22
is_linear=0
shrinkage=0.1


Tree=605
num_leaves=8
num_cat=0
split_feature=10 68 68 63 50 60 95
split_gain=7.69319e-07 1.33169e-06 2.10393e-06 3.53087e-06 1.6268e-06 6.72629e-06 4.15961e-06
threshold=6.1398473927003954 6.1974365842109203 5.9532129741149253 5.9532129741149253 4.8903208612686422 4.8903208612686422 4.7405652883788738
decision_type=2 2 2 2 2 2 2
left_child=1 2 4 -4 5 -1 -6
right_child=-2 -3 3 -5 6 -7 -8
leaf_value=-7.6274610904578339e-07 3.9023175195325168e-05 -5.1744577940553431e-05 9.5718427716443962e-05 -1.2769202415559749e-05 -0.00010499691590666772 9.1819746194232729e-05 -8.2543266762513669e-06
leaf_weight=411 4.9999999999999991 4.9999999999999991 5.9999999999999982 6 4.9999999999999991 7.9999999999999991 40
leaf_count=411 5 5 6 6 5 8 40
internal_value=0 -4.05646e-07 1.33628e-07 4.14746e-05 -9.35535e-07 1.00494e-06 -1.90035e-05
internal_weight=0 481 476 12 464 419 45
internal_count=486 481 476 12 464 419 45
is_linear=0
shrinkage=0.1


Tree=606
num_leaves=11
num_cat=0
split_feature=97 97 8 95 97 90 96 96 13 68
split_gain=7.3837e-07 8.34097e-06 2.66954e-06 4.87014e-06 2.52004e-06 2.29377e-06 1.78976e-06 4.01694e-06 2.24371e-06 1.67997e-06
threshold=4.2625806805327082 4.3693677306817369 4.976709960642169 5.1532748880139918 4.1430087342023825 4.1742689126930488 4.8597823571876004 4.5746578350692051 4.744894319750431 2.9430520157250784
decision_type=2 2 2 2 2 2 2 2 2 2
left_child=4 -2 -3 -4 6 -6 7 8 -1 -5
right_child=1 2 3 9 5 -7 -8 -9 -10 -11
leaf_value=-2.2375052479561984e-06 -9.9341619999096222e-05 -5.5288966905209236e-05 7.9681869101477795e-05 -5.2665253436619731e-05 9.7280214540660387e-05 1.5593055286444725e-05 -5.8874189635389483e-05 9.0361645561642945e-05 2.9507197693116421e-05 1.8612356030906687e-06
leaf_weight=308 8.9999999999999982 7.9999999999999991 7.9999999999999991 5.9999999999999991 4.9999999999999991 10.999999999999998 4.9999999999999991 4.9999999999999991 24 97
leaf_count=308 9 8 8 6 5 11 5 5 24 97
internal_value=0 -6.51862e-06 5.0161e-07 4.52255e-06 2.33068e-06 4.11203e-05 5.1596e-07 1.39712e-06 5.72926e-08 -1.31506e-06
internal_weight=0 128 119 111 358 16 342 337 332 103
internal_count=486 128 119 111 358 16 342 337 332 103
is_linear=0
shrinkage=0.1


Tree=607
num_leaves=11
num_cat=0
split_feature=1 29 91 2 95 97 95 39 12 22
split_gain=8.11462e-07 4.64281e-06 5.5707e-06 3.97792e-06 3.76079e-06 5.24778e-06 5.04743e-06 3.68522e-06 3.37782e-06 3.09371e-06
threshold=4.7957563937576522 8.7846956037077835 3.9701138825728512 4.4829865921051741 4.4425820475484112 3.7132745361986528 4.6442059536981697 8.7846956037077835 6.5694725684980044 6.8522224550277082
decision_type=2 2 2 2 2 2 2 2 2 2
left_child=1 7 -3 -2 5 -5 -6 -1 -8 -7
right_child=3 2 -4 4 6 9 8 -9 -10 -11
leaf_value=1.8010295288580604e-06 -8.5447043723737206e-05 0.00013104401053472725 1.3032308682644121e-05 -9.9940021148843983e-05 8.0254413751390538e-05 4.3987575294782547e-05 -3.4739038208499557e-05 -7.1642175134911676e-05 5.7864980747048136e-06 -5.9002729249186803e-05
leaf_weight=285 5.9999999999999991 6.0000000000000027 11.999999999999998 9.0000000000000018 7.9999999999999991 6.9999999999999982 25 6.9999999999999991 116 5
leaf_count=285 6 6 12 9 8 7 25 7 116 5
internal_value=0 3.07887e-06 5.23695e-05 -5.42301e-06 -2.59863e-06 -4.22172e-05 2.98519e-06 4.04048e-08 -1.39888e-06 1.07495e-06
internal_weight=0 310 18 176 170 21 149 292 141 12
internal_count=486 310 18 176 170 21 149 292 141 12
is_linear=0
shrinkage=0.1


Tree=608
num_leaves=11
num_cat=0
split_feature=22 32 28 11 22 22 50 44 71 91
split_gain=8.08242e-07 5.16863e-06 4.06828e-06 2.86824e-06 3.70864e-06 7.99461e-06 3.66885e-06 2.84125e-06 2.76219e-06 1.80327e-06
threshold=6.9948462051989084 6.9948462051989084 5.0562255201382529 5.8749149497672386 6.6580036303642656 6.5524987294602086 4.9342409716686575 5.4847883247493394 4.7957563937576522 6.2085880018747917
decision_type=2 2 2 2 2 2 2 2 2 2
left_child=1 3 8 4 5 -1 -6 -3 -2 -4
right_child=2 7 9 -5 6 -7 -8 -9 -10 -11
leaf_value=1.4313378166413466e-06 -0.00010510200906234477 0.00012521718279458584 1.2359026721661886e-05 -7.5223531021038076e-05 5.0392959644568686e-05 -7.0933798269834369e-05 -4.3443303366075273e-05 2.3149029584601521e-05 -2.4005466912058182e-05 -2.3639229766558856e-05
leaf_weight=333 6.0000000000000027 4.9999999999999982 52 4.9999999999999991 25.000000000000004 15.999999999999998 4.9999999999999991 6 13.999999999999998 19
leaf_count=333 6 5 52 5 25 16 5 6 14 19
internal_value=0 1.95738e-06 -8.49631e-06 2.13139e-08 1.01399e-06 -1.88626e-06 3.47536e-05 6.95436e-05 -4.83344e-05 2.72569e-06
internal_weight=0 395 91 384 379 349 30 11 20 71
internal_count=486 395 91 384 379 349 30 11 20 71
is_linear=0
shrinkage=0.1


Tree=609
num_leaves=11
num_cat=0
split_feature=21 92 21 37 86 29 83 91 53 77
split_gain=7.55437e-07 3.46055e-06 8.23896e-06 3.28842e-06 4.30373e-06 4.52683e-06 3.00687e-06 6.1235e-06 6.05614e-06 7.92405e-06
threshold=3.1132683346437333 1.5890269151739729 3.4811217321331038 2.4414009612931857 3.2180751841847144 6.9196833616345783 2.6735537653587347 1.0397207708399181 2.1383330595080281 2.1383330595080281
decision_type=2 2 2 2 2 2 2 2 2 2
left_child=3 2 -2 6 5 -5 7 -1 9 -8
right_child=1 -3 -4 4 -6 -7 8 -9 -10 -11
leaf_value=-7.1729860168748678e-05 0.00014097699313424518 -1.7783923242092771e-08 3.5690550703293414e-06 -8.9894370466936279e-05 -0.00012231775413965807 1.5114644422563009e-05 0.00015069336430834876 8.9549587836004599e-07 -1.4783762277434827e-06 2.2696040105074642e-07
leaf_weight=13.999999999999998 6.0000000000000027 306 15.999999999999998 6.0000000000000062 4.9999999999999991 12.999999999999998 6.9999999999999982 68 38 7
leaf_count=14 6 306 16 6 5 13 7 68 38 7
internal_value=0 2.73636e-06 4.10439e-05 -5.68054e-06 -3.97694e-05 -1.80461e-05 4.24923e-07 -1.1504e-05 1.92358e-05 7.54602e-05
internal_weight=0 328 22 158 24 19 134 82 52 14
internal_count=486 328 22 158 24 19 134 82 52 14
is_linear=0
shrinkage=0.1


Tree=610
num_leaves=11
num_cat=0
split_feature=40 10 40 77 30 60 40 39 34 61
split_gain=7.33503e-07 3.82813e-06 3.26057e-06 6.75765e-06 3.03759e-06 2.93133e-06 3.20231e-06 2.82388e-06 3.10074e-06 2.70941e-06
threshold=2.602003343538398 1.0397207708399181 2.740319461670996 1.8688348091416842 2.740319461670996 1.9356005054539456 2.8617925509761908 8.2385367904938374 4.4995626957636246 3.7609296261008152
decision_type=2 2 2 2 2 2 2 2 2 2
left_child=7 -2 3 4 -3 -4 -7 8 9 -1
right_child=1 2 5 -5 -6 6 -8 -9 -10 -11
leaf_value=-1.6341878836101387e-05 6.0313888851934204e-05 -5.1381846424192171e-05 6.2314026477646884e-05 0.00012852107077681769 5.4154030513018358e-05 -4.4096004098214002e-05 -7.2500930171743353e-07 -6.4203206693491663e-05 6.1735751140596612e-05 2.0933328568599582e-05
leaf_weight=78 10.999999999999998 6.0000000000000018 6.9999999999999991 5.9999999999999991 5 18 314 7.9999999999999991 6.9999999999999991 26
leaf_count=78 11 6 7 6 5 18 314 8 7 26
internal_value=0 2.21219e-06 4.16918e-07 4.31533e-05 -3.41099e-06 -1.7262e-06 -3.07645e-06 -6.82248e-06 -2.68693e-06 -7.02308e-06
internal_weight=0 367 356 17 11 339 332 119 111 104
internal_count=486 367 356 17 11 339 332 119 111 104
is_linear=0
shrinkage=0.1


Tree=611
num_leaves=8
num_cat=0
split_feature=28 15 15 37 15 45 25
split_gain=6.90023e-07 2.15661e-06 2.71134e-06 1.99592e-06 1.47215e-06 3.0648e-06 2.1103e-06
threshold=6.1081203872229013 7.4802334233887304 7.1238964247157321 5.3706272113530096 6.7889489155901535 6.3296811862268836 6.5847761301033945
decision_type=2 2 2 2 2 2 2
left_child=1 2 4 -2 6 -6 -1
right_child=3 -3 -4 -5 5 -7 -8
leaf_value=7.939599586583544e-07 1.3548035972884725e-05 6.5951802534982567e-05 -5.7790162645687819e-05 -6.5051319529629831e-05 9.4256973243318429e-05 7.5234740010769615e-06 -3.8674047027598141e-05
leaf_weight=419 6.9999999999999982 4.9999999999999991 7.9999999999999991 6 5.0000000000000027 22 13.999999999999998
leaf_count=419 7 5 8 6 5 22 14
internal_value=0 6.24676e-07 -7.32638e-08 -2.27286e-05 9.30508e-07 2.35852e-05 -4.82142e-07
internal_weight=0 473 468 13 460 27 433
internal_count=486 473 468 13 460 27 433
is_linear=0
shrinkage=0.1


Tree=612
num_leaves=11
num_cat=0
split_feature=7 7 74 74 94 6 31 6 99 83
split_gain=7.32279e-07 7.57989e-06 5.02817e-06 6.08744e-06 4.80398e-06 4.3969e-06 7.32965e-06 4.84894e-06 3.40791e-06 2.8916e-06
threshold=5.476454798506734 5.5234569284970156 5.4424083402947536 5.2626767655455557 4.7621374077860157 5.272986409146923 6.1506004953108766 5.0562255201382529 2.3502401828962087 5.0172579074712669
decision_type=2 2 2 2 2 2 2 2 2 2
left_child=2 -2 3 5 -4 7 -7 -1 -6 -5
right_child=1 -3 4 9 8 6 -8 -9 -10 -11
leaf_value=-2.690242192546799e-06 0.0001166778113959784 5.1198370453097266e-07 1.6883861947765876e-05 3.0458578839898118e-05 -3.3380983513779941e-05 -0.00015290405135601762 1.832270843806327e-05 5.2055167029988408e-05 -0.00014516499553186195 0.0001274003239814192
leaf_weight=335 5.9999999999999991 88 6.0000000000000027 7.9999999999999982 4.9999999999999982 4.9999999999999982 5 17 6 5
leaf_count=335 6 88 6 8 5 5 5 17 6 5
internal_value=0 7.92682e-06 -1.90082e-06 5.10587e-07 -5.50936e-05 -1.90387e-06 -6.72907e-05 -4.62878e-08 -9.43541e-05 6.77439e-05
internal_weight=0 94 392 375 17 362 10 352 11 13
internal_count=486 94 392 375 17 362 10 352 11 13
is_linear=0
shrinkage=0.1


Tree=613
num_leaves=9
num_cat=0
split_feature=7 6 7 80 66 56 34 17
split_gain=7.01363e-07 3.2526e-06 3.05455e-06 9.8597e-07 1.87207e-06 3.10873e-06 1.64204e-06 7.15086e-07
threshold=6.5610216630967022 6.5381387766044883 6.462969825394751 5.7397877426443378 4.6959141240107813 4.6959141240107813 4.9344480538832558 3.7012257604091228
decision_type=2 2 2 2 2 2 2 2
left_child=2 -2 3 4 5 -1 -6 -3
right_child=1 7 -4 -5 6 -7 -8 -9
leaf_value=-4.2247463397601486e-07 8.839577902108425e-05 1.715610075431565e-05 -7.1733577836615348e-05 3.2855125270240636e-05 -7.4883499716330904e-05 6.2502708715328481e-05 -1.0812534431655271e-05 -2.2707155828053753e-05
leaf_weight=422 5.0000000000000027 9.0000000000000018 5.9999999999999991 8.9999999999999982 6.0000000000000027 7.9999999999999991 11.999999999999998 8.9999999999999982
leaf_count=422 5 9 6 9 6 8 12 9
internal_value=0 1.70443e-05 -8.46694e-07 8.39871e-08 -5.74362e-07 7.48226e-07 -3.21695e-05 -2.77553e-06
internal_weight=0 23 463 457 448 430 18 18
internal_count=486 23 463 457 448 430 18 18
is_linear=0
shrinkage=0.1


Tree=614
num_leaves=11
num_cat=0
split_feature=54 85 85 73 85 41 13 32 82 63
split_gain=6.88118e-07 4.81301e-06 5.95676e-06 5.5402e-06 4.69205e-06 4.92283e-06 3.84025e-06 4.31701e-06 3.09371e-06 3.20445e-06
threshold=1.7005986908310777 5.1532748880139918 4.912546742554059 2.524928003624769 4.7273486598447958 1.8688348091416842 3.7132745361986528 4.6346818562128229 4.9199542854466296 2.9430520157250784
decision_type=2 2 2 2 2 2 2 2 2 2
left_child=1 2 4 -4 -1 -6 7 -3 9 -2
right_child=8 6 3 -5 5 -7 -8 -9 -10 -11
leaf_value=1.4661315238829128e-05 -1.3434886041036662e-05 -1.0567814222833305e-05 0.00011729559570085253 1.4452274957544763e-05 -4.7937611978138906e-06 -0.00012854944798164071 4.5390580344246703e-05 -0.0001039553886382944 2.6928710030915685e-06 -8.4306949949158102e-05
leaf_weight=67 72 11.000000000000005 10.000000000000002 10.999999999999998 8.9999999999999982 4.9999999999999991 4.9999999999999991 8.9999999999999982 280 6.9999999999999991
leaf_count=67 72 11 10 11 9 5 5 9 280 7
internal_value=0 6.32643e-06 1.59642e-05 6.34253e-05 3.65947e-06 -4.89922e-05 -3.29957e-05 -5.25922e-05 -2.23804e-06 -1.97147e-05
internal_weight=0 127 102 21 81 14 25 20 359 79
internal_count=486 127 102 21 81 14 25 20 359 79
is_linear=0
shrinkage=0.1


Tree=615
num_leaves=11
num_cat=0
split_feature=22 32 28 29 29 82 44 71 52 97
split_gain=7.64865e-07 4.171e-06 3.0233e-06 2.36596e-06 5.90885e-06 2.26388e-06 2.23595e-06 2.11706e-06 1.44611e-06 1.27388e-06
threshold=6.9948462051989084 6.9948462051989084 5.0562255201382529 9.5416264170123846 9.4345713670985987 6.5694725684980044 5.4847883247493394 4.7957563937576522 7.6038900162435032 4.9045884365324435
decision_type=2 2 2 2 2 2 2 2 2 2
left_child=1 3 7 4 5 -1 -3 -2 -9 -4
right_child=2 6 9 -5 -6 -7 -8 8 -10 -11
leaf_value=-2.7404390510716932e-06 -9.2306000685008806e-05 0.00011200688633834946 1.4993598236157725e-05 6.2467812676914042e-05 -9.184539916792087e-05 1.7685962828898371e-05 2.1461344173682542e-05 6.5248105102000429e-06 -5.8419958319670212e-05 -1.1798607579294186e-05
leaf_weight=305 6.0000000000000027 4.9999999999999982 35 5.9999999999999991 6.9999999999999991 66 6 7.9999999999999982 6 36
leaf_count=305 6 5 35 6 7 66 6 8 6 36
internal_value=0 1.90413e-06 -8.26518e-06 1.64919e-07 -8.24016e-07 8.93368e-07 6.26184e-05 -4.26079e-05 -2.13087e-05 1.40882e-06
internal_weight=0 395 91 384 378 371 11 20 14 71
internal_count=486 395 91 384 378 371 11 20 14 71
is_linear=0
shrinkage=0.1


Tree=616
num_leaves=11
num_cat=0
split_feature=62 49 49 56 70 65 66 52 45 32
split_gain=6.79824e-07 3.63317e-06 4.66459e-06 3.95169e-06 5.38556e-06 3.25958e-06 3.19272e-06 3.11542e-06 3.10284e-06 2.89833e-06
threshold=5.2626767655455557 7.1008243828001545 6.8946079313622795 2.0126758453675748 2.8617925509761908 5.1445790166580574 2.3502401828962087 5.4116061905722832 5.1119152036137292 4.8597823571876004
decision_type=2 2 2 2 2 2 2 2 2 2
left_child=1 2 9 4 -3 -4 8 -2 -5 -1
right_child=7 3 5 6 -6 -7 -8 -9 -10 -11
leaf_value=-2.4498018776532925e-06 -3.257299148344828e-05 2.0323631626804572e-05 -1.6855955968472135e-05 2.9800232524784003e-05 0.00012460543584893457 -9.7984514650306667e-05 3.4132222808693775e-05 5.8102874423444782e-07 -5.3975186286455334e-05 4.440852211700985e-05
leaf_weight=110 32 13.000000000000002 13.000000000000002 7.0000000000000027 7.9999999999999991 7.9999999999999991 20 248 11.999999999999998 14.999999999999998
leaf_count=110 32 13 13 7 8 8 20 248 12 15
internal_value=0 4.36039e-06 -4.15311e-06 2.50766e-05 6.005e-05 -4.77621e-05 6.24471e-06 -3.208e-06 -2.31106e-05 3.1732e-06
internal_weight=0 206 146 60 21 21 39 280 19 125
internal_count=486 206 146 60 21 21 39 280 19 125
is_linear=0
shrinkage=0.1


Tree=617
num_leaves=11
num_cat=0
split_feature=1 29 11 2 2 3 28 63 25 36
split_gain=6.88577e-07 3.33286e-06 4.41937e-06 2.71677e-06 4.56043e-06 4.875e-06 3.69547e-06 3.51486e-06 3.04956e-06 2.5979e-06
threshold=4.7957563937576522 8.7846956037077835 4.6442059536981697 5.1119152036137292 5.2417330174952186 5.2417330174952186 4.0428973506407848 2.524928003624769 4.9593358439305844 3.4811217321331038
decision_type=2 2 2 2 2 2 2 2 2 2
left_child=1 9 -3 6 5 -5 -2 -8 -9 -1
right_child=3 2 -4 4 -6 -7 7 8 -10 -11
leaf_value=2.3785102305789731e-06 -0.00010005084429091465 0.00011467265358078288 9.5611492724856369e-06 6.826557364547627e-06 -3.8894399444981854e-06 0.00013611029775347557 -5.6334815543288229e-05 6.3751236302778092e-05 -1.6183487750822679e-05 -4.1770026675586844e-05
leaf_weight=278 5.9999999999999991 6.0000000000000027 11.999999999999998 6.9999999999999982 123 5 12.999999999999998 7.0000000000000027 14.999999999999998 13.999999999999998
leaf_count=278 6 6 12 7 123 5 13 7 15 14
internal_value=0 2.83618e-06 4.45983e-05 -4.99554e-06 1.85138e-06 6.06948e-05 -2.75403e-05 -1.51099e-05 9.25029e-06 2.618e-07
internal_weight=0 310 18 176 135 12 41 35 22 292
internal_count=486 310 18 176 135 12 41 35 22 292
is_linear=0
shrinkage=0.1


Tree=618
num_leaves=11
num_cat=0
split_feature=18 69 94 81 24 48 38 5 43 0
split_gain=6.59009e-07 4.64875e-06 4.63382e-06 2.59242e-06 2.45327e-06 1.82083e-06 4.07613e-06 1.81377e-06 1.23049e-06 4.69671e-06
threshold=1.0397207708399181 6.3420656231066301 2.1383330595080281 3.3497501700808394 2.7058230259275202 1.0397207708399181 1.5890269151739729 4.0163424379838117 0.89587973461402759 1.5890269151739729
decision_type=2 2 2 2 2 2 2 2 2 2
left_child=1 -1 -3 4 -4 6 -2 -5 -7 -10
right_child=5 2 3 7 -6 8 -8 -9 9 -11
leaf_value=0.00010246216523228213 -8.4015153151995048e-05 -8.0115162321211107e-05 0.00010616193700116123 -5.118646537691045e-05 7.101031951606273e-06 1.1478252791457174e-05 2.0475126543065665e-05 2.6568869846717764e-05 -4.9397644124837826e-05 4.7120092338869722e-07
leaf_weight=4.9999999999999991 7.9999999999999982 6.0000000000000027 5.0000000000000018 5.9999999999999982 5 79 7 6 20 339
leaf_count=5 8 6 5 6 5 79 7 6 20 339
internal_value=0 1.36433e-05 -2.2172e-06 1.90277e-05 5.66315e-05 -9.93883e-07 -3.5253e-05 -1.23088e-05 1.79375e-07 -2.30701e-06
internal_weight=0 33 28 22 10 453 15 12 438 359
internal_count=486 33 28 22 10 453 15 12 438 359
is_linear=0
shrinkage=0.1


Tree=619
num_leaves=11
num_cat=0
split_feature=90 90 83 10 32 86 92 92 90 92
split_gain=6.96964e-07 3.62713e-06 4.06393e-06 3.26423e-06 4.77745e-06 3.2979e-06 3.13896e-06 3.30436e-06 2.87037e-06 3.15836e-06
threshold=2.8314802400679731 2.3937458713910238 2.3502401828962087 4.1107394736335969 6.2045393967584817 4.3943729409690677 4.234001473612734 4.7534415364300813 3.0433873634561537 3.8703322009586212
decision_type=2 2 2 2 2 2 2 2 2 2
left_child=1 3 -3 4 5 -1 -4 -8 9 -2
right_child=8 2 6 -5 -6 -7 7 -9 -10 -11
leaf_value=-8.9035640926202614e-06 -0.00010558088135439894 9.5220793809858151e-05 6.1989295136299913e-05 -8.2510773645481101e-05 8.6868695992355554e-05 7.4336549296276651e-05 -5.2159354163450167e-05 2.6665291863117512e-05 1.8381231036438584e-07 -1.7533484041946807e-05
leaf_weight=99 5.0000000000000027 7.9999999999999991 9.9999999999999982 4.9999999999999991 5.9999999999999991 4.9999999999999991 9.0000000000000018 12.999999999999998 304 22
leaf_count=99 5 8 10 5 6 5 9 13 304 22
internal_value=0 5.53395e-06 3.14718e-05 -3.48793e-06 1.04019e-07 -4.90164e-06 1.55346e-05 -5.58115e-06 -2.59143e-06 -3.38386e-05
internal_weight=0 155 40 115 110 104 32 22 331 27
internal_count=486 155 40 115 110 104 32 22 331 27
is_linear=0
shrinkage=0.1


Tree=620
num_leaves=11
num_cat=0
split_feature=54 85 65 20 36 75 71 85 54 61
split_gain=6.98014e-07 3.35338e-06 4.8434e-06 5.27913e-06 2.8672e-06 7.74614e-06 5.17164e-06 2.79856e-06 2.43784e-06 4.95729e-06
threshold=1.7005986908310777 5.1532748880139918 5.0139575654555903 3.1984648276080736 1.2424533248940004 4.912546742554059 1.8688348091416842 5.1984817689835037 2.1383330595080281 2.3502401828962087
decision_type=2 2 2 2 2 2 2 2 2 2
left_child=1 2 4 -4 5 -1 -6 -3 9 -2
right_child=8 7 3 -5 6 -7 -8 -9 -10 -11
leaf_value=3.1658343823437461e-05 -0.00012043980357702812 -9.3366187356878005e-05 0.00012238907074788589 3.4751040012841774e-06 -0.00011153516359627247 -9.9005830707028507e-05 -1.125487740085061e-06 -9.7217099755653182e-06 2.3431289521845165e-07 -1.1364130723450217e-05
leaf_weight=49 5.0000000000000027 5.0000000000000027 7.9999999999999982 7 4.9999999999999991 4.9999999999999991 28 20 329 25
leaf_count=49 5 5 8 7 5 5 28 20 329 25
internal_value=0 6.37176e-06 1.44165e-05 6.68959e-05 5.36828e-06 1.95598e-05 -1.78542e-05 -2.64506e-05 -2.25408e-06 -2.95434e-05
internal_weight=0 127 102 15 87 54 33 25 359 30
internal_count=486 127 102 15 87 54 33 25 359 30
is_linear=0
shrinkage=0.1


Tree=621
num_leaves=11
num_cat=0
split_feature=94 94 90 9 98 81 82 2 93 79
split_gain=6.46553e-07 2.5534e-06 2.75953e-06 3.16235e-06 1.86402e-06 3.93351e-06 4.51309e-06 2.78508e-06 2.12539e-06 4.29191e-06
threshold=4.1430087342023825 4.4995626957636246 4.3693677306817369 8.5963542550312599 4.4187680230537838 2.1383330595080277 4.7534415364300813 4.3437210834879627 2.9430520157250784 6.102556092217525
decision_type=2 2 2 2 2 2 2 2 2 2
left_child=4 2 3 -2 8 7 -7 -6 -1 -10
right_child=1 -3 -4 -5 5 6 -8 -9 9 -11
leaf_value=6.0816991856495274e-06 -2.3139367441098842e-05 7.1575046795057678e-07 2.8677475139764806e-05 -9.9902477398115621e-05 2.5367802390974237e-05 -3.9493255220198384e-07 0.0001143360146215855 -6.9771686103194962e-05 -8.4394230088946653e-05 -4.9043007796475052e-06
leaf_weight=167 23.000000000000004 202 6.9999999999999991 6.9999999999999991 8.0000000000000018 5.9999999999999991 7.9999999999999991 4.9999999999999991 7.9999999999999991 45
leaf_count=167 23 202 7 7 8 6 8 5 8 45
internal_value=0 -3.70795e-06 -2.78589e-05 -4.10508e-05 3.58785e-06 2.83853e-05 6.51656e-05 -1.12243e-05 5.44529e-07 -1.69028e-05
internal_weight=0 239 37 30 247 27 14 13 220 53
internal_count=486 239 37 30 247 27 14 13 220 53
is_linear=0
shrinkage=0.1


Tree=622
num_leaves=11
num_cat=0
split_feature=74 7 74 94 99 61 85 81 69 6
split_gain=6.42946e-07 3.76214e-06 3.54668e-06 3.51099e-06 2.55129e-06 2.42837e-06 3.23662e-06 2.58031e-06 2.36328e-06 2.16295e-06
threshold=5.4424083402947536 5.476454798506734 5.2626767655455557 4.7621374077860157 2.3502401828962087 6.1506004953108766 5.9738063745441989 5.9776119115618718 10.160290482199569 5.3612811448469326
decision_type=2 2 2 2 2 2 2 2 2 2
left_child=2 3 -1 -2 -5 6 -3 -8 -7 -4
right_child=1 5 9 4 -6 8 7 -9 -10 -11
leaf_value=-7.5319073837394177e-07 1.1636606116856753e-05 -2.7776306251325867e-05 8.1321227389707896e-05 -3.0704319797223441e-05 -0.00012742409307975319 -5.0224361389913009e-05 0.00010971251642331474 2.6024436218514374e-05 5.9098004931001927e-06 1.763815645858813e-05
leaf_weight=386 6.0000000000000027 8.0000000000000018 8.0000000000000018 4.9999999999999982 6 11.999999999999998 5.0000000000000027 13.999999999999998 20 15.999999999999998
leaf_count=386 6 8 8 5 6 12 5 14 20 16
internal_value=0 -8.44801e-06 1.56597e-06 -4.98969e-05 -8.34606e-05 3.49488e-06 2.55813e-05 4.80476e-05 -1.51405e-05 3.88658e-05
internal_weight=0 76 410 17 11 59 27 19 32 24
internal_count=486 76 410 17 11 59 27 19 32 24
is_linear=0
shrinkage=0.1


Tree=623
num_leaves=11
num_cat=0
split_feature=92 92 92 11 70 92 96 96 8 21
split_gain=6.46635e-07 1.2556e-05 4.09366e-06 2.97372e-06 4.22112e-06 2.40719e-06 3.8298e-06 3.43561e-06 1.54488e-06 1.48252e-06
threshold=5.5759204062713987 5.625819309938989 5.2148766803949993 1.0397207708399181 2.9700856263602158 5.1298812082267613 2.9430520157250784 2.3937458713910238 3.891612008168019 1.0397207708399181
decision_type=2 2 2 2 2 2 2 2 2 2
left_child=2 -2 5 9 -5 6 7 -1 -7 -4
right_child=1 -3 3 4 -6 8 -8 -9 -10 -11
leaf_value=2.2441553124402891e-06 -0.00013553615218760181 2.5539901200772874e-07 2.4885374150471767e-05 9.2504569571853312e-05 1.9865724973063458e-05 -8.9931306865764804e-05 6.7404524133962693e-05 -4.0224500367003202e-05 -1.1321438651066271e-05 -4.8843232798390082e-05
leaf_weight=142 6.9999999999999991 250 4.9999999999999982 11.999999999999998 24 4.9999999999999982 7.9999999999999991 22 5 6
leaf_count=142 7 250 5 12 24 5 8 22 5 6
internal_value=0 -3.4432e-06 3.86421e-06 3.01745e-05 4.40787e-05 -2.9302e-06 -1.57167e-07 -3.45286e-06 -5.06264e-05 -1.53302e-05
internal_weight=0 257 229 47 36 182 172 164 10 11
internal_count=486 257 229 47 36 182 172 164 10 11
is_linear=0
shrinkage=0.1


Tree=624
num_leaves=11
num_cat=0
split_feature=51 41 18 78 98 83 73 2 81 8
split_gain=6.36457e-07 3.54602e-06 3.59463e-06 3.56125e-06 8.15881e-06 6.93498e-06 6.27041e-06 3.01134e-06 2.49127e-06 2.81015e-06
threshold=2.1383330595080277 2.3502401828962087 3.2951505240983434 2.191013317336941 2.3937458713910238 2.740319461670996 2.0126758453675748 2.249904835165133 2.524928003624769 1.9356005054539456
decision_type=2 2 2 2 2 2 2 2 2 2
left_child=1 3 7 4 5 -1 -6 -3 9 -5
right_child=-2 2 -4 8 6 -7 -8 -9 -10 -11
leaf_value=-0.00018617888330481951 -1.8997595656460326e-06 2.5229932507500039e-05 6.1556814996168078e-06 8.8240455495127031e-05 -1.9378181468709952e-05 -1.9625794375315306e-05 0.00010372135970101228 0.00013030893363369007 -2.112207524381423e-05 1.5495468239185523e-05
leaf_weight=4.9999999999999982 381 5.0000000000000018 13.999999999999998 7.0000000000000027 24.000000000000004 5 4.9999999999999991 6 11.999999999999998 22
leaf_count=5 381 5 14 7 24 5 5 6 12 22
internal_value=0 6.89341e-06 3.97673e-05 -3.37968e-06 -2.50126e-05 -0.000102902 1.84588e-06 8.25458e-05 1.7198e-05 3.30546e-05
internal_weight=0 105 25 80 39 10 29 11 41 29
internal_count=486 105 25 80 39 10 29 11 41 29
is_linear=0
shrinkage=0.1


Tree=625
num_leaves=7
num_cat=0
split_feature=89 94 15 100 91 94
split_gain=6.10731e-07 1.08692e-06 8.74871e-07 7.39592e-07 1.10033e-06 1.51843e-06
threshold=10.395425808672428 6.0111590312221681 5.609465086342035 0.89587973461402759 6.2859963606162941 5.6903366269220443
decision_type=2 2 2 2 2 2
left_child=1 3 -3 -1 5 -5
right_child=-2 2 -4 4 -6 -7
leaf_value=-3.0446200980804861e-05 -2.9324171191547069e-05 6.0622143791988504e-07 5.7244205284708485e-05 6.8592511946435768e-07 3.9566938036322039e-05 -3.1670758083540325e-05
leaf_weight=7.9999999999999991 6.9999999999999991 4.9999999999999982 6 438 6.9999999999999991 14.999999999999998
leaf_count=8 7 5 6 438 7 15
internal_value=0 4.28537e-07 3.14997e-05 -3.01768e-07 2.22483e-07 -3.85488e-07
internal_weight=0 479 11 468 460 453
internal_count=486 479 11 468 460 453
is_linear=0
shrinkage=0.1


Tree=626
num_leaves=11
num_cat=0
split_feature=21 71 96 29 78 62 7 62 31 59
split_gain=6.07947e-07 2.82307e-06 4.94709e-06 2.86135e-06 2.3994e-06 3.34321e-06 2.38603e-06 4.09843e-06 3.18537e-06 2.89158e-06
threshold=3.1132683346437333 1.4978661367769956 2.3937458713910238 6.4052270920020655 4.1430087342023825 6.1420165934996938 1.0397207708399181 1.0397207708399181 2.6735537653587347 6.6694175608141011
decision_type=2 2 2 2 2 2 2 2 2 2
left_child=4 2 -2 -3 6 -6 9 -8 -9 -1
right_child=1 3 -4 -5 5 -7 7 8 -10 -11
leaf_value=-6.456331266235793e-05 0.00011497747273097041 -5.5403592381885066e-05 5.2022175203511815e-06 1.8209827168125989e-06 -0.00010047121686511676 1.0246543824905528e-05 7.4148053317912865e-05 -8.1803160188512221e-06 3.7015284655545226e-05 -3.0280575932313997e-06
leaf_weight=11.999999999999998 6.0000000000000027 8.9999999999999982 12.999999999999998 300 5.9999999999999982 5 7.9999999999999991 87 19 21
leaf_count=12 6 9 13 300 6 5 8 87 19 21
internal_value=0 2.45474e-06 3.98681e-05 1.54248e-07 -5.09593e-06 -5.0145e-05 -1.72491e-06 5.12971e-06 -7.92178e-08 -2.54045e-05
internal_weight=0 328 19 309 158 11 147 114 106 33
internal_count=486 328 19 309 158 11 147 114 106 33
is_linear=0
shrinkage=0.1


Tree=627
num_leaves=9
num_cat=0
split_feature=28 28 15 37 50 22 32 20
split_gain=6.04061e-07 1.6842e-06 1.77262e-06 1.45226e-06 1.22858e-06 9.98864e-07 3.16155e-06 2.20067e-06
threshold=6.1081203872229013 5.8347936374918037 7.1238964247157321 5.3706272113530096 6.0540424421008812 6.9948462051989084 6.9948462051989084 4.7094896185437563
decision_type=2 2 2 2 2 2 2 2
left_child=1 2 5 -2 -3 6 -1 -7
right_child=3 4 -4 -5 -6 7 -8 -9
leaf_value=5.8394440132120713e-07 9.6783057545378291e-06 5.6831760270546915e-05 -5.4455272280999145e-05 -5.7367185945622616e-05 -4.9925252415050633e-06 -3.6060253383450049e-05 5.4963359897638759e-05 3.1307746541499095e-06
leaf_weight=381 6.9999999999999982 8.9999999999999982 5.9999999999999991 6 4.9999999999999991 23 10.999999999999998 38
leaf_count=381 7 9 6 6 5 23 11 38
internal_value=0 5.84471e-07 -4.57665e-07 -2.12658e-05 3.47517e-05 2.57535e-07 2.1099e-06 -1.16462e-05
internal_weight=0 473 459 13 14 453 392 61
internal_count=486 473 459 13 14 453 392 61
is_linear=0
shrinkage=0.1


Tree=628
num_leaves=11
num_cat=0
split_feature=81 71 71 73 7 19 48 61 87 81
split_gain=5.4e-07 2.63322e-06 2.19294e-06 2.98967e-06 3.06671e-06 5.01187e-06 2.99925e-06 2.75408e-06 2.64895e-06 1.84691e-06
threshold=5.9454069026540806 5.9454069026540806 5.598394523403428 5.5721468034537072 5.3890613045707267 8.527341032513851 4.9904094477362264 6.0613237786925245 4.317399216745252 6.0613237786925245
decision_type=2 2 2 2 2 2 2 2 2 2
left_child=2 -2 3 4 8 -6 -5 -4 -1 -3
right_child=1 9 7 6 5 -7 -8 -9 -10 -11
leaf_value=1.3350721099380247e-06 -5.3078366884371715e-05 -5.1707483119874575e-05 7.0745207485742849e-05 -0.00010907135845627638 2.350051848528286e-06 0.00012721995124593378 -4.2036315183698511e-06 2.0335977556637125e-06 -3.5228189985251186e-05 7.1394682028843207e-06
leaf_weight=351 10.999999999999998 5.9999999999999991 10.000000000000002 4.9999999999999982 8.9999999999999982 4.9999999999999991 6 13.999999999999998 21 48
leaf_count=351 11 6 10 5 9 5 6 14 21 48
internal_value=0 -8.48327e-06 1.30977e-06 -4.64761e-07 1.00018e-06 4.69464e-05 -5.18708e-05 3.06634e-05 -7.28983e-07 6.00918e-07
internal_weight=0 65 421 397 386 14 11 24 372 54
internal_count=486 65 421 397 386 14 11 24 372 54
is_linear=0
shrinkage=0.1


Tree=629
num_leaves=11
num_cat=0
split_feature=52 88 33 10 50 31 46 63 95 73
split_gain=5.35486e-07 4.13383e-06 3.90845e-06 3.11447e-06 1.93108e-06 1.8869e-06 1.88173e-06 4.69905e-06 5.98896e-06 3.38944e-06
threshold=7.09423450157795 5.2203412156610947 4.3943729409690677 4.8201514758423682 4.9342409716686575 6.0613237786925245 3.3667009459186801 3.8064155152036787 5.6167644860526105 4.3107766033702406
decision_type=2 2 2 2 2 2 2 2 2 2
left_child=6 2 -2 -4 -3 -6 -1 8 -8 -9
right_child=1 4 3 -5 5 -7 7 9 -10 -11
leaf_value=-1.9876902616408056e-06 -0.00012124227941967539 4.7440992275369354e-05 4.5771237637381974e-05 -4.7097982930538896e-05 -3.9341477531706914e-05 1.0614331153368355e-05 0.00013204055929756054 -3.3518796360447977e-05 1.5651265895636848e-05 1.6851060560535795e-05
leaf_weight=329 5.0000000000000027 9.9999999999999982 5.0000000000000027 12.999999999999998 9.9999999999999982 31 7.0000000000000027 19 11.999999999999998 45
leaf_count=329 5 10 5 13 10 31 7 19 12 45
internal_value=0 -7.83229e-06 -4.30273e-05 -2.1301e-05 8.03999e-06 -1.57001e-06 1.40677e-06 1.48619e-05 5.85315e-05 1.89751e-06
internal_weight=0 74 23 18 51 41 412 83 19 64
internal_count=486 74 23 18 51 41 412 83 19 64
is_linear=0
shrinkage=0.1


Tree=630
num_leaves=8
num_cat=0
split_feature=89 94 15 90 52 42 88
split_gain=5.06036e-07 8.34412e-07 6.30814e-07 5.87536e-07 6.4181e-07 4.14054e-06 3.45402e-06
threshold=10.395425808672428 6.0111590312221681 5.609465086342035 6.0540424421008812 7.09423450157795 7.09423450157795 5.2203412156610947
decision_type=2 2 2 2 2 2 2
left_child=1 3 -3 4 5 -1 -6
right_child=-2 2 -4 -5 6 -7 -8
leaf_value=1.7181412378266969e-07 -2.6692623318272778e-05 1.3810949167236689e-06 4.9474584617807216e-05 -3.1341166444083983e-05 -4.154003618168645e-05 6.8795933920126924e-05 6.0079715109679919e-06
leaf_weight=381 6.9999999999999991 4.9999999999999982 6 5.9999999999999991 22 8.9999999999999982 50
leaf_count=381 7 5 6 6 22 9 50
internal_value=0 3.9008e-07 2.76139e-05 -2.49796e-07 1.53988e-07 1.75545e-06 -8.52059e-06
internal_weight=0 479 11 468 462 390 72
internal_count=486 479 11 468 462 390 72
is_linear=0
shrinkage=0.1


Tree=631
num_leaves=11
num_cat=0
split_feature=51 85 80 70 74 24 25 60 7 7
split_gain=5.08845e-07 3.5355e-06 2.85889e-06 5.70336e-06 2.22616e-06 1.69671e-06 1.34056e-06 1.3256e-06 4.71558e-06 4.21283e-06
threshold=1.8688348091416842 5.0434043048315838 2.8617925509761908 2.740319461670996 3.2180751841847144 3.7012257604091228 4.7273486598447958 2.9174053685313028 3.6632328069201612 3.9316333620047872
decision_type=2 2 2 2 2 2 2 2 2 2
left_child=1 2 3 4 -1 6 -4 8 -2 -10
right_child=7 -3 5 -5 -6 -7 -8 -9 9 -11
leaf_value=1.9377777531307433e-05 -1.3911956670490921e-06 8.1100238124539231e-05 8.0496930604567727e-05 -8.7930779773159895e-05 -2.4836105310694421e-05 -1.3436324079521001e-05 1.4490673784166575e-05 2.0682593509761884e-06 -0.00011776541526030212 -2.0148656828193151e-05
leaf_weight=31 92 5.9999999999999991 8.0000000000000018 7.9999999999999991 18 4.9999999999999991 4.9999999999999991 294 7.0000000000000027 11.999999999999998
leaf_count=31 92 6 8 8 18 5 5 294 7 12
internal_value=0 7.23535e-06 1.32616e-06 -9.64535e-06 3.13594e-06 3.60693e-05 5.51099e-05 -1.44707e-06 -1.07579e-05 -5.61127e-05
internal_weight=0 81 75 57 49 18 13 405 111 19
internal_count=486 81 75 57 49 18 13 405 111 19
is_linear=0
shrinkage=0.1


Tree=632
num_leaves=11
num_cat=0
split_feature=76 76 27 86 84 1 86 40 90 76
split_gain=5.23938e-07 3.44828e-06 3.45369e-06 3.29507e-06 3.87396e-06 4.78593e-06 2.56374e-06 2.8271e-06 2.45533e-06 3.12685e-06
threshold=4.2625806805327082 4.3693677306817369 4.6346818562128229 3.7132745361986528 5.2417330174952186 3.9701138825728512 3.0433873634561537 2.8617925509761908 2.191013317336941 4.4885732424042368
decision_type=2 2 2 2 2 2 2 2 2 2
left_child=3 2 -2 6 5 -5 -1 -8 -3 -10
right_child=1 8 -4 4 -6 -7 7 -9 9 -11
leaf_value=2.3081687090207981e-06 -0.00011049460202533132 -6.7405572044663126e-05 2.0377697728690692e-06 5.0347323329853164e-06 1.7351562703316588e-06 0.00011528327336741819 -8.5744298121426265e-05 -1.3176000257040941e-05 4.5767213620517093e-05 -5.3653831408587006e-06
leaf_weight=302 5.9999999999999982 4.9999999999999991 5 6.9999999999999991 21 8.9999999999999982 5.9999999999999991 51 14.999999999999998 59
leaf_count=302 6 5 5 7 21 9 6 51 15 59
internal_value=0 -6.88729e-06 -5.93435e-05 1.56529e-06 2.99792e-05 6.70495e-05 -1.36316e-06 -2.08148e-05 4.16744e-07 4.99933e-06
internal_weight=0 90 11 396 37 16 359 57 79 74
internal_count=486 90 11 396 37 16 359 57 79 74
is_linear=0
shrinkage=0.1


Tree=633
num_leaves=11
num_cat=0
split_feature=2 42 1 51 21 2 73 45 0 25
split_gain=4.94079e-07 3.52256e-06 2.89495e-06 4.5626e-06 2.83571e-06 2.82989e-06 3.66846e-06 3.10701e-06 2.64108e-06 2.62296e-06
threshold=3.7132745361986528 4.1430087342023825 3.9701138825728512 2.1383330595080277 4.8558607684570871 3.2951505240983434 2.1383330595080281 5.1761337726651186 3.8499212036984933 5.0139575654555903
decision_type=2 2 2 2 2 2 2 2 2 2
left_child=4 -2 3 -3 5 7 -7 9 -4 -1
right_child=1 2 8 -5 -6 6 -8 -9 -10 -11
leaf_value=-3.8474414741978602e-06 -7.2830804648609576e-05 5.2075411367695745e-05 5.2696508678309332e-05 -5.4725792906538118e-05 7.8040272928774367e-05 -2.4825411628626166e-06 6.7611077611218207e-05 -4.8194196408855664e-05 2.091616665736716e-07 3.4816546067304445e-05
leaf_weight=143 6.9999999999999991 5.0000000000000027 9.9999999999999982 20 4.9999999999999991 16.000000000000004 13.999999999999998 13.999999999999998 232 20
leaf_count=143 7 5 10 20 5 16 14 14 232 20
internal_value=0 -2.80461e-06 -9.6872e-07 -3.33656e-05 3.62483e-06 1.82735e-06 3.02278e-05 -2.98628e-06 2.37806e-06 8.96606e-07
internal_weight=0 274 267 25 212 207 30 177 242 163
internal_count=486 274 267 25 212 207 30 177 242 163
is_linear=0
shrinkage=0.1


Tree=634
num_leaves=7
num_cat=0
split_feature=45 3 3 36 54 66
split_gain=4.90244e-07 9.57206e-07 1.45877e-06 8.80938e-07 7.97886e-07 1.07782e-06
threshold=7.6871458025129282 6.7129377454940036 6.5496251583324243 5.1059271080903725 5.9814014572911871 4.234001473612734
decision_type=2 2 2 2 2 2
left_child=1 2 4 -3 5 -1
right_child=-2 3 -4 -5 -6 -7
leaf_value=-1.0453500826472225e-06 -2.4550320267735516e-05 6.0102091374574236e-05 -4.9326205801965755e-05 6.5946218683166087e-06 -2.9178425393183716e-05 1.3251464293925444e-05
leaf_weight=389 7.9999999999999991 4.9999999999999991 5.9999999999999991 7.9999999999999991 8.9999999999999982 61
leaf_count=389 8 5 6 8 9 61
internal_value=0 4.10884e-07 -3.37344e-07 2.71744e-05 3.03033e-07 8.92663e-07
internal_weight=0 478 465 13 459 450
internal_count=486 478 465 13 459 450
is_linear=0
shrinkage=0.1


Tree=635
num_leaves=11
num_cat=0
split_feature=51 78 68 93 81 88 53 3 31 70
split_gain=4.74348e-07 2.64253e-06 4.47183e-06 2.86732e-06 3.84614e-06 2.49349e-06 2.33876e-06 3.59125e-06 1.72861e-06 1.18982e-06
threshold=1.8688348091416842 1.9356005054539456 2.5619819897016298 3.2951505240983434 2.3502401828962087 2.7058230259275202 2.524928003624769 2.9174053685313028 2.6735537653587347 2.524928003624769
decision_type=2 2 2 2 2 2 2 2 2 2
left_child=1 2 6 5 -5 -3 7 -1 -7 -2
right_child=9 3 -4 4 -6 8 -8 -9 -10 -11
leaf_value=3.9068498927008472e-05 -1.346341954231053e-05 9.792331402422854e-05 -0.00010035769460955634 -7.4152896559098749e-05 3.907464003229203e-05 1.2989825181648483e-05 -6.1873354134149856e-05 -3.5673692364071032e-05 7.8728183871135124e-05 1.0375784839775419e-06
leaf_weight=18.000000000000004 68 6.0000000000000027 4.9999999999999991 5.9999999999999982 6 20.000000000000004 4.9999999999999991 9.9999999999999982 4.9999999999999991 337
leaf_count=18 68 6 5 6 6 20 5 10 5 337
internal_value=0 6.98578e-06 -1.22279e-05 2.39653e-05 -1.75391e-05 4.00315e-05 1.12513e-06 1.23749e-05 2.61375e-05 -1.39716e-06
internal_weight=0 81 38 43 12 31 33 28 25 405
internal_count=486 81 38 43 12 31 33 28 25 405
is_linear=0
shrinkage=0.1


Tree=636
num_leaves=11
num_cat=0
split_feature=77 86 44 90 86 3 99 84 74 58
split_gain=4.9126e-07 3.54862e-06 4.71575e-06 2.46419e-06 2.08075e-06 2.98865e-06 2.1158e-06 1.79329e-06 1.85846e-06 2.84988e-06
threshold=4.007167868649713 3.7494348669884658 3.4334666422309414 1.9356005054539456 3.2180751841847144 3.8499212036984933 2.602003343538398 3.9701138825728512 4.7790881836238563 4.2555875595453383
decision_type=2 2 2 2 2 2 2 2 2 2
left_child=1 4 -3 -2 -1 -6 -7 -5 9 -9
right_child=3 2 -4 7 5 6 -8 8 -10 -11
leaf_value=2.1294772073490425e-06 -5.54062534421165e-05 7.7902923129096785e-06 0.00011800207915560652 -5.0916194855484976e-05 3.943266462486532e-06 -1.8836749077308927e-05 -0.00010691582671521852 9.4560424331575563e-05 -3.7279000664493052e-06 7.3843018617480991e-06
leaf_weight=288 8.9999999999999982 11.000000000000002 5.9999999999999991 6.9999999999999991 13.000000000000002 4.9999999999999982 6 5.0000000000000027 121 14.999999999999998
leaf_count=288 9 11 6 7 13 5 6 5 121 15
internal_value=0 2.19629e-06 4.66886e-05 -4.60241e-06 -2.27971e-07 -2.85173e-05 -6.68799e-05 -1.51299e-06 9.39651e-07 2.91783e-05
internal_weight=0 329 17 157 312 24 11 148 141 20
internal_count=486 329 17 157 312 24 11 148 141 20
is_linear=0
shrinkage=0.1


Tree=637
num_leaves=11
num_cat=0
split_feature=76 76 27 86 15 59 79 76 68 38
split_gain=4.72531e-07 2.72009e-06 2.69015e-06 2.3866e-06 2.92058e-06 2.25718e-06 3.36368e-06 1.88844e-06 1.84858e-06 1.83472e-06
threshold=4.2625806805327082 4.3693677306817369 4.6346818562128229 3.7132745361986528 5.3327071242454505 9.1635499979093087 9.2073353599420784 3.6632328069201612 3.7132745361986528 3.7609296261008152
decision_type=2 2 2 2 2 2 2 2 2 2
left_child=3 2 -2 7 5 6 -5 -1 -3 -6
right_child=1 8 -4 4 9 -7 -8 -9 -10 -11
leaf_value=1.5727441032303043e-07 -9.8274275175451003e-05 -5.8902161399601034e-05 1.0428976383991538e-06 -7.7770586585756929e-06 0.00011360063741449269 -2.4431160757861409e-05 9.1272096324246379e-05 -4.6234744938071046e-05 3.922705536751892e-06 3.1580511616387709e-05
leaf_weight=350 5.9999999999999982 4.9999999999999991 5 8.0000000000000018 4.9999999999999982 11.999999999999998 5.9999999999999991 8.9999999999999982 74 6
leaf_count=350 6 5 5 8 5 12 6 9 74 6
internal_value=0 -6.54069e-06 -5.31301e-05 1.48652e-06 2.56683e-05 7.39393e-06 3.46726e-05 -1.00576e-06 -5.35519e-08 6.88624e-05
internal_weight=0 90 11 396 37 26 14 359 79 11
internal_count=486 90 11 396 37 26 14 359 79 11
is_linear=0
shrinkage=0.1


Tree=638
num_leaves=11
num_cat=0
split_feature=85 85 85 54 81 84 87 85 34 6
split_gain=4.40317e-07 3.29153e-06 3.15171e-06 2.91192e-06 2.74785e-06 3.36204e-06 2.41782e-06 2.12402e-06 2.06607e-06 2.13964e-06
threshold=5.1532748880139918 4.912546742554059 5.2203412156610947 1.2424533248940004 2.9174053685313028 1.2424533248940004 4.317399216745252 5.379886735236628 4.2903656061101136 4.744894319750431
decision_type=2 2 2 2 2 2 2 2 2 2
left_child=1 6 3 -2 5 -3 -1 -4 -6 -10
right_child=2 4 7 -5 8 -7 -8 -9 9 -11
leaf_value=-6.0619014232036929e-07 -0.00011048293905332684 1.4298121884337434e-05 3.1589639049917955e-05 -1.5302614580529433e-05 -1.4635154152261641e-05 0.00010597750369925053 -6.0300670676432287e-05 -3.6039593324362203e-06 3.1804742724893412e-06 7.689613516309433e-05
leaf_weight=221 4.9999999999999991 7.9999999999999991 19 8.9999999999999982 17 7.9999999999999991 6.9999999999999991 176 8.9999999999999982 6.9999999999999991
leaf_count=221 5 8 19 9 17 8 7 176 9 7
internal_value=0 2.61456e-06 -3.46522e-06 -4.92956e-05 2.61287e-05 6.01378e-05 -2.43892e-06 -1.74839e-07 9.63938e-06 3.54311e-05
internal_weight=0 277 209 14 49 16 228 195 33 16
internal_count=486 277 209 14 49 16 228 195 33 16
is_linear=0
shrinkage=0.1


Tree=639
num_leaves=11
num_cat=0
split_feature=84 74 25 8 16 87 3 61 4 76
split_gain=4.6568e-07 2.81805e-06 3.33663e-06 3.68721e-06 3.05737e-06 3.02917e-06 2.94359e-06 2.23311e-06 2.17635e-06 2.10345e-06
threshold=1.4978661367769956 1.7005986908310777 4.1583945635357589 2.9430520157250784 2.3502401828962087 0.8958797346140277 2.249904835165133 4.0428973506407848 3.0433873634561537 0.8958797346140277
decision_type=2 2 2 2 2 2 2 2 2 2
left_child=1 2 6 9 5 -3 7 -1 -8 -4
right_child=-2 4 3 -5 -6 -7 8 -9 -10 -11
leaf_value=0.00010549564571452457 1.7822629208289797e-06 -0.00013103448087349527 -9.3219110151819364e-05 3.0917554283313655e-06 -2.7997614389667953e-06 -2.9124052551716367e-05 -2.1347150571025189e-05 1.7995006874116368e-05 5.8221670624334368e-05 -1.8157533168050578e-05
leaf_weight=7.0000000000000018 365 5.0000000000000018 6.9999999999999991 52 13.999999999999998 7 10.999999999999998 5 4.9999999999999991 7.9999999999999991
leaf_count=7 365 5 7 52 14 7 11 5 5 8
internal_value=0 -5.37625e-06 2.60749e-06 -9.5078e-06 -3.45476e-05 -7.15867e-05 3.15977e-05 6.9037e-05 3.51811e-06 -5.31863e-05
internal_weight=0 121 95 67 26 12 28 12 16 15
internal_count=486 121 95 67 26 12 28 12 16 15
is_linear=0
shrinkage=0.1


Tree=640
num_leaves=11
num_cat=0
split_feature=97 8 12 97 93 89 36 97 10 39
split_gain=4.52167e-07 3.17758e-06 1.73427e-06 1.35305e-06 3.2046e-06 2.87956e-06 2.41556e-06 2.2867e-06 2.87111e-06 2.51188e-06
threshold=1.0397207708399181 4.0428973506407848 5.688633047761237 1.5890269151739729 3.0433873634561537 6.459903229849254 1.2424533248940004 2.3502401828962087 2.8617925509761908 6.1070204075896761
decision_type=2 2 2 2 2 2 2 2 2 2
left_child=1 2 -1 4 6 -5 -2 8 -7 -9
right_child=3 -3 -4 5 -6 7 -8 9 -10 -11
leaf_value=5.2917634494941723e-06 5.7788895210251167e-05 8.3367716797511093e-05 -4.2977431621693544e-05 -6.8349699480071052e-05 -8.0802547849348884e-05 5.6874018173402878e-05 -1.8351358683503351e-05 -6.0624451102090206e-05 6.4551575286757389e-07 2.5622764097472007e-08
leaf_weight=107 5.0000000000000027 4.9999999999999991 7.9999999999999991 5.9999999999999991 6.9999999999999991 15.999999999999998 25 6.9999999999999991 21 279
leaf_count=107 5 5 8 6 7 16 25 7 21 279
internal_value=0 5.32698e-06 1.93391e-06 -1.74655e-06 -1.98772e-05 2.92461e-07 -5.66132e-06 1.56755e-06 2.49605e-05 -1.45882e-06
internal_weight=0 120 115 366 37 329 30 323 37 286
internal_count=486 120 115 366 37 329 30 323 37 286
is_linear=0
shrinkage=0.1


Tree=641
num_leaves=11
num_cat=0
split_feature=38 14 22 78 10 49 18 80 70 68
split_gain=4.5652e-07 1.9086e-06 2.75515e-06 2.15635e-06 2.82042e-06 1.3553e-06 3.28136e-06 1.14589e-06 2.47259e-06 3.19246e-06
threshold=1.9356005054539456 3.9701138825728512 3.5516610312630568 3.5408542930527882 2.3502401828962087 6.2970669235549011 1.0397207708399181 2.740319461670996 2.740319461670996 3.5408542930527882
decision_type=2 2 2 2 2 2 2 2 2 2
left_child=1 2 5 4 -4 6 -1 8 9 -2
right_child=7 -3 3 -5 -6 -7 -8 -9 -10 -11
leaf_value=9.4238529224336718e-05 1.3557414553570897e-05 -6.1644692565702522e-05 -8.5040359246906663e-05 2.8068934334442023e-05 -3.4356473861407721e-06 -9.1095182142453278e-06 5.8487661200550594e-06 -1.6437551650699299e-06 3.7106889025241032e-05 -3.5304860729310247e-05
leaf_weight=6.0000000000000027 52 5.9999999999999991 9.0000000000000053 4.9999999999999991 7.9999999999999991 12.999999999999998 13.999999999999998 329 26 18
leaf_count=6 52 6 9 5 8 13 14 329 26 18
internal_value=0 -8.08986e-06 -2.24752e-06 -2.96593e-05 -4.66381e-05 1.6027e-05 3.23657e-05 1.16113e-06 1.07737e-05 9.92829e-07
internal_weight=0 61 55 22 17 33 20 425 96 70
internal_count=486 61 55 22 17 33 20 425 96 70
is_linear=0
shrinkage=0.1


Tree=642
num_leaves=11
num_cat=0
split_feature=21 10 25 71 37 10 42 83 53 94
split_gain=4.67406e-07 1.89697e-06 3.66765e-06 2.47844e-06 1.70939e-06 2.20164e-06 2.03231e-06 1.648e-06 3.04841e-06 3.80754e-06
threshold=3.1132683346437333 1.9356005054539456 3.8499212036984933 3.1132683346437333 2.4414009612931857 3.4334666422309414 2.649158683274019 2.6735537653587347 2.1383330595080281 3.4960482137079443
decision_type=2 2 2 2 2 2 2 2 2 2
left_child=4 2 3 -2 7 6 -6 -1 9 -9
right_child=1 -3 -4 -5 5 -7 -8 8 -10 -11
leaf_value=-8.8975326019358477e-06 6.863240763777857e-05 6.4020167525593377e-08 0.00010561318427789956 -1.4213120784216488e-05 -0.00010332491016015397 1.3787593343295158e-05 -2.6434198050331111e-05 0.00010590022440218103 -8.3637968313460565e-07 1.5992762720478434e-06
leaf_weight=82 5.0000000000000062 305 4.9999999999999991 12.999999999999998 5.0000000000000062 7.9999999999999991 10.999999999999998 6.9999999999999982 38 7
leaf_count=82 5 305 5 13 5 8 11 7 38 7
internal_value=0 2.15239e-06 2.9846e-05 8.79953e-06 -4.46825e-06 -2.90458e-05 -5.04625e-05 -6.62955e-08 1.38599e-05 5.37498e-05
internal_weight=0 328 23 18 158 24 16 134 52 14
internal_count=486 328 23 18 158 24 16 134 52 14
is_linear=0
shrinkage=0.1


Tree=643
num_leaves=9
num_cat=0
split_feature=89 94 97 18 89 97 83 15
split_gain=4.12037e-07 6.76374e-07 6.87327e-07 1.67071e-06 7.55281e-07 1.74826e-06 1.70687e-06 4.70387e-07
threshold=10.395425808672428 6.0111590312221681 5.3844529770182641 5.5945386047671937 9.4880475161110223 4.2625806805327082 6.2576382274985969 5.609465086342035
decision_type=2 2 2 2 2 2 2 2
left_child=1 2 4 -4 5 -1 -6 -3
right_child=-2 7 3 -5 6 -7 -8 -9
leaf_value=1.5234739419790811e-06 -2.4086237785273364e-05 2.2096899920143194e-06 -5.2502580183499971e-05 1.4393730011111723e-05 5.9062571112504393e-06 -1.8452467678798715e-05 6.7563814227469265e-05 4.373982398343893e-05
leaf_weight=354 6.9999999999999991 4.9999999999999982 7.9999999999999982 7 44 50 4.9999999999999991 6
leaf_count=354 7 5 8 7 44 50 5 6
internal_value=0 3.51991e-07 -2.24111e-07 -2.12843e-05 4.73247e-07 -9.48796e-07 1.21978e-05 2.48625e-05
internal_weight=0 479 468 15 453 404 49 11
internal_count=486 479 468 15 453 404 49 11
is_linear=0
shrinkage=0.1


Tree=644
num_leaves=11
num_cat=0
split_feature=84 74 30 7 41 87 67 24 34 59
split_gain=4.21349e-07 2.02517e-06 2.5545e-06 2.26616e-06 1.64848e-06 1.52186e-06 3.16973e-06 1.87148e-06 2.25817e-06 2.08522e-06
threshold=1.4978661367769956 1.7005986908310777 3.0433873634561537 1.5890269151739729 2.524928003624769 2.1383330595080281 0.8958797346140277 1.4978661367769956 1.2424533248940004 7.5742795968135601
decision_type=2 2 2 2 2 2 2 2 2 2
left_child=1 3 -3 4 -1 7 -7 8 -2 -9
right_child=5 2 -4 -5 -6 6 -8 9 -10 -11
leaf_value=1.7083058750699815e-06 8.1325264545739601e-05 -6.6446208769444949e-05 -3.0011749504410549e-06 -5.5563455076387472e-06 6.4096234730944471e-05 -5.724245464080013e-05 1.0642362183757644e-07 -8.1649759755067819e-06 1.1499760545451534e-05 2.7292544897742726e-05
leaf_weight=8.0000000000000018 8.0000000000000018 11.000000000000002 14.999999999999998 78 8.9999999999999982 9.9999999999999982 266 43 10.999999999999998 27
leaf_count=8 8 11 15 78 9 10 266 43 11 27
internal_value=0 -5.11395e-06 -2.98433e-05 1.65408e-06 3.47372e-05 1.69531e-06 -1.97143e-06 1.30663e-05 4.09e-05 5.5115e-06
internal_weight=0 121 26 95 17 365 276 89 19 70
internal_count=486 121 26 95 17 365 276 89 19 70
is_linear=0
shrinkage=0.1


Tree=645
num_leaves=11
num_cat=0
split_feature=30 58 31 31 68 26 60 66 38 13
split_gain=3.94538e-07 2.86473e-06 3.20126e-06 3.03877e-06 2.93108e-06 2.70664e-06 2.70224e-06 1.97276e-06 1.62808e-06 1.22697e-06
threshold=4.0773937863842606 4.8674160932529942 5.843506608418541 5.0434043048315838 4.3882378946731615 4.317399216745252 3.9701138825728512 3.8064155152036787 4.8441560854355483 4.1742689126930488
decision_type=2 2 2 2 2 2 2 2 2 2
left_child=5 2 3 7 -5 -1 -7 -2 -3 -10
right_child=1 8 -4 4 -6 6 -8 -9 9 -11
leaf_value=-3.6662236139931534e-07 2.0286736351128918e-05 -5.6042144812333088e-05 8.6059604239250944e-05 1.7871103682409743e-05 -7.0735348188983538e-05 -1.2205359234940264e-06 -0.00010518674578634089 8.887438467354515e-05 3.0816110847808889e-05 -6.1275451576528197e-06
leaf_weight=318 26.000000000000004 5.9999999999999991 6.9999999999999991 7.9999999999999982 7 4.9999999999999982 5 4.9999999999999991 9.9999999999999982 89
leaf_count=318 26 6 7 8 7 5 5 5 10 89
internal_value=0 4.10521e-06 2.30578e-05 1.34706e-05 -2.34786e-05 -1.97751e-06 -5.32036e-05 3.13493e-05 -5.46136e-06 -2.39586e-06
internal_weight=0 158 53 46 15 328 10 31 105 99
internal_count=486 158 53 46 15 328 10 31 105 99
is_linear=0
shrinkage=0.1


Tree=646
num_leaves=11
num_cat=0
split_feature=93 99 94 57 5 64 93 25 97 97
split_gain=3.88546e-07 1.142e-06 8.57811e-07 1.3283e-06 1.63493e-06 1.04647e-06 9.09849e-07 1.77306e-06 7.855e-07 2.69413e-06
threshold=6.2576382274985969 2.4414009612931857 5.6664207015582333 4.0428973506407848 5.5234569284970156 4.4187680230537838 5.7327072411495896 6.4224346156700198 4.2625806805327082 4.4187680230537838
decision_type=2 2 2 2 2 2 2 2 2 2
left_child=2 -2 6 5 -5 -4 8 -8 -1 -10
right_child=1 -3 3 4 -6 -7 7 -9 9 -11
leaf_value=1.4701053692815203e-06 4.9396747393378373e-05 -8.3167507455073068e-06 -1.6289075089540955e-05 2.5054363240170372e-05 -3.0813604771537941e-05 -7.8233056410681445e-05 4.5812157259206275e-05 -1.4965041236791877e-05 -5.327226536640714e-05 -5.0929442477354314e-07
leaf_weight=358 5.9999999999999991 7.9999999999999991 5.9999999999999982 11.000000000000002 9.9999999999999982 5 12.000000000000002 7.9999999999999991 11.999999999999998 50
leaf_count=358 6 8 6 11 10 5 12 8 12 50
internal_value=0 1.64176e-05 -4.86963e-07 -1.62949e-05 -1.54943e-06 -4.44454e-05 6.62708e-07 2.15013e-05 -3.29605e-07 -1.07215e-05
internal_weight=0 14 472 32 21 11 440 20 420 62
internal_count=486 14 472 32 21 11 440 20 420 62
is_linear=0
shrinkage=0.1


Tree=647
num_leaves=11
num_cat=0
split_feature=52 52 16 42 40 36 23 23 31 59
split_gain=3.84087e-07 3.10142e-06 1.85193e-06 2.05826e-06 2.42115e-06 2.43701e-06 1.30061e-06 3.021e-06 2.85824e-06 1.14587e-06
threshold=5.4116061905722832 5.5333191811709055 3.3667009459186801 4.9199542854466296 3.3497501700808394 2.6735537653587347 2.1383330595080281 1.8688348091416844 2.6735537653587347 8.0863676699583227
decision_type=2 2 2 2 2 2 2 2 2 2
left_child=2 -2 3 6 5 -5 7 -1 -8 -6
right_child=1 -3 -4 4 9 -7 8 -9 -10 -11
leaf_value=5.1962457625288546e-07 4.1508929241804018e-05 -4.4292701232611035e-07 5.1767236861148073e-05 -2.7686438677847037e-05 -1.8176274794054082e-05 -0.00010416397359222173 4.795082273439652e-06 -5.6955039108288479e-05 7.4331886129844608e-05 2.3935093622640125e-05
leaf_weight=107 19 243 5.9999999999999991 25.000000000000004 14.000000000000002 4.9999999999999991 38 9.9999999999999982 6.9999999999999991 11.999999999999998
leaf_count=107 19 243 6 25 14 5 38 10 7 12
internal_value=0 2.59938e-06 -3.04035e-06 -4.54882e-06 -2.10755e-05 -4.04327e-05 1.16411e-06 -4.39274e-06 1.56119e-05 1.25974e-06
internal_weight=0 262 224 218 56 30 162 117 45 26
internal_count=486 262 224 218 56 30 162 117 45 26
is_linear=0
shrinkage=0.1


Tree=648
num_leaves=11
num_cat=0
split_feature=33 47 79 23 34 57 67 83 22 93
split_gain=3.64277e-07 1.53544e-06 2.14164e-06 1.58389e-06 2.16802e-06 1.34628e-06 1.78553e-06 1.8134e-06 1.10046e-06 1.99061e-06
threshold=5.3518469026947413 4.8080360556008896 9.4913722978948947 4.2625806805327082 5.4424083402947536 4.6346818562128229 4.7360445312007302 5.4026367991037016 6.9546224757073114 4.4425820475484112
decision_type=2 2 2 2 2 2 2 2 2 2
left_child=1 5 -3 -4 -5 6 7 -1 9 -2
right_child=8 2 3 4 -6 -7 -8 -9 -10 -11
leaf_value=-1.1224606019707222e-06 -5.5638261869717102e-06 -7.7233443839001316e-05 -4.6504842293870733e-05 -2.9155090063189472e-05 5.5855051808369653e-05 2.9791545336289953e-05 -6.0118619876448066e-05 4.2047341121360663e-05 -1.5082692294122858e-07 6.4980606111930683e-05
leaf_weight=361 7.9999999999999991 6.0000000000000027 7.0000000000000027 5.9999999999999982 6 14.999999999999998 4.9999999999999991 9.9999999999999982 54 7.9999999999999991
leaf_count=361 8 6 7 6 6 15 5 10 54 8
internal_value=0 -1.12305e-06 -2.51494e-05 -8.7018e-06 1.335e-05 4.13159e-07 -7.58851e-07 4.11459e-08 6.67414e-06 2.97084e-05
internal_weight=0 416 25 19 12 391 376 371 70 16
internal_count=486 416 25 19 12 391 376 371 70 16
is_linear=0
shrinkage=0.1


Tree=649
num_leaves=7
num_cat=0
split_feature=70 78 37 36 60 68
split_gain=3.4504e-07 5.91146e-07 7.73489e-07 9.12025e-07 7.50992e-07 6.77218e-07
threshold=6.1224543346576867 5.9532129741149253 5.620374610039355 5.5314092881194723 5.6452907969132928 5.8636150338086175
decision_type=2 2 2 2 2 2
left_child=1 2 3 5 -3 -1
right_child=-2 4 -4 -5 -6 -7
leaf_value=-3.2710643533088539e-08 2.3832051374483855e-05 -1.567648117391703e-06 3.9452004566555848e-05 -4.2568967910483482e-05 -4.7241357181822724e-05 3.6973844180465677e-05
leaf_weight=450 5.9999999999999991 8.9999999999999982 4.9999999999999991 4.9999999999999991 5.9999999999999991 4.9999999999999991
leaf_count=450 6 9 5 5 6 5
internal_value=0 -2.97901e-07 3.32397e-07 -9.28161e-08 -1.98371e-05 3.73955e-07
internal_weight=0 480 465 460 15 455
internal_count=486 480 465 460 15 455
is_linear=0
shrinkage=0.1


Tree=650
num_leaves=7
num_cat=0
split_feature=10 45 37 76 86 66
split_gain=3.32086e-07 4.47168e-07 7.15193e-07 4.96317e-07 1.88491e-06 1.85416e-06
threshold=6.1398473927003954 7.6871458025129282 5.620374610039355 4.4885732424042368 4.5270771443934281 4.465842055365858
decision_type=2 2 2 2 2 2
left_child=1 2 3 5 -5 -1
right_child=-2 -3 -4 4 -6 -7
leaf_value=-4.9291337492845674e-07 2.5638628285378219e-05 -2.7395534319415066e-05 3.1803875832078385e-05 -4.6366193617524753e-05 2.5232459337552783e-07 3.6527634879998269e-05
leaf_weight=402 4.9999999999999991 5.9999999999999991 6.9999999999999991 10.999999999999998 41 13.999999999999998
leaf_count=402 5 6 7 11 41 14
internal_value=0 -2.66514e-07 7.61685e-08 -3.98391e-07 -9.60929e-06 7.5297e-07
internal_weight=0 481 475 468 52 416
internal_count=486 481 475 468 52 416
is_linear=0
shrinkage=0.1


Tree=651
num_leaves=11
num_cat=0
split_feature=13 13 87 34 36 80 60 13 33 63
split_gain=3.4511e-07 2.92382e-06 2.35876e-06 2.56415e-06 2.03335e-06 2.2346e-06 1.72625e-06 1.60416e-06 1.36735e-06 1.18092e-06
threshold=4.1742689126930488 4.4187680230537838 5.1298812082267613 4.2413008733233104 4.465842055365858 5.1238931127034038 4.1107394736335969 4.4885732424042368 3.3667009459186801 3.8606743063089755
decision_type=2 2 2 2 2 2 2 2 2 2
left_child=4 2 3 -2 5 6 8 -3 -1 -9
right_child=1 7 -4 -5 -6 -7 -8 9 -10 -11
leaf_value=2.6739262586608442e-06 -1.7680974724498794e-05 5.2185279491823168e-05 1.5808705999612963e-05 -9.7745783568825581e-05 5.5167404311110405e-05 -5.5194099591712332e-05 2.6106386199158069e-05 1.6330967499074648e-05 -1.6140630103346549e-05 -6.0347734298108726e-06
leaf_weight=241 8.0000000000000053 5.9999999999999991 5.9999999999999991 7.9999999999999991 6.9999999999999991 6.9999999999999991 27 31 46 99
leaf_count=241 8 6 6 8 7 7 27 31 46 99
internal_value=0 -3.83945e-06 -3.76619e-05 -5.77134e-05 1.84949e-06 6.86794e-07 1.93255e-06 1.63183e-06 -3.41647e-07 -7.01404e-07
internal_weight=0 158 22 16 328 321 314 136 287 130
internal_count=486 158 22 16 328 321 314 136 287 130
is_linear=0
shrinkage=0.1


Tree=652
num_leaves=11
num_cat=0
split_feature=84 6 4 64 71 92 19 80 20 74
split_gain=3.64309e-07 1.86973e-06 3.70055e-06 2.1726e-06 2.05727e-06 1.87004e-06 3.28006e-06 2.52279e-06 1.26196e-06 1.23051e-06
threshold=1.4978661367769956 2.8029010331479989 3.8499212036984933 1.7005986908310777 1.0397207708399181 4.9902242968361294 6.4052270920020655 2.8617925509761908 2.740319461670996 3.2180751841847144
decision_type=2 2 2 2 2 2 2 2 2 2
left_child=1 4 3 -3 -1 7 -7 -6 -4 -2
right_child=9 2 8 -5 5 6 -8 -9 -10 -11
leaf_value=4.1995903078574121e-05 1.2196010387318287e-05 -2.5482436771910768e-05 5.6693021761020605e-05 -8.598338972660714e-05 -5.0226406301590025e-05 9.002815524581814e-05 -9.4335887080801297e-08 8.7978163113196697e-06 -4.5807055892724108e-07 -1.5981624088972499e-06
leaf_weight=12.999999999999998 84 23.000000000000004 5.0000000000000027 7.9999999999999991 14.000000000000002 5.0000000000000027 21 14.999999999999998 17 281
leaf_count=13 84 23 5 8 14 5 21 15 17 281
internal_value=0 -4.75522e-06 -1.88356e-05 -4.10956e-05 6.21918e-06 -2.23714e-06 1.72369e-05 -1.96966e-05 1.25308e-05 1.57639e-06
internal_weight=0 121 53 31 68 55 26 29 22 365
internal_count=486 121 53 31 68 55 26 29 22 365
is_linear=0
shrinkage=0.1


Tree=653
num_leaves=11
num_cat=0
split_feature=70 62 60 70 60 94 21 96 21 63
split_gain=3.7608e-07 1.8775e-06 2.53568e-06 1.95869e-06 1.80785e-06 1.46146e-06 2.43722e-06 1.57996e-06 1.06342e-06 3.57839e-06
threshold=2.524928003624769 4.234001473612734 2.8617925509761908 2.3502401828962087 1.9356005054539456 3.3667009459186801 3.1132683346437333 3.2180751841847144 1.4978661367769956 2.0126758453675748
decision_type=2 2 2 2 2 2 2 2 2 2
left_child=1 3 -3 5 -2 7 -7 -1 9 -6
right_child=4 2 -4 -5 8 6 -8 -9 -10 -11
leaf_value=-2.3538390197635247e-05 5.6002268077766837e-05 -1.0760214866566363e-05 -7.6255831559787372e-05 6.5505041275173428e-05 1.4126152285219479e-05 -1.0895604517666953e-05 4.3481928423716459e-05 3.7487724912352858e-05 2.1900621419743575e-06 -5.9137693278898956e-05
leaf_weight=28 5.9999999999999991 38 6.9999999999999991 4.9999999999999991 15.000000000000002 17 15.999999999999998 4.9999999999999991 337 11.999999999999998
leaf_count=28 6 38 7 5 15 17 16 5 337 12
internal_value=0 -4.96814e-06 -2.09484e-05 5.1602e-06 1.55758e-06 5.88625e-07 1.54693e-05 -1.4292e-05 6.6014e-07 -1.84356e-05
internal_weight=0 116 45 71 370 66 33 33 364 27
internal_count=486 116 45 71 370 66 33 33 364 27
is_linear=0
shrinkage=0.1


Tree=654
num_leaves=11
num_cat=0
split_feature=75 75 65 85 24 40 85 15 75 35
split_gain=3.46543e-07 2.25239e-06 1.42865e-06 1.41085e-06 1.99268e-06 2.08964e-06 1.85083e-06 1.59295e-06 1.42443e-06 1.58664e-06
threshold=4.7273486598447958 4.7957563937576522 4.3943729409690677 4.5107991236896536 1.2424533248940004 3.1345481418531311 4.3437210834879627 5.0562255201382529 3.9316333620047872 4.3437210834879627
decision_type=2 2 2 2 2 2 2 2 2 2
left_child=3 -2 -3 6 -5 -6 8 -8 -1 -10
right_child=1 2 -4 4 5 -7 7 -9 9 -11
leaf_value=2.7912220794986036e-06 5.145949233135778e-05 3.9821433155237986e-05 -6.8167558458457939e-07 -6.5138486888827174e-05 1.8770778556894842e-05 -3.5866200440588205e-05 8.2342624664306669e-05 2.5191422901116309e-06 -5.9648260003086744e-05 -7.6434924197470046e-06
leaf_weight=123 8.9999999999999982 8.9999999999999982 269 7.9999999999999991 14.000000000000002 13.999999999999998 4.9999999999999982 5 8.0000000000000018 22
leaf_count=123 9 9 269 8 14 14 5 5 8 22
internal_value=0 2.22355e-06 6.29576e-07 -3.20682e-06 -2.11234e-05 -8.54771e-06 7.50222e-07 4.24309e-05 -1.974e-06 -2.15114e-05
internal_weight=0 287 278 199 36 28 163 10 153 30
internal_count=486 287 278 199 36 28 163 10 153 30
is_linear=0
shrinkage=0.1


Tree=655
num_leaves=11
num_cat=0
split_feature=49 49 83 53 49 35 54 74 69 24
split_gain=3.52441e-07 1.81565e-06 1.74092e-06 1.70173e-06 1.6728e-06 1.61672e-06 1.22548e-06 1.59108e-06 2.50284e-06 2.48685e-06
threshold=7.0850628910679374 6.8946079313622795 3.4960482137079443 2.3502401828962087 7.397814529225629 5.2417330174952186 4.2413008733233104 3.2180751841847144 6.7730149157208501 3.9316333620047872
decision_type=2 2 2 2 2 2 2 2 2 2
left_child=1 6 3 -3 5 -2 7 8 -1 -9
right_child=4 2 -4 -5 -6 -7 -8 9 -10 -11
leaf_value=-4.031326977321276e-06 1.2260649620859314e-05 -1.9348921268829133e-05 2.1306221606209876e-05 -8.3635475935547478e-05 -1.5505296100036213e-07 7.2199892262384913e-05 4.905565350782126e-05 -1.6109090541828083e-06 3.5989903139316565e-05 -8.1645467345955102e-05
leaf_weight=88 18.000000000000004 10.000000000000005 4.9999999999999991 6.9999999999999991 311 5.9999999999999991 4.9999999999999991 11.000000000000002 19 5.9999999999999991
leaf_count=88 18 10 5 7 311 6 5 11 19 6
internal_value=0 -4.01106e-06 -3.05639e-05 -4.58199e-05 1.80797e-06 2.72455e-05 5.1734e-07 -1.43985e-06 3.07525e-06 -2.98584e-05
internal_weight=0 151 22 17 335 24 129 124 107 17
internal_count=486 151 22 17 335 24 129 124 107 17
is_linear=0
shrinkage=0.1


Tree=656
num_leaves=6
num_cat=0
split_feature=58 19 29 58 12
split_gain=3.45349e-07 6.82966e-07 9.61405e-07 1.09839e-06 5.22196e-07
threshold=6.1974365842109203 10.640855265423697 10.365172949029107 5.8777004722919655 7.816793667754852
decision_type=2 2 2 2 2
left_child=1 2 3 4 -1
right_child=-2 -3 -4 -5 -6
leaf_value=-2.9711384521459793e-07 2.2051073652359527e-05 -3.7087356613483283e-05 4.3683528492692861e-05 -3.4997332558204008e-05 2.003442206422243e-05
leaf_weight=447 6.9999999999999991 4.9999999999999991 4.9999999999999991 8.9999999999999982 12.999999999999998
leaf_count=447 7 5 5 9 13
internal_value=0 -3.2225e-07 6.5568e-08 -3.99442e-07 2.77473e-07
internal_weight=0 479 474 469 460
internal_count=486 479 474 469 460
is_linear=0
shrinkage=0.1


Tree=657
num_leaves=11
num_cat=0
split_feature=97 48 83 38 38 68 50 30 1 91
split_gain=3.27233e-07 1.81965e-06 1.65556e-06 1.19381e-06 3.37333e-06 1.73348e-06 1.0486e-06 1.58976e-06 1.34185e-06 2.14478e-06
threshold=1.0397207708399181 3.9701138825728512 4.4885732424042368 3.2951505240983434 3.5408542930527882 2.5619819897016298 1.9356005054539456 1.9356005054539456 2.8029010331479989 3.2769667020129059
decision_type=2 2 2 2 2 2 2 2 2 2
left_child=1 2 3 5 -5 -1 -2 -8 9 -9
right_child=6 -3 -4 4 -6 -7 7 8 -10 -11
leaf_value=1.2294677292795149e-05 -2.2156132700215297e-05 4.7777472314515366e-05 -4.0088786247199298e-05 7.7083927681087486e-05 -4.3174675608627571e-06 -1.7294112401739565e-05 4.1373744574634152e-05 5.8967787481378745e-06 5.4632223520545064e-07 -5.3891395600658144e-05
leaf_weight=44 23 8.9999999999999982 8.9999999999999982 8.0000000000000018 13.999999999999998 36 8.9999999999999982 12.000000000000002 310 11.999999999999998
leaf_count=44 23 9 9 8 14 36 9 12 310 12
internal_value=0 4.53169e-06 1.02528e-06 4.65299e-06 2.5283e-05 -1.02028e-06 -1.4858e-06 -9.97429e-08 -1.21729e-06 -2.39973e-05
internal_weight=0 120 111 102 22 80 366 343 334 24
internal_count=486 120 111 102 22 80 366 343 334 24
is_linear=0
shrinkage=0.1


Tree=658
num_leaves=11
num_cat=0
split_feature=85 85 85 81 78 85 7 46 77 63
split_gain=3.20679e-07 2.27615e-06 2.09276e-06 1.73326e-06 2.01842e-06 1.65015e-06 1.78194e-06 1.73911e-06 1.65193e-06 1.43629e-06
threshold=5.1532748880139918 4.912546742554059 5.2203412156610947 2.9174053685313028 2.3937458713910238 4.7273486598447958 3.2384861814448418 2.6735537653587347 4.317399216745252 3.6632328069201612
decision_type=2 2 2 2 2 2 2 2 2 2
left_child=1 5 -2 4 -3 8 -7 -8 9 -1
right_child=2 3 -4 -5 -6 6 7 -9 -10 -11
leaf_value=-3.1415660468960649e-07 -4.0302857399053341e-05 8.522072416131518e-06 -2.7599793451116009e-07 8.6890584828903556e-06 8.0119097644152742e-05 -5.6069371996934255e-05 1.623069053190799e-05 -5.3965407278155912e-05 -5.5544050246680855e-05 2.7371411482861384e-05
leaf_weight=174 13.999999999999998 6.9999999999999991 195 33 8.9999999999999982 11.000000000000002 12.000000000000002 4.9999999999999991 4.9999999999999991 21
leaf_count=174 14 7 195 33 9 11 12 5 5 21
internal_value=0 2.23126e-06 -2.95722e-06 2.1785e-05 4.87954e-05 -1.97108e-06 -2.47079e-05 -4.41522e-06 1.21208e-06 2.66737e-06
internal_weight=0 277 209 49 16 228 28 17 200 195
internal_count=486 277 209 49 16 228 28 17 200 195
is_linear=0
shrinkage=0.1


Tree=659
num_leaves=11
num_cat=0
split_feature=90 72 59 25 96 99 98 92 6 10
split_gain=3.07613e-07 1.83501e-06 1.87221e-06 1.90916e-06 1.84011e-06 4.16653e-06 1.38238e-06 2.62195e-06 2.4882e-06 2.85542e-06
threshold=2.8314802400679731 1.0397207708399181 6.4295893882764688 4.5325416796595226 1.9356005054539456 3.5114340430413216 3.6105525490912482 5.5759204062713987 1.5890269151739729 1.9356005054539456
decision_type=2 2 2 2 2 2 2 2 2 2
left_child=1 4 3 -3 5 -1 7 8 -2 -10
right_child=6 2 -4 -5 -6 -7 -8 -9 9 -11
leaf_value=6.253692117752505e-06 5.4793263461760948e-05 8.5748080891789882e-05 4.6274800451484668e-06 2.0805554959224537e-06 1.6341400055353006e-05 -9.9388920560678743e-05 1.6251770599999427e-06 -6.1606948875123635e-05 -8.5073835216462618e-05 -5.7417704033004885e-06
leaf_weight=8.0000000000000018 5.9999999999999991 5.9999999999999982 121 5 7.9999999999999991 6.9999999999999991 261 9.9999999999999982 4.9999999999999991 49
leaf_count=8 6 6 121 5 8 7 261 10 5 49
internal_value=0 3.67648e-06 8.21831e-06 4.77174e-05 -2.23896e-05 -4.30462e-05 -1.72162e-06 -1.42004e-05 -6.29927e-06 -1.30873e-05
internal_weight=0 155 132 11 23 15 331 70 60 54
internal_count=486 155 132 11 23 15 331 70 60 54
is_linear=0
shrinkage=0.1


Tree=660
num_leaves=11
num_cat=0
split_feature=1 2 95 95 64 88 12 102 29 11
split_gain=3.16478e-07 1.61126e-06 1.46315e-06 1.90933e-06 1.72906e-06 2.68102e-06 1.32909e-06 1.27431e-06 1.18224e-06 1.73854e-06
threshold=4.7957563937576522 4.4829865921051741 4.4425820475484112 4.6442059536981697 5.4424083402947536 4.2903656061101136 6.5694725684980044 3.9607678160667752 8.7846956037077835 4.8282817362782584
decision_type=2 2 2 2 2 2 2 2 2 2
left_child=7 -2 4 -4 5 -3 -5 8 -1 -10
right_child=1 2 3 6 -6 -7 -8 -9 9 -11
leaf_value=-4.4782346767154495e-07 -5.4316943472561741e-05 -2.8299660438538653e-06 4.941762244925485e-05 -2.1716188683058137e-05 1.4278854847101945e-05 -9.0351741736023015e-05 3.7045175717813783e-06 4.7559804685685479e-05 4.9703681394351989e-05 -2.1412966307252647e-05
leaf_weight=288 5.9999999999999991 7.0000000000000018 7.9999999999999991 25 6.9999999999999991 7 116 5.9999999999999991 10.999999999999998 4.9999999999999991
leaf_count=288 6 7 8 25 7 7 116 6 11 5
internal_value=0 -3.38671e-06 -1.58917e-06 1.89369e-06 -2.6301e-05 -4.65909e-05 -8.027e-07 1.92278e-06 1.02205e-06 2.74797e-05
internal_weight=0 176 170 149 21 14 141 310 304 16
internal_count=486 176 170 149 21 14 141 310 304 16
is_linear=0
shrinkage=0.1


Tree=661
num_leaves=11
num_cat=0
split_feature=22 22 30 22 22 14 22 85 74 90
split_gain=3.23029e-07 1.7807e-06 2.18028e-06 1.55681e-06 1.84066e-06 1.83442e-06 1.80083e-06 2.3531e-06 1.63377e-06 1.50126e-06
threshold=6.9948462051989084 6.7821689169642818 4.5538214868689204 6.5524987294602086 6.6346255874044475 5.192895118684441 6.4536237588886749 5.5293975924403922 5.0434043048315838 4.465842055365858
decision_type=2 2 2 2 2 2 2 2 2 2
left_child=1 3 9 6 5 -5 -1 -8 -6 -3
right_child=-2 2 -4 4 8 -7 7 -9 -10 -11
leaf_value=-1.8101621813992064e-07 -5.3713104862154173e-06 8.1535145000088919e-05 -8.4064407089429624e-06 -9.9306842312216708e-05 3.0719915139343355e-05 -2.0000903168693183e-05 -5.6036697969830143e-06 9.1413757763803e-05 -3.3189667965416449e-05 2.4094178885346853e-05
leaf_weight=324 91 7.0000000000000027 12.999999999999998 5.0000000000000018 7.9999999999999991 7 4.9999999999999982 5 7.9999999999999991 12.999999999999998
leaf_count=324 91 7 13 5 8 7 5 5 8 13
internal_value=0 1.23744e-06 2.34754e-05 -7.89772e-07 -2.34392e-05 -5.3045e-05 1.10899e-06 4.2905e-05 -1.23488e-06 4.41985e-05
internal_weight=0 395 33 362 28 12 334 10 16 20
internal_count=486 395 33 362 28 12 334 10 16 20
is_linear=0
shrinkage=0.1


Tree=662
num_leaves=11
num_cat=0
split_feature=73 5 5 22 7 87 5 100 33 1
split_gain=3.18734e-07 1.01092e-06 1.22471e-06 1.5556e-06 1.19182e-06 1.04394e-06 1.31112e-06 1.01863e-06 1.01658e-06 8.86628e-07
threshold=5.9532129741149253 5.5234569284970156 5.4160905255636633 6.6346255874044475 5.476454798506734 5.0105463973051965 6.1882451489106529 2.0126758453675748 6.1441487928929224 4.7957563937576522
decision_type=2 2 2 2 2 2 2 2 2 2
left_child=1 2 8 -4 7 6 -6 -3 9 -1
right_child=-2 4 3 -5 5 -7 -8 -9 -10 -11
leaf_value=1.8743051715477574e-06 8.9211024100517826e-06 -1.5482095977858994e-05 7.5026120030088363e-05 1.9953069568146018e-06 5.1964680248299068e-05 -1.8456981263429128e-05 -8.3842480509904108e-06 -6.9989096179294072e-05 4.0826063438241061e-05 -9.8678391074228298e-06
leaf_weight=298 37 7.9999999999999982 4.9999999999999982 7 5.9999999999999991 22 8.9999999999999982 6 5.9999999999999991 82
leaf_count=298 37 8 5 7 6 22 9 6 6 82
internal_value=0 -7.35147e-07 9.63403e-07 3.24248e-05 -1.39905e-05 -4.58713e-06 1.57553e-05 -3.88422e-05 -1.46722e-08 -6.59526e-07
internal_weight=0 449 398 12 51 37 15 14 386 380
internal_count=486 449 398 12 51 37 15 14 386 380
is_linear=0
shrinkage=0.1


Tree=663
num_leaves=11
num_cat=0
split_feature=51 78 88 93 45 54 3 7 31 65
split_gain=2.97872e-07 1.44353e-06 2.78457e-06 1.3394e-06 2.29102e-06 1.5294e-06 1.17875e-06 4.25089e-06 1.52008e-06 9.00626e-07
threshold=1.8688348091416842 1.9356005054539456 2.3937458713910238 3.2951505240983434 4.6913057964583187 4.4995626957636246 2.9174053685313028 1.0397207708399181 1.0397207708399181 3.0868930519509687
decision_type=2 2 2 2 2 2 2 2 2 2
left_child=1 2 6 5 -5 -3 7 -1 -8 -2
right_child=9 3 -4 4 -6 -7 8 -9 -10 -11
leaf_value=-1.7232080738592356e-05 -1.1423324833361092e-05 3.9947509852936484e-05 -7.1180347307138933e-05 4.1418161126784992e-05 -4.7209868586963105e-05 -1.6273116004110003e-05 -6.4398937975056487e-05 7.4146091537841141e-05 1.357750079478137e-05 1.0484527911442577e-06
leaf_weight=14.000000000000002 70 25.000000000000004 5.9999999999999991 4.9999999999999982 7 5.9999999999999991 4.9999999999999982 7.9999999999999991 5 335
leaf_count=14 70 25 6 5 7 6 5 8 5 335
internal_value=0 5.53582e-06 -8.66499e-06 1.80854e-05 -1.02815e-05 2.90661e-05 3.05664e-06 1.59963e-05 -2.54107e-05 -1.10716e-06
internal_weight=0 81 38 43 12 31 32 22 10 405
internal_count=486 81 38 43 12 31 32 22 10 405
is_linear=0
shrinkage=0.1


Tree=664
num_leaves=11
num_cat=0
split_feature=52 52 56 51 71 56 68 80 33 53
split_gain=2.86515e-07 2.33695e-06 1.24295e-06 1.74802e-06 1.77812e-06 1.32137e-06 2.26364e-06 1.90688e-06 1.24585e-06 1.36772e-06
threshold=5.4116061905722832 5.5333191811709055 2.5619819897016298 3.1132683346437333 4.1742689126930488 1.8688348091416842 2.7058230259275202 2.9174053685313028 3.1984648276080736 2.1383330595080281
decision_type=2 2 2 2 2 2 2 2 2 2
left_child=2 -2 5 -4 -5 8 -7 -8 9 -1
right_child=1 -3 3 4 -6 6 7 -9 -10 -11
leaf_value=9.1883920020762588e-07 3.6020458662134942e-05 -3.9581138954032333e-07 9.6611963482036342e-06 -5.6520708215733353e-05 1.8578424487714074e-06 -3.4436419082339835e-05 5.9787850477732702e-05 1.7042094668795471e-06 3.8301666167431647e-05 -2.0454210975802246e-05
leaf_weight=111 19 243 12.999999999999998 15.000000000000002 7.9999999999999991 6.0000000000000027 13.000000000000002 9.9999999999999982 6.9999999999999991 41
leaf_count=111 19 243 13 15 8 6 13 10 7 41
internal_value=0 2.24506e-06 -2.62592e-06 -1.96487e-05 -3.62151e-05 6.33754e-07 2.02643e-05 3.45341e-05 -2.94667e-06 -4.84626e-06
internal_weight=0 262 224 36 23 188 29 23 159 152
internal_count=486 262 224 36 23 188 29 23 159 152
is_linear=0
shrinkage=0.1


Tree=665
num_leaves=8
num_cat=0
split_feature=79 19 76 76 77 80 80
split_gain=2.78573e-07 5.72302e-07 4.84505e-07 1.3497e-06 1.07227e-06 1.43658e-06 7.42643e-07
threshold=10.484548129982606 10.640855265423697 4.4885732424042368 4.4187680230537838 3.7012257604091228 4.7094896185437563 5.1238931127034038
decision_type=2 2 2 2 2 2 2
left_child=1 2 3 6 -4 -6 -1
right_child=-2 -3 4 -5 5 -7 -8
leaf_value=9.6249525563282503e-07 1.742967530541743e-05 -3.3983088505920024e-05 3.0682812212035064e-05 4.1836506989056948e-05 -4.4010436492195978e-05 -3.7652161020506519e-06 -2.9805758838108432e-05
leaf_weight=404 8.9999999999999982 4.9999999999999991 5.9999999999999991 7.9999999999999991 11.999999999999998 34 7.9999999999999991
leaf_count=404 9 5 6 8 12 34 8
internal_value=0 -3.28862e-07 2.76448e-08 1.15499e-06 -9.0778e-06 -1.4264e-05 3.65053e-07
internal_weight=0 477 472 420 52 46 412
internal_count=486 477 472 420 52 46 412
is_linear=0
shrinkage=0.1


Tree=666
num_leaves=11
num_cat=0
split_feature=68 56 36 45 26 2 98 89 56 66
split_gain=2.84666e-07 9.0132e-07 5.70752e-07 1.47034e-06 7.47093e-07 9.01297e-07 5.74695e-07 6.18615e-07 5.68694e-07 1.2608e-06
threshold=5.9532129741149253 5.2907605476430133 4.6959141240107813 6.4630282400218402 4.6959141240107813 5.6130215363445073 5.1873702005911486 9.4794425471750703 4.465842055365858 4.317399216745252
decision_type=2 2 2 2 2 2 2 2 2 2
left_child=2 -2 4 -4 8 -6 7 -5 9 -1
right_child=1 -3 3 6 5 -7 -8 -9 -10 -11
leaf_value=-5.9134139650938643e-07 3.753822703060904e-05 -6.5756234768989758e-06 -6.3406779954675548e-05 -6.3599192659379524e-06 5.2273495748522704e-05 -5.2134988072793919e-06 -3.0599377078033284e-05 3.5029537102673209e-05 -1.4298159035038058e-05 2.516870107683644e-05
leaf_weight=380 8.0000000000000018 10.999999999999998 5.0000000000000027 13.000000000000005 5.9999999999999982 5 5.9999999999999991 4.9999999999999991 27 20
leaf_count=380 8 11 5 13 6 5 6 5 27 20
internal_value=0 1.19986e-05 -4.88167e-07 -1.40745e-05 4.11387e-07 2.6143e-05 -3.79698e-06 5.13715e-06 -2.51489e-07 6.96661e-07
internal_weight=0 19 467 29 438 11 24 18 427 400
internal_count=486 19 467 29 438 11 24 18 427 400
is_linear=0
shrinkage=0.1


Tree=667
num_leaves=11
num_cat=0
split_feature=10 22 22 30 32 53 90 2 22 58
split_gain=2.74121e-07 3.28783e-07 1.51803e-06 1.90056e-06 1.26182e-06 1.23257e-06 1.17049e-06 1.09368e-06 7.6029e-07 7.15574e-07
threshold=6.1398473927003954 6.9948462051989084 6.7821689169642818 4.5538214868689204 6.8123444890560956 3.1984648276080736 4.465842055365858 5.3890613045707267 7.0587548255054253 4.9904094477362264
decision_type=2 2 2 2 2 2 2 2 2 2
left_child=1 2 4 6 9 -3 -4 -5 -7 -1
right_child=-2 5 3 7 -6 8 -8 -9 -10 -11
leaf_value=6.9406379733561406e-07 2.329381026356714e-05 -4.9539289587604196e-05 7.3708833951968673e-05 -3.511338748337169e-05 -4.2903701172950348e-05 -2.8381658748912744e-05 2.2988942817811714e-05 2.6121907831111452e-05 1.0695333855091775e-06 -2.7867518575577481e-05
leaf_weight=346 4.9999999999999991 5.9999999999999991 7.0000000000000027 6.9999999999999982 6.9999999999999991 9.9999999999999982 12.999999999999998 5 71 8.9999999999999982
leaf_count=346 5 6 7 7 7 10 13 5 71 9
internal_value=0 -2.42139e-07 9.86412e-07 2.18636e-05 -8.59081e-07 -5.80592e-06 4.07409e-05 -9.59868e-06 -2.56642e-06 -3.00327e-08
internal_weight=0 481 394 32 362 87 20 12 81 355
internal_count=486 481 394 32 362 87 20 12 81 355
is_linear=0
shrinkage=0.1


Tree=668
num_leaves=11
num_cat=0
split_feature=84 62 41 10 54 1 35 20 87 67
split_gain=2.76806e-07 1.24126e-06 2.43942e-06 1.76947e-06 1.7753e-06 1.21997e-06 1.12851e-06 1.72699e-06 1.02427e-06 2.42108e-06
threshold=1.4978661367769956 4.1107394736335969 3.2180751841847144 3.1345481418531311 1.7917594692280554 3.7132745361986528 4.5107991236896536 1.9356005054539456 2.1383330595080281 0.8958797346140277
decision_type=2 2 2 2 2 2 2 2 2 2
left_child=1 2 6 4 5 -3 7 -1 -2 -10
right_child=8 3 -4 -5 -6 -7 -8 -9 9 -11
leaf_value=1.5701919598996023e-05 1.0702783867160956e-05 -3.3363742075284541e-05 6.2323998177557123e-05 1.6787472034323128e-06 -8.5280301500461069e-05 1.5471801140977602e-05 1.5317807099729016e-05 -3.8708984616927673e-05 -4.9938933734665632e-05 1.8189774625813486e-07
leaf_weight=10.000000000000002 89 19.000000000000007 6.9999999999999991 37 4.9999999999999991 6.9999999999999991 22 13.999999999999998 9.9999999999999982 266
leaf_count=10 89 19 7 37 5 7 22 14 10 266
internal_value=0 -4.14499e-06 7.32742e-06 -1.30867e-05 -3.071e-05 -2.02157e-05 -1.04163e-06 -1.60378e-05 1.37409e-06 -1.63407e-06
internal_weight=0 121 53 68 31 26 46 24 365 276
internal_count=486 121 53 68 31 26 46 24 365 276
is_linear=0
shrinkage=0.1


Tree=669
num_leaves=11
num_cat=0
split_feature=73 73 66 92 56 86 74 13 96 74
split_gain=2.74332e-07 7.72858e-07 6.49539e-07 1.05932e-06 9.19989e-07 7.0233e-07 6.25264e-07 5.89964e-07 8.23734e-07 4.80341e-07
threshold=5.9532129741149253 5.8819043445924564 4.6959141240107813 4.8441560854355483 4.6959141240107813 4.6150714996361826 5.6594761454779006 5.9188360407794134 3.2180751841847144 6.1857935420038741
decision_type=2 2 2 2 2 2 2 2 2 2
left_child=1 2 4 -4 5 -1 -2 8 -8 -10
right_child=6 -3 3 -5 -6 -7 7 -9 9 -11
leaf_value=-7.8707325544376535e-07 3.3026957862603015e-05 -3.3649739894566929e-05 1.7386205841300269e-05 -3.2835271122166886e-05 3.230388770639871e-05 2.2000340011020725e-05 2.007748317112144e-05 2.9374244877544698e-05 -4.1573607935182132e-05 -5.0457908451385769e-06
leaf_weight=399 7.9999999999999991 6.9999999999999991 6.0000000000000027 13.999999999999998 8.9999999999999982 13.999999999999998 8.0000000000000053 5.9999999999999991 5.9999999999999991 8.9999999999999982
leaf_count=399 8 7 6 14 9 14 8 6 6 9
internal_value=0 -6.82021e-07 -1.59907e-07 -1.77688e-05 6.74639e-07 -1.46186e-08 8.27641e-06 1.44867e-06 -5.83626e-06 -1.96569e-05
internal_weight=0 449 442 20 422 413 37 29 23 15
internal_count=486 449 442 20 422 413 37 29 23 15
is_linear=0
shrinkage=0.1


Tree=670
num_leaves=11
num_cat=0
split_feature=85 4 97 85 2 35 12 81 30 61
split_gain=2.73632e-07 1.86601e-06 1.66028e-06 1.639e-06 1.43769e-06 1.42329e-06 1.3726e-06 1.30452e-06 1.66301e-06 1.34288e-06
threshold=5.1532748880139918 2.524928003624769 1.0397207708399181 4.912546742554059 3.2951505240983434 5.272986409146923 5.1298812082267613 2.9174053685313028 2.8029010331479989 4.9593358439305844
decision_type=2 2 2 2 2 2 2 2 2 2
left_child=3 -2 5 -1 6 -3 -4 8 -5 -9
right_child=1 2 4 7 -6 -7 -8 9 -10 -11
leaf_value=-1.5048922504870702e-06 -5.7692945604988689e-05 5.0378850110891178e-05 -8.9724785669074802e-06 2.0350910199340435e-05 -1.7489482148217224e-06 -3.2433608996345563e-06 -7.7573161106556641e-05 -6.0089286782148645e-06 8.9905443019233644e-05 3.7885744677623738e-05
leaf_weight=228 5.9999999999999991 11.000000000000002 6.9999999999999982 10.999999999999998 171 8.9999999999999982 5 23 4.9999999999999991 9.9999999999999982
leaf_count=228 6 11 7 11 171 9 5 23 5 10
internal_value=0 -2.73169e-06 -1.10722e-06 2.0611e-06 -4.09696e-06 2.62489e-05 -3.75561e-05 1.86539e-05 4.20867e-05 7.29249e-06
internal_weight=0 209 203 277 183 20 12 49 16 33
internal_count=486 209 203 277 183 20 12 49 16 33
is_linear=0
shrinkage=0.1


Tree=671
num_leaves=11
num_cat=0
split_feature=97 97 97 15 21 92 92 92 35 90
split_gain=2.56399e-07 2.1253e-06 8.92119e-07 1.95883e-06 2.12231e-06 1.46895e-06 4.36405e-06 1.77562e-06 1.58431e-06 1.38109e-06
threshold=4.2625806805327082 4.3693677306817369 3.5549397315361362 4.6913057964583187 5.4595764601916565 5.5759204062713987 5.625819309938989 5.2148766803949993 5.2417330174952186 4.007167868649713
decision_type=2 2 2 2 2 2 2 2 2 2
left_child=2 -2 5 -4 9 7 -7 -1 -8 -5
right_child=1 -3 3 4 -6 6 8 -9 -10 -11
leaf_value=-1.5116942305129753e-06 -5.0696457361078105e-05 -2.9761841189320582e-07 -1.0795156972394412e-05 5.8240194072520056e-05 -1.2127206021152513e-05 -9.5604725356679412e-05 4.4801235801406584e-06 2.2071645312630259e-05 -3.0979599958098131e-05 1.8889304572605233e-05
leaf_weight=176 8.9999999999999982 119 27 14.999999999999998 12.999999999999998 5.9999999999999991 42 39 18 22
leaf_count=176 9 119 27 15 13 6 42 39 18 22
internal_value=0 -3.84129e-06 1.37342e-06 1.09097e-05 2.26303e-05 -1.23972e-06 -1.42893e-05 2.76621e-06 -6.15779e-06 3.48424e-05
internal_weight=0 128 358 77 50 281 66 215 60 37
internal_count=486 128 358 77 50 281 66 215 60 37
is_linear=0
shrinkage=0.1


Tree=672
num_leaves=11
num_cat=0
split_feature=90 72 96 99 59 25 98 63 26 92
split_gain=2.56408e-07 1.37708e-06 1.49134e-06 2.77587e-06 1.2661e-06 1.25985e-06 1.01385e-06 3.80308e-06 3.89643e-06 3.44764e-06
threshold=2.8314802400679731 1.0397207708399181 1.9356005054539456 3.5114340430413216 6.4295893882764688 4.5325416796595226 2.5619819897016298 1.8688348091416844 2.3502401828962087 1.0397207708399181
decision_type=2 2 2 2 2 2 2 2 2 2
left_child=1 2 3 -1 5 -3 7 -2 -9 -8
right_child=6 4 -4 -5 -6 -7 9 8 -10 -11
leaf_value=2.4196904405471277e-06 3.8494043087666784e-05 7.0667051234825836e-05 1.5643742540305538e-05 -8.3808857535976657e-05 4.3381643031578217e-06 2.700541908779996e-06 8.2460425473982469e-05 -9.7145117615582386e-05 -7.0475496613653383e-06 -1.2711119299686537e-06
leaf_weight=8.0000000000000018 8.0000000000000018 5.9999999999999982 7.9999999999999991 6.9999999999999991 121 5 4.9999999999999991 8.0000000000000018 11.999999999999998 298
leaf_count=8 8 6 8 7 121 5 5 8 12 298
internal_value=0 3.35657e-06 -1.92241e-05 -3.78203e-05 7.29108e-06 3.97732e-05 -1.57181e-06 -1.97778e-05 -4.30866e-05 1.10597e-07
internal_weight=0 155 23 15 132 11 331 28 20 303
internal_count=486 155 23 15 132 11 331 28 20 303
is_linear=0
shrinkage=0.1


Tree=673
num_leaves=11
num_cat=0
split_feature=49 49 12 64 51 39 41 41 83 75
split_gain=2.56524e-07 1.42568e-06 1.05683e-06 1.43576e-06 9.88508e-07 1.29524e-06 1.0601e-06 2.19413e-06 1.69059e-06 8.38004e-07
threshold=7.1008243828001545 7.2119141714586075 5.5052984857290932 2.0126758453675753 1.8688348091416842 7.6902834072304618 3.4811217321331038 3.6632328069201612 3.7132745361986528 5.2203412156610947
decision_type=2 2 2 2 2 2 2 2 2 2
left_child=2 -2 9 -4 5 -3 8 -8 -6 -1
right_child=1 4 3 -5 6 -7 7 -9 -10 -11
leaf_value=1.7408322624459555e-06 4.0822221651776804e-05 6.0075284757961795e-05 -7.5059386621102348e-06 -7.2133783251047132e-05 -9.2128058713569771e-07 6.7796221149987296e-06 6.678441306576134e-05 -1.0838628375631386e-07 -4.4324086333550183e-05 -2.7030785878940317e-05
leaf_weight=127 8.9999999999999982 6.0000000000000027 10.999999999999998 4.9999999999999991 25 19 4.9999999999999991 254 13.999999999999998 10.999999999999998
leaf_count=127 9 6 11 5 25 19 5 254 14 11
internal_value=0 1.56472e-06 -3.37329e-06 -2.77021e-05 4.70858e-07 1.95706e-05 -1.13147e-06 1.18298e-06 -1.65018e-05 -5.52558e-07
internal_weight=0 332 154 16 323 25 298 259 39 138
internal_count=486 332 154 16 323 25 298 259 39 138
is_linear=0
shrinkage=0.1


Tree=674
num_leaves=6
num_cat=0
split_feature=89 24 58 58 68
split_gain=2.44062e-07 3.34891e-07 3.52544e-07 6.37244e-07 3.3819e-07
threshold=10.395425808672428 6.6355296032743123 6.1974365842109203 5.97498337825657 5.9532129741149253
decision_type=2 2 2 2 2
left_child=1 2 3 4 -1
right_child=-2 -3 -4 -5 -6
leaf_value=-2.3067364330447364e-07 -1.8537493607644656e-05 2.0559374843287517e-05 2.633848460391164e-05 -2.8337081221252448e-05 2.0511851698756803e-05
leaf_weight=450 6.9999999999999991 7.9999999999999991 4.9999999999999991 7.9999999999999991 7.9999999999999991
leaf_count=450 7 8 5 8 8
internal_value=0 2.70903e-07 -7.36997e-08 -3.57092e-07 1.31641e-07
internal_weight=0 479 471 466 458
internal_count=486 479 471 466 458
is_linear=0
shrinkage=0.1


Tree=675
num_leaves=11
num_cat=0
split_feature=70 37 18 32 70 6 4 11 60 84
split_gain=2.3795e-07 1.22409e-06 1.44381e-06 1.6052e-06 1.32437e-06 1.16775e-06 1.95279e-06 1.3258e-06 9.37542e-07 6.05945e-07
threshold=2.524928003624769 0.8958797346140277 2.191013317336941 5.9964025824430864 2.3502401828962087 1.0397207708399181 2.7058230259275202 3.3497501700808394 1.9356005054539456 1.2424533248940004
decision_type=2 2 2 2 2 2 2 2 2 2
left_child=1 4 -3 -4 5 7 -7 -1 -2 -10
right_child=8 2 3 -5 -6 6 -8 -9 9 -11
leaf_value=2.850839696943045e-05 4.0446495525732946e-05 -5.8589186872788041e-05 -1.1670441491525819e-06 -6.1968555673956881e-05 5.3847017115913329e-05 -3.9500275585548168e-05 1.5971620417655107e-05 -7.948754180113994e-06 -9.6319159397353359e-06 2.2207883557635254e-06
leaf_weight=21 5.9999999999999991 6.9999999999999991 33 4.9999999999999991 4.9999999999999991 15.000000000000002 10.999999999999998 19 50 314
leaf_count=21 6 7 33 5 5 15 11 19 50 314
internal_value=0 -3.95182e-06 -1.68551e-05 -9.16724e-06 4.22632e-06 4.67177e-07 -1.60314e-05 1.11913e-05 1.23895e-06 5.9267e-07
internal_weight=0 116 45 38 71 66 26 40 370 364
internal_count=486 116 45 38 71 66 26 40 370 364
is_linear=0
shrinkage=0.1


Tree=676
num_leaves=11
num_cat=0
split_feature=13 13 36 34 87 71 38 85 19 102
split_gain=2.47089e-07 1.58336e-06 1.23871e-06 1.49068e-06 1.23259e-06 1.47641e-06 8.69535e-07 8.27522e-07 1.6199e-06 1.56494e-06
threshold=4.1742689126930488 4.4187680230537838 4.465842055365858 5.5606520443413574 5.1298812082267613 3.9607678160667752 4.8674160932529942 5.379886735236628 8.7846956037077835 3.1132683346437333
decision_type=2 2 2 2 2 2 2 2 2 2
left_child=2 4 3 6 5 -2 -1 8 -3 -9
right_child=1 7 -4 -5 -6 -7 -8 9 -10 -11
leaf_value=6.1649544815872873e-07 -3.4168680334308457e-06 4.9425335277596283e-05 4.318001548589174e-05 -5.3517379856202749e-05 1.0514435278234185e-05 -6.6163170558866113e-05 3.2151772837904801e-05 -5.5841371054806843e-07 2.5745995499830053e-06 -4.4627300343967766e-05
leaf_weight=307 6.0000000000000062 8.9999999999999982 6.9999999999999991 4.9999999999999991 5.9999999999999991 9.9999999999999982 8.9999999999999982 77 41 8.9999999999999982
leaf_count=307 6 9 7 5 6 10 9 77 41 9
internal_value=0 -3.24875e-06 1.56495e-06 6.57455e-07 -2.81385e-05 -4.26333e-05 1.51465e-06 7.77522e-07 1.10077e-05 -5.17027e-06
internal_weight=0 158 328 321 22 16 316 136 50 86
internal_count=486 158 328 321 22 16 316 136 50 86
is_linear=0
shrinkage=0.1


Tree=677
num_leaves=11
num_cat=0
split_feature=81 71 71 92 44 73 62 7 60 66
split_gain=2.53027e-07 1.0831e-06 7.98457e-07 1.31781e-06 1.37651e-06 9.65224e-07 1.0235e-06 8.43293e-07 1.7599e-06 6.999e-07
threshold=5.9454069026540806 5.9454069026540806 5.598394523403428 5.6869236443868436 5.9814014572911871 5.5721468034537072 7.09423450157795 5.3890613045707267 3.8064155152036787 4.6959141240107813
decision_type=2 2 2 2 2 2 2 2 2 2
left_child=2 -2 5 -4 -5 7 -7 9 -9 -1
right_child=1 -3 3 4 -6 6 -8 8 -10 -11
leaf_value=3.067928425897677e-07 -3.4407734214751562e-05 1.9111602072101693e-08 -2.1977637294412477e-05 5.4197718616871321e-05 -2.5281229292366856e-06 -5.7228738235911206e-05 4.031514145026448e-06 -2.2816356577095575e-05 5.1178633616978516e-05 -3.4126072305677252e-05
leaf_weight=366 10.999999999999998 54 6.0000000000000027 11.000000000000002 6.9999999999999991 5.9999999999999982 5 4.9999999999999991 8.9999999999999982 5.9999999999999991
leaf_count=366 11 54 6 11 7 6 5 5 9 6
internal_value=0 -5.80697e-06 8.96563e-07 1.86088e-05 3.21377e-05 -1.74205e-07 -2.93832e-05 6.58175e-07 2.47519e-05 -2.48576e-07
internal_weight=0 65 421 24 18 397 11 386 14 372
internal_count=486 65 421 24 18 397 11 386 14 372
is_linear=0
shrinkage=0.1


Tree=678
num_leaves=11
num_cat=0
split_feature=75 75 7 65 82 44 65 50 41 10
split_gain=2.34905e-07 1.12912e-06 1.01165e-06 8.37716e-07 7.40307e-07 1.43688e-06 1.11077e-06 7.19347e-07 1.1083e-06 1.07535e-06
threshold=4.7273486598447958 4.7957563937576522 5.0237939482549434 4.3943729409690677 6.5944050384056014 5.0172579074712669 4.7957563937576522 2.8029010331479989 2.524928003624769 2.8029010331479989
decision_type=2 2 2 2 2 2 2 2 2 2
left_child=2 -2 4 -3 5 6 -1 9 -9 -5
right_child=1 3 -4 7 -6 -7 -8 8 -10 -11
leaf_value=-2.0527941231754405e-06 3.6690868569166923e-05 3.0713146366502369e-05 -3.2116400953699755e-05 -3.0766182640541556e-05 2.3116593062392592e-05 -3.9367752870020921e-05 3.8649522866762713e-05 2.3671876685208797e-05 -4.1731406298999277e-07 3.3423919950636395e-06
leaf_weight=159 8.9999999999999982 8.9999999999999982 10.999999999999998 18 11.999999999999998 9.9999999999999982 6.9999999999999991 21 211 19
leaf_count=159 9 9 11 18 12 10 7 21 211 19
internal_value=0 1.83068e-06 -2.64023e-06 7.02117e-07 -9.15564e-07 -2.55412e-06 -3.36431e-07 -3.01969e-07 1.76317e-06 -1.3251e-05
internal_weight=0 287 199 278 188 176 166 269 232 37
internal_count=486 287 199 278 188 176 166 269 232 37
is_linear=0
shrinkage=0.1


Tree=679
num_leaves=10
num_cat=0
split_feature=18 96 6 96 24 54 95 95 91
split_gain=2.06655e-07 4.43456e-07 7.09131e-07 5.10967e-07 1.22171e-06 5.71424e-07 4.38913e-07 6.29703e-07 1.51793e-07
threshold=6.370694943039239 4.8597823571876004 3.9316333620047872 4.6150714996361826 3.8499212036984933 4.6539149966267201 6.9334154259936662 6.5624281337850094 6.3809692771529329
decision_type=2 2 2 2 2 2 2 2 2
left_child=1 3 8 6 -5 -6 7 -1 -3
right_child=-2 2 -4 4 5 -7 -8 -9 -10
leaf_value=-9.743493839031462e-08 2.0225201296852902e-05 -9.4310202105892396e-06 -3.7836455885553735e-05 4.9773063385925631e-05 -2.8267892630537955e-05 1.1969336840896479e-05 2.9085566493449735e-05 -2.4333333501338283e-05 1.4160823775455354e-05
leaf_weight=422 4.9999999999999991 6.0000000000000018 7.9999999999999991 7.0000000000000027 5.0000000000000027 11.999999999999998 4.9999999999999991 10.999999999999998 5
leaf_count=422 5 6 8 7 5 12 5 11 5
internal_value=0 -2.10241e-07 -1.51828e-05 4.05514e-07 1.46127e-05 1.34858e-07 -3.7296e-07 -7.13128e-07 1.29255e-06
internal_weight=0 481 19 462 24 17 438 433 11
internal_count=486 481 19 462 24 17 438 433 11
is_linear=0
shrinkage=0.1


Tree=680
num_leaves=11
num_cat=0
split_feature=33 33 70 21 33 44 53 22 40 27
split_gain=2.04368e-07 9.0015e-07 1.14357e-06 9.37569e-07 7.68075e-07 6.97622e-07 1.21712e-06 5.8922e-07 1.0471e-06 8.80804e-07
threshold=5.3518469026947413 4.8201514758423682 3.7609296261008152 4.7621374077860157 4.6346818562128229 5.609465086342035 4.8751681865209777 6.9546224757073114 4.5107991236896536 4.976709960642169
decision_type=2 2 2 2 2 2 2 2 2 2
left_child=1 4 -3 -4 5 6 -1 8 -2 -9
right_child=7 2 3 -5 -6 -7 -8 9 -10 -11
leaf_value=-1.1864208908916692e-07 2.0382263028295711e-06 -6.1184044752735604e-05 1.7025424373665973e-05 -2.3319643230479417e-05 2.0625168801618404e-05 3.6567429160641043e-05 -3.7357498917521705e-05 -3.9976216398827092e-05 5.4880147361776234e-05 4.0846979740011627e-06
leaf_weight=354 9.9999999999999982 5.0000000000000027 9.0000000000000018 15.999999999999998 18 4.9999999999999991 8.9999999999999982 4.9999999999999991 5.9999999999999991 49
leaf_count=354 10 5 9 16 18 5 9 5 6 49
internal_value=0 -8.41183e-07 -1.75269e-05 -8.79542e-06 4.55631e-07 -5.30923e-07 -1.04192e-06 4.99903e-06 2.18539e-05 4.98368e-09
internal_weight=0 416 30 25 386 368 363 70 16 54
internal_count=486 416 30 25 386 368 363 70 16 54
is_linear=0
shrinkage=0.1


Tree=681
num_leaves=11
num_cat=0
split_feature=65 75 11 15 28 22 46 46 37 55
split_gain=1.96849e-07 1.51107e-06 1.67043e-06 1.37954e-06 1.38225e-06 1.33871e-06 1.37117e-06 1.28824e-06 1.14075e-06 1.07231e-06
threshold=3.0868930519509687 3.8499212036984933 3.2769667020129059 2.649158683274019 4.234001473612734 6.6580036303642656 2.5619819897016298 2.5619819897016298 3.0201273556387074 3.6361991962850237
decision_type=2 2 2 2 2 2 2 2 2 2
left_child=1 2 7 4 -2 6 -4 -1 -3 -5
right_child=3 8 5 9 -6 -7 -8 -9 -10 -11
leaf_value=2.5036124955590822e-05 9.8915809871868987e-06 -7.4159168289043026e-05 -2.5181670660927579e-05 -4.6700295060873029e-05 6.0394857246137694e-05 1.9009855077456453e-05 2.6083025234887219e-05 -1.7788505647331477e-05 -9.4850078615612181e-06 -5.1069408888960274e-08
leaf_weight=32 24.000000000000004 4.9999999999999982 40 4.9999999999999991 6.9999999999999991 11.999999999999998 5.9999999999999991 8.9999999999999982 6 340
leaf_count=32 24 5 40 5 7 12 6 9 6 340
internal_value=0 -3.72088e-06 1.8595e-07 1.08856e-06 2.12955e-05 -1.07354e-05 -1.8495e-05 1.56356e-05 -3.88824e-05 -7.27145e-07
internal_weight=0 110 99 376 31 58 46 41 11 345
internal_count=486 110 99 376 31 58 46 41 11 345
is_linear=0
shrinkage=0.1


Tree=682
num_leaves=11
num_cat=0
split_feature=81 71 61 82 82 82 67 86 40 76
split_gain=2.0432e-07 8.72171e-07 6.44127e-07 8.28961e-07 6.43847e-07 1.19734e-06 8.14038e-07 6.5387e-07 1.53255e-06 1.18413e-06
threshold=5.9454069026540806 5.9454069026540806 5.9454069026540806 7.45355582946494 7.1670271600621165 7.1049533148507669 5.1298812082267613 3.7132745361986528 3.0433873634561537 3.7132745361986528
decision_type=2 2 2 2 2 2 2 2 2 2
left_child=4 -2 -3 -4 5 7 -6 9 -9 -1
right_child=1 2 3 -5 6 -7 -8 8 -10 -11
leaf_value=6.3750249564250846e-09 -3.0883415456628426e-05 2.443146661082412e-05 -3.4063259636241132e-05 1.4366577193573609e-06 5.4242648857325549e-05 -4.8553539672866461e-05 3.918072838536723e-06 5.9094533450358235e-05 4.8063802914373062e-06 -4.4796292786486451e-05
leaf_weight=351 10.999999999999998 8.9999999999999982 7.9999999999999991 37 4.9999999999999991 4.9999999999999991 8.9999999999999982 5.9999999999999991 39 5.9999999999999991
leaf_count=351 11 9 8 37 5 5 9 6 39 6
internal_value=0 -5.21822e-06 9.87885e-09 -4.87444e-06 8.05663e-07 8.03642e-08 2.18911e-05 6.85263e-07 1.20448e-05 -7.46611e-07
internal_weight=0 65 54 45 421 407 14 402 45 357
internal_count=486 65 54 45 421 407 14 402 45 357
is_linear=0
shrinkage=0.1


Tree=683
num_leaves=9
num_cat=0
split_feature=80 83 90 27 9 22 21 96
split_gain=2.07231e-07 3.91668e-07 5.01582e-07 3.70926e-07 4.55998e-07 5.24923e-07 4.45129e-07 2.01098e-07
threshold=6.1224543346576867 6.2102047658780704 4.0773937863842606 5.8622006057083782 10.151271422546131 6.9304942881815519 6.2859963606162941 3.2180751841847144
decision_type=2 2 2 2 2 2 2 2
left_child=1 3 7 4 5 -1 -6 -3
right_child=-2 2 -4 -5 6 -7 -8 -9
leaf_value=8.0711507753790099e-07 -1.8469455168694066e-05 1.4947981908335342e-05 3.5668754467873706e-05 -2.7405974396970123e-05 4.1118520894087827e-05 -8.8640617684287662e-06 5.6051603375332586e-06 -1.3413835513347293e-05
leaf_weight=375 5.9999999999999991 5.0000000000000018 6.9999999999999991 4.9999999999999991 5.0000000000000027 66 11.999999999999998 5
leaf_count=375 6 5 7 5 5 66 12 5
internal_value=0 2.30868e-07 1.51384e-05 -3.16491e-07 -2.07541e-08 -6.40272e-07 1.60503e-05 7.67073e-07
internal_weight=0 480 17 463 458 441 17 10
internal_count=486 480 17 463 458 441 17 10
is_linear=0
shrinkage=0.1


Tree=684
num_leaves=11
num_cat=0
split_feature=52 52 76 16 87 60 11 17 19 11
split_gain=2.05801e-07 1.60307e-06 9.5125e-07 8.48846e-07 8.17205e-07 7.81506e-07 7.83391e-07 6.9092e-07 1.02195e-06 7.9356e-07
threshold=5.4116061905722832 5.5333191811709055 3.5549397315361362 3.3667009459186801 3.7012257604091228 3.9701138825728512 3.6632328069201612 2.0126758453675748 7.9936142957790075 3.7609296261008152
decision_type=2 2 2 2 2 2 2 2 2 2
left_child=2 4 3 5 -2 6 -1 9 -9 -3
right_child=1 7 -4 -5 -6 -7 -8 8 -10 -11
leaf_value=6.3689889332288165e-07 1.7482590640481375e-05 5.4494869896428237e-06 -4.5353619207162417e-05 3.5853375084116128e-05 6.4579590907669631e-05 3.6782406132260805e-05 -1.2977609239280388e-05 -4.2788797615382167e-05 -9.383988822157403e-07 4.7165942911912381e-05
leaf_weight=149 14.000000000000002 19.000000000000004 4.9999999999999991 5.9999999999999991 4.9999999999999991 4.9999999999999991 59 5.9999999999999991 212 5.9999999999999991
leaf_count=149 14 19 5 6 5 5 59 6 212 6
internal_value=0 1.90274e-06 -2.22552e-06 -1.24086e-06 2.98765e-05 -2.28577e-06 -3.22491e-06 -2.84516e-07 -2.09024e-06 1.54614e-05
internal_weight=0 262 224 219 19 213 208 243 218 25
internal_count=486 262 224 219 19 213 208 243 218 25
is_linear=0
shrinkage=0.1


Tree=685
num_leaves=11
num_cat=0
split_feature=88 77 63 63 52 46 55 76 60 49
split_gain=2.05137e-07 1.70937e-06 8.04953e-07 1.51603e-06 1.54269e-06 1.67863e-06 1.27799e-06 1.00751e-06 8.8359e-07 7.6477e-07
threshold=3.2180751841847144 3.1345481418531311 3.1984648276080736 3.7726948748059121 6.9343929434115683 3.4334666422309414 3.0868930519509687 3.4811217321331038 4.0773937863842606 8.7846956037077835
decision_type=2 2 2 2 2 2 2 2 2 2
left_child=1 -1 7 4 5 -4 -5 9 -8 -2
right_child=2 -3 3 6 -6 -7 8 -9 -10 -11
leaf_value=1.0663032503543946e-06 -8.7724794377319281e-06 6.0442844405770304e-05 1.4057267127201257e-05 4.0447596152911766e-05 -2.878270359360613e-05 6.6950744884606037e-05 -1.55340877631319e-05 -5.2151626441627741e-05 1.0674810653199529e-06 2.1674097969379445e-05
leaf_weight=160 99 4.9999999999999991 18.000000000000004 6.9999999999999991 4.9999999999999991 8.9999999999999982 43 4.9999999999999991 126 8.9999999999999982
leaf_count=160 99 5 18 7 5 9 43 5 126 9
internal_value=0 2.86559e-06 -1.47297e-06 2.218e-06 2.22398e-05 3.16884e-05 -1.42233e-06 -8.26696e-06 -3.15659e-06 -6.23526e-06
internal_weight=0 165 321 208 32 27 176 113 169 108
internal_count=486 165 321 208 32 27 176 113 169 108
is_linear=0
shrinkage=0.1


Tree=686
num_leaves=11
num_cat=0
split_feature=7 6 7 30 1 96 18 15 21 80
split_gain=2.00086e-07 1.01515e-06 9.13542e-07 2.7299e-07 1.60828e-06 1.46306e-06 1.05068e-06 9.12537e-07 6.803e-07 6.54236e-07
threshold=6.5610216630967022 6.5381387766044883 6.462969825394751 4.0773937863842606 4.8713658868283671 3.1345481418531311 4.1107394736335969 5.3327071242454505 4.8558607684570871 3.4960482137079443
decision_type=2 2 2 2 2 2 2 2 2 2
left_child=2 -2 3 4 8 -6 7 -5 -1 -8
right_child=1 -3 -4 6 5 -7 9 -9 -10 -11
leaf_value=-8.0742459262834296e-07 4.8965097521431709e-05 -1.9689509928058318e-06 -3.9218703750520949e-05 8.5791980786274921e-06 -6.2331840945262194e-05 -6.1279532060738845e-06 1.6437032338051889e-05 5.8926238125422969e-05 2.2589843592868422e-05 -2.5129159113484489e-06
leaf_weight=282 5.0000000000000027 18 5.9999999999999991 8.9999999999999982 8.0000000000000018 10.999999999999998 22 5.9999999999999991 12.999999999999998 106
leaf_count=282 5 18 6 9 8 11 22 6 13 106
internal_value=0 9.10367e-06 -4.52234e-07 5.67349e-08 -1.59264e-06 -2.97927e-05 3.67843e-06 2.8718e-05 2.23641e-07 7.44106e-07
internal_weight=0 23 463 457 314 19 143 15 295 128
internal_count=486 23 463 457 314 19 143 15 295 128
is_linear=0
shrinkage=0.1


Tree=687
num_leaves=8
num_cat=0
split_feature=98 24 85 85 30 1 85
split_gain=2.11121e-07 2.17389e-07 2.40654e-07 1.469e-06 1.01973e-06 7.36574e-07 6.84654e-07
threshold=6.1416464561618449 6.6355296032743123 5.379886735236628 5.298267364047871 2.740319461670996 3.6105525490912482 5.1761337726651186
decision_type=2 2 2 2 2 2 2
left_child=1 2 3 6 -4 -6 -1
right_child=-2 -3 4 -5 5 -7 -8
leaf_value=1.8101211902857155e-06 -1.7241144295050101e-05 1.6598159345448948e-05 -4.0462414160304311e-05 4.3915891649248809e-05 1.8202800492872485e-05 -3.8401476608994147e-06 -1.6915625885650073e-05
leaf_weight=278 6.9999999999999991 7.9999999999999991 6.9999999999999991 7.9999999999999991 17 140 21
leaf_count=278 7 8 7 8 17 140 21
internal_value=0 2.51958e-07 -2.56843e-08 1.62643e-06 -3.11835e-06 -1.45333e-06 4.94935e-07
internal_weight=0 479 471 307 164 157 299
internal_count=486 479 471 307 164 157 299
is_linear=0
shrinkage=0.1


Tree=688
num_leaves=11
num_cat=0
split_feature=87 67 94 69 47 48 61 46 88 81
split_gain=1.9463e-07 1.07377e-06 1.21953e-06 8.79928e-07 6.24969e-07 1.73919e-06 7.59377e-07 1.33307e-06 1.2708e-06 5.97083e-07
threshold=2.0126758453675748 0.8958797346140277 3.3667009459186801 7.9851308890155055 2.0126758453675748 3.6632328069201612 3.7609296261008152 2.5619819897016298 3.5408542930527882 4.2045812236012674
decision_type=2 2 2 2 2 2 2 2 2 2
left_child=3 2 -2 9 5 -3 7 -6 -8 -1
right_child=1 4 -4 -5 6 -7 8 -9 -10 -11
leaf_value=2.1157101648648015e-06 -5.8093285146501986e-05 1.0009425683097947e-06 9.3539918972445383e-07 2.6696596237992968e-05 -3.5755870896323094e-05 5.6935671974705273e-05 3.3441674283742692e-05 2.3320880075061724e-06 -1.4183372291787442e-06 -2.3100453272490999e-05
leaf_weight=154 6.9999999999999982 27 7 13.999999999999998 17 6.9999999999999991 10.999999999999998 20 212 9.9999999999999982
leaf_count=154 7 27 7 14 17 7 11 20 212 10
internal_value=0 -1.52132e-06 -2.85789e-05 2.6324e-06 -2.32864e-07 1.25169e-05 -1.90014e-06 -1.51678e-05 3.01215e-07 5.78139e-07
internal_weight=0 308 14 178 294 34 260 37 223 164
internal_count=486 308 14 178 294 34 260 37 223 164
is_linear=0
shrinkage=0.1


Tree=689
num_leaves=11
num_cat=0
split_feature=33 33 70 44 33 42 46 69 57 59
split_gain=1.9485e-07 6.33029e-07 8.34948e-07 7.44926e-07 5.70529e-07 5.87972e-07 1.39254e-06 1.18818e-06 5.21661e-07 4.7656e-07
threshold=5.3518469026947413 4.8201514758423682 3.7609296261008152 4.9052473428434826 4.6346818562128229 7.1514658096235397 4.465842055365858 9.6896120095519009 5.1298812082267613 9.6292383447521708
decision_type=2 2 2 2 2 2 2 2 2 2
left_child=1 4 -3 -4 5 6 -1 -7 -5 -2
right_child=9 2 3 8 -6 7 -8 -9 -10 -11
leaf_value=-4.9911780746469956e-07 1.469199308711064e-05 -5.2117839804850487e-05 1.5662582629576915e-05 -3.8356056393240578e-05 1.76494731729488e-05 5.8419235283508907e-05 -4.9085958562500312e-05 -5.4067676891073848e-06 -2.2430146145779871e-06 -2.0580878188455954e-06
leaf_weight=350 29 5.0000000000000027 9.0000000000000018 7.9999999999999991 18 4.9999999999999982 5.9999999999999991 7 7.9999999999999991 41
leaf_count=350 29 5 9 8 18 5 6 7 8 41
internal_value=0 -8.21361e-07 -1.4814e-05 -7.35317e-06 2.66146e-07 -5.84125e-07 -1.318e-06 2.11874e-05 -2.02995e-05 4.88123e-06
internal_weight=0 416 30 25 386 368 356 12 16 70
internal_count=486 416 30 25 386 368 356 12 16 70
is_linear=0
shrinkage=0.1


Tree=690
num_leaves=11
num_cat=0
split_feature=7 6 7 30 25 35 15 59 35 91
split_gain=2.075e-07 8.16192e-07 6.73705e-07 2.26243e-07 2.1444e-07 9.59575e-07 8.31217e-07 8.28458e-07 6.09511e-07 5.4531e-07
threshold=6.5610216630967022 6.5381387766044883 6.462969825394751 4.0773937863842606 5.1761337726651186 5.4204958404047412 5.4701654074033046 8.2122545944910268 5.5293975924403922 6.1569700081995915
decision_type=2 2 2 2 2 2 2 2 2 2
left_child=2 -2 4 -3 5 9 7 -6 -8 -1
right_child=1 3 -4 -5 6 -7 8 -9 -10 -11
leaf_value=-1.5350246237244656e-06 4.5013179478701179e-05 1.0553550317935228e-05 -3.3751549684287362e-05 -1.186881666702296e-05 2.3411994603790204e-06 -3.8355010786160296e-05 -1.7497241194632807e-05 2.8824026549045813e-05 1.393242250616014e-06 2.8959300955951524e-05
leaf_weight=259 5.0000000000000027 9.0000000000000018 5.9999999999999991 8.9999999999999982 27 6.9999999999999991 20 21 117 5.9999999999999991
leaf_count=259 5 9 6 9 27 7 20 21 117 6
internal_value=0 9.2708e-06 -4.60537e-07 -6.57633e-07 -2.34555e-08 -1.80993e-06 2.60314e-06 1.39274e-05 -1.36449e-06 -8.44587e-07
internal_weight=0 23 463 18 457 272 185 48 137 265
internal_count=486 23 463 18 457 272 185 48 137 265
is_linear=0
shrinkage=0.1


Tree=691
num_leaves=11
num_cat=0
split_feature=97 97 24 4 97 93 92 92 93 92
split_gain=1.93139e-07 1.22468e-06 9.67974e-07 7.88881e-07 5.75335e-07 1.23375e-06 1.07216e-06 3.09015e-06 1.34177e-06 1.00298e-06
threshold=4.2625806805327082 4.5538214868689204 5.3423228052093945 3.9316333620047872 3.4960482137079443 3.8393944990995772 5.5759204062713987 5.625819309938989 2.3937458713910238 5.1647696471263407
decision_type=2 2 2 2 2 2 2 2 2 2
left_child=4 2 3 -2 6 -6 9 -8 -9 -1
right_child=1 -3 -4 -5 5 -7 7 8 -10 -11
leaf_value=-9.4907674721949035e-07 -3.0487062758766072e-06 1.2440928315170044e-06 1.0298156363811966e-05 -5.0326216902855471e-05 -2.716820074016616e-06 2.146074212142151e-05 -8.8051946368068452e-05 1.3240551787677387e-05 -1.8453785838466823e-05 1.6803354185121395e-05
leaf_weight=173 5.0000000000000062 105 5.9999999999999991 11.999999999999998 46 39 4.9999999999999991 22 34 39
leaf_count=173 5 105 6 12 46 39 5 22 34 39
internal_value=0 -3.3339e-06 -2.42334e-05 -3.64211e-05 1.19201e-06 8.37641e-06 -1.04489e-06 -1.27278e-05 -6.00244e-06 2.3167e-06
internal_weight=0 128 23 17 358 85 273 61 56 212
internal_count=486 128 23 17 358 85 273 61 56 212
is_linear=0
shrinkage=0.1


Tree=692
num_leaves=11
num_cat=0
split_feature=94 94 15 72 16 62 42 94 94 69
split_gain=1.79219e-07 8.15166e-07 7.68077e-07 8.45011e-07 6.77899e-07 5.94774e-07 6.19562e-07 5.93043e-07 1.43064e-06 1.38768e-06
threshold=4.1430087342023825 4.4995626957636246 4.8903208612686422 4.6913057964583187 3.6632328069201612 4.0428973506407848 4.3437210834879627 3.3667009459186801 3.0433873634561537 7.1196304013462752
decision_type=2 2 2 2 2 2 2 2 2 2
left_child=7 2 3 -2 -4 -3 -7 8 -1 -9
right_child=1 5 4 -5 -6 6 -8 9 -10 -11
leaf_value=1.2991340886751111e-06 -5.0114765650101202e-06 3.1560931529384109e-05 1.4785860184929335e-05 -4.5546350399187463e-05 -2.9622134406963595e-05 -2.7657248620016619e-05 7.5767717250523382e-07 2.798869214669909e-05 -3.4433981250003852e-05 -1.6869267301444781e-06
leaf_weight=169 9.0000000000000018 5.9999999999999991 10.999999999999998 11.999999999999998 4.9999999999999991 7.9999999999999991 188 26 11.999999999999998 40
leaf_count=169 9 6 11 12 5 8 188 26 12 40
internal_value=0 -1.9522e-06 -1.5598e-05 -2.81743e-05 9.08362e-07 5.47282e-07 -4.02116e-07 1.88897e-06 -1.06991e-06 1.00035e-05
internal_weight=0 239 37 21 16 202 196 247 181 66
internal_count=486 239 37 21 16 202 196 247 181 66
is_linear=0
shrinkage=0.1


Tree=693
num_leaves=11
num_cat=0
split_feature=90 3 54 78 66 69 64 81 64 20
split_gain=1.88757e-07 3.13081e-07 1.80689e-07 9.50714e-07 1.13596e-06 9.2031e-07 8.40473e-07 1.95618e-06 1.72825e-06 2.55632e-06
threshold=5.9042878535355934 3.9316333620047872 1.7005986908310777 3.7609296261008152 1.8688348091416842 6.7730149157208501 3.3140206880897671 1.8688348091416842 3.8064155152036787 2.9174053685313028
decision_type=2 2 2 2 2 2 2 2 2 2
left_child=2 -2 3 4 5 -1 7 -4 9 -8
right_child=1 -3 6 -5 -6 -7 8 -9 -10 -11
leaf_value=1.3903249753986852e-06 -3.1290911720134326e-05 4.0972997157950874e-06 -3.7930447964945897e-05 3.6928120061929809e-05 -1.6652750236887557e-05 2.6284371740889344e-05 7.7617096602417769e-05 -1.03700198513067e-06 -9.2671212773529353e-07 7.837559895138146e-06
leaf_weight=68 4.9999999999999982 5 19 7.9999999999999991 27 19 7.0000000000000027 59 248 21
leaf_count=68 5 5 19 8 27 19 7 59 248 21
internal_value=0 -1.35968e-05 2.85647e-07 3.60447e-06 1.26597e-06 6.82696e-06 -8.58129e-07 -1.00239e-05 1.73219e-06 2.52824e-05
internal_weight=0 10 476 122 114 87 354 78 276 28
internal_count=486 10 476 122 114 87 354 78 276 28
is_linear=0
shrinkage=0.1


Tree=694
num_leaves=9
num_cat=0
split_feature=7 6 7 21 46 56 30 30
split_gain=1.77466e-07 6.4058e-07 5.55199e-07 1.91956e-07 3.35443e-07 5.87777e-07 4.67508e-07 1.82206e-07
threshold=6.5610216630967022 6.5381387766044883 6.462969825394751 6.769642635925333 4.4885732424042368 4.465842055365858 4.1107394736335969 4.0773937863842606
decision_type=2 2 2 2 2 2 2 2
left_child=2 -2 3 4 5 -1 -6 -3
right_child=1 7 -4 -5 6 -7 -8 -9
leaf_value=6.8919215853877829e-08 4.0238250803668025e-05 9.8390074627887845e-06 -3.0647420984071991e-05 -1.6461473621477907e-05 -1.6587244726906646e-05 -2.1539043630652417e-05 1.3758245025676596e-05 -1.0283152045707943e-05
leaf_weight=398 5.0000000000000027 9.0000000000000018 5.9999999999999991 6.9999999999999991 5.9999999999999991 12.999999999999998 33 8.9999999999999982
leaf_count=398 5 9 6 7 6 13 33 9
internal_value=0 8.57365e-06 -4.25905e-07 -2.91235e-08 2.26491e-07 -6.14544e-07 9.08971e-06 -2.22072e-07
internal_weight=0 23 463 457 450 411 39 18
internal_count=486 23 463 457 450 411 39 18
is_linear=0
shrinkage=0.1


Tree=695
num_leaves=11
num_cat=0
split_feature=29 71 74 20 25 99 24 29 62 19
split_gain=1.70254e-07 7.8632e-07 1.02412e-06 1.69189e-06 1.88252e-06 1.32853e-06 6.49715e-07 6.11456e-07 1.38145e-06 8.18959e-07
threshold=6.4052270920020655 2.3502401828962087 3.2180751841847144 1.9356005054539456 4.3943729409690677 3.5114340430413216 1.7005986908310777 6.5792357796731817 4.2903656061101136 6.5792357796731817
decision_type=2 2 2 2 2 2 2 2 2 2
left_child=1 2 3 5 -5 -1 -3 8 -2 -9
right_child=7 6 -4 4 -6 -7 -8 9 -10 -11
leaf_value=5.268880090625317e-06 4.3915676651522501e-05 -1.0979779086911173e-05 -3.1112607965155802e-05 -5.1579128298076944e-05 7.0922065351624043e-06 6.2899766180635194e-05 -5.1987272017868234e-05 -2.8284439235903849e-05 -1.0087994814966807e-05 7.0810717590100083e-07
leaf_weight=7.9999999999999991 10.000000000000002 17.000000000000004 7.9999999999999991 6.9999999999999991 25 7.9999999999999991 4.9999999999999991 9.9999999999999982 8.9999999999999982 379
leaf_count=8 10 17 8 7 25 8 5 10 9 379
internal_value=0 -4.28068e-06 2.01249e-06 7.53334e-06 -5.74215e-06 3.40843e-05 -2.02997e-05 8.18365e-07 1.8335e-05 -3.72025e-08
internal_weight=0 78 56 48 32 16 22 408 19 389
internal_count=486 78 56 48 32 16 22 408 19 389
is_linear=0
shrinkage=0.1


Tree=696
num_leaves=11
num_cat=0
split_feature=90 3 22 32 0 12 0 44 22 97
split_gain=1.71163e-07 2.37763e-07 1.79162e-07 7.46375e-07 6.99183e-07 6.57234e-07 5.83659e-07 4.77728e-07 3.41672e-07 3.42545e-07
threshold=5.9042878535355934 3.9316333620047872 6.9948462051989084 7.0166060642627874 5.272986409146923 7.0166060642627874 5.5234569284970156 5.4847883247493394 7.0758085067049983 4.9045884365324435
decision_type=2 2 2 2 2 2 2 2 2 2
left_child=2 -2 3 5 -4 6 -1 -5 -6 -10
right_child=1 -3 4 7 8 -7 -8 -9 9 -11
leaf_value=6.0643194693215412e-07 -2.8367206105031081e-05 2.4719290286157043e-06 -3.6724879828398121e-05 5.0029442354571089e-05 -2.1047619813430175e-05 2.8847700559708758e-05 -2.1816271267501486e-05 6.315480095508973e-06 7.2181594800778654e-06 -6.2135775486830113e-06
leaf_weight=356 4.9999999999999982 5 5.9999999999999991 4.9999999999999982 7.9999999999999991 7.9999999999999991 11.999999999999998 5 39 37
leaf_count=356 5 5 6 5 8 8 12 5 39 37
internal_value=0 -1.29476e-05 2.72009e-07 1.20881e-06 -3.74583e-06 4.91692e-07 -1.24743e-07 2.81725e-05 -1.39018e-06 6.79024e-07
internal_weight=0 10 476 386 90 376 368 10 84 76
internal_count=486 10 476 386 90 376 368 10 84 76
is_linear=0
shrinkage=0.1


Tree=697
num_leaves=9
num_cat=0
split_feature=28 28 15 96 15 102 20 37
split_gain=1.64654e-07 4.37498e-07 5.05602e-07 2.60139e-07 2.56882e-07 4.6287e-07 4.32261e-07 2.46505e-07
threshold=6.1081203872229013 5.8347936374918037 7.1238964247157321 4.317399216745252 6.8330294103967413 2.1383330595080281 5.1618877947679662 5.3706272113530096
decision_type=2 2 2 2 2 2 2 2
left_child=1 2 4 -3 6 -6 -1 -2
right_child=7 3 -4 -5 5 -7 -8 -9
leaf_value=2.1228525471809327e-07 1.646107141693522e-06 4.0878579186807793e-06 -2.9064426538146412e-05 3.1350544928240453e-05 -6.7651109134203553e-06 2.4847819821099456e-05 -1.8301919107426119e-05 -2.5976211266727962e-05
leaf_weight=421 6.9999999999999982 6.9999999999999982 5.9999999999999991 7 8.0000000000000018 10.999999999999998 12.999999999999998 6
leaf_count=421 7 7 6 7 8 11 13 6
internal_value=0 3.05147e-07 -2.26001e-07 1.77192e-05 1.55965e-07 1.15371e-05 -3.42288e-07 -1.11027e-05
internal_weight=0 473 459 14 453 19 434 13
internal_count=486 473 459 14 453 19 434 13
is_linear=0
shrinkage=0.1


Tree=698
num_leaves=11
num_cat=0
split_feature=84 7 24 41 98 98 98 71 41 87
split_gain=1.60479e-07 7.68911e-07 8.33058e-07 7.49337e-07 6.87293e-07 1.25254e-06 7.85859e-07 7.79995e-07 7.11749e-07 5.86844e-07
threshold=1.4978661367769956 1.5890269151739729 4.4995626957636246 3.4334666422309414 3.6105525490912482 3.3667009459186801 3.891612008168019 4.1107394736335969 1.4978661367769956 2.0126758453675748
decision_type=2 2 2 2 2 2 2 2 2 2
left_child=1 2 3 -1 5 8 -6 -8 -3 -2
right_child=9 4 -4 -5 6 -7 7 -9 -10 -11
leaf_value=7.4587919568460009e-06 8.3800466673740932e-06 1.2098484075977469e-05 -2.4602224366390151e-05 4.7530251738083152e-05 2.5389812799403446e-05 -6.3987586763687425e-05 -1.0433291994652395e-05 3.1518936666543602e-05 -1.9294159610930926e-05 -1.1460527280371904e-06
leaf_weight=14.000000000000005 84 9.9999999999999982 4.9999999999999991 6.9999999999999991 9.9999999999999982 4.9999999999999991 39 4.9999999999999991 26 281
leaf_count=14 84 10 5 7 10 5 39 5 26 281
internal_value=0 -3.15606e-06 1.20817e-05 2.08159e-05 -7.32639e-06 -1.70878e-05 8.50819e-08 -5.66599e-06 -1.0574e-05 1.04626e-06
internal_weight=0 121 26 21 95 41 54 44 36 365
internal_count=486 121 26 21 95 41 54 44 36 365
is_linear=0
shrinkage=0.1


Tree=699
num_leaves=11
num_cat=0
split_feature=65 75 11 81 96 46 7 15 34 38
split_gain=1.84332e-07 9.38085e-07 1.0997e-06 1.00652e-06 9.70135e-07 1.11781e-06 9.60484e-07 9.17628e-07 9.50485e-07 1.19296e-06
threshold=3.0868930519509687 3.8499212036984933 3.2769667020129059 3.1132683346437333 2.191013317336941 2.5619819897016298 1.0397207708399181 2.649158683274019 3.3667009459186801 4.4367340276668159
decision_type=2 2 2 2 2 2 2 2 2 2
left_child=1 2 3 6 5 -4 -1 8 -2 -10
right_child=7 -3 4 -5 -6 -7 -8 -9 9 -11
leaf_value=1.0779111887261801e-05 5.7463260600343309e-05 -3.1304872953280046e-05 -3.3849158353405069e-05 -4.8467601453395269e-06 2.2740203377225044e-06 1.8761745595838876e-05 5.4214862575463489e-05 -4.2746985993448033e-07 -5.9700430158825061e-07 5.3753680149384315e-05
leaf_weight=14.000000000000002 5.0000000000000027 10.999999999999998 21.000000000000004 19 32 4.9999999999999991 7.9999999999999991 345 21.000000000000004 4.9999999999999991
leaf_count=14 5 11 21 19 32 5 8 345 21 5
internal_value=0 -3.60064e-06 -5.22393e-07 1.20131e-05 -9.38371e-06 -2.37317e-05 2.65739e-05 1.05338e-06 1.75338e-05 9.85505e-06
internal_weight=0 110 99 41 58 26 22 376 31 26
internal_count=486 110 99 41 58 26 22 376 31 26
is_linear=0
shrinkage=0.1


Tree=700
num_leaves=11
num_cat=0
split_feature=70 60 53 24 82 90 92 11 77 49
split_gain=1.56617e-07 7.30176e-07 7.26633e-07 1.15159e-06 1.08645e-06 8.60088e-07 9.73021e-07 8.82335e-07 8.90738e-07 7.86524e-07
threshold=2.524928003624769 1.9356005054539456 0.89587973461402759 4.0773937863842606 3.2180751841847144 2.3937458713910238 4.3437210834879627 3.891612008168019 1.4978661367769956 6.5147115934776361
decision_type=2 2 2 2 2 2 2 2 2 2
left_child=2 -2 5 4 -4 7 -7 9 -9 -1
right_child=1 -3 3 -5 -6 6 -8 8 -10 -11
leaf_value=3.4017123319548153e-05 3.5606090871927636e-05 4.3480272546565799e-07 2.6198251998721392e-05 -5.0630665334340717e-05 -1.5587914666476926e-05 5.4192321404116238e-05 6.9459091077185482e-06 -5.3595190235812757e-05 1.6674426569807109e-06 -8.4381654801291006e-06
leaf_weight=6.0000000000000027 5.9999999999999991 364 7.9999999999999991 6.9999999999999991 28 4.9999999999999991 34 6.9999999999999982 5 15.999999999999998
leaf_count=6 6 364 8 7 28 5 34 7 5 16
internal_value=0 1.00515e-06 -3.20608e-06 -1.35184e-05 -6.3021e-06 2.86829e-06 1.30031e-05 -8.75697e-06 -3.05691e-05 3.14055e-06
internal_weight=0 370 116 43 36 73 39 34 12 22
internal_count=486 370 116 43 36 73 39 34 12 22
is_linear=0
shrinkage=0.1


Tree=701
num_leaves=11
num_cat=0
split_feature=90 72 96 99 91 93 13 11 10 53
split_gain=1.60808e-07 7.92017e-07 9.13965e-07 1.51948e-06 6.97499e-07 1.76628e-06 1.63978e-06 1.09737e-06 1.05221e-06 1.00825e-06
threshold=2.8314802400679731 1.0397207708399181 1.9356005054539456 3.5114340430413216 2.3937458713910238 3.0433873634561537 2.3502401828962087 3.6632328069201612 3.4334666422309414 1.4978661367769959
decision_type=2 2 2 2 2 2 2 2 2 2
left_child=1 2 3 -1 5 6 9 -7 -8 -2
right_child=4 -3 -4 -5 -6 7 8 -9 -10 -11
leaf_value=7.4735585258167677e-07 5.7591375176950029e-07 5.6420388260521166e-06 1.2829569413952413e-05 -6.3049544977340178e-05 4.3287335618932868e-07 -7.6591651304624991e-05 4.0354943339480085e-05 -1.3159141853975596e-05 -1.2615804007509724e-05 -5.7396867850911798e-05
leaf_weight=8.0000000000000018 6.0000000000000018 132 7.9999999999999991 6.9999999999999991 292 5.9999999999999982 9.9999999999999982 5 5.9999999999999991 6
leaf_count=8 6 132 8 7 292 6 10 5 6 6
internal_value=0 2.65818e-06 -1.44666e-05 -2.90245e-05 -1.24477e-06 -1.38056e-05 -4.66826e-07 -4.77587e-05 2.04909e-05 -2.84105e-05
internal_weight=0 155 23 15 331 39 28 11 16 12
internal_count=486 155 23 15 331 39 28 11 16 12
is_linear=0
shrinkage=0.1


Tree=702
num_leaves=9
num_cat=0
split_feature=79 45 12 101 22 22 51 0
split_gain=1.52821e-07 2.39725e-07 2.79515e-07 3.26031e-07 2.83499e-07 7.89398e-07 6.09226e-07 1.48853e-07
threshold=10.484548129982606 7.6871458025129282 7.816793667754852 2.249904835165133 6.9304942881815519 6.7821689169642818 3.6632328069201612 6.6982672939140819
decision_type=2 2 2 2 2 2 2 2
left_child=1 2 4 7 5 -1 -6 -4
right_child=-2 -3 3 -5 6 -7 -8 -9
leaf_value=-5.1417965058607794e-07 1.2909561918503542e-05 -1.8613095146845029e-05 1.4015534361533358e-05 3.4193298197351397e-05 -3.9826373540563513e-05 1.8221560249761145e-05 -3.6594686715783179e-06 -9.3467341366704189e-06
leaf_weight=357 8.9999999999999982 6.9999999999999991 5.9999999999999982 4.9999999999999991 4.9999999999999991 24 68 5
leaf_count=357 9 7 6 5 5 24 68 5
internal_value=0 -2.43577e-07 3.00119e-08 1.30204e-05 -4.27798e-07 6.66024e-07 -6.13665e-06 3.39632e-06
internal_weight=0 477 470 16 454 381 73 11
internal_count=486 477 470 16 454 381 73 11
is_linear=0
shrinkage=0.1


Tree=703
num_leaves=11
num_cat=0
split_feature=65 75 53 15 28 55 11 46 13 34
split_gain=1.45399e-07 7.75705e-07 9.8377e-07 6.97477e-07 7.60065e-07 6.15387e-07 6.02527e-07 1.02591e-06 9.0849e-07 8.35164e-07
threshold=2.649158683274019 2.649158683274019 3.8606743063089755 2.649158683274019 4.234001473612734 4.3036997296511936 3.2769667020129059 2.5619819897016298 1.4978661367769959 3.8064155152036787
decision_type=2 2 2 2 2 2 2 2 2 2
left_child=1 6 -3 4 5 -2 7 9 -8 -1
right_child=3 2 -4 -5 -6 -7 8 -9 -10 -11
leaf_value=7.3584956074531251e-06 2.0369140416473124e-05 -3.8374188685944916e-05 1.4421147934626789e-05 -3.6133172150077855e-07 4.4285790188171508e-05 -1.2110827083233745e-05 -1.7420661327326844e-05 -2.4233915038556526e-05 9.1502106194887115e-06 4.3768065168276535e-05
leaf_weight=21.000000000000004 14.000000000000005 12.000000000000002 4.9999999999999991 348 6.9999999999999991 9.9999999999999982 31 6.9999999999999991 22 8.9999999999999982
leaf_count=21 14 12 5 348 7 10 31 7 22 9
internal_value=0 -3.2553e-06 -2.28461e-05 9.19042e-07 1.52923e-05 6.83582e-06 4.45197e-07 1.02379e-05 -6.39124e-06 1.82814e-05
internal_weight=0 107 17 379 31 24 90 37 53 30
internal_count=486 107 17 379 31 24 90 37 53 30
is_linear=0
shrinkage=0.1


Tree=704
num_leaves=11
num_cat=0
split_feature=33 13 10 20 18 20 36 47 27 47
split_gain=1.46439e-07 5.25137e-07 7.2733e-07 1.0916e-06 9.87002e-07 9.4831e-07 6.82763e-07 7.33351e-07 6.77807e-07 3.86156e-07
threshold=5.3518469026947413 4.1742689126930488 3.3497501700808394 4.135134555718313 4.5950688323293329 3.9701138825728512 4.465842055365858 4.8080360556008896 4.2625806805327082 4.6346818562128229
decision_type=2 2 2 2 2 2 2 2 2 2
left_child=1 6 -3 5 -5 -4 7 8 -1 -2
right_child=9 2 3 4 -6 -7 -8 -9 -10 -11
leaf_value=4.903594965041714e-07 -1.5104777493333031e-05 -4.111040937762785e-05 -1.3082765786728726e-06 -5.6253856164403267e-05 -9.5205286804249492e-06 3.6979917139332334e-05 3.4576235490627977e-05 -3.1483245922052968e-05 2.9977344638609793e-05 7.0845507404097508e-06
leaf_weight=305 8.9999999999999982 5.9999999999999991 23 4.9999999999999991 47 8.9999999999999982 5.9999999999999991 6.9999999999999991 7.9999999999999991 61
leaf_count=305 9 6 23 5 47 9 6 7 8 61
internal_value=0 -7.12054e-07 -7.47409e-06 -5.07149e-06 -1.40141e-05 9.46028e-06 1.15476e-06 5.28112e-07 1.24402e-06 4.23164e-06
internal_weight=0 416 90 84 52 32 326 320 313 70
internal_count=486 416 90 84 52 32 326 320 313 70
is_linear=0
shrinkage=0.1


Tree=705
num_leaves=11
num_cat=0
split_feature=31 80 79 75 1 75 31 80 68 59
split_gain=1.48343e-07 6.76248e-07 8.25897e-07 7.33217e-07 1.16745e-06 1.1021e-06 7.70675e-07 6.67266e-07 1.40688e-06 8.8861e-07
threshold=2.1383330595080277 2.740319461670996 6.232291670340838 5.1532748880139918 3.7132745361986528 4.9344480538832558 2.8314802400679731 3.1345481418531311 2.5619819897016298 6.8946079313622795
decision_type=2 2 2 2 2 2 2 2 2 2
left_child=7 3 -3 5 -5 6 -2 8 -1 -10
right_child=1 2 -4 4 -6 -7 -8 -9 9 -11
leaf_value=1.0769139845041747e-06 4.0167745438728685e-05 -3.8095263350138951e-05 -6.1226815542513266e-07 6.8474470754154037e-05 3.0478842745651488e-06 -3.5967626232983706e-05 5.1921336264404965e-06 1.0134835206877647e-05 -6.5703022701200055e-05 -1.8322534043890251e-05
leaf_weight=52 6.9999999999999991 5.9999999999999991 290 4.9999999999999982 6 5.9999999999999991 63 27 5.0000000000000027 19
leaf_count=52 7 6 290 5 6 6 63 27 5 19
internal_value=0 9.06014e-07 -1.37206e-06 8.6567e-06 3.27872e-05 5.16412e-06 8.68969e-06 -3.36896e-06 -8.16636e-06 -2.81935e-05
internal_weight=0 383 296 87 11 76 70 103 76 24
internal_count=486 383 296 87 11 76 70 103 76 24
is_linear=0
shrinkage=0.1


Tree=706
num_leaves=11
num_cat=0
split_feature=38 22 7 49 54 17 99 11 46 46
split_gain=1.44404e-07 5.37822e-07 8.51967e-07 1.13767e-06 1.11684e-06 6.75428e-07 5.25458e-07 4.79111e-07 3.98523e-07 9.81078e-07
threshold=1.9356005054539456 3.5516610312630568 1.0397207708399181 4.8597823571876004 3.3140206880897671 0.8958797346140277 3.3497501700808394 1.0397207708399181 0.8958797346140277 1.8688348091416842
decision_type=2 2 2 2 2 2 2 2 2 2
left_child=1 2 4 -4 -1 6 -3 -5 -2 -10
right_child=8 5 3 7 -6 -7 -8 -9 9 -11
leaf_value=2.4198745450121344e-06 6.7327566179047555e-06 -8.2667467268038278e-06 5.8270060908398553e-05 -1.8698376758644979e-05 -5.3192877312540081e-05 1.2794376165071629e-06 -5.0711658825873328e-05 1.7782640422107459e-05 -1.3976684946398139e-05 1.3220146461364871e-06
leaf_weight=13.000000000000002 86 5.0000000000000018 5.0000000000000027 5.9999999999999991 4.9999999999999991 10.999999999999998 7 8.9999999999999982 49 290
leaf_count=13 86 5 5 6 5 11 7 9 49 290
internal_value=0 -4.5499e-06 2.75521e-06 1.69602e-05 -1.30281e-05 -1.66192e-05 -3.30263e-05 3.19023e-06 6.53044e-07 -8.89302e-07
internal_weight=0 61 38 20 18 23 12 15 425 339
internal_count=486 61 38 20 18 23 12 15 425 339
is_linear=0
shrinkage=0.1


Tree=707
num_leaves=11
num_cat=0
split_feature=94 92 92 89 36 27 79 94 69 89
split_gain=1.36396e-07 5.87752e-07 1.7532e-06 6.28226e-07 1.1202e-06 6.1896e-07 8.32042e-07 5.4371e-07 6.48345e-07 5.04059e-07
threshold=4.1107394736335969 5.7267999994427079 5.5759204062713987 7.6058583176652066 2.3502401828962087 2.3502401828962087 8.9914040699624831 4.4995626957636246 8.8013188456925118 9.0198328119408355
decision_type=2 2 2 2 2 2 2 2 2 2
left_child=1 2 3 -1 -5 -3 -7 8 9 -2
right_child=7 5 -4 4 -6 6 -8 -9 -10 -11
leaf_value=-1.2142401272486636e-06 -1.0754902486301686e-05 2.4511395037864406e-05 -4.3816202944273957e-05 2.7489454926884108e-05 -1.3175298809073867e-05 -9.028354074153434e-06 3.368761481397087e-05 4.8409305538082819e-07 -3.5811829507616092e-05 2.3714478156762201e-05
leaf_weight=156 28 21 8.9999999999999982 21.000000000000004 9.9999999999999982 19.000000000000004 5.9999999999999991 202 8.9999999999999982 4.9999999999999991
leaf_count=156 28 21 9 21 10 19 6 202 9 5
internal_value=0 1.68217e-06 -7.05315e-07 1.36954e-06 1.43718e-05 1.18549e-05 1.22348e-06 -1.66838e-06 -1.20207e-05 -5.53227e-06
internal_weight=0 242 196 187 31 46 25 244 42 33
internal_count=486 242 196 187 31 46 25 244 42 33
is_linear=0
shrinkage=0.1


Tree=708
num_leaves=9
num_cat=0
split_feature=94 91 99 93 93 31 89 93
split_gain=1.36436e-07 1.82346e-07 3.64518e-07 3.51294e-07 2.74006e-07 8.1393e-07 5.42218e-07 9.14685e-08
threshold=6.5309243747691701 6.2859963606162941 3.8815106545092593 6.1569700081995915 5.8318781773364075 6.1268596494987646 9.9124913356146944 6.3297193168114436
decision_type=2 2 2 2 2 2 2 2
left_child=1 3 -3 4 6 -6 -1 -4
right_child=-2 2 7 -5 5 -7 -8 -9
leaf_value=4.9317001862945865e-08 -1.4986218593548985e-05 2.5972064668167141e-05 6.8974435271229606e-06 -2.0970313880752658e-05 2.7295907251338267e-05 -1.7813139735759856e-05 -3.307193325326807e-05 -1.2230387301315202e-05
leaf_weight=431 5.9999999999999991 8.0000000000000018 4.9999999999999982 7.9999999999999991 12.000000000000002 5.9999999999999991 4.9999999999999991 5
leaf_count=431 6 8 5 8 12 6 5 5
internal_value=0 1.87328e-07 1.00618e-05 -1.97391e-07 1.68652e-07 1.22596e-05 -3.30514e-07 -2.66647e-06
internal_weight=0 480 18 462 454 18 436 10
internal_count=486 480 18 462 454 18 436 10
is_linear=0
shrinkage=0.1


Tree=709
num_leaves=11
num_cat=0
split_feature=65 65 45 75 88 8 64 64 61 88
split_gain=1.30846e-07 7.33696e-07 4.82192e-07 4.0816e-07 7.33309e-07 5.27013e-07 4.4789e-07 8.76392e-07 7.29974e-07 7.37042e-07
threshold=3.9316333620047872 4.0773937863842606 1.2424533248940004 3.5246274206279185 1.0397207708399181 2.5619819897016298 3.3140206880897671 3.6505739029280164 3.9607678160667752 2.9430520157250784
decision_type=2 2 2 2 2 2 2 2 2 2
left_child=3 -2 -3 6 -5 -6 8 -8 9 -1
right_child=1 2 -4 4 5 -7 7 -9 -10 -11
leaf_value=-7.3451159664728027e-06 3.30509154342248e-05 2.6332544283442465e-05 -1.8134837325273848e-07 -4.7902704682201117e-05 -1.990057185489254e-05 9.160955899763697e-06 3.4261354125596376e-05 6.4190852445530515e-07 1.2860176420045636e-05 -4.5586267749188537e-05
leaf_weight=18.000000000000004 6.9999999999999991 6.9999999999999991 341 5.0000000000000027 13.000000000000002 11.999999999999998 8.9999999999999982 56 10.999999999999998 6.9999999999999991
leaf_count=18 7 7 341 5 13 12 9 56 11 7
internal_value=0 9.96745e-07 3.51977e-07 -2.7011e-06 -1.2943e-05 -5.95104e-06 3.4104e-07 5.29691e-06 -8.60706e-06 -1.80526e-05
internal_weight=0 355 348 131 30 25 101 65 36 25
internal_count=486 355 348 131 30 25 101 65 36 25
is_linear=0
shrinkage=0.1


Tree=710
num_leaves=11
num_cat=0
split_feature=79 81 71 92 64 73 72 71 43 76
split_gain=1.23695e-07 2.3694e-07 4.45759e-07 8.37618e-07 6.0581e-07 5.74733e-07 5.18636e-07 4.35097e-07 4.59815e-07 3.36735e-07
threshold=10.484548129982606 5.9454069026540806 5.598394523403428 5.6869236443868436 5.7960531314223358 5.8819043445924564 7.0758085067049983 5.9454069026540806 6.2971076241477952 4.5270771443934281
decision_type=2 2 2 2 2 2 2 2 2 2
left_child=1 2 5 -4 -5 6 -1 -3 9 -9
right_child=-2 7 3 4 -6 -7 -8 8 -10 -11
leaf_value=-2.881631581586637e-07 1.1614398883668602e-05 -2.415832573619396e-05 -1.8529783407454174e-05 3.7586152120638862e-05 -1.3307462874460422e-06 -2.8606527069184396e-05 2.2783122803957668e-05 1.7493694904260338e-05 -3.056312489206903e-05 -3.6954495559863674e-06
leaf_weight=380 8.9999999999999982 10.999999999999998 6.0000000000000027 12.000000000000002 5.9999999999999991 6.9999999999999991 9.9999999999999982 9.9999999999999982 4.9999999999999991 30
leaf_count=380 9 11 6 12 6 7 10 10 5 30
internal_value=0 -2.1914e-07 5.93715e-07 1.38279e-05 2.46139e-05 -2.06339e-07 3.03408e-07 -6.33007e-06 -1.97205e-06 1.60184e-06
internal_weight=0 477 421 24 18 397 390 56 45 40
internal_count=486 477 421 24 18 397 390 56 45 40
is_linear=0
shrinkage=0.1


Tree=711
num_leaves=11
num_cat=0
split_feature=94 92 92 96 96 27 74 96 94 69
split_gain=1.25958e-07 4.39839e-07 1.3838e-06 5.12009e-07 5.17602e-07 5.06337e-07 6.73091e-07 4.64027e-07 4.24133e-07 4.9259e-07
threshold=4.1107394736335969 5.7267999994427079 5.5759204062713987 3.3667009459186801 3.1345481418531311 2.3502401828962087 4.2903656061101136 3.1345481418531311 4.4995626957636246 8.8013188456925118
decision_type=2 2 2 2 2 2 2 2 2 2
left_child=1 2 3 4 -1 7 -7 -3 9 -2
right_child=8 5 -4 -5 -6 6 -8 -9 -10 -11
leaf_value=1.5191537751127536e-06 -5.0910053770084318e-06 1.1352812904468527e-05 -3.8749669248419301e-05 2.7928705159346077e-05 -2.4501919369868119e-05 -1.3743563405504181e-05 1.9312151264536874e-05 4.2886032939090267e-05 2.9782759691325999e-07 -3.148404380226566e-05
leaf_weight=172 33 14.000000000000002 8.9999999999999982 6.9999999999999991 7.9999999999999991 14.000000000000002 10.999999999999998 6.9999999999999991 202 8.9999999999999982
leaf_count=172 33 14 9 7 8 14 11 7 202 9
internal_value=0 1.61652e-06 -4.48811e-07 1.39455e-06 3.62662e-07 1.04166e-05 8.00951e-07 2.18639e-05 -1.60327e-06 -1.07467e-05
internal_weight=0 242 196 187 180 46 25 21 244 42
internal_count=486 242 196 187 180 46 25 21 244 42
is_linear=0
shrinkage=0.1


Tree=712
num_leaves=11
num_cat=0
split_feature=50 78 10 37 38 68 59 79 66 48
split_gain=1.26778e-07 7.04e-07 8.36056e-07 5.00819e-07 8.77808e-07 1.01719e-06 6.08907e-07 8.42454e-07 5.94511e-07 5.90391e-07
threshold=4.3693677306817369 4.8903208612686422 4.3943729409690677 3.7012257604091228 3.9316333620047872 3.8499212036984933 8.8764041252235106 9.4345713670985987 4.234001473612734 3.891612008168019
decision_type=2 2 2 2 2 2 2 2 2 2
left_child=3 2 -2 6 9 -6 -1 -8 -7 -5
right_child=1 -3 -4 4 5 8 7 -9 -10 -11
leaf_value=5.2311191472536403e-08 4.5093850371813442e-05 -7.2933133956418971e-07 2.6071302148590224e-06 -6.4116744488273992e-06 4.0054237178992483e-05 -1.0477020794619961e-05 4.9761697300709788e-05 1.3865920664102306e-06 1.5891052771621617e-05 -5.1402747547919197e-05
leaf_weight=278 8.0000000000000018 88 10.999999999999998 4.9999999999999982 4.9999999999999991 59 5.9999999999999991 8.9999999999999982 9.9999999999999982 7
leaf_count=278 8 88 11 5 5 59 6 9 10 7
internal_value=0 3.0397e-06 2.04963e-05 -8.58174e-07 -7.56791e-06 -3.49949e-06 1.11124e-06 2.07366e-05 -6.65556e-06 -3.26565e-05
internal_weight=0 107 19 379 86 74 293 15 69 12
internal_count=486 107 19 379 86 74 293 15 69 12
is_linear=0
shrinkage=0.1


Tree=713
num_leaves=11
num_cat=0
split_feature=52 52 79 61 74 16 17 87 2 33
split_gain=1.24724e-07 1.0181e-06 6.5459e-07 8.37188e-07 5.49173e-07 7.33626e-07 5.15051e-07 4.90887e-07 4.43982e-07 8.17617e-07
threshold=5.4116061905722832 5.5333191811709055 8.2791727469771832 3.8064155152036787 4.6146791889059733 3.3667009459186801 3.4175922930736511 3.7012257604091228 2.9174053685313028 3.4334666422309414
decision_type=2 2 2 2 2 2 2 2 2 2
left_child=2 7 4 -4 5 6 -1 -2 9 -3
right_child=1 8 3 -5 -6 -7 -8 -9 -10 -11
leaf_value=-3.6376896008170985e-07 1.4168552035341364e-05 2.2895138479523462e-05 -5.4434314515674451e-05 -7.1849692297594945e-06 2.4111097122335602e-05 3.6655861258623197e-05 -1.7329101119685223e-05 5.067069832875859e-05 -1.6439018037834268e-06 -2.2815530319348911e-05
leaf_weight=170 14.000000000000002 18.000000000000004 5.0000000000000027 14.999999999999998 8.9999999999999982 4.9999999999999991 20 4.9999999999999991 220 4.9999999999999991
leaf_count=170 14 18 5 15 9 5 20 5 220 5
internal_value=0 1.48126e-06 -1.73254e-06 -1.89973e-05 -3.99194e-08 -1.15458e-06 -2.14959e-06 2.37744e-05 -2.61825e-07 1.2958e-05
internal_weight=0 262 224 20 204 195 190 19 243 23
internal_count=486 262 224 20 204 195 190 19 243 23
is_linear=0
shrinkage=0.1


Tree=714
num_leaves=11
num_cat=0
split_feature=25 15 92 64 91 17 35 93 15 63
split_gain=1.22218e-07 4.43679e-07 1.06019e-06 9.87713e-07 6.69266e-07 5.95234e-07 8.19702e-07 8.12199e-07 7.21929e-07 5.36656e-07
threshold=5.1761337726651186 5.003923783930186 5.8998635749973518 0.89587973461402759 5.1872453410574737 4.2625806805327082 4.7273486598447958 4.1742689126930488 4.7094896185437563 2.6735537653587347
decision_type=2 2 2 2 2 2 2 2 2 2
left_child=1 5 3 -3 -4 6 8 -8 -1 -5
right_child=-2 2 4 9 -6 -7 7 -9 -10 -11
leaf_value=1.3510393492257245e-07 1.8028397652164989e-06 5.7950879246553575e-06 1.8504829949961273e-05 -6.6406355472281575e-05 -1.6447655353759829e-05 -2.8296805300799733e-05 5.3427184529449992e-06 3.5490517423871402e-05 -2.2814629289011161e-05 -2.6894578960226769e-05
leaf_weight=159 212 7.0000000000000027 14.000000000000002 4.9999999999999991 8.9999999999999982 6.9999999999999991 35 11.999999999999998 14.999999999999998 10.999999999999998
leaf_count=159 212 7 14 5 9 7 35 12 15 11
internal_value=0 -1.3949e-06 -1.03536e-05 -2.55351e-05 4.82777e-06 4.12569e-07 1.32192e-06 1.304e-05 -1.84332e-06 -3.9242e-05
internal_weight=0 274 46 23 23 228 221 47 174 16
internal_count=486 274 46 23 23 228 221 47 174 16
is_linear=0
shrinkage=0.1


Tree=715
num_leaves=11
num_cat=0
split_feature=0 49 41 80 60 85 75 31 80 70
split_gain=1.14295e-07 5.65154e-07 5.24028e-07 9.38888e-07 1.38662e-06 8.11512e-07 4.34722e-07 3.33559e-07 5.92696e-07 6.99416e-07
threshold=1.5890269151739729 4.8597823571876004 4.7621374077860157 2.8617925509761908 3.0433873634561537 3.5246274206279185 3.0868930519509687 1.0397207708399181 2.740319461670996 2.8617925509761908
decision_type=2 2 2 2 2 2 2 2 2 2
left_child=2 -2 3 4 5 -1 -5 -3 9 -9
right_child=1 7 -4 6 -6 -7 -8 8 -10 -11
leaf_value=-1.0569285486513658e-05 3.1143870849822027e-05 -1.1746122349491502e-05 -3.4800413122866305e-05 2.9603004149976177e-05 -5.9965915279462938e-05 2.6820313256134147e-05 3.844067934647013e-06 3.8600133446683077e-06 -1.0659822571265761e-06 2.7390944148208976e-05
leaf_weight=34 5.9999999999999991 22 4.9999999999999991 10.000000000000002 4.9999999999999991 6.9999999999999991 19 60 302 15.999999999999998
leaf_count=34 6 22 5 10 5 7 19 60 302 16
internal_value=0 6.80733e-07 -3.45472e-06 -1.36501e-06 -1.02488e-05 -4.1857e-06 1.27265e-05 2.23786e-07 9.20448e-07 8.81389e-06
internal_weight=0 406 80 75 46 41 29 400 378 76
internal_count=486 406 80 75 46 41 29 400 378 76
is_linear=0
shrinkage=0.1


Tree=716
num_leaves=11
num_cat=0
split_feature=33 39 42 52 3 72 90 80 40 54
split_gain=1.18244e-07 4.02098e-07 5.9158e-07 5.4076e-07 3.96038e-07 3.39903e-07 3.36233e-07 5.74056e-07 5.24142e-07 8.4676e-07
threshold=5.3518469026947413 9.570797522490162 7.1514658096235397 7.1220569502555309 5.8259957565466136 7.1396600215233414 3.9701138825728512 4.9342409716686575 4.5538214868689204 5.609465086342035
decision_type=2 2 2 2 2 2 2 2 2 2
left_child=1 2 3 5 -3 -1 7 -2 -8 -10
right_child=6 4 -4 -5 -6 -7 8 -9 9 -11
leaf_value=-5.6321428784931974e-07 4.0921093629246246e-05 -3.62362684124188e-05 2.8835385663634431e-05 -3.0284402358423296e-05 -4.7704836561024422e-06 1.6535487187259908e-05 -1.7566607074024013e-05 2.4681337063983929e-06 2.7771464616913972e-05 -3.9783032846685277e-06
leaf_weight=373 6.0000000000000027 6.0000000000000027 6.9999999999999991 5.9999999999999991 11.999999999999998 11.999999999999998 12.999999999999998 10.999999999999998 11.999999999999998 28
leaf_count=373 6 6 7 6 12 12 13 11 12 28
internal_value=0 -6.39844e-07 2.13271e-08 -4.94526e-07 -1.52591e-05 -3.02677e-08 3.8025e-06 1.60398e-05 -1.22657e-07 5.54663e-06
internal_weight=0 416 398 391 18 385 70 17 53 40
internal_count=486 416 398 391 18 385 70 17 53 40
is_linear=0
shrinkage=0.1


Tree=717
num_leaves=11
num_cat=0
split_feature=79 74 74 7 94 34 72 61 66 74
split_gain=1.17877e-07 1.90294e-07 6.38219e-07 5.31748e-07 5.87486e-07 4.98271e-07 4.16257e-07 3.88987e-07 4.37738e-07 3.66268e-07
threshold=10.484548129982606 5.4424083402947536 5.2626767655455557 5.476454798506734 4.7621374077860157 5.1416464569318583 6.9246119126244485 6.1506004953108766 4.2625806805327082 4.9052473428434826
decision_type=2 2 2 2 2 2 2 2 2 2
left_child=1 2 9 4 -3 -4 -7 8 -5 -1
right_child=-2 3 5 7 -6 6 -8 -9 -10 -11
leaf_value=7.8429685515351242e-07 1.1337959848687106e-05 4.7374956920975799e-06 3.162067948254004e-06 -7.8986745393194707e-06 -3.4162646889771251e-05 5.3389795357361447e-05 1.4322215914338205e-05 -9.1406536602297209e-06 1.877198803867941e-05 -8.4686541858714851e-06
leaf_weight=337 8.9999999999999982 6.0000000000000027 13.000000000000002 10.000000000000002 10.999999999999998 4.9999999999999982 6 24 15.999999999999998 49
leaf_count=337 9 6 13 10 11 5 6 24 16 49
internal_value=0 -2.13924e-07 5.93495e-07 -5.15485e-06 -2.04332e-05 1.64162e-05 3.20802e-05 3.97875e-08 8.51404e-06 -3.90301e-07
internal_weight=0 477 410 67 17 24 11 50 26 386
internal_count=486 477 410 67 17 24 11 50 26 386
is_linear=0
shrinkage=0.1


Tree=718
num_leaves=11
num_cat=0
split_feature=52 17 50 62 33 23 39 46 64 34
split_gain=1.20163e-07 3.97835e-07 3.36227e-07 3.16849e-07 2.44891e-07 5.40554e-07 5.33124e-07 3.35902e-07 1.92576e-07 1.70573e-07
threshold=7.7034443856599912 5.272986409146923 5.6452907969132928 7.6128232189448175 5.9913520344498341 5.9913520344498341 9.9434169163727955 4.6150714996361826 5.9814014572911871 6.2783788428803451
decision_type=2 2 2 2 2 2 2 2 2 2
left_child=3 -2 -3 4 6 -6 7 -1 -5 -4
right_child=1 2 9 8 5 -7 -8 -9 -10 -11
leaf_value=-5.1284744976489272e-07 2.6980977470105104e-05 -2.0442865631290855e-05 -1.5266095683078417e-06 -2.8902600267125918e-05 3.9100468941342126e-05 -5.4195417760638513e-06 -3.2756639120634647e-05 1.3085813289212398e-05 -4.4880767291033406e-06 2.2656476703559745e-05
leaf_weight=413 7.0000000000000027 6.0000000000000027 6.9999999999999982 5.9999999999999982 4.9999999999999982 6 4.9999999999999991 19 7 5
leaf_count=413 7 6 7 6 5 6 5 19 7 5
internal_value=0 6.75223e-06 -1.1145e-06 -3.66173e-07 8.0416e-08 1.48168e-05 -2.90523e-07 8.52418e-08 -1.57563e-05 8.54968e-06
internal_weight=0 25 18 461 448 11 437 432 13 12
internal_count=486 25 18 461 448 11 437 432 13 12
is_linear=0
shrinkage=0.1


Tree=719
num_leaves=11
num_cat=0
split_feature=54 78 66 4 69 69 75 29 86 86
split_gain=1.17965e-07 6.24552e-07 5.10412e-07 5.86189e-07 5.12903e-07 1.10133e-06 7.06713e-07 4.45346e-07 7.09885e-07 1.10979e-06
threshold=1.7005986908310777 3.7609296261008152 1.8688348091416842 3.1984648276080736 6.7730149157208501 6.9087542803134747 4.912546742554059 6.8946079313622795 1.2424533248940004 2.5619819897016298
decision_type=2 2 2 2 2 2 2 2 2 2
left_child=1 2 4 -4 6 -6 -1 8 -2 -10
right_child=7 -3 3 -5 5 -7 -8 -9 9 -11
leaf_value=5.5435535596247659e-06 -4.042355516713332e-07 2.9665909278264738e-05 -1.7270296259659131e-06 -3.3995551439147677e-05 5.4423358596977745e-05 2.6282724950131245e-06 -1.8807804782833654e-05 3.5537897534102212e-07 -5.0402413762640208e-05 2.6872411971063621e-06
leaf_weight=58 26 7.9999999999999991 19.000000000000004 7.9999999999999991 6.0000000000000027 12.999999999999998 14.999999999999998 317 8.9999999999999982 6.9999999999999991
leaf_count=58 26 8 19 8 6 13 15 317 9 7
internal_value=0 2.61942e-06 8.01166e-07 -1.12881e-05 4.34909e-06 1.89846e-05 5.3985e-07 -9.26646e-07 -1.06029e-05 -2.71757e-05
internal_weight=0 127 119 27 92 19 73 359 42 16
internal_count=486 127 119 27 92 19 73 359 42 16
is_linear=0
shrinkage=0.1


Tree=720
num_leaves=11
num_cat=0
split_feature=2 1 78 24 0 21 11 16 35 4
split_gain=1.11775e-07 7.28578e-07 8.48291e-07 9.19601e-07 7.30598e-07 6.66244e-07 6.31722e-07 5.53149e-07 5.28803e-07 4.24838e-07
threshold=3.7132745361986528 3.9316333620047872 4.0773937863842606 1.2424533248940004 3.7726948748059121 4.8558607684570871 4.7621374077860157 2.5619819897016298 5.8377261972180028 4.0163424379838117
decision_type=2 2 2 2 2 2 2 2 2 2
left_child=5 2 3 -2 7 6 8 -3 -1 -5
right_child=1 4 -4 9 -6 -7 -8 -9 -10 -11
leaf_value=6.8296785371133872e-07 -3.6362239673811276e-05 5.0914400920495017e-06 -4.1997729972030764e-05 -4.316506679710334e-06 -8.0325229077007571e-07 3.7794320669490843e-05 -3.4260216634720566e-05 5.0127141912525977e-05 2.6917713557850221e-05 3.3848751918412738e-05
leaf_weight=194 6.0000000000000062 5.9999999999999982 8.9999999999999982 6.9999999999999982 236 4.9999999999999991 4.9999999999999991 5 7.9999999999999991 5
leaf_count=194 6 6 9 7 236 5 5 5 8 5
internal_value=0 -1.33397e-06 -1.69305e-05 -4.39696e-06 3.70918e-07 1.72409e-06 8.52833e-07 2.55622e-05 1.72197e-06 1.15857e-05
internal_weight=0 274 27 18 247 212 207 11 202 12
internal_count=486 274 27 18 247 212 207 11 202 12
is_linear=0
shrinkage=0.1


Tree=721
num_leaves=11
num_cat=0
split_feature=75 75 77 47 48 2 53 43 7 63
split_gain=1.01592e-07 6.18088e-07 3.41373e-07 7.83682e-07 1.03519e-06 5.04806e-07 4.98299e-07 1.02652e-06 3.34307e-07 3.17285e-07
threshold=4.7273486598447958 4.7957563937576522 1.8688348091416842 2.0126758453675748 3.5972184255501678 3.2384861814448418 1.8688348091416844 1.8688348091416844 5.0237939482549434 1.8688348091416844
decision_type=2 2 2 2 2 2 2 2 2 2
left_child=8 -2 6 4 -4 -5 9 -8 -1 -3
right_child=1 2 3 5 -6 -7 7 -9 -10 -11
leaf_value=-7.4487041787351512e-07 2.6995942385433918e-05 -9.7809870567289164e-06 8.0524612339871727e-06 2.3331045925563863e-05 6.0180964756000331e-05 -8.9255511071338008e-07 4.2051750933751468e-05 -6.889184299628445e-06 -1.8680815992411228e-05 -3.7015231958191313e-05
leaf_weight=188 8.9999999999999982 11.000000000000002 16.000000000000004 8.9999999999999982 4.9999999999999991 195 4.9999999999999991 30 10.999999999999998 6.9999999999999991
leaf_count=188 9 11 16 9 5 195 5 30 11 7
internal_value=0 1.20392e-06 3.68925e-07 2.06967e-06 2.0464e-05 1.76133e-07 -6.85121e-06 1.02378e-07 -1.7363e-06 -2.03721e-05
internal_weight=0 287 278 225 21 204 53 35 199 18
internal_count=486 287 278 225 21 204 53 35 199 18
is_linear=0
shrinkage=0.1


Tree=722
num_leaves=11
num_cat=0
split_feature=52 17 50 54 12 11 80 36 23 15
split_gain=1.01673e-07 3.22247e-07 2.72344e-07 2.55612e-07 2.08891e-07 6.1281e-07 7.76383e-07 3.10678e-07 2.34962e-07 1.65984e-07
threshold=7.7034443856599912 5.272986409146923 5.6452907969132928 5.9814014572911871 7.5682890805829928 6.1268596494987646 5.5129081839107776 4.6959141240107813 6.1441487928929224 6.1820763689755482
decision_type=2 2 2 2 2 2 2 2 2 2
left_child=3 -2 -3 4 5 7 -7 -1 9 -6
right_child=1 2 -4 -5 8 6 -8 -9 -10 -11
leaf_value=5.4459809273526611e-07 2.441692335456276e-05 -1.8264535750252728e-05 7.8287514800952824e-06 -1.9300334913298556e-05 2.001941008226517e-07 -4.4369201766260514e-05 7.224256769404746e-06 -1.5163064801107304e-05 -6.1617199889951738e-06 2.0079842891261381e-05
leaf_weight=401 7.0000000000000027 6.0000000000000027 11.999999999999998 6.9999999999999991 6.0000000000000062 6.9999999999999982 5 12.999999999999998 7.9999999999999991 13.999999999999998
leaf_count=401 7 6 12 7 6 7 5 13 8 14
internal_value=0 6.21105e-06 -8.69011e-07 -3.36825e-07 -4.4436e-08 -5.94364e-07 -2.28719e-05 5.13623e-08 8.32233e-06 1.41159e-05
internal_weight=0 25 18 461 454 426 12 414 28 20
internal_count=486 25 18 461 454 426 12 414 28 20
is_linear=0
shrinkage=0.1


Tree=723
num_leaves=11
num_cat=0
split_feature=52 52 16 76 60 52 33 42 2 33
split_gain=9.93851e-08 7.78953e-07 5.00974e-07 4.74541e-07 3.84228e-07 4.68352e-07 5.07129e-07 4.63189e-07 3.0119e-07 5.56525e-07
threshold=5.4116061905722832 5.5052984857290932 2.8029010331479989 3.5549397315361362 3.8064155152036787 5.1984817689835037 2.9430520157250784 5.4445775410940529 2.9174053685313028 3.4334666422309414
decision_type=2 2 2 2 2 2 2 2 2 2
left_child=3 2 -2 4 5 7 -7 -1 9 -3
right_child=1 8 -4 -5 -6 6 -8 -9 -10 -11
leaf_value=8.3782599940857632e-07 4.0543383875046863e-05 1.8434580545688637e-05 3.9115039856239618e-06 -3.200795821612701e-05 1.8297877359145785e-05 -2.8201442177515455e-05 2.6785784535200542e-06 -2.5381072815175039e-05 -1.1670207935304001e-06 -1.9061514922213974e-05
leaf_weight=180 7.9999999999999982 19.000000000000004 7 4.9999999999999991 9.9999999999999982 13.000000000000002 8.9999999999999982 6.9999999999999991 223 4.9999999999999991
leaf_count=180 8 19 7 5 10 13 9 7 223 5
internal_value=0 1.32226e-06 2.34485e-05 -1.54657e-06 -8.51103e-07 -1.76732e-06 -1.55687e-05 -1.4363e-07 -2.1442e-08 1.06229e-05
internal_weight=0 262 15 224 219 209 22 187 247 24
internal_count=486 262 15 224 219 209 22 187 247 24
is_linear=0
shrinkage=0.1


Tree=724
num_leaves=11
num_cat=0
split_feature=7 6 7 30 1 96 18 15 21 50
split_gain=1.04781e-07 3.9542e-07 2.82059e-07 1.47862e-07 7.13123e-07 6.36215e-07 5.05862e-07 4.89628e-07 3.34241e-07 3.21349e-07
threshold=6.5610216630967022 6.5381387766044883 6.462969825394751 4.0773937863842606 4.8713658868283671 3.1345481418531311 4.1107394736335969 5.3327071242454505 4.8558607684570871 4.0773937863842606
decision_type=2 2 2 2 2 2 2 2 2 2
left_child=2 -2 3 4 8 -6 7 -5 -1 -8
right_child=1 -3 -4 6 5 -7 9 -9 -10 -11
leaf_value=-7.7160088967454442e-07 3.1465989595744736e-05 -3.2264342230013835e-07 -2.1868081482049699e-05 5.2435946700926353e-06 -4.1493791104585382e-05 -4.4310667610923044e-06 1.1290606768022332e-05 4.2122824197576847e-05 1.5628429019898251e-05 -1.7601258836986659e-06
leaf_weight=282 5.0000000000000027 18 5.9999999999999991 8.9999999999999982 8.0000000000000018 10.999999999999998 23 5.9999999999999991 12.999999999999998 105
leaf_count=282 5 18 6 9 8 11 23 6 13 105
internal_value=0 6.58793e-06 -3.27262e-07 -4.44506e-08 -1.25832e-06 -2.00364e-05 2.62098e-06 1.99953e-05 -4.88877e-08 5.84928e-07
internal_weight=0 23 463 457 314 19 143 15 295 128
internal_count=486 23 463 457 314 19 143 15 295 128
is_linear=0
shrinkage=0.1


Tree=725
num_leaves=11
num_cat=0
split_feature=50 50 5 53 24 27 50 32 37 38
split_gain=1.05412e-07 4.42438e-07 5.34036e-07 4.81386e-07 4.17729e-07 4.72029e-07 3.38563e-07 2.48506e-07 3.41607e-07 6.53336e-07
threshold=4.3693677306817369 4.6539149966267201 5.5093801410486734 5.0172579074712669 4.8597823571876004 4.6346818562128229 4.2903656061101136 7.1396600215233414 3.7012257604091228 3.9316333620047872
decision_type=2 2 2 2 2 2 2 2 2 2
left_child=6 2 3 -2 -3 -6 7 8 -1 -10
right_child=1 4 -4 -5 5 -7 -8 -9 9 -11
leaf_value=8.4526632424944316e-07 1.0602980464682326e-05 2.4307621060870588e-05 -3.5957117605986156e-06 4.4794780218840712e-05 -2.6062254789849248e-05 -3.2015970541229203e-07 -1.8938236391932153e-05 1.7142151298088495e-05 -2.8164145658138298e-05 -2.5676284583484739e-06
leaf_weight=290 10.000000000000005 5.9999999999999991 10.999999999999998 6.9999999999999991 7.9999999999999991 65 9.9999999999999982 7.9999999999999991 11.999999999999998 59
leaf_count=290 10 6 11 7 8 65 10 8 12 59
internal_value=0 2.77175e-06 1.35729e-05 2.4682e-05 -1.05649e-06 -3.14121e-06 -7.82527e-07 -2.90502e-07 -6.76822e-07 -6.8938e-06
internal_weight=0 107 28 17 79 73 379 369 361 71
internal_count=486 107 28 17 79 73 379 369 361 71
is_linear=0
shrinkage=0.1


Tree=726
num_leaves=11
num_cat=0
split_feature=98 56 40 92 4 85 60 101 84 65
split_gain=9.91311e-08 1.16897e-07 5.64785e-07 7.61033e-07 4.58091e-07 3.99075e-07 3.97294e-07 3.82107e-07 3.43917e-07 8.76045e-07
threshold=6.1416464561618449 2.8029010331479989 2.8029010331479989 2.4708212113046524 4.4425820475484112 5.379886735236628 4.2903656061101136 3.9019216517693867 1.4978661367769956 3.0868930519509687
decision_type=2 2 2 2 2 2 2 2 2 2
left_child=1 4 -3 -4 8 -5 7 -6 -1 -10
right_child=-2 2 3 5 6 -7 -8 -9 9 -11
leaf_value=-3.6347689287157385e-06 -1.1814232311735396e-05 2.9915726476506929e-05 -3.4056428800492239e-05 9.5728880891189113e-06 -2.1138040210753564e-05 -7.2705742632158086e-07 1.3045469790995413e-05 1.8635138621903026e-06 -3.5321548071871285e-06 1.3009660120930783e-05
leaf_weight=107 6.9999999999999991 6.9999999999999991 5.9999999999999991 52 26 136 5.9999999999999991 9.9999999999999982 70 59
leaf_count=107 7 7 6 52 26 136 6 10 70 59
internal_value=0 1.72651e-07 2.00986e-06 1.00295e-06 -1.15569e-06 2.12186e-06 -1.07781e-05 -1.47487e-05 5.56775e-07 4.03348e-06
internal_weight=0 479 201 194 278 188 42 36 236 129
internal_count=486 479 201 194 278 188 42 36 236 129
is_linear=0
shrinkage=0.1


Tree=727
num_leaves=11
num_cat=0
split_feature=85 85 43 7 43 81 68 84 56 58
split_gain=1.02376e-07 9.19384e-07 4.55552e-07 7.18218e-07 6.65639e-07 3.89606e-07 3.79554e-07 3.04304e-07 3.28938e-07 2.67073e-07
threshold=5.8550678171289681 5.7556620918016277 3.1984648276080736 5.9584213545440532 4.007167868649713 5.9776119115618718 3.6632328069201612 5.6936811209974421 2.8029010331479989 4.9904094477362264
decision_type=2 2 2 2 2 2 2 2 2 2
left_child=1 5 3 -2 6 7 -4 8 -1 -6
right_child=2 -3 4 -5 9 -7 -8 -9 -10 -11
leaf_value=-9.6603947382690965e-07 4.9763041897676901e-05 -3.2400654809963374e-05 -1.6818680705910077e-06 -3.8361295901268012e-06 1.139175110438373e-05 -2.7755298724514435e-05 -3.1617948681943948e-05 -2.4136459687724711e-05 6.3795364128451839e-06 1.4289839159133525e-07
leaf_weight=267 4.9999999999999982 8.9999999999999982 8.0000000000000018 5 32 4.9999999999999991 8.9999999999999982 4.9999999999999991 79 62
leaf_count=267 5 9 8 5 32 5 9 5 79 62
internal_value=0 -8.35654e-07 2.52078e-06 2.29635e-05 6.79092e-07 -3.76628e-08 -1.75304e-05 3.57175e-07 7.1113e-07 3.9723e-06
internal_weight=0 365 121 10 111 356 17 351 346 94
internal_count=486 365 121 10 111 356 17 351 346 94
is_linear=0
shrinkage=0.1


Tree=728
num_leaves=11
num_cat=0
split_feature=68 70 80 74 74 7 94 34 61 74
split_gain=9.72553e-08 1.95312e-07 2.00055e-07 1.53031e-07 4.17078e-07 3.19365e-07 3.92503e-07 3.13879e-07 2.9148e-07 2.8263e-07
threshold=5.9532129741149253 5.4248626803891185 5.5129081839107776 5.4424083402947536 5.2626767655455557 5.5093801410486734 4.7621374077860157 5.1416464569318583 6.1506004953108766 4.8597823571876004
decision_type=2 2 2 2 2 2 2 2 2 2
left_child=3 -2 -3 4 9 6 -5 -6 -7 -1
right_child=1 2 -4 5 7 8 -8 -9 -10 -11
leaf_value=7.1525072967509039e-07 2.0288095090238898e-05 -1.3642117945285768e-05 1.2181341219275055e-05 3.9850592391606646e-06 3.2553681579044599e-06 7.027728622688301e-06 -2.7811051090380223e-05 2.6820692801265979e-05 -9.1045255170943823e-06 -7.2167444683985263e-06
leaf_weight=330 7.0000000000000027 5.9999999999999982 6 6.0000000000000027 13.000000000000002 24 10.999999999999998 9.9999999999999982 21 52
leaf_count=330 7 6 6 6 13 24 11 10 21 52
internal_value=0 7.01326e-06 -7.30388e-07 -2.85336e-07 4.22935e-07 -4.91195e-06 -1.65889e-05 1.35012e-05 -5.00657e-07 -3.64497e-07
internal_weight=0 19 12 467 405 62 17 23 45 382
internal_count=486 19 12 467 405 62 17 23 45 382
is_linear=0
shrinkage=0.1


Tree=729
num_leaves=11
num_cat=0
split_feature=52 17 34 83 54 39 49 12 44 88
split_gain=1.00385e-07 2.35718e-07 2.13933e-07 3.20089e-07 1.80678e-07 1.39619e-07 3.82843e-07 2.9009e-07 2.06006e-07 1.98095e-07
threshold=7.7034443856599912 5.272986409146923 6.4504591913628513 5.4793873582329331 5.9814014572911871 9.6614598045816589 9.6614598045816589 7.6038900162435032 5.5412558557490508 5.0304165616299539
decision_type=2 2 2 2 2 2 2 2 2 2
left_child=4 -2 3 -3 5 6 8 9 -1 -7
right_child=1 2 -4 -5 -6 7 -8 -9 -10 -11
leaf_value=-4.4309648936249104e-07 2.1742483646188954e-05 5.7603606705924883e-06 1.7695043688945591e-05 -2.6493143814150247e-05 -1.6278110940350286e-05 -3.0616203439421911e-05 2.0790051793382092e-05 7.4515571668598568e-06 1.2853370026277845e-05 -7.8127288588802909e-06
leaf_weight=402 7.0000000000000027 8.0000000000000018 4.9999999999999991 4.9999999999999991 6.9999999999999991 5.0000000000000062 8.9999999999999982 9.9999999999999982 11.999999999999998 15.999999999999998
leaf_count=402 7 8 5 5 7 5 9 10 12 16
internal_value=0 6.17159e-06 1.16244e-07 -6.64483e-06 -3.34685e-07 -8.88612e-08 3.85877e-07 -6.56675e-06 -5.76917e-08 -1.32421e-05
internal_weight=0 25 18 13 461 454 423 31 414 21
internal_count=486 25 18 13 461 454 423 31 414 21
is_linear=0
shrinkage=0.1


Tree=730
num_leaves=11
num_cat=0
split_feature=93 102 90 94 97 99 52 60 52 28
split_gain=9.83749e-08 2.31017e-07 1.56848e-07 1.20484e-07 2.70498e-07 3.83881e-07 1.6817e-07 2.40065e-07 2.35046e-07 8.46065e-08
threshold=6.2971076241477952 1.8688348091416842 6.0540424421008812 5.6664207015582333 5.4659459730803723 2.524928003624769 7.8058753204502649 5.6452907969132928 7.09423450157795 5.7588569908510134
decision_type=2 2 2 2 2 2 2 2 2 2
left_child=2 -2 3 6 5 -5 8 -8 -1 -6
right_child=1 -3 -4 4 9 -7 7 -9 -10 -11
leaf_value=8.6652668760684258e-07 -6.5258951508440091e-06 2.2578451171284539e-05 -1.7834499012678864e-05 -2.115353650234889e-05 -1.0035581794909378e-06 1.0841492476174609e-05 2.2649704942523388e-05 -2.7083605475906677e-06 -6.7063328199013915e-06 1.5578697057208045e-05
leaf_weight=376 4.9999999999999982 6 4.9999999999999991 15.000000000000002 7.9999999999999982 4.9999999999999991 7.9999999999999982 7 46 5
leaf_count=376 5 6 5 15 8 5 8 7 46 5
internal_value=0 9.3492e-06 -2.16508e-07 -2.90824e-08 -5.85547e-06 -1.31548e-05 4.10897e-07 1.08159e-05 4.10491e-08 5.37423e-06
internal_weight=0 11 475 470 33 20 437 15 422 13
internal_count=486 11 475 470 33 20 437 15 422 13
is_linear=0
shrinkage=0.1


Tree=731
num_leaves=11
num_cat=0
split_feature=46 13 19 37 12 64 54 68 84 31
split_gain=9.4377e-08 5.38175e-07 9.65988e-07 9.32606e-07 5.73698e-07 6.94915e-07 7.79039e-07 4.20881e-07 4.20274e-07 3.92356e-07
threshold=0.8958797346140277 1.8688348091416844 6.2970669235549011 0.8958797346140277 4.8597823571876004 3.2180751841847144 3.3140206880897671 2.3937458713910238 3.5694334999727624 2.1383330595080277
decision_type=2 2 2 2 2 2 2 2 2 2
left_child=1 4 -3 9 5 6 -1 -5 -6 -4
right_child=-2 2 3 7 8 -7 -8 -9 -10 -11
leaf_value=1.4123623192817168e-06 -8.509426749817766e-07 -3.1059009015734775e-05 2.3301250682076601e-05 3.087680694685939e-05 -3.2089804335555521e-05 1.9845577739729948e-05 -3.2702268626394471e-05 1.5962503597045776e-06 -1.3389380569606148e-06 6.1230651917867354e-05
leaf_weight=41 354 4.9999999999999991 5.9999999999999982 5.9999999999999991 10.000000000000002 15.999999999999998 7.9999999999999991 27 7.9999999999999991 5
leaf_count=41 354 5 6 6 10 16 8 27 8 5
internal_value=0 2.28207e-06 1.05924e-05 1.53255e-05 -2.624e-06 1.75105e-06 -4.15737e-06 6.91999e-06 -1.84228e-05 4.05419e-05
internal_weight=0 132 49 44 83 65 49 33 18 11
internal_count=486 132 49 44 83 65 49 33 18 11
is_linear=0
shrinkage=0.1


Tree=732
num_leaves=11
num_cat=0
split_feature=4 72 45 92 27 58 88 29 32 5
split_gain=1.1025e-07 5.4545e-07 4.36199e-07 3.717e-07 4.42367e-07 7.0141e-07 4.9507e-07 3.50491e-07 3.48475e-07 3.42044e-07
threshold=2.7058230259275202 3.5516610312630568 5.1119152036137292 5.424940314113365 1.4978661367769956 2.7058230259275202 1.5890269151739729 6.459903229849254 5.9964025824430864 2.249904835165133
decision_type=2 2 2 2 2 2 2 2 2 2
left_child=2 -2 3 4 6 -6 -1 -5 -9 -3
right_child=1 9 -4 7 5 -7 -8 8 -10 -11
leaf_value=1.2394960332231777e-05 2.1919927197207777e-05 2.0641004675781007e-05 -2.3637191346400263e-05 -2.6691835167487928e-05 4.3215566014017271e-05 4.6430363537100765e-06 -6.8000503731281974e-06 1.5111166662377811e-06 -2.7735229086829352e-05 -2.9168060044124316e-07
leaf_weight=18 11.999999999999998 7.9999999999999991 8.9999999999999982 8.9999999999999982 6.0000000000000027 22 53 22.000000000000004 4.9999999999999991 322
leaf_count=18 12 8 9 9 6 22 53 22 5 322
internal_value=0 9.77328e-07 -2.32115e-06 -9.00084e-07 2.26411e-06 1.29086e-05 -1.93371e-06 -9.60161e-06 -3.90487e-06 2.15778e-07
internal_weight=0 342 144 135 99 28 71 36 27 330
internal_count=486 342 144 135 99 28 71 36 27 330
is_linear=0
shrinkage=0.1


Tree=733
num_leaves=11
num_cat=0
split_feature=66 53 73 76 8 84 46 46 8 43
split_gain=9.20605e-08 3.76541e-07 2.7534e-07 3.73347e-07 4.36743e-07 2.56227e-07 2.42353e-07 5.37714e-07 7.39089e-07 4.58307e-07
threshold=4.234001473612734 4.007167868649713 4.3107766033702406 4.465842055365858 5.0172579074712669 5.6936811209974421 3.7132745361986528 3.4811217321331038 5.272986409146923 4.0773937863842606
decision_type=2 2 2 2 2 2 2 2 2 2
left_child=5 -2 -3 4 -4 6 7 -1 -9 -8
right_child=1 2 3 -5 -6 -7 9 8 -10 -11
leaf_value=-2.8546694087667883e-07 2.7058992660992472e-05 -1.6520189660695905e-05 3.9821048392241186e-05 -1.457211453725904e-06 6.4126465834609311e-06 -1.7348171483414868e-05 -3.3369123896894357e-05 4.6248842894177261e-05 -1.8041068869933954e-07 -3.0066045524265443e-06
leaf_weight=335 5.9999999999999991 7.9999999999999991 5.0000000000000027 56 18 8.9999999999999982 5.9999999999999991 5.9999999999999991 7.9999999999999991 29
leaf_count=335 6 8 5 56 18 9 6 6 8 29
internal_value=0 2.82926e-06 1.15825e-06 2.94847e-06 1.36753e-05 -6.6952e-07 -2.78614e-07 5.16958e-07 1.97178e-05 -8.21161e-06
internal_weight=0 93 87 79 23 393 384 349 14 35
internal_count=486 93 87 79 23 393 384 349 14 35
is_linear=0
shrinkage=0.1


Tree=734
num_leaves=11
num_cat=0
split_feature=49 49 49 83 53 57 6 37 76 60
split_gain=9.19873e-08 6.33914e-07 4.1655e-07 6.32415e-07 3.61886e-07 3.6091e-07 3.90432e-07 3.40568e-07 5.56948e-07 3.86541e-07
threshold=7.1008243828001545 7.2119141714586075 6.8946079313622795 3.4334666422309414 2.524928003624769 2.3502401828962087 2.249904835165133 1.4978661367769956 0.8958797346140277 3.3497501700808394
decision_type=2 2 2 2 2 2 2 2 2 2
left_child=2 -2 5 4 -4 7 -7 9 -9 -1
right_child=1 -3 3 -5 -6 6 -8 8 -10 -11
leaf_value=2.6688610731643199e-06 2.7114381828141633e-05 2.0759386985592746e-07 -1.5623264103355301e-05 7.3724888554554336e-06 -4.806952027138323e-05 -1.2433912979759047e-06 3.8275305123534046e-05 -2.9900687077315515e-05 2.7070601142688909e-06 -2.5873117392620772e-05
leaf_weight=93 8.9999999999999982 323 11.000000000000005 8.9999999999999982 4.9999999999999991 4.9999999999999982 5 10.000000000000002 10.999999999999998 4.9999999999999991
leaf_count=93 9 323 11 9 5 5 5 10 11 5
internal_value=0 9.36995e-07 -2.02001e-06 -1.3834e-05 -2.57627e-05 2.69526e-07 1.8516e-05 -1.26379e-06 -1.28204e-05 1.21264e-06
internal_weight=0 332 154 25 16 129 10 119 21 98
internal_count=486 332 154 25 16 129 10 119 21 98
is_linear=0
shrinkage=0.1


Tree=735
num_leaves=11
num_cat=0
split_feature=70 53 3 4 90 90 92 11 49 34
split_gain=9.32398e-08 3.90293e-07 5.6615e-07 6.40903e-07 6.46123e-07 4.43587e-07 5.21829e-07 4.21772e-07 4.28857e-07 3.84592e-07
threshold=2.524928003624769 0.89587973461402759 3.7726948748059121 2.8029010331479989 2.8314802400679731 2.3937458713910238 4.3437210834879627 3.891612008168019 6.5147115934776361 3.4334666422309414
decision_type=2 2 2 2 2 2 2 2 2 2
left_child=1 5 3 4 -3 7 -7 8 -1 -8
right_child=-2 2 -4 -5 -6 6 9 -9 -10 -11
leaf_value=2.4654856376097678e-05 7.755516936252643e-07 4.1072641397477116e-06 -3.6053089541253157e-05 1.2775739338184606e-05 -2.9703107177808238e-05 3.9420306420652197e-05 1.6790562755583476e-05 -2.1451302196358789e-05 -6.6947250502380489e-06 -4.6293279171406636e-06
leaf_weight=6.0000000000000027 370 10.000000000000002 6.9999999999999991 12.999999999999998 12.999999999999998 4.9999999999999991 14.999999999999998 11.999999999999998 15.999999999999998 19
leaf_count=6 370 10 7 13 13 5 15 12 16 19
internal_value=0 -2.47374e-06 -1.00315e-05 -4.97175e-06 -1.50029e-05 1.97809e-06 9.25648e-06 -6.37065e-06 1.85516e-06 4.82062e-06
internal_weight=0 116 43 36 23 73 39 34 22 34
internal_count=486 116 43 36 23 73 39 34 22 34
is_linear=0
shrinkage=0.1


Tree=736
num_leaves=11
num_cat=0
split_feature=68 78 47 39 58 58 33 58 61 21
split_gain=8.31376e-08 7.65007e-07 7.46065e-07 7.15874e-07 3.27914e-07 4.38835e-07 6.03004e-07 4.82986e-07 3.6623e-07 3.10273e-07
threshold=3.8176519431297078 3.9701138825728512 2.0126758453675748 8.0003458967024184 3.6632328069201612 4.1742689126930488 3.891612008168019 4.3630783395783075 4.1742689126930488 4.5950688323293329
decision_type=2 2 2 2 2 2 2 2 2 2
left_child=1 9 3 -2 8 6 -6 -7 -4 -1
right_child=2 -3 4 -5 5 7 -8 -9 -10 -11
leaf_value=3.2856246866788863e-07 4.3144863207089662e-05 -3.1744239299769107e-05 1.404585300406325e-06 -5.0898681001854122e-06 3.2125393045134841e-06 -1.6498948742891016e-05 3.5697264661394004e-05 6.7263728038387157e-07 -3.6869669638690536e-05 -2.2718386511163168e-05
leaf_weight=221 7.9999999999999982 7.9999999999999991 4.9999999999999982 5 20.000000000000004 18 7.9999999999999991 182 5 5.9999999999999991
leaf_count=221 8 8 5 5 20 18 8 182 5 6
internal_value=0 -1.35171e-06 1.26555e-06 2.4593e-05 -8.64542e-09 7.68718e-07 1.24939e-05 -8.72805e-07 -1.77325e-05 -2.80608e-07
internal_weight=0 235 251 13 238 228 28 200 10 227
internal_count=486 235 251 13 238 228 28 200 10 227
is_linear=0
shrinkage=0.1


Tree=737
num_leaves=11
num_cat=0
split_feature=61 3 80 61 61 52 40 62 50 56
split_gain=8.35762e-08 4.24559e-07 4.68724e-07 3.87507e-07 5.36517e-07 4.88862e-07 3.41465e-07 3.50815e-07 3.39339e-07 7.62394e-07
threshold=3.7609296261008152 4.8441560854355483 3.7609296261008152 4.0428973506407848 3.9607678160667752 5.5052984857290932 3.3497501700808394 1.5890269151739729 2.9174053685313028 1.2424533248940004
decision_type=2 2 2 2 2 2 2 2 2 2
left_child=1 6 -3 4 -2 -6 8 -8 -1 -10
right_child=3 2 -4 -5 5 -7 7 -9 9 -11
leaf_value=8.3742719198198772e-08 5.0474445743020615e-07 -3.6575873257658847e-05 1.5136734267192271e-06 -1.9011160166556234e-07 4.8110730919385494e-05 9.2115588147732656e-06 3.2781082845758652e-05 4.4119022304050087e-06 -3.6140520225874046e-05 -2.5328833948555664e-06
leaf_weight=125 18.000000000000004 6.9999999999999982 6 242 5.9999999999999982 7 4.9999999999999991 34 8.9999999999999982 27
leaf_count=125 18 7 6 242 6 7 5 34 9 27
internal_value=0 -1.48462e-06 -1.89961e-05 1.15833e-06 1.16849e-05 2.7165e-05 -3.46373e-07 8.04898e-06 -2.38003e-06 -1.09348e-05
internal_weight=0 213 13 273 31 13 200 39 161 36
internal_count=486 213 13 273 31 13 200 39 161 36
is_linear=0
shrinkage=0.1


Tree=738
num_leaves=11
num_cat=0
split_feature=40 40 77 46 56 43 93 99 86 40
split_gain=8.36205e-08 4.17683e-07 7.64066e-07 3.40306e-07 8.24219e-07 7.89319e-07 3.73408e-07 3.49422e-07 3.17459e-07 3.07106e-07
threshold=2.602003343538398 2.740319461670996 1.8688348091416842 0.8958797346140277 0.8958797346140277 2.8029010331479989 2.5619819897016298 3.7256208424938388 3.0433873634561537 2.8617925509761908
decision_type=2 2 2 2 2 2 2 2 2 2
left_child=8 2 -2 5 6 7 -5 -3 -1 -6
right_child=1 3 -4 4 9 -7 -8 -9 -10 -11
leaf_value=-1.2218613084027503e-06 1.0332603930388963e-06 2.2830770978457407e-05 4.4738681117451053e-05 -3.9469595939018656e-06 -2.0621843162059253e-05 -1.8732319828510907e-05 -3.3491870172755712e-05 3.5451931540485345e-06 -2.696607999496337e-05 5.8685902244480649e-07
leaf_weight=114 12.000000000000002 21 5.9999999999999991 7.0000000000000027 6.9999999999999991 8.9999999999999982 10.999999999999998 17 4.9999999999999991 277
leaf_count=114 12 21 6 7 7 9 11 17 5 277
internal_value=0 7.46928e-07 1.56017e-05 -1.92225e-08 -1.2511e-06 7.89625e-06 -2.20022e-05 1.4203e-05 -2.30355e-06 6.41093e-08
internal_weight=0 367 18 349 302 47 18 38 119 284
internal_count=486 367 18 349 302 47 18 38 119 284
is_linear=0
shrinkage=0.1


Tree=739
num_leaves=11
num_cat=0
split_feature=102 49 72 42 62 41 78 36 41 39
split_gain=8.2641e-08 3.34853e-07 3.35621e-07 2.47474e-07 1.70374e-07 1.2958e-07 7.04283e-07 4.28132e-07 3.4648e-07 3.24671e-07
threshold=3.9219243190762363 8.6312358437723962 4.8903208612686422 6.1136430209646866 4.8597823571876004 3.4811217321331038 4.0773937863842606 3.3667009459186801 3.6632328069201612 6.2633529090608215
decision_type=2 2 2 2 2 2 2 2 2 2
left_child=5 2 4 -4 -2 6 7 -1 -7 -10
right_child=1 -3 3 -5 -6 8 -8 -9 9 -11
leaf_value=-1.2654277889976333e-07 9.554141303981713e-06 -1.6219082317547874e-05 3.9138808497227741e-05 1.0010064839402079e-05 -1.3409904083043027e-05 2.2993137697215258e-05 -2.9686226113609692e-05 -2.982335237902589e-05 2.5697912678879221e-05 -2.6281073710830412e-08
leaf_weight=167 7.0000000000000053 5.9999999999999991 4.9999999999999982 7 6 6.9999999999999991 8.9999999999999982 4.9999999999999991 4.9999999999999991 262
leaf_count=167 7 6 5 7 6 7 9 5 5 262
internal_value=0 4.99579e-06 1.00874e-05 2.2147e-05 -1.04465e-06 -3.40373e-07 -2.41672e-06 -9.89822e-07 1.03123e-06 4.55445e-07
internal_weight=0 31 25 12 13 455 181 172 274 267
internal_count=486 31 25 12 13 455 181 172 274 267
is_linear=0
shrinkage=0.1


Tree=740
num_leaves=11
num_cat=0
split_feature=49 49 13 34 34 0 51 92 41 83
split_gain=8.47119e-08 4.61693e-07 2.88902e-07 3.09861e-07 3.59432e-07 3.16525e-07 2.43083e-07 4.38105e-07 4.26831e-07 4.61933e-07
threshold=7.1008243828001545 7.2119141714586075 3.4960482137079443 4.2903656061101136 3.9316333620047872 1.5890269151739729 1.8688348091416842 3.8703322009586212 3.4811217321331038 3.7132745361986528
decision_type=2 2 2 2 2 2 2 2 2 2
left_child=2 -2 3 4 5 -1 7 -3 9 -8
right_child=1 6 -4 -5 -6 -7 8 -9 -10 -11
leaf_value=-9.5353354993221742e-06 2.3239395624033126e-05 3.622391115641219e-05 -2.1786832621728536e-05 -2.3249910433757275e-05 2.2044094995570567e-05 1.6337306731202263e-06 -2.1266232615744231e-06 3.1291506820707587e-06 9.5070984399438606e-07 -2.4814172632302089e-05
leaf_weight=34 8.9999999999999982 5.0000000000000027 6.9999999999999991 5.9999999999999991 6.9999999999999991 100 25 20 259 13.999999999999998
leaf_count=34 9 5 7 6 7 100 25 20 259 14
internal_value=0 8.99178e-07 -1.93849e-06 -9.93327e-07 -4.62388e-08 -1.20021e-06 2.76695e-07 9.7481e-06 -5.17886e-07 -1.02709e-05
internal_weight=0 332 154 147 141 134 323 25 298 39
internal_count=486 332 154 147 141 134 323 25 298 39
is_linear=0
shrinkage=0.1


Tree=741
num_leaves=11
num_cat=0
split_feature=7 6 87 74 67 5 63 52 70 17
split_gain=8.33516e-08 2.53032e-07 1.71776e-07 3.39764e-07 1.29867e-07 1.70379e-07 2.35711e-07 2.34365e-07 1.4664e-07 1.14429e-07
threshold=6.5610216630967022 6.5381387766044883 5.424940314113365 5.9571243369555296 5.3327071242454505 5.5234569284970156 5.0497738177202995 6.9948462051989084 4.8201514758423682 3.7012257604091228
decision_type=2 2 2 2 2 2 2 2 2 2
left_child=2 -2 4 -4 5 6 -1 -7 -6 -3
right_child=1 9 3 -5 8 7 -8 -9 -10 -11
leaf_value=-3.0636440635831568e-07 2.5776766124181431e-05 8.3209107565885946e-06 -2.9188472884319101e-05 2.2913544057701074e-06 2.2755893005523815e-05 -2.0003136328341497e-05 1.0834744591647906e-05 -1.665682129501163e-06 2.9811864199776513e-06 -7.6254584402906612e-06
leaf_weight=376 5.0000000000000027 9.0000000000000018 5.9999999999999991 7.9999999999999991 5.0000000000000027 9.9999999999999982 20 23 14.999999999999998 8.9999999999999982
leaf_count=376 5 9 6 8 5 10 20 23 15 9
internal_value=0 5.87578e-06 -2.91885e-07 -1.12e-05 4.8234e-08 -3.18975e-07 2.56318e-07 -7.22249e-06 7.92486e-06 3.47726e-07
internal_weight=0 23 463 14 449 429 396 33 20 18
internal_count=486 23 463 14 449 429 396 33 20 18
is_linear=0
shrinkage=0.1


Tree=742
num_leaves=11
num_cat=0
split_feature=4 39 68 72 1 29 90 1 6 80
split_gain=7.56632e-08 3.90084e-07 5.73504e-07 4.27629e-07 3.5293e-07 3.37996e-07 2.84359e-07 5.59537e-07 4.49761e-07 4.32989e-07
threshold=2.7058230259275202 5.6899940907710844 1.9356005054539456 4.3693677306817369 3.7726948748059121 5.0237939482549434 3.4960482137079443 3.4498615536424366 3.1345481418531311 2.8617925509761908
decision_type=2 2 2 2 2 2 2 2 2 2
left_child=6 5 -3 4 -4 -2 7 9 -8 -1
right_child=1 2 3 -5 -6 -7 8 -9 -10 -11
leaf_value=-5.3561394932128478e-06 1.8846217426471417e-06 -2.6226561340081391e-05 2.4856005676645921e-05 -1.7390416141657067e-07 1.0738242679053656e-06 3.8653981464449315e-05 -4.0596473202943649e-06 3.3231093984795736e-05 -3.2504219390310551e-05 8.4766500411646895e-06
leaf_weight=72 4.9999999999999982 7.9999999999999991 13.000000000000002 299 11.999999999999998 5 27 4.9999999999999991 6.9999999999999991 33
leaf_count=72 5 8 13 299 12 5 27 5 7 33
internal_value=0 8.09641e-07 2.23506e-07 8.76595e-07 1.34406e-05 2.02693e-05 -1.9229e-06 5.47663e-07 -9.91588e-06 -1.00869e-06
internal_weight=0 342 332 324 25 10 144 110 34 105
internal_count=486 342 332 324 25 10 144 110 34 105
is_linear=0
shrinkage=0.1


Tree=743
num_leaves=11
num_cat=0
split_feature=61 78 3 9 69 88 36 83 53 21
split_gain=7.62806e-08 3.47083e-07 3.19358e-07 3.61272e-07 2.8526e-07 3.89547e-07 3.01125e-07 2.68914e-07 5.26492e-07 8.03221e-07
threshold=3.7609296261008152 1.5890269151739729 4.8441560854355483 9.4504280947112829 6.5792357796731817 3.2180751841847144 2.3502401828962087 2.6735537653587347 2.0126758453675748 3.1132683346437333
decision_type=2 2 2 2 2 2 2 2 2 2
left_child=2 -2 7 -4 -3 6 -6 -1 9 -9
right_child=1 4 3 -5 5 -7 -8 8 -10 -11
leaf_value=-2.9465696771320142e-06 2.1628313274391078e-05 -1.7011220794908392e-05 -3.4612129942009538e-05 -1.1722964700311421e-06 4.4081702374872607e-06 2.7571074912550698e-07 3.7636547931469975e-05 4.0488702668679037e-05 -5.4068031339680753e-07 -3.0600548186043855e-06
leaf_weight=136 7.9999999999999991 8.9999999999999982 5.9999999999999982 7 5.9999999999999982 245 5 9.0000000000000018 47 7.9999999999999991
leaf_count=136 8 9 6 7 6 245 5 9 47 8
internal_value=0 1.10662e-06 -1.41834e-06 -1.66061e-05 4.87094e-07 1.10227e-06 1.9512e-05 -4.31138e-07 4.91415e-06 1.99952e-05
internal_weight=0 273 213 13 265 256 11 200 64 17
internal_count=486 273 213 13 265 256 11 200 64 17
is_linear=0
shrinkage=0.1


Tree=744
num_leaves=11
num_cat=0
split_feature=38 14 81 79 4 49 31 96 46 64
split_gain=8.44566e-08 3.34094e-07 4.3631e-07 5.68192e-07 5.26951e-07 4.51802e-07 3.63193e-07 3.11621e-07 1.94096e-07 4.47608e-07
threshold=1.9356005054539456 3.9701138825728512 1.8688348091416842 6.1158701961393769 2.7058230259275202 6.2970669235549011 1.8688348091416842 0.89587973461402759 0.8958797346140277 1.2424533248940004
decision_type=2 2 2 2 2 2 2 2 2 2
left_child=1 2 3 4 -1 -5 7 -4 9 -2
right_child=8 -3 6 5 -6 -7 -8 -9 -10 -11
leaf_value=-3.343689517350866e-05 -4.6294310333649953e-06 -2.5886134365767552e-05 -6.8177279899828112e-06 3.6867178312149922e-05 1.0519387069507501e-05 3.2590649794883577e-06 8.1830904719026876e-08 -3.9047164561149356e-05 -5.7694915803118008e-07 1.0295974554023983e-05
leaf_weight=5.0000000000000018 32 5.9999999999999991 6.0000000000000018 7.9999999999999991 6 7.9999999999999991 15.999999999999998 6 339 54
leaf_count=5 32 6 6 8 6 8 16 6 339 54
internal_value=0 -3.47959e-06 -1.03524e-06 8.03488e-06 -9.46074e-06 2.00631e-05 -9.78143e-06 -2.29324e-05 4.99424e-07 4.74234e-06
internal_weight=0 61 55 27 11 16 28 12 425 86
internal_count=486 61 55 27 11 16 28 12 425 86
is_linear=0
shrinkage=0.1


Tree=745
num_leaves=11
num_cat=0
split_feature=40 40 77 32 34 73 9 41 16 53
split_gain=7.50972e-08 3.18064e-07 5.80947e-07 3.03089e-07 3.15838e-07 4.80306e-07 4.48957e-07 3.99712e-07 4.98741e-07 3.90151e-07
threshold=2.602003343538398 2.740319461670996 1.8688348091416842 5.9532399610262798 2.0126758453675753 2.524928003624769 6.4891310167150369 3.2180751841847144 1.2424533248940004 1.8688348091416844
decision_type=2 2 2 2 2 2 2 2 2 2
left_child=3 2 -2 4 5 9 -7 8 -6 -1
right_child=1 -3 -4 -5 7 6 -8 -9 -10 -11
leaf_value=-4.9677004139276074e-06 9.6738685897435028e-07 3.9267009426768772e-08 3.9077327725559979e-05 -2.408455802651588e-05 5.417995840549271e-06 -4.7025196545291704e-05 -7.7915243569545296e-06 1.5571081288499044e-05 -1.9843040205490649e-05 2.4747150746406987e-05
leaf_weight=38 12.000000000000002 349 5.9999999999999991 5.9999999999999991 27 4.9999999999999982 7 20 10.999999999999998 4.9999999999999991
leaf_count=38 12 349 6 6 27 5 7 20 11 5
internal_value=0 7.07839e-07 1.36707e-05 -2.183e-06 -1.02008e-06 -6.44915e-06 -2.41389e-05 4.12817e-06 -1.89441e-06 -1.51249e-06
internal_weight=0 367 18 119 113 55 12 58 38 43
internal_count=486 367 18 119 113 55 12 58 38 43
is_linear=0
shrinkage=0.1


Tree=746
num_leaves=11
num_cat=0
split_feature=93 99 94 97 99 8 52 52 52 42
split_gain=6.96874e-08 1.9696e-07 1.07341e-07 2.17322e-07 2.01692e-07 1.65008e-07 1.16415e-07 1.91473e-07 1.71706e-07 5.94119e-07
threshold=6.2971076241477952 3.8815106545092593 5.6664207015582333 5.4659459730803723 2.524928003624769 5.7588967981835451 7.8058753204502649 7.9131063837209652 7.09423450157795 7.09423450157795
decision_type=2 2 2 2 2 2 2 2 2 2
left_child=2 -2 6 4 5 -4 8 -8 9 -1
right_child=1 -3 3 -5 -6 -7 7 -9 -10 -11
leaf_value=1.2958558406262701e-08 2.0084056753451784e-05 -6.7894699168391518e-06 -8.2737653656295114e-06 4.5651380927525822e-06 3.6089377924023815e-06 -2.9297218900735189e-05 2.4871726345736534e-05 9.0469369752099747e-07 -5.8400393201104051e-06 2.601576100763244e-05
leaf_weight=371 5.9999999999999982 5 8.0000000000000018 12.999999999999998 5.9999999999999991 6.9999999999999991 4.9999999999999991 9.9999999999999982 46 8.9999999999999982
leaf_count=371 6 5 8 13 6 7 5 10 46 9
internal_value=0 7.86882e-06 -1.82225e-07 -5.59618e-06 -1.18865e-05 -1.80847e-05 2.35177e-07 8.8937e-06 -6.97003e-08 6.28814e-07
internal_weight=0 11 475 34 21 15 441 15 426 380
internal_count=486 11 475 34 21 15 441 15 426 380
is_linear=0
shrinkage=0.1


Tree=747
num_leaves=10
num_cat=0
split_feature=7 6 7 55 15 36 75 68 17
split_gain=7.07746e-08 2.04899e-07 1.36546e-07 9.73994e-08 3.14496e-07 2.27243e-07 2.23597e-07 1.69012e-07 9.38669e-08
threshold=6.5610216630967022 6.5381387766044883 6.462969825394751 6.3818145858918855 5.8550678171289681 4.6959141240107813 5.8664640443659364 4.7957563937576522 3.7012257604091228
decision_type=2 2 2 2 2 2 2 2 2
left_child=2 -2 3 5 -5 6 -1 -6 -3
right_child=1 8 -4 4 7 -7 -8 -9 -10
leaf_value=4.9623245961572531e-07 2.3322771885432285e-05 7.6611780064202593e-06 -1.5256539093873775e-05 2.2215722583496245e-05 9.0334769311084535e-06 -1.7292368067955976e-05 -7.6693851195995127e-06 -3.6932506888357845e-06 -6.7815710615882885e-06
leaf_weight=358 5.0000000000000027 9.0000000000000018 5.9999999999999991 7.9999999999999991 15.999999999999998 7.9999999999999991 37 30 8.9999999999999982
leaf_count=358 5 9 6 8 16 8 37 30 9
internal_value=0 5.41436e-06 -2.68964e-07 -7.21906e-08 3.916e-06 -6.06588e-07 -2.68648e-07 7.33437e-07 4.39803e-07
internal_weight=0 23 463 457 54 403 395 46 18
internal_count=486 23 463 457 54 403 395 46 18
is_linear=0
shrinkage=0.1


Tree=748
num_leaves=11
num_cat=0
split_feature=4 37 37 40 40 66 56 13 33 6
split_gain=7.34892e-08 2.47974e-07 3.9571e-07 3.28306e-07 2.66569e-07 2.10545e-07 2.69419e-07 1.92128e-07 1.56211e-07 1.30642e-07
threshold=5.5234569284970156 4.6346818562128229 4.5746578350692051 4.5950688323293329 4.8201514758423682 4.6150714996361826 4.2625806805327082 2.524928003624769 5.0497738177202995 5.3374918497535253
decision_type=2 2 2 2 2 2 2 2 2 2
left_child=1 2 5 -3 -5 6 -1 -2 -6 -9
right_child=7 3 -4 4 8 -7 -8 9 -10 -11
leaf_value=-4.4939992658927652e-07 1.9888834534261456e-05 -2.6772945443553897e-05 2.3658483145741879e-05 1.4831635977922504e-05 3.8105328530946278e-06 -1.8922793788078707e-05 1.8111143708665624e-05 1.4416385394205073e-05 -1.8234652826423472e-05 1.317874260469883e-07
leaf_weight=349 5.9999999999999991 8.0000000000000018 6.9999999999999991 6.0000000000000027 4.9999999999999991 5.9999999999999991 7.9999999999999991 6.9999999999999991 8.9999999999999982 75
leaf_count=349 6 8 7 6 5 6 8 7 9 75
internal_value=0 -5.78221e-07 1.08436e-07 -9.65189e-06 -2.80347e-06 -3.45697e-07 -3.34774e-08 2.61513e-06 -1.03614e-05 1.3512e-06
internal_weight=0 398 370 28 20 363 357 88 14 82
internal_count=486 398 370 28 20 363 357 88 14 82
is_linear=0
shrinkage=0.1


Tree=749
num_leaves=11
num_cat=0
split_feature=50 50 52 34 24 12 12 71 0 36
split_gain=6.59514e-08 2.87405e-07 2.5623e-07 2.665e-07 1.84789e-07 2.80483e-07 2.84324e-07 2.29904e-07 1.84444e-07 1.6646e-07
threshold=4.3693677306817369 4.2903656061101136 6.6957614814153112 4.8597823571876004 4.8597823571876004 6.6025796074063665 6.843747675870822 6.2085880018747917 5.0562255201382529 4.6959141240107813
decision_type=2 2 2 2 2 2 2 2 2 2
left_child=1 9 3 -2 -4 7 -7 -6 -3 -1
right_child=2 8 4 -5 5 6 -8 -9 -10 -11
leaf_value=1.8884705641641105e-07 4.0319486288353813e-06 -3.7658254223060801e-06 1.7352679181688777e-05 3.3461968705523759e-05 -2.6691186004817223e-05 1.6326459329072596e-05 -1.0579813047465556e-06 1.3844494333170587e-06 -3.0927865882404145e-05 -1.2891537317045733e-05
leaf_weight=359 7.9999999999999982 4.9999999999999982 5.9999999999999991 5 6.9999999999999982 10.999999999999998 65 5 5 9.9999999999999982
leaf_count=359 8 5 6 5 7 11 65 5 5 10
internal_value=0 -6.18965e-07 2.19241e-06 1.53512e-05 3.72578e-07 -7.85157e-07 1.45819e-06 -1.4993e-05 -1.73468e-05 -1.65635e-07
internal_weight=0 379 107 13 94 88 76 12 10 369
internal_count=486 379 107 13 94 88 76 12 10 369
is_linear=0
shrinkage=0.1


Tree=750
num_leaves=11
num_cat=0
split_feature=25 34 45 2 1 74 32 15 8 30
split_gain=6.78947e-08 5.83981e-07 4.62554e-07 4.50592e-07 4.79746e-07 4.33397e-07 4.0027e-07 3.51301e-07 6.49639e-07 3.06175e-07
threshold=4.8751681865209777 1.2424533248940004 5.1984817689835037 3.2951505240983434 3.4498615536424366 1.4978661367769956 4.4425820475484112 4.7094896185437563 3.2180751841847144 2.8617925509761908
decision_type=2 2 2 2 2 2 2 2 2 2
left_child=7 2 5 6 -5 -2 -3 -1 -9 -6
right_child=1 3 -4 4 9 -7 -8 8 -10 -11
leaf_value=5.8016474888842956e-07 1.1647150022326961e-05 -3.8489526923513018e-05 -3.0304503121038177e-06 3.1604721734765916e-05 -2.2001099478075051e-05 4.4089970469940456e-05 -6.8560881231860555e-06 -4.0183240586581335e-05 -4.411852359859922e-06 9.0898509933183622e-07
leaf_weight=175 10.000000000000005 5.0000000000000027 8.9999999999999982 4.9999999999999991 5.9999999999999991 6.9999999999999991 20 5.9999999999999991 33 210
leaf_count=175 10 5 9 5 6 7 20 6 33 210
internal_value=0 1.04839e-06 1.5301e-05 -4.5799e-07 9.81466e-07 2.5006e-05 -1.31828e-05 -1.33253e-06 -9.91514e-06 2.72594e-07
internal_weight=0 272 26 246 221 17 25 214 39 216
internal_count=486 272 26 246 221 17 25 214 39 216
is_linear=0
shrinkage=0.1


Tree=751
num_leaves=11
num_cat=0
split_feature=75 75 75 91 96 93 87 77 47 48
split_gain=6.58427e-08 3.35147e-07 2.19917e-07 7.5073e-07 3.49264e-07 3.5411e-07 3.40408e-07 2.03794e-07 3.90555e-07 4.9098e-07
threshold=4.7273486598447958 4.7957563937576522 3.8499212036984933 1.0397207708399181 3.1345481418531311 3.2951505240983434 0.8958797346140277 1.8688348091416842 2.0126758453675748 3.5972184255501678
decision_type=2 2 2 2 2 2 2 2 2 2
left_child=2 -2 -1 -4 5 -5 -6 -3 9 -9
right_child=1 7 3 4 6 -7 -8 8 -10 -11
leaf_value=1.1052194997684252e-06 1.9961544204407904e-05 -5.2242570977538871e-06 -4.3191914010094485e-05 -1.6310085919081354e-06 -3.5903578100260321e-05 2.2950186861895158e-05 -6.5782035682404017e-06 6.1061625416414238e-06 3.3170045880711663e-07 4.2006339790532365e-05
leaf_weight=127 8.9999999999999982 53 4.9999999999999991 36 5.0000000000000027 6.9999999999999991 19 16.000000000000004 204 4.9999999999999991
leaf_count=127 9 53 5 36 5 7 19 16 204 5
internal_value=0 9.69218e-07 -1.39782e-06 -5.81289e-06 -3.02341e-06 2.37058e-06 -1.26877e-05 3.54358e-07 1.66843e-06 1.46538e-05
internal_weight=0 287 199 72 67 43 24 278 225 21
internal_count=486 287 199 72 67 43 24 278 225 21
is_linear=0
shrinkage=0.1


Tree=752
num_leaves=11
num_cat=0
split_feature=93 99 90 85 85 85 60 33 77 81
split_gain=6.32721e-08 1.55003e-07 8.5287e-08 7.4251e-08 4.54558e-07 3.8059e-07 3.55224e-07 3.06465e-07 2.71394e-07 1.68924e-07
threshold=6.2971076241477952 3.8815106545092593 6.0540424421008812 5.1761337726651186 5.2203412156610947 4.912546742554059 2.740319461670996 1.8688348091416844 4.1742689126930488 3.1132683346437333
decision_type=2 2 2 2 2 2 2 2 2 2
left_child=2 -2 3 5 9 8 -6 -7 -1 -5
right_child=1 -3 -4 4 6 7 -8 -9 -10 -11
leaf_value=-1.6782514790522687e-08 1.8334241347398956e-05 -5.5057591816876077e-06 -1.3165111304260791e-05 -7.675122469663622e-06 -2.2455062812046631e-05 -4.2834118245921743e-06 4.9638338403521793e-07 1.3565137610508041e-05 -1.775189550698997e-05 -3.2562616009575622e-05
leaf_weight=209 5.9999999999999982 5 4.9999999999999991 4.9999999999999982 6.9999999999999991 12.999999999999998 184 37 8.9999999999999982 6
leaf_count=209 6 5 5 5 7 13 184 37 9 6
internal_value=0 7.49788e-06 -1.73635e-07 -3.54278e-08 -1.48318e-06 1.05579e-06 -3.44769e-07 8.92451e-06 -7.48966e-07 -2.12501e-05
internal_weight=0 11 475 470 202 268 191 50 218 11
internal_count=486 11 475 470 202 268 191 50 218 11
is_linear=0
shrinkage=0.1


Tree=753
num_leaves=11
num_cat=0
split_feature=5 75 19 85 5 6 40 40 70 66
split_gain=5.87304e-08 3.71583e-07 4.31933e-07 2.84896e-07 2.67298e-07 3.31562e-07 2.29627e-07 2.17151e-07 2.20495e-07 1.91152e-07
threshold=1.8688348091416842 3.9316333620047872 6.311733162251806 3.6361991962850237 2.249904835165133 2.249904835165133 2.602003343538398 3.5549397315361362 3.0433873634561537 1.2424533248940004
decision_type=2 2 2 2 2 2 2 2 2 2
left_child=1 3 -3 7 5 -2 -4 8 -1 -5
right_child=4 2 6 9 -6 -7 -8 -9 -10 -11
leaf_value=-5.7957047654973198e-06 3.1309972498023005e-06 -4.0140552300726968e-05 -1.9910866224866674e-05 2.724451915128157e-06 -5.3058451119085705e-08 3.1550216954201459e-05 6.7490253651872719e-06 1.8441736174281686e-05 1.1181591624639016e-05 3.0376007489394391e-05
leaf_weight=51 13.000000000000002 5.0000000000000027 5.9999999999999982 4.9999999999999982 374 5.9999999999999991 7 4.9999999999999991 8.9999999999999982 5
leaf_count=51 13 5 6 5 374 6 7 5 9 5
internal_value=0 -2.25979e-06 -1.51625e-05 8.36858e-07 5.34759e-07 1.21055e-05 -5.55554e-06 -1.58058e-06 -3.24911e-06 1.65502e-05
internal_weight=0 93 18 75 393 19 13 65 60 10
internal_count=486 93 18 75 393 19 13 65 60 10
is_linear=0
shrinkage=0.1


Tree=754
num_leaves=11
num_cat=0
split_feature=18 34 92 53 9 31 43 21 9 92
split_gain=5.63979e-08 3.94969e-07 2.93552e-07 2.46236e-07 2.21153e-07 3.28584e-07 1.21706e-07 4.72071e-07 3.0484e-07 3.32603e-07
threshold=1.0397207708399181 3.8064155152036787 2.4708212113046524 0.89587973461402759 5.0237939482549434 1.0397207708399181 1.8688348091416844 1.4978661367769956 5.6899940907710844 3.3296469598418192
decision_type=2 2 2 2 2 2 2 2 2 2
left_child=1 2 3 -1 5 -2 8 -8 -6 -10
right_child=4 -3 -4 -5 6 -7 7 -9 9 -11
leaf_value=1.5628164809251232e-07 -3.023273184226128e-05 2.988040680065751e-05 1.5557652235997921e-05 -2.4056838647003773e-05 2.2961175896593239e-05 2.8622874954938496e-06 -1.8936089049605343e-05 -1.4827999584546179e-07 1.4928622378818091e-05 -5.4888301901558273e-07
leaf_weight=14.000000000000005 5.9999999999999982 4.9999999999999991 7.9999999999999991 5.9999999999999991 6.9999999999999991 6 13.999999999999998 299 15.999999999999998 105
leaf_count=14 6 5 8 6 7 6 14 299 16 105
internal_value=0 3.99122e-06 -6.31853e-07 -7.10765e-06 -2.90751e-07 -1.36852e-05 7.37245e-08 -9.88629e-07 2.67151e-06 1.49773e-06
internal_weight=0 33 28 20 453 12 441 313 128 121
internal_count=486 33 28 20 453 12 441 313 128 121
is_linear=0
shrinkage=0.1


Tree=755
num_leaves=11
num_cat=0
split_feature=1 1 36 36 41 28 67 5 36 42
split_gain=5.56276e-08 2.37763e-07 2.02324e-07 1.94483e-07 1.94117e-07 2.62725e-07 2.08795e-07 1.89581e-07 1.83524e-07 1.85678e-07
threshold=5.5234569284970156 5.4160905255636633 4.6959141240107813 4.465842055365858 5.8200785277231128 4.9904094477362264 4.1430087342023825 5.3131938456227115 4.3693677306817369 7.7034443856599912
decision_type=2 2 2 2 2 2 2 2 2 2
left_child=1 2 3 -1 5 -2 -6 -3 -8 -10
right_child=4 7 -4 -5 6 -7 8 -9 9 -11
leaf_value=-1.0296631494481996e-07 2.5934574036260257e-05 -2.6943289716048948e-05 -2.0063370029674843e-05 1.8045504839392381e-05 -1.7133126727588076e-05 3.5643254683409832e-06 -1.1092835281942827e-05 -1.8049426823078343e-06 1.02077630325094e-05 -2.498891897472356e-06
leaf_weight=372 7.0000000000000027 5.9999999999999982 4.9999999999999991 5.9999999999999991 6.9999999999999991 21 9.9999999999999982 6 23 23
leaf_count=372 7 6 5 6 7 21 10 6 23 23
internal_value=0 -5.13511e-07 -7.92357e-08 1.85105e-07 2.22897e-06 9.15689e-06 -8.50098e-07 -1.43741e-05 1.18528e-06 3.85444e-06
internal_weight=0 395 383 378 91 28 63 12 56 46
internal_count=486 395 383 378 91 28 63 12 56 46
is_linear=0
shrinkage=0.1


Tree=756
num_leaves=10
num_cat=0
split_feature=50 42 12 17 37 14 66 33 80
split_gain=5.51125e-08 1.59169e-07 1.07852e-07 1.41453e-07 1.7059e-07 1.04006e-07 1.10837e-07 1.02603e-07 3.82653e-08
threshold=5.6452907969132928 7.6824671561055489 7.816793667754852 5.525445002686836 5.4026367991037016 5.6936811209974421 4.465842055365858 6.1441487928929224 4.135134555718313
decision_type=2 2 2 2 2 2 2 2 2
left_child=1 2 3 4 -1 -2 -7 -3 -4
right_child=5 7 8 -5 -6 6 -8 -9 -10
leaf_value=-2.5588684447023271e-07 -3.1152293053714343e-06 -1.815911036828766e-05 4.1712509846547627e-06 -1.6869313258212061e-05 1.2957194726368471e-05 2.9831885512976446e-06 2.2477124002762138e-05 1.0176847354159689e-07 1.6543037490919231e-05
leaf_weight=427 9.0000000000000018 7.9999999999999982 4.9999999999999982 4.9999999999999991 9.9999999999999982 6.9999999999999982 5 5 5
leaf_count=427 9 8 5 5 10 7 5 5 5
internal_value=0 -2.26303e-07 8.74627e-08 -1.44883e-07 4.6472e-08 5.01099e-06 1.11057e-05 -1.11357e-05 1.03571e-05
internal_weight=0 465 452 442 437 21 12 13 10
internal_count=486 465 452 442 437 21 12 13 10
is_linear=0
shrinkage=0.1


Tree=757
num_leaves=11
num_cat=0
split_feature=87 67 69 94 84 19 34 58 51 51
split_gain=5.53784e-08 3.24273e-07 2.66819e-07 2.44118e-07 2.29512e-07 2.29964e-07 6.71341e-07 2.80337e-07 1.65668e-07 2.86982e-07
threshold=2.0126758453675748 0.8958797346140277 7.9851308890155055 3.3667009459186801 4.3693677306817369 2.4563274428680266 3.8064155152036787 1.0397207708399181 1.8688348091416842 3.6632328069201612
decision_type=2 2 2 2 2 2 2 2 2 2
left_child=2 3 4 -2 5 6 -1 -7 -3 -10
right_child=1 8 -4 -5 -6 7 -8 -9 9 -11
leaf_value=-8.9979750631149097e-07 -2.8885690491214131e-05 1.0512573421043013e-05 1.4655386010937428e-05 -2.4758632727233425e-06 -2.0822753249376547e-05 -1.5003884063465499e-05 4.2713662260212004e-05 9.7042488505394437e-07 -8.4761796711063652e-06 6.7275431102113242e-07
leaf_weight=12.000000000000002 6.9999999999999982 13.999999999999998 13.999999999999998 7 4.9999999999999991 11.999999999999998 4.9999999999999991 130 40 240
leaf_count=12 7 14 14 7 5 12 5 130 40 240
internal_value=0 -8.11497e-07 1.40416e-06 -1.56808e-05 2.72961e-07 9.36348e-07 1.19277e-05 -3.79517e-07 -1.03436e-07 -6.34236e-07
internal_weight=0 308 178 14 164 159 17 142 294 280
internal_count=486 308 178 14 164 159 17 142 294 280
is_linear=0
shrinkage=0.1


Tree=758
num_leaves=11
num_cat=0
split_feature=70 60 37 18 70 6 4 11 32 51
split_gain=5.33634e-08 2.54054e-07 2.43708e-07 3.484e-07 2.80732e-07 3.13698e-07 4.59149e-07 2.23602e-07 2.045e-07 1.87481e-07
threshold=2.524928003624769 1.9356005054539456 0.8958797346140277 2.191013317336941 2.3502401828962087 1.0397207708399181 2.7058230259275202 3.3497501700808394 5.9964025824430864 1.0397207708399181
decision_type=2 2 2 2 2 2 2 2 2 2
left_child=2 -2 4 -4 5 7 -7 -1 -5 -3
right_child=1 9 3 8 -6 6 -8 -9 -10 -11
leaf_value=1.2716920615015886e-05 2.0996469963089719e-05 -1.0696699658486372e-05 -2.8129908241680826e-05 -9.96863505089564e-07 2.4623300196253697e-05 -1.9884257011047638e-05 7.0138381819230169e-06 -2.2551414890346532e-06 -2.2698705870425331e-05 7.2079810643260859e-07
leaf_weight=21 5.9999999999999991 14.999999999999998 6.9999999999999991 33 4.9999999999999991 15.000000000000002 10.999999999999998 19 4.9999999999999991 349
leaf_count=21 6 15 7 33 5 15 11 19 5 349
internal_value=0 5.86721e-07 -1.87144e-06 -7.62888e-06 1.77764e-06 4.69092e-08 -8.50429e-06 5.60519e-06 -3.85237e-06 2.50297e-07
internal_weight=0 370 116 45 71 66 26 40 38 364
internal_count=486 370 116 45 71 66 26 40 38 364
is_linear=0
shrinkage=0.1


Tree=759
num_leaves=11
num_cat=0
split_feature=73 53 43 84 83 80 24 9 4 71
split_gain=5.57305e-08 2.58895e-07 3.16851e-07 3.08192e-07 3.18844e-07 2.63282e-07 3.26474e-07 3.20453e-07 3.02997e-07 2.98933e-07
threshold=2.524928003624769 1.8688348091416844 3.891612008168019 1.2424533248940004 2.0126758453675748 2.524928003624769 1.7005986908310777 6.8946079313622795 3.7726948748059121 3.891612008168019
decision_type=2 2 2 2 2 2 2 2 2 2
left_child=1 5 3 -3 -5 8 -7 -8 9 -1
right_child=-2 2 -4 4 -6 6 7 -9 -10 -11
leaf_value=-3.2576047751880265e-06 -9.0311863536505408e-07 -2.394830846697005e-06 -1.2007467125840777e-05 5.715676793659528e-06 2.3853099911421953e-05 -1.7183368838327866e-05 1.8249459688896815e-05 -5.7604563422770572e-06 2.6166746683884411e-05 9.8935982368857377e-06
leaf_weight=56 284 15.999999999999998 7.9999999999999991 21 18 19 6.9999999999999991 27 4.9999999999999991 25
leaf_count=56 284 16 8 21 18 19 7 27 5 25
internal_value=0 1.26973e-06 6.58743e-06 9.29214e-06 1.40868e-05 -1.14045e-06 -6.68434e-06 -8.17238e-07 2.27614e-06 8.01409e-07
internal_weight=0 202 63 55 39 139 53 34 86 81
internal_count=486 202 63 55 39 139 53 34 86 81
is_linear=0
shrinkage=0.1


Tree=760
num_leaves=11
num_cat=0
split_feature=54 78 72 4 69 11 94 54 32 40
split_gain=5.37452e-08 2.32952e-07 2.04561e-07 3.14094e-07 2.62171e-07 3.00196e-07 2.01374e-07 2.01079e-07 3.39721e-07 3.71147e-07
threshold=1.7005986908310777 3.7609296261008152 5.1647696471263407 3.2951505240983434 6.7730149157208501 1.0397207708399181 2.9174053685313028 2.1383330595080281 4.6913057964583187 2.740319461670996
decision_type=2 2 2 2 2 2 2 2 2 2
left_child=1 2 4 -4 5 -1 -6 8 9 -2
right_child=7 -3 3 -5 6 -7 -8 -9 -10 -11
leaf_value=-1.3622902770293877e-05 -3.9093206093336129e-06 1.82861434041115e-05 1.7713442161948474e-07 -2.7844916015358952e-05 6.2314212193407852e-06 2.5428349880840531e-06 2.7540567801527988e-05 8.9189062841008987e-08 2.2580546404545509e-07 -3.9082567915708448e-05
leaf_weight=13.999999999999998 6.0000000000000018 7.9999999999999991 12.000000000000002 5.9999999999999991 17.000000000000004 64 5.9999999999999991 329 18 6
leaf_count=14 6 8 12 6 17 64 6 329 18 6
internal_value=0 1.76806e-06 6.57601e-07 -9.16355e-06 2.4079e-06 -3.58708e-07 1.17903e-05 -6.2547e-07 -8.46289e-06 -2.14959e-05
internal_weight=0 127 119 18 101 78 23 359 30 12
internal_count=486 127 119 18 101 78 23 359 30 12
is_linear=0
shrinkage=0.1


Tree=761
num_leaves=11
num_cat=0
split_feature=13 33 71 37 42 34 9 11 68 93
split_gain=4.83396e-08 3.31614e-07 3.03862e-07 4.31077e-07 2.50847e-07 2.52322e-07 2.0345e-07 2.84001e-07 2.50897e-07 2.38043e-07
threshold=4.1742689126930488 3.891612008168019 4.2045812236012674 4.1742689126930488 7.1670271600621165 5.5133962268973056 8.6312358437723962 4.4601277074540464 4.4367340276668159 3.2180751841847144
decision_type=2 2 2 2 2 2 2 2 2 2
left_child=4 2 -2 -4 5 -1 9 -8 -9 -3
right_child=1 6 3 -5 -6 -7 7 8 -10 -11
leaf_value=6.3647853706594176e-07 -1.9117136476919623e-06 -1.2056844934704717e-06 -4.6180021599866462e-05 -6.423079200127782e-06 1.9419315088141178e-05 -2.200484886998311e-05 -2.1828019210564287e-05 1.7572994693182409e-05 -7.6902431177669232e-07 2.9651584654857288e-05
leaf_weight=316 13.000000000000002 4.9999999999999982 4.9999999999999982 6 6.9999999999999991 4.9999999999999991 5.9999999999999991 7.9999999999999991 110 5
leaf_count=316 13 5 5 6 7 5 6 8 110 5
internal_value=0 -1.43695e-06 -1.22621e-05 -2.44944e-05 6.9219e-07 2.8381e-07 5.01886e-07 -6.04652e-07 4.74502e-07 1.4223e-05
internal_weight=0 158 24 11 328 321 134 124 118 10
internal_count=486 158 24 11 328 321 134 124 118 10
is_linear=0
shrinkage=0.1


Tree=762
num_leaves=11
num_cat=0
split_feature=0 41 34 60 85 49 30 41 23 25
split_gain=4.85967e-08 2.77321e-07 3.58134e-07 4.09226e-07 2.63475e-07 2.33061e-07 1.77761e-07 1.21518e-07 4.37979e-07 3.14212e-07
threshold=1.5890269151739729 4.7621374077860157 4.4995626957636246 3.2951505240983434 3.0868930519509687 4.8597823571876004 2.191013317336941 2.524928003624769 2.1383330595080281 5.2203412156610947
decision_type=2 2 2 2 2 2 2 2 2 2
left_child=1 2 3 4 -1 -2 -4 8 -7 -10
right_child=5 -3 6 -5 -6 7 -8 -9 9 -11
leaf_value=-5.7089017885579734e-06 2.000646151524658e-05 -2.5055704172700645e-05 2.9149756592232734e-05 -2.5004266672112865e-05 9.1087439664584559e-06 -2.2773908705287384e-06 5.1138841456577218e-06 -7.4819802175826708e-07 1.8941855867267252e-05 -2.2908072423888372e-06
leaf_weight=36 5.9999999999999991 4.9999999999999991 4.9999999999999991 7.9999999999999991 18 51 7.9999999999999991 316 23 9.9999999999999982
leaf_count=36 6 5 5 8 18 51 8 316 23 10
internal_value=0 -2.2527e-06 -7.32498e-07 -3.89673e-06 -7.69687e-07 4.43881e-07 1.43585e-05 1.50443e-07 3.53104e-06 1.25077e-05
internal_weight=0 80 75 62 54 406 13 400 84 33
internal_count=486 80 75 62 54 406 13 400 84 33
is_linear=0
shrinkage=0.1


Tree=763
num_leaves=10
num_cat=0
split_feature=93 102 90 94 48 42 94 5 97
split_gain=5.03159e-08 1.23122e-07 8.39413e-08 5.82115e-08 1.43091e-07 1.13713e-07 9.22823e-08 3.48218e-07 2.0584e-07
threshold=6.2971076241477952 1.8688348091416842 6.0540424421008812 5.6664207015582333 4.1430087342023825 6.9809901934311904 5.2417330174952186 4.9628201785886317 4.2625806805327082
decision_type=2 2 2 2 2 2 2 2 2
left_child=2 -2 3 6 -5 -6 8 -8 -1
right_child=1 -3 -4 4 5 -7 7 -9 -10
leaf_value=4.5486618628399154e-07 -4.9031296293833302e-06 1.6344127652700989e-05 -1.3043419166933746e-05 -1.8036265525248989e-05 6.8634137939873386e-06 -6.3443802019946821e-06 -7.9491211636195661e-06 9.1356384291430001e-06 -7.6992969438298837e-06
leaf_weight=346 4.9999999999999982 6 4.9999999999999991 5.9999999999999991 11.000000000000002 15.999999999999998 17 40 34
leaf_count=346 5 6 5 6 11 16 17 40 34
internal_value=0 6.68628e-06 -1.5484e-07 -1.77278e-08 -4.06758e-06 -9.63427e-07 2.88096e-07 4.04018e-06 -2.74717e-07
internal_weight=0 11 475 470 33 27 437 57 380
internal_count=486 11 475 470 33 27 437 57 380
is_linear=0
shrinkage=0.1


Tree=764
num_leaves=11
num_cat=0
split_feature=92 92 5 92 96 96 53 40 50 98
split_gain=5.34856e-08 3.36589e-07 3.92743e-07 2.29281e-07 2.95179e-07 2.67824e-07 4.36082e-07 2.00653e-07 1.6132e-07 2.14041e-07
threshold=5.1647696471263407 5.3981524641123215 3.2951505240983434 5.1298812082267613 2.9430520157250784 2.3937458713910238 2.8029010331479989 2.9174053685313028 1.5890269151739729 3.2180751841847144
decision_type=2 2 2 2 2 2 2 2 2 2
left_child=3 2 -2 4 5 7 -7 -1 -3 -10
right_child=1 8 -4 -5 -6 6 -8 -9 9 -11
leaf_value=-3.3812150324872797e-06 3.2020694717565269e-05 -1.0649442421189244e-05 4.1056063613117054e-06 -1.9114634882758504e-05 1.8104807816143877e-05 -1.1908914107802305e-06 -3.0458437140623574e-05 4.1737095124005917e-06 1.4021839590647934e-05 -2.2285006035034523e-07
leaf_weight=78 7.0000000000000027 13.999999999999998 18 6.9999999999999991 7.9999999999999991 14.000000000000002 7.9999999999999991 64 10.999999999999998 257
leaf_count=78 7 14 18 7 8 14 8 64 11 257
internal_value=0 8.01047e-07 1.19218e-05 -1.37386e-06 -6.51854e-07 -1.56681e-06 -1.18336e-05 2.38214e-08 -1.84838e-07 3.6182e-07
internal_weight=0 307 25 179 172 164 22 142 282 268
internal_count=486 307 25 179 172 164 22 142 282 268
is_linear=0
shrinkage=0.1


Tree=765
num_leaves=11
num_cat=0
split_feature=84 74 38 55 68 85 65 84 25 40
split_gain=4.96752e-08 2.13704e-07 2.76519e-07 2.49029e-07 2.58064e-07 2.36634e-07 2.50013e-07 1.83805e-07 4.68771e-07 5.26047e-07
threshold=1.7005986908310777 1.7005986908310777 2.7058230259275202 4.8903208612686422 1.9356005054539456 4.9593358439305844 4.6442059536981697 2.3937458713910238 4.912546742554059 3.4334666422309414
decision_type=2 2 2 2 2 2 2 2 2 2
left_child=1 3 -3 5 -5 6 -1 8 -2 -10
right_child=7 2 -4 4 -6 -7 -8 -9 9 -11
leaf_value=4.8663341505194107e-06 -8.2224510921290722e-06 -2.8358741110423564e-05 -4.2529031302167469e-06 -2.7395528741180899e-05 -2.7964459330429112e-06 1.7516552361485083e-05 -1.2028269611619181e-05 -1.7629928992235479e-07 3.1553891569108757e-05 2.3310811359676465e-06
leaf_weight=43 12.999999999999998 6.0000000000000027 23 4.9999999999999991 29 10.999999999999998 10.999999999999998 320 11.000000000000002 13.999999999999998
leaf_count=43 13 6 23 5 29 11 11 320 11 14
internal_value=0 -1.69078e-06 -9.24032e-06 5.20696e-07 -6.41396e-06 4.14805e-06 1.42484e-06 6.04526e-07 7.1799e-06 1.51891e-05
internal_weight=0 128 29 99 34 65 54 358 38 25
internal_count=486 128 29 99 34 65 54 358 38 25
is_linear=0
shrinkage=0.1


Tree=766
num_leaves=11
num_cat=0
split_feature=89 89 61 96 96 8 40 85 27 41
split_gain=5.30301e-08 1.89521e-07 3.21545e-07 3.11088e-07 3.52105e-07 3.03756e-07 1.89144e-07 1.75483e-07 1.62628e-07 4.19855e-07
threshold=7.5373890202266365 7.0808505662383112 1.8688348091416842 2.5619819897016298 2.3937458713910238 2.8314802400679731 2.9174053685313028 4.8903208612686422 3.1132683346437333 4.5538214868689204
decision_type=2 2 2 2 2 2 2 2 2 2
left_child=1 3 5 4 6 -3 -1 -4 9 -2
right_child=8 2 7 -5 -6 -7 -8 -9 -10 -11
leaf_value=-3.2629531111703898e-06 2.0645655200068038e-06 -1.1585577764587161e-05 -5.3153645694692373e-06 2.0696188793018728e-05 -2.4604757853315581e-05 2.0234562271070899e-05 4.4715812516203682e-06 -2.4780307748270305e-05 -7.8258876489187872e-07 2.4706189126138473e-05
leaf_weight=71 91 6.0000000000000018 8.0000000000000018 6.9999999999999991 5.9999999999999991 6 57 10.999999999999998 214 8.9999999999999982
leaf_count=71 91 6 8 7 6 6 57 11 214 9
internal_value=0 -1.41138e-06 -8.49072e-06 1.45073e-07 -9.28493e-07 4.32449e-06 1.81332e-07 -1.65845e-05 7.73112e-07 4.10231e-06
internal_weight=0 172 31 141 134 12 128 19 314 100
internal_count=486 172 31 141 134 12 128 19 314 100
is_linear=0
shrinkage=0.1


Tree=767
num_leaves=11
num_cat=0
split_feature=84 62 72 10 60 50 28 18 22 34
split_gain=4.82724e-08 2.1909e-07 4.49272e-07 3.44144e-07 1.82853e-07 1.87923e-07 1.5354e-07 2.78746e-07 2.33978e-07 3.57601e-07
threshold=1.2424533248940004 4.1107394736335969 3.7609296261008152 3.4960482137079443 3.3497501700808394 3.2951505240983434 1.9356005054539456 2.191013317336941 4.0428973506407848 3.4960482137079443
decision_type=2 2 2 2 2 2 2 2 2 2
left_child=1 2 4 -3 5 -1 7 -2 9 -8
right_child=6 3 -4 -5 -6 -7 8 -9 -10 -11
leaf_value=-1.4162239289538365e-06 1.1694288823491662e-06 -1.457688726199754e-05 2.8303893244204423e-05 2.6347823590878676e-06 -1.7100440303844758e-05 1.7918320584916124e-05 1.2168907172357041e-06 2.0924050986650399e-05 6.0802643059163557e-07 -2.1943443910762048e-05
leaf_weight=31 25 26 5.9999999999999991 21 5.9999999999999991 5.9999999999999991 15.000000000000002 9.9999999999999982 328 11.999999999999998
leaf_count=31 25 26 6 21 6 6 15 10 328 12
internal_value=0 -2.00876e-06 2.66995e-06 -6.88657e-06 -9.06876e-07 1.71911e-06 4.94464e-07 6.81361e-06 -1.2855e-07 -9.07659e-06
internal_weight=0 96 49 47 43 37 390 35 355 27
internal_count=486 96 49 47 43 37 390 35 355 27
is_linear=0
shrinkage=0.1


Tree=768
num_leaves=7
num_cat=0
split_feature=89 97 93 94 48 93
split_gain=4.82135e-08 7.67802e-08 5.95847e-08 9.24259e-08 1.16827e-07 7.28422e-08
threshold=10.395425808672428 5.5333816772649813 6.3297193168114436 5.6664207015582333 4.1430087342023825 5.7327072411495896
decision_type=2 2 2 2 2 2
left_child=1 2 3 5 -5 -1
right_child=-2 -3 -4 4 -6 -7
leaf_value=-1.2674401762780009e-07 -8.2391977360072947e-06 9.834948039610936e-06 1.0813774715643377e-05 -1.7077689972211367e-05 -1.7278588583234095e-06 5.7761748848861318e-06
leaf_weight=420 6.9999999999999991 7.9999999999999991 4.9999999999999991 7.0000000000000027 17 22
leaf_count=420 7 8 5 7 17 22
internal_value=0 1.20406e-07 -4.4597e-08 -1.61103e-07 -6.20489e-06 1.67066e-07
internal_weight=0 479 471 466 24 442
internal_count=486 479 471 466 24 442
is_linear=0
shrinkage=0.1


Tree=769
num_leaves=11
num_cat=0
split_feature=81 71 92 44 71 73 83 62 81 72
split_gain=4.76785e-08 1.81594e-07 3.062e-07 1.80176e-07 1.727e-07 1.60351e-07 2.82294e-07 2.19157e-07 1.27715e-07 1.26964e-07
threshold=5.9454069026540806 5.598394523403428 5.4595040226688933 5.9814014572911871 5.9454069026540806 5.5721468034537072 5.4026367991037016 7.09423450157795 6.0613237786925245 7.0758085067049983
decision_type=2 2 2 2 2 2 2 2 2 2
left_child=1 5 -3 -4 -2 6 9 -7 -6 -1
right_child=4 2 3 -5 8 7 -8 -9 -10 -11
leaf_value=-4.0670188631025358e-07 -1.3941372141992114e-05 -1.3182413313188582e-05 2.2935124153181354e-05 3.2116056445374852e-06 -1.3949594190876269e-05 -2.4911867149057806e-05 2.1739357786524732e-05 3.435518956393934e-06 1.5250976323007612e-06 1.1613854076131248e-05
leaf_weight=371 10.999999999999998 5.0000000000000027 11.000000000000002 7.9999999999999991 5.9999999999999991 5.9999999999999982 5.9999999999999991 5 48 8.9999999999999982
leaf_count=371 11 5 11 8 6 6 6 5 48 9
internal_value=0 3.89188e-07 8.83613e-06 1.46305e-05 -2.52074e-06 -1.21459e-07 2.17809e-07 -1.20267e-05 -1.94313e-07 -1.22005e-07
internal_weight=0 421 24 19 65 397 386 11 54 380
internal_count=486 421 24 19 65 397 386 11 54 380
is_linear=0
shrinkage=0.1


Tree=770
num_leaves=11
num_cat=0
split_feature=73 66 51 81 19 73 76 47 81 22
split_gain=4.72873e-08 1.95123e-07 3.27911e-07 2.71981e-07 4.3063e-07 2.60565e-07 5.47929e-07 2.65149e-07 1.91507e-07 2.16779e-07
threshold=2.524928003624769 1.2424533248940004 1.8688348091416842 4.0428973506407848 6.2970669235549011 3.8064155152036787 3.6632328069201612 2.0126758453675748 4.4885732424042368 5.5333191811709055
decision_type=2 2 2 2 2 2 2 2 2 2
left_child=8 3 -3 4 -2 6 -4 -7 -1 -10
right_child=1 2 5 -5 -6 7 -8 -9 9 -11
leaf_value=3.8991971467347348e-08 -2.1818212472781946e-05 1.7877186874102335e-05 -3.0732381537745827e-06 -2.7260689967079089e-05 4.7359765152290687e-06 1.6451646958805876e-05 -3.4767650261831781e-05 4.1070818298468763e-07 -7.7692121439295881e-07 1.8297294319871491e-05
leaf_weight=178 9.0000000000000018 9.9999999999999982 60 5.9999999999999991 19 10.999999999999998 5.9999999999999991 163 11.000000000000002 12.999999999999998
leaf_count=178 9 10 60 6 19 11 6 163 11 13
internal_value=0 -8.31899e-07 1.34741e-07 -7.93954e-06 -3.7993e-06 -6.04528e-07 -5.95455e-06 1.42479e-06 1.1696e-06 9.55495e-06
internal_weight=0 284 250 34 28 240 66 174 202 24
internal_count=486 284 250 34 28 240 66 174 202 24
is_linear=0
shrinkage=0.1


Tree=771
num_leaves=11
num_cat=0
split_feature=43 63 49 70 16 12 56 63 18 95
split_gain=4.91482e-08 1.7577e-07 1.88573e-07 1.59208e-07 3.66545e-07 2.51832e-07 2.36407e-07 2.14935e-07 1.89788e-07 1.84252e-07
threshold=1.8688348091416844 2.1383330595080281 6.4295893882764688 3.1345481418531311 1.4978661367769956 6.286907558903339 2.5619819897016298 2.9430520157250784 3.8176519431297078 6.4982776132386997
decision_type=2 2 2 2 2 2 2 2 2 2
left_child=3 2 -2 5 6 7 -5 9 -6 -1
right_child=1 -3 -4 4 8 -7 -8 -9 -10 -11
leaf_value=2.642505532461355e-06 -2.4677202286511605e-05 2.6024492919954147e-07 -4.1589020711821939e-06 3.1181129452306783e-05 -1.5993176930351176e-05 -2.2219783859327434e-05 4.9224097551814332e-06 -1.777764300641138e-05 5.0505746548878965e-06 -1.4094312142073512e-05
leaf_weight=109 4.9999999999999991 276 43 7.9999999999999982 6.0000000000000027 4.9999999999999991 6 5.9999999999999991 14.999999999999998 6.9999999999999991
leaf_count=109 5 276 43 8 6 5 6 6 15 7
internal_value=0 -7.11084e-07 -6.29623e-06 1.42217e-06 7.3938e-06 -2.23558e-07 1.99274e-05 6.77927e-07 -9.61926e-07 1.63253e-06
internal_weight=0 324 48 162 35 127 14 122 21 116
internal_count=486 324 48 162 35 127 14 122 21 116
is_linear=0
shrinkage=0.1


Tree=772
num_leaves=11
num_cat=0
split_feature=102 50 23 1 62 102 98 102 1 73
split_gain=5.12054e-08 1.7343e-07 1.9263e-07 1.25186e-07 1.20645e-07 8.00681e-08 7.87498e-08 7.53916e-08 2.14145e-07 7.64266e-08
threshold=3.9219243190762363 3.9701138825728512 3.5972184255501678 4.5847591887279648 4.8597823571876004 3.9019216517693867 4.7957563937576522 3.8815106545092593 4.0163424379838117 3.7726948748059121
decision_type=2 2 2 2 2 2 2 2 2 2
left_child=5 2 3 4 -2 7 -7 9 -9 -1
right_child=1 -3 -4 -5 -6 6 -8 8 -10 -11
leaf_value=-1.390641731903469e-06 6.0627626415528746e-06 -1.1335303982680974e-05 2.0392640362842943e-05 1.4869193691993132e-05 -1.3990927254781125e-05 -2.4302129531861287e-07 -1.7991234863075075e-05 2.3149349144659942e-05 -6.1180438751762258e-06 1.296378197637391e-06
leaf_weight=253 6.0000000000000089 5.9999999999999991 7.9999999999999991 4.9999999999999991 6 4.9999999999999982 5 4.9999999999999982 5 182
leaf_count=253 6 6 8 5 6 5 5 5 5 182
internal_value=0 3.93246e-06 7.59672e-06 1.57512e-06 -3.96408e-06 -2.67926e-07 -9.11713e-06 -6.90674e-08 8.51565e-06 -2.66417e-07
internal_weight=0 31 25 17 12 455 10 445 10 435
internal_count=486 31 25 17 12 455 10 445 10 435
is_linear=0
shrinkage=0.1


Tree=773
num_leaves=11
num_cat=0
split_feature=85 85 76 85 85 76 43 66 82 31
split_gain=5.10974e-08 3.48359e-07 2.30038e-07 1.84287e-07 2.44866e-07 4.31935e-07 2.6817e-07 1.88499e-07 1.96999e-07 1.432e-07
threshold=5.1761337726651186 5.2203412156610947 3.6632328069201612 5.379886735236628 5.8550678171289681 3.5549397315361362 3.1984648276080736 2.1383330595080281 6.8189186903474122 5.4889035743175976
decision_type=2 2 2 2 2 2 2 2 2 2
left_child=2 -2 9 7 5 -5 -6 -3 -9 -1
right_child=1 3 -4 4 6 -7 -8 8 -10 -11
leaf_value=-3.5495178328967081e-08 -1.8509584928820418e-05 -3.903561966061324e-06 2.2136517218314113e-05 4.7444099493532121e-07 1.697057233286614e-05 -1.7614881407594525e-05 -1.2707646504082192e-07 2.7573811218774482e-05 1.5848474777158115e-06 1.0345837937312095e-05
leaf_weight=261 10.999999999999998 7.0000000000000027 4.9999999999999991 33 9.9999999999999982 22 111 6.9999999999999982 5 13.999999999999998
leaf_count=261 11 7 5 33 10 22 111 7 5 14
internal_value=0 -1.19544e-06 8.795e-07 -2.18742e-07 -1.22881e-06 -6.76129e-06 1.28595e-06 9.13768e-06 1.67451e-05 4.93009e-07
internal_weight=0 206 280 195 176 55 121 19 12 275
internal_count=486 206 280 195 176 55 121 19 12 275
is_linear=0
shrinkage=0.1


Tree=774
num_leaves=11
num_cat=0
split_feature=86 7 73 76 63 63 53 66 55 36
split_gain=4.67852e-08 2.3799e-07 1.84535e-07 3.30498e-07 2.65517e-07 5.71337e-07 2.89295e-07 2.6227e-07 2.12924e-07 1.82479e-07
threshold=2.0126758453675748 4.6913057964583187 3.7726948748059121 3.6632328069201612 3.7726948748059121 3.1984648276080736 3.4960482137079443 2.1383330595080281 4.3437210834879627 4.465842055365858
decision_type=2 2 2 2 2 2 2 2 2 2
left_child=1 -1 3 9 5 6 -4 -6 -9 -2
right_child=2 -3 4 -5 7 -7 -8 8 -10 -11
leaf_value=5.798951697993848e-07 -3.4223651299823491e-06 2.0812961020055811e-05 1.3044288304323946e-05 -2.4943064740260267e-05 -2.0678493334950569e-05 3.0848231350925444e-05 -1.8009157065534962e-05 2.0932530460413546e-05 -5.875172135461071e-08 1.6131063166540116e-05
leaf_weight=187 105 5.9999999999999991 6.0000000000000018 6.9999999999999991 5.9999999999999991 8.9999999999999982 6 4.9999999999999991 144 4.9999999999999991
leaf_count=187 105 6 6 7 6 9 6 5 144 5
internal_value=0 1.2089e-06 -7.96308e-07 -3.87431e-06 1.24987e-06 1.18021e-05 -2.48243e-06 -1.79797e-07 6.45654e-07 -2.53357e-06
internal_weight=0 193 293 117 176 21 12 155 149 110
internal_count=486 193 293 117 176 21 12 155 149 110
is_linear=0
shrinkage=0.1


Tree=775
num_leaves=11
num_cat=0
split_feature=26 16 88 72 19 41 73 0 17 59
split_gain=4.6724e-08 3.13067e-07 1.9761e-07 3.72368e-07 1.94239e-07 1.83955e-07 3.1606e-07 2.17119e-07 3.57152e-07 1.52519e-07
threshold=2.9430520157250784 3.5549397315361362 4.6539149966267201 6.5424678079760454 8.527341032513851 4.2045812236012674 3.4960482137079443 4.1107394736335969 3.1132683346437333 8.5963542550312599
decision_type=2 2 2 2 2 2 2 2 2 2
left_child=1 2 9 -4 -5 6 -2 -7 -9 -1
right_child=5 -3 3 4 -6 7 -8 8 -10 -11
leaf_value=2.7662799890676688e-07 -1.0271376112314101e-06 2.5609412841731685e-05 3.0761108776763027e-05 -6.7617937042996356e-06 1.7377738377035712e-05 1.6318067150677961e-05 -2.0903640385464921e-05 -2.4495057550666389e-05 4.0242446371409866e-07 -9.2579069738955397e-06
leaf_weight=247 24 4.9999999999999991 6.0000000000000027 9.9999999999999982 4.9999999999999991 7.9999999999999991 11.999999999999998 5.9999999999999991 145 18
leaf_count=247 24 5 6 10 5 8 12 6 145 18
internal_value=0 8.02644e-07 3.68959e-07 9.70654e-06 1.28472e-06 -1.19779e-06 -7.65264e-06 2.63684e-07 -5.86879e-07 -3.71001e-07
internal_weight=0 291 286 21 15 195 36 159 151 265
internal_count=486 291 286 21 15 195 36 159 151 265
is_linear=0
shrinkage=0.1


Tree=776
num_leaves=11
num_cat=0
split_feature=21 75 63 21 11 83 1 28 9 47
split_gain=4.60265e-08 3.1535e-07 2.4023e-07 1.92823e-07 2.43816e-07 1.76376e-07 1.82014e-07 9.98115e-08 3.03066e-07 2.12351e-07
threshold=1.0397207708399181 5.0139575654555903 2.9430520157250784 1.4978661367769956 1.0397207708399181 2.740319461670996 3.2384861814448418 1.9356005054539456 5.9961425945699949 0.8958797346140277
decision_type=2 2 2 2 2 2 2 2 2 2
left_child=1 2 5 4 -2 6 -1 9 -9 -5
right_child=3 -3 -4 7 -6 -7 -8 8 -10 -11
leaf_value=1.4916021302332381e-06 -2.9708643269259488e-05 -2.1170310360503209e-05 -1.355089613449915e-05 -2.7140554825914124e-06 -7.9603223639423944e-07 2.2333173131171083e-05 1.9457770135237036e-05 -2.4838221579557283e-05 -6.1146401060195557e-08 1.573335105907366e-05
leaf_weight=29 4.9999999999999982 4.9999999999999991 5.9999999999999991 13.000000000000002 7 6.9999999999999991 6.9999999999999991 4.9999999999999991 390 11.999999999999998
leaf_count=29 5 5 6 13 7 7 7 5 390 12
internal_value=0 2.75252e-06 5.19363e-06 -3.44065e-07 -1.2843e-05 7.80914e-06 4.98502e-06 1.30459e-08 -3.7478e-07 6.1407e-06
internal_weight=0 54 49 432 12 43 36 420 395 25
internal_count=486 54 49 432 12 43 36 420 395 25
is_linear=0
shrinkage=0.1


Tree=777
num_leaves=11
num_cat=0
split_feature=22 22 31 54 28 32 28 102 6 36
split_gain=4.57323e-08 2.99943e-07 3.2205e-07 2.31989e-07 2.01489e-07 1.94518e-07 1.6183e-07 1.47049e-07 1.36088e-07 1.12899e-07
threshold=6.9304942881815519 6.7821689169642818 4.8558607684570871 5.192895118684441 5.0304165616299539 6.843747675870822 4.9904094477362264 3.9607678160667752 4.9628201785886317 4.6150714996361826
decision_type=2 2 2 2 2 2 2 2 2 2
left_child=1 5 -3 -4 6 7 8 9 -2 -1
right_child=4 2 3 -5 -6 -7 -8 -9 -10 -11
leaf_value=8.1034324648029525e-08 -1.9944241139455671e-05 1.7973302201076313e-07 3.6801796765454743e-05 8.9935778911846381e-06 7.0425231006145233e-07 -1.8096593339578249e-05 -2.5770778593141585e-05 1.4410536323339329e-05 -8.9426242084300626e-07 -1.0699923550419043e-05
leaf_weight=339 5.0000000000000062 13.000000000000002 5.9999999999999982 6 74 5.9999999999999991 4.9999999999999991 6.9999999999999991 14.999999999999998 9.9999999999999982
leaf_count=339 5 13 6 6 74 6 5 7 15 10
internal_value=0 4.90631e-07 1.10844e-05 2.28977e-05 -1.91792e-06 -2.40979e-07 -9.67956e-06 5.99583e-08 -5.65676e-06 -2.27876e-07
internal_weight=0 387 25 12 99 362 25 356 20 349
internal_count=486 387 25 12 99 362 25 356 20 349
is_linear=0
shrinkage=0.1


Tree=778
num_leaves=11
num_cat=0
split_feature=43 63 95 65 65 33 26 41 46 76
split_gain=3.81712e-08 1.27943e-07 2.49768e-07 2.88394e-07 2.99174e-07 1.77816e-07 1.49058e-07 3.13462e-07 2.4537e-07 2.17263e-07
threshold=1.8688348091416844 2.8029010331479989 5.1984817689835037 4.6150714996361826 5.0139575654555903 2.3502401828962087 2.9430520157250784 4.2045812236012674 2.6735537653587347 3.4334666422309414
decision_type=2 2 2 2 2 2 2 2 2 2
left_child=-1 2 3 -2 -5 -4 8 -8 9 -3
right_child=1 6 5 4 -6 -7 7 -9 -10 -11
leaf_value=1.2533276784453826e-06 -2.1654892960846749e-06 3.1804290609068483e-06 -7.8889594472760423e-06 -3.0596505566791153e-05 -4.6515527401425063e-06 5.3061840119994487e-06 -1.279777547097183e-05 5.5696677459936527e-07 1.2151928681611517e-05 -1.4993690604114819e-05
leaf_weight=162 23 37 14.999999999999998 10.000000000000002 7.9999999999999991 32 20 145 26 7.9999999999999991
leaf_count=162 23 37 15 10 8 32 20 145 26 8
internal_value=0 -6.26664e-07 -3.88091e-06 -9.58497e-06 -1.90654e-05 1.09497e-06 5.86785e-07 -1.06179e-06 4.41798e-06 -5.05255e-08
internal_weight=0 324 88 41 18 47 236 165 71 45
internal_count=486 324 88 41 18 47 236 165 71 45
is_linear=0
shrinkage=0.1


Tree=779
num_leaves=11
num_cat=0
split_feature=21 75 63 94 63 21 35 74 34 40
split_gain=3.75055e-08 2.30122e-07 1.9824e-07 1.74504e-07 2.65563e-07 1.48562e-07 2.02726e-07 1.26172e-07 9.2938e-08 2.15646e-07
threshold=1.0397207708399181 5.0139575654555903 2.9430520157250784 2.1383330595080281 1.4978661367769959 1.4978661367769956 4.7405652883788738 2.3937458713910238 1.2424533248940004 2.6735537653587347
decision_type=2 2 2 2 2 2 2 2 2 2
left_child=1 2 3 4 -1 6 -2 -5 9 -7
right_child=5 -3 -4 7 -6 8 -8 -9 -10 -11
leaf_value=6.354103509996396e-06 -2.2266575667474955e-05 -1.7951264165958491e-05 -1.2457716032561925e-05 -1.1644727783277625e-05 3.1246812083433423e-05 -3.0161546662081191e-06 4.0974185822051359e-06 5.3595252325067122e-06 -6.5667349428356481e-07 8.261080329947827e-06
leaf_weight=15.000000000000002 6.9999999999999982 4.9999999999999991 5.9999999999999991 6.0000000000000027 5.9999999999999991 30 5 15.999999999999998 351 39
leaf_count=15 7 5 6 6 6 30 5 16 351 39
internal_value=0 2.4847e-06 4.57e-06 6.94596e-06 1.34663e-05 -3.10588e-07 -1.12816e-05 7.22002e-07 2.86928e-09 3.35793e-06
internal_weight=0 54 49 43 21 432 12 22 420 69
internal_count=486 54 49 43 21 432 12 22 420 69
is_linear=0
shrinkage=0.1


Tree=780
num_leaves=10
num_cat=0
split_feature=45 37 76 66 10 80 86 85 77
split_gain=3.60953e-08 9.15976e-08 5.23736e-08 2.07294e-07 1.9092e-07 1.41767e-07 1.26948e-07 1.00061e-07 8.01443e-08
threshold=7.6871458025129282 5.620374610039355 4.4885732424042368 4.465842055365858 4.6539149966267201 5.1238931127034038 4.5270771443934281 6.4167269426572506 4.1430087342023825
decision_type=2 2 2 2 2 2 2 2 2
left_child=1 2 3 5 -5 -1 7 -4 -8
right_child=-2 -3 6 4 -6 -7 8 -9 -10
leaf_value=1.0984801713220804e-07 -6.6615605931019679e-06 1.1466550495242701e-05 -2.3037513310555374e-05 2.3955310514013817e-05 5.9965806420742797e-07 -1.6833512706142529e-05 1.0187010108590283e-05 -3.8831261387410139e-06 -2.3218725904631098e-06
leaf_weight=400 7.9999999999999991 6.9999999999999991 4.9999999999999982 6.9999999999999982 7 4.9999999999999991 5.9999999999999991 6 35
leaf_count=400 8 7 5 7 7 5 6 6 35
internal_value=0 1.11491e-07 -5.72683e-08 3.14216e-07 1.22775e-05 -9.93293e-08 -3.05057e-06 -1.25897e-05 -4.91304e-07
internal_weight=0 478 471 419 14 405 52 11 41
internal_count=486 478 471 419 14 405 52 11 41
is_linear=0
shrinkage=0.1


Tree=781
num_leaves=7
num_cat=0
split_feature=12 45 37 54 32 48
split_gain=3.93388e-08 5.77299e-08 7.56663e-08 7.06077e-08 5.69361e-08 2.96936e-08
threshold=8.1140056879395495 7.6871458025129282 5.620374610039355 5.9814014572911871 7.8365657114726561 5.1647696471263407
decision_type=2 2 2 2 2 2
left_child=1 2 3 4 -1 -5
right_child=-2 -3 -4 5 -6 -7
leaf_value=1.4616087102714263e-07 6.549831272827255e-06 -9.8706989949922302e-06 1.0319895695179835e-05 -1.3916077004978437e-05 -1.0584180872683647e-05 -3.0177040798662343e-06
leaf_weight=449 8.9999999999999982 5.9999999999999991 6.9999999999999991 4.9999999999999982 4.9999999999999991 5
leaf_count=449 9 6 7 5 5 5
internal_value=0 -1.23582e-07 5.85332e-10 -1.55094e-07 2.79853e-08 -8.46689e-06
internal_weight=0 477 471 464 454 10
internal_count=486 477 471 464 454 10
is_linear=0
shrinkage=0.1


Tree=782
num_leaves=11
num_cat=0
split_feature=90 75 93 3 85 85 81 25 18 25
split_gain=3.54584e-08 8.85962e-08 6.88888e-08 6.84047e-08 4.56098e-08 2.47312e-07 1.81839e-07 1.59964e-07 2.51148e-07 1.4968e-07
threshold=5.7234996574270314 4.7405652883788738 6.2971076241477952 3.9316333620047872 5.1761337726651186 5.1984817689835037 2.1383330595080277 5.0434043048315838 4.1107394736335969 4.9593358439305844
decision_type=2 2 2 2 2 2 2 2 2 2
left_child=2 -2 4 -3 7 -6 -7 9 -9 -1
right_child=1 3 -4 -5 5 6 -8 8 -10 -11
leaf_value=1.7110979120224466e-07 -1.566666061989963e-05 -8.2510276683933649e-06 1.1832869095087517e-05 7.5861854687294297e-06 -2.307195100001991e-05 -1.7684476066885205e-05 -7.8872473564126974e-11 1.5230975208800779e-05 1.3800190280003713e-06 -1.1348224309889096e-05
leaf_weight=188 4.9999999999999991 4.9999999999999982 4.9999999999999991 6 4.9999999999999991 5.9999999999999991 188 18 48 11.999999999999998
leaf_count=188 5 5 5 6 5 6 188 18 48 12
internal_value=0 -4.62946e-06 1.57599e-07 3.87452e-07 3.2058e-08 -1.11297e-06 -5.47019e-07 8.88678e-07 5.15755e-06 -5.2005e-07
internal_weight=0 16 470 11 465 199 194 266 66 200
internal_count=486 16 470 11 465 199 194 266 66 200
is_linear=0
shrinkage=0.1


Tree=783
num_leaves=11
num_cat=0
split_feature=102 73 72 2 102 98 102 1 72 72
split_gain=3.58885e-08 1.24361e-07 1.85704e-07 8.88268e-08 5.94766e-08 6.56825e-08 5.31797e-08 1.50686e-07 7.17025e-08 3.06824e-07
threshold=3.9219243190762363 2.9430520157250784 4.8903208612686422 4.5215522263001349 3.9019216517693867 4.7957563937576522 3.8815106545092593 4.0163424379838117 5.272986409146923 5.3844529770182641
decision_type=2 2 2 2 2 2 2 2 2 2
left_child=4 2 -2 -4 6 -6 8 -8 -1 -10
right_child=1 -3 3 -5 5 -7 7 -9 9 -11
leaf_value=-1.7540406302718286e-06 -4.1793617937299907e-06 -7.4472014311766092e-06 2.3429780291432205e-05 7.333876646953286e-06 2.5328634819743465e-07 -1.595566754986066e-05 1.9432558474363763e-05 -5.1183077448513349e-06 1.8025776771537494e-05 1.5690380529729681e-07
leaf_weight=179 9.0000000000000053 7.9999999999999991 5.9999999999999991 7.9999999999999991 4.9999999999999982 5 4.9999999999999982 5 9.9999999999999982 246
leaf_count=179 9 8 6 8 5 5 5 5 10 246
internal_value=0 3.29219e-06 7.02763e-06 1.42321e-05 -2.24303e-07 -7.85119e-06 -5.29122e-08 7.15713e-06 -2.1866e-07 8.54907e-07
internal_weight=0 31 23 14 455 10 445 10 435 256
internal_count=486 31 23 14 455 10 445 10 435 256
is_linear=0
shrinkage=0.1


Tree=784
num_leaves=11
num_cat=0
split_feature=18 34 43 76 9 31 30 91 88 1
split_gain=3.8206e-08 1.66093e-07 1.29233e-07 1.44177e-07 1.17538e-07 1.97436e-07 8.42749e-08 2.36062e-07 2.81775e-07 1.2316e-07
threshold=1.0397207708399181 3.8064155152036787 0.89587973461402759 1.4978661367769956 5.0237939482549434 1.0397207708399181 1.9356005054539456 4.2045812236012674 3.891612008168019 2.9174053685313028
decision_type=2 2 2 2 2 2 2 2 2 2
left_child=1 2 3 -1 5 -2 7 8 -6 -8
right_child=4 -3 -4 -5 6 -7 9 -9 -10 -11
leaf_value=-1.2882784685643847e-05 -2.2831149241634806e-05 2.0073575942660682e-05 8.7327850037995216e-06 5.8293426263844594e-06 -8.4162463099346477e-06 2.8227153961779549e-06 -3.8847476884029679e-06 2.1187364680892125e-05 1.2655285007151014e-05 4.9130602258832451e-07
leaf_weight=10.000000000000005 5.9999999999999982 4.9999999999999991 10.999999999999998 6.9999999999999991 15.000000000000002 6 80 6.9999999999999991 10.999999999999998 328
leaf_count=10 6 5 11 7 15 6 80 7 11 328
internal_value=0 3.28503e-06 2.87078e-07 -5.17779e-06 -2.39307e-07 -1.00042e-05 2.64049e-08 4.88715e-06 4.98632e-07 -3.66744e-07
internal_weight=0 33 28 17 453 12 441 33 26 408
internal_count=486 33 28 17 453 12 441 33 26 408
is_linear=0
shrinkage=0.1


Tree=785
num_leaves=11
num_cat=0
split_feature=80 39 72 88 6 1 83 21 5 31
split_gain=3.74253e-08 1.65857e-07 1.77651e-07 2.37406e-07 2.21458e-07 2.04082e-07 3.80459e-07 2.17998e-07 1.99352e-07 1.64642e-07
threshold=2.740319461670996 6.1333392218200169 5.272986409146923 3.3497501700808394 3.6105525490912482 2.9174053685313028 3.4334666422309414 4.317399216745252 2.602003343538398 2.1383330595080277
decision_type=2 2 2 2 2 2 2 2 2 2
left_child=9 -2 5 4 -4 6 -3 -7 -5 -1
right_child=1 2 3 8 -6 7 -8 -9 -10 -11
leaf_value=-3.0651360243784716e-06 1.5926378819131059e-05 -1.6983259729386192e-05 6.9239031290635484e-07 1.3013538269164699e-05 3.0455352389253674e-05 4.2608197432514316e-06 5.2023838489648461e-06 -1.003509386237056e-05 -7.6007034616598875e-07 4.0472586903533009e-06
leaf_weight=52 5.9999999999999991 26 4.9999999999999982 10.999999999999998 5 32 10.999999999999998 15.999999999999998 235 87
leaf_count=52 6 26 5 11 5 32 11 16 235 87
internal_value=0 -5.55402e-07 -8.45404e-07 4.69809e-07 1.55739e-05 -4.80652e-06 -1.03875e-05 -5.04485e-07 -1.44177e-07 1.38651e-06
internal_weight=0 347 341 256 10 85 37 48 246 139
internal_count=486 347 341 256 10 85 37 48 246 139
is_linear=0
shrinkage=0.1


Tree=786
num_leaves=11
num_cat=0
split_feature=68 84 12 71 74 81 21 8 22 59
split_gain=3.56089e-08 3.01842e-07 1.65157e-07 2.41023e-07 1.87442e-07 8.74057e-08 2.40783e-07 4.09089e-07 2.58864e-07 1.27997e-07
threshold=1.0397207708399181 3.6505739029280164 4.9521436163533474 1.0397207708399181 2.3937458713910238 1.8688348091416842 1.0397207708399181 2.9430520157250784 4.1891953942678901 5.2148766803949993
decision_type=2 2 2 2 2 2 2 2 2 2
left_child=1 2 3 4 -1 6 -2 9 -9 -8
right_child=5 -3 -4 -5 -6 -7 7 8 -10 -11
leaf_value=2.7259301932644998e-05 6.7810215938379771e-06 2.3475163561670343e-05 -1.4543018011993679e-05 -9.1770397375512406e-06 1.9086148946761176e-06 3.1449508938807936e-07 -1.4025776545167904e-05 1.3394085536333478e-05 -7.0865408680994597e-06 -3.6652888229582456e-05
leaf_weight=5.0000000000000053 15.999999999999998 5.9999999999999991 6.9999999999999991 8.9999999999999982 7 391 4.9999999999999982 7.9999999999999991 27 5
leaf_count=5 16 6 7 9 7 391 5 8 27 5
internal_value=0 3.12098e-06 -1.24063e-06 3.1935e-06 1.24714e-05 -2.34764e-07 -3.75542e-06 -7.50172e-06 -2.40525e-06 -2.53393e-05
internal_weight=0 34 28 21 12 452 61 45 35 10
internal_count=486 34 28 21 12 452 61 45 35 10
is_linear=0
shrinkage=0.1


Tree=787
num_leaves=11
num_cat=0
split_feature=12 22 22 31 54 32 32 31 102 10
split_gain=3.2746e-08 5.13002e-08 2.35034e-07 2.43862e-07 2.25947e-07 1.50177e-07 1.46143e-07 2.0057e-07 8.97643e-08 8.42914e-08
threshold=8.1140056879395495 6.9304942881815519 6.7821689169642818 4.9593358439305844 5.192895118684441 6.843747675870822 6.8987099522022222 5.1119152036137292 3.9607678160667752 4.317399216745252
decision_type=2 2 2 2 2 2 2 2 2 2
left_child=1 2 5 -4 -5 8 7 -3 -1 -8
right_child=-2 6 3 4 -6 -7 9 -9 -10 -11
leaf_value=-2.2073362091701936e-07 5.9758392126241235e-06 5.0147180445492274e-07 1.0104636608839913e-06 3.6607101501431328e-05 7.823922548292709e-06 -1.5949335920595332e-05 -8.5655238763138183e-06 -2.7823078562505538e-05 1.1216345696344174e-05 5.2505698838157352e-07
leaf_weight=349 8.9999999999999982 4.9999999999999982 14.000000000000002 4.9999999999999982 6 5.9999999999999991 11.999999999999998 5 6.9999999999999991 68
leaf_count=349 9 5 14 5 6 6 12 5 7 68
internal_value=0 -1.12752e-07 3.87359e-07 9.76502e-06 2.09072e-05 -2.6027e-07 -2.26323e-06 -1.36608e-05 4.15277e-09 -8.3853e-07
internal_weight=0 477 387 25 11 362 90 10 356 80
internal_count=486 477 387 25 11 362 90 10 356 80
is_linear=0
shrinkage=0.1


Tree=788
num_leaves=11
num_cat=0
split_feature=43 63 94 16 74 36 10 55 85 18
split_gain=3.30895e-08 1.12833e-07 1.11944e-07 3.01552e-07 2.26752e-07 2.20393e-07 1.14822e-07 1.72847e-07 1.97144e-07 1.6562e-07
threshold=1.8688348091416844 2.1383330595080281 1.0397207708399181 1.2424533248940004 2.0126758453675753 1.4978661367769956 3.1345481418531311 4.9593358439305844 4.912546742554059 3.5972184255501678
decision_type=2 2 2 2 2 2 2 2 2 2
left_child=2 -2 3 4 -1 -5 7 8 -4 -8
right_child=1 -3 6 5 -6 -7 9 -9 -10 -11
leaf_value=4.1546388487745357e-06 -5.058327140853673e-06 1.9477653875863711e-07 -2.7393329549643873e-06 -2.0870470252702943e-05 2.7963869160885225e-05 5.3147520399458399e-06 1.5430886596732309e-05 -2.0199348218739035e-05 1.2923819869886049e-05 7.4049562981875197e-07
leaf_weight=8.0000000000000053 48 276 75 4.9999999999999991 7.9999999999999991 8.9999999999999982 9.9999999999999982 4.9999999999999991 8.9999999999999982 33
leaf_count=8 48 276 75 5 8 9 10 5 9 33
internal_value=0 -5.83461e-07 1.16692e-06 6.68095e-06 1.60593e-05 -4.03711e-06 -8.6266e-08 -2.13632e-06 -1.06114e-06 4.15687e-06
internal_weight=0 324 162 30 16 14 132 89 84 43
internal_count=486 324 162 30 16 14 132 89 84 43
is_linear=0
shrinkage=0.1


Tree=789
num_leaves=11
num_cat=0
split_feature=68 84 44 4 44 9 81 8 64 22
split_gain=3.16683e-08 2.25854e-07 1.35736e-07 2.28651e-07 1.34297e-07 1.34257e-07 6.96529e-08 1.90148e-07 3.8863e-07 2.70507e-07
threshold=1.0397207708399181 3.6505739029280164 4.0773937863842606 1.0397207708399181 3.8064155152036787 6.2970669235549011 1.8688348091416842 2.9430520157250784 3.1345481418531311 4.1891953942678901
decision_type=2 2 2 2 2 2 2 2 2 2
left_child=1 2 3 4 -1 -5 7 8 -2 -9
right_child=6 -3 -4 5 -6 -7 -8 9 -10 -11
leaf_value=-2.0856071887465061e-05 -2.6601445824780957e-05 2.0549942981536639e-05 1.410338572895853e-05 1.8879269991884945e-05 3.5711204873223325e-08 -4.2946136090904471e-06 2.689234282053427e-07 1.1008401733837067e-05 3.690441485559859e-06 -5.5329470452024598e-06
leaf_weight=8.0000000000000053 9.0000000000000018 5.9999999999999991 4.9999999999999991 4.9999999999999982 4.9999999999999991 5 391 14.999999999999998 7.9999999999999991 29
leaf_count=8 9 6 5 5 5 5 391 15 8 29
internal_value=0 2.94323e-06 -8.29636e-07 -4.07595e-06 -1.28208e-05 7.29233e-06 -2.21393e-07 -3.36424e-06 -1.23464e-05 1.06149e-07
internal_weight=0 34 28 23 13 10 452 61 17 44
internal_count=486 34 28 23 13 10 452 61 17 44
is_linear=0
shrinkage=0.1


Tree=790
num_leaves=11
num_cat=0
split_feature=88 77 78 46 37 92 5 0 63 66
split_gain=3.16307e-08 2.36742e-07 1.14297e-07 2.18887e-07 1.56254e-07 1.71946e-07 1.43174e-07 1.26399e-07 9.53811e-08 1.91023e-07
threshold=3.2180751841847144 3.0201273556387074 3.2180751841847144 1.2424533248940004 1.4978661367769956 3.8703322009586212 4.0163424379838117 3.7132745361986528 3.1984648276080736 3.0433873634561537
decision_type=2 2 2 2 2 2 2 2 2 2
left_child=1 2 4 -4 6 -6 -1 -5 9 -2
right_child=8 -3 3 7 5 -7 -8 -9 -10 -11
leaf_value=2.5576703350491293e-06 -1.5668709722251832e-06 2.0624528466820873e-05 -8.1316635866338968e-06 2.7431876224000009e-05 -2.3418191121891142e-05 -3.4776665188474002e-06 -1.0645092839291062e-05 7.1637391442891392e-06 6.9213666685859953e-07 -1.5437179023468743e-05
leaf_weight=94 102 5.9999999999999991 6.0000000000000027 4.9999999999999991 4.9999999999999991 32 8.9999999999999982 7.9999999999999991 208 10.999999999999998
leaf_count=94 102 6 6 5 5 32 9 8 208 11
internal_value=0 1.12524e-06 3.89423e-07 7.66733e-06 -5.98294e-07 -6.17233e-06 1.40403e-06 1.49592e-05 -5.78397e-07 -2.91708e-06
internal_weight=0 165 159 19 140 37 103 13 321 113
internal_count=486 165 159 19 140 37 103 13 321 113
is_linear=0
shrinkage=0.1


Tree=791
num_leaves=11
num_cat=0
split_feature=73 66 51 63 71 3 5 69 38 67
split_gain=3.22292e-08 1.17893e-07 1.79079e-07 1.7339e-07 1.99932e-07 1.71794e-07 2.14402e-07 1.69408e-07 1.28275e-07 1.10651e-07
threshold=2.524928003624769 1.2424533248940004 1.8688348091416842 2.524928003624769 1.0397207708399181 2.602003343538398 3.6105525490912482 8.0003458967024184 2.191013317336941 2.4414009612931857
decision_type=2 2 2 2 2 2 2 2 2 2
left_child=-1 3 9 4 -2 6 -4 -6 -5 -3
right_child=1 2 5 8 7 -7 -8 -9 -10 -11
leaf_value=9.6558473045445118e-07 2.7943544773734177e-06 2.3695312520430893e-05 -1.9297582475701347e-05 -1.141724020878124e-05 -3.4916897420771426e-05 2.0906147847199467e-07 6.063900800654665e-06 -9.9937980242733218e-06 6.4904791543085601e-06 2.6571996568236499e-06
leaf_weight=202 4.9999999999999991 4.9999999999999982 9.9999999999999982 6.0000000000000027 4.9999999999999982 225 4.9999999999999991 6 11.999999999999998 5
leaf_count=202 5 5 10 6 5 225 5 6 12 5
internal_value=0 -6.86789e-07 6.45803e-08 -6.21156e-06 -1.3786e-05 -4.8174e-07 -1.08438e-05 -2.13225e-05 5.21239e-07 1.31763e-05
internal_weight=0 284 250 34 16 240 15 11 18 10
internal_count=486 284 250 34 16 240 15 11 18 10
is_linear=0
shrinkage=0.1


Tree=792
num_leaves=11
num_cat=0
split_feature=54 54 32 40 96 22 44 69 15 92
split_gain=3.0522e-08 1.38717e-07 1.59781e-07 1.99047e-07 1.18977e-07 1.19088e-07 1.48637e-07 2.07264e-07 1.17638e-07 1.02212e-07
threshold=1.7005986908310777 2.1383330595080281 4.6913057964583187 2.740319461670996 4.6150714996361826 5.1984817689835037 1.4978661367769956 6.6346324944835127 5.1445790166580574 4.4425820475484112
decision_type=2 2 2 2 2 2 2 2 2 2
left_child=4 2 3 -2 5 6 -1 -8 -4 -7
right_child=1 -3 8 -5 -6 9 7 -9 -10 -11
leaf_value=4.0855293434560738e-07 -3.0399747023087291e-06 1.2223317335404823e-07 8.0162314048948213e-06 -2.8798255758980906e-05 1.4005172777485445e-05 -1.7010659568465286e-05 -1.9386378491097796e-06 2.10044586020154e-05 -8.2529501742101272e-06 -1.9395460236005925e-06
leaf_weight=80 6.0000000000000018 329 8.0000000000000018 6 6.9999999999999991 6.0000000000000027 6.9999999999999991 8.9999999999999982 9.9999999999999982 18
leaf_count=80 6 329 8 6 7 6 7 9 10 18
internal_value=0 -4.71349e-07 -6.98097e-06 -1.59191e-05 1.3324e-06 5.93151e-07 2.16827e-06 1.09669e-05 -1.0222e-06 -5.70732e-06
internal_weight=0 359 30 12 127 120 96 16 18 24
internal_count=486 359 30 12 127 120 96 16 18 24
is_linear=0
shrinkage=0.1


Tree=793
num_leaves=11
num_cat=0
split_feature=89 37 84 8 66 41 27 41 27 21
split_gain=2.80484e-08 1.09233e-07 2.99678e-07 1.81941e-07 1.04861e-07 2.12249e-07 1.01939e-07 2.37506e-07 2.06934e-07 1.98224e-07
threshold=7.5373890202266365 2.4414009612931857 4.9052473428434826 2.5619819897016298 4.317399216745252 4.7621374077860157 3.1132683346437333 4.5538214868689204 3.4175922930736511 3.4334666422309414
decision_type=2 2 2 2 2 2 2 2 2 2
left_child=1 -1 3 -3 5 -4 7 -2 -8 -10
right_child=6 2 4 -5 -6 -7 8 -9 9 -11
leaf_value=4.0595884631609529e-07 1.6654196425296616e-06 -2.6228472597722421e-05 5.6975584266183417e-06 -6.4086062510878863e-06 1.1463123585997437e-05 -1.9536316685844212e-05 -1.0354314545111267e-05 1.8694670224148367e-05 1.8221917586439909e-05 -2.4202989840568024e-07
leaf_weight=130 91 8.0000000000000018 10.000000000000002 10.999999999999998 7.9999999999999991 4.9999999999999991 20 8.9999999999999982 5.9999999999999991 188
leaf_count=130 91 8 10 11 8 5 20 9 6 188
internal_value=0 -1.02645e-06 -5.46008e-06 -1.47538e-05 2.21735e-06 -2.71373e-06 5.62257e-07 3.19805e-06 -6.69422e-07 3.2902e-07
internal_weight=0 172 42 19 23 15 314 100 214 194
internal_count=486 172 42 19 23 15 314 100 214 194
is_linear=0
shrinkage=0.1


Tree=794
num_leaves=9
num_cat=0
split_feature=80 63 63 68 78 73 8 82
split_gain=2.91182e-08 4.94288e-08 9.73328e-08 1.00793e-07 8.64183e-08 5.98798e-08 3.60325e-08 2.33762e-08
threshold=6.1224543346576867 6.2102047658780704 6.0330833463930107 5.9532129741149253 5.2468024163882658 6.2971076241477952 5.272986409146923 7.6824671561055489
decision_type=2 2 2 2 2 2 2 2
left_child=1 2 3 4 -1 7 -4 -3
right_child=-2 5 6 -5 -6 -7 -8 -9
leaf_value=2.4024097211620415e-07 -6.9232306638393012e-06 5.2517619042191631e-06 -3.8638140176772144e-06 1.1232517169901258e-05 -5.9290627130318775e-06 1.2475984928122281e-05 -1.5869235503487286e-05 -4.4180278382555112e-06
leaf_weight=421 5.9999999999999991 5.0000000000000018 4.9999999999999982 7.9999999999999991 24 6.9999999999999991 5 5
leaf_count=421 6 5 5 8 24 7 5 5
internal_value=0 8.65404e-08 -1.07907e-07 1.07515e-07 -9.24855e-08 5.38239e-06 -9.86652e-06 4.16867e-07
internal_weight=0 480 463 453 445 17 10 10
internal_count=486 480 463 453 445 17 10 10
is_linear=0
shrinkage=0.1


Tree=795
num_leaves=6
num_cat=0
split_feature=12 45 37 37 44
split_gain=2.80771e-08 4.5286e-08 5.78979e-08 5.51387e-08 4.44926e-08
threshold=8.1140056879395495 7.6871458025129282 5.620374610039355 5.525445002686836 5.7300786997157873
decision_type=2 2 2 2 2
left_child=1 2 3 4 -1
right_child=-2 -3 -4 -5 -6
leaf_value=-1.7458491306208339e-07 5.5334449926805173e-06 -8.7373225483133872e-06 9.0323048685344729e-06 -8.3607429928633802e-06 5.193756449983767e-06
leaf_weight=440 8.9999999999999982 5.9999999999999991 6.9999999999999991 7.9999999999999991 15.999999999999998
leaf_count=440 9 6 7 8 16
internal_value=0 -1.04405e-07 5.56886e-09 -1.3061e-07 1.37779e-08
internal_weight=0 477 471 464 456
internal_count=486 477 471 464 456
is_linear=0
shrinkage=0.1


Tree=796
num_leaves=11
num_cat=0
split_feature=23 45 21 23 13 40 1 48 28 40
split_gain=2.63008e-08 1.86169e-07 2.26833e-07 1.21253e-07 1.67904e-07 1.57243e-07 1.34325e-07 1.14543e-07 1.11253e-07 9.12351e-08
threshold=1.8688348091416844 2.649158683274019 4.007167868649713 2.1383330595080281 2.3502401828962087 2.740319461670996 1.5890269151739729 3.2951505240983434 3.8499212036984933 2.740319461670996
decision_type=2 2 2 2 2 2 2 2 2 2
left_child=-1 2 9 7 5 -5 -6 -3 -4 -2
right_child=1 3 8 4 6 -7 -8 -9 -10 -11
leaf_value=1.0500618331832357e-06 -5.5893915227248448e-06 -1.5728445194124817e-05 -4.4865299605589829e-06 -3.5789700632449228e-06 1.1251788855588529e-05 1.3133716148379455e-05 -5.7131173344174847e-07 1.32746016398804e-06 -2.2755639474780767e-05 1.2096929131075738e-05
leaf_weight=160 7.0000000000000018 8.9999999999999982 4.9999999999999991 8.0000000000000018 9.9999999999999982 19 246 6.9999999999999991 9.9999999999999982 5
leaf_count=160 7 9 5 8 10 19 246 7 10 5
internal_value=0 -5.15368e-07 -8.46778e-06 2.02743e-07 6.81569e-07 8.18181e-06 -1.09472e-07 -8.26649e-06 -1.66659e-05 1.77991e-06
internal_weight=0 326 27 299 283 27 256 16 15 12
internal_count=486 326 27 299 283 27 256 16 15 12
is_linear=0
shrinkage=0.1


Tree=797
num_leaves=11
num_cat=0
split_feature=0 49 41 44 60 14 56 2 65 70
split_gain=2.79863e-08 1.43129e-07 1.23486e-07 1.77631e-07 1.31115e-07 1.2961e-07 7.91527e-08 6.7426e-08 1.15281e-07 1.06979e-07
threshold=1.5890269151739729 4.8597823571876004 4.7621374077860157 4.3943729409690677 3.2951505240983434 3.9701138825728512 2.1383330595080281 1.5890269151739729 2.649158683274019 2.524928003624769
decision_type=2 2 2 2 2 2 2 2 2 2
left_child=2 -2 3 4 5 -1 -5 8 -3 -9
right_child=1 7 -4 6 -6 -7 -8 9 -10 -11
leaf_value=9.9266307502364813e-07 1.5667285242670915e-05 -2.6272453396813934e-06 -1.6925822128541769e-05 1.6625515075117751e-05 -1.4340697776383928e-05 -1.2895186961259243e-05 2.4472636141581463e-06 -4.2268294992352044e-06 1.2633498243468983e-05 5.0659425768611264e-07
leaf_weight=42 5.9999999999999991 9.0000000000000018 4.9999999999999991 6.9999999999999991 8.9999999999999982 7.9999999999999991 8.9999999999999982 56 10.999999999999998 324
leaf_count=42 6 9 5 7 9 8 9 56 11 324
internal_value=0 3.3685e-07 -1.70951e-06 -6.95093e-07 -3.22942e-06 -1.22939e-06 8.65025e-06 1.06893e-07 5.76616e-06 -1.90963e-07
internal_weight=0 406 80 75 59 50 16 400 20 380
internal_count=486 406 80 75 59 50 16 400 20 380
is_linear=0
shrinkage=0.1


Tree=798
num_leaves=11
num_cat=0
split_feature=89 95 8 96 89 40 34 64 22 8
split_gain=2.65051e-08 9.56064e-08 3.72454e-07 2.08149e-07 1.01456e-07 9.65208e-08 8.00486e-08 2.04508e-07 1.04408e-07 1.26579e-07
threshold=7.5373890202266365 5.081385075233106 3.4960482137079443 2.9430520157250784 7.4655686383957578 3.0433873634561537 1.2424533248940004 0.89587973461402759 3.2180751841847144 1.0397207708399181
decision_type=2 2 2 2 2 2 2 2 2 2
left_child=1 3 -3 4 -1 -4 7 -2 -8 -10
right_child=6 2 5 -5 -6 -7 8 -9 9 -11
leaf_value=-3.3211022055888545e-07 -3.9781818183352389e-06 -2.4210881929320738e-05 1.4256591384764764e-05 1.9922388892155143e-05 -1.4825471826043213e-05 -3.934847609343705e-06 -1.4267196856962984e-05 1.3536455868840375e-05 8.9492948632141644e-06 -2.0879061189144775e-07
leaf_weight=142 12.000000000000002 8.0000000000000018 4.9999999999999982 4.9999999999999991 4.9999999999999991 7 4.9999999999999991 14.999999999999998 15.999999999999998 266
leaf_count=142 12 8 5 5 5 7 5 15 16 266
internal_value=0 -9.97809e-07 -7.4974e-06 -1.42599e-07 -8.25082e-07 3.64492e-06 5.4657e-07 5.75217e-06 5.68447e-08 3.10817e-07
internal_weight=0 172 20 152 147 12 314 27 287 282
internal_count=486 172 20 152 147 12 314 27 287 282
is_linear=0
shrinkage=0.1


Tree=799
num_leaves=11
num_cat=0
split_feature=50 50 5 47 54 24 27 53 57 68
split_gain=2.49443e-08 1.59985e-07 1.61181e-07 1.46641e-07 2.10313e-07 1.44554e-07 1.63604e-07 1.43325e-07 1.33596e-07 3.50552e-07
threshold=4.3693677306817369 4.6539149966267201 5.5093801410486734 4.3693677306817369 5.0172579074712669 4.8597823571876004 4.6346818562128229 5.0172579074712669 4.2413008733233104 4.3882378946731615
decision_type=2 2 2 2 2 2 2 2 2 2
left_child=3 2 7 8 -5 -3 -7 -2 -1 -10
right_child=1 5 -4 4 -6 6 -8 -9 9 -11
leaf_value=-2.8441362873298295e-07 6.2642711782245863e-06 1.3966914411867038e-05 -1.5886617223838006e-06 -2.1119286429893684e-05 -1.6325979282151417e-06 -1.5674284634314974e-05 -5.1924205693537195e-07 2.4921012767923197e-05 2.8245347372527842e-05 -1.8035497553434902e-06
leaf_weight=336 10.000000000000005 5.9999999999999991 10.999999999999998 8.0000000000000018 18 7.9999999999999991 65 6.9999999999999991 6.0000000000000027 10.999999999999998
leaf_count=336 10 6 11 8 18 8 65 7 6 11
internal_value=0 1.34833e-06 7.84338e-06 -3.80662e-07 -7.6285e-06 -9.53715e-07 -2.18007e-06 1.39465e-05 1.53173e-07 8.80194e-06
internal_weight=0 107 28 379 26 79 73 17 353 17
internal_count=486 107 28 379 26 79 73 17 353 17
is_linear=0
shrinkage=0.1


end of trees

feature_importances:
Column_94=136
Column_70=127
Column_15=121
Column_84=121
Column_11=119
Column_85=117
Column_92=114
Column_93=112
Column_1=110
Column_21=108
Column_10=105
Column_71=105
Column_49=103
Column_90=103
Column_81=102
Column_95=101
Column_34=100
Column_52=99
Column_53=98
Column_89=98
Column_41=97
Column_68=97
Column_74=96
Column_38=93
Column_22=92
Column_60=90
Column_96=90
Column_7=88
Column_73=87
Column_75=86
Column_4=85
Column_36=84
Column_40=84
Column_54=84
Column_97=84
Column_5=83
Column_80=82
Column_31=80
Column_44=80
Column_64=79
Column_6=78
Column_33=78
Column_62=78
Column_14=77
Column_18=77
Column_20=77
Column_63=77
Column_66=77
Column_61=76
Column_83=76
Column_12=75
Column_32=75
Column_0=74
Column_24=74
Column_37=74
Column_58=74
Column_3=73
Column_50=73
Column_86=72
Column_13=71
Column_8=70
Column_42=69
Column_99=69
Column_25=67
Column_16=66
Column_46=66
Column_76=65
Column_2=64
Column_29=64
Column_30=64
Column_65=64
Column_17=63
Column_23=63
Column_98=63
Column_43=62
Column_35=61
Column_72=61
Column_87=61
Column_56=59
Column_28=58
Column_78=58
Column_69=57
Column_91=57
Column_45=55
Column_48=55
Column_51=55
Column_79=53
Column_19=52
Column_59=51
Column_9=50
Column_47=50
Column_55=50
Column_27=49
Column_26=45
Column_82=45
Column_39=43
Column_88=43
Column_57=36
Column_102=33
Column_67=28
Column_77=27
Column_101=25
Column_100=16

parameters:
[boosting: gbdt]
[objective: regression]
[metric: l1]
[tree_learner: serial]
[device_type: cpu]
[data_sample_strategy: bagging]
[data: ]
[valid: ]
[num_iterations: 800]
[learning_rate: 0.1]
[num_leaves: 11]
[num_threads: 16]
[seed: 0]
[deterministic: 0]
[force_col_wise: 0]
[force_row_wise: 0]
[histogram_pool_size: -1]
[max_depth: 5]
[min_data_in_leaf: 5]
[min_sum_hessian_in_leaf: 0.001]
[bagging_fraction: 1]
[pos_bagging_fraction: 1]
[neg_bagging_fraction: 1]
[bagging_freq: 0]
[bagging_seed: 3]
[feature_fraction: 1]
[feature_fraction_bynode: 1]
[feature_fraction_seed: 2]
[extra_trees: 0]
[extra_seed: 6]
[early_stopping_round: 0]
[first_metric_only: 0]
[max_delta_step: 0]
[lambda_l1: 0]
[lambda_l2: 0]
[linear_lambda: 0]
[min_gain_to_split: 0]
[drop_rate: 0.1]
[max_drop: 50]
[skip_drop: 0.5]
[xgboost_dart_mode: 0]
[uniform_drop: 0]
[drop_seed: 4]
[top_rate: 0.2]
[other_rate: 0.1]
[min_data_per_group: 100]
[max_cat_threshold: 32]
[cat_l2: 10]
[cat_smooth: 10]
[max_cat_to_onehot: 4]
[top_k: 20]
[monotone_constraints: ]
[monotone_constraints_method: basic]
[monotone_penalty: 0]
[feature_contri: ]
[forcedsplits_filename: ]
[refit_decay_rate: 0.9]
[cegb_tradeoff: 1]
[cegb_penalty_split: 0]
[cegb_penalty_feature_lazy: ]
[cegb_penalty_feature_coupled: ]
[path_smooth: 0]
[interaction_constraints: ]
[verbosity: -1]
[saved_feature_importance_type: 0]
[use_quantized_grad: 0]
[num_grad_quant_bins: 4]
[quant_train_renew_leaf: 0]
[stochastic_rounding: 1]
[linear_tree: 0]
[max_bin: 255]
[max_bin_by_feature: ]
[min_data_in_bin: 3]
[bin_construct_sample_cnt: 200000]
[data_random_seed: 1]
[is_enable_sparse: 1]
[enable_bundle: 1]
[use_missing: 1]
[zero_as_missing: 0]
[feature_pre_filter: 1]
[pre_partition: 0]
[two_round: 0]
[header: 0]
[label_column: ]
[weight_column: ]
[group_column: ]
[ignore_column: ]
[categorical_feature: ]
[forcedbins_filename: ]
[precise_float_parser: 0]
[parser_config_file: ]
[objective_seed: 5]
[num_class: 1]
[is_unbalance: 0]
[scale_pos_weight: 1]
[sigmoid: 1]
[boost_from_average: 1]
[reg_sqrt: 0]
[alpha: 0.9]
[fair_c: 1]
[poisson_max_delta_step: 0.7]
[tweedie_variance_power: 1.5]
[lambdarank_truncation_level: 30]
[lambdarank_norm: 1]
[label_gain: ]
[lambdarank_position_bias_regularization: 0]
[eval_at: ]
[multi_error_top_k: 1]
[auc_mu_weights: ]
[num_machines: 1]
[local_listen_port: 12400]
[time_out: 120]
[machine_list_filename: ]
[machines: ]
[gpu_platform_id: -1]
[gpu_device_id: -1]
[gpu_use_dp: 0]
[num_gpu: 1]

end of parameters

pandas_categorical:null
